Packet ID,Enqueue Time (in s),Dequeue Time (in s),Dropped?,Drop Reason,Freezes,Tx INTF,Rx INTF
2000049176432_Node0_Node8_Zero,2000.612619,2000.749532,1,RetryLimit,3851,6.557819625e-14,nan
2000053270362_Node0_Node8_Zero,2000.612619,2000.749532,1,RetryLimit,3851,6.557819625e-14,nan
2000057370971_Node0_Node8_Zero,2000.614689,2000.751585,0,,3763,8.738360007999999e-13,0
2000061469011_Node0_Node8_Zero,2000.614689,2000.751585,0,,3763,8.738360007999999e-13,0
2000065563420_Node0_Node8_Zero,2000.622605,2000.757829,0,,3734,9.313910964327305e-13,0
2000069664595_Node0_Node8_Zero,2000.622605,2000.757829,0,,3734,9.313910964327305e-13,0
2000073762362_Node0_Node8_Zero,2000.626597,2000.759907,0,,3647,9.313910964327305e-13,0
2000077857519_Node0_Node8_Zero,2000.626597,2000.759907,0,,3647,9.313910964327305e-13,0
2000081951894_Node0_Node8_Zero,2000.628627,2000.761807,0,,3559,8.32652583515861e-13,0
2000086050763_Node0_Node8_Zero,2000.628627,2000.761807,0,,3559,8.32652583515861e-13,0
2000090148079_Node0_Node8_Zero,2000.630523,2000.763777,0,,3471,8.470248288834937e-13,5.745426437343601e-14
2000094243675_Node0_Node8_Zero,2000.630523,2000.763777,0,,3471,8.470248288834937e-13,5.745426437343601e-14
2000098340856_Node0_Node8_Zero,2000.632593,2000.765827,0,,3383,8.545244566249044e-13,0
2000102442941_Node0_Node8_Zero,2000.632593,2000.765827,0,,3383,8.545244566249044e-13,0
2000106545617_Node0_Node8_Zero,2000.634483,2000.767757,0,,3295,1.7413855563273053e-13,9.795293754341093e-14
2000110643985_Node0_Node8_Zero,2000.634483,2000.767757,0,,3295,1.7413855563273053e-13,9.795293754341093e-14
2000114746839_Node0_Node8_Zero,2000.636473,2000.769667,0,,3208,8.507194831776039e-13,0
2000118842576_Node0_Node8_Zero,2000.636473,2000.769667,0,,3208,8.507194831776039e-13,0
2000122945524_Node0_Node8_Zero,2000.638503,2000.771697,0,,3120,9.453867930230413e-14,6.050475475347465e-14
2000127042285_Node0_Node8_Zero,2000.638503,2000.771697,0,,3120,9.453867930230413e-14,6.050475475347465e-14
2000131141672_Node0_Node8_Zero,2000.640623,2000.773627,0,,3032,7.992225864e-13,0
2000135238741_Node0_Node8_Zero,2000.640623,2000.773627,0,,3032,7.992225864e-13,0
2000139339110_Node0_Node8_Zero,2000.644578,2000.775537,0,,2945,9.313910964327305e-13,0
2000143434172_Node0_Node8_Zero,2000.644578,2000.775537,0,,2945,9.313910964327305e-13,0
2000147533501_Node0_Node8_Zero,2000.646628,2000.777647,0,,2856,8.095812396188844e-13,0
2000151632884_Node0_Node8_Zero,2000.646628,2000.777647,0,,2856,8.095812396188844e-13,0
2000155732722_Node0_Node8_Zero,2000.648698,2000.779517,0,,2767,9.72719158249044e-14,6.225402612793882e-14
2000159834832_Node0_Node8_Zero,2000.648698,2000.779517,0,,2767,9.72719158249044e-14,6.225402612793882e-14
2000163938000_Node0_Node8_Zero,2000.650822,2000.783389,0,,2678,8.087358037144109e-13,0
2000168033233_Node0_Node8_Zero,2000.650822,2000.783389,0,,2678,8.087358037144109e-13,0
2000172128295_Node0_Node8_Zero,2000.652842,2000.789866,0,,2740,7.572525408e-13,0
2000176222023_Node0_Node8_Zero,2000.652842,2000.789866,0,,2740,7.572525408e-13,0
2000180324261_Node0_Node8_Zero,2000.654892,2000.791896,0,,2652,4.599307391241669e-14,3.193963466140048e-14
2000184418370_Node0_Node8_Zero,2000.654892,2000.791896,0,,2652,4.599307391241669e-14,3.193963466140048e-14
2000188516778_Node0_Node8_Zero,2000.656842,2000.794006,0,,2563,7.572525408e-13,0
2000192619435_Node0_Node8_Zero,2000.656842,2000.794006,0,,2563,7.572525408e-13,0
2000196719063_Node0_Node8_Zero,2000.658752,2000.796207,0,,2475,7.992225864e-13,2.9145865e-14
2000200821061_Node0_Node8_Zero,2000.658752,2000.796207,0,,2475,7.992225864e-13,2.9145865e-14
2000204917061_Node0_Node8_Zero,2000.660682,2000.798297,0,,2386,7.572525408e-13,0
2000209019185_Node0_Node8_Zero,2000.660682,2000.798297,0,,2386,7.572525408e-13,0
2000213115507_Node0_Node8_Zero,2000.662592,2000.800367,0,,2297,8.497726924729342e-13,0
2000217210176_Node0_Node8_Zero,2000.662592,2000.800367,0,,2297,8.497726924729342e-13,0
2000221304673_Node0_Node8_Zero,2000.664562,2000.802437,0,,2208,5.167543652087891e-14,3.5885719806165913e-14
2000225402923_Node0_Node8_Zero,2000.664562,2000.802437,0,,2208,5.167543652087891e-14,3.5885719806165913e-14
2000229501755_Node0_Node8_Zero,2000.666472,2000.804347,0,,2119,8.087358037144109e-13,0
2000233603346_Node0_Node8_Zero,2000.666472,2000.804347,0,,2119,8.087358037144109e-13,0
2000237696980_Node0_Node8_Zero,2000.668402,2000.806417,0,,2031,8.492563407011413e-13,5.88824319367304e-14
2000241800025_Node0_Node8_Zero,2000.668402,2000.806417,0,,2031,8.492563407011413e-13,5.88824319367304e-14
2000245896291_Node0_Node8_Zero,2000.670292,2000.808527,0,,1943,7.572525408e-13,0
2000249998078_Node0_Node8_Zero,2000.670292,2000.808527,0,,1943,7.572525408e-13,0
2000254098146_Node0_Node8_Zero,2000.672302,2000.812539,0,,1854,5.166535441230393e-14,3.587871834187773e-14
2000258201024_Node0_Node8_Zero,2000.672302,2000.812539,0,,1854,5.166535441230393e-14,3.587871834187773e-14
2000262302977_Node0_Node8_Zero,2000.674172,2000.814489,0,,1766,8.095554294209324e-13,0
2000266403509_Node0_Node8_Zero,2000.674172,2000.814489,0,,1766,8.095554294209324e-13,0
2000270502844_Node0_Node8_Zero,2000.676122,2000.816619,0,,1678,7.572525408e-13,0
2000274596884_Node0_Node8_Zero,2000.676122,2000.816619,0,,1678,7.572525408e-13,0
2000278697175_Node0_Node8_Zero,2000.678132,2000.818769,0,,1590,7.572525408e-13,0
2000282791054_Node0_Node8_Zero,2000.678132,2000.818769,0,,1590,7.572525408e-13,0
2000286889935_Node0_Node8_Zero,2000.680002,2000.820659,0,,1501,7.572525408e-13,3.6327771856466725e-14
2000290991708_Node0_Node8_Zero,2000.680002,2000.820659,0,,1501,7.572525408e-13,3.6327771856466725e-14
2000295091434_Node0_Node8_Zero,2000.682072,2000.822569,0,,1413,7.572525408e-13,0
2000299191835_Node0_Node8_Zero,2000.682072,2000.822569,0,,1413,7.572525408e-13,0
2000303290296_Node0_Node8_Zero,2000.684202,2000.824559,0,,1325,9.25531884229185e-14,5.923404059066784e-14
2000307388543_Node0_Node8_Zero,2000.684202,2000.824559,0,,1325,9.25531884229185e-14,5.923404059066784e-14
2000311485042_Node0_Node8_Zero,2000.686322,2000.826629,0,,1237,8.498062132138784e-13,0
2000319676602_Node0_Node8_Zero,2000.686322,2000.826629,0,,1237,8.498062132138784e-13,0
2000323772999_Node0_Node8_Zero,2000.688312,2000.828739,0,,1149,9.253761547466361e-14,5.922407390378472e-14
2000331967114_Node0_Node8_Zero,2000.688312,2000.828739,0,,1149,9.253761547466361e-14,5.922407390378472e-14
2000327868095_Node0_Node8_Zero,2000.690282,2000.830809,0,,1061,9.313910964327305e-13,0
2000336068741_Node0_Node8_Zero,2000.690282,2000.830809,0,,1061,9.313910964327305e-13,0
2000340170626_Node0_Node8_Zero,2000.692152,2000.832886,0,,974,8.515599991927328e-13,0
2000348368780_Node0_Node8_Zero,2000.692152,2000.832886,0,,974,8.515599991927328e-13,0
2000344266413_Node0_Node8_Zero,2000.694202,2000.834796,0,,885,9.430669530748677e-14,6.035628499679153e-14
2000352464449_Node0_Node8_Zero,2000.694202,2000.834796,0,,885,9.430669530748677e-14,6.035628499679153e-14
2000356561932_Node0_Node8_Zero,2000.696252,2000.836706,0,,797,8.545244566249044e-13,0
2000364756816_Node0_Node8_Zero,2000.696252,2000.836706,0,,797,8.545244566249044e-13,0
2000360658910_Node0_Node8_Zero,2000.698162,2000.838836,0,,708,9.439341883577158e-14,6.041178805489381e-14
2000368859390_Node0_Node8_Zero,2000.698162,2000.838836,0,,708,9.439341883577158e-14,6.041178805489381e-14
2000372959514_Node0_Node8_Zero,2000.702155,2000.841006,0,,619,8.516459222440662e-13,0
2000377061849_Node0_Node8_Zero,2000.702155,2000.841006,0,,619,8.516459222440662e-13,0
2000381164922_Node0_Node8_Zero,2000.704065,2000.843176,0,,530,9.453867930230413e-14,6.050475475347465e-14
2000385266513_Node0_Node8_Zero,2000.704065,2000.843176,0,,530,9.453867930230413e-14,6.050475475347465e-14
2000389362780_Node0_Node8_Zero,2000.706155,2000.845306,0,,442,8.516501717569927e-13,0
2000393458654_Node0_Node8_Zero,2000.706155,2000.845306,0,,442,8.516501717569927e-13,0
2000397560242_Node0_Node8_Zero,2000.707485,2000.847356,0,,395,9.439762912477324e-14,6.041448263985488e-14
2000401657422_Node0_Node8_Zero,2000.730122,2000.847356,0,,307,9.439762912477324e-14,6.041448263985488e-14
2000405757462_Node0_Node8_Zero,2000.730122,2000.849466,0,,307,8.516572896204196e-13,0
2000409856482_Node0_Node8_Zero,2000.738386,2000.849466,0,,261,8.516572896204196e-13,0
2000413956967_Node0_Node8_Zero,2000.739676,2000.851496,0,,215,9.439783735384866e-14,6.041461590646314e-14
2000418052339_Node0_Node8_Zero,2000.787946,2000.851496,0,,3,9.439783735384866e-14,6.041461590646314e-14
2000422147092_Node0_Node8_Zero,2000.787946,2000.852666,0,,3,8.516503780640687e-13,0
2000426246878_Node0_Node8_Zero,2000.887101,2000.89304,0,,88,3.5752265912785326e-14,2.626697087469942e-14
2000430346536_Node0_Node8_Zero,2000.887101,2000.89304,0,,88,3.5752265912785326e-14,2.626697087469942e-14
2000434443349_Node0_Node8_Zero,2000.891105,2000.896863,0,,88,7.9100954999479e-13,0
2000438538862_Node0_Node8_Zero,2000.891105,2000.896863,0,,88,7.9100954999479e-13,0
2000442633325_Node0_Node8_Zero,2001.000742,2001.002734,0,,0,1.757837449135439e-13,1.044484924208564e-13
2000446732464_Node0_Node8_Zero,2001.000742,2001.002734,0,,0,1.757837449135439e-13,1.044484924208564e-13
2000450832471_Node0_Node8_Zero,2001.010772,2001.012884,0,,0,8.738360007999999e-13,0
2000454932277_Node0_Node8_Zero,2001.010772,2001.012884,0,,0,8.738360007999999e-13,0
2000463132967_Node0_Node8_Zero,2001.020817,2001.026042,0,,47,9.098485054616714e-13,0
2000459031920_Node0_Node8_Zero,2001.02305,2001.028379,0,,48,3.601250466167143e-14,9.203636294020758e-14
2000467236130_Node0_Node8_Zero,2001.031304,2001.033316,0,,0,7.572525408e-13,2.645816669020758e-14
2000471333905_Node0_Node8_Zero,2001.031304,2001.033316,0,,0,7.572525408e-13,2.645816669020758e-14
2000475433721_Node0_Node8_Zero,2001.043951,2001.046102,0,,0,7.939916581680882e-13,0
2000479535819_Node0_Node8_Zero,2001.043951,2001.046102,0,,0,7.939916581680882e-13,0
2000483637286_Node0_Node8_Zero,2001.047898,2001.04995,0,,0,7.939916581680882e-13,0
2000487730933_Node0_Node8_Zero,2001.047898,2001.04995,0,,0,7.939916581680882e-13,0
2000491834101_Node0_Node8_Zero,2001.056985,2001.058917,0,,0,3.589760756239641e-14,2.6373752494821853e-14
2000495927674_Node0_Node8_Zero,2001.056985,2001.058917,0,,0,3.589760756239641e-14,2.6373752494821853e-14
2000500024415_Node0_Node8_Zero,2001.061925,2001.063096,0,,0,7.572525408e-13,0
2000504122737_Node0_Node8_Zero,2001.070959,2001.072091,0,,0,3.199593495992001e-14,2.3507217521573886e-14
2000512322694_Node0_Node8_Zero,2001.079948,2001.081879,0,,0,7.572525408e-13,0
2000508222168_Node0_Node8_Zero,2001.079948,2001.081879,0,,0,7.572525408e-13,0
2000516424291_Node0_Node8_Zero,2001.092632,2001.094563,0,,0,8.738360007999999e-13,0
2000520523312_Node0_Node8_Zero,2001.092632,2001.094563,0,,0,8.738360007999999e-13,0
2000524624439_Node0_Node8_Zero,2001.10131,2001.112842,0,,265,7.572525408e-13,0
2000528718099_Node0_Node8_Zero,2001.10131,2001.112842,0,,265,7.572525408e-13,0
2000532813798_Node0_Node8_Zero,2001.105265,2001.11869,0,,355,7.572525408e-13,9.186125817968423e-14
2000536908930_Node0_Node8_Zero,2001.105265,2001.11869,0,,355,7.572525408e-13,9.186125817968423e-14
2000541007656_Node0_Node8_Zero,2001.109039,2001.125203,0,,447,9.097344642727779e-13,0
2000545101896_Node0_Node8_Zero,2001.109039,2001.125203,0,,447,9.097344642727779e-13,0
2000549201800_Node0_Node8_Zero,2001.110909,2001.12974,0,,447,7.572525408e-13,3.3112891825185275e-14
2000553300434_Node0_Node8_Zero,2001.110909,2001.12974,0,,447,7.572525408e-13,3.3112891825185275e-14
2000557398065_Node0_Node8_Zero,2001.116555,2001.133728,0,,359,7.572525408e-13,0
2000561500796_Node0_Node8_Zero,2001.116555,2001.133728,0,,359,7.572525408e-13,0
2000565597371_Node0_Node8_Zero,2001.123191,2001.138518,0,,269,7.572525408e-13,2.4031159959630373e-14
2000569693541_Node0_Node8_Zero,2001.123191,2001.138518,0,,269,7.572525408e-13,2.4031159959630373e-14
2000573790353_Node0_Node8_Zero,2001.146043,2001.150119,0,,0,7.572525408e-13,9.604540452964978e-14
2000577890115_Node0_Node8_Zero,2001.146043,2001.150119,0,,0,7.572525408e-13,9.604540452964978e-14
2000581985788_Node0_Node8_Zero,2001.15598,2001.157952,0,,0,7.572525408e-13,0
2000590185398_Node0_Node8_Zero,2001.15598,2001.157952,0,,0,7.572525408e-13,0
2000586084914_Node0_Node8_Zero,2001.165682,2001.171423,0,,0,7.572525408e-13,0
2000594282934_Node0_Node8_Zero,2001.165682,2001.171423,0,,0,7.572525408e-13,0
2000598376848_Node0_Node8_Zero,2001.175368,2001.177419,0,,0,7.572525408e-13,2.3875640603596607e-14
2000602470463_Node0_Node8_Zero,2001.175368,2001.177419,0,,0,7.572525408e-13,2.3875640603596607e-14
2000606566584_Node0_Node8_Zero,2001.179231,2001.18553,0,,177,4.825602733815108e-14,3.351113009593825e-14
2000610668288_Node0_Node8_Zero,2001.179231,2001.18553,0,,177,4.825602733815108e-14,3.351113009593825e-14
2000614763604_Node0_Node8_Zero,2001.183355,2001.189837,0,,91,7.572525408e-13,3.154910197039152e-14
2000618861994_Node0_Node8_Zero,2001.183355,2001.189837,0,,91,7.572525408e-13,3.154910197039152e-14
2000622964899_Node0_Node8_Zero,2001.19373,2001.195722,0,,0,7.910051864384072e-13,0
2000627059276_Node0_Node8_Zero,2001.19373,2001.195722,0,,0,7.910051864384072e-13,0
2000631161302_Node0_Node8_Zero,2001.204674,2001.206585,0,,0,8.045808246e-13,0
2000635262211_Node0_Node8_Zero,2001.204674,2001.206585,0,,0,8.045808246e-13,0
2000639363584_Node0_Node8_Zero,2001.208395,2001.216145,0,,178,8.497718948685219e-13,0
2000643460705_Node0_Node8_Zero,2001.208395,2001.216145,0,,178,8.497718948685219e-13,0
2000647557777_Node0_Node8_Zero,2001.214113,2001.218135,0,,1,7.572525408e-13,0
2000651654591_Node0_Node8_Zero,2001.214113,2001.218135,0,,1,7.572525408e-13,0
2000655751249_Node0_Node8_Zero,2001.230578,2001.232569,0,,0,7.572525408e-13,0
2000659846684_Node0_Node8_Zero,2001.230578,2001.232569,0,,0,7.572525408e-13,0
2000663948669_Node0_Node8_Zero,2001.240276,2001.242227,0,,1,8.855804158371088e-13,0
2000668042157_Node0_Node8_Zero,2001.240276,2001.242227,0,,1,8.855804158371088e-13,0
2000672136850_Node0_Node8_Zero,2001.250541,2001.252572,0,,0,9.5915506094804e-14,0
2000676238034_Node0_Node8_Zero,2001.250541,2001.252572,0,,0,9.5915506094804e-14,0
2000684431521_Node0_Node8_Zero,2001.257221,2001.258292,0,,0,8.531680468948039e-13,6.138592390067455e-14
2000680333814_Node0_Node8_Zero,2001.262155,2001.263267,0,,0,8.19263167139309e-13,0
2000688533487_Node0_Node8_Zero,2001.269569,2001.275667,0,,47,8.19263167139309e-13,0
2000692629634_Node0_Node8_Zero,2001.269569,2001.275667,0,,47,8.19263167139309e-13,0
2000700828516_Node0_Node8_Zero,2001.27375,2001.278733,0,,90,7.572525408e-13,0
2000696727693_Node0_Node8_Zero,2001.28161,2001.282981,0,,0,7.572525408e-13,0
2000704923029_Node0_Node8_Zero,2001.290721,2001.294657,0,,0,7.572525408e-13,0
2000709016553_Node0_Node8_Zero,2001.290721,2001.294657,0,,0,7.572525408e-13,0
2000713111635_Node0_Node8_Zero,2001.296469,2001.300664,0,,89,8.161349727367304e-13,0
2000717211150_Node0_Node8_Zero,2001.296469,2001.300664,0,,89,8.161349727367304e-13,0
2000721310157_Node0_Node8_Zero,2001.305494,2001.307625,0,,0,8.413603344211503e-13,0
2000725407978_Node0_Node8_Zero,2001.305494,2001.307625,0,,0,8.413603344211503e-13,0
2000729502682_Node0_Node8_Zero,2001.320572,2001.322543,0,,0,8.738360007999999e-13,0
2000733603534_Node0_Node8_Zero,2001.320572,2001.322543,0,,0,8.738360007999999e-13,0
2000737699086_Node0_Node8_Zero,2001.334999,2001.33701,0,,0,3.9898794703775013e-14,0
2000745897962_Node0_Node8_Zero,2001.334999,2001.33701,0,,0,3.9898794703775013e-14,0
2000741797755_Node0_Node8_Zero,2001.344642,2001.350563,0,,178,8.738360007999999e-13,0
2000749994274_Node0_Node8_Zero,2001.344642,2001.350563,0,,178,8.738360007999999e-13,0
2000754095547_Node0_Node8_Zero,2001.346592,2001.352513,0,,90,7.572525408e-13,0
2000758196521_Node0_Node8_Zero,2001.346592,2001.352513,0,,90,7.572525408e-13,0
2000766392701_Node0_Node8_Zero,2001.348522,2001.356347,0,,89,7.572525408e-13,0
2000762296496_Node0_Node8_Zero,2001.348522,2001.356347,0,,89,7.572525408e-13,0
2000770486119_Node0_Node8_Zero,2001.354316,2001.364495,0,,268,7.572525408e-13,0
2000774587065_Node0_Node8_Zero,2001.354316,2001.364495,0,,268,7.572525408e-13,0
2000782780853_Node0_Node8_Zero,2001.375812,2001.377744,0,,0,8.429918922548044e-13,0
2000778683138_Node0_Node8_Zero,2001.375812,2001.377744,0,,0,8.429918922548044e-13,0
2000790970937_Node0_Node8_Zero,2001.379756,2001.383763,0,,89,7.9405493700404e-13,0
2000799165638_Node0_Node8_Zero,2001.379756,2001.383763,0,,89,7.9405493700404e-13,0
2000795071971_Node0_Node8_Zero,2001.387687,2001.389778,0,,0,6.165555195387497e-14,4.2816355523524284e-14
2000803264307_Node0_Node8_Zero,2001.387687,2001.389778,0,,0,6.165555195387497e-14,4.2816355523524284e-14
2000807359393_Node0_Node8_Zero,2001.401806,2001.405043,0,,47,8.163375107863943e-13,0
2000811457181_Node0_Node8_Zero,2001.401806,2001.405043,0,,47,8.163375107863943e-13,0
2000819655799_Node0_Node8_Zero,2001.402856,2001.408106,0,,90,7.572525408e-13,0
2000815559506_Node0_Node8_Zero,2001.417339,2001.41841,0,,0,8.2283073705e-13,0
2000827850456_Node0_Node8_Zero,2001.425774,2001.427845,0,,0,8.738360007999999e-13,0
2000840146255_Node0_Node8_Zero,2001.425774,2001.427845,0,,0,8.738360007999999e-13,0
2000836046915_Node0_Node8_Zero,2001.443867,2001.446038,0,,0,8.3039256633753e-14,5.3145124245601916e-14
2000844248734_Node0_Node8_Zero,2001.443867,2001.446038,0,,0,8.3039256633753e-14,5.3145124245601916e-14
2000856538382_Node0_Node8_Zero,2001.450719,2001.45195,0,,0,8.738360007999999e-13,0
2000848344514_Node0_Node8_Zero,2001.466256,2001.467367,0,,0,8.2283073705e-13,0
2000860640188_Node0_Node8_Zero,2001.474614,2001.475966,0,,1,9.113364198622095e-13,8.66721819724929e-14
2000852442838_Node0_Node8_Zero,2001.478927,2001.482162,0,,48,9.113364198622095e-13,0
2000868838489_Node0_Node8_Zero,2001.485989,2001.48728,0,,1,8.850497532978888e-13,0
2000864741841_Node0_Node8_Zero,2001.503626,2001.507681,0,,0,7.572525408e-13,0
2000877033349_Node0_Node8_Zero,2001.503626,2001.507681,0,,0,7.572525408e-13,0
2000872935003_Node0_Node8_Zero,2001.517273,2001.521292,0,,0,8.738360007999999e-13,0
2000881131193_Node0_Node8_Zero,2001.517273,2001.521292,0,,0,8.738360007999999e-13,0
2000885224925_Node0_Node8_Zero,2001.526789,2001.537839,0,,91,1.4330544546362105e-13,8.060931307328684e-14
2000889324414_Node0_Node8_Zero,2001.526789,2001.537839,0,,91,1.4330544546362105e-13,8.060931307328684e-14
2000897513805_Node0_Node8_Zero,2001.542236,2001.546293,0,,89,7.992225864e-13,0
2000893418461_Node0_Node8_Zero,2001.542236,2001.546293,0,,89,7.992225864e-13,0
2000901609404_Node0_Node8_Zero,2001.544167,2001.548203,0,,1,7.572525408e-13,0
2000905705220_Node0_Node8_Zero,2001.544167,2001.548203,0,,1,7.572525408e-13,0
2000909799291_Node0_Node8_Zero,2001.550003,2001.554019,0,,89,7.572525408e-13,3.9898794703775013e-14
2000913896989_Node0_Node8_Zero,2001.550003,2001.554019,0,,89,7.572525408e-13,3.9898794703775013e-14
2000926196322_Node0_Node8_Zero,2001.551913,2001.559782,0,,179,8.087358037144109e-13,0
2000917991255_Node0_Node8_Zero,2001.551913,2001.559782,0,,179,8.087358037144109e-13,0
2000930298545_Node0_Node8_Zero,2001.555837,2001.565874,0,,267,7.572525408e-13,0
2000934394022_Node0_Node8_Zero,2001.555837,2001.565874,0,,267,7.572525408e-13,0
2000938495611_Node0_Node8_Zero,2001.561661,2001.56969,0,,89,7.572525408e-13,0
2000942593495_Node0_Node8_Zero,2001.561661,2001.56969,0,,89,7.572525408e-13,0
2000946687438_Node0_Node8_Zero,2001.572674,2001.579901,0,,266,8.32652583515861e-13,0
2000950780910_Node0_Node8_Zero,2001.58172,2001.585764,0,,89,8.507194831776039e-13,0
2000954874905_Node0_Node8_Zero,2001.58172,2001.585764,0,,89,8.507194831776039e-13,0
2000958969844_Node0_Node8_Zero,2001.594325,2001.600085,0,,88,8.738360007999999e-13,6.557819625e-14
2000963065745_Node0_Node8_Zero,2001.594325,2001.600085,0,,88,8.738360007999999e-13,6.557819625e-14
2000971265340_Node0_Node8_Zero,2001.598033,2001.602195,0,,0,8.09764138772893e-14,5.1824904881465155e-14
2000967165897_Node0_Node8_Zero,2001.598033,2001.602195,0,,0,8.09764138772893e-14,5.1824904881465155e-14
2000975362293_Node0_Node8_Zero,2001.61063,2001.612761,0,,1,9.10580349829334e-13,0
2000979458850_Node0_Node8_Zero,2001.61063,2001.612761,0,,1,9.10580349829334e-13,0
2000991758712_Node0_Node8_Zero,2001.617197,2001.618308,0,,0,7.572525408e-13,0
2000983560577_Node0_Node8_Zero,2001.620437,2001.629568,0,,97,9.56044988711739e-13,1.1955576937658768e-13
2000995860809_Node0_Node8_Zero,2001.631204,2001.632396,0,,0,1.538720504141987e-13,1.1955576937658768e-13
2000987658056_Node0_Node8_Zero,2001.636633,2001.642999,0,,50,9.111245912141988e-13,0
2000999957063_Node0_Node8_Zero,2001.646843,2001.648094,0,,0,8.738360007999999e-13,0
2001004053268_Node0_Node8_Zero,2001.654121,2001.660973,0,,89,8.14706805173436e-13,0
2001008154481_Node0_Node8_Zero,2001.659893,2001.66669,0,,136,8.14706805173436e-13,0
2001016350475_Node0_Node8_Zero,2001.659893,2001.66669,0,,136,8.14706805173436e-13,0
2001012253570_Node0_Node8_Zero,2001.664703,2001.670659,0,,89,1.7317599789849857e-13,9.741149881790544e-14
2001020452163_Node0_Node8_Zero,2001.664703,2001.670659,0,,89,1.7317599789849857e-13,9.741149881790544e-14
2001024546082_Node0_Node8_Zero,2001.688851,2001.690762,0,,0,8.175221039045281e-13,0
2001032737581_Node0_Node8_Zero,2001.688851,2001.690762,0,,0,8.175221039045281e-13,0
2001028640405_Node0_Node8_Zero,2001.692613,2001.696609,0,,89,7.572525408e-13,3.633153578814955e-14
2001036838109_Node0_Node8_Zero,2001.692613,2001.696609,0,,89,7.572525408e-13,3.633153578814955e-14
2001040940498_Node0_Node8_Zero,2001.694523,2001.704499,0,,270,7.572525408e-13,0
2001045043811_Node0_Node8_Zero,2001.694523,2001.704499,0,,270,7.572525408e-13,0
2001049147121_Node0_Node8_Zero,2001.700527,2001.709413,0,,178,4.2130306521422507e-14,0
2001053245996_Node0_Node8_Zero,2001.700527,2001.709413,0,,178,4.2130306521422507e-14,0
2001057347618_Node0_Node8_Zero,2001.711426,2001.71705,0,,134,7.572525408e-13,0
2001061442121_Node0_Node8_Zero,2001.71586,2001.71814,0,,0,7.572525408e-13,0
2001069641556_Node0_Node8_Zero,2001.720194,2001.723531,0,,93,4.196320889102066e-14,9.640830890462742e-14
2001065542432_Node0_Node8_Zero,2001.727364,2001.728615,0,,0,8.044259830376698e-14,0
2001077833722_Node0_Node8_Zero,2001.734403,2001.735694,0,,0,7.572525408e-13,0
2001073734992_Node0_Node8_Zero,2001.748131,2001.750162,0,,0,7.572525408e-13,0
2001081931469_Node0_Node8_Zero,2001.748131,2001.750162,0,,0,7.572525408e-13,0
2001086032763_Node0_Node8_Zero,2001.763539,2001.76559,0,,0,8.047969051584369e-13,0
2001090135256_Node0_Node8_Zero,2001.763539,2001.76559,0,,0,8.047969051584369e-13,0
2001094233386_Node0_Node8_Zero,2001.777371,2001.783373,0,,135,8.37695139103767e-13,0
2001098329252_Node0_Node8_Zero,2001.777371,2001.783373,0,,135,8.37695139103767e-13,0
2001102425750_Node0_Node8_Zero,2001.779423,2001.785283,0,,47,8.738360007999999e-13,0
2001106523364_Node0_Node8_Zero,2001.779423,2001.785283,0,,47,8.738360007999999e-13,0
2001110619444_Node0_Node8_Zero,2001.781449,2001.788407,0,,89,8.172468410460258e-13,4.1662708504184577e-14
2001114721467_Node0_Node8_Zero,2001.794965,2001.796196,0,,0,7.572525408e-13,0
2001118822263_Node0_Node8_Zero,2001.811218,2001.813249,0,,0,7.572525408e-13,0
2001122923420_Node0_Node8_Zero,2001.811218,2001.813249,0,,0,7.572525408e-13,0
2001127019052_Node0_Node8_Zero,2001.819024,2001.820935,0,,0,7.572525408e-13,0
2001131114164_Node0_Node8_Zero,2001.819024,2001.820935,0,,0,7.572525408e-13,0
2001135216962_Node0_Node8_Zero,2001.825857,2001.827028,0,,0,7.971513355037749e-13,0
2001139317712_Node0_Node8_Zero,2001.84305,2001.845142,0,,0,7.572525408e-13,0
2001143418659_Node0_Node8_Zero,2001.84305,2001.845142,0,,0,7.572525408e-13,0
2001147513265_Node0_Node8_Zero,2001.857012,2001.859203,0,,0,7.572525408e-13,0
2001151610048_Node0_Node8_Zero,2001.857012,2001.859203,0,,0,7.572525408e-13,0
2001155711033_Node0_Node8_Zero,2001.865553,2001.867464,0,,0,8.2283073705e-13,0
2001159812985_Node0_Node8_Zero,2001.865553,2001.867464,0,,0,8.2283073705e-13,0
2001163909247_Node0_Node8_Zero,2001.875853,2001.877864,0,,0,7.572525408e-13,0
2001168004095_Node0_Node8_Zero,2001.875853,2001.877864,0,,0,7.572525408e-13,0
2001176202505_Node0_Node8_Zero,2001.885903,2001.887994,0,,1,2.9145865e-14,1.2702626512891007e-13
2001172101442_Node0_Node8_Zero,2001.885903,2001.887994,0,,1,2.9145865e-14,1.2702626512891007e-13
2001184399090_Node0_Node8_Zero,2001.896204,2001.89848,0,,47,7.992225864e-13,0
2001180300237_Node0_Node8_Zero,2001.897383,2001.89953,0,,1,8.071660483381353e-14,0
2001188499912_Node0_Node8_Zero,2001.914456,2001.916588,0,,0,7.572525408e-13,3.0290101632e-14
2001192595668_Node0_Node8_Zero,2001.914456,2001.916588,0,,0,7.572525408e-13,3.0290101632e-14
2001200783672_Node0_Node8_Zero,2001.924303,2001.930253,0,,89,7.572525408e-13,0
2001196690209_Node0_Node8_Zero,2001.924303,2001.930253,0,,89,7.572525408e-13,0
2001204877160_Node0_Node8_Zero,2001.928228,2001.934236,0,,90,7.572525408e-13,4.73282838e-14
2001208973622_Node0_Node8_Zero,2001.928228,2001.934236,0,,90,7.572525408e-13,4.73282838e-14
2001213076249_Node0_Node8_Zero,2001.940123,2001.942154,0,,0,8.41391712e-13,0
2001217171960_Node0_Node8_Zero,2001.940123,2001.942154,0,,0,8.41391712e-13,0
2001221275284_Node0_Node8_Zero,2001.959375,2001.961577,0,,0,7.572525408e-13,0
2001225376372_Node0_Node8_Zero,2001.959375,2001.961577,0,,0,7.572525408e-13,0
2001233573719_Node0_Node8_Zero,2001.965961,2001.968378,0,,0,1.1658346e-13,6.557819625e-14
2001229478655_Node0_Node8_Zero,2001.973053,2001.974204,0,,0,7.572525408e-13,0
2001237675574_Node0_Node8_Zero,2001.977086,2001.979017,0,,0,1.1658346e-13,8.922882921742091e-14
2001241769647_Node0_Node8_Zero,2001.977086,2001.979017,0,,0,1.1658346e-13,8.922882921742091e-14
2001245864276_Node0_Node8_Zero,2002.023767,2002.025839,0,,0,7.572525408e-13,0
2001249958046_Node0_Node8_Zero,2002.023767,2002.025839,0,,0,7.572525408e-13,0
2001254059880_Node0_Node8_Zero,2002.039465,2002.041656,0,,0,7.572525408e-13,2.1413288571428573e-14
2001258156467_Node0_Node8_Zero,2002.039465,2002.041656,0,,0,7.572525408e-13,2.1413288571428573e-14
2001262255759_Node0_Node8_Zero,2002.055536,2002.057488,0,,0,8.738360007999999e-13,0
2001266357184_Node0_Node8_Zero,2002.055536,2002.057488,0,,0,8.738360007999999e-13,0
2001270456922_Node0_Node8_Zero,2002.067558,2002.07332,0,,178,8.738360007999999e-13,6.557819625e-14
2001274556473_Node0_Node8_Zero,2002.067558,2002.07332,0,,178,8.738360007999999e-13,6.557819625e-14
2001278659038_Node0_Node8_Zero,2002.069428,2002.077204,0,,178,8.2283073705e-13,0
2001282760752_Node0_Node8_Zero,2002.069428,2002.077204,0,,178,8.2283073705e-13,0
2001286858032_Node0_Node8_Zero,2002.071398,2002.079134,0,,89,8.490414358255469e-13,0
2001290959325_Node0_Node8_Zero,2002.071398,2002.079134,0,,89,8.490414358255469e-13,0
2001295053365_Node0_Node8_Zero,2002.091549,2002.09358,0,,0,7.971513355037749e-13,0
2001303252434_Node0_Node8_Zero,2002.091549,2002.09358,0,,0,7.971513355037749e-13,0
2001311450072_Node0_Node8_Zero,2002.097517,2002.098728,0,,1,8.822883452650678e-13,8.00229148576434e-14
2001299150407_Node0_Node8_Zero,2002.11781,2002.121852,0,,0,7.572525408e-13,0
2001307354021_Node0_Node8_Zero,2002.11781,2002.121852,0,,0,7.572525408e-13,0
2001315548600_Node0_Node8_Zero,2002.125853,2002.127824,0,,0,7.572525408e-13,0
2001319649001_Node0_Node8_Zero,2002.125853,2002.127824,0,,0,7.572525408e-13,0
2001327851494_Node0_Node8_Zero,2002.131657,2002.13858,0,,136,8.032456147124167e-13,0
2001323750188_Node0_Node8_Zero,2002.131657,2002.13858,0,,136,8.032456147124167e-13,0
2001331948356_Node0_Node8_Zero,2002.133607,2002.142383,0,,137,9.200417282087499e-13,0
2001336043122_Node0_Node8_Zero,2002.133607,2002.142383,0,,137,9.200417282087499e-13,0
2001340140167_Node0_Node8_Zero,2002.136648,2002.14632,0,,180,7.572525408e-13,5.951082566457995e-14
2001344242199_Node0_Node8_Zero,2002.140392,2002.14632,0,,91,7.572525408e-13,5.951082566457995e-14
2001348337490_Node0_Node8_Zero,2002.140392,2002.14749,0,,91,7.572525408e-13,0
2001356534232_Node0_Node8_Zero,2002.156592,2002.157823,0,,1,9.696583516093817e-13,0
2001352431660_Node0_Node8_Zero,2002.169821,2002.175701,0,,88,7.572525408e-13,0
2001360636581_Node0_Node8_Zero,2002.169821,2002.175701,0,,88,7.572525408e-13,0
2001368831203_Node0_Node8_Zero,2002.171843,2002.18565,0,,224,8.738360007999999e-13,0
2001372925437_Node0_Node8_Zero,2002.171843,2002.18565,0,,224,8.738360007999999e-13,0
2001364736072_Node0_Node8_Zero,2002.181435,2002.191331,0,,182,4.309220260196524e-14,3.165957742185201e-14
2001377019970_Node0_Node8_Zero,2002.181435,2002.191331,0,,182,4.309220260196524e-14,3.165957742185201e-14
2001389319630_Node0_Node8_Zero,2002.182485,2002.197381,0,,270,8.004062439703714e-13,0
2001381119499_Node0_Node8_Zero,2002.189378,2002.197381,0,,136,8.004062439703714e-13,0
2001385218876_Node0_Node8_Zero,2002.195348,2002.200364,0,,88,7.90269460493359e-13,0
2001393422850_Node0_Node8_Zero,2002.209423,2002.211475,0,,0,8.374853206146448e-13,0
2001397521426_Node0_Node8_Zero,2002.209423,2002.211475,0,,0,8.374853206146448e-13,0
2001401617397_Node0_Node8_Zero,2002.219048,2002.22124,0,,0,7.572525408e-13,0
2001405712874_Node0_Node8_Zero,2002.219048,2002.22124,0,,0,7.572525408e-13,0
2001409809282_Node0_Node8_Zero,2002.230922,2002.232993,0,,0,7.572525408e-13,0
2001413904313_Node0_Node8_Zero,2002.230922,2002.232993,0,,0,7.572525408e-13,0
2001418004373_Node0_Node8_Zero,2002.241212,2002.243364,0,,1,9.575859331890229e-13,0
2001426206468_Node0_Node8_Zero,2002.241212,2002.243364,0,,1,9.575859331890229e-13,0
2001438503871_Node0_Node8_Zero,2002.2521,2002.253211,0,,0,5.3145124245601916e-14,0
2001422103627_Node0_Node8_Zero,2002.260195,2002.261287,0,,0,8.2283073705e-13,0
2001446700385_Node0_Node8_Zero,2002.26865,2002.270821,0,,0,8.172553308971381e-13,0
2001442598581_Node0_Node8_Zero,2002.26865,2002.270821,0,,0,8.172553308971381e-13,0
2001450794267_Node0_Node8_Zero,2002.287562,2002.289673,0,,0,7.572525408e-13,0
2001454891602_Node0_Node8_Zero,2002.287562,2002.289673,0,,0,7.572525408e-13,0
2001463084654_Node0_Node8_Zero,2002.306006,2002.308157,0,,0,4.1326962267069406e-14,3.036266615539793e-14
2001458990127_Node0_Node8_Zero,2002.306006,2002.308157,0,,0,4.1326962267069406e-14,3.036266615539793e-14
2001467185099_Node0_Node8_Zero,2002.316502,2002.318633,0,,0,8.37695139103767e-13,0
2001471286683_Node0_Node8_Zero,2002.316502,2002.318633,0,,0,8.37695139103767e-13,0
2001479488202_Node0_Node8_Zero,2002.326308,2002.328439,0,,0,7.572525408e-13,2.9145865e-14
2001475387963_Node0_Node8_Zero,2002.326308,2002.328439,0,,0,7.572525408e-13,2.9145865e-14
2001487688556_Node0_Node8_Zero,2002.335482,2002.336553,0,,0,7.572525408e-13,0
2001483585375_Node0_Node8_Zero,2002.35067,2002.351781,0,,0,7.572525408e-13,0
2001491784722_Node0_Node8_Zero,2002.361513,2002.363624,0,,0,7.572525408e-13,0
2001495886618_Node0_Node8_Zero,2002.361513,2002.363624,0,,0,7.572525408e-13,0
2001499989247_Node0_Node8_Zero,2002.383518,2002.38569,0,,0,7.572525408e-13,8.051747492448217e-14
2001504089408_Node0_Node8_Zero,2002.383518,2002.38569,0,,0,7.572525408e-13,8.051747492448217e-14
2001512283132_Node0_Node8_Zero,2002.390587,2002.391898,0,,0,6.557819625e-14,4.19700456e-14
2001508185446_Node0_Node8_Zero,2002.396483,2002.397674,0,,0,6.037033603159476e-14,4.1923844466385253e-14
2001520481909_Node0_Node8_Zero,2002.411262,2002.415278,0,,88,1.4314217764352384e-13,8.051747492448217e-14
2001524579043_Node0_Node8_Zero,2002.411262,2002.415278,0,,88,1.4314217764352384e-13,8.051747492448217e-14
2001528673867_Node0_Node8_Zero,2002.413183,2002.421726,0,,89,8.187194252871635e-13,0
2001532777007_Node0_Node8_Zero,2002.413183,2002.421726,0,,89,8.187194252871635e-13,0
2001540982513_Node0_Node8_Zero,2002.438639,2002.442653,0,,0,7.572525408e-13,0
2001536879636_Node0_Node8_Zero,2002.438639,2002.442653,0,,0,7.572525408e-13,0
2001549172388_Node0_Node8_Zero,2002.446815,2002.448826,0,,0,8.179201821908484e-13,0
2001545077761_Node0_Node8_Zero,2002.446815,2002.448826,0,,0,8.179201821908484e-13,0
2001553266844_Node0_Node8_Zero,2002.458623,2002.459814,0,,0,4.19700456e-14,2.9145865e-14
2001557363212_Node0_Node8_Zero,2002.47205,2002.473201,0,,0,8.2283073705e-13,0
2001561457354_Node0_Node8_Zero,2002.487521,2002.489512,0,,0,6.557819625e-14,4.19700456e-14
2001565556210_Node0_Node8_Zero,2002.487521,2002.489512,0,,0,6.557819625e-14,4.19700456e-14
2001573747723_Node0_Node8_Zero,2002.500231,2002.502162,0,,0,8.045808246e-13,0
2001569654268_Node0_Node8_Zero,2002.500231,2002.502162,0,,0,8.045808246e-13,0
2001577847980_Node0_Node8_Zero,2002.507896,2002.509888,0,,0,8.738360007999999e-13,0
2001581947314_Node0_Node8_Zero,2002.507896,2002.509888,0,,0,8.738360007999999e-13,0
2001586049978_Node0_Node8_Zero,2002.524954,2002.527005,0,,0,8.738360007999999e-13,0
2001590151488_Node0_Node8_Zero,2002.524954,2002.527005,0,,0,8.738360007999999e-13,0
2001594246996_Node0_Node8_Zero,2002.545617,2002.547829,0,,0,7.572525408e-13,6.557819625e-14
2001598347250_Node0_Node8_Zero,2002.545617,2002.547829,0,,0,7.572525408e-13,6.557819625e-14
2001606541177_Node0_Node8_Zero,2002.558227,2002.560198,0,,0,7.572525408e-13,0
2001602446580_Node0_Node8_Zero,2002.558227,2002.560198,0,,0,7.572525408e-13,0
2001614737521_Node0_Node8_Zero,2002.577831,2002.580002,0,,0,7.572525408e-13,0
2001610637681_Node0_Node8_Zero,2002.577831,2002.580002,0,,0,7.572525408e-13,0
2001622934133_Node0_Node8_Zero,2002.581823,2002.585945,0,,89,8.2283073705e-13,0
2001618834107_Node0_Node8_Zero,2002.581823,2002.585945,0,,89,8.2283073705e-13,0
2001631137133_Node0_Node8_Zero,2002.590574,2002.592625,0,,0,8.738360007999999e-13,0
2001627036671_Node0_Node8_Zero,2002.590574,2002.592625,0,,0,8.738360007999999e-13,0
2001639330264_Node0_Node8_Zero,2002.597238,2002.598469,0,,0,7.572525408e-13,0
2001635232347_Node0_Node8_Zero,2002.618559,2002.620591,0,,0,1.5101299489199293e-13,8.494480962674603e-14
2001643427136_Node0_Node8_Zero,2002.618559,2002.620591,0,,0,1.5101299489199293e-13,8.494480962674603e-14
2001647522012_Node0_Node8_Zero,2002.626649,2002.62864,0,,1,8.885644722522014e-13,0
2001655721766_Node0_Node8_Zero,2002.626649,2002.62864,0,,1,8.885644722522014e-13,0
2001651624785_Node0_Node8_Zero,2002.636303,2002.638274,0,,0,7.572525408e-13,0
2001659816630_Node0_Node8_Zero,2002.636303,2002.638274,0,,0,7.572525408e-13,0
2001663911222_Node0_Node8_Zero,2002.643238,2002.644529,0,,0,7.572525408e-13,0
2001668010814_Node0_Node8_Zero,2002.655791,2002.657943,0,,0,8.217245972836224e-13,0
2001672112221_Node0_Node8_Zero,2002.655791,2002.657943,0,,0,8.217245972836224e-13,0
2001680309107_Node0_Node8_Zero,2002.659774,2002.665732,0,,90,9.069561399040837e-13,8.420827449604713e-14
2001676207676_Node0_Node8_Zero,2002.659774,2002.665732,0,,90,9.069561399040837e-13,8.420827449604713e-14
2001688507583_Node0_Node8_Zero,2002.67344,2002.691275,0,,356,3.5958086615896257e-14,0
2001684407094_Node0_Node8_Zero,2002.67344,2002.691275,0,,356,3.5958086615896257e-14,0
2001696698091_Node0_Node8_Zero,2002.67555,2002.693146,0,,268,7.906735092035734e-13,0
2001692602691_Node0_Node8_Zero,2002.67555,2002.693146,0,,268,7.906735092035734e-13,0
2001700800275_Node0_Node8_Zero,2002.685497,2002.699006,0,,178,7.572525408e-13,0
2001704899981_Node0_Node8_Zero,2002.685497,2002.699006,0,,178,7.572525408e-13,0
2001709002065_Node0_Node8_Zero,2002.689343,2002.70092,0,,89,7.905930878453683e-13,0
2001713100969_Node0_Node8_Zero,2002.689343,2002.70092,0,,89,7.905930878453683e-13,0
2001717197834_Node0_Node8_Zero,2002.702765,2002.70665,0,,89,7.572525408e-13,8.420827449604713e-14
2001721295028_Node0_Node8_Zero,2002.702765,2002.70665,0,,89,7.572525408e-13,8.420827449604713e-14
2001729495058_Node0_Node8_Zero,2002.716731,2002.717803,0,,0,8.38875496968625e-13,0
2001725394359_Node0_Node8_Zero,2002.725069,2002.729125,0,,89,7.930866874858232e-13,0
2001733590719_Node0_Node8_Zero,2002.725069,2002.729125,0,,89,7.930866874858232e-13,0
2001737690402_Node0_Node8_Zero,2002.727119,2002.733858,0,,89,7.572525408e-13,0
2001745882436_Node0_Node8_Zero,2002.727119,2002.733858,0,,89,7.572525408e-13,0
2001741784376_Node0_Node8_Zero,2002.748115,2002.749187,0,,0,8.37308002925721e-13,0
2001749984023_Node0_Node8_Zero,2002.751277,2002.75432,0,,46,7.572525408e-13,2.1413288571428573e-14
2001754087139_Node0_Node8_Zero,2002.751277,2002.75432,0,,46,7.572525408e-13,2.1413288571428573e-14
2001762281946_Node0_Node8_Zero,2002.762523,2002.767604,0,,134,7.572525408e-13,0
2001758182409_Node0_Node8_Zero,2002.762523,2002.767604,0,,134,7.572525408e-13,0
2001770475660_Node0_Node8_Zero,2002.765653,2002.770747,0,,88,7.87542642432e-13,0
2001766378971_Node0_Node8_Zero,2002.777568,2002.778719,0,,0,2.9145865e-14,2.1413288571428573e-14
2001774576401_Node0_Node8_Zero,2002.787918,2002.790089,0,,0,7.572525408e-13,0
2001778671620_Node0_Node8_Zero,2002.787918,2002.790089,0,,0,7.572525408e-13,0
2001786874158_Node0_Node8_Zero,2002.800439,2002.802531,0,,0,7.572525408e-13,0
2001782774014_Node0_Node8_Zero,2002.800439,2002.802531,0,,0,7.572525408e-13,0
2001790968197_Node0_Node8_Zero,2002.810254,2002.812246,0,,0,7.572525408e-13,0
2001795066631_Node0_Node8_Zero,2002.810254,2002.812246,0,,0,7.572525408e-13,0
2001803263509_Node0_Node8_Zero,2002.823989,2002.826061,0,,1,8.980300926334938e-13,0
2001799160160_Node0_Node8_Zero,2002.823989,2002.826061,0,,1,8.980300926334938e-13,0
2001811452006_Node0_Node8_Zero,2002.833073,2002.835371,0,,0,1.407775518334938e-13,0
2001807357091_Node0_Node8_Zero,2002.837506,2002.838737,0,,1,8.980300926334938e-13,7.918737290634025e-14
2001827839990_Node0_Node8_Zero,2002.842328,2002.843499,0,,0,8.41391712e-13,0
2001823743403_Node0_Node8_Zero,2002.848328,2002.84956,0,,0,8.2283073705e-13,4.19700456e-14
2001831941392_Node0_Node8_Zero,2002.861528,2002.863459,0,,0,7.572525408e-13,2.585710135717233e-14
2001836038333_Node0_Node8_Zero,2002.861528,2002.863459,0,,0,7.572525408e-13,2.585710135717233e-14
2001844231901_Node0_Node8_Zero,2002.865372,2002.870441,0,,136,7.893345839834601e-13,0
2001840137790_Node0_Node8_Zero,2002.865372,2002.870441,0,,136,7.893345839834601e-13,0
2001848329148_Node0_Node8_Zero,2002.868413,2002.873585,0,,90,7.892492735274128e-13,0
2001852428172_Node0_Node8_Zero,2002.911252,2002.912343,0,,0,7.863984058e-13,0
2001856531001_Node0_Node8_Zero,2002.921157,2002.925032,0,,0,8.29116718788151e-13,4.599307391241669e-14
2001860632147_Node0_Node8_Zero,2002.921157,2002.925032,0,,0,8.29116718788151e-13,4.599307391241669e-14
2001864735350_Node0_Node8_Zero,2002.93993,2002.943905,0,,0,7.572525408e-13,0
2001868829519_Node0_Node8_Zero,2002.93993,2002.943905,0,,0,7.572525408e-13,0
2001872924894_Node0_Node8_Zero,2002.945821,2002.947732,0,,0,7.883385236204169e-13,2.2838681255816574e-14
2001877021800_Node0_Node8_Zero,2002.945821,2002.947732,0,,0,7.883385236204169e-13,2.2838681255816574e-14
2001881122698_Node0_Node8_Zero,2002.959641,2002.961573,0,,0,7.572525408e-13,0
2001885216817_Node0_Node8_Zero,2002.959641,2002.961573,0,,0,7.572525408e-13,0
2001889311420_Node0_Node8_Zero,2002.967665,2002.969856,0,,0,1.6205331462086834e-13,9.115498947423845e-14
2001893414447_Node0_Node8_Zero,2002.967665,2002.969856,0,,0,1.6205331462086834e-13,9.115498947423845e-14
2001901604830_Node0_Node8_Zero,2002.977354,2002.978645,0,,0,7.572525408e-13,0
2001897510300_Node0_Node8_Zero,2002.984574,2002.986665,0,,0,8.161349727367304e-13,0
2001909796825_Node0_Node8_Zero,2002.984574,2002.986665,0,,0,8.161349727367304e-13,0
2001905698940_Node0_Node8_Zero,2002.999905,2003.001136,0,,1,9.081416671540028e-13,8.487513357412658e-14
2001913891456_Node0_Node8_Zero,2003.01105,2003.012282,0,,0,7.992225864e-13,0
2001917990169_Node0_Node8_Zero,2003.018663,2003.020614,0,,1,9.24241391270157e-13,0
2001922089024_Node0_Node8_Zero,2003.018663,2003.020614,0,,1,9.24241391270157e-13,0
2001934379456_Node0_Node8_Zero,2003.026605,2003.027817,0,,0,8.738360007999999e-13,6.557819625e-14
2001926182540_Node0_Node8_Zero,2003.036269,2003.03848,0,,0,7.572525408e-13,0
2001942577706_Node0_Node8_Zero,2003.036269,2003.03848,0,,0,7.572525408e-13,0
2001930284756_Node0_Node8_Zero,2003.05547,2003.057442,0,,0,8.2283073705e-13,0
2001938478933_Node0_Node8_Zero,2003.05547,2003.057442,0,,0,8.2283073705e-13,0
2001950779723_Node0_Node8_Zero,2003.061767,2003.065001,0,,0,7.572525408e-13,0
2001946680315_Node0_Node8_Zero,2003.061767,2003.065001,0,,0,7.572525408e-13,0
2001958977349_Node0_Node8_Zero,2003.066026,2003.067137,0,,0,7.572525408e-13,0
2001963080182_Node0_Node8_Zero,2003.072977,2003.074108,0,,0,7.572525408e-13,0
2001954882179_Node0_Node8_Zero,2003.077537,2003.078728,0,,0,8.493439475560585e-13,0
2001967182886_Node0_Node8_Zero,2003.087014,2003.088945,0,,0,7.942096407458194e-13,0
2001975383576_Node0_Node8_Zero,2003.087014,2003.088945,0,,0,7.942096407458194e-13,0
2001971285524_Node0_Node8_Zero,2003.089918,2003.093062,0,,88,7.891921754614004e-13,0
2001979482209_Node0_Node8_Zero,2003.138953,2003.141005,0,,0,8.165177286569575e-13,0
2001983582030_Node0_Node8_Zero,2003.138953,2003.141005,0,,0,8.165177286569575e-13,0
2001991775448_Node0_Node8_Zero,2003.142857,2003.146901,0,,88,8.2283073705e-13,0
2001987681759_Node0_Node8_Zero,2003.142857,2003.146901,0,,88,8.2283073705e-13,0
2001995878506_Node0_Node8_Zero,2003.1552,2003.157191,0,,0,8.492563407011413e-13,0
2001999980984_Node0_Node8_Zero,2003.1552,2003.157191,0,,0,8.492563407011413e-13,0
2002004075369_Node0_Node8_Zero,2003.175405,2003.177517,0,,0,8.2283073705e-13,4.19700456e-14
2002008173614_Node0_Node8_Zero,2003.175405,2003.177517,0,,0,8.2283073705e-13,4.19700456e-14
2002016365977_Node0_Node8_Zero,2003.183376,2003.185692,0,,46,7.572525408e-13,0
2002012269444_Node0_Node8_Zero,2003.184446,2003.187975,0,,47,9.428053797481245e-14,6.033954430387997e-14
2002020468327_Node0_Node8_Zero,2003.197452,2003.199663,0,,0,8.103976650456019e-13,0
2002024562468_Node0_Node8_Zero,2003.197452,2003.199663,0,,0,8.103976650456019e-13,0
2002028656594_Node0_Node8_Zero,2003.205508,2003.20764,0,,0,7.572525408e-13,3.1659465066320094e-14
2002032758853_Node0_Node8_Zero,2003.205508,2003.20764,0,,0,7.572525408e-13,3.1659465066320094e-14
2002040949831_Node0_Node8_Zero,2003.214662,2003.222783,0,,96,9.096068728292436e-13,0
2002036853796_Node0_Node8_Zero,2003.221444,2003.236636,0,,1,4.73282838e-14,4.136514211178712e-14
2002049146832_Node0_Node8_Zero,2003.234585,2003.236636,0,,0,4.73282838e-14,4.136514211178712e-14
2002045043497_Node0_Node8_Zero,2003.234585,2003.237766,0,,0,7.992225864e-13,0
2002057342969_Node0_Node8_Zero,2003.26901,2003.274806,0,,0,7.572525408e-13,0
2002053245347_Node0_Node8_Zero,2003.26901,2003.274806,0,,0,7.572525408e-13,0
2002061443052_Node0_Node8_Zero,2003.276672,2003.282511,0,,178,7.992225864e-13,2.9145865e-14
2002065543991_Node0_Node8_Zero,2003.276672,2003.282511,0,,178,7.992225864e-13,2.9145865e-14
2002069641620_Node0_Node8_Zero,2003.280475,2003.284501,0,,1,8.087358037144109e-13,0
2002073735506_Node0_Node8_Zero,2003.280475,2003.284501,0,,1,8.087358037144109e-13,0
2002081926031_Node0_Node8_Zero,2003.290746,2003.292057,0,,0,7.572525408e-13,2.1413288571428573e-14
2002077829813_Node0_Node8_Zero,2003.298788,2003.305553,0,,225,3.519438795837345e-14,0
2002090120311_Node0_Node8_Zero,2003.302556,2003.307443,0,,90,7.905317769845763e-13,0
2002086026007_Node0_Node8_Zero,2003.302556,2003.307443,0,,90,7.905317769845763e-13,0
2002094221008_Node0_Node8_Zero,2003.304426,2003.313995,0,,137,4.1326962267069406e-14,0
2002098317993_Node0_Node8_Zero,2003.304426,2003.313995,0,,137,4.1326962267069406e-14,0
2002106513993_Node0_Node8_Zero,2003.314994,2003.316246,0,,0,7.572525408e-13,0
2002102416747_Node0_Node8_Zero,2003.327058,2003.328169,0,,0,7.572525408e-13,0
2002114709275_Node0_Node8_Zero,2003.427562,2003.433503,0,,178,7.937021541558002e-13,0
2002110614696_Node0_Node8_Zero,2003.427562,2003.433503,0,,178,7.937021541558002e-13,0
2002118810058_Node0_Node8_Zero,2003.429512,2003.437427,0,,179,8.2283073705e-13,0
2002122904825_Node0_Node8_Zero,2003.429512,2003.437427,0,,179,8.2283073705e-13,0
2002131105100_Node0_Node8_Zero,2003.431522,2003.439297,0,,90,7.572525408e-13,2.353754891385078e-14
2002127002099_Node0_Node8_Zero,2003.431522,2003.439297,0,,90,7.572525408e-13,2.353754891385078e-14
2002139302485_Node0_Node8_Zero,2003.447164,2003.448316,0,,0,4.2624229497880215e-14,3.1315760447422196e-14
2002135202838_Node0_Node8_Zero,2003.449347,2003.450518,0,,0,7.572525408e-13,2.4635064501657543e-14
2002147499077_Node0_Node8_Zero,2003.472937,2003.474848,0,,1,8.980300926334938e-13,1.0060066147776882e-13
2002143402477_Node0_Node8_Zero,2003.472937,2003.474848,0,,1,8.980300926334938e-13,1.0060066147776882e-13
2002151593807_Node0_Node8_Zero,2003.498558,2003.504459,0,,88,1.407775518334938e-13,7.918737290634025e-14
2002155691104_Node0_Node8_Zero,2003.498558,2003.504459,0,,88,1.407775518334938e-13,7.918737290634025e-14
2002159794350_Node0_Node8_Zero,2003.502511,2003.506387,0,,1,7.572525408e-13,0
2002163897235_Node0_Node8_Zero,2003.502511,2003.506387,0,,1,7.572525408e-13,0
2002167994951_Node0_Node8_Zero,2003.515782,2003.517793,0,,0,1.1658346e-13,0
2002172094787_Node0_Node8_Zero,2003.515782,2003.517793,0,,0,1.1658346e-13,0
2002180287805_Node0_Node8_Zero,2003.538892,2003.542947,0,,0,7.572525408e-13,0
2002176188507_Node0_Node8_Zero,2003.538892,2003.542947,0,,0,7.572525408e-13,0
2002184388056_Node0_Node8_Zero,2003.54486,2003.549052,0,,89,8.033607500746209e-13,3.3875419058905135e-14
2002188486327_Node0_Node8_Zero,2003.54486,2003.549052,0,,89,8.033607500746209e-13,3.3875419058905135e-14
2002192581414_Node0_Node8_Zero,2003.550944,2003.555014,0,,89,5.947931413604626e-14,0
2002196679202_Node0_Node8_Zero,2003.550944,2003.555014,0,,89,5.947931413604626e-14,0
2002204878361_Node0_Node8_Zero,2003.566597,2003.568708,0,,0,7.572525408e-13,0
2002200780487_Node0_Node8_Zero,2003.566597,2003.568708,0,,0,7.572525408e-13,0
2002208972125_Node0_Node8_Zero,2003.587633,2003.589724,0,,0,7.971513355037749e-13,0
2002213071144_Node0_Node8_Zero,2003.587633,2003.589724,0,,0,7.971513355037749e-13,0
2002221273721_Node0_Node8_Zero,2003.595529,2003.601633,0,,135,7.572525408e-13,0
2002217172259_Node0_Node8_Zero,2003.595529,2003.601633,0,,135,7.572525408e-13,0
2002225370664_Node0_Node8_Zero,2003.597479,2003.605558,0,,136,1.734284070437798e-13,9.755347896212614e-14
2002229469982_Node0_Node8_Zero,2003.597479,2003.605558,0,,136,1.734284070437798e-13,9.755347896212614e-14
2002233563439_Node0_Node8_Zero,2003.599601,2003.606767,0,,91,9.306809478437798e-13,0
2002237661746_Node0_Node8_Zero,2003.617098,2003.622773,0,,88,6.557819625e-14,0
2002241762798_Node0_Node8_Zero,2003.617098,2003.622773,0,,88,6.557819625e-14,0
2002249964146_Node0_Node8_Zero,2003.620801,2003.626676,0,,89,1.1658346e-13,6.557819625e-14
2002245862074_Node0_Node8_Zero,2003.620801,2003.626676,0,,89,1.1658346e-13,6.557819625e-14
2002254067089_Node0_Node8_Zero,2003.630964,2003.632055,0,,0,7.572525408e-13,0
2002262262899_Node0_Node8_Zero,2003.639261,2003.641273,0,,0,9.724133184515984e-14,0
2002258165740_Node0_Node8_Zero,2003.639261,2003.641273,0,,0,9.724133184515984e-14,0
2002266363776_Node0_Node8_Zero,2003.648021,2003.650212,0,,0,9.200379990114126e-14,5.88824319367304e-14
2002270458781_Node0_Node8_Zero,2003.648021,2003.650212,0,,0,9.200379990114126e-14,5.88824319367304e-14
2002274560979_Node0_Node8_Zero,2003.656315,2003.658366,0,,0,7.932654298949329e-13,2.6458449130971064e-14
2002278661575_Node0_Node8_Zero,2003.656315,2003.658366,0,,0,7.932654298949329e-13,2.6458449130971064e-14
2002282758550_Node0_Node8_Zero,2003.674799,2003.67699,0,,0,3.9898794703775013e-14,0
2002286858265_Node0_Node8_Zero,2003.674799,2003.67699,0,,0,3.9898794703775013e-14,0
2002290958526_Node0_Node8_Zero,2003.689773,2003.691785,0,,0,8.051542480993085e-13,3.326507451340869e-14
2002295052534_Node0_Node8_Zero,2003.689773,2003.691785,0,,0,8.051542480993085e-13,3.326507451340869e-14
2002299149662_Node0_Node8_Zero,2003.70995,2003.712081,0,,0,7.992225864e-13,0
2002303249157_Node0_Node8_Zero,2003.70995,2003.712081,0,,0,7.992225864e-13,0
2002307350167_Node0_Node8_Zero,2003.732942,2003.734853,0,,0,7.572525408e-13,0
2002311449834_Node0_Node8_Zero,2003.732942,2003.734853,0,,0,7.572525408e-13,0
2002315552063_Node0_Node8_Zero,2003.744684,2003.746615,0,,0,8.29116718788151e-13,0
2002319646688_Node0_Node8_Zero,2003.744684,2003.746615,0,,0,8.29116718788151e-13,0
2002323745964_Node0_Node8_Zero,2003.754732,2003.756924,0,,1,9.298739218158018e-13,0
2002327849016_Node0_Node8_Zero,2003.754732,2003.756924,0,,1,9.298739218158018e-13,0
2002331950448_Node0_Node8_Zero,2003.763746,2003.765858,0,,0,1.7262138101580178e-13,9.70995268213885e-14
2002336049928_Node0_Node8_Zero,2003.763746,2003.765858,0,,0,1.7262138101580178e-13,9.70995268213885e-14
2002340151043_Node0_Node8_Zero,2003.776322,2003.778273,0,,0,6.557819625e-14,0
2002344252498_Node0_Node8_Zero,2003.776322,2003.778273,0,,0,6.557819625e-14,0
2002348345901_Node0_Node8_Zero,2003.787491,2003.789442,0,,1,9.332244805918673e-13,0
2002352442041_Node0_Node8_Zero,2003.787491,2003.789442,0,,1,9.332244805918673e-13,0
2002356537874_Node0_Node8_Zero,2003.795452,2003.797523,0,,0,7.924469287583734e-13,0
2002360635992_Node0_Node8_Zero,2003.795452,2003.797523,0,,0,7.924469287583734e-13,0
2002364735984_Node0_Node8_Zero,2003.805491,2003.808665,0,,0,7.988758848795491e-13,3.058041605844429e-14
2002368835243_Node0_Node8_Zero,2003.805491,2003.808665,0,,0,7.988758848795491e-13,3.058041605844429e-14
2002372937575_Node0_Node8_Zero,2003.809719,2003.812823,0,,89,7.890866382259437e-13,0
2002377038780_Node0_Node8_Zero,2003.857098,2003.858409,0,,0,7.992225864e-13,0
2002381137112_Node0_Node8_Zero,2003.866277,2003.868489,0,,0,8.2283073705e-13,0
2002385231172_Node0_Node8_Zero,2003.866277,2003.868489,0,,0,8.2283073705e-13,0
2002389331728_Node0_Node8_Zero,2003.878277,2003.880268,0,,0,8.738360007999999e-13,0
2002393427305_Node0_Node8_Zero,2003.878277,2003.880268,0,,0,8.738360007999999e-13,0
2002397523026_Node0_Node8_Zero,2003.88451,2003.886462,0,,0,7.572525408e-13,0
2002401625175_Node0_Node8_Zero,2003.88451,2003.886462,0,,0,7.572525408e-13,0
2002405722514_Node0_Node8_Zero,2003.894724,2003.896775,0,,0,8.738360007999999e-13,0
2002409819675_Node0_Node8_Zero,2003.894724,2003.896775,0,,0,8.738360007999999e-13,0
2002413920853_Node0_Node8_Zero,2003.904003,2003.906054,0,,0,7.572525408e-13,0
2002418023635_Node0_Node8_Zero,2003.904003,2003.906054,0,,0,7.572525408e-13,0
2002426217726_Node0_Node8_Zero,2003.909913,2003.911064,0,,0,8.501889691375722e-13,0
2002422121672_Node0_Node8_Zero,2003.925729,2003.928845,0,,47,7.572525408e-13,0
2002430313485_Node0_Node8_Zero,2003.925729,2003.928845,0,,47,7.572525408e-13,0
2002434409295_Node0_Node8_Zero,2003.926799,2003.937226,0,,181,7.572525408e-13,0
2002442608575_Node0_Node8_Zero,2003.93606,2003.954978,0,,1,7.572525408e-13,2.677930777160829e-14
2002438510863_Node0_Node8_Zero,2003.952927,2003.954978,0,,0,7.572525408e-13,2.677930777160829e-14
2002446704476_Node0_Node8_Zero,2003.952927,2003.956008,0,,0,7.572525408e-13,0
2002450802125_Node0_Node8_Zero,2003.987224,2003.989315,0,,0,4.73282838e-14,3.0290101632e-14
2002454898230_Node0_Node8_Zero,2003.987224,2003.989315,0,,0,4.73282838e-14,3.0290101632e-14
2002458995051_Node0_Node8_Zero,2003.995673,2003.997584,0,,0,7.992225864e-13,0
2002463090758_Node0_Node8_Zero,2003.995673,2003.997584,0,,0,7.992225864e-13,0
2002471279277_Node0_Node8_Zero,2004.001899,2004.00325,0,,0,8.079324594600577e-13,0
2002467184893_Node0_Node8_Zero,2004.026949,2004.028021,0,,0,8.2283073705e-13,0
2002475373173_Node0_Node8_Zero,2004.034284,2004.036335,0,,1,9.20367208137088e-13,9.175200037711206e-14
2002479467491_Node0_Node8_Zero,2004.034284,2004.036335,0,,1,9.20367208137088e-13,9.175200037711206e-14
2002487665460_Node0_Node8_Zero,2004.044802,2004.046133,0,,0,1.1658346e-13,6.557819625e-14
2002491760506_Node0_Node8_Zero,2004.052524,2004.053795,0,,0,1.1658346e-13,6.557819625e-14
2002483566429_Node0_Node8_Zero,2004.066656,2004.068748,0,,0,8.14706805173436e-13,0
2002495857463_Node0_Node8_Zero,2004.066656,2004.068748,0,,0,8.14706805173436e-13,0
2002499956669_Node0_Node8_Zero,2004.075124,2004.077335,0,,0,1.1658346e-13,0
2002504057328_Node0_Node8_Zero,2004.075124,2004.077335,0,,0,1.1658346e-13,0
2002512253218_Node0_Node8_Zero,2004.083414,2004.084585,0,,0,8.411127181000895e-13,0
2002508158626_Node0_Node8_Zero,2004.102698,2004.103929,0,,0,8.2283073705e-13,4.19700456e-14
2002516347419_Node0_Node8_Zero,2004.110794,2004.112745,0,,0,8.380450725914442e-13,0
2002520441862_Node0_Node8_Zero,2004.110794,2004.112745,0,,0,8.380450725914442e-13,0
2002524536388_Node0_Node8_Zero,2004.129252,2004.133268,0,,88,8.738360007999999e-13,0
2002528631235_Node0_Node8_Zero,2004.129252,2004.133268,0,,88,8.738360007999999e-13,0
2002532724625_Node0_Node8_Zero,2004.131322,2004.139097,0,,177,7.572525408e-13,0
2002536820180_Node0_Node8_Zero,2004.131322,2004.139097,0,,177,7.572525408e-13,0
2002540919731_Node0_Node8_Zero,2004.135269,2004.143592,0,,178,1.6530784906827762e-13,0
2002549118098_Node0_Node8_Zero,2004.135269,2004.143592,0,,178,1.6530784906827762e-13,0
2002553218836_Node0_Node8_Zero,2004.150762,2004.152013,0,,0,7.572525408e-13,0
2002545015178_Node0_Node8_Zero,2004.15956,2004.160771,0,,0,1.4493649213946332e-13,8.152677682844812e-14
2002561421447_Node0_Node8_Zero,2004.164497,2004.165868,0,,1,9.021890329394634e-13,0
2002557321476_Node0_Node8_Zero,2004.170743,2004.172014,0,,0,1.1658346e-13,6.557819625e-14
2002565518766_Node0_Node8_Zero,2004.180643,2004.182694,0,,0,7.572525408e-13,0
2002569619582_Node0_Node8_Zero,2004.180643,2004.182694,0,,0,7.572525408e-13,0
2002577820641_Node0_Node8_Zero,2004.184576,2004.188519,0,,88,6.557819625e-14,4.19700456e-14
2002573717480_Node0_Node8_Zero,2004.184576,2004.188519,0,,88,6.557819625e-14,4.19700456e-14
2002581917374_Node0_Node8_Zero,2004.202734,2004.206689,0,,0,8.41391712e-13,0
2002586017074_Node0_Node8_Zero,2004.202734,2004.206689,0,,0,8.41391712e-13,0
2002590111881_Node0_Node8_Zero,2004.212341,2004.214392,0,,0,7.572525408e-13,0
2002594208704_Node0_Node8_Zero,2004.212341,2004.214392,0,,0,7.572525408e-13,0
2002598303013_Node0_Node8_Zero,2004.216434,2004.220279,0,,88,5.183673438632623e-14,3.599773221272655e-14
2002602397207_Node0_Node8_Zero,2004.216434,2004.220279,0,,88,5.183673438632623e-14,3.599773221272655e-14
2002606497564_Node0_Node8_Zero,2004.238693,2004.242708,0,,0,7.932502730127265e-13,0
2002610593049_Node0_Node8_Zero,2004.238693,2004.242708,0,,0,7.932502730127265e-13,0
2002614693456_Node0_Node8_Zero,2004.247549,2004.24956,0,,0,7.992225864e-13,0
2002618790824_Node0_Node8_Zero,2004.247549,2004.24956,0,,0,7.992225864e-13,0
2002631083294_Node0_Node8_Zero,2004.250533,2004.253643,0,,90,9.004483686680286e-13,0
2002622890259_Node0_Node8_Zero,2004.267693,2004.270848,0,,0,8.087358037144109e-13,0
2002626987062_Node0_Node8_Zero,2004.274678,2004.276649,0,,0,8.2283073705e-13,0
2002639288580_Node0_Node8_Zero,2004.274678,2004.276649,0,,0,8.2283073705e-13,0
2002635186071_Node0_Node8_Zero,2004.286536,2004.292436,0,,89,8.2283073705e-13,4.19700456e-14
2002643390821_Node0_Node8_Zero,2004.286536,2004.292436,0,,89,8.2283073705e-13,4.19700456e-14
2002647489944_Node0_Node8_Zero,2004.290524,2004.294386,0,,1,7.572525408e-13,0
2002651586212_Node0_Node8_Zero,2004.290524,2004.294386,0,,1,7.572525408e-13,0
2002655685429_Node0_Node8_Zero,2004.310149,2004.31224,0,,0,7.572525408e-13,3.9898794703775013e-14
2002659786146_Node0_Node8_Zero,2004.310149,2004.31224,0,,0,7.572525408e-13,3.9898794703775013e-14
2002663883825_Node0_Node8_Zero,2004.314056,2004.318098,0,,89,7.186417798815108e-14,4.599307391241669e-14
2002667984376_Node0_Node8_Zero,2004.314056,2004.318098,0,,89,7.186417798815108e-14,4.599307391241669e-14
2002672083107_Node0_Node8_Zero,2004.331467,2004.334561,0,,0,7.572525408e-13,0
2002676177980_Node0_Node8_Zero,2004.331467,2004.334561,0,,0,7.572525408e-13,0
2002680273770_Node0_Node8_Zero,2004.336495,2004.342284,0,,176,7.572525408e-13,0
2002684367132_Node0_Node8_Zero,2004.336495,2004.342284,0,,176,7.572525408e-13,0
2002688464288_Node0_Node8_Zero,2004.338445,2004.344354,0,,88,7.572525408e-13,0
2002692558149_Node0_Node8_Zero,2004.338445,2004.344354,0,,88,7.572525408e-13,0
2002696651837_Node0_Node8_Zero,2004.346176,2004.351204,0,,135,7.572525408e-13,0
2002704841474_Node0_Node8_Zero,2004.346176,2004.351204,0,,135,7.572525408e-13,0
2002700745800_Node0_Node8_Zero,2004.349276,2004.35614,0,,178,7.892261077145467e-13,0
2002708941934_Node0_Node8_Zero,2004.394094,2004.396285,0,,0,7.572525408e-13,0
2002713043952_Node0_Node8_Zero,2004.394094,2004.396285,0,,0,7.572525408e-13,0
2002717140288_Node0_Node8_Zero,2004.402537,2004.404588,0,,1,8.980300926334938e-13,0
2002721240895_Node0_Node8_Zero,2004.402537,2004.404588,0,,1,8.980300926334938e-13,0
2002729437678_Node0_Node8_Zero,2004.417045,2004.418276,0,,0,1.1658346e-13,6.557819625e-14
2002725341433_Node0_Node8_Zero,2004.421253,2004.424307,0,,0,7.572525408e-13,0
2002733535791_Node0_Node8_Zero,2004.421253,2004.424307,0,,0,7.572525408e-13,0
2002745827988_Node0_Node8_Zero,2004.425449,2004.429604,0,,89,8.094912327479199e-13,0
2002737631224_Node0_Node8_Zero,2004.43338,2004.434551,0,,0,7.863984058e-13,0
2002741730679_Node0_Node8_Zero,2004.468131,2004.470082,0,,0,7.572525408e-13,0
2002749924179_Node0_Node8_Zero,2004.468131,2004.470082,0,,0,7.572525408e-13,0
2002754021893_Node0_Node8_Zero,2004.477858,2004.479849,0,,0,7.992225864e-13,0
2002758115765_Node0_Node8_Zero,2004.477858,2004.479849,0,,0,7.992225864e-13,0
2002762216044_Node0_Node8_Zero,2004.486155,2004.488246,0,,0,7.572525408e-13,0
2002766318321_Node0_Node8_Zero,2004.486155,2004.488246,0,,0,7.572525408e-13,0
2002770416826_Node0_Node8_Zero,2004.503461,2004.505453,0,,0,7.572525408e-13,0
2002774517579_Node0_Node8_Zero,2004.503461,2004.505453,0,,0,7.572525408e-13,0
2002778617936_Node0_Node8_Zero,2004.507297,2004.511553,0,,89,3.193963466140048e-14,0
2002786811843_Node0_Node8_Zero,2004.507297,2004.511553,0,,89,3.193963466140048e-14,0
2002782717394_Node0_Node8_Zero,2004.519559,2004.52147,0,,0,3.519438795837345e-14,0
2002790910940_Node0_Node8_Zero,2004.519559,2004.52147,0,,0,3.519438795837345e-14,0
2002795011042_Node0_Node8_Zero,2004.530273,2004.532304,0,,0,8.34062078640231e-13,0
2002803207850_Node0_Node8_Zero,2004.530273,2004.532304,0,,0,8.34062078640231e-13,0
2002799109957_Node0_Node8_Zero,2004.556314,2004.560164,0,,0,8.2283073705e-13,0
2002807306374_Node0_Node8_Zero,2004.556314,2004.560164,0,,0,8.2283073705e-13,0
2002811409533_Node0_Node8_Zero,2004.562077,2004.567212,0,,88,4.185386326703343e-14,0
2002815504689_Node0_Node8_Zero,2004.562077,2004.567212,0,,88,4.185386326703343e-14,0
2002819607309_Node0_Node8_Zero,2004.569023,2004.572928,0,,88,7.899475509874455e-13,2.402082381118451e-14
2002823702790_Node0_Node8_Zero,2004.569023,2004.572928,0,,88,7.899475509874455e-13,2.402082381118451e-14
2002827804106_Node0_Node8_Zero,2004.573976,2004.57718,0,,89,8.167576734498291e-13,0
2002831903766_Node0_Node8_Zero,2004.615572,2004.617503,0,,0,7.572525408e-13,0
2002835998998_Node0_Node8_Zero,2004.615572,2004.617503,0,,0,7.572525408e-13,0
2002840100913_Node0_Node8_Zero,2004.636836,2004.639008,0,,0,7.863984058e-13,0
2002844197687_Node0_Node8_Zero,2004.636836,2004.639008,0,,0,7.863984058e-13,0
2002848297594_Node0_Node8_Zero,2004.655334,2004.657245,0,,0,8.738360007999999e-13,0
2002852396320_Node0_Node8_Zero,2004.655334,2004.657245,0,,0,8.738360007999999e-13,0
2002856497639_Node0_Node8_Zero,2004.674567,2004.676718,0,,0,7.572525408e-13,0
2002868790105_Node0_Node8_Zero,2004.674567,2004.676718,0,,0,7.572525408e-13,0
2002864691988_Node0_Node8_Zero,2004.690298,2004.692329,0,,0,8.738360007999999e-13,0
2002872885292_Node0_Node8_Zero,2004.690298,2004.692329,0,,0,8.738360007999999e-13,0
2002881085408_Node0_Node8_Zero,2004.69688,2004.705114,0,,47,7.572525408e-13,0
2002876984231_Node0_Node8_Zero,2004.703864,2004.706164,0,,1,7.907636708959382e-13,0
2002885181566_Node0_Node8_Zero,2004.708,2004.711084,0,,47,7.572525408e-13,0
2002889276091_Node0_Node8_Zero,2004.708,2004.711084,0,,47,7.572525408e-13,0
2002897472283_Node0_Node8_Zero,2004.713949,2004.718919,0,,135,7.572525408e-13,1.1610064636593526e-13
2002893373925_Node0_Node8_Zero,2004.713949,2004.718919,0,,135,7.572525408e-13,1.1610064636593526e-13
2002905659776_Node0_Node8_Zero,2004.716889,2004.721901,0,,89,8.364399137063402e-13,0
2002901566152_Node0_Node8_Zero,2004.736706,2004.737977,0,,0,7.572525408e-13,4.574645199483707e-14
2002909756055_Node0_Node8_Zero,2004.752443,2004.754395,0,,1,8.980300926334938e-13,0
2002913852535_Node0_Node8_Zero,2004.752443,2004.754395,0,,1,8.980300926334938e-13,0
2002917954762_Node0_Node8_Zero,2004.780204,2004.782356,0,,0,2.9145865e-14,2.1413288571428573e-14
2002922051387_Node0_Node8_Zero,2004.780204,2004.782356,0,,0,2.9145865e-14,2.1413288571428573e-14
2002926152300_Node0_Node8_Zero,2004.790155,2004.792086,0,,1,8.980300926334938e-13,0
2002930252553_Node0_Node8_Zero,2004.790155,2004.792086,0,,1,8.980300926334938e-13,0
2002934354366_Node0_Node8_Zero,2004.797722,2004.801816,0,,0,7.572525408e-13,0
2002942548403_Node0_Node8_Zero,2004.797722,2004.801816,0,,0,7.572525408e-13,0
2002938449625_Node0_Node8_Zero,2004.803739,2004.80783,0,,90,8.980300926334938e-13,0
2002946649152_Node0_Node8_Zero,2004.803739,2004.80783,0,,90,8.980300926334938e-13,0
2002950745443_Node0_Node8_Zero,2004.815947,2004.817998,0,,1,3.519438795837345e-14,1.0504447426351258e-13
2002954847653_Node0_Node8_Zero,2004.815947,2004.817998,0,,1,3.519438795837345e-14,1.0504447426351258e-13
2002958950909_Node0_Node8_Zero,2004.835641,2004.837672,0,,0,7.572525408e-13,0
2002963051923_Node0_Node8_Zero,2004.835641,2004.837672,0,,0,7.572525408e-13,0
2002971249361_Node0_Node8_Zero,2004.863593,2004.876981,0,,176,7.572525408e-13,0
2002967146662_Node0_Node8_Zero,2004.863593,2004.876981,0,,176,7.572525408e-13,0
2002975345796_Node0_Node8_Zero,2004.86736,2004.8832,0,,265,7.932480491788394e-13,0
2002979448806_Node0_Node8_Zero,2004.86736,2004.8832,0,,265,7.932480491788394e-13,0
2002983544443_Node0_Node8_Zero,2004.875065,2004.88894,0,,354,3.0290101632e-14,2.10347928e-14
2002987642121_Node0_Node8_Zero,2004.875065,2004.88894,0,,354,3.0290101632e-14,2.10347928e-14
2002991737370_Node0_Node8_Zero,2004.881249,2004.898823,0,,532,7.930267084265146e-13,0
2002995838635_Node0_Node8_Zero,2004.881249,2004.898823,0,,532,7.930267084265146e-13,0
2002999938433_Node0_Node8_Zero,2004.885132,2004.900773,0,,444,7.572525408e-13,0
2003004039677_Node0_Node8_Zero,2004.885132,2004.900773,0,,444,7.572525408e-13,0
2003008135799_Node0_Node8_Zero,2004.887002,2004.90455,0,,445,7.572525408e-13,0
2003012233763_Node0_Node8_Zero,2004.887002,2004.90455,0,,445,7.572525408e-13,0
2003016336135_Node0_Node8_Zero,2004.892739,2004.910375,0,,445,1.4908049796797309e-13,8.945357108361288e-14
2003020432512_Node0_Node8_Zero,2004.892739,2004.910375,0,,445,1.4908049796797309e-13,8.945357108361288e-14
2003024528222_Node0_Node8_Zero,2004.896899,2004.9144,0,,358,7.572525408e-13,0
2003028627886_Node0_Node8_Zero,2004.896899,2004.9144,0,,358,7.572525408e-13,0
2003032723149_Node0_Node8_Zero,2004.92751,2004.928641,0,,1,9.250484794914222e-13,0
2003036825709_Node0_Node8_Zero,2004.937938,2004.939949,0,,1,9.125245843370236e-13,0
2003045016367_Node0_Node8_Zero,2004.937938,2004.939949,0,,1,9.125245843370236e-13,0
2003040920673_Node0_Node8_Zero,2004.948244,2004.950558,0,,0,7.572525408e-13,0
2003053207936_Node0_Node8_Zero,2004.964911,2004.967043,0,,0,7.997650303169884e-13,0
2003049112384_Node0_Node8_Zero,2004.964911,2004.967043,0,,0,7.997650303169884e-13,0
2003057301359_Node0_Node8_Zero,2004.974962,2004.978853,0,,0,4.19700456e-14,0
2003061404651_Node0_Node8_Zero,2004.974962,2004.978853,0,,0,4.19700456e-14,0
2003065503651_Node0_Node8_Zero,2004.982519,2004.986515,0,,88,6.008945598031544e-14,4.1728788875219054e-14
2003069597123_Node0_Node8_Zero,2004.982519,2004.986515,0,,88,6.008945598031544e-14,4.1728788875219054e-14
2003073698085_Node0_Node8_Zero,2004.984509,2004.990498,0,,89,4.7922100105789945e-14,3.327923618457635e-14
2003077793986_Node0_Node8_Zero,2004.984509,2004.990498,0,,89,4.7922100105789945e-14,3.327923618457635e-14
2003085998936_Node0_Node8_Zero,2005.011731,2005.013842,0,,0,8.738360007999999e-13,0
2003081896951_Node0_Node8_Zero,2005.011731,2005.013842,0,,0,8.738360007999999e-13,0
2003094191296_Node0_Node8_Zero,2005.019046,2005.024648,0,,49,7.572525408e-13,0
2003090097015_Node0_Node8_Zero,2005.02878,2005.030071,0,,0,8.2283073705e-13,0
2003102390634_Node0_Node8_Zero,2005.03558,2005.037551,0,,0,3.5752265912785326e-14,2.626697087469942e-14
2003098287368_Node0_Node8_Zero,2005.03558,2005.037551,0,,0,3.5752265912785326e-14,2.626697087469942e-14
2003106484956_Node0_Node8_Zero,2005.048998,2005.050929,0,,0,8.738360007999999e-13,0
2003110583246_Node0_Node8_Zero,2005.048998,2005.050929,0,,0,8.738360007999999e-13,0
2003118782695_Node0_Node8_Zero,2005.060683,2005.062755,0,,0,6.066764139084842e-14,4.2130306521422507e-14
2003114686567_Node0_Node8_Zero,2005.060683,2005.062755,0,,0,6.066764139084842e-14,4.2130306521422507e-14
2003122883590_Node0_Node8_Zero,2005.064587,2005.066718,0,,0,7.572525408e-13,3.560425747590054e-14
2003126981550_Node0_Node8_Zero,2005.064587,2005.066718,0,,0,7.572525408e-13,3.560425747590054e-14
2003131075442_Node0_Node8_Zero,2005.09169,2005.095686,0,,1,9.379288873372688e-13,0
2003135177315_Node0_Node8_Zero,2005.09169,2005.095686,0,,1,9.379288873372688e-13,0
2003139271883_Node0_Node8_Zero,2005.099569,2005.105259,0,,89,6.557819625e-14,4.19700456e-14
2003143367206_Node0_Node8_Zero,2005.099569,2005.105259,0,,89,6.557819625e-14,4.19700456e-14
2003147463055_Node0_Node8_Zero,2005.103314,2005.109083,0,,89,8.395891026234817e-13,0
2003151563287_Node0_Node8_Zero,2005.103314,2005.109083,0,,89,8.395891026234817e-13,0
2003155664109_Node0_Node8_Zero,2005.121504,2005.123575,0,,0,7.572525408e-13,0
2003159760183_Node0_Node8_Zero,2005.121504,2005.123575,0,,0,7.572525408e-13,0
2003163862306_Node0_Node8_Zero,2005.127269,2005.129401,0,,0,7.572525408e-13,0
2003167957427_Node0_Node8_Zero,2005.127269,2005.129401,0,,0,7.572525408e-13,0
2003172052221_Node0_Node8_Zero,2005.137116,2005.139168,0,,0,7.572525408e-13,0
2003176153446_Node0_Node8_Zero,2005.137116,2005.139168,0,,0,7.572525408e-13,0
2003180254075_Node0_Node8_Zero,2005.151743,2005.159486,0,,88,8.2283073705e-13,0
2003184348686_Node0_Node8_Zero,2005.151743,2005.159486,0,,88,8.2283073705e-13,0
2003188451668_Node0_Node8_Zero,2005.15752,2005.161376,0,,1,9.069561399040837e-13,8.420827449604713e-14
2003192553758_Node0_Node8_Zero,2005.15752,2005.161376,0,,1,9.069561399040837e-13,8.420827449604713e-14
2003196649755_Node0_Node8_Zero,2005.165248,2005.169134,0,,88,7.572525408e-13,0
2003200745545_Node0_Node8_Zero,2005.165248,2005.169134,0,,88,7.572525408e-13,0
2003204842564_Node0_Node8_Zero,2005.187814,2005.189985,0,,0,7.992225864e-13,0
2003208940144_Node0_Node8_Zero,2005.187814,2005.189985,0,,0,7.992225864e-13,0
2003213042217_Node0_Node8_Zero,2005.204092,2005.206183,0,,0,7.992225864e-13,0
2003217137420_Node0_Node8_Zero,2005.204092,2005.206183,0,,0,7.992225864e-13,0
2003221237866_Node0_Node8_Zero,2005.217501,2005.219453,0,,0,8.738360007999999e-13,6.557819625e-14
2003225337303_Node0_Node8_Zero,2005.217501,2005.219453,0,,0,8.738360007999999e-13,6.557819625e-14
2003229432700_Node0_Node8_Zero,2005.24145,2005.243421,0,,0,8.738360007999999e-13,0
2003233531348_Node0_Node8_Zero,2005.24145,2005.243421,0,,0,8.738360007999999e-13,0
2003237628495_Node0_Node8_Zero,2005.259316,2005.261347,0,,0,7.572525408e-13,2.931340019052858e-14
2003241723137_Node0_Node8_Zero,2005.259316,2005.261347,0,,0,7.572525408e-13,2.931340019052858e-14
2003245823590_Node0_Node8_Zero,2005.268932,2005.270964,0,,1,9.589780261365226e-13,0
2003249917841_Node0_Node8_Zero,2005.268932,2005.270964,0,,1,9.589780261365226e-13,0
2003258123434_Node0_Node8_Zero,2005.275372,2005.277653,0,,1,3.2382063981148065e-14,2.3790904149414904e-14
2003254020247_Node0_Node8_Zero,2005.282357,2005.283568,0,,1,8.824854606886317e-13,8.014906872872429e-14
2003266326547_Node0_Node8_Zero,2005.295638,2005.297629,0,,0,7.572525408e-13,0
2003262224933_Node0_Node8_Zero,2005.295638,2005.297629,0,,0,7.572525408e-13,0
2003274526424_Node0_Node8_Zero,2005.299544,2005.305225,0,,89,8.534668251961737e-13,0
2003270424674_Node0_Node8_Zero,2005.299544,2005.305225,0,,89,8.534668251961737e-13,0
2003282714039_Node0_Node8_Zero,2005.306302,2005.310511,0,,136,9.863294643919594e-14,6.31250857210854e-14
2003278620624_Node0_Node8_Zero,2005.30935,2005.311781,0,,1,8.558854872391959e-13,0
2003286810269_Node0_Node8_Zero,2005.316712,2005.320671,0,,47,7.572525408e-13,0
2003290911988_Node0_Node8_Zero,2005.316712,2005.320671,0,,47,7.572525408e-13,0
2003299106125_Node0_Node8_Zero,2005.334712,2005.336723,0,,0,8.487734401229214e-13,0
2003295011094_Node0_Node8_Zero,2005.334712,2005.336723,0,,0,8.487734401229214e-13,0
2003307299486_Node0_Node8_Zero,2005.346517,2005.348469,0,,0,8.738360007999999e-13,0
2003303203822_Node0_Node8_Zero,2005.346517,2005.348469,0,,0,8.738360007999999e-13,0
2003311399945_Node0_Node8_Zero,2005.356649,2005.35874,0,,0,8.540296776865465e-13,0
2003315495815_Node0_Node8_Zero,2005.356649,2005.35874,0,,0,8.540296776865465e-13,0
2003319595338_Node0_Node8_Zero,2005.360595,2005.362726,0,,1,9.56190404819443e-13,3.306111821389797e-14
2003323692844_Node0_Node8_Zero,2005.360595,2005.362726,0,,1,9.56190404819443e-13,3.306111821389797e-14
2003327791179_Node0_Node8_Zero,2005.368751,2005.370782,0,,0,7.942993298162973e-13,0
2003331887350_Node0_Node8_Zero,2005.368751,2005.370782,0,,0,7.942993298162973e-13,0
2003335987174_Node0_Node8_Zero,2005.377918,2005.381095,0,,47,7.572525408e-13,0
2003340080897_Node0_Node8_Zero,2005.377918,2005.381095,0,,47,7.572525408e-13,0
2003344175030_Node0_Node8_Zero,2005.379088,2005.384256,0,,90,7.572525408e-13,2.1413288571428573e-14
2003348271043_Node0_Node8_Zero,2005.411191,2005.412523,0,,0,7.572525408e-13,0
2003352366499_Node0_Node8_Zero,2005.426331,2005.432178,0,,89,7.572525408e-13,2.677930777160829e-14
2003356462505_Node0_Node8_Zero,2005.426331,2005.432178,0,,89,7.572525408e-13,2.677930777160829e-14
2003360558472_Node0_Node8_Zero,2005.430155,2005.434148,0,,1,7.572525408e-13,0
2003364660847_Node0_Node8_Zero,2005.430155,2005.434148,0,,1,7.572525408e-13,0
2003368758504_Node0_Node8_Zero,2005.442454,2005.444366,0,,0,8.492691677953975e-13,0
2003372854159_Node0_Node8_Zero,2005.442454,2005.444366,0,,0,8.492691677953975e-13,0
2003376953956_Node0_Node8_Zero,2005.457314,2005.459365,0,,0,7.932379638218931e-13,0
2003381052773_Node0_Node8_Zero,2005.457314,2005.459365,0,,0,7.932379638218931e-13,0
2003385152316_Node0_Node8_Zero,2005.465267,2005.467279,0,,0,1.4645509459580978e-13,8.238099071014301e-14
2003389254299_Node0_Node8_Zero,2005.465267,2005.467279,0,,0,1.4645509459580978e-13,8.238099071014301e-14
2003393348627_Node0_Node8_Zero,2005.481887,2005.483819,0,,0,7.572525408e-13,0
2003397443348_Node0_Node8_Zero,2005.481887,2005.483819,0,,0,7.572525408e-13,0
2003401541558_Node0_Node8_Zero,2005.497327,2005.499318,0,,0,8.738360007999999e-13,6.557819625e-14
2003405644847_Node0_Node8_Zero,2005.497327,2005.499318,0,,0,8.738360007999999e-13,6.557819625e-14
2003409744694_Node0_Node8_Zero,2005.519366,2005.521318,0,,0,7.572525408e-13,6.557819625e-14
2003413840212_Node0_Node8_Zero,2005.519366,2005.521318,0,,0,7.572525408e-13,6.557819625e-14
2003417934823_Node0_Node8_Zero,2005.529501,2005.533477,0,,0,1.1658346e-13,6.557819625e-14
2003422035639_Node0_Node8_Zero,2005.529501,2005.533477,0,,0,1.1658346e-13,6.557819625e-14
2003426129430_Node0_Node8_Zero,2005.537777,2005.541713,0,,0,7.572525408e-13,0
2003430227892_Node0_Node8_Zero,2005.537777,2005.541713,0,,0,7.572525408e-13,0
2003434330362_Node0_Node8_Zero,2005.545946,2005.55002,0,,0,7.997650303169884e-13,0
2003438431366_Node0_Node8_Zero,2005.545946,2005.55002,0,,0,7.997650303169884e-13,0
2003442527395_Node0_Node8_Zero,2005.551933,2005.553984,0,,0,7.924469287583734e-13,0
2003446630180_Node0_Node8_Zero,2005.551933,2005.553984,0,,0,7.924469287583734e-13,0
2003450725112_Node0_Node8_Zero,2005.571885,2005.577825,0,,89,7.932711918936504e-13,0
2003458927843_Node0_Node8_Zero,2005.571885,2005.577825,0,,89,7.932711918936504e-13,0
2003454825221_Node0_Node8_Zero,2005.5759,2005.5816,0,,89,7.9313615632394e-13,0
2003463025898_Node0_Node8_Zero,2005.5759,2005.5816,0,,89,7.9313615632394e-13,0
2003471214069_Node0_Node8_Zero,2005.579671,2005.58351,0,,1,1.8821377931846034e-13,0
2003467119425_Node0_Node8_Zero,2005.579671,2005.58351,0,,1,1.8821377931846034e-13,0
2003475309505_Node0_Node8_Zero,2005.592613,2005.594664,0,,0,7.931363579927708e-13,0
2003479403151_Node0_Node8_Zero,2005.592613,2005.594664,0,,0,7.931363579927708e-13,0
2003487599311_Node0_Node8_Zero,2005.595636,2005.598801,0,,89,7.572525408e-13,0
2003483497441_Node0_Node8_Zero,2005.600879,2005.602231,0,,0,7.572525408e-13,0
2003491699549_Node0_Node8_Zero,2005.625654,2005.627625,0,,0,8.2283073705e-13,0
2003495795435_Node0_Node8_Zero,2005.625654,2005.627625,0,,0,8.2283073705e-13,0
2003503986374_Node0_Node8_Zero,2005.640415,2005.641586,0,,0,8.2283073705e-13,0
2003499889811_Node0_Node8_Zero,2005.644408,2005.64642,0,,0,7.572525408e-13,8.333780485096523e-14
2003508082033_Node0_Node8_Zero,2005.644408,2005.64642,0,,0,7.572525408e-13,8.333780485096523e-14
2003512180927_Node0_Node8_Zero,2005.651838,2005.65319,0,,0,8.738360007999999e-13,0
2003520377166_Node0_Node8_Zero,2005.658046,2005.659337,0,,0,8.738360007999999e-13,0
2003516277761_Node0_Node8_Zero,2005.666746,2005.667877,0,,0,8.738360007999999e-13,6.557819625e-14
2003528581557_Node0_Node8_Zero,2005.674733,2005.676704,0,,0,8.34062078640231e-13,0
2003524478287_Node0_Node8_Zero,2005.674733,2005.676704,0,,0,8.34062078640231e-13,0
2003536782131_Node0_Node8_Zero,2005.681578,2005.682869,0,,0,7.572525408e-13,0
2003532684486_Node0_Node8_Zero,2005.692763,2005.697022,0,,47,7.993828473214225e-13,0
2003544971542_Node0_Node8_Zero,2005.692763,2005.697022,0,,47,7.993828473214225e-13,0
2003540876895_Node0_Node8_Zero,2005.695047,2005.698072,0,,1,4.19700456e-14,2.9145865e-14
2003549072858_Node0_Node8_Zero,2005.728672,2005.730623,0,,1,8.980300926334938e-13,0
2003553169989_Node0_Node8_Zero,2005.728672,2005.730623,0,,1,8.980300926334938e-13,0
2003561360260_Node0_Node8_Zero,2005.735654,2005.739744,0,,0,8.2283073705e-13,0
2003557265592_Node0_Node8_Zero,2005.747801,2005.750998,0,,89,6.557819625e-14,4.19700456e-14
2003569549878_Node0_Node8_Zero,2005.749871,2005.755133,0,,48,8.738360007999999e-13,6.557819625e-14
2003565454704_Node0_Node8_Zero,2005.749871,2005.755133,0,,48,8.738360007999999e-13,6.557819625e-14
2003577744359_Node0_Node8_Zero,2005.756299,2005.759403,0,,89,7.572525408e-13,0
2003573645844_Node0_Node8_Zero,2005.761424,2005.762655,0,,0,7.572525408e-13,0
2003585942031_Node0_Node8_Zero,2005.782972,2005.784323,0,,0,7.992225864e-13,0
2003581844603_Node0_Node8_Zero,2005.795182,2005.797133,0,,0,1.1658346e-13,6.557819625e-14
2003590040927_Node0_Node8_Zero,2005.795182,2005.797133,0,,0,1.1658346e-13,6.557819625e-14
2003594139376_Node0_Node8_Zero,2005.816416,2005.818327,0,,0,8.2283073705e-13,0
2003598237422_Node0_Node8_Zero,2005.816416,2005.818327,0,,0,8.2283073705e-13,0
2003602335619_Node0_Node8_Zero,2005.824436,2005.826387,0,,0,7.572525408e-13,0
2003606432638_Node0_Node8_Zero,2005.824436,2005.826387,0,,0,7.572525408e-13,0
2003610527970_Node0_Node8_Zero,2005.83784,2005.839751,0,,0,1.1658346e-13,6.557819625e-14
2003614628898_Node0_Node8_Zero,2005.83784,2005.839751,0,,0,1.1658346e-13,6.557819625e-14
2003622825013_Node0_Node8_Zero,2005.870547,2005.874543,0,,89,8.2283073705e-13,0
2003618724393_Node0_Node8_Zero,2005.870547,2005.874543,0,,89,8.2283073705e-13,0
2003626920866_Node0_Node8_Zero,2005.872477,2005.878286,0,,89,7.572525408e-13,0
2003631019436_Node0_Node8_Zero,2005.872477,2005.878286,0,,89,7.572525408e-13,0
2003635116295_Node0_Node8_Zero,2005.891969,2005.89394,0,,0,7.572525408e-13,0
2003639215042_Node0_Node8_Zero,2005.891969,2005.89394,0,,0,7.572525408e-13,0
2003643309889_Node0_Node8_Zero,2005.89995,2005.902021,0,,0,7.992225864e-13,0
2003647406277_Node0_Node8_Zero,2005.89995,2005.902021,0,,0,7.992225864e-13,0
2003651504738_Node0_Node8_Zero,2005.91156,2005.913652,0,,0,7.572525408e-13,6.557819625e-14
2003655605192_Node0_Node8_Zero,2005.91156,2005.913652,0,,0,7.572525408e-13,6.557819625e-14
2003659699914_Node0_Node8_Zero,2005.921688,2005.9238,0,,0,7.572525408e-13,0
2003663803154_Node0_Node8_Zero,2005.921688,2005.9238,0,,0,7.572525408e-13,0
2003667902849_Node0_Node8_Zero,2005.937236,2005.939327,0,,0,7.572525408e-13,0
2003672004572_Node0_Node8_Zero,2005.937236,2005.939327,0,,0,7.572525408e-13,0
2003676101021_Node0_Node8_Zero,2005.94908,2005.951271,0,,0,1.1658346e-13,0
2003680197685_Node0_Node8_Zero,2005.94908,2005.951271,0,,0,1.1658346e-13,0
2003684296071_Node0_Node8_Zero,2005.95699,2005.958981,0,,0,7.572525408e-13,0
2003688392226_Node0_Node8_Zero,2005.95699,2005.958981,0,,0,7.572525408e-13,0
2003692488171_Node0_Node8_Zero,2005.968584,2005.970576,0,,0,1.8184035617290382e-13,1.0834545847784566e-13
2003696590561_Node0_Node8_Zero,2005.968584,2005.970576,0,,0,1.8184035617290382e-13,1.0834545847784566e-13
2003700690892_Node0_Node8_Zero,2005.976836,2005.978767,0,,0,7.932502730127265e-13,2.6447313462411344e-14
2003704790882_Node0_Node8_Zero,2005.976836,2005.978767,0,,0,7.932502730127265e-13,2.6447313462411344e-14
2003708889992_Node0_Node8_Zero,2005.990638,2005.992569,0,,0,8.186972647903632e-13,0
2003712984243_Node0_Node8_Zero,2005.990638,2005.992569,0,,0,8.186972647903632e-13,0
2003717086959_Node0_Node8_Zero,2006.010519,2006.012511,0,,0,3.680298184616483e-14,2.7038925437998655e-14
2003721183457_Node0_Node8_Zero,2006.010519,2006.012511,0,,0,3.680298184616483e-14,2.7038925437998655e-14
2003725278369_Node0_Node8_Zero,2006.022258,2006.028037,0,,89,3.0290101632e-14,2.1413288571428573e-14
2003729374388_Node0_Node8_Zero,2006.022258,2006.028037,0,,89,3.0290101632e-14,2.1413288571428573e-14
2003733472539_Node0_Node8_Zero,2006.024168,2006.037555,0,,355,7.572525408e-13,0
2003737571489_Node0_Node8_Zero,2006.024168,2006.037555,0,,355,7.572525408e-13,0
2003741667252_Node0_Node8_Zero,2006.029876,2006.039662,0,,266,7.572525408e-13,0
2003745765024_Node0_Node8_Zero,2006.029876,2006.039662,0,,266,7.572525408e-13,0
2003749862219_Node0_Node8_Zero,2006.033759,2006.045418,0,,267,7.572525408e-13,0
2003758061115_Node0_Node8_Zero,2006.033759,2006.045418,0,,267,7.572525408e-13,0
2003753964874_Node0_Node8_Zero,2006.107857,2006.108968,0,,0,7.572525408e-13,0
2003762158852_Node0_Node8_Zero,2006.119669,2006.1217,0,,0,7.930048067127853e-13,0
2003766256621_Node0_Node8_Zero,2006.119669,2006.1217,0,,0,7.930048067127853e-13,0
2003770355768_Node0_Node8_Zero,2006.131593,2006.13561,0,,89,9.209751511889532e-13,0
2003774457209_Node0_Node8_Zero,2006.131593,2006.13561,0,,89,9.209751511889532e-13,0
2003778558621_Node0_Node8_Zero,2006.133563,2006.137527,0,,2,9.209751511889532e-13,0
2003782652294_Node0_Node8_Zero,2006.133563,2006.137527,0,,2,9.209751511889532e-13,0
2003790847286_Node0_Node8_Zero,2006.152074,2006.153425,0,,0,8.00418299495746e-13,0
2003786748984_Node0_Node8_Zero,2006.164864,2006.166996,0,,0,3.351113009593825e-14,0
2003794942972_Node0_Node8_Zero,2006.164864,2006.166996,0,,0,3.351113009593825e-14,0
2003799038542_Node0_Node8_Zero,2006.168857,2006.170968,0,,0,8.401222389908975e-13,0
2003803131925_Node0_Node8_Zero,2006.168857,2006.170968,0,,0,8.401222389908975e-13,0
2003807231700_Node0_Node8_Zero,2006.171981,2006.174966,0,,88,8.166618737366944e-13,0
2003811334195_Node0_Node8_Zero,2006.198804,2006.200856,0,,0,6.557819625e-14,4.19700456e-14
2003815431696_Node0_Node8_Zero,2006.198804,2006.200856,0,,0,6.557819625e-14,4.19700456e-14
2003819532386_Node0_Node8_Zero,2006.208678,2006.210829,0,,0,7.572525408e-13,2.10347928e-14
2003823634841_Node0_Node8_Zero,2006.208678,2006.210829,0,,0,7.572525408e-13,2.10347928e-14
2003827731624_Node0_Node8_Zero,2006.225822,2006.227933,0,,0,1.1658346e-13,2.931340019052858e-14
2003831829098_Node0_Node8_Zero,2006.225822,2006.227933,0,,0,1.1658346e-13,2.931340019052858e-14
2003835925227_Node0_Node8_Zero,2006.234754,2006.236705,0,,0,8.2283073705e-13,0
2003840020331_Node0_Node8_Zero,2006.234754,2006.236705,0,,0,8.2283073705e-13,0
2003844115919_Node0_Node8_Zero,2006.244119,2006.24609,0,,0,7.863984058e-13,2.1413288571428573e-14
2003848210672_Node0_Node8_Zero,2006.244119,2006.24609,0,,0,7.863984058e-13,2.1413288571428573e-14
2003852304791_Node0_Node8_Zero,2006.257867,2006.260058,0,,0,3.9898794703775013e-14,2.931340019052858e-14
2003856401223_Node0_Node8_Zero,2006.257867,2006.260058,0,,0,3.9898794703775013e-14,2.931340019052858e-14
2003860495734_Node0_Node8_Zero,2006.271731,2006.273882,0,,0,8.179201821908484e-13,0
2003864597756_Node0_Node8_Zero,2006.271731,2006.273882,0,,0,8.179201821908484e-13,0
2003868691386_Node0_Node8_Zero,2006.29163,2006.293622,0,,0,7.992225864e-13,0
2003872793949_Node0_Node8_Zero,2006.29163,2006.293622,0,,0,7.992225864e-13,0
2003876888309_Node0_Node8_Zero,2006.307238,2006.309429,0,,1,8.844975419645388e-13,0
2003880983024_Node0_Node8_Zero,2006.307238,2006.309429,0,,1,8.844975419645388e-13,0
2003889183012_Node0_Node8_Zero,2006.317851,2006.320042,0,,1,9.168477196151e-13,0
2003885082968_Node0_Node8_Zero,2006.317851,2006.320042,0,,1,9.168477196151e-13,0
2003893276515_Node0_Node8_Zero,2006.338755,2006.342751,0,,88,1.1658346e-13,6.557819625e-14
2003897377447_Node0_Node8_Zero,2006.338755,2006.342751,0,,88,1.1658346e-13,6.557819625e-14
2003901477826_Node0_Node8_Zero,2006.340825,2006.346595,0,,89,1.1658346e-13,6.557819625e-14
2003905575555_Node0_Node8_Zero,2006.340825,2006.346595,0,,89,1.1658346e-13,6.557819625e-14
2003909672973_Node0_Node8_Zero,2006.357117,2006.361091,0,,0,1.1658346e-13,0
2003913769667_Node0_Node8_Zero,2006.357117,2006.361091,0,,0,1.1658346e-13,0
2003921963649_Node0_Node8_Zero,2006.364964,2006.367055,0,,0,1.1658346e-13,6.557819625e-14
2003917867504_Node0_Node8_Zero,2006.364964,2006.367055,0,,0,1.1658346e-13,6.557819625e-14
2003930167425_Node0_Node8_Zero,2006.377398,2006.379429,0,,0,7.572525408e-13,0
2003926064682_Node0_Node8_Zero,2006.377398,2006.379429,0,,0,7.572525408e-13,0
2003934261011_Node0_Node8_Zero,2006.383506,2006.385478,0,,1,9.225603898682775e-13,9.298566510090616e-14
2003938359314_Node0_Node8_Zero,2006.383506,2006.385478,0,,1,9.225603898682775e-13,9.298566510090616e-14
2003942455075_Node0_Node8_Zero,2006.402282,2006.404333,0,,0,1.472195481461737e-13,8.28109958322227e-14
2003946556163_Node0_Node8_Zero,2006.402282,2006.404333,0,,0,1.472195481461737e-13,8.28109958322227e-14
2003950659002_Node0_Node8_Zero,2006.408235,2006.412212,0,,88,8.167633664645799e-13,4.1326962267069406e-14
2003954758116_Node0_Node8_Zero,2006.408235,2006.412212,0,,88,8.167633664645799e-13,4.1326962267069406e-14
2003958859751_Node0_Node8_Zero,2006.410165,2006.414262,0,,0,8.087800121661181e-13,0
2003962961458_Node0_Node8_Zero,2006.410165,2006.414262,0,,0,8.087800121661181e-13,0
2003971162602_Node0_Node8_Zero,2006.422599,2006.42367,0,,0,7.572525408e-13,0
2003967062638_Node0_Node8_Zero,2006.524873,2006.526184,0,,0,8.391877118903131e-13,0
2003975262908_Node0_Node8_Zero,2006.543567,2006.545539,0,,1,8.844975419645388e-13,8.143680074530488e-14
2003979357744_Node0_Node8_Zero,2006.543567,2006.545539,0,,1,8.844975419645388e-13,8.143680074530488e-14
2003987555515_Node0_Node8_Zero,2006.555251,2006.557282,0,,0,8.167633664645799e-13,0
2003983458644_Node0_Node8_Zero,2006.555251,2006.557282,0,,0,8.167633664645799e-13,0
2003995751513_Node0_Node8_Zero,2006.565298,2006.569274,0,,0,7.572525408e-13,0
2003991652710_Node0_Node8_Zero,2006.565298,2006.569274,0,,0,7.572525408e-13,0
2003999853321_Node0_Node8_Zero,2006.571224,2006.573276,0,,0,7.572525408e-13,0
2004003955130_Node0_Node8_Zero,2006.571224,2006.573276,0,,0,7.572525408e-13,0
2004008049879_Node0_Node8_Zero,2006.585313,2006.587264,0,,0,8.738360007999999e-13,0
2004012145492_Node0_Node8_Zero,2006.585313,2006.587264,0,,0,8.738360007999999e-13,0
2004016241834_Node0_Node8_Zero,2006.595215,2006.597126,0,,0,8.738360007999999e-13,0
2004020342371_Node0_Node8_Zero,2006.595215,2006.597126,0,,0,8.738360007999999e-13,0
2004024440485_Node0_Node8_Zero,2006.600887,2006.602998,0,,0,1.1658346e-13,6.557819625e-14
2004028542386_Node0_Node8_Zero,2006.600887,2006.602998,0,,0,1.1658346e-13,6.557819625e-14
2004032638794_Node0_Node8_Zero,2006.621459,2006.62349,0,,0,7.572525408e-13,6.557819625e-14
2004036737994_Node0_Node8_Zero,2006.621459,2006.62349,0,,0,7.572525408e-13,6.557819625e-14
2004040837010_Node0_Node8_Zero,2006.63508,2006.637011,0,,0,8.41391712e-13,4.19700456e-14
2004044933872_Node0_Node8_Zero,2006.63508,2006.637011,0,,0,8.41391712e-13,4.19700456e-14
2004049034671_Node0_Node8_Zero,2006.643041,2006.6489,0,,89,9.030509942232007e-13,0
2004057236991_Node0_Node8_Zero,2006.643041,2006.6489,0,,89,9.030509942232007e-13,0
2004061332495_Node0_Node8_Zero,2006.646878,2006.651006,0,,1,7.572525408e-13,0
2004065431301_Node0_Node8_Zero,2006.646878,2006.651006,0,,1,7.572525408e-13,0
2004069528985_Node0_Node8_Zero,2006.668052,2006.670063,0,,0,7.572525408e-13,0
2004073625245_Node0_Node8_Zero,2006.668052,2006.670063,0,,0,7.572525408e-13,0
2004077719609_Node0_Node8_Zero,2006.679857,2006.683792,0,,0,7.572525408e-13,0
2004081818440_Node0_Node8_Zero,2006.679857,2006.683792,0,,0,7.572525408e-13,0
2004085911808_Node0_Node8_Zero,2006.690809,2006.69282,0,,0,7.572525408e-13,0
2004090006593_Node0_Node8_Zero,2006.690809,2006.69282,0,,0,7.572525408e-13,0
2004094106718_Node0_Node8_Zero,2006.699541,2006.701532,0,,0,7.572525408e-13,0
2004098209428_Node0_Node8_Zero,2006.699541,2006.701532,0,,0,7.572525408e-13,0
2004102304666_Node0_Node8_Zero,2006.738135,2006.740247,0,,0,8.2283073705e-13,0
2004106399321_Node0_Node8_Zero,2006.738135,2006.740247,0,,0,8.2283073705e-13,0
2004114593503_Node0_Node8_Zero,2006.748692,2006.750663,0,,0,7.572525408e-13,0
2004110498857_Node0_Node8_Zero,2006.748692,2006.750663,0,,0,7.572525408e-13,0
2004122797076_Node0_Node8_Zero,2006.755742,2006.756853,0,,0,7.863984058e-13,2.1413288571428573e-14
2004118696039_Node0_Node8_Zero,2006.761206,2006.762357,0,,0,7.572525408e-13,0
2004126890842_Node0_Node8_Zero,2006.790238,2006.792289,0,,0,7.572525408e-13,0
2004130990492_Node0_Node8_Zero,2006.790238,2006.792289,0,,0,7.572525408e-13,0
2004139183171_Node0_Node8_Zero,2006.799043,2006.800174,0,,0,7.572525408e-13,0
2004135085931_Node0_Node8_Zero,2006.803735,2006.804846,0,,0,7.572525408e-13,0
2004143281298_Node0_Node8_Zero,2006.816642,2006.820457,0,,0,7.572525408e-13,2.585710135717233e-14
2004147383425_Node0_Node8_Zero,2006.816642,2006.820457,0,,0,7.572525408e-13,2.585710135717233e-14
2004155574276_Node0_Node8_Zero,2006.822377,2006.828475,0,,88,3.599773221272655e-14,2.6447313462411344e-14
2004151479066_Node0_Node8_Zero,2006.822377,2006.828475,0,,88,3.599773221272655e-14,2.6447313462411344e-14
2004159674082_Node0_Node8_Zero,2006.834476,2006.835747,0,,0,7.572525408e-13,0
2004163773740_Node0_Node8_Zero,2006.839241,2006.840512,0,,0,7.572525408e-13,0
2004167867112_Node0_Node8_Zero,2006.85028,2006.852232,0,,1,1.4726029527504472e-13,0
2004171969385_Node0_Node8_Zero,2006.85028,2006.852232,0,,1,1.4726029527504472e-13,0
2004180170438_Node0_Node8_Zero,2006.863192,2006.865323,0,,0,8.2283073705e-13,0
2004176072209_Node0_Node8_Zero,2006.863192,2006.865323,0,,0,8.2283073705e-13,0
2004184270334_Node0_Node8_Zero,2006.879378,2006.881349,0,,0,7.572525408e-13,0
2004188373374_Node0_Node8_Zero,2006.879378,2006.881349,0,,0,7.572525408e-13,0
2004192467683_Node0_Node8_Zero,2006.899669,2006.90174,0,,0,8.738360007999999e-13,0
2004196565708_Node0_Node8_Zero,2006.899669,2006.90174,0,,0,8.738360007999999e-13,0
2004200664410_Node0_Node8_Zero,2006.921299,2006.92341,0,,0,7.572525408e-13,0
2004204767662_Node0_Node8_Zero,2006.921299,2006.92341,0,,0,7.572525408e-13,0
2004208866978_Node0_Node8_Zero,2006.932026,2006.934197,0,,0,7.572525408e-13,0
2004212962258_Node0_Node8_Zero,2006.932026,2006.934197,0,,0,7.572525408e-13,0
2004217058181_Node0_Node8_Zero,2006.94467,2006.946861,0,,0,7.572525408e-13,0
2004221160052_Node0_Node8_Zero,2006.94467,2006.946861,0,,0,7.572525408e-13,0
2004229354283_Node0_Node8_Zero,2006.951791,2006.953042,0,,0,8.17310953054956e-13,0
2004225259951_Node0_Node8_Zero,2006.955398,2006.957621,0,,48,9.04877885926672e-13,0
2004233449002_Node0_Node8_Zero,2007.017353,2007.019285,0,,0,8.738360007999999e-13,0
2004237546597_Node0_Node8_Zero,2007.017353,2007.019285,0,,0,8.738360007999999e-13,0
2004245749646_Node0_Node8_Zero,2007.025286,2007.027477,0,,1,9.240814637304335e-13,2.3720478195785212e-14
2004241647490_Node0_Node8_Zero,2007.025286,2007.027477,0,,1,9.240814637304335e-13,2.3720478195785212e-14
2004253949251_Node0_Node8_Zero,2007.033029,2007.03511,0,,0,4.19700456e-14,2.9145865e-14
2004249849527_Node0_Node8_Zero,2007.038925,2007.040076,0,,0,1.5101686180954865e-13,1.1636389395845845e-13
2004262153700_Node0_Node8_Zero,2007.049956,2007.052007,0,,1,9.093328178137024e-13,0
2004258051512_Node0_Node8_Zero,2007.049956,2007.052007,0,,1,9.093328178137024e-13,0
2004266250674_Node0_Node8_Zero,2007.059042,2007.061053,0,,0,8.045808246e-13,0
2004270347946_Node0_Node8_Zero,2007.059042,2007.061053,0,,0,8.045808246e-13,0
2004274446590_Node0_Node8_Zero,2007.068965,2007.070976,0,,0,1.472195481461737e-13,8.28109958322227e-14
2004278544923_Node0_Node8_Zero,2007.068965,2007.070976,0,,0,1.472195481461737e-13,8.28109958322227e-14
2004282643537_Node0_Node8_Zero,2007.084789,2007.0867,0,,0,8.738360007999999e-13,0
2004286746277_Node0_Node8_Zero,2007.084789,2007.0867,0,,0,8.738360007999999e-13,0
2004290846861_Node0_Node8_Zero,2007.095754,2007.097825,0,,0,8.41391712e-13,4.19700456e-14
2004294944611_Node0_Node8_Zero,2007.095754,2007.097825,0,,0,8.41391712e-13,4.19700456e-14
2004307239396_Node0_Node8_Zero,2007.107836,2007.109767,0,,0,8.738360007999999e-13,6.557819625e-14
2004299044076_Node0_Node8_Zero,2007.107836,2007.109767,0,,0,8.738360007999999e-13,6.557819625e-14
2004303138892_Node0_Node8_Zero,2007.113075,2007.114146,0,,1,9.155432315326084e-13,6.557819625e-14
2004311340770_Node0_Node8_Zero,2007.122259,2007.125325,0,,0,7.971513355037749e-13,0
2004315443921_Node0_Node8_Zero,2007.122259,2007.125325,0,,0,7.971513355037749e-13,0
2004319542017_Node0_Node8_Zero,2007.127197,2007.131181,0,,89,8.389130016731846e-13,0
2004323644775_Node0_Node8_Zero,2007.127197,2007.131181,0,,89,8.389130016731846e-13,0
2004327743088_Node0_Node8_Zero,2007.132201,2007.135365,0,,89,9.208148517353623e-13,0
2004331844067_Node0_Node8_Zero,2007.140502,2007.141613,0,,0,1.5485391542796615e-13,8.710532742823096e-14
2004335941641_Node0_Node8_Zero,2007.148065,2007.149196,0,,0,1.1658346e-13,6.557819625e-14
2004340042889_Node0_Node8_Zero,2007.154678,2007.160757,0,,46,8.738360007999999e-13,0
2004344136867_Node0_Node8_Zero,2007.154678,2007.160757,0,,46,8.738360007999999e-13,0
2004352339019_Node0_Node8_Zero,2007.157781,2007.161807,0,,0,8.389758042702069e-13,0
2004348239243_Node0_Node8_Zero,2007.162806,2007.16591,0,,89,8.389758042702069e-13,0
2004356436732_Node0_Node8_Zero,2007.175912,2007.176983,0,,1,9.168477196151e-13,0
2004360532993_Node0_Node8_Zero,2007.180221,2007.182292,0,,0,7.572525408e-13,0
2004364628662_Node0_Node8_Zero,2007.180221,2007.182292,0,,0,7.572525408e-13,0
2004368727669_Node0_Node8_Zero,2007.183345,2007.18908,0,,139,9.246679938681337e-13,0
2004372823285_Node0_Node8_Zero,2007.192936,2007.194867,0,,0,7.572525408e-13,0
2004381018814_Node0_Node8_Zero,2007.192936,2007.194867,0,,0,7.572525408e-13,0
2004376919983_Node0_Node8_Zero,2007.226936,2007.229087,0,,0,7.572525408e-13,0
2004385112675_Node0_Node8_Zero,2007.226936,2007.229087,0,,0,7.572525408e-13,0
2004393308880_Node0_Node8_Zero,2007.238912,2007.244648,0,,88,8.738360007999999e-13,0
2004389209321_Node0_Node8_Zero,2007.238912,2007.244648,0,,88,8.738360007999999e-13,0
2004397405366_Node0_Node8_Zero,2007.242724,2007.246618,0,,0,6.557819625e-14,4.19700456e-14
2004401506932_Node0_Node8_Zero,2007.242724,2007.246618,0,,0,6.557819625e-14,4.19700456e-14
2004405602935_Node0_Node8_Zero,2007.255537,2007.261324,0,,89,8.738360007999999e-13,0
2004409706289_Node0_Node8_Zero,2007.255537,2007.261324,0,,89,8.738360007999999e-13,0
2004413804017_Node0_Node8_Zero,2007.259359,2007.263274,0,,1,7.572525408e-13,2.6988341378883487e-14
2004417904458_Node0_Node8_Zero,2007.259359,2007.263274,0,,1,7.572525408e-13,2.6988341378883487e-14
2004422002514_Node0_Node8_Zero,2007.279505,2007.281576,0,,0,7.572525408e-13,0
2004426101973_Node0_Node8_Zero,2007.279505,2007.281576,0,,0,7.572525408e-13,0
2004434300033_Node0_Node8_Zero,2007.289272,2007.29536,0,,136,9.069561399040837e-13,0
2004430204506_Node0_Node8_Zero,2007.289272,2007.29536,0,,136,9.069561399040837e-13,0
2004438395622_Node0_Node8_Zero,2007.291183,2007.2991,0,,136,8.374064698197675e-13,0
2004442498455_Node0_Node8_Zero,2007.291183,2007.2991,0,,136,8.374064698197675e-13,0
2004450693203_Node0_Node8_Zero,2007.293418,2007.301195,0,,136,1.497035991040838e-13,8.420827449604713e-14
2004446597897_Node0_Node8_Zero,2007.300086,2007.302326,0,,2,9.069561399040837e-13,0
2004454794826_Node0_Node8_Zero,2007.313425,2007.317249,0,,0,7.572525408e-13,0
2004458897864_Node0_Node8_Zero,2007.313425,2007.317249,0,,0,7.572525408e-13,0
2004462999921_Node0_Node8_Zero,2007.31914,2007.323166,0,,89,8.738360007999999e-13,0
2004467101335_Node0_Node8_Zero,2007.31914,2007.323166,0,,89,8.738360007999999e-13,0
2004475298643_Node0_Node8_Zero,2007.328481,2007.329712,0,,0,8.364399137063402e-13,5.067991866005776e-14
2004471201832_Node0_Node8_Zero,2007.340465,2007.341637,0,,0,7.572525408e-13,0
2004479393366_Node0_Node8_Zero,2007.350068,2007.352199,0,,0,5.984841639955228e-14,4.1561400277466856e-14
2004483495557_Node0_Node8_Zero,2007.350068,2007.352199,0,,0,5.984841639955228e-14,4.1561400277466856e-14
2004487595501_Node0_Node8_Zero,2007.361857,2007.363928,0,,0,8.738360007999999e-13,6.557819625e-14
2004491691560_Node0_Node8_Zero,2007.361857,2007.363928,0,,0,8.738360007999999e-13,6.557819625e-14
2004495787042_Node0_Node8_Zero,2007.374292,2007.376243,0,,1,9.164721170377921e-13,0
2004499889670_Node0_Node8_Zero,2007.374292,2007.376243,0,,1,9.164721170377921e-13,0
2004503986548_Node0_Node8_Zero,2007.394791,2007.398707,0,,88,7.572525408e-13,0
2004508088757_Node0_Node8_Zero,2007.394791,2007.398707,0,,88,7.572525408e-13,0
2004512191980_Node0_Node8_Zero,2007.396661,2007.400697,0,,0,7.572525408e-13,0
2004516287169_Node0_Node8_Zero,2007.396661,2007.400697,0,,0,7.572525408e-13,0
2004520389507_Node0_Node8_Zero,2007.404399,2007.40631,0,,1,9.102856141558002e-13,2.677930777160829e-14
2004524492029_Node0_Node8_Zero,2007.404399,2007.40631,0,,1,9.102856141558002e-13,2.677930777160829e-14
2004528591727_Node0_Node8_Zero,2007.437291,2007.439202,0,,1,9.271759576334939e-13,0
2004532689763_Node0_Node8_Zero,2007.437291,2007.439202,0,,1,9.271759576334939e-13,0
2004536784321_Node0_Node8_Zero,2007.445397,2007.447308,0,,0,8.738360007999999e-13,0
2004540887585_Node0_Node8_Zero,2007.445397,2007.447308,0,,0,8.738360007999999e-13,0
2004544987645_Node0_Node8_Zero,2007.465334,2007.46929,0,,0,7.997650303169884e-13,0
2004549081959_Node0_Node8_Zero,2007.465334,2007.46929,0,,0,7.997650303169884e-13,0
2004553176948_Node0_Node8_Zero,2007.476948,2007.482721,0,,90,9.091257777698878e-13,0
2004557275553_Node0_Node8_Zero,2007.476948,2007.482721,0,,90,9.091257777698878e-13,0
2004561376124_Node0_Node8_Zero,2007.478858,2007.486859,0,,91,7.572525408e-13,0
2004565471949_Node0_Node8_Zero,2007.478858,2007.486859,0,,91,7.572525408e-13,0
2004569569972_Node0_Node8_Zero,2007.493653,2007.497571,0,,0,2.9145865e-14,0
2004573666567_Node0_Node8_Zero,2007.493653,2007.497571,0,,0,2.9145865e-14,0
2004577760897_Node0_Node8_Zero,2007.499406,2007.503231,0,,89,7.572525408e-13,0
2004581862336_Node0_Node8_Zero,2007.499406,2007.503231,0,,89,7.572525408e-13,0
2004590062860_Node0_Node8_Zero,2007.521069,2007.528861,0,,89,7.572525408e-13,0
2004585961686_Node0_Node8_Zero,2007.521069,2007.528861,0,,89,7.572525408e-13,0
2004594163271_Node0_Node8_Zero,2007.523039,2007.532779,0,,90,7.572525408e-13,2.1413288571428573e-14
2004598264844_Node0_Node8_Zero,2007.523039,2007.532779,0,,90,7.572525408e-13,2.1413288571428573e-14
2004602358863_Node0_Node8_Zero,2007.538786,2007.540697,0,,0,1.407775518334938e-13,7.918737290634025e-14
2004606457283_Node0_Node8_Zero,2007.538786,2007.540697,0,,0,1.407775518334938e-13,7.918737290634025e-14
2004610554239_Node0_Node8_Zero,2007.545518,2007.551257,0,,89,4.19700456e-14,2.9145865e-14
2004614653107_Node0_Node8_Zero,2007.545518,2007.551257,0,,89,4.19700456e-14,2.9145865e-14
2004618747047_Node0_Node8_Zero,2007.547408,2007.559109,0,,179,7.572525408e-13,0
2004622844086_Node0_Node8_Zero,2007.547408,2007.559109,0,,179,7.572525408e-13,0
2004626942368_Node0_Node8_Zero,2007.557107,2007.564897,0,,179,4.6190178786444867e-14,3.393564155738807e-14
2004631042759_Node0_Node8_Zero,2007.557107,2007.564897,0,,179,4.6190178786444867e-14,3.393564155738807e-14
2004639238103_Node0_Node8_Zero,2007.562919,2007.57102,0,,90,8.000144449760771e-13,0
2004635143735_Node0_Node8_Zero,2007.562919,2007.57102,0,,90,8.000144449760771e-13,0
2004647434779_Node0_Node8_Zero,2007.578717,2007.580648,0,,0,7.572525408e-13,0
2004643338010_Node0_Node8_Zero,2007.578717,2007.580648,0,,0,7.572525408e-13,0
2004651533598_Node0_Node8_Zero,2007.610283,2007.614359,0,,89,1.1658346e-13,6.557819625e-14
2004655636082_Node0_Node8_Zero,2007.610283,2007.614359,0,,89,1.1658346e-13,6.557819625e-14
2004659732730_Node0_Node8_Zero,2007.612233,2007.620145,0,,89,8.2283073705e-13,0
2004663831404_Node0_Node8_Zero,2007.612233,2007.620145,0,,89,8.2283073705e-13,0
2004667932595_Node0_Node8_Zero,2007.621957,2007.626479,0,,89,9.200379990114126e-14,5.88824319367304e-14
2004672034431_Node0_Node8_Zero,2007.621957,2007.626479,0,,89,9.200379990114126e-14,5.88824319367304e-14
2004680225286_Node0_Node8_Zero,2007.632358,2007.633689,0,,0,7.572525408e-13,0
2004676129997_Node0_Node8_Zero,2007.647499,2007.653299,0,,89,4.27585171709597e-14,3.1414420778664274e-14
2004688413001_Node0_Node8_Zero,2007.647499,2007.653299,0,,89,4.27585171709597e-14,3.1414420778664274e-14
2004684319315_Node0_Node8_Zero,2007.651273,2007.659166,0,,179,9.165945179709597e-13,0
2004692510994_Node0_Node8_Zero,2007.651273,2007.659166,0,,179,9.165945179709597e-13,0
2004696612965_Node0_Node8_Zero,2007.655157,2007.661126,0,,90,8.364399137063402e-13,0
2004704805158_Node0_Node8_Zero,2007.655157,2007.661126,0,,90,8.364399137063402e-13,0
2004700708240_Node0_Node8_Zero,2007.669303,2007.670535,0,,0,2.9145865e-14,2.1413288571428573e-14
2004708907510_Node0_Node8_Zero,2007.681699,2007.68373,0,,1,9.088227364138886e-13,8.525823503281233e-14
2004713005510_Node0_Node8_Zero,2007.681699,2007.68373,0,,1,9.088227364138886e-13,8.525823503281233e-14
2004717106631_Node0_Node8_Zero,2007.691983,2007.694074,0,,0,7.572525408e-13,0
2004729390191_Node0_Node8_Zero,2007.691983,2007.694074,0,,0,7.572525408e-13,0
2004733487064_Node0_Node8_Zero,2007.703589,2007.70568,0,,0,7.572525408e-13,0
2004725294997_Node0_Node8_Zero,2007.703589,2007.70568,0,,0,7.572525408e-13,0
2004737583419_Node0_Node8_Zero,2007.707497,2007.709408,0,,0,7.572525408e-13,0
2004741678935_Node0_Node8_Zero,2007.707497,2007.709408,0,,0,7.572525408e-13,0
2004745777767_Node0_Node8_Zero,2007.718053,2007.720045,0,,1,9.069561399040837e-13,0
2004749872187_Node0_Node8_Zero,2007.718053,2007.720045,0,,1,9.069561399040837e-13,0
2004758064722_Node0_Node8_Zero,2007.725242,2007.726554,0,,0,3.5752265912785326e-14,2.626697087469942e-14
2004753965816_Node0_Node8_Zero,2007.744598,2007.74575,0,,0,8.2283073705e-13,4.19700456e-14
2004762161077_Node0_Node8_Zero,2007.753651,2007.755742,0,,0,7.905317769845763e-13,0
2004766258521_Node0_Node8_Zero,2007.753651,2007.755742,0,,0,7.905317769845763e-13,0
2004774455431_Node0_Node8_Zero,2007.779187,2007.779187,1,Expiry,0,1.11482933625e-12,nan
2004778551681_Node0_Node8_Zero,2007.781177,2007.781177,1,Expiry,0,6.557819625e-14,nan
2004782647335_Node0_Node8_Zero,2007.781177,2007.782469,0,,0,8.41391712e-13,0
2004790839474_Node0_Node8_Zero,2007.785878,2007.787009,0,,0,7.572525408e-13,0
2004807228839_Node0_Node8_Zero,2007.807724,2007.807724,1,Expiry,0,1.11482933625e-12,nan
2004815426572_Node0_Node8_Zero,2007.81758,2007.81758,1,Expiry,0,1.11482933625e-12,nan
2004819523658_Node0_Node8_Zero,2007.81955,2007.81955,1,Expiry,0,1.0912211856e-12,nan
2004823617780_Node0_Node8_Zero,2007.81955,2007.820881,0,,0,8.14706805173436e-13,0
2004856400181_Node0_Node8_Zero,2007.853728,2007.8548,0,,0,6.557819625e-14,4.19700456e-14
2004864589959_Node0_Node8_Zero,2007.85936,2007.860572,0,,0,1.1658346e-13,6.557819625e-14
2004868691593_Node0_Node8_Zero,2007.868655,2007.870746,0,,1,9.137347955037749e-13,6.557819625e-14
2004872791049_Node0_Node8_Zero,2007.868655,2007.870746,0,,1,9.137347955037749e-13,6.557819625e-14
2004880987464_Node0_Node8_Zero,2007.874824,2007.879412,0,,49,3.6906336281668e-14,0
2004897376805_Node0_Node8_Zero,2007.895237,2007.896348,0,,1,8.980300926334938e-13,2.1413288571428573e-14
2004905577231_Node0_Node8_Zero,2007.90263,2007.903821,0,,0,8.738360007999999e-13,0
2004913773369_Node0_Node8_Zero,2007.914805,2007.914805,1,Expiry,0,1.0965794237999999e-12,nan
2004934279017_Node0_Node8_Zero,2007.935255,2007.935255,1,Expiry,0,6.557819625e-14,nan
2004983445468_Node0_Node8_Zero,2007.982637,2007.983969,0,,0,7.572525408e-13,0
2005016227821_Node0_Node8_Zero,2008.016097,2008.017248,0,,0,8.2283073705e-13,4.19700456e-14
2005061304870_Node0_Node8_Zero,2008.062967,2008.062967,1,Expiry,0,1.254187305210924e-12,nan
2005077693854_Node0_Node8_Zero,2008.072017,2008.074008,0,,0,7.572525408e-13,0
2005081787301_Node0_Node8_Zero,2008.072017,2008.074008,0,,0,7.572525408e-13,0
2005085885876_Node0_Node8_Zero,2008.086137,2008.086137,1,Expiry,0,1.2703100707256113e-12,nan
2005089983208_Node0_Node8_Zero,2008.086137,2008.087469,0,,0,7.572525408e-13,0
2005098179705_Node0_Node8_Zero,2008.093189,2008.095606,0,,1,9.069561399040837e-13,0
2005102279334_Node0_Node8_Zero,2008.10735,2008.10735,1,Expiry,0,1.04925114e-12,nan
2005106381037_Node0_Node8_Zero,2008.10735,2008.10735,1,Expiry,0,1.04925114e-12,nan
2005114580129_Node0_Node8_Zero,2008.113969,2008.115261,0,,0,7.863984058e-13,0
2005122777325_Node0_Node8_Zero,2008.125234,2008.125234,1,Expiry,0,1.3056013374895225e-12,nan
2005130971218_Node0_Node8_Zero,2008.127164,2008.128435,0,,0,7.572525408e-13,4.73282838e-14
2005126874084_Node0_Node8_Zero,2008.127164,2008.127164,1,Expiry,0,1.3056013374895225e-12,nan
2005135066501_Node0_Node8_Zero,2008.134204,2008.136235,0,,0,8.738360007999999e-13,0
2005139162433_Node0_Node8_Zero,2008.134204,2008.136235,0,,0,8.738360007999999e-13,0
2005155567708_Node0_Node8_Zero,2008.154211,2008.155482,0,,0,8.2283073705e-13,0
2005167873497_Node0_Node8_Zero,2008.169354,2008.169354,1,Expiry,0,1.3396773664813194e-13,nan
2005171975743_Node0_Node8_Zero,2008.177125,2008.177125,1,Expiry,0,1.1784548137030644e-12,nan
2005176076434_Node0_Node8_Zero,2008.177125,2008.177125,1,Expiry,0,1.1784548137030644e-12,nan
2005180179669_Node0_Node8_Zero,2008.182399,2008.182399,1,Expiry,0,1.3056013374895225e-12,nan
2005184281251_Node0_Node8_Zero,2008.182399,2008.18371,0,,0,1.1658346e-13,0
2005192479026_Node0_Node8_Zero,2008.187705,2008.189057,0,,0,1.1658346e-13,6.557819625e-14
2005225268939_Node0_Node8_Zero,2008.22515,2008.226421,0,,1,9.069561399040837e-13,0
2005233466442_Node0_Node8_Zero,2008.230882,2008.232153,0,,0,6.557819625e-14,4.19700456e-14
2005249851867_Node0_Node8_Zero,2008.249795,2008.250906,0,,0,7.572525408e-13,0
2005258054576_Node0_Node8_Zero,2008.258056,2008.258056,1,Expiry,0,1.254187305210924e-12,nan
2005253951641_Node0_Node8_Zero,2008.258056,2008.258056,1,Expiry,0,1.254187305210924e-12,nan
2005262148422_Node0_Node8_Zero,2008.260026,2008.26783,0,,89,8.738360007999999e-13,6.557819625e-14
2005266250260_Node0_Node8_Zero,2008.260026,2008.26783,0,,89,8.738360007999999e-13,6.557819625e-14
2005270348501_Node0_Node8_Zero,2008.265823,2008.26982,0,,1,8.2283073705e-13,0
2005274444095_Node0_Node8_Zero,2008.265823,2008.26982,0,,1,8.2283073705e-13,0
2005278547360_Node0_Node8_Zero,2008.271624,2008.275608,0,,88,7.572525408e-13,0
2005282641557_Node0_Node8_Zero,2008.271624,2008.275608,0,,88,7.572525408e-13,0
2005290844337_Node0_Node8_Zero,2008.28495,2008.286981,0,,1,9.168477196151e-13,0
2005286743129_Node0_Node8_Zero,2008.28495,2008.286981,0,,1,9.168477196151e-13,0
2005311337940_Node0_Node8_Zero,2008.311917,2008.311917,1,Expiry,0,6.557819625e-14,nan
2005323628196_Node0_Node8_Zero,2008.322695,2008.324067,0,,0,7.572525408e-13,0
2005331818604_Node0_Node8_Zero,2008.331592,2008.332703,0,,0,8.2283073705e-13,0
2005340012214_Node0_Node8_Zero,2008.338979,2008.34011,0,,0,7.680953784023101e-14,0
2005348214459_Node0_Node8_Zero,2008.346404,2008.347515,0,,0,1.1658346e-13,6.557819625e-14
2005372798498_Node0_Node8_Zero,2008.371778,2008.37297,0,,0,7.572525408e-13,0
2005385096892_Node0_Node8_Zero,2008.385676,2008.385676,1,Expiry,0,1.1751733723339751e-12,nan
2005393295234_Node0_Node8_Zero,2008.389681,2008.390892,0,,0,7.572525408e-13,0
2005397394094_Node0_Node8_Zero,2008.397897,2008.397897,1,Expiry,0,4.599307391241669e-14,nan
2005409689289_Node0_Node8_Zero,2008.406342,2008.407433,0,,0,8.738360007999999e-13,6.557819625e-14
2005417882779_Node0_Node8_Zero,2008.411623,2008.412975,0,,0,7.572525408e-13,0
2005430172725_Node0_Node8_Zero,2008.432329,2008.432329,1,Expiry,0,1.385233310996722e-12,nan
2005434270717_Node0_Node8_Zero,2008.432329,2008.434666,0,,48,9.151629630670693e-13,0
2005438371666_Node0_Node8_Zero,2008.433439,2008.435767,0,,2,7.572525408e-13,0
2005450659084_Node0_Node8_Zero,2008.451051,2008.451051,1,Expiry,0,4.19700456e-14,nan
2005487541033_Node0_Node8_Zero,2008.486915,2008.487986,0,,1,8.980300926334938e-13,0
2005495739774_Node0_Node8_Zero,2008.49195,2008.493301,0,,0,8.2283073705e-13,0
2005512135212_Node0_Node8_Zero,2008.512922,2008.512922,1,Expiry,0,1.254187305210924e-12,nan
2005520332384_Node0_Node8_Zero,2008.518516,2008.519788,0,,0,8.738360007999999e-13,0
2005544918491_Node0_Node8_Zero,2008.542952,2008.544243,0,,0,8.2283073705e-13,0
2005549019767_Node0_Node8_Zero,2008.551987,2008.551987,1,Expiry,0,1.1886091089609241e-12,nan
2005553113689_Node0_Node8_Zero,2008.551987,2008.553079,0,,0,7.572525408e-13,0
2005561316617_Node0_Node8_Zero,2008.571678,2008.571678,1,Expiry,0,9.298566510090616e-14,nan
2005569514718_Node0_Node8_Zero,2008.573803,2008.573803,1,Expiry,0,1.3999721827860253e-12,nan
2005573608752_Node0_Node8_Zero,2008.573803,2008.573803,1,Expiry,0,1.3999721827860253e-12,nan
2005577707938_Node0_Node8_Zero,2008.577778,2008.577778,1,Expiry,0,4.2130306521422507e-14,nan
2005581805293_Node0_Node8_Zero,2008.577778,2008.57903,0,,0,8.738360007999999e-13,0
2005590004301_Node0_Node8_Zero,2008.583036,2008.585048,0,,0,7.572525408e-13,0
2005585902087_Node0_Node8_Zero,2008.583036,2008.585048,0,,0,7.572525408e-13,0
2005594106111_Node0_Node8_Zero,2008.587,2008.597564,0,,228,7.932502730127265e-13,0
2005598206611_Node0_Node8_Zero,2008.587,2008.597564,0,,228,7.932502730127265e-13,0
2005602303463_Node0_Node8_Zero,2008.595444,2008.606557,1,Expiry,0,4.8008168536223635e-14,nan
2005618703937_Node0_Node8_Zero,2008.63491,2008.63491,1,Expiry,0,1.2742363791802052e-12,nan
2005647383120_Node0_Node8_Zero,2008.646893,2008.648904,0,,0,8.738360007999999e-13,0
2005651483148_Node0_Node8_Zero,2008.646893,2008.648904,0,,0,8.738360007999999e-13,0
2005663784144_Node0_Node8_Zero,2008.658068,2008.660179,0,,0,7.572525408e-13,0
2005659687900_Node0_Node8_Zero,2008.658068,2008.660179,0,,0,7.572525408e-13,0
2005671978845_Node0_Node8_Zero,2008.668747,2008.671232,0,,1,8.738360007999999e-13,6.557819625e-14
2005725259709_Node0_Node8_Zero,2008.718534,2008.719705,0,,0,8.2283073705e-13,0
2005729355141_Node0_Node8_Zero,2008.730518,2008.730518,1,Expiry,0,1.254187305210924e-12,nan
2005758045748_Node0_Node8_Zero,2008.753285,2008.754437,0,,0,7.572525408e-13,0
2005762149009_Node0_Node8_Zero,2008.759649,2008.760921,0,,0,8.2283073705e-13,0
2005803134092_Node0_Node8_Zero,2008.801803,2008.808666,0,,89,7.992225864e-13,0
2005807236618_Node0_Node8_Zero,2008.80755,2008.80755,1,Expiry,0,1.346260727187771e-12,nan
2005811335953_Node0_Node8_Zero,2008.80755,2008.811769,0,,2,8.980300926334938e-13,0
2005815429601_Node0_Node8_Zero,2008.814437,2008.818393,0,,0,7.572525408e-13,0
2005819525296_Node0_Node8_Zero,2008.814437,2008.818393,0,,0,7.572525408e-13,0
2005823625814_Node0_Node8_Zero,2008.821304,2008.823235,0,,0,7.572525408e-13,0
2005827721832_Node0_Node8_Zero,2008.821304,2008.823235,0,,0,7.572525408e-13,0
2005835924859_Node0_Node8_Zero,2008.825108,2008.827019,0,,0,7.572525408e-13,3.671010518317497e-14
2005831823677_Node0_Node8_Zero,2008.825108,2008.827019,0,,0,7.572525408e-13,3.671010518317497e-14
2005840020473_Node0_Node8_Zero,2008.841466,2008.841466,1,Expiry,0,1.2506928864887944e-12,nan
2005844123100_Node0_Node8_Zero,2008.841466,2008.842597,0,,0,6.557819625e-14,4.19700456e-14
2005860508834_Node0_Node8_Zero,2008.859199,2008.86055,0,,0,8.179201821908484e-13,0
2005897386235_Node0_Node8_Zero,2008.902654,2008.902654,1,Expiry,0,4.19700456e-14,nan
2005905582964_Node0_Node8_Zero,2008.906509,2008.906509,1,Expiry,0,1.254187305210924e-12,nan
2005909685403_Node0_Node8_Zero,2008.906509,2008.90778,0,,1,8.980300926334938e-13,0
2005913783683_Node0_Node8_Zero,2008.911006,2008.913057,0,,0,6.557819625e-14,4.19700456e-14
2005917883812_Node0_Node8_Zero,2008.911006,2008.913057,0,,0,6.557819625e-14,4.19700456e-14
2005942467757_Node0_Node8_Zero,2008.943453,2008.943453,1,Expiry,0,1.11482933625e-12,nan
2005946563385_Node0_Node8_Zero,2008.945483,2008.947474,0,,0,8.738360007999999e-13,0
2005950658783_Node0_Node8_Zero,2008.945483,2008.947474,0,,0,8.738360007999999e-13,0
2005954760868_Node0_Node8_Zero,2008.963989,2008.963989,1,Expiry,0,1.266997966501444e-12,nan
2005958855641_Node0_Node8_Zero,2008.963989,2008.963989,1,Expiry,0,1.266997966501444e-12,nan
2005962954253_Node0_Node8_Zero,2008.965859,2008.965859,1,Expiry,0,3.644961335580017e-14,nan
2005967050751_Node0_Node8_Zero,2008.965859,2008.968073,0,,0,7.924469287583734e-13,2.585710135717233e-14
2005971148989_Node0_Node8_Zero,2008.972797,2008.972797,1,Expiry,0,1.11482933625e-12,nan
2005979348480_Node0_Node8_Zero,2008.972797,2008.973968,0,,1,9.382453821815741e-13,0
2005975250298_Node0_Node8_Zero,2008.977186,2008.977186,1,Expiry,0,1.04925114e-12,nan
2005983446061_Node0_Node8_Zero,2008.977186,2008.980437,0,,0,8.2283073705e-13,4.19700456e-14
2005987548552_Node0_Node8_Zero,2008.982287,2008.985336,0,,47,3.644961335580017e-14,0
2005995747343_Node0_Node8_Zero,2008.982287,2008.985336,0,,47,3.644961335580017e-14,0
2005991649629_Node0_Node8_Zero,2008.98894,2008.990291,0,,0,7.971513355037749e-13,2.931340019052858e-14
2006003950255_Node0_Node8_Zero,2008.993589,2008.996948,0,,47,7.572525408e-13,0
2005999850119_Node0_Node8_Zero,2008.995732,2008.999071,0,,47,7.930849651204667e-13,2.63258627660572e-14
2006028544023_Node0_Node8_Zero,2009.033373,2009.033373,1,Expiry,0,1.2236949053073558e-12,nan
2006032644554_Node0_Node8_Zero,2009.036368,2009.036368,1,Expiry,0,1.2176897830322314e-12,nan
2006036745573_Node0_Node8_Zero,2009.036368,2009.037479,0,,0,7.572525408e-13,2.641818608514827e-14
2006040845550_Node0_Node8_Zero,2009.039451,2009.042567,0,,46,7.932501421519949e-13,2.644721731983294e-14
2006044942666_Node0_Node8_Zero,2009.039451,2009.042567,0,,46,7.932501421519949e-13,2.644721731983294e-14
2006049037116_Node0_Node8_Zero,2009.040481,2009.043837,0,,0,3.334054704536832e-14,2.449509578843387e-14
2006131017327_Node0_Node8_Zero,2009.130454,2009.131825,0,,0,8.2283073705e-13,0
2006139215486_Node0_Node8_Zero,2009.137661,2009.138812,0,,0,6.557819625e-14,4.19700456e-14
2006151505603_Node0_Node8_Zero,2009.152124,2009.152124,1,Expiry,0,1.3938758046486316e-12,nan
2006159709557_Node0_Node8_Zero,2009.157292,2009.158583,0,,0,7.992225864e-13,0
2006225276716_Node0_Node8_Zero,2009.226568,2009.226568,1,Expiry,0,1.2224592284379046e-12,nan
2006229373275_Node0_Node8_Zero,2009.226568,2009.227879,0,,0,1.5256888302189308e-13,9.201646622526838e-14
2006233476391_Node0_Node8_Zero,2009.234564,2009.234564,1,Expiry,0,1.085236563021893e-12,nan
2006237571419_Node0_Node8_Zero,2009.234564,2009.235876,0,,0,7.572525408e-13,2.585710135717233e-14
2006262165935_Node0_Node8_Zero,2009.261241,2009.262432,0,,0,4.1326962267069406e-14,0
2006319549555_Node0_Node8_Zero,2009.31588,2009.317111,0,,0,3.0290101632e-14,0
2006352341910_Node0_Node8_Zero,2009.352944,2009.352944,1,Expiry,0,1.0912211856e-12,nan
2006360532736_Node0_Node8_Zero,2009.35981,2009.361081,0,,0,8.105924976334937e-13,0
2006417897955_Node0_Node8_Zero,2009.415229,2009.41636,0,,0,8.2283073705e-13,0
2006426090820_Node0_Node8_Zero,2009.420305,2009.421396,0,,0,7.572525408e-13,0
2006475273584_Node0_Node8_Zero,2009.476004,2009.476004,1,Expiry,0,1.2305791545609242e-12,nan
2006499879520_Node0_Node8_Zero,2009.496969,2009.499144,0,,0,7.572525408e-13,0
2006508079351_Node0_Node8_Zero,2009.501235,2009.502386,0,,0,7.572525408e-13,0
2006516270840_Node0_Node8_Zero,2009.516916,2009.516916,1,Expiry,0,1.254187305210924e-12,nan
2006528563915_Node0_Node8_Zero,2009.52945,2009.52945,1,Expiry,0,1.308968012101444e-12,nan
2006532661703_Node0_Node8_Zero,2009.52945,2009.530581,0,,0,7.992225864e-13,0
2006549056554_Node0_Node8_Zero,2009.54973,2009.54973,1,Expiry,0,6.557819625e-14,nan
2006557250138_Node0_Node8_Zero,2009.557404,2009.557404,1,Expiry,0,1.2177549739609242e-12,nan
2006565445607_Node0_Node8_Zero,2009.559547,2009.560699,0,,0,7.572525408e-13,2.9145865e-14
2006610523484_Node0_Node8_Zero,2009.609426,2009.610537,0,,0,2.9145865e-14,2.1413288571428573e-14
2006631028484_Node0_Node8_Zero,2009.631398,2009.631398,1,Expiry,0,1.2419490657944179e-12,nan
2006647411743_Node0_Node8_Zero,2009.646699,2009.64779,0,,0,7.992225864e-13,2.9145865e-14
2006680201741_Node0_Node8_Zero,2009.678583,2009.679774,0,,0,6.557819625e-14,4.19700456e-14
2006688398066_Node0_Node8_Zero,2009.68376,2009.684851,0,,0,3.9898794703775013e-14,2.931340019052858e-14
2006721184917_Node0_Node8_Zero,2009.72146,2009.72146,1,Expiry,0,1.3938758046486316e-12,nan
2006729386517_Node0_Node8_Zero,2009.729556,2009.729556,1,Expiry,0,1.2305791545609242e-12,nan
2006745770081_Node0_Node8_Zero,2009.741475,2009.742846,0,,0,7.572525408e-13,0
2006835946260_Node0_Node8_Zero,2009.836445,2009.836445,1,Expiry,0,1.332576162751444e-12,nan
2006840040377_Node0_Node8_Zero,2009.840962,2009.840962,1,Expiry,0,1.332576162751444e-12,nan
2006844138057_Node0_Node8_Zero,2009.840962,2009.842033,0,,0,7.572525408e-13,0
2006905610665_Node0_Node8_Zero,2009.909401,2009.909401,1,Expiry,0,1.254187305210924e-12,nan
2006909706992_Node0_Node8_Zero,2009.909401,2009.912618,0,,88,2.9145865e-14,2.1413288571428573e-14
2006913801335_Node0_Node8_Zero,2009.911371,2009.914568,0,,0,8.2283073705e-13,4.19700456e-14
2006917899913_Node0_Node8_Zero,2009.911371,2009.914568,0,,0,8.2283073705e-13,4.19700456e-14
2006926096464_Node0_Node8_Zero,2009.923431,2009.924702,0,,0,7.90783600816145e-13,0
2006921994442_Node0_Node8_Zero,2009.923431,2009.923431,1,Expiry,0,1.04925114e-12,nan
2006942491459_Node0_Node8_Zero,2009.943175,2009.943175,1,Expiry,0,4.19700456e-14,nan
2006950693735_Node0_Node8_Zero,2009.951134,2009.951134,1,Expiry,0,6.557819625e-14,nan
2006958889373_Node0_Node8_Zero,2009.956269,2009.9574,0,,0,8.738360007999999e-13,0
2006967086246_Node0_Node8_Zero,2009.971439,2009.971439,1,Expiry,0,6.557819625e-14,nan
2006971180257_Node0_Node8_Zero,2009.971439,2009.971439,1,Expiry,0,6.557819625e-14,nan
2006975275194_Node0_Node8_Zero,2009.972509,2009.9736,0,,0,8.2283073705e-13,0
2006983473026_Node0_Node8_Zero,2009.987166,2009.987166,1,Expiry,0,1.332576162751444e-12,nan
2006987574289_Node0_Node8_Zero,2009.989156,2009.989156,1,Expiry,0,1.332576162751444e-12,nan
2006991674190_Node0_Node8_Zero,2009.989156,2009.990247,0,,0,8.738360007999999e-13,0
2006999864384_Node0_Node8_Zero,2009.996285,2009.998641,0,,47,8.170506831358301e-13,0
2006995768793_Node0_Node8_Zero,2009.997535,2009.997535,1,Expiry,0,8.143680074530488e-14,nan
2007016259786_Node0_Node8_Zero,2010.017112,2010.017112,1,Expiry,0,4.73282838e-14,nan
2007040853011_Node0_Node8_Zero,2010.042745,2010.042745,1,Expiry,0,1.2305791545609242e-12,nan
2007044955539_Node0_Node8_Zero,2010.043995,2010.045227,0,,0,7.572525408e-13,0
2007085959860_Node0_Node8_Zero,2010.08,2010.081292,0,,0,6.557819625e-14,0
2007090056879_Node0_Node8_Zero,2010.089078,2010.091249,0,,0,7.937021541558002e-13,0
2007094155536_Node0_Node8_Zero,2010.089078,2010.091249,0,,0,7.937021541558002e-13,0
2007139244813_Node0_Node8_Zero,2010.139225,2010.140537,0,,0,7.572525408e-13,0
2007143345974_Node0_Node8_Zero,2010.144532,2010.144532,1,Expiry,0,1.332576162751444e-12,nan
2007147443055_Node0_Node8_Zero,2010.144532,2010.145903,0,,0,8.2283073705e-13,0
2007151538620_Node0_Node8_Zero,2010.154063,2010.154063,1,Expiry,0,1.272648745090333e-12,nan
2007155635668_Node0_Node8_Zero,2010.154063,2010.155154,0,,0,1.1658346e-13,6.557819625e-14
2007163827106_Node0_Node8_Zero,2010.162051,2010.163262,0,,0,8.738360007999999e-13,0
2007172017685_Node0_Node8_Zero,2010.180965,2010.180965,1,Expiry,0,1.2468517781990565e-12,nan
2007180210934_Node0_Node8_Zero,2010.180965,2010.180965,1,Expiry,0,1.2468517781990565e-12,nan
2007196605646_Node0_Node8_Zero,2010.194513,2010.195584,0,,0,7.572525408e-13,0
2007262171762_Node0_Node8_Zero,2010.261891,2010.262962,0,,0,8.156133992232006e-13,0
2007266271883_Node0_Node8_Zero,2010.266765,2010.266765,1,Expiry,0,1.2305791545609242e-12,nan
2007270371026_Node0_Node8_Zero,2010.266765,2010.267877,0,,0,1.407775518334938e-13,7.918737290634025e-14
2007282660836_Node0_Node8_Zero,2010.283018,2010.283018,1,Expiry,0,1.2368650841494199e-12,nan
2007286760193_Node0_Node8_Zero,2010.283018,2010.284229,0,,0,7.572525408e-13,0
2007290861168_Node0_Node8_Zero,2010.290037,2010.291968,0,,1,9.09330006248053e-13,0
2007294958681_Node0_Node8_Zero,2010.290037,2010.291968,0,,1,9.09330006248053e-13,0
2007303155252_Node0_Node8_Zero,2010.302495,2010.303686,0,,0,8.738360007999999e-13,6.557819625e-14
2007311349854_Node0_Node8_Zero,2010.309103,2010.311245,0,,0,8.738360007999999e-13,0
2007319539994_Node0_Node8_Zero,2010.316863,2010.318015,0,,0,7.572525408e-13,0
2007344117573_Node0_Node8_Zero,2010.341829,2010.34312,0,,0,6.557819625e-14,4.19700456e-14
2007352309951_Node0_Node8_Zero,2010.351784,2010.3541,0,,47,7.572525408e-13,4.19700456e-14
2007360503291_Node0_Node8_Zero,2010.352874,2010.35519,0,,1,8.738360007999999e-13,0
2007368693151_Node0_Node8_Zero,2010.366745,2010.367996,0,,0,8.738360007999999e-13,0
2007385099393_Node0_Node8_Zero,2010.383926,2010.385038,0,,0,1.1658346e-13,6.557819625e-14
2007393298617_Node0_Node8_Zero,2010.392016,2010.393087,0,,0,8.167633664645799e-13,4.1326962267069406e-14
2007409703937_Node0_Node8_Zero,2010.406851,2010.408222,0,,0,8.738360007999999e-13,0
2007405603489_Node0_Node8_Zero,2010.406851,2010.406851,1,Expiry,0,1.3468031711047593e-12,nan
2007430193923_Node0_Node8_Zero,2010.43097,2010.43097,1,Expiry,0,1.2677826244895974e-12,nan
2007434288495_Node0_Node8_Zero,2010.43097,2010.432341,0,,0,7.992225864e-13,0
2007442479769_Node0_Node8_Zero,2010.445332,2010.445332,1,Expiry,0,1.266997966501444e-12,nan
2007450675017_Node0_Node8_Zero,2010.447482,2010.448834,0,,0,6.557819625e-14,0
2007446580861_Node0_Node8_Zero,2010.447482,2010.447482,1,Expiry,0,1.3142529702323051e-12,nan
2007458874050_Node0_Node8_Zero,2010.453912,2010.455023,0,,0,7.992225864e-13,0
2007475270113_Node0_Node8_Zero,2010.473705,2010.474837,0,,0,6.557819625e-14,4.19700456e-14
2007483468714_Node0_Node8_Zero,2010.481337,2010.482408,0,,0,7.572525408e-13,0
2007499866482_Node0_Node8_Zero,2010.504668,2010.504668,1,Expiry,0,1.253021161525687e-12,nan
2007508069229_Node0_Node8_Zero,2010.508703,2010.508703,1,Expiry,0,1.254187305210924e-12,nan
2007503968243_Node0_Node8_Zero,2010.508703,2010.508703,1,Expiry,0,1.254187305210924e-12,nan
2007512163949_Node0_Node8_Zero,2010.510813,2010.512724,0,,0,8.167633664645799e-13,0
2007516262008_Node0_Node8_Zero,2010.510813,2010.512724,0,,0,8.167633664645799e-13,0
2007565456854_Node0_Node8_Zero,2010.566559,2010.566559,1,Expiry,0,4.19700456e-14,nan
2007573653971_Node0_Node8_Zero,2010.572543,2010.573734,0,,0,8.2283073705e-13,4.19700456e-14
2007581853155_Node0_Node8_Zero,2010.580084,2010.581395,0,,0,6.557819625e-14,4.19700456e-14
2007590052031_Node0_Node8_Zero,2010.585374,2010.586525,0,,0,8.502382059009061e-13,5.951082566457995e-14
2007598253985_Node0_Node8_Zero,2010.594197,2010.595448,0,,0,8.738360007999999e-13,6.557819625e-14
2007594154960_Node0_Node8_Zero,2010.594197,2010.594197,1,Expiry,0,8.3039256633753e-14,nan
2007606455741_Node0_Node8_Zero,2010.599068,2010.60018,0,,0,7.572525408e-13,0
2007631055501_Node0_Node8_Zero,2010.632176,2010.632176,1,Expiry,0,1.11482933625e-12,nan
2007647439486_Node0_Node8_Zero,2010.647052,2010.648144,0,,0,8.2283073705e-13,0
2007655636522_Node0_Node8_Zero,2010.654142,2010.655374,0,,0,1.593453641760772e-13,9.699510544058733e-14
2007663834699_Node0_Node8_Zero,2010.662169,2010.66354,0,,0,8.05447942128817e-13,0
2007672035777_Node0_Node8_Zero,2010.668945,2010.670056,0,,0,7.572525408e-13,0
2007794969473_Node0_Node8_Zero,2010.794613,2010.795825,0,,0,8.2283073705e-13,4.19700456e-14
2007803159549_Node0_Node8_Zero,2010.80151,2010.802801,0,,0,7.992225864e-13,0
2007835930103_Node0_Node8_Zero,2010.83598,2010.83598,1,Expiry,0,1.3924110950086387e-12,nan
2007844131326_Node0_Node8_Zero,2010.842771,2010.843902,0,,0,8.2283073705e-13,0
2007860514523_Node0_Node8_Zero,2010.8491,2010.850412,0,,0,7.572525408e-13,0
2007909703156_Node0_Node8_Zero,2010.910582,2010.910582,1,Expiry,0,1.2305791545609242e-12,nan
2007917901901_Node0_Node8_Zero,2010.917022,2010.918393,0,,0,1.1658346e-13,0
2007975301291_Node0_Node8_Zero,2010.978084,2010.978084,1,Expiry,0,1.3124299744490564e-12,nan
2007983496929_Node0_Node8_Zero,2010.980094,2010.981345,0,,0,8.14706805173436e-13,0
2007979400610_Node0_Node8_Zero,2010.980094,2010.980094,1,Expiry,0,4.19700456e-14,nan
2007991700122_Node0_Node8_Zero,2010.99215,2010.99215,1,Expiry,0,1.332576162751444e-12,nan
2008012199381_Node0_Node8_Zero,2011.013174,2011.013174,1,Expiry,0,6.557819625e-14,nan
2008069568425_Node0_Node8_Zero,2011.063414,2011.06651,0,,0,8.2283073705e-13,0
2008065465553_Node0_Node8_Zero,2011.068356,2011.068356,1,Expiry,0,4.251248951698846e-14,nan
2008073664241_Node0_Node8_Zero,2011.068356,2011.07056,0,,47,3.621536249478495e-14,2.660720509820935e-14
2008098259494_Node0_Node8_Zero,2011.097436,2011.098787,0,,0,7.992225864e-13,0
2008102355359_Node0_Node8_Zero,2011.10638,2011.10638,1,Expiry,0,3.621536249478495e-14,nan
2008106452404_Node0_Node8_Zero,2011.10638,2011.107451,0,,0,8.738360007999999e-13,0
2008110550834_Node0_Node8_Zero,2011.110353,2011.11446,0,,0,7.572525408e-13,0
2008114653440_Node0_Node8_Zero,2011.110353,2011.11446,0,,0,7.572525408e-13,0
2008122851850_Node0_Node8_Zero,2011.117762,2011.118833,0,,0,7.572525408e-13,0
2008118750207_Node0_Node8_Zero,2011.119802,2011.119802,1,Expiry,0,1.0844455279583734e-12,nan
2008131051613_Node0_Node8_Zero,2011.131357,2011.131357,1,Expiry,0,1.078397005e-12,nan
2008147443055_Node0_Node8_Zero,2011.145242,2011.146353,0,,0,4.1326962267069406e-14,0
2008159740697_Node0_Node8_Zero,2011.156716,2011.157828,0,,0,8.2283073705e-13,0
2008163841935_Node0_Node8_Zero,2011.16308,2011.164331,0,,0,8.486643069536021e-13,0
2008172039694_Node0_Node8_Zero,2011.173778,2011.173778,1,Expiry,0,2.9145865e-14,nan
2008176137946_Node0_Node8_Zero,2011.177889,2011.177889,1,Expiry,0,1.2116057035839751e-12,nan
2008180232260_Node0_Node8_Zero,2011.177889,2011.17904,0,,0,7.572525408e-13,0
2008188431182_Node0_Node8_Zero,2011.184872,2011.186123,0,,0,8.053110454812229e-13,0
2008204825896_Node0_Node8_Zero,2011.204536,2011.205847,0,,0,8.41391712e-13,0
2008217118419_Node0_Node8_Zero,2011.209144,2011.210436,0,,1,8.873211554740571e-13,0
2008262204017_Node0_Node8_Zero,2011.262115,2011.263487,0,,0,8.2283073705e-13,0
2008278585593_Node0_Node8_Zero,2011.278667,2011.278667,1,Expiry,0,1.332576162751444e-12,nan
2008294990680_Node0_Node8_Zero,2011.293309,2011.2944,0,,0,8.738360007999999e-13,0
2008303179537_Node0_Node8_Zero,2011.301131,2011.302503,0,,0,8.738360007999999e-13,0
2008311373881_Node0_Node8_Zero,2011.309522,2011.310694,0,,0,7.680953784023101e-14,0
2008360547234_Node0_Node8_Zero,2011.360427,2011.361758,0,,0,7.572525408e-13,2.1413288571428573e-14
2008376945499_Node0_Node8_Zero,2011.377641,2011.377641,1,Expiry,0,1.254187305210924e-12,nan
2008397434410_Node0_Node8_Zero,2011.390851,2011.393006,0,,0,7.992225864e-13,2.9145865e-14
2008426124832_Node0_Node8_Zero,2011.423856,2011.425187,0,,0,8.2283073705e-13,4.19700456e-14
2008434317771_Node0_Node8_Zero,2011.432173,2011.433284,0,,1,9.004128196615901e-13,0
2008467085585_Node0_Node8_Zero,2011.466735,2011.468106,0,,0,8.2283073705e-13,0
2008487580905_Node0_Node8_Zero,2011.49145,2011.49145,1,Expiry,0,1.254187305210924e-12,nan
2008491681517_Node0_Node8_Zero,2011.49145,2011.492621,0,,0,8.738360007999999e-13,0
2008495778430_Node0_Node8_Zero,2011.497002,2011.497002,1,Expiry,0,1.04925114e-12,nan
2008503979687_Node0_Node8_Zero,2011.497002,2011.50579,0,,98,1.272450011645389e-13,8.143680074530488e-14
2008512184758_Node0_Node8_Zero,2011.504268,2011.513388,0,,2,7.572525408e-13,0
2008516280399_Node0_Node8_Zero,2011.511477,2011.513388,0,,0,7.572525408e-13,0
2008524480649_Node0_Node8_Zero,2011.520211,2011.522342,0,,0,8.738360007999999e-13,0
2008520378860_Node0_Node8_Zero,2011.520211,2011.522342,0,,0,8.738360007999999e-13,0
2008573656498_Node0_Node8_Zero,2011.572687,2011.573958,0,,0,8.2283073705e-13,4.19700456e-14
2008581861683_Node0_Node8_Zero,2011.581018,2011.582389,0,,1,8.844975419645388e-13,8.143680074530488e-14
2008590052117_Node0_Node8_Zero,2011.590312,2011.590312,1,Expiry,0,1.3999721827860253e-12,nan
2008598249456_Node0_Node8_Zero,2011.600664,2011.600664,1,Expiry,0,1.2305791545609242e-12,nan
2008602347697_Node0_Node8_Zero,2011.602814,2011.602814,1,Expiry,0,9.298566510090616e-14,nan
2008606445844_Node0_Node8_Zero,2011.602814,2011.604065,0,,0,8.502382059009061e-13,0
2008610545747_Node0_Node8_Zero,2011.612074,2011.612074,1,Expiry,0,4.828472642324879e-14,nan
2008618744502_Node0_Node8_Zero,2011.612074,2011.613245,0,,0,7.572525408e-13,0
2008622843206_Node0_Node8_Zero,2011.617347,2011.618498,0,,0,7.572525408e-13,0
2008631031567_Node0_Node8_Zero,2011.628605,2011.629816,0,,0,7.992225864e-13,2.9145865e-14
2008626936763_Node0_Node8_Zero,2011.628605,2011.628605,1,Expiry,0,1.2888218237990565e-12,nan
2008639223790_Node0_Node8_Zero,2011.638957,2011.641253,0,,48,9.209804742326719e-13,0
2008643322299_Node0_Node8_Zero,2011.640087,2011.642506,0,,3,7.572525408e-13,0
2008651513027_Node0_Node8_Zero,2011.64671,2011.648081,0,,0,8.32652583515861e-13,0
2008672011466_Node0_Node8_Zero,2011.672891,2011.672891,1,Expiry,0,2.9145865e-14,nan
2008688408978_Node0_Node8_Zero,2011.689133,2011.689133,1,Expiry,0,1.146027507333975e-12,nan
2008696599308_Node0_Node8_Zero,2011.69393,2011.695121,0,,1,8.876673242811406e-13,0
2008712984267_Node0_Node8_Zero,2011.713807,2011.713807,1,Expiry,0,1.257967892531039e-12,nan
2008725276123_Node0_Node8_Zero,2011.715057,2011.716289,0,,0,7.572525408e-13,0
2008729372211_Node0_Node8_Zero,2011.724282,2011.725533,0,,0,8.2283073705e-13,0
2008737568731_Node0_Node8_Zero,2011.729862,2011.731234,0,,0,7.572525408e-13,0
2008745765831_Node0_Node8_Zero,2011.746148,2011.746148,1,Expiry,0,1.3257412247833959e-12,nan
2008753960859_Node0_Node8_Zero,2011.753449,2011.754801,0,,0,7.992225864e-13,0
2008766251417_Node0_Node8_Zero,2011.764669,2011.765881,0,,0,8.412921769294089e-13,0
2008778540057_Node0_Node8_Zero,2011.778086,2011.779217,0,,0,6.557819625e-14,4.19700456e-14
2008794927857_Node0_Node8_Zero,2011.793215,2011.794326,0,,0,8.2283073705e-13,0
2008803121673_Node0_Node8_Zero,2011.798647,2011.799838,0,,0,7.572525408e-13,2.1413288571428573e-14
2008819517199_Node0_Node8_Zero,2011.818969,2011.82028,0,,0,8.386893415453048e-13,0
2008852297549_Node0_Node8_Zero,2011.850961,2011.852192,0,,0,6.557819625e-14,0
2008860492778_Node0_Node8_Zero,2011.857739,2011.85899,0,,1,9.190792314327475e-13,9.10275134809205e-14
2008872791689_Node0_Node8_Zero,2011.864338,2011.868131,0,,48,7.572525408e-13,0
2008909682590_Node0_Node8_Zero,2011.909035,2011.910346,0,,0,7.572525408e-13,0
2008917879336_Node0_Node8_Zero,2011.916541,2011.917712,0,,0,1.1658346e-13,6.557819625e-14
2008938363245_Node0_Node8_Zero,2011.940022,2011.940022,1,Expiry,0,1.369868877837771e-12,nan
2008942462724_Node0_Node8_Zero,2011.941892,2011.943984,0,,0,8.2283073705e-13,0
2008946563225_Node0_Node8_Zero,2011.941892,2011.943984,0,,0,8.2283073705e-13,0
2008958860020_Node0_Node8_Zero,2011.949781,2011.952877,0,,88,1.535743394051846e-13,9.275516887421726e-14
2008950661457_Node0_Node8_Zero,2011.951803,2011.951803,1,Expiry,0,1.4173449941349932e-12,nan
2008962962825_Node0_Node8_Zero,2011.951803,2011.955039,0,,47,1.846162245318566e-13,1.1021622925797026e-13
2008967058968_Node0_Node8_Zero,2011.969627,2011.969627,1,Expiry,0,1.3978835080032139e-12,nan
2008975252357_Node0_Node8_Zero,2011.976478,2011.976478,1,Expiry,0,6.557819625e-14,nan
2008979352519_Node0_Node8_Zero,2011.978648,2011.980619,0,,0,7.572525408e-13,9.489159644052858e-14
2008987548613_Node0_Node8_Zero,2011.978648,2011.980619,0,,0,7.572525408e-13,9.489159644052858e-14
2008991645510_Node0_Node8_Zero,2011.989445,2011.990776,0,,0,6.557819625e-14,4.19700456e-14
2008995741263_Node0_Node8_Zero,2011.99701,2011.99701,1,Expiry,0,1.313119314522014e-13,nan
2009003937155_Node0_Node8_Zero,2011.99701,2011.998181,0,,1,8.849788192412366e-13,0
2009012133911_Node0_Node8_Zero,2012.008358,2012.011372,0,,0,8.738360007999999e-13,0
2009016227742_Node0_Node8_Zero,2012.013474,2012.018812,1,Expiry,50,2.1335982733397503e-13,nan
2009024422022_Node0_Node8_Zero,2012.022542,2012.024758,0,,46,8.2283073705e-13,4.19700456e-14
2009020323015_Node0_Node8_Zero,2012.023632,2012.023632,1,Expiry,0,1.2473098926663352e-12,nan
2009036710870_Node0_Node8_Zero,2012.031726,2012.032897,0,,0,7.572525408e-13,0
2009040806364_Node0_Node8_Zero,2012.04189,2012.04189,1,Expiry,0,1.089149934703775e-12,nan
2009044900378_Node0_Node8_Zero,2012.04398,2012.045891,0,,0,3.519438795837345e-14,2.585710135717233e-14
2009048993781_Node0_Node8_Zero,2012.04398,2012.045891,0,,0,3.519438795837345e-14,2.585710135717233e-14
2009057190634_Node0_Node8_Zero,2012.048772,2012.052009,0,,47,7.572525408e-13,0
2009053096446_Node0_Node8_Zero,2012.048772,2012.052009,0,,47,7.572525408e-13,0
2009065390716_Node0_Node8_Zero,2012.050042,2012.055112,0,,90,7.572525408e-13,0
2009085884078_Node0_Node8_Zero,2012.079466,2012.080777,0,,0,7.572525408e-13,0
2009089986435_Node0_Node8_Zero,2012.085899,2012.08719,0,,0,4.19700456e-14,0
2009118671328_Node0_Node8_Zero,2012.120799,2012.120799,1,Expiry,0,1.1681570446114105e-12,nan
2009126863618_Node0_Node8_Zero,2012.120799,2012.122071,0,,0,8.2283073705e-13,0
2009130963190_Node0_Node8_Zero,2012.131619,2012.131619,1,Expiry,0,3.0290101632e-14,nan
2009135058918_Node0_Node8_Zero,2012.134794,2012.137991,0,,48,8.834364585075531e-13,0
2009139156039_Node0_Node8_Zero,2012.134794,2012.137991,0,,48,8.834364585075531e-13,0
2009147347117_Node0_Node8_Zero,2012.136024,2012.139187,0,,2,8.502382059009061e-13,0
2009151440967_Node0_Node8_Zero,2012.149028,2012.15122,0,,1,9.037076353958098e-13,8.238099071014301e-14
2009155535149_Node0_Node8_Zero,2012.149028,2012.15122,0,,1,9.037076353958098e-13,8.238099071014301e-14
2009163723499_Node0_Node8_Zero,2012.159816,2012.161007,0,,0,8.2283073705e-13,0
2009176009650_Node0_Node8_Zero,2012.175178,2012.176289,0,,0,8.2283073705e-13,0
2009188304449_Node0_Node8_Zero,2012.190378,2012.190378,1,Expiry,0,1.1886091089609241e-12,nan
2009192402629_Node0_Node8_Zero,2012.192248,2012.194159,0,,0,7.572525408e-13,8.420827449604713e-14
2009200594425_Node0_Node8_Zero,2012.192248,2012.194159,0,,0,7.572525408e-13,8.420827449604713e-14
2009196496216_Node0_Node8_Zero,2012.197787,2012.197787,1,Expiry,0,1.332576162751444e-12,nan
2009204694075_Node0_Node8_Zero,2012.202281,2012.204372,0,,0,7.924469287583734e-13,2.585710135717233e-14
2009208789786_Node0_Node8_Zero,2012.202281,2012.204372,0,,0,7.924469287583734e-13,2.585710135717233e-14
2009319433988_Node0_Node8_Zero,2012.320594,2012.320594,1,Expiry,0,1.089149934703775e-12,nan
2009327631456_Node0_Node8_Zero,2012.320594,2012.321685,0,,0,7.971513355037749e-13,0
2009331727466_Node0_Node8_Zero,2012.327475,2012.328726,0,,0,7.992225864e-13,2.9145865e-14
2009364515419_Node0_Node8_Zero,2012.363097,2012.364228,0,,0,7.572525408e-13,0
2009368612093_Node0_Node8_Zero,2012.369619,2012.369619,1,Expiry,0,1.3146868807354912e-12,nan
2009380900675_Node0_Node8_Zero,2012.380648,2012.381999,0,,0,7.572525408e-13,0
2009397288768_Node0_Node8_Zero,2012.388206,2012.389337,0,,0,7.572525408e-13,2.1413288571428573e-14
2009409595863_Node0_Node8_Zero,2012.40395,2012.405321,0,,0,8.2283073705e-13,0
2009421885180_Node0_Node8_Zero,2012.421074,2012.422145,0,,0,7.992225864e-13,0
2009434180502_Node0_Node8_Zero,2012.429869,2012.433976,0,,47,6.557819625e-14,0
2009438275843_Node0_Node8_Zero,2012.432833,2012.436139,0,,47,1.1658346e-13,8.699148482142857e-14
2009446475040_Node0_Node8_Zero,2012.444095,2012.445326,0,,0,7.572525408e-13,0
2009516136845_Node0_Node8_Zero,2012.517752,2012.517752,1,Expiry,0,1.254187305210924e-12,nan
2009528425162_Node0_Node8_Zero,2012.521582,2012.522773,0,,0,1.1658346e-13,6.557819625e-14
2009536627333_Node0_Node8_Zero,2012.537433,2012.537433,1,Expiry,0,4.19700456e-14,nan
2009561206032_Node0_Node8_Zero,2012.56536,2012.56536,1,Expiry,0,6.557819625e-14,nan
2009565301066_Node0_Node8_Zero,2012.56747,2012.56747,1,Expiry,0,1.3095104560184324e-12,nan
2009569401361_Node0_Node8_Zero,2012.56747,2012.568541,0,,1,9.091257777698878e-13,0
2009577593585_Node0_Node8_Zero,2012.57736,2012.578551,0,,0,8.738360007999999e-13,0
2009585790924_Node0_Node8_Zero,2012.587361,2012.587361,1,Expiry,0,1.343807504341675e-12,nan
2009589885790_Node0_Node8_Zero,2012.589363,2012.591434,0,,1,9.069561399040837e-13,8.420827449604713e-14
2009593981145_Node0_Node8_Zero,2012.589363,2012.591434,0,,1,9.069561399040837e-13,8.420827449604713e-14
2009598084433_Node0_Node8_Zero,2012.599836,2012.599836,1,Expiry,0,1.333436546587771e-12,nan
2009602184216_Node0_Node8_Zero,2012.599836,2012.604956,0,,89,3.666459129080601e-14,2.6937250744265642e-14
2009610383205_Node0_Node8_Zero,2012.603819,2012.606846,0,,2,9.436207311948897e-13,1.1114552524031277e-13
2009606280952_Node0_Node8_Zero,2012.603819,2012.606846,0,,2,9.436207311948897e-13,1.1114552524031277e-13
2009630861310_Node0_Node8_Zero,2012.630837,2012.632088,0,,0,8.738360007999999e-13,0
2009639060433_Node0_Node8_Zero,2012.639504,2012.639504,1,Expiry,0,1.2708766500697352e-12,nan
2009712814080_Node0_Node8_Zero,2012.710842,2012.712153,0,,0,8.2283073705e-13,0
2009721008685_Node0_Node8_Zero,2012.721335,2012.721335,1,Expiry,0,6.557819625e-14,nan
2009729206316_Node0_Node8_Zero,2012.725468,2012.726719,0,,0,6.557819625e-14,4.19700456e-14
2009733303809_Node0_Node8_Zero,2012.731851,2012.733023,0,,0,8.2283073705e-13,0
2009745604053_Node0_Node8_Zero,2012.739978,2012.74115,0,,1,9.069561399040837e-13,8.420827449604713e-14
2009761993040_Node0_Node8_Zero,2012.759868,2012.76122,0,,0,5.333995683349376e-14,3.9188539714403574e-14
2009774284950_Node0_Node8_Zero,2012.774418,2012.774418,1,Expiry,0,1.254187305210924e-12,nan
2009778381501_Node0_Node8_Zero,2012.774418,2012.77575,0,,0,8.2283073705e-13,0
2009782478016_Node0_Node8_Zero,2012.782609,2012.782609,1,Expiry,0,1.1420238430476419e-12,nan
2009786577658_Node0_Node8_Zero,2012.782609,2012.783921,0,,0,8.500252438476419e-13,0
2009790678890_Node0_Node8_Zero,2012.791179,2012.791179,1,Expiry,0,1.1886091089609241e-12,nan
2009794774412_Node0_Node8_Zero,2012.791179,2012.79249,0,,0,8.977228808349378e-14,5.745426437343601e-14
2009798869122_Node0_Node8_Zero,2012.798755,2012.800806,0,,0,8.045808246e-13,0
2009802963159_Node0_Node8_Zero,2012.798755,2012.800806,0,,0,8.045808246e-13,0
2009811165568_Node0_Node8_Zero,2012.810094,2012.811226,0,,0,8.2283073705e-13,0
2009819364253_Node0_Node8_Zero,2012.821671,2012.821671,1,Expiry,0,6.557819625e-14,nan
2009827561841_Node0_Node8_Zero,2012.825496,2012.826647,0,,0,7.863984058e-13,2.1413288571428573e-14
2009884931275_Node0_Node8_Zero,2012.882693,2012.883984,0,,0,7.572525408e-13,0
2009909533405_Node0_Node8_Zero,2012.907991,2012.909102,0,,1,9.271759576334937e-13,0
2009917733233_Node0_Node8_Zero,2012.91695,2012.918042,0,,0,7.906265023841826e-13,0
2009934134549_Node0_Node8_Zero,2012.931291,2012.932482,0,,0,8.2283073705e-13,0
2009930031450_Node0_Node8_Zero,2012.931291,2012.931291,1,Expiry,0,6.557819625e-14,nan
2009942329307_Node0_Node8_Zero,2012.94234,2012.94234,1,Expiry,0,1.3142798889527386e-12,nan
2009958713283_Node0_Node8_Zero,2012.954778,2012.95607,0,,0,8.2283073705e-13,0
2009983305066_Node0_Node8_Zero,2012.983939,2012.983939,1,Expiry,0,4.19700456e-14,nan
2009987401488_Node0_Node8_Zero,2012.987812,2012.987812,1,Expiry,0,1.1886091089609241e-12,nan
2009991494985_Node0_Node8_Zero,2012.987812,2012.988923,0,,0,8.2283073705e-13,0
2009995593768_Node0_Node8_Zero,2012.992666,2012.993938,0,,0,7.572525408e-13,0
2009999690760_Node0_Node8_Zero,2012.998844,2012.999975,0,,0,7.572525408e-13,0
2010007885361_Node0_Node8_Zero,2013.008826,2013.008826,1,Expiry,0,1.4014902143669275e-12,nan
2010011982161_Node0_Node8_Zero,2013.01292,2013.01292,1,Expiry,0,1.0854665024947848e-12,nan
2010016080614_Node0_Node8_Zero,2013.01292,2013.014271,0,,0,3.519438795837345e-14,2.585710135717233e-14
2010020181445_Node0_Node8_Zero,2013.022634,2013.022634,1,Expiry,0,1.089149934703775e-12,nan
2010024284576_Node0_Node8_Zero,2013.024504,2013.024504,1,Expiry,0,1.2013055016511762e-12,nan
2010028382119_Node0_Node8_Zero,2013.024504,2013.026635,0,,0,6.066764139084842e-14,4.2130306521422507e-14
2010032477408_Node0_Node8_Zero,2013.0288,2013.029951,0,,0,7.863984058e-13,2.1413288571428573e-14
2010048868701_Node0_Node8_Zero,2013.045918,2013.047289,0,,0,8.2283073705e-13,0
2010052963773_Node0_Node8_Zero,2013.054709,2013.054709,1,Expiry,0,1.2244900433236152e-12,nan
2010057066795_Node0_Node8_Zero,2013.054709,2013.055801,0,,0,7.932502730127265e-13,0
2010098055044_Node0_Node8_Zero,2013.097819,2013.09919,0,,0,8.2283073705e-13,0
2010106245987_Node0_Node8_Zero,2013.105044,2013.106175,0,,0,8.2283073705e-13,0
2010114441776_Node0_Node8_Zero,2013.112088,2013.113319,0,,0,7.572525408e-13,0
2010118535764_Node0_Node8_Zero,2013.118631,2013.118631,1,Expiry,0,1.2284438510160116e-12,nan
2010122633722_Node0_Node8_Zero,2013.122986,2013.122986,1,Expiry,0,1.1087304541360462e-12,nan
2010130831656_Node0_Node8_Zero,2013.126871,2013.128063,0,,0,8.403965007851883e-13,0
2010180017088_Node0_Node8_Zero,2013.178214,2013.179326,0,,0,7.572525408e-13,0
2010188218661_Node0_Node8_Zero,2013.187229,2013.18932,0,,1,9.33782358546279e-13,0
2010192314100_Node0_Node8_Zero,2013.187229,2013.18932,0,,1,9.33782358546279e-13,0
2010200512789_Node0_Node8_Zero,2013.197655,2013.198766,0,,0,8.2283073705e-13,0
2010208709838_Node0_Node8_Zero,2013.20244,2013.203752,0,,0,4.27585171709597e-14,0
2010216912364_Node0_Node8_Zero,2013.221263,2013.221263,1,Expiry,0,1.396464652586953e-12,nan
2010221005821_Node0_Node8_Zero,2013.223463,2013.223463,1,Expiry,0,1.369868877837771e-12,nan
2010225099599_Node0_Node8_Zero,2013.223463,2013.224754,0,,0,6.557819625e-14,4.19700456e-14
2010237396490_Node0_Node8_Zero,2013.232396,2013.233687,0,,0,8.34062078640231e-13,5.333995683349376e-14
2010253790635_Node0_Node8_Zero,2013.249537,2013.250708,0,,0,7.572525408e-13,0
2010257890572_Node0_Node8_Zero,2013.256783,2013.257915,0,,0,7.918737290634025e-14,5.067991866005776e-14
2010266095309_Node0_Node8_Zero,2013.26793,2013.26793,1,Expiry,0,1.4469001159112608e-12,nan
2010286589226_Node0_Node8_Zero,2013.27227,2013.273481,0,,0,7.572525408e-13,0
2010360347916_Node0_Node8_Zero,2013.360084,2013.361196,0,,0,2.9145865e-14,2.1413288571428573e-14
2010376744224_Node0_Node8_Zero,2013.37435,2013.375541,0,,0,8.167633664645799e-13,0
2010417720260_Node0_Node8_Zero,2013.418708,2013.418708,1,Expiry,0,1.0912211856e-12,nan
2010438219768_Node0_Node8_Zero,2013.439369,2013.439369,1,Expiry,0,1.0905781022670693e-12,nan
2010442316846_Node0_Node8_Zero,2013.439369,2013.44054,0,,1,9.04877885926672e-13,0
2010450510044_Node0_Node8_Zero,2013.444847,2013.445958,0,,0,6.557819625e-14,4.19700456e-14
2010466907819_Node0_Node8_Zero,2013.469253,2013.469253,1,Expiry,0,1.308968012101444e-12,nan
2010475109489_Node0_Node8_Zero,2013.471143,2013.472394,0,,0,1.457984534232007e-13,8.201163005055039e-14
2010471010353_Node0_Node8_Zero,2013.471143,2013.471143,1,Expiry,0,1.254187305210924e-12,nan
2010479204849_Node0_Node8_Zero,2013.481326,2013.481326,1,Expiry,0,1.2654186468011551e-12,nan
2010483308109_Node0_Node8_Zero,2013.482502,2013.484696,0,,0,1.1658346e-13,6.557819625e-14
2010491509472_Node0_Node8_Zero,2013.491459,2013.49255,0,,0,1.1658346e-13,0
2010503808481_Node0_Node8_Zero,2013.50078,2013.502152,0,,1,9.042714155227154e-13,8.269811703152743e-14
2010507911560_Node0_Node8_Zero,2013.508059,2013.508059,1,Expiry,0,6.557819625e-14,nan
2010516112580_Node0_Node8_Zero,2013.512697,2013.513848,0,,1,8.885644722522014e-13,0
2010524318567_Node0_Node8_Zero,2013.522631,2013.523822,0,,0,7.572525408e-13,0
2010540722980_Node0_Node8_Zero,2013.54065,2013.541921,0,,0,7.572525408e-13,0
2010544821875_Node0_Node8_Zero,2013.546196,2013.546196,1,Expiry,0,6.557819625e-14,nan
2010548922541_Node0_Node8_Zero,2013.546196,2013.547487,0,,0,7.992225864e-13,0
2010622704865_Node0_Node8_Zero,2013.621297,2013.622408,0,,0,8.2283073705e-13,0
2010634989129_Node0_Node8_Zero,2013.632076,2013.633167,0,,1,9.069561399040837e-13,0
2010639082872_Node0_Node8_Zero,2013.63531,2013.636401,0,,1,9.069561399040837e-13,0
2010651378358_Node0_Node8_Zero,2013.640284,2013.643717,0,,49,7.572525408e-13,0
2010655473297_Node0_Node8_Zero,2013.654566,2013.656537,0,,0,7.572525408e-13,3.074977709414701e-14
2010659571166_Node0_Node8_Zero,2013.654566,2013.656537,0,,0,7.572525408e-13,3.074977709414701e-14
2010667764811_Node0_Node8_Zero,2013.664239,2013.667245,0,,0,8.738360007999999e-13,6.557819625e-14
2010663671421_Node0_Node8_Zero,2013.664239,2013.664239,1,Expiry,0,1.4014012378510356e-12,nan
2010671864937_Node0_Node8_Zero,2013.675816,2013.675816,1,Expiry,0,1.4014012378510356e-12,nan
2010675968140_Node0_Node8_Zero,2013.675816,2013.676927,0,,0,7.572525408e-13,0
2010684163786_Node0_Node8_Zero,2013.677996,2013.679247,0,,0,8.387609370654132e-13,0
2010688266204_Node0_Node8_Zero,2013.690903,2013.690903,1,Expiry,0,1.04925114e-12,nan
2010692359643_Node0_Node8_Zero,2013.690903,2013.694096,0,,0,8.2283073705e-13,0
2010696458311_Node0_Node8_Zero,2013.696017,2013.700051,0,,0,1.5648225470377502e-13,2.931340019052858e-14
2010700554330_Node0_Node8_Zero,2013.696017,2013.700051,0,,0,1.5648225470377502e-13,2.931340019052858e-14
2010704656012_Node0_Node8_Zero,2013.703334,2013.705365,0,,0,7.937021541558002e-13,0
2010708753007_Node0_Node8_Zero,2013.703334,2013.705365,0,,0,7.937021541558002e-13,0
2010716953727_Node0_Node8_Zero,2013.708668,2013.709799,0,,0,7.572525408e-13,3.155074458652092e-14
2010712856006_Node0_Node8_Zero,2013.715198,2013.715198,1,Expiry,0,4.1684850993041984e-14,nan
2010721053126_Node0_Node8_Zero,2013.717348,2013.719439,0,,0,8.738360007999999e-13,6.557819625e-14
2010725153966_Node0_Node8_Zero,2013.717348,2013.719439,0,,0,8.738360007999999e-13,6.557819625e-14
2010733354228_Node0_Node8_Zero,2013.724939,2013.726231,0,,1,1.8378927064859377e-13,0
2010856320005_Node0_Node8_Zero,2013.857141,2013.857141,1,Expiry,0,1.3008661762898756e-12,nan
2010864515097_Node0_Node8_Zero,2013.864092,2013.865264,0,,0,7.572525408e-13,0
2010880903599_Node0_Node8_Zero,2013.880863,2013.881974,0,,0,6.557819625e-14,4.19700456e-14
2010889095087_Node0_Node8_Zero,2013.888019,2013.889211,0,,0,6.557819625e-14,4.19700456e-14
2010905488433_Node0_Node8_Zero,2013.902658,2013.904009,0,,0,7.572525408e-13,0
2010913685786_Node0_Node8_Zero,2013.917335,2013.917335,1,Expiry,0,7.680953784023101e-14,nan
2010917780162_Node0_Node8_Zero,2013.919443,2013.919443,1,Expiry,0,1.381100219428002e-12,nan
2010921875193_Node0_Node8_Zero,2013.919443,2013.920574,0,,0,8.392894055881338e-13,0
2010946463699_Node0_Node8_Zero,2013.946251,2013.947482,0,,0,7.572525408e-13,0
2010954659567_Node0_Node8_Zero,2013.95629,2013.95629,1,Expiry,0,1.3857669882138077e-12,nan
2010958758278_Node0_Node8_Zero,2013.962276,2013.962276,1,Expiry,0,2.9145865e-14,nan
2010962853454_Node0_Node8_Zero,2013.962276,2013.965464,0,,0,8.738360007999999e-13,0
2010966952619_Node0_Node8_Zero,2013.968014,2013.968014,1,Expiry,0,5.333995683349376e-14,nan
2010971046064_Node0_Node8_Zero,2013.968014,2013.969265,0,,1,9.090303887583734e-13,0
2010979243029_Node0_Node8_Zero,2013.973264,2013.975465,0,,1,9.081416671540028e-13,0
2010983336996_Node0_Node8_Zero,2013.984283,2013.984283,1,Expiry,0,1.1661111136928027e-12,nan
2010987431265_Node0_Node8_Zero,2013.985473,2013.986684,0,,1,9.069561399040837e-13,0
2010991529141_Node0_Node8_Zero,2013.992589,2013.992589,1,Expiry,0,1.2814803029749382e-12,nan
2010995626094_Node0_Node8_Zero,2013.994799,2013.99605,0,,0,7.572525408e-13,0
2011163672654_Node0_Node8_Zero,2014.156171,2014.157543,0,,0,8.2283073705e-13,0
2011171874377_Node0_Node8_Zero,2014.162316,2014.163608,0,,0,8.490693722105707e-13,0
2011175975931_Node0_Node8_Zero,2014.1717,2014.173051,0,,0,4.19700456e-14,2.9145865e-14
2011188262345_Node0_Node8_Zero,2014.183048,2014.184419,0,,0,7.572525408e-13,0
2011192356858_Node0_Node8_Zero,2014.193416,2014.193416,1,Expiry,0,1.2074235147163958e-12,nan
2011208750412_Node0_Node8_Zero,2014.206826,2014.208077,0,,0,4.19700456e-14,2.9145865e-14
2011216943629_Node0_Node8_Zero,2014.216862,2014.218153,0,,0,7.863984058e-13,2.1413288571428573e-14
2011225142761_Node0_Node8_Zero,2014.224934,2014.226085,0,,0,8.386893415453048e-13,0
2011298924657_Node0_Node8_Zero,2014.298701,2014.300013,0,,0,7.572525408e-13,0
2011307124057_Node0_Node8_Zero,2014.308092,2014.308092,1,Expiry,0,1.3889425239211087e-12,nan
2011319420227_Node0_Node8_Zero,2014.313305,2014.314656,0,,0,1.2991243747685673e-13,8.314395998518832e-14
2011360406296_Node0_Node8_Zero,2014.350067,2014.351318,0,,0,7.572525408e-13,0
2011364504648_Node0_Node8_Zero,2014.365273,2014.365273,1,Expiry,0,1.270045909706229e-12,nan
2011368599586_Node0_Node8_Zero,2014.367323,2014.369275,0,,0,1.407775518334938e-13,7.918737290634025e-14
2011372697007_Node0_Node8_Zero,2014.367323,2014.369275,0,,0,1.407775518334938e-13,7.918737290634025e-14
2011380883938_Node0_Node8_Zero,2014.380881,2014.382133,0,,0,1.1658346e-13,6.557819625e-14
2011389072159_Node0_Node8_Zero,2014.385993,2014.387084,0,,0,8.14706805173436e-13,0
2011409567361_Node0_Node8_Zero,2014.406589,2014.407741,0,,0,8.2283073705e-13,0
2011413661900_Node0_Node8_Zero,2014.414395,2014.414395,1,Expiry,0,4.19700456e-14,nan
2011421862091_Node0_Node8_Zero,2014.42404,2014.42404,1,Expiry,0,4.660692538375301e-14,nan
2011430060737_Node0_Node8_Zero,2014.428989,2014.430261,0,,0,8.425304498350426e-13,0
2011434155314_Node0_Node8_Zero,2014.433959,2014.43511,0,,0,7.572525408e-13,0
2011483319504_Node0_Node8_Zero,2014.48273,2014.483981,0,,0,8.2283073705e-13,0
2011499716727_Node0_Node8_Zero,2014.49919,2014.500361,0,,0,8.738360007999999e-13,0
2011532507354_Node0_Node8_Zero,2014.531621,2014.532972,0,,0,1.1658346e-13,6.557819625e-14
2011540699132_Node0_Node8_Zero,2014.539471,2014.543278,0,,48,4.19700456e-14,2.9145865e-14
2011557092107_Node0_Node8_Zero,2014.555607,2014.556978,0,,0,6.557819625e-14,4.19700456e-14
2011565297686_Node0_Node8_Zero,2014.562783,2014.563854,0,,1,8.822883452650678e-13,0
2011561195181_Node0_Node8_Zero,2014.562783,2014.562783,1,Expiry,0,1.271063311799043e-12,nan
2011573494184_Node0_Node8_Zero,2014.574069,2014.574069,1,Expiry,0,1.254187305210924e-12,nan
2011581684577_Node0_Node8_Zero,2014.580663,2014.581894,0,,0,8.176228768315947e-13,4.1923844466385253e-14
2011589875086_Node0_Node8_Zero,2014.588808,2014.59018,0,,0,6.557819625e-14,4.19700456e-14
2011639046360_Node0_Node8_Zero,2014.637252,2014.638383,0,,1,8.980300926334938e-13,0
2011651341050_Node0_Node8_Zero,2014.653071,2014.653071,1,Expiry,0,1.1886091089609241e-12,nan
2011655443712_Node0_Node8_Zero,2014.653071,2014.654282,0,,0,8.738360007999999e-13,0
2011659539238_Node0_Node8_Zero,2014.658685,2014.659956,0,,0,1.3183831946527173e-13,9.330391818707157e-14
2011663642039_Node0_Node8_Zero,2014.663389,2014.66454,0,,1,9.533854642781558e-13,0
2011680028414_Node0_Node8_Zero,2014.679199,2014.68053,0,,0,8.738360007999999e-13,0
2011684123925_Node0_Node8_Zero,2014.685146,2014.685146,1,Expiry,0,1.0861370305484339e-12,nan
2011688221290_Node0_Node8_Zero,2014.685146,2014.686358,0,,0,3.688589054843398e-14,2.7099837953951494e-14
2011696417514_Node0_Node8_Zero,2014.695055,2014.698111,0,,1,1.5088682291661682e-13,0
2011700518803_Node0_Node8_Zero,2014.701094,2014.701094,1,Expiry,0,4.19700456e-14,nan
2011704615986_Node0_Node8_Zero,2014.701094,2014.704313,0,,47,9.081393637166168e-13,0
2011708710554_Node0_Node8_Zero,2014.703169,2014.705406,0,,1,7.572525408e-13,0
2011712813419_Node0_Node8_Zero,2014.71072,2014.711871,0,,0,4.132418738816301e-14,0
2011819337616_Node0_Node8_Zero,2014.819984,2014.819984,1,Expiry,0,1.078397005e-12,nan
2011827534474_Node0_Node8_Zero,2014.828807,2014.828807,1,Expiry,0,1.187997552933975e-12,nan
2011839831125_Node0_Node8_Zero,2014.835455,2014.836586,0,,0,7.572525408e-13,0
2011843925957_Node0_Node8_Zero,2014.845095,2014.845095,1,Expiry,0,1.2447652502391988e-12,nan
2011848019438_Node0_Node8_Zero,2014.845095,2014.846387,0,,0,7.572525408e-13,0
2011860318389_Node0_Node8_Zero,2014.857157,2014.858268,0,,0,7.572525408e-13,0
2011876711414_Node0_Node8_Zero,2014.875646,2014.877017,0,,0,6.557819625e-14,4.19700456e-14
2011884910981_Node0_Node8_Zero,2014.88517,2014.88517,1,Expiry,0,9.200379990114126e-14,nan
2011889007789_Node0_Node8_Zero,2014.890753,2014.890753,1,Expiry,0,4.19700456e-14,nan
2011901306725_Node0_Node8_Zero,2014.890753,2014.891864,0,,0,8.2283073705e-13,0
2011905404056_Node0_Node8_Zero,2014.898832,2014.899923,0,,0,8.167633664645799e-13,0
2011913608206_Node0_Node8_Zero,2014.912806,2014.9152,0,,0,7.572525408e-13,0
2011921803548_Node0_Node8_Zero,2014.916155,2014.917486,0,,0,7.572525408e-13,0
2011942296927_Node0_Node8_Zero,2014.935701,2014.936912,0,,0,5.333995683349376e-14,0
2011946399221_Node0_Node8_Zero,2014.943936,2014.945108,0,,0,7.863984058e-13,2.1413288571428573e-14
2011983284821_Node0_Node8_Zero,2014.98153,2014.982741,0,,0,7.863984058e-13,0
2012007866386_Node0_Node8_Zero,2015.006891,2015.008082,0,,1,9.003773785966412e-13,0
2012020162632_Node0_Node8_Zero,2015.011603,2015.012854,0,,0,6.557819625e-14,4.19700456e-14
2012048858691_Node0_Node8_Zero,2015.049763,2015.049763,1,Expiry,0,1.2177549739609242e-12,nan
2012114436252_Node0_Node8_Zero,2015.11423,2015.119149,0,,89,7.572525408e-13,0
2012118532455_Node0_Node8_Zero,2015.118053,2015.121119,0,,1,6.557819625e-14,4.19700456e-14
2012122632652_Node0_Node8_Zero,2015.118053,2015.121119,0,,1,6.557819625e-14,4.19700456e-14
2012130830799_Node0_Node8_Zero,2015.12982,2015.131171,0,,0,7.90783600816145e-13,0
2012147217764_Node0_Node8_Zero,2015.146316,2015.147407,0,,0,8.2283073705e-13,0
2012163623700_Node0_Node8_Zero,2015.162659,2015.16403,0,,0,8.34062078640231e-13,0
2012171823335_Node0_Node8_Zero,2015.171141,2015.172372,0,,0,8.2283073705e-13,0
2012184123437_Node0_Node8_Zero,2015.182641,2015.184997,0,,47,1.4428901431443294e-13,8.116257055186853e-14
2012192319329_Node0_Node8_Zero,2015.183671,2015.186326,0,,3,9.015415551144329e-13,0
2012196421750_Node0_Node8_Zero,2015.191341,2015.192412,0,,0,8.432172860362e-13,0
2012208728511_Node0_Node8_Zero,2015.201936,2015.203308,0,,0,7.572525408e-13,0
2012253820442_Node0_Node8_Zero,2015.253834,2015.253834,1,Expiry,0,4.19700456e-14,nan
2012262018572_Node0_Node8_Zero,2015.260548,2015.261899,0,,0,6.557819625e-14,4.19700456e-14
2012278413041_Node0_Node8_Zero,2015.278258,2015.279509,0,,0,7.572525408e-13,0
2012298909630_Node0_Node8_Zero,2015.290604,2015.291975,0,,0,8.045808246e-13,5.655333385090617e-14
2012339884867_Node0_Node8_Zero,2015.340461,2015.340461,1,Expiry,0,1.369868877837771e-12,nan
2012360378307_Node0_Node8_Zero,2015.362485,2015.362485,1,Expiry,0,1.2305791545609242e-12,nan
2012368571792_Node0_Node8_Zero,2015.362485,2015.365699,0,,0,5.951082566457995e-14,4.1326962267069406e-14
2012372670565_Node0_Node8_Zero,2015.366677,2015.367788,0,,0,7.992225864e-13,2.9145865e-14
2012376768998_Node0_Node8_Zero,2015.380101,2015.380101,1,Expiry,0,1.3292385164810267e-12,nan
2012380864353_Node0_Node8_Zero,2015.380101,2015.383217,0,,88,7.572525408e-13,3.0290101632e-14
2012384963727_Node0_Node8_Zero,2015.382043,2015.385167,0,,0,7.572525408e-13,0
2012389064570_Node0_Node8_Zero,2015.382043,2015.385167,0,,0,7.572525408e-13,0
2012421848755_Node0_Node8_Zero,2015.423641,2015.423641,1,Expiry,0,1.3761492584260217e-12,nan
2012425947625_Node0_Node8_Zero,2015.423641,2015.424892,0,,0,1.1658346e-13,9.259387748360632e-14
2012434144075_Node0_Node8_Zero,2015.429358,2015.431653,0,,0,8.738360007999999e-13,6.557819625e-14
2012442344880_Node0_Node8_Zero,2015.436584,2015.437935,0,,0,8.2283073705e-13,0
2012446438278_Node0_Node8_Zero,2015.446219,2015.44817,0,,0,7.932502730127265e-13,2.6447313462411344e-14
2012450537439_Node0_Node8_Zero,2015.446219,2015.44817,0,,0,7.932502730127265e-13,2.6447313462411344e-14
2012466925738_Node0_Node8_Zero,2015.465472,2015.466643,0,,0,8.397613612711286e-13,0
2012475118658_Node0_Node8_Zero,2015.473599,2015.47485,0,,0,8.005942501713845e-14,0
2012483306824_Node0_Node8_Zero,2015.478257,2015.479348,0,,0,8.087856102211133e-13,0
2012507900532_Node0_Node8_Zero,2015.505789,2015.507001,0,,0,8.2283073705e-13,0
2012516099059_Node0_Node8_Zero,2015.514041,2015.515412,0,,0,8.386893415453048e-13,5.655333385090617e-14
2012532506212_Node0_Node8_Zero,2015.531272,2015.532443,0,,0,7.572525408e-13,0
2012630858961_Node0_Node8_Zero,2015.631241,2015.631241,1,Expiry,0,1.11482933625e-12,nan
2012639059918_Node0_Node8_Zero,2015.638999,2015.64025,0,,1,8.844975419645388e-13,0
2012647260058_Node0_Node8_Zero,2015.649292,2015.649292,1,Expiry,0,4.19700456e-14,nan
2012651357454_Node0_Node8_Zero,2015.650582,2015.651834,0,,0,1.272450011645389e-13,1.4701499699530488e-13
2012663652840_Node0_Node8_Zero,2015.661369,2015.66268,0,,0,6.557819625e-14,4.19700456e-14
2012671846087_Node0_Node8_Zero,2015.667606,2015.668837,0,,1,8.844975419645388e-13,8.143680074530488e-14
2012675944686_Node0_Node8_Zero,2015.684557,2015.684557,1,Expiry,0,1.3282976083986315e-12,nan
2012680045750_Node0_Node8_Zero,2015.684557,2015.684557,1,Expiry,0,1.3282976083986315e-12,nan
2012712824478_Node0_Node8_Zero,2015.712027,2015.713339,0,,0,4.825602733815108e-14,3.351113009593825e-14
2012725124720_Node0_Node8_Zero,2015.719847,2015.721098,0,,0,1.1658346e-13,6.557819625e-14
2012729224835_Node0_Node8_Zero,2015.725051,2015.728624,0,,49,8.621181229134443e-13,0
2012733327362_Node0_Node8_Zero,2015.734685,2015.734685,1,Expiry,0,1.3318877754922339e-12,nan
2012737424305_Node0_Node8_Zero,2015.734685,2015.74193,0,,136,8.2283073705e-13,4.19700456e-14
2012741517899_Node0_Node8_Zero,2015.740855,2015.756845,0,,88,8.179201821908484e-13,0
2012745612468_Node0_Node8_Zero,2015.740855,2015.756845,0,,88,8.179201821908484e-13,0
2012749706530_Node0_Node8_Zero,2015.750926,2015.750926,1,Expiry,0,1.2249826169751644e-12,nan
2012753800153_Node0_Node8_Zero,2015.750926,2015.760759,0,,88,6.557819625e-14,4.19700456e-14
2012761997401_Node0_Node8_Zero,2015.754789,2015.760759,0,,0,6.557819625e-14,4.19700456e-14
2012757902440_Node0_Node8_Zero,2015.754789,2015.761909,0,,0,7.572525408e-13,0
2012778394296_Node0_Node8_Zero,2015.781345,2015.781345,1,Expiry,0,1.3441894762915458e-12,nan
2012782491607_Node0_Node8_Zero,2015.785199,2015.785199,1,Expiry,0,6.557819625e-14,nan
2012786587309_Node0_Node8_Zero,2015.785199,2015.786271,0,,1,1.497035991040838e-13,0
2012790689484_Node0_Node8_Zero,2015.789575,2015.791828,0,,0,8.738360007999999e-13,0
2012794786063_Node0_Node8_Zero,2015.79468,2015.795891,0,,0,1.1658346e-13,6.557819625e-14
2012802980501_Node0_Node8_Zero,2015.799274,2015.800505,0,,0,7.572525408e-13,0
2012831655475_Node0_Node8_Zero,2015.828834,2015.830165,0,,0,7.572525408e-13,0
2012839851243_Node0_Node8_Zero,2015.838034,2015.839105,0,,0,7.934391302711038e-13,0
2012856254619_Node0_Node8_Zero,2015.855892,2015.857223,0,,0,8.2283073705e-13,0
2012864453398_Node0_Node8_Zero,2015.862993,2015.864244,0,,0,8.2283073705e-13,0
2012872646572_Node0_Node8_Zero,2015.867922,2015.869153,0,,0,3.9898794703775013e-14,0
2012880845101_Node0_Node8_Zero,2015.878527,2015.879858,0,,0,6.557819625e-14,4.19700456e-14
2012889047821_Node0_Node8_Zero,2015.88312,2015.884331,0,,0,3.519438795837345e-14,0
2012999722087_Node0_Node8_Zero,2015.999626,2016.000937,0,,0,7.572525408e-13,0
2013028416414_Node0_Node8_Zero,2016.028443,2016.028443,1,Expiry,0,1.187997552933975e-12,nan
2013048911624_Node0_Node8_Zero,2016.046049,2016.04722,0,,0,8.2283073705e-13,0
2013053011767_Node0_Node8_Zero,2016.051565,2016.052796,0,,0,1.272450011645389e-13,8.143680074530488e-14
2013061207425_Node0_Node8_Zero,2016.060008,2016.06138,0,,0,6.557819625e-14,4.19700456e-14
2013073498244_Node0_Node8_Zero,2016.07412,2016.07412,1,Expiry,0,1.3938758046486316e-12,nan
2013085794420_Node0_Node8_Zero,2016.086045,2016.086045,1,Expiry,0,1.308968012101444e-12,nan
2013089890640_Node0_Node8_Zero,2016.087975,2016.089946,0,,0,8.738360007999999e-13,0
2013093987500_Node0_Node8_Zero,2016.087975,2016.089946,0,,0,8.738360007999999e-13,0
2013102180347_Node0_Node8_Zero,2016.095205,2016.096496,0,,0,4.7544364358436965e-14,3.3016919693359e-14
2013188256738_Node0_Node8_Zero,2016.189994,2016.189994,1,Expiry,0,6.557819625e-14,nan
2013196453742_Node0_Node8_Zero,2016.193914,2016.195165,0,,0,8.738360007999999e-13,0
2013204657773_Node0_Node8_Zero,2016.204717,2016.204717,1,Expiry,0,1.254187305210924e-12,nan
2013216956833_Node0_Node8_Zero,2016.219816,2016.219816,1,Expiry,0,1.2311215984779126e-12,nan
2013221051689_Node0_Node8_Zero,2016.219816,2016.221007,0,,0,8.738360007999999e-13,6.557819625e-14
2013225148640_Node0_Node8_Zero,2016.229507,2016.229507,1,Expiry,0,1.222601387196319e-12,nan
2013229243538_Node0_Node8_Zero,2016.229507,2016.229507,1,Expiry,0,1.222601387196319e-12,nan
2013237448103_Node0_Node8_Zero,2016.231568,2016.233944,0,,46,8.738360007999999e-13,0
2013233345518_Node0_Node8_Zero,2016.232798,2016.235026,0,,1,8.738360007999999e-13,0
2013249744791_Node0_Node8_Zero,2016.244475,2016.245646,0,,0,8.41391712e-13,0
2013253840888_Node0_Node8_Zero,2016.253442,2016.257621,0,,46,7.572525408e-13,0
2013257939008_Node0_Node8_Zero,2016.253442,2016.257621,0,,46,7.572525408e-13,0
2013266137239_Node0_Node8_Zero,2016.255564,2016.258811,0,,0,3.599795980797244e-14,0
2013274336104_Node0_Node8_Zero,2016.274862,2016.274862,1,Expiry,0,1.332576162751444e-12,nan
2013278430531_Node0_Node8_Zero,2016.274862,2016.276033,0,,0,8.2283073705e-13,0
2013282532722_Node0_Node8_Zero,2016.281198,2016.28247,0,,0,7.572525408e-13,4.73282838e-14
2013298922390_Node0_Node8_Zero,2016.299206,2016.299206,1,Expiry,0,1.2216304911201101e-12,nan
2013303022010_Node0_Node8_Zero,2016.305045,2016.305045,1,Expiry,0,1.04925114e-12,nan
2013307122067_Node0_Node8_Zero,2016.305045,2016.308261,0,,88,7.924469287583734e-13,0
2013311218273_Node0_Node8_Zero,2016.306935,2016.310151,0,,0,3.3787609487820093e-14,2.482354982778619e-14
2013315314343_Node0_Node8_Zero,2016.306935,2016.310151,0,,0,3.3787609487820093e-14,2.482354982778619e-14
2013401377733_Node0_Node8_Zero,2016.398763,2016.399834,0,,0,2.9145865e-14,2.1413288571428573e-14
2013409566938_Node0_Node8_Zero,2016.409079,2016.41041,0,,0,3.9898794703775013e-14,2.931340019052858e-14
2013466957172_Node0_Node8_Zero,2016.467639,2016.467639,1,Expiry,0,6.557819625e-14,nan
2013548904134_Node0_Node8_Zero,2016.546458,2016.547549,0,,0,7.572525408e-13,0
2013553003981_Node0_Node8_Zero,2016.551974,2016.553165,0,,0,8.2283073705e-13,0
2013557099162_Node0_Node8_Zero,2016.556857,2016.557988,0,,0,8.738360007999999e-13,0
2013573484685_Node0_Node8_Zero,2016.572573,2016.573784,0,,0,8.2283073705e-13,0
2013581676383_Node0_Node8_Zero,2016.582705,2016.582705,1,Expiry,0,1.2305791545609242e-12,nan
2013589871309_Node0_Node8_Zero,2016.586641,2016.587852,0,,0,7.572525408e-13,0
2013585776415_Node0_Node8_Zero,2016.586641,2016.586641,1,Expiry,0,1.2654186468011551e-12,nan
2013647233017_Node0_Node8_Zero,2016.648149,2016.648149,1,Expiry,0,1.2305791545609242e-12,nan
2013655432237_Node0_Node8_Zero,2016.656264,2016.656264,1,Expiry,0,1.254187305210924e-12,nan
2013671836961_Node0_Node8_Zero,2016.670315,2016.671426,0,,0,8.738360007999999e-13,0
2013680037504_Node0_Node8_Zero,2016.675152,2016.678729,0,,50,8.844975419645388e-13,0
2013688240777_Node0_Node8_Zero,2016.68696,2016.688291,0,,0,8.738360007999999e-13,6.557819625e-14
2013692335164_Node0_Node8_Zero,2016.691786,2016.692893,1,Expiry,2,2.9145865e-14,nan
2013696438043_Node0_Node8_Zero,2016.695147,2016.696479,0,,0,8.41391712e-14,4.19700456e-14
2013708734610_Node0_Node8_Zero,2016.707125,2016.710359,0,,0,4.1326962267069406e-14,3.036266615539793e-14
2013712831661_Node0_Node8_Zero,2016.707125,2016.710359,0,,0,4.1326962267069406e-14,3.036266615539793e-14
2013716927579_Node0_Node8_Zero,2016.711421,2016.713625,0,,47,8.063621736526713e-13,0
2013811193949_Node0_Node8_Zero,2016.81017,2016.811301,0,,1,9.31541222729432e-13,0
2013839893454_Node0_Node8_Zero,2016.840276,2016.840276,1,Expiry,0,6.557819625e-14,nan
2013843993940_Node0_Node8_Zero,2016.840276,2016.841547,0,,0,8.738360007999999e-13,0
2013893175480_Node0_Node8_Zero,2016.892542,2016.893853,0,,1,8.980300926334938e-13,7.918737290634025e-14
2013917768289_Node0_Node8_Zero,2016.916429,2016.917801,0,,0,8.2283073705e-13,0
2013925964968_Node0_Node8_Zero,2016.924974,2016.926225,0,,1,8.77267443675361e-13,0
2013942355100_Node0_Node8_Zero,2016.945489,2016.945489,1,Expiry,0,1.332576162751444e-12,nan
2013946457898_Node0_Node8_Zero,2016.947639,2016.947639,1,Expiry,0,6.557819625e-14,nan
2013950559102_Node0_Node8_Zero,2016.947639,2016.94897,0,,0,8.738360007999999e-13,0
2013954656279_Node0_Node8_Zero,2016.954531,2016.956519,1,Expiry,2,2.611858608357069e-13,nan
2013958756603_Node0_Node8_Zero,2016.954531,2016.962909,0,,97,9.137347955037749e-13,0
2013966951420_Node0_Node8_Zero,2016.95976,2016.96995,0,,2,7.572525408e-13,0
2013971053284_Node0_Node8_Zero,2016.965915,2016.96995,0,,0,7.572525408e-13,0
2013975155944_Node0_Node8_Zero,2016.971821,2016.975008,0,,47,7.572525408e-13,6.557819625e-14
2013983349965_Node0_Node8_Zero,2016.971821,2016.975008,0,,47,7.572525408e-13,6.557819625e-14
2014040738671_Node0_Node8_Zero,2017.041406,2017.041406,1,Expiry,0,1.0913814465214226e-12,nan
2014044839289_Node0_Node8_Zero,2017.043336,2017.045387,0,,0,7.572525408e-13,0
2014048936774_Node0_Node8_Zero,2017.043336,2017.045387,0,,0,7.572525408e-13,0
2014057127355_Node0_Node8_Zero,2017.056475,2017.057786,0,,1,9.348533139840051e-13,0
2014065324749_Node0_Node8_Zero,2017.065682,2017.065682,1,Expiry,0,1.308968012101444e-12,nan
2014081717017_Node0_Node8_Zero,2017.082118,2017.082118,1,Expiry,0,6.557819625e-14,nan
2014089907969_Node0_Node8_Zero,2017.089328,2017.09058,0,,0,7.572525408e-13,0
2014098107090_Node0_Node8_Zero,2017.095346,2017.096657,0,,0,7.572525408e-13,0
2014106300542_Node0_Node8_Zero,2017.102257,2017.103328,0,,0,7.572525408e-13,0
2014139099684_Node0_Node8_Zero,2017.139519,2017.139519,1,Expiry,0,1.201926822892896e-12,nan
2014188286394_Node0_Node8_Zero,2017.190904,2017.190904,1,Expiry,0,1.254187305210924e-12,nan
2014196483486_Node0_Node8_Zero,2017.192794,2017.194006,0,,0,8.2283073705e-13,0
2014192383017_Node0_Node8_Zero,2017.192794,2017.192794,1,Expiry,0,6.557819625e-14,nan
2014200582880_Node0_Node8_Zero,2017.201991,2017.201991,1,Expiry,0,3.0290101632e-14,nan
2014204683208_Node0_Node8_Zero,2017.201991,2017.203202,0,,0,7.992225864e-13,0
2014212872094_Node0_Node8_Zero,2017.211836,2017.213007,0,,0,7.572525408e-13,0
2014229257983_Node0_Node8_Zero,2017.229519,2017.229519,1,Expiry,0,1.2071181605812196e-12,nan
2014237453085_Node0_Node8_Zero,2017.234935,2017.236167,0,,1,8.854578190369733e-13,0
2014245646112_Node0_Node8_Zero,2017.240985,2017.242077,0,,0,7.572525408e-13,0
2014253850168_Node0_Node8_Zero,2017.253504,2017.254616,0,,0,7.572525408e-13,0
2014262048248_Node0_Node8_Zero,2017.258565,2017.259837,0,,0,7.572525408e-13,5.655333385090617e-14
2014335815196_Node0_Node8_Zero,2017.337306,2017.337306,1,Expiry,0,1.391654656006128e-12,nan
2014344019453_Node0_Node8_Zero,2017.343094,2017.34615,0,,88,8.2283073705e-13,0
2014348114338_Node0_Node8_Zero,2017.344964,2017.3483,0,,1,8.844975419645388e-13,0
2014352209604_Node0_Node8_Zero,2017.344964,2017.3483,0,,1,8.844975419645388e-13,0
2014360399755_Node0_Node8_Zero,2017.354186,2017.355458,0,,0,7.572525408e-13,0
2014364496896_Node0_Node8_Zero,2017.359648,2017.360979,0,,0,7.680953784023101e-14,5.333995683349376e-14
2014376800929_Node0_Node8_Zero,2017.375367,2017.376579,0,,0,7.572525408e-13,4.19700456e-14
2014393197987_Node0_Node8_Zero,2017.394221,2017.394221,1,Expiry,0,1.228507903664699e-12,nan
2014397294370_Node0_Node8_Zero,2017.39931,2017.39931,1,Expiry,0,1.22324099019828e-12,nan
2014401387776_Node0_Node8_Zero,2017.39931,2017.401646,0,,47,7.932106274158963e-13,0
2014417785252_Node0_Node8_Zero,2017.40038,2017.402676,0,,1,7.572525408e-13,0
2014413684852_Node0_Node8_Zero,2017.414348,2017.414348,1,Expiry,0,1.2290492673129773e-12,nan
2014425984692_Node0_Node8_Zero,2017.421643,2017.422834,0,,0,7.572525408e-13,0
2014458771443_Node0_Node8_Zero,2017.459755,2017.459755,1,Expiry,0,4.19700456e-14,nan
2014475161326_Node0_Node8_Zero,2017.473878,2017.475009,0,,0,7.572525408e-13,0
2014491556516_Node0_Node8_Zero,2017.488261,2017.489552,0,,0,6.557819625e-14,4.19700456e-14
2014487454539_Node0_Node8_Zero,2017.488261,2017.488261,1,Expiry,0,1.1886091089609241e-12,nan
2014499759247_Node0_Node8_Zero,2017.49723,2017.498521,0,,0,8.386893415453048e-13,0
2014495656940_Node0_Node8_Zero,2017.49723,2017.49723,1,Expiry,0,1.2307394154823467e-12,nan
2014507949063_Node0_Node8_Zero,2017.507392,2017.508743,0,,0,8.2283073705e-13,0
2014516147992_Node0_Node8_Zero,2017.513407,2017.514598,0,,0,7.572525408e-13,6.557819625e-14
2014532538435_Node0_Node8_Zero,2017.532481,2017.533572,0,,0,8.2283073705e-13,0
2014540741259_Node0_Node8_Zero,2017.537866,2017.539097,0,,0,4.19700456e-14,2.9145865e-14
2014557140884_Node0_Node8_Zero,2017.555715,2017.556846,0,,0,7.572525408e-13,0
2014573543500_Node0_Node8_Zero,2017.57338,2017.574651,0,,0,4.19700456e-14,2.9145865e-14
2014598138383_Node0_Node8_Zero,2017.596952,2017.598063,0,,0,8.386893415453048e-13,0
2014622735323_Node0_Node8_Zero,2017.622793,2017.622793,1,Expiry,0,4.19700456e-14,nan
2014639127302_Node0_Node8_Zero,2017.638841,2017.641035,0,,0,7.572525408e-13,0
2014647321162_Node0_Node8_Zero,2017.642126,2017.643377,0,,0,3.5752265912785326e-14,2.626697087469942e-14
2014712880602_Node0_Node8_Zero,2017.710369,2017.711521,0,,0,7.572525408e-13,0
2014721069935_Node0_Node8_Zero,2017.71902,2017.720171,0,,0,8.179201821908484e-13,4.2130306521422507e-14
2014753865508_Node0_Node8_Zero,2017.753538,2017.754609,0,,0,8.2283073705e-13,0
2014757960414_Node0_Node8_Zero,2017.761821,2017.761821,1,Expiry,0,1.2654186468011551e-12,nan
2014762062556_Node0_Node8_Zero,2017.761821,2017.763012,0,,0,8.167633664645799e-13,0
2014766157977_Node0_Node8_Zero,2017.767145,2017.767145,1,Expiry,0,1.4095261420910765e-12,nan
2014770254567_Node0_Node8_Zero,2017.767145,2017.768357,0,,0,9.299793525106507e-14,5.951867856068164e-14
2014778447509_Node0_Node8_Zero,2017.772541,2017.773893,0,,0,2.9145865e-14,0
2014782542281_Node0_Node8_Zero,2017.782524,2017.783655,0,,0,8.433275794339094e-13,5.977433238465933e-14
2014790744454_Node0_Node8_Zero,2017.791055,2017.791055,1,Expiry,0,1.2305791545609242e-12,nan
2014811244569_Node0_Node8_Zero,2017.805479,2017.80673,0,,0,7.572525408e-13,5.702841069497495e-14
2014848129138_Node0_Node8_Zero,2017.847186,2017.848277,0,,0,7.572525408e-13,0
2014856331626_Node0_Node8_Zero,2017.856215,2017.857486,0,,0,8.14706805173436e-13,3.9898794703775013e-14
2014864533111_Node0_Node8_Zero,2017.865278,2017.865278,1,Expiry,0,1.2831076983676359e-12,nan
2014876821260_Node0_Node8_Zero,2017.876528,2017.87782,0,,0,4.19700456e-14,2.9145865e-14
2014909602988_Node0_Node8_Zero,2017.907429,2017.90854,0,,0,7.572525408e-13,0
2014921902716_Node0_Node8_Zero,2017.926925,2017.926925,1,Expiry,0,1.1886091089609241e-12,nan
2014926003701_Node0_Node8_Zero,2017.926925,2017.926925,1,Expiry,0,1.1886091089609241e-12,nan
2014930103594_Node0_Node8_Zero,2017.928915,2017.931126,0,,0,8.05508568138151e-13,0
2014934204676_Node0_Node8_Zero,2017.928915,2017.931126,0,,0,8.05508568138151e-13,0
2014942408089_Node0_Node8_Zero,2017.935996,2017.937107,0,,0,7.572525408e-13,0
2014999775944_Node0_Node8_Zero,2017.999196,2018.000487,0,,0,7.572525408e-13,0
2015003875906_Node0_Node8_Zero,2018.004182,2018.004182,1,Expiry,0,1.2305791545609242e-12,nan
2015007979208_Node0_Node8_Zero,2018.004182,2018.005414,0,,0,7.572525408e-13,0
2015012076713_Node0_Node8_Zero,2018.013387,2018.013387,1,Expiry,0,1.1864738054160116e-12,nan
2015016173191_Node0_Node8_Zero,2018.013387,2018.014499,0,,0,6.557819625e-14,4.19700456e-14
2015024372713_Node0_Node8_Zero,2018.022333,2018.027419,0,,89,7.572525408e-13,0
2015020272962_Node0_Node8_Zero,2018.022333,2018.022333,1,Expiry,0,1.266997966501444e-12,nan
2015028470385_Node0_Node8_Zero,2018.026257,2018.029349,0,,1,8.2283073705e-13,0
2015032573386_Node0_Node8_Zero,2018.026257,2018.029349,0,,1,8.2283073705e-13,0
2015048966768_Node0_Node8_Zero,2018.047271,2018.048522,0,,1,9.093702480104928e-13,0
2015057163499_Node0_Node8_Zero,2018.051995,2018.053166,0,,0,7.572525408e-13,0
2015061265491_Node0_Node8_Zero,2018.062267,2018.062267,1,Expiry,0,1.1805630714522015e-12,nan
2015065359242_Node0_Node8_Zero,2018.062267,2018.063398,0,,0,1.1658346e-13,6.557819625e-14
2015069461347_Node0_Node8_Zero,2018.073064,2018.073064,1,Expiry,0,1.199622243788741e-12,nan
2015073563419_Node0_Node8_Zero,2018.073064,2018.074235,0,,0,8.738360007999999e-13,6.557819625e-14
2015081765473_Node0_Node8_Zero,2018.077047,2018.078178,0,,0,1.2001490287536095e-13,7.680953784023101e-14
2015077663336_Node0_Node8_Zero,2018.081757,2018.081757,1,Expiry,0,1.2749958804411284e-12,nan
2015089959284_Node0_Node8_Zero,2018.092567,2018.092567,1,Expiry,0,1.2398818943588032e-12,nan
2015094057368_Node0_Node8_Zero,2018.096361,2018.096361,1,Expiry,0,1.187997552933975e-12,nan
2015098153152_Node0_Node8_Zero,2018.096361,2018.097472,0,,0,8.2283073705e-13,0
2015102254178_Node0_Node8_Zero,2018.101337,2018.102448,0,,0,7.572525408e-13,0
2015106355115_Node0_Node8_Zero,2018.106494,2018.106494,1,Expiry,0,1.169266042875361e-12,nan
2015110457131_Node0_Node8_Zero,2018.114935,2018.114935,1,Expiry,0,1.04925114e-12,nan
2015114551523_Node0_Node8_Zero,2018.114935,2018.114935,1,Expiry,0,1.04925114e-12,nan
2015122751464_Node0_Node8_Zero,2018.11709,2018.118301,0,,0,8.738360007999999e-13,0
2015126852018_Node0_Node8_Zero,2018.125896,2018.127888,0,,0,8.2283073705e-13,4.19700456e-14
2015130951960_Node0_Node8_Zero,2018.125896,2018.127888,0,,0,8.2283073705e-13,4.19700456e-14
2015139140886_Node0_Node8_Zero,2018.13556,2018.136671,0,,0,8.2283073705e-13,4.19700456e-14
2015212926152_Node0_Node8_Zero,2018.220393,2018.220393,1,Expiry,0,4.19700456e-14,nan
2015221124313_Node0_Node8_Zero,2018.222263,2018.222263,1,Expiry,0,1.254187305210924e-12,nan
2015225223349_Node0_Node8_Zero,2018.222263,2018.22466,0,,47,7.572525408e-13,4.1326962267069406e-14
2015229321786_Node0_Node8_Zero,2018.223533,2018.228866,0,,47,7.572525408e-13,0
2015233425025_Node0_Node8_Zero,2018.231995,2018.233946,0,,0,7.572525408e-13,0
2015237518890_Node0_Node8_Zero,2018.231995,2018.233946,0,,0,7.572525408e-13,0
2015245712678_Node0_Node8_Zero,2018.237871,2018.239243,0,,0,8.14706805173436e-13,0
2015270300909_Node0_Node8_Zero,2018.271243,2018.271243,1,Expiry,0,1.207890300605504e-12,nan
2015278494116_Node0_Node8_Zero,2018.277258,2018.278389,0,,0,7.572525408e-13,0
2015286688473_Node0_Node8_Zero,2018.284036,2018.285307,0,,0,8.386893415453048e-13,0
2015303078436_Node0_Node8_Zero,2018.302111,2018.303302,0,,0,8.2283073705e-13,0
2015311268835_Node0_Node8_Zero,2018.308929,2018.31008,0,,0,7.572525408e-13,4.19700456e-14
2015307172921_Node0_Node8_Zero,2018.308929,2018.308929,1,Expiry,0,1.2879715524421456e-12,nan
2015327654756_Node0_Node8_Zero,2018.328232,2018.328232,1,Expiry,0,6.557819625e-14,nan
2015335854647_Node0_Node8_Zero,2018.33516,2018.338296,0,,88,7.992225864e-13,2.9145865e-14
2015339953524_Node0_Node8_Zero,2018.33705,2018.340426,0,,0,7.572525408e-13,0
2015344047147_Node0_Node8_Zero,2018.33705,2018.340426,0,,0,7.572525408e-13,0
2015368656612_Node0_Node8_Zero,2018.368282,2018.369613,0,,1,8.980300926334938e-13,0
2015376855847_Node0_Node8_Zero,2018.380911,2018.380911,1,Expiry,0,1.3104015688986942e-12,nan
2015401449356_Node0_Node8_Zero,2018.402279,2018.402279,1,Expiry,0,6.006795918664946e-14,nan
2015405544067_Node0_Node8_Zero,2018.404169,2018.40614,0,,0,4.19700456e-14,2.9145865e-14
2015409643627_Node0_Node8_Zero,2018.404169,2018.40614,0,,0,4.19700456e-14,2.9145865e-14
2015413738460_Node0_Node8_Zero,2018.412879,2018.41487,0,,0,8.09012608847151e-13,0
2015417838119_Node0_Node8_Zero,2018.412879,2018.41487,0,,0,8.09012608847151e-13,0
2015426033009_Node0_Node8_Zero,2018.425631,2018.426843,0,,0,8.2283073705e-13,0
2015442428385_Node0_Node8_Zero,2018.44315,2018.44315,1,Expiry,0,1.254187305210924e-12,nan
2015446531466_Node0_Node8_Zero,2018.448153,2018.448153,1,Expiry,0,1.273272508498514e-12,nan
2015450632103_Node0_Node8_Zero,2018.448153,2018.449444,0,,0,7.572525408e-13,0
2015458828085_Node0_Node8_Zero,2018.461823,2018.461823,1,Expiry,0,1.2177549739609242e-12,nan
2015467025117_Node0_Node8_Zero,2018.461823,2018.46414,0,,47,7.572525408e-13,0
2015462927961_Node0_Node8_Zero,2018.463033,2018.463033,1,Expiry,0,4.73282838e-14,nan
2015557207632_Node0_Node8_Zero,2018.557957,2018.557957,1,Expiry,0,1.361625160346722e-12,nan
2015565401048_Node0_Node8_Zero,2018.564838,2018.56607,0,,0,8.386893415453048e-13,5.655333385090617e-14
2015581800570_Node0_Node8_Zero,2018.582192,2018.582192,1,Expiry,0,4.19700456e-14,nan
2015598195153_Node0_Node8_Zero,2018.597349,2018.5987,0,,0,7.572525408e-13,3.9188539714403574e-14
2015606395527_Node0_Node8_Zero,2018.605359,2018.60655,0,,0,7.572525408e-13,3.123366576758336e-14
2015630983854_Node0_Node8_Zero,2018.629373,2018.630744,0,,1,9.037178533012801e-13,0
2015639177561_Node0_Node8_Zero,2018.63766,2018.638811,0,,0,6.557819625e-14,4.19700456e-14
2015651461211_Node0_Node8_Zero,2018.652196,2018.652196,1,Expiry,0,6.557819625e-14,nan
2015655556257_Node0_Node8_Zero,2018.652196,2018.653507,0,,0,7.572525408e-13,0
2015680144823_Node0_Node8_Zero,2018.681121,2018.681121,1,Expiry,0,1.26918595805068e-12,nan
2015684243223_Node0_Node8_Zero,2018.683031,2018.686907,0,,88,7.932666189485142e-13,2.6459322721357378e-14
2015688336908_Node0_Node8_Zero,2018.683031,2018.686907,0,,88,7.932666189485142e-13,2.6459322721357378e-14
2015692438100_Node0_Node8_Zero,2018.684961,2018.68997,0,,46,1.1658346e-13,9.021326075165754e-14
2015696541036_Node0_Node8_Zero,2018.684961,2018.68997,0,,46,1.1658346e-13,9.021326075165754e-14
2015704742695_Node0_Node8_Zero,2018.695009,2018.697446,0,,2,8.38875496968625e-13,0
2015712946344_Node0_Node8_Zero,2018.713509,2018.713509,1,Expiry,0,1.2025582202435086e-12,nan
2015721134094_Node0_Node8_Zero,2018.719434,2018.72261,0,,88,3.599773221272655e-14,0
2015717040414_Node0_Node8_Zero,2018.719434,2018.719434,1,Expiry,0,6.557819625e-14,nan
2015729331126_Node0_Node8_Zero,2018.721424,2018.72462,0,,0,8.2283073705e-13,0
2015725232269_Node0_Node8_Zero,2018.721424,2018.72462,0,,0,8.2283073705e-13,0
2015737527702_Node0_Node8_Zero,2018.729863,2018.730934,0,,0,7.863984058e-13,2.1413288571428573e-14
2015827694843_Node0_Node8_Zero,2018.828173,2018.828173,1,Expiry,0,4.19700456e-14,nan
2015860491073_Node0_Node8_Zero,2018.857906,2018.859097,0,,0,8.2283073705e-13,0
2015868687552_Node0_Node8_Zero,2018.867999,2018.86927,0,,0,6.557819625e-14,0
2015901481616_Node0_Node8_Zero,2018.900105,2018.901337,0,,0,6.557819625e-14,4.19700456e-14
2015909681656_Node0_Node8_Zero,2018.904822,2018.905934,0,,0,7.572525408e-13,0
2015934270524_Node0_Node8_Zero,2018.936177,2018.936177,1,Expiry,0,3.9898794703775013e-14,nan
2015942467214_Node0_Node8_Zero,2018.943884,2018.943884,1,Expiry,0,1.1886091089609241e-12,nan
2015938367536_Node0_Node8_Zero,2018.943884,2018.943884,1,Expiry,0,1.1886091089609241e-12,nan
2015946568362_Node0_Node8_Zero,2018.945794,2018.953618,0,,178,3.5805741165751734e-14,2.6306258815654334e-14
2015950662886_Node0_Node8_Zero,2018.945794,2018.953618,0,,178,3.5805741165751734e-14,2.6306258815654334e-14
2015954756389_Node0_Node8_Zero,2018.949649,2018.955608,0,,90,7.913203792233143e-13,0
2015958850675_Node0_Node8_Zero,2018.949649,2018.955608,0,,90,7.913203792233143e-13,0
2015962952596_Node0_Node8_Zero,2018.951599,2018.957578,0,,1,3.3340883845993404e-14,2.4495343233791073e-14
2015967052209_Node0_Node8_Zero,2018.951599,2018.957578,0,,1,3.3340883845993404e-14,2.4495343233791073e-14
2016118682949_Node0_Node8_Zero,2019.123555,2019.123555,1,Expiry,0,1.2530361122818964e-12,nan
2016122780716_Node0_Node8_Zero,2019.125505,2019.125505,1,Expiry,0,1.0912211856e-12,nan
2016126879100_Node0_Node8_Zero,2019.125505,2019.126856,0,,0,7.572525408e-13,3.9898794703775013e-14
2016147371866_Node0_Node8_Zero,2019.146098,2019.14733,0,,0,7.572525408e-13,0
2016151466441_Node0_Node8_Zero,2019.151206,2019.152517,0,,0,2.9145865e-14,2.1413288571428573e-14
2016176062726_Node0_Node8_Zero,2019.165956,2019.167287,0,,0,8.2283073705e-13,0
2016180165354_Node0_Node8_Zero,2019.17448,2019.176631,0,,0,2.9145865e-14,0
2016184260907_Node0_Node8_Zero,2019.17448,2019.176631,0,,0,2.9145865e-14,0
2016192453031_Node0_Node8_Zero,2019.191661,2019.192893,0,,0,8.2283073705e-13,0
2016204741480_Node0_Node8_Zero,2019.203528,2019.205761,0,,0,7.87542642432e-13,0
2016208835989_Node0_Node8_Zero,2019.206929,2019.20804,0,,0,7.572525408e-13,0
2016270299734_Node0_Node8_Zero,2019.271202,2019.271202,1,Expiry,0,1.0965794237999999e-12,nan
2016278497748_Node0_Node8_Zero,2019.275826,2019.276978,0,,0,7.572525408e-13,2.6447313462411344e-14
2016401474937_Node0_Node8_Zero,2019.403687,2019.403687,1,Expiry,0,1.11482933625e-12,nan
2016405569185_Node0_Node8_Zero,2019.405777,2019.405777,1,Expiry,0,1.11482933625e-12,nan
2016409662567_Node0_Node8_Zero,2019.405777,2019.406988,0,,0,8.2283073705e-13,0
2016417864957_Node0_Node8_Zero,2019.412595,2019.413906,0,,0,8.2283073705e-13,0
2016426056561_Node0_Node8_Zero,2019.419179,2019.42029,0,,0,7.572525408e-13,0
2016508041667_Node0_Node8_Zero,2019.509127,2019.509127,1,Expiry,0,1.1983551551084556e-12,nan
2016524435975_Node0_Node8_Zero,2019.527063,2019.527063,1,Expiry,0,1.254187305210924e-12,nan
2016532630880_Node0_Node8_Zero,2019.532518,2019.533749,0,,0,7.572525408e-13,0
2016540827295_Node0_Node8_Zero,2019.540779,2019.541991,0,,0,8.2283073705e-13,4.19700456e-14
2016549023438_Node0_Node8_Zero,2019.54721,2019.548462,0,,0,8.738360007999999e-13,0
2016557215589_Node0_Node8_Zero,2019.55448,2019.555692,0,,0,8.527790903504258e-14,5.922077016322402e-14
2016565414040_Node0_Node8_Zero,2019.564786,2019.566037,0,,0,7.572525408e-13,3.123366576758336e-14
2016598205965_Node0_Node8_Zero,2019.598143,2019.599495,0,,0,8.143680074530488e-14,5.655333385090617e-14
2016606404418_Node0_Node8_Zero,2019.607389,2019.607389,1,Expiry,0,1.3785375466834524e-12,nan
2016622800389_Node0_Node8_Zero,2019.622727,2019.627808,0,,90,9.340155156553868e-13,2.6438269975268382e-14
2016630996013_Node0_Node8_Zero,2019.62653,2019.629987,0,,3,8.980300926334938e-13,0
2016626895744_Node0_Node8_Zero,2019.62653,2019.629987,0,,3,8.980300926334938e-13,0
2016639189513_Node0_Node8_Zero,2019.637458,2019.638609,0,,0,7.572525408e-13,0
2016680172161_Node0_Node8_Zero,2019.680456,2019.680456,1,Expiry,0,1.2516366646228377e-12,nan
2016684265948_Node0_Node8_Zero,2019.681706,2019.682837,0,,0,5.982157976356763e-14,4.154276372469974e-14
2016696565754_Node0_Node8_Zero,2019.696265,2019.697376,0,,0,6.557819625e-14,4.19700456e-14
2016762134301_Node0_Node8_Zero,2019.762262,2019.762262,1,Expiry,0,1.332576162751444e-12,nan
2016770328075_Node0_Node8_Zero,2019.769927,2019.771159,0,,0,1.1658346e-13,6.557819625e-14
2016774430952_Node0_Node8_Zero,2019.774283,2019.776314,0,,0,8.2283073705e-13,0
2016778533444_Node0_Node8_Zero,2019.774283,2019.776314,0,,0,8.2283073705e-13,0
2016786723729_Node0_Node8_Zero,2019.784608,2019.7858,0,,0,6.557819625e-14,4.19700456e-14
2016799023319_Node0_Node8_Zero,2019.800231,2019.800231,1,Expiry,0,4.251248951698846e-14,nan
2016803120820_Node0_Node8_Zero,2019.800231,2019.801382,0,,0,8.738360007999999e-13,0
2016811315092_Node0_Node8_Zero,2019.81901,2019.81901,1,Expiry,0,1.2216304911201101e-12,nan
2016815417545_Node0_Node8_Zero,2019.82098,2019.82098,1,Expiry,0,1.2216304911201101e-12,nan
2016819513486_Node0_Node8_Zero,2019.82098,2019.82098,1,Expiry,0,1.2216304911201101e-12,nan
2016823612208_Node0_Node8_Zero,2019.830601,2019.830601,1,Expiry,0,1.2216304911201101e-12,nan
2016827708814_Node0_Node8_Zero,2019.830601,2019.830601,1,Expiry,0,1.2216304911201101e-12,nan
2016831803773_Node0_Node8_Zero,2019.836455,2019.836455,1,Expiry,0,4.185386326703343e-14,nan
2016835901439_Node0_Node8_Zero,2019.836455,2019.836455,1,Expiry,0,4.185386326703343e-14,nan
2016840002972_Node0_Node8_Zero,2019.838545,2019.842541,0,,89,7.863984058e-13,0
2016844104043_Node0_Node8_Zero,2019.838545,2019.842541,0,,89,7.863984058e-13,0
2016852308470_Node0_Node8_Zero,2019.840555,2019.844531,0,,1,8.164313545492102e-13,4.1096398436951515e-14
2016848205631_Node0_Node8_Zero,2019.840555,2019.844531,0,,1,8.164313545492102e-13,4.1096398436951515e-14
2016856403235_Node0_Node8_Zero,2019.84635,2019.851288,0,,136,7.572525408e-13,0
2016864602591_Node0_Node8_Zero,2019.84635,2019.851288,0,,136,7.572525408e-13,0
2016897399662_Node0_Node8_Zero,2019.897491,2019.897491,1,Expiry,0,4.19700456e-14,nan
2016950669794_Node0_Node8_Zero,2019.950494,2019.951625,0,,0,7.572525408e-13,0
2016991642919_Node0_Node8_Zero,2019.991379,2019.99251,0,,0,8.738360007999999e-13,6.557819625e-14
2016999840583_Node0_Node8_Zero,2020.002536,2020.002536,1,Expiry,0,6.557819625e-14,nan
2017008046499_Node0_Node8_Zero,2020.008288,2020.008288,1,Expiry,0,1.348434767246749e-12,nan
2017016243079_Node0_Node8_Zero,2020.013601,2020.014872,0,,0,7.680953784023101e-14,5.333995683349376e-14
2017020344552_Node0_Node8_Zero,2020.022071,2020.022071,1,Expiry,0,1.3404386246612092e-13,nan
2017024444654_Node0_Node8_Zero,2020.022071,2020.024446,0,,46,8.738360007999999e-13,0
2017032641393_Node0_Node8_Zero,2020.033783,2020.033783,1,Expiry,0,1.0940149552614004e-12,nan
2017036739020_Node0_Node8_Zero,2020.039661,2020.039661,1,Expiry,0,1.197885583651183e-12,nan
2017040840543_Node0_Node8_Zero,2020.041691,2020.041691,1,Expiry,0,1.254187305210924e-12,nan
2017044938361_Node0_Node8_Zero,2020.041691,2020.042922,0,,0,7.992225864e-13,0
2017053127649_Node0_Node8_Zero,2020.047815,2020.048926,0,,0,8.738360007999999e-13,0
2017057222828_Node0_Node8_Zero,2020.055728,2020.056819,0,,0,7.572525408e-13,0
2017065420095_Node0_Node8_Zero,2020.065922,2020.065922,1,Expiry,0,1.308968012101444e-12,nan
2017081816021_Node0_Node8_Zero,2020.081663,2020.082794,0,,0,8.2283073705e-13,4.19700456e-14
2017098214551_Node0_Node8_Zero,2020.097041,2020.098132,0,,0,1.443654162508467e-13,8.120554664110127e-14
2017110512269_Node0_Node8_Zero,2020.106909,2020.108119,0,,0,8.2283073705e-13,4.19700456e-14
2017118713943_Node0_Node8_Zero,2020.123946,2020.123946,1,Expiry,0,1.1886091089609241e-12,nan
2017122809213_Node0_Node8_Zero,2020.123946,2020.123946,1,Expiry,0,1.1886091089609241e-12,nan
2017126905851_Node0_Node8_Zero,2020.127709,2020.127709,1,Expiry,0,1.332576162751444e-12,nan
2017130999464_Node0_Node8_Zero,2020.127709,2020.12908,0,,0,8.738360007999999e-13,0
2017135099361_Node0_Node8_Zero,2020.135694,2020.135694,1,Expiry,0,6.557819625e-14,nan
2017139199718_Node0_Node8_Zero,2020.135694,2020.144022,0,,142,7.971513355037749e-13,0
2017151492235_Node0_Node8_Zero,2020.140602,2020.157341,0,,47,7.992225864e-13,0
2017143296204_Node0_Node8_Zero,2020.142888,2020.157341,0,,1,7.992225864e-13,0
2017155592275_Node0_Node8_Zero,2020.15517,2020.160296,0,,0,1.1658346e-13,9.618753311021725e-14
2017159688365_Node0_Node8_Zero,2020.162388,2020.162388,1,Expiry,0,1.1876902158381595e-12,nan
2017163790193_Node0_Node8_Zero,2020.162388,2020.163539,0,,0,7.572525408e-13,2.626697087469942e-14
2017176088594_Node0_Node8_Zero,2020.168502,2020.169773,0,,0,1.706797888621202e-13,9.600738123494262e-14
2017180185823_Node0_Node8_Zero,2020.176436,2020.177588,0,,0,7.572525408e-13,0
2017188378546_Node0_Node8_Zero,2020.19121,2020.19121,1,Expiry,0,1.332576162751444e-12,nan
2017204767039_Node0_Node8_Zero,2020.204182,2020.206458,0,,47,3.644961335580017e-14,2.677930777160829e-14
2017212960041_Node0_Node8_Zero,2020.205272,2020.207768,0,,1,7.891921754614004e-13,0
2017278522756_Node0_Node8_Zero,2020.278151,2020.279283,0,,0,8.2283073705e-13,0
2017286725861_Node0_Node8_Zero,2020.285389,2020.286561,0,,0,8.41391712e-13,0
2017294922023_Node0_Node8_Zero,2020.290007,2020.291118,0,,0,7.572525408e-13,2.9145865e-14
2017303124512_Node0_Node8_Zero,2020.30223,2020.303461,0,,0,8.184705257044634e-13,0
2017335923473_Node0_Node8_Zero,2020.336243,2020.336243,1,Expiry,0,1.0912211856e-12,nan
2017344119437_Node0_Node8_Zero,2020.343013,2020.344104,0,,0,8.738360007999999e-13,0
2017385117445_Node0_Node8_Zero,2020.382642,2020.383713,0,,0,7.992225864e-13,0
2017393321256_Node0_Node8_Zero,2020.391076,2020.392207,0,,0,7.572525408e-13,0
2017401516655_Node0_Node8_Zero,2020.405526,2020.405526,1,Expiry,0,1.3295913727620127e-12,nan
2017405613043_Node0_Node8_Zero,2020.410589,2020.410589,1,Expiry,0,1.234876820661937e-12,nan
2017409714631_Node0_Node8_Zero,2020.410589,2020.410589,1,Expiry,0,1.234876820661937e-12,nan
2017413811110_Node0_Node8_Zero,2020.412639,2020.41455,0,,0,5.982024939670529e-14,0
2017417908327_Node0_Node8_Zero,2020.412639,2020.41455,0,,0,5.982024939670529e-14,0
2017426105535_Node0_Node8_Zero,2020.416732,2020.418043,0,,0,7.997185935585376e-13,0
2017450697419_Node0_Node8_Zero,2020.447787,2020.448978,0,,0,7.572525408e-13,0
2017454799461_Node0_Node8_Zero,2020.455746,2020.455746,1,Expiry,0,1.254187305210924e-12,nan
2017458894406_Node0_Node8_Zero,2020.455746,2020.456837,0,,0,6.557819625e-14,4.19700456e-14
2017540840559_Node0_Node8_Zero,2020.539524,2020.540775,0,,0,8.2283073705e-13,0
2017549037398_Node0_Node8_Zero,2020.54617,2020.547502,0,,1,8.864562145030645e-13,0
2017590001748_Node0_Node8_Zero,2020.590621,2020.590621,1,Expiry,0,1.11482933625e-12,nan
2017606395136_Node0_Node8_Zero,2020.607781,2020.607781,1,Expiry,0,1.332576162751444e-12,nan
2017610493873_Node0_Node8_Zero,2020.609731,2020.611642,0,,0,8.406232398710881e-13,0
2017614590043_Node0_Node8_Zero,2020.609731,2020.611642,0,,0,8.406232398710881e-13,0
2017622785759_Node0_Node8_Zero,2020.625569,2020.625569,1,Expiry,0,1.3185977679745064e-12,nan
2017626883678_Node0_Node8_Zero,2020.629364,2020.629364,1,Expiry,0,1.2632262073025422e-12,nan
2017630978796_Node0_Node8_Zero,2020.629364,2020.63256,0,,89,7.934345951629852e-13,0
2017635073842_Node0_Node8_Zero,2020.631454,2020.63445,0,,1,3.3496986087622696e-14,0
2017639167365_Node0_Node8_Zero,2020.631454,2020.63445,0,,1,3.3496986087622696e-14,0
2017684247797_Node0_Node8_Zero,2020.686173,2020.686173,1,Expiry,0,1.2199871790409717e-12,nan
2017688347182_Node0_Node8_Zero,2020.686173,2020.687444,0,,0,7.572525408e-13,0
2017704740904_Node0_Node8_Zero,2020.703979,2020.70521,0,,0,8.2283073705e-13,4.19700456e-14
2017712934743_Node0_Node8_Zero,2020.709093,2020.710264,0,,0,7.992225864e-13,2.9145865e-14
2017745721003_Node0_Node8_Zero,2020.748207,2020.748207,1,Expiry,0,1.254187305210924e-12,nan
2017749823863_Node0_Node8_Zero,2020.750297,2020.750297,1,Expiry,0,6.557819625e-14,nan
2017753926785_Node0_Node8_Zero,2020.750297,2020.751608,0,,0,8.738360007999999e-13,0
2017762116807_Node0_Node8_Zero,2020.757713,2020.758904,0,,0,8.34062078640231e-13,0
2017770312771_Node0_Node8_Zero,2020.769257,2020.770369,0,,0,7.572525408e-13,0
2017778513880_Node0_Node8_Zero,2020.779227,2020.779227,1,Expiry,0,1.308968012101444e-12,nan
2017794903012_Node0_Node8_Zero,2020.792474,2020.793725,0,,0,8.738360007999999e-13,0
2017811308670_Node0_Node8_Zero,2020.81229,2020.81229,1,Expiry,0,1.248370729053777e-12,nan
2017856394119_Node0_Node8_Zero,2020.851546,2020.852677,0,,0,1.1658346e-13,6.557819625e-14
2017860493577_Node0_Node8_Zero,2020.856377,2020.857628,0,,0,7.572525408e-13,0
2017897381828_Node0_Node8_Zero,2020.898094,2020.898094,1,Expiry,0,1.254187305210924e-12,nan
2017901483180_Node0_Node8_Zero,2020.900144,2020.902175,0,,0,7.572525408e-13,0
2017905579686_Node0_Node8_Zero,2020.900144,2020.902175,0,,0,7.572525408e-13,0
2017913779355_Node0_Node8_Zero,2020.912037,2020.913248,0,,0,7.572525408e-13,0
2017921979675_Node0_Node8_Zero,2020.921502,2020.922773,0,,0,7.572525408e-13,0
2017930183929_Node0_Node8_Zero,2020.92922,2020.930371,0,,0,8.2283073705e-13,0
2017938382047_Node0_Node8_Zero,2020.936237,2020.937608,0,,0,7.572525408e-13,4.19700456e-14
2017946583038_Node0_Node8_Zero,2020.942487,2020.944803,0,,47,7.863984058e-13,0
2017967079505_Node0_Node8_Zero,2020.967313,2020.967313,1,Expiry,0,1.2284438510160116e-12,nan
2017971177762_Node0_Node8_Zero,2020.967313,2020.968404,0,,0,7.572525408e-13,0
2017979378565_Node0_Node8_Zero,2020.976639,2020.977811,0,,0,7.572525408e-13,0
2018016262750_Node0_Node8_Zero,2021.016969,2021.016969,1,Expiry,0,1.4083912327584696e-12,nan
2018053140378_Node0_Node8_Zero,2021.050594,2021.051945,0,,0,8.2283073705e-13,0
2018094120350_Node0_Node8_Zero,2021.093242,2021.095475,0,,0,6.557819625e-14,4.19700456e-14
2018110515581_Node0_Node8_Zero,2021.108822,2021.110034,0,,0,8.2283073705e-13,4.19700456e-14
2018118714567_Node0_Node8_Zero,2021.117479,2021.120635,0,,0,1.497035991040838e-13,3.074977709414701e-14
2018122811753_Node0_Node8_Zero,2021.123388,2021.123388,1,Expiry,0,1.2587337546169419e-12,nan
2018126905166_Node0_Node8_Zero,2021.123388,2021.124539,0,,0,4.19700456e-14,2.9145865e-14
2018135101922_Node0_Node8_Zero,2021.137237,2021.137237,1,Expiry,0,1.236667613642147e-12,nan
2018139201891_Node0_Node8_Zero,2021.141099,2021.141099,1,Expiry,0,1.04925114e-12,nan
2018143299753_Node0_Node8_Zero,2021.141099,2021.144043,0,,0,8.14706805173436e-13,0
2018147397435_Node0_Node8_Zero,2021.146077,2021.148208,0,,0,8.2283073705e-13,4.19700456e-14
2018151495137_Node0_Node8_Zero,2021.146077,2021.148208,0,,0,8.2283073705e-13,4.19700456e-14
2018184269728_Node0_Node8_Zero,2021.185199,2021.185199,1,Expiry,0,1.0912211856e-12,nan
2018192472926_Node0_Node8_Zero,2021.192361,2021.193713,0,,0,8.2283073705e-13,4.19700456e-14
2018233448122_Node0_Node8_Zero,2021.230541,2021.231733,0,,0,8.2283073705e-13,0
2018229350537_Node0_Node8_Zero,2021.230541,2021.230541,1,Expiry,0,1.369868877837771e-12,nan
2018258035608_Node0_Node8_Zero,2021.258453,2021.258453,1,Expiry,0,6.557819625e-14,nan
2018266227783_Node0_Node8_Zero,2021.266221,2021.269195,0,,0,8.2283073705e-13,4.19700456e-14
2018270330519_Node0_Node8_Zero,2021.271164,2021.271164,1,Expiry,0,1.231111287328329e-12,nan
2018274425441_Node0_Node8_Zero,2021.271164,2021.272356,0,,0,8.045808246e-13,0
2018278520350_Node0_Node8_Zero,2021.278286,2021.280317,0,,0,6.066764139084842e-14,4.2130306521422507e-14
2018282617896_Node0_Node8_Zero,2021.278286,2021.280317,0,,0,6.066764139084842e-14,4.2130306521422507e-14
2018286714620_Node0_Node8_Zero,2021.287879,2021.287879,1,Expiry,0,1.298361115987477e-12,nan
2018290810103_Node0_Node8_Zero,2021.287879,2021.28909,0,,0,8.176232616289404e-13,4.192411168676422e-14
2018294904889_Node0_Node8_Zero,2021.295905,2021.295905,1,Expiry,0,1.272016097892943e-12,nan
2018299003770_Node0_Node8_Zero,2021.295905,2021.297216,0,,0,5.181915946298919e-14,3.5985527404853606e-14
2018307205283_Node0_Node8_Zero,2021.305648,2021.306779,0,,0,7.572525408e-13,2.9145865e-14
2018315400682_Node0_Node8_Zero,2021.315181,2021.318548,0,,47,8.047969051584369e-13,0
2018319500727_Node0_Node8_Zero,2021.317273,2021.319838,0,,1,8.14706805173436e-13,3.9898794703775013e-14
2018360468532_Node0_Node8_Zero,2021.361623,2021.361623,1,Expiry,0,1.2490882061812197e-12,nan
2018368665393_Node0_Node8_Zero,2021.36772,2021.368832,0,,0,6.557819625e-14,4.19700456e-14
2018401441430_Node0_Node8_Zero,2021.400043,2021.401294,0,,0,6.557819625e-14,0
2018409637686_Node0_Node8_Zero,2021.408043,2021.409335,0,,0,4.19700456e-14,2.9145865e-14
2018434205502_Node0_Node8_Zero,2021.433159,2021.43443,0,,0,7.572525408e-13,0
2018438299028_Node0_Node8_Zero,2021.440228,2021.440228,1,Expiry,0,1.0912211856e-12,nan
2018442392976_Node0_Node8_Zero,2021.440228,2021.441299,0,,0,4.196320889102066e-14,3.0830112654627423e-14
2018450588078_Node0_Node8_Zero,2021.455245,2021.455245,1,Expiry,0,1.2305791545609242e-12,nan
2018454685645_Node0_Node8_Zero,2021.457175,2021.457175,1,Expiry,0,6.557819625e-14,nan
2018458780948_Node0_Node8_Zero,2021.457175,2021.458307,0,,0,7.992225864e-13,0
2018466983131_Node0_Node8_Zero,2021.466344,2021.467536,0,,0,6.557819625e-14,4.19700456e-14
2018475185307_Node0_Node8_Zero,2021.47112,2021.472431,0,,1,8.859979748902176e-13,0
2018483384601_Node0_Node8_Zero,2021.480981,2021.482272,0,,0,7.572525408e-13,6.557819625e-14
2018528482802_Node0_Node8_Zero,2021.527139,2021.52823,0,,0,7.572525408e-13,8.51225100019789e-14
2018557174720_Node0_Node8_Zero,2021.553176,2021.554268,0,,0,8.2283073705e-13,0
2018581774260_Node0_Node8_Zero,2021.586302,2021.586302,1,Expiry,0,1.254187305210924e-12,nan
2018585874671_Node0_Node8_Zero,2021.588472,2021.588472,1,Expiry,0,6.557819625e-14,nan
2018589975103_Node0_Node8_Zero,2021.588472,2021.589823,0,,0,8.738360007999999e-13,0
2018594071815_Node0_Node8_Zero,2021.595301,2021.595301,1,Expiry,0,1.306896761205219e-12,nan
2018598167700_Node0_Node8_Zero,2021.595301,2021.600926,1,Expiry,97,2.5325862203775004e-13,nan
2018606366595_Node0_Node8_Zero,2021.599781,2021.621469,0,,93,9.069561399040837e-13,0
2018610462190_Node0_Node8_Zero,2021.615529,2021.615529,1,Expiry,0,1.2235855596833685e-12,nan
2018618655391_Node0_Node8_Zero,2021.615529,2021.621469,0,,90,9.069561399040837e-13,0
2018614561689_Node0_Node8_Zero,2021.617519,2021.617519,1,Expiry,0,1.2851421876864496e-12,nan
2018622749024_Node0_Node8_Zero,2021.617519,2021.627507,0,,92,9.069561399040837e-13,0
2018626846504_Node0_Node8_Zero,2021.623404,2021.629406,0,,2,7.572525408e-13,0
2018630944923_Node0_Node8_Zero,2021.623404,2021.629406,0,,2,7.572525408e-13,0
2018635043008_Node0_Node8_Zero,2021.631328,2021.634384,0,,47,9.069561399040837e-13,0
2018639141205_Node0_Node8_Zero,2021.631328,2021.634384,0,,47,9.069561399040837e-13,0
2018643236732_Node0_Node8_Zero,2021.632458,2021.6367,0,,47,7.572525408e-13,0
2018647337748_Node0_Node8_Zero,2021.652871,2021.652871,1,Expiry,0,7.680953784023101e-14,nan
2018651440748_Node0_Node8_Zero,2021.652871,2021.652871,1,Expiry,0,7.680953784023101e-14,nan
2018655538267_Node0_Node8_Zero,2021.654983,2021.658819,0,,89,7.572525408e-13,0
2018659641174_Node0_Node8_Zero,2021.654983,2021.658819,0,,89,7.572525408e-13,0
2018663739106_Node0_Node8_Zero,2021.656893,2021.661983,0,,47,7.572525408e-13,0
2018671929635_Node0_Node8_Zero,2021.656893,2021.661983,0,,47,7.572525408e-13,0
2018680125817_Node0_Node8_Zero,2021.681234,2021.681234,1,Expiry,0,6.557819625e-14,nan
2018696523861_Node0_Node8_Zero,2021.697541,2021.697541,1,Expiry,0,1.2305791545609242e-12,nan
2018717027964_Node0_Node8_Zero,2021.718295,2021.718295,1,Expiry,0,1.254187305210924e-12,nan
2018725227446_Node0_Node8_Zero,2021.718295,2021.719486,0,,0,8.2283073705e-13,0
2018733429840_Node0_Node8_Zero,2021.723564,2021.724815,0,,1,9.204176800172867e-13,9.17803908097238e-14
2018753922291_Node0_Node8_Zero,2021.752625,2021.753817,0,,0,7.680953784023101e-14,5.333995683349376e-14
2018766220843_Node0_Node8_Zero,2021.764791,2021.765902,0,,0,8.2283073705e-13,0
2018770321683_Node0_Node8_Zero,2021.77217,2021.77217,1,Expiry,0,1.292036737030645e-13,nan
2018774415494_Node0_Node8_Zero,2021.77217,2021.773262,0,,0,8.446386496587289e-13,0
2018782614367_Node0_Node8_Zero,2021.781582,2021.782694,0,,0,7.572525408e-13,0
2018790805324_Node0_Node8_Zero,2021.791314,2021.791314,1,Expiry,0,1.2732073447936998e-12,nan
2018799002571_Node0_Node8_Zero,2021.800113,2021.800113,1,Expiry,0,6.557819625e-14,nan
2018811301283_Node0_Node8_Zero,2021.805636,2021.806987,0,,0,7.572525408e-13,0
2018815396505_Node0_Node8_Zero,2021.816411,2021.816411,1,Expiry,0,1.3042906815877709e-12,nan
2018827687676_Node0_Node8_Zero,2021.823475,2021.824686,0,,1,8.980300926334938e-13,0
2018831783925_Node0_Node8_Zero,2021.829978,2021.831089,0,,0,8.382474382786348e-13,0
2018839983329_Node0_Node8_Zero,2021.837303,2021.838534,0,,1,9.237459171181967e-13,0
2018835883451_Node0_Node8_Zero,2021.837303,2021.837303,1,Expiry,0,1.3729611223630939e-12,nan
2018852272313_Node0_Node8_Zero,2021.847975,2021.849107,0,,0,8.2283073705e-13,0
2018860469572_Node0_Node8_Zero,2021.858656,2021.859888,0,,0,7.572525408e-13,0
2018868663477_Node0_Node8_Zero,2021.874675,2021.874675,1,Expiry,0,1.2305791545609242e-12,nan
2018885056598_Node0_Node8_Zero,2021.880455,2021.882426,0,,1,8.980300926334938e-13,0
2018880961587_Node0_Node8_Zero,2021.880455,2021.882426,0,,1,8.980300926334938e-13,0
2018893255640_Node0_Node8_Zero,2021.885672,2021.889709,0,,88,7.572525408e-13,0
2018889159575_Node0_Node8_Zero,2021.885672,2021.889709,0,,88,7.572525408e-13,0
2018901448717_Node0_Node8_Zero,2021.887622,2021.892591,0,,48,8.980300926334938e-13,0
2018897350971_Node0_Node8_Zero,2021.887622,2021.892591,0,,48,8.980300926334938e-13,0
2018909651316_Node0_Node8_Zero,2021.903112,2021.905224,0,,0,8.176228768315947e-13,0
2018905549892_Node0_Node8_Zero,2021.903112,2021.905224,0,,0,8.176228768315947e-13,0
2018913748123_Node0_Node8_Zero,2021.907079,2021.911083,0,,89,8.14706805173436e-13,0
2018917848730_Node0_Node8_Zero,2021.907079,2021.911083,0,,89,8.14706805173436e-13,0
2018926046459_Node0_Node8_Zero,2021.922463,2021.923574,0,,0,6.557819625e-14,4.19700456e-14
2018930141475_Node0_Node8_Zero,2021.929269,2021.930501,0,,0,7.572525408e-13,0
2018934237143_Node0_Node8_Zero,2021.936186,2021.936186,1,Expiry,0,1.3547435057078917e-12,nan
2018942434306_Node0_Node8_Zero,2021.936186,2021.937358,0,,0,4.7544364358436965e-14,3.3016919693359e-14
2018975225840_Node0_Node8_Zero,2021.97076,2021.972071,0,,0,8.2283073705e-13,0
2018983428164_Node0_Node8_Zero,2021.984751,2021.984751,1,Expiry,0,1.254187305210924e-12,nan
2018987524606_Node0_Node8_Zero,2021.984751,2021.986122,0,,0,7.572525408e-13,0
2018991620135_Node0_Node8_Zero,2021.992841,2021.992841,1,Expiry,0,1.2741171800909786e-12,nan
2018995715620_Node0_Node8_Zero,2021.992841,2021.994133,0,,0,2.9145865e-14,6.557819625e-14
2019003920710_Node0_Node8_Zero,2021.997948,2021.999139,0,,0,7.572525408e-13,0
2019008016910_Node0_Node8_Zero,2022.010479,2022.010479,1,Expiry,0,1.266997966501444e-12,nan
2019016210315_Node0_Node8_Zero,2022.010479,2022.012813,0,,0,8.738360007999999e-13,0
2019012115447_Node0_Node8_Zero,2022.016467,2022.016467,1,Expiry,0,1.308968012101444e-12,nan
2019024409532_Node0_Node8_Zero,2022.017657,2022.018768,0,,0,8.2283073705e-13,0
2019032604999_Node0_Node8_Zero,2022.030154,2022.031345,0,,0,8.738360007999999e-13,0
2019040807906_Node0_Node8_Zero,2022.037243,2022.038414,0,,0,8.2283073705e-13,4.19700456e-14
2019049005070_Node0_Node8_Zero,2022.050038,2022.050038,1,Expiry,0,1.254187305210924e-12,nan
2019073586739_Node0_Node8_Zero,2022.076242,2022.076242,1,Expiry,0,1.266997966501444e-12,nan
2019081777551_Node0_Node8_Zero,2022.085061,2022.085061,1,Expiry,0,1.04925114e-12,nan
2019085878995_Node0_Node8_Zero,2022.088874,2022.088874,1,Expiry,0,4.19700456e-14,nan
2019089976817_Node0_Node8_Zero,2022.088874,2022.091969,0,,0,7.572525408e-13,0
2019094070518_Node0_Node8_Zero,2022.093821,2022.097826,0,,0,7.572525408e-13,0
2019098164850_Node0_Node8_Zero,2022.093821,2022.097826,0,,0,7.572525408e-13,0
2019106366395_Node0_Node8_Zero,2022.099737,2022.103612,0,,47,8.738360007999999e-13,6.557819625e-14
2019102263814_Node0_Node8_Zero,2022.099737,2022.103612,0,,47,8.738360007999999e-13,6.557819625e-14
2019114562432_Node0_Node8_Zero,2022.11188,2022.113191,0,,0,7.572525408e-13,0
2019319479705_Node0_Node8_Zero,2022.320512,2022.320512,1,Expiry,0,1.274864121604178e-12,nan
2019344068702_Node0_Node8_Zero,2022.345129,2022.345129,1,Expiry,0,1.3691504610654062e-12,nan
2019352270445_Node0_Node8_Zero,2022.351515,2022.352606,0,,0,8.2283073705e-13,0
2019360460312_Node0_Node8_Zero,2022.359888,2022.36116,0,,0,7.572525408e-13,0
2019368657353_Node0_Node8_Zero,2022.369158,2022.369158,1,Expiry,0,1.2468517781990565e-12,nan
2019385048996_Node0_Node8_Zero,2022.381098,2022.382429,0,,0,7.572525408e-13,6.557819625e-14
2019380952092_Node0_Node8_Zero,2022.381098,2022.381098,1,Expiry,0,1.385233310996722e-12,nan
2019442410404_Node0_Node8_Zero,2022.439888,2022.44124,0,,0,7.572525408e-13,0
2019450606946_Node0_Node8_Zero,2022.450294,2022.451425,0,,0,8.2283073705e-13,0
2019458803126_Node0_Node8_Zero,2022.459093,2022.459093,1,Expiry,0,4.19700456e-14,nan
2019475194744_Node0_Node8_Zero,2022.474231,2022.475382,0,,0,8.2283073705e-13,0
2019507989013_Node0_Node8_Zero,2022.51287,2022.51287,1,Expiry,0,1.254187305210924e-12,nan
2019512086242_Node0_Node8_Zero,2022.51486,2022.51486,1,Expiry,0,1.332576162751444e-12,nan
2019516186686_Node0_Node8_Zero,2022.51486,2022.516051,0,,1,1.4456601487386367e-13,0
2019524383735_Node0_Node8_Zero,2022.519877,2022.521128,0,,0,8.2283073705e-13,0
2019532585493_Node0_Node8_Zero,2022.531167,2022.532518,0,,0,7.572525408e-13,0
2019540777238_Node0_Node8_Zero,2022.545427,2022.545427,1,Expiry,0,1.3536069339338242e-12,nan
2019553068617_Node0_Node8_Zero,2022.55355,2022.55355,1,Expiry,0,4.251248951698846e-14,nan
2019557162147_Node0_Node8_Zero,2022.55355,2022.55673,0,,46,8.738360007999999e-13,0
2019565357573_Node0_Node8_Zero,2022.555652,2022.5578,0,,0,1.292036737030645e-13,8.269035116996129e-14
2019569452074_Node0_Node8_Zero,2022.568077,2022.569268,0,,0,8.738360007999999e-13,0
2019589934933_Node0_Node8_Zero,2022.589986,2022.589986,1,Expiry,0,1.369868877837771e-12,nan
2019594031922_Node0_Node8_Zero,2022.591316,2022.592467,0,,0,7.992225864e-13,0
2019598127482_Node0_Node8_Zero,2022.598771,2022.598771,1,Expiry,0,1.332576162751444e-12,nan
2019606330805_Node0_Node8_Zero,2022.598771,2022.600122,0,,0,7.572525408e-13,0
2019671931729_Node0_Node8_Zero,2022.672395,2022.672395,1,Expiry,0,1.0912211856e-12,nan
2019704712579_Node0_Node8_Zero,2022.702614,2022.703825,0,,0,7.863984058e-13,0
2019712908378_Node0_Node8_Zero,2022.70752,2022.708811,0,,0,7.992225864e-13,0
2019737501880_Node0_Node8_Zero,2022.737081,2022.738373,0,,0,4.19700456e-14,2.9145865e-14
2019745701896_Node0_Node8_Zero,2022.743387,2022.744558,0,,0,6.728690569379068e-14,4.9435277652580905e-14
2019753896310_Node0_Node8_Zero,2022.752771,2022.753902,0,,0,8.373621201207762e-13,0
2019762095739_Node0_Node8_Zero,2022.757375,2022.758726,0,,1,8.830437742985769e-13,0
2019766197311_Node0_Node8_Zero,2022.767485,2022.767485,1,Expiry,0,1.3009176804176464e-12,nan
2019770291279_Node0_Node8_Zero,2022.767485,2022.768756,0,,0,4.1326962267069406e-14,3.036266615539793e-14
2019778490948_Node0_Node8_Zero,2022.773383,2022.774514,0,,0,7.572525408e-13,0
2019803088961_Node0_Node8_Zero,2022.803662,2022.803662,1,Expiry,0,1.2284438510160116e-12,nan
2019835881595_Node0_Node8_Zero,2022.834392,2022.835663,0,,1,8.980300926334938e-13,0
2019844078777_Node0_Node8_Zero,2022.839617,2022.841718,0,,0,8.2283073705e-13,0
2019852277892_Node0_Node8_Zero,2022.850014,2022.851325,0,,0,8.176228768315947e-13,0
2019848175860_Node0_Node8_Zero,2022.850014,2022.850014,1,Expiry,0,4.872757468640541e-14,nan
2019868678500_Node0_Node8_Zero,2022.868282,2022.869594,0,,0,7.572525408e-13,0
2019909669399_Node0_Node8_Zero,2022.908798,2022.909929,0,,0,7.572525408e-13,7.918737290634025e-14
2019921964555_Node0_Node8_Zero,2022.919706,2022.921077,0,,0,8.738360007999999e-13,6.557819625e-14
2019926066652_Node0_Node8_Zero,2022.925773,2022.931713,0,,89,7.572525408e-13,0
2019930161038_Node0_Node8_Zero,2022.925773,2022.931713,0,,89,7.572525408e-13,0
2019934255722_Node0_Node8_Zero,2022.929732,2022.933883,0,,1,7.572525408e-13,0
2019942459493_Node0_Node8_Zero,2022.929732,2022.933883,0,,1,7.572525408e-13,0
2019971156973_Node0_Node8_Zero,2022.969881,2022.970952,0,,0,6.557819625e-14,4.19700456e-14
2019979355846_Node0_Node8_Zero,2022.978984,2022.980055,0,,0,8.2283073705e-13,0
2019987551552_Node0_Node8_Zero,2022.985206,2022.986297,0,,0,4.19700456e-14,2.9145865e-14
2019995745292_Node0_Node8_Zero,2022.996496,2022.996496,1,Expiry,0,1.1886091089609241e-12,nan
2019999840484_Node0_Node8_Zero,2023.000463,2023.000463,1,Expiry,0,1.078397005e-12,nan
2020003940024_Node0_Node8_Zero,2023.000463,2023.001734,0,,0,3.519438795837345e-14,2.585710135717233e-14
2020040829517_Node0_Node8_Zero,2023.039237,2023.040388,0,,0,7.572525408e-13,0
2020044924350_Node0_Node8_Zero,2023.045319,2023.045319,1,Expiry,0,1.1886091089609241e-12,nan
2020270338278_Node0_Node8_Zero,2023.271062,2023.271062,1,Expiry,0,1.2080811592928028e-12,nan
2020278539882_Node0_Node8_Zero,2023.279096,2023.279096,1,Expiry,0,8.143680074530488e-14,nan
2020303138279_Node0_Node8_Zero,2023.300793,2023.302144,0,,0,8.738360007999999e-13,0
2020307240196_Node0_Node8_Zero,2023.308556,2023.308556,1,Expiry,0,3.60186510936504e-14,nan
2020311337559_Node0_Node8_Zero,2023.308556,2023.312352,0,,49,6.557819625e-14,4.19700456e-14
2020319537020_Node0_Node8_Zero,2023.318663,2023.319915,0,,0,8.2283073705e-13,0
2020327736397_Node0_Node8_Zero,2023.328618,2023.328618,1,Expiry,0,1.2283588350357033e-12,nan
2020331836002_Node0_Node8_Zero,2023.334508,2023.334508,1,Expiry,0,1.3063626038636364e-12,nan
2020335932331_Node0_Node8_Zero,2023.334508,2023.339607,0,,89,8.2283073705e-13,0
2020344130519_Node0_Node8_Zero,2023.338355,2023.341717,0,,1,1.407775518334938e-13,7.918737290634025e-14
2020340029429_Node0_Node8_Zero,2023.338355,2023.341717,0,,1,1.407775518334938e-13,7.918737290634025e-14
2020352320133_Node0_Node8_Zero,2023.349715,2023.350846,0,,0,7.572525408e-13,0
2020368713799_Node0_Node8_Zero,2023.370689,2023.370689,1,Expiry,0,1.078397005e-12,nan
2020372815254_Node0_Node8_Zero,2023.372599,2023.37453,0,,0,6.557819625e-14,0
2020376912810_Node0_Node8_Zero,2023.372599,2023.37453,0,,0,6.557819625e-14,0
2020381014230_Node0_Node8_Zero,2023.380637,2023.382728,0,,0,7.572525408e-13,0
2020385112100_Node0_Node8_Zero,2023.380637,2023.382728,0,,0,7.572525408e-13,0
2020393314579_Node0_Node8_Zero,2023.39339,2023.39339,1,Expiry,0,6.557819625e-14,nan
2020401514368_Node0_Node8_Zero,2023.402522,2023.402522,1,Expiry,0,1.266997966501444e-12,nan
2020409713274_Node0_Node8_Zero,2023.412564,2023.412564,1,Expiry,0,1.254187305210924e-12,nan
2020426110994_Node0_Node8_Zero,2023.418108,2023.419479,0,,0,8.738360007999999e-13,6.557819625e-14
2020434307595_Node0_Node8_Zero,2023.427506,2023.428577,0,,0,1.313119314522014e-13,8.403963612940891e-14
2020442499400_Node0_Node8_Zero,2023.43789,2023.439141,0,,0,7.971513355037749e-13,0
2020446599398_Node0_Node8_Zero,2023.445097,2023.447008,0,,0,7.572525408e-13,5.333995683349376e-14
2020450693005_Node0_Node8_Zero,2023.445097,2023.447008,0,,0,7.572525408e-13,5.333995683349376e-14
2020458888695_Node0_Node8_Zero,2023.451252,2023.452363,0,,0,8.087404214683431e-13,0
2020467090283_Node0_Node8_Zero,2023.465727,2023.466958,0,,0,7.572525408e-13,3.0290101632e-14
2020495777045_Node0_Node8_Zero,2023.493374,2023.494485,0,,0,7.572525408e-13,0
2020524484062_Node0_Node8_Zero,2023.522141,2023.523452,0,,0,8.2283073705e-13,4.19700456e-14
2020536781492_Node0_Node8_Zero,2023.527192,2023.528323,0,,0,7.992225864e-13,0
2020540879404_Node0_Node8_Zero,2023.538967,2023.540098,0,,0,8.2283073705e-13,4.19700456e-14
2020577760866_Node0_Node8_Zero,2023.576702,2023.578014,0,,0,5.951082566457995e-14,4.1326962267069406e-14
2020594153602_Node0_Node8_Zero,2023.595712,2023.595712,1,Expiry,0,1.11482933625e-12,nan
2020598255193_Node0_Node8_Zero,2023.597642,2023.599654,0,,0,1.407775518334938e-13,7.918737290634025e-14
2020602356769_Node0_Node8_Zero,2023.597642,2023.599654,0,,0,1.407775518334938e-13,7.918737290634025e-14
2020610558699_Node0_Node8_Zero,2023.603231,2023.610257,0,,95,6.557819625e-14,4.19700456e-14
2020614655999_Node0_Node8_Zero,2023.60892,2023.616857,0,,0,7.572525408e-13,0
2020622858666_Node0_Node8_Zero,2023.614905,2023.616857,0,,0,7.572525408e-13,0
2020631061677_Node0_Node8_Zero,2023.630021,2023.631192,0,,0,6.557819625e-14,4.19700456e-14
2020639257063_Node0_Node8_Zero,2023.637037,2023.638328,0,,0,7.992225864e-13,0
2020647452736_Node0_Node8_Zero,2023.647643,2023.647643,1,Expiry,0,1.2702831222490904e-12,nan
2020655650740_Node0_Node8_Zero,2023.656406,2023.656406,1,Expiry,0,1.2305791545609242e-12,nan
2020680242040_Node0_Node8_Zero,2023.68003,2023.681221,0,,0,8.2283073705e-13,0
2020688437867_Node0_Node8_Zero,2023.684975,2023.686246,0,,0,7.992225864e-13,2.9145865e-14
2020717123488_Node0_Node8_Zero,2023.711931,2023.713142,0,,0,8.2283073705e-13,0
2020721217939_Node0_Node8_Zero,2023.718356,2023.719607,0,,0,7.993828473214225e-13,3.0952878260636945e-14
2020745809449_Node0_Node8_Zero,2023.743992,2023.745104,0,,0,8.2283073705e-13,0
2020754004251_Node0_Node8_Zero,2023.753082,2023.754193,0,,0,6.557819625e-14,4.19700456e-14
2020762200504_Node0_Node8_Zero,2023.761752,2023.762903,0,,0,8.2283073705e-13,0
2020770396738_Node0_Node8_Zero,2023.768327,2023.769618,0,,0,1.1658346e-13,6.557819625e-14
2020778589064_Node0_Node8_Zero,2023.775593,2023.776685,0,,1,8.844975419645388e-13,0
2020794978839_Node0_Node8_Zero,2023.796201,2023.796201,1,Expiry,0,1.0912211856e-12,nan
2020803174408_Node0_Node8_Zero,2023.801179,2023.80251,0,,0,8.2283073705e-13,0
2020807277317_Node0_Node8_Zero,2023.808265,2023.808265,1,Expiry,0,1.306896761205219e-12,nan
2020811373767_Node0_Node8_Zero,2023.813277,2023.813277,1,Expiry,0,6.386346527896558e-14,nan
2020815473774_Node0_Node8_Zero,2023.813277,2023.814368,0,,0,7.572525408e-13,0
2020819571482_Node0_Node8_Zero,2023.818144,2023.820195,0,,0,7.572525408e-13,0
2020827761911_Node0_Node8_Zero,2023.818144,2023.820195,0,,0,7.572525408e-13,0
2020831865165_Node0_Node8_Zero,2023.826102,2023.827233,0,,0,7.991064040670334e-13,3.074977709414701e-14
2020905636811_Node0_Node8_Zero,2023.904951,2023.906082,0,,0,8.2283073705e-13,0
2020909735636_Node0_Node8_Zero,2023.909899,2023.909899,1,Expiry,0,4.19700456e-14,nan
2020926138657_Node0_Node8_Zero,2023.924699,2023.926071,0,,0,4.19700456e-14,2.9145865e-14
2020950734148_Node0_Node8_Zero,2023.949377,2023.950728,0,,0,8.2283073705e-13,0
2020958929127_Node0_Node8_Zero,2023.956312,2023.957464,0,,0,7.941588770816679e-13,0
2021032697855_Node0_Node8_Zero,2024.033012,2024.033012,1,Expiry,0,6.557819625e-14,nan
2021040894299_Node0_Node8_Zero,2024.03778,2024.038972,0,,1,8.844975419645388e-13,8.143680074530488e-14
2021155696670_Node0_Node8_Zero,2024.156758,2024.156758,1,Expiry,0,1.2305791545609242e-12,nan
2021180283959_Node0_Node8_Zero,2024.180886,2024.180886,1,Expiry,0,1.2305791545609242e-12,nan
2021213071474_Node0_Node8_Zero,2024.211398,2024.212709,0,,0,7.572525408e-13,6.557819625e-14
2021221269222_Node0_Node8_Zero,2024.217436,2024.218507,0,,0,8.2283073705e-13,0
2021233573127_Node0_Node8_Zero,2024.229503,2024.230594,0,,0,7.572525408e-13,0
2021254066306_Node0_Node8_Zero,2024.254981,2024.254981,1,Expiry,0,1.11482933625e-12,nan
2021270466678_Node0_Node8_Zero,2024.269885,2024.271216,0,,0,8.41391712e-13,4.73282838e-14
2021278664763_Node0_Node8_Zero,2024.279389,2024.279389,1,Expiry,0,1.254187305210924e-12,nan
2021286857986_Node0_Node8_Zero,2024.284914,2024.286145,0,,0,7.992225864e-13,0
2021295054495_Node0_Node8_Zero,2024.296524,2024.296524,1,Expiry,0,1.1764961411645388e-12,nan
2021303257303_Node0_Node8_Zero,2024.298856,2024.300887,0,,0,8.738360007999999e-13,6.557819625e-14
2021299154918_Node0_Node8_Zero,2024.298856,2024.300887,0,,0,8.738360007999999e-13,6.557819625e-14
2021381153881_Node0_Node8_Zero,2024.380746,2024.383122,0,,47,8.2283073705e-13,0
2021389355696_Node0_Node8_Zero,2024.381816,2024.384452,0,,2,1.407775518334938e-13,0
2021393458808_Node0_Node8_Zero,2024.392805,2024.393956,0,,0,5.3145124245601916e-14,3.6906336281668e-14
2021401650541_Node0_Node8_Zero,2024.407465,2024.407465,1,Expiry,0,1.369868877837771e-12,nan
2021405748806_Node0_Node8_Zero,2024.409395,2024.409395,1,Expiry,0,1.11482933625e-12,nan
2021409846403_Node0_Node8_Zero,2024.409395,2024.410487,0,,0,8.2283073705e-13,0
2021418045980_Node0_Node8_Zero,2024.414496,2024.415727,0,,0,7.572525408e-13,0
2021413942850_Node0_Node8_Zero,2024.414496,2024.414496,1,Expiry,0,1.387012869376805e-12,nan
2021422147189_Node0_Node8_Zero,2024.423651,2024.423651,1,Expiry,0,1.089149934703775e-12,nan
2021426240621_Node0_Node8_Zero,2024.423651,2024.424742,0,,0,7.971513355037749e-13,0
2021434440089_Node0_Node8_Zero,2024.430928,2024.434327,0,,46,7.930048067127853e-13,2.626697087469942e-14
2021430343908_Node0_Node8_Zero,2024.430928,2024.430928,1,Expiry,0,1.1751733723339751e-12,nan
2021442640498_Node0_Node8_Zero,2024.433197,2024.436448,0,,47,7.572525408e-13,0
2021450834891_Node0_Node8_Zero,2024.451429,2024.451429,1,Expiry,0,1.2116057035839751e-12,nan
2021454932777_Node0_Node8_Zero,2024.453539,2024.45569,0,,0,6.557819625e-14,4.19700456e-14
2021459031096_Node0_Node8_Zero,2024.453539,2024.45569,0,,0,6.557819625e-14,4.19700456e-14
2021463130098_Node0_Node8_Zero,2024.463626,2024.463626,1,Expiry,0,1.34848253211471e-12,nan
2021467223846_Node0_Node8_Zero,2024.466876,2024.468147,0,,0,8.738360007999999e-13,0
2021475418283_Node0_Node8_Zero,2024.471317,2024.472549,0,,0,8.387371064132662e-13,0
2021483617663_Node0_Node8_Zero,2024.48424,2024.48424,1,Expiry,0,1.2132599692298183e-12,nan
2021536909512_Node0_Node8_Zero,2024.536577,2024.537949,0,,0,8.738360007999999e-13,6.557819625e-14
2021545099018_Node0_Node8_Zero,2024.543472,2024.544703,0,,0,7.572525408e-13,0
2021557392884_Node0_Node8_Zero,2024.55228,2024.553551,0,,0,1.1658346e-13,0
2021565585474_Node0_Node8_Zero,2024.560054,2024.561125,0,,0,8.2283073705e-13,0
2021573777336_Node0_Node8_Zero,2024.573441,2024.574693,0,,1,8.980300926334938e-13,0
2021602473542_Node0_Node8_Zero,2024.598038,2024.599229,0,,1,8.980300926334938e-13,0
2021614772683_Node0_Node8_Zero,2024.610258,2024.611569,0,,0,7.572525408e-13,4.19700456e-14
2021631157815_Node0_Node8_Zero,2024.630511,2024.631842,0,,0,8.738360007999999e-13,0
2021639350217_Node0_Node8_Zero,2024.637313,2024.638604,0,,0,8.738360007999999e-13,0
2021647550086_Node0_Node8_Zero,2024.646292,2024.647663,0,,1,9.494686294210722e-13,0
2021655748347_Node0_Node8_Zero,2024.656297,2024.656297,1,Expiry,0,4.19700456e-14,nan
2021663946373_Node0_Node8_Zero,2024.663168,2024.664399,0,,0,7.572525408e-13,2.6447313462411344e-14
2021672141803_Node0_Node8_Zero,2024.669393,2024.672368,0,,1,9.037178533012801e-13,0
2021676237093_Node0_Node8_Zero,2024.67449,2024.678459,0,,0,5.745426437343601e-14,3.9898794703775013e-14
2021680333372_Node0_Node8_Zero,2024.67449,2024.678459,0,,0,5.745426437343601e-14,3.9898794703775013e-14
2021684427724_Node0_Node8_Zero,2024.682277,2024.684328,0,,0,7.572525408e-13,0
2021688523595_Node0_Node8_Zero,2024.682277,2024.684328,0,,0,7.572525408e-13,0
2021696719919_Node0_Node8_Zero,2024.688576,2024.689868,0,,0,7.572525408e-13,0
2021729524027_Node0_Node8_Zero,2024.726131,2024.727502,0,,1,9.151629630670693e-13,0
2021725424357_Node0_Node8_Zero,2024.726131,2024.726131,1,Expiry,0,1.2304682039953984e-12,nan
2021737726542_Node0_Node8_Zero,2024.735579,2024.73677,0,,0,8.527790903504258e-14,0
2021733625535_Node0_Node8_Zero,2024.735579,2024.735579,1,Expiry,0,1.254187305210924e-12,nan
2021754118084_Node0_Node8_Zero,2024.750717,2024.751968,0,,0,7.572525408e-13,0
2021762319678_Node0_Node8_Zero,2024.762786,2024.762786,1,Expiry,0,1.391654656006128e-12,nan
2021778717760_Node0_Node8_Zero,2024.779342,2024.779342,1,Expiry,0,1.266997966501444e-12,nan
2021786912757_Node0_Node8_Zero,2024.784688,2024.785879,0,,0,6.557819625e-14,4.19700456e-14
2021795106014_Node0_Node8_Zero,2024.793277,2024.794408,0,,0,8.738360007999999e-13,0
2021799203817_Node0_Node8_Zero,2024.801591,2024.801591,1,Expiry,0,6.557819625e-14,nan
2021811502850_Node0_Node8_Zero,2024.809711,2024.810942,0,,0,8.188296828135512e-13,0
2021827893792_Node0_Node8_Zero,2024.826651,2024.827883,0,,0,8.2283073705e-13,0
2021836089262_Node0_Node8_Zero,2024.836237,2024.836237,1,Expiry,0,1.254187305210924e-12,nan
2021848386297_Node0_Node8_Zero,2024.847603,2024.848854,0,,0,1.272450011645389e-13,8.143680074530488e-14
2021856574374_Node0_Node8_Zero,2024.854123,2024.855194,0,,0,7.572525408e-13,0
2021881160458_Node0_Node8_Zero,2024.88617,2024.88617,1,Expiry,0,1.3756258921986314e-12,nan
2021885260391_Node0_Node8_Zero,2024.88826,2024.88826,1,Expiry,0,1.254187305210924e-12,nan
2021893455905_Node0_Node8_Zero,2024.88826,2024.891395,0,,0,4.1326962267069406e-14,3.036266615539793e-14
2021897550363_Node0_Node8_Zero,2024.892439,2024.895474,0,,47,7.572525408e-13,0
2021901647879_Node0_Node8_Zero,2024.902438,2024.902438,1,Expiry,0,4.19700456e-14,nan
2021905744402_Node0_Node8_Zero,2024.902438,2024.903729,0,,0,7.572525408e-13,0
2021979543720_Node0_Node8_Zero,2024.97834,2024.979452,0,,0,8.621181229134443e-13,0
2021987746624_Node0_Node8_Zero,2024.985984,2024.987255,0,,0,9.200379990114126e-14,5.88824319367304e-14
2021995946817_Node0_Node8_Zero,2024.99607,2024.99607,1,Expiry,0,1.2272221013825822e-12,nan
2022000045216_Node0_Node8_Zero,2025.000933,2025.000933,1,Expiry,0,3.9898794703775013e-14,nan
2022004144171_Node0_Node8_Zero,2025.000933,2025.002285,0,,0,7.572525408e-13,0
2022016429522_Node0_Node8_Zero,2025.012504,2025.013735,0,,0,6.557819625e-14,4.19700456e-14
2022020527267_Node0_Node8_Zero,2025.021346,2025.021346,1,Expiry,0,1.2305791545609242e-12,nan
2022049222992_Node0_Node8_Zero,2025.047404,2025.048695,0,,0,6.557819625e-14,4.19700456e-14
2022057416521_Node0_Node8_Zero,2025.055753,2025.057024,0,,0,7.572525408e-13,0
2022065610578_Node0_Node8_Zero,2025.066843,2025.066843,1,Expiry,0,1.250795365421103e-12,nan
2022147580465_Node0_Node8_Zero,2025.148114,2025.148114,1,Expiry,0,2.9145865e-14,nan
2022184466962_Node0_Node8_Zero,2025.184236,2025.185407,0,,0,8.2283073705e-13,0
2022200870526_Node0_Node8_Zero,2025.200213,2025.201364,0,,0,8.738360007999999e-13,0
2022209073721_Node0_Node8_Zero,2025.204813,2025.207114,0,,0,6.557819625e-14,4.19700456e-14
2022250053883_Node0_Node8_Zero,2025.252216,2025.252216,1,Expiry,0,1.146027507333975e-12,nan
2022254151177_Node0_Node8_Zero,2025.254386,2025.254386,1,Expiry,0,1.1886091089609241e-12,nan
2022262345389_Node0_Node8_Zero,2025.254386,2025.257422,0,,89,7.572525408e-13,0
2022258249882_Node0_Node8_Zero,2025.256256,2025.260443,0,,47,7.572525408e-13,0
2022270540135_Node0_Node8_Zero,2025.256256,2025.260443,0,,47,7.572525408e-13,0
2022372983206_Node0_Node8_Zero,2025.371901,2025.373252,0,,0,7.992225864e-13,0
2022430373904_Node0_Node8_Zero,2025.428991,2025.430222,0,,0,8.2283073705e-13,0
2022454962011_Node0_Node8_Zero,2025.453184,2025.454355,0,,0,1.1658346e-13,6.557819625e-14
2022463158734_Node0_Node8_Zero,2025.46036,2025.461631,0,,0,7.572525408e-13,0
2022536944060_Node0_Node8_Zero,2025.536908,2025.538059,0,,0,7.572525408e-13,0
2022561530985_Node0_Node8_Zero,2025.562186,2025.562186,1,Expiry,0,1.2683319783692854e-12,nan
2022565629515_Node0_Node8_Zero,2025.566298,2025.566298,1,Expiry,0,2.9145865e-14,nan
2022569731351_Node0_Node8_Zero,2025.566298,2025.567649,0,,0,8.738360007999999e-13,0
2022577929950_Node0_Node8_Zero,2025.576601,2025.577893,0,,0,8.738360007999999e-13,0
2022586120664_Node0_Node8_Zero,2025.581606,2025.585379,0,,48,8.099489747863474e-14,5.183673438632623e-14
2022602507157_Node0_Node8_Zero,2025.607927,2025.607927,1,Expiry,0,1.3601578581115214e-12,nan
2022610708955_Node0_Node8_Zero,2025.608957,2025.610109,0,,0,8.738360007999999e-13,0
2022618914279_Node0_Node8_Zero,2025.616383,2025.618719,0,,0,6.557819625e-14,4.19700456e-14
2022627113411_Node0_Node8_Zero,2025.619758,2025.622078,0,,47,7.572525408e-13,0
2022635305767_Node0_Node8_Zero,2025.636963,2025.636963,1,Expiry,0,1.332576162751444e-12,nan
2022639407672_Node0_Node8_Zero,2025.639133,2025.641264,0,,0,8.738360007999999e-13,0
2022643510882_Node0_Node8_Zero,2025.639133,2025.641264,0,,0,8.738360007999999e-13,0
2022659902337_Node0_Node8_Zero,2025.657379,2025.658511,0,,0,1.1658346e-13,0
2022664003708_Node0_Node8_Zero,2025.664999,2025.664999,1,Expiry,0,6.557819625e-14,nan
2022668098599_Node0_Node8_Zero,2025.664999,2025.670332,0,,95,3.9898794703775013e-14,0
2022676298204_Node0_Node8_Zero,2025.666189,2025.671626,0,,49,7.572525408e-13,0
2022688597553_Node0_Node8_Zero,2025.685891,2025.687242,0,,0,7.985795030670694e-13,0
2022692696770_Node0_Node8_Zero,2025.69087,2025.692041,0,,0,8.2283073705e-13,0
2022704990070_Node0_Node8_Zero,2025.696148,2025.69746,0,,0,1.313119314522014e-13,8.403963612940891e-14
2022717284262_Node0_Node8_Zero,2025.721336,2025.721336,1,Expiry,0,1.2216304911201101e-12,nan
2022721381924_Node0_Node8_Zero,2025.723286,2025.723286,1,Expiry,0,1.221355033667009e-12,nan
2022725482231_Node0_Node8_Zero,2025.723286,2025.724437,0,,0,6.557819625e-14,4.19700456e-14
2022737784884_Node0_Node8_Zero,2025.727795,2025.728966,0,,0,7.572525408e-13,0
2022815646256_Node0_Node8_Zero,2025.815933,2025.815933,1,Expiry,0,1.0912211856e-12,nan
2022823844098_Node0_Node8_Zero,2025.824597,2025.824597,1,Expiry,0,4.19700456e-14,nan
2022832042048_Node0_Node8_Zero,2025.831946,2025.833177,0,,0,8.386893415453048e-13,5.655333385090617e-14
2022852534103_Node0_Node8_Zero,2025.852777,2025.852777,1,Expiry,0,1.2919401290192855e-12,nan
2023106631869_Node0_Node8_Zero,2026.10658,2026.107712,0,,0,6.557819625e-14,0
2023118938165_Node0_Node8_Zero,2026.118291,2026.119502,0,,0,7.863984058e-13,0
2023127140065_Node0_Node8_Zero,2026.12727,2026.12727,1,Expiry,0,1.254187305210924e-12,nan
2023135334527_Node0_Node8_Zero,2026.13422,2026.135532,0,,0,3.33739615841826e-14,2.4519645245521913e-14
2023143532588_Node0_Node8_Zero,2026.147759,2026.147759,1,Expiry,0,1.3124299744490564e-12,nan
2023147632682_Node0_Node8_Zero,2026.149649,2026.149649,1,Expiry,0,1.4151404978160593e-12,nan
2023151735677_Node0_Node8_Zero,2026.149649,2026.150801,0,,0,8.34062078640231e-13,0
2023168123708_Node0_Node8_Zero,2026.166659,2026.16779,0,,0,6.557819625e-14,0
2023184513686_Node0_Node8_Zero,2026.182814,2026.187741,0,,89,8.2283073705e-13,0
2023180419711_Node0_Node8_Zero,2026.182814,2026.182814,1,Expiry,0,1.2071181605812196e-12,nan
2023188612029_Node0_Node8_Zero,2026.186577,2026.189871,0,,2,1.497035991040838e-13,0
2023192714994_Node0_Node8_Zero,2026.186577,2026.189871,0,,2,1.497035991040838e-13,0
2023200910747_Node0_Node8_Zero,2026.200959,2026.200959,1,Expiry,0,1.2726963568312197e-12,nan
2023209106835_Node0_Node8_Zero,2026.212655,2026.212655,1,Expiry,0,6.557819625e-14,nan
2023213201450_Node0_Node8_Zero,2026.212655,2026.213786,0,,1,9.069561399040837e-13,0
2023217301031_Node0_Node8_Zero,2026.217481,2026.217481,1,Expiry,0,1.11482933625e-12,nan
2023221404207_Node0_Node8_Zero,2026.217481,2026.218732,0,,1,9.069561399040837e-13,8.420827449604713e-14
2023225503715_Node0_Node8_Zero,2026.223183,2026.224254,0,,0,8.41391712e-14,7.680953784023101e-14
2023233708663_Node0_Node8_Zero,2026.239914,2026.239914,1,Expiry,0,1.089149934703775e-12,nan
2023241898410_Node0_Node8_Zero,2026.240944,2026.244077,0,,0,1.1658346e-13,6.557819625e-14
2023245995297_Node0_Node8_Zero,2026.246579,2026.246579,1,Expiry,0,1.2473098926663352e-12,nan
2023250091945_Node0_Node8_Zero,2026.246579,2026.24777,0,,0,8.2283073705e-13,0
2023266476962_Node0_Node8_Zero,2026.269168,2026.269168,1,Expiry,0,1.2559884441295514e-12,nan
2023274675369_Node0_Node8_Zero,2026.276733,2026.276733,1,Expiry,0,3.9898794703775013e-14,nan
2023278770404_Node0_Node8_Zero,2026.278663,2026.28448,0,,89,7.572525408e-13,2.641818608514827e-14
2023282865436_Node0_Node8_Zero,2026.278663,2026.28448,0,,89,7.572525408e-13,2.641818608514827e-14
2023286962196_Node0_Node8_Zero,2026.282414,2026.28641,0,,1,7.572525408e-13,4.19700456e-14
2023291056467_Node0_Node8_Zero,2026.282414,2026.28641,0,,1,7.572525408e-13,4.19700456e-14
2023295156063_Node0_Node8_Zero,2026.293614,2026.295765,0,,0,7.572525408e-13,0
2023299258724_Node0_Node8_Zero,2026.293614,2026.295765,0,,0,7.572525408e-13,0
2023307451378_Node0_Node8_Zero,2026.307358,2026.308429,0,,0,7.572525408e-13,0
2023323843147_Node0_Node8_Zero,2026.323565,2026.324717,0,,0,8.738360007999999e-13,6.557819625e-14
2023340242305_Node0_Node8_Zero,2026.341581,2026.341581,1,Expiry,0,1.1871872881948343e-12,nan
2023348438711_Node0_Node8_Zero,2026.343571,2026.345662,0,,1,9.086458815934935e-13,0
2023344340976_Node0_Node8_Zero,2026.343571,2026.345662,0,,1,9.086458815934935e-13,0
2023356643028_Node0_Node8_Zero,2026.350361,2026.351613,0,,0,7.572525408e-13,0
2023373034586_Node0_Node8_Zero,2026.370646,2026.371997,0,,0,8.738360007999999e-13,6.557819625e-14
2023381234321_Node0_Node8_Zero,2026.378244,2026.379556,0,,0,7.572525408e-13,0
2023385337366_Node0_Node8_Zero,2026.387168,2026.387168,1,Expiry,0,1.0844455279583734e-12,nan
2023389435096_Node0_Node8_Zero,2026.387168,2026.388539,0,,0,1.5177784795837346e-13,9.143529760717232e-14
2023397630867_Node0_Node8_Zero,2026.396395,2026.398569,0,,0,7.572525408e-13,0
2023405822020_Node0_Node8_Zero,2026.39961,2026.400781,0,,0,7.863984058e-13,0
2023438619374_Node0_Node8_Zero,2026.438201,2026.439292,0,,0,7.992225864e-13,2.9145865e-14
2023471400983_Node0_Node8_Zero,2026.470892,2026.474118,0,,47,7.572525408e-13,7.918737290634025e-14
2023475498501_Node0_Node8_Zero,2026.472995,2026.475166,0,,3,8.980300926334938e-13,0
2023532874047_Node0_Node8_Zero,2026.533407,2026.533407,1,Expiry,0,1.2305791545609242e-12,nan
2023541070332_Node0_Node8_Zero,2026.541006,2026.542078,0,,0,7.572525408e-13,0
2023573850645_Node0_Node8_Zero,2026.566894,2026.568045,0,,0,7.572525408e-13,0
2023582043534_Node0_Node8_Zero,2026.581147,2026.582218,0,,0,8.143680074530488e-14,5.655333385090617e-14
2023631222290_Node0_Node8_Zero,2026.629102,2026.630453,0,,0,1.407775518334938e-13,7.918737290634025e-14
2023639424774_Node0_Node8_Zero,2026.638493,2026.639605,0,,0,8.738360007999999e-13,0
2023643522956_Node0_Node8_Zero,2026.645665,2026.645665,1,Expiry,0,1.2305791545609242e-12,nan
2023647617801_Node0_Node8_Zero,2026.645665,2026.647781,0,,47,8.167633664645799e-13,0
2023655814755_Node0_Node8_Zero,2026.646695,2026.652494,0,,49,8.2283073705e-13,0
2023668110988_Node0_Node8_Zero,2026.669815,2026.669815,1,Expiry,0,6.557819625e-14,nan
2023672212899_Node0_Node8_Zero,2026.669815,2026.672211,0,,46,5.3145124245601916e-14,3.6906336281668e-14
2023680409369_Node0_Node8_Zero,2026.670885,2026.673401,0,,0,7.992225864e-13,0
2023705008359_Node0_Node8_Zero,2026.703004,2026.704155,0,,0,5.333995683349376e-14,0
2023713204107_Node0_Node8_Zero,2026.713461,2026.713461,1,Expiry,0,1.270045909706229e-12,nan
2023721398558_Node0_Node8_Zero,2026.720664,2026.721835,0,,0,8.2283073705e-13,0
2023729596285_Node0_Node8_Zero,2026.728408,2026.729699,0,,0,7.572525408e-13,5.88824319367304e-14
2023737788936_Node0_Node8_Zero,2026.733445,2026.734756,0,,0,1.302667172985753e-13,8.33706990710882e-14
2023745986913_Node0_Node8_Zero,2026.746921,2026.746921,1,Expiry,0,1.1025910968334937e-12,nan
2023750085336_Node0_Node8_Zero,2026.748011,2026.749103,0,,0,8.738360007999999e-13,0
2023762373265_Node0_Node8_Zero,2026.760633,2026.761844,0,,0,8.105924976334937e-13,0
2023803360490_Node0_Node8_Zero,2026.802811,2026.804102,0,,0,8.2283073705e-13,0
2023819755770_Node0_Node8_Zero,2026.820706,2026.820706,1,Expiry,0,1.1886091089609241e-12,nan
2023823850891_Node0_Node8_Zero,2026.824589,2026.824589,1,Expiry,0,1.11482933625e-12,nan
2023827952064_Node0_Node8_Zero,2026.824589,2026.82582,0,,0,8.34062078640231e-13,0
2023832052615_Node0_Node8_Zero,2026.833051,2026.833051,1,Expiry,0,6.557819625e-14,nan
2023836147689_Node0_Node8_Zero,2026.833051,2026.834282,0,,1,8.980300926334938e-13,0
2023840243298_Node0_Node8_Zero,2026.839562,2026.840794,0,,0,6.557819625e-14,0
2023852536023_Node0_Node8_Zero,2026.847635,2026.848966,0,,0,7.572525408e-13,0
2023860737778_Node0_Node8_Zero,2026.859779,2026.86093,0,,0,8.2283073705e-13,4.19700456e-14
2023868933500_Node0_Node8_Zero,2026.867081,2026.868433,0,,0,7.572525408e-13,0
2023885329098_Node0_Node8_Zero,2026.885047,2026.886158,0,,0,4.265491001691496e-14,3.133830123691711e-14
2023901726304_Node0_Node8_Zero,2026.899358,2026.90055,0,,0,8.2283073705e-13,0
2023897625770_Node0_Node8_Zero,2026.899358,2026.899358,1,Expiry,0,1.2263619327692854e-12,nan
2023914027373_Node0_Node8_Zero,2026.907957,2026.909248,0,,1,9.029818657999999e-13,0
2023922223900_Node0_Node8_Zero,2026.921631,2026.922882,0,,0,7.863984058e-13,0
2023979605682_Node0_Node8_Zero,2026.978493,2026.979584,0,,0,7.572525408e-13,0
2023987798565_Node0_Node8_Zero,2026.984225,2026.985437,0,,0,7.572525408e-13,3.036266615539793e-14
2023996001208_Node0_Node8_Zero,2026.994413,2026.995524,0,,1,8.822883452650678e-13,0
2024004203356_Node0_Node8_Zero,2027.002503,2027.003714,0,,0,5.951082566457995e-14,4.1326962267069406e-14
2024012391908_Node0_Node8_Zero,2027.011442,2027.012773,0,,0,1.2001490287536095e-13,7.680953784023101e-14
2024024679036_Node0_Node8_Zero,2027.019664,2027.020895,0,,0,6.021324475119915e-14,4.4238302266187127e-14
2024028775562_Node0_Node8_Zero,2027.027519,2027.02867,0,,0,6.037033603159476e-14,0
2024061562878_Node0_Node8_Zero,2027.062052,2027.062052,1,Expiry,0,1.2039753395303827e-12,nan
2024094366364_Node0_Node8_Zero,2027.093279,2027.094471,0,,0,8.738360007999999e-13,0
2024102565387_Node0_Node8_Zero,2027.0992,2027.101573,0,,0,8.2283073705e-13,4.19700456e-14
2024106660604_Node0_Node8_Zero,2027.107899,2027.107899,1,Expiry,0,1.2934746910743684e-12,nan
2024114848268_Node0_Node8_Zero,2027.107899,2027.10915,0,,1,9.210401632959384e-13,9.213053765396534e-14
2024118951114_Node0_Node8_Zero,2027.114292,2027.115587,0,,0,8.621181229134443e-13,0
2024123046157_Node0_Node8_Zero,2027.122324,2027.124376,0,,0,7.572525408e-13,0
2024127139873_Node0_Node8_Zero,2027.122324,2027.124376,0,,0,7.572525408e-13,0
2024155811792_Node0_Node8_Zero,2027.156556,2027.156556,1,Expiry,0,1.04925114e-12,nan
2024164006863_Node0_Node8_Zero,2027.163611,2027.164782,0,,0,7.572525408e-13,0
2024172200983_Node0_Node8_Zero,2027.169319,2027.17061,0,,0,7.572525408e-13,0
2024254185142_Node0_Node8_Zero,2027.253757,2027.255128,0,,0,8.2283073705e-13,0
2024274677905_Node0_Node8_Zero,2027.274838,2027.274838,1,Expiry,0,1.1886091089609241e-12,nan
2024278780317_Node0_Node8_Zero,2027.274838,2027.276129,0,,0,7.992225864e-13,2.9145865e-14
2024303381147_Node0_Node8_Zero,2027.305356,2027.305356,1,Expiry,0,1.332576162751444e-12,nan
2024307477596_Node0_Node8_Zero,2027.307406,2027.309577,0,,0,8.738360007999999e-13,6.557819625e-14
2024311578797_Node0_Node8_Zero,2027.307406,2027.309577,0,,0,8.738360007999999e-13,6.557819625e-14
2024327972813_Node0_Node8_Zero,2027.326133,2027.327344,0,,0,7.993828473214225e-13,3.0952878260636945e-14
2024360752376_Node0_Node8_Zero,2027.359138,2027.36023,0,,0,7.992225864e-13,0
2024368949843_Node0_Node8_Zero,2027.367577,2027.368808,0,,0,8.052149490313542e-13,3.3307227938440425e-14
2024377147092_Node0_Node8_Zero,2027.376974,2027.378046,0,,0,7.572525408e-13,0
2024385341874_Node0_Node8_Zero,2027.384244,2027.385515,0,,0,7.572525408e-13,0
2024393541840_Node0_Node8_Zero,2027.392437,2027.393588,0,,0,7.572525408e-13,0
2024401733813_Node0_Node8_Zero,2027.3983,2027.399672,0,,0,7.572525408e-13,0
2024434512353_Node0_Node8_Zero,2027.434704,2027.434704,1,Expiry,0,1.078397005e-12,nan
2024459103885_Node0_Node8_Zero,2027.459166,2027.459166,1,Expiry,0,1.0912211856e-12,nan
2024467303100_Node0_Node8_Zero,2027.466924,2027.468216,0,,0,8.41391712e-14,4.19700456e-14
2024475491199_Node0_Node8_Zero,2027.471756,2027.472948,0,,0,7.863984058e-13,0
2024672204397_Node0_Node8_Zero,2027.673686,2027.673686,1,Expiry,0,1.3056013374895225e-12,nan
2024676298229_Node0_Node8_Zero,2027.673686,2027.675038,0,,0,8.2283073705e-13,4.19700456e-14
2024692686833_Node0_Node8_Zero,2027.690339,2027.69141,0,,0,7.680953784023101e-14,0
2024700883338_Node0_Node8_Zero,2027.700471,2027.701822,0,,0,8.2283073705e-13,0
2024729574059_Node0_Node8_Zero,2027.727458,2027.72855,0,,0,7.572525408e-13,0
2024733673467_Node0_Node8_Zero,2027.732495,2027.737597,0,,88,8.738360007999999e-13,0
2024737769301_Node0_Node8_Zero,2027.736503,2027.739738,0,,0,4.19700456e-14,2.9145865e-14
2024741864447_Node0_Node8_Zero,2027.736503,2027.739738,0,,0,4.19700456e-14,2.9145865e-14
2024754159338_Node0_Node8_Zero,2027.752288,2027.756348,0,,46,7.572525408e-13,0
2024762350258_Node0_Node8_Zero,2027.755223,2027.760441,0,,88,8.14706805173436e-13,0
2024758255663_Node0_Node8_Zero,2027.758167,2027.764609,0,,93,7.572525408e-13,4.19700456e-14
2024766453434_Node0_Node8_Zero,2027.758167,2027.764609,0,,93,7.572525408e-13,4.19700456e-14
2024770554593_Node0_Node8_Zero,2027.761453,2027.766932,0,,93,8.50079623513585e-13,5.940933293669444e-14
2024774656679_Node0_Node8_Zero,2027.775245,2027.775245,1,Expiry,0,1.2829767305733889e-12,nan
2024778759518_Node0_Node8_Zero,2027.775245,2027.776376,0,,0,8.738360007999999e-13,0
2024786961478_Node0_Node8_Zero,2027.783621,2027.784692,0,,0,8.37695139103767e-13,0
2024782859403_Node0_Node8_Zero,2027.783621,2027.783621,1,Expiry,0,1.2263619327692854e-12,nan
2024795164684_Node0_Node8_Zero,2027.793987,2027.795158,0,,0,4.828472642324879e-14,3.353106001614499e-14
2024811553420_Node0_Node8_Zero,2027.813432,2027.813432,1,Expiry,0,1.04925114e-12,nan
2024819750517_Node0_Node8_Zero,2027.818514,2027.823381,0,,90,9.029818657999999e-13,0
2024823851726_Node0_Node8_Zero,2027.822257,2027.825326,0,,2,7.572525408e-13,0
2024827954770_Node0_Node8_Zero,2027.822257,2027.825326,0,,2,7.572525408e-13,0
2024832050246_Node0_Node8_Zero,2027.832115,2027.832115,1,Expiry,0,4.1326962267069406e-14,nan
2024836152194_Node0_Node8_Zero,2027.832115,2027.833467,0,,0,8.085226715652968e-13,0
2024844343404_Node0_Node8_Zero,2027.84196,2027.843312,0,,0,8.085226715652968e-13,0
2024852541459_Node0_Node8_Zero,2027.85256,2027.85256,1,Expiry,0,1.2337192563028797e-12,nan
2024860743052_Node0_Node8_Zero,2027.857518,2027.85889,0,,1,8.844975419645388e-13,0
2024868934171_Node0_Node8_Zero,2027.866692,2027.867843,0,,0,8.2283073705e-13,0
2024893519886_Node0_Node8_Zero,2027.892298,2027.89351,0,,0,8.2283073705e-13,4.19700456e-14
2024901712312_Node0_Node8_Zero,2027.901322,2027.902553,0,,0,1.6992341683349376e-13,6.557819625e-14
2024909917183_Node0_Node8_Zero,2027.906746,2027.907977,0,,0,7.572525408e-13,0
2024950901354_Node0_Node8_Zero,2027.95153,2027.95153,1,Expiry,0,1.2263619327692854e-12,nan
2024959102046_Node0_Node8_Zero,2027.959687,2027.959687,1,Expiry,0,1.2177549739609242e-12,nan
2024975498431_Node0_Node8_Zero,2027.974964,2027.976075,0,,0,7.572525408e-13,0
2024979594836_Node0_Node8_Zero,2027.979475,2027.980706,0,,1,9.04877885926672e-13,0
2025016492142_Node0_Node8_Zero,2028.015576,2028.016647,0,,0,7.572525408e-13,0
2025032879226_Node0_Node8_Zero,2028.033943,2028.033943,1,Expiry,0,1.0912211856e-12,nan
2025041070595_Node0_Node8_Zero,2028.040943,2028.042034,0,,0,4.1326962267069406e-14,0
2025098437210_Node0_Node8_Zero,2028.097034,2028.098285,0,,0,7.992225864e-13,0
2025106637737_Node0_Node8_Zero,2028.106637,2028.107908,0,,0,7.572525408e-13,0
2025139429665_Node0_Node8_Zero,2028.138304,2028.139556,0,,0,6.557819625e-14,0
2025147633554_Node0_Node8_Zero,2028.146008,2028.147199,0,,0,1.407775518334938e-13,7.918737290634025e-14
2025155830756_Node0_Node8_Zero,2028.15506,2028.156271,0,,0,7.572525408e-13,0
2025164025535_Node0_Node8_Zero,2028.158748,2028.159879,0,,0,7.572525408e-13,0
2025307459524_Node0_Node8_Zero,2028.30694,2028.308011,0,,0,8.2283073705e-13,0
2025315654259_Node0_Node8_Zero,2028.316337,2028.316337,1,Expiry,0,6.557819625e-14,nan
2025323847241_Node0_Node8_Zero,2028.322399,2028.32357,0,,0,7.924469287583734e-13,0
2025332038988_Node0_Node8_Zero,2028.328267,2028.329359,0,,0,7.572525408e-13,0
2025364838369_Node0_Node8_Zero,2028.365534,2028.365534,1,Expiry,0,6.557819625e-14,nan
2025373033225_Node0_Node8_Zero,2028.375804,2028.375804,1,Expiry,0,1.3218558418281781e-12,nan
2025377134408_Node0_Node8_Zero,2028.385616,2028.385616,1,Expiry,0,6.557819625e-14,nan
2025381231887_Node0_Node8_Zero,2028.385616,2028.385616,1,Expiry,0,6.557819625e-14,nan
2025385331167_Node0_Node8_Zero,2028.387726,2028.387726,1,Expiry,0,1.11482933625e-12,nan
2025393525072_Node0_Node8_Zero,2028.387726,2028.388937,0,,0,7.572525408e-13,0
2025401723940_Node0_Node8_Zero,2028.39451,2028.397765,0,,1,8.77267443675361e-13,0
2025397623831_Node0_Node8_Zero,2028.400677,2028.400677,1,Expiry,0,9.298566510090616e-14,nan
2025405817828_Node0_Node8_Zero,2028.400677,2028.402028,0,,1,8.77267443675361e-13,0
2025414009105_Node0_Node8_Zero,2028.409575,2028.410886,0,,1,8.980300926334938e-13,0
2025426308210_Node0_Node8_Zero,2028.418064,2028.421298,0,,0,7.572525408e-13,2.9145865e-14
2025422208281_Node0_Node8_Zero,2028.423368,2028.423368,1,Expiry,0,1.0905781022670693e-12,nan
2025434502577_Node0_Node8_Zero,2028.433947,2028.435198,0,,0,8.2283073705e-13,4.19700456e-14
2025446787945_Node0_Node8_Zero,2028.447676,2028.447676,1,Expiry,0,1.2116057035839751e-12,nan
2025483691809_Node0_Node8_Zero,2028.482276,2028.483427,0,,0,8.2283073705e-13,0
2025487793658_Node0_Node8_Zero,2028.488883,2028.488883,1,Expiry,0,1.04925114e-12,nan
2025541077436_Node0_Node8_Zero,2028.539953,2028.541304,0,,0,7.572525408e-13,0
2025565663786_Node0_Node8_Zero,2028.564897,2028.566148,0,,0,7.572525408e-13,0
2025807475912_Node0_Node8_Zero,2028.806276,2028.807348,0,,0,8.738360007999999e-13,0
2025815666763_Node0_Node8_Zero,2028.814418,2028.815769,0,,0,7.572525408e-13,6.557819625e-14
2025823862219_Node0_Node8_Zero,2028.822339,2028.82361,0,,0,2.9145865e-14,2.1413288571428573e-14
2025832059626_Node0_Node8_Zero,2028.831799,2028.834962,0,,0,7.985795030670694e-13,0
2025836162912_Node0_Node8_Zero,2028.836755,2028.836755,1,Expiry,0,6.557819625e-14,nan
2025840265456_Node0_Node8_Zero,2028.836755,2028.838046,0,,0,7.572525408e-13,0
2025873043566_Node0_Node8_Zero,2028.872812,2028.874023,0,,0,8.2283073705e-13,0
2025881245978_Node0_Node8_Zero,2028.877879,2028.87901,0,,0,4.1923844466385253e-14,3.0801191852854475e-14
2025893534896_Node0_Node8_Zero,2028.889072,2028.890443,0,,0,8.2283073705e-13,0
2025897629508_Node0_Node8_Zero,2028.894007,2028.895278,0,,0,1.292036737030645e-13,8.269035116996129e-14
2025901726456_Node0_Node8_Zero,2028.901982,2028.901982,1,Expiry,0,1.1847655445961093e-12,nan
2025905820329_Node0_Node8_Zero,2028.901982,2028.903153,0,,0,7.863984058e-13,2.1413288571428573e-14
2025909915302_Node0_Node8_Zero,2028.91149,2028.91149,1,Expiry,0,1.348658413416326e-12,nan
2025914018651_Node0_Node8_Zero,2028.91149,2028.912861,0,,0,7.971513355037749e-13,0
2025922212369_Node0_Node8_Zero,2028.923306,2028.923306,1,Expiry,0,1.197292967787093e-12,nan
2026032859687_Node0_Node8_Zero,2029.032746,2029.033997,0,,0,7.572525408e-13,0
2026049239508_Node0_Node8_Zero,2029.050217,2029.050217,1,Expiry,0,1.2683319783692854e-12,nan
2026073830405_Node0_Node8_Zero,2029.071227,2029.072319,0,,0,7.572525408e-13,9.681186201758336e-14
2026069736464_Node0_Node8_Zero,2029.071227,2029.071227,1,Expiry,0,1.1885399968509635e-12,nan
2026082034653_Node0_Node8_Zero,2029.081178,2029.08235,0,,0,7.572525408e-13,4.19700456e-14
2026090226736_Node0_Node8_Zero,2029.086595,2029.087747,0,,0,8.167633664645799e-13,0
2026098423382_Node0_Node8_Zero,2029.098149,2029.0995,0,,0,8.2283073705e-13,0
2026106618226_Node0_Node8_Zero,2029.10529,2029.106581,0,,1,8.77267443675361e-13,0
2026123002371_Node0_Node8_Zero,2029.122659,2029.12393,0,,0,8.2283073705e-13,4.19700456e-14
2026131200898_Node0_Node8_Zero,2029.132181,2029.132181,1,Expiry,0,1.308968012101444e-12,nan
2026163972036_Node0_Node8_Zero,2029.164083,2029.164083,1,Expiry,0,1.1917968934104174e-12,nan
2026172173101_Node0_Node8_Zero,2029.170466,2029.171618,0,,0,7.572525408e-13,0
2026196766980_Node0_Node8_Zero,2029.197036,2029.197036,1,Expiry,0,1.332409188328591e-12,nan
2026209055835_Node0_Node8_Zero,2029.20992,2029.20992,1,Expiry,0,1.228507903664699e-12,nan
2026213154647_Node0_Node8_Zero,2029.213784,2029.213784,1,Expiry,0,1.2350716532498289e-12,nan
2026217248048_Node0_Node8_Zero,2029.213784,2029.214935,0,,0,7.572525408e-13,0
2026307381345_Node0_Node8_Zero,2029.307321,2029.308672,0,,1,8.980300926334938e-13,0
2026315579264_Node0_Node8_Zero,2029.313229,2029.31434,0,,1,8.980300926334938e-13,0
2026323778630_Node0_Node8_Zero,2029.318387,2029.320668,0,,0,8.2283073705e-13,0
2026331975027_Node0_Node8_Zero,2029.329345,2029.330656,0,,0,8.738360007999999e-13,8.699148482142857e-14
2026340175027_Node0_Node8_Zero,2029.340515,2029.340515,1,Expiry,0,6.557819625e-14,nan
2026348367665_Node0_Node8_Zero,2029.346345,2029.347656,0,,0,7.572525408e-13,0
2026385255239_Node0_Node8_Zero,2029.379342,2029.380693,0,,0,4.19700456e-14,2.9145865e-14
2026393453710_Node0_Node8_Zero,2029.394791,2029.394791,1,Expiry,0,1.332576162751444e-12,nan
2026397555125_Node0_Node8_Zero,2029.396121,2029.398423,0,,0,8.738360007999999e-13,0
2026401649743_Node0_Node8_Zero,2029.400417,2029.401548,0,,0,8.090892751863262e-13,0
2026409852756_Node0_Node8_Zero,2029.409228,2029.410339,0,,0,7.572525408e-13,0
2026426240484_Node0_Node8_Zero,2029.427065,2029.427065,1,Expiry,0,1.2250587223167243e-12,nan
2026434438584_Node0_Node8_Zero,2029.432048,2029.433119,0,,1,9.040929615326999e-13,0
2026459026052_Node0_Node8_Zero,2029.456814,2029.457965,0,,0,8.2283073705e-13,0
2026463127052_Node0_Node8_Zero,2029.467933,2029.467933,1,Expiry,0,7.680953784023101e-14,nan
2026467226428_Node0_Node8_Zero,2029.467933,2029.467933,1,Expiry,0,7.680953784023101e-14,nan
2026475427874_Node0_Node8_Zero,2029.472983,2029.474195,0,,0,8.167633664645799e-13,4.1326962267069406e-14
2026471326369_Node0_Node8_Zero,2029.472983,2029.472983,1,Expiry,0,1.189141241728329e-12,nan
2026483630446_Node0_Node8_Zero,2029.475226,2029.476318,0,,0,1.5155598543208226e-13,1.1456364199607486e-13
2026491828361_Node0_Node8_Zero,2029.49207,2029.49207,1,Expiry,0,1.2888218237990565e-12,nan
2026524606902_Node0_Node8_Zero,2029.525049,2029.525049,1,Expiry,0,1.2911541466705534e-12,nan
2026532804062_Node0_Node8_Zero,2029.534049,2029.534049,1,Expiry,0,1.2177549739609242e-12,nan
2026541002454_Node0_Node8_Zero,2029.541093,2029.541093,1,Expiry,0,1.222837045174206e-12,nan
2026565596100_Node0_Node8_Zero,2029.565935,2029.565935,1,Expiry,0,3.599773221272655e-14,nan
2026569695437_Node0_Node8_Zero,2029.569958,2029.569958,1,Expiry,0,6.557819625e-14,nan
2026573795454_Node0_Node8_Zero,2029.569958,2029.57103,0,,0,7.572525408e-13,0
2026577890655_Node0_Node8_Zero,2029.574459,2029.575691,0,,0,7.971513355037749e-13,2.931340019052858e-14
2026581986251_Node0_Node8_Zero,2029.581981,2029.583092,0,,0,8.2283073705e-13,0
2026590176604_Node0_Node8_Zero,2029.587566,2029.588898,0,,0,7.572525408e-13,0
2026598371053_Node0_Node8_Zero,2029.599358,2029.599358,1,Expiry,0,6.557819625e-14,nan
2026622966442_Node0_Node8_Zero,2029.619155,2029.620446,0,,0,8.187313792388263e-13,0
2026631167306_Node0_Node8_Zero,2029.63149,2029.63149,1,Expiry,0,1.0912211856e-12,nan
2026647557722_Node0_Node8_Zero,2029.643699,2029.644891,0,,0,8.2283073705e-13,0
2026655755320_Node0_Node8_Zero,2029.656746,2029.656746,1,Expiry,0,1.2305791545609242e-12,nan
2026676244389_Node0_Node8_Zero,2029.672149,2029.673401,0,,1,8.980300926334938e-13,0
2026684432272_Node0_Node8_Zero,2029.677078,2029.67843,0,,0,8.103976650456019e-13,0
2026729510281_Node0_Node8_Zero,2029.732803,2029.732803,1,Expiry,0,1.2676850533219606e-12,nan
2026737710403_Node0_Node8_Zero,2029.735806,2029.740866,0,,88,7.992225864e-13,0
2026741812466_Node0_Node8_Zero,2029.739668,2029.744871,0,,46,7.572525408e-13,0
2026745914283_Node0_Node8_Zero,2029.739668,2029.744871,0,,46,7.572525408e-13,0
2026750012500_Node0_Node8_Zero,2029.742903,2029.746061,0,,0,7.931205808582852e-13,0
2026790995119_Node0_Node8_Zero,2029.790116,2029.791208,0,,0,7.572525408e-13,3.036266615539793e-14
2026823786223_Node0_Node8_Zero,2029.821279,2029.82263,0,,0,6.557819625e-14,0
2026831978065_Node0_Node8_Zero,2029.831936,2029.833027,0,,1,8.980300926334938e-13,0
2026852466742_Node0_Node8_Zero,2029.847322,2029.848653,0,,0,7.572525408e-13,0
2026860658591_Node0_Node8_Zero,2029.856076,2029.857227,0,,0,8.738360007999999e-13,0
2026864760151_Node0_Node8_Zero,2029.859607,2029.860798,0,,0,5.067991866005776e-14,3.519438795837345e-14
2026877055341_Node0_Node8_Zero,2029.875812,2029.877003,0,,0,8.2283073705e-13,0
2026881152433_Node0_Node8_Zero,2029.880719,2029.88207,0,,0,8.738360007999999e-13,0
2026909843923_Node0_Node8_Zero,2029.910413,2029.910413,1,Expiry,0,4.19700456e-14,nan
2026918043934_Node0_Node8_Zero,2029.917618,2029.918769,0,,0,7.572525408e-13,8.734052448957575e-14
2026926248518_Node0_Node8_Zero,2029.92436,2029.925551,0,,0,8.41461498659084e-13,5.84784429576972e-14
2026930350235_Node0_Node8_Zero,2029.93075,2029.93075,1,Expiry,0,1.362699289960591e-12,nan
2026995930521_Node0_Node8_Zero,2029.993887,2029.994978,0,,0,6.557819625e-14,4.19700456e-14
2027004126452_Node0_Node8_Zero,2029.999078,2030.000209,0,,0,7.572525408e-13,0
2027016424696_Node0_Node8_Zero,2030.018074,2030.018074,1,Expiry,0,6.557819625e-14,nan
2027020526330_Node0_Node8_Zero,2030.018074,2030.019165,0,,0,7.572525408e-13,0
2027057420475_Node0_Node8_Zero,2030.055731,2030.056943,0,,0,8.2283073705e-13,0
2027065615408_Node0_Node8_Zero,2030.067592,2030.067592,1,Expiry,0,4.19700456e-14,nan
2027069716473_Node0_Node8_Zero,2030.067592,2030.068943,0,,0,8.374564806576423e-13,0
2027082018155_Node0_Node8_Zero,2030.082915,2030.082915,1,Expiry,0,6.557819625e-14,nan
2027094318215_Node0_Node8_Zero,2030.093915,2030.095026,0,,1,8.844975419645388e-13,0
2027102516084_Node0_Node8_Zero,2030.096411,2030.097543,0,,1,8.980300926334938e-13,0
2027110717562_Node0_Node8_Zero,2030.111075,2030.111075,1,Expiry,0,1.0912211856e-12,nan
2027114815761_Node0_Node8_Zero,2030.115098,2030.115098,1,Expiry,0,1.254187305210924e-12,nan
2027118911239_Node0_Node8_Zero,2030.115098,2030.116189,0,,0,7.572525408e-13,0
2027127099688_Node0_Node8_Zero,2030.12744,2030.12744,1,Expiry,0,1.2305791545609242e-12,nan
2027159892893_Node0_Node8_Zero,2030.164566,2030.164566,1,Expiry,0,1.254187305210924e-12,nan
2027168097910_Node0_Node8_Zero,2030.170128,2030.170128,1,Expiry,0,1.332576162751444e-12,nan
2027176294317_Node0_Node8_Zero,2030.172178,2030.17413,0,,0,7.572525408e-13,0
2027172194200_Node0_Node8_Zero,2030.172178,2030.17413,0,,0,7.572525408e-13,0
2027180395607_Node0_Node8_Zero,2030.181275,2030.181275,1,Expiry,0,1.266997966501444e-12,nan
2027188591704_Node0_Node8_Zero,2030.181275,2030.186373,0,,89,8.502382059009061e-13,0
2027184493219_Node0_Node8_Zero,2030.18516,2030.18516,1,Expiry,0,1.4509878022869314e-12,nan
2027192687805_Node0_Node8_Zero,2030.18516,2030.188596,0,,48,8.470248288834937e-13,5.745426437343601e-14
2027196782593_Node0_Node8_Zero,2030.195628,2030.197539,0,,0,7.572525408e-13,2.9145865e-14
2027204982013_Node0_Node8_Zero,2030.195628,2030.197539,0,,0,7.572525408e-13,2.9145865e-14
2027209083388_Node0_Node8_Zero,2030.206997,2030.208308,0,,0,7.894260598515094e-13,2.363768746641511e-14
2027217280387_Node0_Node8_Zero,2030.215484,2030.216775,0,,0,7.572525408e-13,0
2027229583285_Node0_Node8_Zero,2030.220346,2030.221677,0,,0,7.572525408e-13,0
2027237776597_Node0_Node8_Zero,2030.234929,2030.23624,0,,0,7.863984058e-13,0
2027245967682_Node0_Node8_Zero,2030.240551,2030.241682,0,,0,7.971513355037749e-13,0
2027319741606_Node0_Node8_Zero,2030.319617,2030.320688,0,,0,7.572525408e-13,0
2027327939993_Node0_Node8_Zero,2030.327852,2030.329143,0,,0,8.2283073705e-13,0
2027352527734_Node0_Node8_Zero,2030.352483,2030.353634,0,,0,5.836085842320063e-14,4.28773653721474e-14
2027356623257_Node0_Node8_Zero,2030.357675,2030.357675,1,Expiry,0,1.3091282730228666e-12,nan
2027360722397_Node0_Node8_Zero,2030.357675,2030.358947,0,,0,7.572525408e-13,0
2027385320570_Node0_Node8_Zero,2030.384776,2030.386007,0,,0,7.863984058e-13,2.1413288571428573e-14
2027401713706_Node0_Node8_Zero,2030.401604,2030.402776,0,,0,8.2283073705e-13,4.19700456e-14
2027426314917_Node0_Node8_Zero,2030.424027,2030.425158,0,,0,7.572525408e-13,0
2027422214268_Node0_Node8_Zero,2030.424027,2030.424027,1,Expiry,0,1.254187305210924e-12,nan
2027434507293_Node0_Node8_Zero,2030.428697,2030.429848,0,,0,8.34062078640231e-13,5.333995683349376e-14
2027442703393_Node0_Node8_Zero,2030.442353,2030.443464,0,,0,8.34062078640231e-13,0
2027467294966_Node0_Node8_Zero,2030.465072,2030.466403,0,,0,7.992225864e-13,0
2027479586489_Node0_Node8_Zero,2030.481518,2030.481518,1,Expiry,0,1.2236555408827205e-12,nan
2027483680768_Node0_Node8_Zero,2030.481518,2030.482689,0,,0,8.738360007999999e-13,0
2027491876811_Node0_Node8_Zero,2030.487637,2030.491052,0,,49,7.572525408e-13,0
2027500070064_Node0_Node8_Zero,2030.498022,2030.499334,0,,0,1.5254154661589626e-13,0
2027508274299_Node0_Node8_Zero,2030.509482,2030.509482,1,Expiry,0,1.089149934703775e-12,nan
2027512376856_Node0_Node8_Zero,2030.511532,2030.513683,0,,0,7.572525408e-13,0
2027516475292_Node0_Node8_Zero,2030.511532,2030.513683,0,,0,7.572525408e-13,0
2027549267119_Node0_Node8_Zero,2030.54937,2030.54937,1,Expiry,0,1.2108775614163352e-12,nan
2027606624379_Node0_Node8_Zero,2030.606752,2030.606752,1,Expiry,0,4.19700456e-14,nan
2027623012885_Node0_Node8_Zero,2030.623871,2030.623871,1,Expiry,0,1.254187305210924e-12,nan
2027639404888_Node0_Node8_Zero,2030.634936,2030.636008,0,,0,7.572525408e-13,0
2027655793711_Node0_Node8_Zero,2030.653046,2030.654177,0,,0,6.557819625e-14,4.19700456e-14
2027659895292_Node0_Node8_Zero,2030.661258,2030.661258,1,Expiry,0,9.141176615360216e-14,nan
2027663995545_Node0_Node8_Zero,2030.661258,2030.662329,0,,0,7.993828473214225e-13,3.0952878260636945e-14
2027672195083_Node0_Node8_Zero,2030.672916,2030.672916,1,Expiry,0,1.2156196704160117e-12,nan
2027737756020_Node0_Node8_Zero,2030.736806,2030.737977,0,,0,8.2283073705e-13,4.19700456e-14
2027745960137_Node0_Node8_Zero,2030.742212,2030.743424,0,,0,8.738360007999999e-13,0
2027754154279_Node0_Node8_Zero,2030.753449,2030.75478,0,,0,8.000110579709597e-13,0
2027811540769_Node0_Node8_Zero,2030.811505,2030.812857,0,,0,6.557819625e-14,4.19700456e-14
2027848427840_Node0_Node8_Zero,2030.845997,2030.847168,0,,0,7.572525408e-13,0
2027852528065_Node0_Node8_Zero,2030.851663,2030.852814,0,,0,1.579104222670694e-13,9.594086240539793e-14
2027860726349_Node0_Node8_Zero,2030.858473,2030.859544,0,,0,8.492563407011413e-13,0
2027868926896_Node0_Node8_Zero,2030.863069,2030.8642,0,,0,8.386893415453048e-13,0
2027950897332_Node0_Node8_Zero,2030.947301,2030.948593,0,,0,8.2283073705e-13,0
2027954993428_Node0_Node8_Zero,2030.953129,2030.95426,0,,0,8.49430029456959e-13,0
2027963192901_Node0_Node8_Zero,2030.96059,2030.961841,0,,0,8.486643069536021e-13,0
2027967286951_Node0_Node8_Zero,2030.965676,2030.966767,0,,0,7.572525408e-13,0
2028020552808_Node0_Node8_Zero,2031.018365,2031.019716,0,,0,7.572525408e-13,0
2028045129475_Node0_Node8_Zero,2031.045819,2031.045819,1,Expiry,0,1.0912211856e-12,nan
2028053326783_Node0_Node8_Zero,2031.052828,2031.053959,0,,0,7.572525408e-13,0
2028110727810_Node0_Node8_Zero,2031.109898,2031.111269,0,,0,8.2283073705e-13,0
2028118921514_Node0_Node8_Zero,2031.116574,2031.117905,0,,0,8.41461498659084e-13,5.84784429576972e-14
2028127124135_Node0_Node8_Zero,2031.127329,2031.127329,1,Expiry,0,1.3857491451620847e-12,nan
2028135312408_Node0_Node8_Zero,2031.134079,2031.13541,0,,0,5.951082566457995e-14,4.1326962267069406e-14
2028159889505_Node0_Node8_Zero,2031.158843,2031.160095,0,,0,8.2283073705e-13,0
2028168088299_Node0_Node8_Zero,2031.166908,2031.168179,0,,0,4.1326962267069406e-14,3.036266615539793e-14
2028184478126_Node0_Node8_Zero,2031.182576,2031.183827,0,,1,9.464763704722399e-13,0
2028192670374_Node0_Node8_Zero,2031.187659,2031.18897,0,,0,7.572525408e-13,0
2028266455498_Node0_Node8_Zero,2031.264468,2031.265539,0,,0,7.572525408e-13,0
2028291037832_Node0_Node8_Zero,2031.289331,2031.290642,0,,0,8.2283073705e-13,0
2028299239039_Node0_Node8_Zero,2031.296418,2031.297649,0,,0,7.572525408e-13,4.19700456e-14
2028307436245_Node0_Node8_Zero,2031.305113,2031.306244,0,,0,8.41391712e-13,0
2028315639411_Node0_Node8_Zero,2031.311774,2031.312926,0,,0,7.572525408e-13,0
2028377111599_Node0_Node8_Zero,2031.379328,2031.379328,1,Expiry,0,1.2568053580422125e-12,nan
2028381209425_Node0_Node8_Zero,2031.382226,2031.382226,1,Expiry,0,1.266997966501444e-12,nan
2028389408648_Node0_Node8_Zero,2031.387556,2031.388668,0,,0,8.167633664645799e-13,0
2028442701547_Node0_Node8_Zero,2031.441072,2031.442403,0,,0,7.572525408e-13,0
2028446801604_Node0_Node8_Zero,2031.448039,2031.448039,1,Expiry,0,8.143680074530488e-14,nan
2028463190446_Node0_Node8_Zero,2031.465304,2031.465304,1,Expiry,0,1.385233310996722e-12,nan
2028467285145_Node0_Node8_Zero,2031.467454,2031.467454,1,Expiry,0,1.332576162751444e-12,nan
2028471381280_Node0_Node8_Zero,2031.467454,2031.468546,0,,0,8.2283073705e-13,0
2028479574705_Node0_Node8_Zero,2031.480078,2031.480078,1,Expiry,0,5.951082566457995e-14,nan
2028487769479_Node0_Node8_Zero,2031.488421,2031.488421,1,Expiry,0,1.3124299744490564e-12,nan
2028495968941_Node0_Node8_Zero,2031.496005,2031.496005,1,Expiry,0,1.332576162751444e-12,nan
2028545148999_Node0_Node8_Zero,2031.546099,2031.546099,1,Expiry,0,6.557819625e-14,nan
2028553339671_Node0_Node8_Zero,2031.553315,2031.554406,0,,0,8.2283073705e-13,0
2028586124667_Node0_Node8_Zero,2031.586993,2031.586993,1,Expiry,0,1.266997966501444e-12,nan
2028594323772_Node0_Node8_Zero,2031.597011,2031.597011,1,Expiry,0,6.557819625e-14,nan
2028606625171_Node0_Node8_Zero,2031.600851,2031.602142,0,,0,8.2283073705e-13,0
2028614826132_Node0_Node8_Zero,2031.616479,2031.616479,1,Expiry,0,1.2094811770140072e-12,nan
2028618919645_Node0_Node8_Zero,2031.618808,2031.619959,0,,0,1.1658346e-13,8.699148482142857e-14
2028627113844_Node0_Node8_Zero,2031.626345,2031.627596,0,,0,5.88824319367304e-14,4.089057773384056e-14
2028635309223_Node0_Node8_Zero,2031.636011,2031.636011,1,Expiry,0,1.197885583651183e-12,nan
2028639410504_Node0_Node8_Zero,2031.639762,2031.639762,1,Expiry,0,1.1005212707652967e-12,nan
2028643511945_Node0_Node8_Zero,2031.639762,2031.641133,0,,0,1.1658346e-13,2.1413288571428573e-14
2028647606672_Node0_Node8_Zero,2031.651037,2031.651037,1,Expiry,0,1.203481771707411e-12,nan
2028651705384_Node0_Node8_Zero,2031.651037,2031.654272,0,,1,8.980300926334938e-13,0
2028655801779_Node0_Node8_Zero,2031.659326,2031.659326,1,Expiry,0,1.089149934703775e-12,nan
2028659896653_Node0_Node8_Zero,2031.659326,2031.660457,0,,0,3.519438795837345e-14,2.585710135717233e-14
2028668095368_Node0_Node8_Zero,2031.663468,2031.668833,0,,95,9.030509942232007e-13,0
2028663997234_Node0_Node8_Zero,2031.667217,2031.667217,1,Expiry,0,1.0844455279583734e-12,nan
2028676294521_Node0_Node8_Zero,2031.6716,2031.672811,0,,1,9.030509942232007e-13,0
2028680388221_Node0_Node8_Zero,2031.68637,2031.68637,1,Expiry,0,1.3217239420955368e-12,nan
2028688594138_Node0_Node8_Zero,2031.68637,2031.689426,0,,88,8.738360007999999e-13,0
2028684491269_Node0_Node8_Zero,2031.688323,2031.688323,1,Expiry,0,1.109520703104528e-12,nan
2028692695485_Node0_Node8_Zero,2031.688323,2031.690616,0,,0,8.738360007999999e-13,0
2028696798496_Node0_Node8_Zero,2031.694163,2031.695315,0,,0,1.1658346e-13,0
2028704996056_Node0_Node8_Zero,2031.704378,2031.707412,0,,2,5.745426437343601e-14,3.9898794703775013e-14
2028709093027_Node0_Node8_Zero,2031.710511,2031.710511,1,Expiry,0,1.04925114e-12,nan
2028717287801_Node0_Node8_Zero,2031.719912,2031.719912,1,Expiry,0,4.19700456e-14,nan
2028713188734_Node0_Node8_Zero,2031.719912,2031.719912,1,Expiry,0,4.19700456e-14,nan
2028725485619_Node0_Node8_Zero,2031.723887,2031.725999,0,,0,7.572525408e-13,0
2028729584279_Node0_Node8_Zero,2031.723887,2031.725999,0,,0,7.572525408e-13,0
2028733680487_Node0_Node8_Zero,2031.72891,2031.731041,0,,0,7.572525408e-13,0
2028737783165_Node0_Node8_Zero,2031.72891,2031.731041,0,,0,7.572525408e-13,0
2028741885886_Node0_Node8_Zero,2031.740467,2031.743583,0,,46,7.572525408e-13,0
2028745988417_Node0_Node8_Zero,2031.740467,2031.743583,0,,46,7.572525408e-13,0
2028750083483_Node0_Node8_Zero,2031.741577,2031.745884,0,,47,7.572525408e-13,0
2028766475257_Node0_Node8_Zero,2031.767194,2031.767194,1,Expiry,0,1.078397005e-12,nan
2028774673066_Node0_Node8_Zero,2031.774114,2031.775185,0,,0,7.572525408e-13,0
2028778771071_Node0_Node8_Zero,2031.779124,2031.779124,1,Expiry,0,1.1864738054160116e-12,nan
2028782872166_Node0_Node8_Zero,2031.779124,2031.780395,0,,0,7.572525408e-13,0
2028832037908_Node0_Node8_Zero,2031.829532,2031.830624,0,,0,7.572525408e-13,0
2028848419672_Node0_Node8_Zero,2031.848032,2031.849323,0,,0,7.572525408e-13,0
2028856617272_Node0_Node8_Zero,2031.854679,2031.85593,0,,1,8.980300926334938e-13,0
2028881227811_Node0_Node8_Zero,2031.883245,2031.883245,1,Expiry,0,1.3184812294158548e-12,nan
2028885324387_Node0_Node8_Zero,2031.883245,2031.88644,0,,0,7.572525408e-13,0
2028889420785_Node0_Node8_Zero,2031.888411,2031.890462,0,,0,8.2283073705e-13,0
2028893523899_Node0_Node8_Zero,2031.888411,2031.890462,0,,0,8.2283073705e-13,0
2028901724581_Node0_Node8_Zero,2031.896555,2031.897666,0,,0,7.572525408e-13,0
2028909918020_Node0_Node8_Zero,2031.910089,2031.910089,1,Expiry,0,1.2301700671711734e-12,nan
2028922214904_Node0_Node8_Zero,2031.920876,2031.922027,0,,0,7.572525408e-13,0
2028959105618_Node0_Node8_Zero,2031.959195,2031.959195,1,Expiry,0,1.0912211856e-12,nan
2028971403849_Node0_Node8_Zero,2031.969678,2031.971029,0,,0,7.572525408e-13,0
2028975498899_Node0_Node8_Zero,2031.977217,2031.977217,1,Expiry,0,8.143680074530488e-14,nan
2028979595155_Node0_Node8_Zero,2031.977217,2031.978349,0,,0,7.572525408e-13,0
2028995993645_Node0_Node8_Zero,2031.997716,2031.997716,1,Expiry,0,4.251248951698846e-14,nan
2029000096574_Node0_Node8_Zero,2032.00171,2032.00171,1,Expiry,0,5.333995683349376e-14,nan
2029008296519_Node0_Node8_Zero,2032.00171,2032.002881,0,,0,7.932606558750225e-13,0
2029016488303_Node0_Node8_Zero,2032.015465,2032.016757,0,,0,4.19700456e-14,2.9145865e-14
2029032896834_Node0_Node8_Zero,2032.031245,2032.032576,0,,0,8.403963612940891e-14,5.836085842320063e-14
2029036992615_Node0_Node8_Zero,2032.037869,2032.037869,1,Expiry,0,1.240092371875335e-12,nan
2029049292653_Node0_Node8_Zero,2032.048323,2032.049654,0,,0,7.572525408e-13,0
2029082066106_Node0_Node8_Zero,2032.081366,2032.082737,0,,0,8.2283073705e-13,0
2029090262201_Node0_Node8_Zero,2032.08877,2032.090121,0,,0,7.932502730127265e-13,0
2029106660081_Node0_Node8_Zero,2032.105459,2032.10657,0,,0,2.9145865e-14,0
2029172235537_Node0_Node8_Zero,2032.17006,2032.171231,0,,0,4.1326962267069406e-14,0
2029180430735_Node0_Node8_Zero,2032.180574,2032.180574,1,Expiry,0,1.187997552933975e-12,nan
2029188633173_Node0_Node8_Zero,2032.188342,2032.189453,0,,0,6.557819625e-14,0
2029196827640_Node0_Node8_Zero,2032.193402,2032.194533,0,,0,7.572525408e-13,0
2029246019722_Node0_Node8_Zero,2032.245686,2032.247057,0,,0,7.572525408e-13,0
2029262413696_Node0_Node8_Zero,2032.262645,2032.262645,1,Expiry,0,1.090792003278935e-12,nan
2029266513564_Node0_Node8_Zero,2032.266508,2032.268639,0,,0,7.572525408e-13,0
2029270607070_Node0_Node8_Zero,2032.266508,2032.268639,0,,0,7.572525408e-13,0
2029344405941_Node0_Node8_Zero,2032.343378,2032.344529,0,,0,8.2283073705e-13,0
2029377202154_Node0_Node8_Zero,2032.386403,2032.386403,1,Expiry,0,1.254187305210924e-12,nan
2029381297759_Node0_Node8_Zero,2032.386403,2032.386403,1,Expiry,0,1.254187305210924e-12,nan
2029385398725_Node0_Node8_Zero,2032.388533,2032.388533,1,Expiry,0,1.254187305210924e-12,nan
2029389493174_Node0_Node8_Zero,2032.388533,2032.389684,0,,0,7.572525408e-13,0
2029393596463_Node0_Node8_Zero,2032.391696,2032.393608,0,,0,8.738360007999999e-13,0
2029397692756_Node0_Node8_Zero,2032.391696,2032.393608,0,,0,8.738360007999999e-13,0
2029405889652_Node0_Node8_Zero,2032.398551,2032.399762,0,,0,7.572525408e-13,0
2029409984357_Node0_Node8_Zero,2032.406579,2032.40795,0,,0,7.572525408e-13,3.0952878260636945e-14
2029528849351_Node0_Node8_Zero,2032.528226,2032.529297,0,,0,7.572525408e-13,0
2029561652339_Node0_Node8_Zero,2032.559159,2032.56031,0,,0,6.557819625e-14,0
2029569849711_Node0_Node8_Zero,2032.569365,2032.570436,0,,0,1.3324673286725404e-13,8.527790903504258e-14
2029586243812_Node0_Node8_Zero,2032.585211,2032.586382,0,,0,7.932502730127265e-13,0
2029594441797_Node0_Node8_Zero,2032.592418,2032.593569,0,,0,8.2283073705e-13,0
2029602636217_Node0_Node8_Zero,2032.600025,2032.601257,0,,0,7.572525408e-13,4.73282838e-14
2029610825140_Node0_Node8_Zero,2032.605583,2032.606735,0,,0,6.557819625e-14,4.19700456e-14
2029619013395_Node0_Node8_Zero,2032.612299,2032.61349,0,,1,8.844975419645388e-13,0
2029623115136_Node0_Node8_Zero,2032.634099,2032.634099,1,Expiry,0,1.308611605971272e-12,nan
2029627213718_Node0_Node8_Zero,2032.634099,2032.634099,1,Expiry,0,1.308611605971272e-12,nan
2029635414774_Node0_Node8_Zero,2032.637273,2032.637273,1,Expiry,0,1.078397005e-12,nan
2029639515539_Node0_Node8_Zero,2032.639323,2032.641375,0,,0,6.557819625e-14,4.19700456e-14
2029647715661_Node0_Node8_Zero,2032.639323,2032.641375,0,,0,6.557819625e-14,4.19700456e-14
2029651811139_Node0_Node8_Zero,2032.650183,2032.651534,0,,0,7.572525408e-13,0
2029664113397_Node0_Node8_Zero,2032.664245,2032.664245,1,Expiry,0,1.3858514242566447e-12,nan
2029672310912_Node0_Node8_Zero,2032.671504,2032.672715,0,,0,7.572525408e-13,0
2029676405230_Node0_Node8_Zero,2032.674507,2032.676518,0,,0,7.572525408e-13,2.628306192968422e-14
2029684606783_Node0_Node8_Zero,2032.674507,2032.676518,0,,0,7.572525408e-13,2.628306192968422e-14
2029696902590_Node0_Node8_Zero,2032.691493,2032.692744,0,,0,8.2283073705e-13,0
2029705098207_Node0_Node8_Zero,2032.702337,2032.703428,0,,1,8.980300926334938e-13,0
2029709200959_Node0_Node8_Zero,2032.707326,2032.708397,0,,0,7.680953784023101e-14,5.333995683349376e-14
2029717395338_Node0_Node8_Zero,2032.713311,2032.714542,0,,0,8.2283073705e-13,0
2029778884924_Node0_Node8_Zero,2032.778772,2032.779983,0,,0,8.738360007999999e-13,0
2029787083041_Node0_Node8_Zero,2032.783972,2032.78915,0,,49,1.2001490287536095e-13,7.680953784023101e-14
2029799375045_Node0_Node8_Zero,2032.80322,2032.80322,1,Expiry,0,6.557819625e-14,nan
2029803468948_Node0_Node8_Zero,2032.80322,2032.804491,0,,1,8.980300926334938e-13,0
2029807564893_Node0_Node8_Zero,2032.807615,2032.807615,1,Expiry,0,1.1886091089609241e-12,nan
2029811658827_Node0_Node8_Zero,2032.807615,2032.811924,0,,47,8.2283073705e-13,0
2029819853371_Node0_Node8_Zero,2032.810852,2032.813094,0,,1,1.1658346e-13,0
2029844455656_Node0_Node8_Zero,2032.845043,2032.845043,1,Expiry,0,1.2304629722279575e-12,nan
2029852649227_Node0_Node8_Zero,2032.852892,2032.852892,1,Expiry,0,1.146027507333975e-12,nan
2030004268246_Node0_Node8_Zero,2033.001704,2033.002995,0,,0,7.572525408e-13,0
2030028858144_Node0_Node8_Zero,2033.029936,2033.029936,1,Expiry,0,4.19700456e-14,nan
2030045254650_Node0_Node8_Zero,2033.043381,2033.044492,0,,0,8.105924976334937e-13,3.9188539714403574e-14
2030065752412_Node0_Node8_Zero,2033.066703,2033.066703,1,Expiry,0,1.1886091089609241e-12,nan
2030073953924_Node0_Node8_Zero,2033.075503,2033.075503,1,Expiry,0,1.254187305210924e-12,nan
2030078052800_Node0_Node8_Zero,2033.075503,2033.076695,0,,0,8.2283073705e-13,0
2030086253747_Node0_Node8_Zero,2033.085633,2033.086805,0,,0,8.34062078640231e-13,5.333995683349376e-14
2030119048529_Node0_Node8_Zero,2033.116502,2033.117653,0,,0,1.45729325e-13,8.699148482142857e-14
2030127237457_Node0_Node8_Zero,2033.124761,2033.125892,0,,0,7.680953784023101e-14,5.333995683349376e-14
2030151819926_Node0_Node8_Zero,2033.150713,2033.151984,0,,0,7.992225864e-13,0
2030184603180_Node0_Node8_Zero,2033.182473,2033.183785,0,,0,8.34062078640231e-13,0
2030213295317_Node0_Node8_Zero,2033.214727,2033.214727,1,Expiry,0,1.11482933625e-12,nan
2030217393945_Node0_Node8_Zero,2033.214727,2033.216078,0,,0,7.572525408e-13,0
2030233792234_Node0_Node8_Zero,2033.233192,2033.234423,0,,0,8.2283073705e-13,0
2030250191778_Node0_Node8_Zero,2033.251077,2033.251077,1,Expiry,0,1.2263619327692854e-12,nan
2030258388695_Node0_Node8_Zero,2033.255212,2033.256404,0,,0,8.2283073705e-13,0
2030266586127_Node0_Node8_Zero,2033.263272,2033.264603,0,,0,7.992225864e-13,0
2030274781363_Node0_Node8_Zero,2033.274653,2033.275925,0,,0,8.2283073705e-13,0
2030303456547_Node0_Node8_Zero,2033.298405,2033.299536,0,,0,6.557819625e-14,4.19700456e-14
2030311655679_Node0_Node8_Zero,2033.310307,2033.311398,0,,0,4.1326962267069406e-14,3.036266615539793e-14
2030319849944_Node0_Node8_Zero,2033.314266,2033.315457,0,,0,7.572525408e-13,0
2030434623921_Node0_Node8_Zero,2033.434882,2033.434882,1,Expiry,0,1.3808263850703955e-12,nan
2030442819845_Node0_Node8_Zero,2033.439923,2033.441235,0,,1,8.910677654075325e-13,8.564174374882075e-14
2030451016687_Node0_Node8_Zero,2033.449579,2033.45079,0,,0,7.572525408e-13,4.19700456e-14
2030459212459_Node0_Node8_Zero,2033.459642,2033.459642,1,Expiry,0,1.3016334141817767e-12,nan
2030471508643_Node0_Node8_Zero,2033.470824,2033.472195,0,,0,6.557819625e-14,4.19700456e-14
2030475603566_Node0_Node8_Zero,2033.476603,2033.476603,1,Expiry,0,1.254187305210924e-12,nan
2030512482786_Node0_Node8_Zero,2033.510723,2033.511934,0,,0,8.738360007999999e-13,0
2030520676917_Node0_Node8_Zero,2033.521588,2033.521588,1,Expiry,0,1.262174294720102e-12,nan
2030528871515_Node0_Node8_Zero,2033.527375,2033.528446,0,,0,8.37695139103767e-13,0
2030532972742_Node0_Node8_Zero,2033.53436,2033.53436,1,Expiry,0,1.228507903664699e-12,nan
2030537066931_Node0_Node8_Zero,2033.53436,2033.535691,0,,1,1.1658346e-13,2.6447313462411344e-14
2030541165073_Node0_Node8_Zero,2033.54245,2033.54245,1,Expiry,0,1.2237017420163352e-12,nan
2030545259880_Node0_Node8_Zero,2033.54245,2033.543661,0,,0,7.992225864e-13,0
2030549361594_Node0_Node8_Zero,2033.551018,2033.551018,1,Expiry,0,1.2585412342565662e-12,nan
2030553456394_Node0_Node8_Zero,2033.551018,2033.552309,0,,1,9.069561399040837e-13,0
2030561653034_Node0_Node8_Zero,2033.555798,2033.55713,0,,0,8.166618737366944e-13,0
2030565748957_Node0_Node8_Zero,2033.566918,2033.566918,1,Expiry,0,8.005942501713845e-14,nan
2030573942732_Node0_Node8_Zero,2033.566918,2033.56809,0,,1,9.069561399040837e-13,8.420827449604713e-14
2030614923953_Node0_Node8_Zero,2033.613318,2033.614469,0,,0,7.572525408e-13,0
2030623127519_Node0_Node8_Zero,2033.621653,2033.622924,0,,0,8.738360007999999e-13,0
2030647707549_Node0_Node8_Zero,2033.646047,2033.647278,0,,0,6.557819625e-14,4.19700456e-14
2030651809920_Node0_Node8_Zero,2033.652786,2033.652786,1,Expiry,0,1.2647709530500882e-12,nan
2030664109157_Node0_Node8_Zero,2033.659586,2033.667488,0,,136,7.572525408e-13,0
2030672308009_Node0_Node8_Zero,2033.66446,2033.669518,0,,90,7.572525408e-13,2.6363153518327657e-14
2030668210849_Node0_Node8_Zero,2033.66635,2033.669518,0,,1,7.572525408e-13,2.6363153518327657e-14
2030676410134_Node0_Node8_Zero,2033.66635,2033.670548,0,,1,7.572525408e-13,0
2030680508472_Node0_Node8_Zero,2033.676479,2033.677731,0,,0,8.2283073705e-13,0
2030688709073_Node0_Node8_Zero,2033.688073,2033.689144,0,,0,7.572525408e-13,0
2030696899299_Node0_Node8_Zero,2033.695942,2033.697293,0,,0,7.572525408e-13,0
2030700998361_Node0_Node8_Zero,2033.702906,2033.702906,1,Expiry,0,1.2801419963635363e-12,nan
2030705098314_Node0_Node8_Zero,2033.702906,2033.704237,0,,0,4.193391677331414e-14,3.080859191508794e-14
2030713292603_Node0_Node8_Zero,2033.708078,2033.709269,0,,0,7.971513355037749e-13,0
2030717393060_Node0_Node8_Zero,2033.717175,2033.718287,0,,0,8.374557710503558e-13,5.1330067360227723e-14
2030729701294_Node0_Node8_Zero,2033.724189,2033.72552,0,,0,7.572525408e-13,4.19700456e-14
2030737899498_Node0_Node8_Zero,2033.734119,2033.73539,0,,0,7.572525408e-13,0
2030733804396_Node0_Node8_Zero,2033.734119,2033.734119,1,Expiry,0,1.2177003201206113e-12,nan
2030938745107_Node0_Node8_Zero,2033.938585,2033.943645,0,,88,8.167633664645799e-13,4.1326962267069406e-14
2030942842858_Node0_Node8_Zero,2033.942568,2033.945655,0,,0,6.557819625e-14,4.19700456e-14
2030946945197_Node0_Node8_Zero,2033.942568,2033.945655,0,,0,6.557819625e-14,4.19700456e-14
2030951038653_Node0_Node8_Zero,2033.952876,2033.952876,1,Expiry,0,1.1413425467560585e-12,nan
2030955141724_Node0_Node8_Zero,2033.952876,2033.954127,0,,0,8.493439475560585e-13,0
2030967434888_Node0_Node8_Zero,2033.968712,2033.968712,1,Expiry,0,1.2468517781990565e-12,nan
2030971536402_Node0_Node8_Zero,2033.968712,2033.970043,0,,0,8.2283073705e-13,0
2030975638431_Node0_Node8_Zero,2033.977023,2033.977023,1,Expiry,0,1.266997966501444e-12,nan
2030979740131_Node0_Node8_Zero,2033.977023,2033.978395,0,,0,7.572525408e-13,0
2030996142808_Node0_Node8_Zero,2033.994884,2033.996255,0,,0,8.2283073705e-13,4.19700456e-14
2031004338538_Node0_Node8_Zero,2034.004928,2034.004928,1,Expiry,0,1.1886091089609241e-12,nan
2031012533041_Node0_Node8_Zero,2034.008418,2034.009689,0,,0,7.572525408e-13,0
2031069904173_Node0_Node8_Zero,2034.067963,2034.069294,0,,0,7.572525408e-13,0
2031094495201_Node0_Node8_Zero,2034.095354,2034.095354,1,Expiry,0,1.0912211856e-12,nan
2031119100632_Node0_Node8_Zero,2034.118015,2034.119246,0,,0,8.2283073705e-13,0
2031127293221_Node0_Node8_Zero,2034.126054,2034.127206,0,,0,7.572525408e-13,0
2031131392811_Node0_Node8_Zero,2034.135132,2034.135132,1,Expiry,0,1.3510376026308529e-12,nan
2031135492055_Node0_Node8_Zero,2034.135132,2034.136404,0,,0,8.2283073705e-13,0
2031143693531_Node0_Node8_Zero,2034.137417,2034.138748,0,,0,8.179201821908484e-13,0
2031168280669_Node0_Node8_Zero,2034.166258,2034.167589,0,,0,7.572525408e-13,0
2031176481713_Node0_Node8_Zero,2034.172643,2034.173894,0,,0,7.572525408e-13,0
2031201068526_Node0_Node8_Zero,2034.202056,2034.202056,1,Expiry,0,1.11482933625e-12,nan
2031217465212_Node0_Node8_Zero,2034.216018,2034.217329,0,,0,7.572525408e-13,0
2031225669294_Node0_Node8_Zero,2034.220952,2034.222163,0,,0,7.572525408e-13,0
2031324005487_Node0_Node8_Zero,2034.3236,2034.324972,0,,0,8.2283073705e-13,0
2031332198524_Node0_Node8_Zero,2034.328986,2034.330297,0,,0,1.3094842231024552e-13,8.380699027855713e-14
2031340397567_Node0_Node8_Zero,2034.340522,2034.340522,1,Expiry,0,1.146027507333975e-12,nan
2031348585745_Node0_Node8_Zero,2034.348966,2034.348966,1,Expiry,0,1.1751733723339751e-12,nan
2031356779769_Node0_Node8_Zero,2034.355546,2034.356778,0,,0,7.572525408e-13,0
2031364980591_Node0_Node8_Zero,2034.360569,2034.36184,0,,0,7.572525408e-13,3.1613527686099333e-14
2031373174592_Node0_Node8_Zero,2034.372171,2034.373282,0,,0,8.2283073705e-13,0
2031381371068_Node0_Node8_Zero,2034.38005,2034.381162,0,,0,7.572525408e-13,0
2031471550585_Node0_Node8_Zero,2034.471746,2034.471746,1,Expiry,0,1.11482933625e-12,nan
2031479745805_Node0_Node8_Zero,2034.47641,2034.477501,0,,1,8.77267443675361e-13,0
2031483841729_Node0_Node8_Zero,2034.48584,2034.48584,1,Expiry,0,1.2654186468011551e-12,nan
2031487944551_Node0_Node8_Zero,2034.48584,2034.487151,0,,0,7.680953784023101e-14,5.333995683349376e-14
2031549429373_Node0_Node8_Zero,2034.547976,2034.549347,0,,0,7.572525408e-13,0
2031565816214_Node0_Node8_Zero,2034.561894,2034.563265,0,,0,8.381276471236735e-13,0
2031574013482_Node0_Node8_Zero,2034.567399,2034.56853,0,,0,8.470248288834937e-13,0
2031582213135_Node0_Node8_Zero,2034.572044,2034.573196,0,,0,8.403963612940891e-14,5.836085842320063e-14
2031639599056_Node0_Node8_Zero,2034.639421,2034.640612,0,,0,8.640818754468139e-14,6.000568579491763e-14
2031660089479_Node0_Node8_Zero,2034.658381,2034.659492,0,,0,7.572525408e-13,0
2031774860787_Node0_Node8_Zero,2034.773282,2034.774393,0,,0,8.2283073705e-13,4.19700456e-14
2031803555325_Node0_Node8_Zero,2034.805128,2034.805128,1,Expiry,0,1.319655114746722e-12,nan
2031807656593_Node0_Node8_Zero,2034.805128,2034.8062,0,,0,1.1658346e-13,6.557819625e-14
2031824050682_Node0_Node8_Zero,2034.825545,2034.825545,1,Expiry,0,1.2305791545609242e-12,nan
2031828144837_Node0_Node8_Zero,2034.829351,2034.829351,1,Expiry,0,6.557819625e-14,nan
2031832246289_Node0_Node8_Zero,2034.829351,2034.830423,0,,0,8.2283073705e-13,0
2031836347595_Node0_Node8_Zero,2034.837419,2034.837419,1,Expiry,0,1.2783813970444179e-12,nan
2031840443047_Node0_Node8_Zero,2034.837419,2034.83871,0,,0,8.738360007999999e-13,6.557819625e-14
2031848643033_Node0_Node8_Zero,2034.843912,2034.845023,0,,0,8.470248288834937e-13,0
2031844544682_Node0_Node8_Zero,2034.846016,2034.846016,1,Expiry,0,1.04925114e-12,nan
2031852742704_Node0_Node8_Zero,2034.855671,2034.855671,1,Expiry,0,8.977228808349378e-14,nan
2031856841665_Node0_Node8_Zero,2034.855671,2034.856763,0,,0,7.572525408e-13,0
2031860940482_Node0_Node8_Zero,2034.858573,2034.863561,0,,136,8.77267443675361e-13,0
2031869135802_Node0_Node8_Zero,2034.858573,2034.863561,0,,136,8.77267443675361e-13,0
2031873238562_Node0_Node8_Zero,2034.882159,2034.882159,1,Expiry,0,1.4152785364830592e-12,nan
2031877332632_Node0_Node8_Zero,2034.884209,2034.884209,1,Expiry,0,1.0862480489044221e-12,nan
2031881427890_Node0_Node8_Zero,2034.884209,2034.884209,1,Expiry,0,1.0862480489044221e-12,nan
2031885529195_Node0_Node8_Zero,2034.886339,2034.886339,1,Expiry,0,3.519438795837345e-14,nan
2031889624022_Node0_Node8_Zero,2034.886339,2034.888675,0,,46,7.572525408e-13,0
2031893724543_Node0_Node8_Zero,2034.887369,2034.889825,0,,0,7.572525408e-13,0
2031914212075_Node0_Node8_Zero,2034.911801,2034.913172,0,,0,7.992225864e-13,0
2031922412093_Node0_Node8_Zero,2034.92267,2034.92267,1,Expiry,0,1.1006437550857602e-12,nan
2031930606198_Node0_Node8_Zero,2034.931611,2034.931611,1,Expiry,0,6.557819625e-14,nan
2031942897099_Node0_Node8_Zero,2034.943113,2034.943113,1,Expiry,0,1.254187305210924e-12,nan
2031946999994_Node0_Node8_Zero,2034.943113,2034.944324,0,,1,9.137347955037749e-13,0
2031951100285_Node0_Node8_Zero,2034.94892,2034.950172,0,,0,4.19700456e-14,2.9145865e-14
2031955198931_Node0_Node8_Zero,2034.953722,2034.955093,0,,0,6.557819625e-14,4.19700456e-14
2031963401325_Node0_Node8_Zero,2034.961115,2034.962326,0,,0,7.572525408e-13,0
2031971604668_Node0_Node8_Zero,2034.969472,2034.970584,0,,0,8.2283073705e-13,0
2031979795801_Node0_Node8_Zero,2034.977247,2034.978498,0,,0,7.572525408e-13,9.6327973344147e-14
2031996181866_Node0_Node8_Zero,2034.994667,2034.995898,0,,0,7.572525408e-13,6.557819625e-14
2032012583418_Node0_Node8_Zero,2035.013281,2035.013281,1,Expiry,0,1.188223335399807e-12,nan
2032016681955_Node0_Node8_Zero,2035.017444,2035.017444,1,Expiry,0,1.11482933625e-12,nan
2032024884081_Node0_Node8_Zero,2035.017444,2035.018556,0,,0,7.572525408e-13,0
2032028987253_Node0_Node8_Zero,2035.029364,2035.029364,1,Expiry,0,1.3779341318431648e-12,nan
2032041282283_Node0_Node8_Zero,2035.036502,2035.037834,0,,0,8.738360007999999e-13,0
2032074070956_Node0_Node8_Zero,2035.074922,2035.074922,1,Expiry,0,1.346260727187771e-12,nan
2032078165415_Node0_Node8_Zero,2035.078726,2035.078726,1,Expiry,0,1.2235855596833685e-12,nan
2032082264440_Node0_Node8_Zero,2035.078726,2035.082005,0,,46,7.932106274158963e-13,0
2032086357810_Node0_Node8_Zero,2035.080909,2035.084247,0,,47,7.572525408e-13,0
2032160132039_Node0_Node8_Zero,2035.15823,2035.159341,0,,0,7.572525408e-13,0
2032242078647_Node0_Node8_Zero,2035.242957,2035.242957,1,Expiry,0,1.11482933625e-12,nan
2032258468672_Node0_Node8_Zero,2035.255115,2035.256266,0,,0,8.2283073705e-13,0
2032266666089_Node0_Node8_Zero,2035.266307,2035.267478,0,,0,7.572525408e-13,0
2032299449024_Node0_Node8_Zero,2035.299891,2035.299891,1,Expiry,0,4.19700456e-14,nan
2032303544390_Node0_Node8_Zero,2035.303799,2035.303799,1,Expiry,0,1.0965794237999999e-12,nan
2032307643416_Node0_Node8_Zero,2035.303799,2035.30515,0,,0,8.738360007999999e-13,0
2032348623513_Node0_Node8_Zero,2035.345986,2035.347077,0,,0,6.557819625e-14,4.19700456e-14
2032360912540_Node0_Node8_Zero,2035.355045,2035.356156,0,,0,1.34044520383753e-13,7.540004271586106e-14
2032365012347_Node0_Node8_Zero,2035.362156,2035.363388,0,,0,8.2283073705e-13,0
2032373200386_Node0_Node8_Zero,2035.373754,2035.373754,1,Expiry,0,6.557819625e-14,nan
2032377298735_Node0_Node8_Zero,2035.375884,2035.377836,0,,0,7.572525408e-13,0
2032381397575_Node0_Node8_Zero,2035.375884,2035.377836,0,,0,7.572525408e-13,0
2032389597280_Node0_Node8_Zero,2035.38156,2035.390026,0,,49,7.572525408e-13,0
2032393699617_Node0_Node8_Zero,2035.391864,2035.394075,0,,0,8.3039256633753e-14,5.3145124245601916e-14
2032397802934_Node0_Node8_Zero,2035.391864,2035.394075,0,,0,8.3039256633753e-14,5.3145124245601916e-14
2032405996954_Node0_Node8_Zero,2035.401648,2035.40384,0,,0,8.738360007999999e-13,6.557819625e-14
2032401900846_Node0_Node8_Zero,2035.401648,2035.40384,0,,0,8.738360007999999e-13,6.557819625e-14
2032422392749_Node0_Node8_Zero,2035.425225,2035.425225,1,Expiry,0,1.3809627058450835e-12,nan
2032426490552_Node0_Node8_Zero,2035.427155,2035.427155,1,Expiry,0,6.557819625e-14,nan
2032430584527_Node0_Node8_Zero,2035.427155,2035.428426,0,,1,9.271759576334939e-13,0
2032434685169_Node0_Node8_Zero,2035.434617,2035.435964,1,Expiry,2,2.319181238221035e-13,nan
2032442879863_Node0_Node8_Zero,2035.442488,2035.44358,0,,0,7.572525408e-13,2.9145865e-14
2032446981789_Node0_Node8_Zero,2035.445738,2035.446849,0,,0,7.572525408e-13,8.238673828197009e-14
2032455173507_Node0_Node8_Zero,2035.45694,2035.45694,1,Expiry,0,1.217034577343272e-12,nan
2032463369184_Node0_Node8_Zero,2035.45799,2035.459261,0,,0,8.41391712e-13,0
2032471570602_Node0_Node8_Zero,2035.464702,2035.465873,0,,0,7.572525408e-13,0
2032487960494_Node0_Node8_Zero,2035.488586,2035.488586,1,Expiry,0,1.2458800670811098e-12,nan
2032496161145_Node0_Node8_Zero,2035.495936,2035.497247,0,,0,8.738360007999999e-13,0
2032545356146_Node0_Node8_Zero,2035.544453,2035.545525,0,,0,8.2283073705e-13,0
2032553558130_Node0_Node8_Zero,2035.556449,2035.556449,1,Expiry,0,1.272648745090333e-12,nan
2032557652420_Node0_Node8_Zero,2035.558403,2035.558403,1,Expiry,0,1.089149934703775e-12,nan
2032561752456_Node0_Node8_Zero,2035.558403,2035.561508,0,,1,9.468549346078587e-13,2.931340019052858e-14
2032565851954_Node0_Node8_Zero,2035.564753,2035.566884,0,,1,9.069561399040837e-13,0
2032569952351_Node0_Node8_Zero,2035.564753,2035.566884,0,,1,9.069561399040837e-13,0
2032586348303_Node0_Node8_Zero,2035.58636,2035.58636,1,Expiry,0,1.434097123726295e-12,nan
2032598636325_Node0_Node8_Zero,2035.598699,2035.598699,1,Expiry,0,1.3251880985636772e-12,nan
2032602734333_Node0_Node8_Zero,2035.598699,2035.59987,0,,1,8.844975419645388e-13,0
2032610924769_Node0_Node8_Zero,2035.609692,2035.613872,0,,47,1.1658346e-13,6.557819625e-14
2032615022155_Node0_Node8_Zero,2035.612775,2035.615102,0,,1,8.738360007999999e-13,0
2032619116914_Node0_Node8_Zero,2035.619768,2035.619768,1,Expiry,0,1.266997966501444e-12,nan
2032623215089_Node0_Node8_Zero,2035.619768,2035.620999,0,,0,6.557819625e-14,4.19700456e-14
2032639620727_Node0_Node8_Zero,2035.641388,2035.641388,1,Expiry,0,1.306896761205219e-12,nan
2032643714576_Node0_Node8_Zero,2035.641388,2035.644512,0,,0,7.572525408e-13,0
2032651916303_Node0_Node8_Zero,2035.646305,2035.648476,0,,0,7.572525408e-13,0
2032647816218_Node0_Node8_Zero,2035.646305,2035.648476,0,,0,7.572525408e-13,0
2032725709341_Node0_Node8_Zero,2035.726167,2035.726167,1,Expiry,0,1.1994248479307993e-12,nan
2032799489942_Node0_Node8_Zero,2035.797466,2035.798618,0,,0,7.572525408e-13,2.9145865e-14
2032807688491_Node0_Node8_Zero,2035.805921,2035.807112,0,,0,7.572525408e-13,0
2032811784390_Node0_Node8_Zero,2035.818969,2035.818969,1,Expiry,0,1.2447652502391988e-12,nan
2032815879799_Node0_Node8_Zero,2035.818969,2035.818969,1,Expiry,0,1.2447652502391988e-12,nan
2032824072784_Node0_Node8_Zero,2035.823847,2035.824918,0,,0,1.407775518334938e-13,7.918737290634025e-14
2032828172514_Node0_Node8_Zero,2035.82803,2035.831226,0,,48,9.271759576334937e-13,0
2032832269169_Node0_Node8_Zero,2035.82803,2035.831226,0,,48,9.271759576334937e-13,0
2032840466714_Node0_Node8_Zero,2035.82912,2035.832286,0,,2,7.572525408e-13,0
2032860966597_Node0_Node8_Zero,2035.859971,2035.861122,0,,0,7.572525408e-13,0
2032893753124_Node0_Node8_Zero,2035.891906,2035.892997,0,,0,6.557819625e-14,4.19700456e-14
2032901950522_Node0_Node8_Zero,2035.898125,2035.899317,0,,0,7.572525408e-13,0
2032930631788_Node0_Node8_Zero,2035.931014,2035.931014,1,Expiry,0,1.3626479061314937e-12,nan
2032942921349_Node0_Node8_Zero,2035.936997,2035.938288,0,,1,9.154987093041846e-13,9.618753311021725e-14
2032951120504_Node0_Node8_Zero,2035.949998,2035.95129,0,,0,8.2283073705e-13,4.19700456e-14
2032959314079_Node0_Node8_Zero,2035.960272,2035.960272,1,Expiry,0,1.1886091089609241e-12,nan
2032967509317_Node0_Node8_Zero,2035.963317,2035.964509,0,,1,8.844975419645388e-13,0
2032975708021_Node0_Node8_Zero,2035.973181,2035.974372,0,,0,7.572525408e-13,0
2032971610762_Node0_Node8_Zero,2035.973181,2035.973181,1,Expiry,0,1.2305791545609242e-12,nan
2032983908084_Node0_Node8_Zero,2035.982725,2035.983836,0,,0,6.557819625e-14,4.19700456e-14
2033053569701_Node0_Node8_Zero,2036.052683,2036.055706,0,,0,7.572525408e-13,0
2033057667073_Node0_Node8_Zero,2036.057679,2036.057679,1,Expiry,0,1.254187305210924e-12,nan
2033061762491_Node0_Node8_Zero,2036.057679,2036.05879,0,,0,1.1658346e-13,0
2033069963444_Node0_Node8_Zero,2036.062053,2036.069222,0,,49,7.572525408e-13,0
2033078152098_Node0_Node8_Zero,2036.076816,2036.077988,0,,0,7.572525408e-13,0
2033082246638_Node0_Node8_Zero,2036.080091,2036.081462,0,,0,7.932106274158963e-13,0
2033217482633_Node0_Node8_Zero,2036.216305,2036.217576,0,,0,6.557819625e-14,4.19700456e-14
2033229772244_Node0_Node8_Zero,2036.223499,2036.224571,0,,0,4.19700456e-14,0
2033340421855_Node0_Node8_Zero,2036.341607,2036.341607,1,Expiry,0,1.2116057035839751e-12,nan
2033348625261_Node0_Node8_Zero,2036.348519,2036.34961,0,,0,2.9145865e-14,2.1413288571428573e-14
2033446968714_Node0_Node8_Zero,2036.446697,2036.447888,0,,0,7.992225864e-13,0
2033471555550_Node0_Node8_Zero,2036.470794,2036.472165,0,,0,8.2283073705e-13,0
2033479745973_Node0_Node8_Zero,2036.479834,2036.479834,1,Expiry,0,1.1099187813908484e-12,nan
2033496142878_Node0_Node8_Zero,2036.494076,2036.495227,0,,1,8.980300926334938e-13,0
2033504332760_Node0_Node8_Zero,2036.499099,2036.50037,0,,0,8.41391712e-13,0
2033512532137_Node0_Node8_Zero,2036.512049,2036.513181,0,,0,8.2283073705e-13,0
2033520723042_Node0_Node8_Zero,2036.521005,2036.521005,1,Expiry,0,1.348906919013487e-12,nan
2033561710697_Node0_Node8_Zero,2036.562007,2036.562007,1,Expiry,0,1.369868877837771e-12,nan
2033569907521_Node0_Node8_Zero,2036.56811,2036.569221,0,,0,8.738360007999999e-13,0
2033578105492_Node0_Node8_Zero,2036.586716,2036.586716,1,Expiry,0,1.126060677840231e-12,nan
2033586306195_Node0_Node8_Zero,2036.586716,2036.586716,1,Expiry,0,1.126060677840231e-12,nan
2033594494628_Node0_Node8_Zero,2036.592436,2036.593767,0,,0,8.2283073705e-13,0
2033602690009_Node0_Node8_Zero,2036.602495,2036.603666,0,,0,8.738360007999999e-13,0
2033610886612_Node0_Node8_Zero,2036.61181,2036.61181,1,Expiry,0,1.2919401290192855e-12,nan
2033627277924_Node0_Node8_Zero,2036.62703,2036.632085,0,,89,9.159663073214225e-13,0
2033631376560_Node0_Node8_Zero,2036.630734,2036.634206,0,,1,7.992225864e-13,2.9145865e-14
2033635474575_Node0_Node8_Zero,2036.630734,2036.634206,0,,1,7.992225864e-13,2.9145865e-14
2033643676001_Node0_Node8_Zero,2036.637483,2036.638634,0,,1,8.844975419645388e-13,0
2033660066183_Node0_Node8_Zero,2036.659209,2036.660301,0,,0,8.2283073705e-13,0
2033664164455_Node0_Node8_Zero,2036.663548,2036.664719,0,,0,1.1658346e-13,9.489159644052858e-14
2033668260488_Node0_Node8_Zero,2036.66972,2036.66972,1,Expiry,0,1.2216304911201101e-12,nan
2033672361606_Node0_Node8_Zero,2036.675513,2036.675513,1,Expiry,0,3.351113009593825e-14,nan
2033676464072_Node0_Node8_Zero,2036.675513,2036.676725,0,,0,7.572525408e-13,0
2033680564719_Node0_Node8_Zero,2036.678594,2036.680646,0,,0,7.934679032947849e-13,0
2033684659246_Node0_Node8_Zero,2036.678594,2036.680646,0,,0,7.934679032947849e-13,0
2033692854189_Node0_Node8_Zero,2036.68418,2036.686481,0,,1,8.77267443675361e-13,0
2033688758004_Node0_Node8_Zero,2036.696485,2036.696485,1,Expiry,0,1.3535914661908245e-12,nan
2033696950802_Node0_Node8_Zero,2036.696485,2036.697656,0,,0,3.183409742594375e-14,2.338831647620357e-14
2033701053935_Node0_Node8_Zero,2036.698807,2036.700178,0,,0,9.165731578457038e-14,5.866068210212505e-14
2033705150050_Node0_Node8_Zero,2036.704022,2036.705113,0,,0,7.971513355037749e-13,2.931340019052858e-14
2033717438955_Node0_Node8_Zero,2036.717481,2036.717481,1,Expiry,0,1.188026880403625e-12,nan
2033725634795_Node0_Node8_Zero,2036.724186,2036.725517,0,,0,7.572525408e-13,0
2033729736415_Node0_Node8_Zero,2036.730774,2036.730774,1,Expiry,0,2.9145865e-14,nan
2033852691989_Node0_Node8_Zero,2036.853677,2036.853677,1,Expiry,0,4.19700456e-14,nan
2033942860114_Node0_Node8_Zero,2036.944453,2036.944453,1,Expiry,0,6.557819625e-14,nan
2033946963129_Node0_Node8_Zero,2036.944453,2036.945664,0,,0,8.2283073705e-13,0
2033955160754_Node0_Node8_Zero,2036.950866,2036.952017,0,,0,1.5088912635400283e-13,8.487513357412658e-14
2033963360695_Node0_Node8_Zero,2036.961624,2036.962875,0,,0,7.572525408e-13,0
2033971561311_Node0_Node8_Zero,2036.969524,2036.970815,0,,0,4.1326962267069406e-14,0
2033979753112_Node0_Node8_Zero,2036.978104,2036.979316,0,,0,7.572525408e-13,0
2033987952439_Node0_Node8_Zero,2036.983606,2036.984917,0,,0,7.572525408e-13,0
2034012547346_Node0_Node8_Zero,2037.012135,2037.013266,0,,0,7.572525408e-13,0
2034024846570_Node0_Node8_Zero,2037.017989,2037.0193,0,,0,7.572525408e-13,0
2034028944149_Node0_Node8_Zero,2037.029697,2037.029697,1,Expiry,0,1.346260727187771e-12,nan
2034041235770_Node0_Node8_Zero,2037.041131,2037.042442,0,,0,8.2283073705e-13,0
2034049438105_Node0_Node8_Zero,2037.049445,2037.049445,1,Expiry,0,1.1886091089609241e-12,nan
2034090411434_Node0_Node8_Zero,2037.091614,2037.091614,1,Expiry,0,4.73282838e-14,nan
2034127303969_Node0_Node8_Zero,2037.124792,2037.125923,0,,1,9.151629630670693e-13,0
2034135493974_Node0_Node8_Zero,2037.139108,2037.139108,1,Expiry,0,1.381100219428002e-12,nan
2034139591362_Node0_Node8_Zero,2037.141263,2037.141263,1,Expiry,0,1.3042906815877709e-12,nan
2034143688865_Node0_Node8_Zero,2037.141263,2037.142594,0,,0,7.992225864e-13,0
2034233844051_Node0_Node8_Zero,2037.234836,2037.234836,1,Expiry,0,1.346260727187771e-12,nan
2034250235442_Node0_Node8_Zero,2037.250324,2037.250324,1,Expiry,0,1.254187305210924e-12,nan
2034258428665_Node0_Node8_Zero,2037.257267,2037.258358,0,,0,7.572525408e-13,6.557819625e-14
2034381385538_Node0_Node8_Zero,2037.380959,2037.38219,0,,0,6.557819625e-14,0
2034397780226_Node0_Node8_Zero,2037.396307,2037.397438,0,,0,7.572525408e-13,0
2034401877521_Node0_Node8_Zero,2037.400769,2037.402041,0,,0,7.572525408e-13,0
2034405978724_Node0_Node8_Zero,2037.407985,2037.407985,1,Expiry,0,1.2261663708935084e-12,nan
2034410077774_Node0_Node8_Zero,2037.407985,2037.409216,0,,0,8.2283073705e-13,4.19700456e-14
2034430565121_Node0_Node8_Zero,2037.430139,2037.432472,0,,0,1.1658346e-13,0
2034438760305_Node0_Node8_Zero,2037.438968,2037.438968,1,Expiry,0,1.4300819150863478e-12,nan
2034446955980_Node0_Node8_Zero,2037.449156,2037.449156,1,Expiry,0,4.19700456e-14,nan
2034451051827_Node0_Node8_Zero,2037.451026,2037.453057,0,,0,1.272450011645389e-13,8.143680074530488e-14
2034455150968_Node0_Node8_Zero,2037.451026,2037.453057,0,,0,1.272450011645389e-13,8.143680074530488e-14
2034459244382_Node0_Node8_Zero,2037.459903,2037.459903,1,Expiry,0,1.454748814827169e-12,nan
2034467443455_Node0_Node8_Zero,2037.459903,2037.461234,0,,0,1.1658346e-13,6.557819625e-14
2034471537369_Node0_Node8_Zero,2037.465377,2037.466628,0,,0,7.572525408e-13,0
2034475640049_Node0_Node8_Zero,2037.470894,2037.471986,0,,0,7.572525408e-13,0
2034479743065_Node0_Node8_Zero,2037.482881,2037.482881,1,Expiry,0,1.1246511827158611e-12,nan
2034487933547_Node0_Node8_Zero,2037.484963,2037.486934,0,,0,8.738360007999999e-13,0
2034492036492_Node0_Node8_Zero,2037.484963,2037.486934,0,,0,8.738360007999999e-13,0
2034483837007_Node0_Node8_Zero,2037.49128,2037.49128,1,Expiry,0,1.299610572834386e-12,nan
2034496137625_Node0_Node8_Zero,2037.49128,2037.494506,0,,47,7.572525408e-13,0
2034500239448_Node0_Node8_Zero,2037.493363,2037.497833,0,,94,7.540004271586106e-14,4.825602733815108e-14
2034508438499_Node0_Node8_Zero,2037.496567,2037.498903,0,,0,8.32652583515861e-13,0
2034512534777_Node0_Node8_Zero,2037.508397,2037.509548,0,,0,7.572525408e-13,0
2034537124110_Node0_Node8_Zero,2037.533807,2037.535178,0,,0,1.1658346e-13,6.557819625e-14
2034533026591_Node0_Node8_Zero,2037.533807,2037.533807,1,Expiry,0,1.2759976431990566e-12,nan
2034545322498_Node0_Node8_Zero,2037.548567,2037.548567,1,Expiry,0,1.1886091089609241e-12,nan
2034549416982_Node0_Node8_Zero,2037.550677,2037.550677,1,Expiry,0,1.1886091089609241e-12,nan
2034553517521_Node0_Node8_Zero,2037.550677,2037.553788,0,,0,7.992225864e-13,2.9145865e-14
2034557617532_Node0_Node8_Zero,2037.555602,2037.557693,0,,0,6.140981210580476e-14,4.2645702851253307e-14
2034561712876_Node0_Node8_Zero,2037.555602,2037.557693,0,,0,6.140981210580476e-14,4.2645702851253307e-14
2034569909485_Node0_Node8_Zero,2037.567842,2037.568933,0,,0,7.572525408e-13,0
2034574006467_Node0_Node8_Zero,2037.572287,2037.573438,0,,1,8.844975419645388e-13,8.143680074530488e-14
2034578107600_Node0_Node8_Zero,2037.579077,2037.579077,1,Expiry,0,1.269604006439559e-12,nan
2034594499155_Node0_Node8_Zero,2037.594448,2037.595599,0,,0,7.572525408e-13,4.19700456e-14
2034627299707_Node0_Node8_Zero,2037.624758,2037.625889,0,,0,8.738360007999999e-13,0
2034623199387_Node0_Node8_Zero,2037.624758,2037.624758,1,Expiry,0,1.254187305210924e-12,nan
2034635493492_Node0_Node8_Zero,2037.631197,2037.632508,0,,0,7.572525408e-13,0
2034639589521_Node0_Node8_Zero,2037.640462,2037.640462,1,Expiry,0,1.2097921615508063e-12,nan
2034643691194_Node0_Node8_Zero,2037.641552,2037.642623,0,,1,9.069561399040837e-13,0
2034651886977_Node0_Node8_Zero,2037.652853,2037.652853,1,Expiry,0,3.5889843270276723e-14,nan
2034655980847_Node0_Node8_Zero,2037.658095,2037.658095,1,Expiry,0,2.9145865e-14,nan
2034660080069_Node0_Node8_Zero,2037.658095,2037.660331,0,,46,8.2283073705e-13,0
2034668277091_Node0_Node8_Zero,2037.659225,2037.661621,0,,1,9.097173524956921e-13,0
2034672377803_Node0_Node8_Zero,2037.670863,2037.671994,0,,0,2.9145865e-14,0
2034766650530_Node0_Node8_Zero,2037.767085,2037.767085,1,Expiry,0,1.270578042473634e-12,nan
2034783044674_Node0_Node8_Zero,2037.78317,2037.78317,1,Expiry,0,4.19700456e-14,nan
2034807631438_Node0_Node8_Zero,2037.805049,2037.80624,0,,0,8.41391712e-13,0
2034815825164_Node0_Node8_Zero,2037.811698,2037.812809,0,,0,7.992225864e-13,2.9145865e-14
2034914180132_Node0_Node8_Zero,2037.9158,2037.9158,1,Expiry,0,1.254187305210924e-12,nan
2034918277344_Node0_Node8_Zero,2037.9158,2037.917072,0,,0,7.992225864e-13,2.9145865e-14
2034963370338_Node0_Node8_Zero,2037.960424,2037.961756,0,,0,1.5527204353702356e-13,1.0875381306100432e-13
2034971561702_Node0_Node8_Zero,2037.965736,2037.966947,0,,0,7.992225864e-13,2.9145865e-14
2034979751744_Node0_Node8_Zero,2037.979978,2037.979978,1,Expiry,0,6.557819625e-14,nan
2034987948762_Node0_Node8_Zero,2037.985686,2037.98806,0,,0,7.572525408e-13,0
2034996151900_Node0_Node8_Zero,2037.989081,2037.990413,0,,1,8.844975419645388e-13,8.143680074530488e-14
2035016642731_Node0_Node8_Zero,2038.015845,2038.016956,0,,0,6.557819625e-14,4.19700456e-14
2035028929470_Node0_Node8_Zero,2038.028531,2038.029822,0,,0,7.992225864e-13,0
2035045323383_Node0_Node8_Zero,2038.045221,2038.046492,0,,0,1.272450011645389e-13,0
2035094505242_Node0_Node8_Zero,2038.093343,2038.094475,0,,0,7.572525408e-13,0
2035102698918_Node0_Node8_Zero,2038.102239,2038.103391,0,,0,8.2283073705e-13,0
2035119089132_Node0_Node8_Zero,2038.116751,2038.118123,0,,0,7.572525408e-13,0
2035127289553_Node0_Node8_Zero,2038.125679,2038.12699,0,,0,8.085868515117569e-13,3.564882688316454e-14
2035135483751_Node0_Node8_Zero,2038.134167,2038.135298,0,,0,3.6906336281668e-14,2.7114859308980572e-14
2035192869307_Node0_Node8_Zero,2038.192087,2038.193378,0,,0,6.557819625e-14,4.19700456e-14
2035201064638_Node0_Node8_Zero,2038.197137,2038.198228,0,,0,7.572525408e-13,0
2035217457499_Node0_Node8_Zero,2038.217977,2038.217977,1,Expiry,0,6.557819625e-14,nan
2035233859378_Node0_Node8_Zero,2038.23442,2038.23442,1,Expiry,0,1.2305791545609242e-12,nan
2035258452167_Node0_Node8_Zero,2038.260979,2038.260979,1,Expiry,0,1.2305791545609242e-12,nan
2035262551591_Node0_Node8_Zero,2038.262929,2038.262929,1,Expiry,0,1.254187305210924e-12,nan
2035266648006_Node0_Node8_Zero,2038.262929,2038.2642,0,,1,8.980300926334938e-13,0
2035274843157_Node0_Node8_Zero,2038.273898,2038.274989,0,,0,7.572525408e-13,0
2035287139333_Node0_Node8_Zero,2038.288911,2038.288911,1,Expiry,0,7.680953784023101e-14,nan
2035291233176_Node0_Node8_Zero,2038.288911,2038.290043,0,,0,8.2283073705e-13,0
2035299436501_Node0_Node8_Zero,2038.296068,2038.297419,0,,0,2.9145865e-14,2.1413288571428573e-14
2035311725429_Node0_Node8_Zero,2038.31534,2038.31534,1,Expiry,0,6.557819625e-14,nan
2035315823594_Node0_Node8_Zero,2038.317323,2038.317323,1,Expiry,0,1.2154050440604174e-12,nan
2035319921367_Node0_Node8_Zero,2038.317323,2038.318434,0,,0,7.572525408e-13,4.73282838e-14
2035324022764_Node0_Node8_Zero,2038.320787,2038.32318,0,,1,8.824854606886317e-13,0
2035332217437_Node0_Node8_Zero,2038.325851,2038.327182,0,,0,8.502382059009061e-13,0
2035340419222_Node0_Node8_Zero,2038.341503,2038.341503,1,Expiry,0,1.2473098926663352e-12,nan
2035344520586_Node0_Node8_Zero,2038.353645,2038.353645,1,Expiry,0,1.332576162751444e-12,nan
2035348621086_Node0_Node8_Zero,2038.353645,2038.353645,1,Expiry,0,1.332576162751444e-12,nan
2035352721630_Node0_Node8_Zero,2038.355795,2038.355795,1,Expiry,0,6.557819625e-14,nan
2035356818831_Node0_Node8_Zero,2038.355795,2038.358851,0,,89,1.407775518334938e-13,7.918737290634025e-14
2035360921010_Node0_Node8_Zero,2038.357685,2038.360926,0,,2,8.2283073705e-13,4.19700456e-14
2035365023208_Node0_Node8_Zero,2038.357685,2038.360926,0,,2,8.2283073705e-13,4.19700456e-14
2035381418653_Node0_Node8_Zero,2038.378471,2038.379702,0,,1,9.163484903169884e-13,0
2035385512034_Node0_Node8_Zero,2038.386402,2038.386402,1,Expiry,0,1.1891932660297212e-12,nan
2035389607943_Node0_Node8_Zero,2038.386402,2038.389463,0,,0,7.572525408e-13,0
2035401897409_Node0_Node8_Zero,2038.395378,2038.39655,0,,0,7.572525408e-13,2.931340019052858e-14
2035393701314_Node0_Node8_Zero,2038.395378,2038.395378,1,Expiry,0,3.9898794703775013e-14,nan
2035578144175_Node0_Node8_Zero,2038.576853,2038.577984,0,,0,8.2283073705e-13,0
2035586340934_Node0_Node8_Zero,2038.582033,2038.583205,0,,1,8.844975419645388e-13,0
2035594531518_Node0_Node8_Zero,2038.592329,2038.59348,0,,0,2.9145865e-14,2.1413288571428573e-14
2035610921957_Node0_Node8_Zero,2038.608865,2038.610136,0,,0,8.2283073705e-13,0
2035606824998_Node0_Node8_Zero,2038.608865,2038.608865,1,Expiry,0,1.2284438510160116e-12,nan
2035619124461_Node0_Node8_Zero,2038.619465,2038.619465,1,Expiry,0,1.097084708290004e-12,nan
2035635520285_Node0_Node8_Zero,2038.632876,2038.633968,0,,0,8.2283073705e-13,4.19700456e-14
2035651913354_Node0_Node8_Zero,2038.63811,2038.639262,0,,1,9.208148517353623e-13,0
2035656014799_Node0_Node8_Zero,2038.653516,2038.655427,0,,0,7.572525408e-13,0
2035660112871_Node0_Node8_Zero,2038.653516,2038.655427,0,,0,7.572525408e-13,0
2035668308574_Node0_Node8_Zero,2038.669059,2038.669059,1,Expiry,0,6.557819625e-14,nan
2035676511598_Node0_Node8_Zero,2038.675002,2038.676254,0,,0,8.738360007999999e-13,0
2035688807789_Node0_Node8_Zero,2038.683325,2038.684676,0,,0,8.738360007999999e-13,0
2035697006871_Node0_Node8_Zero,2038.689622,2038.690933,0,,0,8.373621201207762e-13,5.127013076529677e-14
2035705205303_Node0_Node8_Zero,2038.703818,2038.70505,0,,0,7.572525408e-13,0
2035733895717_Node0_Node8_Zero,2038.732308,2038.733539,0,,0,1.1658346e-13,6.557819625e-14
2035742095773_Node0_Node8_Zero,2038.741565,2038.742936,0,,0,7.572525408e-13,0
2035750299433_Node0_Node8_Zero,2038.746106,2038.747297,0,,0,4.19700456e-14,2.9145865e-14
2035799483223_Node0_Node8_Zero,2038.801672,2038.801672,1,Expiry,0,4.19700456e-14,nan
2035803583309_Node0_Node8_Zero,2038.803742,2038.803742,1,Expiry,0,1.254187305210924e-12,nan
2035807684500_Node0_Node8_Zero,2038.803742,2038.805073,0,,0,7.572525408e-13,0
2035815879777_Node0_Node8_Zero,2038.810364,2038.811495,0,,1,8.844975419645388e-13,0
2035824081473_Node0_Node8_Zero,2038.824103,2038.824103,1,Expiry,0,1.2419490657944179e-12,nan
2035840477741_Node0_Node8_Zero,2038.841423,2038.841423,1,Expiry,0,1.2869595957298146e-12,nan
2035844571196_Node0_Node8_Zero,2038.847169,2038.847169,1,Expiry,0,1.11482933625e-12,nan
2035848667566_Node0_Node8_Zero,2038.847169,2038.84826,0,,0,7.992225864e-13,0
2035865053261_Node0_Node8_Zero,2038.866083,2038.866083,1,Expiry,0,1.0912211856e-12,nan
2035873247226_Node0_Node8_Zero,2038.87219,2038.873482,0,,0,7.992157496910206e-13,0
2035881444148_Node0_Node8_Zero,2038.881632,2038.881632,1,Expiry,0,1.3341119390540484e-12,nan
2035889641576_Node0_Node8_Zero,2038.889496,2038.890587,0,,0,8.2283073705e-13,4.19700456e-14
2035897839679_Node0_Node8_Zero,2038.895742,2038.896973,0,,0,2.9145865e-14,2.1413288571428573e-14
2035914225206_Node0_Node8_Zero,2038.914278,2038.914278,1,Expiry,0,4.19700456e-14,nan
2035971607976_Node0_Node8_Zero,2038.972739,2038.972739,1,Expiry,0,4.19700456e-14,nan
2035996196172_Node0_Node8_Zero,2038.995259,2038.996531,0,,0,8.738360007999999e-13,6.557819625e-14
2036004391884_Node0_Node8_Zero,2039.000306,2039.001417,0,,0,6.557819625e-14,4.19700456e-14
2036020783146_Node0_Node8_Zero,2039.020064,2039.021336,0,,0,7.572525408e-13,0
2036028977354_Node0_Node8_Zero,2039.026334,2039.027466,0,,0,8.2283073705e-13,0
2036033078566_Node0_Node8_Zero,2039.03635,2039.03635,1,Expiry,0,1.2806257359563218e-12,nan
2036037180312_Node0_Node8_Zero,2039.03635,2039.037642,0,,1,9.271759576334939e-13,0
2036045382703_Node0_Node8_Zero,2039.043505,2039.044676,0,,0,7.680953784023101e-14,5.333995683349376e-14
2036061778965_Node0_Node8_Zero,2039.06099,2039.062361,0,,1,8.980300926334938e-13,0
2036102773226_Node0_Node8_Zero,2039.102095,2039.103466,0,,0,8.2283073705e-13,0
2036110966138_Node0_Node8_Zero,2039.111358,2039.111358,1,Expiry,0,1.2683319783692854e-12,nan
2036123268048_Node0_Node8_Zero,2039.119471,2039.122564,0,,0,8.2283073705e-13,4.19700456e-14
2036127365179_Node0_Node8_Zero,2039.123617,2039.1258,0,,46,7.863984058e-13,0
2036131461123_Node0_Node8_Zero,2039.129378,2039.130669,0,,1,9.221817906624745e-13,0
2036201130116_Node0_Node8_Zero,2039.20371,2039.20371,1,Expiry,0,1.3142798889527386e-12,nan
2036205224664_Node0_Node8_Zero,2039.20578,2039.20578,1,Expiry,0,4.19700456e-14,nan
2036209322802_Node0_Node8_Zero,2039.20578,2039.207011,0,,0,1.1658346e-13,3.062560481121452e-14
2036217516844_Node0_Node8_Zero,2039.210913,2039.213175,0,,0,4.1684850993041984e-14,3.062560481121452e-14
2036225718942_Node0_Node8_Zero,2039.227991,2039.227991,1,Expiry,0,1.2477301036967114e-12,nan
2036229816890_Node0_Node8_Zero,2039.231885,2039.231885,1,Expiry,0,1.3142798889527386e-12,nan
2036238010149_Node0_Node8_Zero,2039.231885,2039.234902,0,,89,8.045808246e-13,0
2036233912705_Node0_Node8_Zero,2039.233775,2039.238693,0,,48,8.2283073705e-13,4.19700456e-14
2036246202452_Node0_Node8_Zero,2039.233775,2039.238693,0,,48,8.2283073705e-13,4.19700456e-14
2036274888075_Node0_Node8_Zero,2039.277562,2039.277562,1,Expiry,0,1.332576162751444e-12,nan
2036303561662_Node0_Node8_Zero,2039.305617,2039.305617,1,Expiry,0,6.021324475119915e-14,nan
2036307657865_Node0_Node8_Zero,2039.308691,2039.308691,1,Expiry,0,4.2130306521422507e-14,nan
2036311755934_Node0_Node8_Zero,2039.312686,2039.312686,1,Expiry,0,1.2855310244506857e-12,nan
2036315849315_Node0_Node8_Zero,2039.312686,2039.317665,0,,1,9.069561399040837e-13,8.420827449604713e-14
2036319948787_Node0_Node8_Zero,2039.321143,2039.321143,1,Expiry,0,1.2221202390568623e-12,nan
2036324042835_Node0_Node8_Zero,2039.321143,2039.326277,0,,89,6.557819625e-14,4.19700456e-14
2036328143334_Node0_Node8_Zero,2039.325071,2039.330058,1,Expiry,92,1.0413296019831029e-12,nan
2036332240489_Node0_Node8_Zero,2039.325071,2039.343181,0,,316,7.931337694870411e-13,0
2036336341006_Node0_Node8_Zero,2039.32807,2039.345111,0,,227,7.572525408e-13,0
2036344543992_Node0_Node8_Zero,2039.32807,2039.345111,0,,227,7.572525408e-13,0
2036340444059_Node0_Node8_Zero,2039.336399,2039.344262,1,Expiry,89,0,nan
2036348645660_Node0_Node8_Zero,2039.336399,2039.349037,0,,177,3.33398553142353e-14,2.449458757780553e-14
2036356848305_Node0_Node8_Zero,2039.340217,2039.349037,0,,88,3.33398553142353e-14,2.449458757780553e-14
2036360942640_Node0_Node8_Zero,2039.340217,2039.35212,0,,134,7.572525408e-13,0
2036365038369_Node0_Node8_Zero,2039.346925,2039.35212,0,,46,7.572525408e-13,0
2036369139437_Node0_Node8_Zero,2039.346925,2039.35329,0,,46,7.572525408e-13,0
2036410114062_Node0_Node8_Zero,2039.40939,2039.410621,0,,0,8.156133992232006e-13,0
2036418303103_Node0_Node8_Zero,2039.417883,2039.418995,0,,0,3.343782010463059e-14,2.456656170952451e-14
2036483865784_Node0_Node8_Zero,2039.48374,2039.484811,0,,0,6.557819625e-14,4.19700456e-14
2036524854780_Node0_Node8_Zero,2039.52535,2039.52535,1,Expiry,0,1.2305791545609242e-12,nan
2036533054590_Node0_Node8_Zero,2039.531446,2039.532678,0,,0,1.1658346e-13,6.557819625e-14
2036574026132_Node0_Node8_Zero,2039.575067,2039.575067,1,Expiry,0,1.346260727187771e-12,nan
2036578121497_Node0_Node8_Zero,2039.576997,2039.579008,0,,0,7.572525408e-13,0
2036582219474_Node0_Node8_Zero,2039.576997,2039.579008,0,,0,7.572525408e-13,0
2036590423785_Node0_Node8_Zero,2039.585109,2039.587141,0,,1,8.980300926334938e-13,0
2036594522637_Node0_Node8_Zero,2039.585109,2039.587141,0,,1,8.980300926334938e-13,0
2036615010807_Node0_Node8_Zero,2039.616369,2039.616369,1,Expiry,0,1.319842947561503e-12,nan
2036619112939_Node0_Node8_Zero,2039.616369,2039.61744,0,,0,8.738360007999999e-13,0
2036651904484_Node0_Node8_Zero,2039.650638,2039.651749,0,,0,7.572525408e-13,0
2036656001413_Node0_Node8_Zero,2039.667113,2039.667113,1,Expiry,0,3.9898794703775013e-14,nan
2036660103156_Node0_Node8_Zero,2039.667113,2039.667113,1,Expiry,0,3.9898794703775013e-14,nan
2036668303924_Node0_Node8_Zero,2039.668163,2039.669294,0,,0,4.19700456e-14,2.9145865e-14
2036672406549_Node0_Node8_Zero,2039.675349,2039.675349,1,Expiry,0,1.2473098926663352e-12,nan
2036676507855_Node0_Node8_Zero,2039.675349,2039.67658,0,,0,7.992225864e-13,0
2036680605959_Node0_Node8_Zero,2039.680337,2039.684372,0,,0,1.4684042073269987e-13,3.0952878260636945e-14
2036684708882_Node0_Node8_Zero,2039.680337,2039.684372,0,,0,1.4684042073269987e-13,3.0952878260636945e-14
2036692904726_Node0_Node8_Zero,2039.687967,2039.690078,0,,0,5.997697989918622e-14,4.165068048554598e-14
2036688803989_Node0_Node8_Zero,2039.687967,2039.690078,0,,0,5.997697989918622e-14,4.165068048554598e-14
2036697005527_Node0_Node8_Zero,2039.703095,2039.703095,1,Expiry,0,1.266997966501444e-12,nan
2036705210721_Node0_Node8_Zero,2039.703095,2039.70923,0,,136,7.572525408e-13,0
2036717506803_Node0_Node8_Zero,2039.70619,2039.715007,0,,179,7.572525408e-13,0
2036721607440_Node0_Node8_Zero,2039.70808,2039.715007,0,,90,7.572525408e-13,0
2036725701254_Node0_Node8_Zero,2039.70808,2039.718971,0,,179,3.3016919693359e-14,0
2036729794961_Node0_Node8_Zero,2039.713013,2039.718971,0,,90,3.3016919693359e-14,0
2036733892643_Node0_Node8_Zero,2039.713013,2039.722094,0,,178,3.2035700373916964e-14,0
2036979832900_Node0_Node8_Zero,2039.980479,2039.980479,1,Expiry,0,1.11482933625e-12,nan
2036996233667_Node0_Node8_Zero,2039.994443,2039.995614,0,,0,8.2283073705e-13,0
2037061809971_Node0_Node8_Zero,2040.060412,2040.061683,0,,0,8.2283073705e-13,0
2037078198851_Node0_Node8_Zero,2040.07714,2040.078451,0,,0,1.1658346e-13,0
2037086394894_Node0_Node8_Zero,2040.08817,2040.08817,1,Expiry,0,1.2305791545609242e-12,nan
2037090492502_Node0_Node8_Zero,2040.091126,2040.091126,1,Expiry,0,1.2305791545609242e-12,nan
2037094592375_Node0_Node8_Zero,2040.091126,2040.092457,0,,0,7.572525408e-13,0
2037102786532_Node0_Node8_Zero,2040.093409,2040.09478,0,,0,1.2001490287536095e-13,7.680953784023101e-14
2037106881631_Node0_Node8_Zero,2040.10637,2040.108302,0,,0,7.942079638721698e-13,0
2037110979464_Node0_Node8_Zero,2040.10637,2040.108302,0,,0,7.942079638721698e-13,0
2037115074614_Node0_Node8_Zero,2040.114939,2040.11697,0,,0,8.492563407011413e-13,5.88824319367304e-14
2037119177921_Node0_Node8_Zero,2040.114939,2040.11697,0,,0,8.492563407011413e-13,5.88824319367304e-14
2037135575070_Node0_Node8_Zero,2040.133594,2040.134686,0,,0,8.2283073705e-13,0
2037143772461_Node0_Node8_Zero,2040.141604,2040.142796,0,,0,1.1658346e-13,6.557819625e-14
2037184749331_Node0_Node8_Zero,2040.186601,2040.186601,1,Expiry,0,1.2237017420163352e-12,nan
2037188846975_Node0_Node8_Zero,2040.190354,2040.190354,1,Expiry,0,3.9898794703775013e-14,nan
2037192941628_Node0_Node8_Zero,2040.190354,2040.191585,0,,1,9.069561399040837e-13,8.420827449604713e-14
2037197040660_Node0_Node8_Zero,2040.200692,2040.200692,1,Expiry,0,1.1886091089609241e-12,nan
2037201135428_Node0_Node8_Zero,2040.200692,2040.203747,0,,1,8.980300926334938e-13,0
2037205233663_Node0_Node8_Zero,2040.206362,2040.206362,1,Expiry,0,1.3991827099901562e-12,nan
2037209331779_Node0_Node8_Zero,2040.206362,2040.207473,0,,0,8.099489747863474e-14,0
2037221631836_Node0_Node8_Zero,2040.223565,2040.223565,1,Expiry,0,1.2208821782742345e-12,nan
2037225726291_Node0_Node8_Zero,2040.223565,2040.224696,0,,0,4.1463858914663445e-14,3.046324328424253e-14
2037229827844_Node0_Node8_Zero,2040.230392,2040.230392,1,Expiry,0,1.34843705332019e-12,nan
2037233922960_Node0_Node8_Zero,2040.230392,2040.231678,0,,1,9.08255305574533e-13,0
2037242125980_Node0_Node8_Zero,2040.235103,2040.236474,0,,0,7.572525408e-13,0
2037250321670_Node0_Node8_Zero,2040.25242,2040.25242,1,Expiry,0,1.11482933625e-12,nan
2037262616949_Node0_Node8_Zero,2040.25806,2040.259152,0,,0,6.557819625e-14,0
2037266716630_Node0_Node8_Zero,2040.264136,2040.267321,0,,1,9.11107150383228e-13,0
2037270815157_Node0_Node8_Zero,2040.273615,2040.273615,1,Expiry,0,1.169266042875361e-12,nan
2037279009143_Node0_Node8_Zero,2040.273615,2040.274846,0,,1,8.77267443675361e-13,7.680953784023101e-14
2037274912631_Node0_Node8_Zero,2040.285645,2040.285645,1,Expiry,0,1.0912211856e-12,nan
2037283111030_Node0_Node8_Zero,2040.285645,2040.285645,1,Expiry,0,1.0912211856e-12,nan
2037287212648_Node0_Node8_Zero,2040.293407,2040.293407,1,Expiry,0,1.332576162751444e-12,nan
2037291311432_Node0_Node8_Zero,2040.293407,2040.293407,1,Expiry,0,1.332576162751444e-12,nan
2037295413728_Node0_Node8_Zero,2040.297381,2040.297381,1,Expiry,0,1.089149934703775e-12,nan
2037299512777_Node0_Node8_Zero,2040.297381,2040.298693,0,,0,1.5177784795837346e-13,6.557819625e-14
2037303611597_Node0_Node8_Zero,2040.30762,2040.30762,1,Expiry,0,1.2547194379783291e-12,nan
2037307712510_Node0_Node8_Zero,2040.30762,2040.308971,0,,0,8.2283073705e-13,0
2037315908379_Node0_Node8_Zero,2040.310784,2040.318488,0,,178,7.932106274158963e-13,0
2037311811365_Node0_Node8_Zero,2040.310784,2040.318488,0,,178,7.932106274158963e-13,0
2037320002212_Node0_Node8_Zero,2040.312694,2040.320538,0,,90,3.353106001614499e-14,2.4635064501657543e-14
2037324101552_Node0_Node8_Zero,2040.312694,2040.320538,0,,90,3.353106001614499e-14,2.4635064501657543e-14
2037328200571_Node0_Node8_Zero,2040.316552,2040.323541,0,,47,7.894436801167673e-13,0
2037332299360_Node0_Node8_Zero,2040.316552,2040.323541,0,,47,7.894436801167673e-13,0
2037578231134_Node0_Node8_Zero,2040.579268,2040.579268,1,Expiry,0,1.2122490285307993e-12,nan
2037594633072_Node0_Node8_Zero,2040.594323,2040.595654,0,,0,8.2283073705e-13,4.19700456e-14
2037602834554_Node0_Node8_Zero,2040.601218,2040.60231,0,,0,7.572525408e-13,0
2037611031622_Node0_Node8_Zero,2040.611328,2040.611328,1,Expiry,0,1.206400683453777e-12,nan
2037619231204_Node0_Node8_Zero,2040.616798,2040.618169,0,,0,8.41391712e-13,0
2037660216429_Node0_Node8_Zero,2040.660085,2040.661256,0,,0,7.572525408e-13,0
2037684806506_Node0_Node8_Zero,2040.683512,2040.684643,0,,0,8.2283073705e-13,0
2037725779900_Node0_Node8_Zero,2040.727748,2040.727748,1,Expiry,0,1.11482933625e-12,nan
2037729873767_Node0_Node8_Zero,2040.727748,2040.72894,0,,0,7.572525408e-13,0
2037733969810_Node0_Node8_Zero,2040.7372,2040.7372,1,Expiry,0,1.1886091089609241e-12,nan
2037738071092_Node0_Node8_Zero,2040.7372,2040.738271,0,,0,4.19700456e-14,0
2037746271967_Node0_Node8_Zero,2040.73934,2040.740411,0,,0,8.090892751863262e-13,0
2037795451955_Node0_Node8_Zero,2040.794194,2040.795446,0,,0,7.572525408e-13,0
2037803646070_Node0_Node8_Zero,2040.801033,2040.802144,0,,0,8.2283073705e-13,0
2037844605712_Node0_Node8_Zero,2040.842324,2040.843416,0,,0,8.738360007999999e-13,0
2037861007285_Node0_Node8_Zero,2040.859564,2040.860656,0,,0,8.738360007999999e-13,0
2037865105329_Node0_Node8_Zero,2040.864341,2040.865632,0,,0,7.572525408e-13,0
2037893791671_Node0_Node8_Zero,2040.892429,2040.89362,0,,0,1.1658346e-13,6.557819625e-14
2037906083880_Node0_Node8_Zero,2040.904423,2040.905575,0,,0,1.407775518334938e-13,7.918737290634025e-14
2037910185110_Node0_Node8_Zero,2040.910051,2040.911142,0,,1,9.271759576334939e-13,0
2037918389571_Node0_Node8_Zero,2040.917049,2040.91818,0,,0,8.392680532027491e-13,0
2037930682561_Node0_Node8_Zero,2040.925145,2040.926277,0,,0,7.572525408e-13,0
2037934778952_Node0_Node8_Zero,2040.932418,2040.93349,0,,1,9.081416671540028e-13,0
2037942976863_Node0_Node8_Zero,2040.940689,2040.942021,0,,1,9.081416671540028e-13,0
2037955271633_Node0_Node8_Zero,2040.958576,2040.958576,1,Expiry,0,6.557819625e-14,nan
2037959366060_Node0_Node8_Zero,2040.958576,2040.961632,0,,89,6.557819625e-14,4.19700456e-14
2037963461371_Node0_Node8_Zero,2040.960446,2040.963762,0,,1,8.2283073705e-13,0
2037971664961_Node0_Node8_Zero,2040.960446,2040.963762,0,,1,8.2283073705e-13,0
2037979862523_Node0_Node8_Zero,2040.978965,2040.982041,0,,89,8.2283073705e-13,0
2037975759903_Node0_Node8_Zero,2040.978965,2040.978965,1,Expiry,0,1.343807504341675e-12,nan
2037983962751_Node0_Node8_Zero,2040.980943,2040.984051,0,,1,8.534253893485476e-13,0
2037988064673_Node0_Node8_Zero,2040.980943,2040.984051,0,,1,8.534253893485476e-13,0
2037996255345_Node0_Node8_Zero,2040.993658,2040.995818,0,,0,7.572525408e-13,0
2038000355257_Node0_Node8_Zero,2040.996893,2040.999177,0,,46,6.042702080306975e-14,4.196320889102066e-14
2038004455340_Node0_Node8_Zero,2041.001176,2041.002327,0,,0,8.41391712e-13,0
2038012652812_Node0_Node8_Zero,2041.009526,2041.010878,0,,0,7.572525408e-13,2.9145865e-14
2038045447694_Node0_Node8_Zero,2041.044032,2041.045383,0,,0,8.738360007999999e-13,0
2038061835811_Node0_Node8_Zero,2041.061155,2041.062326,0,,0,7.572525408e-13,0
2038070032305_Node0_Node8_Zero,2041.068539,2041.06989,0,,0,8.2283073705e-13,0
2038078226252_Node0_Node8_Zero,2041.074638,2041.076895,0,,0,7.572525408e-13,2.585710135717233e-14
2038074127624_Node0_Node8_Zero,2041.080401,2041.080401,1,Expiry,0,1.1886091089609241e-12,nan
2038086413836_Node0_Node8_Zero,2041.084216,2041.085407,0,,0,7.931205808582852e-13,2.63520294305769e-14
2038082320320_Node0_Node8_Zero,2041.084216,2041.084216,1,Expiry,0,1.1661111136928027e-12,nan
2038090513295_Node0_Node8_Zero,2041.091404,2041.091404,1,Expiry,0,1.089149934703775e-12,nan
2038094613975_Node0_Node8_Zero,2041.091404,2041.092635,0,,0,7.572525408e-13,2.585710135717233e-14
2038201184420_Node0_Node8_Zero,2041.19943,2041.200701,0,,0,7.992225864e-13,0
2038209388144_Node0_Node8_Zero,2041.205901,2041.207272,0,,0,5.951082566457995e-14,0
2038315940376_Node0_Node8_Zero,2041.314413,2041.315664,0,,1,8.980300926334938e-13,0
2038340531750_Node0_Node8_Zero,2041.340794,2041.340794,1,Expiry,0,1.2305791545609242e-12,nan
2038344626839_Node0_Node8_Zero,2041.342724,2041.344776,0,,0,8.41391712e-14,4.19700456e-14
2038348723449_Node0_Node8_Zero,2041.342724,2041.344776,0,,0,8.41391712e-14,4.19700456e-14
2038352820891_Node0_Node8_Zero,2041.354503,2041.354503,1,Expiry,0,1.1332907761294089e-12,nan
2038356920973_Node0_Node8_Zero,2041.354503,2041.355754,0,,0,6.557819625e-14,0
2038369211517_Node0_Node8_Zero,2041.369453,2041.369453,1,Expiry,0,1.3938758046486316e-12,nan
2038381495842_Node0_Node8_Zero,2041.37919,2041.380262,0,,0,7.572525408e-13,0
2038385595359_Node0_Node8_Zero,2041.386247,2041.386247,1,Expiry,0,1.332576162751444e-12,nan
2038389691375_Node0_Node8_Zero,2041.386247,2041.387418,0,,0,6.557819625e-14,4.19700456e-14
2038397893763_Node0_Node8_Zero,2041.391177,2041.392448,0,,0,7.572525408e-13,0
2038512653333_Node0_Node8_Zero,2041.512652,2041.514643,0,,0,8.161349727367304e-13,0
2038516748485_Node0_Node8_Zero,2041.512652,2041.514643,0,,0,8.161349727367304e-13,0
2038524944175_Node0_Node8_Zero,2041.524648,2041.525919,0,,0,7.572525408e-13,0
2038549533770_Node0_Node8_Zero,2041.54953,2041.550601,0,,0,8.2283073705e-13,0
2038553636296_Node0_Node8_Zero,2041.554515,2041.554515,1,Expiry,0,1.315854110125463e-12,nan
2038565927120_Node0_Node8_Zero,2041.563468,2041.564559,0,,0,8.738360007999999e-13,9.594086240539793e-14
2038574122011_Node0_Node8_Zero,2041.57493,2041.57493,1,Expiry,0,1.1971551316104172e-12,nan
2038582314218_Node0_Node8_Zero,2041.580051,2041.581382,0,,0,7.992225864e-13,0
2038651978430_Node0_Node8_Zero,2041.652051,2041.652051,1,Expiry,0,6.557819625e-14,nan
2038660182744_Node0_Node8_Zero,2041.656742,2041.658033,0,,1,8.980300926334938e-13,0
2038701172470_Node0_Node8_Zero,2041.702314,2041.702314,1,Expiry,0,6.557819625e-14,nan
2038705272885_Node0_Node8_Zero,2041.706938,2041.706938,1,Expiry,0,1.332576162751444e-12,nan
2038709373437_Node0_Node8_Zero,2041.706938,2041.708189,0,,0,8.2283073705e-13,4.19700456e-14
2038717568209_Node0_Node8_Zero,2041.71854,2041.71854,1,Expiry,0,1.313119314522014e-13,nan
2038721669432_Node0_Node8_Zero,2041.724285,2041.724285,1,Expiry,0,1.315854110125463e-12,nan
2038725769300_Node0_Node8_Zero,2041.724285,2041.725376,0,,0,1.497035991040838e-13,8.420827449604713e-14
2038738062790_Node0_Node8_Zero,2041.731543,2041.733757,0,,0,8.37695139103767e-13,5.148326291441087e-14
2038729869812_Node0_Node8_Zero,2041.731543,2041.731543,1,Expiry,0,1.3583239956468026e-12,nan
2038742159641_Node0_Node8_Zero,2041.73695,2041.738241,0,,0,8.532599220349426e-13,0
2038750352554_Node0_Node8_Zero,2041.753657,2041.753657,1,Expiry,0,1.2473098926663352e-12,nan
2038754448025_Node0_Node8_Zero,2041.755827,2041.755827,1,Expiry,0,1.089149934703775e-12,nan
2038758550688_Node0_Node8_Zero,2041.755827,2041.756918,0,,0,7.572525408e-13,0
2038762648456_Node0_Node8_Zero,2041.76834,2041.76834,1,Expiry,0,4.162334407954917e-14,nan
2038766745405_Node0_Node8_Zero,2041.76834,2041.76834,1,Expiry,0,4.162334407954917e-14,nan
2038770843624_Node0_Node8_Zero,2041.77035,2041.772301,0,,0,7.863984058e-13,0
2038774943361_Node0_Node8_Zero,2041.77035,2041.772301,0,,0,7.863984058e-13,0
2038779041488_Node0_Node8_Zero,2041.774093,2041.776184,0,,0,7.572525408e-13,0
2038783139331_Node0_Node8_Zero,2041.774093,2041.776184,0,,0,7.572525408e-13,0
2038938836460_Node0_Node8_Zero,2041.938646,2041.939898,0,,0,7.572525408e-13,2.1413288571428573e-14
2038947030393_Node0_Node8_Zero,2041.947698,2041.947698,1,Expiry,0,4.19700456e-14,nan
2038955228462_Node0_Node8_Zero,2041.955679,2041.955679,1,Expiry,0,1.2177549739609242e-12,nan
2038979823242_Node0_Node8_Zero,2041.975089,2041.97644,0,,0,8.386893415453048e-13,0
2038988021518_Node0_Node8_Zero,2041.98694,2041.988151,0,,0,6.144472399036327e-14,0
2039012614090_Node0_Node8_Zero,2042.011704,2042.012875,0,,0,3.9898794703775013e-14,0
2039028998778_Node0_Node8_Zero,2042.030098,2042.030098,1,Expiry,0,6.557819625e-14,nan
2039045379809_Node0_Node8_Zero,2042.045099,2042.04647,0,,0,8.2283073705e-13,4.19700456e-14
2039110952810_Node0_Node8_Zero,2042.111527,2042.111527,1,Expiry,0,1.2261224628272786e-12,nan
2039127351563_Node0_Node8_Zero,2042.121848,2042.12322,0,,0,4.19700456e-14,2.9145865e-14
2039160119618_Node0_Node8_Zero,2042.162947,2042.162947,1,Expiry,0,1.11482933625e-12,nan
2039172413572_Node0_Node8_Zero,2042.179172,2042.179172,1,Expiry,0,1.266997966501444e-12,nan
2039176515660_Node0_Node8_Zero,2042.179172,2042.179172,1,Expiry,0,1.266997966501444e-12,nan
2039184718506_Node0_Node8_Zero,2042.182245,2042.185299,0,,0,7.572525408e-13,0
2039188813577_Node0_Node8_Zero,2042.189876,2042.189876,1,Expiry,0,1.1886091089609241e-12,nan
2039192911377_Node0_Node8_Zero,2042.189876,2042.191127,0,,0,8.738360007999999e-13,0
2039197006030_Node0_Node8_Zero,2042.194115,2042.196026,0,,0,8.2283073705e-13,0
2039201105017_Node0_Node8_Zero,2042.194115,2042.196026,0,,0,8.2283073705e-13,0
2039262571287_Node0_Node8_Zero,2042.262914,2042.262914,1,Expiry,0,1.0912211856e-12,nan
2039287154404_Node0_Node8_Zero,2042.281222,2042.282554,0,,0,8.2283073705e-13,4.19700456e-14
2039291256194_Node0_Node8_Zero,2042.291159,2042.29239,0,,0,8.2283073705e-13,0
2039344525576_Node0_Node8_Zero,2042.347877,2042.347877,1,Expiry,0,1.361625160346722e-12,nan
2039348624568_Node0_Node8_Zero,2042.347877,2042.351112,0,,0,6.557819625e-14,0
2039360914932_Node0_Node8_Zero,2042.352931,2042.354082,0,,1,8.980300926334938e-13,0
2039352718931_Node0_Node8_Zero,2042.352931,2042.352931,1,Expiry,0,1.2116057035839751e-12,nan
2039365009444_Node0_Node8_Zero,2042.35795,2042.360111,0,,0,8.738360007999999e-13,0
2039373200057_Node0_Node8_Zero,2042.364345,2042.367765,0,,47,9.31195855887528e-13,0
2039369106644_Node0_Node8_Zero,2042.366567,2042.368867,0,,1,7.572525408e-13,0
2039377299852_Node0_Node8_Zero,2042.375861,2042.378053,0,,0,1.497035991040838e-13,8.420827449604713e-14
2039381402346_Node0_Node8_Zero,2042.375861,2042.378053,0,,0,1.497035991040838e-13,8.420827449604713e-14
2039385502567_Node0_Node8_Zero,2042.384649,2042.39051,0,,0,7.572525408e-13,0
2039389602690_Node0_Node8_Zero,2042.384649,2042.39051,0,,0,7.572525408e-13,0
2039397803608_Node0_Node8_Zero,2042.392322,2042.394473,0,,0,4.198193612239669e-14,0
2039393702977_Node0_Node8_Zero,2042.392322,2042.394473,0,,0,4.198193612239669e-14,0
2039401905425_Node0_Node8_Zero,2042.402482,2042.402482,1,Expiry,0,1.11482933625e-12,nan
2039406003155_Node0_Node8_Zero,2042.402482,2042.403813,0,,1,9.08685363407462e-13,8.518096271669736e-14
2039414201065_Node0_Node8_Zero,2042.41822,2042.41822,1,Expiry,0,1.126060677840231e-12,nan
2039410101474_Node0_Node8_Zero,2042.41822,2042.41822,1,Expiry,0,1.126060677840231e-12,nan
2039422403047_Node0_Node8_Zero,2042.420163,2042.423199,0,,88,7.572525408e-13,0
2039418303473_Node0_Node8_Zero,2042.420163,2042.420163,1,Expiry,0,1.369868877837771e-12,nan
2039426502070_Node0_Node8_Zero,2042.422113,2042.425089,0,,0,7.572525408e-13,0
2039430598675_Node0_Node8_Zero,2042.422113,2042.425089,0,,0,7.572525408e-13,0
2039434695771_Node0_Node8_Zero,2042.432311,2042.434362,0,,0,7.572525408e-13,0
2039438794032_Node0_Node8_Zero,2042.432311,2042.434362,0,,0,7.572525408e-13,0
2039553525247_Node0_Node8_Zero,2042.550654,2042.551986,0,,0,8.2283073705e-13,0
2039561716109_Node0_Node8_Zero,2042.559612,2042.560903,0,,0,8.2283073705e-13,0
2039578097315_Node0_Node8_Zero,2042.579488,2042.579488,1,Expiry,0,1.359553909450497e-12,nan
2039582194795_Node0_Node8_Zero,2042.583365,2042.583365,1,Expiry,0,1.2473098926663352e-12,nan
2039586296092_Node0_Node8_Zero,2042.583365,2042.584636,0,,0,7.680953784023101e-14,5.333995683349376e-14
2039619082451_Node0_Node8_Zero,2042.618198,2042.61931,0,,0,7.992225864e-13,0
2039660076750_Node0_Node8_Zero,2042.65963,2042.660801,0,,0,7.992225864e-13,0
2039701052233_Node0_Node8_Zero,2042.701063,2042.701063,1,Expiry,0,1.2305791545609242e-12,nan
2039709250836_Node0_Node8_Zero,2042.708702,2042.709993,0,,0,8.2283073705e-13,0
2039717443547_Node0_Node8_Zero,2042.717366,2042.718618,0,,0,7.572525408e-13,0
2039766626213_Node0_Node8_Zero,2042.76615,2042.767441,0,,0,8.738360007999999e-13,0
2039774826069_Node0_Node8_Zero,2042.771824,2042.772935,0,,1,8.844975419645388e-13,8.143680074530488e-14
2039783018585_Node0_Node8_Zero,2042.781744,2042.782855,0,,0,7.572525408e-13,0
2039791222359_Node0_Node8_Zero,2042.790828,2042.792099,0,,0,7.572525408e-13,0
2039799418431_Node0_Node8_Zero,2042.797848,2042.79914,0,,0,7.572525408e-13,4.73282838e-14
2039807609678_Node0_Node8_Zero,2042.802704,2042.803795,0,,0,1.2503580446506782e-13,8.00229148576434e-14
2039811703225_Node0_Node8_Zero,2042.81983,2042.81983,1,Expiry,0,1.254187305210924e-12,nan
2039815797261_Node0_Node8_Zero,2042.81983,2042.81983,1,Expiry,0,1.254187305210924e-12,nan
2039823999542_Node0_Node8_Zero,2042.82102,2042.822191,0,,0,6.557819625e-14,4.19700456e-14
2039832188715_Node0_Node8_Zero,2042.827553,2042.828724,0,,0,7.572525408e-13,0
2039971553218_Node0_Node8_Zero,2042.9711,2042.972271,0,,0,8.2283073705e-13,0
2039979747823_Node0_Node8_Zero,2042.97815,2042.979261,0,,1,8.845251498023964e-13,0
2039983848361_Node0_Node8_Zero,2042.985536,2042.985536,1,Expiry,0,1.1886091089609241e-12,nan
2039987951260_Node0_Node8_Zero,2042.985536,2042.986667,0,,0,7.572525408e-13,0
2039992052451_Node0_Node8_Zero,2042.993327,2042.993327,1,Expiry,0,1.3999721827860253e-12,nan
2039996153246_Node0_Node8_Zero,2042.993327,2042.994398,0,,0,7.572525408e-13,0
2040016648441_Node0_Node8_Zero,2043.010236,2043.011387,0,,0,8.2283073705e-13,0
2040020744605_Node0_Node8_Zero,2043.021081,2043.021081,1,Expiry,0,1.272648745090333e-12,nan
2040033046465_Node0_Node8_Zero,2043.035576,2043.035576,1,Expiry,0,1.3938758046486316e-12,nan
2040041237577_Node0_Node8_Zero,2043.035576,2043.038732,0,,88,6.557819625e-14,0
2040037139900_Node0_Node8_Zero,2043.037626,2043.037626,1,Expiry,0,1.3124299744490564e-12,nan
2040045333366_Node0_Node8_Zero,2043.037626,2043.041035,0,,47,1.1658346e-13,0
2040053530663_Node0_Node8_Zero,2043.046423,2043.048524,0,,0,8.2283073705e-13,0
2040065816369_Node0_Node8_Zero,2043.062112,2043.065288,0,,88,8.738360007999999e-13,0
2040057624626_Node0_Node8_Zero,2043.062112,2043.062112,1,Expiry,0,1.2116057035839751e-12,nan
2040061719858_Node0_Node8_Zero,2043.064102,2043.064102,1,Expiry,0,1.2552051148316263e-12,nan
2040069912153_Node0_Node8_Zero,2043.064102,2043.073509,0,,96,7.572525408e-13,0
2040074008140_Node0_Node8_Zero,2043.077251,2043.077251,1,Expiry,0,1.332576162751444e-12,nan
2040082210168_Node0_Node8_Zero,2043.077251,2043.078382,0,,1,9.007015889397249e-13,0
2040078108180_Node0_Node8_Zero,2043.083252,2043.083252,1,Expiry,0,1.1876977569954022e-12,nan
2040086310472_Node0_Node8_Zero,2043.083252,2043.087608,0,,47,7.572525408e-13,0
2040094501747_Node0_Node8_Zero,2043.085335,2043.088878,0,,1,7.572525408e-13,2.9145865e-14
2040217439675_Node0_Node8_Zero,2043.218257,2043.218257,1,Expiry,0,1.1076119984232006e-12,nan
2040250236776_Node0_Node8_Zero,2043.248005,2043.249296,0,,0,8.143680074530488e-14,5.655333385090617e-14
2040381383181_Node0_Node8_Zero,2043.381623,2043.381623,1,Expiry,0,1.361625160346722e-12,nan
2040405976301_Node0_Node8_Zero,2043.407092,2043.407092,1,Expiry,0,6.557819625e-14,nan
2040414171411_Node0_Node8_Zero,2043.414871,2043.414871,1,Expiry,0,5.333995683349376e-14,nan
2040430563718_Node0_Node8_Zero,2043.429015,2043.430187,0,,0,7.572525408e-13,0
2040438769164_Node0_Node8_Zero,2043.436426,2043.437557,0,,0,7.572525408e-13,0
2040451054733_Node0_Node8_Zero,2043.444666,2043.445757,0,,0,8.2283073705e-13,4.19700456e-14
2040459249145_Node0_Node8_Zero,2043.453377,2043.454628,0,,0,8.533558983453605e-13,0
2040467437382_Node0_Node8_Zero,2043.468007,2043.468007,1,Expiry,0,1.348800979746722e-12,nan
2040475629165_Node0_Node8_Zero,2043.47877,2043.47877,1,Expiry,0,1.254187305210924e-12,nan
2040487923379_Node0_Node8_Zero,2043.486277,2043.487408,0,,0,7.572525408e-13,0
2040492017866_Node0_Node8_Zero,2043.496228,2043.496228,1,Expiry,0,1.332576162751444e-12,nan
2040496111451_Node0_Node8_Zero,2043.496228,2043.496228,1,Expiry,0,1.332576162751444e-12,nan
2040500207932_Node0_Node8_Zero,2043.498178,2043.500169,0,,0,7.572525408e-13,0
2040504310847_Node0_Node8_Zero,2043.498178,2043.500169,0,,0,7.572525408e-13,0
2040508412611_Node0_Node8_Zero,2043.502002,2043.503933,0,,0,1.1658346e-13,6.557819625e-14
2040512508665_Node0_Node8_Zero,2043.502002,2043.503933,0,,0,1.1658346e-13,6.557819625e-14
2040520708912_Node0_Node8_Zero,2043.510191,2043.511262,0,,0,7.941588770816679e-13,0
2040524806895_Node0_Node8_Zero,2043.52534,2043.52534,1,Expiry,0,1.274991745136593e-12,nan
2040528902881_Node0_Node8_Zero,2043.52534,2043.526592,0,,0,3.353106001614499e-14,2.4635064501657543e-14
2040553496856_Node0_Node8_Zero,2043.554531,2043.554531,1,Expiry,0,1.254187305210924e-12,nan
2040569890267_Node0_Node8_Zero,2043.570718,2043.570718,1,Expiry,0,1.2291714673191633e-12,nan
2040573989581_Node0_Node8_Zero,2043.572663,2043.576698,0,,0,8.314395998518832e-14,5.773886110082522e-14
2040578089408_Node0_Node8_Zero,2043.572663,2043.576698,0,,0,8.314395998518832e-14,5.773886110082522e-14
2040582192078_Node0_Node8_Zero,2043.583119,2043.583119,1,Expiry,0,2.9145865e-14,nan
2040586287221_Node0_Node8_Zero,2043.583119,2043.586457,0,,47,7.572525408e-13,2.70263298142595e-14
2040594490285_Node0_Node8_Zero,2043.585323,2043.587507,0,,1,7.572525408e-13,0
2040602695328_Node0_Node8_Zero,2043.601171,2043.602522,0,,0,7.572525408e-13,0
2040610890167_Node0_Node8_Zero,2043.609281,2043.610372,0,,0,6.557819625e-14,0
2040619083035_Node0_Node8_Zero,2043.614223,2043.615494,0,,0,3.9898794703775013e-14,2.931340019052858e-14
2040651862156_Node0_Node8_Zero,2043.653078,2043.653078,1,Expiry,0,1.2284438510160116e-12,nan
2040660055076_Node0_Node8_Zero,2043.659928,2043.661099,0,,0,8.143680074530488e-14,5.655333385090617e-14
2040692838514_Node0_Node8_Zero,2043.695309,2043.695309,1,Expiry,0,1.332576162751444e-12,nan
2040696941481_Node0_Node8_Zero,2043.697179,2043.697179,1,Expiry,0,6.557819625e-14,nan
2040701038687_Node0_Node8_Zero,2043.697179,2043.698471,0,,0,6.557819625e-14,0
2040709227850_Node0_Node8_Zero,2043.704388,2043.705659,0,,0,7.572525408e-13,4.19700456e-14
2040713324257_Node0_Node8_Zero,2043.71313,2043.715222,0,,0,7.572525408e-13,0
2040717423008_Node0_Node8_Zero,2043.71313,2043.715222,0,,0,7.572525408e-13,0
2040782984508_Node0_Node8_Zero,2043.783853,2043.783853,1,Expiry,0,1.0912211856e-12,nan
2040787079629_Node0_Node8_Zero,2043.787696,2043.787696,1,Expiry,0,1.254187305210924e-12,nan
2040795282376_Node0_Node8_Zero,2043.787696,2043.788927,0,,0,7.572525408e-13,0
2040799379135_Node0_Node8_Zero,2043.794108,2043.795359,0,,0,8.738360007999999e-13,6.557819625e-14
2040815780991_Node0_Node8_Zero,2043.818526,2043.818526,1,Expiry,0,1.306896761205219e-12,nan
2040823971727_Node0_Node8_Zero,2043.821631,2043.824634,0,,0,4.185386326703343e-14,3.074977709414701e-14
2040828072955_Node0_Node8_Zero,2043.826427,2043.828358,0,,0,7.572525408e-13,2.4990270316597338e-14
2040832169441_Node0_Node8_Zero,2043.826427,2043.828358,0,,0,7.572525408e-13,2.4990270316597338e-14
2040836264954_Node0_Node8_Zero,2043.835163,2043.841457,0,,94,7.572525408e-13,0
2040840359223_Node0_Node8_Zero,2043.835163,2043.841457,0,,94,7.572525408e-13,0
2040848556451_Node0_Node8_Zero,2043.838474,2043.843427,0,,48,7.572525408e-13,0
2040844459891_Node0_Node8_Zero,2043.839524,2043.843427,0,,1,7.572525408e-13,0
2040856752208_Node0_Node8_Zero,2043.857707,2043.857707,1,Expiry,0,1.2108775614163352e-12,nan
2040864945919_Node0_Node8_Zero,2043.864388,2043.865559,0,,0,6.557819625e-14,4.19700456e-14
2040873136530_Node0_Node8_Zero,2043.869663,2043.870855,0,,0,1.931080310334449e-13,1.1584512877628434e-13
2040910004490_Node0_Node8_Zero,2043.910913,2043.910913,1,Expiry,0,1.3157711962359906e-12,nan
2040914100051_Node0_Node8_Zero,2043.910913,2043.912104,0,,0,8.2283073705e-13,0
2040922297453_Node0_Node8_Zero,2043.915604,2043.916795,0,,0,7.992225864e-13,2.9145865e-14
2040930500329_Node0_Node8_Zero,2043.930434,2043.931565,0,,0,7.572525408e-13,0
2040959195176_Node0_Node8_Zero,2043.958182,2043.959333,0,,0,8.2283073705e-13,0
2040971487073_Node0_Node8_Zero,2043.969648,2043.970899,0,,0,5.3145124245601916e-14,3.6906336281668e-14
2040979688381_Node0_Node8_Zero,2043.980801,2043.980801,1,Expiry,0,1.254187305210924e-12,nan
2040987883769_Node0_Node8_Zero,2043.989763,2043.989763,1,Expiry,0,1.254187305210924e-12,nan
2040996084301_Node0_Node8_Zero,2043.996109,2043.996109,1,Expiry,0,1.332576162751444e-12,nan
2041004289643_Node0_Node8_Zero,2044.005129,2044.005129,1,Expiry,0,1.2305791545609242e-12,nan
2041020680528_Node0_Node8_Zero,2044.020717,2044.020717,1,Expiry,0,6.557819625e-14,nan
2041028883886_Node0_Node8_Zero,2044.028952,2044.028952,1,Expiry,0,1.187997552933975e-12,nan
2041053472825_Node0_Node8_Zero,2044.051024,2044.052355,0,,0,8.2283073705e-13,4.19700456e-14
2041061670939_Node0_Node8_Zero,2044.060719,2044.06187,0,,0,8.492563407011413e-13,5.88824319367304e-14
2041069862857_Node0_Node8_Zero,2044.068412,2044.069603,0,,0,8.502382059009061e-13,0
2041094459036_Node0_Node8_Zero,2044.094757,2044.094757,1,Expiry,0,1.3999721827860253e-12,nan
2041110842778_Node0_Node8_Zero,2044.10939,2044.110501,0,,0,8.2283073705e-13,0
2041119041750_Node0_Node8_Zero,2044.114685,2044.116017,0,,0,2.9145865e-14,2.1413288571428573e-14
2041155933381_Node0_Node8_Zero,2044.155213,2044.156545,0,,0,7.863984058e-13,0
2041172313150_Node0_Node8_Zero,2044.173236,2044.173236,1,Expiry,0,4.19700456e-14,nan
2041176410974_Node0_Node8_Zero,2044.176692,2044.176692,1,Expiry,0,1.2469699673841247e-12,nan
2041192801597_Node0_Node8_Zero,2044.189781,2044.190892,0,,0,7.572525408e-13,0
2041205098931_Node0_Node8_Zero,2044.204271,2044.205483,0,,0,8.2283073705e-13,0
2041213289591_Node0_Node8_Zero,2044.209199,2044.210511,0,,0,8.504973380177254e-14,0
2041221492951_Node0_Node8_Zero,2044.221193,2044.222404,0,,0,8.2283073705e-13,0
2041254292698_Node0_Node8_Zero,2044.254667,2044.254667,1,Expiry,0,1.2305791545609242e-12,nan
2041270680466_Node0_Node8_Zero,2044.270144,2044.271516,0,,0,6.557819625e-14,0
2041295271755_Node0_Node8_Zero,2044.294338,2044.295589,0,,0,7.572525408e-13,0
2041385425090_Node0_Node8_Zero,2044.388706,2044.388706,1,Expiry,0,1.332576162751444e-12,nan
2041389528160_Node0_Node8_Zero,2044.389916,2044.389916,1,Expiry,0,4.19700456e-14,nan
2041393628492_Node0_Node8_Zero,2044.393811,2044.393811,1,Expiry,0,1.266997966501444e-12,nan
2041397729798_Node0_Node8_Zero,2044.393811,2044.396906,0,,1,8.980300926334938e-13,0
2041401827559_Node0_Node8_Zero,2044.40343,2044.40343,1,Expiry,0,1.266997966501444e-12,nan
2041405923609_Node0_Node8_Zero,2044.40343,2044.407219,1,Expiry,51,2.22285874604565e-13,nan
2041410019277_Node0_Node8_Zero,2044.411832,2044.411832,1,Expiry,0,1.306896761205219e-12,nan
2041418211682_Node0_Node8_Zero,2044.411832,2044.420977,0,,137,8.738360007999999e-13,0
2041426412008_Node0_Node8_Zero,2044.413789,2044.423146,0,,50,8.738360007999999e-13,0
2041414114267_Node0_Node8_Zero,2044.413789,2044.423146,0,,50,8.738360007999999e-13,0
2041434602035_Node0_Node8_Zero,2044.428002,2044.429373,0,,1,9.277398813639027e-13,0
2041442798042_Node0_Node8_Zero,2044.434044,2044.449435,0,,232,1.1658346e-13,6.557819625e-14
2041438703229_Node0_Node8_Zero,2044.439069,2044.439069,1,Expiry,0,1.228507903664699e-12,nan
2041450992568_Node0_Node8_Zero,2044.439069,2044.454188,0,,142,7.572525408e-13,0
2041455095115_Node0_Node8_Zero,2044.442254,2044.454188,0,,48,7.572525408e-13,0
2041446895763_Node0_Node8_Zero,2044.448286,2044.448286,1,Expiry,0,1.04925114e-12,nan
2041463289750_Node0_Node8_Zero,2044.452157,2044.456138,0,,0,7.572525408e-13,0
2041459194579_Node0_Node8_Zero,2044.452157,2044.456138,0,,0,7.572525408e-13,0
2041467384790_Node0_Node8_Zero,2044.467806,2044.467806,1,Expiry,0,1.11482933625e-12,nan
2041471481410_Node0_Node8_Zero,2044.467806,2044.468897,0,,0,1.1658346e-13,6.557819625e-14
2041483770234_Node0_Node8_Zero,2044.476934,2044.478185,0,,0,7.572525408e-13,0
2041487871130_Node0_Node8_Zero,2044.484744,2044.486096,0,,0,8.738360007999999e-13,0
2041491972383_Node0_Node8_Zero,2044.492381,2044.492381,1,Expiry,0,1.266997966501444e-12,nan
2041500177392_Node0_Node8_Zero,2044.492381,2044.494463,0,,0,8.738360007999999e-13,0
2041504278237_Node0_Node8_Zero,2044.496706,2044.497937,0,,0,7.572525408e-13,4.1425884110395905e-14
2041508373000_Node0_Node8_Zero,2044.501298,2044.50255,0,,0,8.06077382774365e-13,0
2041549355685_Node0_Node8_Zero,2044.550133,2044.550133,1,Expiry,0,6.557819625e-14,nan
2041573940799_Node0_Node8_Zero,2044.574306,2044.574306,1,Expiry,0,1.3766598151534573e-12,nan
2041598526394_Node0_Node8_Zero,2044.597448,2044.598539,0,,0,6.557819625e-14,4.19700456e-14
2041606722152_Node0_Node8_Zero,2044.604821,2044.606152,0,,0,8.386893415453048e-13,0
2041737869804_Node0_Node8_Zero,2044.738541,2044.738541,1,Expiry,0,1.2719788797037768e-12,nan
2041741970441_Node0_Node8_Zero,2044.738541,2044.739752,0,,0,7.572525408e-13,0
2041750160886_Node0_Node8_Zero,2044.745608,2044.747779,0,,0,7.572525408e-13,0
2041746065674_Node0_Node8_Zero,2044.745608,2044.747779,0,,0,7.572525408e-13,0
2041832117383_Node0_Node8_Zero,2044.830998,2044.832209,0,,1,9.401603991549164e-13,0
2041840315457_Node0_Node8_Zero,2044.840816,2044.840816,1,Expiry,0,1.146027507333975e-12,nan
2041848517827_Node0_Node8_Zero,2044.84669,2044.847761,0,,0,8.40291797433753e-13,0
2041856716218_Node0_Node8_Zero,2044.854075,2044.855326,0,,1,9.209804742326719e-13,0
2041869011126_Node0_Node8_Zero,2044.865768,2044.866939,0,,0,8.738360007999999e-13,0
2041877213814_Node0_Node8_Zero,2044.869278,2044.873171,0,,48,8.2283073705e-13,0
2041881312359_Node0_Node8_Zero,2044.881492,2044.881492,1,Expiry,0,3.9898794703775013e-14,nan
2041885410095_Node0_Node8_Zero,2044.883382,2044.885533,0,,0,8.29116718788151e-13,4.599307391241669e-14
2041889509495_Node0_Node8_Zero,2044.883382,2044.885533,0,,0,8.29116718788151e-13,4.599307391241669e-14
2041893608215_Node0_Node8_Zero,2044.892332,2044.894484,0,,0,7.971513355037749e-13,0
2041897703406_Node0_Node8_Zero,2044.892332,2044.894484,0,,0,7.971513355037749e-13,0
2041905898671_Node0_Node8_Zero,2044.904445,2044.905617,0,,0,6.557819625e-14,4.19700456e-14
2041922290057_Node0_Node8_Zero,2044.923729,2044.923729,1,Expiry,0,1.332576162751444e-12,nan
2041930484346_Node0_Node8_Zero,2044.927482,2044.930697,0,,0,7.572525408e-13,3.074977709414701e-14
2041934581587_Node0_Node8_Zero,2044.932498,2044.934669,0,,0,7.932106274158963e-13,2.641818608514827e-14
2041938680827_Node0_Node8_Zero,2044.932498,2044.934669,0,,0,7.932106274158963e-13,2.641818608514827e-14
2041946869392_Node0_Node8_Zero,2044.945666,2044.946977,0,,0,7.572525408e-13,0
2041955064590_Node0_Node8_Zero,2044.95051,2044.951722,0,,0,7.572525408e-13,0
2041975543993_Node0_Node8_Zero,2044.975755,2044.975755,1,Expiry,0,6.557819625e-14,nan
2041983740571_Node0_Node8_Zero,2044.980714,2044.982085,0,,0,7.572525408e-13,0
2041991939532_Node0_Node8_Zero,2044.986326,2044.987697,0,,0,7.572525408e-13,2.931340019052858e-14
2042016530638_Node0_Node8_Zero,2045.01808,2045.01808,1,Expiry,0,1.146027507333975e-12,nan
2042020630003_Node0_Node8_Zero,2045.01808,2045.019152,0,,0,4.1509293781944986e-14,0
2042028824734_Node0_Node8_Zero,2045.029714,2045.029714,1,Expiry,0,2.9145865e-14,nan
2042057500858_Node0_Node8_Zero,2045.059149,2045.059149,1,Expiry,0,1.1751733723339751e-12,nan
2042061595219_Node0_Node8_Zero,2045.059149,2045.064268,0,,89,7.572525408e-13,0
2042065691231_Node0_Node8_Zero,2045.063113,2045.066198,0,,1,7.572525408e-13,2.6447313462411344e-14
2042069787735_Node0_Node8_Zero,2045.063113,2045.066198,0,,1,7.572525408e-13,2.6447313462411344e-14
2042397634316_Node0_Node8_Zero,2045.396242,2045.397554,0,,0,4.73282838e-14,2.9145865e-14
2042414023614_Node0_Node8_Zero,2045.412507,2045.413778,0,,0,7.572525408e-13,0
2042422220106_Node0_Node8_Zero,2045.42067,2045.421901,0,,0,7.993828473214225e-13,0
2042430422238_Node0_Node8_Zero,2045.434956,2045.434956,1,Expiry,0,6.557819625e-14,nan
2042434523243_Node0_Node8_Zero,2045.436886,2045.436886,1,Expiry,0,1.2726963568312197e-12,nan
2042438625078_Node0_Node8_Zero,2045.436886,2045.437998,0,,0,6.557819625e-14,4.19700456e-14
2042446820222_Node0_Node8_Zero,2045.442199,2045.443531,0,,0,7.98903221285546e-13,0
2042594384169_Node0_Node8_Zero,2045.593004,2045.594135,0,,0,6.557819625e-14,4.19700456e-14
2042602581884_Node0_Node8_Zero,2045.600475,2045.601666,0,,0,7.572525408e-13,0
2042618980414_Node0_Node8_Zero,2045.617616,2045.618707,0,,0,7.992225864e-13,0
2042659959989_Node0_Node8_Zero,2045.661481,2045.661481,1,Expiry,0,1.296143831501444e-12,nan
2042664063192_Node0_Node8_Zero,2045.663371,2045.665542,0,,0,7.907636708959382e-13,0
2042668160876_Node0_Node8_Zero,2045.663371,2045.665542,0,,0,7.907636708959382e-13,0
2042832107524_Node0_Node8_Zero,2045.832245,2045.832245,1,Expiry,0,1.187997552933975e-12,nan
2042840300547_Node0_Node8_Zero,2045.841167,2045.841167,1,Expiry,0,1.2305791545609242e-12,nan
2042848493890_Node0_Node8_Zero,2045.847506,2045.848698,0,,0,6.557819625e-14,4.19700456e-14
2043000118811_Node0_Node8_Zero,2046.005846,2046.005846,1,Expiry,0,1.2919401290192855e-12,nan
2043004222019_Node0_Node8_Zero,2046.005846,2046.005846,1,Expiry,0,1.2919401290192855e-12,nan
2043008317562_Node0_Node8_Zero,2046.007936,2046.010127,0,,0,8.2283073705e-13,0
2043012416143_Node0_Node8_Zero,2046.007936,2046.010127,0,,0,8.2283073705e-13,0
2043037015227_Node0_Node8_Zero,2046.034134,2046.035486,0,,0,7.572525408e-13,0
2043045212245_Node0_Node8_Zero,2046.042498,2046.04369,0,,0,8.738360007999999e-13,0
2043078001683_Node0_Node8_Zero,2046.077954,2046.084798,0,,88,6.557819625e-14,4.19700456e-14
2043082100966_Node0_Node8_Zero,2046.083701,2046.083701,1,Expiry,0,1.2235855596833685e-12,nan
2043086201232_Node0_Node8_Zero,2046.083701,2046.087893,0,,89,6.557819625e-14,0
2043090300212_Node0_Node8_Zero,2046.086804,2046.090003,0,,2,9.069561399040837e-13,0
2043094394056_Node0_Node8_Zero,2046.086804,2046.090003,0,,2,9.069561399040837e-13,0
2043118972843_Node0_Node8_Zero,2046.119356,2046.119356,1,Expiry,0,6.557819625e-14,nan
2043127172905_Node0_Node8_Zero,2046.13053,2046.13053,1,Expiry,0,1.2439042688518695e-12,nan
2043131267903_Node0_Node8_Zero,2046.1324,2046.1324,1,Expiry,0,3.9898794703775013e-14,nan
2043135368044_Node0_Node8_Zero,2046.1324,2046.133691,0,,1,9.097940874158962e-13,2.641818608514827e-14
2043139463766_Node0_Node8_Zero,2046.136832,2046.138884,0,,0,7.572525408e-13,0
2043143560955_Node0_Node8_Zero,2046.136832,2046.138884,0,,0,7.572525408e-13,0
2043147655729_Node0_Node8_Zero,2046.140697,2046.144741,0,,88,8.738360007999999e-13,0
2043151754615_Node0_Node8_Zero,2046.140697,2046.144741,0,,88,8.738360007999999e-13,0
2043159956342_Node0_Node8_Zero,2046.149765,2046.151116,0,,0,7.572525408e-13,2.931340019052858e-14
2043164049953_Node0_Node8_Zero,2046.161331,2046.163502,0,,1,9.039949449010021e-13,0
2043168147878_Node0_Node8_Zero,2046.161331,2046.163502,0,,1,9.039949449010021e-13,0
2043176351631_Node0_Node8_Zero,2046.17406,2046.175211,0,,0,6.557819625e-14,0
2043172249061_Node0_Node8_Zero,2046.17406,2046.17406,1,Expiry,0,1.2354651126540085e-12,nan
2043180454898_Node0_Node8_Zero,2046.177003,2046.180187,0,,47,7.89536043188056e-13,2.3718491550408542e-14
2043184556650_Node0_Node8_Zero,2046.177003,2046.180187,0,,47,7.89536043188056e-13,2.3718491550408542e-14
2043217345615_Node0_Node8_Zero,2046.217312,2046.218523,0,,0,7.572525408e-13,0
2043241927768_Node0_Node8_Zero,2046.242183,2046.242183,1,Expiry,0,1.308968012101444e-12,nan
2043250125730_Node0_Node8_Zero,2046.249128,2046.250399,0,,0,7.572525408e-13,5.655333385090617e-14
2043258325513_Node0_Node8_Zero,2046.256498,2046.25767,0,,0,7.572525408e-13,0
2043274715867_Node0_Node8_Zero,2046.272645,2046.273836,0,,0,6.557819625e-14,4.19700456e-14
2043323895163_Node0_Node8_Zero,2046.324115,2046.324115,1,Expiry,0,4.19700456e-14,nan
2043340288341_Node0_Node8_Zero,2046.339214,2046.340545,0,,0,8.2283073705e-13,0
2043348482827_Node0_Node8_Zero,2046.349433,2046.349433,1,Expiry,0,6.557819625e-14,nan
2043352576929_Node0_Node8_Zero,2046.354006,2046.354006,1,Expiry,0,1.348434767246749e-12,nan
2043356673062_Node0_Node8_Zero,2046.354006,2046.355197,0,,0,6.557819625e-14,4.19700456e-14
2043389471668_Node0_Node8_Zero,2046.390164,2046.390164,1,Expiry,0,1.1163651125526043e-12,nan
2043397667873_Node0_Node8_Zero,2046.397729,2046.397729,1,Expiry,0,1.2919401290192855e-12,nan
2043414052903_Node0_Node8_Zero,2046.415284,2046.415284,1,Expiry,0,1.3692268149425872e-12,nan
2043418148945_Node0_Node8_Zero,2046.419868,2046.419868,1,Expiry,0,1.3190536792051857e-12,nan
2043422252301_Node0_Node8_Zero,2046.419868,2046.421059,0,,0,7.572525408e-13,8.145446976153372e-14
2043426352845_Node0_Node8_Zero,2046.432355,2046.432355,1,Expiry,0,1.1886091089609241e-12,nan
2043430453695_Node0_Node8_Zero,2046.432355,2046.432355,1,Expiry,0,1.1886091089609241e-12,nan
2043434549646_Node0_Node8_Zero,2046.44004,2046.44004,1,Expiry,0,1.2305791545609242e-12,nan
2043438646641_Node0_Node8_Zero,2046.44004,2046.44004,1,Expiry,0,1.2305791545609242e-12,nan
2043446844186_Node0_Node8_Zero,2046.44207,2046.443982,0,,0,8.738360007999999e-13,0
2043442744001_Node0_Node8_Zero,2046.44207,2046.443982,0,,0,8.738360007999999e-13,0
2043455035452_Node0_Node8_Zero,2046.448107,2046.449198,0,,0,7.572525408e-13,4.19700456e-14
2043471427127_Node0_Node8_Zero,2046.472141,2046.472141,1,Expiry,0,1.3162710827387943e-12,nan
2043479624031_Node0_Node8_Zero,2046.479946,2046.479946,1,Expiry,0,1.332576162751444e-12,nan
2043487821441_Node0_Node8_Zero,2046.487522,2046.490738,0,,0,7.572525408e-13,2.677930777160829e-14
2043491921419_Node0_Node8_Zero,2046.49255,2046.49255,1,Expiry,0,4.2130306521422507e-14,nan
2043496020094_Node0_Node8_Zero,2046.49255,2046.493642,0,,0,8.2283073705e-13,0
2043508315823_Node0_Node8_Zero,2046.498875,2046.50287,0,,0,7.572525408e-13,0
2043500117174_Node0_Node8_Zero,2046.498875,2046.50287,0,,0,7.572525408e-13,0
2043504216487_Node0_Node8_Zero,2046.50467,2046.50467,1,Expiry,0,4.19700456e-14,nan
2043512413957_Node0_Node8_Zero,2046.50467,2046.506994,0,,47,6.195363572651812e-14,4.3023358143415364e-14
2043520615469_Node0_Node8_Zero,2046.521638,2046.521638,1,Expiry,0,4.19700456e-14,nan
2043528814174_Node0_Node8_Zero,2046.530039,2046.530039,1,Expiry,0,6.557819625e-14,nan
2043537005210_Node0_Node8_Zero,2046.535698,2046.536909,0,,0,8.179201821908484e-13,0
2043553402589_Node0_Node8_Zero,2046.552985,2046.554236,0,,0,6.557819625e-14,4.19700456e-14
2043569793091_Node0_Node8_Zero,2046.567522,2046.568713,0,,0,6.557819625e-14,0
2043565699135_Node0_Node8_Zero,2046.567522,2046.567522,1,Expiry,0,1.254187305210924e-12,nan
2043577981544_Node0_Node8_Zero,2046.577264,2046.578575,0,,0,1.1658346e-13,6.557819625e-14
2043586175468_Node0_Node8_Zero,2046.583539,2046.58461,0,,0,7.572525408e-13,0
2043594370881_Node0_Node8_Zero,2046.593823,2046.595194,0,,0,6.557819625e-14,4.19700456e-14
2043618954527_Node0_Node8_Zero,2046.617658,2046.618949,0,,0,7.572525408e-13,0
2043627157339_Node0_Node8_Zero,2046.628369,2046.628369,1,Expiry,0,1.2419490657944179e-12,nan
2043631251195_Node0_Node8_Zero,2046.632112,2046.632112,1,Expiry,0,1.3199210404131254e-12,nan
2043635348528_Node0_Node8_Zero,2046.632112,2046.633463,0,,1,8.844975419645388e-13,0
2043639448894_Node0_Node8_Zero,2046.640636,2046.640636,1,Expiry,0,1.328628106140048e-12,nan
2043643543704_Node0_Node8_Zero,2046.640636,2046.644089,0,,49,7.572525408e-13,0
2043659936767_Node0_Node8_Zero,2046.659064,2046.660295,0,,1,9.006609697448617e-13,1.1149278409080477e-13
2043668138072_Node0_Node8_Zero,2046.662198,2046.663329,0,,0,7.992225864e-13,2.9145865e-14
2043672232169_Node0_Node8_Zero,2046.669152,2046.670363,0,,0,8.2283073705e-13,0
2043676329645_Node0_Node8_Zero,2046.678548,2046.678548,1,Expiry,0,1.292450132092293e-12,nan
2043684529398_Node0_Node8_Zero,2046.679818,2046.682067,0,,0,7.999955424618513e-13,0
2043725522947_Node0_Node8_Zero,2046.728148,2046.728148,1,Expiry,0,1.266997966501444e-12,nan
2043729621709_Node0_Node8_Zero,2046.730245,2046.730245,1,Expiry,0,1.254187305210924e-12,nan
2043733721816_Node0_Node8_Zero,2046.730245,2046.731516,0,,0,7.680953784023101e-14,5.333995683349376e-14
2043737815386_Node0_Node8_Zero,2046.739043,2046.739043,1,Expiry,0,1.3187017996664092e-12,nan
2043741911833_Node0_Node8_Zero,2046.739043,2046.740154,0,,0,8.089563739649652e-13,0
2043889462276_Node0_Node8_Zero,2046.88864,2046.889912,0,,0,7.572525408e-13,0
2043905858899_Node0_Node8_Zero,2046.904878,2046.90625,0,,0,7.992225864e-13,2.9145865e-14
2043930444798_Node0_Node8_Zero,2046.93103,2046.93103,1,Expiry,0,1.189487357805211e-12,nan
2043938636186_Node0_Node8_Zero,2046.936082,2046.938496,0,,0,8.2283073705e-13,4.19700456e-14
2043959122502_Node0_Node8_Zero,2046.959709,2046.959709,1,Expiry,0,1.369868877837771e-12,nan
2043963222301_Node0_Node8_Zero,2046.959709,2046.960821,0,,0,8.738360007999999e-13,0
2043971417670_Node0_Node8_Zero,2046.965444,2046.967778,0,,0,4.2130306521422507e-14,3.0952878260636945e-14
2043967323110_Node0_Node8_Zero,2046.96878,2046.96878,1,Expiry,0,1.2108775614163352e-12,nan
2044016514247_Node0_Node8_Zero,2047.016845,2047.016845,1,Expiry,0,1.189141241728329e-12,nan
2044020614212_Node0_Node8_Zero,2047.016845,2047.021885,0,,88,7.572525408e-13,0
2044024710494_Node0_Node8_Zero,2047.020788,2047.023935,0,,0,6.557819625e-14,0
2044028806207_Node0_Node8_Zero,2047.020788,2047.023935,0,,0,6.557819625e-14,0
2044041097929_Node0_Node8_Zero,2047.048883,2047.048883,1,Expiry,0,1.1886091089609241e-12,nan
2044045195571_Node0_Node8_Zero,2047.048883,2047.048883,1,Expiry,0,1.1886091089609241e-12,nan
2044053400228_Node0_Node8_Zero,2047.052819,2047.05397,0,,0,7.572525408e-13,0
2044057498506_Node0_Node8_Zero,2047.055961,2047.059836,0,,0,7.572525408e-13,0
2044061599324_Node0_Node8_Zero,2047.055961,2047.059836,0,,0,7.572525408e-13,0
2044065700180_Node0_Node8_Zero,2047.061777,2047.06498,0,,46,7.572525408e-13,0
2044069795168_Node0_Node8_Zero,2047.061777,2047.06498,0,,46,7.572525408e-13,0
2044073897401_Node0_Node8_Zero,2047.074741,2047.074741,1,Expiry,0,1.2618412757371114e-12,nan
2044077998246_Node0_Node8_Zero,2047.074741,2047.075932,0,,0,7.572525408e-13,0
2044102596575_Node0_Node8_Zero,2047.103262,2047.103262,1,Expiry,0,1.2019028156268913e-12,nan
2044110802666_Node0_Node8_Zero,2047.111805,2047.111805,1,Expiry,0,1.2305791545609242e-12,nan
2044155882936_Node0_Node8_Zero,2047.156404,2047.156404,1,Expiry,0,1.2305791545609242e-12,nan
2044168185921_Node0_Node8_Zero,2047.167613,2047.168724,0,,0,8.2283073705e-13,0
2044176379548_Node0_Node8_Zero,2047.172811,2047.174043,0,,1,8.844975419645388e-13,0
2044184571934_Node0_Node8_Zero,2047.182291,2047.183443,0,,0,7.572525408e-13,0
2044192763925_Node0_Node8_Zero,2047.18665,2047.187782,0,,1,8.77267443675361e-13,0
2044200959820_Node0_Node8_Zero,2047.201403,2047.201403,1,Expiry,0,1.2919401290192855e-12,nan
2044205061366_Node0_Node8_Zero,2047.209531,2047.209531,1,Expiry,0,1.254187305210924e-12,nan
2044209155435_Node0_Node8_Zero,2047.209531,2047.209531,1,Expiry,0,1.254187305210924e-12,nan
2044217346139_Node0_Node8_Zero,2047.210861,2047.212193,0,,0,1.407775518334938e-13,7.918737290634025e-14
2044225542120_Node0_Node8_Zero,2047.224382,2047.225493,0,,1,1.497035991040838e-13,0
2044229639828_Node0_Node8_Zero,2047.229139,2047.23051,0,,0,8.2283073705e-13,0
2044291128286_Node0_Node8_Zero,2047.290767,2047.291918,0,,0,7.572525408e-13,0
2044311624033_Node0_Node8_Zero,2047.310491,2047.312664,0,,1,8.980300926334938e-13,0
2044315718695_Node0_Node8_Zero,2047.314679,2047.318915,0,,47,6.557819625e-14,4.19700456e-14
2044323914938_Node0_Node8_Zero,2047.317795,2047.320005,0,,2,9.271759576334939e-13,0
2044332112993_Node0_Node8_Zero,2047.324561,2047.325873,0,,0,5.951082566457995e-14,0
2044356688293_Node0_Node8_Zero,2047.35647,2047.357661,0,,0,8.2283073705e-13,0
2044373076364_Node0_Node8_Zero,2047.379406,2047.379406,1,Expiry,0,1.266997966501444e-12,nan
2044381271442_Node0_Node8_Zero,2047.380496,2047.381747,0,,1,8.980300926334938e-13,0
2044385366177_Node0_Node8_Zero,2047.388427,2047.388427,1,Expiry,0,1.169266042875361e-12,nan
2044389464205_Node0_Node8_Zero,2047.388427,2047.389678,0,,0,1.2001490287536095e-13,7.680953784023101e-14
2044397665566_Node0_Node8_Zero,2047.394372,2047.395743,0,,0,8.738360007999999e-13,0
2044401759572_Node0_Node8_Zero,2047.40343,2047.40343,1,Expiry,0,1.0912211856e-12,nan
2044405860119_Node0_Node8_Zero,2047.40343,2047.404501,0,,0,7.992225864e-13,0
2044414055546_Node0_Node8_Zero,2047.411779,2047.41291,0,,0,8.738360007999999e-13,0
2044422249501_Node0_Node8_Zero,2047.418879,2047.42001,0,,0,8.2283073705e-13,4.19700456e-14
2044426345635_Node0_Node8_Zero,2047.427046,2047.427046,1,Expiry,0,1.1886091089609241e-12,nan
2044430448589_Node0_Node8_Zero,2047.427046,2047.428418,0,,0,7.572525408e-13,0
2044438650105_Node0_Node8_Zero,2047.437741,2047.440796,0,,0,5.951082566457995e-14,4.1326962267069406e-14
2044442752610_Node0_Node8_Zero,2047.442755,2047.442755,1,Expiry,0,9.282708271358506e-14,nan
2044446848385_Node0_Node8_Zero,2047.442755,2047.443827,0,,1,9.163484903169884e-13,0
2044455049204_Node0_Node8_Zero,2047.454992,2047.456304,0,,0,8.2283073705e-13,0
2044471436177_Node0_Node8_Zero,2047.464762,2047.466053,0,,0,4.19700456e-14,2.9145865e-14
2044541111519_Node0_Node8_Zero,2047.540386,2047.541517,0,,0,6.557819625e-14,4.19700456e-14
2044549302376_Node0_Node8_Zero,2047.546884,2047.548095,0,,0,4.19700456e-14,2.9145865e-14
2044577985859_Node0_Node8_Zero,2047.5775,2047.578571,0,,0,4.73282838e-14,0
2044594379127_Node0_Node8_Zero,2047.592873,2047.594225,0,,0,8.738360007999999e-13,6.557819625e-14
2044602577295_Node0_Node8_Zero,2047.600322,2047.601694,0,,0,6.557819625e-14,4.19700456e-14
2044610775379_Node0_Node8_Zero,2047.605536,2047.606687,0,,0,7.572525408e-13,2.10347928e-14
2044618975773_Node0_Node8_Zero,2047.617041,2047.618392,0,,0,3.9898794703775013e-14,2.931340019052858e-14
2044635374730_Node0_Node8_Zero,2047.635246,2047.636597,0,,0,7.680953784023101e-14,5.333995683349376e-14
2044684548644_Node0_Node8_Zero,2047.683828,2047.685079,0,,0,8.738360007999999e-13,3.0952878260636945e-14
2044688642657_Node0_Node8_Zero,2047.691603,2047.691603,1,Expiry,0,1.2473098926663352e-12,nan
2044692745667_Node0_Node8_Zero,2047.691603,2047.694779,0,,89,6.557819625e-14,4.19700456e-14
2044696842318_Node0_Node8_Zero,2047.693653,2047.696909,0,,2,9.088085262320823e-13,0
2044700935979_Node0_Node8_Zero,2047.693653,2047.696909,0,,2,9.088085262320823e-13,0
2044705037785_Node0_Node8_Zero,2047.703522,2047.705691,1,Expiry,1,2.22285874604565e-13,nan
2044709140156_Node0_Node8_Zero,2047.703522,2047.7095,0,,50,7.572525408e-13,0
2044713235770_Node0_Node8_Zero,2047.710495,2047.711807,0,,0,8.406232398710881e-13,0
2044717332000_Node0_Node8_Zero,2047.727367,2047.727367,1,Expiry,0,1.2116057035839751e-12,nan
2044725534366_Node0_Node8_Zero,2047.727367,2047.727367,1,Expiry,0,1.2116057035839751e-12,nan
2044721431792_Node0_Node8_Zero,2047.729374,2047.729374,1,Expiry,0,5.161013040700659e-14,nan
2044729631693_Node0_Node8_Zero,2047.729374,2047.730646,0,,0,8.2283073705e-13,0
2044733732911_Node0_Node8_Zero,2047.731658,2047.732989,0,,0,7.992225864e-13,0
2044741925242_Node0_Node8_Zero,2047.740711,2047.742002,0,,0,7.863984058e-13,0
2044758327053_Node0_Node8_Zero,2047.758649,2047.758649,1,Expiry,0,1.04925114e-12,nan
2044766519781_Node0_Node8_Zero,2047.763731,2047.764942,0,,0,8.2283073705e-13,0
2044770618259_Node0_Node8_Zero,2047.773167,2047.773167,1,Expiry,0,1.2134064994870377e-12,nan
2044778810280_Node0_Node8_Zero,2047.777248,2047.778439,0,,0,7.918737290634025e-14,5.067991866005776e-14
2044787001103_Node0_Node8_Zero,2047.788031,2047.788031,1,Expiry,0,1.395640431864551e-12,nan
2044791098044_Node0_Node8_Zero,2047.788031,2047.789142,0,,0,8.502382059009061e-13,0
2044803393644_Node0_Node8_Zero,2047.801962,2047.803214,0,,0,7.572525408e-13,0
2044815689141_Node0_Node8_Zero,2047.813559,2047.81467,0,,0,7.572525408e-13,3.5774167626514634e-14
2044840278682_Node0_Node8_Zero,2047.839188,2047.840559,0,,0,7.572525408e-13,0
2044852571511_Node0_Node8_Zero,2047.854328,2047.854328,1,Expiry,0,1.228507903664699e-12,nan
2044856674278_Node0_Node8_Zero,2047.854328,2047.855539,0,,0,3.9898794703775013e-14,9.489159644052858e-14
2044860776895_Node0_Node8_Zero,2047.862716,2047.862716,1,Expiry,0,1.254187305210924e-12,nan
2044864876265_Node0_Node8_Zero,2047.862716,2047.863967,0,,0,7.572525408e-13,0
2044873066187_Node0_Node8_Zero,2047.873205,2047.873205,1,Expiry,0,1.078397005e-12,nan
2044922258168_Node0_Node8_Zero,2047.923216,2047.923216,1,Expiry,0,6.557819625e-14,nan
2044938647463_Node0_Node8_Zero,2047.937616,2047.938828,0,,0,8.738360007999999e-13,0
2044979640490_Node0_Node8_Zero,2047.979779,2047.979779,1,Expiry,0,6.557819625e-14,nan
2044987835132_Node0_Node8_Zero,2047.986744,2047.987935,0,,0,7.572525408e-13,0
2045008337888_Node0_Node8_Zero,2048.008368,2048.008368,1,Expiry,0,1.254187305210924e-12,nan
2045020630340_Node0_Node8_Zero,2048.017437,2048.018668,0,,0,8.2283073705e-13,0
2045028826034_Node0_Node8_Zero,2048.027659,2048.02883,0,,0,4.19700456e-14,0
2045086190895_Node0_Node8_Zero,2048.085863,2048.087034,0,,0,7.572525408e-13,0
2045094387729_Node0_Node8_Zero,2048.092845,2048.093936,0,,0,7.572525408e-13,5.655333385090617e-14
2045176368140_Node0_Node8_Zero,2048.17746,2048.17746,1,Expiry,0,2.9145865e-14,nan
2045184568331_Node0_Node8_Zero,2048.182396,2048.183647,0,,0,8.2283073705e-13,4.19700456e-14
2045192764574_Node0_Node8_Zero,2048.195406,2048.195406,1,Expiry,0,1.2299360712279935e-12,nan
2045196859601_Node0_Node8_Zero,2048.197276,2048.197276,1,Expiry,0,1.2520520016660117e-12,nan
2045200955541_Node0_Node8_Zero,2048.197276,2048.198647,0,,0,8.386893415453048e-13,0
2045327977099_Node0_Node8_Zero,2048.326471,2048.327723,0,,0,8.2283073705e-13,0
2045336174634_Node0_Node8_Zero,2048.334849,2048.335961,0,,0,8.502382059009061e-13,0
2045352574286_Node0_Node8_Zero,2048.353655,2048.353655,1,Expiry,0,1.250488877218956e-12,nan
2045360775801_Node0_Node8_Zero,2048.358765,2048.359856,0,,0,8.143680074530488e-14,5.655333385090617e-14
2045381265308_Node0_Node8_Zero,2048.380816,2048.381927,0,,0,7.572525408e-13,0
2045385367198_Node0_Node8_Zero,2048.382919,2048.384051,0,,0,7.572525408e-13,0
2045401743680_Node0_Node8_Zero,2048.401413,2048.402564,0,,0,8.045808246e-13,0
2045418132565_Node0_Node8_Zero,2048.415137,2048.416208,0,,0,8.2283073705e-13,0
2045422228259_Node0_Node8_Zero,2048.422896,2048.422896,1,Expiry,0,9.385618622913978e-14,nan
2045426324207_Node0_Node8_Zero,2048.422896,2048.424187,0,,0,7.572525408e-13,0
2045500086864_Node0_Node8_Zero,2048.501064,2048.501064,1,Expiry,0,1.11482933625e-12,nan
2045512375780_Node0_Node8_Zero,2048.511368,2048.512439,0,,0,7.572525408e-13,3.9188539714403574e-14
2045520570731_Node0_Node8_Zero,2048.519618,2048.520849,0,,1,9.037178533012801e-13,0
2045528761734_Node0_Node8_Zero,2048.530158,2048.530158,1,Expiry,0,1.3086240118362851e-12,nan
2045536949328_Node0_Node8_Zero,2048.536821,2048.542918,1,Expiry,89,1.04925114e-12,nan
2045541044220_Node0_Node8_Zero,2048.540603,2048.546696,0,,87,8.738360007999999e-13,0
2045545139658_Node0_Node8_Zero,2048.540603,2048.546696,0,,87,8.738360007999999e-13,0
2045549233881_Node0_Node8_Zero,2048.550853,2048.550853,1,Expiry,0,1.04925114e-12,nan
2045553330638_Node0_Node8_Zero,2048.550853,2048.552145,0,,0,7.572525408e-13,0
2045565626164_Node0_Node8_Zero,2048.565155,2048.566286,0,,0,8.738360007999999e-13,0
2045586113872_Node0_Node8_Zero,2048.581711,2048.582882,0,,1,9.137347955037749e-13,0
2045590212081_Node0_Node8_Zero,2048.586812,2048.590221,0,,47,9.029818658e-13,0
2045594315249_Node0_Node8_Zero,2048.588915,2048.59256,0,,47,7.572525408e-13,2.1413288571428573e-14
2045602508875_Node0_Node8_Zero,2048.596383,2048.597714,0,,0,7.572525408e-13,0
2045635288237_Node0_Node8_Zero,2048.635697,2048.635697,1,Expiry,0,1.3056013374895225e-12,nan
2045643478954_Node0_Node8_Zero,2048.638841,2048.640072,0,,0,7.572525408e-13,0
2045647578257_Node0_Node8_Zero,2048.64903,2048.64903,1,Expiry,0,1.106705404373436e-12,nan
2045655774556_Node0_Node8_Zero,2048.64903,2048.652225,0,,0,8.738360007999999e-13,0
2045651672662_Node0_Node8_Zero,2048.655802,2048.655802,1,Expiry,0,1.106705404373436e-12,nan
2045663967302_Node0_Node8_Zero,2048.655802,2048.657093,0,,0,7.918737290634025e-14,0
2045672171278_Node0_Node8_Zero,2048.665982,2048.667273,0,,0,7.572525408e-13,0
2045676272497_Node0_Node8_Zero,2048.671848,2048.673079,0,,0,7.572525408e-13,9.24668964831409e-14
2045684461614_Node0_Node8_Zero,2048.687792,2048.687792,1,Expiry,0,1.2863860077268828e-12,nan
2045688557911_Node0_Node8_Zero,2048.689683,2048.689683,1,Expiry,0,1.369868877837771e-12,nan
2045692653862_Node0_Node8_Zero,2048.689683,2048.690915,0,,0,7.680953784023101e-14,5.333995683349376e-14
2045696752253_Node0_Node8_Zero,2048.69821,2048.69821,1,Expiry,0,1.369868877837771e-12,nan
2045700847638_Node0_Node8_Zero,2048.69821,2048.699322,0,,0,7.572525408e-13,0
2045709042862_Node0_Node8_Zero,2048.706484,2048.707676,0,,0,8.738360007999999e-13,6.557819625e-14
2045713137327_Node0_Node8_Zero,2048.715115,2048.715115,1,Expiry,0,7.680953784023101e-14,nan
2045721339802_Node0_Node8_Zero,2048.715115,2048.716426,0,,0,8.173439629281548e-13,0
2045725436911_Node0_Node8_Zero,2048.720064,2048.721215,0,,0,6.009142212815488e-14,4.173015425566311e-14
2045791019257_Node0_Node8_Zero,2048.791557,2048.791557,1,Expiry,0,1.266997966501444e-12,nan
2045795120407_Node0_Node8_Zero,2048.793447,2048.797481,0,,0,7.572525408e-13,0
2045799217410_Node0_Node8_Zero,2048.793447,2048.797481,0,,0,7.572525408e-13,0
2045803312618_Node0_Node8_Zero,2048.799391,2048.802495,0,,46,1.497035991040838e-13,1.1098758226765541e-13
2045807406425_Node0_Node8_Zero,2048.799391,2048.802495,0,,46,1.497035991040838e-13,1.1098758226765541e-13
2045811507644_Node0_Node8_Zero,2048.812417,2048.812417,1,Expiry,0,1.04925114e-12,nan
2045815601117_Node0_Node8_Zero,2048.812417,2048.813489,0,,0,7.572525408e-13,0
2045819700720_Node0_Node8_Zero,2048.815418,2048.820385,1,Expiry,137,2.2664157692767276e-13,nan
2045823797963_Node0_Node8_Zero,2048.815418,2048.826331,0,,272,7.572525408e-13,0
2045827899854_Node0_Node8_Zero,2048.817308,2048.829363,0,,185,8.827696225417656e-13,0
2045831998608_Node0_Node8_Zero,2048.817308,2048.829363,0,,185,8.827696225417656e-13,0
2045836095726_Node0_Node8_Zero,2048.825161,2048.831246,0,,1,7.572525408e-13,0
2045844295732_Node0_Node8_Zero,2048.825161,2048.831246,0,,1,7.572525408e-13,0
2045848398307_Node0_Node8_Zero,2048.846022,2048.849957,0,,1,9.085790496499517e-13,0
2045852498463_Node0_Node8_Zero,2048.846022,2048.849957,0,,1,9.085790496499517e-13,0
2045856592815_Node0_Node8_Zero,2048.854514,2048.858794,0,,0,7.572525408e-13,0
2045860692510_Node0_Node8_Zero,2048.854514,2048.858794,0,,0,7.572525408e-13,0
2045868894779_Node0_Node8_Zero,2048.859745,2048.860857,0,,0,7.572525408e-13,0
2045864792385_Node0_Node8_Zero,2048.866514,2048.866514,1,Expiry,0,4.162334407954917e-14,nan
2045877093594_Node0_Node8_Zero,2048.866514,2048.867585,0,,0,7.942829753586345e-13,0
2045885292946_Node0_Node8_Zero,2048.887728,2048.887728,1,Expiry,0,1.2116057035839751e-12,nan
2045893492474_Node0_Node8_Zero,2048.893811,2048.893811,1,Expiry,0,1.3513977372343532e-12,nan
2045897595212_Node0_Node8_Zero,2048.895942,2048.898014,0,,0,7.572525408e-13,0
2045901690164_Node0_Node8_Zero,2048.895942,2048.898014,0,,0,7.572525408e-13,0
2046036926262_Node0_Node8_Zero,2049.037833,2049.037833,1,Expiry,0,6.557819625e-14,nan
2046049225358_Node0_Node8_Zero,2049.043747,2049.044998,0,,0,1.1658346e-13,6.557819625e-14
2046053325639_Node0_Node8_Zero,2049.052599,2049.05397,0,,0,8.143680074530488e-14,0
2046073817908_Node0_Node8_Zero,2049.073896,2049.073896,1,Expiry,0,1.3574434733986316e-12,nan
2046077913949_Node0_Node8_Zero,2049.077891,2049.078963,0,,0,8.2283073705e-13,0
2046086113281_Node0_Node8_Zero,2049.083064,2049.084215,0,,0,4.19700456e-14,2.9145865e-14
2046118905186_Node0_Node8_Zero,2049.118493,2049.119604,0,,0,8.41391712e-13,0
2046127098205_Node0_Node8_Zero,2049.12531,2049.126501,0,,0,8.105924976334937e-13,0
2046139393787_Node0_Node8_Zero,2049.139666,2049.139666,1,Expiry,0,1.2469699673841247e-12,nan
2046143495649_Node0_Node8_Zero,2049.14201,2049.143341,0,,0,8.2283073705e-13,0
2046151691485_Node0_Node8_Zero,2049.151905,2049.151905,1,Expiry,0,1.2430334097212719e-12,nan
2046155791846_Node0_Node8_Zero,2049.157835,2049.157835,1,Expiry,0,1.2502025295195904e-12,nan
2046159887059_Node0_Node8_Zero,2049.157835,2049.159066,0,,0,7.933671012281923e-13,0
2046233636397_Node0_Node8_Zero,2049.233352,2049.234483,0,,0,8.2283073705e-13,0
2046258218503_Node0_Node8_Zero,2049.26243,2049.26243,1,Expiry,0,1.3456176438548402e-12,nan
2046262318261_Node0_Node8_Zero,2049.268329,2049.268329,1,Expiry,0,1.2934759053218897e-12,nan
2046266417958_Node0_Node8_Zero,2049.268329,2049.268329,1,Expiry,0,1.2934759053218897e-12,nan
2046274618708_Node0_Node8_Zero,2049.270299,2049.27227,0,,0,7.935917439132821e-13,2.6698190042411384e-14
2046270517785_Node0_Node8_Zero,2049.270299,2049.27227,0,,0,7.935917439132821e-13,2.6698190042411384e-14
2046299206441_Node0_Node8_Zero,2049.297,2049.298292,0,,0,6.557819625e-14,4.19700456e-14
2046307394918_Node0_Node8_Zero,2049.305177,2049.306468,0,,0,7.863984058e-13,0
2046356585310_Node0_Node8_Zero,2049.355178,2049.35643,0,,0,7.572525408e-13,0
2046360679531_Node0_Node8_Zero,2049.36024,2049.361532,0,,0,1.272450011645389e-13,0
2046368877146_Node0_Node8_Zero,2049.370774,2049.370774,1,Expiry,0,6.557819625e-14,nan
2046377069700_Node0_Node8_Zero,2049.370774,2049.372086,0,,0,7.572525408e-13,0
2046479532875_Node0_Node8_Zero,2049.477663,2049.478994,0,,0,5.3145124245601916e-14,3.6906336281668e-14
2046483632988_Node0_Node8_Zero,2049.484265,2049.484265,1,Expiry,0,1.254187305210924e-12,nan
2046491826168_Node0_Node8_Zero,2049.489629,2049.49088,0,,1,9.137347955037749e-13,0
2046635275206_Node0_Node8_Zero,2049.635161,2049.636492,0,,0,1.1658346e-13,6.557819625e-14
2046643467324_Node0_Node8_Zero,2049.640878,2049.642229,0,,1,8.980300926334938e-13,0
2046754141894_Node0_Node8_Zero,2049.752663,2049.753775,0,,0,8.2283073705e-13,4.19700456e-14
2046762345674_Node0_Node8_Zero,2049.765435,2049.765435,1,Expiry,0,8.137000571005444e-14,nan
2046766448166_Node0_Node8_Zero,2049.765435,2049.766626,0,,0,8.386225465100544e-13,0
2046770543934_Node0_Node8_Zero,2049.770811,2049.770811,1,Expiry,0,1.2316537312453175e-12,nan
2046774646860_Node0_Node8_Zero,2049.770811,2049.771962,0,,1,9.088085262320823e-13,0
2046782841738_Node0_Node8_Zero,2049.780205,2049.781396,0,,0,8.738360007999999e-13,6.557819625e-14
2046791040507_Node0_Node8_Zero,2049.788401,2049.789732,0,,0,8.738360007999999e-13,0
2046799232768_Node0_Node8_Zero,2049.795451,2049.796542,0,,1,9.037203996756951e-13,0
2046795135893_Node0_Node8_Zero,2049.798555,2049.798555,1,Expiry,0,1.254187305210924e-12,nan
2046811531708_Node0_Node8_Zero,2049.801457,2049.802808,0,,0,8.2283073705e-13,4.19700456e-14
2046815626864_Node0_Node8_Zero,2049.812907,2049.813998,0,,0,8.738360007999999e-13,0
2046827915833_Node0_Node8_Zero,2049.822846,2049.824057,0,,0,1.45729325e-13,8.699148482142857e-14
2046856598447_Node0_Node8_Zero,2049.853972,2049.855064,0,,0,8.621181229134443e-13,0
2046864790344_Node0_Node8_Zero,2049.863131,2049.866287,0,,89,9.453011580799577e-13,0
2046860693880_Node0_Node8_Zero,2049.865021,2049.865021,1,Expiry,0,1.2246068411736506e-12,nan
2046868892566_Node0_Node8_Zero,2049.865021,2049.867486,0,,2,8.77267443675361e-13,0
2046872993002_Node0_Node8_Zero,2049.87619,2049.87619,1,Expiry,0,1.2869546757985053e-12,nan
2046881184908_Node0_Node8_Zero,2049.878303,2049.879374,0,,0,7.572525408e-13,0
2046877087948_Node0_Node8_Zero,2049.878303,2049.878303,1,Expiry,0,1.4251598002708145e-12,nan
2046885278851_Node0_Node8_Zero,2049.881285,2049.884449,0,,46,8.19262884699791e-13,4.55586200080097e-14
2046889376241_Node0_Node8_Zero,2049.881285,2049.884449,0,,46,8.19262884699791e-13,4.55586200080097e-14
2046893477221_Node0_Node8_Zero,2049.892471,2049.896346,0,,0,8.555981076375812e-13,0
2046897571447_Node0_Node8_Zero,2049.892471,2049.896346,0,,0,8.555981076375812e-13,0
2046901672208_Node0_Node8_Zero,2049.898249,2049.901473,0,,47,4.199394196913756e-14,3.085269205895821e-14
2046905773246_Node0_Node8_Zero,2049.898249,2049.901473,0,,47,4.199394196913756e-14,3.085269205895821e-14
2046909867082_Node0_Node8_Zero,2049.912458,2049.912458,1,Expiry,0,5.376629901152922e-14,nan
2046913964347_Node0_Node8_Zero,2049.917438,2049.917438,1,Expiry,0,1.092008643335614e-12,nan
2046918060248_Node0_Node8_Zero,2049.917438,2049.91869,0,,1,9.442748955892223e-13,1.1256265486269766e-13
2046922159464_Node0_Node8_Zero,2049.921333,2049.923244,0,,0,7.572525408e-13,0
2046926253005_Node0_Node8_Zero,2049.921333,2049.923244,0,,0,7.572525408e-13,0
2046930348994_Node0_Node8_Zero,2049.924415,2049.926639,0,,47,7.572525408e-13,4.1353758082499004e-14
2046938543710_Node0_Node8_Zero,2049.933602,2049.935793,0,,0,1.4426485145360837e-13,1.0700608029982704e-13
2046934443313_Node0_Node8_Zero,2049.933602,2049.935793,0,,0,1.4426485145360837e-13,1.0700608029982704e-13
2046979523286_Node0_Node8_Zero,2049.978079,2049.97923,0,,0,6.557819625e-14,0
2047004112698_Node0_Node8_Zero,2050.004597,2050.004597,1,Expiry,0,1.2654186468011551e-12,nan
2047012310625_Node0_Node8_Zero,2050.00867,2050.009981,0,,0,8.2283073705e-13,0
2047016404258_Node0_Node8_Zero,2050.020641,2050.020641,1,Expiry,0,1.2257150077219605e-12,nan
2047020499576_Node0_Node8_Zero,2050.020641,2050.020641,1,Expiry,0,1.2257150077219605e-12,nan
2047024596180_Node0_Node8_Zero,2050.022511,2050.024503,0,,0,7.572525408e-13,0
2047028698116_Node0_Node8_Zero,2050.022511,2050.024503,0,,0,7.572525408e-13,0
2047032800216_Node0_Node8_Zero,2050.034224,2050.034224,1,Expiry,0,1.0918953547669794e-12,nan
2047036895082_Node0_Node8_Zero,2050.034224,2050.03734,0,,88,5.901415718672143e-14,4.098205360188988e-14
2047040993829_Node0_Node8_Zero,2050.036264,2050.03949,0,,0,7.572525408e-13,8.266887057365116e-14
2047045095070_Node0_Node8_Zero,2050.036264,2050.03949,0,,0,7.572525408e-13,8.266887057365116e-14
2047053293464_Node0_Node8_Zero,2050.050508,2050.052599,0,,0,1.457984534232007e-13,8.201163005055039e-14
2047057394642_Node0_Node8_Zero,2050.050508,2050.052599,0,,0,1.457984534232007e-13,8.201163005055039e-14
2047061495098_Node0_Node8_Zero,2050.060541,2050.061612,0,,0,8.382474382786348e-13,0
2047073790704_Node0_Node8_Zero,2050.074918,2050.074918,1,Expiry,0,1.1886091089609241e-12,nan
2047081989074_Node0_Node8_Zero,2050.074918,2050.078153,0,,0,3.351113009593825e-14,0
2047086090428_Node0_Node8_Zero,2050.079975,2050.081186,0,,0,7.572525408e-13,0
2047077887979_Node0_Node8_Zero,2050.079975,2050.079975,1,Expiry,0,1.2226523718242672e-12,nan
2047241818224_Node0_Node8_Zero,2050.239265,2050.240336,0,,0,8.2283073705e-13,0
2047254116304_Node0_Node8_Zero,2050.256212,2050.256212,1,Expiry,0,1.2177549739609242e-12,nan
2047258213448_Node0_Node8_Zero,2050.256212,2050.257583,0,,0,7.863984058e-13,0
2047356566477_Node0_Node8_Zero,2050.35513,2050.356301,0,,0,7.992225864e-13,0
2047377050512_Node0_Node8_Zero,2050.374125,2050.375297,0,,0,6.557819625e-14,4.19700456e-14
2047381150376_Node0_Node8_Zero,2050.381484,2050.381484,1,Expiry,0,1.313644913425992e-12,nan
2047389338778_Node0_Node8_Zero,2050.389135,2050.390246,0,,0,7.572525408e-13,0
2047405727031_Node0_Node8_Zero,2050.406776,2050.406776,1,Expiry,0,1.369868877837771e-12,nan
2047409827861_Node0_Node8_Zero,2050.406776,2050.407867,0,,0,8.2283073705e-13,0
2047418030169_Node0_Node8_Zero,2050.413699,2050.41493,0,,0,7.572525408e-13,0
2047430325056_Node0_Node8_Zero,2050.429746,2050.430817,0,,0,6.557819625e-14,4.19700456e-14
2047434427504_Node0_Node8_Zero,2050.434955,2050.434955,1,Expiry,0,4.1326962267069406e-14,nan
2047438524095_Node0_Node8_Zero,2050.434955,2050.438139,0,,0,7.572525408e-13,0
2047442619113_Node0_Node8_Zero,2050.439969,2050.443073,0,,46,7.572525408e-13,0
2047450811127_Node0_Node8_Zero,2050.439969,2050.443073,0,,46,7.572525408e-13,0
2047454905757_Node0_Node8_Zero,2050.448281,2050.449452,0,,0,8.382197425992594e-13,5.1819009151526027e-14
2047459005064_Node0_Node8_Zero,2050.455885,2050.457236,0,,0,1.6804517060229482e-13,0
2047467203844_Node0_Node8_Zero,2050.461203,2050.46531,0,,49,8.2283073705e-13,0
2047471306236_Node0_Node8_Zero,2050.470791,2050.471963,0,,0,7.971513355037749e-13,0
2047475399863_Node0_Node8_Zero,2050.476907,2050.476907,1,Expiry,0,1.089149934703775e-12,nan
2047479494351_Node0_Node8_Zero,2050.476907,2050.481947,0,,89,8.885644722522014e-13,0
2047483596996_Node0_Node8_Zero,2050.48081,2050.483946,0,,1,7.932106274158963e-13,0
2047487690554_Node0_Node8_Zero,2050.48081,2050.483946,0,,1,7.932106274158963e-13,0
2047495888611_Node0_Node8_Zero,2050.489138,2050.49037,0,,0,8.502382059009061e-13,0
2047504080016_Node0_Node8_Zero,2050.501875,2050.502946,0,,0,7.572525408e-13,0
2047499985220_Node0_Node8_Zero,2050.501875,2050.501875,1,Expiry,0,1.3580021371860253e-12,nan
2047508177788_Node0_Node8_Zero,2050.509634,2050.509634,1,Expiry,0,8.3039256633753e-14,nan
2047512280321_Node0_Node8_Zero,2050.509634,2050.510925,0,,0,7.572525408e-13,0
2047516376439_Node0_Node8_Zero,2050.517122,2050.517122,1,Expiry,0,1.2274809665186745e-12,nan
2047520475613_Node0_Node8_Zero,2050.517122,2050.518394,0,,0,3.5991812321227034e-14,2.6442964154370883e-14
2047532778188_Node0_Node8_Zero,2050.526815,2050.528046,0,,0,7.572525408e-13,0
2047754076130_Node0_Node8_Zero,2050.754755,2050.754755,1,Expiry,0,4.19700456e-14,nan
2047762273041_Node0_Node8_Zero,2050.762285,2050.762285,1,Expiry,0,1.106705404373436e-12,nan
2047770465312_Node0_Node8_Zero,2050.770932,2050.770932,1,Expiry,0,2.9145865e-14,nan
2047778666587_Node0_Node8_Zero,2050.777164,2050.778336,0,,0,7.572525408e-13,3.036266615539793e-14
2047786865358_Node0_Node8_Zero,2050.787565,2050.787565,1,Expiry,0,1.254187305210924e-12,nan
2047795063821_Node0_Node8_Zero,2050.791689,2050.7928,0,,0,7.572525408e-13,5.836085842320063e-14
2047836045641_Node0_Node8_Zero,2050.835785,2050.837056,0,,0,1.4626155000520028e-13,8.227212187792516e-14
2047844241414_Node0_Node8_Zero,2050.840534,2050.841865,0,,0,8.2283073705e-13,0
2047852439761_Node0_Node8_Zero,2050.856459,2050.856459,1,Expiry,0,1.272648745090333e-12,nan
2047856537557_Node0_Node8_Zero,2050.858643,2050.858643,1,Expiry,0,1.205538332998555e-12,nan
2047860634727_Node0_Node8_Zero,2050.858643,2050.860014,0,,0,2.9145865e-14,2.1413288571428573e-14
2047864730902_Node0_Node8_Zero,2050.867028,2050.867028,1,Expiry,0,1.3272943765028234e-12,nan
2047868833868_Node0_Node8_Zero,2050.867028,2050.868319,0,,0,7.572525408e-13,5.148326291441087e-14
2047877026484_Node0_Node8_Zero,2050.873699,2050.876855,0,,89,5.88824319367304e-14,4.089057773384056e-14
2047872928819_Node0_Node8_Zero,2050.875749,2050.875749,1,Expiry,0,1.2406141283530655e-12,nan
2047885218487_Node0_Node8_Zero,2050.875749,2050.879178,0,,48,4.828472642324879e-14,0
2047926210743_Node0_Node8_Zero,2050.924156,2050.925287,0,,0,8.2283073705e-13,0
2047934405670_Node0_Node8_Zero,2050.932666,2050.933797,0,,0,8.375008723922371e-13,0
2047942598405_Node0_Node8_Zero,2050.94037,2050.941561,0,,0,7.572525408e-13,0
2047954889911_Node0_Node8_Zero,2050.954631,2050.955882,0,,0,8.032456147124167e-13,0
2047963091233_Node0_Node8_Zero,2050.961594,2050.962885,0,,0,8.09572749767772e-13,0
2047975381949_Node0_Node8_Zero,2050.972785,2050.974077,0,,0,8.2283073705e-13,0
2047983577187_Node0_Node8_Zero,2050.98543,2050.98543,1,Expiry,0,6.557819625e-14,nan
2047991768185_Node0_Node8_Zero,2050.9876,2050.989511,0,,0,3.6186589471103823e-14,2.65860657338722e-14
2047987673432_Node0_Node8_Zero,2050.9876,2050.989511,0,,0,3.6186589471103823e-14,2.65860657338722e-14
2047999967900_Node0_Node8_Zero,2050.998691,2050.999782,0,,0,7.572525408e-13,0
2048040955110_Node0_Node8_Zero,2051.040292,2051.041363,0,,0,8.2283073705e-13,0
2048049154685_Node0_Node8_Zero,2051.046579,2051.04787,0,,0,8.386893415453048e-13,5.655333385090617e-14
2048196694737_Node0_Node8_Zero,2051.193874,2051.195185,0,,1,8.980300926334938e-13,0
2048204896420_Node0_Node8_Zero,2051.198748,2051.200019,0,,0,6.557819625e-14,4.19700456e-14
2048213095221_Node0_Node8_Zero,2051.211858,2051.213169,0,,0,7.572525408e-13,8.734052448957575e-14
2048221292655_Node0_Node8_Zero,2051.2183,2051.222229,1,Expiry,50,2.2621333540362467e-13,nan
2048229496617_Node0_Node8_Zero,2051.228004,2051.231357,0,,49,1.699234168334938e-13,1.0060066147776882e-13
2048237691861_Node0_Node8_Zero,2051.234736,2051.236107,0,,0,7.572525408e-13,0
2048245892106_Node0_Node8_Zero,2051.246509,2051.246509,1,Expiry,0,1.274403516071103e-12,nan
2048258186672_Node0_Node8_Zero,2051.263974,2051.263974,1,Expiry,0,1.3403409066707076e-12,nan
2048262280457_Node0_Node8_Zero,2051.263974,2051.263974,1,Expiry,0,1.3403409066707076e-12,nan
2048266377446_Node0_Node8_Zero,2051.267483,2051.267483,1,Expiry,0,1.1777038925806699e-12,nan
2048270477017_Node0_Node8_Zero,2051.267483,2051.268854,0,,0,1.1658346e-13,0
2048278673495_Node0_Node8_Zero,2051.278821,2051.278821,1,Expiry,0,1.04925114e-12,nan
2048274578581_Node0_Node8_Zero,2051.278821,2051.278821,1,Expiry,0,1.04925114e-12,nan
2048286869983_Node0_Node8_Zero,2051.287688,2051.287688,1,Expiry,0,1.18592630203775e-12,nan
2048295058821_Node0_Node8_Zero,2051.293503,2051.296505,0,,1,9.069561399040837e-13,0
2048290964941_Node0_Node8_Zero,2051.293503,2051.293503,1,Expiry,0,1.2230586586834045e-12,nan
2048299156003_Node0_Node8_Zero,2051.299444,2051.299444,1,Expiry,0,1.3555656064723498e-12,nan
2048303252837_Node0_Node8_Zero,2051.299444,2051.300635,0,,0,7.572525408e-13,0
2048307354350_Node0_Node8_Zero,2051.305994,2051.308045,0,,0,7.863984058e-13,2.1413288571428573e-14
2048311455894_Node0_Node8_Zero,2051.305994,2051.308045,0,,0,7.863984058e-13,2.1413288571428573e-14
2048315552223_Node0_Node8_Zero,2051.315419,2051.31743,0,,0,7.572525408e-13,7.918737290634025e-14
2048319654305_Node0_Node8_Zero,2051.315419,2051.31743,0,,0,7.572525408e-13,7.918737290634025e-14
2048327859317_Node0_Node8_Zero,2051.324588,2051.325779,0,,0,7.572525408e-13,0
2048323757650_Node0_Node8_Zero,2051.324588,2051.324588,1,Expiry,0,1.2974774056129586e-12,nan
2048336062802_Node0_Node8_Zero,2051.334721,2051.336093,0,,0,1.1658346e-13,0
2048393445889_Node0_Node8_Zero,2051.392597,2051.393688,0,,0,8.2283073705e-13,0
2048401649787_Node0_Node8_Zero,2051.403494,2051.403494,1,Expiry,0,4.19700456e-14,nan
2048397547332_Node0_Node8_Zero,2051.403494,2051.403494,1,Expiry,0,4.19700456e-14,nan
2048405743725_Node0_Node8_Zero,2051.407449,2051.407449,1,Expiry,0,1.2688744222862738e-12,nan
2048409845600_Node0_Node8_Zero,2051.407449,2051.410625,0,,89,8.738360007999999e-13,6.557819625e-14
2048413942889_Node0_Node8_Zero,2051.409359,2051.412635,0,,1,8.738360007999999e-13,0
2048418038097_Node0_Node8_Zero,2051.409359,2051.412635,0,,1,8.738360007999999e-13,0
2048442635885_Node0_Node8_Zero,2051.441433,2051.442544,0,,1,9.038985090145304e-13,0
2048463119400_Node0_Node8_Zero,2051.467502,2051.467502,1,Expiry,0,1.1886091089609241e-12,nan
2048467217689_Node0_Node8_Zero,2051.471517,2051.471517,1,Expiry,0,7.680953784023101e-14,nan
2048471312030_Node0_Node8_Zero,2051.471517,2051.471517,1,Expiry,0,7.680953784023101e-14,nan
2048475413613_Node0_Node8_Zero,2051.473703,2051.477558,0,,0,7.572525408e-13,0
2048479512713_Node0_Node8_Zero,2051.473703,2051.477558,0,,0,7.572525408e-13,0
2048483615917_Node0_Node8_Zero,2051.484304,2051.484304,1,Expiry,0,1.3473536165456244e-12,nan
2048487712508_Node0_Node8_Zero,2051.484304,2051.489404,0,,89,7.572525408e-13,0
2048491811627_Node0_Node8_Zero,2051.488326,2051.491474,0,,1,7.572525408e-13,0
2048500007276_Node0_Node8_Zero,2051.488326,2051.491474,0,,1,7.572525408e-13,0
2048532790344_Node0_Node8_Zero,2051.529666,2051.530918,0,,0,4.2008908330084025e-14,3.086368775271479e-14
2048614759108_Node0_Node8_Zero,2051.614944,2051.614944,1,Expiry,0,1.2043883657571757e-12,nan
2048631154370_Node0_Node8_Zero,2051.62965,2051.630761,0,,0,8.2283073705e-13,0
2048639354068_Node0_Node8_Zero,2051.635729,2051.636841,0,,0,7.572525408e-13,0
2048655755489_Node0_Node8_Zero,2051.65661,2051.65661,1,Expiry,0,1.2261001952875051e-12,nan
2048696745853_Node0_Node8_Zero,2051.694988,2051.69636,0,,0,7.572525408e-13,2.9145865e-14
2048737715987_Node0_Node8_Zero,2051.73755,2051.738761,0,,0,8.2283073705e-13,0
2048745921267_Node0_Node8_Zero,2051.745314,2051.746525,0,,0,8.502382059009061e-13,0
2048754127292_Node0_Node8_Zero,2051.752387,2051.753619,0,,0,8.608601253049008e-14,5.978195314617366e-14
2048774621442_Node0_Node8_Zero,2051.773999,2051.77525,0,,0,7.992225864e-13,0
2048782822658_Node0_Node8_Zero,2051.781994,2051.783305,0,,0,8.2283073705e-13,0
2048791015297_Node0_Node8_Zero,2051.788813,2051.790004,0,,0,8.40291797433753e-13,0
2048823790694_Node0_Node8_Zero,2051.828388,2051.828388,1,Expiry,0,1.387534489012459e-12,nan
2048827893643_Node0_Node8_Zero,2051.830418,2051.830418,1,Expiry,0,4.19700456e-14,nan
2048836093808_Node0_Node8_Zero,2051.830418,2051.831789,0,,0,8.2283073705e-13,0
2048840196533_Node0_Node8_Zero,2051.836784,2051.837995,0,,0,9.413906219523067e-14,6.024899980494763e-14
2048852494185_Node0_Node8_Zero,2051.842174,2051.843325,0,,1,8.875192580985753e-13,0
2048856593750_Node0_Node8_Zero,2051.852024,2051.853175,0,,0,1.3438286149758012e-13,8.600503135845129e-14
2048864796936_Node0_Node8_Zero,2051.872275,2051.872275,1,Expiry,0,1.2419490657944179e-12,nan
2048868893199_Node0_Node8_Zero,2051.872275,2051.872275,1,Expiry,0,1.2419490657944179e-12,nan
2048893471294_Node0_Node8_Zero,2051.89565,2051.89565,1,Expiry,0,1.11482933625e-12,nan
2048889371929_Node0_Node8_Zero,2051.89758,2051.89758,1,Expiry,0,3.9898794703775013e-14,nan
2048897568156_Node0_Node8_Zero,2051.89758,2051.89758,1,Expiry,0,3.9898794703775013e-14,nan
2048901664975_Node0_Node8_Zero,2051.89945,2051.901401,0,,0,7.572525408e-13,0
2048905761051_Node0_Node8_Zero,2051.89945,2051.901401,0,,0,7.572525408e-13,0
2048909859647_Node0_Node8_Zero,2051.903414,2051.905325,0,,0,7.572525408e-13,0
2048913961310_Node0_Node8_Zero,2051.903414,2051.905325,0,,0,7.572525408e-13,0
2048922159243_Node0_Node8_Zero,2051.923184,2051.923184,1,Expiry,0,1.2773896837721582e-12,nan
2048926258966_Node0_Node8_Zero,2051.925354,2051.927346,0,,0,8.738360007999999e-13,0
2048930354642_Node0_Node8_Zero,2051.925354,2051.927346,0,,0,8.738360007999999e-13,0
2048946746904_Node0_Node8_Zero,2051.944428,2051.94566,0,,1,9.083122886081793e-13,8.497110814210085e-14
2048959042514_Node0_Node8_Zero,2051.952201,2051.959864,1,Expiry,97,0,nan
2048963142831_Node0_Node8_Zero,2051.957472,2051.968308,0,,2,7.572525408e-13,0
2048967242085_Node0_Node8_Zero,2051.966216,2051.968308,0,,0,7.572525408e-13,0
2048971345221_Node0_Node8_Zero,2051.966216,2051.969438,0,,0,7.572525408e-13,2.4635064501657543e-14
2049127100721_Node0_Node8_Zero,2052.125213,2052.126384,0,,0,8.2283073705e-13,0
2049135299096_Node0_Node8_Zero,2052.139936,2052.139936,1,Expiry,0,6.557819625e-14,nan
2049151696159_Node0_Node8_Zero,2052.149881,2052.151212,0,,0,7.572525408e-13,0
2049172194084_Node0_Node8_Zero,2052.174765,2052.174765,1,Expiry,0,1.2235855596833685e-12,nan
2049176288626_Node0_Node8_Zero,2052.174765,2052.175996,0,,0,4.185386326703343e-14,3.074977709414701e-14
2049180385711_Node0_Node8_Zero,2052.177829,2052.17976,0,,0,3.5995508378839506e-14,2.6445679625269842e-14
2049188579229_Node0_Node8_Zero,2052.177829,2052.17976,0,,0,3.5995508378839506e-14,2.6445679625269842e-14
2049270549581_Node0_Node8_Zero,2052.269674,2052.270925,0,,0,8.2283073705e-13,0
2049303338947_Node0_Node8_Zero,2052.302723,2052.303794,0,,0,7.572525408e-13,0
2049311534012_Node0_Node8_Zero,2052.310597,2052.311848,0,,0,8.2283073705e-13,0
2049327919917_Node0_Node8_Zero,2052.328736,2052.328736,1,Expiry,0,1.254187305210924e-12,nan
2049332022429_Node0_Node8_Zero,2052.338513,2052.338513,1,Expiry,0,1.272450011645389e-13,nan
2049336117009_Node0_Node8_Zero,2052.338513,2052.338513,1,Expiry,0,1.272450011645389e-13,nan
2049340212949_Node0_Node8_Zero,2052.340719,2052.340719,1,Expiry,0,1.3086240118362851e-12,nan
2049344308266_Node0_Node8_Zero,2052.340719,2052.34193,0,,0,7.572525408e-13,0
2049352504289_Node0_Node8_Zero,2052.34997,2052.351181,0,,1,8.77267443675361e-13,0
2049368895348_Node0_Node8_Zero,2052.366842,2052.367953,0,,0,8.738360007999999e-13,0
2049377083936_Node0_Node8_Zero,2052.371861,2052.375067,0,,47,8.738360007999999e-13,6.557819625e-14
2049372989483_Node0_Node8_Zero,2052.373963,2052.373963,1,Expiry,0,1.04925114e-12,nan
2049385274702_Node0_Node8_Zero,2052.384986,2052.386237,0,,0,5.333995683349376e-14,3.9188539714403574e-14
2049393465164_Node0_Node8_Zero,2052.393029,2052.39438,0,,0,8.2283073705e-13,0
2049418042424_Node0_Node8_Zero,2052.41645,2052.417741,0,,0,7.863984058e-13,0
2049434438742_Node0_Node8_Zero,2052.434337,2052.435629,0,,0,7.572525408e-13,0
2049442630722_Node0_Node8_Zero,2052.437772,2052.438903,0,,0,8.2283073705e-13,0
2049459027477_Node0_Node8_Zero,2052.458222,2052.459373,0,,0,8.2283073705e-13,4.19700456e-14
2049467229692_Node0_Node8_Zero,2052.468033,2052.468033,1,Expiry,0,1.254187305210924e-12,nan
2049475426387_Node0_Node8_Zero,2052.472104,2052.473415,0,,0,7.572525408e-13,2.931340019052858e-14
2049483620629_Node0_Node8_Zero,2052.482377,2052.484591,0,,0,8.386893415453048e-13,0
2049508215378_Node0_Node8_Zero,2052.506015,2052.507387,0,,0,7.572525408e-13,0
2049549206906_Node0_Node8_Zero,2052.549064,2052.550355,0,,0,2.9145865e-14,2.1413288571428573e-14
2049598384806_Node0_Node8_Zero,2052.598744,2052.598744,1,Expiry,0,1.1886091089609241e-12,nan
2049614789496_Node0_Node8_Zero,2052.613965,2052.615056,0,,0,7.572525408e-13,0
2049651675632_Node0_Node8_Zero,2052.650733,2052.652004,0,,0,8.2283073705e-13,0
2049663971463_Node0_Node8_Zero,2052.664233,2052.664233,1,Expiry,0,1.2305791545609242e-12,nan
2049668071398_Node0_Node8_Zero,2052.666363,2052.667655,0,,0,1.1658346e-13,0
2049741821581_Node0_Node8_Zero,2052.74113,2052.742341,0,,1,9.107423370816679e-13,0
2049750022735_Node0_Node8_Zero,2052.748283,2052.749614,0,,0,6.557819625e-14,0
2049758218878_Node0_Node8_Zero,2052.755211,2052.756362,0,,1,9.084573294332535e-13,0
2049766409381_Node0_Node8_Zero,2052.765847,2052.766939,0,,0,7.572525408e-13,0
2049774608928_Node0_Node8_Zero,2052.773048,2052.774179,0,,0,1.1658346e-13,6.557819625e-14
2049786891389_Node0_Node8_Zero,2052.779695,2052.781046,0,,0,8.2283073705e-13,0
2049803281016_Node0_Node8_Zero,2052.803914,2052.803914,1,Expiry,0,1.3884323841299211e-12,nan
2049827862021_Node0_Node8_Zero,2052.823022,2052.824113,0,,0,6.557819625e-14,4.19700456e-14
2049848348027_Node0_Node8_Zero,2052.850148,2052.850148,1,Expiry,0,1.2305791545609242e-12,nan
2049852442155_Node0_Node8_Zero,2052.850148,2052.851279,0,,0,4.19700456e-14,2.9145865e-14
2049856539138_Node0_Node8_Zero,2052.854961,2052.856093,0,,0,8.738360007999999e-13,6.557819625e-14
2049868840547_Node0_Node8_Zero,2052.859648,2052.86094,0,,0,7.572525408e-13,0
2049872939237_Node0_Node8_Zero,2052.86966,2052.870811,0,,0,8.738360007999999e-13,0
2049877038509_Node0_Node8_Zero,2052.875587,2052.877718,0,,0,8.3039256633753e-14,5.3145124245601916e-14
2049885233487_Node0_Node8_Zero,2052.875587,2052.877718,0,,0,8.3039256633753e-14,5.3145124245601916e-14
2049893435192_Node0_Node8_Zero,2052.892099,2052.896965,0,,88,8.2283073705e-13,0
2049889335272_Node0_Node8_Zero,2052.892099,2052.892099,1,Expiry,0,1.3042906815877709e-12,nan
2049897534421_Node0_Node8_Zero,2052.895882,2052.898915,0,,1,8.980300926334938e-13,0
2049901629540_Node0_Node8_Zero,2052.895882,2052.898915,0,,1,8.980300926334938e-13,0
2049909824419_Node0_Node8_Zero,2052.903417,2052.904589,0,,0,8.2283073705e-13,0
2049958999275_Node0_Node8_Zero,2052.957071,2052.958422,0,,0,8.2283073705e-13,0
2049963101987_Node0_Node8_Zero,2052.969385,2052.969385,1,Expiry,0,1.254187305210924e-12,nan
2049967203881_Node0_Node8_Zero,2052.969385,2052.969385,1,Expiry,0,1.254187305210924e-12,nan
2049979499143_Node0_Node8_Zero,2052.985322,2052.985322,1,Expiry,0,1.11482933625e-12,nan
2049983597660_Node0_Node8_Zero,2052.985322,2052.985322,1,Expiry,0,1.11482933625e-12,nan
2049991789598_Node0_Node8_Zero,2052.987452,2052.991528,0,,88,7.572525408e-13,0
2049987691766_Node0_Node8_Zero,2052.987452,2052.991528,0,,88,7.572525408e-13,0
2049995891322_Node0_Node8_Zero,2052.989482,2052.993598,0,,0,7.572525408e-13,2.4635064501657543e-14
2049999988616_Node0_Node8_Zero,2052.989482,2052.993598,0,,0,7.572525408e-13,2.4635064501657543e-14
2050008190349_Node0_Node8_Zero,2053.005723,2053.006975,0,,0,7.572525408e-13,0
2050057388177_Node0_Node8_Zero,2053.057334,2053.058646,0,,0,7.572525408e-13,0
2050065588526_Node0_Node8_Zero,2053.061855,2053.063126,0,,0,7.572525408e-13,0
2050073783285_Node0_Node8_Zero,2053.072628,2053.073799,0,,0,7.572525408e-13,4.1326962267069406e-14
2050081978856_Node0_Node8_Zero,2053.080576,2053.081807,0,,0,7.572525408e-13,0
2050098364432_Node0_Node8_Zero,2053.096099,2053.09729,0,,0,8.738360007999999e-13,0
2050155758666_Node0_Node8_Zero,2053.156262,2053.156262,1,Expiry,0,1.2683319783692854e-12,nan
2050184427869_Node0_Node8_Zero,2053.184813,2053.184813,1,Expiry,0,6.557819625e-14,nan
2050188529288_Node0_Node8_Zero,2053.184813,2053.186164,0,,0,7.572525408e-13,0
2050196720076_Node0_Node8_Zero,2053.190134,2053.191225,0,,0,8.412921769294089e-13,0
2050204919100_Node0_Node8_Zero,2053.204151,2053.205462,0,,0,7.572525408e-13,0
2050249995392_Node0_Node8_Zero,2053.250282,2053.250282,1,Expiry,0,1.254187305210924e-12,nan
2050254098390_Node0_Node8_Zero,2053.250282,2053.251433,0,,0,7.572525408e-13,0
2050262300043_Node0_Node8_Zero,2053.254913,2053.256184,0,,0,7.863984058e-13,0
2050278687219_Node0_Node8_Zero,2053.279521,2053.279521,1,Expiry,0,1.231111287328329e-12,nan
2050323760610_Node0_Node8_Zero,2053.32584,2053.32584,1,Expiry,0,1.1886091089609241e-12,nan
2050327858512_Node0_Node8_Zero,2053.32584,2053.327112,0,,0,7.992225864e-13,2.9145865e-14
2050360652137_Node0_Node8_Zero,2053.35836,2053.359711,0,,0,8.2283073705e-13,4.19700456e-14
2050368849381_Node0_Node8_Zero,2053.371092,2053.371092,1,Expiry,0,7.680953784023101e-14,nan
2050377045293_Node0_Node8_Zero,2053.373243,2053.374574,0,,0,7.572525408e-13,0
2050372949539_Node0_Node8_Zero,2053.373243,2053.373243,1,Expiry,0,1.369868877837771e-12,nan
2050385242890_Node0_Node8_Zero,2053.383656,2053.384968,0,,0,8.2283073705e-13,0
2050397544390_Node0_Node8_Zero,2053.395045,2053.396336,0,,0,8.41391712e-14,4.73282838e-14
2050401644704_Node0_Node8_Zero,2053.398196,2053.400127,0,,0,8.738360007999999e-13,0
2050409834977_Node0_Node8_Zero,2053.398196,2053.400127,0,,0,8.738360007999999e-13,0
2050430321122_Node0_Node8_Zero,2053.427466,2053.428798,0,,0,7.572525408e-13,0
2050434419857_Node0_Node8_Zero,2053.433705,2053.434816,0,,1,9.246618243440816e-13,0
2050442620775_Node0_Node8_Zero,2053.440118,2053.442372,0,,0,8.738360007999999e-13,0
2050459014062_Node0_Node8_Zero,2053.446263,2053.447474,0,,0,7.572525408e-13,0
2050491806069_Node0_Node8_Zero,2053.495865,2053.495865,1,Expiry,0,1.1886091089609241e-12,nan
2050495908438_Node0_Node8_Zero,2053.495865,2053.500843,0,,0,7.572525408e-13,0
2050504098149_Node0_Node8_Zero,2053.502639,2053.503711,0,,0,3.644961335580017e-14,2.677930777160829e-14
2050500004083_Node0_Node8_Zero,2053.502639,2053.502639,1,Expiry,0,1.306896761205219e-12,nan
2050512294945_Node0_Node8_Zero,2053.50568,2053.508764,0,,47,7.906486386093837e-13,0
2050508193109_Node0_Node8_Zero,2053.50568,2053.508764,0,,47,7.906486386093837e-13,0
2050516396634_Node0_Node8_Zero,2053.512228,2053.513599,0,,0,3.5892066196368355e-14,2.6369681287127774e-14
2050631147746_Node0_Node8_Zero,2053.631287,2053.631287,1,Expiry,0,1.0912211856e-12,nan
2050643449860_Node0_Node8_Zero,2053.643149,2053.64452,0,,0,7.985795030670694e-13,0
2050651641575_Node0_Node8_Zero,2053.651381,2053.652652,0,,0,8.045808246e-13,0
2050672129992_Node0_Node8_Zero,2053.671275,2053.672446,0,,0,7.572525408e-13,0
2050688535238_Node0_Node8_Zero,2053.687436,2053.68975,0,,0,7.572525408e-13,0
2050692633509_Node0_Node8_Zero,2053.690712,2053.692043,0,,0,8.2283073705e-13,0
2050700826023_Node0_Node8_Zero,2053.701813,2053.701813,1,Expiry,0,6.557819625e-14,nan
2050709027862_Node0_Node8_Zero,2053.708019,2053.70927,0,,0,8.738360007999999e-13,6.557819625e-14
2050717226249_Node0_Node8_Zero,2053.721254,2053.721254,1,Expiry,0,1.2919401290192855e-12,nan
2050721325116_Node0_Node8_Zero,2053.723144,2053.723144,1,Expiry,0,1.04925114e-12,nan
2050725419231_Node0_Node8_Zero,2053.723144,2053.724495,0,,0,7.572525408e-13,0
2050795079669_Node0_Node8_Zero,2053.794776,2053.796147,0,,0,7.572525408e-13,0
2050807379196_Node0_Node8_Zero,2053.805559,2053.806771,0,,0,8.202755485350174e-14,5.696357975937621e-14
2050815575908_Node0_Node8_Zero,2053.815045,2053.816296,0,,0,7.572525408e-13,0
2050844256994_Node0_Node8_Zero,2053.841826,2053.842917,0,,0,1.1658346e-13,6.557819625e-14
2050852446427_Node0_Node8_Zero,2053.846654,2053.850387,0,,49,8.055372672232488e-13,3.353106001614499e-14
2050860645334_Node0_Node8_Zero,2053.860483,2053.861674,0,,0,6.557819625e-14,4.19700456e-14
2050877042317_Node0_Node8_Zero,2053.877304,2053.877304,1,Expiry,0,1.2201969384299538e-12,nan
2050881136663_Node0_Node8_Zero,2053.883398,2053.883398,1,Expiry,0,7.680953784023101e-14,nan
2050885236617_Node0_Node8_Zero,2053.883398,2053.885775,0,,46,3.9898794703775013e-14,0
2050893437005_Node0_Node8_Zero,2053.884483,2053.886805,0,,0,7.971513355037749e-13,0
2050918026239_Node0_Node8_Zero,2053.918656,2053.918656,1,Expiry,0,4.19700456e-14,nan
2050950822465_Node0_Node8_Zero,2053.951153,2053.951153,1,Expiry,0,6.557819625e-14,nan
2050967214830_Node0_Node8_Zero,2053.964663,2053.965874,0,,0,6.557819625e-14,4.19700456e-14
2050983612421_Node0_Node8_Zero,2053.982449,2053.98382,0,,0,7.572525408e-13,0
2050991817107_Node0_Node8_Zero,2053.991124,2053.992215,0,,0,4.19700456e-14,2.9145865e-14
2051008204483_Node0_Node8_Zero,2054.006717,2054.007808,0,,0,8.2283073705e-13,0
2051012305774_Node0_Node8_Zero,2054.014296,2054.014296,1,Expiry,0,1.2305791545609242e-12,nan
2051016402725_Node0_Node8_Zero,2054.014296,2054.015407,0,,0,7.992225864e-13,2.9145865e-14
2051024596277_Node0_Node8_Zero,2054.016379,2054.01753,0,,0,1.272450011645389e-13,0
2051032784112_Node0_Node8_Zero,2054.03166,2054.032891,0,,0,1.45729325e-13,8.699148482142857e-14
2051040986102_Node0_Node8_Zero,2054.04115,2054.04115,1,Expiry,0,4.8541979262668787e-14,nan
2051045087995_Node0_Node8_Zero,2054.045073,2054.047045,0,,0,8.2283073705e-13,0
2051049182420_Node0_Node8_Zero,2054.045073,2054.047045,0,,0,8.2283073705e-13,0
2051053284352_Node0_Node8_Zero,2054.050568,2054.051879,0,,0,7.572525408e-13,0
2051122966775_Node0_Node8_Zero,2054.122696,2054.123947,0,,0,7.572525408e-13,0
2051131166275_Node0_Node8_Zero,2054.12975,2054.130982,0,,0,7.572525408e-13,0
2051139368613_Node0_Node8_Zero,2054.13709,2054.138462,0,,0,8.2283073705e-13,0
2051151661393_Node0_Node8_Zero,2054.15353,2054.15353,1,Expiry,0,1.2299360712279935e-12,nan
2051155756992_Node0_Node8_Zero,2054.15548,2054.157591,0,,0,7.572525408e-13,0
2051159859746_Node0_Node8_Zero,2054.15548,2054.157591,0,,0,7.572525408e-13,0
2051172157195_Node0_Node8_Zero,2054.171893,2054.173204,0,,0,7.572525408e-13,0
2051192654449_Node0_Node8_Zero,2054.193776,2054.193776,1,Expiry,0,1.308611605971272e-12,nan
2051196749345_Node0_Node8_Zero,2054.193776,2054.194947,0,,0,7.572525408e-13,0
2051229518872_Node0_Node8_Zero,2054.228667,2054.230881,0,,0,7.985795030670694e-13,0
2051237715156_Node0_Node8_Zero,2054.232001,2054.233172,0,,0,3.353106001614499e-14,2.4635064501657543e-14
2051295080829_Node0_Node8_Zero,2054.293611,2054.294782,0,,0,7.572525408e-13,0
2051319669883_Node0_Node8_Zero,2054.322538,2054.322538,1,Expiry,0,1.187997552933975e-12,nan
2051327868130_Node0_Node8_Zero,2054.32547,2054.326661,0,,0,7.572525408e-13,0
2051336059504_Node0_Node8_Zero,2054.330109,2054.33136,0,,1,8.836252265892282e-13,0
2051344262417_Node0_Node8_Zero,2054.342475,2054.343846,0,,0,8.167633664645799e-13,4.1326962267069406e-14
2051368855373_Node0_Node8_Zero,2054.369993,2054.369993,1,Expiry,0,6.557819625e-14,nan
2051405751578_Node0_Node8_Zero,2054.406474,2054.406474,1,Expiry,0,1.254187305210924e-12,nan
2051467220277_Node0_Node8_Zero,2054.466823,2054.468114,0,,0,8.2283073705e-13,4.19700456e-14
2051475420042_Node0_Node8_Zero,2054.475547,2054.475547,1,Expiry,0,1.254187305210924e-12,nan
2051516423368_Node0_Node8_Zero,2054.514575,2054.515646,0,,0,7.572525408e-13,0
2051520520266_Node0_Node8_Zero,2054.520945,2054.520945,1,Expiry,0,1.3655086664922343e-12,nan
2051524617327_Node0_Node8_Zero,2054.520945,2054.522136,0,,1,8.980300926334938e-13,0
2051528718877_Node0_Node8_Zero,2054.529471,2054.529471,1,Expiry,0,1.3180984515965536e-12,nan
2051581997541_Node0_Node8_Zero,2054.580044,2054.581276,0,,0,7.572525408e-13,0
2051598396303_Node0_Node8_Zero,2054.595771,2054.596882,0,,0,7.572525408e-13,0
2051610690013_Node0_Node8_Zero,2054.612833,2054.612833,1,Expiry,0,1.254187305210924e-12,nan
2051614784577_Node0_Node8_Zero,2054.612833,2054.614005,0,,0,7.572525408e-13,0
2051631176497_Node0_Node8_Zero,2054.629204,2054.630456,0,,0,4.1469990401936825e-14,3.0467748050402567e-14
2051635271048_Node0_Node8_Zero,2054.636452,2054.636452,1,Expiry,0,1.146027507333975e-12,nan
2051639372488_Node0_Node8_Zero,2054.637622,2054.638853,0,,0,1.1658346e-13,0
2051643475738_Node0_Node8_Zero,2054.64518,2054.64518,1,Expiry,0,1.332576162751444e-12,nan
2051647569565_Node0_Node8_Zero,2054.64518,2054.646291,0,,0,7.572525408e-13,0
2051680363181_Node0_Node8_Zero,2054.680688,2054.680688,1,Expiry,0,1.3042906815877709e-12,nan
2051676266377_Node0_Node8_Zero,2054.680688,2054.680688,1,Expiry,0,1.3042906815877709e-12,nan
2051684457351_Node0_Node8_Zero,2054.68853,2054.68853,1,Expiry,0,1.266997966501444e-12,nan
2051688560663_Node0_Node8_Zero,2054.68853,2054.693529,0,,88,7.932106274158963e-13,2.641818608514827e-14
2051692657377_Node0_Node8_Zero,2054.692424,2054.697424,0,,89,8.2283073705e-13,0
2051696756384_Node0_Node8_Zero,2054.692424,2054.697424,0,,89,8.2283073705e-13,0
2051700856146_Node0_Node8_Zero,2054.695447,2054.701438,0,,89,3.0290101632e-14,2.585710135717233e-14
2051704958361_Node0_Node8_Zero,2054.695447,2054.701438,0,,89,3.0290101632e-14,2.585710135717233e-14
2051709054271_Node0_Node8_Zero,2054.699271,2054.704601,0,,46,7.863984058e-13,0
2051713148745_Node0_Node8_Zero,2054.699271,2054.704601,0,,46,7.863984058e-13,0
2051852485597_Node0_Node8_Zero,2054.850509,2054.85182,0,,0,8.2283073705e-13,0
2051856586486_Node0_Node8_Zero,2054.857433,2054.857433,1,Expiry,0,2.9145865e-14,nan
2051868880309_Node0_Node8_Zero,2054.866178,2054.867249,0,,0,7.572525408e-13,0
2051872980741_Node0_Node8_Zero,2054.87301,2054.87301,1,Expiry,0,1.04925114e-12,nan
2051877081283_Node0_Node8_Zero,2054.87301,2054.88,0,,49,8.2283073705e-13,0
2051881181903_Node0_Node8_Zero,2054.882008,2054.882008,1,Expiry,0,1.296143831501444e-12,nan
2051885278320_Node0_Node8_Zero,2054.882008,2054.885104,0,,0,7.937021541558002e-13,0
2051889376314_Node0_Node8_Zero,2054.887105,2054.89017,0,,46,7.572525408e-13,0
2051893474138_Node0_Node8_Zero,2054.887105,2054.89017,0,,46,7.572525408e-13,0
2051913970419_Node0_Node8_Zero,2054.913646,2054.914897,0,,0,2.9145865e-14,2.1413288571428573e-14
2051926267222_Node0_Node8_Zero,2054.925145,2054.926476,0,,0,7.572525408e-13,0
2051975450599_Node0_Node8_Zero,2054.978007,2054.978007,1,Expiry,0,1.369868877837771e-12,nan
2051979545673_Node0_Node8_Zero,2054.979937,2054.979937,1,Expiry,0,1.332576162751444e-12,nan
2051983647406_Node0_Node8_Zero,2054.979937,2054.981148,0,,0,8.738360007999999e-13,0
2051991848809_Node0_Node8_Zero,2054.98653,2055.00023,0,,232,7.930630959900623e-13,2.6309795649841658e-14
2051987750634_Node0_Node8_Zero,2054.98653,2054.989741,1,Expiry,2,2.2621333540362467e-13,nan
2052000050071_Node0_Node8_Zero,2054.994198,2055.012375,0,,135,4.147618281689837e-14,3.047229757976206e-14
2051995949708_Node0_Node8_Zero,2054.998102,2054.998102,1,Expiry,0,1.1979929451215175e-12,nan
2052004148189_Node0_Node8_Zero,2054.998102,2055.012375,0,,46,4.147618281689837e-14,3.047229757976206e-14
2052008247890_Node0_Node8_Zero,2054.999152,2055.014385,0,,0,7.905917600437756e-13,0
2052012343899_Node0_Node8_Zero,2055.010243,2055.014385,0,,0,7.905917600437756e-13,0
2052016443946_Node0_Node8_Zero,2055.010243,2055.015435,0,,0,3.3016919693359e-14,2.4257328754304573e-14
2052032828478_Node0_Node8_Zero,2055.032642,2055.033773,0,,0,7.572525408e-13,0
2052041022457_Node0_Node8_Zero,2055.039831,2055.041202,0,,0,7.572525408e-13,0
2052082008478_Node0_Node8_Zero,2055.081816,2055.083027,0,,0,8.2283073705e-13,0
2052090202307_Node0_Node8_Zero,2055.093492,2055.093492,1,Expiry,0,1.332576162751444e-12,nan
2052098403377_Node0_Node8_Zero,2055.099268,2055.099268,1,Expiry,0,1.332576162751444e-12,nan
2052102506083_Node0_Node8_Zero,2055.101338,2055.10331,0,,0,7.572525408e-13,0
2052106605668_Node0_Node8_Zero,2055.101338,2055.10331,0,,0,7.572525408e-13,0
2052127096242_Node0_Node8_Zero,2055.133037,2055.133037,1,Expiry,0,1.296143831501444e-12,nan
2052135294612_Node0_Node8_Zero,2055.141864,2055.141864,1,Expiry,0,1.2116057035839751e-12,nan
2052139388390_Node0_Node8_Zero,2055.143854,2055.143854,1,Expiry,0,1.332576162751444e-12,nan
2052143487130_Node0_Node8_Zero,2055.143854,2055.143854,1,Expiry,0,1.332576162751444e-12,nan
2052147585509_Node0_Node8_Zero,2055.145884,2055.148056,0,,1,9.081416671540028e-13,0
2052155786702_Node0_Node8_Zero,2055.145884,2055.148056,0,,1,9.081416671540028e-13,0
2052159889701_Node0_Node8_Zero,2055.157242,2055.161841,0,,96,9.486409908971256e-13,0
2052168086876_Node0_Node8_Zero,2055.158418,2055.162946,0,,51,9.069561399040837e-13,0
2052172188567_Node0_Node8_Zero,2055.172159,2055.173371,0,,0,8.738360007999999e-13,6.557819625e-14
2052180388934_Node0_Node8_Zero,2055.179657,2055.182853,0,,89,7.572525408e-13,0
2052196787686_Node0_Node8_Zero,2055.181547,2055.186985,0,,2,9.155208517930418e-13,0
2052192684952_Node0_Node8_Zero,2055.181547,2055.186985,0,,2,9.155208517930418e-13,0
2052200889456_Node0_Node8_Zero,2055.191239,2055.198734,0,,49,3.9898794703775013e-14,2.931340019052858e-14
2052262356496_Node0_Node8_Zero,2055.263259,2055.263259,1,Expiry,0,1.078397005e-12,nan
2052422173823_Node0_Node8_Zero,2055.422236,2055.422236,1,Expiry,0,1.2116057035839751e-12,nan
2052430369208_Node0_Node8_Zero,2055.428519,2055.42987,0,,0,8.2283073705e-13,4.19700456e-14
2052438560046_Node0_Node8_Zero,2055.439767,2055.439767,1,Expiry,0,1.11482933625e-12,nan
2052446756952_Node0_Node8_Zero,2055.444604,2055.445935,0,,1,8.980300926334938e-13,0
2052459055861_Node0_Node8_Zero,2055.45923,2055.45923,1,Expiry,0,4.19700456e-14,nan
2052471345573_Node0_Node8_Zero,2055.469155,2055.470326,0,,0,7.572525408e-13,0
2052487736336_Node0_Node8_Zero,2055.488269,2055.488269,1,Expiry,0,1.3013681773556095e-12,nan
2052495927872_Node0_Node8_Zero,2055.494533,2055.495804,0,,0,7.992225864e-13,0
2052520523058_Node0_Node8_Zero,2055.523014,2055.523014,1,Expiry,0,4.19700456e-14,nan
2052524625130_Node0_Node8_Zero,2055.525104,2055.525104,1,Expiry,0,1.254187305210924e-12,nan
2052528728242_Node0_Node8_Zero,2055.525104,2055.526215,0,,0,7.572525408e-13,0
2052536925005_Node0_Node8_Zero,2055.53198,2055.533292,0,,0,8.010957932077621e-14,5.127013076529677e-14
2052553317683_Node0_Node8_Zero,2055.550432,2055.551803,0,,0,7.572525408e-13,0
2052586122513_Node0_Node8_Zero,2055.584751,2055.585942,0,,0,7.992225864e-13,0
2052598414631_Node0_Node8_Zero,2055.594656,2055.595927,0,,0,7.572525408e-13,0
2052618905183_Node0_Node8_Zero,2055.616612,2055.617783,0,,0,8.2283073705e-13,0
2052643487201_Node0_Node8_Zero,2055.643034,2055.644245,0,,0,8.2283073705e-13,0
2052651681471_Node0_Node8_Zero,2055.645257,2055.646328,0,,0,7.572525408e-13,0
2052684455558_Node0_Node8_Zero,2055.684118,2055.685449,0,,0,7.572525408e-13,0
2052688556874_Node0_Node8_Zero,2055.693198,2055.693198,1,Expiry,0,1.187997552933975e-12,nan
2052692652406_Node0_Node8_Zero,2055.693198,2055.693198,1,Expiry,0,1.187997552933975e-12,nan
2052696747440_Node0_Node8_Zero,2055.696273,2055.698364,0,,1,9.088085262320823e-13,0
2052700844901_Node0_Node8_Zero,2055.696273,2055.698364,0,,1,9.088085262320823e-13,0
2052709034541_Node0_Node8_Zero,2055.700555,2055.701686,0,,0,7.991064040670334e-13,0
2052704938542_Node0_Node8_Zero,2055.705173,2055.705173,1,Expiry,0,4.185386326703343e-14,nan
2052758216423_Node0_Node8_Zero,2055.758594,2055.758594,1,Expiry,0,4.19700456e-14,nan
2052766413553_Node0_Node8_Zero,2055.766324,2055.767636,0,,0,1.1658346e-13,6.557819625e-14
2052774609392_Node0_Node8_Zero,2055.772135,2055.773486,0,,0,7.572525408e-13,0
2052922141972_Node0_Node8_Zero,2055.922055,2055.923126,0,,0,8.386893415453048e-13,0
2052954938158_Node0_Node8_Zero,2055.95364,2055.954731,0,,0,6.557819625e-14,4.19700456e-14
2053020538983_Node0_Node8_Zero,2056.018318,2056.019469,0,,0,7.572525408e-13,0
2053028743115_Node0_Node8_Zero,2056.027553,2056.028665,0,,1,8.844975419645388e-13,0
2053036946287_Node0_Node8_Zero,2056.03559,2056.036761,0,,1,9.137347955037749e-13,0
2053045146122_Node0_Node8_Zero,2056.045489,2056.045489,1,Expiry,0,1.2919401290192855e-12,nan
2053053335531_Node0_Node8_Zero,2056.055952,2056.055952,1,Expiry,0,1.2305791545609242e-12,nan
2053061534468_Node0_Node8_Zero,2056.057882,2056.059093,0,,1,3.599773221272655e-14,2.6447313462411344e-14
2053057437952_Node0_Node8_Zero,2056.057882,2056.057882,1,Expiry,0,1.2246068411736506e-12,nan
2053065634537_Node0_Node8_Zero,2056.067521,2056.067521,1,Expiry,0,1.1886091089609241e-12,nan
2053069736019_Node0_Node8_Zero,2056.067521,2056.070697,0,,0,1.6836264369836893e-13,9.470398708033252e-14
2053077932159_Node0_Node8_Zero,2056.073372,2056.075323,0,,1,9.256151844983689e-13,0
2053073837884_Node0_Node8_Zero,2056.073372,2056.075323,0,,1,9.256151844983689e-13,0
2053086131534_Node0_Node8_Zero,2056.083339,2056.08465,0,,0,7.572525408e-13,0
2053094326635_Node0_Node8_Zero,2056.094596,2056.094596,1,Expiry,0,1.3253235918942192e-12,nan
2053102524605_Node0_Node8_Zero,2056.100565,2056.101736,0,,0,1.5648225470377502e-13,9.489159644052858e-14
2053127120691_Node0_Node8_Zero,2056.125087,2056.126459,0,,0,8.314395998518832e-14,5.773886110082522e-14
2053151718072_Node0_Node8_Zero,2056.152499,2056.152499,1,Expiry,0,1.2919401290192855e-12,nan
2053159917690_Node0_Node8_Zero,2056.158435,2056.159606,0,,0,7.572525408e-13,0
2053168111280_Node0_Node8_Zero,2056.166577,2056.167688,0,,0,7.572525408e-13,0
2053176309683_Node0_Node8_Zero,2056.176288,2056.177459,0,,0,8.044259830376698e-14,5.148326291441087e-14
2053184507207_Node0_Node8_Zero,2056.185433,2056.185433,1,Expiry,0,6.557819625e-14,nan
2053192699504_Node0_Node8_Zero,2056.191135,2056.192326,0,,0,7.572525408e-13,0
2053200894720_Node0_Node8_Zero,2056.201885,2056.201885,1,Expiry,0,1.254187305210924e-12,nan
2053229594450_Node0_Node8_Zero,2056.23104,2056.23104,1,Expiry,0,5.333995683349376e-14,nan
2053233691597_Node0_Node8_Zero,2056.238819,2056.238819,1,Expiry,0,2.9145865e-14,nan
2053237791219_Node0_Node8_Zero,2056.238819,2056.238819,1,Expiry,0,2.9145865e-14,nan
2053241887428_Node0_Node8_Zero,2056.242857,2056.242857,1,Expiry,0,1.2555077977692854e-12,nan
2053245984633_Node0_Node8_Zero,2056.242857,2056.245093,0,,47,3.621536249478495e-14,2.660720509820935e-14
2053250085692_Node0_Node8_Zero,2056.243967,2056.246143,0,,1,7.924469287583734e-13,0
2053258282355_Node0_Node8_Zero,2056.258716,2056.258716,1,Expiry,0,4.19700456e-14,nan
2053266473837_Node0_Node8_Zero,2056.26649,2056.26649,1,Expiry,0,1.254187305210924e-12,nan
2053352556180_Node0_Node8_Zero,2056.350173,2056.351545,0,,0,8.2283073705e-13,0
2053356650616_Node0_Node8_Zero,2056.358643,2056.358643,1,Expiry,0,1.2804185399671353e-12,nan
2053360745457_Node0_Node8_Zero,2056.358643,2056.359954,0,,0,9.180943100621111e-14,5.875803584397511e-14
2053377146676_Node0_Node8_Zero,2056.377089,2056.37838,0,,0,7.992225864e-13,0
2053393547547_Node0_Node8_Zero,2056.391876,2056.392947,0,,0,8.2283073705e-13,4.19700456e-14
2053405837944_Node0_Node8_Zero,2056.40019,2056.401561,0,,0,8.386225465100544e-13,0
2053414039018_Node0_Node8_Zero,2056.408419,2056.40957,0,,1,1.5088912635400283e-13,0
2053418137749_Node0_Node8_Zero,2056.413275,2056.414506,0,,0,7.572525408e-13,0
2053426333377_Node0_Node8_Zero,2056.424105,2056.425236,0,,0,6.557819625e-14,4.19700456e-14
2053438632322_Node0_Node8_Zero,2056.43184,2056.433172,0,,0,8.193695529882884e-14,5.690066340196447e-14
2053479624013_Node0_Node8_Zero,2056.479837,2056.479837,1,Expiry,0,1.187997552933975e-12,nan
2053487811357_Node0_Node8_Zero,2056.48687,2056.488021,0,,0,7.572525408e-13,0
2053504205590_Node0_Node8_Zero,2056.504339,2056.504339,1,Expiry,0,1.2305791545609242e-12,nan
2053512403735_Node0_Node8_Zero,2056.512003,2056.513294,0,,0,8.2283073705e-13,0
2053528796869_Node0_Node8_Zero,2056.527636,2056.528768,0,,0,7.572525408e-13,0
2053536996253_Node0_Node8_Zero,2056.535349,2056.53664,0,,0,8.738360007999999e-13,0
2053549285221_Node0_Node8_Zero,2056.543953,2056.545145,0,,0,7.572525408e-13,0
2053553388399_Node0_Node8_Zero,2056.54997,2056.551282,0,,0,8.2283073705e-13,0
2053557487181_Node0_Node8_Zero,2056.55868,2056.55868,1,Expiry,0,1.3407079644281963e-12,nan
2053561590094_Node0_Node8_Zero,2056.55868,2056.559951,0,,0,8.511087270291397e-13,0
2053594372593_Node0_Node8_Zero,2056.594802,2056.594802,1,Expiry,0,1.2683319783692854e-12,nan
2053602575394_Node0_Node8_Zero,2056.603149,2056.603149,1,Expiry,0,1.2305791545609242e-12,nan
2053618967362_Node0_Node8_Zero,2056.613541,2056.614772,0,,0,7.863984058e-13,2.1413288571428573e-14
2053627164391_Node0_Node8_Zero,2056.623563,2056.624695,0,,0,3.351113009593825e-14,2.462042211130157e-14
2053659951153_Node0_Node8_Zero,2056.659739,2056.66103,0,,0,7.572525408e-13,0
2053741923100_Node0_Node8_Zero,2056.740549,2056.741781,0,,0,8.2283073705e-13,0
2053750120621_Node0_Node8_Zero,2056.747627,2056.748918,0,,0,7.572525408e-13,0
2053782916685_Node0_Node8_Zero,2056.783341,2056.783341,1,Expiry,0,1.3938758046486316e-12,nan
2053828004150_Node0_Node8_Zero,2056.827941,2056.830113,0,,1,8.980300926334938e-13,0
2053832098678_Node0_Node8_Zero,2056.827941,2056.830113,0,,1,8.980300926334938e-13,0
2053844386553_Node0_Node8_Zero,2056.83744,2056.838531,0,,0,7.572525408e-13,0
2053848485279_Node0_Node8_Zero,2056.84322,2056.844331,0,,0,7.572525408e-13,0
2053856678065_Node0_Node8_Zero,2056.848697,2056.849948,0,,0,8.34062078640231e-13,0
2053864875488_Node0_Node8_Zero,2056.861629,2056.86272,0,,0,8.2283073705e-13,0
2053860779447_Node0_Node8_Zero,2056.865552,2056.865552,1,Expiry,0,1.2213706104073736e-12,nan
2053873074307_Node0_Node8_Zero,2056.867875,2056.869146,0,,0,8.429918922548044e-13,0
2053881268175_Node0_Node8_Zero,2056.87976,2056.880971,0,,0,4.19700456e-14,2.9145865e-14
2053918160633_Node0_Node8_Zero,2056.916065,2056.917236,0,,0,4.19700456e-14,2.9145865e-14
2053926362648_Node0_Node8_Zero,2056.924215,2056.925486,0,,0,8.621181229134443e-13,6.711397255260433e-14
2053934554755_Node0_Node8_Zero,2056.931413,2056.932604,0,,0,8.051746409057899e-13,0
2053942755599_Node0_Node8_Zero,2056.942499,2056.94387,0,,0,3.9898794703775013e-14,0
2053967340778_Node0_Node8_Zero,2056.963236,2056.964387,0,,0,8.41391712e-13,0
2053971440446_Node0_Node8_Zero,2056.969585,2056.970796,0,,0,4.19700456e-14,2.9145865e-14
2053979642558_Node0_Node8_Zero,2056.97765,2056.978761,0,,0,7.572525408e-13,0
2053987841540_Node0_Node8_Zero,2056.986999,2056.98823,0,,0,7.572525408e-13,0
2054016521500_Node0_Node8_Zero,2057.014106,2057.015477,0,,0,6.557819625e-14,4.19700456e-14
2054024716040_Node0_Node8_Zero,2057.024169,2057.02534,0,,0,7.572525408e-13,0
2054028816190_Node0_Node8_Zero,2057.028818,2057.028818,1,Expiry,0,6.557819625e-14,nan
2054221465198_Node0_Node8_Zero,2057.22165,2057.22165,1,Expiry,0,4.19700456e-14,nan
2054229655602_Node0_Node8_Zero,2057.227892,2057.229263,0,,0,8.2283073705e-13,0
2054237853421_Node0_Node8_Zero,2057.237145,2057.238296,0,,0,7.572525408e-13,0
2054262444024_Node0_Node8_Zero,2057.261112,2057.262263,0,,1,8.980300926334938e-13,0
2054270634692_Node0_Node8_Zero,2057.26944,2057.270512,0,,0,8.2283073705e-13,0
2054311603503_Node0_Node8_Zero,2057.307828,2057.3089,0,,0,5.745426437343601e-14,3.9898794703775013e-14
2054307507625_Node0_Node8_Zero,2057.307828,2057.307828,1,Expiry,0,1.0912211856e-12,nan
2054319795396_Node0_Node8_Zero,2057.321153,2057.321153,1,Expiry,0,1.1886091089609241e-12,nan
2054327994510_Node0_Node8_Zero,2057.333601,2057.333601,1,Expiry,0,1.04925114e-12,nan
2054332093526_Node0_Node8_Zero,2057.337594,2057.337594,1,Expiry,0,1.04925114e-12,nan
2054336195674_Node0_Node8_Zero,2057.337594,2057.337594,1,Expiry,0,1.04925114e-12,nan
2054344396323_Node0_Node8_Zero,2057.341466,2057.342637,0,,0,6.557819625e-14,4.19700456e-14
2054340294760_Node0_Node8_Zero,2057.341466,2057.341466,1,Expiry,0,1.146027507333975e-12,nan
2054348495017_Node0_Node8_Zero,2057.344589,2057.34658,0,,0,8.429918922548044e-13,0
2054352594033_Node0_Node8_Zero,2057.344589,2057.34658,0,,0,8.429918922548044e-13,0
2054356690304_Node0_Node8_Zero,2057.349602,2057.353526,0,,88,7.572525408e-13,0
2054360783671_Node0_Node8_Zero,2057.349602,2057.353526,0,,88,7.572525408e-13,0
2054364882863_Node0_Node8_Zero,2057.362843,2057.364174,0,,0,7.863984058e-13,2.1413288571428573e-14
2054385377039_Node0_Node8_Zero,2057.384219,2057.38541,0,,0,7.572525408e-13,3.036266615539793e-14
2054393572054_Node0_Node8_Zero,2057.397632,2057.397632,1,Expiry,0,3.6906336281668e-14,nan
2054401763450_Node0_Node8_Zero,2057.399502,2057.400613,0,,0,8.2283073705e-13,4.19700456e-14
2054397666911_Node0_Node8_Zero,2057.399502,2057.399502,1,Expiry,0,1.200941357584695e-12,nan
2054409954871_Node0_Node8_Zero,2057.405073,2057.406324,0,,0,7.572525408e-13,0
2054487844445_Node0_Node8_Zero,2057.487602,2057.488853,0,,0,5.921342883414419e-14,4.112043669037791e-14
2054496035010_Node0_Node8_Zero,2057.495779,2057.49707,0,,0,6.557819625e-14,0
2054561622738_Node0_Node8_Zero,2057.559882,2057.561173,0,,0,8.2283073705e-13,4.19700456e-14
2054569821551_Node0_Node8_Zero,2057.568655,2057.569727,0,,0,8.502382059009061e-13,0
2054578017545_Node0_Node8_Zero,2057.57627,2057.577541,0,,0,8.502382059009061e-13,0
2054586220862_Node0_Node8_Zero,2057.583415,2057.584547,0,,0,7.572525408e-13,0
2054590315609_Node0_Node8_Zero,2057.588077,2057.589448,0,,0,8.34062078640231e-13,0
2054610809863_Node0_Node8_Zero,2057.610595,2057.611726,0,,0,7.971513355037749e-13,2.931340019052858e-14
2054623109632_Node0_Node8_Zero,2057.618725,2057.619997,0,,0,7.572525408e-13,0
2054627206877_Node0_Node8_Zero,2057.624484,2057.625775,0,,0,7.572525408e-13,0
2054643603521_Node0_Node8_Zero,2057.643744,2057.643744,1,Expiry,0,1.319655114746722e-12,nan
2054664088299_Node0_Node8_Zero,2057.664544,2057.664544,1,Expiry,0,1.3633671853612238e-12,nan
2054668185550_Node0_Node8_Zero,2057.668314,2057.668314,1,Expiry,0,1.3378018116837091e-12,nan
2054676381572_Node0_Node8_Zero,2057.67597,2057.677062,0,,0,8.2283073705e-13,0
2054684576121_Node0_Node8_Zero,2057.684449,2057.68568,0,,0,7.989529395710238e-13,0
2054713270583_Node0_Node8_Zero,2057.709697,2057.711008,0,,0,7.572525408e-13,0
2054717368219_Node0_Node8_Zero,2057.716177,2057.717508,0,,1,9.22554242051729e-13,0
2054721469482_Node0_Node8_Zero,2057.721163,2057.722354,0,,0,7.540004271586106e-14,4.825602733815108e-14
2054844402465_Node0_Node8_Zero,2057.843491,2057.844862,0,,0,8.2283073705e-13,0
2054852603889_Node0_Node8_Zero,2057.853219,2057.853219,1,Expiry,0,1.254187305210924e-12,nan
2054869001054_Node0_Node8_Zero,2057.866436,2057.867767,0,,0,7.572525408e-13,0
2054877191419_Node0_Node8_Zero,2057.871293,2057.872624,0,,0,8.386893415453048e-13,0
2054893585821_Node0_Node8_Zero,2057.890964,2057.892095,0,,0,4.19700456e-14,2.9145865e-14
2054987850518_Node0_Node8_Zero,2057.987447,2057.990562,0,,0,8.2283073705e-13,0
2054991953290_Node0_Node8_Zero,2057.992385,2057.992385,1,Expiry,0,1.1881578138553976e-12,nan
2054996052531_Node0_Node8_Zero,2057.992385,2057.993716,0,,0,1.1658346e-13,9.653107451063695e-14
2055000154196_Node0_Node8_Zero,2058.006349,2058.006349,1,Expiry,0,1.266997966501444e-12,nan
2055004249489_Node0_Node8_Zero,2058.006349,2058.006349,1,Expiry,0,1.266997966501444e-12,nan
2055008344063_Node0_Node8_Zero,2058.008339,2058.01041,0,,0,8.738360007999999e-13,0
2055012440422_Node0_Node8_Zero,2058.008339,2058.01041,0,,0,8.738360007999999e-13,0
2055020634662_Node0_Node8_Zero,2058.014352,2058.015463,0,,1,9.073471308959381e-13,0
2055024731859_Node0_Node8_Zero,2058.022165,2058.023496,0,,0,6.557819625e-14,4.19700456e-14
2055032923523_Node0_Node8_Zero,2058.035388,2058.035388,1,Expiry,0,1.2026523055589276e-12,nan
2055037018725_Node0_Node8_Zero,2058.037278,2058.037278,1,Expiry,0,6.557819625e-14,nan
2055041117733_Node0_Node8_Zero,2058.037278,2058.03849,0,,0,7.930883617955453e-13,2.632835828244148e-14
2055049318035_Node0_Node8_Zero,2058.04188,2058.042971,0,,0,3.9898794703775013e-14,0
2055057507586_Node0_Node8_Zero,2058.057577,2058.057577,1,Expiry,0,6.557819625e-14,nan
2055065699355_Node0_Node8_Zero,2058.063629,2058.06476,0,,0,8.403963612940891e-14,5.836085842320063e-14
2055090285774_Node0_Node8_Zero,2058.090471,2058.090471,1,Expiry,0,2.9145865e-14,nan
2055114880175_Node0_Node8_Zero,2058.113491,2058.114802,0,,0,8.2283073705e-13,0
2055135380526_Node0_Node8_Zero,2058.136129,2058.136129,1,Expiry,0,1.385233310996722e-12,nan
2055159965169_Node0_Node8_Zero,2058.159955,2058.163017,0,,1,8.980300926334938e-13,0
2055164062252_Node0_Node8_Zero,2058.16564,2058.16564,1,Expiry,0,1.078397005e-12,nan
2055168162194_Node0_Node8_Zero,2058.16564,2058.166852,0,,0,1.7597193979186725e-13,7.918737290634025e-14
2055176358111_Node0_Node8_Zero,2058.175074,2058.178047,0,,0,7.572525408e-13,0
2055172260090_Node0_Node8_Zero,2058.175074,2058.175074,1,Expiry,0,2.9145865e-14,nan
2055180460525_Node0_Node8_Zero,2058.179861,2058.183857,0,,89,4.19700456e-14,2.9145865e-14
2055184559217_Node0_Node8_Zero,2058.179861,2058.183857,0,,89,4.19700456e-14,2.9145865e-14
2055192755271_Node0_Node8_Zero,2058.181891,2058.185727,0,,1,7.572525408e-13,0
2055188654048_Node0_Node8_Zero,2058.181891,2058.185727,0,,1,7.572525408e-13,0
2055200955084_Node0_Node8_Zero,2058.200913,2058.201984,0,,0,7.572525408e-13,0
2055266538117_Node0_Node8_Zero,2058.267156,2058.267156,1,Expiry,0,1.2305791545609242e-12,nan
2055274733899_Node0_Node8_Zero,2058.27312,2058.274371,0,,0,1.1658346e-13,0
2055282936244_Node0_Node8_Zero,2058.279597,2058.280808,0,,0,7.572525408e-13,0
2055299332626_Node0_Node8_Zero,2058.301787,2058.301787,1,Expiry,0,1.2221202390568623e-12,nan
2055307521927_Node0_Node8_Zero,2058.30693,2058.310006,0,,88,7.572525408e-13,0
2055311619113_Node0_Node8_Zero,2058.3089,2058.311976,0,,0,5.951082566457995e-14,4.1326962267069406e-14
2055315715002_Node0_Node8_Zero,2058.3089,2058.311976,0,,0,5.951082566457995e-14,4.1326962267069406e-14
2055323908829_Node0_Node8_Zero,2058.321475,2058.322546,0,,0,7.992225864e-13,0
2055348492349_Node0_Node8_Zero,2058.34781,2058.349182,0,,0,8.2283073705e-13,0
2055364889722_Node0_Node8_Zero,2058.369671,2058.369671,1,Expiry,0,1.2305791545609242e-12,nan
2055368988705_Node0_Node8_Zero,2058.371821,2058.371821,1,Expiry,0,1.2305791545609242e-12,nan
2055373082681_Node0_Node8_Zero,2058.371821,2058.372992,0,,0,1.1658346e-13,0
2055377184258_Node0_Node8_Zero,2058.37609,2058.378101,0,,0,7.572525408e-13,0
2055381284815_Node0_Node8_Zero,2058.37609,2058.378101,0,,0,7.572525408e-13,0
2055385381452_Node0_Node8_Zero,2058.384289,2058.38538,0,,0,7.572525408e-13,0
2055389476343_Node0_Node8_Zero,2058.386352,2058.388576,0,,47,7.572525408e-13,2.6693984167230642e-14
2055405862787_Node0_Node8_Zero,2058.403422,2058.404573,0,,0,8.2283073705e-13,0
2055414055643_Node0_Node8_Zero,2058.408608,2058.409919,0,,0,7.572525408e-13,5.794594453527177e-14
2055422255711_Node0_Node8_Zero,2058.422104,2058.423435,0,,0,6.557819625e-14,0
2055438644318_Node0_Node8_Zero,2058.439119,2058.439119,1,Expiry,0,1.146027507333975e-12,nan
2055455038941_Node0_Node8_Zero,2058.454838,2058.455949,0,,0,7.572525408e-13,0
2055467332510_Node0_Node8_Zero,2058.463754,2058.465045,0,,0,8.2283073705e-13,0
2055471431556_Node0_Node8_Zero,2058.469587,2058.470698,0,,0,3.33739615841826e-14,2.4519645245521913e-14
2055582095254_Node0_Node8_Zero,2058.58382,2058.58382,1,Expiry,0,1.3630979142767936e-12,nan
2055590290608_Node0_Node8_Zero,2058.58507,2058.586341,0,,0,7.932502730127265e-13,0
2055594392390_Node0_Node8_Zero,2058.593225,2058.595479,0,,0,3.599773221272655e-14,2.6447313462411344e-14
2055618983818_Node0_Node8_Zero,2058.61817,2058.619521,0,,0,8.2283073705e-13,0
2055655862852_Node0_Node8_Zero,2058.65462,2058.655812,0,,0,6.557819625e-14,0
2055659963274_Node0_Node8_Zero,2058.660474,2058.660474,1,Expiry,0,1.2305791545609242e-12,nan
2055668159467_Node0_Node8_Zero,2058.666883,2058.668074,0,,0,8.420895785908397e-14,5.84784429576972e-14
2055676363644_Node0_Node8_Zero,2058.673253,2058.674504,0,,0,7.863984058e-13,0
2055700968064_Node0_Node8_Zero,2058.701284,2058.701284,1,Expiry,0,1.2869488066573737e-12,nan
2055717360780_Node0_Node8_Zero,2058.718847,2058.718847,1,Expiry,0,1.2177549739609242e-12,nan
2055725561338_Node0_Node8_Zero,2058.725684,2058.725684,1,Expiry,0,1.04925114e-12,nan
2055733758999_Node0_Node8_Zero,2058.729627,2058.733469,0,,0,7.992225864e-13,2.9145865e-14
2055729659937_Node0_Node8_Zero,2058.729627,2058.733469,0,,0,7.992225864e-13,2.9145865e-14
2055737859113_Node0_Node8_Zero,2058.735283,2058.737234,0,,0,5.2959103666329785e-14,3.677715532384013e-14
2055741958134_Node0_Node8_Zero,2058.735283,2058.737234,0,,0,5.2959103666329785e-14,3.677715532384013e-14
2055758347754_Node0_Node8_Zero,2058.759559,2058.759559,1,Expiry,0,4.19700456e-14,nan
2055778835403_Node0_Node8_Zero,2058.780394,2058.780394,1,Expiry,0,1.254187305210924e-12,nan
2055782938117_Node0_Node8_Zero,2058.780394,2058.781565,0,,0,7.572525408e-13,0
2055791130809_Node0_Node8_Zero,2058.789846,2058.791218,0,,0,6.557819625e-14,4.19700456e-14
2055799318702_Node0_Node8_Zero,2058.799453,2058.799453,1,Expiry,0,1.315854110125463e-12,nan
2055807513957_Node0_Node8_Zero,2058.806571,2058.807662,0,,1,8.844975419645388e-13,0
2055811611083_Node0_Node8_Zero,2058.810449,2058.81254,0,,0,7.992225864e-13,0
2055815707399_Node0_Node8_Zero,2058.810449,2058.81254,0,,0,7.992225864e-13,0
2055819801015_Node0_Node8_Zero,2058.825308,2058.825308,1,Expiry,0,1.04925114e-12,nan
2055823901641_Node0_Node8_Zero,2058.825308,2058.825308,1,Expiry,0,1.04925114e-12,nan
2055832103861_Node0_Node8_Zero,2058.827478,2058.829509,0,,0,8.179201821908484e-13,4.2130306521422507e-14
2055828001198_Node0_Node8_Zero,2058.827478,2058.829509,0,,0,8.179201821908484e-13,4.2130306521422507e-14
2055860792380_Node0_Node8_Zero,2058.856465,2058.857636,0,,0,7.680953784023101e-14,5.333995683349376e-14
2055877188784_Node0_Node8_Zero,2058.873012,2058.874203,0,,0,7.992225864e-13,0
2055885382875_Node0_Node8_Zero,2058.885797,2058.885797,1,Expiry,0,6.557819625e-14,nan
2055950946157_Node0_Node8_Zero,2058.951335,2058.951335,1,Expiry,0,4.19700456e-14,nan
2055959135766_Node0_Node8_Zero,2058.95895,2058.960302,0,,0,7.992225864e-13,0
2055975536151_Node0_Node8_Zero,2058.97495,2058.976062,0,,0,8.2283073705e-13,0
2056000135067_Node0_Node8_Zero,2058.999599,2059.00087,0,,0,8.2283073705e-13,0
2056016516313_Node0_Node8_Zero,2059.015098,2059.016309,0,,0,8.2283073705e-13,0
2056032905677_Node0_Node8_Zero,2059.03388,2059.03388,1,Expiry,0,1.2305791545609242e-12,nan
2056041101198_Node0_Node8_Zero,2059.040068,2059.041439,0,,0,7.572525408e-13,4.73282838e-14
2056057500198_Node0_Node8_Zero,2059.06106,2059.06106,1,Expiry,0,6.557819625e-14,nan
2056073891272_Node0_Node8_Zero,2059.074818,2059.074818,1,Expiry,0,1.3441894762915458e-12,nan
2056077984788_Node0_Node8_Zero,2059.078565,2059.078565,1,Expiry,0,1.089149934703775e-12,nan
2056082087508_Node0_Node8_Zero,2059.078565,2059.079637,0,,0,7.572525408e-13,2.931340019052858e-14
2056086183789_Node0_Node8_Zero,2059.08382,2059.085931,0,,0,7.863984058e-13,2.1413288571428573e-14
2056090280097_Node0_Node8_Zero,2059.08382,2059.085931,0,,0,7.863984058e-13,2.1413288571428573e-14
2056098481792_Node0_Node8_Zero,2059.088754,2059.090085,0,,0,7.932480491788394e-13,2.6445679625269842e-14
2056123067790_Node0_Node8_Zero,2059.120821,2059.121953,0,,0,1.407775518334938e-13,0
2056151743230_Node0_Node8_Zero,2059.153445,2059.153445,1,Expiry,0,1.369868877837771e-12,nan
2056155843962_Node0_Node8_Zero,2059.153445,2059.156579,0,,0,7.572525408e-13,0
2056164038869_Node0_Node8_Zero,2059.158545,2059.160456,0,,0,1.1658346e-13,6.557819625e-14
2056159944201_Node0_Node8_Zero,2059.158545,2059.160456,0,,0,1.1658346e-13,6.557819625e-14
2056172226768_Node0_Node8_Zero,2059.168747,2059.169898,0,,0,7.572525408e-13,0
2056205009099_Node0_Node8_Zero,2059.205313,2059.205313,1,Expiry,0,1.254187305210924e-12,nan
2056209108462_Node0_Node8_Zero,2059.205313,2059.206404,0,,0,8.2283073705e-13,0
2056213209395_Node0_Node8_Zero,2059.213923,2059.213923,1,Expiry,0,1.1873544696010444e-12,nan
2056217304615_Node0_Node8_Zero,2059.213923,2059.215235,0,,0,9.385618622913978e-14,6.006795918664946e-14
2056221406502_Node0_Node8_Zero,2059.222516,2059.222516,1,Expiry,0,4.1923844466385253e-14,nan
2056225505147_Node0_Node8_Zero,2059.222516,2059.223827,0,,0,7.863984058e-13,2.1413288571428573e-14
2056299261743_Node0_Node8_Zero,2059.297396,2059.298467,0,,0,7.572525408e-13,0
2056340248547_Node0_Node8_Zero,2059.339486,2059.340757,0,,0,2.9145865e-14,2.1413288571428573e-14
2056348449369_Node0_Node8_Zero,2059.347513,2059.348644,0,,0,8.2283073705e-13,0
2056356655894_Node0_Node8_Zero,2059.354493,2059.355564,0,,0,8.738360007999999e-13,0
2056364851906_Node0_Node8_Zero,2059.364425,2059.365576,0,,0,4.19700456e-14,2.9145865e-14
2056405832267_Node0_Node8_Zero,2059.406224,2059.406224,1,Expiry,0,1.2520520016660117e-12,nan
2056414022883_Node0_Node8_Zero,2059.4134,2059.417862,0,,46,7.572525408e-13,0
2056422219915_Node0_Node8_Zero,2059.416604,2059.420058,0,,47,7.572525408e-13,2.453059661065015e-14
2056418118282_Node0_Node8_Zero,2059.418826,2059.418826,1,Expiry,0,1.2040054741480945e-12,nan
2056495998732_Node0_Node8_Zero,2059.49571,2059.496781,0,,0,7.572525408e-13,0
2056504199861_Node0_Node8_Zero,2059.503931,2059.505122,0,,0,8.2283073705e-13,0
2056512395085_Node0_Node8_Zero,2059.51186,2059.513171,0,,0,8.41391712e-13,0
2056590260423_Node0_Node8_Zero,2059.590478,2059.590478,1,Expiry,0,4.19700456e-14,nan
2056594355497_Node0_Node8_Zero,2059.595252,2059.595252,1,Expiry,0,1.228507903664699e-12,nan
2056602551804_Node0_Node8_Zero,2059.602185,2059.605379,0,,0,7.572525408e-13,2.10347928e-14
2056606650294_Node0_Node8_Zero,2059.609204,2059.609204,1,Expiry,0,1.2177549739609242e-12,nan
2056610752885_Node0_Node8_Zero,2059.609204,2059.61238,0,,89,7.924469287583734e-13,0
2056614851381_Node0_Node8_Zero,2059.611294,2059.61429,0,,1,3.327923618457635e-14,0
2056618953661_Node0_Node8_Zero,2059.611294,2059.61429,0,,1,3.327923618457635e-14,0
2056774716534_Node0_Node8_Zero,2059.77443,2059.775642,0,,0,8.34062078640231e-13,0
2056782913351_Node0_Node8_Zero,2059.782094,2059.783405,0,,0,8.2283073705e-13,0
2056791118543_Node0_Node8_Zero,2059.786967,2059.788098,0,,0,7.572525408e-13,0
2056815704986_Node0_Node8_Zero,2059.815116,2059.816387,0,,0,7.572525408e-13,0
2056828006119_Node0_Node8_Zero,2059.829027,2059.829027,1,Expiry,0,1.254187305210924e-12,nan
2056840299235_Node0_Node8_Zero,2059.835527,2059.836599,0,,0,7.572525408e-13,0
2056873073804_Node0_Node8_Zero,2059.865961,2059.867332,0,,0,8.2283073705e-13,4.19700456e-14
2056881270229_Node0_Node8_Zero,2059.8788,2059.880071,0,,0,6.557819625e-14,0
2056885368458_Node0_Node8_Zero,2059.883203,2059.884494,0,,0,8.738360007999999e-13,0
2056889464025_Node0_Node8_Zero,2059.891072,2059.891072,1,Expiry,0,1.248119934625504e-12,nan
2056893560309_Node0_Node8_Zero,2059.891072,2059.894437,0,,47,8.2283073705e-13,0
2056905859473_Node0_Node8_Zero,2059.893133,2059.895527,0,,1,8.2283073705e-13,0
2056909954429_Node0_Node8_Zero,2059.906006,2059.907338,0,,0,1.1658346e-13,6.557819625e-14
2056934546708_Node0_Node8_Zero,2059.929805,2059.932959,0,,0,1.1658346e-13,9.653107451063695e-14
2056938642947_Node0_Node8_Zero,2059.938608,2059.943595,0,,90,9.509388327535049e-13,3.0952878260636945e-14
2056942745255_Node0_Node8_Zero,2059.940558,2059.945487,0,,3,7.572525408e-13,0
2056946841736_Node0_Node8_Zero,2059.940558,2059.945487,0,,3,7.572525408e-13,0
2056950936360_Node0_Node8_Zero,2059.951433,2059.951433,1,Expiry,0,1.132749379806907e-12,nan
2056955033415_Node0_Node8_Zero,2059.951433,2059.952505,0,,0,8.14706805173436e-13,0
2056959130765_Node0_Node8_Zero,2059.957898,2059.959029,0,,0,8.2283073705e-13,0
2056967334804_Node0_Node8_Zero,2059.967811,2059.967811,1,Expiry,0,8.044981354428615e-14,nan
2056971435282_Node0_Node8_Zero,2059.967811,2059.969063,0,,0,8.087856102211133e-13,0
2057110795538_Node0_Node8_Zero,2060.108774,2060.110066,0,,0,7.572525408e-13,0
2057118984256_Node0_Node8_Zero,2060.119828,2060.119828,1,Expiry,0,1.2305791545609242e-12,nan
2057131273716_Node0_Node8_Zero,2060.133342,2060.133342,1,Expiry,0,1.254187305210924e-12,nan
2057135376580_Node0_Node8_Zero,2060.133342,2060.134693,0,,0,7.572525408e-13,0
2057151761741_Node0_Node8_Zero,2060.152277,2060.152277,1,Expiry,0,1.2284438510160116e-12,nan
2057159963426_Node0_Node8_Zero,2060.16014,2060.16014,1,Expiry,0,1.2177549739609242e-12,nan
2057168156561_Node0_Node8_Zero,2060.168085,2060.169216,0,,0,2.9145865e-14,2.1413288571428573e-14
2057176351656_Node0_Node8_Zero,2060.176533,2060.176533,1,Expiry,0,8.143680074530488e-14,nan
2057205043749_Node0_Node8_Zero,2060.199662,2060.200893,0,,0,8.2283073705e-13,0
2057213249093_Node0_Node8_Zero,2060.205667,2060.206738,0,,0,9.141176615360216e-14,5.850353033830538e-14
2057217347835_Node0_Node8_Zero,2060.2126,2060.213731,0,,0,2.9145865e-14,0
2057221441249_Node0_Node8_Zero,2060.223092,2060.223092,1,Expiry,0,1.2700783176924082e-12,nan
2057225541459_Node0_Node8_Zero,2060.223092,2060.224443,0,,0,7.992225864e-13,0
2057274722341_Node0_Node8_Zero,2060.272621,2060.277742,0,,88,8.2283073705e-13,0
2057278824461_Node0_Node8_Zero,2060.276545,2060.279632,0,,1,8.980300926334938e-13,7.918737290634025e-14
2057287020612_Node0_Node8_Zero,2060.276545,2060.279632,0,,1,8.980300926334938e-13,7.918737290634025e-14
2057295218690_Node0_Node8_Zero,2060.2858,2060.286871,0,,0,7.680953784023101e-14,0
2057315713108_Node0_Node8_Zero,2060.316544,2060.316544,1,Expiry,0,1.3938758046486316e-12,nan
2057319811455_Node0_Node8_Zero,2060.316544,2060.317755,0,,0,7.572525408e-13,0
2057328011980_Node0_Node8_Zero,2060.322108,2060.32318,0,,1,9.04877885926672e-13,8.3039256633753e-14
2057332105994_Node0_Node8_Zero,2060.332249,2060.332249,1,Expiry,0,1.3576888508674958e-12,nan
2057336206698_Node0_Node8_Zero,2060.332249,2060.333521,0,,0,7.939949507120431e-13,0
2057520615721_Node0_Node8_Zero,2060.519331,2060.520542,0,,0,8.2283073705e-13,0
2057528810949_Node0_Node8_Zero,2060.529945,2060.529945,1,Expiry,0,1.2469699673841247e-12,nan
2057561605349_Node0_Node8_Zero,2060.562382,2060.562382,1,Expiry,0,1.308611605971272e-12,nan
2057569802010_Node0_Node8_Zero,2060.572562,2060.572562,1,Expiry,0,1.2177549739609242e-12,nan
2057586205707_Node0_Node8_Zero,2060.583494,2060.584825,0,,0,8.2283073705e-13,0
2057594408899_Node0_Node8_Zero,2060.59859,2060.59859,1,Expiry,0,1.228507903664699e-12,nan
2057598507305_Node0_Node8_Zero,2060.60052,2060.60052,1,Expiry,0,4.19700456e-14,nan
2057602602382_Node0_Node8_Zero,2060.60052,2060.603571,0,,1,1.497035991040838e-13,0
2057606700182_Node0_Node8_Zero,2060.606187,2060.608218,0,,1,9.069561399040837e-13,1.106264605811954e-13
2057610803530_Node0_Node8_Zero,2060.606187,2060.608218,0,,1,9.069561399040837e-13,1.106264605811954e-13
2057619004753_Node0_Node8_Zero,2060.613918,2060.615069,0,,0,7.993828473214225e-13,0
2057614905122_Node0_Node8_Zero,2060.617171,2060.617171,1,Expiry,0,5.745426437343601e-14,nan
2057627201957_Node0_Node8_Zero,2060.630204,2060.630204,1,Expiry,0,1.1833579078265623e-12,nan
2057631295959_Node0_Node8_Zero,2060.632354,2060.632354,1,Expiry,0,3.5774167626514634e-14,nan
2057635389568_Node0_Node8_Zero,2060.632354,2060.633705,0,,0,7.924469287583734e-13,0
2057680470699_Node0_Node8_Zero,2060.681152,2060.681152,1,Expiry,0,1.2261663708935084e-12,nan
2057684565996_Node0_Node8_Zero,2060.681152,2060.682284,0,,0,8.2283073705e-13,0
2057692755062_Node0_Node8_Zero,2060.686091,2060.687222,0,,1,8.830437742985769e-13,0
2057700948325_Node0_Node8_Zero,2060.694629,2060.69596,0,,0,7.992225864e-13,0
2057709148020_Node0_Node8_Zero,2060.707702,2060.708934,0,,0,7.572525408e-13,0
2057725545416_Node0_Node8_Zero,2060.72639,2060.72639,1,Expiry,0,1.146027507333975e-12,nan
2057774736074_Node0_Node8_Zero,2060.774608,2060.775719,0,,0,6.557819625e-14,4.19700456e-14
2057782931542_Node0_Node8_Zero,2060.782185,2060.783556,0,,0,7.572525408e-13,2.9145865e-14
2057787029632_Node0_Node8_Zero,2060.787381,2060.787381,1,Expiry,0,1.0913814465214226e-12,nan
2057791132966_Node0_Node8_Zero,2060.787381,2060.788552,0,,0,7.993828473214225e-13,3.0952878260636945e-14
2057807522879_Node0_Node8_Zero,2060.805212,2060.806523,0,,0,7.985795030670694e-13,0
2057942763075_Node0_Node8_Zero,2060.943394,2060.943394,1,Expiry,0,1.2547194379783291e-12,nan
2057950958848_Node0_Node8_Zero,2060.950396,2060.951547,0,,0,7.572525408e-13,0
2057955055577_Node0_Node8_Zero,2060.954607,2060.955818,0,,0,7.572525408e-13,0
2057967353725_Node0_Node8_Zero,2060.966319,2060.96751,0,,0,7.572525408e-13,0
2058016536004_Node0_Node8_Zero,2061.015651,2061.017023,0,,0,8.2283073705e-13,0
2058057512336_Node0_Node8_Zero,2061.055098,2061.05647,0,,0,8.2283073705e-13,0
2058065710859_Node0_Node8_Zero,2061.064668,2061.065879,0,,0,7.572525408e-13,0
2058118982854_Node0_Node8_Zero,2061.119119,2061.119119,1,Expiry,0,4.19700456e-14,nan
2058127173798_Node0_Node8_Zero,2061.124755,2061.126087,0,,0,8.2283073705e-13,0
2058139459581_Node0_Node8_Zero,2061.136543,2061.137654,0,,0,4.805850468122295e-14,3.33739615841826e-14
2058143554036_Node0_Node8_Zero,2061.144153,2061.144153,1,Expiry,0,1.3792046886862787e-12,nan
2058151749371_Node0_Node8_Zero,2061.150236,2061.151407,0,,0,7.572525408e-13,0
2058155850405_Node0_Node8_Zero,2061.176935,2061.176935,1,Expiry,0,6.557819625e-14,nan
2058164046358_Node0_Node8_Zero,2061.176935,2061.176935,1,Expiry,0,6.557819625e-14,nan
2058176339792_Node0_Node8_Zero,2061.178265,2061.178265,1,Expiry,0,1.13271660142793e-12,nan
2058184543013_Node0_Node8_Zero,2061.18762,2061.18762,1,Expiry,0,4.19700456e-14,nan
2058188642820_Node0_Node8_Zero,2061.18955,2061.18955,1,Expiry,0,1.254187305210924e-12,nan
2058192736229_Node0_Node8_Zero,2061.18955,2061.196706,0,,138,7.572525408e-13,0
2058196833458_Node0_Node8_Zero,2061.19144,2061.198616,0,,50,1.34044520383753e-13,7.540004271586106e-14
2058200926932_Node0_Node8_Zero,2061.19144,2061.198616,0,,50,1.34044520383753e-13,7.540004271586106e-14
2058209125892_Node0_Node8_Zero,2061.202054,2061.203305,0,,0,7.572525408e-13,0
2058205029159_Node0_Node8_Zero,2061.206456,2061.206456,1,Expiry,0,1.04925114e-12,nan
2058213220324_Node0_Node8_Zero,2061.210408,2061.211639,0,,0,7.572525408e-13,2.931340019052858e-14
2058405867124_Node0_Node8_Zero,2061.406195,2061.406195,1,Expiry,0,1.2218948381365629e-12,nan
2058418161216_Node0_Node8_Zero,2061.418743,2061.418743,1,Expiry,0,1.2177549739609242e-12,nan
2058426363638_Node0_Node8_Zero,2061.423678,2061.424869,0,,0,8.2283073705e-13,0
2058496044107_Node0_Node8_Zero,2061.49825,2061.49825,1,Expiry,0,1.1886091089609241e-12,nan
2058500137766_Node0_Node8_Zero,2061.50042,2061.50042,1,Expiry,0,1.1886091089609241e-12,nan
2058504233053_Node0_Node8_Zero,2061.50042,2061.501712,0,,0,6.557819625e-14,4.19700456e-14
2058508333686_Node0_Node8_Zero,2061.507982,2061.509973,0,,0,8.2283073705e-13,0
2058512435120_Node0_Node8_Zero,2061.507982,2061.509973,0,,0,8.2283073705e-13,0
2058520626905_Node0_Node8_Zero,2061.518592,2061.519783,0,,0,8.738360007999999e-13,0
2058528827298_Node0_Node8_Zero,2061.525344,2061.526596,0,,0,8.41391712e-14,5.951082566457995e-14
2058545218842_Node0_Node8_Zero,2061.545823,2061.545823,1,Expiry,0,1.236570995140862e-12,nan
2058557522427_Node0_Node8_Zero,2061.557297,2061.560333,0,,0,6.557819625e-14,4.19700456e-14
2058553425003_Node0_Node8_Zero,2061.562185,2061.562185,1,Expiry,0,1.0913814465214226e-12,nan
2058561618356_Node0_Node8_Zero,2061.562185,2061.562185,1,Expiry,0,1.0913814465214226e-12,nan
2058565714898_Node0_Node8_Zero,2061.566095,2061.566095,1,Expiry,0,9.432865004936683e-14,nan
2058569814078_Node0_Node8_Zero,2061.566095,2061.568639,0,,0,9.432865004936683e-14,6.037033603159476e-14
2058578000977_Node0_Node8_Zero,2061.574315,2061.575426,0,,1,9.19212417701778e-13,0
2058573907472_Node0_Node8_Zero,2061.574315,2061.574315,1,Expiry,0,1.2604397637421695e-12,nan
2058582096466_Node0_Node8_Zero,2061.586522,2061.586522,1,Expiry,0,1.0905781022670693e-12,nan
2058590289633_Node0_Node8_Zero,2061.590611,2061.590611,1,Expiry,0,3.519438795837345e-14,nan
2058586191054_Node0_Node8_Zero,2061.590611,2061.590611,1,Expiry,0,3.519438795837345e-14,nan
2058594388605_Node0_Node8_Zero,2061.592681,2061.596677,0,,89,7.572525408e-13,2.63520294305769e-14
2058602585890_Node0_Node8_Zero,2061.592681,2061.596677,0,,89,7.572525408e-13,2.63520294305769e-14
2058606685592_Node0_Node8_Zero,2061.594731,2061.59958,0,,48,3.375646675865889e-14,2.4800669455341226e-14
2058598486158_Node0_Node8_Zero,2061.594731,2061.59958,0,,48,3.375646675865889e-14,2.4800669455341226e-14
2058823876142_Node0_Node8_Zero,2061.824861,2061.824861,1,Expiry,0,1.23436642102067e-12,nan
2058836171700_Node0_Node8_Zero,2061.832057,2061.833328,0,,0,8.2283073705e-13,4.19700456e-14
2058840273653_Node0_Node8_Zero,2061.839695,2061.840886,0,,0,7.572525408e-13,0
2058856669535_Node0_Node8_Zero,2061.851879,2061.85309,0,,0,6.557819625e-14,0
2058868961662_Node0_Node8_Zero,2061.861968,2061.863299,0,,0,7.572525408e-13,9.594086240539793e-14
2058860768074_Node0_Node8_Zero,2061.861968,2061.861968,1,Expiry,0,1.2019672325148973e-12,nan
2058873064241_Node0_Node8_Zero,2061.873061,2061.875243,0,,0,7.87542642432e-13,0
2058881257183_Node0_Node8_Zero,2061.876217,2061.877468,0,,0,7.572525408e-13,0
2059184531376_Node0_Node8_Zero,2062.183629,2062.188595,0,,89,4.19700456e-14,2.9145865e-14
2059188633939_Node0_Node8_Zero,2062.187431,2062.190525,0,,1,7.992225864e-13,0
2059192737049_Node0_Node8_Zero,2062.187431,2062.190525,0,,1,7.992225864e-13,0
2059217323180_Node0_Node8_Zero,2062.217687,2062.217687,1,Expiry,0,1.2316893099428026e-12,nan
2059237812353_Node0_Node8_Zero,2062.238925,2062.238925,1,Expiry,0,1.332576162751444e-12,nan
2059241912114_Node0_Node8_Zero,2062.238925,2062.240277,0,,0,7.572525408e-13,0
2059274687715_Node0_Node8_Zero,2062.27259,2062.273801,0,,0,8.386893415453048e-13,0
2059291071249_Node0_Node8_Zero,2062.291377,2062.291377,1,Expiry,0,4.19700456e-14,nan
2059299272131_Node0_Node8_Zero,2062.298738,2062.300009,0,,0,8.2283073705e-13,0
2059307469510_Node0_Node8_Zero,2062.307034,2062.308205,0,,0,8.386893415453048e-13,0
2059323865328_Node0_Node8_Zero,2062.321091,2062.322442,0,,0,8.2283073705e-13,0
2059340260576_Node0_Node8_Zero,2062.34128,2062.34128,1,Expiry,0,6.557819625e-14,nan
2059348450872_Node0_Node8_Zero,2062.34923,2062.34923,1,Expiry,0,1.254187305210924e-12,nan
2059356641175_Node0_Node8_Zero,2062.35036,2062.351731,0,,0,7.572525408e-13,0
2059364841898_Node0_Node8_Zero,2062.369264,2062.369264,1,Expiry,0,1.332576162751444e-12,nan
2059368942488_Node0_Node8_Zero,2062.371394,2062.371394,1,Expiry,0,6.557819625e-14,nan
2059377139695_Node0_Node8_Zero,2062.371394,2062.372685,0,,1,8.980300926334938e-13,0
2059381236801_Node0_Node8_Zero,2062.380586,2062.381677,0,,0,4.196320889102066e-14,3.0830112654627423e-14
2059393533620_Node0_Node8_Zero,2062.383972,2062.385124,0,,0,7.572525408e-13,0
2059397627058_Node0_Node8_Zero,2062.39678,2062.397931,0,,0,1.1658346e-13,0
2059405821368_Node0_Node8_Zero,2062.402779,2062.40389,0,,0,1.5812529985882312e-13,6.557819625e-14
2059409919096_Node0_Node8_Zero,2062.406166,2062.411076,0,,48,7.572525408e-13,0
2059418122457_Node0_Node8_Zero,2062.41206,2062.413431,0,,0,6.557819625e-14,4.19700456e-14
2059426322802_Node0_Node8_Zero,2062.418337,2062.419509,0,,0,8.493615903911894e-13,0
2059430421844_Node0_Node8_Zero,2062.424581,2062.425692,0,,0,8.470248288834937e-13,0
2059438617661_Node0_Node8_Zero,2062.42969,2062.430881,0,,0,7.863984058e-13,0
2059594351827_Node0_Node8_Zero,2062.592962,2062.594074,0,,0,8.41391712e-14,4.73282838e-14
2059602545714_Node0_Node8_Zero,2062.597516,2062.598747,0,,1,8.822883452650678e-13,0
2059610737878_Node0_Node8_Zero,2062.609043,2062.610134,0,,0,7.572525408e-13,0
2059651733766_Node0_Node8_Zero,2062.651067,2062.652318,0,,0,7.572525408e-13,0
2059684519182_Node0_Node8_Zero,2062.684844,2062.684844,1,Expiry,0,1.2263619327692854e-12,nan
2059700911727_Node0_Node8_Zero,2062.703578,2062.703578,1,Expiry,0,1.2654186468011551e-12,nan
2059770577432_Node0_Node8_Zero,2062.769981,2062.771052,0,,0,1.1658346e-13,6.557819625e-14
2059774670861_Node0_Node8_Zero,2062.774906,2062.774906,1,Expiry,0,1.0913814465214226e-12,nan
2059782864942_Node0_Node8_Zero,2062.774906,2062.776157,0,,0,1.1658346e-13,9.653107451063695e-14
2059778766477_Node0_Node8_Zero,2062.778371,2062.779482,0,,0,8.738360007999999e-13,0
2059786963969_Node0_Node8_Zero,2062.792853,2062.792853,1,Expiry,0,1.189141241728329e-12,nan
2059791061448_Node0_Node8_Zero,2062.792853,2062.792853,1,Expiry,0,1.189141241728329e-12,nan
2059795161256_Node0_Node8_Zero,2062.794819,2062.800719,0,,88,7.572525408e-13,0
2059799256483_Node0_Node8_Zero,2062.794819,2062.800719,0,,88,7.572525408e-13,0
2059803350533_Node0_Node8_Zero,2062.798589,2062.802609,0,,0,7.572525408e-13,0
2059807448460_Node0_Node8_Zero,2062.798589,2062.802609,0,,0,7.572525408e-13,0
2059811549697_Node0_Node8_Zero,2062.80981,2062.811961,0,,0,7.992225864e-13,0
2059815649277_Node0_Node8_Zero,2062.80981,2062.811961,0,,0,7.992225864e-13,0
2059819752589_Node0_Node8_Zero,2062.821196,2062.821196,1,Expiry,0,1.226047578009997e-12,nan
2059823855831_Node0_Node8_Zero,2062.821196,2062.822448,0,,0,7.941588770816679e-13,2.7114859308980572e-14
2059832053531_Node0_Node8_Zero,2062.830312,2062.831443,0,,0,8.103976650456019e-13,0
2059840249894_Node0_Node8_Zero,2062.839152,2062.840403,0,,0,7.572525408e-13,0
2059856645260_Node0_Node8_Zero,2062.857252,2062.857252,1,Expiry,0,1.2619811059189162e-12,nan
2059864838233_Node0_Node8_Zero,2062.862078,2062.863369,0,,0,7.572525408e-13,0
2059930413170_Node0_Node8_Zero,2062.929185,2062.930356,0,,0,7.572525408e-13,0
2059946806966_Node0_Node8_Zero,2062.945659,2062.94683,0,,0,6.557819625e-14,4.19700456e-14
2059963201904_Node0_Node8_Zero,2062.962122,2062.963253,0,,1,9.035140908052003e-13,0
2059971401486_Node0_Node8_Zero,2062.967043,2062.968114,0,,0,8.2283073705e-13,4.19700456e-14
2060012396947_Node0_Node8_Zero,2063.011692,2063.013003,0,,0,8.2283073705e-13,0
2060020598185_Node0_Node8_Zero,2063.021353,2063.021353,1,Expiry,0,6.557819625e-14,nan
2060028794566_Node0_Node8_Zero,2063.035044,2063.035044,1,Expiry,0,1.308968012101444e-12,nan
2060036998357_Node0_Node8_Zero,2063.038239,2063.038239,1,Expiry,0,1.1886091089609241e-12,nan
2060041097826_Node0_Node8_Zero,2063.047842,2063.047842,1,Expiry,0,1.1886091089609241e-12,nan
2060045198988_Node0_Node8_Zero,2063.047842,2063.047842,1,Expiry,0,1.1886091089609241e-12,nan
2060053393112_Node0_Node8_Zero,2063.051672,2063.056752,0,,89,7.572525408e-13,0
2060049299691_Node0_Node8_Zero,2063.051672,2063.051672,1,Expiry,0,3.9898794703775013e-14,nan
2060057490476_Node0_Node8_Zero,2063.055488,2063.060722,0,,90,7.931336795546008e-13,0
2060061587469_Node0_Node8_Zero,2063.055488,2063.060722,0,,90,7.931336795546008e-13,0
2060065690504_Node0_Node8_Zero,2063.058571,2063.063844,0,,47,7.572525408e-13,0
2060069786746_Node0_Node8_Zero,2063.058571,2063.063844,0,,47,7.572525408e-13,0
2060168112976_Node0_Node8_Zero,2063.166745,2063.167976,0,,0,7.572525408e-13,0
2060184506726_Node0_Node8_Zero,2063.18338,2063.184631,0,,0,8.386893415453048e-13,0
2060209098300_Node0_Node8_Zero,2063.207777,2063.209128,0,,0,7.572525408e-13,0
2060233694060_Node0_Node8_Zero,2063.234397,2063.234397,1,Expiry,0,1.254187305210924e-12,nan
2060246000715_Node0_Node8_Zero,2063.244623,2063.245975,0,,0,8.738360007999999e-13,6.557819625e-14
2060254190381_Node0_Node8_Zero,2063.249826,2063.253299,0,,48,5.951082566457995e-14,4.1326962267069406e-14
2060266489282_Node0_Node8_Zero,2063.259662,2063.260974,0,,0,4.828472642324879e-14,3.353106001614499e-14
2060274682619_Node0_Node8_Zero,2063.272338,2063.273709,0,,0,8.2283073705e-13,4.19700456e-14
2060282876519_Node0_Node8_Zero,2063.282628,2063.283799,0,,0,7.572525408e-13,6.557819625e-14
2060291071554_Node0_Node8_Zero,2063.287581,2063.288953,0,,0,6.557819625e-14,4.19700456e-14
2060315671381_Node0_Node8_Zero,2063.315061,2063.318221,0,,0,8.2283073705e-13,0
2060311569869_Node0_Node8_Zero,2063.315061,2063.315061,1,Expiry,0,1.2888218237990565e-12,nan
2060319771246_Node0_Node8_Zero,2063.320075,2063.320075,1,Expiry,0,1.1429556518891185e-12,nan
2060323871695_Node0_Node8_Zero,2063.320075,2063.321306,0,,0,8.738360007999999e-13,0
2060373044366_Node0_Node8_Zero,2063.371891,2063.372982,0,,0,8.179201821908484e-13,0
2060471404876_Node0_Node8_Zero,2063.472123,2063.472123,1,Expiry,0,1.11482933625e-12,nan
2060569768888_Node0_Node8_Zero,2063.572467,2063.572467,1,Expiry,0,1.332576162751444e-12,nan
2060573864676_Node0_Node8_Zero,2063.574417,2063.574417,1,Expiry,0,4.19700456e-14,nan
2060577965862_Node0_Node8_Zero,2063.574417,2063.575588,0,,0,7.572525408e-13,0
2060627154814_Node0_Node8_Zero,2063.629642,2063.629642,1,Expiry,0,1.332576162751444e-12,nan
2060631253187_Node0_Node8_Zero,2063.631572,2063.631572,1,Expiry,0,1.332576162751444e-12,nan
2060635349448_Node0_Node8_Zero,2063.631572,2063.632683,0,,0,7.572525408e-13,0
2060639445515_Node0_Node8_Zero,2063.634695,2063.636686,0,,0,8.045808246e-13,0
2060643543203_Node0_Node8_Zero,2063.634695,2063.636686,0,,0,8.045808246e-13,0
2060717321760_Node0_Node8_Zero,2063.71681,2063.717941,0,,0,7.992225864e-13,0
2060725520687_Node0_Node8_Zero,2063.724529,2063.72572,0,,0,7.572525408e-13,0
2060737818116_Node0_Node8_Zero,2063.734316,2063.735667,0,,0,8.738360007999999e-13,6.557819625e-14
2060741920062_Node0_Node8_Zero,2063.741226,2063.742417,0,,0,7.572525408e-13,0
2060746021302_Node0_Node8_Zero,2063.74638,2063.74638,1,Expiry,0,1.089149934703775e-12,nan
2060750117189_Node0_Node8_Zero,2063.74638,2063.747551,0,,0,7.572525408e-13,0
2060782891850_Node0_Node8_Zero,2063.780102,2063.781413,0,,1,1.407775518334938e-13,3.036266615539793e-14
2060791087018_Node0_Node8_Zero,2063.785735,2063.787087,0,,0,7.572525408e-13,0
2060799288633_Node0_Node8_Zero,2063.796524,2063.797875,0,,0,8.018852665860727e-14,5.132065706150865e-14
2060807489132_Node0_Node8_Zero,2063.801659,2063.80275,0,,0,1.272450011645389e-13,8.143680074530488e-14
2060811587671_Node0_Node8_Zero,2063.811868,2063.811868,1,Expiry,0,1.1864738054160116e-12,nan
2060815690247_Node0_Node8_Zero,2063.811868,2063.8132,0,,0,7.572525408e-13,0
2060819788683_Node0_Node8_Zero,2063.819928,2063.819928,1,Expiry,0,1.4567092695709886e-12,nan
2060823886473_Node0_Node8_Zero,2063.819928,2063.821279,0,,0,7.572525408e-13,6.165119561401365e-14
2060827989618_Node0_Node8_Zero,2063.828504,2063.828504,1,Expiry,0,1.1886091089609241e-12,nan
2060832087364_Node0_Node8_Zero,2063.828504,2063.829795,0,,0,7.572525408e-13,0
2060840282787_Node0_Node8_Zero,2063.8415,2063.8415,1,Expiry,0,1.412910588186754e-12,nan
2060844383918_Node0_Node8_Zero,2063.848149,2063.848149,1,Expiry,0,1.332576162751444e-12,nan
2060848485731_Node0_Node8_Zero,2063.848149,2063.849381,0,,0,7.572525408e-13,0
2060852580867_Node0_Node8_Zero,2063.853762,2063.853762,1,Expiry,0,1.11482933625e-12,nan
2060856675668_Node0_Node8_Zero,2063.853762,2063.854833,0,,0,7.572525408e-13,0
2060864865945_Node0_Node8_Zero,2063.86262,2063.863931,0,,0,1.1658346e-13,0
2060901755497_Node0_Node8_Zero,2063.904749,2063.904749,1,Expiry,0,1.2263619327692854e-12,nan
2060905857545_Node0_Node8_Zero,2063.904749,2063.905881,0,,0,8.2283073705e-13,0
2060914050543_Node0_Node8_Zero,2063.911818,2063.912949,0,,0,7.863984058e-13,0
2060950942244_Node0_Node8_Zero,2063.95319,2063.95319,1,Expiry,0,1.3552013213375056e-12,nan
2060955044778_Node0_Node8_Zero,2063.95319,2063.958166,0,,0,7.572525408e-13,0
2060959139869_Node0_Node8_Zero,2063.962068,2063.962068,1,Expiry,0,1.3083249287685133e-12,nan
2060963242212_Node0_Node8_Zero,2063.962068,2063.963379,0,,0,7.572525408e-13,4.19700456e-14
2060967339193_Node0_Node8_Zero,2063.965211,2063.967402,0,,0,8.738360007999999e-13,0
2060971434883_Node0_Node8_Zero,2063.965211,2063.967402,0,,0,8.738360007999999e-13,0
2060975531535_Node0_Node8_Zero,2063.971041,2063.973092,0,,0,8.490751486033155e-13,5.876646899412195e-14
2060979631863_Node0_Node8_Zero,2063.971041,2063.973092,0,,0,8.490751486033155e-13,5.876646899412195e-14
2061020601093_Node0_Node8_Zero,2064.021866,2064.021866,1,Expiry,0,1.332576162751444e-12,nan
2061024703326_Node0_Node8_Zero,2064.021866,2064.024202,0,,47,8.738360007999999e-13,0
2061028804374_Node0_Node8_Zero,2064.022956,2064.025392,0,,1,7.572525408e-13,0
2061036995115_Node0_Node8_Zero,2064.037387,2064.037387,1,Expiry,0,1.266997966501444e-12,nan
2061049284268_Node0_Node8_Zero,2064.05027,2064.05027,1,Expiry,0,1.078397005e-12,nan
2061053387473_Node0_Node8_Zero,2064.05027,2064.051362,0,,0,8.738360007999999e-13,0
2061061586991_Node0_Node8_Zero,2064.058128,2064.05922,0,,0,7.572525408e-13,0
2061057483648_Node0_Node8_Zero,2064.066273,2064.066273,1,Expiry,0,1.1661111136928027e-12,nan
2061073878468_Node0_Node8_Zero,2064.067483,2064.069833,0,,0,3.519438795837345e-14,2.585710135717233e-14
2061077974220_Node0_Node8_Zero,2064.080156,2064.080156,1,Expiry,0,1.091258608015699e-12,nan
2061082074323_Node0_Node8_Zero,2064.080156,2064.081408,0,,0,7.572525408e-13,0
2061090271904_Node0_Node8_Zero,2064.084896,2064.087007,0,,0,7.572525408e-13,0
2061086174970_Node0_Node8_Zero,2064.084896,2064.087007,0,,0,7.572525408e-13,0
2061094370702_Node0_Node8_Zero,2064.088873,2064.091996,0,,47,7.572525408e-13,0
2061102572845_Node0_Node8_Zero,2064.088873,2064.091996,0,,47,7.572525408e-13,0
2061168131628_Node0_Node8_Zero,2064.16838,2064.16838,1,Expiry,0,1.2343274628432761e-12,nan
2061192721286_Node0_Node8_Zero,2064.192537,2064.193668,0,,0,7.572525408e-13,4.19700456e-14
2061205016138_Node0_Node8_Zero,2064.203522,2064.204733,0,,0,4.251248951698846e-14,0
2061233705764_Node0_Node8_Zero,2064.232492,2064.233743,0,,0,8.2283073705e-13,0
2061241909026_Node0_Node8_Zero,2064.241382,2064.242694,0,,1,8.980300926334938e-13,0
2061266495132_Node0_Node8_Zero,2064.26686,2064.26686,1,Expiry,0,1.3547419372487482e-12,nan
2061274692690_Node0_Node8_Zero,2064.274508,2064.275779,0,,0,6.557819625e-14,4.19700456e-14
2061282890856_Node0_Node8_Zero,2064.283583,2064.283583,1,Expiry,0,1.04925114e-12,nan
2061295174088_Node0_Node8_Zero,2064.294984,2064.296095,0,,0,7.572525408e-13,0
2061299272126_Node0_Node8_Zero,2064.299366,2064.299366,1,Expiry,0,1.266997966501444e-12,nan
2061323843750_Node0_Node8_Zero,2064.32258,2064.323671,0,,0,6.557819625e-14,4.19700456e-14
2061336149654_Node0_Node8_Zero,2064.330473,2064.331585,0,,0,7.572525408e-13,0
2061352539808_Node0_Node8_Zero,2064.345771,2064.347022,0,,0,7.992225864e-13,0
2061438613333_Node0_Node8_Zero,2064.438436,2064.439708,0,,0,8.738360007999999e-13,6.557819625e-14
2061446802575_Node0_Node8_Zero,2064.446457,2064.447648,0,,0,8.412921769294089e-13,5.836085842320063e-14
2061467293631_Node0_Node8_Zero,2064.467963,2064.467963,1,Expiry,0,1.332576162751444e-12,nan
2061475497566_Node0_Node8_Zero,2064.475691,2064.475691,1,Expiry,0,1.254187305210924e-12,nan
2061487793095_Node0_Node8_Zero,2064.484283,2064.486234,0,,0,1.1658346e-13,6.557819625e-14
2061495987532_Node0_Node8_Zero,2064.484283,2064.486234,0,,0,1.1658346e-13,6.557819625e-14
2061491887695_Node0_Node8_Zero,2064.493493,2064.493493,1,Expiry,0,1.266997966501444e-12,nan
2061500083968_Node0_Node8_Zero,2064.493493,2064.496711,0,,47,8.2283073705e-13,0
2061504177711_Node0_Node8_Zero,2064.495637,2064.498934,0,,48,8.738360007999999e-13,0
2061512374260_Node0_Node8_Zero,2064.51105,2064.512401,0,,0,8.34062078640231e-13,0
2061532876345_Node0_Node8_Zero,2064.528584,2064.529875,0,,0,8.2283073705e-13,0
2061536979251_Node0_Node8_Zero,2064.537997,2064.537997,1,Expiry,0,8.087510632367357e-14,nan
2061553376051_Node0_Node8_Zero,2064.55074,2064.551911,0,,0,6.557819625e-14,0
2061577961411_Node0_Node8_Zero,2064.578259,2064.578259,1,Expiry,0,6.557819625e-14,nan
2061586162436_Node0_Node8_Zero,2064.583157,2064.584488,0,,0,7.572525408e-13,0
2061635349850_Node0_Node8_Zero,2064.637186,2064.637186,1,Expiry,0,1.228507903664699e-12,nan
2061639446726_Node0_Node8_Zero,2064.644826,2064.644826,1,Expiry,0,1.11482933625e-12,nan
2061643541246_Node0_Node8_Zero,2064.644826,2064.644826,1,Expiry,0,1.11482933625e-12,nan
2061664026455_Node0_Node8_Zero,2064.668836,2064.668836,1,Expiry,0,6.557819625e-14,nan
2061668123427_Node0_Node8_Zero,2064.668836,2064.668836,1,Expiry,0,6.557819625e-14,nan
2061676315919_Node0_Node8_Zero,2064.670786,2064.674801,0,,0,7.971513355037749e-13,0
2061672221599_Node0_Node8_Zero,2064.670786,2064.674801,0,,0,7.971513355037749e-13,0
2061680412050_Node0_Node8_Zero,2064.680523,2064.680523,1,Expiry,0,1.3121986884443762e-12,nan
2061684506078_Node0_Node8_Zero,2064.680523,2064.681674,0,,0,6.557819625e-14,0
2061692707525_Node0_Node8_Zero,2064.688574,2064.690745,0,,0,7.863984058e-13,0
2061688604664_Node0_Node8_Zero,2064.688574,2064.690745,0,,0,7.863984058e-13,0
2061901760383_Node0_Node8_Zero,2064.902203,2064.902203,1,Expiry,0,1.2207003495115515e-12,nan
2061909950600_Node0_Node8_Zero,2064.908638,2064.90975,0,,0,8.2283073705e-13,0
2061914050574_Node0_Node8_Zero,2064.915678,2064.915678,1,Expiry,0,1.1886091089609241e-12,nan
2061918149617_Node0_Node8_Zero,2064.915678,2064.916789,0,,1,8.844975419645388e-13,0
2061926348922_Node0_Node8_Zero,2064.928843,2064.928843,1,Expiry,0,1.3137188065805504e-12,nan
2061930449684_Node0_Node8_Zero,2064.928843,2064.929954,0,,0,7.572525408e-13,0
2061934544889_Node0_Node8_Zero,2064.938233,2064.938233,1,Expiry,0,1.2896058972228855e-12,nan
2061938640873_Node0_Node8_Zero,2064.938233,2064.939504,0,,1,9.412165539992891e-13,0
2061942739959_Node0_Node8_Zero,2064.941368,2064.942619,0,,0,9.600738123494262e-14,6.144472399036327e-14
2061983732461_Node0_Node8_Zero,2064.983425,2064.984756,0,,0,8.41391712e-14,4.73282838e-14
2061991922336_Node0_Node8_Zero,2064.98956,2064.990911,0,,0,1.1658346e-13,0
2062004224520_Node0_Node8_Zero,2064.998541,2064.999872,0,,0,1.1658346e-13,0
2062008325992_Node0_Node8_Zero,2065.006428,2065.008519,0,,0,7.572525408e-13,0
2062012422037_Node0_Node8_Zero,2065.006428,2065.008519,0,,0,7.572525408e-13,0
2062073892634_Node0_Node8_Zero,2065.071281,2065.072533,0,,1,1.4674832463708485e-13,0
2062090285450_Node0_Node8_Zero,2065.091938,2065.091938,1,Expiry,0,4.2130306521422507e-14,nan
2062094381207_Node0_Node8_Zero,2065.093808,2065.095759,0,,0,1.1658346e-13,6.557819625e-14
2062098481775_Node0_Node8_Zero,2065.093808,2065.095759,0,,0,1.1658346e-13,6.557819625e-14
2062106670290_Node0_Node8_Zero,2065.100435,2065.101686,0,,0,8.2283073705e-13,0
2062114861813_Node0_Node8_Zero,2065.117002,2065.117002,1,Expiry,0,1.2447652502391988e-12,nan
2062123061006_Node0_Node8_Zero,2065.120867,2065.122179,0,,0,7.680953784023101e-14,5.333995683349376e-14
2062118962204_Node0_Node8_Zero,2065.120867,2065.120867,1,Expiry,0,1.126060677840231e-12,nan
2062131262215_Node0_Node8_Zero,2065.12831,2065.129582,0,,0,8.2283073705e-13,0
2062135357081_Node0_Node8_Zero,2065.136383,2065.136383,1,Expiry,0,1.3338793274686624e-12,nan
2062139451769_Node0_Node8_Zero,2065.136383,2065.137614,0,,0,9.385618622913978e-14,6.006795918664946e-14
2062147650733_Node0_Node8_Zero,2065.148138,2065.148138,1,Expiry,0,3.644961335580017e-14,nan
2062151753462_Node0_Node8_Zero,2065.153866,2065.153866,1,Expiry,0,1.126060677840231e-12,nan
2062155851011_Node0_Node8_Zero,2065.153866,2065.157022,0,,89,7.907636708959382e-13,0
2062164049231_Node0_Node8_Zero,2065.155923,2065.161081,0,,48,8.14706805173436e-13,0
2062159950080_Node0_Node8_Zero,2065.155923,2065.161081,0,,48,8.14706805173436e-13,0
2062172249730_Node0_Node8_Zero,2065.159082,2065.163364,0,,47,7.572525408e-13,0
2062205046058_Node0_Node8_Zero,2065.205505,2065.205505,1,Expiry,0,1.1972740276242344e-12,nan
2062221444363_Node0_Node8_Zero,2065.219947,2065.221178,0,,0,5.333995683349376e-14,3.9188539714403574e-14
2062246028804_Node0_Node8_Zero,2065.244518,2065.24579,0,,0,7.572525408e-13,0
2062254228860_Node0_Node8_Zero,2065.252275,2065.253547,0,,0,7.572525408e-13,8.049187715965793e-14
2062278820108_Node0_Node8_Zero,2065.279628,2065.279628,1,Expiry,0,1.0912211856e-12,nan
2062287020916_Node0_Node8_Zero,2065.286247,2065.287518,0,,0,8.738360007999999e-13,0
2062512452691_Node0_Node8_Zero,2065.51138,2065.512591,0,,0,6.557819625e-14,0
2062520652748_Node0_Node8_Zero,2065.52094,2065.52094,1,Expiry,0,1.1886091089609241e-12,nan
2062524752166_Node0_Node8_Zero,2065.525788,2065.525788,1,Expiry,0,1.3235819753294544e-12,nan
2062528848235_Node0_Node8_Zero,2065.525788,2065.52694,0,,0,7.680953784023101e-14,5.333995683349376e-14
2062537045546_Node0_Node8_Zero,2065.535558,2065.536889,0,,0,7.572525408e-13,4.19700456e-14
2062545238896_Node0_Node8_Zero,2065.542589,2065.54378,0,,0,7.572525408e-13,0
2062553438473_Node0_Node8_Zero,2065.547567,2065.548698,0,,0,3.9898794703775013e-14,2.931340019052858e-14
2062610812835_Node0_Node8_Zero,2065.60576,2065.606911,0,,0,8.2283073705e-13,0
2062619013211_Node0_Node8_Zero,2065.617122,2065.618433,0,,0,7.992225864e-13,0
2062643603807_Node0_Node8_Zero,2065.644497,2065.644497,1,Expiry,0,6.557819625e-14,nan
2062651797912_Node0_Node8_Zero,2065.650339,2065.653738,0,,46,7.572525408e-13,0
2062659986472_Node0_Node8_Zero,2065.652664,2065.654787,0,,1,7.572525408e-13,0
2062676378351_Node0_Node8_Zero,2065.679546,2065.679546,1,Expiry,0,1.1076119984232006e-12,nan
2062680480685_Node0_Node8_Zero,2065.681436,2065.681436,1,Expiry,0,3.519438795837345e-14,nan
2062684579964_Node0_Node8_Zero,2065.681436,2065.682767,0,,1,9.340278248462203e-13,2.6447313462411344e-14
2062696871009_Node0_Node8_Zero,2065.695837,2065.697108,0,,0,7.572525408e-13,0
2062705063241_Node0_Node8_Zero,2065.710824,2065.710824,1,Expiry,0,1.11482933625e-12,nan
2062709157665_Node0_Node8_Zero,2065.712694,2065.712694,1,Expiry,0,1.3203379233349378e-12,nan
2062713252382_Node0_Node8_Zero,2065.712694,2065.713845,0,,0,8.2283073705e-13,0
2062717354758_Node0_Node8_Zero,2065.715817,2065.717828,0,,0,7.572525408e-13,0
2062721455715_Node0_Node8_Zero,2065.715817,2065.717828,0,,0,7.572525408e-13,0
2062725551603_Node0_Node8_Zero,2065.73058,2065.73058,1,Expiry,0,6.557819625e-14,nan
2062733743693_Node0_Node8_Zero,2065.73058,2065.731691,0,,0,6.557819625e-14,4.19700456e-14
2062729650035_Node0_Node8_Zero,2065.733664,2065.733664,1,Expiry,0,1.2473098926663352e-12,nan
2062737839947_Node0_Node8_Zero,2065.733664,2065.737032,0,,94,7.572525408e-13,0
2062741936564_Node0_Node8_Zero,2065.734734,2065.739155,0,,95,6.557819625e-14,4.19700456e-14
2062746035228_Node0_Node8_Zero,2065.745739,2065.74789,0,,0,7.572525408e-13,0
2062750134371_Node0_Node8_Zero,2065.745739,2065.74789,0,,0,7.572525408e-13,0
2062774712861_Node0_Node8_Zero,2065.775202,2065.775202,1,Expiry,0,1.2137332988891104e-12,nan
2062782906817_Node0_Node8_Zero,2065.782514,2065.783705,0,,0,7.572525408e-13,0
2062844364520_Node0_Node8_Zero,2065.843577,2065.844828,0,,0,8.2283073705e-13,4.19700456e-14
2062864856815_Node0_Node8_Zero,2065.865943,2065.865943,1,Expiry,0,1.270045909706229e-12,nan
2062868959664_Node0_Node8_Zero,2065.870251,2065.870251,1,Expiry,0,6.557819625e-14,nan
2062873060346_Node0_Node8_Zero,2065.870251,2065.871382,0,,0,8.2283073705e-13,0
2062893549148_Node0_Node8_Zero,2065.894144,2065.894144,1,Expiry,0,1.385233310996722e-12,nan
2062897649093_Node0_Node8_Zero,2065.894144,2065.895315,0,,0,6.557819625e-14,4.19700456e-14
2062922243601_Node0_Node8_Zero,2065.927869,2065.927869,1,Expiry,0,1.1886091089609241e-12,nan
2062926342115_Node0_Node8_Zero,2065.927869,2065.927869,1,Expiry,0,1.1886091089609241e-12,nan
2062934544498_Node0_Node8_Zero,2065.935929,2065.935929,1,Expiry,0,1.0912211856e-12,nan
2062942739297_Node0_Node8_Zero,2065.939824,2065.942858,0,,0,2.9145865e-14,2.1413288571428573e-14
2062938643454_Node0_Node8_Zero,2065.939824,2065.939824,1,Expiry,0,1.04925114e-12,nan
2062946840570_Node0_Node8_Zero,2065.946717,2065.948708,0,,0,7.572525408e-13,0
2062950942268_Node0_Node8_Zero,2065.946717,2065.948708,0,,0,7.572525408e-13,0
2062955045574_Node0_Node8_Zero,2065.9507,2065.955728,0,,136,7.572525408e-13,0
2062959145834_Node0_Node8_Zero,2065.9507,2065.955728,0,,136,7.572525408e-13,0
2062963244657_Node0_Node8_Zero,2065.953741,2065.957718,0,,1,7.572525408e-13,0
2062967339297_Node0_Node8_Zero,2065.953741,2065.957718,0,,1,7.572525408e-13,0
2063233744599_Node0_Node8_Zero,2066.236608,2066.236608,1,Expiry,0,1.2221286923362746e-12,nan
2063241946697_Node0_Node8_Zero,2066.239693,2066.240824,0,,1,9.271759576334939e-13,0
2063250139902_Node0_Node8_Zero,2066.243928,2066.244999,0,,0,8.527790903504258e-14,5.922077016322402e-14
2063270638114_Node0_Node8_Zero,2066.270084,2066.271175,0,,0,7.572525408e-13,0
2063274740174_Node0_Node8_Zero,2066.273739,2066.27489,0,,0,7.863984058e-13,2.1413288571428573e-14
2063282939686_Node0_Node8_Zero,2066.27855,2066.279781,0,,0,8.34062078640231e-13,0
2063299334846_Node0_Node8_Zero,2066.297938,2066.299209,0,,0,7.572525408e-13,6.557819625e-14
2063307525034_Node0_Node8_Zero,2066.305181,2066.306513,0,,0,1.2001490287536095e-13,0
2063319823318_Node0_Node8_Zero,2066.315731,2066.317063,0,,0,8.502382059009061e-13,0
2063323917407_Node0_Node8_Zero,2066.322752,2066.323883,0,,0,8.167633664645799e-13,0
2063332113190_Node0_Node8_Zero,2066.329443,2066.330814,0,,0,8.2283073705e-13,4.19700456e-14
2063360804047_Node0_Node8_Zero,2066.360311,2066.361462,0,,1,9.168989357578535e-13,0
2063368999166_Node0_Node8_Zero,2066.36922,2066.36922,1,Expiry,0,1.2263619327692854e-12,nan
2063373102122_Node0_Node8_Zero,2066.372943,2066.375154,0,,0,1.5233016379452035e-13,8.568571713441769e-14
2063377200774_Node0_Node8_Zero,2066.372943,2066.375154,0,,0,1.5233016379452035e-13,8.568571713441769e-14
2063385400339_Node0_Node8_Zero,2066.381954,2066.383045,0,,1,9.097940874158962e-13,0
2063381297482_Node0_Node8_Zero,2066.381954,2066.381954,1,Expiry,0,1.2216304911201101e-12,nan
2063389499060_Node0_Node8_Zero,2066.390306,2066.390306,1,Expiry,0,1.04925114e-12,nan
2063393594726_Node0_Node8_Zero,2066.390306,2066.391617,0,,0,7.572525408e-13,0
2063401789611_Node0_Node8_Zero,2066.396791,2066.398082,0,,0,7.971513355037749e-13,0
2063582129092_Node0_Node8_Zero,2066.58051,2066.581861,0,,0,8.2283073705e-13,0
2063635411762_Node0_Node8_Zero,2066.63648,2066.63648,1,Expiry,0,1.1886091089609241e-12,nan
2063659997800_Node0_Node8_Zero,2066.659584,2066.660815,0,,0,6.557819625e-14,4.19700456e-14
2063668197316_Node0_Node8_Zero,2066.666219,2066.66749,0,,0,1.407775518334938e-13,7.918737290634025e-14
2063688687114_Node0_Node8_Zero,2066.688551,2066.689862,0,,0,7.572525408e-13,0
2063692787924_Node0_Node8_Zero,2066.690874,2066.692085,0,,0,7.572525408e-13,0
2063696887226_Node0_Node8_Zero,2066.696374,2066.697645,0,,0,8.2283073705e-13,0
2063700988555_Node0_Node8_Zero,2066.700246,2066.701537,0,,0,1.2503580446506782e-13,8.00229148576434e-14
2063709179588_Node0_Node8_Zero,2066.712447,2066.712447,1,Expiry,0,1.4509878022869314e-12,nan
2063717379739_Node0_Node8_Zero,2066.713603,2066.714874,0,,0,9.298566510090616e-14,5.951082566457995e-14
2063725580281_Node0_Node8_Zero,2066.719754,2066.721005,0,,0,7.572525408e-13,0
2063733781736_Node0_Node8_Zero,2066.73241,2066.733701,0,,0,8.170344939461736e-13,0
2063889509313_Node0_Node8_Zero,2066.888353,2066.889425,0,,0,8.2283073705e-13,4.19700456e-14
2063901798447_Node0_Node8_Zero,2066.903256,2066.903256,1,Expiry,0,1.1886091089609241e-12,nan
2063905900295_Node0_Node8_Zero,2066.903256,2066.905361,0,,0,7.992225864e-13,0
2063909994015_Node0_Node8_Zero,2066.906377,2066.90868,0,,46,7.572525408e-13,0
2063914096523_Node0_Node8_Zero,2066.913833,2066.915184,0,,1,8.77267443675361e-13,0
2063930489525_Node0_Node8_Zero,2066.92772,2066.929072,0,,0,4.19700456e-14,2.9145865e-14
2063938679543_Node0_Node8_Zero,2066.939447,2066.939447,1,Expiry,0,1.04925114e-12,nan
2063946879387_Node0_Node8_Zero,2066.944419,2066.945531,0,,0,8.047969051584369e-13,0
2063955078671_Node0_Node8_Zero,2066.956138,2066.956138,1,Expiry,0,4.19700456e-14,nan
2063979658743_Node0_Node8_Zero,2066.980096,2066.980096,1,Expiry,0,4.19700456e-14,nan
2064004246814_Node0_Node8_Zero,2067.00244,2067.003691,0,,0,8.2283073705e-13,4.19700456e-14
2064012447611_Node0_Node8_Zero,2067.012902,2067.012902,1,Expiry,0,1.236581378644376e-12,nan
2064016546333_Node0_Node8_Zero,2067.014192,2067.015464,0,,0,8.167633664645799e-13,0
2064045232828_Node0_Node8_Zero,2067.042911,2067.044282,0,,0,8.243665133526044e-13,0
2064053426295_Node0_Node8_Zero,2067.051473,2067.052604,0,,1,9.069561399040837e-13,0
2064061625808_Node0_Node8_Zero,2067.059298,2067.060489,0,,0,8.2283073705e-13,4.19700456e-14
2064065720902_Node0_Node8_Zero,2067.069803,2067.069803,1,Expiry,0,1.2257150077219605e-12,nan
2064073917171_Node0_Node8_Zero,2067.069803,2067.071015,0,,0,7.572525408e-13,0
2064082113359_Node0_Node8_Zero,2067.081813,2067.083745,0,,0,8.738360007999999e-13,0
2064090312847_Node0_Node8_Zero,2067.081813,2067.083745,0,,0,8.738360007999999e-13,0
2064127185434_Node0_Node8_Zero,2067.124388,2067.125699,0,,0,7.572525408e-13,0
2064131279628_Node0_Node8_Zero,2067.131787,2067.131787,1,Expiry,0,1.317779219232254e-12,nan
2064135373950_Node0_Node8_Zero,2067.131787,2067.132998,0,,0,1.6530784906827762e-13,9.298566510090616e-14
2064147681195_Node0_Node8_Zero,2067.143934,2067.145225,0,,0,7.572525408e-13,0
2064159969597_Node0_Node8_Zero,2067.15922,2067.162375,0,,0,1.45729325e-13,2.1413288571428573e-14
2064164063980_Node0_Node8_Zero,2067.165091,2067.165091,1,Expiry,0,1.0912211856e-12,nan
2064168164721_Node0_Node8_Zero,2067.165091,2067.166363,0,,0,7.992225864e-13,0
2064192768578_Node0_Node8_Zero,2067.194747,2067.194747,1,Expiry,0,1.0912211856e-12,nan
2064196867816_Node0_Node8_Zero,2067.194747,2067.198002,0,,0,8.2283073705e-13,0
2064200961873_Node0_Node8_Zero,2067.199819,2067.20195,0,,0,7.572525408e-13,0
2064205058160_Node0_Node8_Zero,2067.199819,2067.20195,0,,0,7.572525408e-13,0
2064209151850_Node0_Node8_Zero,2067.209902,2067.209902,1,Expiry,0,1.3298688314473232e-12,nan
2064213247294_Node0_Node8_Zero,2067.209902,2067.214962,0,,88,7.971513355037749e-13,0
2064217345538_Node0_Node8_Zero,2067.213782,2067.216872,0,,0,3.382026394771211e-14,2.4847540859543588e-14
2064221441813_Node0_Node8_Zero,2067.213782,2067.216872,0,,0,3.382026394771211e-14,2.4847540859543588e-14
2064311591047_Node0_Node8_Zero,2067.312224,2067.312224,1,Expiry,0,1.2122490285307993e-12,nan
2064327988646_Node0_Node8_Zero,2067.321353,2067.322564,0,,0,7.992225864e-13,0
2064332083532_Node0_Node8_Zero,2067.332987,2067.332987,1,Expiry,0,1.2305791545609242e-12,nan
2064344381387_Node0_Node8_Zero,2067.345588,2067.345588,1,Expiry,0,1.248119934625504e-12,nan
2064348480065_Node0_Node8_Zero,2067.345588,2067.346799,0,,0,5.951082566457995e-14,4.1326962267069406e-14
2064401764996_Node0_Node8_Zero,2067.405588,2067.405588,1,Expiry,0,1.288982084720479e-12,nan
2064405863248_Node0_Node8_Zero,2067.405588,2067.408824,0,,88,7.935860192498416e-13,0
2064409958007_Node0_Node8_Zero,2067.407618,2067.410834,0,,0,3.5752265912785326e-14,0
2064414052813_Node0_Node8_Zero,2067.407618,2067.410834,0,,0,3.5752265912785326e-14,0
2064422246721_Node0_Node8_Zero,2067.422091,2067.423342,0,,0,7.932533405502663e-13,0
2064430436411_Node0_Node8_Zero,2067.431444,2067.431444,1,Expiry,0,1.0912211856e-12,nan
2064463235056_Node0_Node8_Zero,2067.464068,2067.464068,1,Expiry,0,1.2177549739609242e-12,nan
2064471432974_Node0_Node8_Zero,2067.470727,2067.471858,0,,0,7.572525408e-13,0
2064520602868_Node0_Node8_Zero,2067.521002,2067.521002,1,Expiry,0,1.2161068338051207e-12,nan
2064528807517_Node0_Node8_Zero,2067.528358,2067.529569,0,,0,8.34062078640231e-13,0
2064536996778_Node0_Node8_Zero,2067.536785,2067.537936,0,,0,7.572525408e-13,0
2064549292909_Node0_Node8_Zero,2067.548937,2067.550088,0,,0,8.738360007999999e-13,0
2064561585056_Node0_Node8_Zero,2067.553322,2067.556635,0,,49,7.572525408e-13,0
2064569780944_Node0_Node8_Zero,2067.56222,2067.563451,0,,0,7.680953784023101e-14,0
2064586181405_Node0_Node8_Zero,2067.586742,2067.586742,1,Expiry,0,1.346260727187771e-12,nan
2064602577362_Node0_Node8_Zero,2067.602583,2067.602583,1,Expiry,0,1.254187305210924e-12,nan
2064610768866_Node0_Node8_Zero,2067.611425,2067.611425,1,Expiry,0,1.2305791545609242e-12,nan
2064635363581_Node0_Node8_Zero,2067.637823,2067.637823,1,Expiry,0,1.2359373927609242e-12,nan
2064639459288_Node0_Node8_Zero,2067.639773,2067.639773,1,Expiry,0,1.1886091089609241e-12,nan
2064643560760_Node0_Node8_Zero,2067.639773,2067.640904,0,,0,7.863984058e-13,0
2064651753608_Node0_Node8_Zero,2067.648099,2067.64947,0,,0,5.3145124245601916e-14,0
2064659950972_Node0_Node8_Zero,2067.65698,2067.658112,0,,0,7.572525408e-13,0
2064676344868_Node0_Node8_Zero,2067.673852,2067.675183,0,,0,7.572525408e-13,0
2064725521330_Node0_Node8_Zero,2067.723983,2067.725194,0,,0,8.2283073705e-13,0
2064746011129_Node0_Node8_Zero,2067.749552,2067.749552,1,Expiry,0,1.2299360712279935e-12,nan
2064750106470_Node0_Node8_Zero,2067.752646,2067.752646,1,Expiry,0,1.1886091089609241e-12,nan
2064762402535_Node0_Node8_Zero,2067.75769,2067.758881,0,,0,7.992225864e-13,0
2064766498017_Node0_Node8_Zero,2067.766685,2067.766685,1,Expiry,0,1.332576162751444e-12,nan
2064774695997_Node0_Node8_Zero,2067.771757,2067.772869,0,,0,7.992225864e-13,2.9145865e-14
2064827972998_Node0_Node8_Zero,2067.827714,2067.829065,0,,0,7.572525408e-13,0
2064832075362_Node0_Node8_Zero,2067.831144,2067.832515,0,,0,6.557819625e-14,4.19700456e-14
2064840277417_Node0_Node8_Zero,2067.837858,2067.839229,0,,0,8.170344939461736e-13,0
2064864876495_Node0_Node8_Zero,2067.862793,2067.863924,0,,0,7.985795030670694e-13,0
2064881274225_Node0_Node8_Zero,2067.881538,2067.881538,1,Expiry,0,1.1886091089609241e-12,nan
2064889473708_Node0_Node8_Zero,2067.889746,2067.889746,1,Expiry,0,1.2654186468011551e-12,nan
2064905862340_Node0_Node8_Zero,2067.907939,2067.907939,1,Expiry,0,1.369868877837771e-12,nan
2064914059726_Node0_Node8_Zero,2067.913583,2067.914914,0,,0,1.407775518334938e-13,0
2064918153208_Node0_Node8_Zero,2067.918497,2067.918497,1,Expiry,0,7.680953784023101e-14,nan
2064922251458_Node0_Node8_Zero,2067.922104,2067.923335,0,,0,5.745426437343601e-14,3.9898794703775013e-14
2065037011211_Node0_Node8_Zero,2068.038037,2068.038037,1,Expiry,0,1.2400231412395226e-12,nan
2065045209087_Node0_Node8_Zero,2068.051578,2068.051578,1,Expiry,0,6.557819625e-14,nan
2065057508816_Node0_Node8_Zero,2068.06214,2068.06214,1,Expiry,0,1.3705981517400481e-12,nan
2065061610216_Node0_Node8_Zero,2068.06214,2068.06214,1,Expiry,0,1.3705981517400481e-12,nan
2065065707835_Node0_Node8_Zero,2068.06325,2068.064421,0,,1,9.069561399040837e-13,0
2065073902007_Node0_Node8_Zero,2068.076236,2068.076236,1,Expiry,0,1.3178127826639887e-12,nan
2065078002853_Node0_Node8_Zero,2068.076236,2068.077467,0,,1,8.844975419645388e-13,8.143680074530488e-14
2065086198884_Node0_Node8_Zero,2068.084326,2068.085637,0,,0,1.1658346e-13,6.557819625e-14
2065082098922_Node0_Node8_Zero,2068.084326,2068.084326,1,Expiry,0,1.3960688995158175e-12,nan
2065090295158_Node0_Node8_Zero,2068.089414,2068.090765,0,,0,7.572525408e-13,0
2065094391860_Node0_Node8_Zero,2068.094691,2068.094691,1,Expiry,0,3.69554230721698e-14,nan
2065110790402_Node0_Node8_Zero,2068.108471,2068.109602,0,,0,8.2283073705e-13,0
2065106687986_Node0_Node8_Zero,2068.108471,2068.108471,1,Expiry,0,1.04925114e-12,nan
2065118988944_Node0_Node8_Zero,2068.117022,2068.118094,0,,0,1.6530784906827762e-13,1.2229906529143473e-13
2065143583295_Node0_Node8_Zero,2068.149283,2068.149283,1,Expiry,0,1.2144709706171675e-12,nan
2065147681889_Node0_Node8_Zero,2068.149283,2068.149283,1,Expiry,0,1.2144709706171675e-12,nan
2065151780014_Node0_Node8_Zero,2068.15515,2068.15515,1,Expiry,0,1.2285044980689917e-12,nan
2065155879939_Node0_Node8_Zero,2068.15515,2068.159249,0,,88,7.572525408e-13,0
2065159974640_Node0_Node8_Zero,2068.158065,2068.164209,0,,135,7.932505006079725e-13,2.6447480675245058e-14
2065164077624_Node0_Node8_Zero,2068.158065,2068.164209,0,,135,7.932505006079725e-13,2.6447480675245058e-14
2065168176799_Node0_Node8_Zero,2068.161208,2068.166319,0,,47,3.339476245692556e-14,2.4534927519373878e-14
2065172277842_Node0_Node8_Zero,2068.161208,2068.166319,0,,47,3.339476245692556e-14,2.4534927519373878e-14
2065176380368_Node0_Node8_Zero,2068.162238,2068.167369,0,,1,7.572525408e-13,0
2065274733259_Node0_Node8_Zero,2068.274568,2068.275899,0,,0,8.2283073705e-13,4.19700456e-14
2065282930000_Node0_Node8_Zero,2068.281742,2068.282913,0,,0,7.992225864e-13,2.9145865e-14
2065315716897_Node0_Node8_Zero,2068.315948,2068.315948,1,Expiry,0,1.254187305210924e-12,nan
2065323916973_Node0_Node8_Zero,2068.323104,2068.324455,0,,0,4.19700456e-14,2.9145865e-14
2065332119420_Node0_Node8_Zero,2068.331356,2068.332447,0,,1,8.844975419645388e-13,0
2065348509118_Node0_Node8_Zero,2068.347078,2068.348309,0,,0,7.863984058e-13,2.1413288571428573e-14
2065356699386_Node0_Node8_Zero,2068.357525,2068.357525,1,Expiry,0,1.236531209066714e-12,nan
2065381302856_Node0_Node8_Zero,2068.381769,2068.381769,1,Expiry,0,1.2739505962727672e-12,nan
2065389505410_Node0_Node8_Zero,2068.38799,2068.389322,0,,0,7.863984058e-13,0
2065397699272_Node0_Node8_Zero,2068.398092,2068.398092,1,Expiry,0,1.1886091089609241e-12,nan
2065405902198_Node0_Node8_Zero,2068.399342,2068.400593,0,,0,6.557819625e-14,4.19700456e-14
2065414092579_Node0_Node8_Zero,2068.412428,2068.41354,0,,0,7.572525408e-13,0
2065438679883_Node0_Node8_Zero,2068.438767,2068.438767,1,Expiry,0,1.0912211856e-12,nan
2065455063193_Node0_Node8_Zero,2068.455215,2068.455215,1,Expiry,0,6.557819625e-14,nan
2065483764928_Node0_Node8_Zero,2068.482179,2068.483491,0,,0,7.572525408e-13,0
2065491954427_Node0_Node8_Zero,2068.490458,2068.491789,0,,0,7.572525408e-13,0
2065500151667_Node0_Node8_Zero,2068.499605,2068.500816,0,,0,7.572525408e-13,2.585710135717233e-14
2065553436537_Node0_Node8_Zero,2068.553156,2068.554507,0,,0,7.572525408e-13,0
2065610798612_Node0_Node8_Zero,2068.610317,2068.611548,0,,0,7.992225864e-13,0
2065631290721_Node0_Node8_Zero,2068.631681,2068.631681,1,Expiry,0,1.2116057035839751e-12,nan
2065635389872_Node0_Node8_Zero,2068.631681,2068.632952,0,,0,6.557819625e-14,0
2065643589857_Node0_Node8_Zero,2068.639013,2068.641205,0,,1,9.21719508409186e-13,0
2065639490983_Node0_Node8_Zero,2068.639013,2068.641205,0,,1,9.21719508409186e-13,0
2065651779777_Node0_Node8_Zero,2068.650388,2068.651579,0,,0,8.049187715965793e-14,5.151480138218107e-14
2065655882879_Node0_Node8_Zero,2068.658927,2068.658927,1,Expiry,0,1.3410923826375263e-12,nan
2065668171529_Node0_Node8_Zero,2068.664827,2068.666078,0,,0,2.9145865e-14,1.0060066147776882e-13
2065684565925_Node0_Node8_Zero,2068.683399,2068.684531,0,,1,9.271759576334939e-13,1.0060066147776882e-13
2065696864015_Node0_Node8_Zero,2068.698812,2068.698812,1,Expiry,0,1.348800979746722e-12,nan
2065700966245_Node0_Node8_Zero,2068.699902,2068.701273,0,,0,7.572525408e-13,0
2065709166186_Node0_Node8_Zero,2068.707998,2068.709369,0,,0,7.572525408e-13,0
2065717357391_Node0_Node8_Zero,2068.715815,2068.717166,0,,0,8.14706805173436e-13,0
2065729648961_Node0_Node8_Zero,2068.724756,2068.725947,0,,0,7.572525408e-13,0
2065762431568_Node0_Node8_Zero,2068.76343,2068.76343,1,Expiry,0,6.557819625e-14,nan
2065766530171_Node0_Node8_Zero,2068.76343,2068.764801,0,,0,7.572525408e-13,0
2065774727575_Node0_Node8_Zero,2068.775555,2068.775555,1,Expiry,0,1.322843633142189e-12,nan
2065791126663_Node0_Node8_Zero,2068.789412,2068.790603,0,,0,8.2283073705e-13,0
2065799317714_Node0_Node8_Zero,2068.800291,2068.800291,1,Expiry,0,1.3195711939511003e-12,nan
2065803415468_Node0_Node8_Zero,2068.805212,2068.805212,1,Expiry,0,4.8235659966176683e-14,nan
2065807515988_Node0_Node8_Zero,2068.805212,2068.806484,0,,0,8.738360007999999e-13,0
2065815718190_Node0_Node8_Zero,2068.815624,2068.816955,0,,0,4.19700456e-14,0
2065832102597_Node0_Node8_Zero,2068.830539,2068.831731,0,,0,8.2283073705e-13,0
2065840303063_Node0_Node8_Zero,2068.836575,2068.837646,0,,0,7.572525408e-13,0
2065856693684_Node0_Node8_Zero,2068.855359,2068.85667,0,,0,6.557819625e-14,4.19700456e-14
2065881283261_Node0_Node8_Zero,2068.881313,2068.881313,1,Expiry,0,4.73282838e-14,nan
2065889478290_Node0_Node8_Zero,2068.889097,2068.890308,0,,0,8.738360007999999e-13,6.557819625e-14
2065897668720_Node0_Node8_Zero,2068.894027,2068.896308,0,,1,8.980300926334938e-13,0
2065905860965_Node0_Node8_Zero,2068.901073,2068.902284,0,,0,8.2283073705e-13,0
2065938646967_Node0_Node8_Zero,2068.939539,2068.939539,1,Expiry,0,1.2305791545609242e-12,nan
2065942748343_Node0_Node8_Zero,2068.941529,2068.9436,0,,0,7.572525408e-13,0
2065946844448_Node0_Node8_Zero,2068.941529,2068.9436,0,,0,7.572525408e-13,0
2065955040192_Node0_Node8_Zero,2068.948138,2068.949289,0,,0,7.992225864e-13,0
2066004208229_Node0_Node8_Zero,2069.004593,2069.004593,1,Expiry,0,1.3702676539986315e-12,nan
2066012408731_Node0_Node8_Zero,2069.013449,2069.013449,1,Expiry,0,1.2712779795345753e-12,nan
2066016511887_Node0_Node8_Zero,2069.015383,2069.019419,0,,0,7.572525408e-13,0
2066020609840_Node0_Node8_Zero,2069.015383,2069.019419,0,,0,7.572525408e-13,0
2066024711202_Node0_Node8_Zero,2069.025075,2069.025075,1,Expiry,0,5.951082566457995e-14,nan
2066028811205_Node0_Node8_Zero,2069.025075,2069.026266,0,,0,7.572525408e-13,0
2066032914246_Node0_Node8_Zero,2069.028198,2069.030189,0,,0,8.176228768315947e-13,4.1923844466385253e-14
2066037011905_Node0_Node8_Zero,2069.028198,2069.030189,0,,0,8.176228768315947e-13,4.1923844466385253e-14
2066045206498_Node0_Node8_Zero,2069.043943,2069.045094,0,,0,7.572525408e-13,0
2066053408949_Node0_Node8_Zero,2069.051661,2069.052792,0,,0,8.051388828973051e-14,5.1528888505427524e-14
2066061609553_Node0_Node8_Zero,2069.058694,2069.059845,0,,0,7.941588770816679e-13,0
2066102600042_Node0_Node8_Zero,2069.099947,2069.101319,0,,0,7.572525408e-13,0
2066098497140_Node0_Node8_Zero,2069.099947,2069.099947,1,Expiry,0,1.2739505962727672e-12,nan
2066110798169_Node0_Node8_Zero,2069.108254,2069.109425,0,,0,8.49100839630879e-13,0
2066114899248_Node0_Node8_Zero,2069.121375,2069.121375,1,Expiry,0,1.3941244038663083e-12,nan
2066118997854_Node0_Node8_Zero,2069.121375,2069.121375,1,Expiry,0,1.3941244038663083e-12,nan
2066127195250_Node0_Node8_Zero,2069.123365,2069.125741,0,,47,7.932533405502663e-13,0
2066123092288_Node0_Node8_Zero,2069.123365,2069.123365,1,Expiry,0,1.2260936883707724e-12,nan
2066135396588_Node0_Node8_Zero,2069.124595,2069.127924,0,,48,7.572525408e-13,0
2066143590270_Node0_Node8_Zero,2069.14094,2069.142311,0,,1,1.464324025426803e-13,0
2066151793027_Node0_Node8_Zero,2069.146257,2069.150766,0,,48,7.572525408e-13,0
2066172294405_Node0_Node8_Zero,2069.173827,2069.173827,1,Expiry,0,1.2654186468011551e-12,nan
2066176393546_Node0_Node8_Zero,2069.176003,2069.181797,0,,89,7.572525408e-13,0
2066184592074_Node0_Node8_Zero,2069.176003,2069.181797,0,,89,7.572525408e-13,0
2066180488852_Node0_Node8_Zero,2069.179792,2069.183807,0,,1,7.572525408e-13,0
2066192787868_Node0_Node8_Zero,2069.179792,2069.183807,0,,1,7.572525408e-13,0
2066209187535_Node0_Node8_Zero,2069.208748,2069.209859,0,,0,1.5182303018765633e-13,8.540045448055668e-14
2066217382884_Node0_Node8_Zero,2069.217499,2069.217499,1,Expiry,0,6.557819625e-14,nan
2066225584589_Node0_Node8_Zero,2069.219629,2069.22172,0,,0,8.738360007999999e-13,0
2066221483744_Node0_Node8_Zero,2069.219629,2069.22172,0,,0,8.738360007999999e-13,0
2066233772748_Node0_Node8_Zero,2069.225769,2069.22686,0,,0,7.572525408e-13,0
2066241973905_Node0_Node8_Zero,2069.242202,2069.242202,1,Expiry,0,1.254187305210924e-12,nan
2066250166927_Node0_Node8_Zero,2069.248315,2069.249666,0,,0,7.992225864e-13,2.9145865e-14
2066274761474_Node0_Node8_Zero,2069.275501,2069.275501,1,Expiry,0,1.254187305210924e-12,nan
2066282962045_Node0_Node8_Zero,2069.281732,2069.283043,0,,0,8.738360007999999e-13,0
2066295251937_Node0_Node8_Zero,2069.294631,2069.295822,0,,0,8.2283073705e-13,0
2066299349112_Node0_Node8_Zero,2069.299243,2069.300595,0,,0,8.2283073705e-13,4.19700456e-14
2066307542651_Node0_Node8_Zero,2069.307646,2069.307646,1,Expiry,0,1.2654186468011551e-12,nan
2066315739238_Node0_Node8_Zero,2069.314888,2069.316099,0,,0,7.572525408e-13,0
2066348521918_Node0_Node8_Zero,2069.349479,2069.349479,1,Expiry,0,1.2888218237990565e-12,nan
2066369020143_Node0_Node8_Zero,2069.369851,2069.369851,1,Expiry,0,2.9145865e-14,nan
2066373122789_Node0_Node8_Zero,2069.369851,2069.371162,0,,0,8.2283073705e-13,0
2066397727224_Node0_Node8_Zero,2069.39767,2069.399002,0,,0,8.2283073705e-13,0
2066405921318_Node0_Node8_Zero,2069.404282,2069.405514,0,,0,8.403963612940891e-14,5.836085842320063e-14
2066430501797_Node0_Node8_Zero,2069.432875,2069.432875,1,Expiry,0,1.3282976083986315e-12,nan
2066434598514_Node0_Node8_Zero,2069.434745,2069.434745,1,Expiry,0,1.04925114e-12,nan
2066442801382_Node0_Node8_Zero,2069.435902,2069.438879,0,,0,7.572525408e-13,3.1293112484146884e-14
2066438700715_Node0_Node8_Zero,2069.44292,2069.44292,1,Expiry,0,1.0999310586600577e-12,nan
2066446896276_Node0_Node8_Zero,2069.44292,2069.446359,0,,46,7.572525408e-13,2.63314622043086e-14
2066450993829_Node0_Node8_Zero,2069.445232,2069.447429,0,,0,7.572525408e-13,0
2066594410680_Node0_Node8_Zero,2069.595271,2069.595271,1,Expiry,0,1.11482933625e-12,nan
2066602608365_Node0_Node8_Zero,2069.600934,2069.602025,0,,0,8.103976650456019e-13,3.6906336281668e-14
2066643580102_Node0_Node8_Zero,2069.642256,2069.643527,0,,0,7.572525408e-13,0
2066651775397_Node0_Node8_Zero,2069.650766,2069.654033,0,,47,3.599773221272655e-14,2.6447313462411344e-14
2066659971566_Node0_Node8_Zero,2069.652868,2069.655143,0,,1,7.924469287583734e-13,0
2066885372464_Node0_Node8_Zero,2069.8818,2069.883011,0,,0,4.19700456e-14,0
2067000100100_Node0_Node8_Zero,2070.000232,2070.000232,1,Expiry,0,6.557819625e-14,nan
2067094333555_Node0_Node8_Zero,2070.091564,2070.092735,0,,0,7.572525408e-13,0
2067114829779_Node0_Node8_Zero,2070.116936,2070.116936,1,Expiry,0,4.19700456e-14,nan
2067118925336_Node0_Node8_Zero,2070.116936,2070.118027,0,,0,7.572525408e-13,0
2067151707514_Node0_Node8_Zero,2070.15715,2070.15715,1,Expiry,0,1.306896761205219e-12,nan
2067155805777_Node0_Node8_Zero,2070.15902,2070.15902,1,Expiry,0,3.9898794703775013e-14,nan
2067159906774_Node0_Node8_Zero,2070.15902,2070.162196,0,,88,7.572525408e-13,0
2067164003392_Node0_Node8_Zero,2070.16089,2070.164366,0,,1,8.980300926334938e-13,0
2067168103325_Node0_Node8_Zero,2070.16089,2070.164366,0,,1,8.980300926334938e-13,0
2067176301015_Node0_Node8_Zero,2070.168635,2070.169726,0,,0,7.971513355037749e-13,0
2067196795022_Node0_Node8_Zero,2070.19181,2070.193141,0,,0,8.2283073705e-13,0
2067200889220_Node0_Node8_Zero,2070.197032,2070.198103,0,,0,8.49047499833552e-13,0
2067209085939_Node0_Node8_Zero,2070.207973,2070.209144,0,,0,8.2283073705e-13,0
2067217284294_Node0_Node8_Zero,2070.217296,2070.217296,1,Expiry,0,1.254187305210924e-12,nan
2067225476114_Node0_Node8_Zero,2070.222845,2070.223956,0,,0,1.1658346e-13,6.557819625e-14
2067221379853_Node0_Node8_Zero,2070.222845,2070.222845,1,Expiry,0,1.228397649882397e-12,nan
2067233681673_Node0_Node8_Zero,2070.230001,2070.233354,0,,48,1.407775518334938e-13,7.918737290634025e-14
2067241885222_Node0_Node8_Zero,2070.239243,2070.240335,0,,0,4.166210534531182e-14,3.060889372308624e-14
2067250082672_Node0_Node8_Zero,2070.252441,2070.252441,1,Expiry,0,1.1751733723339751e-12,nan
2067258281963_Node0_Node8_Zero,2070.255543,2070.256654,0,,0,8.2283073705e-13,4.19700456e-14
2067266483826_Node0_Node8_Zero,2070.260393,2070.261684,0,,0,7.985795030670694e-13,0
2067286975880_Node0_Node8_Zero,2070.284242,2070.285473,0,,0,6.557819625e-14,4.19700456e-14
2067295169076_Node0_Node8_Zero,2070.290962,2070.294314,0,,47,6.557819625e-14,4.19700456e-14
2067303361862_Node0_Node8_Zero,2070.29311,2070.296576,0,,49,9.208148517353623e-13,9.200379990114126e-14
2067307456966_Node0_Node8_Zero,2070.305898,2070.307089,0,,0,7.971513355037749e-13,0
2067319748300_Node0_Node8_Zero,2070.325729,2070.325729,1,Expiry,0,1.3005876178839753e-12,nan
2067323848540_Node0_Node8_Zero,2070.331529,2070.331529,1,Expiry,0,1.253801531649807e-12,nan
2067327943464_Node0_Node8_Zero,2070.331529,2070.331529,1,Expiry,0,1.253801531649807e-12,nan
2067332044777_Node0_Node8_Zero,2070.333439,2070.333439,1,Expiry,0,1.254187305210924e-12,nan
2067336138538_Node0_Node8_Zero,2070.333439,2070.33471,0,,0,1.513265088499517e-13,8.512116122809784e-14
2067344331406_Node0_Node8_Zero,2070.339152,2070.340484,0,,0,8.2283073705e-13,0
2067348429003_Node0_Node8_Zero,2070.347984,2070.349896,0,,0,7.572525408e-13,0
2067360724367_Node0_Node8_Zero,2070.347984,2070.349896,0,,0,7.572525408e-13,0
2067381221935_Node0_Node8_Zero,2070.381984,2070.381984,1,Expiry,0,1.04925114e-12,nan
2067397613592_Node0_Node8_Zero,2070.39807,2070.39807,1,Expiry,0,6.557819625e-14,nan
2067409907584_Node0_Node8_Zero,2070.410871,2070.410871,1,Expiry,0,1.272748280160924e-12,nan
2067414008707_Node0_Node8_Zero,2070.410871,2070.412022,0,,0,8.045808246e-13,0
2067422206487_Node0_Node8_Zero,2070.417171,2070.418263,0,,0,7.992225864e-13,0
2067426304425_Node0_Node8_Zero,2070.426379,2070.426379,1,Expiry,0,1.1886091089609241e-12,nan
2067430397805_Node0_Node8_Zero,2070.426379,2070.42775,0,,0,8.373621201207762e-13,5.127013076529677e-14
2067438589034_Node0_Node8_Zero,2070.43734,2070.438592,0,,0,8.423750508019789e-13,5.91128541680409e-14
2067565653389_Node0_Node8_Zero,2070.563269,2070.56462,0,,0,7.572525408e-13,0
2067573850407_Node0_Node8_Zero,2070.574657,2070.574657,1,Expiry,0,1.11482933625e-12,nan
2067582044919_Node0_Node8_Zero,2070.579785,2070.580936,0,,0,1.272450011645389e-13,8.143680074530488e-14
2067590245429_Node0_Node8_Zero,2070.589244,2070.590315,0,,0,8.502382059009061e-13,0
2067598444340_Node0_Node8_Zero,2070.600795,2070.600795,1,Expiry,0,1.2299360712279935e-12,nan
2067606637004_Node0_Node8_Zero,2070.603973,2070.605084,0,,0,8.2283073705e-13,0
2067614837179_Node0_Node8_Zero,2070.608822,2070.610173,0,,0,7.572525408e-13,0
2067709118636_Node0_Node8_Zero,2070.706119,2070.70725,0,,0,7.572525408e-13,0
2067721400753_Node0_Node8_Zero,2070.710997,2070.712088,0,,0,7.993828473214225e-13,3.0952878260636945e-14
2067737785793_Node0_Node8_Zero,2070.732047,2070.733298,0,,0,7.572525408e-13,0
2067745988777_Node0_Node8_Zero,2070.746269,2070.746269,1,Expiry,0,1.2555077977692854e-12,nan
2067750084198_Node0_Node8_Zero,2070.747579,2070.748691,0,,0,8.2283073705e-13,0
2067758280464_Node0_Node8_Zero,2070.752106,2070.753437,0,,0,6.557819625e-14,4.19700456e-14
2067762373934_Node0_Node8_Zero,2070.762198,2070.764249,0,,0,7.572525408e-13,2.1413288571428573e-14
2067774664482_Node0_Node8_Zero,2070.762198,2070.764249,0,,0,7.572525408e-13,2.1413288571428573e-14
2067786962712_Node0_Node8_Zero,2070.78595,2070.787261,0,,0,8.2283073705e-13,0
2067799256213_Node0_Node8_Zero,2070.79994,2070.79994,1,Expiry,0,1.332576162751444e-12,nan
2067807459334_Node0_Node8_Zero,2070.805557,2070.806789,0,,0,7.572525408e-13,0
2067827951681_Node0_Node8_Zero,2070.830318,2070.830318,1,Expiry,0,1.332576162751444e-12,nan
2067836149808_Node0_Node8_Zero,2070.832348,2070.837427,0,,88,7.572525408e-13,0
2067832054150_Node0_Node8_Zero,2070.832348,2070.832348,1,Expiry,0,1.04925114e-12,nan
2067840249928_Node0_Node8_Zero,2070.836309,2070.843165,0,,89,7.931205808582852e-13,0
2067844347680_Node0_Node8_Zero,2070.836309,2070.843165,0,,89,7.931205808582852e-13,0
2067848445697_Node0_Node8_Zero,2070.84125,2070.847199,0,,48,7.572525408e-13,3.147059232531562e-14
2067852539668_Node0_Node8_Zero,2070.84125,2070.847199,0,,48,7.572525408e-13,3.147059232531562e-14
2067856639178_Node0_Node8_Zero,2070.854947,2070.856919,0,,0,7.572525408e-13,2.641818608514827e-14
2067860740981_Node0_Node8_Zero,2070.854947,2070.856919,0,,0,7.572525408e-13,2.641818608514827e-14
2067864838808_Node0_Node8_Zero,2070.857931,2070.859242,0,,0,7.905712442973474e-13,0
2067868939850_Node0_Node8_Zero,2070.867326,2070.869377,0,,0,7.572525408e-13,0
2067873039905_Node0_Node8_Zero,2070.867326,2070.869377,0,,0,7.572525408e-13,0
2067901727710_Node0_Node8_Zero,2070.902439,2070.902439,1,Expiry,0,1.2335416962708014e-12,nan
2067905824105_Node0_Node8_Zero,2070.902439,2070.90351,0,,0,8.2283073705e-13,0
2067914025497_Node0_Node8_Zero,2070.909727,2070.912049,0,,0,7.572525408e-13,0
2067922224202_Node0_Node8_Zero,2070.922156,2070.925271,0,,0,7.572525408e-13,0
2067926323564_Node0_Node8_Zero,2070.927211,2070.927211,1,Expiry,0,3.0290101632e-14,nan
2067930423594_Node0_Node8_Zero,2070.927211,2070.928422,0,,0,8.2283073705e-13,0
2067938616675_Node0_Node8_Zero,2070.938823,2070.938823,1,Expiry,0,1.2167324845201538e-12,nan
2067946820159_Node0_Node8_Zero,2070.949976,2070.949976,1,Expiry,0,1.146027507333975e-12,nan
2067950917906_Node0_Node8_Zero,2070.951906,2070.951906,1,Expiry,0,1.1817316964163351e-12,nan
2067955015636_Node0_Node8_Zero,2070.951906,2070.952977,0,,0,7.572525408e-13,0
2067959114725_Node0_Node8_Zero,2070.958748,2070.960899,0,,0,7.572525408e-13,2.9145865e-14
2067967307429_Node0_Node8_Zero,2070.958748,2070.960899,0,,0,7.572525408e-13,2.9145865e-14
2068020587378_Node0_Node8_Zero,2071.023644,2071.023644,1,Expiry,0,1.1979726654828409e-12,nan
2068024686658_Node0_Node8_Zero,2071.023644,2071.026878,0,,0,7.572525408e-13,0
2068032881194_Node0_Node8_Zero,2071.028779,2071.03085,0,,0,8.2283073705e-13,4.19700456e-14
2068028785786_Node0_Node8_Zero,2071.028779,2071.03085,0,,0,8.2283073705e-13,4.19700456e-14
2068036983399_Node0_Node8_Zero,2071.038333,2071.038333,1,Expiry,0,3.9898794703775013e-14,nan
2068041085814_Node0_Node8_Zero,2071.038333,2071.039624,0,,0,7.924469287583734e-13,0
2068073883561_Node0_Node8_Zero,2071.074307,2071.074307,1,Expiry,0,1.2122490285307993e-12,nan
2068098467813_Node0_Node8_Zero,2071.099554,2071.099554,1,Expiry,0,1.2177549739609242e-12,nan
2068123052857_Node0_Node8_Zero,2071.124019,2071.124019,1,Expiry,0,4.19700456e-14,nan
2068147644188_Node0_Node8_Zero,2071.146037,2071.147368,0,,0,8.738360007999999e-13,2.462042211130157e-14
2068155842937_Node0_Node8_Zero,2071.154997,2071.156328,0,,0,7.572525408e-13,0
2068164040180_Node0_Node8_Zero,2071.159796,2071.160887,0,,0,7.572525408e-13,0
2068188638544_Node0_Node8_Zero,2071.188033,2071.189265,0,,0,7.572525408e-13,0
2068205031561_Node0_Node8_Zero,2071.203494,2071.204606,0,,0,8.738360007999999e-13,0
2068245999592_Node0_Node8_Zero,2071.246506,2071.246506,1,Expiry,0,1.11482933625e-12,nan
2068254204387_Node0_Node8_Zero,2071.252108,2071.253199,0,,0,7.572525408e-13,0
2068319777070_Node0_Node8_Zero,2071.319889,2071.319889,1,Expiry,0,1.254187305210924e-12,nan
2068323878569_Node0_Node8_Zero,2071.324441,2071.324441,1,Expiry,0,1.332576162751444e-12,nan
2068327977529_Node0_Node8_Zero,2071.324441,2071.325752,0,,0,1.407775518334938e-13,2.1413288571428573e-14
2068336179153_Node0_Node8_Zero,2071.335619,2071.33673,0,,1,1.407775518334938e-13,0
2068344376185_Node0_Node8_Zero,2071.340052,2071.343066,0,,0,8.2283073705e-13,4.19700456e-14
2068340281753_Node0_Node8_Zero,2071.340052,2071.343066,0,,0,8.2283073705e-13,4.19700456e-14
2068352568264_Node0_Node8_Zero,2071.345195,2071.349585,0,,47,7.572525408e-13,0
2068348470484_Node0_Node8_Zero,2071.348502,2071.348502,1,Expiry,0,1.3029956987141705e-12,nan
2068360772599_Node0_Node8_Zero,2071.352952,2071.354043,0,,0,7.572525408e-13,0
2068377165258_Node0_Node8_Zero,2071.377771,2071.377771,1,Expiry,0,2.9145865e-14,nan
2068438637187_Node0_Node8_Zero,2071.437328,2071.438499,0,,0,3.5752265912785326e-14,2.626697087469942e-14
2068491915729_Node0_Node8_Zero,2071.48959,2071.490802,0,,0,8.2283073705e-13,0
2068508313579_Node0_Node8_Zero,2071.5051,2071.506471,0,,0,1.1658346e-13,0
2068516508359_Node0_Node8_Zero,2071.51653,2071.51653,1,Expiry,0,1.2305791545609242e-12,nan
2068520606296_Node0_Node8_Zero,2071.51653,2071.517622,0,,0,7.992225864e-13,0
2068549292798_Node0_Node8_Zero,2071.551094,2071.551094,1,Expiry,0,6.557819625e-14,nan
2068553394638_Node0_Node8_Zero,2071.551094,2071.552325,0,,0,8.738360007999999e-13,0
2068557496020_Node0_Node8_Zero,2071.55737,2071.558581,0,,0,8.412921769294089e-13,0
2068565694863_Node0_Node8_Zero,2071.561321,2071.562652,0,,0,7.572525408e-13,0
2068618982010_Node0_Node8_Zero,2071.618246,2071.619417,0,,0,6.557819625e-14,4.19700456e-14
2068639463835_Node0_Node8_Zero,2071.63943,2071.641686,0,,47,7.572525408e-13,0
2068643567172_Node0_Node8_Zero,2071.64046,2071.642836,0,,1,8.738360007999999e-13,0
2068655860494_Node0_Node8_Zero,2071.654594,2071.655805,0,,1,9.125245843370236e-13,0
2068668151590_Node0_Node8_Zero,2071.668791,2071.668791,1,Expiry,0,1.11482933625e-12,nan
2068676353757_Node0_Node8_Zero,2071.675476,2071.67849,0,,0,7.572525408e-13,4.19700456e-14
2068672250942_Node0_Node8_Zero,2071.675476,2071.675476,1,Expiry,0,4.19700456e-14,nan
2068680456943_Node0_Node8_Zero,2071.680432,2071.682383,0,,0,8.738360007999999e-13,0
2068684556299_Node0_Node8_Zero,2071.680432,2071.682383,0,,0,8.738360007999999e-13,0
2068692749025_Node0_Node8_Zero,2071.690618,2071.691769,0,,0,8.14706805173436e-13,3.9898794703775013e-14
2068696842468_Node0_Node8_Zero,2071.698871,2071.698871,1,Expiry,0,1.0922047293338662e-12,nan
2068700941875_Node0_Node8_Zero,2071.698871,2071.699982,0,,0,8.002061301338662e-13,0
2068758307433_Node0_Node8_Zero,2071.758798,2071.758798,1,Expiry,0,1.2695836703980946e-12,nan
2068766500948_Node0_Node8_Zero,2071.765098,2071.766409,0,,1,8.852963282444288e-13,0
2068774700291_Node0_Node8_Zero,2071.769888,2071.771139,0,,0,8.143680074530488e-14,5.655333385090617e-14
2068782898427_Node0_Node8_Zero,2071.781448,2071.78264,0,,0,7.572525408e-13,0
2068840275753_Node0_Node8_Zero,2071.840876,2071.840876,1,Expiry,0,1.1886091089609241e-12,nan
2068848470619_Node0_Node8_Zero,2071.846964,2071.848255,0,,0,7.572525408e-13,0
2068873058069_Node0_Node8_Zero,2071.871351,2071.872682,0,,0,8.2283073705e-13,0
2068889445597_Node0_Node8_Zero,2071.887144,2071.888335,0,,0,8.077681863480708e-14,5.1697163926276533e-14
2068905831376_Node0_Node8_Zero,2071.904196,2071.905387,0,,1,8.844975419645388e-13,0
2068909934563_Node0_Node8_Zero,2071.916163,2071.916163,1,Expiry,0,1.208825319821103e-12,nan
2068914033235_Node0_Node8_Zero,2071.916163,2071.916163,1,Expiry,0,1.208825319821103e-12,nan
2068918128381_Node0_Node8_Zero,2071.918143,2071.918143,1,Expiry,0,1.3604749930780594e-12,nan
2068922231072_Node0_Node8_Zero,2071.918143,2071.919214,0,,0,8.509829489200872e-13,0
2068938631633_Node0_Node8_Zero,2071.936111,2071.937342,0,,0,8.738360007999999e-13,0
2068934535868_Node0_Node8_Zero,2071.936111,2071.936111,1,Expiry,0,6.557819625e-14,nan
2068946829386_Node0_Node8_Zero,2071.941161,2071.942472,0,,1,9.16290025539899e-13,9.67689083038034e-14
2068950932386_Node0_Node8_Zero,2071.951715,2071.951715,1,Expiry,0,4.251248951698846e-14,nan
2068955025889_Node0_Node8_Zero,2071.951715,2071.952887,0,,0,8.2283073705e-13,0
2068963219565_Node0_Node8_Zero,2071.960785,2071.961977,0,,0,1.6855828126213375e-13,9.481403320995023e-14
2068971418205_Node0_Node8_Zero,2071.965329,2071.96642,0,,0,8.2283073705e-13,0
2068975512660_Node0_Node8_Zero,2071.975522,2071.975522,1,Expiry,0,1.2108775614163352e-12,nan
2068979611108_Node0_Node8_Zero,2071.975522,2071.977775,0,,0,3.5958086615896257e-14,2.641818608514827e-14
2068987802563_Node0_Node8_Zero,2071.978828,2071.981111,0,,47,8.855463889924029e-13,0
2068991904634_Node0_Node8_Zero,2071.990659,2071.99281,0,,0,7.572525408e-13,5.1131799803131383e-14
2068996005687_Node0_Node8_Zero,2071.990659,2071.99281,0,,0,7.572525408e-13,5.1131799803131383e-14
2069000106798_Node0_Node8_Zero,2071.998835,2072.000826,0,,0,8.486643069536021e-13,0
2069004205244_Node0_Node8_Zero,2071.998835,2072.000826,0,,0,8.486643069536021e-13,0
2069012409599_Node0_Node8_Zero,2072.013553,2072.013553,1,Expiry,0,6.557819625e-14,nan
2069016503225_Node0_Node8_Zero,2072.015703,2072.017715,0,,0,3.599174157537475e-14,0
2069020598786_Node0_Node8_Zero,2072.015703,2072.017715,0,,0,3.599174157537475e-14,0
2069094390105_Node0_Node8_Zero,2072.093869,2072.095061,0,,0,8.2283073705e-13,0
2069102589047_Node0_Node8_Zero,2072.099029,2072.10024,0,,0,7.971513355037749e-13,0
2069110792604_Node0_Node8_Zero,2072.110079,2072.111331,0,,0,6.557819625e-14,0
2069118990544_Node0_Node8_Zero,2072.117039,2072.11811,0,,0,7.930048067127853e-13,2.626697087469942e-14
2069127187072_Node0_Node8_Zero,2072.126688,2072.127959,0,,0,6.557819625e-14,4.19700456e-14
2069135386943_Node0_Node8_Zero,2072.13414,2072.135371,0,,0,4.2130306521422507e-14,3.0952878260636945e-14
2069143580156_Node0_Node8_Zero,2072.140159,2072.14153,0,,0,8.2283073705e-13,4.19700456e-14
2069151770600_Node0_Node8_Zero,2072.150278,2072.15159,0,,1,8.980300926334938e-13,0
2069159963551_Node0_Node8_Zero,2072.155182,2072.157686,0,,1,8.41391712e-13,0
2069168158898_Node0_Node8_Zero,2072.160737,2072.161948,0,,0,7.572525408e-13,0
2069176361635_Node0_Node8_Zero,2072.176046,2072.17908,0,,0,7.572525408e-13,2.585710135717233e-14
2069180458732_Node0_Node8_Zero,2072.182108,2072.182108,1,Expiry,0,1.2332325656681767e-12,nan
2069184557309_Node0_Node8_Zero,2072.182108,2072.184284,0,,47,7.932654298949329e-13,0
2069192753738_Node0_Node8_Zero,2072.183198,2072.186587,0,,48,7.572525408e-13,0
2069274732034_Node0_Node8_Zero,2072.274636,2072.275887,0,,0,7.863984058e-13,0
2069291126397_Node0_Node8_Zero,2072.289367,2072.290478,0,,0,8.188034588350953e-14,5.686135130799273e-14
2069299325446_Node0_Node8_Zero,2072.297945,2072.299236,0,,0,7.572525408e-13,0
2069311622054_Node0_Node8_Zero,2072.311799,2072.311799,1,Expiry,0,1.2086439388577282e-12,nan
2069315723745_Node0_Node8_Zero,2072.311799,2072.31305,0,,0,8.391328866835095e-13,5.686135130799273e-14
2069323923626_Node0_Node8_Zero,2072.322377,2072.323668,0,,0,8.2283073705e-13,0
2069328024219_Node0_Node8_Zero,2072.327888,2072.329179,0,,0,7.572525408e-13,0
2069348520724_Node0_Node8_Zero,2072.34629,2072.347382,0,,0,8.2283073705e-13,0
2069356718659_Node0_Node8_Zero,2072.355565,2072.356777,0,,0,6.557819625e-14,4.19700456e-14
2069364909756_Node0_Node8_Zero,2072.360295,2072.361586,0,,0,7.572525408e-13,0
2069405879389_Node0_Node8_Zero,2072.406625,2072.406625,1,Expiry,0,1.0912211856e-12,nan
2069430471729_Node0_Node8_Zero,2072.429086,2072.430157,0,,0,6.557819625e-14,4.19700456e-14
2069438667676_Node0_Node8_Zero,2072.439083,2072.439083,1,Expiry,0,1.2838161971427214e-12,nan
2069442771001_Node0_Node8_Zero,2072.442945,2072.442945,1,Expiry,0,1.0912330761223966e-12,nan
2069446866594_Node0_Node8_Zero,2072.442945,2072.444036,0,,0,7.572525408e-13,2.585710135717233e-14
2069455062324_Node0_Node8_Zero,2072.447481,2072.448772,0,,0,4.2953589333866294e-14,0
2069496053753_Node0_Node8_Zero,2072.494969,2072.49612,0,,0,7.572525408e-13,0
2069610825594_Node0_Node8_Zero,2072.610413,2072.611605,0,,0,8.738360007999999e-13,0
2069614928542_Node0_Node8_Zero,2072.615383,2072.615383,1,Expiry,0,1.2359373927609242e-12,nan
2069619031378_Node0_Node8_Zero,2072.615383,2072.623111,1,Expiry,144,2.1335982733397503e-13,nan
2069627234674_Node0_Node8_Zero,2072.616473,2072.626221,0,,98,7.572525408e-13,0
2069623132827_Node0_Node8_Zero,2072.621983,2072.626221,0,,2,7.572525408e-13,0
2069651820537_Node0_Node8_Zero,2072.649333,2072.652468,0,,0,7.572525408e-13,6.557819625e-14
2069655916156_Node0_Node8_Zero,2072.65512,2072.659054,0,,0,1.1658346e-13,6.557819625e-14
2069660019344_Node0_Node8_Zero,2072.65512,2072.659054,0,,0,1.1658346e-13,6.557819625e-14
2069664117180_Node0_Node8_Zero,2072.663225,2072.665413,1,Expiry,1,2.527109148304026e-13,nan
2069668211333_Node0_Node8_Zero,2072.663225,2072.669797,0,,48,3.598542302189307e-14,2.6438269975268382e-14
2069672305911_Node0_Node8_Zero,2072.67189,2072.672982,0,,0,7.87542642432e-13,0
2069758394185_Node0_Node8_Zero,2072.757366,2072.758677,0,,0,6.557819625e-14,4.19700456e-14
2069766594092_Node0_Node8_Zero,2072.767824,2072.767824,1,Expiry,0,1.2305791545609242e-12,nan
2069782990960_Node0_Node8_Zero,2072.782968,2072.784319,0,,0,7.572525408e-13,2.9145865e-14
2069815769980_Node0_Node8_Zero,2072.814408,2072.815659,0,,0,6.557819625e-14,4.19700456e-14
2069832167893_Node0_Node8_Zero,2072.829476,2072.830587,0,,0,7.572525408e-13,0
2069848566282_Node0_Node8_Zero,2072.84784,2072.848972,0,,0,5.951082566457995e-14,4.1326962267069406e-14
2069856770594_Node0_Node8_Zero,2072.860788,2072.860788,1,Expiry,0,1.2919401290192855e-12,nan
2069860871127_Node0_Node8_Zero,2072.862878,2072.862878,1,Expiry,0,2.9145865e-14,nan
2069864971013_Node0_Node8_Zero,2072.862878,2072.867817,0,,88,7.572525408e-13,3.036266615539793e-14
2069869070704_Node0_Node8_Zero,2072.866675,2072.869907,0,,0,7.572525408e-13,0
2069873168662_Node0_Node8_Zero,2072.866675,2072.869907,0,,0,7.572525408e-13,0
2069877269301_Node0_Node8_Zero,2072.875887,2072.877999,0,,0,7.572525408e-13,0
2069881368620_Node0_Node8_Zero,2072.875887,2072.877999,0,,0,7.572525408e-13,0
2069938767703_Node0_Node8_Zero,2072.938643,2072.940014,0,,0,7.572525408e-13,0
2069946960443_Node0_Node8_Zero,2072.946274,2072.947605,0,,0,8.2283073705e-13,0
2069955159060_Node0_Node8_Zero,2072.953219,2072.95429,0,,0,6.557819625e-14,4.19700456e-14
2069963355965_Node0_Node8_Zero,2072.96235,2072.963621,0,,0,7.992225864e-13,0
2070000237933_Node0_Node8_Zero,2073.002237,2073.002237,1,Expiry,0,6.711397255260433e-14,nan
2070004339052_Node0_Node8_Zero,2073.002237,2073.003488,0,,0,7.572525408e-13,6.557819625e-14
2070012536040_Node0_Node8_Zero,2073.007489,2073.00868,0,,0,8.2283073705e-13,0
2070053525296_Node0_Node8_Zero,2073.052384,2073.053536,0,,0,7.992225864e-13,2.9145865e-14
2070078113994_Node0_Node8_Zero,2073.079111,2073.079111,1,Expiry,0,1.1886091089609241e-12,nan
2070094503994_Node0_Node8_Zero,2073.091781,2073.092912,0,,0,8.2283073705e-13,0
2070098604201_Node0_Node8_Zero,2073.099373,2073.099373,1,Expiry,0,1.254187305210924e-12,nan
2070102706057_Node0_Node8_Zero,2073.099373,2073.102609,0,,0,7.572525408e-13,0
2070106801631_Node0_Node8_Zero,2073.1056,2073.107632,0,,0,4.19700456e-14,2.9145865e-14
2070110899369_Node0_Node8_Zero,2073.1056,2073.107632,0,,0,4.19700456e-14,2.9145865e-14
2070205157569_Node0_Node8_Zero,2073.204423,2073.205715,0,,0,4.73282838e-14,0
2070217452086_Node0_Node8_Zero,2073.216954,2073.218225,0,,0,8.2283073705e-13,0
2070246142764_Node0_Node8_Zero,2073.24443,2073.245582,0,,1,9.029818658e-13,0
2070254337199_Node0_Node8_Zero,2073.255439,2073.255439,1,Expiry,0,2.9145865e-14,nan
2070262528156_Node0_Node8_Zero,2073.255439,2073.25663,0,,0,1.699234168334938e-13,7.918737290634025e-14
2070278919686_Node0_Node8_Zero,2073.280069,2073.280069,1,Expiry,0,1.254187305210924e-12,nan
2070283018797_Node0_Node8_Zero,2073.282199,2073.28421,0,,0,7.572525408e-13,0
2070287115539_Node0_Node8_Zero,2073.282199,2073.28421,0,,0,7.572525408e-13,0
2070291209960_Node0_Node8_Zero,2073.292007,2073.292007,1,Expiry,0,1.332576162751444e-12,nan
2070295307595_Node0_Node8_Zero,2073.292007,2073.295182,0,,1,8.980300926334938e-13,0
2070299410904_Node0_Node8_Zero,2073.298771,2073.300783,0,,0,8.2283073705e-13,0
2070303508412_Node0_Node8_Zero,2073.298771,2073.300783,0,,0,8.2283073705e-13,0
2070311701621_Node0_Node8_Zero,2073.309113,2073.310305,0,,0,7.572525408e-13,0
2070323996875_Node0_Node8_Zero,2073.327697,2073.327697,1,Expiry,0,1.266997966501444e-12,nan
2070328091070_Node0_Node8_Zero,2073.327697,2073.329028,0,,0,8.738360007999999e-13,6.557819625e-14
2070332187260_Node0_Node8_Zero,2073.333418,2073.333418,1,Expiry,0,1.2116057035839751e-12,nan
2070336286930_Node0_Node8_Zero,2073.333418,2073.334529,0,,0,7.572525408e-13,6.557819625e-14
2070344484607_Node0_Node8_Zero,2073.345555,2073.345555,1,Expiry,0,1.1886091089609241e-12,nan
2070352680161_Node0_Node8_Zero,2073.352553,2073.353644,0,,0,7.934679032947849e-13,0
2070348579866_Node0_Node8_Zero,2073.352553,2073.352553,1,Expiry,0,1.2662607274730603e-12,nan
2070360876477_Node0_Node8_Zero,2073.356741,2073.358652,0,,0,7.572525408e-13,0
2070356782356_Node0_Node8_Zero,2073.356741,2073.358652,0,,0,7.572525408e-13,0
2070369076173_Node0_Node8_Zero,2073.360792,2073.362123,0,,0,7.894436801167673e-13,0
2070438763414_Node0_Node8_Zero,2073.43909,2073.43909,1,Expiry,0,1.1972740276242344e-12,nan
2070446962413_Node0_Node8_Zero,2073.448132,2073.448132,1,Expiry,0,4.19700456e-14,nan
2070463352214_Node0_Node8_Zero,2073.458408,2073.459639,0,,0,7.572525408e-13,0
2070512521813_Node0_Node8_Zero,2073.512897,2073.512897,1,Expiry,0,4.19700456e-14,nan
2070524811748_Node0_Node8_Zero,2073.521483,2073.523661,0,,0,8.2283073705e-13,0
2070537102847_Node0_Node8_Zero,2073.538236,2073.538236,1,Expiry,0,1.2719788797037768e-12,nan
2070545307776_Node0_Node8_Zero,2073.542492,2073.543784,0,,1,9.037178533012801e-13,0
2070606773019_Node0_Node8_Zero,2073.60668,2073.608851,0,,1,8.834687031299259e-13,8.077834389115254e-14
2070614971922_Node0_Node8_Zero,2073.60668,2073.608851,0,,1,8.834687031299259e-13,8.077834389115254e-14
2070623168140_Node0_Node8_Zero,2073.613785,2073.615096,0,,0,8.403963612940891e-14,5.836085842320063e-14
2070643659823_Node0_Node8_Zero,2073.644201,2073.644201,1,Expiry,0,1.3938758046486316e-12,nan
2070651849774_Node0_Node8_Zero,2073.653117,2073.653117,1,Expiry,0,4.19700456e-14,nan
2070660046249_Node0_Node8_Zero,2073.658754,2073.659886,0,,0,8.2283073705e-13,0
2070668239895_Node0_Node8_Zero,2073.669316,2073.669316,1,Expiry,0,6.066764139084842e-14,nan
2070672338478_Node0_Node8_Zero,2073.672457,2073.672457,1,Expiry,0,1.2506928864887944e-12,nan
2070676437868_Node0_Node8_Zero,2073.672457,2073.673709,0,,0,8.738360007999999e-13,0
2070684636883_Node0_Node8_Zero,2073.682276,2073.683347,0,,0,8.738360007999999e-13,0
2070680534258_Node0_Node8_Zero,2073.682276,2073.682276,1,Expiry,0,1.266997966501444e-12,nan
2070692826885_Node0_Node8_Zero,2073.690565,2073.691716,0,,0,8.143680074530488e-14,5.655333385090617e-14
2070701030361_Node0_Node8_Zero,2073.699223,2073.700435,0,,0,5.333995683349376e-14,0
2070709227634_Node0_Node8_Zero,2073.707778,2073.70903,0,,0,8.382474382786348e-13,0
2070717429806_Node0_Node8_Zero,2073.717603,2073.717603,1,Expiry,0,1.2555077977692854e-12,nan
2070725626395_Node0_Node8_Zero,2073.718693,2073.719985,0,,0,7.934679032947849e-13,2.660720509820935e-14
2070782989569_Node0_Node8_Zero,2073.784254,2073.784254,1,Expiry,0,1.187997552933975e-12,nan
2070791185236_Node0_Node8_Zero,2073.79073,2073.792001,0,,0,7.941588770816679e-13,0
2070799383875_Node0_Node8_Zero,2073.796571,2073.797722,0,,0,7.572525408e-13,0
2070832170513_Node0_Node8_Zero,2073.831458,2073.832649,0,,0,8.186972647903632e-13,4.266994721553005e-14
2070885445742_Node0_Node8_Zero,2073.885406,2073.886477,0,,0,7.572525408e-13,0
2070926440131_Node0_Node8_Zero,2073.929366,2073.929366,1,Expiry,0,1.254187305210924e-12,nan
2070930539880_Node0_Node8_Zero,2073.935203,2073.935203,1,Expiry,0,1.308968012101444e-12,nan
2070934641368_Node0_Node8_Zero,2073.935203,2073.935203,1,Expiry,0,1.308968012101444e-12,nan
2070938737813_Node0_Node8_Zero,2073.939137,2073.939137,1,Expiry,0,1.0912211856e-12,nan
2070942837488_Node0_Node8_Zero,2073.939137,2073.940288,0,,0,7.572525408e-13,0
2070946935927_Node0_Node8_Zero,2073.942279,2073.945443,0,,46,8.05540935505856e-13,0
2070951034631_Node0_Node8_Zero,2073.942279,2073.945443,0,,46,8.05540935505856e-13,0
2070955135366_Node0_Node8_Zero,2073.952948,2073.954219,0,,0,7.572525408e-13,0
2070963334932_Node0_Node8_Zero,2073.957827,2073.959098,0,,1,8.871649782768567e-13,8.314395998518832e-14
2070971535853_Node0_Node8_Zero,2073.968701,2073.970013,0,,0,8.2283073705e-13,0
2070979730125_Node0_Node8_Zero,2073.980505,2073.980505,1,Expiry,0,1.11482933625e-12,nan
2070987925195_Node0_Node8_Zero,2073.988356,2073.988356,1,Expiry,0,1.332576162751444e-12,nan
2070996128541_Node0_Node8_Zero,2073.993981,2073.995132,0,,0,7.572525408e-13,0
2071004320367_Node0_Node8_Zero,2074.00182,2074.003172,0,,0,6.066764139084842e-14,0
2071053494686_Node0_Node8_Zero,2074.054387,2074.054387,1,Expiry,0,1.11482933625e-12,nan
2071155945588_Node0_Node8_Zero,2074.157759,2074.157759,1,Expiry,0,8.143680074530488e-14,nan
2071160041894_Node0_Node8_Zero,2074.157759,2074.15883,0,,0,8.2283073705e-13,4.19700456e-14
2071180540679_Node0_Node8_Zero,2074.181891,2074.181891,1,Expiry,0,1.254187305210924e-12,nan
2071184643629_Node0_Node8_Zero,2074.183981,2074.185992,0,,0,5.951082566457995e-14,4.1326962267069406e-14
2071188744457_Node0_Node8_Zero,2074.183981,2074.185992,0,,0,5.951082566457995e-14,4.1326962267069406e-14
2071205136118_Node0_Node8_Zero,2074.20612,2074.20612,1,Expiry,0,4.19700456e-14,nan
2071270705759_Node0_Node8_Zero,2074.270747,2074.270747,1,Expiry,0,1.2305791545609242e-12,nan
2071303485660_Node0_Node8_Zero,2074.304145,2074.304145,1,Expiry,0,1.2683319783692854e-12,nan
2071307587332_Node0_Node8_Zero,2074.308143,2074.308143,1,Expiry,0,1.254187305210924e-12,nan
2071311682527_Node0_Node8_Zero,2074.308143,2074.309414,0,,0,1.1658346e-13,6.557819625e-14
2071315783091_Node0_Node8_Zero,2074.313513,2074.314624,0,,0,7.572525408e-13,0
2071319881347_Node0_Node8_Zero,2074.320014,2074.320014,1,Expiry,0,4.19700456e-14,nan
2071336275872_Node0_Node8_Zero,2074.334927,2074.336298,0,,0,6.557819625e-14,4.19700456e-14
2071344476514_Node0_Node8_Zero,2074.342157,2074.343368,0,,0,7.572525408e-13,0
2071369064847_Node0_Node8_Zero,2074.371413,2074.371413,1,Expiry,0,1.3938758046486316e-12,nan
2071377263697_Node0_Node8_Zero,2074.377101,2074.378252,0,,0,7.572525408e-13,0
2071381363093_Node0_Node8_Zero,2074.380164,2074.382175,0,,0,7.572525408e-13,0
2071385460347_Node0_Node8_Zero,2074.380164,2074.382175,0,,0,7.572525408e-13,0
2071434637857_Node0_Node8_Zero,2074.433562,2074.434913,0,,0,6.557819625e-14,4.19700456e-14
2071442832797_Node0_Node8_Zero,2074.440511,2074.441823,0,,0,8.2283073705e-13,0
2071471525735_Node0_Node8_Zero,2074.4664,2074.467752,0,,0,4.170723073260838e-14,3.064204706885514e-14
2071479717555_Node0_Node8_Zero,2074.47148,2074.473696,0,,0,1.5120478863325348e-13,0
2071487910850_Node0_Node8_Zero,2074.482262,2074.483413,0,,0,7.992225864e-13,0
2071504307597_Node0_Node8_Zero,2074.502025,2074.503276,0,,0,6.557819625e-14,4.19700456e-14
2071512504226_Node0_Node8_Zero,2074.512955,2074.512955,1,Expiry,0,7.680953784023101e-14,nan
2071520700180_Node0_Node8_Zero,2074.5179,2074.518971,0,,0,7.572525408e-13,0
2071524797097_Node0_Node8_Zero,2074.524821,2074.524821,1,Expiry,0,1.04925114e-12,nan
2071528897486_Node0_Node8_Zero,2074.524821,2074.526152,0,,0,8.2283073705e-13,0
2071537089608_Node0_Node8_Zero,2074.535625,2074.536976,0,,0,1.1658346e-13,6.557819625e-14
2071549387450_Node0_Node8_Zero,2074.544096,2074.554652,0,,97,8.2283073705e-13,0
2071553487979_Node0_Node8_Zero,2074.547565,2074.558585,0,,2,8.738360007999999e-13,0
2071557589582_Node0_Node8_Zero,2074.556654,2074.558585,0,,0,8.738360007999999e-13,0
2071561690153_Node0_Node8_Zero,2074.556654,2074.559855,0,,0,4.170723073260838e-14,0
2071565783807_Node0_Node8_Zero,2074.566325,2074.566325,1,Expiry,0,1.332576162751444e-12,nan
2071573981222_Node0_Node8_Zero,2074.566325,2074.567456,0,,0,7.572525408e-13,4.2130306521422507e-14
2071578083721_Node0_Node8_Zero,2074.571761,2074.573132,0,,0,1.6850110403810498e-13,9.478187102143406e-14
2071586283030_Node0_Node8_Zero,2074.58086,2074.588033,0,,50,8.91297061183753e-13,0
2071594482243_Node0_Node8_Zero,2074.590049,2074.59112,0,,0,7.572525408e-13,0
2071614989880_Node0_Node8_Zero,2074.615695,2074.615695,1,Expiry,0,1.332576162751444e-12,nan
2071619087211_Node0_Node8_Zero,2074.621572,2074.621572,1,Expiry,0,1.306896761205219e-12,nan
2071623182050_Node0_Node8_Zero,2074.62536,2074.62536,1,Expiry,0,1.0857007533558002e-12,nan
2071627280975_Node0_Node8_Zero,2074.62536,2074.628596,0,,88,7.572525408e-13,0
2071631379067_Node0_Node8_Zero,2074.62731,2074.630706,0,,0,7.572525408e-13,0
2071639576915_Node0_Node8_Zero,2074.62731,2074.630706,0,,0,7.572525408e-13,0
2071643677908_Node0_Node8_Zero,2074.644427,2074.644427,1,Expiry,0,1.2358571791807994e-12,nan
2071660069574_Node0_Node8_Zero,2074.659176,2074.660387,0,,0,8.2283073705e-13,4.19700456e-14
2071664167809_Node0_Node8_Zero,2074.662239,2074.66425,0,,0,8.184705257044634e-13,0
2071668267003_Node0_Node8_Zero,2074.662239,2074.66425,0,,0,8.184705257044634e-13,0
2071676467450_Node0_Node8_Zero,2074.677501,2074.677501,1,Expiry,0,1.332576162751444e-12,nan
2071696958566_Node0_Node8_Zero,2074.699214,2074.699214,1,Expiry,0,1.2525202553465537e-12,nan
2071701052024_Node0_Node8_Zero,2074.699214,2074.700385,0,,0,8.2283073705e-13,0
2071709247563_Node0_Node8_Zero,2074.704266,2074.705457,0,,0,7.572525408e-13,0
2071742050086_Node0_Node8_Zero,2074.745012,2074.745012,1,Expiry,0,1.3905541295655631e-12,nan
2071750249398_Node0_Node8_Zero,2074.747122,2074.748193,0,,1,9.081416671540028e-13,0
2071746147099_Node0_Node8_Zero,2074.747122,2074.747122,1,Expiry,0,1.079541241632e-12,nan
2071758444375_Node0_Node8_Zero,2074.752031,2074.753102,0,,1,9.46565676e-13,0
2071754349149_Node0_Node8_Zero,2074.757342,2074.757342,1,Expiry,0,1.090575327388163e-12,nan
2071762540735_Node0_Node8_Zero,2074.763271,2074.763271,1,Expiry,0,1.1661111136928027e-12,nan
2071766640267_Node0_Node8_Zero,2074.763271,2074.770195,0,,177,7.572525408e-13,2.585710135717233e-14
2071770738254_Node0_Node8_Zero,2074.767186,2074.772265,0,,89,7.572525408e-13,0
2071774834003_Node0_Node8_Zero,2074.767186,2074.772265,0,,89,7.572525408e-13,0
2071778930375_Node0_Node8_Zero,2074.769116,2074.774255,0,,1,1.457984534232007e-13,1.0650167600508438e-13
2071783032520_Node0_Node8_Zero,2074.769116,2074.774255,0,,1,1.457984534232007e-13,1.0650167600508438e-13
2071791223234_Node0_Node8_Zero,2074.790944,2074.79326,0,,47,8.2283073705e-13,0
2071795321056_Node0_Node8_Zero,2074.792134,2074.79459,0,,1,9.298566510090616e-14,5.951082566457995e-14
2071799421271_Node0_Node8_Zero,2074.804172,2074.804172,1,Expiry,0,1.266997966501444e-12,nan
2071815811651_Node0_Node8_Zero,2074.815787,2074.818804,0,,89,8.179201821908484e-13,0
2071811716000_Node0_Node8_Zero,2074.815787,2074.815787,1,Expiry,0,1.3282159514059074e-12,nan
2071824009802_Node0_Node8_Zero,2074.817657,2074.820774,0,,1,7.572525408e-13,0
2071819912021_Node0_Node8_Zero,2074.817657,2074.820774,0,,1,7.572525408e-13,0
2071828111711_Node0_Node8_Zero,2074.822654,2074.825778,0,,46,6.557819625e-14,4.19700456e-14
2071840397894_Node0_Node8_Zero,2074.822654,2074.825778,0,,46,6.557819625e-14,4.19700456e-14
2071836303733_Node0_Node8_Zero,2074.831054,2074.832145,0,,0,8.177065288162512e-13,0
2071864995566_Node0_Node8_Zero,2074.863096,2074.864367,0,,0,8.738360007999999e-13,0
2071873192319_Node0_Node8_Zero,2074.870455,2074.871706,0,,0,8.41391712e-13,0
2071877293028_Node0_Node8_Zero,2074.87771,2074.87771,1,Expiry,0,6.557819625e-14,nan
2071881388314_Node0_Node8_Zero,2074.87771,2074.878822,0,,0,8.2283073705e-13,0
2071905968022_Node0_Node8_Zero,2074.902958,2074.904149,0,,1,9.088085262320823e-13,0
2071914165780_Node0_Node8_Zero,2074.91042,2074.911691,0,,0,8.738360007999999e-13,0
2071918261128_Node0_Node8_Zero,2074.91927,2074.91927,1,Expiry,0,4.19700456e-14,nan
2071963327250_Node0_Node8_Zero,2074.962794,2074.963865,0,,0,8.738360007999999e-13,0
2071967421163_Node0_Node8_Zero,2074.969023,2074.969023,1,Expiry,0,1.272107348767831e-12,nan
2071971515853_Node0_Node8_Zero,2074.969023,2074.970274,0,,0,8.349823980690692e-14,5.798488875479646e-14
2071979712810_Node0_Node8_Zero,2074.976831,2074.977922,0,,1,9.225603898682775e-13,0
2071987905520_Node0_Node8_Zero,2074.987514,2074.988585,0,,1,9.041261024319999e-13,2.10347928e-14
2071983811070_Node0_Node8_Zero,2074.99159,2074.99159,1,Expiry,0,6.557819625e-14,nan
2071992005743_Node0_Node8_Zero,2074.99159,2074.992802,0,,1,9.090303887583734e-13,0
2071996101178_Node0_Node8_Zero,2074.994806,2074.996077,0,,0,3.519438795837345e-14,2.585710135717233e-14
2072004297847_Node0_Node8_Zero,2075.002293,2075.003605,0,,0,7.924469287583734e-13,0
2072225614465_Node0_Node8_Zero,2075.22388,2075.224971,0,,0,7.572525408e-13,0
2072242006794_Node0_Node8_Zero,2075.242516,2075.242516,1,Expiry,0,1.2736902165692853e-12,nan
2072250204799_Node0_Node8_Zero,2075.247919,2075.24905,0,,0,8.2283073705e-13,4.19700456e-14
2072258405763_Node0_Node8_Zero,2075.255531,2075.256662,0,,0,8.502382059009061e-13,0
2072266603362_Node0_Node8_Zero,2075.26744,2075.26744,1,Expiry,0,1.2116057035839751e-12,nan
2072278895359_Node0_Node8_Zero,2075.273602,2075.274854,0,,0,7.572525408e-13,0
2072287089978_Node0_Node8_Zero,2075.284051,2075.285203,0,,0,8.2283073705e-13,0
2072295285816_Node0_Node8_Zero,2075.29561,2075.29561,1,Expiry,0,1.254187305210924e-12,nan
2072303484620_Node0_Node8_Zero,2075.303093,2075.304264,0,,0,7.572525408e-13,0
2072311681666_Node0_Node8_Zero,2075.311259,2075.313401,0,,0,7.992225864e-13,0
2072328075210_Node0_Node8_Zero,2075.314515,2075.315706,0,,0,8.738360007999999e-13,0
2072323977769_Node0_Node8_Zero,2075.324071,2075.324071,1,Expiry,0,8.044259830376698e-14,nan
2072377247663_Node0_Node8_Zero,2075.376948,2075.37816,0,,0,6.557819625e-14,4.19700456e-14
2072393638865_Node0_Node8_Zero,2075.387369,2075.38872,0,,1,8.844975419645388e-13,0
2072401835470_Node0_Node8_Zero,2075.401545,2075.402657,0,,0,7.572525408e-13,0
2072426429410_Node0_Node8_Zero,2075.425201,2075.426553,0,,0,6.557819625e-14,4.19700456e-14
2072434621248_Node0_Node8_Zero,2075.433503,2075.434634,0,,0,9.298566510090616e-14,0
2072446918496_Node0_Node8_Zero,2075.448731,2075.448731,1,Expiry,0,6.557819625e-14,nan
2072451020060_Node0_Node8_Zero,2075.448731,2075.450042,0,,0,7.572525408e-13,0
2072463309356_Node0_Node8_Zero,2075.458266,2075.459477,0,,0,7.572525408e-13,8.324391339139657e-14
2072467410483_Node0_Node8_Zero,2075.461708,2075.462979,0,,0,7.572525408e-13,0
2072475602930_Node0_Node8_Zero,2075.473127,2075.474478,0,,0,6.557819625e-14,4.19700456e-14
2072479703500_Node0_Node8_Zero,2075.481096,2075.481096,1,Expiry,0,6.557819625e-14,nan
2072491993465_Node0_Node8_Zero,2075.481096,2075.482407,0,,0,7.572525408e-13,0
2072500197401_Node0_Node8_Zero,2075.493293,2075.494545,0,,0,7.572525408e-13,0
2072524787225_Node0_Node8_Zero,2075.52334,2075.524551,0,,1,2.9145865e-14,1.0060066147776882e-13
2072561679071_Node0_Node8_Zero,2075.559739,2075.56083,0,,0,8.2283073705e-13,4.19700456e-14
2072565776358_Node0_Node8_Zero,2075.565709,2075.56696,0,,1,8.844975419645388e-13,0
2072582169304_Node0_Node8_Zero,2075.581302,2075.582394,0,,0,8.103976650456019e-13,3.6906336281668e-14
2072590367228_Node0_Node8_Zero,2075.589055,2075.590426,0,,0,8.2283073705e-13,0
2072598564430_Node0_Node8_Zero,2075.596689,2075.59788,0,,0,9.200379990114126e-14,5.88824319367304e-14
2072606763432_Node0_Node8_Zero,2075.604382,2075.605673,0,,0,5.067991866005776e-14,0
2072614966830_Node0_Node8_Zero,2075.612986,2075.614237,0,,0,8.41391712e-14,8.136589980610406e-14
2072639557035_Node0_Node8_Zero,2075.640967,2075.640967,1,Expiry,0,1.2305791545609242e-12,nan
2072643657396_Node0_Node8_Zero,2075.643077,2075.645009,0,,1,8.980300926334938e-13,0
2072647759635_Node0_Node8_Zero,2075.643077,2075.645009,0,,1,8.980300926334938e-13,0
2072655959799_Node0_Node8_Zero,2075.656968,2075.656968,1,Expiry,0,1.254187305210924e-12,nan
2072664160753_Node0_Node8_Zero,2075.661754,2075.663106,0,,1,8.844975419645388e-13,0
2072680559047_Node0_Node8_Zero,2075.679371,2075.680702,0,,1,8.980300926334938e-13,0
2072688752742_Node0_Node8_Zero,2075.686534,2075.687665,0,,0,7.572525408e-13,0
2072696943075_Node0_Node8_Zero,2075.69764,2075.69764,1,Expiry,0,4.19700456e-14,nan
2072713337063_Node0_Node8_Zero,2075.711252,2075.712543,0,,0,7.992225864e-13,0
2072754323042_Node0_Node8_Zero,2075.758303,2075.758303,1,Expiry,0,1.3203379233349378e-12,nan
2072758424200_Node0_Node8_Zero,2075.760393,2075.760393,1,Expiry,0,3.644961335580017e-14,nan
2072762520411_Node0_Node8_Zero,2075.760393,2075.761664,0,,0,8.738360007999999e-13,0
2072778910301_Node0_Node8_Zero,2075.779325,2075.779325,1,Expiry,0,1.268492239290708e-12,nan
2072783009193_Node0_Node8_Zero,2075.788859,2075.788859,1,Expiry,0,1.2124092894522218e-12,nan
2072787103085_Node0_Node8_Zero,2075.788859,2075.788859,1,Expiry,0,1.2124092894522218e-12,nan
2072791204017_Node0_Node8_Zero,2075.790909,2075.792961,0,,0,7.572525408e-13,0
2072795298040_Node0_Node8_Zero,2075.790909,2075.792961,0,,0,7.572525408e-13,0
2072799396111_Node0_Node8_Zero,2075.794914,2075.796825,0,,0,7.572525408e-13,0
2072803495996_Node0_Node8_Zero,2075.794914,2075.796825,0,,0,7.572525408e-13,0
2072946917871_Node0_Node8_Zero,2075.947064,2075.947064,1,Expiry,0,1.2107485956051208e-12,nan
2072971497657_Node0_Node8_Zero,2075.972055,2075.972055,1,Expiry,0,6.557819625e-14,nan
2072979688708_Node0_Node8_Zero,2075.97746,2075.978731,0,,0,1.2523291988863171e-13,0
2072987879442_Node0_Node8_Zero,2075.98629,2075.987661,0,,0,8.364399137063402e-13,0
2073008376696_Node0_Node8_Zero,2076.010234,2076.010234,1,Expiry,0,6.557819625e-14,nan
2073012476076_Node0_Node8_Zero,2076.011264,2076.012615,0,,0,4.19700456e-14,2.9145865e-14
2073037074468_Node0_Node8_Zero,2076.037808,2076.037808,1,Expiry,0,1.308968012101444e-12,nan
2073069856698_Node0_Node8_Zero,2076.068159,2076.06951,0,,0,8.2283073705e-13,0
2073086243733_Node0_Node8_Zero,2076.08178,2076.083031,0,,0,7.572525408e-13,0
2073094431574_Node0_Node8_Zero,2076.094824,2076.094824,1,Expiry,0,1.078397005e-12,nan
2073102620261_Node0_Node8_Zero,2076.101453,2076.102744,0,,0,8.2283073705e-13,0
2073110810820_Node0_Node8_Zero,2076.107695,2076.109006,0,,1,9.088085262320823e-13,0
2073135413310_Node0_Node8_Zero,2076.13483,2076.136101,0,,1,9.088085262320823e-13,0
2073143612251_Node0_Node8_Zero,2076.144101,2076.144101,1,Expiry,0,1.1886091089609241e-12,nan
2073151807893_Node0_Node8_Zero,2076.157813,2076.157813,1,Expiry,0,6.557819625e-14,nan
2073155901633_Node0_Node8_Zero,2076.159723,2076.159723,1,Expiry,0,1.126060677840231e-12,nan
2073160001518_Node0_Node8_Zero,2076.159723,2076.160954,0,,0,8.34062078640231e-13,5.333995683349376e-14
2073164098573_Node0_Node8_Zero,2076.162756,2076.164687,0,,0,8.738360007999999e-13,6.557819625e-14
2073168195187_Node0_Node8_Zero,2076.162756,2076.164687,0,,0,8.738360007999999e-13,6.557819625e-14
2073192789991_Node0_Node8_Zero,2076.193031,2076.193031,1,Expiry,0,6.557819625e-14,nan
2073200986916_Node0_Node8_Zero,2076.199901,2076.201212,0,,0,8.2283073705e-13,0
2073209185789_Node0_Node8_Zero,2076.205105,2076.206236,0,,0,7.680953784023101e-14,5.333995683349376e-14
2073241969008_Node0_Node8_Zero,2076.242008,2076.242008,1,Expiry,0,1.11482933625e-12,nan
2073246063029_Node0_Node8_Zero,2076.244098,2076.246129,0,,0,8.738360007999999e-13,0
2073250160934_Node0_Node8_Zero,2076.244098,2076.246129,0,,0,8.738360007999999e-13,0
2073258363294_Node0_Node8_Zero,2076.250339,2076.25159,0,,1,8.77267443675361e-13,0
2073266562437_Node0_Node8_Zero,2076.267066,2076.267066,1,Expiry,0,1.2177549739609242e-12,nan
2073274754506_Node0_Node8_Zero,2076.27398,2076.275091,0,,0,4.185386326703343e-14,0
2073278856931_Node0_Node8_Zero,2076.278992,2076.278992,1,Expiry,0,3.9898794703775013e-14,nan
2073282955991_Node0_Node8_Zero,2076.278992,2076.280323,0,,0,7.971513355037749e-13,0
2073430489030_Node0_Node8_Zero,2076.431365,2076.431365,1,Expiry,0,1.2244592116536248e-12,nan
2073438687311_Node0_Node8_Zero,2076.436027,2076.437398,0,,0,7.572525408e-13,2.9145865e-14
2073434585682_Node0_Node8_Zero,2076.436027,2076.436027,1,Expiry,0,1.332576162751444e-12,nan
2073479673348_Node0_Node8_Zero,2076.478738,2076.48007,0,,0,7.992225864e-13,2.9145865e-14
2073483773352_Node0_Node8_Zero,2076.484109,2076.484109,1,Expiry,0,1.0905781022670693e-12,nan
2073487872519_Node0_Node8_Zero,2076.484109,2076.48538,0,,0,7.985795030670694e-13,0
2073496073664_Node0_Node8_Zero,2076.493583,2076.494915,0,,0,4.2130306521422507e-14,0
2073491970717_Node0_Node8_Zero,2076.493583,2076.493583,1,Expiry,0,1.2519050719054711e-12,nan
2073528879739_Node0_Node8_Zero,2076.52909,2076.52909,1,Expiry,0,1.11482933625e-12,nan
2073606760800_Node0_Node8_Zero,2076.607497,2076.607497,1,Expiry,0,6.557819625e-14,nan
2073610861696_Node0_Node8_Zero,2076.609607,2076.611619,0,,0,7.572525408e-13,0
2073614959606_Node0_Node8_Zero,2076.609607,2076.611619,0,,0,7.572525408e-13,0
2073631360531_Node0_Node8_Zero,2076.630093,2076.631444,0,,0,8.412921769294089e-13,0
2073639560896_Node0_Node8_Zero,2076.639948,2076.639948,1,Expiry,0,1.1886091089609241e-12,nan
2073664148340_Node0_Node8_Zero,2076.662647,2076.663779,0,,0,7.572525408e-13,0
2073680536917_Node0_Node8_Zero,2076.678302,2076.679533,0,,0,6.557819625e-14,4.19700456e-14
2073688734088_Node0_Node8_Zero,2076.693025,2076.693025,1,Expiry,0,1.187997552933975e-12,nan
2073692836119_Node0_Node8_Zero,2076.694935,2076.694935,1,Expiry,0,5.88824319367304e-14,nan
2073696936849_Node0_Node8_Zero,2076.694935,2076.697985,0,,0,8.2283073705e-13,0
2073701031248_Node0_Node8_Zero,2076.699916,2076.701867,0,,0,8.167633664645799e-13,4.1326962267069406e-14
2073705132813_Node0_Node8_Zero,2076.699916,2076.701867,0,,0,8.167633664645799e-13,4.1326962267069406e-14
2073709235420_Node0_Node8_Zero,2076.70782,2076.708951,0,,0,7.572525408e-13,0
2073713329609_Node0_Node8_Zero,2076.714249,2076.714249,1,Expiry,0,1.274403516071103e-12,nan
2073721523265_Node0_Node8_Zero,2076.723027,2076.723027,1,Expiry,0,1.274403516071103e-12,nan
2073729717808_Node0_Node8_Zero,2076.727149,2076.72824,0,,0,8.103976650456019e-13,0
2073770702633_Node0_Node8_Zero,2076.76861,2076.769762,0,,0,8.2283073705e-13,0
2073807585706_Node0_Node8_Zero,2076.808411,2076.808411,1,Expiry,0,1.2919401290192855e-12,nan
2073811683199_Node0_Node8_Zero,2076.808411,2076.809742,0,,0,7.863984058e-13,0
2073832178151_Node0_Node8_Zero,2076.829744,2076.831015,0,,0,8.2283073705e-13,4.19700456e-14
2073922348560_Node0_Node8_Zero,2076.923578,2076.923578,1,Expiry,0,1.3376755774232558e-12,nan
2073930538145_Node0_Node8_Zero,2076.93123,2076.93123,1,Expiry,0,1.308968012101444e-12,nan
2073934633166_Node0_Node8_Zero,2076.93326,2076.935291,0,,0,3.9898794703775013e-14,0
2073938733255_Node0_Node8_Zero,2076.93326,2076.935291,0,,0,3.9898794703775013e-14,0
2073987910924_Node0_Node8_Zero,2076.988179,2076.988179,1,Expiry,0,1.2305791545609242e-12,nan
2073996112786_Node0_Node8_Zero,2076.994887,2076.996058,0,,0,7.572525408e-13,0
2074012513108_Node0_Node8_Zero,2077.013237,2077.013237,1,Expiry,0,1.332576162751444e-12,nan
2074020714551_Node0_Node8_Zero,2077.018544,2077.019655,0,,0,1.272450011645389e-13,8.143680074530488e-14
2074028911291_Node0_Node8_Zero,2077.037741,2077.037741,1,Expiry,0,1.2156196704160117e-12,nan
2074037104604_Node0_Node8_Zero,2077.037741,2077.037741,1,Expiry,0,1.2156196704160117e-12,nan
2074045305608_Node0_Node8_Zero,2077.042935,2077.044047,0,,0,8.2283073705e-13,4.19700456e-14
2074053496412_Node0_Node8_Zero,2077.048133,2077.049404,0,,1,8.844975419645388e-13,0
2074061692976_Node0_Node8_Zero,2077.059461,2077.060672,0,,0,8.2283073705e-13,4.19700456e-14
2074078088960_Node0_Node8_Zero,2077.077334,2077.078665,0,,1,9.037076353958098e-13,0
2074090383219_Node0_Node8_Zero,2077.09062,2077.09062,1,Expiry,0,1.2719788797037768e-12,nan
2074098580785_Node0_Node8_Zero,2077.099403,2077.099403,1,Expiry,0,1.254187305210924e-12,nan
2074192847390_Node0_Node8_Zero,2077.193159,2077.193159,1,Expiry,0,4.19700456e-14,nan
2074196942765_Node0_Node8_Zero,2077.200795,2077.200795,1,Expiry,0,1.1886091089609241e-12,nan
2074201042740_Node0_Node8_Zero,2077.200795,2077.202046,0,,0,8.2283073705e-13,0
2074209245241_Node0_Node8_Zero,2077.207652,2077.208943,0,,0,8.738360007999999e-13,0
2074213341986_Node0_Node8_Zero,2077.212605,2077.213756,0,,0,6.557819625e-14,4.19700456e-14
2074217435858_Node0_Node8_Zero,2077.217318,2077.218629,0,,0,8.738360007999999e-13,6.557819625e-14
2074225636379_Node0_Node8_Zero,2077.223321,2077.225755,0,,2,1.2001490287536095e-13,7.680953784023101e-14
2074233828042_Node0_Node8_Zero,2077.244742,2077.244742,1,Expiry,0,1.332576162751444e-12,nan
2074266617008_Node0_Node8_Zero,2077.265273,2077.268407,0,,0,8.738360007999999e-13,0
2074274812283_Node0_Node8_Zero,2077.271066,2077.272297,0,,0,1.1658346e-13,6.557819625e-14
2074270718611_Node0_Node8_Zero,2077.271066,2077.271066,1,Expiry,0,1.2257150077219605e-12,nan
2074283005120_Node0_Node8_Zero,2077.279848,2077.28092,0,,0,8.738360007999999e-13,0
2074278908309_Node0_Node8_Zero,2077.279848,2077.279848,1,Expiry,0,1.0913814465214226e-12,nan
2074295291605_Node0_Node8_Zero,2077.297465,2077.297465,1,Expiry,0,1.092060714290501e-12,nan
2074299387701_Node0_Node8_Zero,2077.303284,2077.303284,1,Expiry,0,1.092060714290501e-12,nan
2074303482311_Node0_Node8_Zero,2077.303284,2077.30544,0,,47,1.1658346e-13,9.143529760717232e-14
2074307581026_Node0_Node8_Zero,2077.304334,2077.30663,0,,1,7.572525408e-13,0
2074323968943_Node0_Node8_Zero,2077.322593,2077.323924,0,,0,8.2283073705e-13,0
2074332163785_Node0_Node8_Zero,2077.330379,2077.335246,0,,88,7.572525408e-13,0
2074340356112_Node0_Node8_Zero,2077.334121,2077.338995,0,,0,9.677290196681894e-14,6.193465725876412e-14
2074336262648_Node0_Node8_Zero,2077.334121,2077.338995,0,,0,9.677290196681894e-14,6.193465725876412e-14
2074344450980_Node0_Node8_Zero,2077.340868,2077.344823,0,,47,8.738360007999999e-13,0
2074348551875_Node0_Node8_Zero,2077.340868,2077.344823,0,,47,8.738360007999999e-13,0
2074352648000_Node0_Node8_Zero,2077.351905,2077.353956,0,,0,8.738360007999999e-13,3.086376649466116e-14
2074356744763_Node0_Node8_Zero,2077.351905,2077.353956,0,,0,8.738360007999999e-13,3.086376649466116e-14
2074360844946_Node0_Node8_Zero,2077.358993,2077.361085,0,,0,7.863984058e-13,0
2074369038806_Node0_Node8_Zero,2077.358993,2077.361085,0,,0,7.863984058e-13,0
2074373133924_Node0_Node8_Zero,2077.363106,2077.364357,0,,0,1.1658346e-13,6.557819625e-14
2074377232808_Node0_Node8_Zero,2077.371646,2077.373577,0,,0,3.5752265912785326e-14,2.626697087469942e-14
2074381329539_Node0_Node8_Zero,2077.371646,2077.373577,0,,0,3.5752265912785326e-14,2.626697087469942e-14
2074479667487_Node0_Node8_Zero,2077.479598,2077.48085,0,,0,7.572525408e-13,0
2074487865193_Node0_Node8_Zero,2077.488242,2077.488242,1,Expiry,0,1.2305791545609242e-12,nan
2074520642059_Node0_Node8_Zero,2077.518233,2077.519544,0,,0,8.105924976334937e-13,0
2074586220389_Node0_Node8_Zero,2077.586708,2077.586708,1,Expiry,0,1.254187305210924e-12,nan
2074635409477_Node0_Node8_Zero,2077.633886,2077.635097,0,,0,7.572525408e-13,0
2074643608790_Node0_Node8_Zero,2077.641721,2077.642892,0,,0,1.1658346e-13,0
2074664105767_Node0_Node8_Zero,2077.665148,2077.665148,1,Expiry,0,1.254187305210924e-12,nan
2074668206572_Node0_Node8_Zero,2077.665148,2077.66644,0,,0,7.572525408e-13,0
2074676400787_Node0_Node8_Zero,2077.674393,2077.675724,0,,0,8.382474382786348e-13,0
2074684603170_Node0_Node8_Zero,2077.682592,2077.683664,0,,0,8.738360007999999e-13,0
2074688705505_Node0_Node8_Zero,2077.689685,2077.689685,1,Expiry,0,1.0965794237999999e-12,nan
2074692800892_Node0_Node8_Zero,2077.689685,2077.691057,0,,0,7.992225864e-13,2.9145865e-14
2074741968583_Node0_Node8_Zero,2077.743048,2077.743048,1,Expiry,0,1.3282885789443614e-12,nan
2074766562463_Node0_Node8_Zero,2077.764013,2077.765364,0,,0,8.2283073705e-13,0
2074774757495_Node0_Node8_Zero,2077.777716,2077.777716,1,Expiry,0,1.270045909706229e-12,nan
2074778857796_Node0_Node8_Zero,2077.779642,2077.779642,1,Expiry,0,1.348800979746722e-12,nan
2074782953333_Node0_Node8_Zero,2077.779642,2077.782797,0,,0,6.557819625e-14,4.19700456e-14
2074848526525_Node0_Node8_Zero,2077.847049,2077.84816,0,,0,8.2283073705e-13,0
2074864918675_Node0_Node8_Zero,2077.865078,2077.865078,1,Expiry,0,1.369868877837771e-12,nan
2074869019395_Node0_Node8_Zero,2077.870697,2077.870697,1,Expiry,0,1.3218558418281781e-12,nan
2074873115505_Node0_Node8_Zero,2077.870697,2077.871969,0,,1,8.980300926334938e-13,0
2074889515443_Node0_Node8_Zero,2077.88775,2077.888881,0,,0,8.2283073705e-13,0
2074897711142_Node0_Node8_Zero,2077.89338,2077.894691,0,,0,6.557819625e-14,0
2074914109596_Node0_Node8_Zero,2077.909236,2077.910507,0,,0,8.2283073705e-13,0
2074918206325_Node0_Node8_Zero,2077.916137,2077.921064,0,,90,9.208148517353623e-13,0
2074922305464_Node0_Node8_Zero,2077.91992,2077.923106,0,,3,9.208148517353623e-13,0
2074926404475_Node0_Node8_Zero,2077.91992,2077.923106,0,,3,9.208148517353623e-13,0
2074934610455_Node0_Node8_Zero,2077.929691,2077.930782,0,,0,8.738360007999999e-13,0
2074946905215_Node0_Node8_Zero,2077.935911,2077.937122,0,,0,7.572525408e-13,0
2074955102967_Node0_Node8_Zero,2077.944702,2077.946034,0,,0,1.593453641760772e-13,9.699510544058733e-14
2074963303567_Node0_Node8_Zero,2077.966519,2077.966519,1,Expiry,0,1.2919401290192855e-12,nan
2074959205712_Node0_Node8_Zero,2077.966519,2077.966519,1,Expiry,0,1.2919401290192855e-12,nan
2074967402471_Node0_Node8_Zero,2077.970494,2077.970494,1,Expiry,0,1.04925114e-12,nan
2074971498073_Node0_Node8_Zero,2077.970494,2077.97369,0,,88,6.557819625e-14,4.19700456e-14
2074975597103_Node0_Node8_Zero,2077.972604,2077.97574,0,,0,8.494302199786886e-13,0
2074979690514_Node0_Node8_Zero,2077.972604,2077.97574,0,,0,8.494302199786886e-13,0
2074987887577_Node0_Node8_Zero,2077.987679,2077.98883,0,,0,8.2283073705e-13,4.19700456e-14
2074991983837_Node0_Node8_Zero,2077.999566,2077.999566,1,Expiry,0,1.169266042875361e-12,nan
2074996081946_Node0_Node8_Zero,2077.999566,2077.999566,1,Expiry,0,1.169266042875361e-12,nan
2075000183625_Node0_Node8_Zero,2078.001886,2078.001886,1,Expiry,0,1.169266042875361e-12,nan
2075004283240_Node0_Node8_Zero,2078.001886,2078.003197,0,,0,8.738360007999999e-13,9.143529760717232e-14
2075008382615_Node0_Node8_Zero,2078.016377,2078.016377,1,Expiry,0,3.519438795837345e-14,nan
2075012482375_Node0_Node8_Zero,2078.016377,2078.016377,1,Expiry,0,3.519438795837345e-14,nan
2075020677929_Node0_Node8_Zero,2078.018473,2078.021528,0,,0,7.572525408e-13,0
2075024771299_Node0_Node8_Zero,2078.02337,2078.026524,0,,0,7.572525408e-13,0
2075028870800_Node0_Node8_Zero,2078.02337,2078.026524,0,,0,7.572525408e-13,0
2075032969407_Node0_Node8_Zero,2078.027525,2078.028596,0,,0,7.572525408e-13,0
2075160029507_Node0_Node8_Zero,2078.158789,2078.16016,0,,0,7.572525408e-13,0
2075168231505_Node0_Node8_Zero,2078.163473,2078.164765,0,,0,7.572525408e-13,0
2075241975929_Node0_Node8_Zero,2078.242243,2078.242243,1,Expiry,0,1.2116057035839751e-12,nan
2075266562982_Node0_Node8_Zero,2078.265247,2078.266539,0,,0,1.1658346e-13,6.557819625e-14
2075291145877_Node0_Node8_Zero,2078.291088,2078.292459,0,,0,6.557819625e-14,4.19700456e-14
2075299344639_Node0_Node8_Zero,2078.298547,2078.299818,0,,1,8.844975419645388e-13,8.143680074530488e-14
2075307541073_Node0_Node8_Zero,2078.31964,2078.31964,1,Expiry,0,1.2654186468011551e-12,nan
2075323928609_Node0_Node8_Zero,2078.323077,2078.324428,0,,1,9.137347955037749e-13,6.557819625e-14
2075332128151_Node0_Node8_Zero,2078.330083,2078.331214,0,,0,8.2283073705e-13,4.19700456e-14
2075340326232_Node0_Node8_Zero,2078.339448,2078.34052,0,,0,8.738360007999999e-13,6.557819625e-14
2075344419798_Node0_Node8_Zero,2078.355348,2078.355348,1,Expiry,0,1.11482933625e-12,nan
2075348519514_Node0_Node8_Zero,2078.355348,2078.355348,1,Expiry,0,1.11482933625e-12,nan
2075389520607_Node0_Node8_Zero,2078.390324,2078.390324,1,Expiry,0,1.1886091089609241e-12,nan
2075393618861_Node0_Node8_Zero,2078.392234,2078.394445,0,,0,7.572525408e-13,0
2075397716054_Node0_Node8_Zero,2078.392234,2078.394445,0,,0,7.572525408e-13,0
2075405919045_Node0_Node8_Zero,2078.405169,2078.4064,0,,0,6.557819625e-14,4.19700456e-14
2075442802774_Node0_Node8_Zero,2078.444492,2078.444492,1,Expiry,0,1.369868877837771e-12,nan
2075446897108_Node0_Node8_Zero,2078.444492,2078.445844,0,,1,9.085790496499517e-13,0
2075455092866_Node0_Node8_Zero,2078.449523,2078.450694,0,,0,8.2283073705e-13,0
2075459193334_Node0_Node8_Zero,2078.459883,2078.459883,1,Expiry,0,1.169266042875361e-12,nan
2075463296190_Node0_Node8_Zero,2078.459883,2078.461135,0,,0,8.41391712e-14,7.680953784023101e-14
2075467390345_Node0_Node8_Zero,2078.471973,2078.471973,1,Expiry,0,1.2359373927609242e-12,nan
2075471487095_Node0_Node8_Zero,2078.471973,2078.471973,1,Expiry,0,1.2359373927609242e-12,nan
2075479683529_Node0_Node8_Zero,2078.477697,2078.478788,0,,0,8.2283073705e-13,0
2075475583613_Node0_Node8_Zero,2078.477697,2078.477697,1,Expiry,0,1.2305791545609242e-12,nan
2075487887236_Node0_Node8_Zero,2078.486445,2078.487617,0,,0,1.5104048042824423e-13,1.1140758370329873e-13
2075483786405_Node0_Node8_Zero,2078.486445,2078.486445,1,Expiry,0,1.228507903664699e-12,nan
2075496088954_Node0_Node8_Zero,2078.490736,2078.492747,0,,1,9.082930212282442e-13,0
2075491989143_Node0_Node8_Zero,2078.490736,2078.492747,0,,1,9.082930212282442e-13,0
2075504284796_Node0_Node8_Zero,2078.506002,2078.506002,1,Expiry,0,1.332576162751444e-12,nan
2075512484779_Node0_Node8_Zero,2078.507952,2078.511981,0,,0,7.993828473214225e-13,0
2075508387746_Node0_Node8_Zero,2078.507952,2078.511981,0,,0,7.993828473214225e-13,0
2075516584484_Node0_Node8_Zero,2078.517702,2078.517702,1,Expiry,0,1.332576162751444e-12,nan
2075520678139_Node0_Node8_Zero,2078.517702,2078.518833,0,,0,7.572525408e-13,0
2075524776027_Node0_Node8_Zero,2078.520625,2078.523749,0,,46,7.572525408e-13,4.19700456e-14
2075528871575_Node0_Node8_Zero,2078.520625,2078.523749,0,,46,7.572525408e-13,4.19700456e-14
2075532970976_Node0_Node8_Zero,2078.529834,2078.531805,0,,0,7.572525408e-13,0
2075537069740_Node0_Node8_Zero,2078.529834,2078.531805,0,,0,7.572525408e-13,0
2075545264476_Node0_Node8_Zero,2078.539896,2078.541988,0,,1,9.030509942232007e-13,0
2075541168532_Node0_Node8_Zero,2078.539896,2078.541988,0,,1,9.030509942232007e-13,0
2075553463600_Node0_Node8_Zero,2078.54619,2078.549703,0,,50,8.836252265892282e-13,0
2075676409514_Node0_Node8_Zero,2078.67508,2078.676352,0,,0,8.2283073705e-13,4.19700456e-14
2075684603386_Node0_Node8_Zero,2078.68187,2078.683062,0,,1,9.151629630670695e-13,0
2075713298795_Node0_Node8_Zero,2078.712139,2078.71321,0,,0,6.557819625e-14,0
2075725594013_Node0_Node8_Zero,2078.726078,2078.726078,1,Expiry,0,1.254187305210924e-12,nan
2075791172835_Node0_Node8_Zero,2078.788818,2078.790129,0,,0,8.2283073705e-13,0
2075799362402_Node0_Node8_Zero,2078.799476,2078.799476,1,Expiry,0,6.557819625e-14,nan
2075807559130_Node0_Node8_Zero,2078.80552,2078.806831,0,,0,1.1658346e-13,0
2075815756207_Node0_Node8_Zero,2078.819635,2078.819635,1,Expiry,0,6.557819625e-14,nan
2075823953511_Node0_Node8_Zero,2078.824282,2078.824282,1,Expiry,0,1.2662607274730603e-12,nan
2075828049092_Node0_Node8_Zero,2078.830166,2078.830166,1,Expiry,0,1.04925114e-12,nan
2075832147824_Node0_Node8_Zero,2078.830166,2078.831478,0,,0,1.4664596821453036e-13,8.248835712067334e-14
2075840349931_Node0_Node8_Zero,2078.834696,2078.839969,0,,49,8.738360007999999e-13,0
2075848545401_Node0_Node8_Zero,2078.847935,2078.852923,0,,89,8.2283073705e-13,0
2075852643141_Node0_Node8_Zero,2078.851739,2078.854893,0,,1,7.572525408e-13,0
2075856740171_Node0_Node8_Zero,2078.851739,2078.854893,0,,1,7.572525408e-13,0
2075864932662_Node0_Node8_Zero,2078.862089,2078.86318,0,,0,7.918737290634025e-14,5.067991866005776e-14
2075873133502_Node0_Node8_Zero,2078.872384,2078.873675,0,,0,1.9401098685898616e-13,1.131277907401797e-13
2075881333242_Node0_Node8_Zero,2078.877702,2078.88622,0,,49,5.227136850442641e-14,3.629956146140723e-14
2075877229884_Node0_Node8_Zero,2078.877702,2078.877702,1,Expiry,0,1.2580081640109988e-12,nan
2075885435895_Node0_Node8_Zero,2078.888259,2078.888259,1,Expiry,0,1.328628106140048e-12,nan
2075889535686_Node0_Node8_Zero,2078.888259,2078.88961,0,,0,7.572525408e-13,0
2075897737880_Node0_Node8_Zero,2078.894936,2078.896208,0,,0,7.572525408e-13,0
2075893638893_Node0_Node8_Zero,2078.894936,2078.894936,1,Expiry,0,4.73282838e-14,nan
2075905932233_Node0_Node8_Zero,2078.906958,2078.906958,1,Expiry,0,1.11482933625e-12,nan
2075914129441_Node0_Node8_Zero,2078.913927,2078.915098,0,,0,1.47625345126672e-13,8.3039256633753e-14
2075922328409_Node0_Node8_Zero,2078.93389,2078.93389,1,Expiry,0,1.0912211856e-12,nan
2075930530624_Node0_Node8_Zero,2078.93389,2078.93389,1,Expiry,0,1.0912211856e-12,nan
2075938731920_Node0_Node8_Zero,2078.936981,2078.938192,0,,1,8.980300926334938e-13,7.918737290634025e-14
2075946928614_Node0_Node8_Zero,2078.942564,2078.943935,0,,0,7.572525408e-13,0
2075955124453_Node0_Node8_Zero,2078.953219,2078.95447,0,,0,8.056909115548383e-13,3.3637757468637704e-14
2075979715264_Node0_Node8_Zero,2078.980268,2078.980268,1,Expiry,0,1.2100866328299265e-12,nan
2075987913527_Node0_Node8_Zero,2078.98549,2078.986662,0,,0,7.993828473214225e-13,0
2076028902737_Node0_Node8_Zero,2079.027739,2079.02887,0,,0,8.2283073705e-13,0
2076037102669_Node0_Node8_Zero,2079.032884,2079.034235,0,,0,7.572525408e-13,0
2076110867828_Node0_Node8_Zero,2079.109804,2079.111095,0,,0,7.572525408e-13,0
2076127263497_Node0_Node8_Zero,2079.128291,2079.128291,1,Expiry,0,3.599773221272655e-14,nan
2076151849048_Node0_Node8_Zero,2079.152784,2079.152784,1,Expiry,0,1.385233310996722e-12,nan
2076160052399_Node0_Node8_Zero,2079.162528,2079.162528,1,Expiry,0,1.0912211856e-12,nan
2076168256035_Node0_Node8_Zero,2079.165712,2079.170812,0,,89,7.572525408e-13,0
2076172358778_Node0_Node8_Zero,2079.169694,2079.172702,0,,1,7.971513355037749e-13,0
2076176456274_Node0_Node8_Zero,2079.169694,2079.172702,0,,1,7.971513355037749e-13,0
2076233847541_Node0_Node8_Zero,2079.234157,2079.234157,1,Expiry,0,1.0912211856e-12,nan
2076266625837_Node0_Node8_Zero,2079.264096,2079.265208,0,,0,7.572525408e-13,0
2076274818021_Node0_Node8_Zero,2079.269625,2079.270936,0,,0,1.407775518334938e-13,0
2076319905811_Node0_Node8_Zero,2079.315999,2079.31799,0,,0,7.572525408e-13,0
2076324005572_Node0_Node8_Zero,2079.315999,2079.31799,0,,0,7.572525408e-13,0
2076328101293_Node0_Node8_Zero,2079.324151,2079.326342,0,,0,8.2283073705e-13,0
2076332202534_Node0_Node8_Zero,2079.324151,2079.326342,0,,0,8.2283073705e-13,0
2076336300657_Node0_Node8_Zero,2079.336704,2079.336704,1,Expiry,0,1.254187305210924e-12,nan
2076340401593_Node0_Node8_Zero,2079.336704,2079.337975,0,,0,8.2283073705e-13,4.19700456e-14
2076348603638_Node0_Node8_Zero,2079.342684,2079.34506,0,,0,7.680953784023101e-14,5.333995683349376e-14
2076344501867_Node0_Node8_Zero,2079.346228,2079.346228,1,Expiry,0,1.0912211856e-12,nan
2076356801403_Node0_Node8_Zero,2079.355489,2079.3566,0,,1,9.107423370816679e-13,0
2076365005933_Node0_Node8_Zero,2079.360247,2079.365232,0,,48,4.012821567937612e-14,0
2076381406060_Node0_Node8_Zero,2079.378598,2079.379809,0,,0,8.045808246e-13,0
2076422370448_Node0_Node8_Zero,2079.422252,2079.423563,0,,0,8.2283073705e-13,0
2076430558516_Node0_Node8_Zero,2079.4271,2079.428331,0,,1,8.822883452650678e-13,8.00229148576434e-14
2076438756914_Node0_Node8_Zero,2079.437567,2079.438838,0,,0,7.572525408e-13,2.1413288571428573e-14
2076446954750_Node0_Node8_Zero,2079.446427,2079.447518,0,,0,7.572525408e-13,0
2076463343776_Node0_Node8_Zero,2079.462042,2079.463114,0,,0,4.19700456e-14,2.9145865e-14
2076471542576_Node0_Node8_Zero,2079.469958,2079.471129,0,,0,7.906265023841826e-13,2.4519645245521913e-14
2076487932540_Node0_Node8_Zero,2079.488511,2079.488511,1,Expiry,0,1.2926629320887944e-12,nan
2076496121039_Node0_Node8_Zero,2079.493571,2079.494782,0,,0,7.572525408e-13,0
2076537107112_Node0_Node8_Zero,2079.538147,2079.538147,1,Expiry,0,1.11482933625e-12,nan
2076569893108_Node0_Node8_Zero,2079.567086,2079.568457,0,,0,6.557819625e-14,4.19700456e-14
2076586294907_Node0_Node8_Zero,2079.582491,2079.583582,0,,0,7.572525408e-13,0
2076582192921_Node0_Node8_Zero,2079.582491,2079.582491,1,Expiry,0,1.254187305210924e-12,nan
2076590392567_Node0_Node8_Zero,2079.592189,2079.592189,1,Expiry,0,1.2520520016660117e-12,nan
2076594494323_Node0_Node8_Zero,2079.592189,2079.59344,0,,0,7.992225864e-13,0
2076660067824_Node0_Node8_Zero,2079.659501,2079.660852,0,,0,7.992225864e-13,0
2076684652773_Node0_Node8_Zero,2079.68396,2079.685331,0,,0,6.557819625e-14,0
2076692847909_Node0_Node8_Zero,2079.69142,2079.692591,0,,0,8.167633664645799e-13,0
2076709234923_Node0_Node8_Zero,2079.708819,2079.71001,0,,0,7.941588770816679e-13,2.7114859308980572e-14
2076791201535_Node0_Node8_Zero,2079.790063,2079.791234,0,,0,4.19700456e-14,2.9145865e-14
2076799395676_Node0_Node8_Zero,2079.80286,2079.80286,1,Expiry,0,1.1006784225291164e-12,nan
2076803491179_Node0_Node8_Zero,2079.80481,2079.80481,1,Expiry,0,1.2855892565689162e-12,nan
2076807587187_Node0_Node8_Zero,2079.80481,2079.806021,0,,1,8.980300926334938e-13,0
2076815785642_Node0_Node8_Zero,2079.809878,2079.81097,0,,0,7.572525408e-13,0
2076823983997_Node0_Node8_Zero,2079.824693,2079.824693,1,Expiry,0,1.1886091089609241e-12,nan
2076832173219_Node0_Node8_Zero,2079.832584,2079.832584,1,Expiry,0,1.254187305210924e-12,nan
2076844459370_Node0_Node8_Zero,2079.846075,2079.846075,1,Expiry,0,1.254187305210924e-12,nan
2076848560986_Node0_Node8_Zero,2079.846075,2079.847266,0,,0,7.572525408e-13,0
2076856754794_Node0_Node8_Zero,2079.855217,2079.856509,0,,0,7.572525408e-13,0
2076873146912_Node0_Node8_Zero,2079.873261,2079.873261,1,Expiry,0,1.3282976083986315e-12,nan
2076881342925_Node0_Node8_Zero,2079.880384,2079.881455,0,,0,1.519914607609537e-13,1.1683349791495356e-13
2076889538642_Node0_Node8_Zero,2079.888999,2079.89031,0,,0,7.572525408e-13,4.19700456e-14
2076897743930_Node0_Node8_Zero,2079.894832,2079.897984,0,,0,7.572525408e-13,0
2076901839566_Node0_Node8_Zero,2079.901831,2079.903862,0,,1,9.073670608161449e-13,0
2076905941100_Node0_Node8_Zero,2079.901831,2079.903862,0,,1,9.073670608161449e-13,0
2076914144014_Node0_Node8_Zero,2079.906125,2079.907196,0,,0,3.353106001614499e-14,2.4635064501657543e-14
2076910040998_Node0_Node8_Zero,2079.910325,2079.910325,1,Expiry,0,1.0912211856e-12,nan
2076922341386_Node0_Node8_Zero,2079.920758,2079.921929,0,,0,7.572525408e-13,0
2076971530154_Node0_Node8_Zero,2079.97384,2079.97384,1,Expiry,0,6.711397255260433e-14,nan
2076979723923_Node0_Node8_Zero,2079.976804,2079.977876,0,,0,7.572525408e-13,0
2076983818368_Node0_Node8_Zero,2079.985006,2079.985006,1,Expiry,0,1.315854110125463e-12,nan
2076987917694_Node0_Node8_Zero,2079.985006,2079.986097,0,,0,7.572525408e-13,0
2077004314113_Node0_Node8_Zero,2080.006422,2080.006422,1,Expiry,0,1.3942063023900482e-12,nan
2077008413082_Node0_Node8_Zero,2080.008312,2080.010443,0,,0,7.992225864e-13,0
2077012510764_Node0_Node8_Zero,2080.008312,2080.010443,0,,0,7.992225864e-13,0
2077016605232_Node0_Node8_Zero,2080.016695,2080.016695,1,Expiry,0,1.266997966501444e-12,nan
2077061686778_Node0_Node8_Zero,2080.06274,2080.06274,1,Expiry,0,1.078397005e-12,nan
2077065780904_Node0_Node8_Zero,2080.067629,2080.067629,1,Expiry,0,1.0905781022670693e-12,nan
2077069881215_Node0_Node8_Zero,2080.067629,2080.068701,0,,0,7.572525408e-13,0
2077073981001_Node0_Node8_Zero,2080.07668,2080.07668,1,Expiry,0,1.146027507333975e-12,nan
2077078075746_Node0_Node8_Zero,2080.07668,2080.080696,0,,0,4.1923844466385253e-14,0
2077082169926_Node0_Node8_Zero,2080.082551,2080.082551,1,Expiry,0,1.20042079374128e-12,nan
2077086270808_Node0_Node8_Zero,2080.082551,2080.085708,0,,88,7.930267084265146e-13,2.628306192968422e-14
2077090373991_Node0_Node8_Zero,2080.084501,2080.088883,0,,47,7.863984058e-13,0
2077094470682_Node0_Node8_Zero,2080.084501,2080.088883,0,,47,7.863984058e-13,0
2077098566206_Node0_Node8_Zero,2080.086804,2080.091066,0,,47,7.572525408e-13,0
2077266615314_Node0_Node8_Zero,2080.267751,2080.267751,1,Expiry,0,4.19700456e-14,nan
2077299406118_Node0_Node8_Zero,2080.298888,2080.300199,0,,0,7.572525408e-13,3.9188539714403574e-14
2077307602306_Node0_Node8_Zero,2080.306685,2080.307916,0,,0,7.572525408e-13,0
2077315797296_Node0_Node8_Zero,2080.316797,2080.316797,1,Expiry,0,6.557819625e-14,nan
2077323997662_Node0_Node8_Zero,2080.325606,2080.325606,1,Expiry,0,1.2253302112658099e-12,nan
2077332193511_Node0_Node8_Zero,2080.326916,2080.330335,0,,48,3.519438795837345e-14,2.585710135717233e-14
2077328094620_Node0_Node8_Zero,2080.329074,2080.329074,1,Expiry,0,1.348434767246749e-12,nan
2077340391401_Node0_Node8_Zero,2080.342761,2080.342761,1,Expiry,0,1.2477520339558521e-12,nan
2077348579809_Node0_Node8_Zero,2080.345934,2080.347005,0,,0,7.572525408e-13,0
2077446959014_Node0_Node8_Zero,2080.44575,2080.446861,0,,0,8.2283073705e-13,0
2077455152435_Node0_Node8_Zero,2080.450898,2080.452089,0,,1,8.844975419645388e-13,0
2077459252804_Node0_Node8_Zero,2080.466506,2080.466506,1,Expiry,0,1.2305791545609242e-12,nan
2077463354323_Node0_Node8_Zero,2080.466506,2080.466506,1,Expiry,0,1.2305791545609242e-12,nan
2077471543580_Node0_Node8_Zero,2080.467576,2080.468687,0,,0,7.572525408e-13,0
2077479743682_Node0_Node8_Zero,2080.477442,2080.478593,0,,0,6.282520523841594e-14,4.615729364455049e-14
2077561697391_Node0_Node8_Zero,2080.561942,2080.561942,1,Expiry,0,1.2025582202435086e-12,nan
2077569890760_Node0_Node8_Zero,2080.570892,2080.570892,1,Expiry,0,1.2116057035839751e-12,nan
2077578083454_Node0_Node8_Zero,2080.578768,2080.578768,1,Expiry,0,1.2988186898515157e-12,nan
2077602678732_Node0_Node8_Zero,2080.603759,2080.603759,1,Expiry,0,1.2263619327692854e-12,nan
2077610870650_Node0_Node8_Zero,2080.609238,2080.610389,0,,0,8.386893415453048e-13,0
2077676449594_Node0_Node8_Zero,2080.672434,2080.673805,0,,0,8.2283073705e-13,0
2077672348346_Node0_Node8_Zero,2080.672434,2080.672434,1,Expiry,0,1.392558195128697e-12,nan
2077684652869_Node0_Node8_Zero,2080.688035,2080.688035,1,Expiry,0,1.254187305210924e-12,nan
2077688747933_Node0_Node8_Zero,2080.690065,2080.690065,1,Expiry,0,1.1886091089609241e-12,nan
2077692848564_Node0_Node8_Zero,2080.690065,2080.691176,0,,0,6.557819625e-14,4.19700456e-14
2077701037282_Node0_Node8_Zero,2080.699914,2080.701005,0,,0,7.572525408e-13,0
2077709231171_Node0_Node8_Zero,2080.708023,2080.709154,0,,0,3.9898794703775013e-14,2.931340019052858e-14
2077717432035_Node0_Node8_Zero,2080.715359,2080.71663,0,,1,9.069561399040837e-13,0
2077721532097_Node0_Node8_Zero,2080.72443,2080.72443,1,Expiry,0,1.2473098926663352e-12,nan
2077733831907_Node0_Node8_Zero,2080.730327,2080.731659,0,,0,8.2283073705e-13,4.19700456e-14
2077729729569_Node0_Node8_Zero,2080.730327,2080.730327,1,Expiry,0,1.04925114e-12,nan
2077742031857_Node0_Node8_Zero,2080.743205,2080.743205,1,Expiry,0,1.1878813706010084e-12,nan
2077746127415_Node0_Node8_Zero,2080.745235,2080.747246,0,,0,7.572525408e-13,0
2077750226414_Node0_Node8_Zero,2080.745235,2080.747246,0,,0,7.572525408e-13,0
2077758424870_Node0_Node8_Zero,2080.750466,2080.751838,0,,0,8.738360007999999e-13,6.557819625e-14
2077807607287_Node0_Node8_Zero,2080.803128,2080.804279,0,,0,7.572525408e-13,3.036266615539793e-14
2077946947993_Node0_Node8_Zero,2080.946758,2080.94791,0,,0,8.2283073705e-13,0
2077963344902_Node0_Node8_Zero,2080.963481,2080.963481,1,Expiry,0,1.254187305210924e-12,nan
2077971540594_Node0_Node8_Zero,2080.969054,2080.970326,0,,0,8.738360007999999e-13,0
2077992027967_Node0_Node8_Zero,2080.989471,2080.990842,0,,1,8.980300926334938e-13,0
2077996129832_Node0_Node8_Zero,2080.995708,2080.996859,0,,0,7.572525408e-13,0
2078004321786_Node0_Node8_Zero,2081.000027,2081.001259,0,,1,9.04877885926672e-13,0
2078000228316_Node0_Node8_Zero,2081.006523,2081.006523,1,Expiry,0,1.328628106140048e-12,nan
2078028894953_Node0_Node8_Zero,2081.02741,2081.030485,0,,1,8.980300926334938e-13,0
2078032993763_Node0_Node8_Zero,2081.034407,2081.034407,1,Expiry,0,1.2720973811732559e-12,nan
2078037093370_Node0_Node8_Zero,2081.034407,2081.042468,0,,96,7.572525408e-13,0
2078045284945_Node0_Node8_Zero,2081.037977,2081.065574,1,Expiry,1,2.9145865e-14,nan
2078168243154_Node0_Node8_Zero,2081.168964,2081.168964,1,Expiry,0,1.0912211856e-12,nan
2078188740289_Node0_Node8_Zero,2081.183618,2081.18471,0,,0,7.992225864e-13,0
2078196928673_Node0_Node8_Zero,2081.197521,2081.197521,1,Expiry,0,1.11482933625e-12,nan
2078213328141_Node0_Node8_Zero,2081.211454,2081.212826,0,,0,8.738360007999999e-13,6.557819625e-14
2078225617384_Node0_Node8_Zero,2081.218561,2081.219792,0,,0,7.572525408e-13,0
2078242002063_Node0_Node8_Zero,2081.242582,2081.242582,1,Expiry,0,1.11482933625e-12,nan
2078246096560_Node0_Node8_Zero,2081.244552,2081.246603,0,,0,8.2283073705e-13,0
2078250196434_Node0_Node8_Zero,2081.244552,2081.246603,0,,0,8.2283073705e-13,0
2078258394903_Node0_Node8_Zero,2081.250663,2081.251974,0,,0,5.067991866005776e-14,0
2078262492614_Node0_Node8_Zero,2081.262897,2081.262897,1,Expiry,0,1.2594995477176358e-12,nan
2078274787567_Node0_Node8_Zero,2081.273713,2081.275004,0,,1,8.980300926334938e-13,0
2078319884651_Node0_Node8_Zero,2081.319871,2081.321982,0,,1,8.875927803507148e-13,0
2078323981184_Node0_Node8_Zero,2081.319871,2081.321982,0,,1,8.875927803507148e-13,0
2078332171804_Node0_Node8_Zero,2081.327654,2081.32989,0,,46,8.530876977826998e-13,0
2078328078192_Node0_Node8_Zero,2081.328744,2081.328744,1,Expiry,0,1.2676306495673947e-12,nan
2078340361804_Node0_Node8_Zero,2081.333729,2081.334901,0,,0,7.991064040670334e-13,0
2078385454159_Node0_Node8_Zero,2081.386215,2081.386215,1,Expiry,0,3.9898794703775013e-14,nan
2078389550535_Node0_Node8_Zero,2081.386215,2081.387306,0,,0,7.572525408e-13,0
2078545288983_Node0_Node8_Zero,2081.546149,2081.546149,1,Expiry,0,1.2116057035839751e-12,nan
2078553481734_Node0_Node8_Zero,2081.551373,2081.552525,0,,0,7.985795030670694e-13,0
2078561676702_Node0_Node8_Zero,2081.562342,2081.562342,1,Expiry,0,1.187997552933975e-12,nan
2078569878927_Node0_Node8_Zero,2081.569146,2081.570377,0,,0,6.557819625e-14,4.19700456e-14
2078594458079_Node0_Node8_Zero,2081.59735,2081.59735,1,Expiry,0,6.557819625e-14,nan
2078602659763_Node0_Node8_Zero,2081.601314,2081.606414,0,,89,3.9898794703775013e-14,2.931340019052858e-14
2078606762906_Node0_Node8_Zero,2081.605117,2081.608384,0,,1,8.167633664645799e-13,0
2078610861296_Node0_Node8_Zero,2081.605117,2081.608384,0,,1,8.167633664645799e-13,0
2078635450443_Node0_Node8_Zero,2081.636086,2081.636086,1,Expiry,0,1.2080811592928028e-12,nan
2078639547683_Node0_Node8_Zero,2081.638136,2081.640267,0,,0,8.738360007999999e-13,0
2078643647214_Node0_Node8_Zero,2081.638136,2081.640267,0,,0,8.738360007999999e-13,0
2078651849074_Node0_Node8_Zero,2081.646839,2081.648911,0,,0,7.572525408e-13,0
2078647749909_Node0_Node8_Zero,2081.646839,2081.648911,0,,0,7.572525408e-13,0
2078660043325_Node0_Node8_Zero,2081.660669,2081.660669,1,Expiry,0,1.11482933625e-12,nan
2078668240797_Node0_Node8_Zero,2081.666769,2081.66794,0,,0,7.992225864e-13,0
2078676440918_Node0_Node8_Zero,2081.672735,2081.674046,0,,0,7.572525408e-13,0
2078717425226_Node0_Node8_Zero,2081.717257,2081.718509,0,,0,7.572525408e-13,0
2078750225057_Node0_Node8_Zero,2081.748645,2081.749896,0,,0,8.433275794339094e-13,5.977433238465933e-14
2078766624304_Node0_Node8_Zero,2081.76518,2081.766451,0,,0,4.19700456e-14,0
2078791213413_Node0_Node8_Zero,2081.791058,2081.794192,0,,0,1.1658346e-13,2.931340019052858e-14
2078795307919_Node0_Node8_Zero,2081.797094,2081.797094,1,Expiry,0,1.2057333947037749e-12,nan
2078799402855_Node0_Node8_Zero,2081.797094,2081.7983,0,,0,7.572525408e-13,2.9145865e-14
2078873146672_Node0_Node8_Zero,2081.870331,2081.871562,0,,0,8.2283073705e-13,0
2078930507452_Node0_Node8_Zero,2081.93533,2081.93533,1,Expiry,0,1.266997966501444e-12,nan
2078934608590_Node0_Node8_Zero,2081.93728,2081.93728,1,Expiry,0,1.1886091089609241e-12,nan
2078938705974_Node0_Node8_Zero,2081.93728,2081.938491,0,,0,8.2283073705e-13,0
2078946901134_Node0_Node8_Zero,2081.940343,2081.942334,0,,1,9.044720889461737e-13,0
2078942801307_Node0_Node8_Zero,2081.940343,2081.942334,0,,1,9.044720889461737e-13,0
2078951003248_Node0_Node8_Zero,2081.953956,2081.953956,1,Expiry,0,1.266997966501444e-12,nan
2078955098439_Node0_Node8_Zero,2081.953956,2081.955188,0,,0,8.37695139103767e-13,0
2078967392479_Node0_Node8_Zero,2081.96752,2081.96752,1,Expiry,0,1.3931634878870336e-12,nan
2078971489373_Node0_Node8_Zero,2081.96752,2081.968831,0,,0,7.572525408e-13,0
2078987891992_Node0_Node8_Zero,2081.987171,2081.988402,0,,0,8.738360007999999e-13,0
2078996093047_Node0_Node8_Zero,2081.995777,2081.997028,0,,0,8.2283073705e-13,0
2079004281021_Node0_Node8_Zero,2081.99804,2081.999351,0,,0,4.19700456e-14,0
2079037063024_Node0_Node8_Zero,2082.037866,2082.037866,1,Expiry,0,1.332576162751444e-12,nan
2079041164340_Node0_Node8_Zero,2082.044504,2082.044504,1,Expiry,0,1.332576162751444e-12,nan
2079045260979_Node0_Node8_Zero,2082.044504,2082.045615,0,,0,6.557819625e-14,4.19700456e-14
2079049358046_Node0_Node8_Zero,2082.051689,2082.051689,1,Expiry,0,1.1751733723339751e-12,nan
2079053451830_Node0_Node8_Zero,2082.051689,2082.05294,0,,0,8.738360007999999e-13,0
2079069843826_Node0_Node8_Zero,2082.05847,2082.059541,0,,0,8.105924976334937e-13,0
2079065741649_Node0_Node8_Zero,2082.063416,2082.064568,0,,0,8.738360007999999e-13,0
2079094436048_Node0_Node8_Zero,2082.096669,2082.096669,1,Expiry,0,1.2035303878383395e-12,nan
2079090340522_Node0_Node8_Zero,2082.096669,2082.096669,1,Expiry,0,1.2035303878383395e-12,nan
2079098534781_Node0_Node8_Zero,2082.098599,2082.098599,1,Expiry,0,1.262203670863564e-12,nan
2079102632609_Node0_Node8_Zero,2082.098599,2082.09989,0,,0,1.5187323696988783e-13,8.54286957955619e-14
2079110825305_Node0_Node8_Zero,2082.10852,2082.109771,0,,0,1.5258141980797244e-13,9.202567692524506e-14
2079106730077_Node0_Node8_Zero,2082.10852,2082.10852,1,Expiry,0,3.599795980797244e-14,nan
2079119015256_Node0_Node8_Zero,2082.118248,2082.119399,0,,1,9.242896133716558e-13,0
2079114919607_Node0_Node8_Zero,2082.118248,2082.118248,1,Expiry,0,1.0909138596565091e-12,nan
2079127209454_Node0_Node8_Zero,2082.122043,2082.124174,0,,0,7.572525408e-13,5.08462682263005e-14
2079123113004_Node0_Node8_Zero,2082.122043,2082.124174,0,,0,7.572525408e-13,5.08462682263005e-14
2079131307506_Node0_Node8_Zero,2082.126104,2082.128135,0,,0,1.6703707257165585e-13,1.204013449518251e-13
2079135408761_Node0_Node8_Zero,2082.126104,2082.128135,0,,0,1.6703707257165585e-13,1.204013449518251e-13
2079139510647_Node0_Node8_Zero,2082.145139,2082.145139,1,Expiry,0,3.9898794703775013e-14,nan
2079143610412_Node0_Node8_Zero,2082.145139,2082.145139,1,Expiry,0,3.9898794703775013e-14,nan
2079147712369_Node0_Node8_Zero,2082.14889,2082.14889,1,Expiry,0,1.2216304911201101e-12,nan
2079151811173_Node0_Node8_Zero,2082.14889,2082.150061,0,,0,7.932106274158963e-13,0
2079155907855_Node0_Node8_Zero,2082.151913,2082.15694,0,,134,7.892588672839655e-13,0
2079160004386_Node0_Node8_Zero,2082.151913,2082.15694,0,,134,7.892588672839655e-13,0
2079164106727_Node0_Node8_Zero,2082.153843,2082.160061,0,,93,7.572525408e-13,0
2079168203049_Node0_Node8_Zero,2082.153843,2082.160061,0,,93,7.572525408e-13,0
2079291159026_Node0_Node8_Zero,2082.291651,2082.291651,1,Expiry,0,1.2018833463255858e-12,nan
2079307557115_Node0_Node8_Zero,2082.308224,2082.308224,1,Expiry,0,1.1025910968334937e-12,nan
2079315758823_Node0_Node8_Zero,2082.314498,2082.31557,0,,0,7.572525408e-13,0
2079332151990_Node0_Node8_Zero,2082.331596,2082.333889,0,,1,9.04877885926672e-13,0
2079356741960_Node0_Node8_Zero,2082.357223,2082.357223,1,Expiry,0,1.322843633142189e-12,nan
2079393621004_Node0_Node8_Zero,2082.394865,2082.394865,1,Expiry,0,1.2305791545609242e-12,nan
2079397715013_Node0_Node8_Zero,2082.394865,2082.396216,0,,0,8.738360007999999e-13,6.557819625e-14
2079405908845_Node0_Node8_Zero,2082.402079,2082.404395,0,,47,7.572525408e-13,0
2079401809114_Node0_Node8_Zero,2082.403169,2082.403169,1,Expiry,0,1.04925114e-12,nan
2079463290911_Node0_Node8_Zero,2082.463984,2082.463984,1,Expiry,0,1.3124299744490564e-12,nan
2079471487083_Node0_Node8_Zero,2082.472483,2082.472483,1,Expiry,0,1.2305791545609242e-12,nan
2079479679548_Node0_Node8_Zero,2082.478684,2082.479935,0,,0,1.272450011645389e-13,8.143680074530488e-14
2079520661563_Node0_Node8_Zero,2082.522779,2082.522779,1,Expiry,0,1.3574434733986316e-12,nan
2079528856937_Node0_Node8_Zero,2082.535281,2082.535281,1,Expiry,0,1.2116057035839751e-12,nan
2079532958454_Node0_Node8_Zero,2082.537271,2082.537271,1,Expiry,0,6.557819625e-14,nan
2079537051940_Node0_Node8_Zero,2082.537271,2082.537271,1,Expiry,0,6.557819625e-14,nan
2079545250147_Node0_Node8_Zero,2082.543161,2082.546304,0,,0,8.738360007999999e-13,0
2079549348302_Node0_Node8_Zero,2082.554645,2082.554645,1,Expiry,0,1.3086240118362851e-12,nan
2079553449009_Node0_Node8_Zero,2082.554645,2082.554645,1,Expiry,0,1.3086240118362851e-12,nan
2079557549240_Node0_Node8_Zero,2082.556705,2082.558696,0,,0,7.572525408e-13,0
2079561652456_Node0_Node8_Zero,2082.556705,2082.558696,0,,0,7.572525408e-13,0
2079565748970_Node0_Node8_Zero,2082.56158,2082.563571,0,,0,5.745426437343601e-14,0
2079569851053_Node0_Node8_Zero,2082.56158,2082.563571,0,,0,5.745426437343601e-14,0
2079573952872_Node0_Node8_Zero,2082.570942,2082.572953,0,,1,1.6372793343267197e-13,0
2079578054157_Node0_Node8_Zero,2082.570942,2082.572953,0,,1,1.6372793343267197e-13,0
2079586252310_Node0_Node8_Zero,2082.578375,2082.579586,0,,0,7.572525408e-13,0
2079619039994_Node0_Node8_Zero,2082.617969,2082.61922,0,,0,7.572525408e-13,2.9145865e-14
2079635431871_Node0_Node8_Zero,2082.633978,2082.638999,0,,88,8.212984002374968e-14,5.703461112760394e-14
2079639530530_Node0_Node8_Zero,2082.637821,2082.642912,0,,0,8.2283073705e-13,0
2079643629370_Node0_Node8_Zero,2082.637821,2082.642912,0,,0,8.2283073705e-13,0
2079660033985_Node0_Node8_Zero,2082.660009,2082.66116,0,,1,8.980300926334938e-13,0
2079668232314_Node0_Node8_Zero,2082.66754,2082.668891,0,,0,8.738360007999999e-13,0
2079676427322_Node0_Node8_Zero,2082.675951,2082.677162,0,,0,8.2283073705e-13,0
2079684618067_Node0_Node8_Zero,2082.682829,2082.683961,0,,1,8.980300926334938e-13,0
2079692819554_Node0_Node8_Zero,2082.688209,2082.68944,0,,0,8.37744417959658e-13,0
2079701014224_Node0_Node8_Zero,2082.699884,2082.701215,0,,0,1.1658346e-13,6.557819625e-14
2079696917763_Node0_Node8_Zero,2082.699884,2082.699884,1,Expiry,0,1.337809052051116e-12,nan
2079709207951_Node0_Node8_Zero,2082.706394,2082.707765,0,,0,8.2283073705e-13,0
2079889527650_Node0_Node8_Zero,2082.893563,2082.893563,1,Expiry,0,1.308968012101444e-12,nan
2079893622700_Node0_Node8_Zero,2082.895733,2082.895733,1,Expiry,0,6.557819625e-14,nan
2079897719420_Node0_Node8_Zero,2082.895733,2082.897004,0,,0,8.179201821908484e-13,0
2079955106668_Node0_Node8_Zero,2082.954225,2082.955596,0,,0,4.19700456e-14,2.9145865e-14
2079959204485_Node0_Node8_Zero,2082.96142,2082.96142,1,Expiry,0,1.332576162751444e-12,nan
2079963307096_Node0_Node8_Zero,2082.96142,2082.962672,0,,0,7.572525408e-13,0
2079971509713_Node0_Node8_Zero,2082.969397,2082.970728,0,,0,7.572525408e-13,0
2079979706868_Node0_Node8_Zero,2082.973722,2082.974993,0,,0,7.572525408e-13,0
2079987903791_Node0_Node8_Zero,2082.986843,2082.988094,0,,0,8.738360007999999e-13,0
2079992001212_Node0_Node8_Zero,2082.99186,2082.993147,1,Expiry,1,2.334434336928025e-13,nan
2079996100012_Node0_Node8_Zero,2082.99605,2082.997401,0,,0,7.572525408e-13,0
2080012496792_Node0_Node8_Zero,2083.015032,2083.015032,1,Expiry,0,1.3203379233349378e-12,nan
2080020691736_Node0_Node8_Zero,2083.017302,2083.018613,0,,0,1.1658346e-13,9.489159644052858e-14
2080028895915_Node0_Node8_Zero,2083.02635,2083.027561,0,,0,8.371459779923927e-13,0
2080032989447_Node0_Node8_Zero,2083.034857,2083.034857,1,Expiry,0,3.9898794703775013e-14,nan
2080037088815_Node0_Node8_Zero,2083.034857,2083.036068,0,,0,8.486643069536021e-13,0
2080045293463_Node0_Node8_Zero,2083.051895,2083.051895,1,Expiry,0,6.557819625e-14,nan
2080053495967_Node0_Node8_Zero,2083.053145,2083.058191,0,,89,7.572525408e-13,0
2080057589751_Node0_Node8_Zero,2083.056997,2083.060301,0,,1,7.572525408e-13,0
2080061691063_Node0_Node8_Zero,2083.056997,2083.060301,0,,1,7.572525408e-13,0
2080069889310_Node0_Node8_Zero,2083.070422,2083.070422,1,Expiry,0,1.11482933625e-12,nan
2080078080853_Node0_Node8_Zero,2083.075332,2083.076523,0,,0,7.992225864e-13,0
2080102660729_Node0_Node8_Zero,2083.102813,2083.102813,1,Expiry,0,1.11482933625e-12,nan
2080110862710_Node0_Node8_Zero,2083.110556,2083.111927,0,,0,7.572525408e-13,0
2080119063449_Node0_Node8_Zero,2083.115196,2083.116408,0,,0,8.738360007999999e-13,0
2080242023562_Node0_Node8_Zero,2083.238428,2083.239759,0,,0,7.572525408e-13,0
2080250223087_Node0_Node8_Zero,2083.259408,2083.259408,1,Expiry,0,1.2307394154823467e-12,nan
2080258421016_Node0_Node8_Zero,2083.259408,2083.259408,1,Expiry,0,1.2307394154823467e-12,nan
2080254324431_Node0_Node8_Zero,2083.265228,2083.265228,1,Expiry,0,1.2662607274730603e-12,nan
2080262515031_Node0_Node8_Zero,2083.265228,2083.265228,1,Expiry,0,1.2662607274730603e-12,nan
2080266609117_Node0_Node8_Zero,2083.267185,2083.267185,1,Expiry,0,1.2473098926663352e-12,nan
2080270704393_Node0_Node8_Zero,2083.267185,2083.274119,0,,178,1.5155598543208226e-13,1.1585957866576353e-13
2080274797910_Node0_Node8_Zero,2083.269175,2083.276027,0,,91,8.2283073705e-13,0
2080278900808_Node0_Node8_Zero,2083.269175,2083.276027,0,,91,8.2283073705e-13,0
2080282998975_Node0_Node8_Zero,2083.272999,2083.278077,0,,2,8.502382059009061e-13,0
2080287097273_Node0_Node8_Zero,2083.272999,2083.278077,0,,2,8.502382059009061e-13,0
2080291193539_Node0_Node8_Zero,2083.288068,2083.293767,0,,89,8.738360007999999e-13,0
2080295291332_Node0_Node8_Zero,2083.288068,2083.293767,0,,89,8.738360007999999e-13,0
2080299388371_Node0_Node8_Zero,2083.291832,2083.295657,0,,1,7.572525408e-13,0
2080307582014_Node0_Node8_Zero,2083.291832,2083.295657,0,,1,7.572525408e-13,0
2080311676988_Node0_Node8_Zero,2083.308717,2083.311852,0,,0,1.1658346e-13,0
2080315774086_Node0_Node8_Zero,2083.320318,2083.320318,1,Expiry,0,6.557819625e-14,nan
2080319870563_Node0_Node8_Zero,2083.320318,2083.320318,1,Expiry,0,6.557819625e-14,nan
2080328063573_Node0_Node8_Zero,2083.330949,2083.330949,1,Expiry,0,1.343807504341675e-12,nan
2080332164654_Node0_Node8_Zero,2083.332863,2083.332863,1,Expiry,0,1.381100219428002e-12,nan
2080336267396_Node0_Node8_Zero,2083.332863,2083.334234,0,,0,7.572525408e-13,0
2080340362155_Node0_Node8_Zero,2083.341107,2083.341107,1,Expiry,0,1.3441894762915458e-12,nan
2080344465429_Node0_Node8_Zero,2083.341107,2083.342338,0,,0,6.557819625e-14,4.19700456e-14
2080348563358_Node0_Node8_Zero,2083.351942,2083.351942,1,Expiry,0,1.11482933625e-12,nan
2080352657841_Node0_Node8_Zero,2083.351942,2083.357061,0,,89,7.572525408e-13,0
2080356757066_Node0_Node8_Zero,2083.355877,2083.361932,0,,92,8.2283073705e-13,0
2080364947857_Node0_Node8_Zero,2083.355877,2083.361932,0,,92,8.2283073705e-13,0
2080360853430_Node0_Node8_Zero,2083.359893,2083.363842,0,,2,9.042714155227154e-13,0
2080373148693_Node0_Node8_Zero,2083.359893,2083.363842,0,,2,9.042714155227154e-13,0
2080369049291_Node0_Node8_Zero,2083.36915,2083.36915,1,Expiry,0,6.557819625e-14,nan
2080377248957_Node0_Node8_Zero,2083.375872,2083.377984,0,,1,9.029818658e-13,0
2080381351628_Node0_Node8_Zero,2083.375872,2083.377984,0,,1,9.029818658e-13,0
2080389547062_Node0_Node8_Zero,2083.383091,2083.385172,0,,0,8.381961291517758e-13,0
2080397751123_Node0_Node8_Zero,2083.396831,2083.401858,0,,89,8.170096176468725e-14,5.228861552939984e-14
2080393649024_Node0_Node8_Zero,2083.396831,2083.396831,1,Expiry,0,1.2072454922384385e-12,nan
2080401849939_Node0_Node8_Zero,2083.400733,2083.403948,0,,1,7.572525408e-13,0
2080405946811_Node0_Node8_Zero,2083.400733,2083.403948,0,,1,7.572525408e-13,0
2080410043157_Node0_Node8_Zero,2083.414507,2083.414507,1,Expiry,0,1.1390234280834937e-12,nan
2080414137961_Node0_Node8_Zero,2083.414507,2083.414507,1,Expiry,0,1.1390234280834937e-12,nan
2080418232444_Node0_Node8_Zero,2083.422658,2083.422658,1,Expiry,0,8.977228808349378e-14,nan
2080422328255_Node0_Node8_Zero,2083.422658,2083.422658,1,Expiry,0,8.977228808349378e-14,nan
2080430529476_Node0_Node8_Zero,2083.434784,2083.434784,1,Expiry,0,1.2831076983676359e-12,nan
2080426431560_Node0_Node8_Zero,2083.434784,2083.434784,1,Expiry,0,1.2831076983676359e-12,nan
2080434625813_Node0_Node8_Zero,2083.436854,2083.436854,1,Expiry,0,1.2831076983676359e-12,nan
2080438723064_Node0_Node8_Zero,2083.436854,2083.438105,0,,0,8.738360007999999e-13,0
2080446915545_Node0_Node8_Zero,2083.443486,2083.444597,0,,0,7.572525408e-13,0
2080455102658_Node0_Node8_Zero,2083.455966,2083.455966,1,Expiry,0,1.2175295021176358e-12,nan
2080459200859_Node0_Node8_Zero,2083.459141,2083.461052,0,,0,8.502382059009061e-13,5.951082566457995e-14
2080463294846_Node0_Node8_Zero,2083.459141,2083.461052,0,,0,8.502382059009061e-13,5.951082566457995e-14
2080471494723_Node0_Node8_Zero,2083.462202,2083.463273,0,,0,8.14706805173436e-13,3.9898794703775013e-14
2080504299940_Node0_Node8_Zero,2083.501655,2083.502906,0,,0,8.2283073705e-13,4.19700456e-14
2080508397906_Node0_Node8_Zero,2083.509693,2083.509693,1,Expiry,0,1.254187305210924e-12,nan
2080512496403_Node0_Node8_Zero,2083.509693,2083.510804,0,,0,7.993828473214225e-13,0
2080553488791_Node0_Node8_Zero,2083.55161,2083.552921,0,,0,7.985795030670694e-13,0
2080627263319_Node0_Node8_Zero,2083.626879,2083.627951,0,,0,5.3145124245601916e-14,3.6906336281668e-14
2080660053768_Node0_Node8_Zero,2083.661711,2083.661711,1,Expiry,0,1.254187305210924e-12,nan
2080664157111_Node0_Node8_Zero,2083.663821,2083.665812,0,,0,8.2283073705e-13,0
2080668257993_Node0_Node8_Zero,2083.663821,2083.665812,0,,0,8.2283073705e-13,0
2080701054833_Node0_Node8_Zero,2083.698603,2083.699794,0,,1,1.407775518334938e-13,0
2080709242767_Node0_Node8_Zero,2083.703619,2083.70477,0,,0,6.557819625e-14,0
2080717446649_Node0_Node8_Zero,2083.724256,2083.724256,1,Expiry,0,1.2177549739609242e-12,nan
2080721540635_Node0_Node8_Zero,2083.733777,2083.733777,1,Expiry,0,4.1326962267069406e-14,nan
2080725641726_Node0_Node8_Zero,2083.733777,2083.733777,1,Expiry,0,4.1326962267069406e-14,nan
2080729737881_Node0_Node8_Zero,2083.735667,2083.735667,1,Expiry,0,1.1817797732467603e-12,nan
2080733837072_Node0_Node8_Zero,2083.735667,2083.735667,1,Expiry,0,1.1817797732467603e-12,nan
2080742037018_Node0_Node8_Zero,2083.737657,2083.747325,0,,178,7.931357219777237e-13,0
2080737936903_Node0_Node8_Zero,2083.737657,2083.747325,0,,178,7.931357219777237e-13,0
2080746134888_Node0_Node8_Zero,2083.741417,2083.749195,0,,90,3.353106001614499e-14,2.4635064501657543e-14
2080750237125_Node0_Node8_Zero,2083.741417,2083.749195,0,,90,3.353106001614499e-14,2.4635064501657543e-14
2080754331428_Node0_Node8_Zero,2083.745139,2083.751085,0,,1,7.906443219140711e-13,0
2080758432354_Node0_Node8_Zero,2083.745139,2083.751085,0,,1,7.906443219140711e-13,0
2080987920208_Node0_Node8_Zero,2083.988918,2083.988918,1,Expiry,0,1.1683833745631463e-12,nan
2081004317715_Node0_Node8_Zero,2084.004575,2084.004575,1,Expiry,0,6.557819625e-14,nan
2081012513561_Node0_Node8_Zero,2084.01033,2084.013545,0,,0,7.572525408e-13,0
2081016615201_Node0_Node8_Zero,2084.015366,2084.017277,0,,0,8.2283073705e-13,0
2081020708672_Node0_Node8_Zero,2084.015366,2084.017277,0,,0,8.2283073705e-13,0
2081028905391_Node0_Node8_Zero,2084.026515,2084.027747,0,,0,8.738360007999999e-13,0
2081037096565_Node0_Node8_Zero,2084.031446,2084.032737,0,,0,7.572525408e-13,0
2081061685731_Node0_Node8_Zero,2084.062264,2084.062264,1,Expiry,0,1.2177549739609242e-12,nan
2081078083661_Node0_Node8_Zero,2084.075848,2084.07722,0,,0,7.572525408e-13,0
2081086283504_Node0_Node8_Zero,2084.081069,2084.082141,0,,1,8.822883452650678e-13,0
2081094481875_Node0_Node8_Zero,2084.092752,2084.094124,0,,0,7.863984058e-13,0
2081102671582_Node0_Node8_Zero,2084.098733,2084.099864,0,,0,7.863984058e-13,2.1413288571428573e-14
2081110865276_Node0_Node8_Zero,2084.109789,2084.111081,0,,0,7.572525408e-13,0
2081123151176_Node0_Node8_Zero,2084.122405,2084.124556,0,,0,6.557819625e-14,4.19700456e-14
2081127250382_Node0_Node8_Zero,2084.122405,2084.124556,0,,0,6.557819625e-14,4.19700456e-14
2081135448897_Node0_Node8_Zero,2084.133515,2084.134706,0,,0,8.493495033558779e-13,0
2081151844819_Node0_Node8_Zero,2084.151368,2084.15264,0,,0,7.572525408e-13,0
2081160034909_Node0_Node8_Zero,2084.154075,2084.155386,0,,0,8.103976650456019e-13,0
2081176425382_Node0_Node8_Zero,2084.177344,2084.177344,1,Expiry,0,1.11482933625e-12,nan
2081184613682_Node0_Node8_Zero,2084.182953,2084.184044,0,,0,8.2283073705e-13,0
2081192812641_Node0_Node8_Zero,2084.191263,2084.192615,0,,0,8.502382059009061e-13,5.951082566457995e-14
2081201004024_Node0_Node8_Zero,2084.199052,2084.200163,0,,0,7.572525408e-13,0
2081217403276_Node0_Node8_Zero,2084.216276,2084.217447,0,,0,8.738360007999999e-13,0
2081221503909_Node0_Node8_Zero,2084.223969,2084.223969,1,Expiry,0,1.272648745090333e-12,nan
2081225601765_Node0_Node8_Zero,2084.22832,2084.22832,1,Expiry,0,1.126060677840231e-12,nan
2081229698483_Node0_Node8_Zero,2084.230343,2084.230343,1,Expiry,0,1.369868877837771e-12,nan
2081233797650_Node0_Node8_Zero,2084.230343,2084.231634,0,,0,7.680953784023101e-14,5.333995683349376e-14
2081291169674_Node0_Node8_Zero,2084.291204,2084.291204,1,Expiry,0,1.0912211856e-12,nan
2081315759023_Node0_Node8_Zero,2084.316305,2084.316305,1,Expiry,0,1.254187305210924e-12,nan
2081319856778_Node0_Node8_Zero,2084.320938,2084.320938,1,Expiry,0,1.332576162751444e-12,nan
2081323959343_Node0_Node8_Zero,2084.320938,2084.32231,0,,0,7.572525408e-13,0
2081385450222_Node0_Node8_Zero,2084.387223,2084.387223,1,Expiry,0,1.0965794237999999e-12,nan
2081389548594_Node0_Node8_Zero,2084.387223,2084.388594,0,,0,1.587137665214225e-13,9.653107451063695e-14
2081405946711_Node0_Node8_Zero,2084.404018,2084.405389,0,,0,7.572525408e-13,0
2081410044056_Node0_Node8_Zero,2084.410915,2084.410915,1,Expiry,0,1.315854110125463e-12,nan
2081414146359_Node0_Node8_Zero,2084.410915,2084.411987,0,,1,8.844975419645388e-13,0
2081422339725_Node0_Node8_Zero,2084.421016,2084.422307,0,,0,8.41391712e-13,0
2081426439712_Node0_Node8_Zero,2084.433781,2084.433781,1,Expiry,0,1.315854110125463e-12,nan
2081430533506_Node0_Node8_Zero,2084.433781,2084.433781,1,Expiry,0,1.315854110125463e-12,nan
2081438731809_Node0_Node8_Zero,2084.438288,2084.439459,0,,0,1.272450011645389e-13,8.143680074530488e-14
2081446925252_Node0_Node8_Zero,2084.4477,2084.4477,1,Expiry,0,1.11482933625e-12,nan
2081451026047_Node0_Node8_Zero,2084.453321,2084.453321,1,Expiry,0,1.332576162751444e-12,nan
2081455119494_Node0_Node8_Zero,2084.453321,2084.454512,0,,0,6.557819625e-14,0
2081463322967_Node0_Node8_Zero,2084.458885,2084.460157,0,,0,1.1658346e-13,6.557819625e-14
2081467419295_Node0_Node8_Zero,2084.466505,2084.467673,1,Expiry,1,2.2621333540362467e-13,nan
2081479715095_Node0_Node8_Zero,2084.472501,2084.473613,0,,0,8.2283073705e-13,4.19700456e-14
2081483817082_Node0_Node8_Zero,2084.490762,2084.490762,1,Expiry,0,1.189141241728329e-12,nan
2081487912818_Node0_Node8_Zero,2084.490762,2084.490762,1,Expiry,0,1.189141241728329e-12,nan
2081492014068_Node0_Node8_Zero,2084.492752,2084.492752,1,Expiry,0,1.315854110125463e-12,nan
2081496114878_Node0_Node8_Zero,2084.492752,2084.497221,0,,49,7.572525408e-13,0
2081500212434_Node0_Node8_Zero,2084.500392,2084.500392,1,Expiry,0,1.11482933625e-12,nan
2081532990917_Node0_Node8_Zero,2084.531196,2084.532348,0,,0,7.572525408e-13,0
2081537092697_Node0_Node8_Zero,2084.538733,2084.538733,1,Expiry,0,1.332576162751444e-12,nan
2081541188213_Node0_Node8_Zero,2084.538733,2084.539844,0,,0,8.2283073705e-13,0
2081549385478_Node0_Node8_Zero,2084.548311,2084.549523,0,,0,7.98761834581945e-13,0
2081545284104_Node0_Node8_Zero,2084.552484,2084.552484,1,Expiry,0,1.3199210404131254e-12,nan
2081553486468_Node0_Node8_Zero,2084.552484,2084.553595,0,,0,1.1658346e-13,6.557819625e-14
2081557585997_Node0_Node8_Zero,2084.558732,2084.558732,1,Expiry,0,1.2317440848521315e-12,nan
2081561680156_Node0_Node8_Zero,2084.558732,2084.559943,0,,1,8.84418169143189e-13,0
2081569878337_Node0_Node8_Zero,2084.563714,2084.565685,0,,0,7.572525408e-13,0
2081565776835_Node0_Node8_Zero,2084.563714,2084.565685,0,,0,7.572525408e-13,0
2081578077415_Node0_Node8_Zero,2084.577855,2084.579126,0,,0,7.572525408e-13,0
2081582174631_Node0_Node8_Zero,2084.584771,2084.584771,1,Expiry,0,4.19700456e-14,nan
2081586270681_Node0_Node8_Zero,2084.586881,2084.586881,1,Expiry,0,1.1964488140197123e-12,nan
2081590370474_Node0_Node8_Zero,2084.586881,2084.587992,0,,1,9.006607206289843e-13,0
2081602664403_Node0_Node8_Zero,2084.596122,2084.597193,0,,0,7.572525408e-13,0
2081610859028_Node0_Node8_Zero,2084.611298,2084.611298,1,Expiry,0,7.680953784023101e-14,nan
2081619054608_Node0_Node8_Zero,2084.620118,2084.620118,1,Expiry,0,1.254187305210924e-12,nan
2081635444117_Node0_Node8_Zero,2084.634357,2084.635428,0,,0,7.572525408e-13,0
2081668224217_Node0_Node8_Zero,2084.667321,2084.668392,0,,0,7.572525408e-13,0
2081709220263_Node0_Node8_Zero,2084.707891,2084.709243,0,,0,8.2283073705e-13,0
2081717415709_Node0_Node8_Zero,2084.715987,2084.717258,0,,0,7.572525408e-13,0
2081733808025_Node0_Node8_Zero,2084.731048,2084.732219,0,,1,8.980300926334938e-13,7.918737290634025e-14
2081737908652_Node0_Node8_Zero,2084.737454,2084.738545,0,,1,8.980300926334938e-13,0
2081791179859_Node0_Node8_Zero,2084.790648,2084.791819,0,,0,6.557819625e-14,4.19700456e-14
2081799375572_Node0_Node8_Zero,2084.806856,2084.806856,1,Expiry,0,5.333995683349376e-14,nan
2081803476511_Node0_Node8_Zero,2084.81061,2084.81061,1,Expiry,0,3.599773221272655e-14,nan
2081807577229_Node0_Node8_Zero,2084.81061,2084.81061,1,Expiry,0,3.599773221272655e-14,nan
2081811679689_Node0_Node8_Zero,2084.815853,2084.815853,1,Expiry,0,1.2246068411736506e-12,nan
2081815779613_Node0_Node8_Zero,2084.818798,2084.818798,1,Expiry,0,1.04925114e-12,nan
2081819881821_Node0_Node8_Zero,2084.822772,2084.822772,1,Expiry,0,1.2104412585093053e-12,nan
2081823983471_Node0_Node8_Zero,2084.822772,2084.825125,0,,0,7.572525408e-13,0
2081828077743_Node0_Node8_Zero,2084.82696,2084.830016,0,,47,7.572525408e-13,2.1413288571428573e-14
2081832177200_Node0_Node8_Zero,2084.82696,2084.830016,0,,47,7.572525408e-13,2.1413288571428573e-14
2081840372677_Node0_Node8_Zero,2084.82809,2084.832239,0,,48,3.333987500741009e-14,2.4494602046260476e-14
2081930518077_Node0_Node8_Zero,2084.931543,2084.931543,1,Expiry,0,1.2261663708935084e-12,nan
2081979695790_Node0_Node8_Zero,2084.980506,2084.980506,1,Expiry,0,1.2305791545609242e-12,nan
2081996084833_Node0_Node8_Zero,2084.995909,2084.99724,0,,0,8.167633664645799e-13,0
2082053452536_Node0_Node8_Zero,2085.053372,2085.054723,0,,1,8.980300926334938e-13,0
2082061650048_Node0_Node8_Zero,2085.059263,2085.060434,0,,1,8.77267443675361e-13,0
2082065743973_Node0_Node8_Zero,2085.065823,2085.065823,1,Expiry,0,1.3580021371860253e-12,nan
2082069839098_Node0_Node8_Zero,2085.07277,2085.07277,1,Expiry,0,1.2177549739609242e-12,nan
2082078028381_Node0_Node8_Zero,2085.081508,2085.081508,1,Expiry,0,1.1751733723339751e-12,nan
2082082124005_Node0_Node8_Zero,2085.089191,2085.089191,1,Expiry,0,4.185386326703343e-14,nan
2082086225720_Node0_Node8_Zero,2085.089191,2085.089191,1,Expiry,0,4.185386326703343e-14,nan
2082094424368_Node0_Node8_Zero,2085.093262,2085.094493,0,,0,8.34062078640231e-13,5.333995683349376e-14
2082090325774_Node0_Node8_Zero,2085.093262,2085.093262,1,Expiry,0,1.2235855596833685e-12,nan
2082098524071_Node0_Node8_Zero,2085.096365,2085.099501,0,,46,7.572525408e-13,0
2082102620526_Node0_Node8_Zero,2085.096365,2085.099501,0,,46,7.572525408e-13,0
2082110816353_Node0_Node8_Zero,2085.097435,2085.100551,0,,0,7.572525408e-13,0
2082106718542_Node0_Node8_Zero,2085.107326,2085.107326,1,Expiry,0,1.2159751939707212e-12,nan
2082119011419_Node0_Node8_Zero,2085.118187,2085.119279,0,,0,6.557819625e-14,4.19700456e-14
2082123109006_Node0_Node8_Zero,2085.124855,2085.124855,1,Expiry,0,9.175200037711206e-14,nan
2082127211196_Node0_Node8_Zero,2085.124855,2085.126186,0,,0,8.490045411771121e-13,0
2082135409155_Node0_Node8_Zero,2085.132399,2085.13363,0,,0,7.930789021659052e-13,2.632140835046101e-14
2082184592947_Node0_Node8_Zero,2085.183212,2085.184543,0,,0,7.992225864e-13,0
2082200984222_Node0_Node8_Zero,2085.200749,2085.20196,0,,0,7.572525408e-13,0
2082217382922_Node0_Node8_Zero,2085.215984,2085.217055,0,,0,8.738360007999999e-13,6.557819625e-14
2082225583783_Node0_Node8_Zero,2085.225182,2085.226474,0,,0,7.572525408e-13,0
2082270674142_Node0_Node8_Zero,2085.265908,2085.267059,0,,0,1.407775518334938e-13,7.918737290634025e-14
2082278872473_Node0_Node8_Zero,2085.271634,2085.272885,0,,0,8.167633664645799e-13,0
2082287070049_Node0_Node8_Zero,2085.284709,2085.28584,0,,0,8.167633664645799e-13,0
2082291172668_Node0_Node8_Zero,2085.289708,2085.290779,0,,0,3.209239458954201e-14,2.3578085820888008e-14
2082315760086_Node0_Node8_Zero,2085.3165,2085.3165,1,Expiry,0,4.19700456e-14,nan
2082323954006_Node0_Node8_Zero,2085.324428,2085.324428,1,Expiry,0,1.254187305210924e-12,nan
2082336241038_Node0_Node8_Zero,2085.331461,2085.333794,0,,0,3.9898794703775013e-14,2.931340019052858e-14
2082352639148_Node0_Node8_Zero,2085.34373,2085.344861,0,,0,7.572525408e-13,0
2082356736793_Node0_Node8_Zero,2085.353726,2085.355097,0,,0,7.572525408e-13,5.978195314617366e-14
2082369028482_Node0_Node8_Zero,2085.368379,2085.36957,0,,0,6.557819625e-14,4.19700456e-14
2082377221724_Node0_Node8_Zero,2085.37896,2085.37896,1,Expiry,0,1.2305791545609242e-12,nan
2082381319782_Node0_Node8_Zero,2085.383055,2085.383055,1,Expiry,0,1.3640310199077879e-12,nan
2082393611164_Node0_Node8_Zero,2085.383055,2085.384246,0,,0,8.2283073705e-13,0
2082397706381_Node0_Node8_Zero,2085.396232,2085.398263,0,,0,8.373458194378108e-13,0
2082401802529_Node0_Node8_Zero,2085.396232,2085.398263,0,,0,8.373458194378108e-13,0
2082414097310_Node0_Node8_Zero,2085.413932,2085.415144,0,,0,8.2283073705e-13,0
2082426394066_Node0_Node8_Zero,2085.426116,2085.427407,0,,0,8.2283073705e-13,4.19700456e-14
2082455088841_Node0_Node8_Zero,2085.450421,2085.451592,0,,0,6.557819625e-14,0
2082450986423_Node0_Node8_Zero,2085.453464,2085.453464,1,Expiry,0,1.272648745090333e-12,nan
2082463280516_Node0_Node8_Zero,2085.453464,2085.454595,0,,0,7.572525408e-13,0
2082471474324_Node0_Node8_Zero,2085.47259,2085.47259,1,Expiry,0,1.308968012101444e-12,nan
2082487866903_Node0_Node8_Zero,2085.486919,2085.48809,0,,0,7.572525408e-13,0
2082496064988_Node0_Node8_Zero,2085.495421,2085.496592,0,,0,4.19700456e-14,2.9145865e-14
2082512465417_Node0_Node8_Zero,2085.512517,2085.512517,1,Expiry,0,5.333995683349376e-14,nan
2082553452835_Node0_Node8_Zero,2085.551185,2085.552496,0,,0,8.2283073705e-13,4.19700456e-14
2082557547371_Node0_Node8_Zero,2085.558474,2085.558474,1,Expiry,0,1.3178127826639887e-12,nan
2082561645855_Node0_Node8_Zero,2085.558474,2085.559825,0,,1,8.844975419645388e-13,0
2082598526311_Node0_Node8_Zero,2085.599763,2085.599763,1,Expiry,0,1.254187305210924e-12,nan
2082602621855_Node0_Node8_Zero,2085.599763,2085.600854,0,,1,8.980300926334938e-13,7.918737290634025e-14
2082606724862_Node0_Node8_Zero,2085.609806,2085.609806,1,Expiry,0,1.254187305210924e-12,nan
2082610823495_Node0_Node8_Zero,2085.609806,2085.611178,0,,0,7.572525408e-13,0
2082619015804_Node0_Node8_Zero,2085.61213,2085.615456,0,,47,8.41391712e-13,0
2082614918366_Node0_Node8_Zero,2085.61434,2085.616706,0,,1,7.572525408e-13,0
2082623110792_Node0_Node8_Zero,2085.623803,2085.623803,1,Expiry,0,1.3042906815877709e-12,nan
2082627211617_Node0_Node8_Zero,2085.623803,2085.625035,0,,0,7.572525408e-13,0
2082655889339_Node0_Node8_Zero,2085.655689,2085.65676,0,,0,8.105924976334937e-13,0
2082672282133_Node0_Node8_Zero,2085.670603,2085.671774,0,,0,8.403963612940891e-14,0
2082680478731_Node0_Node8_Zero,2085.672826,2085.675189,0,,46,7.572525408e-13,0
2082696873930_Node0_Node8_Zero,2085.691413,2085.692764,0,,0,7.971513355037749e-13,0
2082746052726_Node0_Node8_Zero,2085.745042,2085.746134,0,,0,8.41391712e-13,4.19700456e-14
2082795242378_Node0_Node8_Zero,2085.793885,2085.795156,0,,0,7.572525408e-13,0
2082819835782_Node0_Node8_Zero,2085.820601,2085.820601,1,Expiry,0,1.1881578138553976e-12,nan
2082823931749_Node0_Node8_Zero,2085.824379,2085.824379,1,Expiry,0,4.2130306521422507e-14,nan
2082828033682_Node0_Node8_Zero,2085.824379,2085.82553,0,,0,7.572525408e-13,0
2082860826144_Node0_Node8_Zero,2085.85993,2085.861122,0,,0,8.2283073705e-13,0
2082869021164_Node0_Node8_Zero,2085.867667,2085.869018,0,,0,8.738360007999999e-13,6.557819625e-14
2082955096651_Node0_Node8_Zero,2085.956324,2085.956324,1,Expiry,0,1.308611605971272e-12,nan
2082979684376_Node0_Node8_Zero,2085.984207,2085.984207,1,Expiry,0,1.254187305210924e-12,nan
2082983780268_Node0_Node8_Zero,2085.986337,2085.986337,1,Expiry,0,1.2307394154823467e-12,nan
2082991983390_Node0_Node8_Zero,2085.986337,2085.987648,0,,0,7.572525408e-13,0
2082996083414_Node0_Node8_Zero,2085.994111,2085.995242,0,,0,8.2283073705e-13,0
2083024767999_Node0_Node8_Zero,2086.024737,2086.026788,0,,0,7.937021541558002e-13,2.677930777160829e-14
2083028865910_Node0_Node8_Zero,2086.024737,2086.026788,0,,0,7.937021541558002e-13,2.677930777160829e-14
2083032965707_Node0_Node8_Zero,2086.03865,2086.03865,1,Expiry,0,1.0857007533558002e-12,nan
2083037066260_Node0_Node8_Zero,2086.03865,2086.03865,1,Expiry,0,1.0857007533558002e-12,nan
2083041160764_Node0_Node8_Zero,2086.04058,2086.042671,0,,1,9.040929615326999e-13,8.259773666214367e-14
2083045254577_Node0_Node8_Zero,2086.04058,2086.042671,0,,1,9.040929615326999e-13,8.259773666214367e-14
2083049355424_Node0_Node8_Zero,2086.049385,2086.049385,1,Expiry,0,1.2101777776345742e-12,nan
2083053456640_Node0_Node8_Zero,2086.049385,2086.050536,0,,0,6.557819625e-14,4.19700456e-14
2083061648027_Node0_Node8_Zero,2086.065895,2086.065895,1,Expiry,0,1.1952569786928028e-12,nan
2083065751318_Node0_Node8_Zero,2086.067805,2086.067805,1,Expiry,0,1.1751733723339751e-12,nan
2083069854406_Node0_Node8_Zero,2086.067805,2086.070061,0,,47,7.572525408e-13,0
2083073951094_Node0_Node8_Zero,2086.068835,2086.071231,0,,1,7.572525408e-13,0
2083282954375_Node0_Node8_Zero,2086.281756,2086.283068,0,,0,8.2283073705e-13,4.19700456e-14
2083299343192_Node0_Node8_Zero,2086.300177,2086.300177,1,Expiry,0,1.254187305210924e-12,nan
2083315725009_Node0_Node8_Zero,2086.314196,2086.31645,0,,0,7.572525408e-13,0
2083323925151_Node0_Node8_Zero,2086.317553,2086.318624,0,,0,7.992225864e-13,0
2083364901773_Node0_Node8_Zero,2086.365615,2086.365615,1,Expiry,0,4.19700456e-14,nan
2083385390417_Node0_Node8_Zero,2086.38703,2086.38703,1,Expiry,0,1.270045909706229e-12,nan
2083389491439_Node0_Node8_Zero,2086.38703,2086.388141,0,,0,7.572525408e-13,0
2083405893803_Node0_Node8_Zero,2086.404867,2086.405998,0,,0,8.738360007999999e-13,0
2083422284445_Node0_Node8_Zero,2086.423736,2086.423736,1,Expiry,0,1.2919401290192855e-12,nan
2083426385803_Node0_Node8_Zero,2086.425886,2086.427917,0,,0,7.572525408e-13,0
2083430484353_Node0_Node8_Zero,2086.425886,2086.427917,0,,0,7.572525408e-13,0
2083446878962_Node0_Node8_Zero,2086.446414,2086.447545,0,,0,7.572525408e-13,0
2083455076073_Node0_Node8_Zero,2086.450948,2086.45212,0,,0,7.572525408e-13,2.462042211130157e-14
2083463266313_Node0_Node8_Zero,2086.463278,2086.463278,1,Expiry,0,2.9145865e-14,nan
2083680470197_Node0_Node8_Zero,2086.679214,2086.680285,0,,0,8.2283073705e-13,0
2083684567747_Node0_Node8_Zero,2086.684761,2086.684761,1,Expiry,0,1.2802664247454945e-12,nan
2083750142183_Node0_Node8_Zero,2086.748719,2086.75005,0,,0,8.2283073705e-13,4.19700456e-14
2083770637505_Node0_Node8_Zero,2086.771922,2086.771922,1,Expiry,0,1.303904302783112e-12,nan
2083774735029_Node0_Node8_Zero,2086.774105,2086.775356,0,,0,7.572525408e-13,0
2083791126514_Node0_Node8_Zero,2086.791635,2086.791635,1,Expiry,0,1.2712779795345753e-12,nan
2083823916628_Node0_Node8_Zero,2086.820479,2086.821711,0,,0,6.557819625e-14,4.19700456e-14
2083828016132_Node0_Node8_Zero,2086.827503,2086.829594,0,,0,8.738360007999999e-13,0
2083832118130_Node0_Node8_Zero,2086.827503,2086.829594,0,,0,8.738360007999999e-13,0
2083836217495_Node0_Node8_Zero,2086.835168,2086.837099,0,,0,8.2283073705e-13,4.19700456e-14
2083840316927_Node0_Node8_Zero,2086.835168,2086.837099,0,,0,8.2283073705e-13,4.19700456e-14
2083848514556_Node0_Node8_Zero,2086.847893,2086.85095,0,,88,7.572525408e-13,0
2083852614897_Node0_Node8_Zero,2086.849823,2086.85304,0,,0,5.067991866005776e-14,3.519438795837345e-14
2083856713237_Node0_Node8_Zero,2086.849823,2086.85304,0,,0,5.067991866005776e-14,3.519438795837345e-14
2083860812353_Node0_Node8_Zero,2086.860575,2086.862766,0,,0,8.738360007999999e-13,0
2083864909832_Node0_Node8_Zero,2086.860575,2086.862766,0,,0,8.738360007999999e-13,0
2083869003264_Node0_Node8_Zero,2086.876706,2086.876706,1,Expiry,0,1.3759114142608045e-12,nan
2083873097573_Node0_Node8_Zero,2086.876706,2086.876706,1,Expiry,0,1.3759114142608045e-12,nan
2083889493680_Node0_Node8_Zero,2086.884211,2086.885382,0,,0,7.572525408e-13,0
2083901787047_Node0_Node8_Zero,2086.898322,2086.899634,0,,0,4.19700456e-14,0
2083905883208_Node0_Node8_Zero,2086.906547,2086.906547,1,Expiry,0,1.187997552933975e-12,nan
2083918176181_Node0_Node8_Zero,2086.907637,2086.908948,0,,0,8.161349727367304e-13,4.089057773384056e-14
2084004236401_Node0_Node8_Zero,2087.003915,2087.005166,0,,0,8.156133992232006e-13,0
2084037018016_Node0_Node8_Zero,2087.027578,2087.028649,0,,1,9.015398514633859e-13,8.116161224815459e-14
2084045218687_Node0_Node8_Zero,2087.033173,2087.034544,0,,0,8.2283073705e-13,0
2084041116153_Node0_Node8_Zero,2087.038111,2087.039443,0,,0,8.2283073705e-13,0
2084053420859_Node0_Node8_Zero,2087.051547,2087.052618,0,,0,7.572525408e-13,0
2084061622472_Node0_Node8_Zero,2087.060348,2087.061539,0,,0,1.2001490287536095e-13,7.680953784023101e-14
2084057519480_Node0_Node8_Zero,2087.060348,2087.060348,1,Expiry,0,1.169266042875361e-12,nan
2084065716806_Node0_Node8_Zero,2087.078598,2087.078598,1,Expiry,0,6.557819625e-14,nan
2084069817974_Node0_Node8_Zero,2087.078598,2087.078598,1,Expiry,0,6.557819625e-14,nan
2084078011843_Node0_Node8_Zero,2087.079788,2087.079788,1,Expiry,0,1.332576162751444e-12,nan
2084086200272_Node0_Node8_Zero,2087.083328,2087.084439,0,,0,7.572525408e-13,6.557819625e-14
2084094390071_Node0_Node8_Zero,2087.093363,2087.095599,0,,46,7.572525408e-13,0
2084102583390_Node0_Node8_Zero,2087.094473,2087.096769,0,,0,7.572525408e-13,0
2084106681376_Node0_Node8_Zero,2087.109316,2087.109316,1,Expiry,0,5.067991866005776e-14,nan
2084110782408_Node0_Node8_Zero,2087.109316,2087.110468,0,,0,7.572525408e-13,0
2084118978770_Node0_Node8_Zero,2087.113445,2087.114796,0,,0,6.557819625e-14,4.19700456e-14
2084127176489_Node0_Node8_Zero,2087.132085,2087.132085,1,Expiry,0,1.3001917350325503e-12,nan
2084131271969_Node0_Node8_Zero,2087.134035,2087.134035,1,Expiry,0,6.557819625e-14,nan
2084135368148_Node0_Node8_Zero,2087.134035,2087.135207,0,,1,9.168989357578535e-13,3.1638074662912785e-14
2084151760201_Node0_Node8_Zero,2087.154752,2087.154752,1,Expiry,0,1.2919401290192855e-12,nan
2084159963849_Node0_Node8_Zero,2087.158889,2087.16014,0,,1,8.845042367716156e-13,0
2084168163108_Node0_Node8_Zero,2087.165897,2087.166969,0,,0,7.572525408e-13,0
2084176363012_Node0_Node8_Zero,2087.174686,2087.175877,0,,0,8.2283073705e-13,4.19700456e-14
2084184562375_Node0_Node8_Zero,2087.184563,2087.184563,1,Expiry,0,1.332576162751444e-12,nan
2084200959543_Node0_Node8_Zero,2087.201581,2087.201581,1,Expiry,0,1.3124299744490564e-12,nan
2084209153323_Node0_Node8_Zero,2087.210454,2087.210454,1,Expiry,0,6.557819625e-14,nan
2084217345378_Node0_Node8_Zero,2087.216555,2087.217646,0,,0,8.738360007999999e-13,0
2084225542464_Node0_Node8_Zero,2087.225254,2087.226405,0,,0,8.2283073705e-13,0
2084233736745_Node0_Node8_Zero,2087.234904,2087.234904,1,Expiry,0,1.306896761205219e-12,nan
2084241927200_Node0_Node8_Zero,2087.238898,2087.242074,0,,89,5.333995683349376e-14,3.9188539714403574e-14
2084237831605_Node0_Node8_Zero,2087.238898,2087.238898,1,Expiry,0,6.557819625e-14,nan
2084246021525_Node0_Node8_Zero,2087.240988,2087.247975,0,,90,7.572525408e-13,0
2084250122087_Node0_Node8_Zero,2087.240988,2087.247975,0,,90,7.572525408e-13,0
2084254219899_Node0_Node8_Zero,2087.24581,2087.249845,0,,1,7.572525408e-13,0
2084258313591_Node0_Node8_Zero,2087.24581,2087.249845,0,,1,7.572525408e-13,0
2084368973349_Node0_Node8_Zero,2087.365649,2087.367,0,,0,7.572525408e-13,4.28773653721474e-14
2084438659706_Node0_Node8_Zero,2087.435821,2087.437173,0,,0,4.19700456e-14,2.9145865e-14
2084442762009_Node0_Node8_Zero,2087.444798,2087.444798,1,Expiry,0,1.1010878743863262e-12,nan
2084446864033_Node0_Node8_Zero,2087.444798,2087.446069,0,,0,8.738360007999999e-13,0
2084455052314_Node0_Node8_Zero,2087.455529,2087.455529,1,Expiry,0,1.3526825418595751e-12,nan
2084467347289_Node0_Node8_Zero,2087.464297,2087.465469,0,,0,8.2283073705e-13,0
2084528843098_Node0_Node8_Zero,2087.527654,2087.528905,0,,0,8.738360007999999e-13,0
2084553423800_Node0_Node8_Zero,2087.551402,2087.552693,0,,1,4.1326962267069406e-14,3.036266615539793e-14
2084565711773_Node0_Node8_Zero,2087.56268,2087.563911,0,,1,4.1326962267069406e-14,0
2084582103187_Node0_Node8_Zero,2087.578646,2087.579977,0,,0,1.5088912635400283e-13,8.487513357412658e-14
2084590300359_Node0_Node8_Zero,2087.584759,2087.586091,0,,0,7.572525408e-13,0
2084594397093_Node0_Node8_Zero,2087.59123,2087.592322,0,,0,8.2283073705e-13,0
2084602598728_Node0_Node8_Zero,2087.603166,2087.603166,1,Expiry,0,1.2675454287648972e-12,nan
2084618982625_Node0_Node8_Zero,2087.617509,2087.61866,0,,0,8.2283073705e-13,0
2084627187061_Node0_Node8_Zero,2087.639239,2087.639239,1,Expiry,0,9.221770091300694e-14,nan
2084635381551_Node0_Node8_Zero,2087.641163,2087.641163,1,Expiry,0,1.2299360712279935e-12,nan
2084639475271_Node0_Node8_Zero,2087.641163,2087.641163,1,Expiry,0,1.2299360712279935e-12,nan
2084643576104_Node0_Node8_Zero,2087.643113,2087.648073,0,,48,9.081416671540028e-13,0
2084647672590_Node0_Node8_Zero,2087.643113,2087.648073,0,,48,9.081416671540028e-13,0
2084651775269_Node0_Node8_Zero,2087.646096,2087.649187,0,,4,9.081416671540028e-13,0
2084655874263_Node0_Node8_Zero,2087.653753,2087.657007,1,Expiry,48,2.22285874604565e-13,nan
2084659973460_Node0_Node8_Zero,2087.653753,2087.660474,0,,96,9.24241391270157e-13,0
2084664070472_Node0_Node8_Zero,2087.655043,2087.661566,0,,51,7.572525408e-13,0
2084668165526_Node0_Node8_Zero,2087.670965,2087.670965,1,Expiry,0,1.089149934703775e-12,nan
2084676359562_Node0_Node8_Zero,2087.676764,2087.676764,1,Expiry,0,1.2276439019332694e-12,nan
2084672262051_Node0_Node8_Zero,2087.676764,2087.676764,1,Expiry,0,1.2276439019332694e-12,nan
2084684552696_Node0_Node8_Zero,2087.687512,2087.687512,1,Expiry,0,4.166246444974482e-14,nan
2084688652325_Node0_Node8_Zero,2087.696307,2087.696307,1,Expiry,0,1.2304582809984739e-12,nan
2084692750544_Node0_Node8_Zero,2087.696307,2087.696307,1,Expiry,0,1.2304582809984739e-12,nan
2084696849656_Node0_Node8_Zero,2087.698217,2087.698217,1,Expiry,0,1.2245530757977469e-12,nan
2084705044568_Node0_Node8_Zero,2087.698217,2087.70434,0,,0,4.166268276771585e-14,3.060931795179123e-14
2084700947666_Node0_Node8_Zero,2087.706136,2087.706136,1,Expiry,0,1.1885102891126174e-12,nan
2084709139653_Node0_Node8_Zero,2087.706136,2087.707247,0,,0,7.914201342987704e-13,2.5102721754198677e-14
2084713233423_Node0_Node8_Zero,2087.709099,2087.71101,0,,0,7.932443898128923e-13,2.6442991111512705e-14
2084717336146_Node0_Node8_Zero,2087.709099,2087.71101,0,,0,7.932443898128923e-13,2.6442991111512705e-14
2084721435225_Node0_Node8_Zero,2087.71292,2087.719973,0,,227,7.572525408e-13,0
2084725530481_Node0_Node8_Zero,2087.71292,2087.719973,0,,227,7.572525408e-13,0
2084733731144_Node0_Node8_Zero,2087.715081,2087.721143,0,,135,7.892581807793561e-13,0
2084758312774_Node0_Node8_Zero,2087.757429,2087.75878,0,,0,8.2283073705e-13,0
2084766506793_Node0_Node8_Zero,2087.766941,2087.766941,1,Expiry,0,1.270045909706229e-12,nan
2084799287365_Node0_Node8_Zero,2087.799724,2087.799724,1,Expiry,0,1.3919779727258785e-12,nan
2084807485971_Node0_Node8_Zero,2087.806582,2087.807674,0,,0,7.572525408e-13,0
2084819775344_Node0_Node8_Zero,2087.817173,2087.818345,0,,0,8.34062078640231e-13,0
2084864861171_Node0_Node8_Zero,2087.864868,2087.864868,1,Expiry,0,1.254187305210924e-12,nan
2084877155542_Node0_Node8_Zero,2087.873686,2087.874898,0,,0,2.9145865e-14,2.1413288571428573e-14
2084963219419_Node0_Node8_Zero,2087.962054,2087.963365,0,,0,8.2283073705e-13,0
2084971415136_Node0_Node8_Zero,2087.967163,2087.968395,0,,0,7.572525408e-13,3.0290101632e-14
2084996013317_Node0_Node8_Zero,2087.996618,2087.996618,1,Expiry,0,1.187997552933975e-12,nan
2085004211234_Node0_Node8_Zero,2088.000601,2088.001893,0,,0,7.572525408e-13,0
2085000114968_Node0_Node8_Zero,2088.000601,2088.000601,1,Expiry,0,1.254187305210924e-12,nan
2085012406762_Node0_Node8_Zero,2088.005246,2088.006598,0,,0,1.272450011645389e-13,8.143680074530488e-14
2085016504251_Node0_Node8_Zero,2088.016457,2088.018528,0,,0,7.572525408e-13,0
2085020606830_Node0_Node8_Zero,2088.016457,2088.018528,0,,0,7.572525408e-13,0
2085032898887_Node0_Node8_Zero,2088.028042,2088.029234,0,,0,8.2283073705e-13,0
2085045190768_Node0_Node8_Zero,2088.042592,2088.043823,0,,0,7.572525408e-13,0
2085049291028_Node0_Node8_Zero,2088.050593,2088.050593,1,Expiry,0,1.254187305210924e-12,nan
2085053389156_Node0_Node8_Zero,2088.050593,2088.051684,0,,0,8.2283073705e-13,0
2085061591889_Node0_Node8_Zero,2088.059509,2088.0606,0,,0,8.2283073705e-13,0
2085065695082_Node0_Node8_Zero,2088.066429,2088.066429,1,Expiry,0,1.2712068456230679e-12,nan
2085077988340_Node0_Node8_Zero,2088.074345,2088.076698,0,,0,7.572525408e-13,0
2085086185694_Node0_Node8_Zero,2088.080731,2088.081922,0,,0,7.572525408e-13,0
2085094380312_Node0_Node8_Zero,2088.098627,2088.098627,1,Expiry,0,1.04925114e-12,nan
2085098476645_Node0_Node8_Zero,2088.102542,2088.102542,1,Expiry,0,1.1886091089609241e-12,nan
2085102574895_Node0_Node8_Zero,2088.102542,2088.105718,0,,89,3.519438795837345e-14,2.585710135717233e-14
2085106670227_Node0_Node8_Zero,2088.104472,2088.107668,0,,1,7.572525408e-13,0
2085110768699_Node0_Node8_Zero,2088.104472,2088.107668,0,,1,7.572525408e-13,0
2085274710343_Node0_Node8_Zero,2088.275344,2088.275344,1,Expiry,0,1.0912211856e-12,nan
2085282898197_Node0_Node8_Zero,2088.283402,2088.283402,1,Expiry,0,1.2654186468011551e-12,nan
2085291088727_Node0_Node8_Zero,2088.284483,2088.285614,0,,0,6.557819625e-14,4.19700456e-14
2085299288157_Node0_Node8_Zero,2088.297608,2088.298779,0,,0,7.572525408e-13,4.1326962267069406e-14
2085327983733_Node0_Node8_Zero,2088.328465,2088.328465,1,Expiry,0,1.3124299744490564e-12,nan
2085332086945_Node0_Node8_Zero,2088.328465,2088.329556,0,,0,6.557819625e-14,4.19700456e-14
2085336188071_Node0_Node8_Zero,2088.337054,2088.337054,1,Expiry,0,1.2305791545609242e-12,nan
2085340285287_Node0_Node8_Zero,2088.337054,2088.338185,0,,0,7.992225864e-13,0
2085348479849_Node0_Node8_Zero,2088.34836,2088.349671,0,,0,6.557819625e-14,4.19700456e-14
2085364873329_Node0_Node8_Zero,2088.36445,2088.365681,0,,0,7.992225864e-13,0
2085373069073_Node0_Node8_Zero,2088.371676,2088.373047,0,,0,8.2283073705e-13,0
2085397658619_Node0_Node8_Zero,2088.397801,2088.397801,1,Expiry,0,1.1886091089609241e-12,nan
2085405853804_Node0_Node8_Zero,2088.405733,2088.407104,0,,0,8.738360007999999e-13,0
2085487806611_Node0_Node8_Zero,2088.486424,2088.487655,0,,0,1.1658346e-13,6.557819625e-14
2085496011505_Node0_Node8_Zero,2088.495891,2088.498926,0,,0,7.572525408e-13,0
2085500108723_Node0_Node8_Zero,2088.501738,2088.501738,1,Expiry,0,1.2137587014757156e-12,nan
2085504202274_Node0_Node8_Zero,2088.501738,2088.503109,0,,0,8.738360007999999e-13,2.637610404401864e-14
2085508297321_Node0_Node8_Zero,2088.510309,2088.510309,1,Expiry,0,1.04925114e-12,nan
2085512396402_Node0_Node8_Zero,2088.510309,2088.5116,0,,1,9.036373963830326e-13,0
2085520590702_Node0_Node8_Zero,2088.521355,2088.521355,1,Expiry,0,4.19700456e-14,nan
2085524684241_Node0_Node8_Zero,2088.523445,2088.525657,0,,0,6.557819625e-14,4.19700456e-14
2085528780521_Node0_Node8_Zero,2088.523445,2088.525657,0,,0,6.557819625e-14,4.19700456e-14
2085532883190_Node0_Node8_Zero,2088.532302,2088.534273,0,,0,5.745426437343601e-14,3.9898794703775013e-14
2085536982971_Node0_Node8_Zero,2088.532302,2088.534273,0,,0,5.745426437343601e-14,3.9898794703775013e-14
2085553386558_Node0_Node8_Zero,2088.552901,2088.554112,0,,0,6.557819625e-14,0
2085577973164_Node0_Node8_Zero,2088.577181,2088.578552,0,,0,5.333995683349376e-14,3.9188539714403574e-14
2085692707747_Node0_Node8_Zero,2088.690257,2088.691468,0,,0,8.738360007999999e-13,2.1413288571428573e-14
2085725486993_Node0_Node8_Zero,2088.725657,2088.725657,1,Expiry,0,1.2359373927609242e-12,nan
2085733681795_Node0_Node8_Zero,2088.731927,2088.733099,0,,0,7.572525408e-13,0
2085741872279_Node0_Node8_Zero,2088.740879,2088.742231,0,,0,8.170096176468725e-14,5.228861552939984e-14
2085750066961_Node0_Node8_Zero,2088.748614,2088.749905,0,,0,8.502382059009061e-13,0
2085782855478_Node0_Node8_Zero,2088.783088,2088.783088,1,Expiry,0,1.254187305210924e-12,nan
2085778760619_Node0_Node8_Zero,2088.783088,2088.783088,1,Expiry,0,1.254187305210924e-12,nan
2085791050783_Node0_Node8_Zero,2088.790501,2088.793484,0,,0,8.2283073705e-13,0
2085795153155_Node0_Node8_Zero,2088.795437,2088.795437,1,Expiry,0,1.282937759010291e-12,nan
2085799251617_Node0_Node8_Zero,2088.795437,2088.796708,0,,0,8.738360007999999e-13,6.557819625e-14
2085807448490_Node0_Node8_Zero,2088.800938,2088.802049,0,,0,8.738360007999999e-13,0
2085803352068_Node0_Node8_Zero,2088.80559,2088.80559,1,Expiry,0,1.1435797900493667e-12,nan
2085815652254_Node0_Node8_Zero,2088.808737,2088.809849,0,,0,7.572525408e-13,0
2085946832783_Node0_Node8_Zero,2088.945447,2088.946619,0,,0,8.2283073705e-13,4.19700456e-14
2085959136011_Node0_Node8_Zero,2088.957576,2088.958867,0,,0,8.738360007999999e-13,0
2085963231842_Node0_Node8_Zero,2088.963091,2088.964479,1,Expiry,2,1.0164447516862329e-12,nan
2085967331185_Node0_Node8_Zero,2088.969168,2088.969168,1,Expiry,0,1.225515445242592e-12,nan
2085971433259_Node0_Node8_Zero,2088.969168,2088.971309,0,,1,8.844975419645388e-13,8.143680074530488e-14
2085979631726_Node0_Node8_Zero,2088.975174,2088.976365,0,,0,7.572525408e-13,0
2085987822754_Node0_Node8_Zero,2088.987681,2088.988992,0,,0,8.738360007999999e-13,0
2085996026945_Node0_Node8_Zero,2088.99347,2088.994841,0,,0,8.425304498350426e-13,0
2086000129886_Node0_Node8_Zero,2089.001528,2089.001528,1,Expiry,0,1.126060677840231e-12,nan
2086004229013_Node0_Node8_Zero,2089.001528,2089.002879,0,,0,7.572525408e-13,9.432865004936683e-14
2086008323315_Node0_Node8_Zero,2089.010384,2089.010384,1,Expiry,0,1.2866942425947816e-12,nan
2086012420511_Node0_Node8_Zero,2089.010384,2089.011715,0,,0,7.572525408e-13,0
2086020607724_Node0_Node8_Zero,2089.01934,2089.020531,0,,0,6.557819625e-14,0
2086077979588_Node0_Node8_Zero,2089.077841,2089.078913,0,,0,6.557819625e-14,0
2086094376136_Node0_Node8_Zero,2089.09157,2089.092861,0,,0,8.2283073705e-13,0
2086102572826_Node0_Node8_Zero,2089.103197,2089.103197,1,Expiry,0,6.557819625e-14,nan
2086110772569_Node0_Node8_Zero,2089.108874,2089.110065,0,,0,7.572525408e-13,0
2086114870795_Node0_Node8_Zero,2089.116469,2089.116469,1,Expiry,0,1.3199210404131254e-12,nan
2086118968150_Node0_Node8_Zero,2089.116469,2089.11768,0,,1,9.208148517353623e-13,0
2086127169816_Node0_Node8_Zero,2089.122743,2089.123854,0,,0,8.044259830376698e-14,5.148326291441087e-14
2086164044361_Node0_Node8_Zero,2089.166001,2089.166001,1,Expiry,0,1.3819321462968024e-12,nan
2086168143499_Node0_Node8_Zero,2089.166001,2089.167252,0,,0,7.572525408e-13,0
2086172238306_Node0_Node8_Zero,2089.170648,2089.177819,0,,47,7.572525408e-13,0
2086176334263_Node0_Node8_Zero,2089.176728,2089.176728,1,Expiry,0,1.1609751310217335e-12,nan
2086180433067_Node0_Node8_Zero,2089.179611,2089.181763,0,,0,7.932526894748961e-13,0
2086184527125_Node0_Node8_Zero,2089.179611,2089.181763,0,,0,7.932526894748961e-13,0
2086188624762_Node0_Node8_Zero,2089.183555,2089.185586,0,,0,7.932448141325752e-13,0
2086192724861_Node0_Node8_Zero,2089.183555,2089.185586,0,,0,7.932448141325752e-13,0
2086200919963_Node0_Node8_Zero,2089.191244,2089.192316,0,,0,3.333947014872986e-14,2.4494304599066837e-14
2086299275432_Node0_Node8_Zero,2089.29737,2089.298461,0,,0,8.103976650456019e-13,0
2086315665750_Node0_Node8_Zero,2089.314845,2089.316076,0,,0,6.557819625e-14,4.19700456e-14
2086323856375_Node0_Node8_Zero,2089.321799,2089.32317,0,,0,7.572525408e-13,0
2086340256137_Node0_Node8_Zero,2089.339617,2089.340789,0,,0,8.105924976334937e-13,0
2086352545233_Node0_Node8_Zero,2089.353741,2089.353741,1,Expiry,0,1.1886091089609241e-12,nan
2086356640981_Node0_Node8_Zero,2089.353741,2089.354812,0,,0,7.572525408e-13,0
2086373030089_Node0_Node8_Zero,2089.373789,2089.373789,1,Expiry,0,1.187997552933975e-12,nan
2086381219341_Node0_Node8_Zero,2089.381131,2089.382342,0,,0,8.2283073705e-13,0
2086389408234_Node0_Node8_Zero,2089.388326,2089.389538,0,,0,8.977228808349378e-14,5.745426437343601e-14
2086414005999_Node0_Node8_Zero,2089.413584,2089.414836,0,,0,1.407775518334938e-13,0
2086430403975_Node0_Node8_Zero,2089.430614,2089.430614,1,Expiry,0,1.254187305210924e-12,nan
2086446801003_Node0_Node8_Zero,2089.444647,2089.446018,0,,0,7.572525408e-13,0
2086454993511_Node0_Node8_Zero,2089.454953,2089.458089,0,,1,8.980300926334938e-13,0
2086459087233_Node0_Node8_Zero,2089.461502,2089.461502,1,Expiry,0,1.11482933625e-12,nan
2086463189342_Node0_Node8_Zero,2089.461502,2089.466017,1,Expiry,51,2.2557900585434018e-13,nan
2086471381006_Node0_Node8_Zero,2089.473121,2089.473121,1,Expiry,0,1.04925114e-12,nan
2086475482343_Node0_Node8_Zero,2089.473121,2089.474192,0,,0,6.557819625e-14,0
2086479583260_Node0_Node8_Zero,2089.478558,2089.481611,0,,0,8.14706805173436e-13,0
2086483684856_Node0_Node8_Zero,2089.483592,2089.485663,0,,0,8.14706805173436e-13,0
2086487779981_Node0_Node8_Zero,2089.483592,2089.485663,0,,0,8.14706805173436e-13,0
2086491877181_Node0_Node8_Zero,2089.493084,2089.493084,1,Expiry,0,1.3297954293230164e-12,nan
2086495977982_Node0_Node8_Zero,2089.493084,2089.494335,0,,0,5.067991866005776e-14,3.519438795837345e-14
2086504172464_Node0_Node8_Zero,2089.502816,2089.504048,0,,0,8.089025184839307e-13,0
2086528762833_Node0_Node8_Zero,2089.527159,2089.52829,0,,0,8.2283073705e-13,4.19700456e-14
2086536962450_Node0_Node8_Zero,2089.538939,2089.538939,1,Expiry,0,1.254187305210924e-12,nan
2086549258381_Node0_Node8_Zero,2089.54284,2089.544191,0,,0,4.2130306521422507e-14,3.0952878260636945e-14
2086561546314_Node0_Node8_Zero,2089.560122,2089.561194,0,,0,7.992225864e-13,0
2086586133163_Node0_Node8_Zero,2089.585263,2089.586595,0,,1,8.980300926334938e-13,0
2086594329700_Node0_Node8_Zero,2089.589942,2089.591313,0,,0,6.557819625e-14,4.19700456e-14
2086598426930_Node0_Node8_Zero,2089.600675,2089.600675,1,Expiry,0,4.1326962267069406e-14,nan
2086602525688_Node0_Node8_Zero,2089.604073,2089.604073,1,Expiry,0,1.0905781022670693e-12,nan
2086610721570_Node0_Node8_Zero,2089.605263,2089.606395,0,,0,7.572525408e-13,0
2086676310036_Node0_Node8_Zero,2089.679148,2089.679148,1,Expiry,0,1.2520520016660117e-12,nan
2086680404621_Node0_Node8_Zero,2089.681038,2089.681038,1,Expiry,0,1.1873544696010444e-12,nan
2086688606324_Node0_Node8_Zero,2089.681038,2089.682229,0,,0,7.985795030670694e-13,3.036266615539793e-14
2086713201022_Node0_Node8_Zero,2089.711928,2089.71326,0,,0,1.1658346e-13,8.699148482142857e-14
2086721392367_Node0_Node8_Zero,2089.71661,2089.717801,0,,0,8.386893415453048e-13,0
2086745989920_Node0_Node8_Zero,2089.744648,2089.747743,0,,0,8.738360007999999e-13,0
2086754185443_Node0_Node8_Zero,2089.750525,2089.753982,0,,49,7.932502730127265e-13,0
2086750091708_Node0_Node8_Zero,2089.750525,2089.750525,1,Expiry,0,1.1886091089609241e-12,nan
2086762382143_Node0_Node8_Zero,2089.756383,2089.758677,0,,0,7.572525408e-13,2.1413288571428573e-14
2086856634164_Node0_Node8_Zero,2089.856233,2089.857304,0,,0,8.386893415453048e-13,0
2086864837406_Node0_Node8_Zero,2089.865601,2089.865601,1,Expiry,0,1.3699517938579722e-12,nan
2086873040004_Node0_Node8_Zero,2089.872604,2089.873975,0,,0,7.572525408e-13,0
2086881240926_Node0_Node8_Zero,2089.882692,2089.882692,1,Expiry,0,1.2953431621581303e-12,nan
2086885338398_Node0_Node8_Zero,2089.882692,2089.883843,0,,0,8.2283073705e-13,0
2086893538347_Node0_Node8_Zero,2089.892595,2089.893826,0,,1,9.086834124945014e-13,0
2086901735382_Node0_Node8_Zero,2089.899579,2089.900771,0,,0,8.2283073705e-13,0
2086950899584_Node0_Node8_Zero,2089.950748,2089.95202,0,,0,7.572525408e-13,2.9145865e-14
2086959096328_Node0_Node8_Zero,2089.960971,2089.960971,1,Expiry,0,1.1751733723339751e-12,nan
2086983681252_Node0_Node8_Zero,2089.982301,2089.983613,0,,0,6.557819625e-14,4.19700456e-14
2086991882786_Node0_Node8_Zero,2089.988581,2089.989672,0,,0,4.19700456e-14,2.9145865e-14
2087000073010_Node0_Node8_Zero,2089.999268,2090.000619,0,,0,7.918737290634025e-14,5.067991866005776e-14
2087008264072_Node0_Node8_Zero,2090.006247,2090.007578,0,,0,1.1658346e-13,6.557819625e-14
2087045154196_Node0_Node8_Zero,2090.045711,2090.045711,1,Expiry,0,1.254187305210924e-12,nan
2087053348698_Node0_Node8_Zero,2090.05317,2090.054241,0,,0,8.2283073705e-13,0
2087065638197_Node0_Node8_Zero,2090.065922,2090.065922,1,Expiry,0,1.266997966501444e-12,nan
2087069732771_Node0_Node8_Zero,2090.067932,2090.069923,0,,0,7.572525408e-13,0
2087073831312_Node0_Node8_Zero,2090.067932,2090.069923,0,,0,7.572525408e-13,0
2087192696227_Node0_Node8_Zero,2090.195022,2090.195022,1,Expiry,0,1.11482933625e-12,nan
2087196793051_Node0_Node8_Zero,2090.197052,2090.197052,1,Expiry,0,1.1886091089609241e-12,nan
2087200887185_Node0_Node8_Zero,2090.197052,2090.198144,0,,0,7.992225864e-13,0
2087209082497_Node0_Node8_Zero,2090.20859,2090.209862,0,,0,8.2283073705e-13,0
2087217282904_Node0_Node8_Zero,2090.216228,2090.217299,0,,0,8.143680074530488e-14,0
2087286950835_Node0_Node8_Zero,2090.286092,2090.287163,0,,0,8.2283073705e-13,0
2087295143479_Node0_Node8_Zero,2090.292572,2090.293823,0,,0,8.738360007999999e-13,0
2087307435595_Node0_Node8_Zero,2090.307491,2090.307491,1,Expiry,0,1.228507903664699e-12,nan
2087311535824_Node0_Node8_Zero,2090.307491,2090.308802,0,,1,9.137347955037749e-13,0
2087319729041_Node0_Node8_Zero,2090.312605,2090.313896,0,,0,1.1658346e-13,6.557819625e-14
2087327932026_Node0_Node8_Zero,2090.327404,2090.328515,0,,1,9.11653671400015e-13,8.68506359625085e-14
2087323832387_Node0_Node8_Zero,2090.327404,2090.327404,1,Expiry,0,1.10876196566458e-12,nan
2087336120738_Node0_Node8_Zero,2090.332588,2090.333659,0,,0,7.572525408e-13,0
2087332026046_Node0_Node8_Zero,2090.332588,2090.332588,1,Expiry,0,1.11482933625e-12,nan
2087344312355_Node0_Node8_Zero,2090.336908,2090.339144,0,,47,8.14706805173436e-13,0
2087340215383_Node0_Node8_Zero,2090.338038,2090.341387,0,,48,7.572525408e-13,0
2087352505313_Node0_Node8_Zero,2090.350942,2090.352213,0,,0,6.557819625e-14,0
2087479581057_Node0_Node8_Zero,2090.478231,2090.479463,0,,0,7.992225864e-13,0
2087491874545_Node0_Node8_Zero,2090.48877,2090.490102,0,,0,8.386893415453048e-13,0
2087508260458_Node0_Node8_Zero,2090.502019,2090.50309,0,,0,4.73282838e-14,0
2087536946905_Node0_Node8_Zero,2090.53645,2090.537702,0,,1,8.980300926334938e-13,0
2087545143369_Node0_Node8_Zero,2090.541824,2090.543156,0,,0,1.272450011645389e-13,8.143680074530488e-14
2087553343421_Node0_Node8_Zero,2090.552244,2090.553335,0,,0,1.497035991040838e-13,8.420827449604713e-14
2087557439989_Node0_Node8_Zero,2090.55854,2090.55854,1,Expiry,0,1.1817316964163351e-12,nan
2087614822858_Node0_Node8_Zero,2090.616301,2090.616301,1,Expiry,0,1.228507903664699e-12,nan
2087618917491_Node0_Node8_Zero,2090.618231,2090.627015,0,,135,4.1662708504184577e-14,3.0609336860217244e-14
2087623017556_Node0_Node8_Zero,2090.618231,2090.627015,0,,135,4.1662708504184577e-14,3.0609336860217244e-14
2087631214370_Node0_Node8_Zero,2090.619281,2090.634678,0,,265,7.572525408e-13,0
2087627118196_Node0_Node8_Zero,2090.623171,2090.634678,0,,177,7.572525408e-13,0
2087639407585_Node0_Node8_Zero,2090.623171,2090.637731,0,,177,7.572525408e-13,0
2087635311272_Node0_Node8_Zero,2090.628847,2090.637731,0,,88,7.572525408e-13,0
2087643508302_Node0_Node8_Zero,2090.628847,2090.640787,0,,135,7.572525408e-13,0
2087647609235_Node0_Node8_Zero,2090.632688,2090.640787,0,,47,7.572525408e-13,0
2087655805600_Node0_Node8_Zero,2090.632688,2090.645683,0,,182,7.892583378680583e-13,0
2087651712001_Node0_Node8_Zero,2090.638696,2090.645683,0,,136,7.892583378680583e-13,0
2087721388951_Node0_Node8_Zero,2090.721255,2090.722486,0,,0,8.2283073705e-13,0
2087729583080_Node0_Node8_Zero,2090.727809,2090.729,0,,0,7.572525408e-13,0
2087754178163_Node0_Node8_Zero,2090.755048,2090.755048,1,Expiry,0,1.285003455321272e-12,nan
2087795169756_Node0_Node8_Zero,2090.795069,2090.79628,0,,0,8.2283073705e-13,0
2087811564089_Node0_Node8_Zero,2090.810388,2090.81146,0,,0,4.1326962267069406e-14,3.036266615539793e-14
2087819758607_Node0_Node8_Zero,2090.818527,2090.819878,0,,0,7.985293630089008e-14,5.1105879232569643e-14
2087827957191_Node0_Node8_Zero,2090.824572,2090.825923,0,,0,8.738360007999999e-13,0
2087836150386_Node0_Node8_Zero,2090.832342,2090.833473,0,,0,7.572525408e-13,0
2087860734609_Node0_Node8_Zero,2090.861331,2090.861331,1,Expiry,0,1.2740579679667421e-12,nan
2087868925984_Node0_Node8_Zero,2090.865704,2090.866775,0,,0,5.333995683349376e-14,3.9188539714403574e-14
2087909903063_Node0_Node8_Zero,2090.909644,2090.910856,0,,0,7.572525408e-13,0
2087918102785_Node0_Node8_Zero,2090.919855,2090.919855,1,Expiry,0,1.3771320910406046e-12,nan
2087926301470_Node0_Node8_Zero,2090.921185,2090.922377,0,,0,4.19700456e-14,2.9145865e-14
2087971363121_Node0_Node8_Zero,2090.9726,2090.9726,1,Expiry,0,1.2520520016660117e-12,nan
2087975459765_Node0_Node8_Zero,2090.9726,2090.973752,0,,0,6.557819625e-14,0
2088028745589_Node0_Node8_Zero,2091.02674,2091.028052,0,,1,9.088085262320823e-13,0
2088036943256_Node0_Node8_Zero,2091.036171,2091.037542,0,,1,9.208148517353623e-13,0
2088041043721_Node0_Node8_Zero,2091.044881,2091.044881,1,Expiry,0,1.254187305210924e-12,nan
2088045146121_Node0_Node8_Zero,2091.044881,2091.047897,0,,90,9.208148517353623e-13,9.200379990114126e-14
2088053336066_Node0_Node8_Zero,2091.046811,2091.050047,0,,2,7.992225864e-13,0
2088049242066_Node0_Node8_Zero,2091.046811,2091.050047,0,,2,7.992225864e-13,0
2088057431014_Node0_Node8_Zero,2091.053599,2091.05467,0,,0,8.090892751863262e-13,3.599773221272655e-14
2088159871656_Node0_Node8_Zero,2091.159392,2091.160563,0,,0,8.34062078640231e-13,0
2088192663834_Node0_Node8_Zero,2091.189452,2091.190723,0,,0,8.2283073705e-13,0
2088196758037_Node0_Node8_Zero,2091.196996,2091.196996,1,Expiry,0,1.272450011645389e-13,nan
2088200860560_Node0_Node8_Zero,2091.196996,2091.198367,0,,1,9.204475436975685e-13,9.179718912988229e-14
2088209053945_Node0_Node8_Zero,2091.211418,2091.211418,1,Expiry,0,5.3145124245601916e-14,nan
2088213147574_Node0_Node8_Zero,2091.211418,2091.213714,0,,47,7.572525408e-13,0
2088217242313_Node0_Node8_Zero,2091.212488,2091.214784,0,,1,8.2283073705e-13,0
2088225433466_Node0_Node8_Zero,2091.22643,2091.22643,1,Expiry,0,6.557819625e-14,nan
2088233633414_Node0_Node8_Zero,2091.232178,2091.23331,0,,0,7.992225864e-13,0
2088258219750_Node0_Node8_Zero,2091.258865,2091.258865,1,Expiry,0,1.2305791545609242e-12,nan
2088266417625_Node0_Node8_Zero,2091.26476,2091.265971,0,,0,1.407775518334938e-13,7.918737290634025e-14
2088278711667_Node0_Node8_Zero,2091.27802,2091.279151,0,,0,8.2283073705e-13,0
2088282810453_Node0_Node8_Zero,2091.280244,2091.281315,0,,0,6.557819625e-14,4.19700456e-14
2088307404082_Node0_Node8_Zero,2091.307215,2091.308287,0,,0,8.738360007999999e-13,0
2088315607080_Node0_Node8_Zero,2091.316125,2091.316125,1,Expiry,0,1.332576162751444e-12,nan
2088331994579_Node0_Node8_Zero,2091.335205,2091.335205,1,Expiry,0,1.306896761205219e-12,nan
2088336089361_Node0_Node8_Zero,2091.337235,2091.337235,1,Expiry,0,1.2919401290192855e-12,nan
2088340183091_Node0_Node8_Zero,2091.337235,2091.338527,0,,0,8.2283073705e-13,0
2088352476787_Node0_Node8_Zero,2091.343155,2091.344306,0,,0,7.893345839834601e-13,0
2088356572850_Node0_Node8_Zero,2091.354573,2091.357701,0,,1,9.082610981349365e-13,0
2088360667228_Node0_Node8_Zero,2091.360432,2091.362343,0,,0,7.924469287583734e-13,0
2088364760862_Node0_Node8_Zero,2091.360432,2091.362343,0,,0,7.924469287583734e-13,0
2088372960047_Node0_Node8_Zero,2091.366513,2091.368484,0,,0,7.572525408e-13,0
2088368862532_Node0_Node8_Zero,2091.366513,2091.368484,0,,0,7.572525408e-13,0
2088381155884_Node0_Node8_Zero,2091.373841,2091.374912,0,,0,7.991064040670334e-13,3.074977709414701e-14
2088405742189_Node0_Node8_Zero,2091.404592,2091.405903,0,,0,8.2283073705e-13,0
2088413933198_Node0_Node8_Zero,2091.412479,2091.413751,0,,0,7.572525408e-13,0
2088422128004_Node0_Node8_Zero,2091.417187,2091.418418,0,,0,7.572525408e-13,0
2088438520274_Node0_Node8_Zero,2091.43893,2091.43893,1,Expiry,0,1.2116057035839751e-12,nan
2088450821516_Node0_Node8_Zero,2091.443778,2091.445149,0,,0,7.572525408e-13,0
2088475419216_Node0_Node8_Zero,2091.468657,2091.469788,0,,0,7.572525408e-13,0
2088549168774_Node0_Node8_Zero,2091.546771,2091.548142,0,,0,8.2283073705e-13,0
2088557362192_Node0_Node8_Zero,2091.554808,2091.556139,0,,0,8.738360007999999e-13,6.557819625e-14
2088565556518_Node0_Node8_Zero,2091.560485,2091.561696,0,,0,7.572525408e-13,0
2088614744471_Node0_Node8_Zero,2091.612671,2091.614022,0,,0,7.992225864e-13,0
2088639327783_Node0_Node8_Zero,2091.63782,2091.639031,0,,0,7.572525408e-13,0
2088655717053_Node0_Node8_Zero,2091.65294,2091.654312,0,,0,8.090892751863262e-13,0
2088672118158_Node0_Node8_Zero,2091.670042,2091.671313,0,,1,8.980300926334938e-13,0
2088680315524_Node0_Node8_Zero,2091.677885,2091.679057,0,,0,7.572525408e-13,0
2088696705034_Node0_Node8_Zero,2091.69801,2091.69801,1,Expiry,0,1.266997966501444e-12,nan
2088700800296_Node0_Node8_Zero,2091.6999,2091.701911,0,,0,3.6179823710619614e-14,0
2088704900876_Node0_Node8_Zero,2091.6999,2091.701911,0,,0,3.6179823710619614e-14,0
2088745885623_Node0_Node8_Zero,2091.744217,2091.745509,0,,0,7.572525408e-13,0
2088770467650_Node0_Node8_Zero,2091.771129,2091.771129,1,Expiry,0,1.332576162751444e-12,nan
2088778659238_Node0_Node8_Zero,2091.780915,2091.780915,1,Expiry,0,1.254187305210924e-12,nan
2088782755465_Node0_Node8_Zero,2091.781965,2091.783036,0,,0,8.738360007999999e-13,0
2088811431513_Node0_Node8_Zero,2091.80954,2091.810831,0,,0,5.3145124245601916e-14,3.6906336281668e-14
2088823724088_Node0_Node8_Zero,2091.818085,2091.820296,0,,0,4.19700456e-14,2.9145865e-14
2088827822204_Node0_Node8_Zero,2091.818085,2091.820296,0,,0,4.19700456e-14,2.9145865e-14
2088836022098_Node0_Node8_Zero,2091.829004,2091.830095,0,,0,8.172468410460258e-13,4.1662708504184577e-14
2088893398049_Node0_Node8_Zero,2091.894021,2091.894021,1,Expiry,0,1.11482933625e-12,nan
2088909788427_Node0_Node8_Zero,2091.912736,2091.912736,1,Expiry,0,6.557819625e-14,nan
2088917987922_Node0_Node8_Zero,2091.918979,2091.918979,1,Expiry,0,1.3536069339338242e-12,nan
2088926184389_Node0_Node8_Zero,2091.924271,2091.925582,0,,0,8.738360007999999e-13,0
2088942576836_Node0_Node8_Zero,2091.943123,2091.943123,1,Expiry,0,1.11482933625e-12,nan
2088946676614_Node0_Node8_Zero,2091.950046,2091.950046,1,Expiry,0,1.11482933625e-12,nan
2088950774524_Node0_Node8_Zero,2091.950046,2091.953122,0,,89,8.2283073705e-13,0
2088958978894_Node0_Node8_Zero,2091.951976,2091.955212,0,,1,8.738360007999999e-13,0
2088954877874_Node0_Node8_Zero,2091.951976,2091.955212,0,,1,8.738360007999999e-13,0
2088967173045_Node0_Node8_Zero,2091.960766,2091.96486,0,,49,1.1658346e-13,6.557819625e-14
2088971269422_Node0_Node8_Zero,2091.976183,2091.976183,1,Expiry,0,1.0844455279583734e-12,nan
2088975367714_Node0_Node8_Zero,2091.976183,2091.976183,1,Expiry,0,1.0844455279583734e-12,nan
2088979461766_Node0_Node8_Zero,2091.978053,2091.979984,0,,0,7.932502730127265e-13,0
2088983558860_Node0_Node8_Zero,2091.978053,2091.979984,0,,0,7.932502730127265e-13,0
2088987652943_Node0_Node8_Zero,2091.985999,2091.98793,0,,0,7.931205808582852e-13,2.63520294305769e-14
2088991747155_Node0_Node8_Zero,2091.985999,2091.98793,0,,0,7.931205808582852e-13,2.63520294305769e-14
2089098340931_Node0_Node8_Zero,2092.09891,2092.09891,1,Expiry,0,1.189141241728329e-12,nan
2089106535824_Node0_Node8_Zero,2092.103972,2092.105063,0,,0,7.932502730127265e-13,0
2089122918580_Node0_Node8_Zero,2092.123902,2092.123902,1,Expiry,0,1.0912211856e-12,nan
2089139316468_Node0_Node8_Zero,2092.13891,2092.140281,0,,0,8.2283073705e-13,0
2089147510217_Node0_Node8_Zero,2092.145766,2092.146837,0,,0,8.486353279616637e-13,5.848498378346478e-14
2089151610281_Node0_Node8_Zero,2092.152018,2092.152018,1,Expiry,0,5.745426437343601e-14,nan
2089155712709_Node0_Node8_Zero,2092.156123,2092.156123,1,Expiry,0,1.2400231412395226e-12,nan
2089176199229_Node0_Node8_Zero,2092.167735,2092.169027,0,,0,7.572525408e-13,0
2089172105746_Node0_Node8_Zero,2092.17251,2092.17251,1,Expiry,0,1.1886091089609241e-12,nan
2089188498348_Node0_Node8_Zero,2092.179865,2092.181016,0,,0,8.608601253049008e-14,5.978195314617366e-14
2089217180378_Node0_Node8_Zero,2092.21767,2092.21767,1,Expiry,0,1.04925114e-12,nan
2089229480221_Node0_Node8_Zero,2092.230417,2092.230417,1,Expiry,0,1.266997966501444e-12,nan
2089233576460_Node0_Node8_Zero,2092.230417,2092.231708,0,,0,7.572525408e-13,2.9145865e-14
2089241770814_Node0_Node8_Zero,2092.241772,2092.241772,1,Expiry,0,1.305192568960924e-12,nan
2089274571406_Node0_Node8_Zero,2092.275259,2092.275259,1,Expiry,0,1.254187305210924e-12,nan
2089282768071_Node0_Node8_Zero,2092.284613,2092.284613,1,Expiry,0,1.2177549739609242e-12,nan
2089286867596_Node0_Node8_Zero,2092.284613,2092.285845,0,,0,8.738360007999999e-13,0
2089299164574_Node0_Node8_Zero,2092.292757,2092.293969,0,,0,7.572525408e-13,0
2089307361043_Node0_Node8_Zero,2092.30576,2092.306992,0,,0,1.1658346e-13,6.557819625e-14
2089315557162_Node0_Node8_Zero,2092.312118,2092.313209,0,,0,7.572525408e-13,0
2089327856386_Node0_Node8_Zero,2092.317729,2092.318901,0,,0,7.572525408e-13,0
2089356557154_Node0_Node8_Zero,2092.353533,2092.354824,0,,0,7.98761834581945e-13,0
2089401634192_Node0_Node8_Zero,2092.402146,2092.402146,1,Expiry,0,1.146027507333975e-12,nan
2089442625546_Node0_Node8_Zero,2092.442727,2092.442727,1,Expiry,0,1.2305791545609242e-12,nan
2089471305960_Node0_Node8_Zero,2092.472712,2092.472712,1,Expiry,0,1.254187305210924e-12,nan
2089475404615_Node0_Node8_Zero,2092.472712,2092.473863,0,,1,8.980300926334938e-13,0
2089483600503_Node0_Node8_Zero,2092.483456,2092.484667,0,,1,8.980300926334938e-13,0
2089508196251_Node0_Node8_Zero,2092.507472,2092.508663,0,,0,8.2283073705e-13,0
2089532789123_Node0_Node8_Zero,2092.531368,2092.533682,0,,0,7.932502730127265e-13,0
2089540983414_Node0_Node8_Zero,2092.534702,2092.535933,0,,0,3.33739615841826e-14,2.4519645245521913e-14
2089610648482_Node0_Node8_Zero,2092.611074,2092.611074,1,Expiry,0,1.1687785500051208e-12,nan
2089627041872_Node0_Node8_Zero,2092.624834,2092.626125,0,,0,8.41391712e-13,0
2089635232299_Node0_Node8_Zero,2092.62978,2092.630951,0,,0,1.272450011645389e-13,0
2089725390735_Node0_Node8_Zero,2092.723698,2092.724889,0,,0,7.572525408e-13,0
2089733590005_Node0_Node8_Zero,2092.733172,2092.734503,0,,0,8.2283073705e-13,0
2089741790944_Node0_Node8_Zero,2092.73988,2092.741031,0,,0,8.738360007999999e-13,0
2089749991472_Node0_Node8_Zero,2092.760304,2092.760304,1,Expiry,0,1.2305791545609242e-12,nan
2089766388893_Node0_Node8_Zero,2092.765454,2092.766706,0,,0,7.992225864e-13,0
2089770486527_Node0_Node8_Zero,2092.77431,2092.77431,1,Expiry,0,1.332576162751444e-12,nan
2089774582641_Node0_Node8_Zero,2092.77431,2092.775421,0,,0,8.2283073705e-13,0
2089778677800_Node0_Node8_Zero,2092.780413,2092.780413,1,Expiry,0,4.2130306521422507e-14,nan
2089782772016_Node0_Node8_Zero,2092.780413,2092.783585,0,,0,7.572525408e-13,0
2089786868922_Node0_Node8_Zero,2092.786642,2092.789858,0,,46,6.042359181153658e-14,4.19608276469004e-14
2089790968090_Node0_Node8_Zero,2092.786642,2092.789858,0,,46,6.042359181153658e-14,4.19608276469004e-14
2089799164382_Node0_Node8_Zero,2092.787692,2092.791088,0,,0,7.572525408e-13,0
2089934432908_Node0_Node8_Zero,2092.933934,2092.935065,0,,0,8.2283073705e-13,0
2089942624439_Node0_Node8_Zero,2092.941164,2092.942415,0,,0,9.298495934140045e-14,5.95103739784963e-14
2089950817560_Node0_Node8_Zero,2092.949841,2092.951093,0,,1,9.205810145943077e-13,9.187226650929808e-14
2089967217197_Node0_Node8_Zero,2092.968607,2092.968607,1,Expiry,0,1.2035849339953586e-12,nan
2089971315298_Node0_Node8_Zero,2092.970677,2092.972628,0,,0,8.167633664645799e-13,4.1326962267069406e-14
2089975417666_Node0_Node8_Zero,2092.970677,2092.972628,0,,0,8.167633664645799e-13,4.1326962267069406e-14
2089983612397_Node0_Node8_Zero,2092.981872,2092.983123,0,,0,7.572525408e-13,0
2090008198764_Node0_Node8_Zero,2093.009181,2093.009181,1,Expiry,0,1.2342251064207214e-12,nan
2090016395461_Node0_Node8_Zero,2093.016846,2093.016846,1,Expiry,0,1.3148184416208385e-12,nan
2090024586390_Node0_Node8_Zero,2093.024075,2093.026392,0,,46,8.2283073705e-13,4.19700456e-14
2090032783037_Node0_Node8_Zero,2093.025265,2093.027562,0,,0,8.738360007999999e-13,0
2090036876623_Node0_Node8_Zero,2093.038596,2093.038596,1,Expiry,0,1.2221202390568623e-12,nan
2090040975703_Node0_Node8_Zero,2093.038596,2093.039727,0,,0,7.87542642432e-13,0
2090049176185_Node0_Node8_Zero,2093.043563,2093.044694,0,,0,7.572525408e-13,0
2090081967017_Node0_Node8_Zero,2093.081361,2093.082692,0,,0,8.2283073705e-13,0
2090090167248_Node0_Node8_Zero,2093.088082,2093.089193,0,,0,8.2283073705e-13,4.19700456e-14
2090094266864_Node0_Node8_Zero,2093.094592,2093.094592,1,Expiry,0,1.3462309778522189e-12,nan
2090106561995_Node0_Node8_Zero,2093.105019,2093.10623,0,,0,7.572525408e-13,0
2090114766822_Node0_Node8_Zero,2093.115329,2093.115329,1,Expiry,0,1.11482933625e-12,nan
2090122969517_Node0_Node8_Zero,2093.121279,2093.122571,0,,0,6.557819625e-14,0
2090127071747_Node0_Node8_Zero,2093.127029,2093.12812,0,,1,8.885644722522014e-13,0
2090139356335_Node0_Node8_Zero,2093.139266,2093.140438,0,,0,7.572525408e-13,0
2090147551194_Node0_Node8_Zero,2093.146198,2093.147369,0,,0,7.572525408e-13,2.9145865e-14
2090155749188_Node0_Node8_Zero,2093.153592,2093.154743,0,,1,9.208148517353623e-13,0
2090163941172_Node0_Node8_Zero,2093.164842,2093.164842,1,Expiry,0,1.2926629320887944e-12,nan
2090172139193_Node0_Node8_Zero,2093.171575,2093.172907,0,,0,8.2283073705e-13,0
2090188540063_Node0_Node8_Zero,2093.186599,2093.18775,0,,0,3.6906336281668e-14,0
2090196734031_Node0_Node8_Zero,2093.194374,2093.195645,0,,0,7.572525408e-13,0
2090204932428_Node0_Node8_Zero,2093.196597,2093.197688,0,,0,7.572525408e-13,0
2090229536900_Node0_Node8_Zero,2093.228353,2093.229664,0,,0,8.34062078640231e-13,0
2090262334578_Node0_Node8_Zero,2093.262641,2093.262641,1,Expiry,0,1.2177549739609242e-12,nan
2090270535993_Node0_Node8_Zero,2093.27083,2093.27083,1,Expiry,0,1.187997552933975e-12,nan
2090278729835_Node0_Node8_Zero,2093.275978,2093.277109,0,,0,7.572525408e-13,0
2090286920386_Node0_Node8_Zero,2093.286584,2093.287876,0,,0,7.572525408e-13,0
2090295114062_Node0_Node8_Zero,2093.292485,2093.293776,0,,0,7.992225864e-13,2.9145865e-14
2090303310250_Node0_Node8_Zero,2093.3034,2093.3034,1,Expiry,0,1.2177549739609242e-12,nan
2090311510027_Node0_Node8_Zero,2093.311122,2093.312414,0,,0,7.572525408e-13,0
2090319701824_Node0_Node8_Zero,2093.318877,2093.320009,0,,0,7.572525408e-13,0
2090344298016_Node0_Node8_Zero,2093.341696,2093.342907,0,,0,7.992225864e-13,0
2090352491354_Node0_Node8_Zero,2093.352343,2093.355417,0,,0,7.572525408e-13,0
2090356587711_Node0_Node8_Zero,2093.357275,2093.357275,1,Expiry,0,5.99943002460258e-14,nan
2090360690160_Node0_Node8_Zero,2093.357275,2093.358606,0,,0,7.572525408e-13,0
2090393484663_Node0_Node8_Zero,2093.39067,2093.391761,0,,0,8.105924976334937e-13,0
2090467259600_Node0_Node8_Zero,2093.469575,2093.469575,1,Expiry,0,1.314067426773256e-12,nan
2090471358186_Node0_Node8_Zero,2093.471705,2093.471705,1,Expiry,0,1.254187305210924e-12,nan
2090475461532_Node0_Node8_Zero,2093.471705,2093.472896,0,,0,6.557819625e-14,0
2090491856432_Node0_Node8_Zero,2093.490008,2093.4912,0,,0,4.19700456e-14,2.9145865e-14
2090508237252_Node0_Node8_Zero,2093.505779,2093.50695,0,,0,1.1658346e-13,0
2090516429439_Node0_Node8_Zero,2093.51483,2093.516161,0,,0,8.2283073705e-13,0
2090557418903_Node0_Node8_Zero,2093.554901,2093.555972,0,,0,6.557819625e-14,0
2090565622053_Node0_Node8_Zero,2093.565436,2093.566807,0,,1,9.043862940416834e-13,0
2090569717358_Node0_Node8_Zero,2093.569734,2093.569734,1,Expiry,0,1.1886091089609241e-12,nan
2090573812158_Node0_Node8_Zero,2093.569734,2093.576274,0,,51,7.572525408e-13,0
2090582002734_Node0_Node8_Zero,2093.577295,2093.581048,0,,49,7.572525408e-13,0
2090586105400_Node0_Node8_Zero,2093.58425,2093.590787,0,,96,7.572525408e-13,0
2090590200480_Node0_Node8_Zero,2093.589274,2093.606557,1,Expiry,1,3.420888133372005e-13,nan
2090622995862_Node0_Node8_Zero,2093.62154,2093.622752,0,,1,3.680298184616483e-14,2.7038925437998655e-14
2090631191717_Node0_Node8_Zero,2093.626467,2093.628604,0,,1,9.442850887454583e-13,0
2090639388138_Node0_Node8_Zero,2093.635908,2093.63698,0,,1,9.069561399040837e-13,8.420827449604713e-14
2090635294603_Node0_Node8_Zero,2093.635908,2093.635908,1,Expiry,0,1.3280146338220335e-12,nan
2090647580982_Node0_Node8_Zero,2093.640548,2093.642609,0,,0,7.572525408e-13,0
2090655777548_Node0_Node8_Zero,2093.647812,2093.649143,0,,0,7.992022037801681e-13,0
2090709058997_Node0_Node8_Zero,2093.708187,2093.709258,0,,0,8.2283073705e-13,4.19700456e-14
2090713153997_Node0_Node8_Zero,2093.714375,2093.714375,1,Expiry,0,1.2305791545609242e-12,nan
2090725442261_Node0_Node8_Zero,2093.717537,2093.718848,0,,0,7.572525408e-13,0
2090737746653_Node0_Node8_Zero,2093.737878,2093.737878,1,Expiry,0,6.557819625e-14,nan
2090745942238_Node0_Node8_Zero,2093.746766,2093.746766,1,Expiry,0,1.2305791545609242e-12,nan
2090754137000_Node0_Node8_Zero,2093.747876,2093.749147,0,,0,7.572525408e-13,0
2090762338037_Node0_Node8_Zero,2093.760066,2093.761137,0,,0,7.572525408e-13,5.333995683349376e-14
2090774628078_Node0_Node8_Zero,2093.765836,2093.767087,0,,0,8.102269022406321e-13,3.6787751000438987e-14
2090799227417_Node0_Node8_Zero,2093.797177,2093.798328,0,,0,7.572525408e-13,0
2090803326793_Node0_Node8_Zero,2093.80201,2093.803182,0,,0,8.2283073705e-13,0
2090815627390_Node0_Node8_Zero,2093.815616,2093.816987,0,,0,7.572525408e-13,0
2090819723586_Node0_Node8_Zero,2093.822821,2093.822821,1,Expiry,0,1.319655114746722e-12,nan
2090823821063_Node0_Node8_Zero,2093.825816,2093.825816,1,Expiry,0,7.680953784023101e-14,nan
2090827921992_Node0_Node8_Zero,2093.825816,2093.828112,0,,47,6.066764139084842e-14,4.2130306521422507e-14
2090836124008_Node0_Node8_Zero,2093.826983,2093.829262,0,,1,7.572525408e-13,0
2090860708999_Node0_Node8_Zero,2093.861758,2093.861758,1,Expiry,0,4.19700456e-14,nan
2090864807113_Node0_Node8_Zero,2093.865564,2093.865564,1,Expiry,0,1.0912211856e-12,nan
2090868906890_Node0_Node8_Zero,2093.865564,2093.870672,0,,88,3.519438795837345e-14,0
2090881194411_Node0_Node8_Zero,2093.869406,2093.872622,0,,0,7.907855640401704e-13,0
2090877098204_Node0_Node8_Zero,2093.869406,2093.872622,0,,0,7.907855640401704e-13,0
2090971351516_Node0_Node8_Zero,2093.969713,2093.970904,0,,0,7.863984058e-13,0
2090987737120_Node0_Node8_Zero,2093.986278,2093.98741,0,,0,8.2283073705e-13,0
2090995933845_Node0_Node8_Zero,2093.992951,2093.994282,0,,0,8.486643069536021e-13,0
2091004129414_Node0_Node8_Zero,2093.999051,2094.000423,0,,0,8.37695139103767e-13,0
2091012324593_Node0_Node8_Zero,2094.010927,2094.012019,0,,0,2.9145865e-14,2.1413288571428573e-14
2091045103473_Node0_Node8_Zero,2094.044155,2094.045507,0,,0,7.572525408e-13,0
2091053302823_Node0_Node8_Zero,2094.051612,2094.052923,0,,0,8.14706805173436e-13,0
2091090194705_Node0_Node8_Zero,2094.087918,2094.089029,0,,0,8.41391712e-13,0
2091098390964_Node0_Node8_Zero,2094.097198,2094.098269,0,,0,7.992225864e-13,2.9145865e-14
2091106592271_Node0_Node8_Zero,2094.104306,2094.105537,0,,0,8.2283073705e-13,4.19700456e-14
2091102490653_Node0_Node8_Zero,2094.104306,2094.104306,1,Expiry,0,1.254187305210924e-12,nan
2091114787723_Node0_Node8_Zero,2094.112829,2094.114,0,,0,8.403963612940891e-14,5.836085842320063e-14
2091131187515_Node0_Node8_Zero,2094.128709,2094.12994,0,,0,7.992225864e-13,0
2091143478508_Node0_Node8_Zero,2094.139945,2094.141037,0,,0,6.557819625e-14,4.19700456e-14
2091147575945_Node0_Node8_Zero,2094.145561,2094.146813,0,,0,2.9145865e-14,0
2091204964176_Node0_Node8_Zero,2094.205137,2094.205137,1,Expiry,0,6.557819625e-14,nan
2091213154873_Node0_Node8_Zero,2094.210035,2094.211166,0,,1,8.844975419645388e-13,0
2091221353003_Node0_Node8_Zero,2094.218548,2094.219839,0,,0,1.272450011645389e-13,8.143680074530488e-14
2091229548758_Node0_Node8_Zero,2094.23041,2094.23041,1,Expiry,0,1.250048483253654e-12,nan
2091266433039_Node0_Node8_Zero,2094.268848,2094.268848,1,Expiry,0,1.04925114e-12,nan
2091270527920_Node0_Node8_Zero,2094.268848,2094.270079,0,,1,8.980300926334938e-13,7.918737290634025e-14
2091278727125_Node0_Node8_Zero,2094.274762,2094.276013,0,,1,8.980300926334938e-13,7.918737290634025e-14
2091274625073_Node0_Node8_Zero,2094.27852,2094.27852,1,Expiry,0,1.332576162751444e-12,nan
2091286919273_Node0_Node8_Zero,2094.283165,2094.284236,0,,0,1.313119314522014e-13,8.403963612940891e-14
2091295114883_Node0_Node8_Zero,2094.293856,2094.295167,0,,0,7.572525408e-13,0
2091303307172_Node0_Node8_Zero,2094.299916,2094.300987,0,,0,7.572525408e-13,0
2091311500558_Node0_Node8_Zero,2094.30912,2094.310231,0,,0,8.2283073705e-13,0
2091319695147_Node0_Node8_Zero,2094.315113,2094.316444,0,,1,9.361020049040838e-13,2.1413288571428573e-14
2091327891696_Node0_Node8_Zero,2094.325488,2094.32674,0,,0,8.044259830376698e-14,5.148326291441087e-14
2091323791506_Node0_Node8_Zero,2094.325488,2094.325488,1,Expiry,0,1.226470105637742e-12,nan
2091340184515_Node0_Node8_Zero,2094.336183,2094.338559,0,,47,7.572525408e-13,2.585710135717233e-14
2091344284275_Node0_Node8_Zero,2094.337253,2094.34076,0,,49,7.572525408e-13,1.0812922323509749e-13
2091352480370_Node0_Node8_Zero,2094.34495,2094.347104,0,,0,7.572525408e-13,0
2091385270842_Node0_Node8_Zero,2094.382565,2094.383736,0,,0,4.19700456e-14,2.9145865e-14
2091426257686_Node0_Node8_Zero,2094.42628,2094.42628,1,Expiry,0,6.557819625e-14,nan
2091442650515_Node0_Node8_Zero,2094.439841,2094.441212,0,,0,6.557819625e-14,0
2091438554490_Node0_Node8_Zero,2094.439841,2094.439841,1,Expiry,0,1.1886091089609241e-12,nan
2091446750612_Node0_Node8_Zero,2094.447703,2094.447703,1,Expiry,0,1.254187305210924e-12,nan
2091450850219_Node0_Node8_Zero,2094.447703,2094.449054,0,,0,7.680953784023101e-14,5.333995683349376e-14
2091475439152_Node0_Node8_Zero,2094.476107,2094.476107,1,Expiry,0,1.11482933625e-12,nan
2091491828630_Node0_Node8_Zero,2094.488739,2094.49011,0,,0,8.2283073705e-13,0
2091487728162_Node0_Node8_Zero,2094.488739,2094.488739,1,Expiry,0,1.1886091089609241e-12,nan
2091500027967_Node0_Node8_Zero,2094.503697,2094.503697,1,Expiry,0,1.332576162751444e-12,nan
2091508226843_Node0_Node8_Zero,2094.507304,2094.512403,0,,89,7.572525408e-13,0
2091512323766_Node0_Node8_Zero,2094.511125,2094.514553,0,,1,7.572525408e-13,0
2091516423721_Node0_Node8_Zero,2094.511125,2094.514553,0,,1,7.572525408e-13,0
2091541022094_Node0_Node8_Zero,2094.541887,2094.541887,1,Expiry,0,1.1886091089609241e-12,nan
2091545116957_Node0_Node8_Zero,2094.545751,2094.545751,1,Expiry,0,4.19700456e-14,nan
2091549219666_Node0_Node8_Zero,2094.545751,2094.546902,0,,0,8.167633664645799e-13,0
2091557413890_Node0_Node8_Zero,2094.553159,2094.555331,0,,0,8.167633664645799e-13,0
2091553319248_Node0_Node8_Zero,2094.553159,2094.555331,0,,0,8.167633664645799e-13,0
2091573793089_Node0_Node8_Zero,2094.571906,2094.573257,0,,0,7.572525408e-13,0
2091581984963_Node0_Node8_Zero,2094.577124,2094.578456,0,,0,7.572525408e-13,0
2091635249427_Node0_Node8_Zero,2094.63507,2094.636321,0,,0,8.045808246e-13,0
2091643445115_Node0_Node8_Zero,2094.643398,2094.64449,0,,1,9.04877885926672e-13,0
2091651637654_Node0_Node8_Zero,2094.648023,2094.649194,0,,0,8.143680074530488e-14,0
2091668030139_Node0_Node8_Zero,2094.667312,2094.668623,0,,0,8.442244577176477e-13,0
2091680328979_Node0_Node8_Zero,2094.684034,2094.684034,1,Expiry,0,5.333995683349376e-14,nan
2091684431052_Node0_Node8_Zero,2094.685264,2094.685264,1,Expiry,0,1.2919401290192855e-12,nan
2091713128082_Node0_Node8_Zero,2094.713279,2094.713279,1,Expiry,0,1.308968012101444e-12,nan
2091766416497_Node0_Node8_Zero,2094.768397,2094.768397,1,Expiry,0,1.254187305210924e-12,nan
2091774611810_Node0_Node8_Zero,2094.77653,2094.77653,1,Expiry,0,1.1764961411645388e-12,nan
2091778714007_Node0_Node8_Zero,2094.77653,2094.777841,0,,1,8.77267443675361e-13,0
2091786903762_Node0_Node8_Zero,2094.789782,2094.789782,1,Expiry,0,1.40788706149435e-12,nan
2091791003633_Node0_Node8_Zero,2094.791772,2094.791772,1,Expiry,0,1.396294481488912e-12,nan
2091795098953_Node0_Node8_Zero,2094.791772,2094.792984,0,,0,8.492563407011413e-13,0
2091803298196_Node0_Node8_Zero,2094.802418,2094.80351,0,,0,8.738360007999999e-13,0
2091811491029_Node0_Node8_Zero,2094.812784,2094.812784,1,Expiry,0,1.1927273256748202e-12,nan
2091819693328_Node0_Node8_Zero,2094.816884,2094.818195,0,,0,8.2283073705e-13,0
2091827889800_Node0_Node8_Zero,2094.826348,2094.827639,0,,0,7.572525408e-13,0
2091831990736_Node0_Node8_Zero,2094.83578,2094.83578,1,Expiry,0,1.089149934703775e-12,nan
2091840185212_Node0_Node8_Zero,2094.843709,2094.843709,1,Expiry,0,1.2216304911201101e-12,nan
2091848384073_Node0_Node8_Zero,2094.845659,2094.848755,0,,88,7.572525408e-13,2.641818608514827e-14
2091844288327_Node0_Node8_Zero,2094.845659,2094.845659,1,Expiry,0,1.2235855596833685e-12,nan
2091852482409_Node0_Node8_Zero,2094.847589,2094.850705,0,,0,7.572525408e-13,0
2091860675081_Node0_Node8_Zero,2094.847589,2094.850705,0,,0,7.572525408e-13,0
2091868870729_Node0_Node8_Zero,2094.868908,2094.868908,1,Expiry,0,1.2301933809998071e-12,nan
2091889373992_Node0_Node8_Zero,2094.882691,2094.883882,0,,0,7.572525408e-13,0
2091901676053_Node0_Node8_Zero,2094.900927,2094.902139,0,,0,8.2283073705e-13,4.19700456e-14
2091942658847_Node0_Node8_Zero,2094.942508,2094.94384,0,,1,8.980300926334938e-13,7.918737290634025e-14
2091950853474_Node0_Node8_Zero,2094.949761,2094.951133,0,,0,8.412921769294089e-13,0
2091959050280_Node0_Node8_Zero,2094.959241,2094.959241,1,Expiry,0,1.213765538184695e-12,nan
2091967238701_Node0_Node8_Zero,2094.966913,2094.968025,0,,0,8.2283073705e-13,0
2091975426684_Node0_Node8_Zero,2094.97404,2094.975332,0,,0,9.1848298830879e-14,0
2091991813216_Node0_Node8_Zero,2094.99254,2094.99254,1,Expiry,0,1.368046505356128e-12,nan
2092012306597_Node0_Node8_Zero,2095.00394,2095.005151,0,,0,6.557819625e-14,0
2092016403127_Node0_Node8_Zero,2095.014503,2095.015594,0,,0,6.557819625e-14,4.19700456e-14
2092081992321_Node0_Node8_Zero,2095.081551,2095.082822,0,,0,8.2283073705e-13,0
2092090185436_Node0_Node8_Zero,2095.086605,2095.087676,0,,0,2.9145865e-14,2.1413288571428573e-14
2092180352144_Node0_Node8_Zero,2095.179885,2095.181016,0,,0,1.1658346e-13,6.557819625e-14
2092196738639_Node0_Node8_Zero,2095.197885,2095.197885,1,Expiry,0,1.228507903664699e-12,nan
2092200838187_Node0_Node8_Zero,2095.197885,2095.199096,0,,0,7.572525408e-13,2.931340019052858e-14
2092225430702_Node0_Node8_Zero,2095.223496,2095.224628,0,,0,7.572525408e-13,0
2092233627571_Node0_Node8_Zero,2095.229894,2095.231126,0,,0,8.374064698197675e-13,0
2092245915417_Node0_Node8_Zero,2095.243656,2095.246052,0,,46,1.1658346e-13,0
2092250014360_Node0_Node8_Zero,2095.244826,2095.247286,0,,1,8.738360007999999e-13,0
2092258208053_Node0_Node8_Zero,2095.255138,2095.256469,0,,0,7.932502730127265e-13,2.6447313462411344e-14
2092278696193_Node0_Node8_Zero,2095.284249,2095.284249,1,Expiry,0,1.332576162751444e-12,nan
2092282794428_Node0_Node8_Zero,2095.284249,2095.284249,1,Expiry,0,1.332576162751444e-12,nan
2092286888363_Node0_Node8_Zero,2095.286219,2095.28833,0,,0,8.738360007999999e-13,0
2092290984806_Node0_Node8_Zero,2095.286219,2095.28833,0,,0,8.738360007999999e-13,0
2092295085979_Node0_Node8_Zero,2095.295951,2095.295951,1,Expiry,0,1.266997966501444e-12,nan
2092299186072_Node0_Node8_Zero,2095.295951,2095.29936,0,,47,7.572525408e-13,0
2092307379825_Node0_Node8_Zero,2095.298055,2095.30067,0,,1,7.572525408e-13,4.19700456e-14
2092389348262_Node0_Node8_Zero,2095.388358,2095.389709,0,,0,7.992225864e-13,0
2092397551529_Node0_Node8_Zero,2095.397598,2095.397598,1,Expiry,0,1.2263619327692854e-12,nan
2092405743839_Node0_Node8_Zero,2095.404366,2095.405537,0,,0,8.40291797433753e-13,0
2092413936464_Node0_Node8_Zero,2095.41244,2095.413531,0,,0,8.738360007999999e-13,0
2092422134148_Node0_Node8_Zero,2095.4168,2095.418111,0,,0,1.302667172985753e-13,0
2092450811283_Node0_Node8_Zero,2095.448066,2095.449238,0,,0,8.2283073705e-13,0
2092459004834_Node0_Node8_Zero,2095.457827,2095.459098,0,,0,5.333995683349376e-14,3.9188539714403574e-14
2092475400494_Node0_Node8_Zero,2095.475201,2095.476452,0,,0,8.527790903504258e-14,0
2092491794645_Node0_Node8_Zero,2095.490691,2095.491802,0,,1,9.037178533012801e-13,0
2092512287120_Node0_Node8_Zero,2095.514061,2095.514061,1,Expiry,0,1.2979255841850127e-12,nan
2092520492978_Node0_Node8_Zero,2095.514061,2095.515292,0,,0,7.572525408e-13,0
2092524591712_Node0_Node8_Zero,2095.524476,2095.525567,0,,0,7.572525408e-13,0
2092536888440_Node0_Node8_Zero,2095.536066,2095.540052,0,,46,1.1658346e-13,6.557819625e-14
2092540987230_Node0_Node8_Zero,2095.538969,2095.541262,0,,0,8.738360007999999e-13,0
2092545086982_Node0_Node8_Zero,2095.545601,2095.545601,1,Expiry,0,1.306896761205219e-12,nan
2092549187146_Node0_Node8_Zero,2095.545601,2095.546672,0,,0,1.1658346e-13,6.557819625e-14
2092557381381_Node0_Node8_Zero,2095.550359,2095.55161,0,,0,8.738360007999999e-13,0
2092561480834_Node0_Node8_Zero,2095.559171,2095.561203,0,,1,9.097280669963683e-13,0
2092565579879_Node0_Node8_Zero,2095.559171,2095.561203,0,,1,9.097280669963683e-13,0
2092569678668_Node0_Node8_Zero,2095.567924,2095.570075,0,,0,3.5892066196368355e-14,2.6369681287127774e-14
2092573772108_Node0_Node8_Zero,2095.567924,2095.570075,0,,0,3.5892066196368355e-14,2.6369681287127774e-14
2092581975353_Node0_Node8_Zero,2095.582284,2095.582284,1,Expiry,0,1.3963903457048066e-12,nan
2092586070355_Node0_Node8_Zero,2095.591346,2095.591346,1,Expiry,0,1.2939546474781586e-12,nan
2092590170199_Node0_Node8_Zero,2095.591346,2095.591346,1,Expiry,0,1.2939546474781586e-12,nan
2092602465402_Node0_Node8_Zero,2095.599739,2095.60081,0,,1,8.841407315930663e-13,0
2092598371257_Node0_Node8_Zero,2095.599739,2095.599739,1,Expiry,0,1.257675552140465e-13,nan
2092610656367_Node0_Node8_Zero,2095.609294,2095.610465,0,,0,7.971513355037749e-13,0
2092618845364_Node0_Node8_Zero,2095.61588,2095.619135,0,,0,7.572525408e-13,0
2092631133833_Node0_Node8_Zero,2095.62292,2095.631736,0,,177,7.572525408e-13,0
2092622938843_Node0_Node8_Zero,2095.62292,2095.631736,0,,177,7.572525408e-13,0
2092627035105_Node0_Node8_Zero,2095.62479,2095.634651,0,,136,7.572525408e-13,0
2092639330272_Node0_Node8_Zero,2095.62479,2095.634651,0,,136,7.572525408e-13,0
2092635228346_Node0_Node8_Zero,2095.6288,2095.636521,0,,47,8.172430843423285e-13,0
2092643431246_Node0_Node8_Zero,2095.6288,2095.636521,0,,47,8.172430843423285e-13,0
2092647525739_Node0_Node8_Zero,2095.632737,2095.637631,0,,1,5.999054354232848e-14,0
2092651622316_Node0_Node8_Zero,2095.646004,2095.647996,0,,0,8.364399137063402e-13,5.067991866005776e-14
2092655718979_Node0_Node8_Zero,2095.646004,2095.647996,0,,0,8.364399137063402e-13,5.067991866005776e-14
2092659815835_Node0_Node8_Zero,2095.655651,2095.657663,0,,0,7.930860215820657e-13,0
2092663910371_Node0_Node8_Zero,2095.655651,2095.657663,0,,0,7.930860215820657e-13,0
2092672114356_Node0_Node8_Zero,2095.664025,2095.665276,0,,0,7.572525408e-13,0
2092680305522_Node0_Node8_Zero,2095.680483,2095.680483,1,Expiry,0,1.3992433444557346e-12,nan
2092696708662_Node0_Node8_Zero,2095.696362,2095.697494,0,,0,8.2283073705e-13,4.19700456e-14
2092704908186_Node0_Node8_Zero,2095.704498,2095.705869,0,,0,7.572525408e-13,0
2092745898244_Node0_Node8_Zero,2095.74413,2095.745242,0,,0,8.2283073705e-13,0
2092754097950_Node0_Node8_Zero,2095.75276,2095.753991,0,,0,7.992225864e-13,2.9145865e-14
2092770495470_Node0_Node8_Zero,2095.771499,2095.771499,1,Expiry,0,1.4203201334987483e-12,nan
2092778685037_Node0_Node8_Zero,2095.779231,2095.779231,1,Expiry,0,4.19700456e-14,nan
2092819683179_Node0_Node8_Zero,2095.817198,2095.818389,0,,0,8.2283073705e-13,4.19700456e-14
2092827885921_Node0_Node8_Zero,2095.828118,2095.828118,1,Expiry,0,4.19700456e-14,nan
2092836081960_Node0_Node8_Zero,2095.834744,2095.836055,0,,0,8.738360007999999e-13,0
2092844278784_Node0_Node8_Zero,2095.84111,2095.842421,0,,0,8.167633664645799e-13,0
2092864760391_Node0_Node8_Zero,2095.864063,2095.866416,0,,0,7.572525408e-13,0
2092868855222_Node0_Node8_Zero,2095.867519,2095.86861,0,,0,7.572525408e-13,0
2092885246126_Node0_Node8_Zero,2095.883924,2095.885196,0,,0,6.557819625e-14,4.19700456e-14
2092893440949_Node0_Node8_Zero,2095.89406,2095.89406,1,Expiry,0,1.251851141324253e-12,nan
2092901636584_Node0_Node8_Zero,2095.899033,2095.900344,0,,0,8.2283073705e-13,0
2092909833980_Node0_Node8_Zero,2095.905203,2095.906434,0,,1,9.208148517353623e-13,9.200379990114126e-14
2092922126298_Node0_Node8_Zero,2095.911683,2095.912814,0,,0,8.2283073705e-13,0
2092926228944_Node0_Node8_Zero,2095.922946,2095.924017,0,,0,8.41391712e-13,0
2092938518838_Node0_Node8_Zero,2095.929826,2095.931977,0,,0,1.2001490287536095e-13,7.680953784023101e-14
2092930325862_Node0_Node8_Zero,2095.929826,2095.931977,0,,0,1.2001490287536095e-13,7.680953784023101e-14
2092942620639_Node0_Node8_Zero,2095.943291,2095.943291,1,Expiry,0,1.4051071462388625e-12,nan
2092950819278_Node0_Node8_Zero,2095.943291,2095.944382,0,,1,8.980300926334938e-13,0
2092983617591_Node0_Node8_Zero,2095.982226,2095.983537,0,,0,1.1658346e-13,6.557819625e-14
2092991816890_Node0_Node8_Zero,2095.988038,2095.989369,0,,0,8.738360007999999e-13,0
2092995914565_Node0_Node8_Zero,2095.996853,2095.996853,1,Expiry,0,1.2386194781852081e-12,nan
2093000010146_Node0_Node8_Zero,2095.996853,2095.998225,0,,0,7.572525408e-13,0
2093114741068_Node0_Node8_Zero,2096.113706,2096.115018,0,,0,7.572525408e-13,0
2093122939066_Node0_Node8_Zero,2096.118968,2096.120159,0,,0,7.572525408e-13,0
2093155727510_Node0_Node8_Zero,2096.156696,2096.156696,1,Expiry,0,1.2305791545609242e-12,nan
2093159828000_Node0_Node8_Zero,2096.158846,2096.160918,0,,0,8.2283073705e-13,4.19700456e-14
2093163922390_Node0_Node8_Zero,2096.158846,2096.160918,0,,0,8.2283073705e-13,4.19700456e-14
2093180323932_Node0_Node8_Zero,2096.18137,2096.18137,1,Expiry,0,1.343807504341675e-12,nan
2093188519358_Node0_Node8_Zero,2096.18648,2096.187572,0,,0,6.557819625e-14,0
2093196710538_Node0_Node8_Zero,2096.19727,2096.19727,1,Expiry,0,1.2305791545609242e-12,nan
2093217196882_Node0_Node8_Zero,2096.216019,2096.217271,0,,0,1.1658346e-13,0
2093221299892_Node0_Node8_Zero,2096.219788,2096.221119,0,,0,4.19700456e-14,2.9145865e-14
2093229494954_Node0_Node8_Zero,2096.224777,2096.225949,0,,0,7.572525408e-13,0
2093282777393_Node0_Node8_Zero,2096.283265,2096.283265,1,Expiry,0,1.254187305210924e-12,nan
2093286877027_Node0_Node8_Zero,2096.288548,2096.288548,1,Expiry,0,1.146027507333975e-12,nan
2093290978810_Node0_Node8_Zero,2096.288548,2096.289819,0,,0,1.2503580446506782e-13,8.00229148576434e-14
2093311464723_Node0_Node8_Zero,2096.313057,2096.313057,1,Expiry,0,6.557819625e-14,nan
2093315559983_Node0_Node8_Zero,2096.313057,2096.314328,0,,0,7.572525408e-13,4.19700456e-14
2093323754055_Node0_Node8_Zero,2096.32352,2096.324592,0,,0,6.557819625e-14,0
2093319658940_Node0_Node8_Zero,2096.326582,2096.326582,1,Expiry,0,1.2829322044250468e-12,nan
2093327852328_Node0_Node8_Zero,2096.326582,2096.327793,0,,1,1.407775518334938e-13,0
2093336048304_Node0_Node8_Zero,2096.329862,2096.331093,0,,0,7.572525408e-13,0
2093352439164_Node0_Node8_Zero,2096.343865,2096.344956,0,,0,1.1658346e-13,0
2093356538707_Node0_Node8_Zero,2096.354695,2096.359595,0,,0,7.572525408e-13,3.0290101632e-14
2093364737140_Node0_Node8_Zero,2096.362433,2096.363544,0,,0,7.992225864e-13,0
2093360638718_Node0_Node8_Zero,2096.362433,2096.362433,1,Expiry,0,1.2305791545609242e-12,nan
2093368833580_Node0_Node8_Zero,2096.365396,2096.368649,0,,47,8.2283073705e-13,4.19700456e-14
2093372930993_Node0_Node8_Zero,2096.365396,2096.368649,0,,47,8.2283073705e-13,4.19700456e-14
2093393423650_Node0_Node8_Zero,2096.390864,2096.391936,0,,1,9.039782857638137e-13,0
2093405715115_Node0_Node8_Zero,2096.395786,2096.397038,0,,0,7.572525408e-13,0
2093413915672_Node0_Node8_Zero,2096.406149,2096.411269,0,,89,7.572525408e-13,2.9145865e-14
2093409816659_Node0_Node8_Zero,2096.410131,2096.410131,1,Expiry,0,1.04925114e-12,nan
2093418017472_Node0_Node8_Zero,2096.410131,2096.41353,0,,47,8.738360007999999e-13,0
2093422113634_Node0_Node8_Zero,2096.420924,2096.422836,0,,0,9.609132790389146e-14,6.149844985849053e-14
2093426213792_Node0_Node8_Zero,2096.420924,2096.422836,0,,0,9.609132790389146e-14,6.149844985849053e-14
2093430315931_Node0_Node8_Zero,2096.426674,2096.427866,0,,1,9.039782857638137e-13,0
2093438510863_Node0_Node8_Zero,2096.431608,2096.43371,0,,0,8.520457304732006e-13,6.066764139084842e-14
2093446705671_Node0_Node8_Zero,2096.438387,2096.439578,0,,0,7.572525408e-13,0
2093467192320_Node0_Node8_Zero,2096.460251,2096.461522,0,,0,8.738360007999999e-13,0
2093475393898_Node0_Node8_Zero,2096.465459,2096.466771,0,,0,6.557819625e-14,0
2093479487504_Node0_Node8_Zero,2096.472762,2096.474013,0,,0,7.572525408e-13,0
2093495879007_Node0_Node8_Zero,2096.496871,2096.496871,1,Expiry,0,1.04925114e-12,nan
2093512276619_Node0_Node8_Zero,2096.511968,2096.51322,0,,0,7.572525408e-13,0
2093520467251_Node0_Node8_Zero,2096.519239,2096.52045,0,,0,8.156133992232006e-13,4.28773653721474e-14
2093577840021_Node0_Node8_Zero,2096.577885,2096.577885,1,Expiry,0,1.2624222533381985e-12,nan
2093745862658_Node0_Node8_Zero,2096.745389,2096.7467,0,,0,8.386893415453048e-13,0
2093778655161_Node0_Node8_Zero,2096.77628,2096.777472,0,,0,8.156133992232006e-13,4.28773653721474e-14
2093795037739_Node0_Node8_Zero,2096.793697,2096.794948,0,,0,8.2283073705e-13,4.19700456e-14
2093803237432_Node0_Node8_Zero,2096.803666,2096.803666,1,Expiry,0,1.254187305210924e-12,nan
2093819633974_Node0_Node8_Zero,2096.81112,2096.812271,0,,1,8.844975419645388e-13,0
2093836024480_Node0_Node8_Zero,2096.836192,2096.836192,1,Expiry,0,1.4235803334360254e-12,nan
2093844218505_Node0_Node8_Zero,2096.843931,2096.845203,0,,0,8.738360007999999e-13,0
2093868812211_Node0_Node8_Zero,2096.867294,2096.870469,0,,0,8.2283073705e-13,0
2093864714228_Node0_Node8_Zero,2096.867294,2096.867294,1,Expiry,0,1.3203379233349378e-12,nan
2093877003110_Node0_Node8_Zero,2096.872307,2096.874258,0,,0,1.497035991040838e-13,8.420827449604713e-14
2093881103767_Node0_Node8_Zero,2096.872307,2096.874258,0,,0,1.497035991040838e-13,8.420827449604713e-14
2093954863490_Node0_Node8_Zero,2096.952329,2096.953401,0,,0,8.2283073705e-13,0
2093963056698_Node0_Node8_Zero,2096.960469,2096.961801,0,,0,7.572525408e-13,0
2093975348736_Node0_Node8_Zero,2096.97326,2096.974351,0,,0,1.4420867875395256e-13,1.0556743287348094e-13
2094012218946_Node0_Node8_Zero,2097.013356,2097.013356,1,Expiry,0,1.1886091089609241e-12,nan
2094036813899_Node0_Node8_Zero,2097.036027,2097.037098,0,,0,1.1658346e-13,6.557819625e-14
2094057296689_Node0_Node8_Zero,2097.057565,2097.057565,1,Expiry,0,1.254187305210924e-12,nan
2094061392172_Node0_Node8_Zero,2097.059595,2097.061727,0,,0,7.572525408e-13,0
2094065494715_Node0_Node8_Zero,2097.059595,2097.061727,0,,0,7.572525408e-13,0
2094069588582_Node0_Node8_Zero,2097.073144,2097.073144,1,Expiry,0,1.3143262503014439e-12,nan
2094073684032_Node0_Node8_Zero,2097.075194,2097.075194,1,Expiry,0,1.2201969384299538e-12,nan
2094077780448_Node0_Node8_Zero,2097.075194,2097.07833,0,,89,7.572525408e-13,0
2094081879458_Node0_Node8_Zero,2097.077204,2097.08028,0,,1,7.572525408e-13,0
2094085981871_Node0_Node8_Zero,2097.077204,2097.08028,0,,1,7.572525408e-13,0
2094090079874_Node0_Node8_Zero,2097.088907,2097.091018,0,,0,7.572525408e-13,2.6447313462411344e-14
2094094178169_Node0_Node8_Zero,2097.088907,2097.091018,0,,0,7.572525408e-13,2.6447313462411344e-14
2094102381703_Node0_Node8_Zero,2097.100192,2097.101483,0,,1,9.271759576334937e-13,0
2094110581387_Node0_Node8_Zero,2097.105149,2097.10644,0,,0,7.572525408e-13,4.19700456e-14
2094118785337_Node0_Node8_Zero,2097.121638,2097.121638,1,Expiry,0,1.2175295021176358e-12,nan
2094131077938_Node0_Node8_Zero,2097.125637,2097.128732,0,,0,4.1326962267069406e-14,0
2094122886476_Node0_Node8_Zero,2097.125637,2097.125637,1,Expiry,0,1.2116057035839751e-12,nan
2094135177060_Node0_Node8_Zero,2097.129721,2097.132004,0,,47,7.572525408e-13,0
2094143368773_Node0_Node8_Zero,2097.140566,2097.141878,0,,0,2.9145865e-14,2.1413288571428573e-14
2094151570611_Node0_Node8_Zero,2097.152245,2097.152245,1,Expiry,0,1.11482933625e-12,nan
2094159764800_Node0_Node8_Zero,2097.159322,2097.160434,0,,0,5.067991866005776e-14,0
2094176163771_Node0_Node8_Zero,2097.174505,2097.175816,0,,0,7.572525408e-13,0
2094184356322_Node0_Node8_Zero,2097.184101,2097.186294,0,,0,7.572525408e-13,0
2094188456103_Node0_Node8_Zero,2097.187456,2097.188767,0,,0,7.992225864e-13,2.9145865e-14
2094262228312_Node0_Node8_Zero,2097.259659,2097.26073,0,,0,8.2283073705e-13,0
2094274525392_Node0_Node8_Zero,2097.27884,2097.27884,1,Expiry,0,1.2177549739609242e-12,nan
2094278620200_Node0_Node8_Zero,2097.27884,2097.27884,1,Expiry,0,1.2177549739609242e-12,nan
2094282719551_Node0_Node8_Zero,2097.280882,2097.283053,0,,0,8.2283073705e-13,0
2094295009452_Node0_Node8_Zero,2097.280882,2097.283053,0,,0,8.2283073705e-13,0
2094290914409_Node0_Node8_Zero,2097.288383,2097.289674,0,,0,7.572525408e-13,0
2094299110478_Node0_Node8_Zero,2097.298381,2097.300512,0,,1,1.87756402768856e-13,2.1413288571428573e-14
2094303207470_Node0_Node8_Zero,2097.298381,2097.300512,0,,1,1.87756402768856e-13,2.1413288571428573e-14
2094311404522_Node0_Node8_Zero,2097.307393,2097.311831,0,,50,1.8602078246624128e-13,0
2094319599552_Node0_Node8_Zero,2097.317538,2097.318729,0,,0,8.2283073705e-13,0
2094327795180_Node0_Node8_Zero,2097.326336,2097.327528,0,,0,7.572525408e-13,0
2094331894300_Node0_Node8_Zero,2097.333223,2097.333223,1,Expiry,0,1.275059767699049e-12,nan
2094335990027_Node0_Node8_Zero,2097.333223,2097.334434,0,,1,8.824854606886317e-13,0
2094340088077_Node0_Node8_Zero,2097.347237,2097.347237,1,Expiry,0,5.3145124245601916e-14,nan
2094344191177_Node0_Node8_Zero,2097.347237,2097.347237,1,Expiry,0,5.3145124245601916e-14,nan
2094352388903_Node0_Node8_Zero,2097.350192,2097.357175,0,,88,7.572525408e-13,2.931340019052858e-14
2094360584340_Node0_Node8_Zero,2097.354174,2097.36111,0,,89,7.932647134861056e-13,2.6457922789791916e-14
2094356486948_Node0_Node8_Zero,2097.354174,2097.36111,0,,89,7.932647134861056e-13,2.6457922789791916e-14
2094364684475_Node0_Node8_Zero,2097.35917,2097.363,0,,1,7.572525408e-13,0
2094368785060_Node0_Node8_Zero,2097.35917,2097.363,0,,1,7.572525408e-13,0
2094393382463_Node0_Node8_Zero,2097.394048,2097.394048,1,Expiry,0,1.2237017420163352e-12,nan
2094401578487_Node0_Node8_Zero,2097.399089,2097.400301,0,,0,8.386893415453048e-13,0
2094417969840_Node0_Node8_Zero,2097.41465,2097.415942,0,,0,8.386893415453048e-13,0
2094491733665_Node0_Node8_Zero,2097.492406,2097.492406,1,Expiry,0,1.361625160346722e-12,nan
2094508134300_Node0_Node8_Zero,2097.508473,2097.508473,1,Expiry,0,1.1993674641674688e-12,nan
2094520421704_Node0_Node8_Zero,2097.522314,2097.522314,1,Expiry,0,1.2263619327692854e-12,nan
2094524520312_Node0_Node8_Zero,2097.522314,2097.523445,0,,0,7.572525408e-13,0
2094622878548_Node0_Node8_Zero,2097.622163,2097.623494,0,,0,7.992225864e-13,2.9145865e-14
2094639272001_Node0_Node8_Zero,2097.639108,2097.640359,0,,0,6.557819625e-14,4.19700456e-14
2094655665553_Node0_Node8_Zero,2097.654078,2097.655329,0,,0,7.572525408e-13,0
2094663870458_Node0_Node8_Zero,2097.662223,2097.663315,0,,0,7.572525408e-13,0
2094672062683_Node0_Node8_Zero,2097.671409,2097.67274,0,,0,7.572525408e-13,0
2094680259104_Node0_Node8_Zero,2097.679253,2097.680604,0,,0,8.502382059009061e-13,0
2094688452185_Node0_Node8_Zero,2097.684132,2097.685443,0,,0,7.572525408e-13,0
2094696647695_Node0_Node8_Zero,2097.695571,2097.696762,0,,0,8.2283073705e-13,0
2094704847758_Node0_Node8_Zero,2097.700491,2097.701642,0,,1,8.844975419645388e-13,0
2094754027015_Node0_Node8_Zero,2097.75441,2097.75441,1,Expiry,0,1.2305791545609242e-12,nan
2094758128324_Node0_Node8_Zero,2097.761977,2097.761977,1,Expiry,0,2.9145865e-14,nan
2094762223911_Node0_Node8_Zero,2097.761977,2097.763089,0,,1,8.980300926334938e-13,0
2094766320578_Node0_Node8_Zero,2097.773477,2097.773477,1,Expiry,0,6.557819625e-14,nan
2094770416993_Node0_Node8_Zero,2097.773477,2097.773477,1,Expiry,0,6.557819625e-14,nan
2094774517090_Node0_Node8_Zero,2097.775587,2097.775587,1,Expiry,0,1.2233944049205196e-12,nan
2094778613850_Node0_Node8_Zero,2097.775587,2097.778603,0,,89,7.924469287583734e-13,0
2094782708560_Node0_Node8_Zero,2097.777457,2097.780473,0,,1,3.327923618457635e-14,2.4450051074382625e-14
2094786809732_Node0_Node8_Zero,2097.777457,2097.780473,0,,1,3.327923618457635e-14,2.4450051074382625e-14
2094795003846_Node0_Node8_Zero,2097.788162,2097.789233,0,,0,4.19700456e-14,2.9145865e-14
2094799103568_Node0_Node8_Zero,2097.799082,2097.801113,0,,0,1.580421475170604e-13,6.557819625e-14
2094803198766_Node0_Node8_Zero,2097.799082,2097.801113,0,,0,1.580421475170604e-13,6.557819625e-14
2094844167495_Node0_Node8_Zero,2097.83826,2097.839371,0,,0,7.572525408e-13,0
2094856453896_Node0_Node8_Zero,2097.854904,2097.856035,0,,0,8.2283073705e-13,0
2094864656089_Node0_Node8_Zero,2097.862939,2097.864011,0,,0,8.143680074530488e-14,0
2094889264897_Node0_Node8_Zero,2097.88772,2097.888952,0,,0,6.557819625e-14,4.19700456e-14
2094897463403_Node0_Node8_Zero,2097.899394,2097.899394,1,Expiry,0,8.573935145480444e-14,nan
2094905658643_Node0_Node8_Zero,2097.903147,2097.904338,0,,0,8.41391712e-13,4.19700456e-14
2094913854101_Node0_Node8_Zero,2097.908318,2097.909549,0,,0,7.572525408e-13,0
2094922050924_Node0_Node8_Zero,2097.914105,2097.915176,0,,0,1.2001490287536095e-13,7.680953784023101e-14
2094917952497_Node0_Node8_Zero,2097.918859,2097.918859,1,Expiry,0,1.1096781608030698e-12,nan
2094934338530_Node0_Node8_Zero,2097.928957,2097.930128,0,,0,7.572525408e-13,0
2095040908220_Node0_Node8_Zero,2098.042312,2098.042312,1,Expiry,0,1.332576162751444e-12,nan
2095045004475_Node0_Node8_Zero,2098.044182,2098.046254,0,,0,7.572525408e-13,0
2095049098756_Node0_Node8_Zero,2098.044182,2098.046254,0,,0,7.572525408e-13,0
2095053195779_Node0_Node8_Zero,2098.055797,2098.055797,1,Expiry,0,1.332576162751444e-12,nan
2095057298812_Node0_Node8_Zero,2098.055797,2098.059031,0,,0,7.992225864e-13,2.9145865e-14
2095061395107_Node0_Node8_Zero,2098.060857,2098.066563,0,,89,7.572525408e-13,0
2095065491137_Node0_Node8_Zero,2098.060857,2098.066563,0,,89,7.572525408e-13,0
2095069590738_Node0_Node8_Zero,2098.064638,2098.068613,0,,1,7.572525408e-13,0
2095073692016_Node0_Node8_Zero,2098.064638,2098.068613,0,,1,7.572525408e-13,0
2095081887137_Node0_Node8_Zero,2098.074379,2098.07555,0,,0,8.2283073705e-13,0
2095085981450_Node0_Node8_Zero,2098.079429,2098.08078,0,,0,7.572525408e-13,0
2095131066375_Node0_Node8_Zero,2098.129886,2098.131157,0,,0,7.572525408e-13,0
2095139262932_Node0_Node8_Zero,2098.134627,2098.135878,0,,0,7.572525408e-13,0
2095147455029_Node0_Node8_Zero,2098.148397,2098.148397,1,Expiry,0,4.19700456e-14,nan
2095167944792_Node0_Node8_Zero,2098.167434,2098.168565,0,,0,7.572525408e-13,0
2095180241729_Node0_Node8_Zero,2098.173844,2098.175095,0,,0,8.045808246e-13,0
2095184342876_Node0_Node8_Zero,2098.182511,2098.183682,0,,0,8.738360007999999e-13,0
2095192531185_Node0_Node8_Zero,2098.187463,2098.189665,0,,0,7.87542642432e-13,0
2095204829038_Node0_Node8_Zero,2098.202568,2098.203679,0,,0,8.41391712e-13,0
2095208924772_Node0_Node8_Zero,2098.208033,2098.209365,0,,1,8.77267443675361e-13,7.680953784023101e-14
2095217116598_Node0_Node8_Zero,2098.213534,2098.214746,0,,0,8.502382059009061e-13,0
2095225308515_Node0_Node8_Zero,2098.222146,2098.223477,0,,0,7.572525408e-13,0
2095221210956_Node0_Node8_Zero,2098.222146,2098.222146,1,Expiry,0,1.3394499254861898e-12,nan
2095233505931_Node0_Node8_Zero,2098.233557,2098.233557,1,Expiry,0,8.314395998518832e-14,nan
2095237606100_Node0_Node8_Zero,2098.243543,2098.243543,1,Expiry,0,1.6086486146456633e-12,nan
2095241707287_Node0_Node8_Zero,2098.245433,2098.245433,1,Expiry,0,1.04925114e-12,nan
2095245802793_Node0_Node8_Zero,2098.245433,2098.246664,0,,0,7.572525408e-13,0
2095249896657_Node0_Node8_Zero,2098.251836,2098.251836,1,Expiry,0,1.266997966501444e-12,nan
2095253995632_Node0_Node8_Zero,2098.251836,2098.252907,0,,0,8.045808246e-13,0
2095258091635_Node0_Node8_Zero,2098.256442,2098.257633,0,,0,7.572525408e-13,0
2095290879269_Node0_Node8_Zero,2098.290531,2098.291902,0,,0,7.992225864e-13,0
2095323672925_Node0_Node8_Zero,2098.321766,2098.323118,0,,0,8.2283073705e-13,0
2095331866705_Node0_Node8_Zero,2098.333575,2098.333575,1,Expiry,0,1.2206221507288868e-12,nan
2095335962853_Node0_Node8_Zero,2098.337426,2098.337426,1,Expiry,0,1.4915298950786911e-12,nan
2095340063748_Node0_Node8_Zero,2098.337426,2098.338618,0,,0,7.572525408e-13,5.333995683349376e-14
2095368756837_Node0_Node8_Zero,2098.369293,2098.369293,1,Expiry,0,1.361625160346722e-12,nan
2095372857205_Node0_Node8_Zero,2098.370363,2098.371594,0,,0,7.572525408e-13,0
2095376956882_Node0_Node8_Zero,2098.378584,2098.378584,1,Expiry,0,1.1886091089609241e-12,nan
2095381053021_Node0_Node8_Zero,2098.378584,2098.379915,0,,0,9.298566510090616e-14,5.951082566457995e-14
2095393356666_Node0_Node8_Zero,2098.390366,2098.391658,0,,0,6.557819625e-14,4.19700456e-14
2095405654284_Node0_Node8_Zero,2098.398229,2098.39944,0,,0,8.738360007999999e-13,0
2095417955554_Node0_Node8_Zero,2098.408471,2098.409562,0,,0,8.2283073705e-13,0
2095430255160_Node0_Node8_Zero,2098.424498,2098.42585,0,,0,8.2283073705e-13,4.19700456e-14
2095434349417_Node0_Node8_Zero,2098.431738,2098.432909,0,,0,7.572525408e-13,0
2095454855794_Node0_Node8_Zero,2098.453887,2098.455158,0,,0,7.572525408e-13,0
2095458952034_Node0_Node8_Zero,2098.459091,2098.459091,1,Expiry,0,1.2459755197480945e-12,nan
2095463054534_Node0_Node8_Zero,2098.459091,2098.465249,0,,89,7.572525408e-13,0
2095467153004_Node0_Node8_Zero,2098.4641,2098.467239,0,,1,3.9898794703775013e-14,2.931340019052858e-14
2095471251876_Node0_Node8_Zero,2098.4641,2098.467239,0,,1,3.9898794703775013e-14,2.931340019052858e-14
2095475347145_Node0_Node8_Zero,2098.468214,2098.470538,0,,48,8.875583991793065e-13,8.339574936275613e-14
2095483540556_Node0_Node8_Zero,2098.477428,2098.478599,0,,0,7.572525408e-13,8.734052448957575e-14
2095508137065_Node0_Node8_Zero,2098.506782,2098.507874,0,,1,8.980300926334938e-13,7.918737290634025e-14
2095540914066_Node0_Node8_Zero,2098.541587,2098.541587,1,Expiry,0,1.254187305210924e-12,nan
2095549109767_Node0_Node8_Zero,2098.547096,2098.548407,0,,0,8.41391712e-13,0
2095557303304_Node0_Node8_Zero,2098.556427,2098.557559,0,,0,6.557819625e-14,4.19700456e-14
2095565505390_Node0_Node8_Zero,2098.566529,2098.566529,1,Expiry,0,1.2305791545609242e-12,nan
2095569604972_Node0_Node8_Zero,2098.571423,2098.571423,1,Expiry,0,1.254187305210924e-12,nan
2095573705369_Node0_Node8_Zero,2098.571423,2098.572515,0,,0,8.738360007999999e-13,0
2095577801518_Node0_Node8_Zero,2098.581173,2098.581173,1,Expiry,0,8.099489747863474e-14,nan
2095585999718_Node0_Node8_Zero,2098.581173,2098.586021,0,,49,8.382474382786348e-13,0
2095598294112_Node0_Node8_Zero,2098.601409,2098.601409,1,Expiry,0,1.2547194379783291e-12,nan
2095602394331_Node0_Node8_Zero,2098.603399,2098.603399,1,Expiry,0,4.185386326703343e-14,nan
2095610586781_Node0_Node8_Zero,2098.603399,2098.60447,0,,0,7.572525408e-13,0
2095614687869_Node0_Node8_Zero,2098.611411,2098.618394,0,,88,7.572525408e-13,0
2095622876943_Node0_Node8_Zero,2098.617311,2098.620304,0,,0,7.572525408e-13,0
2095618781274_Node0_Node8_Zero,2098.617311,2098.620304,0,,0,7.572525408e-13,0
2095631077568_Node0_Node8_Zero,2098.622287,2098.625471,0,,47,8.2283073705e-13,0
2095626979492_Node0_Node8_Zero,2098.622287,2098.625471,0,,47,8.2283073705e-13,0
2095635178329_Node0_Node8_Zero,2098.629312,2098.631463,0,,1,9.377249146499516e-13,0
2095639273308_Node0_Node8_Zero,2098.629312,2098.631463,0,,1,9.377249146499516e-13,0
2095647468717_Node0_Node8_Zero,2098.639577,2098.641818,0,,0,7.572525408e-13,0
2095655669009_Node0_Node8_Zero,2098.651728,2098.652959,0,,0,9.200379990114126e-14,5.88824319367304e-14
2095651570858_Node0_Node8_Zero,2098.651728,2098.651728,1,Expiry,0,1.2094811770140072e-12,nan
2095663866471_Node0_Node8_Zero,2098.656627,2098.657778,0,,0,6.557819625e-14,4.19700456e-14
2095667967722_Node0_Node8_Zero,2098.66915,2098.66915,1,Expiry,0,1.2094811770140072e-12,nan
2095672069269_Node0_Node8_Zero,2098.66915,2098.670321,0,,0,8.2283073705e-13,0
2095680274553_Node0_Node8_Zero,2098.679051,2098.680299,1,Expiry,1,7.572525408e-13,nan
2095692565814_Node0_Node8_Zero,2098.689193,2098.690444,0,,0,8.738360007999999e-13,0
2095684370271_Node0_Node8_Zero,2098.689193,2098.689193,1,Expiry,0,6.557819625e-14,nan
2095696661316_Node0_Node8_Zero,2098.695441,2098.696712,0,,1,8.77267443675361e-13,0
2095700757426_Node0_Node8_Zero,2098.705164,2098.705164,1,Expiry,0,1.04925114e-12,nan
2095704850842_Node0_Node8_Zero,2098.705164,2098.705164,1,Expiry,0,1.04925114e-12,nan
2095713053856_Node0_Node8_Zero,2098.715922,2098.715922,1,Expiry,0,1.3580021371860253e-12,nan
2095721250603_Node0_Node8_Zero,2098.724689,2098.724689,1,Expiry,0,1.2216304911201101e-12,nan
2095729442861_Node0_Node8_Zero,2098.728679,2098.72987,0,,0,1.2001490287536095e-13,0
2095725347889_Node0_Node8_Zero,2098.728679,2098.728679,1,Expiry,0,1.04925114e-12,nan
2095733542332_Node0_Node8_Zero,2098.733442,2098.735413,0,,0,7.572525408e-13,0
2095741748864_Node0_Node8_Zero,2098.733442,2098.735413,0,,0,7.572525408e-13,0
2095745844284_Node0_Node8_Zero,2098.740486,2098.741837,0,,0,1.497035991040838e-13,8.420827449604713e-14
2095754040035_Node0_Node8_Zero,2098.745786,2098.746918,0,,0,4.209888352999708e-14,3.0929791981222346e-14
2095758142309_Node0_Node8_Zero,2098.756277,2098.757608,0,,0,8.2283073705e-13,0
2095766336918_Node0_Node8_Zero,2098.76683,2098.76683,1,Expiry,0,1.1873544696010444e-12,nan
2095774529055_Node0_Node8_Zero,2098.771977,2098.773349,0,,0,7.572525408e-13,0
2095782721363_Node0_Node8_Zero,2098.780115,2098.781306,0,,0,8.738360007999999e-13,6.557819625e-14
2095790912717_Node0_Node8_Zero,2098.790662,2098.792888,0,,0,7.924469287583734e-13,2.585710135717233e-14
2095795008717_Node0_Node8_Zero,2098.794723,2098.797919,0,,46,3.5868040058285224e-14,2.63520294305769e-14
2095803199252_Node0_Node8_Zero,2098.794723,2098.797919,0,,46,3.5868040058285224e-14,2.63520294305769e-14
2095799102274_Node0_Node8_Zero,2098.795973,2098.798949,0,,0,7.572525408e-13,0
2095885158224_Node0_Node8_Zero,2098.884587,2098.885718,0,,0,8.2283073705e-13,4.19700456e-14
2095893360433_Node0_Node8_Zero,2098.892212,2098.893403,0,,0,8.738360007999999e-13,0
2095901561067_Node0_Node8_Zero,2098.902496,2098.902496,1,Expiry,0,7.999488767711459e-14,nan
2095913855614_Node0_Node8_Zero,2098.913266,2098.914437,0,,0,8.738360007999999e-13,0
2095917952968_Node0_Node8_Zero,2098.917921,2098.918993,0,,0,7.572525408e-13,0
2095926147867_Node0_Node8_Zero,2098.925484,2098.926775,0,,0,7.572525408e-13,0
2095991716778_Node0_Node8_Zero,2098.991159,2098.99231,0,,0,7.572525408e-13,0
2096008110621_Node0_Node8_Zero,2099.008386,2099.008386,1,Expiry,0,1.0912211856e-12,nan
2096020410071_Node0_Node8_Zero,2099.02144,2099.02144,1,Expiry,0,1.2116057035839751e-12,nan
2096024513203_Node0_Node8_Zero,2099.02144,2099.022671,0,,0,2.9145865e-14,0
2096049111913_Node0_Node8_Zero,2099.048141,2099.049333,0,,0,7.572525408e-13,0
2096073703624_Node0_Node8_Zero,2099.074149,2099.074149,1,Expiry,0,1.1751733723339751e-12,nan
2096098289461_Node0_Node8_Zero,2099.096149,2099.097441,0,,1,9.095882667127852e-13,0
2096110592406_Node0_Node8_Zero,2099.111538,2099.111538,1,Expiry,0,6.557819625e-14,nan
2096131096700_Node0_Node8_Zero,2099.129064,2099.130396,0,,0,6.557819625e-14,4.19700456e-14
2096163867000_Node0_Node8_Zero,2099.164214,2099.164214,1,Expiry,0,4.19700456e-14,nan
2096196656563_Node0_Node8_Zero,2099.196469,2099.1985,0,,0,8.738360007999999e-13,0
2096200754247_Node0_Node8_Zero,2099.196469,2099.1985,0,,0,8.738360007999999e-13,0
2096217145831_Node0_Node8_Zero,2099.219782,2099.219782,1,Expiry,0,1.2305791545609242e-12,nan
2096225341354_Node0_Node8_Zero,2099.222727,2099.223918,0,,0,7.572525408e-13,0
2096229441375_Node0_Node8_Zero,2099.229461,2099.229461,1,Expiry,0,1.1886091089609241e-12,nan
2096233535532_Node0_Node8_Zero,2099.229461,2099.230592,0,,1,9.04877885926672e-13,0
2096241740377_Node0_Node8_Zero,2099.245523,2099.245523,1,Expiry,0,1.254187305210924e-12,nan
2096249934734_Node0_Node8_Zero,2099.247453,2099.248665,0,,0,8.166618737366944e-13,0
2096245839987_Node0_Node8_Zero,2099.247453,2099.247453,1,Expiry,0,4.19700456e-14,nan
2096258123742_Node0_Node8_Zero,2099.252445,2099.253796,0,,0,8.2283073705e-13,0
2096266321071_Node0_Node8_Zero,2099.261768,2099.263679,0,,0,5.183673438632623e-14,3.599773221272655e-14
2096262222648_Node0_Node8_Zero,2099.261768,2099.263679,0,,0,5.183673438632623e-14,3.599773221272655e-14
2096270418698_Node0_Node8_Zero,2099.269466,2099.271377,0,,0,7.572525408e-13,0
2096274521326_Node0_Node8_Zero,2099.269466,2099.271377,0,,0,7.572525408e-13,0
2096327811250_Node0_Node8_Zero,2099.32816,2099.32816,1,Expiry,0,1.2542267866798478e-12,nan
2096336005837_Node0_Node8_Zero,2099.333006,2099.334337,0,,0,1.2724704952175195e-13,8.143811169392125e-14
2096352391888_Node0_Node8_Zero,2099.350961,2099.352292,0,,0,2.9145865e-14,2.1413288571428573e-14
2096360587374_Node0_Node8_Zero,2099.361115,2099.361115,1,Expiry,0,1.0912211856e-12,nan
2096368780088_Node0_Node8_Zero,2099.368666,2099.369837,0,,0,7.572525408e-13,0
2096376977242_Node0_Node8_Zero,2099.376557,2099.378932,0,,0,8.143680074530488e-14,5.655333385090617e-14
2096385172719_Node0_Node8_Zero,2099.386197,2099.386197,1,Expiry,0,6.557819625e-14,nan
2096393367766_Node0_Node8_Zero,2099.392623,2099.393734,0,,0,7.572525408e-13,0
2096401565594_Node0_Node8_Zero,2099.401728,2099.401728,1,Expiry,0,1.2305791545609242e-12,nan
2096434351797_Node0_Node8_Zero,2099.434261,2099.435572,0,,0,2.9145865e-14,0
2096446645031_Node0_Node8_Zero,2099.445282,2099.446434,0,,0,1.407775518334938e-13,7.918737290634025e-14
2096458939078_Node0_Node8_Zero,2099.457944,2099.459196,0,,0,1.1658346e-13,0
2096471238479_Node0_Node8_Zero,2099.468088,2099.46932,0,,0,1.3324673286725404e-13,8.527790903504258e-14
2096479432225_Node0_Node8_Zero,2099.476143,2099.477495,0,,0,8.502382059009061e-13,0
2096499930158_Node0_Node8_Zero,2099.49749,2099.500726,0,,0,7.572525408e-13,0
2096504030880_Node0_Node8_Zero,2099.50263,2099.504801,0,,0,8.167633664645799e-13,0
2096512226762_Node0_Node8_Zero,2099.50263,2099.504801,0,,0,8.167633664645799e-13,0
2096520422659_Node0_Node8_Zero,2099.514953,2099.516324,0,,1,9.159663073214225e-13,3.0952878260636945e-14
2096536807820_Node0_Node8_Zero,2099.536928,2099.536928,1,Expiry,0,1.2919401290192855e-12,nan
2096553196203_Node0_Node8_Zero,2099.54963,2099.550921,0,,0,8.2283073705e-13,0
2096549097798_Node0_Node8_Zero,2099.54963,2099.54963,1,Expiry,0,1.2305791545609242e-12,nan
2096561394332_Node0_Node8_Zero,2099.562697,2099.562697,1,Expiry,0,1.10876196566458e-12,nan
2096565496365_Node0_Node8_Zero,2099.564727,2099.566838,0,,0,7.680953784023101e-14,5.333995683349376e-14
2096569595443_Node0_Node8_Zero,2099.564727,2099.566838,0,,0,7.680953784023101e-14,5.333995683349376e-14
2096577793753_Node0_Node8_Zero,2099.571476,2099.572827,0,,0,8.176228768315947e-13,0
2096581895172_Node0_Node8_Zero,2099.5799,2099.581091,0,,0,6.557819625e-14,0
2096590091012_Node0_Node8_Zero,2099.584721,2099.586052,0,,0,7.572525408e-13,0
2096598283433_Node0_Node8_Zero,2099.599471,2099.599471,1,Expiry,0,4.19700456e-14,nan
2096631072758_Node0_Node8_Zero,2099.630533,2099.631724,0,,0,8.2283073705e-13,0
2096647464845_Node0_Node8_Zero,2099.646727,2099.647858,0,,0,4.19700456e-14,2.9145865e-14
2096655656949_Node0_Node8_Zero,2099.654601,2099.655733,0,,0,8.2283073705e-13,4.19700456e-14
2096676164381_Node0_Node8_Zero,2099.668297,2099.669488,0,,0,8.2283073705e-13,0
2096680258568_Node0_Node8_Zero,2099.675669,2099.67782,0,,1,8.844975419645388e-13,0
2096684355387_Node0_Node8_Zero,2099.675669,2099.67782,0,,1,8.844975419645388e-13,0
2096688453070_Node0_Node8_Zero,2099.693956,2099.693956,1,Expiry,0,3.9898794703775013e-14,nan
2096696654836_Node0_Node8_Zero,2099.693956,2099.695047,0,,0,7.572525408e-13,0
2096692553006_Node0_Node8_Zero,2099.698009,2099.698009,1,Expiry,0,1.2010937502976887e-12,nan
2096700748271_Node0_Node8_Zero,2099.698009,2099.701205,0,,89,7.931359575866584e-13,0
2096704846581_Node0_Node8_Zero,2099.700039,2099.703075,0,,1,3.587871834187773e-14,2.635987470015507e-14
2096708940309_Node0_Node8_Zero,2099.700039,2099.703075,0,,1,3.587871834187773e-14,2.635987470015507e-14
2096754016494_Node0_Node8_Zero,2099.747308,2099.748459,0,,0,7.572525408e-13,0
2096758113630_Node0_Node8_Zero,2099.754097,2099.755408,0,,0,7.992225864e-13,0
2096762215027_Node0_Node8_Zero,2099.763755,2099.763755,1,Expiry,0,1.146027507333975e-12,nan
2096766315614_Node0_Node8_Zero,2099.763755,2099.764846,0,,0,8.41391712e-13,0
2096778598207_Node0_Node8_Zero,2099.772258,2099.773549,0,,0,7.572525408e-13,0
2096782701108_Node0_Node8_Zero,2099.781435,2099.782686,0,,0,7.992225864e-13,0
2096790897753_Node0_Node8_Zero,2099.79175,2099.79175,1,Expiry,0,1.269051707264691e-12,nan
2096815490010_Node0_Node8_Zero,2099.815294,2099.816445,0,,0,8.2283073705e-13,4.19700456e-14
2096827786372_Node0_Node8_Zero,2099.825594,2099.826905,0,,0,7.992225864e-13,0
2096835979616_Node0_Node8_Zero,2099.832272,2099.833543,0,,0,7.992225864e-13,0
2096876959433_Node0_Node8_Zero,2099.881039,2099.881039,1,Expiry,0,1.2831076983676359e-12,nan
2096881056650_Node0_Node8_Zero,2099.882249,2099.882249,1,Expiry,0,1.332576162751444e-12,nan
2096893354309_Node0_Node8_Zero,2099.892761,2099.894093,0,,1,8.885644722522014e-13,0
2096889256457_Node0_Node8_Zero,2099.892761,2099.892761,1,Expiry,0,1.3983098979536455e-12,nan
2096897449556_Node0_Node8_Zero,2099.903031,2099.903031,1,Expiry,0,1.0912211856e-12,nan
2096901544672_Node0_Node8_Zero,2099.903031,2099.903031,1,Expiry,0,1.0912211856e-12,nan
2096909737257_Node0_Node8_Zero,2099.904161,2099.905273,0,,0,8.2283073705e-13,4.19700456e-14
2096917930657_Node0_Node8_Zero,2099.912427,2099.914538,0,,0,7.572525408e-13,0
2096913834240_Node0_Node8_Zero,2099.912427,2099.914538,0,,0,7.572525408e-13,0
2096922027221_Node0_Node8_Zero,2099.921443,2099.923394,0,,0,7.572525408e-13,0
2096926125394_Node0_Node8_Zero,2099.921443,2099.923394,0,,0,7.572525408e-13,0
2096934325108_Node0_Node8_Zero,2099.9266,2099.927751,0,,0,7.918737290634025e-14,0
2096942527713_Node0_Node8_Zero,2099.939334,2099.940625,0,,0,8.738360007999999e-13,0
2096938426425_Node0_Node8_Zero,2099.939334,2099.939334,1,Expiry,0,1.221181049045839e-12,nan
2096963026696_Node0_Node8_Zero,2099.963871,2099.963871,1,Expiry,0,1.332576162751444e-12,nan
2096967123048_Node0_Node8_Zero,2099.963871,2099.965002,0,,0,8.2283073705e-13,0
2096979423860_Node0_Node8_Zero,2099.979076,2099.980388,0,,0,7.572525408e-13,0
2096983520169_Node0_Node8_Zero,2099.984565,2099.984565,1,Expiry,0,1.3599836316023502e-12,nan
2097004012890_Node0_Node8_Zero,2100.002711,2100.007847,1,Expiry,91,3.484539537706415e-13,nan
2097012214180_Node0_Node8_Zero,2100.006632,2100.010774,0,,3,3.353106001614499e-14,0
2097008111142_Node0_Node8_Zero,2100.006632,2100.010774,0,,3,3.353106001614499e-14,0
2097016315612_Node0_Node8_Zero,2100.017353,2100.017353,1,Expiry,0,1.078397005e-12,nan
2097020412744_Node0_Node8_Zero,2100.017353,2100.018524,0,,0,7.863984058e-13,0
2097028605615_Node0_Node8_Zero,2100.029098,2100.029098,1,Expiry,0,6.066350088333564e-14,nan
2097213012724_Node0_Node8_Zero,2100.211829,2100.21302,0,,1,8.980300926334938e-13,0
2097221209512_Node0_Node8_Zero,2100.218391,2100.219801,0,,0,8.2283073705e-13,0
2097225310439_Node0_Node8_Zero,2100.228242,2100.228242,1,Expiry,0,1.187997552933975e-12,nan
2097229411005_Node0_Node8_Zero,2100.228242,2100.231497,0,,0,4.19700456e-14,2.9145865e-14
2097233513228_Node0_Node8_Zero,2100.233457,2100.235548,0,,0,7.939171320908059e-13,0
2097237609529_Node0_Node8_Zero,2100.233457,2100.235548,0,,0,7.939171320908059e-13,0
2097254010446_Node0_Node8_Zero,2100.257945,2100.257945,1,Expiry,0,1.1886091089609241e-12,nan
2097258110251_Node0_Node8_Zero,2100.260035,2100.260035,1,Expiry,0,1.369868877837771e-12,nan
2097262204091_Node0_Node8_Zero,2100.260035,2100.261386,0,,0,7.572525408e-13,0
2097270402217_Node0_Node8_Zero,2100.265722,2100.266873,0,,0,4.19700456e-14,2.9145865e-14
2097319584105_Node0_Node8_Zero,2100.318542,2100.319793,0,,0,6.557819625e-14,0
2097335977499_Node0_Node8_Zero,2100.333839,2100.33493,0,,0,7.992225864e-13,0
2097360562550_Node0_Node8_Zero,2100.36468,2100.36468,1,Expiry,0,1.266997966501444e-12,nan
2097364656693_Node0_Node8_Zero,2100.370428,2100.370428,1,Expiry,0,1.04925114e-12,nan
2097368755880_Node0_Node8_Zero,2100.370428,2100.370428,1,Expiry,0,1.04925114e-12,nan
2097372857331_Node0_Node8_Zero,2100.374314,2100.374314,1,Expiry,0,5.183673438632623e-14,nan
2097376951804_Node0_Node8_Zero,2100.374314,2100.375445,0,,0,8.2283073705e-13,0
2097381046203_Node0_Node8_Zero,2100.377236,2100.379228,0,,0,8.502382059009061e-13,0
2097385142091_Node0_Node8_Zero,2100.377236,2100.379228,0,,0,8.502382059009061e-13,0
2097389238570_Node0_Node8_Zero,2100.38118,2100.383091,0,,0,8.470248288834937e-13,5.745426437343601e-14
2097393336212_Node0_Node8_Zero,2100.38118,2100.383091,0,,0,8.470248288834937e-13,5.745426437343601e-14
2097397435469_Node0_Node8_Zero,2100.390836,2100.392027,0,,0,8.50079623513585e-13,0
2097401538407_Node0_Node8_Zero,2100.402551,2100.402551,1,Expiry,0,1.191784764343778e-12,nan
2097405640186_Node0_Node8_Zero,2100.402551,2100.407499,0,,89,8.3039256633753e-14,5.3145124245601916e-14
2097409743055_Node0_Node8_Zero,2100.406395,2100.409669,0,,1,7.572525408e-13,0
2097413838810_Node0_Node8_Zero,2100.406395,2100.409669,0,,1,7.572525408e-13,0
2097417939382_Node0_Node8_Zero,2100.415031,2100.416142,0,,0,8.2283073705e-13,0
2097426128820_Node0_Node8_Zero,2100.426712,2100.426712,1,Expiry,0,1.360839235649813e-12,nan
2097430225472_Node0_Node8_Zero,2100.431002,2100.431002,1,Expiry,0,1.078397005e-12,nan
2097434321997_Node0_Node8_Zero,2100.431002,2100.433395,0,,0,8.738360007999999e-13,0
2097438422496_Node0_Node8_Zero,2100.435588,2100.43684,0,,0,7.572525408e-13,2.9145865e-14
2097540898190_Node0_Node8_Zero,2100.540679,2100.54199,0,,0,4.660692538375301e-14,0
2097573672917_Node0_Node8_Zero,2100.574075,2100.574075,1,Expiry,0,6.557819625e-14,nan
2097581873034_Node0_Node8_Zero,2100.579818,2100.580889,0,,0,8.2283073705e-13,4.19700456e-14
2097585975273_Node0_Node8_Zero,2100.587461,2100.587461,1,Expiry,0,1.272748280160924e-12,nan
2097590073378_Node0_Node8_Zero,2100.587461,2100.588652,0,,1,9.197623472952927e-13,0
2097610566589_Node0_Node8_Zero,2100.611541,2100.611541,1,Expiry,0,1.254187305210924e-12,nan
2097618769044_Node0_Node8_Zero,2100.617099,2100.61847,0,,0,1.1658346e-13,6.557819625e-14
2097622864658_Node0_Node8_Zero,2100.626197,2100.626197,1,Expiry,0,1.0905781022670693e-12,nan
2097626958833_Node0_Node8_Zero,2100.626197,2100.631387,0,,89,7.572525408e-13,2.9145865e-14
2097631056334_Node0_Node8_Zero,2100.628107,2100.634402,0,,48,8.843867592470376e-13,0
2097639251101_Node0_Node8_Zero,2100.628107,2100.634402,0,,48,8.843867592470376e-13,0
2097635156053_Node0_Node8_Zero,2100.632475,2100.636679,0,,47,1.457984534232007e-13,8.201163005055039e-14
2097643352201_Node0_Node8_Zero,2100.645579,2100.645579,1,Expiry,0,1.04925114e-12,nan
2097647448000_Node0_Node8_Zero,2100.649404,2100.649404,1,Expiry,0,1.1661111136928027e-12,nan
2097651545324_Node0_Node8_Zero,2100.649404,2100.650775,0,,0,3.519438795837345e-14,9.143529760717232e-14
2097663842933_Node0_Node8_Zero,2100.65704,2100.658251,0,,0,8.164313545492102e-13,4.1096398436951515e-14
2097721228193_Node0_Node8_Zero,2100.72,2100.721292,0,,0,8.2283073705e-13,0
2097762214953_Node0_Node8_Zero,2100.763938,2100.763938,1,Expiry,0,3.9898794703775013e-14,nan
2097766316240_Node0_Node8_Zero,2100.763938,2100.765289,0,,1,9.069561399040837e-13,0
2097774512437_Node0_Node8_Zero,2100.778644,2100.778644,1,Expiry,0,1.254187305210924e-12,nan
2097782707956_Node0_Node8_Zero,2100.782653,2100.785868,0,,0,8.738360007999999e-13,6.557819625e-14
2097786809887_Node0_Node8_Zero,2100.788293,2100.788293,1,Expiry,0,1.254187305210924e-12,nan
2097790906846_Node0_Node8_Zero,2100.788293,2100.789584,0,,0,8.738360007999999e-13,0
2097799100788_Node0_Node8_Zero,2100.793492,2100.80294,0,,137,8.2283073705e-13,0
2097803200563_Node0_Node8_Zero,2100.801728,2100.808657,0,,0,7.572525408e-13,0
2097807297962_Node0_Node8_Zero,2100.801728,2100.808657,0,,0,7.572525408e-13,0
2097815493634_Node0_Node8_Zero,2100.806686,2100.809887,0,,1,8.844975419645388e-13,0
2097827789542_Node0_Node8_Zero,2100.831294,2100.831294,1,Expiry,0,4.162334407954917e-14,nan
2097831888998_Node0_Node8_Zero,2100.831294,2100.83441,0,,88,3.5958086615896257e-14,0
2097835988540_Node0_Node8_Zero,2100.833244,2100.83638,0,,0,7.90269460493359e-13,0
2097840087586_Node0_Node8_Zero,2100.833244,2100.83638,0,,0,7.90269460493359e-13,0
2097848280839_Node0_Node8_Zero,2100.847997,2100.851376,0,,46,7.572525408e-13,2.931340019052858e-14
2097856479083_Node0_Node8_Zero,2100.850169,2100.852706,0,,0,7.572525408e-13,0
2097991728883_Node0_Node8_Zero,2100.990199,2100.99155,0,,0,7.572525408e-13,0
2097999929701_Node0_Node8_Zero,2101.001005,2101.001005,1,Expiry,0,1.2912932039719606e-12,nan
2098024512836_Node0_Node8_Zero,2101.018641,2101.019872,0,,0,6.557819625e-14,0
2098028615634_Node0_Node8_Zero,2101.025211,2101.027465,0,,0,7.572525408e-13,0
2098040904280_Node0_Node8_Zero,2101.039517,2101.040648,0,,0,8.2283073705e-13,0
2098045000670_Node0_Node8_Zero,2101.046073,2101.046073,1,Expiry,0,6.121798490446338e-14,nan
2098073699879_Node0_Node8_Zero,2101.068802,2101.070173,0,,0,8.2283073705e-13,0
2098090085274_Node0_Node8_Zero,2101.092398,2101.092398,1,Expiry,0,4.19700456e-14,nan
2098098280129_Node0_Node8_Zero,2101.095492,2101.096564,0,,1,8.980300926334938e-13,0
2098102378180_Node0_Node8_Zero,2101.100316,2101.102632,0,,47,6.557819625e-14,4.19700456e-14
2098106477310_Node0_Node8_Zero,2101.101406,2101.103862,0,,1,8.2283073705e-13,0
2098155644465_Node0_Node8_Zero,2101.153644,2101.154855,0,,0,1.1658346e-13,6.557819625e-14
2098196629812_Node0_Node8_Zero,2101.193991,2101.195342,0,,0,7.572525408e-13,0
2098204831140_Node0_Node8_Zero,2101.204581,2101.205852,0,,0,4.19700456e-14,2.9145865e-14
2098217131206_Node0_Node8_Zero,2101.217991,2101.217991,1,Expiry,0,1.2850417767042331e-12,nan
2098221233538_Node0_Node8_Zero,2101.217991,2101.219262,0,,1,9.005579862636211e-13,0
2098229428479_Node0_Node8_Zero,2101.224793,2101.226724,0,,0,7.572525408e-13,0
2098225331170_Node0_Node8_Zero,2101.224793,2101.226724,0,,0,7.572525408e-13,0
2098233525927_Node0_Node8_Zero,2101.231297,2101.233453,0,,47,7.572525408e-13,0
2098237622373_Node0_Node8_Zero,2101.232327,2101.235695,0,,48,9.643266774330903e-14,6.171690735571778e-14
2098241716031_Node0_Node8_Zero,2101.243199,2101.243199,1,Expiry,0,3.9898794703775013e-14,nan
2098245814772_Node0_Node8_Zero,2101.243199,2101.244411,0,,0,7.572525408e-13,0
2098311371814_Node0_Node8_Zero,2101.311297,2101.312668,0,,0,7.572525408e-13,0
2098344156577_Node0_Node8_Zero,2101.344272,2101.344272,1,Expiry,0,1.254187305210924e-12,nan
2098352357792_Node0_Node8_Zero,2101.352239,2101.353511,0,,0,8.738360007999999e-13,0
2098360549981_Node0_Node8_Zero,2101.356602,2101.361889,0,,51,7.572525408e-13,0
2098368746157_Node0_Node8_Zero,2101.364311,2101.365602,0,,0,7.572525408e-13,0
2098393344993_Node0_Node8_Zero,2101.394066,2101.394066,1,Expiry,0,1.0912211856e-12,nan
2098397441613_Node0_Node8_Zero,2101.397788,2101.397788,1,Expiry,0,1.11482933625e-12,nan
2098401541523_Node0_Node8_Zero,2101.397788,2101.398919,0,,0,5.745426437343601e-14,3.9898794703775013e-14
2098422031129_Node0_Node8_Zero,2101.422247,2101.422247,1,Expiry,0,1.11482933625e-12,nan
2098426126708_Node0_Node8_Zero,2101.423457,2101.424828,0,,0,8.2283073705e-13,0
2098434320624_Node0_Node8_Zero,2101.4292,2101.430391,0,,0,8.403963612940891e-14,5.836085842320063e-14
2098450706179_Node0_Node8_Zero,2101.450823,2101.450823,1,Expiry,0,1.11482933625e-12,nan
2098458908350_Node0_Node8_Zero,2101.458394,2101.459765,0,,0,7.992225864e-13,0
2098467100951_Node0_Node8_Zero,2101.464571,2101.465822,0,,0,8.167633664645799e-13,0
2098540884713_Node0_Node8_Zero,2101.540582,2101.541873,0,,0,6.557819625e-14,0
2098553176196_Node0_Node8_Zero,2101.553598,2101.553598,1,Expiry,0,1.1886091089609241e-12,nan
2098557270451_Node0_Node8_Zero,2101.553598,2101.554969,0,,0,8.2283073705e-13,0
2098565471323_Node0_Node8_Zero,2101.561495,2101.562606,0,,0,8.2283073705e-13,0
2098561369389_Node0_Node8_Zero,2101.561495,2101.561495,1,Expiry,0,1.308968012101444e-12,nan
2098569574193_Node0_Node8_Zero,2101.570905,2101.570905,1,Expiry,0,1.254187305210924e-12,nan
2098573668031_Node0_Node8_Zero,2101.570905,2101.572216,0,,0,7.572525408e-13,0
2098606463548_Node0_Node8_Zero,2101.606152,2101.607283,0,,0,8.2283073705e-13,0
2098622854796_Node0_Node8_Zero,2101.622746,2101.624057,0,,0,8.738360007999999e-13,0
2098631052924_Node0_Node8_Zero,2101.628864,2101.630135,0,,0,8.2283073705e-13,0
2098635154381_Node0_Node8_Zero,2101.631087,2101.633606,0,,48,9.248623860885554e-13,0
2098643343854_Node0_Node8_Zero,2101.640231,2101.641483,0,,0,7.992225864e-13,0
2098676130503_Node0_Node8_Zero,2101.677091,2101.677091,1,Expiry,0,1.254187305210924e-12,nan
2098692515166_Node0_Node8_Zero,2101.693458,2101.693458,1,Expiry,0,1.2305791545609242e-12,nan
2098704813068_Node0_Node8_Zero,2101.70804,2101.70804,1,Expiry,0,1.254187305210924e-12,nan
2098721204256_Node0_Node8_Zero,2101.713362,2101.714433,0,,0,6.557819625e-14,0
2098733499761_Node0_Node8_Zero,2101.731013,2101.732384,0,,1,8.885644722522014e-13,8.403963612940891e-14
2098745789804_Node0_Node8_Zero,2101.747492,2101.747492,1,Expiry,0,1.254187305210924e-12,nan
2098753985826_Node0_Node8_Zero,2101.747492,2101.748603,0,,0,8.738360007999999e-13,0
2098770368713_Node0_Node8_Zero,2101.770838,2101.770838,1,Expiry,0,1.11482933625e-12,nan
2098790866242_Node0_Node8_Zero,2101.793013,2101.793013,1,Expiry,0,6.557819625e-14,nan
2098794966926_Node0_Node8_Zero,2101.793013,2101.794104,0,,0,8.2283073705e-13,0
2098799060724_Node0_Node8_Zero,2101.800295,2101.800295,1,Expiry,0,7.680953784023101e-14,nan
2098803161191_Node0_Node8_Zero,2101.800295,2101.801446,0,,0,8.167633664645799e-13,0
2098811356368_Node0_Node8_Zero,2101.808733,2101.809805,0,,0,8.738360007999999e-13,0
2098819552183_Node0_Node8_Zero,2101.816073,2101.817424,0,,0,7.572525408e-13,0
2098831844173_Node0_Node8_Zero,2101.832471,2101.832471,1,Expiry,0,1.332576162751444e-12,nan
2098835944547_Node0_Node8_Zero,2101.832471,2101.833682,0,,0,8.2283073705e-13,0
2098844146592_Node0_Node8_Zero,2101.841312,2101.842583,0,,0,7.572525408e-13,0
2098840044493_Node0_Node8_Zero,2101.841312,2101.841312,1,Expiry,0,1.2095764698866517e-12,nan
2098860531122_Node0_Node8_Zero,2101.847062,2101.848193,0,,0,7.680953784023101e-14,5.333995683349376e-14
2098868733555_Node0_Node8_Zero,2101.863386,2101.864597,0,,0,6.557819625e-14,4.19700456e-14
2098872834750_Node0_Node8_Zero,2101.873291,2101.873291,1,Expiry,0,1.1431073262291397e-12,nan
2098876934692_Node0_Node8_Zero,2101.873291,2101.874362,0,,0,8.511087270291397e-13,0
2098909729184_Node0_Node8_Zero,2101.910591,2101.910591,1,Expiry,0,4.19700456e-14,nan
2098913823761_Node0_Node8_Zero,2101.914384,2101.914384,1,Expiry,0,1.254187305210924e-12,nan
2098917922345_Node0_Node8_Zero,2101.914384,2101.915715,0,,0,8.738360007999999e-13,0
2098926125441_Node0_Node8_Zero,2101.92099,2101.922061,0,,0,7.572525408e-13,0
2098934320046_Node0_Node8_Zero,2101.928306,2101.929518,0,,0,1.1658346e-13,6.557819625e-14
2098930223009_Node0_Node8_Zero,2101.936316,2101.936316,1,Expiry,0,1.04925114e-12,nan
2098942520593_Node0_Node8_Zero,2101.936316,2101.937468,0,,1,8.77267443675361e-13,7.680953784023101e-14
2098946615723_Node0_Node8_Zero,2101.947963,2101.947963,1,Expiry,0,1.04925114e-12,nan
2098950716246_Node0_Node8_Zero,2101.947963,2101.953061,0,,89,7.572525408e-13,0
2098954812048_Node0_Node8_Zero,2101.951965,2101.955131,0,,1,6.557819625e-14,4.19700456e-14
2098958905826_Node0_Node8_Zero,2101.951965,2101.955131,0,,1,6.557819625e-14,4.19700456e-14
2098967100900_Node0_Node8_Zero,2101.963758,2101.965029,0,,1,9.241079829851374e-13,0
2098963003639_Node0_Node8_Zero,2101.963758,2101.963758,1,Expiry,0,6.557819625e-14,nan
2098975295119_Node0_Node8_Zero,2101.975603,2101.975603,1,Expiry,0,1.04925114e-12,nan
2098979390970_Node0_Node8_Zero,2101.981695,2101.981695,1,Expiry,0,1.0912211856e-12,nan
2098983491351_Node0_Node8_Zero,2101.981695,2101.983971,0,,47,5.745426437343601e-14,3.9898794703775013e-14
2098987593495_Node0_Node8_Zero,2101.982805,2101.985021,0,,1,8.14706805173436e-13,0
2099040868376_Node0_Node8_Zero,2102.041623,2102.041623,1,Expiry,0,1.1886091089609241e-12,nan
2099053167761_Node0_Node8_Zero,2102.053763,2102.053763,1,Expiry,0,1.1886091089609241e-12,nan
2099057264707_Node0_Node8_Zero,2102.053763,2102.055074,0,,0,1.1658346e-13,0
2099065462081_Node0_Node8_Zero,2102.058694,2102.059826,0,,0,8.045808246e-13,0
2099069561900_Node0_Node8_Zero,2102.071067,2102.071067,1,Expiry,0,1.11482933625e-12,nan
2099073663747_Node0_Node8_Zero,2102.071067,2102.072179,0,,0,1.1658346e-13,6.557819625e-14
2099077762035_Node0_Node8_Zero,2102.077525,2102.079736,0,,0,8.176228768315947e-13,4.1923844466385253e-14
2099081857134_Node0_Node8_Zero,2102.077525,2102.079736,0,,0,8.176228768315947e-13,4.1923844466385253e-14
2099090050313_Node0_Node8_Zero,2102.083545,2102.087824,0,,49,7.572525408e-13,0
2099098245493_Node0_Node8_Zero,2102.0934,2102.094751,0,,0,1.1658346e-13,0
2099167930210_Node0_Node8_Zero,2102.162987,2102.164918,0,,0,1.1658346e-13,6.557819625e-14
2099172029501_Node0_Node8_Zero,2102.162987,2102.164918,0,,0,1.1658346e-13,6.557819625e-14
2099180226125_Node0_Node8_Zero,2102.17517,2102.176401,0,,0,8.738360007999999e-13,0
2099176123145_Node0_Node8_Zero,2102.184017,2102.184017,1,Expiry,0,1.1886091089609241e-12,nan
2099184320243_Node0_Node8_Zero,2102.184017,2102.18608,0,,1,9.43680242335012e-13,0
2099188419332_Node0_Node8_Zero,2102.189965,2102.189965,1,Expiry,0,1.04925114e-12,nan
2099196616348_Node0_Node8_Zero,2102.189965,2102.192278,0,,0,7.572525408e-13,6.557819625e-14
2099192519139_Node0_Node8_Zero,2102.197204,2102.197204,1,Expiry,0,1.04925114e-12,nan
2099200709714_Node0_Node8_Zero,2102.200201,2102.203297,0,,47,7.572525408e-13,0
2099204807105_Node0_Node8_Zero,2102.200201,2102.203297,0,,47,7.572525408e-13,0
2099208903567_Node0_Node8_Zero,2102.201231,2102.204387,0,,1,8.14706805173436e-13,0
2099213006372_Node0_Node8_Zero,2102.209757,2102.211068,0,,1,9.225603898682775e-13,0
2099221207576_Node0_Node8_Zero,2102.222018,2102.222018,1,Expiry,0,1.2175295021176358e-12,nan
2099237604694_Node0_Node8_Zero,2102.235712,2102.236923,0,,0,7.992225864e-13,0
2099245804123_Node0_Node8_Zero,2102.2426,2102.243971,0,,0,8.738360007999999e-13,0
2099241704682_Node0_Node8_Zero,2102.2426,2102.2426,1,Expiry,0,1.1886091089609241e-12,nan
2099254005163_Node0_Node8_Zero,2102.249681,2102.252095,0,,0,5.951082566457995e-14,4.1326962267069406e-14
2099278594576_Node0_Node8_Zero,2102.277788,2102.279039,0,,0,6.557819625e-14,4.19700456e-14
2099286783094_Node0_Node8_Zero,2102.285145,2102.286377,0,,0,8.403963612940891e-14,5.836085842320063e-14
2099294982657_Node0_Node8_Zero,2102.290407,2102.291658,0,,0,5.3145124245601916e-14,3.6906336281668e-14
2099319572771_Node0_Node8_Zero,2102.320672,2102.320672,1,Expiry,0,6.557819625e-14,nan
2099323673796_Node0_Node8_Zero,2102.325343,2102.325343,1,Expiry,0,1.332576162751444e-12,nan
2099327771604_Node0_Node8_Zero,2102.325343,2102.326474,0,,0,6.557819625e-14,0
2099335960638_Node0_Node8_Zero,2102.338238,2102.338238,1,Expiry,0,4.19700456e-14,nan
2099340060270_Node0_Node8_Zero,2102.340208,2102.340208,1,Expiry,0,1.11482933625e-12,nan
2099344158395_Node0_Node8_Zero,2102.340208,2102.3413,0,,0,7.572525408e-13,4.19700456e-14
2099352359096_Node0_Node8_Zero,2102.350197,2102.351468,0,,0,8.2283073705e-13,4.19700456e-14
2099401521943_Node0_Node8_Zero,2102.400622,2102.401993,0,,0,7.572525408e-13,0
2099409722281_Node0_Node8_Zero,2102.409101,2102.410212,0,,0,8.738360007999999e-13,0
2099417918204_Node0_Node8_Zero,2102.423518,2102.423518,1,Expiry,0,1.266997966501444e-12,nan
2099426112339_Node0_Node8_Zero,2102.425428,2102.428644,0,,89,8.738360007999999e-13,0
2099422013545_Node0_Node8_Zero,2102.425428,2102.425428,1,Expiry,0,1.3124299744490564e-12,nan
2099430210328_Node0_Node8_Zero,2102.427358,2102.430554,0,,1,7.992225864e-13,0
2099434310274_Node0_Node8_Zero,2102.427358,2102.430554,0,,1,7.992225864e-13,0
2099442506958_Node0_Node8_Zero,2102.441346,2102.442497,0,,0,7.572525408e-13,0
2099495787025_Node0_Node8_Zero,2102.494613,2102.495744,0,,0,8.738360007999999e-13,0
2099503984818_Node0_Node8_Zero,2102.499957,2102.501068,0,,0,8.2283073705e-13,4.19700456e-14
2099590030148_Node0_Node8_Zero,2102.590541,2102.590541,1,Expiry,0,1.2305791545609242e-12,nan
2099594125666_Node0_Node8_Zero,2102.592691,2102.594702,0,,0,8.738360007999999e-13,0
2099598222314_Node0_Node8_Zero,2102.592691,2102.594702,0,,0,8.738360007999999e-13,0
2099602319001_Node0_Node8_Zero,2102.600848,2102.603039,0,,0,1.6356231093536223e-13,9.200379990114126e-14
2099606416740_Node0_Node8_Zero,2102.600848,2102.603039,0,,0,1.6356231093536223e-13,9.200379990114126e-14
2099614608533_Node0_Node8_Zero,2102.610836,2102.611907,0,,0,8.41391712e-13,0
2099622805797_Node0_Node8_Zero,2102.620424,2102.621515,0,,0,7.572525408e-13,0
2099639202290_Node0_Node8_Zero,2102.638332,2102.639624,0,,0,8.738360007999999e-13,0
2099651502294_Node0_Node8_Zero,2102.645237,2102.646508,0,,0,8.2283073705e-13,0
2099659704676_Node0_Node8_Zero,2102.658691,2102.659822,0,,0,7.572525408e-13,0
2099663807946_Node0_Node8_Zero,2102.660895,2102.662207,0,,0,8.090892751863262e-13,0
2099667909623_Node0_Node8_Zero,2102.670446,2102.670446,1,Expiry,0,1.4315356827523097e-12,nan
2099672010831_Node0_Node8_Zero,2102.670446,2102.671717,0,,1,8.90499273667254e-13,0
2099676110557_Node0_Node8_Zero,2102.676443,2102.676443,1,Expiry,0,1.4490122419608675e-12,nan
2099684309637_Node0_Node8_Zero,2102.676443,2102.677794,0,,0,8.738360007999999e-13,0
2099696601799_Node0_Node8_Zero,2102.697372,2102.697372,1,Expiry,0,1.4220620348142339e-12,nan
2099700704333_Node0_Node8_Zero,2102.698622,2102.699813,0,,0,6.557819625e-14,0
2099712998956_Node0_Node8_Zero,2102.710053,2102.711284,0,,0,8.738360007999999e-13,0
2099721192600_Node0_Node8_Zero,2102.716003,2102.724066,0,,49,9.225603898682775e-13,0
2099725292393_Node0_Node8_Zero,2102.725799,2102.725799,1,Expiry,0,6.557819625e-14,nan
2099733486084_Node0_Node8_Zero,2102.727869,2102.729781,0,,1,9.225603898682775e-13,0
2099729389929_Node0_Node8_Zero,2102.727869,2102.729781,0,,1,9.225603898682775e-13,0
2099741688741_Node0_Node8_Zero,2102.733752,2102.735023,0,,0,7.572525408e-13,0
2099786762393_Node0_Node8_Zero,2102.787928,2102.787928,1,Expiry,0,1.0912211856e-12,nan
2099794956981_Node0_Node8_Zero,2102.79548,2102.79548,1,Expiry,0,1.254187305210924e-12,nan
2099835940547_Node0_Node8_Zero,2102.838186,2102.838186,1,Expiry,0,1.346260727187771e-12,nan
2099840036871_Node0_Node8_Zero,2102.838186,2102.839277,0,,0,1.1658346e-13,6.557819625e-14
2099844134094_Node0_Node8_Zero,2102.842971,2102.844903,0,,0,8.179201821908484e-13,0
2099848229341_Node0_Node8_Zero,2102.842971,2102.844903,0,,0,8.179201821908484e-13,0
2099856430613_Node0_Node8_Zero,2102.848279,2102.85553,0,,94,6.042702080306975e-14,0
2099852332242_Node0_Node8_Zero,2102.854212,2102.854212,1,Expiry,0,1.3347325226182033e-12,nan
2099860529410_Node0_Node8_Zero,2102.857568,2102.858659,0,,0,6.042702080306975e-14,4.196320889102066e-14
2099901516036_Node0_Node8_Zero,2102.898008,2102.899379,0,,0,1.1658346e-13,6.557819625e-14
2099905618699_Node0_Node8_Zero,2102.90578,2102.90578,1,Expiry,0,6.557819625e-14,nan
2099909713540_Node0_Node8_Zero,2102.90578,2102.907011,0,,0,1.6379155899401996e-13,9.213275193413623e-14
2099921998396_Node0_Node8_Zero,2102.91243,2102.915848,0,,47,8.738360007999999e-13,0
2099913809652_Node0_Node8_Zero,2102.914705,2102.914705,1,Expiry,0,1.11482933625e-12,nan
2099926098386_Node0_Node8_Zero,2102.919237,2102.920429,0,,0,7.572525408e-13,0
2099930194020_Node0_Node8_Zero,2102.929888,2102.931839,0,,0,7.572525408e-13,4.19700456e-14
2099934294096_Node0_Node8_Zero,2102.929888,2102.931839,0,,0,7.572525408e-13,4.19700456e-14
2099954785653_Node0_Node8_Zero,2102.956776,2102.956776,1,Expiry,0,1.11482933625e-12,nan
2099962983473_Node0_Node8_Zero,2102.960745,2102.961956,0,,0,8.738360007999999e-13,6.557819625e-14
2099967085448_Node0_Node8_Zero,2102.969473,2102.969473,1,Expiry,0,1.11482933625e-12,nan
2099971178848_Node0_Node8_Zero,2102.969473,2102.970705,0,,0,7.572525408e-13,0
2099975276364_Node0_Node8_Zero,2102.975293,2102.975293,1,Expiry,0,1.04925114e-12,nan
2099983468534_Node0_Node8_Zero,2102.975293,2102.976545,0,,0,8.2283073705e-13,0
2099979371486_Node0_Node8_Zero,2102.989002,2102.989002,1,Expiry,0,1.266997966501444e-12,nan
2099987566604_Node0_Node8_Zero,2102.989002,2102.989002,1,Expiry,0,1.266997966501444e-12,nan
2099991665342_Node0_Node8_Zero,2102.990032,2102.993196,0,,0,7.572525408e-13,0
2099995765242_Node0_Node8_Zero,2102.996034,2102.996034,1,Expiry,0,1.04925114e-12,nan
2099999860823_Node0_Node8_Zero,2102.996034,2102.99837,0,,47,7.572525408e-13,0
2100003960446_Node0_Node8_Zero,2102.997244,2103.000412,0,,48,7.572525408e-13,0
