Transmitting_Power = 0.007663753805745297, Maximum_Transmitting_Power = 0.10059677066255387
MAX_Transmission_Range = 1223.8180011750112, MAX_Transmission_Range_Squared = 1497730.4999999998
parameters.py INITIALIZED
mobility parameters INITIALIZED
Seed: 7447
Traffic flows: 1
Trajectory Run No./ Mobility Model : TCPIPE_BSCAP_
Seed value: 7447
Mobility Model: TCPIPE_BSCAP_
Number of Nodes: 8 UAVs + 1 BS; Node Speed: 40 m/s
Data Rate: [2] Mbps
Percentage Node Failure: 0
TC_PIPE_mobility_ON: True
Transmitting_Power = 0.007663753805745297, Maximum_Transmitting_Power = 0.10059677066255387
MAX_Transmission_Range = 1223.8180011750112, MAX_Transmission_Range_Squared = 1497730.4999999998
parameters.py INITIALIZED
mobility parameters INITIALIZED
node.py: Node0 created with coordinates 0 2000 with routing power 0.007664
node.py: Node1 created with coordinates 1200 2000 with routing power 0.007664
node.py: Node2 created with coordinates 2400 2000 with routing power 0.007664
node.py: Node3 created with coordinates 3600 2000 with routing power 0.007664
node.py: Node4 created with coordinates 4800 2000 with routing power 0.007664
node.py: Node5 created with coordinates 6000 2000 with routing power 0.007664
node.py: Node6 created with coordinates 7200 2000 with routing power 0.007664
node.py: Node7 created with coordinates 8400 2000 with routing power 0.007664
node.py: Node8 created with coordinates 9600 2000 with routing power 0.007664
node.py: Node9 created with coordinates 0 0 with routing power 0.007664
SIM_TIME_MOBILITY =  2014
MAX TRANSMISSION RANGE for all nodes - mobility.py =  1223.8180011750112
DATA_RATE =  [2]  No._Nodes =  9  Map_Size =  4000 x 4000
MOBILITY PROCESS (^) and NETWORK UPDATE (rf.updateNetworkTopology(env,nodes) HAS BEEN STARTED 
Multiple Targets located at  [[2000 4000]]
main.py: Progress: 0 / 2014
main.py: Progress: 1 / 2014
main.py: Progress: 2 / 2014
main.py: Progress: 3 / 2014
main.py: Progress: 4 / 2014
main.py: Progress: 5 / 2014
main.py: Progress: 6 / 2014
main.py: Progress: 7 / 2014
main.py: Progress: 8 / 2014
main.py: Progress: 9 / 2014
main.py: Progress: 10 / 2014
main.py: Progress: 11 / 2014
main.py: Progress: 12 / 2014
main.py: Progress: 13 / 2014
main.py: Progress: 14 / 2014
main.py: Progress: 15 / 2014
main.py: Progress: 16 / 2014
main.py: Progress: 17 / 2014
main.py: Progress: 18 / 2014
main.py: Progress: 19 / 2014
main.py: Progress: 20 / 2014
main.py: Progress: 21 / 2014
main.py: Progress: 22 / 2014
main.py: Progress: 23 / 2014
main.py: Progress: 24 / 2014
main.py: Progress: 25 / 2014
main.py: Progress: 26 / 2014
main.py: Progress: 27 / 2014
main.py: Progress: 28 / 2014
main.py: Progress: 29 / 2014
main.py: Progress: 30 / 2014
main.py: Progress: 31 / 2014
main.py: Progress: 32 / 2014
main.py: Progress: 33 / 2014
main.py: Progress: 34 / 2014
main.py: Progress: 35 / 2014
main.py: Progress: 36 / 2014
main.py: Progress: 37 / 2014
main.py: Progress: 38 / 2014
main.py: Progress: 39 / 2014
main.py: Progress: 40 / 2014
main.py: Progress: 41 / 2014
main.py: Progress: 42 / 2014
main.py: Progress: 43 / 2014
main.py: Progress: 44 / 2014
main.py: Progress: 45 / 2014
main.py: Progress: 46 / 2014
main.py: Progress: 47 / 2014
main.py: Progress: 48 / 2014
main.py: Progress: 49 / 2014
main.py: Progress: 50 / 2014
main.py: Progress: 51 / 2014
main.py: Progress: 52 / 2014
main.py: Progress: 53 / 2014
main.py: Progress: 54 / 2014
main.py: Progress: 55 / 2014
main.py: Progress: 56 / 2014
main.py: Progress: 57 / 2014
main.py: Progress: 58 / 2014
main.py: Progress: 59 / 2014
main.py: Progress: 60 / 2014
main.py: Progress: 61 / 2014
main.py: Progress: 62 / 2014
main.py: Progress: 63 / 2014
main.py: Progress: 64 / 2014
main.py: Progress: 65 / 2014
main.py: Progress: 66 / 2014
main.py: Progress: 67 / 2014
main.py: Progress: 68 / 2014
main.py: Progress: 69 / 2014
main.py: Progress: 70 / 2014
main.py: Progress: 71 / 2014
main.py: Progress: 72 / 2014
main.py: Progress: 73 / 2014
main.py: Progress: 74 / 2014
main.py: Progress: 75 / 2014
main.py: Progress: 76 / 2014
main.py: Progress: 77 / 2014
main.py: Progress: 78 / 2014
main.py: Progress: 79 / 2014
main.py: Progress: 80 / 2014
main.py: Progress: 81 / 2014
main.py: Progress: 82 / 2014
main.py: Progress: 83 / 2014
main.py: Progress: 84 / 2014
main.py: Progress: 85 / 2014
main.py: Progress: 86 / 2014
main.py: Progress: 87 / 2014
main.py: Progress: 88 / 2014
main.py: Progress: 89 / 2014
main.py: Progress: 90 / 2014
main.py: Progress: 91 / 2014
main.py: Progress: 92 / 2014
main.py: Progress: 93 / 2014
main.py: Progress: 94 / 2014
main.py: Progress: 95 / 2014
main.py: Progress: 96 / 2014
main.py: Progress: 97 / 2014
main.py: Progress: 98 / 2014
main.py: Progress: 99 / 2014
main.py: Progress: 100 / 2014
main.py: Progress: 101 / 2014
main.py: Progress: 102 / 2014
main.py: Progress: 103 / 2014
main.py: Progress: 104 / 2014
main.py: Progress: 105 / 2014
main.py: Progress: 106 / 2014
main.py: Progress: 107 / 2014
main.py: Progress: 108 / 2014
main.py: Progress: 109 / 2014
main.py: Progress: 110 / 2014
main.py: Progress: 111 / 2014
main.py: Progress: 112 / 2014
main.py: Progress: 113 / 2014
main.py: Progress: 114 / 2014
main.py: Progress: 115 / 2014
main.py: Progress: 116 / 2014
main.py: Progress: 117 / 2014
main.py: Progress: 118 / 2014
main.py: Progress: 119 / 2014
main.py: Progress: 120 / 2014
main.py: Progress: 121 / 2014
main.py: Progress: 122 / 2014
main.py: Progress: 123 / 2014
main.py: Progress: 124 / 2014
main.py: Progress: 125 / 2014
main.py: Progress: 126 / 2014
main.py: Progress: 127 / 2014
main.py: Progress: 128 / 2014
main.py: Progress: 129 / 2014
main.py: Progress: 130 / 2014
main.py: Progress: 131 / 2014
main.py: Progress: 132 / 2014
main.py: Progress: 133 / 2014
main.py: Progress: 134 / 2014
main.py: Progress: 135 / 2014
main.py: Progress: 136 / 2014
main.py: Progress: 137 / 2014
main.py: Progress: 138 / 2014
main.py: Progress: 139 / 2014
main.py: Progress: 140 / 2014
main.py: Progress: 141 / 2014
main.py: Progress: 142 / 2014
main.py: Progress: 143 / 2014
main.py: Progress: 144 / 2014
main.py: Progress: 145 / 2014
main.py: Progress: 146 / 2014
main.py: Progress: 147 / 2014
main.py: Progress: 148 / 2014
main.py: Progress: 149 / 2014
main.py: Progress: 150 / 2014
main.py: Progress: 151 / 2014
main.py: Progress: 152 / 2014
main.py: Progress: 153 / 2014
main.py: Progress: 154 / 2014
main.py: Progress: 155 / 2014
main.py: Progress: 156 / 2014
main.py: Progress: 157 / 2014
main.py: Progress: 158 / 2014
main.py: Progress: 159 / 2014
main.py: Progress: 160 / 2014
main.py: Progress: 161 / 2014
main.py: Progress: 162 / 2014
main.py: Progress: 163 / 2014
main.py: Progress: 164 / 2014
main.py: Progress: 165 / 2014
main.py: Progress: 166 / 2014
main.py: Progress: 167 / 2014
main.py: Progress: 168 / 2014
main.py: Progress: 169 / 2014
main.py: Progress: 170 / 2014
main.py: Progress: 171 / 2014
main.py: Progress: 172 / 2014
main.py: Progress: 173 / 2014
main.py: Progress: 174 / 2014
main.py: Progress: 175 / 2014
main.py: Progress: 176 / 2014
main.py: Progress: 177 / 2014
main.py: Progress: 178 / 2014
main.py: Progress: 179 / 2014
main.py: Progress: 180 / 2014
main.py: Progress: 181 / 2014
main.py: Progress: 182 / 2014
main.py: Progress: 183 / 2014
main.py: Progress: 184 / 2014
main.py: Progress: 185 / 2014
main.py: Progress: 186 / 2014
main.py: Progress: 187 / 2014
main.py: Progress: 188 / 2014
main.py: Progress: 189 / 2014
main.py: Progress: 190 / 2014
main.py: Progress: 191 / 2014
main.py: Progress: 192 / 2014
main.py: Progress: 193 / 2014
main.py: Progress: 194 / 2014
main.py: Progress: 195 / 2014
main.py: Progress: 196 / 2014
main.py: Progress: 197 / 2014
main.py: Progress: 198 / 2014
main.py: Progress: 199 / 2014
main.py: Progress: 200 / 2014
main.py: Progress: 201 / 2014
main.py: Progress: 202 / 2014
main.py: Progress: 203 / 2014
main.py: Progress: 204 / 2014
main.py: Progress: 205 / 2014
main.py: Progress: 206 / 2014
main.py: Progress: 207 / 2014
main.py: Progress: 208 / 2014
main.py: Progress: 209 / 2014
main.py: Progress: 210 / 2014
main.py: Progress: 211 / 2014
main.py: Progress: 212 / 2014
main.py: Progress: 213 / 2014
main.py: Progress: 214 / 2014
main.py: Progress: 215 / 2014
main.py: Progress: 216 / 2014
main.py: Progress: 217 / 2014
main.py: Progress: 218 / 2014
main.py: Progress: 219 / 2014
main.py: Progress: 220 / 2014
main.py: Progress: 221 / 2014
main.py: Progress: 222 / 2014
main.py: Progress: 223 / 2014
main.py: Progress: 224 / 2014
main.py: Progress: 225 / 2014
main.py: Progress: 226 / 2014
main.py: Progress: 227 / 2014
main.py: Progress: 228 / 2014
main.py: Progress: 229 / 2014
main.py: Progress: 230 / 2014
main.py: Progress: 231 / 2014
main.py: Progress: 232 / 2014
main.py: Progress: 233 / 2014
main.py: Progress: 234 / 2014
main.py: Progress: 235 / 2014
main.py: Progress: 236 / 2014
main.py: Progress: 237 / 2014
main.py: Progress: 238 / 2014
main.py: Progress: 239 / 2014
main.py: Progress: 240 / 2014
main.py: Progress: 241 / 2014
main.py: Progress: 242 / 2014
main.py: Progress: 243 / 2014
main.py: Progress: 244 / 2014
main.py: Progress: 245 / 2014
main.py: Progress: 246 / 2014
main.py: Progress: 247 / 2014
main.py: Progress: 248 / 2014
main.py: Progress: 249 / 2014
main.py: Progress: 250 / 2014
main.py: Progress: 251 / 2014
main.py: Progress: 252 / 2014
main.py: Progress: 253 / 2014
main.py: Progress: 254 / 2014
main.py: Progress: 255 / 2014
main.py: Progress: 256 / 2014
main.py: Progress: 257 / 2014
main.py: Progress: 258 / 2014
main.py: Progress: 259 / 2014
main.py: Progress: 260 / 2014
main.py: Progress: 261 / 2014
main.py: Progress: 262 / 2014
main.py: Progress: 263 / 2014
main.py: Progress: 264 / 2014
main.py: Progress: 265 / 2014
main.py: Progress: 266 / 2014
main.py: Progress: 267 / 2014
main.py: Progress: 268 / 2014
main.py: Progress: 269 / 2014
main.py: Progress: 270 / 2014
main.py: Progress: 271 / 2014
main.py: Progress: 272 / 2014
main.py: Progress: 273 / 2014
main.py: Progress: 274 / 2014
main.py: Progress: 275 / 2014
main.py: Progress: 276 / 2014
main.py: Progress: 277 / 2014
main.py: Progress: 278 / 2014
main.py: Progress: 279 / 2014
main.py: Progress: 280 / 2014
main.py: Progress: 281 / 2014
main.py: Progress: 282 / 2014
main.py: Progress: 283 / 2014
main.py: Progress: 284 / 2014
main.py: Progress: 285 / 2014
main.py: Progress: 286 / 2014
main.py: Progress: 287 / 2014
main.py: Progress: 288 / 2014
main.py: Progress: 289 / 2014
main.py: Progress: 290 / 2014
main.py: Progress: 291 / 2014
main.py: Progress: 292 / 2014
main.py: Progress: 293 / 2014
main.py: Progress: 294 / 2014
main.py: Progress: 295 / 2014
main.py: Progress: 296 / 2014
main.py: Progress: 297 / 2014
main.py: Progress: 298 / 2014
main.py: Progress: 299 / 2014
main.py: Progress: 300 / 2014
main.py: Progress: 301 / 2014
main.py: Progress: 302 / 2014
main.py: Progress: 303 / 2014
main.py: Progress: 304 / 2014
main.py: Progress: 305 / 2014
main.py: Progress: 306 / 2014
main.py: Progress: 307 / 2014
main.py: Progress: 308 / 2014
main.py: Progress: 309 / 2014
main.py: Progress: 310 / 2014
main.py: Progress: 311 / 2014
main.py: Progress: 312 / 2014
main.py: Progress: 313 / 2014
main.py: Progress: 314 / 2014
main.py: Progress: 315 / 2014
main.py: Progress: 316 / 2014
main.py: Progress: 317 / 2014
main.py: Progress: 318 / 2014
main.py: Progress: 319 / 2014
main.py: Progress: 320 / 2014
main.py: Progress: 321 / 2014
main.py: Progress: 322 / 2014
main.py: Progress: 323 / 2014
main.py: Progress: 324 / 2014
main.py: Progress: 325 / 2014
main.py: Progress: 326 / 2014
main.py: Progress: 327 / 2014
main.py: Progress: 328 / 2014
main.py: Progress: 329 / 2014
main.py: Progress: 330 / 2014
main.py: Progress: 331 / 2014
main.py: Progress: 332 / 2014
main.py: Progress: 333 / 2014
main.py: Progress: 334 / 2014
main.py: Progress: 335 / 2014
main.py: Progress: 336 / 2014
main.py: Progress: 337 / 2014
main.py: Progress: 338 / 2014
main.py: Progress: 339 / 2014
main.py: Progress: 340 / 2014
main.py: Progress: 341 / 2014
main.py: Progress: 342 / 2014
main.py: Progress: 343 / 2014
main.py: Progress: 344 / 2014
main.py: Progress: 345 / 2014
main.py: Progress: 346 / 2014
main.py: Progress: 347 / 2014
main.py: Progress: 348 / 2014
main.py: Progress: 349 / 2014
main.py: Progress: 350 / 2014
main.py: Progress: 351 / 2014
main.py: Progress: 352 / 2014
main.py: Progress: 353 / 2014
main.py: Progress: 354 / 2014
main.py: Progress: 355 / 2014
main.py: Progress: 356 / 2014
main.py: Progress: 357 / 2014
main.py: Progress: 358 / 2014
main.py: Progress: 359 / 2014
main.py: Progress: 360 / 2014
main.py: Progress: 361 / 2014
main.py: Progress: 362 / 2014
main.py: Progress: 363 / 2014
main.py: Progress: 364 / 2014
main.py: Progress: 365 / 2014
main.py: Progress: 366 / 2014
main.py: Progress: 367 / 2014
main.py: Progress: 368 / 2014
main.py: Progress: 369 / 2014
main.py: Progress: 370 / 2014
main.py: Progress: 371 / 2014
main.py: Progress: 372 / 2014
main.py: Progress: 373 / 2014
main.py: Progress: 374 / 2014
main.py: Progress: 375 / 2014
main.py: Progress: 376 / 2014
main.py: Progress: 377 / 2014
main.py: Progress: 378 / 2014
main.py: Progress: 379 / 2014
main.py: Progress: 380 / 2014
main.py: Progress: 381 / 2014
main.py: Progress: 382 / 2014
main.py: Progress: 383 / 2014
main.py: Progress: 384 / 2014
main.py: Progress: 385 / 2014
main.py: Progress: 386 / 2014
main.py: Progress: 387 / 2014
main.py: Progress: 388 / 2014
main.py: Progress: 389 / 2014
main.py: Progress: 390 / 2014
main.py: Progress: 391 / 2014
main.py: Progress: 392 / 2014
main.py: Progress: 393 / 2014
main.py: Progress: 394 / 2014
main.py: Progress: 395 / 2014
main.py: Progress: 396 / 2014
main.py: Progress: 397 / 2014
main.py: Progress: 398 / 2014
main.py: Progress: 399 / 2014
main.py: Progress: 400 / 2014
main.py: Progress: 401 / 2014
main.py: Progress: 402 / 2014
main.py: Progress: 403 / 2014
main.py: Progress: 404 / 2014
main.py: Progress: 405 / 2014
main.py: Progress: 406 / 2014
main.py: Progress: 407 / 2014
main.py: Progress: 408 / 2014
main.py: Progress: 409 / 2014
main.py: Progress: 410 / 2014
main.py: Progress: 411 / 2014
main.py: Progress: 412 / 2014
main.py: Progress: 413 / 2014
main.py: Progress: 414 / 2014
main.py: Progress: 415 / 2014
main.py: Progress: 416 / 2014
main.py: Progress: 417 / 2014
main.py: Progress: 418 / 2014
main.py: Progress: 419 / 2014
main.py: Progress: 420 / 2014
main.py: Progress: 421 / 2014
main.py: Progress: 422 / 2014
main.py: Progress: 423 / 2014
main.py: Progress: 424 / 2014
main.py: Progress: 425 / 2014
main.py: Progress: 426 / 2014
main.py: Progress: 427 / 2014
main.py: Progress: 428 / 2014
main.py: Progress: 429 / 2014
main.py: Progress: 430 / 2014
main.py: Progress: 431 / 2014
main.py: Progress: 432 / 2014
main.py: Progress: 433 / 2014
main.py: Progress: 434 / 2014
main.py: Progress: 435 / 2014
main.py: Progress: 436 / 2014
main.py: Progress: 437 / 2014
main.py: Progress: 438 / 2014
main.py: Progress: 439 / 2014
main.py: Progress: 440 / 2014
main.py: Progress: 441 / 2014
main.py: Progress: 442 / 2014
main.py: Progress: 443 / 2014
main.py: Progress: 444 / 2014
main.py: Progress: 445 / 2014
main.py: Progress: 446 / 2014
main.py: Progress: 447 / 2014
main.py: Progress: 448 / 2014
main.py: Progress: 449 / 2014
main.py: Progress: 450 / 2014
main.py: Progress: 451 / 2014
main.py: Progress: 452 / 2014
main.py: Progress: 453 / 2014
main.py: Progress: 454 / 2014
main.py: Progress: 455 / 2014
main.py: Progress: 456 / 2014
main.py: Progress: 457 / 2014
main.py: Progress: 458 / 2014
main.py: Progress: 459 / 2014
main.py: Progress: 460 / 2014
main.py: Progress: 461 / 2014
main.py: Progress: 462 / 2014
main.py: Progress: 463 / 2014
main.py: Progress: 464 / 2014
main.py: Progress: 465 / 2014
main.py: Progress: 466 / 2014
main.py: Progress: 467 / 2014
main.py: Progress: 468 / 2014
main.py: Progress: 469 / 2014
main.py: Progress: 470 / 2014
main.py: Progress: 471 / 2014
main.py: Progress: 472 / 2014
main.py: Progress: 473 / 2014
main.py: Progress: 474 / 2014
main.py: Progress: 475 / 2014
main.py: Progress: 476 / 2014
main.py: Progress: 477 / 2014
main.py: Progress: 478 / 2014
main.py: Progress: 479 / 2014
main.py: Progress: 480 / 2014
main.py: Progress: 481 / 2014
main.py: Progress: 482 / 2014
main.py: Progress: 483 / 2014
main.py: Progress: 484 / 2014
main.py: Progress: 485 / 2014
main.py: Progress: 486 / 2014
main.py: Progress: 487 / 2014
main.py: Progress: 488 / 2014
main.py: Progress: 489 / 2014
main.py: Progress: 490 / 2014
main.py: Progress: 491 / 2014
main.py: Progress: 492 / 2014
main.py: Progress: 493 / 2014
main.py: Progress: 494 / 2014
main.py: Progress: 495 / 2014
main.py: Progress: 496 / 2014
main.py: Progress: 497 / 2014
main.py: Progress: 498 / 2014
main.py: Progress: 499 / 2014
main.py: Progress: 500 / 2014
main.py: Progress: 501 / 2014
main.py: Progress: 502 / 2014
main.py: Progress: 503 / 2014
main.py: Progress: 504 / 2014
main.py: Progress: 505 / 2014
main.py: Progress: 506 / 2014
main.py: Progress: 507 / 2014
main.py: Progress: 508 / 2014
main.py: Progress: 509 / 2014
main.py: Progress: 510 / 2014
main.py: Progress: 511 / 2014
main.py: Progress: 512 / 2014
main.py: Progress: 513 / 2014
main.py: Progress: 514 / 2014
main.py: Progress: 515 / 2014
main.py: Progress: 516 / 2014
main.py: Progress: 517 / 2014
main.py: Progress: 518 / 2014
main.py: Progress: 519 / 2014
main.py: Progress: 520 / 2014
main.py: Progress: 521 / 2014
main.py: Progress: 522 / 2014
main.py: Progress: 523 / 2014
main.py: Progress: 524 / 2014
main.py: Progress: 525 / 2014
main.py: Progress: 526 / 2014
main.py: Progress: 527 / 2014
main.py: Progress: 528 / 2014
main.py: Progress: 529 / 2014
main.py: Progress: 530 / 2014
main.py: Progress: 531 / 2014
main.py: Progress: 532 / 2014
main.py: Progress: 533 / 2014
main.py: Progress: 534 / 2014
main.py: Progress: 535 / 2014
main.py: Progress: 536 / 2014
main.py: Progress: 537 / 2014
main.py: Progress: 538 / 2014
main.py: Progress: 539 / 2014
main.py: Progress: 540 / 2014
main.py: Progress: 541 / 2014
main.py: Progress: 542 / 2014
main.py: Progress: 543 / 2014
main.py: Progress: 544 / 2014
main.py: Progress: 545 / 2014
main.py: Progress: 546 / 2014
main.py: Progress: 547 / 2014
main.py: Progress: 548 / 2014
main.py: Progress: 549 / 2014
main.py: Progress: 550 / 2014
main.py: Progress: 551 / 2014
main.py: Progress: 552 / 2014
main.py: Progress: 553 / 2014
main.py: Progress: 554 / 2014
main.py: Progress: 555 / 2014
main.py: Progress: 556 / 2014
main.py: Progress: 557 / 2014
main.py: Progress: 558 / 2014
main.py: Progress: 559 / 2014
main.py: Progress: 560 / 2014
main.py: Progress: 561 / 2014
main.py: Progress: 562 / 2014
main.py: Progress: 563 / 2014
main.py: Progress: 564 / 2014
main.py: Progress: 565 / 2014
main.py: Progress: 566 / 2014
main.py: Progress: 567 / 2014
main.py: Progress: 568 / 2014
main.py: Progress: 569 / 2014
main.py: Progress: 570 / 2014
main.py: Progress: 571 / 2014
main.py: Progress: 572 / 2014
main.py: Progress: 573 / 2014
main.py: Progress: 574 / 2014
main.py: Progress: 575 / 2014
main.py: Progress: 576 / 2014
main.py: Progress: 577 / 2014
main.py: Progress: 578 / 2014
main.py: Progress: 579 / 2014
main.py: Progress: 580 / 2014
main.py: Progress: 581 / 2014
main.py: Progress: 582 / 2014
main.py: Progress: 583 / 2014
main.py: Progress: 584 / 2014
main.py: Progress: 585 / 2014
main.py: Progress: 586 / 2014
main.py: Progress: 587 / 2014
main.py: Progress: 588 / 2014
main.py: Progress: 589 / 2014
main.py: Progress: 590 / 2014
main.py: Progress: 591 / 2014
main.py: Progress: 592 / 2014
main.py: Progress: 593 / 2014
main.py: Progress: 594 / 2014
main.py: Progress: 595 / 2014
main.py: Progress: 596 / 2014
main.py: Progress: 597 / 2014
main.py: Progress: 598 / 2014
main.py: Progress: 599 / 2014
main.py: Progress: 600 / 2014
main.py: Progress: 601 / 2014
main.py: Progress: 602 / 2014
main.py: Progress: 603 / 2014
main.py: Progress: 604 / 2014
main.py: Progress: 605 / 2014
main.py: Progress: 606 / 2014
main.py: Progress: 607 / 2014
main.py: Progress: 608 / 2014
main.py: Progress: 609 / 2014
main.py: Progress: 610 / 2014
main.py: Progress: 611 / 2014
main.py: Progress: 612 / 2014
main.py: Progress: 613 / 2014
main.py: Progress: 614 / 2014
main.py: Progress: 615 / 2014
main.py: Progress: 616 / 2014
main.py: Progress: 617 / 2014
main.py: Progress: 618 / 2014
main.py: Progress: 619 / 2014
main.py: Progress: 620 / 2014
main.py: Progress: 621 / 2014
main.py: Progress: 622 / 2014
main.py: Progress: 623 / 2014
main.py: Progress: 624 / 2014
main.py: Progress: 625 / 2014
main.py: Progress: 626 / 2014
main.py: Progress: 627 / 2014
main.py: Progress: 628 / 2014
main.py: Progress: 629 / 2014
main.py: Progress: 630 / 2014
main.py: Progress: 631 / 2014
main.py: Progress: 632 / 2014
main.py: Progress: 633 / 2014
main.py: Progress: 634 / 2014
main.py: Progress: 635 / 2014
main.py: Progress: 636 / 2014
main.py: Progress: 637 / 2014
main.py: Progress: 638 / 2014
main.py: Progress: 639 / 2014
main.py: Progress: 640 / 2014
main.py: Progress: 641 / 2014
main.py: Progress: 642 / 2014
main.py: Progress: 643 / 2014
main.py: Progress: 644 / 2014
main.py: Progress: 645 / 2014
main.py: Progress: 646 / 2014
main.py: Progress: 647 / 2014
main.py: Progress: 648 / 2014
main.py: Progress: 649 / 2014
main.py: Progress: 650 / 2014
main.py: Progress: 651 / 2014
main.py: Progress: 652 / 2014
main.py: Progress: 653 / 2014
main.py: Progress: 654 / 2014
main.py: Progress: 655 / 2014
main.py: Progress: 656 / 2014
main.py: Progress: 657 / 2014
main.py: Progress: 658 / 2014
main.py: Progress: 659 / 2014
main.py: Progress: 660 / 2014
main.py: Progress: 661 / 2014
main.py: Progress: 662 / 2014
main.py: Progress: 663 / 2014
main.py: Progress: 664 / 2014
main.py: Progress: 665 / 2014
main.py: Progress: 666 / 2014
main.py: Progress: 667 / 2014
main.py: Progress: 668 / 2014
main.py: Progress: 669 / 2014
main.py: Progress: 670 / 2014
main.py: Progress: 671 / 2014
main.py: Progress: 672 / 2014
main.py: Progress: 673 / 2014
main.py: Progress: 674 / 2014
main.py: Progress: 675 / 2014
main.py: Progress: 676 / 2014
main.py: Progress: 677 / 2014
main.py: Progress: 678 / 2014
main.py: Progress: 679 / 2014
main.py: Progress: 680 / 2014
main.py: Progress: 681 / 2014
main.py: Progress: 682 / 2014
main.py: Progress: 683 / 2014
main.py: Progress: 684 / 2014
main.py: Progress: 685 / 2014
main.py: Progress: 686 / 2014
main.py: Progress: 687 / 2014
main.py: Progress: 688 / 2014
main.py: Progress: 689 / 2014
main.py: Progress: 690 / 2014
main.py: Progress: 691 / 2014
main.py: Progress: 692 / 2014
main.py: Progress: 693 / 2014
main.py: Progress: 694 / 2014
main.py: Progress: 695 / 2014
main.py: Progress: 696 / 2014
main.py: Progress: 697 / 2014
main.py: Progress: 698 / 2014
main.py: Progress: 699 / 2014
main.py: Progress: 700 / 2014
main.py: Progress: 701 / 2014
main.py: Progress: 702 / 2014
main.py: Progress: 703 / 2014
main.py: Progress: 704 / 2014
main.py: Progress: 705 / 2014
main.py: Progress: 706 / 2014
main.py: Progress: 707 / 2014
main.py: Progress: 708 / 2014
main.py: Progress: 709 / 2014
main.py: Progress: 710 / 2014
main.py: Progress: 711 / 2014
main.py: Progress: 712 / 2014
main.py: Progress: 713 / 2014
main.py: Progress: 714 / 2014
main.py: Progress: 715 / 2014
main.py: Progress: 716 / 2014
main.py: Progress: 717 / 2014
main.py: Progress: 718 / 2014
main.py: Progress: 719 / 2014
main.py: Progress: 720 / 2014
main.py: Progress: 721 / 2014
main.py: Progress: 722 / 2014
main.py: Progress: 723 / 2014
main.py: Progress: 724 / 2014
main.py: Progress: 725 / 2014
main.py: Progress: 726 / 2014
main.py: Progress: 727 / 2014
main.py: Progress: 728 / 2014
main.py: Progress: 729 / 2014
main.py: Progress: 730 / 2014
main.py: Progress: 731 / 2014
main.py: Progress: 732 / 2014
main.py: Progress: 733 / 2014
main.py: Progress: 734 / 2014
main.py: Progress: 735 / 2014
main.py: Progress: 736 / 2014
main.py: Progress: 737 / 2014
main.py: Progress: 738 / 2014
main.py: Progress: 739 / 2014
main.py: Progress: 740 / 2014
main.py: Progress: 741 / 2014
main.py: Progress: 742 / 2014
main.py: Progress: 743 / 2014
main.py: Progress: 744 / 2014
main.py: Progress: 745 / 2014
main.py: Progress: 746 / 2014
main.py: Progress: 747 / 2014
main.py: Progress: 748 / 2014
main.py: Progress: 749 / 2014
main.py: Progress: 750 / 2014
main.py: Progress: 751 / 2014
main.py: Progress: 752 / 2014
main.py: Progress: 753 / 2014
main.py: Progress: 754 / 2014
main.py: Progress: 755 / 2014
main.py: Progress: 756 / 2014
main.py: Progress: 757 / 2014
main.py: Progress: 758 / 2014
main.py: Progress: 759 / 2014
main.py: Progress: 760 / 2014
main.py: Progress: 761 / 2014
main.py: Progress: 762 / 2014
main.py: Progress: 763 / 2014
main.py: Progress: 764 / 2014
main.py: Progress: 765 / 2014
main.py: Progress: 766 / 2014
main.py: Progress: 767 / 2014
main.py: Progress: 768 / 2014
main.py: Progress: 769 / 2014
main.py: Progress: 770 / 2014
main.py: Progress: 771 / 2014
main.py: Progress: 772 / 2014
main.py: Progress: 773 / 2014
main.py: Progress: 774 / 2014
main.py: Progress: 775 / 2014
main.py: Progress: 776 / 2014
main.py: Progress: 777 / 2014
main.py: Progress: 778 / 2014
main.py: Progress: 779 / 2014
main.py: Progress: 780 / 2014
main.py: Progress: 781 / 2014
main.py: Progress: 782 / 2014
main.py: Progress: 783 / 2014
main.py: Progress: 784 / 2014
main.py: Progress: 785 / 2014
main.py: Progress: 786 / 2014
main.py: Progress: 787 / 2014
main.py: Progress: 788 / 2014
main.py: Progress: 789 / 2014
main.py: Progress: 790 / 2014
main.py: Progress: 791 / 2014
main.py: Progress: 792 / 2014
main.py: Progress: 793 / 2014
main.py: Progress: 794 / 2014
main.py: Progress: 795 / 2014
main.py: Progress: 796 / 2014
main.py: Progress: 797 / 2014
main.py: Progress: 798 / 2014
main.py: Progress: 799 / 2014
main.py: Progress: 800 / 2014
main.py: Progress: 801 / 2014
main.py: Progress: 802 / 2014
main.py: Progress: 803 / 2014
main.py: Progress: 804 / 2014
main.py: Progress: 805 / 2014
main.py: Progress: 806 / 2014
main.py: Progress: 807 / 2014
main.py: Progress: 808 / 2014
main.py: Progress: 809 / 2014
main.py: Progress: 810 / 2014
main.py: Progress: 811 / 2014
main.py: Progress: 812 / 2014
main.py: Progress: 813 / 2014
main.py: Progress: 814 / 2014
main.py: Progress: 815 / 2014
main.py: Progress: 816 / 2014
main.py: Progress: 817 / 2014
main.py: Progress: 818 / 2014
main.py: Progress: 819 / 2014
main.py: Progress: 820 / 2014
main.py: Progress: 821 / 2014
main.py: Progress: 822 / 2014
main.py: Progress: 823 / 2014
main.py: Progress: 824 / 2014
main.py: Progress: 825 / 2014
main.py: Progress: 826 / 2014
main.py: Progress: 827 / 2014
main.py: Progress: 828 / 2014
main.py: Progress: 829 / 2014
main.py: Progress: 830 / 2014
main.py: Progress: 831 / 2014
main.py: Progress: 832 / 2014
main.py: Progress: 833 / 2014
main.py: Progress: 834 / 2014
main.py: Progress: 835 / 2014
main.py: Progress: 836 / 2014
main.py: Progress: 837 / 2014
main.py: Progress: 838 / 2014
main.py: Progress: 839 / 2014
main.py: Progress: 840 / 2014
main.py: Progress: 841 / 2014
main.py: Progress: 842 / 2014
main.py: Progress: 843 / 2014
main.py: Progress: 844 / 2014
main.py: Progress: 845 / 2014
main.py: Progress: 846 / 2014
main.py: Progress: 847 / 2014
main.py: Progress: 848 / 2014
main.py: Progress: 849 / 2014
main.py: Progress: 850 / 2014
main.py: Progress: 851 / 2014
main.py: Progress: 852 / 2014
main.py: Progress: 853 / 2014
main.py: Progress: 854 / 2014
main.py: Progress: 855 / 2014
main.py: Progress: 856 / 2014
main.py: Progress: 857 / 2014
main.py: Progress: 858 / 2014
main.py: Progress: 859 / 2014
main.py: Progress: 860 / 2014
main.py: Progress: 861 / 2014
main.py: Progress: 862 / 2014
main.py: Progress: 863 / 2014
main.py: Progress: 864 / 2014
main.py: Progress: 865 / 2014
main.py: Progress: 866 / 2014
main.py: Progress: 867 / 2014
main.py: Progress: 868 / 2014
main.py: Progress: 869 / 2014
main.py: Progress: 870 / 2014
main.py: Progress: 871 / 2014
main.py: Progress: 872 / 2014
main.py: Progress: 873 / 2014
main.py: Progress: 874 / 2014
main.py: Progress: 875 / 2014
main.py: Progress: 876 / 2014
main.py: Progress: 877 / 2014
main.py: Progress: 878 / 2014
main.py: Progress: 879 / 2014
main.py: Progress: 880 / 2014
main.py: Progress: 881 / 2014
main.py: Progress: 882 / 2014
main.py: Progress: 883 / 2014
main.py: Progress: 884 / 2014
main.py: Progress: 885 / 2014
main.py: Progress: 886 / 2014
main.py: Progress: 887 / 2014
main.py: Progress: 888 / 2014
main.py: Progress: 889 / 2014
main.py: Progress: 890 / 2014
main.py: Progress: 891 / 2014
main.py: Progress: 892 / 2014
main.py: Progress: 893 / 2014
main.py: Progress: 894 / 2014
main.py: Progress: 895 / 2014
main.py: Progress: 896 / 2014
main.py: Progress: 897 / 2014
main.py: Progress: 898 / 2014
main.py: Progress: 899 / 2014
main.py: Progress: 900 / 2014
main.py: Progress: 901 / 2014
main.py: Progress: 902 / 2014
main.py: Progress: 903 / 2014
main.py: Progress: 904 / 2014
main.py: Progress: 905 / 2014
main.py: Progress: 906 / 2014
main.py: Progress: 907 / 2014
main.py: Progress: 908 / 2014
main.py: Progress: 909 / 2014
main.py: Progress: 910 / 2014
main.py: Progress: 911 / 2014
main.py: Progress: 912 / 2014
main.py: Progress: 913 / 2014
main.py: Progress: 914 / 2014
main.py: Progress: 915 / 2014
main.py: Progress: 916 / 2014
main.py: Progress: 917 / 2014
main.py: Progress: 918 / 2014
main.py: Progress: 919 / 2014
main.py: Progress: 920 / 2014
main.py: Progress: 921 / 2014
main.py: Progress: 922 / 2014
main.py: Progress: 923 / 2014
main.py: Progress: 924 / 2014
main.py: Progress: 925 / 2014
main.py: Progress: 926 / 2014
main.py: Progress: 927 / 2014
main.py: Progress: 928 / 2014
main.py: Progress: 929 / 2014
main.py: Progress: 930 / 2014
main.py: Progress: 931 / 2014
main.py: Progress: 932 / 2014
main.py: Progress: 933 / 2014
main.py: Progress: 934 / 2014
main.py: Progress: 935 / 2014
main.py: Progress: 936 / 2014
main.py: Progress: 937 / 2014
main.py: Progress: 938 / 2014
main.py: Progress: 939 / 2014
main.py: Progress: 940 / 2014
main.py: Progress: 941 / 2014
main.py: Progress: 942 / 2014
main.py: Progress: 943 / 2014
main.py: Progress: 944 / 2014
main.py: Progress: 945 / 2014
main.py: Progress: 946 / 2014
main.py: Progress: 947 / 2014
main.py: Progress: 948 / 2014
main.py: Progress: 949 / 2014
main.py: Progress: 950 / 2014
main.py: Progress: 951 / 2014
main.py: Progress: 952 / 2014
main.py: Progress: 953 / 2014
main.py: Progress: 954 / 2014
main.py: Progress: 955 / 2014
main.py: Progress: 956 / 2014
main.py: Progress: 957 / 2014
main.py: Progress: 958 / 2014
main.py: Progress: 959 / 2014
main.py: Progress: 960 / 2014
main.py: Progress: 961 / 2014
main.py: Progress: 962 / 2014
main.py: Progress: 963 / 2014
main.py: Progress: 964 / 2014
main.py: Progress: 965 / 2014
main.py: Progress: 966 / 2014
main.py: Progress: 967 / 2014
main.py: Progress: 968 / 2014
main.py: Progress: 969 / 2014
main.py: Progress: 970 / 2014
main.py: Progress: 971 / 2014
main.py: Progress: 972 / 2014
main.py: Progress: 973 / 2014
main.py: Progress: 974 / 2014
main.py: Progress: 975 / 2014
main.py: Progress: 976 / 2014
main.py: Progress: 977 / 2014
main.py: Progress: 978 / 2014
main.py: Progress: 979 / 2014
main.py: Progress: 980 / 2014
main.py: Progress: 981 / 2014
main.py: Progress: 982 / 2014
main.py: Progress: 983 / 2014
main.py: Progress: 984 / 2014
main.py: Progress: 985 / 2014
main.py: Progress: 986 / 2014
main.py: Progress: 987 / 2014
main.py: Progress: 988 / 2014
main.py: Progress: 989 / 2014
main.py: Progress: 990 / 2014
main.py: Progress: 991 / 2014
main.py: Progress: 992 / 2014
main.py: Progress: 993 / 2014
main.py: Progress: 994 / 2014
main.py: Progress: 995 / 2014
main.py: Progress: 996 / 2014
main.py: Progress: 997 / 2014
main.py: Progress: 998 / 2014
main.py: Progress: 999 / 2014
main.py: Progress: 1000 / 2014
main.py: Progress: 1001 / 2014
main.py: Progress: 1002 / 2014
main.py: Progress: 1003 / 2014
main.py: Progress: 1004 / 2014
main.py: Progress: 1005 / 2014
main.py: Progress: 1006 / 2014
main.py: Progress: 1007 / 2014
main.py: Progress: 1008 / 2014
main.py: Progress: 1009 / 2014
main.py: Progress: 1010 / 2014
main.py: Progress: 1011 / 2014
main.py: Progress: 1012 / 2014
main.py: Progress: 1013 / 2014
main.py: Progress: 1014 / 2014
main.py: Progress: 1015 / 2014
main.py: Progress: 1016 / 2014
main.py: Progress: 1017 / 2014
main.py: Progress: 1018 / 2014
main.py: Progress: 1019 / 2014
main.py: Progress: 1020 / 2014
main.py: Progress: 1021 / 2014
main.py: Progress: 1022 / 2014
main.py: Progress: 1023 / 2014
main.py: Progress: 1024 / 2014
main.py: Progress: 1025 / 2014
main.py: Progress: 1026 / 2014
main.py: Progress: 1027 / 2014
main.py: Progress: 1028 / 2014
main.py: Progress: 1029 / 2014
main.py: Progress: 1030 / 2014
main.py: Progress: 1031 / 2014
main.py: Progress: 1032 / 2014
main.py: Progress: 1033 / 2014
main.py: Progress: 1034 / 2014
main.py: Progress: 1035 / 2014
main.py: Progress: 1036 / 2014
main.py: Progress: 1037 / 2014
main.py: Progress: 1038 / 2014
main.py: Progress: 1039 / 2014
main.py: Progress: 1040 / 2014
main.py: Progress: 1041 / 2014
main.py: Progress: 1042 / 2014
main.py: Progress: 1043 / 2014
main.py: Progress: 1044 / 2014
main.py: Progress: 1045 / 2014
main.py: Progress: 1046 / 2014
main.py: Progress: 1047 / 2014
main.py: Progress: 1048 / 2014
main.py: Progress: 1049 / 2014
main.py: Progress: 1050 / 2014
main.py: Progress: 1051 / 2014
main.py: Progress: 1052 / 2014
main.py: Progress: 1053 / 2014
main.py: Progress: 1054 / 2014
main.py: Progress: 1055 / 2014
main.py: Progress: 1056 / 2014
main.py: Progress: 1057 / 2014
main.py: Progress: 1058 / 2014
main.py: Progress: 1059 / 2014
main.py: Progress: 1060 / 2014
main.py: Progress: 1061 / 2014
main.py: Progress: 1062 / 2014
main.py: Progress: 1063 / 2014
main.py: Progress: 1064 / 2014
main.py: Progress: 1065 / 2014
main.py: Progress: 1066 / 2014
main.py: Progress: 1067 / 2014
main.py: Progress: 1068 / 2014
main.py: Progress: 1069 / 2014
main.py: Progress: 1070 / 2014
main.py: Progress: 1071 / 2014
main.py: Progress: 1072 / 2014
main.py: Progress: 1073 / 2014
main.py: Progress: 1074 / 2014
main.py: Progress: 1075 / 2014
main.py: Progress: 1076 / 2014
main.py: Progress: 1077 / 2014
main.py: Progress: 1078 / 2014
main.py: Progress: 1079 / 2014
main.py: Progress: 1080 / 2014
main.py: Progress: 1081 / 2014
main.py: Progress: 1082 / 2014
main.py: Progress: 1083 / 2014
main.py: Progress: 1084 / 2014
main.py: Progress: 1085 / 2014
main.py: Progress: 1086 / 2014
main.py: Progress: 1087 / 2014
main.py: Progress: 1088 / 2014
main.py: Progress: 1089 / 2014
main.py: Progress: 1090 / 2014
main.py: Progress: 1091 / 2014
main.py: Progress: 1092 / 2014
main.py: Progress: 1093 / 2014
main.py: Progress: 1094 / 2014
main.py: Progress: 1095 / 2014
main.py: Progress: 1096 / 2014
main.py: Progress: 1097 / 2014
main.py: Progress: 1098 / 2014
main.py: Progress: 1099 / 2014
main.py: Progress: 1100 / 2014
main.py: Progress: 1101 / 2014
main.py: Progress: 1102 / 2014
main.py: Progress: 1103 / 2014
main.py: Progress: 1104 / 2014
main.py: Progress: 1105 / 2014
main.py: Progress: 1106 / 2014
main.py: Progress: 1107 / 2014
main.py: Progress: 1108 / 2014
main.py: Progress: 1109 / 2014
main.py: Progress: 1110 / 2014
main.py: Progress: 1111 / 2014
main.py: Progress: 1112 / 2014
main.py: Progress: 1113 / 2014
main.py: Progress: 1114 / 2014
main.py: Progress: 1115 / 2014
main.py: Progress: 1116 / 2014
main.py: Progress: 1117 / 2014
main.py: Progress: 1118 / 2014
main.py: Progress: 1119 / 2014
main.py: Progress: 1120 / 2014
main.py: Progress: 1121 / 2014
main.py: Progress: 1122 / 2014
main.py: Progress: 1123 / 2014
main.py: Progress: 1124 / 2014
main.py: Progress: 1125 / 2014
main.py: Progress: 1126 / 2014
main.py: Progress: 1127 / 2014
main.py: Progress: 1128 / 2014
main.py: Progress: 1129 / 2014
main.py: Progress: 1130 / 2014
main.py: Progress: 1131 / 2014
main.py: Progress: 1132 / 2014
main.py: Progress: 1133 / 2014
main.py: Progress: 1134 / 2014
main.py: Progress: 1135 / 2014
main.py: Progress: 1136 / 2014
main.py: Progress: 1137 / 2014
main.py: Progress: 1138 / 2014
main.py: Progress: 1139 / 2014
main.py: Progress: 1140 / 2014
main.py: Progress: 1141 / 2014
main.py: Progress: 1142 / 2014
main.py: Progress: 1143 / 2014
main.py: Progress: 1144 / 2014
main.py: Progress: 1145 / 2014
main.py: Progress: 1146 / 2014
main.py: Progress: 1147 / 2014
main.py: Progress: 1148 / 2014
main.py: Progress: 1149 / 2014
main.py: Progress: 1150 / 2014
main.py: Progress: 1151 / 2014
main.py: Progress: 1152 / 2014
main.py: Progress: 1153 / 2014
main.py: Progress: 1154 / 2014
main.py: Progress: 1155 / 2014
main.py: Progress: 1156 / 2014
main.py: Progress: 1157 / 2014
main.py: Progress: 1158 / 2014
main.py: Progress: 1159 / 2014
main.py: Progress: 1160 / 2014
main.py: Progress: 1161 / 2014
main.py: Progress: 1162 / 2014
main.py: Progress: 1163 / 2014
main.py: Progress: 1164 / 2014
main.py: Progress: 1165 / 2014
main.py: Progress: 1166 / 2014
main.py: Progress: 1167 / 2014
main.py: Progress: 1168 / 2014
main.py: Progress: 1169 / 2014
main.py: Progress: 1170 / 2014
main.py: Progress: 1171 / 2014
main.py: Progress: 1172 / 2014
main.py: Progress: 1173 / 2014
main.py: Progress: 1174 / 2014
main.py: Progress: 1175 / 2014
main.py: Progress: 1176 / 2014
main.py: Progress: 1177 / 2014
main.py: Progress: 1178 / 2014
main.py: Progress: 1179 / 2014
main.py: Progress: 1180 / 2014
main.py: Progress: 1181 / 2014
main.py: Progress: 1182 / 2014
main.py: Progress: 1183 / 2014
main.py: Progress: 1184 / 2014
main.py: Progress: 1185 / 2014
main.py: Progress: 1186 / 2014
main.py: Progress: 1187 / 2014
main.py: Progress: 1188 / 2014
main.py: Progress: 1189 / 2014
main.py: Progress: 1190 / 2014
main.py: Progress: 1191 / 2014
main.py: Progress: 1192 / 2014
main.py: Progress: 1193 / 2014
main.py: Progress: 1194 / 2014
main.py: Progress: 1195 / 2014
main.py: Progress: 1196 / 2014
main.py: Progress: 1197 / 2014
main.py: Progress: 1198 / 2014
main.py: Progress: 1199 / 2014
main.py: Progress: 1200 / 2014
main.py: Progress: 1201 / 2014
main.py: Progress: 1202 / 2014
main.py: Progress: 1203 / 2014
main.py: Progress: 1204 / 2014
main.py: Progress: 1205 / 2014
main.py: Progress: 1206 / 2014
main.py: Progress: 1207 / 2014
main.py: Progress: 1208 / 2014
main.py: Progress: 1209 / 2014
main.py: Progress: 1210 / 2014
main.py: Progress: 1211 / 2014
main.py: Progress: 1212 / 2014
main.py: Progress: 1213 / 2014
main.py: Progress: 1214 / 2014
main.py: Progress: 1215 / 2014
main.py: Progress: 1216 / 2014
main.py: Progress: 1217 / 2014
main.py: Progress: 1218 / 2014
main.py: Progress: 1219 / 2014
main.py: Progress: 1220 / 2014
main.py: Progress: 1221 / 2014
main.py: Progress: 1222 / 2014
main.py: Progress: 1223 / 2014
main.py: Progress: 1224 / 2014
main.py: Progress: 1225 / 2014
main.py: Progress: 1226 / 2014
main.py: Progress: 1227 / 2014
main.py: Progress: 1228 / 2014
main.py: Progress: 1229 / 2014
main.py: Progress: 1230 / 2014
main.py: Progress: 1231 / 2014
main.py: Progress: 1232 / 2014
main.py: Progress: 1233 / 2014
main.py: Progress: 1234 / 2014
main.py: Progress: 1235 / 2014
main.py: Progress: 1236 / 2014
main.py: Progress: 1237 / 2014
main.py: Progress: 1238 / 2014
main.py: Progress: 1239 / 2014
main.py: Progress: 1240 / 2014
main.py: Progress: 1241 / 2014
main.py: Progress: 1242 / 2014
main.py: Progress: 1243 / 2014
main.py: Progress: 1244 / 2014
main.py: Progress: 1245 / 2014
main.py: Progress: 1246 / 2014
main.py: Progress: 1247 / 2014
main.py: Progress: 1248 / 2014
main.py: Progress: 1249 / 2014
main.py: Progress: 1250 / 2014
main.py: Progress: 1251 / 2014
main.py: Progress: 1252 / 2014
main.py: Progress: 1253 / 2014
main.py: Progress: 1254 / 2014
main.py: Progress: 1255 / 2014
main.py: Progress: 1256 / 2014
main.py: Progress: 1257 / 2014
main.py: Progress: 1258 / 2014
main.py: Progress: 1259 / 2014
main.py: Progress: 1260 / 2014
main.py: Progress: 1261 / 2014
main.py: Progress: 1262 / 2014
main.py: Progress: 1263 / 2014
main.py: Progress: 1264 / 2014
main.py: Progress: 1265 / 2014
main.py: Progress: 1266 / 2014
main.py: Progress: 1267 / 2014
main.py: Progress: 1268 / 2014
main.py: Progress: 1269 / 2014
main.py: Progress: 1270 / 2014
main.py: Progress: 1271 / 2014
main.py: Progress: 1272 / 2014
main.py: Progress: 1273 / 2014
main.py: Progress: 1274 / 2014
main.py: Progress: 1275 / 2014
main.py: Progress: 1276 / 2014
main.py: Progress: 1277 / 2014
main.py: Progress: 1278 / 2014
main.py: Progress: 1279 / 2014
main.py: Progress: 1280 / 2014
main.py: Progress: 1281 / 2014
main.py: Progress: 1282 / 2014
main.py: Progress: 1283 / 2014
main.py: Progress: 1284 / 2014
main.py: Progress: 1285 / 2014
main.py: Progress: 1286 / 2014
main.py: Progress: 1287 / 2014
main.py: Progress: 1288 / 2014
main.py: Progress: 1289 / 2014
main.py: Progress: 1290 / 2014
main.py: Progress: 1291 / 2014
main.py: Progress: 1292 / 2014
main.py: Progress: 1293 / 2014
main.py: Progress: 1294 / 2014
main.py: Progress: 1295 / 2014
main.py: Progress: 1296 / 2014
main.py: Progress: 1297 / 2014
main.py: Progress: 1298 / 2014
main.py: Progress: 1299 / 2014
main.py: Progress: 1300 / 2014
main.py: Progress: 1301 / 2014
main.py: Progress: 1302 / 2014
main.py: Progress: 1303 / 2014
main.py: Progress: 1304 / 2014
main.py: Progress: 1305 / 2014
main.py: Progress: 1306 / 2014
main.py: Progress: 1307 / 2014
main.py: Progress: 1308 / 2014
main.py: Progress: 1309 / 2014
main.py: Progress: 1310 / 2014
main.py: Progress: 1311 / 2014
main.py: Progress: 1312 / 2014
main.py: Progress: 1313 / 2014
main.py: Progress: 1314 / 2014
main.py: Progress: 1315 / 2014
main.py: Progress: 1316 / 2014
main.py: Progress: 1317 / 2014
main.py: Progress: 1318 / 2014
main.py: Progress: 1319 / 2014
main.py: Progress: 1320 / 2014
main.py: Progress: 1321 / 2014
main.py: Progress: 1322 / 2014
main.py: Progress: 1323 / 2014
main.py: Progress: 1324 / 2014
main.py: Progress: 1325 / 2014
main.py: Progress: 1326 / 2014
main.py: Progress: 1327 / 2014
main.py: Progress: 1328 / 2014
main.py: Progress: 1329 / 2014
main.py: Progress: 1330 / 2014
main.py: Progress: 1331 / 2014
main.py: Progress: 1332 / 2014
main.py: Progress: 1333 / 2014
main.py: Progress: 1334 / 2014
main.py: Progress: 1335 / 2014
main.py: Progress: 1336 / 2014
main.py: Progress: 1337 / 2014
main.py: Progress: 1338 / 2014
main.py: Progress: 1339 / 2014
main.py: Progress: 1340 / 2014
main.py: Progress: 1341 / 2014
main.py: Progress: 1342 / 2014
main.py: Progress: 1343 / 2014
main.py: Progress: 1344 / 2014
main.py: Progress: 1345 / 2014
main.py: Progress: 1346 / 2014
main.py: Progress: 1347 / 2014
main.py: Progress: 1348 / 2014
main.py: Progress: 1349 / 2014
main.py: Progress: 1350 / 2014
main.py: Progress: 1351 / 2014
main.py: Progress: 1352 / 2014
main.py: Progress: 1353 / 2014
main.py: Progress: 1354 / 2014
main.py: Progress: 1355 / 2014
main.py: Progress: 1356 / 2014
main.py: Progress: 1357 / 2014
main.py: Progress: 1358 / 2014
main.py: Progress: 1359 / 2014
main.py: Progress: 1360 / 2014
main.py: Progress: 1361 / 2014
main.py: Progress: 1362 / 2014
main.py: Progress: 1363 / 2014
main.py: Progress: 1364 / 2014
main.py: Progress: 1365 / 2014
main.py: Progress: 1366 / 2014
main.py: Progress: 1367 / 2014
main.py: Progress: 1368 / 2014
main.py: Progress: 1369 / 2014
main.py: Progress: 1370 / 2014
main.py: Progress: 1371 / 2014
main.py: Progress: 1372 / 2014
main.py: Progress: 1373 / 2014
main.py: Progress: 1374 / 2014
main.py: Progress: 1375 / 2014
main.py: Progress: 1376 / 2014
main.py: Progress: 1377 / 2014
main.py: Progress: 1378 / 2014
main.py: Progress: 1379 / 2014
main.py: Progress: 1380 / 2014
main.py: Progress: 1381 / 2014
main.py: Progress: 1382 / 2014
main.py: Progress: 1383 / 2014
main.py: Progress: 1384 / 2014
main.py: Progress: 1385 / 2014
main.py: Progress: 1386 / 2014
main.py: Progress: 1387 / 2014
main.py: Progress: 1388 / 2014
main.py: Progress: 1389 / 2014
main.py: Progress: 1390 / 2014
main.py: Progress: 1391 / 2014
main.py: Progress: 1392 / 2014
main.py: Progress: 1393 / 2014
main.py: Progress: 1394 / 2014
main.py: Progress: 1395 / 2014
main.py: Progress: 1396 / 2014
main.py: Progress: 1397 / 2014
main.py: Progress: 1398 / 2014
main.py: Progress: 1399 / 2014
main.py: Progress: 1400 / 2014
main.py: Progress: 1401 / 2014
main.py: Progress: 1402 / 2014
main.py: Progress: 1403 / 2014
main.py: Progress: 1404 / 2014
main.py: Progress: 1405 / 2014
main.py: Progress: 1406 / 2014
main.py: Progress: 1407 / 2014
main.py: Progress: 1408 / 2014
main.py: Progress: 1409 / 2014
main.py: Progress: 1410 / 2014
main.py: Progress: 1411 / 2014
main.py: Progress: 1412 / 2014
main.py: Progress: 1413 / 2014
main.py: Progress: 1414 / 2014
main.py: Progress: 1415 / 2014
main.py: Progress: 1416 / 2014
main.py: Progress: 1417 / 2014
main.py: Progress: 1418 / 2014
main.py: Progress: 1419 / 2014
main.py: Progress: 1420 / 2014
main.py: Progress: 1421 / 2014
main.py: Progress: 1422 / 2014
main.py: Progress: 1423 / 2014
main.py: Progress: 1424 / 2014
main.py: Progress: 1425 / 2014
main.py: Progress: 1426 / 2014
main.py: Progress: 1427 / 2014
main.py: Progress: 1428 / 2014
main.py: Progress: 1429 / 2014
main.py: Progress: 1430 / 2014
main.py: Progress: 1431 / 2014
main.py: Progress: 1432 / 2014
main.py: Progress: 1433 / 2014
main.py: Progress: 1434 / 2014
main.py: Progress: 1435 / 2014
main.py: Progress: 1436 / 2014
main.py: Progress: 1437 / 2014
main.py: Progress: 1438 / 2014
main.py: Progress: 1439 / 2014
main.py: Progress: 1440 / 2014
main.py: Progress: 1441 / 2014
main.py: Progress: 1442 / 2014
main.py: Progress: 1443 / 2014
main.py: Progress: 1444 / 2014
main.py: Progress: 1445 / 2014
main.py: Progress: 1446 / 2014
main.py: Progress: 1447 / 2014
main.py: Progress: 1448 / 2014
main.py: Progress: 1449 / 2014
main.py: Progress: 1450 / 2014
main.py: Progress: 1451 / 2014
main.py: Progress: 1452 / 2014
main.py: Progress: 1453 / 2014
main.py: Progress: 1454 / 2014
main.py: Progress: 1455 / 2014
main.py: Progress: 1456 / 2014
main.py: Progress: 1457 / 2014
main.py: Progress: 1458 / 2014
main.py: Progress: 1459 / 2014
main.py: Progress: 1460 / 2014
main.py: Progress: 1461 / 2014
main.py: Progress: 1462 / 2014
main.py: Progress: 1463 / 2014
main.py: Progress: 1464 / 2014
main.py: Progress: 1465 / 2014
main.py: Progress: 1466 / 2014
main.py: Progress: 1467 / 2014
main.py: Progress: 1468 / 2014
main.py: Progress: 1469 / 2014
main.py: Progress: 1470 / 2014
main.py: Progress: 1471 / 2014
main.py: Progress: 1472 / 2014
main.py: Progress: 1473 / 2014
main.py: Progress: 1474 / 2014
main.py: Progress: 1475 / 2014
main.py: Progress: 1476 / 2014
main.py: Progress: 1477 / 2014
main.py: Progress: 1478 / 2014
main.py: Progress: 1479 / 2014
main.py: Progress: 1480 / 2014
main.py: Progress: 1481 / 2014
main.py: Progress: 1482 / 2014
main.py: Progress: 1483 / 2014
main.py: Progress: 1484 / 2014
main.py: Progress: 1485 / 2014
main.py: Progress: 1486 / 2014
main.py: Progress: 1487 / 2014
main.py: Progress: 1488 / 2014
main.py: Progress: 1489 / 2014
main.py: Progress: 1490 / 2014
main.py: Progress: 1491 / 2014
main.py: Progress: 1492 / 2014
main.py: Progress: 1493 / 2014
main.py: Progress: 1494 / 2014
main.py: Progress: 1495 / 2014
main.py: Progress: 1496 / 2014
main.py: Progress: 1497 / 2014
main.py: Progress: 1498 / 2014
main.py: Progress: 1499 / 2014
main.py: Progress: 1500 / 2014
main.py: Progress: 1501 / 2014
main.py: Progress: 1502 / 2014
main.py: Progress: 1503 / 2014
main.py: Progress: 1504 / 2014
main.py: Progress: 1505 / 2014
main.py: Progress: 1506 / 2014
main.py: Progress: 1507 / 2014
main.py: Progress: 1508 / 2014
main.py: Progress: 1509 / 2014
main.py: Progress: 1510 / 2014
main.py: Progress: 1511 / 2014
main.py: Progress: 1512 / 2014
main.py: Progress: 1513 / 2014
main.py: Progress: 1514 / 2014
main.py: Progress: 1515 / 2014
main.py: Progress: 1516 / 2014
main.py: Progress: 1517 / 2014
main.py: Progress: 1518 / 2014
main.py: Progress: 1519 / 2014
main.py: Progress: 1520 / 2014
main.py: Progress: 1521 / 2014
main.py: Progress: 1522 / 2014
main.py: Progress: 1523 / 2014
main.py: Progress: 1524 / 2014
main.py: Progress: 1525 / 2014
main.py: Progress: 1526 / 2014
main.py: Progress: 1527 / 2014
main.py: Progress: 1528 / 2014
main.py: Progress: 1529 / 2014
main.py: Progress: 1530 / 2014
main.py: Progress: 1531 / 2014
main.py: Progress: 1532 / 2014
main.py: Progress: 1533 / 2014
main.py: Progress: 1534 / 2014
main.py: Progress: 1535 / 2014
main.py: Progress: 1536 / 2014
main.py: Progress: 1537 / 2014
main.py: Progress: 1538 / 2014
main.py: Progress: 1539 / 2014
main.py: Progress: 1540 / 2014
main.py: Progress: 1541 / 2014
main.py: Progress: 1542 / 2014
main.py: Progress: 1543 / 2014
main.py: Progress: 1544 / 2014
main.py: Progress: 1545 / 2014
main.py: Progress: 1546 / 2014
main.py: Progress: 1547 / 2014
main.py: Progress: 1548 / 2014
main.py: Progress: 1549 / 2014
main.py: Progress: 1550 / 2014
main.py: Progress: 1551 / 2014
main.py: Progress: 1552 / 2014
main.py: Progress: 1553 / 2014
main.py: Progress: 1554 / 2014
main.py: Progress: 1555 / 2014
main.py: Progress: 1556 / 2014
main.py: Progress: 1557 / 2014
main.py: Progress: 1558 / 2014
main.py: Progress: 1559 / 2014
main.py: Progress: 1560 / 2014
main.py: Progress: 1561 / 2014
main.py: Progress: 1562 / 2014
main.py: Progress: 1563 / 2014
main.py: Progress: 1564 / 2014
main.py: Progress: 1565 / 2014
main.py: Progress: 1566 / 2014
main.py: Progress: 1567 / 2014
main.py: Progress: 1568 / 2014
main.py: Progress: 1569 / 2014
main.py: Progress: 1570 / 2014
main.py: Progress: 1571 / 2014
main.py: Progress: 1572 / 2014
main.py: Progress: 1573 / 2014
main.py: Progress: 1574 / 2014
main.py: Progress: 1575 / 2014
main.py: Progress: 1576 / 2014
main.py: Progress: 1577 / 2014
main.py: Progress: 1578 / 2014
main.py: Progress: 1579 / 2014
main.py: Progress: 1580 / 2014
main.py: Progress: 1581 / 2014
main.py: Progress: 1582 / 2014
main.py: Progress: 1583 / 2014
main.py: Progress: 1584 / 2014
main.py: Progress: 1585 / 2014
main.py: Progress: 1586 / 2014
main.py: Progress: 1587 / 2014
main.py: Progress: 1588 / 2014
main.py: Progress: 1589 / 2014
main.py: Progress: 1590 / 2014
main.py: Progress: 1591 / 2014
main.py: Progress: 1592 / 2014
main.py: Progress: 1593 / 2014
main.py: Progress: 1594 / 2014
main.py: Progress: 1595 / 2014
main.py: Progress: 1596 / 2014
main.py: Progress: 1597 / 2014
main.py: Progress: 1598 / 2014
main.py: Progress: 1599 / 2014
main.py: Progress: 1600 / 2014
main.py: Progress: 1601 / 2014
main.py: Progress: 1602 / 2014
main.py: Progress: 1603 / 2014
main.py: Progress: 1604 / 2014
main.py: Progress: 1605 / 2014
main.py: Progress: 1606 / 2014
main.py: Progress: 1607 / 2014
main.py: Progress: 1608 / 2014
main.py: Progress: 1609 / 2014
main.py: Progress: 1610 / 2014
main.py: Progress: 1611 / 2014
main.py: Progress: 1612 / 2014
main.py: Progress: 1613 / 2014
main.py: Progress: 1614 / 2014
main.py: Progress: 1615 / 2014
main.py: Progress: 1616 / 2014
main.py: Progress: 1617 / 2014
main.py: Progress: 1618 / 2014
main.py: Progress: 1619 / 2014
main.py: Progress: 1620 / 2014
main.py: Progress: 1621 / 2014
main.py: Progress: 1622 / 2014
main.py: Progress: 1623 / 2014
main.py: Progress: 1624 / 2014
main.py: Progress: 1625 / 2014
main.py: Progress: 1626 / 2014
main.py: Progress: 1627 / 2014
main.py: Progress: 1628 / 2014
main.py: Progress: 1629 / 2014
main.py: Progress: 1630 / 2014
main.py: Progress: 1631 / 2014
main.py: Progress: 1632 / 2014
main.py: Progress: 1633 / 2014
main.py: Progress: 1634 / 2014
main.py: Progress: 1635 / 2014
main.py: Progress: 1636 / 2014
main.py: Progress: 1637 / 2014
main.py: Progress: 1638 / 2014
main.py: Progress: 1639 / 2014
main.py: Progress: 1640 / 2014
main.py: Progress: 1641 / 2014
main.py: Progress: 1642 / 2014
main.py: Progress: 1643 / 2014
main.py: Progress: 1644 / 2014
main.py: Progress: 1645 / 2014
main.py: Progress: 1646 / 2014
main.py: Progress: 1647 / 2014
main.py: Progress: 1648 / 2014
main.py: Progress: 1649 / 2014
main.py: Progress: 1650 / 2014
main.py: Progress: 1651 / 2014
main.py: Progress: 1652 / 2014
main.py: Progress: 1653 / 2014
main.py: Progress: 1654 / 2014
main.py: Progress: 1655 / 2014
main.py: Progress: 1656 / 2014
main.py: Progress: 1657 / 2014
main.py: Progress: 1658 / 2014
main.py: Progress: 1659 / 2014
main.py: Progress: 1660 / 2014
main.py: Progress: 1661 / 2014
main.py: Progress: 1662 / 2014
main.py: Progress: 1663 / 2014
main.py: Progress: 1664 / 2014
main.py: Progress: 1665 / 2014
main.py: Progress: 1666 / 2014
main.py: Progress: 1667 / 2014
main.py: Progress: 1668 / 2014
main.py: Progress: 1669 / 2014
main.py: Progress: 1670 / 2014
main.py: Progress: 1671 / 2014
main.py: Progress: 1672 / 2014
main.py: Progress: 1673 / 2014
main.py: Progress: 1674 / 2014
main.py: Progress: 1675 / 2014
main.py: Progress: 1676 / 2014
main.py: Progress: 1677 / 2014
main.py: Progress: 1678 / 2014
main.py: Progress: 1679 / 2014
main.py: Progress: 1680 / 2014
main.py: Progress: 1681 / 2014
main.py: Progress: 1682 / 2014
main.py: Progress: 1683 / 2014
main.py: Progress: 1684 / 2014
main.py: Progress: 1685 / 2014
main.py: Progress: 1686 / 2014
main.py: Progress: 1687 / 2014
main.py: Progress: 1688 / 2014
main.py: Progress: 1689 / 2014
main.py: Progress: 1690 / 2014
main.py: Progress: 1691 / 2014
main.py: Progress: 1692 / 2014
main.py: Progress: 1693 / 2014
main.py: Progress: 1694 / 2014
main.py: Progress: 1695 / 2014
main.py: Progress: 1696 / 2014
main.py: Progress: 1697 / 2014
main.py: Progress: 1698 / 2014
main.py: Progress: 1699 / 2014
main.py: Progress: 1700 / 2014
main.py: Progress: 1701 / 2014
main.py: Progress: 1702 / 2014
main.py: Progress: 1703 / 2014
main.py: Progress: 1704 / 2014
main.py: Progress: 1705 / 2014
main.py: Progress: 1706 / 2014
main.py: Progress: 1707 / 2014
main.py: Progress: 1708 / 2014
main.py: Progress: 1709 / 2014
main.py: Progress: 1710 / 2014
main.py: Progress: 1711 / 2014
main.py: Progress: 1712 / 2014
main.py: Progress: 1713 / 2014
main.py: Progress: 1714 / 2014
main.py: Progress: 1715 / 2014
main.py: Progress: 1716 / 2014
main.py: Progress: 1717 / 2014
main.py: Progress: 1718 / 2014
main.py: Progress: 1719 / 2014
main.py: Progress: 1720 / 2014
main.py: Progress: 1721 / 2014
main.py: Progress: 1722 / 2014
main.py: Progress: 1723 / 2014
main.py: Progress: 1724 / 2014
main.py: Progress: 1725 / 2014
main.py: Progress: 1726 / 2014
main.py: Progress: 1727 / 2014
main.py: Progress: 1728 / 2014
main.py: Progress: 1729 / 2014
main.py: Progress: 1730 / 2014
main.py: Progress: 1731 / 2014
main.py: Progress: 1732 / 2014
main.py: Progress: 1733 / 2014
main.py: Progress: 1734 / 2014
main.py: Progress: 1735 / 2014
main.py: Progress: 1736 / 2014
main.py: Progress: 1737 / 2014
main.py: Progress: 1738 / 2014
main.py: Progress: 1739 / 2014
main.py: Progress: 1740 / 2014
main.py: Progress: 1741 / 2014
main.py: Progress: 1742 / 2014
main.py: Progress: 1743 / 2014
main.py: Progress: 1744 / 2014
main.py: Progress: 1745 / 2014
main.py: Progress: 1746 / 2014
main.py: Progress: 1747 / 2014
main.py: Progress: 1748 / 2014
main.py: Progress: 1749 / 2014
main.py: Progress: 1750 / 2014
main.py: Progress: 1751 / 2014
main.py: Progress: 1752 / 2014
main.py: Progress: 1753 / 2014
main.py: Progress: 1754 / 2014
main.py: Progress: 1755 / 2014
main.py: Progress: 1756 / 2014
main.py: Progress: 1757 / 2014
main.py: Progress: 1758 / 2014
main.py: Progress: 1759 / 2014
main.py: Progress: 1760 / 2014
main.py: Progress: 1761 / 2014
main.py: Progress: 1762 / 2014
main.py: Progress: 1763 / 2014
main.py: Progress: 1764 / 2014
main.py: Progress: 1765 / 2014
main.py: Progress: 1766 / 2014
main.py: Progress: 1767 / 2014
main.py: Progress: 1768 / 2014
main.py: Progress: 1769 / 2014
main.py: Progress: 1770 / 2014
main.py: Progress: 1771 / 2014
main.py: Progress: 1772 / 2014
main.py: Progress: 1773 / 2014
main.py: Progress: 1774 / 2014
main.py: Progress: 1775 / 2014
main.py: Progress: 1776 / 2014
main.py: Progress: 1777 / 2014
main.py: Progress: 1778 / 2014
main.py: Progress: 1779 / 2014
main.py: Progress: 1780 / 2014
main.py: Progress: 1781 / 2014
main.py: Progress: 1782 / 2014
main.py: Progress: 1783 / 2014
main.py: Progress: 1784 / 2014
main.py: Progress: 1785 / 2014
main.py: Progress: 1786 / 2014
main.py: Progress: 1787 / 2014
main.py: Progress: 1788 / 2014
main.py: Progress: 1789 / 2014
main.py: Progress: 1790 / 2014
main.py: Progress: 1791 / 2014
main.py: Progress: 1792 / 2014
main.py: Progress: 1793 / 2014
main.py: Progress: 1794 / 2014
main.py: Progress: 1795 / 2014
main.py: Progress: 1796 / 2014
main.py: Progress: 1797 / 2014
main.py: Progress: 1798 / 2014
main.py: Progress: 1799 / 2014
main.py: Progress: 1800 / 2014
main.py: Progress: 1801 / 2014
main.py: Progress: 1802 / 2014
main.py: Progress: 1803 / 2014
main.py: Progress: 1804 / 2014
main.py: Progress: 1805 / 2014
main.py: Progress: 1806 / 2014
main.py: Progress: 1807 / 2014
main.py: Progress: 1808 / 2014
main.py: Progress: 1809 / 2014
main.py: Progress: 1810 / 2014
main.py: Progress: 1811 / 2014
main.py: Progress: 1812 / 2014
main.py: Progress: 1813 / 2014
main.py: Progress: 1814 / 2014
main.py: Progress: 1815 / 2014
main.py: Progress: 1816 / 2014
main.py: Progress: 1817 / 2014
main.py: Progress: 1818 / 2014
main.py: Progress: 1819 / 2014
main.py: Progress: 1820 / 2014
main.py: Progress: 1821 / 2014
main.py: Progress: 1822 / 2014
main.py: Progress: 1823 / 2014
main.py: Progress: 1824 / 2014
main.py: Progress: 1825 / 2014
main.py: Progress: 1826 / 2014
main.py: Progress: 1827 / 2014
main.py: Progress: 1828 / 2014
main.py: Progress: 1829 / 2014
main.py: Progress: 1830 / 2014
main.py: Progress: 1831 / 2014
main.py: Progress: 1832 / 2014
main.py: Progress: 1833 / 2014
main.py: Progress: 1834 / 2014
main.py: Progress: 1835 / 2014
main.py: Progress: 1836 / 2014
main.py: Progress: 1837 / 2014
main.py: Progress: 1838 / 2014
main.py: Progress: 1839 / 2014
main.py: Progress: 1840 / 2014
main.py: Progress: 1841 / 2014
main.py: Progress: 1842 / 2014
main.py: Progress: 1843 / 2014
main.py: Progress: 1844 / 2014
main.py: Progress: 1845 / 2014
main.py: Progress: 1846 / 2014
main.py: Progress: 1847 / 2014
main.py: Progress: 1848 / 2014
main.py: Progress: 1849 / 2014
main.py: Progress: 1850 / 2014
main.py: Progress: 1851 / 2014
main.py: Progress: 1852 / 2014
main.py: Progress: 1853 / 2014
main.py: Progress: 1854 / 2014
main.py: Progress: 1855 / 2014
main.py: Progress: 1856 / 2014
main.py: Progress: 1857 / 2014
main.py: Progress: 1858 / 2014
main.py: Progress: 1859 / 2014
main.py: Progress: 1860 / 2014
main.py: Progress: 1861 / 2014
main.py: Progress: 1862 / 2014
main.py: Progress: 1863 / 2014
main.py: Progress: 1864 / 2014
main.py: Progress: 1865 / 2014
main.py: Progress: 1866 / 2014
main.py: Progress: 1867 / 2014
main.py: Progress: 1868 / 2014
main.py: Progress: 1869 / 2014
main.py: Progress: 1870 / 2014
main.py: Progress: 1871 / 2014
main.py: Progress: 1872 / 2014
main.py: Progress: 1873 / 2014
main.py: Progress: 1874 / 2014
main.py: Progress: 1875 / 2014
main.py: Progress: 1876 / 2014
main.py: Progress: 1877 / 2014
main.py: Progress: 1878 / 2014
main.py: Progress: 1879 / 2014
main.py: Progress: 1880 / 2014
main.py: Progress: 1881 / 2014
main.py: Progress: 1882 / 2014
main.py: Progress: 1883 / 2014
main.py: Progress: 1884 / 2014
main.py: Progress: 1885 / 2014
main.py: Progress: 1886 / 2014
main.py: Progress: 1887 / 2014
main.py: Progress: 1888 / 2014
main.py: Progress: 1889 / 2014
main.py: Progress: 1890 / 2014
main.py: Progress: 1891 / 2014
main.py: Progress: 1892 / 2014
main.py: Progress: 1893 / 2014
main.py: Progress: 1894 / 2014
main.py: Progress: 1895 / 2014
main.py: Progress: 1896 / 2014
main.py: Progress: 1897 / 2014
main.py: Progress: 1898 / 2014
main.py: Progress: 1899 / 2014
main.py: Progress: 1900 / 2014
main.py: Progress: 1901 / 2014
main.py: Progress: 1902 / 2014
main.py: Progress: 1903 / 2014
main.py: Progress: 1904 / 2014
main.py: Progress: 1905 / 2014
main.py: Progress: 1906 / 2014
main.py: Progress: 1907 / 2014
main.py: Progress: 1908 / 2014
main.py: Progress: 1909 / 2014
main.py: Progress: 1910 / 2014
main.py: Progress: 1911 / 2014
main.py: Progress: 1912 / 2014
main.py: Progress: 1913 / 2014
main.py: Progress: 1914 / 2014
main.py: Progress: 1915 / 2014
main.py: Progress: 1916 / 2014
main.py: Progress: 1917 / 2014
main.py: Progress: 1918 / 2014
main.py: Progress: 1919 / 2014
main.py: Progress: 1920 / 2014
main.py: Progress: 1921 / 2014
main.py: Progress: 1922 / 2014
main.py: Progress: 1923 / 2014
main.py: Progress: 1924 / 2014
main.py: Progress: 1925 / 2014
main.py: Progress: 1926 / 2014
main.py: Progress: 1927 / 2014
main.py: Progress: 1928 / 2014
main.py: Progress: 1929 / 2014
main.py: Progress: 1930 / 2014
main.py: Progress: 1931 / 2014
main.py: Progress: 1932 / 2014
main.py: Progress: 1933 / 2014
main.py: Progress: 1934 / 2014
main.py: Progress: 1935 / 2014
main.py: Progress: 1936 / 2014
main.py: Progress: 1937 / 2014
main.py: Progress: 1938 / 2014
main.py: Progress: 1939 / 2014
main.py: Progress: 1940 / 2014
main.py: Progress: 1941 / 2014
main.py: Progress: 1942 / 2014
main.py: Progress: 1943 / 2014
main.py: Progress: 1944 / 2014
main.py: Progress: 1945 / 2014
main.py: Progress: 1946 / 2014
main.py: Progress: 1947 / 2014
main.py: Progress: 1948 / 2014
main.py: Progress: 1949 / 2014
main.py: Progress: 1950 / 2014
main.py: Progress: 1951 / 2014
main.py: Progress: 1952 / 2014
main.py: Progress: 1953 / 2014
main.py: Progress: 1954 / 2014
main.py: Progress: 1955 / 2014
main.py: Progress: 1956 / 2014
main.py: Progress: 1957 / 2014
main.py: Progress: 1958 / 2014
main.py: Progress: 1959 / 2014
main.py: Progress: 1960 / 2014
main.py: Progress: 1961 / 2014
main.py: Progress: 1962 / 2014
main.py: Progress: 1963 / 2014
main.py: Progress: 1964 / 2014
main.py: Progress: 1965 / 2014
main.py: Progress: 1966 / 2014
main.py: Progress: 1967 / 2014
main.py: Progress: 1968 / 2014
main.py: Progress: 1969 / 2014
main.py: Progress: 1970 / 2014
main.py: Progress: 1971 / 2014
main.py: Progress: 1972 / 2014
main.py: Progress: 1973 / 2014
main.py: Progress: 1974 / 2014
main.py: Progress: 1975 / 2014
main.py: Progress: 1976 / 2014
main.py: Progress: 1977 / 2014
main.py: Progress: 1978 / 2014
main.py: Progress: 1979 / 2014
main.py: Progress: 1980 / 2014
main.py: Progress: 1981 / 2014
main.py: Progress: 1982 / 2014
main.py: Progress: 1983 / 2014
main.py: Progress: 1984 / 2014
main.py: Progress: 1985 / 2014
main.py: Progress: 1986 / 2014
main.py: Progress: 1987 / 2014
main.py: Progress: 1988 / 2014
main.py: Progress: 1989 / 2014
main.py: Progress: 1990 / 2014
main.py: Progress: 1991 / 2014
main.py: Progress: 1992 / 2014
main.py: Progress: 1993 / 2014
main.py: Progress: 1994 / 2014
main.py: Progress: 1995 / 2014
main.py: Progress: 1996 / 2014
main.py: Progress: 1997 / 2014
main.py: Progress: 1998 / 2014
main.py: Progress: 1999 / 2014
time 2000 ( all targets found and t>1000s) and set up src_dst pairs = [([0, 8], (-1, -1))]
Route initialization:  {0: {'Route': [0, 8], 'MCS_Index': [2], 'Priority': 1, 'ValidRoute': False, 'HQRoute': False, 'RouteNodeDensity': [None, None], 'InterferingLinks': 0, 'Target': (-1, -1)}}
node.py: Inside packet generation function at node: Node0. Curr time: 2000.000000, Packet inter arrival time: 0.008199
Called Update: UpdateRouteCalls = 0, force = False
Called Update: UpdateRouteCalls = 1, force = False
Called Update: UpdateRouteCalls = 2, force = False
Called Update: UpdateRouteCalls = 3, force = False
Called Update: UpdateRouteCalls = 4, force = False
Called Update: UpdateRouteCalls = 5, force = False
Called Update: UpdateRouteCalls = 6, force = False
Called Update: UpdateRouteCalls = 7, force = False
Called Update: UpdateRouteCalls = 8, force = False
Called Update: UpdateRouteCalls = 9, force = False
!! UPDATING !!
routeNo, updatedMCSIndex =  0 [2]
Path | HC | IL | Max Data Rate Supported | HQ Path | Tangled Path | Cost
------------------------------
[0, 1, 2, 3, 4, 5, 6, 7, 8] | 8 | 16 | 33 | True | False | 0.8846153846153846
Found Route:
 {'Path': [0, 1, 2, 3, 4, 5, 6, 7, 8], 'HC': 8, 'IL': 16, 'Max Data Rate Supported': 33, 'HQ Path': np.True_, 'Tangled Path': False, 'Cost': 0.8846153846153846}
Called Update: UpdateRouteCalls = 0, force = True
!! UPDATING !!
routeNo, updatedMCSIndex =  0 [2, 2, 2, 2, 2, 2, 2, 2]

rf.py: Time: 2000 Route details: {0: {'Route': [0, 1, 2, 3, 4, 5, 6, 7, 8], 'MCS_Index': [2, 2, 2, 2, 2, 2, 2, 2], 'Priority': 1, 'ValidRoute': True, 'HQRoute': np.True_, 'RouteNodeDensity': [0, 0, 0, 0, 0, 0, 0, 0, 0], 'InterferingLinks': 16, 'Target': (-1, -1)}}
main.py: Progress: 2000 / 2014
Node.py: (Node0)@2000400000000.0: Updated MCS from 2 to 1, hist=deque([1.0], maxlen=5), packets_serviced=48, packets_received=48
Called Update: UpdateRouteCalls = 0, force = False
Node.py: (Node1)@2000400000000.0: Updated MCS from 2 to 1, hist=deque([1.0], maxlen=5), packets_serviced=47, packets_received=47
Called Update: UpdateRouteCalls = 1, force = False
Node.py: (Node2)@2000400000000.0: Updated MCS from 2 to 1, hist=deque([1.0], maxlen=5), packets_serviced=43, packets_received=43
Called Update: UpdateRouteCalls = 2, force = False
Node.py: (Node3)@2000400000000.0: Updated MCS from 2 to 1, hist=deque([0.975], maxlen=5), packets_serviced=39, packets_received=40
Called Update: UpdateRouteCalls = 3, force = False
Node.py: (Node4)@2000400000000.0: Updated MCS from 2 to 1, hist=deque([1.0], maxlen=5), packets_serviced=35, packets_received=35
Called Update: UpdateRouteCalls = 4, force = False
Node.py: (Node5)@2000400000000.0: Updated MCS from 2 to 3, hist=deque([0.65625], maxlen=5), packets_serviced=21, packets_received=32
Called Update: UpdateRouteCalls = 5, force = False
Node.py: (Node6)@2000400000000.0: Updated MCS from 2 to 3, hist=deque([0.14285714285714285], maxlen=5), packets_serviced=3, packets_received=21
Called Update: UpdateRouteCalls = 6, force = False
Called Update: UpdateRouteCalls = 7, force = False
Called Update: UpdateRouteCalls = 8, force = False
Called Update: UpdateRouteCalls = 9, force = False
!! UPDATING !!
routeNo, updatedMCSIndex =  0 [1, 1, 1, 1, 1, 3, 3, 2]
Node.py: (Node0)@2000800000000.0: Updated MCS from 1 to 0, hist=deque([1.0, 0.6326530612244898], maxlen=5), packets_serviced=31, packets_received=49
Called Update: UpdateRouteCalls = 0, force = False
Node.py: (Node1)@2000800000000.0: Updated MCS from 1 to 2, hist=deque([1.0, 0.37349397590361444], maxlen=5), packets_serviced=31, packets_received=83
Called Update: UpdateRouteCalls = 1, force = False
Node.py: (Node2)@2000800000000.0: Updated MCS from 1 to 2, hist=deque([1.0, 0.359375], maxlen=5), packets_serviced=23, packets_received=64
Called Update: UpdateRouteCalls = 2, force = False
Node.py: (Node3)@2000800000000.0: Updated MCS from 1 to 2, hist=deque([0.975, 0.09333333333333334], maxlen=5), packets_serviced=7, packets_received=75
Called Update: UpdateRouteCalls = 3, force = False
Node.py: (Node4)@2000800000000.0: Updated MCS from 1 to 2, hist=deque([1.0, 0.2857142857142857], maxlen=5), packets_serviced=8, packets_received=28
Called Update: UpdateRouteCalls = 4, force = False
Node.py: (Node5)@2000800000000.0: Updated MCS from 3 to 3, hist=deque([0.65625, 0.37254901960784315], maxlen=5), packets_serviced=19, packets_received=51
Called Update: UpdateRouteCalls = 5, force = False
Node.py: (Node6)@2000800000000.0: Updated MCS from 3 to 2, hist=deque([0.14285714285714285, 2.0], maxlen=5), packets_serviced=30, packets_received=15
Called Update: UpdateRouteCalls = 6, force = False
Node.py: (Node7)@2000800000000.0: Updated MCS from 2 to 1, hist=deque([1.0], maxlen=5), packets_serviced=26, packets_received=26
Called Update: UpdateRouteCalls = 7, force = False
Called Update: UpdateRouteCalls = 8, force = False
Called Update: UpdateRouteCalls = 9, force = False
!! UPDATING !!
routeNo, updatedMCSIndex =  0 [0, 2, 2, 2, 2, 3, 2, 1]
main.py: Progress: 2001 / 2014
Called Update: UpdateRouteCalls = 0, force = True
!! UPDATING !!
routeNo, updatedMCSIndex =  0 [0, 2, 2, 2, 2, 3, 2, 1]

rf.py: Time: 2001 Route details: {0: {'Route': [0, 1, 2, 3, 4, 5, 6, 7, 8], 'MCS_Index': [0, 2, 2, 2, 2, 3, 2, 1], 'Priority': 1, 'ValidRoute': True, 'HQRoute': True, 'RouteNodeDensity': [0, 0, 0, 0, 0, 0, 0, 0, 0], 'InterferingLinks': 16, 'Target': (-1, -1)}}
Node.py: (Node0)@2001200000000.0: Updated MCS from 0 to 0, hist=deque([1.0, 0.6326530612244898, 0.6122448979591837], maxlen=5), packets_serviced=30, packets_received=49
Called Update: UpdateRouteCalls = 0, force = False
Node.py: (Node1)@2001200000000.0: Updated MCS from 2 to 3, hist=deque([1.0, 0.37349397590361444, 0.4], maxlen=5), packets_serviced=20, packets_received=50
Called Update: UpdateRouteCalls = 1, force = False
Node.py: (Node2)@2001200000000.0: Updated MCS from 2 to 3, hist=deque([1.0, 0.359375, 0.6285714285714286], maxlen=5), packets_serviced=22, packets_received=35
Called Update: UpdateRouteCalls = 2, force = False
Node.py: (Node3)@2001200000000.0: Updated MCS from 2 to 3, hist=deque([0.975, 0.09333333333333334, 0.48214285714285715], maxlen=5), packets_serviced=27, packets_received=56
Called Update: UpdateRouteCalls = 3, force = False
Node.py: (Node4)@2001200000000.0: Updated MCS from 2 to 3, hist=deque([1.0, 0.2857142857142857, 0.3055555555555556], maxlen=5), packets_serviced=11, packets_received=36
Called Update: UpdateRouteCalls = 4, force = False
Node.py: (Node5)@2001200000000.0: Updated MCS from 3 to 3, hist=deque([0.65625, 0.37254901960784315, 0.46153846153846156], maxlen=5), packets_serviced=6, packets_received=13
Called Update: UpdateRouteCalls = 5, force = False
Node.py: (Node6)@2001200000000.0: Updated MCS from 2 to 1, hist=deque([0.14285714285714285, 2.0, 1.0], maxlen=5), packets_serviced=6, packets_received=6
Called Update: UpdateRouteCalls = 6, force = False
Node.py: (Node7)@2001200000000.0: Updated MCS from 1 to 2, hist=deque([1.0, 0.3333333333333333], maxlen=5), packets_serviced=2, packets_received=6
Called Update: UpdateRouteCalls = 7, force = False
Called Update: UpdateRouteCalls = 8, force = False
Called Update: UpdateRouteCalls = 9, force = False
!! UPDATING !!
routeNo, updatedMCSIndex =  0 [0, 3, 3, 3, 3, 3, 1, 2]
Node.py: (Node0)@2001600000000.0: Updated MCS from 0 to 1, hist=deque([1.0, 0.6326530612244898, 0.6122448979591837, 0.08163265306122448], maxlen=5), packets_serviced=4, packets_received=49
Called Update: UpdateRouteCalls = 0, force = False
Node.py: (Node1)@2001600000000.0: Updated MCS from 3 to 3, hist=deque([1.0, 0.37349397590361444, 0.4, 0.21052631578947367], maxlen=5), packets_serviced=8, packets_received=38
Called Update: UpdateRouteCalls = 1, force = False
Node.py: (Node2)@2001600000000.0: Updated MCS from 3 to 3, hist=deque([1.0, 0.359375, 0.6285714285714286, 0.029411764705882353], maxlen=5), packets_serviced=1, packets_received=34
Called Update: UpdateRouteCalls = 2, force = False
Node.py: (Node3)@2001600000000.0: Updated MCS from 3 to 3, hist=deque([0.975, 0.09333333333333334, 0.48214285714285715, 0.3157894736842105], maxlen=5), packets_serviced=6, packets_received=19
Called Update: UpdateRouteCalls = 3, force = False
Node.py: (Node4)@2001600000000.0: Updated MCS from 3 to 3, hist=deque([1.0, 0.2857142857142857, 0.3055555555555556, 0.6363636363636364], maxlen=5), packets_serviced=7, packets_received=11
Called Update: UpdateRouteCalls = 4, force = False
Node.py: (Node5)@2001600000000.0: Updated MCS from 3 to 2, hist=deque([0.65625, 0.37254901960784315, 0.46153846153846156, 2.0], maxlen=5), packets_serviced=6, packets_received=3
Called Update: UpdateRouteCalls = 5, force = False
Node.py: (Node6)@2001600000000.0: Updated MCS from 1 to 0, hist=deque([0.14285714285714285, 2.0, 1.0, 1.0], maxlen=5), packets_serviced=6, packets_received=6
Called Update: UpdateRouteCalls = 6, force = False
Node.py: (Node7)@2001600000000.0: Updated MCS from 2 to 3, hist=deque([1.0, 0.3333333333333333, 0.20833333333333334], maxlen=5), packets_serviced=10, packets_received=48
Called Update: UpdateRouteCalls = 7, force = False
Called Update: UpdateRouteCalls = 8, force = False
Called Update: UpdateRouteCalls = 9, force = False
!! UPDATING !!
routeNo, updatedMCSIndex =  0 [1, 3, 3, 3, 3, 2, 0, 3]
main.py: Progress: 2002 / 2014
Node.py: (Node0)@2002000000000.0: Updated MCS from 1 to 0, hist=deque([1.0, 0.6326530612244898, 0.6122448979591837, 0.08163265306122448, 2.5918367346938775], maxlen=5), packets_serviced=127, packets_received=49
Called Update: UpdateRouteCalls = 0, force = False
Node.py: (Node1)@2002000000000.0: Updated MCS from 3 to 3, hist=deque([1.0, 0.37349397590361444, 0.4, 0.21052631578947367, 0.0], maxlen=5), packets_serviced=0, packets_received=341
Called Update: UpdateRouteCalls = 1, force = False
Called Update: UpdateRouteCalls = 2, force = False
Node.py: (Node3)@2002000000000.0: Updated MCS from 3 to 3, hist=deque([0.975, 0.09333333333333334, 0.48214285714285715, 0.3157894736842105, 0.0], maxlen=5), packets_serviced=0, packets_received=7
Called Update: UpdateRouteCalls = 3, force = False
Called Update: UpdateRouteCalls = 4, force = False
Called Update: UpdateRouteCalls = 5, force = False
Called Update: UpdateRouteCalls = 6, force = False
Called Update: UpdateRouteCalls = 7, force = False
Called Update: UpdateRouteCalls = 8, force = False
Called Update: UpdateRouteCalls = 9, force = False
!! UPDATING !!
routeNo, updatedMCSIndex =  0 [0, 3, 3, 3, 3, 2, 0, 3]
Called Update: UpdateRouteCalls = 0, force = True
!! UPDATING !!
routeNo, updatedMCSIndex =  0 [0, 3, 3, 3, 3, 2, 0, 3]

rf.py: Time: 2002 Route details: {0: {'Route': [0, 1, 2, 3, 4, 5, 6, 7, 8], 'MCS_Index': [0, 3, 3, 3, 3, 2, 0, 3], 'Priority': 1, 'ValidRoute': True, 'HQRoute': True, 'RouteNodeDensity': [0, 0, 0, 0, 0, 0, 0, 0, 0], 'InterferingLinks': 16, 'Target': (-1, -1)}}
Node.py: (Node0)@2002400000000.0: Updated MCS from 0 to 0, hist=deque([0.6326530612244898, 0.6122448979591837, 0.08163265306122448, 2.5918367346938775, 0.020833333333333332], maxlen=5), packets_serviced=1, packets_received=48
Called Update: UpdateRouteCalls = 0, force = False
Node.py: (Node1)@2002400000000.0: Updated MCS from 3 to 3, hist=deque([0.37349397590361444, 0.4, 0.21052631578947367, 0.0, 0.0], maxlen=5), packets_serviced=0, packets_received=231
Called Update: UpdateRouteCalls = 1, force = False
Called Update: UpdateRouteCalls = 2, force = False
Called Update: UpdateRouteCalls = 3, force = False
Called Update: UpdateRouteCalls = 4, force = False
Called Update: UpdateRouteCalls = 5, force = False
Called Update: UpdateRouteCalls = 6, force = False
Called Update: UpdateRouteCalls = 7, force = False
Called Update: UpdateRouteCalls = 8, force = False
Called Update: UpdateRouteCalls = 9, force = False
!! UPDATING !!
routeNo, updatedMCSIndex =  0 [0, 3, 3, 3, 3, 2, 0, 3]
Node.py: (Node0)@2002800000000.0: Updated MCS from 0 to 0, hist=deque([0.6122448979591837, 0.08163265306122448, 2.5918367346938775, 0.020833333333333332, 0.8367346938775511], maxlen=5), packets_serviced=41, packets_received=49
Called Update: UpdateRouteCalls = 0, force = False
Node.py: (Node1)@2002800000000.0: Updated MCS from 3 to 3, hist=deque([0.4, 0.21052631578947367, 0.0, 0.0, 0.0], maxlen=5), packets_serviced=0, packets_received=149
Called Update: UpdateRouteCalls = 1, force = False
Node.py: (Node2)@2002800000000.0: Updated MCS from 3 to 3, hist=deque([1.0, 0.359375, 0.6285714285714286, 0.029411764705882353, 0.0], maxlen=5), packets_serviced=0, packets_received=8
Called Update: UpdateRouteCalls = 2, force = False
Called Update: UpdateRouteCalls = 3, force = False
Called Update: UpdateRouteCalls = 4, force = False
Called Update: UpdateRouteCalls = 5, force = False
Called Update: UpdateRouteCalls = 6, force = False
Called Update: UpdateRouteCalls = 7, force = False
Called Update: UpdateRouteCalls = 8, force = False
Called Update: UpdateRouteCalls = 9, force = False
!! UPDATING !!
routeNo, updatedMCSIndex =  0 [0, 3, 3, 3, 3, 2, 0, 3]
main.py: Progress: 2003 / 2014
Called Update: UpdateRouteCalls = 0, force = True
!! UPDATING !!
routeNo, updatedMCSIndex =  0 [0, 3, 3, 3, 3, 2, 0, 3]

rf.py: Time: 2003 Route details: {0: {'Route': [0, 1, 2, 3, 4, 5, 6, 7, 8], 'MCS_Index': [0, 3, 3, 3, 3, 2, 0, 3], 'Priority': 1, 'ValidRoute': True, 'HQRoute': True, 'RouteNodeDensity': [0, 0, 0, 0, 0, 0, 0, 0, 0], 'InterferingLinks': 16, 'Target': (-1, -1)}}
Node.py: (Node0)@2003200000000.0: Updated MCS from 0 to 0, hist=deque([0.08163265306122448, 2.5918367346938775, 0.020833333333333332, 0.8367346938775511, 2.142857142857143], maxlen=5), packets_serviced=105, packets_received=49
Called Update: UpdateRouteCalls = 0, force = False
Node.py: (Node1)@2003200000000.0: Updated MCS from 3 to 3, hist=deque([0.21052631578947367, 0.0, 0.0, 0.0, 0.0], maxlen=5), packets_serviced=0, packets_received=196
Called Update: UpdateRouteCalls = 1, force = False
Called Update: UpdateRouteCalls = 2, force = False
Called Update: UpdateRouteCalls = 3, force = False
Called Update: UpdateRouteCalls = 4, force = False
Called Update: UpdateRouteCalls = 5, force = False
Called Update: UpdateRouteCalls = 6, force = False
Called Update: UpdateRouteCalls = 7, force = False
Called Update: UpdateRouteCalls = 8, force = False
Called Update: UpdateRouteCalls = 9, force = False
!! UPDATING !!
routeNo, updatedMCSIndex =  0 [0, 3, 3, 3, 3, 2, 0, 3]
Node.py: (Node0)@2003600000000.0: Updated MCS from 0 to 0, hist=deque([2.5918367346938775, 0.020833333333333332, 0.8367346938775511, 2.142857142857143, 0.02040816326530612], maxlen=5), packets_serviced=1, packets_received=49
Called Update: UpdateRouteCalls = 0, force = False
Node.py: (Node1)@2003600000000.0: Updated MCS from 3 to 3, hist=deque([0.0, 0.0, 0.0, 0.0, 0.0], maxlen=5), packets_serviced=0, packets_received=170
Called Update: UpdateRouteCalls = 1, force = False
Called Update: UpdateRouteCalls = 2, force = False
Called Update: UpdateRouteCalls = 3, force = False
Called Update: UpdateRouteCalls = 4, force = False
Called Update: UpdateRouteCalls = 5, force = False
Called Update: UpdateRouteCalls = 6, force = False
Called Update: UpdateRouteCalls = 7, force = False
Called Update: UpdateRouteCalls = 8, force = False
Called Update: UpdateRouteCalls = 9, force = False
!! UPDATING !!
routeNo, updatedMCSIndex =  0 [0, 3, 3, 3, 3, 2, 0, 3]
main.py: Progress: 2004 / 2014
Node.py: (Node0)@2004000000000.0: Updated MCS from 0 to 1, hist=deque([0.020833333333333332, 0.8367346938775511, 2.142857142857143, 0.02040816326530612, 0.0], maxlen=5), packets_serviced=0, packets_received=48
Called Update: UpdateRouteCalls = 0, force = False
Node.py: (Node1)@2004000000000.0: Updated MCS from 3 to 3, hist=deque([0.0, 0.0, 0.0, 0.0, 0.0], maxlen=5), packets_serviced=0, packets_received=139
Called Update: UpdateRouteCalls = 1, force = False
Called Update: UpdateRouteCalls = 2, force = False
Called Update: UpdateRouteCalls = 3, force = False
Called Update: UpdateRouteCalls = 4, force = False
Called Update: UpdateRouteCalls = 5, force = False
Called Update: UpdateRouteCalls = 6, force = False
Called Update: UpdateRouteCalls = 7, force = False
Called Update: UpdateRouteCalls = 8, force = False
Called Update: UpdateRouteCalls = 9, force = False
!! UPDATING !!
routeNo, updatedMCSIndex =  0 [1, 3, 3, 3, 3, 2, 0, 3]
Called Update: UpdateRouteCalls = 0, force = True
!! UPDATING !!
routeNo, updatedMCSIndex =  0 [1, 3, 3, 3, 3, 2, 0, 3]

rf.py: Time: 2004 Route details: {0: {'Route': [0, 1, 2, 3, 4, 5, 6, 7, 8], 'MCS_Index': [1, 3, 3, 3, 3, 2, 0, 3], 'Priority': 1, 'ValidRoute': True, 'HQRoute': True, 'RouteNodeDensity': [0, 0, 0, 0, 0, 0, 0, 0, 0], 'InterferingLinks': 16, 'Target': (-1, -1)}}
Node.py: (Node0)@2004400000000.0: Updated MCS from 1 to 0, hist=deque([0.8367346938775511, 2.142857142857143, 0.02040816326530612, 0.0, 2.693877551020408], maxlen=5), packets_serviced=132, packets_received=49
Called Update: UpdateRouteCalls = 0, force = False
Node.py: (Node1)@2004400000000.0: Updated MCS from 3 to 3, hist=deque([0.0, 0.0, 0.0, 0.0, 0.0], maxlen=5), packets_serviced=0, packets_received=362
Called Update: UpdateRouteCalls = 1, force = False
Called Update: UpdateRouteCalls = 2, force = False
Called Update: UpdateRouteCalls = 3, force = False
Called Update: UpdateRouteCalls = 4, force = False
Called Update: UpdateRouteCalls = 5, force = False
Called Update: UpdateRouteCalls = 6, force = False
Called Update: UpdateRouteCalls = 7, force = False
Called Update: UpdateRouteCalls = 8, force = False
Called Update: UpdateRouteCalls = 9, force = False
!! UPDATING !!
routeNo, updatedMCSIndex =  0 [0, 3, 3, 3, 3, 2, 0, 3]
Node.py: (Node0)@2004800000000.0: Updated MCS from 0 to 0, hist=deque([2.142857142857143, 0.02040816326530612, 0.0, 2.693877551020408, 0.0], maxlen=5), packets_serviced=0, packets_received=49
Called Update: UpdateRouteCalls = 0, force = False
Node.py: (Node1)@2004800000000.0: Updated MCS from 3 to 3, hist=deque([0.0, 0.0, 0.0, 0.0, 0.0], maxlen=5), packets_serviced=0, packets_received=218
Called Update: UpdateRouteCalls = 1, force = False
Called Update: UpdateRouteCalls = 2, force = False
Called Update: UpdateRouteCalls = 3, force = False
Called Update: UpdateRouteCalls = 4, force = False
Called Update: UpdateRouteCalls = 5, force = False
Called Update: UpdateRouteCalls = 6, force = False
Called Update: UpdateRouteCalls = 7, force = False
Called Update: UpdateRouteCalls = 8, force = False
Called Update: UpdateRouteCalls = 9, force = False
!! UPDATING !!
routeNo, updatedMCSIndex =  0 [0, 3, 3, 3, 3, 2, 0, 3]
main.py: Progress: 2005 / 2014
Called Update: UpdateRouteCalls = 0, force = True
!! UPDATING !!
routeNo, updatedMCSIndex =  0 [0, 3, 3, 3, 3, 2, 0, 3]

rf.py: Time: 2005 Route details: {0: {'Route': [0, 1, 2, 3, 4, 5, 6, 7, 8], 'MCS_Index': [0, 3, 3, 3, 3, 2, 0, 3], 'Priority': 1, 'ValidRoute': True, 'HQRoute': True, 'RouteNodeDensity': [0, 0, 0, 0, 0, 0, 0, 0, 0], 'InterferingLinks': 16, 'Target': (-1, -1)}}
Node.py: (Node0)@2005200000000.0: Updated MCS from 0 to 0, hist=deque([0.02040816326530612, 0.0, 2.693877551020408, 0.0, 2.0408163265306123], maxlen=5), packets_serviced=100, packets_received=49
Called Update: UpdateRouteCalls = 0, force = False
Node.py: (Node1)@2005200000000.0: Updated MCS from 3 to 3, hist=deque([0.0, 0.0, 0.0, 0.0, 0.0], maxlen=5), packets_serviced=0, packets_received=190
Called Update: UpdateRouteCalls = 1, force = False
Called Update: UpdateRouteCalls = 2, force = False
Called Update: UpdateRouteCalls = 3, force = False
Called Update: UpdateRouteCalls = 4, force = False
Called Update: UpdateRouteCalls = 5, force = False
Called Update: UpdateRouteCalls = 6, force = False
Called Update: UpdateRouteCalls = 7, force = False
Called Update: UpdateRouteCalls = 8, force = False
Called Update: UpdateRouteCalls = 9, force = False
!! UPDATING !!
routeNo, updatedMCSIndex =  0 [0, 3, 3, 3, 3, 2, 0, 3]
Node.py: (Node0)@2005600000000.0: Updated MCS from 0 to 0, hist=deque([0.0, 2.693877551020408, 0.0, 2.0408163265306123, 0.5102040816326531], maxlen=5), packets_serviced=25, packets_received=49
Called Update: UpdateRouteCalls = 0, force = False
Node.py: (Node1)@2005600000000.0: Updated MCS from 3 to 3, hist=deque([0.0, 0.0, 0.0, 0.0, 0.0], maxlen=5), packets_serviced=0, packets_received=180
Called Update: UpdateRouteCalls = 1, force = False
Called Update: UpdateRouteCalls = 2, force = False
Called Update: UpdateRouteCalls = 3, force = False
Called Update: UpdateRouteCalls = 4, force = False
Called Update: UpdateRouteCalls = 5, force = False
Called Update: UpdateRouteCalls = 6, force = False
Called Update: UpdateRouteCalls = 7, force = False
Called Update: UpdateRouteCalls = 8, force = False
Called Update: UpdateRouteCalls = 9, force = False
!! UPDATING !!
routeNo, updatedMCSIndex =  0 [0, 3, 3, 3, 3, 2, 0, 3]
main.py: Progress: 2006 / 2014
Node.py: (Node0)@2006000000000.0: Updated MCS from 0 to 0, hist=deque([2.693877551020408, 0.0, 2.0408163265306123, 0.5102040816326531, 1.7916666666666667], maxlen=5), packets_serviced=86, packets_received=48
Called Update: UpdateRouteCalls = 0, force = False
Node.py: (Node1)@2006000000000.0: Updated MCS from 3 to 3, hist=deque([0.0, 0.0, 0.0, 0.0, 0.0], maxlen=5), packets_serviced=0, packets_received=183
Called Update: UpdateRouteCalls = 1, force = False
Called Update: UpdateRouteCalls = 2, force = False
Called Update: UpdateRouteCalls = 3, force = False
Called Update: UpdateRouteCalls = 4, force = False
Called Update: UpdateRouteCalls = 5, force = False
Called Update: UpdateRouteCalls = 6, force = False
Called Update: UpdateRouteCalls = 7, force = False
Called Update: UpdateRouteCalls = 8, force = False
Called Update: UpdateRouteCalls = 9, force = False
!! UPDATING !!
routeNo, updatedMCSIndex =  0 [0, 3, 3, 3, 3, 2, 0, 3]
Called Update: UpdateRouteCalls = 0, force = True
!! UPDATING !!
routeNo, updatedMCSIndex =  0 [0, 3, 3, 3, 3, 2, 0, 3]

rf.py: Time: 2006 Route details: {0: {'Route': [0, 1, 2, 3, 4, 5, 6, 7, 8], 'MCS_Index': [0, 3, 3, 3, 3, 2, 0, 3], 'Priority': 1, 'ValidRoute': True, 'HQRoute': True, 'RouteNodeDensity': [0, 0, 0, 0, 0, 0, 0, 0, 0], 'InterferingLinks': 16, 'Target': (-1, -1)}}
Node.py: (Node0)@2006400000000.0: Updated MCS from 0 to 0, hist=deque([0.0, 2.0408163265306123, 0.5102040816326531, 1.7916666666666667, 0.8367346938775511], maxlen=5), packets_serviced=41, packets_received=49
Called Update: UpdateRouteCalls = 0, force = False
Node.py: (Node1)@2006400000000.0: Updated MCS from 3 to 3, hist=deque([0.0, 0.0, 0.0, 0.0, 0.0], maxlen=5), packets_serviced=0, packets_received=184
Called Update: UpdateRouteCalls = 1, force = False
Called Update: UpdateRouteCalls = 2, force = False
Called Update: UpdateRouteCalls = 3, force = False
Called Update: UpdateRouteCalls = 4, force = False
Called Update: UpdateRouteCalls = 5, force = False
Called Update: UpdateRouteCalls = 6, force = False
Called Update: UpdateRouteCalls = 7, force = False
Called Update: UpdateRouteCalls = 8, force = False
Called Update: UpdateRouteCalls = 9, force = False
!! UPDATING !!
routeNo, updatedMCSIndex =  0 [0, 3, 3, 3, 3, 2, 0, 3]
Node.py: (Node0)@2006800000000.0: Updated MCS from 0 to 0, hist=deque([2.0408163265306123, 0.5102040816326531, 1.7916666666666667, 0.8367346938775511, 0.0], maxlen=5), packets_serviced=0, packets_received=49
Called Update: UpdateRouteCalls = 0, force = False
Node.py: (Node1)@2006800000000.0: Updated MCS from 3 to 3, hist=deque([0.0, 0.0, 0.0, 0.0, 0.0], maxlen=5), packets_serviced=0, packets_received=152
Called Update: UpdateRouteCalls = 1, force = False
Called Update: UpdateRouteCalls = 2, force = False
Called Update: UpdateRouteCalls = 3, force = False
Called Update: UpdateRouteCalls = 4, force = False
Called Update: UpdateRouteCalls = 5, force = False
Called Update: UpdateRouteCalls = 6, force = False
Called Update: UpdateRouteCalls = 7, force = False
Called Update: UpdateRouteCalls = 8, force = False
Called Update: UpdateRouteCalls = 9, force = False
!! UPDATING !!
routeNo, updatedMCSIndex =  0 [0, 3, 3, 3, 3, 2, 0, 3]
main.py: Progress: 2007 / 2014
Called Update: UpdateRouteCalls = 0, force = True
!! UPDATING !!
routeNo, updatedMCSIndex =  0 [0, 3, 3, 3, 3, 2, 0, 3]

rf.py: Time: 2007 Route details: {0: {'Route': [0, 1, 2, 3, 4, 5, 6, 7, 8], 'MCS_Index': [0, 3, 3, 3, 3, 2, 0, 3], 'Priority': 1, 'ValidRoute': True, 'HQRoute': True, 'RouteNodeDensity': [0, 0, 0, 0, 0, 0, 0, 0, 0], 'InterferingLinks': 16, 'Target': (-1, -1)}}
Node.py: (Node0)@2007200000000.0: Updated MCS from 0 to 0, hist=deque([0.5102040816326531, 1.7916666666666667, 0.8367346938775511, 0.0, 1.163265306122449], maxlen=5), packets_serviced=57, packets_received=49
Called Update: UpdateRouteCalls = 0, force = False
Node.py: (Node1)@2007200000000.0: Updated MCS from 3 to 3, hist=deque([0.0, 0.0, 0.0, 0.0, 0.0], maxlen=5), packets_serviced=0, packets_received=165
Called Update: UpdateRouteCalls = 1, force = False
Called Update: UpdateRouteCalls = 2, force = False
Called Update: UpdateRouteCalls = 3, force = False
Called Update: UpdateRouteCalls = 4, force = False
Called Update: UpdateRouteCalls = 5, force = False
Called Update: UpdateRouteCalls = 6, force = False
Called Update: UpdateRouteCalls = 7, force = False
Called Update: UpdateRouteCalls = 8, force = False
Called Update: UpdateRouteCalls = 9, force = False
!! UPDATING !!
routeNo, updatedMCSIndex =  0 [0, 3, 3, 3, 3, 2, 0, 3]
Node.py: (Node0)@2007600000000.0: Updated MCS from 0 to 0, hist=deque([1.7916666666666667, 0.8367346938775511, 0.0, 1.163265306122449, 1.8571428571428572], maxlen=5), packets_serviced=91, packets_received=49
Called Update: UpdateRouteCalls = 0, force = False
Node.py: (Node1)@2007600000000.0: Updated MCS from 3 to 3, hist=deque([0.0, 0.0, 0.0, 0.0, 0.0], maxlen=5), packets_serviced=0, packets_received=195
Called Update: UpdateRouteCalls = 1, force = False
Called Update: UpdateRouteCalls = 2, force = False
Called Update: UpdateRouteCalls = 3, force = False
Called Update: UpdateRouteCalls = 4, force = False
Called Update: UpdateRouteCalls = 5, force = False
Called Update: UpdateRouteCalls = 6, force = False
Called Update: UpdateRouteCalls = 7, force = False
Called Update: UpdateRouteCalls = 8, force = False
Called Update: UpdateRouteCalls = 9, force = False
!! UPDATING !!
routeNo, updatedMCSIndex =  0 [0, 3, 3, 3, 3, 2, 0, 3]
main.py: Progress: 2008 / 2014
Node.py: (Node0)@2008000000000.0: Updated MCS from 0 to 0, hist=deque([0.8367346938775511, 0.0, 1.163265306122449, 1.8571428571428572, 0.75], maxlen=5), packets_serviced=36, packets_received=48
Called Update: UpdateRouteCalls = 0, force = False
Node.py: (Node1)@2008000000000.0: Updated MCS from 3 to 3, hist=deque([0.0, 0.0, 0.0, 0.0, 0.0], maxlen=5), packets_serviced=0, packets_received=180
Called Update: UpdateRouteCalls = 1, force = False
Called Update: UpdateRouteCalls = 2, force = False
Called Update: UpdateRouteCalls = 3, force = False
Called Update: UpdateRouteCalls = 4, force = False
Called Update: UpdateRouteCalls = 5, force = False
Called Update: UpdateRouteCalls = 6, force = False
Called Update: UpdateRouteCalls = 7, force = False
Called Update: UpdateRouteCalls = 8, force = False
Called Update: UpdateRouteCalls = 9, force = False
!! UPDATING !!
routeNo, updatedMCSIndex =  0 [0, 3, 3, 3, 3, 2, 0, 3]
Called Update: UpdateRouteCalls = 0, force = True
!! UPDATING !!
routeNo, updatedMCSIndex =  0 [0, 3, 3, 3, 3, 2, 0, 3]

rf.py: Time: 2008 Route details: {0: {'Route': [0, 1, 2, 3, 4, 5, 6, 7, 8], 'MCS_Index': [0, 3, 3, 3, 3, 2, 0, 3], 'Priority': 1, 'ValidRoute': True, 'HQRoute': True, 'RouteNodeDensity': [0, 0, 0, 0, 0, 0, 0, 0, 0], 'InterferingLinks': 16, 'Target': (-1, -1)}}
Node.py: (Node0)@2008400000000.0: Updated MCS from 0 to 0, hist=deque([0.0, 1.163265306122449, 1.8571428571428572, 0.75, 0.8571428571428571], maxlen=5), packets_serviced=42, packets_received=49
Called Update: UpdateRouteCalls = 0, force = False
Node.py: (Node1)@2008400000000.0: Updated MCS from 3 to 3, hist=deque([0.0, 0.0, 0.0, 0.0, 0.0], maxlen=5), packets_serviced=0, packets_received=180
Called Update: UpdateRouteCalls = 1, force = False
Called Update: UpdateRouteCalls = 2, force = False
Called Update: UpdateRouteCalls = 3, force = False
Called Update: UpdateRouteCalls = 4, force = False
Called Update: UpdateRouteCalls = 5, force = False
Called Update: UpdateRouteCalls = 6, force = False
Called Update: UpdateRouteCalls = 7, force = False
Called Update: UpdateRouteCalls = 8, force = False
Called Update: UpdateRouteCalls = 9, force = False
!! UPDATING !!
routeNo, updatedMCSIndex =  0 [0, 3, 3, 3, 3, 2, 0, 3]
Node.py: (Node0)@2008800000000.0: Updated MCS from 0 to 0, hist=deque([1.163265306122449, 1.8571428571428572, 0.75, 0.8571428571428571, 0.0], maxlen=5), packets_serviced=0, packets_received=49
Called Update: UpdateRouteCalls = 0, force = False
Node.py: (Node1)@2008800000000.0: Updated MCS from 3 to 3, hist=deque([0.0, 0.0, 0.0, 0.0, 0.0], maxlen=5), packets_serviced=0, packets_received=148
Called Update: UpdateRouteCalls = 1, force = False
Called Update: UpdateRouteCalls = 2, force = False
Called Update: UpdateRouteCalls = 3, force = False
Called Update: UpdateRouteCalls = 4, force = False
Called Update: UpdateRouteCalls = 5, force = False
Called Update: UpdateRouteCalls = 6, force = False
Called Update: UpdateRouteCalls = 7, force = False
Called Update: UpdateRouteCalls = 8, force = False
Called Update: UpdateRouteCalls = 9, force = False
!! UPDATING !!
routeNo, updatedMCSIndex =  0 [0, 3, 3, 3, 3, 2, 0, 3]
main.py: Progress: 2009 / 2014
Called Update: UpdateRouteCalls = 0, force = True
!! UPDATING !!
routeNo, updatedMCSIndex =  0 [0, 3, 3, 3, 3, 2, 0, 3]

rf.py: Time: 2009 Route details: {0: {'Route': [0, 1, 2, 3, 4, 5, 6, 7, 8], 'MCS_Index': [0, 3, 3, 3, 3, 2, 0, 3], 'Priority': 1, 'ValidRoute': True, 'HQRoute': True, 'RouteNodeDensity': [0, 0, 0, 0, 0, 0, 0, 0, 0], 'InterferingLinks': 16, 'Target': (-1, -1)}}
DUPE: 2005344304459_Node0_Node8_Zero, Node1 id 2005344304459_Node0_Node8_Zero was a dupe; retransmit: 0, pkt_enqueue_time=2009004200812.2966, pkt_dequeue_time=2009004200812.2966, forwarded_or_dropped=1, reason_for_drop='Expiry'
DUPE: 2005336110113_Node0_Node8_Zero, Node1 id 2005336110113_Node0_Node8_Zero was a dupe; retransmit: 0, pkt_enqueue_time=2009007540466.842, pkt_dequeue_time=2009007540466.842, forwarded_or_dropped=1, reason_for_drop='Expiry'
DUPE: 2005237734363_Node0_Node8_Zero, Node1 id 2005237734363_Node0_Node8_Zero was a dupe; retransmit: 0, pkt_enqueue_time=2009010880121.3875, pkt_dequeue_time=2009010880121.3875, forwarded_or_dropped=1, reason_for_drop='Expiry'
DUPE: 2005860732656_Node0_Node8_Zero, Node1 id 2005860732656_Node0_Node8_Zero was a dupe; retransmit: 0, pkt_enqueue_time=2009014219775.9329, pkt_dequeue_time=2009014219775.9329, forwarded_or_dropped=1, reason_for_drop='Expiry'
DUPE: 2005762368994_Node0_Node8_Zero, Node1 id 2005762368994_Node0_Node8_Zero was a dupe; retransmit: 0, pkt_enqueue_time=2009017559430.4783, pkt_dequeue_time=2009017559430.4783, forwarded_or_dropped=1, reason_for_drop='Expiry'
DUPE: 2004991834021_Node0_Node8_Zero, Node1 id 2004991834021_Node0_Node8_Zero was a dupe; retransmit: 0, pkt_enqueue_time=2009037677357.7507, pkt_dequeue_time=2009037677357.7507, forwarded_or_dropped=1, reason_for_drop='Expiry'
DUPE: 2004344288707_Node0_Node8_Zero, Node1 id 2004344288707_Node0_Node8_Zero was a dupe; retransmit: 0, pkt_enqueue_time=2009041037012.2961, pkt_dequeue_time=2009041037012.2961, forwarded_or_dropped=1, reason_for_drop='Expiry'
DUPE: 2005991883015_Node0_Node8_Zero, Node1 id 2005991883015_Node0_Node8_Zero was a dupe; retransmit: 0, pkt_enqueue_time=2009044396666.8416, pkt_dequeue_time=2009044396666.8416, forwarded_or_dropped=1, reason_for_drop='Expiry'
DUPE: 2005926313982_Node0_Node8_Zero, Node1 id 2005926313982_Node0_Node8_Zero was a dupe; retransmit: 0, pkt_enqueue_time=2009047756321.387, pkt_dequeue_time=2009047756321.387, forwarded_or_dropped=1, reason_for_drop='Expiry'
DUPE: 2005541038031_Node0_Node8_Zero, Node1 id 2005541038031_Node0_Node8_Zero was a dupe; retransmit: 0, pkt_enqueue_time=2009051135975.9324, pkt_dequeue_time=2009051135975.9324, forwarded_or_dropped=1, reason_for_drop='Expiry'
DUPE: 2004418052083_Node0_Node8_Zero, Node1 id 2004418052083_Node0_Node8_Zero was a dupe; retransmit: 0, pkt_enqueue_time=2009070242454.6594, pkt_dequeue_time=2009070242454.6594, forwarded_or_dropped=1, reason_for_drop='Expiry'
DUPE: 2005967294804_Node0_Node8_Zero, Node1 id 2005967294804_Node0_Node8_Zero was a dupe; retransmit: 0, pkt_enqueue_time=2009073642109.2048, pkt_dequeue_time=2009073642109.2048, forwarded_or_dropped=1, reason_for_drop='Expiry'
DUPE: 2005844341899_Node0_Node8_Zero, Node1 id 2005844341899_Node0_Node8_Zero was a dupe; retransmit: 0, pkt_enqueue_time=2009077041763.7502, pkt_dequeue_time=2009077041763.7502, forwarded_or_dropped=1, reason_for_drop='Expiry'
DUPE: 2006041067059_Node0_Node8_Zero, Node1 id 2006041067059_Node0_Node8_Zero was a dupe; retransmit: 0, pkt_enqueue_time=2009090640381.932, pkt_dequeue_time=2009090640381.932, forwarded_or_dropped=1, reason_for_drop='Expiry'
DUPE: 2004434451763_Node0_Node8_Zero, Node1 id 2004434451763_Node0_Node8_Zero was a dupe; retransmit: 0, pkt_enqueue_time=2009094040036.4773, pkt_dequeue_time=2009094040036.4773, forwarded_or_dropped=1, reason_for_drop='Expiry'
DUPE: 2005016413154_Node0_Node8_Zero, Node1 id 2005016413154_Node0_Node8_Zero was a dupe; retransmit: 0, pkt_enqueue_time=2009123591133.2043, pkt_dequeue_time=2009123591133.2043, forwarded_or_dropped=1, reason_for_drop='Expiry'
DUPE: 2004959055236_Node0_Node8_Zero, Node1 id 2004959055236_Node0_Node8_Zero was a dupe; retransmit: 0, pkt_enqueue_time=2009127030787.7498, pkt_dequeue_time=2009127030787.7498, forwarded_or_dropped=1, reason_for_drop='Expiry'
DUPE: 2005229532866_Node0_Node8_Zero, Node1 id 2005229532866_Node0_Node8_Zero was a dupe; retransmit: 0, pkt_enqueue_time=2009146757266.4768, pkt_dequeue_time=2009146757266.4768, forwarded_or_dropped=1, reason_for_drop='Expiry'
DUPE: 2005147548920_Node0_Node8_Zero, Node1 id 2005147548920_Node0_Node8_Zero was a dupe; retransmit: 0, pkt_enqueue_time=2009150216921.0222, pkt_dequeue_time=2009150216921.0222, forwarded_or_dropped=1, reason_for_drop='Expiry'
DUPE: 2004459047022_Node0_Node8_Zero, Node1 id 2004459047022_Node0_Node8_Zero was a dupe; retransmit: 0, pkt_enqueue_time=2009153676575.5676, pkt_dequeue_time=2009153676575.5676, forwarded_or_dropped=1, reason_for_drop='Expiry'
DUPE: 2005655809773_Node0_Node8_Zero, Node1 id 2005655809773_Node0_Node8_Zero was a dupe; retransmit: 0, pkt_enqueue_time=2009157136230.113, pkt_dequeue_time=2009157136230.113, forwarded_or_dropped=1, reason_for_drop='Expiry'
DUPE: 2005639413612_Node0_Node8_Zero, Node1 id 2005639413612_Node0_Node8_Zero was a dupe; retransmit: 0, pkt_enqueue_time=2009160595884.6584, pkt_dequeue_time=2009160595884.6584, forwarded_or_dropped=1, reason_for_drop='Expiry'
DUPE: 2005426280191_Node0_Node8_Zero, Node1 id 2005426280191_Node0_Node8_Zero was a dupe; retransmit: 0, pkt_enqueue_time=2009193769533.0217, pkt_dequeue_time=2009193769533.0217, forwarded_or_dropped=1, reason_for_drop='Expiry'
DUPE: 2004491827828_Node0_Node8_Zero, Node1 id 2004491827828_Node0_Node8_Zero was a dupe; retransmit: 0, pkt_enqueue_time=2009197249187.5671, pkt_dequeue_time=2009197249187.5671, forwarded_or_dropped=1, reason_for_drop='Expiry'
Node.py: (Node0)@2009200000000.0: Updated MCS from 0 to 1, hist=deque([1.8571428571428572, 0.75, 0.8571428571428571, 0.0, 0.0], maxlen=5), packets_serviced=0, packets_received=49
Called Update: UpdateRouteCalls = 0, force = False
Node.py: (Node1)@2009200000000.0: Updated MCS from 3 to 3, hist=deque([0.0, 0.0, 0.0, 0.0, 0.0], maxlen=5), packets_serviced=0, packets_received=127
Called Update: UpdateRouteCalls = 1, force = False
Called Update: UpdateRouteCalls = 2, force = False
Called Update: UpdateRouteCalls = 3, force = False
Called Update: UpdateRouteCalls = 4, force = False
Called Update: UpdateRouteCalls = 5, force = False
Called Update: UpdateRouteCalls = 6, force = False
Called Update: UpdateRouteCalls = 7, force = False
Called Update: UpdateRouteCalls = 8, force = False
Called Update: UpdateRouteCalls = 9, force = False
!! UPDATING !!
routeNo, updatedMCSIndex =  0 [1, 3, 3, 3, 3, 2, 0, 3]
DUPE: 2004327893886_Node0_Node8_Zero, Node1 id 2004327893886_Node0_Node8_Zero was a dupe; retransmit: 0, pkt_enqueue_time=2009200728842.1125, pkt_dequeue_time=2009200728842.1125, forwarded_or_dropped=1, reason_for_drop='Expiry'
DUPE: 2005795159560_Node0_Node8_Zero, Node1 id 2005795159560_Node0_Node8_Zero was a dupe; retransmit: 0, pkt_enqueue_time=2009204208496.658, pkt_dequeue_time=2009204208496.658, forwarded_or_dropped=1, reason_for_drop='Expiry'
DUPE: 2004532813016_Node0_Node8_Zero, Node1 id 2004532813016_Node0_Node8_Zero was a dupe; retransmit: 0, pkt_enqueue_time=2009211207805.7488, pkt_dequeue_time=2009211207805.7488, forwarded_or_dropped=1, reason_for_drop='Expiry'
DUPE: 2005893521044_Node0_Node8_Zero, Node1 id 2005893521044_Node0_Node8_Zero was a dupe; retransmit: 0, pkt_enqueue_time=2009214707460.2942, pkt_dequeue_time=2009214707460.2942, forwarded_or_dropped=1, reason_for_drop='Expiry'
DUPE: 2005188531448_Node0_Node8_Zero, Node1 id 2005188531448_Node0_Node8_Zero was a dupe; retransmit: 0, pkt_enqueue_time=2009235233939.0212, pkt_dequeue_time=2009235233939.0212, forwarded_or_dropped=1, reason_for_drop='Expiry'
DUPE: 2004663972192_Node0_Node8_Zero, Node1 id 2004663972192_Node0_Node8_Zero was a dupe; retransmit: 0, pkt_enqueue_time=2009238753593.5667, pkt_dequeue_time=2009238753593.5667, forwarded_or_dropped=1, reason_for_drop='Expiry'
DUPE: 2004655770640_Node0_Node8_Zero, Node1 id 2004655770640_Node0_Node8_Zero was a dupe; retransmit: 0, pkt_enqueue_time=2009242293248.112, pkt_dequeue_time=2009242293248.112, forwarded_or_dropped=1, reason_for_drop='Expiry'
DUPE: 2005508243319_Node0_Node8_Zero, Node1 id 2005508243319_Node0_Node8_Zero was a dupe; retransmit: 0, pkt_enqueue_time=2009245832902.6575, pkt_dequeue_time=2009245832902.6575, forwarded_or_dropped=1, reason_for_drop='Expiry'
DUPE: 2005163937749_Node0_Node8_Zero, Node1 id 2005163937749_Node0_Node8_Zero was a dupe; retransmit: 0, pkt_enqueue_time=2009256491866.2937, pkt_dequeue_time=2009256491866.2937, forwarded_or_dropped=1, reason_for_drop='Expiry'
DUPE: 2004622984324_Node0_Node8_Zero, Node1 id 2004622984324_Node0_Node8_Zero was a dupe; retransmit: 0, pkt_enqueue_time=2009260051520.839, pkt_dequeue_time=2009260051520.839, forwarded_or_dropped=1, reason_for_drop='Expiry'
DUPE: 2006114832646_Node0_Node8_Zero, Node1 id 2006114832646_Node0_Node8_Zero was a dupe; retransmit: 0, pkt_enqueue_time=2009283166205.5662, pkt_dequeue_time=2009283166205.5662, forwarded_or_dropped=1, reason_for_drop='Expiry'
DUPE: 2005393489834_Node0_Node8_Zero, Node1 id 2005393489834_Node0_Node8_Zero was a dupe; retransmit: 0, pkt_enqueue_time=2009286745860.1116, pkt_dequeue_time=2009286745860.1116, forwarded_or_dropped=1, reason_for_drop='Expiry'
DUPE: 2005352502072_Node0_Node8_Zero, Node1 id 2005352502072_Node0_Node8_Zero was a dupe; retransmit: 0, pkt_enqueue_time=2009290325514.657, pkt_dequeue_time=2009290325514.657, forwarded_or_dropped=1, reason_for_drop='Expiry'
DUPE: 2004737741455_Node0_Node8_Zero, Node1 id 2004737741455_Node0_Node8_Zero was a dupe; retransmit: 0, pkt_enqueue_time=2009293905169.2024, pkt_dequeue_time=2009293905169.2024, forwarded_or_dropped=1, reason_for_drop='Expiry'
DUPE: 2004393468884_Node0_Node8_Zero, Node1 id 2004393468884_Node0_Node8_Zero was a dupe; retransmit: 0, pkt_enqueue_time=2009297484823.7478, pkt_dequeue_time=2009297484823.7478, forwarded_or_dropped=1, reason_for_drop='Expiry'
DUPE: 2004606585468_Node0_Node8_Zero, Node1 id 2004606585468_Node0_Node8_Zero was a dupe; retransmit: 0, pkt_enqueue_time=2009320959508.4749, pkt_dequeue_time=2009320959508.4749, forwarded_or_dropped=1, reason_for_drop='Expiry'
DUPE: 2004483629110_Node0_Node8_Zero, Node1 id 2004483629110_Node0_Node8_Zero was a dupe; retransmit: 0, pkt_enqueue_time=2009324579163.0203, pkt_dequeue_time=2009324579163.0203, forwarded_or_dropped=1, reason_for_drop='Expiry'
DUPE: 2006106638933_Node0_Node8_Zero, Node1 id 2006106638933_Node0_Node8_Zero was a dupe; retransmit: 0, pkt_enqueue_time=2009328198817.5657, pkt_dequeue_time=2009328198817.5657, forwarded_or_dropped=1, reason_for_drop='Expiry'
DUPE: 2005270514820_Node0_Node8_Zero, Node1 id 2005270514820_Node0_Node8_Zero was a dupe; retransmit: 0, pkt_enqueue_time=2009331838472.111, pkt_dequeue_time=2009331838472.111, forwarded_or_dropped=1, reason_for_drop='Expiry'
DUPE: 2005721395419_Node0_Node8_Zero, Node1 id 2005721395419_Node0_Node8_Zero was a dupe; retransmit: 0, pkt_enqueue_time=2009335478126.6565, pkt_dequeue_time=2009335478126.6565, forwarded_or_dropped=1, reason_for_drop='Expiry'
DUPE: 2006155819606_Node0_Node8_Zero, Node1 id 2006155819606_Node0_Node8_Zero was a dupe; retransmit: 0, pkt_enqueue_time=2009350036744.8381, pkt_dequeue_time=2009350036744.8381, forwarded_or_dropped=1, reason_for_drop='Expiry'
DUPE: 2005418081390_Node0_Node8_Zero, Node1 id 2005418081390_Node0_Node8_Zero was a dupe; retransmit: 0, pkt_enqueue_time=2009353696399.3835, pkt_dequeue_time=2009353696399.3835, forwarded_or_dropped=1, reason_for_drop='Expiry'
DUPE: 2005073788904_Node0_Node8_Zero, Node1 id 2005073788904_Node0_Node8_Zero was a dupe; retransmit: 0, pkt_enqueue_time=2009357356053.929, pkt_dequeue_time=2009357356053.929, forwarded_or_dropped=1, reason_for_drop='Expiry'
DUPE: 2004442650423_Node0_Node8_Zero, Node1 id 2004442650423_Node0_Node8_Zero was a dupe; retransmit: 0, pkt_enqueue_time=2009361015708.4744, pkt_dequeue_time=2009361015708.4744, forwarded_or_dropped=1, reason_for_drop='Expiry'
DUPE: 2006254187280_Node0_Node8_Zero, Node1 id 2006254187280_Node0_Node8_Zero was a dupe; retransmit: 0, pkt_enqueue_time=2009364675363.0198, pkt_dequeue_time=2009364675363.0198, forwarded_or_dropped=1, reason_for_drop='Expiry'
DUPE: 2005377093834_Node0_Node8_Zero, Node1 id 2005377093834_Node0_Node8_Zero was a dupe; retransmit: 0, pkt_enqueue_time=2009389281496.2922, pkt_dequeue_time=2009389281496.2922, forwarded_or_dropped=1, reason_for_drop='Expiry'
DUPE: 2004844288658_Node0_Node8_Zero, Node1 id 2004844288658_Node0_Node8_Zero was a dupe; retransmit: 0, pkt_enqueue_time=2009392961150.8376, pkt_dequeue_time=2009392961150.8376, forwarded_or_dropped=1, reason_for_drop='Expiry'
DUPE: 2005065593636_Node0_Node8_Zero, Node1 id 2005065593636_Node0_Node8_Zero was a dupe; retransmit: 0, pkt_enqueue_time=2009406608320.4739, pkt_dequeue_time=2009406608320.4739, forwarded_or_dropped=1, reason_for_drop='Expiry'
DUPE: 2006196800100_Node0_Node8_Zero, Node1 id 2006196800100_Node0_Node8_Zero was a dupe; retransmit: 0, pkt_enqueue_time=2009414047629.5647, pkt_dequeue_time=2009414047629.5647, forwarded_or_dropped=1, reason_for_drop='Expiry'
DUPE: 2004590185660_Node0_Node8_Zero, Node1 id 2004590185660_Node0_Node8_Zero was a dupe; retransmit: 0, pkt_enqueue_time=2009417787284.11, pkt_dequeue_time=2009417787284.11, forwarded_or_dropped=1, reason_for_drop='Expiry'
DUPE: 2004426252244_Node0_Node8_Zero, Node1 id 2004426252244_Node0_Node8_Zero was a dupe; retransmit: 0, pkt_enqueue_time=2009421526938.6555, pkt_dequeue_time=2009421526938.6555, forwarded_or_dropped=1, reason_for_drop='Expiry'
DUPE: 2006073854638_Node0_Node8_Zero, Node1 id 2006073854638_Node0_Node8_Zero was a dupe; retransmit: 0, pkt_enqueue_time=2009432765902.2917, pkt_dequeue_time=2009432765902.2917, forwarded_or_dropped=1, reason_for_drop='Expiry'
DUPE: 2005549233632_Node0_Node8_Zero, Node1 id 2005549233632_Node0_Node8_Zero was a dupe; retransmit: 0, pkt_enqueue_time=2009436525556.8372, pkt_dequeue_time=2009436525556.8372, forwarded_or_dropped=1, reason_for_drop='Expiry'
DUPE: 2005696800901_Node0_Node8_Zero, Node1 id 2005696800901_Node0_Node8_Zero was a dupe; retransmit: 0, pkt_enqueue_time=2009450912726.4734, pkt_dequeue_time=2009450912726.4734, forwarded_or_dropped=1, reason_for_drop='Expiry'
DUPE: 2005598426944_Node0_Node8_Zero, Node1 id 2005598426944_Node0_Node8_Zero was a dupe; retransmit: 0, pkt_enqueue_time=2009454692381.0188, pkt_dequeue_time=2009454692381.0188, forwarded_or_dropped=1, reason_for_drop='Expiry'
DUPE: 2005582026998_Node0_Node8_Zero, Node1 id 2005582026998_Node0_Node8_Zero was a dupe; retransmit: 0, pkt_enqueue_time=2009458492035.5642, pkt_dequeue_time=2009458492035.5642, forwarded_or_dropped=1, reason_for_drop='Expiry'
DUPE: 2004893474774_Node0_Node8_Zero, Node1 id 2004893474774_Node0_Node8_Zero was a dupe; retransmit: 0, pkt_enqueue_time=2009493010992.8367, pkt_dequeue_time=2009493010992.8367, forwarded_or_dropped=1, reason_for_drop='Expiry'
DUPE: 2004860678105_Node0_Node8_Zero, Node1 id 2004860678105_Node0_Node8_Zero was a dupe; retransmit: 0, pkt_enqueue_time=2009496810647.382, pkt_dequeue_time=2009496810647.382, forwarded_or_dropped=1, reason_for_drop='Expiry'
DUPE: 2004352483002_Node0_Node8_Zero, Node1 id 2004352483002_Node0_Node8_Zero was a dupe; retransmit: 0, pkt_enqueue_time=2009500630301.9275, pkt_dequeue_time=2009500630301.9275, forwarded_or_dropped=1, reason_for_drop='Expiry'
DUPE: 2006491874600_Node0_Node8_Zero, Node1 id 2006491874600_Node0_Node8_Zero was a dupe; retransmit: 0, pkt_enqueue_time=2009512089265.5637, pkt_dequeue_time=2009512089265.5637, forwarded_or_dropped=1, reason_for_drop='Expiry'
DUPE: 2005319715876_Node0_Node8_Zero, Node1 id 2005319715876_Node0_Node8_Zero was a dupe; retransmit: 0, pkt_enqueue_time=2009523568229.2, pkt_dequeue_time=2009523568229.2, forwarded_or_dropped=1, reason_for_drop='Expiry'
DUPE: 2005196733073_Node0_Node8_Zero, Node1 id 2005196733073_Node0_Node8_Zero was a dupe; retransmit: 0, pkt_enqueue_time=2009527407883.7454, pkt_dequeue_time=2009527407883.7454, forwarded_or_dropped=1, reason_for_drop='Expiry'
DUPE: 2004639374862_Node0_Node8_Zero, Node1 id 2004639374862_Node0_Node8_Zero was a dupe; retransmit: 0, pkt_enqueue_time=2009531247538.2908, pkt_dequeue_time=2009531247538.2908, forwarded_or_dropped=1, reason_for_drop='Expiry'
DUPE: 2004770518823_Node0_Node8_Zero, Node1 id 2004770518823_Node0_Node8_Zero was a dupe; retransmit: 0, pkt_enqueue_time=2009548694362.4724, pkt_dequeue_time=2009548694362.4724, forwarded_or_dropped=1, reason_for_drop='Expiry'
DUPE: 2004557404595_Node0_Node8_Zero, Node1 id 2004557404595_Node0_Node8_Zero was a dupe; retransmit: 0, pkt_enqueue_time=2009552554017.0178, pkt_dequeue_time=2009552554017.0178, forwarded_or_dropped=1, reason_for_drop='Expiry'
DUPE: 2005754169815_Node0_Node8_Zero, Node1 id 2005754169815_Node0_Node8_Zero was a dupe; retransmit: 0, pkt_enqueue_time=2009556413671.5632, pkt_dequeue_time=2009556413671.5632, forwarded_or_dropped=1, reason_for_drop='Expiry'
DUPE: 2005672198120_Node0_Node8_Zero, Node1 id 2005672198120_Node0_Node8_Zero was a dupe; retransmit: 0, pkt_enqueue_time=2009560273326.1086, pkt_dequeue_time=2009560273326.1086, forwarded_or_dropped=1, reason_for_drop='Expiry'
DUPE: 2004303296056_Node0_Node8_Zero, Node1 id 2004303296056_Node0_Node8_Zero was a dupe; retransmit: 0, pkt_enqueue_time=2009586188010.8357, pkt_dequeue_time=2009586188010.8357, forwarded_or_dropped=1, reason_for_drop='Expiry'
DUPE: 2005770570623_Node0_Node8_Zero, Node1 id 2005770570623_Node0_Node8_Zero was a dupe; retransmit: 0, pkt_enqueue_time=2009590067665.381, pkt_dequeue_time=2009590067665.381, forwarded_or_dropped=1, reason_for_drop='Expiry'
DUPE: 2005590225919_Node0_Node8_Zero, Node1 id 2005590225919_Node0_Node8_Zero was a dupe; retransmit: 0, pkt_enqueue_time=2009593947319.9265, pkt_dequeue_time=2009593947319.9265, forwarded_or_dropped=1, reason_for_drop='Expiry'
Node.py: (Node0)@2009600000000.0: Updated MCS from 1 to 2, hist=deque([0.75, 0.8571428571428571, 0.0, 0.0, 0.0], maxlen=5), packets_serviced=0, packets_received=49
Called Update: UpdateRouteCalls = 0, force = False
Node.py: (Node1)@2009600000000.0: Updated MCS from 3 to 3, hist=deque([0.0, 0.0, 0.0, 0.0, 0.0], maxlen=5), packets_serviced=0, packets_received=113
Called Update: UpdateRouteCalls = 1, force = False
Called Update: UpdateRouteCalls = 2, force = False
Called Update: UpdateRouteCalls = 3, force = False
Called Update: UpdateRouteCalls = 4, force = False
Called Update: UpdateRouteCalls = 5, force = False
Called Update: UpdateRouteCalls = 6, force = False
Called Update: UpdateRouteCalls = 7, force = False
Called Update: UpdateRouteCalls = 8, force = False
Called Update: UpdateRouteCalls = 9, force = False
!! UPDATING !!
routeNo, updatedMCSIndex =  0 [2, 3, 3, 3, 3, 2, 0, 3]
DUPE: 2004975446052_Node0_Node8_Zero, Node1 id 2004975446052_Node0_Node8_Zero was a dupe; retransmit: 0, pkt_enqueue_time=2009608654489.5627, pkt_dequeue_time=2009608654489.5627, forwarded_or_dropped=1, reason_for_drop='Expiry'
DUPE: 2003508203937_Node0_Node8_Zero, Node1 id 2003508203937_Node0_Node8_Zero was a dupe; retransmit: 0, pkt_enqueue_time=2009612534144.1082, pkt_dequeue_time=2009612534144.1082, forwarded_or_dropped=1, reason_for_drop='Expiry'
DUPE: 2003516400566_Node0_Node8_Zero, Node1 id 2003516400566_Node0_Node8_Zero was a dupe; retransmit: 0, pkt_enqueue_time=2009612534144.1082, pkt_dequeue_time=2009612534144.1082, forwarded_or_dropped=1, reason_for_drop='Expiry'
DUPE: 2004262308477_Node0_Node8_Zero, Node1 id 2004262308477_Node0_Node8_Zero was a dupe; retransmit: 0, pkt_enqueue_time=2009614152350.1082, pkt_dequeue_time=2009614152350.1082, forwarded_or_dropped=1, reason_for_drop='Expiry'
DUPE: 2002442606850_Node0_Node8_Zero, Node1 id 2002442606850_Node0_Node8_Zero was a dupe; retransmit: 0, pkt_enqueue_time=2009618054186.4717, pkt_dequeue_time=2009618054186.4717, forwarded_or_dropped=1, reason_for_drop='Expiry'
DUPE: 2002418016436_Node0_Node8_Zero, Node1 id 2002418016436_Node0_Node8_Zero was a dupe; retransmit: 0, pkt_enqueue_time=2009621953841.017, pkt_dequeue_time=2009621953841.017, forwarded_or_dropped=1, reason_for_drop='Expiry'
DUPE: 2002163905605_Node0_Node8_Zero, Node1 id 2002163905605_Node0_Node8_Zero was a dupe; retransmit: 0, pkt_enqueue_time=2009625873495.5625, pkt_dequeue_time=2009625873495.5625, forwarded_or_dropped=1, reason_for_drop='Expiry'
DUPE: 2003786895022_Node0_Node8_Zero, Node1 id 2003786895022_Node0_Node8_Zero was a dupe; retransmit: 0, pkt_enqueue_time=2009629773150.108, pkt_dequeue_time=2009629773150.108, forwarded_or_dropped=1, reason_for_drop='Expiry'
DUPE: 2003795087364_Node0_Node8_Zero, Node1 id 2003795087364_Node0_Node8_Zero was a dupe; retransmit: 0, pkt_enqueue_time=2009629773150.108, pkt_dequeue_time=2009629773150.108, forwarded_or_dropped=1, reason_for_drop='Expiry'
DUPE: 2006237795244_Node0_Node8_Zero, Node1 id 2006237795244_Node0_Node8_Zero was a dupe; retransmit: 0, pkt_enqueue_time=2009633695713.7444, pkt_dequeue_time=2009633695713.7444, forwarded_or_dropped=1, reason_for_drop='Expiry'
DUPE: 2006541057965_Node0_Node8_Zero, Node1 id 2006541057965_Node0_Node8_Zero was a dupe; retransmit: 0, pkt_enqueue_time=2009648902883.3806, pkt_dequeue_time=2009648902883.3806, forwarded_or_dropped=1, reason_for_drop='Expiry'
DUPE: 2005008221176_Node0_Node8_Zero, Node1 id 2005008221176_Node0_Node8_Zero was a dupe; retransmit: 0, pkt_enqueue_time=2009664601501.5623, pkt_dequeue_time=2009664601501.5623, forwarded_or_dropped=1, reason_for_drop='Expiry'
DUPE: 2002606545433_Node0_Node8_Zero, Node1 id 2002606545433_Node0_Node8_Zero was a dupe; retransmit: 0, pkt_enqueue_time=2009668541156.1077, pkt_dequeue_time=2009668541156.1077, forwarded_or_dropped=1, reason_for_drop='Expiry'
DUPE: 2002483592170_Node0_Node8_Zero, Node1 id 2002483592170_Node0_Node8_Zero was a dupe; retransmit: 0, pkt_enqueue_time=2009672480810.653, pkt_dequeue_time=2009672480810.653, forwarded_or_dropped=1, reason_for_drop='Expiry'
DUPE: 2002311464081_Node0_Node8_Zero, Node1 id 2002311464081_Node0_Node8_Zero was a dupe; retransmit: 0, pkt_enqueue_time=2009676420465.1985, pkt_dequeue_time=2009676420465.1985, forwarded_or_dropped=1, reason_for_drop='Expiry'
DUPE: 2002122934294_Node0_Node8_Zero, Node1 id 2002122934294_Node0_Node8_Zero was a dupe; retransmit: 0, pkt_enqueue_time=2009680360119.744, pkt_dequeue_time=2009680360119.744, forwarded_or_dropped=1, reason_for_drop='Expiry'
DUPE: 2006377124808_Node0_Node8_Zero, Node1 id 2006377124808_Node0_Node8_Zero was a dupe; retransmit: 0, pkt_enqueue_time=2009699483701.3801, pkt_dequeue_time=2009699483701.3801, forwarded_or_dropped=1, reason_for_drop='Expiry'
DUPE: 2006270581577_Node0_Node8_Zero, Node1 id 2006270581577_Node0_Node8_Zero was a dupe; retransmit: 0, pkt_enqueue_time=2009703443355.9255, pkt_dequeue_time=2009703443355.9255, forwarded_or_dropped=1, reason_for_drop='Expiry'
DUPE: 2002639336188_Node0_Node8_Zero, Node1 id 2002639336188_Node0_Node8_Zero was a dupe; retransmit: 0, pkt_enqueue_time=2009707403010.471, pkt_dequeue_time=2009707403010.471, forwarded_or_dropped=1, reason_for_drop='Expiry'
DUPE: 2005647614322_Node0_Node8_Zero, Node1 id 2005647614322_Node0_Node8_Zero was a dupe; retransmit: 0, pkt_enqueue_time=2009711362665.0164, pkt_dequeue_time=2009711362665.0164, forwarded_or_dropped=1, reason_for_drop='Expiry'
DUPE: 2006286968384_Node0_Node8_Zero, Node1 id 2006286968384_Node0_Node8_Zero was a dupe; retransmit: 0, pkt_enqueue_time=2009715322319.5618, pkt_dequeue_time=2009715322319.5618, forwarded_or_dropped=1, reason_for_drop='Expiry'
DUPE: 2006623030481_Node0_Node8_Zero, Node1 id 2006623030481_Node0_Node8_Zero was a dupe; retransmit: 0, pkt_enqueue_time=2009723281628.6526, pkt_dequeue_time=2009723281628.6526, forwarded_or_dropped=1, reason_for_drop='Expiry'
DUPE: 2002336049914_Node0_Node8_Zero, Node1 id 2002336049914_Node0_Node8_Zero was a dupe; retransmit: 0, pkt_enqueue_time=2009727261283.198, pkt_dequeue_time=2009727261283.198, forwarded_or_dropped=1, reason_for_drop='Expiry'
DUPE: 2004213122175_Node0_Node8_Zero, Node1 id 2004213122175_Node0_Node8_Zero was a dupe; retransmit: 0, pkt_enqueue_time=2009731220937.7434, pkt_dequeue_time=2009731220937.7434, forwarded_or_dropped=1, reason_for_drop='Expiry'
DUPE: 2004221323716_Node0_Node8_Zero, Node1 id 2004221323716_Node0_Node8_Zero was a dupe; retransmit: 0, pkt_enqueue_time=2009731220937.7434, pkt_dequeue_time=2009731220937.7434, forwarded_or_dropped=1, reason_for_drop='Expiry'
DUPE: 2003901656352_Node0_Node8_Zero, Node1 id 2003901656352_Node0_Node8_Zero was a dupe; retransmit: 0, pkt_enqueue_time=2009735183501.38, pkt_dequeue_time=2009735183501.38, forwarded_or_dropped=1, reason_for_drop='Expiry'
DUPE: 2003909848657_Node0_Node8_Zero, Node1 id 2003909848657_Node0_Node8_Zero was a dupe; retransmit: 0, pkt_enqueue_time=2009735183501.38, pkt_dequeue_time=2009735183501.38, forwarded_or_dropped=1, reason_for_drop='Expiry'
DUPE: 2005573833349_Node0_Node8_Zero, Node1 id 2005573833349_Node0_Node8_Zero was a dupe; retransmit: 0, pkt_enqueue_time=2009739166065.0164, pkt_dequeue_time=2009739166065.0164, forwarded_or_dropped=1, reason_for_drop='Expiry'
DUPE: 2005565631773_Node0_Node8_Zero, Node1 id 2005565631773_Node0_Node8_Zero was a dupe; retransmit: 0, pkt_enqueue_time=2009743165719.5618, pkt_dequeue_time=2009743165719.5618, forwarded_or_dropped=1, reason_for_drop='Expiry'
DUPE: 2006680420839_Node0_Node8_Zero, Node1 id 2006680420839_Node0_Node8_Zero was a dupe; retransmit: 0, pkt_enqueue_time=2009754273234.6526, pkt_dequeue_time=2009754273234.6526, forwarded_or_dropped=1, reason_for_drop='Expiry'
DUPE: 2004909872559_Node0_Node8_Zero, Node1 id 2004909872559_Node0_Node8_Zero was a dupe; retransmit: 0, pkt_enqueue_time=2009762272543.7434, pkt_dequeue_time=2009762272543.7434, forwarded_or_dropped=1, reason_for_drop='Expiry'
DUPE: 2004901674164_Node0_Node8_Zero, Node1 id 2004901674164_Node0_Node8_Zero was a dupe; retransmit: 0, pkt_enqueue_time=2009766272198.2888, pkt_dequeue_time=2009766272198.2888, forwarded_or_dropped=1, reason_for_drop='Expiry'
DUPE: 2004254111290_Node0_Node8_Zero, Node1 id 2004254111290_Node0_Node8_Zero was a dupe; retransmit: 0, pkt_enqueue_time=2009769411852.8342, pkt_dequeue_time=2009769411852.8342, forwarded_or_dropped=1, reason_for_drop='Expiry'
DUPE: 2002073757671_Node0_Node8_Zero, Node1 id 2002073757671_Node0_Node8_Zero was a dupe; retransmit: 0, pkt_enqueue_time=2009773433689.1978, pkt_dequeue_time=2009773433689.1978, forwarded_or_dropped=1, reason_for_drop='Expiry'
DUPE: 2002975407969_Node0_Node8_Zero, Node1 id 2002975407969_Node0_Node8_Zero was a dupe; retransmit: 0, pkt_enqueue_time=2009777453343.7432, pkt_dequeue_time=2009777453343.7432, forwarded_or_dropped=1, reason_for_drop='Expiry'
DUPE: 2002893435001_Node0_Node8_Zero, Node1 id 2002893435001_Node0_Node8_Zero was a dupe; retransmit: 0, pkt_enqueue_time=2009781472998.2886, pkt_dequeue_time=2009781472998.2886, forwarded_or_dropped=1, reason_for_drop='Expiry'
DUPE: 2005155741919_Node0_Node8_Zero, Node1 id 2005155741919_Node0_Node8_Zero was a dupe; retransmit: 0, pkt_enqueue_time=2009785492652.834, pkt_dequeue_time=2009785492652.834, forwarded_or_dropped=1, reason_for_drop='Expiry'
DUPE: 2004713144122_Node0_Node8_Zero, Node1 id 2004713144122_Node0_Node8_Zero was a dupe; retransmit: 0, pkt_enqueue_time=2009789512307.3794, pkt_dequeue_time=2009789512307.3794, forwarded_or_dropped=1, reason_for_drop='Expiry'
DUPE: 2005901721738_Node0_Node8_Zero, Node1 id 2005901721738_Node0_Node8_Zero was a dupe; retransmit: 0, pkt_enqueue_time=2009793551961.9248, pkt_dequeue_time=2009793551961.9248, forwarded_or_dropped=1, reason_for_drop='Expiry'
DUPE: 2005688600210_Node0_Node8_Zero, Node1 id 2005688600210_Node0_Node8_Zero was a dupe; retransmit: 0, pkt_enqueue_time=2009797591616.4702, pkt_dequeue_time=2009797591616.4702, forwarded_or_dropped=1, reason_for_drop='Expiry'
DUPE: 2006221395311_Node0_Node8_Zero, Node1 id 2006221395311_Node0_Node8_Zero was a dupe; retransmit: 0, pkt_enqueue_time=2009807599131.561, pkt_dequeue_time=2009807599131.561, forwarded_or_dropped=1, reason_for_drop='Expiry'
DUPE: 2006336146648_Node0_Node8_Zero, Node1 id 2006336146648_Node0_Node8_Zero was a dupe; retransmit: 0, pkt_enqueue_time=2009810387337.561, pkt_dequeue_time=2009810387337.561, forwarded_or_dropped=1, reason_for_drop='Expiry'
DUPE: 2005032805045_Node0_Node8_Zero, Node1 id 2005032805045_Node0_Node8_Zero was a dupe; retransmit: 0, pkt_enqueue_time=2009814426992.1064, pkt_dequeue_time=2009814426992.1064, forwarded_or_dropped=1, reason_for_drop='Expiry'
DUPE: 2004885277389_Node0_Node8_Zero, Node1 id 2004885277389_Node0_Node8_Zero was a dupe; retransmit: 0, pkt_enqueue_time=2009818466646.6519, pkt_dequeue_time=2009818466646.6519, forwarded_or_dropped=1, reason_for_drop='Expiry'
DUPE: 2002327856381_Node0_Node8_Zero, Node1 id 2002327856381_Node0_Node8_Zero was a dupe; retransmit: 0, pkt_enqueue_time=2009822526301.1973, pkt_dequeue_time=2009822526301.1973, forwarded_or_dropped=1, reason_for_drop='Expiry'
DUPE: 2002278672787_Node0_Node8_Zero, Node1 id 2002278672787_Node0_Node8_Zero was a dupe; retransmit: 0, pkt_enqueue_time=2009826585955.7427, pkt_dequeue_time=2009826585955.7427, forwarded_or_dropped=1, reason_for_drop='Expiry'
DUPE: 2006746000702_Node0_Node8_Zero, Node1 id 2006746000702_Node0_Node8_Zero was a dupe; retransmit: 0, pkt_enqueue_time=2009837333470.8335, pkt_dequeue_time=2009837333470.8335, forwarded_or_dropped=1, reason_for_drop='Expiry'
DUPE: 2006082053751_Node0_Node8_Zero, Node1 id 2006082053751_Node0_Node8_Zero was a dupe; retransmit: 0, pkt_enqueue_time=2009845452779.9243, pkt_dequeue_time=2009845452779.9243, forwarded_or_dropped=1, reason_for_drop='Expiry'
DUPE: 2004754130977_Node0_Node8_Zero, Node1 id 2004754130977_Node0_Node8_Zero was a dupe; retransmit: 0, pkt_enqueue_time=2009849532434.4697, pkt_dequeue_time=2009849532434.4697, forwarded_or_dropped=1, reason_for_drop='Expiry'
DUPE: 2006705014041_Node0_Node8_Zero, Node1 id 2006705014041_Node0_Node8_Zero was a dupe; retransmit: 0, pkt_enqueue_time=2009877007119.1968, pkt_dequeue_time=2009877007119.1968, forwarded_or_dropped=1, reason_for_drop='Expiry'
DUPE: 2006385321557_Node0_Node8_Zero, Node1 id 2006385321557_Node0_Node8_Zero was a dupe; retransmit: 0, pkt_enqueue_time=2009885166428.2876, pkt_dequeue_time=2009885166428.2876, forwarded_or_dropped=1, reason_for_drop='Expiry'
DUPE: 2006008283229_Node0_Node8_Zero, Node1 id 2006008283229_Node0_Node8_Zero was a dupe; retransmit: 0, pkt_enqueue_time=2009889266082.833, pkt_dequeue_time=2009889266082.833, forwarded_or_dropped=1, reason_for_drop='Expiry'
DUPE: 2005368899119_Node0_Node8_Zero, Node1 id 2005368899119_Node0_Node8_Zero was a dupe; retransmit: 0, pkt_enqueue_time=2009893365737.3784, pkt_dequeue_time=2009893365737.3784, forwarded_or_dropped=1, reason_for_drop='Expiry'
DUPE: 2005213132870_Node0_Node8_Zero, Node1 id 2005213132870_Node0_Node8_Zero was a dupe; retransmit: 0, pkt_enqueue_time=2009897465391.9238, pkt_dequeue_time=2009897465391.9238, forwarded_or_dropped=1, reason_for_drop='Expiry'
DUPE: 2004762324688_Node0_Node8_Zero, Node1 id 2004762324688_Node0_Node8_Zero was a dupe; retransmit: 0, pkt_enqueue_time=2009901565046.4692, pkt_dequeue_time=2009901565046.4692, forwarded_or_dropped=1, reason_for_drop='Expiry'
DUPE: 2003065563430_Node0_Node8_Zero, Node1 id 2003065563430_Node0_Node8_Zero was a dupe; retransmit: 0, pkt_enqueue_time=2009905664701.0146, pkt_dequeue_time=2009905664701.0146, forwarded_or_dropped=1, reason_for_drop='Expiry'
DUPE: 2003040973581_Node0_Node8_Zero, Node1 id 2003040973581_Node0_Node8_Zero was a dupe; retransmit: 0, pkt_enqueue_time=2009909764355.56, pkt_dequeue_time=2009909764355.56, forwarded_or_dropped=1, reason_for_drop='Expiry'
DUPE: 2003803284867_Node0_Node8_Zero, Node1 id 2003803284867_Node0_Node8_Zero was a dupe; retransmit: 0, pkt_enqueue_time=2009913844010.1055, pkt_dequeue_time=2009913844010.1055, forwarded_or_dropped=1, reason_for_drop='Expiry'
DUPE: 2003811477931_Node0_Node8_Zero, Node1 id 2003811477931_Node0_Node8_Zero was a dupe; retransmit: 0, pkt_enqueue_time=2009913844010.1055, pkt_dequeue_time=2009913844010.1055, forwarded_or_dropped=1, reason_for_drop='Expiry'
DUPE: 2006032873457_Node0_Node8_Zero, Node1 id 2006032873457_Node0_Node8_Zero was a dupe; retransmit: 0, pkt_enqueue_time=2009930285537.3782, pkt_dequeue_time=2009930285537.3782, forwarded_or_dropped=1, reason_for_drop='Expiry'
DUPE: 2004467239736_Node0_Node8_Zero, Node1 id 2004467239736_Node0_Node8_Zero was a dupe; retransmit: 0, pkt_enqueue_time=2009934405191.9236, pkt_dequeue_time=2009934405191.9236, forwarded_or_dropped=1, reason_for_drop='Expiry'
DUPE: 2003213107384_Node0_Node8_Zero, Node1 id 2003213107384_Node0_Node8_Zero was a dupe; retransmit: 0, pkt_enqueue_time=2009938504846.469, pkt_dequeue_time=2009938504846.469, forwarded_or_dropped=1, reason_for_drop='Expiry'
DUPE: 2003221300901_Node0_Node8_Zero, Node1 id 2003221300901_Node0_Node8_Zero was a dupe; retransmit: 0, pkt_enqueue_time=2009938504846.469, pkt_dequeue_time=2009938504846.469, forwarded_or_dropped=1, reason_for_drop='Expiry'
DUPE: 2003229497082_Node0_Node8_Zero, Node1 id 2003229497082_Node0_Node8_Zero was a dupe; retransmit: 0, pkt_enqueue_time=2009940623052.469, pkt_dequeue_time=2009940623052.469, forwarded_or_dropped=1, reason_for_drop='Expiry'
DUPE: 2003237697231_Node0_Node8_Zero, Node1 id 2003237697231_Node0_Node8_Zero was a dupe; retransmit: 0, pkt_enqueue_time=2009940623052.469, pkt_dequeue_time=2009940623052.469, forwarded_or_dropped=1, reason_for_drop='Expiry'
DUPE: 2003139334489_Node0_Node8_Zero, Node1 id 2003139334489_Node0_Node8_Zero was a dupe; retransmit: 0, pkt_enqueue_time=2009944745616.1055, pkt_dequeue_time=2009944745616.1055, forwarded_or_dropped=1, reason_for_drop='Expiry'
DUPE: 2003540991970_Node0_Node8_Zero, Node1 id 2003540991970_Node0_Node8_Zero was a dupe; retransmit: 0, pkt_enqueue_time=2009948845270.651, pkt_dequeue_time=2009948845270.651, forwarded_or_dropped=1, reason_for_drop='Expiry'
DUPE: 2003549187737_Node0_Node8_Zero, Node1 id 2003549187737_Node0_Node8_Zero was a dupe; retransmit: 0, pkt_enqueue_time=2009948845270.651, pkt_dequeue_time=2009948845270.651, forwarded_or_dropped=1, reason_for_drop='Expiry'
DUPE: 2005131162612_Node0_Node8_Zero, Node1 id 2005131162612_Node0_Node8_Zero was a dupe; retransmit: 0, pkt_enqueue_time=2009957107488.8328, pkt_dequeue_time=2009957107488.8328, forwarded_or_dropped=1, reason_for_drop='Expiry'
DUPE: 2002245879094_Node0_Node8_Zero, Node1 id 2002245879094_Node0_Node8_Zero was a dupe; retransmit: 0, pkt_enqueue_time=2009961247143.3782, pkt_dequeue_time=2009961247143.3782, forwarded_or_dropped=1, reason_for_drop='Expiry'
DUPE: 2003106540804_Node0_Node8_Zero, Node1 id 2003106540804_Node0_Node8_Zero was a dupe; retransmit: 0, pkt_enqueue_time=2009965386797.9236, pkt_dequeue_time=2009965386797.9236, forwarded_or_dropped=1, reason_for_drop='Expiry'
DUPE: 2003000000019_Node0_Node8_Zero, Node1 id 2003000000019_Node0_Node8_Zero was a dupe; retransmit: 0, pkt_enqueue_time=2009969526452.469, pkt_dequeue_time=2009969526452.469, forwarded_or_dropped=1, reason_for_drop='Expiry'
DUPE: 2005819745293_Node0_Node8_Zero, Node1 id 2005819745293_Node0_Node8_Zero was a dupe; retransmit: 0, pkt_enqueue_time=2009973686107.0144, pkt_dequeue_time=2009973686107.0144, forwarded_or_dropped=1, reason_for_drop='Expiry'
DUPE: 2006877143763_Node0_Node8_Zero, Node1 id 2006877143763_Node0_Node8_Zero was a dupe; retransmit: 0, pkt_enqueue_time=2009982005416.1052, pkt_dequeue_time=2009982005416.1052, forwarded_or_dropped=1, reason_for_drop='Expiry'
DUPE: 2002696716150_Node0_Node8_Zero, Node1 id 2002696716150_Node0_Node8_Zero was a dupe; retransmit: 0, pkt_enqueue_time=2009986165070.6506, pkt_dequeue_time=2009986165070.6506, forwarded_or_dropped=1, reason_for_drop='Expiry'
DUPE: 2002491789272_Node0_Node8_Zero, Node1 id 2002491789272_Node0_Node8_Zero was a dupe; retransmit: 0, pkt_enqueue_time=2009990324725.196, pkt_dequeue_time=2009990324725.196, forwarded_or_dropped=1, reason_for_drop='Expiry'
DUPE: 2002385222455_Node0_Node8_Zero, Node1 id 2002385222455_Node0_Node8_Zero was a dupe; retransmit: 0, pkt_enqueue_time=2009994484379.7415, pkt_dequeue_time=2009994484379.7415, forwarded_or_dropped=1, reason_for_drop='Expiry'
DUPE: 2003073759003_Node0_Node8_Zero, Node1 id 2003073759003_Node0_Node8_Zero was a dupe; retransmit: 0, pkt_enqueue_time=2009998664034.2869, pkt_dequeue_time=2009998664034.2869, forwarded_or_dropped=1, reason_for_drop='Expiry'
main.py: Progress: 2010 / 2014
Node.py: (Node0)@2010000000000.0: Updated MCS from 2 to 3, hist=deque([0.8571428571428571, 0.0, 0.0, 0.0, 0.0], maxlen=5), packets_serviced=0, packets_received=48
Called Update: UpdateRouteCalls = 0, force = False
Node.py: (Node1)@2010000000000.0: Updated MCS from 3 to 3, hist=deque([0.0, 0.0, 0.0, 0.0, 0.0], maxlen=5), packets_serviced=0, packets_received=112
Called Update: UpdateRouteCalls = 1, force = False
Called Update: UpdateRouteCalls = 2, force = False
Called Update: UpdateRouteCalls = 3, force = False
Called Update: UpdateRouteCalls = 4, force = False
Called Update: UpdateRouteCalls = 5, force = False
Called Update: UpdateRouteCalls = 6, force = False
Called Update: UpdateRouteCalls = 7, force = False
Called Update: UpdateRouteCalls = 8, force = False
Called Update: UpdateRouteCalls = 9, force = False
!! UPDATING !!
routeNo, updatedMCSIndex =  0 [3, 3, 3, 3, 3, 2, 0, 3]
Called Update: UpdateRouteCalls = 0, force = True
!! UPDATING !!
routeNo, updatedMCSIndex =  0 [3, 3, 3, 3, 3, 2, 0, 3]

rf.py: Time: 2010 Route details: {0: {'Route': [0, 1, 2, 3, 4, 5, 6, 7, 8], 'MCS_Index': [3, 3, 3, 3, 3, 2, 0, 3], 'Priority': 1, 'ValidRoute': True, 'HQRoute': True, 'RouteNodeDensity': [0, 0, 0, 0, 0, 0, 0, 0, 0], 'InterferingLinks': 16, 'Target': (-1, -1)}}
node.py: Packet generation complete at node: Node0.
DUPE: 2003950823422_Node0_Node8_Zero, Node1 id 2003950823422_Node0_Node8_Zero was a dupe; retransmit: 0, pkt_enqueue_time=2010002823688.8323, pkt_dequeue_time=2010002823688.8323, forwarded_or_dropped=1, reason_for_drop='Expiry'
DUPE: 2003959021986_Node0_Node8_Zero, Node1 id 2003959021986_Node0_Node8_Zero was a dupe; retransmit: 0, pkt_enqueue_time=2010002823688.8323, pkt_dequeue_time=2010002823688.8323, forwarded_or_dropped=1, reason_for_drop='Expiry'
DUPE: 2005614817641_Node0_Node8_Zero, Node1 id 2005614817641_Node0_Node8_Zero was a dupe; retransmit: 0, pkt_enqueue_time=2010007006252.4688, pkt_dequeue_time=2010007006252.4688, forwarded_or_dropped=1, reason_for_drop='Expiry'
DUPE: 2006942714029_Node0_Node8_Zero, Node1 id 2006942714029_Node0_Node8_Zero was a dupe; retransmit: 0, pkt_enqueue_time=2010015365561.5596, pkt_dequeue_time=2010015365561.5596, forwarded_or_dropped=1, reason_for_drop='Expiry'
DUPE: 2005057398109_Node0_Node8_Zero, Node1 id 2005057398109_Node0_Node8_Zero was a dupe; retransmit: 0, pkt_enqueue_time=2010023724870.6504, pkt_dequeue_time=2010023724870.6504, forwarded_or_dropped=1, reason_for_drop='Expiry'
DUPE: 2004295095433_Node0_Node8_Zero, Node1 id 2004295095433_Node0_Node8_Zero was a dupe; retransmit: 0, pkt_enqueue_time=2010027904525.1958, pkt_dequeue_time=2010027904525.1958, forwarded_or_dropped=1, reason_for_drop='Expiry'
DUPE: 2003459012057_Node0_Node8_Zero, Node1 id 2003459012057_Node0_Node8_Zero was a dupe; retransmit: 0, pkt_enqueue_time=2010032064179.7412, pkt_dequeue_time=2010032064179.7412, forwarded_or_dropped=1, reason_for_drop='Expiry'
DUPE: 2003467210103_Node0_Node8_Zero, Node1 id 2003467210103_Node0_Node8_Zero was a dupe; retransmit: 0, pkt_enqueue_time=2010032064179.7412, pkt_dequeue_time=2010032064179.7412, forwarded_or_dropped=1, reason_for_drop='Expiry'
DUPE: 2002401616404_Node0_Node8_Zero, Node1 id 2002401616404_Node0_Node8_Zero was a dupe; retransmit: 0, pkt_enqueue_time=2010036246743.3777, pkt_dequeue_time=2010036246743.3777, forwarded_or_dropped=1, reason_for_drop='Expiry'
DUPE: 2002229477148_Node0_Node8_Zero, Node1 id 2002229477148_Node0_Node8_Zero was a dupe; retransmit: 0, pkt_enqueue_time=2010040446397.923, pkt_dequeue_time=2010040446397.923, forwarded_or_dropped=1, reason_for_drop='Expiry'
DUPE: 2003049171089_Node0_Node8_Zero, Node1 id 2003049171089_Node0_Node8_Zero was a dupe; retransmit: 0, pkt_enqueue_time=2010044646052.4685, pkt_dequeue_time=2010044646052.4685, forwarded_or_dropped=1, reason_for_drop='Expiry'
DUPE: 2002959012799_Node0_Node8_Zero, Node1 id 2002959012799_Node0_Node8_Zero was a dupe; retransmit: 0, pkt_enqueue_time=2010048845707.014, pkt_dequeue_time=2010048845707.014, forwarded_or_dropped=1, reason_for_drop='Expiry'
DUPE: 2004647573257_Node0_Node8_Zero, Node1 id 2004647573257_Node0_Node8_Zero was a dupe; retransmit: 0, pkt_enqueue_time=2010069312531.1956, pkt_dequeue_time=2010069312531.1956, forwarded_or_dropped=1, reason_for_drop='Expiry'
DUPE: 2002622939225_Node0_Node8_Zero, Node1 id 2002622939225_Node0_Node8_Zero was a dupe; retransmit: 0, pkt_enqueue_time=2010073512185.741, pkt_dequeue_time=2010073512185.741, forwarded_or_dropped=1, reason_for_drop='Expiry'
DUPE: 2002614737883_Node0_Node8_Zero, Node1 id 2002614737883_Node0_Node8_Zero was a dupe; retransmit: 0, pkt_enqueue_time=2010077711840.2864, pkt_dequeue_time=2010077711840.2864, forwarded_or_dropped=1, reason_for_drop='Expiry'
DUPE: 2003868872204_Node0_Node8_Zero, Node1 id 2003868872204_Node0_Node8_Zero was a dupe; retransmit: 0, pkt_enqueue_time=2010081911494.8318, pkt_dequeue_time=2010081911494.8318, forwarded_or_dropped=1, reason_for_drop='Expiry'
DUPE: 2003877068220_Node0_Node8_Zero, Node1 id 2003877068220_Node0_Node8_Zero was a dupe; retransmit: 0, pkt_enqueue_time=2010081911494.8318, pkt_dequeue_time=2010081911494.8318, forwarded_or_dropped=1, reason_for_drop='Expiry'
DUPE: 2006426302055_Node0_Node8_Zero, Node1 id 2006426302055_Node0_Node8_Zero was a dupe; retransmit: 0, pkt_enqueue_time=2010093761919.0137, pkt_dequeue_time=2010093761919.0137, forwarded_or_dropped=1, reason_for_drop='Expiry'
DUPE: 2006180412671_Node0_Node8_Zero, Node1 id 2006180412671_Node0_Node8_Zero was a dupe; retransmit: 0, pkt_enqueue_time=2010097981573.559, pkt_dequeue_time=2010097981573.559, forwarded_or_dropped=1, reason_for_drop='Expiry'
DUPE: 2003409842160_Node0_Node8_Zero, Node1 id 2003409842160_Node0_Node8_Zero was a dupe; retransmit: 0, pkt_enqueue_time=2010102201228.1045, pkt_dequeue_time=2010102201228.1045, forwarded_or_dropped=1, reason_for_drop='Expiry'
DUPE: 2003418036522_Node0_Node8_Zero, Node1 id 2003418036522_Node0_Node8_Zero was a dupe; retransmit: 0, pkt_enqueue_time=2010102201228.1045, pkt_dequeue_time=2010102201228.1045, forwarded_or_dropped=1, reason_for_drop='Expiry'
DUPE: 2002762279663_Node0_Node8_Zero, Node1 id 2002762279663_Node0_Node8_Zero was a dupe; retransmit: 0, pkt_enqueue_time=2010106443791.741, pkt_dequeue_time=2010106443791.741, forwarded_or_dropped=1, reason_for_drop='Expiry'
DUPE: 2002352438780_Node0_Node8_Zero, Node1 id 2002352438780_Node0_Node8_Zero was a dupe; retransmit: 0, pkt_enqueue_time=2010110683446.2864, pkt_dequeue_time=2010110683446.2864, forwarded_or_dropped=1, reason_for_drop='Expiry'
DUPE: 2002090151751_Node0_Node8_Zero, Node1 id 2002090151751_Node0_Node8_Zero was a dupe; retransmit: 0, pkt_enqueue_time=2010114923100.8318, pkt_dequeue_time=2010114923100.8318, forwarded_or_dropped=1, reason_for_drop='Expiry'
DUPE: 2005934506776_Node0_Node8_Zero, Node1 id 2005934506776_Node0_Node8_Zero was a dupe; retransmit: 0, pkt_enqueue_time=2010119162755.3772, pkt_dequeue_time=2010119162755.3772, forwarded_or_dropped=1, reason_for_drop='Expiry'
DUPE: 2004032786768_Node0_Node8_Zero, Node1 id 2004032786768_Node0_Node8_Zero was a dupe; retransmit: 0, pkt_enqueue_time=2010137098131.0134, pkt_dequeue_time=2010137098131.0134, forwarded_or_dropped=1, reason_for_drop='Expiry'
DUPE: 2004040983429_Node0_Node8_Zero, Node1 id 2004040983429_Node0_Node8_Zero was a dupe; retransmit: 0, pkt_enqueue_time=2010137098131.0134, pkt_dequeue_time=2010137098131.0134, forwarded_or_dropped=1, reason_for_drop='Expiry'
DUPE: 2007032871300_Node0_Node8_Zero, Node1 id 2007032871300_Node0_Node8_Zero was a dupe; retransmit: 0, pkt_enqueue_time=2010145660349.1953, pkt_dequeue_time=2010145660349.1953, forwarded_or_dropped=1, reason_for_drop='Expiry'
DUPE: 2007016477734_Node0_Node8_Zero, Node1 id 2007016477734_Node0_Node8_Zero was a dupe; retransmit: 0, pkt_enqueue_time=2010149940003.7407, pkt_dequeue_time=2010149940003.7407, forwarded_or_dropped=1, reason_for_drop='Expiry'
DUPE: 2006885336508_Node0_Node8_Zero, Node1 id 2006885336508_Node0_Node8_Zero was a dupe; retransmit: 0, pkt_enqueue_time=2010154219658.2861, pkt_dequeue_time=2010154219658.2861, forwarded_or_dropped=1, reason_for_drop='Expiry'
DUPE: 2006188604445_Node0_Node8_Zero, Node1 id 2006188604445_Node0_Node8_Zero was a dupe; retransmit: 0, pkt_enqueue_time=2010164947173.377, pkt_dequeue_time=2010164947173.377, forwarded_or_dropped=1, reason_for_drop='Expiry'
DUPE: 2006024676040_Node0_Node8_Zero, Node1 id 2006024676040_Node0_Node8_Zero was a dupe; retransmit: 0, pkt_enqueue_time=2010169226827.9224, pkt_dequeue_time=2010169226827.9224, forwarded_or_dropped=1, reason_for_drop='Expiry'
DUPE: 2005098371693_Node0_Node8_Zero, Node1 id 2005098371693_Node0_Node8_Zero was a dupe; retransmit: 0, pkt_enqueue_time=2010173506482.4678, pkt_dequeue_time=2010173506482.4678, forwarded_or_dropped=1, reason_for_drop='Expiry'
DUPE: 2004795107699_Node0_Node8_Zero, Node1 id 2004795107699_Node0_Node8_Zero was a dupe; retransmit: 0, pkt_enqueue_time=2010177786137.0132, pkt_dequeue_time=2010177786137.0132, forwarded_or_dropped=1, reason_for_drop='Expiry'
DUPE: 2004524614719_Node0_Node8_Zero, Node1 id 2004524614719_Node0_Node8_Zero was a dupe; retransmit: 0, pkt_enqueue_time=2010182065791.5586, pkt_dequeue_time=2010182065791.5586, forwarded_or_dropped=1, reason_for_drop='Expiry'
DUPE: 2003327858041_Node0_Node8_Zero, Node1 id 2003327858041_Node0_Node8_Zero was a dupe; retransmit: 0, pkt_enqueue_time=2010186325446.104, pkt_dequeue_time=2010186325446.104, forwarded_or_dropped=1, reason_for_drop='Expiry'
DUPE: 2003336058045_Node0_Node8_Zero, Node1 id 2003336058045_Node0_Node8_Zero was a dupe; retransmit: 0, pkt_enqueue_time=2010186325446.104, pkt_dequeue_time=2010186325446.104, forwarded_or_dropped=1, reason_for_drop='Expiry'
DUPE: 2002155711673_Node0_Node8_Zero, Node1 id 2002155711673_Node0_Node8_Zero was a dupe; retransmit: 0, pkt_enqueue_time=2010190608009.7405, pkt_dequeue_time=2010190608009.7405, forwarded_or_dropped=1, reason_for_drop='Expiry'
DUPE: 2001991783888_Node0_Node8_Zero, Node1 id 2001991783888_Node0_Node8_Zero was a dupe; retransmit: 0, pkt_enqueue_time=2010194887664.286, pkt_dequeue_time=2010194887664.286, forwarded_or_dropped=1, reason_for_drop='Expiry'
DUPE: 2002877041952_Node0_Node8_Zero, Node1 id 2002877041952_Node0_Node8_Zero was a dupe; retransmit: 0, pkt_enqueue_time=2010199187318.8313, pkt_dequeue_time=2010199187318.8313, forwarded_or_dropped=1, reason_for_drop='Expiry'
DUPE: 2002852446248_Node0_Node8_Zero, Node1 id 2002852446248_Node0_Node8_Zero was a dupe; retransmit: 0, pkt_enqueue_time=2010203486973.3767, pkt_dequeue_time=2010203486973.3767, forwarded_or_dropped=1, reason_for_drop='Expiry'
DUPE: 2002827852185_Node0_Node8_Zero, Node1 id 2002827852185_Node0_Node8_Zero was a dupe; retransmit: 0, pkt_enqueue_time=2010207786627.922, pkt_dequeue_time=2010207786627.922, forwarded_or_dropped=1, reason_for_drop='Expiry'
DUPE: 2006836158252_Node0_Node8_Zero, Node1 id 2006836158252_Node0_Node8_Zero was a dupe; retransmit: 0, pkt_enqueue_time=2010212086282.4675, pkt_dequeue_time=2010212086282.4675, forwarded_or_dropped=1, reason_for_drop='Expiry'
DUPE: 2006352541418_Node0_Node8_Zero, Node1 id 2006352541418_Node0_Node8_Zero was a dupe; retransmit: 0, pkt_enqueue_time=2010237529864.1038, pkt_dequeue_time=2010237529864.1038, forwarded_or_dropped=1, reason_for_drop='Expiry'
DUPE: 2005459058000_Node0_Node8_Zero, Node1 id 2005459058000_Node0_Node8_Zero was a dupe; retransmit: 0, pkt_enqueue_time=2010241829518.6492, pkt_dequeue_time=2010241829518.6492, forwarded_or_dropped=1, reason_for_drop='Expiry'
DUPE: 2004852482500_Node0_Node8_Zero, Node1 id 2004852482500_Node0_Node8_Zero was a dupe; retransmit: 0, pkt_enqueue_time=2010246129173.1946, pkt_dequeue_time=2010246129173.1946, forwarded_or_dropped=1, reason_for_drop='Expiry'
DUPE: 2004704950109_Node0_Node8_Zero, Node1 id 2004704950109_Node0_Node8_Zero was a dupe; retransmit: 0, pkt_enqueue_time=2010250428827.74, pkt_dequeue_time=2010250428827.74, forwarded_or_dropped=1, reason_for_drop='Expiry'
DUPE: 2004672169968_Node0_Node8_Zero, Node1 id 2004672169968_Node0_Node8_Zero was a dupe; retransmit: 0, pkt_enqueue_time=2010254728482.2854, pkt_dequeue_time=2010254728482.2854, forwarded_or_dropped=1, reason_for_drop='Expiry'
DUPE: 2002713106407_Node0_Node8_Zero, Node1 id 2002713106407_Node0_Node8_Zero was a dupe; retransmit: 0, pkt_enqueue_time=2010259028136.8308, pkt_dequeue_time=2010259028136.8308, forwarded_or_dropped=1, reason_for_drop='Expiry'
DUPE: 2002426215435_Node0_Node8_Zero, Node1 id 2002426215435_Node0_Node8_Zero was a dupe; retransmit: 0, pkt_enqueue_time=2010263327791.3762, pkt_dequeue_time=2010263327791.3762, forwarded_or_dropped=1, reason_for_drop='Expiry'
DUPE: 2006459086486_Node0_Node8_Zero, Node1 id 2006459086486_Node0_Node8_Zero was a dupe; retransmit: 0, pkt_enqueue_time=2010273935306.467, pkt_dequeue_time=2010273935306.467, forwarded_or_dropped=1, reason_for_drop='Expiry'
DUPE: 2004942664590_Node0_Node8_Zero, Node1 id 2004942664590_Node0_Node8_Zero was a dupe; retransmit: 0, pkt_enqueue_time=2010282574615.5579, pkt_dequeue_time=2010282574615.5579, forwarded_or_dropped=1, reason_for_drop='Expiry'
DUPE: 2004573793156_Node0_Node8_Zero, Node1 id 2004573793156_Node0_Node8_Zero was a dupe; retransmit: 0, pkt_enqueue_time=2010286894270.1033, pkt_dequeue_time=2010286894270.1033, forwarded_or_dropped=1, reason_for_drop='Expiry'
DUPE: 2003188518401_Node0_Node8_Zero, Node1 id 2003188518401_Node0_Node8_Zero was a dupe; retransmit: 0, pkt_enqueue_time=2010291213924.6487, pkt_dequeue_time=2010291213924.6487, forwarded_or_dropped=1, reason_for_drop='Expiry'
DUPE: 2002795069822_Node0_Node8_Zero, Node1 id 2002795069822_Node0_Node8_Zero was a dupe; retransmit: 0, pkt_enqueue_time=2010295553579.194, pkt_dequeue_time=2010295553579.194, forwarded_or_dropped=1, reason_for_drop='Expiry'
DUPE: 2002213085441_Node0_Node8_Zero, Node1 id 2002213085441_Node0_Node8_Zero was a dupe; retransmit: 0, pkt_enqueue_time=2010299893233.7395, pkt_dequeue_time=2010299893233.7395, forwarded_or_dropped=1, reason_for_drop='Expiry'
DUPE: 2003016385923_Node0_Node8_Zero, Node1 id 2003016385923_Node0_Node8_Zero was a dupe; retransmit: 0, pkt_enqueue_time=2010304232888.285, pkt_dequeue_time=2010304232888.285, forwarded_or_dropped=1, reason_for_drop='Expiry'
DUPE: 2004877077134_Node0_Node8_Zero, Node1 id 2004877077134_Node0_Node8_Zero was a dupe; retransmit: 0, pkt_enqueue_time=2010321580057.9211, pkt_dequeue_time=2010321580057.9211, forwarded_or_dropped=1, reason_for_drop='Expiry'
DUPE: 2004565600108_Node0_Node8_Zero, Node1 id 2004565600108_Node0_Node8_Zero was a dupe; retransmit: 0, pkt_enqueue_time=2010325919712.4666, pkt_dequeue_time=2010325919712.4666, forwarded_or_dropped=1, reason_for_drop='Expiry'
DUPE: 2002811462543_Node0_Node8_Zero, Node1 id 2002811462543_Node0_Node8_Zero was a dupe; retransmit: 0, pkt_enqueue_time=2010330279367.012, pkt_dequeue_time=2010330279367.012, forwarded_or_dropped=1, reason_for_drop='Expiry'
DUPE: 2003180325342_Node0_Node8_Zero, Node1 id 2003180325342_Node0_Node8_Zero was a dupe; retransmit: 0, pkt_enqueue_time=2010332727573.012, pkt_dequeue_time=2010332727573.012, forwarded_or_dropped=1, reason_for_drop='Expiry'
DUPE: 2002565556410_Node0_Node8_Zero, Node1 id 2002565556410_Node0_Node8_Zero was a dupe; retransmit: 0, pkt_enqueue_time=2010337087227.5574, pkt_dequeue_time=2010337087227.5574, forwarded_or_dropped=1, reason_for_drop='Expiry'
DUPE: 2002557363327_Node0_Node8_Zero, Node1 id 2002557363327_Node0_Node8_Zero was a dupe; retransmit: 0, pkt_enqueue_time=2010341446882.1028, pkt_dequeue_time=2010341446882.1028, forwarded_or_dropped=1, reason_for_drop='Expiry'
DUPE: 2002950817588_Node0_Node8_Zero, Node1 id 2002950817588_Node0_Node8_Zero was a dupe; retransmit: 0, pkt_enqueue_time=2010345806536.6482, pkt_dequeue_time=2010345806536.6482, forwarded_or_dropped=1, reason_for_drop='Expiry'
DUPE: 2002901633587_Node0_Node8_Zero, Node1 id 2002901633587_Node0_Node8_Zero was a dupe; retransmit: 0, pkt_enqueue_time=2010350166191.1936, pkt_dequeue_time=2010350166191.1936, forwarded_or_dropped=1, reason_for_drop='Expiry'
DUPE: 2003967215676_Node0_Node8_Zero, Node1 id 2003967215676_Node0_Node8_Zero was a dupe; retransmit: 0, pkt_enqueue_time=2010354505845.739, pkt_dequeue_time=2010354505845.739, forwarded_or_dropped=1, reason_for_drop='Expiry'
DUPE: 2003975417309_Node0_Node8_Zero, Node1 id 2003975417309_Node0_Node8_Zero was a dupe; retransmit: 0, pkt_enqueue_time=2010354505845.739, pkt_dequeue_time=2010354505845.739, forwarded_or_dropped=1, reason_for_drop='Expiry'
DUPE: 2005950893210_Node0_Node8_Zero, Node1 id 2005950893210_Node0_Node8_Zero was a dupe; retransmit: 0, pkt_enqueue_time=2010358868409.3755, pkt_dequeue_time=2010358868409.3755, forwarded_or_dropped=1, reason_for_drop='Expiry'
DUPE: 2005786967681_Node0_Node8_Zero, Node1 id 2005786967681_Node0_Node8_Zero was a dupe; retransmit: 0, pkt_enqueue_time=2010363228063.921, pkt_dequeue_time=2010363228063.921, forwarded_or_dropped=1, reason_for_drop='Expiry'
DUPE: 2006647623777_Node0_Node8_Zero, Node1 id 2006647623777_Node0_Node8_Zero was a dupe; retransmit: 0, pkt_enqueue_time=2010367587718.4663, pkt_dequeue_time=2010367587718.4663, forwarded_or_dropped=1, reason_for_drop='Expiry'
DUPE: 2005180335578_Node0_Node8_Zero, Node1 id 2005180335578_Node0_Node8_Zero was a dupe; retransmit: 0, pkt_enqueue_time=2010371947373.0117, pkt_dequeue_time=2010371947373.0117, forwarded_or_dropped=1, reason_for_drop='Expiry'
DUPE: 2005041000801_Node0_Node8_Zero, Node1 id 2005041000801_Node0_Node8_Zero was a dupe; retransmit: 0, pkt_enqueue_time=2010376307027.5571, pkt_dequeue_time=2010376307027.5571, forwarded_or_dropped=1, reason_for_drop='Expiry'
DUPE: 2004811500873_Node0_Node8_Zero, Node1 id 2004811500873_Node0_Node8_Zero was a dupe; retransmit: 0, pkt_enqueue_time=2010380666682.1025, pkt_dequeue_time=2010380666682.1025, forwarded_or_dropped=1, reason_for_drop='Expiry'
DUPE: 2004598383823_Node0_Node8_Zero, Node1 id 2004598383823_Node0_Node8_Zero was a dupe; retransmit: 0, pkt_enqueue_time=2010385026336.648, pkt_dequeue_time=2010385026336.648, forwarded_or_dropped=1, reason_for_drop='Expiry'
DUPE: 2002532776780_Node0_Node8_Zero, Node1 id 2002532776780_Node0_Node8_Zero was a dupe; retransmit: 0, pkt_enqueue_time=2010389405991.1934, pkt_dequeue_time=2010389405991.1934, forwarded_or_dropped=1, reason_for_drop='Expiry'
DUPE: 2003606568972_Node0_Node8_Zero, Node1 id 2003606568972_Node0_Node8_Zero was a dupe; retransmit: 0, pkt_enqueue_time=2010393765645.7388, pkt_dequeue_time=2010393765645.7388, forwarded_or_dropped=1, reason_for_drop='Expiry'
DUPE: 2003614764219_Node0_Node8_Zero, Node1 id 2003614764219_Node0_Node8_Zero was a dupe; retransmit: 0, pkt_enqueue_time=2010393765645.7388, pkt_dequeue_time=2010393765645.7388, forwarded_or_dropped=1, reason_for_drop='Expiry'
DUPE: 2007082041983_Node0_Node8_Zero, Node1 id 2007082041983_Node0_Node8_Zero was a dupe; retransmit: 0, pkt_enqueue_time=2010398148209.3752, pkt_dequeue_time=2010398148209.3752, forwarded_or_dropped=1, reason_for_drop='Expiry'
Node.py: (Node0)@2010400000000.0: Updated MCS from 3 to 3, hist=deque([0.0, 0.0, 0.0, 0.0, 0.0], maxlen=5), packets_serviced=0, packets_received=1
Called Update: UpdateRouteCalls = 0, force = False
Node.py: (Node1)@2010400000000.0: Updated MCS from 3 to 3, hist=deque([0.0, 0.0, 0.0, 0.0, 0.0], maxlen=5), packets_serviced=0, packets_received=104
Called Update: UpdateRouteCalls = 1, force = False
Called Update: UpdateRouteCalls = 2, force = False
Called Update: UpdateRouteCalls = 3, force = False
Called Update: UpdateRouteCalls = 4, force = False
Called Update: UpdateRouteCalls = 5, force = False
Called Update: UpdateRouteCalls = 6, force = False
Called Update: UpdateRouteCalls = 7, force = False
Called Update: UpdateRouteCalls = 8, force = False
Called Update: UpdateRouteCalls = 9, force = False
!! UPDATING !!
routeNo, updatedMCSIndex =  0 [3, 3, 3, 3, 3, 2, 0, 3]
DUPE: 2005139356134_Node0_Node8_Zero, Node1 id 2005139356134_Node0_Node8_Zero was a dupe; retransmit: 0, pkt_enqueue_time=2010417715033.557, pkt_dequeue_time=2010417715033.557, forwarded_or_dropped=1, reason_for_drop='Expiry'
DUPE: 2005745976724_Node0_Node8_Zero, Node1 id 2005745976724_Node0_Node8_Zero was a dupe; retransmit: 0, pkt_enqueue_time=2010422114688.1023, pkt_dequeue_time=2010422114688.1023, forwarded_or_dropped=1, reason_for_drop='Expiry'
DUPE: 2004926273977_Node0_Node8_Zero, Node1 id 2004926273977_Node0_Node8_Zero was a dupe; retransmit: 0, pkt_enqueue_time=2010430933997.193, pkt_dequeue_time=2010430933997.193, forwarded_or_dropped=1, reason_for_drop='Expiry'
DUPE: 2004229517236_Node0_Node8_Zero, Node1 id 2004229517236_Node0_Node8_Zero was a dupe; retransmit: 0, pkt_enqueue_time=2010434493651.7385, pkt_dequeue_time=2010434493651.7385, forwarded_or_dropped=1, reason_for_drop='Expiry'
DUPE: 2005942699068_Node0_Node8_Zero, Node1 id 2005942699068_Node0_Node8_Zero was a dupe; retransmit: 0, pkt_enqueue_time=2010438935488.102, pkt_dequeue_time=2010438935488.102, forwarded_or_dropped=1, reason_for_drop='Expiry'
DUPE: 2006729601300_Node0_Node8_Zero, Node1 id 2006729601300_Node0_Node8_Zero was a dupe; retransmit: 0, pkt_enqueue_time=2010443375142.6475, pkt_dequeue_time=2010443375142.6475, forwarded_or_dropped=1, reason_for_drop='Expiry'
DUPE: 2005024608781_Node0_Node8_Zero, Node1 id 2005024608781_Node0_Node8_Zero was a dupe; retransmit: 0, pkt_enqueue_time=2010447814797.1929, pkt_dequeue_time=2010447814797.1929, forwarded_or_dropped=1, reason_for_drop='Expiry'
DUPE: 2002344242013_Node0_Node8_Zero, Node1 id 2002344242013_Node0_Node8_Zero was a dupe; retransmit: 0, pkt_enqueue_time=2010452254451.7383, pkt_dequeue_time=2010452254451.7383, forwarded_or_dropped=1, reason_for_drop='Expiry'
DUPE: 2007196801362_Node0_Node8_Zero, Node1 id 2007196801362_Node0_Node8_Zero was a dupe; retransmit: 0, pkt_enqueue_time=2010456734106.2837, pkt_dequeue_time=2010456734106.2837, forwarded_or_dropped=1, reason_for_drop='Expiry'
DUPE: 2006319755010_Node0_Node8_Zero, Node1 id 2006319755010_Node0_Node8_Zero was a dupe; retransmit: 0, pkt_enqueue_time=2010461213760.829, pkt_dequeue_time=2010461213760.829, forwarded_or_dropped=1, reason_for_drop='Expiry'
DUPE: 2003122941318_Node0_Node8_Zero, Node1 id 2003122941318_Node0_Node8_Zero was a dupe; retransmit: 0, pkt_enqueue_time=2010465713415.3745, pkt_dequeue_time=2010465713415.3745, forwarded_or_dropped=1, reason_for_drop='Expiry'
DUPE: 2003704934370_Node0_Node8_Zero, Node1 id 2003704934370_Node0_Node8_Zero was a dupe; retransmit: 0, pkt_enqueue_time=2010470193069.92, pkt_dequeue_time=2010470193069.92, forwarded_or_dropped=1, reason_for_drop='Expiry'
DUPE: 2003713127347_Node0_Node8_Zero, Node1 id 2003713127347_Node0_Node8_Zero was a dupe; retransmit: 0, pkt_enqueue_time=2010470193069.92, pkt_dequeue_time=2010470193069.92, forwarded_or_dropped=1, reason_for_drop='Expiry'
DUPE: 2005885325211_Node0_Node8_Zero, Node1 id 2005885325211_Node0_Node8_Zero was a dupe; retransmit: 0, pkt_enqueue_time=2010474695633.5564, pkt_dequeue_time=2010474695633.5564, forwarded_or_dropped=1, reason_for_drop='Expiry'
DUPE: 2007319756644_Node0_Node8_Zero, Node1 id 2007319756644_Node0_Node8_Zero was a dupe; retransmit: 0, pkt_enqueue_time=2010479215288.1018, pkt_dequeue_time=2010479215288.1018, forwarded_or_dropped=1, reason_for_drop='Expiry'
DUPE: 2002803261859_Node0_Node8_Zero, Node1 id 2002803261859_Node0_Node8_Zero was a dupe; retransmit: 0, pkt_enqueue_time=2010483734942.6472, pkt_dequeue_time=2010483734942.6472, forwarded_or_dropped=1, reason_for_drop='Expiry'
DUPE: 2007213192760_Node0_Node8_Zero, Node1 id 2007213192760_Node0_Node8_Zero was a dupe; retransmit: 0, pkt_enqueue_time=2010488274597.1926, pkt_dequeue_time=2010488274597.1926, forwarded_or_dropped=1, reason_for_drop='Expiry'
DUPE: 2007172209042_Node0_Node8_Zero, Node1 id 2007172209042_Node0_Node8_Zero was a dupe; retransmit: 0, pkt_enqueue_time=2010492814251.738, pkt_dequeue_time=2010492814251.738, forwarded_or_dropped=1, reason_for_drop='Expiry'
DUPE: 2007164013808_Node0_Node8_Zero, Node1 id 2007164013808_Node0_Node8_Zero was a dupe; retransmit: 0, pkt_enqueue_time=2010497373906.2834, pkt_dequeue_time=2010497373906.2834, forwarded_or_dropped=1, reason_for_drop='Expiry'
DUPE: 2007114828210_Node0_Node8_Zero, Node1 id 2007114828210_Node0_Node8_Zero was a dupe; retransmit: 0, pkt_enqueue_time=2010501933560.8289, pkt_dequeue_time=2010501933560.8289, forwarded_or_dropped=1, reason_for_drop='Expiry'
DUPE: 2006500074228_Node0_Node8_Zero, Node1 id 2006500074228_Node0_Node8_Zero was a dupe; retransmit: 0, pkt_enqueue_time=2010506493215.3743, pkt_dequeue_time=2010506493215.3743, forwarded_or_dropped=1, reason_for_drop='Expiry'
DUPE: 2004680365764_Node0_Node8_Zero, Node1 id 2004680365764_Node0_Node8_Zero was a dupe; retransmit: 0, pkt_enqueue_time=2010511052869.9197, pkt_dequeue_time=2010511052869.9197, forwarded_or_dropped=1, reason_for_drop='Expiry'
DUPE: 2002065558519_Node0_Node8_Zero, Node1 id 2002065558519_Node0_Node8_Zero was a dupe; retransmit: 0, pkt_enqueue_time=2010515612524.465, pkt_dequeue_time=2010515612524.465, forwarded_or_dropped=1, reason_for_drop='Expiry'
DUPE: 2002786871271_Node0_Node8_Zero, Node1 id 2002786871271_Node0_Node8_Zero was a dupe; retransmit: 0, pkt_enqueue_time=2010524791833.556, pkt_dequeue_time=2010524791833.556, forwarded_or_dropped=1, reason_for_drop='Expiry'
DUPE: 2005877125447_Node0_Node8_Zero, Node1 id 2005877125447_Node0_Node8_Zero was a dupe; retransmit: 0, pkt_enqueue_time=2010529391488.1013, pkt_dequeue_time=2010529391488.1013, forwarded_or_dropped=1, reason_for_drop='Expiry'
DUPE: 2005303313817_Node0_Node8_Zero, Node1 id 2005303313817_Node0_Node8_Zero was a dupe; retransmit: 0, pkt_enqueue_time=2010538630797.1921, pkt_dequeue_time=2010538630797.1921, forwarded_or_dropped=1, reason_for_drop='Expiry'
DUPE: 2003426228246_Node0_Node8_Zero, Node1 id 2003426228246_Node0_Node8_Zero was a dupe; retransmit: 0, pkt_enqueue_time=2010543230451.7375, pkt_dequeue_time=2010543230451.7375, forwarded_or_dropped=1, reason_for_drop='Expiry'
DUPE: 2003434420801_Node0_Node8_Zero, Node1 id 2003434420801_Node0_Node8_Zero was a dupe; retransmit: 0, pkt_enqueue_time=2010543230451.7375, pkt_dequeue_time=2010543230451.7375, forwarded_or_dropped=1, reason_for_drop='Expiry'
DUPE: 2005532841806_Node0_Node8_Zero, Node1 id 2005532841806_Node0_Node8_Zero was a dupe; retransmit: 0, pkt_enqueue_time=2010547873015.374, pkt_dequeue_time=2010547873015.374, forwarded_or_dropped=1, reason_for_drop='Expiry'
DUPE: 2007467294064_Node0_Node8_Zero, Node1 id 2007467294064_Node0_Node8_Zero was a dupe; retransmit: 0, pkt_enqueue_time=2010552512669.9194, pkt_dequeue_time=2010552512669.9194, forwarded_or_dropped=1, reason_for_drop='Expiry'
DUPE: 2006549259010_Node0_Node8_Zero, Node1 id 2006549259010_Node0_Node8_Zero was a dupe; retransmit: 0, pkt_enqueue_time=2010557152324.4648, pkt_dequeue_time=2010557152324.4648, forwarded_or_dropped=1, reason_for_drop='Expiry'
DUPE: 2006450893069_Node0_Node8_Zero, Node1 id 2006450893069_Node0_Node8_Zero was a dupe; retransmit: 0, pkt_enqueue_time=2010566451633.5557, pkt_dequeue_time=2010566451633.5557, forwarded_or_dropped=1, reason_for_drop='Expiry'
DUPE: 2007549260467_Node0_Node8_Zero, Node1 id 2007549260467_Node0_Node8_Zero was a dupe; retransmit: 0, pkt_enqueue_time=2010568939839.5557, pkt_dequeue_time=2010568939839.5557, forwarded_or_dropped=1, reason_for_drop='Expiry'
DUPE: 2003147534058_Node0_Node8_Zero, Node1 id 2003147534058_Node0_Node8_Zero was a dupe; retransmit: 0, pkt_enqueue_time=2010573599494.101, pkt_dequeue_time=2010573599494.101, forwarded_or_dropped=1, reason_for_drop='Expiry'
DUPE: 2005385288495_Node0_Node8_Zero, Node1 id 2005385288495_Node0_Node8_Zero was a dupe; retransmit: 0, pkt_enqueue_time=2010578279148.6465, pkt_dequeue_time=2010578279148.6465, forwarded_or_dropped=1, reason_for_drop='Expiry'
DUPE: 2006803370115_Node0_Node8_Zero, Node1 id 2006803370115_Node0_Node8_Zero was a dupe; retransmit: 0, pkt_enqueue_time=2010582998803.192, pkt_dequeue_time=2010582998803.192, forwarded_or_dropped=1, reason_for_drop='Expiry'
DUPE: 2006778780156_Node0_Node8_Zero, Node1 id 2006778780156_Node0_Node8_Zero was a dupe; retransmit: 0, pkt_enqueue_time=2010587718457.7373, pkt_dequeue_time=2010587718457.7373, forwarded_or_dropped=1, reason_for_drop='Expiry'
DUPE: 2006762387650_Node0_Node8_Zero, Node1 id 2006762387650_Node0_Node8_Zero was a dupe; retransmit: 0, pkt_enqueue_time=2010592438112.2827, pkt_dequeue_time=2010592438112.2827, forwarded_or_dropped=1, reason_for_drop='Expiry'
DUPE: 2006090248642_Node0_Node8_Zero, Node1 id 2006090248642_Node0_Node8_Zero was a dupe; retransmit: 0, pkt_enqueue_time=2010597157766.8281, pkt_dequeue_time=2010597157766.8281, forwarded_or_dropped=1, reason_for_drop='Expiry'
DUPE: 2006516461560_Node0_Node8_Zero, Node1 id 2006516461560_Node0_Node8_Zero was a dupe; retransmit: 0, pkt_enqueue_time=2010601897421.3735, pkt_dequeue_time=2010601897421.3735, forwarded_or_dropped=1, reason_for_drop='Expiry'
DUPE: 2007590248172_Node0_Node8_Zero, Node1 id 2007590248172_Node0_Node8_Zero was a dupe; retransmit: 0, pkt_enqueue_time=2010611376730.4644, pkt_dequeue_time=2010611376730.4644, forwarded_or_dropped=1, reason_for_drop='Expiry'
DUPE: 2005606619273_Node0_Node8_Zero, Node1 id 2005606619273_Node0_Node8_Zero was a dupe; retransmit: 0, pkt_enqueue_time=2010616136385.0098, pkt_dequeue_time=2010616136385.0098, forwarded_or_dropped=1, reason_for_drop='Expiry'
DUPE: 2005516443501_Node0_Node8_Zero, Node1 id 2005516443501_Node0_Node8_Zero was a dupe; retransmit: 0, pkt_enqueue_time=2010620916039.5552, pkt_dequeue_time=2010620916039.5552, forwarded_or_dropped=1, reason_for_drop='Expiry'
DUPE: 2007426315775_Node0_Node8_Zero, Node1 id 2007426315775_Node0_Node8_Zero was a dupe; retransmit: 0, pkt_enqueue_time=2010625695694.1006, pkt_dequeue_time=2010625695694.1006, forwarded_or_dropped=1, reason_for_drop='Expiry'
DUPE: 2005221332036_Node0_Node8_Zero, Node1 id 2005221332036_Node0_Node8_Zero was a dupe; retransmit: 0, pkt_enqueue_time=2010639063209.1914, pkt_dequeue_time=2010639063209.1914, forwarded_or_dropped=1, reason_for_drop='Expiry'
DUPE: 2006827959770_Node0_Node8_Zero, Node1 id 2006827959770_Node0_Node8_Zero was a dupe; retransmit: 0, pkt_enqueue_time=2010643862863.7368, pkt_dequeue_time=2010643862863.7368, forwarded_or_dropped=1, reason_for_drop='Expiry'
DUPE: 2006737801612_Node0_Node8_Zero, Node1 id 2006737801612_Node0_Node8_Zero was a dupe; retransmit: 0, pkt_enqueue_time=2010648662518.2822, pkt_dequeue_time=2010648662518.2822, forwarded_or_dropped=1, reason_for_drop='Expiry'
DUPE: 2004401663776_Node0_Node8_Zero, Node1 id 2004401663776_Node0_Node8_Zero was a dupe; retransmit: 0, pkt_enqueue_time=2010653482172.8276, pkt_dequeue_time=2010653482172.8276, forwarded_or_dropped=1, reason_for_drop='Expiry'
DUPE: 2002139325743_Node0_Node8_Zero, Node1 id 2002139325743_Node0_Node8_Zero was a dupe; retransmit: 0, pkt_enqueue_time=2010658301827.373, pkt_dequeue_time=2010658301827.373, forwarded_or_dropped=1, reason_for_drop='Expiry'
DUPE: 2003098348311_Node0_Node8_Zero, Node1 id 2003098348311_Node0_Node8_Zero was a dupe; retransmit: 0, pkt_enqueue_time=2010663141481.9185, pkt_dequeue_time=2010663141481.9185, forwarded_or_dropped=1, reason_for_drop='Expiry'
DUPE: 2003983614552_Node0_Node8_Zero, Node1 id 2003983614552_Node0_Node8_Zero was a dupe; retransmit: 0, pkt_enqueue_time=2010667961136.4639, pkt_dequeue_time=2010667961136.4639, forwarded_or_dropped=1, reason_for_drop='Expiry'
DUPE: 2003991815381_Node0_Node8_Zero, Node1 id 2003991815381_Node0_Node8_Zero was a dupe; retransmit: 0, pkt_enqueue_time=2010667961136.4639, pkt_dequeue_time=2010667961136.4639, forwarded_or_dropped=1, reason_for_drop='Expiry'
DUPE: 2006442697658_Node0_Node8_Zero, Node1 id 2006442697658_Node0_Node8_Zero was a dupe; retransmit: 0, pkt_enqueue_time=2010672803700.1003, pkt_dequeue_time=2010672803700.1003, forwarded_or_dropped=1, reason_for_drop='Expiry'
DUPE: 2005918113562_Node0_Node8_Zero, Node1 id 2005918113562_Node0_Node8_Zero was a dupe; retransmit: 0, pkt_enqueue_time=2010677663354.6458, pkt_dequeue_time=2010677663354.6458, forwarded_or_dropped=1, reason_for_drop='Expiry'
DUPE: 2007270571965_Node0_Node8_Zero, Node1 id 2007270571965_Node0_Node8_Zero was a dupe; retransmit: 0, pkt_enqueue_time=2010682523009.1912, pkt_dequeue_time=2010682523009.1912, forwarded_or_dropped=1, reason_for_drop='Expiry'
DUPE: 2006434501656_Node0_Node8_Zero, Node1 id 2006434501656_Node0_Node8_Zero was a dupe; retransmit: 0, pkt_enqueue_time=2010687402663.7366, pkt_dequeue_time=2010687402663.7366, forwarded_or_dropped=1, reason_for_drop='Expiry'
DUPE: 2002303267889_Node0_Node8_Zero, Node1 id 2002303267889_Node0_Node8_Zero was a dupe; retransmit: 0, pkt_enqueue_time=2010692282318.282, pkt_dequeue_time=2010692282318.282, forwarded_or_dropped=1, reason_for_drop='Expiry'
DUPE: 2007434511513_Node0_Node8_Zero, Node1 id 2007434511513_Node0_Node8_Zero was a dupe; retransmit: 0, pkt_enqueue_time=2010697181972.8274, pkt_dequeue_time=2010697181972.8274, forwarded_or_dropped=1, reason_for_drop='Expiry'
DUPE: 2004270501604_Node0_Node8_Zero, Node1 id 2004270501604_Node0_Node8_Zero was a dupe; retransmit: 0, pkt_enqueue_time=2010702081627.3728, pkt_dequeue_time=2010702081627.3728, forwarded_or_dropped=1, reason_for_drop='Expiry'
DUPE: 2004278698943_Node0_Node8_Zero, Node1 id 2004278698943_Node0_Node8_Zero was a dupe; retransmit: 0, pkt_enqueue_time=2010702081627.3728, pkt_dequeue_time=2010702081627.3728, forwarded_or_dropped=1, reason_for_drop='Expiry'
DUPE: 2002983603493_Node0_Node8_Zero, Node1 id 2002983603493_Node0_Node8_Zero was a dupe; retransmit: 0, pkt_enqueue_time=2010707024191.0093, pkt_dequeue_time=2010707024191.0093, forwarded_or_dropped=1, reason_for_drop='Expiry'
DUPE: 2007245979598_Node0_Node8_Zero, Node1 id 2007245979598_Node0_Node8_Zero was a dupe; retransmit: 0, pkt_enqueue_time=2010711963845.5547, pkt_dequeue_time=2010711963845.5547, forwarded_or_dropped=1, reason_for_drop='Expiry'
DUPE: 2004368878639_Node0_Node8_Zero, Node1 id 2004368878639_Node0_Node8_Zero was a dupe; retransmit: 0, pkt_enqueue_time=2010716903500.1, pkt_dequeue_time=2010716903500.1, forwarded_or_dropped=1, reason_for_drop='Expiry'
DUPE: 2004286897368_Node0_Node8_Zero, Node1 id 2004286897368_Node0_Node8_Zero was a dupe; retransmit: 0, pkt_enqueue_time=2010721863154.6455, pkt_dequeue_time=2010721863154.6455, forwarded_or_dropped=1, reason_for_drop='Expiry'
DUPE: 2002549171577_Node0_Node8_Zero, Node1 id 2002549171577_Node0_Node8_Zero was a dupe; retransmit: 0, pkt_enqueue_time=2010726822809.191, pkt_dequeue_time=2010726822809.191, forwarded_or_dropped=1, reason_for_drop='Expiry'
DUPE: 2002106543215_Node0_Node8_Zero, Node1 id 2002106543215_Node0_Node8_Zero was a dupe; retransmit: 0, pkt_enqueue_time=2010731782463.7363, pkt_dequeue_time=2010731782463.7363, forwarded_or_dropped=1, reason_for_drop='Expiry'
DUPE: 2003852470151_Node0_Node8_Zero, Node1 id 2003852470151_Node0_Node8_Zero was a dupe; retransmit: 0, pkt_enqueue_time=2010736722118.2817, pkt_dequeue_time=2010736722118.2817, forwarded_or_dropped=1, reason_for_drop='Expiry'
DUPE: 2003860670761_Node0_Node8_Zero, Node1 id 2003860670761_Node0_Node8_Zero was a dupe; retransmit: 0, pkt_enqueue_time=2010736722118.2817, pkt_dequeue_time=2010736722118.2817, forwarded_or_dropped=1, reason_for_drop='Expiry'
DUPE: 2007385327553_Node0_Node8_Zero, Node1 id 2007385327553_Node0_Node8_Zero was a dupe; retransmit: 0, pkt_enqueue_time=2010741684681.9182, pkt_dequeue_time=2010741684681.9182, forwarded_or_dropped=1, reason_for_drop='Expiry'
DUPE: 2006303364516_Node0_Node8_Zero, Node1 id 2006303364516_Node0_Node8_Zero was a dupe; retransmit: 0, pkt_enqueue_time=2010746644336.4636, pkt_dequeue_time=2010746644336.4636, forwarded_or_dropped=1, reason_for_drop='Expiry'
DUPE: 2005000029029_Node0_Node8_Zero, Node1 id 2005000029029_Node0_Node8_Zero was a dupe; retransmit: 0, pkt_enqueue_time=2010751603991.009, pkt_dequeue_time=2010751603991.009, forwarded_or_dropped=1, reason_for_drop='Expiry'
DUPE: 2005491843186_Node0_Node8_Zero, Node1 id 2005491843186_Node0_Node8_Zero was a dupe; retransmit: 0, pkt_enqueue_time=2010756583645.5544, pkt_dequeue_time=2010756583645.5544, forwarded_or_dropped=1, reason_for_drop='Expiry'
DUPE: 2007327951841_Node0_Node8_Zero, Node1 id 2007327951841_Node0_Node8_Zero was a dupe; retransmit: 0, pkt_enqueue_time=2010761583300.0999, pkt_dequeue_time=2010761583300.0999, forwarded_or_dropped=1, reason_for_drop='Expiry'
DUPE: 2003081960162_Node0_Node8_Zero, Node1 id 2003081960162_Node0_Node8_Zero was a dupe; retransmit: 0, pkt_enqueue_time=2010771582609.1907, pkt_dequeue_time=2010771582609.1907, forwarded_or_dropped=1, reason_for_drop='Expiry'
DUPE: 2004950859916_Node0_Node8_Zero, Node1 id 2004950859916_Node0_Node8_Zero was a dupe; retransmit: 0, pkt_enqueue_time=2010776602263.736, pkt_dequeue_time=2010776602263.736, forwarded_or_dropped=1, reason_for_drop='Expiry'
DUPE: 2002262280188_Node0_Node8_Zero, Node1 id 2002262280188_Node0_Node8_Zero was a dupe; retransmit: 0, pkt_enqueue_time=2010781641918.2815, pkt_dequeue_time=2010781641918.2815, forwarded_or_dropped=1, reason_for_drop='Expiry'
DUPE: 2006852554565_Node0_Node8_Zero, Node1 id 2006852554565_Node0_Node8_Zero was a dupe; retransmit: 0, pkt_enqueue_time=2010786681572.827, pkt_dequeue_time=2010786681572.827, forwarded_or_dropped=1, reason_for_drop='Expiry'
DUPE: 2007582054410_Node0_Node8_Zero, Node1 id 2007582054410_Node0_Node8_Zero was a dupe; retransmit: 0, pkt_enqueue_time=2010791721227.3723, pkt_dequeue_time=2010791721227.3723, forwarded_or_dropped=1, reason_for_drop='Expiry'
DUPE: 2005434473076_Node0_Node8_Zero, Node1 id 2005434473076_Node0_Node8_Zero was a dupe; retransmit: 0, pkt_enqueue_time=2010796780881.9177, pkt_dequeue_time=2010796780881.9177, forwarded_or_dropped=1, reason_for_drop='Expiry'
Called Update: UpdateRouteCalls = 0, force = False
Node.py: (Node1)@2010800000000.0: Updated MCS from 3 to 3, hist=deque([0.0, 0.0, 0.0, 0.0, 0.0], maxlen=5), packets_serviced=0, packets_received=91
Called Update: UpdateRouteCalls = 1, force = False
Called Update: UpdateRouteCalls = 2, force = False
Called Update: UpdateRouteCalls = 3, force = False
Called Update: UpdateRouteCalls = 4, force = False
Called Update: UpdateRouteCalls = 5, force = False
Called Update: UpdateRouteCalls = 6, force = False
Called Update: UpdateRouteCalls = 7, force = False
Called Update: UpdateRouteCalls = 8, force = False
Called Update: UpdateRouteCalls = 9, force = False
!! UPDATING !!
routeNo, updatedMCSIndex =  0 [3, 3, 3, 3, 3, 2, 0, 3]
DUPE: 2002368830119_Node0_Node8_Zero, Node1 id 2002368830119_Node0_Node8_Zero was a dupe; retransmit: 0, pkt_enqueue_time=2010801840536.4631, pkt_dequeue_time=2010801840536.4631, forwarded_or_dropped=1, reason_for_drop='Expiry'
DUPE: 2005852536080_Node0_Node8_Zero, Node1 id 2005852536080_Node0_Node8_Zero was a dupe; retransmit: 0, pkt_enqueue_time=2010806900191.0085, pkt_dequeue_time=2010806900191.0085, forwarded_or_dropped=1, reason_for_drop='Expiry'
DUPE: 2007254172734_Node0_Node8_Zero, Node1 id 2007254172734_Node0_Node8_Zero was a dupe; retransmit: 0, pkt_enqueue_time=2010811959845.554, pkt_dequeue_time=2010811959845.554, forwarded_or_dropped=1, reason_for_drop='Expiry'
DUPE: 2006606636260_Node0_Node8_Zero, Node1 id 2006606636260_Node0_Node8_Zero was a dupe; retransmit: 0, pkt_enqueue_time=2010817019500.0994, pkt_dequeue_time=2010817019500.0994, forwarded_or_dropped=1, reason_for_drop='Expiry'
DUPE: 2005401690820_Node0_Node8_Zero, Node1 id 2005401690820_Node0_Node8_Zero was a dupe; retransmit: 0, pkt_enqueue_time=2010822099154.6448, pkt_dequeue_time=2010822099154.6448, forwarded_or_dropped=1, reason_for_drop='Expiry'
DUPE: 2002926217918_Node0_Node8_Zero, Node1 id 2002926217918_Node0_Node8_Zero was a dupe; retransmit: 0, pkt_enqueue_time=2010827178809.1902, pkt_dequeue_time=2010827178809.1902, forwarded_or_dropped=1, reason_for_drop='Expiry'
DUPE: 2006229596004_Node0_Node8_Zero, Node1 id 2006229596004_Node0_Node8_Zero was a dupe; retransmit: 0, pkt_enqueue_time=2010832258463.7356, pkt_dequeue_time=2010832258463.7356, forwarded_or_dropped=1, reason_for_drop='Expiry'
DUPE: 2007131218050_Node0_Node8_Zero, Node1 id 2007131218050_Node0_Node8_Zero was a dupe; retransmit: 0, pkt_enqueue_time=2010837338118.281, pkt_dequeue_time=2010837338118.281, forwarded_or_dropped=1, reason_for_drop='Expiry'
DUPE: 2007106632406_Node0_Node8_Zero, Node1 id 2007106632406_Node0_Node8_Zero was a dupe; retransmit: 0, pkt_enqueue_time=2010842417772.8264, pkt_dequeue_time=2010842417772.8264, forwarded_or_dropped=1, reason_for_drop='Expiry'
DUPE: 2003344259212_Node0_Node8_Zero, Node1 id 2003344259212_Node0_Node8_Zero was a dupe; retransmit: 0, pkt_enqueue_time=2010847497427.3718, pkt_dequeue_time=2010847497427.3718, forwarded_or_dropped=1, reason_for_drop='Expiry'
DUPE: 2003352454759_Node0_Node8_Zero, Node1 id 2003352454759_Node0_Node8_Zero was a dupe; retransmit: 0, pkt_enqueue_time=2010847497427.3718, pkt_dequeue_time=2010847497427.3718, forwarded_or_dropped=1, reason_for_drop='Expiry'
DUPE: 2005975493023_Node0_Node8_Zero, Node1 id 2005975493023_Node0_Node8_Zero was a dupe; retransmit: 0, pkt_enqueue_time=2010852599991.0083, pkt_dequeue_time=2010852599991.0083, forwarded_or_dropped=1, reason_for_drop='Expiry'
DUPE: 2005442667823_Node0_Node8_Zero, Node1 id 2005442667823_Node0_Node8_Zero was a dupe; retransmit: 0, pkt_enqueue_time=2010857719645.5537, pkt_dequeue_time=2010857719645.5537, forwarded_or_dropped=1, reason_for_drop='Expiry'
DUPE: 2006614830124_Node0_Node8_Zero, Node1 id 2006614830124_Node0_Node8_Zero was a dupe; retransmit: 0, pkt_enqueue_time=2010862859300.099, pkt_dequeue_time=2010862859300.099, forwarded_or_dropped=1, reason_for_drop='Expiry'
DUPE: 2007639428915_Node0_Node8_Zero, Node1 id 2007639428915_Node0_Node8_Zero was a dupe; retransmit: 0, pkt_enqueue_time=2010867998954.6445, pkt_dequeue_time=2010867998954.6445, forwarded_or_dropped=1, reason_for_drop='Expiry'
DUPE: 2005081981310_Node0_Node8_Zero, Node1 id 2005081981310_Node0_Node8_Zero was a dupe; retransmit: 0, pkt_enqueue_time=2010873158609.19, pkt_dequeue_time=2010873158609.19, forwarded_or_dropped=1, reason_for_drop='Expiry'
DUPE: 2004475436659_Node0_Node8_Zero, Node1 id 2004475436659_Node0_Node8_Zero was a dupe; retransmit: 0, pkt_enqueue_time=2010878318263.7354, pkt_dequeue_time=2010878318263.7354, forwarded_or_dropped=1, reason_for_drop='Expiry'
DUPE: 2006557452411_Node0_Node8_Zero, Node1 id 2006557452411_Node0_Node8_Zero was a dupe; retransmit: 0, pkt_enqueue_time=2010883497918.2808, pkt_dequeue_time=2010883497918.2808, forwarded_or_dropped=1, reason_for_drop='Expiry'
DUPE: 2005278715845_Node0_Node8_Zero, Node1 id 2005278715845_Node0_Node8_Zero was a dupe; retransmit: 0, pkt_enqueue_time=2010888677572.8262, pkt_dequeue_time=2010888677572.8262, forwarded_or_dropped=1, reason_for_drop='Expiry'
DUPE: 2005286917045_Node0_Node8_Zero, Node1 id 2005286917045_Node0_Node8_Zero was a dupe; retransmit: 0, pkt_enqueue_time=2010892545778.8262, pkt_dequeue_time=2010892545778.8262, forwarded_or_dropped=1, reason_for_drop='Expiry'
DUPE: 2004508218156_Node0_Node8_Zero, Node1 id 2004508218156_Node0_Node8_Zero was a dupe; retransmit: 0, pkt_enqueue_time=2010897725433.3716, pkt_dequeue_time=2010897725433.3716, forwarded_or_dropped=1, reason_for_drop='Expiry'
DUPE: 2007442704570_Node0_Node8_Zero, Node1 id 2007442704570_Node0_Node8_Zero was a dupe; retransmit: 0, pkt_enqueue_time=2010902925087.917, pkt_dequeue_time=2010902925087.917, forwarded_or_dropped=1, reason_for_drop='Expiry'
DUPE: 2007065649601_Node0_Node8_Zero, Node1 id 2007065649601_Node0_Node8_Zero was a dupe; retransmit: 0, pkt_enqueue_time=2010908124742.4624, pkt_dequeue_time=2010908124742.4624, forwarded_or_dropped=1, reason_for_drop='Expiry'
DUPE: 2007024677123_Node0_Node8_Zero, Node1 id 2007024677123_Node0_Node8_Zero was a dupe; retransmit: 0, pkt_enqueue_time=2010913324397.0078, pkt_dequeue_time=2010913324397.0078, forwarded_or_dropped=1, reason_for_drop='Expiry'
DUPE: 2006147626960_Node0_Node8_Zero, Node1 id 2006147626960_Node0_Node8_Zero was a dupe; retransmit: 0, pkt_enqueue_time=2010918544051.5532, pkt_dequeue_time=2010918544051.5532, forwarded_or_dropped=1, reason_for_drop='Expiry'
DUPE: 2002467192021_Node0_Node8_Zero, Node1 id 2002467192021_Node0_Node8_Zero was a dupe; retransmit: 0, pkt_enqueue_time=2010923763706.0986, pkt_dequeue_time=2010923763706.0986, forwarded_or_dropped=1, reason_for_drop='Expiry'
DUPE: 2004000008812_Node0_Node8_Zero, Node1 id 2004000008812_Node0_Node8_Zero was a dupe; retransmit: 0, pkt_enqueue_time=2010928963360.644, pkt_dequeue_time=2010928963360.644, forwarded_or_dropped=1, reason_for_drop='Expiry'
DUPE: 2004008204073_Node0_Node8_Zero, Node1 id 2004008204073_Node0_Node8_Zero was a dupe; retransmit: 0, pkt_enqueue_time=2010928963360.644, pkt_dequeue_time=2010928963360.644, forwarded_or_dropped=1, reason_for_drop='Expiry'
DUPE: 2007204996203_Node0_Node8_Zero, Node1 id 2007204996203_Node0_Node8_Zero was a dupe; retransmit: 0, pkt_enqueue_time=2010934185924.2805, pkt_dequeue_time=2010934185924.2805, forwarded_or_dropped=1, reason_for_drop='Expiry'
DUPE: 2007123024666_Node0_Node8_Zero, Node1 id 2007123024666_Node0_Node8_Zero was a dupe; retransmit: 0, pkt_enqueue_time=2010939425578.826, pkt_dequeue_time=2010939425578.826, forwarded_or_dropped=1, reason_for_drop='Expiry'
DUPE: 2006327950307_Node0_Node8_Zero, Node1 id 2006327950307_Node0_Node8_Zero was a dupe; retransmit: 0, pkt_enqueue_time=2010944665233.3713, pkt_dequeue_time=2010944665233.3713, forwarded_or_dropped=1, reason_for_drop='Expiry'
DUPE: 2002598353189_Node0_Node8_Zero, Node1 id 2002598353189_Node0_Node8_Zero was a dupe; retransmit: 0, pkt_enqueue_time=2010949924887.9167, pkt_dequeue_time=2010949924887.9167, forwarded_or_dropped=1, reason_for_drop='Expiry'
DUPE: 2007139415392_Node0_Node8_Zero, Node1 id 2007139415392_Node0_Node8_Zero was a dupe; retransmit: 0, pkt_enqueue_time=2010955184542.4622, pkt_dequeue_time=2010955184542.4622, forwarded_or_dropped=1, reason_for_drop='Expiry'
DUPE: 2006754194382_Node0_Node8_Zero, Node1 id 2006754194382_Node0_Node8_Zero was a dupe; retransmit: 0, pkt_enqueue_time=2010960444197.0076, pkt_dequeue_time=2010960444197.0076, forwarded_or_dropped=1, reason_for_drop='Expiry'
DUPE: 2006204994544_Node0_Node8_Zero, Node1 id 2006204994544_Node0_Node8_Zero was a dupe; retransmit: 0, pkt_enqueue_time=2010965703851.553, pkt_dequeue_time=2010965703851.553, forwarded_or_dropped=1, reason_for_drop='Expiry'
DUPE: 2004360681921_Node0_Node8_Zero, Node1 id 2004360681921_Node0_Node8_Zero was a dupe; retransmit: 0, pkt_enqueue_time=2010970983506.0984, pkt_dequeue_time=2010970983506.0984, forwarded_or_dropped=1, reason_for_drop='Expiry'
DUPE: 2005983684916_Node0_Node8_Zero, Node1 id 2005983684916_Node0_Node8_Zero was a dupe; retransmit: 0, pkt_enqueue_time=2010976263160.6438, pkt_dequeue_time=2010976263160.6438, forwarded_or_dropped=1, reason_for_drop='Expiry'
DUPE: 2006770587027_Node0_Node8_Zero, Node1 id 2006770587027_Node0_Node8_Zero was a dupe; retransmit: 0, pkt_enqueue_time=2010981562815.1892, pkt_dequeue_time=2010981562815.1892, forwarded_or_dropped=1, reason_for_drop='Expiry'
DUPE: 2002729495619_Node0_Node8_Zero, Node1 id 2002729495619_Node0_Node8_Zero was a dupe; retransmit: 0, pkt_enqueue_time=2010986862469.7346, pkt_dequeue_time=2010986862469.7346, forwarded_or_dropped=1, reason_for_drop='Expiry'
DUPE: 2004196735958_Node0_Node8_Zero, Node1 id 2004196735958_Node0_Node8_Zero was a dupe; retransmit: 0, pkt_enqueue_time=2010992162124.28, pkt_dequeue_time=2010992162124.28, forwarded_or_dropped=1, reason_for_drop='Expiry'
DUPE: 2004204929487_Node0_Node8_Zero, Node1 id 2004204929487_Node0_Node8_Zero was a dupe; retransmit: 0, pkt_enqueue_time=2010992162124.28, pkt_dequeue_time=2010992162124.28, forwarded_or_dropped=1, reason_for_drop='Expiry'
DUPE: 2006582046906_Node0_Node8_Zero, Node1 id 2006582046906_Node0_Node8_Zero was a dupe; retransmit: 0, pkt_enqueue_time=2010997484687.9165, pkt_dequeue_time=2010997484687.9165, forwarded_or_dropped=1, reason_for_drop='Expiry'
main.py: Progress: 2011 / 2014
Called Update: UpdateRouteCalls = 0, force = True
!! UPDATING !!
routeNo, updatedMCSIndex =  0 [3, 3, 3, 3, 3, 2, 0, 3]

rf.py: Time: 2011 Route details: {0: {'Route': [0, 1, 2, 3, 4, 5, 6, 7, 8], 'MCS_Index': [3, 3, 3, 3, 3, 2, 0, 3], 'Priority': 1, 'ValidRoute': True, 'HQRoute': True, 'RouteNodeDensity': [0, 0, 0, 0, 0, 0, 0, 0, 0], 'InterferingLinks': 16, 'Target': (-1, -1)}}
DUPE: 2003163934952_Node0_Node8_Zero, Node1 id 2003163934952_Node0_Node8_Zero was a dupe; retransmit: 0, pkt_enqueue_time=2011002824342.462, pkt_dequeue_time=2011002824342.462, forwarded_or_dropped=1, reason_for_drop='Expiry'
DUPE: 2004180338111_Node0_Node8_Zero, Node1 id 2004180338111_Node0_Node8_Zero was a dupe; retransmit: 0, pkt_enqueue_time=2011008143997.0073, pkt_dequeue_time=2011008143997.0073, forwarded_or_dropped=1, reason_for_drop='Expiry'
DUPE: 2004188536644_Node0_Node8_Zero, Node1 id 2004188536644_Node0_Node8_Zero was a dupe; retransmit: 0, pkt_enqueue_time=2011008143997.0073, pkt_dequeue_time=2011008143997.0073, forwarded_or_dropped=1, reason_for_drop='Expiry'
DUPE: 2004245911717_Node0_Node8_Zero, Node1 id 2004245911717_Node0_Node8_Zero was a dupe; retransmit: 0, pkt_enqueue_time=2011012646560.6438, pkt_dequeue_time=2011012646560.6438, forwarded_or_dropped=1, reason_for_drop='Expiry'
DUPE: 2006139429867_Node0_Node8_Zero, Node1 id 2006139429867_Node0_Node8_Zero was a dupe; retransmit: 0, pkt_enqueue_time=2011018008397.0073, pkt_dequeue_time=2011018008397.0073, forwarded_or_dropped=1, reason_for_drop='Expiry'
DUPE: 2006655820800_Node0_Node8_Zero, Node1 id 2006655820800_Node0_Node8_Zero was a dupe; retransmit: 0, pkt_enqueue_time=2011078780301.9167, pkt_dequeue_time=2011078780301.9167, forwarded_or_dropped=1, reason_for_drop='Expiry'
DUPE: 2007991902630_Node0_Node8_Zero, Node1 id 2007991902630_Node0_Node8_Zero was a dupe; retransmit: 0, pkt_enqueue_time=2011084199956.4622, pkt_dequeue_time=2011084199956.4622, forwarded_or_dropped=1, reason_for_drop='Expiry'
DUPE: 2007598444679_Node0_Node8_Zero, Node1 id 2007598444679_Node0_Node8_Zero was a dupe; retransmit: 0, pkt_enqueue_time=2011089619611.0076, pkt_dequeue_time=2011089619611.0076, forwarded_or_dropped=1, reason_for_drop='Expiry'
DUPE: 2002860647729_Node0_Node8_Zero, Node1 id 2002860647729_Node0_Node8_Zero was a dupe; retransmit: 0, pkt_enqueue_time=2011095039265.553, pkt_dequeue_time=2011095039265.553, forwarded_or_dropped=1, reason_for_drop='Expiry'
DUPE: 2007377130337_Node0_Node8_Zero, Node1 id 2007377130337_Node0_Node8_Zero was a dupe; retransmit: 0, pkt_enqueue_time=2011100458920.0984, pkt_dequeue_time=2011100458920.0984, forwarded_or_dropped=1, reason_for_drop='Expiry'
DUPE: 2008090268045_Node0_Node8_Zero, Node7 id 2008090268045_Node0_Node8_Zero was a dupe; retransmit: 0, pkt_enqueue_time=2011101893424.6436, pkt_dequeue_time=2011101893424.6436, forwarded_or_dropped=1, reason_for_drop='Expiry'
DUPE: 2008082073164_Node0_Node8_Zero, Node1 id 2008082073164_Node0_Node8_Zero was a dupe; retransmit: 0, pkt_enqueue_time=2011105898574.6438, pkt_dequeue_time=2011105898574.6438, forwarded_or_dropped=1, reason_for_drop='Expiry'
DUPE: 2005327912144_Node0_Node8_Zero, Node1 id 2005327912144_Node0_Node8_Zero was a dupe; retransmit: 0, pkt_enqueue_time=2011111358229.1892, pkt_dequeue_time=2011111358229.1892, forwarded_or_dropped=1, reason_for_drop='Expiry'
DUPE: 2008106665708_Node0_Node8_Zero, Node7 id 2008106665708_Node0_Node8_Zero was a dupe; retransmit: 0, pkt_enqueue_time=2011113542923.7341, pkt_dequeue_time=2011113542923.7341, forwarded_or_dropped=1, reason_for_drop='Expiry'
DUPE: 2004696757903_Node0_Node8_Zero, Node1 id 2004696757903_Node0_Node8_Zero was a dupe; retransmit: 0, pkt_enqueue_time=2011116817883.7346, pkt_dequeue_time=2011116817883.7346, forwarded_or_dropped=1, reason_for_drop='Expiry'
DUPE: 2005909918858_Node0_Node8_Zero, Node1 id 2005909918858_Node0_Node8_Zero was a dupe; retransmit: 0, pkt_enqueue_time=2011122277538.28, pkt_dequeue_time=2011122277538.28, forwarded_or_dropped=1, reason_for_drop='Expiry'
DUPE: 2008123062488_Node0_Node8_Zero, Node7 id 2008123062488_Node0_Node8_Zero was a dupe; retransmit: 0, pkt_enqueue_time=2011125361093.1885, pkt_dequeue_time=2011125361093.1885, forwarded_or_dropped=1, reason_for_drop='Expiry'
DUPE: 2007286964143_Node0_Node8_Zero, Node1 id 2007286964143_Node0_Node8_Zero was a dupe; retransmit: 0, pkt_enqueue_time=2011127737192.8254, pkt_dequeue_time=2011127737192.8254, forwarded_or_dropped=1, reason_for_drop='Expiry'
DUPE: 2007188600878_Node0_Node8_Zero, Node1 id 2007188600878_Node0_Node8_Zero was a dupe; retransmit: 0, pkt_enqueue_time=2011133196847.3708, pkt_dequeue_time=2011133196847.3708, forwarded_or_dropped=1, reason_for_drop='Expiry'
DUPE: 2007090239677_Node0_Node8_Zero, Node1 id 2007090239677_Node0_Node8_Zero was a dupe; retransmit: 0, pkt_enqueue_time=2011138676501.9163, pkt_dequeue_time=2011138676501.9163, forwarded_or_dropped=1, reason_for_drop='Expiry'
DUPE: 2007983710605_Node0_Node8_Zero, Node1 id 2007983710605_Node0_Node8_Zero was a dupe; retransmit: 0, pkt_enqueue_time=2011144156156.4617, pkt_dequeue_time=2011144156156.4617, forwarded_or_dropped=1, reason_for_drop='Expiry'
DUPE: 2008114864859_Node0_Node8_Zero, Node7 id 2008114864859_Node0_Node8_Zero was a dupe; retransmit: 0, pkt_enqueue_time=2011148086423.3699, pkt_dequeue_time=2011148086423.3699, forwarded_or_dropped=1, reason_for_drop='Expiry'
DUPE: 2007934513445_Node0_Node8_Zero, Node1 id 2007934513445_Node0_Node8_Zero was a dupe; retransmit: 0, pkt_enqueue_time=2011149655811.007, pkt_dequeue_time=2011149655811.007, forwarded_or_dropped=1, reason_for_drop='Expiry'
DUPE: 2008139461550_Node0_Node8_Zero, Node7 id 2008139461550_Node0_Node8_Zero was a dupe; retransmit: 0, pkt_enqueue_time=2011150266077.9153, pkt_dequeue_time=2011150266077.9153, forwarded_or_dropped=1, reason_for_drop='Expiry'
DUPE: 2004803301116_Node0_Node8_Zero, Node1 id 2004803301116_Node0_Node8_Zero was a dupe; retransmit: 0, pkt_enqueue_time=2011155155465.5525, pkt_dequeue_time=2011155155465.5525, forwarded_or_dropped=1, reason_for_drop='Expiry'
DUPE: 2008131260552_Node0_Node8_Zero, Node7 id 2008131260552_Node0_Node8_Zero was a dupe; retransmit: 0, pkt_enqueue_time=2011157193593.006, pkt_dequeue_time=2011157193593.006, forwarded_or_dropped=1, reason_for_drop='Expiry'
DUPE: 2002754084638_Node0_Node8_Zero, Node1 id 2002754084638_Node0_Node8_Zero was a dupe; retransmit: 0, pkt_enqueue_time=2011160655120.098, pkt_dequeue_time=2011160655120.098, forwarded_or_dropped=1, reason_for_drop='Expiry'
DUPE: 2008147660980_Node0_Node8_Zero, Node7 id 2008147660980_Node0_Node8_Zero was a dupe; retransmit: 0, pkt_enqueue_time=2011165332556.6423, pkt_dequeue_time=2011165332556.6423, forwarded_or_dropped=1, reason_for_drop='Expiry'
DUPE: 2003114742072_Node0_Node8_Zero, Node1 id 2003114742072_Node0_Node8_Zero was a dupe; retransmit: 0, pkt_enqueue_time=2011166154774.6433, pkt_dequeue_time=2011166154774.6433, forwarded_or_dropped=1, reason_for_drop='Expiry'
DUPE: 2008155854800_Node0_Node8_Zero, Node7 id 2008155854800_Node0_Node8_Zero was a dupe; retransmit: 0, pkt_enqueue_time=2011168312211.1877, pkt_dequeue_time=2011168312211.1877, forwarded_or_dropped=1, reason_for_drop='Expiry'
DUPE: 2006959109679_Node0_Node8_Zero, Node1 id 2006959109679_Node0_Node8_Zero was a dupe; retransmit: 0, pkt_enqueue_time=2011171674429.1887, pkt_dequeue_time=2011171674429.1887, forwarded_or_dropped=1, reason_for_drop='Expiry'
DUPE: 2008098467687_Node0_Node8_Zero, Node7 id 2008098467687_Node0_Node8_Zero was a dupe; retransmit: 0, pkt_enqueue_time=2011176191520.2786, pkt_dequeue_time=2011176191520.2786, forwarded_or_dropped=1, reason_for_drop='Expiry'
DUPE: 2007729610307_Node0_Node8_Zero, Node1 id 2007729610307_Node0_Node8_Zero was a dupe; retransmit: 0, pkt_enqueue_time=2011177194083.7341, pkt_dequeue_time=2011177194083.7341, forwarded_or_dropped=1, reason_for_drop='Expiry'
DUPE: 2008164047229_Node0_Node8_Zero, Node7 id 2008164047229_Node0_Node8_Zero was a dupe; retransmit: 0, pkt_enqueue_time=2011180551174.824, pkt_dequeue_time=2011180551174.824, forwarded_or_dropped=1, reason_for_drop='Expiry'
DUPE: 2005254127802_Node0_Node8_Zero, Node1 id 2005254127802_Node0_Node8_Zero was a dupe; retransmit: 0, pkt_enqueue_time=2011182733738.2795, pkt_dequeue_time=2011182733738.2795, forwarded_or_dropped=1, reason_for_drop='Expiry'
DUPE: 2008172243233_Node0_Node8_Zero, Node7 id 2008172243233_Node0_Node8_Zero was a dupe; retransmit: 0, pkt_enqueue_time=2011185930829.3694, pkt_dequeue_time=2011185930829.3694, forwarded_or_dropped=1, reason_for_drop='Expiry'
DUPE: 2004836094530_Node0_Node8_Zero, Node1 id 2004836094530_Node0_Node8_Zero was a dupe; retransmit: 0, pkt_enqueue_time=2011188273392.825, pkt_dequeue_time=2011188273392.825, forwarded_or_dropped=1, reason_for_drop='Expiry'
DUPE: 2004081976168_Node0_Node8_Zero, Node1 id 2004081976168_Node0_Node8_Zero was a dupe; retransmit: 0, pkt_enqueue_time=2011193793047.3704, pkt_dequeue_time=2011193793047.3704, forwarded_or_dropped=1, reason_for_drop='Expiry'
DUPE: 2004090173434_Node0_Node8_Zero, Node1 id 2004090173434_Node0_Node8_Zero was a dupe; retransmit: 0, pkt_enqueue_time=2011193793047.3704, pkt_dequeue_time=2011193793047.3704, forwarded_or_dropped=1, reason_for_drop='Expiry'
DUPE: 2005557431939_Node0_Node8_Zero, Node1 id 2005557431939_Node0_Node8_Zero was a dupe; retransmit: 0, pkt_enqueue_time=2011199335611.0068, pkt_dequeue_time=2011199335611.0068, forwarded_or_dropped=1, reason_for_drop='Expiry'
Called Update: UpdateRouteCalls = 0, force = False
Node.py: (Node1)@2011200000000.0: Updated MCS from 3 to 3, hist=deque([0.0, 0.0, 0.0, 0.0, 0.36619718309859156], maxlen=5), packets_serviced=26, packets_received=71
Called Update: UpdateRouteCalls = 1, force = False
Node.py: (Node2)@2011200000000.0: Updated MCS from 3 to 3, hist=deque([0.359375, 0.6285714285714286, 0.029411764705882353, 0.0, 0.76], maxlen=5), packets_serviced=19, packets_received=25
Called Update: UpdateRouteCalls = 2, force = False
Node.py: (Node3)@2011200000000.0: Updated MCS from 3 to 3, hist=deque([0.09333333333333334, 0.48214285714285715, 0.3157894736842105, 0.0, 1.0], maxlen=5), packets_serviced=18, packets_received=18
Called Update: UpdateRouteCalls = 3, force = False
Node.py: (Node4)@2011200000000.0: Updated MCS from 3 to 3, hist=deque([1.0, 0.2857142857142857, 0.3055555555555556, 0.6363636363636364, 0.9411764705882353], maxlen=5), packets_serviced=16, packets_received=17
Called Update: UpdateRouteCalls = 4, force = False
Node.py: (Node5)@2011200000000.0: Updated MCS from 2 to 1, hist=deque([0.65625, 0.37254901960784315, 0.46153846153846156, 2.0, 0.9375], maxlen=5), packets_serviced=15, packets_received=16
Called Update: UpdateRouteCalls = 5, force = False
Node.py: (Node6)@2011200000000.0: Updated MCS from 0 to 0, hist=deque([0.14285714285714285, 2.0, 1.0, 1.0, 0.8823529411764706], maxlen=5), packets_serviced=15, packets_received=17
Called Update: UpdateRouteCalls = 6, force = False
Node.py: (Node7)@2011200000000.0: Updated MCS from 3 to 3, hist=deque([1.0, 0.3333333333333333, 0.20833333333333334, 0.275], maxlen=5), packets_serviced=11, packets_received=40
Called Update: UpdateRouteCalls = 7, force = False
Called Update: UpdateRouteCalls = 8, force = False
Called Update: UpdateRouteCalls = 9, force = False
!! UPDATING !!
routeNo, updatedMCSIndex =  0 [3, 3, 3, 3, 3, 1, 0, 3]
DUPE: 2005409888157_Node0_Node8_Zero, Node1 id 2005409888157_Node0_Node8_Zero was a dupe; retransmit: 0, pkt_enqueue_time=2011204895265.5522, pkt_dequeue_time=2011204895265.5522, forwarded_or_dropped=1, reason_for_drop='Expiry'
DUPE: 2003360650439_Node0_Node8_Zero, Node1 id 2003360650439_Node0_Node8_Zero was a dupe; retransmit: 0, pkt_enqueue_time=2011210434920.0977, pkt_dequeue_time=2011210434920.0977, forwarded_or_dropped=1, reason_for_drop='Expiry'
DUPE: 2003368844929_Node0_Node8_Zero, Node1 id 2003368844929_Node0_Node8_Zero was a dupe; retransmit: 0, pkt_enqueue_time=2011210434920.0977, pkt_dequeue_time=2011210434920.0977, forwarded_or_dropped=1, reason_for_drop='Expiry'
DUPE: 2002237678123_Node0_Node8_Zero, Node1 id 2002237678123_Node0_Node8_Zero was a dupe; retransmit: 0, pkt_enqueue_time=2011215997483.7341, pkt_dequeue_time=2011215997483.7341, forwarded_or_dropped=1, reason_for_drop='Expiry'
DUPE: 2006532857577_Node0_Node8_Zero, Node1 id 2006532857577_Node0_Node8_Zero was a dupe; retransmit: 0, pkt_enqueue_time=2011221577138.2795, pkt_dequeue_time=2011221577138.2795, forwarded_or_dropped=1, reason_for_drop='Expiry'
DUPE: 2007721410442_Node0_Node8_Zero, Node1 id 2007721410442_Node0_Node8_Zero was a dupe; retransmit: 0, pkt_enqueue_time=2011227156792.825, pkt_dequeue_time=2011227156792.825, forwarded_or_dropped=1, reason_for_drop='Expiry'
DUPE: 2002016377020_Node0_Node8_Zero, Node1 id 2002016377020_Node0_Node8_Zero was a dupe; retransmit: 0, pkt_enqueue_time=2011232756447.3704, pkt_dequeue_time=2011232756447.3704, forwarded_or_dropped=1, reason_for_drop='Expiry'
DUPE: 2007147616239_Node0_Node8_Zero, Node1 id 2007147616239_Node0_Node8_Zero was a dupe; retransmit: 0, pkt_enqueue_time=2011238356101.9158, pkt_dequeue_time=2011238356101.9158, forwarded_or_dropped=1, reason_for_drop='Expiry'
DUPE: 2006524660535_Node0_Node8_Zero, Node1 id 2006524660535_Node0_Node8_Zero was a dupe; retransmit: 0, pkt_enqueue_time=2011243955756.4612, pkt_dequeue_time=2011243955756.4612, forwarded_or_dropped=1, reason_for_drop='Expiry'
DUPE: 2007975509601_Node0_Node8_Zero, Node1 id 2007975509601_Node0_Node8_Zero was a dupe; retransmit: 0, pkt_enqueue_time=2011249555411.0066, pkt_dequeue_time=2011249555411.0066, forwarded_or_dropped=1, reason_for_drop='Expiry'
DUPE: 2002081953962_Node0_Node8_Zero, Node1 id 2002081953962_Node0_Node8_Zero was a dupe; retransmit: 0, pkt_enqueue_time=2011255175065.552, pkt_dequeue_time=2011255175065.552, forwarded_or_dropped=1, reason_for_drop='Expiry'
DUPE: 2005467258164_Node0_Node8_Zero, Node1 id 2005467258164_Node0_Node8_Zero was a dupe; retransmit: 0, pkt_enqueue_time=2011260814720.0974, pkt_dequeue_time=2011260814720.0974, forwarded_or_dropped=1, reason_for_drop='Expiry'
DUPE: 2002655724682_Node0_Node8_Zero, Node1 id 2002655724682_Node0_Node8_Zero was a dupe; retransmit: 0, pkt_enqueue_time=2011266474374.6428, pkt_dequeue_time=2011266474374.6428, forwarded_or_dropped=1, reason_for_drop='Expiry'
DUPE: 2006721408462_Node0_Node8_Zero, Node1 id 2006721408462_Node0_Node8_Zero was a dupe; retransmit: 0, pkt_enqueue_time=2011272134029.1882, pkt_dequeue_time=2011272134029.1882, forwarded_or_dropped=1, reason_for_drop='Expiry'
DUPE: 2007770590193_Node0_Node8_Zero, Node1 id 2007770590193_Node0_Node8_Zero was a dupe; retransmit: 0, pkt_enqueue_time=2011277793683.7336, pkt_dequeue_time=2011277793683.7336, forwarded_or_dropped=1, reason_for_drop='Expiry'
DUPE: 2006344343912_Node0_Node8_Zero, Node1 id 2006344343912_Node0_Node8_Zero was a dupe; retransmit: 0, pkt_enqueue_time=2011283453338.279, pkt_dequeue_time=2011283453338.279, forwarded_or_dropped=1, reason_for_drop='Expiry'
DUPE: 2005262320200_Node0_Node8_Zero, Node1 id 2005262320200_Node0_Node8_Zero was a dupe; retransmit: 0, pkt_enqueue_time=2011289132992.8245, pkt_dequeue_time=2011289132992.8245, forwarded_or_dropped=1, reason_for_drop='Expiry'
DUPE: 2002688517690_Node0_Node8_Zero, Node1 id 2002688517690_Node0_Node8_Zero was a dupe; retransmit: 0, pkt_enqueue_time=2011294812647.3699, pkt_dequeue_time=2011294812647.3699, forwarded_or_dropped=1, reason_for_drop='Expiry'
DUPE: 2007311562074_Node0_Node8_Zero, Node1 id 2007311562074_Node0_Node8_Zero was a dupe; retransmit: 0, pkt_enqueue_time=2011300492301.9153, pkt_dequeue_time=2011300492301.9153, forwarded_or_dropped=1, reason_for_drop='Expiry'
DUPE: 2008065676630_Node0_Node8_Zero, Node1 id 2008065676630_Node0_Node8_Zero was a dupe; retransmit: 0, pkt_enqueue_time=2011306171956.4607, pkt_dequeue_time=2011306171956.4607, forwarded_or_dropped=1, reason_for_drop='Expiry'
DUPE: 2008049283523_Node0_Node8_Zero, Node1 id 2008049283523_Node0_Node8_Zero was a dupe; retransmit: 0, pkt_enqueue_time=2011311851611.006, pkt_dequeue_time=2011311851611.006, forwarded_or_dropped=1, reason_for_drop='Expiry'
DUPE: 2004516414327_Node0_Node8_Zero, Node1 id 2004516414327_Node0_Node8_Zero was a dupe; retransmit: 0, pkt_enqueue_time=2011317571265.5515, pkt_dequeue_time=2011317571265.5515, forwarded_or_dropped=1, reason_for_drop='Expiry'
DUPE: 2003885261795_Node0_Node8_Zero, Node1 id 2003885261795_Node0_Node8_Zero was a dupe; retransmit: 0, pkt_enqueue_time=2011323290920.097, pkt_dequeue_time=2011323290920.097, forwarded_or_dropped=1, reason_for_drop='Expiry'
DUPE: 2003893456768_Node0_Node8_Zero, Node1 id 2003893456768_Node0_Node8_Zero was a dupe; retransmit: 0, pkt_enqueue_time=2011323290920.097, pkt_dequeue_time=2011323290920.097, forwarded_or_dropped=1, reason_for_drop='Expiry'
DUPE: 2002770473695_Node0_Node8_Zero, Node1 id 2002770473695_Node0_Node8_Zero was a dupe; retransmit: 0, pkt_enqueue_time=2011329053483.7334, pkt_dequeue_time=2011329053483.7334, forwarded_or_dropped=1, reason_for_drop='Expiry'
DUPE: 2004098369908_Node0_Node8_Zero, Node1 id 2004098369908_Node0_Node8_Zero was a dupe; retransmit: 0, pkt_enqueue_time=2011334793138.2788, pkt_dequeue_time=2011334793138.2788, forwarded_or_dropped=1, reason_for_drop='Expiry'
DUPE: 2004106564103_Node0_Node8_Zero, Node1 id 2004106564103_Node0_Node8_Zero was a dupe; retransmit: 0, pkt_enqueue_time=2011334793138.2788, pkt_dequeue_time=2011334793138.2788, forwarded_or_dropped=1, reason_for_drop='Expiry'
DUPE: 2003934438111_Node0_Node8_Zero, Node1 id 2003934438111_Node0_Node8_Zero was a dupe; retransmit: 0, pkt_enqueue_time=2011340555701.9153, pkt_dequeue_time=2011340555701.9153, forwarded_or_dropped=1, reason_for_drop='Expiry'
DUPE: 2003942630782_Node0_Node8_Zero, Node1 id 2003942630782_Node0_Node8_Zero was a dupe; retransmit: 0, pkt_enqueue_time=2011340555701.9153, pkt_dequeue_time=2011340555701.9153, forwarded_or_dropped=1, reason_for_drop='Expiry'
DUPE: 2004065579703_Node0_Node8_Zero, Node1 id 2004065579703_Node0_Node8_Zero was a dupe; retransmit: 0, pkt_enqueue_time=2011346338265.5518, pkt_dequeue_time=2011346338265.5518, forwarded_or_dropped=1, reason_for_drop='Expiry'
DUPE: 2004073775511_Node0_Node8_Zero, Node1 id 2004073775511_Node0_Node8_Zero was a dupe; retransmit: 0, pkt_enqueue_time=2011346338265.5518, pkt_dequeue_time=2011346338265.5518, forwarded_or_dropped=1, reason_for_drop='Expiry'
DUPE: 2005713195533_Node0_Node8_Zero, Node1 id 2005713195533_Node0_Node8_Zero was a dupe; retransmit: 0, pkt_enqueue_time=2011352160829.1882, pkt_dequeue_time=2011352160829.1882, forwarded_or_dropped=1, reason_for_drop='Expiry'
DUPE: 2005500044071_Node0_Node8_Zero, Node1 id 2005500044071_Node0_Node8_Zero was a dupe; retransmit: 0, pkt_enqueue_time=2011358000483.7336, pkt_dequeue_time=2011358000483.7336, forwarded_or_dropped=1, reason_for_drop='Expiry'
DUPE: 2008090268045_Node0_Node8_Zero, Node1 id 2008090268045_Node0_Node8_Zero was a dupe; retransmit: 0, pkt_enqueue_time=2011363840138.279, pkt_dequeue_time=2011363840138.279, forwarded_or_dropped=1, reason_for_drop='Expiry'
DUPE: 2007827961275_Node0_Node8_Zero, Node1 id 2007827961275_Node0_Node8_Zero was a dupe; retransmit: 0, pkt_enqueue_time=2011369679792.8245, pkt_dequeue_time=2011369679792.8245, forwarded_or_dropped=1, reason_for_drop='Expiry'
DUPE: 2005172139377_Node0_Node8_Zero, Node1 id 2005172139377_Node0_Node8_Zero was a dupe; retransmit: 0, pkt_enqueue_time=2011375539447.3699, pkt_dequeue_time=2011375539447.3699, forwarded_or_dropped=1, reason_for_drop='Expiry'
DUPE: 2003024581386_Node0_Node8_Zero, Node1 id 2003024581386_Node0_Node8_Zero was a dupe; retransmit: 0, pkt_enqueue_time=2011381399101.9153, pkt_dequeue_time=2011381399101.9153, forwarded_or_dropped=1, reason_for_drop='Expiry'
DUPE: 2004163940425_Node0_Node8_Zero, Node1 id 2004163940425_Node0_Node8_Zero was a dupe; retransmit: 0, pkt_enqueue_time=2011387258756.4607, pkt_dequeue_time=2011387258756.4607, forwarded_or_dropped=1, reason_for_drop='Expiry'
DUPE: 2004172137237_Node0_Node8_Zero, Node1 id 2004172137237_Node0_Node8_Zero was a dupe; retransmit: 0, pkt_enqueue_time=2011387258756.4607, pkt_dequeue_time=2011387258756.4607, forwarded_or_dropped=1, reason_for_drop='Expiry'
DUPE: 2008164047229_Node0_Node8_Zero, Node1 id 2008164047229_Node0_Node8_Zero was a dupe; retransmit: 0, pkt_enqueue_time=2011393141320.0972, pkt_dequeue_time=2011393141320.0972, forwarded_or_dropped=1, reason_for_drop='Expiry'
DUPE: 2002147518685_Node0_Node8_Zero, Node1 id 2002147518685_Node0_Node8_Zero was a dupe; retransmit: 0, pkt_enqueue_time=2011399020974.6426, pkt_dequeue_time=2011399020974.6426, forwarded_or_dropped=1, reason_for_drop='Expiry'
DUPE: 2001999979379_Node0_Node8_Zero, Node1 id 2001999979379_Node0_Node8_Zero was a dupe; retransmit: 0, pkt_enqueue_time=2011404920629.188, pkt_dequeue_time=2011404920629.188, forwarded_or_dropped=1, reason_for_drop='Expiry'
DUPE: 2007475494727_Node0_Node8_Zero, Node1 id 2007475494727_Node0_Node8_Zero was a dupe; retransmit: 0, pkt_enqueue_time=2011410820283.7334, pkt_dequeue_time=2011410820283.7334, forwarded_or_dropped=1, reason_for_drop='Expiry'
DUPE: 2006664020261_Node0_Node8_Zero, Node1 id 2006664020261_Node0_Node8_Zero was a dupe; retransmit: 0, pkt_enqueue_time=2011416719938.2788, pkt_dequeue_time=2011416719938.2788, forwarded_or_dropped=1, reason_for_drop='Expiry'
DUPE: 2007516478010_Node0_Node8_Zero, Node1 id 2007516478010_Node0_Node8_Zero was a dupe; retransmit: 0, pkt_enqueue_time=2011422619592.8242, pkt_dequeue_time=2011422619592.8242, forwarded_or_dropped=1, reason_for_drop='Expiry'
DUPE: 2004319693981_Node0_Node8_Zero, Node1 id 2004319693981_Node0_Node8_Zero was a dupe; retransmit: 0, pkt_enqueue_time=2011428519247.3696, pkt_dequeue_time=2011428519247.3696, forwarded_or_dropped=1, reason_for_drop='Expiry'
DUPE: 2007409915968_Node0_Node8_Zero, Node1 id 2007409915968_Node0_Node8_Zero was a dupe; retransmit: 0, pkt_enqueue_time=2011434438901.915, pkt_dequeue_time=2011434438901.915, forwarded_or_dropped=1, reason_for_drop='Expiry'
DUPE: 2006696821947_Node0_Node8_Zero, Node1 id 2006696821947_Node0_Node8_Zero was a dupe; retransmit: 0, pkt_enqueue_time=2011440358556.4604, pkt_dequeue_time=2011440358556.4604, forwarded_or_dropped=1, reason_for_drop='Expiry'
DUPE: 2006565647315_Node0_Node8_Zero, Node1 id 2006565647315_Node0_Node8_Zero was a dupe; retransmit: 0, pkt_enqueue_time=2011446298211.0059, pkt_dequeue_time=2011446298211.0059, forwarded_or_dropped=1, reason_for_drop='Expiry'
DUPE: 2006483679868_Node0_Node8_Zero, Node1 id 2006483679868_Node0_Node8_Zero was a dupe; retransmit: 0, pkt_enqueue_time=2011452237865.5513, pkt_dequeue_time=2011452237865.5513, forwarded_or_dropped=1, reason_for_drop='Expiry'
DUPE: 2008041084883_Node0_Node8_Zero, Node1 id 2008041084883_Node0_Node8_Zero was a dupe; retransmit: 0, pkt_enqueue_time=2011458177520.0967, pkt_dequeue_time=2011458177520.0967, forwarded_or_dropped=1, reason_for_drop='Expiry'
DUPE: 2002499990833_Node0_Node8_Zero, Node1 id 2002499990833_Node0_Node8_Zero was a dupe; retransmit: 0, pkt_enqueue_time=2011464117174.642, pkt_dequeue_time=2011464117174.642, forwarded_or_dropped=1, reason_for_drop='Expiry'
DUPE: 2002819655919_Node0_Node8_Zero, Node1 id 2002819655919_Node0_Node8_Zero was a dupe; retransmit: 0, pkt_enqueue_time=2011470076829.1875, pkt_dequeue_time=2011470076829.1875, forwarded_or_dropped=1, reason_for_drop='Expiry'
DUPE: 2006713208898_Node0_Node8_Zero, Node1 id 2006713208898_Node0_Node8_Zero was a dupe; retransmit: 0, pkt_enqueue_time=2011476036483.733, pkt_dequeue_time=2011476036483.733, forwarded_or_dropped=1, reason_for_drop='Expiry'
DUPE: 2004377077836_Node0_Node8_Zero, Node1 id 2004377077836_Node0_Node8_Zero was a dupe; retransmit: 0, pkt_enqueue_time=2011481996138.2783, pkt_dequeue_time=2011481996138.2783, forwarded_or_dropped=1, reason_for_drop='Expiry'
DUPE: 2002057358221_Node0_Node8_Zero, Node1 id 2002057358221_Node0_Node8_Zero was a dupe; retransmit: 0, pkt_enqueue_time=2011487975792.8237, pkt_dequeue_time=2011487975792.8237, forwarded_or_dropped=1, reason_for_drop='Expiry'
DUPE: 2008106665708_Node0_Node8_Zero, Node1 id 2008106665708_Node0_Node8_Zero was a dupe; retransmit: 0, pkt_enqueue_time=2011493955447.3691, pkt_dequeue_time=2011493955447.3691, forwarded_or_dropped=1, reason_for_drop='Expiry'
DUPE: 2003475407994_Node0_Node8_Zero, Node1 id 2003475407994_Node0_Node8_Zero was a dupe; retransmit: 0, pkt_enqueue_time=2011499935101.9146, pkt_dequeue_time=2011499935101.9146, forwarded_or_dropped=1, reason_for_drop='Expiry'
DUPE: 2003483607057_Node0_Node8_Zero, Node1 id 2003483607057_Node0_Node8_Zero was a dupe; retransmit: 0, pkt_enqueue_time=2011499935101.9146, pkt_dequeue_time=2011499935101.9146, forwarded_or_dropped=1, reason_for_drop='Expiry'
DUPE: 2002631136652_Node0_Node8_Zero, Node1 id 2002631136652_Node0_Node8_Zero was a dupe; retransmit: 0, pkt_enqueue_time=2011505957665.551, pkt_dequeue_time=2011505957665.551, forwarded_or_dropped=1, reason_for_drop='Expiry'
DUPE: 2002942618452_Node0_Node8_Zero, Node1 id 2002942618452_Node0_Node8_Zero was a dupe; retransmit: 0, pkt_enqueue_time=2011511977320.0964, pkt_dequeue_time=2011511977320.0964, forwarded_or_dropped=1, reason_for_drop='Expiry'
DUPE: 2003836072137_Node0_Node8_Zero, Node1 id 2003836072137_Node0_Node8_Zero was a dupe; retransmit: 0, pkt_enqueue_time=2011517976974.6418, pkt_dequeue_time=2011517976974.6418, forwarded_or_dropped=1, reason_for_drop='Expiry'
DUPE: 2003844269796_Node0_Node8_Zero, Node1 id 2003844269796_Node0_Node8_Zero was a dupe; retransmit: 0, pkt_enqueue_time=2011517976974.6418, pkt_dequeue_time=2011517976974.6418, forwarded_or_dropped=1, reason_for_drop='Expiry'
DUPE: 2003655743306_Node0_Node8_Zero, Node1 id 2003655743306_Node0_Node8_Zero was a dupe; retransmit: 0, pkt_enqueue_time=2011523979538.2783, pkt_dequeue_time=2011523979538.2783, forwarded_or_dropped=1, reason_for_drop='Expiry'
DUPE: 2003663936048_Node0_Node8_Zero, Node1 id 2003663936048_Node0_Node8_Zero was a dupe; retransmit: 0, pkt_enqueue_time=2011523979538.2783, pkt_dequeue_time=2011523979538.2783, forwarded_or_dropped=1, reason_for_drop='Expiry'
DUPE: 2005623015708_Node0_Node8_Zero, Node1 id 2005623015708_Node0_Node8_Zero was a dupe; retransmit: 0, pkt_enqueue_time=2011530002101.9148, pkt_dequeue_time=2011530002101.9148, forwarded_or_dropped=1, reason_for_drop='Expiry'
DUPE: 2006975505167_Node0_Node8_Zero, Node1 id 2006975505167_Node0_Node8_Zero was a dupe; retransmit: 0, pkt_enqueue_time=2011536041756.4602, pkt_dequeue_time=2011536041756.4602, forwarded_or_dropped=1, reason_for_drop='Expiry'
DUPE: 2005106568358_Node0_Node8_Zero, Node1 id 2005106568358_Node0_Node8_Zero was a dupe; retransmit: 0, pkt_enqueue_time=2011542081411.0056, pkt_dequeue_time=2011542081411.0056, forwarded_or_dropped=1, reason_for_drop='Expiry'
DUPE: 2004819699358_Node0_Node8_Zero, Node1 id 2004819699358_Node0_Node8_Zero was a dupe; retransmit: 0, pkt_enqueue_time=2011548121065.551, pkt_dequeue_time=2011548121065.551, forwarded_or_dropped=1, reason_for_drop='Expiry'
DUPE: 2002114738861_Node0_Node8_Zero, Node1 id 2002114738861_Node0_Node8_Zero was a dupe; retransmit: 0, pkt_enqueue_time=2011554160720.0964, pkt_dequeue_time=2011554160720.0964, forwarded_or_dropped=1, reason_for_drop='Expiry'
DUPE: 2002836052781_Node0_Node8_Zero, Node1 id 2002836052781_Node0_Node8_Zero was a dupe; retransmit: 0, pkt_enqueue_time=2011560200374.6418, pkt_dequeue_time=2011560200374.6418, forwarded_or_dropped=1, reason_for_drop='Expiry'
DUPE: 2007786983333_Node0_Node8_Zero, Node1 id 2007786983333_Node0_Node8_Zero was a dupe; retransmit: 0, pkt_enqueue_time=2011566280029.1873, pkt_dequeue_time=2011566280029.1873, forwarded_or_dropped=1, reason_for_drop='Expiry'
DUPE: 2002049156555_Node0_Node8_Zero, Node1 id 2002049156555_Node0_Node8_Zero was a dupe; retransmit: 0, pkt_enqueue_time=2011572359683.7327, pkt_dequeue_time=2011572359683.7327, forwarded_or_dropped=1, reason_for_drop='Expiry'
DUPE: 2006475482772_Node0_Node8_Zero, Node1 id 2006475482772_Node0_Node8_Zero was a dupe; retransmit: 0, pkt_enqueue_time=2011578459338.278, pkt_dequeue_time=2011578459338.278, forwarded_or_dropped=1, reason_for_drop='Expiry'
DUPE: 2008098467687_Node0_Node8_Zero, Node1 id 2008098467687_Node0_Node8_Zero was a dupe; retransmit: 0, pkt_enqueue_time=2011584558992.8235, pkt_dequeue_time=2011584558992.8235, forwarded_or_dropped=1, reason_for_drop='Expiry'
DUPE: 2007672223660_Node0_Node8_Zero, Node1 id 2007672223660_Node0_Node8_Zero was a dupe; retransmit: 0, pkt_enqueue_time=2011590658647.369, pkt_dequeue_time=2011590658647.369, forwarded_or_dropped=1, reason_for_drop='Expiry'
DUPE: 2006598444192_Node0_Node8_Zero, Node1 id 2006598444192_Node0_Node8_Zero was a dupe; retransmit: 0, pkt_enqueue_time=2011596778301.9143, pkt_dequeue_time=2011596778301.9143, forwarded_or_dropped=1, reason_for_drop='Expiry'
Called Update: UpdateRouteCalls = 0, force = False
Node.py: (Node1)@2011600000000.0: Updated MCS from 3 to 3, hist=deque([0.0, 0.0, 0.0, 0.36619718309859156, 0.0], maxlen=5), packets_serviced=0, packets_received=77
Called Update: UpdateRouteCalls = 1, force = False
Called Update: UpdateRouteCalls = 2, force = False
Called Update: UpdateRouteCalls = 3, force = False
Called Update: UpdateRouteCalls = 4, force = False
Called Update: UpdateRouteCalls = 5, force = False
Called Update: UpdateRouteCalls = 6, force = False
Called Update: UpdateRouteCalls = 7, force = False
Called Update: UpdateRouteCalls = 8, force = False
Called Update: UpdateRouteCalls = 9, force = False
!! UPDATING !!
routeNo, updatedMCSIndex =  0 [3, 3, 3, 3, 3, 1, 0, 3]
DUPE: 2006467284560_Node0_Node8_Zero, Node1 id 2006467284560_Node0_Node8_Zero was a dupe; retransmit: 0, pkt_enqueue_time=2011602897956.4597, pkt_dequeue_time=2011602897956.4597, forwarded_or_dropped=1, reason_for_drop='Expiry'
DUPE: 2003172130392_Node0_Node8_Zero, Node1 id 2003172130392_Node0_Node8_Zero was a dupe; retransmit: 0, pkt_enqueue_time=2011609037611.0051, pkt_dequeue_time=2011609037611.0051, forwarded_or_dropped=1, reason_for_drop='Expiry'
DUPE: 2004131150122_Node0_Node8_Zero, Node1 id 2004131150122_Node0_Node8_Zero was a dupe; retransmit: 0, pkt_enqueue_time=2011615157265.5505, pkt_dequeue_time=2011615157265.5505, forwarded_or_dropped=1, reason_for_drop='Expiry'
DUPE: 2004139343084_Node0_Node8_Zero, Node1 id 2004139343084_Node0_Node8_Zero was a dupe; retransmit: 0, pkt_enqueue_time=2011615157265.5505, pkt_dequeue_time=2011615157265.5505, forwarded_or_dropped=1, reason_for_drop='Expiry'
DUPE: 2007491888609_Node0_Node8_Zero, Node1 id 2007491888609_Node0_Node8_Zero was a dupe; retransmit: 0, pkt_enqueue_time=2011621319829.187, pkt_dequeue_time=2011621319829.187, forwarded_or_dropped=1, reason_for_drop='Expiry'
DUPE: 2007877138796_Node0_Node8_Zero, Node1 id 2007877138796_Node0_Node8_Zero was a dupe; retransmit: 0, pkt_enqueue_time=2011627479483.7324, pkt_dequeue_time=2011627479483.7324, forwarded_or_dropped=1, reason_for_drop='Expiry'
DUPE: 2007631233878_Node0_Node8_Zero, Node1 id 2007631233878_Node0_Node8_Zero was a dupe; retransmit: 0, pkt_enqueue_time=2011633639138.2778, pkt_dequeue_time=2011633639138.2778, forwarded_or_dropped=1, reason_for_drop='Expiry'
DUPE: 2004581991546_Node0_Node8_Zero, Node1 id 2004581991546_Node0_Node8_Zero was a dupe; retransmit: 0, pkt_enqueue_time=2011639798792.8232, pkt_dequeue_time=2011639798792.8232, forwarded_or_dropped=1, reason_for_drop='Expiry'
DUPE: 2003377044583_Node0_Node8_Zero, Node1 id 2003377044583_Node0_Node8_Zero was a dupe; retransmit: 0, pkt_enqueue_time=2011645938447.3687, pkt_dequeue_time=2011645938447.3687, forwarded_or_dropped=1, reason_for_drop='Expiry'
DUPE: 2003385246107_Node0_Node8_Zero, Node1 id 2003385246107_Node0_Node8_Zero was a dupe; retransmit: 0, pkt_enqueue_time=2011645938447.3687, pkt_dequeue_time=2011645938447.3687, forwarded_or_dropped=1, reason_for_drop='Expiry'
DUPE: 2003278683139_Node0_Node8_Zero, Node1 id 2003278683139_Node0_Node8_Zero was a dupe; retransmit: 0, pkt_enqueue_time=2011652101011.0051, pkt_dequeue_time=2011652101011.0051, forwarded_or_dropped=1, reason_for_drop='Expiry'
DUPE: 2003286883799_Node0_Node8_Zero, Node1 id 2003286883799_Node0_Node8_Zero was a dupe; retransmit: 0, pkt_enqueue_time=2011652101011.0051, pkt_dequeue_time=2011652101011.0051, forwarded_or_dropped=1, reason_for_drop='Expiry'
DUPE: 2002377029575_Node0_Node8_Zero, Node1 id 2002377029575_Node0_Node8_Zero was a dupe; retransmit: 0, pkt_enqueue_time=2011658283574.6416, pkt_dequeue_time=2011658283574.6416, forwarded_or_dropped=1, reason_for_drop='Expiry'
DUPE: 2004631182284_Node0_Node8_Zero, Node1 id 2004631182284_Node0_Node8_Zero was a dupe; retransmit: 0, pkt_enqueue_time=2011664463229.187, pkt_dequeue_time=2011664463229.187, forwarded_or_dropped=1, reason_for_drop='Expiry'
DUPE: 2002204889093_Node0_Node8_Zero, Node1 id 2002204889093_Node0_Node8_Zero was a dupe; retransmit: 0, pkt_enqueue_time=2011670662883.7324, pkt_dequeue_time=2011670662883.7324, forwarded_or_dropped=1, reason_for_drop='Expiry'
DUPE: 2005827942211_Node0_Node8_Zero, Node1 id 2005827942211_Node0_Node8_Zero was a dupe; retransmit: 0, pkt_enqueue_time=2011676882538.2778, pkt_dequeue_time=2011676882538.2778, forwarded_or_dropped=1, reason_for_drop='Expiry'
DUPE: 2006639427544_Node0_Node8_Zero, Node1 id 2006639427544_Node0_Node8_Zero was a dupe; retransmit: 0, pkt_enqueue_time=2011683102192.8232, pkt_dequeue_time=2011683102192.8232, forwarded_or_dropped=1, reason_for_drop='Expiry'
DUPE: 2008024698182_Node0_Node8_Zero, Node1 id 2008024698182_Node0_Node8_Zero was a dupe; retransmit: 0, pkt_enqueue_time=2011689361847.3687, pkt_dequeue_time=2011689361847.3687, forwarded_or_dropped=1, reason_for_drop='Expiry'
DUPE: 2007926312963_Node0_Node8_Zero, Node1 id 2007926312963_Node0_Node8_Zero was a dupe; retransmit: 0, pkt_enqueue_time=2011695621501.914, pkt_dequeue_time=2011695621501.914, forwarded_or_dropped=1, reason_for_drop='Expiry'
DUPE: 2002704914663_Node0_Node8_Zero, Node1 id 2002704914663_Node0_Node8_Zero was a dupe; retransmit: 0, pkt_enqueue_time=2011701881156.4595, pkt_dequeue_time=2011701881156.4595, forwarded_or_dropped=1, reason_for_drop='Expiry'
DUPE: 2006245988629_Node0_Node8_Zero, Node1 id 2006245988629_Node0_Node8_Zero was a dupe; retransmit: 0, pkt_enqueue_time=2011708140811.005, pkt_dequeue_time=2011708140811.005, forwarded_or_dropped=1, reason_for_drop='Expiry'
DUPE: 2005704996155_Node0_Node8_Zero, Node1 id 2005704996155_Node0_Node8_Zero was a dupe; retransmit: 0, pkt_enqueue_time=2011714420465.5503, pkt_dequeue_time=2011714420465.5503, forwarded_or_dropped=1, reason_for_drop='Expiry'
DUPE: 2007541065039_Node0_Node8_Zero, Node1 id 2007541065039_Node0_Node8_Zero was a dupe; retransmit: 0, pkt_enqueue_time=2011720720120.0957, pkt_dequeue_time=2011720720120.0957, forwarded_or_dropped=1, reason_for_drop='Expiry'
DUPE: 2002680317406_Node0_Node8_Zero, Node1 id 2002680317406_Node0_Node8_Zero was a dupe; retransmit: 0, pkt_enqueue_time=2011727039774.641, pkt_dequeue_time=2011727039774.641, forwarded_or_dropped=1, reason_for_drop='Expiry'
DUPE: 2002286866327_Node0_Node8_Zero, Node1 id 2002286866327_Node0_Node8_Zero was a dupe; retransmit: 0, pkt_enqueue_time=2011733359429.1865, pkt_dequeue_time=2011733359429.1865, forwarded_or_dropped=1, reason_for_drop='Expiry'
DUPE: 2002270476466_Node0_Node8_Zero, Node1 id 2002270476466_Node0_Node8_Zero was a dupe; retransmit: 0, pkt_enqueue_time=2011739679083.732, pkt_dequeue_time=2011739679083.732, forwarded_or_dropped=1, reason_for_drop='Expiry'
DUPE: 2006688620624_Node0_Node8_Zero, Node1 id 2006688620624_Node0_Node8_Zero was a dupe; retransmit: 0, pkt_enqueue_time=2011745998738.2773, pkt_dequeue_time=2011745998738.2773, forwarded_or_dropped=1, reason_for_drop='Expiry'
DUPE: 2007852549927_Node0_Node8_Zero, Node1 id 2007852549927_Node0_Node8_Zero was a dupe; retransmit: 0, pkt_enqueue_time=2011752358392.8228, pkt_dequeue_time=2011752358392.8228, forwarded_or_dropped=1, reason_for_drop='Expiry'
DUPE: 2005475451619_Node0_Node8_Zero, Node1 id 2005475451619_Node0_Node8_Zero was a dupe; retransmit: 0, pkt_enqueue_time=2011758718047.3682, pkt_dequeue_time=2011758718047.3682, forwarded_or_dropped=1, reason_for_drop='Expiry'
DUPE: 2005122968332_Node0_Node8_Zero, Node1 id 2005122968332_Node0_Node8_Zero was a dupe; retransmit: 0, pkt_enqueue_time=2011765097701.9136, pkt_dequeue_time=2011765097701.9136, forwarded_or_dropped=1, reason_for_drop='Expiry'
DUPE: 2004729545317_Node0_Node8_Zero, Node1 id 2004729545317_Node0_Node8_Zero was a dupe; retransmit: 0, pkt_enqueue_time=2011771477356.459, pkt_dequeue_time=2011771477356.459, forwarded_or_dropped=1, reason_for_drop='Expiry'
DUPE: 2003131141640_Node0_Node8_Zero, Node1 id 2003131141640_Node0_Node8_Zero was a dupe; retransmit: 0, pkt_enqueue_time=2011777857011.0044, pkt_dequeue_time=2011777857011.0044, forwarded_or_dropped=1, reason_for_drop='Expiry'
DUPE: 2003639350571_Node0_Node8_Zero, Node1 id 2003639350571_Node0_Node8_Zero was a dupe; retransmit: 0, pkt_enqueue_time=2011784216665.5498, pkt_dequeue_time=2011784216665.5498, forwarded_or_dropped=1, reason_for_drop='Expiry'
DUPE: 2003647544356_Node0_Node8_Zero, Node1 id 2003647544356_Node0_Node8_Zero was a dupe; retransmit: 0, pkt_enqueue_time=2011784216665.5498, pkt_dequeue_time=2011784216665.5498, forwarded_or_dropped=1, reason_for_drop='Expiry'
DUPE: 2007229581337_Node0_Node8_Zero, Node1 id 2007229581337_Node0_Node8_Zero was a dupe; retransmit: 0, pkt_enqueue_time=2011790619229.1863, pkt_dequeue_time=2011790619229.1863, forwarded_or_dropped=1, reason_for_drop='Expiry'
DUPE: 2007688617246_Node0_Node8_Zero, Node1 id 2007688617246_Node0_Node8_Zero was a dupe; retransmit: 0, pkt_enqueue_time=2011797018883.7317, pkt_dequeue_time=2011797018883.7317, forwarded_or_dropped=1, reason_for_drop='Expiry'
DUPE: 2002458997785_Node0_Node8_Zero, Node1 id 2002458997785_Node0_Node8_Zero was a dupe; retransmit: 0, pkt_enqueue_time=2011803418538.277, pkt_dequeue_time=2011803418538.277, forwarded_or_dropped=1, reason_for_drop='Expiry'
DUPE: 2004114758134_Node0_Node8_Zero, Node1 id 2004114758134_Node0_Node8_Zero was a dupe; retransmit: 0, pkt_enqueue_time=2011809798192.8225, pkt_dequeue_time=2011809798192.8225, forwarded_or_dropped=1, reason_for_drop='Expiry'
DUPE: 2004122953557_Node0_Node8_Zero, Node1 id 2004122953557_Node0_Node8_Zero was a dupe; retransmit: 0, pkt_enqueue_time=2011809798192.8225, pkt_dequeue_time=2011809798192.8225, forwarded_or_dropped=1, reason_for_drop='Expiry'
DUPE: 2007803375988_Node0_Node8_Zero, Node1 id 2007803375988_Node0_Node8_Zero was a dupe; retransmit: 0, pkt_enqueue_time=2011816220756.459, pkt_dequeue_time=2011816220756.459, forwarded_or_dropped=1, reason_for_drop='Expiry'
DUPE: 2007360738819_Node0_Node8_Zero, Node1 id 2007360738819_Node0_Node8_Zero was a dupe; retransmit: 0, pkt_enqueue_time=2011822680411.0044, pkt_dequeue_time=2011822680411.0044, forwarded_or_dropped=1, reason_for_drop='Expiry'
DUPE: 2006123029411_Node0_Node8_Zero, Node1 id 2006123029411_Node0_Node8_Zero was a dupe; retransmit: 0, pkt_enqueue_time=2011829160065.5498, pkt_dequeue_time=2011829160065.5498, forwarded_or_dropped=1, reason_for_drop='Expiry'
DUPE: 2005114766778_Node0_Node8_Zero, Node1 id 2005114766778_Node0_Node8_Zero was a dupe; retransmit: 0, pkt_enqueue_time=2011835639720.0952, pkt_dequeue_time=2011835639720.0952, forwarded_or_dropped=1, reason_for_drop='Expiry'
DUPE: 2004541009199_Node0_Node8_Zero, Node1 id 2004541009199_Node0_Node8_Zero was a dupe; retransmit: 0, pkt_enqueue_time=2011842139374.6406, pkt_dequeue_time=2011842139374.6406, forwarded_or_dropped=1, reason_for_drop='Expiry'
DUPE: 2004385274592_Node0_Node8_Zero, Node1 id 2004385274592_Node0_Node8_Zero was a dupe; retransmit: 0, pkt_enqueue_time=2011848639029.186, pkt_dequeue_time=2011848639029.186, forwarded_or_dropped=1, reason_for_drop='Expiry'
DUPE: 2002180297929_Node0_Node8_Zero, Node1 id 2002180297929_Node0_Node8_Zero was a dupe; retransmit: 0, pkt_enqueue_time=2011855138683.7314, pkt_dequeue_time=2011855138683.7314, forwarded_or_dropped=1, reason_for_drop='Expiry'
DUPE: 2004016397799_Node0_Node8_Zero, Node1 id 2004016397799_Node0_Node8_Zero was a dupe; retransmit: 0, pkt_enqueue_time=2011861618338.2769, pkt_dequeue_time=2011861618338.2769, forwarded_or_dropped=1, reason_for_drop='Expiry'
DUPE: 2004024591930_Node0_Node8_Zero, Node1 id 2004024591930_Node0_Node8_Zero was a dupe; retransmit: 0, pkt_enqueue_time=2011861618338.2769, pkt_dequeue_time=2011861618338.2769, forwarded_or_dropped=1, reason_for_drop='Expiry'
DUPE: 2007401721685_Node0_Node8_Zero, Node1 id 2007401721685_Node0_Node8_Zero was a dupe; retransmit: 0, pkt_enqueue_time=2011868120901.9133, pkt_dequeue_time=2011868120901.9133, forwarded_or_dropped=1, reason_for_drop='Expiry'
DUPE: 2007303362713_Node0_Node8_Zero, Node1 id 2007303362713_Node0_Node8_Zero was a dupe; retransmit: 0, pkt_enqueue_time=2011874620556.4587, pkt_dequeue_time=2011874620556.4587, forwarded_or_dropped=1, reason_for_drop='Expiry'
DUPE: 2007811572399_Node0_Node8_Zero, Node1 id 2007811572399_Node0_Node8_Zero was a dupe; retransmit: 0, pkt_enqueue_time=2011881120211.0042, pkt_dequeue_time=2011881120211.0042, forwarded_or_dropped=1, reason_for_drop='Expiry'
DUPE: 2004983638818_Node0_Node8_Zero, Node1 id 2004983638818_Node0_Node8_Zero was a dupe; retransmit: 0, pkt_enqueue_time=2011887639865.5496, pkt_dequeue_time=2011887639865.5496, forwarded_or_dropped=1, reason_for_drop='Expiry'
DUPE: 2004147544610_Node0_Node8_Zero, Node1 id 2004147544610_Node0_Node8_Zero was a dupe; retransmit: 0, pkt_enqueue_time=2011894139520.095, pkt_dequeue_time=2011894139520.095, forwarded_or_dropped=1, reason_for_drop='Expiry'
DUPE: 2004155738796_Node0_Node8_Zero, Node1 id 2004155738796_Node0_Node8_Zero was a dupe; retransmit: 0, pkt_enqueue_time=2011894139520.095, pkt_dequeue_time=2011894139520.095, forwarded_or_dropped=1, reason_for_drop='Expiry'
DUPE: 2006418108675_Node0_Node8_Zero, Node1 id 2006418108675_Node0_Node8_Zero was a dupe; retransmit: 0, pkt_enqueue_time=2011900682083.7314, pkt_dequeue_time=2011900682083.7314, forwarded_or_dropped=1, reason_for_drop='Expiry'
DUPE: 2004688558531_Node0_Node8_Zero, Node1 id 2004688558531_Node0_Node8_Zero was a dupe; retransmit: 0, pkt_enqueue_time=2011907241738.2769, pkt_dequeue_time=2011907241738.2769, forwarded_or_dropped=1, reason_for_drop='Expiry'
DUPE: 2002008178024_Node0_Node8_Zero, Node1 id 2002008178024_Node0_Node8_Zero was a dupe; retransmit: 0, pkt_enqueue_time=2011913801392.8223, pkt_dequeue_time=2011913801392.8223, forwarded_or_dropped=1, reason_for_drop='Expiry'
DUPE: 2005524644976_Node0_Node8_Zero, Node1 id 2005524644976_Node0_Node8_Zero was a dupe; retransmit: 0, pkt_enqueue_time=2011920381047.3677, pkt_dequeue_time=2011920381047.3677, forwarded_or_dropped=1, reason_for_drop='Expiry'
DUPE: 2007237782285_Node0_Node8_Zero, Node1 id 2007237782285_Node0_Node8_Zero was a dupe; retransmit: 0, pkt_enqueue_time=2011926960701.913, pkt_dequeue_time=2011926960701.913, forwarded_or_dropped=1, reason_for_drop='Expiry'
DUPE: 2007836155578_Node0_Node8_Zero, Node1 id 2007836155578_Node0_Node8_Zero was a dupe; retransmit: 0, pkt_enqueue_time=2011933540356.4585, pkt_dequeue_time=2011933540356.4585, forwarded_or_dropped=1, reason_for_drop='Expiry'
DUPE: 2006049267289_Node0_Node8_Zero, Node1 id 2006049267289_Node0_Node8_Zero was a dupe; retransmit: 0, pkt_enqueue_time=2011940120011.004, pkt_dequeue_time=2011940120011.004, forwarded_or_dropped=1, reason_for_drop='Expiry'
DUPE: 2002393419116_Node0_Node8_Zero, Node1 id 2002393419116_Node0_Node8_Zero was a dupe; retransmit: 0, pkt_enqueue_time=2011946699665.5493, pkt_dequeue_time=2011946699665.5493, forwarded_or_dropped=1, reason_for_drop='Expiry'
DUPE: 2007614838902_Node0_Node8_Zero, Node1 id 2007614838902_Node0_Node8_Zero was a dupe; retransmit: 0, pkt_enqueue_time=2011953299320.0947, pkt_dequeue_time=2011953299320.0947, forwarded_or_dropped=1, reason_for_drop='Expiry'
DUPE: 2006393519884_Node0_Node8_Zero, Node1 id 2006393519884_Node0_Node8_Zero was a dupe; retransmit: 0, pkt_enqueue_time=2011959898974.6401, pkt_dequeue_time=2011959898974.6401, forwarded_or_dropped=1, reason_for_drop='Expiry'
DUPE: 2006098440720_Node0_Node8_Zero, Node1 id 2006098440720_Node0_Node8_Zero was a dupe; retransmit: 0, pkt_enqueue_time=2011966498629.1855, pkt_dequeue_time=2011966498629.1855, forwarded_or_dropped=1, reason_for_drop='Expiry'
DUPE: 2005245929209_Node0_Node8_Zero, Node1 id 2005245929209_Node0_Node8_Zero was a dupe; retransmit: 0, pkt_enqueue_time=2011973118283.731, pkt_dequeue_time=2011973118283.731, forwarded_or_dropped=1, reason_for_drop='Expiry'
DUPE: 2005204931929_Node0_Node8_Zero, Node1 id 2005204931929_Node0_Node8_Zero was a dupe; retransmit: 0, pkt_enqueue_time=2011979737938.2764, pkt_dequeue_time=2011979737938.2764, forwarded_or_dropped=1, reason_for_drop='Expiry'
DUPE: 2007950908394_Node0_Node8_Zero, Node1 id 2007950908394_Node0_Node8_Zero was a dupe; retransmit: 0, pkt_enqueue_time=2011986357592.8218, pkt_dequeue_time=2011986357592.8218, forwarded_or_dropped=1, reason_for_drop='Expiry'
main.py: Progress: 2012 / 2014
Called Update: UpdateRouteCalls = 0, force = False
Node.py: (Node1)@2012000000000.0: Updated MCS from 3 to 3, hist=deque([0.0, 0.0, 0.36619718309859156, 0.0, 0.0547945205479452], maxlen=5), packets_serviced=4, packets_received=73
Called Update: UpdateRouteCalls = 1, force = False
Node.py: (Node2)@2012000000000.0: Updated MCS from 3 to 3, hist=deque([0.6285714285714286, 0.029411764705882353, 0.0, 0.76, 1.0], maxlen=5), packets_serviced=4, packets_received=4
Called Update: UpdateRouteCalls = 2, force = False
Node.py: (Node3)@2012000000000.0: Updated MCS from 3 to 3, hist=deque([0.48214285714285715, 0.3157894736842105, 0.0, 1.0, 1.0], maxlen=5), packets_serviced=4, packets_received=4
Called Update: UpdateRouteCalls = 3, force = False
Node.py: (Node4)@2012000000000.0: Updated MCS from 3 to 3, hist=deque([0.2857142857142857, 0.3055555555555556, 0.6363636363636364, 0.9411764705882353, 1.0], maxlen=5), packets_serviced=4, packets_received=4
Called Update: UpdateRouteCalls = 4, force = False
Called Update: UpdateRouteCalls = 5, force = False
Called Update: UpdateRouteCalls = 6, force = False
Called Update: UpdateRouteCalls = 7, force = False
Called Update: UpdateRouteCalls = 8, force = False
Called Update: UpdateRouteCalls = 9, force = False
!! UPDATING !!
routeNo, updatedMCSIndex =  0 [3, 3, 3, 3, 3, 1, 0, 3]
Called Update: UpdateRouteCalls = 0, force = True
!! UPDATING !!
routeNo, updatedMCSIndex =  0 [3, 3, 3, 3, 3, 1, 0, 3]

rf.py: Time: 2012 Route details: {0: {'Route': [0, 1, 2, 3, 4, 5, 6, 7, 8], 'MCS_Index': [3, 3, 3, 3, 3, 1, 0, 3], 'Priority': 1, 'ValidRoute': True, 'HQRoute': True, 'RouteNodeDensity': [0, 0, 0, 0, 0, 0, 0, 0, 0], 'InterferingLinks': 16, 'Target': (-1, -1)}}
DUPE: 2009008344704_Node0_Node8_Zero, Node6 id 2009008344704_Node0_Node8_Zero was a dupe; retransmit: 0, pkt_enqueue_time=2012012719312.0945, pkt_dequeue_time=2012012719312.0945, forwarded_or_dropped=1, reason_for_drop='Expiry'
DUPE: 2009008344704_Node0_Node8_Zero, Node7 id 2009008344704_Node0_Node8_Zero was a dupe; retransmit: 0, pkt_enqueue_time=2012016179002.9126, pkt_dequeue_time=2012016179002.9126, forwarded_or_dropped=1, reason_for_drop='Expiry'
DUPE: 2009016543091_Node0_Node8_Zero, Node7 id 2009016543091_Node0_Node8_Zero was a dupe; retransmit: 0, pkt_enqueue_time=2012018138657.458, pkt_dequeue_time=2012018138657.458, forwarded_or_dropped=1, reason_for_drop='Expiry'
DUPE: 2009016543091_Node0_Node8_Zero, Node6 id 2009016543091_Node0_Node8_Zero was a dupe; retransmit: 0, pkt_enqueue_time=2012022288899.8215, pkt_dequeue_time=2012022288899.8215, forwarded_or_dropped=1, reason_for_drop='Expiry'
DUPE: 2009024742887_Node0_Node8_Zero, Node7 id 2009024742887_Node0_Node8_Zero was a dupe; retransmit: 0, pkt_enqueue_time=2012025292590.6396, pkt_dequeue_time=2012025292590.6396, forwarded_or_dropped=1, reason_for_drop='Expiry'
DUPE: 2009024742887_Node0_Node8_Zero, Node7 id 2009024742887_Node0_Node8_Zero was a dupe; retransmit: 0, pkt_enqueue_time=2012032280298.5488, pkt_dequeue_time=2012032280298.5488, forwarded_or_dropped=1, reason_for_drop='Expiry'
DUPE: 2009090310531_Node0_Node8_Zero, Node7 id 2009090310531_Node0_Node8_Zero was a dupe; retransmit: 0, pkt_enqueue_time=2012106870619.457, pkt_dequeue_time=2012106870619.457, forwarded_or_dropped=1, reason_for_drop='Expiry'
DUPE: 2009188662537_Node0_Node8_Zero, Node7 id 2009188662537_Node0_Node8_Zero was a dupe; retransmit: 0, pkt_enqueue_time=2012194569494.275, pkt_dequeue_time=2012194569494.275, forwarded_or_dropped=1, reason_for_drop='Expiry'
DUPE: 2005295117218_Node0_Node8_Zero, Node1 id 2005295117218_Node0_Node8_Zero was a dupe; retransmit: 0, pkt_enqueue_time=2012223742761.4573, pkt_dequeue_time=2012223742761.4573, forwarded_or_dropped=1, reason_for_drop='Expiry'
DUPE: 2004336091877_Node0_Node8_Zero, Node1 id 2004336091877_Node0_Node8_Zero was a dupe; retransmit: 0, pkt_enqueue_time=2012232003637.0027, pkt_dequeue_time=2012232003637.0027, forwarded_or_dropped=1, reason_for_drop='Expiry'
DUPE: 2003393446099_Node0_Node8_Zero, Node1 id 2003393446099_Node0_Node8_Zero was a dupe; retransmit: 0, pkt_enqueue_time=2012238683291.548, pkt_dequeue_time=2012238683291.548, forwarded_or_dropped=1, reason_for_drop='Expiry'
DUPE: 2003401646138_Node0_Node8_Zero, Node1 id 2003401646138_Node0_Node8_Zero was a dupe; retransmit: 0, pkt_enqueue_time=2012238683291.548, pkt_dequeue_time=2012238683291.548, forwarded_or_dropped=1, reason_for_drop='Expiry'
DUPE: 2003245897128_Node0_Node8_Zero, Node1 id 2003245897128_Node0_Node8_Zero was a dupe; retransmit: 0, pkt_enqueue_time=2012245365855.1846, pkt_dequeue_time=2012245365855.1846, forwarded_or_dropped=1, reason_for_drop='Expiry'
DUPE: 2003254089882_Node0_Node8_Zero, Node1 id 2003254089882_Node0_Node8_Zero was a dupe; retransmit: 0, pkt_enqueue_time=2012245365855.1846, pkt_dequeue_time=2012245365855.1846, forwarded_or_dropped=1, reason_for_drop='Expiry'
DUPE: 2001983584197_Node0_Node8_Zero, Node1 id 2001983584197_Node0_Node8_Zero was a dupe; retransmit: 0, pkt_enqueue_time=2012252845468.821, pkt_dequeue_time=2012252845468.821, forwarded_or_dropped=1, reason_for_drop='Expiry'
DUPE: 2007336148981_Node0_Node8_Zero, Node1 id 2007336148981_Node0_Node8_Zero was a dupe; retransmit: 0, pkt_enqueue_time=2012260326656.3665, pkt_dequeue_time=2012260326656.3665, forwarded_or_dropped=1, reason_for_drop='Expiry'
DUPE: 2007155814421_Node0_Node8_Zero, Node1 id 2007155814421_Node0_Node8_Zero was a dupe; retransmit: 0, pkt_enqueue_time=2012267026310.9119, pkt_dequeue_time=2012267026310.9119, forwarded_or_dropped=1, reason_for_drop='Expiry'
DUPE: 2007524673698_Node0_Node8_Zero, Node1 id 2007524673698_Node0_Node8_Zero was a dupe; retransmit: 0, pkt_enqueue_time=2012273725965.4573, pkt_dequeue_time=2012273725965.4573, forwarded_or_dropped=1, reason_for_drop='Expiry'
DUPE: 2006934520037_Node0_Node8_Zero, Node1 id 2006934520037_Node0_Node8_Zero was a dupe; retransmit: 0, pkt_enqueue_time=2012280445620.0027, pkt_dequeue_time=2012280445620.0027, forwarded_or_dropped=1, reason_for_drop='Expiry'
DUPE: 2006868947546_Node0_Node8_Zero, Node1 id 2006868947546_Node0_Node8_Zero was a dupe; retransmit: 0, pkt_enqueue_time=2012287165274.548, pkt_dequeue_time=2012287165274.548, forwarded_or_dropped=1, reason_for_drop='Expiry'
DUPE: 2007868938848_Node0_Node8_Zero, Node1 id 2007868938848_Node0_Node8_Zero was a dupe; retransmit: 0, pkt_enqueue_time=2012293884929.0935, pkt_dequeue_time=2012293884929.0935, forwarded_or_dropped=1, reason_for_drop='Expiry'
DUPE: 2002672117561_Node0_Node8_Zero, Node1 id 2002672117561_Node0_Node8_Zero was a dupe; retransmit: 0, pkt_enqueue_time=2012300604583.639, pkt_dequeue_time=2012300604583.639, forwarded_or_dropped=1, reason_for_drop='Expiry'
DUPE: 2009295220677_Node0_Node8_Zero, Node7 id 2009295220677_Node0_Node8_Zero was a dupe; retransmit: 0, pkt_enqueue_time=2012301118508.2778, pkt_dequeue_time=2012301118508.2778, forwarded_or_dropped=1, reason_for_drop='Expiry'
DUPE: 2003737718293_Node0_Node8_Zero, Node1 id 2003737718293_Node0_Node8_Zero was a dupe; retransmit: 0, pkt_enqueue_time=2012307304238.1843, pkt_dequeue_time=2012307304238.1843, forwarded_or_dropped=1, reason_for_drop='Expiry'
DUPE: 2003745911428_Node0_Node8_Zero, Node1 id 2003745911428_Node0_Node8_Zero was a dupe; retransmit: 0, pkt_enqueue_time=2012307304238.1843, pkt_dequeue_time=2012307304238.1843, forwarded_or_dropped=1, reason_for_drop='Expiry'
DUPE: 2005680399085_Node0_Node8_Zero, Node1 id 2005680399085_Node0_Node8_Zero was a dupe; retransmit: 0, pkt_enqueue_time=2012314046801.8208, pkt_dequeue_time=2012314046801.8208, forwarded_or_dropped=1, reason_for_drop='Expiry'
DUPE: 2006278773368_Node0_Node8_Zero, Node1 id 2006278773368_Node0_Node8_Zero was a dupe; retransmit: 0, pkt_enqueue_time=2012320786456.3662, pkt_dequeue_time=2012320786456.3662, forwarded_or_dropped=1, reason_for_drop='Expiry'
DUPE: 2009303415388_Node0_Node8_Zero, Node7 id 2009303415388_Node0_Node8_Zero was a dupe; retransmit: 0, pkt_enqueue_time=2012322121495.8235, pkt_dequeue_time=2012322121495.8235, forwarded_or_dropped=1, reason_for_drop='Expiry'
DUPE: 2002663922494_Node0_Node8_Zero, Node1 id 2002663922494_Node0_Node8_Zero was a dupe; retransmit: 0, pkt_enqueue_time=2012327546110.9116, pkt_dequeue_time=2012327546110.9116, forwarded_or_dropped=1, reason_for_drop='Expiry'
DUPE: 2002188493319_Node0_Node8_Zero, Node1 id 2002188493319_Node0_Node8_Zero was a dupe; retransmit: 0, pkt_enqueue_time=2012334305765.457, pkt_dequeue_time=2012334305765.457, forwarded_or_dropped=1, reason_for_drop='Expiry'
DUPE: 2003688533006_Node0_Node8_Zero, Node1 id 2003688533006_Node0_Node8_Zero was a dupe; retransmit: 0, pkt_enqueue_time=2012341045420.0024, pkt_dequeue_time=2012341045420.0024, forwarded_or_dropped=1, reason_for_drop='Expiry'
DUPE: 2003696733221_Node0_Node8_Zero, Node1 id 2003696733221_Node0_Node8_Zero was a dupe; retransmit: 0, pkt_enqueue_time=2012341045420.0024, pkt_dequeue_time=2012341045420.0024, forwarded_or_dropped=1, reason_for_drop='Expiry'
DUPE: 2009336211843_Node0_Node8_Zero, Node7 id 2009336211843_Node0_Node8_Zero was a dupe; retransmit: 0, pkt_enqueue_time=2012342979233.8235, pkt_dequeue_time=2012342979233.8235, forwarded_or_dropped=1, reason_for_drop='Expiry'
DUPE: 2005836142846_Node0_Node8_Zero, Node1 id 2005836142846_Node0_Node8_Zero was a dupe; retransmit: 0, pkt_enqueue_time=2012347807983.639, pkt_dequeue_time=2012347807983.639, forwarded_or_dropped=1, reason_for_drop='Expiry'
DUPE: 2006262380914_Node0_Node8_Zero, Node1 id 2006262380914_Node0_Node8_Zero was a dupe; retransmit: 0, pkt_enqueue_time=2012354567638.1843, pkt_dequeue_time=2012354567638.1843, forwarded_or_dropped=1, reason_for_drop='Expiry'
DUPE: 2009352611155_Node0_Node8_Zero, Node7 id 2009352611155_Node0_Node8_Zero was a dupe; retransmit: 0, pkt_enqueue_time=2012361196577.278, pkt_dequeue_time=2012361196577.278, forwarded_or_dropped=1, reason_for_drop='Expiry'
DUPE: 2002319664476_Node0_Node8_Zero, Node1 id 2002319664476_Node0_Node8_Zero was a dupe; retransmit: 0, pkt_enqueue_time=2012361347292.7297, pkt_dequeue_time=2012361347292.7297, forwarded_or_dropped=1, reason_for_drop='Expiry'
DUPE: 2004237718340_Node0_Node8_Zero, Node1 id 2004237718340_Node0_Node8_Zero was a dupe; retransmit: 0, pkt_enqueue_time=2012367266947.2751, pkt_dequeue_time=2012367266947.2751, forwarded_or_dropped=1, reason_for_drop='Expiry'
DUPE: 2005664002059_Node0_Node8_Zero, Node1 id 2005664002059_Node0_Node8_Zero was a dupe; retransmit: 0, pkt_enqueue_time=2012374048783.6387, pkt_dequeue_time=2012374048783.6387, forwarded_or_dropped=1, reason_for_drop='Expiry'
DUPE: 2001434388323_Node0_Node8_Zero, Node1 id 2001434388323_Node0_Node8_Zero was a dupe; retransmit: 0, pkt_enqueue_time=2012380827438.184, pkt_dequeue_time=2012380827438.184, forwarded_or_dropped=1, reason_for_drop='Expiry'
DUPE: 2001442584787_Node0_Node8_Zero, Node1 id 2001442584787_Node0_Node8_Zero was a dupe; retransmit: 0, pkt_enqueue_time=2012380827438.184, pkt_dequeue_time=2012380827438.184, forwarded_or_dropped=1, reason_for_drop='Expiry'
DUPE: 2002909830095_Node0_Node8_Zero, Node1 id 2002909830095_Node0_Node8_Zero was a dupe; retransmit: 0, pkt_enqueue_time=2012387630001.8206, pkt_dequeue_time=2012387630001.8206, forwarded_or_dropped=1, reason_for_drop='Expiry'
DUPE: 2005811544542_Node0_Node8_Zero, Node1 id 2005811544542_Node0_Node8_Zero was a dupe; retransmit: 0, pkt_enqueue_time=2012394429656.366, pkt_dequeue_time=2012394429656.366, forwarded_or_dropped=1, reason_for_drop='Expiry'
Called Update: UpdateRouteCalls = 0, force = False
Node.py: (Node1)@2012400000000.0: Updated MCS from 3 to 3, hist=deque([0.0, 0.36619718309859156, 0.0, 0.0547945205479452, 0.6633663366336634], maxlen=5), packets_serviced=67, packets_received=101
Called Update: UpdateRouteCalls = 1, force = False
Node.py: (Node2)@2012400000000.0: Updated MCS from 3 to 3, hist=deque([0.029411764705882353, 0.0, 0.76, 1.0, 0.9402985074626866], maxlen=5), packets_serviced=63, packets_received=67
Called Update: UpdateRouteCalls = 2, force = False
Node.py: (Node3)@2012400000000.0: Updated MCS from 3 to 3, hist=deque([0.3157894736842105, 0.0, 1.0, 1.0, 1.0], maxlen=5), packets_serviced=62, packets_received=62
Called Update: UpdateRouteCalls = 3, force = False
Node.py: (Node4)@2012400000000.0: Updated MCS from 3 to 3, hist=deque([0.3055555555555556, 0.6363636363636364, 0.9411764705882353, 1.0, 0.7096774193548387], maxlen=5), packets_serviced=44, packets_received=62
Called Update: UpdateRouteCalls = 4, force = False
Node.py: (Node5)@2012400000000.0: Updated MCS from 1 to 0, hist=deque([0.37254901960784315, 0.46153846153846156, 2.0, 0.9375, 0.8846153846153846], maxlen=5), packets_serviced=46, packets_received=52
Called Update: UpdateRouteCalls = 5, force = False
Node.py: (Node6)@2012400000000.0: Updated MCS from 0 to 0, hist=deque([2.0, 1.0, 1.0, 0.8823529411764706, 0.5254237288135594], maxlen=5), packets_serviced=31, packets_received=59
Called Update: UpdateRouteCalls = 6, force = False
Node.py: (Node7)@2012400000000.0: Updated MCS from 3 to 3, hist=deque([1.0, 0.3333333333333333, 0.20833333333333334, 0.275, 0.4230769230769231], maxlen=5), packets_serviced=22, packets_received=52
Called Update: UpdateRouteCalls = 7, force = False
Called Update: UpdateRouteCalls = 8, force = False
Called Update: UpdateRouteCalls = 9, force = False
!! UPDATING !!
routeNo, updatedMCSIndex =  0 [3, 3, 3, 3, 3, 0, 0, 3]
DUPE: 2002475390833_Node0_Node8_Zero, Node1 id 2002475390833_Node0_Node8_Zero was a dupe; retransmit: 0, pkt_enqueue_time=2012401229310.9114, pkt_dequeue_time=2012401229310.9114, forwarded_or_dropped=1, reason_for_drop='Expiry'
DUPE: 2009401785905_Node0_Node8_Zero, Node7 id 2009401785905_Node0_Node8_Zero was a dupe; retransmit: 0, pkt_enqueue_time=2012405033408.6416, pkt_dequeue_time=2012405033408.6416, forwarded_or_dropped=1, reason_for_drop='Expiry'
DUPE: 2003918041913_Node0_Node8_Zero, Node1 id 2003918041913_Node0_Node8_Zero was a dupe; retransmit: 0, pkt_enqueue_time=2012408028965.4568, pkt_dequeue_time=2012408028965.4568, forwarded_or_dropped=1, reason_for_drop='Expiry'
DUPE: 2003926238170_Node0_Node8_Zero, Node1 id 2003926238170_Node0_Node8_Zero was a dupe; retransmit: 0, pkt_enqueue_time=2012408028965.4568, pkt_dequeue_time=2012408028965.4568, forwarded_or_dropped=1, reason_for_drop='Expiry'
DUPE: 2009172269290_Node0_Node8_Zero, Node6 id 2009172269290_Node0_Node8_Zero was a dupe; retransmit: 0, pkt_enqueue_time=2012408829116.369, pkt_dequeue_time=2012408829116.369, forwarded_or_dropped=1, reason_for_drop='Expiry'
DUPE: 2007344344764_Node0_Node8_Zero, Node1 id 2007344344764_Node0_Node8_Zero was a dupe; retransmit: 0, pkt_enqueue_time=2012414851529.0933, pkt_dequeue_time=2012414851529.0933, forwarded_or_dropped=1, reason_for_drop='Expiry'
DUPE: 2009409984117_Node0_Node8_Zero, Node6 id 2009409984117_Node0_Node8_Zero was a dupe; retransmit: 0, pkt_enqueue_time=2012418607516.369, pkt_dequeue_time=2012418607516.369, forwarded_or_dropped=1, reason_for_drop='Expiry'
DUPE: 2009418183118_Node0_Node8_Zero, Node6 id 2009418183118_Node0_Node8_Zero was a dupe; retransmit: 0, pkt_enqueue_time=2012418607516.369, pkt_dequeue_time=2012418607516.369, forwarded_or_dropped=1, reason_for_drop='Expiry'
DUPE: 2006172212097_Node0_Node8_Zero, Node1 id 2006172212097_Node0_Node8_Zero was a dupe; retransmit: 0, pkt_enqueue_time=2012421671183.6387, pkt_dequeue_time=2012421671183.6387, forwarded_or_dropped=1, reason_for_drop='Expiry'
DUPE: 2004450845480_Node0_Node8_Zero, Node1 id 2004450845480_Node0_Node8_Zero was a dupe; retransmit: 0, pkt_enqueue_time=2012428490838.184, pkt_dequeue_time=2012428490838.184, forwarded_or_dropped=1, reason_for_drop='Expiry'
DUPE: 2009344412888_Node0_Node8_Zero, Node7 id 2009344412888_Node0_Node8_Zero was a dupe; retransmit: 0, pkt_enqueue_time=2012428534001.187, pkt_dequeue_time=2012428534001.187, forwarded_or_dropped=1, reason_for_drop='Expiry'
DUPE: 2002581952270_Node0_Node8_Zero, Node1 id 2002581952270_Node0_Node8_Zero was a dupe; retransmit: 0, pkt_enqueue_time=2012435310492.7295, pkt_dequeue_time=2012435310492.7295, forwarded_or_dropped=1, reason_for_drop='Expiry'
DUPE: 2009328015467_Node0_Node8_Zero, Node6 id 2009328015467_Node0_Node8_Zero was a dupe; retransmit: 0, pkt_enqueue_time=2012437115846.0054, pkt_dequeue_time=2012437115846.0054, forwarded_or_dropped=1, reason_for_drop='Expiry'
DUPE: 2009336211843_Node0_Node8_Zero, Node6 id 2009336211843_Node0_Node8_Zero was a dupe; retransmit: 0, pkt_enqueue_time=2012437115846.0054, pkt_dequeue_time=2012437115846.0054, forwarded_or_dropped=1, reason_for_drop='Expiry'
DUPE: 2003032777342_Node0_Node8_Zero, Node1 id 2003032777342_Node0_Node8_Zero was a dupe; retransmit: 0, pkt_enqueue_time=2012442150147.275, pkt_dequeue_time=2012442150147.275, forwarded_or_dropped=1, reason_for_drop='Expiry'
DUPE: 2009418183118_Node0_Node8_Zero, Node7 id 2009418183118_Node0_Node8_Zero was a dupe; retransmit: 0, pkt_enqueue_time=2012448284330.8235, pkt_dequeue_time=2012448284330.8235, forwarded_or_dropped=1, reason_for_drop='Expiry'
DUPE: 2006967310628_Node0_Node8_Zero, Node1 id 2006967310628_Node0_Node8_Zero was a dupe; retransmit: 0, pkt_enqueue_time=2012448989801.8203, pkt_dequeue_time=2012448989801.8203, forwarded_or_dropped=1, reason_for_drop='Expiry'
DUPE: 2008073875176_Node0_Node8_Zero, Node1 id 2008073875176_Node0_Node8_Zero was a dupe; retransmit: 0, pkt_enqueue_time=2012455829456.3657, pkt_dequeue_time=2012455829456.3657, forwarded_or_dropped=1, reason_for_drop='Expiry'
DUPE: 2004778713955_Node0_Node8_Zero, Node1 id 2004778713955_Node0_Node8_Zero was a dupe; retransmit: 0, pkt_enqueue_time=2012462669110.9111, pkt_dequeue_time=2012462669110.9111, forwarded_or_dropped=1, reason_for_drop='Expiry'
DUPE: 2002967209890_Node0_Node8_Zero, Node1 id 2002967209890_Node0_Node8_Zero was a dupe; retransmit: 0, pkt_enqueue_time=2012469528765.4565, pkt_dequeue_time=2012469528765.4565, forwarded_or_dropped=1, reason_for_drop='Expiry'
DUPE: 2009409984117_Node0_Node8_Zero, Node7 id 2009409984117_Node0_Node8_Zero was a dupe; retransmit: 0, pkt_enqueue_time=2012470223985.369, pkt_dequeue_time=2012470223985.369, forwarded_or_dropped=1, reason_for_drop='Expiry'
DUPE: 2003557384611_Node0_Node8_Zero, Node1 id 2003557384611_Node0_Node8_Zero was a dupe; retransmit: 0, pkt_enqueue_time=2012476388420.002, pkt_dequeue_time=2012476388420.002, forwarded_or_dropped=1, reason_for_drop='Expiry'
DUPE: 2003565580084_Node0_Node8_Zero, Node1 id 2003565580084_Node0_Node8_Zero was a dupe; retransmit: 0, pkt_enqueue_time=2012476388420.002, pkt_dequeue_time=2012476388420.002, forwarded_or_dropped=1, reason_for_drop='Expiry'
DUPE: 2005729589048_Node0_Node8_Zero, Node1 id 2005729589048_Node0_Node8_Zero was a dupe; retransmit: 0, pkt_enqueue_time=2012483270983.6384, pkt_dequeue_time=2012483270983.6384, forwarded_or_dropped=1, reason_for_drop='Expiry'
DUPE: 2006295170087_Node0_Node8_Zero, Node1 id 2006295170087_Node0_Node8_Zero was a dupe; retransmit: 0, pkt_enqueue_time=2012490150638.1838, pkt_dequeue_time=2012490150638.1838, forwarded_or_dropped=1, reason_for_drop='Expiry'
DUPE: 2004614783042_Node0_Node8_Zero, Node1 id 2004614783042_Node0_Node8_Zero was a dupe; retransmit: 0, pkt_enqueue_time=2012497030292.7292, pkt_dequeue_time=2012497030292.7292, forwarded_or_dropped=1, reason_for_drop='Expiry'
DUPE: 2002040962144_Node0_Node8_Zero, Node1 id 2002040962144_Node0_Node8_Zero was a dupe; retransmit: 0, pkt_enqueue_time=2012503929947.2747, pkt_dequeue_time=2012503929947.2747, forwarded_or_dropped=1, reason_for_drop='Expiry'
DUPE: 2007819764768_Node0_Node8_Zero, Node1 id 2007819764768_Node0_Node8_Zero was a dupe; retransmit: 0, pkt_enqueue_time=2012510829601.82, pkt_dequeue_time=2012510829601.82, forwarded_or_dropped=1, reason_for_drop='Expiry'
DUPE: 2007696811998_Node0_Node8_Zero, Node1 id 2007696811998_Node0_Node8_Zero was a dupe; retransmit: 0, pkt_enqueue_time=2012517729256.3655, pkt_dequeue_time=2012517729256.3655, forwarded_or_dropped=1, reason_for_drop='Expiry'
DUPE: 2002647532022_Node0_Node8_Zero, Node1 id 2002647532022_Node0_Node8_Zero was a dupe; retransmit: 0, pkt_enqueue_time=2012524648910.911, pkt_dequeue_time=2012524648910.911, forwarded_or_dropped=1, reason_for_drop='Expiry'
DUPE: 2004967251356_Node0_Node8_Zero, Node1 id 2004967251356_Node0_Node8_Zero was a dupe; retransmit: 0, pkt_enqueue_time=2012531588565.4563, pkt_dequeue_time=2012531588565.4563, forwarded_or_dropped=1, reason_for_drop='Expiry'
DUPE: 2007057456592_Node0_Node8_Zero, Node1 id 2007057456592_Node0_Node8_Zero was a dupe; retransmit: 0, pkt_enqueue_time=2012538588220.0017, pkt_dequeue_time=2012538588220.0017, forwarded_or_dropped=1, reason_for_drop='Expiry'
DUPE: 2003672134319_Node0_Node8_Zero, Node1 id 2003672134319_Node0_Node8_Zero was a dupe; retransmit: 0, pkt_enqueue_time=2012545587874.547, pkt_dequeue_time=2012545587874.547, forwarded_or_dropped=1, reason_for_drop='Expiry'
DUPE: 2003680335933_Node0_Node8_Zero, Node1 id 2003680335933_Node0_Node8_Zero was a dupe; retransmit: 0, pkt_enqueue_time=2012545587874.547, pkt_dequeue_time=2012545587874.547, forwarded_or_dropped=1, reason_for_drop='Expiry'
DUPE: 2000991801074_Node0_Node8_Zero, Node1 id 2000991801074_Node0_Node8_Zero was a dupe; retransmit: 0, pkt_enqueue_time=2012552610438.1836, pkt_dequeue_time=2012552610438.1836, forwarded_or_dropped=1, reason_for_drop='Expiry'
DUPE: 2000999996109_Node0_Node8_Zero, Node1 id 2000999996109_Node0_Node8_Zero was a dupe; retransmit: 0, pkt_enqueue_time=2012552610438.1836, pkt_dequeue_time=2012552610438.1836, forwarded_or_dropped=1, reason_for_drop='Expiry'
DUPE: 2001663909066_Node0_Node8_Zero, Node1 id 2001663909066_Node0_Node8_Zero was a dupe; retransmit: 0, pkt_enqueue_time=2012559633001.82, pkt_dequeue_time=2012559633001.82, forwarded_or_dropped=1, reason_for_drop='Expiry'
DUPE: 2001672104417_Node0_Node8_Zero, Node1 id 2001672104417_Node0_Node8_Zero was a dupe; retransmit: 0, pkt_enqueue_time=2012559633001.82, pkt_dequeue_time=2012559633001.82, forwarded_or_dropped=1, reason_for_drop='Expiry'
DUPE: 2001877016373_Node0_Node8_Zero, Node1 id 2001877016373_Node0_Node8_Zero was a dupe; retransmit: 0, pkt_enqueue_time=2012561531207.82, pkt_dequeue_time=2012561531207.82, forwarded_or_dropped=1, reason_for_drop='Expiry'
DUPE: 2001417998291_Node0_Node8_Zero, Node1 id 2001417998291_Node0_Node8_Zero was a dupe; retransmit: 0, pkt_enqueue_time=2012568573044.1836, pkt_dequeue_time=2012568573044.1836, forwarded_or_dropped=1, reason_for_drop='Expiry'
DUPE: 2001426192815_Node0_Node8_Zero, Node1 id 2001426192815_Node0_Node8_Zero was a dupe; retransmit: 0, pkt_enqueue_time=2012568573044.1836, pkt_dequeue_time=2012568573044.1836, forwarded_or_dropped=1, reason_for_drop='Expiry'
DUPE: 2001204895384_Node0_Node8_Zero, Node1 id 2001204895384_Node0_Node8_Zero was a dupe; retransmit: 0, pkt_enqueue_time=2012575695607.82, pkt_dequeue_time=2012575695607.82, forwarded_or_dropped=1, reason_for_drop='Expiry'
DUPE: 2001213094036_Node0_Node8_Zero, Node1 id 2001213094036_Node0_Node8_Zero was a dupe; retransmit: 0, pkt_enqueue_time=2012575695607.82, pkt_dequeue_time=2012575695607.82, forwarded_or_dropped=1, reason_for_drop='Expiry'
DUPE: 2005737781408_Node0_Node8_Zero, Node1 id 2005737781408_Node0_Node8_Zero was a dupe; retransmit: 0, pkt_enqueue_time=2012582838171.4565, pkt_dequeue_time=2012582838171.4565, forwarded_or_dropped=1, reason_for_drop='Expiry'
DUPE: 2001286846650_Node0_Node8_Zero, Node1 id 2001286846650_Node0_Node8_Zero was a dupe; retransmit: 0, pkt_enqueue_time=2012590017826.002, pkt_dequeue_time=2012590017826.002, forwarded_or_dropped=1, reason_for_drop='Expiry'
DUPE: 2001295043351_Node0_Node8_Zero, Node1 id 2001295043351_Node0_Node8_Zero was a dupe; retransmit: 0, pkt_enqueue_time=2012590017826.002, pkt_dequeue_time=2012590017826.002, forwarded_or_dropped=1, reason_for_drop='Expiry'
DUPE: 2001647509821_Node0_Node8_Zero, Node1 id 2001647509821_Node0_Node8_Zero was a dupe; retransmit: 0, pkt_enqueue_time=2012597220389.6384, pkt_dequeue_time=2012597220389.6384, forwarded_or_dropped=1, reason_for_drop='Expiry'
DUPE: 2001655708727_Node0_Node8_Zero, Node1 id 2001655708727_Node0_Node8_Zero was a dupe; retransmit: 0, pkt_enqueue_time=2012597220389.6384, pkt_dequeue_time=2012597220389.6384, forwarded_or_dropped=1, reason_for_drop='Expiry'
DUPE: 2001975384893_Node0_Node8_Zero, Node1 id 2001975384893_Node0_Node8_Zero was a dupe; retransmit: 0, pkt_enqueue_time=2012599438595.6384, pkt_dequeue_time=2012599438595.6384, forwarded_or_dropped=1, reason_for_drop='Expiry'
DUPE: 2007713214101_Node0_Node8_Zero, Node1 id 2007713214101_Node0_Node8_Zero was a dupe; retransmit: 0, pkt_enqueue_time=2012606680432.002, pkt_dequeue_time=2012606680432.002, forwarded_or_dropped=1, reason_for_drop='Expiry'
DUPE: 2002918022887_Node0_Node8_Zero, Node1 id 2002918022887_Node0_Node8_Zero was a dupe; retransmit: 0, pkt_enqueue_time=2012613960086.5474, pkt_dequeue_time=2012613960086.5474, forwarded_or_dropped=1, reason_for_drop='Expiry'
DUPE: 2006909930639_Node0_Node8_Zero, Node1 id 2006909930639_Node0_Node8_Zero was a dupe; retransmit: 0, pkt_enqueue_time=2012621239741.0928, pkt_dequeue_time=2012621239741.0928, forwarded_or_dropped=1, reason_for_drop='Expiry'
DUPE: 2007418116342_Node0_Node8_Zero, Node1 id 2007418116342_Node0_Node8_Zero was a dupe; retransmit: 0, pkt_enqueue_time=2012628559395.6382, pkt_dequeue_time=2012628559395.6382, forwarded_or_dropped=1, reason_for_drop='Expiry'
DUPE: 2001057366853_Node0_Node8_Zero, Node1 id 2001057366853_Node0_Node8_Zero was a dupe; retransmit: 0, pkt_enqueue_time=2012635879050.1836, pkt_dequeue_time=2012635879050.1836, forwarded_or_dropped=1, reason_for_drop='Expiry'
DUPE: 2001065562781_Node0_Node8_Zero, Node1 id 2001065562781_Node0_Node8_Zero was a dupe; retransmit: 0, pkt_enqueue_time=2012635879050.1836, pkt_dequeue_time=2012635879050.1836, forwarded_or_dropped=1, reason_for_drop='Expiry'
DUPE: 2001122935023_Node0_Node8_Zero, Node1 id 2001122935023_Node0_Node8_Zero was a dupe; retransmit: 0, pkt_enqueue_time=2012637857256.1836, pkt_dequeue_time=2012637857256.1836, forwarded_or_dropped=1, reason_for_drop='Expiry'
DUPE: 2001131134562_Node0_Node8_Zero, Node1 id 2001131134562_Node0_Node8_Zero was a dupe; retransmit: 0, pkt_enqueue_time=2012637857256.1836, pkt_dequeue_time=2012637857256.1836, forwarded_or_dropped=1, reason_for_drop='Expiry'
DUPE: 2002737696870_Node0_Node8_Zero, Node1 id 2002737696870_Node0_Node8_Zero was a dupe; retransmit: 0, pkt_enqueue_time=2012645219819.82, pkt_dequeue_time=2012645219819.82, forwarded_or_dropped=1, reason_for_drop='Expiry'
DUPE: 2001631115557_Node0_Node8_Zero, Node1 id 2001631115557_Node0_Node8_Zero was a dupe; retransmit: 0, pkt_enqueue_time=2012652579474.3655, pkt_dequeue_time=2012652579474.3655, forwarded_or_dropped=1, reason_for_drop='Expiry'
DUPE: 2001639312894_Node0_Node8_Zero, Node1 id 2001639312894_Node0_Node8_Zero was a dupe; retransmit: 0, pkt_enqueue_time=2012652579474.3655, pkt_dequeue_time=2012652579474.3655, forwarded_or_dropped=1, reason_for_drop='Expiry'
DUPE: 2001934397535_Node0_Node8_Zero, Node1 id 2001934397535_Node0_Node8_Zero was a dupe; retransmit: 0, pkt_enqueue_time=2012659142038.002, pkt_dequeue_time=2012659142038.002, forwarded_or_dropped=1, reason_for_drop='Expiry'
DUPE: 2006409910073_Node0_Node8_Zero, Node1 id 2006409910073_Node0_Node8_Zero was a dupe; retransmit: 0, pkt_enqueue_time=2012666583874.3655, pkt_dequeue_time=2012666583874.3655, forwarded_or_dropped=1, reason_for_drop='Expiry'
DUPE: 2007500088127_Node0_Node8_Zero, Node1 id 2007500088127_Node0_Node8_Zero was a dupe; retransmit: 0, pkt_enqueue_time=2012674063528.911, pkt_dequeue_time=2012674063528.911, forwarded_or_dropped=1, reason_for_drop='Expiry'
DUPE: 2002540974366_Node0_Node8_Zero, Node1 id 2002540974366_Node0_Node8_Zero was a dupe; retransmit: 0, pkt_enqueue_time=2012681563183.4563, pkt_dequeue_time=2012681563183.4563, forwarded_or_dropped=1, reason_for_drop='Expiry'
DUPE: 2001352427375_Node0_Node8_Zero, Node1 id 2001352427375_Node0_Node8_Zero was a dupe; retransmit: 0, pkt_enqueue_time=2012689054838.0017, pkt_dequeue_time=2012689054838.0017, forwarded_or_dropped=1, reason_for_drop='Expiry'
DUPE: 2001360623808_Node0_Node8_Zero, Node1 id 2001360623808_Node0_Node8_Zero was a dupe; retransmit: 0, pkt_enqueue_time=2012689054838.0017, pkt_dequeue_time=2012689054838.0017, forwarded_or_dropped=1, reason_for_drop='Expiry'
DUPE: 2000500001751_Node0_Node8_Zero, Node2 id 2000500001751_Node0_Node8_Zero was a dupe; retransmit: 0, pkt_enqueue_time=2012699760322.8198, pkt_dequeue_time=2012699760322.8198, forwarded_or_dropped=1, reason_for_drop='Expiry'
DUPE: 2006860751978_Node0_Node8_Zero, Node1 id 2006860751978_Node0_Node8_Zero was a dupe; retransmit: 0, pkt_enqueue_time=2012704878300.2747, pkt_dequeue_time=2012704878300.2747, forwarded_or_dropped=1, reason_for_drop='Expiry'
DUPE: 2006311557782_Node0_Node8_Zero, Node1 id 2006311557782_Node0_Node8_Zero was a dupe; retransmit: 0, pkt_enqueue_time=2012712437954.82, pkt_dequeue_time=2012712437954.82, forwarded_or_dropped=1, reason_for_drop='Expiry'
DUPE: 2007098434578_Node0_Node8_Zero, Node1 id 2007098434578_Node0_Node8_Zero was a dupe; retransmit: 0, pkt_enqueue_time=2012720037609.3655, pkt_dequeue_time=2012720037609.3655, forwarded_or_dropped=1, reason_for_drop='Expiry'
DUPE: 2007959108455_Node0_Node8_Zero, Node1 id 2007959108455_Node0_Node8_Zero was a dupe; retransmit: 0, pkt_enqueue_time=2012727637263.911, pkt_dequeue_time=2012727637263.911, forwarded_or_dropped=1, reason_for_drop='Expiry'
DUPE: 2000909831287_Node0_Node8_Zero, Node1 id 2000909831287_Node0_Node8_Zero was a dupe; retransmit: 0, pkt_enqueue_time=2012735236918.4563, pkt_dequeue_time=2012735236918.4563, forwarded_or_dropped=1, reason_for_drop='Expiry'
DUPE: 2006401714254_Node0_Node8_Zero, Node1 id 2006401714254_Node0_Node8_Zero was a dupe; retransmit: 0, pkt_enqueue_time=2012742876573.0017, pkt_dequeue_time=2012742876573.0017, forwarded_or_dropped=1, reason_for_drop='Expiry'
DUPE: 2008057482451_Node0_Node8_Zero, Node1 id 2008057482451_Node0_Node8_Zero was a dupe; retransmit: 0, pkt_enqueue_time=2012750576227.547, pkt_dequeue_time=2012750576227.547, forwarded_or_dropped=1, reason_for_drop='Expiry'
DUPE: 2001385209804_Node0_Node8_Zero, Node1 id 2001385209804_Node0_Node8_Zero was a dupe; retransmit: 0, pkt_enqueue_time=2012758315882.0925, pkt_dequeue_time=2012758315882.0925, forwarded_or_dropped=1, reason_for_drop='Expiry'
DUPE: 2001393402015_Node0_Node8_Zero, Node1 id 2001393402015_Node0_Node8_Zero was a dupe; retransmit: 0, pkt_enqueue_time=2012758315882.0925, pkt_dequeue_time=2012758315882.0925, forwarded_or_dropped=1, reason_for_drop='Expiry'
DUPE: 2005803351649_Node0_Node8_Zero, Node1 id 2005803351649_Node0_Node8_Zero was a dupe; retransmit: 0, pkt_enqueue_time=2012766078445.729, pkt_dequeue_time=2012766078445.729, forwarded_or_dropped=1, reason_for_drop='Expiry'
DUPE: 2001901600869_Node0_Node8_Zero, Node1 id 2001901600869_Node0_Node8_Zero was a dupe; retransmit: 0, pkt_enqueue_time=2012781573996.4563, pkt_dequeue_time=2012781573996.4563, forwarded_or_dropped=1, reason_for_drop='Expiry'
DUPE: 2005868927260_Node0_Node8_Zero, Node1 id 2005868927260_Node0_Node8_Zero was a dupe; retransmit: 0, pkt_enqueue_time=2012789415832.8198, pkt_dequeue_time=2012789415832.8198, forwarded_or_dropped=1, reason_for_drop='Expiry'
DUPE: 2001516361605_Node0_Node8_Zero, Node1 id 2001516361605_Node0_Node8_Zero was a dupe; retransmit: 0, pkt_enqueue_time=2012797315487.3652, pkt_dequeue_time=2012797315487.3652, forwarded_or_dropped=1, reason_for_drop='Expiry'
DUPE: 2001524561419_Node0_Node8_Zero, Node1 id 2001524561419_Node0_Node8_Zero was a dupe; retransmit: 0, pkt_enqueue_time=2012797315487.3652, pkt_dequeue_time=2012797315487.3652, forwarded_or_dropped=1, reason_for_drop='Expiry'
Called Update: UpdateRouteCalls = 0, force = False
Node.py: (Node1)@2012800000000.0: Updated MCS from 3 to 3, hist=deque([0.36619718309859156, 0.0, 0.0547945205479452, 0.6633663366336634, 0.0], maxlen=5), packets_serviced=0, packets_received=71
Called Update: UpdateRouteCalls = 1, force = False
Node.py: (Node2)@2012800000000.0: Updated MCS from 3 to 3, hist=deque([0.0, 0.76, 1.0, 0.9402985074626866, 0.0], maxlen=5), packets_serviced=0, packets_received=1
Called Update: UpdateRouteCalls = 2, force = False
Called Update: UpdateRouteCalls = 3, force = False
Called Update: UpdateRouteCalls = 4, force = False
Called Update: UpdateRouteCalls = 5, force = False
Node.py: (Node6)@2012800000000.0: Updated MCS from 0 to 1, hist=deque([1.0, 1.0, 0.8823529411764706, 0.5254237288135594, 0.0], maxlen=5), packets_serviced=0, packets_received=5
Called Update: UpdateRouteCalls = 6, force = False
Node.py: (Node7)@2012800000000.0: Updated MCS from 3 to 3, hist=deque([0.3333333333333333, 0.20833333333333334, 0.275, 0.4230769230769231, 0.0], maxlen=5), packets_serviced=0, packets_received=4
Called Update: UpdateRouteCalls = 7, force = False
Called Update: UpdateRouteCalls = 8, force = False
Called Update: UpdateRouteCalls = 9, force = False
!! UPDATING !!
routeNo, updatedMCSIndex =  0 [3, 3, 3, 3, 3, 0, 1, 3]
DUPE: 2000885239045_Node0_Node8_Zero, Node1 id 2000885239045_Node0_Node8_Zero was a dupe; retransmit: 0, pkt_enqueue_time=2012805258051.0017, pkt_dequeue_time=2012805258051.0017, forwarded_or_dropped=1, reason_for_drop='Expiry'
DUPE: 2000901629848_Node0_Node8_Zero, Node1 id 2000901629848_Node0_Node8_Zero was a dupe; retransmit: 0, pkt_enqueue_time=2012807386257.0017, pkt_dequeue_time=2012807386257.0017, forwarded_or_dropped=1, reason_for_drop='Expiry'
DUPE: 2001942591875_Node0_Node8_Zero, Node1 id 2001942591875_Node0_Node8_Zero was a dupe; retransmit: 0, pkt_enqueue_time=2012814485911.547, pkt_dequeue_time=2012814485911.547, forwarded_or_dropped=1, reason_for_drop='Expiry'
DUPE: 2006811568786_Node0_Node8_Zero, Node1 id 2006811568786_Node0_Node8_Zero was a dupe; retransmit: 0, pkt_enqueue_time=2012822467747.9106, pkt_dequeue_time=2012822467747.9106, forwarded_or_dropped=1, reason_for_drop='Expiry'
DUPE: 2008139461550_Node0_Node8_Zero, Node1 id 2008139461550_Node0_Node8_Zero was a dupe; retransmit: 0, pkt_enqueue_time=2012830447402.456, pkt_dequeue_time=2012830447402.456, forwarded_or_dropped=1, reason_for_drop='Expiry'
DUPE: 2006368930240_Node0_Node8_Zero, Node1 id 2006368930240_Node0_Node8_Zero was a dupe; retransmit: 0, pkt_enqueue_time=2012838467057.0015, pkt_dequeue_time=2012838467057.0015, forwarded_or_dropped=1, reason_for_drop='Expiry'
DUPE: 2001696691979_Node0_Node8_Zero, Node1 id 2001696691979_Node0_Node8_Zero was a dupe; retransmit: 0, pkt_enqueue_time=2012846506711.5469, pkt_dequeue_time=2012846506711.5469, forwarded_or_dropped=1, reason_for_drop='Expiry'
DUPE: 2001704886676_Node0_Node8_Zero, Node1 id 2001704886676_Node0_Node8_Zero was a dupe; retransmit: 0, pkt_enqueue_time=2012846506711.5469, pkt_dequeue_time=2012846506711.5469, forwarded_or_dropped=1, reason_for_drop='Expiry'
DUPE: 2001885210472_Node0_Node8_Zero, Node1 id 2001885210472_Node0_Node8_Zero was a dupe; retransmit: 0, pkt_enqueue_time=2012853709275.1833, pkt_dequeue_time=2012853709275.1833, forwarded_or_dropped=1, reason_for_drop='Expiry'
DUPE: 2008008301418_Node0_Node8_Zero, Node1 id 2008008301418_Node0_Node8_Zero was a dupe; retransmit: 0, pkt_enqueue_time=2012861791111.5469, pkt_dequeue_time=2012861791111.5469, forwarded_or_dropped=1, reason_for_drop='Expiry'
DUPE: 2000959015553_Node0_Node8_Zero, Node1 id 2000959015553_Node0_Node8_Zero was a dupe; retransmit: 0, pkt_enqueue_time=2012869870766.0923, pkt_dequeue_time=2012869870766.0923, forwarded_or_dropped=1, reason_for_drop='Expiry'
DUPE: 2000967209689_Node0_Node8_Zero, Node1 id 2000967209689_Node0_Node8_Zero was a dupe; retransmit: 0, pkt_enqueue_time=2012869870766.0923, pkt_dequeue_time=2012869870766.0923, forwarded_or_dropped=1, reason_for_drop='Expiry'
DUPE: 2000975404558_Node0_Node8_Zero, Node1 id 2000975404558_Node0_Node8_Zero was a dupe; retransmit: 0, pkt_enqueue_time=2012872608972.0923, pkt_dequeue_time=2012872608972.0923, forwarded_or_dropped=1, reason_for_drop='Expiry'
DUPE: 2000983602763_Node0_Node8_Zero, Node1 id 2000983602763_Node0_Node8_Zero was a dupe; retransmit: 0, pkt_enqueue_time=2012872608972.0923, pkt_dequeue_time=2012872608972.0923, forwarded_or_dropped=1, reason_for_drop='Expiry'
DUPE: 2002524582553_Node0_Node8_Zero, Node1 id 2002524582553_Node0_Node8_Zero was a dupe; retransmit: 0, pkt_enqueue_time=2012880751535.7288, pkt_dequeue_time=2012880751535.7288, forwarded_or_dropped=1, reason_for_drop='Expiry'
DUPE: 2007623034054_Node0_Node8_Zero, Node1 id 2007623034054_Node0_Node8_Zero was a dupe; retransmit: 0, pkt_enqueue_time=2012888911190.2742, pkt_dequeue_time=2012888911190.2742, forwarded_or_dropped=1, reason_for_drop='Expiry'
DUPE: 2003008193516_Node0_Node8_Zero, Node1 id 2003008193516_Node0_Node8_Zero was a dupe; retransmit: 0, pkt_enqueue_time=2012897090844.8196, pkt_dequeue_time=2012897090844.8196, forwarded_or_dropped=1, reason_for_drop='Expiry'
DUPE: 2008000100121_Node0_Node8_Zero, Node1 id 2008000100121_Node0_Node8_Zero was a dupe; retransmit: 0, pkt_enqueue_time=2012905310499.365, pkt_dequeue_time=2012905310499.365, forwarded_or_dropped=1, reason_for_drop='Expiry'
DUPE: 2003057366052_Node0_Node8_Zero, Node1 id 2003057366052_Node0_Node8_Zero was a dupe; retransmit: 0, pkt_enqueue_time=2012913630153.9104, pkt_dequeue_time=2012913630153.9104, forwarded_or_dropped=1, reason_for_drop='Expiry'
DUPE: 2007180402459_Node0_Node8_Zero, Node1 id 2007180402459_Node0_Node8_Zero was a dupe; retransmit: 0, pkt_enqueue_time=2012922009808.4558, pkt_dequeue_time=2012922009808.4558, forwarded_or_dropped=1, reason_for_drop='Expiry'
DUPE: 2007885333747_Node0_Node8_Zero, Node1 id 2007885333747_Node0_Node8_Zero was a dupe; retransmit: 0, pkt_enqueue_time=2012930389463.0012, pkt_dequeue_time=2012930389463.0012, forwarded_or_dropped=1, reason_for_drop='Expiry'
DUPE: 2000934426092_Node0_Node8_Zero, Node1 id 2000934426092_Node0_Node8_Zero was a dupe; retransmit: 0, pkt_enqueue_time=2012938789117.5466, pkt_dequeue_time=2012938789117.5466, forwarded_or_dropped=1, reason_for_drop='Expiry'
DUPE: 2007450904290_Node0_Node8_Zero, Node1 id 2007450904290_Node0_Node8_Zero was a dupe; retransmit: 0, pkt_enqueue_time=2012947188772.092, pkt_dequeue_time=2012947188772.092, forwarded_or_dropped=1, reason_for_drop='Expiry'
DUPE: 2006631229195_Node0_Node8_Zero, Node1 id 2006631229195_Node0_Node8_Zero was a dupe; retransmit: 0, pkt_enqueue_time=2012955628426.6375, pkt_dequeue_time=2012955628426.6375, forwarded_or_dropped=1, reason_for_drop='Expiry'
DUPE: 2001336031793_Node0_Node8_Zero, Node1 id 2001336031793_Node0_Node8_Zero was a dupe; retransmit: 0, pkt_enqueue_time=2012964048081.1829, pkt_dequeue_time=2012964048081.1829, forwarded_or_dropped=1, reason_for_drop='Expiry'
DUPE: 2001344229752_Node0_Node8_Zero, Node1 id 2001344229752_Node0_Node8_Zero was a dupe; retransmit: 0, pkt_enqueue_time=2012964048081.1829, pkt_dequeue_time=2012964048081.1829, forwarded_or_dropped=1, reason_for_drop='Expiry'
DUPE: 2001762265798_Node0_Node8_Zero, Node1 id 2001762265798_Node0_Node8_Zero was a dupe; retransmit: 0, pkt_enqueue_time=2012972570644.8193, pkt_dequeue_time=2012972570644.8193, forwarded_or_dropped=1, reason_for_drop='Expiry'
DUPE: 2001770461932_Node0_Node8_Zero, Node1 id 2001770461932_Node0_Node8_Zero was a dupe; retransmit: 0, pkt_enqueue_time=2012972570644.8193, pkt_dequeue_time=2012972570644.8193, forwarded_or_dropped=1, reason_for_drop='Expiry'
DUPE: 2007664027800_Node0_Node8_Zero, Node1 id 2007664027800_Node0_Node8_Zero was a dupe; retransmit: 0, pkt_enqueue_time=2012981133208.4558, pkt_dequeue_time=2012981133208.4558, forwarded_or_dropped=1, reason_for_drop='Expiry'
DUPE: 2001844222884_Node0_Node8_Zero, Node1 id 2001844222884_Node0_Node8_Zero was a dupe; retransmit: 0, pkt_enqueue_time=2012989672863.0012, pkt_dequeue_time=2012989672863.0012, forwarded_or_dropped=1, reason_for_drop='Expiry'
DUPE: 2001852423443_Node0_Node8_Zero, Node1 id 2001852423443_Node0_Node8_Zero was a dupe; retransmit: 0, pkt_enqueue_time=2012989672863.0012, pkt_dequeue_time=2012989672863.0012, forwarded_or_dropped=1, reason_for_drop='Expiry'
DUPE: 2007680422685_Node0_Node8_Zero, Node1 id 2007680422685_Node0_Node8_Zero was a dupe; retransmit: 0, pkt_enqueue_time=2012998255426.6377, pkt_dequeue_time=2012998255426.6377, forwarded_or_dropped=1, reason_for_drop='Expiry'
main.py: Progress: 2013 / 2014
Called Update: UpdateRouteCalls = 0, force = True
!! UPDATING !!
routeNo, updatedMCSIndex =  0 [3, 3, 3, 3, 3, 0, 1, 3]

rf.py: Time: 2013 Route details: {0: {'Route': [0, 1, 2, 3, 4, 5, 6, 7, 8], 'MCS_Index': [3, 3, 3, 3, 3, 0, 1, 3], 'Priority': 1, 'ValidRoute': True, 'HQRoute': True, 'RouteNodeDensity': [0, 0, 0, 0, 0, 0, 0, 0, 0], 'InterferingLinks': 16, 'Target': (-1, -1)}}
DUPE: 2008114864859_Node0_Node8_Zero, Node1 id 2008114864859_Node0_Node8_Zero was a dupe; retransmit: 0, pkt_enqueue_time=2013006855081.183, pkt_dequeue_time=2013006855081.183, forwarded_or_dropped=1, reason_for_drop='Expiry'
DUPE: 2005049198835_Node0_Node8_Zero, Node1 id 2005049198835_Node0_Node8_Zero was a dupe; retransmit: 0, pkt_enqueue_time=2013015474735.7285, pkt_dequeue_time=2013015474735.7285, forwarded_or_dropped=1, reason_for_drop='Expiry'
DUPE: 2001778662223_Node0_Node8_Zero, Node1 id 2001778662223_Node0_Node8_Zero was a dupe; retransmit: 0, pkt_enqueue_time=2013024074390.274, pkt_dequeue_time=2013024074390.274, forwarded_or_dropped=1, reason_for_drop='Expiry'
DUPE: 2001786854844_Node0_Node8_Zero, Node1 id 2001786854844_Node0_Node8_Zero was a dupe; retransmit: 0, pkt_enqueue_time=2013024074390.274, pkt_dequeue_time=2013024074390.274, forwarded_or_dropped=1, reason_for_drop='Expiry'
DUPE: 2007262373983_Node0_Node8_Zero, Node1 id 2007262373983_Node0_Node8_Zero was a dupe; retransmit: 0, pkt_enqueue_time=2013032716953.9104, pkt_dequeue_time=2013032716953.9104, forwarded_or_dropped=1, reason_for_drop='Expiry'
DUPE: 2001401603423_Node0_Node8_Zero, Node1 id 2001401603423_Node0_Node8_Zero was a dupe; retransmit: 0, pkt_enqueue_time=2013041336608.4558, pkt_dequeue_time=2013041336608.4558, forwarded_or_dropped=1, reason_for_drop='Expiry'
DUPE: 2001409801717_Node0_Node8_Zero, Node1 id 2001409801717_Node0_Node8_Zero was a dupe; retransmit: 0, pkt_enqueue_time=2013041336608.4558, pkt_dequeue_time=2013041336608.4558, forwarded_or_dropped=1, reason_for_drop='Expiry'
DUPE: 2007860745160_Node0_Node8_Zero, Node1 id 2007860745160_Node0_Node8_Zero was a dupe; retransmit: 0, pkt_enqueue_time=2013059644396.2742, pkt_dequeue_time=2013059644396.2742, forwarded_or_dropped=1, reason_for_drop='Expiry'
DUPE: 2001188504679_Node0_Node8_Zero, Node1 id 2001188504679_Node0_Node8_Zero was a dupe; retransmit: 0, pkt_enqueue_time=2013068364050.8196, pkt_dequeue_time=2013068364050.8196, forwarded_or_dropped=1, reason_for_drop='Expiry'
DUPE: 2001196703409_Node0_Node8_Zero, Node1 id 2001196703409_Node0_Node8_Zero was a dupe; retransmit: 0, pkt_enqueue_time=2013068364050.8196, pkt_dequeue_time=2013068364050.8196, forwarded_or_dropped=1, reason_for_drop='Expiry'
DUPE: 2007705013656_Node0_Node8_Zero, Node1 id 2007705013656_Node0_Node8_Zero was a dupe; retransmit: 0, pkt_enqueue_time=2013077146614.456, pkt_dequeue_time=2013077146614.456, forwarded_or_dropped=1, reason_for_drop='Expiry'
DUPE: 2002590151973_Node0_Node8_Zero, Node1 id 2002590151973_Node0_Node8_Zero was a dupe; retransmit: 0, pkt_enqueue_time=2013085926269.0015, pkt_dequeue_time=2013085926269.0015, forwarded_or_dropped=1, reason_for_drop='Expiry'
DUPE: 2006926325575_Node0_Node8_Zero, Node1 id 2006926325575_Node0_Node8_Zero was a dupe; retransmit: 0, pkt_enqueue_time=2013094725923.5469, pkt_dequeue_time=2013094725923.5469, forwarded_or_dropped=1, reason_for_drop='Expiry'
DUPE: 2002885242887_Node0_Node8_Zero, Node1 id 2002885242887_Node0_Node8_Zero was a dupe; retransmit: 0, pkt_enqueue_time=2013103565578.0923, pkt_dequeue_time=2013103565578.0923, forwarded_or_dropped=1, reason_for_drop='Expiry'
DUPE: 2002196687411_Node0_Node8_Zero, Node1 id 2002196687411_Node0_Node8_Zero was a dupe; retransmit: 0, pkt_enqueue_time=2013112445232.6377, pkt_dequeue_time=2013112445232.6377, forwarded_or_dropped=1, reason_for_drop='Expiry'
DUPE: 2002131130309_Node0_Node8_Zero, Node1 id 2002131130309_Node0_Node8_Zero was a dupe; retransmit: 0, pkt_enqueue_time=2013121324887.183, pkt_dequeue_time=2013121324887.183, forwarded_or_dropped=1, reason_for_drop='Expiry'
DUPE: 2002172103570_Node0_Node8_Zero, Node1 id 2002172103570_Node0_Node8_Zero was a dupe; retransmit: 0, pkt_enqueue_time=2013130244541.7285, pkt_dequeue_time=2013130244541.7285, forwarded_or_dropped=1, reason_for_drop='Expiry'
DUPE: 2003721325032_Node0_Node8_Zero, Node1 id 2003721325032_Node0_Node8_Zero was a dupe; retransmit: 0, pkt_enqueue_time=2013139164196.274, pkt_dequeue_time=2013139164196.274, forwarded_or_dropped=1, reason_for_drop='Expiry'
DUPE: 2003729518481_Node0_Node8_Zero, Node1 id 2003729518481_Node0_Node8_Zero was a dupe; retransmit: 0, pkt_enqueue_time=2013139164196.274, pkt_dequeue_time=2013139164196.274, forwarded_or_dropped=1, reason_for_drop='Expiry'
DUPE: 2001254068513_Node0_Node8_Zero, Node1 id 2001254068513_Node0_Node8_Zero was a dupe; retransmit: 0, pkt_enqueue_time=2013148106759.9104, pkt_dequeue_time=2013148106759.9104, forwarded_or_dropped=1, reason_for_drop='Expiry'
DUPE: 2001262265395_Node0_Node8_Zero, Node1 id 2001262265395_Node0_Node8_Zero was a dupe; retransmit: 0, pkt_enqueue_time=2013148106759.9104, pkt_dequeue_time=2013148106759.9104, forwarded_or_dropped=1, reason_for_drop='Expiry'
DUPE: 2001967188313_Node0_Node8_Zero, Node1 id 2001967188313_Node0_Node8_Zero was a dupe; retransmit: 0, pkt_enqueue_time=2013156229323.5469, pkt_dequeue_time=2013156229323.5469, forwarded_or_dropped=1, reason_for_drop='Expiry'
DUPE: 2005483651303_Node0_Node8_Zero, Node1 id 2005483651303_Node0_Node8_Zero was a dupe; retransmit: 0, pkt_enqueue_time=2013165271159.9104, pkt_dequeue_time=2013165271159.9104, forwarded_or_dropped=1, reason_for_drop='Expiry'
DUPE: 2006000083506_Node0_Node8_Zero, Node1 id 2006000083506_Node0_Node8_Zero was a dupe; retransmit: 0, pkt_enqueue_time=2013167639365.9104, pkt_dequeue_time=2013167639365.9104, forwarded_or_dropped=1, reason_for_drop='Expiry'
DUPE: 2000926224462_Node0_Node8_Zero, Node1 id 2000926224462_Node0_Node8_Zero was a dupe; retransmit: 0, pkt_enqueue_time=2013176739020.4558, pkt_dequeue_time=2013176739020.4558, forwarded_or_dropped=1, reason_for_drop='Expiry'
DUPE: 2007893530030_Node0_Node8_Zero, Node1 id 2007893530030_Node0_Node8_Zero was a dupe; retransmit: 0, pkt_enqueue_time=2013185858675.0012, pkt_dequeue_time=2013185858675.0012, forwarded_or_dropped=1, reason_for_drop='Expiry'
DUPE: 2007008285044_Node0_Node8_Zero, Node1 id 2007008285044_Node0_Node8_Zero was a dupe; retransmit: 0, pkt_enqueue_time=2013194998329.5466, pkt_dequeue_time=2013194998329.5466, forwarded_or_dropped=1, reason_for_drop='Expiry'
Called Update: UpdateRouteCalls = 0, force = False
Node.py: (Node1)@2013200000000.0: Updated MCS from 3 to 3, hist=deque([0.0, 0.0547945205479452, 0.6633663366336634, 0.0, 0.0], maxlen=5), packets_serviced=0, packets_received=64
Called Update: UpdateRouteCalls = 1, force = False
Called Update: UpdateRouteCalls = 2, force = False
Called Update: UpdateRouteCalls = 3, force = False
Called Update: UpdateRouteCalls = 4, force = False
Called Update: UpdateRouteCalls = 5, force = False
Called Update: UpdateRouteCalls = 6, force = False
Called Update: UpdateRouteCalls = 7, force = False
Called Update: UpdateRouteCalls = 8, force = False
Called Update: UpdateRouteCalls = 9, force = False
!! UPDATING !!
routeNo, updatedMCSIndex =  0 [3, 3, 3, 3, 3, 0, 1, 3]
DUPE: 2006795173704_Node0_Node8_Zero, Node1 id 2006795173704_Node0_Node8_Zero was a dupe; retransmit: 0, pkt_enqueue_time=2013204157984.092, pkt_dequeue_time=2013204157984.092, forwarded_or_dropped=1, reason_for_drop='Expiry'
DUPE: 2001614720532_Node0_Node8_Zero, Node1 id 2001614720532_Node0_Node8_Zero was a dupe; retransmit: 0, pkt_enqueue_time=2013213317638.6375, pkt_dequeue_time=2013213317638.6375, forwarded_or_dropped=1, reason_for_drop='Expiry'
DUPE: 2001622920127_Node0_Node8_Zero, Node1 id 2001622920127_Node0_Node8_Zero was a dupe; retransmit: 0, pkt_enqueue_time=2013213317638.6375, pkt_dequeue_time=2013213317638.6375, forwarded_or_dropped=1, reason_for_drop='Expiry'
DUPE: 2001270460809_Node0_Node8_Zero, Node1 id 2001270460809_Node0_Node8_Zero was a dupe; retransmit: 0, pkt_enqueue_time=2013222480202.274, pkt_dequeue_time=2013222480202.274, forwarded_or_dropped=1, reason_for_drop='Expiry'
DUPE: 2001278652654_Node0_Node8_Zero, Node1 id 2001278652654_Node0_Node8_Zero was a dupe; retransmit: 0, pkt_enqueue_time=2013222480202.274, pkt_dequeue_time=2013222480202.274, forwarded_or_dropped=1, reason_for_drop='Expiry'
DUPE: 2006918129380_Node0_Node8_Zero, Node1 id 2006918129380_Node0_Node8_Zero was a dupe; retransmit: 0, pkt_enqueue_time=2013231682765.9104, pkt_dequeue_time=2013231682765.9104, forwarded_or_dropped=1, reason_for_drop='Expiry'
DUPE: 2006213194834_Node0_Node8_Zero, Node1 id 2006213194834_Node0_Node8_Zero was a dupe; retransmit: 0, pkt_enqueue_time=2013240882420.4558, pkt_dequeue_time=2013240882420.4558, forwarded_or_dropped=1, reason_for_drop='Expiry'
DUPE: 2001745869157_Node0_Node8_Zero, Node1 id 2001745869157_Node0_Node8_Zero was a dupe; retransmit: 0, pkt_enqueue_time=2013250082075.0012, pkt_dequeue_time=2013250082075.0012, forwarded_or_dropped=1, reason_for_drop='Expiry'
DUPE: 2001754066979_Node0_Node8_Zero, Node1 id 2001754066979_Node0_Node8_Zero was a dupe; retransmit: 0, pkt_enqueue_time=2013250082075.0012, pkt_dequeue_time=2013250082075.0012, forwarded_or_dropped=1, reason_for_drop='Expiry'
DUPE: 2006508268028_Node0_Node8_Zero, Node1 id 2006508268028_Node0_Node8_Zero was a dupe; retransmit: 0, pkt_enqueue_time=2013259304638.6377, pkt_dequeue_time=2013259304638.6377, forwarded_or_dropped=1, reason_for_drop='Expiry'
DUPE: 2007918121196_Node0_Node8_Zero, Node1 id 2007918121196_Node0_Node8_Zero was a dupe; retransmit: 0, pkt_enqueue_time=2013268564293.183, pkt_dequeue_time=2013268564293.183, forwarded_or_dropped=1, reason_for_drop='Expiry'
DUPE: 2006590245932_Node0_Node8_Zero, Node1 id 2006590245932_Node0_Node8_Zero was a dupe; retransmit: 0, pkt_enqueue_time=2013277823947.7285, pkt_dequeue_time=2013277823947.7285, forwarded_or_dropped=1, reason_for_drop='Expiry'
DUPE: 2003491805215_Node0_Node8_Zero, Node1 id 2003491805215_Node0_Node8_Zero was a dupe; retransmit: 0, pkt_enqueue_time=2013287103602.274, pkt_dequeue_time=2013287103602.274, forwarded_or_dropped=1, reason_for_drop='Expiry'
DUPE: 2003500005354_Node0_Node8_Zero, Node1 id 2003500005354_Node0_Node8_Zero was a dupe; retransmit: 0, pkt_enqueue_time=2013287103602.274, pkt_dequeue_time=2013287103602.274, forwarded_or_dropped=1, reason_for_drop='Expiry'
DUPE: 2002745890258_Node0_Node8_Zero, Node1 id 2002745890258_Node0_Node8_Zero was a dupe; retransmit: 0, pkt_enqueue_time=2013296626165.9104, pkt_dequeue_time=2013296626165.9104, forwarded_or_dropped=1, reason_for_drop='Expiry'
DUPE: 2002721303857_Node0_Node8_Zero, Node1 id 2002721303857_Node0_Node8_Zero was a dupe; retransmit: 0, pkt_enqueue_time=2013306145820.4558, pkt_dequeue_time=2013306145820.4558, forwarded_or_dropped=1, reason_for_drop='Expiry'
DUPE: 2006991897165_Node0_Node8_Zero, Node1 id 2006991897165_Node0_Node8_Zero was a dupe; retransmit: 0, pkt_enqueue_time=2013315685475.0012, pkt_dequeue_time=2013315685475.0012, forwarded_or_dropped=1, reason_for_drop='Expiry'
DUPE: 2007508281489_Node0_Node8_Zero, Node1 id 2007508281489_Node0_Node8_Zero was a dupe; retransmit: 0, pkt_enqueue_time=2013325305129.5466, pkt_dequeue_time=2013325305129.5466, forwarded_or_dropped=1, reason_for_drop='Expiry'
DUPE: 2008016500700_Node0_Node8_Zero, Node1 id 2008016500700_Node0_Node8_Zero was a dupe; retransmit: 0, pkt_enqueue_time=2013334924784.092, pkt_dequeue_time=2013334924784.092, forwarded_or_dropped=1, reason_for_drop='Expiry'
DUPE: 2001860621095_Node0_Node8_Zero, Node1 id 2001860621095_Node0_Node8_Zero was a dupe; retransmit: 0, pkt_enqueue_time=2013343744438.6375, pkt_dequeue_time=2013343744438.6375, forwarded_or_dropped=1, reason_for_drop='Expiry'
DUPE: 2007459099944_Node0_Node8_Zero, Node1 id 2007459099944_Node0_Node8_Zero was a dupe; retransmit: 0, pkt_enqueue_time=2013353466275.001, pkt_dequeue_time=2013353466275.001, forwarded_or_dropped=1, reason_for_drop='Expiry'
DUPE: 2001090147791_Node0_Node8_Zero, Node1 id 2001090147791_Node0_Node8_Zero was a dupe; retransmit: 0, pkt_enqueue_time=2013363165929.5464, pkt_dequeue_time=2013363165929.5464, forwarded_or_dropped=1, reason_for_drop='Expiry'
DUPE: 2001098346990_Node0_Node8_Zero, Node1 id 2001098346990_Node0_Node8_Zero was a dupe; retransmit: 0, pkt_enqueue_time=2013363165929.5464, pkt_dequeue_time=2013363165929.5464, forwarded_or_dropped=1, reason_for_drop='Expiry'
DUPE: 2001237682731_Node0_Node8_Zero, Node1 id 2001237682731_Node0_Node8_Zero was a dupe; retransmit: 0, pkt_enqueue_time=2013372908493.1829, pkt_dequeue_time=2013372908493.1829, forwarded_or_dropped=1, reason_for_drop='Expiry'
DUPE: 2001245875369_Node0_Node8_Zero, Node1 id 2001245875369_Node0_Node8_Zero was a dupe; retransmit: 0, pkt_enqueue_time=2013372908493.1829, pkt_dequeue_time=2013372908493.1829, forwarded_or_dropped=1, reason_for_drop='Expiry'
DUPE: 2001918003000_Node0_Node8_Zero, Node1 id 2001918003000_Node0_Node8_Zero was a dupe; retransmit: 0, pkt_enqueue_time=2013374926699.1829, pkt_dequeue_time=2013374926699.1829, forwarded_or_dropped=1, reason_for_drop='Expiry'
DUPE: 2004918073770_Node0_Node8_Zero, Node1 id 2004918073770_Node0_Node8_Zero was a dupe; retransmit: 0, pkt_enqueue_time=2013384708535.5464, pkt_dequeue_time=2013384708535.5464, forwarded_or_dropped=1, reason_for_drop='Expiry'
DUPE: 2006573846228_Node0_Node8_Zero, Node1 id 2006573846228_Node0_Node8_Zero was a dupe; retransmit: 0, pkt_enqueue_time=2013394528190.0918, pkt_dequeue_time=2013394528190.0918, forwarded_or_dropped=1, reason_for_drop='Expiry'
DUPE: 2008131260552_Node0_Node8_Zero, Node1 id 2008131260552_Node0_Node8_Zero was a dupe; retransmit: 0, pkt_enqueue_time=2013404387844.6372, pkt_dequeue_time=2013404387844.6372, forwarded_or_dropped=1, reason_for_drop='Expiry'
DUPE: 2000581963542_Node0_Node8_Zero, Node2 id 2000581963542_Node0_Node8_Zero was a dupe; retransmit: 0, pkt_enqueue_time=2013416086329.4553, pkt_dequeue_time=2013416086329.4553, forwarded_or_dropped=1, reason_for_drop='Expiry'
DUPE: 2000590156451_Node0_Node8_Zero, Node2 id 2000590156451_Node0_Node8_Zero was a dupe; retransmit: 0, pkt_enqueue_time=2013416086329.4553, pkt_dequeue_time=2013416086329.4553, forwarded_or_dropped=1, reason_for_drop='Expiry'
DUPE: 2002098351031_Node0_Node8_Zero, Node1 id 2002098351031_Node0_Node8_Zero was a dupe; retransmit: 0, pkt_enqueue_time=2013424287153.728, pkt_dequeue_time=2013424287153.728, forwarded_or_dropped=1, reason_for_drop='Expiry'
DUPE: 2001950790057_Node0_Node8_Zero, Node1 id 2001950790057_Node0_Node8_Zero was a dupe; retransmit: 0, pkt_enqueue_time=2013433406808.2734, pkt_dequeue_time=2013433406808.2734, forwarded_or_dropped=1, reason_for_drop='Expiry'
DUPE: 2007778791266_Node0_Node8_Zero, Node1 id 2007778791266_Node0_Node8_Zero was a dupe; retransmit: 0, pkt_enqueue_time=2013443428644.637, pkt_dequeue_time=2013443428644.637, forwarded_or_dropped=1, reason_for_drop='Expiry'
DUPE: 2003311472461_Node0_Node8_Zero, Node1 id 2003311472461_Node0_Node8_Zero was a dupe; retransmit: 0, pkt_enqueue_time=2013453428299.1824, pkt_dequeue_time=2013453428299.1824, forwarded_or_dropped=1, reason_for_drop='Expiry'
DUPE: 2003319664853_Node0_Node8_Zero, Node1 id 2003319664853_Node0_Node8_Zero was a dupe; retransmit: 0, pkt_enqueue_time=2013453428299.1824, pkt_dequeue_time=2013453428299.1824, forwarded_or_dropped=1, reason_for_drop='Expiry'
DUPE: 2001303238963_Node0_Node8_Zero, Node1 id 2001303238963_Node0_Node8_Zero was a dupe; retransmit: 0, pkt_enqueue_time=2013463430862.8188, pkt_dequeue_time=2013463430862.8188, forwarded_or_dropped=1, reason_for_drop='Expiry'
DUPE: 2001311438289_Node0_Node8_Zero, Node1 id 2001311438289_Node0_Node8_Zero was a dupe; retransmit: 0, pkt_enqueue_time=2013463430862.8188, pkt_dequeue_time=2013463430862.8188, forwarded_or_dropped=1, reason_for_drop='Expiry'
DUPE: 2005778767851_Node0_Node8_Zero, Node1 id 2005778767851_Node0_Node8_Zero was a dupe; retransmit: 0, pkt_enqueue_time=2013473473426.4553, pkt_dequeue_time=2013473473426.4553, forwarded_or_dropped=1, reason_for_drop='Expiry'
DUPE: 2001795046907_Node0_Node8_Zero, Node1 id 2001795046907_Node0_Node8_Zero was a dupe; retransmit: 0, pkt_enqueue_time=2013483513081.0007, pkt_dequeue_time=2013483513081.0007, forwarded_or_dropped=1, reason_for_drop='Expiry'
DUPE: 2001803248467_Node0_Node8_Zero, Node1 id 2001803248467_Node0_Node8_Zero was a dupe; retransmit: 0, pkt_enqueue_time=2013483513081.0007, pkt_dequeue_time=2013483513081.0007, forwarded_or_dropped=1, reason_for_drop='Expiry'
DUPE: 2001499968121_Node0_Node8_Zero, Node1 id 2001499968121_Node0_Node8_Zero was a dupe; retransmit: 0, pkt_enqueue_time=2013493593644.6372, pkt_dequeue_time=2013493593644.6372, forwarded_or_dropped=1, reason_for_drop='Expiry'
DUPE: 2001508165983_Node0_Node8_Zero, Node1 id 2001508165983_Node0_Node8_Zero was a dupe; retransmit: 0, pkt_enqueue_time=2013493593644.6372, pkt_dequeue_time=2013493593644.6372, forwarded_or_dropped=1, reason_for_drop='Expiry'
DUPE: 2004868879086_Node0_Node8_Zero, Node1 id 2004868879086_Node0_Node8_Zero was a dupe; retransmit: 0, pkt_enqueue_time=2013503696208.2737, pkt_dequeue_time=2013503696208.2737, forwarded_or_dropped=1, reason_for_drop='Expiry'
DUPE: 2005090173916_Node0_Node8_Zero, Node1 id 2005090173916_Node0_Node8_Zero was a dupe; retransmit: 0, pkt_enqueue_time=2013513855862.819, pkt_dequeue_time=2013513855862.819, forwarded_or_dropped=1, reason_for_drop='Expiry'
DUPE: 2004786907917_Node0_Node8_Zero, Node1 id 2004786907917_Node0_Node8_Zero was a dupe; retransmit: 0, pkt_enqueue_time=2013524075517.3645, pkt_dequeue_time=2013524075517.3645, forwarded_or_dropped=1, reason_for_drop='Expiry'
DUPE: 2003573780554_Node0_Node8_Zero, Node1 id 2003573780554_Node0_Node8_Zero was a dupe; retransmit: 0, pkt_enqueue_time=2013534275171.91, pkt_dequeue_time=2013534275171.91, forwarded_or_dropped=1, reason_for_drop='Expiry'
DUPE: 2003581976210_Node0_Node8_Zero, Node1 id 2003581976210_Node0_Node8_Zero was a dupe; retransmit: 0, pkt_enqueue_time=2013534275171.91, pkt_dequeue_time=2013534275171.91, forwarded_or_dropped=1, reason_for_drop='Expiry'
DUPE: 2006131229507_Node0_Node8_Zero, Node1 id 2006131229507_Node0_Node8_Zero was a dupe; retransmit: 0, pkt_enqueue_time=2013544617735.5464, pkt_dequeue_time=2013544617735.5464, forwarded_or_dropped=1, reason_for_drop='Expiry'
DUPE: 2004549210599_Node0_Node8_Zero, Node1 id 2004549210599_Node0_Node8_Zero was a dupe; retransmit: 0, pkt_enqueue_time=2013554977390.0918, pkt_dequeue_time=2013554977390.0918, forwarded_or_dropped=1, reason_for_drop='Expiry'
DUPE: 2007746007391_Node0_Node8_Zero, Node1 id 2007746007391_Node0_Node8_Zero was a dupe; retransmit: 0, pkt_enqueue_time=2013565377044.6372, pkt_dequeue_time=2013565377044.6372, forwarded_or_dropped=1, reason_for_drop='Expiry'
DUPE: 2002573751747_Node0_Node8_Zero, Node1 id 2002573751747_Node0_Node8_Zero was a dupe; retransmit: 0, pkt_enqueue_time=2013575796699.1826, pkt_dequeue_time=2013575796699.1826, forwarded_or_dropped=1, reason_for_drop='Expiry'
DUPE: 2002450799560_Node0_Node8_Zero, Node1 id 2002450799560_Node0_Node8_Zero was a dupe; retransmit: 0, pkt_enqueue_time=2013586216353.728, pkt_dequeue_time=2013586216353.728, forwarded_or_dropped=1, reason_for_drop='Expiry'
DUPE: 2004049182281_Node0_Node8_Zero, Node1 id 2004049182281_Node0_Node8_Zero was a dupe; retransmit: 0, pkt_enqueue_time=2013596616008.2734, pkt_dequeue_time=2013596616008.2734, forwarded_or_dropped=1, reason_for_drop='Expiry'
DUPE: 2004057383560_Node0_Node8_Zero, Node1 id 2004057383560_Node0_Node8_Zero was a dupe; retransmit: 0, pkt_enqueue_time=2013596616008.2734, pkt_dequeue_time=2013596616008.2734, forwarded_or_dropped=1, reason_for_drop='Expiry'
Called Update: UpdateRouteCalls = 0, force = False
Node.py: (Node1)@2013600000000.0: Updated MCS from 3 to 3, hist=deque([0.0547945205479452, 0.6633663366336634, 0.0, 0.0, 0.0], maxlen=5), packets_serviced=0, packets_received=53
Called Update: UpdateRouteCalls = 1, force = False
Node.py: (Node2)@2013600000000.0: Updated MCS from 3 to 3, hist=deque([0.76, 1.0, 0.9402985074626866, 0.0, 0.0], maxlen=5), packets_serviced=0, packets_received=2
Called Update: UpdateRouteCalls = 2, force = False
Called Update: UpdateRouteCalls = 3, force = False
Called Update: UpdateRouteCalls = 4, force = False
Called Update: UpdateRouteCalls = 5, force = False
Called Update: UpdateRouteCalls = 6, force = False
Called Update: UpdateRouteCalls = 7, force = False
Called Update: UpdateRouteCalls = 8, force = False
Called Update: UpdateRouteCalls = 9, force = False
!! UPDATING !!
routeNo, updatedMCSIndex =  0 [3, 3, 3, 3, 3, 0, 1, 3]
DUPE: 2006950912262_Node0_Node8_Zero, Node1 id 2006950912262_Node0_Node8_Zero was a dupe; retransmit: 0, pkt_enqueue_time=2013607038571.91, pkt_dequeue_time=2013607038571.91, forwarded_or_dropped=1, reason_for_drop='Expiry'
DUPE: 2007737806372_Node0_Node8_Zero, Node1 id 2007737806372_Node0_Node8_Zero was a dupe; retransmit: 0, pkt_enqueue_time=2013617478226.4553, pkt_dequeue_time=2013617478226.4553, forwarded_or_dropped=1, reason_for_drop='Expiry'
DUPE: 2007295161415_Node0_Node8_Zero, Node1 id 2007295161415_Node0_Node8_Zero was a dupe; retransmit: 0, pkt_enqueue_time=2013627937881.0007, pkt_dequeue_time=2013627937881.0007, forwarded_or_dropped=1, reason_for_drop='Expiry'
DUPE: 2008147660980_Node0_Node8_Zero, Node1 id 2008147660980_Node0_Node8_Zero was a dupe; retransmit: 0, pkt_enqueue_time=2013638397535.5461, pkt_dequeue_time=2013638397535.5461, forwarded_or_dropped=1, reason_for_drop='Expiry'
DUPE: 2006164013096_Node0_Node8_Zero, Node1 id 2006164013096_Node0_Node8_Zero was a dupe; retransmit: 0, pkt_enqueue_time=2013648897190.0916, pkt_dequeue_time=2013648897190.0916, forwarded_or_dropped=1, reason_for_drop='Expiry'
DUPE: 2002254078525_Node0_Node8_Zero, Node1 id 2002254078525_Node0_Node8_Zero was a dupe; retransmit: 0, pkt_enqueue_time=2013659396844.637, pkt_dequeue_time=2013659396844.637, forwarded_or_dropped=1, reason_for_drop='Expiry'
DUPE: 2007221387732_Node0_Node8_Zero, Node1 id 2007221387732_Node0_Node8_Zero was a dupe; retransmit: 0, pkt_enqueue_time=2013669916499.1824, pkt_dequeue_time=2013669916499.1824, forwarded_or_dropped=1, reason_for_drop='Expiry'
DUPE: 2002508186500_Node0_Node8_Zero, Node1 id 2002508186500_Node0_Node8_Zero was a dupe; retransmit: 0, pkt_enqueue_time=2013680436153.7278, pkt_dequeue_time=2013680436153.7278, forwarded_or_dropped=1, reason_for_drop='Expiry'
DUPE: 2001008193184_Node0_Node8_Zero, Node1 id 2001008193184_Node0_Node8_Zero was a dupe; retransmit: 0, pkt_enqueue_time=2013690995808.2732, pkt_dequeue_time=2013690995808.2732, forwarded_or_dropped=1, reason_for_drop='Expiry'
DUPE: 2001016386696_Node0_Node8_Zero, Node1 id 2001016386696_Node0_Node8_Zero was a dupe; retransmit: 0, pkt_enqueue_time=2013690995808.2732, pkt_dequeue_time=2013690995808.2732, forwarded_or_dropped=1, reason_for_drop='Expiry'
DUPE: 2002844244946_Node0_Node8_Zero, Node1 id 2002844244946_Node0_Node8_Zero was a dupe; retransmit: 0, pkt_enqueue_time=2013701578371.9097, pkt_dequeue_time=2013701578371.9097, forwarded_or_dropped=1, reason_for_drop='Expiry'
DUPE: 2003622961481_Node0_Node8_Zero, Node1 id 2003622961481_Node0_Node8_Zero was a dupe; retransmit: 0, pkt_enqueue_time=2013712138026.455, pkt_dequeue_time=2013712138026.455, forwarded_or_dropped=1, reason_for_drop='Expiry'
DUPE: 2003631154431_Node0_Node8_Zero, Node1 id 2003631154431_Node0_Node8_Zero was a dupe; retransmit: 0, pkt_enqueue_time=2013712138026.455, pkt_dequeue_time=2013712138026.455, forwarded_or_dropped=1, reason_for_drop='Expiry'
DUPE: 2007049264526_Node0_Node8_Zero, Node1 id 2007049264526_Node0_Node8_Zero was a dupe; retransmit: 0, pkt_enqueue_time=2013722720590.0916, pkt_dequeue_time=2013722720590.0916, forwarded_or_dropped=1, reason_for_drop='Expiry'
DUPE: 2003524593737_Node0_Node8_Zero, Node1 id 2003524593737_Node0_Node8_Zero was a dupe; retransmit: 0, pkt_enqueue_time=2013743899899.1824, pkt_dequeue_time=2013743899899.1824, forwarded_or_dropped=1, reason_for_drop='Expiry'
DUPE: 2003532793403_Node0_Node8_Zero, Node1 id 2003532793403_Node0_Node8_Zero was a dupe; retransmit: 0, pkt_enqueue_time=2013743899899.1824, pkt_dequeue_time=2013743899899.1824, forwarded_or_dropped=1, reason_for_drop='Expiry'
DUPE: 2008172243233_Node0_Node8_Zero, Node1 id 2008172243233_Node0_Node8_Zero was a dupe; retransmit: 0, pkt_enqueue_time=2013754522462.8188, pkt_dequeue_time=2013754522462.8188, forwarded_or_dropped=1, reason_for_drop='Expiry'
DUPE: 2001483574000_Node0_Node8_Zero, Node1 id 2001483574000_Node0_Node8_Zero was a dupe; retransmit: 0, pkt_enqueue_time=2013765122117.3643, pkt_dequeue_time=2013765122117.3643, forwarded_or_dropped=1, reason_for_drop='Expiry'
DUPE: 2001491774679_Node0_Node8_Zero, Node1 id 2001491774679_Node0_Node8_Zero was a dupe; retransmit: 0, pkt_enqueue_time=2013765122117.3643, pkt_dequeue_time=2013765122117.3643, forwarded_or_dropped=1, reason_for_drop='Expiry'
DUPE: 2002991803334_Node0_Node8_Zero, Node1 id 2002991803334_Node0_Node8_Zero was a dupe; retransmit: 0, pkt_enqueue_time=2013775764681.0007, pkt_dequeue_time=2013775764681.0007, forwarded_or_dropped=1, reason_for_drop='Expiry'
DUPE: 2007762396166_Node0_Node8_Zero, Node1 id 2007762396166_Node0_Node8_Zero was a dupe; retransmit: 0, pkt_enqueue_time=2013786404335.5461, pkt_dequeue_time=2013786404335.5461, forwarded_or_dropped=1, reason_for_drop='Expiry'
DUPE: 2007754201467_Node0_Node8_Zero, Node1 id 2007754201467_Node0_Node8_Zero was a dupe; retransmit: 0, pkt_enqueue_time=2013797063990.0916, pkt_dequeue_time=2013797063990.0916, forwarded_or_dropped=1, reason_for_drop='Expiry'
DUPE: 2002434413609_Node0_Node8_Zero, Node1 id 2002434413609_Node0_Node8_Zero was a dupe; retransmit: 0, pkt_enqueue_time=2013807723644.637, pkt_dequeue_time=2013807723644.637, forwarded_or_dropped=1, reason_for_drop='Expiry'
DUPE: 2008180444936_Node0_Node8_Zero, Node1 id 2008180444936_Node0_Node8_Zero was a dupe; retransmit: 0, pkt_enqueue_time=2013818383299.1824, pkt_dequeue_time=2013818383299.1824, forwarded_or_dropped=1, reason_for_drop='Expiry'
DUPE: 2007393526342_Node0_Node8_Zero, Node1 id 2007393526342_Node0_Node8_Zero was a dupe; retransmit: 0, pkt_enqueue_time=2013829062953.7278, pkt_dequeue_time=2013829062953.7278, forwarded_or_dropped=1, reason_for_drop='Expiry'
DUPE: 2007278770370_Node0_Node8_Zero, Node1 id 2007278770370_Node0_Node8_Zero was a dupe; retransmit: 0, pkt_enqueue_time=2013839742608.2732, pkt_dequeue_time=2013839742608.2732, forwarded_or_dropped=1, reason_for_drop='Expiry'
DUPE: 2007532867588_Node0_Node8_Zero, Node1 id 2007532867588_Node0_Node8_Zero was a dupe; retransmit: 0, pkt_enqueue_time=2013850462262.8186, pkt_dequeue_time=2013850462262.8186, forwarded_or_dropped=1, reason_for_drop='Expiry'
DUPE: 2002221282216_Node0_Node8_Zero, Node1 id 2002221282216_Node0_Node8_Zero was a dupe; retransmit: 0, pkt_enqueue_time=2013861261917.364, pkt_dequeue_time=2013861261917.364, forwarded_or_dropped=1, reason_for_drop='Expiry'
DUPE: 2007647630040_Node0_Node8_Zero, Node1 id 2007647630040_Node0_Node8_Zero was a dupe; retransmit: 0, pkt_enqueue_time=2013872081571.9094, pkt_dequeue_time=2013872081571.9094, forwarded_or_dropped=1, reason_for_drop='Expiry'
DUPE: 2004934468418_Node0_Node8_Zero, Node1 id 2004934468418_Node0_Node8_Zero was a dupe; retransmit: 0, pkt_enqueue_time=2013882921226.4548, pkt_dequeue_time=2013882921226.4548, forwarded_or_dropped=1, reason_for_drop='Expiry'
DUPE: 2007565658815_Node0_Node8_Zero, Node1 id 2007565658815_Node0_Node8_Zero was a dupe; retransmit: 0, pkt_enqueue_time=2013893800881.0002, pkt_dequeue_time=2013893800881.0002, forwarded_or_dropped=1, reason_for_drop='Expiry'
DUPE: 2007573855032_Node0_Node8_Zero, Node1 id 2007573855032_Node0_Node8_Zero was a dupe; retransmit: 0, pkt_enqueue_time=2013900649087.0002, pkt_dequeue_time=2013900649087.0002, forwarded_or_dropped=1, reason_for_drop='Expiry'
DUPE: 2000918027700_Node0_Node8_Zero, Node1 id 2000918027700_Node0_Node8_Zero was a dupe; retransmit: 0, pkt_enqueue_time=2013911608741.5457, pkt_dequeue_time=2013911608741.5457, forwarded_or_dropped=1, reason_for_drop='Expiry'
DUPE: 2007041064247_Node0_Node8_Zero, Node1 id 2007041064247_Node0_Node8_Zero was a dupe; retransmit: 0, pkt_enqueue_time=2013922588396.091, pkt_dequeue_time=2013922588396.091, forwarded_or_dropped=1, reason_for_drop='Expiry'
DUPE: 2007795175685_Node0_Node8_Zero, Node1 id 2007795175685_Node0_Node8_Zero was a dupe; retransmit: 0, pkt_enqueue_time=2013933628050.6365, pkt_dequeue_time=2013933628050.6365, forwarded_or_dropped=1, reason_for_drop='Expiry'
DUPE: 2002409816546_Node0_Node8_Zero, Node1 id 2002409816546_Node0_Node8_Zero was a dupe; retransmit: 0, pkt_enqueue_time=2013944687705.182, pkt_dequeue_time=2013944687705.182, forwarded_or_dropped=1, reason_for_drop='Expiry'
DUPE: 2003295076389_Node0_Node8_Zero, Node1 id 2003295076389_Node0_Node8_Zero was a dupe; retransmit: 0, pkt_enqueue_time=2013955747359.7273, pkt_dequeue_time=2013955747359.7273, forwarded_or_dropped=1, reason_for_drop='Expiry'
DUPE: 2003303274814_Node0_Node8_Zero, Node1 id 2003303274814_Node0_Node8_Zero was a dupe; retransmit: 0, pkt_enqueue_time=2013955747359.7273, pkt_dequeue_time=2013955747359.7273, forwarded_or_dropped=1, reason_for_drop='Expiry'
DUPE: 2006786976167_Node0_Node8_Zero, Node1 id 2006786976167_Node0_Node8_Zero was a dupe; retransmit: 0, pkt_enqueue_time=2013966849923.3638, pkt_dequeue_time=2013966849923.3638, forwarded_or_dropped=1, reason_for_drop='Expiry'
DUPE: 2001581933209_Node0_Node8_Zero, Node1 id 2001581933209_Node0_Node8_Zero was a dupe; retransmit: 0, pkt_enqueue_time=2013977969577.9092, pkt_dequeue_time=2013977969577.9092, forwarded_or_dropped=1, reason_for_drop='Expiry'
DUPE: 2001590129968_Node0_Node8_Zero, Node1 id 2001590129968_Node0_Node8_Zero was a dupe; retransmit: 0, pkt_enqueue_time=2013977969577.9092, pkt_dequeue_time=2013977969577.9092, forwarded_or_dropped=1, reason_for_drop='Expiry'
DUPE: 2006819761673_Node0_Node8_Zero, Node1 id 2006819761673_Node0_Node8_Zero was a dupe; retransmit: 0, pkt_enqueue_time=2013989172141.5457, pkt_dequeue_time=2013989172141.5457, forwarded_or_dropped=1, reason_for_drop='Expiry'

Total number of generated packets: 1327
Total number of delivered packets: 1324 # Use all_stats.csv to check PDR
Average number of packets genetated every second: 94.78571428571429
Average number of packets delivered every second: 94.57142857142857
Standard deviation of packets genetated every second: 79.51565755194613
Standard deviation of packets delivered every second: 96.21160776843797
Average number of packets genetated every millisecond: 0.09478571428571429
Average number of packets delivered every millisecond: 0.09457142857142857
Standard deviation of packets genetated every millisecond: 0.3090560925905635
Standard deviation of packets delivered every millisecond: 0.30387819794067733
Average delay: 3344.102696601174
Standard deviation of delay: 3465.4211887389506
Minimum delay: 0.5041029998101294
Maximum delay: 12806.433596268762
Total number of retransmissions: 5769
Node0
Avg Received Power: 6.39e-14, Node1: [Avg:2.27e-12, Max:8.05e-12, Min:5.26e-13], Node2: [Avg:5.72e-13, Max:2.37e-12, Min:1.31e-13], Node3: [Avg:2.88e-13, Max:7.96e-13, Min:5.84e-14], Node4: [Avg:1.55e-13, Max:6.84e-13, Min:3.29e-14], Node5: [Avg:6.86e-14, Max:2.08e-13, Min:2.10e-14], Node6: [Avg:2.89e-14, Max:1.40e-13, Min:1.46e-14], Node7: [Avg:4.58e-14, Max:1.21e-13, Min:1.07e-14], 
Avg INTF: 7.24e-13, Node1: [Avg:2.27e-12, Max:8.05e-12, Min:5.26e-13], Node2: [Avg:5.72e-13, Max:2.37e-12, Min:1.31e-13], Node3: [Avg:2.88e-13, Max:7.96e-13, Min:5.84e-14], Node4: [Avg:1.55e-13, Max:6.84e-13, Min:3.29e-14], Node5: [Avg:6.86e-14, Max:2.08e-13, Min:2.10e-14], Node6: [Avg:2.89e-14, Max:1.40e-13, Min:1.46e-14], Node7: [Avg:4.58e-14, Max:1.21e-13, Min:1.07e-14], 
Self Tx power: RTS: (Avg: 0.0109, Min: 0.0077, Max: 0.1594), CTS: (Avg: 0.0079, Min: 0.0077, Max: 0.0201), ACK: (Avg: nan, Min: inf, Max: -inf), Data: (Avg: 0.0109, Min: 0.0077, Max: 0.1594)
CTS retry: 101, ACK retry: 3503, # Receiver Drops: 7, # Pkts Receiver Drops: 7, # Sent ACKs: 0, # Pkts ACK sent for: 0, # Retransmissions: 3604, # Pkts Retransmitted: 4281, # Receptions: 0, # Pkts Received: 0, # Forwards: 63, # Pkts Forwarded: 124

Node1
Avg Received Power: 4.25e-13, Node0: [Avg:6.83e-13, Max:1.09e-11, Min:5.26e-13], Node2: [Avg:2.24e-12, Max:9.48e-12, Min:5.26e-13], Node3: [Avg:5.97e-13, Max:1.79e-12, Min:1.31e-13], Node4: [Avg:2.77e-13, Max:1.22e-12, Min:5.84e-14], Node5: [Avg:1.09e-13, Max:3.25e-13, Min:3.29e-14], Node6: [Avg:3.87e-14, Max:2.02e-13, Min:2.10e-14], Node7: [Avg:6.67e-14, Max:1.65e-13, Min:1.46e-14], 
Avg INTF: 7.37e-13, Node2: [Avg:2.24e-12, Max:9.48e-12, Min:5.26e-13], Node3: [Avg:5.97e-13, Max:1.79e-12, Min:1.31e-13], Node4: [Avg:2.77e-13, Max:1.22e-12, Min:5.84e-14], Node5: [Avg:1.09e-13, Max:3.25e-13, Min:3.29e-14], Node6: [Avg:3.87e-14, Max:2.02e-13, Min:2.10e-14], Node7: [Avg:6.67e-14, Max:1.65e-13, Min:1.46e-14], 
Self Tx power: RTS: (Avg: 0.0415, Min: 0.0153, Max: 0.1173), CTS: (Avg: 0.0103, Min: 0.0077, Max: 0.0201), ACK: (Avg: 0.0077, Min: 0.0077, Max: 0.0077), Data: (Avg: 0.0415, Min: 0.0153, Max: 0.1173)
CTS retry: 50, ACK retry: 145, # Receiver Drops: 112, # Pkts Receiver Drops: 155, # Sent ACKs: 4152, # Pkts ACK sent for: 4898, # Retransmissions: 195, # Pkts Retransmitted: 369, # Receptions: 4152, # Pkts Received: 4880, # Forwards: 74, # Pkts Forwarded: 150

Node2
Avg Received Power: 1.84e-13, Node0: [Avg:1.71e-13, Max:2.74e-12, Min:1.31e-13], Node1: [Avg:2.26e-12, Max:8.05e-12, Min:5.26e-13], Node3: [Avg:2.38e-12, Max:7.17e-12, Min:5.26e-13], Node4: [Avg:6.02e-13, Max:2.74e-12, Min:1.31e-13], Node5: [Avg:2.01e-13, Max:5.78e-13, Min:5.84e-14], Node6: [Avg:6.68e-14, Max:3.16e-13, Min:3.29e-14], Node7: [Avg:9.00e-14, Max:2.37e-13, Min:2.10e-14], 
Avg INTF: 2.28e-13, Node0: [Avg:1.71e-13, Max:2.74e-12, Min:1.31e-13], Node3: [Avg:2.38e-12, Max:7.17e-12, Min:5.26e-13], Node4: [Avg:6.02e-13, Max:2.74e-12, Min:1.31e-13], Node5: [Avg:2.01e-13, Max:5.78e-13, Min:5.84e-14], Node6: [Avg:6.68e-14, Max:3.16e-13, Min:3.29e-14], Node7: [Avg:9.00e-14, Max:2.37e-13, Min:2.10e-14], 
Self Tx power: RTS: (Avg: 0.0387, Min: 0.0153, Max: 0.1381), CTS: (Avg: 0.0098, Min: 0.0077, Max: 0.0201), ACK: (Avg: 0.0077, Min: 0.0077, Max: 0.0077), Data: (Avg: 0.0387, Min: 0.0153, Max: 0.1381)
CTS retry: 30, ACK retry: 134, # Receiver Drops: 78, # Pkts Receiver Drops: 135, # Sent ACKs: 157, # Pkts ACK sent for: 303, # Retransmissions: 164, # Pkts Retransmitted: 299, # Receptions: 157, # Pkts Received: 283, # Forwards: 63, # Pkts Forwarded: 139

Node3
Avg Received Power: 1.32e-13, Node0: [Avg:7.57e-14, Max:1.22e-12, Min:5.84e-14], Node1: [Avg:5.64e-13, Max:2.01e-12, Min:1.31e-13], Node2: [Avg:2.24e-12, Max:9.48e-12, Min:5.26e-13], Node4: [Avg:2.40e-12, Max:1.09e-11, Min:5.26e-13], Node5: [Avg:4.43e-13, Max:1.30e-12, Min:1.31e-13], Node6: [Avg:1.19e-13, Max:5.61e-13, Min:5.84e-14], Node7: [Avg:1.44e-13, Max:3.71e-13, Min:3.29e-14], 
Avg INTF: 1.44e-13, Node0: [Avg:7.57e-14, Max:1.22e-12, Min:5.84e-14], Node1: [Avg:5.64e-13, Max:2.01e-12, Min:1.31e-13], Node4: [Avg:2.40e-12, Max:1.09e-11, Min:5.26e-13], Node5: [Avg:4.43e-13, Max:1.30e-12, Min:1.31e-13], Node6: [Avg:1.19e-13, Max:5.61e-13, Min:5.84e-14], Node7: [Avg:1.44e-13, Max:3.71e-13, Min:3.29e-14], 
Self Tx power: RTS: (Avg: 0.0450, Min: 0.0153, Max: 0.1236), CTS: (Avg: 0.0089, Min: 0.0077, Max: 0.0201), ACK: (Avg: 0.0077, Min: 0.0077, Max: 0.0077), Data: (Avg: 0.0450, Min: 0.0153, Max: 0.1236)
CTS retry: 12, ACK retry: 69, # Receiver Drops: 51, # Pkts Receiver Drops: 111, # Sent ACKs: 161, # Pkts ACK sent for: 306, # Retransmissions: 81, # Pkts Retransmitted: 189, # Receptions: 161, # Pkts Received: 281, # Forwards: 57, # Pkts Forwarded: 138

Node4
Avg Received Power: 1.03e-13, Node0: [Avg:4.23e-14, Max:6.84e-13, Min:3.29e-14], Node1: [Avg:2.54e-13, Max:8.94e-13, Min:5.84e-14], Node2: [Avg:5.60e-13, Max:2.37e-12, Min:1.31e-13], Node3: [Avg:2.38e-12, Max:7.17e-12, Min:5.26e-13], Node5: [Avg:1.77e-12, Max:5.20e-12, Min:5.26e-13], Node6: [Avg:2.63e-13, Max:1.26e-12, Min:1.31e-13], Node7: [Avg:2.51e-13, Max:6.60e-13, Min:5.84e-14], 
Avg INTF: 1.12e-13, Node0: [Avg:4.23e-14, Max:6.84e-13, Min:3.29e-14], Node1: [Avg:2.54e-13, Max:8.94e-13, Min:5.84e-14], Node2: [Avg:5.60e-13, Max:2.37e-12, Min:1.31e-13], Node5: [Avg:1.77e-12, Max:5.20e-12, Min:5.26e-13], Node6: [Avg:2.63e-13, Max:1.26e-12, Min:1.31e-13], Node7: [Avg:2.51e-13, Max:6.60e-13, Min:5.84e-14], 
Self Tx power: RTS: (Avg: 0.0456, Min: 0.0153, Max: 0.1594), CTS: (Avg: 0.0090, Min: 0.0077, Max: 0.0201), ACK: (Avg: 0.0077, Min: 0.0077, Max: 0.0077), Data: (Avg: 0.0456, Min: 0.0153, Max: 0.1594)
CTS retry: 10, ACK retry: 57, # Receiver Drops: 55, # Pkts Receiver Drops: 138, # Sent ACKs: 88, # Pkts ACK sent for: 198, # Retransmissions: 67, # Pkts Retransmitted: 152, # Receptions: 88, # Pkts Received: 193, # Forwards: 39, # Pkts Forwarded: 108

Node5
Avg Received Power: 8.20e-14, Node0: [Avg:2.70e-14, Max:4.38e-13, Min:2.10e-14], Node1: [Avg:1.33e-13, Max:5.03e-13, Min:3.29e-14], Node2: [Avg:2.38e-13, Max:1.05e-12, Min:5.84e-14], Node3: [Avg:5.95e-13, Max:1.79e-12, Min:1.31e-13], Node4: [Avg:2.40e-12, Max:1.09e-11, Min:5.26e-13], Node6: [Avg:1.06e-12, Max:5.05e-12, Min:5.26e-13], Node7: [Avg:5.63e-13, Max:1.48e-12, Min:1.31e-13], 
Avg INTF: 9.18e-14, Node0: [Avg:2.70e-14, Max:4.38e-13, Min:2.10e-14], Node1: [Avg:1.33e-13, Max:5.03e-13, Min:3.29e-14], Node2: [Avg:2.38e-13, Max:1.05e-12, Min:5.84e-14], Node3: [Avg:5.95e-13, Max:1.79e-12, Min:1.31e-13], Node6: [Avg:1.06e-12, Max:5.05e-12, Min:5.26e-13], Node7: [Avg:5.63e-13, Max:1.48e-12, Min:1.31e-13], 
Self Tx power: RTS: (Avg: 0.0284, Min: 0.0153, Max: 0.0833), CTS: (Avg: 0.0119, Min: 0.0077, Max: 0.0201), ACK: (Avg: 0.0077, Min: 0.0077, Max: 0.0077), Data: (Avg: 0.0284, Min: 0.0153, Max: 0.0833)
CTS retry: 32, ACK retry: 75, # Receiver Drops: 29, # Pkts Receiver Drops: 65, # Sent ACKs: 75, # Pkts ACK sent for: 171, # Retransmissions: 107, # Pkts Retransmitted: 208, # Receptions: 75, # Pkts Received: 167, # Forwards: 21, # Pkts Forwarded: 60

Node6
Avg Received Power: 6.11e-14, Node0: [Avg:1.88e-14, Max:3.04e-13, Min:1.46e-14], Node1: [Avg:8.57e-14, Max:3.22e-13, Min:2.10e-14], Node2: [Avg:1.35e-13, Max:5.92e-13, Min:3.29e-14], Node3: [Avg:2.50e-13, Max:7.96e-13, Min:5.84e-14], Node4: [Avg:5.99e-13, Max:2.74e-12, Min:1.31e-13], Node5: [Avg:1.78e-12, Max:5.20e-12, Min:5.26e-13], Node7: [Avg:2.25e-12, Max:5.94e-12, Min:5.26e-13], 
Avg INTF: 6.47e-14, Node0: [Avg:1.88e-14, Max:3.04e-13, Min:1.46e-14], Node1: [Avg:8.57e-14, Max:3.22e-13, Min:2.10e-14], Node2: [Avg:1.35e-13, Max:5.92e-13, Min:3.29e-14], Node3: [Avg:2.50e-13, Max:7.96e-13, Min:5.84e-14], Node4: [Avg:5.99e-13, Max:2.74e-12, Min:1.31e-13], Node7: [Avg:2.25e-12, Max:5.94e-12, Min:5.26e-13], 
Self Tx power: RTS: (Avg: 0.0166, Min: 0.0077, Max: 0.0780), CTS: (Avg: 0.0101, Min: 0.0077, Max: 0.0201), ACK: (Avg: 0.0077, Min: 0.0077, Max: 0.0077), Data: (Avg: 0.0166, Min: 0.0077, Max: 0.0780)
CTS retry: 18, ACK retry: 124, # Receiver Drops: 37, # Pkts Receiver Drops: 84, # Sent ACKs: 64, # Pkts ACK sent for: 134, # Retransmissions: 142, # Pkts Retransmitted: 191, # Receptions: 64, # Pkts Received: 129, # Forwards: 10, # Pkts Forwarded: 32

Node7
Avg Received Power: 4.37e-14, Node0: [Avg:1.39e-14, Max:2.23e-13, Min:1.07e-14], Node1: [Avg:6.35e-14, Max:2.24e-13, Min:1.46e-14], Node2: [Avg:9.05e-14, Max:3.79e-13, Min:2.10e-14], Node3: [Avg:1.48e-13, Max:4.48e-13, Min:3.29e-14], Node4: [Avg:2.67e-13, Max:1.22e-12, Min:5.84e-14], Node5: [Avg:4.43e-13, Max:1.30e-12, Min:1.31e-13], Node6: [Avg:1.05e-12, Max:5.05e-12, Min:5.26e-13], 
Avg INTF: 3.43e-14, Node0: [Avg:1.39e-14, Max:2.23e-13, Min:1.07e-14], Node1: [Avg:6.35e-14, Max:2.24e-13, Min:1.46e-14], Node2: [Avg:9.05e-14, Max:3.79e-13, Min:2.10e-14], Node3: [Avg:1.48e-13, Max:4.48e-13, Min:3.29e-14], Node4: [Avg:2.67e-13, Max:1.22e-12, Min:5.84e-14], Node5: [Avg:4.43e-13, Max:1.30e-12, Min:1.31e-13], 
Self Tx power: RTS: (Avg: 0.0489, Min: 0.0153, Max: 0.0866), CTS: (Avg: 0.0085, Min: 0.0077, Max: 0.0154), ACK: (Avg: 0.0077, Min: 0.0077, Max: 0.0077), Data: (Avg: 0.0489, Min: 0.0153, Max: 0.0866)
CTS retry: 0, ACK retry: 38, # Receiver Drops: 40, # Pkts Receiver Drops: 80, # Sent ACKs: 138, # Pkts ACK sent for: 176, # Retransmissions: 38, # Pkts Retransmitted: 80, # Receptions: 138, # Pkts Received: 176, # Forwards: 41, # Pkts Forwarded: 59

Node8
Avg Received Power: 3.40e-14, Node0: [Avg:1.07e-14, Max:1.71e-13, Min:8.22e-15], Node1: [Avg:4.60e-14, Max:1.64e-13, Min:1.07e-14], Node2: [Avg:6.22e-14, Max:2.63e-13, Min:1.46e-14], Node3: [Avg:9.52e-14, Max:2.87e-13, Min:2.10e-14], Node4: [Avg:1.50e-13, Max:6.84e-13, Min:3.29e-14], Node5: [Avg:1.97e-13, Max:5.78e-13, Min:5.84e-14], Node6: [Avg:2.63e-13, Max:1.26e-12, Min:1.31e-13], Node7: [Avg:2.25e-12, Max:5.94e-12, Min:5.26e-13], 
Avg INTF: 3.00e-14, Node0: [Avg:1.07e-14, Max:1.71e-13, Min:8.22e-15], Node1: [Avg:4.60e-14, Max:1.64e-13, Min:1.07e-14], Node2: [Avg:6.22e-14, Max:2.63e-13, Min:1.46e-14], Node3: [Avg:9.52e-14, Max:2.87e-13, Min:2.10e-14], Node4: [Avg:1.50e-13, Max:6.84e-13, Min:3.29e-14], Node5: [Avg:1.97e-13, Max:5.78e-13, Min:5.84e-14], Node6: [Avg:2.63e-13, Max:1.26e-12, Min:1.31e-13], 
Self Tx power: RTS: (Avg: nan, Min: inf, Max: -inf), CTS: (Avg: nan, Min: inf, Max: -inf), ACK: (Avg: 0.0077, Min: 0.0077, Max: 0.0077), Data: (Avg: nan, Min: inf, Max: -inf)
CTS retry: 0, ACK retry: 0, # Receiver Drops: 36, # Pkts Receiver Drops: 76, # Sent ACKs: 49, # Pkts ACK sent for: 75, # Retransmissions: 0, # Pkts Retransmitted: 0, # Receptions: 49, # Pkts Received: 75, # Forwards: 0, # Pkts Forwarded: 0

Node9
Avg Received Power: 1.57e-13, Node0: [Avg:2.46e-13, Max:3.94e-12, Min:1.89e-13], Node1: [Avg:5.97e-13, Max:2.13e-12, Min:1.39e-13], Node2: [Avg:3.30e-13, Max:1.40e-12, Min:7.76e-14], Node3: [Avg:2.02e-13, Max:6.09e-13, Min:4.46e-14], Node4: [Avg:1.28e-13, Max:5.83e-13, Min:2.80e-14], Node5: [Avg:6.37e-14, Max:1.87e-13, Min:1.89e-14], Node6: [Avg:2.71e-14, Max:1.30e-13, Min:1.36e-14], Node7: [Avg:4.35e-14, Max:1.15e-13, Min:1.02e-14], 
Avg INTF: 2.45e-13, Node0: [Avg:2.46e-13, Max:3.94e-12, Min:1.89e-13], Node1: [Avg:5.97e-13, Max:2.13e-12, Min:1.39e-13], Node2: [Avg:3.30e-13, Max:1.40e-12, Min:7.76e-14], Node3: [Avg:2.02e-13, Max:6.09e-13, Min:4.46e-14], Node4: [Avg:1.28e-13, Max:5.83e-13, Min:2.80e-14], Node5: [Avg:6.37e-14, Max:1.87e-13, Min:1.89e-14], Node6: [Avg:2.71e-14, Max:1.30e-13, Min:1.36e-14], Node7: [Avg:4.35e-14, Max:1.15e-13, Min:1.02e-14], 
Self Tx power: RTS: (Avg: nan, Min: inf, Max: -inf), CTS: (Avg: nan, Min: inf, Max: -inf), ACK: (Avg: nan, Min: inf, Max: -inf), Data: (Avg: nan, Min: inf, Max: -inf)
CTS retry: 0, ACK retry: 0, # Receiver Drops: 0, # Pkts Receiver Drops: 0, # Sent ACKs: 0, # Pkts ACK sent for: 0, # Retransmissions: 0, # Pkts Retransmitted: 0, # Receptions: 0, # Pkts Received: 0, # Forwards: 0, # Pkts Forwarded: 0

