Pkt ID,Route,Generation Time (in s),First Tx At (in s),Delay (in s),Times Packet Forwarded,Retransmissions,Packet Size (in bytes),Tx Power (in watt),Average Transmission Power in the route (in watt),Min. SINR Along Route,SINR at Flow Dest,Min. Data Rate Along Route (in Mbps),Data Rate at Flow Src (in Mbps)
2000008195690_Node0_Node8_Zero,"[0, 1, 2, 3, 4, 5, 6, 7, 8]",2000.008196,2000.008266,0.016078,8,0,2343.0,"0.007663753805745297,0.007663753805745297,0.007663753805745297,0.007663753805745297,0.007663753805745297,0.007663753805745297,0.007663753805745297,0.007663753805745297",0.007664,2.396369,2.396369,11,11
2000016397037_Node0_Node8_Zero,"[0, 1, 2, 3, 4, 5, 6, 7, 8]",2000.016397,2000.016567,0.016018,8,0,2343.0,"0.0053220512539897905,0.0053220512539897905,0.0053220512539897905,0.0053220512539897905,0.0053220512539897905,0.005676317853352623,0.005676317853352623,0.005676317853352623",0.005455,1.664145,1.77492,11,11
2000024589519_Node0_Node8_Zero,"[0, 1, 2, 3, 4, 5, 6, 7, 8]",2000.02459,2000.02466,0.015578,8,0,2343.0,"0.006739117651441124,0.0053220512539897905,0.0053220512539897905,0.0053220512539897905,0.0053220512539897905,0.0053220512539897905,0.005676317853352623,0.005676317853352623",0.005588,1.664145,1.77492,11,11
2000032784318_Node0_Node8_Zero,"[0, 1, 2, 3, 4, 5, 6, 7, 8]",2000.032784,2000.032974,0.016498,8,0,2343.0,"0.006306125141108773,0.0053220512539897905,0.0053220512539897905,0.0053220512539897905,0.006739117651441124,0.00561355977129397,0.005568069725769537,0.005568069725769537",0.00572,1.664145,1.741072,11,11
2000040985383_Node0_Node8_Zero,"[0, 1, 2, 3, 4, 5, 6, 7, 8]",2000.040985,2000.041035,0.016519,8,0,2343.0,"0.006306125141108773,0.006306125141108773,0.006371630806663957,0.006371630806663957,0.005741823518907809,0.005741823518907809,0.005746183955940023,0.005746183955940023",0.006041,1.795403,1.796766,11,11
2000049186608_Node0_Node8_Zero,"[0, 1, 2, 3, 4, 5, 6, 7, 8]",2000.049187,2000.049477,0.016138,8,0,2343.0,"0.007536217500007501,0.006739117651441124,0.0053220512539897905,0.0053220512539897905,0.0058237056008517895,0.0057706460117520906,0.005676317853352623,0.005676317853352623",0.005983,1.664145,1.77492,11,11
2000057381400_Node0_Node8_Zero,"[0, 1, 2, 3, 4, 5, 6, 7, 8]",2000.057381,2000.057651,0.016399,8,0,2343.0,"0.0053220512539897905,0.0053220512539897905,0.006739117651441124,0.006739117651441124,0.007712672078829242,0.005568069725769537,0.0053220512539897905,0.0061437192944072",0.006109,1.664145,1.921071,11,11
2000065577585_Node0_Node8_Zero,"[0, 1, 2, 3, 4, 5, 6, 7, 8]",2000.065578,2000.065848,0.016318,8,0,2343.0,"0.00639888353811529,0.0063890725547928115,0.006371630806663957,0.006371630806663957,0.0053220512539897905,0.0053220512539897905,0.0053220512539897905,0.0053220512539897905",0.005852,1.664145,1.664145,11,11
2000073776759_Node0_Node8_Zero,"[0, 1, 2, 3, 4, 5, 6, 7, 8]",2000.073777,2000.074007,0.015958,8,0,2343.0,"0.006748162884725711,0.006351615186633207,0.006306125141108773,0.006458055670122153,0.005771248114941866,0.005744851600180179,0.005741823518907809,0.005751936896116007",0.006109,1.795403,1.798565,11,11
2000081971154_Node0_Node8_Zero,"[0, 1, 2, 3, 4, 5, 6, 7, 8]",2000.081971,2000.082081,0.016218,8,0,2343.0,"0.0053220512539897905,0.006739117651441124,0.007536217500007501,0.007536217500007501,0.007536217500007501,0.005568069725769537,0.00563357539132472,0.0056704223281995115",0.006443,1.664145,1.773077,11,11
2000090168806_Node0_Node8_Zero,"[0, 1, 2, 3, 4, 5, 6, 7, 8]",2000.090169,2000.090499,0.016278,8,0,2343.0,"0.006389183886683116,0.006384303039121106,0.006383743131753439,0.006385613145766121,0.005747352390753961,0.005747027493231318,0.005746990222549463,0.0053220512539897905",0.006013,1.664145,1.664145,11,11
2000098365440_Node0_Node8_Zero,"[0, 1, 2, 3, 4, 5, 6, 7, 8]",2000.098365,2000.098575,0.015839,8,0,2343.0,"0.0053220512539897905,0.0053220512539897905,0.006739117651441124,0.006370540694585521,0.0053220512539897905,0.0053220512539897905,0.0053220512539897905,0.005746111391757432",0.005683,1.664145,1.796744,11,11
2000106558340_Node0_Node8_Zero,"[0, 1, 2, 3, 4, 5, 6, 7, 8]",2000.106558,2000.106888,0.016439,8,0,2343.0,"0.006384765447802152,0.006384705372625727,0.0053220512539897905,0.0053220512539897905,0.007536217500007501,0.005617195017771254,0.005617192240721131,0.005568069725769537",0.005969,1.664145,1.741072,11,11
2000114752546_Node0_Node8_Zero,"[0, 1, 2, 3, 4, 5, 6, 7, 8]",2000.114753,2000.114843,0.015898,8,0,2343.0,"0.006306125141108773,0.006306125141108773,0.006306125141108773,0.006384535980882698,0.005741823518907809,0.005741823518907809,0.005741823518907809,0.005747042999186032",0.006034,1.795403,1.797035,11,11
2000122952720_Node0_Node8_Zero,"[0, 1, 2, 3, 4, 5, 6, 7, 8]",2000.122953,2000.123083,0.015478,8,0,2343.0,"0.0053220512539897905,0.0053220512539897905,0.0053220512539897905,0.0053220512539897905,0.007638570102437477,0.00583219515707227,0.00583219515707227,0.00583219515707227",0.005803,1.664145,1.823661,11,11
2000131146311_Node0_Node8_Zero,"[0, 1, 2, 3, 4, 5, 6, 7, 8]",2000.131146,2000.131276,0.016098,8,0,2343.0,"0.006383743131753439,0.006383743131753439,0.006383743131753439,0.0063847082397542835,0.0053220512539897905,0.005617147759934008,0.005617147759934008,0.005617147759934008",0.005964,1.664145,1.756418,11,11
2000139346154_Node0_Node8_Zero,"[0, 1, 2, 3, 4, 5, 6, 7, 8]",2000.139346,2000.139416,0.016118,8,0,2343.0,"0.006734461058780992,0.006400453299508238,0.006400453299508238,0.006400453299508238,0.005770336041936394,0.0053220512539897905,0.0057481025482341965,0.0057481025482341965",0.006066,1.664145,1.797366,11,11
2000147538549_Node0_Node8_Zero,"[0, 1, 2, 3, 4, 5, 6, 7, 8]",2000.147539,2000.147609,0.016318,8,0,2343.0,"0.0053220512539897905,0.006360689960540389,0.0053220512539897905,0.0053220512539897905,0.0053220512539897905,0.0057454556697651305,0.0053220512539897905,0.0053220512539897905",0.005505,1.664145,1.664145,11,11
2000155731426_Node0_Node8_Zero,"[0, 1, 2, 3, 4, 5, 6, 7, 8]",2000.155731,2000.155861,0.016339,8,0,2343.0,"0.006389015239824039,0.0053220512539897905,0.0053220512539897905,0.0063849041556710345,0.0053220512539897905,0.0053220512539897905,0.0053220512539897905,0.0053220512539897905",0.005588,1.664145,1.664145,11,11
2000163923531_Node0_Node8_Zero,"[0, 1, 2, 3, 4, 5, 6, 7, 8]",2000.163924,2000.164094,0.016498,8,0,2343.0,"0.006306125141108773,0.006384414734607712,0.006306125141108773,0.006306125141108773,0.005741823518907809,0.00574703492833074,0.005741823518907809,0.0053220512539897905",0.005982,1.664145,1.664145,11,11
2000172124128_Node0_Node8_Zero,"[0, 1, 2, 3, 4, 5, 6, 7, 8]",2000.172124,2000.172234,0.016458,8,0,2343.0,"0.0053220512539897905,0.0053220512539897905,0.0053220512539897905,0.006306125141108773,0.005676317853352623,0.005676317853352623,0.005676317853352623,0.005741823518907809",0.00563,1.664145,1.795403,11,11
2000180325435_Node0_Node8_Zero,"[0, 1, 2, 3, 4, 5, 6, 7, 8]",2000.180325,2000.180435,0.015979,8,0,2343.0,"0.007945627909727405,0.007710857978957999,0.007713026114191531,0.007710857978957999,0.005850958332303122,0.005835330684045513,0.0058354750077018415,0.005835330684045513",0.006805,1.824642,1.824642,11,11
2000188520245_Node0_Node8_Zero,"[0, 1, 2, 3, 4, 5, 6, 7, 8]",2000.18852,2000.18887,0.016498,8,0,2343.0,"0.005568069725769537,0.006739117651441124,0.006739117651441124,0.0053220512539897905,0.007710857978957999,0.005579442237150644,0.00563357539132472,0.00563357539132472",0.006116,1.664145,1.761555,11,11
2000196717488_Node0_Node8_Zero,"[0, 1, 2, 3, 4, 5, 6, 7, 8]",2000.196717,2000.197067,0.015999,8,0,2343.0,"0.0064039227044242995,0.006401033074123226,0.006401059760288898,0.006401033074123226,0.005748333491947957,0.005748141141395262,0.00574814291778123,0.005748141141395262",0.006075,1.797378,1.797378,11,11
2000204913957_Node0_Node8_Zero,"[0, 1, 2, 3, 4, 5, 6, 7, 8]",2000.204914,2000.205184,0.015978,8,0,2343.0,"0.0053220512539897905,0.006739117651441124,0.0053220512539897905,0.006739117651441124,0.00766582283388881,0.005568069725769537,0.00563357539132472,0.005568069725769537",0.00607,1.664145,1.741072,11,11
2000213114410_Node0_Node8_Zero,"[0, 1, 2, 3, 4, 5, 6, 7, 8]",2000.213114,2000.213364,0.016119,8,0,2343.0,"0.006384946858318427,0.006384911291739481,0.006384911620202128,0.006384911291739481,0.0053220512539897905,0.0053220512539897905,0.005617201759589563,0.005617201774773159",0.005927,1.664145,1.756435,11,11
2000221307800_Node0_Node8_Zero,"[0, 1, 2, 3, 4, 5, 6, 7, 8]",2000.221308,2000.221618,0.016278,8,0,2343.0,"0.00673950022509,0.006351615186633207,0.006363727511722688,0.006351615186633207,0.0053220512539897905,0.005633593076269857,0.005615662605510894,0.0053220512539897905",0.005962,1.664145,1.664145,11,11
2000229499696_Node0_Node8_Zero,"[0, 1, 2, 3, 4, 5, 6, 7, 8]",2000.2295,2000.22967,0.016038,8,0,2343.0,"0.006306125141108773,0.006306125141108773,0.0063606999453466985,0.006360699948154221,0.0053220512539897905,0.0053220512539897905,0.0057454563344117495,0.0053220512539897905",0.005881,1.664145,1.664145,11,11
2000237700009_Node0_Node8_Zero,"[0, 1, 2, 3, 4, 5, 6, 7, 8]",2000.2377,2000.23799,0.016098,8,0,2343.0,"0.006306125141108773,0.006363730781757469,0.0053220512539897905,0.0053220512539897905,0.0053220512539897905,0.00561355977129397,0.005616222664040007,0.005568069725769537",0.005679,1.664145,1.741072,11,11
2000245901697_Node0_Node8_Zero,"[0, 1, 2, 3, 4, 5, 6, 7, 8]",2000.245902,2000.246032,0.015978,8,0,2343.0,"0.006306125141108773,0.006306125141108773,0.006384414857504195,0.006306125141108773,0.0053220512539897905,0.0053220512539897905,0.0053220512539897905,0.0053220512539897905",0.005824,1.664145,1.664145,11,11
2000254094304_Node0_Node8_Zero,"[0, 1, 2, 3, 4, 5, 6, 7, 8]",2000.254094,2000.254284,0.016238,8,0,2343.0,"0.006306125141108773,0.0053220512539897905,0.0063605189056841075,0.006351615186633207,0.0053220512539897905,0.00583219515707227,0.0053220512539897905,0.00612621809413615",0.005868,1.664145,1.915599,11,11
2000262290339_Node0_Node8_Zero,"[0, 1, 2, 3, 4, 5, 6, 7, 8]",2000.26229,2000.26252,0.016458,8,0,2343.0,"0.006306125141108773,0.006306125141108773,0.006306125141108773,0.006306125141108773,0.0053220512539897905,0.0053220512539897905,0.00583219515707227,0.0053220512539897905",0.005878,1.664145,1.664145,11,11
2000270490723_Node0_Node8_Zero,"[0, 1, 2, 3, 4, 5, 6, 7, 8]",2000.270491,2000.270721,0.016218,8,0,2343.0,"0.006306125141108773,0.006400453299508238,0.006306125141108773,0.006454819610686035,0.0053220512539897905,0.0057481025482341965,0.005741823518907809,0.005751721485230794",0.006004,1.664145,1.798498,11,11
2000278685982_Node0_Node8_Zero,"[0, 1, 2, 3, 4, 5, 6, 7, 8]",2000.278686,2000.278896,0.016138,8,0,2343.0,"0.0053220512539897905,0.0053220512539897905,0.0053220512539897905,0.0053220512539897905,0.007536217500007501,0.0053220512539897905,0.0053220512539897905,0.005568069725769537",0.00563,1.664145,1.741072,11,11
2000286887635_Node0_Node8_Zero,"[0, 1, 2, 3, 4, 5, 6, 7, 8]",2000.286888,2000.287058,0.015958,8,0,2343.0,"0.006306125141108773,0.0063849041556710345,0.006383743131753439,0.006385573315216391,0.005741823518907809,0.005747067507035358,0.005746990222549463,0.0057471120501758205",0.006055,1.795403,1.797057,11,11
2000295081922_Node0_Node8_Zero,"[0, 1, 2, 3, 4, 5, 6, 7, 8]",2000.295082,2000.295252,0.016078,8,0,2343.0,"0.0053220512539897905,0.008457390921877285,0.006739117651441124,0.0053220512539897905,0.0053220512539897905,0.005568069725769537,0.0053220512539897905,0.00583219515707227",0.005986,1.664145,1.823661,11,11
2000303276990_Node0_Node8_Zero,"[0, 1, 2, 3, 4, 5, 6, 7, 8]",2000.303277,2000.303627,0.016478,8,0,2343.0,"0.006383743131753439,0.006384712771378163,0.006384698481090298,0.006384721007627551,0.0053220512539897905,0.005617147759934008,0.0056171925827377105,0.00561719192215129",0.005964,1.664145,1.756432,11,11
2000311472506_Node0_Node8_Zero,"[0, 1, 2, 3, 4, 5, 6, 7, 8]",2000.311473,2000.311803,0.016558,8,0,2343.0,"0.006306125141108773,0.006351615186633207,0.006306125141108773,0.006400453299508238,0.005741823518907809,0.0053220512539897905,0.0053220512539897905,0.0053220512539897905",0.005884,1.664145,1.664145,11,11
2000319665017_Node0_Node8_Zero,"[0, 1, 2, 3, 4, 5, 6, 7, 8]",2000.319665,2000.319795,0.015958,8,0,2343.0,"0.0053220512539897905,0.006360689960540389,0.006360698248500907,0.006360698126355174,0.005676317853352623,0.0057454556697651305,0.005745456221459852,0.005745456213329124",0.005915,1.664145,1.796539,11,11
2000327861984_Node0_Node8_Zero,"[0, 1, 2, 3, 4, 5, 6, 7, 8]",2000.327862,2000.328112,0.016138,8,0,2343.0,"0.008245149344590018,0.007710857978957999,0.007536217500007501,0.007536217500007501,0.007536217500007501,0.005703193588880145,0.005678495302639598,0.0056704223281995115",0.006952,1.773077,1.773077,11,11
2000336053920_Node0_Node8_Zero,"[0, 1, 2, 3, 4, 5, 6, 7, 8]",2000.336054,2000.336204,0.015958,8,0,2343.0,"0.00663190830823665,0.006384414734607712,0.006384414836618824,0.006384414835115412,0.005763509536054209,0.0053220512539897905,0.0053220512539897905,0.0053220512539897905",0.005939,1.664145,1.664145,11,11
2000344246791_Node0_Node8_Zero,"[0, 1, 2, 3, 4, 5, 6, 7, 8]",2000.344247,2000.344377,0.016218,8,0,2343.0,"0.0053220512539897905,0.006376600264541674,0.006372033427924365,0.006370540694585521,0.0053220512539897905,0.0053220512539897905,0.005616817571968561,0.00561660646423738",0.00579,1.664145,1.756249,11,11
2000352447793_Node0_Node8_Zero,"[0, 1, 2, 3, 4, 5, 6, 7, 8]",2000.352448,2000.352518,0.016018,8,0,2343.0,"0.006387752984753893,0.006306125141108773,0.006306125141108773,0.006306125141108773,0.005747257141622321,0.005741823518907809,0.005741823518907809,0.005741823518907809",0.006035,1.795403,1.795403,11,11
2000360649383_Node0_Node8_Zero,"[0, 1, 2, 3, 4, 5, 6, 7, 8]",2000.360649,2000.360819,0.015959,8,0,2343.0,"0.0053220512539897905,0.0053220512539897905,0.0053220512539897905,0.0053220512539897905,0.006739117651441124,0.005568069725769537,0.0053220512539897905,0.005676317853352623",0.005574,1.664145,1.77492,11,11
2000368842386_Node0_Node8_Zero,"[0, 1, 2, 3, 4, 5, 6, 7, 8]",2000.368842,2000.369052,0.016239,8,0,2343.0,"0.006384747835761466,0.006383743131753439,0.006383743131753439,0.0053220512539897905,0.0053220512539897905,0.005617194203632658,0.005617147759934008,0.005617147759934008",0.005831,1.664145,1.756418,11,11
2000377042292_Node0_Node8_Zero,"[0, 1, 2, 3, 4, 5, 6, 7, 8]",2000.377042,2000.377112,0.016178,8,0,2343.0,"0.006568147803329512,0.006351615186633207,0.006306125141108773,0.006371630806663957,0.005759265267036663,0.005744851600180179,0.005741823518907809,0.0053220512539897905",0.006021,1.664145,1.664145,11,11
2000385235321_Node0_Node8_Zero,"[0, 1, 2, 3, 4, 5, 6, 7, 8]",2000.385235,2000.385505,0.015918,8,0,2343.0,"0.0053220512539897905,0.0053220512539897905,0.006739117651441124,0.0053220512539897905,0.0053220512539897905,0.006078213628852016,0.0057706460117520906,0.005676317853352623",0.005694,1.664145,1.77492,11,11
2000393436836_Node0_Node8_Zero,"[0, 1, 2, 3, 4, 5, 6, 7, 8]",2000.393437,2000.393707,0.016558,8,0,2343.0,"0.006386968198191205,0.006384303039121106,0.0053220512539897905,0.007710857978957999,0.007536217500007501,0.005617296842661427,0.005617173642351962,0.005568069725769537",0.006268,1.664145,1.741072,11,11
2000401635055_Node0_Node8_Zero,"[0, 1, 2, 3, 4, 5, 6, 7, 8]",2000.401635,2000.401965,0.016138,8,0,2343.0,"0.006306125141108773,0.0064459433450326726,0.0063890725547928115,0.006371630806663957,0.0053220512539897905,0.0053220512539897905,0.005747344979857618,0.005746183955940023",0.005956,1.664145,1.796766,11,11
2000409831280_Node0_Node8_Zero,"[0, 1, 2, 3, 4, 5, 6, 7, 8]",2000.409831,2000.409941,0.016278,8,0,2343.0,"0.006715535550828678,0.006360717526682102,0.0053220512539897905,0.0053220512539897905,0.005769076250359141,0.0057454575047274055,0.005676317853352623,0.0053220512539897905",0.005779,1.664145,1.664145,11,11
2000418029946_Node0_Node8_Zero,"[0, 1, 2, 3, 4, 5, 6, 7, 8]",2000.41803,2000.41816,0.016138,8,0,2343.0,"0.005579442237150644,0.007536217500007501,0.006739117651441124,0.00638454939836288,0.0053220512539897905,0.0058237056008517895,0.0057706460117520906,0.005747043892331334",0.006113,1.664145,1.797035,11,11
2000426224777_Node0_Node8_Zero,"[0, 1, 2, 3, 4, 5, 6, 7, 8]",2000.426225,2000.426295,0.016258,8,0,2343.0,"0.006388782298062448,0.0053220512539897905,0.0053220512539897905,0.0053220512539897905,0.0053220512539897905,0.0053220512539897905,0.0053220512539897905,0.0053220512539897905",0.005455,1.664145,1.664145,11,11
2000434424393_Node0_Node8_Zero,"[0, 1, 2, 3, 4, 5, 6, 7, 8]",2000.434424,2000.434774,0.016219,8,0,2343.0,"0.006306125141108773,0.00639888353811529,0.0063890725547928115,0.0053220512539897905,0.0053220512539897905,0.00561355977129397,0.0053220512539897905,0.00583219515707227",0.005813,1.664145,1.823661,11,11
2000442622624_Node0_Node8_Zero,"[0, 1, 2, 3, 4, 5, 6, 7, 8]",2000.442623,2000.442693,0.015978,8,0,2343.0,"0.006306125141108773,0.006306125141108773,0.006306125141108773,0.006306125141108773,0.005741823518907809,0.005741823518907809,0.0053220512539897905,0.00583219515707227",0.005983,1.664145,1.823661,11,11
2000450821945_Node0_Node8_Zero,"[0, 1, 2, 3, 4, 5, 6, 7, 8]",2000.450822,2000.451172,0.016518,8,0,2343.0,"0.006739117651441124,0.0053220512539897905,0.006306125141108773,0.006400453299508238,0.0053220512539897905,0.00563357539132472,0.005568069725769537,0.00561355977129397",0.005863,1.664145,1.755296,11,11
2000459016189_Node0_Node8_Zero,"[0, 1, 2, 3, 4, 5, 6, 7, 8]",2000.459016,2000.459126,0.016238,8,0,2343.0,"0.006383743131753439,0.006383743131753439,0.006306125141108773,0.006400453299508238,0.005746990222549463,0.005746990222549463,0.005741823518907809,0.0057481025482341965",0.006057,1.795403,1.797366,11,11
2000467216897_Node0_Node8_Zero,"[0, 1, 2, 3, 4, 5, 6, 7, 8]",2000.467217,2000.467447,0.016438,8,0,2343.0,"0.007984871843017325,0.007536217500007501,0.00766582283388881,0.007638570102437477,0.007657495610389791,0.005691161936023071,0.0056704223281995115,0.0053220512539897905",0.006896,1.664145,1.664145,11,11
2000475418427_Node0_Node8_Zero,"[0, 1, 2, 3, 4, 5, 6, 7, 8]",2000.475418,2000.475688,0.016119,8,0,2343.0,"0.006384698481090298,0.006384698481090298,0.006383743131753439,0.0063849041556710345,0.00574705381614235,0.00574705381614235,0.005746990222549463,0.005747067507035358",0.006066,1.797019,1.797043,11,11
2000483617876_Node0_Node8_Zero,"[0, 1, 2, 3, 4, 5, 6, 7, 8]",2000.483618,2000.483788,0.015998,8,0,2343.0,"0.0053220512539897905,0.006739117651441124,0.007689780923995568,0.0053220512539897905,0.0053220512539897905,0.0057706460117520906,0.005833927673020294,0.005676317853352623",0.005959,1.664145,1.77492,11,11
2000491811222_Node0_Node8_Zero,"[0, 1, 2, 3, 4, 5, 6, 7, 8]",2000.491811,2000.491961,0.015918,8,0,2343.0,"0.0053220512539897905,0.0053220512539897905,0.007713033972205843,0.0053220512539897905,0.0053220512539897905,0.005568069725769537,0.0053220512539897905,0.00583219515707227",0.005715,1.664145,1.823661,11,11
2000500004569_Node0_Node8_Zero,"[0, 1, 2, 3, 4, 5, 6, 7, 8]",2000.500005,2000.500215,0.016338,8,0,2343.0,"0.006306125141108773,0.0063890725547928115,0.006400773650369608,0.006371630806663957,0.0053220512539897905,0.005747344979857618,0.0053220512539897905,0.005617935016945188",0.005935,1.664145,1.756664,11,11
2000508203967_Node0_Node8_Zero,"[0, 1, 2, 3, 4, 5, 6, 7, 8]",2000.508204,2000.508314,0.016158,8,0,2343.0,"0.006306125141108773,0.0053220512539897905,0.006306125141108773,0.006400453299508238,0.0053220512539897905,0.0053220512539897905,0.005741823518907809,0.0057481025482341965",0.005809,1.664145,1.797366,11,11
2000516402535_Node0_Node8_Zero,"[0, 1, 2, 3, 4, 5, 6, 7, 8]",2000.516403,2000.516673,0.015818,8,0,2343.0,"0.006306125141108773,0.0053220512539897905,0.0053220512539897905,0.0053220512539897905,0.0053220512539897905,0.00561355977129397,0.005568069725769537,0.005676317853352623",0.005557,1.664145,1.77492,11,11
2000524599812_Node0_Node8_Zero,"[0, 1, 2, 3, 4, 5, 6, 7, 8]",2000.5246,2000.52493,0.016118,8,0,2343.0,"0.006306125141108773,0.006306125141108773,0.006383743131753439,0.0053220512539897905,0.006739117651441124,0.00561355977129397,0.00561355977129397,0.005617147759934008",0.005988,1.664145,1.756418,11,11
2000532795741_Node0_Node8_Zero,"[0, 1, 2, 3, 4, 5, 6, 7, 8]",2000.532796,2000.533026,0.016218,8,0,2343.0,"0.006306125141108773,0.006360026523500902,0.006351615186633207,0.006371630806663957,0.0053220512539897905,0.0053220512539897905,0.0053220512539897905,0.0053220512539897905",0.005835,1.664145,1.664145,11,11
2000540988646_Node0_Node8_Zero,"[0, 1, 2, 3, 4, 5, 6, 7, 8]",2000.540989,2000.541059,0.016018,8,0,2343.0,"0.006568147803329512,0.006360026523500902,0.006360026523500902,0.006360689960540389,0.005759265267036663,0.0053220512539897905,0.0053220512539897905,0.0057454556697651305",0.005975,1.664145,1.796539,11,11
2000549188789_Node0_Node8_Zero,"[0, 1, 2, 3, 4, 5, 6, 7, 8]",2000.549189,2000.549239,0.015738,8,0,2343.0,"0.0053220512539897905,0.006306125141108773,0.006306125141108773,0.0053220512539897905,0.0053220512539897905,0.0053220512539897905,0.0053220512539897905,0.005676317853352623",0.005612,1.664145,1.77492,11,11
2000557389881_Node0_Node8_Zero,"[0, 1, 2, 3, 4, 5, 6, 7, 8]",2000.55739,2000.55756,0.015758,8,0,2343.0,"0.006386968198191205,0.006306125141108773,0.006306125141108773,0.0053220512539897905,0.0053220512539897905,0.005617296842661427,0.00561355977129397,0.00561355977129397",0.005811,1.664145,1.755296,11,11
2000565581863_Node0_Node8_Zero,"[0, 1, 2, 3, 4, 5, 6, 7, 8]",2000.565582,2000.565632,0.015818,8,0,2343.0,"0.006306125141108773,0.006306125141108773,0.006306125141108773,0.006371630806663957,0.0053220512539897905,0.00561355977129397,0.00561355977129397,0.00561355977129397",0.005932,1.664145,1.755296,11,11
2000573782716_Node0_Node8_Zero,"[0, 1, 2, 3, 4, 5, 6, 7, 8]",2000.573783,2000.573973,0.015678,8,0,2343.0,"0.006306125141108773,0.006360717526682102,0.006360026523500902,0.006360026523500902,0.0053220512539897905,0.00561355977129397,0.0056160833725575785,0.005616051430071775",0.005944,1.664145,1.756076,11,11
2000581983507_Node0_Node8_Zero,"[0, 1, 2, 3, 4, 5, 6, 7, 8]",2000.581984,2000.582214,0.016618,8,0,2343.0,"0.006306125141108773,0.006360026523500902,0.006360026523500902,0.006360026523500902,0.0053220512539897905,0.00561355977129397,0.005616051430071775,0.005616051430071775",0.005944,1.664145,1.756076,11,11
2000590177111_Node0_Node8_Zero,"[0, 1, 2, 3, 4, 5, 6, 7, 8]",2000.590177,2000.590247,0.015838,8,0,2343.0,"0.006306125141108773,0.006360026523500902,0.006360493149992549,0.006360487243667213,0.005741823518907809,0.005745411507547847,0.005745442568913564,0.005745442175754294",0.006046,1.795403,1.796535,11,11
2000598372777_Node0_Node8_Zero,"[0, 1, 2, 3, 4, 5, 6, 7, 8]",2000.598373,2000.598663,0.016058,8,0,2343.0,"0.0053220512539897905,0.007536217500007501,0.006739117651441124,0.0076585322307639895,0.0076585322307639895,0.005568069725769537,0.0056704223281995115,0.00563357539132472",0.006473,1.664145,1.761555,11,11
2000606567887_Node0_Node8_Zero,"[0, 1, 2, 3, 4, 5, 6, 7, 8]",2000.606568,2000.606718,0.016358,8,0,2343.0,"0.006644020633326133,0.0063844065687929255,0.006384412312194752,0.006384412239497638,0.0053220512539897905,0.0053220512539897905,0.0053220512539897905,0.005617178693636382",0.005923,1.664145,1.756428,11,11
2000614766301_Node0_Node8_Zero,"[0, 1, 2, 3, 4, 5, 6, 7, 8]",2000.614766,2000.614996,0.016358,8,0,2343.0,"0.006738152156119205,0.006351615186633207,0.006370540694585521,0.006363727511722688,0.00577058174278359,0.005744851600180179,0.005746111391757432,0.0057456578667896205",0.006104,1.79635,1.796602,11,11
2000622965727_Node0_Node8_Zero,"[0, 1, 2, 3, 4, 5, 6, 7, 8]",2000.622966,2000.623296,0.015918,8,0,2343.0,"0.0053220512539897905,0.0053220512539897905,0.006739117651441124,0.0053220512539897905,0.00765900121327017,0.005568069725769537,0.0057706460117520906,0.005676317853352623",0.005922,1.664145,1.77492,11,11
2000631157561_Node0_Node8_Zero,"[0, 1, 2, 3, 4, 5, 6, 7, 8]",2000.631158,2000.631468,0.015878,8,0,2343.0,"0.0063890606711391905,0.006384303039121106,0.0053220512539897905,0.007712641889498833,0.0053220512539897905,0.005617393569839038,0.005617173642351962,0.005568069725769537",0.005992,1.664145,1.741072,11,11
2000639352305_Node0_Node8_Zero,"[0, 1, 2, 3, 4, 5, 6, 7, 8]",2000.639352,2000.639482,0.015778,8,0,2343.0,"0.006738238873329511,0.006351615186633207,0.0063890725547928115,0.006371630806663957,0.0053220512539897905,0.0053220512539897905,0.0053220512539897905,0.0053220512539897905",0.005892,1.664145,1.664145,11,11
2000647544699_Node0_Node8_Zero,"[0, 1, 2, 3, 4, 5, 6, 7, 8]",2000.647545,2000.647655,0.016378,8,0,2343.0,"0.006306125141108773,0.006360735412020878,0.00636069474632888,0.006351615186633207,0.0053220512539897905,0.00561355977129397,0.005616084199329721,0.0056160823195072745",0.005943,1.664145,1.756085,11,11
2000655742735_Node0_Node8_Zero,"[0, 1, 2, 3, 4, 5, 6, 7, 8]",2000.655743,2000.656053,0.016498,8,0,2343.0,"0.006306125141108773,0.006306125141108773,0.006306125141108773,0.006306125141108773,0.0053220512539897905,0.0053220512539897905,0.0053220512539897905,0.0053220512539897905",0.005814,1.664145,1.664145,11,11
2000663938844_Node0_Node8_Zero,"[0, 1, 2, 3, 4, 5, 6, 7, 8]",2000.663939,2000.664289,0.015978,8,0,2343.0,"0.006306125141108773,0.006360026523500902,0.006360493302866852,0.006360492955278283,0.0053220512539897905,0.005745411507547847,0.005745442579089764,0.005745442555952253",0.005993,1.664145,1.796535,11,11
2000672140481_Node0_Node8_Zero,"[0, 1, 2, 3, 4, 5, 6, 7, 8]",2000.67214,2000.67241,0.015839,8,0,2343.0,"0.0053220512539897905,0.0053220512539897905,0.007536217500007501,0.006739117651441124,0.007536217500007501,0.00583219515707227,0.005568069725769537,0.0053220512539897905",0.006147,1.664145,1.664145,11,11
2000680334590_Node0_Node8_Zero,"[0, 1, 2, 3, 4, 5, 6, 7, 8]",2000.680335,2000.680485,0.015938,8,0,2343.0,"0.006306125141108773,0.0063844065687929255,0.006384412314076384,0.006384412309798142,0.0053220512539897905,0.00561355977129397,0.005617178428140454,0.005617178693723365",0.005954,1.664145,1.756428,11,11
2000688534154_Node0_Node8_Zero,"[0, 1, 2, 3, 4, 5, 6, 7, 8]",2000.688534,2000.688664,0.016358,8,0,2343.0,"0.006715535550828678,0.006400453299508238,0.006351615186633207,0.006306125141108773,0.0053220512539897905,0.0053220512539897905,0.005617920208326183,0.005615662605510894",0.005956,1.664145,1.755954,11,11
2000696729407_Node0_Node8_Zero,"[0, 1, 2, 3, 4, 5, 6, 7, 8]",2000.696729,2000.697079,0.016119,8,0,2343.0,"0.006306125141108773,0.006360026523500902,0.006360695631245101,0.006360695680352709,0.0053220512539897905,0.005745411507547847,0.0053220512539897905,0.005745456050509013",0.00594,1.664145,1.796539,11,11
2000704927986_Node0_Node8_Zero,"[0, 1, 2, 3, 4, 5, 6, 7, 8]",2000.704928,2000.705018,0.016298,8,0,2343.0,"0.006306125141108773,0.0053220512539897905,0.006360832790110344,0.0053220512539897905,0.0053220512539897905,0.0053220512539897905,0.0053220512539897905,0.00583219515707227",0.005639,1.664145,1.823661,11,11
2000713129362_Node0_Node8_Zero,"[0, 1, 2, 3, 4, 5, 6, 7, 8]",2000.713129,2000.713319,0.016219,8,0,2343.0,"0.006306125141108773,0.0053220512539897905,0.006306125141108773,0.006384414805009161,0.0053220512539897905,0.005676317853352623,0.0053220512539897905,0.00574703493301707",0.005798,1.664145,1.797033,11,11
2000721323837_Node0_Node8_Zero,"[0, 1, 2, 3, 4, 5, 6, 7, 8]",2000.721324,2000.721374,0.015658,8,0,2343.0,"0.006306125141108773,0.0053220512539897905,0.006306125141108773,0.0053220512539897905,0.005741823518907809,0.0053220512539897905,0.005741823518907809,0.005676317853352623",0.005717,1.664145,1.77492,11,11
2000729524541_Node0_Node8_Zero,"[0, 1, 2, 3, 4, 5, 6, 7, 8]",2000.729525,2000.729655,0.016158,8,0,2343.0,"0.0053220512539897905,0.006371630806663957,0.0053220512539897905,0.007536217500007501,0.0053220512539897905,0.005568069725769537,0.0056165878525663415,0.005568069725769537",0.005828,1.664145,1.741072,11,11
2000737721153_Node0_Node8_Zero,"[0, 1, 2, 3, 4, 5, 6, 7, 8]",2000.737721,2000.737831,0.015958,8,0,2343.0,"0.006383743131753439,0.006306125141108773,0.006383743131753439,0.006371630806663957,0.0053220512539897905,0.005741823518907809,0.005746990222549463,0.005746183955940023",0.006,1.664145,1.796766,11,11
2000745916142_Node0_Node8_Zero,"[0, 1, 2, 3, 4, 5, 6, 7, 8]",2000.745916,2000.746186,0.016598,8,0,2343.0,"0.006306125141108773,0.0053220512539897905,0.0053220512539897905,0.0053220512539897905,0.0053220512539897905,0.00561355977129397,0.005568069725769537,0.005568069725769537",0.005543,1.664145,1.741072,11,11
2000754113229_Node0_Node8_Zero,"[0, 1, 2, 3, 4, 5, 6, 7, 8]",2000.754113,2000.754403,0.016538,8,0,2343.0,"0.006306125141108773,0.006383743131753439,0.006384698481090298,0.00638454939836288,0.005741823518907809,0.005746990222549463,0.00574705381614235,0.005747043892331334",0.006055,1.795403,1.797035,11,11
2000762313286_Node0_Node8_Zero,"[0, 1, 2, 3, 4, 5, 6, 7, 8]",2000.762313,2000.762523,0.016418,8,0,2343.0,"0.0053220512539897905,0.0053220512539897905,0.0053220512539897905,0.007638570102437477,0.005676317853352623,0.005676317853352623,0.005676317853352623,0.005830518783714623",0.005808,1.664145,1.823137,11,11
2000770508742_Node0_Node8_Zero,"[0, 1, 2, 3, 4, 5, 6, 7, 8]",2000.770509,2000.770799,0.016638,8,0,2343.0,"0.005579442237150644,0.0053220512539897905,0.007713007514965935,0.006739117651441124,0.007713029843540723,0.0053220512539897905,0.0053220512539897905,0.0053220512539897905",0.006129,1.664145,1.664145,11,11
2000778705529_Node0_Node8_Zero,"[0, 1, 2, 3, 4, 5, 6, 7, 8]",2000.778706,2000.778976,0.016438,8,0,2343.0,"0.006371630806663957,0.006371630806663957,0.006371630806663957,0.006400143329692542,0.005746183955940023,0.0053220512539897905,0.0053220512539897905,0.0053220512539897905",0.005903,1.664145,1.664145,11,11
2000786906495_Node0_Node8_Zero,"[0, 1, 2, 3, 4, 5, 6, 7, 8]",2000.786906,2000.787256,0.016519,8,0,2343.0,"0.0053220512539897905,0.006306125141108773,0.006306125141108773,0.006306125141108773,0.005676317853352623,0.005741823518907809,0.0053220512539897905,0.00583219515707227",0.005852,1.664145,1.823661,11,11
2000795098653_Node0_Node8_Zero,"[0, 1, 2, 3, 4, 5, 6, 7, 8]",2000.795099,2000.795209,0.015758,8,0,2343.0,"0.0053220512539897905,0.0053220512539897905,0.006306125141108773,0.006306125141108773,0.005676317853352623,0.005676317853352623,0.005741823518907809,0.005741823518907809",0.005762,1.664145,1.795403,11,11
2000803297628_Node0_Node8_Zero,"[0, 1, 2, 3, 4, 5, 6, 7, 8]",2000.803298,2000.803468,0.016538,8,0,2343.0,"0.008205905411300101,0.007683605247506666,0.007710857978957999,0.007536217500007501,0.007748455856406299,0.0057013794890089006,0.005677235511062345,0.005678495302639598",0.006993,1.775207,1.775601,11,11
2000811493579_Node0_Node8_Zero,"[0, 1, 2, 3, 4, 5, 6, 7, 8]",2000.811494,2000.811724,0.015958,8,0,2343.0,"0.006901508819616264,0.006371630806663957,0.006383743131753439,0.006383743131753439,0.005781455709774602,0.005746183955940023,0.005746990222549463,0.005746990222549463",0.006133,1.796766,1.797019,11,11
2000819685301_Node0_Node8_Zero,"[0, 1, 2, 3, 4, 5, 6, 7, 8]",2000.819685,2000.819855,0.016098,8,0,2343.0,"0.0053220512539897905,0.006739117651441124,0.007694031796423971,0.007683987026379002,0.007684511145342584,0.005568069725769537,0.00583219515707227,0.005677717491319234",0.006525,1.664145,1.775358,11,11
2000827882376_Node0_Node8_Zero,"[0, 1, 2, 3, 4, 5, 6, 7, 8]",2000.827882,2000.828152,0.015979,8,0,2343.0,"0.006391071322005663,0.00638454939836288,0.006384698481090298,0.006384698481090298,0.0053220512539897905,0.005617486514688655,0.0056171850306158625,0.00561719192215129",0.005965,1.664145,1.756432,11,11
2000836077069_Node0_Node8_Zero,"[0, 1, 2, 3, 4, 5, 6, 7, 8]",2000.836077,2000.836147,0.016038,8,0,2343.0,"0.006742955787319362,0.006351615186633207,0.006400453299508238,0.006371889606722173,0.005770901500337334,0.005744851600180179,0.0053220512539897905,0.0053220512539897905",0.006003,1.664145,1.664145,11,11
2000844274931_Node0_Node8_Zero,"[0, 1, 2, 3, 4, 5, 6, 7, 8]",2000.844275,2000.844545,0.016298,8,0,2343.0,"0.0053220512539897905,0.007536217500007501,0.0053220512539897905,0.006360698126355174,0.0053220512539897905,0.005568069725769537,0.0056704223281995115,0.005568069725769537",0.005834,1.664145,1.741072,11,11
2000852473770_Node0_Node8_Zero,"[0, 1, 2, 3, 4, 5, 6, 7, 8]",2000.852474,2000.852744,0.016118,8,0,2343.0,"0.006389119795909665,0.006384303039121106,0.006306125141108773,0.006306125141108773,0.0053220512539897905,0.005747027493231318,0.0053220512539897905,0.0053220512539897905",0.005887,1.664145,1.664145,11,11
2000860674775_Node0_Node8_Zero,"[0, 1, 2, 3, 4, 5, 6, 7, 8]",2000.860675,2000.860985,0.015798,8,0,2343.0,"0.006306125141108773,0.0053220512539897905,0.0053220512539897905,0.0053220512539897905,0.0053220512539897905,0.00583219515707227,0.005676317853352623,0.0053220512539897905",0.005553,1.664145,1.664145,11,11
2000868875850_Node0_Node8_Zero,"[0, 1, 2, 3, 4, 5, 6, 7, 8]",2000.868876,2000.869146,0.016098,8,0,2343.0,"0.006306125141108773,0.006384705372625727,0.0053220512539897905,0.0053220512539897905,0.0053220512539897905,0.00561355977129397,0.005617192240721131,0.005568069725769537",0.005682,1.664145,1.741072,11,11
2000877073483_Node0_Node8_Zero,"[0, 1, 2, 3, 4, 5, 6, 7, 8]",2000.877073,2000.877123,0.016059,8,0,2343.0,"0.006306125141108773,0.006400453299508238,0.006371630806663957,0.006306125141108773,0.005741823518907809,0.0053220512539897905,0.0053220512539897905,0.00583219515707227",0.00595,1.664145,1.823661,11,11
2000885272248_Node0_Node8_Zero,"[0, 1, 2, 3, 4, 5, 6, 7, 8]",2000.885272,2000.885442,0.016038,8,0,2343.0,"0.0053220512539897905,0.006360026523500902,0.00636069818526033,0.006351615186633207,0.0053220512539897905,0.0053220512539897905,0.005616051430071775,0.00561608247847618",0.005784,1.664145,1.756085,11,11
2000893471445_Node0_Node8_Zero,"[0, 1, 2, 3, 4, 5, 6, 7, 8]",2000.893471,2000.893801,0.016739,8,0,2343.0,"0.006383743131753439,0.006306125141108773,0.006306125141108773,0.006400453299508238,0.005746990222549463,0.0053220512539897905,0.00561355977129397,0.00561355977129397",0.005962,1.664145,1.755296,11,11
2000901664366_Node0_Node8_Zero,"[0, 1, 2, 3, 4, 5, 6, 7, 8]",2000.901664,2000.901954,0.015859,8,0,2343.0,"0.0053220512539897905,0.006306125141108773,0.006360487243667213,0.006360492984672428,0.0053220512539897905,0.0053220512539897905,0.005745442175754294,0.005745442557908898",0.005811,1.664145,1.796535,11,11
2000909858278_Node0_Node8_Zero,"[0, 1, 2, 3, 4, 5, 6, 7, 8]",2000.909858,2000.910128,0.016178,8,0,2343.0,"0.0053220512539897905,0.0053220512539897905,0.0053220512539897905,0.0053220512539897905,0.007657495610389791,0.005568069725769537,0.005568069725769537,0.005568069725769537",0.005706,1.664145,1.741072,11,11
2000918059525_Node0_Node8_Zero,"[0, 1, 2, 3, 4, 5, 6, 7, 8]",2000.91806,2000.91831,0.016018,8,0,2343.0,"0.006565618958486551,0.006306125141108773,0.006384412239497638,0.006384412310159935,0.0053220512539897905,0.0053220512539897905,0.006123703674376451,0.0053220512539897905",0.005966,1.664145,1.664145,11,11
2000926251541_Node0_Node8_Zero,"[0, 1, 2, 3, 4, 5, 6, 7, 8]",2000.926252,2000.926502,0.016418,8,0,2343.0,"0.0053220512539897905,0.006351615186633207,0.006351615186633207,0.006351615186633207,0.0053220512539897905,0.006078213628852016,0.005615662605510894,0.0053220512539897905",0.005839,1.664145,1.664145,11,11
2000934450324_Node0_Node8_Zero,"[0, 1, 2, 3, 4, 5, 6, 7, 8]",2000.93445,2000.9345,0.016218,8,0,2343.0,"0.006306125141108773,0.006306125141108773,0.006454354681900368,0.006306125141108773,0.005741823518907809,0.0053220512539897905,0.005751690536874234,0.005741823518907809",0.005991,1.664145,1.795403,11,11
2000942642413_Node0_Node8_Zero,"[0, 1, 2, 3, 4, 5, 6, 7, 8]",2000.942642,2000.942952,0.016299,8,0,2343.0,"0.0053220512539897905,0.0053220512539897905,0.0053220512539897905,0.0053220512539897905,0.0053220512539897905,0.005676317853352623,0.005676317853352623,0.0053220512539897905",0.005411,1.664145,1.664145,11,11
2000950841935_Node0_Node8_Zero,"[0, 1, 2, 3, 4, 5, 6, 7, 8]",2000.950842,2000.951032,0.015978,8,0,2343.0,"0.006383743131753439,0.0053220512539897905,0.006739117651441124,0.006383743131753439,0.0053220512539897905,0.0053220512539897905,0.005568069725769537,0.0053220512539897905",0.005795,1.664145,1.664145,11,11
2000959034010_Node0_Node8_Zero,"[0, 1, 2, 3, 4, 5, 6, 7, 8]",2000.959034,2000.959304,0.016738,8,0,2343.0,"0.006306125141108773,0.006371630806663957,0.006371630806663957,0.006306125141108773,0.005741823518907809,0.0053220512539897905,0.006126731755648819,0.0056165878525663415",0.00602,1.664145,1.756243,11,11
2000967230615_Node0_Node8_Zero,"[0, 1, 2, 3, 4, 5, 6, 7, 8]",2000.967231,2000.967481,0.016078,8,0,2343.0,"0.0053220512539897905,0.006306125141108773,0.006351615186633207,0.006306125141108773,0.005676317853352623,0.005741823518907809,0.005744851600180179,0.005741823518907809",0.005899,1.664145,1.795403,11,11
2000975430263_Node0_Node8_Zero,"[0, 1, 2, 3, 4, 5, 6, 7, 8]",2000.97543,2000.97572,0.015978,8,0,2343.0,"0.0053220512539897905,0.0053220512539897905,0.007536217500007501,0.007870993758365842,0.007658755401967045,0.005568069725769537,0.0053220512539897905,0.0053220512539897905",0.00624,1.664145,1.664145,11,11
2000983622413_Node0_Node8_Zero,"[0, 1, 2, 3, 4, 5, 6, 7, 8]",2000.983622,2000.983852,0.016099,8,0,2343.0,"0.006631264600883651,0.006383743131753439,0.006384303039121106,0.006383743131753439,0.0053220512539897905,0.0053220512539897905,0.0053220512539897905,0.00583219515707227",0.005948,1.664145,1.823661,11,11
2000991814322_Node0_Node8_Zero,"[0, 1, 2, 3, 4, 5, 6, 7, 8]",2000.991814,2000.991884,0.015758,8,0,2343.0,"0.0053220512539897905,0.0053220512539897905,0.006306125141108773,0.006306125141108773,0.0053220512539897905,0.0053220512539897905,0.005741823518907809,0.005741823518907809",0.005673,1.664145,1.795403,11,11
2001000009306_Node0_Node8_Zero,"[0, 1, 2, 3, 4, 5, 6, 7, 8]",2001.000009,2001.000199,0.015858,8,0,2343.0,"0.006306125141108773,0.006306125141108773,0.0053220512539897905,0.0053220512539897905,0.0053220512539897905,0.00561355977129397,0.00583219515707227,0.005568069725769537",0.005699,1.664145,1.741072,11,11
2001008207383_Node0_Node8_Zero,"[0, 1, 2, 3, 4, 5, 6, 7, 8]",2001.008207,2001.008417,0.016159,8,0,2343.0,"0.006306125141108773,0.006306125141108773,0.006383743131753439,0.006383743131753439,0.0053220512539897905,0.00561355977129397,0.00583219515707227,0.005617147759934008",0.005971,1.664145,1.756418,11,11
2001016405386_Node0_Node8_Zero,"[0, 1, 2, 3, 4, 5, 6, 7, 8]",2001.016405,2001.016615,0.016359,8,0,2343.0,"0.006306125141108773,0.006360026523500902,0.006400453299508238,0.006351615186633207,0.0053220512539897905,0.00561355977129397,0.005616051430071775,0.005617920208326183",0.005948,1.664145,1.75666,11,11
2001024600945_Node0_Node8_Zero,"[0, 1, 2, 3, 4, 5, 6, 7, 8]",2001.024601,2001.024931,0.016218,8,0,2343.0,"0.006306125141108773,0.006360026523500902,0.006400453299508238,0.006360689960540389,0.005741823518907809,0.0053220512539897905,0.0053220512539897905,0.0053220512539897905",0.005892,1.664145,1.664145,11,11
2001032798793_Node0_Node8_Zero,"[0, 1, 2, 3, 4, 5, 6, 7, 8]",2001.032799,2001.033029,0.016338,8,0,2343.0,"0.0053220512539897905,0.0053220512539897905,0.006360487243667213,0.006360832790110344,0.005676317853352623,0.005676317853352623,0.005745442175754294,0.005745465177329718",0.005776,1.664145,1.796542,11,11
2001040997542_Node0_Node8_Zero,"[0, 1, 2, 3, 4, 5, 6, 7, 8]",2001.040998,2001.041288,0.016378,8,0,2343.0,"0.0053220512539897905,0.006739117651441124,0.006739117651441124,0.006739117651441124,0.0053220512539897905,0.0053220512539897905,0.0057706460117520906,0.0057706460117520906",0.005966,1.664145,1.804415,11,11
2001049192264_Node0_Node8_Zero,"[0, 1, 2, 3, 4, 5, 6, 7, 8]",2001.049192,2001.049422,0.016198,8,0,2343.0,"0.006371630806663957,0.0053220512539897905,0.0053220512539897905,0.0053220512539897905,0.0053220512539897905,0.0053220512539897905,0.0053220512539897905,0.005676317853352623",0.005498,1.664145,1.77492,11,11
2001057386350_Node0_Node8_Zero,"[0, 1, 2, 3, 4, 5, 6, 7, 8]",2001.057386,2001.057716,0.016799,8,0,2343.0,"0.0053220512539897905,0.006306125141108773,0.0063890725547928115,0.0053220512539897905,0.0053220512539897905,0.005568069725769537,0.00583219515707227,0.005617394119175782",0.00571,1.664145,1.756495,11,11
2001065582478_Node0_Node8_Zero,"[0, 1, 2, 3, 4, 5, 6, 7, 8]",2001.065582,2001.065792,0.016079,8,0,2343.0,"0.006306125141108773,0.006306125141108773,0.006306125141108773,0.006371630806663957,0.005741823518907809,0.005741823518907809,0.005741823518907809,0.005746183955940023",0.006033,1.795403,1.796766,11,11
2001073780356_Node0_Node8_Zero,"[0, 1, 2, 3, 4, 5, 6, 7, 8]",2001.07378,2001.07391,0.016079,8,0,2343.0,"0.007536217500007501,0.007536217500007501,0.007638570102437477,0.007748455856406299,0.007659090838103736,0.0056704223281995115,0.0053220512539897905,0.0053220512539897905",0.006804,1.664145,1.664145,11,11
2001081977772_Node0_Node8_Zero,"[0, 1, 2, 3, 4, 5, 6, 7, 8]",2001.081978,2001.082028,0.015778,8,0,2343.0,"0.0055817223188913394,0.006383743131753439,0.006383743131753439,0.00638454939836288,0.0053220512539897905,0.00583219515707227,0.005746990222549463,0.005747043892331334",0.005923,1.664145,1.797035,11,11
2001090169535_Node0_Node8_Zero,"[0, 1, 2, 3, 4, 5, 6, 7, 8]",2001.09017,2001.09042,0.016318,8,0,2343.0,"0.0067382554454093625,0.006370540694585521,0.0053220512539897905,0.006739117651441124,0.007536217500007501,0.0056335355347731444,0.005616537460772874,0.005568069725769537",0.006191,1.664145,1.741072,11,11
2001098365777_Node0_Node8_Zero,"[0, 1, 2, 3, 4, 5, 6, 7, 8]",2001.098366,2001.098636,0.016298,8,0,2343.0,"0.006306125141108773,0.006400453299508238,0.006384698481090298,0.006384708404901316,0.005741823518907809,0.0053220512539897905,0.0053220512539897905,0.0053220512539897905",0.005898,1.664145,1.664145,11,11
2001106566487_Node0_Node8_Zero,"[0, 1, 2, 3, 4, 5, 6, 7, 8]",2001.106566,2001.106916,0.016219,8,0,2343.0,"0.0053220512539897905,0.00636372014204702,0.006360577113173999,0.0053220512539897905,0.0053220512539897905,0.0053220512539897905,0.0053220512539897905,0.005616076881767651",0.005619,1.664145,1.756083,11,11
2001114764971_Node0_Node8_Zero,"[0, 1, 2, 3, 4, 5, 6, 7, 8]",2001.114765,2001.115055,0.016318,8,0,2343.0,"0.006383743131753439,0.006306125141108773,0.006306125141108773,0.006306125141108773,0.0053220512539897905,0.0053220512539897905,0.0053220512539897905,0.0053220512539897905",0.005824,1.664145,1.664145,11,11
2001122963524_Node0_Node8_Zero,"[0, 1, 2, 3, 4, 5, 6, 7, 8]",2001.122964,2001.123174,0.016358,8,0,2343.0,"0.006306125141108773,0.0053220512539897905,0.006306125141108773,0.006360491949813038,0.005741823518907809,0.0053220512539897905,0.0053220512539897905,0.0053220512539897905",0.00575,1.664145,1.664145,11,11
2001131156216_Node0_Node8_Zero,"[0, 1, 2, 3, 4, 5, 6, 7, 8]",2001.131156,2001.131306,0.016418,8,0,2343.0,"0.0053220512539897905,0.006306125141108773,0.0053220512539897905,0.006306125141108773,0.005676317853352623,0.005741823518907809,0.005676317853352623,0.005741823518907809",0.005762,1.664145,1.795403,11,11
2001139357569_Node0_Node8_Zero,"[0, 1, 2, 3, 4, 5, 6, 7, 8]",2001.139358,2001.139648,0.016318,8,0,2343.0,"0.007968246472945197,0.007710857978957999,0.007536217500007501,0.0053220512539897905,0.0053220512539897905,0.0053220512539897905,0.0053220512539897905,0.0053220512539897905",0.006228,1.664145,1.664145,11,11
2001147553577_Node0_Node8_Zero,"[0, 1, 2, 3, 4, 5, 6, 7, 8]",2001.147554,2001.147604,0.015858,8,0,2343.0,"0.006371630806663957,0.006383743131753439,0.006371630806663957,0.006383743131753439,0.005746183955940023,0.005746990222549463,0.005746183955940023,0.005746990222549463",0.006062,1.796766,1.797019,11,11
2001155752542_Node0_Node8_Zero,"[0, 1, 2, 3, 4, 5, 6, 7, 8]",2001.155753,2001.156043,0.016078,8,0,2343.0,"0.007801640469448413,0.007536217500007501,0.007536217500007501,0.007536217500007501,0.007536217500007501,0.00568269183674063,0.0056704223281995115,0.0056704223281995115",0.006871,1.773077,1.773077,11,11
2001163947974_Node0_Node8_Zero,"[0, 1, 2, 3, 4, 5, 6, 7, 8]",2001.163948,2001.164278,0.016798,8,0,2343.0,"0.00638454939836288,0.006384698481090298,0.00638454939836288,0.006384698481090298,0.0053220512539897905,0.0053220512539897905,0.00561719192215129,0.0056171850306158625",0.005927,1.664145,1.75643,11,11
2001172140942_Node0_Node8_Zero,"[0, 1, 2, 3, 4, 5, 6, 7, 8]",2001.172141,2001.172291,0.015898,8,0,2343.0,"0.006715535550828678,0.006372809388062316,0.006370540694585521,0.006370540694585521,0.005769076250359141,0.005746262409153669,0.005746111391757432,0.005746111391757432",0.006105,1.796744,1.796744,11,11
2001180337265_Node0_Node8_Zero,"[0, 1, 2, 3, 4, 5, 6, 7, 8]",2001.180337,2001.180407,0.016158,8,0,2343.0,"0.007978317267443295,0.007536217500007501,0.007536217500007501,0.007659006716811905,0.007659003849683349,0.0053220512539897905,0.0053220512539897905,0.0056704223281995115",0.006835,1.664145,1.773077,11,11
2001188537509_Node0_Node8_Zero,"[0, 1, 2, 3, 4, 5, 6, 7, 8]",2001.188538,2001.188668,0.015838,8,0,2343.0,"0.0066484436975839546,0.006384563904754349,0.006384535980882698,0.006384535980882698,0.005764610227474425,0.005747044857960889,0.0053220512539897905,0.005747042999186032",0.006048,1.664145,1.797035,11,11
2001196735492_Node0_Node8_Zero,"[0, 1, 2, 3, 4, 5, 6, 7, 8]",2001.196735,2001.196805,0.016119,8,0,2343.0,"0.0053220512539897905,0.008508474494347615,0.0053220512539897905,0.0053220512539897905,0.0053220512539897905,0.005568069725769537,0.0057153661230841275,0.005568069725769537",0.005831,1.664145,1.741072,11,11
2001204937177_Node0_Node8_Zero,"[0, 1, 2, 3, 4, 5, 6, 7, 8]",2001.204937,2001.205187,0.016038,8,0,2343.0,"0.0063879565081009495,0.006384708583451048,0.006306125141108773,0.0063847082397542835,0.0053220512539897905,0.005617342528522392,0.005617192389145544,0.0053220512539897905",0.005918,1.664145,1.664145,11,11
2001213130865_Node0_Node8_Zero,"[0, 1, 2, 3, 4, 5, 6, 7, 8]",2001.213131,2001.213401,0.016178,8,0,2343.0,"0.006306125141108773,0.006351615186633207,0.006378851026978661,0.006351615186633207,0.0053220512539897905,0.0053220512539897905,0.005615662605510894,0.005616921616275662",0.005908,1.664145,1.756348,11,11
2001221329827_Node0_Node8_Zero,"[0, 1, 2, 3, 4, 5, 6, 7, 8]",2001.22133,2001.22156,0.015518,8,0,2343.0,"0.006306125141108773,0.0063607259742262225,0.006360698212704747,0.006306125141108773,0.005741823518907809,0.005745458067044938,0.005745456219077053,0.005741823518907809",0.006039,1.795403,1.795403,11,11
2001229522744_Node0_Node8_Zero,"[0, 1, 2, 3, 4, 5, 6, 7, 8]",2001.229523,2001.229833,0.016818,8,0,2343.0,"0.0053220512539897905,0.007536217500007501,0.0053220512539897905,0.007658370465651772,0.007658894259769056,0.005568069725769537,0.0056704223281995115,0.005568069725769537",0.006288,1.664145,1.741072,11,11
2001237720665_Node0_Node8_Zero,"[0, 1, 2, 3, 4, 5, 6, 7, 8]",2001.237721,2001.237991,0.016478,8,0,2343.0,"0.006383743131753439,0.006384415177876735,0.006384414836178232,0.006383743131753439,0.005746990222549463,0.005747034957837296,0.005747034935091863,0.005746990222549463",0.006066,1.797019,1.797019,11,11
2001245919770_Node0_Node8_Zero,"[0, 1, 2, 3, 4, 5, 6, 7, 8]",2001.24592,2001.24599,0.016158,8,0,2343.0,"0.0053220512539897905,0.0053220512539897905,0.006739117651441124,0.0053220512539897905,0.00799283670180031,0.005676317853352623,0.0057706460117520906,0.005676317853352623",0.005978,1.664145,1.77492,11,11
2001254111687_Node0_Node8_Zero,"[0, 1, 2, 3, 4, 5, 6, 7, 8]",2001.254112,2001.254242,0.015898,8,0,2343.0,"0.008235310790648601,0.007713007514965935,0.0053220512539897905,0.0053220512539897905,0.005870241305017947,0.00583547376962951,0.0053220512539897905,0.0053220512539897905",0.006118,1.664145,1.664145,11,11
2001262305817_Node0_Node8_Zero,"[0, 1, 2, 3, 4, 5, 6, 7, 8]",2001.262306,2001.262636,0.015958,8,0,2343.0,"0.005582328755562484,0.0053220512539897905,0.0063890725547928115,0.006371630806663957,0.0053220512539897905,0.005580101378626611,0.005568069725769537,0.005617394119175782",0.005719,1.664145,1.756495,11,11
2001270507439_Node0_Node8_Zero,"[0, 1, 2, 3, 4, 5, 6, 7, 8]",2001.270507,2001.270837,0.016199,8,0,2343.0,"0.006407488222494134,0.006401059531363135,0.006306125141108773,0.006306125141108773,0.0053220512539897905,0.00561824540643486,0.005617948232151465,0.00561355977129397",0.005949,1.664145,1.755296,11,11
2001278703350_Node0_Node8_Zero,"[0, 1, 2, 3, 4, 5, 6, 7, 8]",2001.278703,2001.278953,0.016059,8,0,2343.0,"0.006306125141108773,0.006353839899404744,0.006351615186633207,0.006360735513595988,0.0053220512539897905,0.005744999689965586,0.0053220512539897905,0.0053220512539897905",0.005885,1.664145,1.664145,11,11
2001286903632_Node0_Node8_Zero,"[0, 1, 2, 3, 4, 5, 6, 7, 8]",2001.286904,2001.286994,0.015958,8,0,2343.0,"0.006306125141108773,0.0053220512539897905,0.006360837971855757,0.006360026523500902,0.0053220512539897905,0.0053220512539897905,0.0053220512539897905,0.00583219515707227",0.005768,1.664145,1.823661,11,11
2001295101330_Node0_Node8_Zero,"[0, 1, 2, 3, 4, 5, 6, 7, 8]",2001.295101,2001.295271,0.016438,8,0,2343.0,"0.0053220512539897905,0.006384330421662877,0.006306125141108773,0.006306125141108773,0.0053220512539897905,0.0053220512539897905,0.005617174908144184,0.00561355977129397",0.005774,1.664145,1.755296,11,11
2001303301073_Node0_Node8_Zero,"[0, 1, 2, 3, 4, 5, 6, 7, 8]",2001.303301,2001.303391,0.015818,8,0,2343.0,"0.006306125141108773,0.006306125141108773,0.006306125141108773,0.006400453299508238,0.0053220512539897905,0.005741823518907809,0.005741823518907809,0.0057481025482341965",0.005984,1.664145,1.797366,11,11
2001311495798_Node0_Node8_Zero,"[0, 1, 2, 3, 4, 5, 6, 7, 8]",2001.311496,2001.311586,0.016258,8,0,2343.0,"0.0053220512539897905,0.0053220512539897905,0.0053220512539897905,0.007658999638368192,0.007657495610389791,0.005676317853352623,0.0053220512539897905,0.005568069725769537",0.005981,1.664145,1.741072,11,11
2001319696150_Node0_Node8_Zero,"[0, 1, 2, 3, 4, 5, 6, 7, 8]",2001.319696,2001.319986,0.015738,8,0,2343.0,"0.006566402642681467,0.0053220512539897905,0.006383743131753439,0.0063849041556710345,0.0053220512539897905,0.00583219515707227,0.005568069725769537,0.005747067507035358",0.005891,1.664145,1.797043,11,11
2001327893297_Node0_Node8_Zero,"[0, 1, 2, 3, 4, 5, 6, 7, 8]",2001.327893,2001.328223,0.016618,8,0,2343.0,"0.006737960479828915,0.006371630806663957,0.006306125141108773,0.0053220512539897905,0.006739117651441124,0.005633521899620481,0.0056165878525663415,0.00561355977129397",0.006043,1.664145,1.755296,11,11
2001336090114_Node0_Node8_Zero,"[0, 1, 2, 3, 4, 5, 6, 7, 8]",2001.33609,2001.33626,0.016358,8,0,2343.0,"0.006306125141108773,0.006400453299508238,0.006351615186633207,0.006384712771378163,0.0053220512539897905,0.0057481025482341965,0.005744851600180179,0.005747054767386794",0.006001,1.664145,1.797039,11,11
2001344285851_Node0_Node8_Zero,"[0, 1, 2, 3, 4, 5, 6, 7, 8]",2001.344286,2001.344616,0.016798,8,0,2343.0,"0.0053220512539897905,0.0053220512539897905,0.0053220512539897905,0.0053220512539897905,0.0053220512539897905,0.0053220512539897905,0.005676317853352623,0.0053220512539897905",0.005366,1.664145,1.664145,11,11
2001352479543_Node0_Node8_Zero,"[0, 1, 2, 3, 4, 5, 6, 7, 8]",2001.35248,2001.35267,0.016098,8,0,2343.0,"0.0053220512539897905,0.0063849041556710345,0.0053220512539897905,0.006384710415753445,0.005676317853352623,0.005747067507035358,0.005676317853352623,0.005747054610582751",0.005783,1.664145,1.797039,11,11
2001360680316_Node0_Node8_Zero,"[0, 1, 2, 3, 4, 5, 6, 7, 8]",2001.36068,2001.36075,0.015578,8,0,2343.0,"0.0053220512539897905,0.007536217500007501,0.007536217500007501,0.007683605247506666,0.007536217500007501,0.0058237056008517895,0.0058237056008517895,0.005833516584174269",0.006637,1.664145,1.824074,11,11
2001368874180_Node0_Node8_Zero,"[0, 1, 2, 3, 4, 5, 6, 7, 8]",2001.368874,2001.369104,0.015798,8,0,2343.0,"0.005568069725769537,0.0053220512539897905,0.006739117651441124,0.007683605247506666,0.007713034302721849,0.005579442237150644,0.005568069725769537,0.00563357539132472",0.006226,1.664145,1.761555,11,11
2001377072041_Node0_Node8_Zero,"[0, 1, 2, 3, 4, 5, 6, 7, 8]",2001.377072,2001.377342,0.016458,8,0,2343.0,"0.006715535550828678,0.00639888353811529,0.00639888353811529,0.006400697637986534,0.0053220512539897905,0.0056324852792462845,0.005617847644143593,0.005617847644143593",0.006013,1.664145,1.756637,11,11
2001385269272_Node0_Node8_Zero,"[0, 1, 2, 3, 4, 5, 6, 7, 8]",2001.385269,2001.385339,0.015598,8,0,2343.0,"0.006748229861734575,0.006353718020850129,0.006351615186633207,0.006363727511722688,0.005771252573320043,0.005744991577022096,0.005744851600180179,0.0057456578667896205",0.006103,1.79635,1.796602,11,11
2001393468351_Node0_Node8_Zero,"[0, 1, 2, 3, 4, 5, 6, 7, 8]",2001.393468,2001.393578,0.015799,8,0,2343.0,"0.006739117651441124,0.006739117651441124,0.007665369307747618,0.0076592795209306265,0.0076592795209306265,0.00563357539132472,0.00563357539132472,0.0056763925319520585",0.006676,1.761555,1.774943,11,11
2001401663134_Node0_Node8_Zero,"[0, 1, 2, 3, 4, 5, 6, 7, 8]",2001.401663,2001.401953,0.016218,8,0,2343.0,"0.006649462212632227,0.006384328921539061,0.006384303039121106,0.006384452121848526,0.0053220512539897905,0.005629430956596481,0.005617174838799085,0.005617173642351962",0.005999,1.664145,1.756426,11,11
2001409862540_Node0_Node8_Zero,"[0, 1, 2, 3, 4, 5, 6, 7, 8]",2001.409863,2001.410033,0.016518,8,0,2343.0,"0.006738290333807468,0.006363727511722688,0.006363727511722688,0.0063716446151103855,0.0053220512539897905,0.0053220512539897905,0.005616222512878561,0.0053220512539897905",0.005927,1.664145,1.664145,11,11
2001418064024_Node0_Node8_Zero,"[0, 1, 2, 3, 4, 5, 6, 7, 8]",2001.418064,2001.418194,0.016298,8,0,2343.0,"0.006306125141108773,0.006362961185019262,0.006360694967557936,0.00636069474632888,0.005741823518907809,0.005745606855639546,0.005745456003061259,0.0057454559883349686",0.006046,1.795403,1.796539,11,11
2001426264018_Node0_Node8_Zero,"[0, 1, 2, 3, 4, 5, 6, 7, 8]",2001.426264,2001.426434,0.015858,8,0,2343.0,"0.0053220512539897905,0.0053220512539897905,0.0053220512539897905,0.0053220512539897905,0.005676317853352623,0.005676317853352623,0.005676317853352623,0.005676317853352623",0.005499,1.664145,1.77492,11,11
2001434461062_Node0_Node8_Zero,"[0, 1, 2, 3, 4, 5, 6, 7, 8]",2001.434461,2001.434551,0.016078,8,0,2343.0,"0.005582328755562484,0.007710857978957999,0.007712431984184359,0.007712369224043385,0.0077123692179167135,0.005580101378626611,0.00583219515707227,0.005678568062998692",0.00669,1.744834,1.775624,11,11
2001442654066_Node0_Node8_Zero,"[0, 1, 2, 3, 4, 5, 6, 7, 8]",2001.442654,2001.442764,0.015958,8,0,2343.0,"0.006371630806663957,0.006371630806663957,0.006371630806663957,0.006371630806663957,0.005746183955940023,0.0053220512539897905,0.0053220512539897905,0.0056165878525663415",0.005937,1.664145,1.756243,11,11
2001450853907_Node0_Node8_Zero,"[0, 1, 2, 3, 4, 5, 6, 7, 8]",2001.450854,2001.450904,0.015738,8,0,2343.0,"0.0053220512539897905,0.006353839899404744,0.006400453299508238,0.006372046881678564,0.005676317853352623,0.0053220512539897905,0.00583219515707227,0.0053220512539897905",0.005825,1.664145,1.664145,11,11
2001459049925_Node0_Node8_Zero,"[0, 1, 2, 3, 4, 5, 6, 7, 8]",2001.45905,2001.45916,0.015978,8,0,2343.0,"0.0053220512539897905,0.006306125141108773,0.006306125141108773,0.00636058643086857,0.0053220512539897905,0.005568069725769537,0.00561355977129397,0.00561355977129397",0.005802,1.664145,1.755296,11,11
2001467242171_Node0_Node8_Zero,"[0, 1, 2, 3, 4, 5, 6, 7, 8]",2001.467242,2001.467532,0.016418,8,0,2343.0,"0.006371630806663957,0.006306125141108773,0.006400453299508238,0.006306125141108773,0.0053220512539897905,0.0056165878525663415,0.00561355977129397,0.005617920208326183",0.005944,1.664145,1.75666,11,11
2001475438388_Node0_Node8_Zero,"[0, 1, 2, 3, 4, 5, 6, 7, 8]",2001.475438,2001.475508,0.016199,8,0,2343.0,"0.006306125141108773,0.006351615186633207,0.006360026523500902,0.006360026523500902,0.005741823518907809,0.005744851600180179,0.005745411507547847,0.005745411507547847",0.006044,1.795403,1.796525,11,11
2001483632618_Node0_Node8_Zero,"[0, 1, 2, 3, 4, 5, 6, 7, 8]",2001.483633,2001.483703,0.016638,8,0,2343.0,"0.0053220512539897905,0.0053220512539897905,0.0053220512539897905,0.0053220512539897905,0.005676317853352623,0.005676317853352623,0.0053220512539897905,0.0053220512539897905",0.005411,1.664145,1.664145,11,11
2001491833833_Node0_Node8_Zero,"[0, 1, 2, 3, 4, 5, 6, 7, 8]",2001.491834,2001.492084,0.015938,8,0,2343.0,"0.005582328755562484,0.0053220512539897905,0.0063844065687929255,0.0063844065687929255,0.005693643433466812,0.005676317853352623,0.005747034384766746,0.005747034384766746",0.005817,1.664145,1.797032,11,11
2001500030274_Node0_Node8_Zero,"[0, 1, 2, 3, 4, 5, 6, 7, 8]",2001.50003,2001.50024,0.016258,8,0,2343.0,"0.0053220512539897905,0.0053220512539897905,0.007683605247506666,0.007536217500007501,0.007536217500007501,0.005568069725769537,0.005568069725769537,0.005677235511062345",0.006277,1.664145,1.775207,11,11
2001508231888_Node0_Node8_Zero,"[0, 1, 2, 3, 4, 5, 6, 7, 8]",2001.508232,2001.508402,0.016078,8,0,2343.0,"0.006620852864834717,0.006371630806663957,0.006384706646905086,0.006384706646905086,0.0053220512539897905,0.005746183955940023,0.005747054359706345,0.005747054359706345",0.006041,1.664145,1.797039,11,11
2001516426040_Node0_Node8_Zero,"[0, 1, 2, 3, 4, 5, 6, 7, 8]",2001.516426,2001.516536,0.016278,8,0,2343.0,"0.006715535550828678,0.0053220512539897905,0.0053220512539897905,0.0053220512539897905,0.0053220512539897905,0.0053220512539897905,0.0053220512539897905,0.0053220512539897905",0.005496,1.664145,1.664145,11,11
2001524621340_Node0_Node8_Zero,"[0, 1, 2, 3, 4, 5, 6, 7, 8]",2001.524621,2001.524751,0.016299,8,0,2343.0,"0.006306125141108773,0.0053220512539897905,0.006384710340371293,0.006384710340371293,0.0053220512539897905,0.0053220512539897905,0.0053220512539897905,0.0053220512539897905",0.005711,1.664145,1.664145,11,11
2001532818497_Node0_Node8_Zero,"[0, 1, 2, 3, 4, 5, 6, 7, 8]",2001.532818,2001.532908,0.015719,8,0,2343.0,"0.006306125141108773,0.006306125141108773,0.006306125141108773,0.006306125141108773,0.005741823518907809,0.005741823518907809,0.005741823518907809,0.005741823518907809",0.006024,1.795403,1.795403,11,11
2001541018669_Node0_Node8_Zero,"[0, 1, 2, 3, 4, 5, 6, 7, 8]",2001.541019,2001.541229,0.016358,8,0,2343.0,"0.0053220512539897905,0.006739117651441124,0.007536217500007501,0.007536217500007501,0.007536217500007501,0.005568069725769537,0.00563357539132472,0.0056704223281995115",0.006443,1.664145,1.773077,11,11
2001549215522_Node0_Node8_Zero,"[0, 1, 2, 3, 4, 5, 6, 7, 8]",2001.549216,2001.549486,0.016258,8,0,2343.0,"0.006383743131753439,0.006383743131753439,0.006383743131753439,0.006383743131753439,0.005746990222549463,0.0053220512539897905,0.0053220512539897905,0.0053220512539897905",0.005906,1.664145,1.664145,11,11
2001557415066_Node0_Node8_Zero,"[0, 1, 2, 3, 4, 5, 6, 7, 8]",2001.557415,2001.557665,0.015998,8,0,2343.0,"0.0053220512539897905,0.0053220512539897905,0.006363727511722688,0.006370540694585521,0.0053220512539897905,0.005676317853352623,0.0057456578667896205,0.005746111391757432",0.005734,1.664145,1.796744,11,11
2001565613073_Node0_Node8_Zero,"[0, 1, 2, 3, 4, 5, 6, 7, 8]",2001.565613,2001.565963,0.016938,8,0,2343.0,"0.0053220512539897905,0.0053220512539897905,0.0053220512539897905,0.0053220512539897905,0.0053220512539897905,0.005568069725769537,0.005568069725769537,0.005568069725769537",0.005414,1.664145,1.741072,11,11
2001573805697_Node0_Node8_Zero,"[0, 1, 2, 3, 4, 5, 6, 7, 8]",2001.573806,2001.574016,0.016358,8,0,2343.0,"0.006306125141108773,0.006371630806663957,0.006384452121848526,0.006384535980882698,0.005741823518907809,0.005746183955940023,0.005747037417042335,0.005747042999186032",0.006054,1.795403,1.797035,11,11
2001582004599_Node0_Node8_Zero,"[0, 1, 2, 3, 4, 5, 6, 7, 8]",2001.582005,2001.582215,0.015798,8,0,2343.0,"0.007536217500007501,0.007536217500007501,0.007638570102437477,0.007638570102437477,0.007638570102437477,0.0058237056008517895,0.005830518783714623,0.005830518783714623",0.006934,1.821007,1.823137,11,11
2001590204487_Node0_Node8_Zero,"[0, 1, 2, 3, 4, 5, 6, 7, 8]",2001.590204,2001.590554,0.016519,8,0,2343.0,"0.005579442237150644,0.0053220512539897905,0.0053220512539897905,0.007713027149585769,0.007713029471959901,0.0055799679457048754,0.005568069725769537,0.005568069725769537",0.006046,1.664145,1.741072,11,11
2001598400531_Node0_Node8_Zero,"[0, 1, 2, 3, 4, 5, 6, 7, 8]",2001.598401,2001.598651,0.016338,8,0,2343.0,"0.006734461058780992,0.00639888353811529,0.006400143329692542,0.006400143329692542,0.005770336041936394,0.005747998055811266,0.0057480819148454385,0.0057480819148454385",0.006119,1.797334,1.79736,11,11
2001606596474_Node0_Node8_Zero,"[0, 1, 2, 3, 4, 5, 6, 7, 8]",2001.606596,2001.606806,0.016119,8,0,2343.0,"0.0053220512539897905,0.0053220512539897905,0.0053220512539897905,0.007638570102437477,0.007638570102437477,0.005676317853352623,0.005676317853352623,0.005830518783714623",0.006053,1.664145,1.823137,11,11
2001614791066_Node0_Node8_Zero,"[0, 1, 2, 3, 4, 5, 6, 7, 8]",2001.614791,2001.614941,0.016478,8,0,2343.0,"0.006389015239824039,0.0053220512539897905,0.006739117651441124,0.007713461698534907,0.007713461698534907,0.005617391469719707,0.005568069725769537,0.00583219515707227",0.006362,1.664145,1.823661,11,11
2001622984949_Node0_Node8_Zero,"[0, 1, 2, 3, 4, 5, 6, 7, 8]",2001.622985,2001.623275,0.016058,8,0,2343.0,"0.006734461058780992,0.006371630806663957,0.006371630806663957,0.006400143329692542,0.0053220512539897905,0.005746183955940023,0.005746183955940023,0.0057480819148454385",0.006055,1.664145,1.79736,11,11
2001631177589_Node0_Node8_Zero,"[0, 1, 2, 3, 4, 5, 6, 7, 8]",2001.631178,2001.631528,0.016418,8,0,2343.0,"0.0053220512539897905,0.0053220512539897905,0.0053220512539897905,0.0053220512539897905,0.006739117651441124,0.005568069725769537,0.005568069725769537,0.005568069725769537",0.005591,1.664145,1.741072,11,11
2001639369339_Node0_Node8_Zero,"[0, 1, 2, 3, 4, 5, 6, 7, 8]",2001.639369,2001.639479,0.016079,8,0,2343.0,"0.006306125141108773,0.00638454939836288,0.00638454939836288,0.006384900340454286,0.005741823518907809,0.005747043892331334,0.005747043892331334,0.005747067253072402",0.006055,1.795403,1.797043,11,11
2001647561770_Node0_Node8_Zero,"[0, 1, 2, 3, 4, 5, 6, 7, 8]",2001.647562,2001.647832,0.015918,8,0,2343.0,"0.006739117651441124,0.008125768490004162,0.0053220512539897905,0.007638570102437477,0.006739117651441124,0.0053220512539897905,0.0053220512539897905,0.005568069725769537",0.006347,1.664145,1.741072,11,11
2001655761170_Node0_Node8_Zero,"[0, 1, 2, 3, 4, 5, 6, 7, 8]",2001.655761,2001.656071,0.016818,8,0,2343.0,"0.006383743131753439,0.006384708404901316,0.006384708404901316,0.006384712724419143,0.0053220512539897905,0.005617147759934008,0.00561719238089186,0.00561719238089186",0.005964,1.664145,1.756432,11,11
2001663962063_Node0_Node8_Zero,"[0, 1, 2, 3, 4, 5, 6, 7, 8]",2001.663962,2001.664272,0.016238,8,0,2343.0,"0.006568147803329512,0.006306125141108773,0.006306125141108773,0.006351615186633207,0.005759265267036663,0.005741823518907809,0.005741823518907809,0.005744851600180179",0.006065,1.795403,1.79635,11,11
2001672159032_Node0_Node8_Zero,"[0, 1, 2, 3, 4, 5, 6, 7, 8]",2001.672159,2001.672349,0.016538,8,0,2343.0,"0.0053220512539897905,0.007536217500007501,0.007658988343728637,0.007659006907664611,0.007659006907664611,0.0053220512539897905,0.0056704223281995115,0.00583219515707227",0.006582,1.664145,1.823661,11,11
2001680353891_Node0_Node8_Zero,"[0, 1, 2, 3, 4, 5, 6, 7, 8]",2001.680354,2001.680424,0.016238,8,0,2343.0,"0.005581712993286993,0.006383743131753439,0.006383743131753439,0.006384303039121106,0.005693602444758333,0.005746990222549463,0.005746990222549463,0.005747027493231318",0.005959,1.745338,1.79703,11,11
2001688552599_Node0_Node8_Zero,"[0, 1, 2, 3, 4, 5, 6, 7, 8]",2001.688553,2001.688703,0.016578,8,0,2343.0,"0.008508475766578672,0.006739117651441124,0.006739117651441124,0.007681152495330185,0.009731895750040557,0.0053220512539897905,0.0053220512539897905,0.00583219515707227",0.006985,1.664145,1.823661,11,11
2001696748088_Node0_Node8_Zero,"[0, 1, 2, 3, 4, 5, 6, 7, 8]",2001.696748,2001.696958,0.016238,8,0,2343.0,"0.005591651765369403,0.006384698481090298,0.006384698481090298,0.006384705372625727,0.005694264027073017,0.00574705381614235,0.00574705381614235,0.005747054274882919",0.00596,1.748446,1.797039,11,11
2001704941424_Node0_Node8_Zero,"[0, 1, 2, 3, 4, 5, 6, 7, 8]",2001.704941,2001.705111,0.015799,8,0,2343.0,"0.008517689133825106,0.0053220512539897905,0.0053220512539897905,0.0053220512539897905,0.007306104442785499,0.0053220512539897905,0.005676317853352623,0.0053220512539897905",0.006014,1.664145,1.664145,11,11
2001713141292_Node0_Node8_Zero,"[0, 1, 2, 3, 4, 5, 6, 7, 8]",2001.713141,2001.713471,0.016318,8,0,2343.0,"0.005591651765369403,0.0053220512539897905,0.0053220512539897905,0.0053220512539897905,0.0053220512539897905,0.005580532346408698,0.005568069725769537,0.005568069725769537",0.00545,1.664145,1.741072,11,11
2001721337487_Node0_Node8_Zero,"[0, 1, 2, 3, 4, 5, 6, 7, 8]",2001.721337,2001.721647,0.016359,8,0,2343.0,"0.006672986495983044,0.006306125141108773,0.006371630806663957,0.006306125141108773,0.0053220512539897905,0.0053220512539897905,0.0053220512539897905,0.0053220512539897905",0.005868,1.664145,1.664145,11,11
2001729538472_Node0_Node8_Zero,"[0, 1, 2, 3, 4, 5, 6, 7, 8]",2001.729538,2001.729688,0.016339,8,0,2343.0,"0.0053220512539897905,0.0053220512539897905,0.006351615186633207,0.006351615186633207,0.005676317853352623,0.005676317853352623,0.0053220512539897905,0.0053220512539897905",0.005668,1.664145,1.664145,11,11
2001737734945_Node0_Node8_Zero,"[0, 1, 2, 3, 4, 5, 6, 7, 8]",2001.737735,2001.737825,0.015758,8,0,2343.0,"0.007945627909727405,0.006739117651441124,0.0053220512539897905,0.006306125141108773,0.005850958332303122,0.0057706460117520906,0.005676317853352623,0.005741823518907809",0.006169,1.664145,1.795403,11,11
2001745930867_Node0_Node8_Zero,"[0, 1, 2, 3, 4, 5, 6, 7, 8]",2001.745931,2001.746141,0.016118,8,0,2343.0,"0.0053220512539897905,0.007683605247506666,0.007683605247506666,0.007536217500007501,0.007536217500007501,0.005568069725769537,0.005677235511062345,0.005677235511062345",0.006586,1.664145,1.775207,11,11
2001754126788_Node0_Node8_Zero,"[0, 1, 2, 3, 4, 5, 6, 7, 8]",2001.754127,2001.754277,0.016258,8,0,2343.0,"0.0064039227044242995,0.0063890725547928115,0.006371630806663957,0.006383743131753439,0.0053220512539897905,0.005747344979857618,0.0053220512539897905,0.0056165878525663415",0.005945,1.664145,1.756243,11,11
2001762320947_Node0_Node8_Zero,"[0, 1, 2, 3, 4, 5, 6, 7, 8]",2001.762321,2001.762591,0.016498,8,0,2343.0,"0.006715535550828678,0.0053220512539897905,0.006371800486162774,0.006371800486162774,0.0053220512539897905,0.0053220512539897905,0.0053220512539897905,0.0053220512539897905",0.005759,1.664145,1.664145,11,11
2001770513417_Node0_Node8_Zero,"[0, 1, 2, 3, 4, 5, 6, 7, 8]",2001.770513,2001.770703,0.016099,8,0,2343.0,"0.006306125141108773,0.006384764077490363,0.0053220512539897905,0.00636058643086857,0.005741823518907809,0.005747058182619199,0.005676317853352623,0.005745448778229701",0.005911,1.664145,1.796537,11,11
2001778709110_Node0_Node8_Zero,"[0, 1, 2, 3, 4, 5, 6, 7, 8]",2001.778709,2001.778759,0.015978,8,0,2343.0,"0.0053220512539897905,0.0053220512539897905,0.006739117651441124,0.006739117651441124,0.007536217500007501,0.0053220512539897905,0.0053220512539897905,0.0057706460117520906",0.006009,1.664145,1.804415,11,11
2001786903993_Node0_Node8_Zero,"[0, 1, 2, 3, 4, 5, 6, 7, 8]",2001.786904,2001.786994,0.016178,8,0,2343.0,"0.005568069725769537,0.0053220512539897905,0.006371630806663957,0.0053220512539897905,0.0053220512539897905,0.0053220512539897905,0.005568069725769537,0.0056165878525663415",0.005552,1.664145,1.756243,11,11
2001795102401_Node0_Node8_Zero,"[0, 1, 2, 3, 4, 5, 6, 7, 8]",2001.795102,2001.795232,0.016379,8,0,2343.0,"0.006715535550828678,0.006306125141108773,0.006306125141108773,0.0063890725547928115,0.005769076250359141,0.0053220512539897905,0.00561355977129397,0.00561355977129397",0.006004,1.664145,1.755296,11,11
2001803295990_Node0_Node8_Zero,"[0, 1, 2, 3, 4, 5, 6, 7, 8]",2001.803296,2001.803586,0.016118,8,0,2343.0,"0.0053220512539897905,0.006306125141108773,0.006351615186633207,0.00636058643086857,0.005676317853352623,0.0053220512539897905,0.0053220512539897905,0.005745448778229701",0.005801,1.664145,1.796537,11,11
2001811489734_Node0_Node8_Zero,"[0, 1, 2, 3, 4, 5, 6, 7, 8]",2001.81149,2001.81162,0.016438,8,0,2343.0,"0.0053220512539897905,0.006306125141108773,0.006360026523500902,0.0053220512539897905,0.005676317853352623,0.0053220512539897905,0.0053220512539897905,0.00583219515707227",0.005683,1.664145,1.823661,11,11
2001819690989_Node0_Node8_Zero,"[0, 1, 2, 3, 4, 5, 6, 7, 8]",2001.819691,2001.819961,0.016338,8,0,2343.0,"0.0053220512539897905,0.0053220512539897905,0.006306125141108773,0.006384413460328354,0.0053220512539897905,0.0053220512539897905,0.0053220512539897905,0.0053220512539897905",0.005578,1.664145,1.664145,11,11
2001827892657_Node0_Node8_Zero,"[0, 1, 2, 3, 4, 5, 6, 7, 8]",2001.827893,2001.828083,0.016618,8,0,2343.0,"0.0053220512539897905,0.006306125141108773,0.006306125141108773,0.006400453299508238,0.005676317853352623,0.005741823518907809,0.0053220512539897905,0.0053220512539897905",0.0058,1.664145,1.664145,11,11
2001836086984_Node0_Node8_Zero,"[0, 1, 2, 3, 4, 5, 6, 7, 8]",2001.836087,2001.836397,0.016358,8,0,2343.0,"0.0053220512539897905,0.0053220512539897905,0.006306125141108773,0.006306125141108773,0.005676317853352623,0.005676317853352623,0.0053220512539897905,0.005741823518907809",0.005709,1.664145,1.795403,11,11
2001844279576_Node0_Node8_Zero,"[0, 1, 2, 3, 4, 5, 6, 7, 8]",2001.84428,2001.84447,0.016118,8,0,2343.0,"0.0053220512539897905,0.0053220512539897905,0.0053220512539897905,0.0053220512539897905,0.005676317853352623,0.005676317853352623,0.005676317853352623,0.0053220512539897905",0.005455,1.664145,1.664145,11,11
2001852478648_Node0_Node8_Zero,"[0, 1, 2, 3, 4, 5, 6, 7, 8]",2001.852479,2001.852789,0.016438,8,0,2343.0,"0.005568069725769537,0.0053220512539897905,0.0053220512539897905,0.006383743131753439,0.0053220512539897905,0.0053220512539897905,0.005568069725769537,0.005568069725769537",0.005547,1.664145,1.741072,11,11
2001860680200_Node0_Node8_Zero,"[0, 1, 2, 3, 4, 5, 6, 7, 8]",2001.86068,2001.86091,0.015838,8,0,2343.0,"0.006371630806663957,0.006371630806663957,0.006371630806663957,0.006306125141108773,0.005746183955940023,0.005746183955940023,0.005746183955940023,0.005741823518907809",0.00605,1.795403,1.795403,11,11
2001868875485_Node0_Node8_Zero,"[0, 1, 2, 3, 4, 5, 6, 7, 8]",2001.868875,2001.869185,0.015999,8,0,2343.0,"0.0053220512539897905,0.0053220512539897905,0.007536217500007501,0.007638570102437477,0.007638570102437477,0.005568069725769537,0.005568069725769537,0.0056704223281995115",0.006283,1.664145,1.773077,11,11
2001877067501_Node0_Node8_Zero,"[0, 1, 2, 3, 4, 5, 6, 7, 8]",2001.877068,2001.877338,0.016498,8,0,2343.0,"0.00638454939836288,0.00638454939836288,0.00638454939836288,0.006383743131753439,0.0053220512539897905,0.0056171850306158625,0.0056171850306158625,0.0056171850306158625",0.005964,1.664145,1.75643,11,11
2001885264703_Node0_Node8_Zero,"[0, 1, 2, 3, 4, 5, 6, 7, 8]",2001.885265,2001.885315,0.015998,8,0,2343.0,"0.006734461058780992,0.006351615186633207,0.006351615186633207,0.006370540694585521,0.005770336041936394,0.005744851600180179,0.005744851600180179,0.005746111391757432",0.006102,1.79635,1.796744,11,11
2001893460725_Node0_Node8_Zero,"[0, 1, 2, 3, 4, 5, 6, 7, 8]",2001.893461,2001.893531,0.015918,8,0,2343.0,"0.007977919807487747,0.007536217500007501,0.007659003849683349,0.007659003849683349,0.007659003849683349,0.005690840569490671,0.0056704223281995115,0.0053220512539897905",0.006897,1.664145,1.664145,11,11
2001901653201_Node0_Node8_Zero,"[0, 1, 2, 3, 4, 5, 6, 7, 8]",2001.901653,2001.901723,0.016278,8,0,2343.0,"0.005581712653511297,0.006384303039121106,0.006384303039121106,0.006384535980882698,0.0053220512539897905,0.006090216801621647,0.0053220512539897905,0.00583219515707227",0.005913,1.664145,1.823661,11,11
2001909850190_Node0_Node8_Zero,"[0, 1, 2, 3, 4, 5, 6, 7, 8]",2001.90985,2001.91004,0.016118,8,0,2343.0,"0.00673823936081549,0.006374316129491463,0.006370540694585521,0.006306125141108773,0.0053220512539897905,0.005746362706602293,0.005746111391757432,0.005741823518907809",0.006043,1.664145,1.795403,11,11
2001918043091_Node0_Node8_Zero,"[0, 1, 2, 3, 4, 5, 6, 7, 8]",2001.918043,2001.918353,0.016058,8,0,2343.0,"0.006306125141108773,0.0053220512539897905,0.0053220512539897905,0.0053220512539897905,0.0053220512539897905,0.0053220512539897905,0.0053220512539897905,0.005568069725769537",0.005476,1.664145,1.741072,11,11
2001926242458_Node0_Node8_Zero,"[0, 1, 2, 3, 4, 5, 6, 7, 8]",2001.926242,2001.926332,0.015839,8,0,2343.0,"0.006306125141108773,0.0053220512539897905,0.006384535980882698,0.006383743131753439,0.0053220512539897905,0.0053220512539897905,0.00583219515707227,0.005746990222549463",0.005827,1.664145,1.797019,11,11
2001934435214_Node0_Node8_Zero,"[0, 1, 2, 3, 4, 5, 6, 7, 8]",2001.934435,2001.934505,0.015578,8,0,2343.0,"0.006306125141108773,0.006306125141108773,0.006306125141108773,0.0053220512539897905,0.0053220512539897905,0.0053220512539897905,0.0053220512539897905,0.00583219515707227",0.005755,1.664145,1.823661,11,11
2001942627528_Node0_Node8_Zero,"[0, 1, 2, 3, 4, 5, 6, 7, 8]",2001.942628,2001.942718,0.016238,8,0,2343.0,"0.006306125141108773,0.006306125141108773,0.006400453299508238,0.006384698481090298,0.0053220512539897905,0.00561355977129397,0.00561355977129397,0.005617920208326183",0.005946,1.664145,1.75666,11,11
2001950822600_Node0_Node8_Zero,"[0, 1, 2, 3, 4, 5, 6, 7, 8]",2001.950823,2001.950973,0.016538,8,0,2343.0,"0.006306125141108773,0.006306125141108773,0.006306125141108773,0.006400453299508238,0.0053220512539897905,0.0053220512539897905,0.0053220512539897905,0.0053220512539897905",0.005826,1.664145,1.664145,11,11
2001959019220_Node0_Node8_Zero,"[0, 1, 2, 3, 4, 5, 6, 7, 8]",2001.959019,2001.959069,0.016278,8,0,2343.0,"0.006306125141108773,0.0053220512539897905,0.006360026523500902,0.006360832790110344,0.005741823518907809,0.005676317853352623,0.005745411507547847,0.005745465177329718",0.005907,1.664145,1.796542,11,11
2001967220306_Node0_Node8_Zero,"[0, 1, 2, 3, 4, 5, 6, 7, 8]",2001.96722,2001.96753,0.016598,8,0,2343.0,"0.0053220512539897905,0.0053220512539897905,0.0053220512539897905,0.006739117651441124,0.005676317853352623,0.0053220512539897905,0.0053220512539897905,0.00583219515707227",0.005607,1.664145,1.823661,11,11
2001975415017_Node0_Node8_Zero,"[0, 1, 2, 3, 4, 5, 6, 7, 8]",2001.975415,2001.975705,0.016438,8,0,2343.0,"0.0053220512539897905,0.006371630806663957,0.0063844065687929255,0.006384416492603942,0.005676317853352623,0.005746183955940023,0.005747034384766746,0.005747035045353166",0.005922,1.664145,1.797033,11,11
2001983609729_Node0_Node8_Zero,"[0, 1, 2, 3, 4, 5, 6, 7, 8]",2001.98361,2001.9837,0.016238,8,0,2343.0,"0.0053220512539897905,0.006739117651441124,0.007536217500007501,0.007536217500007501,0.005676317853352623,0.0057706460117520906,0.0058237056008517895,0.0058237056008517895",0.006278,1.664145,1.821007,11,11
2001991805512_Node0_Node8_Zero,"[0, 1, 2, 3, 4, 5, 6, 7, 8]",2001.991806,2001.991996,0.016418,8,0,2343.0,"0.007978199950010888,0.007683605247506666,0.007712672078829242,0.007713025888049205,0.006739117651441124,0.00569085351942898,0.0053220512539897905,0.005835474992648497",0.006834,1.664145,1.824687,11,11
2002000004876_Node0_Node8_Zero,"[0, 1, 2, 3, 4, 5, 6, 7, 8]",2002.000005,2002.000235,0.016498,8,0,2343.0,"0.006371630806663957,0.0063890725547928115,0.00639888353811529,0.0053220512539897905,0.0053220512539897905,0.0053220512539897905,0.0053220512539897905,0.0053220512539897905",0.005721,1.664145,1.664145,11,11
2002008204758_Node0_Node8_Zero,"[0, 1, 2, 3, 4, 5, 6, 7, 8]",2002.008205,2002.008555,0.016178,8,0,2343.0,"0.006568147803329512,0.006374318523999806,0.006306125141108773,0.006401059757505461,0.005759265267036663,0.005746362865994657,0.005741823518907809,0.0057481429175959475",0.006081,1.795403,1.797379,11,11
2002016405652_Node0_Node8_Zero,"[0, 1, 2, 3, 4, 5, 6, 7, 8]",2002.016406,2002.016476,0.015798,8,0,2343.0,"0.0053220512539897905,0.0053220512539897905,0.0053220512539897905,0.006739117651441124,0.007890484099370335,0.0053220512539897905,0.005676317853352623,0.0053220512539897905",0.005865,1.664145,1.664145,11,11
2002024599811_Node0_Node8_Zero,"[0, 1, 2, 3, 4, 5, 6, 7, 8]",2002.0246,2002.02493,0.016358,8,0,2343.0,"0.005568069725769537,0.006384582479726533,0.0053220512539897905,0.0053220512539897905,0.0053220512539897905,0.005579442237150644,0.005617186559843248,0.005568069725769537",0.005585,1.664145,1.741072,11,11
2002032795725_Node0_Node8_Zero,"[0, 1, 2, 3, 4, 5, 6, 7, 8]",2002.032796,2002.032866,0.015658,8,0,2343.0,"0.006781041216383862,0.006306125141108773,0.006371630806663957,0.006306125141108773,0.0057734366873913555,0.005741823518907809,0.005746183955940023,0.005741823518907809",0.006096,1.795403,1.795403,11,11
2002040990528_Node0_Node8_Zero,"[0, 1, 2, 3, 4, 5, 6, 7, 8]",2002.040991,2002.041121,0.016038,8,0,2343.0,"0.007536217500007501,0.007536217500007501,0.007643301479425555,0.007659004485897377,0.007638570102437477,0.0056704223281995115,0.0056704223281995115,0.005675372419003086",0.006879,1.773077,1.774625,11,11
2002049184141_Node0_Node8_Zero,"[0, 1, 2, 3, 4, 5, 6, 7, 8]",2002.049184,2002.049374,0.016178,8,0,2343.0,"0.006389588564671888,0.006383743131753439,0.00638454939836288,0.006383743131753439,0.0053220512539897905,0.005617417972377453,0.005617147759934008,0.0053220512539897905",0.005928,1.664145,1.664145,11,11
2002057377280_Node0_Node8_Zero,"[0, 1, 2, 3, 4, 5, 6, 7, 8]",2002.057377,2002.057607,0.016378,8,0,2343.0,"0.006734461058780992,0.006370540694585521,0.006370540694585521,0.006371455991125556,0.0053220512539897905,0.0053220512539897905,0.00583219515707227,0.0053220512539897905",0.005956,1.664145,1.664145,11,11
2002065573478_Node0_Node8_Zero,"[0, 1, 2, 3, 4, 5, 6, 7, 8]",2002.065573,2002.065803,0.016239,8,0,2343.0,"0.006306125141108773,0.006360739924172244,0.006360689960540389,0.006306125141108773,0.0053220512539897905,0.0053220512539897905,0.0057454556697651305,0.005741823518907809",0.005933,1.664145,1.795403,11,11
2002073769072_Node0_Node8_Zero,"[0, 1, 2, 3, 4, 5, 6, 7, 8]",2002.073769,2002.073899,0.016498,8,0,2343.0,"0.0053220512539897905,0.006306125141108773,0.0053220512539897905,0.0053220512539897905,0.005676317853352623,0.005741823518907809,0.005676317853352623,0.0053220512539897905",0.005586,1.664145,1.664145,11,11
2002081964507_Node0_Node8_Zero,"[0, 1, 2, 3, 4, 5, 6, 7, 8]",2002.081965,2002.082095,0.016558,8,0,2343.0,"0.0053220512539897905,0.0053220512539897905,0.0053220512539897905,0.0053220512539897905,0.005676317853352623,0.005676317853352623,0.005676317853352623,0.005676317853352623",0.005499,1.664145,1.77492,11,11
2002090158321_Node0_Node8_Zero,"[0, 1, 2, 3, 4, 5, 6, 7, 8]",2002.090158,2002.090388,0.015978,8,0,2343.0,"0.0053220512539897905,0.0053220512539897905,0.0053220512539897905,0.0053220512539897905,0.005676317853352623,0.0053220512539897905,0.005676317853352623,0.005676317853352623",0.005455,1.664145,1.77492,11,11
2002098351259_Node0_Node8_Zero,"[0, 1, 2, 3, 4, 5, 6, 7, 8]",2002.098351,2002.098481,0.015798,8,0,2343.0,"0.0053220512539897905,0.006371630806663957,0.0053220512539897905,0.0053220512539897905,0.007683605247506666,0.0053220512539897905,0.0053220512539897905,0.005568069725769537",0.005779,1.664145,1.741072,11,11
2002106547625_Node0_Node8_Zero,"[0, 1, 2, 3, 4, 5, 6, 7, 8]",2002.106548,2002.106738,0.016098,8,0,2343.0,"0.0070015125396096665,0.006306125141108773,0.006371630806663957,0.006371630806663957,0.0053220512539897905,0.005645704923023921,0.00561355977129397,0.0056165878525663415",0.006031,1.664145,1.756243,11,11
2002114742106_Node0_Node8_Zero,"[0, 1, 2, 3, 4, 5, 6, 7, 8]",2002.114742,2002.114832,0.016338,8,0,2343.0,"0.006742788282280011,0.006306125141108773,0.006306125141108773,0.006351615186633207,0.0053220512539897905,0.0053220512539897905,0.00561355977129397,0.0053220512539897905",0.005911,1.664145,1.664145,11,11
2002122943151_Node0_Node8_Zero,"[0, 1, 2, 3, 4, 5, 6, 7, 8]",2002.122943,2002.123093,0.015958,8,0,2343.0,"0.006306125141108773,0.006365970322781528,0.006360026523500902,0.00636058643086857,0.005741823518907809,0.005745807161302002,0.0053220512539897905,0.0053220512539897905",0.005941,1.664145,1.664145,11,11
2002131137050_Node0_Node8_Zero,"[0, 1, 2, 3, 4, 5, 6, 7, 8]",2002.131137,2002.131347,0.015918,8,0,2343.0,"0.0053220512539897905,0.0053220512539897905,0.006360026523500902,0.006306125141108773,0.0053220512539897905,0.0053220512539897905,0.006078213628852016,0.0053220512539897905",0.005669,1.664145,1.664145,11,11
2002139333497_Node0_Node8_Zero,"[0, 1, 2, 3, 4, 5, 6, 7, 8]",2002.139333,2002.139523,0.015939,8,0,2343.0,"0.006383743131753439,0.0063844797271503375,0.006306125141108773,0.006306125141108773,0.0053220512539897905,0.005617147759934008,0.006127325713059454,0.0053220512539897905",0.005971,1.664145,1.664145,11,11
2002147526943_Node0_Node8_Zero,"[0, 1, 2, 3, 4, 5, 6, 7, 8]",2002.147527,2002.147597,0.016458,8,0,2343.0,"0.006306125141108773,0.006306125141108773,0.0064459433450326726,0.006306125141108773,0.005741823518907809,0.0053220512539897905,0.0053220512539897905,0.005620023042543106",0.005921,1.664145,1.757317,11,11
2002155725087_Node0_Node8_Zero,"[0, 1, 2, 3, 4, 5, 6, 7, 8]",2002.155725,2002.156055,0.015918,8,0,2343.0,"0.0053220512539897905,0.006360689960540389,0.006455024414963049,0.006306125141108773,0.0053220512539897905,0.0053220512539897905,0.0053220512539897905,0.005741823518907809",0.005769,1.664145,1.795403,11,11
2002163922773_Node0_Node8_Zero,"[0, 1, 2, 3, 4, 5, 6, 7, 8]",2002.163923,2002.164153,0.016058,8,0,2343.0,"0.006383743131753439,0.006306125141108773,0.0053220512539897905,0.0053220512539897905,0.007660184565523015,0.005617147759934008,0.00561355977129397,0.005568069725769537",0.005974,1.664145,1.741072,11,11
2002172114769_Node0_Node8_Zero,"[0, 1, 2, 3, 4, 5, 6, 7, 8]",2002.172115,2002.172445,0.016458,8,0,2343.0,"0.006306125141108773,0.006306125141108773,0.006306125141108773,0.006383743131753439,0.0053220512539897905,0.006123703674376451,0.00561355977129397,0.00561355977129397",0.005997,1.664145,1.755296,11,11
2002180308019_Node0_Node8_Zero,"[0, 1, 2, 3, 4, 5, 6, 7, 8]",2002.180308,2002.180638,0.016198,8,0,2343.0,"0.006738457681077824,0.006360689960540389,0.006360026523500902,0.006351615186633207,0.005770602080296881,0.0053220512539897905,0.005745411507547847,0.005744851600180179",0.006049,1.664145,1.79635,11,11
2002188506237_Node0_Node8_Zero,"[0, 1, 2, 3, 4, 5, 6, 7, 8]",2002.188506,2002.188736,0.016638,8,0,2343.0,"0.0053220512539897905,0.006454354681900368,0.0053220512539897905,0.006739117651441124,0.0053220512539897905,0.0053220512539897905,0.0053220512539897905,0.005568069725769537",0.005671,1.664145,1.741072,11,11
2002196703422_Node0_Node8_Zero,"[0, 1, 2, 3, 4, 5, 6, 7, 8]",2002.196703,2002.197053,0.016219,8,0,2343.0,"0.006389064431647085,0.006306125141108773,0.0063844065687929255,0.006384303039121106,0.005747344439133923,0.005741823518907809,0.005747034384766746,0.005747027493231318",0.006056,1.795403,1.79703,11,11
2002204899801_Node0_Node8_Zero,"[0, 1, 2, 3, 4, 5, 6, 7, 8]",2002.2049,2002.20523,0.016198,8,0,2343.0,"0.0053220512539897905,0.0053220512539897905,0.007536217500007501,0.0053220512539897905,0.006739117651441124,0.005676317853352623,0.0053220512539897905,0.0056704223281995115",0.005864,1.664145,1.773077,11,11
2002213095412_Node0_Node8_Zero,"[0, 1, 2, 3, 4, 5, 6, 7, 8]",2002.213095,2002.213205,0.016279,8,0,2343.0,"0.006384763977507849,0.0053220512539897905,0.006384706646905086,0.006384705372625727,0.005747058175963784,0.005676317853352623,0.005747054359706345,0.005747054274882919",0.005924,1.664145,1.797039,11,11
2002221287307_Node0_Node8_Zero,"[0, 1, 2, 3, 4, 5, 6, 7, 8]",2002.221287,2002.221557,0.016318,8,0,2343.0,"0.0053220512539897905,0.008125768490004162,0.007683605247506666,0.006739117651441124,0.0053220512539897905,0.005568069725769537,0.0053220512539897905,0.0053220512539897905",0.006176,1.664145,1.664145,11,11
2002229483245_Node0_Node8_Zero,"[0, 1, 2, 3, 4, 5, 6, 7, 8]",2002.229483,2002.229533,0.016198,8,0,2343.0,"0.006384711046016374,0.006371630806663957,0.006384710340371293,0.0053220512539897905,0.005747054652536707,0.005746183955940023,0.005747054605564878,0.005676317853352623",0.005922,1.664145,1.77492,11,11
2002237684730_Node0_Node8_Zero,"[0, 1, 2, 3, 4, 5, 6, 7, 8]",2002.237685,2002.237915,0.016478,8,0,2343.0,"0.0053220512539897905,0.007536217500007501,0.007638570102437477,0.006739117651441124,0.0053220512539897905,0.0053220512539897905,0.0053220512539897905,0.0053220512539897905",0.006066,1.664145,1.664145,11,11
2002245883748_Node0_Node8_Zero,"[0, 1, 2, 3, 4, 5, 6, 7, 8]",2002.245884,2002.246074,0.016278,8,0,2343.0,"0.0053220512539897905,0.0053220512539897905,0.006384710385831764,0.006371630806663957,0.005676317853352623,0.005676317853352623,0.005747054608590991,0.005746183955940023",0.005781,1.664145,1.796766,11,11
2002254083397_Node0_Node8_Zero,"[0, 1, 2, 3, 4, 5, 6, 7, 8]",2002.254083,2002.254353,0.015979,8,0,2343.0,"0.0053220512539897905,0.0053220512539897905,0.0053220512539897905,0.007536217500007501,0.007536217500007501,0.0053220512539897905,0.0053220512539897905,0.005568069725769537",0.005906,1.664145,1.741072,11,11
2002262281040_Node0_Node8_Zero,"[0, 1, 2, 3, 4, 5, 6, 7, 8]",2002.262281,2002.262631,0.016418,8,0,2343.0,"0.006371630806663957,0.006371630806663957,0.006384710386391309,0.00638454939836288,0.0053220512539897905,0.00583219515707227,0.0056165878525663415,0.005617192472488711",0.005988,1.664145,1.756432,11,11
2002270474498_Node0_Node8_Zero,"[0, 1, 2, 3, 4, 5, 6, 7, 8]",2002.270474,2002.270664,0.016199,8,0,2343.0,"0.006715535550828678,0.006306125141108773,0.006306125141108773,0.006351615186633207,0.005769076250359141,0.005741823518907809,0.005741823518907809,0.005744851600180179",0.006085,1.795403,1.79635,11,11
2002278668791_Node0_Node8_Zero,"[0, 1, 2, 3, 4, 5, 6, 7, 8]",2002.278669,2002.278899,0.016418,8,0,2343.0,"0.006739117651441124,0.007536217500007501,0.0053220512539897905,0.007658755401967045,0.0053220512539897905,0.0053220512539897905,0.0053220512539897905,0.005568069725769537",0.006099,1.664145,1.741072,11,11
2002286864092_Node0_Node8_Zero,"[0, 1, 2, 3, 4, 5, 6, 7, 8]",2002.286864,2002.287134,0.016518,8,0,2343.0,"0.006388782298062448,0.006383743131753439,0.006383743131753439,0.006384303039121106,0.005747325658686156,0.005746990222549463,0.005746990222549463,0.0053220512539897905",0.006013,1.664145,1.664145,11,11
2002295061238_Node0_Node8_Zero,"[0, 1, 2, 3, 4, 5, 6, 7, 8]",2002.295061,2002.295171,0.016238,8,0,2343.0,"0.0053220512539897905,0.0053220512539897905,0.0053220512539897905,0.006351615186633207,0.005676317853352623,0.005676317853352623,0.005676317853352623,0.005744851600180179",0.005636,1.664145,1.79635,11,11
2002303256318_Node0_Node8_Zero,"[0, 1, 2, 3, 4, 5, 6, 7, 8]",2002.303256,2002.303466,0.016078,8,0,2343.0,"0.008238430250822031,0.0053220512539897905,0.007713007514965935,0.007713007514965935,0.007536217500007501,0.0053220512539897905,0.00583547376962951,0.00583547376962951",0.006689,1.664145,1.824686,11,11
2002311452848_Node0_Node8_Zero,"[0, 1, 2, 3, 4, 5, 6, 7, 8]",2002.311453,2002.311543,0.015738,8,0,2343.0,"0.006371630806663957,0.006371630806663957,0.0053220512539897905,0.006739117651441124,0.0053220512539897905,0.005746183955940023,0.005676317853352623,0.0057706460117520906",0.005915,1.664145,1.804415,11,11
2002319646215_Node0_Node8_Zero,"[0, 1, 2, 3, 4, 5, 6, 7, 8]",2002.319646,2002.319916,0.016118,8,0,2343.0,"0.0053220512539897905,0.0053220512539897905,0.008953283897458834,0.006739117651441124,0.0053220512539897905,0.005568069725769537,0.005568069725769537,0.0057359279937546975",0.006066,1.664145,1.79356,11,11
2002327838191_Node0_Node8_Zero,"[0, 1, 2, 3, 4, 5, 6, 7, 8]",2002.327838,2002.328008,0.016318,8,0,2343.0,"0.006306125141108773,0.00638454939836288,0.006371630806663957,0.0063890725547928115,0.0053220512539897905,0.0053220512539897905,0.0053220512539897905,0.0056165878525663415",0.005879,1.664145,1.756243,11,11
2002336033687_Node0_Node8_Zero,"[0, 1, 2, 3, 4, 5, 6, 7, 8]",2002.336034,2002.336084,0.016378,8,0,2343.0,"0.006306125141108773,0.006351615186633207,0.006351615186633207,0.006382653019675003,0.005741823518907809,0.005744851600180179,0.005744851600180179,0.005746917658366872",0.006046,1.795403,1.796996,11,11
2002344234567_Node0_Node8_Zero,"[0, 1, 2, 3, 4, 5, 6, 7, 8]",2002.344235,2002.344405,0.016138,8,0,2343.0,"0.006739117651441124,0.0053220512539897905,0.0053220512539897905,0.006739117651441124,0.0057706460117520906,0.005676317853352623,0.005676317853352623,0.0057706460117520906",0.005877,1.664145,1.804415,11,11
2002352431939_Node0_Node8_Zero,"[0, 1, 2, 3, 4, 5, 6, 7, 8]",2002.352432,2002.352662,0.015718,8,0,2343.0,"0.0053220512539897905,0.009127924376409333,0.0053220512539897905,0.0053220512539897905,0.005676317853352623,0.005929658842444978,0.005676317853352623,0.005676317853352623",0.006007,1.664145,1.77492,11,11
2002360632140_Node0_Node8_Zero,"[0, 1, 2, 3, 4, 5, 6, 7, 8]",2002.360632,2002.360942,0.016838,8,0,2343.0,"0.0053220512539897905,0.0053220512539897905,0.0053220512539897905,0.007683605247506666,0.0077228491807965855,0.005568069725769537,0.005568069725769537,0.005568069725769537",0.00601,1.664145,1.741072,11,11
2002368832419_Node0_Node8_Zero,"[0, 1, 2, 3, 4, 5, 6, 7, 8]",2002.368832,2002.369122,0.01796,8,1,2343.0,"0.006371630806663957,0.0064184748222520785,0.006371630806663957,0.006371630806663957,0.005746183955940023,0.0057493021653128576,0.00561875327574192,0.0056165878525663415",0.006033,1.251462,1.756243,11,11
2002377026015_Node0_Node8_Zero,"[0, 1, 2, 3, 4, 5, 6, 7, 8]",2002.377026,2002.377256,0.016258,8,0,2343.0,"0.0053220512539897905,0.006351615186633207,0.006351615186633207,0.006351615186633207,0.006119151102556166,0.006119151102556166,0.0053220512539897905,0.005744851600180179",0.00596,1.664145,1.79635,11,11
2002385218502_Node0_Node8_Zero,"[0, 1, 2, 3, 4, 5, 6, 7, 8]",2002.385219,2002.385409,0.016398,8,0,2343.0,"0.008230271624339593,0.007712672078829242,0.007713969366963432,0.007659656296504675,0.007658755401967045,0.0053220512539897905,0.0053220512539897905,0.0053220512539897905",0.006868,1.664145,1.664145,11,11
2002393414507_Node0_Node8_Zero,"[0, 1, 2, 3, 4, 5, 6, 7, 8]",2002.393415,2002.393765,0.016238,8,0,2343.0,"0.0067131466828276335,0.006453512888607938,0.006306125141108773,0.0053220512539897905,0.0053220512539897905,0.0053220512539897905,0.0053220512539897905,0.0053220512539897905",0.00576,1.664145,1.664145,11,11
2002401607166_Node0_Node8_Zero,"[0, 1, 2, 3, 4, 5, 6, 7, 8]",2002.401607,2002.401837,0.016318,8,0,2343.0,"0.006738193421590508,0.006306125141108773,0.006306125141108773,0.006306125141108773,0.0053220512539897905,0.00583219515707227,0.005741823518907809,0.005741823518907809",0.006037,1.664145,1.795403,11,11
2002409804299_Node0_Node8_Zero,"[0, 1, 2, 3, 4, 5, 6, 7, 8]",2002.409804,2002.410134,0.016098,8,0,2343.0,"0.006306125141108773,0.006306125141108773,0.0053220512539897905,0.0053220512539897905,0.0053220512539897905,0.00583219515707227,0.005676317853352623,0.005676317853352623",0.00572,1.664145,1.77492,11,11
2002418003217_Node0_Node8_Zero,"[0, 1, 2, 3, 4, 5, 6, 7, 8]",2002.418003,2002.418173,0.016278,8,0,2343.0,"0.006306125141108773,0.006400453299508238,0.0053220512539897905,0.0053220512539897905,0.0053220512539897905,0.0053220512539897905,0.005676317853352623,0.005676317853352623",0.005668,1.664145,1.77492,11,11
2002426200363_Node0_Node8_Zero,"[0, 1, 2, 3, 4, 5, 6, 7, 8]",2002.4262,2002.42633,0.015859,8,0,2343.0,"0.006306125141108773,0.006400453299508238,0.0053220512539897905,0.006739117651441124,0.0053220512539897905,0.00583219515707227,0.005676317853352623,0.0057706460117520906",0.005921,1.664145,1.804415,11,11
2002434392758_Node0_Node8_Zero,"[0, 1, 2, 3, 4, 5, 6, 7, 8]",2002.434393,2002.434663,0.016398,8,0,2343.0,"0.006306125141108773,0.006306125141108773,0.0053220512539897905,0.0053220512539897905,0.007683605247506666,0.00561355977129397,0.00561355977129397,0.005568069725769537",0.005967,1.664145,1.741072,11,11
2002442591403_Node0_Node8_Zero,"[0, 1, 2, 3, 4, 5, 6, 7, 8]",2002.442591,2002.442921,0.015959,8,0,2343.0,"0.006306125141108773,0.006400453299508238,0.006371630806663957,0.0063890725547928115,0.0053220512539897905,0.0057481025482341965,0.0053220512539897905,0.0053220512539897905",0.005898,1.664145,1.664145,11,11
2002450786752_Node0_Node8_Zero,"[0, 1, 2, 3, 4, 5, 6, 7, 8]",2002.450787,2002.451137,0.016218,8,0,2343.0,"0.006742788282280011,0.0053220512539897905,0.006360026523500902,0.006351615186633207,0.0053220512539897905,0.00583219515707227,0.005568069725769537,0.005616051430071775",0.005889,1.664145,1.756076,11,11
2002458986139_Node0_Node8_Zero,"[0, 1, 2, 3, 4, 5, 6, 7, 8]",2002.458986,2002.459176,0.016178,8,0,2343.0,"0.006306125141108773,0.0063849041556710345,0.006306125141108773,0.006306125141108773,0.005741823518907809,0.005747067507035358,0.005741823518907809,0.005741823518907809",0.006034,1.795403,1.795403,11,11
2002467178413_Node0_Node8_Zero,"[0, 1, 2, 3, 4, 5, 6, 7, 8]",2002.467178,2002.467508,0.016039,8,0,2343.0,"0.006739117651441124,0.007536217500007501,0.007748455856406299,0.0053220512539897905,0.0053220512539897905,0.00563357539132472,0.0056704223281995115,0.0053220512539897905",0.006162,1.664145,1.664145,11,11
2002475379318_Node0_Node8_Zero,"[0, 1, 2, 3, 4, 5, 6, 7, 8]",2002.475379,2002.475589,0.016098,8,0,2343.0,"0.006383743131753439,0.006384712771378163,0.006383743131753439,0.006383743131753439,0.0053220512539897905,0.0053220512539897905,0.0056171925827377105,0.005617147759934008",0.005927,1.664145,1.756418,11,11
2002483572831_Node0_Node8_Zero,"[0, 1, 2, 3, 4, 5, 6, 7, 8]",2002.483573,2002.483843,0.015938,8,0,2343.0,"0.006306125141108773,0.006363727511722688,0.006370540694585521,0.006306125141108773,0.005741823518907809,0.0057456578667896205,0.005746111391757432,0.0053220512539897905",0.005988,1.664145,1.664145,11,11
2002491768931_Node0_Node8_Zero,"[0, 1, 2, 3, 4, 5, 6, 7, 8]",2002.491769,2002.491879,0.015538,8,0,2343.0,"0.0053220512539897905,0.006739117651441124,0.007536217500007501,0.006360689960540389,0.0053220512539897905,0.005568069725769537,0.0053220512539897905,0.00583219515707227",0.006,1.664145,1.823661,11,11
2002499964523_Node0_Node8_Zero,"[0, 1, 2, 3, 4, 5, 6, 7, 8]",2002.499965,2002.500235,0.015918,8,0,2343.0,"0.006383743131753439,0.006384452121848526,0.006384535980882698,0.006306125141108773,0.0053220512539897905,0.005617147759934008,0.005617180533887391,0.00561718441037607",0.005954,1.664145,1.75643,11,11
2002508160780_Node0_Node8_Zero,"[0, 1, 2, 3, 4, 5, 6, 7, 8]",2002.508161,2002.508251,0.016078,8,0,2343.0,"0.006306125141108773,0.006351615186633207,0.006306125141108773,0.006400453299508238,0.0053220512539897905,0.00583219515707227,0.005741823518907809,0.0053220512539897905",0.005948,1.664145,1.664145,11,11
2002516357814_Node0_Node8_Zero,"[0, 1, 2, 3, 4, 5, 6, 7, 8]",2002.516358,2002.516428,0.015578,8,0,2343.0,"0.006306125141108773,0.006360689960540389,0.0053220512539897905,0.006360696737390378,0.0053220512539897905,0.0057454556697651305,0.005676317853352623,0.00574545612087157",0.005855,1.664145,1.796539,11,11
2002524555661_Node0_Node8_Zero,"[0, 1, 2, 3, 4, 5, 6, 7, 8]",2002.524556,2002.524906,0.015978,8,0,2343.0,"0.006306125141108773,0.0053220512539897905,0.006739117651441124,0.006739117651441124,0.007536217500007501,0.00561355977129397,0.005568069725769537,0.00563357539132472",0.006182,1.664145,1.761555,11,11
2002532756308_Node0_Node8_Zero,"[0, 1, 2, 3, 4, 5, 6, 7, 8]",2002.532756,2002.532866,0.015758,8,0,2343.0,"0.006306125141108773,0.006384414734607712,0.006371630806663957,0.0063844148180195485,0.005741823518907809,0.00574703492833074,0.0053220512539897905,0.0053220512539897905",0.005947,1.664145,1.664145,11,11
2002540948709_Node0_Node8_Zero,"[0, 1, 2, 3, 4, 5, 6, 7, 8]",2002.540949,2002.541159,0.016258,8,0,2343.0,"0.0053220512539897905,0.0053220512539897905,0.0053220512539897905,0.006363727511722688,0.0053220512539897905,0.005568069725769537,0.005568069725769537,0.005568069725769537",0.005545,1.664145,1.741072,11,11
2002549150110_Node0_Node8_Zero,"[0, 1, 2, 3, 4, 5, 6, 7, 8]",2002.54915,2002.54938,0.016278,8,0,2343.0,"0.006383743131753439,0.006384706747412785,0.006306125141108773,0.006306125141108773,0.0053220512539897905,0.0053220512539897905,0.0053220512539897905,0.0053220512539897905",0.005834,1.664145,1.664145,11,11
2002557349280_Node0_Node8_Zero,"[0, 1, 2, 3, 4, 5, 6, 7, 8]",2002.557349,2002.557599,0.016098,8,0,2343.0,"0.006306125141108773,0.006351615186633207,0.006351615186633207,0.006351615186633207,0.005741823518907809,0.0053220512539897905,0.0053220512539897905,0.005615662605510894",0.00592,1.664145,1.755954,11,11
2002565547561_Node0_Node8_Zero,"[0, 1, 2, 3, 4, 5, 6, 7, 8]",2002.565548,2002.565618,0.016318,8,0,2343.0,"0.0053220512539897905,0.006306125141108773,0.006306125141108773,0.006306125141108773,0.0053220512539897905,0.0053220512539897905,0.0053220512539897905,0.0053220512539897905",0.005691,1.664145,1.664145,11,11
2002573749133_Node0_Node8_Zero,"[0, 1, 2, 3, 4, 5, 6, 7, 8]",2002.573749,2002.573899,0.016618,8,0,2343.0,"0.006383743131753439,0.006306125141108773,0.006306125141108773,0.006360415348061783,0.0053220512539897905,0.0053220512539897905,0.0053220512539897905,0.0053220512539897905",0.005831,1.664145,1.664145,11,11
2002581945864_Node0_Node8_Zero,"[0, 1, 2, 3, 4, 5, 6, 7, 8]",2002.581946,2002.582196,0.015938,8,0,2343.0,"0.0053220512539897905,0.0053220512539897905,0.0053220512539897905,0.0053220512539897905,0.005676317853352623,0.005676317853352623,0.005676317853352623,0.005676317853352623",0.005499,1.664145,1.77492,11,11
2002590141027_Node0_Node8_Zero,"[0, 1, 2, 3, 4, 5, 6, 7, 8]",2002.590141,2002.590471,0.016538,8,0,2343.0,"0.0053220512539897905,0.0053220512539897905,0.0053220512539897905,0.007536217500007501,0.007536217500007501,0.005568069725769537,0.005568069725769537,0.005568069725769537",0.005968,1.664145,1.741072,11,11
2002598336897_Node0_Node8_Zero,"[0, 1, 2, 3, 4, 5, 6, 7, 8]",2002.598337,2002.598667,0.016538,8,0,2343.0,"0.006371630806663957,0.006371630806663957,0.006371630806663957,0.006371630806663957,0.0053220512539897905,0.0053220512539897905,0.0053220512539897905,0.0053220512539897905",0.005847,1.664145,1.664145,11,11
2002606534253_Node0_Node8_Zero,"[0, 1, 2, 3, 4, 5, 6, 7, 8]",2002.606534,2002.606864,0.016178,8,0,2343.0,"0.006715535550828678,0.006351615186633207,0.006351615186633207,0.006351615186633207,0.005769076250359141,0.005744851600180179,0.005744851600180179,0.005744851600180179",0.006097,1.79635,1.79635,11,11
2002614727954_Node0_Node8_Zero,"[0, 1, 2, 3, 4, 5, 6, 7, 8]",2002.614728,2002.614898,0.016518,8,0,2343.0,"0.0053220512539897905,0.0053220512539897905,0.007536217500007501,0.0053220512539897905,0.005676317853352623,0.0053220512539897905,0.0053220512539897905,0.00583219515707227",0.005707,1.664145,1.823661,11,11
2002622922120_Node0_Node8_Zero,"[0, 1, 2, 3, 4, 5, 6, 7, 8]",2002.622922,2002.623012,0.016018,8,0,2343.0,"0.005568069725769537,0.0053220512539897905,0.006384303039121106,0.006384303039121106,0.00569269426974142,0.005676317853352623,0.005747027493231318,0.005747027493231318",0.005815,1.664145,1.79703,11,11
2002631119357_Node0_Node8_Zero,"[0, 1, 2, 3, 4, 5, 6, 7, 8]",2002.631119,2002.631229,0.015759,8,0,2343.0,"0.0053220512539897905,0.0053220512539897905,0.007536217500007501,0.007536217500007501,0.007748455856406299,0.005568069725769537,0.0053220512539897905,0.0053220512539897905",0.00621,1.664145,1.664145,11,11
2002639316900_Node0_Node8_Zero,"[0, 1, 2, 3, 4, 5, 6, 7, 8]",2002.639317,2002.639587,0.016098,8,0,2343.0,"0.006644259399315939,0.006371630806663957,0.006384705372625727,0.006384705372625727,0.0053220512539897905,0.005629190450047419,0.0056165878525663415,0.005617192240721131",0.005996,1.664145,1.756432,11,11
2002647515738_Node0_Node8_Zero,"[0, 1, 2, 3, 4, 5, 6, 7, 8]",2002.647516,2002.647586,0.015998,8,0,2343.0,"0.006754779484118597,0.006351615186633207,0.006306125141108773,0.006306125141108773,0.0053220512539897905,0.0053220512539897905,0.0053220512539897905,0.005741823518907809",0.005928,1.664145,1.795403,11,11
2002655712278_Node0_Node8_Zero,"[0, 1, 2, 3, 4, 5, 6, 7, 8]",2002.655712,2002.655802,0.015998,8,0,2343.0,"0.006306125141108773,0.006362916714155809,0.00636058643086857,0.0053220512539897905,0.006739117651441124,0.00561355977129397,0.0053220512539897905,0.0053220512539897905",0.005919,1.664145,1.664145,11,11
2002663913934_Node0_Node8_Zero,"[0, 1, 2, 3, 4, 5, 6, 7, 8]",2002.663914,2002.664264,0.016518,8,0,2343.0,"0.006306125141108773,0.006306125141108773,0.006306125141108773,0.006383743131753439,0.0053220512539897905,0.00561355977129397,0.00561355977129397,0.00561355977129397",0.005933,1.664145,1.755296,11,11
2002672110190_Node0_Node8_Zero,"[0, 1, 2, 3, 4, 5, 6, 7, 8]",2002.67211,2002.67224,0.016038,8,0,2343.0,"0.006568147803329512,0.006360026523500902,0.006306125141108773,0.006306125141108773,0.005759265267036663,0.005745411507547847,0.005741823518907809,0.005741823518907809",0.006066,1.795403,1.795403,11,11
2002680310889_Node0_Node8_Zero,"[0, 1, 2, 3, 4, 5, 6, 7, 8]",2002.680311,2002.680381,0.015778,8,0,2343.0,"0.0053220512539897905,0.007536217500007501,0.007657495610389791,0.0053220512539897905,0.007657495610389791,0.0058237056008517895,0.0053220512539897905,0.0053220512539897905",0.006245,1.664145,1.664145,11,11
2002688508291_Node0_Node8_Zero,"[0, 1, 2, 3, 4, 5, 6, 7, 8]",2002.688508,2002.688798,0.016438,8,0,2343.0,"0.0055815450713675675,0.0053220512539897905,0.0053220512539897905,0.0053220512539897905,0.0053220512539897905,0.005580065151845096,0.005568069725769537,0.005568069725769537",0.005448,1.664145,1.741072,11,11
2002696704903_Node0_Node8_Zero,"[0, 1, 2, 3, 4, 5, 6, 7, 8]",2002.696705,2002.696855,0.016518,8,0,2343.0,"0.006737960479828915,0.00639888353811529,0.006306125141108773,0.006306125141108773,0.005770568983697986,0.005747998055811266,0.005741823518907809,0.0053220512539897905",0.006041,1.664145,1.664145,11,11
2002704899038_Node0_Node8_Zero,"[0, 1, 2, 3, 4, 5, 6, 7, 8]",2002.704899,2002.705029,0.016158,8,0,2343.0,"0.006739117651441124,0.0053220512539897905,0.0053220512539897905,0.006351615186633207,0.0057706460117520906,0.005676317853352623,0.005676317853352623,0.005744851600180179",0.005825,1.664145,1.79635,11,11
2002713091156_Node0_Node8_Zero,"[0, 1, 2, 3, 4, 5, 6, 7, 8]",2002.713091,2002.713221,0.016158,8,0,2343.0,"0.007945627909727405,0.007722817134333811,0.0077134268101368,0.007710857978957999,0.007536217500007501,0.0053220512539897905,0.0053220512539897905,0.0053220512539897905",0.006824,1.664145,1.664145,11,11
2002721289039_Node0_Node8_Zero,"[0, 1, 2, 3, 4, 5, 6, 7, 8]",2002.721289,2002.721339,0.016038,8,0,2343.0,"0.006635091026572556,0.006371630806663957,0.006371630806663957,0.006384303039121106,0.0053220512539897905,0.0053220512539897905,0.0053220512539897905,0.005747027493231318",0.005934,1.664145,1.79703,11,11
2002729481777_Node0_Node8_Zero,"[0, 1, 2, 3, 4, 5, 6, 7, 8]",2002.729482,2002.729572,0.016358,8,0,2343.0,"0.006715535550828678,0.006306125141108773,0.006306125141108773,0.0053220512539897905,0.0053220512539897905,0.0056324852792462845,0.00561355977129397,0.00561355977129397",0.005854,1.664145,1.755296,11,11
2002737673583_Node0_Node8_Zero,"[0, 1, 2, 3, 4, 5, 6, 7, 8]",2002.737674,2002.737884,0.016318,8,0,2343.0,"0.006306125141108773,0.006306125141108773,0.006306125141108773,0.006384705372625727,0.0053220512539897905,0.005741823518907809,0.005741823518907809,0.0053220512539897905",0.005929,1.664145,1.664145,11,11
2002745875111_Node0_Node8_Zero,"[0, 1, 2, 3, 4, 5, 6, 7, 8]",2002.745875,2002.746085,0.015798,8,0,2343.0,"0.006306125141108773,0.0053220512539897905,0.0053220512539897905,0.006360026523500902,0.005741823518907809,0.005676317853352623,0.005676317853352623,0.005745411507547847",0.005769,1.664145,1.796525,11,11
2002754072221_Node0_Node8_Zero,"[0, 1, 2, 3, 4, 5, 6, 7, 8]",2002.754072,2002.754342,0.016198,8,0,2343.0,"0.006739117651441124,0.0053220512539897905,0.0053220512539897905,0.007710857978957999,0.007536217500007501,0.00563357539132472,0.005568069725769537,0.005568069725769537",0.006175,1.664145,1.741072,11,11
2002762267897_Node0_Node8_Zero,"[0, 1, 2, 3, 4, 5, 6, 7, 8]",2002.762268,2002.762438,0.016098,8,0,2343.0,"0.006383743131753439,0.006371630806663957,0.006371630806663957,0.0063844065687929255,0.005746990222549463,0.005746183955940023,0.0053220512539897905,0.0053220512539897905",0.005956,1.664145,1.664145,11,11
2002770467727_Node0_Node8_Zero,"[0, 1, 2, 3, 4, 5, 6, 7, 8]",2002.770468,2002.770778,0.016218,8,0,2343.0,"0.0053220512539897905,0.0053220512539897905,0.0053220512539897905,0.0053220512539897905,0.0053220512539897905,0.005568069725769537,0.005568069725769537,0.005568069725769537",0.005414,1.664145,1.741072,11,11
2002778663555_Node0_Node8_Zero,"[0, 1, 2, 3, 4, 5, 6, 7, 8]",2002.778664,2002.778794,0.015778,8,0,2343.0,"0.006384698481090298,0.00638454939836288,0.006306125141108773,0.006306125141108773,0.0053220512539897905,0.0053220512539897905,0.005741823518907809,0.005741823518907809",0.005939,1.664145,1.795403,11,11
2002786862790_Node0_Node8_Zero,"[0, 1, 2, 3, 4, 5, 6, 7, 8]",2002.786863,2002.786993,0.016238,8,0,2343.0,"0.006306125141108773,0.006351615186633207,0.0053220512539897905,0.0053220512539897905,0.0053220512539897905,0.00561355977129397,0.005615662605510894,0.005568069725769537",0.005678,1.664145,1.741072,11,11
2002795060126_Node0_Node8_Zero,"[0, 1, 2, 3, 4, 5, 6, 7, 8]",2002.79506,2002.79515,0.015858,8,0,2343.0,"0.006306125141108773,0.006306125141108773,0.006383743131753439,0.006383743131753439,0.0053220512539897905,0.005741823518907809,0.005746990222549463,0.005746990222549463",0.005992,1.664145,1.797019,11,11
2002803255285_Node0_Node8_Zero,"[0, 1, 2, 3, 4, 5, 6, 7, 8]",2002.803255,2002.803385,0.015978,8,0,2343.0,"0.006306125141108773,0.0053220512539897905,0.0053220512539897905,0.007658370465651772,0.006739117651441124,0.00561355977129397,0.005568069725769537,0.005568069725769537",0.006012,1.664145,1.741072,11,11
2002811448661_Node0_Node8_Zero,"[0, 1, 2, 3, 4, 5, 6, 7, 8]",2002.811449,2002.811799,0.015878,8,0,2343.0,"0.006306125141108773,0.006383743131753439,0.006384698481090298,0.006384698481090298,0.0053220512539897905,0.00561355977129397,0.005617147759934008,0.00561719192215129",0.005954,1.664145,1.756432,11,11
2002819641693_Node0_Node8_Zero,"[0, 1, 2, 3, 4, 5, 6, 7, 8]",2002.819642,2002.819972,0.016638,8,0,2343.0,"0.006568147803329512,0.006360026523500902,0.006351615186633207,0.006351615186633207,0.0053220512539897905,0.0056256720963834515,0.005616051430071775,0.005615662605510894",0.005976,1.664145,1.755954,11,11
2002827839596_Node0_Node8_Zero,"[0, 1, 2, 3, 4, 5, 6, 7, 8]",2002.82784,2002.82805,0.016018,8,0,2343.0,"0.006306125141108773,0.006360026523500902,0.006360689960540389,0.006360698126355174,0.005741823518907809,0.005745411507547847,0.0057454556697651305,0.005745456213329124",0.006046,1.795403,1.796539,11,11
2002836037592_Node0_Node8_Zero,"[0, 1, 2, 3, 4, 5, 6, 7, 8]",2002.836038,2002.836368,0.016518,8,0,2343.0,"0.0053220512539897905,0.0053220512539897905,0.007662534776698802,0.0076585322307639895,0.007658370465651772,0.005568069725769537,0.005568069725769537,0.0056762615022111634",0.006304,1.664145,1.774903,11,11
2002844239027_Node0_Node8_Zero,"[0, 1, 2, 3, 4, 5, 6, 7, 8]",2002.844239,2002.844469,0.016018,8,0,2343.0,"0.006383743131753439,0.0063844065687929255,0.006384414734607712,0.006384414835115412,0.005746990222549463,0.005747034384766746,0.0053220512539897905,0.005747034935021116",0.006013,1.664145,1.797033,11,11
2002852432858_Node0_Node8_Zero,"[0, 1, 2, 3, 4, 5, 6, 7, 8]",2002.852433,2002.852503,0.016078,8,0,2343.0,"0.006739117651441124,0.0053220512539897905,0.0053220512539897905,0.0053220512539897905,0.008132176561151389,0.0053220512539897905,0.0053220512539897905,0.005568069725769537",0.005881,1.664145,1.741072,11,11
2002860625469_Node0_Node8_Zero,"[0, 1, 2, 3, 4, 5, 6, 7, 8]",2002.860625,2002.860875,0.016439,8,0,2343.0,"0.00558444353725638,0.006384706646905086,0.006306125141108773,0.00638470674864987,0.0053220512539897905,0.00583219515707227,0.005617192299626287,0.00561355977129397",0.005881,1.664145,1.755296,11,11
2002868825510_Node0_Node8_Zero,"[0, 1, 2, 3, 4, 5, 6, 7, 8]",2002.868826,2002.869016,0.016158,8,0,2343.0,"0.006825731361029488,0.006306125141108773,0.006306125141108773,0.006351615186633207,0.0053220512539897905,0.005741823518907809,0.005741823518907809,0.005744851600180179",0.006043,1.664145,1.79635,11,11
2002877021031_Node0_Node8_Zero,"[0, 1, 2, 3, 4, 5, 6, 7, 8]",2002.877021,2002.877291,0.016398,8,0,2343.0,"0.0053220512539897905,0.0053220512539897905,0.0053220512539897905,0.0053220512539897905,0.006739117651441124,0.0053220512539897905,0.005568069725769537,0.006078213628852016",0.005624,1.664145,1.900588,11,11
2002885222604_Node0_Node8_Zero,"[0, 1, 2, 3, 4, 5, 6, 7, 8]",2002.885223,2002.885333,0.016218,8,0,2343.0,"0.006306125141108773,0.006383743131753439,0.006383743131753439,0.006384303039121106,0.005741823518907809,0.005746990222549463,0.005746990222549463,0.005747027493231318",0.006055,1.795403,1.79703,11,11
2002893419329_Node0_Node8_Zero,"[0, 1, 2, 3, 4, 5, 6, 7, 8]",2002.893419,2002.893629,0.015598,8,0,2343.0,"0.0053220512539897905,0.0053220512539897905,0.0053220512539897905,0.0053220512539897905,0.0053220512539897905,0.005676317853352623,0.0053220512539897905,0.005676317853352623",0.005411,1.664145,1.77492,11,11
2002901619505_Node0_Node8_Zero,"[0, 1, 2, 3, 4, 5, 6, 7, 8]",2002.90162,2002.90169,0.015898,8,0,2343.0,"0.006383743131753439,0.0053220512539897905,0.006384698481090298,0.0053220512539897905,0.0077130230209206474,0.005617147759934008,0.005568069725769537,0.00561719192215129",0.005991,1.664145,1.756432,11,11
2002909819338_Node0_Node8_Zero,"[0, 1, 2, 3, 4, 5, 6, 7, 8]",2002.909819,2002.909929,0.016238,8,0,2343.0,"0.006306125141108773,0.006371630806663957,0.006306125141108773,0.006371630806663957,0.0053220512539897905,0.00561355977129397,0.0056165878525663415,0.00561355977129397",0.00594,1.664145,1.755296,11,11
2002918013826_Node0_Node8_Zero,"[0, 1, 2, 3, 4, 5, 6, 7, 8]",2002.918014,2002.918124,0.016018,8,0,2343.0,"0.006748227775673124,0.006360689960540389,0.006351615186633207,0.006360698126355174,0.005771252434459692,0.0057454556697651305,0.005744851600180179,0.005745456213329124",0.006104,1.79635,1.796539,11,11
2002926209935_Node0_Node8_Zero,"[0, 1, 2, 3, 4, 5, 6, 7, 8]",2002.92621,2002.92652,0.016118,8,0,2343.0,"0.007972880641178738,0.007536217500007501,0.007657495610389791,0.007658755401967045,0.006739117651441124,0.00569060762772908,0.0056704223281995115,0.005676028560449572",0.006825,1.773077,1.77483,11,11
2002934406495_Node0_Node8_Zero,"[0, 1, 2, 3, 4, 5, 6, 7, 8]",2002.934406,2002.934496,0.015939,8,0,2343.0,"0.00638918468538356,0.006384414734607712,0.006384303039121106,0.006384414835115412,0.005747352443920095,0.0053220512539897905,0.0053220512539897905,0.0053220512539897905",0.005907,1.664145,1.664145,11,11
2002942602013_Node0_Node8_Zero,"[0, 1, 2, 3, 4, 5, 6, 7, 8]",2002.942602,2002.942872,0.016078,8,0,2343.0,"0.006739117651441124,0.0053220512539897905,0.006370540694585521,0.006371577314959719,0.0053220512539897905,0.00583219515707227,0.005568069725769537,0.005616537460772874",0.005893,1.664145,1.756227,11,11
2002950797716_Node0_Node8_Zero,"[0, 1, 2, 3, 4, 5, 6, 7, 8]",2002.950798,2002.951108,0.015958,8,0,2343.0,"0.006384765457632837,0.006306125141108773,0.006306125141108773,0.006306125141108773,0.0053220512539897905,0.0053220512539897905,0.0053220512539897905,0.0053220512539897905",0.005824,1.664145,1.664145,11,11
2002958992535_Node0_Node8_Zero,"[0, 1, 2, 3, 4, 5, 6, 7, 8]",2002.958993,2002.959103,0.016058,8,0,2343.0,"0.006306125141108773,0.0053220512539897905,0.0053220512539897905,0.0053220512539897905,0.0053220512539897905,0.00561355977129397,0.0053220512539897905,0.00583219515707227",0.005545,1.664145,1.823661,11,11
2002967185616_Node0_Node8_Zero,"[0, 1, 2, 3, 4, 5, 6, 7, 8]",2002.967186,2002.967256,0.015838,8,0,2343.0,"0.006306125141108773,0.006306125141108773,0.006306125141108773,0.006306125141108773,0.0053220512539897905,0.00561355977129397,0.0053220512539897905,0.0053220512539897905",0.005851,1.664145,1.664145,11,11
2002975378492_Node0_Node8_Zero,"[0, 1, 2, 3, 4, 5, 6, 7, 8]",2002.975378,2002.975608,0.016459,8,0,2343.0,"0.006306125141108773,0.006360026523500902,0.006306125141108773,0.0053220512539897905,0.0053220512539897905,0.00561355977129397,0.005616051430071775,0.00561355977129397",0.005807,1.664145,1.755296,11,11
2002983570994_Node0_Node8_Zero,"[0, 1, 2, 3, 4, 5, 6, 7, 8]",2002.983571,2002.983701,0.016058,8,0,2343.0,"0.006306125141108773,0.006360026523500902,0.006306125141108773,0.006306125141108773,0.005741823518907809,0.0053220512539897905,0.005741823518907809,0.005741823518907809",0.005978,1.664145,1.795403,11,11
2002991767783_Node0_Node8_Zero,"[0, 1, 2, 3, 4, 5, 6, 7, 8]",2002.991768,2002.992058,0.016238,8,0,2343.0,"0.0053220512539897905,0.006360026523500902,0.0053220512539897905,0.0053220512539897905,0.0053220512539897905,0.005568069725769537,0.005616051430071775,0.0053220512539897905",0.005519,1.664145,1.664145,11,11
2002999961826_Node0_Node8_Zero,"[0, 1, 2, 3, 4, 5, 6, 7, 8]",2002.999962,2003.000312,0.016398,8,0,2343.0,"0.006383743131753439,0.006306125141108773,0.006383743131753439,0.006383743131753439,0.0053220512539897905,0.005617147759934008,0.00561355977129397,0.005617147759934008",0.005953,1.664145,1.756418,11,11
2003008157560_Node0_Node8_Zero,"[0, 1, 2, 3, 4, 5, 6, 7, 8]",2003.008158,2003.008308,0.016418,8,0,2343.0,"0.006306125141108773,0.006351615186633207,0.006360487243667213,0.006306125141108773,0.005741823518907809,0.0053220512539897905,0.0053220512539897905,0.005741823518907809",0.005932,1.664145,1.795403,11,11
2003016358750_Node0_Node8_Zero,"[0, 1, 2, 3, 4, 5, 6, 7, 8]",2003.016359,2003.016689,0.016198,8,0,2343.0,"0.0053220512539897905,0.0053220512539897905,0.006360026523500902,0.0053220512539897905,0.0053220512539897905,0.005676317853352623,0.005745411507547847,0.005676317853352623",0.005593,1.664145,1.77492,11,11
2003024550566_Node0_Node8_Zero,"[0, 1, 2, 3, 4, 5, 6, 7, 8]",2003.024551,2003.024721,0.016418,8,0,2343.0,"0.006383743131753439,0.0053220512539897905,0.006739117651441124,0.0053220512539897905,0.007710857978957999,0.005617147759934008,0.005568069725769537,0.00563357539132472",0.006037,1.664145,1.761555,11,11
2003032749845_Node0_Node8_Zero,"[0, 1, 2, 3, 4, 5, 6, 7, 8]",2003.03275,2003.0329,0.016538,8,0,2343.0,"0.006306125141108773,0.006371630806663957,0.0063844065687929255,0.006371630806663957,0.005741823518907809,0.005746183955940023,0.0053220512539897905,0.0053220512539897905",0.005946,1.664145,1.664145,11,11
2003040949444_Node0_Node8_Zero,"[0, 1, 2, 3, 4, 5, 6, 7, 8]",2003.040949,2003.041059,0.016339,8,0,2343.0,"0.008953283897458834,0.008530047691838055,0.006351615186633207,0.0053220512539897905,0.005918033759251255,0.005889860702635144,0.005744851600180179,0.005676317853352623",0.006548,1.664145,1.77492,11,11
2003049143384_Node0_Node8_Zero,"[0, 1, 2, 3, 4, 5, 6, 7, 8]",2003.049143,2003.049433,0.016019,8,0,2343.0,"0.005582328755562484,0.0053220512539897905,0.007712672078829242,0.007536217500007501,0.007536217500007501,0.00583219515707227,0.0053220512539897905,0.0053220512539897905",0.006271,1.664145,1.664145,11,11
2003057338666_Node0_Node8_Zero,"[0, 1, 2, 3, 4, 5, 6, 7, 8]",2003.057339,2003.057669,0.016358,8,0,2343.0,"0.006416325286244144,0.006411115947210542,0.006384303039121106,0.006371630806663957,0.0053220512539897905,0.005618653910753034,0.005618413102544533,0.005617173642351962",0.00597,1.664145,1.756426,11,11
2003065536601_Node0_Node8_Zero,"[0, 1, 2, 3, 4, 5, 6, 7, 8]",2003.065537,2003.065887,0.016378,8,0,2343.0,"0.006715535550828678,0.006400453299508238,0.006306125141108773,0.006306125141108773,0.0053220512539897905,0.0053220512539897905,0.00583219515707227,0.0053220512539897905",0.005941,1.664145,1.664145,11,11
2003073735564_Node0_Node8_Zero,"[0, 1, 2, 3, 4, 5, 6, 7, 8]",2003.073736,2003.073946,0.016358,8,0,2343.0,"0.006306125141108773,0.0063609684553575805,0.0063609239287157875,0.00636069474632888,0.005741823518907809,0.005745474207995432,0.005745471244043901,0.0057454559883349686",0.006046,1.795403,1.796539,11,11
2003081932639_Node0_Node8_Zero,"[0, 1, 2, 3, 4, 5, 6, 7, 8]",2003.081933,2003.082283,0.016298,8,0,2343.0,"0.007945627909727405,0.0053220512539897905,0.007536217500007501,0.007748455856406299,0.0053220512539897905,0.0056893478361518274,0.005568069725769537,0.00583219515707227",0.006371,1.664145,1.823661,11,11
2003090126734_Node0_Node8_Zero,"[0, 1, 2, 3, 4, 5, 6, 7, 8]",2003.090127,2003.090377,0.016298,8,0,2343.0,"0.006383743131753439,0.006384418162419185,0.006384417614369728,0.006384414793512867,0.0053220512539897905,0.0053220512539897905,0.00561717896407032,0.00583219515707227",0.005954,1.664145,1.823661,11,11
2003098323425_Node0_Node8_Zero,"[0, 1, 2, 3, 4, 5, 6, 7, 8]",2003.098323,2003.098473,0.015919,8,0,2343.0,"0.0053220512539897905,0.006374040115633443,0.006351615186633207,0.006400453299508238,0.005676317853352623,0.0053220512539897905,0.0053220512539897905,0.0053220512539897905",0.005761,1.664145,1.664145,11,11
2003106515923_Node0_Node8_Zero,"[0, 1, 2, 3, 4, 5, 6, 7, 8]",2003.106516,2003.106766,0.016018,8,0,2343.0,"0.0053220512539897905,0.0053220512539897905,0.006360695730341214,0.0053220512539897905,0.0053220512539897905,0.005568069725769537,0.005568069725769537,0.005616082364994475",0.00555,1.664145,1.756085,11,11
2003114713173_Node0_Node8_Zero,"[0, 1, 2, 3, 4, 5, 6, 7, 8]",2003.114713,2003.115003,0.016418,8,0,2343.0,"0.006371630806663957,0.006306125141108773,0.006306125141108773,0.006306125141108773,0.0053220512539897905,0.0056165878525663415,0.00561355977129397,0.00561355977129397",0.005932,1.664145,1.755296,11,11
2003122912735_Node0_Node8_Zero,"[0, 1, 2, 3, 4, 5, 6, 7, 8]",2003.122913,2003.123163,0.016498,8,0,2343.0,"0.006306125141108773,0.006351615186633207,0.006351615186633207,0.006360492963689094,0.0053220512539897905,0.0053220512539897905,0.0053220512539897905,0.0053220512539897905",0.005832,1.664145,1.664145,11,11
2003131113636_Node0_Node8_Zero,"[0, 1, 2, 3, 4, 5, 6, 7, 8]",2003.131114,2003.131444,0.016378,8,0,2343.0,"0.0053220512539897905,0.00636058643086857,0.006360026523500902,0.006360026523500902,0.0053220512539897905,0.005745448778229701,0.0053220512539897905,0.005745411507547847",0.005817,1.664145,1.796525,11,11
2003139309953_Node0_Node8_Zero,"[0, 1, 2, 3, 4, 5, 6, 7, 8]",2003.13931,2003.13956,0.016058,8,0,2343.0,"0.006306125141108773,0.0053220512539897905,0.0053220512539897905,0.0053220512539897905,0.005741823518907809,0.0053220512539897905,0.0053220512539897905,0.005676317853352623",0.005542,1.664145,1.77492,11,11
2003147510012_Node0_Node8_Zero,"[0, 1, 2, 3, 4, 5, 6, 7, 8]",2003.14751,2003.14768,0.015498,8,0,2343.0,"0.0053220512539897905,0.0053220512539897905,0.006306125141108773,0.0053220512539897905,0.007712350712296844,0.005568069725769537,0.005741823518907809,0.005676317853352623",0.005871,1.664145,1.77492,11,11
2003155707843_Node0_Node8_Zero,"[0, 1, 2, 3, 4, 5, 6, 7, 8]",2003.155708,2003.155978,0.016238,8,0,2343.0,"0.006383743131753439,0.006306125141108773,0.0053220512539897905,0.006739117651441124,0.007683605247506666,0.005617147759934008,0.00561355977129397,0.005568069725769537",0.006154,1.664145,1.741072,11,11
2003163909486_Node0_Node8_Zero,"[0, 1, 2, 3, 4, 5, 6, 7, 8]",2003.163909,2003.164139,0.016259,8,0,2343.0,"0.006748103462447038,0.006351615186633207,0.006383743131753439,0.006371630806663957,0.0053220512539897905,0.005744851600180179,0.0053220512539897905,0.0053220512539897905",0.005946,1.664145,1.664145,11,11
2003172103398_Node0_Node8_Zero,"[0, 1, 2, 3, 4, 5, 6, 7, 8]",2003.172103,2003.172313,0.016019,8,0,2343.0,"0.006742788282280011,0.0053220512539897905,0.006360026523500902,0.006351615186633207,0.005770890350230385,0.005676317853352623,0.005745411507547847,0.005744851600180179",0.005964,1.664145,1.79635,11,11
2003180301854_Node0_Node8_Zero,"[0, 1, 2, 3, 4, 5, 6, 7, 8]",2003.180302,2003.180612,0.016178,8,0,2343.0,"0.0053220512539897905,0.0053220512539897905,0.00771211777053525,0.0053220512539897905,0.007536217500007501,0.005568069725769537,0.005568069725769537,0.005678553538079996",0.006004,1.664145,1.775619,11,11
2003188502439_Node0_Node8_Zero,"[0, 1, 2, 3, 4, 5, 6, 7, 8]",2003.188502,2003.188612,0.016459,8,0,2343.0,"0.0063891177341991396,0.006371630806663957,0.0063844065687929255,0.006384303039121106,0.005747347987260943,0.0053220512539897905,0.0053220512539897905,0.00583219515707227",0.005969,1.664145,1.823661,11,11
2003196700987_Node0_Node8_Zero,"[0, 1, 2, 3, 4, 5, 6, 7, 8]",2003.196701,2003.196771,0.016138,8,0,2343.0,"0.006739117651441124,0.006351615186633207,0.006351615186633207,0.006372044195948472,0.0057706460117520906,0.005744851600180179,0.0053220512539897905,0.005746211473528457",0.00605,1.664145,1.796775,11,11
2003204896096_Node0_Node8_Zero,"[0, 1, 2, 3, 4, 5, 6, 7, 8]",2003.204896,2003.205166,0.016138,8,0,2343.0,"0.0053220512539897905,0.0053220512539897905,0.006306125141108773,0.0053220512539897905,0.007748455856406299,0.0053220512539897905,0.0053220512539897905,0.00561355977129397",0.005785,1.664145,1.755296,11,11
2003213097548_Node0_Node8_Zero,"[0, 1, 2, 3, 4, 5, 6, 7, 8]",2003.213098,2003.213348,0.016158,8,0,2343.0,"0.0063890725547928115,0.006384303039121106,0.006306125141108773,0.006384554486502569,0.0053220512539897905,0.005617394119175782,0.005617173642351962,0.00561355977129397",0.005954,1.664145,1.755296,11,11
2003221294684_Node0_Node8_Zero,"[0, 1, 2, 3, 4, 5, 6, 7, 8]",2003.221295,2003.221605,0.016498,8,0,2343.0,"0.006754779484118597,0.006306125141108773,0.006306125141108773,0.006360026523500902,0.0053220512539897905,0.0053220512539897905,0.00561355977129397,0.00561355977129397",0.00595,1.664145,1.755296,11,11
2003229496305_Node0_Node8_Zero,"[0, 1, 2, 3, 4, 5, 6, 7, 8]",2003.229496,2003.229646,0.016178,8,0,2343.0,"0.006306125141108773,0.006360735513595988,0.00636069474632888,0.006360026523500902,0.005741823518907809,0.005745458702040718,0.0057454559883349686,0.005745411507547847",0.006046,1.795403,1.796525,11,11
2003237690265_Node0_Node8_Zero,"[0, 1, 2, 3, 4, 5, 6, 7, 8]",2003.23769,2003.23802,0.016498,8,0,2343.0,"0.007968052838727643,0.0053220512539897905,0.0053220512539897905,0.0053220512539897905,0.007657495610389791,0.005690384456526023,0.005568069725769537,0.005568069725769537",0.006052,1.664145,1.741072,11,11
2003245884082_Node0_Node8_Zero,"[0, 1, 2, 3, 4, 5, 6, 7, 8]",2003.245884,2003.246214,0.016058,8,0,2343.0,"0.006383743131753439,0.00638441529529063,0.006384414793512867,0.0063844065687929255,0.005746990222549463,0.005747034965653047,0.005747034932251809,0.005747034384766746",0.006066,1.797019,1.797032,11,11
2003254082212_Node0_Node8_Zero,"[0, 1, 2, 3, 4, 5, 6, 7, 8]",2003.254082,2003.254152,0.015478,8,0,2343.0,"0.0053220512539897905,0.0053220512539897905,0.0053220512539897905,0.0053220512539897905,0.005676317853352623,0.005676317853352623,0.005676317853352623,0.005676317853352623",0.005499,1.664145,1.77492,11,11
2003262280388_Node0_Node8_Zero,"[0, 1, 2, 3, 4, 5, 6, 7, 8]",2003.26228,2003.26243,0.016279,8,0,2343.0,"0.005579442237150644,0.007713007514965935,0.0077130261297189626,0.0053220512539897905,0.0053220512539897905,0.0055799679457048754,0.005678594667628485,0.005678595528118712",0.006073,1.664145,1.775632,11,11
2003270473838_Node0_Node8_Zero,"[0, 1, 2, 3, 4, 5, 6, 7, 8]",2003.270474,2003.270584,0.016318,8,0,2343.0,"0.006371630806663957,0.006371630806663957,0.006371630806663957,0.006371630806663957,0.0053220512539897905,0.0053220512539897905,0.0053220512539897905,0.0053220512539897905",0.005847,1.664145,1.664145,11,11
2003278674301_Node0_Node8_Zero,"[0, 1, 2, 3, 4, 5, 6, 7, 8]",2003.278674,2003.278824,0.016018,8,0,2343.0,"0.006306125141108773,0.00635381522699035,0.0053220512539897905,0.006372051960116581,0.005741823518907809,0.005744998047626584,0.005676317853352623,0.005746211990356518",0.005908,1.664145,1.796775,11,11
2003286869765_Node0_Node8_Zero,"[0, 1, 2, 3, 4, 5, 6, 7, 8]",2003.28687,2003.28694,0.016158,8,0,2343.0,"0.0053220512539897905,0.0053220512539897905,0.007536217500007501,0.007536217500007501,0.007536217500007501,0.005568069725769537,0.005568069725769537,0.0056704223281995115",0.006257,1.664145,1.773077,11,11
2003295063267_Node0_Node8_Zero,"[0, 1, 2, 3, 4, 5, 6, 7, 8]",2003.295063,2003.295273,0.016498,8,0,2343.0,"0.006383743131753439,0.006384330117986184,0.006371630806663957,0.006384554582066663,0.0053220512539897905,0.005747029295757635,0.005746183955940023,0.0053220512539897905",0.005958,1.664145,1.664145,11,11
2003303262613_Node0_Node8_Zero,"[0, 1, 2, 3, 4, 5, 6, 7, 8]",2003.303263,2003.303473,0.016278,8,0,2343.0,"0.0053220512539897905,0.0053220512539897905,0.006739117651441124,0.0053220512539897905,0.0053220512539897905,0.0053220512539897905,0.0053220512539897905,0.0053220512539897905",0.005499,1.664145,1.664145,11,11
2003311460266_Node0_Node8_Zero,"[0, 1, 2, 3, 4, 5, 6, 7, 8]",2003.31146,2003.31151,0.016158,8,0,2343.0,"0.006306125141108773,0.006384705705921856,0.00638454939836288,0.0053220512539897905,0.005741823518907809,0.0057470542970690435,0.005747043892331334,0.005676317853352623",0.005914,1.664145,1.77492,11,11
2003319653042_Node0_Node8_Zero,"[0, 1, 2, 3, 4, 5, 6, 7, 8]",2003.319653,2003.319723,0.016198,8,0,2343.0,"0.007782235971787247,0.0053220512539897905,0.007536217500007501,0.007536217500007501,0.0053220512539897905,0.005676317853352623,0.0058237056008517895,0.0058237056008517895",0.006353,1.664145,1.821007,11,11
2003327846115_Node0_Node8_Zero,"[0, 1, 2, 3, 4, 5, 6, 7, 8]",2003.327846,2003.327956,0.015638,8,0,2343.0,"0.006383743131753439,0.0053220512539897905,0.0053220512539897905,0.006739117651441124,0.0053220512539897905,0.0053220512539897905,0.005676317853352623,0.0057706460117520906",0.005732,1.664145,1.804415,11,11
2003336043854_Node0_Node8_Zero,"[0, 1, 2, 3, 4, 5, 6, 7, 8]",2003.336044,2003.336154,0.016318,8,0,2343.0,"0.006306125141108773,0.0053220512539897905,0.0053220512539897905,0.0053220512539897905,0.007744923893272166,0.00561355977129397,0.005568069725769537,0.005568069725769537",0.005846,1.664145,1.741072,11,11
2003344244060_Node0_Node8_Zero,"[0, 1, 2, 3, 4, 5, 6, 7, 8]",2003.344244,2003.344334,0.016258,8,0,2343.0,"0.006306125141108773,0.006306125141108773,0.006371630806663957,0.0063890725547928115,0.005741823518907809,0.005741823518907809,0.005746183955940023,0.005747344979857618",0.006044,1.795403,1.79713,11,11
2003352439199_Node0_Node8_Zero,"[0, 1, 2, 3, 4, 5, 6, 7, 8]",2003.352439,2003.352489,0.016158,8,0,2343.0,"0.0053220512539897905,0.0053220512539897905,0.0053220512539897905,0.0053220512539897905,0.005676317853352623,0.005676317853352623,0.005676317853352623,0.005676317853352623",0.005499,1.664145,1.77492,11,11
2003360631213_Node0_Node8_Zero,"[0, 1, 2, 3, 4, 5, 6, 7, 8]",2003.360631,2003.360681,0.015478,8,0,2343.0,"0.0053220512539897905,0.0053220512539897905,0.0053220512539897905,0.007712672078829242,0.006739117651441124,0.0053220512539897905,0.005676317853352623,0.005835451441054722",0.005906,1.664145,1.824679,11,11
2003368827972_Node0_Node8_Zero,"[0, 1, 2, 3, 4, 5, 6, 7, 8]",2003.368828,2003.368958,0.016138,8,0,2343.0,"0.006371630806663957,0.0053220512539897905,0.0053220512539897905,0.007683605247506666,0.007683605247506666,0.0056165878525663415,0.005568069725769537,0.005568069725769537",0.006142,1.664145,1.741072,11,11
2003377022785_Node0_Node8_Zero,"[0, 1, 2, 3, 4, 5, 6, 7, 8]",2003.377023,2003.377113,0.015578,8,0,2343.0,"0.006568147803329512,0.006306125141108773,0.006371630806663957,0.006401055402698013,0.0053220512539897905,0.005741823518907809,0.005746183955940023,0.005748142627714706",0.006026,1.664145,1.797379,11,11
2003385222796_Node0_Node8_Zero,"[0, 1, 2, 3, 4, 5, 6, 7, 8]",2003.385223,2003.385373,0.016058,8,0,2343.0,"0.006742788282280011,0.0053220512539897905,0.006739117651441124,0.006739117651441124,0.007638570102437477,0.005633745070823537,0.005568069725769537,0.00563357539132472",0.006252,1.664145,1.761555,11,11
2003393421661_Node0_Node8_Zero,"[0, 1, 2, 3, 4, 5, 6, 7, 8]",2003.393422,2003.393652,0.015958,8,0,2343.0,"0.006306125141108773,0.006383743131753439,0.00638454939836288,0.006384911566567378,0.0053220512539897905,0.005746990222549463,0.0053220512539897905,0.0053220512539897905",0.005897,1.664145,1.664145,11,11
2003401622985_Node0_Node8_Zero,"[0, 1, 2, 3, 4, 5, 6, 7, 8]",2003.401623,2003.401953,0.016118,8,0,2343.0,"0.006734461058780992,0.0053220512539897905,0.006351615186633207,0.006363727511722688,0.0053220512539897905,0.005633360134508266,0.005568069725769537,0.005615662605510894",0.005864,1.664145,1.755954,11,11
2003409818152_Node0_Node8_Zero,"[0, 1, 2, 3, 4, 5, 6, 7, 8]",2003.409818,2003.410108,0.016398,8,0,2343.0,"0.006306125141108773,0.006384698481090298,0.006306125141108773,0.006306125141108773,0.0053220512539897905,0.0053220512539897905,0.00583219515707227,0.00561355977129397",0.005924,1.664145,1.755296,11,11
2003418009988_Node0_Node8_Zero,"[0, 1, 2, 3, 4, 5, 6, 7, 8]",2003.41801,2003.41808,0.016418,8,0,2343.0,"0.0053220512539897905,0.006363687709661042,0.006351615186633207,0.006360415348061783,0.005676317853352623,0.005745655217333545,0.005744851600180179,0.005745437389965802",0.005914,1.664145,1.796533,11,11
2003426203731_Node0_Node8_Zero,"[0, 1, 2, 3, 4, 5, 6, 7, 8]",2003.426204,2003.426514,0.016518,8,0,2343.0,"0.0053220512539897905,0.0053220512539897905,0.0053220512539897905,0.007748455856406299,0.0053220512539897905,0.0053220512539897905,0.0053220512539897905,0.0053220512539897905",0.005625,1.664145,1.664145,11,11
2003434400798_Node0_Node8_Zero,"[0, 1, 2, 3, 4, 5, 6, 7, 8]",2003.434401,2003.434611,0.016198,8,0,2343.0,"0.006371630806663957,0.0063844516319508495,0.006384303039121106,0.006384411354581417,0.0053220512539897905,0.005747037384431904,0.005747027493231318,0.005747034703336586",0.006011,1.664145,1.797032,11,11
2003442596081_Node0_Node8_Zero,"[0, 1, 2, 3, 4, 5, 6, 7, 8]",2003.442596,2003.442766,0.016058,8,0,2343.0,"0.0053220512539897905,0.0053220512539897905,0.007536217500007501,0.006739117651441124,0.006739117651441124,0.0053220512539897905,0.00583219515707227,0.0053220512539897905",0.006017,1.664145,1.664145,11,11
2003450787868_Node0_Node8_Zero,"[0, 1, 2, 3, 4, 5, 6, 7, 8]",2003.450788,2003.451118,0.016118,8,0,2343.0,"0.005582328755562484,0.006384707201558171,0.006384705372625727,0.0053220512539897905,0.0053220512539897905,0.0057470543966272715,0.0053220512539897905,0.00583219515707227",0.005737,1.664145,1.823661,11,11
2003458987959_Node0_Node8_Zero,"[0, 1, 2, 3, 4, 5, 6, 7, 8]",2003.458988,2003.459298,0.016478,8,0,2343.0,"0.006568147803329512,0.0053220512539897905,0.006400453299508238,0.006306125141108773,0.005759265267036663,0.0053220512539897905,0.0053220512539897905,0.005617920208326183",0.005827,1.664145,1.75666,11,11
2003467188891_Node0_Node8_Zero,"[0, 1, 2, 3, 4, 5, 6, 7, 8]",2003.467189,2003.467299,0.015898,8,0,2343.0,"0.0053220512539897905,0.0063847103471981565,0.006306125141108773,0.006400453299508238,0.005676317853352623,0.0057470546060193126,0.005741823518907809,0.0057481025482341965",0.005916,1.664145,1.797366,11,11
2003475382112_Node0_Node8_Zero,"[0, 1, 2, 3, 4, 5, 6, 7, 8]",2003.475382,2003.475732,0.016598,8,0,2343.0,"0.006739117651441124,0.0053220512539897905,0.0053220512539897905,0.007536217500007501,0.007659309710261034,0.00563357539132472,0.005568069725769537,0.005568069725769537",0.006169,1.664145,1.741072,11,11
2003483574039_Node0_Node8_Zero,"[0, 1, 2, 3, 4, 5, 6, 7, 8]",2003.483574,2003.483624,0.016418,8,0,2343.0,"0.006371630806663957,0.006384710385915791,0.006383743131753439,0.0063849041556710345,0.005746183955940023,0.005747054608596583,0.005746990222549463,0.005747067507035358",0.006064,1.796766,1.797043,11,11
2003491775700_Node0_Node8_Zero,"[0, 1, 2, 3, 4, 5, 6, 7, 8]",2003.491776,2003.491906,0.015938,8,0,2343.0,"0.008457390921877285,0.0053220512539897905,0.0053220512539897905,0.0053220512539897905,0.007638570102437477,0.005676317853352623,0.005676317853352623,0.005676317853352623",0.006136,1.664145,1.77492,11,11
2003499968704_Node0_Node8_Zero,"[0, 1, 2, 3, 4, 5, 6, 7, 8]",2003.499969,2003.500319,0.016198,8,0,2343.0,"0.005579442237150644,0.0053220512539897905,0.0053220512539897905,0.007713007514965935,0.007713039668113629,0.0055799679457048754,0.005568069725769537,0.005568069725769537",0.006046,1.664145,1.741072,11,11
2003508163415_Node0_Node8_Zero,"[0, 1, 2, 3, 4, 5, 6, 7, 8]",2003.508163,2003.508433,0.016459,8,0,2343.0,"0.006734461058780992,0.006371630806663957,0.006371630806663957,0.006371630806663957,0.0053220512539897905,0.0053220512539897905,0.0053220512539897905,0.0053220512539897905",0.005892,1.664145,1.664145,11,11
2003516358508_Node0_Node8_Zero,"[0, 1, 2, 3, 4, 5, 6, 7, 8]",2003.516359,2003.516429,0.016118,8,0,2343.0,"0.00674823085382234,0.00635381522699035,0.006351615186633207,0.006351615186633207,0.005771252639359157,0.005744998047626584,0.005744851600180179,0.005744851600180179",0.006101,1.79635,1.79635,11,11
2003524555529_Node0_Node8_Zero,"[0, 1, 2, 3, 4, 5, 6, 7, 8]",2003.524556,2003.524646,0.016478,8,0,2343.0,"0.0053220512539897905,0.007536217500007501,0.007536217500007501,0.007536217500007501,0.007536217500007501,0.00583219515707227,0.0056704223281995115,0.0056704223281995115",0.00658,1.664145,1.773077,11,11
2003532755070_Node0_Node8_Zero,"[0, 1, 2, 3, 4, 5, 6, 7, 8]",2003.532755,2003.533025,0.016418,8,0,2343.0,"0.006635203195050242,0.006384330117986184,0.006384303039121106,0.006384303039121106,0.0053220512539897905,0.0053220512539897905,0.005747027493231318,0.005747027493231318",0.005991,1.664145,1.79703,11,11
2003540948703_Node0_Node8_Zero,"[0, 1, 2, 3, 4, 5, 6, 7, 8]",2003.540949,2003.540999,0.016338,8,0,2343.0,"0.0053220512539897905,0.006400453299508238,0.0053220512539897905,0.0053220512539897905,0.005676317853352623,0.0057481025482341965,0.005676317853352623,0.005676317853352623",0.005643,1.664145,1.77492,11,11
2003549148735_Node0_Node8_Zero,"[0, 1, 2, 3, 4, 5, 6, 7, 8]",2003.549149,2003.549439,0.016118,8,0,2343.0,"0.0070012400115900585,0.008953283897458834,0.007536217500007501,0.0077130230209206474,0.0077130230209206474,0.0053220512539897905,0.0058237056008517895,0.0058354748017957914",0.006987,1.664145,1.824687,11,11
2003557343611_Node0_Node8_Zero,"[0, 1, 2, 3, 4, 5, 6, 7, 8]",2003.557344,2003.557414,0.015798,8,0,2343.0,"0.006371630806663957,0.0063849041556710345,0.0053220512539897905,0.0053220512539897905,0.0053220512539897905,0.0053220512539897905,0.0053220512539897905,0.005676317853352623",0.00563,1.664145,1.77492,11,11
2003565540594_Node0_Node8_Zero,"[0, 1, 2, 3, 4, 5, 6, 7, 8]",2003.565541,2003.565771,0.016078,8,0,2343.0,"0.0053220512539897905,0.0053220512539897905,0.00639888353811529,0.0053220512539897905,0.0053220512539897905,0.005568069725769537,0.005568069725769537,0.005617847644143593",0.005555,1.664145,1.756637,11,11
2003573741231_Node0_Node8_Zero,"[0, 1, 2, 3, 4, 5, 6, 7, 8]",2003.573741,2003.574071,0.016038,8,0,2343.0,"0.006306125141108773,0.006306125141108773,0.006306125141108773,0.006371630806663957,0.0053220512539897905,0.0053220512539897905,0.006123703674376451,0.00561355977129397",0.005959,1.664145,1.755296,11,11
2003581938495_Node0_Node8_Zero,"[0, 1, 2, 3, 4, 5, 6, 7, 8]",2003.581938,2003.582188,0.016399,8,0,2343.0,"0.0053220512539897905,0.006351615186633207,0.006351615186633207,0.00636081937263016,0.0053220512539897905,0.0053220512539897905,0.005615662605510894,0.005615662605510894",0.005783,1.664145,1.755954,11,11
2003590132340_Node0_Node8_Zero,"[0, 1, 2, 3, 4, 5, 6, 7, 8]",2003.590132,2003.590202,0.016379,8,0,2343.0,"0.006306125141108773,0.006306125141108773,0.006454354681900368,0.006360026523500902,0.005741823518907809,0.005741823518907809,0.005751690536874234,0.0053220512539897905",0.005998,1.664145,1.664145,11,11
2003598330017_Node0_Node8_Zero,"[0, 1, 2, 3, 4, 5, 6, 7, 8]",2003.59833,2003.5985,0.015718,8,0,2343.0,"0.007968382692706196,0.0053220512539897905,0.007536217500007501,0.0053220512539897905,0.005852473022635933,0.005676317853352623,0.0058237056008517895,0.005676317853352623",0.006147,1.664145,1.77492,11,11
2003606522373_Node0_Node8_Zero,"[0, 1, 2, 3, 4, 5, 6, 7, 8]",2003.606522,2003.606712,0.016439,8,0,2343.0,"0.0053220512539897905,0.009127924376409333,0.007710857978957999,0.007714963016111434,0.007536217500007501,0.005568069725769537,0.005744000968194782,0.005678495302639598",0.0068,1.664145,1.775601,11,11
2003614722858_Node0_Node8_Zero,"[0, 1, 2, 3, 4, 5, 6, 7, 8]",2003.614723,2003.615013,0.016038,8,0,2343.0,"0.006404202778240287,0.006371630806663957,0.00639888353811529,0.006371630806663957,0.0053220512539897905,0.0053220512539897905,0.005747998055811266,0.005746183955940023",0.005961,1.664145,1.796766,11,11
2003622918792_Node0_Node8_Zero,"[0, 1, 2, 3, 4, 5, 6, 7, 8]",2003.622919,2003.623129,0.016318,8,0,2343.0,"0.006715535550828678,0.0053220512539897905,0.0053220512539897905,0.0053220512539897905,0.007684511145342584,0.0053220512539897905,0.0053220512539897905,0.005568069725769537",0.005822,1.664145,1.741072,11,11
2003631112762_Node0_Node8_Zero,"[0, 1, 2, 3, 4, 5, 6, 7, 8]",2003.631113,2003.631183,0.016098,8,0,2343.0,"0.006306125141108773,0.0053220512539897905,0.006384884834499572,0.00638454939836288,0.0053220512539897905,0.005676317853352623,0.005747066220906122,0.005747043892331334",0.005861,1.664145,1.797035,11,11
2003639307024_Node0_Node8_Zero,"[0, 1, 2, 3, 4, 5, 6, 7, 8]",2003.639307,2003.639457,0.016378,8,0,2343.0,"0.006742955787319362,0.0053220512539897905,0.0053220512539897905,0.007536217500007501,0.0053220512539897905,0.0053220512539897905,0.0053220512539897905,0.005568069725769537",0.005807,1.664145,1.741072,11,11
2003647507464_Node0_Node8_Zero,"[0, 1, 2, 3, 4, 5, 6, 7, 8]",2003.647507,2003.647657,0.015819,8,0,2343.0,"0.006306125141108773,0.006371630806663957,0.0063847125335664365,0.006384708404901316,0.0053220512539897905,0.005746183955940023,0.005747054751556667,0.005747054476728771",0.006001,1.664145,1.797039,11,11
2003655709174_Node0_Node8_Zero,"[0, 1, 2, 3, 4, 5, 6, 7, 8]",2003.655709,2003.655979,0.015878,8,0,2343.0,"0.0053220512539897905,0.0053220512539897905,0.006739117651441124,0.0053220512539897905,0.007638570102437477,0.005568069725769537,0.005568069725769537,0.00563357539132472",0.005889,1.664145,1.761555,11,11
2003663904249_Node0_Node8_Zero,"[0, 1, 2, 3, 4, 5, 6, 7, 8]",2003.663904,2003.664114,0.016018,8,0,2343.0,"0.006306125141108773,0.00638454939836288,0.0063847104128263756,0.0063847103620093245,0.0053220512539897905,0.00561355977129397,0.0056171850306158625,0.005617192473710705",0.005954,1.664145,1.756432,11,11
2003672105476_Node0_Node8_Zero,"[0, 1, 2, 3, 4, 5, 6, 7, 8]",2003.672105,2003.672155,0.015979,8,0,2343.0,"0.006734461058780992,0.006351615186633207,0.006351615186633207,0.006363727511722688,0.0053220512539897905,0.0053220512539897905,0.005744851600180179,0.0053220512539897905",0.005939,1.664145,1.664145,11,11
2003680299430_Node0_Node8_Zero,"[0, 1, 2, 3, 4, 5, 6, 7, 8]",2003.680299,2003.680349,0.016259,8,0,2343.0,"0.006306125141108773,0.0053220512539897905,0.0053220512539897905,0.0053220512539897905,0.0053220512539897905,0.00561355977129397,0.00583219515707227,0.006078213628852016",0.00564,1.664145,1.900588,11,11
2003688491691_Node0_Node8_Zero,"[0, 1, 2, 3, 4, 5, 6, 7, 8]",2003.688492,2003.688742,0.016658,8,0,2343.0,"0.006306125141108773,0.006306125141108773,0.006384303039121106,0.006306125141108773,0.005741823518907809,0.0053220512539897905,0.0053220512539897905,0.0053220512539897905",0.005876,1.664145,1.664145,11,11
2003696685257_Node0_Node8_Zero,"[0, 1, 2, 3, 4, 5, 6, 7, 8]",2003.696685,2003.696795,0.015998,8,0,2343.0,"0.0053220512539897905,0.006360026523500902,0.006400453299508238,0.0064459433450326726,0.005676317853352623,0.005745411507547847,0.0057481025482341965,0.005751130629506567",0.005931,1.664145,1.798313,11,11
2003704878123_Node0_Node8_Zero,"[0, 1, 2, 3, 4, 5, 6, 7, 8]",2003.704878,2003.705108,0.015878,8,0,2343.0,"0.0053220512539897905,0.007710857978957999,0.007536217500007501,0.007536217500007501,0.007536217500007501,0.005568069725769537,0.0061886392057220775,0.0053220512539897905",0.00659,1.664145,1.664145,11,11
2003713073496_Node0_Node8_Zero,"[0, 1, 2, 3, 4, 5, 6, 7, 8]",2003.713073,2003.713123,0.015939,8,0,2343.0,"0.006617649278443703,0.0063844065687929255,0.0063849041556710345,0.006385464063038701,0.0053220512539897905,0.005627960363947449,0.005617178428140454,0.005617201429715878",0.005995,1.664145,1.756435,11,11
2003721268201_Node0_Node8_Zero,"[0, 1, 2, 3, 4, 5, 6, 7, 8]",2003.721268,2003.721478,0.015978,8,0,2343.0,"0.006715535550828678,0.006351615186633207,0.006466361586323831,0.006306125141108773,0.0053220512539897905,0.0053220512539897905,0.005615662605510894,0.005620966901269591",0.005965,1.664145,1.757613,11,11
2003729461957_Node0_Node8_Zero,"[0, 1, 2, 3, 4, 5, 6, 7, 8]",2003.729462,2003.729672,0.016058,8,0,2343.0,"0.006306125141108773,0.006362689265085493,0.006360695631245101,0.006360699884351405,0.0053220512539897905,0.00561355977129397,0.006126318421712429,0.0056160823604136335",0.006009,1.664145,1.756085,11,11
2003737658686_Node0_Node8_Zero,"[0, 1, 2, 3, 4, 5, 6, 7, 8]",2003.737659,2003.737889,0.016258,8,0,2343.0,"0.006306125141108773,0.006306125141108773,0.006360415348061783,0.006361396138869043,0.0053220512539897905,0.005741823518907809,0.0053220512539897905,0.006126213307055611",0.005981,1.664145,1.915597,11,11
2003745859013_Node0_Node8_Zero,"[0, 1, 2, 3, 4, 5, 6, 7, 8]",2003.745859,2003.746149,0.016618,8,0,2343.0,"0.006306125141108773,0.0053220512539897905,0.0064548381617565275,0.006360492962842072,0.005741823518907809,0.0053220512539897905,0.0053220512539897905,0.0053220512539897905",0.005769,1.664145,1.664145,11,11
2003754052917_Node0_Node8_Zero,"[0, 1, 2, 3, 4, 5, 6, 7, 8]",2003.754053,2003.754343,0.015858,8,0,2343.0,"0.0053220512539897905,0.0053220512539897905,0.006306125141108773,0.006454818725530907,0.005676317853352623,0.005676317853352623,0.005741823518907809,0.005751721426309736",0.005781,1.664145,1.798498,11,11
2003762246476_Node0_Node8_Zero,"[0, 1, 2, 3, 4, 5, 6, 7, 8]",2003.762246,2003.762596,0.016599,8,0,2343.0,"0.0053220512539897905,0.007710857978957999,0.007536217500007501,0.007536217500007501,0.007536217500007501,0.005568069725769537,0.005678495302639598,0.0056704223281995115",0.00657,1.664145,1.773077,11,11
2003770438950_Node0_Node8_Zero,"[0, 1, 2, 3, 4, 5, 6, 7, 8]",2003.770439,2003.770729,0.016158,8,0,2343.0,"0.006371630806663957,0.006371630806663957,0.006383743131753439,0.006385573304321592,0.005746183955940023,0.005746183955940023,0.005746990222549463,0.005747112049450601",0.006062,1.796766,1.797057,11,11
2003778634139_Node0_Node8_Zero,"[0, 1, 2, 3, 4, 5, 6, 7, 8]",2003.778634,2003.778764,0.015958,8,0,2343.0,"0.0053220512539897905,0.008457390921877285,0.007638570102437477,0.007684511145342584,0.007681152495330185,0.0053220512539897905,0.005830518783714623,0.0058335768859884354",0.006721,1.664145,1.824093,11,11
2003786834235_Node0_Node8_Zero,"[0, 1, 2, 3, 4, 5, 6, 7, 8]",2003.786834,2003.787184,0.016498,8,0,2343.0,"0.005584173614138724,0.0053220512539897905,0.0053220512539897905,0.007713007514965935,0.0053220512539897905,0.005580186659520371,0.005568069725769537,0.005568069725769537",0.005747,1.664145,1.741072,11,11
2003795026659_Node0_Node8_Zero,"[0, 1, 2, 3, 4, 5, 6, 7, 8]",2003.795027,2003.795217,0.018599,8,1,2343.0,"0.006742334756138818,0.006306125141108773,0.006400143329692542,0.006400708788093483,0.0057708601608999766,0.005633724106010753,0.00561355977129397,0.005617905879583991",0.006061,1.315238,1.756655,11,11
2003803226243_Node0_Node8_Zero,"[0, 1, 2, 3, 4, 5, 6, 7, 8]",2003.803226,2003.803556,0.016903,8,1,2343.0,"0.006306125141108773,0.006119151102556166,0.006351615186633207,0.006119151102556166,0.005958498423462499,0.005982676794912272,0.005958498423462499,0.006149416611411728",0.006118,1.863155,1.922853,11,11
2003811422245_Node0_Node8_Zero,"[0, 1, 2, 3, 4, 5, 6, 7, 8]",2003.811422,2003.811712,0.016058,8,0,2343.0,"0.007984978135530247,0.0053220512539897905,0.0053220512539897905,0.0053220512539897905,0.0053220512539897905,0.005676317853352623,0.005676317853352623,0.005676317853352623",0.005788,1.664145,1.77492,11,11
2003819618862_Node0_Node8_Zero,"[0, 1, 2, 3, 4, 5, 6, 7, 8]",2003.819619,2003.819929,0.016018,8,0,2343.0,"0.006423807404980123,0.0053220512539897905,0.0078110616727071125,0.0078010025937180405,0.007880431480689233,0.0053220512539897905,0.0053220512539897905,0.005683127343637768",0.006446,1.664145,1.777049,11,11
2003827817297_Node0_Node8_Zero,"[0, 1, 2, 3, 4, 5, 6, 7, 8]",2003.827817,2003.828027,0.016398,8,0,2343.0,"0.006590389610742045,0.006371630806663957,0.006371630806663957,0.006371630806663957,0.0053220512539897905,0.005626700251733355,0.0056165878525663415,0.0056165878525663415",0.005986,1.664145,1.756243,11,11
2003836017520_Node0_Node8_Zero,"[0, 1, 2, 3, 4, 5, 6, 7, 8]",2003.836018,2003.836168,0.016058,8,0,2343.0,"0.006779182436926633,0.006306125141108773,0.006306125141108773,0.006372889915465131,0.005773312956249762,0.005741823518907809,0.005741823518907809,0.0057462677695246595",0.006096,1.795403,1.796793,11,11
2003844215031_Node0_Node8_Zero,"[0, 1, 2, 3, 4, 5, 6, 7, 8]",2003.844215,2003.844405,0.016218,8,0,2343.0,"0.0053220512539897905,0.0053220512539897905,0.006739117651441124,0.0053220512539897905,0.0053220512539897905,0.0053220512539897905,0.0053220512539897905,0.00563357539132472",0.005538,1.664145,1.761555,11,11
2003852413500_Node0_Node8_Zero,"[0, 1, 2, 3, 4, 5, 6, 7, 8]",2003.852414,2003.852464,0.016258,8,0,2343.0,"0.0053220512539897905,0.006383743131753439,0.006383743131753439,0.006384564895913747,0.005676317853352623,0.0053220512539897905,0.005746990222549463,0.0053220512539897905",0.005818,1.664145,1.664145,11,11
2003860608842_Node0_Node8_Zero,"[0, 1, 2, 3, 4, 5, 6, 7, 8]",2003.860609,2003.860859,0.016198,8,0,2343.0,"0.007536217500007501,0.0053220512539897905,0.0053220512539897905,0.006363727511722688,0.0053220512539897905,0.00583219515707227,0.0053220512539897905,0.0053220512539897905",0.005793,1.664145,1.664145,11,11
2003868801746_Node0_Node8_Zero,"[0, 1, 2, 3, 4, 5, 6, 7, 8]",2003.868802,2003.868852,0.016478,8,0,2343.0,"0.006371630806663957,0.006306125141108773,0.006384698481090298,0.006306125141108773,0.005746183955940023,0.005741823518907809,0.0053220512539897905,0.0053220512539897905",0.005938,1.664145,1.664145,11,11
2003876998182_Node0_Node8_Zero,"[0, 1, 2, 3, 4, 5, 6, 7, 8]",2003.876998,2003.877228,0.016118,8,0,2343.0,"0.0053220512539897905,0.0053220512539897905,0.0053220512539897905,0.006306125141108773,0.0053220512539897905,0.005676317853352623,0.005676317853352623,0.005741823518907809",0.005586,1.664145,1.795403,11,11
2003885195695_Node0_Node8_Zero,"[0, 1, 2, 3, 4, 5, 6, 7, 8]",2003.885196,2003.885246,0.016138,8,0,2343.0,"0.00638454939836288,0.0053220512539897905,0.007710857978957999,0.007536217500007501,0.007536217500007501,0.0056171850306158625,0.0053220512539897905,0.0053220512539897905",0.006344,1.664145,1.664145,11,11
2003893390530_Node0_Node8_Zero,"[0, 1, 2, 3, 4, 5, 6, 7, 8]",2003.893391,2003.893541,0.016018,8,0,2343.0,"0.0065521436128885184,0.006371630806663957,0.006371630806663957,0.006383743131753439,0.0053220512539897905,0.00583219515707227,0.005746183955940023,0.005746990222549463",0.006041,1.664145,1.797019,11,11
2003901589346_Node0_Node8_Zero,"[0, 1, 2, 3, 4, 5, 6, 7, 8]",2003.901589,2003.901919,0.016159,8,0,2343.0,"0.006715535550828678,0.006360696852075816,0.0053220512539897905,0.0053220512539897905,0.0053220512539897905,0.0056324852792462845,0.005616082416848059,0.005568069725769537",0.005732,1.664145,1.741072,11,11
2003909783921_Node0_Node8_Zero,"[0, 1, 2, 3, 4, 5, 6, 7, 8]",2003.909784,2003.910034,0.016098,8,0,2343.0,"0.006306125141108773,0.006400453299508238,0.00638454939836288,0.006384698481090298,0.005741823518907809,0.0053220512539897905,0.0053220512539897905,0.0053220512539897905",0.005898,1.664145,1.664145,11,11
2003917978855_Node0_Node8_Zero,"[0, 1, 2, 3, 4, 5, 6, 7, 8]",2003.917979,2003.918329,0.016618,8,0,2343.0,"0.0053220512539897905,0.0053220512539897905,0.006360492973277081,0.006351615186633207,0.0053220512539897905,0.0053220512539897905,0.005568069725769537,0.00561607299229574",0.005648,1.664145,1.756082,11,11
2003926174162_Node0_Node8_Zero,"[0, 1, 2, 3, 4, 5, 6, 7, 8]",2003.926174,2003.926364,0.015958,8,0,2343.0,"0.006383743131753439,0.006306125141108773,0.006306125141108773,0.006306125141108773,0.005746990222549463,0.005741823518907809,0.005741823518907809,0.005741823518907809",0.006034,1.795403,1.795403,11,11
2003934375271_Node0_Node8_Zero,"[0, 1, 2, 3, 4, 5, 6, 7, 8]",2003.934375,2003.934445,0.016038,8,0,2343.0,"0.00796455341767972,0.007536217500007501,0.007536217500007501,0.007638570102437477,0.007658541201430788,0.00583219515707227,0.0053220512539897905,0.00583219515707227",0.006915,1.664145,1.823661,11,11
2003942574470_Node0_Node8_Zero,"[0, 1, 2, 3, 4, 5, 6, 7, 8]",2003.942574,2003.942724,0.016019,8,0,2343.0,"0.006644308475250409,0.006383743131753439,0.006383743131753439,0.006383743131753439,0.0053220512539897905,0.005629192718643834,0.0053220512539897905,0.00583219515707227",0.005988,1.664145,1.823661,11,11
2003950775702_Node0_Node8_Zero,"[0, 1, 2, 3, 4, 5, 6, 7, 8]",2003.950776,2003.950886,0.015998,8,0,2343.0,"0.006738153814840351,0.006400453299508238,0.006306125141108773,0.006400453299508238,0.0053220512539897905,0.0061436747398555345,0.005617920208326183,0.0053220512539897905",0.006031,1.664145,1.664145,11,11
2003958969632_Node0_Node8_Zero,"[0, 1, 2, 3, 4, 5, 6, 7, 8]",2003.95897,2003.95904,0.015718,8,0,2343.0,"0.006306125141108773,0.006362917133630629,0.006306125141108773,0.0053220512539897905,0.0053220512539897905,0.0053220512539897905,0.0053220512539897905,0.005676317853352623",0.005742,1.664145,1.77492,11,11
2003967170305_Node0_Node8_Zero,"[0, 1, 2, 3, 4, 5, 6, 7, 8]",2003.96717,2003.96736,0.016258,8,0,2343.0,"0.006306125141108773,0.0053220512539897905,0.006360832790110344,0.0053220512539897905,0.007536217500007501,0.00561355977129397,0.005568069725769537,0.005616088700753629",0.005956,1.664145,1.756087,11,11
2003975371198_Node0_Node8_Zero,"[0, 1, 2, 3, 4, 5, 6, 7, 8]",2003.975371,2003.975441,0.016238,8,0,2343.0,"0.006306125141108773,0.006306125141108773,0.006306125141108773,0.006371630806663957,0.0053220512539897905,0.0053220512539897905,0.0053220512539897905,0.0053220512539897905",0.005822,1.664145,1.664145,11,11
2003983571595_Node0_Node8_Zero,"[0, 1, 2, 3, 4, 5, 6, 7, 8]",2003.983572,2003.983822,0.016118,8,0,2343.0,"0.006715535550828678,0.006360026523500902,0.006351615186633207,0.00636049413520264,0.0053220512539897905,0.0053220512539897905,0.0053220512539897905,0.0053220512539897905",0.005884,1.664145,1.664145,11,11
2003991764327_Node0_Node8_Zero,"[0, 1, 2, 3, 4, 5, 6, 7, 8]",2003.991764,2003.991934,0.015998,8,0,2343.0,"0.006306125141108773,0.006306125141108773,0.006306125141108773,0.006306125141108773,0.005741823518907809,0.0053220512539897905,0.005741823518907809,0.0053220512539897905",0.005919,1.664145,1.664145,11,11
2003999965115_Node0_Node8_Zero,"[0, 1, 2, 3, 4, 5, 6, 7, 8]",2003.999965,2004.000195,0.016398,8,0,2343.0,"0.0053220512539897905,0.0053220512539897905,0.0053220512539897905,0.006306125141108773,0.0053220512539897905,0.0053220512539897905,0.005568069725769537,0.005568069725769537",0.005507,1.664145,1.741072,11,11
2004008159128_Node0_Node8_Zero,"[0, 1, 2, 3, 4, 5, 6, 7, 8]",2004.008159,2004.008269,0.016098,8,0,2343.0,"0.006383743131753439,0.006306125141108773,0.006383743131753439,0.006306125141108773,0.005746990222549463,0.005741823518907809,0.005746990222549463,0.005741823518907809",0.006045,1.795403,1.795403,11,11
2004016358686_Node0_Node8_Zero,"[0, 1, 2, 3, 4, 5, 6, 7, 8]",2004.016359,2004.016489,0.015738,8,0,2343.0,"0.007945627909727405,0.0053220512539897905,0.0053220512539897905,0.0053220512539897905,0.006739117651441124,0.006199491739234307,0.005676317853352623,0.0053220512539897905",0.005981,1.664145,1.664145,11,11
2004024558381_Node0_Node8_Zero,"[0, 1, 2, 3, 4, 5, 6, 7, 8]",2004.024558,2004.024888,0.016299,8,0,2343.0,"0.006384698481090298,0.006383743131753439,0.0053220512539897905,0.0053220512539897905,0.0053220512539897905,0.00561719192215129,0.005617147759934008,0.005568069725769537",0.005692,1.664145,1.741072,11,11
2004032751683_Node0_Node8_Zero,"[0, 1, 2, 3, 4, 5, 6, 7, 8]",2004.032752,2004.032802,0.015978,8,0,2343.0,"0.006568147803329512,0.0064683682740329105,0.006371630806663957,0.006306125141108773,0.005759265267036663,0.00575262336284541,0.005746183955940023,0.005741823518907809",0.006089,1.795403,1.795403,11,11
2004040949643_Node0_Node8_Zero,"[0, 1, 2, 3, 4, 5, 6, 7, 8]",2004.04095,2004.041,0.015658,8,0,2343.0,"0.0053220512539897905,0.007536217500007501,0.007659006716811905,0.007658988343728637,0.005676317853352623,0.0058237056008517895,0.005831879163299749,0.005831877940280761",0.006418,1.664145,1.823562,11,11
2004049144110_Node0_Node8_Zero,"[0, 1, 2, 3, 4, 5, 6, 7, 8]",2004.049144,2004.049414,0.016318,8,0,2343.0,"0.0053220512539897905,0.0053220512539897905,0.007715351105530385,0.006739117651441124,0.0053220512539897905,0.005568069725769537,0.005568069725769537,0.005678703003031814",0.005904,1.664145,1.775666,11,11
2004057339859_Node0_Node8_Zero,"[0, 1, 2, 3, 4, 5, 6, 7, 8]",2004.05734,2004.05749,0.016118,8,0,2343.0,"0.006371630806663957,0.00639888353811529,0.00640039487067973,0.006400394644537405,0.005746183955940023,0.005747998055811266,0.005748098658872483,0.005748098643819139",0.00607,1.796766,1.797365,11,11
2004065532844_Node0_Node8_Zero,"[0, 1, 2, 3, 4, 5, 6, 7, 8]",2004.065533,2004.065643,0.016198,8,0,2343.0,"0.0053220512539897905,0.006739117651441124,0.0053220512539897905,0.0053220512539897905,0.006739117651441124,0.006078213628852016,0.00563357539132472,0.00583219515707227",0.005874,1.664145,1.823661,11,11
2004073732096_Node0_Node8_Zero,"[0, 1, 2, 3, 4, 5, 6, 7, 8]",2004.073732,2004.073962,0.016018,8,0,2343.0,"0.00638454939836288,0.006384884834499572,0.006384903436508606,0.0063849034337251686,0.0053220512539897905,0.005747066220906122,0.0053220512539897905,0.00583219515707227",0.00597,1.664145,1.823661,11,11
2004081926063_Node0_Node8_Zero,"[0, 1, 2, 3, 4, 5, 6, 7, 8]",2004.081926,2004.082176,0.016358,8,0,2343.0,"0.006568147803329512,0.0053220512539897905,0.006363727511722688,0.006400453299508238,0.0053220512539897905,0.0053220512539897905,0.0053220512539897905,0.0053220512539897905",0.005743,1.664145,1.664145,11,11
2004090121268_Node0_Node8_Zero,"[0, 1, 2, 3, 4, 5, 6, 7, 8]",2004.090121,2004.090171,0.016138,8,0,2343.0,"0.006306125141108773,0.0053220512539897905,0.006306125141108773,0.006400453299508238,0.005741823518907809,0.005676317853352623,0.005741823518907809,0.0057481025482341965",0.005905,1.664145,1.797366,11,11
2004098315193_Node0_Node8_Zero,"[0, 1, 2, 3, 4, 5, 6, 7, 8]",2004.098315,2004.098405,0.016138,8,0,2343.0,"0.0053220512539897905,0.0053220512539897905,0.007536217500007501,0.0053220512539897905,0.007536217500007501,0.0053220512539897905,0.0058237056008517895,0.0053220512539897905",0.005938,1.664145,1.664145,11,11
2004106507298_Node0_Node8_Zero,"[0, 1, 2, 3, 4, 5, 6, 7, 8]",2004.106507,2004.106637,0.015898,8,0,2343.0,"0.006383743131753439,0.006371630806663957,0.0053220512539897905,0.0053220512539897905,0.0053220512539897905,0.005617147759934008,0.0053220512539897905,0.005676317853352623",0.005667,1.664145,1.77492,11,11
2004114701447_Node0_Node8_Zero,"[0, 1, 2, 3, 4, 5, 6, 7, 8]",2004.114701,2004.114831,0.015699,8,0,2343.0,"0.006715535550828678,0.006306125141108773,0.00639888353811529,0.0053220512539897905,0.006739117651441124,0.0056324852792462845,0.00561355977129397,0.0053220512539897905",0.006006,1.664145,1.664145,11,11
2004122893460_Node0_Node8_Zero,"[0, 1, 2, 3, 4, 5, 6, 7, 8]",2004.122893,2004.123063,0.015919,8,0,2343.0,"0.006306125141108773,0.006360689960540389,0.006306125141108773,0.006371630806663957,0.0053220512539897905,0.00561355977129397,0.005616082098278221,0.00561355977129397",0.005939,1.664145,1.755296,11,11
2004131085589_Node0_Node8_Zero,"[0, 1, 2, 3, 4, 5, 6, 7, 8]",2004.131086,2004.131396,0.016078,8,0,2343.0,"0.006568147803329512,0.006363525944548825,0.006360026523500902,0.006306125141108773,0.0053220512539897905,0.0056256720963834515,0.005616213195183991,0.005616051430071775",0.005972,1.664145,1.756076,11,11
2004139286872_Node0_Node8_Zero,"[0, 1, 2, 3, 4, 5, 6, 7, 8]",2004.139287,2004.139537,0.016078,8,0,2343.0,"0.006306125141108773,0.006360026523500902,0.006360492914371924,0.006360026523500902,0.0053220512539897905,0.00561355977129397,0.0053220512539897905,0.0053220512539897905",0.005871,1.664145,1.664145,11,11
2004147480331_Node0_Node8_Zero,"[0, 1, 2, 3, 4, 5, 6, 7, 8]",2004.14748,2004.14779,0.016298,8,0,2343.0,"0.006306125141108773,0.006362266152971572,0.0053220512539897905,0.006360487243667213,0.0053220512539897905,0.00583219515707227,0.005616154959743592,0.005568069725769537",0.005836,1.664145,1.741072,11,11
2004155680580_Node0_Node8_Zero,"[0, 1, 2, 3, 4, 5, 6, 7, 8]",2004.155681,2004.156011,0.016018,8,0,2343.0,"0.006306125141108773,0.006360026523500902,0.006306125141108773,0.006306125141108773,0.0053220512539897905,0.005745411507547847,0.005741823518907809,0.005741823518907809",0.005979,1.664145,1.795403,11,11
2004163873728_Node0_Node8_Zero,"[0, 1, 2, 3, 4, 5, 6, 7, 8]",2004.163874,2004.164024,0.015978,8,0,2343.0,"0.006306125141108773,0.0053220512539897905,0.007748455856406299,0.0053220512539897905,0.0053220512539897905,0.005676317853352623,0.0053220512539897905,0.005680233311521992",0.005837,1.664145,1.776144,11,11
2004172065618_Node0_Node8_Zero,"[0, 1, 2, 3, 4, 5, 6, 7, 8]",2004.172066,2004.172296,0.016598,8,0,2343.0,"0.006306125141108773,0.0053220512539897905,0.006383743131753439,0.006383743131753439,0.0053220512539897905,0.0053220512539897905,0.005568069725769537,0.005617147759934008",0.005778,1.664145,1.756418,11,11
2004180262114_Node0_Node8_Zero,"[0, 1, 2, 3, 4, 5, 6, 7, 8]",2004.180262,2004.180512,0.016378,8,0,2343.0,"0.006306125141108773,0.006371630806663957,0.006306125141108773,0.006372354794456764,0.0053220512539897905,0.0053220512539897905,0.005741823518907809,0.00574623214876664",0.005936,1.664145,1.796782,11,11
2004188455497_Node0_Node8_Zero,"[0, 1, 2, 3, 4, 5, 6, 7, 8]",2004.188455,2004.188545,0.016139,8,0,2343.0,"0.0053220512539897905,0.0053220512539897905,0.0053220512539897905,0.006739117651441124,0.007093384250803958,0.0053220512539897905,0.005676317853352623,0.0057706460117520906",0.005821,1.664145,1.804415,11,11
2004196654414_Node0_Node8_Zero,"[0, 1, 2, 3, 4, 5, 6, 7, 8]",2004.196654,2004.196844,0.015719,8,0,2343.0,"0.00558171093062744,0.0053220512539897905,0.0053220512539897905,0.0053220512539897905,0.006739117651441124,0.006090216721979187,0.005568069725769537,0.005676317853352623",0.005703,1.664145,1.77492,11,11
2004204850989_Node0_Node8_Zero,"[0, 1, 2, 3, 4, 5, 6, 7, 8]",2004.204851,2004.205081,0.016178,8,0,2343.0,"0.006633653468884696,0.006306125141108773,0.006371630806663957,0.0053220512539897905,0.006739117651441124,0.005628700177655822,0.00561355977129397,0.0056165878525663415",0.006029,1.664145,1.756243,11,11
2004213052239_Node0_Node8_Zero,"[0, 1, 2, 3, 4, 5, 6, 7, 8]",2004.213052,2004.213162,0.016298,8,0,2343.0,"0.006568147803329512,0.006448162776967352,0.006351615186633207,0.006371630806663957,0.0053220512539897905,0.0053220512539897905,0.0053220512539897905,0.0053220512539897905",0.005878,1.664145,1.664145,11,11
2004221246901_Node0_Node8_Zero,"[0, 1, 2, 3, 4, 5, 6, 7, 8]",2004.221247,2004.221577,0.015718,8,0,2343.0,"0.006568147803329512,0.00636282606033924,0.006360026523500902,0.00636058643086857,0.0053220512539897905,0.0056256720963834515,0.0053220512539897905,0.005745448778229701",0.005958,1.664145,1.796537,11,11
2004229443729_Node0_Node8_Zero,"[0, 1, 2, 3, 4, 5, 6, 7, 8]",2004.229444,2004.229794,0.016578,8,0,2343.0,"0.006306125141108773,0.006306125141108773,0.0053220512539897905,0.0053220512539897905,0.007536217500007501,0.00561355977129397,0.00561355977129397,0.005568069725769537",0.005948,1.664145,1.741072,11,11
2004237643137_Node0_Node8_Zero,"[0, 1, 2, 3, 4, 5, 6, 7, 8]",2004.237643,2004.237713,0.015998,8,0,2343.0,"0.006306125141108773,0.006362266152971572,0.006306125141108773,0.006384413460328354,0.005741823518907809,0.0057455605902752655,0.005741823518907809,0.005747034843507315",0.006042,1.795403,1.797033,11,11
2004245843554_Node0_Node8_Zero,"[0, 1, 2, 3, 4, 5, 6, 7, 8]",2004.245844,2004.245894,0.015918,8,0,2343.0,"0.007536217500007501,0.008457390921877285,0.007657495610389791,0.007657495610389791,0.007638570102437477,0.00583219515707227,0.0053220512539897905,0.0053220512539897905",0.006928,1.664145,1.664145,11,11
2004254039720_Node0_Node8_Zero,"[0, 1, 2, 3, 4, 5, 6, 7, 8]",2004.25404,2004.25409,0.015758,8,0,2343.0,"0.006641134114914293,0.006384434134934639,0.006383743131753439,0.0053220512539897905,0.0053220512539897905,0.005747036219729023,0.0053220512539897905,0.0053220512539897905",0.005806,1.664145,1.664145,11,11
2004262236649_Node0_Node8_Zero,"[0, 1, 2, 3, 4, 5, 6, 7, 8]",2004.262237,2004.262447,0.016258,8,0,2343.0,"0.006734461058780992,0.0053220512539897905,0.006306125141108773,0.006306125141108773,0.0053220512539897905,0.005633360134508266,0.005568069725769537,0.00561355977129397",0.005851,1.664145,1.755296,11,11
2004270431216_Node0_Node8_Zero,"[0, 1, 2, 3, 4, 5, 6, 7, 8]",2004.270431,2004.270541,0.016158,8,0,2343.0,"0.006306125141108773,0.006384706986198785,0.006306125141108773,0.006306125141108773,0.005741823518907809,0.0053220512539897905,0.0053220512539897905,0.005741823518907809",0.005929,1.664145,1.795403,11,11
2004278629800_Node0_Node8_Zero,"[0, 1, 2, 3, 4, 5, 6, 7, 8]",2004.27863,2004.27896,0.016498,8,0,2343.0,"0.0053220512539897905,0.006363687709661042,0.006351615186633207,0.0053220512539897905,0.0053220512539897905,0.005568069725769537,0.0053220512539897905,0.0053220512539897905",0.005612,1.664145,1.664145,11,11
2004286824711_Node0_Node8_Zero,"[0, 1, 2, 3, 4, 5, 6, 7, 8]",2004.286825,2004.287155,0.016278,8,0,2343.0,"0.006383743131753439,0.006306125141108773,0.006306125141108773,0.0053220512539897905,0.0053220512539897905,0.00583219515707227,0.005741823518907809,0.005676317853352623",0.005861,1.664145,1.77492,11,11
2004295021154_Node0_Node8_Zero,"[0, 1, 2, 3, 4, 5, 6, 7, 8]",2004.295021,2004.295211,0.015978,8,0,2343.0,"0.006306125141108773,0.006351615186633207,0.0053220512539897905,0.007536217500007501,0.007536217500007501,0.00561355977129397,0.006125806508593374,0.0053220512539897905",0.006264,1.664145,1.664145,11,11
2004303213146_Node0_Node8_Zero,"[0, 1, 2, 3, 4, 5, 6, 7, 8]",2004.303213,2004.303403,0.016438,8,0,2343.0,"0.006566402642681467,0.006400453299508238,0.006383743131753439,0.0053220512539897905,0.0053220512539897905,0.005625591424151044,0.005617920208326183,0.005617147759934008",0.005857,1.664145,1.756418,11,11
2004311407100_Node0_Node8_Zero,"[0, 1, 2, 3, 4, 5, 6, 7, 8]",2004.311407,2004.311557,0.016118,8,0,2343.0,"0.006715535550828678,0.006360026523500902,0.006454743506461248,0.006306125141108773,0.005769076250359141,0.005745411507547847,0.005751716419292188,0.005741823518907809",0.006106,1.795403,1.795403,11,11
2004319608565_Node0_Node8_Zero,"[0, 1, 2, 3, 4, 5, 6, 7, 8]",2004.319609,2004.319779,0.016298,8,0,2343.0,"0.0053220512539897905,0.007536217500007501,0.006739117651441124,0.007659309710261034,0.0053220512539897905,0.0058237056008517895,0.0053220512539897905,0.0053220512539897905",0.006131,1.664145,1.664145,11,11
2004327802605_Node0_Node8_Zero,"[0, 1, 2, 3, 4, 5, 6, 7, 8]",2004.327803,2004.327933,0.015678,8,0,2343.0,"0.006388782298062448,0.0053220512539897905,0.006385572378499013,0.0053220512539897905,0.0053220512539897905,0.005676317853352623,0.00574711198782248,0.005676317853352623",0.00573,1.664145,1.77492,11,11
2004335997869_Node0_Node8_Zero,"[0, 1, 2, 3, 4, 5, 6, 7, 8]",2004.335998,2004.336248,0.015938,8,0,2343.0,"0.006306125141108773,0.0053220512539897905,0.0053220512539897905,0.0053220512539897905,0.0053220512539897905,0.00561355977129397,0.005568069725769537,0.005568069725769537",0.005543,1.664145,1.741072,11,11
2004344189973_Node0_Node8_Zero,"[0, 1, 2, 3, 4, 5, 6, 7, 8]",2004.34419,2004.34426,0.016498,8,0,2343.0,"0.006306125141108773,0.006371630806663957,0.006384720996098107,0.006371630806663957,0.0053220512539897905,0.0053220512539897905,0.00583219515707227,0.0056171929629356705",0.005941,1.664145,1.756432,11,11
2004352391643_Node0_Node8_Zero,"[0, 1, 2, 3, 4, 5, 6, 7, 8]",2004.352392,2004.352442,0.016298,8,0,2343.0,"0.006306125141108773,0.006360026523500902,0.006351615186633207,0.006351615186633207,0.005741823518907809,0.005745411507547847,0.005744851600180179,0.005744851600180179",0.006043,1.795403,1.79635,11,11
2004360587229_Node0_Node8_Zero,"[0, 1, 2, 3, 4, 5, 6, 7, 8]",2004.360587,2004.360897,0.016038,8,0,2343.0,"0.0053220512539897905,0.006739117651441124,0.0053220512539897905,0.006739117651441124,0.0076590071498159355,0.005568069725769537,0.00563357539132472,0.005568069725769537",0.006069,1.664145,1.741072,11,11
2004368783025_Node0_Node8_Zero,"[0, 1, 2, 3, 4, 5, 6, 7, 8]",2004.368783,2004.369013,0.015758,8,0,2343.0,"0.006383743131753439,0.0063844065687929255,0.006384303039121106,0.006384303039121106,0.0053220512539897905,0.005747034384766746,0.005747027493231318,0.005747027493231318",0.006012,1.664145,1.79703,11,11
2004376984065_Node0_Node8_Zero,"[0, 1, 2, 3, 4, 5, 6, 7, 8]",2004.376984,2004.377074,0.015838,8,0,2343.0,"0.0053220512539897905,0.0053220512539897905,0.007638570102437477,0.0053220512539897905,0.0053220512539897905,0.005568069725769537,0.005568069725769537,0.005675153705187591",0.005717,1.664145,1.774556,11,11
2004385179840_Node0_Node8_Zero,"[0, 1, 2, 3, 4, 5, 6, 7, 8]",2004.38518,2004.38545,0.016398,8,0,2343.0,"0.006306125141108773,0.006384706646905086,0.006384705372625727,0.006384705372625727,0.0053220512539897905,0.00561355977129397,0.005617192299626287,0.005617192240721131",0.005954,1.664145,1.756432,11,11
2004393372280_Node0_Node8_Zero,"[0, 1, 2, 3, 4, 5, 6, 7, 8]",2004.393372,2004.393442,0.016038,8,0,2343.0,"0.006306125141108773,0.006351615186633207,0.006351615186633207,0.006371415549847502,0.005741823518907809,0.005744851600180179,0.005744851600180179,0.005746169627197829",0.006045,1.795403,1.796762,11,11
2004401568087_Node0_Node8_Zero,"[0, 1, 2, 3, 4, 5, 6, 7, 8]",2004.401568,2004.401718,0.015558,8,0,2343.0,"0.00797832013457185,0.0053220512539897905,0.0053220512539897905,0.006739117651441124,0.007659006849348508,0.005690859075110541,0.005676317853352623,0.0057706460117520906",0.00627,1.664145,1.804415,11,11
2004409761195_Node0_Node8_Zero,"[0, 1, 2, 3, 4, 5, 6, 7, 8]",2004.409761,2004.409871,0.016118,8,0,2343.0,"0.006383743131753439,0.006384303039121106,0.0053220512539897905,0.0053220512539897905,0.007712666117553074,0.005617147759934008,0.005617173642351962,0.005568069725769537",0.005991,1.664145,1.741072,11,11
2004417957953_Node0_Node8_Zero,"[0, 1, 2, 3, 4, 5, 6, 7, 8]",2004.417958,2004.418168,0.016438,8,0,2343.0,"0.006738239915468577,0.006374319551273105,0.006371630806663957,0.0063890725547928115,0.005770587584554889,0.005746362934375926,0.005746183955940023,0.0053220512539897905",0.006057,1.664145,1.664145,11,11
2004426156035_Node0_Node8_Zero,"[0, 1, 2, 3, 4, 5, 6, 7, 8]",2004.426156,2004.426506,0.016278,8,0,2343.0,"0.0053220512539897905,0.006739117651441124,0.006739117651441124,0.0053220512539897905,0.0053220512539897905,0.0053220512539897905,0.0053220512539897905,0.0053220512539897905",0.005676,1.664145,1.664145,11,11
2004434349809_Node0_Node8_Zero,"[0, 1, 2, 3, 4, 5, 6, 7, 8]",2004.43435,2004.43466,0.016298,8,0,2343.0,"0.006389061751311912,0.006384582492370572,0.00638454939836288,0.0053220512539897905,0.0053220512539897905,0.0053220512539897905,0.0053220512539897905,0.00583219515707227",0.005785,1.664145,1.823661,11,11
2004442549425_Node0_Node8_Zero,"[0, 1, 2, 3, 4, 5, 6, 7, 8]",2004.442549,2004.442839,0.016299,8,0,2343.0,"0.006306125141108773,0.006306125141108773,0.006306125141108773,0.006306125141108773,0.005741823518907809,0.005741823518907809,0.005741823518907809,0.0053220512539897905",0.005972,1.664145,1.664145,11,11
2004450746822_Node0_Node8_Zero,"[0, 1, 2, 3, 4, 5, 6, 7, 8]",2004.450747,2004.450797,0.016238,8,0,2343.0,"0.0053220512539897905,0.0053220512539897905,0.0053220512539897905,0.006400453299508238,0.005676317853352623,0.005676317853352623,0.005676317853352623,0.0057481025482341965",0.005643,1.664145,1.797366,11,11
2004458942520_Node0_Node8_Zero,"[0, 1, 2, 3, 4, 5, 6, 7, 8]",2004.458943,2004.459013,0.015718,8,0,2343.0,"0.0053220512539897905,0.007710857978957999,0.007710857978957999,0.006739117651441124,0.005676317853352623,0.005835330684045513,0.005835330684045513,0.0057706460117520906",0.006325,1.664145,1.804415,11,11
2004467141121_Node0_Node8_Zero,"[0, 1, 2, 3, 4, 5, 6, 7, 8]",2004.467141,2004.467451,0.016278,8,0,2343.0,"0.0053220512539897905,0.0053220512539897905,0.007683605247506666,0.007683605247506666,0.00771347028277259,0.005568069725769537,0.005568069725769537,0.005677235511062345",0.006317,1.664145,1.775207,11,11
2004475338631_Node0_Node8_Zero,"[0, 1, 2, 3, 4, 5, 6, 7, 8]",2004.475339,2004.475409,0.018359,8,1,2343.0,"0.006371630806663957,0.006401033074123226,0.006401033074123226,0.0063890725547928115,0.005746183955940023,0.0056165878525663415,0.005617947009132479,0.0053220512539897905",0.005983,1.244709,1.664145,11,11
2004483540062_Node0_Node8_Zero,"[0, 1, 2, 3, 4, 5, 6, 7, 8]",2004.48354,2004.48369,0.016158,8,0,2343.0,"0.006748310476625856,0.006119151102556166,0.005912535197087093,0.0053220512539897905,0.0053220512539897905,0.0053220512539897905,0.005875592815494218,0.0053220512539897905",0.005743,1.664145,1.664145,11,11
2004491741686_Node0_Node8_Zero,"[0, 1, 2, 3, 4, 5, 6, 7, 8]",2004.491742,2004.491992,0.016318,8,0,2343.0,"0.007980137040663712,0.007712672078829242,0.007658755401967045,0.0053220512539897905,0.0053220512539897905,0.0053220512539897905,0.005678579161673771,0.0053220512539897905",0.00629,1.664145,1.664145,11,11
2004499940684_Node0_Node8_Zero,"[0, 1, 2, 3, 4, 5, 6, 7, 8]",2004.499941,2004.500071,0.016238,8,0,2343.0,"0.0065521436128885184,0.006306125141108773,0.006408477743538749,0.006306125141108773,0.005758199935296605,0.005741823518907809,0.005748636701770642,0.005741823518907809",0.00607,1.795403,1.795403,11,11
2004508135853_Node0_Node8_Zero,"[0, 1, 2, 3, 4, 5, 6, 7, 8]",2004.508136,2004.508486,0.016238,8,0,2343.0,"0.0053220512539897905,0.0053220512539897905,0.0053220512539897905,0.007684546033740691,0.0053220512539897905,0.005568069725769537,0.0053220512539897905,0.0053220512539897905",0.005648,1.664145,1.664145,11,11
2004516330374_Node0_Node8_Zero,"[0, 1, 2, 3, 4, 5, 6, 7, 8]",2004.51633,2004.51662,0.016079,8,0,2343.0,"0.006386771213025809,0.006383743131753439,0.00638500292333069,0.006383743131753439,0.0053220512539897905,0.006127431639858404,0.005747074081583635,0.005746990222549463",0.00606,1.664145,1.797019,11,11
2004524529892_Node0_Node8_Zero,"[0, 1, 2, 3, 4, 5, 6, 7, 8]",2004.52453,2004.52462,0.016098,8,0,2343.0,"0.006306125141108773,0.006351615186633207,0.0053220512539897905,0.0053220512539897905,0.0053220512539897905,0.00561355977129397,0.0053220512539897905,0.0053220512539897905",0.00561,1.664145,1.664145,11,11
2004532726110_Node0_Node8_Zero,"[0, 1, 2, 3, 4, 5, 6, 7, 8]",2004.532726,2004.532956,0.015898,8,0,2343.0,"0.006306125141108773,0.006455044001357809,0.006384713987045013,0.0053220512539897905,0.0053220512539897905,0.00561355977129397,0.00583219515707227,0.0053220512539897905",0.00582,1.664145,1.664145,11,11
2004540918055_Node0_Node8_Zero,"[0, 1, 2, 3, 4, 5, 6, 7, 8]",2004.540918,2004.541188,0.016458,8,0,2343.0,"0.006306125141108773,0.006360026523500902,0.006306125141108773,0.0053220512539897905,0.0053220512539897905,0.00561355977129397,0.005616051430071775,0.00561355977129397",0.005807,1.664145,1.755296,11,11
2004549118649_Node0_Node8_Zero,"[0, 1, 2, 3, 4, 5, 6, 7, 8]",2004.549119,2004.549349,0.016418,8,0,2343.0,"0.006306125141108773,0.006360026523500902,0.006400453299508238,0.006306125141108773,0.005741823518907809,0.0053220512539897905,0.0053220512539897905,0.005741823518907809",0.005938,1.664145,1.795403,11,11
2004557310527_Node0_Node8_Zero,"[0, 1, 2, 3, 4, 5, 6, 7, 8]",2004.557311,2004.557661,0.016538,8,0,2343.0,"0.0053220512539897905,0.006360026523500902,0.006360487243667213,0.0053220512539897905,0.0053220512539897905,0.005745411507547847,0.005745442175754294,0.0053220512539897905",0.005687,1.664145,1.664145,11,11
2004565511471_Node0_Node8_Zero,"[0, 1, 2, 3, 4, 5, 6, 7, 8]",2004.565511,2004.565761,0.016339,8,0,2343.0,"0.006383743131753439,0.0053220512539897905,0.0053220512539897905,0.006383743131753439,0.005746990222549463,0.005676317853352623,0.005676317853352623,0.005746990222549463",0.005782,1.664145,1.797019,11,11
2004573709139_Node0_Node8_Zero,"[0, 1, 2, 3, 4, 5, 6, 7, 8]",2004.573709,2004.573939,0.016618,8,0,2343.0,"0.007536217500007501,0.007536217500007501,0.007712350712296844,0.007712363471382447,0.0058237056008517895,0.0058237056008517895,0.005835430049034399,0.0053220512539897905",0.006663,1.664145,1.664145,11,11
2004581903106_Node0_Node8_Zero,"[0, 1, 2, 3, 4, 5, 6, 7, 8]",2004.581903,2004.582013,0.016278,8,0,2343.0,"0.005582328755562484,0.006739117651441124,0.0053220512539897905,0.006384698481090298,0.005693643433466812,0.0057706460117520906,0.005676317853352623,0.00574705381614235",0.005864,1.664145,1.797038,11,11
2004590095211_Node0_Node8_Zero,"[0, 1, 2, 3, 4, 5, 6, 7, 8]",2004.590095,2004.590365,0.015898,8,0,2343.0,"0.006739117651441124,0.0053220512539897905,0.007744923893272166,0.007749801688727377,0.007536217500007501,0.00583219515707227,0.005837598308884567,0.0053220512539897905",0.00651,1.664145,1.664145,11,11
2004598289373_Node0_Node8_Zero,"[0, 1, 2, 3, 4, 5, 6, 7, 8]",2004.598289,2004.598339,0.016239,8,0,2343.0,"0.006620852864834717,0.0063890725547928115,0.0053220512539897905,0.006384710239863591,0.0053220512539897905,0.0053220512539897905,0.00583219515707227,0.005568069725769537",0.005845,1.664145,1.741072,11,11
2004606485523_Node0_Node8_Zero,"[0, 1, 2, 3, 4, 5, 6, 7, 8]",2004.606486,2004.606816,0.016078,8,0,2343.0,"0.0053220512539897905,0.006400453299508238,0.006401452369294092,0.006306125141108773,0.0053220512539897905,0.005568069725769537,0.0053220512539897905,0.0053220512539897905",0.005746,1.664145,1.664145,11,11
2004614682885_Node0_Node8_Zero,"[0, 1, 2, 3, 4, 5, 6, 7, 8]",2004.614683,2004.614873,0.016218,8,0,2343.0,"0.006306125141108773,0.006306125141108773,0.0053220512539897905,0.006351615186633207,0.0053220512539897905,0.00561355977129397,0.0053220512539897905,0.0053220512539897905",0.005733,1.664145,1.664145,11,11
2004622882611_Node0_Node8_Zero,"[0, 1, 2, 3, 4, 5, 6, 7, 8]",2004.622883,2004.623033,0.015978,8,0,2343.0,"0.006306125141108773,0.006351615186633207,0.0053220512539897905,0.006306125141108773,0.0053220512539897905,0.005744851600180179,0.005676317853352623,0.005741823518907809",0.005846,1.664145,1.795403,11,11
2004631082187_Node0_Node8_Zero,"[0, 1, 2, 3, 4, 5, 6, 7, 8]",2004.631082,2004.631352,0.015718,8,0,2343.0,"0.006306125141108773,0.0053220512539897905,0.0053220512539897905,0.007536217500007501,0.006739117651441124,0.00561355977129397,0.005568069725769537,0.005568069725769537",0.005997,1.664145,1.741072,11,11
2004639279897_Node0_Node8_Zero,"[0, 1, 2, 3, 4, 5, 6, 7, 8]",2004.63928,2004.63935,0.016438,8,0,2343.0,"0.006306125141108773,0.006384303039121106,0.006371630806663957,0.006383743131753439,0.0053220512539897905,0.00561355977129397,0.005617173642351962,0.0056165878525663415",0.005952,1.664145,1.756243,11,11
2004647479187_Node0_Node8_Zero,"[0, 1, 2, 3, 4, 5, 6, 7, 8]",2004.647479,2004.647809,0.016498,8,0,2343.0,"0.006568147803329512,0.006360026523500902,0.006351615186633207,0.006351615186633207,0.0053220512539897905,0.005745411507547847,0.005744851600180179,0.005744851600180179",0.006024,1.664145,1.79635,11,11
2004655672975_Node0_Node8_Zero,"[0, 1, 2, 3, 4, 5, 6, 7, 8]",2004.655673,2004.655823,0.015658,8,0,2343.0,"0.0053220512539897905,0.0053220512539897905,0.007657495610389791,0.006739117651441124,0.005676317853352623,0.005676317853352623,0.005831778575291876,0.0057706460117520906",0.005999,1.664145,1.804415,11,11
2004663869966_Node0_Node8_Zero,"[0, 1, 2, 3, 4, 5, 6, 7, 8]",2004.66387,2004.66404,0.016178,8,0,2343.0,"0.0053220512539897905,0.0053220512539897905,0.007712350712296844,0.00771211777053525,0.00771211777053525,0.005568069725769537,0.005568069725769537,0.005678564306104102",0.006324,1.664145,1.775623,11,11
2004672068791_Node0_Node8_Zero,"[0, 1, 2, 3, 4, 5, 6, 7, 8]",2004.672069,2004.672399,0.016358,8,0,2343.0,"0.006371630806663957,0.006371630806663957,0.006400376271454135,0.0063890725547928115,0.0053220512539897905,0.00583219515707227,0.0056165878525663415,0.0053220512539897905",0.005953,1.664145,1.664145,11,11
2004680261449_Node0_Node8_Zero,"[0, 1, 2, 3, 4, 5, 6, 7, 8]",2004.680261,2004.680451,0.016099,8,0,2343.0,"0.0067480603903506105,0.006351615186633207,0.006351615186633207,0.006372046187009969,0.005771241292321791,0.005744851600180179,0.0053220512539897905,0.0057462116060650595",0.006051,1.664145,1.796775,11,11
2004688455131_Node0_Node8_Zero,"[0, 1, 2, 3, 4, 5, 6, 7, 8]",2004.688455,2004.688625,0.015838,8,0,2343.0,"0.0053220512539897905,0.0053220512539897905,0.00636058643086857,0.0053220512539897905,0.0053220512539897905,0.00583219515707227,0.005745448778229701,0.005676317853352623",0.005613,1.664145,1.77492,11,11
2004696649183_Node0_Node8_Zero,"[0, 1, 2, 3, 4, 5, 6, 7, 8]",2004.696649,2004.696739,0.016458,8,0,2343.0,"0.006389182625146551,0.006384303039121106,0.0053220512539897905,0.0053220512539897905,0.0053220512539897905,0.0053220512539897905,0.005617173642351962,0.005568069725769537",0.005656,1.664145,1.741072,11,11
2004704845728_Node0_Node8_Zero,"[0, 1, 2, 3, 4, 5, 6, 7, 8]",2004.704846,2004.705036,0.015898,8,0,2343.0,"0.006306125141108773,0.006400453299508238,0.006384413460328354,0.006371630806663957,0.005741823518907809,0.0057481025482341965,0.005747034843507315,0.005746183955940023",0.006056,1.795403,1.796766,11,11
2004713039731_Node0_Node8_Zero,"[0, 1, 2, 3, 4, 5, 6, 7, 8]",2004.71304,2004.71327,0.016338,8,0,2343.0,"0.0053220512539897905,0.0053220512539897905,0.007536217500007501,0.007658999111752741,0.007638570102437477,0.005568069725769537,0.005568069725769537,0.0056704223281995115",0.006286,1.664145,1.773077,11,11
2004721239457_Node0_Node8_Zero,"[0, 1, 2, 3, 4, 5, 6, 7, 8]",2004.721239,2004.721549,0.016219,8,0,2343.0,"0.006383743131753439,0.0063849041556710345,0.006384706731728511,0.00638454939836288,0.005746990222549463,0.0053220512539897905,0.0057470543653526844,0.005747043892331334",0.006013,1.664145,1.797035,11,11
2004729439333_Node0_Node8_Zero,"[0, 1, 2, 3, 4, 5, 6, 7, 8]",2004.729439,2004.729609,0.015978,8,0,2343.0,"0.0053220512539897905,0.006351615186633207,0.0053220512539897905,0.006739117651441124,0.0053220512539897905,0.0053220512539897905,0.00583219515707227,0.0053220512539897905",0.005692,1.664145,1.664145,11,11
2004737638290_Node0_Node8_Zero,"[0, 1, 2, 3, 4, 5, 6, 7, 8]",2004.737638,2004.737788,0.016158,8,0,2343.0,"0.006384698481090298,0.006306125141108773,0.006384710341415328,0.006384708404901316,0.0053220512539897905,0.00583219515707227,0.00561355977129397,0.00583219515707227",0.006008,1.664145,1.823661,11,11
2004745830857_Node0_Node8_Zero,"[0, 1, 2, 3, 4, 5, 6, 7, 8]",2004.745831,2004.746021,0.016158,8,0,2343.0,"0.006306125141108773,0.006306125141108773,0.006400453299508238,0.006306125141108773,0.0053220512539897905,0.00561355977129397,0.00561355977129397,0.0053220512539897905",0.005899,1.664145,1.664145,11,11
2004754032314_Node0_Node8_Zero,"[0, 1, 2, 3, 4, 5, 6, 7, 8]",2004.754032,2004.754202,0.015818,8,0,2343.0,"0.006306125141108773,0.006400453299508238,0.006360026523500902,0.006400453299508238,0.0053220512539897905,0.0053220512539897905,0.005745411507547847,0.0057481025482341965",0.005951,1.664145,1.797366,11,11
2004762228111_Node0_Node8_Zero,"[0, 1, 2, 3, 4, 5, 6, 7, 8]",2004.762228,2004.762498,0.015878,8,0,2343.0,"0.006306125141108773,0.006360026523500902,0.0053220512539897905,0.006739117651441124,0.0053220512539897905,0.00561355977129397,0.005616051430071775,0.005568069725769537",0.005856,1.664145,1.741072,11,11
2004770427311_Node0_Node8_Zero,"[0, 1, 2, 3, 4, 5, 6, 7, 8]",2004.770427,2004.770737,0.016498,8,0,2343.0,"0.006306125141108773,0.006306125141108773,0.0063844065687929255,0.0063849041556710345,0.0053220512539897905,0.00561355977129397,0.00561355977129397,0.005617178428140454",0.005943,1.664145,1.756428,11,11
2004778622823_Node0_Node8_Zero,"[0, 1, 2, 3, 4, 5, 6, 7, 8]",2004.778623,2004.778753,0.016178,8,0,2343.0,"0.006306125141108773,0.006360026523500902,0.006360487243667213,0.006351615186633207,0.005741823518907809,0.005745411507547847,0.005745442175754294,0.005744851600180179",0.006044,1.795403,1.79635,11,11
2004786816110_Node0_Node8_Zero,"[0, 1, 2, 3, 4, 5, 6, 7, 8]",2004.786816,2004.786986,0.016358,8,0,2343.0,"0.006739117651441124,0.006739117651441124,0.007657495610389791,0.007657495610389791,0.007659001102814239,0.00563357539132472,0.00563357539132472,0.0053220512539897905",0.00663,1.664145,1.664145,11,11
2004795008291_Node0_Node8_Zero,"[0, 1, 2, 3, 4, 5, 6, 7, 8]",2004.795008,2004.795138,0.016198,8,0,2343.0,"0.006644020633326133,0.0063844065687929255,0.006384412239497638,0.006384303039121106,0.005764315802663652,0.005747034384766746,0.005747034762241742,0.005747027493231318",0.0061,1.79703,1.79703,11,11
2004803208815_Node0_Node8_Zero,"[0, 1, 2, 3, 4, 5, 6, 7, 8]",2004.803209,2004.803479,0.016258,8,0,2343.0,"0.006739117651441124,0.006739117651441124,0.00766582283388881,0.00766582283388881,0.007536217500007501,0.00563357539132472,0.00563357539132472,0.005676413496764844",0.006661,1.761555,1.77495,11,11
2004811403259_Node0_Node8_Zero,"[0, 1, 2, 3, 4, 5, 6, 7, 8]",2004.811403,2004.811553,0.016178,8,0,2343.0,"0.006387902067481313,0.006384706646905086,0.006384706716702099,0.006384705372625727,0.005747267065433337,0.005747054359706345,0.0053220512539897905,0.005747054274882919",0.006013,1.664145,1.797039,11,11
2004819601091_Node0_Node8_Zero,"[0, 1, 2, 3, 4, 5, 6, 7, 8]",2004.819601,2004.819931,0.016418,8,0,2343.0,"0.0053220512539897905,0.006739117651441124,0.0053220512539897905,0.0053220512539897905,0.0053220512539897905,0.005568069725769537,0.00563357539132472,0.005568069725769537",0.0056,1.664145,1.741072,11,11
2004827799789_Node0_Node8_Zero,"[0, 1, 2, 3, 4, 5, 6, 7, 8]",2004.8278,2004.82791,0.015438,8,0,2343.0,"0.006384749670723742,0.006384710340371293,0.006306125141108773,0.006384710324687016,0.0057470572236212525,0.005747054605564878,0.005741823518907809,0.005747054604520842",0.006055,1.795403,1.797039,11,11
2004835992840_Node0_Node8_Zero,"[0, 1, 2, 3, 4, 5, 6, 7, 8]",2004.835993,2004.836243,0.015738,8,0,2343.0,"0.007536217500007501,0.007536217500007501,0.007638570102437477,0.00766582283388881,0.007638570102437477,0.0056704223281995115,0.0056704223281995115,0.005675153705187591",0.006879,1.773077,1.774556,11,11
2004844189899_Node0_Node8_Zero,"[0, 1, 2, 3, 4, 5, 6, 7, 8]",2004.84419,2004.84436,0.015958,8,0,2343.0,"0.006384710869923478,0.006384710385831764,0.006383743131753439,0.006384710385638716,0.0053220512539897905,0.0056171924948405895,0.005617192472462847,0.005617147759934008",0.005964,1.664145,1.756418,11,11
2004852381665_Node0_Node8_Zero,"[0, 1, 2, 3, 4, 5, 6, 7, 8]",2004.852382,2004.852672,0.016378,8,0,2343.0,"0.006734461058780992,0.006370540694585521,0.006370540694585521,0.006371415549847502,0.0053220512539897905,0.005633360134508266,0.005616537460772874,0.005616537460772874",0.006004,1.664145,1.756227,11,11
2004860580927_Node0_Node8_Zero,"[0, 1, 2, 3, 4, 5, 6, 7, 8]",2004.860581,2004.860791,0.016318,8,0,2343.0,"0.006306125141108773,0.006360698232248289,0.006360698228110533,0.006360689960540389,0.005741823518907809,0.0053220512539897905,0.005745456220102551,0.0053220512539897905",0.00594,1.664145,1.664145,11,11
2004868780372_Node0_Node8_Zero,"[0, 1, 2, 3, 4, 5, 6, 7, 8]",2004.86878,2004.86905,0.016499,8,0,2343.0,"0.007972791086540034,0.0053220512539897905,0.0053220512539897905,0.006360577113173999,0.005852766470898197,0.0053220512539897905,0.00583219515707227,0.006078213628852016",0.006008,1.664145,1.900588,11,11
2004876974774_Node0_Node8_Zero,"[0, 1, 2, 3, 4, 5, 6, 7, 8]",2004.876975,2004.877325,0.016278,8,0,2343.0,"0.0053220512539897905,0.006306125141108773,0.006384414836367852,0.006306125141108773,0.005676317853352623,0.005741823518907809,0.005747034935104486,0.005741823518907809",0.005903,1.664145,1.795403,11,11
2004885169355_Node0_Node8_Zero,"[0, 1, 2, 3, 4, 5, 6, 7, 8]",2004.885169,2004.885319,0.016079,8,0,2343.0,"0.0053220512539897905,0.0053220512539897905,0.0053220512539897905,0.007748455856406299,0.005676317853352623,0.005676317853352623,0.005676317853352623,0.005837833416836161",0.005823,1.664145,1.825424,11,11
2004893362725_Node0_Node8_Zero,"[0, 1, 2, 3, 4, 5, 6, 7, 8]",2004.893363,2004.893473,0.015898,8,0,2343.0,"0.00560302427675051,0.006739117651441124,0.007710857978957999,0.007713026117009654,0.007710857978957999,0.005581058054962929,0.005835330684045513,0.005835475007889432",0.006591,1.745133,1.824687,11,11
2004901559423_Node0_Node8_Zero,"[0, 1, 2, 3, 4, 5, 6, 7, 8]",2004.901559,2004.901669,0.016199,8,0,2343.0,"0.006371630806663957,0.006371630806663957,0.0053220512539897905,0.0053220512539897905,0.0053220512539897905,0.0056165878525663415,0.0056165878525663415,0.005568069725769537",0.005689,1.664145,1.741072,11,11
2004909754295_Node0_Node8_Zero,"[0, 1, 2, 3, 4, 5, 6, 7, 8]",2004.909754,2004.909824,0.016698,8,0,2343.0,"0.006747827448589019,0.006354016793642711,0.006401033074123226,0.006401059760323587,0.005771225786367077,0.0053220512539897905,0.00583219515707227,0.0053220512539897905",0.006019,1.664145,1.664145,11,11
2004917952212_Node0_Node8_Zero,"[0, 1, 2, 3, 4, 5, 6, 7, 8]",2004.917952,2004.918282,0.016138,8,0,2343.0,"0.0053220512539897905,0.00636058643086857,0.00636058643086857,0.006351615186633207,0.005676317853352623,0.005745448778229701,0.005745448778229701,0.005744851600180179",0.005913,1.664145,1.79635,11,11
2004926148881_Node0_Node8_Zero,"[0, 1, 2, 3, 4, 5, 6, 7, 8]",2004.926149,2004.926319,0.016418,8,0,2343.0,"0.0053220512539897905,0.0053220512539897905,0.007536217500007501,0.007748455856406299,0.007536217500007501,0.005568069725769537,0.0053220512539897905,0.0056704223281995115",0.006253,1.664145,1.773077,11,11
2004934349506_Node0_Node8_Zero,"[0, 1, 2, 3, 4, 5, 6, 7, 8]",2004.93435,2004.9345,0.016258,8,0,2343.0,"0.006617649278443703,0.006384413460328354,0.006384413460328354,0.006384303039121106,0.005762560372328818,0.005747034843507315,0.005747034843507315,0.005747027493231318",0.006097,1.79703,1.79703,11,11
2004942544210_Node0_Node8_Zero,"[0, 1, 2, 3, 4, 5, 6, 7, 8]",2004.942544,2004.942734,0.016358,8,0,2343.0,"0.0053220512539897905,0.0053220512539897905,0.0053220512539897905,0.007536217500007501,0.007681152495330185,0.0053220512539897905,0.0053220512539897905,0.0053220512539897905",0.005894,1.664145,1.664145,11,11
2004950745064_Node0_Node8_Zero,"[0, 1, 2, 3, 4, 5, 6, 7, 8]",2004.950745,2004.951055,0.016258,8,0,2343.0,"0.006387577479635251,0.0053220512539897905,0.006384706731728511,0.006384705372625727,0.0053220512539897905,0.0053220512539897905,0.00583219515707227,0.0053220512539897905",0.005785,1.664145,1.664145,11,11
2004958937297_Node0_Node8_Zero,"[0, 1, 2, 3, 4, 5, 6, 7, 8]",2004.958937,2004.959107,0.015798,8,0,2343.0,"0.006742334756138818,0.006306125141108773,0.006306125141108773,0.006306125141108773,0.0057708601608999766,0.005741823518907809,0.005741823518907809,0.005741823518907809",0.006082,1.795403,1.795403,11,11
2004967135043_Node0_Node8_Zero,"[0, 1, 2, 3, 4, 5, 6, 7, 8]",2004.967135,2004.967205,0.016138,8,0,2343.0,"0.006739117651441124,0.007536217500007501,0.0053220512539897905,0.007748455856406299,0.006739117651441124,0.00563357539132472,0.0053220512539897905,0.005568069725769537",0.006326,1.664145,1.741072,11,11
2004975330107_Node0_Node8_Zero,"[0, 1, 2, 3, 4, 5, 6, 7, 8]",2004.97533,2004.97548,0.016098,8,0,2343.0,"0.006389112152041,0.006383743131753439,0.006383743131753439,0.006383743131753439,0.005747347615680121,0.005746990222549463,0.005746990222549463,0.0053220512539897905",0.006013,1.664145,1.664145,11,11
2004983522682_Node0_Node8_Zero,"[0, 1, 2, 3, 4, 5, 6, 7, 8]",2004.983523,2004.983693,0.016298,8,0,2343.0,"0.0053220512539897905,0.0053220512539897905,0.006739117651441124,0.006351615186633207,0.005676317853352623,0.0053220512539897905,0.005568069725769537,0.00563357539132472",0.005742,1.664145,1.761555,11,11
2004991718918_Node0_Node8_Zero,"[0, 1, 2, 3, 4, 5, 6, 7, 8]",2004.991719,2004.991949,0.015918,8,0,2343.0,"0.0053220512539897905,0.006384698481090298,0.006384698481090298,0.006306125141108773,0.005676317853352623,0.0053220512539897905,0.0053220512539897905,0.0053220512539897905",0.005755,1.664145,1.664145,11,11
2004999913071_Node0_Node8_Zero,"[0, 1, 2, 3, 4, 5, 6, 7, 8]",2004.999913,2005.000143,0.015738,8,0,2343.0,"0.0053220512539897905,0.0053220512539897905,0.0053220512539897905,0.006363727511722688,0.0053220512539897905,0.00583219515707227,0.0053220512539897905,0.005568069725769537",0.005547,1.664145,1.741072,11,11
2005008109314_Node0_Node8_Zero,"[0, 1, 2, 3, 4, 5, 6, 7, 8]",2005.008109,2005.008439,0.016378,8,0,2343.0,"0.006371630806663957,0.006306125141108773,0.006306125141108773,0.006306125141108773,0.0053220512539897905,0.0056165878525663415,0.00561355977129397,0.00561355977129397",0.005932,1.664145,1.755296,11,11
2005016304492_Node0_Node8_Zero,"[0, 1, 2, 3, 4, 5, 6, 7, 8]",2005.016304,2005.016654,0.016159,8,0,2343.0,"0.006306125141108773,0.006400453299508238,0.006306125141108773,0.006351615186633207,0.0053220512539897905,0.00583219515707227,0.005741823518907809,0.005744851600180179",0.006001,1.664145,1.79635,11,11
2005024500073_Node0_Node8_Zero,"[0, 1, 2, 3, 4, 5, 6, 7, 8]",2005.0245,2005.02475,0.016238,8,0,2343.0,"0.006306125141108773,0.00636058643086857,0.0053220512539897905,0.0053220512539897905,0.0053220512539897905,0.0053220512539897905,0.0053220512539897905,0.005568069725769537",0.005606,1.664145,1.741072,11,11
2005032692895_Node0_Node8_Zero,"[0, 1, 2, 3, 4, 5, 6, 7, 8]",2005.032693,2005.032863,0.016358,8,0,2343.0,"0.006306125141108773,0.006400453299508238,0.006383743131753439,0.006384303039121106,0.005741823518907809,0.0057481025482341965,0.005746990222549463,0.0053220512539897905",0.006004,1.664145,1.664145,11,11
2005040887332_Node0_Node8_Zero,"[0, 1, 2, 3, 4, 5, 6, 7, 8]",2005.040887,2005.040977,0.016058,8,0,2343.0,"0.0053220512539897905,0.0053220512539897905,0.006739117651441124,0.006351615186633207,0.005676317853352623,0.005676317853352623,0.0057706460117520906,0.005744851600180179",0.005825,1.664145,1.79635,11,11
2005049080032_Node0_Node8_Zero,"[0, 1, 2, 3, 4, 5, 6, 7, 8]",2005.04908,2005.04943,0.016098,8,0,2343.0,"0.0053220512539897905,0.0053220512539897905,0.0053220512539897905,0.007713007514965935,0.006739117651441124,0.005568069725769537,0.0053220512539897905,0.0053220512539897905",0.005829,1.664145,1.664145,11,11
2005057280704_Node0_Node8_Zero,"[0, 1, 2, 3, 4, 5, 6, 7, 8]",2005.057281,2005.057591,0.016318,8,0,2343.0,"0.006371630806663957,0.006371630806663957,0.0053220512539897905,0.006384303039121106,0.0053220512539897905,0.0056165878525663415,0.0056165878525663415,0.005568069725769537",0.005822,1.664145,1.741072,11,11
2005065482307_Node0_Node8_Zero,"[0, 1, 2, 3, 4, 5, 6, 7, 8]",2005.065482,2005.065652,0.015918,8,0,2343.0,"0.006568147803329512,0.006351615186633207,0.006306125141108773,0.006306125141108773,0.005759265267036663,0.005744851600180179,0.005741823518907809,0.0053220512539897905",0.006013,1.664145,1.664145,11,11
2005073679742_Node0_Node8_Zero,"[0, 1, 2, 3, 4, 5, 6, 7, 8]",2005.07368,2005.07403,0.016218,8,0,2343.0,"0.0053220512539897905,0.006739117651441124,0.0053220512539897905,0.006351615186633207,0.0053220512539897905,0.005568069725769537,0.00563357539132472,0.005568069725769537",0.005728,1.664145,1.741072,11,11
2005081875841_Node0_Node8_Zero,"[0, 1, 2, 3, 4, 5, 6, 7, 8]",2005.081876,2005.082166,0.016318,8,0,2343.0,"0.006386968198191205,0.006384303039121106,0.006383743131753439,0.006306125141108773,0.0053220512539897905,0.0053220512539897905,0.005617173642351962,0.0053220512539897905",0.005881,1.664145,1.664145,11,11
2005090076042_Node0_Node8_Zero,"[0, 1, 2, 3, 4, 5, 6, 7, 8]",2005.090076,2005.090246,0.015738,8,0,2343.0,"0.006306125141108773,0.006351615186633207,0.006363727511722688,0.006351615186633207,0.0053220512539897905,0.005744851600180179,0.0057456578667896205,0.005744851600180179",0.005991,1.664145,1.79635,11,11
2005098273589_Node0_Node8_Zero,"[0, 1, 2, 3, 4, 5, 6, 7, 8]",2005.098274,2005.098604,0.016278,8,0,2343.0,"0.006306125141108773,0.0053220512539897905,0.007536217500007501,0.007658999111752741,0.007536217500007501,0.00561355977129397,0.005568069725769537,0.0056704223281995115",0.006401,1.664145,1.773077,11,11
2005106468013_Node0_Node8_Zero,"[0, 1, 2, 3, 4, 5, 6, 7, 8]",2005.106468,2005.106738,0.016378,8,0,2343.0,"0.006306125141108773,0.006384303039121106,0.006384452121848526,0.006384303039121106,0.005741823518907809,0.005747027493231318,0.005747037417042335,0.0053220512539897905",0.006002,1.664145,1.664145,11,11
2005114662995_Node0_Node8_Zero,"[0, 1, 2, 3, 4, 5, 6, 7, 8]",2005.114663,2005.114793,0.015878,8,0,2343.0,"0.0053220512539897905,0.0053220512539897905,0.007657495610389791,0.006370540694585521,0.005676317853352623,0.005676317853352623,0.005831778575291876,0.005746111391757432",0.00595,1.664145,1.796744,11,11
2005122856616_Node0_Node8_Zero,"[0, 1, 2, 3, 4, 5, 6, 7, 8]",2005.122857,2005.123147,0.016278,8,0,2343.0,"0.0053220512539897905,0.007710857978957999,0.0077130230209206474,0.007713027149585769,0.007536217500007501,0.005568069725769537,0.005678495302639598,0.005678595384410623",0.006615,1.664145,1.775632,11,11
2005131057731_Node0_Node8_Zero,"[0, 1, 2, 3, 4, 5, 6, 7, 8]",2005.131058,2005.131388,0.015958,8,0,2343.0,"0.006371630806663957,0.006371630806663957,0.006400376271454135,0.006384535980882698,0.0053220512539897905,0.0053220512539897905,0.005748097420800152,0.005747042999186032",0.005958,1.664145,1.797035,11,11
2005139249503_Node0_Node8_Zero,"[0, 1, 2, 3, 4, 5, 6, 7, 8]",2005.13925,2005.13956,0.016418,8,0,2343.0,"0.006715535550828678,0.006351615186633207,0.0053220512539897905,0.009101577542793917,0.007684552782987294,0.0056324852792462845,0.005615662605510894,0.005568069725769537",0.006499,1.664145,1.741072,11,11
2005147444660_Node0_Node8_Zero,"[0, 1, 2, 3, 4, 5, 6, 7, 8]",2005.147445,2005.147755,0.016058,8,0,2343.0,"0.006306125141108773,0.006306125141108773,0.006384903207582843,0.0063847082397542835,0.005741823518907809,0.005741823518907809,0.005747067443925108,0.005747054465735625",0.006045,1.795403,1.797039,11,11
2005155641702_Node0_Node8_Zero,"[0, 1, 2, 3, 4, 5, 6, 7, 8]",2005.155642,2005.155832,0.015998,8,0,2343.0,"0.0053220512539897905,0.0053220512539897905,0.007665369307747618,0.007658370465651772,0.007638570102437477,0.0053220512539897905,0.0053220512539897905,0.0056763925319520585",0.006241,1.664145,1.774943,11,11
2005163841121_Node0_Node8_Zero,"[0, 1, 2, 3, 4, 5, 6, 7, 8]",2005.163841,2005.164071,0.016158,8,0,2343.0,"0.006383743131753439,0.006383743131753439,0.006384712759708763,0.006384710359976635,0.0053220512539897905,0.00583219515707227,0.005617147759934008,0.005617192582198278",0.005991,1.664145,1.756432,11,11
2005172035269_Node0_Node8_Zero,"[0, 1, 2, 3, 4, 5, 6, 7, 8]",2005.172035,2005.172385,0.016358,8,0,2343.0,"0.006734461058780992,0.006306125141108773,0.006306125141108773,0.0063716446151103855,0.0053220512539897905,0.005633360134508266,0.00561355977129397,0.00561355977129397",0.005988,1.664145,1.755296,11,11
2005180231620_Node0_Node8_Zero,"[0, 1, 2, 3, 4, 5, 6, 7, 8]",2005.180232,2005.180282,0.015818,8,0,2343.0,"0.006306125141108773,0.006400453299508238,0.006360689960540389,0.006360698248401163,0.005741823518907809,0.0057481025482341965,0.0057454556697651305,0.005745456221453213",0.006051,1.795403,1.796539,11,11
2005188430319_Node0_Node8_Zero,"[0, 1, 2, 3, 4, 5, 6, 7, 8]",2005.18843,2005.18848,0.015958,8,0,2343.0,"0.006739117651441124,0.006739117651441124,0.007665733279250105,0.007657495610389791,0.007657495610389791,0.00563357539132472,0.0053220512539897905,0.0053220512539897905",0.006592,1.664145,1.664145,11,11
2005196629301_Node0_Node8_Zero,"[0, 1, 2, 3, 4, 5, 6, 7, 8]",2005.196629,2005.196679,0.015938,8,0,2343.0,"0.006383743131753439,0.0063849041556710345,0.006384414734607712,0.006384414836617597,0.0053220512539897905,0.005617147759934008,0.005617201429715878,0.00583219515707227",0.005991,1.664145,1.823661,11,11
2005204828388_Node0_Node8_Zero,"[0, 1, 2, 3, 4, 5, 6, 7, 8]",2005.204828,2005.205018,0.016419,8,0,2343.0,"0.006737960479828915,0.006363727511722688,0.006306125141108773,0.006306125141108773,0.0053220512539897905,0.005633521899620481,0.005616222512878561,0.00561355977129397",0.005987,1.664145,1.755296,11,11
2005213028747_Node0_Node8_Zero,"[0, 1, 2, 3, 4, 5, 6, 7, 8]",2005.213029,2005.213139,0.016118,8,0,2343.0,"0.006306125141108773,0.006360689960540389,0.006360699884351405,0.006400453299508238,0.005741823518907809,0.0057454556697651305,0.0057454563303515485,0.0057481025482341965",0.006051,1.795403,1.797366,11,11
2005221229226_Node0_Node8_Zero,"[0, 1, 2, 3, 4, 5, 6, 7, 8]",2005.221229,2005.221579,0.016218,8,0,2343.0,"0.0053220512539897905,0.006739117651441124,0.0053220512539897905,0.0076586034074133625,0.007657495610389791,0.005568069725769537,0.00563357539132472,0.005568069725769537",0.006184,1.664145,1.741072,11,11
2005229427079_Node0_Node8_Zero,"[0, 1, 2, 3, 4, 5, 6, 7, 8]",2005.229427,2005.229697,0.016138,8,0,2343.0,"0.006383743131753439,0.006384414734607712,0.006384414856753444,0.0063849041556710345,0.0053220512539897905,0.00574703492833074,0.0053220512539897905,0.0053220512539897905",0.005906,1.664145,1.664145,11,11
2005237620649_Node0_Node8_Zero,"[0, 1, 2, 3, 4, 5, 6, 7, 8]",2005.237621,2005.237831,0.016538,8,0,2343.0,"0.006737960479828915,0.0053220512539897905,0.0053220512539897905,0.006351615186633207,0.0053220512539897905,0.0053220512539897905,0.0053220512539897905,0.005568069725769537",0.005658,1.664145,1.741072,11,11
2005245814318_Node0_Node8_Zero,"[0, 1, 2, 3, 4, 5, 6, 7, 8]",2005.245814,2005.246024,0.015998,8,0,2343.0,"0.006306125141108773,0.006384706747412785,0.006306125141108773,0.006306125141108773,0.005741823518907809,0.005747054366396721,0.005741823518907809,0.005741823518907809",0.006034,1.795403,1.795403,11,11
2005254011031_Node0_Node8_Zero,"[0, 1, 2, 3, 4, 5, 6, 7, 8]",2005.254011,2005.254221,0.015838,8,0,2343.0,"0.00796455341767972,0.007536217500007501,0.007536217500007501,0.006739117651441124,0.006739117651441124,0.0053220512539897905,0.0058237056008517895,0.0053220512539897905",0.006623,1.664145,1.664145,11,11
2005262204662_Node0_Node8_Zero,"[0, 1, 2, 3, 4, 5, 6, 7, 8]",2005.262205,2005.262415,0.016178,8,0,2343.0,"0.005582328755562484,0.0053220512539897905,0.0053220512539897905,0.0053220512539897905,0.0053220512539897905,0.005580101378626611,0.005568069725769537,0.005568069725769537",0.005448,1.664145,1.741072,11,11
2005270401376_Node0_Node8_Zero,"[0, 1, 2, 3, 4, 5, 6, 7, 8]",2005.270401,2005.270611,0.016319,8,0,2343.0,"0.006568147803329512,0.006306125141108773,0.00639888353811529,0.006306125141108773,0.0053220512539897905,0.0053220512539897905,0.0053220512539897905,0.0053220512539897905",0.005858,1.664145,1.664145,11,11
2005278597602_Node0_Node8_Zero,"[0, 1, 2, 3, 4, 5, 6, 7, 8]",2005.278598,2005.278708,0.016158,8,0,2343.0,"0.006306125141108773,0.006353839899404744,0.006351615186633207,0.006351615186633207,0.005741823518907809,0.005744999689965586,0.005744851600180179,0.0053220512539897905",0.00599,1.664145,1.664145,11,11
2005286795101_Node0_Node8_Zero,"[0, 1, 2, 3, 4, 5, 6, 7, 8]",2005.286795,2005.287125,0.016578,8,0,2343.0,"0.0053220512539897905,0.0053220512539897905,0.006739117651441124,0.006306125141108773,0.0053220512539897905,0.005568069725769537,0.00583219515707227,0.00563357539132472",0.005756,1.664145,1.761555,11,11
2005294994509_Node0_Node8_Zero,"[0, 1, 2, 3, 4, 5, 6, 7, 8]",2005.294995,2005.295125,0.016018,8,0,2343.0,"0.006383743131753439,0.006384330421662877,0.006384303039121106,0.006306125141108773,0.005746990222549463,0.005747029315972117,0.005747027493231318,0.005741823518907809",0.006055,1.795403,1.795403,11,11
2005303187035_Node0_Node8_Zero,"[0, 1, 2, 3, 4, 5, 6, 7, 8]",2005.303187,2005.303317,0.015998,8,0,2343.0,"0.0053220512539897905,0.0053220512539897905,0.007638570102437477,0.007748455856406299,0.00766582283388881,0.0053220512539897905,0.0053220512539897905,0.005675153705187591",0.006252,1.664145,1.774556,11,11
2005311381310_Node0_Node8_Zero,"[0, 1, 2, 3, 4, 5, 6, 7, 8]",2005.311381,2005.311631,0.016358,8,0,2343.0,"0.006645117545523523,0.006384705709659615,0.006384705372625727,0.006383743131753439,0.0053220512539897905,0.0053220512539897905,0.0053220512539897905,0.006127336143803611",0.005986,1.664145,1.915948,11,11
2005319576674_Node0_Node8_Zero,"[0, 1, 2, 3, 4, 5, 6, 7, 8]",2005.319577,2005.319667,0.016238,8,0,2343.0,"0.00673950022509,0.006306125141108773,0.006306125141108773,0.006371415549847502,0.005770671478073087,0.005741823518907809,0.005741823518907809,0.0053220512539897905",0.006037,1.664145,1.664145,11,11
2005327773025_Node0_Node8_Zero,"[0, 1, 2, 3, 4, 5, 6, 7, 8]",2005.327773,2005.327943,0.016458,8,0,2343.0,"0.0053220512539897905,0.0053220512539897905,0.0053220512539897905,0.006455026343659797,0.005676317853352623,0.0053220512539897905,0.00583219515707227,0.00583219515707227",0.005635,1.664145,1.823661,11,11
2005335971575_Node0_Node8_Zero,"[0, 1, 2, 3, 4, 5, 6, 7, 8]",2005.335972,2005.336142,0.016098,8,0,2343.0,"0.0053220512539897905,0.006383743131753439,0.006383743131753439,0.006306125141108773,0.005676317853352623,0.0053220512539897905,0.0053220512539897905,0.005741823518907809",0.005807,1.664145,1.795403,11,11
2005344169410_Node0_Node8_Zero,"[0, 1, 2, 3, 4, 5, 6, 7, 8]",2005.344169,2005.344479,0.016039,8,0,2343.0,"0.0053220512539897905,0.006306125141108773,0.006400453299508238,0.0053220512539897905,0.0053220512539897905,0.0053220512539897905,0.00583219515707227,0.005617920208326183",0.005681,1.664145,1.75666,11,11
2005352363572_Node0_Node8_Zero,"[0, 1, 2, 3, 4, 5, 6, 7, 8]",2005.352364,2005.352554,0.016078,8,0,2343.0,"0.006371630806663957,0.006306125141108773,0.006306125141108773,0.006383743131753439,0.0053220512539897905,0.0056165878525663415,0.00561355977129397,0.0053220512539897905",0.005905,1.664145,1.664145,11,11
2005360562912_Node0_Node8_Zero,"[0, 1, 2, 3, 4, 5, 6, 7, 8]",2005.360563,2005.360893,0.016218,8,0,2343.0,"0.006306125141108773,0.006306125141108773,0.006400453299508238,0.006360832790110344,0.0053220512539897905,0.00561355977129397,0.0053220512539897905,0.005617920208326183",0.005906,1.664145,1.75666,11,11
2005368764283_Node0_Node8_Zero,"[0, 1, 2, 3, 4, 5, 6, 7, 8]",2005.368764,2005.368874,0.016158,8,0,2343.0,"0.006306125141108773,0.00636058643086857,0.006360026523500902,0.006306125141108773,0.005741823518907809,0.005745448778229701,0.0053220512539897905,0.005741823518907809",0.005986,1.664145,1.795403,11,11
2005376961668_Node0_Node8_Zero,"[0, 1, 2, 3, 4, 5, 6, 7, 8]",2005.376962,2005.377232,0.016398,8,0,2343.0,"0.006739117651441124,0.006739117651441124,0.006306125141108773,0.0053220512539897905,0.0053220512539897905,0.00563357539132472,0.00563357539132472,0.00561355977129397",0.005914,1.664145,1.755296,11,11
2005385163360_Node0_Node8_Zero,"[0, 1, 2, 3, 4, 5, 6, 7, 8]",2005.385163,2005.385393,0.015939,8,0,2343.0,"0.006383743131753439,0.006384413460328354,0.006306125141108773,0.006383743131753439,0.005746990222549463,0.005747034843507315,0.005741823518907809,0.0053220512539897905",0.006002,1.664145,1.664145,11,11
2005393356905_Node0_Node8_Zero,"[0, 1, 2, 3, 4, 5, 6, 7, 8]",2005.393357,2005.393707,0.016258,8,0,2343.0,"0.0053220512539897905,0.006739117651441124,0.0053220512539897905,0.0053220512539897905,0.0053220512539897905,0.005568069725769537,0.00563357539132472,0.005568069725769537",0.0056,1.664145,1.741072,11,11
2005401550175_Node0_Node8_Zero,"[0, 1, 2, 3, 4, 5, 6, 7, 8]",2005.40155,2005.40164,0.016138,8,0,2343.0,"0.006384698481090298,0.006384706731728511,0.006383743131753439,0.006306125141108773,0.0053220512539897905,0.0053220512539897905,0.0053220512539897905,0.0053220512539897905",0.005843,1.664145,1.664145,11,11
2005409748991_Node0_Node8_Zero,"[0, 1, 2, 3, 4, 5, 6, 7, 8]",2005.409749,2005.410059,0.016318,8,0,2343.0,"0.0053220512539897905,0.006351615186633207,0.006363727511722688,0.006351615186633207,0.0053220512539897905,0.0053220512539897905,0.00583219515707227,0.0053220512539897905",0.005773,1.664145,1.664145,11,11
2005417950579_Node0_Node8_Zero,"[0, 1, 2, 3, 4, 5, 6, 7, 8]",2005.417951,2005.418201,0.016658,8,0,2343.0,"0.006306125141108773,0.006306125141108773,0.006306125141108773,0.006306125141108773,0.0053220512539897905,0.0053220512539897905,0.00561355977129397,0.00583219515707227",0.005914,1.664145,1.823661,11,11
2005426145042_Node0_Node8_Zero,"[0, 1, 2, 3, 4, 5, 6, 7, 8]",2005.426145,2005.426495,0.015938,8,0,2343.0,"0.006306125141108773,0.006306125141108773,0.006400453299508238,0.006306125141108773,0.005741823518907809,0.005741823518907809,0.0057481025482341965,0.005741823518907809",0.006037,1.795403,1.795403,11,11
2005434346474_Node0_Node8_Zero,"[0, 1, 2, 3, 4, 5, 6, 7, 8]",2005.434346,2005.434636,0.016079,8,0,2343.0,"0.0053220512539897905,0.007536217500007501,0.007536217500007501,0.0053220512539897905,0.007748455856406299,0.00583219515707227,0.0056704223281995115,0.0056704223281995115",0.00633,1.664145,1.773077,11,11
2005442539262_Node0_Node8_Zero,"[0, 1, 2, 3, 4, 5, 6, 7, 8]",2005.442539,2005.442789,0.016118,8,0,2343.0,"0.005591651765369403,0.006383743131753439,0.0063849041556710345,0.006383743131753439,0.0053220512539897905,0.00583219515707227,0.0053220512539897905,0.00583219515707227",0.005882,1.664145,1.823661,11,11
2005450732926_Node0_Node8_Zero,"[0, 1, 2, 3, 4, 5, 6, 7, 8]",2005.450733,2005.450843,0.015938,8,0,2343.0,"0.006754779484118597,0.006400453299508238,0.006370540694585521,0.006370540694585521,0.0053220512539897905,0.0053220512539897905,0.0053220512539897905,0.0053220512539897905",0.005898,1.664145,1.664145,11,11
2005458932761_Node0_Node8_Zero,"[0, 1, 2, 3, 4, 5, 6, 7, 8]",2005.458933,2005.458983,0.015918,8,0,2343.0,"0.006306125141108773,0.006400453299508238,0.006306125141108773,0.0053220512539897905,0.0053220512539897905,0.0053220512539897905,0.0061280641114086635,0.0053220512539897905",0.005804,1.664145,1.664145,11,11
2005467129005_Node0_Node8_Zero,"[0, 1, 2, 3, 4, 5, 6, 7, 8]",2005.467129,2005.467479,0.016398,8,0,2343.0,"0.0053220512539897905,0.006306125141108773,0.006306125141108773,0.006306125141108773,0.0053220512539897905,0.005568069725769537,0.00561355977129397,0.00561355977129397",0.005795,1.664145,1.755296,11,11
2005475324505_Node0_Node8_Zero,"[0, 1, 2, 3, 4, 5, 6, 7, 8]",2005.475325,2005.475475,0.016038,8,0,2343.0,"0.006306125141108773,0.006306125141108773,0.0064551609485098095,0.006306125141108773,0.0053220512539897905,0.005741823518907809,0.005751744206656105,0.005741823518907809",0.005991,1.664145,1.795403,11,11
2005483522706_Node0_Node8_Zero,"[0, 1, 2, 3, 4, 5, 6, 7, 8]",2005.483523,2005.483713,0.016198,8,0,2343.0,"0.006306125141108773,0.0053220512539897905,0.007638570102437477,0.007657495610389791,0.007657495610389791,0.0053220512539897905,0.005568069725769537,0.005675153705187591",0.006393,1.664145,1.774556,11,11
2005491723673_Node0_Node8_Zero,"[0, 1, 2, 3, 4, 5, 6, 7, 8]",2005.491724,2005.491954,0.016178,8,0,2343.0,"0.006306125141108773,0.006383743131753439,0.006385577516521537,0.006383743131753439,0.005741823518907809,0.0053220512539897905,0.00583219515707227,0.005617232556662894",0.005997,1.664145,1.756445,11,11
2005499918568_Node0_Node8_Zero,"[0, 1, 2, 3, 4, 5, 6, 7, 8]",2005.499919,2005.500249,0.016378,8,0,2343.0,"0.0053220512539897905,0.006306125141108773,0.006351615186633207,0.006371415549847502,0.0053220512539897905,0.0053220512539897905,0.0053220512539897905,0.005615662605510894",0.005742,1.664145,1.755954,11,11
2005508113992_Node0_Node8_Zero,"[0, 1, 2, 3, 4, 5, 6, 7, 8]",2005.508114,2005.508424,0.016578,8,0,2343.0,"0.006383743131753439,0.006306125141108773,0.006400453299508238,0.006360705639879544,0.005746990222549463,0.0053220512539897905,0.0053220512539897905,0.0053220512539897905",0.005896,1.664145,1.664145,11,11
2005516312392_Node0_Node8_Zero,"[0, 1, 2, 3, 4, 5, 6, 7, 8]",2005.516312,2005.516642,0.016099,8,0,2343.0,"0.0053220512539897905,0.0053220512539897905,0.006306125141108773,0.006360415348061783,0.0053220512539897905,0.0053220512539897905,0.005741823518907809,0.005745437389965802",0.00568,1.664145,1.796533,11,11
2005524509108_Node0_Node8_Zero,"[0, 1, 2, 3, 4, 5, 6, 7, 8]",2005.524509,2005.524699,0.016218,8,0,2343.0,"0.006384698481090298,0.0053220512539897905,0.0053220512539897905,0.006739117651441124,0.007536217500007501,0.0053220512539897905,0.0053220512539897905,0.005568069725769537",0.00594,1.664145,1.741072,11,11
2005532708345_Node0_Node8_Zero,"[0, 1, 2, 3, 4, 5, 6, 7, 8]",2005.532708,2005.533058,0.016099,8,0,2343.0,"0.0065521436128885184,0.006306125141108773,0.006383743131753439,0.006384411354581417,0.0053220512539897905,0.005624932282675079,0.00561355977129397,0.0053220512539897905",0.005939,1.664145,1.664145,11,11
2005540907749_Node0_Node8_Zero,"[0, 1, 2, 3, 4, 5, 6, 7, 8]",2005.540908,2005.541258,0.016678,8,0,2343.0,"0.006715535550828678,0.006306125141108773,0.006306125141108773,0.006351615186633207,0.0053220512539897905,0.00583219515707227,0.00561355977129397,0.00561355977129397",0.006008,1.664145,1.755296,11,11
2005549103072_Node0_Node8_Zero,"[0, 1, 2, 3, 4, 5, 6, 7, 8]",2005.549103,2005.549253,0.016058,8,0,2343.0,"0.006306125141108773,0.006362129357717826,0.006360026523500902,0.006306125141108773,0.005741823518907809,0.005745551484389763,0.005745411507547847,0.005741823518907809",0.006039,1.795403,1.795403,11,11
2005557296715_Node0_Node8_Zero,"[0, 1, 2, 3, 4, 5, 6, 7, 8]",2005.557297,2005.557367,0.016358,8,0,2343.0,"0.00796455341767972,0.007536217500007501,0.007748455856406299,0.007657495610389791,0.007657495610389791,0.0058237056008517895,0.0053220512539897905,0.005680233311521992",0.006924,1.664145,1.776144,11,11
2005565490866_Node0_Node8_Zero,"[0, 1, 2, 3, 4, 5, 6, 7, 8]",2005.565491,2005.565581,0.016058,8,0,2343.0,"0.0055815450713675675,0.0053220512539897905,0.0063844065687929255,0.006383743131753439,0.005693591266901429,0.0053220512539897905,0.0053220512539897905,0.005746990222549463",0.00572,1.664145,1.797019,11,11
2005573690064_Node0_Node8_Zero,"[0, 1, 2, 3, 4, 5, 6, 7, 8]",2005.57369,2005.57398,0.016138,8,0,2343.0,"0.008507847012127822,0.0053220512539897905,0.006306125141108773,0.0053220512539897905,0.0053220512539897905,0.0053220512539897905,0.0053220512539897905,0.00561355977129397",0.00588,1.664145,1.755296,11,11
2005581884431_Node0_Node8_Zero,"[0, 1, 2, 3, 4, 5, 6, 7, 8]",2005.581884,2005.581974,0.016639,8,0,2343.0,"0.006374824747196199,0.0053220512539897905,0.006306125141108773,0.006384698481090298,0.005746396563146702,0.0053220512539897905,0.0053220512539897905,0.00561355977129397",0.005799,1.664145,1.755296,11,11
2005590080148_Node0_Node8_Zero,"[0, 1, 2, 3, 4, 5, 6, 7, 8]",2005.59008,2005.59023,0.016018,8,0,2343.0,"0.0053220512539897905,0.006306125141108773,0.006306125141108773,0.006360026523500902,0.005676317853352623,0.005741823518907809,0.005741823518907809,0.005745411507547847",0.0059,1.664145,1.796525,11,11
2005598280016_Node0_Node8_Zero,"[0, 1, 2, 3, 4, 5, 6, 7, 8]",2005.59828,2005.59863,0.016118,8,0,2343.0,"0.007978317267443295,0.007712760531134232,0.007536217500007501,0.007536217500007501,0.007657495610389791,0.005690858942573941,0.005678583250492135,0.0056704223281995115",0.006933,1.773077,1.773077,11,11
2005606479295_Node0_Node8_Zero,"[0, 1, 2, 3, 4, 5, 6, 7, 8]",2005.606479,2005.606729,0.016278,8,0,2343.0,"0.006371630806663957,0.006383743131753439,0.006383743131753439,0.0063844065687929255,0.0053220512539897905,0.0053220512539897905,0.0053220512539897905,0.005617147759934008",0.005888,1.664145,1.756418,11,11
2005614678732_Node0_Node8_Zero,"[0, 1, 2, 3, 4, 5, 6, 7, 8]",2005.614679,2005.614729,0.015838,8,0,2343.0,"0.006737960479828915,0.006374319526766425,0.006372049689922039,0.006370540694585521,0.005770568983697986,0.005746362932744619,0.005746211839239203,0.005746111391757432",0.006108,1.796744,1.796744,11,11
2005622873997_Node0_Node8_Zero,"[0, 1, 2, 3, 4, 5, 6, 7, 8]",2005.622874,2005.622924,0.016358,8,0,2343.0,"0.0053220512539897905,0.007536217500007501,0.007536217500007501,0.007536217500007501,0.007658988343728637,0.005568069725769537,0.0056704223281995115,0.0056704223281995115",0.006562,1.664145,1.773077,11,11
2005631070687_Node0_Node8_Zero,"[0, 1, 2, 3, 4, 5, 6, 7, 8]",2005.631071,2005.631181,0.016518,8,0,2343.0,"0.006389058311920466,0.006384582492068934,0.006384554554124315,0.006384535980882698,0.005747344031769425,0.005747046095240353,0.005747044235528719,0.0053220512539897905",0.006013,1.664145,1.664145,11,11
2005639271693_Node0_Node8_Zero,"[0, 1, 2, 3, 4, 5, 6, 7, 8]",2005.639272,2005.639382,0.016258,8,0,2343.0,"0.0053220512539897905,0.0053220512539897905,0.0053220512539897905,0.006370540694585521,0.005676317853352623,0.005676317853352623,0.005676317853352623,0.005746111391757432",0.005639,1.664145,1.796744,11,11
2005647470157_Node0_Node8_Zero,"[0, 1, 2, 3, 4, 5, 6, 7, 8]",2005.64747,2005.64782,0.016698,8,0,2343.0,"0.0053220512539897905,0.007713154712427023,0.00771303076003073,0.0077130299863232745,0.007536217500007501,0.0053220512539897905,0.00583219515707227,0.0053220512539897905",0.006559,1.664145,1.664145,11,11
2005655662440_Node0_Node8_Zero,"[0, 1, 2, 3, 4, 5, 6, 7, 8]",2005.655662,2005.656012,0.016019,8,0,2343.0,"0.006371630806663957,0.006371630806663957,0.006371630806663957,0.006384535980882698,0.0053220512539897905,0.005746183955940023,0.005746183955940023,0.005747042999186032",0.006008,1.664145,1.797035,11,11
2005663855500_Node0_Node8_Zero,"[0, 1, 2, 3, 4, 5, 6, 7, 8]",2005.663855,2005.663926,0.015799,8,0,2343.0,"0.006715535550828678,0.0053220512539897905,0.007536217500007501,0.007748455856406299,0.007536217500007501,0.0053220512539897905,0.00583219515707227,0.0053220512539897905",0.006417,1.664145,1.664145,11,11
2005672053686_Node0_Node8_Zero,"[0, 1, 2, 3, 4, 5, 6, 7, 8]",2005.672054,2005.672204,0.016458,8,0,2343.0,"0.0065521436128885184,0.00638454939836288,0.00638454939836288,0.0063847082397542835,0.0053220512539897905,0.005624932282675079,0.0056171850306158625,0.0056171850306158625",0.005986,1.664145,1.75643,11,11
2005680253874_Node0_Node8_Zero,"[0, 1, 2, 3, 4, 5, 6, 7, 8]",2005.680254,2005.680604,0.016038,8,0,2343.0,"0.006715535550828678,0.006306125141108773,0.006400453299508238,0.006306125141108773,0.0053220512539897905,0.005741823518907809,0.0053220512539897905,0.005741823518907809",0.005982,1.664145,1.795403,11,11
2005688453715_Node0_Node8_Zero,"[0, 1, 2, 3, 4, 5, 6, 7, 8]",2005.688454,2005.688504,0.015678,8,0,2343.0,"0.006306125141108773,0.0053220512539897905,0.0053220512539897905,0.0053220512539897905,0.007659003849683349,0.0053220512539897905,0.006078213628852016,0.005676317853352623",0.005876,1.664145,1.77492,11,11
2005696653666_Node0_Node8_Zero,"[0, 1, 2, 3, 4, 5, 6, 7, 8]",2005.696654,2005.696724,0.015998,8,0,2343.0,"0.005581712653511297,0.006383743131753439,0.006306125141108773,0.0053220512539897905,0.0053220512539897905,0.006090216801621647,0.006127291663016489,0.00561355977129397",0.005843,1.664145,1.755296,11,11
2005704845442_Node0_Node8_Zero,"[0, 1, 2, 3, 4, 5, 6, 7, 8]",2005.704845,2005.704995,0.015679,8,0,2343.0,"0.00673823936081549,0.006306125141108773,0.0064459433450326726,0.006371630806663957,0.0053220512539897905,0.005633534791242688,0.00561355977129397,0.00583219515707227",0.006033,1.664145,1.823661,11,11
2005713046313_Node0_Node8_Zero,"[0, 1, 2, 3, 4, 5, 6, 7, 8]",2005.713046,2005.713276,0.016378,8,0,2343.0,"0.006306125141108773,0.0064481627916936415,0.006455018118939854,0.006360026523500902,0.0053220512539897905,0.00561355977129397,0.005620125639239319,0.005620442535310434",0.005968,1.664145,1.757449,11,11
2005721241681_Node0_Node8_Zero,"[0, 1, 2, 3, 4, 5, 6, 7, 8]",2005.721242,2005.721452,0.016238,8,0,2343.0,"0.006306125141108773,0.00636372000456452,0.006360026523500902,0.006400453299508238,0.005741823518907809,0.0053220512539897905,0.005745411507547847,0.0057481025482341965",0.005998,1.664145,1.797366,11,11
2005729436322_Node0_Node8_Zero,"[0, 1, 2, 3, 4, 5, 6, 7, 8]",2005.729436,2005.729646,0.016678,8,0,2343.0,"0.0053220512539897905,0.006360026523500902,0.0053220512539897905,0.006739117651441124,0.0053220512539897905,0.0053220512539897905,0.005616051430071775,0.0053220512539897905",0.005666,1.664145,1.664145,11,11
2005737636953_Node0_Node8_Zero,"[0, 1, 2, 3, 4, 5, 6, 7, 8]",2005.737637,2005.737927,0.016458,8,0,2343.0,"0.006383743131753439,0.006306125141108773,0.0063844065687929255,0.0063849041556710345,0.005746990222549463,0.005741823518907809,0.005747034384766746,0.005747067507035358",0.006055,1.795403,1.797043,11,11
2005745832353_Node0_Node8_Zero,"[0, 1, 2, 3, 4, 5, 6, 7, 8]",2005.745832,2005.746122,0.016139,8,0,2343.0,"0.0053220512539897905,0.007536217500007501,0.0053220512539897905,0.0053220512539897905,0.007536217500007501,0.0053220512539897905,0.005676317853352623,0.005676317853352623",0.005964,1.664145,1.77492,11,11
2005754029857_Node0_Node8_Zero,"[0, 1, 2, 3, 4, 5, 6, 7, 8]",2005.75403,2005.75426,0.016458,8,0,2343.0,"0.005568069725769537,0.006383743131753439,0.0053220512539897905,0.007713025888049205,0.0053220512539897905,0.0053220512539897905,0.0053220512539897905,0.005568069725769537",0.005815,1.664145,1.741072,11,11
2005762231482_Node0_Node8_Zero,"[0, 1, 2, 3, 4, 5, 6, 7, 8]",2005.762231,2005.762541,0.016299,8,0,2343.0,"0.006715535550828678,0.006306125141108773,0.006371630806663957,0.006371630806663957,0.0053220512539897905,0.0053220512539897905,0.005746183955940023,0.0053220512539897905",0.005935,1.664145,1.664145,11,11
2005770423229_Node0_Node8_Zero,"[0, 1, 2, 3, 4, 5, 6, 7, 8]",2005.770423,2005.770633,0.016158,8,0,2343.0,"0.006306125141108773,0.006306125141108773,0.0053220512539897905,0.0053220512539897905,0.005741823518907809,0.0053220512539897905,0.0053220512539897905,0.0053220512539897905",0.005621,1.664145,1.664145,11,11
2005778617460_Node0_Node8_Zero,"[0, 1, 2, 3, 4, 5, 6, 7, 8]",2005.778617,2005.778947,0.016319,8,0,2343.0,"0.0053220512539897905,0.0053220512539897905,0.00638454939836288,0.006306125141108773,0.0053220512539897905,0.005568069725769537,0.0053220512539897905,0.0056171850306158625",0.005646,1.664145,1.75643,11,11
2005786809672_Node0_Node8_Zero,"[0, 1, 2, 3, 4, 5, 6, 7, 8]",2005.78681,2005.78714,0.016398,8,0,2343.0,"0.006383743131753439,0.006306125141108773,0.006306125141108773,0.006306125141108773,0.0053220512539897905,0.0053220512539897905,0.0053220512539897905,0.0053220512539897905",0.005824,1.664145,1.664145,11,11
2005795004290_Node0_Node8_Zero,"[0, 1, 2, 3, 4, 5, 6, 7, 8]",2005.795004,2005.795194,0.016218,8,0,2343.0,"0.006306125141108773,0.006351615186633207,0.006306125141108773,0.006360696852075816,0.0053220512539897905,0.0053220512539897905,0.0053220512539897905,0.0053220512539897905",0.005827,1.664145,1.664145,11,11
2005803202209_Node0_Node8_Zero,"[0, 1, 2, 3, 4, 5, 6, 7, 8]",2005.803202,2005.803532,0.015958,8,0,2343.0,"0.0053220512539897905,0.006306125141108773,0.006306125141108773,0.006306125141108773,0.0053220512539897905,0.00583219515707227,0.0053220512539897905,0.0053220512539897905",0.005755,1.664145,1.664145,11,11
2005811401023_Node0_Node8_Zero,"[0, 1, 2, 3, 4, 5, 6, 7, 8]",2005.811401,2005.811711,0.016078,8,0,2343.0,"0.006306125141108773,0.006306125141108773,0.006306125141108773,0.006306125141108773,0.0053220512539897905,0.00561355977129397,0.00561355977129397,0.00561355977129397",0.005923,1.664145,1.755296,11,11
2005819601423_Node0_Node8_Zero,"[0, 1, 2, 3, 4, 5, 6, 7, 8]",2005.819601,2005.819811,0.016019,8,0,2343.0,"0.006306125141108773,0.006400453299508238,0.006306125141108773,0.006306125141108773,0.0053220512539897905,0.0053220512539897905,0.0053220512539897905,0.0053220512539897905",0.005826,1.664145,1.664145,11,11
2005827795622_Node0_Node8_Zero,"[0, 1, 2, 3, 4, 5, 6, 7, 8]",2005.827796,2005.828106,0.016298,8,0,2343.0,"0.006306125141108773,0.006360026523500902,0.006360026523500902,0.006360026523500902,0.0053220512539897905,0.00561355977129397,0.005616051430071775,0.005616051430071775",0.005944,1.664145,1.756076,11,11
2005835990067_Node0_Node8_Zero,"[0, 1, 2, 3, 4, 5, 6, 7, 8]",2005.83599,2005.83624,0.016278,8,0,2343.0,"0.006306125141108773,0.006306125141108773,0.006306125141108773,0.006306125141108773,0.005741823518907809,0.0053220512539897905,0.0053220512539897905,0.005741823518907809",0.005919,1.664145,1.795403,11,11
2005844181880_Node0_Node8_Zero,"[0, 1, 2, 3, 4, 5, 6, 7, 8]",2005.844182,2005.844372,0.016438,8,0,2343.0,"0.0053220512539897905,0.006360026523500902,0.006360487243667213,0.0053220512539897905,0.0053220512539897905,0.0053220512539897905,0.005745442175754294,0.0053220512539897905",0.005635,1.664145,1.664145,11,11
2005852373983_Node0_Node8_Zero,"[0, 1, 2, 3, 4, 5, 6, 7, 8]",2005.852374,2005.852444,0.015938,8,0,2343.0,"0.006383743131753439,0.006306125141108773,0.0053220512539897905,0.006383743131753439,0.005746990222549463,0.005741823518907809,0.005676317853352623,0.005746990222549463",0.005913,1.664145,1.797019,11,11
2005860568991_Node0_Node8_Zero,"[0, 1, 2, 3, 4, 5, 6, 7, 8]",2005.860569,2005.860759,0.015898,8,0,2343.0,"0.0053220512539897905,0.0053220512539897905,0.007536217500007501,0.007712363471382447,0.006739117651441124,0.005568069725769537,0.005568069725769537,0.0056704223281995115",0.00618,1.664145,1.773077,11,11
2005868769660_Node0_Node8_Zero,"[0, 1, 2, 3, 4, 5, 6, 7, 8]",2005.86877,2005.86888,0.016298,8,0,2343.0,"0.006384698481090298,0.006383743131753439,0.006371630806663957,0.006384698481090298,0.0053220512539897905,0.0053220512539897905,0.005617147759934008,0.0056165878525663415",0.005925,1.664145,1.756243,11,11
2005876969117_Node0_Node8_Zero,"[0, 1, 2, 3, 4, 5, 6, 7, 8]",2005.876969,2005.877079,0.016058,8,0,2343.0,"0.006568147803329512,0.006351615186633207,0.006351615186633207,0.006370540694585521,0.005759265267036663,0.005744851600180179,0.0053220512539897905,0.005746111391757432",0.006027,1.664145,1.796744,11,11
2005885166995_Node0_Node8_Zero,"[0, 1, 2, 3, 4, 5, 6, 7, 8]",2005.885167,2005.885437,0.015978,8,0,2343.0,"0.0053220512539897905,0.0053220512539897905,0.006360689960540389,0.0053220512539897905,0.007658755401967045,0.005568069725769537,0.005568069725769537,0.0053220512539897905",0.005805,1.664145,1.664145,11,11
2005893368661_Node0_Node8_Zero,"[0, 1, 2, 3, 4, 5, 6, 7, 8]",2005.893369,2005.893539,0.016218,8,0,2343.0,"0.006386968198191205,0.006384303039121106,0.006306125141108773,0.006384535980882698,0.0053220512539897905,0.0053220512539897905,0.0053220512539897905,0.00561355977129397",0.00588,1.664145,1.755296,11,11
2005901563954_Node0_Node8_Zero,"[0, 1, 2, 3, 4, 5, 6, 7, 8]",2005.901564,2005.901694,0.016538,8,0,2343.0,"0.006738193421590508,0.006351615186633207,0.006351615186633207,0.006306125141108773,0.0053220512539897905,0.0053220512539897905,0.005615662605510894,0.005741823518907809",0.005969,1.664145,1.795403,11,11
2005909758773_Node0_Node8_Zero,"[0, 1, 2, 3, 4, 5, 6, 7, 8]",2005.909759,2005.910049,0.016218,8,0,2343.0,"0.006306125141108773,0.006306125141108773,0.006306125141108773,0.0053220512539897905,0.0053220512539897905,0.0053220512539897905,0.005741823518907809,0.005676317853352623",0.005788,1.664145,1.77492,11,11
2005917959379_Node0_Node8_Zero,"[0, 1, 2, 3, 4, 5, 6, 7, 8]",2005.917959,2005.918149,0.016299,8,0,2343.0,"0.006306125141108773,0.006306125141108773,0.0053220512539897905,0.0053220512539897905,0.005741823518907809,0.005741823518907809,0.0053220512539897905,0.0053220512539897905",0.005673,1.664145,1.664145,11,11
2005926152738_Node0_Node8_Zero,"[0, 1, 2, 3, 4, 5, 6, 7, 8]",2005.926153,2005.926363,0.016298,8,0,2343.0,"0.005582328755562484,0.0053220512539897905,0.0053220512539897905,0.006371630806663957,0.0053220512539897905,0.0053220512539897905,0.0053220512539897905,0.0053220512539897905",0.005486,1.664145,1.664145,11,11
2005934350707_Node0_Node8_Zero,"[0, 1, 2, 3, 4, 5, 6, 7, 8]",2005.934351,2005.934581,0.016178,8,0,2343.0,"0.006383743131753439,0.006383743131753439,0.0053220512539897905,0.006306125141108773,0.0053220512539897905,0.005746990222549463,0.005676317853352623,0.005741823518907809",0.00586,1.664145,1.795403,11,11
2005942546694_Node0_Node8_Zero,"[0, 1, 2, 3, 4, 5, 6, 7, 8]",2005.942547,2005.942777,0.016338,8,0,2343.0,"0.006306125141108773,0.0053220512539897905,0.006739117651441124,0.007536217500007501,0.007536217500007501,0.00561355977129397,0.0053220512539897905,0.0053220512539897905",0.006212,1.664145,1.664145,11,11
2005950744830_Node0_Node8_Zero,"[0, 1, 2, 3, 4, 5, 6, 7, 8]",2005.950745,2005.950915,0.016018,8,0,2343.0,"0.006306125141108773,0.006384698481090298,0.006371630806663957,0.006383743131753439,0.0053220512539897905,0.0053220512539897905,0.0053220512539897905,0.005746990222549463",0.005895,1.664145,1.797019,11,11
2005958943552_Node0_Node8_Zero,"[0, 1, 2, 3, 4, 5, 6, 7, 8]",2005.958944,2005.959214,0.016058,8,0,2343.0,"0.0053220512539897905,0.006360026523500902,0.006306125141108773,0.0053220512539897905,0.007536217500007501,0.005568069725769537,0.005616051430071775,0.00561355977129397",0.005956,1.664145,1.755296,11,11
2005967145155_Node0_Node8_Zero,"[0, 1, 2, 3, 4, 5, 6, 7, 8]",2005.967145,2005.967335,0.016198,8,0,2343.0,"0.006306125141108773,0.006306125141108773,0.006306125141108773,0.006384698481090298,0.0053220512539897905,0.005741823518907809,0.0053220512539897905,0.00561355977129397",0.005913,1.664145,1.755296,11,11
2005975338061_Node0_Node8_Zero,"[0, 1, 2, 3, 4, 5, 6, 7, 8]",2005.975338,2005.975468,0.016398,8,0,2343.0,"0.0053220512539897905,0.0053220512539897905,0.006360487243667213,0.006360026523500902,0.005676317853352623,0.005676317853352623,0.005745442175754294,0.0053220512539897905",0.005723,1.664145,1.664145,11,11
2005983538122_Node0_Node8_Zero,"[0, 1, 2, 3, 4, 5, 6, 7, 8]",2005.983538,2005.983648,0.016378,8,0,2343.0,"0.0053220512539897905,0.0053220512539897905,0.0053220512539897905,0.006360026523500902,0.005676317853352623,0.0053220512539897905,0.0053220512539897905,0.0053220512539897905",0.005496,1.664145,1.664145,11,11
2005991736386_Node0_Node8_Zero,"[0, 1, 2, 3, 4, 5, 6, 7, 8]",2005.991736,2005.991846,0.015879,8,0,2343.0,"0.0053220512539897905,0.006371630806663957,0.006384412239497638,0.006306125141108773,0.005676317853352623,0.005746183955940023,0.005747034762241742,0.005741823518907809",0.005912,1.664145,1.795403,11,11
2005999937087_Node0_Node8_Zero,"[0, 1, 2, 3, 4, 5, 6, 7, 8]",2005.999937,2006.000187,0.016278,8,0,2343.0,"0.007968052838727643,0.007683605247506666,0.007536217500007501,0.007536217500007501,0.007536217500007501,0.005690384456526023,0.005677235511062345,0.0056704223281995115",0.006912,1.773077,1.773077,11,11
2006008134405_Node0_Node8_Zero,"[0, 1, 2, 3, 4, 5, 6, 7, 8]",2006.008134,2006.008284,0.016079,8,0,2343.0,"0.006371630806663957,0.00638454939836288,0.006384706716702099,0.006383743131753439,0.005746183955940023,0.0053220512539897905,0.0053220512539897905,0.005746990222549463",0.005958,1.664145,1.797019,11,11
2006016332757_Node0_Node8_Zero,"[0, 1, 2, 3, 4, 5, 6, 7, 8]",2006.016333,2006.016483,0.015878,8,0,2343.0,"0.0053220512539897905,0.006374231791923736,0.006371800486162774,0.0053220512539897905,0.005676317853352623,0.005746357092604627,0.0057461952507916044,0.005676317853352623",0.005779,1.664145,1.77492,11,11
2006024528721_Node0_Node8_Zero,"[0, 1, 2, 3, 4, 5, 6, 7, 8]",2006.024529,2006.024879,0.015798,8,0,2343.0,"0.0053220512539897905,0.0053220512539897905,0.007536217500007501,0.007536217500007501,0.0053220512539897905,0.005568069725769537,0.005568069725769537,0.0056704223281995115",0.005981,1.664145,1.773077,11,11
2006032729880_Node0_Node8_Zero,"[0, 1, 2, 3, 4, 5, 6, 7, 8]",2006.03273,2006.03284,0.015898,8,0,2343.0,"0.006371630806663957,0.00638458141219785,0.006384551486837412,0.006371630806663957,0.0053220512539897905,0.0056165878525663415,0.005617186510495401,0.005617185127158209",0.005961,1.664145,1.75643,11,11
2006040921970_Node0_Node8_Zero,"[0, 1, 2, 3, 4, 5, 6, 7, 8]",2006.040922,2006.041272,0.016318,8,0,2343.0,"0.006306125141108773,0.006351615186633207,0.006351615186633207,0.006370540694585521,0.0053220512539897905,0.00561355977129397,0.005615662605510894,0.005615662605510894",0.005943,1.664145,1.755954,11,11
2006049117436_Node0_Node8_Zero,"[0, 1, 2, 3, 4, 5, 6, 7, 8]",2006.049117,2006.049187,0.016199,8,0,2343.0,"0.006306125141108773,0.00636058643086857,0.006360697125712943,0.006360696869926979,0.0053220512539897905,0.0053220512539897905,0.0053220512539897905,0.0053220512539897905",0.005835,1.664145,1.664145,11,11
2006057309291_Node0_Node8_Zero,"[0, 1, 2, 3, 4, 5, 6, 7, 8]",2006.057309,2006.057659,0.016678,8,0,2343.0,"0.006306125141108773,0.006360026523500902,0.006360415348061783,0.006360415348061783,0.0053220512539897905,0.00583219515707227,0.0053220512539897905,0.005616069403973131",0.005935,1.664145,1.756081,11,11
2006065509155_Node0_Node8_Zero,"[0, 1, 2, 3, 4, 5, 6, 7, 8]",2006.065509,2006.065559,0.016258,8,0,2343.0,"0.006306125141108773,0.006306125141108773,0.006306125141108773,0.006306125141108773,0.005741823518907809,0.005741823518907809,0.005741823518907809,0.005741823518907809",0.006024,1.795403,1.795403,11,11
2006073703871_Node0_Node8_Zero,"[0, 1, 2, 3, 4, 5, 6, 7, 8]",2006.073704,2006.073994,0.016238,8,0,2343.0,"0.00796821460383986,0.007536217500007501,0.007748455856406299,0.007536217500007501,0.007658539708558506,0.00583219515707227,0.0056704223281995115,0.005680233311521992",0.006954,1.773077,1.776144,11,11
2006081896482_Node0_Node8_Zero,"[0, 1, 2, 3, 4, 5, 6, 7, 8]",2006.081896,2006.082186,0.016519,8,0,2343.0,"0.006643352960038851,0.006383743131753439,0.006383743131753439,0.006383743131753439,0.005764271358457144,0.005746990222549463,0.0053220512539897905,0.0053220512539897905",0.005994,1.664145,1.664145,11,11
2006090094682_Node0_Node8_Zero,"[0, 1, 2, 3, 4, 5, 6, 7, 8]",2006.090095,2006.090185,0.016398,8,0,2343.0,"0.0053220512539897905,0.0053220512539897905,0.006370540694585521,0.006372354794456764,0.005676317853352623,0.005676317853352623,0.005746111391757432,0.00574623214876664",0.005779,1.664145,1.796782,11,11
2006098290958_Node0_Node8_Zero,"[0, 1, 2, 3, 4, 5, 6, 7, 8]",2006.098291,2006.098621,0.016238,8,0,2343.0,"0.0053220512539897905,0.0053220512539897905,0.0053220512539897905,0.007536217500007501,0.007536217500007501,0.0053220512539897905,0.00583219515707227,0.0053220512539897905",0.005939,1.664145,1.664145,11,11
2006106488760_Node0_Node8_Zero,"[0, 1, 2, 3, 4, 5, 6, 7, 8]",2006.106489,2006.106699,0.016358,8,0,2343.0,"0.006371630806663957,0.006371630806663957,0.006384535980882698,0.0053220512539897905,0.005746183955940023,0.005746183955940023,0.0053220512539897905,0.0053220512539897905",0.005823,1.664145,1.664145,11,11
2006114687375_Node0_Node8_Zero,"[0, 1, 2, 3, 4, 5, 6, 7, 8]",2006.114687,2006.114757,0.016059,8,0,2343.0,"0.0053220512539897905,0.0053220512539897905,0.006400453299508238,0.006306125141108773,0.005676317853352623,0.005676317853352623,0.0057481025482341965,0.005741823518907809",0.005774,1.664145,1.795403,11,11
2006122881217_Node0_Node8_Zero,"[0, 1, 2, 3, 4, 5, 6, 7, 8]",2006.122881,2006.122991,0.016478,8,0,2343.0,"0.006739117651441124,0.0053220512539897905,0.0053220512539897905,0.0053220512539897905,0.0053220512539897905,0.005676317853352623,0.0053220512539897905,0.0053220512539897905",0.005543,1.664145,1.664145,11,11
2006131073277_Node0_Node8_Zero,"[0, 1, 2, 3, 4, 5, 6, 7, 8]",2006.131073,2006.131383,0.016238,8,0,2343.0,"0.0053220512539897905,0.0053220512539897905,0.0053220512539897905,0.006383743131753439,0.0053220512539897905,0.0053220512539897905,0.0053220512539897905,0.005746990222549463",0.005508,1.664145,1.797019,11,11
2006139265519_Node0_Node8_Zero,"[0, 1, 2, 3, 4, 5, 6, 7, 8]",2006.139266,2006.139476,0.016518,8,0,2343.0,"0.0053220512539897905,0.0053220512539897905,0.006306125141108773,0.0053220512539897905,0.0053220512539897905,0.0053220512539897905,0.005741823518907809,0.0053220512539897905",0.005498,1.664145,1.664145,11,11
2006147462219_Node0_Node8_Zero,"[0, 1, 2, 3, 4, 5, 6, 7, 8]",2006.147462,2006.147692,0.016698,8,0,2343.0,"0.006306125141108773,0.006306125141108773,0.0053220512539897905,0.006384698481090298,0.005741823518907809,0.005741823518907809,0.005676317853352623,0.00574705381614235",0.005903,1.664145,1.797038,11,11
2006155655532_Node0_Node8_Zero,"[0, 1, 2, 3, 4, 5, 6, 7, 8]",2006.155656,2006.155846,0.016078,8,0,2343.0,"0.0053220512539897905,0.0053220512539897905,0.0053220512539897905,0.0053220512539897905,0.005676317853352623,0.005676317853352623,0.005676317853352623,0.005676317853352623",0.005499,1.664145,1.77492,11,11
2006163848500_Node0_Node8_Zero,"[0, 1, 2, 3, 4, 5, 6, 7, 8]",2006.163849,2006.164139,0.016098,8,0,2343.0,"0.005582328755562484,0.007710857978957999,0.007710857978957999,0.007683605247506666,0.007713033972205843,0.005580101378626611,0.005678495302639598,0.005678495302639598",0.006667,1.744834,1.775601,11,11
2006172043268_Node0_Node8_Zero,"[0, 1, 2, 3, 4, 5, 6, 7, 8]",2006.172043,2006.172313,0.016358,8,0,2343.0,"0.006371630806663957,0.006371630806663957,0.006371630806663957,0.006371630806663957,0.0053220512539897905,0.00583219515707227,0.0056165878525663415,0.0056165878525663415",0.005984,1.664145,1.756243,11,11
2006180237331_Node0_Node8_Zero,"[0, 1, 2, 3, 4, 5, 6, 7, 8]",2006.180237,2006.180467,0.016158,8,0,2343.0,"0.006748229800620511,0.006353839899404744,0.006372033427924365,0.006372033427924365,0.0053220512539897905,0.005744999689965586,0.005746210756746317,0.005746210756746317",0.006051,1.664145,1.796775,11,11
2006188434879_Node0_Node8_Zero,"[0, 1, 2, 3, 4, 5, 6, 7, 8]",2006.188435,2006.188505,0.016158,8,0,2343.0,"0.006306125141108773,0.0053220512539897905,0.0053220512539897905,0.007658755401967045,0.006739117651441124,0.0053220512539897905,0.0053220512539897905,0.0053220512539897905",0.005914,1.664145,1.664145,11,11
2006196629046_Node0_Node8_Zero,"[0, 1, 2, 3, 4, 5, 6, 7, 8]",2006.196629,2006.196679,0.015958,8,0,2343.0,"0.006306125141108773,0.006384330421662877,0.006384554353965969,0.006384554353965969,0.0053220512539897905,0.005747029315972117,0.005747044222205018,0.005747044222205018",0.006003,1.664145,1.797035,11,11
2006204829687_Node0_Node8_Zero,"[0, 1, 2, 3, 4, 5, 6, 7, 8]",2006.20483,2006.2051,0.015958,8,0,2343.0,"0.0053220512539897905,0.0053220512539897905,0.006739117651441124,0.0053220512539897905,0.007536217500007501,0.005568069725769537,0.005568069725769537,0.0053220512539897905",0.005837,1.664145,1.664145,11,11
2006213023175_Node0_Node8_Zero,"[0, 1, 2, 3, 4, 5, 6, 7, 8]",2006.213023,2006.213153,0.016538,8,0,2343.0,"0.006306125141108773,0.006384705709659615,0.00638470846589661,0.00638470846589661,0.0053220512539897905,0.00561355977129397,0.005617192256300943,0.005617192383711444",0.005954,1.664145,1.756432,11,11
2006221215548_Node0_Node8_Zero,"[0, 1, 2, 3, 4, 5, 6, 7, 8]",2006.221216,2006.221306,0.015618,8,0,2343.0,"0.006715535550828678,0.006351615186633207,0.006351615186633207,0.006306125141108773,0.005769076250359141,0.005744851600180179,0.005744851600180179,0.005741823518907809",0.006091,1.795403,1.795403,11,11
2006229412017_Node0_Node8_Zero,"[0, 1, 2, 3, 4, 5, 6, 7, 8]",2006.229412,2006.229542,0.016238,8,0,2343.0,"0.007978321421484668,0.006739117651441124,0.006739117651441124,0.006739117651441124,0.007659006908837661,0.0056908591345996955,0.00563357539132472,0.00563357539132472",0.006602,1.761555,1.761555,11,11
2006237609845_Node0_Node8_Zero,"[0, 1, 2, 3, 4, 5, 6, 7, 8]",2006.23761,2006.23768,0.016438,8,0,2343.0,"0.0066484440374899876,0.006384303039121106,0.006384303039121106,0.006383743131753439,0.0053220512539897905,0.0053220512539897905,0.005747027493231318,0.0053220512539897905",0.005939,1.664145,1.664145,11,11
2006245808774_Node0_Node8_Zero,"[0, 1, 2, 3, 4, 5, 6, 7, 8]",2006.245809,2006.245939,0.015938,8,0,2343.0,"0.006738239926468418,0.0053220512539897905,0.0053220512539897905,0.006363727511722688,0.0053220512539897905,0.005676317853352623,0.005676317853352623,0.0057456578667896205",0.005771,1.664145,1.796602,11,11
2006254000582_Node0_Node8_Zero,"[0, 1, 2, 3, 4, 5, 6, 7, 8]",2006.254001,2006.254251,0.015838,8,0,2343.0,"0.006306125141108773,0.0053220512539897905,0.006739117651441124,0.0077130230209206474,0.007536217500007501,0.00561355977129397,0.005568069725769537,0.0053220512539897905",0.006265,1.664145,1.664145,11,11
2006262196016_Node0_Node8_Zero,"[0, 1, 2, 3, 4, 5, 6, 7, 8]",2006.262196,2006.262486,0.015918,8,0,2343.0,"0.006306125141108773,0.006371630806663957,0.006371630806663957,0.006384452121848526,0.0053220512539897905,0.00561355977129397,0.0056165878525663415,0.0056165878525663415",0.00595,1.664145,1.756243,11,11
2006270389537_Node0_Node8_Zero,"[0, 1, 2, 3, 4, 5, 6, 7, 8]",2006.27039,2006.27048,0.016218,8,0,2343.0,"0.006715535550828678,0.006360026523500902,0.006351615186633207,0.006306125141108773,0.0053220512539897905,0.0056324852792462845,0.005616051430071775,0.00583219515707227",0.006017,1.664145,1.823661,11,11
2006278585823_Node0_Node8_Zero,"[0, 1, 2, 3, 4, 5, 6, 7, 8]",2006.278586,2006.278836,0.016078,8,0,2343.0,"0.006306125141108773,0.006360026523500902,0.00636058643086857,0.00636058643086857,0.0053220512539897905,0.00583219515707227,0.005616051430071775,0.00583219515707227",0.005999,1.664145,1.823661,11,11
2006286781368_Node0_Node8_Zero,"[0, 1, 2, 3, 4, 5, 6, 7, 8]",2006.286781,2006.286831,0.016059,8,0,2343.0,"0.006306125141108773,0.006363525944548825,0.006360487243667213,0.006400453299508238,0.005741823518907809,0.005745644449309438,0.005745442175754294,0.0057481025482341965",0.006051,1.795403,1.797366,11,11
2006294981405_Node0_Node8_Zero,"[0, 1, 2, 3, 4, 5, 6, 7, 8]",2006.294981,2006.295291,0.016299,8,0,2343.0,"0.007968285780489234,0.007536217500007501,0.007748455856406299,0.0053220512539897905,0.0053220512539897905,0.005690395224550131,0.0056704223281995115,0.005680233311521992",0.006367,1.664145,1.776144,11,11
2006303175449_Node0_Node8_Zero,"[0, 1, 2, 3, 4, 5, 6, 7, 8]",2006.303175,2006.303405,0.016739,8,0,2343.0,"0.006383743131753439,0.0063844496408893515,0.006384412239497638,0.0063849041556710345,0.005746990222549463,0.0053220512539897905,0.00583219515707227,0.005617178690275869",0.006007,1.664145,1.756428,11,11
2006311373078_Node0_Node8_Zero,"[0, 1, 2, 3, 4, 5, 6, 7, 8]",2006.311373,2006.311423,0.016018,8,0,2343.0,"0.0053220512539897905,0.006374233782985233,0.006370540694585521,0.006372354794456764,0.005676317853352623,0.005746357225141228,0.005746111391757432,0.00574623214876664",0.005919,1.664145,1.796782,11,11
2006319565481_Node0_Node8_Zero,"[0, 1, 2, 3, 4, 5, 6, 7, 8]",2006.319565,2006.319815,0.016139,8,0,2343.0,"0.007978402835524584,0.007713007514965935,0.007536217500007501,0.007748455856406299,0.007659001211872075,0.0053220512539897905,0.005678594667628485,0.0056704223281995115",0.006913,1.664145,1.773077,11,11
2006327758591_Node0_Node8_Zero,"[0, 1, 2, 3, 4, 5, 6, 7, 8]",2006.327759,2006.327929,0.016318,8,0,2343.0,"0.006371630806663957,0.006384581436704529,0.006384535980882698,0.006384558309457487,0.005746183955940023,0.0053220512539897905,0.0053220512539897905,0.00583219515707227",0.005968,1.664145,1.823661,11,11
2006335952027_Node0_Node8_Zero,"[0, 1, 2, 3, 4, 5, 6, 7, 8]",2006.335952,2006.336042,0.016018,8,0,2343.0,"0.0053220512539897905,0.0053220512539897905,0.006372051801007635,0.006370540694585521,0.005676317853352623,0.005676317853352623,0.005746211979765305,0.005746111391757432",0.005779,1.664145,1.796744,11,11
2006344147509_Node0_Node8_Zero,"[0, 1, 2, 3, 4, 5, 6, 7, 8]",2006.344148,2006.344398,0.015818,8,0,2343.0,"0.0053220512539897905,0.007712672078829242,0.007536217500007501,0.007536217500007501,0.007748455856406299,0.005568069725769537,0.005678579161673771,0.0053220512539897905",0.006553,1.664145,1.664145,11,11
2006352340252_Node0_Node8_Zero,"[0, 1, 2, 3, 4, 5, 6, 7, 8]",2006.35234,2006.35261,0.016378,8,0,2343.0,"0.006371630806663957,0.006371630806663957,0.006384554580108294,0.006384535980882698,0.0053220512539897905,0.0056165878525663415,0.0056165878525663415,0.005617185270148521",0.005961,1.664145,1.75643,11,11
2006360534202_Node0_Node8_Zero,"[0, 1, 2, 3, 4, 5, 6, 7, 8]",2006.360534,2006.360764,0.016478,8,0,2343.0,"0.006754779484118597,0.006351615186633207,0.006372048933879079,0.006306125141108773,0.005771688554173733,0.005744851600180179,0.0053220512539897905,0.00583219515707227",0.006057,1.664145,1.823661,11,11
2006368731716_Node0_Node8_Zero,"[0, 1, 2, 3, 4, 5, 6, 7, 8]",2006.368732,2006.368902,0.016378,8,0,2343.0,"0.0079782496614663,0.0053220512539897905,0.00636058643086857,0.006360696896366603,0.005853129825305024,0.005676317853352623,0.005745448778229701,0.0057454561314539505",0.00613,1.664145,1.796539,11,11
2006376923516_Node0_Node8_Zero,"[0, 1, 2, 3, 4, 5, 6, 7, 8]",2006.376924,2006.377194,0.016318,8,0,2343.0,"0.007945627909727405,0.0053220512539897905,0.0053220512539897905,0.0053220512539897905,0.005850958332303122,0.005676317853352623,0.005676317853352623,0.0053220512539897905",0.005805,1.664145,1.664145,11,11
2006385117533_Node0_Node8_Zero,"[0, 1, 2, 3, 4, 5, 6, 7, 8]",2006.385118,2006.385348,0.016358,8,0,2343.0,"0.0053220512539897905,0.007757165437272849,0.0053220512539897905,0.006384414819976283,0.0053220512539897905,0.0053220512539897905,0.005676317853352623,0.005747034934013367",0.005857,1.664145,1.797033,11,11
2006393314677_Node0_Node8_Zero,"[0, 1, 2, 3, 4, 5, 6, 7, 8]",2006.393315,2006.393525,0.016218,8,0,2343.0,"0.0053220512539897905,0.006371630806663957,0.0053220512539897905,0.0053220512539897905,0.0053220512539897905,0.0053220512539897905,0.0053220512539897905,0.0053220512539897905",0.005453,1.664145,1.664145,11,11
2006401513076_Node0_Node8_Zero,"[0, 1, 2, 3, 4, 5, 6, 7, 8]",2006.401513,2006.401803,0.016238,8,0,2343.0,"0.006306125141108773,0.006306125141108773,0.006371630806663957,0.0053220512539897905,0.005741823518907809,0.005741823518907809,0.0053220512539897905,0.0056165878525663415",0.005841,1.664145,1.756243,11,11
2006409706753_Node0_Node8_Zero,"[0, 1, 2, 3, 4, 5, 6, 7, 8]",2006.409707,2006.409797,0.016078,8,0,2343.0,"0.0053220512539897905,0.0053220512539897905,0.006306125141108773,0.006306125141108773,0.005676317853352623,0.005676317853352623,0.005741823518907809,0.005741823518907809",0.005762,1.664145,1.795403,11,11
2006417898662_Node0_Node8_Zero,"[0, 1, 2, 3, 4, 5, 6, 7, 8]",2006.417899,2006.418109,0.016198,8,0,2343.0,"0.007536217500007501,0.007710857978957999,0.007710857978957999,0.006739117651441124,0.0053220512539897905,0.0056704223281995115,0.0053220512539897905,0.0053220512539897905",0.006417,1.664145,1.664145,11,11
2006426099854_Node0_Node8_Zero,"[0, 1, 2, 3, 4, 5, 6, 7, 8]",2006.4261,2006.42637,0.016478,8,0,2343.0,"0.006371630806663957,0.006371630806663957,0.006383743131753439,0.006383743131753439,0.0053220512539897905,0.0053220512539897905,0.0053220512539897905,0.006127291663016489",0.005951,1.664145,1.915935,11,11
2006434295949_Node0_Node8_Zero,"[0, 1, 2, 3, 4, 5, 6, 7, 8]",2006.434296,2006.434466,0.016138,8,0,2343.0,"0.006306125141108773,0.006370540694585521,0.006306125141108773,0.006306125141108773,0.005741823518907809,0.005746111391757432,0.005741823518907809,0.005741823518907809",0.006033,1.795403,1.795403,11,11
2006442490094_Node0_Node8_Zero,"[0, 1, 2, 3, 4, 5, 6, 7, 8]",2006.44249,2006.44262,0.016438,8,0,2343.0,"0.006739117651441124,0.007536217500007501,0.007536217500007501,0.0053220512539897905,0.006739117651441124,0.0058237056008517895,0.0053220512539897905,0.00583219515707227",0.006356,1.664145,1.823661,11,11
2006450689903_Node0_Node8_Zero,"[0, 1, 2, 3, 4, 5, 6, 7, 8]",2006.45069,2006.45086,0.016498,8,0,2343.0,"0.005582328755562484,0.0053220512539897905,0.006383743131753439,0.006383743131753439,0.005693643433466812,0.0053220512539897905,0.005746990222549463,0.005746990222549463",0.005773,1.664145,1.797019,11,11
2006458888624_Node0_Node8_Zero,"[0, 1, 2, 3, 4, 5, 6, 7, 8]",2006.458889,2006.459239,0.016378,8,0,2343.0,"0.0053220512539897905,0.0053220512539897905,0.0053220512539897905,0.0053220512539897905,0.0053220512539897905,0.0053220512539897905,0.005676317853352623,0.005676317853352623",0.005411,1.664145,1.77492,11,11
2006467086869_Node0_Node8_Zero,"[0, 1, 2, 3, 4, 5, 6, 7, 8]",2006.467087,2006.467137,0.015938,8,0,2343.0,"0.006374834393054972,0.006306125141108773,0.0053220512539897905,0.0053220512539897905,0.005746397205231009,0.005741823518907809,0.005676317853352623,0.005676317853352623",0.005771,1.664145,1.77492,11,11
2006475279070_Node0_Node8_Zero,"[0, 1, 2, 3, 4, 5, 6, 7, 8]",2006.475279,2006.475609,0.016478,8,0,2343.0,"0.005587713060764917,0.007536217500007501,0.007536217500007501,0.007683605247506666,0.006739117651441124,0.005580350274864974,0.0056704223281995115,0.0056704223281995115",0.006501,1.744912,1.773077,11,11
2006483474966_Node0_Node8_Zero,"[0, 1, 2, 3, 4, 5, 6, 7, 8]",2006.483475,2006.483665,0.016318,8,0,2343.0,"0.006384588829223031,0.006383743131753439,0.006371630806663957,0.006371630806663957,0.005747046517078085,0.005746990222549463,0.005746183955940023,0.005746183955940023",0.006062,1.796766,1.796766,11,11
2006491666843_Node0_Node8_Zero,"[0, 1, 2, 3, 4, 5, 6, 7, 8]",2006.491667,2006.491997,0.016378,8,0,2343.0,"0.0053220512539897905,0.008125768490004162,0.0053220512539897905,0.006739117651441124,0.0053220512539897905,0.00586294953414171,0.0053220512539897905,0.0053220512539897905",0.005917,1.664145,1.664145,11,11
2006499861300_Node0_Node8_Zero,"[0, 1, 2, 3, 4, 5, 6, 7, 8]",2006.499861,2006.500011,0.016718,8,0,2343.0,"0.006384708890230114,0.0053220512539897905,0.00638454939836288,0.00638454939836288,0.00574705450903507,0.005676317853352623,0.0053220512539897905,0.0053220512539897905",0.005818,1.664145,1.664145,11,11
2006508058976_Node0_Node8_Zero,"[0, 1, 2, 3, 4, 5, 6, 7, 8]",2006.508059,2006.508349,0.016478,8,0,2343.0,"0.006739117651441124,0.0053220512539897905,0.006306125141108773,0.006306125141108773,0.0057706460117520906,0.005676317853352623,0.005741823518907809,0.005741823518907809",0.005951,1.664145,1.795403,11,11
2006516253292_Node0_Node8_Zero,"[0, 1, 2, 3, 4, 5, 6, 7, 8]",2006.516253,2006.516423,0.016378,8,0,2343.0,"0.0053220512539897905,0.006739117651441124,0.007683605247506666,0.007536217500007501,0.007890484099370335,0.0057706460117520906,0.005833516584174269,0.0058237056008517895",0.006575,1.664145,1.821007,11,11
2006524450693_Node0_Node8_Zero,"[0, 1, 2, 3, 4, 5, 6, 7, 8]",2006.524451,2006.524761,0.016178,8,0,2343.0,"0.005568069725769537,0.0053220512539897905,0.0053220512539897905,0.007710857978957999,0.009127924376409333,0.0053220512539897905,0.0053220512539897905,0.0053220512539897905",0.006127,1.664145,1.664145,11,11
2006532648306_Node0_Node8_Zero,"[0, 1, 2, 3, 4, 5, 6, 7, 8]",2006.532648,2006.532998,0.016458,8,0,2343.0,"0.006781041216383862,0.0063890725547928115,0.006400697637986534,0.00639888353811529,0.0053220512539897905,0.0053220512539897905,0.0053220512539897905,0.0056179315031777656",0.005944,1.664145,1.756663,11,11
2006540842066_Node0_Node8_Zero,"[0, 1, 2, 3, 4, 5, 6, 7, 8]",2006.540842,2006.541132,0.016258,8,0,2343.0,"0.007009850110809758,0.0053220512539897905,0.006306125141108773,0.006306125141108773,0.00578866753449593,0.005676317853352623,0.005741823518907809,0.005741823518907809",0.005987,1.664145,1.795403,11,11
2006549039648_Node0_Node8_Zero,"[0, 1, 2, 3, 4, 5, 6, 7, 8]",2006.54904,2006.54939,0.016358,8,0,2343.0,"0.0053220512539897905,0.006739117651441124,0.0053220512539897905,0.0053220512539897905,0.0053220512539897905,0.006078213628852016,0.0053220512539897905,0.0053220512539897905",0.005594,1.664145,1.664145,11,11
2006557232407_Node0_Node8_Zero,"[0, 1, 2, 3, 4, 5, 6, 7, 8]",2006.557232,2006.557442,0.016499,8,0,2343.0,"0.006392404824455761,0.006371630806663957,0.006383743131753439,0.006383743131753439,0.005747566795053547,0.0053220512539897905,0.0053220512539897905,0.0053220512539897905",0.005906,1.664145,1.664145,11,11
2006565432854_Node0_Node8_Zero,"[0, 1, 2, 3, 4, 5, 6, 7, 8]",2006.565433,2006.565743,0.016558,8,0,2343.0,"0.0053220512539897905,0.0064459433450326726,0.006306125141108773,0.006306125141108773,0.0053220512539897905,0.005751130629506567,0.005741823518907809,0.005741823518907809",0.005867,1.664145,1.795403,11,11
2006573624597_Node0_Node8_Zero,"[0, 1, 2, 3, 4, 5, 6, 7, 8]",2006.573625,2006.573975,0.016338,8,0,2343.0,"0.006384805092229167,0.0053220512539897905,0.006739117651441124,0.0053220512539897905,0.0053220512539897905,0.0053220512539897905,0.0053220512539897905,0.005676317853352623",0.005676,1.664145,1.77492,11,11
2006581824782_Node0_Node8_Zero,"[0, 1, 2, 3, 4, 5, 6, 7, 8]",2006.581825,2006.582095,0.015998,8,0,2343.0,"0.006306125141108773,0.006385464063038701,0.006383743131753439,0.0053220512539897905,0.005741823518907809,0.005747104777717211,0.0053220512539897905,0.005676317853352623",0.005861,1.664145,1.77492,11,11
2006590023235_Node0_Node8_Zero,"[0, 1, 2, 3, 4, 5, 6, 7, 8]",2006.590023,2006.590153,0.016038,8,0,2343.0,"0.0053220512539897905,0.0053220512539897905,0.006306125141108773,0.0053220512539897905,0.0053220512539897905,0.0053220512539897905,0.005568069725769537,0.0053220512539897905",0.005476,1.664145,1.664145,11,11
2006598216032_Node0_Node8_Zero,"[0, 1, 2, 3, 4, 5, 6, 7, 8]",2006.598216,2006.598446,0.016158,8,0,2343.0,"0.006383743131753439,0.006384719662913592,0.006306125141108773,0.006371630806663957,0.0053220512539897905,0.0053220512539897905,0.0056171929013075494,0.0053220512539897905",0.005879,1.664145,1.664145,11,11
2006606414893_Node0_Node8_Zero,"[0, 1, 2, 3, 4, 5, 6, 7, 8]",2006.606415,2006.606645,0.016218,8,0,2343.0,"0.006306125141108773,0.006306125141108773,0.006351615186633207,0.006306125141108773,0.0053220512539897905,0.00561355977129397,0.00583219515707227,0.0053220512539897905",0.00592,1.664145,1.664145,11,11
2006614609130_Node0_Node8_Zero,"[0, 1, 2, 3, 4, 5, 6, 7, 8]",2006.614609,2006.614799,0.016018,8,0,2343.0,"0.006306125141108773,0.006306125141108773,0.006360698307406062,0.006306125141108773,0.005741823518907809,0.005741823518907809,0.005745456225380921,0.005741823518907809",0.006031,1.795403,1.795403,11,11
2006622806300_Node0_Node8_Zero,"[0, 1, 2, 3, 4, 5, 6, 7, 8]",2006.622806,2006.623056,0.016018,8,0,2343.0,"0.0053220512539897905,0.006739117651441124,0.0053220512539897905,0.0053220512539897905,0.0053220512539897905,0.005568069725769537,0.00563357539132472,0.005568069725769537",0.0056,1.664145,1.741072,11,11
2006631007363_Node0_Node8_Zero,"[0, 1, 2, 3, 4, 5, 6, 7, 8]",2006.631007,2006.631217,0.016279,8,0,2343.0,"0.006383743131753439,0.006383743131753439,0.00638441483734385,0.006383743131753439,0.0053220512539897905,0.005617147759934008,0.005617147759934008,0.005617178810364557",0.005964,1.664145,1.756428,11,11
2006639205050_Node0_Node8_Zero,"[0, 1, 2, 3, 4, 5, 6, 7, 8]",2006.639205,2006.639375,0.016398,8,0,2343.0,"0.006306125141108773,0.006351615186633207,0.006363727511722688,0.006351615186633207,0.0053220512539897905,0.0053220512539897905,0.0053220512539897905,0.0053220512539897905",0.005833,1.664145,1.664145,11,11
2006647405682_Node0_Node8_Zero,"[0, 1, 2, 3, 4, 5, 6, 7, 8]",2006.647406,2006.647516,0.015718,8,0,2343.0,"0.0053220512539897905,0.006360689960540389,0.006360689960540389,0.006360695701920249,0.005676317853352623,0.0057454556697651305,0.0057454556697651305,0.005745456051944674",0.005915,1.664145,1.796539,11,11
2006655606741_Node0_Node8_Zero,"[0, 1, 2, 3, 4, 5, 6, 7, 8]",2006.655607,2006.655917,0.016078,8,0,2343.0,"0.006739117651441124,0.006739117651441124,0.006739117651441124,0.0053220512539897905,0.007536217500007501,0.00563357539132472,0.00563357539132472,0.00563357539132472",0.006247,1.664145,1.761555,11,11
2006663800172_Node0_Node8_Zero,"[0, 1, 2, 3, 4, 5, 6, 7, 8]",2006.6638,2006.66415,0.016458,8,0,2343.0,"0.006371630806663957,0.006384414734607712,0.006384414734607712,0.00638441480527462,0.0053220512539897905,0.0056165878525663415,0.005617178805615451,0.005617178805615451",0.005962,1.664145,1.756428,11,11
2006671992395_Node0_Node8_Zero,"[0, 1, 2, 3, 4, 5, 6, 7, 8]",2006.671992,2006.672342,0.016499,8,0,2343.0,"0.006715535550828678,0.006363727511722688,0.006363727511722688,0.006363727511722688,0.005769076250359141,0.0053220512539897905,0.0053220512539897905,0.0057456578667896205",0.005996,1.664145,1.796602,11,11
2006680189578_Node0_Node8_Zero,"[0, 1, 2, 3, 4, 5, 6, 7, 8]",2006.68019,2006.68052,0.016658,8,0,2343.0,"0.0053220512539897905,0.0053220512539897905,0.006360695701042115,0.0053220512539897905,0.0053220512539897905,0.0053220512539897905,0.0053220512539897905,0.0053220512539897905",0.005452,1.664145,1.664145,11,11
2006688385499_Node0_Node8_Zero,"[0, 1, 2, 3, 4, 5, 6, 7, 8]",2006.688385,2006.688675,0.016479,8,0,2343.0,"0.0053220512539897905,0.006306125141108773,0.006306125141108773,0.006384452121848526,0.005676317853352623,0.005741823518907809,0.005741823518907809,0.005747037417042335",0.005903,1.664145,1.797033,11,11
2006696585071_Node0_Node8_Zero,"[0, 1, 2, 3, 4, 5, 6, 7, 8]",2006.696585,2006.696775,0.015898,8,0,2343.0,"0.006739117651441124,0.007536217500007501,0.007536217500007501,0.007536217500007501,0.0057706460117520906,0.0058237056008517895,0.0058237056008517895,0.0058237056008517895",0.006574,1.804415,1.821007,11,11
2006704782186_Node0_Node8_Zero,"[0, 1, 2, 3, 4, 5, 6, 7, 8]",2006.704782,2006.704952,0.016038,8,0,2343.0,"0.005568069725769537,0.006739117651441124,0.007710857978957999,0.0053220512539897905,0.00569269426974142,0.0053220512539897905,0.00563357539132472,0.005678495302639598",0.005958,1.664145,1.775601,11,11
2006712983450_Node0_Node8_Zero,"[0, 1, 2, 3, 4, 5, 6, 7, 8]",2006.712983,2006.713093,0.016379,8,0,2343.0,"0.0053220512539897905,0.00639888353811529,0.00639888353811529,0.00639888353811529,0.0053220512539897905,0.0053220512539897905,0.005617847644143593,0.005617847644143593",0.0058,1.664145,1.756637,11,11
2006721178140_Node0_Node8_Zero,"[0, 1, 2, 3, 4, 5, 6, 7, 8]",2006.721178,2006.721508,0.016498,8,0,2343.0,"0.006374658887936329,0.006306125141108773,0.006363727511722688,0.006372033427924365,0.0053220512539897905,0.0053220512539897905,0.0053220512539897905,0.0053220512539897905",0.005838,1.664145,1.664145,11,11
2006729378537_Node0_Node8_Zero,"[0, 1, 2, 3, 4, 5, 6, 7, 8]",2006.729379,2006.729609,0.015938,8,0,2343.0,"0.006306125141108773,0.006306125141108773,0.00636081937263016,0.00636081937263016,0.005741823518907809,0.005741823518907809,0.005745464284184415,0.005745464284184415",0.006039,1.795403,1.796541,11,11
2006737575533_Node0_Node8_Zero,"[0, 1, 2, 3, 4, 5, 6, 7, 8]",2006.737576,2006.737766,0.015978,8,0,2343.0,"0.007973048146218088,0.007536217500007501,0.007536217500007501,0.0053220512539897905,0.007536217500007501,0.005690615370858905,0.0053220512539897905,0.00583219515707227",0.006594,1.664145,1.823661,11,11
2006745775585_Node0_Node8_Zero,"[0, 1, 2, 3, 4, 5, 6, 7, 8]",2006.745776,2006.745926,0.016058,8,0,2343.0,"0.006383743131753439,0.006383743131753439,0.006384416327456911,0.006384416327456911,0.0053220512539897905,0.0053220512539897905,0.005617147759934008,0.0056171788792468945",0.005927,1.664145,1.756428,11,11
2006753968619_Node0_Node8_Zero,"[0, 1, 2, 3, 4, 5, 6, 7, 8]",2006.753969,2006.754079,0.015858,8,0,2343.0,"0.006715535550828678,0.006374274489138456,0.006306125141108773,0.006400453299508238,0.005769076250359141,0.0053220512539897905,0.0053220512539897905,0.0053220512539897905",0.005941,1.664145,1.664145,11,11
2006762162504_Node0_Node8_Zero,"[0, 1, 2, 3, 4, 5, 6, 7, 8]",2006.762163,2006.762213,0.015738,8,0,2343.0,"0.006739117651441124,0.0053220512539897905,0.006360689960540389,0.006360695714656937,0.0053220512539897905,0.0053220512539897905,0.005568069725769537,0.0053220512539897905",0.00579,1.664145,1.664145,11,11
2006770360264_Node0_Node8_Zero,"[0, 1, 2, 3, 4, 5, 6, 7, 8]",2006.77036,2006.77061,0.016058,8,0,2343.0,"0.006388782298062448,0.006306125141108773,0.006306125141108773,0.006306125141108773,0.0053220512539897905,0.005617380701695599,0.00561355977129397,0.00561355977129397",0.005934,1.664145,1.755296,11,11
2006778553435_Node0_Node8_Zero,"[0, 1, 2, 3, 4, 5, 6, 7, 8]",2006.778553,2006.778603,0.016039,8,0,2343.0,"0.006306125141108773,0.006306125141108773,0.006351615186633207,0.006306125141108773,0.005741823518907809,0.005741823518907809,0.0053220512539897905,0.0053220512539897905",0.005925,1.664145,1.664145,11,11
2006786750248_Node0_Node8_Zero,"[0, 1, 2, 3, 4, 5, 6, 7, 8]",2006.78675,2006.78704,0.016978,8,0,2343.0,"0.0053220512539897905,0.007536217500007501,0.006360026523500902,0.006360026523500902,0.0053220512539897905,0.005568069725769537,0.0056704223281995115,0.005616051430071775",0.005969,1.664145,1.756076,11,11
2006794945401_Node0_Node8_Zero,"[0, 1, 2, 3, 4, 5, 6, 7, 8]",2006.794945,2006.795275,0.016139,8,0,2343.0,"0.006383743131753439,0.006383743131753439,0.006306125141108773,0.006306125141108773,0.005746990222549463,0.005746990222549463,0.005741823518907809,0.005741823518907809",0.006045,1.795403,1.795403,11,11
2006803146194_Node0_Node8_Zero,"[0, 1, 2, 3, 4, 5, 6, 7, 8]",2006.803146,2006.803256,0.016238,8,0,2343.0,"0.009385119236178976,0.007536217500007501,0.007638570102437477,0.007681152495330185,0.0076585322307639895,0.0053220512539897905,0.0056704223281995115,0.00583219515707227",0.007091,1.664145,1.823661,11,11
2006811347796_Node0_Node8_Zero,"[0, 1, 2, 3, 4, 5, 6, 7, 8]",2006.811348,2006.811658,0.016418,8,0,2343.0,"0.005581660251409146,0.006384698481090298,0.006383743131753439,0.006383743131753439,0.0053220512539897905,0.005580070476186492,0.00561719192215129,0.005617147759934008",0.005859,1.664145,1.756418,11,11
2006819544811_Node0_Node8_Zero,"[0, 1, 2, 3, 4, 5, 6, 7, 8]",2006.819545,2006.819695,0.016118,8,0,2343.0,"0.006738152156119205,0.006306125141108773,0.006370540694585521,0.006400453299508238,0.00577058174278359,0.005741823518907809,0.005746111391757432,0.0057481025482341965",0.006103,1.795403,1.797366,11,11
2006827740535_Node0_Node8_Zero,"[0, 1, 2, 3, 4, 5, 6, 7, 8]",2006.827741,2006.828051,0.016418,8,0,2343.0,"0.006739117651441124,0.007536217500007501,0.007643562849638134,0.0053220512539897905,0.0057706460117520906,0.0053220512539897905,0.0053220512539897905,0.005675384501167875",0.006166,1.664145,1.774628,11,11
2006835936571_Node0_Node8_Zero,"[0, 1, 2, 3, 4, 5, 6, 7, 8]",2006.835937,2006.836007,0.016598,8,0,2343.0,"0.0053220512539897905,0.006383743131753439,0.006384535980882698,0.0063849041556710345,0.005676317853352623,0.005746990222549463,0.005747042999186032,0.0053220512539897905",0.005871,1.664145,1.664145,11,11
2006844133277_Node0_Node8_Zero,"[0, 1, 2, 3, 4, 5, 6, 7, 8]",2006.844133,2006.844443,0.016338,8,0,2343.0,"0.0053220512539897905,0.0053220512539897905,0.0053220512539897905,0.006371458225178236,0.005676317853352623,0.005676317853352623,0.005676317853352623,0.00574617246791536",0.005639,1.664145,1.796763,11,11
2006852334585_Node0_Node8_Zero,"[0, 1, 2, 3, 4, 5, 6, 7, 8]",2006.852335,2006.852685,0.016198,8,0,2343.0,"0.0053220512539897905,0.007683605247506666,0.00913007391241727,0.006739117651441124,0.007536217500007501,0.005568069725769537,0.0053220512539897905,0.0053220512539897905",0.006578,1.664145,1.664145,11,11
2006860529502_Node0_Node8_Zero,"[0, 1, 2, 3, 4, 5, 6, 7, 8]",2006.86053,2006.86068,0.016418,8,0,2343.0,"0.006371630806663957,0.006371630806663957,0.006371630806663957,0.00638454727416968,0.005746183955940023,0.005746183955940023,0.0053220512539897905,0.005747043750932714",0.006008,1.664145,1.797035,11,11
2006868729682_Node0_Node8_Zero,"[0, 1, 2, 3, 4, 5, 6, 7, 8]",2006.86873,2006.86878,0.015838,8,0,2343.0,"0.0053220512539897905,0.0053220512539897905,0.006306125141108773,0.0053220512539897905,0.005676317853352623,0.005676317853352623,0.005741823518907809,0.005676317853352623",0.00563,1.664145,1.77492,11,11
2006876921666_Node0_Node8_Zero,"[0, 1, 2, 3, 4, 5, 6, 7, 8]",2006.876922,2006.877252,0.016678,8,0,2343.0,"0.0053220512539897905,0.0053220512539897905,0.007712672078829242,0.007536217500007501,0.00771302978471377,0.005568069725769537,0.005568069725769537,0.005678579161673771",0.006303,1.664145,1.775627,11,11
2006885116091_Node0_Node8_Zero,"[0, 1, 2, 3, 4, 5, 6, 7, 8]",2006.885116,2006.885346,0.016538,8,0,2343.0,"0.006371630806663957,0.006371630806663957,0.006383743131753439,0.006371630806663957,0.005746183955940023,0.005746183955940023,0.005746990222549463,0.005746183955940023",0.006061,1.796766,1.796766,11,11
2006893317430_Node0_Node8_Zero,"[0, 1, 2, 3, 4, 5, 6, 7, 8]",2006.893317,2006.893487,0.016299,8,0,2343.0,"0.0053220512539897905,0.006739117651441124,0.006739117651441124,0.0053220512539897905,0.005676317853352623,0.0057706460117520906,0.0057706460117520906,0.005676317853352623",0.005877,1.664145,1.77492,11,11
2006901518831_Node0_Node8_Zero,"[0, 1, 2, 3, 4, 5, 6, 7, 8]",2006.901519,2006.901729,0.016238,8,0,2343.0,"0.0055845506739621124,0.007712672078829242,0.007712672078829242,0.007713007514965935,0.007712672078829242,0.0053220512539897905,0.0053220512539897905,0.0053220512539897905",0.00655,1.664145,1.664145,11,11
2006909719884_Node0_Node8_Zero,"[0, 1, 2, 3, 4, 5, 6, 7, 8]",2006.90972,2006.90991,0.015678,8,0,2343.0,"0.00663190830823665,0.0063890725547928115,0.0063890725547928115,0.006371630806663957,0.0053220512539897905,0.00583219515707227,0.005747344979857618,0.005746183955940023",0.006054,1.664145,1.796766,11,11
2006917911946_Node0_Node8_Zero,"[0, 1, 2, 3, 4, 5, 6, 7, 8]",2006.917912,2006.918122,0.016158,8,0,2343.0,"0.006748162884725711,0.006306125141108773,0.0053220512539897905,0.0053220512539897905,0.007536217500007501,0.0056339935185398425,0.00561355977129397,0.005568069725769537",0.006006,1.664145,1.741072,11,11
2006926107139_Node0_Node8_Zero,"[0, 1, 2, 3, 4, 5, 6, 7, 8]",2006.926107,2006.926257,0.016018,8,0,2343.0,"0.006306125141108773,0.006400453299508238,0.006384764077490363,0.00638454939836288,0.005741823518907809,0.0057481025482341965,0.005747058182619199,0.005747043892331334",0.006057,1.795403,1.797035,11,11
2006934301681_Node0_Node8_Zero,"[0, 1, 2, 3, 4, 5, 6, 7, 8]",2006.934302,2006.934432,0.016378,8,0,2343.0,"0.0053220512539897905,0.008457390921877285,0.007665996789967411,0.007657495610389791,0.0053220512539897905,0.005568069725769537,0.00571300472109222,0.0053220512539897905",0.006379,1.664145,1.664145,11,11
2006942498451_Node0_Node8_Zero,"[0, 1, 2, 3, 4, 5, 6, 7, 8]",2006.942498,2006.942628,0.016259,8,0,2343.0,"0.006383743131753439,0.0063849041556710345,0.006384711047246994,0.0053220512539897905,0.0053220512539897905,0.0053220512539897905,0.0053220512539897905,0.005676317853352623",0.005765,1.664145,1.77492,11,11
2006950690399_Node0_Node8_Zero,"[0, 1, 2, 3, 4, 5, 6, 7, 8]",2006.95069,2006.951,0.016099,8,0,2343.0,"0.006306125141108773,0.006351615186633207,0.0063784143919433465,0.0053220512539897905,0.0053220512539897905,0.00583219515707227,0.005746635510721012,0.005676317853352623",0.005867,1.664145,1.77492,11,11
2006958886337_Node0_Node8_Zero,"[0, 1, 2, 3, 4, 5, 6, 7, 8]",2006.958886,2006.959196,0.016938,8,0,2343.0,"0.006306125141108773,0.006306125141108773,0.0053220512539897905,0.008953283897458834,0.007683605247506666,0.00561355977129397,0.00561355977129397,0.005568069725769537",0.006421,1.664145,1.741072,11,11
2006967079551_Node0_Node8_Zero,"[0, 1, 2, 3, 4, 5, 6, 7, 8]",2006.96708,2006.96727,0.017979,8,1,2343.0,"0.006306125141108773,0.006400453299508238,0.00638463289309966,0.006371630806663957,0.005741823518907809,0.00561355977129397,0.005617920208326183,0.005617188890264438",0.006007,1.159984,1.756431,11,11
2006975279518_Node0_Node8_Zero,"[0, 1, 2, 3, 4, 5, 6, 7, 8]",2006.97528,2006.97559,0.015878,8,0,2343.0,"0.006119151102556166,0.006119151102556166,0.006360026523500902,0.006351615186633207,0.005729377442452324,0.005983551650174254,0.0053220512539897905,0.005744851600180179",0.005966,1.664145,1.79635,11,11
2006983478303_Node0_Node8_Zero,"[0, 1, 2, 3, 4, 5, 6, 7, 8]",2006.983478,2006.983648,0.016218,8,0,2343.0,"0.008230271624339593,0.007710857978957999,0.0053220512539897905,0.007659309710261034,0.007659005455437069,0.005702505847664418,0.005678495302639598,0.005568069725769537",0.006691,1.664145,1.741072,11,11
2006991670339_Node0_Node8_Zero,"[0, 1, 2, 3, 4, 5, 6, 7, 8]",2006.99167,2006.99186,0.016338,8,0,2343.0,"0.006641103367925023,0.006428439871865262,0.006306125141108773,0.006384303039121106,0.0053220512539897905,0.0053220512539897905,0.0053220512539897905,0.0053220512539897905",0.005881,1.664145,1.664145,11,11
2006999871034_Node0_Node8_Zero,"[0, 1, 2, 3, 4, 5, 6, 7, 8]",2006.999871,2007.000041,0.016238,8,0,2343.0,"0.0053220512539897905,0.0053220512539897905,0.006372033427924365,0.006351615186633207,0.005676317853352623,0.005676317853352623,0.005746210756746317,0.0053220512539897905",0.005724,1.664145,1.664145,11,11
2007008067266_Node0_Node8_Zero,"[0, 1, 2, 3, 4, 5, 6, 7, 8]",2007.008067,2007.008377,0.015978,8,0,2343.0,"0.0053220512539897905,0.0053220512539897905,0.0053220512539897905,0.006306125141108773,0.0053220512539897905,0.005676317853352623,0.005676317853352623,0.0053220512539897905",0.005534,1.664145,1.664145,11,11
2007016259095_Node0_Node8_Zero,"[0, 1, 2, 3, 4, 5, 6, 7, 8]",2007.016259,2007.016369,0.016118,8,0,2343.0,"0.0053220512539897905,0.0053220512539897905,0.0053220512539897905,0.006306125141108773,0.0053220512539897905,0.005568069725769537,0.00583219515707227,0.0053220512539897905",0.00554,1.664145,1.664145,11,11
2007024458630_Node0_Node8_Zero,"[0, 1, 2, 3, 4, 5, 6, 7, 8]",2007.024459,2007.024509,0.016058,8,0,2343.0,"0.006306125141108773,0.006371630806663957,0.006371630806663957,0.006306125141108773,0.0053220512539897905,0.005746183955940023,0.005746183955940023,0.0053220512539897905",0.005936,1.664145,1.664145,11,11
2007032657907_Node0_Node8_Zero,"[0, 1, 2, 3, 4, 5, 6, 7, 8]",2007.032658,2007.032828,0.016398,8,0,2343.0,"0.006306125141108773,0.0053220512539897905,0.0053220512539897905,0.006306125141108773,0.0053220512539897905,0.00561355977129397,0.005568069725769537,0.005568069725769537",0.005666,1.664145,1.741072,11,11
2007040854623_Node0_Node8_Zero,"[0, 1, 2, 3, 4, 5, 6, 7, 8]",2007.040855,2007.041025,0.015778,8,0,2343.0,"0.006306125141108773,0.00638454939836288,0.00638454939836288,0.006306125141108773,0.0053220512539897905,0.005747043892331334,0.005747043892331334,0.005741823518907809",0.005992,1.664145,1.795403,11,11
2007049047349_Node0_Node8_Zero,"[0, 1, 2, 3, 4, 5, 6, 7, 8]",2007.049047,2007.049137,0.016199,8,0,2343.0,"0.006306125141108773,0.0053220512539897905,0.0053220512539897905,0.009055636499888813,0.007638570102437477,0.00561355977129397,0.005568069725769537,0.005568069725769537",0.006299,1.664145,1.741072,11,11
2007057241671_Node0_Node8_Zero,"[0, 1, 2, 3, 4, 5, 6, 7, 8]",2007.057242,2007.057332,0.016138,8,0,2343.0,"0.006306125141108773,0.006384708404901316,0.006384708404901316,0.006383743131753439,0.005741823518907809,0.005747054476728771,0.005747054476728771,0.005746990222549463",0.006055,1.795403,1.797019,11,11
2007065436146_Node0_Node8_Zero,"[0, 1, 2, 3, 4, 5, 6, 7, 8]",2007.065436,2007.065746,0.016318,8,0,2343.0,"0.0053220512539897905,0.008499973314769996,0.0053220512539897905,0.0053220512539897905,0.0053220512539897905,0.005568069725769537,0.0053220512539897905,0.005568069725769537",0.005781,1.664145,1.741072,11,11
2007073631553_Node0_Node8_Zero,"[0, 1, 2, 3, 4, 5, 6, 7, 8]",2007.073632,2007.073842,0.016058,8,0,2343.0,"0.006383743131753439,0.0063847103620093245,0.0063847103620093245,0.006384698481090298,0.0053220512539897905,0.0057470546070052305,0.0057470546070052305,0.00574705381614235",0.006013,1.664145,1.797038,11,11
2007081823338_Node0_Node8_Zero,"[0, 1, 2, 3, 4, 5, 6, 7, 8]",2007.081823,2007.082153,0.016238,8,0,2343.0,"0.006306125141108773,0.0053220512539897905,0.006739117651441124,0.007536217500007501,0.007638570102437477,0.00561355977129397,0.005568069725769537,0.00563357539132472",0.006295,1.664145,1.761555,11,11
2007090019203_Node0_Node8_Zero,"[0, 1, 2, 3, 4, 5, 6, 7, 8]",2007.090019,2007.090109,0.016238,8,0,2343.0,"0.006306125141108773,0.006384710386098092,0.006384710386098092,0.006384710239863591,0.005741823518907809,0.0053220512539897905,0.005747054608608718,0.005747054598874502",0.006002,1.664145,1.797039,11,11
2007098214825_Node0_Node8_Zero,"[0, 1, 2, 3, 4, 5, 6, 7, 8]",2007.098215,2007.098445,0.015958,8,0,2343.0,"0.008457390921877285,0.006360026523500902,0.0053220512539897905,0.007638570102437477,0.0053220512539897905,0.005745411507547847,0.005676317853352623,0.005830518783714623",0.006294,1.664145,1.823137,11,11
2007106406926_Node0_Node8_Zero,"[0, 1, 2, 3, 4, 5, 6, 7, 8]",2007.106407,2007.106517,0.016018,8,0,2343.0,"0.006383743131753439,0.0053220512539897905,0.007536217500007501,0.00771303430190058,0.007713034297850792,0.005617147759934008,0.00583219515707227,0.0053220512539897905",0.00643,1.664145,1.664145,11,11
2007114606343_Node0_Node8_Zero,"[0, 1, 2, 3, 4, 5, 6, 7, 8]",2007.114606,2007.114876,0.016379,8,0,2343.0,"0.006306125141108773,0.0063844065687929255,0.006371630806663957,0.006400143329692542,0.0053220512539897905,0.00561355977129397,0.005617178428140454,0.0056165878525663415",0.005954,1.664145,1.756243,11,11
2007122802878_Node0_Node8_Zero,"[0, 1, 2, 3, 4, 5, 6, 7, 8]",2007.122803,2007.122913,0.016058,8,0,2343.0,"0.006748229860833891,0.006360689960540389,0.006400453299508238,0.006306125141108773,0.0053220512539897905,0.0057454556697651305,0.0057481025482341965,0.005741823518907809",0.006047,1.664145,1.795403,11,11
2007131004167_Node0_Node8_Zero,"[0, 1, 2, 3, 4, 5, 6, 7, 8]",2007.131004,2007.131194,0.015918,8,0,2343.0,"0.0053220512539897905,0.0053220512539897905,0.0053220512539897905,0.0053220512539897905,0.0053220512539897905,0.0053220512539897905,0.005568069725769537,0.005568069725769537",0.005384,1.664145,1.741072,11,11
2007139205018_Node0_Node8_Zero,"[0, 1, 2, 3, 4, 5, 6, 7, 8]",2007.139205,2007.139255,0.016378,8,0,2343.0,"0.006306125141108773,0.006384414734607712,0.0063849041556710345,0.006383743131753439,0.0053220512539897905,0.0053220512539897905,0.005617178805615451,0.005617201429715878",0.005917,1.664145,1.756435,11,11
2007147403337_Node0_Node8_Zero,"[0, 1, 2, 3, 4, 5, 6, 7, 8]",2007.147403,2007.147553,0.016258,8,0,2343.0,"0.006306125141108773,0.006306125141108773,0.006351615186633207,0.006351615186633207,0.0053220512539897905,0.005741823518907809,0.005744851600180179,0.005744851600180179",0.005984,1.664145,1.79635,11,11
2007155596088_Node0_Node8_Zero,"[0, 1, 2, 3, 4, 5, 6, 7, 8]",2007.155596,2007.155746,0.015818,8,0,2343.0,"0.006306125141108773,0.0053220512539897905,0.0053220512539897905,0.0053220512539897905,0.0053220512539897905,0.005676317853352623,0.005676317853352623,0.005676317853352623",0.005578,1.664145,1.77492,11,11
2007163797785_Node0_Node8_Zero,"[0, 1, 2, 3, 4, 5, 6, 7, 8]",2007.163798,2007.163868,0.016218,8,0,2343.0,"0.006306125141108773,0.0053220512539897905,0.0053220512539897905,0.0053220512539897905,0.006739117651441124,0.00561355977129397,0.00583219515707227,0.005568069725769537",0.005753,1.664145,1.741072,11,11
2007171990571_Node0_Node8_Zero,"[0, 1, 2, 3, 4, 5, 6, 7, 8]",2007.171991,2007.172041,0.016298,8,0,2343.0,"0.006306125141108773,0.006371630806663957,0.006371630806663957,0.006371630806663957,0.0053220512539897905,0.0053220512539897905,0.0053220512539897905,0.0053220512539897905",0.005839,1.664145,1.664145,11,11
2007180191976_Node0_Node8_Zero,"[0, 1, 2, 3, 4, 5, 6, 7, 8]",2007.180192,2007.180382,0.015938,8,0,2343.0,"0.006568147803329512,0.0053220512539897905,0.0053220512539897905,0.0053220512539897905,0.0053220512539897905,0.005676317853352623,0.005676317853352623,0.0053220512539897905",0.005566,1.664145,1.664145,11,11
2007188391905_Node0_Node8_Zero,"[0, 1, 2, 3, 4, 5, 6, 7, 8]",2007.188392,2007.188502,0.015938,8,0,2343.0,"0.0053220512539897905,0.0053220512539897905,0.0053220512539897905,0.0053220512539897905,0.0053220512539897905,0.005676317853352623,0.0053220512539897905,0.005568069725769537",0.005397,1.664145,1.741072,11,11
2007196583759_Node0_Node8_Zero,"[0, 1, 2, 3, 4, 5, 6, 7, 8]",2007.196584,2007.196654,0.015798,8,0,2343.0,"0.006306125141108773,0.0053220512539897905,0.006371630806663957,0.006306125141108773,0.0053220512539897905,0.0053220512539897905,0.005568069725769537,0.0053220512539897905",0.00573,1.664145,1.664145,11,11
2007204777867_Node0_Node8_Zero,"[0, 1, 2, 3, 4, 5, 6, 7, 8]",2007.204778,2007.205028,0.016158,8,0,2343.0,"0.006306125141108773,0.006371630806663957,0.006306125141108773,0.006351615186633207,0.0053220512539897905,0.00561355977129397,0.0056165878525663415,0.00561355977129397",0.005938,1.664145,1.755296,11,11
2007212973930_Node0_Node8_Zero,"[0, 1, 2, 3, 4, 5, 6, 7, 8]",2007.212974,2007.213244,0.016338,8,0,2343.0,"0.006306125141108773,0.006306125141108773,0.006351615186633207,0.006306125141108773,0.0053220512539897905,0.00561355977129397,0.00561355977129397,0.0053220512539897905",0.005893,1.664145,1.664145,11,11
2007221170011_Node0_Node8_Zero,"[0, 1, 2, 3, 4, 5, 6, 7, 8]",2007.22117,2007.22138,0.016198,8,0,2343.0,"0.006306125141108773,0.006360026523500902,0.00636058643086857,0.006360026523500902,0.0053220512539897905,0.005745411507547847,0.005745448778229701,0.005745411507547847",0.005993,1.664145,1.796525,11,11
2007229368333_Node0_Node8_Zero,"[0, 1, 2, 3, 4, 5, 6, 7, 8]",2007.229368,2007.229718,0.016898,8,0,2343.0,"0.006306125141108773,0.0053220512539897905,0.0053220512539897905,0.0053220512539897905,0.0053220512539897905,0.00561355977129397,0.005568069725769537,0.005568069725769537",0.005543,1.664145,1.741072,11,11
2007237561017_Node0_Node8_Zero,"[0, 1, 2, 3, 4, 5, 6, 7, 8]",2007.237561,2007.237911,0.016498,8,0,2343.0,"0.006306125141108773,0.0063844065687929255,0.006384413460328354,0.0063844065687929255,0.005741823518907809,0.005747034384766746,0.005747034843507315,0.005747034384766746",0.006055,1.795403,1.797032,11,11
2007245756424_Node0_Node8_Zero,"[0, 1, 2, 3, 4, 5, 6, 7, 8]",2007.245756,2007.245926,0.016199,8,0,2343.0,"0.0053220512539897905,0.0053220512539897905,0.007657495610389791,0.007638570102437477,0.00799283670180031,0.005676317853352623,0.005831778575291876,0.005830518783714623",0.006409,1.664145,1.823137,11,11
2007253951458_Node0_Node8_Zero,"[0, 1, 2, 3, 4, 5, 6, 7, 8]",2007.253951,2007.254121,0.016599,8,0,2343.0,"0.005579442237150644,0.007710857978957999,0.007713025888049205,0.0053220512539897905,0.007713025888049205,0.005835330684045513,0.005835474992648497,0.0053220512539897905",0.006379,1.664145,1.664145,11,11
2007262146527_Node0_Node8_Zero,"[0, 1, 2, 3, 4, 5, 6, 7, 8]",2007.262147,2007.262317,0.016098,8,0,2343.0,"0.007060244225908871,0.0053220512539897905,0.009100671644958001,0.006400143329692542,0.005792022059082794,0.005676317853352623,0.005927844742573735,0.0057480819148454385",0.006378,1.664145,1.79736,11,11
2007270347624_Node0_Node8_Zero,"[0, 1, 2, 3, 4, 5, 6, 7, 8]",2007.270348,2007.270558,0.016078,8,0,2343.0,"0.0053220512539897905,0.0053220512539897905,0.0053220512539897905,0.007749820386900048,0.007536217500007501,0.005568069725769537,0.005676317853352623,0.005837924247900101",0.006042,1.664145,1.825453,11,11
2007278541995_Node0_Node8_Zero,"[0, 1, 2, 3, 4, 5, 6, 7, 8]",2007.278542,2007.278612,0.016258,8,0,2343.0,"0.005568069725769537,0.006371630806663957,0.0053220512539897905,0.0053220512539897905,0.006739117651441124,0.005579442237150644,0.0056165878525663415,0.0053220512539897905",0.00573,1.664145,1.664145,11,11
2007286742880_Node0_Node8_Zero,"[0, 1, 2, 3, 4, 5, 6, 7, 8]",2007.286743,2007.286793,0.015998,8,0,2343.0,"0.006715535550828678,0.006351615186633207,0.006371630806663957,0.006401512637047758,0.0053220512539897905,0.005744851600180179,0.005746183955940023,0.005748173063884984",0.00605,1.664145,1.797388,11,11
2007294944589_Node0_Node8_Zero,"[0, 1, 2, 3, 4, 5, 6, 7, 8]",2007.294945,2007.295015,0.015838,8,0,2343.0,"0.006568147803329512,0.0053220512539897905,0.0053220512539897905,0.006739117651441124,0.007536217500007501,0.0053220512539897905,0.005568069725769537,0.00583219515707227",0.006026,1.664145,1.823661,11,11
2007303142450_Node0_Node8_Zero,"[0, 1, 2, 3, 4, 5, 6, 7, 8]",2007.303142,2007.303332,0.016139,8,0,2343.0,"0.006306125141108773,0.006384303039121106,0.00638454939836288,0.0063849171943674435,0.0053220512539897905,0.00561355977129397,0.005617173642351962,0.0056171850306158625",0.005954,1.664145,1.75643,11,11
2007311341629_Node0_Node8_Zero,"[0, 1, 2, 3, 4, 5, 6, 7, 8]",2007.311342,2007.311632,0.016438,8,0,2343.0,"0.006715535550828678,0.006306125141108773,0.006351615186633207,0.006400453299508238,0.0053220512539897905,0.0053220512539897905,0.00561355977129397,0.005615662605510894",0.005956,1.664145,1.755954,11,11
2007319539062_Node0_Node8_Zero,"[0, 1, 2, 3, 4, 5, 6, 7, 8]",2007.319539,2007.319769,0.015958,8,0,2343.0,"0.006306125141108773,0.006360026523500902,0.00636069474632888,0.006360696852075816,0.005741823518907809,0.0053220512539897905,0.0057454559883349686,0.005745456128505699",0.005993,1.664145,1.796539,11,11
2007327730979_Node0_Node8_Zero,"[0, 1, 2, 3, 4, 5, 6, 7, 8]",2007.327731,2007.328081,0.016118,8,0,2343.0,"0.0053220512539897905,0.006306125141108773,0.0053220512539897905,0.0053220512539897905,0.0053220512539897905,0.005568069725769537,0.00561355977129397,0.005568069725769537",0.005543,1.664145,1.741072,11,11
2007335926335_Node0_Node8_Zero,"[0, 1, 2, 3, 4, 5, 6, 7, 8]",2007.335926,2007.336236,0.016178,8,0,2343.0,"0.006383743131753439,0.006306125141108773,0.006384414793512867,0.006384414819431136,0.0053220512539897905,0.0053220512539897905,0.005747034932251809,0.0053220512539897905",0.005896,1.664145,1.664145,11,11
2007344121482_Node0_Node8_Zero,"[0, 1, 2, 3, 4, 5, 6, 7, 8]",2007.344121,2007.344211,0.016059,8,0,2343.0,"0.006306125141108773,0.006351615186633207,0.0053220512539897905,0.0053220512539897905,0.0053220512539897905,0.0053220512539897905,0.0053220512539897905,0.0053220512539897905",0.005574,1.664145,1.664145,11,11
2007352314003_Node0_Node8_Zero,"[0, 1, 2, 3, 4, 5, 6, 7, 8]",2007.352314,2007.352604,0.015978,8,0,2343.0,"0.006306125141108773,0.006306125141108773,0.006384706748137811,0.006306125141108773,0.005741823518907809,0.005741823518907809,0.005747054366444982,0.0053220512539897905",0.005982,1.664145,1.664145,11,11
2007360511138_Node0_Node8_Zero,"[0, 1, 2, 3, 4, 5, 6, 7, 8]",2007.360511,2007.360761,0.015958,8,0,2343.0,"0.0053220512539897905,0.006739117651441124,0.006739117651441124,0.006306125141108773,0.0053220512539897905,0.005568069725769537,0.00563357539132472,0.00583219515707227",0.005933,1.664145,1.823661,11,11
2007368711301_Node0_Node8_Zero,"[0, 1, 2, 3, 4, 5, 6, 7, 8]",2007.368711,2007.368841,0.016258,8,0,2343.0,"0.006383743131753439,0.006383743131753439,0.0063847103416173005,0.006306125141108773,0.0053220512539897905,0.0053220512539897905,0.0053220512539897905,0.005617192470418978",0.00588,1.664145,1.756432,11,11
2007376912577_Node0_Node8_Zero,"[0, 1, 2, 3, 4, 5, 6, 7, 8]",2007.376913,2007.377103,0.016118,8,0,2343.0,"0.006306125141108773,0.006351615186633207,0.006363727511722688,0.006400453299508238,0.005741823518907809,0.0053220512539897905,0.0057456578667896205,0.0053220512539897905",0.005944,1.664145,1.664145,11,11
2007385111208_Node0_Node8_Zero,"[0, 1, 2, 3, 4, 5, 6, 7, 8]",2007.385111,2007.385221,0.016018,8,0,2343.0,"0.0053220512539897905,0.006306125141108773,0.0053220512539897905,0.006360698227732611,0.005676317853352623,0.005741823518907809,0.005676317853352623,0.005745456220077394",0.005769,1.664145,1.796539,11,11
2007393308288_Node0_Node8_Zero,"[0, 1, 2, 3, 4, 5, 6, 7, 8]",2007.393308,2007.393558,0.016678,8,0,2343.0,"0.0053220512539897905,0.0053220512539897905,0.007536217500007501,0.0077124532066719445,0.0053220512539897905,0.005568069725769537,0.005568069725769537,0.0056704223281995115",0.006003,1.664145,1.773077,11,11
2007401508996_Node0_Node8_Zero,"[0, 1, 2, 3, 4, 5, 6, 7, 8]",2007.401509,2007.401679,0.016338,8,0,2343.0,"0.006371630806663957,0.006383743131753439,0.006371630806663957,0.006384414836363201,0.005746183955940023,0.005746990222549463,0.005746183955940023,0.005747034935104177",0.006062,1.796766,1.797033,11,11
2007409707670_Node0_Node8_Zero,"[0, 1, 2, 3, 4, 5, 6, 7, 8]",2007.409708,2007.409998,0.016278,8,0,2343.0,"0.006739117651441124,0.0053220512539897905,0.0053220512539897905,0.007638570102437477,0.007681152495330185,0.0053220512539897905,0.005568069725769537,0.0053220512539897905",0.006114,1.664145,1.664145,11,11
2007417908065_Node0_Node8_Zero,"[0, 1, 2, 3, 4, 5, 6, 7, 8]",2007.417908,2007.418038,0.015998,8,0,2343.0,"0.006646671758511813,0.006384698481090298,0.00638454939836288,0.0063847067486652274,0.0057644922769325355,0.00574705381614235,0.005747043892331334,0.005747054366480091",0.006101,1.797035,1.797039,11,11
2007426103242_Node0_Node8_Zero,"[0, 1, 2, 3, 4, 5, 6, 7, 8]",2007.426103,2007.426233,0.016298,8,0,2343.0,"0.006739117651441124,0.006739117651441124,0.0053220512539897905,0.0053220512539897905,0.0053220512539897905,0.0053220512539897905,0.00563357539132472,0.005568069725769537",0.005746,1.664145,1.741072,11,11
2007434304267_Node0_Node8_Zero,"[0, 1, 2, 3, 4, 5, 6, 7, 8]",2007.434304,2007.434354,0.016118,8,0,2343.0,"0.0053220512539897905,0.006384710239863591,0.006384708404901316,0.006384710341623792,0.0053220512539897905,0.0053220512539897905,0.0053220512539897905,0.0053220512539897905",0.005721,1.664145,1.664145,11,11
2007442497788_Node0_Node8_Zero,"[0, 1, 2, 3, 4, 5, 6, 7, 8]",2007.442498,2007.442728,0.016138,8,0,2343.0,"0.006306125141108773,0.0053220512539897905,0.0053220512539897905,0.0053220512539897905,0.0053220512539897905,0.0053220512539897905,0.006078213628852016,0.005568069725769537",0.00557,1.664145,1.741072,11,11
2007450693034_Node0_Node8_Zero,"[0, 1, 2, 3, 4, 5, 6, 7, 8]",2007.450693,2007.450843,0.016358,8,0,2343.0,"0.006306125141108773,0.006306125141108773,0.006306125141108773,0.006306125141108773,0.0053220512539897905,0.0053220512539897905,0.0053220512539897905,0.0053220512539897905",0.005814,1.664145,1.664145,11,11
2007458893065_Node0_Node8_Zero,"[0, 1, 2, 3, 4, 5, 6, 7, 8]",2007.458893,2007.459023,0.016598,8,0,2343.0,"0.006306125141108773,0.0053220512539897905,0.0064459433450326726,0.006351615186633207,0.005741823518907809,0.005676317853352623,0.0053220512539897905,0.0053220512539897905",0.005811,1.664145,1.664145,11,11
2007467093085_Node0_Node8_Zero,"[0, 1, 2, 3, 4, 5, 6, 7, 8]",2007.467093,2007.467323,0.015878,8,0,2343.0,"0.0053220512539897905,0.0053220512539897905,0.0053220512539897905,0.006306125141108773,0.005676317853352623,0.005676317853352623,0.005676317853352623,0.005741823518907809",0.00563,1.664145,1.795403,11,11
2007475285481_Node0_Node8_Zero,"[0, 1, 2, 3, 4, 5, 6, 7, 8]",2007.475285,2007.475535,0.016439,8,0,2343.0,"0.0053220512539897905,0.0053220512539897905,0.007683605247506666,0.007536217500007501,0.007536217500007501,0.005568069725769537,0.005568069725769537,0.005677235511062345",0.006277,1.664145,1.775207,11,11
2007483479800_Node0_Node8_Zero,"[0, 1, 2, 3, 4, 5, 6, 7, 8]",2007.48348,2007.48379,0.016878,8,0,2343.0,"0.00663190830823665,0.006371630806663957,0.006371630806663957,0.006383743131753439,0.005763509536054209,0.0053220512539897905,0.0053220512539897905,0.0053220512539897905",0.005936,1.664145,1.664145,11,11
2007491675336_Node0_Node8_Zero,"[0, 1, 2, 3, 4, 5, 6, 7, 8]",2007.491675,2007.491985,0.016318,8,0,2343.0,"0.0053220512539897905,0.006351615186633207,0.006351615186633207,0.006371800486162774,0.005676317853352623,0.005744851600180179,0.005744851600180179,0.0057461952507916044",0.005914,1.664145,1.79677,11,11
2007499872024_Node0_Node8_Zero,"[0, 1, 2, 3, 4, 5, 6, 7, 8]",2007.499872,2007.500182,0.016438,8,0,2343.0,"0.007977919807487747,0.006739117651441124,0.007536217500007501,0.007536217500007501,0.007536217500007501,0.00583219515707227,0.00563357539132472,0.0056704223281995115",0.006808,1.761555,1.773077,11,11
2007508070789_Node0_Node8_Zero,"[0, 1, 2, 3, 4, 5, 6, 7, 8]",2007.508071,2007.508321,0.016678,8,0,2343.0,"0.006617649278443703,0.006384303039121106,0.006384303039121106,0.006384551486837412,0.005762560372328818,0.0053220512539897905,0.005747027493231318,0.0053220512539897905",0.005991,1.664145,1.664145,11,11
2007516272387_Node0_Node8_Zero,"[0, 1, 2, 3, 4, 5, 6, 7, 8]",2007.516272,2007.516462,0.016139,8,0,2343.0,"0.008457390921877285,0.006400453299508238,0.0053220512539897905,0.0053220512539897905,0.005885024246617289,0.0057481025482341965,0.005676317853352623,0.005676317853352623",0.006061,1.664145,1.77492,11,11
2007524470018_Node0_Node8_Zero,"[0, 1, 2, 3, 4, 5, 6, 7, 8]",2007.52447,2007.52482,0.016638,8,0,2343.0,"0.0053220512539897905,0.007719485261692075,0.007536217500007501,0.0077130230209206474,0.007536217500007501,0.005568069725769537,0.005678894109568083,0.0056704223281995115",0.006593,1.664145,1.773077,11,11
2007532669618_Node0_Node8_Zero,"[0, 1, 2, 3, 4, 5, 6, 7, 8]",2007.53267,2007.53298,0.018359,8,1,2343.0,"0.006670499163883254,0.0063849041556710345,0.006371630806663957,0.006371630806663957,0.005766078367233011,0.0053220512539897905,0.0053220512539897905,0.0056165878525663415",0.005978,1.301224,1.756243,11,11
2007540863440_Node0_Node8_Zero,"[0, 1, 2, 3, 4, 5, 6, 7, 8]",2007.540863,2007.540993,0.016646,8,1,2343.0,"0.005901180966101712,0.0053220512539897905,0.0053220512539897905,0.0053220512539897905,0.0053220512539897905,0.0053220512539897905,0.005676317853352623,0.005883630813580973",0.005509,1.664145,1.839745,11,11
2007549055465_Node0_Node8_Zero,"[0, 1, 2, 3, 4, 5, 6, 7, 8]",2007.549055,2007.549145,0.016059,8,0,2343.0,"0.007972880641178738,0.007720948875099535,0.007536217500007501,0.007536217500007501,0.005852772432174367,0.0058360023926198904,0.0058237056008517895,0.0058237056008517895",0.006763,1.821007,1.821007,11,11
2007557254755_Node0_Node8_Zero,"[0, 1, 2, 3, 4, 5, 6, 7, 8]",2007.557255,2007.557365,0.015958,8,0,2343.0,"0.007536217500007501,0.007536217500007501,0.007536217500007501,0.007683605247506666,0.0058237056008517895,0.0053220512539897905,0.0056704223281995115,0.0056704223281995115",0.006597,1.664145,1.773077,11,11
2007565452540_Node0_Node8_Zero,"[0, 1, 2, 3, 4, 5, 6, 7, 8]",2007.565453,2007.565643,0.016238,8,0,2343.0,"0.005594029442886088,0.006401157276397171,0.00639888353811529,0.00639888353811529,0.0053220512539897905,0.0053220512539897905,0.0053220512539897905,0.005617847644143593",0.005797,1.664145,1.756637,11,11
2007573652554_Node0_Node8_Zero,"[0, 1, 2, 3, 4, 5, 6, 7, 8]",2007.573653,2007.574003,0.016278,8,0,2343.0,"0.00639888353811529,0.0053220512539897905,0.006370540694585521,0.006370540694585521,0.0053220512539897905,0.005617847644143593,0.005568069725769537,0.0053220512539897905",0.005787,1.664145,1.664145,11,11
2007581851808_Node0_Node8_Zero,"[0, 1, 2, 3, 4, 5, 6, 7, 8]",2007.581852,2007.582062,0.016538,8,0,2343.0,"0.006306125141108773,0.006306125141108773,0.006306125141108773,0.00636081937263016,0.0053220512539897905,0.0053220512539897905,0.00561355977129397,0.005745464284184415",0.00591,1.664145,1.796541,11,11
2007590048520_Node0_Node8_Zero,"[0, 1, 2, 3, 4, 5, 6, 7, 8]",2007.590049,2007.590379,0.016098,8,0,2343.0,"0.006306125141108773,0.00636081937263016,0.006351615186633207,0.0053220512539897905,0.0053220512539897905,0.0053220512539897905,0.005744851600180179,0.005676317853352623",0.005801,1.664145,1.77492,11,11
2007598243637_Node0_Node8_Zero,"[0, 1, 2, 3, 4, 5, 6, 7, 8]",2007.598244,2007.598414,0.015998,8,0,2343.0,"0.006306125141108773,0.0053220512539897905,0.0053220512539897905,0.0053220512539897905,0.007712372669290808,0.005676317853352623,0.005676317853352623,0.005676317853352623",0.005877,1.664145,1.77492,11,11
2007606441585_Node0_Node8_Zero,"[0, 1, 2, 3, 4, 5, 6, 7, 8]",2007.606442,2007.606752,0.016678,8,0,2343.0,"0.005587642522356571,0.0053220512539897905,0.006739117651441124,0.0053220512539897905,0.0053220512539897905,0.005580347014138876,0.005568069725769537,0.00563357539132472",0.005634,1.664145,1.761555,11,11
2007614641102_Node0_Node8_Zero,"[0, 1, 2, 3, 4, 5, 6, 7, 8]",2007.614641,2007.614771,0.015978,8,0,2343.0,"0.006748107522405006,0.006371630806663957,0.006371630806663957,0.006371630806663957,0.005771244429704698,0.005746183955940023,0.005746183955940023,0.005746183955940023",0.006109,1.796766,1.796766,11,11
2007622839021_Node0_Node8_Zero,"[0, 1, 2, 3, 4, 5, 6, 7, 8]",2007.622839,2007.623189,0.016138,8,0,2343.0,"0.007536217500007501,0.007536217500007501,0.007643677899450826,0.007638570102437477,0.00766582283388881,0.0056704223281995115,0.0056704223281995115,0.005675389819489279",0.00688,1.773077,1.77463,11,11
2007631038513_Node0_Node8_Zero,"[0, 1, 2, 3, 4, 5, 6, 7, 8]",2007.631039,2007.631329,0.016058,8,0,2343.0,"0.006649460706837032,0.00638454939836288,0.00638454939836288,0.00638454939836288,0.0053220512539897905,0.005629430886989216,0.0056171850306158625,0.0056171850306158625",0.005999,1.664145,1.75643,11,11
2007639231898_Node0_Node8_Zero,"[0, 1, 2, 3, 4, 5, 6, 7, 8]",2007.639232,2007.639462,0.016178,8,0,2343.0,"0.00673950022509,0.006370540694585521,0.006370540694585521,0.006371459208562456,0.0053220512539897905,0.0053220512539897905,0.0053220512539897905,0.005616537460772874",0.005929,1.664145,1.756227,11,11
2007647429645_Node0_Node8_Zero,"[0, 1, 2, 3, 4, 5, 6, 7, 8]",2007.64743,2007.64756,0.016518,8,0,2343.0,"0.006306125141108773,0.0053220512539897905,0.006360696852075816,0.006360696852075816,0.005741823518907809,0.005676317853352623,0.0053220512539897905,0.0053220512539897905",0.005801,1.664145,1.664145,11,11
2007655623028_Node0_Node8_Zero,"[0, 1, 2, 3, 4, 5, 6, 7, 8]",2007.655623,2007.655733,0.016438,8,0,2343.0,"0.0053220512539897905,0.007536217500007501,0.0053220512539897905,0.006360577113173999,0.005676317853352623,0.0058237056008517895,0.005676317853352623,0.005745448157989908",0.005933,1.664145,1.796536,11,11
2007663820505_Node0_Node8_Zero,"[0, 1, 2, 3, 4, 5, 6, 7, 8]",2007.663821,2007.663971,0.015818,8,0,2343.0,"0.0053220512539897905,0.0053220512539897905,0.0053220512539897905,0.0053220512539897905,0.005676317853352623,0.005676317853352623,0.005676317853352623,0.005676317853352623",0.005499,1.664145,1.77492,11,11
2007672012761_Node0_Node8_Zero,"[0, 1, 2, 3, 4, 5, 6, 7, 8]",2007.672013,2007.672143,0.016438,8,0,2343.0,"0.005568069725769537,0.0053220512539897905,0.007744923893272166,0.007683605247506666,0.00771236596020932,0.005579442237150644,0.005568069725769537,0.005680070042111163",0.006357,1.664145,1.776093,11,11
2007680207849_Node0_Node8_Zero,"[0, 1, 2, 3, 4, 5, 6, 7, 8]",2007.680208,2007.680338,0.016518,8,0,2343.0,"0.006371630806663957,0.006371630806663957,0.006371630806663957,0.006371630806663957,0.005746183955940023,0.0053220512539897905,0.0053220512539897905,0.005746183955940023",0.005953,1.664145,1.796766,11,11
2007688408504_Node0_Node8_Zero,"[0, 1, 2, 3, 4, 5, 6, 7, 8]",2007.688409,2007.688659,0.016458,8,0,2343.0,"0.0053220512539897905,0.0053220512539897905,0.006351615186633207,0.0053220512539897905,0.0053220512539897905,0.005676317853352623,0.005744851600180179,0.005676317853352623",0.005592,1.664145,1.77492,11,11
2007696605761_Node0_Node8_Zero,"[0, 1, 2, 3, 4, 5, 6, 7, 8]",2007.696606,2007.696816,0.016118,8,0,2343.0,"0.0053220512539897905,0.0053220512539897905,0.0053220512539897905,0.0053220512539897905,0.007712672078829242,0.0053220512539897905,0.005676317853352623,0.005676317853352623",0.005709,1.664145,1.77492,11,11
2007704798551_Node0_Node8_Zero,"[0, 1, 2, 3, 4, 5, 6, 7, 8]",2007.704799,2007.705109,0.016158,8,0,2343.0,"0.006306125141108773,0.006371630806663957,0.0053220512539897905,0.0053220512539897905,0.0053220512539897905,0.00583219515707227,0.0053220512539897905,0.006078213628852016",0.005735,1.664145,1.900588,11,11
2007712995798_Node0_Node8_Zero,"[0, 1, 2, 3, 4, 5, 6, 7, 8]",2007.712996,2007.713146,0.016018,8,0,2343.0,"0.006748162884725711,0.006306125141108773,0.006371630806663957,0.006371630806663957,0.005771248114941866,0.005741823518907809,0.005746183955940023,0.005746183955940023",0.0061,1.795403,1.796766,11,11
2007721194993_Node0_Node8_Zero,"[0, 1, 2, 3, 4, 5, 6, 7, 8]",2007.721195,2007.721505,0.016258,8,0,2343.0,"0.0053220512539897905,0.0053220512539897905,0.0053220512539897905,0.0053220512539897905,0.0053220512539897905,0.005568069725769537,0.005568069725769537,0.005568069725769537",0.005414,1.664145,1.741072,11,11
2007729391769_Node0_Node8_Zero,"[0, 1, 2, 3, 4, 5, 6, 7, 8]",2007.729392,2007.729482,0.016118,8,0,2343.0,"0.006389183886683116,0.006383743131753439,0.00638454939836288,0.00638454939836288,0.005747352390753961,0.0053220512539897905,0.0053220512539897905,0.00583219515707227",0.005971,1.664145,1.823661,11,11
2007737587203_Node0_Node8_Zero,"[0, 1, 2, 3, 4, 5, 6, 7, 8]",2007.737587,2007.737937,0.016758,8,0,2343.0,"0.0053220512539897905,0.006351615186633207,0.006351615186633207,0.006351615186633207,0.0053220512539897905,0.005568069725769537,0.005615662605510894,0.005615662605510894",0.005812,1.664145,1.755954,11,11
2007745788342_Node0_Node8_Zero,"[0, 1, 2, 3, 4, 5, 6, 7, 8]",2007.745788,2007.745998,0.015979,8,0,2343.0,"0.006384765447802152,0.006306125141108773,0.006306125141108773,0.006400453299508238,0.005747058273835099,0.005741823518907809,0.005741823518907809,0.0057481025482341965",0.006047,1.795403,1.797366,11,11
2007753985166_Node0_Node8_Zero,"[0, 1, 2, 3, 4, 5, 6, 7, 8]",2007.753985,2007.754075,0.015978,8,0,2343.0,"0.00796455341767972,0.007536217500007501,0.007638570102437477,0.007658370465651772,0.007658370465651772,0.00583219515707227,0.0056704223281995115,0.0053220512539897905",0.00691,1.664145,1.664145,11,11
2007762177407_Node0_Node8_Zero,"[0, 1, 2, 3, 4, 5, 6, 7, 8]",2007.762177,2007.762287,0.016319,8,0,2343.0,"0.005581642277507788,0.006383743131753439,0.006383743131753439,0.0063849041556710345,0.0053220512539897905,0.005580069645320435,0.005617147759934008,0.005617147759934008",0.005859,1.664145,1.756418,11,11
2007770377799_Node0_Node8_Zero,"[0, 1, 2, 3, 4, 5, 6, 7, 8]",2007.770378,2007.770488,0.015958,8,0,2343.0,"0.006738122244941131,0.006400453299508238,0.006370540694585521,0.006306125141108773,0.005770579751722092,0.0053220512539897905,0.005746111391757432,0.005741823518907809",0.006049,1.664145,1.795403,11,11
2007778573255_Node0_Node8_Zero,"[0, 1, 2, 3, 4, 5, 6, 7, 8]",2007.778573,2007.778923,0.016678,8,0,2343.0,"0.0053220512539897905,0.0053220512539897905,0.0053220512539897905,0.007658988343728637,0.007658988343728637,0.005568069725769537,0.005568069725769537,0.005568069725769537",0.005999,1.664145,1.741072,11,11
2007786771673_Node0_Node8_Zero,"[0, 1, 2, 3, 4, 5, 6, 7, 8]",2007.786772,2007.786982,0.016438,8,0,2343.0,"0.0063890603029819635,0.006306125141108773,0.006384535980882698,0.006383743131753439,0.005747344164306028,0.005741823518907809,0.005747042999186032,0.005746990222549463",0.006056,1.795403,1.797019,11,11
2007794972588_Node0_Node8_Zero,"[0, 1, 2, 3, 4, 5, 6, 7, 8]",2007.794973,2007.795283,0.016278,8,0,2343.0,"0.0053220512539897905,0.0053220512539897905,0.0053220512539897905,0.007638570102437477,0.007638570102437477,0.0053220512539897905,0.005676317853352623,0.005830518783714623",0.006009,1.664145,1.823137,11,11
2007803174027_Node0_Node8_Zero,"[0, 1, 2, 3, 4, 5, 6, 7, 8]",2007.803174,2007.803464,0.016038,8,0,2343.0,"0.0066421549098516506,0.006383743131753439,0.0053220512539897905,0.0053220512539897905,0.0053220512539897905,0.0053220512539897905,0.0053220512539897905,0.0053220512539897905",0.00562,1.664145,1.664145,11,11
2007811370219_Node0_Node8_Zero,"[0, 1, 2, 3, 4, 5, 6, 7, 8]",2007.81137,2007.8117,0.016078,8,0,2343.0,"0.0053220512539897905,0.0053220512539897905,0.0053220512539897905,0.006400143329692542,0.0053220512539897905,0.005676317853352623,0.0053220512539897905,0.005568069725769537",0.005532,1.664145,1.741072,11,11
2007819569054_Node0_Node8_Zero,"[0, 1, 2, 3, 4, 5, 6, 7, 8]",2007.819569,2007.819839,0.016478,8,0,2343.0,"0.006306125141108773,0.0053220512539897905,0.006306125141108773,0.006306125141108773,0.0053220512539897905,0.00561355977129397,0.005568069725769537,0.00561355977129397",0.005795,1.664145,1.755296,11,11
2007827764998_Node0_Node8_Zero,"[0, 1, 2, 3, 4, 5, 6, 7, 8]",2007.827765,2007.827935,0.015818,8,0,2343.0,"0.006306125141108773,0.006371630806663957,0.006306125141108773,0.006351615186633207,0.005741823518907809,0.0053220512539897905,0.005741823518907809,0.005744851600180179",0.005986,1.664145,1.79635,11,11
2007835962872_Node0_Node8_Zero,"[0, 1, 2, 3, 4, 5, 6, 7, 8]",2007.835963,2007.836193,0.016038,8,0,2343.0,"0.0053220512539897905,0.0053220512539897905,0.0053220512539897905,0.007638570102437477,0.007657495610389791,0.005568069725769537,0.005568069725769537,0.005568069725769537",0.005996,1.664145,1.741072,11,11
2007844163607_Node0_Node8_Zero,"[0, 1, 2, 3, 4, 5, 6, 7, 8]",2007.844164,2007.844214,0.016218,8,0,2343.0,"0.006383743131753439,0.006306125141108773,0.006383743131753439,0.006384303039121106,0.005746990222549463,0.0053220512539897905,0.0053220512539897905,0.005617147759934008",0.005933,1.664145,1.756418,11,11
2007852360734_Node0_Node8_Zero,"[0, 1, 2, 3, 4, 5, 6, 7, 8]",2007.852361,2007.852611,0.016238,8,0,2343.0,"0.006739117651441124,0.006351615186633207,0.006351615186633207,0.006351615186633207,0.0057706460117520906,0.0053220512539897905,0.005615662605510894,0.005615662605510894",0.006015,1.664145,1.755954,11,11
2007860553098_Node0_Node8_Zero,"[0, 1, 2, 3, 4, 5, 6, 7, 8]",2007.860553,2007.860663,0.015698,8,0,2343.0,"0.0053220512539897905,0.006306125141108773,0.006306125141108773,0.006360689960540389,0.005676317853352623,0.005741823518907809,0.005741823518907809,0.0057454556697651305",0.0059,1.664145,1.796539,11,11
2007868754357_Node0_Node8_Zero,"[0, 1, 2, 3, 4, 5, 6, 7, 8]",2007.868754,2007.868944,0.016019,8,0,2343.0,"0.00796455341767972,0.0077228491807965855,0.007536217500007501,0.007658370465651772,0.007658370465651772,0.005690222691413808,0.005679049610933589,0.0056704223281995115",0.006948,1.773077,1.773077,11,11
2007876953734_Node0_Node8_Zero,"[0, 1, 2, 3, 4, 5, 6, 7, 8]",2007.876954,2007.877264,0.016078,8,0,2343.0,"0.006371630806663957,0.006383743131753439,0.006383743131753439,0.006384414734607712,0.0053220512539897905,0.0056165878525663415,0.005617147759934008,0.005617147759934008",0.005962,1.664145,1.756418,11,11
2007885152504_Node0_Node8_Zero,"[0, 1, 2, 3, 4, 5, 6, 7, 8]",2007.885153,2007.885263,0.016018,8,0,2343.0,"0.006738122244941131,0.00637420188074566,0.006372135922299466,0.006370540694585521,0.005770579751722092,0.0053220512539897905,0.005746217579366392,0.0053220512539897905",0.006002,1.664145,1.664145,11,11
2007893352559_Node0_Node8_Zero,"[0, 1, 2, 3, 4, 5, 6, 7, 8]",2007.893353,2007.893463,0.015958,8,0,2343.0,"0.0053220512539897905,0.0053220512539897905,0.0053220512539897905,0.006360689960540389,0.0053220512539897905,0.005568069725769537,0.005568069725769537,0.0053220512539897905",0.005513,1.664145,1.664145,11,11
2007901548335_Node0_Node8_Zero,"[0, 1, 2, 3, 4, 5, 6, 7, 8]",2007.901548,2007.901778,0.015938,8,0,2343.0,"0.0063890603029819635,0.006306125141108773,0.006384555615502533,0.006306125141108773,0.0053220512539897905,0.00583219515707227,0.00583219515707227,0.00583219515707227",0.006026,1.664145,1.823661,11,11
2007909743326_Node0_Node8_Zero,"[0, 1, 2, 3, 4, 5, 6, 7, 8]",2007.909743,2007.910073,0.015938,8,0,2343.0,"0.006306125141108773,0.006351615186633207,0.006351615186633207,0.006306125141108773,0.0053220512539897905,0.00561355977129397,0.005615662605510894,0.005615662605510894",0.005935,1.664145,1.755954,11,11
2007917942321_Node0_Node8_Zero,"[0, 1, 2, 3, 4, 5, 6, 7, 8]",2007.917942,2007.918112,0.016078,8,0,2343.0,"0.006306125141108773,0.006400453299508238,0.006400453299508238,0.006400453299508238,0.0053220512539897905,0.00561355977129397,0.005617920208326183,0.005617920208326183",0.00596,1.664145,1.75666,11,11
2007926137147_Node0_Node8_Zero,"[0, 1, 2, 3, 4, 5, 6, 7, 8]",2007.926137,2007.926467,0.016538,8,0,2343.0,"0.006306125141108773,0.006360026523500902,0.006360415348061783,0.006360415348061783,0.0053220512539897905,0.0053220512539897905,0.005616051430071775,0.005616069403973131",0.005908,1.664145,1.756081,11,11
2007934336146_Node0_Node8_Zero,"[0, 1, 2, 3, 4, 5, 6, 7, 8]",2007.934336,2007.934486,0.016218,8,0,2343.0,"0.006306125141108773,0.006360026523500902,0.006360832790110344,0.006360832790110344,0.005741823518907809,0.0053220512539897905,0.005745465177329718,0.005745465177329718",0.005993,1.664145,1.796542,11,11
2007942529916_Node0_Node8_Zero,"[0, 1, 2, 3, 4, 5, 6, 7, 8]",2007.94253,2007.94284,0.016578,8,0,2343.0,"0.00796821460383986,0.0053220512539897905,0.0053220512539897905,0.0076585322307639895,0.007658539708558506,0.006200535837403024,0.005568069725769537,0.005568069725769537",0.006408,1.664145,1.741072,11,11
2007950722454_Node0_Node8_Zero,"[0, 1, 2, 3, 4, 5, 6, 7, 8]",2007.950722,2007.950952,0.015759,8,0,2343.0,"0.006383743131753439,0.006306125141108773,0.006384416492603942,0.006384416492603942,0.005746990222549463,0.005741823518907809,0.005747035045353166,0.005747035045353166",0.006055,1.795403,1.797033,11,11
2007958922521_Node0_Node8_Zero,"[0, 1, 2, 3, 4, 5, 6, 7, 8]",2007.958923,2007.959253,0.016378,8,0,2343.0,"0.0053220512539897905,0.008508281394814564,0.007901698931773555,0.007638570102437477,0.007638570102437477,0.005568069725769537,0.005715357196816837,0.005687317164234688",0.006747,1.664145,1.77836,11,11
2007967116897_Node0_Node8_Zero,"[0, 1, 2, 3, 4, 5, 6, 7, 8]",2007.967117,2007.967447,0.016258,8,0,2343.0,"0.006384698481090298,0.006383743131753439,0.006384706769050817,0.006384706769050817,0.00574705381614235,0.005746990222549463,0.0053220512539897905,0.0053220512539897905",0.00596,1.664145,1.664145,11,11
2007975318352_Node0_Node8_Zero,"[0, 1, 2, 3, 4, 5, 6, 7, 8]",2007.975318,2007.975608,0.016479,8,0,2343.0,"0.0053220512539897905,0.0053220512539897905,0.0053220512539897905,0.006373664634242606,0.0053220512539897905,0.005568069725769537,0.005568069725769537,0.005568069725769537",0.005546,1.664145,1.741072,11,11
2007983519285_Node0_Node8_Zero,"[0, 1, 2, 3, 4, 5, 6, 7, 8]",2007.983519,2007.983729,0.016838,8,0,2343.0,"0.006384710239863591,0.006384698481090298,0.006306125141108773,0.006306125141108773,0.005747054598874502,0.0053220512539897905,0.0053220512539897905,0.0053220512539897905",0.005887,1.664145,1.664145,11,11
2007991712635_Node0_Node8_Zero,"[0, 1, 2, 3, 4, 5, 6, 7, 8]",2007.991713,2007.991923,0.015998,8,0,2343.0,"0.0053220512539897905,0.0053220512539897905,0.0053220512539897905,0.006351615186633207,0.005676317853352623,0.005676317853352623,0.005676317853352623,0.005744851600180179",0.005636,1.664145,1.79635,11,11
2007999911841_Node0_Node8_Zero,"[0, 1, 2, 3, 4, 5, 6, 7, 8]",2007.999912,2008.000002,0.016018,8,0,2343.0,"0.007945627909727405,0.007713034297850792,0.007536217500007501,0.007536217500007501,0.007536217500007501,0.0053220512539897905,0.0058237056008517895,0.0058237056008517895",0.006905,1.664145,1.821007,11,11
2008008113055_Node0_Node8_Zero,"[0, 1, 2, 3, 4, 5, 6, 7, 8]",2008.008113,2008.008263,0.016678,8,0,2343.0,"0.0053220512539897905,0.006371630806663957,0.0053220512539897905,0.006739117651441124,0.0053220512539897905,0.0053220512539897905,0.0056165878525663415,0.005568069725769537",0.005698,1.664145,1.741072,11,11
2008016305998_Node0_Node8_Zero,"[0, 1, 2, 3, 4, 5, 6, 7, 8]",2008.016306,2008.016616,0.016458,8,0,2343.0,"0.006715535550828678,0.006306125141108773,0.00639888353811529,0.00639888353811529,0.005769076250359141,0.005741823518907809,0.005747998055811266,0.0053220512539897905",0.00605,1.664145,1.664145,11,11
2008024503637_Node0_Node8_Zero,"[0, 1, 2, 3, 4, 5, 6, 7, 8]",2008.024504,2008.024834,0.016018,8,0,2343.0,"0.0053220512539897905,0.0053220512539897905,0.0053220512539897905,0.006351615186633207,0.005676317853352623,0.005676317853352623,0.005676317853352623,0.005744851600180179",0.005636,1.664145,1.79635,11,11
2008032698399_Node0_Node8_Zero,"[0, 1, 2, 3, 4, 5, 6, 7, 8]",2008.032698,2008.032808,0.015439,8,0,2343.0,"0.005582328755562484,0.0053220512539897905,0.0053220512539897905,0.0053220512539897905,0.005693643433466812,0.005676317853352623,0.005676317853352623,0.005676317853352623",0.005534,1.664145,1.77492,11,11
2008040896641_Node0_Node8_Zero,"[0, 1, 2, 3, 4, 5, 6, 7, 8]",2008.040897,2008.041147,0.016418,8,0,2343.0,"0.00582834722734223,0.007683605247506666,0.007683605247506666,0.007683605247506666,0.00771211777053525,0.005591473890007718,0.005677235511062345,0.005677235511062345",0.006692,1.74839,1.775207,11,11
2008049091409_Node0_Node8_Zero,"[0, 1, 2, 3, 4, 5, 6, 7, 8]",2008.049091,2008.049341,0.016159,8,0,2343.0,"0.006374834393054972,0.006371630806663957,0.006371630806663957,0.006371630806663957,0.0053220512539897905,0.00583219515707227,0.005746183955940023,0.005746183955940023",0.006017,1.664145,1.796766,11,11
2008057285228_Node0_Node8_Zero,"[0, 1, 2, 3, 4, 5, 6, 7, 8]",2008.057285,2008.057555,0.016218,8,0,2343.0,"0.0067480603903506105,0.006355942733621668,0.0053220512539897905,0.0053220512539897905,0.0053220512539897905,0.00583219515707227,0.00583219515707227,0.0053220512539897905",0.005757,1.664145,1.664145,11,11
2008065481432_Node0_Node8_Zero,"[0, 1, 2, 3, 4, 5, 6, 7, 8]",2008.065481,2008.065531,0.016519,8,0,2343.0,"0.006306125141108773,0.006400453299508238,0.00638454939836288,0.00638454939836288,0.005741823518907809,0.0057481025482341965,0.005747043892331334,0.005747043892331334",0.006057,1.795403,1.797035,11,11
2008073682407_Node0_Node8_Zero,"[0, 1, 2, 3, 4, 5, 6, 7, 8]",2008.073682,2008.073772,0.016019,8,0,2343.0,"0.006739117651441124,0.007536217500007501,0.007748455856406299,0.007748455856406299,0.0053220512539897905,0.0058237056008517895,0.005837833416836161,0.005837833416836161",0.006574,1.664145,1.825424,11,11
2008081876151_Node0_Node8_Zero,"[0, 1, 2, 3, 4, 5, 6, 7, 8]",2008.081876,2008.082106,0.016518,8,0,2343.0,"0.006383743131753439,0.0053220512539897905,0.00771347028277259,0.007713029843540723,0.007713029843540723,0.005617147759934008,0.005568069725769537,0.0053220512539897905",0.006419,1.664145,1.664145,11,11
2008090070101_Node0_Node8_Zero,"[0, 1, 2, 3, 4, 5, 6, 7, 8]",2008.09007,2008.09014,0.016058,8,0,2343.0,"0.006306125141108773,0.00639888353811529,0.006401495841929881,0.006401495841929881,0.005741823518907809,0.005747998055811266,0.005748171945904526,0.005748171945904526",0.006062,1.795403,1.797388,11,11
2008098267242_Node0_Node8_Zero,"[0, 1, 2, 3, 4, 5, 6, 7, 8]",2008.098267,2008.098337,0.015818,8,0,2343.0,"0.0053220512539897905,0.0053220512539897905,0.0053220512539897905,0.007638570102437477,0.007536217500007501,0.0053220512539897905,0.0053220512539897905,0.0053220512539897905",0.005888,1.664145,1.664145,11,11
2008106465357_Node0_Node8_Zero,"[0, 1, 2, 3, 4, 5, 6, 7, 8]",2008.106465,2008.106575,0.016399,8,0,2343.0,"0.006383743131753439,0.006384884834499572,0.006384916987647267,0.0053220512539897905,0.0053220512539897905,0.005617147759934008,0.0053220512539897905,0.00561720202289002",0.005794,1.664145,1.756435,11,11
2008114665412_Node0_Node8_Zero,"[0, 1, 2, 3, 4, 5, 6, 7, 8]",2008.114665,2008.114835,0.016299,8,0,2343.0,"0.006715535550828678,0.006306125141108773,0.006306125141108773,0.006306125141108773,0.0053220512539897905,0.0053220512539897905,0.005741823518907809,0.005741823518907809",0.00597,1.664145,1.795403,11,11
2008122865995_Node0_Node8_Zero,"[0, 1, 2, 3, 4, 5, 6, 7, 8]",2008.122866,2008.123176,0.016178,8,0,2343.0,"0.006306125141108773,0.006360689960540389,0.0053220512539897905,0.0053220512539897905,0.0053220512539897905,0.00561355977129397,0.0053220512539897905,0.005676317853352623",0.005656,1.664145,1.77492,11,11
2008131062827_Node0_Node8_Zero,"[0, 1, 2, 3, 4, 5, 6, 7, 8]",2008.131063,2008.131273,0.016098,8,0,2343.0,"0.006306125141108773,0.006306125141108773,0.006383743131753439,0.0053220512539897905,0.0053220512539897905,0.0053220512539897905,0.00583219515707227,0.005617147759934008",0.005801,1.664145,1.756418,11,11
2008139263631_Node0_Node8_Zero,"[0, 1, 2, 3, 4, 5, 6, 7, 8]",2008.139264,2008.139374,0.016178,8,0,2343.0,"0.006306125141108773,0.006360026523500902,0.006306125141108773,0.006371630806663957,0.005741823518907809,0.005745411507547847,0.005741823518907809,0.0053220512539897905",0.005987,1.664145,1.664145,11,11
2008147462539_Node0_Node8_Zero,"[0, 1, 2, 3, 4, 5, 6, 7, 8]",2008.147463,2008.147633,0.015958,8,0,2343.0,"0.007536217500007501,0.006739117651441124,0.0053220512539897905,0.006360689960540389,0.0053220512539897905,0.00583219515707227,0.0053220512539897905,0.0053220512539897905",0.00597,1.664145,1.664145,11,11
2008155659245_Node0_Node8_Zero,"[0, 1, 2, 3, 4, 5, 6, 7, 8]",2008.155659,2008.155849,0.016018,8,0,2343.0,"0.006383743131753439,0.0063844065687929255,0.0053220512539897905,0.0053220512539897905,0.0053220512539897905,0.005617147759934008,0.005617178428140454,0.0053220512539897905",0.005661,1.664145,1.664145,11,11
2008163852273_Node0_Node8_Zero,"[0, 1, 2, 3, 4, 5, 6, 7, 8]",2008.163852,2008.164062,0.015978,8,0,2343.0,"0.006306125141108773,0.006400453299508238,0.006306125141108773,0.006306125141108773,0.0053220512539897905,0.00561355977129397,0.0053220512539897905,0.0053220512539897905",0.005862,1.664145,1.664145,11,11
2008172051732_Node0_Node8_Zero,"[0, 1, 2, 3, 4, 5, 6, 7, 8]",2008.172052,2008.172222,0.016098,8,0,2343.0,"0.006306125141108773,0.006360689960540389,0.006360695631245101,0.006306125141108773,0.0053220512539897905,0.00561355977129397,0.00583219515707227,0.0056160823604136335",0.005965,1.664145,1.756085,11,11
2008180243787_Node0_Node8_Zero,"[0, 1, 2, 3, 4, 5, 6, 7, 8]",2008.180244,2008.180554,0.016178,8,0,2343.0,"0.006306125141108773,0.006360026523500902,0.006306125141108773,0.006306125141108773,0.0053220512539897905,0.00561355977129397,0.00583219515707227,0.00561355977129397",0.005957,1.664145,1.755296,11,11
2008188444433_Node0_Node8_Zero,"[0, 1, 2, 3, 4, 5, 6, 7, 8]",2008.188444,2008.188794,0.016439,8,0,2343.0,"0.006306125141108773,0.006360026523500902,0.006400453299508238,0.006360492962842072,0.0053220512539897905,0.0053220512539897905,0.005616051430071775,0.005617920208326183",0.005913,1.664145,1.75666,11,11
2008196646077_Node0_Node8_Zero,"[0, 1, 2, 3, 4, 5, 6, 7, 8]",2008.196646,2008.196976,0.016058,8,0,2343.0,"0.0053220512539897905,0.006360026523500902,0.006400453299508238,0.006360026523500902,0.0053220512539897905,0.005745411507547847,0.0057481025482341965,0.0053220512539897905",0.005823,1.664145,1.664145,11,11
2008204839832_Node0_Node8_Zero,"[0, 1, 2, 3, 4, 5, 6, 7, 8]",2008.20484,2008.20515,0.015838,8,0,2343.0,"0.006306125141108773,0.0053220512539897905,0.0053220512539897905,0.0053220512539897905,0.0053220512539897905,0.00583219515707227,0.005676317853352623,0.005676317853352623",0.005597,1.664145,1.77492,11,11
2008213034704_Node0_Node8_Zero,"[0, 1, 2, 3, 4, 5, 6, 7, 8]",2008.213035,2008.213145,0.015998,8,0,2343.0,"0.006306125141108773,0.0063844065687929255,0.0053220512539897905,0.00771347028277259,0.007536217500007501,0.00561355977129397,0.005617178428140454,0.005568069725769537",0.006258,1.664145,1.741072,11,11
2008221231840_Node0_Node8_Zero,"[0, 1, 2, 3, 4, 5, 6, 7, 8]",2008.221232,2008.221282,0.015758,8,0,2343.0,"0.006306125141108773,0.006400453299508238,0.006371630806663957,0.006371630806663957,0.0053220512539897905,0.0053220512539897905,0.005746183955940023,0.005746183955940023",0.005948,1.664145,1.796766,11,11
2008229431707_Node0_Node8_Zero,"[0, 1, 2, 3, 4, 5, 6, 7, 8]",2008.229432,2008.229522,0.015598,8,0,2343.0,"0.006715535550828678,0.006360026523500902,0.0053220512539897905,0.0053220512539897905,0.0053220512539897905,0.0056324852792462845,0.005616051430071775,0.00583219515707227",0.005765,1.664145,1.823661,11,11
2008237628118_Node0_Node8_Zero,"[0, 1, 2, 3, 4, 5, 6, 7, 8]",2008.237628,2008.237718,0.016238,8,0,2343.0,"0.006306125141108773,0.006306125141108773,0.00638454939836288,0.00638454939836288,0.0053220512539897905,0.00561355977129397,0.00561355977129397,0.0056171850306158625",0.005943,1.664145,1.75643,11,11
2008245824063_Node0_Node8_Zero,"[0, 1, 2, 3, 4, 5, 6, 7, 8]",2008.245824,2008.246074,0.016338,8,0,2343.0,"0.006306125141108773,0.006363525944548825,0.006360487243667213,0.006400453299508238,0.0053220512539897905,0.00561355977129397,0.0053220512539897905,0.0053220512539897905",0.005876,1.664145,1.664145,11,11
2008254024831_Node0_Node8_Zero,"[0, 1, 2, 3, 4, 5, 6, 7, 8]",2008.254025,2008.254255,0.016258,8,0,2343.0,"0.006306125141108773,0.006360026523500902,0.006360026523500902,0.006360696852075816,0.0053220512539897905,0.0053220512539897905,0.005745411507547847,0.0053220512539897905",0.005887,1.664145,1.664145,11,11
2008262223677_Node0_Node8_Zero,"[0, 1, 2, 3, 4, 5, 6, 7, 8]",2008.262224,2008.262334,0.016158,8,0,2343.0,"0.0053220512539897905,0.006360026523500902,0.0053220512539897905,0.0053220512539897905,0.0053220512539897905,0.005745411507547847,0.0053220512539897905,0.0053220512539897905",0.005505,1.664145,1.664145,11,11
2008270416002_Node0_Node8_Zero,"[0, 1, 2, 3, 4, 5, 6, 7, 8]",2008.270416,2008.270646,0.016378,8,0,2343.0,"0.006306125141108773,0.0053220512539897905,0.0063844065687929255,0.006306125141108773,0.0053220512539897905,0.00561355977129397,0.00583219515707227,0.006127322331222935",0.005902,1.664145,1.915944,11,11
2008278608086_Node0_Node8_Zero,"[0, 1, 2, 3, 4, 5, 6, 7, 8]",2008.278608,2008.278958,0.016118,8,0,2343.0,"0.006306125141108773,0.0063844065687929255,0.006306125141108773,0.006306125141108773,0.0053220512539897905,0.005747034384766746,0.005741823518907809,0.005741823518907809",0.005982,1.664145,1.795403,11,11
2008286808916_Node0_Node8_Zero,"[0, 1, 2, 3, 4, 5, 6, 7, 8]",2008.286809,2008.286919,0.016118,8,0,2343.0,"0.0053220512539897905,0.0053220512539897905,0.006739117651441124,0.0053220512539897905,0.007871239459213038,0.005568069725769537,0.0053220512539897905,0.0053220512539897905",0.005849,1.664145,1.664145,11,11
2008295001864_Node0_Node8_Zero,"[0, 1, 2, 3, 4, 5, 6, 7, 8]",2008.295002,2008.295312,0.016238,8,0,2343.0,"0.006306125141108773,0.006384706646905086,0.006383743131753439,0.006383743131753439,0.0053220512539897905,0.005747054359706345,0.005746990222549463,0.0053220512539897905",0.00595,1.664145,1.664145,11,11
2008303200845_Node0_Node8_Zero,"[0, 1, 2, 3, 4, 5, 6, 7, 8]",2008.303201,2008.303531,0.016298,8,0,2343.0,"0.006777482786195578,0.0053220512539897905,0.0053220512539897905,0.006306125141108773,0.0053220512539897905,0.0053220512539897905,0.0053220512539897905,0.0053220512539897905",0.005627,1.664145,1.664145,11,11
2008311400761_Node0_Node8_Zero,"[0, 1, 2, 3, 4, 5, 6, 7, 8]",2008.311401,2008.311571,0.016258,8,0,2343.0,"0.006306125141108773,0.006384710340371293,0.0053220512539897905,0.0053220512539897905,0.005741823518907809,0.005747054605564878,0.005676317853352623,0.0053220512539897905",0.005728,1.664145,1.664145,11,11
2008319601678_Node0_Node8_Zero,"[0, 1, 2, 3, 4, 5, 6, 7, 8]",2008.319602,2008.319852,0.016098,8,0,2343.0,"0.0053220512539897905,0.0053220512539897905,0.0053220512539897905,0.0053220512539897905,0.0053220512539897905,0.005568069725769537,0.0053220512539897905,0.0053220512539897905",0.005353,1.664145,1.664145,11,11
2008327797793_Node0_Node8_Zero,"[0, 1, 2, 3, 4, 5, 6, 7, 8]",2008.327798,2008.328028,0.016198,8,0,2343.0,"0.006383743131753439,0.006384710385831764,0.0053220512539897905,0.006306125141108773,0.0053220512539897905,0.005617147759934008,0.005676317853352623,0.0053220512539897905",0.005792,1.664145,1.664145,11,11
2008335989660_Node0_Node8_Zero,"[0, 1, 2, 3, 4, 5, 6, 7, 8]",2008.33599,2008.33604,0.015998,8,0,2343.0,"0.006306125141108773,0.006351615186633207,0.0053220512539897905,0.006306125141108773,0.005741823518907809,0.0053220512539897905,0.005676317853352623,0.0053220512539897905",0.005794,1.664145,1.664145,11,11
2008344189292_Node0_Node8_Zero,"[0, 1, 2, 3, 4, 5, 6, 7, 8]",2008.344189,2008.344459,0.016318,8,0,2343.0,"0.0053220512539897905,0.0053220512539897905,0.0053220512539897905,0.006306125141108773,0.0053220512539897905,0.005568069725769537,0.005568069725769537,0.005568069725769537",0.005537,1.664145,1.741072,11,11
2008352387332_Node0_Node8_Zero,"[0, 1, 2, 3, 4, 5, 6, 7, 8]",2008.352387,2008.352637,0.015958,8,0,2343.0,"0.006383743131753439,0.006306125141108773,0.006371630806663957,0.006306125141108773,0.005746990222549463,0.005741823518907809,0.0053220512539897905,0.0053220512539897905",0.005938,1.664145,1.664145,11,11
2008360582686_Node0_Node8_Zero,"[0, 1, 2, 3, 4, 5, 6, 7, 8]",2008.360583,2008.360733,0.016378,8,0,2343.0,"0.0053220512539897905,0.0053220512539897905,0.006351615186633207,0.006351615186633207,0.005676317853352623,0.0053220512539897905,0.005568069725769537,0.005615662605510894",0.005691,1.664145,1.755954,11,11
2008368783704_Node0_Node8_Zero,"[0, 1, 2, 3, 4, 5, 6, 7, 8]",2008.368784,2008.368894,0.016258,8,0,2343.0,"0.0053220512539897905,0.006383743131753439,0.006306125141108773,0.006306125141108773,0.005676317853352623,0.005746990222549463,0.005741823518907809,0.005741823518907809",0.005903,1.664145,1.795403,11,11
2008376982465_Node0_Node8_Zero,"[0, 1, 2, 3, 4, 5, 6, 7, 8]",2008.376982,2008.377332,0.015939,8,0,2343.0,"0.0053220512539897905,0.0053220512539897905,0.007536217500007501,0.007638570102437477,0.007658370465651772,0.005568069725769537,0.0053220512539897905,0.005830518783714623",0.006275,1.664145,1.823137,11,11
2008385180776_Node0_Node8_Zero,"[0, 1, 2, 3, 4, 5, 6, 7, 8]",2008.385181,2008.385491,0.016158,8,0,2343.0,"0.006371630806663957,0.006384698481090298,0.006383743131753439,0.0053220512539897905,0.0053220512539897905,0.0056165878525663415,0.00561719192215129,0.005617147759934008",0.005829,1.664145,1.756418,11,11
2008393374591_Node0_Node8_Zero,"[0, 1, 2, 3, 4, 5, 6, 7, 8]",2008.393375,2008.393445,0.016078,8,0,2343.0,"0.006738122244941131,0.006351615186633207,0.006306125141108773,0.006400143329692542,0.005770579751722092,0.005744851600180179,0.005741823518907809,0.0057480819148454385",0.0061,1.795403,1.79736,11,11
2008401569987_Node0_Node8_Zero,"[0, 1, 2, 3, 4, 5, 6, 7, 8]",2008.40157,2008.40164,0.016298,8,0,2343.0,"0.007536217500007501,0.007536217500007501,0.0053220512539897905,0.0053220512539897905,0.0053220512539897905,0.0053220512539897905,0.005676317853352623,0.0053220512539897905",0.00592,1.664145,1.664145,11,11
2008409770989_Node0_Node8_Zero,"[0, 1, 2, 3, 4, 5, 6, 7, 8]",2008.409771,2008.409981,0.015798,8,0,2343.0,"0.0063890603029819635,0.006384303039121106,0.0053220512539897905,0.006384900340454286,0.0053220512539897905,0.0053220512539897905,0.0053220512539897905,0.005747067253072402",0.005774,1.664145,1.797043,11,11
2008417968227_Node0_Node8_Zero,"[0, 1, 2, 3, 4, 5, 6, 7, 8]",2008.417968,2008.418318,0.016158,8,0,2343.0,"0.006306125141108773,0.006306125141108773,0.0053220512539897905,0.0053220512539897905,0.0053220512539897905,0.00561355977129397,0.00561355977129397,0.005568069725769537",0.005672,1.664145,1.741072,11,11
2008426161731_Node0_Node8_Zero,"[0, 1, 2, 3, 4, 5, 6, 7, 8]",2008.426162,2008.426312,0.016658,8,0,2343.0,"0.006306125141108773,0.006306125141108773,0.006306125141108773,0.006384712724419143,0.005741823518907809,0.0053220512539897905,0.0053220512539897905,0.006123703674376451",0.005977,1.664145,1.914813,11,11
2008434363170_Node0_Node8_Zero,"[0, 1, 2, 3, 4, 5, 6, 7, 8]",2008.434363,2008.434453,0.016038,8,0,2343.0,"0.0053220512539897905,0.006360026523500902,0.006360026523500902,0.006351615186633207,0.005676317853352623,0.005745411507547847,0.005745411507547847,0.005744851600180179",0.005913,1.664145,1.79635,11,11
2008442563595_Node0_Node8_Zero,"[0, 1, 2, 3, 4, 5, 6, 7, 8]",2008.442564,2008.442874,0.016058,8,0,2343.0,"0.007978323193184414,0.007710857978957999,0.007536217500007501,0.007536217500007501,0.007869733966788589,0.005690859216498732,0.0053220512539897905,0.0053220512539897905",0.006871,1.664145,1.664145,11,11
2008450755564_Node0_Node8_Zero,"[0, 1, 2, 3, 4, 5, 6, 7, 8]",2008.450756,2008.450806,0.015998,8,0,2343.0,"0.00663190830823665,0.0063844065687929255,0.0063844065687929255,0.0053220512539897905,0.0053220512539897905,0.0053220512539897905,0.005617178428140454,0.00583219515707227",0.005852,1.664145,1.823661,11,11
2008458953055_Node0_Node8_Zero,"[0, 1, 2, 3, 4, 5, 6, 7, 8]",2008.458953,2008.459083,0.016058,8,0,2343.0,"0.006777204413118834,0.006374319577416489,0.006306125141108773,0.006306125141108773,0.0053220512539897905,0.0053220512539897905,0.006126856047437819,0.00561355977129397",0.006019,1.664145,1.755296,11,11
2008467147190_Node0_Node8_Zero,"[0, 1, 2, 3, 4, 5, 6, 7, 8]",2008.467147,2008.467297,0.016038,8,0,2343.0,"0.006306125141108773,0.006306125141108773,0.006360695631245101,0.006400453299508238,0.0053220512539897905,0.005741823518907809,0.005745456047240126,0.0053220512539897905",0.005938,1.664145,1.664145,11,11
2008475339195_Node0_Node8_Zero,"[0, 1, 2, 3, 4, 5, 6, 7, 8]",2008.475339,2008.475489,0.016598,8,0,2343.0,"0.006306125141108773,0.0053220512539897905,0.0053220512539897905,0.006360026523500902,0.0053220512539897905,0.0053220512539897905,0.0053220512539897905,0.005568069725769537",0.005606,1.664145,1.741072,11,11
2008483539285_Node0_Node8_Zero,"[0, 1, 2, 3, 4, 5, 6, 7, 8]",2008.483539,2008.483869,0.016098,8,0,2343.0,"0.006306125141108773,0.006383743131753439,0.006384414804404726,0.006306125141108773,0.005741823518907809,0.005746990222549463,0.0057470349329768345,0.005741823518907809",0.006045,1.795403,1.795403,11,11
2008491732638_Node0_Node8_Zero,"[0, 1, 2, 3, 4, 5, 6, 7, 8]",2008.491733,2008.491883,0.015838,8,0,2343.0,"0.0053220512539897905,0.007536217500007501,0.007536217500007501,0.007536217500007501,0.007638570102437477,0.00583219515707227,0.0053220512539897905,0.0058237056008517895",0.006568,1.664145,1.821007,11,11
2008499933461_Node0_Node8_Zero,"[0, 1, 2, 3, 4, 5, 6, 7, 8]",2008.499933,2008.500143,0.016339,8,0,2343.0,"0.006641134114914293,0.006384698481090298,0.0053220512539897905,0.0053220512539897905,0.0053220512539897905,0.005629045979869346,0.00561719192215129,0.005568069725769537",0.005726,1.664145,1.741072,11,11
2008508134210_Node0_Node8_Zero,"[0, 1, 2, 3, 4, 5, 6, 7, 8]",2008.508134,2008.508344,0.016138,8,0,2343.0,"0.006734461058780992,0.006400453299508238,0.006306125141108773,0.00639888353811529,0.0053220512539897905,0.0053220512539897905,0.0053220512539897905,0.0053220512539897905",0.005891,1.664145,1.664145,11,11
2008516331291_Node0_Node8_Zero,"[0, 1, 2, 3, 4, 5, 6, 7, 8]",2008.516331,2008.516561,0.016378,8,0,2343.0,"0.006306125141108773,0.006362890000897532,0.006360698126355174,0.006351615186633207,0.0053220512539897905,0.0053220512539897905,0.00561618379789378,0.005616082475753216",0.005907,1.664145,1.756085,11,11
2008524524582_Node0_Node8_Zero,"[0, 1, 2, 3, 4, 5, 6, 7, 8]",2008.524525,2008.524775,0.015598,8,0,2343.0,"0.006306125141108773,0.006306125141108773,0.006306125141108773,0.006306125141108773,0.005741823518907809,0.005741823518907809,0.005741823518907809,0.005741823518907809",0.006024,1.795403,1.795403,11,11
2008532717490_Node0_Node8_Zero,"[0, 1, 2, 3, 4, 5, 6, 7, 8]",2008.532717,2008.532787,0.016199,8,0,2343.0,"0.0053220512539897905,0.0053220512539897905,0.0053220512539897905,0.007658587300576276,0.007658545146892875,0.005568069725769537,0.005568069725769537,0.005568069725769537",0.005998,1.664145,1.741072,11,11
2008540915837_Node0_Node8_Zero,"[0, 1, 2, 3, 4, 5, 6, 7, 8]",2008.540916,2008.541026,0.015998,8,0,2343.0,"0.006644020633326133,0.006383743131753439,0.006383743131753439,0.006383743131753439,0.0053220512539897905,0.0053220512539897905,0.005746990222549463,0.0053220512539897905",0.005939,1.664145,1.664145,11,11
2008549111640_Node0_Node8_Zero,"[0, 1, 2, 3, 4, 5, 6, 7, 8]",2008.549112,2008.549162,0.015998,8,0,2343.0,"0.006738154544376018,0.006351615186633207,0.0053220512539897905,0.0053220512539897905,0.0053220512539897905,0.0053220512539897905,0.00583219515707227,0.005568069725769537",0.005722,1.664145,1.741072,11,11
2008557304241_Node0_Node8_Zero,"[0, 1, 2, 3, 4, 5, 6, 7, 8]",2008.557304,2008.557474,0.016058,8,0,2343.0,"0.006306125141108773,0.006306125141108773,0.006384698481090298,0.006306125141108773,0.0053220512539897905,0.0053220512539897905,0.00574705381614235,0.0053220512539897905",0.005877,1.664145,1.664145,11,11
2008565503839_Node0_Node8_Zero,"[0, 1, 2, 3, 4, 5, 6, 7, 8]",2008.565504,2008.565694,0.016218,8,0,2343.0,"0.006306125141108773,0.0053220512539897905,0.0053220512539897905,0.0053220512539897905,0.0053220512539897905,0.00561355977129397,0.005568069725769537,0.005568069725769537",0.005543,1.664145,1.741072,11,11
2008573699228_Node0_Node8_Zero,"[0, 1, 2, 3, 4, 5, 6, 7, 8]",2008.573699,2008.574009,0.016378,8,0,2343.0,"0.006306125141108773,0.006306125141108773,0.006384710239863591,0.006306125141108773,0.005741823518907809,0.0053220512539897905,0.00561355977129397,0.005617192465715285",0.00595,1.664145,1.756432,11,11
2008581892521_Node0_Node8_Zero,"[0, 1, 2, 3, 4, 5, 6, 7, 8]",2008.581893,2008.582023,0.015838,8,0,2343.0,"0.0053220512539897905,0.006360026523500902,0.006351615186633207,0.006351615186633207,0.005676317853352623,0.005745411507547847,0.005744851600180179,0.005744851600180179",0.005912,1.664145,1.79635,11,11
2008590086614_Node0_Node8_Zero,"[0, 1, 2, 3, 4, 5, 6, 7, 8]",2008.590087,2008.590157,0.016158,8,0,2343.0,"0.0053220512539897905,0.0053220512539897905,0.007536217500007501,0.007657495610389791,0.007659006942954231,0.0053220512539897905,0.00583219515707227,0.0053220512539897905",0.006247,1.664145,1.664145,11,11
2008598287276_Node0_Node8_Zero,"[0, 1, 2, 3, 4, 5, 6, 7, 8]",2008.598287,2008.598617,0.016398,8,0,2343.0,"0.006371630806663957,0.0063844065687929255,0.006384303039121106,0.006384303039121106,0.0053220512539897905,0.0053220512539897905,0.0053220512539897905,0.005617173642351962",0.005888,1.664145,1.756426,11,11
2008606484289_Node0_Node8_Zero,"[0, 1, 2, 3, 4, 5, 6, 7, 8]",2008.606484,2008.606614,0.016218,8,0,2343.0,"0.006738239932776743,0.006306125141108773,0.006400453299508238,0.006306125141108773,0.005770587585707021,0.005741823518907809,0.0057481025482341965,0.005741823518907809",0.006094,1.795403,1.795403,11,11
2008614683148_Node0_Node8_Zero,"[0, 1, 2, 3, 4, 5, 6, 7, 8]",2008.614683,2008.614733,0.016278,8,0,2343.0,"0.0053220512539897905,0.007536217500007501,0.0053220512539897905,0.006739117651441124,0.005676317853352623,0.0053220512539897905,0.005676317853352623,0.0053220512539897905",0.005865,1.664145,1.664145,11,11
2008622878046_Node0_Node8_Zero,"[0, 1, 2, 3, 4, 5, 6, 7, 8]",2008.622878,2008.623128,0.016598,8,0,2343.0,"0.005841989628647256,0.006383743131753439,0.0053220512539897905,0.006383743131753439,0.0053220512539897905,0.0053220512539897905,0.0053220512539897905,0.005568069725769537",0.005683,1.664145,1.741072,11,11
2008631073867_Node0_Node8_Zero,"[0, 1, 2, 3, 4, 5, 6, 7, 8]",2008.631074,2008.631144,0.016018,8,0,2343.0,"0.0053220512539897905,0.006306125141108773,0.006371630806663957,0.006306125141108773,0.005676317853352623,0.005741823518907809,0.005746183955940023,0.005741823518907809",0.005902,1.664145,1.795403,11,11
2008639273847_Node0_Node8_Zero,"[0, 1, 2, 3, 4, 5, 6, 7, 8]",2008.639274,2008.639324,0.016258,8,0,2343.0,"0.007977919807487747,0.007536217500007501,0.007536217500007501,0.007536217500007501,0.007638570102437477,0.005690840569490671,0.0053220512539897905,0.0053220512539897905",0.00682,1.664145,1.664145,11,11
2008647468407_Node0_Node8_Zero,"[0, 1, 2, 3, 4, 5, 6, 7, 8]",2008.647468,2008.647658,0.016199,8,0,2343.0,"0.006629021789824811,0.006383743131753439,0.0053220512539897905,0.006383743131753439,0.0053220512539897905,0.0053220512539897905,0.00583219515707227,0.005568069725769537",0.005845,1.664145,1.741072,11,11
2008655667856_Node0_Node8_Zero,"[0, 1, 2, 3, 4, 5, 6, 7, 8]",2008.655668,2008.655978,0.016318,8,0,2343.0,"0.006734461058780992,0.006374316129491463,0.006306125141108773,0.006306125141108773,0.0053220512539897905,0.00583219515707227,0.005616711984970695,0.00561355977129397",0.006013,1.664145,1.755296,11,11
2008663864471_Node0_Node8_Zero,"[0, 1, 2, 3, 4, 5, 6, 7, 8]",2008.663864,2008.664074,0.016339,8,0,2343.0,"0.006306125141108773,0.006306125141108773,0.006400453299508238,0.006351615186633207,0.005741823518907809,0.0053220512539897905,0.0053220512539897905,0.0053220512539897905",0.005884,1.664145,1.664145,11,11
2008672063243_Node0_Node8_Zero,"[0, 1, 2, 3, 4, 5, 6, 7, 8]",2008.672063,2008.672273,0.016058,8,0,2343.0,"0.0053220512539897905,0.0053220512539897905,0.006360609383570796,0.006360026523500902,0.0053220512539897905,0.0053220512539897905,0.005745450306094687,0.005745411507547847",0.005687,1.664145,1.796525,11,11
2008680260174_Node0_Node8_Zero,"[0, 1, 2, 3, 4, 5, 6, 7, 8]",2008.68026,2008.68039,0.016378,8,0,2343.0,"0.006383743131753439,0.006306125141108773,0.0053220512539897905,0.0053220512539897905,0.005746990222549463,0.0053220512539897905,0.0053220512539897905,0.00583219515707227",0.005695,1.664145,1.823661,11,11
2008688452978_Node0_Node8_Zero,"[0, 1, 2, 3, 4, 5, 6, 7, 8]",2008.688453,2008.688763,0.016378,8,0,2343.0,"0.0053220512539897905,0.0053220512539897905,0.006384413742838229,0.0063844065687929255,0.0053220512539897905,0.0053220512539897905,0.005568069725769537,0.0053220512539897905",0.005618,1.664145,1.664145,11,11
2008696647200_Node0_Node8_Zero,"[0, 1, 2, 3, 4, 5, 6, 7, 8]",2008.696647,2008.696717,0.015718,8,0,2343.0,"0.006384698481090298,0.006306125141108773,0.006306125141108773,0.006400453299508238,0.00574705381614235,0.005741823518907809,0.005741823518907809,0.0057481025482341965",0.006047,1.795403,1.797366,11,11
2008704840185_Node0_Node8_Zero,"[0, 1, 2, 3, 4, 5, 6, 7, 8]",2008.70484,2008.70501,0.016058,8,0,2343.0,"0.009655539720369795,0.007536217500007501,0.007536217500007501,0.0053220512539897905,0.007536217500007501,0.005768390646988534,0.0056704223281995115,0.0056704223281995115",0.006837,1.664145,1.773077,11,11
2008713033776_Node0_Node8_Zero,"[0, 1, 2, 3, 4, 5, 6, 7, 8]",2008.713034,2008.713124,0.015998,8,0,2343.0,"0.006384710239863591,0.006383743131753439,0.006383743131753439,0.0063849041556710345,0.005747054598874502,0.005746990222549463,0.0053220512539897905,0.0053220512539897905",0.005959,1.664145,1.664145,11,11
2008721235154_Node0_Node8_Zero,"[0, 1, 2, 3, 4, 5, 6, 7, 8]",2008.721235,2008.721305,0.016178,8,0,2343.0,"0.0053220512539897905,0.008457390921877285,0.0053220512539897905,0.006370540694585521,0.005676317853352623,0.0053220512539897905,0.0053220512539897905,0.005568069725769537",0.00592,1.664145,1.741072,11,11
2008729433578_Node0_Node8_Zero,"[0, 1, 2, 3, 4, 5, 6, 7, 8]",2008.729434,2008.729764,0.016198,8,0,2343.0,"0.0053220512539897905,0.006384698481090298,0.006306125141108773,0.006306125141108773,0.0053220512539897905,0.005568069725769537,0.00561719192215129,0.00583219515707227",0.005832,1.664145,1.823661,11,11
2008737631956_Node0_Node8_Zero,"[0, 1, 2, 3, 4, 5, 6, 7, 8]",2008.737632,2008.737702,0.015998,8,0,2343.0,"0.006371630806663957,0.006306125141108773,0.006306125141108773,0.006351615186633207,0.005746183955940023,0.005741823518907809,0.0053220512539897905,0.0053220512539897905",0.005933,1.664145,1.664145,11,11
2008745832800_Node0_Node8_Zero,"[0, 1, 2, 3, 4, 5, 6, 7, 8]",2008.745833,2008.746143,0.016418,8,0,2343.0,"0.0053220512539897905,0.0053220512539897905,0.006360698126355174,0.0053220512539897905,0.0053220512539897905,0.005568069725769537,0.005568069725769537,0.005616082475753216",0.00555,1.664145,1.756085,11,11
2008754032235_Node0_Node8_Zero,"[0, 1, 2, 3, 4, 5, 6, 7, 8]",2008.754032,2008.754242,0.016478,8,0,2343.0,"0.00638454939836288,0.006383743131753439,0.006306125141108773,0.006306125141108773,0.0053220512539897905,0.0053220512539897905,0.0053220512539897905,0.005741823518907809",0.005886,1.664145,1.795403,11,11
2008762230597_Node0_Node8_Zero,"[0, 1, 2, 3, 4, 5, 6, 7, 8]",2008.762231,2008.762581,0.015938,8,0,2343.0,"0.006306125141108773,0.006351615186633207,0.006351615186633207,0.0053220512539897905,0.0053220512539897905,0.0053220512539897905,0.005744851600180179,0.005676317853352623",0.0058,1.664145,1.77492,11,11
2008770430129_Node0_Node8_Zero,"[0, 1, 2, 3, 4, 5, 6, 7, 8]",2008.77043,2008.7705,0.016378,8,0,2343.0,"0.006306125141108773,0.006306125141108773,0.0053220512539897905,0.0053220512539897905,0.007710857978957999,0.0053220512539897905,0.00561355977129397,0.005568069725769537",0.005934,1.664145,1.741072,11,11
2008778629606_Node0_Node8_Zero,"[0, 1, 2, 3, 4, 5, 6, 7, 8]",2008.77863,2008.77898,0.016678,8,0,2343.0,"0.005587474223430703,0.006306125141108773,0.006384303039121106,0.006371630806663957,0.0053220512539897905,0.0053220512539897905,0.0053220512539897905,0.005617173642351962",0.005779,1.664145,1.756426,11,11
2008786826313_Node0_Node8_Zero,"[0, 1, 2, 3, 4, 5, 6, 7, 8]",2008.786826,2008.787176,0.016418,8,0,2343.0,"0.006747827448589019,0.006306125141108773,0.006360026523500902,0.006351615186633207,0.005771225786367077,0.005741823518907809,0.005745411507547847,0.005744851600180179",0.006096,1.795403,1.79635,11,11
2008795021773_Node0_Node8_Zero,"[0, 1, 2, 3, 4, 5, 6, 7, 8]",2008.795022,2008.795172,0.016438,8,0,2343.0,"0.0053220512539897905,0.007536217500007501,0.007536217500007501,0.007536217500007501,0.008013265711115575,0.0053220512539897905,0.0058237056008517895,0.0058237056008517895",0.006614,1.664145,1.821007,11,11
2008803221651_Node0_Node8_Zero,"[0, 1, 2, 3, 4, 5, 6, 7, 8]",2008.803222,2008.803352,0.016218,8,0,2343.0,"0.005581712127074563,0.006383743131753439,0.0053220512539897905,0.0053220512539897905,0.006739117651441124,0.005746990222549463,0.005676317853352623,0.005676317853352623",0.005806,1.664145,1.77492,11,11
2008811416450_Node0_Node8_Zero,"[0, 1, 2, 3, 4, 5, 6, 7, 8]",2008.811416,2008.811586,0.016719,8,0,2343.0,"0.006803744150303616,0.0053220512539897905,0.0053220512539897905,0.0053220512539897905,0.00577494792635007,0.0053220512539897905,0.00583219515707227,0.005568069725769537",0.005658,1.664145,1.741072,11,11
2008819608697_Node0_Node8_Zero,"[0, 1, 2, 3, 4, 5, 6, 7, 8]",2008.819609,2008.819799,0.016018,8,0,2343.0,"0.0053220512539897905,0.006384698481090298,0.006371630806663957,0.006371630806663957,0.005676317853352623,0.00574705381614235,0.005746183955940023,0.005746183955940023",0.005921,1.664145,1.796766,11,11
2008827806334_Node0_Node8_Zero,"[0, 1, 2, 3, 4, 5, 6, 7, 8]",2008.827806,2008.828036,0.016218,8,0,2343.0,"0.006739117651441124,0.00772463893321375,0.007536217500007501,0.007748455856406299,0.007638570102437477,0.0053220512539897905,0.0056791323444762625,0.0056704223281995115",0.006757,1.664145,1.773077,11,11
2008836002194_Node0_Node8_Zero,"[0, 1, 2, 3, 4, 5, 6, 7, 8]",2008.836002,2008.836152,0.016198,8,0,2343.0,"0.006371630806663957,0.006384710239863591,0.00638454939836288,0.00638454939836288,0.0053220512539897905,0.0053220512539897905,0.005747043892331334,0.0053220512539897905",0.005905,1.664145,1.664145,11,11
2008844194602_Node0_Node8_Zero,"[0, 1, 2, 3, 4, 5, 6, 7, 8]",2008.844195,2008.844485,0.016618,8,0,2343.0,"0.0053220512539897905,0.006306125141108773,0.0053220512539897905,0.006370540694585521,0.0053220512539897905,0.0053220512539897905,0.0053220512539897905,0.005568069725769537",0.005607,1.664145,1.741072,11,11
2008852390044_Node0_Node8_Zero,"[0, 1, 2, 3, 4, 5, 6, 7, 8]",2008.85239,2008.85254,0.016018,8,0,2343.0,"0.006306125141108773,0.006306125141108773,0.006384708404901316,0.006306125141108773,0.005741823518907809,0.005741823518907809,0.005747054476728771,0.005741823518907809",0.006034,1.795403,1.795403,11,11
2008860582780_Node0_Node8_Zero,"[0, 1, 2, 3, 4, 5, 6, 7, 8]",2008.860583,2008.860913,0.016698,8,0,2343.0,"0.006739117651441124,0.007536217500007501,0.008953283897458834,0.006739117651441124,0.007638570102437477,0.00583219515707227,0.0056704223281995115,0.0057359279937546975",0.006856,1.773077,1.79356,11,11
2008868779372_Node0_Node8_Zero,"[0, 1, 2, 3, 4, 5, 6, 7, 8]",2008.868779,2008.868969,0.016719,8,0,2343.0,"0.006383743131753439,0.006383743131753439,0.0063847103620093245,0.006383743131753439,0.005746990222549463,0.005746990222549463,0.0057470546070052305,0.005746990222549463",0.006065,1.797019,1.797019,11,11
2008876979761_Node0_Node8_Zero,"[0, 1, 2, 3, 4, 5, 6, 7, 8]",2008.87698,2008.87729,0.016058,8,0,2343.0,"0.008125768490004162,0.0053220512539897905,0.007748455856406299,0.0053220512539897905,0.00586294953414171,0.005676317853352623,0.005837833416836161,0.005676317853352623",0.006196,1.664145,1.77492,11,11
2008885174966_Node0_Node8_Zero,"[0, 1, 2, 3, 4, 5, 6, 7, 8]",2008.885175,2008.885405,0.016098,8,0,2343.0,"0.005587201695411092,0.007713007514965935,0.007713007514965935,0.007713034301233472,0.007713007514965935,0.0055803266363622876,0.0053220512539897905,0.0053220512539897905",0.006583,1.664145,1.664145,11,11
2008893372856_Node0_Node8_Zero,"[0, 1, 2, 3, 4, 5, 6, 7, 8]",2008.893373,2008.893503,0.016258,8,0,2343.0,"0.006671801744375391,0.006371630806663957,0.006401495841929881,0.006371630806663957,0.0053220512539897905,0.005746183955940023,0.005748171945904526,0.0053220512539897905",0.005994,1.664145,1.664145,11,11
2008901566593_Node0_Node8_Zero,"[0, 1, 2, 3, 4, 5, 6, 7, 8]",2008.901567,2008.901617,0.015818,8,0,2343.0,"0.0067482249085445666,0.0053220512539897905,0.0053220512539897905,0.006306125141108773,0.005771252243606986,0.005676317853352623,0.0053220512539897905,0.005741823518907809",0.005776,1.664145,1.795403,11,11
2008909766301_Node0_Node8_Zero,"[0, 1, 2, 3, 4, 5, 6, 7, 8]",2008.909766,2008.910036,0.016358,8,0,2343.0,"0.0053220512539897905,0.007536217500007501,0.006384916987647267,0.0053220512539897905,0.006739117651441124,0.005568069725769537,0.0056704223281995115,0.00561720202289002",0.00602,1.664145,1.756435,11,11
2008917967758_Node0_Node8_Zero,"[0, 1, 2, 3, 4, 5, 6, 7, 8]",2008.917968,2008.918078,0.016158,8,0,2343.0,"0.0063891846500939405,0.006371630806663957,0.006306125141108773,0.006383743131753439,0.005747352441571013,0.005746183955940023,0.005741823518907809,0.005746990222549463",0.006054,1.795403,1.797019,11,11
2008926165769_Node0_Node8_Zero,"[0, 1, 2, 3, 4, 5, 6, 7, 8]",2008.926166,2008.926216,0.015938,8,0,2343.0,"0.0053220512539897905,0.0053220512539897905,0.0053220512539897905,0.006739117651441124,0.005676317853352623,0.0053220512539897905,0.0053220512539897905,0.0053220512539897905",0.005543,1.664145,1.664145,11,11
2008934360422_Node0_Node8_Zero,"[0, 1, 2, 3, 4, 5, 6, 7, 8]",2008.93436,2008.93441,0.016259,8,0,2343.0,"0.0053220512539897905,0.0053220512539897905,0.006383743131753439,0.0053220512539897905,0.0053220512539897905,0.0053220512539897905,0.005746990222549463,0.0053220512539897905",0.005508,1.664145,1.664145,11,11
2008942553011_Node0_Node8_Zero,"[0, 1, 2, 3, 4, 5, 6, 7, 8]",2008.942553,2008.942703,0.016258,8,0,2343.0,"0.006371630806663957,0.0053220512539897905,0.0053220512539897905,0.006306125141108773,0.0053220512539897905,0.005676317853352623,0.0053220512539897905,0.0053220512539897905",0.005621,1.664145,1.664145,11,11
2008950746610_Node0_Node8_Zero,"[0, 1, 2, 3, 4, 5, 6, 7, 8]",2008.950747,2008.950917,0.016158,8,0,2343.0,"0.006306125141108773,0.0053220512539897905,0.006384698481090298,0.006306125141108773,0.005741823518907809,0.005676317853352623,0.00574705381614235,0.005741823518907809",0.005903,1.664145,1.795403,11,11
2008958939847_Node0_Node8_Zero,"[0, 1, 2, 3, 4, 5, 6, 7, 8]",2008.95894,2008.95903,0.016618,8,0,2343.0,"0.0053220512539897905,0.007536217500007501,0.007683605247506666,0.0053220512539897905,0.006739117651441124,0.0053220512539897905,0.00583219515707227,0.0053220512539897905",0.006135,1.664145,1.664145,11,11
2008967138401_Node0_Node8_Zero,"[0, 1, 2, 3, 4, 5, 6, 7, 8]",2008.967138,2008.967188,0.015999,8,0,2343.0,"0.006383743131753439,0.006371630806663957,0.006384710239863591,0.006383743131753439,0.005746990222549463,0.005746183955940023,0.005747054598874502,0.005746990222549463",0.006064,1.796766,1.797019,11,11
2008975335474_Node0_Node8_Zero,"[0, 1, 2, 3, 4, 5, 6, 7, 8]",2008.975335,2008.975445,0.016399,8,0,2343.0,"0.007536217500007501,0.008125768490004162,0.007536217500007501,0.007748455856406299,0.007536217500007501,0.0056704223281995115,0.005697675059650844,0.0056704223281995115",0.00694,1.773077,1.773077,11,11
2008983536821_Node0_Node8_Zero,"[0, 1, 2, 3, 4, 5, 6, 7, 8]",2008.983537,2008.983627,0.016018,8,0,2343.0,"0.006630716952870043,0.00638454939836288,0.00638471038459468,0.006384698481090298,0.005763430232531148,0.005747043892331334,0.005747054608508643,0.00574705381614235",0.006099,1.797035,1.797038,11,11
2008991734917_Node0_Node8_Zero,"[0, 1, 2, 3, 4, 5, 6, 7, 8]",2008.991735,2008.991825,0.016038,8,0,2343.0,"0.0053220512539897905,0.0053220512539897905,0.0053220512539897905,0.007692490619525454,0.005676317853352623,0.005676317853352623,0.0053220512539897905,0.0053220512539897905",0.005707,1.664145,1.664145,11,11
2008999935490_Node0_Node8_Zero,"[0, 1, 2, 3, 4, 5, 6, 7, 8]",2008.999935,2009.000245,0.016419,8,0,2343.0,"0.0053220512539897905,0.0053220512539897905,0.0053220512539897905,0.006384710239863591,0.0053220512539897905,0.005568069725769537,0.005568069725769537,0.005568069725769537",0.005547,1.664145,1.741072,11,11
2009008131127_Node0_Node8_Zero,"[0, 1, 2, 3, 4, 5, 6, 7, 8]",2009.008131,2009.008321,0.016038,8,0,2343.0,"0.006371630806663957,0.006371630806663957,0.006306125141108773,0.006306125141108773,0.005746183955940023,0.0053220512539897905,0.005741823518907809,0.005741823518907809",0.005988,1.664145,1.795403,11,11
2009016325544_Node0_Node8_Zero,"[0, 1, 2, 3, 4, 5, 6, 7, 8]",2009.016326,2009.016476,0.016018,8,0,2343.0,"0.0053220512539897905,0.0053220512539897905,0.0053220512539897905,0.007638570102437477,0.007638570102437477,0.005568069725769537,0.00583219515707227,0.0053220512539897905",0.005996,1.664145,1.664145,11,11
2009024519612_Node0_Node8_Zero,"[0, 1, 2, 3, 4, 5, 6, 7, 8]",2009.02452,2009.02461,0.016138,8,0,2343.0,"0.00638454939836288,0.006306125141108773,0.006383743131753439,0.006383743131753439,0.0053220512539897905,0.0053220512539897905,0.0053220512539897905,0.005617147759934008",0.00588,1.664145,1.756418,11,11
2009032719910_Node0_Node8_Zero,"[0, 1, 2, 3, 4, 5, 6, 7, 8]",2009.03272,2009.03279,0.016618,8,0,2343.0,"0.006734461058780992,0.006351615186633207,0.006400453299508238,0.006306125141108773,0.005770336041936394,0.005744851600180179,0.0053220512539897905,0.00583219515707227",0.006058,1.664145,1.823661,11,11
2009040916260_Node0_Node8_Zero,"[0, 1, 2, 3, 4, 5, 6, 7, 8]",2009.040916,2009.041266,0.016158,8,0,2343.0,"0.006739117651441124,0.0053220512539897905,0.006306125141108773,0.006360689960540389,0.0053220512539897905,0.005676317853352623,0.005741823518907809,0.0057454556697651305",0.005902,1.664145,1.796539,11,11
2009049117867_Node0_Node8_Zero,"[0, 1, 2, 3, 4, 5, 6, 7, 8]",2009.049118,2009.049368,0.016458,8,0,2343.0,"0.006389015239824039,0.0053220512539897905,0.00771211777053525,0.006739117651441124,0.007748455856406299,0.005617391469719707,0.0053220512539897905,0.005678553538079996",0.006316,1.664145,1.775619,11,11
2009057312173_Node0_Node8_Zero,"[0, 1, 2, 3, 4, 5, 6, 7, 8]",2009.057312,2009.057402,0.015958,8,0,2343.0,"0.0065757256524883855,0.006371630806663957,0.006383743131753439,0.006384414734607712,0.005759769692628203,0.005746183955940023,0.005746990222549463,0.00574703492833074",0.006089,1.796766,1.797033,11,11
2009065506519_Node0_Node8_Zero,"[0, 1, 2, 3, 4, 5, 6, 7, 8]",2009.065507,2009.065697,0.016258,8,0,2343.0,"0.008125768490004162,0.006739117651441124,0.007659089735833966,0.007536217500007501,0.007684535373396825,0.00583219515707227,0.0053220512539897905,0.005676102250890886",0.006822,1.664145,1.774853,11,11
2009073705515_Node0_Node8_Zero,"[0, 1, 2, 3, 4, 5, 6, 7, 8]",2009.073706,2009.073996,0.015958,8,0,2343.0,"0.006387061469005207,0.00638454939836288,0.006384698481090298,0.006384706747412785,0.0053220512539897905,0.0053220512539897905,0.0053220512539897905,0.0053220512539897905",0.005854,1.664145,1.664145,11,11
2009081903290_Node0_Node8_Zero,"[0, 1, 2, 3, 4, 5, 6, 7, 8]",2009.081903,2009.082173,0.016298,8,0,2343.0,"0.00674296026720773,0.006400453299508238,0.006306125141108773,0.00637159094069077,0.0053220512539897905,0.00583219515707227,0.00583219515707227,0.00561355977129397",0.006053,1.664145,1.755296,11,11
2009090098029_Node0_Node8_Zero,"[0, 1, 2, 3, 4, 5, 6, 7, 8]",2009.090098,2009.090308,0.015638,8,0,2343.0,"0.006306125141108773,0.006306125141108773,0.006306125141108773,0.006306125141108773,0.0053220512539897905,0.0053220512539897905,0.005741823518907809,0.005741823518907809",0.005919,1.664145,1.795403,11,11
2009098299137_Node0_Node8_Zero,"[0, 1, 2, 3, 4, 5, 6, 7, 8]",2009.098299,2009.098629,0.016538,8,0,2343.0,"0.006306125141108773,0.006400453299508238,0.0053220512539897905,0.007748455856406299,0.007657495610389791,0.00561355977129397,0.005617920208326183,0.005568069725769537",0.006279,1.664145,1.741072,11,11
2009106492083_Node0_Node8_Zero,"[0, 1, 2, 3, 4, 5, 6, 7, 8]",2009.106492,2009.106782,0.016338,8,0,2343.0,"0.006306125141108773,0.006306125141108773,0.006383743131753439,0.006383743131753439,0.005741823518907809,0.0053220512539897905,0.0053220512539897905,0.005746990222549463",0.005939,1.664145,1.797019,11,11
2009114688785_Node0_Node8_Zero,"[0, 1, 2, 3, 4, 5, 6, 7, 8]",2009.114689,2009.114859,0.016218,8,0,2343.0,"0.0053220512539897905,0.006360026523500902,0.0053220512539897905,0.0053220512539897905,0.005676317853352623,0.005745411507547847,0.0053220512539897905,0.005676317853352623",0.005593,1.664145,1.77492,11,11
2009122885466_Node0_Node8_Zero,"[0, 1, 2, 3, 4, 5, 6, 7, 8]",2009.122885,2009.122975,0.016679,8,0,2343.0,"0.005579442237150644,0.0053220512539897905,0.006306125141108773,0.0053220512539897905,0.006739117651441124,0.0053220512539897905,0.0053220512539897905,0.00583219515707227",0.005718,1.664145,1.823661,11,11
2009131082257_Node0_Node8_Zero,"[0, 1, 2, 3, 4, 5, 6, 7, 8]",2009.131082,2009.131252,0.016438,8,0,2343.0,"0.006371630806663957,0.0063844065687929255,0.006306125141108773,0.006371630806663957,0.005746183955940023,0.005747034384766746,0.005741823518907809,0.005746183955940023",0.006052,1.795403,1.796766,11,11
2009139281183_Node0_Node8_Zero,"[0, 1, 2, 3, 4, 5, 6, 7, 8]",2009.139281,2009.139511,0.015938,8,0,2343.0,"0.0053220512539897905,0.008125768490004162,0.0053220512539897905,0.007536217500007501,0.007748455856406299,0.0053220512539897905,0.005676317853352623,0.0053220512539897905",0.006297,1.664145,1.664145,11,11
2009147481465_Node0_Node8_Zero,"[0, 1, 2, 3, 4, 5, 6, 7, 8]",2009.147481,2009.147791,0.016459,8,0,2343.0,"0.005591651765369403,0.006384706646905086,0.0053220512539897905,0.0053220512539897905,0.0053220512539897905,0.00583219515707227,0.00583219515707227,0.005568069725769537",0.005647,1.664145,1.741072,11,11
2009155675898_Node0_Node8_Zero,"[0, 1, 2, 3, 4, 5, 6, 7, 8]",2009.155676,2009.155866,0.015858,8,0,2343.0,"0.006754779484118597,0.006306125141108773,0.006371630806663957,0.006306125141108773,0.005771688554173733,0.005741823518907809,0.005746183955940023,0.005741823518907809",0.006093,1.795403,1.795403,11,11
2009163876836_Node0_Node8_Zero,"[0, 1, 2, 3, 4, 5, 6, 7, 8]",2009.163877,2009.163947,0.016558,8,0,2343.0,"0.0053220512539897905,0.0053220512539897905,0.006739117651441124,0.007748455856406299,0.007638570102437477,0.0053220512539897905,0.005568069725769537,0.00563357539132472",0.006162,1.664145,1.761555,11,11
2009172073819_Node0_Node8_Zero,"[0, 1, 2, 3, 4, 5, 6, 7, 8]",2009.172074,2009.172284,0.016238,8,0,2343.0,"0.006646656309260139,0.006383743131753439,0.00638454939836288,0.006383743131753439,0.005764491248540738,0.005746990222549463,0.005747043892331334,0.005746990222549463",0.006101,1.797019,1.797019,11,11
2009180265936_Node0_Node8_Zero,"[0, 1, 2, 3, 4, 5, 6, 7, 8]",2009.180266,2009.180496,0.016418,8,0,2343.0,"0.0053220512539897905,0.0053220512539897905,0.0053220512539897905,0.0053220512539897905,0.005676317853352623,0.005676317853352623,0.0053220512539897905,0.005568069725769537",0.005441,1.664145,1.741072,11,11
2009188462446_Node0_Node8_Zero,"[0, 1, 2, 3, 4, 5, 6, 7, 8]",2009.188462,2009.188652,0.015939,8,0,2343.0,"0.005582328755562484,0.0053220512539897905,0.006384708404901316,0.006384698481090298,0.005693643433466812,0.005676317853352623,0.005747054476728771,0.00574705381614235",0.005817,1.664145,1.797038,11,11
2009196659780_Node0_Node8_Zero,"[0, 1, 2, 3, 4, 5, 6, 7, 8]",2009.19666,2009.19689,0.016198,8,0,2343.0,"0.007536217500007501,0.007683605247506666,0.007683605247506666,0.007536217500007501,0.007638570102437477,0.0056704223281995115,0.005677235511062345,0.00583219515707227",0.006907,1.773077,1.823661,11,11
2009204861389_Node0_Node8_Zero,"[0, 1, 2, 3, 4, 5, 6, 7, 8]",2009.204861,2009.205191,0.016179,8,0,2343.0,"0.006374834393054972,0.006371630806663957,0.0063847103620093245,0.006384710239863591,0.0053220512539897905,0.00583219515707227,0.0053220512539897905,0.0053220512539897905",0.005914,1.664145,1.664145,11,11
2009213059642_Node0_Node8_Zero,"[0, 1, 2, 3, 4, 5, 6, 7, 8]",2009.21306,2009.21311,0.015938,8,0,2343.0,"0.006734461058780992,0.006370540694585521,0.006371800486162774,0.006400453299508238,0.005770336041936394,0.0053220512539897905,0.0057461952507916044,0.0057481025482341965",0.006058,1.664145,1.797366,11,11
2009221255459_Node0_Node8_Zero,"[0, 1, 2, 3, 4, 5, 6, 7, 8]",2009.221255,2009.221465,0.015999,8,0,2343.0,"0.0053220512539897905,0.0053220512539897905,0.0053220512539897905,0.006739117651441124,0.006739117651441124,0.005568069725769537,0.005568069725769537,0.005568069725769537",0.005769,1.664145,1.741072,11,11
2009229452099_Node0_Node8_Zero,"[0, 1, 2, 3, 4, 5, 6, 7, 8]",2009.229452,2009.229702,0.015618,8,0,2343.0,"0.006389015239824039,0.006306125141108773,0.006384551486837412,0.0063849041556710345,0.0053220512539897905,0.005617391469719707,0.006123703674376451,0.005747067507035358",0.006034,1.664145,1.797043,11,11
2009237653059_Node0_Node8_Zero,"[0, 1, 2, 3, 4, 5, 6, 7, 8]",2009.237653,2009.237983,0.016738,8,0,2343.0,"0.006568147803329512,0.006351615186633207,0.006351615186633207,0.0053220512539897905,0.0053220512539897905,0.0056256720963834515,0.005615662605510894,0.005615662605510894",0.005847,1.664145,1.755954,11,11
2009245851297_Node0_Node8_Zero,"[0, 1, 2, 3, 4, 5, 6, 7, 8]",2009.245851,2009.246121,0.016298,8,0,2343.0,"0.006306125141108773,0.006360735023698313,0.006454354681900368,0.006384712771378163,0.005741823518907809,0.005745458669430288,0.005751690536874234,0.005747054767386794",0.006061,1.795403,1.797039,11,11
2009254043890_Node0_Node8_Zero,"[0, 1, 2, 3, 4, 5, 6, 7, 8]",2009.254044,2009.254134,0.015978,8,0,2343.0,"0.0053220512539897905,0.0053220512539897905,0.0053220512539897905,0.0053220512539897905,0.005676317853352623,0.005676317853352623,0.005676317853352623,0.005676317853352623",0.005499,1.664145,1.77492,11,11
2009262238604_Node0_Node8_Zero,"[0, 1, 2, 3, 4, 5, 6, 7, 8]",2009.262239,2009.262429,0.016718,8,0,2343.0,"0.008237914236239067,0.007710857978957999,0.007712370333349557,0.007714963016111434,0.007713034367958014,0.005702859136952736,0.005678495302639598,0.00567856521311179",0.007019,1.775601,1.775623,11,11
2009270435246_Node0_Node8_Zero,"[0, 1, 2, 3, 4, 5, 6, 7, 8]",2009.270435,2009.270745,0.0187,8,1,2343.0,"0.006371630806663957,0.006371630806663957,0.006371630806663957,0.006371630806663957,0.005746183955940023,0.005746183955940023,0.0056165878525663415,0.0056165878525663415",0.006027,1.242923,1.756243,11,11
2009278633041_Node0_Node8_Zero,"[0, 1, 2, 3, 4, 5, 6, 7, 8]",2009.278633,2009.278743,0.016723,8,1,2343.0,"0.0053220512539897905,0.0053220512539897905,0.006372033427924365,0.006119151102556166,0.005676317853352623,0.005676317853352623,0.005958498423462499,0.00552936421421814",0.005747,1.664145,1.728969,11,11
2009286830675_Node0_Node8_Zero,"[0, 1, 2, 3, 4, 5, 6, 7, 8]",2009.286831,2009.286901,0.016338,8,0,2343.0,"0.007972880641178738,0.007712672078829242,0.007712672078829242,0.0053220512539897905,0.005852772432174367,0.005835451441054722,0.005835451441054722,0.005676317853352623",0.00649,1.664145,1.77492,11,11
2009295031552_Node0_Node8_Zero,"[0, 1, 2, 3, 4, 5, 6, 7, 8]",2009.295032,2009.295302,0.015978,8,0,2343.0,"0.008241712595556984,0.008057477911183027,0.007683605247506666,0.0078010025937180405,0.0076224672065573025,0.0053220512539897905,0.005833516584174269,0.005841331232442707",0.00705,1.664145,1.826518,11,11
2009303229142_Node0_Node8_Zero,"[0, 1, 2, 3, 4, 5, 6, 7, 8]",2009.303229,2009.303459,0.016358,8,0,2343.0,"0.006659859913068494,0.006401055402698013,0.0053220512539897905,0.0053220512539897905,0.007683605247506666,0.005629911603296273,0.005617948041298759,0.005568069725769537",0.006026,1.664145,1.741072,11,11
2009311426650_Node0_Node8_Zero,"[0, 1, 2, 3, 4, 5, 6, 7, 8]",2009.311427,2009.311477,0.015938,8,0,2343.0,"0.0067314835528182685,0.006306125141108773,0.006400697637986534,0.006402142605524609,0.0057701378418699815,0.005741823518907809,0.005748118812820475,0.005748214998240619",0.006106,1.795403,1.797402,11,11
2009319624086_Node0_Node8_Zero,"[0, 1, 2, 3, 4, 5, 6, 7, 8]",2009.319624,2009.319814,0.015798,8,0,2343.0,"0.006739117651441124,0.0053220512539897905,0.0053220512539897905,0.006739117651441124,0.007638570102437477,0.0053220512539897905,0.0053220512539897905,0.0053220512539897905",0.005966,1.664145,1.664145,11,11
2009327822412_Node0_Node8_Zero,"[0, 1, 2, 3, 4, 5, 6, 7, 8]",2009.327822,2009.328012,0.015839,8,0,2343.0,"0.00638897859164076,0.0053220512539897905,0.0053220512539897905,0.006384924948239472,0.0053220512539897905,0.005617389775611624,0.005568069725769537,0.005568069725769537",0.005687,1.664145,1.741072,11,11
2009336020214_Node0_Node8_Zero,"[0, 1, 2, 3, 4, 5, 6, 7, 8]",2009.33602,2009.33633,0.016318,8,0,2343.0,"0.006734461058780992,0.006306125141108773,0.006306125141108773,0.006306125141108773,0.0053220512539897905,0.005633360134508266,0.00561355977129397,0.00561355977129397",0.005979,1.664145,1.755296,11,11
2009344215616_Node0_Node8_Zero,"[0, 1, 2, 3, 4, 5, 6, 7, 8]",2009.344216,2009.344266,0.015798,8,0,2343.0,"0.006306125141108773,0.006360734710449257,0.006351615186633207,0.006351615186633207,0.005741823518907809,0.005745458648578615,0.005744851600180179,0.005744851600180179",0.006043,1.795403,1.79635,11,11
2009352411789_Node0_Node8_Zero,"[0, 1, 2, 3, 4, 5, 6, 7, 8]",2009.352412,2009.352602,0.016018,8,0,2343.0,"0.0053220512539897905,0.0053220512539897905,0.007665733279250105,0.007657495610389791,0.007657495610389791,0.005568069725769537,0.005568069725769537,0.005676409356989725",0.006305,1.664145,1.774949,11,11
2009360603752_Node0_Node8_Zero,"[0, 1, 2, 3, 4, 5, 6, 7, 8]",2009.360604,2009.360914,0.015958,8,0,2343.0,"0.006383743131753439,0.0063844152854052195,0.006384303039121106,0.006384303039121106,0.0053220512539897905,0.005617147759934008,0.005617178831076753,0.005617173642351962",0.005964,1.664145,1.756426,11,11
2009368796447_Node0_Node8_Zero,"[0, 1, 2, 3, 4, 5, 6, 7, 8]",2009.368796,2009.368846,0.015999,8,0,2343.0,"0.006737960479828915,0.006351615186633207,0.006351615186633207,0.006371647726143976,0.0053220512539897905,0.0053220512539897905,0.005744851600180179,0.005746185082198746",0.005993,1.664145,1.796767,11,11
2009376994226_Node0_Node8_Zero,"[0, 1, 2, 3, 4, 5, 6, 7, 8]",2009.376994,2009.377224,0.016478,8,0,2343.0,"0.006306125141108773,0.006360689960540389,0.0053220512539897905,0.0053220512539897905,0.006739117651441124,0.00561355977129397,0.005616082098278221,0.005568069725769537",0.005856,1.664145,1.741072,11,11
2009385188719_Node0_Node8_Zero,"[0, 1, 2, 3, 4, 5, 6, 7, 8]",2009.385189,2009.385379,0.016078,8,0,2343.0,"0.006306125141108773,0.006306125141108773,0.006384303039121106,0.0063845496066137495,0.005741823518907809,0.0053220512539897905,0.0053220512539897905,0.005747043906193719",0.005939,1.664145,1.797035,11,11
2009393385107_Node0_Node8_Zero,"[0, 1, 2, 3, 4, 5, 6, 7, 8]",2009.393385,2009.393455,0.016078,8,0,2343.0,"0.0053220512539897905,0.0053220512539897905,0.006360492914371924,0.0053220512539897905,0.005676317853352623,0.005676317853352623,0.0053220512539897905,0.005676317853352623",0.005585,1.664145,1.77492,11,11
2009401585664_Node0_Node8_Zero,"[0, 1, 2, 3, 4, 5, 6, 7, 8]",2009.401586,2009.401876,0.016418,8,0,2343.0,"0.005579442237150644,0.0053220512539897905,0.0053220512539897905,0.0053220512539897905,0.0053220512539897905,0.0055799679457048754,0.005568069725769537,0.00583219515707227",0.005481,1.664145,1.823661,11,11
2009409779262_Node0_Node8_Zero,"[0, 1, 2, 3, 4, 5, 6, 7, 8]",2009.409779,2009.409909,0.015778,8,0,2343.0,"0.006371630806663957,0.006371630806663957,0.006306125141108773,0.006371630806663957,0.005746183955940023,0.005746183955940023,0.005741823518907809,0.005746183955940023",0.00605,1.795403,1.796766,11,11
2009417972435_Node0_Node8_Zero,"[0, 1, 2, 3, 4, 5, 6, 7, 8]",2009.417972,2009.418142,0.015899,8,0,2343.0,"0.0053220512539897905,0.0053220512539897905,0.007643520193241051,0.007638570102437477,0.007748455856406299,0.005568069725769537,0.005568069725769537,0.0056753825293226",0.006311,1.664145,1.774628,11,11
2009426171879_Node0_Node8_Zero,"[0, 1, 2, 3, 4, 5, 6, 7, 8]",2009.426172,2009.426522,0.016378,8,0,2343.0,"0.00638454939836288,0.00638454939836288,0.006383743131753439,0.00638454939836288,0.0053220512539897905,0.0056171850306158625,0.0056171850306158625,0.005617147759934008",0.005964,1.664145,1.756418,11,11
2009434368262_Node0_Node8_Zero,"[0, 1, 2, 3, 4, 5, 6, 7, 8]",2009.434368,2009.434438,0.015998,8,0,2343.0,"0.006754779484118597,0.006351615186633207,0.006351615186633207,0.006371457860574185,0.005771688554173733,0.005744851600180179,0.005744851600180179,0.0057461724436451995",0.006105,1.79635,1.796763,11,11
2009442565652_Node0_Node8_Zero,"[0, 1, 2, 3, 4, 5, 6, 7, 8]",2009.442566,2009.442896,0.016158,8,0,2343.0,"0.00797825524362444,0.007536217500007501,0.007659003849683349,0.007659003849683349,0.007658988343728637,0.005690856075445385,0.0056704223281995115,0.005676098280696215",0.006941,1.773077,1.774851,11,11
2009450760883_Node0_Node8_Zero,"[0, 1, 2, 3, 4, 5, 6, 7, 8]",2009.450761,2009.450871,0.016238,8,0,2343.0,"0.006389265326099285,0.006384303039121106,0.006384303039121106,0.006384547269682006,0.00574735781183385,0.005747027493231318,0.0053220512539897905,0.0053220512539897905",0.00596,1.664145,1.664145,11,11
2009458958097_Node0_Node8_Zero,"[0, 1, 2, 3, 4, 5, 6, 7, 8]",2009.458958,2009.459088,0.015738,8,0,2343.0,"0.008508474494347615,0.0053220512539897905,0.006370540694585521,0.0063715902065819225,0.0053220512539897905,0.005676317853352623,0.005746111391757432,0.005746181253363082",0.006133,1.664145,1.796766,11,11
2009467153104_Node0_Node8_Zero,"[0, 1, 2, 3, 4, 5, 6, 7, 8]",2009.467153,2009.467263,0.015738,8,0,2343.0,"0.0053220512539897905,0.0053220512539897905,0.0077130230209206474,0.007536217500007501,0.007536217500007501,0.005568069725769537,0.005568069725769537,0.005678595384410623",0.006281,1.664145,1.775632,11,11
2009475350933_Node0_Node8_Zero,"[0, 1, 2, 3, 4, 5, 6, 7, 8]",2009.475351,2009.475581,0.016278,8,0,2343.0,"0.006306125141108773,0.006371630806663957,0.006384535980882698,0.0063845488986428904,0.0053220512539897905,0.00561355977129397,0.0056165878525663415,0.00561718441037607",0.005952,1.664145,1.75643,11,11
2009483548762_Node0_Node8_Zero,"[0, 1, 2, 3, 4, 5, 6, 7, 8]",2009.483549,2009.483819,0.016178,8,0,2343.0,"0.006715535550828678,0.006351615186633207,0.006351615186633207,0.006372051933544237,0.0053220512539897905,0.0056324852792462845,0.0053220512539897905,0.005746211988587709",0.005977,1.664145,1.796775,11,11
2009491750004_Node0_Node8_Zero,"[0, 1, 2, 3, 4, 5, 6, 7, 8]",2009.49175,2009.49202,0.016278,8,0,2343.0,"0.006306125141108773,0.006360026523500902,0.00636058643086857,0.0053220512539897905,0.0053220512539897905,0.0053220512539897905,0.0053220512539897905,0.0053220512539897905",0.005705,1.664145,1.664145,11,11
2009499947261_Node0_Node8_Zero,"[0, 1, 2, 3, 4, 5, 6, 7, 8]",2009.499947,2009.500297,0.016098,8,0,2343.0,"0.006306125141108773,0.006363525944548825,0.006306125141108773,0.0053220512539897905,0.0053220512539897905,0.00561355977129397,0.0053220512539897905,0.005676317853352623",0.005779,1.664145,1.77492,11,11
2009508141924_Node0_Node8_Zero,"[0, 1, 2, 3, 4, 5, 6, 7, 8]",2009.508142,2009.508492,0.016318,8,0,2343.0,"0.006306125141108773,0.006306125141108773,0.006306125141108773,0.0053220512539897905,0.0053220512539897905,0.00561355977129397,0.00561355977129397,0.0053220512539897905",0.005764,1.664145,1.664145,11,11
2009516341752_Node0_Node8_Zero,"[0, 1, 2, 3, 4, 5, 6, 7, 8]",2009.516342,2009.516492,0.015798,8,0,2343.0,"0.006306125141108773,0.006360026523500902,0.006306125141108773,0.006371630806663957,0.0053220512539897905,0.005745411507547847,0.005741823518907809,0.005746183955940023",0.005987,1.664145,1.796766,11,11
2009524541549_Node0_Node8_Zero,"[0, 1, 2, 3, 4, 5, 6, 7, 8]",2009.524542,2009.524632,0.016218,8,0,2343.0,"0.006306125141108773,0.0053220512539897905,0.007657495610389791,0.007657495610389791,0.007536217500007501,0.00561355977129397,0.005568069725769537,0.005676028560449572",0.006417,1.664145,1.77483,11,11
2009532735347_Node0_Node8_Zero,"[0, 1, 2, 3, 4, 5, 6, 7, 8]",2009.532735,2009.533045,0.016219,8,0,2343.0,"0.006306125141108773,0.0063844065687929255,0.006383743131753439,0.00638454939836288,0.0053220512539897905,0.0053220512539897905,0.005617178428140454,0.005617147759934008",0.005917,1.664145,1.756418,11,11
2009540931699_Node0_Node8_Zero,"[0, 1, 2, 3, 4, 5, 6, 7, 8]",2009.540932,2009.541182,0.016358,8,0,2343.0,"0.006715535550828678,0.006360026523500902,0.006351615186633207,0.006371577314959719,0.005769076250359141,0.005745411507547847,0.005744851600180179,0.0053220512539897905",0.006048,1.664145,1.664145,11,11
2009549133216_Node0_Node8_Zero,"[0, 1, 2, 3, 4, 5, 6, 7, 8]",2009.549133,2009.549463,0.016318,8,0,2343.0,"0.006739117651441124,0.007536217500007501,0.007536217500007501,0.006360689960540389,0.0053220512539897905,0.0053220512539897905,0.00583219515707227,0.0056704223281995115",0.00629,1.664145,1.773077,11,11
2009557332842_Node0_Node8_Zero,"[0, 1, 2, 3, 4, 5, 6, 7, 8]",2009.557333,2009.557503,0.016298,8,0,2343.0,"0.006388782298062448,0.0063844065687929255,0.006384303039121106,0.006306125141108773,0.005747325658686156,0.005747034384766746,0.005747027493231318,0.005741823518907809",0.006056,1.795403,1.795403,11,11
2009565526836_Node0_Node8_Zero,"[0, 1, 2, 3, 4, 5, 6, 7, 8]",2009.565527,2009.565877,0.016298,8,0,2343.0,"0.006739117651441124,0.006739117651441124,0.007536217500007501,0.007748455856406299,0.0053220512539897905,0.0053220512539897905,0.00583219515707227,0.005837833416836161",0.006385,1.664145,1.825424,11,11
2009573721038_Node0_Node8_Zero,"[0, 1, 2, 3, 4, 5, 6, 7, 8]",2009.573721,2009.573811,0.016158,8,0,2343.0,"0.006384760504909153,0.006384706646905086,0.006384705372625727,0.0053220512539897905,0.005747057944807472,0.005747054359706345,0.005747054274882919,0.005676317853352623",0.005924,1.664145,1.77492,11,11
2009581914722_Node0_Node8_Zero,"[0, 1, 2, 3, 4, 5, 6, 7, 8]",2009.581915,2009.581965,0.015978,8,0,2343.0,"0.0053220512539897905,0.0053220512539897905,0.0053220512539897905,0.0053220512539897905,0.005676317853352623,0.0053220512539897905,0.0053220512539897905,0.0053220512539897905",0.005366,1.664145,1.664145,11,11
2009590112931_Node0_Node8_Zero,"[0, 1, 2, 3, 4, 5, 6, 7, 8]",2009.590113,2009.590303,0.016418,8,0,2343.0,"0.0053220512539897905,0.0053220512539897905,0.0053220512539897905,0.0053220512539897905,0.0053220512539897905,0.005568069725769537,0.005568069725769537,0.005568069725769537",0.005414,1.664145,1.741072,11,11
2009598310338_Node0_Node8_Zero,"[0, 1, 2, 3, 4, 5, 6, 7, 8]",2009.59831,2009.59844,0.016518,8,0,2343.0,"0.006371630806663957,0.006306125141108773,0.006306125141108773,0.006306125141108773,0.005746183955940023,0.005741823518907809,0.005741823518907809,0.0053220512539897905",0.00598,1.664145,1.664145,11,11
2009606510196_Node0_Node8_Zero,"[0, 1, 2, 3, 4, 5, 6, 7, 8]",2009.60651,2009.6067,0.016358,8,0,2343.0,"0.0053220512539897905,0.0053220512539897905,0.0053220512539897905,0.006351615186633207,0.0053220512539897905,0.0053220512539897905,0.005676317853352623,0.005744851600180179",0.005548,1.664145,1.79635,11,11
2009614707927_Node0_Node8_Zero,"[0, 1, 2, 3, 4, 5, 6, 7, 8]",2009.614708,2009.614838,0.016478,8,0,2343.0,"0.0053220512539897905,0.006383743131753439,0.0053220512539897905,0.0053220512539897905,0.005676317853352623,0.005746990222549463,0.005676317853352623,0.005676317853352623",0.005641,1.664145,1.77492,11,11
2009622900386_Node0_Node8_Zero,"[0, 1, 2, 3, 4, 5, 6, 7, 8]",2009.6229,2009.62301,0.016059,8,0,2343.0,"0.005568069725769537,0.0053220512539897905,0.006739117651441124,0.007683605247506666,0.00569269426974142,0.005676317853352623,0.0057706460117520906,0.005833516584174269",0.006036,1.664145,1.824074,11,11
2009631092819_Node0_Node8_Zero,"[0, 1, 2, 3, 4, 5, 6, 7, 8]",2009.631093,2009.631163,0.015658,8,0,2343.0,"0.0053220512539897905,0.0053220512539897905,0.006739117651441124,0.007683605247506666,0.007683605247506666,0.005568069725769537,0.0057706460117520906,0.005833516584174269",0.00624,1.664145,1.824074,11,11
2009639288534_Node0_Node8_Zero,"[0, 1, 2, 3, 4, 5, 6, 7, 8]",2009.639289,2009.639579,0.016078,8,0,2343.0,"0.006637053776104869,0.006371630806663957,0.0053220512539897905,0.0053220512539897905,0.006739117651441124,0.0056288573611074574,0.0056165878525663415,0.005568069725769537",0.005901,1.664145,1.741072,11,11
2009647483186_Node0_Node8_Zero,"[0, 1, 2, 3, 4, 5, 6, 7, 8]",2009.647483,2009.647613,0.016098,8,0,2343.0,"0.006742788282280011,0.006351615186633207,0.0063890725547928115,0.006400697637986534,0.005770890350230385,0.0053220512539897905,0.0053220512539897905,0.00583219515707227",0.006016,1.664145,1.823661,11,11
2009655682581_Node0_Node8_Zero,"[0, 1, 2, 3, 4, 5, 6, 7, 8]",2009.655683,2009.655733,0.015918,8,0,2343.0,"0.0053220512539897905,0.006362855124345366,0.00636058643086857,0.006351615186633207,0.005676317853352623,0.005745599795625939,0.005745448778229701,0.005744851600180179",0.005914,1.664145,1.79635,11,11
2009663882574_Node0_Node8_Zero,"[0, 1, 2, 3, 4, 5, 6, 7, 8]",2009.663883,2009.664013,0.016558,8,0,2343.0,"0.0053220512539897905,0.007722950834460828,0.007536217500007501,0.007536217500007501,0.0053220512539897905,0.005568069725769537,0.005679054310001286,0.0056704223281995115",0.006295,1.664145,1.773077,11,11
2009672076801_Node0_Node8_Zero,"[0, 1, 2, 3, 4, 5, 6, 7, 8]",2009.672077,2009.672227,0.016498,8,0,2343.0,"0.006371630806663957,0.0063844413842000045,0.006384413460328354,0.006384303039121106,0.005746183955940023,0.0053220512539897905,0.0053220512539897905,0.0053220512539897905",0.005905,1.664145,1.664145,11,11
2009680270792_Node0_Node8_Zero,"[0, 1, 2, 3, 4, 5, 6, 7, 8]",2009.680271,2009.680381,0.016458,8,0,2343.0,"0.0053220512539897905,0.006351615186633207,0.006372136791180578,0.006370540694585521,0.005676317853352623,0.005744851600180179,0.005746217637204158,0.005746111391757432",0.005916,1.664145,1.796744,11,11
2009688472016_Node0_Node8_Zero,"[0, 1, 2, 3, 4, 5, 6, 7, 8]",2009.688472,2009.688782,0.015818,8,0,2343.0,"0.00824027510939827,0.007712672078829242,0.007536217500007501,0.007536217500007501,0.007536217500007501,0.0053220512539897905,0.0058237056008517895,0.0058237056008517895",0.006941,1.664145,1.821007,11,11
2009696664319_Node0_Node8_Zero,"[0, 1, 2, 3, 4, 5, 6, 7, 8]",2009.696664,2009.696794,0.016178,8,0,2343.0,"0.006371630806663957,0.0053220512539897905,0.0053220512539897905,0.007712686091456068,0.007712641889498833,0.0056165878525663415,0.005568069725769537,0.005568069725769537",0.006149,1.664145,1.741072,11,11
2009704864457_Node0_Node8_Zero,"[0, 1, 2, 3, 4, 5, 6, 7, 8]",2009.704864,2009.705074,0.016279,8,0,2343.0,"0.006975813052401371,0.006306125141108773,0.00639888353811529,0.00639888353811529,0.0053220512539897905,0.0056445169321033585,0.00583219515707227,0.0053220512539897905",0.006025,1.664145,1.664145,11,11
2009713064330_Node0_Node8_Zero,"[0, 1, 2, 3, 4, 5, 6, 7, 8]",2009.713064,2009.713254,0.016018,8,0,2343.0,"0.006748157302567573,0.00636058643086857,0.006351615186633207,0.006351615186633207,0.005771247743361042,0.005745448778229701,0.0053220512539897905,0.005744851600180179",0.006049,1.664145,1.79635,11,11
2009721262694_Node0_Node8_Zero,"[0, 1, 2, 3, 4, 5, 6, 7, 8]",2009.721263,2009.721433,0.015818,8,0,2343.0,"0.0053220512539897905,0.0053220512539897905,0.0053220512539897905,0.0053220512539897905,0.0053220512539897905,0.0053220512539897905,0.005676317853352623,0.005676317853352623",0.005411,1.664145,1.77492,11,11
2009729462592_Node0_Node8_Zero,"[0, 1, 2, 3, 4, 5, 6, 7, 8]",2009.729463,2009.729533,0.016178,8,0,2343.0,"0.006389183817975964,0.006384413460328354,0.0053220512539897905,0.006739117651441124,0.0053220512539897905,0.005617399262455502,0.0053220512539897905,0.005568069725769537",0.005833,1.664145,1.741072,11,11
2009737654857_Node0_Node8_Zero,"[0, 1, 2, 3, 4, 5, 6, 7, 8]",2009.737655,2009.737805,0.015838,8,0,2343.0,"0.006306125141108773,0.006306125141108773,0.006371630806663957,0.006371630806663957,0.0053220512539897905,0.0053220512539897905,0.005746183955940023,0.005746183955940023",0.005936,1.664145,1.796766,11,11
2009745852540_Node0_Node8_Zero,"[0, 1, 2, 3, 4, 5, 6, 7, 8]",2009.745853,2009.746003,0.016398,8,0,2343.0,"0.006306125141108773,0.0063607364646141255,0.0053220512539897905,0.0053220512539897905,0.0053220512539897905,0.0053220512539897905,0.005616084247987159,0.005568069725769537",0.005642,1.664145,1.741072,11,11
2009754052323_Node0_Node8_Zero,"[0, 1, 2, 3, 4, 5, 6, 7, 8]",2009.754052,2009.754162,0.015738,8,0,2343.0,"0.006306125141108773,0.006306125141108773,0.00638454939836288,0.00638454939836288,0.0053220512539897905,0.0053220512539897905,0.005747043892331334,0.005747043892331334",0.00594,1.664145,1.797035,11,11
2009762245146_Node0_Node8_Zero,"[0, 1, 2, 3, 4, 5, 6, 7, 8]",2009.762245,2009.762515,0.016558,8,0,2343.0,"0.0053220512539897905,0.006306125141108773,0.0053220512539897905,0.006739117651441124,0.007638570102437477,0.005568069725769537,0.00561355977129397,0.005568069725769537",0.00601,1.664145,1.741072,11,11
2009770438684_Node0_Node8_Zero,"[0, 1, 2, 3, 4, 5, 6, 7, 8]",2009.770439,2009.770729,0.016658,8,0,2343.0,"0.006306125141108773,0.006306125141108773,0.006384708404901316,0.006384708404901316,0.0053220512539897905,0.005741823518907809,0.005747054476728771,0.005747054476728771",0.005992,1.664145,1.797039,11,11
2009778632030_Node0_Node8_Zero,"[0, 1, 2, 3, 4, 5, 6, 7, 8]",2009.778632,2009.778922,0.016038,8,0,2343.0,"0.0053220512539897905,0.0053220512539897905,0.0053220512539897905,0.007657495610389791,0.007638570102437477,0.005676317853352623,0.005676317853352623,0.005831778575291876",0.006056,1.664145,1.823531,11,11
2009786824775_Node0_Node8_Zero,"[0, 1, 2, 3, 4, 5, 6, 7, 8]",2009.786825,2009.786875,0.015958,8,0,2343.0,"0.006306125141108773,0.0053220512539897905,0.0053220512539897905,0.009130100644485075,0.00771303424703374,0.005676317853352623,0.0053220512539897905,0.0053220512539897905",0.006264,1.664145,1.664145,11,11
2009795021288_Node0_Node8_Zero,"[0, 1, 2, 3, 4, 5, 6, 7, 8]",2009.795021,2009.795311,0.016158,8,0,2343.0,"0.005587716030994673,0.0053220512539897905,0.006371630806663957,0.006400376271454135,0.0053220512539897905,0.0055803504121675574,0.005568069725769537,0.0056165878525663415",0.005721,1.664145,1.756243,11,11
2009803222882_Node0_Node8_Zero,"[0, 1, 2, 3, 4, 5, 6, 7, 8]",2009.803223,2009.803573,0.016518,8,0,2343.0,"0.006748229851437563,0.006371630806663957,0.006306125141108773,0.006306125141108773,0.0053220512539897905,0.00583219515707227,0.0056165878525663415,0.00561355977129397",0.006015,1.664145,1.755296,11,11
2009811418883_Node0_Node8_Zero,"[0, 1, 2, 3, 4, 5, 6, 7, 8]",2009.811419,2009.811489,0.016098,8,0,2343.0,"0.006306125141108773,0.0063538859469516335,0.006351615186633207,0.00636058643086857,0.005741823518907809,0.0057450027551573845,0.005744851600180179,0.005745448778229701",0.006044,1.795403,1.796537,11,11
2009819612464_Node0_Node8_Zero,"[0, 1, 2, 3, 4, 5, 6, 7, 8]",2009.819612,2009.819942,0.015899,8,0,2343.0,"0.007945627909727405,0.007536217500007501,0.007748455856406299,0.007658755401967045,0.007657495610389791,0.0056893478361518274,0.0053220512539897905,0.005680233311521992",0.006905,1.664145,1.776144,11,11
2009827809619_Node0_Node8_Zero,"[0, 1, 2, 3, 4, 5, 6, 7, 8]",2009.82781,2009.82806,0.016458,8,0,2343.0,"0.006383743131753439,0.0063843309884321665,0.006384303039121106,0.006384413460328354,0.0053220512539897905,0.00583219515707227,0.005617174934343803,0.005617173642351962",0.005991,1.664145,1.756426,11,11
2009836011302_Node0_Node8_Zero,"[0, 1, 2, 3, 4, 5, 6, 7, 8]",2009.836011,2009.836161,0.016138,8,0,2343.0,"0.006737960479828915,0.006374040115633443,0.006306125141108773,0.006372354794456764,0.005770568983697986,0.005746344333519023,0.005741823518907809,0.00574623214876664",0.006099,1.795403,1.796782,11,11
2009844211088_Node0_Node8_Zero,"[0, 1, 2, 3, 4, 5, 6, 7, 8]",2009.844211,2009.844541,0.016578,8,0,2343.0,"0.0053220512539897905,0.007536217500007501,0.007748455856406299,0.007658999649268182,0.007658999111752741,0.005568069725769537,0.0056704223281995115,0.005680233311521992",0.006605,1.664145,1.776144,11,11
2009852405902_Node0_Node8_Zero,"[0, 1, 2, 3, 4, 5, 6, 7, 8]",2009.852406,2009.852536,0.016398,8,0,2343.0,"0.006389058311920466,0.006384579052979126,0.006383743131753439,0.006384558309457487,0.005747344031769425,0.005747045866314588,0.005746990222549463,0.005747044485505476",0.006066,1.797019,1.797036,11,11
2009860607146_Node0_Node8_Zero,"[0, 1, 2, 3, 4, 5, 6, 7, 8]",2009.860607,2009.860717,0.016038,8,0,2343.0,"0.0053220512539897905,0.008508472523196732,0.007638570102437477,0.007681152495330185,0.0076852342200404815,0.0053220512539897905,0.0053220512539897905,0.0058333533147634405",0.006664,1.664145,1.824023,11,11
2009868800703_Node0_Node8_Zero,"[0, 1, 2, 3, 4, 5, 6, 7, 8]",2009.868801,2009.869151,0.016298,8,0,2343.0,"0.005584627139106534,0.0063847087699006886,0.006384698481090298,0.0053220512539897905,0.007713030090322668,0.0055802076242789135,0.005617192397764412,0.00561719192215129",0.006025,1.664145,1.756432,11,11
2009876997156_Node0_Node8_Zero,"[0, 1, 2, 3, 4, 5, 6, 7, 8]",2009.876997,2009.877087,0.01884,8,1,2343.0,"0.006743089487446376,0.006306125141108773,0.006306125141108773,0.006400667448656125,0.005770910400193249,0.005741823518907809,0.0053220512539897905,0.005536220776907147",0.006016,1.230145,1.731113,11,11
2009885197696_Node0_Node8_Zero,"[0, 1, 2, 3, 4, 5, 6, 7, 8]",2009.885198,2009.885268,0.016792,8,2,2343.0,"0.007536217500007501,0.005906290169163395,0.005906290119695319,0.0053220512539897905,0.005936358957337441,0.0053220512539897905,0.005875592815494218,0.005529678329274383",0.005917,1.664145,1.729068,11,11
2009893397361_Node0_Node8_Zero,"[0, 1, 2, 3, 4, 5, 6, 7, 8]",2009.893397,2009.893687,0.016059,8,0,2343.0,"0.007984960936825752,0.0053220512539897905,0.007710857978957999,0.0053220512539897905,0.008156845097914882,0.005676317853352623,0.005835330684045513,0.005676317853352623",0.006461,1.664145,1.77492,11,11
2009901593524_Node0_Node8_Zero,"[0, 1, 2, 3, 4, 5, 6, 7, 8]",2009.901594,2009.901824,0.015778,8,0,2343.0,"0.005676317853352623,0.008160314738245817,0.007536217500007501,0.007766510855474949,0.007622597889807369,0.0053220512539897905,0.0058237056008517895,0.005839035262293165",0.006718,1.664145,1.8258,11,11
2009909787074_Node0_Node8_Zero,"[0, 1, 2, 3, 4, 5, 6, 7, 8]",2009.909787,2009.909937,0.016218,8,0,2343.0,"0.007085908989688362,0.0053220512539897905,0.0053220512539897905,0.006739117651441124,0.007683605247506666,0.005649606254424371,0.005568069725769537,0.005568069725769537",0.006117,1.664145,1.741072,11,11
2009917985118_Node0_Node8_Zero,"[0, 1, 2, 3, 4, 5, 6, 7, 8]",2009.917985,2009.918195,0.016258,8,0,2343.0,"0.006731507716804623,0.006306125141108773,0.00639888353811529,0.006401718069164108,0.0057701394503650635,0.005741823518907809,0.0053220512539897905,0.005617847644143593",0.006036,1.664145,1.756637,11,11
2009926183277_Node0_Node8_Zero,"[0, 1, 2, 3, 4, 5, 6, 7, 8]",2009.926183,2009.926433,0.016238,8,0,2343.0,"0.0053220512539897905,0.0053220512539897905,0.006351615186633207,0.006351615186633207,0.0053220512539897905,0.005676317853352623,0.0053220512539897905,0.0053220512539897905",0.005624,1.664145,1.664145,11,11
2009934379654_Node0_Node8_Zero,"[0, 1, 2, 3, 4, 5, 6, 7, 8]",2009.93438,2009.93453,0.016518,8,0,2343.0,"0.006388978889059543,0.0053220512539897905,0.0053220512539897905,0.00636081937263016,0.00574733874492315,0.0053220512539897905,0.005676317853352623,0.0053220512539897905",0.005683,1.664145,1.664145,11,11
2009942579840_Node0_Node8_Zero,"[0, 1, 2, 3, 4, 5, 6, 7, 8]",2009.94258,2009.94277,0.016378,8,0,2343.0,"0.0053220512539897905,0.0053220512539897905,0.0053220512539897905,0.006306125141108773,0.005676317853352623,0.005676317853352623,0.005676317853352623,0.0053220512539897905",0.005578,1.664145,1.664145,11,11
2009950778911_Node0_Node8_Zero,"[0, 1, 2, 3, 4, 5, 6, 7, 8]",2009.950779,2009.951049,0.016138,8,0,2343.0,"0.0053220512539897905,0.0053220512539897905,0.0053220512539897905,0.006306125141108773,0.005676317853352623,0.005676317853352623,0.005676317853352623,0.005741823518907809",0.00563,1.664145,1.795403,11,11
2009958973242_Node0_Node8_Zero,"[0, 1, 2, 3, 4, 5, 6, 7, 8]",2009.958973,2009.959043,0.015938,8,0,2343.0,"0.0053220512539897905,0.0053220512539897905,0.0053220512539897905,0.0053220512539897905,0.005676317853352623,0.005676317853352623,0.005676317853352623,0.005676317853352623",0.005499,1.664145,1.77492,11,11
2009967167461_Node0_Node8_Zero,"[0, 1, 2, 3, 4, 5, 6, 7, 8]",2009.967167,2009.967517,0.016779,8,0,2343.0,"0.0053220512539897905,0.007683605247506666,0.006739117651441124,0.007683605247506666,0.007710857978957999,0.005568069725769537,0.005677235511062345,0.00563357539132472",0.006502,1.664145,1.761555,11,11
2009975362387_Node0_Node8_Zero,"[0, 1, 2, 3, 4, 5, 6, 7, 8]",2009.975362,2009.975652,0.0182,8,1,2343.0,"0.006371630806663957,0.006371630806663957,0.006371630806663957,0.006371630806663957,0.005746183955940023,0.005746183955940023,0.0056165878525663415,0.0056165878525663415",0.006027,1.243055,1.756243,11,11
2009983561899_Node0_Node8_Zero,"[0, 1, 2, 3, 4, 5, 6, 7, 8]",2009.983562,2009.983612,0.01664,8,1,2343.0,"0.0053220512539897905,0.0053220512539897905,0.0053220512539897905,0.006363727511722688,0.005676317853352623,0.005676317853352623,0.005676317853352623,0.0057456578667896205",0.005638,1.664145,1.796602,11,11
2009991758110_Node0_Node8_Zero,"[0, 1, 2, 3, 4, 5, 6, 7, 8]",2009.991758,2009.992048,0.016478,8,0,2343.0,"0.007972880641178738,0.007712672078829242,0.007712672078829242,0.007658755401967045,0.00818947658015162,0.005835451441054722,0.005835451441054722,0.0053220512539897905",0.00703,1.664145,1.664145,11,11
2009999958111_Node0_Node8_Zero,"[0, 1, 2, 3, 4, 5, 6, 7, 8]",2009.999958,2010.000148,0.018479,8,1,2343.0,"0.006998751445660819,0.0053220512539897905,0.0053220512539897905,0.0053220512539897905,0.005787928742971359,0.005676317853352623,0.005568069725769537,0.0053220512539897905",0.005665,1.014606,1.664145,11,11
2010008153471_Node0_Node8_Zero,"[0, 1, 2, 3, 4, 5, 6, 7, 8]",2010.008153,2010.008443,0.016726,8,1,2343.0,"0.008773971348056086,0.0053220512539897905,0.005875592815494218,0.006234623788302965,0.005875592815494218,0.0053220512539897905,0.0053220512539897905,0.006534163822723584",0.006158,1.664145,2.043159,11,11
