Packet ID,Enqueue Time (in s),Dequeue Time (in s),Dropped?,Drop Reason,Freezes,Tx INTF,Rx INTF
2000010932556_Node0_Node8_Zero,2000.029241,2000.072116,1,RetryLimit,264,0,nan
2000016395391_Node0_Node8_Zero,2000.029241,2000.072116,1,RetryLimit,264,0,nan
2000021860571_Node0_Node8_Zero,2000.029241,2000.072116,1,RetryLimit,264,0,nan
2000027327671_Node0_Node8_Zero,2000.033949,2000.07502,0,,232,7.572525408e-13,0
2000032790189_Node0_Node8_Zero,2000.034859,2000.07502,0,,199,7.572525408e-13,0
2000038255339_Node0_Node8_Zero,2000.039189,2000.07502,0,,166,7.572525408e-13,0
2000043720606_Node0_Node8_Zero,2000.044654,2000.07891,0,,133,7.572525408e-13,0
2000049184669_Node0_Node8_Zero,2000.050158,2000.07891,0,,100,7.572525408e-13,0
2000054648621_Node0_Node8_Zero,2000.055462,2000.07891,0,,67,7.572525408e-13,0
2000060114925_Node0_Node8_Zero,2000.061008,2000.083614,0,,67,7.572525408e-13,0
2000065576062_Node0_Node8_Zero,2000.066489,2000.083614,0,,34,7.572525408e-13,0
2000071035968_Node0_Node8_Zero,2000.072869,2000.083614,0,,33,7.572525408e-13,0
2000076497018_Node0_Node8_Zero,2000.081637,2000.084384,0,,1,7.572525408e-13,0
2000081962785_Node0_Node8_Zero,2000.085265,2000.086156,0,,0,7.572525408e-13,0
2000087428530_Node0_Node8_Zero,2000.089446,2000.090277,0,,0,7.572525408e-13,0
2000092895539_Node0_Node8_Zero,2000.095003,2000.095954,0,,0,7.572525408e-13,0
2000098360103_Node0_Node8_Zero,2000.100159,2000.10117,0,,0,7.572525408e-13,0
2000103822903_Node0_Node8_Zero,2000.104716,2000.105668,0,,0,7.572525408e-13,0
2000109286556_Node0_Node8_Zero,2000.11008,2000.111111,0,,0,7.572525408e-13,0
2000114750685_Node0_Node8_Zero,2000.115624,2000.116555,0,,0,7.572525408e-13,0
2000120215287_Node0_Node8_Zero,2000.120909,2000.12188,0,,0,7.572525408e-13,0
2000125679131_Node0_Node8_Zero,2000.126633,2000.127484,0,,0,7.572525408e-13,0
2000131140782_Node0_Node8_Zero,2000.131954,2000.132765,0,,0,7.572525408e-13,0
2000136601683_Node0_Node8_Zero,2000.137515,2000.138346,0,,0,7.572525408e-13,0
2000142068212_Node0_Node8_Zero,2000.143002,2000.143933,0,,0,7.572525408e-13,0
2000147533025_Node0_Node8_Zero,2000.148266,2000.149138,0,,0,7.572525408e-13,0
2000152994551_Node0_Node8_Zero,2000.153808,2000.154859,0,,0,7.572525408e-13,0
2000158458969_Node0_Node8_Zero,2000.159294,2000.160126,0,,0,7.572525408e-13,0
2000163919374_Node0_Node8_Zero,2000.164873,2000.167656,0,,89,7.572525408e-13,0
2000169388853_Node0_Node8_Zero,2000.170448,2000.175213,0,,89,7.572525408e-13,0
2000174851816_Node0_Node8_Zero,2000.181746,2000.182557,0,,0,7.572525408e-13,0
2000180317902_Node0_Node8_Zero,2000.183248,2000.187909,0,,6,7.572525408e-13,0
2000185785805_Node0_Node8_Zero,2000.194082,2000.194894,0,,0,7.572525408e-13,0
2000191253972_Node0_Node8_Zero,2000.19978,2000.201251,0,,0,7.572525408e-13,0
2000196720091_Node0_Node8_Zero,2000.19978,2000.201251,0,,0,7.572525408e-13,0
2000202185885_Node0_Node8_Zero,2000.203478,2000.204289,0,,0,7.572525408e-13,0
2000207648705_Node0_Node8_Zero,2000.208382,2000.209413,0,,0,7.572525408e-13,0
2000213110343_Node0_Node8_Zero,2000.213864,2000.214735,0,,0,7.572525408e-13,0
2000218574767_Node0_Node8_Zero,2000.219781,2000.220853,0,,0,7.572525408e-13,0
2000224038670_Node0_Node8_Zero,2000.224732,2000.225643,0,,0,7.572525408e-13,0
2000229505825_Node0_Node8_Zero,2000.230379,2000.231311,0,,0,7.572525408e-13,0
2000234968961_Node0_Node8_Zero,2000.235962,2000.236774,0,,0,7.572525408e-13,0
2000240430792_Node0_Node8_Zero,2000.241184,2000.242055,0,,0,7.572525408e-13,0
2000245895392_Node0_Node8_Zero,2000.246689,2000.24778,0,,0,7.572525408e-13,0
2000251361463_Node0_Node8_Zero,2000.253821,2000.254792,0,,0,7.572525408e-13,0
2000256830929_Node0_Node8_Zero,2000.257584,2000.258676,0,,0,7.572525408e-13,0
2000262299024_Node0_Node8_Zero,2000.263586,2000.264417,0,,0,7.572525408e-13,0
2000267762589_Node0_Node8_Zero,2000.270169,2000.27104,0,,0,7.572525408e-13,0
2000273230330_Node0_Node8_Zero,2000.274666,2000.281296,0,,0,7.572525408e-13,0
2000278692083_Node0_Node8_Zero,2000.281958,2000.282769,0,,0,7.572525408e-13,0
2000284159723_Node0_Node8_Zero,2000.289934,2000.290766,0,,0,7.572525408e-13,0
2000289628059_Node0_Node8_Zero,2000.299657,2000.302945,0,,0,7.572525408e-13,0
2000295087762_Node0_Node8_Zero,2000.299657,2000.302945,0,,0,7.572525408e-13,0
2000300553425_Node0_Node8_Zero,2000.303661,2000.307822,0,,61,7.572525408e-13,0
2000306022211_Node0_Node8_Zero,2000.30854,2000.309412,0,,0,7.572525408e-13,0
2000311491684_Node0_Node8_Zero,2000.313107,2000.313919,0,,0,7.572525408e-13,0
2000316952100_Node0_Node8_Zero,2000.318114,2000.319165,0,,0,7.572525408e-13,0
2000322414828_Node0_Node8_Zero,2000.323228,2000.32406,0,,0,7.572525408e-13,0
2000327883584_Node0_Node8_Zero,2000.328597,2000.329468,0,,0,7.572525408e-13,0
2000333343386_Node0_Node8_Zero,2000.334157,2000.335028,0,,0,7.572525408e-13,0
2000338804145_Node0_Node8_Zero,2000.339718,2000.340589,0,,0,7.572525408e-13,0
2000344265785_Node0_Node8_Zero,2000.345219,2000.34619,0,,0,7.572525408e-13,0
2000349730066_Node0_Node8_Zero,2000.350644,2000.351595,0,,0,7.572525408e-13,0
2000355198181_Node0_Node8_Zero,2000.356172,2000.357243,0,,0,7.572525408e-13,0
2000360665380_Node0_Node8_Zero,2000.361419,2000.36225,0,,0,7.572525408e-13,0
2000366125281_Node0_Node8_Zero,2000.366819,2000.36767,0,,0,7.572525408e-13,0
2000371592237_Node0_Node8_Zero,2000.372306,2000.373157,0,,0,7.572525408e-13,0
2000377060254_Node0_Node8_Zero,2000.377894,2000.379005,0,,0,7.572525408e-13,0
2000382523242_Node0_Node8_Zero,2000.383337,2000.384428,0,,0,7.572525408e-13,0
2000387989803_Node0_Node8_Zero,2000.388883,2000.389774,0,,0,7.572525408e-13,0
2000393453916_Node0_Node8_Zero,2000.394447,2000.395339,0,,0,7.572525408e-13,0
2000398920460_Node0_Node8_Zero,2000.399774,2000.400665,0,,0,7.572525408e-13,0
2000404389396_Node0_Node8_Zero,2000.40722,2001.263956,1,RetryLimit,7819,0,nan
2000409854175_Node0_Node8_Zero,2000.419168,2001.290292,1,RetryLimit,7819,0,nan
2000415321146_Node0_Node8_Zero,2000.420385,2000.70413,1,RetryLimit,7156,0,nan
2000426256457_Node0_Node8_Zero,2000.427661,2000.70413,1,RetryLimit,6880,0,nan
2000431719701_Node0_Node8_Zero,2000.433074,2000.776851,1,RetryLimit,6692,0,nan
2000437180690_Node0_Node8_Zero,2000.44332,2000.776851,1,RetryLimit,6597,0,nan
2000442647929_Node0_Node8_Zero,2000.447456,2001.501281,1,RetryLimit,7214,0,nan
2000448110895_Node0_Node8_Zero,2000.461993,2001.551195,1,RetryLimit,7214,0,nan
2000420788469_Node0_Node8_Zero,2000.520552,2001.093786,1,RetryLimit,7078,0,nan
2000486367594_Node0_Node8_Zero,2000.5494,2005.902762,1,Expiry,31468,1.1489755990671003e-12,nan
2000491836841_Node0_Node8_Zero,2000.5494,2005.902762,1,Expiry,31468,1.1489755990671003e-12,nan
2000497300508_Node0_Node8_Zero,2000.5618,2000.992603,1,RetryLimit,5557,0,nan
2000464502378_Node0_Node8_Zero,2000.565807,2000.992603,1,RetryLimit,5468,0,nan
2000508228493_Node0_Node8_Zero,2000.575037,2000.94046,1,RetryLimit,5202,1.04925114e-12,nan
2000513688491_Node0_Node8_Zero,2000.575037,2000.94046,1,RetryLimit,5202,1.04925114e-12,nan
2000519157176_Node0_Node8_Zero,2000.577294,2004.158632,1,Expiry,10824,0,nan
2000524624369_Node0_Node8_Zero,2000.577294,2004.158632,1,Expiry,10824,0,nan
2000530086669_Node0_Node8_Zero,2000.579231,2001.319044,1,RetryLimit,5202,0,nan
2000535548626_Node0_Node8_Zero,2000.579231,2001.319044,1,RetryLimit,5202,0,nan
2000546480413_Node0_Node8_Zero,2000.583471,2000.94747,1,RetryLimit,4847,0,nan
2000551947525_Node0_Node8_Zero,2000.589598,2000.94747,1,RetryLimit,4580,0,nan
2000557411747_Node0_Node8_Zero,2000.589598,2000.94747,1,RetryLimit,4580,0,nan
2000573802992_Node0_Node8_Zero,2000.598843,2000.842965,0,,4184,7.572525408e-13,0
2000579265931_Node0_Node8_Zero,2000.598843,2000.842965,0,,4184,7.572525408e-13,0
2000568341952_Node0_Node8_Zero,2000.603229,2000.842965,0,,4007,7.572525408e-13,0
2000584731619_Node0_Node8_Zero,2000.605158,2000.851549,0,,3918,7.572525408e-13,0
2000590198749_Node0_Node8_Zero,2000.605158,2000.851549,0,,3918,7.572525408e-13,0
2000541015721_Node0_Node8_Zero,2000.620518,2000.851549,0,,3339,7.572525408e-13,0
2000606590118_Node0_Node8_Zero,2000.633626,2000.859054,0,,2865,7.572525408e-13,0
2000595663017_Node0_Node8_Zero,2000.635727,2000.859054,0,,2776,7.572525408e-13,0
2000601129959_Node0_Node8_Zero,2000.635727,2000.859054,0,,2776,7.572525408e-13,0
2000612056150_Node0_Node8_Zero,2000.639112,2000.864718,0,,2640,7.572525408e-13,0
2000622978242_Node0_Node8_Zero,2000.643211,2000.864718,0,,2462,7.572525408e-13,0
2000628444610_Node0_Node8_Zero,2000.643211,2000.864718,0,,2462,7.572525408e-13,0
2000633912149_Node0_Node8_Zero,2000.647225,2000.866655,0,,2284,7.572525408e-13,0
2000644844306_Node0_Node8_Zero,2000.651952,2000.866655,0,,2102,7.572525408e-13,0
2000639378399_Node0_Node8_Zero,2000.654034,2000.866655,0,,2013,7.572525408e-13,0
2000650307892_Node0_Node8_Zero,2000.657393,2000.868702,0,,1877,7.572525408e-13,0
2000655768423_Node0_Node8_Zero,2000.659732,2000.868702,0,,1783,7.572525408e-13,0
2000661231867_Node0_Node8_Zero,2000.669883,2000.868702,0,,1459,7.572525408e-13,0
2000666700882_Node0_Node8_Zero,2000.68141,2000.872713,0,,1177,7.572525408e-13,0
2000672165864_Node0_Node8_Zero,2000.683412,2000.872713,0,,1088,7.572525408e-13,0
2000677625792_Node0_Node8_Zero,2000.683412,2000.872713,0,,1088,7.572525408e-13,0
2000683094608_Node0_Node8_Zero,2000.684629,2000.8748,0,,1041,7.572525408e-13,0
2000688561944_Node0_Node8_Zero,2000.690632,2000.8748,0,,811,7.572525408e-13,0
2000562874580_Node0_Node8_Zero,2000.728392,2000.8748,0,,439,7.572525408e-13,0
2000617518674_Node0_Node8_Zero,2000.736083,2000.876807,0,,439,7.572525408e-13,0
2000502768830_Node0_Node8_Zero,2000.745565,2000.876807,0,,439,7.572525408e-13,0
2000469971731_Node0_Node8_Zero,2000.750968,2000.876807,0,,439,7.572525408e-13,0
2000480901971_Node0_Node8_Zero,2000.789279,2000.878854,0,,308,7.572525408e-13,0
2000694026260_Node0_Node8_Zero,2000.820692,2000.878854,0,,307,7.572525408e-13,0
2000699495407_Node0_Node8_Zero,2000.822934,2000.878854,0,,307,7.572525408e-13,0
2000704960880_Node0_Node8_Zero,2000.822934,2000.879901,0,,307,7.572525408e-13,0
2000475440064_Node0_Node8_Zero,2000.912475,2001.149103,1,RetryLimit,178,0,nan
2000453573608_Node0_Node8_Zero,2001.07982,2001.585352,1,RetryLimit,178,0,nan
2000459037135_Node0_Node8_Zero,2001.07982,2001.585352,1,RetryLimit,178,0,nan
2000710426707_Node0_Node8_Zero,2001.763882,2001.765153,0,,0,7.572525408e-13,0
2000715888311_Node0_Node8_Zero,2001.763882,2001.765153,0,,0,7.572525408e-13,0
2000743213511_Node0_Node8_Zero,2001.815762,2001.817834,0,,0,7.572525408e-13,0
2000748673201_Node0_Node8_Zero,2001.815762,2001.817834,0,,0,7.572525408e-13,0
2000754138053_Node0_Node8_Zero,2001.815762,2001.817834,0,,0,7.572525408e-13,0
2000759598165_Node0_Node8_Zero,2001.815762,2001.817834,0,,0,7.572525408e-13,0
2000765058078_Node0_Node8_Zero,2001.827275,2001.829426,0,,0,7.572525408e-13,0
2000770520691_Node0_Node8_Zero,2001.827275,2001.829426,0,,0,7.572525408e-13,0
2000775983908_Node0_Node8_Zero,2001.827275,2001.829426,0,,0,7.572525408e-13,0
2000781444670_Node0_Node8_Zero,2001.827275,2001.829426,0,,0,7.572525408e-13,0
2000786912797_Node0_Node8_Zero,2001.841301,2001.843492,0,,0,7.572525408e-13,0
2000792376734_Node0_Node8_Zero,2001.841301,2001.843492,0,,0,7.572525408e-13,0
2000797838161_Node0_Node8_Zero,2001.841301,2001.843492,0,,0,7.572525408e-13,0
2000803300683_Node0_Node8_Zero,2001.841301,2001.843492,0,,0,7.572525408e-13,0
2000808769679_Node0_Node8_Zero,2001.864374,2001.866526,0,,0,7.572525408e-13,0
2000814237557_Node0_Node8_Zero,2001.864374,2001.866526,0,,0,7.572525408e-13,0
2000819697644_Node0_Node8_Zero,2001.864374,2001.866526,0,,0,7.572525408e-13,0
2000825162508_Node0_Node8_Zero,2001.864374,2001.866526,0,,0,7.572525408e-13,0
2000830623990_Node0_Node8_Zero,2001.870965,2001.872996,0,,0,7.572525408e-13,0
2000836089597_Node0_Node8_Zero,2001.870965,2001.872996,0,,0,7.572525408e-13,0
2000841552619_Node0_Node8_Zero,2001.870965,2001.872996,0,,0,7.572525408e-13,0
2000847019908_Node0_Node8_Zero,2001.870965,2001.872996,0,,0,7.572525408e-13,0
2000852487343_Node0_Node8_Zero,2001.877479,2001.87947,0,,0,7.572525408e-13,0
2000857948965_Node0_Node8_Zero,2001.877479,2001.87947,0,,0,7.572525408e-13,0
2000863416792_Node0_Node8_Zero,2001.877479,2001.87947,0,,0,7.572525408e-13,0
2000868880141_Node0_Node8_Zero,2001.877479,2001.87947,0,,0,7.572525408e-13,0
2000874347393_Node0_Node8_Zero,2001.883993,2001.886124,0,,0,7.572525408e-13,0
2000879813229_Node0_Node8_Zero,2001.883993,2001.886124,0,,0,7.572525408e-13,0
2000885274933_Node0_Node8_Zero,2001.883993,2001.886124,0,,0,7.572525408e-13,0
2000890742242_Node0_Node8_Zero,2001.883993,2001.886124,0,,0,7.572525408e-13,0
2000896210550_Node0_Node8_Zero,2001.890646,2001.892698,0,,0,7.572525408e-13,0
2000901670048_Node0_Node8_Zero,2001.890646,2001.892698,0,,0,7.572525408e-13,0
2000907136077_Node0_Node8_Zero,2001.890646,2001.892698,0,,0,7.572525408e-13,0
2000912604839_Node0_Node8_Zero,2001.890646,2001.892698,0,,0,7.572525408e-13,0
2000918066208_Node0_Node8_Zero,2001.89728,2001.899251,0,,0,7.572525408e-13,0
2000923526579_Node0_Node8_Zero,2001.89728,2001.899251,0,,0,7.572525408e-13,0
2000928994574_Node0_Node8_Zero,2001.89728,2001.899251,0,,0,7.572525408e-13,0
2000934457970_Node0_Node8_Zero,2001.89728,2001.899251,0,,0,7.572525408e-13,0
2000939920618_Node0_Node8_Zero,2001.903734,2001.905745,0,,0,7.572525408e-13,0
2000945388562_Node0_Node8_Zero,2001.903734,2001.905745,0,,0,7.572525408e-13,0
2000950848371_Node0_Node8_Zero,2001.903734,2001.905745,0,,0,7.572525408e-13,0
2000956312243_Node0_Node8_Zero,2001.903734,2001.905745,0,,0,7.572525408e-13,0
2000961780324_Node0_Node8_Zero,2001.910208,2001.912379,0,,0,7.572525408e-13,0
2000967246754_Node0_Node8_Zero,2001.910208,2001.912379,0,,0,7.572525408e-13,0
2000972711834_Node0_Node8_Zero,2001.910208,2001.912379,0,,0,7.572525408e-13,0
2000978180290_Node0_Node8_Zero,2001.910208,2001.912379,0,,0,7.572525408e-13,0
2000983646376_Node0_Node8_Zero,2001.919208,2001.92118,0,,0,7.572525408e-13,0
2000989108761_Node0_Node8_Zero,2001.919208,2001.92118,0,,0,7.572525408e-13,0
2000994574882_Node0_Node8_Zero,2001.919208,2001.92118,0,,0,7.572525408e-13,0
2001000036187_Node0_Node8_Zero,2001.919208,2001.92118,0,,0,7.572525408e-13,0
2001005505445_Node0_Node8_Zero,2001.925592,2001.929548,0,,89,7.572525408e-13,0
2001010972883_Node0_Node8_Zero,2001.925592,2001.929548,0,,89,7.572525408e-13,0
2001016437043_Node0_Node8_Zero,2001.925592,2001.929548,0,,89,7.572525408e-13,0
2001021900859_Node0_Node8_Zero,2001.925592,2001.929548,0,,89,7.572525408e-13,0
2001027365321_Node0_Node8_Zero,2001.927549,2001.934117,0,,90,7.572525408e-13,0
2001032827541_Node0_Node8_Zero,2001.927549,2001.934117,0,,90,7.572525408e-13,0
2001038289066_Node0_Node8_Zero,2001.927549,2001.934117,0,,90,7.572525408e-13,0
2001043755484_Node0_Node8_Zero,2001.927549,2001.934117,0,,90,7.572525408e-13,0
2001049217016_Node0_Node8_Zero,2001.93854,2001.942556,0,,89,7.572525408e-13,0
2001054682215_Node0_Node8_Zero,2001.93854,2001.942556,0,,89,7.572525408e-13,0
2001060147329_Node0_Node8_Zero,2001.93854,2001.942556,0,,89,7.572525408e-13,0
2001065613633_Node0_Node8_Zero,2001.93854,2001.942556,0,,89,7.572525408e-13,0
2001071075103_Node0_Node8_Zero,2001.940536,2001.949029,0,,179,7.572525408e-13,0
2001076534922_Node0_Node8_Zero,2001.940536,2001.949029,0,,179,7.572525408e-13,0
2001082001904_Node0_Node8_Zero,2001.940536,2001.949029,0,,179,7.572525408e-13,0
2001087465439_Node0_Node8_Zero,2001.940536,2001.949029,0,,179,7.572525408e-13,0
2001092931176_Node0_Node8_Zero,2001.94693,2001.953458,0,,90,7.572525408e-13,0
2001098399463_Node0_Node8_Zero,2001.94693,2001.953458,0,,90,7.572525408e-13,0
2001103860984_Node0_Node8_Zero,2001.94693,2001.953458,0,,90,7.572525408e-13,0
2001109324282_Node0_Node8_Zero,2001.94693,2001.953458,0,,90,7.572525408e-13,0
2001114784835_Node0_Node8_Zero,2001.957981,2001.959992,0,,0,7.572525408e-13,0
2001120253884_Node0_Node8_Zero,2001.957981,2001.959992,0,,0,7.572525408e-13,0
2001125715563_Node0_Node8_Zero,2001.957981,2001.959992,0,,0,7.572525408e-13,0
2001131178498_Node0_Node8_Zero,2001.957981,2001.959992,0,,0,7.572525408e-13,0
2001136642855_Node0_Node8_Zero,2001.964455,2001.968531,0,,89,7.572525408e-13,0
2001142110491_Node0_Node8_Zero,2001.964455,2001.968531,0,,89,7.572525408e-13,0
2001147576788_Node0_Node8_Zero,2001.964455,2001.968531,0,,89,7.572525408e-13,0
2001153036920_Node0_Node8_Zero,2001.964455,2001.968531,0,,89,7.572525408e-13,0
2001158499487_Node0_Node8_Zero,2001.966512,2001.970441,0,,1,7.572525408e-13,0
2001163967743_Node0_Node8_Zero,2001.966512,2001.970441,0,,1,7.572525408e-13,0
2001169433121_Node0_Node8_Zero,2001.966512,2001.970441,0,,1,7.572525408e-13,0
2001174894539_Node0_Node8_Zero,2001.966512,2001.970441,0,,1,7.572525408e-13,0
2001180359235_Node0_Node8_Zero,2001.9769,2001.978972,0,,0,7.572525408e-13,0
2001185827971_Node0_Node8_Zero,2001.9769,2001.978972,0,,0,7.572525408e-13,0
2001191296766_Node0_Node8_Zero,2001.9769,2001.978972,0,,0,7.572525408e-13,0
2001196757843_Node0_Node8_Zero,2001.9769,2001.978972,0,,0,7.572525408e-13,0
2001202225485_Node0_Node8_Zero,2001.983574,2001.98759,0,,89,7.572525408e-13,0
2001207692469_Node0_Node8_Zero,2001.983574,2001.98759,0,,89,7.572525408e-13,0
2001213158405_Node0_Node8_Zero,2001.983574,2001.98759,0,,89,7.572525408e-13,0
2001218624338_Node0_Node8_Zero,2001.983574,2001.98759,0,,89,7.572525408e-13,0
2001224088812_Node0_Node8_Zero,2001.985631,2001.98962,0,,1,7.572525408e-13,0
2001229556624_Node0_Node8_Zero,2001.985631,2001.98962,0,,1,7.572525408e-13,0
2001235018750_Node0_Node8_Zero,2001.985631,2001.98962,0,,1,7.572525408e-13,0
2001240478368_Node0_Node8_Zero,2001.985631,2001.98962,0,,1,7.572525408e-13,0
2001245942664_Node0_Node8_Zero,2001.9963,2001.998291,0,,0,7.572525408e-13,0
2001251405375_Node0_Node8_Zero,2001.9963,2001.998291,0,,0,7.572525408e-13,0
2001256870185_Node0_Node8_Zero,2001.9963,2001.998291,0,,0,7.572525408e-13,0
2001262336511_Node0_Node8_Zero,2001.9963,2001.998291,0,,0,7.572525408e-13,0
2001267804842_Node0_Node8_Zero,2002.002833,2002.004925,0,,0,7.572525408e-13,0
2001273268660_Node0_Node8_Zero,2002.002833,2002.004925,0,,0,7.572525408e-13,0
2001278737895_Node0_Node8_Zero,2002.002833,2002.004925,0,,0,7.572525408e-13,0
2001284198336_Node0_Node8_Zero,2002.002833,2002.004925,0,,0,7.572525408e-13,0
2001289666394_Node0_Node8_Zero,2002.009367,2002.013463,0,,89,7.572525408e-13,0
2001295127831_Node0_Node8_Zero,2002.009367,2002.013463,0,,89,7.572525408e-13,0
2001300595681_Node0_Node8_Zero,2002.009367,2002.013463,0,,89,7.572525408e-13,0
2001306062666_Node0_Node8_Zero,2002.009367,2002.013463,0,,89,7.572525408e-13,0
2001311525337_Node0_Node8_Zero,2002.011324,2002.019857,0,,179,7.572525408e-13,0
2001316990881_Node0_Node8_Zero,2002.011324,2002.019857,0,,179,7.572525408e-13,0
2001322458791_Node0_Node8_Zero,2002.011324,2002.019857,0,,179,7.572525408e-13,0
2001327927024_Node0_Node8_Zero,2002.011324,2002.019857,0,,179,7.572525408e-13,0
2001333392851_Node0_Node8_Zero,2002.017898,2002.024426,0,,90,7.572525408e-13,0
2001338857827_Node0_Node8_Zero,2002.017898,2002.024426,0,,90,7.572525408e-13,0
2001344327029_Node0_Node8_Zero,2002.017898,2002.024426,0,,90,7.572525408e-13,0
2001349786880_Node0_Node8_Zero,2002.017898,2002.024426,0,,90,7.572525408e-13,0
2001355252398_Node0_Node8_Zero,2002.02892,2002.031052,0,,0,7.572525408e-13,0
2001360719327_Node0_Node8_Zero,2002.02892,2002.031052,0,,0,7.572525408e-13,0
2001366182677_Node0_Node8_Zero,2002.02892,2002.031052,0,,0,7.572525408e-13,0
2001371650283_Node0_Node8_Zero,2002.02892,2002.031052,0,,0,7.572525408e-13,0
2001377110419_Node0_Node8_Zero,2002.035534,2002.03967,0,,89,7.572525408e-13,0
2001382574322_Node0_Node8_Zero,2002.035534,2002.03967,0,,89,7.572525408e-13,0
2001388039110_Node0_Node8_Zero,2002.035534,2002.03967,0,,89,7.572525408e-13,0
2001393506804_Node0_Node8_Zero,2002.035534,2002.03967,0,,89,7.572525408e-13,0
2001398975827_Node0_Node8_Zero,2002.037451,2002.04166,0,,1,7.572525408e-13,0
2001404438023_Node0_Node8_Zero,2002.037451,2002.04166,0,,1,7.572525408e-13,0
2001409899625_Node0_Node8_Zero,2002.037451,2002.04166,0,,1,7.572525408e-13,0
2001415363069_Node0_Node8_Zero,2002.037451,2002.04166,0,,1,7.572525408e-13,0
2001420825201_Node0_Node8_Zero,2002.04816,2002.05468,0,,95,7.572525408e-13,0
2001426285810_Node0_Node8_Zero,2002.04816,2002.05468,0,,95,7.572525408e-13,0
2001431753763_Node0_Node8_Zero,2002.04816,2002.05468,0,,95,7.572525408e-13,0
2001437216321_Node0_Node8_Zero,2002.04816,2002.05468,0,,95,7.572525408e-13,0
2001464538605_Node0_Node8_Zero,2002.052708,2002.08604,0,,1253,7.572525408e-13,0
2001470006124_Node0_Node8_Zero,2002.052708,2002.08604,0,,1253,7.572525408e-13,0
2001475473751_Node0_Node8_Zero,2002.052708,2002.08604,0,,1253,7.572525408e-13,0
2001480942669_Node0_Node8_Zero,2002.052708,2002.08604,0,,1253,7.572525408e-13,0
2001486407440_Node0_Node8_Zero,2002.142697,2002.146753,0,,89,7.572525408e-13,0
2001491876392_Node0_Node8_Zero,2002.142697,2002.146753,0,,89,7.572525408e-13,0
2001497341249_Node0_Node8_Zero,2002.142697,2002.146753,0,,89,7.572525408e-13,0
2001502810593_Node0_Node8_Zero,2002.142697,2002.146753,0,,89,7.572525408e-13,0
2001530141504_Node0_Node8_Zero,2002.144733,2002.153409,0,,183,7.572525408e-13,0
2001535606985_Node0_Node8_Zero,2002.144733,2002.153409,0,,183,7.572525408e-13,0
2001541070413_Node0_Node8_Zero,2002.144733,2002.153409,0,,183,7.572525408e-13,0
2001546534942_Node0_Node8_Zero,2002.144733,2002.153409,0,,183,7.572525408e-13,0
2001573855125_Node0_Node8_Zero,2002.159899,2002.16211,0,,0,7.572525408e-13,0
2001579321794_Node0_Node8_Zero,2002.159899,2002.16211,0,,0,7.572525408e-13,0
2001584782889_Node0_Node8_Zero,2002.159899,2002.16211,0,,0,7.572525408e-13,0
2001590246463_Node0_Node8_Zero,2002.159899,2002.16211,0,,0,7.572525408e-13,0
2001551998333_Node0_Node8_Zero,2002.17007,2002.172021,0,,0,7.572525408e-13,0
2001557462971_Node0_Node8_Zero,2002.17007,2002.172021,0,,0,7.572525408e-13,0
2001562923400_Node0_Node8_Zero,2002.17007,2002.172021,0,,0,7.572525408e-13,0
2001568391936_Node0_Node8_Zero,2002.17007,2002.172021,0,,0,7.572525408e-13,0
2001595706804_Node0_Node8_Zero,2002.179601,2002.181733,0,,0,7.572525408e-13,0
2001601171926_Node0_Node8_Zero,2002.179601,2002.181733,0,,0,7.572525408e-13,0
2001606639643_Node0_Node8_Zero,2002.179601,2002.181733,0,,0,7.572525408e-13,0
2001612103020_Node0_Node8_Zero,2002.179601,2002.181733,0,,0,7.572525408e-13,0
2001617562854_Node0_Node8_Zero,2002.188492,2002.190564,0,,0,7.572525408e-13,0
2001623023447_Node0_Node8_Zero,2002.188492,2002.190564,0,,0,7.572525408e-13,0
2001628487717_Node0_Node8_Zero,2002.188492,2002.190564,0,,0,7.572525408e-13,0
2001633948649_Node0_Node8_Zero,2002.188492,2002.190564,0,,0,7.572525408e-13,0
2001639416798_Node0_Node8_Zero,2002.197684,2002.199755,0,,0,7.572525408e-13,0
2001644878227_Node0_Node8_Zero,2002.197684,2002.199755,0,,0,7.572525408e-13,0
2001650342875_Node0_Node8_Zero,2002.197684,2002.199755,0,,0,7.572525408e-13,0
2001655809403_Node0_Node8_Zero,2002.197684,2002.199755,0,,0,7.572525408e-13,0
2001683134629_Node0_Node8_Zero,2002.206515,2002.210572,0,,89,7.572525408e-13,0
2001688594666_Node0_Node8_Zero,2002.206515,2002.210572,0,,89,7.572525408e-13,0
2001694062078_Node0_Node8_Zero,2002.206515,2002.210572,0,,89,7.572525408e-13,0
2001699522845_Node0_Node8_Zero,2002.206515,2002.210572,0,,89,7.572525408e-13,0
2001661276372_Node0_Node8_Zero,2002.208452,2002.212502,0,,1,7.572525408e-13,0
2001666740416_Node0_Node8_Zero,2002.208452,2002.212502,0,,1,7.572525408e-13,0
2001672207198_Node0_Node8_Zero,2002.208452,2002.212502,0,,1,7.572525408e-13,0
2001677674878_Node0_Node8_Zero,2002.208452,2002.212502,0,,1,7.572525408e-13,0
2001726851494_Node0_Node8_Zero,2002.223204,2002.22728,0,,89,7.572525408e-13,0
2001732320010_Node0_Node8_Zero,2002.223204,2002.22728,0,,89,7.572525408e-13,0
2001737785546_Node0_Node8_Zero,2002.223204,2002.22728,0,,89,7.572525408e-13,0
2001743253734_Node0_Node8_Zero,2002.223204,2002.22728,0,,89,7.572525408e-13,0
2001704992180_Node0_Node8_Zero,2002.225321,2002.22929,0,,1,7.572525408e-13,0
2001710461371_Node0_Node8_Zero,2002.225321,2002.22929,0,,1,7.572525408e-13,0
2001715921112_Node0_Node8_Zero,2002.225321,2002.22929,0,,1,7.572525408e-13,0
2001721389666_Node0_Node8_Zero,2002.225321,2002.22929,0,,1,7.572525408e-13,0
2001748719126_Node0_Node8_Zero,2002.240323,2002.242454,0,,0,7.572525408e-13,0
2001754183799_Node0_Node8_Zero,2002.240323,2002.242454,0,,0,7.572525408e-13,0
2001759652679_Node0_Node8_Zero,2002.240323,2002.242454,0,,0,7.572525408e-13,0
2001765121854_Node0_Node8_Zero,2002.240323,2002.242454,0,,0,7.572525408e-13,0
2001770589402_Node0_Node8_Zero,2002.248995,2002.251026,0,,0,7.572525408e-13,0
2001776050464_Node0_Node8_Zero,2002.248995,2002.251026,0,,0,7.572525408e-13,0
2001781515375_Node0_Node8_Zero,2002.248995,2002.251026,0,,0,7.572525408e-13,0
2001786975397_Node0_Node8_Zero,2002.248995,2002.251026,0,,0,7.572525408e-13,0
2001814287073_Node0_Node8_Zero,2002.257466,2002.259677,0,,0,7.572525408e-13,0
2001819754712_Node0_Node8_Zero,2002.257466,2002.259677,0,,0,7.572525408e-13,0
2001825217280_Node0_Node8_Zero,2002.257466,2002.259677,0,,0,7.572525408e-13,0
2001830679792_Node0_Node8_Zero,2002.257466,2002.259677,0,,0,7.572525408e-13,0
2001792435690_Node0_Node8_Zero,2002.266358,2002.272359,0,,178,7.572525408e-13,0
2001797897533_Node0_Node8_Zero,2002.266358,2002.272359,0,,178,7.572525408e-13,0
2001803361469_Node0_Node8_Zero,2002.266358,2002.272359,0,,178,7.572525408e-13,0
2001808826157_Node0_Node8_Zero,2002.266358,2002.272359,0,,178,7.572525408e-13,0
2001836148823_Node0_Node8_Zero,2002.268315,2002.278898,0,,274,7.572525408e-13,0
2001841608828_Node0_Node8_Zero,2002.268315,2002.278898,0,,274,7.572525408e-13,0
2001847068965_Node0_Node8_Zero,2002.268315,2002.278898,0,,274,7.572525408e-13,0
2001852536997_Node0_Node8_Zero,2002.268315,2002.278898,0,,274,7.572525408e-13,0
2001857998863_Node0_Node8_Zero,2002.270332,2002.280828,0,,185,7.572525408e-13,0
2001863465834_Node0_Node8_Zero,2002.270332,2002.280828,0,,185,7.572525408e-13,0
2001868930735_Node0_Node8_Zero,2002.270332,2002.280828,0,,185,7.572525408e-13,0
2001874398872_Node0_Node8_Zero,2002.270332,2002.280828,0,,185,7.572525408e-13,0
2001879862469_Node0_Node8_Zero,2002.292097,2002.296173,0,,89,7.572525408e-13,0
2001885322128_Node0_Node8_Zero,2002.292097,2002.296173,0,,89,7.572525408e-13,0
2001890783155_Node0_Node8_Zero,2002.292097,2002.296173,0,,89,7.572525408e-13,0
2001896250043_Node0_Node8_Zero,2002.292097,2002.296173,0,,89,7.572525408e-13,0
2001901717893_Node0_Node8_Zero,2002.294193,2002.302689,0,,183,7.572525408e-13,0
2001907179025_Node0_Node8_Zero,2002.294193,2002.302689,0,,183,7.572525408e-13,0
2001912647307_Node0_Node8_Zero,2002.294193,2002.302689,0,,183,7.572525408e-13,0
2001918114267_Node0_Node8_Zero,2002.294193,2002.302689,0,,183,7.572525408e-13,0
2001923576186_Node0_Node8_Zero,2002.310378,2002.31251,0,,0,7.572525408e-13,0
2001929035805_Node0_Node8_Zero,2002.310378,2002.31251,0,,0,7.572525408e-13,0
2001934501999_Node0_Node8_Zero,2002.310378,2002.31251,0,,0,7.572525408e-13,0
2001939970267_Node0_Node8_Zero,2002.310378,2002.31251,0,,0,7.572525408e-13,0
2001945438179_Node0_Node8_Zero,2002.319031,2002.321022,0,,0,7.572525408e-13,0
2001950904418_Node0_Node8_Zero,2002.319031,2002.321022,0,,0,7.572525408e-13,0
2001956373601_Node0_Node8_Zero,2002.319031,2002.321022,0,,0,7.572525408e-13,0
2001961833370_Node0_Node8_Zero,2002.319031,2002.321022,0,,0,7.572525408e-13,0
2001967293003_Node0_Node8_Zero,2002.327582,2002.329593,0,,0,7.572525408e-13,0
2001972752570_Node0_Node8_Zero,2002.327582,2002.329593,0,,0,7.572525408e-13,0
2001978214441_Node0_Node8_Zero,2002.327582,2002.329593,0,,0,7.572525408e-13,0
2001983683690_Node0_Node8_Zero,2002.327582,2002.329593,0,,0,7.572525408e-13,0
2002010998943_Node0_Node8_Zero,2002.336194,2002.338285,0,,0,7.572525408e-13,0
2002016465016_Node0_Node8_Zero,2002.336194,2002.338285,0,,0,7.572525408e-13,0
2002021928501_Node0_Node8_Zero,2002.336194,2002.338285,0,,0,7.572525408e-13,0
2002027391368_Node0_Node8_Zero,2002.336194,2002.338285,0,,0,7.572525408e-13,0
2001989149741_Node0_Node8_Zero,2002.344726,2002.346778,0,,0,7.572525408e-13,0
2001994617256_Node0_Node8_Zero,2002.344726,2002.346778,0,,0,7.572525408e-13,0
2002000077483_Node0_Node8_Zero,2002.344726,2002.346778,0,,0,7.572525408e-13,0
2002005537678_Node0_Node8_Zero,2002.344726,2002.346778,0,,0,7.572525408e-13,0
2002054721187_Node0_Node8_Zero,2002.353277,2002.355468,0,,0,7.572525408e-13,0
2002060190099_Node0_Node8_Zero,2002.353277,2002.355468,0,,0,7.572525408e-13,0
2002065658008_Node0_Node8_Zero,2002.353277,2002.355468,0,,0,7.572525408e-13,0
2002071124935_Node0_Node8_Zero,2002.353277,2002.355468,0,,0,7.572525408e-13,0
2002076586907_Node0_Node8_Zero,2002.362009,2002.36398,0,,0,7.572525408e-13,0
2002082048521_Node0_Node8_Zero,2002.362009,2002.36398,0,,0,7.572525408e-13,0
2002087512226_Node0_Node8_Zero,2002.362009,2002.36398,0,,0,7.572525408e-13,0
2002092981388_Node0_Node8_Zero,2002.362009,2002.36398,0,,0,7.572525408e-13,0
2002032860735_Node0_Node8_Zero,2002.370801,2002.372773,0,,0,7.572525408e-13,0
2002038324760_Node0_Node8_Zero,2002.370801,2002.372773,0,,0,7.572525408e-13,0
2002043790526_Node0_Node8_Zero,2002.370801,2002.372773,0,,0,7.572525408e-13,0
2002049259264_Node0_Node8_Zero,2002.370801,2002.372773,0,,0,7.572525408e-13,0
2002098449009_Node0_Node8_Zero,2002.379392,2002.385353,0,,178,7.572525408e-13,0
2002103910175_Node0_Node8_Zero,2002.379392,2002.385353,0,,178,7.572525408e-13,0
2002109379427_Node0_Node8_Zero,2002.379392,2002.385353,0,,178,7.572525408e-13,0
2002114845231_Node0_Node8_Zero,2002.379392,2002.385353,0,,178,7.572525408e-13,0
2002120308962_Node0_Node8_Zero,2002.381389,2002.387343,0,,90,7.572525408e-13,0
2002125769903_Node0_Node8_Zero,2002.381389,2002.387343,0,,90,7.572525408e-13,0
2002131229850_Node0_Node8_Zero,2002.381389,2002.387343,0,,90,7.572525408e-13,0
2002136691390_Node0_Node8_Zero,2002.381389,2002.387343,0,,90,7.572525408e-13,0
2002142159233_Node0_Node8_Zero,2002.383366,2002.398209,0,,365,7.572525408e-13,0
2002147618737_Node0_Node8_Zero,2002.383366,2002.398209,0,,365,7.572525408e-13,0
2002153081846_Node0_Node8_Zero,2002.383366,2002.398209,0,,365,7.572525408e-13,0
2002158541531_Node0_Node8_Zero,2002.383366,2002.398209,0,,365,7.572525408e-13,0
2002164006133_Node0_Node8_Zero,2002.405264,2002.407375,0,,0,7.572525408e-13,0
2002169474586_Node0_Node8_Zero,2002.405264,2002.407375,0,,0,7.572525408e-13,0
2002174942364_Node0_Node8_Zero,2002.405264,2002.407375,0,,0,7.572525408e-13,0
2002180404502_Node0_Node8_Zero,2002.405264,2002.407375,0,,0,7.572525408e-13,0
2002185865757_Node0_Node8_Zero,2002.413895,2002.415866,0,,0,7.572525408e-13,0
2002191326076_Node0_Node8_Zero,2002.413895,2002.415866,0,,0,7.572525408e-13,0
2002196785926_Node0_Node8_Zero,2002.413895,2002.415866,0,,0,7.572525408e-13,0
2002202254060_Node0_Node8_Zero,2002.413895,2002.415866,0,,0,7.572525408e-13,0
2002207714877_Node0_Node8_Zero,2002.423006,2002.424977,0,,0,7.572525408e-13,0
2002213178436_Node0_Node8_Zero,2002.423006,2002.424977,0,,0,7.572525408e-13,0
2002218646678_Node0_Node8_Zero,2002.423006,2002.424977,0,,0,7.572525408e-13,0
2002224106195_Node0_Node8_Zero,2002.423006,2002.424977,0,,0,7.572525408e-13,0
2002229574519_Node0_Node8_Zero,2002.431737,2002.433708,0,,0,7.572525408e-13,0
2002235043598_Node0_Node8_Zero,2002.431737,2002.433708,0,,0,7.572525408e-13,0
2002240509992_Node0_Node8_Zero,2002.431737,2002.433708,0,,0,7.572525408e-13,0
2002245979165_Node0_Node8_Zero,2002.431737,2002.433708,0,,0,7.572525408e-13,0
2002273303307_Node0_Node8_Zero,2002.440529,2002.4425,0,,0,7.572525408e-13,0
2002278766069_Node0_Node8_Zero,2002.440529,2002.4425,0,,0,7.572525408e-13,0
2002284233529_Node0_Node8_Zero,2002.440529,2002.4425,0,,0,7.572525408e-13,0
2002289700488_Node0_Node8_Zero,2002.440529,2002.4425,0,,0,7.572525408e-13,0
2002295169640_Node0_Node8_Zero,2002.448761,2002.450892,0,,0,7.572525408e-13,0
2002300632812_Node0_Node8_Zero,2002.448761,2002.450892,0,,0,7.572525408e-13,0
2002306102140_Node0_Node8_Zero,2002.448761,2002.450892,0,,0,7.572525408e-13,0
2002311568997_Node0_Node8_Zero,2002.448761,2002.450892,0,,0,7.572525408e-13,0
2002317036068_Node0_Node8_Zero,2002.457533,2002.459624,0,,0,7.572525408e-13,0
2002322499653_Node0_Node8_Zero,2002.457533,2002.459624,0,,0,7.572525408e-13,0
2002327959999_Node0_Node8_Zero,2002.457533,2002.459624,0,,0,7.572525408e-13,0
2002333426824_Node0_Node8_Zero,2002.457533,2002.459624,0,,0,7.572525408e-13,0
2002251448512_Node0_Node8_Zero,2002.467065,2002.471081,0,,89,7.572525408e-13,0
2002256912723_Node0_Node8_Zero,2002.467065,2002.471081,0,,89,7.572525408e-13,0
2002262379728_Node0_Node8_Zero,2002.467065,2002.471081,0,,89,7.572525408e-13,0
2002267843199_Node0_Node8_Zero,2002.467065,2002.471081,0,,89,7.572525408e-13,0
2002338894318_Node0_Node8_Zero,2002.469022,2002.473151,0,,1,7.572525408e-13,0
2002344354784_Node0_Node8_Zero,2002.469022,2002.473151,0,,1,7.572525408e-13,0
2002349814369_Node0_Node8_Zero,2002.469022,2002.473151,0,,1,7.572525408e-13,0
2002355275887_Node0_Node8_Zero,2002.469022,2002.473151,0,,1,7.572525408e-13,0
2002382604304_Node0_Node8_Zero,2002.483633,2002.485805,0,,0,7.572525408e-13,0
2002388064117_Node0_Node8_Zero,2002.483633,2002.485805,0,,0,7.572525408e-13,0
2002393529440_Node0_Node8_Zero,2002.483633,2002.485805,0,,0,7.572525408e-13,0
2002398994545_Node0_Node8_Zero,2002.483633,2002.485805,0,,0,7.572525408e-13,0
2002360744960_Node0_Node8_Zero,2002.493985,2002.495996,0,,0,7.572525408e-13,0
2002366210834_Node0_Node8_Zero,2002.493985,2002.495996,0,,0,7.572525408e-13,0
2002371670564_Node0_Node8_Zero,2002.493985,2002.495996,0,,0,7.572525408e-13,0
2002377139198_Node0_Node8_Zero,2002.493985,2002.495996,0,,0,7.572525408e-13,0
2002404458224_Node0_Node8_Zero,2002.503156,2002.505107,0,,0,7.572525408e-13,0
2002409921177_Node0_Node8_Zero,2002.503156,2002.505107,0,,0,7.572525408e-13,0
2002415384457_Node0_Node8_Zero,2002.503156,2002.505107,0,,0,7.572525408e-13,0
2002420850677_Node0_Node8_Zero,2002.503156,2002.505107,0,,0,7.572525408e-13,0
2002426310487_Node0_Node8_Zero,2002.512407,2002.514638,0,,0,7.572525408e-13,0
2002431771024_Node0_Node8_Zero,2002.512407,2002.514638,0,,0,7.572525408e-13,0
2002437235029_Node0_Node8_Zero,2002.512407,2002.514638,0,,0,7.572525408e-13,0
2002442698045_Node0_Node8_Zero,2002.512407,2002.514638,0,,0,7.572525408e-13,0
2002448161717_Node0_Node8_Zero,2002.521638,2002.523769,0,,0,7.572525408e-13,0
2002453624056_Node0_Node8_Zero,2002.521638,2002.523769,0,,0,7.572525408e-13,0
2002459085327_Node0_Node8_Zero,2002.521638,2002.523769,0,,0,7.572525408e-13,0
2002464545214_Node0_Node8_Zero,2002.521638,2002.523769,0,,0,7.572525408e-13,0
2002470006764_Node0_Node8_Zero,2002.530749,2002.534605,0,,89,7.572525408e-13,0
2002475471673_Node0_Node8_Zero,2002.530749,2002.534605,0,,89,7.572525408e-13,0
2002480932869_Node0_Node8_Zero,2002.530749,2002.534605,0,,89,7.572525408e-13,0
2002486400480_Node0_Node8_Zero,2002.530749,2002.534605,0,,89,7.572525408e-13,0
2002491868318_Node0_Node8_Zero,2002.532646,2002.536695,0,,1,7.572525408e-13,0
2002497335176_Node0_Node8_Zero,2002.532646,2002.536695,0,,1,7.572525408e-13,0
2002502797412_Node0_Node8_Zero,2002.532646,2002.536695,0,,1,7.572525408e-13,0
2002508262793_Node0_Node8_Zero,2002.532646,2002.536695,0,,1,7.572525408e-13,0
2002513728613_Node0_Node8_Zero,2002.547158,2002.549289,0,,0,7.572525408e-13,0
2002519197190_Node0_Node8_Zero,2002.547158,2002.549289,0,,0,7.572525408e-13,0
2002524664383_Node0_Node8_Zero,2002.547158,2002.549289,0,,0,7.572525408e-13,0
2002530126464_Node0_Node8_Zero,2002.547158,2002.549289,0,,0,7.572525408e-13,0
2002546520018_Node0_Node8_Zero,2002.55507,2002.556441,0,,0,7.572525408e-13,0
2002551989219_Node0_Node8_Zero,2002.55507,2002.556441,0,,0,7.572525408e-13,0
2002557454506_Node0_Node8_Zero,2002.560162,2002.561093,0,,0,7.572525408e-13,0
2002535594472_Node0_Node8_Zero,2002.563984,2002.565236,0,,0,7.572525408e-13,0
2002541056551_Node0_Node8_Zero,2002.563984,2002.565236,0,,0,7.572525408e-13,0
2002562915834_Node0_Node8_Zero,2002.56847,2002.570066,0,,26,7.572525408e-13,0
2002568380412_Node0_Node8_Zero,2002.569287,2002.572341,0,,53,7.572525408e-13,0
2002573841228_Node0_Node8_Zero,2002.574734,2002.575565,0,,0,7.572525408e-13,0
2002579305999_Node0_Node8_Zero,2002.579959,2002.580731,0,,0,7.572525408e-13,0
2002584773515_Node0_Node8_Zero,2002.585507,2002.586478,0,,0,7.572525408e-13,0
2002590236623_Node0_Node8_Zero,2002.59097,2002.591901,0,,0,7.572525408e-13,0
2002595696279_Node0_Node8_Zero,2002.59645,2002.597221,0,,0,7.572525408e-13,0
2002601164514_Node0_Node8_Zero,2002.601878,2002.602869,0,,0,7.572525408e-13,0
2002606633417_Node0_Node8_Zero,2002.607347,2002.608038,0,,0,7.572525408e-13,0
2002612096192_Node0_Node8_Zero,2002.61267,2002.613661,0,,0,7.572525408e-13,0
2002617562003_Node0_Node8_Zero,2002.618415,2002.619287,0,,0,7.572525408e-13,0
2002623024244_Node0_Node8_Zero,2002.623718,2002.624549,0,,0,7.572525408e-13,0
2002628484341_Node0_Node8_Zero,2002.629238,2002.630209,0,,0,7.572525408e-13,0
2002633953363_Node0_Node8_Zero,2002.634787,2002.635618,0,,0,7.572525408e-13,0
2002639413609_Node0_Node8_Zero,2002.639987,2002.640698,0,,0,7.572525408e-13,0
2002644881848_Node0_Node8_Zero,2002.645535,2002.646367,0,,0,7.572525408e-13,0
2002650344480_Node0_Node8_Zero,2002.651078,2002.651929,0,,0,7.572525408e-13,0
2002655810423_Node0_Node8_Zero,2002.656504,2002.657435,0,,0,7.572525408e-13,0
2002661275527_Node0_Node8_Zero,2002.662129,2002.6631,0,,0,7.572525408e-13,0
2002666740691_Node0_Node8_Zero,2002.667494,2002.668425,0,,0,7.572525408e-13,0
2002672207744_Node0_Node8_Zero,2002.672841,2002.673692,0,,0,7.572525408e-13,0
2002677674837_Node0_Node8_Zero,2002.678368,2002.67916,0,,0,7.572525408e-13,0
2002683136799_Node0_Node8_Zero,2002.68377,2002.684701,0,,0,7.572525408e-13,0
2002688598776_Node0_Node8_Zero,2002.689452,2002.690443,0,,0,7.572525408e-13,0
2002694066586_Node0_Node8_Zero,2002.69488,2002.695711,0,,0,7.572525408e-13,0
2002699535781_Node0_Node8_Zero,2002.700329,2002.70118,0,,0,7.572525408e-13,0
2002705001802_Node0_Node8_Zero,2002.705735,2002.706666,0,,0,7.572525408e-13,0
2002710469710_Node0_Node8_Zero,2002.711263,2002.712174,0,,0,7.572525408e-13,0
2002715939049_Node0_Node8_Zero,2002.716612,2002.717564,0,,0,7.572525408e-13,0
2002721405185_Node0_Node8_Zero,2002.722259,2002.72295,0,,0,7.572525408e-13,0
2002726870199_Node0_Node8_Zero,2002.727564,2002.728435,0,,0,7.572525408e-13,0
2002732335994_Node0_Node8_Zero,2002.732989,2002.733701,0,,0,7.572525408e-13,0
2002737799353_Node0_Node8_Zero,2002.738453,2002.739184,0,,0,7.572525408e-13,0
2002743263876_Node0_Node8_Zero,2002.743917,2002.744869,0,,0,7.572525408e-13,0
2002748724968_Node0_Node8_Zero,2002.749478,2002.75029,0,,0,7.572525408e-13,0
2002754187923_Node0_Node8_Zero,2002.754981,2002.755973,0,,0,7.572525408e-13,0
2002759656711_Node0_Node8_Zero,2002.76025,2002.760981,0,,0,7.572525408e-13,0
2002765117544_Node0_Node8_Zero,2002.765791,2002.766602,0,,0,7.572525408e-13,0
2002770581944_Node0_Node8_Zero,2002.771195,2002.771907,0,,0,7.572525408e-13,0
2002776049759_Node0_Node8_Zero,2002.776643,2002.777414,0,,0,7.572525408e-13,0
2002781516011_Node0_Node8_Zero,2002.782309,2002.783201,0,,0,7.572525408e-13,0
2002786982387_Node0_Node8_Zero,2002.787636,2002.788387,0,,0,7.572525408e-13,0
2002792447833_Node0_Node8_Zero,2002.793041,2002.793893,0,,0,7.572525408e-13,0
2002797907742_Node0_Node8_Zero,2002.798581,2002.799552,0,,0,7.572525408e-13,0
2002803377053_Node0_Node8_Zero,2002.80435,2002.805332,0,,0,7.572525408e-13,0
2002808837572_Node0_Node8_Zero,2002.809711,2002.810592,0,,0,7.572525408e-13,0
2002814306650_Node0_Node8_Zero,2002.81524,2002.815941,0,,0,7.572525408e-13,0
2002819771010_Node0_Node8_Zero,2002.820664,2002.821486,0,,0,7.572525408e-13,0
2002825239266_Node0_Node8_Zero,2002.826113,2002.826854,0,,0,7.572525408e-13,0
2002830701694_Node0_Node8_Zero,2002.831415,2002.832296,0,,0,7.572525408e-13,0
2002836164611_Node0_Node8_Zero,2002.837118,2002.837799,0,,0,7.572525408e-13,0
2002841631662_Node0_Node8_Zero,2002.842465,2002.843326,0,,0,7.572525408e-13,0
2002847094546_Node0_Node8_Zero,2002.847828,2002.848709,0,,0,7.572525408e-13,0
2002852554046_Node0_Node8_Zero,2002.853307,2002.853989,0,,0,7.572525408e-13,0
2002858018024_Node0_Node8_Zero,2002.858851,2002.859813,0,,0,7.572525408e-13,0
2002863484981_Node0_Node8_Zero,2002.864318,2002.86514,0,,0,7.572525408e-13,0
2002868947172_Node0_Node8_Zero,2002.869881,2002.870582,0,,0,7.572525408e-13,0
2002874412066_Node0_Node8_Zero,2002.875386,2002.876207,0,,0,7.572525408e-13,0
2002879873701_Node0_Node8_Zero,2002.880747,2002.881728,0,,0,7.572525408e-13,0
2002885334318_Node0_Node8_Zero,2002.886228,2002.886949,0,,0,7.572525408e-13,0
2002890802945_Node0_Node8_Zero,2002.891736,2002.892418,0,,0,7.572525408e-13,0
2002896272189_Node0_Node8_Zero,2002.897106,2002.898047,0,,0,7.572525408e-13,0
2002901736622_Node0_Node8_Zero,2002.90251,2002.903411,0,,0,7.572525408e-13,0
2002907197771_Node0_Node8_Zero,2002.908111,2002.909052,0,,0,7.572525408e-13,0
2002912659561_Node0_Node8_Zero,2002.913573,2002.914294,0,,0,7.572525408e-13,0
2002918128809_Node0_Node8_Zero,2002.919082,2002.919763,0,,0,7.572525408e-13,0
2002923588503_Node0_Node8_Zero,2002.924462,2002.925203,0,,0,7.572525408e-13,0
2002929048757_Node0_Node8_Zero,2002.929862,2002.930563,0,,0,7.572525408e-13,0
2002934515298_Node0_Node8_Zero,2002.935389,2002.93617,0,,0,7.572525408e-13,0
2002939983444_Node0_Node8_Zero,2002.940737,2002.941718,0,,0,7.572525408e-13,0
2002945444384_Node0_Node8_Zero,2002.946198,2002.947099,0,,0,7.572525408e-13,0
2002950910822_Node0_Node8_Zero,2002.951704,2002.952386,0,,0,7.572525408e-13,0
2002956377810_Node0_Node8_Zero,2002.957131,2002.957892,0,,0,7.572525408e-13,0
2002961842757_Node0_Node8_Zero,2002.962556,2002.963257,0,,0,7.572525408e-13,0
2002967307211_Node0_Node8_Zero,2002.968181,2002.969042,0,,0,7.572525408e-13,0
2002972773798_Node0_Node8_Zero,2002.973567,2002.974488,0,,0,7.572525408e-13,0
2002978238507_Node0_Node8_Zero,2002.978952,2002.979753,0,,0,7.572525408e-13,0
2002983699009_Node0_Node8_Zero,2002.984512,2002.985434,0,,0,7.572525408e-13,0
2002989165293_Node0_Node8_Zero,2002.990159,2002.99104,0,,0,7.572525408e-13,0
2002994626732_Node0_Node8_Zero,2002.9956,2002.996421,0,,0,7.572525408e-13,0
2003000090908_Node0_Node8_Zero,2003.000884,2003.001806,0,,0,7.572525408e-13,0
2003005553928_Node0_Node8_Zero,2003.006527,2003.007249,0,,0,7.572525408e-13,0
2003011013465_Node0_Node8_Zero,2003.011767,2003.012748,0,,0,7.572525408e-13,0
2003016474212_Node0_Node8_Zero,2003.017328,2003.018169,0,,0,7.572525408e-13,0
2003021935256_Node0_Node8_Zero,2003.022769,2003.02363,0,,0,7.572525408e-13,0
2003027396692_Node0_Node8_Zero,2003.02829,2003.029231,0,,0,7.572525408e-13,0
2003032856598_Node0_Node8_Zero,2003.03373,2003.034451,0,,0,7.572525408e-13,0
2003038324136_Node0_Node8_Zero,2003.039218,2003.040039,0,,0,7.572525408e-13,0
2003043787746_Node0_Node8_Zero,2003.044741,2003.045482,0,,0,7.572525408e-13,0
2003049250095_Node0_Node8_Zero,2003.050204,2003.051085,0,,0,7.572525408e-13,0
2003054719474_Node0_Node8_Zero,2003.055473,2003.056154,0,,0,7.572525408e-13,0
2003060188293_Node0_Node8_Zero,2003.061042,2003.061923,0,,0,7.572525408e-13,0
2003065655122_Node0_Node8_Zero,2003.066549,2003.06743,0,,0,7.572525408e-13,0
2003071115487_Node0_Node8_Zero,2003.072029,2003.07283,0,,0,7.572525408e-13,0
2003076582570_Node0_Node8_Zero,2003.077376,2003.078337,0,,0,7.572525408e-13,0
2003082048786_Node0_Node8_Zero,2003.082842,2003.083643,0,,0,7.572525408e-13,0
2003087513354_Node0_Node8_Zero,2003.088467,2003.089188,0,,0,7.572525408e-13,0
2003092975748_Node0_Node8_Zero,2003.093829,2003.09473,0,,0,7.572525408e-13,0
2003098443762_Node0_Node8_Zero,2003.099197,2003.099878,0,,0,7.572525408e-13,0
2003103911692_Node0_Node8_Zero,2003.104665,2003.105346,0,,0,7.572525408e-13,0
2003109377328_Node0_Node8_Zero,2003.110331,2003.111112,0,,0,7.572525408e-13,0
2003114839423_Node0_Node8_Zero,2003.115813,2003.116574,0,,0,7.572525408e-13,0
2003120304966_Node0_Node8_Zero,2003.121038,2003.12172,0,,0,7.572525408e-13,0
2003125765820_Node0_Node8_Zero,2003.126579,2003.127401,0,,0,7.572525408e-13,0
2003131226076_Node0_Node8_Zero,2003.13212,2003.133081,0,,0,7.572525408e-13,0
2003136695104_Node0_Node8_Zero,2003.137509,2003.13831,0,,0,7.572525408e-13,0
2003142164348_Node0_Node8_Zero,2003.142898,2003.143839,0,,0,7.572525408e-13,0
2003147632041_Node0_Node8_Zero,2003.148565,2003.149547,0,,0,7.572525408e-13,0
2003153093130_Node0_Node8_Zero,2003.154027,2003.154828,0,,0,7.572525408e-13,0
2003158562567_Node0_Node8_Zero,2003.159336,2003.160037,0,,0,7.572525408e-13,0
2003164023551_Node0_Node8_Zero,2003.164877,2003.165818,0,,0,7.572525408e-13,0
2003169484044_Node0_Node8_Zero,2003.170477,2003.171179,0,,0,7.572525408e-13,0
2003174951453_Node0_Node8_Zero,2003.175685,2003.176546,0,,0,7.572525408e-13,0
2003180417450_Node0_Node8_Zero,2003.181411,2003.182172,0,,0,7.572525408e-13,0
2003185882387_Node0_Node8_Zero,2003.186776,2003.187577,0,,0,7.572525408e-13,0
2003191345964_Node0_Node8_Zero,2003.192079,2003.193001,0,,0,7.572525408e-13,0
2003196808828_Node0_Node8_Zero,2003.197742,2003.198524,0,,0,7.572525408e-13,0
2003202270086_Node0_Node8_Zero,2003.203304,2003.204015,0,,0,7.572525408e-13,0
2003207732039_Node0_Node8_Zero,2003.209614,2003.210565,0,,0,7.572525408e-13,0
2003213200920_Node0_Node8_Zero,2003.215486,2003.216377,0,,0,7.572525408e-13,0
2003218667145_Node0_Node8_Zero,2003.228032,2003.228744,0,,0,7.572525408e-13,0
2003224127082_Node0_Node8_Zero,2003.238865,2003.241622,0,,89,7.572525408e-13,0
2003229588035_Node0_Node8_Zero,2003.240947,2003.242732,0,,1,7.572525408e-13,0
2003235049205_Node0_Node8_Zero,2003.240947,2003.242732,0,,1,7.572525408e-13,0
2003245973158_Node0_Node8_Zero,2003.249311,2003.250242,0,,0,7.572525408e-13,0
2003251438090_Node0_Node8_Zero,2003.257299,2003.25805,0,,0,7.572525408e-13,0
2003240512036_Node0_Node8_Zero,2003.266573,2003.267404,0,,0,7.572525408e-13,0
2003256898987_Node0_Node8_Zero,2003.296993,2003.301534,0,,178,7.572525408e-13,0
2003262359802_Node0_Node8_Zero,2003.298875,2003.304159,0,,116,7.572525408e-13,0
2003267826745_Node0_Node8_Zero,2003.298875,2003.304159,0,,116,7.572525408e-13,0
2003273292830_Node0_Node8_Zero,2003.300797,2003.304159,0,,27,7.572525408e-13,0
2003278756424_Node0_Node8_Zero,2003.300797,2003.304159,0,,27,7.572525408e-13,0
2003284220149_Node0_Node8_Zero,2003.311219,2003.31253,0,,0,7.572525408e-13,0
2003289681966_Node0_Node8_Zero,2003.311219,2003.31253,0,,0,7.572525408e-13,0
2003311528013_Node0_Node8_Zero,2003.321495,2003.322886,0,,0,7.572525408e-13,0
2003316987864_Node0_Node8_Zero,2003.321495,2003.322886,0,,0,7.572525408e-13,0
2003306068390_Node0_Node8_Zero,2003.327132,2003.328043,0,,0,7.572525408e-13,0
2003295142401_Node0_Node8_Zero,2003.352422,2003.353693,0,,0,7.572525408e-13,0
2003300603048_Node0_Node8_Zero,2003.352422,2003.353693,0,,0,7.572525408e-13,0
2003322448535_Node0_Node8_Zero,2003.424618,2003.425309,0,,0,7.572525408e-13,0
2003327916764_Node0_Node8_Zero,2003.464175,2003.465366,0,,0,7.572525408e-13,0
2003333379189_Node0_Node8_Zero,2003.464175,2003.465366,0,,0,7.572525408e-13,0
2003349769813_Node0_Node8_Zero,2003.471806,2003.472937,0,,0,7.572525408e-13,0
2003355237740_Node0_Node8_Zero,2003.471806,2003.472937,0,,0,7.572525408e-13,0
2003338839295_Node0_Node8_Zero,2003.480235,2003.485314,0,,178,7.572525408e-13,0
2003344302164_Node0_Node8_Zero,2003.480235,2003.485314,0,,178,7.572525408e-13,0
2003360697244_Node0_Node8_Zero,2003.482058,2003.487224,0,,90,7.572525408e-13,0
2003366157714_Node0_Node8_Zero,2003.482058,2003.487224,0,,90,7.572525408e-13,0
2003371623563_Node0_Node8_Zero,2003.484121,2003.487224,0,,1,7.572525408e-13,0
2003377090252_Node0_Node8_Zero,2003.484121,2003.487224,0,,1,7.572525408e-13,0
2003382558715_Node0_Node8_Zero,2003.500548,2003.50164,0,,0,7.572525408e-13,0
2003388020983_Node0_Node8_Zero,2003.500548,2003.50164,0,,0,7.572525408e-13,0
2003393484876_Node0_Node8_Zero,2003.509058,2003.510329,0,,0,7.572525408e-13,0
2003398945234_Node0_Node8_Zero,2003.509058,2003.510329,0,,0,7.572525408e-13,0
2003404407758_Node0_Node8_Zero,2003.541737,2003.543128,0,,0,7.572525408e-13,0
2003409873305_Node0_Node8_Zero,2003.541737,2003.543128,0,,0,7.572525408e-13,0
2003415340752_Node0_Node8_Zero,2003.565119,2003.57016,0,,178,7.572525408e-13,0
2003420804787_Node0_Node8_Zero,2003.565119,2003.57016,0,,178,7.572525408e-13,0
2003426271387_Node0_Node8_Zero,2003.569059,2003.574703,0,,123,7.572525408e-13,0
2003431737708_Node0_Node8_Zero,2003.569059,2003.574703,0,,123,7.572525408e-13,0
2003437198160_Node0_Node8_Zero,2003.579911,2003.581102,0,,0,7.572525408e-13,0
2003442658779_Node0_Node8_Zero,2003.579911,2003.581102,0,,0,7.572525408e-13,0
2003459061994_Node0_Node8_Zero,2003.585783,2003.587114,0,,0,7.572525408e-13,0
2003464525019_Node0_Node8_Zero,2003.585783,2003.587114,0,,0,7.572525408e-13,0
2003448125773_Node0_Node8_Zero,2003.592764,2003.5959,0,,89,7.572525408e-13,0
2003453592978_Node0_Node8_Zero,2003.592764,2003.5959,0,,89,7.572525408e-13,0
2003469993641_Node0_Node8_Zero,2003.594641,2003.598408,0,,48,7.572525408e-13,0
2003475461963_Node0_Node8_Zero,2003.594641,2003.598408,0,,48,7.572525408e-13,0
2003497320535_Node0_Node8_Zero,2003.608875,2003.609536,0,,0,7.572525408e-13,0
2003502782705_Node0_Node8_Zero,2003.615886,2003.616547,0,,0,7.572525408e-13,0
2003513706715_Node0_Node8_Zero,2003.621311,2003.622052,0,,0,7.572525408e-13,0
2003519168526_Node0_Node8_Zero,2003.626956,2003.627897,0,,0,7.572525408e-13,0
2003508243164_Node0_Node8_Zero,2003.636243,2003.640953,0,,0,7.572525408e-13,0
2003524634921_Node0_Node8_Zero,2003.640102,2003.641643,0,,0,7.572525408e-13,0
2003480926758_Node0_Node8_Zero,2003.64776,2003.648971,0,,0,7.572525408e-13,0
2003486392032_Node0_Node8_Zero,2003.64776,2003.648971,0,,0,7.572525408e-13,0
2003491857023_Node0_Node8_Zero,2003.655792,2003.656573,0,,0,7.572525408e-13,0
2003530103443_Node0_Node8_Zero,2003.736412,2003.740947,0,,0,7.572525408e-13,0
2003535563159_Node0_Node8_Zero,2003.738271,2003.742327,0,,33,7.572525408e-13,0
2003546497584_Node0_Node8_Zero,2003.747087,2003.749863,0,,0,7.572525408e-13,0
2003551959635_Node0_Node8_Zero,2003.756921,2003.757722,0,,0,7.572525408e-13,0
2003541028941_Node0_Node8_Zero,2003.7662,2003.767141,0,,0,7.572525408e-13,0
2003557419413_Node0_Node8_Zero,2003.77319,2003.773951,0,,0,7.572525408e-13,0
2003562884809_Node0_Node8_Zero,2003.777793,2003.778594,0,,0,7.572525408e-13,0
2003568354107_Node0_Node8_Zero,2003.84956,2003.850501,0,,0,7.572525408e-13,0
2003573821008_Node0_Node8_Zero,2003.858866,2003.869046,0,,0,7.572525408e-13,0
2003579282785_Node0_Node8_Zero,2003.860846,2003.871705,0,,33,7.572525408e-13,0
2003584743215_Node0_Node8_Zero,2003.862725,2003.871705,0,,33,7.572525408e-13,0
2003590206179_Node0_Node8_Zero,2003.864585,2003.871705,0,,33,7.572525408e-13,0
2003595672245_Node0_Node8_Zero,2003.868364,2003.871705,0,,33,7.572525408e-13,0
2003601141315_Node0_Node8_Zero,2003.882571,2003.883532,0,,0,7.572525408e-13,0
2003617536495_Node0_Node8_Zero,2003.897196,2003.901827,0,,0,7.572525408e-13,0
2003623004765_Node0_Node8_Zero,2003.899076,2003.902457,0,,0,7.572525408e-13,0
2003633932889_Node0_Node8_Zero,2003.907889,2003.910566,0,,0,7.572525408e-13,0
2003628465315_Node0_Node8_Zero,2003.915573,2003.916494,0,,0,7.572525408e-13,0
2003612069383_Node0_Node8_Zero,2003.920141,2003.920862,0,,0,7.572525408e-13,0
2003606601013_Node0_Node8_Zero,2003.934741,2003.935583,0,,0,7.572525408e-13,0
2003644860821_Node0_Node8_Zero,2003.990402,2004.002496,0,,0,7.572525408e-13,0
2003650320945_Node0_Node8_Zero,2003.992261,2004.007349,0,,127,7.572525408e-13,0
2003655785448_Node0_Node8_Zero,2003.994161,2004.007349,0,,127,7.572525408e-13,0
2003661246311_Node0_Node8_Zero,2003.998008,2004.007349,0,,127,7.572525408e-13,0
2003666712783_Node0_Node8_Zero,2003.999887,2004.007349,0,,127,7.572525408e-13,0
2003677642526_Node0_Node8_Zero,2004.035491,2004.036233,0,,0,7.572525408e-13,0
2003639395266_Node0_Node8_Zero,2004.108648,2004.109529,0,,0,7.572525408e-13,0
2003672174226_Node0_Node8_Zero,2004.11298,2004.113842,0,,0,7.572525408e-13,0
2003683104644_Node0_Node8_Zero,2004.122574,2004.125034,0,,49,7.572525408e-13,0
2003694037002_Node0_Node8_Zero,2004.608232,2005.245533,1,RetryLimit,18932,1.04925114e-12,nan
2003688571756_Node0_Node8_Zero,2004.610934,2005.666257,0,,18933,7.572525408e-13,0
2003699496905_Node0_Node8_Zero,2004.613073,2005.666257,0,,18933,7.572525408e-13,0
2003704964129_Node0_Node8_Zero,2004.614973,2005.666257,0,,18933,7.572525408e-13,0
2003710431341_Node0_Node8_Zero,2004.619875,2005.666257,0,,18933,7.572525408e-13,0
2003715900701_Node0_Node8_Zero,2004.623981,2005.668307,0,,18933,7.572525408e-13,0
2003721362523_Node0_Node8_Zero,2004.626021,2005.668307,0,,18933,7.572525408e-13,0
2003726823784_Node0_Node8_Zero,2004.628803,2005.668307,0,,18933,7.572525408e-13,0
2003732291290_Node0_Node8_Zero,2004.630743,2005.668307,0,,18933,7.572525408e-13,0
2003737757911_Node0_Node8_Zero,2004.642882,2005.673208,0,,19069,7.572525408e-13,0
2003743218210_Node0_Node8_Zero,2004.644842,2005.673208,0,,19069,7.572525408e-13,0
2003748687185_Node0_Node8_Zero,2004.648861,2005.673208,0,,19069,7.572525408e-13,0
2003754151562_Node0_Node8_Zero,2004.650901,2005.673208,0,,19069,7.572525408e-13,0
2003759618939_Node0_Node8_Zero,2004.6529,2005.675378,0,,19069,7.572525408e-13,0
2003765083314_Node0_Node8_Zero,2004.6549,2005.675378,0,,19069,7.572525408e-13,0
2003770543882_Node0_Node8_Zero,2004.6568,2005.675378,0,,19069,7.572525408e-13,0
2003776003773_Node0_Node8_Zero,2004.671833,2005.675378,0,,19069,7.572525408e-13,0
2003781468945_Node0_Node8_Zero,2004.673673,2005.68063,0,,19217,7.572525408e-13,0
2003786933438_Node0_Node8_Zero,2004.681859,2005.68063,0,,19217,7.572525408e-13,0
2003792401462_Node0_Node8_Zero,2004.686118,2005.68063,0,,19217,7.572525408e-13,0
2003797863562_Node0_Node8_Zero,2004.688238,2005.68063,0,,19217,7.572525408e-13,0
2003803323803_Node0_Node8_Zero,2004.690137,2005.68274,0,,19217,7.572525408e-13,0
2003808785295_Node0_Node8_Zero,2004.691977,2005.68274,0,,19217,7.572525408e-13,0
2003814252055_Node0_Node8_Zero,2004.693857,2005.68274,0,,19217,7.572525408e-13,0
2003819713120_Node0_Node8_Zero,2004.697696,2005.68274,0,,19217,7.572525408e-13,0
2003825178794_Node0_Node8_Zero,2004.703722,2005.690705,0,,19497,7.572525408e-13,0
2003830640371_Node0_Node8_Zero,2004.705782,2005.690705,0,,19497,7.572525408e-13,0
2003836100495_Node0_Node8_Zero,2004.707821,2005.690705,0,,19497,7.572525408e-13,0
2003841569724_Node0_Node8_Zero,2004.711881,2005.690705,0,,19497,7.572525408e-13,0
2003847030991_Node0_Node8_Zero,2004.71386,2005.692795,0,,19497,7.572525408e-13,0
2003852496470_Node0_Node8_Zero,2004.71594,2005.692795,0,,19497,7.572525408e-13,0
2003857963321_Node0_Node8_Zero,2004.718682,2005.692795,0,,19497,7.572525408e-13,0
2003863427930_Node0_Node8_Zero,2004.720702,2005.692795,0,,19497,7.572525408e-13,0
2003868888751_Node0_Node8_Zero,2004.722702,2005.694745,0,,19497,7.572525408e-13,0
2003874354652_Node0_Node8_Zero,2004.728906,2005.694745,0,,19497,7.572525408e-13,0
2003879823275_Node0_Node8_Zero,2004.740282,2005.694745,0,,19497,7.572525408e-13,0
2003885289733_Node0_Node8_Zero,2004.742181,2005.694745,0,,19497,7.572525408e-13,0
2003890750533_Node0_Node8_Zero,2004.744061,2005.696695,0,,19497,7.572525408e-13,0
2003896218678_Node0_Node8_Zero,2004.754174,2005.696695,0,,19497,7.572525408e-13,0
2003901681882_Node0_Node8_Zero,2004.756193,2005.696695,0,,19497,7.572525408e-13,0
2003907146556_Node0_Node8_Zero,2004.758133,2005.696695,0,,19497,7.572525408e-13,0
2003912612072_Node0_Node8_Zero,2004.760113,2005.698805,0,,19497,7.572525408e-13,0
2003918078457_Node0_Node8_Zero,2004.762112,2005.698805,0,,19497,7.572525408e-13,0
2003923537956_Node0_Node8_Zero,2004.764032,2005.698805,0,,19497,7.572525408e-13,0
2003929004328_Node0_Node8_Zero,2004.770038,2005.698805,0,,19497,7.572525408e-13,0
2003934468452_Node0_Node8_Zero,2004.771918,2005.705692,0,,19587,7.572525408e-13,0
2003939936612_Node0_Node8_Zero,2004.775957,2005.70266,0,,19587,7.572525408e-13,0
2003945397660_Node0_Node8_Zero,2004.780196,2005.70266,0,,19587,7.572525408e-13,0
2003950860644_Node0_Node8_Zero,2004.782216,2005.70266,0,,19587,7.572525408e-13,0
2003956326651_Node0_Node8_Zero,2004.784196,2005.70785,0,,19587,7.572525408e-13,0
2003961787643_Node0_Node8_Zero,2004.786095,2005.70785,0,,19587,7.572525408e-13,0
2003967251714_Node0_Node8_Zero,2004.789982,2005.70785,0,,19587,7.572525408e-13,0
2003972720476_Node0_Node8_Zero,2004.791941,2005.70785,0,,19587,7.572525408e-13,0
2003978181881_Node0_Node8_Zero,2004.793801,2005.71,0,,19587,7.572525408e-13,0
2003983642066_Node0_Node8_Zero,2004.79806,2005.71,0,,19587,7.572525408e-13,0
2003989102302_Node0_Node8_Zero,2004.80018,2005.71,0,,19587,7.572525408e-13,0
2003994564094_Node0_Node8_Zero,2004.80204,2005.71,0,,19587,7.572525408e-13,0
2004010959160_Node0_Node8_Zero,2004.805842,2005.71207,0,,19499,7.572525408e-13,0
2004016428522_Node0_Node8_Zero,2004.805842,2005.71207,0,,19499,7.572525408e-13,0
2004021894917_Node0_Node8_Zero,2004.809636,2005.71207,0,,19321,7.572525408e-13,0
2004027362577_Node0_Node8_Zero,2004.809636,2005.71207,0,,19321,7.572525408e-13,0
2004032828907_Node0_Node8_Zero,2004.817607,2005.71424,0,,19143,7.572525408e-13,0
2004038295301_Node0_Node8_Zero,2004.817607,2005.71424,0,,19143,7.572525408e-13,0
2004043755555_Node0_Node8_Zero,2004.81949,2005.71424,0,,19054,7.572525408e-13,0
2004049223226_Node0_Node8_Zero,2004.81949,2005.71424,0,,19054,7.572525408e-13,0
2004054689849_Node0_Node8_Zero,2004.821372,2005.71625,0,,18965,7.572525408e-13,0
2004060153927_Node0_Node8_Zero,2004.821372,2005.71625,0,,18965,7.572525408e-13,0
2004065615162_Node0_Node8_Zero,2004.823335,2005.71625,0,,18876,7.572525408e-13,0
2004071079658_Node0_Node8_Zero,2004.823335,2005.71625,0,,18876,7.572525408e-13,0
2004076547076_Node0_Node8_Zero,2004.825198,2005.71834,0,,18787,7.572525408e-13,0
2004082014573_Node0_Node8_Zero,2004.825198,2005.71834,0,,18787,7.572525408e-13,0
2004087479498_Node0_Node8_Zero,2004.829163,2005.71834,0,,18609,7.572525408e-13,0
2004092940466_Node0_Node8_Zero,2004.829163,2005.71834,0,,18609,7.572525408e-13,0
2004098403942_Node0_Node8_Zero,2004.833168,2005.72043,0,,18431,7.572525408e-13,0
2004103870133_Node0_Node8_Zero,2004.833168,2005.72043,0,,18431,7.572525408e-13,0
2004109336061_Node0_Node8_Zero,2004.83501,2005.72043,0,,18342,7.572525408e-13,0
2004114801667_Node0_Node8_Zero,2004.83501,2005.72043,0,,18342,7.572525408e-13,0
2004120270355_Node0_Node8_Zero,2004.836833,2005.72258,0,,18253,7.572525408e-13,0
2004125730853_Node0_Node8_Zero,2004.836833,2005.72258,0,,18253,7.572525408e-13,0
2004131196537_Node0_Node8_Zero,2004.840518,2005.72258,0,,18075,7.572525408e-13,0
2004136660624_Node0_Node8_Zero,2004.840518,2005.72258,0,,18075,7.572525408e-13,0
2004142123763_Node0_Node8_Zero,2004.844203,2005.72453,0,,17897,7.572525408e-13,0
2004147587348_Node0_Node8_Zero,2004.844203,2005.72453,0,,17897,7.572525408e-13,0
2004153047557_Node0_Node8_Zero,2004.846106,2005.72453,0,,17808,7.572525408e-13,0
2004158508451_Node0_Node8_Zero,2004.846106,2005.72453,0,,17808,7.572525408e-13,0
2004163975690_Node0_Node8_Zero,2004.856496,2005.72664,0,,17452,7.572525408e-13,0
2004169442514_Node0_Node8_Zero,2004.856496,2005.72664,0,,17452,7.572525408e-13,0
2004174907720_Node0_Node8_Zero,2004.858338,2005.72664,0,,17363,7.572525408e-13,0
2004180371121_Node0_Node8_Zero,2004.858338,2005.72664,0,,17363,7.572525408e-13,0
2004185837176_Node0_Node8_Zero,2004.86424,2005.72883,0,,17096,7.572525408e-13,0
2004191306475_Node0_Node8_Zero,2004.86424,2005.72883,0,,17096,7.572525408e-13,0
2004196771533_Node0_Node8_Zero,2004.866103,2005.72883,0,,17007,7.572525408e-13,0
2004202231199_Node0_Node8_Zero,2004.866103,2005.72883,0,,17007,7.572525408e-13,0
2004207691875_Node0_Node8_Zero,2004.868105,2005.73076,0,,16918,7.572525408e-13,0
2004213153941_Node0_Node8_Zero,2004.868105,2005.73076,0,,16918,7.572525408e-13,0
2004218614060_Node0_Node8_Zero,2004.870068,2005.73076,0,,16829,7.572525408e-13,0
2004224077850_Node0_Node8_Zero,2004.870068,2005.73076,0,,16829,7.572525408e-13,0
2004229543800_Node0_Node8_Zero,2004.87607,2005.73279,0,,16562,7.572525408e-13,0
2004235012797_Node0_Node8_Zero,2004.87607,2005.73279,0,,16562,7.572525408e-13,0
2004240478954_Node0_Node8_Zero,2004.878033,2005.73279,0,,16473,7.572525408e-13,0
2004245947018_Node0_Node8_Zero,2004.878033,2005.73279,0,,16473,7.572525408e-13,0
2004251411585_Node0_Node8_Zero,2004.881938,2005.73486,0,,16295,7.572525408e-13,0
2004256878809_Node0_Node8_Zero,2004.881938,2005.73486,0,,16295,7.572525408e-13,0
2004262347540_Node0_Node8_Zero,2004.887925,2005.73486,0,,16028,7.572525408e-13,0
2004267816300_Node0_Node8_Zero,2004.887925,2005.73486,0,,16028,7.572525408e-13,0
2004273284966_Node0_Node8_Zero,2004.889988,2005.73675,0,,15939,7.572525408e-13,0
2004278746217_Node0_Node8_Zero,2004.889988,2005.73675,0,,15939,7.572525408e-13,0
2004284207114_Node0_Node8_Zero,2004.89185,2005.73675,0,,15850,7.572525408e-13,0
2004289669038_Node0_Node8_Zero,2004.89185,2005.73675,0,,15850,7.572525408e-13,0
2004295136146_Node0_Node8_Zero,2004.897487,2005.73876,0,,15583,7.572525408e-13,0
2004300603801_Node0_Node8_Zero,2004.897487,2005.73876,0,,15583,7.572525408e-13,0
2004306067386_Node0_Node8_Zero,2004.899489,2005.73876,0,,15494,7.572525408e-13,0
2004311527949_Node0_Node8_Zero,2004.899489,2005.73876,0,,15494,7.572525408e-13,0
2004316996485_Node0_Node8_Zero,2004.903269,2005.74093,0,,15316,7.572525408e-13,0
2004322457993_Node0_Node8_Zero,2004.903269,2005.74093,0,,15316,7.572525408e-13,0
2004327926119_Node0_Node8_Zero,2004.907168,2005.74093,0,,15138,7.572525408e-13,0
2004333390885_Node0_Node8_Zero,2004.907168,2005.74093,0,,15138,7.572525408e-13,0
2004338851627_Node0_Node8_Zero,2004.909191,2005.743,0,,15049,7.572525408e-13,0
2004344319778_Node0_Node8_Zero,2004.909191,2005.743,0,,15049,7.572525408e-13,0
2004349783256_Node0_Node8_Zero,2004.913256,2005.743,0,,14871,7.572525408e-13,0
2004355249470_Node0_Node8_Zero,2004.913256,2005.743,0,,14871,7.572525408e-13,0
2004360713941_Node0_Node8_Zero,2004.915158,2005.74495,0,,14782,7.572525408e-13,0
2004366178955_Node0_Node8_Zero,2004.915158,2005.74495,0,,14782,7.572525408e-13,0
2004371641945_Node0_Node8_Zero,2004.919344,2005.74495,0,,14604,7.572525408e-13,0
2004377110118_Node0_Node8_Zero,2004.919344,2005.74495,0,,14604,7.572525408e-13,0
2004382579230_Node0_Node8_Zero,2004.921206,2005.74706,0,,14515,7.572525408e-13,0
2004388047329_Node0_Node8_Zero,2004.921206,2005.74706,0,,14515,7.572525408e-13,0
2004393513315_Node0_Node8_Zero,2004.925211,2005.74706,0,,14337,7.572525408e-13,0
2004398974948_Node0_Node8_Zero,2004.925211,2005.74706,0,,14337,7.572525408e-13,0
2004404440753_Node0_Node8_Zero,2004.931533,2005.74897,0,,14070,7.572525408e-13,0
2004409900879_Node0_Node8_Zero,2004.931533,2005.74897,0,,14070,7.572525408e-13,0
2004415367489_Node0_Node8_Zero,2004.933396,2005.74897,0,,13981,7.572525408e-13,0
2004420836578_Node0_Node8_Zero,2004.933396,2005.74897,0,,13981,7.572525408e-13,0
2004426298927_Node0_Node8_Zero,2004.935358,2005.75098,0,,13892,7.572525408e-13,0
2004431763486_Node0_Node8_Zero,2004.935358,2005.75098,0,,13892,7.572525408e-13,0
2004437227170_Node0_Node8_Zero,2004.939384,2005.75098,0,,13714,7.572525408e-13,0
2004442694687_Node0_Node8_Zero,2004.939384,2005.75098,0,,13714,7.572525408e-13,0
2004448155342_Node0_Node8_Zero,2004.943483,2005.75287,0,,13536,7.572525408e-13,0
2004453622150_Node0_Node8_Zero,2004.943483,2005.75287,0,,13536,7.572525408e-13,0
2004459083720_Node0_Node8_Zero,2004.945546,2005.75287,0,,13447,7.572525408e-13,0
2004464545672_Node0_Node8_Zero,2004.945546,2005.75287,0,,13447,7.572525408e-13,0
2004470006439_Node0_Node8_Zero,2004.947528,2005.755,0,,13358,7.572525408e-13,0
2004475466221_Node0_Node8_Zero,2004.947528,2005.755,0,,13358,7.572525408e-13,0
2004480927454_Node0_Node8_Zero,2004.951388,2005.755,0,,13180,7.572525408e-13,0
2004486389478_Node0_Node8_Zero,2004.951388,2005.755,0,,13180,7.572525408e-13,0
2004491853254_Node0_Node8_Zero,2004.95341,2005.75719,0,,13091,7.572525408e-13,0
2004497319691_Node0_Node8_Zero,2004.95341,2005.75719,0,,13091,7.572525408e-13,0
2004502780965_Node0_Node8_Zero,2004.955393,2005.75719,0,,13002,7.572525408e-13,0
2004508241066_Node0_Node8_Zero,2004.955393,2005.75719,0,,13002,7.572525408e-13,0
2004513706678_Node0_Node8_Zero,2004.957415,2005.762864,0,,13080,7.572525408e-13,0
2004519169700_Node0_Node8_Zero,2004.957415,2005.762864,0,,13080,7.572525408e-13,0
2004524637987_Node0_Node8_Zero,2004.959438,2005.762864,0,,12991,7.572525408e-13,0
2004530100354_Node0_Node8_Zero,2004.959438,2005.762864,0,,12991,7.572525408e-13,0
2004535568920_Node0_Node8_Zero,2004.96126,2005.765156,0,,12904,7.572525408e-13,0
2004541035155_Node0_Node8_Zero,2004.96126,2005.765156,0,,12904,7.572525408e-13,0
2004546501313_Node0_Node8_Zero,2004.963083,2005.765156,0,,12815,7.572525408e-13,0
2004551961785_Node0_Node8_Zero,2004.963083,2005.765156,0,,12815,7.572525408e-13,0
2004557421670_Node0_Node8_Zero,2004.964965,2005.767246,0,,12726,7.572525408e-13,0
2004562887956_Node0_Node8_Zero,2004.964965,2005.767246,0,,12726,7.572525408e-13,0
2004568355154_Node0_Node8_Zero,2004.966788,2005.767246,0,,12637,7.572525408e-13,0
2004573814868_Node0_Node8_Zero,2004.966788,2005.767246,0,,12637,7.572525408e-13,0
2004579279242_Node0_Node8_Zero,2004.968611,2005.769136,0,,12548,7.572525408e-13,0
2004584745137_Node0_Node8_Zero,2004.968611,2005.769136,0,,12548,7.572525408e-13,0
2004590213073_Node0_Node8_Zero,2004.970493,2005.769136,0,,12459,7.572525408e-13,0
2004595682400_Node0_Node8_Zero,2004.970493,2005.769136,0,,12459,7.572525408e-13,0
2004601151408_Node0_Node8_Zero,2004.979986,2005.771206,0,,12014,7.572525408e-13,0
2004606611348_Node0_Node8_Zero,2004.979986,2005.771206,0,,12014,7.572525408e-13,0
2004612075517_Node0_Node8_Zero,2004.987716,2005.771206,0,,11658,7.572525408e-13,0
2004617538845_Node0_Node8_Zero,2004.987716,2005.771206,0,,11658,7.572525408e-13,0
2004623000689_Node0_Node8_Zero,2005.007005,2005.773376,0,,10857,7.572525408e-13,0
2004628466147_Node0_Node8_Zero,2005.007005,2005.773376,0,,10857,7.572525408e-13,0
2004633935592_Node0_Node8_Zero,2005.013061,2005.773376,0,,10590,7.572525408e-13,0
2004639397102_Node0_Node8_Zero,2005.013061,2005.773376,0,,10590,7.572525408e-13,0
2004644861112_Node0_Node8_Zero,2005.017161,2005.775266,0,,10412,7.572525408e-13,0
2004650328606_Node0_Node8_Zero,2005.017161,2005.775266,0,,10412,7.572525408e-13,0
2004655796067_Node0_Node8_Zero,2005.019243,2005.775266,0,,10323,7.572525408e-13,0
2004661258068_Node0_Node8_Zero,2005.019243,2005.775266,0,,10323,7.572525408e-13,0
2004666720268_Node0_Node8_Zero,2005.021346,2005.777456,0,,10234,7.572525408e-13,0
2004672185350_Node0_Node8_Zero,2005.021346,2005.777456,0,,10234,7.572525408e-13,0
2004677649871_Node0_Node8_Zero,2005.025505,2005.777456,0,,10056,7.572525408e-13,0
2004683117398_Node0_Node8_Zero,2005.025505,2005.777456,0,,10056,7.572525408e-13,0
2004688586165_Node0_Node8_Zero,2005.027368,2005.779426,0,,9967,7.572525408e-13,0
2004694055394_Node0_Node8_Zero,2005.027368,2005.779426,0,,9967,7.572525408e-13,0
2004699520769_Node0_Node8_Zero,2005.031213,2005.779426,0,,9789,7.572525408e-13,0
2004704983246_Node0_Node8_Zero,2005.031213,2005.779426,0,,9789,7.572525408e-13,0
2004710443296_Node0_Node8_Zero,2005.033055,2005.781536,0,,9700,7.572525408e-13,0
2004715904001_Node0_Node8_Zero,2005.033055,2005.781536,0,,9700,7.572525408e-13,0
2004721372455_Node0_Node8_Zero,2005.036901,2005.781536,0,,9522,7.572525408e-13,0
2004726835361_Node0_Node8_Zero,2005.036901,2005.781536,0,,9522,7.572525408e-13,0
2004732302509_Node0_Node8_Zero,2005.044999,2005.783486,0,,9166,7.572525408e-13,0
2004737770791_Node0_Node8_Zero,2005.044999,2005.783486,0,,9166,7.572525408e-13,0
2004743236332_Node0_Node8_Zero,2005.047062,2005.783486,0,,9077,7.572525408e-13,0
2004748699952_Node0_Node8_Zero,2005.047062,2005.783486,0,,9077,7.572525408e-13,0
2004754161088_Node0_Node8_Zero,2005.048985,2005.785556,0,,8988,7.572525408e-13,0
2004759625986_Node0_Node8_Zero,2005.048985,2005.785556,0,,8988,7.572525408e-13,0
2004765095208_Node0_Node8_Zero,2005.054932,2005.785556,0,,8721,7.572525408e-13,0
2004770559335_Node0_Node8_Zero,2005.054932,2005.785556,0,,8721,7.572525408e-13,0
2004776027310_Node0_Node8_Zero,2005.056935,2005.787726,0,,8632,7.572525408e-13,0
2004781494564_Node0_Node8_Zero,2005.056935,2005.787726,0,,8632,7.572525408e-13,0
2004786962589_Node0_Node8_Zero,2005.058797,2005.787726,0,,8543,7.572525408e-13,0
2004792430162_Node0_Node8_Zero,2005.058797,2005.787726,0,,8543,7.572525408e-13,0
2004797891675_Node0_Node8_Zero,2005.062723,2005.789616,0,,8365,7.572525408e-13,0
2004803357774_Node0_Node8_Zero,2005.062723,2005.789616,0,,8365,7.572525408e-13,0
2004808820808_Node0_Node8_Zero,2005.064565,2005.789616,0,,8276,7.572525408e-13,0
2004814284307_Node0_Node8_Zero,2005.064565,2005.789616,0,,8276,7.572525408e-13,0
2004819752844_Node0_Node8_Zero,2005.070793,2005.791546,0,,8009,7.572525408e-13,0
2004825219268_Node0_Node8_Zero,2005.070793,2005.791546,0,,8009,7.572525408e-13,0
2004830682470_Node0_Node8_Zero,2005.072775,2005.791546,0,,7920,7.572525408e-13,0
2004836146677_Node0_Node8_Zero,2005.072775,2005.791546,0,,7920,7.572525408e-13,0
2004841606957_Node0_Node8_Zero,2005.07686,2005.793676,0,,7742,7.572525408e-13,0
2004847070400_Node0_Node8_Zero,2005.07686,2005.793676,0,,7742,7.572525408e-13,0
2004852536011_Node0_Node8_Zero,2005.082977,2005.793676,0,,7475,7.572525408e-13,0
2004858004979_Node0_Node8_Zero,2005.082977,2005.793676,0,,7475,7.572525408e-13,0
2004863467617_Node0_Node8_Zero,2005.086996,2005.795826,0,,7297,7.572525408e-13,0
2004868930449_Node0_Node8_Zero,2005.086996,2005.795826,0,,7297,7.572525408e-13,0
2004874396898_Node0_Node8_Zero,2005.088979,2005.795826,0,,7208,7.572525408e-13,0
2004879864633_Node0_Node8_Zero,2005.088979,2005.795826,0,,7208,7.572525408e-13,0
2004885330006_Node0_Node8_Zero,2005.090861,2005.797976,0,,7119,7.572525408e-13,0
2004890792076_Node0_Node8_Zero,2005.090861,2005.797976,0,,7119,7.572525408e-13,0
2004896259438_Node0_Node8_Zero,2005.092704,2005.797976,0,,7030,7.572525408e-13,0
2004901724640_Node0_Node8_Zero,2005.092704,2005.797976,0,,7030,7.572525408e-13,0
2004907185561_Node0_Node8_Zero,2005.094546,2005.800146,0,,6941,7.572525408e-13,0
2004912654640_Node0_Node8_Zero,2005.094546,2005.800146,0,,6941,7.572525408e-13,0
2004918118110_Node0_Node8_Zero,2005.096409,2005.800146,0,,6852,7.572525408e-13,0
2004923587353_Node0_Node8_Zero,2005.096409,2005.800146,0,,6852,7.572525408e-13,0
2004929051097_Node0_Node8_Zero,2005.100134,2005.802296,0,,6674,7.572525408e-13,0
2004934515259_Node0_Node8_Zero,2005.100134,2005.802296,0,,6674,7.572525408e-13,0
2004939978508_Node0_Node8_Zero,2005.106022,2005.802296,0,,6407,7.572525408e-13,0
2004945438655_Node0_Node8_Zero,2005.106022,2005.802296,0,,6407,7.572525408e-13,0
2004950898621_Node0_Node8_Zero,2005.107884,2005.804426,0,,6318,7.572525408e-13,0
2004956363139_Node0_Node8_Zero,2005.107884,2005.804426,0,,6318,7.572525408e-13,0
2004961825046_Node0_Node8_Zero,2005.11189,2005.804426,0,,6140,7.572525408e-13,0
2004967292800_Node0_Node8_Zero,2005.11189,2005.804426,0,,6140,7.572525408e-13,0
2004972757098_Node0_Node8_Zero,2005.118052,2005.806496,0,,5873,7.572525408e-13,0
2004978216703_Node0_Node8_Zero,2005.118052,2005.806496,0,,5873,7.572525408e-13,0
2004983680100_Node0_Node8_Zero,2005.120114,2005.806496,0,,5784,7.572525408e-13,0
2004989140693_Node0_Node8_Zero,2005.120114,2005.806496,0,,5784,7.572525408e-13,0
2004994604630_Node0_Node8_Zero,2005.122197,2005.808526,0,,5695,7.572525408e-13,0
2005000073282_Node0_Node8_Zero,2005.122197,2005.808526,0,,5695,7.572525408e-13,0
2005005536415_Node0_Node8_Zero,2005.124279,2005.808526,0,,5606,7.572525408e-13,0
2005011001388_Node0_Node8_Zero,2005.124279,2005.808526,0,,5606,7.572525408e-13,0
2005016465056_Node0_Node8_Zero,2005.126362,2005.810456,0,,5517,7.572525408e-13,0
2005021932364_Node0_Node8_Zero,2005.126362,2005.810456,0,,5517,7.572525408e-13,0
2005027401388_Node0_Node8_Zero,2005.128304,2005.810456,0,,5428,7.572525408e-13,0
2005032864169_Node0_Node8_Zero,2005.128304,2005.810456,0,,5428,7.572525408e-13,0
2005038331752_Node0_Node8_Zero,2005.130207,2005.812506,0,,5339,7.572525408e-13,0
2005043791630_Node0_Node8_Zero,2005.130207,2005.812506,0,,5339,7.572525408e-13,0
2005049259293_Node0_Node8_Zero,2005.132149,2005.812506,0,,5250,7.572525408e-13,0
2005054723958_Node0_Node8_Zero,2005.132149,2005.812506,0,,5250,7.572525408e-13,0
2005060184858_Node0_Node8_Zero,2005.152758,2005.814596,0,,4360,7.572525408e-13,0
2005065653915_Node0_Node8_Zero,2005.152758,2005.814596,0,,4360,7.572525408e-13,0
2005071117955_Node0_Node8_Zero,2005.154721,2005.814596,0,,4271,7.572525408e-13,0
2005076580619_Node0_Node8_Zero,2005.154721,2005.814596,0,,4271,7.572525408e-13,0
2005082042468_Node0_Node8_Zero,2005.156803,2005.816506,0,,4182,7.572525408e-13,0
2005087505429_Node0_Node8_Zero,2005.156803,2005.816506,0,,4182,7.572525408e-13,0
2005092964948_Node0_Node8_Zero,2005.158886,2005.816506,0,,4093,7.572525408e-13,0
2005098431187_Node0_Node8_Zero,2005.158886,2005.816506,0,,4093,7.572525408e-13,0
2005103900493_Node0_Node8_Zero,2005.165108,2005.818536,0,,3826,7.572525408e-13,0
2005109364520_Node0_Node8_Zero,2005.165108,2005.818536,0,,3826,7.572525408e-13,0
2005114826646_Node0_Node8_Zero,2005.16693,2005.818536,0,,3737,7.572525408e-13,0
2005120293634_Node0_Node8_Zero,2005.16693,2005.818536,0,,3737,7.572525408e-13,0
2005125761314_Node0_Node8_Zero,2005.168973,2005.820626,0,,3648,7.572525408e-13,0
2005131225565_Node0_Node8_Zero,2005.168973,2005.820626,0,,3648,7.572525408e-13,0
2005136693310_Node0_Node8_Zero,2005.170795,2005.820626,0,,3559,7.572525408e-13,0
2005142161998_Node0_Node8_Zero,2005.170795,2005.820626,0,,3559,7.572525408e-13,0
2005147628493_Node0_Node8_Zero,2005.176797,2005.822516,0,,3292,7.572525408e-13,0
2005153090388_Node0_Node8_Zero,2005.176797,2005.822516,0,,3292,7.572525408e-13,0
2005158551952_Node0_Node8_Zero,2005.17872,2005.822516,0,,3203,7.572525408e-13,0
2005164014746_Node0_Node8_Zero,2005.17872,2005.822516,0,,3203,7.572525408e-13,0
2005169481515_Node0_Node8_Zero,2005.182725,2005.824566,0,,3025,7.572525408e-13,0
2005174949630_Node0_Node8_Zero,2005.182725,2005.824566,0,,3025,7.572525408e-13,0
2005180411513_Node0_Node8_Zero,2005.183888,2005.824566,0,,2978,7.572525408e-13,0
2005185875897_Node0_Node8_Zero,2005.187146,2005.824566,0,,2842,7.572525408e-13,0
2005191336266_Node0_Node8_Zero,2005.193549,2005.826056,0,,2570,7.572525408e-13,0
2005196802987_Node0_Node8_Zero,2005.198816,2005.826056,0,,2345,7.572525408e-13,0
2005202263321_Node0_Node8_Zero,2005.664055,2005.826056,0,,823,7.572525408e-13,0
2005213191657_Node0_Node8_Zero,2006.067907,2006.27315,1,RetryLimit,4538,0,nan
2005229587562_Node0_Node8_Zero,2006.146628,2006.483831,0,,3010,7.572525408e-13,0
2005224122186_Node0_Node8_Zero,2006.148795,2006.483831,0,,2920,7.572525408e-13,0
2005240520750_Node0_Node8_Zero,2006.160579,2006.483831,0,,2505,7.572525408e-13,0
2005245984103_Node0_Node8_Zero,2006.162718,2006.483831,0,,2415,7.572525408e-13,0
2005256918678_Node0_Node8_Zero,2006.164932,2006.485861,0,,2321,7.572525408e-13,0
2005262385589_Node0_Node8_Zero,2006.17347,2006.485861,0,,2011,7.572525408e-13,0
2005251449291_Node0_Node8_Zero,2006.175377,2006.485861,0,,2010,7.572525408e-13,0
2005273318584_Node0_Node8_Zero,2006.180574,2006.485861,0,,1825,7.572525408e-13,0
2005267853732_Node0_Node8_Zero,2006.186661,2006.487971,0,,1750,7.572525408e-13,0
2005278780902_Node0_Node8_Zero,2006.188787,2006.487971,0,,1750,7.572525408e-13,0
2005289704792_Node0_Node8_Zero,2006.198019,2006.487971,0,,1627,7.572525408e-13,0
2005295172166_Node0_Node8_Zero,2006.479735,2006.487971,0,,0,7.572525408e-13,0
2005300632536_Node0_Node8_Zero,2006.49061,2006.491411,0,,0,7.572525408e-13,0
2005306097854_Node0_Node8_Zero,2006.493477,2006.496193,0,,0,7.572525408e-13,0
2005311560399_Node0_Node8_Zero,2006.495476,2006.496963,0,,0,7.572525408e-13,0
2005317022898_Node0_Node8_Zero,2006.49901,2006.499751,0,,0,7.572525408e-13,0
2005322488075_Node0_Node8_Zero,2006.501776,2006.506467,0,,0,7.572525408e-13,0
2005327954554_Node0_Node8_Zero,2006.503796,2006.507577,0,,0,7.572525408e-13,0
2005333415321_Node0_Node8_Zero,2006.505796,2006.507577,0,,0,7.572525408e-13,0
2005338883936_Node0_Node8_Zero,2006.509772,2006.512548,0,,0,7.572525408e-13,0
2005344346091_Node0_Node8_Zero,2006.511732,2006.513278,0,,0,7.572525408e-13,0
2005349807108_Node0_Node8_Zero,2006.521466,2006.524202,0,,0,7.572525408e-13,0
2005355276500_Node0_Node8_Zero,2006.523445,2006.528821,0,,0,7.572525408e-13,0
2005360736320_Node0_Node8_Zero,2006.526272,2006.532025,0,,0,7.572525408e-13,0
2005366200108_Node0_Node8_Zero,2006.528152,2006.532025,0,,0,7.572525408e-13,0
2005371669139_Node0_Node8_Zero,2006.540493,2006.541214,0,,0,7.572525408e-13,0
2005377138287_Node0_Node8_Zero,2006.547637,2006.550373,0,,0,7.572525408e-13,0
2005382605668_Node0_Node8_Zero,2006.55255,2006.555226,0,,0,7.572525408e-13,0
2005388071213_Node0_Node8_Zero,2006.55455,2006.556016,0,,0,7.572525408e-13,0
2005393533089_Node0_Node8_Zero,2006.558003,2006.560739,0,,0,7.572525408e-13,0
2005398993161_Node0_Node8_Zero,2006.560023,2006.561389,0,,0,7.572525408e-13,0
2005404462108_Node0_Node8_Zero,2006.5635,2006.56815,0,,0,7.572525408e-13,0
2005409931267_Node0_Node8_Zero,2006.565459,2006.56892,0,,0,7.572525408e-13,0
2005415398077_Node0_Node8_Zero,2006.57094,2006.571601,0,,0,7.572525408e-13,0
2005420857879_Node0_Node8_Zero,2006.573726,2006.593217,0,,158,7.572525408e-13,0
2005426326000_Node0_Node8_Zero,2006.575646,2006.648179,0,,1992,7.572525408e-13,0
2005431787019_Node0_Node8_Zero,2006.577605,2006.648179,0,,1992,7.572525408e-13,0
2005442715929_Node0_Node8_Zero,2006.629421,2007.294478,0,,1596,7.572525408e-13,0
2005448175481_Node0_Node8_Zero,2006.633453,2007.294478,0,,1425,7.572525408e-13,0
2005459098470_Node0_Node8_Zero,2007.268646,2007.294478,0,,930,7.572525408e-13,0
2005513741120_Node0_Node8_Zero,2007.314278,2007.322072,0,,286,7.572525408e-13,0
2005497347326_Node0_Node8_Zero,2007.31644,2007.462354,0,,3352,7.572525408e-13,0
2005508276904_Node0_Node8_Zero,2007.331615,2007.743174,0,,3165,7.572525408e-13,0
2005502815551_Node0_Node8_Zero,2007.335015,2007.743174,0,,3076,7.572525408e-13,0
2005519209659_Node0_Node8_Zero,2007.341538,2007.743174,0,,2869,7.572525408e-13,0
2005524674352_Node0_Node8_Zero,2007.341538,2007.743174,0,,2869,7.572525408e-13,0
2005530137821_Node0_Node8_Zero,2007.344371,2007.744664,0,,2774,7.572525408e-13,0
2005535597912_Node0_Node8_Zero,2007.344371,2007.744664,0,,2774,7.572525408e-13,0
2005541062202_Node0_Node8_Zero,2007.35397,2007.744664,0,,2541,7.572525408e-13,0
2005573843726_Node0_Node8_Zero,2008.257646,2008.264598,0,,267,7.572525408e-13,0
2005579312347_Node0_Node8_Zero,2008.259633,2008.270977,0,,336,7.572525408e-13,0
2005759654382_Node0_Node8_Zero,2008.507013,2008.621144,0,,4220,7.572525408e-13,0
2005765121398_Node0_Node8_Zero,2008.507013,2008.621144,0,,4220,7.572525408e-13,0
2005770585848_Node0_Node8_Zero,2008.507013,2008.621144,0,,4220,7.572525408e-13,0
2005776053564_Node0_Node8_Zero,2008.507013,2008.621144,0,,4220,7.572525408e-13,0
2005781519780_Node0_Node8_Zero,2008.511562,2008.638956,0,,4488,7.572525408e-13,0
2005786980909_Node0_Node8_Zero,2008.511562,2008.638956,0,,4488,7.572525408e-13,0
2005792448102_Node0_Node8_Zero,2008.511562,2008.638956,0,,4488,7.572525408e-13,0
2005797909911_Node0_Node8_Zero,2008.511562,2008.638956,0,,4488,7.572525408e-13,0
2005803374763_Node0_Node8_Zero,2008.516011,2008.641148,0,,4399,7.572525408e-13,0
2005808836761_Node0_Node8_Zero,2008.516011,2008.641148,0,,4399,7.572525408e-13,0
2005814306199_Node0_Node8_Zero,2008.516011,2008.641148,0,,4399,7.572525408e-13,0
2005819774366_Node0_Node8_Zero,2008.516011,2008.641148,0,,4399,7.572525408e-13,0
2005825239092_Node0_Node8_Zero,2008.517921,2008.643038,0,,4310,7.572525408e-13,0
2005830700083_Node0_Node8_Zero,2008.517921,2008.643038,0,,4310,7.572525408e-13,0
2005836167575_Node0_Node8_Zero,2008.517921,2008.643038,0,,4310,7.572525408e-13,0
2005841634435_Node0_Node8_Zero,2008.517921,2008.643038,0,,4310,7.572525408e-13,0
2005847094953_Node0_Node8_Zero,2008.520051,2008.645068,0,,4221,7.572525408e-13,0
2005852561353_Node0_Node8_Zero,2008.520051,2008.645068,0,,4221,7.572525408e-13,0
2005858020940_Node0_Node8_Zero,2008.520051,2008.645068,0,,4221,7.572525408e-13,0
2005863480824_Node0_Node8_Zero,2008.520051,2008.645068,0,,4221,7.572525408e-13,0
2005868947435_Node0_Node8_Zero,2008.5246,2008.647178,0,,4132,7.572525408e-13,0
2005874412289_Node0_Node8_Zero,2008.5246,2008.647178,0,,4132,7.572525408e-13,0
2005879873047_Node0_Node8_Zero,2008.5246,2008.647178,0,,4132,7.572525408e-13,0
2005885333323_Node0_Node8_Zero,2008.5246,2008.647178,0,,4132,7.572525408e-13,0
2005890797635_Node0_Node8_Zero,2008.52665,2008.649368,0,,4043,7.572525408e-13,0
2005896261677_Node0_Node8_Zero,2008.52665,2008.649368,0,,4043,7.572525408e-13,0
2005901722600_Node0_Node8_Zero,2008.52665,2008.649368,0,,4043,7.572525408e-13,0
2005907185649_Node0_Node8_Zero,2008.52665,2008.649368,0,,4043,7.572525408e-13,0
2005912647513_Node0_Node8_Zero,2008.52856,2008.651278,0,,3954,7.572525408e-13,0
2005918113498_Node0_Node8_Zero,2008.52856,2008.651278,0,,3954,7.572525408e-13,0
2005923581247_Node0_Node8_Zero,2008.52856,2008.651278,0,,3954,7.572525408e-13,0
2005929047934_Node0_Node8_Zero,2008.52856,2008.651278,0,,3954,7.572525408e-13,0
2005934517073_Node0_Node8_Zero,2008.533149,2008.653388,0,,3865,7.572525408e-13,0
2005939977202_Node0_Node8_Zero,2008.533149,2008.653388,0,,3865,7.572525408e-13,0
2005945438185_Node0_Node8_Zero,2008.533149,2008.653388,0,,3865,7.572525408e-13,0
2005950902289_Node0_Node8_Zero,2008.533149,2008.653388,0,,3865,7.572525408e-13,0
2005956362118_Node0_Node8_Zero,2008.535319,2008.655318,0,,3776,7.572525408e-13,0
2005961824849_Node0_Node8_Zero,2008.535319,2008.655318,0,,3776,7.572525408e-13,0
2005967292080_Node0_Node8_Zero,2008.535319,2008.655318,0,,3776,7.572525408e-13,0
2005972753171_Node0_Node8_Zero,2008.535319,2008.655318,0,,3776,7.572525408e-13,0
2005978215595_Node0_Node8_Zero,2008.537209,2008.657268,0,,3687,7.572525408e-13,0
2005983678929_Node0_Node8_Zero,2008.537209,2008.657268,0,,3687,7.572525408e-13,0
2005989147011_Node0_Node8_Zero,2008.537209,2008.657268,0,,3687,7.572525408e-13,0
2005994607642_Node0_Node8_Zero,2008.537209,2008.657268,0,,3687,7.572525408e-13,0
2006016455831_Node0_Node8_Zero,2008.539844,2008.659158,0,,3596,7.572525408e-13,0
2006000070524_Node0_Node8_Zero,2008.541341,2008.659158,0,,3528,7.572525408e-13,0
2006005532578_Node0_Node8_Zero,2008.541341,2008.659158,0,,3528,7.572525408e-13,0
2006010994645_Node0_Node8_Zero,2008.541341,2008.659158,0,,3528,7.572525408e-13,0
2006021917785_Node0_Node8_Zero,2008.543229,2008.661148,0,,3439,7.572525408e-13,0
2006027378788_Node0_Node8_Zero,2008.543229,2008.661148,0,,3439,7.572525408e-13,0
2006032838303_Node0_Node8_Zero,2008.543229,2008.661148,0,,3439,7.572525408e-13,0
2006038299464_Node0_Node8_Zero,2008.543229,2008.661148,0,,3439,7.572525408e-13,0
2006043762497_Node0_Node8_Zero,2008.545179,2008.663218,0,,3350,7.572525408e-13,0
2006049222828_Node0_Node8_Zero,2008.545179,2008.663218,0,,3350,7.572525408e-13,0
2006054684378_Node0_Node8_Zero,2008.545179,2008.663218,0,,3350,7.572525408e-13,0
2006060148808_Node0_Node8_Zero,2008.545179,2008.663218,0,,3350,7.572525408e-13,0
2006065613907_Node0_Node8_Zero,2008.547129,2008.665268,0,,3261,7.572525408e-13,0
2006071082187_Node0_Node8_Zero,2008.547129,2008.665268,0,,3261,7.572525408e-13,0
2006076545518_Node0_Node8_Zero,2008.547129,2008.665268,0,,3261,7.572525408e-13,0
2006082005359_Node0_Node8_Zero,2008.547129,2008.665268,0,,3261,7.572525408e-13,0
2006087467533_Node0_Node8_Zero,2008.549159,2008.667438,0,,3172,7.572525408e-13,0
2006092935062_Node0_Node8_Zero,2008.549159,2008.667438,0,,3172,7.572525408e-13,0
2006098401183_Node0_Node8_Zero,2008.549159,2008.667438,0,,3172,7.572525408e-13,0
2006103869933_Node0_Node8_Zero,2008.549159,2008.667438,0,,3172,7.572525408e-13,0
2006109334190_Node0_Node8_Zero,2008.551049,2008.669548,0,,3083,7.572525408e-13,0
2006114801552_Node0_Node8_Zero,2008.551049,2008.669548,0,,3083,7.572525408e-13,0
2006120263820_Node0_Node8_Zero,2008.551049,2008.669548,0,,3083,7.572525408e-13,0
2006125725244_Node0_Node8_Zero,2008.551049,2008.669548,0,,3083,7.572525408e-13,0
2006131188453_Node0_Node8_Zero,2008.552979,2008.671678,0,,2994,7.572525408e-13,0
2006136657004_Node0_Node8_Zero,2008.552979,2008.671678,0,,2994,7.572525408e-13,0
2006142119423_Node0_Node8_Zero,2008.552979,2008.671678,0,,2994,7.572525408e-13,0
2006147587651_Node0_Node8_Zero,2008.552979,2008.671678,0,,2994,7.572525408e-13,0
2006153052292_Node0_Node8_Zero,2008.554949,2008.673808,0,,2905,7.572525408e-13,0
2006158517353_Node0_Node8_Zero,2008.554949,2008.673808,0,,2905,7.572525408e-13,0
2006163981447_Node0_Node8_Zero,2008.554949,2008.673808,0,,2905,7.572525408e-13,0
2006169444053_Node0_Node8_Zero,2008.554949,2008.673808,0,,2905,7.572525408e-13,0
2006174903826_Node0_Node8_Zero,2008.556899,2008.675818,0,,2816,7.572525408e-13,0
2006180372386_Node0_Node8_Zero,2008.556899,2008.675818,0,,2816,7.572525408e-13,0
2006185835382_Node0_Node8_Zero,2008.556899,2008.675818,0,,2816,7.572525408e-13,0
2006191302444_Node0_Node8_Zero,2008.556899,2008.675818,0,,2816,7.572525408e-13,0
2006196765597_Node0_Node8_Zero,2008.558929,2008.677968,0,,2727,7.572525408e-13,0
2006202227109_Node0_Node8_Zero,2008.558929,2008.677968,0,,2727,7.572525408e-13,0
2006207696164_Node0_Node8_Zero,2008.558929,2008.677968,0,,2727,7.572525408e-13,0
2006213163934_Node0_Node8_Zero,2008.558929,2008.677968,0,,2727,7.572525408e-13,0
2006218628482_Node0_Node8_Zero,2008.561059,2008.679958,0,,2638,7.572525408e-13,0
2006224093372_Node0_Node8_Zero,2008.561059,2008.679958,0,,2638,7.572525408e-13,0
2006229557819_Node0_Node8_Zero,2008.561059,2008.679958,0,,2638,7.572525408e-13,0
2006235020513_Node0_Node8_Zero,2008.561059,2008.679958,0,,2638,7.572525408e-13,0
2006240483456_Node0_Node8_Zero,2008.563049,2008.682068,0,,2549,7.572525408e-13,0
2006245944053_Node0_Node8_Zero,2008.563049,2008.682068,0,,2549,7.572525408e-13,0
2006251410913_Node0_Node8_Zero,2008.563049,2008.682068,0,,2549,7.572525408e-13,0
2006256875081_Node0_Node8_Zero,2008.563049,2008.682068,0,,2549,7.572525408e-13,0
2006262339218_Node0_Node8_Zero,2008.565019,2008.684158,0,,2460,7.572525408e-13,0
2006267804384_Node0_Node8_Zero,2008.565019,2008.684158,0,,2460,7.572525408e-13,0
2006273272934_Node0_Node8_Zero,2008.565019,2008.684158,0,,2460,7.572525408e-13,0
2006278739974_Node0_Node8_Zero,2008.565019,2008.684158,0,,2460,7.572525408e-13,0
2006284208386_Node0_Node8_Zero,2008.567029,2008.686268,0,,2371,7.572525408e-13,0
2006289668808_Node0_Node8_Zero,2008.567029,2008.686268,0,,2371,7.572525408e-13,0
2006295133560_Node0_Node8_Zero,2008.567029,2008.686268,0,,2371,7.572525408e-13,0
2006300602226_Node0_Node8_Zero,2008.567029,2008.686268,0,,2371,7.572525408e-13,0
2006306064637_Node0_Node8_Zero,2008.569119,2008.688218,0,,2282,7.572525408e-13,0
2006311527219_Node0_Node8_Zero,2008.569119,2008.688218,0,,2282,7.572525408e-13,0
2006316993077_Node0_Node8_Zero,2008.569119,2008.688218,0,,2282,7.572525408e-13,0
2006322456115_Node0_Node8_Zero,2008.569119,2008.688218,0,,2282,7.572525408e-13,0
2006327918534_Node0_Node8_Zero,2008.571169,2008.690248,0,,2193,7.572525408e-13,0
2006333381743_Node0_Node8_Zero,2008.571169,2008.690248,0,,2193,7.572525408e-13,0
2006338844026_Node0_Node8_Zero,2008.571169,2008.690248,0,,2193,7.572525408e-13,0
2006344311536_Node0_Node8_Zero,2008.571169,2008.690248,0,,2193,7.572525408e-13,0
2006360713249_Node0_Node8_Zero,2008.57416,2008.692358,0,,2098,7.572525408e-13,0
2006366179859_Node0_Node8_Zero,2008.57416,2008.692358,0,,2098,7.572525408e-13,0
2006349779775_Node0_Node8_Zero,2008.578157,2008.692358,0,,2051,7.572525408e-13,0
2006355247038_Node0_Node8_Zero,2008.578157,2008.692358,0,,2051,7.572525408e-13,0
2006371646454_Node0_Node8_Zero,2008.582718,2008.694528,0,,1960,7.572525408e-13,0
2006377114118_Node0_Node8_Zero,2008.582718,2008.694528,0,,1960,7.572525408e-13,0
2006382576470_Node0_Node8_Zero,2008.582718,2008.694528,0,,1960,7.572525408e-13,0
2006388037294_Node0_Node8_Zero,2008.582718,2008.694528,0,,1960,7.572525408e-13,0
2006393498918_Node0_Node8_Zero,2008.584748,2008.696498,0,,1871,7.572525408e-13,0
2006398959749_Node0_Node8_Zero,2008.584748,2008.696498,0,,1871,7.572525408e-13,0
2006404425673_Node0_Node8_Zero,2008.584748,2008.696498,0,,1871,7.572525408e-13,0
2006409889440_Node0_Node8_Zero,2008.584748,2008.696498,0,,1871,7.572525408e-13,0
2006415352164_Node0_Node8_Zero,2008.586658,2008.698508,0,,1782,7.572525408e-13,0
2006420819926_Node0_Node8_Zero,2008.586658,2008.698508,0,,1782,7.572525408e-13,0
2006426281999_Node0_Node8_Zero,2008.586658,2008.698508,0,,1782,7.572525408e-13,0
2006431741855_Node0_Node8_Zero,2008.586658,2008.698508,0,,1782,7.572525408e-13,0
2006437204752_Node0_Node8_Zero,2008.588568,2008.700498,0,,1693,7.572525408e-13,0
2006442668144_Node0_Node8_Zero,2008.588568,2008.700498,0,,1693,7.572525408e-13,0
2006448136955_Node0_Node8_Zero,2008.588568,2008.700498,0,,1693,7.572525408e-13,0
2006453606173_Node0_Node8_Zero,2008.588568,2008.700498,0,,1693,7.572525408e-13,0
2006459066235_Node0_Node8_Zero,2008.590498,2008.702448,0,,1604,7.572525408e-13,0
2006464532160_Node0_Node8_Zero,2008.590498,2008.702448,0,,1604,7.572525408e-13,0
2006469991701_Node0_Node8_Zero,2008.590498,2008.702448,0,,1604,7.572525408e-13,0
2006475455620_Node0_Node8_Zero,2008.590498,2008.702448,0,,1604,7.572525408e-13,0
2006480917918_Node0_Node8_Zero,2008.592688,2008.704558,0,,1515,7.572525408e-13,0
2006486381496_Node0_Node8_Zero,2008.592688,2008.704558,0,,1515,7.572525408e-13,0
2006491845352_Node0_Node8_Zero,2008.592688,2008.704558,0,,1515,7.572525408e-13,0
2006497314498_Node0_Node8_Zero,2008.592688,2008.704558,0,,1515,7.572525408e-13,0
2006502781015_Node0_Node8_Zero,2008.594578,2008.706508,0,,1426,7.572525408e-13,0
2006508243526_Node0_Node8_Zero,2008.594578,2008.706508,0,,1426,7.572525408e-13,0
2006513710869_Node0_Node8_Zero,2008.594578,2008.706508,0,,1426,7.572525408e-13,0
2006519174475_Node0_Node8_Zero,2008.594578,2008.706508,0,,1426,7.572525408e-13,0
2006524634623_Node0_Node8_Zero,2008.596708,2008.708438,0,,1337,7.572525408e-13,0
2006530098185_Node0_Node8_Zero,2008.596708,2008.708438,0,,1337,7.572525408e-13,0
2006535558954_Node0_Node8_Zero,2008.596708,2008.708438,0,,1337,7.572525408e-13,0
2006541027170_Node0_Node8_Zero,2008.596708,2008.708438,0,,1337,7.572525408e-13,0
2006546491999_Node0_Node8_Zero,2008.598838,2008.710608,0,,1248,7.572525408e-13,0
2006551959430_Node0_Node8_Zero,2008.598838,2008.710608,0,,1248,7.572525408e-13,0
2006557419191_Node0_Node8_Zero,2008.598838,2008.710608,0,,1248,7.572525408e-13,0
2006562882833_Node0_Node8_Zero,2008.598838,2008.710608,0,,1248,7.572525408e-13,0
2006568342782_Node0_Node8_Zero,2008.600928,2008.712538,0,,1159,7.572525408e-13,0
2006573804362_Node0_Node8_Zero,2008.600928,2008.712538,0,,1159,7.572525408e-13,0
2006579265488_Node0_Node8_Zero,2008.600928,2008.712538,0,,1159,7.572525408e-13,0
2006584732336_Node0_Node8_Zero,2008.600928,2008.712538,0,,1159,7.572525408e-13,0
2006590195487_Node0_Node8_Zero,2008.602998,2008.714668,0,,1070,7.572525408e-13,0
2006595655172_Node0_Node8_Zero,2008.602998,2008.714668,0,,1070,7.572525408e-13,0
2006601120054_Node0_Node8_Zero,2008.602998,2008.714668,0,,1070,7.572525408e-13,0
2006606588160_Node0_Node8_Zero,2008.602998,2008.714668,0,,1070,7.572525408e-13,0
2006612053409_Node0_Node8_Zero,2008.605108,2008.716638,0,,981,7.572525408e-13,0
2006617514413_Node0_Node8_Zero,2008.605108,2008.716638,0,,981,7.572525408e-13,0
2006622979863_Node0_Node8_Zero,2008.605108,2008.716638,0,,981,7.572525408e-13,0
2006628444836_Node0_Node8_Zero,2008.605108,2008.716638,0,,981,7.572525408e-13,0
2006633912150_Node0_Node8_Zero,2008.606998,2008.718528,0,,892,7.572525408e-13,0
2006639374866_Node0_Node8_Zero,2008.606998,2008.718528,0,,892,7.572525408e-13,0
2006644837258_Node0_Node8_Zero,2008.606998,2008.718528,0,,892,7.572525408e-13,0
2006650299398_Node0_Node8_Zero,2008.606998,2008.718528,0,,892,7.572525408e-13,0
2006655765125_Node0_Node8_Zero,2008.608968,2008.720558,0,,803,7.572525408e-13,0
2006661233464_Node0_Node8_Zero,2008.608968,2008.720558,0,,803,7.572525408e-13,0
2006666696387_Node0_Node8_Zero,2008.608968,2008.720558,0,,803,7.572525408e-13,0
2006672158144_Node0_Node8_Zero,2008.608968,2008.720558,0,,803,7.572525408e-13,0
2006677619533_Node0_Node8_Zero,2008.611038,2008.722728,0,,714,7.572525408e-13,0
2006683087402_Node0_Node8_Zero,2008.611038,2008.722728,0,,714,7.572525408e-13,0
2006688555320_Node0_Node8_Zero,2008.611038,2008.722728,0,,714,7.572525408e-13,0
2006694020707_Node0_Node8_Zero,2008.611038,2008.722728,0,,714,7.572525408e-13,0
2006699484741_Node0_Node8_Zero,2008.613108,2008.724638,0,,625,7.572525408e-13,0
2006704948412_Node0_Node8_Zero,2008.613108,2008.724638,0,,625,7.572525408e-13,0
2006710417554_Node0_Node8_Zero,2008.613108,2008.724638,0,,625,7.572525408e-13,0
2006715879553_Node0_Node8_Zero,2008.613108,2008.724638,0,,625,7.572525408e-13,0
2006721345311_Node0_Node8_Zero,2008.617088,2008.726728,0,,446,7.572525408e-13,0
2006726809970_Node0_Node8_Zero,2008.617088,2008.726728,0,,446,7.572525408e-13,0
2006732278898_Node0_Node8_Zero,2008.617088,2008.726728,0,,446,7.572525408e-13,0
2006737740594_Node0_Node8_Zero,2008.617088,2008.726728,0,,446,7.572525408e-13,0
2006743208243_Node0_Node8_Zero,2008.619178,2008.728838,0,,357,7.572525408e-13,0
2006748676938_Node0_Node8_Zero,2008.619178,2008.728838,0,,357,7.572525408e-13,0
2006754144180_Node0_Node8_Zero,2008.619178,2008.728838,0,,357,7.572525408e-13,0
2006759613507_Node0_Node8_Zero,2008.619178,2008.728838,0,,357,7.572525408e-13,0
2006765081358_Node0_Node8_Zero,2008.623707,2008.730948,0,,356,7.572525408e-13,0
2006770547169_Node0_Node8_Zero,2008.623707,2008.730948,0,,356,7.572525408e-13,0
2006776011778_Node0_Node8_Zero,2008.623707,2008.730948,0,,356,7.572525408e-13,0
2006781472541_Node0_Node8_Zero,2008.623707,2008.730948,0,,356,7.572525408e-13,0
2006786936119_Node0_Node8_Zero,2008.628136,2008.732978,0,,268,7.572525408e-13,0
2006792404253_Node0_Node8_Zero,2008.628136,2008.732978,0,,268,7.572525408e-13,0
2006797869789_Node0_Node8_Zero,2008.628136,2008.732978,0,,268,7.572525408e-13,0
2006803333435_Node0_Node8_Zero,2008.628136,2008.732978,0,,268,7.572525408e-13,0
2006808796145_Node0_Node8_Zero,2008.630086,2008.734968,0,,179,7.572525408e-13,0
2006814258700_Node0_Node8_Zero,2008.630086,2008.734968,0,,179,7.572525408e-13,0
2006819722081_Node0_Node8_Zero,2008.630086,2008.734968,0,,179,7.572525408e-13,0
2006825181724_Node0_Node8_Zero,2008.630086,2008.734968,0,,179,7.572525408e-13,0
2006830648868_Node0_Node8_Zero,2008.632236,2008.737038,0,,90,7.572525408e-13,0
2006836113894_Node0_Node8_Zero,2008.632236,2008.737038,0,,90,7.572525408e-13,0
2006841574079_Node0_Node8_Zero,2008.632236,2008.737038,0,,90,7.572525408e-13,0
2006847041689_Node0_Node8_Zero,2008.632236,2008.737038,0,,90,7.572525408e-13,0
2006852506177_Node0_Node8_Zero,2008.636765,2008.739008,0,,1,7.572525408e-13,0
2006857967300_Node0_Node8_Zero,2008.636765,2008.739008,0,,1,7.572525408e-13,0
2006863434584_Node0_Node8_Zero,2008.636765,2008.739008,0,,1,7.572525408e-13,0
2006868903202_Node0_Node8_Zero,2008.636765,2008.739008,0,,1,7.572525408e-13,0
2006874371315_Node0_Node8_Zero,2008.741346,2008.743337,0,,0,7.572525408e-13,0
2006879832440_Node0_Node8_Zero,2008.741346,2008.743337,0,,0,7.572525408e-13,0
2006885296763_Node0_Node8_Zero,2008.741346,2008.743337,0,,0,7.572525408e-13,0
2006890761938_Node0_Node8_Zero,2008.741346,2008.743337,0,,0,7.572525408e-13,0
2006896229295_Node0_Node8_Zero,2008.745875,2008.985381,0,,9516,7.572525408e-13,0
2006901697980_Node0_Node8_Zero,2008.745875,2008.985381,0,,9516,7.572525408e-13,0
2006907164095_Node0_Node8_Zero,2008.745875,2008.985381,0,,9516,7.572525408e-13,0
2006912628765_Node0_Node8_Zero,2008.745875,2008.985381,0,,9516,7.572525408e-13,0
2006918095647_Node0_Node8_Zero,2008.747845,2008.987521,0,,9428,7.572525408e-13,0
2006923562488_Node0_Node8_Zero,2008.747845,2008.987521,0,,9428,7.572525408e-13,0
2006929021974_Node0_Node8_Zero,2008.747845,2008.987521,0,,9428,7.572525408e-13,0
2006934491181_Node0_Node8_Zero,2008.747845,2008.987521,0,,9428,7.572525408e-13,0
2006939950842_Node0_Node8_Zero,2008.752434,2008.989431,0,,9339,7.572525408e-13,0
2006945417575_Node0_Node8_Zero,2008.752434,2008.989431,0,,9339,7.572525408e-13,0
2006950881703_Node0_Node8_Zero,2008.752434,2008.989431,0,,9339,7.572525408e-13,0
2006956343047_Node0_Node8_Zero,2008.752434,2008.989431,0,,9339,7.572525408e-13,0
2006961805399_Node0_Node8_Zero,2008.756883,2008.991441,0,,9250,7.572525408e-13,0
2006967270410_Node0_Node8_Zero,2008.756883,2008.991441,0,,9250,7.572525408e-13,0
2006972735639_Node0_Node8_Zero,2008.756883,2008.991441,0,,9250,7.572525408e-13,0
2006978203581_Node0_Node8_Zero,2008.756883,2008.991441,0,,9250,7.572525408e-13,0
2006983663396_Node0_Node8_Zero,2008.759033,2008.993511,0,,9161,7.572525408e-13,0
2006989122935_Node0_Node8_Zero,2008.759033,2008.993511,0,,9161,7.572525408e-13,0
2006994589777_Node0_Node8_Zero,2008.759033,2008.993511,0,,9161,7.572525408e-13,0
2007000054533_Node0_Node8_Zero,2008.759033,2008.993511,0,,9161,7.572525408e-13,0
2007005517128_Node0_Node8_Zero,2008.761163,2008.995561,0,,9072,7.572525408e-13,0
2007010981399_Node0_Node8_Zero,2008.761163,2008.995561,0,,9072,7.572525408e-13,0
2007016445148_Node0_Node8_Zero,2008.761163,2008.995561,0,,9072,7.572525408e-13,0
2007021907615_Node0_Node8_Zero,2008.761163,2008.995561,0,,9072,7.572525408e-13,0
2007027371450_Node0_Node8_Zero,2008.763133,2008.997671,0,,8983,7.572525408e-13,0
2007032838432_Node0_Node8_Zero,2008.763133,2008.997671,0,,8983,7.572525408e-13,0
2007038303023_Node0_Node8_Zero,2008.763133,2008.997671,0,,8983,7.572525408e-13,0
2007043765574_Node0_Node8_Zero,2008.763133,2008.997671,0,,8983,7.572525408e-13,0
2007049234315_Node0_Node8_Zero,2008.765203,2008.999701,0,,8894,7.572525408e-13,0
2007054702353_Node0_Node8_Zero,2008.765203,2008.999701,0,,8894,7.572525408e-13,0
2007060168202_Node0_Node8_Zero,2008.765203,2008.999701,0,,8894,7.572525408e-13,0
2007065629060_Node0_Node8_Zero,2008.765203,2008.999701,0,,8894,7.572525408e-13,0
2007071088846_Node0_Node8_Zero,2008.767173,2009.001891,0,,8805,7.572525408e-13,0
2007076551443_Node0_Node8_Zero,2008.767173,2009.001891,0,,8805,7.572525408e-13,0
2007082018223_Node0_Node8_Zero,2008.767173,2009.001891,0,,8805,7.572525408e-13,0
2007087482853_Node0_Node8_Zero,2008.767173,2009.001891,0,,8805,7.572525408e-13,0
2007092947501_Node0_Node8_Zero,2008.769123,2009.004041,0,,8716,7.572525408e-13,0
2007098414445_Node0_Node8_Zero,2008.769123,2009.004041,0,,8716,7.572525408e-13,0
2007103882421_Node0_Node8_Zero,2008.769123,2009.004041,0,,8716,7.572525408e-13,0
2007109350166_Node0_Node8_Zero,2008.769123,2009.004041,0,,8716,7.572525408e-13,0
2007114816875_Node0_Node8_Zero,2008.771113,2009.006031,0,,8627,7.572525408e-13,0
2007120279244_Node0_Node8_Zero,2008.771113,2009.006031,0,,8627,7.572525408e-13,0
2007125746232_Node0_Node8_Zero,2008.771113,2009.006031,0,,8627,7.572525408e-13,0
2007131211412_Node0_Node8_Zero,2008.771113,2009.006031,0,,8627,7.572525408e-13,0
2007136680459_Node0_Node8_Zero,2008.773163,2009.008001,0,,8538,7.572525408e-13,0
2007142142671_Node0_Node8_Zero,2008.773163,2009.008001,0,,8538,7.572525408e-13,0
2007147603606_Node0_Node8_Zero,2008.773163,2009.008001,0,,8538,7.572525408e-13,0
2007153073070_Node0_Node8_Zero,2008.773163,2009.008001,0,,8538,7.572525408e-13,0
2007158537783_Node0_Node8_Zero,2008.777652,2009.010191,0,,8449,7.572525408e-13,0
2007164000911_Node0_Node8_Zero,2008.777652,2009.010191,0,,8449,7.572525408e-13,0
2007169462152_Node0_Node8_Zero,2008.777652,2009.010191,0,,8449,7.572525408e-13,0
2007174924472_Node0_Node8_Zero,2008.777652,2009.010191,0,,8449,7.572525408e-13,0
2007180389120_Node0_Node8_Zero,2008.779742,2009.012241,0,,8360,7.572525408e-13,0
2007185851618_Node0_Node8_Zero,2008.779742,2009.012241,0,,8360,7.572525408e-13,0
2007191318234_Node0_Node8_Zero,2008.779742,2009.012241,0,,8360,7.572525408e-13,0
2007196779206_Node0_Node8_Zero,2008.779742,2009.012241,0,,8360,7.572525408e-13,0
2007202239509_Node0_Node8_Zero,2008.781632,2009.014171,0,,8271,7.572525408e-13,0
2007207699331_Node0_Node8_Zero,2008.781632,2009.014171,0,,8271,7.572525408e-13,0
2007213160239_Node0_Node8_Zero,2008.781632,2009.014171,0,,8271,7.572525408e-13,0
2007218628328_Node0_Node8_Zero,2008.781632,2009.014171,0,,8271,7.572525408e-13,0
2007224088760_Node0_Node8_Zero,2008.786141,2009.016161,0,,8182,7.572525408e-13,0
2007229553814_Node0_Node8_Zero,2008.786141,2009.016161,0,,8182,7.572525408e-13,0
2007235021690_Node0_Node8_Zero,2008.786141,2009.016161,0,,8182,7.572525408e-13,0
2007240489887_Node0_Node8_Zero,2008.786141,2009.016161,0,,8182,7.572525408e-13,0
2007245950879_Node0_Node8_Zero,2008.788271,2009.018151,0,,8093,7.572525408e-13,0
2007251411384_Node0_Node8_Zero,2008.788271,2009.018151,0,,8093,7.572525408e-13,0
2007256873144_Node0_Node8_Zero,2008.788271,2009.018151,0,,8093,7.572525408e-13,0
2007262340796_Node0_Node8_Zero,2008.788271,2009.018151,0,,8093,7.572525408e-13,0
2007267802506_Node0_Node8_Zero,2008.790221,2009.020141,0,,8004,7.572525408e-13,0
2007273266378_Node0_Node8_Zero,2008.790221,2009.020141,0,,8004,7.572525408e-13,0
2007278727743_Node0_Node8_Zero,2008.790221,2009.020141,0,,8004,7.572525408e-13,0
2007284191632_Node0_Node8_Zero,2008.790221,2009.020141,0,,8004,7.572525408e-13,0
2007289658678_Node0_Node8_Zero,2008.792251,2009.022291,0,,7915,7.572525408e-13,0
2007295121307_Node0_Node8_Zero,2008.792251,2009.022291,0,,7915,7.572525408e-13,0
2007300582164_Node0_Node8_Zero,2008.792251,2009.022291,0,,7915,7.572525408e-13,0
2007306049916_Node0_Node8_Zero,2008.792251,2009.022291,0,,7915,7.572525408e-13,0
2007311511637_Node0_Node8_Zero,2008.794421,2009.024321,0,,7826,7.572525408e-13,0
2007316974473_Node0_Node8_Zero,2008.794421,2009.024321,0,,7826,7.572525408e-13,0
2007322440954_Node0_Node8_Zero,2008.794421,2009.024321,0,,7826,7.572525408e-13,0
2007327902817_Node0_Node8_Zero,2008.794421,2009.024321,0,,7826,7.572525408e-13,0
2007333364024_Node0_Node8_Zero,2008.796591,2009.026291,0,,7737,7.572525408e-13,0
2007338826368_Node0_Node8_Zero,2008.796591,2009.026291,0,,7737,7.572525408e-13,0
2007344291371_Node0_Node8_Zero,2008.796591,2009.026291,0,,7737,7.572525408e-13,0
2007349756088_Node0_Node8_Zero,2008.796591,2009.026291,0,,7737,7.572525408e-13,0
2007355219521_Node0_Node8_Zero,2008.798621,2009.028221,0,,7648,7.572525408e-13,0
2007360682963_Node0_Node8_Zero,2008.798621,2009.028221,0,,7648,7.572525408e-13,0
2007366147373_Node0_Node8_Zero,2008.798621,2009.028221,0,,7648,7.572525408e-13,0
2007371615474_Node0_Node8_Zero,2008.798621,2009.028221,0,,7648,7.572525408e-13,0
2007377082650_Node0_Node8_Zero,2008.800811,2009.030271,0,,7559,7.572525408e-13,0
2007382551412_Node0_Node8_Zero,2008.800811,2009.030271,0,,7559,7.572525408e-13,0
2007388015744_Node0_Node8_Zero,2008.800811,2009.030271,0,,7559,7.572525408e-13,0
2007393484289_Node0_Node8_Zero,2008.800811,2009.030271,0,,7559,7.572525408e-13,0
2007398951126_Node0_Node8_Zero,2008.802721,2009.032401,0,,7470,7.572525408e-13,0
2007404419834_Node0_Node8_Zero,2008.802721,2009.032401,0,,7470,7.572525408e-13,0
2007409882797_Node0_Node8_Zero,2008.802721,2009.032401,0,,7470,7.572525408e-13,0
2007415346810_Node0_Node8_Zero,2008.804611,2009.032401,0,,7381,7.572525408e-13,0
2007420815945_Node0_Node8_Zero,2008.804611,2009.034531,0,,7381,7.572525408e-13,0
2007426275660_Node0_Node8_Zero,2008.804611,2009.034531,0,,7381,7.572525408e-13,0
2007442670248_Node0_Node8_Zero,2008.807499,2009.034531,0,,7290,7.572525408e-13,0
2007431736596_Node0_Node8_Zero,2008.809506,2009.034531,0,,7229,7.572525408e-13,0
2007437202791_Node0_Node8_Zero,2008.809506,2009.036481,0,,7229,7.572525408e-13,0
2007448130446_Node0_Node8_Zero,2008.811531,2009.036481,0,,7140,7.572525408e-13,0
2007453590859_Node0_Node8_Zero,2008.811531,2009.036481,0,,7140,7.572525408e-13,0
2007459054713_Node0_Node8_Zero,2008.811531,2009.036481,0,,7140,7.572525408e-13,0
2007464517706_Node0_Node8_Zero,2008.813541,2009.038671,0,,7051,7.572525408e-13,0
2007469986840_Node0_Node8_Zero,2008.813541,2009.038671,0,,7051,7.572525408e-13,0
2007475454935_Node0_Node8_Zero,2008.813541,2009.038671,0,,7051,7.572525408e-13,0
2007480924383_Node0_Node8_Zero,2008.815411,2009.038671,0,,6962,7.572525408e-13,0
2007486390204_Node0_Node8_Zero,2008.815411,2009.040841,0,,6962,7.572525408e-13,0
2007491856535_Node0_Node8_Zero,2008.815411,2009.040841,0,,6962,7.572525408e-13,0
2007497319400_Node0_Node8_Zero,2008.817321,2009.040841,0,,6873,7.572525408e-13,0
2007502784959_Node0_Node8_Zero,2008.817321,2009.040841,0,,6873,7.572525408e-13,0
2007508246378_Node0_Node8_Zero,2008.817321,2009.042751,0,,6873,7.572525408e-13,0
2007513706938_Node0_Node8_Zero,2008.819191,2009.042751,0,,6784,7.572525408e-13,0
2007519168734_Node0_Node8_Zero,2008.819191,2009.042751,0,,6784,7.572525408e-13,0
2007524636622_Node0_Node8_Zero,2008.819191,2009.042751,0,,6784,7.572525408e-13,0
2007530104970_Node0_Node8_Zero,2008.821121,2009.044861,0,,6695,7.572525408e-13,0
2007535571739_Node0_Node8_Zero,2008.821121,2009.044861,0,,6695,7.572525408e-13,0
2007541033037_Node0_Node8_Zero,2008.821121,2009.044861,0,,6695,7.572525408e-13,0
2007546498902_Node0_Node8_Zero,2008.823031,2009.044861,0,,6606,7.572525408e-13,0
2007551966906_Node0_Node8_Zero,2008.823031,2009.046891,0,,6606,7.572525408e-13,0
2007557431488_Node0_Node8_Zero,2008.823031,2009.046891,0,,6606,7.572525408e-13,0
2007562900804_Node0_Node8_Zero,2008.825141,2009.046891,0,,6517,7.572525408e-13,0
2007568369493_Node0_Node8_Zero,2008.825141,2009.046891,0,,6517,7.572525408e-13,0
2007573831381_Node0_Node8_Zero,2008.825141,2009.048801,0,,6517,7.572525408e-13,0
2007579296114_Node0_Node8_Zero,2008.827251,2009.048801,0,,6428,7.572525408e-13,0
2007584760415_Node0_Node8_Zero,2008.827251,2009.048801,0,,6428,7.572525408e-13,0
2007590223082_Node0_Node8_Zero,2008.827251,2009.048801,0,,6428,7.572525408e-13,0
2007595692044_Node0_Node8_Zero,2008.829421,2009.050851,0,,6339,7.572525408e-13,0
2007601157040_Node0_Node8_Zero,2008.829421,2009.050851,0,,6339,7.572525408e-13,0
2007606618149_Node0_Node8_Zero,2008.829421,2009.050851,0,,6339,7.572525408e-13,0
2007612086438_Node0_Node8_Zero,2008.831391,2009.050851,0,,6250,7.572525408e-13,0
2007617547370_Node0_Node8_Zero,2008.831391,2009.052881,0,,6250,7.572525408e-13,0
2007623015633_Node0_Node8_Zero,2008.831391,2009.052881,0,,6250,7.572525408e-13,0
2007628481743_Node0_Node8_Zero,2008.833341,2009.052881,0,,6161,7.572525408e-13,0
2007633945631_Node0_Node8_Zero,2008.833341,2009.052881,0,,6161,7.572525408e-13,0
2007639406595_Node0_Node8_Zero,2008.833341,2009.054931,0,,6161,7.572525408e-13,0
2007644866611_Node0_Node8_Zero,2008.835491,2009.054931,0,,6072,7.572525408e-13,0
2007650328235_Node0_Node8_Zero,2008.835491,2009.054931,0,,6072,7.572525408e-13,0
2007655788563_Node0_Node8_Zero,2008.835491,2009.054931,0,,6072,7.572525408e-13,0
2007661254360_Node0_Node8_Zero,2008.837481,2009.056981,0,,5983,7.572525408e-13,0
2007666713874_Node0_Node8_Zero,2008.837481,2009.056981,0,,5983,7.572525408e-13,0
2007672177378_Node0_Node8_Zero,2008.837481,2009.056981,0,,5983,7.572525408e-13,0
2007683104627_Node0_Node8_Zero,2008.841171,2009.056981,0,,5888,7.572525408e-13,0
2007688570165_Node0_Node8_Zero,2008.841171,2009.058931,0,,5888,7.572525408e-13,0
2007677638765_Node0_Node8_Zero,2008.845957,2009.058931,0,,5855,7.572525408e-13,0
2007694029929_Node0_Node8_Zero,2008.847941,2009.058931,0,,5766,7.572525408e-13,0
2007699496136_Node0_Node8_Zero,2008.847941,2009.058931,0,,5766,7.572525408e-13,0
2007704959043_Node0_Node8_Zero,2008.847941,2009.061021,0,,5766,7.572525408e-13,0
2007710425999_Node0_Node8_Zero,2008.849811,2009.061021,0,,5677,7.572525408e-13,0
2007715889527_Node0_Node8_Zero,2008.849811,2009.061021,0,,5677,7.572525408e-13,0
2007721355259_Node0_Node8_Zero,2008.849811,2009.061021,0,,5677,7.572525408e-13,0
2007726820760_Node0_Node8_Zero,2008.851841,2009.063031,0,,5588,7.572525408e-13,0
2007732284074_Node0_Node8_Zero,2008.851841,2009.063031,0,,5588,7.572525408e-13,0
2007737749392_Node0_Node8_Zero,2008.851841,2009.063031,0,,5588,7.572525408e-13,0
2007743218631_Node0_Node8_Zero,2008.853911,2009.063031,0,,5499,7.572525408e-13,0
2007748678330_Node0_Node8_Zero,2008.853911,2009.064961,0,,5499,7.572525408e-13,0
2007754137936_Node0_Node8_Zero,2008.853911,2009.064961,0,,5499,7.572525408e-13,0
2007759600294_Node0_Node8_Zero,2008.855821,2009.064961,0,,5410,7.572525408e-13,0
2007765064202_Node0_Node8_Zero,2008.855821,2009.064961,0,,5410,7.572525408e-13,0
2007770527352_Node0_Node8_Zero,2008.855821,2009.067111,0,,5410,7.572525408e-13,0
2007775994523_Node0_Node8_Zero,2008.857871,2009.067111,0,,5321,7.572525408e-13,0
2007781454563_Node0_Node8_Zero,2008.857871,2009.067111,0,,5321,7.572525408e-13,0
2007786923882_Node0_Node8_Zero,2008.857871,2009.067111,0,,5321,7.572525408e-13,0
2007792390503_Node0_Node8_Zero,2008.859801,2009.069081,0,,5232,7.572525408e-13,0
2007797854860_Node0_Node8_Zero,2008.859801,2009.069081,0,,5232,7.572525408e-13,0
2007803321942_Node0_Node8_Zero,2008.859801,2009.069081,0,,5232,7.572525408e-13,0
2007808786075_Node0_Node8_Zero,2008.861931,2009.069081,0,,5143,7.572525408e-13,0
2007814248959_Node0_Node8_Zero,2008.861931,2009.071271,0,,5143,7.572525408e-13,0
2007819718346_Node0_Node8_Zero,2008.861931,2009.071271,0,,5143,7.572525408e-13,0
2007825186367_Node0_Node8_Zero,2008.863941,2009.071271,0,,5054,7.572525408e-13,0
2007830646847_Node0_Node8_Zero,2008.863941,2009.071271,0,,5054,7.572525408e-13,0
2007836112950_Node0_Node8_Zero,2008.863941,2009.073321,0,,5054,7.572525408e-13,0
2007841579832_Node0_Node8_Zero,2008.865891,2009.073321,0,,4965,7.572525408e-13,0
2007847044748_Node0_Node8_Zero,2008.865891,2009.073321,0,,4965,7.572525408e-13,0
2007852506778_Node0_Node8_Zero,2008.865891,2009.073321,0,,4965,7.572525408e-13,0
2007857966672_Node0_Node8_Zero,2008.868041,2009.075271,0,,4876,7.572525408e-13,0
2007863434008_Node0_Node8_Zero,2008.868041,2009.075271,0,,4876,7.572525408e-13,0
2007868902467_Node0_Node8_Zero,2008.868041,2009.075271,0,,4876,7.572525408e-13,0
2007874371414_Node0_Node8_Zero,2008.870151,2009.075271,0,,4787,7.572525408e-13,0
2007879831754_Node0_Node8_Zero,2008.870151,2009.077461,0,,4787,7.572525408e-13,0
2007885299221_Node0_Node8_Zero,2008.870151,2009.077461,0,,4787,7.572525408e-13,0
2007890763578_Node0_Node8_Zero,2008.875021,2009.077461,0,,4692,7.572525408e-13,0
2007896226527_Node0_Node8_Zero,2008.875021,2009.077461,0,,4692,7.572525408e-13,0
2007901686158_Node0_Node8_Zero,2008.875021,2009.079591,0,,4692,7.572525408e-13,0
2007907154245_Node0_Node8_Zero,2008.876891,2009.079591,0,,4603,7.572525408e-13,0
2007912613974_Node0_Node8_Zero,2008.876891,2009.079591,0,,4603,7.572525408e-13,0
2007918079108_Node0_Node8_Zero,2008.876891,2009.079591,0,,4603,7.572525408e-13,0
2007923543791_Node0_Node8_Zero,2008.879061,2009.081521,0,,4514,7.572525408e-13,0
2007929007846_Node0_Node8_Zero,2008.879061,2009.081521,0,,4514,7.572525408e-13,0
2007934472901_Node0_Node8_Zero,2008.879061,2009.081521,0,,4514,7.572525408e-13,0
2007939936365_Node0_Node8_Zero,2008.881051,2009.081521,0,,4425,7.572525408e-13,0
2007945403953_Node0_Node8_Zero,2008.881051,2009.083571,0,,4425,7.572525408e-13,0
2007950869629_Node0_Node8_Zero,2008.881051,2009.083571,0,,4425,7.572525408e-13,0
2007956336381_Node0_Node8_Zero,2008.882921,2009.083571,0,,4336,7.572525408e-13,0
2007961802402_Node0_Node8_Zero,2008.882921,2009.083571,0,,4336,7.572525408e-13,0
2007967270432_Node0_Node8_Zero,2008.882921,2009.085701,0,,4336,7.572525408e-13,0
2007972737461_Node0_Node8_Zero,2008.884791,2009.085701,0,,4247,7.572525408e-13,0
2007978206560_Node0_Node8_Zero,2008.884791,2009.085701,0,,4247,7.572525408e-13,0
2007983673664_Node0_Node8_Zero,2008.884791,2009.085701,0,,4247,7.572525408e-13,0
2007989138578_Node0_Node8_Zero,2008.886701,2009.087631,0,,4158,7.572525408e-13,0
2007994602311_Node0_Node8_Zero,2008.886701,2009.087631,0,,4158,7.572525408e-13,0
2008000067840_Node0_Node8_Zero,2008.886701,2009.087631,0,,4158,7.572525408e-13,0
2008005530030_Node0_Node8_Zero,2008.888871,2009.087631,0,,4069,7.572525408e-13,0
2008010996099_Node0_Node8_Zero,2008.888871,2009.089781,0,,4069,7.572525408e-13,0
2008016463537_Node0_Node8_Zero,2008.888871,2009.089781,0,,4069,7.572525408e-13,0
2008021929491_Node0_Node8_Zero,2008.890981,2009.089781,0,,3980,7.572525408e-13,0
2008027390507_Node0_Node8_Zero,2008.890981,2009.089781,0,,3980,7.572525408e-13,0
2008032851273_Node0_Node8_Zero,2008.890981,2009.091851,0,,3980,7.572525408e-13,0
2008038314195_Node0_Node8_Zero,2008.893011,2009.091851,0,,3891,7.572525408e-13,0
2008043783550_Node0_Node8_Zero,2008.893011,2009.091851,0,,3891,7.572525408e-13,0
2008049244159_Node0_Node8_Zero,2008.893011,2009.091851,0,,3891,7.572525408e-13,0
2008054707625_Node0_Node8_Zero,2008.895001,2009.093761,0,,3802,7.572525408e-13,0
2008060171470_Node0_Node8_Zero,2008.895001,2009.093761,0,,3802,7.572525408e-13,0
2008065636939_Node0_Node8_Zero,2008.895001,2009.093761,0,,3802,7.572525408e-13,0
2008071101883_Node0_Node8_Zero,2008.897111,2009.093761,0,,3713,7.572525408e-13,0
2008076561662_Node0_Node8_Zero,2008.897111,2009.095871,0,,3713,7.572525408e-13,0
2008082021215_Node0_Node8_Zero,2008.897111,2009.095871,0,,3713,7.572525408e-13,0
2008087481302_Node0_Node8_Zero,2008.899041,2009.095871,0,,3624,7.572525408e-13,0
2008092941671_Node0_Node8_Zero,2008.899041,2009.095871,0,,3624,7.572525408e-13,0
2008098405101_Node0_Node8_Zero,2008.899041,2009.097941,0,,3624,7.572525408e-13,0
2008103871430_Node0_Node8_Zero,2008.900931,2009.097941,0,,3535,7.572525408e-13,0
2008109332709_Node0_Node8_Zero,2008.900931,2009.097941,0,,3535,7.572525408e-13,0
2008114801300_Node0_Node8_Zero,2008.900931,2009.097941,0,,3535,7.572525408e-13,0
2008120263803_Node0_Node8_Zero,2008.902921,2009.100011,0,,3446,7.572525408e-13,0
2008125728173_Node0_Node8_Zero,2008.902921,2009.100011,0,,3446,7.572525408e-13,0
2008131193184_Node0_Node8_Zero,2008.902921,2009.100011,0,,3446,7.572525408e-13,0
2008136658929_Node0_Node8_Zero,2008.904971,2009.100011,0,,3357,7.572525408e-13,0
2008142127935_Node0_Node8_Zero,2008.904971,2009.102201,0,,3357,7.572525408e-13,0
2008147595830_Node0_Node8_Zero,2008.904971,2009.102201,0,,3357,7.572525408e-13,0
2008153058309_Node0_Node8_Zero,2008.906881,2009.102201,0,,3268,7.572525408e-13,0
2008158523724_Node0_Node8_Zero,2008.906881,2009.102201,0,,3268,7.572525408e-13,0
2008163985277_Node0_Node8_Zero,2008.906881,2009.104171,0,,3268,7.572525408e-13,0
2008169447853_Node0_Node8_Zero,2008.908811,2009.104171,0,,3179,7.572525408e-13,0
2008174913495_Node0_Node8_Zero,2008.908811,2009.104171,0,,3179,7.572525408e-13,0
2008180373823_Node0_Node8_Zero,2008.908811,2009.104171,0,,3179,7.572525408e-13,0
2008185839511_Node0_Node8_Zero,2008.910741,2009.106201,0,,3090,7.572525408e-13,0
2008191305775_Node0_Node8_Zero,2008.910741,2009.106201,0,,3090,7.572525408e-13,0
2008196772517_Node0_Node8_Zero,2008.910741,2009.106201,0,,3090,7.572525408e-13,0
2008202234650_Node0_Node8_Zero,2008.912611,2009.106201,0,,3001,7.572525408e-13,0
2008207700493_Node0_Node8_Zero,2008.912611,2009.108151,0,,3001,7.572525408e-13,0
2008213168477_Node0_Node8_Zero,2008.912611,2009.108151,0,,3001,7.572525408e-13,0
2008218628755_Node0_Node8_Zero,2008.914581,2009.108151,0,,2912,7.572525408e-13,0
2008224097876_Node0_Node8_Zero,2008.914581,2009.108151,0,,2912,7.572525408e-13,0
2008229560313_Node0_Node8_Zero,2008.914581,2009.110101,0,,2912,7.572525408e-13,0
2008235027415_Node0_Node8_Zero,2008.916551,2009.110101,0,,2823,7.572525408e-13,0
2008240488349_Node0_Node8_Zero,2008.916551,2009.110101,0,,2823,7.572525408e-13,0
2008245956148_Node0_Node8_Zero,2008.916551,2009.110101,0,,2823,7.572525408e-13,0
2008251418099_Node0_Node8_Zero,2008.918561,2009.112211,0,,2734,7.572525408e-13,0
2008256880497_Node0_Node8_Zero,2008.918561,2009.112211,0,,2734,7.572525408e-13,0
2008262342611_Node0_Node8_Zero,2008.918561,2009.112211,0,,2734,7.572525408e-13,0
2008267811339_Node0_Node8_Zero,2008.920551,2009.112211,0,,2645,7.572525408e-13,0
2008273278303_Node0_Node8_Zero,2008.920551,2009.114261,0,,2645,7.572525408e-13,0
2008278740724_Node0_Node8_Zero,2008.920551,2009.114261,0,,2645,7.572525408e-13,0
2008284200413_Node0_Node8_Zero,2008.922601,2009.114261,0,,2556,7.572525408e-13,0
2008289665475_Node0_Node8_Zero,2008.922601,2009.114261,0,,2556,7.572525408e-13,0
2008295126475_Node0_Node8_Zero,2008.922601,2009.116191,0,,2556,7.572525408e-13,0
2008300588822_Node0_Node8_Zero,2008.924511,2009.116191,0,,2467,7.572525408e-13,0
2008306049361_Node0_Node8_Zero,2008.924511,2009.116191,0,,2467,7.572525408e-13,0
2008311517343_Node0_Node8_Zero,2008.924511,2009.116191,0,,2467,7.572525408e-13,0
2008316982800_Node0_Node8_Zero,2008.926521,2009.118341,0,,2378,7.572525408e-13,0
2008322450056_Node0_Node8_Zero,2008.926521,2009.118341,0,,2378,7.572525408e-13,0
2008327912562_Node0_Node8_Zero,2008.926521,2009.118341,0,,2378,7.572525408e-13,0
2008333378631_Node0_Node8_Zero,2008.928531,2009.118341,0,,2289,7.572525408e-13,0
2008338841295_Node0_Node8_Zero,2008.928531,2009.120411,0,,2289,7.572525408e-13,0
2008344302216_Node0_Node8_Zero,2008.928531,2009.120411,0,,2289,7.572525408e-13,0
2008360685335_Node0_Node8_Zero,2008.931181,2009.120411,0,,2198,7.572525408e-13,0
2008349763337_Node0_Node8_Zero,2008.932768,2009.120411,0,,2137,7.572525408e-13,0
2008355225564_Node0_Node8_Zero,2008.932768,2009.122581,0,,2137,7.572525408e-13,0
2008366151320_Node0_Node8_Zero,2008.934951,2009.122581,0,,2048,7.572525408e-13,0
2008371612091_Node0_Node8_Zero,2008.934951,2009.122581,0,,2048,7.572525408e-13,0
2008377075208_Node0_Node8_Zero,2008.934951,2009.122581,0,,2048,7.572525408e-13,0
2008382536377_Node0_Node8_Zero,2008.936981,2009.124671,0,,1959,7.572525408e-13,0
2008388003757_Node0_Node8_Zero,2008.936981,2009.124671,0,,1959,7.572525408e-13,0
2008393469634_Node0_Node8_Zero,2008.936981,2009.124671,0,,1959,7.572525408e-13,0
2008398934196_Node0_Node8_Zero,2008.939151,2009.124671,0,,1870,7.572525408e-13,0
2008404395699_Node0_Node8_Zero,2008.939151,2009.126801,0,,1870,7.572525408e-13,0
2008409863968_Node0_Node8_Zero,2008.939151,2009.126801,0,,1870,7.572525408e-13,0
2008415332819_Node0_Node8_Zero,2008.941021,2009.126801,0,,1781,7.572525408e-13,0
2008420794183_Node0_Node8_Zero,2008.941021,2009.126801,0,,1781,7.572525408e-13,0
2008426256128_Node0_Node8_Zero,2008.941021,2009.128991,0,,1781,7.572525408e-13,0
2008431718448_Node0_Node8_Zero,2008.943091,2009.128991,0,,1692,7.572525408e-13,0
2008437187305_Node0_Node8_Zero,2008.943091,2009.128991,0,,1692,7.572525408e-13,0
2008442653206_Node0_Node8_Zero,2008.943091,2009.128991,0,,1692,7.572525408e-13,0
2008448116344_Node0_Node8_Zero,2008.945221,2009.131061,0,,1603,7.572525408e-13,0
2008453582514_Node0_Node8_Zero,2008.945221,2009.131061,0,,1603,7.572525408e-13,0
2008459045440_Node0_Node8_Zero,2008.945221,2009.131061,0,,1603,7.572525408e-13,0
2008464507702_Node0_Node8_Zero,2008.947351,2009.131061,0,,1514,7.572525408e-13,0
2008469976415_Node0_Node8_Zero,2008.947351,2009.133011,0,,1514,7.572525408e-13,0
2008475440902_Node0_Node8_Zero,2008.947351,2009.133011,0,,1514,7.572525408e-13,0
2008480901674_Node0_Node8_Zero,2008.949221,2009.133011,0,,1425,7.572525408e-13,0
2008486368300_Node0_Node8_Zero,2008.949221,2009.133011,0,,1425,7.572525408e-13,0
2008491834314_Node0_Node8_Zero,2008.949221,2009.134941,0,,1425,7.572525408e-13,0
2008497299081_Node0_Node8_Zero,2008.951371,2009.134941,0,,1336,7.572525408e-13,0
2008502761080_Node0_Node8_Zero,2008.951371,2009.134941,0,,1336,7.572525408e-13,0
2008508228583_Node0_Node8_Zero,2008.951371,2009.134941,0,,1336,7.572525408e-13,0
2008513696078_Node0_Node8_Zero,2008.95592,2009.136991,0,,1247,7.572525408e-13,0
2008519163244_Node0_Node8_Zero,2008.95592,2009.136991,0,,1247,7.572525408e-13,0
2008524625991_Node0_Node8_Zero,2008.95592,2009.136991,0,,1247,7.572525408e-13,0
2008530092263_Node0_Node8_Zero,2008.95785,2009.136991,0,,1158,7.572525408e-13,0
2008535559958_Node0_Node8_Zero,2008.95785,2009.138941,0,,1158,7.572525408e-13,0
2008541022117_Node0_Node8_Zero,2008.95785,2009.138941,0,,1158,7.572525408e-13,0
2008546488331_Node0_Node8_Zero,2008.95978,2009.138941,0,,1069,7.572525408e-13,0
2008551950551_Node0_Node8_Zero,2008.95978,2009.138941,0,,1069,7.572525408e-13,0
2008557411613_Node0_Node8_Zero,2008.95978,2009.140851,0,,1069,7.572525408e-13,0
2008562880766_Node0_Node8_Zero,2008.96191,2009.140851,0,,980,7.572525408e-13,0
2008568350049_Node0_Node8_Zero,2008.96191,2009.140851,0,,980,7.572525408e-13,0
2008573817435_Node0_Node8_Zero,2008.96191,2009.140851,0,,980,7.572525408e-13,0
2008579277477_Node0_Node8_Zero,2008.96388,2009.142941,0,,891,7.572525408e-13,0
2008584738686_Node0_Node8_Zero,2008.96388,2009.142941,0,,891,7.572525408e-13,0
2008590200529_Node0_Node8_Zero,2008.96388,2009.142941,0,,891,7.572525408e-13,0
2008595662125_Node0_Node8_Zero,2008.96579,2009.142941,0,,802,7.572525408e-13,0
2008601121965_Node0_Node8_Zero,2008.96579,2009.145011,0,,802,7.572525408e-13,0
2008606584735_Node0_Node8_Zero,2008.96579,2009.145011,0,,802,7.572525408e-13,0
2008612046768_Node0_Node8_Zero,2008.96766,2009.145011,0,,713,7.572525408e-13,0
2008617515001_Node0_Node8_Zero,2008.96766,2009.145011,0,,713,7.572525408e-13,0
2008622981377_Node0_Node8_Zero,2008.96766,2009.147181,0,,713,7.572525408e-13,0
2008628445811_Node0_Node8_Zero,2008.96969,2009.147181,0,,624,7.572525408e-13,0
2008633906758_Node0_Node8_Zero,2008.96969,2009.147181,0,,624,7.572525408e-13,0
2008639372880_Node0_Node8_Zero,2008.96969,2009.147181,0,,624,7.572525408e-13,0
2008644839044_Node0_Node8_Zero,2008.9717,2009.149231,0,,535,7.572525408e-13,0
2008650304201_Node0_Node8_Zero,2008.9717,2009.149231,0,,535,7.572525408e-13,0
2008655773290_Node0_Node8_Zero,2008.9717,2009.149231,0,,535,7.572525408e-13,0
2008661242198_Node0_Node8_Zero,2008.97361,2009.149231,0,,446,7.572525408e-13,0
2008666703734_Node0_Node8_Zero,2008.97361,2009.151201,0,,446,7.572525408e-13,0
2008672170258_Node0_Node8_Zero,2008.97361,2009.151201,0,,446,7.572525408e-13,0
2008677636180_Node0_Node8_Zero,2008.97552,2009.151201,0,,357,7.572525408e-13,0
2008683105310_Node0_Node8_Zero,2008.97552,2009.151201,0,,357,7.572525408e-13,0
2008688564914_Node0_Node8_Zero,2008.97552,2009.153211,0,,357,7.572525408e-13,0
2008694026321_Node0_Node8_Zero,2008.97761,2009.153211,0,,268,7.572525408e-13,0
2008699494912_Node0_Node8_Zero,2008.97761,2009.153211,0,,268,7.572525408e-13,0
2008704963935_Node0_Node8_Zero,2008.97761,2009.153211,0,,268,7.572525408e-13,0
2008710423745_Node0_Node8_Zero,2008.9796,2009.155301,0,,179,7.572525408e-13,0
2008715888351_Node0_Node8_Zero,2008.9796,2009.155301,0,,179,7.572525408e-13,0
2008721352635_Node0_Node8_Zero,2008.9796,2009.155301,0,,179,7.572525408e-13,0
2008726821883_Node0_Node8_Zero,2008.98147,2009.155301,0,,90,7.572525408e-13,0
2008732291260_Node0_Node8_Zero,2008.98147,2009.157491,0,,90,7.572525408e-13,0
2008737753861_Node0_Node8_Zero,2008.98147,2009.157491,0,,90,7.572525408e-13,0
2008743220835_Node0_Node8_Zero,2008.98342,2009.157491,0,,1,7.572525408e-13,0
2008748687812_Node0_Node8_Zero,2008.98342,2009.157491,0,,1,7.572525408e-13,0
2008754149961_Node0_Node8_Zero,2008.98342,2009.158361,0,,1,7.572525408e-13,0
2008759612225_Node0_Node8_Zero,2009.160387,2009.165859,0,,178,7.572525408e-13,0
2008765079361_Node0_Node8_Zero,2009.160387,2009.165859,0,,178,7.572525408e-13,0
2008770542256_Node0_Node8_Zero,2009.160387,2009.165859,0,,178,7.572525408e-13,0
2008776004990_Node0_Node8_Zero,2009.162337,2009.167809,0,,90,7.572525408e-13,0
2008781466019_Node0_Node8_Zero,2009.162337,2009.167809,0,,90,7.572525408e-13,0
2008786926039_Node0_Node8_Zero,2009.162337,2009.167809,0,,90,7.572525408e-13,0
2008792386688_Node0_Node8_Zero,2009.164287,2009.167809,0,,1,7.572525408e-13,0
2008797851703_Node0_Node8_Zero,2009.164287,2009.169099,0,,1,7.572525408e-13,0
2008803315394_Node0_Node8_Zero,2009.164287,2009.169099,0,,1,7.572525408e-13,0
2008808775188_Node0_Node8_Zero,2009.171335,2009.176887,0,,178,7.572525408e-13,0
2008814238466_Node0_Node8_Zero,2009.171335,2009.176887,0,,178,7.572525408e-13,0
2008819706953_Node0_Node8_Zero,2009.171335,2009.176887,0,,178,7.572525408e-13,0
2008825168129_Node0_Node8_Zero,2009.173325,2009.179017,0,,90,7.572525408e-13,0
2008830636988_Node0_Node8_Zero,2009.173325,2009.179017,0,,90,7.572525408e-13,0
2008836099430_Node0_Node8_Zero,2009.173325,2009.179017,0,,90,7.572525408e-13,0
2008841562022_Node0_Node8_Zero,2009.175295,2009.179017,0,,1,7.572525408e-13,0
2008847030731_Node0_Node8_Zero,2009.175295,2009.180067,0,,1,7.572525408e-13,0
2008852495135_Node0_Node8_Zero,2009.175295,2009.180067,0,,1,7.572525408e-13,0
2008857958320_Node0_Node8_Zero,2009.182183,2009.187615,0,,178,7.572525408e-13,0
2008863426007_Node0_Node8_Zero,2009.182183,2009.187615,0,,178,7.572525408e-13,0
2008868888739_Node0_Node8_Zero,2009.182183,2009.187615,0,,178,7.572525408e-13,0
2008874354989_Node0_Node8_Zero,2009.184093,2009.189605,0,,90,7.572525408e-13,0
2008879818977_Node0_Node8_Zero,2009.184093,2009.189605,0,,90,7.572525408e-13,0
2008885287953_Node0_Node8_Zero,2009.184093,2009.189605,0,,90,7.572525408e-13,0
2008890747938_Node0_Node8_Zero,2009.186083,2009.189605,0,,1,7.572525408e-13,0
2008896215126_Node0_Node8_Zero,2009.186083,2009.190875,0,,1,7.572525408e-13,0
2008901675571_Node0_Node8_Zero,2009.186083,2009.190875,0,,1,7.572525408e-13,0
2008907142827_Node0_Node8_Zero,2009.192991,2009.200437,0,,267,7.572525408e-13,0
2008912606143_Node0_Node8_Zero,2009.192991,2009.200437,0,,267,7.572525408e-13,0
2008918065885_Node0_Node8_Zero,2009.192991,2009.200437,0,,267,7.572525408e-13,0
2008923525900_Node0_Node8_Zero,2009.194901,2009.202627,0,,179,7.572525408e-13,0
2008928986923_Node0_Node8_Zero,2009.194901,2009.202627,0,,179,7.572525408e-13,0
2008934447350_Node0_Node8_Zero,2009.194901,2009.202627,0,,179,7.572525408e-13,0
2008939916650_Node0_Node8_Zero,2009.196931,2009.202627,0,,90,7.572525408e-13,0
2008945382736_Node0_Node8_Zero,2009.196931,2009.204817,0,,90,7.572525408e-13,0
2008950844251_Node0_Node8_Zero,2009.196931,2009.204817,0,,90,7.572525408e-13,0
2008956311873_Node0_Node8_Zero,2009.198861,2009.204817,0,,1,7.572525408e-13,0
2008961776251_Node0_Node8_Zero,2009.198861,2009.204817,0,,1,7.572525408e-13,0
2008967240166_Node0_Node8_Zero,2009.198861,2009.205487,0,,1,7.572525408e-13,0
2008972706744_Node0_Node8_Zero,2009.207479,2009.2092,0,,0,7.572525408e-13,0
2008978172461_Node0_Node8_Zero,2009.207479,2009.2092,0,,0,7.572525408e-13,0
2008983634116_Node0_Node8_Zero,2009.207479,2009.2092,0,,0,7.572525408e-13,0
2008989101333_Node0_Node8_Zero,2009.211447,2009.212618,0,,0,7.572525408e-13,0
2008994563059_Node0_Node8_Zero,2009.211447,2009.212618,0,,0,7.572525408e-13,0
2009000032163_Node0_Node8_Zero,2009.216799,2009.21805,0,,0,7.572525408e-13,0
2009005491759_Node0_Node8_Zero,2009.216799,2009.21805,0,,0,7.572525408e-13,0
2009010956826_Node0_Node8_Zero,2009.222807,2009.223998,0,,0,7.572525408e-13,0
2009016416755_Node0_Node8_Zero,2009.222807,2009.223998,0,,0,7.572525408e-13,0
2009021885200_Node0_Node8_Zero,2009.226236,2009.229252,0,,89,7.572525408e-13,0
2009027349424_Node0_Node8_Zero,2009.226236,2009.229252,0,,89,7.572525408e-13,0
2009032818010_Node0_Node8_Zero,2009.228159,2009.230522,0,,1,7.572525408e-13,0
2009038280553_Node0_Node8_Zero,2009.228159,2009.230522,0,,1,7.572525408e-13,0
2009043746353_Node0_Node8_Zero,2009.232719,2009.237677,0,,178,7.572525408e-13,0
2009049215048_Node0_Node8_Zero,2009.232719,2009.237677,0,,178,7.572525408e-13,0
2009054678650_Node0_Node8_Zero,2009.234702,2009.239607,0,,90,7.572525408e-13,0
2009060140120_Node0_Node8_Zero,2009.234702,2009.239607,0,,90,7.572525408e-13,0
2009065608110_Node0_Node8_Zero,2009.236524,2009.239607,0,,1,7.572525408e-13,0
2009071070666_Node0_Node8_Zero,2009.236524,2009.239607,0,,1,7.572525408e-13,0
2009076538926_Node0_Node8_Zero,2009.242025,2009.243176,0,,0,7.572525408e-13,0
2009082001242_Node0_Node8_Zero,2009.242025,2009.243176,0,,0,7.572525408e-13,0
2009087469734_Node0_Node8_Zero,2009.253387,2009.26048,0,,266,7.572525408e-13,0
2009092938232_Node0_Node8_Zero,2009.253387,2009.26048,0,,266,7.572525408e-13,0
2009098399051_Node0_Node8_Zero,2009.255269,2009.26223,0,,178,7.572525408e-13,0
2009103865029_Node0_Node8_Zero,2009.255269,2009.26223,0,,178,7.572525408e-13,0
2009109328460_Node0_Node8_Zero,2009.257252,2009.26223,0,,89,7.572525408e-13,0
2009120253567_Node0_Node8_Zero,2009.264711,2009.266023,0,,0,7.572525408e-13,0
2009125713641_Node0_Node8_Zero,2009.264711,2009.266023,0,,0,7.572525408e-13,0
2009131176603_Node0_Node8_Zero,2009.272219,2009.27343,0,,0,7.572525408e-13,0
2009136644919_Node0_Node8_Zero,2009.272219,2009.27343,0,,0,7.572525408e-13,0
2009142106322_Node0_Node8_Zero,2009.2816,2009.298664,0,,544,7.572525408e-13,0
2009147565829_Node0_Node8_Zero,2009.2816,2009.298664,0,,544,7.572525408e-13,0
2009153031648_Node0_Node8_Zero,2009.283662,2009.30346,0,,547,7.572525408e-13,0
2009158495695_Node0_Node8_Zero,2009.283662,2009.30346,0,,547,7.572525408e-13,0
2009163955839_Node0_Node8_Zero,2009.286972,2009.30346,0,,456,7.572525408e-13,0
2009180354959_Node0_Node8_Zero,2009.294718,2009.30346,0,,183,7.572525408e-13,0
2009114793190_Node0_Node8_Zero,2009.32035,2009.326149,0,,180,7.572525408e-13,0
2009196757411_Node0_Node8_Zero,2009.52851,2009.532796,0,,130,7.572525408e-13,0
2009202223845_Node0_Node8_Zero,2009.537053,2009.539837,0,,0,7.572525408e-13,0
2009218609161_Node0_Node8_Zero,2009.559594,2009.56696,0,,58,7.572525408e-13,0
2009224076492_Node0_Node8_Zero,2009.559594,2009.56696,0,,58,7.572525408e-13,0
2009229542470_Node0_Node8_Zero,2009.573573,2009.600041,0,,635,7.572525408e-13,0
2009235005982_Node0_Node8_Zero,2009.573573,2009.600041,0,,635,7.572525408e-13,0
2009240474371_Node0_Node8_Zero,2009.57573,2009.602023,0,,547,7.572525408e-13,0
2009245943783_Node0_Node8_Zero,2009.582442,2009.602023,0,,361,7.572525408e-13,0
2009256874992_Node0_Node8_Zero,2009.585504,2009.602023,0,,272,7.572525408e-13,0
2009262343521_Node0_Node8_Zero,2009.598857,2009.602023,0,,1,7.572525408e-13,0
2009267807045_Node0_Node8_Zero,2009.598857,2009.604666,0,,1,7.572525408e-13,0
2009273273515_Node0_Node8_Zero,2009.609794,2009.6123,0,,26,7.572525408e-13,0
2009278740543_Node0_Node8_Zero,2009.609794,2009.6123,0,,26,7.572525408e-13,0
2009306069602_Node0_Node8_Zero,2009.690593,2009.70194,0,,449,7.572525408e-13,0
2009316999650_Node0_Node8_Zero,2009.707123,2009.711311,0,,90,7.572525408e-13,0
2009322462077_Node0_Node8_Zero,2009.731333,2009.732852,0,,2,7.572525408e-13,0
2009185821224_Node0_Node8_Zero,2010.171793,2010.183177,0,,142,7.572525408e-13,0
2009289671781_Node0_Node8_Zero,2010.566315,2010.581556,0,,210,7.572525408e-13,0
2001508276449_Node0_Node8_Zero,2010.668778,2010.668778,1,Expiry,0,1.5753746448000003e-11,nan
2001513743316_Node0_Node8_Zero,2010.668778,2010.668778,1,Expiry,0,1.5753746448000003e-11,nan
2001519212523_Node0_Node8_Zero,2010.668778,2010.668778,1,Expiry,0,1.5753746448000003e-11,nan
2001524681586_Node0_Node8_Zero,2010.668778,2010.668778,1,Expiry,0,1.5753746448000003e-11,nan
2009338860974_Node0_Node8_Zero,2010.819444,2010.878113,0,,1995,7.572525408e-13,0
2009333393273_Node0_Node8_Zero,2010.821913,2010.887925,0,,2089,7.572525408e-13,0
2009349791450_Node0_Node8_Zero,2010.833259,2010.887925,0,,1637,7.572525408e-13,0
2009360715658_Node0_Node8_Zero,2010.83554,2010.887925,0,,1543,7.572525408e-13,0
2009366179727_Node0_Node8_Zero,2010.837793,2010.887925,0,,1451,7.572525408e-13,0
2009344326518_Node0_Node8_Zero,2010.840483,2010.889955,0,,1360,7.572525408e-13,0
2009355251091_Node0_Node8_Zero,2010.848453,2010.889955,0,,1092,7.572525408e-13,0
2009371642352_Node0_Node8_Zero,2010.857696,2010.889955,0,,726,7.572525408e-13,0
2009377105347_Node0_Node8_Zero,2010.860176,2010.889955,0,,636,7.572525408e-13,0
2009388037755_Node0_Node8_Zero,2011.013743,2011.380332,1,RetryLimit,7117,0,nan
2009382570150_Node0_Node8_Zero,2011.041614,2011.417709,0,,7059,7.572525408e-13,0
2009398969980_Node0_Node8_Zero,2011.107818,2011.417709,0,,5895,7.572525408e-13,0
2009415367851_Node0_Node8_Zero,2011.145388,2011.417709,0,,5206,7.572525408e-13,0
2009426289935_Node0_Node8_Zero,2011.162332,2011.417709,0,,4814,7.572525408e-13,0
2009404436700_Node0_Node8_Zero,2011.173863,2011.425985,0,,4748,7.572525408e-13,0
2009437217511_Node0_Node8_Zero,2011.212535,2011.425985,0,,4200,7.572525408e-13,0
2009442686750_Node0_Node8_Zero,2011.218093,2011.425985,0,,4017,7.572525408e-13,0
2009448150941_Node0_Node8_Zero,2011.239389,2011.425985,0,,3360,7.572525408e-13,0
2009453610545_Node0_Node8_Zero,2011.248496,2011.428029,0,,3181,7.572525408e-13,0
2009470003828_Node0_Node8_Zero,2011.264815,2011.428029,0,,2753,7.572525408e-13,0
2009475466385_Node0_Node8_Zero,2011.362442,2011.428029,0,,717,7.572525408e-13,0
2009480933699_Node0_Node8_Zero,2011.377897,2011.428029,0,,476,7.572525408e-13,0
2009502788549_Node0_Node8_Zero,2011.405298,2011.428939,0,,476,7.572525408e-13,0
2009524651656_Node0_Node8_Zero,2011.48827,2011.642744,0,,3865,7.572525408e-13,0
2009530116977_Node0_Node8_Zero,2011.497135,2011.750756,0,,3770,7.572525408e-13,0
2009535576652_Node0_Node8_Zero,2011.504253,2011.750756,0,,3590,7.572525408e-13,0
2009551969824_Node0_Node8_Zero,2011.544031,2011.750756,0,,2331,7.572525408e-13,0
2009541038241_Node0_Node8_Zero,2011.553895,2011.750756,0,,2143,7.572525408e-13,0
2009568365643_Node0_Node8_Zero,2011.565998,2011.883464,0,,3089,7.572525408e-13,0
2009579291822_Node0_Node8_Zero,2011.592213,2011.883464,0,,2519,7.572525408e-13,0
2009573826788_Node0_Node8_Zero,2011.743251,2011.883464,0,,1348,7.572525408e-13,0
2009431750824_Node0_Node8_Zero,2011.807773,2012.070304,0,,838,7.572525408e-13,0
2009486394046_Node0_Node8_Zero,2012.059839,2012.151076,0,,575,7.572525408e-13,0
2009601137840_Node0_Node8_Zero,2012.133558,2012.151076,0,,574,7.572525408e-13,0
2009606603171_Node0_Node8_Zero,2012.141716,2012.151986,0,,273,7.572525408e-13,0
2009628467405_Node0_Node8_Zero,2012.185183,2012.197456,0,,357,7.572525408e-13,0
2009612068646_Node0_Node8_Zero,2012.228718,2012.231171,0,,0,7.572525408e-13,0
2009633934071_Node0_Node8_Zero,2012.235925,2012.241047,0,,44,7.572525408e-13,0
2009650336162_Node0_Node8_Zero,2012.285309,2012.288862,0,,90,7.572525408e-13,0
2009677653825_Node0_Node8_Zero,2012.355417,2012.380912,0,,395,7.572525408e-13,0
2009666724910_Node0_Node8_Zero,2012.503836,2012.514908,0,,0,7.572525408e-13,0
2009617535647_Node0_Node8_Zero,2012.548208,2012.626031,1,Expiry,449,0,nan
2009590215940_Node0_Node8_Zero,2012.761167,2012.761167,1,Expiry,0,1.9268632716039005e-12,nan
2009595677607_Node0_Node8_Zero,2013.010858,2013.010858,1,Expiry,0,1.4009934516039004e-12,nan
2009655803564_Node0_Node8_Zero,2013.088918,2013.088918,1,Expiry,0,5.258698200000001e-13,nan
2009207684797_Node0_Node8_Zero,2013.106754,2013.106754,1,Expiry,0,1.6778493138151083e-12,nan
2009213145481_Node0_Node8_Zero,2013.106754,2013.106754,1,Expiry,0,1.6778493138151083e-12,nan
2009688585347_Node0_Node8_Zero,2013.333769,2013.333769,1,Expiry,0,1.4009934516039004e-12,nan
2009683116570_Node0_Node8_Zero,2013.336168,2013.336168,1,Expiry,0,5.258698200000001e-13,nan
2005464567538_Node0_Node8_Zero,2013.352588,2013.352588,1,Expiry,0,1.4009934516039004e-12,nan
2005470032637_Node0_Node8_Zero,2013.352588,2013.352588,1,Expiry,0,1.4009934516039004e-12,nan
2005475494785_Node0_Node8_Zero,2013.361725,2013.361725,1,Expiry,0,1.4009934516039004e-12,nan
2005480959547_Node0_Node8_Zero,2013.361725,2013.361725,1,Expiry,0,1.4009934516039004e-12,nan
2009169420319_Node0_Node8_Zero,2013.453367,2013.453367,1,Expiry,0,1.04925114e-12,nan
2005218653421_Node0_Node8_Zero,2013.577144,2013.577144,1,Expiry,0,1.04925114e-12,nan
2005437249147_Node0_Node8_Zero,2013.610728,2013.610728,1,Expiry,0,5.258698200000001e-13,nan
2005453635503_Node0_Node8_Zero,2013.612975,2013.612975,1,Expiry,0,1.5628081867056197e-12,nan
2009174886540_Node0_Node8_Zero,2013.664396,2013.664396,1,Expiry,0,1.04925114e-12,nan
2009311538390_Node0_Node8_Zero,2013.807038,2013.807038,1,Expiry,0,1.4009934516039004e-12,nan
2005284244448_Node0_Node8_Zero,2013.929071,2013.929071,1,Expiry,0,5.258698200000001e-13,nan
