Transmitting_Power = 0.007663753805745297, Maximum_Transmitting_Power = 0.10059677066255387
MAX_Transmission_Range = 1223.8180011750112, MAX_Transmission_Range_Squared = 1497730.4999999998
parameters.py INITIALIZED
mobility parameters INITIALIZED
Seed: 7447
Traffic flows: 1
Trajectory Run No./ Mobility Model : TCPIPE_BSCAP_
Seed value: 7447
Mobility Model: TCPIPE_BSCAP_
Number of Nodes: 8 UAVs + 1 BS; Node Speed: 40 m/s
Data Rate: [3] Mbps
Percentage Node Failure: 0
TC_PIPE_mobility_ON: True
Transmitting_Power = 0.007663753805745297, Maximum_Transmitting_Power = 0.10059677066255387
MAX_Transmission_Range = 1223.8180011750112, MAX_Transmission_Range_Squared = 1497730.4999999998
parameters.py INITIALIZED
mobility parameters INITIALIZED
node.py: Node0 created with coordinates 0 2000 with routing power 0.007664
node.py: Node1 created with coordinates 500 2000 with routing power 0.007664
node.py: Node2 created with coordinates 1000 2000 with routing power 0.007664
node.py: Node3 created with coordinates 1500 2000 with routing power 0.007664
node.py: Node4 created with coordinates 2000 2000 with routing power 0.007664
node.py: Node5 created with coordinates 2500 2000 with routing power 0.007664
node.py: Node6 created with coordinates 3000 2000 with routing power 0.007664
node.py: Node7 created with coordinates 3500 2000 with routing power 0.007664
node.py: Node8 created with coordinates 4000 2000 with routing power 0.007664
node.py: Node9 created with coordinates 0 0 with routing power 0.007664
SIM_TIME_MOBILITY =  2014
MAX TRANSMISSION RANGE for all nodes - mobility.py =  1223.8180011750112
DATA_RATE =  [3]  No._Nodes =  9  Map_Size =  4000 x 4000
MOBILITY PROCESS (^) and NETWORK UPDATE (rf.updateNetworkTopology(env,nodes) HAS BEEN STARTED 
Multiple Targets located at  [[2000 4000]]
main.py: Progress: 0 / 2014
main.py: Progress: 1 / 2014
main.py: Progress: 2 / 2014
main.py: Progress: 3 / 2014
main.py: Progress: 4 / 2014
main.py: Progress: 5 / 2014
main.py: Progress: 6 / 2014
main.py: Progress: 7 / 2014
main.py: Progress: 8 / 2014
main.py: Progress: 9 / 2014
main.py: Progress: 10 / 2014
main.py: Progress: 11 / 2014
main.py: Progress: 12 / 2014
main.py: Progress: 13 / 2014
main.py: Progress: 14 / 2014
main.py: Progress: 15 / 2014
main.py: Progress: 16 / 2014
main.py: Progress: 17 / 2014
main.py: Progress: 18 / 2014
main.py: Progress: 19 / 2014
main.py: Progress: 20 / 2014
main.py: Progress: 21 / 2014
main.py: Progress: 22 / 2014
main.py: Progress: 23 / 2014
main.py: Progress: 24 / 2014
main.py: Progress: 25 / 2014
main.py: Progress: 26 / 2014
main.py: Progress: 27 / 2014
main.py: Progress: 28 / 2014
main.py: Progress: 29 / 2014
main.py: Progress: 30 / 2014
main.py: Progress: 31 / 2014
main.py: Progress: 32 / 2014
main.py: Progress: 33 / 2014
main.py: Progress: 34 / 2014
main.py: Progress: 35 / 2014
main.py: Progress: 36 / 2014
main.py: Progress: 37 / 2014
main.py: Progress: 38 / 2014
main.py: Progress: 39 / 2014
main.py: Progress: 40 / 2014
main.py: Progress: 41 / 2014
main.py: Progress: 42 / 2014
main.py: Progress: 43 / 2014
main.py: Progress: 44 / 2014
main.py: Progress: 45 / 2014
main.py: Progress: 46 / 2014
main.py: Progress: 47 / 2014
main.py: Progress: 48 / 2014
main.py: Progress: 49 / 2014
main.py: Progress: 50 / 2014
main.py: Progress: 51 / 2014
main.py: Progress: 52 / 2014
main.py: Progress: 53 / 2014
main.py: Progress: 54 / 2014
main.py: Progress: 55 / 2014
main.py: Progress: 56 / 2014
main.py: Progress: 57 / 2014
main.py: Progress: 58 / 2014
main.py: Progress: 59 / 2014
main.py: Progress: 60 / 2014
main.py: Progress: 61 / 2014
main.py: Progress: 62 / 2014
main.py: Progress: 63 / 2014
main.py: Progress: 64 / 2014
main.py: Progress: 65 / 2014
main.py: Progress: 66 / 2014
main.py: Progress: 67 / 2014
main.py: Progress: 68 / 2014
main.py: Progress: 69 / 2014
main.py: Progress: 70 / 2014
main.py: Progress: 71 / 2014
main.py: Progress: 72 / 2014
main.py: Progress: 73 / 2014
main.py: Progress: 74 / 2014
main.py: Progress: 75 / 2014
main.py: Progress: 76 / 2014
main.py: Progress: 77 / 2014
main.py: Progress: 78 / 2014
main.py: Progress: 79 / 2014
main.py: Progress: 80 / 2014
main.py: Progress: 81 / 2014
main.py: Progress: 82 / 2014
main.py: Progress: 83 / 2014
main.py: Progress: 84 / 2014
main.py: Progress: 85 / 2014
main.py: Progress: 86 / 2014
main.py: Progress: 87 / 2014
main.py: Progress: 88 / 2014
main.py: Progress: 89 / 2014
main.py: Progress: 90 / 2014
main.py: Progress: 91 / 2014
main.py: Progress: 92 / 2014
main.py: Progress: 93 / 2014
main.py: Progress: 94 / 2014
main.py: Progress: 95 / 2014
main.py: Progress: 96 / 2014
main.py: Progress: 97 / 2014
main.py: Progress: 98 / 2014
main.py: Progress: 99 / 2014
main.py: Progress: 100 / 2014
main.py: Progress: 101 / 2014
main.py: Progress: 102 / 2014
main.py: Progress: 103 / 2014
main.py: Progress: 104 / 2014
main.py: Progress: 105 / 2014
main.py: Progress: 106 / 2014
main.py: Progress: 107 / 2014
main.py: Progress: 108 / 2014
main.py: Progress: 109 / 2014
main.py: Progress: 110 / 2014
main.py: Progress: 111 / 2014
main.py: Progress: 112 / 2014
main.py: Progress: 113 / 2014
main.py: Progress: 114 / 2014
main.py: Progress: 115 / 2014
main.py: Progress: 116 / 2014
main.py: Progress: 117 / 2014
main.py: Progress: 118 / 2014
main.py: Progress: 119 / 2014
main.py: Progress: 120 / 2014
main.py: Progress: 121 / 2014
main.py: Progress: 122 / 2014
main.py: Progress: 123 / 2014
main.py: Progress: 124 / 2014
main.py: Progress: 125 / 2014
main.py: Progress: 126 / 2014
main.py: Progress: 127 / 2014
main.py: Progress: 128 / 2014
main.py: Progress: 129 / 2014
main.py: Progress: 130 / 2014
main.py: Progress: 131 / 2014
main.py: Progress: 132 / 2014
main.py: Progress: 133 / 2014
main.py: Progress: 134 / 2014
main.py: Progress: 135 / 2014
main.py: Progress: 136 / 2014
main.py: Progress: 137 / 2014
main.py: Progress: 138 / 2014
main.py: Progress: 139 / 2014
main.py: Progress: 140 / 2014
main.py: Progress: 141 / 2014
main.py: Progress: 142 / 2014
main.py: Progress: 143 / 2014
main.py: Progress: 144 / 2014
main.py: Progress: 145 / 2014
main.py: Progress: 146 / 2014
main.py: Progress: 147 / 2014
main.py: Progress: 148 / 2014
main.py: Progress: 149 / 2014
main.py: Progress: 150 / 2014
main.py: Progress: 151 / 2014
main.py: Progress: 152 / 2014
main.py: Progress: 153 / 2014
main.py: Progress: 154 / 2014
main.py: Progress: 155 / 2014
main.py: Progress: 156 / 2014
main.py: Progress: 157 / 2014
main.py: Progress: 158 / 2014
main.py: Progress: 159 / 2014
main.py: Progress: 160 / 2014
main.py: Progress: 161 / 2014
main.py: Progress: 162 / 2014
main.py: Progress: 163 / 2014
main.py: Progress: 164 / 2014
main.py: Progress: 165 / 2014
main.py: Progress: 166 / 2014
main.py: Progress: 167 / 2014
main.py: Progress: 168 / 2014
main.py: Progress: 169 / 2014
main.py: Progress: 170 / 2014
main.py: Progress: 171 / 2014
main.py: Progress: 172 / 2014
main.py: Progress: 173 / 2014
main.py: Progress: 174 / 2014
main.py: Progress: 175 / 2014
main.py: Progress: 176 / 2014
main.py: Progress: 177 / 2014
main.py: Progress: 178 / 2014
main.py: Progress: 179 / 2014
main.py: Progress: 180 / 2014
main.py: Progress: 181 / 2014
main.py: Progress: 182 / 2014
main.py: Progress: 183 / 2014
main.py: Progress: 184 / 2014
main.py: Progress: 185 / 2014
main.py: Progress: 186 / 2014
main.py: Progress: 187 / 2014
main.py: Progress: 188 / 2014
main.py: Progress: 189 / 2014
main.py: Progress: 190 / 2014
main.py: Progress: 191 / 2014
main.py: Progress: 192 / 2014
main.py: Progress: 193 / 2014
main.py: Progress: 194 / 2014
main.py: Progress: 195 / 2014
main.py: Progress: 196 / 2014
main.py: Progress: 197 / 2014
main.py: Progress: 198 / 2014
main.py: Progress: 199 / 2014
main.py: Progress: 200 / 2014
main.py: Progress: 201 / 2014
main.py: Progress: 202 / 2014
main.py: Progress: 203 / 2014
main.py: Progress: 204 / 2014
main.py: Progress: 205 / 2014
main.py: Progress: 206 / 2014
main.py: Progress: 207 / 2014
main.py: Progress: 208 / 2014
main.py: Progress: 209 / 2014
main.py: Progress: 210 / 2014
main.py: Progress: 211 / 2014
main.py: Progress: 212 / 2014
main.py: Progress: 213 / 2014
main.py: Progress: 214 / 2014
main.py: Progress: 215 / 2014
main.py: Progress: 216 / 2014
main.py: Progress: 217 / 2014
main.py: Progress: 218 / 2014
main.py: Progress: 219 / 2014
main.py: Progress: 220 / 2014
main.py: Progress: 221 / 2014
main.py: Progress: 222 / 2014
main.py: Progress: 223 / 2014
main.py: Progress: 224 / 2014
main.py: Progress: 225 / 2014
main.py: Progress: 226 / 2014
main.py: Progress: 227 / 2014
main.py: Progress: 228 / 2014
main.py: Progress: 229 / 2014
main.py: Progress: 230 / 2014
main.py: Progress: 231 / 2014
main.py: Progress: 232 / 2014
main.py: Progress: 233 / 2014
main.py: Progress: 234 / 2014
main.py: Progress: 235 / 2014
main.py: Progress: 236 / 2014
main.py: Progress: 237 / 2014
main.py: Progress: 238 / 2014
main.py: Progress: 239 / 2014
main.py: Progress: 240 / 2014
main.py: Progress: 241 / 2014
main.py: Progress: 242 / 2014
main.py: Progress: 243 / 2014
main.py: Progress: 244 / 2014
main.py: Progress: 245 / 2014
main.py: Progress: 246 / 2014
main.py: Progress: 247 / 2014
main.py: Progress: 248 / 2014
main.py: Progress: 249 / 2014
main.py: Progress: 250 / 2014
main.py: Progress: 251 / 2014
main.py: Progress: 252 / 2014
main.py: Progress: 253 / 2014
main.py: Progress: 254 / 2014
main.py: Progress: 255 / 2014
main.py: Progress: 256 / 2014
main.py: Progress: 257 / 2014
main.py: Progress: 258 / 2014
main.py: Progress: 259 / 2014
main.py: Progress: 260 / 2014
main.py: Progress: 261 / 2014
main.py: Progress: 262 / 2014
main.py: Progress: 263 / 2014
main.py: Progress: 264 / 2014
main.py: Progress: 265 / 2014
main.py: Progress: 266 / 2014
main.py: Progress: 267 / 2014
main.py: Progress: 268 / 2014
main.py: Progress: 269 / 2014
main.py: Progress: 270 / 2014
main.py: Progress: 271 / 2014
main.py: Progress: 272 / 2014
main.py: Progress: 273 / 2014
main.py: Progress: 274 / 2014
main.py: Progress: 275 / 2014
main.py: Progress: 276 / 2014
main.py: Progress: 277 / 2014
main.py: Progress: 278 / 2014
main.py: Progress: 279 / 2014
main.py: Progress: 280 / 2014
main.py: Progress: 281 / 2014
main.py: Progress: 282 / 2014
main.py: Progress: 283 / 2014
main.py: Progress: 284 / 2014
main.py: Progress: 285 / 2014
main.py: Progress: 286 / 2014
main.py: Progress: 287 / 2014
main.py: Progress: 288 / 2014
main.py: Progress: 289 / 2014
main.py: Progress: 290 / 2014
main.py: Progress: 291 / 2014
main.py: Progress: 292 / 2014
main.py: Progress: 293 / 2014
main.py: Progress: 294 / 2014
main.py: Progress: 295 / 2014
main.py: Progress: 296 / 2014
main.py: Progress: 297 / 2014
main.py: Progress: 298 / 2014
main.py: Progress: 299 / 2014
main.py: Progress: 300 / 2014
main.py: Progress: 301 / 2014
main.py: Progress: 302 / 2014
main.py: Progress: 303 / 2014
main.py: Progress: 304 / 2014
main.py: Progress: 305 / 2014
main.py: Progress: 306 / 2014
main.py: Progress: 307 / 2014
main.py: Progress: 308 / 2014
main.py: Progress: 309 / 2014
main.py: Progress: 310 / 2014
main.py: Progress: 311 / 2014
main.py: Progress: 312 / 2014
main.py: Progress: 313 / 2014
main.py: Progress: 314 / 2014
main.py: Progress: 315 / 2014
main.py: Progress: 316 / 2014
main.py: Progress: 317 / 2014
main.py: Progress: 318 / 2014
main.py: Progress: 319 / 2014
main.py: Progress: 320 / 2014
main.py: Progress: 321 / 2014
main.py: Progress: 322 / 2014
main.py: Progress: 323 / 2014
main.py: Progress: 324 / 2014
main.py: Progress: 325 / 2014
main.py: Progress: 326 / 2014
main.py: Progress: 327 / 2014
main.py: Progress: 328 / 2014
main.py: Progress: 329 / 2014
main.py: Progress: 330 / 2014
main.py: Progress: 331 / 2014
main.py: Progress: 332 / 2014
main.py: Progress: 333 / 2014
main.py: Progress: 334 / 2014
main.py: Progress: 335 / 2014
main.py: Progress: 336 / 2014
main.py: Progress: 337 / 2014
main.py: Progress: 338 / 2014
main.py: Progress: 339 / 2014
main.py: Progress: 340 / 2014
main.py: Progress: 341 / 2014
main.py: Progress: 342 / 2014
main.py: Progress: 343 / 2014
main.py: Progress: 344 / 2014
main.py: Progress: 345 / 2014
main.py: Progress: 346 / 2014
main.py: Progress: 347 / 2014
main.py: Progress: 348 / 2014
main.py: Progress: 349 / 2014
main.py: Progress: 350 / 2014
main.py: Progress: 351 / 2014
main.py: Progress: 352 / 2014
main.py: Progress: 353 / 2014
main.py: Progress: 354 / 2014
main.py: Progress: 355 / 2014
main.py: Progress: 356 / 2014
main.py: Progress: 357 / 2014
main.py: Progress: 358 / 2014
main.py: Progress: 359 / 2014
main.py: Progress: 360 / 2014
main.py: Progress: 361 / 2014
main.py: Progress: 362 / 2014
main.py: Progress: 363 / 2014
main.py: Progress: 364 / 2014
main.py: Progress: 365 / 2014
main.py: Progress: 366 / 2014
main.py: Progress: 367 / 2014
main.py: Progress: 368 / 2014
main.py: Progress: 369 / 2014
main.py: Progress: 370 / 2014
main.py: Progress: 371 / 2014
main.py: Progress: 372 / 2014
main.py: Progress: 373 / 2014
main.py: Progress: 374 / 2014
main.py: Progress: 375 / 2014
main.py: Progress: 376 / 2014
main.py: Progress: 377 / 2014
main.py: Progress: 378 / 2014
main.py: Progress: 379 / 2014
main.py: Progress: 380 / 2014
main.py: Progress: 381 / 2014
main.py: Progress: 382 / 2014
main.py: Progress: 383 / 2014
main.py: Progress: 384 / 2014
main.py: Progress: 385 / 2014
main.py: Progress: 386 / 2014
main.py: Progress: 387 / 2014
main.py: Progress: 388 / 2014
main.py: Progress: 389 / 2014
main.py: Progress: 390 / 2014
main.py: Progress: 391 / 2014
main.py: Progress: 392 / 2014
main.py: Progress: 393 / 2014
main.py: Progress: 394 / 2014
main.py: Progress: 395 / 2014
main.py: Progress: 396 / 2014
main.py: Progress: 397 / 2014
main.py: Progress: 398 / 2014
main.py: Progress: 399 / 2014
main.py: Progress: 400 / 2014
main.py: Progress: 401 / 2014
main.py: Progress: 402 / 2014
main.py: Progress: 403 / 2014
main.py: Progress: 404 / 2014
main.py: Progress: 405 / 2014
main.py: Progress: 406 / 2014
main.py: Progress: 407 / 2014
main.py: Progress: 408 / 2014
main.py: Progress: 409 / 2014
main.py: Progress: 410 / 2014
main.py: Progress: 411 / 2014
main.py: Progress: 412 / 2014
main.py: Progress: 413 / 2014
main.py: Progress: 414 / 2014
main.py: Progress: 415 / 2014
main.py: Progress: 416 / 2014
main.py: Progress: 417 / 2014
main.py: Progress: 418 / 2014
main.py: Progress: 419 / 2014
main.py: Progress: 420 / 2014
main.py: Progress: 421 / 2014
main.py: Progress: 422 / 2014
main.py: Progress: 423 / 2014
main.py: Progress: 424 / 2014
main.py: Progress: 425 / 2014
main.py: Progress: 426 / 2014
main.py: Progress: 427 / 2014
main.py: Progress: 428 / 2014
main.py: Progress: 429 / 2014
main.py: Progress: 430 / 2014
main.py: Progress: 431 / 2014
main.py: Progress: 432 / 2014
main.py: Progress: 433 / 2014
main.py: Progress: 434 / 2014
main.py: Progress: 435 / 2014
main.py: Progress: 436 / 2014
main.py: Progress: 437 / 2014
main.py: Progress: 438 / 2014
main.py: Progress: 439 / 2014
main.py: Progress: 440 / 2014
main.py: Progress: 441 / 2014
main.py: Progress: 442 / 2014
main.py: Progress: 443 / 2014
main.py: Progress: 444 / 2014
main.py: Progress: 445 / 2014
main.py: Progress: 446 / 2014
main.py: Progress: 447 / 2014
main.py: Progress: 448 / 2014
main.py: Progress: 449 / 2014
main.py: Progress: 450 / 2014
main.py: Progress: 451 / 2014
main.py: Progress: 452 / 2014
main.py: Progress: 453 / 2014
main.py: Progress: 454 / 2014
main.py: Progress: 455 / 2014
main.py: Progress: 456 / 2014
main.py: Progress: 457 / 2014
main.py: Progress: 458 / 2014
main.py: Progress: 459 / 2014
main.py: Progress: 460 / 2014
main.py: Progress: 461 / 2014
main.py: Progress: 462 / 2014
main.py: Progress: 463 / 2014
main.py: Progress: 464 / 2014
main.py: Progress: 465 / 2014
main.py: Progress: 466 / 2014
main.py: Progress: 467 / 2014
main.py: Progress: 468 / 2014
main.py: Progress: 469 / 2014
main.py: Progress: 470 / 2014
main.py: Progress: 471 / 2014
main.py: Progress: 472 / 2014
main.py: Progress: 473 / 2014
main.py: Progress: 474 / 2014
main.py: Progress: 475 / 2014
main.py: Progress: 476 / 2014
main.py: Progress: 477 / 2014
main.py: Progress: 478 / 2014
main.py: Progress: 479 / 2014
main.py: Progress: 480 / 2014
main.py: Progress: 481 / 2014
main.py: Progress: 482 / 2014
main.py: Progress: 483 / 2014
main.py: Progress: 484 / 2014
main.py: Progress: 485 / 2014
main.py: Progress: 486 / 2014
main.py: Progress: 487 / 2014
main.py: Progress: 488 / 2014
main.py: Progress: 489 / 2014
main.py: Progress: 490 / 2014
main.py: Progress: 491 / 2014
main.py: Progress: 492 / 2014
main.py: Progress: 493 / 2014
main.py: Progress: 494 / 2014
main.py: Progress: 495 / 2014
main.py: Progress: 496 / 2014
main.py: Progress: 497 / 2014
main.py: Progress: 498 / 2014
main.py: Progress: 499 / 2014
main.py: Progress: 500 / 2014
main.py: Progress: 501 / 2014
main.py: Progress: 502 / 2014
main.py: Progress: 503 / 2014
main.py: Progress: 504 / 2014
main.py: Progress: 505 / 2014
main.py: Progress: 506 / 2014
main.py: Progress: 507 / 2014
main.py: Progress: 508 / 2014
main.py: Progress: 509 / 2014
main.py: Progress: 510 / 2014
main.py: Progress: 511 / 2014
main.py: Progress: 512 / 2014
main.py: Progress: 513 / 2014
main.py: Progress: 514 / 2014
main.py: Progress: 515 / 2014
main.py: Progress: 516 / 2014
main.py: Progress: 517 / 2014
main.py: Progress: 518 / 2014
main.py: Progress: 519 / 2014
main.py: Progress: 520 / 2014
main.py: Progress: 521 / 2014
main.py: Progress: 522 / 2014
main.py: Progress: 523 / 2014
main.py: Progress: 524 / 2014
main.py: Progress: 525 / 2014
main.py: Progress: 526 / 2014
main.py: Progress: 527 / 2014
main.py: Progress: 528 / 2014
main.py: Progress: 529 / 2014
main.py: Progress: 530 / 2014
main.py: Progress: 531 / 2014
main.py: Progress: 532 / 2014
main.py: Progress: 533 / 2014
main.py: Progress: 534 / 2014
main.py: Progress: 535 / 2014
main.py: Progress: 536 / 2014
main.py: Progress: 537 / 2014
main.py: Progress: 538 / 2014
main.py: Progress: 539 / 2014
main.py: Progress: 540 / 2014
main.py: Progress: 541 / 2014
main.py: Progress: 542 / 2014
main.py: Progress: 543 / 2014
main.py: Progress: 544 / 2014
main.py: Progress: 545 / 2014
main.py: Progress: 546 / 2014
main.py: Progress: 547 / 2014
main.py: Progress: 548 / 2014
main.py: Progress: 549 / 2014
main.py: Progress: 550 / 2014
main.py: Progress: 551 / 2014
main.py: Progress: 552 / 2014
main.py: Progress: 553 / 2014
main.py: Progress: 554 / 2014
main.py: Progress: 555 / 2014
main.py: Progress: 556 / 2014
main.py: Progress: 557 / 2014
main.py: Progress: 558 / 2014
main.py: Progress: 559 / 2014
main.py: Progress: 560 / 2014
main.py: Progress: 561 / 2014
main.py: Progress: 562 / 2014
main.py: Progress: 563 / 2014
main.py: Progress: 564 / 2014
main.py: Progress: 565 / 2014
main.py: Progress: 566 / 2014
main.py: Progress: 567 / 2014
main.py: Progress: 568 / 2014
main.py: Progress: 569 / 2014
main.py: Progress: 570 / 2014
main.py: Progress: 571 / 2014
main.py: Progress: 572 / 2014
main.py: Progress: 573 / 2014
main.py: Progress: 574 / 2014
main.py: Progress: 575 / 2014
main.py: Progress: 576 / 2014
main.py: Progress: 577 / 2014
main.py: Progress: 578 / 2014
main.py: Progress: 579 / 2014
main.py: Progress: 580 / 2014
main.py: Progress: 581 / 2014
main.py: Progress: 582 / 2014
main.py: Progress: 583 / 2014
main.py: Progress: 584 / 2014
main.py: Progress: 585 / 2014
main.py: Progress: 586 / 2014
main.py: Progress: 587 / 2014
main.py: Progress: 588 / 2014
main.py: Progress: 589 / 2014
main.py: Progress: 590 / 2014
main.py: Progress: 591 / 2014
main.py: Progress: 592 / 2014
main.py: Progress: 593 / 2014
main.py: Progress: 594 / 2014
main.py: Progress: 595 / 2014
main.py: Progress: 596 / 2014
main.py: Progress: 597 / 2014
main.py: Progress: 598 / 2014
main.py: Progress: 599 / 2014
main.py: Progress: 600 / 2014
main.py: Progress: 601 / 2014
main.py: Progress: 602 / 2014
main.py: Progress: 603 / 2014
main.py: Progress: 604 / 2014
main.py: Progress: 605 / 2014
main.py: Progress: 606 / 2014
main.py: Progress: 607 / 2014
main.py: Progress: 608 / 2014
main.py: Progress: 609 / 2014
main.py: Progress: 610 / 2014
main.py: Progress: 611 / 2014
main.py: Progress: 612 / 2014
main.py: Progress: 613 / 2014
main.py: Progress: 614 / 2014
main.py: Progress: 615 / 2014
main.py: Progress: 616 / 2014
main.py: Progress: 617 / 2014
main.py: Progress: 618 / 2014
main.py: Progress: 619 / 2014
main.py: Progress: 620 / 2014
main.py: Progress: 621 / 2014
main.py: Progress: 622 / 2014
main.py: Progress: 623 / 2014
main.py: Progress: 624 / 2014
main.py: Progress: 625 / 2014
main.py: Progress: 626 / 2014
main.py: Progress: 627 / 2014
main.py: Progress: 628 / 2014
main.py: Progress: 629 / 2014
main.py: Progress: 630 / 2014
main.py: Progress: 631 / 2014
main.py: Progress: 632 / 2014
main.py: Progress: 633 / 2014
main.py: Progress: 634 / 2014
main.py: Progress: 635 / 2014
main.py: Progress: 636 / 2014
main.py: Progress: 637 / 2014
main.py: Progress: 638 / 2014
main.py: Progress: 639 / 2014
main.py: Progress: 640 / 2014
main.py: Progress: 641 / 2014
main.py: Progress: 642 / 2014
main.py: Progress: 643 / 2014
main.py: Progress: 644 / 2014
main.py: Progress: 645 / 2014
main.py: Progress: 646 / 2014
main.py: Progress: 647 / 2014
main.py: Progress: 648 / 2014
main.py: Progress: 649 / 2014
main.py: Progress: 650 / 2014
main.py: Progress: 651 / 2014
main.py: Progress: 652 / 2014
main.py: Progress: 653 / 2014
main.py: Progress: 654 / 2014
main.py: Progress: 655 / 2014
main.py: Progress: 656 / 2014
main.py: Progress: 657 / 2014
main.py: Progress: 658 / 2014
main.py: Progress: 659 / 2014
main.py: Progress: 660 / 2014
main.py: Progress: 661 / 2014
main.py: Progress: 662 / 2014
main.py: Progress: 663 / 2014
main.py: Progress: 664 / 2014
main.py: Progress: 665 / 2014
main.py: Progress: 666 / 2014
main.py: Progress: 667 / 2014
main.py: Progress: 668 / 2014
main.py: Progress: 669 / 2014
main.py: Progress: 670 / 2014
main.py: Progress: 671 / 2014
main.py: Progress: 672 / 2014
main.py: Progress: 673 / 2014
main.py: Progress: 674 / 2014
main.py: Progress: 675 / 2014
main.py: Progress: 676 / 2014
main.py: Progress: 677 / 2014
main.py: Progress: 678 / 2014
main.py: Progress: 679 / 2014
main.py: Progress: 680 / 2014
main.py: Progress: 681 / 2014
main.py: Progress: 682 / 2014
main.py: Progress: 683 / 2014
main.py: Progress: 684 / 2014
main.py: Progress: 685 / 2014
main.py: Progress: 686 / 2014
main.py: Progress: 687 / 2014
main.py: Progress: 688 / 2014
main.py: Progress: 689 / 2014
main.py: Progress: 690 / 2014
main.py: Progress: 691 / 2014
main.py: Progress: 692 / 2014
main.py: Progress: 693 / 2014
main.py: Progress: 694 / 2014
main.py: Progress: 695 / 2014
main.py: Progress: 696 / 2014
main.py: Progress: 697 / 2014
main.py: Progress: 698 / 2014
main.py: Progress: 699 / 2014
main.py: Progress: 700 / 2014
main.py: Progress: 701 / 2014
main.py: Progress: 702 / 2014
main.py: Progress: 703 / 2014
main.py: Progress: 704 / 2014
main.py: Progress: 705 / 2014
main.py: Progress: 706 / 2014
main.py: Progress: 707 / 2014
main.py: Progress: 708 / 2014
main.py: Progress: 709 / 2014
main.py: Progress: 710 / 2014
main.py: Progress: 711 / 2014
main.py: Progress: 712 / 2014
main.py: Progress: 713 / 2014
main.py: Progress: 714 / 2014
main.py: Progress: 715 / 2014
main.py: Progress: 716 / 2014
main.py: Progress: 717 / 2014
main.py: Progress: 718 / 2014
main.py: Progress: 719 / 2014
main.py: Progress: 720 / 2014
main.py: Progress: 721 / 2014
main.py: Progress: 722 / 2014
main.py: Progress: 723 / 2014
main.py: Progress: 724 / 2014
main.py: Progress: 725 / 2014
main.py: Progress: 726 / 2014
main.py: Progress: 727 / 2014
main.py: Progress: 728 / 2014
main.py: Progress: 729 / 2014
main.py: Progress: 730 / 2014
main.py: Progress: 731 / 2014
main.py: Progress: 732 / 2014
main.py: Progress: 733 / 2014
main.py: Progress: 734 / 2014
main.py: Progress: 735 / 2014
main.py: Progress: 736 / 2014
main.py: Progress: 737 / 2014
main.py: Progress: 738 / 2014
main.py: Progress: 739 / 2014
main.py: Progress: 740 / 2014
main.py: Progress: 741 / 2014
main.py: Progress: 742 / 2014
main.py: Progress: 743 / 2014
main.py: Progress: 744 / 2014
main.py: Progress: 745 / 2014
main.py: Progress: 746 / 2014
main.py: Progress: 747 / 2014
main.py: Progress: 748 / 2014
main.py: Progress: 749 / 2014
main.py: Progress: 750 / 2014
main.py: Progress: 751 / 2014
main.py: Progress: 752 / 2014
main.py: Progress: 753 / 2014
main.py: Progress: 754 / 2014
main.py: Progress: 755 / 2014
main.py: Progress: 756 / 2014
main.py: Progress: 757 / 2014
main.py: Progress: 758 / 2014
main.py: Progress: 759 / 2014
main.py: Progress: 760 / 2014
main.py: Progress: 761 / 2014
main.py: Progress: 762 / 2014
main.py: Progress: 763 / 2014
main.py: Progress: 764 / 2014
main.py: Progress: 765 / 2014
main.py: Progress: 766 / 2014
main.py: Progress: 767 / 2014
main.py: Progress: 768 / 2014
main.py: Progress: 769 / 2014
main.py: Progress: 770 / 2014
main.py: Progress: 771 / 2014
main.py: Progress: 772 / 2014
main.py: Progress: 773 / 2014
main.py: Progress: 774 / 2014
main.py: Progress: 775 / 2014
main.py: Progress: 776 / 2014
main.py: Progress: 777 / 2014
main.py: Progress: 778 / 2014
main.py: Progress: 779 / 2014
main.py: Progress: 780 / 2014
main.py: Progress: 781 / 2014
main.py: Progress: 782 / 2014
main.py: Progress: 783 / 2014
main.py: Progress: 784 / 2014
main.py: Progress: 785 / 2014
main.py: Progress: 786 / 2014
main.py: Progress: 787 / 2014
main.py: Progress: 788 / 2014
main.py: Progress: 789 / 2014
main.py: Progress: 790 / 2014
main.py: Progress: 791 / 2014
main.py: Progress: 792 / 2014
main.py: Progress: 793 / 2014
main.py: Progress: 794 / 2014
main.py: Progress: 795 / 2014
main.py: Progress: 796 / 2014
main.py: Progress: 797 / 2014
main.py: Progress: 798 / 2014
main.py: Progress: 799 / 2014
main.py: Progress: 800 / 2014
main.py: Progress: 801 / 2014
main.py: Progress: 802 / 2014
main.py: Progress: 803 / 2014
main.py: Progress: 804 / 2014
main.py: Progress: 805 / 2014
main.py: Progress: 806 / 2014
main.py: Progress: 807 / 2014
main.py: Progress: 808 / 2014
main.py: Progress: 809 / 2014
main.py: Progress: 810 / 2014
main.py: Progress: 811 / 2014
main.py: Progress: 812 / 2014
main.py: Progress: 813 / 2014
main.py: Progress: 814 / 2014
main.py: Progress: 815 / 2014
main.py: Progress: 816 / 2014
main.py: Progress: 817 / 2014
main.py: Progress: 818 / 2014
main.py: Progress: 819 / 2014
main.py: Progress: 820 / 2014
main.py: Progress: 821 / 2014
main.py: Progress: 822 / 2014
main.py: Progress: 823 / 2014
main.py: Progress: 824 / 2014
main.py: Progress: 825 / 2014
main.py: Progress: 826 / 2014
main.py: Progress: 827 / 2014
main.py: Progress: 828 / 2014
main.py: Progress: 829 / 2014
main.py: Progress: 830 / 2014
main.py: Progress: 831 / 2014
main.py: Progress: 832 / 2014
main.py: Progress: 833 / 2014
main.py: Progress: 834 / 2014
main.py: Progress: 835 / 2014
main.py: Progress: 836 / 2014
main.py: Progress: 837 / 2014
main.py: Progress: 838 / 2014
main.py: Progress: 839 / 2014
main.py: Progress: 840 / 2014
main.py: Progress: 841 / 2014
main.py: Progress: 842 / 2014
main.py: Progress: 843 / 2014
main.py: Progress: 844 / 2014
main.py: Progress: 845 / 2014
main.py: Progress: 846 / 2014
main.py: Progress: 847 / 2014
main.py: Progress: 848 / 2014
main.py: Progress: 849 / 2014
main.py: Progress: 850 / 2014
main.py: Progress: 851 / 2014
main.py: Progress: 852 / 2014
main.py: Progress: 853 / 2014
main.py: Progress: 854 / 2014
main.py: Progress: 855 / 2014
main.py: Progress: 856 / 2014
main.py: Progress: 857 / 2014
main.py: Progress: 858 / 2014
main.py: Progress: 859 / 2014
main.py: Progress: 860 / 2014
main.py: Progress: 861 / 2014
main.py: Progress: 862 / 2014
main.py: Progress: 863 / 2014
main.py: Progress: 864 / 2014
main.py: Progress: 865 / 2014
main.py: Progress: 866 / 2014
main.py: Progress: 867 / 2014
main.py: Progress: 868 / 2014
main.py: Progress: 869 / 2014
main.py: Progress: 870 / 2014
main.py: Progress: 871 / 2014
main.py: Progress: 872 / 2014
main.py: Progress: 873 / 2014
main.py: Progress: 874 / 2014
main.py: Progress: 875 / 2014
main.py: Progress: 876 / 2014
main.py: Progress: 877 / 2014
main.py: Progress: 878 / 2014
main.py: Progress: 879 / 2014
main.py: Progress: 880 / 2014
main.py: Progress: 881 / 2014
main.py: Progress: 882 / 2014
main.py: Progress: 883 / 2014
main.py: Progress: 884 / 2014
main.py: Progress: 885 / 2014
main.py: Progress: 886 / 2014
main.py: Progress: 887 / 2014
main.py: Progress: 888 / 2014
main.py: Progress: 889 / 2014
main.py: Progress: 890 / 2014
main.py: Progress: 891 / 2014
main.py: Progress: 892 / 2014
main.py: Progress: 893 / 2014
main.py: Progress: 894 / 2014
main.py: Progress: 895 / 2014
main.py: Progress: 896 / 2014
main.py: Progress: 897 / 2014
main.py: Progress: 898 / 2014
main.py: Progress: 899 / 2014
main.py: Progress: 900 / 2014
main.py: Progress: 901 / 2014
main.py: Progress: 902 / 2014
main.py: Progress: 903 / 2014
main.py: Progress: 904 / 2014
main.py: Progress: 905 / 2014
main.py: Progress: 906 / 2014
main.py: Progress: 907 / 2014
main.py: Progress: 908 / 2014
main.py: Progress: 909 / 2014
main.py: Progress: 910 / 2014
main.py: Progress: 911 / 2014
main.py: Progress: 912 / 2014
main.py: Progress: 913 / 2014
main.py: Progress: 914 / 2014
main.py: Progress: 915 / 2014
main.py: Progress: 916 / 2014
main.py: Progress: 917 / 2014
main.py: Progress: 918 / 2014
main.py: Progress: 919 / 2014
main.py: Progress: 920 / 2014
main.py: Progress: 921 / 2014
main.py: Progress: 922 / 2014
main.py: Progress: 923 / 2014
main.py: Progress: 924 / 2014
main.py: Progress: 925 / 2014
main.py: Progress: 926 / 2014
main.py: Progress: 927 / 2014
main.py: Progress: 928 / 2014
main.py: Progress: 929 / 2014
main.py: Progress: 930 / 2014
main.py: Progress: 931 / 2014
main.py: Progress: 932 / 2014
main.py: Progress: 933 / 2014
main.py: Progress: 934 / 2014
main.py: Progress: 935 / 2014
main.py: Progress: 936 / 2014
main.py: Progress: 937 / 2014
main.py: Progress: 938 / 2014
main.py: Progress: 939 / 2014
main.py: Progress: 940 / 2014
main.py: Progress: 941 / 2014
main.py: Progress: 942 / 2014
main.py: Progress: 943 / 2014
main.py: Progress: 944 / 2014
main.py: Progress: 945 / 2014
main.py: Progress: 946 / 2014
main.py: Progress: 947 / 2014
main.py: Progress: 948 / 2014
main.py: Progress: 949 / 2014
main.py: Progress: 950 / 2014
main.py: Progress: 951 / 2014
main.py: Progress: 952 / 2014
main.py: Progress: 953 / 2014
main.py: Progress: 954 / 2014
main.py: Progress: 955 / 2014
main.py: Progress: 956 / 2014
main.py: Progress: 957 / 2014
main.py: Progress: 958 / 2014
main.py: Progress: 959 / 2014
main.py: Progress: 960 / 2014
main.py: Progress: 961 / 2014
main.py: Progress: 962 / 2014
main.py: Progress: 963 / 2014
main.py: Progress: 964 / 2014
main.py: Progress: 965 / 2014
main.py: Progress: 966 / 2014
main.py: Progress: 967 / 2014
main.py: Progress: 968 / 2014
main.py: Progress: 969 / 2014
main.py: Progress: 970 / 2014
main.py: Progress: 971 / 2014
main.py: Progress: 972 / 2014
main.py: Progress: 973 / 2014
main.py: Progress: 974 / 2014
main.py: Progress: 975 / 2014
main.py: Progress: 976 / 2014
main.py: Progress: 977 / 2014
main.py: Progress: 978 / 2014
main.py: Progress: 979 / 2014
main.py: Progress: 980 / 2014
main.py: Progress: 981 / 2014
main.py: Progress: 982 / 2014
main.py: Progress: 983 / 2014
main.py: Progress: 984 / 2014
main.py: Progress: 985 / 2014
main.py: Progress: 986 / 2014
main.py: Progress: 987 / 2014
main.py: Progress: 988 / 2014
main.py: Progress: 989 / 2014
main.py: Progress: 990 / 2014
main.py: Progress: 991 / 2014
main.py: Progress: 992 / 2014
main.py: Progress: 993 / 2014
main.py: Progress: 994 / 2014
main.py: Progress: 995 / 2014
main.py: Progress: 996 / 2014
main.py: Progress: 997 / 2014
main.py: Progress: 998 / 2014
main.py: Progress: 999 / 2014
main.py: Progress: 1000 / 2014
main.py: Progress: 1001 / 2014
main.py: Progress: 1002 / 2014
main.py: Progress: 1003 / 2014
main.py: Progress: 1004 / 2014
main.py: Progress: 1005 / 2014
main.py: Progress: 1006 / 2014
main.py: Progress: 1007 / 2014
main.py: Progress: 1008 / 2014
main.py: Progress: 1009 / 2014
main.py: Progress: 1010 / 2014
main.py: Progress: 1011 / 2014
main.py: Progress: 1012 / 2014
main.py: Progress: 1013 / 2014
main.py: Progress: 1014 / 2014
main.py: Progress: 1015 / 2014
main.py: Progress: 1016 / 2014
main.py: Progress: 1017 / 2014
main.py: Progress: 1018 / 2014
main.py: Progress: 1019 / 2014
main.py: Progress: 1020 / 2014
main.py: Progress: 1021 / 2014
main.py: Progress: 1022 / 2014
main.py: Progress: 1023 / 2014
main.py: Progress: 1024 / 2014
main.py: Progress: 1025 / 2014
main.py: Progress: 1026 / 2014
main.py: Progress: 1027 / 2014
main.py: Progress: 1028 / 2014
main.py: Progress: 1029 / 2014
main.py: Progress: 1030 / 2014
main.py: Progress: 1031 / 2014
main.py: Progress: 1032 / 2014
main.py: Progress: 1033 / 2014
main.py: Progress: 1034 / 2014
main.py: Progress: 1035 / 2014
main.py: Progress: 1036 / 2014
main.py: Progress: 1037 / 2014
main.py: Progress: 1038 / 2014
main.py: Progress: 1039 / 2014
main.py: Progress: 1040 / 2014
main.py: Progress: 1041 / 2014
main.py: Progress: 1042 / 2014
main.py: Progress: 1043 / 2014
main.py: Progress: 1044 / 2014
main.py: Progress: 1045 / 2014
main.py: Progress: 1046 / 2014
main.py: Progress: 1047 / 2014
main.py: Progress: 1048 / 2014
main.py: Progress: 1049 / 2014
main.py: Progress: 1050 / 2014
main.py: Progress: 1051 / 2014
main.py: Progress: 1052 / 2014
main.py: Progress: 1053 / 2014
main.py: Progress: 1054 / 2014
main.py: Progress: 1055 / 2014
main.py: Progress: 1056 / 2014
main.py: Progress: 1057 / 2014
main.py: Progress: 1058 / 2014
main.py: Progress: 1059 / 2014
main.py: Progress: 1060 / 2014
main.py: Progress: 1061 / 2014
main.py: Progress: 1062 / 2014
main.py: Progress: 1063 / 2014
main.py: Progress: 1064 / 2014
main.py: Progress: 1065 / 2014
main.py: Progress: 1066 / 2014
main.py: Progress: 1067 / 2014
main.py: Progress: 1068 / 2014
main.py: Progress: 1069 / 2014
main.py: Progress: 1070 / 2014
main.py: Progress: 1071 / 2014
main.py: Progress: 1072 / 2014
main.py: Progress: 1073 / 2014
main.py: Progress: 1074 / 2014
main.py: Progress: 1075 / 2014
main.py: Progress: 1076 / 2014
main.py: Progress: 1077 / 2014
main.py: Progress: 1078 / 2014
main.py: Progress: 1079 / 2014
main.py: Progress: 1080 / 2014
main.py: Progress: 1081 / 2014
main.py: Progress: 1082 / 2014
main.py: Progress: 1083 / 2014
main.py: Progress: 1084 / 2014
main.py: Progress: 1085 / 2014
main.py: Progress: 1086 / 2014
main.py: Progress: 1087 / 2014
main.py: Progress: 1088 / 2014
main.py: Progress: 1089 / 2014
main.py: Progress: 1090 / 2014
main.py: Progress: 1091 / 2014
main.py: Progress: 1092 / 2014
main.py: Progress: 1093 / 2014
main.py: Progress: 1094 / 2014
main.py: Progress: 1095 / 2014
main.py: Progress: 1096 / 2014
main.py: Progress: 1097 / 2014
main.py: Progress: 1098 / 2014
main.py: Progress: 1099 / 2014
main.py: Progress: 1100 / 2014
main.py: Progress: 1101 / 2014
main.py: Progress: 1102 / 2014
main.py: Progress: 1103 / 2014
main.py: Progress: 1104 / 2014
main.py: Progress: 1105 / 2014
main.py: Progress: 1106 / 2014
main.py: Progress: 1107 / 2014
main.py: Progress: 1108 / 2014
main.py: Progress: 1109 / 2014
main.py: Progress: 1110 / 2014
main.py: Progress: 1111 / 2014
main.py: Progress: 1112 / 2014
main.py: Progress: 1113 / 2014
main.py: Progress: 1114 / 2014
main.py: Progress: 1115 / 2014
main.py: Progress: 1116 / 2014
main.py: Progress: 1117 / 2014
main.py: Progress: 1118 / 2014
main.py: Progress: 1119 / 2014
main.py: Progress: 1120 / 2014
main.py: Progress: 1121 / 2014
main.py: Progress: 1122 / 2014
main.py: Progress: 1123 / 2014
main.py: Progress: 1124 / 2014
main.py: Progress: 1125 / 2014
main.py: Progress: 1126 / 2014
main.py: Progress: 1127 / 2014
main.py: Progress: 1128 / 2014
main.py: Progress: 1129 / 2014
main.py: Progress: 1130 / 2014
main.py: Progress: 1131 / 2014
main.py: Progress: 1132 / 2014
main.py: Progress: 1133 / 2014
main.py: Progress: 1134 / 2014
main.py: Progress: 1135 / 2014
main.py: Progress: 1136 / 2014
main.py: Progress: 1137 / 2014
main.py: Progress: 1138 / 2014
main.py: Progress: 1139 / 2014
main.py: Progress: 1140 / 2014
main.py: Progress: 1141 / 2014
main.py: Progress: 1142 / 2014
main.py: Progress: 1143 / 2014
main.py: Progress: 1144 / 2014
main.py: Progress: 1145 / 2014
main.py: Progress: 1146 / 2014
main.py: Progress: 1147 / 2014
main.py: Progress: 1148 / 2014
main.py: Progress: 1149 / 2014
main.py: Progress: 1150 / 2014
main.py: Progress: 1151 / 2014
main.py: Progress: 1152 / 2014
main.py: Progress: 1153 / 2014
main.py: Progress: 1154 / 2014
main.py: Progress: 1155 / 2014
main.py: Progress: 1156 / 2014
main.py: Progress: 1157 / 2014
main.py: Progress: 1158 / 2014
main.py: Progress: 1159 / 2014
main.py: Progress: 1160 / 2014
main.py: Progress: 1161 / 2014
main.py: Progress: 1162 / 2014
main.py: Progress: 1163 / 2014
main.py: Progress: 1164 / 2014
main.py: Progress: 1165 / 2014
main.py: Progress: 1166 / 2014
main.py: Progress: 1167 / 2014
main.py: Progress: 1168 / 2014
main.py: Progress: 1169 / 2014
main.py: Progress: 1170 / 2014
main.py: Progress: 1171 / 2014
main.py: Progress: 1172 / 2014
main.py: Progress: 1173 / 2014
main.py: Progress: 1174 / 2014
main.py: Progress: 1175 / 2014
main.py: Progress: 1176 / 2014
main.py: Progress: 1177 / 2014
main.py: Progress: 1178 / 2014
main.py: Progress: 1179 / 2014
main.py: Progress: 1180 / 2014
main.py: Progress: 1181 / 2014
main.py: Progress: 1182 / 2014
main.py: Progress: 1183 / 2014
main.py: Progress: 1184 / 2014
main.py: Progress: 1185 / 2014
main.py: Progress: 1186 / 2014
main.py: Progress: 1187 / 2014
main.py: Progress: 1188 / 2014
main.py: Progress: 1189 / 2014
main.py: Progress: 1190 / 2014
main.py: Progress: 1191 / 2014
main.py: Progress: 1192 / 2014
main.py: Progress: 1193 / 2014
main.py: Progress: 1194 / 2014
main.py: Progress: 1195 / 2014
main.py: Progress: 1196 / 2014
main.py: Progress: 1197 / 2014
main.py: Progress: 1198 / 2014
main.py: Progress: 1199 / 2014
main.py: Progress: 1200 / 2014
main.py: Progress: 1201 / 2014
main.py: Progress: 1202 / 2014
main.py: Progress: 1203 / 2014
main.py: Progress: 1204 / 2014
main.py: Progress: 1205 / 2014
main.py: Progress: 1206 / 2014
main.py: Progress: 1207 / 2014
main.py: Progress: 1208 / 2014
main.py: Progress: 1209 / 2014
main.py: Progress: 1210 / 2014
main.py: Progress: 1211 / 2014
main.py: Progress: 1212 / 2014
main.py: Progress: 1213 / 2014
main.py: Progress: 1214 / 2014
main.py: Progress: 1215 / 2014
main.py: Progress: 1216 / 2014
main.py: Progress: 1217 / 2014
main.py: Progress: 1218 / 2014
main.py: Progress: 1219 / 2014
main.py: Progress: 1220 / 2014
main.py: Progress: 1221 / 2014
main.py: Progress: 1222 / 2014
main.py: Progress: 1223 / 2014
main.py: Progress: 1224 / 2014
main.py: Progress: 1225 / 2014
main.py: Progress: 1226 / 2014
main.py: Progress: 1227 / 2014
main.py: Progress: 1228 / 2014
main.py: Progress: 1229 / 2014
main.py: Progress: 1230 / 2014
main.py: Progress: 1231 / 2014
main.py: Progress: 1232 / 2014
main.py: Progress: 1233 / 2014
main.py: Progress: 1234 / 2014
main.py: Progress: 1235 / 2014
main.py: Progress: 1236 / 2014
main.py: Progress: 1237 / 2014
main.py: Progress: 1238 / 2014
main.py: Progress: 1239 / 2014
main.py: Progress: 1240 / 2014
main.py: Progress: 1241 / 2014
main.py: Progress: 1242 / 2014
main.py: Progress: 1243 / 2014
main.py: Progress: 1244 / 2014
main.py: Progress: 1245 / 2014
main.py: Progress: 1246 / 2014
main.py: Progress: 1247 / 2014
main.py: Progress: 1248 / 2014
main.py: Progress: 1249 / 2014
main.py: Progress: 1250 / 2014
main.py: Progress: 1251 / 2014
main.py: Progress: 1252 / 2014
main.py: Progress: 1253 / 2014
main.py: Progress: 1254 / 2014
main.py: Progress: 1255 / 2014
main.py: Progress: 1256 / 2014
main.py: Progress: 1257 / 2014
main.py: Progress: 1258 / 2014
main.py: Progress: 1259 / 2014
main.py: Progress: 1260 / 2014
main.py: Progress: 1261 / 2014
main.py: Progress: 1262 / 2014
main.py: Progress: 1263 / 2014
main.py: Progress: 1264 / 2014
main.py: Progress: 1265 / 2014
main.py: Progress: 1266 / 2014
main.py: Progress: 1267 / 2014
main.py: Progress: 1268 / 2014
main.py: Progress: 1269 / 2014
main.py: Progress: 1270 / 2014
main.py: Progress: 1271 / 2014
main.py: Progress: 1272 / 2014
main.py: Progress: 1273 / 2014
main.py: Progress: 1274 / 2014
main.py: Progress: 1275 / 2014
main.py: Progress: 1276 / 2014
main.py: Progress: 1277 / 2014
main.py: Progress: 1278 / 2014
main.py: Progress: 1279 / 2014
main.py: Progress: 1280 / 2014
main.py: Progress: 1281 / 2014
main.py: Progress: 1282 / 2014
main.py: Progress: 1283 / 2014
main.py: Progress: 1284 / 2014
main.py: Progress: 1285 / 2014
main.py: Progress: 1286 / 2014
main.py: Progress: 1287 / 2014
main.py: Progress: 1288 / 2014
main.py: Progress: 1289 / 2014
main.py: Progress: 1290 / 2014
main.py: Progress: 1291 / 2014
main.py: Progress: 1292 / 2014
main.py: Progress: 1293 / 2014
main.py: Progress: 1294 / 2014
main.py: Progress: 1295 / 2014
main.py: Progress: 1296 / 2014
main.py: Progress: 1297 / 2014
main.py: Progress: 1298 / 2014
main.py: Progress: 1299 / 2014
main.py: Progress: 1300 / 2014
main.py: Progress: 1301 / 2014
main.py: Progress: 1302 / 2014
main.py: Progress: 1303 / 2014
main.py: Progress: 1304 / 2014
main.py: Progress: 1305 / 2014
main.py: Progress: 1306 / 2014
main.py: Progress: 1307 / 2014
main.py: Progress: 1308 / 2014
main.py: Progress: 1309 / 2014
main.py: Progress: 1310 / 2014
main.py: Progress: 1311 / 2014
main.py: Progress: 1312 / 2014
main.py: Progress: 1313 / 2014
main.py: Progress: 1314 / 2014
main.py: Progress: 1315 / 2014
main.py: Progress: 1316 / 2014
main.py: Progress: 1317 / 2014
main.py: Progress: 1318 / 2014
main.py: Progress: 1319 / 2014
main.py: Progress: 1320 / 2014
main.py: Progress: 1321 / 2014
main.py: Progress: 1322 / 2014
main.py: Progress: 1323 / 2014
main.py: Progress: 1324 / 2014
main.py: Progress: 1325 / 2014
main.py: Progress: 1326 / 2014
main.py: Progress: 1327 / 2014
main.py: Progress: 1328 / 2014
main.py: Progress: 1329 / 2014
main.py: Progress: 1330 / 2014
main.py: Progress: 1331 / 2014
main.py: Progress: 1332 / 2014
main.py: Progress: 1333 / 2014
main.py: Progress: 1334 / 2014
main.py: Progress: 1335 / 2014
main.py: Progress: 1336 / 2014
main.py: Progress: 1337 / 2014
main.py: Progress: 1338 / 2014
main.py: Progress: 1339 / 2014
main.py: Progress: 1340 / 2014
main.py: Progress: 1341 / 2014
main.py: Progress: 1342 / 2014
main.py: Progress: 1343 / 2014
main.py: Progress: 1344 / 2014
main.py: Progress: 1345 / 2014
main.py: Progress: 1346 / 2014
main.py: Progress: 1347 / 2014
main.py: Progress: 1348 / 2014
main.py: Progress: 1349 / 2014
main.py: Progress: 1350 / 2014
main.py: Progress: 1351 / 2014
main.py: Progress: 1352 / 2014
main.py: Progress: 1353 / 2014
main.py: Progress: 1354 / 2014
main.py: Progress: 1355 / 2014
main.py: Progress: 1356 / 2014
main.py: Progress: 1357 / 2014
main.py: Progress: 1358 / 2014
main.py: Progress: 1359 / 2014
main.py: Progress: 1360 / 2014
main.py: Progress: 1361 / 2014
main.py: Progress: 1362 / 2014
main.py: Progress: 1363 / 2014
main.py: Progress: 1364 / 2014
main.py: Progress: 1365 / 2014
main.py: Progress: 1366 / 2014
main.py: Progress: 1367 / 2014
main.py: Progress: 1368 / 2014
main.py: Progress: 1369 / 2014
main.py: Progress: 1370 / 2014
main.py: Progress: 1371 / 2014
main.py: Progress: 1372 / 2014
main.py: Progress: 1373 / 2014
main.py: Progress: 1374 / 2014
main.py: Progress: 1375 / 2014
main.py: Progress: 1376 / 2014
main.py: Progress: 1377 / 2014
main.py: Progress: 1378 / 2014
main.py: Progress: 1379 / 2014
main.py: Progress: 1380 / 2014
main.py: Progress: 1381 / 2014
main.py: Progress: 1382 / 2014
main.py: Progress: 1383 / 2014
main.py: Progress: 1384 / 2014
main.py: Progress: 1385 / 2014
main.py: Progress: 1386 / 2014
main.py: Progress: 1387 / 2014
main.py: Progress: 1388 / 2014
main.py: Progress: 1389 / 2014
main.py: Progress: 1390 / 2014
main.py: Progress: 1391 / 2014
main.py: Progress: 1392 / 2014
main.py: Progress: 1393 / 2014
main.py: Progress: 1394 / 2014
main.py: Progress: 1395 / 2014
main.py: Progress: 1396 / 2014
main.py: Progress: 1397 / 2014
main.py: Progress: 1398 / 2014
main.py: Progress: 1399 / 2014
main.py: Progress: 1400 / 2014
main.py: Progress: 1401 / 2014
main.py: Progress: 1402 / 2014
main.py: Progress: 1403 / 2014
main.py: Progress: 1404 / 2014
main.py: Progress: 1405 / 2014
main.py: Progress: 1406 / 2014
main.py: Progress: 1407 / 2014
main.py: Progress: 1408 / 2014
main.py: Progress: 1409 / 2014
main.py: Progress: 1410 / 2014
main.py: Progress: 1411 / 2014
main.py: Progress: 1412 / 2014
main.py: Progress: 1413 / 2014
main.py: Progress: 1414 / 2014
main.py: Progress: 1415 / 2014
main.py: Progress: 1416 / 2014
main.py: Progress: 1417 / 2014
main.py: Progress: 1418 / 2014
main.py: Progress: 1419 / 2014
main.py: Progress: 1420 / 2014
main.py: Progress: 1421 / 2014
main.py: Progress: 1422 / 2014
main.py: Progress: 1423 / 2014
main.py: Progress: 1424 / 2014
main.py: Progress: 1425 / 2014
main.py: Progress: 1426 / 2014
main.py: Progress: 1427 / 2014
main.py: Progress: 1428 / 2014
main.py: Progress: 1429 / 2014
main.py: Progress: 1430 / 2014
main.py: Progress: 1431 / 2014
main.py: Progress: 1432 / 2014
main.py: Progress: 1433 / 2014
main.py: Progress: 1434 / 2014
main.py: Progress: 1435 / 2014
main.py: Progress: 1436 / 2014
main.py: Progress: 1437 / 2014
main.py: Progress: 1438 / 2014
main.py: Progress: 1439 / 2014
main.py: Progress: 1440 / 2014
main.py: Progress: 1441 / 2014
main.py: Progress: 1442 / 2014
main.py: Progress: 1443 / 2014
main.py: Progress: 1444 / 2014
main.py: Progress: 1445 / 2014
main.py: Progress: 1446 / 2014
main.py: Progress: 1447 / 2014
main.py: Progress: 1448 / 2014
main.py: Progress: 1449 / 2014
main.py: Progress: 1450 / 2014
main.py: Progress: 1451 / 2014
main.py: Progress: 1452 / 2014
main.py: Progress: 1453 / 2014
main.py: Progress: 1454 / 2014
main.py: Progress: 1455 / 2014
main.py: Progress: 1456 / 2014
main.py: Progress: 1457 / 2014
main.py: Progress: 1458 / 2014
main.py: Progress: 1459 / 2014
main.py: Progress: 1460 / 2014
main.py: Progress: 1461 / 2014
main.py: Progress: 1462 / 2014
main.py: Progress: 1463 / 2014
main.py: Progress: 1464 / 2014
main.py: Progress: 1465 / 2014
main.py: Progress: 1466 / 2014
main.py: Progress: 1467 / 2014
main.py: Progress: 1468 / 2014
main.py: Progress: 1469 / 2014
main.py: Progress: 1470 / 2014
main.py: Progress: 1471 / 2014
main.py: Progress: 1472 / 2014
main.py: Progress: 1473 / 2014
main.py: Progress: 1474 / 2014
main.py: Progress: 1475 / 2014
main.py: Progress: 1476 / 2014
main.py: Progress: 1477 / 2014
main.py: Progress: 1478 / 2014
main.py: Progress: 1479 / 2014
main.py: Progress: 1480 / 2014
main.py: Progress: 1481 / 2014
main.py: Progress: 1482 / 2014
main.py: Progress: 1483 / 2014
main.py: Progress: 1484 / 2014
main.py: Progress: 1485 / 2014
main.py: Progress: 1486 / 2014
main.py: Progress: 1487 / 2014
main.py: Progress: 1488 / 2014
main.py: Progress: 1489 / 2014
main.py: Progress: 1490 / 2014
main.py: Progress: 1491 / 2014
main.py: Progress: 1492 / 2014
main.py: Progress: 1493 / 2014
main.py: Progress: 1494 / 2014
main.py: Progress: 1495 / 2014
main.py: Progress: 1496 / 2014
main.py: Progress: 1497 / 2014
main.py: Progress: 1498 / 2014
main.py: Progress: 1499 / 2014
main.py: Progress: 1500 / 2014
main.py: Progress: 1501 / 2014
main.py: Progress: 1502 / 2014
main.py: Progress: 1503 / 2014
main.py: Progress: 1504 / 2014
main.py: Progress: 1505 / 2014
main.py: Progress: 1506 / 2014
main.py: Progress: 1507 / 2014
main.py: Progress: 1508 / 2014
main.py: Progress: 1509 / 2014
main.py: Progress: 1510 / 2014
main.py: Progress: 1511 / 2014
main.py: Progress: 1512 / 2014
main.py: Progress: 1513 / 2014
main.py: Progress: 1514 / 2014
main.py: Progress: 1515 / 2014
main.py: Progress: 1516 / 2014
main.py: Progress: 1517 / 2014
main.py: Progress: 1518 / 2014
main.py: Progress: 1519 / 2014
main.py: Progress: 1520 / 2014
main.py: Progress: 1521 / 2014
main.py: Progress: 1522 / 2014
main.py: Progress: 1523 / 2014
main.py: Progress: 1524 / 2014
main.py: Progress: 1525 / 2014
main.py: Progress: 1526 / 2014
main.py: Progress: 1527 / 2014
main.py: Progress: 1528 / 2014
main.py: Progress: 1529 / 2014
main.py: Progress: 1530 / 2014
main.py: Progress: 1531 / 2014
main.py: Progress: 1532 / 2014
main.py: Progress: 1533 / 2014
main.py: Progress: 1534 / 2014
main.py: Progress: 1535 / 2014
main.py: Progress: 1536 / 2014
main.py: Progress: 1537 / 2014
main.py: Progress: 1538 / 2014
main.py: Progress: 1539 / 2014
main.py: Progress: 1540 / 2014
main.py: Progress: 1541 / 2014
main.py: Progress: 1542 / 2014
main.py: Progress: 1543 / 2014
main.py: Progress: 1544 / 2014
main.py: Progress: 1545 / 2014
main.py: Progress: 1546 / 2014
main.py: Progress: 1547 / 2014
main.py: Progress: 1548 / 2014
main.py: Progress: 1549 / 2014
main.py: Progress: 1550 / 2014
main.py: Progress: 1551 / 2014
main.py: Progress: 1552 / 2014
main.py: Progress: 1553 / 2014
main.py: Progress: 1554 / 2014
main.py: Progress: 1555 / 2014
main.py: Progress: 1556 / 2014
main.py: Progress: 1557 / 2014
main.py: Progress: 1558 / 2014
main.py: Progress: 1559 / 2014
main.py: Progress: 1560 / 2014
main.py: Progress: 1561 / 2014
main.py: Progress: 1562 / 2014
main.py: Progress: 1563 / 2014
main.py: Progress: 1564 / 2014
main.py: Progress: 1565 / 2014
main.py: Progress: 1566 / 2014
main.py: Progress: 1567 / 2014
main.py: Progress: 1568 / 2014
main.py: Progress: 1569 / 2014
main.py: Progress: 1570 / 2014
main.py: Progress: 1571 / 2014
main.py: Progress: 1572 / 2014
main.py: Progress: 1573 / 2014
main.py: Progress: 1574 / 2014
main.py: Progress: 1575 / 2014
main.py: Progress: 1576 / 2014
main.py: Progress: 1577 / 2014
main.py: Progress: 1578 / 2014
main.py: Progress: 1579 / 2014
main.py: Progress: 1580 / 2014
main.py: Progress: 1581 / 2014
main.py: Progress: 1582 / 2014
main.py: Progress: 1583 / 2014
main.py: Progress: 1584 / 2014
main.py: Progress: 1585 / 2014
main.py: Progress: 1586 / 2014
main.py: Progress: 1587 / 2014
main.py: Progress: 1588 / 2014
main.py: Progress: 1589 / 2014
main.py: Progress: 1590 / 2014
main.py: Progress: 1591 / 2014
main.py: Progress: 1592 / 2014
main.py: Progress: 1593 / 2014
main.py: Progress: 1594 / 2014
main.py: Progress: 1595 / 2014
main.py: Progress: 1596 / 2014
main.py: Progress: 1597 / 2014
main.py: Progress: 1598 / 2014
main.py: Progress: 1599 / 2014
main.py: Progress: 1600 / 2014
main.py: Progress: 1601 / 2014
main.py: Progress: 1602 / 2014
main.py: Progress: 1603 / 2014
main.py: Progress: 1604 / 2014
main.py: Progress: 1605 / 2014
main.py: Progress: 1606 / 2014
main.py: Progress: 1607 / 2014
main.py: Progress: 1608 / 2014
main.py: Progress: 1609 / 2014
main.py: Progress: 1610 / 2014
main.py: Progress: 1611 / 2014
main.py: Progress: 1612 / 2014
main.py: Progress: 1613 / 2014
main.py: Progress: 1614 / 2014
main.py: Progress: 1615 / 2014
main.py: Progress: 1616 / 2014
main.py: Progress: 1617 / 2014
main.py: Progress: 1618 / 2014
main.py: Progress: 1619 / 2014
main.py: Progress: 1620 / 2014
main.py: Progress: 1621 / 2014
main.py: Progress: 1622 / 2014
main.py: Progress: 1623 / 2014
main.py: Progress: 1624 / 2014
main.py: Progress: 1625 / 2014
main.py: Progress: 1626 / 2014
main.py: Progress: 1627 / 2014
main.py: Progress: 1628 / 2014
main.py: Progress: 1629 / 2014
main.py: Progress: 1630 / 2014
main.py: Progress: 1631 / 2014
main.py: Progress: 1632 / 2014
main.py: Progress: 1633 / 2014
main.py: Progress: 1634 / 2014
main.py: Progress: 1635 / 2014
main.py: Progress: 1636 / 2014
main.py: Progress: 1637 / 2014
main.py: Progress: 1638 / 2014
main.py: Progress: 1639 / 2014
main.py: Progress: 1640 / 2014
main.py: Progress: 1641 / 2014
main.py: Progress: 1642 / 2014
main.py: Progress: 1643 / 2014
main.py: Progress: 1644 / 2014
main.py: Progress: 1645 / 2014
main.py: Progress: 1646 / 2014
main.py: Progress: 1647 / 2014
main.py: Progress: 1648 / 2014
main.py: Progress: 1649 / 2014
main.py: Progress: 1650 / 2014
main.py: Progress: 1651 / 2014
main.py: Progress: 1652 / 2014
main.py: Progress: 1653 / 2014
main.py: Progress: 1654 / 2014
main.py: Progress: 1655 / 2014
main.py: Progress: 1656 / 2014
main.py: Progress: 1657 / 2014
main.py: Progress: 1658 / 2014
main.py: Progress: 1659 / 2014
main.py: Progress: 1660 / 2014
main.py: Progress: 1661 / 2014
main.py: Progress: 1662 / 2014
main.py: Progress: 1663 / 2014
main.py: Progress: 1664 / 2014
main.py: Progress: 1665 / 2014
main.py: Progress: 1666 / 2014
main.py: Progress: 1667 / 2014
main.py: Progress: 1668 / 2014
main.py: Progress: 1669 / 2014
main.py: Progress: 1670 / 2014
main.py: Progress: 1671 / 2014
main.py: Progress: 1672 / 2014
main.py: Progress: 1673 / 2014
main.py: Progress: 1674 / 2014
main.py: Progress: 1675 / 2014
main.py: Progress: 1676 / 2014
main.py: Progress: 1677 / 2014
main.py: Progress: 1678 / 2014
main.py: Progress: 1679 / 2014
main.py: Progress: 1680 / 2014
main.py: Progress: 1681 / 2014
main.py: Progress: 1682 / 2014
main.py: Progress: 1683 / 2014
main.py: Progress: 1684 / 2014
main.py: Progress: 1685 / 2014
main.py: Progress: 1686 / 2014
main.py: Progress: 1687 / 2014
main.py: Progress: 1688 / 2014
main.py: Progress: 1689 / 2014
main.py: Progress: 1690 / 2014
main.py: Progress: 1691 / 2014
main.py: Progress: 1692 / 2014
main.py: Progress: 1693 / 2014
main.py: Progress: 1694 / 2014
main.py: Progress: 1695 / 2014
main.py: Progress: 1696 / 2014
main.py: Progress: 1697 / 2014
main.py: Progress: 1698 / 2014
main.py: Progress: 1699 / 2014
main.py: Progress: 1700 / 2014
main.py: Progress: 1701 / 2014
main.py: Progress: 1702 / 2014
main.py: Progress: 1703 / 2014
main.py: Progress: 1704 / 2014
main.py: Progress: 1705 / 2014
main.py: Progress: 1706 / 2014
main.py: Progress: 1707 / 2014
main.py: Progress: 1708 / 2014
main.py: Progress: 1709 / 2014
main.py: Progress: 1710 / 2014
main.py: Progress: 1711 / 2014
main.py: Progress: 1712 / 2014
main.py: Progress: 1713 / 2014
main.py: Progress: 1714 / 2014
main.py: Progress: 1715 / 2014
main.py: Progress: 1716 / 2014
main.py: Progress: 1717 / 2014
main.py: Progress: 1718 / 2014
main.py: Progress: 1719 / 2014
main.py: Progress: 1720 / 2014
main.py: Progress: 1721 / 2014
main.py: Progress: 1722 / 2014
main.py: Progress: 1723 / 2014
main.py: Progress: 1724 / 2014
main.py: Progress: 1725 / 2014
main.py: Progress: 1726 / 2014
main.py: Progress: 1727 / 2014
main.py: Progress: 1728 / 2014
main.py: Progress: 1729 / 2014
main.py: Progress: 1730 / 2014
main.py: Progress: 1731 / 2014
main.py: Progress: 1732 / 2014
main.py: Progress: 1733 / 2014
main.py: Progress: 1734 / 2014
main.py: Progress: 1735 / 2014
main.py: Progress: 1736 / 2014
main.py: Progress: 1737 / 2014
main.py: Progress: 1738 / 2014
main.py: Progress: 1739 / 2014
main.py: Progress: 1740 / 2014
main.py: Progress: 1741 / 2014
main.py: Progress: 1742 / 2014
main.py: Progress: 1743 / 2014
main.py: Progress: 1744 / 2014
main.py: Progress: 1745 / 2014
main.py: Progress: 1746 / 2014
main.py: Progress: 1747 / 2014
main.py: Progress: 1748 / 2014
main.py: Progress: 1749 / 2014
main.py: Progress: 1750 / 2014
main.py: Progress: 1751 / 2014
main.py: Progress: 1752 / 2014
main.py: Progress: 1753 / 2014
main.py: Progress: 1754 / 2014
main.py: Progress: 1755 / 2014
main.py: Progress: 1756 / 2014
main.py: Progress: 1757 / 2014
main.py: Progress: 1758 / 2014
main.py: Progress: 1759 / 2014
main.py: Progress: 1760 / 2014
main.py: Progress: 1761 / 2014
main.py: Progress: 1762 / 2014
main.py: Progress: 1763 / 2014
main.py: Progress: 1764 / 2014
main.py: Progress: 1765 / 2014
main.py: Progress: 1766 / 2014
main.py: Progress: 1767 / 2014
main.py: Progress: 1768 / 2014
main.py: Progress: 1769 / 2014
main.py: Progress: 1770 / 2014
main.py: Progress: 1771 / 2014
main.py: Progress: 1772 / 2014
main.py: Progress: 1773 / 2014
main.py: Progress: 1774 / 2014
main.py: Progress: 1775 / 2014
main.py: Progress: 1776 / 2014
main.py: Progress: 1777 / 2014
main.py: Progress: 1778 / 2014
main.py: Progress: 1779 / 2014
main.py: Progress: 1780 / 2014
main.py: Progress: 1781 / 2014
main.py: Progress: 1782 / 2014
main.py: Progress: 1783 / 2014
main.py: Progress: 1784 / 2014
main.py: Progress: 1785 / 2014
main.py: Progress: 1786 / 2014
main.py: Progress: 1787 / 2014
main.py: Progress: 1788 / 2014
main.py: Progress: 1789 / 2014
main.py: Progress: 1790 / 2014
main.py: Progress: 1791 / 2014
main.py: Progress: 1792 / 2014
main.py: Progress: 1793 / 2014
main.py: Progress: 1794 / 2014
main.py: Progress: 1795 / 2014
main.py: Progress: 1796 / 2014
main.py: Progress: 1797 / 2014
main.py: Progress: 1798 / 2014
main.py: Progress: 1799 / 2014
main.py: Progress: 1800 / 2014
main.py: Progress: 1801 / 2014
main.py: Progress: 1802 / 2014
main.py: Progress: 1803 / 2014
main.py: Progress: 1804 / 2014
main.py: Progress: 1805 / 2014
main.py: Progress: 1806 / 2014
main.py: Progress: 1807 / 2014
main.py: Progress: 1808 / 2014
main.py: Progress: 1809 / 2014
main.py: Progress: 1810 / 2014
main.py: Progress: 1811 / 2014
main.py: Progress: 1812 / 2014
main.py: Progress: 1813 / 2014
main.py: Progress: 1814 / 2014
main.py: Progress: 1815 / 2014
main.py: Progress: 1816 / 2014
main.py: Progress: 1817 / 2014
main.py: Progress: 1818 / 2014
main.py: Progress: 1819 / 2014
main.py: Progress: 1820 / 2014
main.py: Progress: 1821 / 2014
main.py: Progress: 1822 / 2014
main.py: Progress: 1823 / 2014
main.py: Progress: 1824 / 2014
main.py: Progress: 1825 / 2014
main.py: Progress: 1826 / 2014
main.py: Progress: 1827 / 2014
main.py: Progress: 1828 / 2014
main.py: Progress: 1829 / 2014
main.py: Progress: 1830 / 2014
main.py: Progress: 1831 / 2014
main.py: Progress: 1832 / 2014
main.py: Progress: 1833 / 2014
main.py: Progress: 1834 / 2014
main.py: Progress: 1835 / 2014
main.py: Progress: 1836 / 2014
main.py: Progress: 1837 / 2014
main.py: Progress: 1838 / 2014
main.py: Progress: 1839 / 2014
main.py: Progress: 1840 / 2014
main.py: Progress: 1841 / 2014
main.py: Progress: 1842 / 2014
main.py: Progress: 1843 / 2014
main.py: Progress: 1844 / 2014
main.py: Progress: 1845 / 2014
main.py: Progress: 1846 / 2014
main.py: Progress: 1847 / 2014
main.py: Progress: 1848 / 2014
main.py: Progress: 1849 / 2014
main.py: Progress: 1850 / 2014
main.py: Progress: 1851 / 2014
main.py: Progress: 1852 / 2014
main.py: Progress: 1853 / 2014
main.py: Progress: 1854 / 2014
main.py: Progress: 1855 / 2014
main.py: Progress: 1856 / 2014
main.py: Progress: 1857 / 2014
main.py: Progress: 1858 / 2014
main.py: Progress: 1859 / 2014
main.py: Progress: 1860 / 2014
main.py: Progress: 1861 / 2014
main.py: Progress: 1862 / 2014
main.py: Progress: 1863 / 2014
main.py: Progress: 1864 / 2014
main.py: Progress: 1865 / 2014
main.py: Progress: 1866 / 2014
main.py: Progress: 1867 / 2014
main.py: Progress: 1868 / 2014
main.py: Progress: 1869 / 2014
main.py: Progress: 1870 / 2014
main.py: Progress: 1871 / 2014
main.py: Progress: 1872 / 2014
main.py: Progress: 1873 / 2014
main.py: Progress: 1874 / 2014
main.py: Progress: 1875 / 2014
main.py: Progress: 1876 / 2014
main.py: Progress: 1877 / 2014
main.py: Progress: 1878 / 2014
main.py: Progress: 1879 / 2014
main.py: Progress: 1880 / 2014
main.py: Progress: 1881 / 2014
main.py: Progress: 1882 / 2014
main.py: Progress: 1883 / 2014
main.py: Progress: 1884 / 2014
main.py: Progress: 1885 / 2014
main.py: Progress: 1886 / 2014
main.py: Progress: 1887 / 2014
main.py: Progress: 1888 / 2014
main.py: Progress: 1889 / 2014
main.py: Progress: 1890 / 2014
main.py: Progress: 1891 / 2014
main.py: Progress: 1892 / 2014
main.py: Progress: 1893 / 2014
main.py: Progress: 1894 / 2014
main.py: Progress: 1895 / 2014
main.py: Progress: 1896 / 2014
main.py: Progress: 1897 / 2014
main.py: Progress: 1898 / 2014
main.py: Progress: 1899 / 2014
main.py: Progress: 1900 / 2014
main.py: Progress: 1901 / 2014
main.py: Progress: 1902 / 2014
main.py: Progress: 1903 / 2014
main.py: Progress: 1904 / 2014
main.py: Progress: 1905 / 2014
main.py: Progress: 1906 / 2014
main.py: Progress: 1907 / 2014
main.py: Progress: 1908 / 2014
main.py: Progress: 1909 / 2014
main.py: Progress: 1910 / 2014
main.py: Progress: 1911 / 2014
main.py: Progress: 1912 / 2014
main.py: Progress: 1913 / 2014
main.py: Progress: 1914 / 2014
main.py: Progress: 1915 / 2014
main.py: Progress: 1916 / 2014
main.py: Progress: 1917 / 2014
main.py: Progress: 1918 / 2014
main.py: Progress: 1919 / 2014
main.py: Progress: 1920 / 2014
main.py: Progress: 1921 / 2014
main.py: Progress: 1922 / 2014
main.py: Progress: 1923 / 2014
main.py: Progress: 1924 / 2014
main.py: Progress: 1925 / 2014
main.py: Progress: 1926 / 2014
main.py: Progress: 1927 / 2014
main.py: Progress: 1928 / 2014
main.py: Progress: 1929 / 2014
main.py: Progress: 1930 / 2014
main.py: Progress: 1931 / 2014
main.py: Progress: 1932 / 2014
main.py: Progress: 1933 / 2014
main.py: Progress: 1934 / 2014
main.py: Progress: 1935 / 2014
main.py: Progress: 1936 / 2014
main.py: Progress: 1937 / 2014
main.py: Progress: 1938 / 2014
main.py: Progress: 1939 / 2014
main.py: Progress: 1940 / 2014
main.py: Progress: 1941 / 2014
main.py: Progress: 1942 / 2014
main.py: Progress: 1943 / 2014
main.py: Progress: 1944 / 2014
main.py: Progress: 1945 / 2014
main.py: Progress: 1946 / 2014
main.py: Progress: 1947 / 2014
main.py: Progress: 1948 / 2014
main.py: Progress: 1949 / 2014
main.py: Progress: 1950 / 2014
main.py: Progress: 1951 / 2014
main.py: Progress: 1952 / 2014
main.py: Progress: 1953 / 2014
main.py: Progress: 1954 / 2014
main.py: Progress: 1955 / 2014
main.py: Progress: 1956 / 2014
main.py: Progress: 1957 / 2014
main.py: Progress: 1958 / 2014
main.py: Progress: 1959 / 2014
main.py: Progress: 1960 / 2014
main.py: Progress: 1961 / 2014
main.py: Progress: 1962 / 2014
main.py: Progress: 1963 / 2014
main.py: Progress: 1964 / 2014
main.py: Progress: 1965 / 2014
main.py: Progress: 1966 / 2014
main.py: Progress: 1967 / 2014
main.py: Progress: 1968 / 2014
main.py: Progress: 1969 / 2014
main.py: Progress: 1970 / 2014
main.py: Progress: 1971 / 2014
main.py: Progress: 1972 / 2014
main.py: Progress: 1973 / 2014
main.py: Progress: 1974 / 2014
main.py: Progress: 1975 / 2014
main.py: Progress: 1976 / 2014
main.py: Progress: 1977 / 2014
main.py: Progress: 1978 / 2014
main.py: Progress: 1979 / 2014
main.py: Progress: 1980 / 2014
main.py: Progress: 1981 / 2014
main.py: Progress: 1982 / 2014
main.py: Progress: 1983 / 2014
main.py: Progress: 1984 / 2014
main.py: Progress: 1985 / 2014
main.py: Progress: 1986 / 2014
main.py: Progress: 1987 / 2014
main.py: Progress: 1988 / 2014
main.py: Progress: 1989 / 2014
main.py: Progress: 1990 / 2014
main.py: Progress: 1991 / 2014
main.py: Progress: 1992 / 2014
main.py: Progress: 1993 / 2014
main.py: Progress: 1994 / 2014
main.py: Progress: 1995 / 2014
main.py: Progress: 1996 / 2014
main.py: Progress: 1997 / 2014
main.py: Progress: 1998 / 2014
main.py: Progress: 1999 / 2014
time 2000 ( all targets found and t>1000s) and set up src_dst pairs = [([0, 8], (-1, -1))]
Route initialization:  {0: {'Route': [0, 8], 'MCS_Index': [2], 'Priority': 1, 'ValidRoute': False, 'HQRoute': False, 'RouteNodeDensity': [None, None], 'InterferingLinks': 0, 'Target': (-1, -1)}}
node.py: Inside packet generation function at node: Node0. Curr time: 2000.000000, Packet inter arrival time: 0.005467
Called Update: UpdateRouteCalls = 0, force = False
Called Update: UpdateRouteCalls = 1, force = False
Called Update: UpdateRouteCalls = 2, force = False
Called Update: UpdateRouteCalls = 3, force = False
Called Update: UpdateRouteCalls = 4, force = False
Called Update: UpdateRouteCalls = 5, force = False
Called Update: UpdateRouteCalls = 6, force = False
Called Update: UpdateRouteCalls = 7, force = False
Called Update: UpdateRouteCalls = 8, force = False
Called Update: UpdateRouteCalls = 9, force = False
!! UPDATING !!
routeNo, updatedMCSIndex =  0 [2]
Path | HC | IL | Max Data Rate Supported | HQ Path | Tangled Path | Cost
------------------------------
[0, 1, 3, 4, 6, 8] | 5 | 10 | 11 | True | False | 1.0795454545454546
[0, 1, 3, 5, 6, 8] | 5 | 10 | 11 | True | False | 1.0795454545454546
[0, 1, 3, 5, 7, 8] | 5 | 10 | 11 | True | False | 1.0795454545454546
[0, 2, 3, 5, 6, 8] | 5 | 10 | 11 | True | False | 1.0795454545454546
[0, 2, 3, 5, 7, 8] | 5 | 10 | 11 | True | False | 1.0795454545454546
[0, 2, 4, 5, 7, 8] | 5 | 10 | 11 | True | False | 1.0795454545454546
[0, 2, 4, 6, 8] | 4 | 8 | 11 | True | False | 0.8846153846153846
Found Route:
 {'Path': [0, 2, 4, 6, 8], 'HC': 4, 'IL': 8, 'Max Data Rate Supported': 11, 'HQ Path': np.True_, 'Tangled Path': False, 'Cost': 0.8846153846153846}
Called Update: UpdateRouteCalls = 0, force = True
!! UPDATING !!
routeNo, updatedMCSIndex =  0 [2, 2, 2, 2]

rf.py: Time: 2000 Route details: {0: {'Route': [0, 2, 4, 6, 8], 'MCS_Index': [2, 2, 2, 2], 'Priority': 1, 'ValidRoute': True, 'HQRoute': np.True_, 'RouteNodeDensity': [1, 2, 2, 2, 1], 'InterferingLinks': 8, 'Target': (-1, -1)}}
main.py: Progress: 2000 / 2014
Node.py: (Node0)@2000400000000.0: Updated MCS from 2 to 1, hist=deque([1.0], maxlen=5), packets_serviced=73, packets_received=73
Called Update: UpdateRouteCalls = 0, force = False
Called Update: UpdateRouteCalls = 1, force = False
Node.py: (Node2)@2000400000000.0: Updated MCS from 2 to 1, hist=deque([1.0], maxlen=5), packets_serviced=72, packets_received=72
Called Update: UpdateRouteCalls = 2, force = False
Called Update: UpdateRouteCalls = 3, force = False
Node.py: (Node4)@2000400000000.0: Updated MCS from 2 to 1, hist=deque([1.0], maxlen=5), packets_serviced=68, packets_received=68
Called Update: UpdateRouteCalls = 4, force = False
Called Update: UpdateRouteCalls = 5, force = False
Node.py: (Node6)@2000400000000.0: Updated MCS from 2 to 1, hist=deque([1.0], maxlen=5), packets_serviced=65, packets_received=65
Called Update: UpdateRouteCalls = 6, force = False
Called Update: UpdateRouteCalls = 7, force = False
Called Update: UpdateRouteCalls = 8, force = False
Called Update: UpdateRouteCalls = 9, force = False
!! UPDATING !!
routeNo, updatedMCSIndex =  0 [1, 1, 1, 1]
Node.py: (Node0)@2000800000000.0: Updated MCS from 1 to 1, hist=deque([1.0, 0.726027397260274], maxlen=5), packets_serviced=53, packets_received=73
Called Update: UpdateRouteCalls = 0, force = False
Called Update: UpdateRouteCalls = 1, force = False
Node.py: (Node2)@2000800000000.0: Updated MCS from 1 to 2, hist=deque([1.0, 0.125], maxlen=5), packets_serviced=17, packets_received=136
Called Update: UpdateRouteCalls = 2, force = False
Called Update: UpdateRouteCalls = 3, force = False
Node.py: (Node4)@2000800000000.0: Updated MCS from 1 to 2, hist=deque([1.0, 0.24390243902439024], maxlen=5), packets_serviced=10, packets_received=41
Called Update: UpdateRouteCalls = 4, force = False
Called Update: UpdateRouteCalls = 5, force = False
Node.py: (Node6)@2000800000000.0: Updated MCS from 1 to 2, hist=deque([1.0, 0.1956521739130435], maxlen=5), packets_serviced=9, packets_received=46
Called Update: UpdateRouteCalls = 6, force = False
Called Update: UpdateRouteCalls = 7, force = False
Called Update: UpdateRouteCalls = 8, force = False
Called Update: UpdateRouteCalls = 9, force = False
!! UPDATING !!
routeNo, updatedMCSIndex =  0 [1, 2, 2, 2]
main.py: Progress: 2001 / 2014
Called Update: UpdateRouteCalls = 0, force = True
!! UPDATING !!
routeNo, updatedMCSIndex =  0 [1, 2, 2, 2]

rf.py: Time: 2001 Route details: {0: {'Route': [0, 2, 4, 6, 8], 'MCS_Index': [1, 2, 2, 2], 'Priority': 1, 'ValidRoute': True, 'HQRoute': True, 'RouteNodeDensity': [1, 2, 2, 2, 1], 'InterferingLinks': 8, 'Target': (-1, -1)}}
Node.py: (Node0)@2001200000000.0: Updated MCS from 1 to 2, hist=deque([1.0, 0.726027397260274, 0.0410958904109589], maxlen=5), packets_serviced=3, packets_received=73
Called Update: UpdateRouteCalls = 0, force = False
Called Update: UpdateRouteCalls = 1, force = False
Node.py: (Node2)@2001200000000.0: Updated MCS from 2 to 3, hist=deque([1.0, 0.125, 0.7647058823529411], maxlen=5), packets_serviced=39, packets_received=51
Called Update: UpdateRouteCalls = 2, force = False
Called Update: UpdateRouteCalls = 3, force = False
Node.py: (Node4)@2001200000000.0: Updated MCS from 2 to 3, hist=deque([1.0, 0.24390243902439024, 0.6212121212121212], maxlen=5), packets_serviced=41, packets_received=66
Called Update: UpdateRouteCalls = 4, force = False
Called Update: UpdateRouteCalls = 5, force = False
Node.py: (Node6)@2001200000000.0: Updated MCS from 2 to 3, hist=deque([1.0, 0.1956521739130435, 0.675], maxlen=5), packets_serviced=27, packets_received=40
Called Update: UpdateRouteCalls = 6, force = False
Called Update: UpdateRouteCalls = 7, force = False
Called Update: UpdateRouteCalls = 8, force = False
Called Update: UpdateRouteCalls = 9, force = False
!! UPDATING !!
routeNo, updatedMCSIndex =  0 [2, 3, 3, 3]
Node.py: (Node0)@2001600000000.0: Updated MCS from 2 to 3, hist=deque([1.0, 0.726027397260274, 0.0410958904109589, 0.0], maxlen=5), packets_serviced=0, packets_received=73
Called Update: UpdateRouteCalls = 0, force = False
Called Update: UpdateRouteCalls = 1, force = False
Node.py: (Node2)@2001600000000.0: Updated MCS from 3 to 3, hist=deque([1.0, 0.125, 0.7647058823529411, 0.0], maxlen=5), packets_serviced=0, packets_received=58
Called Update: UpdateRouteCalls = 2, force = False
Called Update: UpdateRouteCalls = 3, force = False
Node.py: (Node4)@2001600000000.0: Updated MCS from 3 to 3, hist=deque([1.0, 0.24390243902439024, 0.6212121212121212, 0.0], maxlen=5), packets_serviced=0, packets_received=19
Called Update: UpdateRouteCalls = 4, force = False
Called Update: UpdateRouteCalls = 5, force = False
Node.py: (Node6)@2001600000000.0: Updated MCS from 3 to 3, hist=deque([1.0, 0.1956521739130435, 0.675, 0.0], maxlen=5), packets_serviced=0, packets_received=5
Called Update: UpdateRouteCalls = 6, force = False
Called Update: UpdateRouteCalls = 7, force = False
Called Update: UpdateRouteCalls = 8, force = False
Called Update: UpdateRouteCalls = 9, force = False
!! UPDATING !!
routeNo, updatedMCSIndex =  0 [3, 3, 3, 3]
main.py: Progress: 2002 / 2014
Node.py: (Node0)@2002000000000.0: Updated MCS from 3 to 3, hist=deque([1.0, 0.726027397260274, 0.0410958904109589, 0.0, 1.3972602739726028], maxlen=5), packets_serviced=102, packets_received=73
Called Update: UpdateRouteCalls = 0, force = False
Called Update: UpdateRouteCalls = 1, force = False
Node.py: (Node2)@2002000000000.0: Updated MCS from 3 to 3, hist=deque([1.0, 0.125, 0.7647058823529411, 0.0, 0.8032786885245902], maxlen=5), packets_serviced=98, packets_received=122
Called Update: UpdateRouteCalls = 2, force = False
Called Update: UpdateRouteCalls = 3, force = False
Node.py: (Node4)@2002000000000.0: Updated MCS from 3 to 3, hist=deque([1.0, 0.24390243902439024, 0.6212121212121212, 0.0, 1.0], maxlen=5), packets_serviced=98, packets_received=98
Called Update: UpdateRouteCalls = 4, force = False
Called Update: UpdateRouteCalls = 5, force = False
Node.py: (Node6)@2002000000000.0: Updated MCS from 3 to 3, hist=deque([1.0, 0.1956521739130435, 0.675, 0.0, 0.043478260869565216], maxlen=5), packets_serviced=4, packets_received=92
Called Update: UpdateRouteCalls = 6, force = False
Called Update: UpdateRouteCalls = 7, force = False
Called Update: UpdateRouteCalls = 8, force = False
Called Update: UpdateRouteCalls = 9, force = False
!! UPDATING !!
routeNo, updatedMCSIndex =  0 [3, 3, 3, 3]
Called Update: UpdateRouteCalls = 0, force = True
!! UPDATING !!
routeNo, updatedMCSIndex =  0 [3, 3, 3, 3]

rf.py: Time: 2002 Route details: {0: {'Route': [0, 2, 4, 6, 8], 'MCS_Index': [3, 3, 3, 3], 'Priority': 1, 'ValidRoute': True, 'HQRoute': True, 'RouteNodeDensity': [1, 2, 2, 2, 1], 'InterferingLinks': 8, 'Target': (-1, -1)}}
Node.py: (Node0)@2002400000000.0: Updated MCS from 3 to 3, hist=deque([0.726027397260274, 0.0410958904109589, 0.0, 1.3972602739726028, 2.324324324324324], maxlen=5), packets_serviced=172, packets_received=74
Called Update: UpdateRouteCalls = 0, force = False
Called Update: UpdateRouteCalls = 1, force = False
Node.py: (Node2)@2002400000000.0: Updated MCS from 3 to 3, hist=deque([0.125, 0.7647058823529411, 0.0, 0.8032786885245902, 1.0], maxlen=5), packets_serviced=156, packets_received=156
Called Update: UpdateRouteCalls = 2, force = False
Called Update: UpdateRouteCalls = 3, force = False
Node.py: (Node4)@2002400000000.0: Updated MCS from 3 to 3, hist=deque([0.24390243902439024, 0.6212121212121212, 0.0, 1.0, 1.0], maxlen=5), packets_serviced=156, packets_received=156
Called Update: UpdateRouteCalls = 4, force = False
Called Update: UpdateRouteCalls = 5, force = False
Node.py: (Node6)@2002400000000.0: Updated MCS from 3 to 3, hist=deque([0.1956521739130435, 0.675, 0.0, 0.043478260869565216, 1.564102564102564], maxlen=5), packets_serviced=244, packets_received=156
Called Update: UpdateRouteCalls = 6, force = False
Called Update: UpdateRouteCalls = 7, force = False
Called Update: UpdateRouteCalls = 8, force = False
Called Update: UpdateRouteCalls = 9, force = False
!! UPDATING !!
routeNo, updatedMCSIndex =  0 [3, 3, 3, 3]
Node.py: (Node0)@2002800000000.0: Updated MCS from 3 to 2, hist=deque([0.0410958904109589, 0.0, 1.3972602739726028, 2.324324324324324, 1.4931506849315068], maxlen=5), packets_serviced=109, packets_received=73
Called Update: UpdateRouteCalls = 0, force = False
Called Update: UpdateRouteCalls = 1, force = False
Node.py: (Node2)@2002800000000.0: Updated MCS from 3 to 3, hist=deque([0.7647058823529411, 0.0, 0.8032786885245902, 1.0, 1.0], maxlen=5), packets_serviced=117, packets_received=117
Called Update: UpdateRouteCalls = 2, force = False
Called Update: UpdateRouteCalls = 3, force = False
Node.py: (Node4)@2002800000000.0: Updated MCS from 3 to 3, hist=deque([0.6212121212121212, 0.0, 1.0, 1.0, 1.0], maxlen=5), packets_serviced=117, packets_received=117
Called Update: UpdateRouteCalls = 4, force = False
Called Update: UpdateRouteCalls = 5, force = False
Node.py: (Node6)@2002800000000.0: Updated MCS from 3 to 3, hist=deque([0.675, 0.0, 0.043478260869565216, 1.564102564102564, 1.0], maxlen=5), packets_serviced=120, packets_received=120
Called Update: UpdateRouteCalls = 6, force = False
Called Update: UpdateRouteCalls = 7, force = False
Called Update: UpdateRouteCalls = 8, force = False
Called Update: UpdateRouteCalls = 9, force = False
!! UPDATING !!
routeNo, updatedMCSIndex =  0 [2, 3, 3, 3]
main.py: Progress: 2003 / 2014
Called Update: UpdateRouteCalls = 0, force = True
!! UPDATING !!
routeNo, updatedMCSIndex =  0 [2, 3, 3, 3]

rf.py: Time: 2003 Route details: {0: {'Route': [0, 2, 4, 6, 8], 'MCS_Index': [2, 3, 3, 3], 'Priority': 1, 'ValidRoute': True, 'HQRoute': True, 'RouteNodeDensity': [1, 2, 2, 2, 1], 'InterferingLinks': 8, 'Target': (-1, -1)}}
Node.py: (Node0)@2003200000000.0: Updated MCS from 2 to 1, hist=deque([0.0, 1.3972602739726028, 2.324324324324324, 1.4931506849315068, 1.0], maxlen=5), packets_serviced=73, packets_received=73
Called Update: UpdateRouteCalls = 0, force = False
Called Update: UpdateRouteCalls = 1, force = False
Node.py: (Node2)@2003200000000.0: Updated MCS from 3 to 3, hist=deque([0.0, 0.8032786885245902, 1.0, 1.0, 1.0], maxlen=5), packets_serviced=73, packets_received=73
Called Update: UpdateRouteCalls = 2, force = False
Called Update: UpdateRouteCalls = 3, force = False
Node.py: (Node4)@2003200000000.0: Updated MCS from 3 to 3, hist=deque([0.0, 1.0, 1.0, 1.0, 1.0], maxlen=5), packets_serviced=73, packets_received=73
Called Update: UpdateRouteCalls = 4, force = False
Called Update: UpdateRouteCalls = 5, force = False
Node.py: (Node6)@2003200000000.0: Updated MCS from 3 to 3, hist=deque([0.0, 0.043478260869565216, 1.564102564102564, 1.0, 1.0], maxlen=5), packets_serviced=74, packets_received=74
Called Update: UpdateRouteCalls = 6, force = False
Called Update: UpdateRouteCalls = 7, force = False
Called Update: UpdateRouteCalls = 8, force = False
Called Update: UpdateRouteCalls = 9, force = False
!! UPDATING !!
routeNo, updatedMCSIndex =  0 [1, 3, 3, 3]
Node.py: (Node0)@2003600000000.0: Updated MCS from 1 to 0, hist=deque([1.3972602739726028, 2.324324324324324, 1.4931506849315068, 1.0, 0.6986301369863014], maxlen=5), packets_serviced=51, packets_received=73
Called Update: UpdateRouteCalls = 0, force = False
Called Update: UpdateRouteCalls = 1, force = False
Node.py: (Node2)@2003600000000.0: Updated MCS from 3 to 3, hist=deque([0.8032786885245902, 1.0, 1.0, 1.0, 0.3422818791946309], maxlen=5), packets_serviced=51, packets_received=149
Called Update: UpdateRouteCalls = 2, force = False
Called Update: UpdateRouteCalls = 3, force = False
Node.py: (Node4)@2003600000000.0: Updated MCS from 3 to 2, hist=deque([1.0, 1.0, 1.0, 1.0, 1.0], maxlen=5), packets_serviced=51, packets_received=51
Called Update: UpdateRouteCalls = 4, force = False
Called Update: UpdateRouteCalls = 5, force = False
Node.py: (Node6)@2003600000000.0: Updated MCS from 3 to 3, hist=deque([0.043478260869565216, 1.564102564102564, 1.0, 1.0, 0.9607843137254902], maxlen=5), packets_serviced=49, packets_received=51
Called Update: UpdateRouteCalls = 6, force = False
Called Update: UpdateRouteCalls = 7, force = False
Called Update: UpdateRouteCalls = 8, force = False
Called Update: UpdateRouteCalls = 9, force = False
!! UPDATING !!
routeNo, updatedMCSIndex =  0 [0, 3, 2, 3]
main.py: Progress: 2004 / 2014
Node.py: (Node0)@2004000000000.0: Updated MCS from 0 to 0, hist=deque([2.324324324324324, 1.4931506849315068, 1.0, 0.6986301369863014, 0.4794520547945205], maxlen=5), packets_serviced=35, packets_received=73
Called Update: UpdateRouteCalls = 0, force = False
Called Update: UpdateRouteCalls = 1, force = False
Node.py: (Node2)@2004000000000.0: Updated MCS from 3 to 3, hist=deque([1.0, 1.0, 1.0, 0.3422818791946309, 0.22137404580152673], maxlen=5), packets_serviced=29, packets_received=131
Called Update: UpdateRouteCalls = 2, force = False
Called Update: UpdateRouteCalls = 3, force = False
Node.py: (Node4)@2004000000000.0: Updated MCS from 2 to 1, hist=deque([1.0, 1.0, 1.0, 1.0, 1.0], maxlen=5), packets_serviced=29, packets_received=29
Called Update: UpdateRouteCalls = 4, force = False
Called Update: UpdateRouteCalls = 5, force = False
Node.py: (Node6)@2004000000000.0: Updated MCS from 3 to 2, hist=deque([1.564102564102564, 1.0, 1.0, 0.9607843137254902, 1.0689655172413792], maxlen=5), packets_serviced=31, packets_received=29
Called Update: UpdateRouteCalls = 6, force = False
Called Update: UpdateRouteCalls = 7, force = False
Called Update: UpdateRouteCalls = 8, force = False
Called Update: UpdateRouteCalls = 9, force = False
!! UPDATING !!
routeNo, updatedMCSIndex =  0 [0, 3, 1, 2]
Called Update: UpdateRouteCalls = 0, force = True
!! UPDATING !!
routeNo, updatedMCSIndex =  0 [0, 3, 1, 2]

rf.py: Time: 2004 Route details: {0: {'Route': [0, 2, 4, 6, 8], 'MCS_Index': [0, 3, 1, 2], 'Priority': 1, 'ValidRoute': True, 'HQRoute': True, 'RouteNodeDensity': [1, 2, 2, 2, 1], 'InterferingLinks': 8, 'Target': (-1, -1)}}
DUPE: 2000524624369_Node0_Node8_Zero, Node4 id 2000524624369_Node0_Node8_Zero was a dupe; retransmit: 0, pkt_enqueue_time=2004159121135.1086, pkt_dequeue_time=2004159121135.1086, forwarded_or_dropped=1, reason_for_drop='Expiry'
Node.py: (Node0)@2004400000000.0: Updated MCS from 0 to 0, hist=deque([1.4931506849315068, 1.0, 0.6986301369863014, 0.4794520547945205, 0.05405405405405406], maxlen=5), packets_serviced=4, packets_received=74
Called Update: UpdateRouteCalls = 0, force = False
Called Update: UpdateRouteCalls = 1, force = False
Node.py: (Node2)@2004400000000.0: Updated MCS from 3 to 3, hist=deque([1.0, 1.0, 0.3422818791946309, 0.22137404580152673, 0.17647058823529413], maxlen=5), packets_serviced=9, packets_received=51
Called Update: UpdateRouteCalls = 2, force = False
Called Update: UpdateRouteCalls = 3, force = False
Node.py: (Node4)@2004400000000.0: Updated MCS from 1 to 0, hist=deque([1.0, 1.0, 1.0, 1.0, 0.9], maxlen=5), packets_serviced=9, packets_received=10
Called Update: UpdateRouteCalls = 4, force = False
Called Update: UpdateRouteCalls = 5, force = False
Node.py: (Node6)@2004400000000.0: Updated MCS from 2 to 2, hist=deque([1.0, 1.0, 0.9607843137254902, 1.0689655172413792, 0.1323529411764706], maxlen=5), packets_serviced=9, packets_received=68
Called Update: UpdateRouteCalls = 6, force = False
Called Update: UpdateRouteCalls = 7, force = False
Called Update: UpdateRouteCalls = 8, force = False
Called Update: UpdateRouteCalls = 9, force = False
!! UPDATING !!
routeNo, updatedMCSIndex =  0 [0, 3, 0, 2]
Node.py: (Node0)@2004800000000.0: Updated MCS from 0 to 1, hist=deque([1.0, 0.6986301369863014, 0.4794520547945205, 0.05405405405405406, 0.7534246575342466], maxlen=5), packets_serviced=55, packets_received=73
Called Update: UpdateRouteCalls = 0, force = False
Called Update: UpdateRouteCalls = 1, force = False
Node.py: (Node2)@2004800000000.0: Updated MCS from 3 to 3, hist=deque([1.0, 0.3422818791946309, 0.22137404580152673, 0.17647058823529413, 0.007407407407407408], maxlen=5), packets_serviced=1, packets_received=135
Called Update: UpdateRouteCalls = 2, force = False
Called Update: UpdateRouteCalls = 3, force = False
Called Update: UpdateRouteCalls = 4, force = False
Called Update: UpdateRouteCalls = 5, force = False
Called Update: UpdateRouteCalls = 6, force = False
Called Update: UpdateRouteCalls = 7, force = False
Called Update: UpdateRouteCalls = 8, force = False
Called Update: UpdateRouteCalls = 9, force = False
!! UPDATING !!
routeNo, updatedMCSIndex =  0 [1, 3, 0, 2]
main.py: Progress: 2005 / 2014
Called Update: UpdateRouteCalls = 0, force = True
!! UPDATING !!
routeNo, updatedMCSIndex =  0 [1, 3, 0, 2]

rf.py: Time: 2005 Route details: {0: {'Route': [0, 2, 4, 6, 8], 'MCS_Index': [1, 3, 0, 2], 'Priority': 1, 'ValidRoute': True, 'HQRoute': True, 'RouteNodeDensity': [1, 2, 2, 2, 1], 'InterferingLinks': 8, 'Target': (-1, -1)}}
Node.py: (Node0)@2005200000000.0: Updated MCS from 1 to 0, hist=deque([0.6986301369863014, 0.4794520547945205, 0.05405405405405406, 0.7534246575342466, 3.0273972602739727], maxlen=5), packets_serviced=221, packets_received=73
Called Update: UpdateRouteCalls = 0, force = False
Called Update: UpdateRouteCalls = 1, force = False
Node.py: (Node2)@2005200000000.0: Updated MCS from 3 to 3, hist=deque([0.3422818791946309, 0.22137404580152673, 0.17647058823529413, 0.007407407407407408, 0.0], maxlen=5), packets_serviced=0, packets_received=396
Called Update: UpdateRouteCalls = 2, force = False
Called Update: UpdateRouteCalls = 3, force = False
Called Update: UpdateRouteCalls = 4, force = False
Called Update: UpdateRouteCalls = 5, force = False
Called Update: UpdateRouteCalls = 6, force = False
Called Update: UpdateRouteCalls = 7, force = False
Called Update: UpdateRouteCalls = 8, force = False
Called Update: UpdateRouteCalls = 9, force = False
!! UPDATING !!
routeNo, updatedMCSIndex =  0 [0, 3, 0, 2]
Node.py: (Node0)@2005600000000.0: Updated MCS from 0 to 0, hist=deque([0.4794520547945205, 0.05405405405405406, 0.7534246575342466, 3.0273972602739727, 0.0], maxlen=5), packets_serviced=0, packets_received=73
Called Update: UpdateRouteCalls = 0, force = False
Called Update: UpdateRouteCalls = 1, force = False
Node.py: (Node2)@2005600000000.0: Updated MCS from 3 to 3, hist=deque([0.22137404580152673, 0.17647058823529413, 0.007407407407407408, 0.0, 0.0], maxlen=5), packets_serviced=0, packets_received=284
Called Update: UpdateRouteCalls = 2, force = False
Called Update: UpdateRouteCalls = 3, force = False
Called Update: UpdateRouteCalls = 4, force = False
Called Update: UpdateRouteCalls = 5, force = False
Called Update: UpdateRouteCalls = 6, force = False
Called Update: UpdateRouteCalls = 7, force = False
Called Update: UpdateRouteCalls = 8, force = False
Called Update: UpdateRouteCalls = 9, force = False
!! UPDATING !!
routeNo, updatedMCSIndex =  0 [0, 3, 0, 2]
main.py: Progress: 2006 / 2014
Node.py: (Node0)@2006000000000.0: Updated MCS from 0 to 0, hist=deque([0.05405405405405406, 0.7534246575342466, 3.0273972602739727, 0.0, 0.0410958904109589], maxlen=5), packets_serviced=3, packets_received=73
Called Update: UpdateRouteCalls = 0, force = False
Called Update: UpdateRouteCalls = 1, force = False
Node.py: (Node2)@2006000000000.0: Updated MCS from 3 to 3, hist=deque([0.17647058823529413, 0.007407407407407408, 0.0, 0.0, 3.5256410256410255], maxlen=5), packets_serviced=275, packets_received=78
Called Update: UpdateRouteCalls = 2, force = False
Called Update: UpdateRouteCalls = 3, force = False
Node.py: (Node4)@2006000000000.0: Updated MCS from 0 to 0, hist=deque([1.0, 1.0, 1.0, 0.9, 0.07636363636363637], maxlen=5), packets_serviced=21, packets_received=275
Called Update: UpdateRouteCalls = 4, force = False
Called Update: UpdateRouteCalls = 5, force = False
Node.py: (Node6)@2006000000000.0: Updated MCS from 2 to 2, hist=deque([1.0, 0.9607843137254902, 1.0689655172413792, 0.1323529411764706, 0.35714285714285715], maxlen=5), packets_serviced=20, packets_received=56
Called Update: UpdateRouteCalls = 6, force = False
Called Update: UpdateRouteCalls = 7, force = False
Called Update: UpdateRouteCalls = 8, force = False
Called Update: UpdateRouteCalls = 9, force = False
!! UPDATING !!
routeNo, updatedMCSIndex =  0 [0, 3, 0, 2]
Called Update: UpdateRouteCalls = 0, force = True
!! UPDATING !!
routeNo, updatedMCSIndex =  0 [0, 3, 0, 2]

rf.py: Time: 2006 Route details: {0: {'Route': [0, 2, 4, 6, 8], 'MCS_Index': [0, 3, 0, 2], 'Priority': 1, 'ValidRoute': True, 'HQRoute': True, 'RouteNodeDensity': [1, 2, 2, 2, 1], 'InterferingLinks': 8, 'Target': (-1, -1)}}
Node.py: (Node0)@2006400000000.0: Updated MCS from 0 to 0, hist=deque([0.7534246575342466, 3.0273972602739727, 0.0, 0.0410958904109589, 0.1891891891891892], maxlen=5), packets_serviced=14, packets_received=74
Called Update: UpdateRouteCalls = 0, force = False
Called Update: UpdateRouteCalls = 1, force = False
Node.py: (Node2)@2006400000000.0: Updated MCS from 3 to 3, hist=deque([0.007407407407407408, 0.0, 0.0, 3.5256410256410255, 0.010869565217391304], maxlen=5), packets_serviced=1, packets_received=92
Called Update: UpdateRouteCalls = 2, force = False
Called Update: UpdateRouteCalls = 3, force = False
Called Update: UpdateRouteCalls = 4, force = False
Called Update: UpdateRouteCalls = 5, force = False
Node.py: (Node6)@2006400000000.0: Updated MCS from 2 to 3, hist=deque([0.9607843137254902, 1.0689655172413792, 0.1323529411764706, 0.35714285714285715, 0.05333333333333334], maxlen=5), packets_serviced=4, packets_received=75
Called Update: UpdateRouteCalls = 6, force = False
Called Update: UpdateRouteCalls = 7, force = False
Called Update: UpdateRouteCalls = 8, force = False
Called Update: UpdateRouteCalls = 9, force = False
!! UPDATING !!
routeNo, updatedMCSIndex =  0 [0, 3, 0, 3]
Node.py: (Node0)@2006800000000.0: Updated MCS from 0 to 0, hist=deque([3.0273972602739727, 0.0, 0.0410958904109589, 0.1891891891891892, 0.410958904109589], maxlen=5), packets_serviced=30, packets_received=73
Called Update: UpdateRouteCalls = 0, force = False
Called Update: UpdateRouteCalls = 1, force = False
Node.py: (Node2)@2006800000000.0: Updated MCS from 3 to 3, hist=deque([0.0, 0.0, 3.5256410256410255, 0.010869565217391304, 0.45121951219512196], maxlen=5), packets_serviced=37, packets_received=82
Called Update: UpdateRouteCalls = 2, force = False
Called Update: UpdateRouteCalls = 3, force = False
Node.py: (Node4)@2006800000000.0: Updated MCS from 0 to 0, hist=deque([1.0, 1.0, 0.9, 0.07636363636363637, 0.8648648648648649], maxlen=5), packets_serviced=32, packets_received=37
Called Update: UpdateRouteCalls = 4, force = False
Called Update: UpdateRouteCalls = 5, force = False
Node.py: (Node6)@2006800000000.0: Updated MCS from 3 to 3, hist=deque([1.0689655172413792, 0.1323529411764706, 0.35714285714285715, 0.05333333333333334, 0.3563218390804598], maxlen=5), packets_serviced=31, packets_received=87
Called Update: UpdateRouteCalls = 6, force = False
Called Update: UpdateRouteCalls = 7, force = False
Called Update: UpdateRouteCalls = 8, force = False
Called Update: UpdateRouteCalls = 9, force = False
!! UPDATING !!
routeNo, updatedMCSIndex =  0 [0, 3, 0, 3]
DUPE: 2003874354652_Node0_Node8_Zero, Node6 id 2003874354652_Node0_Node8_Zero was a dupe; retransmit: 0, pkt_enqueue_time=2006904742878.0405, pkt_dequeue_time=2006904742878.0405, forwarded_or_dropped=1, reason_for_drop='Expiry'
DUPE: 2003912612072_Node0_Node8_Zero, Node6 id 2003912612072_Node0_Node8_Zero was a dupe; retransmit: 0, pkt_enqueue_time=2006919894373.313, pkt_dequeue_time=2006919894373.313, forwarded_or_dropped=1, reason_for_drop='Expiry'
DUPE: 2003885289733_Node0_Node8_Zero, Node6 id 2003885289733_Node0_Node8_Zero was a dupe; retransmit: 0, pkt_enqueue_time=2006924054682.4038, pkt_dequeue_time=2006924054682.4038, forwarded_or_dropped=1, reason_for_drop='Expiry'
DUPE: 2003901681882_Node0_Node8_Zero, Node6 id 2003901681882_Node0_Node8_Zero was a dupe; retransmit: 0, pkt_enqueue_time=2006950088808.767, pkt_dequeue_time=2006950088808.767, forwarded_or_dropped=1, reason_for_drop='Expiry'
DUPE: 2003879823275_Node0_Node8_Zero, Node6 id 2003879823275_Node0_Node8_Zero was a dupe; retransmit: 0, pkt_enqueue_time=2006952468463.3125, pkt_dequeue_time=2006952468463.3125, forwarded_or_dropped=1, reason_for_drop='Expiry'
DUPE: 2003896218678_Node0_Node8_Zero, Node6 id 2003896218678_Node0_Node8_Zero was a dupe; retransmit: 0, pkt_enqueue_time=2006975547438.585, pkt_dequeue_time=2006975547438.585, forwarded_or_dropped=1, reason_for_drop='Expiry'
main.py: Progress: 2007 / 2014
Called Update: UpdateRouteCalls = 0, force = True
!! UPDATING !!
routeNo, updatedMCSIndex =  0 [0, 3, 0, 3]

rf.py: Time: 2007 Route details: {0: {'Route': [0, 2, 4, 6, 8], 'MCS_Index': [0, 3, 0, 3], 'Priority': 1, 'ValidRoute': True, 'HQRoute': True, 'RouteNodeDensity': [1, 2, 2, 2, 1], 'InterferingLinks': 8, 'Target': (-1, -1)}}
DUPE: 2003929004328_Node0_Node8_Zero, Node6 id 2003929004328_Node0_Node8_Zero was a dupe; retransmit: 0, pkt_enqueue_time=2007035014789.4932, pkt_dequeue_time=2007035014789.4932, forwarded_or_dropped=1, reason_for_drop='Expiry'
DUPE: 2004027362577_Node0_Node8_Zero, Node6 id 2004027362577_Node0_Node8_Zero was a dupe; retransmit: 0, pkt_enqueue_time=2007039142030.0386, pkt_dequeue_time=2007039142030.0386, forwarded_or_dropped=1, reason_for_drop='Expiry'
DUPE: 2003939936612_Node0_Node8_Zero, Node6 id 2003939936612_Node0_Node8_Zero was a dupe; retransmit: 0, pkt_enqueue_time=2007041961684.584, pkt_dequeue_time=2007041961684.584, forwarded_or_dropped=1, reason_for_drop='Expiry'
DUPE: 2004016428522_Node0_Node8_Zero, Node6 id 2004016428522_Node0_Node8_Zero was a dupe; retransmit: 0, pkt_enqueue_time=2007045571693.1294, pkt_dequeue_time=2007045571693.1294, forwarded_or_dropped=1, reason_for_drop='Expiry'
DUPE: 2004038295301_Node0_Node8_Zero, Node6 id 2004038295301_Node0_Node8_Zero was a dupe; retransmit: 0, pkt_enqueue_time=2007049202347.6748, pkt_dequeue_time=2007049202347.6748, forwarded_or_dropped=1, reason_for_drop='Expiry'
DUPE: 2004021894917_Node0_Node8_Zero, Node6 id 2004021894917_Node0_Node8_Zero was a dupe; retransmit: 0, pkt_enqueue_time=2007052082002.2202, pkt_dequeue_time=2007052082002.2202, forwarded_or_dropped=1, reason_for_drop='Expiry'
DUPE: 2003945397660_Node0_Node8_Zero, Node6 id 2003945397660_Node0_Node8_Zero was a dupe; retransmit: 0, pkt_enqueue_time=2007058021311.311, pkt_dequeue_time=2007058021311.311, forwarded_or_dropped=1, reason_for_drop='Expiry'
DUPE: 2003918078457_Node0_Node8_Zero, Node6 id 2003918078457_Node0_Node8_Zero was a dupe; retransmit: 0, pkt_enqueue_time=2007061060965.8564, pkt_dequeue_time=2007061060965.8564, forwarded_or_dropped=1, reason_for_drop='Expiry'
DUPE: 2004010959160_Node0_Node8_Zero, Node6 id 2004010959160_Node0_Node8_Zero was a dupe; retransmit: 0, pkt_enqueue_time=2007064114620.4019, pkt_dequeue_time=2007064114620.4019, forwarded_or_dropped=1, reason_for_drop='Expiry'
DUPE: 2004032828907_Node0_Node8_Zero, Node6 id 2004032828907_Node0_Node8_Zero was a dupe; retransmit: 0, pkt_enqueue_time=2007071747788.4927, pkt_dequeue_time=2007071747788.4927, forwarded_or_dropped=1, reason_for_drop='Expiry'
DUPE: 2003972720476_Node0_Node8_Zero, Node6 id 2003972720476_Node0_Node8_Zero was a dupe; retransmit: 0, pkt_enqueue_time=2007076241588.038, pkt_dequeue_time=2007076241588.038, forwarded_or_dropped=1, reason_for_drop='Expiry'
DUPE: 2004049223226_Node0_Node8_Zero, Node6 id 2004049223226_Node0_Node8_Zero was a dupe; retransmit: 0, pkt_enqueue_time=2007079458242.5835, pkt_dequeue_time=2007079458242.5835, forwarded_or_dropped=1, reason_for_drop='Expiry'
DUPE: 2003961787643_Node0_Node8_Zero, Node6 id 2003961787643_Node0_Node8_Zero was a dupe; retransmit: 0, pkt_enqueue_time=2007084011442.129, pkt_dequeue_time=2007084011442.129, forwarded_or_dropped=1, reason_for_drop='Expiry'
DUPE: 2003978181881_Node0_Node8_Zero, Node6 id 2003978181881_Node0_Node8_Zero was a dupe; retransmit: 0, pkt_enqueue_time=2007088041814.6743, pkt_dequeue_time=2007088041814.6743, forwarded_or_dropped=1, reason_for_drop='Expiry'
DUPE: 2003983642066_Node0_Node8_Zero, Node6 id 2003983642066_Node0_Node8_Zero was a dupe; retransmit: 0, pkt_enqueue_time=2007091028686.6743, pkt_dequeue_time=2007091028686.6743, forwarded_or_dropped=1, reason_for_drop='Expiry'
DUPE: 2003994564094_Node0_Node8_Zero, Node6 id 2003994564094_Node0_Node8_Zero was a dupe; retransmit: 0, pkt_enqueue_time=2007094348341.2197, pkt_dequeue_time=2007094348341.2197, forwarded_or_dropped=1, reason_for_drop='Expiry'
DUPE: 2003967251714_Node0_Node8_Zero, Node6 id 2003967251714_Node0_Node8_Zero was a dupe; retransmit: 0, pkt_enqueue_time=2007106314342.856, pkt_dequeue_time=2007106314342.856, forwarded_or_dropped=1, reason_for_drop='Expiry'
DUPE: 2003956326651_Node0_Node8_Zero, Node6 id 2003956326651_Node0_Node8_Zero was a dupe; retransmit: 0, pkt_enqueue_time=2007110707339.4014, pkt_dequeue_time=2007110707339.4014, forwarded_or_dropped=1, reason_for_drop='Expiry'
DUPE: 2003989102302_Node0_Node8_Zero, Node6 id 2003989102302_Node0_Node8_Zero was a dupe; retransmit: 0, pkt_enqueue_time=2007115673659.9468, pkt_dequeue_time=2007115673659.9468, forwarded_or_dropped=1, reason_for_drop='Expiry'
DUPE: 2004054689849_Node0_Node8_Zero, Node6 id 2004054689849_Node0_Node8_Zero was a dupe; retransmit: 0, pkt_enqueue_time=2007119473314.4922, pkt_dequeue_time=2007119473314.4922, forwarded_or_dropped=1, reason_for_drop='Expiry'
DUPE: 2003923537956_Node0_Node8_Zero, Node6 id 2003923537956_Node0_Node8_Zero was a dupe; retransmit: 0, pkt_enqueue_time=2007124686695.0376, pkt_dequeue_time=2007124686695.0376, forwarded_or_dropped=1, reason_for_drop='Expiry'
DUPE: 2004131196537_Node0_Node8_Zero, Node6 id 2004131196537_Node0_Node8_Zero was a dupe; retransmit: 0, pkt_enqueue_time=2007132886004.1284, pkt_dequeue_time=2007132886004.1284, forwarded_or_dropped=1, reason_for_drop='Expiry'
DUPE: 2004071079658_Node0_Node8_Zero, Node6 id 2004071079658_Node0_Node8_Zero was a dupe; retransmit: 0, pkt_enqueue_time=2007138299293.6738, pkt_dequeue_time=2007138299293.6738, forwarded_or_dropped=1, reason_for_drop='Expiry'
DUPE: 2004136660624_Node0_Node8_Zero, Node6 id 2004136660624_Node0_Node8_Zero was a dupe; retransmit: 0, pkt_enqueue_time=2007143163266.2192, pkt_dequeue_time=2007143163266.2192, forwarded_or_dropped=1, reason_for_drop='Expiry'
DUPE: 2004147587348_Node0_Node8_Zero, Node6 id 2004147587348_Node0_Node8_Zero was a dupe; retransmit: 0, pkt_enqueue_time=2007155604644.9463, pkt_dequeue_time=2007155604644.9463, forwarded_or_dropped=1, reason_for_drop='Expiry'
DUPE: 2004142123763_Node0_Node8_Zero, Node6 id 2004142123763_Node0_Node8_Zero was a dupe; retransmit: 0, pkt_enqueue_time=2007159643954.037, pkt_dequeue_time=2007159643954.037, forwarded_or_dropped=1, reason_for_drop='Expiry'
DUPE: 2004191306475_Node0_Node8_Zero, Node6 id 2004191306475_Node0_Node8_Zero was a dupe; retransmit: 0, pkt_enqueue_time=2007193277775.8547, pkt_dequeue_time=2007193277775.8547, forwarded_or_dropped=1, reason_for_drop='Expiry'
Node.py: (Node0)@2007200000000.0: Updated MCS from 0 to 1, hist=deque([0.0, 0.0410958904109589, 0.1891891891891892, 0.410958904109589, 0.0], maxlen=5), packets_serviced=0, packets_received=73
Called Update: UpdateRouteCalls = 0, force = False
Called Update: UpdateRouteCalls = 1, force = False
Node.py: (Node2)@2007200000000.0: Updated MCS from 3 to 3, hist=deque([0.0, 3.5256410256410255, 0.010869565217391304, 0.45121951219512196, 0.0], maxlen=5), packets_serviced=0, packets_received=26
Called Update: UpdateRouteCalls = 2, force = False
Called Update: UpdateRouteCalls = 3, force = False
Called Update: UpdateRouteCalls = 4, force = False
Called Update: UpdateRouteCalls = 5, force = False
Node.py: (Node6)@2007200000000.0: Updated MCS from 3 to 3, hist=deque([0.1323529411764706, 0.35714285714285715, 0.05333333333333334, 0.3563218390804598, 0.2826086956521739], maxlen=5), packets_serviced=39, packets_received=138
Called Update: UpdateRouteCalls = 6, force = False
Called Update: UpdateRouteCalls = 7, force = False
Called Update: UpdateRouteCalls = 8, force = False
Called Update: UpdateRouteCalls = 9, force = False
!! UPDATING !!
routeNo, updatedMCSIndex =  0 [1, 3, 0, 3]
DUPE: 2004185837176_Node0_Node8_Zero, Node6 id 2004185837176_Node0_Node8_Zero was a dupe; retransmit: 0, pkt_enqueue_time=2007201220388.491, pkt_dequeue_time=2007201220388.491, forwarded_or_dropped=1, reason_for_drop='Expiry'
DUPE: 2004174907720_Node0_Node8_Zero, Node6 id 2004174907720_Node0_Node8_Zero was a dupe; retransmit: 0, pkt_enqueue_time=2007203440043.0364, pkt_dequeue_time=2007203440043.0364, forwarded_or_dropped=1, reason_for_drop='Expiry'
DUPE: 2004202231199_Node0_Node8_Zero, Node6 id 2004202231199_Node0_Node8_Zero was a dupe; retransmit: 0, pkt_enqueue_time=2007205728697.5818, pkt_dequeue_time=2007205728697.5818, forwarded_or_dropped=1, reason_for_drop='Expiry'
DUPE: 2004163975690_Node0_Node8_Zero, Node6 id 2004163975690_Node0_Node8_Zero was a dupe; retransmit: 0, pkt_enqueue_time=2007209354597.1272, pkt_dequeue_time=2007209354597.1272, forwarded_or_dropped=1, reason_for_drop='Expiry'
DUPE: 2004158508451_Node0_Node8_Zero, Node6 id 2004158508451_Node0_Node8_Zero was a dupe; retransmit: 0, pkt_enqueue_time=2007211714251.6726, pkt_dequeue_time=2007211714251.6726, forwarded_or_dropped=1, reason_for_drop='Expiry'
DUPE: 2004153047557_Node0_Node8_Zero, Node6 id 2004153047557_Node0_Node8_Zero was a dupe; retransmit: 0, pkt_enqueue_time=2007214073906.218, pkt_dequeue_time=2007214073906.218, forwarded_or_dropped=1, reason_for_drop='Expiry'
DUPE: 2004169442514_Node0_Node8_Zero, Node6 id 2004169442514_Node0_Node8_Zero was a dupe; retransmit: 0, pkt_enqueue_time=2007216473560.7634, pkt_dequeue_time=2007216473560.7634, forwarded_or_dropped=1, reason_for_drop='Expiry'
DUPE: 2004180371121_Node0_Node8_Zero, Node6 id 2004180371121_Node0_Node8_Zero was a dupe; retransmit: 0, pkt_enqueue_time=2007219013215.3088, pkt_dequeue_time=2007219013215.3088, forwarded_or_dropped=1, reason_for_drop='Expiry'
DUPE: 2004207691875_Node0_Node8_Zero, Node6 id 2004207691875_Node0_Node8_Zero was a dupe; retransmit: 0, pkt_enqueue_time=2007221601869.8542, pkt_dequeue_time=2007221601869.8542, forwarded_or_dropped=1, reason_for_drop='Expiry'
DUPE: 2004213153941_Node0_Node8_Zero, Node6 id 2004213153941_Node0_Node8_Zero was a dupe; retransmit: 0, pkt_enqueue_time=2007230686718.945, pkt_dequeue_time=2007230686718.945, forwarded_or_dropped=1, reason_for_drop='Expiry'
DUPE: 2004235012797_Node0_Node8_Zero, Node6 id 2004235012797_Node0_Node8_Zero was a dupe; retransmit: 0, pkt_enqueue_time=2007240463161.3994, pkt_dequeue_time=2007240463161.3994, forwarded_or_dropped=1, reason_for_drop='Expiry'
DUPE: 2004229543800_Node0_Node8_Zero, Node6 id 2004229543800_Node0_Node8_Zero was a dupe; retransmit: 0, pkt_enqueue_time=2007245647295.4902, pkt_dequeue_time=2007245647295.4902, forwarded_or_dropped=1, reason_for_drop='Expiry'
DUPE: 2004240478954_Node0_Node8_Zero, Node6 id 2004240478954_Node0_Node8_Zero was a dupe; retransmit: 0, pkt_enqueue_time=2007247875950.0356, pkt_dequeue_time=2007247875950.0356, forwarded_or_dropped=1, reason_for_drop='Expiry'
DUPE: 2004256878809_Node0_Node8_Zero, Node6 id 2004256878809_Node0_Node8_Zero was a dupe; retransmit: 0, pkt_enqueue_time=2007278697831.3987, pkt_dequeue_time=2007278697831.3987, forwarded_or_dropped=1, reason_for_drop='Expiry'
DUPE: 2004300603801_Node0_Node8_Zero, Node6 id 2004300603801_Node0_Node8_Zero was a dupe; retransmit: 0, pkt_enqueue_time=2007304949111.7622, pkt_dequeue_time=2007304949111.7622, forwarded_or_dropped=1, reason_for_drop='Expiry'
DUPE: 2004333390885_Node0_Node8_Zero, Node6 id 2004333390885_Node0_Node8_Zero was a dupe; retransmit: 0, pkt_enqueue_time=2007336803351.0344, pkt_dequeue_time=2007336803351.0344, forwarded_or_dropped=1, reason_for_drop='Expiry'
DUPE: 2004338851627_Node0_Node8_Zero, Node6 id 2004338851627_Node0_Node8_Zero was a dupe; retransmit: 0, pkt_enqueue_time=2007355734810.8538, pkt_dequeue_time=2007355734810.8538, forwarded_or_dropped=1, reason_for_drop='Expiry'
DUPE: 2004355249470_Node0_Node8_Zero, Node6 id 2004355249470_Node0_Node8_Zero was a dupe; retransmit: 0, pkt_enqueue_time=2007362974598.7627, pkt_dequeue_time=2007362974598.7627, forwarded_or_dropped=1, reason_for_drop='Expiry'
DUPE: 2004360713941_Node0_Node8_Zero, Node6 id 2004360713941_Node0_Node8_Zero was a dupe; retransmit: 0, pkt_enqueue_time=2007366547594.308, pkt_dequeue_time=2007366547594.308, forwarded_or_dropped=1, reason_for_drop='Expiry'
DUPE: 2004382579230_Node0_Node8_Zero, Node6 id 2004382579230_Node0_Node8_Zero was a dupe; retransmit: 0, pkt_enqueue_time=2007395193327.035, pkt_dequeue_time=2007395193327.035, forwarded_or_dropped=1, reason_for_drop='Expiry'
DUPE: 2004388047329_Node0_Node8_Zero, Node6 id 2004388047329_Node0_Node8_Zero was a dupe; retransmit: 0, pkt_enqueue_time=2007397546981.5803, pkt_dequeue_time=2007397546981.5803, forwarded_or_dropped=1, reason_for_drop='Expiry'
DUPE: 2004404440753_Node0_Node8_Zero, Node6 id 2004404440753_Node0_Node8_Zero was a dupe; retransmit: 0, pkt_enqueue_time=2007405013177.2166, pkt_dequeue_time=2007405013177.2166, forwarded_or_dropped=1, reason_for_drop='Expiry'
DUPE: 2004398974948_Node0_Node8_Zero, Node6 id 2004398974948_Node0_Node8_Zero was a dupe; retransmit: 0, pkt_enqueue_time=2007412429964.8528, pkt_dequeue_time=2007412429964.8528, forwarded_or_dropped=1, reason_for_drop='Expiry'
DUPE: 2004409900879_Node0_Node8_Zero, Node6 id 2004409900879_Node0_Node8_Zero was a dupe; retransmit: 0, pkt_enqueue_time=2007416549273.9436, pkt_dequeue_time=2007416549273.9436, forwarded_or_dropped=1, reason_for_drop='Expiry'
DUPE: 2004404440753_Node0_Node8_Zero, Node6 id 2004404440753_Node0_Node8_Zero was a dupe; retransmit: 0, pkt_enqueue_time=2007421213583.0344, pkt_dequeue_time=2007421213583.0344, forwarded_or_dropped=1, reason_for_drop='Expiry'
DUPE: 2004420836578_Node0_Node8_Zero, Node6 id 2004420836578_Node0_Node8_Zero was a dupe; retransmit: 0, pkt_enqueue_time=2007426301688.398, pkt_dequeue_time=2007426301688.398, forwarded_or_dropped=1, reason_for_drop='Expiry'
DUPE: 2004426298927_Node0_Node8_Zero, Node6 id 2004426298927_Node0_Node8_Zero was a dupe; retransmit: 0, pkt_enqueue_time=2007428268560.398, pkt_dequeue_time=2007428268560.398, forwarded_or_dropped=1, reason_for_drop='Expiry'
DUPE: 2004431763486_Node0_Node8_Zero, Node6 id 2004431763486_Node0_Node8_Zero was a dupe; retransmit: 0, pkt_enqueue_time=2007432215086.9434, pkt_dequeue_time=2007432215086.9434, forwarded_or_dropped=1, reason_for_drop='Expiry'
DUPE: 2004442694687_Node0_Node8_Zero, Node6 id 2004442694687_Node0_Node8_Zero was a dupe; retransmit: 0, pkt_enqueue_time=2007444936232.3977, pkt_dequeue_time=2007444936232.3977, forwarded_or_dropped=1, reason_for_drop='Expiry'
DUPE: 2004453622150_Node0_Node8_Zero, Node6 id 2004453622150_Node0_Node8_Zero was a dupe; retransmit: 0, pkt_enqueue_time=2007454982295.852, pkt_dequeue_time=2007454982295.852, forwarded_or_dropped=1, reason_for_drop='Expiry'
DUPE: 2004508241066_Node0_Node8_Zero, Node6 id 2004508241066_Node0_Node8_Zero was a dupe; retransmit: 0, pkt_enqueue_time=2007514550214.852, pkt_dequeue_time=2007514550214.852, forwarded_or_dropped=1, reason_for_drop='Expiry'
DUPE: 2004464545672_Node0_Node8_Zero, Node6 id 2004464545672_Node0_Node8_Zero was a dupe; retransmit: 0, pkt_enqueue_time=2007524780228.0337, pkt_dequeue_time=2007524780228.0337, forwarded_or_dropped=1, reason_for_drop='Expiry'
DUPE: 2004448155342_Node0_Node8_Zero, Node6 id 2004448155342_Node0_Node8_Zero was a dupe; retransmit: 0, pkt_enqueue_time=2007530978409.1245, pkt_dequeue_time=2007530978409.1245, forwarded_or_dropped=1, reason_for_drop='Expiry'
DUPE: 2004459083720_Node0_Node8_Zero, Node6 id 2004459083720_Node0_Node8_Zero was a dupe; retransmit: 0, pkt_enqueue_time=2007538135414.2153, pkt_dequeue_time=2007538135414.2153, forwarded_or_dropped=1, reason_for_drop='Expiry'
DUPE: 2004502780965_Node0_Node8_Zero, Node6 id 2004502780965_Node0_Node8_Zero was a dupe; retransmit: 0, pkt_enqueue_time=2007540415068.7607, pkt_dequeue_time=2007540415068.7607, forwarded_or_dropped=1, reason_for_drop='Expiry'
DUPE: 2004475466221_Node0_Node8_Zero, Node6 id 2004475466221_Node0_Node8_Zero was a dupe; retransmit: 0, pkt_enqueue_time=2007542714723.3062, pkt_dequeue_time=2007542714723.3062, forwarded_or_dropped=1, reason_for_drop='Expiry'
DUPE: 2004491853254_Node0_Node8_Zero, Node6 id 2004491853254_Node0_Node8_Zero was a dupe; retransmit: 0, pkt_enqueue_time=2007545016377.8516, pkt_dequeue_time=2007545016377.8516, forwarded_or_dropped=1, reason_for_drop='Expiry'
DUPE: 2004437227170_Node0_Node8_Zero, Node6 id 2004437227170_Node0_Node8_Zero was a dupe; retransmit: 0, pkt_enqueue_time=2007547321032.397, pkt_dequeue_time=2007547321032.397, forwarded_or_dropped=1, reason_for_drop='Expiry'
DUPE: 2004541035155_Node0_Node8_Zero, Node6 id 2004541035155_Node0_Node8_Zero was a dupe; retransmit: 0, pkt_enqueue_time=2007549649686.9424, pkt_dequeue_time=2007549649686.9424, forwarded_or_dropped=1, reason_for_drop='Expiry'
DUPE: 2004546501313_Node0_Node8_Zero, Node6 id 2004546501313_Node0_Node8_Zero was a dupe; retransmit: 0, pkt_enqueue_time=2007551616558.9424, pkt_dequeue_time=2007551616558.9424, forwarded_or_dropped=1, reason_for_drop='Expiry'
DUPE: 2004557421670_Node0_Node8_Zero, Node6 id 2004557421670_Node0_Node8_Zero was a dupe; retransmit: 0, pkt_enqueue_time=2007557889957.4878, pkt_dequeue_time=2007557889957.4878, forwarded_or_dropped=1, reason_for_drop='Expiry'
DUPE: 2004568355154_Node0_Node8_Zero, Node6 id 2004568355154_Node0_Node8_Zero was a dupe; retransmit: 0, pkt_enqueue_time=2007574343233.7603, pkt_dequeue_time=2007574343233.7603, forwarded_or_dropped=1, reason_for_drop='Expiry'
DUPE: 2004557421670_Node0_Node8_Zero, Node6 id 2004557421670_Node0_Node8_Zero was a dupe; retransmit: 0, pkt_enqueue_time=2007576443888.3057, pkt_dequeue_time=2007576443888.3057, forwarded_or_dropped=1, reason_for_drop='Expiry'
DUPE: 2004579279242_Node0_Node8_Zero, Node6 id 2004579279242_Node0_Node8_Zero was a dupe; retransmit: 0, pkt_enqueue_time=2007583767894.3965, pkt_dequeue_time=2007583767894.3965, forwarded_or_dropped=1, reason_for_drop='Expiry'
DUPE: 2004562887956_Node0_Node8_Zero, Node6 id 2004562887956_Node0_Node8_Zero was a dupe; retransmit: 0, pkt_enqueue_time=2007586105548.942, pkt_dequeue_time=2007586105548.942, forwarded_or_dropped=1, reason_for_drop='Expiry'
DUPE: 2004530100354_Node0_Node8_Zero, Node6 id 2004530100354_Node0_Node8_Zero was a dupe; retransmit: 0, pkt_enqueue_time=2007588443203.4873, pkt_dequeue_time=2007588443203.4873, forwarded_or_dropped=1, reason_for_drop='Expiry'
DUPE: 2004480927454_Node0_Node8_Zero, Node6 id 2004480927454_Node0_Node8_Zero was a dupe; retransmit: 0, pkt_enqueue_time=2007593142512.5781, pkt_dequeue_time=2007593142512.5781, forwarded_or_dropped=1, reason_for_drop='Expiry'
DUPE: 2004519169700_Node0_Node8_Zero, Node6 id 2004519169700_Node0_Node8_Zero was a dupe; retransmit: 0, pkt_enqueue_time=2007595642167.1235, pkt_dequeue_time=2007595642167.1235, forwarded_or_dropped=1, reason_for_drop='Expiry'
DUPE: 2004584745137_Node0_Node8_Zero, Node6 id 2004584745137_Node0_Node8_Zero was a dupe; retransmit: 0, pkt_enqueue_time=2007598230821.669, pkt_dequeue_time=2007598230821.669, forwarded_or_dropped=1, reason_for_drop='Expiry'
Node.py: (Node0)@2007600000000.0: Updated MCS from 1 to 2, hist=deque([0.0410958904109589, 0.1891891891891892, 0.410958904109589, 0.0, 0.2876712328767123], maxlen=5), packets_serviced=21, packets_received=73
Called Update: UpdateRouteCalls = 0, force = False
Called Update: UpdateRouteCalls = 1, force = False
Node.py: (Node2)@2007600000000.0: Updated MCS from 3 to 3, hist=deque([3.5256410256410255, 0.010869565217391304, 0.45121951219512196, 0.0, 0.23809523809523808], maxlen=5), packets_serviced=5, packets_received=21
Called Update: UpdateRouteCalls = 2, force = False
Called Update: UpdateRouteCalls = 3, force = False
Node.py: (Node4)@2007600000000.0: Updated MCS from 0 to 0, hist=deque([1.0, 0.9, 0.07636363636363637, 0.8648648648648649, 14.0], maxlen=5), packets_serviced=70, packets_received=5
Called Update: UpdateRouteCalls = 4, force = False
Called Update: UpdateRouteCalls = 5, force = False
Node.py: (Node6)@2007600000000.0: Updated MCS from 3 to 3, hist=deque([0.35714285714285715, 0.05333333333333334, 0.3563218390804598, 0.2826086956521739, 0.4338235294117647], maxlen=5), packets_serviced=59, packets_received=136
Called Update: UpdateRouteCalls = 6, force = False
Called Update: UpdateRouteCalls = 7, force = False
Called Update: UpdateRouteCalls = 8, force = False
Called Update: UpdateRouteCalls = 9, force = False
!! UPDATING !!
routeNo, updatedMCSIndex =  0 [2, 3, 0, 3]
DUPE: 2004606611348_Node0_Node8_Zero, Node6 id 2004606611348_Node0_Node8_Zero was a dupe; retransmit: 0, pkt_enqueue_time=2007606859378.488, pkt_dequeue_time=2007606859378.488, forwarded_or_dropped=1, reason_for_drop='Expiry'
DUPE: 2004590213073_Node0_Node8_Zero, Node6 id 2004590213073_Node0_Node8_Zero was a dupe; retransmit: 0, pkt_enqueue_time=2007621169845.0332, pkt_dequeue_time=2007621169845.0332, forwarded_or_dropped=1, reason_for_drop='Expiry'
DUPE: 2004639397102_Node0_Node8_Zero, Node6 id 2004639397102_Node0_Node8_Zero was a dupe; retransmit: 0, pkt_enqueue_time=2007639762768.851, pkt_dequeue_time=2007639762768.851, forwarded_or_dropped=1, reason_for_drop='Expiry'
DUPE: 2004617538845_Node0_Node8_Zero, Node6 id 2004617538845_Node0_Node8_Zero was a dupe; retransmit: 0, pkt_enqueue_time=2007642645144.3965, pkt_dequeue_time=2007642645144.3965, forwarded_or_dropped=1, reason_for_drop='Expiry'
DUPE: 2004601151408_Node0_Node8_Zero, Node6 id 2004601151408_Node0_Node8_Zero was a dupe; retransmit: 0, pkt_enqueue_time=2007654075091.1235, pkt_dequeue_time=2007654075091.1235, forwarded_or_dropped=1, reason_for_drop='Expiry'
DUPE: 2004623000689_Node0_Node8_Zero, Node6 id 2004623000689_Node0_Node8_Zero was a dupe; retransmit: 0, pkt_enqueue_time=2007656334745.669, pkt_dequeue_time=2007656334745.669, forwarded_or_dropped=1, reason_for_drop='Expiry'
DUPE: 2004644861112_Node0_Node8_Zero, Node6 id 2004644861112_Node0_Node8_Zero was a dupe; retransmit: 0, pkt_enqueue_time=2007658654400.2144, pkt_dequeue_time=2007658654400.2144, forwarded_or_dropped=1, reason_for_drop='Expiry'
DUPE: 2004633935592_Node0_Node8_Zero, Node6 id 2004633935592_Node0_Node8_Zero was a dupe; retransmit: 0, pkt_enqueue_time=2007661054054.7598, pkt_dequeue_time=2007661054054.7598, forwarded_or_dropped=1, reason_for_drop='Expiry'
DUPE: 2004612075517_Node0_Node8_Zero, Node6 id 2004612075517_Node0_Node8_Zero was a dupe; retransmit: 0, pkt_enqueue_time=2007665893363.8506, pkt_dequeue_time=2007665893363.8506, forwarded_or_dropped=1, reason_for_drop='Expiry'
DUPE: 2004650328606_Node0_Node8_Zero, Node6 id 2004650328606_Node0_Node8_Zero was a dupe; retransmit: 0, pkt_enqueue_time=2007668373018.396, pkt_dequeue_time=2007668373018.396, forwarded_or_dropped=1, reason_for_drop='Expiry'
DUPE: 2004655796067_Node0_Node8_Zero, Node6 id 2004655796067_Node0_Node8_Zero was a dupe; retransmit: 0, pkt_enqueue_time=2007672266026.9414, pkt_dequeue_time=2007672266026.9414, forwarded_or_dropped=1, reason_for_drop='Expiry'
DUPE: 2004606611348_Node0_Node8_Zero, Node6 id 2004606611348_Node0_Node8_Zero was a dupe; retransmit: 0, pkt_enqueue_time=2007677567336.0322, pkt_dequeue_time=2007677567336.0322, forwarded_or_dropped=1, reason_for_drop='Expiry'
DUPE: 2004349783256_Node0_Node8_Zero, Node6 id 2004349783256_Node0_Node8_Zero was a dupe; retransmit: 0, pkt_enqueue_time=2007680266990.5776, pkt_dequeue_time=2007680266990.5776, forwarded_or_dropped=1, reason_for_drop='Expiry'
DUPE: 2004497319691_Node0_Node8_Zero, Node6 id 2004497319691_Node0_Node8_Zero was a dupe; retransmit: 0, pkt_enqueue_time=2007684300462.123, pkt_dequeue_time=2007684300462.123, forwarded_or_dropped=1, reason_for_drop='Expiry'
DUPE: 2004267816300_Node0_Node8_Zero, Node6 id 2004267816300_Node0_Node8_Zero was a dupe; retransmit: 0, pkt_enqueue_time=2007687100116.6685, pkt_dequeue_time=2007687100116.6685, forwarded_or_dropped=1, reason_for_drop='Expiry'
DUPE: 2004431763486_Node0_Node8_Zero, Node6 id 2004431763486_Node0_Node8_Zero was a dupe; retransmit: 0, pkt_enqueue_time=2007690651835.2139, pkt_dequeue_time=2007690651835.2139, forwarded_or_dropped=1, reason_for_drop='Expiry'
DUPE: 2004628466147_Node0_Node8_Zero, Node6 id 2004628466147_Node0_Node8_Zero was a dupe; retransmit: 0, pkt_enqueue_time=2007694222488.7593, pkt_dequeue_time=2007694222488.7593, forwarded_or_dropped=1, reason_for_drop='Expiry'
DUPE: 2004470006439_Node0_Node8_Zero, Node6 id 2004470006439_Node0_Node8_Zero was a dupe; retransmit: 0, pkt_enqueue_time=2007697793144.3047, pkt_dequeue_time=2007697793144.3047, forwarded_or_dropped=1, reason_for_drop='Expiry'
DUPE: 2004415367489_Node0_Node8_Zero, Node6 id 2004415367489_Node0_Node8_Zero was a dupe; retransmit: 0, pkt_enqueue_time=2007700652798.85, pkt_dequeue_time=2007700652798.85, forwarded_or_dropped=1, reason_for_drop='Expiry'
DUPE: 2004393513315_Node0_Node8_Zero, Node2 id 2004393513315_Node0_Node8_Zero was a dupe; retransmit: 0, pkt_enqueue_time=2007702929701.58, pkt_dequeue_time=2007702929701.58, forwarded_or_dropped=1, reason_for_drop='Expiry'
DUPE: 2004398974948_Node0_Node8_Zero, Node2 id 2004398974948_Node0_Node8_Zero was a dupe; retransmit: 0, pkt_enqueue_time=2007702929701.58, pkt_dequeue_time=2007702929701.58, forwarded_or_dropped=1, reason_for_drop='Expiry'
DUPE: 2004524637987_Node0_Node8_Zero, Node6 id 2004524637987_Node0_Node8_Zero was a dupe; retransmit: 0, pkt_enqueue_time=2007704852990.3955, pkt_dequeue_time=2007704852990.3955, forwarded_or_dropped=1, reason_for_drop='Expiry'
DUPE: 2004721372455_Node0_Node8_Zero, Node6 id 2004721372455_Node0_Node8_Zero was a dupe; retransmit: 0, pkt_enqueue_time=2007721505395.7595, pkt_dequeue_time=2007721505395.7595, forwarded_or_dropped=1, reason_for_drop='Expiry'
DUPE: 2004732302509_Node0_Node8_Zero, Node6 id 2004732302509_Node0_Node8_Zero was a dupe; retransmit: 0, pkt_enqueue_time=2007749947722.759, pkt_dequeue_time=2007749947722.759, forwarded_or_dropped=1, reason_for_drop='Expiry'
DUPE: 2004726835361_Node0_Node8_Zero, Node6 id 2004726835361_Node0_Node8_Zero was a dupe; retransmit: 0, pkt_enqueue_time=2007752247377.3044, pkt_dequeue_time=2007752247377.3044, forwarded_or_dropped=1, reason_for_drop='Expiry'
DUPE: 2004754161088_Node0_Node8_Zero, Node6 id 2004754161088_Node0_Node8_Zero was a dupe; retransmit: 0, pkt_enqueue_time=2007754581031.8499, pkt_dequeue_time=2007754581031.8499, forwarded_or_dropped=1, reason_for_drop='Expiry'
DUPE: 2004754161088_Node0_Node8_Zero, Node6 id 2004754161088_Node0_Node8_Zero was a dupe; retransmit: 0, pkt_enqueue_time=2007759742382.668, pkt_dequeue_time=2007759742382.668, forwarded_or_dropped=1, reason_for_drop='Expiry'
DUPE: 2004770559335_Node0_Node8_Zero, Node6 id 2004770559335_Node0_Node8_Zero was a dupe; retransmit: 0, pkt_enqueue_time=2007778999969.7585, pkt_dequeue_time=2007778999969.7585, forwarded_or_dropped=1, reason_for_drop='Expiry'
DUPE: 2004803357774_Node0_Node8_Zero, Node6 id 2004803357774_Node0_Node8_Zero was a dupe; retransmit: 0, pkt_enqueue_time=2007804058514.6672, pkt_dequeue_time=2007804058514.6672, forwarded_or_dropped=1, reason_for_drop='Expiry'
DUPE: 2004781494564_Node0_Node8_Zero, Node6 id 2004781494564_Node0_Node8_Zero was a dupe; retransmit: 0, pkt_enqueue_time=2007806258169.2126, pkt_dequeue_time=2007806258169.2126, forwarded_or_dropped=1, reason_for_drop='Expiry'
DUPE: 2004792430162_Node0_Node8_Zero, Node6 id 2004792430162_Node0_Node8_Zero was a dupe; retransmit: 0, pkt_enqueue_time=2007808506823.758, pkt_dequeue_time=2007808506823.758, forwarded_or_dropped=1, reason_for_drop='Expiry'
DUPE: 2004808820808_Node0_Node8_Zero, Node6 id 2004808820808_Node0_Node8_Zero was a dupe; retransmit: 0, pkt_enqueue_time=2007810766478.3035, pkt_dequeue_time=2007810766478.3035, forwarded_or_dropped=1, reason_for_drop='Expiry'
DUPE: 2004797891675_Node0_Node8_Zero, Node6 id 2004797891675_Node0_Node8_Zero was a dupe; retransmit: 0, pkt_enqueue_time=2007813035132.8489, pkt_dequeue_time=2007813035132.8489, forwarded_or_dropped=1, reason_for_drop='Expiry'
DUPE: 2004765095208_Node0_Node8_Zero, Node6 id 2004765095208_Node0_Node8_Zero was a dupe; retransmit: 0, pkt_enqueue_time=2007815374787.3943, pkt_dequeue_time=2007815374787.3943, forwarded_or_dropped=1, reason_for_drop='Expiry'
DUPE: 2004759625986_Node0_Node8_Zero, Node6 id 2004759625986_Node0_Node8_Zero was a dupe; retransmit: 0, pkt_enqueue_time=2007817714441.9397, pkt_dequeue_time=2007817714441.9397, forwarded_or_dropped=1, reason_for_drop='Expiry'
DUPE: 2004776027310_Node0_Node8_Zero, Node6 id 2004776027310_Node0_Node8_Zero was a dupe; retransmit: 0, pkt_enqueue_time=2007820064096.485, pkt_dequeue_time=2007820064096.485, forwarded_or_dropped=1, reason_for_drop='Expiry'
DUPE: 2004814284307_Node0_Node8_Zero, Node6 id 2004814284307_Node0_Node8_Zero was a dupe; retransmit: 0, pkt_enqueue_time=2007822432751.0305, pkt_dequeue_time=2007822432751.0305, forwarded_or_dropped=1, reason_for_drop='Expiry'
DUPE: 2004819752844_Node0_Node8_Zero, Node6 id 2004819752844_Node0_Node8_Zero was a dupe; retransmit: 0, pkt_enqueue_time=2007826256060.1213, pkt_dequeue_time=2007826256060.1213, forwarded_or_dropped=1, reason_for_drop='Expiry'
DUPE: 2004830682470_Node0_Node8_Zero, Node6 id 2004830682470_Node0_Node8_Zero was a dupe; retransmit: 0, pkt_enqueue_time=2007831901989.4849, pkt_dequeue_time=2007831901989.4849, forwarded_or_dropped=1, reason_for_drop='Expiry'
DUPE: 2004836146677_Node0_Node8_Zero, Node6 id 2004836146677_Node0_Node8_Zero was a dupe; retransmit: 0, pkt_enqueue_time=2007841583177.9392, pkt_dequeue_time=2007841583177.9392, forwarded_or_dropped=1, reason_for_drop='Expiry'
DUPE: 2004825219268_Node0_Node8_Zero, Node6 id 2004825219268_Node0_Node8_Zero was a dupe; retransmit: 0, pkt_enqueue_time=2007843702832.4846, pkt_dequeue_time=2007843702832.4846, forwarded_or_dropped=1, reason_for_drop='Expiry'
DUPE: 2004847070400_Node0_Node8_Zero, Node6 id 2004847070400_Node0_Node8_Zero was a dupe; retransmit: 0, pkt_enqueue_time=2007853185492.1208, pkt_dequeue_time=2007853185492.1208, forwarded_or_dropped=1, reason_for_drop='Expiry'
DUPE: 2004874396898_Node0_Node8_Zero, Node6 id 2004874396898_Node0_Node8_Zero was a dupe; retransmit: 0, pkt_enqueue_time=2007883764502.1204, pkt_dequeue_time=2007883764502.1204, forwarded_or_dropped=1, reason_for_drop='Expiry'
DUPE: 2004879864633_Node0_Node8_Zero, Node6 id 2004879864633_Node0_Node8_Zero was a dupe; retransmit: 0, pkt_enqueue_time=2007905504166.4836, pkt_dequeue_time=2007905504166.4836, forwarded_or_dropped=1, reason_for_drop='Expiry'
DUPE: 2004858004979_Node0_Node8_Zero, Node6 id 2004858004979_Node0_Node8_Zero was a dupe; retransmit: 0, pkt_enqueue_time=2007907672821.029, pkt_dequeue_time=2007907672821.029, forwarded_or_dropped=1, reason_for_drop='Expiry'
DUPE: 2004852536011_Node0_Node8_Zero, Node6 id 2004852536011_Node0_Node8_Zero was a dupe; retransmit: 0, pkt_enqueue_time=2007909878475.5745, pkt_dequeue_time=2007909878475.5745, forwarded_or_dropped=1, reason_for_drop='Expiry'
DUPE: 2004901724640_Node0_Node8_Zero, Node6 id 2004901724640_Node0_Node8_Zero was a dupe; retransmit: 0, pkt_enqueue_time=2007912087130.1199, pkt_dequeue_time=2007912087130.1199, forwarded_or_dropped=1, reason_for_drop='Expiry'
DUPE: 2004868930449_Node0_Node8_Zero, Node6 id 2004868930449_Node0_Node8_Zero was a dupe; retransmit: 0, pkt_enqueue_time=2007914306784.6653, pkt_dequeue_time=2007914306784.6653, forwarded_or_dropped=1, reason_for_drop='Expiry'
DUPE: 2004907185561_Node0_Node8_Zero, Node6 id 2004907185561_Node0_Node8_Zero was a dupe; retransmit: 0, pkt_enqueue_time=2007916566439.2107, pkt_dequeue_time=2007916566439.2107, forwarded_or_dropped=1, reason_for_drop='Expiry'
DUPE: 2004896259438_Node0_Node8_Zero, Node6 id 2004896259438_Node0_Node8_Zero was a dupe; retransmit: 0, pkt_enqueue_time=2007918826093.756, pkt_dequeue_time=2007918826093.756, forwarded_or_dropped=1, reason_for_drop='Expiry'
DUPE: 2004918118110_Node0_Node8_Zero, Node6 id 2004918118110_Node0_Node8_Zero was a dupe; retransmit: 0, pkt_enqueue_time=2007921225748.3015, pkt_dequeue_time=2007921225748.3015, forwarded_or_dropped=1, reason_for_drop='Expiry'
DUPE: 2004748699952_Node0_Node8_Zero, Node6 id 2004748699952_Node0_Node8_Zero was a dupe; retransmit: 0, pkt_enqueue_time=2007923627402.847, pkt_dequeue_time=2007923627402.847, forwarded_or_dropped=1, reason_for_drop='Expiry'
DUPE: 2004929051097_Node0_Node8_Zero, Node6 id 2004929051097_Node0_Node8_Zero was a dupe; retransmit: 0, pkt_enqueue_time=2007929700801.3923, pkt_dequeue_time=2007929700801.3923, forwarded_or_dropped=1, reason_for_drop='Expiry'
DUPE: 2004666720268_Node0_Node8_Zero, Node2 id 2004666720268_Node0_Node8_Zero was a dupe; retransmit: 0, pkt_enqueue_time=2007945186962.5742, pkt_dequeue_time=2007945186962.5742, forwarded_or_dropped=1, reason_for_drop='Expiry'
DUPE: 2004945438655_Node0_Node8_Zero, Node6 id 2004945438655_Node0_Node8_Zero was a dupe; retransmit: 0, pkt_enqueue_time=2007950418777.2102, pkt_dequeue_time=2007950418777.2102, forwarded_or_dropped=1, reason_for_drop='Expiry'
DUPE: 2004934515259_Node0_Node8_Zero, Node6 id 2004934515259_Node0_Node8_Zero was a dupe; retransmit: 0, pkt_enqueue_time=2007958584755.8464, pkt_dequeue_time=2007958584755.8464, forwarded_or_dropped=1, reason_for_drop='Expiry'
DUPE: 2004939978508_Node0_Node8_Zero, Node6 id 2004939978508_Node0_Node8_Zero was a dupe; retransmit: 0, pkt_enqueue_time=2007972675209.8462, pkt_dequeue_time=2007972675209.8462, forwarded_or_dropped=1, reason_for_drop='Expiry'
main.py: Progress: 2008 / 2014
Node.py: (Node0)@2008000000000.0: Updated MCS from 2 to 3, hist=deque([0.1891891891891892, 0.410958904109589, 0.0, 0.2876712328767123, 0.0], maxlen=5), packets_serviced=0, packets_received=73
Called Update: UpdateRouteCalls = 0, force = False
Called Update: UpdateRouteCalls = 1, force = False
Node.py: (Node2)@2008000000000.0: Updated MCS from 3 to 3, hist=deque([0.010869565217391304, 0.45121951219512196, 0.0, 0.23809523809523808, 1.4], maxlen=5), packets_serviced=7, packets_received=5
Called Update: UpdateRouteCalls = 2, force = False
Called Update: UpdateRouteCalls = 3, force = False
Node.py: (Node4)@2008000000000.0: Updated MCS from 0 to 0, hist=deque([0.9, 0.07636363636363637, 0.8648648648648649, 14.0, 10.571428571428571], maxlen=5), packets_serviced=74, packets_received=7
Called Update: UpdateRouteCalls = 4, force = False
Called Update: UpdateRouteCalls = 5, force = False
Node.py: (Node6)@2008000000000.0: Updated MCS from 3 to 3, hist=deque([0.05333333333333334, 0.3563218390804598, 0.2826086956521739, 0.4338235294117647, 0.4230769230769231], maxlen=5), packets_serviced=66, packets_received=156
Called Update: UpdateRouteCalls = 6, force = False
Called Update: UpdateRouteCalls = 7, force = False
Called Update: UpdateRouteCalls = 8, force = False
Called Update: UpdateRouteCalls = 9, force = False
!! UPDATING !!
routeNo, updatedMCSIndex =  0 [3, 3, 0, 3]
Called Update: UpdateRouteCalls = 0, force = True
!! UPDATING !!
routeNo, updatedMCSIndex =  0 [3, 3, 0, 3]

rf.py: Time: 2008 Route details: {0: {'Route': [0, 2, 4, 6, 8], 'MCS_Index': [3, 3, 0, 3], 'Priority': 1, 'ValidRoute': True, 'HQRoute': True, 'RouteNodeDensity': [1, 2, 2, 2, 1], 'InterferingLinks': 8, 'Target': (-1, -1)}}
DUPE: 2005011001388_Node0_Node8_Zero, Node6 id 2005011001388_Node0_Node8_Zero was a dupe; retransmit: 0, pkt_enqueue_time=2008014535356.9365, pkt_dequeue_time=2008014535356.9365, forwarded_or_dropped=1, reason_for_drop='Expiry'
DUPE: 2004989140693_Node0_Node8_Zero, Node6 id 2004989140693_Node0_Node8_Zero was a dupe; retransmit: 0, pkt_enqueue_time=2008091257398.208, pkt_dequeue_time=2008091257398.208, forwarded_or_dropped=1, reason_for_drop='Expiry'
DUPE: 2004967292800_Node0_Node8_Zero, Node6 id 2004967292800_Node0_Node8_Zero was a dupe; retransmit: 0, pkt_enqueue_time=2008093457052.7534, pkt_dequeue_time=2008093457052.7534, forwarded_or_dropped=1, reason_for_drop='Expiry'
DUPE: 2004956363139_Node0_Node8_Zero, Node6 id 2004956363139_Node0_Node8_Zero was a dupe; retransmit: 0, pkt_enqueue_time=2008095656707.2988, pkt_dequeue_time=2008095656707.2988, forwarded_or_dropped=1, reason_for_drop='Expiry'
DUPE: 2004590213073_Node0_Node8_Zero, Node2 id 2004590213073_Node0_Node8_Zero was a dupe; retransmit: 0, pkt_enqueue_time=2008185974864.2979, pkt_dequeue_time=2008185974864.2979, forwarded_or_dropped=1, reason_for_drop='Expiry'
DUPE: 2005158551952_Node0_Node8_Zero, Node6 id 2005158551952_Node0_Node8_Zero was a dupe; retransmit: 0, pkt_enqueue_time=2008216820187.115, pkt_dequeue_time=2008216820187.115, forwarded_or_dropped=1, reason_for_drop='Expiry'
DUPE: 2005147628493_Node0_Node8_Zero, Node6 id 2005147628493_Node0_Node8_Zero was a dupe; retransmit: 0, pkt_enqueue_time=2008234267676.1147, pkt_dequeue_time=2008234267676.1147, forwarded_or_dropped=1, reason_for_drop='Expiry'
DUPE: 2004983680100_Node0_Node8_Zero, Node6 id 2004983680100_Node0_Node8_Zero was a dupe; retransmit: 0, pkt_enqueue_time=2008236476330.6602, pkt_dequeue_time=2008236476330.6602, forwarded_or_dropped=1, reason_for_drop='Expiry'
DUPE: 2005005536415_Node0_Node8_Zero, Node6 id 2005005536415_Node0_Node8_Zero was a dupe; retransmit: 0, pkt_enqueue_time=2008238715985.2056, pkt_dequeue_time=2008238715985.2056, forwarded_or_dropped=1, reason_for_drop='Expiry'
DUPE: 2005185875897_Node0_Node8_Zero, Node6 id 2005185875897_Node0_Node8_Zero was a dupe; retransmit: 0, pkt_enqueue_time=2008240956639.751, pkt_dequeue_time=2008240956639.751, forwarded_or_dropped=1, reason_for_drop='Expiry'
DUPE: 2005098431187_Node0_Node8_Zero, Node6 id 2005098431187_Node0_Node8_Zero was a dupe; retransmit: 0, pkt_enqueue_time=2008273241159.2964, pkt_dequeue_time=2008273241159.2964, forwarded_or_dropped=1, reason_for_drop='Expiry'
DUPE: 2005131225565_Node0_Node8_Zero, Node6 id 2005131225565_Node0_Node8_Zero was a dupe; retransmit: 0, pkt_enqueue_time=2008303732127.933, pkt_dequeue_time=2008303732127.933, forwarded_or_dropped=1, reason_for_drop='Expiry'
DUPE: 2005174949630_Node0_Node8_Zero, Node6 id 2005174949630_Node0_Node8_Zero was a dupe; retransmit: 0, pkt_enqueue_time=2008308327437.024, pkt_dequeue_time=2008308327437.024, forwarded_or_dropped=1, reason_for_drop='Expiry'
DUPE: 2005196802987_Node0_Node8_Zero, Node6 id 2005196802987_Node0_Node8_Zero was a dupe; retransmit: 0, pkt_enqueue_time=2008310636091.5693, pkt_dequeue_time=2008310636091.5693, forwarded_or_dropped=1, reason_for_drop='Expiry'
DUPE: 2005021932364_Node0_Node8_Zero, Node6 id 2005021932364_Node0_Node8_Zero was a dupe; retransmit: 0, pkt_enqueue_time=2008312955746.1147, pkt_dequeue_time=2008312955746.1147, forwarded_or_dropped=1, reason_for_drop='Expiry'
DUPE: 2004929051097_Node0_Node8_Zero, Node6 id 2004929051097_Node0_Node8_Zero was a dupe; retransmit: 0, pkt_enqueue_time=2008323562475.5693, pkt_dequeue_time=2008323562475.5693, forwarded_or_dropped=1, reason_for_drop='Expiry'
DUPE: 2005060184858_Node0_Node8_Zero, Node6 id 2005060184858_Node0_Node8_Zero was a dupe; retransmit: 0, pkt_enqueue_time=2008329513366.4785, pkt_dequeue_time=2008329513366.4785, forwarded_or_dropped=1, reason_for_drop='Expiry'
DUPE: 2005087505429_Node0_Node8_Zero, Node6 id 2005087505429_Node0_Node8_Zero was a dupe; retransmit: 0, pkt_enqueue_time=2008331895021.024, pkt_dequeue_time=2008331895021.024, forwarded_or_dropped=1, reason_for_drop='Expiry'
DUPE: 2005032864169_Node0_Node8_Zero, Node6 id 2005032864169_Node0_Node8_Zero was a dupe; retransmit: 0, pkt_enqueue_time=2008334294675.5693, pkt_dequeue_time=2008334294675.5693, forwarded_or_dropped=1, reason_for_drop='Expiry'
DUPE: 2005103900493_Node0_Node8_Zero, Node6 id 2005103900493_Node0_Node8_Zero was a dupe; retransmit: 0, pkt_enqueue_time=2008348316039.206, pkt_dequeue_time=2008348316039.206, forwarded_or_dropped=1, reason_for_drop='Expiry'
DUPE: 2004885330006_Node0_Node8_Zero, Node6 id 2004885330006_Node0_Node8_Zero was a dupe; retransmit: 0, pkt_enqueue_time=2008355154930.1152, pkt_dequeue_time=2008355154930.1152, forwarded_or_dropped=1, reason_for_drop='Expiry'
DUPE: 2005136693310_Node0_Node8_Zero, Node6 id 2005136693310_Node0_Node8_Zero was a dupe; retransmit: 0, pkt_enqueue_time=2008357798584.6606, pkt_dequeue_time=2008357798584.6606, forwarded_or_dropped=1, reason_for_drop='Expiry'
DUPE: 2005371669139_Node0_Node8_Zero, Node6 id 2005371669139_Node0_Node8_Zero was a dupe; retransmit: 0, pkt_enqueue_time=2008374203207.115, pkt_dequeue_time=2008374203207.115, forwarded_or_dropped=1, reason_for_drop='Expiry'
DUPE: 2005273318584_Node0_Node8_Zero, Node6 id 2005273318584_Node0_Node8_Zero was a dupe; retransmit: 0, pkt_enqueue_time=2008378002152.5696, pkt_dequeue_time=2008378002152.5696, forwarded_or_dropped=1, reason_for_drop='Expiry'
DUPE: 2005054723958_Node0_Node8_Zero, Node6 id 2005054723958_Node0_Node8_Zero was a dupe; retransmit: 0, pkt_enqueue_time=2008383250100.115, pkt_dequeue_time=2008383250100.115, forwarded_or_dropped=1, reason_for_drop='Expiry'
DUPE: 2004721372455_Node0_Node8_Zero, Node6 id 2004721372455_Node0_Node8_Zero was a dupe; retransmit: 0, pkt_enqueue_time=2008388534592.6604, pkt_dequeue_time=2008388534592.6604, forwarded_or_dropped=1, reason_for_drop='Expiry'
DUPE: 2005109364520_Node0_Node8_Zero, Node6 id 2005109364520_Node0_Node8_Zero was a dupe; retransmit: 0, pkt_enqueue_time=2008393859086.2058, pkt_dequeue_time=2008393859086.2058, forwarded_or_dropped=1, reason_for_drop='Expiry'
DUPE: 2005229587562_Node0_Node8_Zero, Node6 id 2005229587562_Node0_Node8_Zero was a dupe; retransmit: 0, pkt_enqueue_time=2008396778740.7512, pkt_dequeue_time=2008396778740.7512, forwarded_or_dropped=1, reason_for_drop='Expiry'
DUPE: 2005065653915_Node0_Node8_Zero, Node6 id 2005065653915_Node0_Node8_Zero was a dupe; retransmit: 0, pkt_enqueue_time=2008399738395.2966, pkt_dequeue_time=2008399738395.2966, forwarded_or_dropped=1, reason_for_drop='Expiry'
Node.py: (Node0)@2008400000000.0: Updated MCS from 3 to 3, hist=deque([0.410958904109589, 0.0, 0.2876712328767123, 0.0, 0.24324324324324326], maxlen=5), packets_serviced=18, packets_received=74
Called Update: UpdateRouteCalls = 0, force = False
Called Update: UpdateRouteCalls = 1, force = False
Node.py: (Node2)@2008400000000.0: Updated MCS from 3 to 3, hist=deque([0.45121951219512196, 0.0, 0.23809523809523808, 1.4, 0.2222222222222222], maxlen=5), packets_serviced=2, packets_received=9
Called Update: UpdateRouteCalls = 2, force = False
Called Update: UpdateRouteCalls = 3, force = False
Node.py: (Node4)@2008400000000.0: Updated MCS from 0 to 0, hist=deque([0.07636363636363637, 0.8648648648648649, 14.0, 10.571428571428571, 29.5], maxlen=5), packets_serviced=59, packets_received=2
Called Update: UpdateRouteCalls = 4, force = False
Called Update: UpdateRouteCalls = 5, force = False
Node.py: (Node6)@2008400000000.0: Updated MCS from 3 to 3, hist=deque([0.3563218390804598, 0.2826086956521739, 0.4338235294117647, 0.4230769230769231, 0.4015151515151515], maxlen=5), packets_serviced=53, packets_received=132
Called Update: UpdateRouteCalls = 6, force = False
Called Update: UpdateRouteCalls = 7, force = False
Called Update: UpdateRouteCalls = 8, force = False
Called Update: UpdateRouteCalls = 9, force = False
!! UPDATING !!
routeNo, updatedMCSIndex =  0 [3, 3, 0, 3]
DUPE: 2005180411513_Node0_Node8_Zero, Node6 id 2005180411513_Node0_Node8_Zero was a dupe; retransmit: 0, pkt_enqueue_time=2008405164758.842, pkt_dequeue_time=2008405164758.842, forwarded_or_dropped=1, reason_for_drop='Expiry'
DUPE: 2004890792076_Node0_Node8_Zero, Node6 id 2004890792076_Node0_Node8_Zero was a dupe; retransmit: 0, pkt_enqueue_time=2008409423704.2966, pkt_dequeue_time=2008409423704.2966, forwarded_or_dropped=1, reason_for_drop='Expiry'
DUPE: 2005256918678_Node0_Node8_Zero, Node6 id 2005256918678_Node0_Node8_Zero was a dupe; retransmit: 0, pkt_enqueue_time=2008414908099.842, pkt_dequeue_time=2008414908099.842, forwarded_or_dropped=1, reason_for_drop='Expiry'
DUPE: 2005043791630_Node0_Node8_Zero, Node6 id 2005043791630_Node0_Node8_Zero was a dupe; retransmit: 0, pkt_enqueue_time=2008419227045.2966, pkt_dequeue_time=2008419227045.2966, forwarded_or_dropped=1, reason_for_drop='Expiry'
DUPE: 2004978216703_Node0_Node8_Zero, Node6 id 2004978216703_Node0_Node8_Zero was a dupe; retransmit: 0, pkt_enqueue_time=2008422266699.842, pkt_dequeue_time=2008422266699.842, forwarded_or_dropped=1, reason_for_drop='Expiry'
DUPE: 2005317022898_Node0_Node8_Zero, Node6 id 2005317022898_Node0_Node8_Zero was a dupe; retransmit: 0, pkt_enqueue_time=2008427771209.3875, pkt_dequeue_time=2008427771209.3875, forwarded_or_dropped=1, reason_for_drop='Expiry'
DUPE: 2005169481515_Node0_Node8_Zero, Node6 id 2005169481515_Node0_Node8_Zero was a dupe; retransmit: 0, pkt_enqueue_time=2008430850863.9329, pkt_dequeue_time=2008430850863.9329, forwarded_or_dropped=1, reason_for_drop='Expiry'
DUPE: 2004338851627_Node0_Node8_Zero, Node2 id 2004338851627_Node0_Node8_Zero was a dupe; retransmit: 0, pkt_enqueue_time=2008433683734.0842, pkt_dequeue_time=2008433683734.0842, forwarded_or_dropped=1, reason_for_drop='Expiry'
DUPE: 2005027401388_Node0_Node8_Zero, Node6 id 2005027401388_Node0_Node8_Zero was a dupe; retransmit: 0, pkt_enqueue_time=2008444570313.9329, pkt_dequeue_time=2008444570313.9329, forwarded_or_dropped=1, reason_for_drop='Expiry'
DUPE: 2004803357774_Node0_Node8_Zero, Node6 id 2004803357774_Node0_Node8_Zero was a dupe; retransmit: 0, pkt_enqueue_time=2008447669968.4783, pkt_dequeue_time=2008447669968.4783, forwarded_or_dropped=1, reason_for_drop='Expiry'
DUPE: 2004535568920_Node0_Node8_Zero, Node6 id 2004535568920_Node0_Node8_Zero was a dupe; retransmit: 0, pkt_enqueue_time=2008457893083.4783, pkt_dequeue_time=2008457893083.4783, forwarded_or_dropped=1, reason_for_drop='Expiry'
DUPE: 2005311560399_Node0_Node8_Zero, Node6 id 2005311560399_Node0_Node8_Zero was a dupe; retransmit: 0, pkt_enqueue_time=2008461212738.0237, pkt_dequeue_time=2008461212738.0237, forwarded_or_dropped=1, reason_for_drop='Expiry'
DUPE: 2004557421670_Node0_Node8_Zero, Node2 id 2004557421670_Node0_Node8_Zero was a dupe; retransmit: 0, pkt_enqueue_time=2008464455277.781, pkt_dequeue_time=2008464455277.781, forwarded_or_dropped=1, reason_for_drop='Expiry'
DUPE: 2005344346091_Node0_Node8_Zero, Node6 id 2005344346091_Node0_Node8_Zero was a dupe; retransmit: 0, pkt_enqueue_time=2008465846565.569, pkt_dequeue_time=2008465846565.569, forwarded_or_dropped=1, reason_for_drop='Expiry'
DUPE: 2004786962589_Node0_Node8_Zero, Node6 id 2004786962589_Node0_Node8_Zero was a dupe; retransmit: 0, pkt_enqueue_time=2008476433516.2356, pkt_dequeue_time=2008476433516.2356, forwarded_or_dropped=1, reason_for_drop='Expiry'
DUPE: 2004950898621_Node0_Node8_Zero, Node6 id 2004950898621_Node0_Node8_Zero was a dupe; retransmit: 0, pkt_enqueue_time=2008479993170.781, pkt_dequeue_time=2008479993170.781, forwarded_or_dropped=1, reason_for_drop='Expiry'
DUPE: 2005120293634_Node0_Node8_Zero, Node6 id 2005120293634_Node0_Node8_Zero was a dupe; retransmit: 0, pkt_enqueue_time=2008483612825.3264, pkt_dequeue_time=2008483612825.3264, forwarded_or_dropped=1, reason_for_drop='Expiry'
DUPE: 2005125761314_Node0_Node8_Zero, Node6 id 2005125761314_Node0_Node8_Zero was a dupe; retransmit: 0, pkt_enqueue_time=2008485879697.3264, pkt_dequeue_time=2008485879697.3264, forwarded_or_dropped=1, reason_for_drop='Expiry'
DUPE: 2004584745137_Node0_Node8_Zero, Node2 id 2004584745137_Node0_Node8_Zero was a dupe; retransmit: 0, pkt_enqueue_time=2008486766534.1445, pkt_dequeue_time=2008486766534.1445, forwarded_or_dropped=1, reason_for_drop='Expiry'
DUPE: 2005360736320_Node0_Node8_Zero, Node6 id 2005360736320_Node0_Node8_Zero was a dupe; retransmit: 0, pkt_enqueue_time=2008615108275.1448, pkt_dequeue_time=2008615108275.1448, forwarded_or_dropped=1, reason_for_drop='Expiry'
Node.py: (Node0)@2008800000000.0: Updated MCS from 3 to 2, hist=deque([0.0, 0.2876712328767123, 0.0, 0.24324324324324326, 4.328767123287672], maxlen=5), packets_serviced=316, packets_received=73
Called Update: UpdateRouteCalls = 0, force = False
Called Update: UpdateRouteCalls = 1, force = False
Node.py: (Node2)@2008800000000.0: Updated MCS from 3 to 3, hist=deque([0.0, 0.23809523809523808, 1.4, 0.2222222222222222, 0.7090301003344481], maxlen=5), packets_serviced=212, packets_received=299
Called Update: UpdateRouteCalls = 2, force = False
Called Update: UpdateRouteCalls = 3, force = False
Node.py: (Node4)@2008800000000.0: Updated MCS from 0 to 0, hist=deque([0.8648648648648649, 14.0, 10.571428571428571, 29.5, 0.0], maxlen=5), packets_serviced=0, packets_received=212
Called Update: UpdateRouteCalls = 4, force = False
Called Update: UpdateRouteCalls = 5, force = False
Node.py: (Node6)@2008800000000.0: Updated MCS from 3 to 3, hist=deque([0.2826086956521739, 0.4338235294117647, 0.4230769230769231, 0.4015151515151515, 0.0], maxlen=5), packets_serviced=0, packets_received=21
Called Update: UpdateRouteCalls = 6, force = False
Called Update: UpdateRouteCalls = 7, force = False
Called Update: UpdateRouteCalls = 8, force = False
Called Update: UpdateRouteCalls = 9, force = False
!! UPDATING !!
routeNo, updatedMCSIndex =  0 [2, 3, 0, 3]
main.py: Progress: 2009 / 2014
Called Update: UpdateRouteCalls = 0, force = True
!! UPDATING !!
routeNo, updatedMCSIndex =  0 [2, 3, 0, 3]

rf.py: Time: 2009 Route details: {0: {'Route': [0, 2, 4, 6, 8], 'MCS_Index': [2, 3, 0, 3], 'Priority': 1, 'ValidRoute': True, 'HQRoute': True, 'RouteNodeDensity': [1, 2, 2, 2, 1], 'InterferingLinks': 8, 'Target': (-1, -1)}}
Node.py: (Node0)@2009200000000.0: Updated MCS from 2 to 1, hist=deque([0.2876712328767123, 0.0, 0.24324324324324326, 4.328767123287672, 3.9452054794520546], maxlen=5), packets_serviced=288, packets_received=73
Called Update: UpdateRouteCalls = 0, force = False
Called Update: UpdateRouteCalls = 1, force = False
Node.py: (Node2)@2009200000000.0: Updated MCS from 3 to 3, hist=deque([0.23809523809523808, 1.4, 0.2222222222222222, 0.7090301003344481, 1.2568493150684932], maxlen=5), packets_serviced=367, packets_received=292
Called Update: UpdateRouteCalls = 2, force = False
Called Update: UpdateRouteCalls = 3, force = False
Node.py: (Node4)@2009200000000.0: Updated MCS from 0 to 0, hist=deque([14.0, 10.571428571428571, 29.5, 0.0, 0.0], maxlen=5), packets_serviced=0, packets_received=368
Called Update: UpdateRouteCalls = 4, force = False
Called Update: UpdateRouteCalls = 5, force = False
Called Update: UpdateRouteCalls = 6, force = False
Called Update: UpdateRouteCalls = 7, force = False
Called Update: UpdateRouteCalls = 8, force = False
Called Update: UpdateRouteCalls = 9, force = False
!! UPDATING !!
routeNo, updatedMCSIndex =  0 [1, 3, 0, 3]
DUPE: 2004060153927_Node0_Node8_Zero, Node6 id 2004060153927_Node0_Node8_Zero was a dupe; retransmit: 0, pkt_enqueue_time=2009258635998.2356, pkt_dequeue_time=2009258635998.2356, forwarded_or_dropped=1, reason_for_drop='Expiry'
DUPE: 2005377138287_Node0_Node8_Zero, Node6 id 2005377138287_Node0_Node8_Zero was a dupe; retransmit: 0, pkt_enqueue_time=2009288542518.237, pkt_dequeue_time=2009288542518.237, forwarded_or_dropped=1, reason_for_drop='Expiry'
DUPE: 2006311527219_Node0_Node8_Zero, Node6 id 2006311527219_Node0_Node8_Zero was a dupe; retransmit: 0, pkt_enqueue_time=2009319116972.6025, pkt_dequeue_time=2009319116972.6025, forwarded_or_dropped=1, reason_for_drop='Expiry'
DUPE: 2006316993077_Node0_Node8_Zero, Node6 id 2006316993077_Node0_Node8_Zero was a dupe; retransmit: 0, pkt_enqueue_time=2009322130627.148, pkt_dequeue_time=2009322130627.148, forwarded_or_dropped=1, reason_for_drop='Expiry'
DUPE: 2006338844026_Node0_Node8_Zero, Node6 id 2006338844026_Node0_Node8_Zero was a dupe; retransmit: 0, pkt_enqueue_time=2009342994547.7856, pkt_dequeue_time=2009342994547.7856, forwarded_or_dropped=1, reason_for_drop='Expiry'
DUPE: 2006333381743_Node0_Node8_Zero, Node6 id 2006333381743_Node0_Node8_Zero was a dupe; retransmit: 0, pkt_enqueue_time=2009345366202.331, pkt_dequeue_time=2009345366202.331, forwarded_or_dropped=1, reason_for_drop='Expiry'
DUPE: 2006371646454_Node0_Node8_Zero, Node6 id 2006371646454_Node0_Node8_Zero was a dupe; retransmit: 0, pkt_enqueue_time=2009383002397.785, pkt_dequeue_time=2009383002397.785, forwarded_or_dropped=1, reason_for_drop='Expiry'
DUPE: 2006404425673_Node0_Node8_Zero, Node6 id 2006404425673_Node0_Node8_Zero was a dupe; retransmit: 0, pkt_enqueue_time=2009409132103.6936, pkt_dequeue_time=2009409132103.6936, forwarded_or_dropped=1, reason_for_drop='Expiry'
DUPE: 2006431741855_Node0_Node8_Zero, Node6 id 2006431741855_Node0_Node8_Zero was a dupe; retransmit: 0, pkt_enqueue_time=2009434187080.057, pkt_dequeue_time=2009434187080.057, forwarded_or_dropped=1, reason_for_drop='Expiry'
DUPE: 2006409889440_Node0_Node8_Zero, Node6 id 2006409889440_Node0_Node8_Zero was a dupe; retransmit: 0, pkt_enqueue_time=2009439800644.1477, pkt_dequeue_time=2009439800644.1477, forwarded_or_dropped=1, reason_for_drop='Expiry'
DUPE: 2006382576470_Node0_Node8_Zero, Node6 id 2006382576470_Node0_Node8_Zero was a dupe; retransmit: 0, pkt_enqueue_time=2009442160298.693, pkt_dequeue_time=2009442160298.693, forwarded_or_dropped=1, reason_for_drop='Expiry'
DUPE: 2006426281999_Node0_Node8_Zero, Node6 id 2006426281999_Node0_Node8_Zero was a dupe; retransmit: 0, pkt_enqueue_time=2009445834207.2385, pkt_dequeue_time=2009445834207.2385, forwarded_or_dropped=1, reason_for_drop='Expiry'
DUPE: 2006437204752_Node0_Node8_Zero, Node6 id 2006437204752_Node0_Node8_Zero was a dupe; retransmit: 0, pkt_enqueue_time=2009448240861.784, pkt_dequeue_time=2009448240861.784, forwarded_or_dropped=1, reason_for_drop='Expiry'
DUPE: 2006388037294_Node0_Node8_Zero, Node6 id 2006388037294_Node0_Node8_Zero was a dupe; retransmit: 0, pkt_enqueue_time=2009450800516.3293, pkt_dequeue_time=2009450800516.3293, forwarded_or_dropped=1, reason_for_drop='Expiry'
DUPE: 2006393498918_Node0_Node8_Zero, Node6 id 2006393498918_Node0_Node8_Zero was a dupe; retransmit: 0, pkt_enqueue_time=2009453460170.8748, pkt_dequeue_time=2009453460170.8748, forwarded_or_dropped=1, reason_for_drop='Expiry'
DUPE: 2006398959749_Node0_Node8_Zero, Node6 id 2006398959749_Node0_Node8_Zero was a dupe; retransmit: 0, pkt_enqueue_time=2009455867042.8748, pkt_dequeue_time=2009455867042.8748, forwarded_or_dropped=1, reason_for_drop='Expiry'
DUPE: 2006442668144_Node0_Node8_Zero, Node6 id 2006442668144_Node0_Node8_Zero was a dupe; retransmit: 0, pkt_enqueue_time=2009459913934.4202, pkt_dequeue_time=2009459913934.4202, forwarded_or_dropped=1, reason_for_drop='Expiry'
DUPE: 2006448136955_Node0_Node8_Zero, Node6 id 2006448136955_Node0_Node8_Zero was a dupe; retransmit: 0, pkt_enqueue_time=2009478638584.8745, pkt_dequeue_time=2009478638584.8745, forwarded_or_dropped=1, reason_for_drop='Expiry'
DUPE: 2006475455620_Node0_Node8_Zero, Node6 id 2006475455620_Node0_Node8_Zero was a dupe; retransmit: 0, pkt_enqueue_time=2009480811239.42, pkt_dequeue_time=2009480811239.42, forwarded_or_dropped=1, reason_for_drop='Expiry'
DUPE: 2006469991701_Node0_Node8_Zero, Node6 id 2006469991701_Node0_Node8_Zero was a dupe; retransmit: 0, pkt_enqueue_time=2009494557664.965, pkt_dequeue_time=2009494557664.965, forwarded_or_dropped=1, reason_for_drop='Expiry'
DUPE: 2006491845352_Node0_Node8_Zero, Node6 id 2006491845352_Node0_Node8_Zero was a dupe; retransmit: 0, pkt_enqueue_time=2009496797319.5105, pkt_dequeue_time=2009496797319.5105, forwarded_or_dropped=1, reason_for_drop='Expiry'
DUPE: 2006508243526_Node0_Node8_Zero, Node6 id 2006508243526_Node0_Node8_Zero was a dupe; retransmit: 0, pkt_enqueue_time=2009518549573.692, pkt_dequeue_time=2009518549573.692, forwarded_or_dropped=1, reason_for_drop='Expiry'
DUPE: 2005256918678_Node0_Node8_Zero, Node2 id 2005256918678_Node0_Node8_Zero was a dupe; retransmit: 0, pkt_enqueue_time=2009520257754.3313, pkt_dequeue_time=2009520257754.3313, forwarded_or_dropped=1, reason_for_drop='Expiry'
DUPE: 2006519174475_Node0_Node8_Zero, Node6 id 2006519174475_Node0_Node8_Zero was a dupe; retransmit: 0, pkt_enqueue_time=2009520649228.2373, pkt_dequeue_time=2009520649228.2373, forwarded_or_dropped=1, reason_for_drop='Expiry'
DUPE: 2006502781015_Node0_Node8_Zero, Node6 id 2006502781015_Node0_Node8_Zero was a dupe; retransmit: 0, pkt_enqueue_time=2009532167500.9644, pkt_dequeue_time=2009532167500.9644, forwarded_or_dropped=1, reason_for_drop='Expiry'
DUPE: 2006486381496_Node0_Node8_Zero, Node6 id 2006486381496_Node0_Node8_Zero was a dupe; retransmit: 0, pkt_enqueue_time=2009535234754.7825, pkt_dequeue_time=2009535234754.7825, forwarded_or_dropped=1, reason_for_drop='Expiry'
DUPE: 2006524634623_Node0_Node8_Zero, Node6 id 2006524634623_Node0_Node8_Zero was a dupe; retransmit: 0, pkt_enqueue_time=2009539132445.328, pkt_dequeue_time=2009539132445.328, forwarded_or_dropped=1, reason_for_drop='Expiry'
DUPE: 2006557419191_Node0_Node8_Zero, Node6 id 2006557419191_Node0_Node8_Zero was a dupe; retransmit: 0, pkt_enqueue_time=2009569124466.2368, pkt_dequeue_time=2009569124466.2368, forwarded_or_dropped=1, reason_for_drop='Expiry'
DUPE: 2006420819926_Node0_Node8_Zero, Node6 id 2006420819926_Node0_Node8_Zero was a dupe; retransmit: 0, pkt_enqueue_time=2009584246426.3276, pkt_dequeue_time=2009584246426.3276, forwarded_or_dropped=1, reason_for_drop='Expiry'
Node.py: (Node0)@2009600000000.0: Updated MCS from 1 to 0, hist=deque([0.0, 0.24324324324324326, 4.328767123287672, 3.9452054794520546, 0.7534246575342466], maxlen=5), packets_serviced=55, packets_received=73
Called Update: UpdateRouteCalls = 0, force = False
Called Update: UpdateRouteCalls = 1, force = False
Node.py: (Node2)@2009600000000.0: Updated MCS from 3 to 3, hist=deque([1.4, 0.2222222222222222, 0.7090301003344481, 1.2568493150684932, 0.5842696629213483], maxlen=5), packets_serviced=52, packets_received=89
Called Update: UpdateRouteCalls = 2, force = False
Called Update: UpdateRouteCalls = 3, force = False
Node.py: (Node4)@2009600000000.0: Updated MCS from 0 to 0, hist=deque([10.571428571428571, 29.5, 0.0, 0.0, 1.1272727272727272], maxlen=5), packets_serviced=62, packets_received=55
Called Update: UpdateRouteCalls = 4, force = False
Called Update: UpdateRouteCalls = 5, force = False
Node.py: (Node6)@2009600000000.0: Updated MCS from 3 to 3, hist=deque([0.4338235294117647, 0.4230769230769231, 0.4015151515151515, 0.0, 0.3465346534653465], maxlen=5), packets_serviced=35, packets_received=101
Called Update: UpdateRouteCalls = 6, force = False
Called Update: UpdateRouteCalls = 7, force = False
Called Update: UpdateRouteCalls = 8, force = False
Called Update: UpdateRouteCalls = 9, force = False
!! UPDATING !!
routeNo, updatedMCSIndex =  0 [0, 3, 0, 3]
DUPE: 2006617514413_Node0_Node8_Zero, Node6 id 2006617514413_Node0_Node8_Zero was a dupe; retransmit: 0, pkt_enqueue_time=2009619644237.782, pkt_dequeue_time=2009619644237.782, forwarded_or_dropped=1, reason_for_drop='Expiry'
DUPE: 2006650299398_Node0_Node8_Zero, Node6 id 2006650299398_Node0_Node8_Zero was a dupe; retransmit: 0, pkt_enqueue_time=2009656689319.5996, pkt_dequeue_time=2009656689319.5996, forwarded_or_dropped=1, reason_for_drop='Expiry'
DUPE: 2006655765125_Node0_Node8_Zero, Node6 id 2006655765125_Node0_Node8_Zero was a dupe; retransmit: 0, pkt_enqueue_time=2009670281046.3267, pkt_dequeue_time=2009670281046.3267, forwarded_or_dropped=1, reason_for_drop='Expiry'
DUPE: 2006666696387_Node0_Node8_Zero, Node6 id 2006666696387_Node0_Node8_Zero was a dupe; retransmit: 0, pkt_enqueue_time=2009672389700.872, pkt_dequeue_time=2009672389700.872, forwarded_or_dropped=1, reason_for_drop='Expiry'
DUPE: 2006683087402_Node0_Node8_Zero, Node6 id 2006683087402_Node0_Node8_Zero was a dupe; retransmit: 0, pkt_enqueue_time=2009683381817.0537, pkt_dequeue_time=2009683381817.0537, forwarded_or_dropped=1, reason_for_drop='Expiry'
DUPE: 2006683087402_Node0_Node8_Zero, Node6 id 2006683087402_Node0_Node8_Zero was a dupe; retransmit: 0, pkt_enqueue_time=2009685288689.0537, pkt_dequeue_time=2009685288689.0537, forwarded_or_dropped=1, reason_for_drop='Expiry'
DUPE: 2006672158144_Node0_Node8_Zero, Node6 id 2006672158144_Node0_Node8_Zero was a dupe; retransmit: 0, pkt_enqueue_time=2009695574179.2354, pkt_dequeue_time=2009695574179.2354, forwarded_or_dropped=1, reason_for_drop='Expiry'
DUPE: 2006677619533_Node0_Node8_Zero, Node6 id 2006677619533_Node0_Node8_Zero was a dupe; retransmit: 0, pkt_enqueue_time=2009706237052.9626, pkt_dequeue_time=2009706237052.9626, forwarded_or_dropped=1, reason_for_drop='Expiry'
DUPE: 2006715879553_Node0_Node8_Zero, Node6 id 2006715879553_Node0_Node8_Zero was a dupe; retransmit: 0, pkt_enqueue_time=2009716191215.4175, pkt_dequeue_time=2009716191215.4175, forwarded_or_dropped=1, reason_for_drop='Expiry'
DUPE: 2006699484741_Node0_Node8_Zero, Node6 id 2006699484741_Node0_Node8_Zero was a dupe; retransmit: 0, pkt_enqueue_time=2009727835980.599, pkt_dequeue_time=2009727835980.599, forwarded_or_dropped=1, reason_for_drop='Expiry'
DUPE: 2006743208243_Node0_Node8_Zero, Node6 id 2006743208243_Node0_Node8_Zero was a dupe; retransmit: 0, pkt_enqueue_time=2009752113857.205, pkt_dequeue_time=2009752113857.205, forwarded_or_dropped=1, reason_for_drop='Expiry'
DUPE: 2006737740594_Node0_Node8_Zero, Node6 id 2006737740594_Node0_Node8_Zero was a dupe; retransmit: 0, pkt_enqueue_time=2009754238511.7505, pkt_dequeue_time=2009754238511.7505, forwarded_or_dropped=1, reason_for_drop='Expiry'
DUPE: 2006721345311_Node0_Node8_Zero, Node6 id 2006721345311_Node0_Node8_Zero was a dupe; retransmit: 0, pkt_enqueue_time=2009756578166.296, pkt_dequeue_time=2009756578166.296, forwarded_or_dropped=1, reason_for_drop='Expiry'
DUPE: 2006748676938_Node0_Node8_Zero, Node6 id 2006748676938_Node0_Node8_Zero was a dupe; retransmit: 0, pkt_enqueue_time=2009759904751.8413, pkt_dequeue_time=2009759904751.8413, forwarded_or_dropped=1, reason_for_drop='Expiry'
DUPE: 2006765081358_Node0_Node8_Zero, Node6 id 2006765081358_Node0_Node8_Zero was a dupe; retransmit: 0, pkt_enqueue_time=2009766138150.3867, pkt_dequeue_time=2009766138150.3867, forwarded_or_dropped=1, reason_for_drop='Expiry'
DUPE: 2006765081358_Node0_Node8_Zero, Node6 id 2006765081358_Node0_Node8_Zero was a dupe; retransmit: 0, pkt_enqueue_time=2009779211962.841, pkt_dequeue_time=2009779211962.841, forwarded_or_dropped=1, reason_for_drop='Expiry'
DUPE: 2006754144180_Node0_Node8_Zero, Node6 id 2006754144180_Node0_Node8_Zero was a dupe; retransmit: 0, pkt_enqueue_time=2009782844956.3865, pkt_dequeue_time=2009782844956.3865, forwarded_or_dropped=1, reason_for_drop='Expiry'
DUPE: 2006770547169_Node0_Node8_Zero, Node6 id 2006770547169_Node0_Node8_Zero was a dupe; retransmit: 0, pkt_enqueue_time=2009785169610.932, pkt_dequeue_time=2009785169610.932, forwarded_or_dropped=1, reason_for_drop='Expiry'
DUPE: 2006776011778_Node0_Node8_Zero, Node6 id 2006776011778_Node0_Node8_Zero was a dupe; retransmit: 0, pkt_enqueue_time=2009788138265.4773, pkt_dequeue_time=2009788138265.4773, forwarded_or_dropped=1, reason_for_drop='Expiry'
DUPE: 2006781472541_Node0_Node8_Zero, Node6 id 2006781472541_Node0_Node8_Zero was a dupe; retransmit: 0, pkt_enqueue_time=2009790045137.4773, pkt_dequeue_time=2009790045137.4773, forwarded_or_dropped=1, reason_for_drop='Expiry'
DUPE: 2006797869789_Node0_Node8_Zero, Node6 id 2006797869789_Node0_Node8_Zero was a dupe; retransmit: 0, pkt_enqueue_time=2009801754669.1135, pkt_dequeue_time=2009801754669.1135, forwarded_or_dropped=1, reason_for_drop='Expiry'
DUPE: 2005497347326_Node0_Node8_Zero, Node2 id 2005497347326_Node0_Node8_Zero was a dupe; retransmit: 0, pkt_enqueue_time=2009808293086.4783, pkt_dequeue_time=2009808293086.4783, forwarded_or_dropped=1, reason_for_drop='Expiry'
DUPE: 2005502815551_Node0_Node8_Zero, Node2 id 2005502815551_Node0_Node8_Zero was a dupe; retransmit: 0, pkt_enqueue_time=2009808293086.4783, pkt_dequeue_time=2009808293086.4783, forwarded_or_dropped=1, reason_for_drop='Expiry'
DUPE: 2006808796145_Node0_Node8_Zero, Node6 id 2006808796145_Node0_Node8_Zero was a dupe; retransmit: 0, pkt_enqueue_time=2009816642069.386, pkt_dequeue_time=2009816642069.386, forwarded_or_dropped=1, reason_for_drop='Expiry'
DUPE: 2006814258700_Node0_Node8_Zero, Node6 id 2006814258700_Node0_Node8_Zero was a dupe; retransmit: 0, pkt_enqueue_time=2009818930723.9314, pkt_dequeue_time=2009818930723.9314, forwarded_or_dropped=1, reason_for_drop='Expiry'
DUPE: 2006803333435_Node0_Node8_Zero, Node6 id 2006803333435_Node0_Node8_Zero was a dupe; retransmit: 0, pkt_enqueue_time=2009821224378.4768, pkt_dequeue_time=2009821224378.4768, forwarded_or_dropped=1, reason_for_drop='Expiry'
DUPE: 2006819722081_Node0_Node8_Zero, Node6 id 2006819722081_Node0_Node8_Zero was a dupe; retransmit: 0, pkt_enqueue_time=2009823733033.0222, pkt_dequeue_time=2009823733033.0222, forwarded_or_dropped=1, reason_for_drop='Expiry'
DUPE: 2004349783256_Node0_Node8_Zero, Node2 id 2004349783256_Node0_Node8_Zero was a dupe; retransmit: 0, pkt_enqueue_time=2009827675304.6602, pkt_dequeue_time=2009827675304.6602, forwarded_or_dropped=1, reason_for_drop='Expiry'
DUPE: 2006825181724_Node0_Node8_Zero, Node6 id 2006825181724_Node0_Node8_Zero was a dupe; retransmit: 0, pkt_enqueue_time=2009830964247.113, pkt_dequeue_time=2009830964247.113, forwarded_or_dropped=1, reason_for_drop='Expiry'
DUPE: 2006836113894_Node0_Node8_Zero, Node6 id 2006836113894_Node0_Node8_Zero was a dupe; retransmit: 0, pkt_enqueue_time=2009842233343.84, pkt_dequeue_time=2009842233343.84, forwarded_or_dropped=1, reason_for_drop='Expiry'
DUPE: 2006830648868_Node0_Node8_Zero, Node6 id 2006830648868_Node0_Node8_Zero was a dupe; retransmit: 0, pkt_enqueue_time=2009845929823.3855, pkt_dequeue_time=2009845929823.3855, forwarded_or_dropped=1, reason_for_drop='Expiry'
DUPE: 2006847041689_Node0_Node8_Zero, Node6 id 2006847041689_Node0_Node8_Zero was a dupe; retransmit: 0, pkt_enqueue_time=2009848249477.931, pkt_dequeue_time=2009848249477.931, forwarded_or_dropped=1, reason_for_drop='Expiry'
DUPE: 2005442715929_Node0_Node8_Zero, Node2 id 2005442715929_Node0_Node8_Zero was a dupe; retransmit: 0, pkt_enqueue_time=2009856948995.5696, pkt_dequeue_time=2009856948995.5696, forwarded_or_dropped=1, reason_for_drop='Expiry'
DUPE: 2006852506177_Node0_Node8_Zero, Node6 id 2006852506177_Node0_Node8_Zero was a dupe; retransmit: 0, pkt_enqueue_time=2009870518401.476, pkt_dequeue_time=2009870518401.476, forwarded_or_dropped=1, reason_for_drop='Expiry'
DUPE: 2006863434584_Node0_Node8_Zero, Node6 id 2006863434584_Node0_Node8_Zero was a dupe; retransmit: 0, pkt_enqueue_time=2009873527056.0215, pkt_dequeue_time=2009873527056.0215, forwarded_or_dropped=1, reason_for_drop='Expiry'
DUPE: 2006868903202_Node0_Node8_Zero, Node6 id 2006868903202_Node0_Node8_Zero was a dupe; retransmit: 0, pkt_enqueue_time=2009875533928.0215, pkt_dequeue_time=2009875533928.0215, forwarded_or_dropped=1, reason_for_drop='Expiry'
DUPE: 2006885296763_Node0_Node8_Zero, Node6 id 2006885296763_Node0_Node8_Zero was a dupe; retransmit: 0, pkt_enqueue_time=2009888923093.8423, pkt_dequeue_time=2009888923093.8423, forwarded_or_dropped=1, reason_for_drop='Expiry'
DUPE: 2006890761938_Node0_Node8_Zero, Node6 id 2006890761938_Node0_Node8_Zero was a dupe; retransmit: 0, pkt_enqueue_time=2009893042402.933, pkt_dequeue_time=2009893042402.933, forwarded_or_dropped=1, reason_for_drop='Expiry'
DUPE: 2006907164095_Node0_Node8_Zero, Node6 id 2006907164095_Node0_Node8_Zero was a dupe; retransmit: 0, pkt_enqueue_time=2009908060870.9329, pkt_dequeue_time=2009908060870.9329, forwarded_or_dropped=1, reason_for_drop='Expiry'
DUPE: 2006896229295_Node0_Node8_Zero, Node6 id 2006896229295_Node0_Node8_Zero was a dupe; retransmit: 0, pkt_enqueue_time=2009910200525.4783, pkt_dequeue_time=2009910200525.4783, forwarded_or_dropped=1, reason_for_drop='Expiry'
DUPE: 2006923562488_Node0_Node8_Zero, Node6 id 2006923562488_Node0_Node8_Zero was a dupe; retransmit: 0, pkt_enqueue_time=2009927682281.7507, pkt_dequeue_time=2009927682281.7507, forwarded_or_dropped=1, reason_for_drop='Expiry'
DUPE: 2006918095647_Node0_Node8_Zero, Node6 id 2006918095647_Node0_Node8_Zero was a dupe; retransmit: 0, pkt_enqueue_time=2009940187664.9324, pkt_dequeue_time=2009940187664.9324, forwarded_or_dropped=1, reason_for_drop='Expiry'
DUPE: 2006939950842_Node0_Node8_Zero, Node6 id 2006939950842_Node0_Node8_Zero was a dupe; retransmit: 0, pkt_enqueue_time=2009942345319.4778, pkt_dequeue_time=2009942345319.4778, forwarded_or_dropped=1, reason_for_drop='Expiry'
DUPE: 2006934491181_Node0_Node8_Zero, Node6 id 2006934491181_Node0_Node8_Zero was a dupe; retransmit: 0, pkt_enqueue_time=2009951947979.114, pkt_dequeue_time=2009951947979.114, forwarded_or_dropped=1, reason_for_drop='Expiry'
DUPE: 2006901697980_Node0_Node8_Zero, Node6 id 2006901697980_Node0_Node8_Zero was a dupe; retransmit: 0, pkt_enqueue_time=2009954247633.6594, pkt_dequeue_time=2009954247633.6594, forwarded_or_dropped=1, reason_for_drop='Expiry'
DUPE: 2006945417575_Node0_Node8_Zero, Node6 id 2006945417575_Node0_Node8_Zero was a dupe; retransmit: 0, pkt_enqueue_time=2009956647288.2048, pkt_dequeue_time=2009956647288.2048, forwarded_or_dropped=1, reason_for_drop='Expiry'
DUPE: 2006929021974_Node0_Node8_Zero, Node6 id 2006929021974_Node0_Node8_Zero was a dupe; retransmit: 0, pkt_enqueue_time=2009959066942.7502, pkt_dequeue_time=2009959066942.7502, forwarded_or_dropped=1, reason_for_drop='Expiry'
DUPE: 2006912628765_Node0_Node8_Zero, Node6 id 2006912628765_Node0_Node8_Zero was a dupe; retransmit: 0, pkt_enqueue_time=2009961646597.2957, pkt_dequeue_time=2009961646597.2957, forwarded_or_dropped=1, reason_for_drop='Expiry'
DUPE: 2004448155342_Node0_Node8_Zero, Node2 id 2004448155342_Node0_Node8_Zero was a dupe; retransmit: 0, pkt_enqueue_time=2009963463504.6611, pkt_dequeue_time=2009963463504.6611, forwarded_or_dropped=1, reason_for_drop='Expiry'
DUPE: 2004453622150_Node0_Node8_Zero, Node2 id 2004453622150_Node0_Node8_Zero was a dupe; retransmit: 0, pkt_enqueue_time=2009963463504.6611, pkt_dequeue_time=2009963463504.6611, forwarded_or_dropped=1, reason_for_drop='Expiry'
DUPE: 2006956343047_Node0_Node8_Zero, Node6 id 2006956343047_Node0_Node8_Zero was a dupe; retransmit: 0, pkt_enqueue_time=2009965611334.841, pkt_dequeue_time=2009965611334.841, forwarded_or_dropped=1, reason_for_drop='Expiry'
DUPE: 2006961805399_Node0_Node8_Zero, Node6 id 2006961805399_Node0_Node8_Zero was a dupe; retransmit: 0, pkt_enqueue_time=2009967578206.841, pkt_dequeue_time=2009967578206.841, forwarded_or_dropped=1, reason_for_drop='Expiry'
DUPE: 2006972735639_Node0_Node8_Zero, Node6 id 2006972735639_Node0_Node8_Zero was a dupe; retransmit: 0, pkt_enqueue_time=2009978130521.0227, pkt_dequeue_time=2009978130521.0227, forwarded_or_dropped=1, reason_for_drop='Expiry'
main.py: Progress: 2010 / 2014
Node.py: (Node0)@2010000000000.0: Updated MCS from 0 to 0, hist=deque([0.24324324324324326, 4.328767123287672, 3.9452054794520546, 0.7534246575342466, 0.1506849315068493], maxlen=5), packets_serviced=11, packets_received=73
Called Update: UpdateRouteCalls = 0, force = False
Called Update: UpdateRouteCalls = 1, force = False
Node.py: (Node2)@2010000000000.0: Updated MCS from 3 to 3, hist=deque([0.2222222222222222, 0.7090301003344481, 1.2568493150684932, 0.5842696629213483, 0.38461538461538464], maxlen=5), packets_serviced=10, packets_received=26
Called Update: UpdateRouteCalls = 2, force = False
Called Update: UpdateRouteCalls = 3, force = False
Node.py: (Node4)@2010000000000.0: Updated MCS from 0 to 0, hist=deque([29.5, 0.0, 0.0, 1.1272727272727272, 7.7], maxlen=5), packets_serviced=77, packets_received=10
Called Update: UpdateRouteCalls = 4, force = False
Called Update: UpdateRouteCalls = 5, force = False
Node.py: (Node6)@2010000000000.0: Updated MCS from 3 to 3, hist=deque([0.4230769230769231, 0.4015151515151515, 0.0, 0.3465346534653465, 0.4264705882352941], maxlen=5), packets_serviced=58, packets_received=136
Called Update: UpdateRouteCalls = 6, force = False
Called Update: UpdateRouteCalls = 7, force = False
Called Update: UpdateRouteCalls = 8, force = False
Called Update: UpdateRouteCalls = 9, force = False
!! UPDATING !!
routeNo, updatedMCSIndex =  0 [0, 3, 0, 3]
Called Update: UpdateRouteCalls = 0, force = True
!! UPDATING !!
routeNo, updatedMCSIndex =  0 [0, 3, 0, 3]

rf.py: Time: 2010 Route details: {0: {'Route': [0, 2, 4, 6, 8], 'MCS_Index': [0, 3, 0, 3], 'Priority': 1, 'ValidRoute': True, 'HQRoute': True, 'RouteNodeDensity': [1, 2, 2, 2, 1], 'InterferingLinks': 8, 'Target': (-1, -1)}}
node.py: Packet generation complete at node: Node0.
DUPE: 2007000054533_Node0_Node8_Zero, Node6 id 2007000054533_Node0_Node8_Zero was a dupe; retransmit: 0, pkt_enqueue_time=2010029164187.6582, pkt_dequeue_time=2010029164187.6582, forwarded_or_dropped=1, reason_for_drop='Expiry'
DUPE: 2006978203581_Node0_Node8_Zero, Node6 id 2006978203581_Node0_Node8_Zero was a dupe; retransmit: 0, pkt_enqueue_time=2010031323842.2036, pkt_dequeue_time=2010031323842.2036, forwarded_or_dropped=1, reason_for_drop='Expiry'
DUPE: 2007016445148_Node0_Node8_Zero, Node6 id 2007016445148_Node0_Node8_Zero was a dupe; retransmit: 0, pkt_enqueue_time=2010033483496.749, pkt_dequeue_time=2010033483496.749, forwarded_or_dropped=1, reason_for_drop='Expiry'
DUPE: 2007010981399_Node0_Node8_Zero, Node6 id 2007010981399_Node0_Node8_Zero was a dupe; retransmit: 0, pkt_enqueue_time=2010035732151.2944, pkt_dequeue_time=2010035732151.2944, forwarded_or_dropped=1, reason_for_drop='Expiry'
DUPE: 2006989122935_Node0_Node8_Zero, Node6 id 2006989122935_Node0_Node8_Zero was a dupe; retransmit: 0, pkt_enqueue_time=2010037991805.8398, pkt_dequeue_time=2010037991805.8398, forwarded_or_dropped=1, reason_for_drop='Expiry'
DUPE: 2007021907615_Node0_Node8_Zero, Node6 id 2007021907615_Node0_Node8_Zero was a dupe; retransmit: 0, pkt_enqueue_time=2010042576114.9307, pkt_dequeue_time=2010042576114.9307, forwarded_or_dropped=1, reason_for_drop='Expiry'
DUPE: 2006983663396_Node0_Node8_Zero, Node6 id 2006983663396_Node0_Node8_Zero was a dupe; retransmit: 0, pkt_enqueue_time=2010044909769.476, pkt_dequeue_time=2010044909769.476, forwarded_or_dropped=1, reason_for_drop='Expiry'
DUPE: 2006994589777_Node0_Node8_Zero, Node6 id 2006994589777_Node0_Node8_Zero was a dupe; retransmit: 0, pkt_enqueue_time=2010047249424.0215, pkt_dequeue_time=2010047249424.0215, forwarded_or_dropped=1, reason_for_drop='Expiry'
DUPE: 2007038303023_Node0_Node8_Zero, Node6 id 2007038303023_Node0_Node8_Zero was a dupe; retransmit: 0, pkt_enqueue_time=2010049609078.567, pkt_dequeue_time=2010049609078.567, forwarded_or_dropped=1, reason_for_drop='Expiry'
DUPE: 2007027371450_Node0_Node8_Zero, Node6 id 2007027371450_Node0_Node8_Zero was a dupe; retransmit: 0, pkt_enqueue_time=2010051968733.1123, pkt_dequeue_time=2010051968733.1123, forwarded_or_dropped=1, reason_for_drop='Expiry'
DUPE: 2007032838432_Node0_Node8_Zero, Node6 id 2007032838432_Node0_Node8_Zero was a dupe; retransmit: 0, pkt_enqueue_time=2010054344387.6577, pkt_dequeue_time=2010054344387.6577, forwarded_or_dropped=1, reason_for_drop='Expiry'
DUPE: 2007049234315_Node0_Node8_Zero, Node6 id 2007049234315_Node0_Node8_Zero was a dupe; retransmit: 0, pkt_enqueue_time=2010056944042.2031, pkt_dequeue_time=2010056944042.2031, forwarded_or_dropped=1, reason_for_drop='Expiry'
DUPE: 2007005517128_Node0_Node8_Zero, Node6 id 2007005517128_Node0_Node8_Zero was a dupe; retransmit: 0, pkt_enqueue_time=2010059582696.7485, pkt_dequeue_time=2010059582696.7485, forwarded_or_dropped=1, reason_for_drop='Expiry'
DUPE: 2006879832440_Node0_Node8_Zero, Node6 id 2006879832440_Node0_Node8_Zero was a dupe; retransmit: 0, pkt_enqueue_time=2010062282351.294, pkt_dequeue_time=2010062282351.294, forwarded_or_dropped=1, reason_for_drop='Expiry'
DUPE: 2006950881703_Node0_Node8_Zero, Node6 id 2006950881703_Node0_Node8_Zero was a dupe; retransmit: 0, pkt_enqueue_time=2010065002005.8394, pkt_dequeue_time=2010065002005.8394, forwarded_or_dropped=1, reason_for_drop='Expiry'
DUPE: 2007043765574_Node0_Node8_Zero, Node6 id 2007043765574_Node0_Node8_Zero was a dupe; retransmit: 0, pkt_enqueue_time=2010067781660.3848, pkt_dequeue_time=2010067781660.3848, forwarded_or_dropped=1, reason_for_drop='Expiry'
DUPE: 2007054702353_Node0_Node8_Zero, Node6 id 2007054702353_Node0_Node8_Zero was a dupe; retransmit: 0, pkt_enqueue_time=2010070770314.9302, pkt_dequeue_time=2010070770314.9302, forwarded_or_dropped=1, reason_for_drop='Expiry'
DUPE: 2007060168202_Node0_Node8_Zero, Node6 id 2007060168202_Node0_Node8_Zero was a dupe; retransmit: 0, pkt_enqueue_time=2010072817186.9302, pkt_dequeue_time=2010072817186.9302, forwarded_or_dropped=1, reason_for_drop='Expiry'
DUPE: 2005262385589_Node0_Node8_Zero, Node2 id 2005262385589_Node0_Node8_Zero was a dupe; retransmit: 0, pkt_enqueue_time=2010090653515.3845, pkt_dequeue_time=2010090653515.3845, forwarded_or_dropped=1, reason_for_drop='Expiry'
DUPE: 2007087482853_Node0_Node8_Zero, Node6 id 2007087482853_Node0_Node8_Zero was a dupe; retransmit: 0, pkt_enqueue_time=2010097094681.0208, pkt_dequeue_time=2010097094681.0208, forwarded_or_dropped=1, reason_for_drop='Expiry'
DUPE: 2007092947501_Node0_Node8_Zero, Node6 id 2007092947501_Node0_Node8_Zero was a dupe; retransmit: 0, pkt_enqueue_time=2010118767267.566, pkt_dequeue_time=2010118767267.566, forwarded_or_dropped=1, reason_for_drop='Expiry'
DUPE: 2007082018223_Node0_Node8_Zero, Node6 id 2007082018223_Node0_Node8_Zero was a dupe; retransmit: 0, pkt_enqueue_time=2010120906922.1113, pkt_dequeue_time=2010120906922.1113, forwarded_or_dropped=1, reason_for_drop='Expiry'
DUPE: 2007136680459_Node0_Node8_Zero, Node6 id 2007136680459_Node0_Node8_Zero was a dupe; retransmit: 0, pkt_enqueue_time=2010141347418.6572, pkt_dequeue_time=2010141347418.6572, forwarded_or_dropped=1, reason_for_drop='Expiry'
DUPE: 2007125746232_Node0_Node8_Zero, Node6 id 2007125746232_Node0_Node8_Zero was a dupe; retransmit: 0, pkt_enqueue_time=2010143608073.2026, pkt_dequeue_time=2010143608073.2026, forwarded_or_dropped=1, reason_for_drop='Expiry'
DUPE: 2007142142671_Node0_Node8_Zero, Node6 id 2007142142671_Node0_Node8_Zero was a dupe; retransmit: 0, pkt_enqueue_time=2010145892727.748, pkt_dequeue_time=2010145892727.748, forwarded_or_dropped=1, reason_for_drop='Expiry'
DUPE: 2007120279244_Node0_Node8_Zero, Node6 id 2007120279244_Node0_Node8_Zero was a dupe; retransmit: 0, pkt_enqueue_time=2010148181382.2935, pkt_dequeue_time=2010148181382.2935, forwarded_or_dropped=1, reason_for_drop='Expiry'
DUPE: 2007098414445_Node0_Node8_Zero, Node6 id 2007098414445_Node0_Node8_Zero was a dupe; retransmit: 0, pkt_enqueue_time=2010150474036.8389, pkt_dequeue_time=2010150474036.8389, forwarded_or_dropped=1, reason_for_drop='Expiry'
DUPE: 2007153073070_Node0_Node8_Zero, Node6 id 2007153073070_Node0_Node8_Zero was a dupe; retransmit: 0, pkt_enqueue_time=2010157704041.7485, pkt_dequeue_time=2010157704041.7485, forwarded_or_dropped=1, reason_for_drop='Expiry'
DUPE: 2007158537783_Node0_Node8_Zero, Node6 id 2007158537783_Node0_Node8_Zero was a dupe; retransmit: 0, pkt_enqueue_time=2010163383005.3848, pkt_dequeue_time=2010163383005.3848, forwarded_or_dropped=1, reason_for_drop='Expiry'
DUPE: 2007164000911_Node0_Node8_Zero, Node6 id 2007164000911_Node0_Node8_Zero was a dupe; retransmit: 0, pkt_enqueue_time=2010165362659.9302, pkt_dequeue_time=2010165362659.9302, forwarded_or_dropped=1, reason_for_drop='Expiry'
DUPE: 2007174924472_Node0_Node8_Zero, Node6 id 2007174924472_Node0_Node8_Zero was a dupe; retransmit: 0, pkt_enqueue_time=2010193551391.8394, pkt_dequeue_time=2010193551391.8394, forwarded_or_dropped=1, reason_for_drop='Expiry'
DUPE: 2007185851618_Node0_Node8_Zero, Node6 id 2007185851618_Node0_Node8_Zero was a dupe; retransmit: 0, pkt_enqueue_time=2010198391700.9302, pkt_dequeue_time=2010198391700.9302, forwarded_or_dropped=1, reason_for_drop='Expiry'
DUPE: 2007147603606_Node0_Node8_Zero, Node6 id 2007147603606_Node0_Node8_Zero was a dupe; retransmit: 0, pkt_enqueue_time=2010200947355.4756, pkt_dequeue_time=2010200947355.4756, forwarded_or_dropped=1, reason_for_drop='Expiry'
DUPE: 2007191318234_Node0_Node8_Zero, Node6 id 2007191318234_Node0_Node8_Zero was a dupe; retransmit: 0, pkt_enqueue_time=2010203627010.021, pkt_dequeue_time=2010203627010.021, forwarded_or_dropped=1, reason_for_drop='Expiry'
DUPE: 2007207699331_Node0_Node8_Zero, Node6 id 2007207699331_Node0_Node8_Zero was a dupe; retransmit: 0, pkt_enqueue_time=2010210101797.6572, pkt_dequeue_time=2010210101797.6572, forwarded_or_dropped=1, reason_for_drop='Expiry'
DUPE: 2007202239509_Node0_Node8_Zero, Node6 id 2007202239509_Node0_Node8_Zero was a dupe; retransmit: 0, pkt_enqueue_time=2010217287766.567, pkt_dequeue_time=2010217287766.567, forwarded_or_dropped=1, reason_for_drop='Expiry'
DUPE: 2007256873144_Node0_Node8_Zero, Node6 id 2007256873144_Node0_Node8_Zero was a dupe; retransmit: 0, pkt_enqueue_time=2010259679460.748, pkt_dequeue_time=2010259679460.748, forwarded_or_dropped=1, reason_for_drop='Expiry'
DUPE: 2007262340796_Node0_Node8_Zero, Node6 id 2007262340796_Node0_Node8_Zero was a dupe; retransmit: 0, pkt_enqueue_time=2010272263610.475, pkt_dequeue_time=2010272263610.475, forwarded_or_dropped=1, reason_for_drop='Expiry'
DUPE: 2007284191632_Node0_Node8_Zero, Node6 id 2007284191632_Node0_Node8_Zero was a dupe; retransmit: 0, pkt_enqueue_time=2010292133529.2021, pkt_dequeue_time=2010292133529.2021, forwarded_or_dropped=1, reason_for_drop='Expiry'
DUPE: 2007235021690_Node0_Node8_Zero, Node6 id 2007235021690_Node0_Node8_Zero was a dupe; retransmit: 0, pkt_enqueue_time=2010294422183.7476, pkt_dequeue_time=2010294422183.7476, forwarded_or_dropped=1, reason_for_drop='Expiry'
DUPE: 2007245950879_Node0_Node8_Zero, Node6 id 2007245950879_Node0_Node8_Zero was a dupe; retransmit: 0, pkt_enqueue_time=2010296741838.293, pkt_dequeue_time=2010296741838.293, forwarded_or_dropped=1, reason_for_drop='Expiry'
DUPE: 2007289658678_Node0_Node8_Zero, Node6 id 2007289658678_Node0_Node8_Zero was a dupe; retransmit: 0, pkt_enqueue_time=2010299833251.8384, pkt_dequeue_time=2010299833251.8384, forwarded_or_dropped=1, reason_for_drop='Expiry'
DUPE: 2007327902817_Node0_Node8_Zero, Node6 id 2007327902817_Node0_Node8_Zero was a dupe; retransmit: 0, pkt_enqueue_time=2010354200246.5647, pkt_dequeue_time=2010354200246.5647, forwarded_or_dropped=1, reason_for_drop='Expiry'
DUPE: 2007316974473_Node0_Node8_Zero, Node6 id 2007316974473_Node0_Node8_Zero was a dupe; retransmit: 0, pkt_enqueue_time=2010358599555.6555, pkt_dequeue_time=2010358599555.6555, forwarded_or_dropped=1, reason_for_drop='Expiry'
DUPE: 2007295121307_Node0_Node8_Zero, Node6 id 2007295121307_Node0_Node8_Zero was a dupe; retransmit: 0, pkt_enqueue_time=2010366212274.7463, pkt_dequeue_time=2010366212274.7463, forwarded_or_dropped=1, reason_for_drop='Expiry'
DUPE: 2007355219521_Node0_Node8_Zero, Node6 id 2007355219521_Node0_Node8_Zero was a dupe; retransmit: 0, pkt_enqueue_time=2010368671929.2917, pkt_dequeue_time=2010368671929.2917, forwarded_or_dropped=1, reason_for_drop='Expiry'
DUPE: 2007311511637_Node0_Node8_Zero, Node6 id 2007311511637_Node0_Node8_Zero was a dupe; retransmit: 0, pkt_enqueue_time=2010375718110.3826, pkt_dequeue_time=2010375718110.3826, forwarded_or_dropped=1, reason_for_drop='Expiry'
DUPE: 2007338826368_Node0_Node8_Zero, Node6 id 2007338826368_Node0_Node8_Zero was a dupe; retransmit: 0, pkt_enqueue_time=2010378357764.928, pkt_dequeue_time=2010378357764.928, forwarded_or_dropped=1, reason_for_drop='Expiry'
DUPE: 2007278727743_Node0_Node8_Zero, Node6 id 2007278727743_Node0_Node8_Zero was a dupe; retransmit: 0, pkt_enqueue_time=2010381017419.4734, pkt_dequeue_time=2010381017419.4734, forwarded_or_dropped=1, reason_for_drop='Expiry'
DUPE: 2007300582164_Node0_Node8_Zero, Node6 id 2007300582164_Node0_Node8_Zero was a dupe; retransmit: 0, pkt_enqueue_time=2010383718074.0188, pkt_dequeue_time=2010383718074.0188, forwarded_or_dropped=1, reason_for_drop='Expiry'
DUPE: 2007267802506_Node0_Node8_Zero, Node6 id 2007267802506_Node0_Node8_Zero was a dupe; retransmit: 0, pkt_enqueue_time=2010386511728.5642, pkt_dequeue_time=2010386511728.5642, forwarded_or_dropped=1, reason_for_drop='Expiry'
DUPE: 2007322440954_Node0_Node8_Zero, Node6 id 2007322440954_Node0_Node8_Zero was a dupe; retransmit: 0, pkt_enqueue_time=2010390625424.1096, pkt_dequeue_time=2010390625424.1096, forwarded_or_dropped=1, reason_for_drop='Expiry'
DUPE: 2007360682963_Node0_Node8_Zero, Node6 id 2007360682963_Node0_Node8_Zero was a dupe; retransmit: 0, pkt_enqueue_time=2010393454078.655, pkt_dequeue_time=2010393454078.655, forwarded_or_dropped=1, reason_for_drop='Expiry'
DUPE: 2007377082650_Node0_Node8_Zero, Node6 id 2007377082650_Node0_Node8_Zero was a dupe; retransmit: 0, pkt_enqueue_time=2010399500259.7458, pkt_dequeue_time=2010399500259.7458, forwarded_or_dropped=1, reason_for_drop='Expiry'
Node.py: (Node0)@2010400000000.0: Updated MCS from 0 to 0, hist=deque([4.328767123287672, 3.9452054794520546, 0.7534246575342466, 0.1506849315068493, 0.0], maxlen=5), packets_serviced=0, packets_received=1
Called Update: UpdateRouteCalls = 0, force = False
Called Update: UpdateRouteCalls = 1, force = False
Node.py: (Node2)@2010400000000.0: Updated MCS from 3 to 3, hist=deque([0.7090301003344481, 1.2568493150684932, 0.5842696629213483, 0.38461538461538464, 0.16666666666666666], maxlen=5), packets_serviced=1, packets_received=6
Called Update: UpdateRouteCalls = 2, force = False
Called Update: UpdateRouteCalls = 3, force = False
Node.py: (Node4)@2010400000000.0: Updated MCS from 0 to 0, hist=deque([0.0, 0.0, 1.1272727272727272, 7.7, 69.0], maxlen=5), packets_serviced=69, packets_received=1
Called Update: UpdateRouteCalls = 4, force = False
Called Update: UpdateRouteCalls = 5, force = False
Node.py: (Node6)@2010400000000.0: Updated MCS from 3 to 3, hist=deque([0.4015151515151515, 0.0, 0.3465346534653465, 0.4264705882352941, 0.3860759493670886], maxlen=5), packets_serviced=61, packets_received=158
Called Update: UpdateRouteCalls = 6, force = False
Called Update: UpdateRouteCalls = 7, force = False
Called Update: UpdateRouteCalls = 8, force = False
Called Update: UpdateRouteCalls = 9, force = False
!! UPDATING !!
routeNo, updatedMCSIndex =  0 [0, 3, 0, 3]
DUPE: 2007415346810_Node0_Node8_Zero, Node6 id 2007415346810_Node0_Node8_Zero was a dupe; retransmit: 0, pkt_enqueue_time=2010424345765.5637, pkt_dequeue_time=2010424345765.5637, forwarded_or_dropped=1, reason_for_drop='Expiry'
DUPE: 2007409882797_Node0_Node8_Zero, Node6 id 2007409882797_Node0_Node8_Zero was a dupe; retransmit: 0, pkt_enqueue_time=2010426416420.1091, pkt_dequeue_time=2010426416420.1091, forwarded_or_dropped=1, reason_for_drop='Expiry'
DUPE: 2007420815945_Node0_Node8_Zero, Node6 id 2007420815945_Node0_Node8_Zero was a dupe; retransmit: 0, pkt_enqueue_time=2010428496074.6545, pkt_dequeue_time=2010428496074.6545, forwarded_or_dropped=1, reason_for_drop='Expiry'
DUPE: 2007431736596_Node0_Node8_Zero, Node6 id 2007431736596_Node0_Node8_Zero was a dupe; retransmit: 0, pkt_enqueue_time=2010438699001.8362, pkt_dequeue_time=2010438699001.8362, forwarded_or_dropped=1, reason_for_drop='Expiry'
DUPE: 2007442670248_Node0_Node8_Zero, Node6 id 2007442670248_Node0_Node8_Zero was a dupe; retransmit: 0, pkt_enqueue_time=2010445980006.927, pkt_dequeue_time=2010445980006.927, forwarded_or_dropped=1, reason_for_drop='Expiry'
DUPE: 2007448130446_Node0_Node8_Zero, Node6 id 2007448130446_Node0_Node8_Zero was a dupe; retransmit: 0, pkt_enqueue_time=2010448364661.4724, pkt_dequeue_time=2010448364661.4724, forwarded_or_dropped=1, reason_for_drop='Expiry'
DUPE: 2007448130446_Node0_Node8_Zero, Node6 id 2007448130446_Node0_Node8_Zero was a dupe; retransmit: 0, pkt_enqueue_time=2010450671533.4724, pkt_dequeue_time=2010450671533.4724, forwarded_or_dropped=1, reason_for_drop='Expiry'
DUPE: 2007469986840_Node0_Node8_Zero, Node6 id 2007469986840_Node0_Node8_Zero was a dupe; retransmit: 0, pkt_enqueue_time=2010471200109.2903, pkt_dequeue_time=2010471200109.2903, forwarded_or_dropped=1, reason_for_drop='Expiry'
DUPE: 2007464517706_Node0_Node8_Zero, Node6 id 2007464517706_Node0_Node8_Zero was a dupe; retransmit: 0, pkt_enqueue_time=2010475264418.381, pkt_dequeue_time=2010475264418.381, forwarded_or_dropped=1, reason_for_drop='Expiry'
DUPE: 2005579312347_Node0_Node8_Zero, Node2 id 2005579312347_Node0_Node8_Zero was a dupe; retransmit: 0, pkt_enqueue_time=2010478319554.6565, pkt_dequeue_time=2010478319554.6565, forwarded_or_dropped=1, reason_for_drop='Expiry'
DUPE: 2007502784959_Node0_Node8_Zero, Node6 id 2007502784959_Node0_Node8_Zero was a dupe; retransmit: 0, pkt_enqueue_time=2010505051278.1987, pkt_dequeue_time=2010505051278.1987, forwarded_or_dropped=1, reason_for_drop='Expiry'
DUPE: 2007497319400_Node0_Node8_Zero, Node6 id 2007497319400_Node0_Node8_Zero was a dupe; retransmit: 0, pkt_enqueue_time=2010543360926.8345, pkt_dequeue_time=2010543360926.8345, forwarded_or_dropped=1, reason_for_drop='Expiry'
DUPE: 2007459054713_Node0_Node8_Zero, Node6 id 2007459054713_Node0_Node8_Zero was a dupe; retransmit: 0, pkt_enqueue_time=2010545600581.38, pkt_dequeue_time=2010545600581.38, forwarded_or_dropped=1, reason_for_drop='Expiry'
DUPE: 2007475454935_Node0_Node8_Zero, Node6 id 2007475454935_Node0_Node8_Zero was a dupe; retransmit: 0, pkt_enqueue_time=2010547969235.9253, pkt_dequeue_time=2010547969235.9253, forwarded_or_dropped=1, reason_for_drop='Expiry'
DUPE: 2007508246378_Node0_Node8_Zero, Node6 id 2007508246378_Node0_Node8_Zero was a dupe; retransmit: 0, pkt_enqueue_time=2010550348890.4707, pkt_dequeue_time=2010550348890.4707, forwarded_or_dropped=1, reason_for_drop='Expiry'
DUPE: 2007437202791_Node0_Node8_Zero, Node6 id 2007437202791_Node0_Node8_Zero was a dupe; retransmit: 0, pkt_enqueue_time=2010554085033.016, pkt_dequeue_time=2010554085033.016, forwarded_or_dropped=1, reason_for_drop='Expiry'
DUPE: 2007513706938_Node0_Node8_Zero, Node6 id 2007513706938_Node0_Node8_Zero was a dupe; retransmit: 0, pkt_enqueue_time=2010556504687.5615, pkt_dequeue_time=2010556504687.5615, forwarded_or_dropped=1, reason_for_drop='Expiry'
DUPE: 2007426275660_Node0_Node8_Zero, Node6 id 2007426275660_Node0_Node8_Zero was a dupe; retransmit: 0, pkt_enqueue_time=2010558944342.107, pkt_dequeue_time=2010558944342.107, forwarded_or_dropped=1, reason_for_drop='Expiry'
DUPE: 2007524636622_Node0_Node8_Zero, Node6 id 2007524636622_Node0_Node8_Zero was a dupe; retransmit: 0, pkt_enqueue_time=2010561461996.6523, pkt_dequeue_time=2010561461996.6523, forwarded_or_dropped=1, reason_for_drop='Expiry'
DUPE: 2007557431488_Node0_Node8_Zero, Node6 id 2007557431488_Node0_Node8_Zero was a dupe; retransmit: 0, pkt_enqueue_time=2010572636587.834, pkt_dequeue_time=2010572636587.834, forwarded_or_dropped=1, reason_for_drop='Expiry'
DUPE: 2007584760415_Node0_Node8_Zero, Node6 id 2007584760415_Node0_Node8_Zero was a dupe; retransmit: 0, pkt_enqueue_time=2010591958181.652, pkt_dequeue_time=2010591958181.652, forwarded_or_dropped=1, reason_for_drop='Expiry'
DUPE: 2007595692044_Node0_Node8_Zero, Node6 id 2007595692044_Node0_Node8_Zero was a dupe; retransmit: 0, pkt_enqueue_time=2010598691969.561, pkt_dequeue_time=2010598691969.561, forwarded_or_dropped=1, reason_for_drop='Expiry'
DUPE: 2007617547370_Node0_Node8_Zero, Node6 id 2007617547370_Node0_Node8_Zero was a dupe; retransmit: 0, pkt_enqueue_time=2010623300380.6516, pkt_dequeue_time=2010623300380.6516, forwarded_or_dropped=1, reason_for_drop='Expiry'
DUPE: 2007786923882_Node0_Node8_Zero, Node6 id 2007786923882_Node0_Node8_Zero was a dupe; retransmit: 0, pkt_enqueue_time=2010794275267.1042, pkt_dequeue_time=2010794275267.1042, forwarded_or_dropped=1, reason_for_drop='Expiry'
DUPE: 2007688570165_Node0_Node8_Zero, Node6 id 2007688570165_Node0_Node8_Zero was a dupe; retransmit: 0, pkt_enqueue_time=2010796434921.6497, pkt_dequeue_time=2010796434921.6497, forwarded_or_dropped=1, reason_for_drop='Expiry'
DUPE: 2007666713874_Node0_Node8_Zero, Node6 id 2007666713874_Node0_Node8_Zero was a dupe; retransmit: 0, pkt_enqueue_time=2010798594576.195, pkt_dequeue_time=2010798594576.195, forwarded_or_dropped=1, reason_for_drop='Expiry'
Called Update: UpdateRouteCalls = 0, force = False
Called Update: UpdateRouteCalls = 1, force = False
Node.py: (Node2)@2010800000000.0: Updated MCS from 3 to 3, hist=deque([1.2568493150684932, 0.5842696629213483, 0.38461538461538464, 0.16666666666666666, 0.09090909090909091], maxlen=5), packets_serviced=1, packets_received=11
Called Update: UpdateRouteCalls = 2, force = False
Called Update: UpdateRouteCalls = 3, force = False
Node.py: (Node4)@2010800000000.0: Updated MCS from 0 to 0, hist=deque([0.0, 1.1272727272727272, 7.7, 69.0, 85.0], maxlen=5), packets_serviced=85, packets_received=1
Called Update: UpdateRouteCalls = 4, force = False
Called Update: UpdateRouteCalls = 5, force = False
Node.py: (Node6)@2010800000000.0: Updated MCS from 3 to 3, hist=deque([0.0, 0.3465346534653465, 0.4264705882352941, 0.3860759493670886, 0.5133333333333333], maxlen=5), packets_serviced=77, packets_received=150
Called Update: UpdateRouteCalls = 6, force = False
Called Update: UpdateRouteCalls = 7, force = False
Called Update: UpdateRouteCalls = 8, force = False
Called Update: UpdateRouteCalls = 9, force = False
!! UPDATING !!
routeNo, updatedMCSIndex =  0 [0, 3, 0, 3]
DUPE: 2007737749392_Node0_Node8_Zero, Node6 id 2007737749392_Node0_Node8_Zero was a dupe; retransmit: 0, pkt_enqueue_time=2010800780230.7405, pkt_dequeue_time=2010800780230.7405, forwarded_or_dropped=1, reason_for_drop='Expiry'
DUPE: 2007612086438_Node0_Node8_Zero, Node6 id 2007612086438_Node0_Node8_Zero was a dupe; retransmit: 0, pkt_enqueue_time=2010802993885.286, pkt_dequeue_time=2010802993885.286, forwarded_or_dropped=1, reason_for_drop='Expiry'
DUPE: 2007726820760_Node0_Node8_Zero, Node6 id 2007726820760_Node0_Node8_Zero was a dupe; retransmit: 0, pkt_enqueue_time=2010805213539.8313, pkt_dequeue_time=2010805213539.8313, forwarded_or_dropped=1, reason_for_drop='Expiry'
DUPE: 2007715889527_Node0_Node8_Zero, Node6 id 2007715889527_Node0_Node8_Zero was a dupe; retransmit: 0, pkt_enqueue_time=2010807433194.3767, pkt_dequeue_time=2010807433194.3767, forwarded_or_dropped=1, reason_for_drop='Expiry'
DUPE: 2007704959043_Node0_Node8_Zero, Node6 id 2007704959043_Node0_Node8_Zero was a dupe; retransmit: 0, pkt_enqueue_time=2010809672848.922, pkt_dequeue_time=2010809672848.922, forwarded_or_dropped=1, reason_for_drop='Expiry'
DUPE: 2007606618149_Node0_Node8_Zero, Node6 id 2007606618149_Node0_Node8_Zero was a dupe; retransmit: 0, pkt_enqueue_time=2010811912503.4675, pkt_dequeue_time=2010811912503.4675, forwarded_or_dropped=1, reason_for_drop='Expiry'
DUPE: 2007781454563_Node0_Node8_Zero, Node6 id 2007781454563_Node0_Node8_Zero was a dupe; retransmit: 0, pkt_enqueue_time=2010818631467.1038, pkt_dequeue_time=2010818631467.1038, forwarded_or_dropped=1, reason_for_drop='Expiry'
DUPE: 2007792390503_Node0_Node8_Zero, Node6 id 2007792390503_Node0_Node8_Zero was a dupe; retransmit: 0, pkt_enqueue_time=2010820885121.6492, pkt_dequeue_time=2010820885121.6492, forwarded_or_dropped=1, reason_for_drop='Expiry'
DUPE: 2007803321942_Node0_Node8_Zero, Node6 id 2007803321942_Node0_Node8_Zero was a dupe; retransmit: 0, pkt_enqueue_time=2010825404430.74, pkt_dequeue_time=2010825404430.74, forwarded_or_dropped=1, reason_for_drop='Expiry'
DUPE: 2007819718346_Node0_Node8_Zero, Node6 id 2007819718346_Node0_Node8_Zero was a dupe; retransmit: 0, pkt_enqueue_time=2010830022739.8308, pkt_dequeue_time=2010830022739.8308, forwarded_or_dropped=1, reason_for_drop='Expiry'
DUPE: 2007814248959_Node0_Node8_Zero, Node6 id 2007814248959_Node0_Node8_Zero was a dupe; retransmit: 0, pkt_enqueue_time=2010839336358.0125, pkt_dequeue_time=2010839336358.0125, forwarded_or_dropped=1, reason_for_drop='Expiry'
DUPE: 2007694029929_Node0_Node8_Zero, Node6 id 2007694029929_Node0_Node8_Zero was a dupe; retransmit: 0, pkt_enqueue_time=2010841676012.5579, pkt_dequeue_time=2010841676012.5579, forwarded_or_dropped=1, reason_for_drop='Expiry'
DUPE: 2007672177378_Node0_Node8_Zero, Node6 id 2007672177378_Node0_Node8_Zero was a dupe; retransmit: 0, pkt_enqueue_time=2010844015667.1033, pkt_dequeue_time=2010844015667.1033, forwarded_or_dropped=1, reason_for_drop='Expiry'
DUPE: 2007808786075_Node0_Node8_Zero, Node6 id 2007808786075_Node0_Node8_Zero was a dupe; retransmit: 0, pkt_enqueue_time=2010846375321.6487, pkt_dequeue_time=2010846375321.6487, forwarded_or_dropped=1, reason_for_drop='Expiry'
DUPE: 2007759600294_Node0_Node8_Zero, Node6 id 2007759600294_Node0_Node8_Zero was a dupe; retransmit: 0, pkt_enqueue_time=2010849487578.194, pkt_dequeue_time=2010849487578.194, forwarded_or_dropped=1, reason_for_drop='Expiry'
DUPE: 2007743218631_Node0_Node8_Zero, Node6 id 2007743218631_Node0_Node8_Zero was a dupe; retransmit: 0, pkt_enqueue_time=2010851847232.7395, pkt_dequeue_time=2010851847232.7395, forwarded_or_dropped=1, reason_for_drop='Expiry'
DUPE: 2007683104627_Node0_Node8_Zero, Node6 id 2007683104627_Node0_Node8_Zero was a dupe; retransmit: 0, pkt_enqueue_time=2010854206887.285, pkt_dequeue_time=2010854206887.285, forwarded_or_dropped=1, reason_for_drop='Expiry'
DUPE: 2007655788563_Node0_Node8_Zero, Node6 id 2007655788563_Node0_Node8_Zero was a dupe; retransmit: 0, pkt_enqueue_time=2010856626541.8303, pkt_dequeue_time=2010856626541.8303, forwarded_or_dropped=1, reason_for_drop='Expiry'
DUPE: 2007623015633_Node0_Node8_Zero, Node6 id 2007623015633_Node0_Node8_Zero was a dupe; retransmit: 0, pkt_enqueue_time=2010859046196.3757, pkt_dequeue_time=2010859046196.3757, forwarded_or_dropped=1, reason_for_drop='Expiry'
DUPE: 2007754137936_Node0_Node8_Zero, Node6 id 2007754137936_Node0_Node8_Zero was a dupe; retransmit: 0, pkt_enqueue_time=2010861465850.9211, pkt_dequeue_time=2010861465850.9211, forwarded_or_dropped=1, reason_for_drop='Expiry'
DUPE: 2007644866611_Node0_Node8_Zero, Node6 id 2007644866611_Node0_Node8_Zero was a dupe; retransmit: 0, pkt_enqueue_time=2010863905505.4666, pkt_dequeue_time=2010863905505.4666, forwarded_or_dropped=1, reason_for_drop='Expiry'
DUPE: 2007857966672_Node0_Node8_Zero, Node6 id 2007857966672_Node0_Node8_Zero was a dupe; retransmit: 0, pkt_enqueue_time=2010866365160.012, pkt_dequeue_time=2010866365160.012, forwarded_or_dropped=1, reason_for_drop='Expiry'
DUPE: 2007721355259_Node0_Node8_Zero, Node6 id 2007721355259_Node0_Node8_Zero was a dupe; retransmit: 0, pkt_enqueue_time=2010871561760.012, pkt_dequeue_time=2010871561760.012, forwarded_or_dropped=1, reason_for_drop='Expiry'
DUPE: 2007879831754_Node0_Node8_Zero, Node6 id 2007879831754_Node0_Node8_Zero was a dupe; retransmit: 0, pkt_enqueue_time=2010879980194.921, pkt_dequeue_time=2010879980194.921, forwarded_or_dropped=1, reason_for_drop='Expiry'
DUPE: 2007874371414_Node0_Node8_Zero, Node6 id 2007874371414_Node0_Node8_Zero was a dupe; retransmit: 0, pkt_enqueue_time=2010883163168.4663, pkt_dequeue_time=2010883163168.4663, forwarded_or_dropped=1, reason_for_drop='Expiry'
DUPE: 2007879831754_Node0_Node8_Zero, Node6 id 2007879831754_Node0_Node8_Zero was a dupe; retransmit: 0, pkt_enqueue_time=2010892097733.648, pkt_dequeue_time=2010892097733.648, forwarded_or_dropped=1, reason_for_drop='Expiry'
DUPE: 2007896226527_Node0_Node8_Zero, Node6 id 2007896226527_Node0_Node8_Zero was a dupe; retransmit: 0, pkt_enqueue_time=2010901773446.2842, pkt_dequeue_time=2010901773446.2842, forwarded_or_dropped=1, reason_for_drop='Expiry'
DUPE: 2007912613974_Node0_Node8_Zero, Node6 id 2007912613974_Node0_Node8_Zero was a dupe; retransmit: 0, pkt_enqueue_time=2010914470246.4658, pkt_dequeue_time=2010914470246.4658, forwarded_or_dropped=1, reason_for_drop='Expiry'
DUPE: 2007918079108_Node0_Node8_Zero, Node6 id 2007918079108_Node0_Node8_Zero was a dupe; retransmit: 0, pkt_enqueue_time=2010918799210.0112, pkt_dequeue_time=2010918799210.0112, forwarded_or_dropped=1, reason_for_drop='Expiry'
DUPE: 2007918079108_Node0_Node8_Zero, Node6 id 2007918079108_Node0_Node8_Zero was a dupe; retransmit: 0, pkt_enqueue_time=2010920906082.0112, pkt_dequeue_time=2010920906082.0112, forwarded_or_dropped=1, reason_for_drop='Expiry'
DUPE: 2007901686158_Node0_Node8_Zero, Node6 id 2007901686158_Node0_Node8_Zero was a dupe; retransmit: 0, pkt_enqueue_time=2010923153736.5566, pkt_dequeue_time=2010923153736.5566, forwarded_or_dropped=1, reason_for_drop='Expiry'
DUPE: 2007923543791_Node0_Node8_Zero, Node6 id 2007923543791_Node0_Node8_Zero was a dupe; retransmit: 0, pkt_enqueue_time=2010926185880.102, pkt_dequeue_time=2010926185880.102, forwarded_or_dropped=1, reason_for_drop='Expiry'
DUPE: 2007929007846_Node0_Node8_Zero, Node6 id 2007929007846_Node0_Node8_Zero was a dupe; retransmit: 0, pkt_enqueue_time=2010933037885.1929, pkt_dequeue_time=2010933037885.1929, forwarded_or_dropped=1, reason_for_drop='Expiry'
DUPE: 2007934472901_Node0_Node8_Zero, Node6 id 2007934472901_Node0_Node8_Zero was a dupe; retransmit: 0, pkt_enqueue_time=2010947183215.3745, pkt_dequeue_time=2010947183215.3745, forwarded_or_dropped=1, reason_for_drop='Expiry'
DUPE: 2007967270432_Node0_Node8_Zero, Node6 id 2007967270432_Node0_Node8_Zero was a dupe; retransmit: 0, pkt_enqueue_time=2010969233500.0105, pkt_dequeue_time=2010969233500.0105, forwarded_or_dropped=1, reason_for_drop='Expiry'
main.py: Progress: 2011 / 2014
Called Update: UpdateRouteCalls = 0, force = True
!! UPDATING !!
routeNo, updatedMCSIndex =  0 [0, 3, 0, 3]

rf.py: Time: 2011 Route details: {0: {'Route': [0, 2, 4, 6, 8], 'MCS_Index': [0, 3, 0, 3], 'Priority': 1, 'ValidRoute': True, 'HQRoute': True, 'RouteNodeDensity': [1, 2, 2, 2, 1], 'InterferingLinks': 8, 'Target': (-1, -1)}}
DUPE: 2008000067840_Node0_Node8_Zero, Node6 id 2008000067840_Node0_Node8_Zero was a dupe; retransmit: 0, pkt_enqueue_time=2011011897680.101, pkt_dequeue_time=2011011897680.101, forwarded_or_dropped=1, reason_for_drop='Expiry'
DUPE: 2007994602311_Node0_Node8_Zero, Node6 id 2007994602311_Node0_Node8_Zero was a dupe; retransmit: 0, pkt_enqueue_time=2011014911494.6465, pkt_dequeue_time=2011014911494.6465, forwarded_or_dropped=1, reason_for_drop='Expiry'
DUPE: 2007983673664_Node0_Node8_Zero, Node6 id 2007983673664_Node0_Node8_Zero was a dupe; retransmit: 0, pkt_enqueue_time=2011017670440.101, pkt_dequeue_time=2011017670440.101, forwarded_or_dropped=1, reason_for_drop='Expiry'
DUPE: 2007972737461_Node0_Node8_Zero, Node6 id 2007972737461_Node0_Node8_Zero was a dupe; retransmit: 0, pkt_enqueue_time=2011019930094.6465, pkt_dequeue_time=2011019930094.6465, forwarded_or_dropped=1, reason_for_drop='Expiry'
DUPE: 2007885299221_Node0_Node8_Zero, Node6 id 2007885299221_Node0_Node8_Zero was a dupe; retransmit: 0, pkt_enqueue_time=2011023289331.0103, pkt_dequeue_time=2011023289331.0103, forwarded_or_dropped=1, reason_for_drop='Expiry'
DUPE: 2007945403953_Node0_Node8_Zero, Node6 id 2007945403953_Node0_Node8_Zero was a dupe; retransmit: 0, pkt_enqueue_time=2011026461218.5557, pkt_dequeue_time=2011026461218.5557, forwarded_or_dropped=1, reason_for_drop='Expiry'
DUPE: 2008010996099_Node0_Node8_Zero, Node6 id 2008010996099_Node0_Node8_Zero was a dupe; retransmit: 0, pkt_enqueue_time=2011028886873.101, pkt_dequeue_time=2011028886873.101, forwarded_or_dropped=1, reason_for_drop='Expiry'
DUPE: 2007590223082_Node0_Node8_Zero, Node6 id 2007590223082_Node0_Node8_Zero was a dupe; retransmit: 0, pkt_enqueue_time=2011032294036.0103, pkt_dequeue_time=2011032294036.0103, forwarded_or_dropped=1, reason_for_drop='Expiry'
DUPE: 2007748678330_Node0_Node8_Zero, Node6 id 2007748678330_Node0_Node8_Zero was a dupe; retransmit: 0, pkt_enqueue_time=2011034773690.5557, pkt_dequeue_time=2011034773690.5557, forwarded_or_dropped=1, reason_for_drop='Expiry'
DUPE: 2007825186367_Node0_Node8_Zero, Node6 id 2007825186367_Node0_Node8_Zero was a dupe; retransmit: 0, pkt_enqueue_time=2011038092636.0103, pkt_dequeue_time=2011038092636.0103, forwarded_or_dropped=1, reason_for_drop='Expiry'
DUPE: 2007661254360_Node0_Node8_Zero, Node6 id 2007661254360_Node0_Node8_Zero was a dupe; retransmit: 0, pkt_enqueue_time=2011040692290.5557, pkt_dequeue_time=2011040692290.5557, forwarded_or_dropped=1, reason_for_drop='Expiry'
DUPE: 2007601157040_Node0_Node8_Zero, Node6 id 2007601157040_Node0_Node8_Zero was a dupe; retransmit: 0, pkt_enqueue_time=2011043311945.101, pkt_dequeue_time=2011043311945.101, forwarded_or_dropped=1, reason_for_drop='Expiry'
DUPE: 2007650328235_Node0_Node8_Zero, Node6 id 2007650328235_Node0_Node8_Zero was a dupe; retransmit: 0, pkt_enqueue_time=2011046687558.6465, pkt_dequeue_time=2011046687558.6465, forwarded_or_dropped=1, reason_for_drop='Expiry'
DUPE: 2007480924383_Node0_Node8_Zero, Node6 id 2007480924383_Node0_Node8_Zero was a dupe; retransmit: 0, pkt_enqueue_time=2011050179431.192, pkt_dequeue_time=2011050179431.192, forwarded_or_dropped=1, reason_for_drop='Expiry'
DUPE: 2007961802402_Node0_Node8_Zero, Node6 id 2007961802402_Node0_Node8_Zero was a dupe; retransmit: 0, pkt_enqueue_time=2011052959085.7373, pkt_dequeue_time=2011052959085.7373, forwarded_or_dropped=1, reason_for_drop='Expiry'
DUPE: 2008027390507_Node0_Node8_Zero, Node6 id 2008027390507_Node0_Node8_Zero was a dupe; retransmit: 0, pkt_enqueue_time=2011057523210.192, pkt_dequeue_time=2011057523210.192, forwarded_or_dropped=1, reason_for_drop='Expiry'
DUPE: 2007841579832_Node0_Node8_Zero, Node6 id 2007841579832_Node0_Node8_Zero was a dupe; retransmit: 0, pkt_enqueue_time=2011070457224.7373, pkt_dequeue_time=2011070457224.7373, forwarded_or_dropped=1, reason_for_drop='Expiry'
DUPE: 2008076561662_Node0_Node8_Zero, Node6 id 2008076561662_Node0_Node8_Zero was a dupe; retransmit: 0, pkt_enqueue_time=2011086661107.1917, pkt_dequeue_time=2011086661107.1917, forwarded_or_dropped=1, reason_for_drop='Expiry'
DUPE: 2008082021215_Node0_Node8_Zero, Node6 id 2008082021215_Node0_Node8_Zero was a dupe; retransmit: 0, pkt_enqueue_time=2011088809761.737, pkt_dequeue_time=2011088809761.737, forwarded_or_dropped=1, reason_for_drop='Expiry'
DUPE: 2008092941671_Node0_Node8_Zero, Node6 id 2008092941671_Node0_Node8_Zero was a dupe; retransmit: 0, pkt_enqueue_time=2011093521867.1006, pkt_dequeue_time=2011093521867.1006, forwarded_or_dropped=1, reason_for_drop='Expiry'
DUPE: 2008114801300_Node0_Node8_Zero, Node6 id 2008114801300_Node0_Node8_Zero was a dupe; retransmit: 0, pkt_enqueue_time=2011116488858.1914, pkt_dequeue_time=2011116488858.1914, forwarded_or_dropped=1, reason_for_drop='Expiry'
DUPE: 2008109332709_Node0_Node8_Zero, Node6 id 2008109332709_Node0_Node8_Zero was a dupe; retransmit: 0, pkt_enqueue_time=2011121268167.2822, pkt_dequeue_time=2011121268167.2822, forwarded_or_dropped=1, reason_for_drop='Expiry'
DUPE: 2008092941671_Node0_Node8_Zero, Node6 id 2008092941671_Node0_Node8_Zero was a dupe; retransmit: 0, pkt_enqueue_time=2011126614795.373, pkt_dequeue_time=2011126614795.373, forwarded_or_dropped=1, reason_for_drop='Expiry'
DUPE: 2008125728173_Node0_Node8_Zero, Node6 id 2008125728173_Node0_Node8_Zero was a dupe; retransmit: 0, pkt_enqueue_time=2011128892449.9185, pkt_dequeue_time=2011128892449.9185, forwarded_or_dropped=1, reason_for_drop='Expiry'
DUPE: 2008131193184_Node0_Node8_Zero, Node6 id 2008131193184_Node0_Node8_Zero was a dupe; retransmit: 0, pkt_enqueue_time=2011143531208.6455, pkt_dequeue_time=2011143531208.6455, forwarded_or_dropped=1, reason_for_drop='Expiry'
DUPE: 2007579296114_Node0_Node8_Zero, Node6 id 2007579296114_Node0_Node8_Zero was a dupe; retransmit: 0, pkt_enqueue_time=2011158410341.3726, pkt_dequeue_time=2011158410341.3726, forwarded_or_dropped=1, reason_for_drop='Expiry'
DUPE: 2008005530030_Node0_Node8_Zero, Node6 id 2008005530030_Node0_Node8_Zero was a dupe; retransmit: 0, pkt_enqueue_time=2011161269995.918, pkt_dequeue_time=2011161269995.918, forwarded_or_dropped=1, reason_for_drop='Expiry'
DUPE: 2007847044748_Node0_Node8_Zero, Node6 id 2007847044748_Node0_Node8_Zero was a dupe; retransmit: 0, pkt_enqueue_time=2011164129650.4634, pkt_dequeue_time=2011164129650.4634, forwarded_or_dropped=1, reason_for_drop='Expiry'
DUPE: 2008136658929_Node0_Node8_Zero, Node6 id 2008136658929_Node0_Node8_Zero was a dupe; retransmit: 0, pkt_enqueue_time=2011167009305.0088, pkt_dequeue_time=2011167009305.0088, forwarded_or_dropped=1, reason_for_drop='Expiry'
DUPE: 2007131211412_Node0_Node8_Zero, Node6 id 2007131211412_Node0_Node8_Zero was a dupe; retransmit: 0, pkt_enqueue_time=2011169908959.5542, pkt_dequeue_time=2011169908959.5542, forwarded_or_dropped=1, reason_for_drop='Expiry'
DUPE: 2007939936365_Node0_Node8_Zero, Node6 id 2007939936365_Node0_Node8_Zero was a dupe; retransmit: 0, pkt_enqueue_time=2011172809614.0996, pkt_dequeue_time=2011172809614.0996, forwarded_or_dropped=1, reason_for_drop='Expiry'
DUPE: 2007306049916_Node0_Node8_Zero, Node6 id 2007306049916_Node0_Node8_Zero was a dupe; retransmit: 0, pkt_enqueue_time=2011175711268.645, pkt_dequeue_time=2011175711268.645, forwarded_or_dropped=1, reason_for_drop='Expiry'
DUPE: 2007677638765_Node0_Node8_Zero, Node6 id 2007677638765_Node0_Node8_Zero was a dupe; retransmit: 0, pkt_enqueue_time=2011181528577.7358, pkt_dequeue_time=2011181528577.7358, forwarded_or_dropped=1, reason_for_drop='Expiry'
DUPE: 2007333364024_Node0_Node8_Zero, Node6 id 2007333364024_Node0_Node8_Zero was a dupe; retransmit: 0, pkt_enqueue_time=2011185200513.2812, pkt_dequeue_time=2011185200513.2812, forwarded_or_dropped=1, reason_for_drop='Expiry'
DUPE: 2007775994523_Node0_Node8_Zero, Node6 id 2007775994523_Node0_Node8_Zero was a dupe; retransmit: 0, pkt_enqueue_time=2011188120167.8267, pkt_dequeue_time=2011188120167.8267, forwarded_or_dropped=1, reason_for_drop='Expiry'
DUPE: 2007273266378_Node0_Node8_Zero, Node6 id 2007273266378_Node0_Node8_Zero was a dupe; retransmit: 0, pkt_enqueue_time=2011191798385.372, pkt_dequeue_time=2011191798385.372, forwarded_or_dropped=1, reason_for_drop='Expiry'
DUPE: 2008142127935_Node0_Node8_Zero, Node6 id 2008142127935_Node0_Node8_Zero was a dupe; retransmit: 0, pkt_enqueue_time=2011195480038.9175, pkt_dequeue_time=2011195480038.9175, forwarded_or_dropped=1, reason_for_drop='Expiry'
Called Update: UpdateRouteCalls = 0, force = False
Called Update: UpdateRouteCalls = 1, force = False
Node.py: (Node2)@2011200000000.0: Updated MCS from 3 to 3, hist=deque([0.5842696629213483, 0.38461538461538464, 0.16666666666666666, 0.09090909090909091, 0.22727272727272727], maxlen=5), packets_serviced=10, packets_received=44
Called Update: UpdateRouteCalls = 2, force = False
Called Update: UpdateRouteCalls = 3, force = False
Node.py: (Node4)@2011200000000.0: Updated MCS from 0 to 0, hist=deque([1.1272727272727272, 7.7, 69.0, 85.0, 6.222222222222222], maxlen=5), packets_serviced=56, packets_received=9
Called Update: UpdateRouteCalls = 4, force = False
Called Update: UpdateRouteCalls = 5, force = False
Node.py: (Node6)@2011200000000.0: Updated MCS from 3 to 3, hist=deque([0.3465346534653465, 0.4264705882352941, 0.3860759493670886, 0.5133333333333333, 0.2733333333333333], maxlen=5), packets_serviced=41, packets_received=150
Called Update: UpdateRouteCalls = 6, force = False
Called Update: UpdateRouteCalls = 7, force = False
Called Update: UpdateRouteCalls = 8, force = False
Called Update: UpdateRouteCalls = 9, force = False
!! UPDATING !!
routeNo, updatedMCSIndex =  0 [0, 3, 0, 3]
DUPE: 2008147595830_Node0_Node8_Zero, Node6 id 2008147595830_Node0_Node8_Zero was a dupe; retransmit: 0, pkt_enqueue_time=2011205639964.0083, pkt_dequeue_time=2011205639964.0083, forwarded_or_dropped=1, reason_for_drop='Expiry'
DUPE: 2007950869629_Node0_Node8_Zero, Node6 id 2007950869629_Node0_Node8_Zero was a dupe; retransmit: 0, pkt_enqueue_time=2011217381843.372, pkt_dequeue_time=2011217381843.372, forwarded_or_dropped=1, reason_for_drop='Expiry'
DUPE: 2008218628755_Node0_Node8_Zero, Node6 id 2008218628755_Node0_Node8_Zero was a dupe; retransmit: 0, pkt_enqueue_time=2011223444807.0083, pkt_dequeue_time=2011223444807.0083, forwarded_or_dropped=1, reason_for_drop='Expiry'
DUPE: 2008224097876_Node0_Node8_Zero, Node6 id 2008224097876_Node0_Node8_Zero was a dupe; retransmit: 0, pkt_enqueue_time=2011226279779.5537, pkt_dequeue_time=2011226279779.5537, forwarded_or_dropped=1, reason_for_drop='Expiry'
DUPE: 2008229560313_Node0_Node8_Zero, Node6 id 2008229560313_Node0_Node8_Zero was a dupe; retransmit: 0, pkt_enqueue_time=2011237032331.008, pkt_dequeue_time=2011237032331.008, forwarded_or_dropped=1, reason_for_drop='Expiry'
DUPE: 2008235027415_Node0_Node8_Zero, Node6 id 2008235027415_Node0_Node8_Zero was a dupe; retransmit: 0, pkt_enqueue_time=2011240392128.5535, pkt_dequeue_time=2011240392128.5535, forwarded_or_dropped=1, reason_for_drop='Expiry'
DUPE: 2007114816875_Node0_Node8_Zero, Node6 id 2007114816875_Node0_Node8_Zero was a dupe; retransmit: 0, pkt_enqueue_time=2011245358655.0989, pkt_dequeue_time=2011245358655.0989, forwarded_or_dropped=1, reason_for_drop='Expiry'
DUPE: 2007836112950_Node0_Node8_Zero, Node6 id 2007836112950_Node0_Node8_Zero was a dupe; retransmit: 0, pkt_enqueue_time=2011250328964.1897, pkt_dequeue_time=2011250328964.1897, forwarded_or_dropped=1, reason_for_drop='Expiry'
DUPE: 2008256880497_Node0_Node8_Zero, Node6 id 2008256880497_Node0_Node8_Zero was a dupe; retransmit: 0, pkt_enqueue_time=2011261697171.3713, pkt_dequeue_time=2011261697171.3713, forwarded_or_dropped=1, reason_for_drop='Expiry'
DUPE: 2008262342611_Node0_Node8_Zero, Node6 id 2008262342611_Node0_Node8_Zero was a dupe; retransmit: 0, pkt_enqueue_time=2011263664825.9167, pkt_dequeue_time=2011263664825.9167, forwarded_or_dropped=1, reason_for_drop='Expiry'
DUPE: 2008251418099_Node0_Node8_Zero, Node6 id 2008251418099_Node0_Node8_Zero was a dupe; retransmit: 0, pkt_enqueue_time=2011265984480.4622, pkt_dequeue_time=2011265984480.4622, forwarded_or_dropped=1, reason_for_drop='Expiry'
DUPE: 2008267811339_Node0_Node8_Zero, Node6 id 2008267811339_Node0_Node8_Zero was a dupe; retransmit: 0, pkt_enqueue_time=2011272697240.0984, pkt_dequeue_time=2011272697240.0984, forwarded_or_dropped=1, reason_for_drop='Expiry'
DUPE: 2008273278303_Node0_Node8_Zero, Node6 id 2008273278303_Node0_Node8_Zero was a dupe; retransmit: 0, pkt_enqueue_time=2011275036894.6438, pkt_dequeue_time=2011275036894.6438, forwarded_or_dropped=1, reason_for_drop='Expiry'
DUPE: 2008278740724_Node0_Node8_Zero, Node6 id 2008278740724_Node0_Node8_Zero was a dupe; retransmit: 0, pkt_enqueue_time=2011288045690.0981, pkt_dequeue_time=2011288045690.0981, forwarded_or_dropped=1, reason_for_drop='Expiry'
DUPE: 2008284200413_Node0_Node8_Zero, Node6 id 2008284200413_Node0_Node8_Zero was a dupe; retransmit: 0, pkt_enqueue_time=2011293057795.189, pkt_dequeue_time=2011293057795.189, forwarded_or_dropped=1, reason_for_drop='Expiry'
DUPE: 2008289665475_Node0_Node8_Zero, Node6 id 2008289665475_Node0_Node8_Zero was a dupe; retransmit: 0, pkt_enqueue_time=2011295352449.7344, pkt_dequeue_time=2011295352449.7344, forwarded_or_dropped=1, reason_for_drop='Expiry'
DUPE: 2008295126475_Node0_Node8_Zero, Node6 id 2008295126475_Node0_Node8_Zero was a dupe; retransmit: 0, pkt_enqueue_time=2011299305758.8252, pkt_dequeue_time=2011299305758.8252, forwarded_or_dropped=1, reason_for_drop='Expiry'
DUPE: 2008300588822_Node0_Node8_Zero, Node6 id 2008300588822_Node0_Node8_Zero was a dupe; retransmit: 0, pkt_enqueue_time=2011304092328.916, pkt_dequeue_time=2011304092328.916, forwarded_or_dropped=1, reason_for_drop='Expiry'
DUPE: 2008311517343_Node0_Node8_Zero, Node6 id 2008311517343_Node0_Node8_Zero was a dupe; retransmit: 0, pkt_enqueue_time=2011314911731.2795, pkt_dequeue_time=2011314911731.2795, forwarded_or_dropped=1, reason_for_drop='Expiry'
DUPE: 2008327912562_Node0_Node8_Zero, Node6 id 2008327912562_Node0_Node8_Zero was a dupe; retransmit: 0, pkt_enqueue_time=2011329191970.0066, pkt_dequeue_time=2011329191970.0066, forwarded_or_dropped=1, reason_for_drop='Expiry'
DUPE: 2008333378631_Node0_Node8_Zero, Node6 id 2008333378631_Node0_Node8_Zero was a dupe; retransmit: 0, pkt_enqueue_time=2011333570279.0974, pkt_dequeue_time=2011333570279.0974, forwarded_or_dropped=1, reason_for_drop='Expiry'
DUPE: 2008306049361_Node0_Node8_Zero, Node6 id 2008306049361_Node0_Node8_Zero was a dupe; retransmit: 0, pkt_enqueue_time=2011338949906.1882, pkt_dequeue_time=2011338949906.1882, forwarded_or_dropped=1, reason_for_drop='Expiry'
DUPE: 2008338841295_Node0_Node8_Zero, Node6 id 2008338841295_Node0_Node8_Zero was a dupe; retransmit: 0, pkt_enqueue_time=2011341760560.7336, pkt_dequeue_time=2011341760560.7336, forwarded_or_dropped=1, reason_for_drop='Expiry'
DUPE: 2008344302216_Node0_Node8_Zero, Node6 id 2008344302216_Node0_Node8_Zero was a dupe; retransmit: 0, pkt_enqueue_time=2011346422307.8245, pkt_dequeue_time=2011346422307.8245, forwarded_or_dropped=1, reason_for_drop='Expiry'
DUPE: 2008355225564_Node0_Node8_Zero, Node6 id 2008355225564_Node0_Node8_Zero was a dupe; retransmit: 0, pkt_enqueue_time=2011367009838.6423, pkt_dequeue_time=2011367009838.6423, forwarded_or_dropped=1, reason_for_drop='Expiry'
DUPE: 2008349763337_Node0_Node8_Zero, Node6 id 2008349763337_Node0_Node8_Zero was a dupe; retransmit: 0, pkt_enqueue_time=2011369258493.1877, pkt_dequeue_time=2011369258493.1877, forwarded_or_dropped=1, reason_for_drop='Expiry'
DUPE: 2008371612091_Node0_Node8_Zero, Node6 id 2008371612091_Node0_Node8_Zero was a dupe; retransmit: 0, pkt_enqueue_time=2011376827499.2786, pkt_dequeue_time=2011376827499.2786, forwarded_or_dropped=1, reason_for_drop='Expiry'
DUPE: 2008360685335_Node0_Node8_Zero, Node6 id 2008360685335_Node0_Node8_Zero was a dupe; retransmit: 0, pkt_enqueue_time=2011379178153.824, pkt_dequeue_time=2011379178153.824, forwarded_or_dropped=1, reason_for_drop='Expiry'
DUPE: 2008382536377_Node0_Node8_Zero, Node6 id 2008382536377_Node0_Node8_Zero was a dupe; retransmit: 0, pkt_enqueue_time=2011382570099.2786, pkt_dequeue_time=2011382570099.2786, forwarded_or_dropped=1, reason_for_drop='Expiry'
DUPE: 2008393469634_Node0_Node8_Zero, Node6 id 2008393469634_Node0_Node8_Zero was a dupe; retransmit: 0, pkt_enqueue_time=2011411744585.4602, pkt_dequeue_time=2011411744585.4602, forwarded_or_dropped=1, reason_for_drop='Expiry'
DUPE: 2008415332819_Node0_Node8_Zero, Node6 id 2008415332819_Node0_Node8_Zero was a dupe; retransmit: 0, pkt_enqueue_time=2011431223148.3691, pkt_dequeue_time=2011431223148.3691, forwarded_or_dropped=1, reason_for_drop='Expiry'
DUPE: 2008459045440_Node0_Node8_Zero, Node6 id 2008459045440_Node0_Node8_Zero was a dupe; retransmit: 0, pkt_enqueue_time=2011484772678.4597, pkt_dequeue_time=2011484772678.4597, forwarded_or_dropped=1, reason_for_drop='Expiry'
DUPE: 2008475440902_Node0_Node8_Zero, Node6 id 2008475440902_Node0_Node8_Zero was a dupe; retransmit: 0, pkt_enqueue_time=2011489131987.5505, pkt_dequeue_time=2011489131987.5505, forwarded_or_dropped=1, reason_for_drop='Expiry'
DUPE: 2008442653206_Node0_Node8_Zero, Node6 id 2008442653206_Node0_Node8_Zero was a dupe; retransmit: 0, pkt_enqueue_time=2011493311296.6414, pkt_dequeue_time=2011493311296.6414, forwarded_or_dropped=1, reason_for_drop='Expiry'
DUPE: 2008486368300_Node0_Node8_Zero, Node6 id 2008486368300_Node0_Node8_Zero was a dupe; retransmit: 0, pkt_enqueue_time=2011496024242.096, pkt_dequeue_time=2011496024242.096, forwarded_or_dropped=1, reason_for_drop='Expiry'
DUPE: 2008497299081_Node0_Node8_Zero, Node6 id 2008497299081_Node0_Node8_Zero was a dupe; retransmit: 0, pkt_enqueue_time=2011498143896.6414, pkt_dequeue_time=2011498143896.6414, forwarded_or_dropped=1, reason_for_drop='Expiry'
DUPE: 2008480901674_Node0_Node8_Zero, Node6 id 2008480901674_Node0_Node8_Zero was a dupe; retransmit: 0, pkt_enqueue_time=2011500403551.1868, pkt_dequeue_time=2011500403551.1868, forwarded_or_dropped=1, reason_for_drop='Expiry'
DUPE: 2008448116344_Node0_Node8_Zero, Node6 id 2008448116344_Node0_Node8_Zero was a dupe; retransmit: 0, pkt_enqueue_time=2011503172496.6414, pkt_dequeue_time=2011503172496.6414, forwarded_or_dropped=1, reason_for_drop='Expiry'
DUPE: 2008404395699_Node0_Node8_Zero, Node6 id 2008404395699_Node0_Node8_Zero was a dupe; retransmit: 0, pkt_enqueue_time=2011505483151.1868, pkt_dequeue_time=2011505483151.1868, forwarded_or_dropped=1, reason_for_drop='Expiry'
DUPE: 2008431718448_Node0_Node8_Zero, Node6 id 2008431718448_Node0_Node8_Zero was a dupe; retransmit: 0, pkt_enqueue_time=2011507875805.7322, pkt_dequeue_time=2011507875805.7322, forwarded_or_dropped=1, reason_for_drop='Expiry'
DUPE: 2008508228583_Node0_Node8_Zero, Node6 id 2008508228583_Node0_Node8_Zero was a dupe; retransmit: 0, pkt_enqueue_time=2011510275460.2776, pkt_dequeue_time=2011510275460.2776, forwarded_or_dropped=1, reason_for_drop='Expiry'
DUPE: 2008409863968_Node0_Node8_Zero, Node6 id 2008409863968_Node0_Node8_Zero was a dupe; retransmit: 0, pkt_enqueue_time=2011516237304.823, pkt_dequeue_time=2011516237304.823, forwarded_or_dropped=1, reason_for_drop='Expiry'
DUPE: 2008519163244_Node0_Node8_Zero, Node6 id 2008519163244_Node0_Node8_Zero was a dupe; retransmit: 0, pkt_enqueue_time=2011523425411.4592, pkt_dequeue_time=2011523425411.4592, forwarded_or_dropped=1, reason_for_drop='Expiry'
DUPE: 2008524625991_Node0_Node8_Zero, Node6 id 2008524625991_Node0_Node8_Zero was a dupe; retransmit: 0, pkt_enqueue_time=2011526315504.0046, pkt_dequeue_time=2011526315504.0046, forwarded_or_dropped=1, reason_for_drop='Expiry'
DUPE: 2008530092263_Node0_Node8_Zero, Node6 id 2008530092263_Node0_Node8_Zero was a dupe; retransmit: 0, pkt_enqueue_time=2011534004343.6409, pkt_dequeue_time=2011534004343.6409, forwarded_or_dropped=1, reason_for_drop='Expiry'
DUPE: 2008535559958_Node0_Node8_Zero, Node6 id 2008535559958_Node0_Node8_Zero was a dupe; retransmit: 0, pkt_enqueue_time=2011536295998.1863, pkt_dequeue_time=2011536295998.1863, forwarded_or_dropped=1, reason_for_drop='Expiry'
DUPE: 2008398934196_Node0_Node8_Zero, Node6 id 2008398934196_Node0_Node8_Zero was a dupe; retransmit: 0, pkt_enqueue_time=2011538755652.7317, pkt_dequeue_time=2011538755652.7317, forwarded_or_dropped=1, reason_for_drop='Expiry'
DUPE: 2008426256128_Node0_Node8_Zero, Node6 id 2008426256128_Node0_Node8_Zero was a dupe; retransmit: 0, pkt_enqueue_time=2011544863229.8225, pkt_dequeue_time=2011544863229.8225, forwarded_or_dropped=1, reason_for_drop='Expiry'
DUPE: 2008535559958_Node0_Node8_Zero, Node6 id 2008535559958_Node0_Node8_Zero was a dupe; retransmit: 0, pkt_enqueue_time=2011546753884.368, pkt_dequeue_time=2011546753884.368, forwarded_or_dropped=1, reason_for_drop='Expiry'
DUPE: 2008541022117_Node0_Node8_Zero, Node6 id 2008541022117_Node0_Node8_Zero was a dupe; retransmit: 0, pkt_enqueue_time=2011550793193.4587, pkt_dequeue_time=2011550793193.4587, forwarded_or_dropped=1, reason_for_drop='Expiry'
DUPE: 2008557411613_Node0_Node8_Zero, Node6 id 2008557411613_Node0_Node8_Zero was a dupe; retransmit: 0, pkt_enqueue_time=2011557752389.3677, pkt_dequeue_time=2011557752389.3677, forwarded_or_dropped=1, reason_for_drop='Expiry'
DUPE: 2008551950551_Node0_Node8_Zero, Node6 id 2008551950551_Node0_Node8_Zero was a dupe; retransmit: 0, pkt_enqueue_time=2011562753669.913, pkt_dequeue_time=2011562753669.913, forwarded_or_dropped=1, reason_for_drop='Expiry'
DUPE: 2008557411613_Node0_Node8_Zero, Node6 id 2008557411613_Node0_Node8_Zero was a dupe; retransmit: 0, pkt_enqueue_time=2011565087324.4585, pkt_dequeue_time=2011565087324.4585, forwarded_or_dropped=1, reason_for_drop='Expiry'
DUPE: 2008568350049_Node0_Node8_Zero, Node6 id 2008568350049_Node0_Node8_Zero was a dupe; retransmit: 0, pkt_enqueue_time=2011577931775.4583, pkt_dequeue_time=2011577931775.4583, forwarded_or_dropped=1, reason_for_drop='Expiry'
DUPE: 2008573817435_Node0_Node8_Zero, Node6 id 2008573817435_Node0_Node8_Zero was a dupe; retransmit: 0, pkt_enqueue_time=2011584682032.731, pkt_dequeue_time=2011584682032.731, forwarded_or_dropped=1, reason_for_drop='Expiry'
DUPE: 2008584738686_Node0_Node8_Zero, Node6 id 2008584738686_Node0_Node8_Zero was a dupe; retransmit: 0, pkt_enqueue_time=2011587968560.004, pkt_dequeue_time=2011587968560.004, forwarded_or_dropped=1, reason_for_drop='Expiry'
Called Update: UpdateRouteCalls = 0, force = False
Called Update: UpdateRouteCalls = 1, force = False
Node.py: (Node2)@2011600000000.0: Updated MCS from 3 to 3, hist=deque([0.38461538461538464, 0.16666666666666666, 0.09090909090909091, 0.22727272727272727, 0.5833333333333334], maxlen=5), packets_serviced=14, packets_received=24
Called Update: UpdateRouteCalls = 2, force = False
Called Update: UpdateRouteCalls = 3, force = False
Node.py: (Node4)@2011600000000.0: Updated MCS from 0 to 0, hist=deque([7.7, 69.0, 85.0, 6.222222222222222, 4.333333333333333], maxlen=5), packets_serviced=78, packets_received=18
Called Update: UpdateRouteCalls = 4, force = False
Called Update: UpdateRouteCalls = 5, force = False
Node.py: (Node6)@2011600000000.0: Updated MCS from 3 to 3, hist=deque([0.4264705882352941, 0.3860759493670886, 0.5133333333333333, 0.2733333333333333, 0.40789473684210525], maxlen=5), packets_serviced=62, packets_received=152
Called Update: UpdateRouteCalls = 6, force = False
Called Update: UpdateRouteCalls = 7, force = False
Called Update: UpdateRouteCalls = 8, force = False
Called Update: UpdateRouteCalls = 9, force = False
!! UPDATING !!
routeNo, updatedMCSIndex =  0 [0, 3, 0, 3]
DUPE: 2008612046768_Node0_Node8_Zero, Node6 id 2008612046768_Node0_Node8_Zero was a dupe; retransmit: 0, pkt_enqueue_time=2011616270409.8218, pkt_dequeue_time=2011616270409.8218, forwarded_or_dropped=1, reason_for_drop='Expiry'
DUPE: 2008617515001_Node0_Node8_Zero, Node6 id 2008617515001_Node0_Node8_Zero was a dupe; retransmit: 0, pkt_enqueue_time=2011623865636.458, pkt_dequeue_time=2011623865636.458, forwarded_or_dropped=1, reason_for_drop='Expiry'
DUPE: 2008644839044_Node0_Node8_Zero, Node6 id 2008644839044_Node0_Node8_Zero was a dupe; retransmit: 0, pkt_enqueue_time=2011656672879.1846, pkt_dequeue_time=2011656672879.1846, forwarded_or_dropped=1, reason_for_drop='Expiry'
DUPE: 2008628445811_Node0_Node8_Zero, Node6 id 2008628445811_Node0_Node8_Zero was a dupe; retransmit: 0, pkt_enqueue_time=2011658852533.73, pkt_dequeue_time=2011658852533.73, forwarded_or_dropped=1, reason_for_drop='Expiry'
DUPE: 2008622981377_Node0_Node8_Zero, Node6 id 2008622981377_Node0_Node8_Zero was a dupe; retransmit: 0, pkt_enqueue_time=2011661081188.2754, pkt_dequeue_time=2011661081188.2754, forwarded_or_dropped=1, reason_for_drop='Expiry'
DUPE: 2008633906758_Node0_Node8_Zero, Node6 id 2008633906758_Node0_Node8_Zero was a dupe; retransmit: 0, pkt_enqueue_time=2011663389842.8208, pkt_dequeue_time=2011663389842.8208, forwarded_or_dropped=1, reason_for_drop='Expiry'
DUPE: 2008639372880_Node0_Node8_Zero, Node6 id 2008639372880_Node0_Node8_Zero was a dupe; retransmit: 0, pkt_enqueue_time=2011665729497.3662, pkt_dequeue_time=2011665729497.3662, forwarded_or_dropped=1, reason_for_drop='Expiry'
DUPE: 2008666703734_Node0_Node8_Zero, Node6 id 2008666703734_Node0_Node8_Zero was a dupe; retransmit: 0, pkt_enqueue_time=2011668098151.9116, pkt_dequeue_time=2011668098151.9116, forwarded_or_dropped=1, reason_for_drop='Expiry'
DUPE: 2008683105310_Node0_Node8_Zero, Node6 id 2008683105310_Node0_Node8_Zero was a dupe; retransmit: 0, pkt_enqueue_time=2011684933795.6387, pkt_dequeue_time=2011684933795.6387, forwarded_or_dropped=1, reason_for_drop='Expiry'
DUPE: 2008732291260_Node0_Node8_Zero, Node6 id 2008732291260_Node0_Node8_Zero was a dupe; retransmit: 0, pkt_enqueue_time=2011744198890.0923, pkt_dequeue_time=2011744198890.0923, forwarded_or_dropped=1, reason_for_drop='Expiry'
DUPE: 2008715888351_Node0_Node8_Zero, Node6 id 2008715888351_Node0_Node8_Zero was a dupe; retransmit: 0, pkt_enqueue_time=2011758055015.9106, pkt_dequeue_time=2011758055015.9106, forwarded_or_dropped=1, reason_for_drop='Expiry'
DUPE: 2008710423745_Node0_Node8_Zero, Node6 id 2008710423745_Node0_Node8_Zero was a dupe; retransmit: 0, pkt_enqueue_time=2011762327573.3655, pkt_dequeue_time=2011762327573.3655, forwarded_or_dropped=1, reason_for_drop='Expiry'
DUPE: 2008721352635_Node0_Node8_Zero, Node6 id 2008721352635_Node0_Node8_Zero was a dupe; retransmit: 0, pkt_enqueue_time=2011766737100.6384, pkt_dequeue_time=2011766737100.6384, forwarded_or_dropped=1, reason_for_drop='Expiry'
DUPE: 2008770542256_Node0_Node8_Zero, Node6 id 2008770542256_Node0_Node8_Zero was a dupe; retransmit: 0, pkt_enqueue_time=2011771668627.9114, pkt_dequeue_time=2011771668627.9114, forwarded_or_dropped=1, reason_for_drop='Expiry'
DUPE: 2008502761080_Node0_Node8_Zero, Node6 id 2008502761080_Node0_Node8_Zero was a dupe; retransmit: 0, pkt_enqueue_time=2011775196194.4568, pkt_dequeue_time=2011775196194.4568, forwarded_or_dropped=1, reason_for_drop='Expiry'
DUPE: 2008366151320_Node0_Node8_Zero, Node6 id 2008366151320_Node0_Node8_Zero was a dupe; retransmit: 0, pkt_enqueue_time=2011777995849.0022, pkt_dequeue_time=2011777995849.0022, forwarded_or_dropped=1, reason_for_drop='Expiry'
DUPE: 2008748687812_Node0_Node8_Zero, Node6 id 2008748687812_Node0_Node8_Zero was a dupe; retransmit: 0, pkt_enqueue_time=2011783094085.366, pkt_dequeue_time=2011783094085.366, forwarded_or_dropped=1, reason_for_drop='Expiry'
DUPE: 2008737753861_Node0_Node8_Zero, Node6 id 2008737753861_Node0_Node8_Zero was a dupe; retransmit: 0, pkt_enqueue_time=2011786033739.9114, pkt_dequeue_time=2011786033739.9114, forwarded_or_dropped=1, reason_for_drop='Expiry'
DUPE: 2008333378631_Node0_Node8_Zero, Node6 id 2008333378631_Node0_Node8_Zero was a dupe; retransmit: 0, pkt_enqueue_time=2011788973394.4568, pkt_dequeue_time=2011788973394.4568, forwarded_or_dropped=1, reason_for_drop='Expiry'
DUPE: 2008759612225_Node0_Node8_Zero, Node6 id 2008759612225_Node0_Node8_Zero was a dupe; retransmit: 0, pkt_enqueue_time=2011791936049.0022, pkt_dequeue_time=2011791936049.0022, forwarded_or_dropped=1, reason_for_drop='Expiry'
DUPE: 2008316982800_Node0_Node8_Zero, Node6 id 2008316982800_Node0_Node8_Zero was a dupe; retransmit: 0, pkt_enqueue_time=2011794935703.5476, pkt_dequeue_time=2011794935703.5476, forwarded_or_dropped=1, reason_for_drop='Expiry'
DUPE: 2008322450056_Node0_Node8_Zero, Node6 id 2008322450056_Node0_Node8_Zero was a dupe; retransmit: 0, pkt_enqueue_time=2011797162575.5476, pkt_dequeue_time=2011797162575.5476, forwarded_or_dropped=1, reason_for_drop='Expiry'
DUPE: 2007519168734_Node0_Node8_Zero, Node6 id 2007519168734_Node0_Node8_Zero was a dupe; retransmit: 0, pkt_enqueue_time=2011802685811.9114, pkt_dequeue_time=2011802685811.9114, forwarded_or_dropped=1, reason_for_drop='Expiry'
DUPE: 2007770527352_Node0_Node8_Zero, Node6 id 2007770527352_Node0_Node8_Zero was a dupe; retransmit: 0, pkt_enqueue_time=2011809538040.0022, pkt_dequeue_time=2011809538040.0022, forwarded_or_dropped=1, reason_for_drop='Expiry'
DUPE: 2006841574079_Node0_Node8_Zero, Node6 id 2006841574079_Node0_Node8_Zero was a dupe; retransmit: 0, pkt_enqueue_time=2011812597694.5476, pkt_dequeue_time=2011812597694.5476, forwarded_or_dropped=1, reason_for_drop='Expiry'
DUPE: 2008032851273_Node0_Node8_Zero, Node6 id 2008032851273_Node0_Node8_Zero was a dupe; retransmit: 0, pkt_enqueue_time=2011815657349.093, pkt_dequeue_time=2011815657349.093, forwarded_or_dropped=1, reason_for_drop='Expiry'
DUPE: 2008491834314_Node0_Node8_Zero, Node6 id 2008491834314_Node0_Node8_Zero was a dupe; retransmit: 0, pkt_enqueue_time=2011819469146.6384, pkt_dequeue_time=2011819469146.6384, forwarded_or_dropped=1, reason_for_drop='Expiry'
DUPE: 2007180389120_Node0_Node8_Zero, Node6 id 2007180389120_Node0_Node8_Zero was a dupe; retransmit: 0, pkt_enqueue_time=2011822548801.1838, pkt_dequeue_time=2011822548801.1838, forwarded_or_dropped=1, reason_for_drop='Expiry'
DUPE: 2008786926039_Node0_Node8_Zero, Node6 id 2008786926039_Node0_Node8_Zero was a dupe; retransmit: 0, pkt_enqueue_time=2011826386018.7292, pkt_dequeue_time=2011826386018.7292, forwarded_or_dropped=1, reason_for_drop='Expiry'
DUPE: 2008688564914_Node0_Node8_Zero, Node6 id 2008688564914_Node0_Node8_Zero was a dupe; retransmit: 0, pkt_enqueue_time=2011846754741.911, pkt_dequeue_time=2011846754741.911, forwarded_or_dropped=1, reason_for_drop='Expiry'
DUPE: 2008857958320_Node0_Node8_Zero, Node6 id 2008857958320_Node0_Node8_Zero was a dupe; retransmit: 0, pkt_enqueue_time=2011859439068.4563, pkt_dequeue_time=2011859439068.4563, forwarded_or_dropped=1, reason_for_drop='Expiry'
DUPE: 2008863426007_Node0_Node8_Zero, Node6 id 2008863426007_Node0_Node8_Zero was a dupe; retransmit: 0, pkt_enqueue_time=2011877068120.7288, pkt_dequeue_time=2011877068120.7288, forwarded_or_dropped=1, reason_for_drop='Expiry'
DUPE: 2008868888739_Node0_Node8_Zero, Node6 id 2008868888739_Node0_Node8_Zero was a dupe; retransmit: 0, pkt_enqueue_time=2011879764775.2742, pkt_dequeue_time=2011879764775.2742, forwarded_or_dropped=1, reason_for_drop='Expiry'
DUPE: 2008901675571_Node0_Node8_Zero, Node6 id 2008901675571_Node0_Node8_Zero was a dupe; retransmit: 0, pkt_enqueue_time=2011930252549.6672, pkt_dequeue_time=2011930252549.6672, forwarded_or_dropped=1, reason_for_drop='Expiry'
main.py: Progress: 2012 / 2014
Called Update: UpdateRouteCalls = 0, force = False
Called Update: UpdateRouteCalls = 1, force = False
Node.py: (Node2)@2012000000000.0: Updated MCS from 3 to 3, hist=deque([0.16666666666666666, 0.09090909090909091, 0.22727272727272727, 0.5833333333333334, 0.5], maxlen=5), packets_serviced=7, packets_received=14
Called Update: UpdateRouteCalls = 2, force = False
Called Update: UpdateRouteCalls = 3, force = False
Node.py: (Node4)@2012000000000.0: Updated MCS from 0 to 0, hist=deque([69.0, 85.0, 6.222222222222222, 4.333333333333333, 9.75], maxlen=5), packets_serviced=78, packets_received=8
Called Update: UpdateRouteCalls = 4, force = False
Called Update: UpdateRouteCalls = 5, force = False
Node.py: (Node6)@2012000000000.0: Updated MCS from 3 to 3, hist=deque([0.3860759493670886, 0.5133333333333333, 0.2733333333333333, 0.40789473684210525, 0.45774647887323944], maxlen=5), packets_serviced=65, packets_received=142
Called Update: UpdateRouteCalls = 6, force = False
Called Update: UpdateRouteCalls = 7, force = False
Called Update: UpdateRouteCalls = 8, force = False
Called Update: UpdateRouteCalls = 9, force = False
!! UPDATING !!
routeNo, updatedMCSIndex =  0 [0, 3, 0, 3]
Called Update: UpdateRouteCalls = 0, force = True
!! UPDATING !!
routeNo, updatedMCSIndex =  0 [0, 3, 0, 3]

rf.py: Time: 2012 Route details: {0: {'Route': [0, 2, 4, 6, 8], 'MCS_Index': [0, 3, 0, 3], 'Priority': 1, 'ValidRoute': True, 'HQRoute': True, 'RouteNodeDensity': [1, 2, 2, 2, 1], 'InterferingLinks': 8, 'Target': (-1, -1)}}
DUPE: 2008989101333_Node0_Node8_Zero, Node6 id 2008989101333_Node0_Node8_Zero was a dupe; retransmit: 0, pkt_enqueue_time=2012013951223.484, pkt_dequeue_time=2012013951223.484, forwarded_or_dropped=1, reason_for_drop='Expiry'
DUPE: 2009010956826_Node0_Node8_Zero, Node6 id 2009010956826_Node0_Node8_Zero was a dupe; retransmit: 0, pkt_enqueue_time=2012016099878.0293, pkt_dequeue_time=2012016099878.0293, forwarded_or_dropped=1, reason_for_drop='Expiry'
DUPE: 2008907142827_Node0_Node8_Zero, Node6 id 2008907142827_Node0_Node8_Zero was a dupe; retransmit: 0, pkt_enqueue_time=2012026948585.6655, pkt_dequeue_time=2012026948585.6655, forwarded_or_dropped=1, reason_for_drop='Expiry'
DUPE: 2009000032163_Node0_Node8_Zero, Node6 id 2009000032163_Node0_Node8_Zero was a dupe; retransmit: 0, pkt_enqueue_time=2012032157734.7563, pkt_dequeue_time=2012032157734.7563, forwarded_or_dropped=1, reason_for_drop='Expiry'
DUPE: 2008950844251_Node0_Node8_Zero, Node6 id 2008950844251_Node0_Node8_Zero was a dupe; retransmit: 0, pkt_enqueue_time=2012034411389.3018, pkt_dequeue_time=2012034411389.3018, forwarded_or_dropped=1, reason_for_drop='Expiry'
DUPE: 2009021885200_Node0_Node8_Zero, Node6 id 2009021885200_Node0_Node8_Zero was a dupe; retransmit: 0, pkt_enqueue_time=2012036671043.8472, pkt_dequeue_time=2012036671043.8472, forwarded_or_dropped=1, reason_for_drop='Expiry'
DUPE: 2008983634116_Node0_Node8_Zero, Node6 id 2008983634116_Node0_Node8_Zero was a dupe; retransmit: 0, pkt_enqueue_time=2012038930698.3926, pkt_dequeue_time=2012038930698.3926, forwarded_or_dropped=1, reason_for_drop='Expiry'
DUPE: 2008918065885_Node0_Node8_Zero, Node6 id 2008918065885_Node0_Node8_Zero was a dupe; retransmit: 0, pkt_enqueue_time=2012041199352.938, pkt_dequeue_time=2012041199352.938, forwarded_or_dropped=1, reason_for_drop='Expiry'
DUPE: 2005092964948_Node0_Node8_Zero, Node2 id 2005092964948_Node0_Node8_Zero was a dupe; retransmit: 0, pkt_enqueue_time=2012043447574.757, pkt_dequeue_time=2012043447574.757, forwarded_or_dropped=1, reason_for_drop='Expiry'
DUPE: 2009005491759_Node0_Node8_Zero, Node6 id 2009005491759_Node0_Node8_Zero was a dupe; retransmit: 0, pkt_enqueue_time=2012044792863.4834, pkt_dequeue_time=2012044792863.4834, forwarded_or_dropped=1, reason_for_drop='Expiry'
DUPE: 2008945382736_Node0_Node8_Zero, Node6 id 2008945382736_Node0_Node8_Zero was a dupe; retransmit: 0, pkt_enqueue_time=2012047671808.938, pkt_dequeue_time=2012047671808.938, forwarded_or_dropped=1, reason_for_drop='Expiry'
DUPE: 2008928986923_Node0_Node8_Zero, Node6 id 2008928986923_Node0_Node8_Zero was a dupe; retransmit: 0, pkt_enqueue_time=2012051190045.3018, pkt_dequeue_time=2012051190045.3018, forwarded_or_dropped=1, reason_for_drop='Expiry'
DUPE: 2008956311873_Node0_Node8_Zero, Node6 id 2008956311873_Node0_Node8_Zero was a dupe; retransmit: 0, pkt_enqueue_time=2012054968281.6655, pkt_dequeue_time=2012054968281.6655, forwarded_or_dropped=1, reason_for_drop='Expiry'
DUPE: 2008967240166_Node0_Node8_Zero, Node6 id 2008967240166_Node0_Node8_Zero was a dupe; retransmit: 0, pkt_enqueue_time=2012057482936.211, pkt_dequeue_time=2012057482936.211, forwarded_or_dropped=1, reason_for_drop='Expiry'
DUPE: 2008961776251_Node0_Node8_Zero, Node6 id 2008961776251_Node0_Node8_Zero was a dupe; retransmit: 0, pkt_enqueue_time=2012061035168.7563, pkt_dequeue_time=2012061035168.7563, forwarded_or_dropped=1, reason_for_drop='Expiry'
DUPE: 2009049215048_Node0_Node8_Zero, Node6 id 2009049215048_Node0_Node8_Zero was a dupe; retransmit: 0, pkt_enqueue_time=2012063854823.3018, pkt_dequeue_time=2012063854823.3018, forwarded_or_dropped=1, reason_for_drop='Expiry'
DUPE: 2009032818010_Node0_Node8_Zero, Node6 id 2009032818010_Node0_Node8_Zero was a dupe; retransmit: 0, pkt_enqueue_time=2012066707477.8472, pkt_dequeue_time=2012066707477.8472, forwarded_or_dropped=1, reason_for_drop='Expiry'
DUPE: 2009016416755_Node0_Node8_Zero, Node6 id 2009016416755_Node0_Node8_Zero was a dupe; retransmit: 0, pkt_enqueue_time=2012069567132.3926, pkt_dequeue_time=2012069567132.3926, forwarded_or_dropped=1, reason_for_drop='Expiry'
DUPE: 2009027349424_Node0_Node8_Zero, Node6 id 2009027349424_Node0_Node8_Zero was a dupe; retransmit: 0, pkt_enqueue_time=2012073248386.2107, pkt_dequeue_time=2012073248386.2107, forwarded_or_dropped=1, reason_for_drop='Expiry'
DUPE: 2008912606143_Node0_Node8_Zero, Node6 id 2008912606143_Node0_Node8_Zero was a dupe; retransmit: 0, pkt_enqueue_time=2012076243040.756, pkt_dequeue_time=2012076243040.756, forwarded_or_dropped=1, reason_for_drop='Expiry'
DUPE: 2008934447350_Node0_Node8_Zero, Node6 id 2008934447350_Node0_Node8_Zero was a dupe; retransmit: 0, pkt_enqueue_time=2012079282695.3015, pkt_dequeue_time=2012079282695.3015, forwarded_or_dropped=1, reason_for_drop='Expiry'
DUPE: 2009043746353_Node0_Node8_Zero, Node6 id 2009043746353_Node0_Node8_Zero was a dupe; retransmit: 0, pkt_enqueue_time=2012082351349.847, pkt_dequeue_time=2012082351349.847, forwarded_or_dropped=1, reason_for_drop='Expiry'
DUPE: 2009054678650_Node0_Node8_Zero, Node6 id 2009054678650_Node0_Node8_Zero was a dupe; retransmit: 0, pkt_enqueue_time=2012084338221.847, pkt_dequeue_time=2012084338221.847, forwarded_or_dropped=1, reason_for_drop='Expiry'
DUPE: 2009098399051_Node0_Node8_Zero, Node6 id 2009098399051_Node0_Node8_Zero was a dupe; retransmit: 0, pkt_enqueue_time=2012101908370.4832, pkt_dequeue_time=2012101908370.4832, forwarded_or_dropped=1, reason_for_drop='Expiry'
DUPE: 2009136644919_Node0_Node8_Zero, Node6 id 2009136644919_Node0_Node8_Zero was a dupe; retransmit: 0, pkt_enqueue_time=2012140324498.3916, pkt_dequeue_time=2012140324498.3916, forwarded_or_dropped=1, reason_for_drop='Expiry'
DUPE: 2009103865029_Node0_Node8_Zero, Node6 id 2009103865029_Node0_Node8_Zero was a dupe; retransmit: 0, pkt_enqueue_time=2012142484152.937, pkt_dequeue_time=2012142484152.937, forwarded_or_dropped=1, reason_for_drop='Expiry'
DUPE: 2009125713641_Node0_Node8_Zero, Node6 id 2009125713641_Node0_Node8_Zero was a dupe; retransmit: 0, pkt_enqueue_time=2012156395490.7554, pkt_dequeue_time=2012156395490.7554, forwarded_or_dropped=1, reason_for_drop='Expiry'
DUPE: 2009153031648_Node0_Node8_Zero, Node6 id 2009153031648_Node0_Node8_Zero was a dupe; retransmit: 0, pkt_enqueue_time=2012161477014.8462, pkt_dequeue_time=2012161477014.8462, forwarded_or_dropped=1, reason_for_drop='Expiry'
DUPE: 2009163955839_Node0_Node8_Zero, Node6 id 2009163955839_Node0_Node8_Zero was a dupe; retransmit: 0, pkt_enqueue_time=2012167762467.937, pkt_dequeue_time=2012167762467.937, forwarded_or_dropped=1, reason_for_drop='Expiry'
DUPE: 2009109328460_Node0_Node8_Zero, Node6 id 2009109328460_Node0_Node8_Zero was a dupe; retransmit: 0, pkt_enqueue_time=2012212333869.1187, pkt_dequeue_time=2012212333869.1187, forwarded_or_dropped=1, reason_for_drop='Expiry'
DUPE: 2009142106322_Node0_Node8_Zero, Node6 id 2009142106322_Node0_Node8_Zero was a dupe; retransmit: 0, pkt_enqueue_time=2012219071050.2095, pkt_dequeue_time=2012219071050.2095, forwarded_or_dropped=1, reason_for_drop='Expiry'
DUPE: 2009158495695_Node0_Node8_Zero, Node6 id 2009158495695_Node0_Node8_Zero was a dupe; retransmit: 0, pkt_enqueue_time=2012221557704.755, pkt_dequeue_time=2012221557704.755, forwarded_or_dropped=1, reason_for_drop='Expiry'
DUPE: 2009147565829_Node0_Node8_Zero, Node6 id 2009147565829_Node0_Node8_Zero was a dupe; retransmit: 0, pkt_enqueue_time=2012224083359.3003, pkt_dequeue_time=2012224083359.3003, forwarded_or_dropped=1, reason_for_drop='Expiry'
DUPE: 2009224076492_Node0_Node8_Zero, Node6 id 2009224076492_Node0_Node8_Zero was a dupe; retransmit: 0, pkt_enqueue_time=2012226682013.8457, pkt_dequeue_time=2012226682013.8457, forwarded_or_dropped=1, reason_for_drop='Expiry'
DUPE: 2008661242198_Node0_Node8_Zero, Node6 id 2008661242198_Node0_Node8_Zero was a dupe; retransmit: 0, pkt_enqueue_time=2012230533705.391, pkt_dequeue_time=2012230533705.391, forwarded_or_dropped=1, reason_for_drop='Expiry'
DUPE: 2007453590859_Node0_Node8_Zero, Node6 id 2007453590859_Node0_Node8_Zero was a dupe; retransmit: 0, pkt_enqueue_time=2012234274959.2092, pkt_dequeue_time=2012234274959.2092, forwarded_or_dropped=1, reason_for_drop='Expiry'
DUPE: 2009202223845_Node0_Node8_Zero, Node6 id 2009202223845_Node0_Node8_Zero was a dupe; retransmit: 0, pkt_enqueue_time=2012237494613.7546, pkt_dequeue_time=2012237494613.7546, forwarded_or_dropped=1, reason_for_drop='Expiry'
DUPE: 2009218609161_Node0_Node8_Zero, Node6 id 2009218609161_Node0_Node8_Zero was a dupe; retransmit: 0, pkt_enqueue_time=2012240221485.7546, pkt_dequeue_time=2012240221485.7546, forwarded_or_dropped=1, reason_for_drop='Expiry'
DUPE: 2007251411384_Node0_Node8_Zero, Node6 id 2007251411384_Node0_Node8_Zero was a dupe; retransmit: 0, pkt_enqueue_time=2012244311739.5728, pkt_dequeue_time=2012244311739.5728, forwarded_or_dropped=1, reason_for_drop='Expiry'
DUPE: 2008978172461_Node0_Node8_Zero, Node6 id 2008978172461_Node0_Node8_Zero was a dupe; retransmit: 0, pkt_enqueue_time=2012247651394.1182, pkt_dequeue_time=2012247651394.1182, forwarded_or_dropped=1, reason_for_drop='Expiry'
DUPE: 2007765064202_Node0_Node8_Zero, Node6 id 2007765064202_Node0_Node8_Zero was a dupe; retransmit: 0, pkt_enqueue_time=2012251051048.6636, pkt_dequeue_time=2012251051048.6636, forwarded_or_dropped=1, reason_for_drop='Expiry'
DUPE: 2007103882421_Node0_Node8_Zero, Node6 id 2007103882421_Node0_Node8_Zero was a dupe; retransmit: 0, pkt_enqueue_time=2012254530703.209, pkt_dequeue_time=2012254530703.209, forwarded_or_dropped=1, reason_for_drop='Expiry'
DUPE: 2007109350166_Node0_Node8_Zero, Node6 id 2007109350166_Node0_Node8_Zero was a dupe; retransmit: 0, pkt_enqueue_time=2012256877575.209, pkt_dequeue_time=2012256877575.209, forwarded_or_dropped=1, reason_for_drop='Expiry'
DUPE: 2008497299081_Node0_Node8_Zero, Node6 id 2008497299081_Node0_Node8_Zero was a dupe; retransmit: 0, pkt_enqueue_time=2012260417229.7544, pkt_dequeue_time=2012260417229.7544, forwarded_or_dropped=1, reason_for_drop='Expiry'
DUPE: 2008464507702_Node0_Node8_Zero, Node6 id 2008464507702_Node0_Node8_Zero was a dupe; retransmit: 0, pkt_enqueue_time=2012263996884.2998, pkt_dequeue_time=2012263996884.2998, forwarded_or_dropped=1, reason_for_drop='Expiry'
DUPE: 2008469976415_Node0_Node8_Zero, Node6 id 2008469976415_Node0_Node8_Zero was a dupe; retransmit: 0, pkt_enqueue_time=2012266783756.2998, pkt_dequeue_time=2012266783756.2998, forwarded_or_dropped=1, reason_for_drop='Expiry'
DUPE: 2007366147373_Node0_Node8_Zero, Node6 id 2007366147373_Node0_Node8_Zero was a dupe; retransmit: 0, pkt_enqueue_time=2012270380410.8452, pkt_dequeue_time=2012270380410.8452, forwarded_or_dropped=1, reason_for_drop='Expiry'
DUPE: 2009229542470_Node0_Node8_Zero, Node6 id 2009229542470_Node0_Node8_Zero was a dupe; retransmit: 0, pkt_enqueue_time=2012275494682.3906, pkt_dequeue_time=2012275494682.3906, forwarded_or_dropped=1, reason_for_drop='Expiry'
DUPE: 2009240474371_Node0_Node8_Zero, Node6 id 2009240474371_Node0_Node8_Zero was a dupe; retransmit: 0, pkt_enqueue_time=2012279481208.936, pkt_dequeue_time=2012279481208.936, forwarded_or_dropped=1, reason_for_drop='Expiry'
DUPE: 2009306069602_Node0_Node8_Zero, Node6 id 2009306069602_Node0_Node8_Zero was a dupe; retransmit: 0, pkt_enqueue_time=2012306457262.845, pkt_dequeue_time=2012306457262.845, forwarded_or_dropped=1, reason_for_drop='Expiry'
DUPE: 2009306069602_Node0_Node8_Zero, Node6 id 2009306069602_Node0_Node8_Zero was a dupe; retransmit: 0, pkt_enqueue_time=2012322068844.1174, pkt_dequeue_time=2012322068844.1174, forwarded_or_dropped=1, reason_for_drop='Expiry'
DUPE: 2009322462077_Node0_Node8_Zero, Node6 id 2009322462077_Node0_Node8_Zero was a dupe; retransmit: 0, pkt_enqueue_time=2012327875095.2083, pkt_dequeue_time=2012327875095.2083, forwarded_or_dropped=1, reason_for_drop='Expiry'
Called Update: UpdateRouteCalls = 0, force = False
Called Update: UpdateRouteCalls = 1, force = False
Node.py: (Node2)@2012400000000.0: Updated MCS from 3 to 3, hist=deque([0.09090909090909091, 0.22727272727272727, 0.5833333333333334, 0.5, 0.5], maxlen=5), packets_serviced=9, packets_received=18
Called Update: UpdateRouteCalls = 2, force = False
Called Update: UpdateRouteCalls = 3, force = False
Node.py: (Node4)@2012400000000.0: Updated MCS from 0 to 0, hist=deque([85.0, 6.222222222222222, 4.333333333333333, 9.75, 6.333333333333333], maxlen=5), packets_serviced=57, packets_received=9
Called Update: UpdateRouteCalls = 4, force = False
Called Update: UpdateRouteCalls = 5, force = False
Node.py: (Node6)@2012400000000.0: Updated MCS from 3 to 3, hist=deque([0.5133333333333333, 0.2733333333333333, 0.40789473684210525, 0.45774647887323944, 0.30201342281879195], maxlen=5), packets_serviced=45, packets_received=149
Called Update: UpdateRouteCalls = 6, force = False
Called Update: UpdateRouteCalls = 7, force = False
Called Update: UpdateRouteCalls = 8, force = False
Called Update: UpdateRouteCalls = 9, force = False
!! UPDATING !!
routeNo, updatedMCSIndex =  0 [0, 3, 0, 3]
DUPE: 2009382570150_Node0_Node8_Zero, Node6 id 2009382570150_Node0_Node8_Zero was a dupe; retransmit: 0, pkt_enqueue_time=2012405735923.0254, pkt_dequeue_time=2012405735923.0254, forwarded_or_dropped=1, reason_for_drop='Expiry'
DUPE: 2009344326518_Node0_Node8_Zero, Node6 id 2009344326518_Node0_Node8_Zero was a dupe; retransmit: 0, pkt_enqueue_time=2012412282104.1162, pkt_dequeue_time=2012412282104.1162, forwarded_or_dropped=1, reason_for_drop='Expiry'
DUPE: 2009398969980_Node0_Node8_Zero, Node6 id 2009398969980_Node0_Node8_Zero was a dupe; retransmit: 0, pkt_enqueue_time=2012416976413.207, pkt_dequeue_time=2012416976413.207, forwarded_or_dropped=1, reason_for_drop='Expiry'
DUPE: 2009404436700_Node0_Node8_Zero, Node6 id 2009404436700_Node0_Node8_Zero was a dupe; retransmit: 0, pkt_enqueue_time=2012424156376.8433, pkt_dequeue_time=2012424156376.8433, forwarded_or_dropped=1, reason_for_drop='Expiry'
DUPE: 2009415367851_Node0_Node8_Zero, Node6 id 2009415367851_Node0_Node8_Zero was a dupe; retransmit: 0, pkt_enqueue_time=2012426711031.3887, pkt_dequeue_time=2012426711031.3887, forwarded_or_dropped=1, reason_for_drop='Expiry'
DUPE: 2009480933699_Node0_Node8_Zero, Node6 id 2009480933699_Node0_Node8_Zero was a dupe; retransmit: 0, pkt_enqueue_time=2012505238492.0237, pkt_dequeue_time=2012505238492.0237, forwarded_or_dropped=1, reason_for_drop='Expiry'
DUPE: 2009470003828_Node0_Node8_Zero, Node6 id 2009470003828_Node0_Node8_Zero was a dupe; retransmit: 0, pkt_enqueue_time=2012523202670.0237, pkt_dequeue_time=2012523202670.0237, forwarded_or_dropped=1, reason_for_drop='Expiry'
DUPE: 2009316999650_Node0_Node8_Zero, Node6 id 2009316999650_Node0_Node8_Zero was a dupe; retransmit: 0, pkt_enqueue_time=2012559848470.1748, pkt_dequeue_time=2012559848470.1748, forwarded_or_dropped=1, reason_for_drop='Expiry'
DUPE: 2004240478954_Node0_Node8_Zero, Node2 id 2004240478954_Node0_Node8_Zero was a dupe; retransmit: 0, pkt_enqueue_time=2012564774622.1143, pkt_dequeue_time=2012564774622.1143, forwarded_or_dropped=1, reason_for_drop='Expiry'
DUPE: 2004245947018_Node0_Node8_Zero, Node2 id 2004245947018_Node0_Node8_Zero was a dupe; retransmit: 0, pkt_enqueue_time=2012564774622.1143, pkt_dequeue_time=2012564774622.1143, forwarded_or_dropped=1, reason_for_drop='Expiry'
DUPE: 2009524651656_Node0_Node8_Zero, Node6 id 2009524651656_Node0_Node8_Zero was a dupe; retransmit: 0, pkt_enqueue_time=2012566641910.2656, pkt_dequeue_time=2012566641910.2656, forwarded_or_dropped=1, reason_for_drop='Expiry'
DUPE: 2009366179727_Node0_Node8_Zero, Node6 id 2009366179727_Node0_Node8_Zero was a dupe; retransmit: 0, pkt_enqueue_time=2012570350364.084, pkt_dequeue_time=2012570350364.084, forwarded_or_dropped=1, reason_for_drop='Expiry'
DUPE: 2009535576652_Node0_Node8_Zero, Node6 id 2009535576652_Node0_Node8_Zero was a dupe; retransmit: 0, pkt_enqueue_time=2012581516199.7202, pkt_dequeue_time=2012581516199.7202, forwarded_or_dropped=1, reason_for_drop='Expiry'
DUPE: 2009551969824_Node0_Node8_Zero, Node6 id 2009551969824_Node0_Node8_Zero was a dupe; retransmit: 0, pkt_enqueue_time=2012591188454.2656, pkt_dequeue_time=2012591188454.2656, forwarded_or_dropped=1, reason_for_drop='Expiry'
DUPE: 2009437217511_Node0_Node8_Zero, Node6 id 2009437217511_Node0_Node8_Zero was a dupe; retransmit: 0, pkt_enqueue_time=2012594860307.811, pkt_dequeue_time=2012594860307.811, forwarded_or_dropped=1, reason_for_drop='Expiry'
DUPE: 2009502788549_Node0_Node8_Zero, Node6 id 2009502788549_Node0_Node8_Zero was a dupe; retransmit: 0, pkt_enqueue_time=2012597780962.3564, pkt_dequeue_time=2012597780962.3564, forwarded_or_dropped=1, reason_for_drop='Expiry'
DUPE: 2009442686750_Node0_Node8_Zero, Node6 id 2009442686750_Node0_Node8_Zero was a dupe; retransmit: 0, pkt_enqueue_time=2012600720616.9019, pkt_dequeue_time=2012600720616.9019, forwarded_or_dropped=1, reason_for_drop='Expiry'
DUPE: 2009355251091_Node0_Node8_Zero, Node6 id 2009355251091_Node0_Node8_Zero was a dupe; retransmit: 0, pkt_enqueue_time=2012606622925.9927, pkt_dequeue_time=2012606622925.9927, forwarded_or_dropped=1, reason_for_drop='Expiry'
DUPE: 2004617538845_Node0_Node8_Zero, Node2 id 2004617538845_Node0_Node8_Zero was a dupe; retransmit: 0, pkt_enqueue_time=2012607787605.9326, pkt_dequeue_time=2012607787605.9326, forwarded_or_dropped=1, reason_for_drop='Expiry'
DUPE: 2009448150941_Node0_Node8_Zero, Node6 id 2009448150941_Node0_Node8_Zero was a dupe; retransmit: 0, pkt_enqueue_time=2012609622580.538, pkt_dequeue_time=2012609622580.538, forwarded_or_dropped=1, reason_for_drop='Expiry'
DUPE: 2009338860974_Node0_Node8_Zero, Node6 id 2009338860974_Node0_Node8_Zero was a dupe; retransmit: 0, pkt_enqueue_time=2012615701889.629, pkt_dequeue_time=2012615701889.629, forwarded_or_dropped=1, reason_for_drop='Expiry'
DUPE: 2009426289935_Node0_Node8_Zero, Node6 id 2009426289935_Node0_Node8_Zero was a dupe; retransmit: 0, pkt_enqueue_time=2012618781544.1743, pkt_dequeue_time=2012618781544.1743, forwarded_or_dropped=1, reason_for_drop='Expiry'
DUPE: 2005103900493_Node0_Node8_Zero, Node2 id 2005103900493_Node0_Node8_Zero was a dupe; retransmit: 0, pkt_enqueue_time=2012621650169.569, pkt_dequeue_time=2012621650169.569, forwarded_or_dropped=1, reason_for_drop='Expiry'
DUPE: 2005109364520_Node0_Node8_Zero, Node2 id 2005109364520_Node0_Node8_Zero was a dupe; retransmit: 0, pkt_enqueue_time=2012621650169.569, pkt_dequeue_time=2012621650169.569, forwarded_or_dropped=1, reason_for_drop='Expiry'
DUPE: 2009573826788_Node0_Node8_Zero, Node6 id 2009573826788_Node0_Node8_Zero was a dupe; retransmit: 0, pkt_enqueue_time=2012623655457.7197, pkt_dequeue_time=2012623655457.7197, forwarded_or_dropped=1, reason_for_drop='Expiry'
DUPE: 2009333393273_Node0_Node8_Zero, Node6 id 2009333393273_Node0_Node8_Zero was a dupe; retransmit: 0, pkt_enqueue_time=2012629074403.1743, pkt_dequeue_time=2012629074403.1743, forwarded_or_dropped=1, reason_for_drop='Expiry'
DUPE: 2009349791450_Node0_Node8_Zero, Node6 id 2009349791450_Node0_Node8_Zero was a dupe; retransmit: 0, pkt_enqueue_time=2012631801275.1743, pkt_dequeue_time=2012631801275.1743, forwarded_or_dropped=1, reason_for_drop='Expiry'
DUPE: 2005224122186_Node0_Node8_Zero, Node2 id 2005224122186_Node0_Node8_Zero was a dupe; retransmit: 0, pkt_enqueue_time=2012636319555.2056, pkt_dequeue_time=2012636319555.2056, forwarded_or_dropped=1, reason_for_drop='Expiry'
DUPE: 2009120253567_Node0_Node8_Zero, Node6 id 2009120253567_Node0_Node8_Zero was a dupe; retransmit: 0, pkt_enqueue_time=2012639020584.2651, pkt_dequeue_time=2012639020584.2651, forwarded_or_dropped=1, reason_for_drop='Expiry'
DUPE: 2007639406595_Node0_Node8_Zero, Node6 id 2007639406595_Node0_Node8_Zero was a dupe; retransmit: 0, pkt_enqueue_time=2012642640238.8105, pkt_dequeue_time=2012642640238.8105, forwarded_or_dropped=1, reason_for_drop='Expiry'
DUPE: 2008016463537_Node0_Node8_Zero, Node6 id 2008016463537_Node0_Node8_Zero was a dupe; retransmit: 0, pkt_enqueue_time=2012646315893.356, pkt_dequeue_time=2012646315893.356, forwarded_or_dropped=1, reason_for_drop='Expiry'
DUPE: 2008021929491_Node0_Node8_Zero, Node6 id 2008021929491_Node0_Node8_Zero was a dupe; retransmit: 0, pkt_enqueue_time=2012648422765.356, pkt_dequeue_time=2012648422765.356, forwarded_or_dropped=1, reason_for_drop='Expiry'
DUPE: 2003431737708_Node0_Node8_Zero, Node2 id 2003431737708_Node0_Node8_Zero was a dupe; retransmit: 0, pkt_enqueue_time=2012650199209.751, pkt_dequeue_time=2012650199209.751, forwarded_or_dropped=1, reason_for_drop='Expiry'
DUPE: 2007196779206_Node0_Node8_Zero, Node6 id 2007196779206_Node0_Node8_Zero was a dupe; retransmit: 0, pkt_enqueue_time=2012653444825.9014, pkt_dequeue_time=2012653444825.9014, forwarded_or_dropped=1, reason_for_drop='Expiry'
DUPE: 2008765079361_Node0_Node8_Zero, Node6 id 2008765079361_Node0_Node8_Zero was a dupe; retransmit: 0, pkt_enqueue_time=2012657184480.4468, pkt_dequeue_time=2012657184480.4468, forwarded_or_dropped=1, reason_for_drop='Expiry'
DUPE: 2007344291371_Node0_Node8_Zero, Node6 id 2007344291371_Node0_Node8_Zero was a dupe; retransmit: 0, pkt_enqueue_time=2012660978134.9922, pkt_dequeue_time=2012660978134.9922, forwarded_or_dropped=1, reason_for_drop='Expiry'
DUPE: 2007349756088_Node0_Node8_Zero, Node6 id 2007349756088_Node0_Node8_Zero was a dupe; retransmit: 0, pkt_enqueue_time=2012663125006.9922, pkt_dequeue_time=2012663125006.9922, forwarded_or_dropped=1, reason_for_drop='Expiry'
DUPE: 2004442694687_Node0_Node8_Zero, Node2 id 2004442694687_Node0_Node8_Zero was a dupe; retransmit: 0, pkt_enqueue_time=2012664161773.3875, pkt_dequeue_time=2012664161773.3875, forwarded_or_dropped=1, reason_for_drop='Expiry'
DUPE: 2007546498902_Node0_Node8_Zero, Node6 id 2007546498902_Node0_Node8_Zero was a dupe; retransmit: 0, pkt_enqueue_time=2012667109661.5376, pkt_dequeue_time=2012667109661.5376, forwarded_or_dropped=1, reason_for_drop='Expiry'
DUPE: 2009666724910_Node0_Node8_Zero, Node6 id 2009666724910_Node0_Node8_Zero was a dupe; retransmit: 0, pkt_enqueue_time=2012671209316.083, pkt_dequeue_time=2012671209316.083, forwarded_or_dropped=1, reason_for_drop='Expiry'
DUPE: 2007699496136_Node0_Node8_Zero, Node6 id 2007699496136_Node0_Node8_Zero was a dupe; retransmit: 0, pkt_enqueue_time=2012675308970.6284, pkt_dequeue_time=2012675308970.6284, forwarded_or_dropped=1, reason_for_drop='Expiry'
DUPE: 2003661246311_Node0_Node8_Zero, Node2 id 2003661246311_Node0_Node8_Zero was a dupe; retransmit: 0, pkt_enqueue_time=2012678235337.024, pkt_dequeue_time=2012678235337.024, forwarded_or_dropped=1, reason_for_drop='Expiry'
DUPE: 2006360713249_Node0_Node8_Zero, Node6 id 2006360713249_Node0_Node8_Zero was a dupe; retransmit: 0, pkt_enqueue_time=2012680219434.1738, pkt_dequeue_time=2012680219434.1738, forwarded_or_dropped=1, reason_for_drop='Expiry'
DUPE: 2008382536377_Node0_Node8_Zero, Node6 id 2008382536377_Node0_Node8_Zero was a dupe; retransmit: 0, pkt_enqueue_time=2012684380088.7192, pkt_dequeue_time=2012684380088.7192, forwarded_or_dropped=1, reason_for_drop='Expiry'
DUPE: 2008388003757_Node0_Node8_Zero, Node6 id 2008388003757_Node0_Node8_Zero was a dupe; retransmit: 0, pkt_enqueue_time=2012687426960.7192, pkt_dequeue_time=2012687426960.7192, forwarded_or_dropped=1, reason_for_drop='Expiry'
DUPE: 2008776004990_Node0_Node8_Zero, Node6 id 2008776004990_Node0_Node8_Zero was a dupe; retransmit: 0, pkt_enqueue_time=2012691606615.2646, pkt_dequeue_time=2012691606615.2646, forwarded_or_dropped=1, reason_for_drop='Expiry'
DUPE: 2008781466019_Node0_Node8_Zero, Node6 id 2008781466019_Node0_Node8_Zero was a dupe; retransmit: 0, pkt_enqueue_time=2012694653487.2646, pkt_dequeue_time=2012694653487.2646, forwarded_or_dropped=1, reason_for_drop='Expiry'
DUPE: 2007535571739_Node0_Node8_Zero, Node6 id 2007535571739_Node0_Node8_Zero was a dupe; retransmit: 0, pkt_enqueue_time=2012698853141.81, pkt_dequeue_time=2012698853141.81, forwarded_or_dropped=1, reason_for_drop='Expiry'
DUPE: 2006907164095_Node0_Node8_Zero, Node6 id 2006907164095_Node0_Node8_Zero was a dupe; retransmit: 0, pkt_enqueue_time=2012703092796.3555, pkt_dequeue_time=2012703092796.3555, forwarded_or_dropped=1, reason_for_drop='Expiry'
DUPE: 2009360715658_Node0_Node8_Zero, Node6 id 2009360715658_Node0_Node8_Zero was a dupe; retransmit: 0, pkt_enqueue_time=2012708091742.901, pkt_dequeue_time=2012708091742.901, forwarded_or_dropped=1, reason_for_drop='Expiry'
DUPE: 2009606603171_Node0_Node8_Zero, Node6 id 2009606603171_Node0_Node8_Zero was a dupe; retransmit: 0, pkt_enqueue_time=2012712351397.4463, pkt_dequeue_time=2012712351397.4463, forwarded_or_dropped=1, reason_for_drop='Expiry'
DUPE: 2009038280553_Node0_Node8_Zero, Node6 id 2009038280553_Node0_Node8_Zero was a dupe; retransmit: 0, pkt_enqueue_time=2012716651051.9917, pkt_dequeue_time=2012716651051.9917, forwarded_or_dropped=1, reason_for_drop='Expiry'
DUPE: 2003245973158_Node0_Node8_Zero, Node2 id 2003245973158_Node0_Node8_Zero was a dupe; retransmit: 0, pkt_enqueue_time=2012719983300.6602, pkt_dequeue_time=2012719983300.6602, forwarded_or_dropped=1, reason_for_drop='Expiry'
DUPE: 2009196757411_Node0_Node8_Zero, Node6 id 2009196757411_Node0_Node8_Zero was a dupe; retransmit: 0, pkt_enqueue_time=2012724627820.0825, pkt_dequeue_time=2012724627820.0825, forwarded_or_dropped=1, reason_for_drop='Expiry'
DUPE: 2009131176603_Node0_Node8_Zero, Node6 id 2009131176603_Node0_Node8_Zero was a dupe; retransmit: 0, pkt_enqueue_time=2012728967474.628, pkt_dequeue_time=2012728967474.628, forwarded_or_dropped=1, reason_for_drop='Expiry'
DUPE: 2009530116977_Node0_Node8_Zero, Node6 id 2009530116977_Node0_Node8_Zero was a dupe; retransmit: 0, pkt_enqueue_time=2012733698129.1733, pkt_dequeue_time=2012733698129.1733, forwarded_or_dropped=1, reason_for_drop='Expiry'
DUPE: 2007830646847_Node0_Node8_Zero, Node6 id 2007830646847_Node0_Node8_Zero was a dupe; retransmit: 0, pkt_enqueue_time=2012738677783.7188, pkt_dequeue_time=2012738677783.7188, forwarded_or_dropped=1, reason_for_drop='Expiry'
DUPE: 2009650336162_Node0_Node8_Zero, Node6 id 2009650336162_Node0_Node8_Zero was a dupe; retransmit: 0, pkt_enqueue_time=2012743677438.2642, pkt_dequeue_time=2012743677438.2642, forwarded_or_dropped=1, reason_for_drop='Expiry'
DUPE: 2004316996485_Node0_Node8_Zero, Node2 id 2004316996485_Node0_Node8_Zero was a dupe; retransmit: 0, pkt_enqueue_time=2012746804427.9329, pkt_dequeue_time=2012746804427.9329, forwarded_or_dropped=1, reason_for_drop='Expiry'
DUPE: 2004322457993_Node0_Node8_Zero, Node2 id 2004322457993_Node0_Node8_Zero was a dupe; retransmit: 0, pkt_enqueue_time=2012746804427.9329, pkt_dequeue_time=2012746804427.9329, forwarded_or_dropped=1, reason_for_drop='Expiry'
DUPE: 2009541038241_Node0_Node8_Zero, Node6 id 2009541038241_Node0_Node8_Zero was a dupe; retransmit: 0, pkt_enqueue_time=2012750670715.8096, pkt_dequeue_time=2012750670715.8096, forwarded_or_dropped=1, reason_for_drop='Expiry'
DUPE: 2009677653825_Node0_Node8_Zero, Node6 id 2009677653825_Node0_Node8_Zero was a dupe; retransmit: 0, pkt_enqueue_time=2012756370370.355, pkt_dequeue_time=2012756370370.355, forwarded_or_dropped=1, reason_for_drop='Expiry'
DUPE: 2007797854860_Node0_Node8_Zero, Node6 id 2007797854860_Node0_Node8_Zero was a dupe; retransmit: 0, pkt_enqueue_time=2012762863018.9004, pkt_dequeue_time=2012762863018.9004, forwarded_or_dropped=1, reason_for_drop='Expiry'
DUPE: 2007240489887_Node0_Node8_Zero, Node6 id 2007240489887_Node0_Node8_Zero was a dupe; retransmit: 0, pkt_enqueue_time=2012769322673.4458, pkt_dequeue_time=2012769322673.4458, forwarded_or_dropped=1, reason_for_drop='Expiry'
DUPE: 2009426289935_Node0_Node8_Zero, Node2 id 2009426289935_Node0_Node8_Zero was a dupe; retransmit: 0, pkt_enqueue_time=2012782478300.6602, pkt_dequeue_time=2012782478300.6602, forwarded_or_dropped=1, reason_for_drop='Expiry'
DUPE: 2003825178794_Node0_Node8_Zero, Node6 id 2003825178794_Node0_Node8_Zero was a dupe; retransmit: 0, pkt_enqueue_time=2012784325327.5366, pkt_dequeue_time=2012784325327.5366, forwarded_or_dropped=1, reason_for_drop='Expiry'
DUPE: 2003857963321_Node0_Node8_Zero, Node6 id 2003857963321_Node0_Node8_Zero was a dupe; retransmit: 0, pkt_enqueue_time=2012791484982.082, pkt_dequeue_time=2012791484982.082, forwarded_or_dropped=1, reason_for_drop='Expiry'
DUPE: 2009502788549_Node0_Node8_Zero, Node2 id 2009502788549_Node0_Node8_Zero was a dupe; retransmit: 0, pkt_enqueue_time=2012796897955.2056, pkt_dequeue_time=2012796897955.2056, forwarded_or_dropped=1, reason_for_drop='Expiry'
Called Update: UpdateRouteCalls = 0, force = False
Called Update: UpdateRouteCalls = 1, force = False
Node.py: (Node2)@2012800000000.0: Updated MCS from 3 to 3, hist=deque([0.22727272727272727, 0.5833333333333334, 0.5, 0.5, 0.1], maxlen=5), packets_serviced=2, packets_received=20
Called Update: UpdateRouteCalls = 2, force = False
Called Update: UpdateRouteCalls = 3, force = False
Node.py: (Node4)@2012800000000.0: Updated MCS from 0 to 0, hist=deque([6.222222222222222, 4.333333333333333, 9.75, 6.333333333333333, 10.0], maxlen=5), packets_serviced=20, packets_received=2
Called Update: UpdateRouteCalls = 4, force = False
Called Update: UpdateRouteCalls = 5, force = False
Node.py: (Node6)@2012800000000.0: Updated MCS from 3 to 3, hist=deque([0.2733333333333333, 0.40789473684210525, 0.45774647887323944, 0.30201342281879195, 0.16101694915254236], maxlen=5), packets_serviced=19, packets_received=118
Called Update: UpdateRouteCalls = 6, force = False
Called Update: UpdateRouteCalls = 7, force = False
Called Update: UpdateRouteCalls = 8, force = False
Called Update: UpdateRouteCalls = 9, force = False
!! UPDATING !!
routeNo, updatedMCSIndex =  0 [0, 3, 0, 3]
DUPE: 2004082014573_Node0_Node8_Zero, Node6 id 2004082014573_Node0_Node8_Zero was a dupe; retransmit: 0, pkt_enqueue_time=2012800687923.6274, pkt_dequeue_time=2012800687923.6274, forwarded_or_dropped=1, reason_for_drop='Expiry'
DUPE: 2003868888751_Node0_Node8_Zero, Node6 id 2003868888751_Node0_Node8_Zero was a dupe; retransmit: 0, pkt_enqueue_time=2012808787578.1729, pkt_dequeue_time=2012808787578.1729, forwarded_or_dropped=1, reason_for_drop='Expiry'
DUPE: 2003726823784_Node0_Node8_Zero, Node2 id 2003726823784_Node0_Node8_Zero was a dupe; retransmit: 0, pkt_enqueue_time=2012814124481.751, pkt_dequeue_time=2012814124481.751, forwarded_or_dropped=1, reason_for_drop='Expiry'
DUPE: 2009601137840_Node0_Node8_Zero, Node6 id 2009601137840_Node0_Node8_Zero was a dupe; retransmit: 0, pkt_enqueue_time=2012817670578.7183, pkt_dequeue_time=2012817670578.7183, forwarded_or_dropped=1, reason_for_drop='Expiry'
DUPE: 2009628467405_Node0_Node8_Zero, Node6 id 2009628467405_Node0_Node8_Zero was a dupe; retransmit: 0, pkt_enqueue_time=2012821137450.7183, pkt_dequeue_time=2012821137450.7183, forwarded_or_dropped=1, reason_for_drop='Expiry'
DUPE: 2009633934071_Node0_Node8_Zero, Node6 id 2009633934071_Node0_Node8_Zero was a dupe; retransmit: 0, pkt_enqueue_time=2012830028493.2637, pkt_dequeue_time=2012830028493.2637, forwarded_or_dropped=1, reason_for_drop='Expiry'
DUPE: 2003792401462_Node0_Node8_Zero, Node6 id 2003792401462_Node0_Node8_Zero was a dupe; retransmit: 0, pkt_enqueue_time=2012841635019.809, pkt_dequeue_time=2012841635019.809, forwarded_or_dropped=1, reason_for_drop='Expiry'
DUPE: 2003819713120_Node0_Node8_Zero, Node6 id 2003819713120_Node0_Node8_Zero was a dupe; retransmit: 0, pkt_enqueue_time=2012845601891.809, pkt_dequeue_time=2012845601891.809, forwarded_or_dropped=1, reason_for_drop='Expiry'
DUPE: 2009371642352_Node0_Node8_Zero, Node6 id 2009371642352_Node0_Node8_Zero was a dupe; retransmit: 0, pkt_enqueue_time=2012855169546.3545, pkt_dequeue_time=2012855169546.3545, forwarded_or_dropped=1, reason_for_drop='Expiry'
DUPE: 2005125761314_Node0_Node8_Zero, Node2 id 2005125761314_Node0_Node8_Zero was a dupe; retransmit: 0, pkt_enqueue_time=2012857583445.3872, pkt_dequeue_time=2012857583445.3872, forwarded_or_dropped=1, reason_for_drop='Expiry'
DUPE: 2005131225565_Node0_Node8_Zero, Node2 id 2005131225565_Node0_Node8_Zero was a dupe; retransmit: 0, pkt_enqueue_time=2012857583445.3872, pkt_dequeue_time=2012857583445.3872, forwarded_or_dropped=1, reason_for_drop='Expiry'
DUPE: 2003863427930_Node0_Node8_Zero, Node6 id 2003863427930_Node0_Node8_Zero was a dupe; retransmit: 0, pkt_enqueue_time=2012866602732.9, pkt_dequeue_time=2012866602732.9, forwarded_or_dropped=1, reason_for_drop='Expiry'
DUPE: 2003617536495_Node0_Node8_Zero, Node2 id 2003617536495_Node0_Node8_Zero was a dupe; retransmit: 0, pkt_enqueue_time=2012872126009.0237, pkt_dequeue_time=2012872126009.0237, forwarded_or_dropped=1, reason_for_drop='Expiry'
DUPE: 2009235005982_Node0_Node8_Zero, Node6 id 2009235005982_Node0_Node8_Zero was a dupe; retransmit: 0, pkt_enqueue_time=2012877553488.4453, pkt_dequeue_time=2012877553488.4453, forwarded_or_dropped=1, reason_for_drop='Expiry'
DUPE: 2009142106322_Node0_Node8_Zero, Node2 id 2009142106322_Node0_Node8_Zero was a dupe; retransmit: 0, pkt_enqueue_time=2012886753663.569, pkt_dequeue_time=2012886753663.569, forwarded_or_dropped=1, reason_for_drop='Expiry'
DUPE: 2009147565829_Node0_Node8_Zero, Node2 id 2009147565829_Node0_Node8_Zero was a dupe; retransmit: 0, pkt_enqueue_time=2012886753663.569, pkt_dequeue_time=2012886753663.569, forwarded_or_dropped=1, reason_for_drop='Expiry'
DUPE: 2009568365643_Node0_Node8_Zero, Node6 id 2009568365643_Node0_Node8_Zero was a dupe; retransmit: 0, pkt_enqueue_time=2012889886951.9907, pkt_dequeue_time=2012889886951.9907, forwarded_or_dropped=1, reason_for_drop='Expiry'
DUPE: 2003541028941_Node0_Node8_Zero, Node2 id 2003541028941_Node0_Node8_Zero was a dupe; retransmit: 0, pkt_enqueue_time=2012901416227.2056, pkt_dequeue_time=2012901416227.2056, forwarded_or_dropped=1, reason_for_drop='Expiry'
DUPE: 2003568354107_Node0_Node8_Zero, Node2 id 2003568354107_Node0_Node8_Zero was a dupe; retransmit: 0, pkt_enqueue_time=2012903683099.2056, pkt_dequeue_time=2012903683099.2056, forwarded_or_dropped=1, reason_for_drop='Expiry'
DUPE: 2003759618939_Node0_Node8_Zero, Node6 id 2003759618939_Node0_Node8_Zero was a dupe; retransmit: 0, pkt_enqueue_time=2012905474195.5361, pkt_dequeue_time=2012905474195.5361, forwarded_or_dropped=1, reason_for_drop='Expiry'
DUPE: 2009382570150_Node0_Node8_Zero, Node2 id 2009382570150_Node0_Node8_Zero was a dupe; retransmit: 0, pkt_enqueue_time=2012918430753.751, pkt_dequeue_time=2012918430753.751, forwarded_or_dropped=1, reason_for_drop='Expiry'
DUPE: 2003814252055_Node0_Node8_Zero, Node6 id 2003814252055_Node0_Node8_Zero was a dupe; retransmit: 0, pkt_enqueue_time=2012921006781.0815, pkt_dequeue_time=2012921006781.0815, forwarded_or_dropped=1, reason_for_drop='Expiry'
DUPE: 2004404440753_Node0_Node8_Zero, Node2 id 2004404440753_Node0_Node8_Zero was a dupe; retransmit: 0, pkt_enqueue_time=2012933170408.2964, pkt_dequeue_time=2012933170408.2964, forwarded_or_dropped=1, reason_for_drop='Expiry'
DUPE: 2004409900879_Node0_Node8_Zero, Node2 id 2004409900879_Node0_Node8_Zero was a dupe; retransmit: 0, pkt_enqueue_time=2012933170408.2964, pkt_dequeue_time=2012933170408.2964, forwarded_or_dropped=1, reason_for_drop='Expiry'
DUPE: 2003732291290_Node0_Node8_Zero, Node6 id 2003732291290_Node0_Node8_Zero was a dupe; retransmit: 0, pkt_enqueue_time=2012937373695.627, pkt_dequeue_time=2012937373695.627, forwarded_or_dropped=1, reason_for_drop='Expiry'
DUPE: 2003530103443_Node0_Node8_Zero, Node2 id 2003530103443_Node0_Node8_Zero was a dupe; retransmit: 0, pkt_enqueue_time=2012947992971.9329, pkt_dequeue_time=2012947992971.9329, forwarded_or_dropped=1, reason_for_drop='Expiry'
DUPE: 2003710431341_Node0_Node8_Zero, Node6 id 2003710431341_Node0_Node8_Zero was a dupe; retransmit: 0, pkt_enqueue_time=2012954281069.1724, pkt_dequeue_time=2012954281069.1724, forwarded_or_dropped=1, reason_for_drop='Expiry'
DUPE: 2005459098470_Node0_Node8_Zero, Node2 id 2005459098470_Node0_Node8_Zero was a dupe; retransmit: 0, pkt_enqueue_time=2012963164626.4783, pkt_dequeue_time=2012963164626.4783, forwarded_or_dropped=1, reason_for_drop='Expiry'
DUPE: 2003765083314_Node0_Node8_Zero, Node6 id 2003765083314_Node0_Node8_Zero was a dupe; retransmit: 0, pkt_enqueue_time=2012972567525.7178, pkt_dequeue_time=2012972567525.7178, forwarded_or_dropped=1, reason_for_drop='Expiry'
DUPE: 2005038331752_Node0_Node8_Zero, Node2 id 2005038331752_Node0_Node8_Zero was a dupe; retransmit: 0, pkt_enqueue_time=2012981214062.1147, pkt_dequeue_time=2012981214062.1147, forwarded_or_dropped=1, reason_for_drop='Expiry'
DUPE: 2005043791630_Node0_Node8_Zero, Node2 id 2005043791630_Node0_Node8_Zero was a dupe; retransmit: 0, pkt_enqueue_time=2012981214062.1147, pkt_dequeue_time=2012981214062.1147, forwarded_or_dropped=1, reason_for_drop='Expiry'
DUPE: 2003754151562_Node0_Node8_Zero, Node6 id 2003754151562_Node0_Node8_Zero was a dupe; retransmit: 0, pkt_enqueue_time=2012990592350.2632, pkt_dequeue_time=2012990592350.2632, forwarded_or_dropped=1, reason_for_drop='Expiry'
DUPE: 2003202270086_Node0_Node8_Zero, Node2 id 2003202270086_Node0_Node8_Zero was a dupe; retransmit: 0, pkt_enqueue_time=2012995596625.7512, pkt_dequeue_time=2012995596625.7512, forwarded_or_dropped=1, reason_for_drop='Expiry'
main.py: Progress: 2013 / 2014
Called Update: UpdateRouteCalls = 0, force = True
!! UPDATING !!
routeNo, updatedMCSIndex =  0 [0, 3, 0, 3]

rf.py: Time: 2013 Route details: {0: {'Route': [0, 2, 4, 6, 8], 'MCS_Index': [0, 3, 0, 3], 'Priority': 1, 'ValidRoute': True, 'HQRoute': True, 'RouteNodeDensity': [1, 2, 2, 2, 1], 'InterferingLinks': 8, 'Target': (-1, -1)}}
DUPE: 2003748687185_Node0_Node8_Zero, Node6 id 2003748687185_Node0_Node8_Zero was a dupe; retransmit: 0, pkt_enqueue_time=2013008385950.8086, pkt_dequeue_time=2013008385950.8086, forwarded_or_dropped=1, reason_for_drop='Expiry'
DUPE: 2003437198160_Node0_Node8_Zero, Node2 id 2003437198160_Node0_Node8_Zero was a dupe; retransmit: 0, pkt_enqueue_time=2013026118116.6602, pkt_dequeue_time=2013026118116.6602, forwarded_or_dropped=1, reason_for_drop='Expiry'
DUPE: 2003743218210_Node0_Node8_Zero, Node6 id 2003743218210_Node0_Node8_Zero was a dupe; retransmit: 0, pkt_enqueue_time=2013027549405.354, pkt_dequeue_time=2013027549405.354, forwarded_or_dropped=1, reason_for_drop='Expiry'
DUPE: 2003513706715_Node0_Node8_Zero, Node2 id 2003513706715_Node0_Node8_Zero was a dupe; retransmit: 0, pkt_enqueue_time=2013041523680.2966, pkt_dequeue_time=2013041523680.2966, forwarded_or_dropped=1, reason_for_drop='Expiry'
DUPE: 2003781468945_Node0_Node8_Zero, Node6 id 2003781468945_Node0_Node8_Zero was a dupe; retransmit: 0, pkt_enqueue_time=2013045459776.8994, pkt_dequeue_time=2013045459776.8994, forwarded_or_dropped=1, reason_for_drop='Expiry'
DUPE: 2003786933438_Node0_Node8_Zero, Node6 id 2003786933438_Node0_Node8_Zero was a dupe; retransmit: 0, pkt_enqueue_time=2013051366648.8994, pkt_dequeue_time=2013051366648.8994, forwarded_or_dropped=1, reason_for_drop='Expiry'
DUPE: 2003284220149_Node0_Node8_Zero, Node2 id 2003284220149_Node0_Node8_Zero was a dupe; retransmit: 0, pkt_enqueue_time=2013056943334.842, pkt_dequeue_time=2013056943334.842, forwarded_or_dropped=1, reason_for_drop='Expiry'
DUPE: 2003289681966_Node0_Node8_Zero, Node2 id 2003289681966_Node0_Node8_Zero was a dupe; retransmit: 0, pkt_enqueue_time=2013056943334.842, pkt_dequeue_time=2013056943334.842, forwarded_or_dropped=1, reason_for_drop='Expiry'
DUPE: 2003322448535_Node0_Node8_Zero, Node2 id 2003322448535_Node0_Node8_Zero was a dupe; retransmit: 0, pkt_enqueue_time=2013058000206.842, pkt_dequeue_time=2013058000206.842, forwarded_or_dropped=1, reason_for_drop='Expiry'
DUPE: 2003737757911_Node0_Node8_Zero, Node6 id 2003737757911_Node0_Node8_Zero was a dupe; retransmit: 0, pkt_enqueue_time=2013071673010.4448, pkt_dequeue_time=2013071673010.4448, forwarded_or_dropped=1, reason_for_drop='Expiry'
DUPE: 2003776003773_Node0_Node8_Zero, Node6 id 2003776003773_Node0_Node8_Zero was a dupe; retransmit: 0, pkt_enqueue_time=2013091522794.9902, pkt_dequeue_time=2013091522794.9902, forwarded_or_dropped=1, reason_for_drop='Expiry'
DUPE: 2009196757411_Node0_Node8_Zero, Node2 id 2009196757411_Node0_Node8_Zero was a dupe; retransmit: 0, pkt_enqueue_time=2013104357352.2964, pkt_dequeue_time=2013104357352.2964, forwarded_or_dropped=1, reason_for_drop='Expiry'
DUPE: 2009202223845_Node0_Node8_Zero, Node2 id 2009202223845_Node0_Node8_Zero was a dupe; retransmit: 0, pkt_enqueue_time=2013104357352.2964, pkt_dequeue_time=2013104357352.2964, forwarded_or_dropped=1, reason_for_drop='Expiry'
DUPE: 2003803323803_Node0_Node8_Zero, Node6 id 2003803323803_Node0_Node8_Zero was a dupe; retransmit: 0, pkt_enqueue_time=2013113698651.5356, pkt_dequeue_time=2013113698651.5356, forwarded_or_dropped=1, reason_for_drop='Expiry'
DUPE: 2003797863562_Node0_Node8_Zero, Node6 id 2003797863562_Node0_Node8_Zero was a dupe; retransmit: 0, pkt_enqueue_time=2013136412337.081, pkt_dequeue_time=2013136412337.081, forwarded_or_dropped=1, reason_for_drop='Expiry'
DUPE: 2009366179727_Node0_Node8_Zero, Node2 id 2009366179727_Node0_Node8_Zero was a dupe; retransmit: 0, pkt_enqueue_time=2013137689806.1147, pkt_dequeue_time=2013137689806.1147, forwarded_or_dropped=1, reason_for_drop='Expiry'
DUPE: 2009344326518_Node0_Node8_Zero, Node2 id 2009344326518_Node0_Node8_Zero was a dupe; retransmit: 0, pkt_enqueue_time=2013153295460.6602, pkt_dequeue_time=2013153295460.6602, forwarded_or_dropped=1, reason_for_drop='Expiry'
DUPE: 2003688571756_Node0_Node8_Zero, Node6 id 2003688571756_Node0_Node8_Zero was a dupe; retransmit: 0, pkt_enqueue_time=2013158704487.6265, pkt_dequeue_time=2013158704487.6265, forwarded_or_dropped=1, reason_for_drop='Expiry'
DUPE: 2003699496905_Node0_Node8_Zero, Node6 id 2003699496905_Node0_Node8_Zero was a dupe; retransmit: 0, pkt_enqueue_time=2013160831359.6265, pkt_dequeue_time=2013160831359.6265, forwarded_or_dropped=1, reason_for_drop='Expiry'
DUPE: 2005530137821_Node0_Node8_Zero, Node2 id 2005530137821_Node0_Node8_Zero was a dupe; retransmit: 0, pkt_enqueue_time=2013168895115.2056, pkt_dequeue_time=2013168895115.2056, forwarded_or_dropped=1, reason_for_drop='Expiry'
DUPE: 2005535597912_Node0_Node8_Zero, Node2 id 2005535597912_Node0_Node8_Zero was a dupe; retransmit: 0, pkt_enqueue_time=2013168895115.2056, pkt_dequeue_time=2013168895115.2056, forwarded_or_dropped=1, reason_for_drop='Expiry'
DUPE: 2004754161088_Node0_Node8_Zero, Node2 id 2004754161088_Node0_Node8_Zero was a dupe; retransmit: 0, pkt_enqueue_time=2013184517678.842, pkt_dequeue_time=2013184517678.842, forwarded_or_dropped=1, reason_for_drop='Expiry'
DUPE: 2004759625986_Node0_Node8_Zero, Node2 id 2004759625986_Node0_Node8_Zero was a dupe; retransmit: 0, pkt_enqueue_time=2013184517678.842, pkt_dequeue_time=2013184517678.842, forwarded_or_dropped=1, reason_for_drop='Expiry'
Called Update: UpdateRouteCalls = 0, force = False
Called Update: UpdateRouteCalls = 1, force = False
Node.py: (Node2)@2013200000000.0: Updated MCS from 3 to 3, hist=deque([0.5833333333333334, 0.5, 0.5, 0.1, 0.0], maxlen=5), packets_serviced=0, packets_received=33
Called Update: UpdateRouteCalls = 2, force = False
Called Update: UpdateRouteCalls = 3, force = False
Called Update: UpdateRouteCalls = 4, force = False
Called Update: UpdateRouteCalls = 5, force = False
Node.py: (Node6)@2013200000000.0: Updated MCS from 3 to 3, hist=deque([0.40789473684210525, 0.45774647887323944, 0.30201342281879195, 0.16101694915254236, 0.0], maxlen=5), packets_serviced=0, packets_received=28
Called Update: UpdateRouteCalls = 6, force = False
Called Update: UpdateRouteCalls = 7, force = False
Called Update: UpdateRouteCalls = 8, force = False
Called Update: UpdateRouteCalls = 9, force = False
!! UPDATING !!
routeNo, updatedMCSIndex =  0 [0, 3, 0, 3]
DUPE: 2003311528013_Node0_Node8_Zero, Node2 id 2003311528013_Node0_Node8_Zero was a dupe; retransmit: 0, pkt_enqueue_time=2013200220242.4785, pkt_dequeue_time=2013200220242.4785, forwarded_or_dropped=1, reason_for_drop='Expiry'
DUPE: 2003316987864_Node0_Node8_Zero, Node2 id 2003316987864_Node0_Node8_Zero was a dupe; retransmit: 0, pkt_enqueue_time=2013200220242.4785, pkt_dequeue_time=2013200220242.4785, forwarded_or_dropped=1, reason_for_drop='Expiry'
DUPE: 2005366200108_Node0_Node8_Zero, Node2 id 2005366200108_Node0_Node8_Zero was a dupe; retransmit: 0, pkt_enqueue_time=2013215975806.115, pkt_dequeue_time=2013215975806.115, forwarded_or_dropped=1, reason_for_drop='Expiry'
DUPE: 2003508243164_Node0_Node8_Zero, Node2 id 2003508243164_Node0_Node8_Zero was a dupe; retransmit: 0, pkt_enqueue_time=2013231735460.6604, pkt_dequeue_time=2013231735460.6604, forwarded_or_dropped=1, reason_for_drop='Expiry'
DUPE: 2003524634921_Node0_Node8_Zero, Node2 id 2003524634921_Node0_Node8_Zero was a dupe; retransmit: 0, pkt_enqueue_time=2013235562332.6604, pkt_dequeue_time=2013235562332.6604, forwarded_or_dropped=1, reason_for_drop='Expiry'
DUPE: 2004852536011_Node0_Node8_Zero, Node2 id 2004852536011_Node0_Node8_Zero was a dupe; retransmit: 0, pkt_enqueue_time=2013251301987.2058, pkt_dequeue_time=2013251301987.2058, forwarded_or_dropped=1, reason_for_drop='Expiry'
DUPE: 2004858004979_Node0_Node8_Zero, Node2 id 2004858004979_Node0_Node8_Zero was a dupe; retransmit: 0, pkt_enqueue_time=2013251301987.2058, pkt_dequeue_time=2013251301987.2058, forwarded_or_dropped=1, reason_for_drop='Expiry'
DUPE: 2000710426707_Node0_Node8_Zero, Node2 id 2000710426707_Node0_Node8_Zero was a dupe; retransmit: 0, pkt_enqueue_time=2013267224550.8423, pkt_dequeue_time=2013267224550.8423, forwarded_or_dropped=1, reason_for_drop='Expiry'
DUPE: 2000715888311_Node0_Node8_Zero, Node2 id 2000715888311_Node0_Node8_Zero was a dupe; retransmit: 0, pkt_enqueue_time=2013267224550.8423, pkt_dequeue_time=2013267224550.8423, forwarded_or_dropped=1, reason_for_drop='Expiry'
DUPE: 2009535576652_Node0_Node8_Zero, Node2 id 2009535576652_Node0_Node8_Zero was a dupe; retransmit: 0, pkt_enqueue_time=2013283207114.4788, pkt_dequeue_time=2013283207114.4788, forwarded_or_dropped=1, reason_for_drop='Expiry'
DUPE: 2005147628493_Node0_Node8_Zero, Node2 id 2005147628493_Node0_Node8_Zero was a dupe; retransmit: 0, pkt_enqueue_time=2013299226769.0242, pkt_dequeue_time=2013299226769.0242, forwarded_or_dropped=1, reason_for_drop='Expiry'
DUPE: 2005153090388_Node0_Node8_Zero, Node2 id 2005153090388_Node0_Node8_Zero was a dupe; retransmit: 0, pkt_enqueue_time=2013299226769.0242, pkt_dequeue_time=2013299226769.0242, forwarded_or_dropped=1, reason_for_drop='Expiry'
DUPE: 2009448150941_Node0_Node8_Zero, Node2 id 2009448150941_Node0_Node8_Zero was a dupe; retransmit: 0, pkt_enqueue_time=2013315329332.6606, pkt_dequeue_time=2013315329332.6606, forwarded_or_dropped=1, reason_for_drop='Expiry'
DUPE: 2009677653825_Node0_Node8_Zero, Node2 id 2009677653825_Node0_Node8_Zero was a dupe; retransmit: 0, pkt_enqueue_time=2013331628987.206, pkt_dequeue_time=2013331628987.206, forwarded_or_dropped=1, reason_for_drop='Expiry'
DUPE: 2003306068390_Node0_Node8_Zero, Node2 id 2003306068390_Node0_Node8_Zero was a dupe; retransmit: 0, pkt_enqueue_time=2013377327386.4788, pkt_dequeue_time=2013377327386.4788, forwarded_or_dropped=1, reason_for_drop='Expiry'
DUPE: 2009120253567_Node0_Node8_Zero, Node2 id 2009120253567_Node0_Node8_Zero was a dupe; retransmit: 0, pkt_enqueue_time=2013393829222.8423, pkt_dequeue_time=2013393829222.8423, forwarded_or_dropped=1, reason_for_drop='Expiry'
DUPE: 2009125713641_Node0_Node8_Zero, Node2 id 2009125713641_Node0_Node8_Zero was a dupe; retransmit: 0, pkt_enqueue_time=2013393829222.8423, pkt_dequeue_time=2013393829222.8423, forwarded_or_dropped=1, reason_for_drop='Expiry'
DUPE: 2009131176603_Node0_Node8_Zero, Node2 id 2009131176603_Node0_Node8_Zero was a dupe; retransmit: 0, pkt_enqueue_time=2013403626094.8423, pkt_dequeue_time=2013403626094.8423, forwarded_or_dropped=1, reason_for_drop='Expiry'
DUPE: 2009136644919_Node0_Node8_Zero, Node2 id 2009136644919_Node0_Node8_Zero was a dupe; retransmit: 0, pkt_enqueue_time=2013403626094.8423, pkt_dequeue_time=2013403626094.8423, forwarded_or_dropped=1, reason_for_drop='Expiry'
DUPE: 2004765095208_Node0_Node8_Zero, Node2 id 2004765095208_Node0_Node8_Zero was a dupe; retransmit: 0, pkt_enqueue_time=2013420128658.4788, pkt_dequeue_time=2013420128658.4788, forwarded_or_dropped=1, reason_for_drop='Expiry'
DUPE: 2004770559335_Node0_Node8_Zero, Node2 id 2004770559335_Node0_Node8_Zero was a dupe; retransmit: 0, pkt_enqueue_time=2013420128658.4788, pkt_dequeue_time=2013420128658.4788, forwarded_or_dropped=1, reason_for_drop='Expiry'
DUPE: 2009650336162_Node0_Node8_Zero, Node2 id 2009650336162_Node0_Node8_Zero was a dupe; retransmit: 0, pkt_enqueue_time=2013436707222.1152, pkt_dequeue_time=2013436707222.1152, forwarded_or_dropped=1, reason_for_drop='Expiry'
DUPE: 2009163955839_Node0_Node8_Zero, Node2 id 2009163955839_Node0_Node8_Zero was a dupe; retransmit: 0, pkt_enqueue_time=2013453366876.6606, pkt_dequeue_time=2013453366876.6606, forwarded_or_dropped=1, reason_for_drop='Expiry'
DUPE: 2009289671781_Node0_Node8_Zero, Node2 id 2009289671781_Node0_Node8_Zero was a dupe; retransmit: 0, pkt_enqueue_time=2013486783458.479, pkt_dequeue_time=2013486783458.479, forwarded_or_dropped=1, reason_for_drop='Expiry'
DUPE: 2005448175481_Node0_Node8_Zero, Node2 id 2005448175481_Node0_Node8_Zero was a dupe; retransmit: 0, pkt_enqueue_time=2013503659113.0244, pkt_dequeue_time=2013503659113.0244, forwarded_or_dropped=1, reason_for_drop='Expiry'
DUPE: 2009065608110_Node0_Node8_Zero, Node2 id 2009065608110_Node0_Node8_Zero was a dupe; retransmit: 0, pkt_enqueue_time=2013520518767.5698, pkt_dequeue_time=2013520518767.5698, forwarded_or_dropped=1, reason_for_drop='Expiry'
DUPE: 2009071070666_Node0_Node8_Zero, Node2 id 2009071070666_Node0_Node8_Zero was a dupe; retransmit: 0, pkt_enqueue_time=2013520518767.5698, pkt_dequeue_time=2013520518767.5698, forwarded_or_dropped=1, reason_for_drop='Expiry'
DUPE: 2009453610545_Node0_Node8_Zero, Node2 id 2009453610545_Node0_Node8_Zero was a dupe; retransmit: 0, pkt_enqueue_time=2013537441331.2063, pkt_dequeue_time=2013537441331.2063, forwarded_or_dropped=1, reason_for_drop='Expiry'
DUPE: 2003644860821_Node0_Node8_Zero, Node2 id 2003644860821_Node0_Node8_Zero was a dupe; retransmit: 0, pkt_enqueue_time=2013554420985.7517, pkt_dequeue_time=2013554420985.7517, forwarded_or_dropped=1, reason_for_drop='Expiry'
DUPE: 2003688571756_Node0_Node8_Zero, Node2 id 2003688571756_Node0_Node8_Zero was a dupe; retransmit: 0, pkt_enqueue_time=2013557167857.7517, pkt_dequeue_time=2013557167857.7517, forwarded_or_dropped=1, reason_for_drop='Expiry'
DUPE: 2004797891675_Node0_Node8_Zero, Node2 id 2004797891675_Node0_Node8_Zero was a dupe; retransmit: 0, pkt_enqueue_time=2013574207512.297, pkt_dequeue_time=2013574207512.297, forwarded_or_dropped=1, reason_for_drop='Expiry'
DUPE: 2004803357774_Node0_Node8_Zero, Node2 id 2004803357774_Node0_Node8_Zero was a dupe; retransmit: 0, pkt_enqueue_time=2013574207512.297, pkt_dequeue_time=2013574207512.297, forwarded_or_dropped=1, reason_for_drop='Expiry'
DUPE: 2005185875897_Node0_Node8_Zero, Node2 id 2005185875897_Node0_Node8_Zero was a dupe; retransmit: 0, pkt_enqueue_time=2013593346038.8425, pkt_dequeue_time=2013593346038.8425, forwarded_or_dropped=1, reason_for_drop='Expiry'
Called Update: UpdateRouteCalls = 0, force = False
Called Update: UpdateRouteCalls = 1, force = False
Node.py: (Node2)@2013600000000.0: Updated MCS from 3 to 3, hist=deque([0.5, 0.5, 0.1, 0.0, 0.0], maxlen=5), packets_serviced=0, packets_received=41
Called Update: UpdateRouteCalls = 2, force = False
Called Update: UpdateRouteCalls = 3, force = False
Called Update: UpdateRouteCalls = 4, force = False
Called Update: UpdateRouteCalls = 5, force = False
Called Update: UpdateRouteCalls = 6, force = False
Called Update: UpdateRouteCalls = 7, force = False
Called Update: UpdateRouteCalls = 8, force = False
Called Update: UpdateRouteCalls = 9, force = False
!! UPDATING !!
routeNo, updatedMCSIndex =  0 [0, 3, 0, 3]
DUPE: 2003213200920_Node0_Node8_Zero, Node2 id 2003213200920_Node0_Node8_Zero was a dupe; retransmit: 0, pkt_enqueue_time=2013629494401.7515, pkt_dequeue_time=2013629494401.7515, forwarded_or_dropped=1, reason_for_drop='Expiry'
DUPE: 2003901681882_Node0_Node8_Zero, Node2 id 2003901681882_Node0_Node8_Zero was a dupe; retransmit: 0, pkt_enqueue_time=2013646916238.115, pkt_dequeue_time=2013646916238.115, forwarded_or_dropped=1, reason_for_drop='Expiry'
DUPE: 2009180354959_Node0_Node8_Zero, Node2 id 2009180354959_Node0_Node8_Zero was a dupe; retransmit: 0, pkt_enqueue_time=2013664395892.6604, pkt_dequeue_time=2013664395892.6604, forwarded_or_dropped=1, reason_for_drop='Expiry'
DUPE: 2005371669139_Node0_Node8_Zero, Node2 id 2005371669139_Node0_Node8_Zero was a dupe; retransmit: 0, pkt_enqueue_time=2013682018456.2969, pkt_dequeue_time=2013682018456.2969, forwarded_or_dropped=1, reason_for_drop='Expiry'
DUPE: 2009043746353_Node0_Node8_Zero, Node2 id 2009043746353_Node0_Node8_Zero was a dupe; retransmit: 0, pkt_enqueue_time=2013699778110.8423, pkt_dequeue_time=2013699778110.8423, forwarded_or_dropped=1, reason_for_drop='Expiry'
DUPE: 2009049215048_Node0_Node8_Zero, Node2 id 2009049215048_Node0_Node8_Zero was a dupe; retransmit: 0, pkt_enqueue_time=2013699778110.8423, pkt_dequeue_time=2013699778110.8423, forwarded_or_dropped=1, reason_for_drop='Expiry'
DUPE: 2009109328460_Node0_Node8_Zero, Node2 id 2009109328460_Node0_Node8_Zero was a dupe; retransmit: 0, pkt_enqueue_time=2013717551674.4788, pkt_dequeue_time=2013717551674.4788, forwarded_or_dropped=1, reason_for_drop='Expiry'
DUPE: 2009114793190_Node0_Node8_Zero, Node2 id 2009114793190_Node0_Node8_Zero was a dupe; retransmit: 0, pkt_enqueue_time=2013717551674.4788, pkt_dequeue_time=2013717551674.4788, forwarded_or_dropped=1, reason_for_drop='Expiry'
DUPE: 2004863467617_Node0_Node8_Zero, Node2 id 2004863467617_Node0_Node8_Zero was a dupe; retransmit: 0, pkt_enqueue_time=2013735394238.1152, pkt_dequeue_time=2013735394238.1152, forwarded_or_dropped=1, reason_for_drop='Expiry'
DUPE: 2004868930449_Node0_Node8_Zero, Node2 id 2004868930449_Node0_Node8_Zero was a dupe; retransmit: 0, pkt_enqueue_time=2013735394238.1152, pkt_dequeue_time=2013735394238.1152, forwarded_or_dropped=1, reason_for_drop='Expiry'
DUPE: 2009388037755_Node0_Node8_Zero, Node2 id 2009388037755_Node0_Node8_Zero was a dupe; retransmit: 0, pkt_enqueue_time=2013771146819.9336, pkt_dequeue_time=2013771146819.9336, forwarded_or_dropped=1, reason_for_drop='Expiry'
DUPE: 2005508276904_Node0_Node8_Zero, Node2 id 2005508276904_Node0_Node8_Zero was a dupe; retransmit: 0, pkt_enqueue_time=2013789046474.479, pkt_dequeue_time=2013789046474.479, forwarded_or_dropped=1, reason_for_drop='Expiry'
DUPE: 2005513741120_Node0_Node8_Zero, Node2 id 2005513741120_Node0_Node8_Zero was a dupe; retransmit: 0, pkt_enqueue_time=2013789046474.479, pkt_dequeue_time=2013789046474.479, forwarded_or_dropped=1, reason_for_drop='Expiry'
DUPE: 2003584743215_Node0_Node8_Zero, Node2 id 2003584743215_Node0_Node8_Zero was a dupe; retransmit: 0, pkt_enqueue_time=2013825237692.661, pkt_dequeue_time=2013825237692.661, forwarded_or_dropped=1, reason_for_drop='Expiry'
DUPE: 2003224127082_Node0_Node8_Zero, Node2 id 2003224127082_Node0_Node8_Zero was a dupe; retransmit: 0, pkt_enqueue_time=2013842617347.2063, pkt_dequeue_time=2013842617347.2063, forwarded_or_dropped=1, reason_for_drop='Expiry'
DUPE: 2003251438090_Node0_Node8_Zero, Node2 id 2003251438090_Node0_Node8_Zero was a dupe; retransmit: 0, pkt_enqueue_time=2013845014219.2063, pkt_dequeue_time=2013845014219.2063, forwarded_or_dropped=1, reason_for_drop='Expiry'
DUPE: 2003360697244_Node0_Node8_Zero, Node2 id 2003360697244_Node0_Node8_Zero was a dupe; retransmit: 0, pkt_enqueue_time=2013863256055.5698, pkt_dequeue_time=2013863256055.5698, forwarded_or_dropped=1, reason_for_drop='Expiry'
DUPE: 2003366157714_Node0_Node8_Zero, Node2 id 2003366157714_Node0_Node8_Zero was a dupe; retransmit: 0, pkt_enqueue_time=2013863256055.5698, pkt_dequeue_time=2013863256055.5698, forwarded_or_dropped=1, reason_for_drop='Expiry'
DUPE: 2003633932889_Node0_Node8_Zero, Node2 id 2003633932889_Node0_Node8_Zero was a dupe; retransmit: 0, pkt_enqueue_time=2013881637619.2063, pkt_dequeue_time=2013881637619.2063, forwarded_or_dropped=1, reason_for_drop='Expiry'
DUPE: 2003639395266_Node0_Node8_Zero, Node2 id 2003639395266_Node0_Node8_Zero was a dupe; retransmit: 0, pkt_enqueue_time=2013886384491.2063, pkt_dequeue_time=2013886384491.2063, forwarded_or_dropped=1, reason_for_drop='Expiry'
DUPE: 2009338860974_Node0_Node8_Zero, Node2 id 2009338860974_Node0_Node8_Zero was a dupe; retransmit: 0, pkt_enqueue_time=2013904764145.7517, pkt_dequeue_time=2013904764145.7517, forwarded_or_dropped=1, reason_for_drop='Expiry'
DUPE: 2005278780902_Node0_Node8_Zero, Node2 id 2005278780902_Node0_Node8_Zero was a dupe; retransmit: 0, pkt_enqueue_time=2013923223800.297, pkt_dequeue_time=2013923223800.297, forwarded_or_dropped=1, reason_for_drop='Expiry'
DUPE: 2005426326000_Node0_Node8_Zero, Node2 id 2005426326000_Node0_Node8_Zero was a dupe; retransmit: 0, pkt_enqueue_time=2013947570326.8425, pkt_dequeue_time=2013947570326.8425, forwarded_or_dropped=1, reason_for_drop='Expiry'
DUPE: 2003628465315_Node0_Node8_Zero, Node2 id 2003628465315_Node0_Node8_Zero was a dupe; retransmit: 0, pkt_enqueue_time=2013966229981.388, pkt_dequeue_time=2013966229981.388, forwarded_or_dropped=1, reason_for_drop='Expiry'
DUPE: 2005060184858_Node0_Node8_Zero, Node2 id 2005060184858_Node0_Node8_Zero was a dupe; retransmit: 0, pkt_enqueue_time=2013984886635.9333, pkt_dequeue_time=2013984886635.9333, forwarded_or_dropped=1, reason_for_drop='Expiry'
DUPE: 2005065653915_Node0_Node8_Zero, Node2 id 2005065653915_Node0_Node8_Zero was a dupe; retransmit: 0, pkt_enqueue_time=2013984886635.9333, pkt_dequeue_time=2013984886635.9333, forwarded_or_dropped=1, reason_for_drop='Expiry'

Total number of generated packets: 3708
Total number of delivered packets: 3694 # Use all_stats.csv to check PDR
Average number of packets genetated every second: 264.85714285714283
Average number of packets delivered every second: 263.85714285714283
Standard deviation of packets genetated every second: 144.78992523300644
Standard deviation of packets delivered every second: 142.37769545566223
Average number of packets genetated every millisecond: 0.26485714285714285
Average number of packets delivered every millisecond: 0.26385714285714285
Standard deviation of packets genetated every millisecond: 0.48210177602761384
Standard deviation of packets delivered every millisecond: 0.4712681761773768
Average delay: 426.3559536625107
Standard deviation of delay: 1446.7322004709135
Minimum delay: 0.5034359998535365
Maximum delay: 11505.106097079115
Total number of retransmissions: 6523
Node0
Avg Received Power: 3.34e-13, Node2: [Avg:3.66e-12, Max:1.58e-11, Min:7.57e-13], Node4: [Avg:2.26e-13, Max:1.04e-12, Min:1.31e-13], Node6: [Avg:4.30e-13, Max:9.85e-13, Min:8.41e-14], 
Avg INTF: 8.91e-13, Node2: [Avg:3.66e-12, Max:1.58e-11, Min:7.57e-13], Node4: [Avg:2.26e-13, Max:1.04e-12, Min:1.31e-13], Node6: [Avg:4.30e-13, Max:9.85e-13, Min:8.41e-14], 
Self Tx power: RTS: (Avg: 0.0221, Min: 0.0077, Max: 0.1594), CTS: (Avg: 0.0096, Min: 0.0077, Max: 0.0201), ACK: (Avg: nan, Min: inf, Max: -inf), Data: (Avg: 0.0208, Min: 0.0053, Max: 0.1594)
CTS retry: 702, ACK retry: 1927, # Receiver Drops: 19, # Pkts Receiver Drops: 19, # Sent ACKs: 0, # Pkts ACK sent for: 0, # Retransmissions: 2629, # Pkts Retransmitted: 4164, # Receptions: 0, # Pkts Received: 0, # Forwards: 446, # Pkts Forwarded: 1109

Node1
Avg Received Power: 2.99e-12, Node0: [Avg:5.73e-12, Max:6.30e-11, Min:2.10e-12], Node2: [Avg:1.46e-11, Max:6.30e-11, Min:3.03e-12], Node4: [Avg:3.76e-13, Max:1.86e-12, Min:2.34e-13], Node6: [Avg:6.13e-13, Max:1.42e-12, Min:1.21e-13], 
Avg INTF: 3.89e-12, Node0: [Avg:5.73e-12, Max:6.30e-11, Min:2.10e-12], Node2: [Avg:1.46e-11, Max:6.30e-11, Min:3.03e-12], Node4: [Avg:3.76e-13, Max:1.86e-12, Min:2.34e-13], Node6: [Avg:6.13e-13, Max:1.42e-12, Min:1.21e-13], 
Self Tx power: RTS: (Avg: nan, Min: inf, Max: -inf), CTS: (Avg: nan, Min: inf, Max: -inf), ACK: (Avg: nan, Min: inf, Max: -inf), Data: (Avg: nan, Min: inf, Max: -inf)
CTS retry: 0, ACK retry: 0, # Receiver Drops: 0, # Pkts Receiver Drops: 0, # Sent ACKs: 0, # Pkts ACK sent for: 0, # Retransmissions: 0, # Pkts Retransmitted: 0, # Receptions: 0, # Pkts Received: 0, # Forwards: 0, # Pkts Forwarded: 0

Node2
Avg Received Power: 7.80e-13, Node0: [Avg:1.43e-12, Max:1.58e-11, Min:5.26e-13], Node4: [Avg:8.46e-13, Max:4.18e-12, Min:5.26e-13], Node6: [Avg:9.58e-13, Max:2.22e-12, Min:1.89e-13], 
Avg INTF: 8.63e-13, Node4: [Avg:8.46e-13, Max:4.18e-12, Min:5.26e-13], Node6: [Avg:9.58e-13, Max:2.22e-12, Min:1.89e-13], 
Self Tx power: RTS: (Avg: 0.0379, Min: 0.0106, Max: 0.1594), CTS: (Avg: 0.0082, Min: 0.0077, Max: 0.0201), ACK: (Avg: 0.0077, Min: 0.0077, Max: 0.0077), Data: (Avg: 0.0379, Min: 0.0106, Max: 0.1594)
CTS retry: 22, ACK retry: 175, # Receiver Drops: 730, # Pkts Receiver Drops: 1081, # Sent ACKs: 1905, # Pkts ACK sent for: 3304, # Retransmissions: 197, # Pkts Retransmitted: 355, # Receptions: 1905, # Pkts Received: 3192, # Forwards: 633, # Pkts Forwarded: 1642

Node3
Avg Received Power: 2.43e-12, Node0: [Avg:6.37e-13, Max:7.00e-12, Min:2.34e-13], Node2: [Avg:1.46e-11, Max:6.30e-11, Min:3.03e-12], Node4: [Avg:3.38e-12, Max:1.67e-11, Min:2.10e-12], Node6: [Avg:1.70e-12, Max:3.94e-12, Min:3.37e-13], 
Avg INTF: 3.17e-12, Node0: [Avg:6.37e-13, Max:7.00e-12, Min:2.34e-13], Node2: [Avg:1.46e-11, Max:6.30e-11, Min:3.03e-12], Node4: [Avg:3.38e-12, Max:1.67e-11, Min:2.10e-12], Node6: [Avg:1.70e-12, Max:3.94e-12, Min:3.37e-13], 
Self Tx power: RTS: (Avg: nan, Min: inf, Max: -inf), CTS: (Avg: nan, Min: inf, Max: -inf), ACK: (Avg: nan, Min: inf, Max: -inf), Data: (Avg: nan, Min: inf, Max: -inf)
CTS retry: 0, ACK retry: 0, # Receiver Drops: 0, # Pkts Receiver Drops: 0, # Sent ACKs: 0, # Pkts ACK sent for: 0, # Retransmissions: 0, # Pkts Retransmitted: 0, # Receptions: 0, # Pkts Received: 0, # Forwards: 0, # Pkts Forwarded: 0

Node4
Avg Received Power: 5.66e-13, Node0: [Avg:3.75e-13, Max:3.94e-12, Min:1.31e-13], Node2: [Avg:3.65e-12, Max:1.58e-11, Min:7.57e-13], Node6: [Avg:3.83e-12, Max:8.87e-12, Min:7.57e-13], 
Avg INTF: 1.02e-12, Node0: [Avg:3.75e-13, Max:3.94e-12, Min:1.31e-13], Node6: [Avg:3.83e-12, Max:8.87e-12, Min:7.57e-13], 
Self Tx power: RTS: (Avg: 0.0127, Min: 0.0077, Max: 0.0447), CTS: (Avg: 0.0098, Min: 0.0077, Max: 0.0201), ACK: (Avg: 0.0077, Min: 0.0077, Max: 0.0077), Data: (Avg: 0.0106, Min: 0.0053, Max: 0.0447)
CTS retry: 90, ACK retry: 1608, # Receiver Drops: 485, # Pkts Receiver Drops: 519, # Sent ACKs: 705, # Pkts ACK sent for: 1756, # Retransmissions: 1698, # Pkts Retransmitted: 1833, # Receptions: 705, # Pkts Received: 1747, # Forwards: 309, # Pkts Forwarded: 611

Node5
Avg Received Power: 2.16e-12, Node0: [Avg:2.29e-13, Max:2.52e-12, Min:8.41e-14], Node2: [Avg:1.62e-12, Max:7.00e-12, Min:3.37e-13], Node4: [Avg:3.38e-12, Max:1.67e-11, Min:2.10e-12], Node6: [Avg:1.53e-11, Max:3.55e-11, Min:3.03e-12], 
Avg INTF: 2.82e-12, Node0: [Avg:2.29e-13, Max:2.52e-12, Min:8.41e-14], Node2: [Avg:1.62e-12, Max:7.00e-12, Min:3.37e-13], Node4: [Avg:3.38e-12, Max:1.67e-11, Min:2.10e-12], Node6: [Avg:1.53e-11, Max:3.55e-11, Min:3.03e-12], 
Self Tx power: RTS: (Avg: nan, Min: inf, Max: -inf), CTS: (Avg: nan, Min: inf, Max: -inf), ACK: (Avg: nan, Min: inf, Max: -inf), Data: (Avg: nan, Min: inf, Max: -inf)
CTS retry: 0, ACK retry: 0, # Receiver Drops: 0, # Pkts Receiver Drops: 0, # Sent ACKs: 0, # Pkts ACK sent for: 0, # Retransmissions: 0, # Pkts Retransmitted: 0, # Receptions: 0, # Pkts Received: 0, # Forwards: 0, # Pkts Forwarded: 0

Node6
Avg Received Power: 3.89e-13, Node0: [Avg:1.60e-13, Max:1.75e-12, Min:5.84e-14], Node2: [Avg:9.13e-13, Max:3.94e-12, Min:1.89e-13], Node4: [Avg:8.46e-13, Max:4.18e-12, Min:5.26e-13], 
Avg INTF: 3.03e-13, Node0: [Avg:1.60e-13, Max:1.75e-12, Min:5.84e-14], Node2: [Avg:9.13e-13, Max:3.94e-12, Min:1.89e-13], 
Self Tx power: RTS: (Avg: 0.0413, Min: 0.0106, Max: 0.0897), CTS: (Avg: 0.0085, Min: 0.0077, Max: 0.0201), ACK: (Avg: 0.0077, Min: 0.0077, Max: 0.0077), Data: (Avg: 0.0413, Min: 0.0106, Max: 0.0897)
CTS retry: 17, ACK retry: 94, # Receiver Drops: 207, # Pkts Receiver Drops: 307, # Sent ACKs: 2499, # Pkts ACK sent for: 2843, # Retransmissions: 111, # Pkts Retransmitted: 171, # Receptions: 2499, # Pkts Received: 2831, # Forwards: 956, # Pkts Forwarded: 1345

Node7
Avg Received Power: 1.07e-12, Node0: [Avg:1.17e-13, Max:1.29e-12, Min:4.29e-14], Node2: [Avg:5.84e-13, Max:2.52e-12, Min:1.21e-13], Node4: [Avg:3.76e-13, Max:1.86e-12, Min:2.34e-13], Node6: [Avg:1.53e-11, Max:3.55e-11, Min:3.03e-12], 
Avg INTF: 1.39e-12, Node0: [Avg:1.17e-13, Max:1.29e-12, Min:4.29e-14], Node2: [Avg:5.84e-13, Max:2.52e-12, Min:1.21e-13], Node4: [Avg:3.76e-13, Max:1.86e-12, Min:2.34e-13], Node6: [Avg:1.53e-11, Max:3.55e-11, Min:3.03e-12], 
Self Tx power: RTS: (Avg: nan, Min: inf, Max: -inf), CTS: (Avg: nan, Min: inf, Max: -inf), ACK: (Avg: nan, Min: inf, Max: -inf), Data: (Avg: nan, Min: inf, Max: -inf)
CTS retry: 0, ACK retry: 0, # Receiver Drops: 0, # Pkts Receiver Drops: 0, # Sent ACKs: 0, # Pkts ACK sent for: 0, # Retransmissions: 0, # Pkts Retransmitted: 0, # Receptions: 0, # Pkts Received: 0, # Forwards: 0, # Pkts Forwarded: 0

Node8
Avg Received Power: 3.43e-13, Node0: [Avg:8.96e-14, Max:9.85e-13, Min:3.29e-14], Node2: [Avg:4.06e-13, Max:1.75e-12, Min:8.41e-14], Node4: [Avg:2.11e-13, Max:1.04e-12, Min:1.31e-13], Node6: [Avg:3.83e-12, Max:8.87e-12, Min:7.57e-13], 
Avg INTF: 1.77e-13, Node0: [Avg:8.96e-14, Max:9.85e-13, Min:3.29e-14], Node2: [Avg:4.06e-13, Max:1.75e-12, Min:8.41e-14], Node4: [Avg:2.11e-13, Max:1.04e-12, Min:1.31e-13], 
Self Tx power: RTS: (Avg: nan, Min: inf, Max: -inf), CTS: (Avg: nan, Min: inf, Max: -inf), ACK: (Avg: 0.0077, Min: 0.0077, Max: 0.0077), Data: (Avg: nan, Min: inf, Max: -inf)
CTS retry: 0, ACK retry: 0, # Receiver Drops: 46, # Pkts Receiver Drops: 87, # Sent ACKs: 1004, # Pkts ACK sent for: 1429, # Retransmissions: 0, # Pkts Retransmitted: 0, # Receptions: 1004, # Pkts Received: 1412, # Forwards: 0, # Pkts Forwarded: 0

Node9
Avg Received Power: 2.15e-13, Node0: [Avg:3.58e-13, Max:3.94e-12, Min:1.31e-13], Node2: [Avg:7.30e-13, Max:3.15e-12, Min:1.51e-13], Node4: [Avg:1.06e-13, Max:5.22e-13, Min:6.57e-14], Node6: [Avg:2.95e-13, Max:6.82e-13, Min:5.83e-14], 
Avg INTF: 2.80e-13, Node0: [Avg:3.58e-13, Max:3.94e-12, Min:1.31e-13], Node2: [Avg:7.30e-13, Max:3.15e-12, Min:1.51e-13], Node4: [Avg:1.06e-13, Max:5.22e-13, Min:6.57e-14], Node6: [Avg:2.95e-13, Max:6.82e-13, Min:5.83e-14], 
Self Tx power: RTS: (Avg: nan, Min: inf, Max: -inf), CTS: (Avg: nan, Min: inf, Max: -inf), ACK: (Avg: nan, Min: inf, Max: -inf), Data: (Avg: nan, Min: inf, Max: -inf)
CTS retry: 0, ACK retry: 0, # Receiver Drops: 0, # Pkts Receiver Drops: 0, # Sent ACKs: 0, # Pkts ACK sent for: 0, # Retransmissions: 0, # Pkts Retransmitted: 0, # Receptions: 0, # Pkts Received: 0, # Forwards: 0, # Pkts Forwarded: 0

