Packet ID,Enqueue Time (in s),Dequeue Time (in s),Dropped?,Drop Reason,Freezes,Tx INTF,Rx INTF
2000005463450_Node0_Node8_Zero,2000.005463,2000.007347,0,,0,3.0290101632e-12,0
2000010932556_Node0_Node8_Zero,2000.010933,2000.013456,0,,0,3.0290101632e-12,1.893131352e-13
2000016399656_Node0_Node8_Zero,2000.0164,2000.020132,0,,0,3.0290101632e-12,6.450722744169376e-14
2000021867581_Node0_Node8_Zero,2000.021868,2000.025941,0,,0,3.1131493344e-12,0
2000027331368_Node0_Node8_Zero,2000.027331,2000.029475,0,,0,3.0290101632e-12,5.96304239391e-14
2000032797489_Node0_Node8_Zero,2000.032797,2000.035766,0,,0,3.0290101632e-12,0
2000038259678_Node0_Node8_Zero,2000.03826,2000.043654,0,,0,3.0290101632e-12,0
2000043725212_Node0_Node8_Zero,2000.043725,2000.04585,0,,0,3.0290101632e-12,0
2000049190122_Node0_Node8_Zero,2000.04919,2000.051709,0,,0,3.0290101632e-12,8.41391712e-14
2000054649813_Node0_Node8_Zero,2000.05465,2000.056793,0,,0,3.0290101632e-12,5.842998000000001e-14
2000060112238_Node0_Node8_Zero,2000.060112,2000.06363,0,,0,3.0290101632e-12,0
2000065576158_Node0_Node8_Zero,2000.065576,2000.069416,0,,0,3.0290101632e-12,1.3146745500000003e-13
2000071043387_Node0_Node8_Zero,2000.071043,2000.077205,0,,0,3.0290101632e-12,1.35932371487775e-13
2000076506171_Node0_Node8_Zero,2000.076506,2000.084038,0,,0,3.0290101632e-12,0
2000081969686_Node0_Node8_Zero,2000.08197,2000.086148,0,,0,3.0290101632e-12,0
2000087435857_Node0_Node8_Zero,2000.087436,2000.089379,0,,0,3.0290101632e-12,0
2000092901132_Node0_Node8_Zero,2000.092901,2000.095131,0,,0,8.413917120000002e-14,1.3146745500000003e-13
2000098361001_Node0_Node8_Zero,2000.098361,2000.100225,0,,0,3.0290101632e-12,0
2000103822022_Node0_Node8_Zero,2000.103822,2000.105786,0,,0,3.0290101632e-12,0
2000109288954_Node0_Node8_Zero,2000.109289,2000.111352,0,,0,3.0290101632e-12,0
2000114748573_Node0_Node8_Zero,2000.114749,2000.118208,0,,0,3.0290101632e-12,0
2000120213882_Node0_Node8_Zero,2000.120214,2000.129943,0,,0,3.1131493344e-12,0
2000125681320_Node0_Node8_Zero,2000.125681,2000.132099,0,,0,3.0290101632e-12,5.842998000000001e-14
2000131150218_Node0_Node8_Zero,2000.13115,2000.138493,0,,0,3.0290101632e-12,0
2000136609749_Node0_Node8_Zero,2000.13661,2000.140583,0,,0,3.0290101632e-12,0
2000142070213_Node0_Node8_Zero,2000.14207,2000.146699,0,,0,3.0290101632e-12,1.3146745500000003e-13
2000147534583_Node0_Node8_Zero,2000.147535,2000.150919,0,,0,3.0290101632e-12,0
2000152996389_Node0_Node8_Zero,2000.152996,2000.156664,0,,0,3.0290101632e-12,1.3675795687094705e-13
2000158460689_Node0_Node8_Zero,2000.158461,2000.163351,0,,0,3.0290101632e-12,0
2000163929511_Node0_Node8_Zero,2000.16393,2000.172896,0,,0,8.413917120000002e-14,1.3146745500000003e-13
2000169397699_Node0_Node8_Zero,2000.169398,2000.174906,0,,0,3.0290101632e-12,0
2000174860229_Node0_Node8_Zero,2000.17486,2000.182427,0,,0,3.0290101632e-12,0
2000180323012_Node0_Node8_Zero,2000.180323,2000.184337,0,,0,3.0290101632e-12,0
2000185786787_Node0_Node8_Zero,2000.185787,2000.191218,0,,0,3.0290101632e-12,0
2000191254496_Node0_Node8_Zero,2000.191254,2000.193338,0,,0,3.0290101632e-12,0
2000196721755_Node0_Node8_Zero,2000.196722,2000.202018,0,,0,3.0290101632e-12,1.3146745500000003e-13
2000202181429_Node0_Node8_Zero,2000.202181,2000.204184,0,,0,3.0719383117714285e-12,0
2000207645761_Node0_Node8_Zero,2000.207646,2000.215783,0,,0,3.116006880952176e-12,0
2000213114158_Node0_Node8_Zero,2000.213114,2000.219891,0,,0,3.0290101632e-12,0
2000218578017_Node0_Node8_Zero,2000.218578,2000.231671,0,,0,3.0290101632e-12,0
2000224037853_Node0_Node8_Zero,2000.224038,2000.235621,0,,0,3.0290101632e-12,0
2000229505009_Node0_Node8_Zero,2000.229505,2000.247508,0,,0,3.0290101632e-12,0
2000234973470_Node0_Node8_Zero,2000.234973,2000.249628,0,,0,3.0290101632e-12,0
2000240435098_Node0_Node8_Zero,2000.240435,2000.253469,0,,0,3.1131493344e-12,0
2000245904370_Node0_Node8_Zero,2000.245904,2000.255829,0,,0,3.0290101632e-12,0
2000251368492_Node0_Node8_Zero,2000.251368,2000.259649,0,,0,3.0290101632e-12,1.3675795687094705e-13
2000256835587_Node0_Node8_Zero,2000.256836,2000.261579,0,,0,4.292814857142858e-14,0
2000262298068_Node0_Node8_Zero,2000.262298,2000.267601,0,,0,3.0290101632e-12,0
2000267763428_Node0_Node8_Zero,2000.267763,2000.269793,0,,0,3.0290101632e-12,0
2000273227879_Node0_Node8_Zero,2000.273228,2000.275617,0,,0,3.0290101632e-12,0
2000278692147_Node0_Node8_Zero,2000.278692,2000.283006,0,,0,3.0290101632e-12,0
2000284159651_Node0_Node8_Zero,2000.28416,2000.288887,0,,0,3.0290101632e-12,0
2000289620050_Node0_Node8_Zero,2000.28962,2000.296871,0,,0,3.1131493344e-12,0
2000295089319_Node0_Node8_Zero,2000.295089,2000.310471,0,,0,3.0290101632e-12,0
2000300551386_Node0_Node8_Zero,2000.300551,2000.312567,0,,0,3.0290101632e-12,0
2000306018223_Node0_Node8_Zero,2000.306018,2000.316555,0,,0,3.0290101632e-12,0
2000311478394_Node0_Node8_Zero,2000.311478,2000.320423,0,,0,3.0290101632e-12,0
2000316946461_Node0_Node8_Zero,2000.316946,2000.322353,0,,0,3.0290101632e-12,0
2000322411897_Node0_Node8_Zero,2000.322412,2000.328312,0,,0,3.0290101632e-12,0
2000327876728_Node0_Node8_Zero,2000.327877,2000.3418,0,,0,3.1131493344e-12,0
2000333336910_Node0_Node8_Zero,2000.333337,2000.34369,0,,0,8.699671775217601e-14,1.35932371487775e-13
2000338797323_Node0_Node8_Zero,2000.338797,2000.351532,0,,0,8.699671775217601e-14,0
2000344264083_Node0_Node8_Zero,2000.344264,2000.353454,0,,0,4.739306505920358e-14,0
2000349726274_Node0_Node8_Zero,2000.349726,2000.357357,0,,0,3.0290101632e-12,1.3712121443954274e-13
2000355194894_Node0_Node8_Zero,2000.355195,2000.367188,0,,0,3.0290101632e-12,0
2000360662210_Node0_Node8_Zero,2000.360662,2000.376908,0,,0,3.0728202705838285e-12,0
2000366122612_Node0_Node8_Zero,2000.366123,2000.378978,0,,0,3.0290101632e-12,1.35932371487775e-13
2000371591300_Node0_Node8_Zero,2000.371591,2000.380868,0,,0,3.0290101632e-12,0
2000377052225_Node0_Node8_Zero,2000.377052,2000.385133,0,,0,3.0290101632e-12,0
2000382520072_Node0_Node8_Zero,2000.38252,2000.387043,0,,0,3.0290101632e-12,0
2000387981338_Node0_Node8_Zero,2000.387981,2000.389845,0,,0,3.1131493344e-12,0
2000393443898_Node0_Node8_Zero,2000.393444,2000.397756,0,,0,3.0290101632e-12,0
2000398903449_Node0_Node8_Zero,2000.398903,2000.405666,0,,0,3.0290101632e-12,0
2000404363606_Node0_Node8_Zero,2000.404364,2000.411789,0,,0,3.0290101632e-12,0
2000409825284_Node0_Node8_Zero,2000.409825,2000.417595,0,,0,3.0290101632e-12,0
2000415288019_Node0_Node8_Zero,2000.415288,2000.419465,0,,0,3.0290101632e-12,0
2000420750312_Node0_Node8_Zero,2000.42075,2000.423522,0,,0,3.0290101632e-12,0
2000426213092_Node0_Node8_Zero,2000.426213,2000.429477,0,,0,3.0290101632e-12,0
2000431678232_Node0_Node8_Zero,2000.431678,2000.441186,0,,0,3.0290101632e-12,0
2000437147055_Node0_Node8_Zero,2000.437147,2000.447011,0,,0,8.753594785449236e-14,0
2000442607614_Node0_Node8_Zero,2000.442608,2000.449284,0,,0,3.0290101632e-12,0
2000448076947_Node0_Node8_Zero,2000.448077,2000.457445,0,,0,3.0290101632e-12,0
2000453539736_Node0_Node8_Zero,2000.45354,2000.459641,0,,0,3.1131493344e-12,0
2000459001902_Node0_Node8_Zero,2000.459002,2000.46639,0,,0,3.0290101632e-12,1.3146745500000003e-13
2000464466114_Node0_Node8_Zero,2000.464466,2000.46852,0,,0,3.0290101632e-12,5.987547871824724e-14
2000469926931_Node0_Node8_Zero,2000.469927,2000.472137,0,,0,3.0290101632e-12,5.842998000000001e-14
2000475387387_Node0_Node8_Zero,2000.475387,2000.477351,0,,0,3.0290101632e-12,0
2000480846940_Node0_Node8_Zero,2000.480847,2000.485263,0,,0,3.0290101632e-12,0
2000486314647_Node0_Node8_Zero,2000.486315,2000.489047,0,,0,3.0290101632e-12,1.3675795687094705e-13
2000491776692_Node0_Node8_Zero,2000.491777,2000.500598,0,,0,3.0290101632e-12,0
2000497242215_Node0_Node8_Zero,2000.497242,2000.504665,0,,0,3.0290101632e-12,0
2000502703805_Node0_Node8_Zero,2000.502704,2000.506861,0,,0,3.0290101632e-12,0
2000508170126_Node0_Node8_Zero,2000.50817,2000.514516,0,,0,3.0290101632e-12,0
2000513638591_Node0_Node8_Zero,2000.513639,2000.521234,0,,0,3.0290101632e-12,6.450722744169376e-14
2000519103841_Node0_Node8_Zero,2000.519104,2000.523144,0,,0,3.0290101632e-12,0
2000524564339_Node0_Node8_Zero,2000.524564,2000.528923,0,,0,3.0290101632e-12,0
2000530029959_Node0_Node8_Zero,2000.53003,2000.533395,0,,0,4.739306505920358e-14,6.450722744169376e-14
2000535497467_Node0_Node8_Zero,2000.535497,2000.548157,0,,0,3.0290101632e-12,0
2000540966941_Node0_Node8_Zero,2000.540967,2000.552065,0,,0,3.0290101632e-12,0
2000546433784_Node0_Node8_Zero,2000.546434,2000.555893,0,,0,3.0290101632e-12,0
2000551896713_Node0_Node8_Zero,2000.551897,2000.561691,0,,0,8.413917120000002e-14,1.3146745500000003e-13
2000557363947_Node0_Node8_Zero,2000.557364,2000.563741,0,,0,3.0728202705838285e-12,0
2000562825401_Node0_Node8_Zero,2000.562825,2000.575327,0,,0,3.116006880952176e-12,0
2000568286826_Node0_Node8_Zero,2000.568287,2000.57748,0,,0,3.0290101632e-12,0
2000573746963_Node0_Node8_Zero,2000.573747,2000.57935,0,,0,3.0290101632e-12,4.73282838e-14
2000579214988_Node0_Node8_Zero,2000.579215,2000.586845,0,,0,3.0290101632e-12,1.3146745500000003e-13
2000584674962_Node0_Node8_Zero,2000.584675,2000.588755,0,,0,4.292814857142858e-14,5.842998000000001e-14
2000590142246_Node0_Node8_Zero,2000.590142,2000.592186,0,,0,3.0290101632e-12,0
2000595607787_Node0_Node8_Zero,2000.595608,2000.600566,0,,0,3.0290101632e-12,0
2000601074398_Node0_Node8_Zero,2000.601074,2000.603118,0,,0,3.0290101632e-12,0
2000606542457_Node0_Node8_Zero,2000.606542,2000.610444,0,,0,3.0290101632e-12,0
2000612004334_Node0_Node8_Zero,2000.612004,2000.616425,0,,0,3.0290101632e-12,0
2000617471807_Node0_Node8_Zero,2000.617472,2000.622271,0,,0,3.0290101632e-12,0
2000622937130_Node0_Node8_Zero,2000.622937,2000.628214,0,,0,3.0290101632e-12,0
2000628400649_Node0_Node8_Zero,2000.628401,2000.639775,0,,0,3.0290101632e-12,0
2000633869418_Node0_Node8_Zero,2000.633869,2000.64755,0,,0,3.0290101632e-12,0
2000639329372_Node0_Node8_Zero,2000.639329,2000.64954,0,,0,3.0290101632e-12,0
2000644796317_Node0_Node8_Zero,2000.644796,2000.65149,0,,0,3.0290101632e-12,0
2000650263424_Node0_Node8_Zero,2000.650263,2000.666903,0,,0,3.1131493344e-12,0
2000655725255_Node0_Node8_Zero,2000.655725,2000.669199,0,,0,3.0290101632e-12,1.3146745500000003e-13
2000661192805_Node0_Node8_Zero,2000.661193,2000.671249,0,,0,3.0290101632e-12,6.708752773598101e-14
2000666661054_Node0_Node8_Zero,2000.666661,2000.673405,0,,0,3.0290101632e-12,1.35932371487775e-13
2000672126256_Node0_Node8_Zero,2000.672126,2000.680776,0,,0,3.0290101632e-12,0
2000677590800_Node0_Node8_Zero,2000.677591,2000.68667,0,,0,4.3997349270818706e-14,0
2000683054751_Node0_Node8_Zero,2000.683055,2000.69072,0,,0,8.413917120000002e-14,0
2000688516040_Node0_Node8_Zero,2000.688516,2000.696023,0,,0,3.0290101632e-12,0
2000693979678_Node0_Node8_Zero,2000.69398,2000.698033,0,,0,3.0290101632e-12,5.985695235999766e-14
2000699445766_Node0_Node8_Zero,2000.699446,2000.702723,0,,0,3.0290101632e-12,0
2000704915116_Node0_Node8_Zero,2000.704915,2000.707059,0,,0,3.0290101632e-12,0
2000710381089_Node0_Node8_Zero,2000.710381,2000.712465,0,,0,3.0290101632e-12,0
2000715848586_Node0_Node8_Zero,2000.715849,2000.717768,0,,0,3.0290101632e-12,0
2000721314974_Node0_Node8_Zero,2000.721315,2000.724547,0,,0,3.0290101632e-12,0
2000726777891_Node0_Node8_Zero,2000.726778,2000.734208,0,,0,3.0290101632e-12,1.3146745500000003e-13
2000732239155_Node0_Node8_Zero,2000.732239,2000.736078,0,,0,5.0239587126224574e-14,0
2000737706571_Node0_Node8_Zero,2000.737707,2000.741747,0,,0,3.0290101632e-12,0
2000743170273_Node0_Node8_Zero,2000.74317,2000.747828,0,,0,3.0728202705838285e-12,0
2000748638743_Node0_Node8_Zero,2000.748639,2000.753559,0,,0,8.818556070394376e-14,0
2000754099988_Node0_Node8_Zero,2000.7541,2000.759489,0,,0,3.0290101632e-12,0
2000759559585_Node0_Node8_Zero,2000.75956,2000.763737,0,,0,3.0290101632e-12,0
2000765022616_Node0_Node8_Zero,2000.765023,2000.767213,0,,0,4.739306505920358e-14,6.450722744169376e-14
2000770482158_Node0_Node8_Zero,2000.770482,2000.775959,0,,0,8.413917120000002e-14,1.3146745500000003e-13
2000775943037_Node0_Node8_Zero,2000.775943,2000.783916,0,,0,3.0290101632e-12,0
2000781412096_Node0_Node8_Zero,2000.781412,2000.787737,0,,0,3.0290101632e-12,0
2000786878519_Node0_Node8_Zero,2000.786879,2000.798189,0,,0,3.0290101632e-12,0
2000792339563_Node0_Node8_Zero,2000.79234,2000.805965,0,,0,3.0290101632e-12,0
2000797800461_Node0_Node8_Zero,2000.7978,2000.807915,0,,0,3.0290101632e-12,0
2000803263071_Node0_Node8_Zero,2000.803263,2000.817588,0,,0,3.0290101632e-12,0
2000808725132_Node0_Node8_Zero,2000.808725,2000.819518,0,,0,3.0290101632e-12,0
2000814192023_Node0_Node8_Zero,2000.814192,2000.823439,0,,0,3.0290101632e-12,0
2000819653992_Node0_Node8_Zero,2000.819654,2000.831298,0,,0,3.0290101632e-12,1.3146745500000003e-13
2000825116502_Node0_Node8_Zero,2000.825117,2000.835325,0,,0,3.0290101632e-12,0
2000830581587_Node0_Node8_Zero,2000.830582,2000.837295,0,,0,3.0290101632e-12,0
2000836041338_Node0_Node8_Zero,2000.836041,2000.844884,0,,0,3.0290101632e-12,0
2000841508814_Node0_Node8_Zero,2000.841509,2000.85073,0,,0,8.699671775217601e-14,0
2000846968657_Node0_Node8_Zero,2000.846969,2000.854858,0,,0,3.0290101632e-12,6.450722744169376e-14
2000852435731_Node0_Node8_Zero,2000.852436,2000.856955,0,,0,4.381010738382857e-14,5.96304239391e-14
2000857900920_Node0_Node8_Zero,2000.857901,2000.863078,0,,0,8.413917120000002e-14,0
2000863361736_Node0_Node8_Zero,2000.863362,2000.869217,0,,0,8.758004814890527e-14,1.3684382523266448e-13
2000868827548_Node0_Node8_Zero,2000.868828,2000.879908,0,,0,3.0290101632e-12,0
2000874292976_Node0_Node8_Zero,2000.874293,2000.881858,0,,0,3.0290101632e-12,0
2000879755939_Node0_Node8_Zero,2000.879756,2000.887784,0,,0,3.0290101632e-12,0
2000885216934_Node0_Node8_Zero,2000.885217,2000.893502,0,,0,3.090826697142857e-12,0
2000890681662_Node0_Node8_Zero,2000.890682,2000.901748,0,,0,3.0290101632e-12,0
2000896150441_Node0_Node8_Zero,2000.89615,2000.903891,0,,0,3.0290101632e-12,0
2000901615352_Node0_Node8_Zero,2000.901615,2000.905821,0,,0,3.0290101632e-12,0
2000907075726_Node0_Node8_Zero,2000.907076,2000.909742,0,,0,3.0290101632e-12,0
2000912538507_Node0_Node8_Zero,2000.912539,2000.919441,0,,0,3.0290101632e-12,0
2000917999921_Node0_Node8_Zero,2000.918,2000.925705,0,,0,3.0290101632e-12,1.35932371487775e-13
2000923463282_Node0_Node8_Zero,2000.923463,2000.937568,0,,0,3.0290101632e-12,1.35932371487775e-13
2000928931071_Node0_Node8_Zero,2000.928931,2000.939442,0,,0,3.116006880952176e-12,0
2000934399700_Node0_Node8_Zero,2000.9344,2000.941412,0,,0,3.0290101632e-12,5.842998000000001e-14
2000939861687_Node0_Node8_Zero,2000.939862,2000.947475,0,,0,3.0290101632e-12,0
2000945324131_Node0_Node8_Zero,2000.945324,2000.955279,0,,0,3.0290101632e-12,0
2000950791983_Node0_Node8_Zero,2000.950792,2000.961138,0,,0,3.0290101632e-12,0
2000956253513_Node0_Node8_Zero,2000.956254,2000.963148,0,,0,3.0764032282592034e-12,0
2000961721152_Node0_Node8_Zero,2000.961721,2000.974684,0,,0,3.116006880952176e-12,0
2000967183413_Node0_Node8_Zero,2000.967183,2000.976574,0,,0,3.0290101632e-12,5.96304239391e-14
2000972650967_Node0_Node8_Zero,2000.972651,2000.982777,0,,0,3.0290101632e-12,0
2000978111295_Node0_Node8_Zero,2000.978111,2000.986606,0,,0,3.0290101632e-12,0
2000983576432_Node0_Node8_Zero,2000.983576,2000.990784,0,,0,3.1131493344e-12,0
2000989040197_Node0_Node8_Zero,2000.98904,2001.000791,0,,0,3.0290101632e-12,0
2000994502174_Node0_Node8_Zero,2000.994502,2001.004719,0,,0,3.0290101632e-12,0
2000999967844_Node0_Node8_Zero,2000.999968,2001.008767,0,,0,3.0290101632e-12,0
2001005431636_Node0_Node8_Zero,2001.005432,2001.016563,0,,0,3.0290101632e-12,0
2001010892036_Node0_Node8_Zero,2001.010892,2001.024278,0,,0,3.0290101632e-12,0
2001016361175_Node0_Node8_Zero,2001.016361,2001.028106,0,,0,3.0290101632e-12,0
2001021821692_Node0_Node8_Zero,2001.021822,2001.032054,0,,0,3.0290101632e-12,0
2001027286620_Node0_Node8_Zero,2001.027287,2001.033924,0,,0,3.0290101632e-12,0
2001032754242_Node0_Node8_Zero,2001.032754,2001.040144,0,,0,3.0719383117714285e-12,0
2001038220172_Node0_Node8_Zero,2001.03822,2001.04228,0,,0,3.0290101632e-12,0
2001043685648_Node0_Node8_Zero,2001.043686,2001.051987,0,,0,3.0290101632e-12,0
2001049151948_Node0_Node8_Zero,2001.049152,2001.053897,0,,0,3.0290101632e-12,5.96304239391e-14
2001054619563_Node0_Node8_Zero,2001.05462,2001.057898,0,,0,3.0290101632e-12,0
2001060088079_Node0_Node8_Zero,2001.060088,2001.063902,0,,0,3.090826697142857e-12,0
2001065555975_Node0_Node8_Zero,2001.065556,2001.071728,0,,0,3.0290101632e-12,0
2001071020649_Node0_Node8_Zero,2001.071021,2001.078588,0,,0,3.0290101632e-12,0
2001076484465_Node0_Node8_Zero,2001.076484,2001.080715,0,,0,3.0290101632e-12,0
2001081951182_Node0_Node8_Zero,2001.081951,2001.086479,0,,0,3.0290101632e-12,0
2001087413517_Node0_Node8_Zero,2001.087414,2001.100192,0,,0,3.0290101632e-12,0
2001092880925_Node0_Node8_Zero,2001.092881,2001.105788,0,,0,3.0290101632e-12,5.842998000000001e-14
2001098342500_Node0_Node8_Zero,2001.098342,2001.107798,0,,0,3.0290101632e-12,5.96304239391e-14
2001103804554_Node0_Node8_Zero,2001.103805,2001.109668,0,,0,3.0290101632e-12,0
2001109266888_Node0_Node8_Zero,2001.109267,2001.116679,0,,0,3.0290101632e-12,5.842998000000001e-14
2001114735757_Node0_Node8_Zero,2001.114736,2001.118773,0,,0,8.413917120000002e-14,0
2001120200979_Node0_Node8_Zero,2001.120201,2001.124809,0,,0,3.0290101632e-12,0
2001125665991_Node0_Node8_Zero,2001.125666,2001.134619,0,,0,3.0290101632e-12,0
2001131125891_Node0_Node8_Zero,2001.131126,2001.136589,0,,0,3.0290101632e-12,0
2001136592367_Node0_Node8_Zero,2001.136592,2001.140574,0,,0,3.0290101632e-12,0
2001142055932_Node0_Node8_Zero,2001.142056,2001.146551,0,,0,3.0290101632e-12,0
2001147525323_Node0_Node8_Zero,2001.147525,2001.153041,0,,0,3.078314836577083e-12,0
2001152984976_Node0_Node8_Zero,2001.152985,2001.160411,0,,0,4.381010738382857e-14,5.96304239391e-14
2001158447439_Node0_Node8_Zero,2001.158447,2001.164529,0,,0,3.0290101632e-12,0
2001163914559_Node0_Node8_Zero,2001.163915,2001.172834,0,,0,3.0290101632e-12,0
2001169382480_Node0_Node8_Zero,2001.169382,2001.17511,0,,0,3.0290101632e-12,0
2001174846250_Node0_Node8_Zero,2001.174846,2001.183102,0,,0,3.1355524993690596e-12,0
2001180312292_Node0_Node8_Zero,2001.180312,2001.185484,0,,0,3.0290101632e-12,0
2001185773921_Node0_Node8_Zero,2001.185774,2001.189447,0,,0,3.0290101632e-12,0
2001191235454_Node0_Node8_Zero,2001.191235,2001.19727,0,,0,3.0290101632e-12,0
2001196703284_Node0_Node8_Zero,2001.196703,2001.205023,0,,0,3.0290101632e-12,0
2001202166100_Node0_Node8_Zero,2001.202166,2001.208977,0,,0,3.0290101632e-12,0
2001207627228_Node0_Node8_Zero,2001.207627,2001.215115,0,,0,3.0290101632e-12,0
2001213091956_Node0_Node8_Zero,2001.213092,2001.217479,0,,0,3.0290101632e-12,0
2001218552766_Node0_Node8_Zero,2001.218553,2001.223456,0,,0,3.0290101632e-12,0
2001224017554_Node0_Node8_Zero,2001.224018,2001.227383,0,,0,3.0290101632e-12,0
2001229479442_Node0_Node8_Zero,2001.229479,2001.231856,0,,0,8.699671775217601e-14,0
2001234946471_Node0_Node8_Zero,2001.234946,2001.240883,0,,0,3.0290101632e-12,0
2001240413058_Node0_Node8_Zero,2001.240413,2001.247978,0,,0,3.0290101632e-12,0
2001245874325_Node0_Node8_Zero,2001.245874,2001.253816,0,,0,3.0290101632e-12,1.35932371487775e-13
2001251338825_Node0_Node8_Zero,2001.251339,2001.255972,0,,0,3.0290101632e-12,0
2001256805453_Node0_Node8_Zero,2001.256805,2001.263533,0,,0,3.0290101632e-12,0
2001262266846_Node0_Node8_Zero,2001.262267,2001.273302,0,,0,3.0290101632e-12,0
2001267731828_Node0_Node8_Zero,2001.267732,2001.275172,0,,0,3.0290101632e-12,5.842998000000001e-14
2001273191807_Node0_Node8_Zero,2001.273192,2001.277042,0,,0,3.0290101632e-12,0
2001278656711_Node0_Node8_Zero,2001.278657,2001.281019,0,,0,3.0290101632e-12,1.35932371487775e-13
2001284116997_Node0_Node8_Zero,2001.284117,2001.286343,0,,0,3.0290101632e-12,0
2001289583442_Node0_Node8_Zero,2001.289583,2001.294646,0,,0,3.0729833491780353e-12,0
2001295048301_Node0_Node8_Zero,2001.295048,2001.297052,0,,0,3.0290101632e-12,0
2001300517278_Node0_Node8_Zero,2001.300517,2001.304888,0,,0,3.0290101632e-12,0
2001305984839_Node0_Node8_Zero,2001.305985,2001.311005,0,,0,3.0290101632e-12,0
2001311450197_Node0_Node8_Zero,2001.31145,2001.313702,0,,0,3.1131493344e-12,0
2001316916090_Node0_Node8_Zero,2001.316916,2001.319,0,,0,3.0290101632e-12,0
2001322383594_Node0_Node8_Zero,2001.322384,2001.324688,0,,0,3.116550780700142e-12,0
2001327847311_Node0_Node8_Zero,2001.327847,2001.332696,0,,0,8.752509239740612e-14,1.3675795687094705e-13
2001333309689_Node0_Node8_Zero,2001.33331,2001.338671,0,,0,3.0290101632e-12,0
2001338773603_Node0_Node8_Zero,2001.338774,2001.34443,0,,0,3.116006880952176e-12,0
2001344234947_Node0_Node8_Zero,2001.344235,2001.354568,0,,0,3.0290101632e-12,0
2001349694485_Node0_Node8_Zero,2001.349694,2001.358565,0,,0,3.0290101632e-12,1.3146745500000003e-13
2001355154121_Node0_Node8_Zero,2001.355154,2001.360695,0,,0,4.935762831382458e-14,6.7181216316039e-14
2001360621597_Node0_Node8_Zero,2001.360622,2001.36874,0,,0,3.0290101632e-12,1.3785302555954125e-13
2001366084678_Node0_Node8_Zero,2001.366085,2001.37065,0,,0,3.078453999185205e-12,0
2001371548881_Node0_Node8_Zero,2001.371549,2001.376785,0,,0,3.0290101632e-12,0
2001377017151_Node0_Node8_Zero,2001.377017,2001.38076,0,,0,3.0290101632e-12,0
2001382484000_Node0_Node8_Zero,2001.382484,2001.392558,0,,0,3.0290101632e-12,0
2001387951482_Node0_Node8_Zero,2001.387951,2001.394465,0,,0,3.0728202705838285e-12,0
2001393420451_Node0_Node8_Zero,2001.39342,2001.402142,0,,0,3.0290101632e-12,0
2001398884302_Node0_Node8_Zero,2001.398884,2001.404052,0,,0,4.4177034220793924e-14,0
2001404348509_Node0_Node8_Zero,2001.404349,2001.411943,0,,0,3.090826697142857e-12,0
2001409813655_Node0_Node8_Zero,2001.409814,2001.414119,0,,0,3.0290101632e-12,0
2001415281706_Node0_Node8_Zero,2001.415282,2001.417946,0,,0,3.0290101632e-12,0
2001420750372_Node0_Node8_Zero,2001.42075,2001.426031,0,,0,3.0290101632e-12,0
2001426216988_Node0_Node8_Zero,2001.426217,2001.433726,0,,0,3.116006880952176e-12,0
2001431680973_Node0_Node8_Zero,2001.431681,2001.437782,0,,0,3.0290101632e-12,0
2001437150022_Node0_Node8_Zero,2001.43715,2001.444473,0,,0,3.0290101632e-12,0
2001442609619_Node0_Node8_Zero,2001.44261,2001.44667,0,,0,3.0290101632e-12,0
2001448075408_Node0_Node8_Zero,2001.448075,2001.450948,0,,0,3.0290101632e-12,0
2001453535347_Node0_Node8_Zero,2001.453535,2001.456984,0,,0,3.0290101632e-12,0
2001459002849_Node0_Node8_Zero,2001.459003,2001.468744,0,,0,3.1131493344e-12,0
2001464464984_Node0_Node8_Zero,2001.464465,2001.474543,0,,0,3.1171957239039437e-12,0
2001469930021_Node0_Node8_Zero,2001.46993,2001.476453,0,,0,3.0290101632e-12,0
2001475394966_Node0_Node8_Zero,2001.475395,2001.484453,0,,0,3.0290101632e-12,0
2001480862912_Node0_Node8_Zero,2001.480863,2001.486363,0,,0,3.0290101632e-12,0
2001486325222_Node0_Node8_Zero,2001.486325,2001.49409,0,,0,8.699671775217601e-14,1.35932371487775e-13
2001491794558_Node0_Node8_Zero,2001.491795,2001.49604,0,,0,3.0728202705838285e-12,0
2001497260073_Node0_Node8_Zero,2001.49726,2001.503801,0,,0,3.0290101632e-12,0
2001502724789_Node0_Node8_Zero,2001.502725,2001.510088,0,,0,3.0290101632e-12,6.450722744169376e-14
2001508184714_Node0_Node8_Zero,2001.508185,2001.512038,0,,0,3.0290101632e-12,0
2001513651794_Node0_Node8_Zero,2001.513652,2001.519718,0,,0,3.0290101632e-12,0
2001519117053_Node0_Node8_Zero,2001.519117,2001.526504,0,,0,3.0783677915138243e-12,0
2001524580226_Node0_Node8_Zero,2001.52458,2001.532101,0,,0,3.1131493344e-12,0
2001530046745_Node0_Node8_Zero,2001.530047,2001.534071,0,,0,4.4177034220793924e-14,6.01298521338584e-14
2001535515972_Node0_Node8_Zero,2001.535516,2001.54037,0,,0,3.1171957239039437e-12,0
2001540979282_Node0_Node8_Zero,2001.540979,2001.544446,0,,0,3.0290101632e-12,0
2001546438942_Node0_Node8_Zero,2001.546439,2001.548649,0,,0,3.0290101632e-12,5.842998000000001e-14
2001551901127_Node0_Node8_Zero,2001.551901,2001.554393,0,,0,3.0290101632e-12,1.3146745500000003e-13
2001557362254_Node0_Node8_Zero,2001.557362,2001.55931,0,,0,3.0290101632e-12,5.96304239391e-14
2001562827876_Node0_Node8_Zero,2001.562828,2001.565551,0,,0,3.0290101632e-12,0
2001568287859_Node0_Node8_Zero,2001.568288,2001.573414,0,,0,3.0290101632e-12,0
2001573755571_Node0_Node8_Zero,2001.573756,2001.577219,0,,0,3.0290101632e-12,0
2001579218446_Node0_Node8_Zero,2001.579218,2001.58312,0,,0,3.0290101632e-12,1.3146745500000003e-13
2001584680968_Node0_Node8_Zero,2001.584681,2001.587583,0,,0,3.0290101632e-12,0
2001590147189_Node0_Node8_Zero,2001.590147,2001.595812,0,,0,4.292814857142858e-14,5.842998000000001e-14
2001595607582_Node0_Node8_Zero,2001.595608,2001.604424,0,,0,3.0290101632e-12,0
2001601070263_Node0_Node8_Zero,2001.60107,2001.606454,0,,0,3.0290101632e-12,0
2001606536009_Node0_Node8_Zero,2001.606536,2001.614194,0,,0,3.1131493344e-12,0
2001611998433_Node0_Node8_Zero,2001.611998,2001.618102,0,,0,3.116006880952176e-12,0
2001617462286_Node0_Node8_Zero,2001.617462,2001.624899,0,,0,3.0290101632e-12,0
2001622929982_Node0_Node8_Zero,2001.62293,2001.627096,0,,0,3.0290101632e-12,0
2001628396203_Node0_Node8_Zero,2001.628396,2001.63028,0,,0,3.0290101632e-12,0
2001633857438_Node0_Node8_Zero,2001.633857,2001.63603,0,,0,3.0290101632e-12,0
2001639320065_Node0_Node8_Zero,2001.63932,2001.641325,0,,0,3.0290101632e-12,0
2001644782768_Node0_Node8_Zero,2001.644783,2001.651109,0,,0,3.1131493344e-12,0
2001650250408_Node0_Node8_Zero,2001.65025,2001.660105,0,,0,3.0719383117714285e-12,0
2001655711649_Node0_Node8_Zero,2001.655712,2001.66214,0,,0,3.0290101632e-12,0
2001661173235_Node0_Node8_Zero,2001.661173,2001.672039,0,,0,3.0290101632e-12,0
2001666637236_Node0_Node8_Zero,2001.666637,2001.679835,0,,0,8.413917120000002e-14,0
2001672103457_Node0_Node8_Zero,2001.672103,2001.683936,0,,0,3.0290101632e-12,0
2001677564506_Node0_Node8_Zero,2001.677565,2001.687785,0,,0,3.0783677915138243e-12,0
2001683024298_Node0_Node8_Zero,2001.683024,2001.689675,0,,0,3.0290101632e-12,0
2001688484147_Node0_Node8_Zero,2001.688484,2001.699803,0,,0,3.0290101632e-12,0
2001693949902_Node0_Node8_Zero,2001.69395,2001.701693,0,,0,3.0290101632e-12,0
2001699416298_Node0_Node8_Zero,2001.699416,2001.70949,0,,0,3.0290101632e-12,0
2001704876642_Node0_Node8_Zero,2001.704877,2001.71716,0,,0,3.0290101632e-12,1.3146745500000003e-13
2001710342165_Node0_Node8_Zero,2001.710342,2001.71907,0,,0,3.0719383117714285e-12,0
2001715805231_Node0_Node8_Zero,2001.715805,2001.723265,0,,0,3.0290101632e-12,0
2001721268737_Node0_Node8_Zero,2001.721269,2001.725215,0,,0,3.0290101632e-12,0
2001726733186_Node0_Node8_Zero,2001.726733,2001.728994,0,,0,3.0290101632e-12,1.3146745500000003e-13
2001732193831_Node0_Node8_Zero,2001.732194,2001.738915,0,,0,8.753594785449236e-14,1.3677491852264432e-13
2001737653716_Node0_Node8_Zero,2001.737654,2001.746862,0,,0,3.090826697142857e-12,0
2001743119514_Node0_Node8_Zero,2001.74312,2001.757012,0,,0,8.413917120000002e-14,1.3146745500000003e-13
2001748583455_Node0_Node8_Zero,2001.748583,2001.758961,0,,0,3.116006880952176e-12,0
2001754051121_Node0_Node8_Zero,2001.754051,2001.760871,0,,0,4.739306505920358e-14,6.450722744169376e-14
2001759510984_Node0_Node8_Zero,2001.759511,2001.769555,0,,0,3.0290101632e-12,0
2001764972606_Node0_Node8_Zero,2001.764973,2001.771978,0,,0,3.0290101632e-12,0
2001770434622_Node0_Node8_Zero,2001.770435,2001.779958,0,,0,3.0290101632e-12,0
2001775896275_Node0_Node8_Zero,2001.775896,2001.783886,0,,0,3.0290101632e-12,0
2001781356382_Node0_Node8_Zero,2001.781356,2001.789783,0,,0,3.0290101632e-12,0
2001786821079_Node0_Node8_Zero,2001.786821,2001.791773,0,,0,3.0290101632e-12,0
2001792285328_Node0_Node8_Zero,2001.792285,2001.797751,0,,0,3.0290101632e-12,0
2001797745930_Node0_Node8_Zero,2001.797746,2001.805156,0,,0,4.292814857142858e-14,5.842998000000001e-14
2001803212348_Node0_Node8_Zero,2001.803212,2001.811157,0,,0,3.0290101632e-12,1.3146745500000003e-13
2001808672751_Node0_Node8_Zero,2001.808673,2001.813167,0,,0,3.0728202705838285e-12,0
2001814139428_Node0_Node8_Zero,2001.814139,2001.818938,0,,0,3.0290101632e-12,1.3778993859991212e-13
2001819601739_Node0_Node8_Zero,2001.819602,2001.821525,0,,0,3.0290101632e-12,0
2001825064924_Node0_Node8_Zero,2001.825065,2001.827665,0,,0,3.0719383117714285e-12,0
2001830532117_Node0_Node8_Zero,2001.830532,2001.83594,0,,0,3.0290101632e-12,0
2001835995783_Node0_Node8_Zero,2001.835996,2001.840011,0,,0,3.0290101632e-12,0
2001841461830_Node0_Node8_Zero,2001.841462,2001.843461,0,,0,3.1131493344e-12,0
2001846926183_Node0_Node8_Zero,2001.846926,2001.849196,0,,0,3.0290101632e-12,0
2001852391714_Node0_Node8_Zero,2001.852392,2001.854555,0,,0,3.0290101632e-12,0
2001857852027_Node0_Node8_Zero,2001.857852,2001.859756,0,,0,4.925063217134066e-14,6.703558267765812e-14
2001863316093_Node0_Node8_Zero,2001.863316,2001.866809,0,,0,3.0290101632e-12,1.3146745500000003e-13
2001868779737_Node0_Node8_Zero,2001.86878,2001.870898,0,,0,3.0290101632e-12,1.3785302555954125e-13
2001874244134_Node0_Node8_Zero,2001.874244,2001.876188,0,,0,3.0728202705838285e-12,0
2001879705541_Node0_Node8_Zero,2001.879706,2001.885368,0,,0,3.0290101632e-12,0
2001885173957_Node0_Node8_Zero,2001.885174,2001.893309,0,,0,3.0290101632e-12,0
2001890634535_Node0_Node8_Zero,2001.890635,2001.897387,0,,0,3.0290101632e-12,0
2001896101182_Node0_Node8_Zero,2001.896101,2001.907176,0,,0,3.0290101632e-12,0
2001901562186_Node0_Node8_Zero,2001.901562,2001.909332,0,,0,3.0290101632e-12,0
2001907023752_Node0_Node8_Zero,2001.907024,2001.911242,0,,0,3.0290101632e-12,0
2001912484235_Node0_Node8_Zero,2001.912484,2001.924759,0,,0,3.0290101632e-12,1.3146745500000003e-13
2001917945100_Node0_Node8_Zero,2001.917945,2001.926895,0,,0,3.0290101632e-12,0
2001923410395_Node0_Node8_Zero,2001.92341,2001.929189,0,,0,3.0290101632e-12,0
2001928878325_Node0_Node8_Zero,2001.928878,2001.937031,0,,0,3.0290101632e-12,5.96304239391e-14
2001934339773_Node0_Node8_Zero,2001.93434,2001.939181,0,,0,3.0290101632e-12,0
2001939803446_Node0_Node8_Zero,2001.939803,2001.942053,0,,0,3.0290101632e-12,0
2001945263415_Node0_Node8_Zero,2001.945263,2001.947427,0,,0,3.0290101632e-12,0
2001950729407_Node0_Node8_Zero,2001.950729,2001.953572,0,,0,3.0290101632e-12,0
2001956191603_Node0_Node8_Zero,2001.956192,2001.959288,0,,0,3.0290101632e-12,1.3146745500000003e-13
2001961652939_Node0_Node8_Zero,2001.961653,2001.967521,0,,0,3.0783061607287456e-12,0
2001967114097_Node0_Node8_Zero,2001.967114,2001.976032,0,,0,3.0290101632e-12,0
2001972574934_Node0_Node8_Zero,2001.972575,2001.977962,0,,0,3.0290101632e-12,0
2001978043357_Node0_Node8_Zero,2001.978043,2001.984002,0,,0,3.0290101632e-12,0
2001983505705_Node0_Node8_Zero,2001.983506,2001.991655,0,,0,3.0290101632e-12,1.3146745500000003e-13
2001988967798_Node0_Node8_Zero,2001.988968,2001.993525,0,,0,3.0719383117714285e-12,0
2001994431622_Node0_Node8_Zero,2001.994432,2002.003395,0,,0,3.0290101632e-12,0
2001999894107_Node0_Node8_Zero,2001.999894,2002.007195,0,,0,8.413917120000002e-14,1.3146745500000003e-13
2002005362087_Node0_Node8_Zero,2002.005362,2002.009538,0,,0,3.0290101632e-12,5.842998000000001e-14
2002010825316_Node0_Node8_Zero,2002.010825,2002.013504,0,,0,3.0290101632e-12,0
2002016292590_Node0_Node8_Zero,2002.016293,2002.018271,0,,0,4.925063217134066e-14,6.703558267765812e-14
2002021760960_Node0_Node8_Zero,2002.021761,2002.025706,0,,0,3.0290101632e-12,0
2002027226995_Node0_Node8_Zero,2002.027227,2002.029844,0,,0,3.0290101632e-12,0
2002032695987_Node0_Node8_Zero,2002.032696,2002.037716,0,,0,3.0290101632e-12,0
2002038163342_Node0_Node8_Zero,2002.038163,2002.048216,0,,0,3.0290101632e-12,6.015411010688339e-14
2002043623471_Node0_Node8_Zero,2002.043623,2002.050278,0,,0,3.0290101632e-12,0
2002049086032_Node0_Node8_Zero,2002.049086,2002.056576,0,,0,4.381010738382857e-14,5.96304239391e-14
2002054552422_Node0_Node8_Zero,2002.054552,2002.058812,0,,0,3.0290101632e-12,0
2002060020229_Node0_Node8_Zero,2002.06002,2002.066642,0,,0,3.1131493344e-12,0
2002065485458_Node0_Node8_Zero,2002.065485,2002.080577,0,,0,3.0290101632e-12,0
2002070949450_Node0_Node8_Zero,2002.070949,2002.082587,0,,0,3.0290101632e-12,0
2002076415740_Node0_Node8_Zero,2002.076416,2002.088465,0,,0,3.0290101632e-12,1.35932371487775e-13
2002081884993_Node0_Node8_Zero,2002.081885,2002.090558,0,,0,3.0290101632e-12,0
2002087349807_Node0_Node8_Zero,2002.08735,2002.092616,0,,0,3.0290101632e-12,0
2002092817310_Node0_Node8_Zero,2002.092817,2002.100475,0,,0,6.181653394285714e-14,1.35932371487775e-13
2002098281992_Node0_Node8_Zero,2002.098282,2002.104236,0,,0,8.413917120000002e-14,0
2002103747730_Node0_Node8_Zero,2002.103748,2002.111541,0,,0,3.0290101632e-12,0
2002109217114_Node0_Node8_Zero,2002.109217,2002.113558,0,,0,3.0290101632e-12,0
2002114680334_Node0_Node8_Zero,2002.11468,2002.121507,0,,0,3.0290101632e-12,1.3146745500000003e-13
2002120146239_Node0_Node8_Zero,2002.120146,2002.129736,0,,0,3.0290101632e-12,0
2002125610985_Node0_Node8_Zero,2002.125611,2002.131746,0,,0,3.1131493344e-12,0
2002131073458_Node0_Node8_Zero,2002.131073,2002.142347,0,,0,3.1172435652184392e-12,0
2002136536457_Node0_Node8_Zero,2002.136536,2002.144543,0,,0,3.0719383117714285e-12,0
2002141997387_Node0_Node8_Zero,2002.141997,2002.156106,0,,0,3.0290101632e-12,0
2002147463362_Node0_Node8_Zero,2002.147463,2002.160027,0,,0,3.0290101632e-12,0
2002152930703_Node0_Node8_Zero,2002.152931,2002.163856,0,,0,3.73951872e-14,4.73282838e-14
2002158397209_Node0_Node8_Zero,2002.158397,2002.167717,0,,0,8.413917120000002e-14,1.3146745500000003e-13
2002163863319_Node0_Node8_Zero,2002.163863,2002.169873,0,,0,3.0290101632e-12,5.842998000000001e-14
2002169325027_Node0_Node8_Zero,2002.169325,2002.180329,0,,0,3.0290101632e-12,5.96304239391e-14
2002174792822_Node0_Node8_Zero,2002.174793,2002.1827,0,,0,3.1131493344e-12,0
2002180252857_Node0_Node8_Zero,2002.180253,2002.184936,0,,0,3.0290101632e-12,0
2002185718782_Node0_Node8_Zero,2002.185719,2002.187909,0,,0,3.0290101632e-12,4.73282838e-14
2002191183136_Node0_Node8_Zero,2002.191183,2002.193167,0,,0,3.0719383117714285e-12,0
2002196650575_Node0_Node8_Zero,2002.196651,2002.20247,0,,0,3.0290101632e-12,0
2002202115870_Node0_Node8_Zero,2002.202116,2002.212279,0,,0,3.0290101632e-12,0
2002207585284_Node0_Node8_Zero,2002.207585,2002.214169,0,,0,3.0290101632e-12,0
2002213045289_Node0_Node8_Zero,2002.213045,2002.220699,0,,0,3.0290101632e-12,1.3146745500000003e-13
2002218508113_Node0_Node8_Zero,2002.218508,2002.222709,0,,0,3.0290101632e-12,5.96304239391e-14
2002223968414_Node0_Node8_Zero,2002.223968,2002.226072,0,,0,3.0290101632e-12,0
2002229430431_Node0_Node8_Zero,2002.22943,2002.234041,0,,0,3.1171957239039437e-12,0
2002234897877_Node0_Node8_Zero,2002.234898,2002.240551,0,,0,3.0290101632e-12,0
2002240360384_Node0_Node8_Zero,2002.24036,2002.248509,0,,0,3.0290101632e-12,0
2002245825764_Node0_Node8_Zero,2002.245826,2002.256286,0,,0,3.1131493344e-12,0
2002251292253_Node0_Node8_Zero,2002.251292,2002.262106,0,,0,3.1172437845801077e-12,0
2002256753658_Node0_Node8_Zero,2002.256754,2002.270425,0,,0,3.0290101632e-12,0
2002262218105_Node0_Node8_Zero,2002.262218,2002.272392,0,,0,3.0290101632e-12,0
2002267683637_Node0_Node8_Zero,2002.267684,2002.274342,0,,0,3.0290101632e-12,0
2002273146849_Node0_Node8_Zero,2002.273147,2002.284348,0,,0,3.0290101632e-12,1.3146745500000003e-13
2002278610197_Node0_Node8_Zero,2002.27861,2002.286544,0,,0,3.116006880952176e-12,0
2002284076756_Node0_Node8_Zero,2002.284077,2002.288594,0,,0,4.381010738382857e-14,5.96304239391e-14
2002289542084_Node0_Node8_Zero,2002.289542,2002.291626,0,,0,3.0290101632e-12,1.3785302555954125e-13
2002295006447_Node0_Node8_Zero,2002.295006,2002.298767,0,,0,3.117236099558106e-12,0
2002300469270_Node0_Node8_Zero,2002.300469,2002.307723,0,,0,3.1165461110544924e-12,0
2002305930828_Node0_Node8_Zero,2002.305931,2002.315604,0,,0,3.0290101632e-12,0
2002311395995_Node0_Node8_Zero,2002.311396,2002.325306,0,,0,3.0290101632e-12,0
2002316859829_Node0_Node8_Zero,2002.31686,2002.327356,0,,0,3.0290101632e-12,0
2002322319936_Node0_Node8_Zero,2002.32232,2002.33328,0,,0,3.0290101632e-12,0
2002327782347_Node0_Node8_Zero,2002.327782,2002.335703,0,,0,3.0290101632e-12,0
2002333249600_Node0_Node8_Zero,2002.33325,2002.337653,0,,0,3.0290101632e-12,0
2002338715943_Node0_Node8_Zero,2002.338716,2002.34342,0,,0,3.0290101632e-12,0
2002344178922_Node0_Node8_Zero,2002.344179,2002.347372,0,,0,3.0290101632e-12,0
2002349641638_Node0_Node8_Zero,2002.349642,2002.358945,0,,0,3.0290101632e-12,1.3146745500000003e-13
2002355105657_Node0_Node8_Zero,2002.355106,2002.364731,0,,0,8.699671775217601e-14,1.35932371487775e-13
2002360566263_Node0_Node8_Zero,2002.360566,2002.366601,0,,0,3.0290101632e-12,0
2002366031568_Node0_Node8_Zero,2002.366032,2002.376619,0,,0,3.0290101632e-12,0
2002371497451_Node0_Node8_Zero,2002.371497,2002.384965,0,,0,3.0290101632e-12,0
2002376960404_Node0_Node8_Zero,2002.37696,2002.390233,0,,0,6.181653394285714e-14,8.41391712e-14
2002382429444_Node0_Node8_Zero,2002.382429,2002.394054,0,,0,3.0290101632e-12,0
2002387892174_Node0_Node8_Zero,2002.387892,2002.396124,0,,0,3.0290101632e-12,0
2002393355772_Node0_Node8_Zero,2002.393356,2002.398034,0,,0,3.0290101632e-12,0
2002398816823_Node0_Node8_Zero,2002.398817,2002.401087,0,,0,3.0729866996277533e-12,0
2002404285486_Node0_Node8_Zero,2002.404285,2002.406269,0,,0,3.0290101632e-12,0
2002409754394_Node0_Node8_Zero,2002.409754,2002.42148,0,,0,3.116851800726041e-12,0
2002415218764_Node0_Node8_Zero,2002.415219,2002.42347,0,,0,3.0290101632e-12,0
2002420681096_Node0_Node8_Zero,2002.420681,2002.429327,0,,0,3.0290101632e-12,0
2002426147908_Node0_Node8_Zero,2002.426148,2002.435206,0,,0,3.0290101632e-12,5.96304239391e-14
2002431607993_Node0_Node8_Zero,2002.431608,2002.437096,0,,0,3.0290101632e-12,0
2002437074686_Node0_Node8_Zero,2002.437075,2002.444865,0,,0,3.0290101632e-12,5.96304239391e-14
2002442541336_Node0_Node8_Zero,2002.442541,2002.446835,0,,0,8.413917120000002e-14,0
2002448009273_Node0_Node8_Zero,2002.448009,2002.451416,0,,0,3.0290101632e-12,0
2002453471887_Node0_Node8_Zero,2002.453472,2002.459392,0,,0,3.1131493344e-12,0
2002458932434_Node0_Node8_Zero,2002.458932,2002.466797,0,,0,3.0290101632e-12,0
2002464400253_Node0_Node8_Zero,2002.4644,2002.470664,0,,0,3.0290101632e-12,0
2002469864607_Node0_Node8_Zero,2002.469865,2002.478631,0,,0,3.0290101632e-12,0
2002475325005_Node0_Node8_Zero,2002.475325,2002.480621,0,,0,3.0290101632e-12,0
2002480790601_Node0_Node8_Zero,2002.480791,2002.488387,0,,0,3.0290101632e-12,0
2002486259776_Node0_Node8_Zero,2002.48626,2002.492292,0,,0,3.0290101632e-12,0
2002491722938_Node0_Node8_Zero,2002.491723,2002.4993,0,,0,4.739306505920358e-14,0
2002497189278_Node0_Node8_Zero,2002.497189,2002.503497,0,,0,3.0290101632e-12,0
2002502651948_Node0_Node8_Zero,2002.502652,2002.509998,0,,0,4.381010738382857e-14,5.96304239391e-14
2002508114380_Node0_Node8_Zero,2002.508114,2002.512195,0,,0,3.0290101632e-12,0
2002513577761_Node0_Node8_Zero,2002.513578,2002.516362,0,,0,3.090826697142857e-12,0
2002519042934_Node0_Node8_Zero,2002.519043,2002.522199,0,,0,3.0290101632e-12,1.3146745500000003e-13
2002524505216_Node0_Node8_Zero,2002.524505,2002.526982,0,,0,3.0290101632e-12,0
2002529971663_Node0_Node8_Zero,2002.529972,2002.534806,0,,0,3.0290101632e-12,0
2002535440667_Node0_Node8_Zero,2002.535441,2002.541648,0,,0,3.0719383117714285e-12,0
2002540907660_Node0_Node8_Zero,2002.540908,2002.554151,0,,0,8.824273409385553e-14,0
2002546374635_Node0_Node8_Zero,2002.546375,2002.56209,0,,0,8.818556070394376e-14,1.3778993859991212e-13
2002551841360_Node0_Node8_Zero,2002.551841,2002.569752,0,,0,8.699671775217601e-14,1.35932371487775e-13
2002557302441_Node0_Node8_Zero,2002.557302,2002.577594,0,,0,3.116006880952176e-12,0
2002562769865_Node0_Node8_Zero,2002.56277,2002.581562,0,,0,3.116006880952176e-12,0
2002568237486_Node0_Node8_Zero,2002.568237,2002.583572,0,,0,8.699671775217601e-14,1.35932371487775e-13
2002573697065_Node0_Node8_Zero,2002.573697,2002.585502,0,,0,3.0764032282592034e-12,0
2002579160983_Node0_Node8_Zero,2002.579161,2002.587612,0,,0,4.4044940559486396e-14,5.995005798374538e-14
2002584628705_Node0_Node8_Zero,2002.584629,2002.591579,0,,0,3.0290101632e-12,0
2002590096923_Node0_Node8_Zero,2002.590097,2002.599483,0,,0,3.0290101632e-12,0
2002595561070_Node0_Node8_Zero,2002.595561,2002.601373,0,,0,3.0290101632e-12,0
2002601020687_Node0_Node8_Zero,2002.601021,2002.608508,0,,0,3.0290101632e-12,5.842998000000001e-14
2002606484408_Node0_Node8_Zero,2002.606484,2002.610518,0,,0,3.0290101632e-12,5.985891405955901e-14
2002611950275_Node0_Node8_Zero,2002.61195,2002.616183,0,,0,3.0290101632e-12,0
2002617419197_Node0_Node8_Zero,2002.617419,2002.620396,0,,0,4.4177034220793924e-14,0
2002622883998_Node0_Node8_Zero,2002.622884,2002.627194,0,,0,3.0290101632e-12,0
2002628352299_Node0_Node8_Zero,2002.628352,2002.631024,0,,0,3.0290101632e-12,0
2002633820836_Node0_Node8_Zero,2002.633821,2002.636837,0,,0,3.0290101632e-12,0
2002639283173_Node0_Node8_Zero,2002.639283,2002.642718,0,,0,3.0290101632e-12,1.3146745500000003e-13
2002644744281_Node0_Node8_Zero,2002.644744,2002.649712,0,,0,3.0290101632e-12,0
2002650209682_Node0_Node8_Zero,2002.65021,2002.65356,0,,0,3.0290101632e-12,0
2002655677839_Node0_Node8_Zero,2002.655678,2002.659555,0,,0,3.0290101632e-12,0
2002661141008_Node0_Node8_Zero,2002.661141,2002.665538,0,,0,3.0290101632e-12,0
2002666605741_Node0_Node8_Zero,2002.666606,2002.671405,0,,0,3.0290101632e-12,0
2002672066640_Node0_Node8_Zero,2002.672067,2002.679229,0,,0,3.0290101632e-12,0
2002677533442_Node0_Node8_Zero,2002.677533,2002.685249,0,,0,3.0290101632e-12,0
2002683001272_Node0_Node8_Zero,2002.683001,2002.687139,0,,0,4.292814857142858e-14,0
2002688466256_Node0_Node8_Zero,2002.688466,2002.697076,0,,0,8.413917120000002e-14,1.3146745500000003e-13
2002693935203_Node0_Node8_Zero,2002.693935,2002.699252,0,,0,3.0290101632e-12,0
2002699400206_Node0_Node8_Zero,2002.6994,2002.701464,0,,0,3.0290101632e-12,0
2002704863506_Node0_Node8_Zero,2002.704864,2002.707287,0,,0,3.0290101632e-12,1.3146745500000003e-13
2002710327945_Node0_Node8_Zero,2002.710328,2002.712451,0,,0,4.418949584244906e-14,6.014681378555567e-14
2002715789652_Node0_Node8_Zero,2002.71579,2002.718772,0,,0,3.0290101632e-12,0
2002721254971_Node0_Node8_Zero,2002.721255,2002.726707,0,,0,3.0290101632e-12,1.3146745500000003e-13
2002726717941_Node0_Node8_Zero,2002.726718,2002.732697,0,,0,3.0290101632e-12,5.842998000000001e-14
2002732182579_Node0_Node8_Zero,2002.732183,2002.742741,0,,0,3.0290101632e-12,0
2002737648994_Node0_Node8_Zero,2002.737649,2002.744751,0,,0,4.381010738382857e-14,5.96304239391e-14
2002743113997_Node0_Node8_Zero,2002.743114,2002.756891,0,,0,8.82259363581064e-14,1.3785302555954125e-13
2002748573478_Node0_Node8_Zero,2002.748573,2002.758821,0,,0,3.1171957239039437e-12,0
2002754040075_Node0_Node8_Zero,2002.75404,2002.760731,0,,0,3.0728202705838285e-12,0
2002759500692_Node0_Node8_Zero,2002.759501,2002.767153,0,,0,4.739306505920358e-14,6.450722744169376e-14
2002764961277_Node0_Node8_Zero,2002.764961,2002.769263,0,,0,3.0290101632e-12,0
2002770429313_Node0_Node8_Zero,2002.770429,2002.778832,0,,0,8.413917120000002e-14,0
2002775891159_Node0_Node8_Zero,2002.775891,2002.780742,0,,0,3.0290101632e-12,0
2002781355300_Node0_Node8_Zero,2002.781355,2002.784534,0,,0,8.758004814890527e-14,0
2002786820881_Node0_Node8_Zero,2002.786821,2002.789387,0,,0,3.0290101632e-12,0
2002792285092_Node0_Node8_Zero,2002.792285,2002.794309,0,,0,3.0290101632e-12,0
2002797753626_Node0_Node8_Zero,2002.797754,2002.802626,0,,0,3.0290101632e-12,0
2002803218882_Node0_Node8_Zero,2002.803219,2002.806741,0,,0,3.0290101632e-12,0
2002808682180_Node0_Node8_Zero,2002.808682,2002.810666,0,,0,3.0290101632e-12,0
2002814142628_Node0_Node8_Zero,2002.814143,2002.818411,0,,0,3.0290101632e-12,0
2002819605626_Node0_Node8_Zero,2002.819606,2002.822357,0,,0,3.0290101632e-12,1.3146745500000003e-13
2002825074163_Node0_Node8_Zero,2002.825074,2002.828101,0,,0,3.0290101632e-12,0
2002830536213_Node0_Node8_Zero,2002.830536,2002.833757,0,,0,3.0290101632e-12,1.35932371487775e-13
2002835997052_Node0_Node8_Zero,2002.835997,2002.841741,0,,0,3.090826697142857e-12,0
2002841461619_Node0_Node8_Zero,2002.841462,2002.84893,0,,0,4.944383598520487e-14,0
2002846926782_Node0_Node8_Zero,2002.846927,2002.85086,0,,0,3.0290101632e-12,0
2002852388499_Node0_Node8_Zero,2002.852388,2002.854929,0,,0,3.0290101632e-12,8.41391712e-14
2002857857423_Node0_Node8_Zero,2002.857857,2002.860718,0,,0,3.0290101632e-12,0
2002863320111_Node0_Node8_Zero,2002.86332,2002.86875,0,,0,3.0290101632e-12,0
2002868784314_Node0_Node8_Zero,2002.868784,2002.870894,0,,0,8.413917120000002e-14,0
2002874251728_Node0_Node8_Zero,2002.874252,2002.87629,0,,0,3.0290101632e-12,0
2002879712494_Node0_Node8_Zero,2002.879712,2002.882292,0,,0,3.0290101632e-12,1.3778993859991212e-13
2002885179010_Node0_Node8_Zero,2002.885179,2002.892415,0,,0,3.0290101632e-12,0
2002890640196_Node0_Node8_Zero,2002.89064,2002.899374,0,,0,8.413917120000002e-14,1.3146745500000003e-13
2002896106865_Node0_Node8_Zero,2002.896107,2002.901756,0,,0,4.925063217134066e-14,6.703558267765812e-14
2002901573943_Node0_Node8_Zero,2002.901574,2002.910523,0,,0,3.0290101632e-12,0
2002907038490_Node0_Node8_Zero,2002.907038,2002.914471,0,,0,3.0290101632e-12,0
2002912503934_Node0_Node8_Zero,2002.912504,2002.916381,0,,0,3.0290101632e-12,0
2002917969787_Node0_Node8_Zero,2002.91797,2002.926114,0,,0,3.0290101632e-12,0
2002923431968_Node0_Node8_Zero,2002.923432,2002.931864,0,,0,3.0729833491780353e-12,0
2002928896697_Node0_Node8_Zero,2002.928897,2002.935794,0,,0,6.181653394285714e-14,8.41391712e-14
2002934359225_Node0_Node8_Zero,2002.934359,2002.945689,0,,0,3.0290101632e-12,0
2002939827864_Node0_Node8_Zero,2002.939828,2002.951407,0,,0,3.0290101632e-12,0
2002945294348_Node0_Node8_Zero,2002.945294,2002.953297,0,,0,3.0290101632e-12,6.708752773598101e-14
2002950760849_Node0_Node8_Zero,2002.950761,2002.955167,0,,0,3.0290101632e-12,0
2002956221574_Node0_Node8_Zero,2002.956222,2002.960981,0,,0,3.0290101632e-12,0
2002961687807_Node0_Node8_Zero,2002.961688,2002.963944,0,,0,3.0290101632e-12,0
2002967152818_Node0_Node8_Zero,2002.967153,2002.970158,0,,0,3.0290101632e-12,0
2002972617832_Node0_Node8_Zero,2002.972618,2002.97816,0,,0,3.0290101632e-12,1.3146745500000003e-13
2002978079329_Node0_Node8_Zero,2002.978079,2002.986198,0,,0,3.0290101632e-12,0
2002983540627_Node0_Node8_Zero,2002.983541,2002.988088,0,,0,3.0290101632e-12,0
2002989007692_Node0_Node8_Zero,2002.989008,2002.995966,0,,0,3.0290101632e-12,0
2002994468384_Node0_Node8_Zero,2002.994468,2003.003839,0,,0,3.0290101632e-12,0
2002999935660_Node0_Node8_Zero,2002.999936,2003.007759,0,,0,3.0290101632e-12,0
2003005400235_Node0_Node8_Zero,2003.0054,2003.011817,0,,0,3.0290101632e-12,0
2003010864730_Node0_Node8_Zero,2003.010865,2003.019782,0,,0,3.0290101632e-12,0
2003016327543_Node0_Node8_Zero,2003.016328,2003.0262,0,,0,3.0290101632e-12,0
2003021794259_Node0_Node8_Zero,2003.021794,2003.030133,0,,0,3.0290101632e-12,0
2003027259179_Node0_Node8_Zero,2003.027259,2003.032003,0,,0,3.0290101632e-12,0
2003032721230_Node0_Node8_Zero,2003.032721,2003.037807,0,,0,3.0290101632e-12,0
2003038187955_Node0_Node8_Zero,2003.038188,2003.043611,0,,0,3.0290101632e-12,0
2003043648920_Node0_Node8_Zero,2003.043649,2003.047443,0,,0,3.0290101632e-12,0
2003049118031_Node0_Node8_Zero,2003.049118,2003.056957,0,,0,3.0290101632e-12,0
2003054581579_Node0_Node8_Zero,2003.054582,2003.059031,0,,0,8.818556070394376e-14,1.3778993859991212e-13
2003060047172_Node0_Node8_Zero,2003.060047,2003.063654,0,,0,3.0290101632e-12,0
2003065509435_Node0_Node8_Zero,2003.065509,2003.071382,0,,0,3.0290101632e-12,0
2003070970530_Node0_Node8_Zero,2003.070971,2003.081203,0,,0,3.116535255597406e-12,0
2003076430400_Node0_Node8_Zero,2003.07643,2003.083256,0,,0,3.0290101632e-12,0
2003081891188_Node0_Node8_Zero,2003.081891,2003.089377,0,,0,3.0290101632e-12,0
2003087353548_Node0_Node8_Zero,2003.087354,2003.095212,0,,0,3.0290101632e-12,0
2003092819096_Node0_Node8_Zero,2003.092819,2003.101194,0,,0,8.413917120000002e-14,0
2003098282429_Node0_Node8_Zero,2003.098282,2003.10497,0,,0,8.699671775217601e-14,1.35932371487775e-13
2003103743450_Node0_Node8_Zero,2003.103743,2003.121318,0,,0,3.0290101632e-12,0
2003109210014_Node0_Node8_Zero,2003.10921,2003.123663,0,,0,3.0290101632e-12,0
2003114678837_Node0_Node8_Zero,2003.114679,2003.132079,0,,0,3.0290101632e-12,1.3146745500000003e-13
2003120142422_Node0_Node8_Zero,2003.120142,2003.133984,0,,0,3.0733486452290586e-12,0
2003125604190_Node0_Node8_Zero,2003.125604,2003.140081,0,,0,3.0290101632e-12,0
2003131072136_Node0_Node8_Zero,2003.131072,2003.147774,0,,0,8.413917120000002e-14,0
2003136534256_Node0_Node8_Zero,2003.136534,2003.149651,0,,0,4.930467337708288e-14,6.71091387632517e-14
2003141999381_Node0_Node8_Zero,2003.141999,2003.151521,0,,0,3.1172443417147714e-12,0
2003147466885_Node0_Node8_Zero,2003.147467,2003.153738,0,,0,3.0290101632e-12,5.96304239391e-14
2003152929942_Node0_Node8_Zero,2003.15293,2003.160536,0,,0,3.0290101632e-12,5.988536304950054e-14
2003158392546_Node0_Node8_Zero,2003.158393,2003.162652,0,,0,3.0290101632e-12,0
2003163854983_Node0_Node8_Zero,2003.163855,2003.166019,0,,0,3.0290101632e-12,5.995005798374538e-14
2003169318739_Node0_Node8_Zero,2003.169319,2003.171282,0,,0,3.0719383117714285e-12,0
2003174783580_Node0_Node8_Zero,2003.174784,2003.178017,0,,0,3.0290101632e-12,1.3146745500000003e-13
2003180246613_Node0_Node8_Zero,2003.180247,2003.18213,0,,0,3.0290101632e-12,0
2003185713682_Node0_Node8_Zero,2003.185714,2003.187697,0,,0,3.0290101632e-12,5.96304239391e-14
2003191174256_Node0_Node8_Zero,2003.191174,2003.198408,0,,0,3.0290101632e-12,0
2003196636457_Node0_Node8_Zero,2003.196636,2003.210252,0,,0,3.0290101632e-12,0
2003202102648_Node0_Node8_Zero,2003.202103,2003.216209,0,,0,3.0290101632e-12,0
2003207562530_Node0_Node8_Zero,2003.207563,2003.224684,0,,0,3.0290101632e-12,0
2003213027988_Node0_Node8_Zero,2003.213028,2003.228539,0,,0,3.0290101632e-12,0
2003218496181_Node0_Node8_Zero,2003.218496,2003.230656,0,,0,3.0290101632e-12,0
2003223960336_Node0_Node8_Zero,2003.22396,2003.234476,0,,0,3.0290101632e-12,1.35932371487775e-13
2003229420446_Node0_Node8_Zero,2003.22942,2003.236586,0,,0,3.0728202705838285e-12,0
2003234883156_Node0_Node8_Zero,2003.234883,2003.244447,0,,0,3.0290101632e-12,0
2003240347702_Node0_Node8_Zero,2003.240348,2003.246317,0,,0,3.0290101632e-12,5.96304239391e-14
2003245813910_Node0_Node8_Zero,2003.245814,2003.2532,0,,0,3.0290101632e-12,0
2003251276233_Node0_Node8_Zero,2003.251276,2003.255376,0,,0,3.0290101632e-12,1.3146745500000003e-13
2003256740376_Node0_Node8_Zero,2003.25674,2003.263668,0,,0,3.0290101632e-12,0
2003262206055_Node0_Node8_Zero,2003.262206,2003.271442,0,,0,3.117236099558106e-12,0
2003267671739_Node0_Node8_Zero,2003.267672,2003.273352,0,,0,3.0290101632e-12,0
2003273137151_Node0_Node8_Zero,2003.273137,2003.280522,0,,0,3.0728202705838285e-12,0
2003278598823_Node0_Node8_Zero,2003.278599,2003.282572,0,,0,3.0290101632e-12,0
2003284065184_Node0_Node8_Zero,2003.284065,2003.288351,0,,0,8.413917120000002e-14,1.3146745500000003e-13
2003289531655_Node0_Node8_Zero,2003.289532,2003.292403,0,,0,3.073205019605057e-12,0
2003295000462_Node0_Node8_Zero,2003.295,2003.296946,0,,0,3.0290101632e-12,0
2003300463026_Node0_Node8_Zero,2003.300463,2003.304747,0,,0,3.0290101632e-12,0
2003305923481_Node0_Node8_Zero,2003.305923,2003.314563,0,,0,3.0290101632e-12,0
2003311390113_Node0_Node8_Zero,2003.31139,2003.320725,0,,0,3.0290101632e-12,0
2003316852308_Node0_Node8_Zero,2003.316852,2003.324552,0,,0,3.0290101632e-12,0
2003322321347_Node0_Node8_Zero,2003.322321,2003.328513,0,,0,3.0290101632e-12,0
2003327788320_Node0_Node8_Zero,2003.327788,2003.338198,0,,0,3.0290101632e-12,1.3146745500000003e-13
2003333251398_Node0_Node8_Zero,2003.333251,2003.340254,0,,0,3.0290101632e-12,0
2003338712722_Node0_Node8_Zero,2003.338713,2003.346419,0,,0,8.824273409385553e-14,0
2003344175624_Node0_Node8_Zero,2003.344176,2003.348495,0,,0,3.73951872e-14,4.73282838e-14
2003349642637_Node0_Node8_Zero,2003.349643,2003.352337,0,,0,3.0290101632e-12,0
2003355106918_Node0_Node8_Zero,2003.355107,2003.357377,0,,0,3.0290101632e-12,6.450722744169376e-14
2003360567567_Node0_Node8_Zero,2003.360568,2003.363338,0,,0,3.0290101632e-12,0
2003366029343_Node0_Node8_Zero,2003.366029,2003.367973,0,,0,4.381010738382857e-14,0
2003371494619_Node0_Node8_Zero,2003.371495,2003.380457,0,,0,3.0290101632e-12,0
2003376957814_Node0_Node8_Zero,2003.376958,2003.384444,0,,0,3.0290101632e-12,0
2003382427154_Node0_Node8_Zero,2003.382427,2003.388332,0,,0,3.0290101632e-12,0
2003387891531_Node0_Node8_Zero,2003.387892,2003.396562,0,,0,3.0728202705838285e-12,0
2003393351126_Node0_Node8_Zero,2003.393351,2003.398589,0,,0,3.1131493344e-12,0
2003398816683_Node0_Node8_Zero,2003.398817,2003.400986,0,,0,3.0290101632e-12,0
2003404278215_Node0_Node8_Zero,2003.404278,2003.406428,0,,0,3.0290101632e-12,0
2003409747421_Node0_Node8_Zero,2003.409747,2003.412955,0,,0,3.0290101632e-12,0
2003415215766_Node0_Node8_Zero,2003.415216,2003.419029,0,,0,3.0290101632e-12,0
2003420680133_Node0_Node8_Zero,2003.42068,2003.424992,0,,0,3.0290101632e-12,0
2003426146059_Node0_Node8_Zero,2003.426146,2003.430879,0,,0,3.0290101632e-12,0
2003431613092_Node0_Node8_Zero,2003.431613,2003.439329,0,,0,3.0290101632e-12,1.3146745500000003e-13
2003437073875_Node0_Node8_Zero,2003.437074,2003.449211,0,,0,8.818556070394376e-14,0
2003442542231_Node0_Node8_Zero,2003.442542,2003.451081,0,,0,3.0290101632e-12,0
2003448009620_Node0_Node8_Zero,2003.44801,2003.452971,0,,0,3.0290101632e-12,0
2003453473453_Node0_Node8_Zero,2003.453473,2003.458916,0,,0,3.0290101632e-12,0
2003458941355_Node0_Node8_Zero,2003.458941,2003.465067,0,,0,3.0290101632e-12,0
2003464409357_Node0_Node8_Zero,2003.464409,2003.481319,0,,0,3.0290101632e-12,6.7181216316039e-14
2003469870091_Node0_Node8_Zero,2003.46987,2003.483249,0,,0,3.0290101632e-12,0
2003475330168_Node0_Node8_Zero,2003.47533,2003.485339,0,,0,3.0290101632e-12,0
2003480794915_Node0_Node8_Zero,2003.480795,2003.48924,0,,0,8.413917120000002e-14,0
2003486256551_Node0_Node8_Zero,2003.486257,2003.493347,0,,0,3.0290101632e-12,0
2003491717383_Node0_Node8_Zero,2003.491717,2003.500696,0,,0,3.0290101632e-12,0
2003497181773_Node0_Node8_Zero,2003.497182,2003.510304,0,,0,3.1131493344e-12,0
2003502648771_Node0_Node8_Zero,2003.502649,2003.512334,0,,0,3.0290101632e-12,0
2003508112818_Node0_Node8_Zero,2003.508113,2003.51823,0,,0,3.0290101632e-12,5.96304239391e-14
2003513579077_Node0_Node8_Zero,2003.513579,2003.524206,0,,0,3.0290101632e-12,0
2003519043126_Node0_Node8_Zero,2003.519043,2003.540067,0,,0,3.0290101632e-12,0
2003524505547_Node0_Node8_Zero,2003.524506,2003.546079,0,,0,3.0290101632e-12,0
2003529971120_Node0_Node8_Zero,2003.529971,2003.548069,0,,0,3.0290101632e-12,6.7181216316039e-14
2003535439908_Node0_Node8_Zero,2003.53544,2003.553975,0,,0,3.0290101632e-12,0
2003540902086_Node0_Node8_Zero,2003.540902,2003.558152,0,,0,3.0290101632e-12,0
2003546362437_Node0_Node8_Zero,2003.546362,2003.560388,0,,0,3.0290101632e-12,0
2003551831083_Node0_Node8_Zero,2003.551831,2003.566192,0,,0,3.0290101632e-12,0
2003557292204_Node0_Node8_Zero,2003.557292,2003.570013,0,,0,8.413917120000002e-14,1.3146745500000003e-13
2003562760988_Node0_Node8_Zero,2003.562761,2003.574233,0,,0,3.0290101632e-12,0
2003568223030_Node0_Node8_Zero,2003.568223,2003.580179,0,,0,3.0290101632e-12,0
2003573686849_Node0_Node8_Zero,2003.573687,2003.585937,0,,0,8.699671775217601e-14,0
2003579148486_Node0_Node8_Zero,2003.579148,2003.588362,0,,0,3.0290101632e-12,0
2003584609582_Node0_Node8_Zero,2003.58461,2003.590292,0,,0,3.0290101632e-12,0
2003590069893_Node0_Node8_Zero,2003.59007,2003.604175,0,,0,3.0290101632e-12,0
2003595538055_Node0_Node8_Zero,2003.595538,2003.608122,0,,0,3.116006880952176e-12,0
2003601001150_Node0_Node8_Zero,2003.601001,2003.610012,0,,0,3.0290101632e-12,6.450722744169376e-14
2003606466223_Node0_Node8_Zero,2003.606466,2003.613902,0,,0,3.0290101632e-12,0
2003611927552_Node0_Node8_Zero,2003.611928,2003.617989,0,,0,3.0290101632e-12,0
2003617396580_Node0_Node8_Zero,2003.617397,2003.628052,0,,0,3.0290101632e-12,0
2003622864806_Node0_Node8_Zero,2003.622865,2003.641471,0,,0,3.0290101632e-12,0
2003628327469_Node0_Node8_Zero,2003.628327,2003.645341,0,,0,3.1131493344e-12,0
2003633789258_Node0_Node8_Zero,2003.633789,2003.651032,0,,0,3.1171957239039437e-12,0
2003639253489_Node0_Node8_Zero,2003.639253,2003.656851,0,,0,3.0290101632e-12,0
2003644721742_Node0_Node8_Zero,2003.644722,2003.658821,0,,0,3.0290101632e-12,0
2003650187590_Node0_Node8_Zero,2003.650188,2003.660977,0,,0,3.0290101632e-12,6.450722744169376e-14
2003655654752_Node0_Node8_Zero,2003.655655,2003.664958,0,,0,3.0290101632e-12,0
2003661116772_Node0_Node8_Zero,2003.661117,2003.667048,0,,0,3.0290101632e-12,0
2003666577561_Node0_Node8_Zero,2003.666578,2003.674063,0,,0,3.0290101632e-12,0
2003672039372_Node0_Node8_Zero,2003.672039,2003.676053,0,,0,3.0290101632e-12,0
2003677504342_Node0_Node8_Zero,2003.677504,2003.683169,0,,0,3.0290101632e-12,0
2003682972315_Node0_Node8_Zero,2003.682972,2003.691138,0,,0,3.0290101632e-12,0
2003688440165_Node0_Node8_Zero,2003.68844,2003.695065,0,,0,3.0290101632e-12,0
2003693907010_Node0_Node8_Zero,2003.693907,2003.706863,0,,0,3.0290101632e-12,0
2003699371163_Node0_Node8_Zero,2003.699371,2003.710831,0,,0,3.0290101632e-12,0
2003704837608_Node0_Node8_Zero,2003.704838,2003.714799,0,,0,3.0290101632e-12,0
2003710298573_Node0_Node8_Zero,2003.710299,2003.720496,0,,0,3.0290101632e-12,0
2003715764342_Node0_Node8_Zero,2003.715764,2003.724457,0,,0,8.413917120000002e-14,0
2003721230584_Node0_Node8_Zero,2003.721231,2003.730566,0,,0,3.090826697142857e-12,0
2003726699254_Node0_Node8_Zero,2003.726699,2003.742046,0,,0,3.0290101632e-12,0
2003732168649_Node0_Node8_Zero,2003.732169,2003.750365,0,,0,3.1131493344e-12,0
2003737632493_Node0_Node8_Zero,2003.737632,2003.752258,0,,0,3.0290101632e-12,0
2003743101448_Node0_Node8_Zero,2003.743101,2003.754188,0,,0,3.0290101632e-12,1.35932371487775e-13
2003748562895_Node0_Node8_Zero,2003.748563,2003.756058,0,,0,3.0290101632e-12,0
2003754025687_Node0_Node8_Zero,2003.754026,2003.758008,0,,0,3.0290101632e-12,0
2003759492440_Node0_Node8_Zero,2003.759492,2003.771319,0,,0,3.0290101632e-12,0
2003764953285_Node0_Node8_Zero,2003.764953,2003.77792,0,,0,3.0729881612405084e-12,0
2003770420715_Node0_Node8_Zero,2003.770421,2003.780017,0,,0,8.413917120000002e-14,0
2003775886103_Node0_Node8_Zero,2003.775886,2003.781927,0,,0,3.0290101632e-12,0
2003781354842_Node0_Node8_Zero,2003.781355,2003.791641,0,,0,3.117243785512366e-12,0
2003786816277_Node0_Node8_Zero,2003.786816,2003.793863,0,,0,3.0729873374230737e-12,0
2003792285737_Node0_Node8_Zero,2003.792286,2003.799882,0,,0,3.1171957239039437e-12,0
2003797750066_Node0_Node8_Zero,2003.79775,2003.801772,0,,0,3.116006880952176e-12,0
2003803218264_Node0_Node8_Zero,2003.803218,2003.810447,0,,0,3.0290101632e-12,0
2003808680829_Node0_Node8_Zero,2003.808681,2003.816217,0,,0,3.0290101632e-12,1.35932371487775e-13
2003814146342_Node0_Node8_Zero,2003.814146,2003.820225,0,,0,3.0290101632e-12,0
2003819610325_Node0_Node8_Zero,2003.81961,2003.826934,0,,0,3.0290101632e-12,0
2003825070574_Node0_Node8_Zero,2003.825071,2003.828944,0,,0,3.0290101632e-12,5.842998000000001e-14
2003830538425_Node0_Node8_Zero,2003.830538,2003.837237,0,,0,3.0290101632e-12,0
2003836003759_Node0_Node8_Zero,2003.836004,2003.845344,0,,0,3.0290101632e-12,1.35932371487775e-13
2003841470265_Node0_Node8_Zero,2003.84147,2003.849372,0,,0,3.0290101632e-12,0
2003846935551_Node0_Node8_Zero,2003.846936,2003.858985,0,,0,3.0290101632e-12,0
2003852400510_Node0_Node8_Zero,2003.852401,2003.863136,0,,0,8.699671775217601e-14,1.35932371487775e-13
2003857863003_Node0_Node8_Zero,2003.857863,2003.86725,0,,0,3.0290101632e-12,0
2003863327123_Node0_Node8_Zero,2003.863327,2003.86924,0,,0,3.0290101632e-12,0
2003868792860_Node0_Node8_Zero,2003.868793,2003.877187,0,,0,3.0290101632e-12,0
2003874258325_Node0_Node8_Zero,2003.874258,2003.882927,0,,0,3.0290101632e-12,0
2003879720371_Node0_Node8_Zero,2003.87972,2003.885287,0,,0,3.1131493344e-12,0
2003885181865_Node0_Node8_Zero,2003.885182,2003.893059,0,,0,3.0290101632e-12,0
2003890648883_Node0_Node8_Zero,2003.890649,2003.895069,0,,0,3.0290101632e-12,0
2003896117204_Node0_Node8_Zero,2003.896117,2003.89901,0,,0,3.0290101632e-12,0
2003901583749_Node0_Node8_Zero,2003.901584,2003.903574,0,,0,4.292814857142858e-14,5.842998000000001e-14
2003907045016_Node0_Node8_Zero,2003.907045,2003.910645,0,,0,3.0290101632e-12,0
2003912510739_Node0_Node8_Zero,2003.912511,2003.922338,0,,0,3.0290101632e-12,0
2003917974143_Node0_Node8_Zero,2003.917974,2003.924208,0,,0,3.0290101632e-12,0
2003923437968_Node0_Node8_Zero,2003.923438,2003.933755,0,,0,3.0290101632e-12,0
2003928905543_Node0_Node8_Zero,2003.928906,2003.935665,0,,0,3.0728202705838285e-12,0
2003934365701_Node0_Node8_Zero,2003.934366,2003.94971,0,,0,3.0290101632e-12,0
2003939828164_Node0_Node8_Zero,2003.939828,2003.951804,0,,0,3.0290101632e-12,0
2003945290020_Node0_Node8_Zero,2003.94529,2003.953754,0,,0,3.0290101632e-12,0
2003950756241_Node0_Node8_Zero,2003.950756,2003.961483,0,,0,3.1131493344e-12,0
2003956218569_Node0_Node8_Zero,2003.956219,2003.965431,0,,0,3.0290101632e-12,0
2003961678901_Node0_Node8_Zero,2003.961679,2003.967321,0,,0,3.0290101632e-12,0
2003967145196_Node0_Node8_Zero,2003.967145,2003.975147,0,,0,3.0290101632e-12,1.3146745500000003e-13
2003972609812_Node0_Node8_Zero,2003.97261,2003.982807,0,,0,3.1131493344e-12,0
2003978075797_Node0_Node8_Zero,2003.978076,2003.988921,0,,0,3.0290101632e-12,0
2003983536433_Node0_Node8_Zero,2003.983536,2003.99295,0,,0,3.0290101632e-12,1.3146745500000003e-13
2003988998552_Node0_Node8_Zero,2003.988999,2004.002712,0,,0,8.413917120000002e-14,1.3146745500000003e-13
2003994460444_Node0_Node8_Zero,2003.99446,2004.006606,0,,0,3.0290101632e-12,1.3146745500000003e-13
2003999920869_Node0_Node8_Zero,2003.999921,2004.008536,0,,0,4.739306505920358e-14,6.450722744169376e-14
2004005381770_Node0_Node8_Zero,2004.005382,2004.010446,0,,0,3.0290101632e-12,0
2004010842752_Node0_Node8_Zero,2004.010843,2004.016504,0,,0,3.0290101632e-12,0
2004016312158_Node0_Node8_Zero,2004.016312,2004.02898,0,,0,3.0290101632e-12,0
2004021780605_Node0_Node8_Zero,2004.021781,2004.032987,0,,0,3.0290101632e-12,0
2004027248344_Node0_Node8_Zero,2004.027248,2004.043223,0,,0,3.0290101632e-12,0
2004032710957_Node0_Node8_Zero,2004.032711,2004.047048,0,,0,3.0290101632e-12,0
2004038174577_Node0_Node8_Zero,2004.038175,2004.048918,0,,0,3.0290101632e-12,0
2004043642151_Node0_Node8_Zero,2004.043642,2004.050994,0,,0,4.4177034220793924e-14,0
2004049104822_Node0_Node8_Zero,2004.049105,2004.053151,0,,0,3.0290101632e-12,0
2004054569350_Node0_Node8_Zero,2004.054569,2004.059032,0,,0,3.0290101632e-12,0
2004060034222_Node0_Node8_Zero,2004.060034,2004.070474,0,,0,8.699671775217601e-14,1.35932371487775e-13
2004065497448_Node0_Node8_Zero,2004.065497,2004.072364,0,,0,3.0290101632e-12,0
2004070961114_Node0_Node8_Zero,2004.070961,2004.079249,0,,0,3.1131493344e-12,0
2004076428239_Node0_Node8_Zero,2004.076428,2004.081402,0,,0,3.0290101632e-12,0
2004081893899_Node0_Node8_Zero,2004.081894,2004.091403,0,,0,3.116006880952176e-12,0
2004087354434_Node0_Node8_Zero,2004.087354,2004.09545,0,,0,6.181653394285714e-14,1.3778993859991212e-13
2004092823167_Node0_Node8_Zero,2004.092823,2004.099251,0,,0,8.413917120000002e-14,1.3146745500000003e-13
2004098284799_Node0_Node8_Zero,2004.098285,2004.106178,0,,0,3.0290101632e-12,0
2004103745644_Node0_Node8_Zero,2004.103746,2004.112064,0,,0,3.0290101632e-12,0
2004109209687_Node0_Node8_Zero,2004.10921,2004.113974,0,,0,3.0290101632e-12,0
2004114676360_Node0_Node8_Zero,2004.114676,2004.121693,0,,0,3.0290101632e-12,0
2004120139599_Node0_Node8_Zero,2004.12014,2004.127919,0,,0,3.0290101632e-12,8.41391712e-14
2004125606516_Node0_Node8_Zero,2004.125607,2004.135698,0,,0,8.413917120000002e-14,0
2004131073446_Node0_Node8_Zero,2004.131073,2004.142308,0,,0,3.1131493344e-12,0
2004136541070_Node0_Node8_Zero,2004.136541,2004.144481,0,,0,3.0290101632e-12,0
2004142009460_Node0_Node8_Zero,2004.142009,2004.146697,0,,0,3.0290101632e-12,6.015411010688339e-14
2004147472922_Node0_Node8_Zero,2004.147473,2004.152541,0,,0,3.116006880952176e-12,0
2004152937975_Node0_Node8_Zero,2004.152938,2004.156517,0,,0,3.0290101632e-12,0
2004158398862_Node0_Node8_Zero,2004.158399,2004.162311,0,,0,3.116535255597406e-12,0
2004163863578_Node0_Node8_Zero,2004.163864,2004.170469,0,,0,3.090826697142857e-12,1.3660109564814438e-13
2004169323539_Node0_Node8_Zero,2004.169324,2004.17841,0,,0,6.181653394285714e-14,0
2004174783240_Node0_Node8_Zero,2004.174783,2004.18028,0,,0,3.0764032282592034e-12,0
2004180248688_Node0_Node8_Zero,2004.180249,2004.193524,0,,0,3.0728202705838285e-12,0
2004185713022_Node0_Node8_Zero,2004.185713,2004.197444,0,,0,3.1131493344e-12,0
2004191180761_Node0_Node8_Zero,2004.191181,2004.199374,0,,0,8.699671775217601e-14,0
2004196643482_Node0_Node8_Zero,2004.196643,2004.201484,0,,0,3.0290101632e-12,0
2004202106417_Node0_Node8_Zero,2004.202106,2004.205551,0,,0,8.699671775217601e-14,1.35932371487775e-13
2004207571506_Node0_Node8_Zero,2004.207572,2004.213757,0,,0,3.0290101632e-12,0
2004213040097_Node0_Node8_Zero,2004.21304,2004.225859,0,,0,3.0290101632e-12,0
2004218506960_Node0_Node8_Zero,2004.218507,2004.227769,0,,0,3.0290101632e-12,0
2004223968983_Node0_Node8_Zero,2004.223969,2004.229659,0,,0,3.0290101632e-12,0
2004229429940_Node0_Node8_Zero,2004.22943,2004.241358,0,,0,3.0290101632e-12,0
2004234893894_Node0_Node8_Zero,2004.234894,2004.243268,0,,0,3.0764032282592034e-12,0
2004240356554_Node0_Node8_Zero,2004.240357,2004.247407,0,,0,3.0290101632e-12,0
2004245823622_Node0_Node8_Zero,2004.245824,2004.257153,0,,0,8.413917120000002e-14,0
2004251290411_Node0_Node8_Zero,2004.25129,2004.259123,0,,0,3.0290101632e-12,0
2004256756411_Node0_Node8_Zero,2004.256756,2004.264962,0,,0,3.0290101632e-12,0
2004262218119_Node0_Node8_Zero,2004.262218,2004.266832,0,,0,3.0290101632e-12,6.450722744169376e-14
2004267677900_Node0_Node8_Zero,2004.267678,2004.276876,0,,0,3.0290101632e-12,0
2004273145297_Node0_Node8_Zero,2004.273145,2004.27903,0,,0,3.0290101632e-12,0
2004278613125_Node0_Node8_Zero,2004.278613,2004.286912,0,,0,3.0290101632e-12,1.3146745500000003e-13
2004284082147_Node0_Node8_Zero,2004.284082,2004.288942,0,,0,3.0719383117714285e-12,0
2004289550139_Node0_Node8_Zero,2004.28955,2004.29671,0,,0,3.0290101632e-12,1.3675795687094705e-13
2004295017210_Node0_Node8_Zero,2004.295017,2004.302449,0,,0,3.0290101632e-12,0
2004300477546_Node0_Node8_Zero,2004.300478,2004.304319,0,,0,3.0290101632e-12,0
2004305937606_Node0_Node8_Zero,2004.305938,2004.308591,0,,0,3.0290101632e-12,1.35932371487775e-13
2004311403804_Node0_Node8_Zero,2004.311404,2004.318788,0,,0,3.0290101632e-12,1.3785302555954125e-13
2004316872613_Node0_Node8_Zero,2004.316873,2004.326865,0,,0,3.0290101632e-12,0
2004322338591_Node0_Node8_Zero,2004.322339,2004.330786,0,,0,3.0290101632e-12,0
2004327804955_Node0_Node8_Zero,2004.327805,2004.332656,0,,0,8.413917120000002e-14,0
2004333266809_Node0_Node8_Zero,2004.333267,2004.338631,0,,0,3.73951872e-14,4.73282838e-14
2004338729795_Node0_Node8_Zero,2004.33873,2004.345048,0,,0,3.0290101632e-12,0
2004344194091_Node0_Node8_Zero,2004.344194,2004.353008,0,,0,3.0290101632e-12,0
2004349658177_Node0_Node8_Zero,2004.349658,2004.358798,0,,0,3.0290101632e-12,0
2004355120169_Node0_Node8_Zero,2004.35512,2004.360688,0,,0,3.0290101632e-12,0
2004360587395_Node0_Node8_Zero,2004.360587,2004.372514,0,,0,3.1131493344e-12,0
2004366048514_Node0_Node8_Zero,2004.366049,2004.37452,0,,0,3.0290101632e-12,0
2004371517662_Node0_Node8_Zero,2004.371518,2004.37639,0,,0,3.0290101632e-12,0
2004376983413_Node0_Node8_Zero,2004.376983,2004.382306,0,,0,3.0290101632e-12,0
2004382444898_Node0_Node8_Zero,2004.382445,2004.388276,0,,0,4.739306505920358e-14,0
2004387912509_Node0_Node8_Zero,2004.387913,2004.395258,0,,0,3.0290101632e-12,0
2004393374950_Node0_Node8_Zero,2004.393375,2004.405502,0,,0,3.0731871974207937e-12,0
2004398838316_Node0_Node8_Zero,2004.398838,2004.409675,0,,0,3.0290101632e-12,0
2004404299048_Node0_Node8_Zero,2004.404299,2004.411545,0,,0,3.0290101632e-12,0
2004409760693_Node0_Node8_Zero,2004.409761,2004.417825,0,,0,3.0731871974207937e-12,0
2004415222000_Node0_Node8_Zero,2004.415222,2004.419695,0,,0,3.0290101632e-12,0
2004420684118_Node0_Node8_Zero,2004.420684,2004.423602,0,,0,3.1131493344e-12,0
2004426151134_Node0_Node8_Zero,2004.426151,2004.431517,0,,0,3.0290101632e-12,0
2004431617439_Node0_Node8_Zero,2004.431617,2004.433561,0,,0,3.116006880952176e-12,0
2004437080844_Node0_Node8_Zero,2004.437081,2004.447472,0,,0,3.0290101632e-12,0
2004442541092_Node0_Node8_Zero,2004.442541,2004.450485,0,,0,3.0290101632e-12,0
2004448001615_Node0_Node8_Zero,2004.448002,2004.452662,0,,0,3.073199659042449e-12,0
2004453465794_Node0_Node8_Zero,2004.453466,2004.455369,0,,0,3.0290101632e-12,0
2004458927641_Node0_Node8_Zero,2004.458928,2004.460971,0,,0,3.0290101632e-12,0
2004464390983_Node0_Node8_Zero,2004.464391,2004.467384,0,,0,3.1131493344e-12,0
2004469860303_Node0_Node8_Zero,2004.46986,2004.471764,0,,0,3.0290101632e-12,0
2004475329100_Node0_Node8_Zero,2004.475329,2004.477213,0,,0,8.413917120000002e-14,1.3146745500000003e-13
2004480792442_Node0_Node8_Zero,2004.480792,2004.482796,0,,0,3.0290101632e-12,0
2004486255889_Node0_Node8_Zero,2004.486256,2004.491388,0,,0,3.0290101632e-12,0
2004491715916_Node0_Node8_Zero,2004.491716,2004.49926,0,,0,6.181653394285714e-14,1.3146745500000003e-13
2004497175650_Node0_Node8_Zero,2004.497176,2004.503287,0,,0,3.0290101632e-12,0
2004502643716_Node0_Node8_Zero,2004.502644,2004.513776,0,,0,3.0290101632e-12,0
2004508108756_Node0_Node8_Zero,2004.508109,2004.515646,0,,0,3.0290101632e-12,0
2004513577909_Node0_Node8_Zero,2004.513578,2004.517816,0,,0,3.0290101632e-12,5.842998000000001e-14
2004519044353_Node0_Node8_Zero,2004.519044,2004.521781,0,,0,3.0290101632e-12,0
2004524507028_Node0_Node8_Zero,2004.524507,2004.526537,0,,0,3.0290101632e-12,5.842998000000001e-14
2004529973444_Node0_Node8_Zero,2004.529973,2004.533347,0,,0,3.0290101632e-12,0
2004535436638_Node0_Node8_Zero,2004.535437,2004.541357,0,,0,3.0290101632e-12,0
2004540897443_Node0_Node8_Zero,2004.540897,2004.551374,0,,0,3.0290101632e-12,0
2004546365946_Node0_Node8_Zero,2004.546366,2004.555242,0,,0,3.0290101632e-12,0
2004551834526_Node0_Node8_Zero,2004.551835,2004.563025,0,,0,3.0290101632e-12,0
2004557303567_Node0_Node8_Zero,2004.557304,2004.572584,0,,0,3.0290101632e-12,0
2004562766545_Node0_Node8_Zero,2004.562767,2004.574474,0,,0,3.0290101632e-12,0
2004568228781_Node0_Node8_Zero,2004.568229,2004.578355,0,,0,3.0290101632e-12,5.985884962439453e-14
2004573696763_Node0_Node8_Zero,2004.573697,2004.586024,0,,0,3.0290101632e-12,0
2004579156762_Node0_Node8_Zero,2004.579157,2004.593714,0,,0,8.699671775217601e-14,1.35932371487775e-13
2004584620000_Node0_Node8_Zero,2004.58462,2004.598005,0,,0,3.0719383117714285e-12,0
2004590088188_Node0_Node8_Zero,2004.590088,2004.599931,0,,0,4.381010738382857e-14,5.96304239391e-14
2004595549805_Node0_Node8_Zero,2004.59555,2004.60376,0,,0,8.413917120000002e-14,0
2004601016038_Node0_Node8_Zero,2004.601016,2004.60563,0,,0,3.116535255597406e-12,0
2004606483746_Node0_Node8_Zero,2004.606484,2004.609674,0,,0,3.0290101632e-12,5.842998000000001e-14
2004611948183_Node0_Node8_Zero,2004.611948,2004.615811,0,,0,4.4177034220793924e-14,6.01298521338584e-14
2004617412429_Node0_Node8_Zero,2004.617412,2004.621507,0,,0,3.1131493344e-12,0
2004622873524_Node0_Node8_Zero,2004.622874,2004.627579,0,,0,3.0290101632e-12,1.3785302555954125e-13
2004628337753_Node0_Node8_Zero,2004.628338,2004.631519,0,,0,3.0290101632e-12,0
2004633806748_Node0_Node8_Zero,2004.633807,2004.636011,0,,0,8.413917120000002e-14,1.3146745500000003e-13
2004639266883_Node0_Node8_Zero,2004.639267,2004.646161,0,,0,3.0290101632e-12,0
2004644733158_Node0_Node8_Zero,2004.644733,2004.661483,0,,0,3.0290101632e-12,0
2004650197419_Node0_Node8_Zero,2004.650197,2004.663533,0,,0,3.0290101632e-12,0
2004655662606_Node0_Node8_Zero,2004.655663,2004.667381,0,,0,3.0290101632e-12,0
2004661131380_Node0_Node8_Zero,2004.661131,2004.671369,0,,0,3.0290101632e-12,0
2004666600473_Node0_Node8_Zero,2004.6666,2004.682953,0,,0,3.0290101632e-12,0
2004672064429_Node0_Node8_Zero,2004.672064,2004.68694,0,,0,3.0290101632e-12,0
2004677525340_Node0_Node8_Zero,2004.677525,2004.690868,0,,0,3.0290101632e-12,0
2004682989550_Node0_Node8_Zero,2004.68299,2004.69859,0,,0,8.413917120000002e-14,1.3146745500000003e-13
2004688455060_Node0_Node8_Zero,2004.688455,2004.70265,0,,0,3.0290101632e-12,0
2004693920182_Node0_Node8_Zero,2004.69392,2004.70452,0,,0,3.0764032282592034e-12,0
2004699386243_Node0_Node8_Zero,2004.699386,2004.70647,0,,0,3.0290101632e-12,0
2004704845888_Node0_Node8_Zero,2004.704846,2004.71807,0,,0,3.0290101632e-12,0
2004710310659_Node0_Node8_Zero,2004.710311,2004.72207,0,,0,3.1131493344e-12,0
2004715772185_Node0_Node8_Zero,2004.715772,2004.725998,0,,0,3.0290101632e-12,5.842998000000001e-14
2004721233561_Node0_Node8_Zero,2004.721234,2004.736056,0,,0,8.413917120000002e-14,0
2004726693790_Node0_Node8_Zero,2004.726694,2004.742701,0,,0,3.0290101632e-12,0
2004732161716_Node0_Node8_Zero,2004.732162,2004.744581,0,,0,3.0290101632e-12,0
2004737630243_Node0_Node8_Zero,2004.73763,2004.750428,0,,0,3.0290101632e-12,0
2004743092294_Node0_Node8_Zero,2004.743092,2004.754208,0,,0,3.0290101632e-12,0
2004748553317_Node0_Node8_Zero,2004.748553,2004.756258,0,,0,3.0290101632e-12,6.450722744169376e-14
2004754020698_Node0_Node8_Zero,2004.754021,2004.758188,0,,0,3.0290101632e-12,0
2004759486626_Node0_Node8_Zero,2004.759487,2004.767836,0,,0,3.0290101632e-12,0
2004764950872_Node0_Node8_Zero,2004.764951,2004.769886,0,,0,3.0290101632e-12,0
2004770419706_Node0_Node8_Zero,2004.77042,2004.773759,0,,0,3.0290101632e-12,5.96304239391e-14
2004775883492_Node0_Node8_Zero,2004.775883,2004.777933,0,,0,3.0290101632e-12,5.96304239391e-14
2004781345476_Node0_Node8_Zero,2004.781345,2004.783576,0,,0,3.0290101632e-12,5.96304239391e-14
2004786805361_Node0_Node8_Zero,2004.786805,2004.791891,0,,0,3.1131493344e-12,0
2004792267500_Node0_Node8_Zero,2004.792267,2004.794311,0,,0,3.1131493344e-12,0
2004797733305_Node0_Node8_Zero,2004.797733,2004.80034,0,,0,3.0290101632e-12,1.35932371487775e-13
2004803196874_Node0_Node8_Zero,2004.803197,2004.80512,0,,0,3.0290101632e-12,0
2004808658082_Node0_Node8_Zero,2004.808658,2004.810582,0,,0,3.0290101632e-12,0
2004814124500_Node0_Node8_Zero,2004.814125,2004.816148,0,,0,3.0290101632e-12,0
2004819587274_Node0_Node8_Zero,2004.819587,2004.825322,0,,0,3.0290101632e-12,0
2004825046945_Node0_Node8_Zero,2004.825047,2004.835337,0,,0,3.0290101632e-12,0
2004830513478_Node0_Node8_Zero,2004.830513,2004.839325,0,,0,3.0290101632e-12,0
2004835982757_Node0_Node8_Zero,2004.835983,2004.841295,0,,0,3.0290101632e-12,0
2004841451828_Node0_Node8_Zero,2004.841452,2004.854732,0,,0,8.824273409385553e-14,0
2004846920428_Node0_Node8_Zero,2004.84692,2004.85866,0,,0,3.0290101632e-12,1.35932371487775e-13
2004852381041_Node0_Node8_Zero,2004.852381,2004.862721,0,,0,3.0290101632e-12,0
2004857847303_Node0_Node8_Zero,2004.857847,2004.864671,0,,0,3.0290101632e-12,0
2004863313203_Node0_Node8_Zero,2004.863313,2004.876139,0,,0,8.413917120000002e-14,0
2004868782027_Node0_Node8_Zero,2004.868782,2004.878069,0,,0,3.0290101632e-12,0
2004874249685_Node0_Node8_Zero,2004.87425,2004.879939,0,,0,3.0290101632e-12,1.3785302555954125e-13
2004879715021_Node0_Node8_Zero,2004.879715,2004.887292,0,,0,3.0290101632e-12,0
2004885175978_Node0_Node8_Zero,2004.885176,2004.889342,0,,0,3.0290101632e-12,0
2004890639632_Node0_Node8_Zero,2004.89064,2004.893279,0,,0,3.0290101632e-12,8.41391712e-14
2004896103554_Node0_Node8_Zero,2004.896104,2004.898047,0,,0,3.0290101632e-12,1.3146745500000003e-13
2004901568190_Node0_Node8_Zero,2004.901568,2004.907188,0,,0,3.0290101632e-12,0
2004907030324_Node0_Node8_Zero,2004.90703,2004.915059,0,,0,8.413917120000002e-14,0
2004912498638_Node0_Node8_Zero,2004.912499,2004.917129,0,,0,3.0719383117714285e-12,0
2004917963894_Node0_Node8_Zero,2004.917964,2004.925064,0,,0,3.0290101632e-12,0
2004923427677_Node0_Node8_Zero,2004.923428,2004.936764,0,,0,3.0290101632e-12,0
2004928888226_Node0_Node8_Zero,2004.928888,2004.941018,0,,0,3.0290101632e-12,0
2004934353333_Node0_Node8_Zero,2004.934353,2004.943048,0,,0,3.078314836577083e-12,0
2004939821395_Node0_Node8_Zero,2004.939821,2004.945098,0,,0,4.4192139424945144e-14,0
2004945288685_Node0_Node8_Zero,2004.945289,2004.947372,0,,0,3.0290101632e-12,0
2004950750588_Node0_Node8_Zero,2004.950751,2004.95562,0,,0,3.116006880952176e-12,0
2004956217231_Node0_Node8_Zero,2004.956217,2004.959758,0,,0,3.0290101632e-12,0
2004961682036_Node0_Node8_Zero,2004.961682,2004.97211,0,,0,3.0290101632e-12,1.35932371487775e-13
2004967141977_Node0_Node8_Zero,2004.967142,2004.974383,0,,0,3.0290101632e-12,0
2004972601803_Node0_Node8_Zero,2004.972602,2004.983834,0,,0,3.0290101632e-12,0
2004978070275_Node0_Node8_Zero,2004.97807,2004.987655,0,,0,4.399740958738815e-14,5.988536304950054e-14
2004983538455_Node0_Node8_Zero,2004.983538,2004.991655,0,,0,3.0290101632e-12,0
2004989005945_Node0_Node8_Zero,2004.989006,2004.993791,0,,0,4.381010738382857e-14,5.96304239391e-14
2004994466432_Node0_Node8_Zero,2004.994466,2004.99633,0,,0,3.0290101632e-12,0
2004999926360_Node0_Node8_Zero,2004.999926,2005.00183,0,,0,3.0290101632e-12,0
2005005393450_Node0_Node8_Zero,2005.005393,2005.00781,0,,0,3.0290101632e-12,0
2005010857274_Node0_Node8_Zero,2005.010857,2005.015974,0,,0,3.0290101632e-12,0
2005016320800_Node0_Node8_Zero,2005.016321,2005.021948,0,,0,3.0290101632e-12,0
2005021784971_Node0_Node8_Zero,2005.021785,2005.031635,0,,0,3.0290101632e-12,1.3677491852264432e-13
2005027249527_Node0_Node8_Zero,2005.02725,2005.035664,0,,0,3.0290101632e-12,0
2005032716584_Node0_Node8_Zero,2005.032717,2005.039554,0,,0,3.0290101632e-12,0
2005038177552_Node0_Node8_Zero,2005.038178,2005.055771,0,,0,8.413917120000002e-14,0
2005043640554_Node0_Node8_Zero,2005.043641,2005.057862,0,,0,3.0290101632e-12,0
2005049101385_Node0_Node8_Zero,2005.049101,2005.060019,0,,0,3.0290101632e-12,0
2005054570403_Node0_Node8_Zero,2005.05457,2005.061889,0,,0,3.0290101632e-12,0
2005060031920_Node0_Node8_Zero,2005.060032,2005.063779,0,,0,3.0290101632e-12,0
2005065497325_Node0_Node8_Zero,2005.065497,2005.069797,0,,0,3.0290101632e-12,0
2005070963271_Node0_Node8_Zero,2005.070963,2005.080352,0,,0,8.754046411815058e-14,1.3678197518461027e-13
2005076430935_Node0_Node8_Zero,2005.076431,2005.088502,0,,0,3.0290101632e-12,0
2005081893950_Node0_Node8_Zero,2005.081894,2005.090698,0,,0,3.0290101632e-12,0
2005087359027_Node0_Node8_Zero,2005.087359,2005.094586,0,,0,3.0290101632e-12,0
2005092827742_Node0_Node8_Zero,2005.092828,2005.104286,0,,0,3.1131493344e-12,0
2005098293816_Node0_Node8_Zero,2005.098294,2005.112005,0,,0,3.116006880952176e-12,0
2005103762004_Node0_Node8_Zero,2005.103762,2005.113895,0,,0,8.699671775217601e-14,0
2005109230510_Node0_Node8_Zero,2005.109231,2005.115805,0,,0,3.0290101632e-12,6.450722744169376e-14
2005114699365_Node0_Node8_Zero,2005.114699,2005.129803,0,,0,3.116006880952176e-12,0
2005120164019_Node0_Node8_Zero,2005.120164,2005.131917,0,,0,3.0290101632e-12,0
2005125632747_Node0_Node8_Zero,2005.125633,2005.133907,0,,0,3.0290101632e-12,0
2005131099822_Node0_Node8_Zero,2005.1311,2005.144057,0,,0,8.413917120000002e-14,1.3146745500000003e-13
2005136565954_Node0_Node8_Zero,2005.136566,2005.150079,0,,0,8.699671775217601e-14,0
2005142028400_Node0_Node8_Zero,2005.142028,2005.152215,0,,0,4.739306505920358e-14,6.450722744169376e-14
2005147495496_Node0_Node8_Zero,2005.147495,2005.154385,0,,0,3.0290101632e-12,0
2005152964033_Node0_Node8_Zero,2005.152964,2005.162252,0,,0,3.0290101632e-12,0
2005158430111_Node0_Node8_Zero,2005.15843,2005.164122,0,,0,3.0290101632e-12,0
2005163896792_Node0_Node8_Zero,2005.163897,2005.17389,0,,0,8.823668690898584e-14,0
2005169366208_Node0_Node8_Zero,2005.169366,2005.176166,0,,0,3.0290101632e-12,0
2005174829652_Node0_Node8_Zero,2005.17483,2005.182764,0,,0,3.0290101632e-12,0
2005180297496_Node0_Node8_Zero,2005.180297,2005.184814,0,,0,3.0290101632e-12,0
2005185757167_Node0_Node8_Zero,2005.185757,2005.194415,0,,0,3.0290101632e-12,0
2005191217054_Node0_Node8_Zero,2005.191217,2005.198243,0,,0,3.0290101632e-12,0
2005196685850_Node0_Node8_Zero,2005.196686,2005.20592,0,,0,3.0290101632e-12,0
2005202154296_Node0_Node8_Zero,2005.202154,2005.20787,0,,0,3.0290101632e-12,0
2005207616666_Node0_Node8_Zero,2005.207617,2005.21576,0,,0,3.0290101632e-12,0
2005213082647_Node0_Node8_Zero,2005.213083,2005.221606,0,,0,3.0290101632e-12,0
2005218545662_Node0_Node8_Zero,2005.218546,2005.223516,0,,0,3.0290101632e-12,0
2005224007051_Node0_Node8_Zero,2005.224007,2005.229472,0,,0,3.0290101632e-12,0
2005229467145_Node0_Node8_Zero,2005.229467,2005.23781,0,,0,3.0290101632e-12,0
2005234929739_Node0_Node8_Zero,2005.23493,2005.2397,0,,0,3.0290101632e-12,0
2005240393943_Node0_Node8_Zero,2005.240394,2005.243581,0,,0,3.1131493344e-12,0
2005245857005_Node0_Node8_Zero,2005.245857,2005.24976,0,,0,3.0290101632e-12,0
2005251322818_Node0_Node8_Zero,2005.251323,2005.257774,0,,0,3.0290101632e-12,0
2005256786330_Node0_Node8_Zero,2005.256786,2005.265749,0,,0,3.0290101632e-12,0
2005262255710_Node0_Node8_Zero,2005.262256,2005.271529,0,,0,3.0290101632e-12,0
2005267723876_Node0_Node8_Zero,2005.267724,2005.277558,0,,0,6.181653394285714e-14,0
2005273187910_Node0_Node8_Zero,2005.273188,2005.279428,0,,0,3.0290101632e-12,0
2005278648895_Node0_Node8_Zero,2005.278649,2005.287492,0,,0,8.82259363581064e-14,1.3785302555954125e-13
2005284109606_Node0_Node8_Zero,2005.28411,2005.289382,0,,0,3.0782607953713408e-12,0
2005289572439_Node0_Node8_Zero,2005.289572,2005.295267,0,,0,3.0290101632e-12,0
2005295039761_Node0_Node8_Zero,2005.29504,2005.307062,0,,0,3.0290101632e-12,0
2005300501792_Node0_Node8_Zero,2005.300502,2005.308932,0,,0,3.0290101632e-12,4.73282838e-14
2005305966616_Node0_Node8_Zero,2005.305967,2005.311208,0,,0,3.0792497503262243e-12,0
2005311428577_Node0_Node8_Zero,2005.311429,2005.313453,0,,0,3.0290101632e-12,0
2005316889449_Node0_Node8_Zero,2005.316889,2005.319033,0,,0,4.397653642775338e-14,5.985695235999766e-14
2005322356149_Node0_Node8_Zero,2005.322356,2005.32452,0,,0,4.4000961206197455e-14,0
2005327824191_Node0_Node8_Zero,2005.327824,2005.333587,0,,0,3.0290101632e-12,8.41391712e-14
2005333287496_Node0_Node8_Zero,2005.333287,2005.343794,0,,0,3.0290101632e-12,0
2005338751308_Node0_Node8_Zero,2005.338751,2005.345704,0,,0,3.0290101632e-12,0
2005344219870_Node0_Node8_Zero,2005.34422,2005.353389,0,,0,3.0290101632e-12,0
2005349679769_Node0_Node8_Zero,2005.34968,2005.355299,0,,0,3.0290101632e-12,0
2005355140317_Node0_Node8_Zero,2005.35514,2005.362513,0,,0,4.925063217134066e-14,6.703558267765812e-14
2005360609100_Node0_Node8_Zero,2005.360609,2005.364769,0,,0,3.0290101632e-12,0
2005366074554_Node0_Node8_Zero,2005.366075,2005.372689,0,,0,3.0290101632e-12,0
2005371539086_Node0_Node8_Zero,2005.371539,2005.380977,0,,0,4.739306505920358e-14,6.450722744169376e-14
2005377002076_Node0_Node8_Zero,2005.377002,2005.383027,0,,0,3.0290101632e-12,0
2005382468115_Node0_Node8_Zero,2005.382468,2005.39109,0,,0,3.1131493344e-12,0
2005387929519_Node0_Node8_Zero,2005.38793,2005.39312,0,,0,3.0290101632e-12,0
2005393394717_Node0_Node8_Zero,2005.393395,2005.399153,0,,0,3.1165902113489053e-12,0
2005398855548_Node0_Node8_Zero,2005.398856,2005.407873,0,,0,8.413917120000002e-14,1.3146745500000003e-13
2005404315303_Node0_Node8_Zero,2005.404315,2005.409863,0,,0,3.0719383117714285e-12,0
2005409776949_Node0_Node8_Zero,2005.409777,2005.426222,0,,0,3.116006880952176e-12,0
2005415239575_Node0_Node8_Zero,2005.41524,2005.428132,0,,0,6.181653394285714e-14,1.3778993859991212e-13
2005420708205_Node0_Node8_Zero,2005.420708,2005.431881,0,,0,3.1131493344e-12,0
2005426168745_Node0_Node8_Zero,2005.426169,2005.439569,0,,0,3.116006880952176e-12,0
2005431632223_Node0_Node8_Zero,2005.431632,2005.443476,0,,0,3.0290101632e-12,0
2005437099110_Node0_Node8_Zero,2005.437099,2005.449574,0,,0,3.0290101632e-12,0
2005442560238_Node0_Node8_Zero,2005.44256,2005.451544,0,,0,3.0290101632e-12,0
2005448020090_Node0_Node8_Zero,2005.44802,2005.455493,0,,0,3.0290101632e-12,0
2005453488013_Node0_Node8_Zero,2005.453488,2005.459361,0,,0,3.0290101632e-12,0
2005458955535_Node0_Node8_Zero,2005.458956,2005.468875,0,,0,3.0290101632e-12,1.3146745500000003e-13
2005464424685_Node0_Node8_Zero,2005.464425,2005.470865,0,,0,3.0719383117714285e-12,0
2005469886750_Node0_Node8_Zero,2005.469887,2005.478489,0,,0,3.0290101632e-12,0
2005475349020_Node0_Node8_Zero,2005.475349,2005.480359,0,,0,3.0290101632e-12,0
2005480810507_Node0_Node8_Zero,2005.480811,2005.488073,0,,0,8.699671775217601e-14,0
2005486275069_Node0_Node8_Zero,2005.486275,2005.49629,0,,0,3.0290101632e-12,0
2005491740101_Node0_Node8_Zero,2005.49174,2005.500488,0,,0,3.0290101632e-12,8.41391712e-14
2005497200125_Node0_Node8_Zero,2005.4972,2005.506249,0,,0,3.0290101632e-12,0
2005502663071_Node0_Node8_Zero,2005.502663,2005.508385,0,,0,3.0290101632e-12,0
2005508129226_Node0_Node8_Zero,2005.508129,2005.520747,0,,0,3.1131493344e-12,0
2005513592073_Node0_Node8_Zero,2005.513592,2005.52266,0,,0,3.0290101632e-12,5.96304239391e-14
2005519053368_Node0_Node8_Zero,2005.519053,2005.52453,0,,0,3.0290101632e-12,6.015387044752161e-14
2005524521164_Node0_Node8_Zero,2005.524521,2005.538332,0,,0,3.0290101632e-12,1.35932371487775e-13
2005529989503_Node0_Node8_Zero,2005.52999,2005.540405,0,,0,3.0290101632e-12,0
2005535451780_Node0_Node8_Zero,2005.535452,2005.542335,0,,0,8.753594785449236e-14,1.3677491852264432e-13
2005540914473_Node0_Node8_Zero,2005.540914,2005.550507,0,,0,3.0290101632e-12,0
2005546377585_Node0_Node8_Zero,2005.546378,2005.552604,0,,0,3.0290101632e-12,0
2005551843901_Node0_Node8_Zero,2005.551844,2005.559287,0,,0,3.0290101632e-12,1.3785302555954125e-13
2005557303673_Node0_Node8_Zero,2005.557304,2005.561297,0,,0,4.292814857142858e-14,5.842998000000001e-14
2005562767192_Node0_Node8_Zero,2005.562767,2005.568234,0,,0,3.0290101632e-12,0
2005568236541_Node0_Node8_Zero,2005.568237,2005.57012,0,,0,3.0290101632e-12,0
2005573698963_Node0_Node8_Zero,2005.573699,2005.578002,0,,0,3.0290101632e-12,0
2005579163015_Node0_Node8_Zero,2005.579163,2005.585887,0,,0,3.0290101632e-12,0
2005584629495_Node0_Node8_Zero,2005.584629,2005.595654,0,,0,3.0290101632e-12,0
2005590098522_Node0_Node8_Zero,2005.590099,2005.599723,0,,0,3.0290101632e-12,0
2005595560032_Node0_Node8_Zero,2005.59556,2005.6019,0,,0,3.0290101632e-12,0
2005601026522_Node0_Node8_Zero,2005.601027,2005.611476,0,,0,3.0290101632e-12,0
2005606489194_Node0_Node8_Zero,2005.606489,2005.617274,0,,0,8.413917120000002e-14,1.3146745500000003e-13
2005611950197_Node0_Node8_Zero,2005.61195,2005.619164,0,,0,3.0290101632e-12,0
2005617411123_Node0_Node8_Zero,2005.617411,2005.632929,0,,0,3.116006880952176e-12,0
2005622871319_Node0_Node8_Zero,2005.622871,2005.637032,0,,0,3.1167677404413074e-12,0
2005628332899_Node0_Node8_Zero,2005.628333,2005.639042,0,,0,3.0728202705838285e-12,0
2005633799304_Node0_Node8_Zero,2005.633799,2005.643023,0,,0,3.0290101632e-12,0
2005639268397_Node0_Node8_Zero,2005.639268,2005.667751,0,,0,3.0290101632e-12,6.450722744169376e-14
2005644731903_Node0_Node8_Zero,2005.644732,2005.669633,0,,0,3.0290101632e-12,0
2005650197916_Node0_Node8_Zero,2005.650198,2005.675519,0,,0,3.0290101632e-12,0
2005655661732_Node0_Node8_Zero,2005.655662,2005.681398,0,,0,3.0290101632e-12,0
2005661128861_Node0_Node8_Zero,2005.661129,2005.685299,0,,0,3.0290101632e-12,0
2005666593600_Node0_Node8_Zero,2005.666594,2005.687495,0,,0,3.0290101632e-12,0
2005672053895_Node0_Node8_Zero,2005.672054,2005.693712,0,,0,3.0290101632e-12,0
2005677515673_Node0_Node8_Zero,2005.677516,2005.695841,0,,0,3.0290101632e-12,0
2005682977526_Node0_Node8_Zero,2005.682978,2005.699742,0,,0,3.1131493344e-12,0
2005688444901_Node0_Node8_Zero,2005.688445,2005.701632,0,,0,3.0290101632e-12,0
2005693914262_Node0_Node8_Zero,2005.693914,2005.703929,0,,0,3.0290101632e-12,0
2005699380832_Node0_Node8_Zero,2005.699381,2005.705879,0,,0,3.0290101632e-12,0
2005704841008_Node0_Node8_Zero,2005.704841,2005.71558,0,,0,3.0290101632e-12,0
2005710305269_Node0_Node8_Zero,2005.710305,2005.721418,0,,0,3.0290101632e-12,8.41391712e-14
2005715770116_Node0_Node8_Zero,2005.71577,2005.729027,0,,0,3.1131493344e-12,0
2005721238037_Node0_Node8_Zero,2005.721238,2005.730897,0,,0,3.0290101632e-12,0
2005726702541_Node0_Node8_Zero,2005.726703,2005.742324,0,,0,3.1172446833731576e-12,0
2005732166811_Node0_Node8_Zero,2005.732167,2005.744334,0,,0,3.0290101632e-12,0
2005737629396_Node0_Node8_Zero,2005.737629,2005.746224,0,,0,3.0290101632e-12,1.35932371487775e-13
2005743093182_Node0_Node8_Zero,2005.743093,2005.752347,0,,0,3.0290101632e-12,0
2005748553711_Node0_Node8_Zero,2005.748554,2005.754237,0,,0,3.0290101632e-12,4.73282838e-14
2005754019237_Node0_Node8_Zero,2005.754019,2005.761512,0,,0,3.0290101632e-12,0
2005759488199_Node0_Node8_Zero,2005.759488,2005.763788,0,,0,3.0290101632e-12,1.3146745500000003e-13
2005764952270_Node0_Node8_Zero,2005.764952,2005.77002,0,,0,3.0290101632e-12,0
2005770412158_Node0_Node8_Zero,2005.770412,2005.785411,0,,0,3.0290101632e-12,0
2005775872495_Node0_Node8_Zero,2005.775872,2005.787381,0,,0,3.1131493344e-12,0
2005781332767_Node0_Node8_Zero,2005.781333,2005.789517,0,,0,3.0290101632e-12,0
2005786801486_Node0_Node8_Zero,2005.786801,2005.791714,0,,0,8.824273409385553e-14,0
2005792261615_Node0_Node8_Zero,2005.792262,2005.794405,0,,0,3.1171957239039437e-12,0
2005797727823_Node0_Node8_Zero,2005.797728,2005.808275,0,,0,3.0290101632e-12,0
2005803192661_Node0_Node8_Zero,2005.803193,2005.810165,0,,0,3.0290101632e-12,0
2005808659544_Node0_Node8_Zero,2005.80866,2005.823587,0,,0,3.1165902113489053e-12,0
2005814121743_Node0_Node8_Zero,2005.814122,2005.831903,0,,0,3.0290101632e-12,5.842998000000001e-14
2005819589542_Node0_Node8_Zero,2005.81959,2005.839648,0,,0,3.0290101632e-12,1.3146745500000003e-13
2005825058836_Node0_Node8_Zero,2005.825059,2005.841578,0,,0,3.0290101632e-12,1.3785302555954125e-13
2005830519816_Node0_Node8_Zero,2005.83052,2005.843774,0,,0,3.0290101632e-12,0
2005835987334_Node0_Node8_Zero,2005.835987,2005.847594,0,,0,3.0290101632e-12,0
2005841450954_Node0_Node8_Zero,2005.841451,2005.851564,0,,0,3.0290101632e-12,0
2005846913431_Node0_Node8_Zero,2005.846913,2005.853641,0,,0,3.0728202705838285e-12,0
2005852379496_Node0_Node8_Zero,2005.852379,2005.861446,0,,0,3.0290101632e-12,0
2005857839709_Node0_Node8_Zero,2005.85784,2005.863703,0,,0,3.0290101632e-12,0
2005863308217_Node0_Node8_Zero,2005.863308,2005.873702,0,,0,3.0290101632e-12,0
2005868770679_Node0_Node8_Zero,2005.868771,2005.877718,0,,0,3.0290101632e-12,0
2005874236540_Node0_Node8_Zero,2005.874237,2005.881732,0,,0,3.0290101632e-12,0
2005879696053_Node0_Node8_Zero,2005.879696,2005.883662,0,,0,3.0290101632e-12,0
2005885157591_Node0_Node8_Zero,2005.885158,2005.889511,0,,0,3.0290101632e-12,0
2005890618998_Node0_Node8_Zero,2005.890619,2005.895314,0,,0,3.0290101632e-12,0
2005896086796_Node0_Node8_Zero,2005.896087,2005.901041,0,,0,3.0290101632e-12,0
2005901555411_Node0_Node8_Zero,2005.901555,2005.907104,0,,0,3.0290101632e-12,0
2005907023674_Node0_Node8_Zero,2005.907024,2005.914656,0,,0,3.0290101632e-12,6.450722744169376e-14
2005912492729_Node0_Node8_Zero,2005.912493,2005.916688,0,,0,3.0290101632e-12,0
2005917952579_Node0_Node8_Zero,2005.917953,2005.922713,0,,0,3.0290101632e-12,0
2005923415537_Node0_Node8_Zero,2005.923416,2005.928435,0,,0,3.0290101632e-12,0
2005928877901_Node0_Node8_Zero,2005.928878,2005.93453,0,,0,3.0290101632e-12,0
2005934338612_Node0_Node8_Zero,2005.934339,2005.94169,0,,0,4.739306505920358e-14,6.450722744169376e-14
2005939806563_Node0_Node8_Zero,2005.939807,2005.94384,0,,0,3.0290101632e-12,0
2005945273416_Node0_Node8_Zero,2005.945273,2005.949682,0,,0,3.0290101632e-12,0
2005950739514_Node0_Node8_Zero,2005.95074,2005.954042,0,,0,3.0290101632e-12,0
2005956206948_Node0_Node8_Zero,2005.956207,2005.959749,0,,0,3.0290101632e-12,1.3146745500000003e-13
2005961675459_Node0_Node8_Zero,2005.961675,2005.96368,0,,0,3.0290101632e-12,0
2005967139468_Node0_Node8_Zero,2005.967139,2005.969714,0,,0,4.739306505920358e-14,0
2005972602981_Node0_Node8_Zero,2005.972603,2005.981564,0,,0,3.1131493344e-12,0
2005978064178_Node0_Node8_Zero,2005.978064,2005.985688,0,,0,3.0290101632e-12,5.981021808921304e-14
2005983528059_Node0_Node8_Zero,2005.983528,2005.987885,0,,0,3.0728202705838285e-12,0
2005988990617_Node0_Node8_Zero,2005.988991,2005.992263,0,,0,3.0290101632e-12,0
2005994453826_Node0_Node8_Zero,2005.994454,2006.006339,0,,0,8.413917120000002e-14,0
2005999914062_Node0_Node8_Zero,2005.999914,2006.016191,0,,0,4.739306505920358e-14,6.450722744169376e-14
2006005375702_Node0_Node8_Zero,2006.005376,2006.018081,0,,0,3.1131493344e-12,0
2006010836702_Node0_Node8_Zero,2006.010837,2006.020297,0,,0,3.0290101632e-12,0
2006016296288_Node0_Node8_Zero,2006.016296,2006.022227,0,,0,3.0290101632e-12,0
2006021756285_Node0_Node8_Zero,2006.021756,2006.030153,0,,0,3.0290101632e-12,0
2006027225396_Node0_Node8_Zero,2006.027225,2006.032223,0,,0,3.0730003108297326e-12,0
2006032691774_Node0_Node8_Zero,2006.032692,2006.034555,0,,0,3.0290101632e-12,0
2006038160826_Node0_Node8_Zero,2006.038161,2006.043928,0,,0,3.0290101632e-12,0
2006043628900_Node0_Node8_Zero,2006.043629,2006.053833,0,,0,3.0290101632e-12,0
2006049090332_Node0_Node8_Zero,2006.04909,2006.055863,0,,0,3.0290101632e-12,0
2006054559189_Node0_Node8_Zero,2006.054559,2006.063446,0,,0,3.0290101632e-12,0
2006060026223_Node0_Node8_Zero,2006.060026,2006.065316,0,,0,4.292814857142858e-14,5.842998000000001e-14
2006065490592_Node0_Node8_Zero,2006.065491,2006.069339,0,,0,3.0290101632e-12,0
2006070957141_Node0_Node8_Zero,2006.070957,2006.072987,0,,0,3.1131493344e-12,0
2006076418346_Node0_Node8_Zero,2006.076418,2006.079395,0,,0,4.292814857142858e-14,5.842998000000001e-14
2006081879074_Node0_Node8_Zero,2006.081879,2006.084889,0,,0,3.0290101632e-12,1.3146745500000003e-13
2006087342165_Node0_Node8_Zero,2006.087342,2006.089466,0,,0,3.0719383117714285e-12,0
2006092802666_Node0_Node8_Zero,2006.092803,2006.099623,0,,0,3.0290101632e-12,0
2006098271125_Node0_Node8_Zero,2006.098271,2006.111461,0,,0,3.1131493344e-12,0
2006103738012_Node0_Node8_Zero,2006.103738,2006.113517,0,,0,3.0290101632e-12,0
2006109207406_Node0_Node8_Zero,2006.109207,2006.117458,0,,0,3.0290101632e-12,8.41391712e-14
2006114672822_Node0_Node8_Zero,2006.114673,2006.121655,0,,0,3.0290101632e-12,0
2006120141618_Node0_Node8_Zero,2006.120142,2006.131439,0,,0,3.0290101632e-12,1.3146745500000003e-13
2006125605174_Node0_Node8_Zero,2006.125605,2006.133613,0,,0,3.0290101632e-12,0
2006131071252_Node0_Node8_Zero,2006.131071,2006.135523,0,,0,3.0290101632e-12,0
2006136536914_Node0_Node8_Zero,2006.136537,2006.141396,0,,0,3.0290101632e-12,0
2006142002561_Node0_Node8_Zero,2006.142003,2006.143966,0,,0,3.0290101632e-12,0
2006147463201_Node0_Node8_Zero,2006.147463,2006.150505,0,,0,3.0290101632e-12,0
2006152930447_Node0_Node8_Zero,2006.15293,2006.156357,0,,0,3.0290101632e-12,0
2006158394291_Node0_Node8_Zero,2006.158394,2006.162296,0,,0,3.0290101632e-12,0
2006163861588_Node0_Node8_Zero,2006.163862,2006.168352,0,,0,3.0290101632e-12,0
2006169327189_Node0_Node8_Zero,2006.169327,2006.176194,0,,0,3.0290101632e-12,0
2006174793545_Node0_Node8_Zero,2006.174794,2006.187839,0,,0,3.0290101632e-12,6.7181216316039e-14
2006180262669_Node0_Node8_Zero,2006.180263,2006.190222,0,,0,3.0290101632e-12,0
2006185724590_Node0_Node8_Zero,2006.185725,2006.192132,0,,0,3.0290101632e-12,0
2006191189845_Node0_Node8_Zero,2006.19119,2006.198533,0,,0,4.381010738382857e-14,5.96304239391e-14
2006196649910_Node0_Node8_Zero,2006.19665,2006.200936,0,,0,3.0290101632e-12,5.96304239391e-14
2006202117233_Node0_Node8_Zero,2006.202117,2006.205999,0,,0,3.0290101632e-12,0
2006207585055_Node0_Node8_Zero,2006.207585,2006.210151,0,,0,3.0290101632e-12,0
2006213053168_Node0_Node8_Zero,2006.213053,2006.221832,0,,0,3.0290101632e-12,0
2006218512965_Node0_Node8_Zero,2006.218513,2006.223702,0,,0,3.0290101632e-12,0
2006223973411_Node0_Node8_Zero,2006.223973,2006.231479,0,,0,3.0290101632e-12,0
2006229440342_Node0_Node8_Zero,2006.22944,2006.233549,0,,0,3.0290101632e-12,0
2006234903551_Node0_Node8_Zero,2006.234904,2006.243337,0,,0,3.0290101632e-12,0
2006240367159_Node0_Node8_Zero,2006.240367,2006.247264,0,,0,3.0290101632e-12,0
2006245831830_Node0_Node8_Zero,2006.245832,2006.258966,0,,0,3.0290101632e-12,0
2006251296292_Node0_Node8_Zero,2006.251296,2006.264784,0,,0,3.0290101632e-12,0
2006256760768_Node0_Node8_Zero,2006.256761,2006.270787,0,,0,3.116006880952176e-12,0
2006262221329_Node0_Node8_Zero,2006.262221,2006.276753,0,,0,3.0290101632e-12,1.35932371487775e-13
2006267690157_Node0_Node8_Zero,2006.26769,2006.288447,0,,0,3.116006880952176e-12,0
2006273155746_Node0_Node8_Zero,2006.273156,2006.290385,0,,0,3.0290101632e-12,0
2006278620325_Node0_Node8_Zero,2006.27862,2006.292295,0,,0,3.0290101632e-12,0
2006284086325_Node0_Node8_Zero,2006.284086,2006.298094,0,,0,3.0290101632e-12,0
2006289549773_Node0_Node8_Zero,2006.28955,2006.302039,0,,0,3.0290101632e-12,1.35932371487775e-13
2006295009756_Node0_Node8_Zero,2006.29501,2006.303949,0,,0,3.116006880952176e-12,0
2006300477826_Node0_Node8_Zero,2006.300478,2006.305839,0,,0,4.739306505920358e-14,6.450722744169376e-14
2006305941848_Node0_Node8_Zero,2006.305942,2006.307905,0,,0,3.0290101632e-12,0
2006311408698_Node0_Node8_Zero,2006.311409,2006.317461,0,,0,3.0290101632e-12,0
2006316877501_Node0_Node8_Zero,2006.316878,2006.324912,0,,0,3.0290101632e-12,0
2006322339747_Node0_Node8_Zero,2006.32234,2006.328939,0,,0,3.0290101632e-12,0
2006327803947_Node0_Node8_Zero,2006.327804,2006.339034,0,,0,3.0290101632e-12,0
2006333264744_Node0_Node8_Zero,2006.333265,2006.347307,0,,0,3.0290101632e-12,0
2006338731957_Node0_Node8_Zero,2006.338732,2006.352977,0,,0,8.413917120000002e-14,1.3146745500000003e-13
2006344200492_Node0_Node8_Zero,2006.3442,2006.358708,0,,0,3.0290101632e-12,0
2006349669593_Node0_Node8_Zero,2006.34967,2006.360718,0,,0,3.0290101632e-12,6.8381660255139e-14
2006355133564_Node0_Node8_Zero,2006.355134,2006.362588,0,,0,3.0290101632e-12,5.96304239391e-14
2006360597705_Node0_Node8_Zero,2006.360598,2006.366399,0,,0,3.0290101632e-12,0
2006366057527_Node0_Node8_Zero,2006.366058,2006.378414,0,,0,8.413917120000002e-14,1.3146745500000003e-13
2006371521993_Node0_Node8_Zero,2006.371522,2006.382628,0,,0,3.0290101632e-12,0
2006376986594_Node0_Node8_Zero,2006.376987,2006.384498,0,,0,3.0290101632e-12,8.41391712e-14
2006382452727_Node0_Node8_Zero,2006.382453,2006.386734,0,,0,3.0290101632e-12,0
2006387918070_Node0_Node8_Zero,2006.387918,2006.394427,0,,0,3.0290101632e-12,0
2006393378506_Node0_Node8_Zero,2006.393379,2006.40258,0,,0,1.0654233616905985e-13,0
2006398845850_Node0_Node8_Zero,2006.398846,2006.406487,0,,0,3.0290101632e-12,0
2006404312118_Node0_Node8_Zero,2006.404312,2006.410355,0,,0,3.0290101632e-12,0
2006409778967_Node0_Node8_Zero,2006.409779,2006.423818,0,,0,3.0290101632e-12,0
2006415242134_Node0_Node8_Zero,2006.415242,2006.425788,0,,0,3.0290101632e-12,6.450722744169376e-14
2006420706747_Node0_Node8_Zero,2006.420707,2006.428065,0,,0,3.0731871974207937e-12,0
2006426173557_Node0_Node8_Zero,2006.426174,2006.430095,0,,0,4.4177034220793924e-14,6.01298521338584e-14
2006431640869_Node0_Node8_Zero,2006.431641,2006.434334,0,,0,3.0290101632e-12,0
2006437105635_Node0_Node8_Zero,2006.437106,2006.440274,0,,0,3.0290101632e-12,0
2006442570688_Node0_Node8_Zero,2006.442571,2006.449843,0,,0,3.0290101632e-12,0
2006448032859_Node0_Node8_Zero,2006.448033,2006.455458,0,,0,3.0290101632e-12,0
2006453494269_Node0_Node8_Zero,2006.453494,2006.457698,0,,0,3.0290101632e-12,6.01298521338584e-14
2006458962902_Node0_Node8_Zero,2006.458963,2006.463705,0,,0,3.0290101632e-12,0
2006464424973_Node0_Node8_Zero,2006.464425,2006.46785,0,,0,3.0290101632e-12,0
2006469885979_Node0_Node8_Zero,2006.469886,2006.472465,0,,0,3.0290101632e-12,0
2006475350441_Node0_Node8_Zero,2006.47535,2006.480294,0,,0,3.0290101632e-12,0
2006480816675_Node0_Node8_Zero,2006.480817,2006.496146,0,,0,3.1131493344e-12,0
2006486281098_Node0_Node8_Zero,2006.486281,2006.499122,0,,0,3.0290101632e-12,0
2006491749332_Node0_Node8_Zero,2006.491749,2006.501292,0,,0,3.0290101632e-12,1.3785302555954125e-13
2006497218784_Node0_Node8_Zero,2006.497219,2006.503468,0,,0,3.0290101632e-12,0
2006502681290_Node0_Node8_Zero,2006.502681,2006.511468,0,,0,3.0290101632e-12,1.3778993859991212e-13
2006508141613_Node0_Node8_Zero,2006.508142,2006.513538,0,,0,3.0290101632e-12,0
2006513606026_Node0_Node8_Zero,2006.513606,2006.515767,0,,0,3.0290101632e-12,0
2006519066207_Node0_Node8_Zero,2006.519066,2006.52095,0,,0,3.0290101632e-12,0
2006524528635_Node0_Node8_Zero,2006.524529,2006.528124,0,,0,3.0783677915138243e-12,0
2006529992223_Node0_Node8_Zero,2006.529992,2006.540486,0,,0,3.0290101632e-12,0
2006535456764_Node0_Node8_Zero,2006.535457,2006.542356,0,,0,3.0290101632e-12,0
2006540918404_Node0_Node8_Zero,2006.540918,2006.550445,0,,0,3.0290101632e-12,0
2006546383510_Node0_Node8_Zero,2006.546384,2006.554372,0,,0,3.0290101632e-12,0
2006551846265_Node0_Node8_Zero,2006.551846,2006.556322,0,,0,3.0290101632e-12,0
2006557310401_Node0_Node8_Zero,2006.55731,2006.562218,0,,0,3.0290101632e-12,0
2006562772359_Node0_Node8_Zero,2006.562772,2006.570103,0,,0,3.0290101632e-12,0
2006568233274_Node0_Node8_Zero,2006.568233,2006.577786,0,,0,3.0290101632e-12,1.3146745500000003e-13
2006573695142_Node0_Node8_Zero,2006.573695,2006.579656,0,,0,4.397799737161706e-14,0
2006579156597_Node0_Node8_Zero,2006.579157,2006.587388,0,,0,3.0290101632e-12,1.35932371487775e-13
2006584618831_Node0_Node8_Zero,2006.584619,2006.589684,0,,0,3.0290101632e-12,0
2006590085766_Node0_Node8_Zero,2006.590086,2006.593652,0,,0,6.181653394285714e-14,1.3778993859991212e-13
2006595548093_Node0_Node8_Zero,2006.595548,2006.597548,0,,0,3.0290101632e-12,0
2006601011859_Node0_Node8_Zero,2006.601012,2006.602975,0,,0,3.0290101632e-12,0
2006606477756_Node0_Node8_Zero,2006.606478,2006.608461,0,,0,3.0290101632e-12,0
2006611946791_Node0_Node8_Zero,2006.611947,2006.61393,0,,0,3.0290101632e-12,0
2006617409898_Node0_Node8_Zero,2006.61741,2006.620542,0,,0,3.0290101632e-12,0
2006622877112_Node0_Node8_Zero,2006.622877,2006.626676,0,,0,3.0290101632e-12,0
2006628338177_Node0_Node8_Zero,2006.628338,2006.636554,0,,0,4.39731859780354e-14,0
2006633801646_Node0_Node8_Zero,2006.633802,2006.638424,0,,0,3.1131493344e-12,0
2006639267390_Node0_Node8_Zero,2006.639267,2006.641331,0,,0,3.0290101632e-12,0
2006644731748_Node0_Node8_Zero,2006.644732,2006.650153,0,,0,3.0290101632e-12,0
2006650191698_Node0_Node8_Zero,2006.650192,2006.652221,0,,0,3.1171957239039437e-12,0
2006655655944_Node0_Node8_Zero,2006.655656,2006.6622,0,,0,3.0290101632e-12,0
2006661116888_Node0_Node8_Zero,2006.661117,2006.670704,0,,0,3.0290101632e-12,0
2006666583990_Node0_Node8_Zero,2006.666584,2006.672674,0,,0,3.0290101632e-12,0
2006672046369_Node0_Node8_Zero,2006.672046,2006.682994,0,,0,3.0290101632e-12,0
2006677514563_Node0_Node8_Zero,2006.677515,2006.684924,0,,0,3.0290101632e-12,0
2006682975130_Node0_Node8_Zero,2006.682975,2006.68708,0,,0,3.0290101632e-12,1.3675795687094705e-13
2006688434705_Node0_Node8_Zero,2006.688435,2006.690418,0,,0,4.292814857142858e-14,5.842998000000001e-14
2006693898191_Node0_Node8_Zero,2006.693898,2006.705438,0,,0,3.0290101632e-12,0
2006699358849_Node0_Node8_Zero,2006.699359,2006.707328,0,,0,3.0290101632e-12,0
2006704819633_Node0_Node8_Zero,2006.70482,2006.71314,0,,0,3.0290101632e-12,0
2006710282254_Node0_Node8_Zero,2006.710282,2006.71713,0,,0,3.0290101632e-12,0
2006715744666_Node0_Node8_Zero,2006.715745,2006.723425,0,,0,3.0290101632e-12,0
2006721208940_Node0_Node8_Zero,2006.721209,2006.725315,0,,0,3.0290101632e-12,0
2006726676377_Node0_Node8_Zero,2006.726676,2006.732982,0,,0,3.1131493344e-12,0
2006732137798_Node0_Node8_Zero,2006.732138,2006.743461,0,,0,3.0290101632e-12,0
2006737597864_Node0_Node8_Zero,2006.737598,2006.745491,0,,0,3.0290101632e-12,5.842998000000001e-14
2006743059989_Node0_Node8_Zero,2006.74306,2006.747381,0,,0,3.0290101632e-12,0
2006748519593_Node0_Node8_Zero,2006.74852,2006.753057,0,,0,8.413917120000002e-14,0
2006753980524_Node0_Node8_Zero,2006.753981,2006.756937,0,,0,3.0290101632e-12,0
2006759442561_Node0_Node8_Zero,2006.759443,2006.764778,0,,0,8.752509239740612e-14,0
2006764902178_Node0_Node8_Zero,2006.764902,2006.774455,0,,0,8.754064586123926e-14,1.3678225915818633e-13
2006770371344_Node0_Node8_Zero,2006.770371,2006.776777,0,,0,3.0290101632e-12,0
2006775834196_Node0_Node8_Zero,2006.775834,2006.784635,0,,0,3.0290101632e-12,1.3146745500000003e-13
2006781301182_Node0_Node8_Zero,2006.781301,2006.786765,0,,0,3.0719383117714285e-12,0
2006786766986_Node0_Node8_Zero,2006.786767,2006.788651,0,,0,4.4177034220793924e-14,6.01298521338584e-14
2006792231603_Node0_Node8_Zero,2006.792232,2006.798536,0,,0,6.181653394285714e-14,1.3684382523266448e-13
2006797695968_Node0_Node8_Zero,2006.797696,2006.80534,0,,0,3.0719383117714285e-12,0
2006803157571_Node0_Node8_Zero,2006.803158,2006.807477,0,,0,3.0290101632e-12,0
2006808622321_Node0_Node8_Zero,2006.808622,2006.815586,0,,0,3.1131493344e-12,0
2006814089780_Node0_Node8_Zero,2006.81409,2006.821656,0,,0,3.0290101632e-12,0
2006819557206_Node0_Node8_Zero,2006.819557,2006.831506,0,,0,3.0290101632e-12,0
2006825025968_Node0_Node8_Zero,2006.825026,2006.839365,0,,0,3.0290101632e-12,0
2006830489778_Node0_Node8_Zero,2006.83049,2006.843206,0,,0,3.0290101632e-12,0
2006835957834_Node0_Node8_Zero,2006.835958,2006.845136,0,,0,3.0290101632e-12,0
2006841418305_Node0_Node8_Zero,2006.841418,2006.849123,0,,0,3.0290101632e-12,0
2006846882764_Node0_Node8_Zero,2006.846883,2006.851399,0,,0,3.0290101632e-12,1.3690590959905942e-13
2006852344923_Node0_Node8_Zero,2006.852345,2006.854368,0,,0,3.0290101632e-12,5.842998000000001e-14
2006857812470_Node0_Node8_Zero,2006.857812,2006.861472,0,,0,8.752509239740612e-14,1.3675795687094705e-13
2006863273228_Node0_Node8_Zero,2006.863273,2006.871758,0,,0,3.0290101632e-12,0
2006868732859_Node0_Node8_Zero,2006.868733,2006.873668,0,,0,3.0290101632e-12,5.842998000000001e-14
2006874199150_Node0_Node8_Zero,2006.874199,2006.883215,0,,0,3.0290101632e-12,1.3146745500000003e-13
2006879667823_Node0_Node8_Zero,2006.879668,2006.887409,0,,0,3.116006880952176e-12,0
2006885135187_Node0_Node8_Zero,2006.885135,2006.891277,0,,0,3.0290101632e-12,0
2006890601168_Node0_Node8_Zero,2006.890601,2006.899426,0,,0,3.0290101632e-12,0
2006896066392_Node0_Node8_Zero,2006.896066,2006.901603,0,,0,3.0290101632e-12,0
2006901533794_Node0_Node8_Zero,2006.901534,2006.910377,0,,0,3.0290101632e-12,0
2006907000669_Node0_Node8_Zero,2006.907001,2006.912367,0,,0,3.0290101632e-12,0
2006912466608_Node0_Node8_Zero,2006.912467,2006.916257,0,,0,3.0290101632e-12,0
2006917936032_Node0_Node8_Zero,2006.917936,2006.922179,0,,0,3.0290101632e-12,0
2006923403266_Node0_Node8_Zero,2006.923403,2006.926479,0,,0,3.0290101632e-12,0
2006928868320_Node0_Node8_Zero,2006.928868,2006.931157,0,,0,3.0290101632e-12,0
2006934327869_Node0_Node8_Zero,2006.934328,2006.940857,0,,0,3.0290101632e-12,0
2006939792419_Node0_Node8_Zero,2006.939792,2006.948972,0,,0,3.0290101632e-12,0
2006945255954_Node0_Node8_Zero,2006.945256,2006.954851,0,,0,8.699671775217601e-14,1.35932371487775e-13
2006950717879_Node0_Node8_Zero,2006.950718,2006.956821,0,,0,3.0290101632e-12,0
2006956177807_Node0_Node8_Zero,2006.956178,2006.964661,0,,0,3.0290101632e-12,0
2006961643899_Node0_Node8_Zero,2006.961644,2006.966963,0,,0,3.0728202705838285e-12,0
2006967109757_Node0_Node8_Zero,2006.96711,2006.968973,0,,0,4.418949584244906e-14,6.014681378555567e-14
2006972577448_Node0_Node8_Zero,2006.972577,2006.983695,0,,0,3.0290101632e-12,0
2006978041474_Node0_Node8_Zero,2006.978041,2006.985625,0,,0,3.0731871974207937e-12,0
2006983510245_Node0_Node8_Zero,2006.98351,2006.991611,0,,0,4.381010738382857e-14,0
2006988971110_Node0_Node8_Zero,2006.988971,2006.993848,0,,0,3.0290101632e-12,0
2006994433222_Node0_Node8_Zero,2006.994433,2007.003622,0,,0,3.1131493344e-12,0
2006999894648_Node0_Node8_Zero,2006.999895,2007.009923,0,,0,3.0290101632e-12,1.3146745500000003e-13
2007005355821_Node0_Node8_Zero,2007.005356,2007.012155,0,,0,3.0290101632e-12,1.35932371487775e-13
2007010824449_Node0_Node8_Zero,2007.010824,2007.025297,0,,0,3.0290101632e-12,1.3786493031317322e-13
2007016293739_Node0_Node8_Zero,2007.016294,2007.033006,0,,0,3.1171957239039437e-12,0
2007021755540_Node0_Node8_Zero,2007.021756,2007.036786,0,,0,3.078536717421624e-12,0
2007027225002_Node0_Node8_Zero,2007.027225,2007.040696,0,,0,4.381010738382857e-14,0
2007032688688_Node0_Node8_Zero,2007.032689,2007.048626,0,,0,3.0290101632e-12,0
2007038157825_Node0_Node8_Zero,2007.038158,2007.050576,0,,0,3.0290101632e-12,0
2007043626593_Node0_Node8_Zero,2007.043627,2007.052446,0,,0,3.0290101632e-12,0
2007049089740_Node0_Node8_Zero,2007.04909,2007.056373,0,,0,3.0290101632e-12,0
2007054557018_Node0_Node8_Zero,2007.054557,2007.060254,0,,0,3.0290101632e-12,0
2007060024514_Node0_Node8_Zero,2007.060025,2007.068,0,,0,3.0290101632e-12,1.3146745500000003e-13
2007065486900_Node0_Node8_Zero,2007.065487,2007.071948,0,,0,3.0290101632e-12,0
2007070950509_Node0_Node8_Zero,2007.070951,2007.079648,0,,0,3.0290101632e-12,1.3146745500000003e-13
2007076419477_Node0_Node8_Zero,2007.076419,2007.081698,0,,0,3.0290101632e-12,0
2007081886736_Node0_Node8_Zero,2007.081887,2007.085504,0,,0,3.0290101632e-12,0
2007087346628_Node0_Node8_Zero,2007.087347,2007.08947,0,,0,4.3994663893390867e-14,0
2007092813781_Node0_Node8_Zero,2007.092814,2007.094837,0,,0,3.0290101632e-12,0
2007098279905_Node0_Node8_Zero,2007.09828,2007.101491,0,,0,3.0290101632e-12,0
2007103746407_Node0_Node8_Zero,2007.103746,2007.108494,0,,0,3.0290101632e-12,0
2007109214515_Node0_Node8_Zero,2007.109215,2007.112465,0,,0,3.0290101632e-12,0
2007114680423_Node0_Node8_Zero,2007.11468,2007.120418,0,,0,3.0290101632e-12,0
2007120141174_Node0_Node8_Zero,2007.120141,2007.130272,0,,0,3.0290101632e-12,0
2007125608465_Node0_Node8_Zero,2007.125608,2007.1343,0,,0,3.0290101632e-12,0
2007131072116_Node0_Node8_Zero,2007.131072,2007.13617,0,,0,3.0290101632e-12,0
2007136535123_Node0_Node8_Zero,2007.136535,2007.14591,0,,0,3.0290101632e-12,0
2007142000466_Node0_Node8_Zero,2007.142,2007.149938,0,,0,3.0290101632e-12,0
2007147467704_Node0_Node8_Zero,2007.147468,2007.151868,0,,0,3.0290101632e-12,0
2007152935283_Node0_Node8_Zero,2007.152935,2007.157636,0,,0,3.0290101632e-12,0
2007158401914_Node0_Node8_Zero,2007.158402,2007.169242,0,,0,3.0290101632e-12,0
2007163865739_Node0_Node8_Zero,2007.163866,2007.17496,0,,0,3.0290101632e-12,0
2007169331421_Node0_Node8_Zero,2007.169331,2007.17876,0,,0,3.0290101632e-12,0
2007174799079_Node0_Node8_Zero,2007.174799,2007.184534,0,,0,3.0290101632e-12,0
2007180260404_Node0_Node8_Zero,2007.18026,2007.188355,0,,0,3.0290101632e-12,0
2007185725342_Node0_Node8_Zero,2007.185725,2007.202205,0,,0,3.0290101632e-12,0
2007191189266_Node0_Node8_Zero,2007.191189,2007.209854,0,,0,3.0290101632e-12,0
2007196655166_Node0_Node8_Zero,2007.196655,2007.215693,0,,0,3.0290101632e-12,0
2007202119136_Node0_Node8_Zero,2007.202119,2007.227196,0,,0,3.0290101632e-12,0
2007207581417_Node0_Node8_Zero,2007.207581,2007.234839,0,,0,3.0290101632e-12,0
2007213045813_Node0_Node8_Zero,2007.213046,2007.236769,0,,0,3.0290101632e-12,0
2007218512010_Node0_Node8_Zero,2007.218512,2007.244534,0,,0,3.0290101632e-12,0
2007223975901_Node0_Node8_Zero,2007.223976,2007.250437,0,,0,3.0290101632e-12,0
2007229444846_Node0_Node8_Zero,2007.229445,2007.254445,0,,0,3.0290101632e-12,0
2007234909524_Node0_Node8_Zero,2007.23491,2007.258306,0,,0,3.0290101632e-12,0
2007240370092_Node0_Node8_Zero,2007.24037,2007.262133,0,,0,3.0290101632e-12,0
2007245835466_Node0_Node8_Zero,2007.245835,2007.271732,0,,0,3.0290101632e-12,0
2007251297936_Node0_Node8_Zero,2007.251298,2007.275612,0,,0,3.0290101632e-12,0
2007256757880_Node0_Node8_Zero,2007.256758,2007.27954,0,,0,3.0290101632e-12,0
2007262222428_Node0_Node8_Zero,2007.262222,2007.285258,0,,0,3.0290101632e-12,0
2007267690372_Node0_Node8_Zero,2007.26769,2007.289246,0,,0,3.0290101632e-12,0
2007273157702_Node0_Node8_Zero,2007.273158,2007.297022,0,,0,3.0290101632e-12,0
2007278620277_Node0_Node8_Zero,2007.27862,2007.302861,0,,0,3.0290101632e-12,0
2007284086643_Node0_Node8_Zero,2007.284087,2007.312419,0,,0,3.0290101632e-12,0
2007289550993_Node0_Node8_Zero,2007.289551,2007.3243,0,,0,3.0290101632e-12,0
2007295014512_Node0_Node8_Zero,2007.295015,2007.329992,0,,0,3.0290101632e-12,0
2007300477098_Node0_Node8_Zero,2007.300477,2007.333819,0,,0,3.0290101632e-12,0
2007305944233_Node0_Node8_Zero,2007.305944,2007.335769,0,,0,3.0290101632e-12,0
2007311409031_Node0_Node8_Zero,2007.311409,2007.341447,0,,0,3.0290101632e-12,0
2007316874588_Node0_Node8_Zero,2007.316875,2007.347346,0,,0,3.0290101632e-12,0
2007322341782_Node0_Node8_Zero,2007.322342,2007.351206,0,,0,3.0290101632e-12,0
2007327801332_Node0_Node8_Zero,2007.327801,2007.356972,0,,0,3.0290101632e-12,0
2007333262446_Node0_Node8_Zero,2007.333262,2007.360892,0,,0,3.0290101632e-12,0
2007338726931_Node0_Node8_Zero,2007.338727,2007.36862,0,,0,3.0290101632e-12,0
2007344190850_Node0_Node8_Zero,2007.344191,2007.372588,0,,0,3.0290101632e-12,0
2007349657026_Node0_Node8_Zero,2007.349657,2007.376528,0,,0,3.0290101632e-12,0
2007355124459_Node0_Node8_Zero,2007.355124,2007.382277,0,,0,3.0290101632e-12,0
2007360585718_Node0_Node8_Zero,2007.360586,2007.388135,0,,0,3.0290101632e-12,0
2007366048486_Node0_Node8_Zero,2007.366048,2007.393813,0,,0,3.0290101632e-12,0
2007371508118_Node0_Node8_Zero,2007.371508,2007.411467,0,,0,3.0290101632e-12,0
2007376970096_Node0_Node8_Zero,2007.37697,2007.415431,0,,0,3.1177188148027213e-12,0
2007382436516_Node0_Node8_Zero,2007.382437,2007.419538,0,,0,8.699671775217601e-14,0
2007387901317_Node0_Node8_Zero,2007.387901,2007.421488,0,,0,3.0290101632e-12,0
2007393368518_Node0_Node8_Zero,2007.393369,2007.423504,0,,0,3.0290101632e-12,0
2007398835031_Node0_Node8_Zero,2007.398835,2007.429315,0,,0,3.0290101632e-12,0
2007404303916_Node0_Node8_Zero,2007.404304,2007.433342,0,,0,3.0290101632e-12,0
2007409767376_Node0_Node8_Zero,2007.409767,2007.435292,0,,0,3.0290101632e-12,0
2007415229563_Node0_Node8_Zero,2007.41523,2007.437242,0,,0,3.0728202705838285e-12,0
2007420698646_Node0_Node8_Zero,2007.420699,2007.439399,0,,0,3.0290101632e-12,0
2007426166629_Node0_Node8_Zero,2007.426167,2007.441469,0,,0,3.0290101632e-12,0
2007431630022_Node0_Node8_Zero,2007.43163,2007.445436,0,,0,3.0290101632e-12,0
2007437089678_Node0_Node8_Zero,2007.43709,2007.447306,0,,0,3.0290101632e-12,0
2007442550488_Node0_Node8_Zero,2007.44255,2007.449196,0,,0,3.0290101632e-12,0
2007448014471_Node0_Node8_Zero,2007.448014,2007.459067,0,,0,3.0290101632e-12,0
2007453479690_Node0_Node8_Zero,2007.45348,2007.462855,0,,0,3.0290101632e-12,0
2007458941495_Node0_Node8_Zero,2007.458941,2007.466655,0,,0,3.0290101632e-12,0
2007464409785_Node0_Node8_Zero,2007.46441,2007.476154,0,,0,3.0290101632e-12,0
2007469872286_Node0_Node8_Zero,2007.469872,2007.478024,0,,0,3.0290101632e-12,0
2007475341130_Node0_Node8_Zero,2007.475341,2007.480034,0,,0,3.0290101632e-12,0
2007480806167_Node0_Node8_Zero,2007.480806,2007.485893,0,,0,3.0290101632e-12,0
2007486266638_Node0_Node8_Zero,2007.486267,2007.489706,0,,0,3.0290101632e-12,0
2007491727598_Node0_Node8_Zero,2007.491728,2007.495581,0,,0,3.0290101632e-12,0
2007497188786_Node0_Node8_Zero,2007.497189,2007.503398,0,,0,3.0290101632e-12,1.35932371487775e-13
2007502653310_Node0_Node8_Zero,2007.502653,2007.511882,0,,0,3.1131493344e-12,0
2007508118782_Node0_Node8_Zero,2007.508119,2007.513792,0,,0,3.0290101632e-12,0
2007513580855_Node0_Node8_Zero,2007.513581,2007.523835,0,,0,3.0290101632e-12,0
2007519050071_Node0_Node8_Zero,2007.51905,2007.529653,0,,0,3.0290101632e-12,0
2007524509953_Node0_Node8_Zero,2007.52451,2007.531523,0,,0,3.0290101632e-12,0
2007529972138_Node0_Node8_Zero,2007.529972,2007.54313,0,,0,3.0290101632e-12,0
2007535433249_Node0_Node8_Zero,2007.535433,2007.547194,0,,0,3.0290101632e-12,0
2007540896083_Node0_Node8_Zero,2007.540896,2007.54909,0,,0,3.0290101632e-12,0
2007546360891_Node0_Node8_Zero,2007.546361,2007.55108,0,,0,3.0290101632e-12,0
2007551820550_Node0_Node8_Zero,2007.551821,2007.556898,0,,0,3.0290101632e-12,0
2007557287680_Node0_Node8_Zero,2007.557288,2007.56457,0,,0,3.0290101632e-12,0
2007562750162_Node0_Node8_Zero,2007.56275,2007.57034,0,,0,3.0290101632e-12,0
2007568219200_Node0_Node8_Zero,2007.568219,2007.57221,0,,0,3.0290101632e-12,0
2007573679671_Node0_Node8_Zero,2007.57368,2007.585643,0,,0,3.0290101632e-12,0
2007579142791_Node0_Node8_Zero,2007.579143,2007.595219,0,,0,3.0290101632e-12,0
2007584606876_Node0_Node8_Zero,2007.584607,2007.597089,0,,0,3.0290101632e-12,0
2007590070279_Node0_Node8_Zero,2007.59007,2007.600957,0,,0,3.0290101632e-12,0
2007595530247_Node0_Node8_Zero,2007.59553,2007.606812,0,,0,3.0290101632e-12,0
2007600996037_Node0_Node8_Zero,2007.600996,2007.608837,0,,0,3.0290101632e-12,0
2007606463764_Node0_Node8_Zero,2007.606464,2007.616565,0,,0,3.0290101632e-12,0
2007611927780_Node0_Node8_Zero,2007.611928,2007.620425,0,,0,3.0290101632e-12,0
2007617392633_Node0_Node8_Zero,2007.617393,2007.628195,0,,0,3.0290101632e-12,0
2007622858887_Node0_Node8_Zero,2007.622859,2007.645709,0,,0,3.0290101632e-12,0
2007628324934_Node0_Node8_Zero,2007.628325,2007.651484,0,,0,3.0290101632e-12,0
2007633792140_Node0_Node8_Zero,2007.633792,2007.653414,0,,0,3.0290101632e-12,0
2007639251831_Node0_Node8_Zero,2007.639252,2007.657261,0,,0,3.0290101632e-12,0
2007644716651_Node0_Node8_Zero,2007.644717,2007.66308,0,,0,3.0290101632e-12,0
2007650179971_Node0_Node8_Zero,2007.65018,2007.666947,0,,0,3.0290101632e-12,0
2007655641989_Node0_Node8_Zero,2007.655642,2007.678295,0,,0,3.0290101632e-12,0
2007661102451_Node0_Node8_Zero,2007.661102,2007.682076,0,,0,3.0290101632e-12,0
2007666567123_Node0_Node8_Zero,2007.666567,2007.683966,0,,0,3.0290101632e-12,0
2007672032208_Node0_Node8_Zero,2007.672032,2007.695555,0,,0,3.0290101632e-12,0
2007677499613_Node0_Node8_Zero,2007.6775,2007.699456,0,,0,3.0290101632e-12,0
2007682964622_Node0_Node8_Zero,2007.682965,2007.707192,0,,0,3.0290101632e-12,0
2007688428141_Node0_Node8_Zero,2007.688428,2007.71307,0,,0,3.0290101632e-12,0
2007693895436_Node0_Node8_Zero,2007.693895,2007.722676,0,,0,3.0290101632e-12,0
2007699361213_Node0_Node8_Zero,2007.699361,2007.724646,0,,0,3.0290101632e-12,0
2007704829190_Node0_Node8_Zero,2007.704829,2007.728446,0,,0,3.0290101632e-12,0
2007710294162_Node0_Node8_Zero,2007.710294,2007.730356,0,,0,3.0290101632e-12,0
2007715755416_Node0_Node8_Zero,2007.715755,2007.734204,0,,0,3.0290101632e-12,0
2007721222307_Node0_Node8_Zero,2007.721222,2007.753569,0,,0,3.0290101632e-12,0
2007726686290_Node0_Node8_Zero,2007.726686,2007.775156,0,,0,3.0290101632e-12,0
2007732147096_Node0_Node8_Zero,2007.732147,2007.778979,0,,0,3.0290101632e-12,0
2007737611338_Node0_Node8_Zero,2007.737611,2007.782967,0,,0,3.0290101632e-12,0
2007743078843_Node0_Node8_Zero,2007.743079,2007.788725,0,,0,3.0290101632e-12,0
2007748541040_Node0_Node8_Zero,2007.748541,2007.792606,0,,0,3.0290101632e-12,0
2007754005683_Node0_Node8_Zero,2007.754006,2007.798424,0,,0,3.0290101632e-12,0
2007759472362_Node0_Node8_Zero,2007.759472,2007.802244,0,,0,3.0290101632e-12,0
2007764932700_Node0_Node8_Zero,2007.764933,2007.81013,0,,0,3.0290101632e-12,0
2007770393032_Node0_Node8_Zero,2007.770393,2007.814261,0,,0,3.073199659042449e-12,0
2007775859063_Node0_Node8_Zero,2007.775859,2007.82478,0,,0,3.0290101632e-12,1.3146745500000003e-13
2007781325046_Node0_Node8_Zero,2007.781325,2007.826738,0,,0,3.0290101632e-12,0
2007786791714_Node0_Node8_Zero,2007.786792,2007.831088,0,,0,3.0290101632e-12,0
2007792257418_Node0_Node8_Zero,2007.792257,2007.832969,0,,0,3.0290101632e-12,0
2007797725662_Node0_Node8_Zero,2007.797726,2007.834839,0,,0,3.0290101632e-12,0
2007803194241_Node0_Node8_Zero,2007.803194,2007.836729,0,,0,3.0290101632e-12,0
2007808655347_Node0_Node8_Zero,2007.808655,2007.838739,0,,0,3.0290101632e-12,0
2007814123513_Node0_Node8_Zero,2007.814124,2007.842659,0,,0,3.0290101632e-12,0
2007819586640_Node0_Node8_Zero,2007.819587,2007.84847,0,,0,3.1131493344e-12,0
2007825054619_Node0_Node8_Zero,2007.825055,2007.85038,0,,0,3.0290101632e-12,0
2007830514585_Node0_Node8_Zero,2007.830515,2007.85416,0,,0,3.116006880952176e-12,0
2007835983410_Node0_Node8_Zero,2007.835983,2007.85615,0,,0,3.0290101632e-12,0
2007841447174_Node0_Node8_Zero,2007.841447,2007.862048,0,,0,3.0290101632e-12,0
2007846912429_Node0_Node8_Zero,2007.846912,2007.865896,0,,0,3.0290101632e-12,0
2007852374629_Node0_Node8_Zero,2007.852375,2007.869784,0,,0,3.0290101632e-12,0
2007857842572_Node0_Node8_Zero,2007.857843,2007.87756,0,,0,3.0290101632e-12,0
2007863304652_Node0_Node8_Zero,2007.863305,2007.887149,0,,0,3.0290101632e-12,0
2007868772200_Node0_Node8_Zero,2007.868772,2007.902637,0,,0,3.0290101632e-12,0
2007874231757_Node0_Node8_Zero,2007.874232,2007.90452,0,,0,3.0290101632e-12,0
2007879692611_Node0_Node8_Zero,2007.879693,2007.912248,0,,0,3.0290101632e-12,0
2007885157788_Node0_Node8_Zero,2007.885158,2007.916035,0,,0,3.0290101632e-12,0
2007890625025_Node0_Node8_Zero,2007.890625,2007.917925,0,,0,3.0290101632e-12,0
2007896093326_Node0_Node8_Zero,2007.896093,2007.921886,0,,0,3.0290101632e-12,0
2007901553227_Node0_Node8_Zero,2007.901553,2007.929562,0,,0,3.0290101632e-12,0
2007907019180_Node0_Node8_Zero,2007.907019,2007.933529,0,,0,3.0290101632e-12,0
2007912486259_Node0_Node8_Zero,2007.912486,2007.944909,0,,0,3.0290101632e-12,0
2007917953164_Node0_Node8_Zero,2007.917953,2007.946799,0,,0,3.0290101632e-12,0
2007923422035_Node0_Node8_Zero,2007.923422,2007.950741,0,,0,3.0290101632e-12,0
2007928881834_Node0_Node8_Zero,2007.928882,2007.952649,0,,0,3.0290101632e-12,0
2007934349800_Node0_Node8_Zero,2007.93435,2007.960239,0,,0,3.0290101632e-12,0
2007939817858_Node0_Node8_Zero,2007.939818,2007.962169,0,,0,3.0290101632e-12,0
2007945278955_Node0_Node8_Zero,2007.945279,2007.969905,0,,0,3.0290101632e-12,0
2007950743052_Node0_Node8_Zero,2007.950743,2007.971775,0,,0,3.0290101632e-12,0
2007956206178_Node0_Node8_Zero,2007.956206,2007.973745,0,,0,3.0290101632e-12,0
2007961674864_Node0_Node8_Zero,2007.961675,2007.979582,0,,0,3.0290101632e-12,0
2007967137327_Node0_Node8_Zero,2007.967137,2007.98337,0,,0,3.0290101632e-12,0
2007972599155_Node0_Node8_Zero,2007.972599,2007.98721,0,,0,3.0290101632e-12,0
2007978063917_Node0_Node8_Zero,2007.978064,2007.994958,0,,0,3.0290101632e-12,0
2007983524340_Node0_Node8_Zero,2007.983524,2008.000788,0,,0,3.0290101632e-12,0
2007988988614_Node0_Node8_Zero,2007.988989,2008.004676,0,,0,3.0290101632e-12,0
2007994455016_Node0_Node8_Zero,2007.994455,2008.010495,0,,0,3.0290101632e-12,0
2007999918775_Node0_Node8_Zero,2007.999919,2008.012485,0,,0,3.0290101632e-12,0
2008005380026_Node0_Node8_Zero,2008.00538,2008.014395,0,,0,3.0290101632e-12,0
2008010839808_Node0_Node8_Zero,2008.01084,2008.020213,0,,0,3.0290101632e-12,0
2008016301649_Node0_Node8_Zero,2008.016302,2008.022083,0,,0,3.0290101632e-12,0
2008021766879_Node0_Node8_Zero,2008.021767,2008.047469,0,,0,3.0290101632e-12,0
2008027232992_Node0_Node8_Zero,2008.027233,2008.055157,0,,0,3.0290101632e-12,0
2008032699230_Node0_Node8_Zero,2008.032699,2008.057127,0,,0,3.0290101632e-12,0
2008038165235_Node0_Node8_Zero,2008.038165,2008.059077,0,,0,3.0290101632e-12,0
2008043628333_Node0_Node8_Zero,2008.043628,2008.062905,0,,0,3.0290101632e-12,0
2008049092283_Node0_Node8_Zero,2008.049092,2008.066825,0,,0,3.0290101632e-12,0
2008054555041_Node0_Node8_Zero,2008.054555,2008.074533,0,,0,3.0290101632e-12,0
2008060022491_Node0_Node8_Zero,2008.060022,2008.076503,0,,0,3.0290101632e-12,0
2008065490681_Node0_Node8_Zero,2008.065491,2008.096215,0,,0,3.0290101632e-12,0
2008070952351_Node0_Node8_Zero,2008.070952,2008.10212,0,,0,3.0290101632e-12,0
2008076413186_Node0_Node8_Zero,2008.076413,2008.112437,0,,0,3.0290101632e-12,0
2008081873603_Node0_Node8_Zero,2008.081874,2008.118373,0,,0,3.0290101632e-12,0
2008087336134_Node0_Node8_Zero,2008.087336,2008.123265,0,,0,3.0290101632e-12,0
2008092799876_Node0_Node8_Zero,2008.0928,2008.128977,0,,0,3.0290101632e-12,1.3146745500000003e-13
2008098266956_Node0_Node8_Zero,2008.098267,2008.131268,0,,0,3.0290101632e-12,0
2008103733814_Node0_Node8_Zero,2008.103734,2008.133505,0,,0,3.0290101632e-12,0
2008109195086_Node0_Node8_Zero,2008.109195,2008.135455,0,,0,3.0290101632e-12,0
2008114657018_Node0_Node8_Zero,2008.114657,2008.137325,0,,0,3.0290101632e-12,0
2008120120230_Node0_Node8_Zero,2008.12012,2008.139195,0,,0,3.0290101632e-12,0
2008125580103_Node0_Node8_Zero,2008.12558,2008.141165,0,,0,3.0290101632e-12,0
2008131049006_Node0_Node8_Zero,2008.131049,2008.145113,0,,0,3.0290101632e-12,0
2008136511424_Node0_Node8_Zero,2008.136511,2008.148873,0,,0,3.0290101632e-12,0
2008141972620_Node0_Node8_Zero,2008.141973,2008.150763,0,,0,3.0290101632e-12,0
2008147435178_Node0_Node8_Zero,2008.147435,2008.152693,0,,0,3.0290101632e-12,0
2008152902258_Node0_Node8_Zero,2008.152902,2008.156552,0,,0,3.0290101632e-12,0
2008158362710_Node0_Node8_Zero,2008.158363,2008.162425,0,,0,3.0290101632e-12,0
2008163829883_Node0_Node8_Zero,2008.16383,2008.187608,0,,0,3.0290101632e-12,0
2008169297252_Node0_Node8_Zero,2008.169297,2008.189535,0,,0,3.0290101632e-12,0
2008174760070_Node0_Node8_Zero,2008.17476,2008.191405,0,,0,3.0290101632e-12,0
2008180224566_Node0_Node8_Zero,2008.180225,2008.206854,0,,0,3.0290101632e-12,0
2008185686418_Node0_Node8_Zero,2008.185686,2008.210749,0,,0,3.0290101632e-12,0
2008191150695_Node0_Node8_Zero,2008.191151,2008.214609,0,,0,3.0290101632e-12,0
2008196614384_Node0_Node8_Zero,2008.196614,2008.226251,0,,0,3.0290101632e-12,0
2008202080207_Node0_Node8_Zero,2008.20208,2008.228157,0,,0,3.0290101632e-12,0
2008207547479_Node0_Node8_Zero,2008.207547,2008.230107,0,,0,3.0290101632e-12,0
2008213010121_Node0_Node8_Zero,2008.21301,2008.233915,0,,0,3.0290101632e-12,0
2008218472821_Node0_Node8_Zero,2008.218473,2008.235845,0,,0,3.0290101632e-12,0
2008223933609_Node0_Node8_Zero,2008.223934,2008.247241,0,,0,3.0290101632e-12,0
2008229394604_Node0_Node8_Zero,2008.229395,2008.253144,0,,0,3.0290101632e-12,0
2008234855740_Node0_Node8_Zero,2008.234856,2008.262808,0,,0,3.0290101632e-12,0
2008240316488_Node0_Node8_Zero,2008.240316,2008.264778,0,,0,3.0290101632e-12,0
2008245776238_Node0_Node8_Zero,2008.245776,2008.270476,0,,0,3.0290101632e-12,0
2008251243827_Node0_Node8_Zero,2008.251244,2008.2782,0,,0,3.0290101632e-12,0
2008256711612_Node0_Node8_Zero,2008.256712,2008.283858,0,,0,3.0290101632e-12,0
2008262174596_Node0_Node8_Zero,2008.262175,2008.289716,0,,0,3.0290101632e-12,0
2008267638086_Node0_Node8_Zero,2008.267638,2008.291646,0,,0,3.0290101632e-12,0
2008273099432_Node0_Node8_Zero,2008.273099,2008.29937,0,,0,3.0290101632e-12,0
2008278559738_Node0_Node8_Zero,2008.27856,2008.30126,0,,0,3.0290101632e-12,0
2008284025336_Node0_Node8_Zero,2008.284025,2008.310696,0,,0,3.0290101632e-12,0
2008289487888_Node0_Node8_Zero,2008.289488,2008.312586,0,,0,3.0290101632e-12,0
2008294949217_Node0_Node8_Zero,2008.294949,2008.314456,0,,0,3.0290101632e-12,0
2008300413680_Node0_Node8_Zero,2008.300414,2008.320315,0,,0,3.116006880952176e-12,0
2008305877704_Node0_Node8_Zero,2008.305878,2008.322185,0,,0,3.0290101632e-12,0
2008311345997_Node0_Node8_Zero,2008.311346,2008.325985,0,,0,3.0290101632e-12,0
2008316808344_Node0_Node8_Zero,2008.316808,2008.327875,0,,0,3.0290101632e-12,0
2008322271245_Node0_Node8_Zero,2008.322271,2008.337569,0,,0,3.0290101632e-12,0
2008327733053_Node0_Node8_Zero,2008.327733,2008.343261,0,,0,3.0290101632e-12,0
2008333195254_Node0_Node8_Zero,2008.333195,2008.352767,0,,0,3.0290101632e-12,0
2008338661994_Node0_Node8_Zero,2008.338662,2008.356707,0,,0,3.0290101632e-12,0
2008344123023_Node0_Node8_Zero,2008.344123,2008.358617,0,,0,3.0290101632e-12,0
2008349586951_Node0_Node8_Zero,2008.349587,2008.360527,0,,0,3.0290101632e-12,0
2008355050735_Node0_Node8_Zero,2008.355051,2008.366245,0,,0,3.0290101632e-12,0
2008360512146_Node0_Node8_Zero,2008.360512,2008.368115,0,,0,3.0290101632e-12,0
2008365981178_Node0_Node8_Zero,2008.365981,2008.370025,0,,0,3.0290101632e-12,0
2008371441604_Node0_Node8_Zero,2008.371442,2008.377867,0,,0,3.0290101632e-12,0
2008376907827_Node0_Node8_Zero,2008.376908,2008.385474,0,,0,3.0290101632e-12,0
2008382372379_Node0_Node8_Zero,2008.382372,2008.391292,0,,0,3.0290101632e-12,0
2008387837157_Node0_Node8_Zero,2008.387837,2008.395179,0,,0,3.0290101632e-12,0
2008393298732_Node0_Node8_Zero,2008.393299,2008.397049,0,,0,3.0290101632e-12,0
2008398760742_Node0_Node8_Zero,2008.398761,2008.400866,0,,0,3.0290101632e-12,0
2008404229364_Node0_Node8_Zero,2008.404229,2008.412395,0,,0,3.0290101632e-12,0
2008409689177_Node0_Node8_Zero,2008.409689,2008.416296,0,,0,3.0290101632e-12,0
2008415157488_Node0_Node8_Zero,2008.415157,2008.425963,0,,0,3.0290101632e-12,0
2008420621396_Node0_Node8_Zero,2008.420621,2008.433711,0,,0,3.0290101632e-12,0
2008426087718_Node0_Node8_Zero,2008.426088,2008.437609,0,,0,3.0290101632e-12,0
2008431548384_Node0_Node8_Zero,2008.431548,2008.439519,0,,0,3.0290101632e-12,0
2008437010328_Node0_Node8_Zero,2008.43701,2008.44342,0,,0,3.0290101632e-12,0
2008442474854_Node0_Node8_Zero,2008.442475,2008.456844,0,,0,3.0290101632e-12,0
2008447941638_Node0_Node8_Zero,2008.447942,2008.466358,0,,0,3.0290101632e-12,0
2008453402710_Node0_Node8_Zero,2008.453403,2008.476285,0,,0,3.1131493344e-12,0
2008458868138_Node0_Node8_Zero,2008.458868,2008.478629,0,,0,3.0290101632e-12,0
2008464330128_Node0_Node8_Zero,2008.46433,2008.480699,0,,0,3.0290101632e-12,0
2008469793649_Node0_Node8_Zero,2008.469794,2008.48466,0,,0,3.0290101632e-12,1.35932371487775e-13
2008475261330_Node0_Node8_Zero,2008.475261,2008.48655,0,,0,3.0290101632e-12,0
2008480730382_Node0_Node8_Zero,2008.48073,2008.488726,0,,0,3.0290101632e-12,0
2008486197326_Node0_Node8_Zero,2008.486197,2008.492794,0,,0,3.0290101632e-12,0
2008491665710_Node0_Node8_Zero,2008.491666,2008.502539,0,,0,3.0290101632e-12,1.3677491852264432e-13
2008497131132_Node0_Node8_Zero,2008.497131,2008.504429,0,,0,3.0290101632e-12,1.3146745500000003e-13
2008502591601_Node0_Node8_Zero,2008.502592,2008.506319,0,,0,3.0290101632e-12,0
2008508051823_Node0_Node8_Zero,2008.508052,2008.512072,0,,0,3.0290101632e-12,0
2008513514337_Node0_Node8_Zero,2008.513514,2008.519793,0,,0,3.0290101632e-12,0
2008518974491_Node0_Node8_Zero,2008.518974,2008.529725,0,,0,3.0290101632e-12,0
2008524440503_Node0_Node8_Zero,2008.524441,2008.531735,0,,0,3.0290101632e-12,4.73282838e-14
2008529901111_Node0_Node8_Zero,2008.529901,2008.539508,0,,0,3.1131493344e-12,0
2008535365199_Node0_Node8_Zero,2008.535365,2008.541438,0,,0,3.0290101632e-12,0
2008540829452_Node0_Node8_Zero,2008.540829,2008.560623,0,,0,3.0290101632e-12,0
2008546296656_Node0_Node8_Zero,2008.546297,2008.566479,0,,0,3.0290101632e-12,0
2008551764914_Node0_Node8_Zero,2008.551765,2008.576059,0,,0,3.0290101632e-12,0
2008557230343_Node0_Node8_Zero,2008.55723,2008.578049,0,,0,3.0290101632e-12,0
2008562699286_Node0_Node8_Zero,2008.562699,2008.581997,0,,0,3.0290101632e-12,0
2008568160660_Node0_Node8_Zero,2008.568161,2008.587971,0,,0,3.0290101632e-12,0
2008573627517_Node0_Node8_Zero,2008.573628,2008.591899,0,,0,8.413917120000002e-14,0
2008579094979_Node0_Node8_Zero,2008.579095,2008.595904,0,,0,3.0290101632e-12,1.35932371487775e-13
2008584559000_Node0_Node8_Zero,2008.584559,2008.597834,0,,0,3.0290101632e-12,0
2008590022705_Node0_Node8_Zero,2008.590023,2008.601835,0,,0,3.0290101632e-12,0
2008595491937_Node0_Node8_Zero,2008.595492,2008.606366,0,,0,3.0719383117714285e-12,0
2008600957796_Node0_Node8_Zero,2008.600958,2008.608613,0,,0,3.0290101632e-12,0
2008606417937_Node0_Node8_Zero,2008.606418,2008.610563,0,,0,3.0290101632e-12,0
2008611878478_Node0_Node8_Zero,2008.611878,2008.614359,0,,0,3.0290101632e-12,0
2008617343731_Node0_Node8_Zero,2008.617344,2008.619474,0,,0,3.0290101632e-12,0
2008622804819_Node0_Node8_Zero,2008.622805,2008.627058,0,,0,3.0290101632e-12,1.3146745500000003e-13
2008628271033_Node0_Node8_Zero,2008.628271,2008.633105,0,,0,3.0290101632e-12,0
2008633731048_Node0_Node8_Zero,2008.633731,2008.635595,0,,0,3.0290101632e-12,0
2008639199204_Node0_Node8_Zero,2008.639199,2008.641203,0,,0,3.0290101632e-12,0
2008644661617_Node0_Node8_Zero,2008.644662,2008.647836,0,,0,3.0290101632e-12,0
2008650125939_Node0_Node8_Zero,2008.650126,2008.65389,0,,0,3.0290101632e-12,0
2008655594195_Node0_Node8_Zero,2008.655594,2008.659892,0,,0,3.0290101632e-12,0
2008661060620_Node0_Node8_Zero,2008.661061,2008.665847,0,,0,3.0290101632e-12,0
2008666526671_Node0_Node8_Zero,2008.666527,2008.669764,0,,0,3.0290101632e-12,0
2008671989889_Node0_Node8_Zero,2008.67199,2008.677797,0,,0,3.0290101632e-12,0
2008677457711_Node0_Node8_Zero,2008.677458,2008.685693,0,,0,3.0290101632e-12,0
2008682925764_Node0_Node8_Zero,2008.682926,2008.687563,0,,0,3.0290101632e-12,0
2008688388890_Node0_Node8_Zero,2008.688389,2008.693447,0,,0,3.0290101632e-12,0
2008693855606_Node0_Node8_Zero,2008.693856,2008.703286,0,,0,3.0290101632e-12,0
2008699321812_Node0_Node8_Zero,2008.699322,2008.7093,0,,0,3.0290101632e-12,0
2008704781949_Node0_Node8_Zero,2008.704782,2008.716923,0,,0,3.0290101632e-12,0
2008710247625_Node0_Node8_Zero,2008.710248,2008.720803,0,,0,3.0290101632e-12,0
2008715710965_Node0_Node8_Zero,2008.715711,2008.72306,0,,0,3.0290101632e-12,0
2008721179374_Node0_Node8_Zero,2008.721179,2008.730803,0,,0,3.0290101632e-12,0
2008726647252_Node0_Node8_Zero,2008.726647,2008.734684,0,,0,3.0290101632e-12,0
2008732108357_Node0_Node8_Zero,2008.732108,2008.736614,0,,0,3.0290101632e-12,0
2008737577833_Node0_Node8_Zero,2008.737578,2008.742404,0,,0,3.0290101632e-12,0
2008743041165_Node0_Node8_Zero,2008.743041,2008.750015,0,,0,3.0290101632e-12,8.41391712e-14
2008748507709_Node0_Node8_Zero,2008.748508,2008.757913,0,,0,3.0290101632e-12,0
2008753976848_Node0_Node8_Zero,2008.753977,2008.760063,0,,0,3.1131493344e-12,0
2008759437364_Node0_Node8_Zero,2008.759437,2008.766907,0,,0,3.0290101632e-12,0
2008764903440_Node0_Node8_Zero,2008.764903,2008.768877,0,,0,3.0290101632e-12,0
2008770363721_Node0_Node8_Zero,2008.770364,2008.772427,0,,0,3.0290101632e-12,0
2008775831714_Node0_Node8_Zero,2008.775832,2008.780998,0,,0,8.413917120000002e-14,1.3146745500000003e-13
2008781291915_Node0_Node8_Zero,2008.781292,2008.783335,0,,0,3.0290101632e-12,0
2008786755160_Node0_Node8_Zero,2008.786755,2008.789055,0,,0,8.824273409385553e-14,0
2008792216025_Node0_Node8_Zero,2008.792216,2008.807563,0,,0,3.0290101632e-12,0
2008797677552_Node0_Node8_Zero,2008.797678,2008.811406,0,,0,3.0290101632e-12,0
2008803146439_Node0_Node8_Zero,2008.803146,2008.815327,0,,0,3.1131493344e-12,0
2008808607776_Node0_Node8_Zero,2008.808608,2008.822983,0,,0,3.0290101632e-12,0
2008814070654_Node0_Node8_Zero,2008.814071,2008.826783,0,,0,3.0290101632e-12,0
2008819540001_Node0_Node8_Zero,2008.81954,2008.836477,0,,0,3.0290101632e-12,0
2008825008442_Node0_Node8_Zero,2008.825008,2008.838447,0,,0,3.0290101632e-12,0
2008830475654_Node0_Node8_Zero,2008.830476,2008.840357,0,,0,3.0290101632e-12,0
2008835936674_Node0_Node8_Zero,2008.835937,2008.849855,0,,0,3.0290101632e-12,0
2008841404625_Node0_Node8_Zero,2008.841405,2008.86136,0,,0,3.0290101632e-12,0
2008846873581_Node0_Node8_Zero,2008.846874,2008.867136,0,,0,3.0290101632e-12,0
2008852333343_Node0_Node8_Zero,2008.852333,2008.869046,0,,0,3.0290101632e-12,0
2008857792893_Node0_Node8_Zero,2008.857793,2008.870916,0,,0,3.0290101632e-12,0
2008863258851_Node0_Node8_Zero,2008.863259,2008.872786,0,,0,3.0290101632e-12,0
2008868724451_Node0_Node8_Zero,2008.868724,2008.874716,0,,0,3.0290101632e-12,0
2008874191505_Node0_Node8_Zero,2008.874192,2008.886181,0,,0,3.0290101632e-12,0
2008879656413_Node0_Node8_Zero,2008.879656,2008.891939,0,,0,3.0290101632e-12,0
2008885121002_Node0_Node8_Zero,2008.885121,2008.893809,0,,0,3.0290101632e-12,0
2008890589331_Node0_Node8_Zero,2008.890589,2008.895679,0,,0,3.0290101632e-12,0
2008896048909_Node0_Node8_Zero,2008.896049,2008.905427,0,,0,3.0290101632e-12,0
2008901516039_Node0_Node8_Zero,2008.901516,2008.913077,0,,0,3.0290101632e-12,1.35932371487775e-13
2008906982334_Node0_Node8_Zero,2008.906982,2008.914967,0,,0,3.0290101632e-12,0
2008912442642_Node0_Node8_Zero,2008.912443,2008.920825,0,,0,3.0290101632e-12,0
2008917906957_Node0_Node8_Zero,2008.917907,2008.922755,0,,0,3.0290101632e-12,0
2008923370966_Node0_Node8_Zero,2008.923371,2008.930601,0,,0,3.0290101632e-12,0
2008928839365_Node0_Node8_Zero,2008.928839,2008.938254,0,,0,3.0290101632e-12,0
2008934307859_Node0_Node8_Zero,2008.934308,2008.947704,0,,0,3.116006880952176e-12,0
2008939774525_Node0_Node8_Zero,2008.939775,2008.949574,0,,0,8.699671775217601e-14,0
2008945243376_Node0_Node8_Zero,2008.945243,2008.951524,0,,0,3.0290101632e-12,0
2008950710408_Node0_Node8_Zero,2008.95071,2008.961079,0,,0,3.0290101632e-12,0
2008956171114_Node0_Node8_Zero,2008.956171,2008.962949,0,,0,3.0290101632e-12,0
2008961634649_Node0_Node8_Zero,2008.961635,2008.970913,0,,0,3.0290101632e-12,0
2008967099166_Node0_Node8_Zero,2008.967099,2008.972963,0,,0,3.0290101632e-12,0
2008972567466_Node0_Node8_Zero,2008.972567,2008.97998,0,,0,3.0290101632e-12,0
2008978036795_Node0_Node8_Zero,2008.978037,2008.98215,0,,0,4.292814857142858e-14,5.842998000000001e-14
2008983498503_Node0_Node8_Zero,2008.983499,2008.985522,0,,0,3.0290101632e-12,0
2008988964635_Node0_Node8_Zero,2008.988965,2008.991088,0,,0,3.0290101632e-12,0
2008994431940_Node0_Node8_Zero,2008.994432,2008.996475,0,,0,3.0290101632e-12,0
2008999893549_Node0_Node8_Zero,2008.999894,2009.002017,0,,0,3.0290101632e-12,0
2009005354642_Node0_Node8_Zero,2009.005355,2009.008172,0,,0,3.0290101632e-12,0
2009010820071_Node0_Node8_Zero,2009.01082,2009.012844,0,,0,3.0290101632e-12,0
2009016282400_Node0_Node8_Zero,2009.016282,2009.018861,0,,0,3.1131493344e-12,0
2009021747712_Node0_Node8_Zero,2009.021748,2009.023771,0,,0,3.0290101632e-12,0
2009027210515_Node0_Node8_Zero,2009.027211,2009.029377,0,,0,3.0290101632e-12,0
2009032674304_Node0_Node8_Zero,2009.032674,2009.034758,0,,0,3.0290101632e-12,0
2009038137651_Node0_Node8_Zero,2009.038138,2009.040001,0,,0,3.0290101632e-12,0
2009043605424_Node0_Node8_Zero,2009.043605,2009.047826,0,,0,3.0290101632e-12,0
2009049065066_Node0_Node8_Zero,2009.049065,2009.05182,0,,0,3.0290101632e-12,0
2009054528096_Node0_Node8_Zero,2009.054528,2009.057816,0,,0,8.413917120000002e-14,1.3146745500000003e-13
2009059987907_Node0_Node8_Zero,2009.059988,2009.063335,0,,0,3.0290101632e-12,1.3778993859991212e-13
2009065448528_Node0_Node8_Zero,2009.065449,2009.067784,0,,0,3.1171957239039437e-12,0
2009070917909_Node0_Node8_Zero,2009.070918,2009.073021,0,,0,3.0290101632e-12,0
2009076387337_Node0_Node8_Zero,2009.076387,2009.078995,0,,0,3.0290101632e-12,0
2009081847980_Node0_Node8_Zero,2009.081848,2009.083932,0,,0,3.1164348644148123e-12,0
2009087316782_Node0_Node8_Zero,2009.087317,2009.08938,0,,0,3.0719383117714285e-12,0
2009092779484_Node0_Node8_Zero,2009.092779,2009.100188,0,,0,3.0290101632e-12,0
2009098242402_Node0_Node8_Zero,2009.098242,2009.105885,0,,0,3.0290101632e-12,0
2009103704591_Node0_Node8_Zero,2009.103705,2009.107775,0,,0,3.0290101632e-12,0
2009109169943_Node0_Node8_Zero,2009.10917,2009.111771,0,,0,3.0290101632e-12,0
2009114630751_Node0_Node8_Zero,2009.114631,2009.121217,0,,0,3.0290101632e-12,0
2009120097373_Node0_Node8_Zero,2009.120097,2009.134752,0,,0,3.0290101632e-12,0
2009125566442_Node0_Node8_Zero,2009.125566,2009.13854,0,,0,3.0290101632e-12,0
2009131027679_Node0_Node8_Zero,2009.131028,2009.14051,0,,0,3.0290101632e-12,0
2009136494691_Node0_Node8_Zero,2009.136495,2009.14429,0,,0,3.0290101632e-12,0
2009141956433_Node0_Node8_Zero,2009.141956,2009.14618,0,,0,3.0290101632e-12,0
2009147422778_Node0_Node8_Zero,2009.147423,2009.16568,0,,0,3.0290101632e-12,0
2009152889932_Node0_Node8_Zero,2009.15289,2009.16957,0,,0,3.0290101632e-12,0
2009158349789_Node0_Node8_Zero,2009.15835,2009.177299,0,,0,3.0290101632e-12,0
2009163816711_Node0_Node8_Zero,2009.163817,2009.179269,0,,0,3.0290101632e-12,0
2009169285351_Node0_Node8_Zero,2009.169285,2009.191149,0,,0,3.1131493344e-12,0
2009174752426_Node0_Node8_Zero,2009.174752,2009.196936,0,,0,3.0290101632e-12,0
2009180212778_Node0_Node8_Zero,2009.180213,2009.210406,0,,0,3.1131493344e-12,0
2009185677783_Node0_Node8_Zero,2009.185678,2009.212307,0,,0,3.0290101632e-12,1.35932371487775e-13
2009191141861_Node0_Node8_Zero,2009.191142,2009.216375,0,,0,3.0290101632e-12,0
2009196603177_Node0_Node8_Zero,2009.196603,2009.218385,0,,0,3.1131493344e-12,0
2009202068469_Node0_Node8_Zero,2009.202068,2009.220315,0,,0,3.117236099558106e-12,0
2009207536461_Node0_Node8_Zero,2009.207536,2009.222185,0,,0,3.0290101632e-12,0
2009212999269_Node0_Node8_Zero,2009.212999,2009.226236,0,,0,3.0290101632e-12,0
2009218468115_Node0_Node8_Zero,2009.218468,2009.230263,0,,0,3.0290101632e-12,0
2009223930249_Node0_Node8_Zero,2009.22393,2009.241713,0,,0,3.0290101632e-12,0
2009229397509_Node0_Node8_Zero,2009.229398,2009.245692,0,,0,8.699671775217601e-14,1.35932371487775e-13
2009234861046_Node0_Node8_Zero,2009.234861,2009.247562,0,,0,3.116006880952176e-12,0
2009240326612_Node0_Node8_Zero,2009.240327,2009.249592,0,,0,3.0290101632e-12,0
2009245791081_Node0_Node8_Zero,2009.245791,2009.251482,0,,0,3.0290101632e-12,0
2009251251036_Node0_Node8_Zero,2009.251251,2009.284462,0,,0,3.0290101632e-12,0
2009256720323_Node0_Node8_Zero,2009.25672,2009.286632,0,,0,3.0290101632e-12,0
2009262180491_Node0_Node8_Zero,2009.26218,2009.288682,0,,0,3.0764032282592034e-12,0
2009267646828_Node0_Node8_Zero,2009.267647,2009.290592,0,,0,3.0290101632e-12,0
2009273111471_Node0_Node8_Zero,2009.273111,2009.29649,0,,0,3.0290101632e-12,0
2009278576496_Node0_Node8_Zero,2009.278576,2009.2984,0,,0,3.0290101632e-12,0
2009284037411_Node0_Node8_Zero,2009.284037,2009.304426,0,,0,3.0290101632e-12,0
2009289503609_Node0_Node8_Zero,2009.289504,2009.308374,0,,0,3.0290101632e-12,0
2009294966630_Node0_Node8_Zero,2009.294967,2009.312354,0,,0,3.0290101632e-12,0
2009300434082_Node0_Node8_Zero,2009.300434,2009.314304,0,,0,3.0290101632e-12,0
2009305897758_Node0_Node8_Zero,2009.305898,2009.320015,0,,0,3.0290101632e-12,0
2009311360994_Node0_Node8_Zero,2009.311361,2009.321885,0,,0,3.0290101632e-12,0
2009316827090_Node0_Node8_Zero,2009.316827,2009.323755,0,,0,3.0290101632e-12,0
2009322294612_Node0_Node8_Zero,2009.322295,2009.331419,0,,0,3.0290101632e-12,0
2009327755413_Node0_Node8_Zero,2009.327755,2009.335347,0,,0,3.0290101632e-12,0
2009333220873_Node0_Node8_Zero,2009.333221,2009.341185,0,,0,3.0290101632e-12,0
2009338684420_Node0_Node8_Zero,2009.338684,2009.350791,0,,0,3.0290101632e-12,0
2009344150067_Node0_Node8_Zero,2009.34415,2009.358479,0,,0,3.0290101632e-12,0
2009349616335_Node0_Node8_Zero,2009.349616,2009.362347,0,,0,3.0290101632e-12,0
2009355081966_Node0_Node8_Zero,2009.355082,2009.370076,0,,0,3.0290101632e-12,0
2009360550034_Node0_Node8_Zero,2009.36055,2009.374003,0,,0,3.0290101632e-12,0
2009366011145_Node0_Node8_Zero,2009.366011,2009.379721,0,,0,3.0290101632e-12,0
2009371472527_Node0_Node8_Zero,2009.371473,2009.399124,0,,0,3.0290101632e-12,0
2009376933435_Node0_Node8_Zero,2009.376933,2009.40306,0,,0,3.0290101632e-12,0
2009382400855_Node0_Node8_Zero,2009.382401,2009.406868,0,,0,3.0290101632e-12,0
2009387867366_Node0_Node8_Zero,2009.387867,2009.410828,0,,0,3.0290101632e-12,0
2009393332233_Node0_Node8_Zero,2009.393332,2009.426505,0,,0,3.0290101632e-12,0
2009398799418_Node0_Node8_Zero,2009.398799,2009.438271,0,,0,3.0290101632e-12,0
2009404260869_Node0_Node8_Zero,2009.404261,2009.442081,0,,0,3.0290101632e-12,0
2009409723661_Node0_Node8_Zero,2009.409724,2009.447839,0,,0,3.0290101632e-12,0
2009415192120_Node0_Node8_Zero,2009.415192,2009.45556,0,,0,3.0290101632e-12,0
2009420656969_Node0_Node8_Zero,2009.420657,2009.459507,0,,0,3.0290101632e-12,0
2009426119211_Node0_Node8_Zero,2009.426119,2009.467196,0,,0,3.0290101632e-12,0
2009431584240_Node0_Node8_Zero,2009.431584,2009.470976,0,,0,3.0290101632e-12,0
2009437044408_Node0_Node8_Zero,2009.437044,2009.472906,0,,0,3.0290101632e-12,0
2009442511456_Node0_Node8_Zero,2009.442511,2009.484424,0,,0,3.0290101632e-12,0
2009447977593_Node0_Node8_Zero,2009.447978,2009.488244,0,,0,3.0290101632e-12,0
2009453444775_Node0_Node8_Zero,2009.453445,2009.495933,0,,0,3.0290101632e-12,0
2009458914124_Node0_Node8_Zero,2009.458914,2009.499921,0,,0,3.0290101632e-12,0
2009464373878_Node0_Node8_Zero,2009.464374,2009.505719,0,,0,3.0290101632e-12,0
2009469837309_Node0_Node8_Zero,2009.469837,2009.509567,0,,0,3.0290101632e-12,0
2009475304434_Node0_Node8_Zero,2009.475304,2009.511437,0,,0,3.0290101632e-12,0
2009480764907_Node0_Node8_Zero,2009.480765,2009.51725,0,,0,3.0290101632e-12,0
2009486229197_Node0_Node8_Zero,2009.486229,2009.51922,0,,0,3.0290101632e-12,0
2009491688696_Node0_Node8_Zero,2009.491689,2009.52113,0,,0,3.0290101632e-12,0
2009497158129_Node0_Node8_Zero,2009.497158,2009.530778,0,,0,3.0290101632e-12,0
2009502625949_Node0_Node8_Zero,2009.502626,2009.542503,0,,0,3.0290101632e-12,0
2009508088618_Node0_Node8_Zero,2009.508089,2009.546344,0,,0,3.0290101632e-12,0
2009513554575_Node0_Node8_Zero,2009.513555,2009.554,0,,0,3.0290101632e-12,0
2009519016609_Node0_Node8_Zero,2009.519017,2009.557888,0,,0,3.0290101632e-12,0
2009524479823_Node0_Node8_Zero,2009.52448,2009.561648,0,,0,3.0290101632e-12,0
2009529948495_Node0_Node8_Zero,2009.529948,2009.563558,0,,0,3.0290101632e-12,0
2009535415558_Node0_Node8_Zero,2009.535416,2009.567566,0,,0,3.0290101632e-12,0
2009540884121_Node0_Node8_Zero,2009.540884,2009.583207,0,,0,3.0290101632e-12,0
2009546347970_Node0_Node8_Zero,2009.546348,2009.585085,0,,0,3.0290101632e-12,0
2009551815920_Node0_Node8_Zero,2009.551816,2009.587321,0,,0,3.0290101632e-12,0
2009557280223_Node0_Node8_Zero,2009.55728,2009.593219,0,,0,3.0290101632e-12,1.35932371487775e-13
2009562740466_Node0_Node8_Zero,2009.56274,2009.595249,0,,0,3.0290101632e-12,0
2009568209516_Node0_Node8_Zero,2009.56821,2009.599097,0,,0,3.0290101632e-12,0
2009573672279_Node0_Node8_Zero,2009.573672,2009.601067,0,,0,3.0290101632e-12,0
2009579132071_Node0_Node8_Zero,2009.579132,2009.60671,0,,0,3.0290101632e-12,0
2009584594866_Node0_Node8_Zero,2009.584595,2009.60878,0,,0,3.0290101632e-12,0
2009590054871_Node0_Node8_Zero,2009.590055,2009.618376,0,,0,3.0290101632e-12,0
2009595521414_Node0_Node8_Zero,2009.595521,2009.626025,0,,0,3.0290101632e-12,0
2009600984018_Node0_Node8_Zero,2009.600984,2009.631755,0,,0,8.699671775217601e-14,1.35932371487775e-13
2009606448012_Node0_Node8_Zero,2009.606448,2009.634011,0,,0,3.0290101632e-12,0
2009611913139_Node0_Node8_Zero,2009.611913,2009.64598,0,,0,3.0290101632e-12,0
2009617378031_Node0_Node8_Zero,2009.617378,2009.648208,0,,0,3.0290101632e-12,0
2009622843438_Node0_Node8_Zero,2009.622843,2009.650138,0,,0,3.0290101632e-12,0
2009628304158_Node0_Node8_Zero,2009.628304,2009.652048,0,,0,3.0290101632e-12,0
2009633772266_Node0_Node8_Zero,2009.633772,2009.655909,0,,0,3.0290101632e-12,0
2009639241327_Node0_Node8_Zero,2009.639241,2009.657799,0,,0,3.0290101632e-12,0
2009644708976_Node0_Node8_Zero,2009.644709,2009.659749,0,,0,3.0290101632e-12,0
2009650175192_Node0_Node8_Zero,2009.650175,2009.661619,0,,0,3.0290101632e-12,0
2009655641133_Node0_Node8_Zero,2009.655641,2009.669305,0,,0,3.0290101632e-12,0
2009661102653_Node0_Node8_Zero,2009.661103,2009.673245,0,,0,3.0290101632e-12,0
2009666571167_Node0_Node8_Zero,2009.666571,2009.682802,0,,0,3.0290101632e-12,0
2009672031292_Node0_Node8_Zero,2009.672031,2009.690544,0,,0,3.0290101632e-12,0
2009677497217_Node0_Node8_Zero,2009.677497,2009.692654,0,,0,3.0290101632e-12,0
2009682959999_Node0_Node8_Zero,2009.68296,2009.700222,0,,0,3.0290101632e-12,0
2009688428061_Node0_Node8_Zero,2009.688428,2009.704102,0,,0,3.0290101632e-12,0
2009693896772_Node0_Node8_Zero,2009.693897,2009.711889,0,,0,3.0290101632e-12,0
2009699365656_Node0_Node8_Zero,2009.699366,2009.721447,0,,0,3.0290101632e-12,0
2009704829297_Node0_Node8_Zero,2009.704829,2009.725408,0,,0,3.0290101632e-12,0
2009710294260_Node0_Node8_Zero,2009.710294,2009.731125,0,,0,3.0290101632e-12,0
2009715757154_Node0_Node8_Zero,2009.715757,2009.738759,0,,0,3.0290101632e-12,0
2009721218898_Node0_Node8_Zero,2009.721219,2009.744658,0,,0,3.0290101632e-12,0
2009726687330_Node0_Node8_Zero,2009.726687,2009.746548,0,,0,3.0290101632e-12,0
2009732153412_Node0_Node8_Zero,2009.732153,2009.754433,0,,0,3.0290101632e-12,0
2009737617806_Node0_Node8_Zero,2009.737618,2009.756458,0,,0,3.0290101632e-12,0
2009743084237_Node0_Node8_Zero,2009.743084,2009.760338,0,,0,3.0290101632e-12,0
2009748546513_Node0_Node8_Zero,2009.748547,2009.762288,0,,0,3.0290101632e-12,0
2009754012689_Node0_Node8_Zero,2009.754013,2009.768146,0,,0,3.0290101632e-12,0
2009759476212_Node0_Node8_Zero,2009.759476,2009.770036,0,,0,3.0290101632e-12,0
2009764945599_Node0_Node8_Zero,2009.764946,2009.775854,0,,0,3.0290101632e-12,0
2009770407044_Node0_Node8_Zero,2009.770407,2009.779762,0,,0,3.0290101632e-12,0
2009775867173_Node0_Node8_Zero,2009.775867,2009.785758,0,,0,3.0290101632e-12,6.01298521338584e-14
2009781333951_Node0_Node8_Zero,2009.781334,2009.791838,0,,0,3.0290101632e-12,0
2009786798926_Node0_Node8_Zero,2009.786799,2009.793728,0,,0,3.0290101632e-12,0
2009792264500_Node0_Node8_Zero,2009.792264,2009.805442,0,,0,3.0290101632e-12,0
2009797724247_Node0_Node8_Zero,2009.797724,2009.807578,0,,0,3.0290101632e-12,1.35932371487775e-13
2009803184415_Node0_Node8_Zero,2009.803184,2009.809508,0,,0,3.0290101632e-12,0
2009808644542_Node0_Node8_Zero,2009.808645,2009.818028,0,,0,3.0290101632e-12,0
2009814109486_Node0_Node8_Zero,2009.814109,2009.823726,0,,0,3.0290101632e-12,0
2009819573038_Node0_Node8_Zero,2009.819573,2009.827674,0,,0,3.0290101632e-12,0
2009825041448_Node0_Node8_Zero,2009.825041,2009.829564,0,,0,3.0290101632e-12,0
2009830504287_Node0_Node8_Zero,2009.830504,2009.835442,0,,0,3.0290101632e-12,0
2009835969985_Node0_Node8_Zero,2009.83597,2009.845021,0,,0,3.0290101632e-12,0
2009841435794_Node0_Node8_Zero,2009.841436,2009.850732,0,,0,3.0290101632e-12,0
2009846896402_Node0_Node8_Zero,2009.846896,2009.854552,0,,0,3.0290101632e-12,0
2009852361226_Node0_Node8_Zero,2009.852361,2009.862407,0,,0,3.0290101632e-12,0
2009857830490_Node0_Node8_Zero,2009.85783,2009.864437,0,,0,3.0290101632e-12,0
2009863298190_Node0_Node8_Zero,2009.863298,2009.874203,0,,0,3.0290101632e-12,0
2009868764602_Node0_Node8_Zero,2009.868765,2009.876133,0,,0,3.0290101632e-12,0
2009874231747_Node0_Node8_Zero,2009.874232,2009.880108,0,,0,3.0290101632e-12,0
2009879691664_Node0_Node8_Zero,2009.879692,2009.892132,0,,0,8.413917120000002e-14,1.3146745500000003e-13
2009885161074_Node0_Node8_Zero,2009.885161,2009.89795,0,,0,3.1172528972938555e-12,0
2009890630059_Node0_Node8_Zero,2009.89063,2009.89986,0,,0,3.0290101632e-12,0
2009896091153_Node0_Node8_Zero,2009.896091,2009.911458,0,,0,3.0290101632e-12,0
2009901560589_Node0_Node8_Zero,2009.901561,2009.919046,0,,0,3.0290101632e-12,0
2009907020098_Node0_Node8_Zero,2009.90702,2009.920936,0,,0,3.0290101632e-12,0
2009912489099_Node0_Node8_Zero,2009.912489,2009.926746,0,,0,3.0290101632e-12,0
2009917952369_Node0_Node8_Zero,2009.917952,2009.934531,0,,0,3.0290101632e-12,0
2009923420301_Node0_Node8_Zero,2009.92342,2009.936501,0,,0,3.0290101632e-12,0
2009928888776_Node0_Node8_Zero,2009.928889,2009.938411,0,,0,3.0290101632e-12,0
2009934353752_Node0_Node8_Zero,2009.934354,2009.944189,0,,0,3.0290101632e-12,0
2009939815939_Node0_Node8_Zero,2009.939816,2009.946079,0,,0,3.0290101632e-12,0
2009945279080_Node0_Node8_Zero,2009.945279,2009.957605,0,,0,3.0290101632e-12,0
2009950746661_Node0_Node8_Zero,2009.950747,2009.967179,0,,0,3.0290101632e-12,0
2009956213721_Node0_Node8_Zero,2009.956214,2009.969049,0,,0,3.0290101632e-12,0
2009961681733_Node0_Node8_Zero,2009.961682,2009.970919,0,,0,3.0290101632e-12,0
2009967145078_Node0_Node8_Zero,2009.967145,2009.972909,0,,0,3.0290101632e-12,0
2009972608777_Node0_Node8_Zero,2009.972609,2009.982644,0,,0,3.0290101632e-12,0
2009978070605_Node0_Node8_Zero,2009.978071,2009.992134,0,,0,3.0290101632e-12,0
2009983537402_Node0_Node8_Zero,2009.983537,2009.99409,0,,0,3.0290101632e-12,0
2009989001134_Node0_Node8_Zero,2009.989001,2009.997978,0,,0,3.0290101632e-12,0
2009994464623_Node0_Node8_Zero,2009.994465,2010.029124,0,,0,3.0290101632e-12,0
2009999930000_Node0_Node8_Zero,2009.99993,2013.005464,1,Expiry,0,0,nan
2010005394973_Node0_Node8_Zero,2010.005395,2013.005464,1,Expiry,0,0,nan
