Packet ID,Enqueue Time (in s),Dequeue Time (in s),Dropped?,Drop Reason,Freezes,Tx INTF,Rx INTF
2000005463450_Node0_Node8_Zero,2000.005463,2000.023534,1,RetryLimit,0,0,nan
2000010932556_Node0_Node8_Zero,2000.010933,2000.029295,0,,0,7.572525408e-13,0
2000016395391_Node0_Node8_Zero,2000.016395,2000.029295,0,,0,7.572525408e-13,0
2000021860571_Node0_Node8_Zero,2000.021861,2000.029295,0,,0,7.572525408e-13,0
2000027327671_Node0_Node8_Zero,2000.027328,2000.034003,0,,0,7.572525408e-13,0
2000032790189_Node0_Node8_Zero,2000.03279,2000.034913,0,,0,7.572525408e-13,0
2000038255339_Node0_Node8_Zero,2000.038255,2000.039242,0,,0,7.572525408e-13,0
2000043720606_Node0_Node8_Zero,2000.043721,2000.044707,0,,0,7.572525408e-13,0
2000049184669_Node0_Node8_Zero,2000.049185,2000.050212,0,,0,7.572525408e-13,0
2000054648621_Node0_Node8_Zero,2000.054649,2000.055515,0,,0,7.572525408e-13,0
2000060114925_Node0_Node8_Zero,2000.060115,2000.061062,0,,0,7.572525408e-13,0
2000065576062_Node0_Node8_Zero,2000.065576,2000.066543,0,,0,7.572525408e-13,0
2000071035968_Node0_Node8_Zero,2000.071036,2000.072922,0,,0,7.572525408e-13,0
2000076497018_Node0_Node8_Zero,2000.076497,2000.08169,0,,89,7.572525408e-13,0
2000081962785_Node0_Node8_Zero,2000.081963,2000.085318,0,,113,7.572525408e-13,0
2000087428530_Node0_Node8_Zero,2000.087429,2000.0895,0,,0,7.572525408e-13,0
2000092895539_Node0_Node8_Zero,2000.092896,2000.095056,0,,0,7.572525408e-13,0
2000098360103_Node0_Node8_Zero,2000.09836,2000.100212,0,,0,7.572525408e-13,0
2000103822903_Node0_Node8_Zero,2000.103823,2000.10477,0,,0,7.572525408e-13,0
2000109286556_Node0_Node8_Zero,2000.109287,2000.110133,0,,0,7.572525408e-13,0
2000114750685_Node0_Node8_Zero,2000.114751,2000.115678,0,,0,7.572525408e-13,0
2000120215287_Node0_Node8_Zero,2000.120215,2000.120962,0,,0,7.572525408e-13,0
2000125679131_Node0_Node8_Zero,2000.125679,2000.126686,0,,0,7.572525408e-13,0
2000131140782_Node0_Node8_Zero,2000.131141,2000.132008,0,,0,7.572525408e-13,0
2000136601683_Node0_Node8_Zero,2000.136602,2000.137569,0,,0,7.572525408e-13,0
2000142068212_Node0_Node8_Zero,2000.142068,2000.143055,0,,0,7.572525408e-13,0
2000147533025_Node0_Node8_Zero,2000.147533,2000.14832,0,,0,7.572525408e-13,0
2000152994551_Node0_Node8_Zero,2000.152995,2000.153861,0,,0,7.572525408e-13,0
2000158458969_Node0_Node8_Zero,2000.158459,2000.159348,0,,0,7.572525408e-13,0
2000163919374_Node0_Node8_Zero,2000.163919,2000.164926,0,,0,7.572525408e-13,0
2000169388853_Node0_Node8_Zero,2000.169389,2000.170502,0,,0,7.572525408e-13,0
2000174851816_Node0_Node8_Zero,2000.174852,2000.181799,0,,16,7.572525408e-13,0
2000180317902_Node0_Node8_Zero,2000.180318,2000.183301,0,,33,7.572525408e-13,0
2000185785805_Node0_Node8_Zero,2000.185786,2000.194136,0,,33,7.572525408e-13,0
2000191253972_Node0_Node8_Zero,2000.191254,2000.199833,0,,0,7.572525408e-13,0
2000196720091_Node0_Node8_Zero,2000.19672,2000.199833,0,,0,7.572525408e-13,0
2000202185885_Node0_Node8_Zero,2000.202186,2000.203531,0,,0,7.572525408e-13,0
2000207648705_Node0_Node8_Zero,2000.207649,2000.208436,0,,0,7.572525408e-13,0
2000213110343_Node0_Node8_Zero,2000.21311,2000.213917,0,,0,7.572525408e-13,0
2000218574767_Node0_Node8_Zero,2000.218575,2000.219835,0,,0,7.572525408e-13,0
2000224038670_Node0_Node8_Zero,2000.224039,2000.224786,0,,0,7.572525408e-13,0
2000229505825_Node0_Node8_Zero,2000.229506,2000.230433,0,,0,7.572525408e-13,0
2000234968961_Node0_Node8_Zero,2000.234969,2000.236016,0,,0,7.572525408e-13,0
2000240430792_Node0_Node8_Zero,2000.240431,2000.241238,0,,0,7.572525408e-13,0
2000245895392_Node0_Node8_Zero,2000.245895,2000.246742,0,,0,7.572525408e-13,0
2000251361463_Node0_Node8_Zero,2000.251361,2000.253874,0,,0,7.572525408e-13,0
2000256830929_Node0_Node8_Zero,2000.256831,2000.257638,0,,0,7.572525408e-13,0
2000262299024_Node0_Node8_Zero,2000.262299,2000.263639,0,,0,7.572525408e-13,0
2000267762589_Node0_Node8_Zero,2000.267763,2000.270223,0,,0,7.572525408e-13,0
2000273230330_Node0_Node8_Zero,2000.27323,2000.274719,0,,0,7.572525408e-13,0
2000278692083_Node0_Node8_Zero,2000.278692,2000.282011,0,,33,7.572525408e-13,0
2000284159723_Node0_Node8_Zero,2000.28416,2000.289988,0,,0,7.572525408e-13,0
2000289628059_Node0_Node8_Zero,2000.289628,2000.29971,0,,0,7.572525408e-13,0
2000295087762_Node0_Node8_Zero,2000.295088,2000.29971,0,,0,7.572525408e-13,0
2000300553425_Node0_Node8_Zero,2000.300553,2000.303714,0,,61,7.572525408e-13,0
2000306022211_Node0_Node8_Zero,2000.306022,2000.308594,0,,33,7.572525408e-13,0
2000311491684_Node0_Node8_Zero,2000.311492,2000.313161,0,,0,7.572525408e-13,0
2000316952100_Node0_Node8_Zero,2000.316952,2000.318167,0,,0,7.572525408e-13,0
2000322414828_Node0_Node8_Zero,2000.322415,2000.323282,0,,0,7.572525408e-13,0
2000327883584_Node0_Node8_Zero,2000.327884,2000.32865,0,,0,7.572525408e-13,0
2000333343386_Node0_Node8_Zero,2000.333343,2000.33421,0,,0,7.572525408e-13,0
2000338804145_Node0_Node8_Zero,2000.338804,2000.339771,0,,0,7.572525408e-13,0
2000344265785_Node0_Node8_Zero,2000.344266,2000.345273,0,,0,7.572525408e-13,0
2000349730066_Node0_Node8_Zero,2000.34973,2000.350697,0,,0,7.572525408e-13,0
2000355198181_Node0_Node8_Zero,2000.355198,2000.356225,0,,0,7.572525408e-13,0
2000360665380_Node0_Node8_Zero,2000.360665,2000.361472,0,,0,7.572525408e-13,0
2000366125281_Node0_Node8_Zero,2000.366125,2000.366872,0,,0,7.572525408e-13,0
2000371592237_Node0_Node8_Zero,2000.371592,2000.372359,0,,0,7.572525408e-13,0
2000377060254_Node0_Node8_Zero,2000.37706,2000.377947,0,,0,7.572525408e-13,0
2000382523242_Node0_Node8_Zero,2000.382523,2000.38339,0,,0,7.572525408e-13,0
2000387989803_Node0_Node8_Zero,2000.38799,2000.388937,0,,0,7.572525408e-13,0
2000393453916_Node0_Node8_Zero,2000.393454,2000.394501,0,,0,7.572525408e-13,0
2000398920460_Node0_Node8_Zero,2000.39892,2000.399827,0,,0,7.572525408e-13,0
2000404389396_Node0_Node8_Zero,2000.404389,2002.020274,1,RetryLimit,8386,0,nan
2000409854175_Node0_Node8_Zero,2000.409854,2001.137898,1,RetryLimit,1757,1.407775518334938e-13,nan
2000415321146_Node0_Node8_Zero,2000.415321,2000.511349,1,RetryLimit,1117,0,nan
2000420788469_Node0_Node8_Zero,2000.420788,2001.915471,1,RetryLimit,8302,4.73282838e-14,nan
2000426256457_Node0_Node8_Zero,2000.426256,2001.344005,1,RetryLimit,1673,0,nan
2000431719701_Node0_Node8_Zero,2000.43172,2000.5354,1,RetryLimit,1035,0,nan
2000437180690_Node0_Node8_Zero,2000.437181,2001.117406,1,RetryLimit,1673,0,nan
2000442647929_Node0_Node8_Zero,2000.442648,2001.430786,1,RetryLimit,1602,0,nan
2000448110895_Node0_Node8_Zero,2000.448111,2002.21509,1,RetryLimit,8231,0,nan
2000453573608_Node0_Node8_Zero,2000.453574,inf,-1,Still in Queue,-796,1.04925114e-12,nan
2000459037135_Node0_Node8_Zero,2000.459037,inf,-1,Still in Queue,-1023,1.04925114e-12,nan
2000464502378_Node0_Node8_Zero,2000.464502,2001.23063,1,RetryLimit,1094,0,nan
2000469971731_Node0_Node8_Zero,2000.469972,2001.23063,1,RetryLimit,1000,0,nan
2000475440064_Node0_Node8_Zero,2000.47544,2001.40678,1,RetryLimit,962,0,nan
2000480901971_Node0_Node8_Zero,2000.480902,2001.40678,1,RetryLimit,913,0,nan
2000486367594_Node0_Node8_Zero,2000.486368,2000.770011,1,RetryLimit,144,2.62312785e-13,nan
2000491836841_Node0_Node8_Zero,2000.491837,2000.770011,1,RetryLimit,144,2.62312785e-13,nan
2000497300508_Node0_Node8_Zero,2000.497301,2000.992828,1,RetryLimit,677,0,nan
2000502768830_Node0_Node8_Zero,2000.502769,2000.992828,1,RetryLimit,640,0,nan
2000508228493_Node0_Node8_Zero,2000.508228,2001.01089,1,RetryLimit,640,0,nan
2000513688491_Node0_Node8_Zero,2000.513688,2001.01089,1,RetryLimit,640,0,nan
2000519157176_Node0_Node8_Zero,2000.519157,2001.2584,1,RetryLimit,640,0,nan
2000524624369_Node0_Node8_Zero,2000.524624,2001.2584,1,RetryLimit,640,0,nan
2000530086669_Node0_Node8_Zero,2000.530087,2001.306436,1,RetryLimit,640,0,nan
2000535548626_Node0_Node8_Zero,2000.535549,2001.306436,1,RetryLimit,638,0,nan
2000541015721_Node0_Node8_Zero,2000.541016,2001.831106,1,RetryLimit,5843,4.641255266666668e-13,nan
2000546480413_Node0_Node8_Zero,2000.54648,2001.831106,1,RetryLimit,5843,4.641255266666668e-13,nan
2000551947525_Node0_Node8_Zero,2000.551948,2002.152962,1,RetryLimit,7267,0,nan
2000557411747_Node0_Node8_Zero,2000.557412,2002.152962,1,RetryLimit,7267,0,nan
2000562874580_Node0_Node8_Zero,2000.562875,inf,-1,Still in Queue,-1532,3.2939844185164533e-13,nan
2000568341952_Node0_Node8_Zero,2000.568342,inf,-1,Still in Queue,-1533,0,nan
2000573802992_Node0_Node8_Zero,2000.573803,2001.941144,1,RetryLimit,7264,4.641255266666668e-13,nan
2000579265931_Node0_Node8_Zero,2000.579266,2001.941144,1,RetryLimit,7264,4.641255266666668e-13,nan
2000584731619_Node0_Node8_Zero,2000.584732,2002.083152,1,RetryLimit,7264,0,nan
2000590198749_Node0_Node8_Zero,2000.590199,2002.083152,1,RetryLimit,7264,0,nan
2000595663017_Node0_Node8_Zero,2000.595663,2002.196148,1,RetryLimit,7264,0,nan
2000601129959_Node0_Node8_Zero,2000.60113,2002.196148,1,RetryLimit,7262,0,nan
2000606590118_Node0_Node8_Zero,2000.60659,2002.114628,1,RetryLimit,7262,0,nan
2000612056150_Node0_Node8_Zero,2000.612056,inf,-1,Still in Queue,-1535,0,nan
2000617518674_Node0_Node8_Zero,2000.617519,inf,-1,Still in Queue,-1535,0,nan
2000622978242_Node0_Node8_Zero,2000.622978,2001.201418,1,RetryLimit,633,0,nan
2000628444610_Node0_Node8_Zero,2000.628445,2001.201418,1,RetryLimit,633,0,nan
2000633912149_Node0_Node8_Zero,2000.633912,2001.418525,1,RetryLimit,633,0,nan
2000639378399_Node0_Node8_Zero,2000.639378,2001.418525,1,RetryLimit,633,0,nan
2000644844306_Node0_Node8_Zero,2000.644844,2001.370925,1,RetryLimit,633,0,nan
2000650307892_Node0_Node8_Zero,2000.650308,2001.158339,1,RetryLimit,633,0,nan
2000655768423_Node0_Node8_Zero,2000.655768,2001.461562,1,RetryLimit,633,0,nan
2000661231867_Node0_Node8_Zero,2000.661232,2002.056152,1,RetryLimit,7262,0,nan
2000666700882_Node0_Node8_Zero,2000.666701,2001.317942,1,RetryLimit,633,0,nan
2000672165864_Node0_Node8_Zero,2000.672166,2001.988464,1,RetryLimit,7262,0,nan
2000677625792_Node0_Node8_Zero,2000.677626,2001.988464,1,RetryLimit,7262,0,nan
2000683094608_Node0_Node8_Zero,2000.683095,inf,-1,Still in Queue,-1535,0,nan
2000688561944_Node0_Node8_Zero,2000.688562,2001.112566,1,RetryLimit,633,1.04925114e-12,nan
2000694026260_Node0_Node8_Zero,2000.694026,2001.972812,1,RetryLimit,7262,0,nan
2000699495407_Node0_Node8_Zero,2000.699495,2000.823082,0,,2,7.572525408e-13,0
2000704960880_Node0_Node8_Zero,2000.704961,2000.823082,0,,2,7.572525408e-13,0
2000710426707_Node0_Node8_Zero,2000.710427,2000.823082,0,,2,7.572525408e-13,0
2000715888311_Node0_Node8_Zero,2000.715888,2001.569445,1,RetryLimit,1729,0,nan
2000721353292_Node0_Node8_Zero,2000.721353,2001.569445,1,RetryLimit,1729,0,nan
2000726821464_Node0_Node8_Zero,2000.726821,2001.569445,1,RetryLimit,1729,0,nan
2000732288005_Node0_Node8_Zero,2000.732288,2001.463767,0,,633,7.572525408e-13,0
2000737749234_Node0_Node8_Zero,2000.737749,2001.463767,0,,633,7.572525408e-13,0
2000743213511_Node0_Node8_Zero,2000.743214,2001.463767,0,,633,7.572525408e-13,0
2000748673201_Node0_Node8_Zero,2000.748673,2001.651243,1,RetryLimit,1729,0,nan
2000754138053_Node0_Node8_Zero,2000.754138,2001.651243,1,RetryLimit,1729,0,nan
2000759598165_Node0_Node8_Zero,2000.759598,2001.651243,1,RetryLimit,1729,0,nan
2000765058078_Node0_Node8_Zero,2000.765058,2001.651243,1,RetryLimit,1729,0,nan
2000770520691_Node0_Node8_Zero,2000.770521,2001.4679,0,,635,7.572525408e-13,0
2000775983908_Node0_Node8_Zero,2000.775984,2001.4679,0,,635,7.572525408e-13,0
2000781444670_Node0_Node8_Zero,2000.781445,2001.4679,0,,635,7.572525408e-13,0
2000786912797_Node0_Node8_Zero,2000.786913,2001.4679,0,,635,7.572525408e-13,0
2000792376734_Node0_Node8_Zero,2000.792377,2001.483814,0,,703,7.572525408e-13,0
2000797838161_Node0_Node8_Zero,2000.797838,2001.483814,0,,703,7.572525408e-13,0
2000803300683_Node0_Node8_Zero,2000.803301,2001.483814,0,,703,7.572525408e-13,0
2000808769679_Node0_Node8_Zero,2000.80877,2001.483814,0,,703,7.572525408e-13,0
2000814237557_Node0_Node8_Zero,2000.814238,2001.4947,0,,879,7.572525408e-13,0
2000819697644_Node0_Node8_Zero,2000.819698,2001.4947,0,,879,7.572525408e-13,0
2000825159663_Node0_Node8_Zero,2000.82516,2001.4947,0,,879,7.572525408e-13,0
2000830623857_Node0_Node8_Zero,2000.830624,2001.4947,0,,823,7.572525408e-13,0
2000836088128_Node0_Node8_Zero,2000.836088,2001.504874,0,,782,7.572525408e-13,0
2000841549680_Node0_Node8_Zero,2000.84155,2001.504874,0,,611,7.572525408e-13,0
2000847011324_Node0_Node8_Zero,2000.847011,2001.504874,0,,427,7.572525408e-13,0
2000852477080_Node0_Node8_Zero,2000.852477,2001.504874,0,,337,7.572525408e-13,0
2000857940850_Node0_Node8_Zero,2000.857941,2001.514208,0,,426,7.572525408e-13,0
2000863405005_Node0_Node8_Zero,2000.863405,2001.514208,0,,426,7.572525408e-13,0
2000868869077_Node0_Node8_Zero,2000.868869,2001.514208,0,,426,7.572525408e-13,0
2000874333991_Node0_Node8_Zero,2000.874334,2001.514208,0,,426,7.572525408e-13,0
2000879795052_Node0_Node8_Zero,2000.879795,2001.547521,0,,562,7.572525408e-13,0
2000885256580_Node0_Node8_Zero,2000.885257,2001.547521,0,,562,7.572525408e-13,0
2000890722342_Node0_Node8_Zero,2000.890722,2001.547521,0,,562,7.572525408e-13,0
2000896189588_Node0_Node8_Zero,2000.89619,2001.547521,0,,562,7.572525408e-13,0
2000901649719_Node0_Node8_Zero,2000.90165,2001.575496,0,,1096,7.572525408e-13,0
2000907111063_Node0_Node8_Zero,2000.907111,2001.575496,0,,1096,7.572525408e-13,0
2000912571187_Node0_Node8_Zero,2000.912571,2001.575496,0,,1096,7.572525408e-13,0
2000918037644_Node0_Node8_Zero,2000.918038,2001.575496,0,,1096,7.572525408e-13,0
2000923501531_Node0_Node8_Zero,2000.923502,2001.57759,0,,1096,7.572525408e-13,0
2000928962890_Node0_Node8_Zero,2000.928963,2001.57759,0,,1096,7.572525408e-13,0
2000934429647_Node0_Node8_Zero,2000.93443,2001.57759,0,,1096,7.572525408e-13,0
2000939898786_Node0_Node8_Zero,2000.939899,2001.57759,0,,1096,7.572525408e-13,0
2000945358661_Node0_Node8_Zero,2000.945359,2001.579487,0,,1096,7.572525408e-13,0
2000950824033_Node0_Node8_Zero,2000.950824,2001.579487,0,,1096,7.572525408e-13,0
2000956287782_Node0_Node8_Zero,2000.956288,2001.579487,0,,1096,7.572525408e-13,0
2000961749791_Node0_Node8_Zero,2000.96175,2001.579487,0,,1096,7.572525408e-13,0
2000967216781_Node0_Node8_Zero,2000.967217,2001.581604,0,,1096,7.572525408e-13,0
2000972681677_Node0_Node8_Zero,2000.972682,2001.581604,0,,1096,7.572525408e-13,0
2000978151009_Node0_Node8_Zero,2000.978151,2001.581604,0,,1096,7.572525408e-13,0
2000983611626_Node0_Node8_Zero,2000.983612,2001.581604,0,,1096,7.572525408e-13,0
2000989074846_Node0_Node8_Zero,2000.989075,2001.583721,0,,1096,7.572525408e-13,0
2000994539839_Node0_Node8_Zero,2000.99454,2001.583721,0,,1096,7.572525408e-13,0
2001000003174_Node0_Node8_Zero,2001.000003,2001.583721,0,,1096,7.572525408e-13,0
2001005469820_Node0_Node8_Zero,2001.00547,2001.583721,0,,1096,7.572525408e-13,0
2001010939241_Node0_Node8_Zero,2001.010939,2001.585878,0,,1096,7.572525408e-13,0
2001016407362_Node0_Node8_Zero,2001.016407,2001.585878,0,,1096,7.572525408e-13,0
2001021873326_Node0_Node8_Zero,2001.021873,2001.585878,0,,1096,7.572525408e-13,0
2001027334769_Node0_Node8_Zero,2001.027335,2001.585878,0,,1096,7.572525408e-13,0
2001032799019_Node0_Node8_Zero,2001.032799,2001.587815,0,,1096,7.572525408e-13,0
2001038263399_Node0_Node8_Zero,2001.038263,2001.587815,0,,1096,7.572525408e-13,0
2001043727852_Node0_Node8_Zero,2001.043728,2001.587815,0,,1096,7.572525408e-13,0
2001049194150_Node0_Node8_Zero,2001.049194,2001.587815,0,,1096,7.572525408e-13,0
2001054657094_Node0_Node8_Zero,2001.054657,2001.589731,0,,1096,7.572525408e-13,0
2001060123452_Node0_Node8_Zero,2001.060123,2001.589731,0,,1096,7.572525408e-13,0
2001065590722_Node0_Node8_Zero,2001.065591,2001.589731,0,,1096,7.572525408e-13,0
2001071053119_Node0_Node8_Zero,2001.071053,2001.589731,0,,1096,7.572525408e-13,0
2001076518837_Node0_Node8_Zero,2001.076519,2001.591908,0,,1096,7.572525408e-13,0
2001081983880_Node0_Node8_Zero,2001.081984,2001.591908,0,,1096,7.572525408e-13,0
2001087444814_Node0_Node8_Zero,2001.087445,2001.591908,0,,1096,7.572525408e-13,0
2001092912057_Node0_Node8_Zero,2001.092912,2001.591908,0,,1096,7.572525408e-13,0
2001098380325_Node0_Node8_Zero,2001.09838,2001.593965,0,,1096,7.572525408e-13,0
2001103841049_Node0_Node8_Zero,2001.103841,2001.593965,0,,1096,7.572525408e-13,0
2001109301879_Node0_Node8_Zero,2001.109302,2001.593965,0,,1096,7.572525408e-13,0
2001114770398_Node0_Node8_Zero,2001.11477,2001.593965,0,,1096,7.572525408e-13,0
2001120234516_Node0_Node8_Zero,2001.120235,2001.595902,0,,1096,7.572525408e-13,0
2001125694034_Node0_Node8_Zero,2001.125694,2001.595902,0,,1096,7.572525408e-13,0
2001131162689_Node0_Node8_Zero,2001.131163,2001.595902,0,,1096,7.572525408e-13,0
2001136629847_Node0_Node8_Zero,2001.13663,2001.595902,0,,1096,7.572525408e-13,0
2001142092171_Node0_Node8_Zero,2001.142092,2001.597999,0,,1096,7.572525408e-13,0
2001147556184_Node0_Node8_Zero,2001.147556,2001.597999,0,,1096,7.572525408e-13,0
2001153025652_Node0_Node8_Zero,2001.153026,2001.597999,0,,1096,7.572525408e-13,0
2001158485206_Node0_Node8_Zero,2001.158485,2001.597999,0,,1096,7.572525408e-13,0
2001163954592_Node0_Node8_Zero,2001.163955,2001.600056,0,,1096,7.572525408e-13,0
2001169422380_Node0_Node8_Zero,2001.169422,2001.600056,0,,1096,7.572525408e-13,0
2001174888152_Node0_Node8_Zero,2001.174888,2001.600056,0,,1096,7.572525408e-13,0
2001180351808_Node0_Node8_Zero,2001.180352,2001.600056,0,,1096,7.572525408e-13,0
2001185818875_Node0_Node8_Zero,2001.185819,2001.602013,0,,1096,7.572525408e-13,0
2001191284546_Node0_Node8_Zero,2001.191285,2001.602013,0,,1096,7.572525408e-13,0
2001196748224_Node0_Node8_Zero,2001.196748,2001.602013,0,,1096,7.572525408e-13,0
2001202211909_Node0_Node8_Zero,2001.202212,2001.602013,0,,1096,7.572525408e-13,0
2001207677567_Node0_Node8_Zero,2001.207678,2001.603989,0,,1096,7.572525408e-13,0
2001213138514_Node0_Node8_Zero,2001.213139,2001.603989,0,,1096,7.572525408e-13,0
2001218599510_Node0_Node8_Zero,2001.2186,2001.603989,0,,1096,7.572525408e-13,0
2001224068791_Node0_Node8_Zero,2001.224069,2001.603989,0,,1096,7.572525408e-13,0
2001229529457_Node0_Node8_Zero,2001.229529,2001.606026,0,,1096,7.572525408e-13,0
2001234993416_Node0_Node8_Zero,2001.234993,2001.606026,0,,1096,7.572525408e-13,0
2001240453360_Node0_Node8_Zero,2001.240453,2001.606026,0,,1096,7.572525408e-13,0
2001245920703_Node0_Node8_Zero,2001.245921,2001.606026,0,,1096,7.572525408e-13,0
2001251385304_Node0_Node8_Zero,2001.251385,2001.608103,0,,1096,7.572525408e-13,0
2001256849811_Node0_Node8_Zero,2001.25685,2001.608103,0,,1096,7.572525408e-13,0
2001262313846_Node0_Node8_Zero,2001.262314,2001.608103,0,,1096,7.572525408e-13,0
2001267773820_Node0_Node8_Zero,2001.267774,2001.608103,0,,1096,7.572525408e-13,0
2001273242366_Node0_Node8_Zero,2001.273242,2001.61024,0,,1096,7.572525408e-13,0
2001278710190_Node0_Node8_Zero,2001.27871,2001.61024,0,,1096,7.572525408e-13,0
2001284177519_Node0_Node8_Zero,2001.284178,2001.61024,0,,1096,7.572525408e-13,0
2001289638271_Node0_Node8_Zero,2001.289638,2001.61024,0,,1096,7.572525408e-13,0
2001295099708_Node0_Node8_Zero,2001.2951,2001.612397,0,,1096,7.572525408e-13,0
2001300561587_Node0_Node8_Zero,2001.300562,2001.612397,0,,1096,7.572525408e-13,0
2001306021598_Node0_Node8_Zero,2001.306022,2001.612397,0,,1096,7.572525408e-13,0
2001311489275_Node0_Node8_Zero,2001.311489,2001.612397,0,,1096,7.572525408e-13,0
2001316958040_Node0_Node8_Zero,2001.316958,2001.614434,0,,1096,7.572525408e-13,0
2001322418943_Node0_Node8_Zero,2001.322419,2001.614434,0,,1096,7.572525408e-13,0
2001327886750_Node0_Node8_Zero,2001.327887,2001.614434,0,,1096,7.572525408e-13,0
2001333353862_Node0_Node8_Zero,2001.333354,2001.614434,0,,1096,7.572525408e-13,0
2001338823295_Node0_Node8_Zero,2001.338823,2001.616431,0,,1096,7.572525408e-13,0
2001344287351_Node0_Node8_Zero,2001.344287,2001.616431,0,,1096,7.572525408e-13,0
2001349756036_Node0_Node8_Zero,2001.349756,2001.616431,0,,1096,7.572525408e-13,0
2001355219445_Node0_Node8_Zero,2001.355219,2001.616431,0,,1096,7.572525408e-13,0
2001360685774_Node0_Node8_Zero,2001.360686,2001.618568,0,,1096,7.572525408e-13,0
2001366150894_Node0_Node8_Zero,2001.366151,2001.618568,0,,1096,7.572525408e-13,0
2001371617600_Node0_Node8_Zero,2001.371618,2001.618568,0,,1096,7.572525408e-13,0
2001377079697_Node0_Node8_Zero,2001.37708,2001.618568,0,,1096,7.572525408e-13,0
2001382547533_Node0_Node8_Zero,2001.382548,2001.620464,0,,1096,7.572525408e-13,0
2001388013081_Node0_Node8_Zero,2001.388013,2001.620464,0,,1096,7.572525408e-13,0
2001393482068_Node0_Node8_Zero,2001.393482,2001.620464,0,,1096,7.572525408e-13,0
2001398945513_Node0_Node8_Zero,2001.398946,2001.620464,0,,1096,7.572525408e-13,0
2001404412652_Node0_Node8_Zero,2001.404413,2001.622521,0,,1096,7.572525408e-13,0
2001409874587_Node0_Node8_Zero,2001.409875,2001.622521,0,,1096,7.572525408e-13,0
2001415341366_Node0_Node8_Zero,2001.415341,2001.622521,0,,1096,7.572525408e-13,0
2001420801688_Node0_Node8_Zero,2001.420802,2001.622521,0,,1096,7.572525408e-13,0
2001426270552_Node0_Node8_Zero,2001.426271,2001.624558,0,,1096,7.572525408e-13,0
2001431737407_Node0_Node8_Zero,2001.431737,2001.624558,0,,1096,7.572525408e-13,0
2001437205875_Node0_Node8_Zero,2001.437206,2001.624558,0,,1096,7.572525408e-13,0
2001442667936_Node0_Node8_Zero,2001.442668,2001.624558,0,,1096,7.572525408e-13,0
2001448135263_Node0_Node8_Zero,2001.448135,2001.626715,0,,1096,7.572525408e-13,0
2001453604500_Node0_Node8_Zero,2001.453604,2001.626715,0,,1096,7.572525408e-13,0
2001459071703_Node0_Node8_Zero,2001.459072,2001.626715,0,,1096,7.572525408e-13,0
2001464538930_Node0_Node8_Zero,2001.464539,2001.626715,0,,1096,7.572525408e-13,0
2001470004911_Node0_Node8_Zero,2001.470005,2001.628832,0,,1026,7.572525408e-13,0
2001475470089_Node0_Node8_Zero,2001.47547,2001.628832,0,,1026,7.572525408e-13,0
2001480934146_Node0_Node8_Zero,2001.480934,2001.628832,0,,1026,7.572525408e-13,0
2001486402031_Node0_Node8_Zero,2001.486402,2001.628832,0,,914,7.572525408e-13,0
2001491864868_Node0_Node8_Zero,2001.491865,2001.630809,0,,848,7.572525408e-13,0
2001497332703_Node0_Node8_Zero,2001.497333,2001.630809,0,,759,7.572525408e-13,0
2001502800334_Node0_Node8_Zero,2001.5028,2001.630809,0,,759,7.572525408e-13,0
2001508267780_Node0_Node8_Zero,2001.508268,2001.630809,0,,670,7.572525408e-13,0
2001513735333_Node0_Node8_Zero,2001.513735,2001.632906,0,,670,7.572525408e-13,0
2001519199165_Node0_Node8_Zero,2001.519199,2001.632906,0,,581,7.572525408e-13,0
2001524664243_Node0_Node8_Zero,2001.524664,2001.632906,0,,581,7.572525408e-13,0
2001530133397_Node0_Node8_Zero,2001.530133,2001.632906,0,,581,7.572525408e-13,0
2001535596051_Node0_Node8_Zero,2001.535596,2001.635083,0,,581,7.572525408e-13,0
2001541065337_Node0_Node8_Zero,2001.541065,2001.635083,0,,534,7.572525408e-13,0
2001546526138_Node0_Node8_Zero,2001.546526,2001.635083,0,,534,7.572525408e-13,0
2001551994486_Node0_Node8_Zero,2001.551994,2001.635083,0,,392,7.572525408e-13,0
2001557460313_Node0_Node8_Zero,2001.55746,2001.637259,0,,212,7.572525408e-13,0
2001562926455_Node0_Node8_Zero,2001.562926,2001.637259,0,,89,7.572525408e-13,0
2001568395856_Node0_Node8_Zero,2001.568396,2001.637259,0,,0,7.572525408e-13,0
2001573858306_Node0_Node8_Zero,2001.573858,2001.637259,0,,0,7.572525408e-13,0
2001579322283_Node0_Node8_Zero,2001.579322,2001.639416,0,,0,7.572525408e-13,0
2001584786686_Node0_Node8_Zero,2001.584787,2001.639416,0,,0,7.572525408e-13,0
2001590253747_Node0_Node8_Zero,2001.590254,2001.639416,0,,0,7.572525408e-13,0
2001595719533_Node0_Node8_Zero,2001.59572,2001.639416,0,,0,7.572525408e-13,0
2001601181030_Node0_Node8_Zero,2001.601181,2001.641353,0,,0,7.572525408e-13,0
2001606642358_Node0_Node8_Zero,2001.606642,2001.641353,0,,0,7.572525408e-13,0
2001612108144_Node0_Node8_Zero,2001.612108,2001.641353,0,,0,7.572525408e-13,0
2001617572404_Node0_Node8_Zero,2001.617572,2001.641353,0,,0,7.572525408e-13,0
2001623034503_Node0_Node8_Zero,2001.623035,2001.64353,0,,0,7.572525408e-13,0
2001628499407_Node0_Node8_Zero,2001.628499,2001.64353,0,,0,7.572525408e-13,0
2001633967020_Node0_Node8_Zero,2001.633967,2001.64353,0,,0,7.572525408e-13,0
2001639431502_Node0_Node8_Zero,2001.639432,2001.64353,0,,0,7.572525408e-13,0
2001644892828_Node0_Node8_Zero,2001.644893,2001.64561,0,,0,7.572525408e-13,0
2001650356799_Node0_Node8_Zero,2001.650357,2001.651217,0,,0,7.572525408e-13,0
2001655820907_Node0_Node8_Zero,2001.655821,2001.657362,0,,7,7.572525408e-13,0
2001661287403_Node0_Node8_Zero,2001.661287,2001.661904,0,,0,7.572525408e-13,0
2001666752093_Node0_Node8_Zero,2001.666752,2001.667389,0,,0,7.572525408e-13,0
2001672221095_Node0_Node8_Zero,2001.672221,2001.674806,0,,0,7.572525408e-13,0
2001677682918_Node0_Node8_Zero,2001.677683,2001.722585,0,,1559,7.572525408e-13,0
2001683146979_Node0_Node8_Zero,2001.683147,2001.733182,0,,1595,7.572525408e-13,0
2001688606909_Node0_Node8_Zero,2001.688607,2001.733182,0,,1345,7.572525408e-13,0
2001694068784_Node0_Node8_Zero,2001.694069,2001.733182,0,,1218,7.572525408e-13,0
2001699530675_Node0_Node8_Zero,2001.699531,2001.733182,0,,985,7.572525408e-13,0
2001704999226_Node0_Node8_Zero,2001.704999,2001.754154,0,,1468,7.572525408e-13,0
2001710466533_Node0_Node8_Zero,2001.710467,2001.754154,0,,1244,7.572525408e-13,0
2001715928842_Node0_Node8_Zero,2001.715929,2001.754154,0,,1125,7.572525408e-13,0
2001721390683_Node0_Node8_Zero,2001.721391,2001.754154,0,,884,7.572525408e-13,0
2001726851285_Node0_Node8_Zero,2001.726851,2001.75623,0,,884,7.572525408e-13,0
2001732313021_Node0_Node8_Zero,2001.732313,2001.75623,0,,712,7.572525408e-13,0
2001737775463_Node0_Node8_Zero,2001.737775,2001.75623,0,,513,7.572525408e-13,0
2001743241456_Node0_Node8_Zero,2001.743241,2001.75623,0,,356,7.572525408e-13,0
2001748705355_Node0_Node8_Zero,2001.748705,2001.771714,0,,673,7.572525408e-13,0
2001754173455_Node0_Node8_Zero,2001.754173,2001.771714,0,,534,7.572525408e-13,0
2001759640188_Node0_Node8_Zero,2001.75964,2001.773171,0,,373,7.572525408e-13,0
2001765105816_Node0_Node8_Zero,2001.765106,2001.773171,0,,148,7.572525408e-13,0
2001770567672_Node0_Node8_Zero,2001.770568,2001.773171,0,,0,7.572525408e-13,0
2001776032724_Node0_Node8_Zero,2001.776033,2002.234285,0,,2549,7.572525408e-13,0
2001781493465_Node0_Node8_Zero,2001.781493,2002.237069,0,,2404,7.572525408e-13,0
2001786953494_Node0_Node8_Zero,2001.786953,2002.237069,0,,2192,7.572525408e-13,0
2001792419483_Node0_Node8_Zero,2001.792419,2002.237069,0,,1953,7.572525408e-13,0
2001797885556_Node0_Node8_Zero,2001.797886,2002.237069,0,,1780,7.572525408e-13,0
2001803345719_Node0_Node8_Zero,2001.803346,2002.247558,0,,1691,7.572525408e-13,0
2001808808079_Node0_Node8_Zero,2001.808808,2002.247558,0,,1691,7.572525408e-13,0
2001814277322_Node0_Node8_Zero,2001.814277,2002.247558,0,,1691,7.572525408e-13,0
2001819745760_Node0_Node8_Zero,2001.819746,2002.247558,0,,1578,7.572525408e-13,0
2001825213522_Node0_Node8_Zero,2001.825214,2002.256929,0,,1691,7.572525408e-13,0
2001830677914_Node0_Node8_Zero,2001.830678,2002.256929,0,,1691,7.572525408e-13,0
2001836147027_Node0_Node8_Zero,2001.836147,2002.256929,0,,1691,7.572525408e-13,0
2001841616086_Node0_Node8_Zero,2001.841616,2002.256929,0,,1691,7.572525408e-13,0
2001847084988_Node0_Node8_Zero,2001.847085,2002.258846,0,,1691,7.572525408e-13,0
2001852548128_Node0_Node8_Zero,2001.852548,2002.258846,0,,1691,7.572525408e-13,0
2001858016431_Node0_Node8_Zero,2001.858016,2002.258846,0,,1691,7.572525408e-13,0
2001863483633_Node0_Node8_Zero,2001.863484,2002.258846,0,,1691,7.572525408e-13,0
2001868946666_Node0_Node8_Zero,2001.868947,2002.260902,0,,1494,7.572525408e-13,0
2001874414554_Node0_Node8_Zero,2001.874415,2002.260902,0,,1335,7.572525408e-13,0
2001879879552_Node0_Node8_Zero,2001.87988,2002.260902,0,,1223,7.572525408e-13,0
2001885339949_Node0_Node8_Zero,2001.88534,2002.260902,0,,979,7.572525408e-13,0
2001890799792_Node0_Node8_Zero,2001.8908,2002.299614,0,,1647,7.572525408e-13,0
2001896267534_Node0_Node8_Zero,2001.896268,2002.299614,0,,1513,7.572525408e-13,0
2001901733810_Node0_Node8_Zero,2001.901734,2002.299614,0,,1276,7.572525408e-13,0
2001907200213_Node0_Node8_Zero,2001.9072,2002.299614,0,,1157,7.572525408e-13,0
2001912664612_Node0_Node8_Zero,2001.912665,2002.269253,0,,302,7.572525408e-13,0
2001918133737_Node0_Node8_Zero,2001.918134,2002.269253,0,,267,7.572525408e-13,0
2001923595998_Node0_Node8_Zero,2001.923596,2002.269253,0,,267,7.572525408e-13,0
2001929056261_Node0_Node8_Zero,2001.929056,2002.269253,0,,267,7.572525408e-13,0
2001934520636_Node0_Node8_Zero,2001.934521,2002.281795,0,,623,7.572525408e-13,0
2001939983746_Node0_Node8_Zero,2001.939984,2002.281795,0,,623,7.572525408e-13,0
2001945444057_Node0_Node8_Zero,2001.945444,2002.281795,0,,623,7.572525408e-13,0
2001950911729_Node0_Node8_Zero,2001.950912,2002.281795,0,,623,7.572525408e-13,0
2001956371817_Node0_Node8_Zero,2001.956372,2002.301651,0,,979,7.572525408e-13,0
2001961834826_Node0_Node8_Zero,2001.961835,2002.301651,0,,979,7.572525408e-13,0
2001967302901_Node0_Node8_Zero,2001.967303,2002.301651,0,,979,7.572525408e-13,0
2001972766134_Node0_Node8_Zero,2001.972766,2002.301651,0,,979,7.572525408e-13,0
2001978230490_Node0_Node8_Zero,2001.97823,2002.326428,0,,1335,7.572525408e-13,0
2001983696613_Node0_Node8_Zero,2001.983697,2002.326428,0,,1335,7.572525408e-13,0
2001989159190_Node0_Node8_Zero,2001.989159,2002.326428,0,,1335,7.572525408e-13,0
2001994621019_Node0_Node8_Zero,2001.994621,2002.326428,0,,1335,7.572525408e-13,0
2002000087048_Node0_Node8_Zero,2002.000087,2002.317335,0,,1157,7.572525408e-13,0
2002005554467_Node0_Node8_Zero,2002.005554,2002.317335,0,,1157,7.572525408e-13,0
2002011020368_Node0_Node8_Zero,2002.01102,2002.317335,0,,1157,7.572525408e-13,0
2002016485523_Node0_Node8_Zero,2002.016486,2002.317335,0,,1157,7.572525408e-13,0
2002021948414_Node0_Node8_Zero,2002.021948,2002.334619,0,,1335,7.572525408e-13,0
2002027409822_Node0_Node8_Zero,2002.02741,2002.334619,0,,1335,7.572525408e-13,0
2002032877300_Node0_Node8_Zero,2002.032877,2002.334619,0,,1335,7.572525408e-13,0
2002038344317_Node0_Node8_Zero,2002.038344,2002.334619,0,,1335,7.572525408e-13,0
2002043807913_Node0_Node8_Zero,2002.043808,2002.34413,0,,1513,7.572525408e-13,0
2002049267907_Node0_Node8_Zero,2002.049268,2002.34413,0,,1513,7.572525408e-13,0
2002054735981_Node0_Node8_Zero,2002.054736,2002.34413,0,,1513,7.572525408e-13,0
2002060201082_Node0_Node8_Zero,2002.060201,2002.34413,0,,1513,7.572525408e-13,0
2002065668152_Node0_Node8_Zero,2002.065668,2002.353961,0,,1691,7.572525408e-13,0
2002071131967_Node0_Node8_Zero,2002.071132,2002.353961,0,,1691,7.572525408e-13,0
2002076601320_Node0_Node8_Zero,2002.076601,2002.353961,0,,1691,7.572525408e-13,0
2002082064848_Node0_Node8_Zero,2002.082065,2002.353961,0,,1691,7.572525408e-13,0
2002087529172_Node0_Node8_Zero,2002.087529,2002.355878,0,,1691,7.572525408e-13,0
2002092989055_Node0_Node8_Zero,2002.092989,2002.355878,0,,1691,7.572525408e-13,0
2002098453651_Node0_Node8_Zero,2002.098454,2002.355878,0,,1691,7.572525408e-13,0
2002103916816_Node0_Node8_Zero,2002.103917,2002.355878,0,,1691,7.572525408e-13,0
2002109376940_Node0_Node8_Zero,2002.109377,2002.357875,0,,1691,7.572525408e-13,0
2002114841959_Node0_Node8_Zero,2002.114842,2002.357875,0,,1691,7.572525408e-13,0
2002120304647_Node0_Node8_Zero,2002.120305,2002.357875,0,,1691,7.572525408e-13,0
2002125771706_Node0_Node8_Zero,2002.125772,2002.357875,0,,1691,7.572525408e-13,0
2002131232080_Node0_Node8_Zero,2002.131232,2002.359872,0,,1691,7.572525408e-13,0
2002136700943_Node0_Node8_Zero,2002.136701,2002.359872,0,,1691,7.572525408e-13,0
2002142169650_Node0_Node8_Zero,2002.14217,2002.359872,0,,1691,7.572525408e-13,0
2002147635044_Node0_Node8_Zero,2002.147635,2002.359872,0,,1691,7.572525408e-13,0
2002153101844_Node0_Node8_Zero,2002.153102,2002.400383,0,,2403,7.572525408e-13,0
2002158561408_Node0_Node8_Zero,2002.158561,2002.400383,0,,2403,7.572525408e-13,0
2002164020893_Node0_Node8_Zero,2002.164021,2002.400383,0,,2403,7.572525408e-13,0
2002169486169_Node0_Node8_Zero,2002.169486,2002.400383,0,,2403,7.572525408e-13,0
2002174952223_Node0_Node8_Zero,2002.174952,2002.38951,0,,2225,7.572525408e-13,0
2002180418710_Node0_Node8_Zero,2002.180419,2002.38951,0,,2225,7.572525408e-13,0
2002185886610_Node0_Node8_Zero,2002.185887,2002.38951,0,,2225,7.572525408e-13,0
2002191354642_Node0_Node8_Zero,2002.191355,2002.38951,0,,2225,7.572525408e-13,0
2002196823876_Node0_Node8_Zero,2002.196824,2002.402319,0,,2403,7.572525408e-13,0
2002202291180_Node0_Node8_Zero,2002.202291,2002.402319,0,,2403,7.572525408e-13,0
2002207753154_Node0_Node8_Zero,2002.207753,2002.402319,0,,2403,7.572525408e-13,0
2002213214369_Node0_Node8_Zero,2002.213214,2002.402319,0,,2403,7.572525408e-13,0
2002218674844_Node0_Node8_Zero,2002.218675,2002.426303,0,,2581,7.572525408e-13,0
2002224138943_Node0_Node8_Zero,2002.224139,2002.426303,0,,2581,7.572525408e-13,0
2002229599277_Node0_Node8_Zero,2002.229599,2002.426303,0,,2581,7.572525408e-13,0
2002235061234_Node0_Node8_Zero,2002.235061,2002.426303,0,,2581,7.572525408e-13,0
2002240530648_Node0_Node8_Zero,2002.240531,2002.417671,0,,2403,7.572525408e-13,0
2002245998369_Node0_Node8_Zero,2002.245998,2002.417671,0,,2314,7.572525408e-13,0
2002251464060_Node0_Node8_Zero,2002.251464,2002.417671,0,,2141,7.572525408e-13,0
2002256929029_Node0_Node8_Zero,2002.256929,2002.417671,0,,2136,7.572525408e-13,0
2002262392935_Node0_Node8_Zero,2002.262393,2002.42828,0,,2314,7.572525408e-13,0
2002267860348_Node0_Node8_Zero,2002.26786,2002.42828,0,,2314,7.572525408e-13,0
2002273322071_Node0_Node8_Zero,2002.273322,2002.42828,0,,2136,7.572525408e-13,0
2002278789996_Node0_Node8_Zero,2002.27879,2002.42828,0,,1958,7.572525408e-13,0
2002284256445_Node0_Node8_Zero,2002.284256,2002.430257,0,,1854,7.572525408e-13,0
2002289722662_Node0_Node8_Zero,2002.289723,2002.430257,0,,1691,7.572525408e-13,0
2002295190469_Node0_Node8_Zero,2002.29519,2002.430257,0,,1602,7.572525408e-13,0
2002300650602_Node0_Node8_Zero,2002.300651,2002.430257,0,,1602,7.572525408e-13,0
2002306118852_Node0_Node8_Zero,2002.306119,2002.451622,0,,1780,7.572525408e-13,0
2002311582103_Node0_Node8_Zero,2002.311582,2002.451622,0,,1621,7.572525408e-13,0
2002317047479_Node0_Node8_Zero,2002.317047,2002.451622,0,,1602,7.572525408e-13,0
2002322509125_Node0_Node8_Zero,2002.322509,2002.451622,0,,1424,7.572525408e-13,0
2002327971976_Node0_Node8_Zero,2002.327972,2002.472986,0,,1780,7.572525408e-13,0
2002333438326_Node0_Node8_Zero,2002.333438,2002.472986,0,,1780,7.572525408e-13,0
2002338904535_Node0_Node8_Zero,2002.338905,2002.472986,0,,1602,7.572525408e-13,0
2002344368121_Node0_Node8_Zero,2002.344368,2002.472986,0,,1602,7.572525408e-13,0
2002349836721_Node0_Node8_Zero,2002.349837,2002.460453,0,,1246,7.572525408e-13,0
2002355298875_Node0_Node8_Zero,2002.355299,2002.460453,0,,1246,7.572525408e-13,0
2002360763167_Node0_Node8_Zero,2002.360763,2002.460453,0,,1246,7.572525408e-13,0
2002366229849_Node0_Node8_Zero,2002.36623,2002.460453,0,,1246,7.572525408e-13,0
2002371696239_Node0_Node8_Zero,2002.371696,2002.482137,0,,1246,7.572525408e-13,0
2002377157965_Node0_Node8_Zero,2002.377158,2002.482137,0,,1058,7.572525408e-13,0
2002382625488_Node0_Node8_Zero,2002.382625,2002.482137,0,,890,7.572525408e-13,0
2002388089724_Node0_Node8_Zero,2002.38809,2002.482137,0,,890,7.572525408e-13,0
2002393555099_Node0_Node8_Zero,2002.393555,2002.50104,0,,1068,7.572525408e-13,0
2002399023033_Node0_Node8_Zero,2002.399023,2002.50104,0,,1068,7.572525408e-13,0
2002404483227_Node0_Node8_Zero,2002.404483,2002.50104,0,,1068,7.572525408e-13,0
2002409943862_Node0_Node8_Zero,2002.409944,2002.50104,0,,1068,7.572525408e-13,0
2002415412468_Node0_Node8_Zero,2002.415412,2002.490469,0,,890,7.572525408e-13,0
2002420879352_Node0_Node8_Zero,2002.420879,2002.490469,0,,755,7.572525408e-13,0
2002426340630_Node0_Node8_Zero,2002.426341,2002.490469,0,,712,7.572525408e-13,0
2002431805615_Node0_Node8_Zero,2002.431806,2002.490469,0,,712,7.572525408e-13,0
2002437272998_Node0_Node8_Zero,2002.437273,2002.518664,0,,1246,7.572525408e-13,0
2002442737694_Node0_Node8_Zero,2002.442738,2002.518664,0,,1246,7.572525408e-13,0
2002448201433_Node0_Node8_Zero,2002.448201,2002.518664,0,,1068,7.572525408e-13,0
2002453667226_Node0_Node8_Zero,2002.453667,2002.518664,0,,983,7.572525408e-13,0
2002459129105_Node0_Node8_Zero,2002.459129,2002.509572,0,,712,7.572525408e-13,0
2002464589458_Node0_Node8_Zero,2002.464589,2002.509572,0,,534,7.572525408e-13,0
2002470058816_Node0_Node8_Zero,2002.470059,2002.509572,0,,534,7.572525408e-13,0
2002475527119_Node0_Node8_Zero,2002.475527,2002.509572,0,,534,7.572525408e-13,0
2002480991892_Node0_Node8_Zero,2002.480992,2002.520561,0,,712,7.572525408e-13,0
2002486459243_Node0_Node8_Zero,2002.486459,2002.520561,0,,534,7.572525408e-13,0
2002491923247_Node0_Node8_Zero,2002.491923,2002.520561,0,,479,7.572525408e-13,0
2002497384751_Node0_Node8_Zero,2002.497385,2002.520561,0,,356,7.572525408e-13,0
2002502851505_Node0_Node8_Zero,2002.502852,2002.522118,0,,276,7.572525408e-13,0
2002508319744_Node0_Node8_Zero,2002.50832,2002.522118,0,,178,7.572525408e-13,0
2002513780643_Node0_Node8_Zero,2002.513781,2002.522118,0,,0,7.572525408e-13,0
2002519249618_Node0_Node8_Zero,2002.51925,2002.522915,0,,0,7.572525408e-13,0
2002524716234_Node0_Node8_Zero,2002.524716,2002.543144,0,,447,7.572525408e-13,0
2002530181250_Node0_Node8_Zero,2002.530181,2002.547051,0,,256,7.572525408e-13,0
2002535642238_Node0_Node8_Zero,2002.535642,2002.547051,0,,230,7.572525408e-13,0
2002541105470_Node0_Node8_Zero,2002.541105,2002.547051,0,,52,7.572525408e-13,0
2002546565781_Node0_Node8_Zero,2002.546566,2002.553365,0,,0,7.572525408e-13,0
2002552028116_Node0_Node8_Zero,2002.552028,2002.553365,0,,0,7.572525408e-13,0
2002557496148_Node0_Node8_Zero,2002.557496,2002.558293,0,,0,7.572525408e-13,0
2002562961709_Node0_Node8_Zero,2002.562962,2002.563819,0,,0,7.572525408e-13,0
2002568422199_Node0_Node8_Zero,2002.568422,2002.569119,0,,0,7.572525408e-13,0
2002573890703_Node0_Node8_Zero,2002.573891,2002.574608,0,,0,7.572525408e-13,0
2002579356860_Node0_Node8_Zero,2002.579357,2002.580234,0,,0,7.572525408e-13,0
2002584818862_Node0_Node8_Zero,2002.584819,2002.585596,0,,0,7.572525408e-13,0
2002590283363_Node0_Node8_Zero,2002.590283,2002.59102,0,,0,7.572525408e-13,0
2002595745387_Node0_Node8_Zero,2002.595745,2002.596462,0,,0,7.572525408e-13,0
2002601208836_Node0_Node8_Zero,2002.601209,2002.601846,0,,0,7.572525408e-13,0
2002606673281_Node0_Node8_Zero,2002.606673,2002.60735,0,,0,7.572525408e-13,0
2002612138570_Node0_Node8_Zero,2002.612139,2002.612915,0,,0,7.572525408e-13,0
2002617601974_Node0_Node8_Zero,2002.617602,2002.618439,0,,0,7.572525408e-13,0
2002623067942_Node0_Node8_Zero,2002.623068,2002.623945,0,,0,7.572525408e-13,0
2002628528059_Node0_Node8_Zero,2002.628528,2002.629385,0,,0,7.572525408e-13,0
2002633994643_Node0_Node8_Zero,2002.633995,2002.634612,0,,0,7.572525408e-13,0
2002639457376_Node0_Node8_Zero,2002.639457,2002.640334,0,,0,7.572525408e-13,0
2002644923335_Node0_Node8_Zero,2002.644923,2002.64568,0,,0,7.572525408e-13,0
2002650392791_Node0_Node8_Zero,2002.650393,2002.65121,0,,0,7.572525408e-13,0
2002655861814_Node0_Node8_Zero,2002.655862,2002.656759,0,,0,7.572525408e-13,0
2002661322060_Node0_Node8_Zero,2002.661322,2002.661959,0,,0,7.572525408e-13,0
2002666790299_Node0_Node8_Zero,2002.66679,2002.667507,0,,0,7.572525408e-13,0
2002672252931_Node0_Node8_Zero,2002.672253,2002.67305,0,,0,7.572525408e-13,0
2002677718873_Node0_Node8_Zero,2002.677719,2002.678476,0,,0,7.572525408e-13,0
2002683183977_Node0_Node8_Zero,2002.683184,2002.684101,0,,0,7.572525408e-13,0
2002688649141_Node0_Node8_Zero,2002.688649,2002.689466,0,,0,7.572525408e-13,0
2002694116194_Node0_Node8_Zero,2002.694116,2002.694813,0,,0,7.572525408e-13,0
2002699583288_Node0_Node8_Zero,2002.699583,2002.70034,0,,0,7.572525408e-13,0
2002705045250_Node0_Node8_Zero,2002.705045,2002.705742,0,,0,7.572525408e-13,0
2002710507227_Node0_Node8_Zero,2002.710507,2002.711424,0,,0,7.572525408e-13,0
2002715975037_Node0_Node8_Zero,2002.715975,2002.716852,0,,0,7.572525408e-13,0
2002721444231_Node0_Node8_Zero,2002.721444,2002.722301,0,,0,7.572525408e-13,0
2002726910252_Node0_Node8_Zero,2002.72691,2002.727707,0,,0,7.572525408e-13,0
2002732378160_Node0_Node8_Zero,2002.732378,2002.733235,0,,0,7.572525408e-13,0
2002737847499_Node0_Node8_Zero,2002.737847,2002.738584,0,,0,7.572525408e-13,0
2002743313636_Node0_Node8_Zero,2002.743314,2002.744231,0,,0,7.572525408e-13,0
2002748778650_Node0_Node8_Zero,2002.748779,2002.749536,0,,0,7.572525408e-13,0
2002754244445_Node0_Node8_Zero,2002.754244,2002.754961,0,,0,7.572525408e-13,0
2002759707804_Node0_Node8_Zero,2002.759708,2002.760425,0,,0,7.572525408e-13,0
2002765172326_Node0_Node8_Zero,2002.765172,2002.765889,0,,0,7.572525408e-13,0
2002770633418_Node0_Node8_Zero,2002.770633,2002.77145,0,,0,7.572525408e-13,0
2002776096373_Node0_Node8_Zero,2002.776096,2002.776953,0,,0,7.572525408e-13,0
2002781565161_Node0_Node8_Zero,2002.781565,2002.782222,0,,0,7.572525408e-13,0
2002787025995_Node0_Node8_Zero,2002.787026,2002.787763,0,,0,7.572525408e-13,0
2002792490395_Node0_Node8_Zero,2002.79249,2002.793167,0,,0,7.572525408e-13,0
2002797958210_Node0_Node8_Zero,2002.797958,2002.798615,0,,0,7.572525408e-13,0
2002803424461_Node0_Node8_Zero,2002.803424,2002.804411,0,,0,7.572525408e-13,0
2002808890837_Node0_Node8_Zero,2002.808891,2002.809738,0,,0,7.572525408e-13,0
2002814356283_Node0_Node8_Zero,2002.814356,2002.815143,0,,0,7.572525408e-13,0
2002819816192_Node0_Node8_Zero,2002.819816,2002.820683,0,,0,7.572525408e-13,0
2002825285504_Node0_Node8_Zero,2002.825286,2002.826312,0,,0,7.572525408e-13,0
2002830746023_Node0_Node8_Zero,2002.830746,2002.831673,0,,0,7.572525408e-13,0
2002836215101_Node0_Node8_Zero,2002.836215,2002.837202,0,,0,7.572525408e-13,0
2002841679461_Node0_Node8_Zero,2002.841679,2002.842626,0,,0,7.572525408e-13,0
2002847147716_Node0_Node8_Zero,2002.847148,2002.848075,0,,0,7.572525408e-13,0
2002852610144_Node0_Node8_Zero,2002.85261,2002.853377,0,,0,7.572525408e-13,0
2002858073061_Node0_Node8_Zero,2002.858073,2002.85908,0,,0,7.572525408e-13,0
2002863540112_Node0_Node8_Zero,2002.86354,2002.864427,0,,0,7.572525408e-13,0
2002869002997_Node0_Node8_Zero,2002.869003,2002.86979,0,,0,7.572525408e-13,0
2002874462497_Node0_Node8_Zero,2002.874462,2002.875269,0,,0,7.572525408e-13,0
2002879926475_Node0_Node8_Zero,2002.879926,2002.880813,0,,0,7.572525408e-13,0
2002885393432_Node0_Node8_Zero,2002.885393,2002.88628,0,,0,7.572525408e-13,0
2002890855622_Node0_Node8_Zero,2002.890856,2002.891842,0,,0,7.572525408e-13,0
2002896320516_Node0_Node8_Zero,2002.896321,2002.897347,0,,0,7.572525408e-13,0
2002901782151_Node0_Node8_Zero,2002.901782,2002.902709,0,,0,7.572525408e-13,0
2002907242768_Node0_Node8_Zero,2002.907243,2002.90819,0,,0,7.572525408e-13,0
2002912711396_Node0_Node8_Zero,2002.912711,2002.913698,0,,0,7.572525408e-13,0
2002918180640_Node0_Node8_Zero,2002.918181,2002.919068,0,,0,7.572525408e-13,0
2002923645073_Node0_Node8_Zero,2002.923645,2002.924472,0,,0,7.572525408e-13,0
2002929106222_Node0_Node8_Zero,2002.929106,2002.930073,0,,0,7.572525408e-13,0
2002934568011_Node0_Node8_Zero,2002.934568,2002.935535,0,,0,7.572525408e-13,0
2002940037259_Node0_Node8_Zero,2002.940037,2002.941044,0,,0,7.572525408e-13,0
2002945496953_Node0_Node8_Zero,2002.945497,2002.946424,0,,0,7.572525408e-13,0
2002950957207_Node0_Node8_Zero,2002.950957,2002.951824,0,,0,7.572525408e-13,0
2002956423749_Node0_Node8_Zero,2002.956424,2002.957351,0,,0,7.572525408e-13,0
2002961891895_Node0_Node8_Zero,2002.961892,2002.962699,0,,0,7.572525408e-13,0
2002967352835_Node0_Node8_Zero,2002.967353,2002.96816,0,,0,7.572525408e-13,0
2002972819273_Node0_Node8_Zero,2002.972819,2002.973666,0,,0,7.572525408e-13,0
2002978286260_Node0_Node8_Zero,2002.978286,2002.979093,0,,0,7.572525408e-13,0
2002983751207_Node0_Node8_Zero,2002.983751,2002.984518,0,,0,7.572525408e-13,0
2002989215661_Node0_Node8_Zero,2002.989216,2002.990143,0,,0,7.572525408e-13,0
2002994682248_Node0_Node8_Zero,2002.994682,2002.995529,0,,0,7.572525408e-13,0
2003000146958_Node0_Node8_Zero,2003.000147,2003.000914,0,,0,7.572525408e-13,0
2003005607460_Node0_Node8_Zero,2003.005607,2003.006474,0,,0,7.572525408e-13,0
2003011073744_Node0_Node8_Zero,2003.011074,2003.012121,0,,0,7.572525408e-13,0
2003016535183_Node0_Node8_Zero,2003.016535,2003.017562,0,,0,7.572525408e-13,0
2003021999358_Node0_Node8_Zero,2003.021999,2003.022846,0,,0,7.572525408e-13,0
2003027462378_Node0_Node8_Zero,2003.027462,2003.028489,0,,0,7.572525408e-13,0
2003032921915_Node0_Node8_Zero,2003.032922,2003.033729,0,,0,7.572525408e-13,0
2003038382662_Node0_Node8_Zero,2003.038383,2003.03929,0,,0,7.572525408e-13,0
2003043843707_Node0_Node8_Zero,2003.043844,2003.044731,0,,0,7.572525408e-13,0
2003049305143_Node0_Node8_Zero,2003.049305,2003.050252,0,,0,7.572525408e-13,0
2003054765049_Node0_Node8_Zero,2003.054765,2003.055692,0,,0,7.572525408e-13,0
2003060232587_Node0_Node8_Zero,2003.060233,2003.061179,0,,0,7.572525408e-13,0
2003065696196_Node0_Node8_Zero,2003.065696,2003.066703,0,,0,7.572525408e-13,0
2003071158545_Node0_Node8_Zero,2003.071159,2003.072165,0,,0,7.572525408e-13,0
2003076627924_Node0_Node8_Zero,2003.076628,2003.077435,0,,0,7.572525408e-13,0
2003082096743_Node0_Node8_Zero,2003.082097,2003.083004,0,,0,7.572525408e-13,0
2003087563573_Node0_Node8_Zero,2003.087564,2003.08851,0,,0,7.572525408e-13,0
2003093023938_Node0_Node8_Zero,2003.093024,2003.093991,0,,0,7.572525408e-13,0
2003098491021_Node0_Node8_Zero,2003.098491,2003.099338,0,,0,7.572525408e-13,0
2003103957237_Node0_Node8_Zero,2003.103957,2003.104804,0,,0,7.572525408e-13,0
2003109421804_Node0_Node8_Zero,2003.109422,2003.110429,0,,0,7.572525408e-13,0
2003114884198_Node0_Node8_Zero,2003.114884,2003.115791,0,,0,7.572525408e-13,0
2003120352212_Node0_Node8_Zero,2003.120352,2003.121159,0,,0,7.572525408e-13,0
2003125820142_Node0_Node8_Zero,2003.12582,2003.126627,0,,0,7.572525408e-13,0
2003131285779_Node0_Node8_Zero,2003.131286,2003.132293,0,,0,7.572525408e-13,0
2003136747874_Node0_Node8_Zero,2003.136748,2003.137775,0,,0,7.572525408e-13,0
2003142213417_Node0_Node8_Zero,2003.142213,2003.143,0,,0,7.572525408e-13,0
2003147674271_Node0_Node8_Zero,2003.147674,2003.148541,0,,0,7.572525408e-13,0
2003153134526_Node0_Node8_Zero,2003.153135,2003.154081,0,,0,7.572525408e-13,0
2003158603554_Node0_Node8_Zero,2003.158604,2003.15947,0,,0,7.572525408e-13,0
2003164072798_Node0_Node8_Zero,2003.164073,2003.16486,0,,0,7.572525408e-13,0
2003169540491_Node0_Node8_Zero,2003.16954,2003.170527,0,,0,7.572525408e-13,0
2003175001581_Node0_Node8_Zero,2003.175002,2003.175988,0,,0,7.572525408e-13,0
2003180471018_Node0_Node8_Zero,2003.180471,2003.181298,0,,0,7.572525408e-13,0
2003185932002_Node0_Node8_Zero,2003.185932,2003.186839,0,,0,7.572525408e-13,0
2003191392495_Node0_Node8_Zero,2003.191392,2003.192439,0,,0,7.572525408e-13,0
2003196859903_Node0_Node8_Zero,2003.19686,2003.197647,0,,0,7.572525408e-13,0
2003202325900_Node0_Node8_Zero,2003.202326,2006.086097,1,RetryLimit,2489,0,nan
2003207790837_Node0_Node8_Zero,2003.207791,2003.277817,1,RetryLimit,0,0,nan
2003213259762_Node0_Node8_Zero,2003.21326,2003.28549,1,RetryLimit,0,0,nan
2003218719963_Node0_Node8_Zero,2003.21872,2006.107813,1,RetryLimit,2489,0,nan
2003224188214_Node0_Node8_Zero,2003.224188,2012.958949,1,Expiry,21844,0,nan
2003229649470_Node0_Node8_Zero,2003.229649,2006.051414,1,RetryLimit,2489,1.3146745500000003e-13,nan
2003235110355_Node0_Node8_Zero,2003.23511,2006.051414,1,RetryLimit,2489,1.3146745500000003e-13,nan
2003240573590_Node0_Node8_Zero,2003.240574,2013.025752,1,Expiry,21844,0,nan
2003246033225_Node0_Node8_Zero,2003.246033,2013.025752,1,Expiry,21844,0,nan
2003251494204_Node0_Node8_Zero,2003.251494,2012.595427,1,Expiry,21844,0,nan
2003256959637_Node0_Node8_Zero,2003.25696,2012.595427,1,Expiry,21844,0,nan
2003262425190_Node0_Node8_Zero,2003.262425,2012.87718,1,Expiry,21844,0,nan
2003267890036_Node0_Node8_Zero,2003.26789,2012.87718,1,Expiry,21844,0,nan
2003273353570_Node0_Node8_Zero,2003.273354,2012.751787,1,Expiry,21844,0,nan
2003278818817_Node0_Node8_Zero,2003.278819,2012.751787,1,Expiry,21844,0,nan
2003284286294_Node0_Node8_Zero,2003.284286,2012.758479,1,Expiry,21844,0,nan
2003289751528_Node0_Node8_Zero,2003.289752,2012.758479,1,Expiry,21844,0,nan
2003295213905_Node0_Node8_Zero,2003.295214,2013.028649,1,Expiry,21844,0,nan
2003300675554_Node0_Node8_Zero,2003.300676,2013.028649,1,Expiry,21844,0,nan
2003306136716_Node0_Node8_Zero,2003.306137,2012.53531,1,Expiry,21844,0,nan
2003311605494_Node0_Node8_Zero,2003.311605,2012.53531,1,Expiry,21844,0,nan
2003317074430_Node0_Node8_Zero,2003.317074,2013.114812,1,Expiry,21844,0,nan
2003322539045_Node0_Node8_Zero,2003.322539,2013.114812,1,Expiry,21844,0,nan
2003328007473_Node0_Node8_Zero,2003.328007,2003.718441,1,RetryLimit,655,0,nan
2003333467749_Node0_Node8_Zero,2003.333468,2003.718441,1,RetryLimit,564,0,nan
2003338931474_Node0_Node8_Zero,2003.338931,2013.122629,1,Expiry,21619,0,nan
2003344399214_Node0_Node8_Zero,2003.344399,2013.122629,1,Expiry,21609,0,nan
2003349859510_Node0_Node8_Zero,2003.34986,2013.570434,1,Expiry,21609,0,nan
2003355319036_Node0_Node8_Zero,2003.355319,2013.570434,1,Expiry,21609,0,nan
2003360787322_Node0_Node8_Zero,2003.360787,2012.701439,1,Expiry,21609,0,nan
2003366247404_Node0_Node8_Zero,2003.366247,2012.701439,1,Expiry,21609,0,nan
2003371708474_Node0_Node8_Zero,2003.371708,2003.955724,1,RetryLimit,470,0,nan
2003377174083_Node0_Node8_Zero,2003.377174,2003.955724,1,RetryLimit,470,0,nan
2003382641463_Node0_Node8_Zero,2003.382641,2012.704176,1,Expiry,21609,0,nan
2003388101897_Node0_Node8_Zero,2003.388102,2012.704176,1,Expiry,21609,0,nan
2003393569454_Node0_Node8_Zero,2003.393569,2012.348408,1,Expiry,21609,0,nan
2003399037716_Node0_Node8_Zero,2003.399038,2012.348408,1,Expiry,21609,0,nan
2003404498545_Node0_Node8_Zero,2003.404499,2006.120196,1,RetryLimit,2254,0,nan
2003409966505_Node0_Node8_Zero,2003.409967,2006.120196,1,RetryLimit,2254,0,nan
2003415433373_Node0_Node8_Zero,2003.415433,2012.942911,1,Expiry,21609,0,nan
2003420894131_Node0_Node8_Zero,2003.420894,2012.942911,1,Expiry,21609,0,nan
2003426358367_Node0_Node8_Zero,2003.426358,2006.144688,1,RetryLimit,2225,0,nan
2003431824828_Node0_Node8_Zero,2003.431825,2006.144688,1,RetryLimit,2160,0,nan
2003437290628_Node0_Node8_Zero,2003.437291,2012.655604,1,Expiry,21515,0,nan
2003442756483_Node0_Node8_Zero,2003.442756,2012.655604,1,Expiry,21515,0,nan
2003448216110_Node0_Node8_Zero,2003.448216,2003.81644,1,RetryLimit,282,0,nan
2003453676505_Node0_Node8_Zero,2003.453677,2003.81644,1,RetryLimit,282,0,nan
2003459138932_Node0_Node8_Zero,2003.459139,2003.898701,1,RetryLimit,282,0,nan
2003464606533_Node0_Node8_Zero,2003.464607,2003.898701,1,RetryLimit,282,0,nan
2003470075357_Node0_Node8_Zero,2003.470075,2012.136179,1,Expiry,21421,0,nan
2003475541619_Node0_Node8_Zero,2003.475542,2012.136179,1,Expiry,21327,0,nan
2003481001608_Node0_Node8_Zero,2003.481002,2013.506555,1,Expiry,21327,0,nan
2003486464815_Node0_Node8_Zero,2003.486465,2013.506555,1,Expiry,21327,0,nan
2003491926670_Node0_Node8_Zero,2003.491927,2012.821966,1,Expiry,21327,0,nan
2003497394321_Node0_Node8_Zero,2003.497394,2012.821966,1,Expiry,21327,0,nan
2003502860635_Node0_Node8_Zero,2003.502861,2012.909909,1,Expiry,21327,0,nan
2003508328508_Node0_Node8_Zero,2003.508329,2012.909909,1,Expiry,21233,0,nan
2003513796430_Node0_Node8_Zero,2003.513796,2012.828623,1,Expiry,21233,0,nan
2003519256320_Node0_Node8_Zero,2003.519256,2012.828623,1,Expiry,21233,0,nan
2003524717510_Node0_Node8_Zero,2003.524718,2013.509812,1,Expiry,21233,0,nan
2003530180133_Node0_Node8_Zero,2003.53018,2013.509812,1,Expiry,21139,0,nan
2003535640148_Node0_Node8_Zero,2003.53564,inf,-1,Still in Queue,-13828,1.0442824350000001e-12,nan
2003541102979_Node0_Node8_Zero,2003.541103,inf,-1,Still in Queue,-13828,0,nan
2003546564718_Node0_Node8_Zero,2003.546565,2013.940044,1,Expiry,21139,0,nan
2003552028651_Node0_Node8_Zero,2003.552029,2013.451182,1,Expiry,21139,0,nan
2003557491504_Node0_Node8_Zero,2003.557492,2013.770166,1,Expiry,21139,0,nan
2003562960944_Node0_Node8_Zero,2003.562961,2006.073447,1,RetryLimit,1784,0,nan
2003568428279_Node0_Node8_Zero,2003.568428,2013.096759,1,Expiry,21139,0,nan
2003573893562_Node0_Node8_Zero,2003.573894,2005.851503,1,RetryLimit,1784,0,nan
2003579354852_Node0_Node8_Zero,2003.579355,2012.361938,1,Expiry,21139,0,nan
2003584822275_Node0_Node8_Zero,2003.584822,2012.319605,1,Expiry,21139,0,nan
2003590291570_Node0_Node8_Zero,2003.590292,2012.73531,1,Expiry,21139,0,nan
2003595754163_Node0_Node8_Zero,2003.595754,2012.491672,1,Expiry,21139,0,nan
2003601219481_Node0_Node8_Zero,2003.601219,2005.275666,1,RetryLimit,1642,0,nan
2003606686061_Node0_Node8_Zero,2003.606686,2012.925814,1,Expiry,21139,0,nan
2003612150751_Node0_Node8_Zero,2003.612151,inf,-1,Still in Queue,-13828,0,nan
2003617611485_Node0_Node8_Zero,2003.617611,2013.789864,1,Expiry,21139,0,nan
2003623079435_Node0_Node8_Zero,2003.623079,2012.719425,1,Expiry,21139,0,nan
2003628545043_Node0_Node8_Zero,2003.628545,2005.691535,1,RetryLimit,1642,0,nan
2003634009962_Node0_Node8_Zero,2003.63401,2012.773929,1,Expiry,21139,0,nan
2003639478075_Node0_Node8_Zero,2003.639478,2006.221346,1,RetryLimit,2055,0,nan
2003644942845_Node0_Node8_Zero,2003.644943,2005.946454,1,RetryLimit,1784,0,nan
2003650402935_Node0_Node8_Zero,2003.650403,2005.871269,1,RetryLimit,1784,1.3146745500000003e-13,nan
2003655866674_Node0_Node8_Zero,2003.655867,2013.062092,1,Expiry,21139,0,nan
2003661333447_Node0_Node8_Zero,2003.661333,2012.99142,1,Expiry,21139,0,nan
2003666796032_Node0_Node8_Zero,2003.666796,2005.550047,1,RetryLimit,1642,0,nan
2003672265319_Node0_Node8_Zero,2003.672265,2012.9747,1,Expiry,21139,0,nan
2003677731908_Node0_Node8_Zero,2003.677732,2012.24468,1,Expiry,21139,0,nan
2003683199551_Node0_Node8_Zero,2003.6832,2006.021095,1,RetryLimit,1784,1.3146745500000003e-13,nan
2003688665104_Node0_Node8_Zero,2003.688665,2005.528388,1,RetryLimit,1642,1.5577644476677505e-13,nan
2003694127809_Node0_Node8_Zero,2003.694128,2005.304814,1,RetryLimit,1642,4.641255266666668e-13,nan
2003699595074_Node0_Node8_Zero,2003.699595,2005.287471,1,RetryLimit,1642,0,nan
2003705060039_Node0_Node8_Zero,2003.70506,2013.008295,1,Expiry,21139,0,nan
2003710519975_Node0_Node8_Zero,2003.71052,2005.084319,1,RetryLimit,1551,2.62312785e-13,nan
2003715982628_Node0_Node8_Zero,2003.715983,2005.494826,1,RetryLimit,1642,0,nan
2003721446820_Node0_Node8_Zero,2003.721447,2012.419181,1,Expiry,21139,0,nan
2003726914875_Node0_Node8_Zero,2003.726915,2013.317946,1,Expiry,21139,0,nan
2003732378702_Node0_Node8_Zero,2003.732379,2005.807975,1,RetryLimit,1784,0,nan
2003737843383_Node0_Node8_Zero,2003.737843,2012.448088,1,Expiry,21139,0,nan
2003743306340_Node0_Node8_Zero,2003.743306,2013.299703,1,Expiry,21139,0,nan
2003748771463_Node0_Node8_Zero,2003.748771,2005.575901,1,RetryLimit,1642,0,nan
2003754234953_Node0_Node8_Zero,2003.754235,2012.390477,1,Expiry,21139,0,nan
2003759702907_Node0_Node8_Zero,2003.759703,2012.333715,1,Expiry,21139,0,nan
2003765163460_Node0_Node8_Zero,2003.765163,2013.263314,1,Expiry,21139,0,nan
2003770630930_Node0_Node8_Zero,2003.770631,2012.670404,1,Expiry,21139,0,nan
2003776096820_Node0_Node8_Zero,2003.776097,2005.552651,1,RetryLimit,1642,1.5577644476677505e-13,nan
2003781563489_Node0_Node8_Zero,2003.781563,2005.636076,1,RetryLimit,1642,0,nan
2003787030508_Node0_Node8_Zero,2003.787031,2013.281484,1,Expiry,21139,0,nan
2003792496201_Node0_Node8_Zero,2003.792496,2012.61001,1,Expiry,21139,0,nan
2003797955718_Node0_Node8_Zero,2003.797956,inf,-1,Still in Queue,-13828,0,nan
2003803415263_Node0_Node8_Zero,2003.803415,2005.659873,1,RetryLimit,1642,0,nan
2003808884415_Node0_Node8_Zero,2003.808884,2013.809806,1,Expiry,21139,0,nan
2003814353634_Node0_Node8_Zero,2003.814354,2013.672287,1,Expiry,21139,0,nan
2003819815714_Node0_Node8_Zero,2003.819816,2005.373758,1,RetryLimit,1642,0,nan
2003825276306_Node0_Node8_Zero,2003.825276,2012.844187,1,Expiry,21139,0,nan
2003830744122_Node0_Node8_Zero,2003.830744,2012.433608,1,Expiry,21139,0,nan
2003836206052_Node0_Node8_Zero,2003.836206,2012.217198,1,Expiry,21139,0,nan
2003841675526_Node0_Node8_Zero,2003.841676,2013.711269,1,Expiry,21139,0,nan
2003847143252_Node0_Node8_Zero,2003.847143,2005.58566,1,RetryLimit,1642,1.3146745500000003e-13,nan
2003852610846_Node0_Node8_Zero,2003.852611,2013.139538,1,Expiry,21139,0,nan
2003858073655_Node0_Node8_Zero,2003.858074,2005.603381,1,RetryLimit,1642,0,nan
2003863536142_Node0_Node8_Zero,2003.863536,2013.849908,1,Expiry,21139,0,nan
2003868998139_Node0_Node8_Zero,2003.868998,2013.652828,1,Expiry,21139,0,nan
2003874463285_Node0_Node8_Zero,2003.874463,2013.340693,1,Expiry,21139,0,nan
2003879929696_Node0_Node8_Zero,2003.87993,2013.336209,1,Expiry,21139,0,nan
2003885395407_Node0_Node8_Zero,2003.885395,2005.681549,1,RetryLimit,1642,1.3146745500000003e-13,nan
2003890856526_Node0_Node8_Zero,2003.890857,2005.681549,1,RetryLimit,1642,1.3146745500000003e-13,nan
2003896323076_Node0_Node8_Zero,2003.896323,2012.893502,1,Expiry,21139,0,nan
2003901791412_Node0_Node8_Zero,2003.901791,2012.893502,1,Expiry,21139,0,nan
2003907253305_Node0_Node8_Zero,2003.907253,2013.628481,1,Expiry,21139,0,nan
2003912721636_Node0_Node8_Zero,2003.912722,2013.628481,1,Expiry,21139,0,nan
2003918187311_Node0_Node8_Zero,2003.918187,2012.463156,1,Expiry,21139,0,nan
2003923655363_Node0_Node8_Zero,2003.923655,2012.463156,1,Expiry,21139,0,nan
2003929116202_Node0_Node8_Zero,2003.929116,2013.633978,1,Expiry,21139,0,nan
2003934580646_Node0_Node8_Zero,2003.934581,2013.633978,1,Expiry,21139,0,nan
2003940048958_Node0_Node8_Zero,2003.940049,2005.424119,1,RetryLimit,1642,1.3146745500000003e-13,nan
2003945510043_Node0_Node8_Zero,2003.94551,2005.424119,1,RetryLimit,1642,1.3146745500000003e-13,nan
2003950977255_Node0_Node8_Zero,2003.950977,2005.723557,1,RetryLimit,1642,0,nan
2003956446615_Node0_Node8_Zero,2003.956447,2005.723557,1,RetryLimit,1642,0,nan
2003961913438_Node0_Node8_Zero,2003.961913,2005.465735,1,RetryLimit,1642,0,nan
2003967375261_Node0_Node8_Zero,2003.967375,2005.465735,1,RetryLimit,1642,0,nan
2003972843496_Node0_Node8_Zero,2003.972843,2005.465735,1,RetryLimit,1642,0,nan
2003978303794_Node0_Node8_Zero,2003.978304,2004.806598,0,,1073,7.572525408e-13,0
2003983769915_Node0_Node8_Zero,2003.98377,2004.806598,0,,1040,7.572525408e-13,0
2003989237563_Node0_Node8_Zero,2003.989238,2004.806598,0,,1007,7.572525408e-13,0
2003994698045_Node0_Node8_Zero,2003.994698,2004.821799,0,,1007,7.572525408e-13,0
2004000161489_Node0_Node8_Zero,2004.000161,2004.821799,0,,1007,7.572525408e-13,0
2004005629382_Node0_Node8_Zero,2004.005629,2004.821799,0,,1007,7.572525408e-13,0
2004011095202_Node0_Node8_Zero,2004.011095,2004.840998,0,,1007,7.572525408e-13,0
2004016558650_Node0_Node8_Zero,2004.016559,2004.840998,0,,1007,7.572525408e-13,0
2004022024657_Node0_Node8_Zero,2004.022025,2004.840998,0,,1007,7.572525408e-13,0
2004027490037_Node0_Node8_Zero,2004.02749,2004.847451,0,,1007,7.572525408e-13,0
2004032951918_Node0_Node8_Zero,2004.032952,2004.847451,0,,1007,7.572525408e-13,0
2004038417822_Node0_Node8_Zero,2004.038418,2004.847451,0,,1007,7.572525408e-13,0
2004043880876_Node0_Node8_Zero,2004.043881,2004.859304,0,,1007,7.572525408e-13,0
2004049341188_Node0_Node8_Zero,2004.049341,2004.859304,0,,1007,7.572525408e-13,0
2004054808352_Node0_Node8_Zero,2004.054808,2004.859304,0,,1007,7.572525408e-13,0
2004060268869_Node0_Node8_Zero,2004.060269,2004.863169,0,,1007,7.572525408e-13,0
2004065735867_Node0_Node8_Zero,2004.065736,2004.863169,0,,1007,7.572525408e-13,0
2004071198562_Node0_Node8_Zero,2004.071199,2004.863169,0,,1007,7.572525408e-13,0
2004076667963_Node0_Node8_Zero,2004.076668,2004.865176,0,,1007,7.572525408e-13,0
2004082128314_Node0_Node8_Zero,2004.082128,2004.865176,0,,1007,7.572525408e-13,0
2004087593871_Node0_Node8_Zero,2004.087594,2004.865176,0,,1007,7.572525408e-13,0
2004093054391_Node0_Node8_Zero,2004.093054,2004.867103,0,,1007,7.572525408e-13,0
2004098516463_Node0_Node8_Zero,2004.098516,2004.867103,0,,1007,7.572525408e-13,0
2004103982114_Node0_Node8_Zero,2004.103982,2004.867103,0,,1007,7.572525408e-13,0
2004109442098_Node0_Node8_Zero,2004.109442,2004.874158,0,,1007,7.572525408e-13,0
2004114903375_Node0_Node8_Zero,2004.114903,2004.874158,0,,1007,7.572525408e-13,0
2004120370214_Node0_Node8_Zero,2004.12037,2004.874158,0,,1007,7.572525408e-13,0
2004125832277_Node0_Node8_Zero,2004.125832,2004.876205,0,,1007,7.572525408e-13,0
2004131293525_Node0_Node8_Zero,2004.131294,2004.876205,0,,1007,7.572525408e-13,0
2004136761486_Node0_Node8_Zero,2004.136761,2004.876205,0,,1007,7.572525408e-13,0
2004142229174_Node0_Node8_Zero,2004.142229,2004.88151,0,,1007,7.572525408e-13,0
2004147697045_Node0_Node8_Zero,2004.147697,2004.88151,0,,1007,7.572525408e-13,0
2004153156998_Node0_Node8_Zero,2004.153157,2004.88151,0,,1007,7.572525408e-13,0
2004158616540_Node0_Node8_Zero,2004.158617,2004.885466,0,,1007,7.572525408e-13,0
2004164079820_Node0_Node8_Zero,2004.16408,2004.885466,0,,1007,7.572525408e-13,0
2004169547320_Node0_Node8_Zero,2004.169547,2004.885466,0,,1007,7.572525408e-13,0
2004175011566_Node0_Node8_Zero,2004.175012,2004.889421,0,,1007,7.572525408e-13,0
2004180480954_Node0_Node8_Zero,2004.180481,2004.889421,0,,1007,7.572525408e-13,0
2004185941502_Node0_Node8_Zero,2004.185942,2004.889421,0,,1007,7.572525408e-13,0
2004191407317_Node0_Node8_Zero,2004.191407,2004.893397,0,,1007,7.572525408e-13,0
2004196868622_Node0_Node8_Zero,2004.196869,2004.893397,0,,1007,7.572525408e-13,0
2004202331481_Node0_Node8_Zero,2004.202331,2004.893397,0,,1007,7.572525408e-13,0
2004207796144_Node0_Node8_Zero,2004.207796,2004.897452,0,,1007,7.572525408e-13,0
2004213261685_Node0_Node8_Zero,2004.213262,2004.897452,0,,1007,7.572525408e-13,0
2004218723324_Node0_Node8_Zero,2004.218723,2004.897452,0,,1007,7.572525408e-13,0
2004224192132_Node0_Node8_Zero,2004.224192,2004.901328,0,,1007,7.572525408e-13,0
2004229660545_Node0_Node8_Zero,2004.229661,2004.901328,0,,1007,7.572525408e-13,0
2004235125864_Node0_Node8_Zero,2004.235126,2004.901328,0,,1007,7.572525408e-13,0
2004240587982_Node0_Node8_Zero,2004.240588,2004.905283,0,,1007,7.572525408e-13,0
2004246049850_Node0_Node8_Zero,2004.24605,2004.905283,0,,918,7.572525408e-13,0
2004251511487_Node0_Node8_Zero,2004.251511,2004.905283,0,,918,7.572525408e-13,0
2004256973321_Node0_Node8_Zero,2004.256973,2004.90729,0,,918,7.572525408e-13,0
2004262441826_Node0_Node8_Zero,2004.262442,2004.90729,0,,829,7.572525408e-13,0
2004267908531_Node0_Node8_Zero,2004.267909,2004.90729,0,,787,7.572525408e-13,0
2004273374349_Node0_Node8_Zero,2004.273374,2004.912955,0,,687,7.572525408e-13,0
2004278835469_Node0_Node8_Zero,2004.278835,2004.912955,0,,444,7.572525408e-13,0
2004284301303_Node0_Node8_Zero,2004.284301,2004.912955,0,,214,7.572525408e-13,0
2004289768759_Node0_Node8_Zero,2004.289769,2004.916951,0,,49,7.572525408e-13,0
2004295234227_Node0_Node8_Zero,2004.295234,2004.916951,0,,49,7.572525408e-13,0
2004300699525_Node0_Node8_Zero,2004.3007,2004.916951,0,,49,7.572525408e-13,0
2004306166669_Node0_Node8_Zero,2004.306167,2004.920886,0,,49,7.572525408e-13,0
2004311627347_Node0_Node8_Zero,2004.311627,2004.920886,0,,49,7.572525408e-13,0
2004317096567_Node0_Node8_Zero,2004.317097,2004.920886,0,,49,7.572525408e-13,0
2004322559966_Node0_Node8_Zero,2004.32256,2004.922813,0,,49,7.572525408e-13,0
2004328025339_Node0_Node8_Zero,2004.328025,2004.922813,0,,49,7.572525408e-13,0
2004333491530_Node0_Node8_Zero,2004.333492,2004.922813,0,,49,7.572525408e-13,0
2004338951743_Node0_Node8_Zero,2004.338952,2004.928559,0,,49,7.572525408e-13,0
2004344415843_Node0_Node8_Zero,2004.344416,2004.928559,0,,49,7.572525408e-13,0
2004349880359_Node0_Node8_Zero,2004.34988,2004.928559,0,,49,7.572525408e-13,0
2004355341787_Node0_Node8_Zero,2004.355342,2004.930605,0,,49,7.572525408e-13,0
2004360802056_Node0_Node8_Zero,2004.360802,2004.930605,0,,49,7.572525408e-13,0
2004366263534_Node0_Node8_Zero,2004.366264,2004.930605,0,,49,7.572525408e-13,0
2004371723991_Node0_Node8_Zero,2004.371724,2004.932492,0,,49,7.572525408e-13,0
2004377190677_Node0_Node8_Zero,2004.377191,2004.932492,0,,49,7.572525408e-13,0
2004382651027_Node0_Node8_Zero,2004.382651,2004.932492,0,,49,7.572525408e-13,0
2004388115087_Node0_Node8_Zero,2004.388115,2004.939227,0,,49,7.572525408e-13,0
2004393575229_Node0_Node8_Zero,2004.393575,2004.939227,0,,49,7.572525408e-13,0
2004399038268_Node0_Node8_Zero,2004.399038,2004.939227,0,,49,7.572525408e-13,0
2004404499410_Node0_Node8_Zero,2004.404499,2004.943183,0,,49,7.572525408e-13,0
2004409962477_Node0_Node8_Zero,2004.409962,2004.943183,0,,49,7.572525408e-13,0
2004415427687_Node0_Node8_Zero,2004.415428,2004.943183,0,,49,7.572525408e-13,0
2004420891835_Node0_Node8_Zero,2004.420892,2004.94519,0,,49,7.572525408e-13,0
2004426359599_Node0_Node8_Zero,2004.42636,2004.94519,0,,49,7.572525408e-13,0
2004431819147_Node0_Node8_Zero,2004.431819,2004.94519,0,,49,7.572525408e-13,0
2004437282206_Node0_Node8_Zero,2004.437282,2004.947076,0,,49,7.572525408e-13,0
2004442747188_Node0_Node8_Zero,2004.442747,2004.947076,0,,49,7.572525408e-13,0
2004448213325_Node0_Node8_Zero,2004.448213,2004.947076,0,,49,7.572525408e-13,0
2004453673888_Node0_Node8_Zero,2004.453674,2004.949023,0,,49,7.572525408e-13,0
2004459140669_Node0_Node8_Zero,2004.459141,2004.949023,0,,49,7.572525408e-13,0
2004464605879_Node0_Node8_Zero,2004.464606,2004.949023,0,,49,7.572525408e-13,0
2004470072580_Node0_Node8_Zero,2004.470073,2004.957408,0,,49,7.572525408e-13,0
2004475535676_Node0_Node8_Zero,2004.475536,2004.957408,0,,49,7.572525408e-13,0
2004480998895_Node0_Node8_Zero,2004.480999,2004.957408,0,,49,7.572525408e-13,0
2004486462773_Node0_Node8_Zero,2004.486463,2004.961403,0,,49,7.572525408e-13,0
2004491925282_Node0_Node8_Zero,2004.491925,2004.961403,0,,49,7.572525408e-13,0
2004497391739_Node0_Node8_Zero,2004.497392,2004.961403,0,,49,7.572525408e-13,0
2004502859407_Node0_Node8_Zero,2004.502859,2004.96331,0,,49,7.572525408e-13,0
2004508321682_Node0_Node8_Zero,2004.508322,2004.96331,0,,49,7.572525408e-13,0
2004513785889_Node0_Node8_Zero,2004.513786,2004.96331,0,,49,7.572525408e-13,0
2004519251665_Node0_Node8_Zero,2004.519252,2004.968756,0,,49,7.572525408e-13,0
2004524713319_Node0_Node8_Zero,2004.524713,2004.968756,0,,49,7.572525408e-13,0
2004530181267_Node0_Node8_Zero,2004.530181,2004.968756,0,,49,7.572525408e-13,0
2004535644114_Node0_Node8_Zero,2004.535644,2004.970762,0,,49,7.572525408e-13,0
2004541104457_Node0_Node8_Zero,2004.541104,2004.970762,0,,49,7.572525408e-13,0
2004546564837_Node0_Node8_Zero,2004.546565,2004.970762,0,,49,7.572525408e-13,0
2004552025049_Node0_Node8_Zero,2004.552025,2004.976388,0,,49,7.572525408e-13,0
2004557492413_Node0_Node8_Zero,2004.557492,2004.976388,0,,49,7.572525408e-13,0
2004562957987_Node0_Node8_Zero,2004.562958,2004.976388,0,,49,7.572525408e-13,0
2004568417709_Node0_Node8_Zero,2004.568418,2004.978275,0,,49,7.572525408e-13,0
2004573878996_Node0_Node8_Zero,2004.573879,2004.978275,0,,49,7.572525408e-13,0
2004579344058_Node0_Node8_Zero,2004.579344,2004.978275,0,,49,7.572525408e-13,0
2004584804203_Node0_Node8_Zero,2004.584804,2004.984,0,,49,7.572525408e-13,0
2004590268837_Node0_Node8_Zero,2004.590269,2004.984,0,,49,7.572525408e-13,0
2004595728434_Node0_Node8_Zero,2004.595728,2004.984,0,,49,7.572525408e-13,0
2004601197228_Node0_Node8_Zero,2004.601197,2004.987996,0,,49,7.572525408e-13,0
2004606666215_Node0_Node8_Zero,2004.606666,2004.987996,0,,49,7.572525408e-13,0
2004612133195_Node0_Node8_Zero,2004.612133,2004.987996,0,,49,7.572525408e-13,0
2004617594709_Node0_Node8_Zero,2004.617595,2004.994159,0,,51,7.572525408e-13,0
2004623062161_Node0_Node8_Zero,2004.623062,2004.994159,0,,51,7.572525408e-13,0
2004628526878_Node0_Node8_Zero,2004.628527,2004.994159,0,,51,7.572525408e-13,0
2004633987833_Node0_Node8_Zero,2004.633988,2004.992072,0,,51,7.572525408e-13,0
2004639450320_Node0_Node8_Zero,2004.63945,2004.992072,0,,51,7.572525408e-13,0
2004644913686_Node0_Node8_Zero,2004.644914,2004.992072,0,,51,7.572525408e-13,0
2004650379061_Node0_Node8_Zero,2004.650379,2004.996246,0,,51,7.572525408e-13,0
2004655845314_Node0_Node8_Zero,2004.655845,2004.996246,0,,51,7.572525408e-13,0
2004661312444_Node0_Node8_Zero,2004.661312,2004.996246,0,,51,7.572525408e-13,0
2004666774894_Node0_Node8_Zero,2004.666775,2005.000161,0,,51,7.572525408e-13,0
2004672239807_Node0_Node8_Zero,2004.67224,2005.000161,0,,51,7.572525408e-13,0
2004677708822_Node0_Node8_Zero,2004.677709,2005.000161,0,,51,7.572525408e-13,0
2004683176494_Node0_Node8_Zero,2004.683176,2005.003467,0,,51,7.572525408e-13,0
2004688638378_Node0_Node8_Zero,2004.688638,2005.003467,0,,51,7.572525408e-13,0
2004694106546_Node0_Node8_Zero,2004.694107,2005.003467,0,,51,7.572525408e-13,0
2004699571262_Node0_Node8_Zero,2004.699571,2005.005554,0,,51,7.572525408e-13,0
2004705036687_Node0_Node8_Zero,2004.705037,2005.005554,0,,51,7.572525408e-13,0
2004710503090_Node0_Node8_Zero,2004.710503,2005.005554,0,,51,7.572525408e-13,0
2004715963543_Node0_Node8_Zero,2004.715964,2005.01705,0,,51,7.572525408e-13,0
2004721430584_Node0_Node8_Zero,2004.721431,2005.01705,0,,51,7.572525408e-13,0
2004726898079_Node0_Node8_Zero,2004.726898,2005.01705,0,,51,7.572525408e-13,0
2004732365645_Node0_Node8_Zero,2004.732366,2005.023881,0,,51,7.572525408e-13,0
2004737831802_Node0_Node8_Zero,2004.737832,2005.023881,0,,51,7.572525408e-13,0
2004743294210_Node0_Node8_Zero,2004.743294,2005.023881,0,,51,7.572525408e-13,0
2004748762147_Node0_Node8_Zero,2004.748762,2006.157939,0,,760,7.572525408e-13,0
2004754223757_Node0_Node8_Zero,2004.754224,2006.157939,0,,760,7.572525408e-13,0
2004759686102_Node0_Node8_Zero,2004.759686,2006.157939,0,,760,7.572525408e-13,0
2004765150756_Node0_Node8_Zero,2004.765151,2005.034138,0,,119,7.572525408e-13,0
2004770613039_Node0_Node8_Zero,2004.770613,2005.034138,0,,72,7.572525408e-13,0
2004776081180_Node0_Node8_Zero,2004.776081,2005.034138,0,,72,7.572525408e-13,0
2004781545864_Node0_Node8_Zero,2004.781546,2005.066516,0,,140,7.572525408e-13,0
2004787013975_Node0_Node8_Zero,2004.787014,2005.066516,0,,140,7.572525408e-13,0
2004792475218_Node0_Node8_Zero,2004.792475,2005.066516,0,,140,7.572525408e-13,0
2004797942325_Node0_Node8_Zero,2004.797942,2005.770319,0,,573,7.572525408e-13,0
2004803410206_Node0_Node8_Zero,2004.80341,2005.770319,0,,573,7.572525408e-13,0
2004808875376_Node0_Node8_Zero,2004.808875,2005.770319,0,,571,7.572525408e-13,0
2004814339517_Node0_Node8_Zero,2004.81434,2005.764282,0,,569,7.572525408e-13,0
2004819802570_Node0_Node8_Zero,2004.819803,2005.764282,0,,569,7.572525408e-13,0
2004825265027_Node0_Node8_Zero,2004.825265,2005.764282,0,,569,7.572525408e-13,0
2004830732531_Node0_Node8_Zero,2004.830733,2006.786803,1,RetryLimit,8918,0,nan
2004836198173_Node0_Node8_Zero,2004.836198,2006.786803,1,RetryLimit,8918,0,nan
2004841659953_Node0_Node8_Zero,2004.84166,2006.786803,1,RetryLimit,8918,0,nan
2004847128938_Node0_Node8_Zero,2004.847129,2006.786803,1,RetryLimit,8918,0,nan
2004852592669_Node0_Node8_Zero,2004.852593,inf,-1,Still in Queue,-14901,0,nan
2004858059118_Node0_Node8_Zero,2004.858059,inf,-1,Still in Queue,-14901,0,nan
2004863523631_Node0_Node8_Zero,2004.863524,inf,-1,Still in Queue,-14901,0,nan
2004868983305_Node0_Node8_Zero,2004.868983,inf,-1,Still in Queue,-14901,4.1771297400000006e-12,nan
2004874448227_Node0_Node8_Zero,2004.874448,2013.046705,1,Expiry,20066,0,nan
2004879914423_Node0_Node8_Zero,2004.879914,2013.046705,1,Expiry,20066,0,nan
2004885381736_Node0_Node8_Zero,2004.885382,2013.046705,1,Expiry,20066,0,nan
2004890841639_Node0_Node8_Zero,2004.890842,2013.046705,1,Expiry,20066,0,nan
2004896307536_Node0_Node8_Zero,2004.896308,2006.16171,0,,711,7.572525408e-13,0
2004901772520_Node0_Node8_Zero,2004.901773,2006.16171,0,,711,7.572525408e-13,0
2004907239283_Node0_Node8_Zero,2004.907239,2006.16171,0,,711,7.572525408e-13,0
2004912704116_Node0_Node8_Zero,2004.912704,2006.16171,0,,711,7.572525408e-13,0
2004918163834_Node0_Node8_Zero,2004.918164,2006.165521,0,,711,7.572525408e-13,0
2004923631253_Node0_Node8_Zero,2004.923631,2006.165521,0,,711,7.572525408e-13,0
2004929096240_Node0_Node8_Zero,2004.929096,2006.165521,0,,711,7.572525408e-13,0
2004934561821_Node0_Node8_Zero,2004.934562,2006.165521,0,,711,7.572525408e-13,0
2004940024025_Node0_Node8_Zero,2004.940024,2006.175022,0,,802,7.572525408e-13,0
2004945486125_Node0_Node8_Zero,2004.945486,2006.175022,0,,802,7.572525408e-13,0
2004950946102_Node0_Node8_Zero,2004.950946,2006.175022,0,,802,7.572525408e-13,0
2004956412745_Node0_Node8_Zero,2004.956413,2006.175022,0,,802,7.572525408e-13,0
2004961879085_Node0_Node8_Zero,2004.961879,2006.178875,0,,804,7.572525408e-13,0
2004967347359_Node0_Node8_Zero,2004.967347,2006.178875,0,,804,7.572525408e-13,0
2004972810951_Node0_Node8_Zero,2004.972811,2006.178875,0,,804,7.572525408e-13,0
2004978276395_Node0_Node8_Zero,2004.978276,2006.178875,0,,804,7.572525408e-13,0
2004983745725_Node0_Node8_Zero,2004.983746,2006.193862,0,,893,7.572525408e-13,0
2004989205393_Node0_Node8_Zero,2004.989205,2006.193862,0,,893,7.572525408e-13,0
2004994667298_Node0_Node8_Zero,2004.994667,2006.193862,0,,891,7.572525408e-13,0
2005000127356_Node0_Node8_Zero,2005.000127,2006.193862,0,,891,7.572525408e-13,0
2005005590099_Node0_Node8_Zero,2005.00559,2006.209729,0,,980,7.572525408e-13,0
2005011058342_Node0_Node8_Zero,2005.011058,2006.209729,0,,980,7.572525408e-13,0
2005016519526_Node0_Node8_Zero,2005.01652,2006.209729,0,,980,7.572525408e-13,0
2005021984868_Node0_Node8_Zero,2005.021985,2006.209729,0,,980,7.572525408e-13,0
2005027444484_Node0_Node8_Zero,2005.027444,2006.236787,0,,980,7.572525408e-13,0
2005032911446_Node0_Node8_Zero,2005.032911,2006.236787,0,,912,7.572525408e-13,0
2005038380510_Node0_Node8_Zero,2005.038381,2006.236787,0,,844,7.572525408e-13,0
2005043847263_Node0_Node8_Zero,2005.043847,2006.236787,0,,844,7.572525408e-13,0
2005049311281_Node0_Node8_Zero,2005.049311,2006.238881,0,,844,7.572525408e-13,0
2005054774170_Node0_Node8_Zero,2005.054774,2006.238881,0,,844,7.572525408e-13,0
2005060240508_Node0_Node8_Zero,2005.060241,2006.238881,0,,844,7.572525408e-13,0
2005065700183_Node0_Node8_Zero,2005.0657,2006.238881,0,,844,7.572525408e-13,0
2005071169509_Node0_Node8_Zero,2005.07117,2006.240818,0,,745,7.572525408e-13,0
2005076637400_Node0_Node8_Zero,2005.076637,2006.240818,0,,530,7.572525408e-13,0
2005082101580_Node0_Node8_Zero,2005.082102,2006.240818,0,,504,7.572525408e-13,0
2005087568120_Node0_Node8_Zero,2005.087568,2006.240818,0,,504,7.572525408e-13,0
2005093032773_Node0_Node8_Zero,2005.093033,2006.242754,0,,504,7.572525408e-13,0
2005098498199_Node0_Node8_Zero,2005.098498,2006.242754,0,,504,7.572525408e-13,0
2005103965259_Node0_Node8_Zero,2005.103965,2006.242754,0,,504,7.572525408e-13,0
2005109427225_Node0_Node8_Zero,2005.109427,2006.242754,0,,504,7.572525408e-13,0
2005114892721_Node0_Node8_Zero,2005.114893,2006.244871,0,,504,7.572525408e-13,0
2005120359830_Node0_Node8_Zero,2005.12036,2006.244871,0,,504,7.572525408e-13,0
2005125820164_Node0_Node8_Zero,2005.12582,2006.244871,0,,504,7.572525408e-13,0
2005131285632_Node0_Node8_Zero,2005.131286,2006.244871,0,,504,7.572525408e-13,0
2005136753838_Node0_Node8_Zero,2005.136754,2006.247008,0,,504,7.572525408e-13,0
2005142222876_Node0_Node8_Zero,2005.142223,2006.247008,0,,504,7.572525408e-13,0
2005147689656_Node0_Node8_Zero,2005.14769,2006.247008,0,,504,7.572525408e-13,0
2005153153333_Node0_Node8_Zero,2005.153153,2006.247008,0,,504,7.572525408e-13,0
2005158618914_Node0_Node8_Zero,2005.158619,2006.248965,0,,504,7.572525408e-13,0
2005164087311_Node0_Node8_Zero,2005.164087,2006.248965,0,,504,7.572525408e-13,0
2005169554480_Node0_Node8_Zero,2005.169554,2006.248965,0,,504,7.572525408e-13,0
2005175014457_Node0_Node8_Zero,2005.175014,2006.248965,0,,504,7.572525408e-13,0
2005180478961_Node0_Node8_Zero,2005.180479,2006.250922,0,,504,7.572525408e-13,0
2005185947870_Node0_Node8_Zero,2005.185948,2006.250922,0,,504,7.572525408e-13,0
2005191412598_Node0_Node8_Zero,2005.191413,2006.250922,0,,504,7.572525408e-13,0
2005196880547_Node0_Node8_Zero,2005.196881,2006.250922,0,,504,7.572525408e-13,0
2005202344721_Node0_Node8_Zero,2005.202345,2006.252839,0,,504,7.572525408e-13,0
2005207810666_Node0_Node8_Zero,2005.207811,2006.252839,0,,502,7.572525408e-13,0
2005213273040_Node0_Node8_Zero,2005.213273,2006.252839,0,,502,7.572525408e-13,0
2005218732558_Node0_Node8_Zero,2005.218733,2006.252839,0,,502,7.572525408e-13,0
2005224201246_Node0_Node8_Zero,2005.224201,2006.254956,0,,502,7.572525408e-13,0
2005229664443_Node0_Node8_Zero,2005.229664,2006.254956,0,,502,7.572525408e-13,0
2005235126152_Node0_Node8_Zero,2005.235126,2006.254956,0,,490,7.572525408e-13,0
2005240592551_Node0_Node8_Zero,2005.240593,2006.254956,0,,413,7.572525408e-13,0
2005246052317_Node0_Node8_Zero,2005.246052,2006.256873,0,,413,7.572525408e-13,0
2005251515164_Node0_Node8_Zero,2005.251515,2006.256873,0,,413,7.572525408e-13,0
2005256982439_Node0_Node8_Zero,2005.256982,2006.256873,0,,413,7.572525408e-13,0
2005262444188_Node0_Node8_Zero,2005.262444,2006.256873,0,,413,7.572525408e-13,0
2005267906624_Node0_Node8_Zero,2005.267907,2006.258769,0,,413,7.572525408e-13,0
2005273373499_Node0_Node8_Zero,2005.273373,2006.258769,0,,413,7.572525408e-13,0
2005278842948_Node0_Node8_Zero,2005.278843,2006.258769,0,,413,7.572525408e-13,0
2005284305227_Node0_Node8_Zero,2005.284305,2006.258769,0,,413,7.572525408e-13,0
2005289765741_Node0_Node8_Zero,2005.289766,2006.260726,0,,413,7.572525408e-13,0
2005295229047_Node0_Node8_Zero,2005.295229,2006.260726,0,,413,7.572525408e-13,0
2005300694265_Node0_Node8_Zero,2005.300694,2006.260726,0,,413,7.572525408e-13,0
2005306154231_Node0_Node8_Zero,2005.306154,2006.260726,0,,413,7.572525408e-13,0
2005311620208_Node0_Node8_Zero,2005.31162,2006.268897,0,,413,7.572525408e-13,0
2005317079942_Node0_Node8_Zero,2005.31708,2006.268897,0,,413,7.572525408e-13,0
2005322542993_Node0_Node8_Zero,2005.322543,2006.268897,0,,413,7.572525408e-13,0
2005328005931_Node0_Node8_Zero,2005.328006,2006.268897,0,,413,7.572525408e-13,0
2005333469192_Node0_Node8_Zero,2005.333469,2006.263821,0,,413,7.572525408e-13,0
2005338930156_Node0_Node8_Zero,2005.33893,2006.263821,0,,413,7.572525408e-13,0
2005344390359_Node0_Node8_Zero,2005.34439,2006.263821,0,,413,7.572525408e-13,0
2005349851074_Node0_Node8_Zero,2005.349851,2006.263821,0,,413,7.572525408e-13,0
2005355316762_Node0_Node8_Zero,2005.355317,2006.270933,0,,413,7.572525408e-13,0
2005360786234_Node0_Node8_Zero,2005.360786,2006.270933,0,,413,7.572525408e-13,0
2005366253899_Node0_Node8_Zero,2005.366254,2006.270933,0,,413,7.572525408e-13,0
2005371720898_Node0_Node8_Zero,2005.371721,2006.270933,0,,413,7.572525408e-13,0
2005377183866_Node0_Node8_Zero,2005.377184,2006.27303,0,,413,7.572525408e-13,0
2005382643860_Node0_Node8_Zero,2005.382644,2006.27303,0,,413,7.572525408e-13,0
2005388108632_Node0_Node8_Zero,2005.388109,2006.27303,0,,413,7.572525408e-13,0
2005393571918_Node0_Node8_Zero,2005.393572,2006.27303,0,,413,7.572525408e-13,0
2005399039259_Node0_Node8_Zero,2005.399039,2006.275187,0,,413,7.572525408e-13,0
2005404506065_Node0_Node8_Zero,2005.404506,2006.275187,0,,413,7.572525408e-13,0
2005409974749_Node0_Node8_Zero,2005.409975,2006.275187,0,,413,7.572525408e-13,0
2005415443996_Node0_Node8_Zero,2005.415444,2006.275187,0,,413,7.572525408e-13,0
2005420910415_Node0_Node8_Zero,2005.42091,2006.277224,0,,413,7.572525408e-13,0
2005426371235_Node0_Node8_Zero,2005.426371,2006.277224,0,,413,7.572525408e-13,0
2005431838688_Node0_Node8_Zero,2005.431839,2006.277224,0,,413,7.572525408e-13,0
2005437301643_Node0_Node8_Zero,2005.437302,2006.277224,0,,413,7.572525408e-13,0
2005442770123_Node0_Node8_Zero,2005.44277,2006.279161,0,,413,7.572525408e-13,0
2005448237734_Node0_Node8_Zero,2005.448238,2006.279161,0,,413,7.572525408e-13,0
2005453698434_Node0_Node8_Zero,2005.453698,2006.279161,0,,413,7.572525408e-13,0
2005459164808_Node0_Node8_Zero,2005.459165,2006.279161,0,,413,7.572525408e-13,0
2005464632788_Node0_Node8_Zero,2005.464633,2006.281318,0,,413,7.572525408e-13,0
2005470099932_Node0_Node8_Zero,2005.4701,2006.281318,0,,413,7.572525408e-13,0
2005475569057_Node0_Node8_Zero,2005.475569,2006.281318,0,,413,7.572525408e-13,0
2005481034651_Node0_Node8_Zero,2005.481035,2006.281318,0,,413,7.572525408e-13,0
2005486503664_Node0_Node8_Zero,2005.486504,2006.283215,0,,413,7.572525408e-13,0
2005491966592_Node0_Node8_Zero,2005.491967,2006.283215,0,,413,7.572525408e-13,0
2005497431708_Node0_Node8_Zero,2005.497432,2006.283215,0,,413,7.572525408e-13,0
2005502899714_Node0_Node8_Zero,2005.5029,2006.283215,0,,413,7.572525408e-13,0
2005508364639_Node0_Node8_Zero,2005.508365,2006.306476,0,,502,7.572525408e-13,0
2005513829277_Node0_Node8_Zero,2005.513829,2006.297962,0,,502,7.572525408e-13,0
2005519296627_Node0_Node8_Zero,2005.519297,2006.297962,0,,502,7.572525408e-13,0
2005524757579_Node0_Node8_Zero,2005.524758,2006.297962,0,,502,7.572525408e-13,0
2005530222085_Node0_Node8_Zero,2005.530222,2006.286089,0,,413,7.572525408e-13,0
2005535686459_Node0_Node8_Zero,2005.535686,2006.286089,0,,413,7.572525408e-13,0
2005541153690_Node0_Node8_Zero,2005.541154,2006.286089,0,,413,7.572525408e-13,0
2005546618730_Node0_Node8_Zero,2005.546619,2006.286089,0,,413,7.572525408e-13,0
2005552087743_Node0_Node8_Zero,2005.552088,2006.299999,0,,502,7.572525408e-13,0
2005557548548_Node0_Node8_Zero,2005.557549,2006.299999,0,,502,7.572525408e-13,0
2005563015562_Node0_Node8_Zero,2005.563016,2006.299999,0,,502,7.572525408e-13,0
2005568478237_Node0_Node8_Zero,2005.568478,2006.299999,0,,502,7.572525408e-13,0
2005573941329_Node0_Node8_Zero,2005.573941,2006.308613,0,,502,7.572525408e-13,0
2005579408833_Node0_Node8_Zero,2005.579409,2006.308613,0,,502,7.572525408e-13,0
2005584877809_Node0_Node8_Zero,2005.584878,2006.308613,0,,502,7.572525408e-13,0
2005590345668_Node0_Node8_Zero,2005.590346,2006.308613,0,,502,7.572525408e-13,0
2005595811733_Node0_Node8_Zero,2005.595812,2006.31057,0,,502,7.572525408e-13,0
2005601274827_Node0_Node8_Zero,2005.601275,2006.31057,0,,502,7.572525408e-13,0
2005606742484_Node0_Node8_Zero,2005.606742,2006.31057,0,,502,7.572525408e-13,0
2005612206109_Node0_Node8_Zero,2005.612206,2006.31057,0,,502,7.572525408e-13,0
2005617668602_Node0_Node8_Zero,2005.617669,2006.312507,0,,502,7.572525408e-13,0
2005623132602_Node0_Node8_Zero,2005.623133,2006.312507,0,,502,7.572525408e-13,0
2005628597280_Node0_Node8_Zero,2005.628597,2006.312507,0,,502,7.572525408e-13,0
2005634065424_Node0_Node8_Zero,2005.634065,2006.312507,0,,502,7.572525408e-13,0
2005639525159_Node0_Node8_Zero,2005.639525,2006.314464,0,,502,7.572525408e-13,0
2005644993772_Node0_Node8_Zero,2005.644994,2006.314464,0,,502,7.572525408e-13,0
2005650460061_Node0_Node8_Zero,2005.65046,2006.314464,0,,502,7.572525408e-13,0
2005655929260_Node0_Node8_Zero,2005.655929,2006.314464,0,,502,7.572525408e-13,0
2005661391957_Node0_Node8_Zero,2005.661392,2006.3164,0,,502,7.572525408e-13,0
2005666857584_Node0_Node8_Zero,2005.666858,2006.3164,0,,502,7.572525408e-13,0
2005672318619_Node0_Node8_Zero,2005.672319,2006.3164,0,,502,7.572525408e-13,0
2005677780104_Node0_Node8_Zero,2005.67778,2006.3164,0,,502,7.572525408e-13,0
2005683244636_Node0_Node8_Zero,2005.683245,2006.318477,0,,502,7.572525408e-13,0
2005688709997_Node0_Node8_Zero,2005.68871,2006.318477,0,,502,7.572525408e-13,0
2005694172856_Node0_Node8_Zero,2005.694173,2006.318477,0,,502,7.572525408e-13,0
2005699639152_Node0_Node8_Zero,2005.699639,2006.318477,0,,502,7.572525408e-13,0
2005705102149_Node0_Node8_Zero,2005.705102,2006.320594,0,,502,7.572525408e-13,0
2005710566841_Node0_Node8_Zero,2005.710567,2006.320594,0,,502,7.572525408e-13,0
2005716035060_Node0_Node8_Zero,2005.716035,2006.320594,0,,502,7.572525408e-13,0
2005721496136_Node0_Node8_Zero,2005.721496,2006.320594,0,,502,7.572525408e-13,0
2005726964757_Node0_Node8_Zero,2005.726965,2006.326106,0,,502,7.572525408e-13,0
2005732428241_Node0_Node8_Zero,2005.732428,2006.326106,0,,502,7.572525408e-13,0
2005737888448_Node0_Node8_Zero,2005.737888,2006.326106,0,,502,7.572525408e-13,0
2005743356224_Node0_Node8_Zero,2005.743356,2006.326106,0,,502,7.572525408e-13,0
2005748816707_Node0_Node8_Zero,2005.748817,2006.324049,0,,502,7.572525408e-13,0
2005754283492_Node0_Node8_Zero,2005.754283,2006.324049,0,,502,7.572525408e-13,0
2005759746268_Node0_Node8_Zero,2005.759746,2006.330381,0,,502,7.572525408e-13,0
2005765212848_Node0_Node8_Zero,2005.765213,2006.324049,0,,502,7.572525408e-13,0
2005770681781_Node0_Node8_Zero,2005.770682,2006.332658,0,,490,7.572525408e-13,0
2005776150066_Node0_Node8_Zero,2005.77615,2006.332658,0,,432,7.572525408e-13,0
2005781616503_Node0_Node8_Zero,2005.781617,2006.332658,0,,428,7.572525408e-13,0
2005787081357_Node0_Node8_Zero,2005.787081,2006.332658,0,,428,7.572525408e-13,0
2005792549353_Node0_Node8_Zero,2005.792549,2006.334835,0,,428,7.572525408e-13,0
2005798013581_Node0_Node8_Zero,2005.798014,2006.334835,0,,428,7.572525408e-13,0
2005803480588_Node0_Node8_Zero,2005.803481,2006.334835,0,,360,7.572525408e-13,0
2005808945515_Node0_Node8_Zero,2005.808946,2006.334835,0,,360,7.572525408e-13,0
2005814409940_Node0_Node8_Zero,2005.81441,2006.336772,0,,360,7.572525408e-13,0
2005819875553_Node0_Node8_Zero,2005.819876,2006.336772,0,,360,7.572525408e-13,0
2005825341677_Node0_Node8_Zero,2005.825342,2006.336772,0,,360,7.572525408e-13,0
2005830803472_Node0_Node8_Zero,2005.830803,2006.336772,0,,360,7.572525408e-13,0
2005836268738_Node0_Node8_Zero,2005.836269,2006.342044,0,,360,7.572525408e-13,0
2005841735387_Node0_Node8_Zero,2005.841735,2006.342044,0,,360,7.572525408e-13,0
2005847200010_Node0_Node8_Zero,2005.8472,2006.339807,0,,360,7.572525408e-13,0
2005852661482_Node0_Node8_Zero,2005.852661,2006.339807,0,,360,7.572525408e-13,0
2005858126177_Node0_Node8_Zero,2005.858126,2006.34412,0,,360,7.572525408e-13,0
2005863594000_Node0_Node8_Zero,2005.863594,2006.34412,0,,360,7.572525408e-13,0
2005869055772_Node0_Node8_Zero,2005.869056,2006.34412,0,,360,7.572525408e-13,0
2005874524567_Node0_Node8_Zero,2005.874525,2006.34412,0,,360,7.572525408e-13,0
2005879990961_Node0_Node8_Zero,2005.879991,2006.346017,0,,360,7.572525408e-13,0
2005885452459_Node0_Node8_Zero,2005.885452,2006.346017,0,,360,7.572525408e-13,0
2005890915171_Node0_Node8_Zero,2005.890915,2006.346017,0,,360,7.572525408e-13,0
2005896375640_Node0_Node8_Zero,2005.896376,2006.346017,0,,360,7.572525408e-13,0
2005901843376_Node0_Node8_Zero,2005.901843,2006.348134,0,,360,7.572525408e-13,0
2005907312124_Node0_Node8_Zero,2005.907312,2006.348134,0,,360,7.572525408e-13,0
2005912773227_Node0_Node8_Zero,2005.912773,2006.348134,0,,360,7.572525408e-13,0
2005918237898_Node0_Node8_Zero,2005.918238,2006.348134,0,,360,7.572525408e-13,0
2005923705239_Node0_Node8_Zero,2005.923705,2006.350191,0,,360,7.572525408e-13,0
2005929169335_Node0_Node8_Zero,2005.929169,2006.350191,0,,360,7.572525408e-13,0
2005934634433_Node0_Node8_Zero,2005.934634,2006.350191,0,,360,7.572525408e-13,0
2005940103743_Node0_Node8_Zero,2005.940104,2006.350191,0,,360,7.572525408e-13,0
2005945567355_Node0_Node8_Zero,2005.945567,2006.352248,0,,360,7.572525408e-13,0
2005951034015_Node0_Node8_Zero,2005.951034,2006.352248,0,,360,7.572525408e-13,0
2005956500352_Node0_Node8_Zero,2005.9565,2006.352248,0,,360,7.572525408e-13,0
2005961963763_Node0_Node8_Zero,2005.961964,2006.352248,0,,360,7.572525408e-13,0
2005967429240_Node0_Node8_Zero,2005.967429,2006.354165,0,,360,7.572525408e-13,0
2005972898341_Node0_Node8_Zero,2005.972898,2006.354165,0,,360,7.572525408e-13,0
2005978367480_Node0_Node8_Zero,2005.978367,2006.354165,0,,360,7.572525408e-13,0
2005983834098_Node0_Node8_Zero,2005.983834,2006.354165,0,,360,7.572525408e-13,0
2005989302854_Node0_Node8_Zero,2005.989303,2006.361875,0,,360,7.572525408e-13,0
2005994770579_Node0_Node8_Zero,2005.994771,2006.361875,0,,360,7.572525408e-13,0
2006000233799_Node0_Node8_Zero,2006.000234,2006.361875,0,,360,7.572525408e-13,0
2006005697291_Node0_Node8_Zero,2006.005697,2006.361875,0,,360,7.572525408e-13,0
2006011157919_Node0_Node8_Zero,2006.011158,2006.35684,0,,360,7.572525408e-13,0
2006016624897_Node0_Node8_Zero,2006.016625,2006.35684,0,,360,7.572525408e-13,0
2006022086323_Node0_Node8_Zero,2006.022086,2006.35684,0,,360,7.572525408e-13,0
2006027547081_Node0_Node8_Zero,2006.027547,2006.35684,0,,360,7.572525408e-13,0
2006033011723_Node0_Node8_Zero,2006.033012,2006.364272,0,,360,7.572525408e-13,0
2006038477972_Node0_Node8_Zero,2006.038478,2006.364272,0,,360,7.572525408e-13,0
2006043937733_Node0_Node8_Zero,2006.043938,2006.364272,0,,360,7.572525408e-13,0
2006049405108_Node0_Node8_Zero,2006.049405,2006.364272,0,,360,7.572525408e-13,0
2006054864715_Node0_Node8_Zero,2006.054865,2006.366309,0,,360,7.572525408e-13,0
2006060327733_Node0_Node8_Zero,2006.060328,2006.366309,0,,360,7.572525408e-13,0
2006065790024_Node0_Node8_Zero,2006.06579,2006.366309,0,,360,7.572525408e-13,0
2006071252735_Node0_Node8_Zero,2006.071253,2006.366309,0,,360,7.572525408e-13,0
2006076716749_Node0_Node8_Zero,2006.076717,2006.368326,0,,360,7.572525408e-13,0
2006082180872_Node0_Node8_Zero,2006.082181,2006.368326,0,,360,7.572525408e-13,0
2006087648115_Node0_Node8_Zero,2006.087648,2006.368326,0,,360,7.572525408e-13,0
2006093117460_Node0_Node8_Zero,2006.093117,2006.368326,0,,360,7.572525408e-13,0
2006098582102_Node0_Node8_Zero,2006.098582,2006.370282,0,,360,7.572525408e-13,0
2006104048589_Node0_Node8_Zero,2006.104049,2006.370282,0,,360,7.572525408e-13,0
2006109511422_Node0_Node8_Zero,2006.109511,2006.370282,0,,360,7.572525408e-13,0
2006114973129_Node0_Node8_Zero,2006.114973,2006.370282,0,,360,7.572525408e-13,0
2006120432946_Node0_Node8_Zero,2006.120433,2006.378052,0,,360,7.572525408e-13,0
2006125893505_Node0_Node8_Zero,2006.125894,2006.378052,0,,360,7.572525408e-13,0
2006131359998_Node0_Node8_Zero,2006.13136,2006.373238,0,,360,7.572525408e-13,0
2006136827791_Node0_Node8_Zero,2006.136828,2006.378052,0,,360,7.572525408e-13,0
2006142296875_Node0_Node8_Zero,2006.142297,2006.375635,0,,360,7.572525408e-13,0
2006147756879_Node0_Node8_Zero,2006.147757,2006.375635,0,,360,7.572525408e-13,0
2006153224817_Node0_Node8_Zero,2006.153225,2006.375635,0,,360,7.572525408e-13,0
2006158691463_Node0_Node8_Zero,2006.158691,2006.375635,0,,360,7.572525408e-13,0
2006164159816_Node0_Node8_Zero,2006.16416,2006.386759,0,,449,7.572525408e-13,0
2006169625360_Node0_Node8_Zero,2006.169625,2006.386759,0,,360,7.572525408e-13,0
2006175093587_Node0_Node8_Zero,2006.175094,2006.386759,0,,358,7.572525408e-13,0
2006180562948_Node0_Node8_Zero,2006.180563,2006.386759,0,,356,7.572525408e-13,0
2006186030408_Node0_Node8_Zero,2006.18603,2006.382023,0,,236,7.572525408e-13,0
2006191495877_Node0_Node8_Zero,2006.191496,2006.382023,0,,178,7.572525408e-13,0
2006196960981_Node0_Node8_Zero,2006.196961,2006.382023,0,,178,7.572525408e-13,0
2006202422538_Node0_Node8_Zero,2006.202423,2006.382023,0,,89,7.572525408e-13,0
2006207890748_Node0_Node8_Zero,2006.207891,2006.404246,0,,445,7.572525408e-13,0
2006213359242_Node0_Node8_Zero,2006.213359,2006.404246,0,,445,7.572525408e-13,0
2006218818762_Node0_Node8_Zero,2006.218819,2006.404246,0,,445,7.572525408e-13,0
2006224280884_Node0_Node8_Zero,2006.224281,2006.404246,0,,445,7.572525408e-13,0
2006229745155_Node0_Node8_Zero,2006.229745,2006.392082,0,,178,7.572525408e-13,0
2006235213856_Node0_Node8_Zero,2006.235214,2006.392082,0,,178,7.572525408e-13,0
2006240673593_Node0_Node8_Zero,2006.240674,2006.392082,0,,178,7.572525408e-13,0
2006246140660_Node0_Node8_Zero,2006.246141,2006.392082,0,,178,7.572525408e-13,0
2006251604182_Node0_Node8_Zero,2006.251604,2006.408712,0,,445,7.572525408e-13,0
2006257066585_Node0_Node8_Zero,2006.257067,2006.408712,0,,445,7.572525408e-13,0
2006262531482_Node0_Node8_Zero,2006.262531,2006.408712,0,,445,7.572525408e-13,0
2006267993944_Node0_Node8_Zero,2006.267994,2006.408712,0,,445,7.572525408e-13,0
2006273457120_Node0_Node8_Zero,2006.273457,2006.41253,0,,445,7.572525408e-13,0
2006278917897_Node0_Node8_Zero,2006.278918,2006.41253,0,,445,7.572525408e-13,0
2006284386108_Node0_Node8_Zero,2006.284386,2006.41253,0,,445,7.572525408e-13,0
2006289851467_Node0_Node8_Zero,2006.289851,2006.414597,0,,384,7.572525408e-13,0
2006295319560_Node0_Node8_Zero,2006.29532,2006.414597,0,,356,7.572525408e-13,0
2006300787500_Node0_Node8_Zero,2006.300788,2006.414597,0,,356,7.572525408e-13,0
2006306254274_Node0_Node8_Zero,2006.306254,2006.416664,0,,356,7.572525408e-13,0
2006311715107_Node0_Node8_Zero,2006.311715,2006.416664,0,,356,7.572525408e-13,0
2006317182232_Node0_Node8_Zero,2006.317182,2006.416664,0,,356,7.572525408e-13,0
2006322647118_Node0_Node8_Zero,2006.322647,2006.418631,0,,356,7.572525408e-13,0
2006328113147_Node0_Node8_Zero,2006.328113,2006.418631,0,,356,7.572525408e-13,0
2006333576022_Node0_Node8_Zero,2006.333576,2006.418631,0,,356,7.572525408e-13,0
2006339037499_Node0_Node8_Zero,2006.339037,2006.422468,0,,356,7.572525408e-13,0
2006344505399_Node0_Node8_Zero,2006.344505,2006.422468,0,,356,7.572525408e-13,0
2006349974545_Node0_Node8_Zero,2006.349975,2006.422468,0,,356,7.572525408e-13,0
2006355434597_Node0_Node8_Zero,2006.355435,2006.426983,0,,356,7.572525408e-13,0
2006360902839_Node0_Node8_Zero,2006.360903,2006.426983,0,,356,7.572525408e-13,0
2006366369895_Node0_Node8_Zero,2006.36637,2006.426983,0,,356,7.572525408e-13,0
2006371836873_Node0_Node8_Zero,2006.371837,2006.42907,0,,356,7.572525408e-13,0
2006377305229_Node0_Node8_Zero,2006.377305,2006.42907,0,,356,7.572525408e-13,0
2006382770494_Node0_Node8_Zero,2006.38277,2006.42907,0,,340,7.572525408e-13,0
2006388238915_Node0_Node8_Zero,2006.388239,2006.431057,0,,267,7.572525408e-13,0
2006393702656_Node0_Node8_Zero,2006.393703,2006.431057,0,,202,7.572525408e-13,0
2006399169866_Node0_Node8_Zero,2006.39917,2006.431057,0,,89,7.572525408e-13,0
2006404629613_Node0_Node8_Zero,2006.40463,2006.433084,0,,0,7.572525408e-13,0
2006410094539_Node0_Node8_Zero,2006.410095,2006.433084,0,,0,7.572525408e-13,0
2006415560043_Node0_Node8_Zero,2006.41556,2006.433084,0,,0,7.572525408e-13,0
2006421023432_Node0_Node8_Zero,2006.421023,2006.434431,0,,0,7.572525408e-13,0
2006426492015_Node0_Node8_Zero,2006.426492,2006.434431,0,,0,7.572525408e-13,0
2006431952942_Node0_Node8_Zero,2006.431953,2006.435378,0,,0,7.572525408e-13,0
2006437421037_Node0_Node8_Zero,2006.437421,2006.439219,0,,0,7.572525408e-13,0
2006442882423_Node0_Node8_Zero,2006.442882,2006.443789,0,,0,7.572525408e-13,0
2006448345111_Node0_Node8_Zero,2006.448345,2006.451203,0,,0,7.572525408e-13,0
2006453811837_Node0_Node8_Zero,2006.453812,2006.454659,0,,0,7.572525408e-13,0
2006459274714_Node0_Node8_Zero,2006.459275,2006.461022,0,,0,7.572525408e-13,0
2006464737351_Node0_Node8_Zero,2006.464737,2006.465704,0,,0,7.572525408e-13,0
2006470198312_Node0_Node8_Zero,2006.470198,2006.471065,0,,0,7.572525408e-13,0
2006475666954_Node0_Node8_Zero,2006.475667,2006.476514,0,,0,7.572525408e-13,0
2006481131117_Node0_Node8_Zero,2006.481131,2006.481878,0,,0,7.572525408e-13,0
2006486597915_Node0_Node8_Zero,2006.486598,2006.487485,0,,0,7.572525408e-13,0
2006492064772_Node0_Node8_Zero,2006.492065,2006.492892,0,,0,7.572525408e-13,0
2006497527684_Node0_Node8_Zero,2006.497528,2006.498395,0,,0,7.572525408e-13,0
2006502992568_Node0_Node8_Zero,2006.502993,2006.682461,1,RetryLimit,6497,1.3146745500000003e-13,nan
2006508461231_Node0_Node8_Zero,2006.508461,2006.684559,0,,6252,7.572525408e-13,0
2006513923906_Node0_Node8_Zero,2006.513924,2006.684559,0,,6028,7.572525408e-13,0
2006519385525_Node0_Node8_Zero,2006.519386,2006.684559,0,,5785,7.572525408e-13,0
2006524852634_Node0_Node8_Zero,2006.524853,2006.686449,0,,5533,7.572525408e-13,0
2006530318307_Node0_Node8_Zero,2006.530318,2006.686449,0,,5291,7.572525408e-13,0
2006535779520_Node0_Node8_Zero,2006.53578,2006.686449,0,,5057,7.572525408e-13,0
2006541239267_Node0_Node8_Zero,2006.541239,2006.692067,0,,4948,7.572525408e-13,0
2006546706063_Node0_Node8_Zero,2006.546706,2006.692067,0,,4853,7.572525408e-13,0
2006552170102_Node0_Node8_Zero,2006.55217,2006.692067,0,,4635,7.572525408e-13,0
2006557634309_Node0_Node8_Zero,2006.557634,2006.693977,0,,4402,7.572525408e-13,0
2006563102564_Node0_Node8_Zero,2006.563103,2006.693977,0,,4149,7.572525408e-13,0
2006568568236_Node0_Node8_Zero,2006.568568,2006.693977,0,,3906,7.572525408e-13,0
2006574029067_Node0_Node8_Zero,2006.574029,2006.699455,0,,3803,7.572525408e-13,0
2006579493283_Node0_Node8_Zero,2006.579493,2006.699455,0,,3565,7.572525408e-13,0
2006584956478_Node0_Node8_Zero,2006.584956,2006.699455,0,,3330,7.572525408e-13,0
2006590425161_Node0_Node8_Zero,2006.590425,2006.701545,0,,3096,7.572525408e-13,0
2006595889923_Node0_Node8_Zero,2006.59589,2006.701545,0,,2853,7.572525408e-13,0
2006601354131_Node0_Node8_Zero,2006.601354,2006.701545,0,,2605,7.572525408e-13,0
2006606819700_Node0_Node8_Zero,2006.60682,2006.710527,0,,2532,7.572525408e-13,0
2006612280564_Node0_Node8_Zero,2006.612281,2006.710527,0,,2285,7.572525408e-13,0
2006617742387_Node0_Node8_Zero,2006.617742,2006.707543,0,,2010,7.572525408e-13,0
2006623209721_Node0_Node8_Zero,2006.62321,2006.713972,0,,1848,7.572525408e-13,0
2006628678870_Node0_Node8_Zero,2006.628679,2006.713972,0,,1604,7.572525408e-13,0
2006634146596_Node0_Node8_Zero,2006.634147,2006.713972,0,,1371,7.572525408e-13,0
2006639615789_Node0_Node8_Zero,2006.639616,2006.715962,0,,1134,7.572525408e-13,0
2006645078888_Node0_Node8_Zero,2006.645079,2006.715962,0,,895,7.572525408e-13,0
2006650547640_Node0_Node8_Zero,2006.650548,2006.715962,0,,647,7.572525408e-13,0
2006656014181_Node0_Node8_Zero,2006.656014,2006.718012,0,,481,7.572525408e-13,0
2006661478977_Node0_Node8_Zero,2006.661479,2006.718012,0,,481,7.572525408e-13,0
2006666942031_Node0_Node8_Zero,2006.666942,2006.718012,0,,481,7.572525408e-13,0
2006672404111_Node0_Node8_Zero,2006.672404,2006.719882,0,,481,7.572525408e-13,0
2006677864242_Node0_Node8_Zero,2006.677864,2006.719882,0,,481,7.572525408e-13,0
2006683332197_Node0_Node8_Zero,2006.683332,2006.719882,0,,481,7.572525408e-13,0
2006688799727_Node0_Node8_Zero,2006.6888,2006.721752,0,,389,7.572525408e-13,0
2006694264780_Node0_Node8_Zero,2006.694265,2006.721752,0,,337,7.572525408e-13,0
2006699727511_Node0_Node8_Zero,2006.699728,2006.721752,0,,209,7.572525408e-13,0
2006705190070_Node0_Node8_Zero,2006.70519,2006.72504,0,,120,7.572525408e-13,0
2006710655666_Node0_Node8_Zero,2006.710656,2006.72504,0,,94,7.572525408e-13,0
2006716121995_Node0_Node8_Zero,2006.716122,2006.72504,0,,47,7.572525408e-13,0
2006721584801_Node0_Node8_Zero,2006.721585,2006.728469,0,,136,7.572525408e-13,0
2006727045205_Node0_Node8_Zero,2006.727045,2006.729499,0,,0,7.572525408e-13,0
2006732511516_Node0_Node8_Zero,2006.732512,2006.735169,0,,0,7.572525408e-13,0
2006737971219_Node0_Node8_Zero,2006.737971,2006.747565,0,,362,7.572525408e-13,0
2006743431068_Node0_Node8_Zero,2006.743431,2006.748375,0,,122,7.572525408e-13,0
2006748899462_Node0_Node8_Zero,2006.748899,2006.750136,0,,15,7.572525408e-13,0
2006754359572_Node0_Node8_Zero,2006.75436,2006.755386,0,,0,7.572525408e-13,0
2006759822522_Node0_Node8_Zero,2006.759823,inf,-1,Still in Queue,-23819,1.3146745500000003e-13,nan
2006765291583_Node0_Node8_Zero,2006.765292,2006.789021,0,,0,7.572525408e-13,0
2006770754844_Node0_Node8_Zero,2006.770755,2006.789021,0,,0,7.572525408e-13,0
2006776222177_Node0_Node8_Zero,2006.776222,2006.789021,0,,0,7.572525408e-13,0
2006781684267_Node0_Node8_Zero,2006.781684,2006.790411,0,,0,7.572525408e-13,0
2006787153698_Node0_Node8_Zero,2006.787154,2006.790411,0,,0,7.572525408e-13,0
2006792615088_Node0_Node8_Zero,2006.792615,2006.793622,0,,0,7.572525408e-13,0
2006798084056_Node0_Node8_Zero,2006.798084,2006.798831,0,,0,7.572525408e-13,0
2006803546377_Node0_Node8_Zero,2006.803546,inf,-1,Still in Queue,-23819,0,nan
2006809015750_Node0_Node8_Zero,2006.809016,2012.790001,1,Expiry,10991,0,nan
2006814483952_Node0_Node8_Zero,2006.814484,inf,-1,Still in Queue,-24012,0,nan
2006819949382_Node0_Node8_Zero,2006.819949,2006.912513,1,RetryLimit,3,0,nan
2006825413643_Node0_Node8_Zero,2006.825414,2012.625259,1,Expiry,10955,0,nan
2006830876997_Node0_Node8_Zero,2006.830877,2012.520927,1,Expiry,10955,0,nan
2006836343514_Node0_Node8_Zero,2006.836344,inf,-1,Still in Queue,-24012,2.6355869400000003e-12,nan
2006841805744_Node0_Node8_Zero,2006.841806,inf,-1,Still in Queue,-24012,2.6355869400000003e-12,nan
2006847274088_Node0_Node8_Zero,2006.847274,2012.0205,1,Expiry,10952,0,nan
2006852739812_Node0_Node8_Zero,2006.85274,2012.175263,1,Expiry,10952,0,nan
2006858203857_Node0_Node8_Zero,2006.858204,2010.323276,1,Expiry,4660,0,nan
2006863672184_Node0_Node8_Zero,2006.863672,2010.323276,1,Expiry,4660,0,nan
2006869140796_Node0_Node8_Zero,2006.869141,2012.177323,1,Expiry,10952,0,nan
2006874601820_Node0_Node8_Zero,2006.874602,2012.177323,1,Expiry,10952,0,nan
2006880062837_Node0_Node8_Zero,2006.880063,2013.079945,1,Expiry,10952,0,nan
2006885523952_Node0_Node8_Zero,2006.885524,2013.079945,1,Expiry,10952,0,nan
2006890993097_Node0_Node8_Zero,2006.890993,2011.859758,1,Expiry,10952,0,nan
2006896457419_Node0_Node8_Zero,2006.896457,2011.859758,1,Expiry,10952,0,nan
2006901924825_Node0_Node8_Zero,2006.901925,2010.284385,1,Expiry,4660,0,nan
2006907384737_Node0_Node8_Zero,2006.907385,2010.284385,1,Expiry,4660,0,nan
2006912846205_Node0_Node8_Zero,2006.912846,2010.920496,1,Expiry,10952,0,nan
2006918307348_Node0_Node8_Zero,2006.918307,2010.920496,1,Expiry,10952,0,nan
2006923767092_Node0_Node8_Zero,2006.923767,2010.290305,1,Expiry,4660,0,nan
2006929228458_Node0_Node8_Zero,2006.929228,2010.290305,1,Expiry,4660,0,nan
2006934692714_Node0_Node8_Zero,2006.934693,2013.547614,1,Expiry,10952,0,nan
2006940157454_Node0_Node8_Zero,2006.940157,2013.547614,1,Expiry,10952,0,nan
2006945622735_Node0_Node8_Zero,2006.945623,2011.904345,1,Expiry,10891,0,nan
2006951086123_Node0_Node8_Zero,2006.951086,2011.904345,1,Expiry,10891,0,nan
2006956554632_Node0_Node8_Zero,2006.956555,2011.611409,1,Expiry,10891,0,nan
2006962020451_Node0_Node8_Zero,2006.96202,2011.611409,1,Expiry,10890,0,nan
2006967489076_Node0_Node8_Zero,2006.967489,2011.61667,1,Expiry,10888,0,nan
2006972951783_Node0_Node8_Zero,2006.972952,2011.61667,1,Expiry,10888,0,nan
2006978418094_Node0_Node8_Zero,2006.978418,2013.551471,1,Expiry,10888,0,nan
2006983883941_Node0_Node8_Zero,2006.983884,2013.551471,1,Expiry,10888,0,nan
2006989345310_Node0_Node8_Zero,2006.989345,2013.192785,1,Expiry,10888,0,nan
2006994805070_Node0_Node8_Zero,2006.994805,2013.192785,1,Expiry,10888,0,nan
2007000270530_Node0_Node8_Zero,2007.000271,2010.898003,1,Expiry,10827,0,nan
2007005735035_Node0_Node8_Zero,2007.005735,2010.898003,1,Expiry,10827,0,nan
2007011198241_Node0_Node8_Zero,2007.011198,2011.990258,1,Expiry,10827,0,nan
2007016666679_Node0_Node8_Zero,2007.016667,2011.990258,1,Expiry,10827,0,nan
2007022134390_Node0_Node8_Zero,2007.022134,2011.994672,1,Expiry,10827,0,nan
2007027602835_Node0_Node8_Zero,2007.027603,2011.994672,1,Expiry,10827,0,nan
2007033062979_Node0_Node8_Zero,2007.033063,2011.212777,1,Expiry,10827,0,nan
2007038529694_Node0_Node8_Zero,2007.03853,2011.212777,1,Expiry,10827,0,nan
2007043998916_Node0_Node8_Zero,2007.043999,2011.436916,1,Expiry,10827,0,nan
2007049467034_Node0_Node8_Zero,2007.049467,2011.436916,1,Expiry,10827,0,nan
2007054930987_Node0_Node8_Zero,2007.054931,inf,-1,Still in Queue,-24142,0,nan
2007060393450_Node0_Node8_Zero,2007.060393,2011.893205,1,Expiry,10825,0,nan
2007065861302_Node0_Node8_Zero,2007.065861,2011.2909,1,Expiry,10825,0,nan
2007071322703_Node0_Node8_Zero,2007.071323,2011.353237,1,Expiry,10825,0,nan
2007076785230_Node0_Node8_Zero,2007.076785,inf,-1,Still in Queue,-24142,0,nan
2007082245979_Node0_Node8_Zero,2007.082246,2012.231431,1,Expiry,10825,0,nan
2007087708165_Node0_Node8_Zero,2007.087708,2012.231431,1,Expiry,10825,0,nan
2007093168676_Node0_Node8_Zero,2007.093169,2011.792659,1,Expiry,10825,0,nan
2007098635064_Node0_Node8_Zero,2007.098635,2011.792659,1,Expiry,10825,0,nan
2007104101624_Node0_Node8_Zero,2007.104102,2012.072012,1,Expiry,10825,0,nan
2007109565728_Node0_Node8_Zero,2007.109566,2012.072012,1,Expiry,10825,0,nan
2007115028942_Node0_Node8_Zero,2007.115029,2011.14467,1,Expiry,10825,0,nan
2007120488844_Node0_Node8_Zero,2007.120489,inf,-1,Still in Queue,-24232,2.6355869400000003e-12,nan
2007125949705_Node0_Node8_Zero,2007.12595,2011.719244,1,Expiry,10486,0,nan
2007131419175_Node0_Node8_Zero,2007.131419,2011.719244,1,Expiry,10386,0,nan
2007136887090_Node0_Node8_Zero,2007.136887,2011.74863,1,Expiry,10386,0,nan
2007142347594_Node0_Node8_Zero,2007.142348,2011.74863,1,Expiry,10386,0,nan
2007147815038_Node0_Node8_Zero,2007.147815,2011.726961,1,Expiry,10386,0,nan
2007153282351_Node0_Node8_Zero,2007.153282,2011.726961,1,Expiry,10386,0,nan
2007158747086_Node0_Node8_Zero,2007.158747,2012.258572,1,Expiry,10385,0,nan
2007164207235_Node0_Node8_Zero,2007.164207,2013.8702,1,Expiry,10385,0,nan
2007169675783_Node0_Node8_Zero,2007.169676,2013.879997,1,Expiry,10385,0,nan
2007175140498_Node0_Node8_Zero,2007.17514,2013.246055,1,Expiry,10366,0,nan
2007180600894_Node0_Node8_Zero,2007.180601,2012.685996,1,Expiry,10366,0,nan
2007186063107_Node0_Node8_Zero,2007.186063,2012.26209,1,Expiry,10305,0,nan
2007191525034_Node0_Node8_Zero,2007.191525,2012.26209,1,Expiry,10305,0,nan
2007196988657_Node0_Node8_Zero,2007.196989,2011.39883,1,Expiry,10305,0,nan
2007202454929_Node0_Node8_Zero,2007.202455,2011.237968,1,Expiry,10305,0,nan
2007207920355_Node0_Node8_Zero,2007.20792,2011.264233,1,Expiry,10305,0,nan
2007213386170_Node0_Node8_Zero,2007.213386,2012.639687,1,Expiry,10305,0,nan
2007218847930_Node0_Node8_Zero,2007.218848,2011.636857,1,Expiry,10305,0,nan
2007224311220_Node0_Node8_Zero,2007.224311,2011.644062,1,Expiry,10305,0,nan
2007229776952_Node0_Node8_Zero,2007.229777,2012.005981,1,Expiry,10305,0,nan
2007235237683_Node0_Node8_Zero,2007.235238,2012.579753,1,Expiry,10305,0,nan
2007240699096_Node0_Node8_Zero,2007.240699,2012.008448,1,Expiry,10305,0,nan
2007246161295_Node0_Node8_Zero,2007.246161,2011.027245,1,Expiry,10305,0,nan
2007251624158_Node0_Node8_Zero,2007.251624,2011.445786,1,Expiry,10305,0,nan
2007257089271_Node0_Node8_Zero,2007.257089,2012.30358,1,Expiry,10305,0,nan
2007262557220_Node0_Node8_Zero,2007.262557,2012.305505,1,Expiry,10305,0,nan
2007268026207_Node0_Node8_Zero,2007.268026,2011.484278,1,Expiry,10305,0,nan
2007273491052_Node0_Node8_Zero,2007.273491,2011.316914,1,Expiry,10305,0,nan
2007278954481_Node0_Node8_Zero,2007.278954,2012.289479,1,Expiry,10305,0,nan
2007284421618_Node0_Node8_Zero,2007.284422,2011.847904,1,Expiry,10305,0,nan
2007289884918_Node0_Node8_Zero,2007.289885,2011.41755,1,Expiry,10258,0,nan
2007295348737_Node0_Node8_Zero,2007.295349,inf,-1,Still in Queue,-24709,0,nan
2007300808266_Node0_Node8_Zero,2007.300808,2011.697126,1,Expiry,10211,0,nan
2007306269202_Node0_Node8_Zero,2007.306269,2010.875167,1,Expiry,10211,0,nan
2007311734017_Node0_Node8_Zero,2007.311734,2013.210034,1,Expiry,10211,0,nan
2007317202338_Node0_Node8_Zero,2007.317202,2011.870468,1,Expiry,10164,0,nan
2007322663959_Node0_Node8_Zero,2007.322664,2012.148768,1,Expiry,10164,0,nan
2007328133016_Node0_Node8_Zero,2007.328133,2011.370862,1,Expiry,10164,0,nan
2007333595055_Node0_Node8_Zero,2007.333595,2010.912355,1,Expiry,10164,0,nan
2007339060175_Node0_Node8_Zero,2007.33906,2011.759036,1,Expiry,10164,0,nan
2007344520060_Node0_Node8_Zero,2007.34452,2012.03167,1,Expiry,10164,0,nan
2007349987544_Node0_Node8_Zero,2007.349988,2007.995197,1,RetryLimit,104,0,nan
2007355450033_Node0_Node8_Zero,2007.35545,2012.376199,1,Expiry,10164,0,nan
2007360914139_Node0_Node8_Zero,2007.360914,inf,-1,Still in Queue,-24803,0,nan
2007366376281_Node0_Node8_Zero,2007.366376,2011.81426,1,Expiry,10164,0,nan
2007371838386_Node0_Node8_Zero,2007.371838,2011.513663,1,Expiry,10164,0,nan
2007377302523_Node0_Node8_Zero,2007.377303,2011.51985,1,Expiry,10164,0,nan
2007382770162_Node0_Node8_Zero,2007.38277,2011.195161,1,Expiry,10164,0,nan
2007388239304_Node0_Node8_Zero,2007.388239,2011.915274,1,Expiry,10164,0,nan
2007393702233_Node0_Node8_Zero,2007.393702,2012.860347,1,Expiry,10164,0,nan
2007399171430_Node0_Node8_Zero,2007.399171,2013.227943,1,Expiry,10164,0,nan
2007404630987_Node0_Node8_Zero,2007.404631,2013.174612,1,Expiry,10164,0,nan
2007410091816_Node0_Node8_Zero,2007.410092,2011.47457,1,Expiry,10164,0,nan
2007415559394_Node0_Node8_Zero,2007.415559,2011.707886,1,Expiry,10164,0,nan
2007421028541_Node0_Node8_Zero,2007.421029,inf,-1,Still in Queue,-24803,0,nan
2007426497990_Node0_Node8_Zero,2007.426498,2011.675747,1,Expiry,10164,0,nan
2007431959063_Node0_Node8_Zero,2007.431959,inf,-1,Still in Queue,-24803,2.62312785e-13,nan
2007437419318_Node0_Node8_Zero,2007.437419,2011.938377,1,Expiry,10164,0,nan
2007442881028_Node0_Node8_Zero,2007.442881,2011.942686,1,Expiry,10164,0,nan
2007448346289_Node0_Node8_Zero,2007.448346,inf,-1,Still in Queue,-24803,0,nan
2007453815150_Node0_Node8_Zero,2007.453815,2010.148023,1,RetryLimit,3872,4.641255266666668e-13,nan
2007459284131_Node0_Node8_Zero,2007.459284,2010.992704,1,Expiry,10164,0,nan
2007464752668_Node0_Node8_Zero,2007.464753,2009.631955,1,RetryLimit,668,0,nan
2007470215305_Node0_Node8_Zero,2007.470215,2011.095037,1,Expiry,10164,0,nan
2007475682751_Node0_Node8_Zero,2007.475683,inf,-1,Still in Queue,-24803,1.3146745500000003e-13,nan
2007481144511_Node0_Node8_Zero,2007.481145,2012.122526,1,Expiry,10164,0,nan
2007486606951_Node0_Node8_Zero,2007.486607,2012.404799,1,Expiry,10164,0,nan
2007492068699_Node0_Node8_Zero,2007.492069,2012.275439,1,Expiry,10164,0,nan
2007497535769_Node0_Node8_Zero,2007.497536,2011.665104,1,Expiry,10164,0,nan
2007502996975_Node0_Node8_Zero,2007.502997,2011.626355,1,Expiry,10164,0,nan
2007508464888_Node0_Node8_Zero,2007.508465,2011.539812,1,Expiry,10164,0,nan
2007513933418_Node0_Node8_Zero,2007.513933,2011.042848,1,Expiry,10164,0,nan
2007519398798_Node0_Node8_Zero,2007.519399,2010.977257,1,Expiry,10164,0,nan
2007524859424_Node0_Node8_Zero,2007.524859,2010.88997,1,Expiry,10164,0,nan
2007530324263_Node0_Node8_Zero,2007.530324,2012.109486,1,Expiry,10164,0,nan
2007535786126_Node0_Node8_Zero,2007.535786,2010.935058,1,Expiry,10138,0,nan
2007541254436_Node0_Node8_Zero,2007.541254,2013.528101,1,Expiry,10138,0,nan
2007546722184_Node0_Node8_Zero,2007.546722,2009.686422,1,RetryLimit,642,0,nan
2007552185559_Node0_Node8_Zero,2007.552186,2012.043969,1,Expiry,10138,0,nan
2007557648619_Node0_Node8_Zero,2007.557649,2010.95026,1,Expiry,10138,0,nan
2007563114961_Node0_Node8_Zero,2007.563115,2012.046656,1,Expiry,10138,0,nan
2007568577494_Node0_Node8_Zero,2007.568577,2011.151991,1,Expiry,10138,0,nan
2007574037085_Node0_Node8_Zero,2007.574037,2012.805844,1,Expiry,10138,0,nan
2007579506564_Node0_Node8_Zero,2007.579507,2012.805844,1,Expiry,10138,0,nan
2007584974568_Node0_Node8_Zero,2007.584975,2011.159469,1,Expiry,10138,0,nan
2007590439150_Node0_Node8_Zero,2007.590439,2011.159469,1,Expiry,10138,0,nan
2007595904926_Node0_Node8_Zero,2007.595905,2012.059589,1,Expiry,10138,0,nan
2007601372147_Node0_Node8_Zero,2007.601372,2012.059589,1,Expiry,10138,0,nan
2007606835334_Node0_Node8_Zero,2007.606835,2010.883121,1,Expiry,10138,0,nan
2007612300760_Node0_Node8_Zero,2007.612301,2010.883121,1,Expiry,10138,0,nan
2007617760655_Node0_Node8_Zero,2007.617761,2011.17589,1,Expiry,10123,0,nan
2007623224820_Node0_Node8_Zero,2007.623225,2011.17589,1,Expiry,10112,0,nan
2007628689270_Node0_Node8_Zero,2007.628689,2011.781636,1,Expiry,10112,0,nan
2007634151058_Node0_Node8_Zero,2007.634151,2011.781636,1,Expiry,10112,0,nan
2007639611608_Node0_Node8_Zero,2007.639612,2013.433232,1,Expiry,10112,0,nan
2007645074514_Node0_Node8_Zero,2007.645075,2013.433232,1,Expiry,10112,0,nan
2007650543982_Node0_Node8_Zero,2007.650544,2011.966621,1,Expiry,10112,0,nan
2007656006551_Node0_Node8_Zero,2007.656007,2011.966621,1,Expiry,10112,0,nan
2007661474748_Node0_Node8_Zero,2007.661475,2011.344572,1,Expiry,10112,0,nan
2007666942450_Node0_Node8_Zero,2007.666942,2011.344572,1,Expiry,10086,0,nan
2007672408777_Node0_Node8_Zero,2007.672409,2011.273666,1,Expiry,10086,0,nan
2007677869655_Node0_Node8_Zero,2007.67787,2011.273666,1,Expiry,10086,0,nan
2007683337146_Node0_Node8_Zero,2007.683337,2011.012274,1,Expiry,10086,0,nan
2007688799357_Node0_Node8_Zero,2007.688799,2011.012274,1,Expiry,10086,0,nan
2007694266474_Node0_Node8_Zero,2007.694266,2011.455918,1,Expiry,10086,0,nan
2007699731730_Node0_Node8_Zero,2007.699732,2011.455918,1,Expiry,10086,0,nan
2007705195997_Node0_Node8_Zero,2007.705196,2011.326487,1,Expiry,10086,0,nan
2007710664982_Node0_Node8_Zero,2007.710665,2011.326487,1,Expiry,10086,0,nan
2007716127482_Node0_Node8_Zero,2007.716127,2011.57071,1,Expiry,10086,0,nan
2007721589395_Node0_Node8_Zero,2007.721589,2011.57071,1,Expiry,10086,0,nan
2007727049165_Node0_Node8_Zero,2007.727049,2013.414749,1,Expiry,10086,0,nan
2007732511101_Node0_Node8_Zero,2007.732511,2013.414749,1,Expiry,10086,0,nan
2007737974773_Node0_Node8_Zero,2007.737975,2011.590995,1,Expiry,10086,0,nan
2007743436163_Node0_Node8_Zero,2007.743436,2011.590995,1,Expiry,10086,0,nan
2007748902448_Node0_Node8_Zero,2007.748902,2011.954936,1,Expiry,10060,0,nan
2007754365031_Node0_Node8_Zero,2007.754365,2011.954936,1,Expiry,10060,0,nan
2007759826703_Node0_Node8_Zero,2007.759827,2010.905446,1,Expiry,10060,0,nan
2007765288666_Node0_Node8_Zero,2007.765289,2010.905446,1,Expiry,10060,0,nan
2007770748530_Node0_Node8_Zero,2007.770749,2011.927367,1,Expiry,10060,0,nan
2007776209768_Node0_Node8_Zero,2007.77621,2011.927367,1,Expiry,10060,0,nan
2007781671489_Node0_Node8_Zero,2007.781671,2011.255984,1,Expiry,10060,0,nan
2007787138534_Node0_Node8_Zero,2007.787139,2011.255984,1,Expiry,10060,0,nan
2007792600102_Node0_Node8_Zero,2007.7926,2011.803701,1,Expiry,10060,0,nan
2007798066286_Node0_Node8_Zero,2007.798066,2011.803701,1,Expiry,10060,0,nan
2007803532425_Node0_Node8_Zero,2007.803532,2011.335509,1,Expiry,10060,0,nan
2007808994841_Node0_Node8_Zero,2007.808995,2011.335509,1,Expiry,10060,0,nan
2007814458560_Node0_Node8_Zero,2007.814459,2013.377924,1,Expiry,10060,0,nan
2007819918151_Node0_Node8_Zero,2007.819918,2013.377924,1,Expiry,10060,0,nan
2007825383659_Node0_Node8_Zero,2007.825384,inf,-1,Still in Queue,-24907,2.62312785e-13,nan
2007830850337_Node0_Node8_Zero,2007.83085,inf,-1,Still in Queue,-24907,0,nan
2007836313353_Node0_Node8_Zero,2007.836313,2009.877188,1,RetryLimit,564,4.641255266666668e-13,nan
2007841779345_Node0_Node8_Zero,2007.841779,2009.877188,1,RetryLimit,564,4.641255266666668e-13,nan
2007847241838_Node0_Node8_Zero,2007.847242,2013.920302,1,Expiry,10060,0,nan
2007852701568_Node0_Node8_Zero,2007.852702,2013.920302,1,Expiry,10060,0,nan
2007858162724_Node0_Node8_Zero,2007.858163,2011.978403,1,Expiry,10060,0,nan
2007863628433_Node0_Node8_Zero,2007.863628,2011.978403,1,Expiry,10060,0,nan
2007869095712_Node0_Node8_Zero,2007.869096,2013.359601,1,Expiry,10060,0,nan
2007874556211_Node0_Node8_Zero,2007.874556,2013.359601,1,Expiry,10060,0,nan
2007880022717_Node0_Node8_Zero,2007.880023,2010.985555,1,Expiry,10060,0,nan
2007885485503_Node0_Node8_Zero,2007.885486,2010.985555,1,Expiry,10060,0,nan
2007890953774_Node0_Node8_Zero,2007.890954,2011.020036,1,Expiry,10060,0,nan
2007896421757_Node0_Node8_Zero,2007.896422,2011.020036,1,Expiry,10060,0,nan
2007901881787_Node0_Node8_Zero,2007.901882,2011.560587,1,Expiry,10060,0,nan
2007907343716_Node0_Node8_Zero,2007.907344,2011.560587,1,Expiry,10060,0,nan
2007912811631_Node0_Node8_Zero,2007.912812,2011.308525,1,Expiry,10060,0,nan
2007918273411_Node0_Node8_Zero,2007.918273,2011.308525,1,Expiry,10060,0,nan
2007923740245_Node0_Node8_Zero,2007.92374,2011.126769,1,Expiry,10060,0,nan
2007929209142_Node0_Node8_Zero,2007.929209,2011.126769,1,Expiry,10060,0,nan
2007934677331_Node0_Node8_Zero,2007.934677,2012.550272,1,Expiry,10060,0,nan
2007940137370_Node0_Node8_Zero,2007.940137,2012.550272,1,Expiry,10060,0,nan
2007945605815_Node0_Node8_Zero,2007.945606,2010.970131,1,Expiry,10060,0,nan
2007951068602_Node0_Node8_Zero,2007.951069,2010.970131,1,Expiry,10060,0,nan
2007956535031_Node0_Node8_Zero,2007.956535,2012.506845,1,Expiry,10060,0,nan
2007962004230_Node0_Node8_Zero,2007.962004,2012.506845,1,Expiry,10060,0,nan
2007967468574_Node0_Node8_Zero,2007.967469,2013.589696,1,Expiry,10060,0,nan
2007972937106_Node0_Node8_Zero,2007.972937,2013.589696,1,Expiry,10060,0,nan
2007978397214_Node0_Node8_Zero,2007.978397,2011.40876,1,Expiry,10060,0,nan
2007983863139_Node0_Node8_Zero,2007.983863,2011.40876,1,Expiry,10060,0,nan
2007989322778_Node0_Node8_Zero,2007.989323,2012.565264,1,Expiry,10060,0,nan
2007994788558_Node0_Node8_Zero,2007.994789,2012.565264,1,Expiry,10060,0,nan
2008000248090_Node0_Node8_Zero,2008.000248,2013.731442,1,Expiry,10060,0,nan
2008005708703_Node0_Node8_Zero,2008.005709,2013.731442,1,Expiry,10060,0,nan
2008011168348_Node0_Node8_Zero,2008.011168,2011.362176,1,Expiry,10060,0,nan
2008016633945_Node0_Node8_Zero,2008.016634,2011.362176,1,Expiry,10060,0,nan
2008022096321_Node0_Node8_Zero,2008.022096,2011.655135,1,Expiry,10060,0,nan
2008027555966_Node0_Node8_Zero,2008.027556,2011.655135,1,Expiry,10060,0,nan
2008033016817_Node0_Node8_Zero,2008.033017,2013.48796,1,Expiry,10060,0,nan
2008038482654_Node0_Node8_Zero,2008.038483,2013.48796,1,Expiry,10060,0,nan
2008043944405_Node0_Node8_Zero,2008.043944,2012.190623,1,Expiry,10060,0,nan
2008049412082_Node0_Node8_Zero,2008.049412,2012.190623,1,Expiry,10060,0,nan
2008054872793_Node0_Node8_Zero,2008.054873,2011.118706,1,Expiry,10060,0,nan
2008060340202_Node0_Node8_Zero,2008.06034,2011.118706,1,Expiry,10060,0,nan
2008065803800_Node0_Node8_Zero,2008.065804,2011.826013,1,Expiry,10060,0,nan
2008071272586_Node0_Node8_Zero,2008.071273,2011.826013,1,Expiry,10060,0,nan
2008076738946_Node0_Node8_Zero,2008.076739,inf,-1,Still in Queue,-24907,0,nan
2008082207438_Node0_Node8_Zero,2008.082207,inf,-1,Still in Queue,-24907,1.3146745500000003e-13,nan
2008087669520_Node0_Node8_Zero,2008.08767,2011.427503,1,Expiry,10060,0,nan
2008093136820_Node0_Node8_Zero,2008.093137,2011.427503,1,Expiry,10060,0,nan
2008098603372_Node0_Node8_Zero,2008.098603,2011.390056,1,Expiry,10060,0,nan
2008104063413_Node0_Node8_Zero,2008.104063,2011.390056,1,Expiry,10060,0,nan
2008109529842_Node0_Node8_Zero,2008.10953,2011.494591,1,Expiry,10060,0,nan
2008114997297_Node0_Node8_Zero,2008.114997,2011.494591,1,Expiry,10060,0,nan
2008120459671_Node0_Node8_Zero,2008.12046,2011.550485,1,Expiry,10060,0,nan
2008125926005_Node0_Node8_Zero,2008.125926,2011.550485,1,Expiry,10060,0,nan
2008131386410_Node0_Node8_Zero,2008.131386,2011.504373,1,Expiry,10060,0,nan
2008136854097_Node0_Node8_Zero,2008.136854,2011.504373,1,Expiry,10060,0,nan
2008142323185_Node0_Node8_Zero,2008.142323,2012.084494,1,Expiry,10060,0,nan
2008147788209_Node0_Node8_Zero,2008.147788,2012.084494,1,Expiry,10060,0,nan
2008153249115_Node0_Node8_Zero,2008.153249,2013.830338,1,Expiry,10060,0,nan
2008158718234_Node0_Node8_Zero,2008.158718,2013.830338,1,Expiry,10060,0,nan
2008164181799_Node0_Node8_Zero,2008.164182,2009.838918,1,RetryLimit,564,4.641255266666668e-13,nan
2008169648018_Node0_Node8_Zero,2008.169648,2009.838918,1,RetryLimit,564,4.641255266666668e-13,nan
2008175116946_Node0_Node8_Zero,2008.175117,2011.282538,1,Expiry,10060,0,nan
2008180584661_Node0_Node8_Zero,2008.180585,2011.282538,1,Expiry,10060,0,nan
2008186046821_Node0_Node8_Zero,2008.186047,2013.980549,1,Expiry,10060,0,nan
2008191511332_Node0_Node8_Zero,2008.191511,2013.980549,1,Expiry,10060,0,nan
2008196980518_Node0_Node8_Zero,2008.196981,2013.960146,1,Expiry,10060,0,nan
2008202441569_Node0_Node8_Zero,2008.202442,2013.960146,1,Expiry,10060,0,nan
2008207909656_Node0_Node8_Zero,2008.20791,inf,-1,Still in Queue,-24907,0,nan
2008213375150_Node0_Node8_Zero,2008.213375,inf,-1,Still in Queue,-24907,1.3146745500000003e-13,nan
2008218843098_Node0_Node8_Zero,2008.218843,2011.229939,1,Expiry,10056,0,nan
2008224303832_Node0_Node8_Zero,2008.224304,2011.229939,1,Expiry,10056,0,nan
2008229764802_Node0_Node8_Zero,2008.229765,2011.110684,1,RetryLimit,10056,0,nan
2008235232403_Node0_Node8_Zero,2008.235232,2011.110684,1,RetryLimit,10056,0,nan
2008240697998_Node0_Node8_Zero,2008.240698,2011.580852,1,Expiry,10056,0,nan
2008246161396_Node0_Node8_Zero,2008.246161,2011.580852,1,Expiry,10056,0,nan
2008251627154_Node0_Node8_Zero,2008.251627,2012.162541,1,Expiry,10056,0,nan
2008257094726_Node0_Node8_Zero,2008.257095,2012.162541,1,Expiry,10056,0,nan
2008262559894_Node0_Node8_Zero,2008.26256,2010.617943,1,RetryLimit,5912,4.641255266666668e-13,nan
2008268027017_Node0_Node8_Zero,2008.268027,2010.617943,1,RetryLimit,5912,4.641255266666668e-13,nan
2008273494837_Node0_Node8_Zero,2008.273495,2011.601178,1,Expiry,10056,0,nan
2008278962308_Node0_Node8_Zero,2008.278962,2011.601178,1,Expiry,10056,0,nan
2008284425701_Node0_Node8_Zero,2008.284426,2013.469424,1,Expiry,10056,0,nan
2008289892051_Node0_Node8_Zero,2008.289892,2013.469424,1,Expiry,10056,0,nan
2008295356665_Node0_Node8_Zero,2008.295357,2013.899999,1,Expiry,10056,0,nan
2008300825942_Node0_Node8_Zero,2008.300826,2013.899999,1,Expiry,10056,0,nan
2008306290201_Node0_Node8_Zero,2008.30629,2012.204185,1,Expiry,10056,0,nan
2008311757898_Node0_Node8_Zero,2008.311758,2012.204185,1,Expiry,10056,0,nan
2008317217809_Node0_Node8_Zero,2008.317218,2012.097157,1,Expiry,10056,0,nan
2008322678245_Node0_Node8_Zero,2008.322678,2012.097157,1,Expiry,10056,0,nan
2008328138594_Node0_Node8_Zero,2008.328139,2011.770629,1,Expiry,10056,0,nan
2008333604524_Node0_Node8_Zero,2008.333605,2011.770629,1,Expiry,10056,0,nan
2008339073571_Node0_Node8_Zero,2008.339074,2011.686997,1,Expiry,10056,0,nan
2008344540966_Node0_Node8_Zero,2008.344541,2011.686997,1,Expiry,10056,0,nan
2008350000994_Node0_Node8_Zero,2008.350001,2013.609079,1,Expiry,10056,0,nan
2008355461357_Node0_Node8_Zero,2008.355461,2013.609079,1,Expiry,10056,0,nan
2008360928356_Node0_Node8_Zero,2008.360928,2010.68825,1,RetryLimit,7247,0,nan
2008366395136_Node0_Node8_Zero,2008.366395,2010.68825,1,RetryLimit,7247,0,nan
2008371856322_Node0_Node8_Zero,2008.371856,2013.396266,1,Expiry,10056,0,nan
2008377317358_Node0_Node8_Zero,2008.377317,2013.396266,1,Expiry,10056,0,nan
2008382781395_Node0_Node8_Zero,2008.382781,2011.167652,1,RetryLimit,10056,0,nan
2008388250605_Node0_Node8_Zero,2008.388251,2011.167652,1,RetryLimit,10056,0,nan
2008393717250_Node0_Node8_Zero,2008.393717,2011.465481,1,Expiry,10056,0,nan
2008399182372_Node0_Node8_Zero,2008.399182,2011.465481,1,Expiry,10056,0,nan
2008404648842_Node0_Node8_Zero,2008.404649,2013.751085,1,Expiry,10056,0,nan
2008410115312_Node0_Node8_Zero,2008.410115,2013.751085,1,Expiry,10056,0,nan
2008415578238_Node0_Node8_Zero,2008.415578,2011.737744,1,Expiry,10056,0,nan
2008421044036_Node0_Node8_Zero,2008.421044,2011.737744,1,Expiry,10056,0,nan
2008426508244_Node0_Node8_Zero,2008.426508,2011.247221,1,RetryLimit,10056,0,nan
2008431973790_Node0_Node8_Zero,2008.431974,2011.247221,1,RetryLimit,10056,0,nan
2008437441676_Node0_Node8_Zero,2008.437442,2011.530402,1,Expiry,10056,0,nan
2008442905138_Node0_Node8_Zero,2008.442905,2011.530402,1,Expiry,10056,0,nan
2008448365213_Node0_Node8_Zero,2008.448365,inf,-1,Still in Queue,-24911,0,nan
2008453832235_Node0_Node8_Zero,2008.453832,inf,-1,Still in Queue,-24911,0,nan
2008459292520_Node0_Node8_Zero,2008.459293,2012.477664,1,Expiry,10056,0,nan
2008464754706_Node0_Node8_Zero,2008.464755,2012.477664,1,Expiry,10056,0,nan
2008470214279_Node0_Node8_Zero,2008.470214,2013.69232,1,Expiry,10056,0,nan
2008475679069_Node0_Node8_Zero,2008.475679,2013.69232,1,Expiry,10056,0,nan
2008481144787_Node0_Node8_Zero,2008.481145,2011.882361,1,Expiry,10056,0,nan
2008486609845_Node0_Node8_Zero,2008.48661,2011.882361,1,Expiry,10056,0,nan
2008492078979_Node0_Node8_Zero,2008.492079,2011.837235,1,Expiry,10056,0,nan
2008497546881_Node0_Node8_Zero,2008.497547,2011.837235,1,Expiry,10056,0,nan
2008503012512_Node0_Node8_Zero,2008.503013,inf,-1,Still in Queue,-24911,0,nan
2008508474149_Node0_Node8_Zero,2008.508474,inf,-1,Still in Queue,-24911,4.1771297400000006e-12,nan
2008513940956_Node0_Node8_Zero,2008.513941,2011.187289,1,RetryLimit,10056,0,nan
2008519403819_Node0_Node8_Zero,2008.519404,2011.187289,1,RetryLimit,10056,0,nan
2008524868097_Node0_Node8_Zero,2008.524868,2010.96309,1,RetryLimit,10056,0,nan
2008530337541_Node0_Node8_Zero,2008.530338,2010.96309,1,RetryLimit,10056,0,nan
2008535799235_Node0_Node8_Zero,2008.535799,2010.96309,1,RetryLimit,10056,0,nan
2008541263174_Node0_Node8_Zero,2008.541263,2008.810484,0,,136,7.572525408e-13,0
2008546724847_Node0_Node8_Zero,2008.546725,2008.810484,0,,136,7.572525408e-13,0
2008552189671_Node0_Node8_Zero,2008.55219,2008.810484,0,,136,7.572525408e-13,0
2008557652464_Node0_Node8_Zero,2008.557652,2008.868862,0,,204,7.572525408e-13,0
2008563116664_Node0_Node8_Zero,2008.563117,2008.868862,0,,204,7.572525408e-13,0
2008568576502_Node0_Node8_Zero,2008.568577,2008.868862,0,,204,7.572525408e-13,0
2008574043072_Node0_Node8_Zero,2008.574043,2008.877205,0,,204,7.572525408e-13,0
2008579507269_Node0_Node8_Zero,2008.579507,2008.877205,0,,204,7.572525408e-13,0
2008584968585_Node0_Node8_Zero,2008.584969,2008.877205,0,,204,7.572525408e-13,0
2008590429113_Node0_Node8_Zero,2008.590429,2009.508594,0,,204,7.572525408e-13,0
2008595895886_Node0_Node8_Zero,2008.595896,2009.508594,0,,204,7.572525408e-13,0
2008601357309_Node0_Node8_Zero,2008.601357,2009.508594,0,,204,7.572525408e-13,0
2008606818236_Node0_Node8_Zero,2008.606818,2013.158784,1,Expiry,10056,0,nan
2008612282639_Node0_Node8_Zero,2008.612283,2013.158784,1,Expiry,10056,0,nan
2008617747760_Node0_Node8_Zero,2008.617748,2013.158784,1,Expiry,10056,0,nan
2008623214628_Node0_Node8_Zero,2008.623215,2013.158784,1,Expiry,10056,0,nan
2008628683307_Node0_Node8_Zero,2008.628683,2009.514543,0,,204,7.572525408e-13,0
2008634147790_Node0_Node8_Zero,2008.634148,2009.514543,0,,204,7.572525408e-13,0
2008639613719_Node0_Node8_Zero,2008.639614,2009.514543,0,,204,7.572525408e-13,0
2008645076724_Node0_Node8_Zero,2008.645077,2009.514543,0,,204,7.572525408e-13,0
2008650539628_Node0_Node8_Zero,2008.65054,2009.521033,0,,293,7.572525408e-13,0
2008656000015_Node0_Node8_Zero,2008.656,2009.521033,0,,293,7.572525408e-13,0
2008661469292_Node0_Node8_Zero,2008.661469,2009.521033,0,,293,7.572525408e-13,0
2008666935045_Node0_Node8_Zero,2008.666935,2009.521033,0,,293,7.572525408e-13,0
2008672403772_Node0_Node8_Zero,2008.672404,2009.530905,0,,382,7.572525408e-13,0
2008677863729_Node0_Node8_Zero,2008.677864,2009.530905,0,,382,7.572525408e-13,0
2008683327129_Node0_Node8_Zero,2008.683327,2009.530905,0,,382,7.572525408e-13,0
2008688796056_Node0_Node8_Zero,2008.688796,2009.530905,0,,382,7.572525408e-13,0
2008694258350_Node0_Node8_Zero,2008.694258,2009.537895,0,,471,7.572525408e-13,0
2008699727594_Node0_Node8_Zero,2008.699728,2009.537895,0,,471,7.572525408e-13,0
2008705195150_Node0_Node8_Zero,2008.705195,2009.537895,0,,471,7.572525408e-13,0
2008710661397_Node0_Node8_Zero,2008.710661,2009.537895,0,,471,7.572525408e-13,0
2008716123743_Node0_Node8_Zero,2008.716124,2010.332731,0,,3764,7.572525408e-13,0
2008721585393_Node0_Node8_Zero,2008.721585,2010.332731,0,,3764,7.572525408e-13,0
2008727052742_Node0_Node8_Zero,2008.727053,2010.332731,0,,3764,7.572525408e-13,0
2008732517915_Node0_Node8_Zero,2008.732518,2010.332731,0,,3764,7.572525408e-13,0
2008737986810_Node0_Node8_Zero,2008.737987,2010.339376,0,,3764,7.572525408e-13,0
2008743450744_Node0_Node8_Zero,2008.743451,2010.339376,0,,3764,7.572525408e-13,0
2008748914812_Node0_Node8_Zero,2008.748915,2010.339376,0,,3764,7.572525408e-13,0
2008754382375_Node0_Node8_Zero,2008.754382,2010.339376,0,,3764,7.572525408e-13,0
2008759849527_Node0_Node8_Zero,2008.75985,2010.341333,0,,3764,7.572525408e-13,0
2008765317908_Node0_Node8_Zero,2008.765318,2010.341333,0,,3764,7.572525408e-13,0
2008770786258_Node0_Node8_Zero,2008.770786,2010.341333,0,,3764,7.572525408e-13,0
2008776254219_Node0_Node8_Zero,2008.776254,2010.341333,0,,3764,7.572525408e-13,0
2008781718172_Node0_Node8_Zero,2008.781718,2010.352503,0,,3764,7.572525408e-13,0
2008787183904_Node0_Node8_Zero,2008.787184,2010.352503,0,,3764,7.572525408e-13,0
2008792648600_Node0_Node8_Zero,2008.792649,2010.352503,0,,3764,7.572525408e-13,0
2008798111003_Node0_Node8_Zero,2008.798111,2010.352503,0,,3764,7.572525408e-13,0
2008803578470_Node0_Node8_Zero,2008.803578,2010.35464,0,,3764,7.572525408e-13,0
2008809045957_Node0_Node8_Zero,2008.809046,2010.35464,0,,3628,7.572525408e-13,0
2008814508841_Node0_Node8_Zero,2008.814509,2010.35464,0,,3560,7.572525408e-13,0
2008819978006_Node0_Node8_Zero,2008.819978,2010.35464,0,,3560,7.572525408e-13,0
2008825440938_Node0_Node8_Zero,2008.825441,2010.361116,0,,3560,7.572525408e-13,0
2008830905856_Node0_Node8_Zero,2008.830906,2010.361116,0,,3560,7.572525408e-13,0
2008836366678_Node0_Node8_Zero,2008.836367,2010.361116,0,,3560,7.572525408e-13,0
2008841830828_Node0_Node8_Zero,2008.841831,2010.361116,0,,3560,7.572525408e-13,0
2008847294584_Node0_Node8_Zero,2008.847295,2010.368054,0,,3560,7.572525408e-13,0
2008852754243_Node0_Node8_Zero,2008.852754,2010.368054,0,,3560,7.572525408e-13,0
2008858223037_Node0_Node8_Zero,2008.858223,2010.368054,0,,3560,7.572525408e-13,0
2008863684319_Node0_Node8_Zero,2008.863684,2010.368054,0,,3560,7.572525408e-13,0
2008869148948_Node0_Node8_Zero,2008.869149,2010.375124,0,,3560,7.572525408e-13,0
2008874616451_Node0_Node8_Zero,2008.874616,2010.375124,0,,3560,7.572525408e-13,0
2008880085564_Node0_Node8_Zero,2008.880086,2010.375124,0,,3560,7.572525408e-13,0
2008885551735_Node0_Node8_Zero,2008.885552,2010.375124,0,,3560,7.572525408e-13,0
2008891020401_Node0_Node8_Zero,2008.89102,2010.377261,0,,3560,7.572525408e-13,0
2008896483340_Node0_Node8_Zero,2008.896483,2010.377261,0,,3560,7.572525408e-13,0
2008901952492_Node0_Node8_Zero,2008.901952,2010.377261,0,,3560,7.572525408e-13,0
2008907414914_Node0_Node8_Zero,2008.907415,2010.377261,0,,3560,7.572525408e-13,0
2008912874789_Node0_Node8_Zero,2008.912875,2010.386195,0,,3560,7.572525408e-13,0
2008918339926_Node0_Node8_Zero,2008.91834,2010.386195,0,,3560,7.572525408e-13,0
2008923804677_Node0_Node8_Zero,2008.923805,2010.386195,0,,3560,7.572525408e-13,0
2008929272779_Node0_Node8_Zero,2008.929273,2010.386195,0,,3560,7.572525408e-13,0
2008934735554_Node0_Node8_Zero,2008.934736,2010.388112,0,,3560,7.572525408e-13,0
2008940198083_Node0_Node8_Zero,2008.940198,2010.388112,0,,3560,7.572525408e-13,0
2008945658521_Node0_Node8_Zero,2008.945659,2010.388112,0,,3560,7.572525408e-13,0
2008951124487_Node0_Node8_Zero,2008.951124,2010.388112,0,,3560,7.572525408e-13,0
2008956589217_Node0_Node8_Zero,2008.956589,2010.394568,0,,3560,7.572525408e-13,0
2008962054848_Node0_Node8_Zero,2008.962055,2010.394568,0,,3560,7.572525408e-13,0
2008967523632_Node0_Node8_Zero,2008.967524,2010.394568,0,,3560,7.572525408e-13,0
2008972992919_Node0_Node8_Zero,2008.972993,2010.394568,0,,3560,7.572525408e-13,0
2008978457072_Node0_Node8_Zero,2008.978457,2010.398994,0,,3560,7.572525408e-13,0
2008983925943_Node0_Node8_Zero,2008.983926,2010.398994,0,,3560,7.572525408e-13,0
2008989386041_Node0_Node8_Zero,2008.989386,2010.398994,0,,3560,7.572525408e-13,0
2008994848353_Node0_Node8_Zero,2008.994848,2010.398994,0,,3560,7.572525408e-13,0
2009000313305_Node0_Node8_Zero,2009.000313,2010.403619,0,,3560,7.572525408e-13,0
2009005774465_Node0_Node8_Zero,2009.005774,2010.403619,0,,3560,7.572525408e-13,0
2009011243222_Node0_Node8_Zero,2009.011243,2010.403619,0,,3560,7.572525408e-13,0
2009016702790_Node0_Node8_Zero,2009.016703,2010.403619,0,,3560,7.572525408e-13,0
2009022162686_Node0_Node8_Zero,2009.022163,2010.408175,0,,3560,7.572525408e-13,0
2009027627170_Node0_Node8_Zero,2009.027627,2010.408175,0,,3560,7.572525408e-13,0
2009033091541_Node0_Node8_Zero,2009.033092,2010.408175,0,,3560,7.572525408e-13,0
2009038557896_Node0_Node8_Zero,2009.038558,2010.412231,0,,3560,7.572525408e-13,0
2009044020324_Node0_Node8_Zero,2009.04402,2010.412231,0,,3560,7.572525408e-13,0
2009049489615_Node0_Node8_Zero,2009.04949,2010.412231,0,,3560,7.572525408e-13,0
2009054953030_Node0_Node8_Zero,2009.054953,2010.414158,0,,3560,7.572525408e-13,0
2009060421023_Node0_Node8_Zero,2009.060421,2010.414158,0,,3560,7.572525408e-13,0
2009065880848_Node0_Node8_Zero,2009.065881,2010.414158,0,,3560,7.572525408e-13,0
2009071340631_Node0_Node8_Zero,2009.071341,2010.416145,0,,3560,7.572525408e-13,0
2009076808014_Node0_Node8_Zero,2009.076808,2010.416145,0,,3560,7.572525408e-13,0
2009082275201_Node0_Node8_Zero,2009.082275,2010.416145,0,,3560,7.572525408e-13,0
2009087739769_Node0_Node8_Zero,2009.08774,2010.42298,0,,3560,7.572525408e-13,0
2009093200003_Node0_Node8_Zero,2009.0932,2010.42298,0,,3560,7.572525408e-13,0
2009098660461_Node0_Node8_Zero,2009.09866,2010.42298,0,,3560,7.572525408e-13,0
2009104123771_Node0_Node8_Zero,2009.104124,2010.424986,0,,3560,7.572525408e-13,0
2009109585479_Node0_Node8_Zero,2009.109585,2010.424986,0,,3560,7.572525408e-13,0
2009115046520_Node0_Node8_Zero,2009.115047,2010.424986,0,,3560,7.572525408e-13,0
2009120511036_Node0_Node8_Zero,2009.120511,2010.430612,0,,3560,7.572525408e-13,0
2009125975599_Node0_Node8_Zero,2009.125976,2010.430612,0,,3560,7.572525408e-13,0
2009131438179_Node0_Node8_Zero,2009.131438,2010.430612,0,,3560,7.572525408e-13,0
2009136905719_Node0_Node8_Zero,2009.136906,2010.432679,0,,3560,7.572525408e-13,0
2009142375194_Node0_Node8_Zero,2009.142375,2010.432679,0,,3560,7.572525408e-13,0
2009147837410_Node0_Node8_Zero,2009.147837,2010.432679,0,,3560,7.572525408e-13,0
2009153297782_Node0_Node8_Zero,2009.153298,2010.438264,0,,3560,7.572525408e-13,0
2009158759917_Node0_Node8_Zero,2009.15876,2010.438264,0,,3560,7.572525408e-13,0
2009164223522_Node0_Node8_Zero,2009.164224,2010.438264,0,,3560,7.572525408e-13,0
2009169686527_Node0_Node8_Zero,2009.169687,2010.44222,0,,3560,7.572525408e-13,0
2009175149118_Node0_Node8_Zero,2009.175149,2010.44222,0,,3560,7.572525408e-13,0
2009180616150_Node0_Node8_Zero,2009.180616,2010.44222,0,,3560,7.572525408e-13,0
2009186078736_Node0_Node8_Zero,2009.186079,2010.444206,0,,3560,7.572525408e-13,0
2009191544501_Node0_Node8_Zero,2009.191545,2010.444206,0,,3560,7.572525408e-13,0
2009197007005_Node0_Node8_Zero,2009.197007,2010.444206,0,,3560,7.572525408e-13,0
2009202476423_Node0_Node8_Zero,2009.202476,2010.449792,0,,3560,7.572525408e-13,0
2009207943050_Node0_Node8_Zero,2009.207943,2010.449792,0,,3560,7.572525408e-13,0
2009213409825_Node0_Node8_Zero,2009.21341,2010.449792,0,,3560,7.572525408e-13,0
2009218872862_Node0_Node8_Zero,2009.218873,2010.451679,0,,3560,7.572525408e-13,0
2009224335465_Node0_Node8_Zero,2009.224335,2010.451679,0,,3560,7.572525408e-13,0
2009229796249_Node0_Node8_Zero,2009.229796,2010.451679,0,,3560,7.572525408e-13,0
2009235261184_Node0_Node8_Zero,2009.235261,2010.453686,0,,3560,7.572525408e-13,0
2009240725106_Node0_Node8_Zero,2009.240725,2010.453686,0,,3560,7.572525408e-13,0
2009246186106_Node0_Node8_Zero,2009.246186,2010.453686,0,,3560,7.572525408e-13,0
2009251646853_Node0_Node8_Zero,2009.251647,2010.458075,0,,3560,7.572525408e-13,0
2009257112695_Node0_Node8_Zero,2009.257113,2010.458075,0,,3560,7.572525408e-13,0
2009262581405_Node0_Node8_Zero,2009.262581,2010.458075,0,,3560,7.572525408e-13,0
2009268047126_Node0_Node8_Zero,2009.268047,2010.46638,0,,3560,7.572525408e-13,0
2009273513315_Node0_Node8_Zero,2009.273513,2010.46638,0,,3560,7.572525408e-13,0
2009278976070_Node0_Node8_Zero,2009.278976,2010.46638,0,,3560,7.572525408e-13,0
2009284436817_Node0_Node8_Zero,2009.284437,2010.468287,0,,3560,7.572525408e-13,0
2009289898468_Node0_Node8_Zero,2009.289898,2010.468287,0,,3560,7.572525408e-13,0
2009295362565_Node0_Node8_Zero,2009.295363,2010.468287,0,,3560,7.572525408e-13,0
2009300831366_Node0_Node8_Zero,2009.300831,2010.473772,0,,3560,7.572525408e-13,0
2009306297283_Node0_Node8_Zero,2009.306297,2010.473772,0,,3560,7.572525408e-13,0
2009311757309_Node0_Node8_Zero,2009.311757,2010.473772,0,,3560,7.572525408e-13,0
2009317220384_Node0_Node8_Zero,2009.31722,2010.475739,0,,3560,7.572525408e-13,0
2009322682198_Node0_Node8_Zero,2009.322682,2010.475739,0,,3560,7.572525408e-13,0
2009328144425_Node0_Node8_Zero,2009.328144,2010.475739,0,,3560,7.572525408e-13,0
2009333606870_Node0_Node8_Zero,2009.333607,2010.481384,0,,3560,7.572525408e-13,0
2009339069112_Node0_Node8_Zero,2009.339069,2010.481384,0,,3560,7.572525408e-13,0
2009344530325_Node0_Node8_Zero,2009.34453,2010.481384,0,,3560,7.572525408e-13,0
2009349993586_Node0_Node8_Zero,2009.349994,2010.483331,0,,3560,7.572525408e-13,0
2009355456927_Node0_Node8_Zero,2009.355457,2010.483331,0,,3560,7.572525408e-13,0
2009360922961_Node0_Node8_Zero,2009.360923,2010.483331,0,,3560,7.572525408e-13,0
2009366385827_Node0_Node8_Zero,2009.366386,2010.485418,0,,3560,7.572525408e-13,0
2009371849304_Node0_Node8_Zero,2009.371849,2010.485418,0,,3560,7.572525408e-13,0
2009377313647_Node0_Node8_Zero,2009.377314,2010.485418,0,,3560,7.572525408e-13,0
2009382779111_Node0_Node8_Zero,2009.382779,2010.492493,0,,3560,7.572525408e-13,0
2009388248034_Node0_Node8_Zero,2009.388248,2010.492493,0,,3560,7.572525408e-13,0
2009393715891_Node0_Node8_Zero,2009.393716,2010.492493,0,,3560,7.572525408e-13,0
2009399184205_Node0_Node8_Zero,2009.399184,2010.49462,0,,3560,7.572525408e-13,0
2009404652103_Node0_Node8_Zero,2009.404652,2010.49462,0,,3560,7.572525408e-13,0
2009410111985_Node0_Node8_Zero,2009.410112,2010.49462,0,,3560,7.572525408e-13,0
2009415579035_Node0_Node8_Zero,2009.415579,2010.500025,0,,3560,7.572525408e-13,0
2009421045946_Node0_Node8_Zero,2009.421046,2010.500025,0,,3560,7.572525408e-13,0
2009426506041_Node0_Node8_Zero,2009.426506,2010.500025,0,,3560,7.572525408e-13,0
2009431972446_Node0_Node8_Zero,2009.431972,2010.504081,0,,3560,7.572525408e-13,0
2009437434796_Node0_Node8_Zero,2009.437435,2010.504081,0,,3560,7.572525408e-13,0
2009442901938_Node0_Node8_Zero,2009.442902,2010.504081,0,,3560,7.572525408e-13,0
2009448365023_Node0_Node8_Zero,2009.448365,2010.505988,0,,3560,7.572525408e-13,0
2009453826220_Node0_Node8_Zero,2009.453826,2010.505988,0,,3560,7.572525408e-13,0
2009459288897_Node0_Node8_Zero,2009.459289,2010.505988,0,,3560,7.572525408e-13,0
2009464752087_Node0_Node8_Zero,2009.464752,2010.543753,0,,4094,7.572525408e-13,0
2009470215977_Node0_Node8_Zero,2009.470216,2010.543753,0,,4094,7.572525408e-13,0
2009475678887_Node0_Node8_Zero,2009.475679,2010.543753,0,,4094,7.572525408e-13,0
2009481141472_Node0_Node8_Zero,2009.481141,2010.559917,0,,4429,7.572525408e-13,0
2009486610779_Node0_Node8_Zero,2009.486611,2010.559917,0,,4429,7.572525408e-13,0
2009492076859_Node0_Node8_Zero,2009.492077,2010.559917,0,,4429,7.572525408e-13,0
2009497543627_Node0_Node8_Zero,2009.497544,2010.561804,0,,4429,7.572525408e-13,0
2009503009052_Node0_Node8_Zero,2009.503009,2010.561804,0,,4429,7.572525408e-13,0
2009508478088_Node0_Node8_Zero,2009.508478,2010.561804,0,,4429,7.572525408e-13,0
2009513941858_Node0_Node8_Zero,2009.513942,2010.568077,0,,4429,7.572525408e-13,0
2009519402342_Node0_Node8_Zero,2009.519402,2010.568077,0,,4340,7.572525408e-13,0
2009524866893_Node0_Node8_Zero,2009.524867,2010.568077,0,,4251,7.572525408e-13,0
2009530327774_Node0_Node8_Zero,2009.530328,2011.051863,0,,9674,7.572525408e-13,0
2009535791913_Node0_Node8_Zero,2009.535792,2011.051863,0,,9585,7.572525408e-13,0
2009541252395_Node0_Node8_Zero,2009.541252,2011.051863,0,,9496,7.572525408e-13,0
2009546715780_Node0_Node8_Zero,2009.546716,2010.596539,0,,4675,7.572525408e-13,0
2009552180676_Node0_Node8_Zero,2009.552181,2010.596539,0,,4675,7.572525408e-13,0
2009557647621_Node0_Node8_Zero,2009.557648,2010.596539,0,,4675,7.572525408e-13,0
2009563116444_Node0_Node8_Zero,2009.563116,2011.06096,0,,9496,7.572525408e-13,0
2009568577472_Node0_Node8_Zero,2009.568577,2011.06096,0,,9496,7.572525408e-13,0
2009574045829_Node0_Node8_Zero,2009.574046,2011.06096,0,,9496,7.572525408e-13,0
2009579510352_Node0_Node8_Zero,2009.57951,2011.001571,0,,9496,7.572525408e-13,0
2009584973056_Node0_Node8_Zero,2009.584973,2011.001571,0,,9496,7.572525408e-13,0
2009590433648_Node0_Node8_Zero,2009.590434,2011.001571,0,,9496,7.572525408e-13,0
2009595902380_Node0_Node8_Zero,2009.595902,2010.690812,0,,6687,7.572525408e-13,0
2009601368600_Node0_Node8_Zero,2009.601369,2010.690812,0,,6687,7.572525408e-13,0
2009606836364_Node0_Node8_Zero,2009.606836,2010.690812,0,,6687,7.572525408e-13,0
2009612304541_Node0_Node8_Zero,2009.612305,2010.697937,0,,6823,7.572525408e-13,0
2009617764600_Node0_Node8_Zero,2009.617765,2010.697937,0,,6823,7.572525408e-13,0
2009623225782_Node0_Node8_Zero,2009.623226,2010.697937,0,,6823,7.572525408e-13,0
2009628686435_Node0_Node8_Zero,2009.628686,2010.699838,0,,6823,7.572525408e-13,0
2009634146584_Node0_Node8_Zero,2009.634147,2010.699838,0,,6823,7.572525408e-13,0
2009639612683_Node0_Node8_Zero,2009.639613,2010.699838,0,,6823,7.572525408e-13,0
2009645079345_Node0_Node8_Zero,2009.645079,2010.706693,0,,6959,7.572525408e-13,0
2009650545361_Node0_Node8_Zero,2009.650545,2010.706693,0,,6959,7.572525408e-13,0
2009656014475_Node0_Node8_Zero,2009.656014,2010.706693,0,,6959,7.572525408e-13,0
2009661478389_Node0_Node8_Zero,2009.661478,2010.718825,0,,7231,7.572525408e-13,0
2009666938421_Node0_Node8_Zero,2009.666938,2010.718825,0,,7231,7.572525408e-13,0
2009672407648_Node0_Node8_Zero,2009.672408,2010.718825,0,,7231,7.572525408e-13,0
2009677869740_Node0_Node8_Zero,2009.67787,2010.72072,0,,7231,7.572525408e-13,0
2009683331157_Node0_Node8_Zero,2009.683331,2010.72072,0,,7231,7.572525408e-13,0
2009688792985_Node0_Node8_Zero,2009.688793,2010.72072,0,,7231,7.572525408e-13,0
2009694260422_Node0_Node8_Zero,2009.69426,2010.729219,0,,7435,7.572525408e-13,0
2009699721939_Node0_Node8_Zero,2009.699722,2010.729219,0,,7435,7.572525408e-13,0
2009705186914_Node0_Node8_Zero,2009.705187,2010.729219,0,,7435,7.572525408e-13,0
2009710653538_Node0_Node8_Zero,2009.710654,2010.740501,0,,7639,7.572525408e-13,0
2009716118528_Node0_Node8_Zero,2009.716119,2010.740501,0,,7639,7.572525408e-13,0
2009721587032_Node0_Node8_Zero,2009.721587,2010.740501,0,,7639,7.572525408e-13,0
2009727051304_Node0_Node8_Zero,2009.727051,2010.747542,0,,7775,7.572525408e-13,0
2009732519521_Node0_Node8_Zero,2009.73252,2010.747542,0,,7775,7.572525408e-13,0
2009737988647_Node0_Node8_Zero,2009.737989,2010.747542,0,,7775,7.572525408e-13,0
2009743452002_Node0_Node8_Zero,2009.743452,2010.754537,0,,7911,7.572525408e-13,0
2009748917671_Node0_Node8_Zero,2009.748918,2010.754537,0,,7911,7.572525408e-13,0
2009754386443_Node0_Node8_Zero,2009.754386,2010.754537,0,,7911,7.572525408e-13,0
2009759851749_Node0_Node8_Zero,2009.759852,2010.756629,0,,7911,7.572525408e-13,0
2009765316548_Node0_Node8_Zero,2009.765317,2010.756629,0,,7911,7.572525408e-13,0
2009770782092_Node0_Node8_Zero,2009.770782,2010.756629,0,,7911,7.572525408e-13,0
2009776245400_Node0_Node8_Zero,2009.776245,2010.763703,0,,8047,7.572525408e-13,0
2009781709669_Node0_Node8_Zero,2009.78171,2010.763703,0,,8047,7.572525408e-13,0
2009787170509_Node0_Node8_Zero,2009.787171,2010.763703,0,,8047,7.572525408e-13,0
2009792638638_Node0_Node8_Zero,2009.792639,2010.77632,0,,8319,7.572525408e-13,0
2009798104629_Node0_Node8_Zero,2009.798105,2010.77632,0,,8319,7.572525408e-13,0
2009803570849_Node0_Node8_Zero,2009.803571,2010.77632,0,,8319,7.572525408e-13,0
2009809039747_Node0_Node8_Zero,2009.80904,2010.77823,0,,8319,7.572525408e-13,0
2009814499834_Node0_Node8_Zero,2009.8145,2010.77823,0,,8319,7.572525408e-13,0
2009819965041_Node0_Node8_Zero,2009.819965,2010.77823,0,,8319,7.572525408e-13,0
2009825425384_Node0_Node8_Zero,2009.825425,2010.7801,0,,8319,7.572525408e-13,0
2009830886826_Node0_Node8_Zero,2009.830887,2010.7801,0,,8319,7.572525408e-13,0
2009836352340_Node0_Node8_Zero,2009.836352,2010.7801,0,,8319,7.572525408e-13,0
2009841819444_Node0_Node8_Zero,2009.841819,2010.797905,0,,8727,7.572525408e-13,0
2009847284126_Node0_Node8_Zero,2009.847284,2010.797905,0,,8727,7.572525408e-13,0
2009852744010_Node0_Node8_Zero,2009.852744,2010.797905,0,,8727,7.572525408e-13,0
2009858208660_Node0_Node8_Zero,2009.858209,2010.80625,0,,8863,7.572525408e-13,0
2009863671065_Node0_Node8_Zero,2009.863671,2010.80625,0,,8863,7.572525408e-13,0
2009869138796_Node0_Node8_Zero,2009.869139,2010.80625,0,,8863,7.572525408e-13,0
2009874600377_Node0_Node8_Zero,2009.8746,2010.80824,0,,8863,7.572525408e-13,0
2009880066856_Node0_Node8_Zero,2009.880067,2010.80824,0,,8863,7.572525408e-13,0
2009885530461_Node0_Node8_Zero,2009.88553,2010.80824,0,,8863,7.572525408e-13,0
2009890998969_Node0_Node8_Zero,2009.890999,2010.817303,0,,9088,7.572525408e-13,0
2009896466570_Node0_Node8_Zero,2009.896467,2010.817303,0,,9088,7.572525408e-13,0
2009901934350_Node0_Node8_Zero,2009.901934,2010.817303,0,,9088,7.572525408e-13,0
2009907401779_Node0_Node8_Zero,2009.907402,2010.829032,0,,9156,7.572525408e-13,0
2009912867132_Node0_Node8_Zero,2009.912867,2010.829032,0,,9156,7.572525408e-13,0
2009918335525_Node0_Node8_Zero,2009.918336,2010.829032,0,,9156,7.572525408e-13,0
2009923804248_Node0_Node8_Zero,2009.923804,2010.830903,0,,9156,7.572525408e-13,0
2009929271371_Node0_Node8_Zero,2009.929271,2010.830903,0,,9156,7.572525408e-13,0
2009934732432_Node0_Node8_Zero,2009.934732,2010.830903,0,,9156,7.572525408e-13,0
2009940194106_Node0_Node8_Zero,2009.940194,2010.836324,0,,9224,7.572525408e-13,0
2009945654605_Node0_Node8_Zero,2009.945655,2010.836324,0,,9224,7.572525408e-13,0
2009951116047_Node0_Node8_Zero,2009.951116,2010.836324,0,,9224,7.572525408e-13,0
2009956585237_Node0_Node8_Zero,2009.956585,2010.838234,0,,9224,7.572525408e-13,0
2009962052600_Node0_Node8_Zero,2009.962053,2010.838234,0,,9224,7.572525408e-13,0
2009967513848_Node0_Node8_Zero,2009.967514,2010.838234,0,,9224,7.572525408e-13,0
2009972975883_Node0_Node8_Zero,2009.972976,2010.856086,0,,9428,7.572525408e-13,0
2009978438416_Node0_Node8_Zero,2009.978438,2010.856086,0,,9428,7.572525408e-13,0
2009983904309_Node0_Node8_Zero,2009.983904,2010.856086,0,,9428,7.572525408e-13,0
2009989371124_Node0_Node8_Zero,2009.989371,2010.865435,0,,9496,7.572525408e-13,0
2009994831068_Node0_Node8_Zero,2009.994831,2010.865435,0,,9496,7.572525408e-13,0
2010000290900_Node0_Node8_Zero,2010.000291,2010.865435,0,,9354,7.572525408e-13,0
