Packet ID,Enqueue Time (in s),Dequeue Time (in s),Dropped?,Drop Reason,Freezes,Tx INTF,Rx INTF
2000005463450_Node0_Node8_Zero,2000.005463,2000.00735,0,,0,7.572525408e-13,0
2000010932556_Node0_Node8_Zero,2000.010933,2000.014213,0,,0,7.572525408e-13,0
2000016398958_Node0_Node8_Zero,2000.016399,2000.020427,0,,0,7.572525408e-13,0
2000021862032_Node0_Node8_Zero,2000.021862,2000.028466,0,,22,7.572525408e-13,1.5579854590671e-14
2000027323339_Node0_Node8_Zero,2000.027323,2000.034754,0,,0,7.572525408e-13,1.3146745500000003e-13
2000032787549_Node0_Node8_Zero,2000.032788,2000.038786,0,,0,7.782873336e-13,0
2000038253191_Node0_Node8_Zero,2000.038253,2000.049819,0,,47,7.572525408e-13,0
2000043719312_Node0_Node8_Zero,2000.043719,2000.053854,0,,47,7.572525408e-13,0
2000049182560_Node0_Node8_Zero,2000.049183,2000.055724,0,,0,7.572525408e-13,0
2000054649841_Node0_Node8_Zero,2000.05465,2000.064202,0,,0,7.572525408e-13,0
2000060116286_Node0_Node8_Zero,2000.060116,2000.066093,0,,0,7.572525408e-13,0
2000065580836_Node0_Node8_Zero,2000.065581,2000.076508,0,,0,7.9011940455e-13,0
2000071044325_Node0_Node8_Zero,2000.071044,2000.078692,0,,0,5.842998000000001e-14,1.3146745500000003e-13
2000076508123_Node0_Node8_Zero,2000.076508,2000.080722,0,,0,7.572525408e-13,0
2000081976664_Node0_Node8_Zero,2000.081977,2000.099667,0,,0,7.803088412351902e-13,0
2000087438257_Node0_Node8_Zero,2000.087438,2000.106392,0,,0,7.572525408e-13,0
2000092901218_Node0_Node8_Zero,2000.092901,2000.1123,0,,0,7.572525408e-13,0
2000098365787_Node0_Node8_Zero,2000.098366,2000.11419,0,,0,7.572525408e-13,0
2000103829797_Node0_Node8_Zero,2000.10383,2000.118934,0,,0,5.109225369206156e-14,9.083067323033167e-14
2000109297061_Node0_Node8_Zero,2000.109297,2000.12085,0,,0,2.220112765141414e-14,3.4689261955334597e-14
2000114757334_Node0_Node8_Zero,2000.114757,2000.126094,0,,0,7.572525408e-13,1.5201333119632142e-14
2000120223046_Node0_Node8_Zero,2000.120223,2000.12811,0,,0,7.572525408e-13,0
2000125691292_Node0_Node8_Zero,2000.125691,2000.13024,0,,0,7.72832395390671e-13,0
2000131153340_Node0_Node8_Zero,2000.131153,2000.135141,0,,0,7.572525408e-13,0
2000136618834_Node0_Node8_Zero,2000.136619,2000.141674,0,,0,3.52990413400059e-14,7.833310123084891e-14
2000142078975_Node0_Node8_Zero,2000.142079,2000.144236,0,,0,2.2580623872157793e-14,3.5282224800246547e-14
2000147540686_Node0_Node8_Zero,2000.147541,2000.149408,0,,0,8.081982960695741e-13,0
2000153000377_Node0_Node8_Zero,2000.153,2000.154887,0,,0,7.572525408e-13,0
2000158465522_Node0_Node8_Zero,2000.158466,2000.164059,0,,0,7.572525408e-13,0
2000163927870_Node0_Node8_Zero,2000.163928,2000.174024,0,,0,7.9011940455e-13,0
2000169395040_Node0_Node8_Zero,2000.169395,2000.179957,0,,0,7.572525408e-13,2.1034792800000005e-14
2000174859308_Node0_Node8_Zero,2000.174859,2000.181907,0,,0,7.572525408e-13,2.1953864117426643e-14
2000180326612_Node0_Node8_Zero,2000.180327,2000.189715,0,,0,7.572525408e-13,0
2000185795342_Node0_Node8_Zero,2000.185795,2000.193579,0,,0,7.572525408e-13,8.41391712e-14
2000191261106_Node0_Node8_Zero,2000.191261,2000.248279,0,,2,7.572525408e-13,1.3146745500000003e-13
2000196725024_Node0_Node8_Zero,2000.196725,2000.250244,0,,2,7.802700644569324e-13,0
2000202189966_Node0_Node8_Zero,2000.20219,2000.256982,0,,2,7.572525408e-13,0
2000207649759_Node0_Node8_Zero,2000.20765,2000.258864,0,,2,7.572525408e-13,0
2000213112490_Node0_Node8_Zero,2000.213112,2000.260754,0,,2,3.5964880713956925e-14,0
2000218572699_Node0_Node8_Zero,2000.218573,2000.263011,0,,2,7.572525408e-13,0
2000224032506_Node0_Node8_Zero,2000.224033,2000.264914,0,,2,3.529489096385304e-14,0
2000229501868_Node0_Node8_Zero,2000.229502,2000.266944,0,,0,7.927498819415358e-13,0
2000234961814_Node0_Node8_Zero,2000.234962,2000.271297,0,,0,7.572525408e-13,1.5282744715743755e-14
2000240426797_Node0_Node8_Zero,2000.240427,2000.273364,0,,0,7.572525408e-13,0
2000245894977_Node0_Node8_Zero,2000.245895,2000.277174,0,,0,7.572525408e-13,0
2000251360723_Node0_Node8_Zero,2000.251361,2000.308908,0,,0,7.572525408e-13,0
2000256824958_Node0_Node8_Zero,2000.256825,2000.313116,0,,0,7.572525408e-13,1.4663382398988793e-13
2000262290029_Node0_Node8_Zero,2000.26229,2000.315311,0,,0,7.572525408e-13,0
2000267752393_Node0_Node8_Zero,2000.267752,2000.321033,0,,0,6.703558267765812e-14,1.5083006102473078e-13
2000273216601_Node0_Node8_Zero,2000.273217,2000.323211,0,,0,1.6011319746659884e-14,2.3056300435190235e-14
2000278678941_Node0_Node8_Zero,2000.278679,2000.327164,0,,0,7.572525408e-13,0
2000284139071_Node0_Node8_Zero,2000.284139,2000.329051,0,,0,7.572525408e-13,0
2000289605525_Node0_Node8_Zero,2000.289606,2000.331161,0,,0,7.572525408e-13,0
2000295072185_Node0_Node8_Zero,2000.295072,2000.333171,0,,0,7.572525408e-13,0
2000300539917_Node0_Node8_Zero,2000.30054,2000.338751,0,,0,7.572525408e-13,0
2000306000085_Node0_Node8_Zero,2000.306,2000.344712,0,,0,7.572525408e-13,0
2000311468182_Node0_Node8_Zero,2000.311468,2000.348782,0,,0,7.572525408e-13,0
2000316932140_Node0_Node8_Zero,2000.316932,2000.352612,0,,0,2.2807811760240605e-14,3.563720587537595e-14
2000322398199_Node0_Node8_Zero,2000.322398,2000.354562,0,,0,7.572525408e-13,0
2000327866186_Node0_Node8_Zero,2000.327866,2000.358453,0,,0,7.572525408e-13,2.1749179438044002e-14
2000333327704_Node0_Node8_Zero,2000.333328,2000.360463,0,,0,7.572525408e-13,0
2000338795976_Node0_Node8_Zero,2000.338796,2000.364392,0,,0,7.572525408e-13,0
2000344264911_Node0_Node8_Zero,2000.344265,2000.366362,0,,0,7.803558602751688e-13,0
2000349732144_Node0_Node8_Zero,2000.349732,2000.370231,0,,0,2.2007152390671004e-14,3.4386175610423446e-14
2000355199353_Node0_Node8_Zero,2000.355199,2000.374141,0,,0,7.79259693190671e-13,0
2000360659369_Node0_Node8_Zero,2000.360659,2000.378212,0,,0,7.572525408e-13,1.5419600906979376e-14
2000366128826_Node0_Node8_Zero,2000.366129,2000.386868,0,,0,7.927386787849986e-13,0
2000371592246_Node0_Node8_Zero,2000.371592,2000.388951,0,,0,7.572525408e-13,0
2000377052500_Node0_Node8_Zero,2000.377053,2000.403315,0,,0,7.572525408e-13,1.3146745500000003e-13
2000382515672_Node0_Node8_Zero,2000.382516,2000.405311,0,,0,7.572525408e-13,0
2000387977541_Node0_Node8_Zero,2000.387978,2000.407321,0,,0,8.156825208e-13,0
2000393442145_Node0_Node8_Zero,2000.393442,2000.413753,0,,0,3.52980054695007e-14,6.27520097235568e-14
2000398908248_Node0_Node8_Zero,2000.398908,2000.415801,0,,0,7.794564346629048e-13,0
2000404368383_Node0_Node8_Zero,2000.404368,2000.417871,0,,0,7.925505462695007e-13,0
2000409831929_Node0_Node8_Zero,2000.409832,2000.419961,0,,0,7.572525408e-13,0
2000415293562_Node0_Node8_Zero,2000.415294,2000.421911,0,,0,7.572525408e-13,0
2000420756657_Node0_Node8_Zero,2000.420757,2000.428206,0,,0,7.572525408e-13,0
2000426218858_Node0_Node8_Zero,2000.426219,2000.430376,0,,0,7.572525408e-13,8.344136079746919e-14
2000431682199_Node0_Node8_Zero,2000.431682,2000.433789,0,,0,7.572525408e-13,0
2000437143909_Node0_Node8_Zero,2000.437144,2000.441678,0,,0,8.073492830301311e-14,0
2000442612164_Node0_Node8_Zero,2000.442612,2000.450258,0,,0,7.572525408e-13,0
2000448071687_Node0_Node8_Zero,2000.448072,2000.452168,0,,0,7.572525408e-13,0
2000453538503_Node0_Node8_Zero,2000.453539,2000.458131,0,,0,7.572525408e-13,1.498732296510586e-14
2000459003656_Node0_Node8_Zero,2000.459004,2000.462307,0,,0,7.572525408e-13,0
2000464467274_Node0_Node8_Zero,2000.464467,2000.470279,0,,0,7.572525408e-13,0
2000469930998_Node0_Node8_Zero,2000.469931,2000.484222,0,,0,7.572525408e-13,0
2000475393420_Node0_Node8_Zero,2000.475393,2000.486092,0,,0,7.572525408e-13,0
2000480854650_Node0_Node8_Zero,2000.480855,2000.49008,0,,0,7.572525408e-13,0
2000486317270_Node0_Node8_Zero,2000.486317,2000.494069,0,,0,7.572525408e-13,0
2000491781370_Node0_Node8_Zero,2000.491781,2000.495959,0,,0,7.572525408e-13,0
2000497247209_Node0_Node8_Zero,2000.497247,2000.505698,0,,0,7.572525408e-13,0
2000502711778_Node0_Node8_Zero,2000.502712,2000.514194,0,,0,8.156825208e-13,0
2000508173740_Node0_Node8_Zero,2000.508174,2000.521047,0,,0,7.572525408e-13,0
2000513638452_Node0_Node8_Zero,2000.513638,2000.522917,0,,0,7.572525408e-13,0
2000519100351_Node0_Node8_Zero,2000.5191,2000.526928,0,,0,7.572525408e-13,0
2000524564631_Node0_Node8_Zero,2000.524565,2000.534771,0,,0,5.842998000000001e-14,1.3146745500000003e-13
2000530031873_Node0_Node8_Zero,2000.530032,2000.536709,0,,0,7.572525408e-13,0
2000535497509_Node0_Node8_Zero,2000.535498,2000.543049,0,,0,7.572525408e-13,1.5810657695223976e-13
2000540962443_Node0_Node8_Zero,2000.540962,2000.545226,0,,0,7.572525408e-13,0
2000546425896_Node0_Node8_Zero,2000.546426,2000.553133,0,,0,7.572525408e-13,0
2000551889174_Node0_Node8_Zero,2000.551889,2000.559406,0,,0,8.27118923795965e-13,0
2000557350559_Node0_Node8_Zero,2000.557351,2000.561276,0,,0,7.572525408e-13,6.41138596758883e-14
2000562811592_Node0_Node8_Zero,2000.562812,2000.578907,0,,0,7.572525408e-13,0
2000568272185_Node0_Node8_Zero,2000.568272,2000.581346,0,,0,7.572525408e-13,0
2000573739245_Node0_Node8_Zero,2000.573739,2000.583356,0,,0,7.572525408e-13,2.207187828471169e-14
2000579199524_Node0_Node8_Zero,2000.5792,2000.585506,0,,0,7.572525408e-13,0
2000584663272_Node0_Node8_Zero,2000.584663,2000.593693,0,,0,8.39991510566775e-13,0
2000590125878_Node0_Node8_Zero,2000.590126,2000.595603,0,,0,7.572525408e-13,0
2000595588087_Node0_Node8_Zero,2000.595588,2000.603631,0,,0,7.572525408e-13,0
2000601056657_Node0_Node8_Zero,2000.601057,2000.605976,0,,0,3.6343560189130774e-14,6.461077366956582e-14
2000606517814_Node0_Node8_Zero,2000.606518,2000.608405,0,,0,7.572525408e-13,0
2000611981339_Node0_Node8_Zero,2000.611981,2000.616474,0,,0,3.695240300797902e-14,6.569316090307381e-14
2000617440830_Node0_Node8_Zero,2000.617441,2000.67736,1,RetryLimit,2,1.460620153085394e-13,nan
2000622902549_Node0_Node8_Zero,2000.622903,2000.680267,0,,0,7.572525408e-13,0
2000628362630_Node0_Node8_Zero,2000.628363,2000.682623,0,,0,7.572525408e-13,0
2000633826736_Node0_Node8_Zero,2000.633827,2000.684753,0,,0,7.572525408e-13,0
2000639292116_Node0_Node8_Zero,2000.639292,2000.686723,0,,0,8.31240274250736e-13,0
2000644751640_Node0_Node8_Zero,2000.644752,2000.688853,0,,0,6.778475959255447e-14,1.5251570908324754e-13
2000650213645_Node0_Node8_Zero,2000.650214,2000.690903,0,,0,8.242881234776581e-13,0
2000655674970_Node0_Node8_Zero,2000.655675,2000.692853,0,,0,7.572525408e-13,0
2000661138273_Node0_Node8_Zero,2000.661138,2000.694763,0,,0,7.572525408e-13,0
2000666602111_Node0_Node8_Zero,2000.666602,2000.696653,0,,0,7.572525408e-13,0
2000672065323_Node0_Node8_Zero,2000.672065,2000.698703,0,,0,7.572525408e-13,0
2000677532909_Node0_Node8_Zero,2000.677533,2000.700673,0,,0,7.572525408e-13,3.5111358840243893e-14
2000682992582_Node0_Node8_Zero,2000.682993,2000.735723,0,,0,8.156825208e-13,0
2000688457037_Node0_Node8_Zero,2000.688457,2000.737812,0,,0,6.572049349674256e-14,1.4787111036767077e-13
2000693917372_Node0_Node8_Zero,2000.693917,2000.741924,0,,0,8.242881234776581e-13,0
2000699386365_Node0_Node8_Zero,2000.699386,2000.743872,0,,0,8.242881234776581e-13,0
2000704850758_Node0_Node8_Zero,2000.704851,2000.745782,0,,0,8.246778750491329e-13,0
2000710318794_Node0_Node8_Zero,2000.710319,2000.747712,0,,0,8.246605011609756e-13,0
2000715785255_Node0_Node8_Zero,2000.715785,2000.749622,0,,0,8.246605011609756e-13,0
2000721247404_Node0_Node8_Zero,2000.721247,2000.751572,0,,0,8.246773663118187e-13,0
2000726715598_Node0_Node8_Zero,2000.726716,2000.753582,0,,0,8.246766145169167e-13,0
2000732182348_Node0_Node8_Zero,2000.732182,2000.755512,0,,0,7.572525408e-13,0
2000737651145_Node0_Node8_Zero,2000.737651,2000.757562,0,,0,7.572525408e-13,0
2000743114476_Node0_Node8_Zero,2000.743114,2000.759759,0,,0,7.572525408e-13,1.66472400264156e-13
2000748576438_Node0_Node8_Zero,2000.748576,2000.761909,0,,0,7.572525408e-13,1.5170573467495827e-13
2000754038362_Node0_Node8_Zero,2000.754038,2000.763779,0,,0,7.572525408e-13,0
2000759500396_Node0_Node8_Zero,2000.7595,2000.765689,0,,0,7.572525408e-13,0
2000764967880_Node0_Node8_Zero,2000.764968,2000.772498,0,,0,5.842998000000001e-14,0
2000770430946_Node0_Node8_Zero,2000.770431,2000.774628,0,,0,8.247064740493909e-13,0
2000775895278_Node0_Node8_Zero,2000.775895,2000.778062,0,,0,8.156825208e-13,0
2000781363399_Node0_Node8_Zero,2000.781363,2000.78337,0,,0,7.572525408e-13,0
2000786823842_Node0_Node8_Zero,2000.786824,2000.788711,0,,0,5.842998000000001e-14,0
2000792292709_Node0_Node8_Zero,2000.792293,2000.798112,0,,0,7.572525408e-13,4.73282838e-14
2000797755633_Node0_Node8_Zero,2000.797756,2000.806047,0,,0,7.572525408e-13,0
2000803218359_Node0_Node8_Zero,2000.803218,2000.812407,0,,0,7.572525408e-13,0
2000808680153_Node0_Node8_Zero,2000.80868,2000.82159,0,,0,7.93777065635938e-13,0
2000814145319_Node0_Node8_Zero,2000.814145,2000.823774,0,,0,3.621513619576591e-14,6.438246434802829e-14
2000819605903_Node0_Node8_Zero,2000.819606,2000.829514,0,,0,7.572525408e-13,0
2000825072133_Node0_Node8_Zero,2000.825072,2000.835486,0,,0,7.572525408e-13,0
2000830533180_Node0_Node8_Zero,2000.830533,2000.890258,0,,0,4.807699318972022e-14,0
2000835999777_Node0_Node8_Zero,2000.836,2000.894327,0,,0,7.93802169572393e-13,0
2000841463944_Node0_Node8_Zero,2000.841464,2000.896477,0,,0,8.584795565437791e-14,2.2569206224449014e-14
2000846924084_Node0_Node8_Zero,2000.846924,2000.90403,0,,0,7.572525408e-13,0
2000852387157_Node0_Node8_Zero,2000.852387,2000.905997,0,,0,6.575685409683795e-14,0
2000857851111_Node0_Node8_Zero,2000.857851,2000.908107,0,,0,8.246051686056213e-13,0
2000863312756_Node0_Node8_Zero,2000.863313,2000.909977,0,,0,3.530589226744492e-14,0
2000868772635_Node0_Node8_Zero,2000.868773,2000.911987,0,,0,8.242881234776581e-13,0
2000874240996_Node0_Node8_Zero,2000.874241,2000.913897,0,,0,7.572525408e-13,6.41404745955977e-14
2000879705282_Node0_Node8_Zero,2000.879705,2000.915887,0,,0,7.572525408e-13,0
2000885167901_Node0_Node8_Zero,2000.885168,2000.917857,0,,0,7.572525408e-13,0
2000890636817_Node0_Node8_Zero,2000.890637,2000.919807,0,,0,7.572525408e-13,0
2000896097136_Node0_Node8_Zero,2000.896097,2000.921917,0,,0,7.572525408e-13,0
2000901565542_Node0_Node8_Zero,2000.901566,2000.930695,0,,0,7.572525408e-13,7.851484580786309e-14
2000907032701_Node0_Node8_Zero,2000.907033,2000.932817,0,,0,7.572525408e-13,6.309618451966919e-14
2000912499422_Node0_Node8_Zero,2000.912499,2000.934947,0,,0,7.572525408e-13,0
2000917960020_Node0_Node8_Zero,2000.91796,2000.937017,0,,0,7.572525408e-13,6.2319418362684e-14
2000923427963_Node0_Node8_Zero,2000.923428,2000.939087,0,,0,7.572525408e-13,0
2000928888755_Node0_Node8_Zero,2000.928889,2000.941057,0,,0,7.572525408e-13,6.2319418362684e-14
2000934349481_Node0_Node8_Zero,2000.934349,2000.943147,0,,0,7.572525408e-13,0
2000939817667_Node0_Node8_Zero,2000.939818,2000.945177,0,,0,7.572525408e-13,6.308646752888647e-14
2000945287039_Node0_Node8_Zero,2000.945287,2000.947274,0,,0,3.548613798499864e-14,0
2000950755489_Node0_Node8_Zero,2000.950755,2000.952782,0,,0,7.9011940455e-13,0
2000956219467_Node0_Node8_Zero,2000.956219,2000.958186,0,,0,7.572525408e-13,0
2000961682301_Node0_Node8_Zero,2000.961682,2000.964155,0,,0,7.572525408e-13,2.2705043453165414e-14
2000967143225_Node0_Node8_Zero,2000.967143,2000.97399,0,,0,7.572525408e-13,0
2000972611581_Node0_Node8_Zero,2000.972612,2000.980021,0,,0,7.951079777261725e-13,0
2000978074488_Node0_Node8_Zero,2000.978074,2000.981991,0,,0,5.842998000000001e-14,0
2000983535949_Node0_Node8_Zero,2000.983536,2000.990754,0,,0,7.572525408e-13,0
2000988998727_Node0_Node8_Zero,2000.988999,2000.998703,0,,0,7.572525408e-13,0
2000994465708_Node0_Node8_Zero,2000.994466,2001.002673,0,,0,7.572525408e-13,0
2000999933209_Node0_Node8_Zero,2000.999933,2001.006742,0,,0,7.572525408e-13,0
2001005401863_Node0_Node8_Zero,2001.005402,2001.014637,0,,0,4.73282838e-14,0
2001010866982_Node0_Node8_Zero,2001.010867,2001.016507,0,,0,7.572525408e-13,0
2001016326640_Node0_Node8_Zero,2001.016327,2001.024538,0,,0,7.572525408e-13,3.446109719492389e-14
2001021794873_Node0_Node8_Zero,2001.021795,2001.028467,0,,0,7.572525408e-13,2.243499061056624e-14
2001027255075_Node0_Node8_Zero,2001.027255,2001.03855,0,,0,7.572525408e-13,0
2001032719537_Node0_Node8_Zero,2001.03272,2001.040596,0,,0,3.5292743674556934e-14,0
2001038185082_Node0_Node8_Zero,2001.038185,2001.042566,0,,0,7.572525408e-13,0
2001043645809_Node0_Node8_Zero,2001.043646,2001.046431,0,,0,2.2585569889792715e-14,0
2001049113294_Node0_Node8_Zero,2001.049113,2001.052095,0,,0,7.572525408e-13,1.3146745500000003e-13
2001054580774_Node0_Node8_Zero,2001.054581,2001.063555,0,,0,9.128316288060317e-14,2.0538711648135713e-13
2001060044960_Node0_Node8_Zero,2001.060045,2001.067513,0,,0,7.572525408e-13,0
2001065504860_Node0_Node8_Zero,2001.065505,2001.069383,0,,0,8.415256134202238e-13,0
2001070969868_Node0_Node8_Zero,2001.07097,2001.143553,1,RetryLimit,0,1.0879753785070447e-13,nan
2001076433200_Node0_Node8_Zero,2001.076433,2001.153121,0,,0,8.268916068051842e-13,0
2001081900386_Node0_Node8_Zero,2001.0819,2001.15711,0,,0,6.607296275132329e-14,1.486641661904774e-13
2001087366016_Node0_Node8_Zero,2001.087366,2001.15902,0,,0,8.333004046160517e-13,0
2001092833453_Node0_Node8_Zero,2001.092833,2001.16091,0,,0,1.1024706877069091e-14,1.5005851027121817e-14
2001098302233_Node0_Node8_Zero,2001.098302,2001.167541,0,,0,7.572525408e-13,0
2001103764484_Node0_Node8_Zero,2001.103764,2001.178274,0,,0,5.842998000000001e-14,0
2001109233469_Node0_Node8_Zero,2001.109233,2001.180381,0,,0,7.9011940455e-13,0
2001114701150_Node0_Node8_Zero,2001.114701,2001.182311,0,,0,7.572525408e-13,1.51467698442493e-13
2001120161314_Node0_Node8_Zero,2001.120161,2001.184421,0,,0,7.92711750466764e-13,0
2001125624665_Node0_Node8_Zero,2001.125625,2001.186371,0,,0,8.242881234776581e-13,0
2001131089730_Node0_Node8_Zero,2001.13109,2001.188481,0,,0,8.246727640735257e-13,0
2001136556030_Node0_Node8_Zero,2001.136556,2001.190531,0,,0,7.572525408e-13,0
2001142025231_Node0_Node8_Zero,2001.142025,2001.192421,0,,0,8.229721136213383e-13,0
2001147487352_Node0_Node8_Zero,2001.147487,2001.194551,0,,0,7.572525408e-13,0
2001152955569_Node0_Node8_Zero,2001.152956,2001.196461,0,,0,8.229721136213383e-13,0
2001158420152_Node0_Node8_Zero,2001.15842,2001.198611,0,,0,3.54911171656818e-14,6.309531940565653e-14
2001163883840_Node0_Node8_Zero,2001.163884,2001.200601,0,,0,7.927515319491841e-13,0
2001169345030_Node0_Node8_Zero,2001.169345,2001.202551,0,,0,7.572525408e-13,0
2001174804748_Node0_Node8_Zero,2001.174805,2001.204441,0,,0,7.793725008807954e-13,0
2001180267768_Node0_Node8_Zero,2001.180268,2001.206391,0,,0,7.572525408e-13,0
2001185735819_Node0_Node8_Zero,2001.185736,2001.208321,0,,0,7.572525408e-13,0
2001191197259_Node0_Node8_Zero,2001.191197,2001.210371,0,,0,1.5103596831975003e-14,2.1749179438044002e-14
2001196657355_Node0_Node8_Zero,2001.196657,2001.212341,0,,0,7.793660448289712e-13,0
2001202118101_Node0_Node8_Zero,2001.202118,2001.214331,0,,0,7.572525408e-13,0
2001207578270_Node0_Node8_Zero,2001.207578,2001.216201,0,,0,7.572525408e-13,0
2001213042623_Node0_Node8_Zero,2001.213043,2001.218211,0,,0,2.2113895324809596e-14,3.4552961445014996e-14
2001218503676_Node0_Node8_Zero,2001.218504,2001.220531,0,,0,7.572525408e-13,0
2001223966172_Node0_Node8_Zero,2001.223966,2001.226255,0,,0,6.735101458740512e-14,0
2001229432198_Node0_Node8_Zero,2001.229432,2001.232146,0,,0,8.221790987027212e-13,0
2001234891770_Node0_Node8_Zero,2001.234892,2001.246936,0,,0,7.572525408e-13,1.6823232714587994e-13
2001240351358_Node0_Node8_Zero,2001.240351,2001.253291,0,,0,8.075672129348211e-13,0
2001245812131_Node0_Node8_Zero,2001.245812,2001.255281,0,,0,7.572525408e-13,0
2001251279398_Node0_Node8_Zero,2001.251279,2001.267775,0,,0,7.572525408e-13,9.981226674587479e-14
2001256741108_Node0_Node8_Zero,2001.256741,2001.275137,0,,0,7.572525408e-13,1.861626819752438e-13
2001262204507_Node0_Node8_Zero,2001.262205,2001.277307,0,,0,7.813853505639569e-13,0
2001267665198_Node0_Node8_Zero,2001.267665,2001.279357,0,,0,6.747899673726154e-14,0
2001273129790_Node0_Node8_Zero,2001.27313,2001.281507,0,,0,7.572525408e-13,0
2001278597861_Node0_Node8_Zero,2001.278598,2001.283497,0,,0,7.572525408e-13,0
2001284061218_Node0_Node8_Zero,2001.284061,2001.288128,0,,0,7.935378562359527e-13,0
2001289523823_Node0_Node8_Zero,2001.289524,2001.302567,0,,0,7.929115347309612e-13,0
2001294985444_Node0_Node8_Zero,2001.294985,2001.307874,0,,0,7.3987733450736e-14,0
2001300445990_Node0_Node8_Zero,2001.300446,2001.309864,0,,0,7.572525408e-13,0
2001305907170_Node0_Node8_Zero,2001.305907,2001.311794,0,,0,2.4132809763956926e-14,3.7707515256182696e-14
2001311375048_Node0_Node8_Zero,2001.311375,2001.318871,0,,0,2.1034792800000005e-14,0
2001316844044_Node0_Node8_Zero,2001.316844,2001.320961,0,,0,7.572525408e-13,0
2001322306884_Node0_Node8_Zero,2001.322307,2001.324214,0,,0,7.572525408e-13,1.5838758166833755e-14
2001327766677_Node0_Node8_Zero,2001.327767,2001.329654,0,,0,7.572525408e-13,2.1034792800000005e-14
2001333234089_Node0_Node8_Zero,2001.333234,2001.33655,0,,0,7.572525408e-13,0
2001338701200_Node0_Node8_Zero,2001.338701,2001.351207,0,,0,7.98870640866039e-13,0
2001344161595_Node0_Node8_Zero,2001.344162,2001.359967,0,,0,7.572525408e-13,0
2001349624633_Node0_Node8_Zero,2001.349625,2001.363994,0,,0,7.572525408e-13,0
2001355084540_Node0_Node8_Zero,2001.355085,2001.370023,0,,0,7.939216917271829e-13,0
2001360549272_Node0_Node8_Zero,2001.360549,2001.378622,0,,0,7.572525408e-13,0
2001366015808_Node0_Node8_Zero,2001.366016,2001.384402,0,,0,7.572525408e-13,0
2001371481568_Node0_Node8_Zero,2001.371482,2001.39484,0,,0,7.572525408e-13,1.3146745500000003e-13
2001376945881_Node0_Node8_Zero,2001.376946,2001.396902,0,,0,8.328592592523664e-13,0
2001382411932_Node0_Node8_Zero,2001.382412,2001.398992,0,,0,7.572525408e-13,0
2001387875870_Node0_Node8_Zero,2001.387876,2001.401142,0,,0,7.572525408e-13,0
2001393344119_Node0_Node8_Zero,2001.393344,2001.403312,0,,0,7.572525408e-13,0
2001398809552_Node0_Node8_Zero,2001.39881,2001.405302,0,,0,7.572525408e-13,0
2001404269895_Node0_Node8_Zero,2001.40427,2001.538044,0,,0,7.572525408e-13,0
2001409736661_Node0_Node8_Zero,2001.409737,2001.540075,0,,0,7.572525408e-13,5.025652934231914e-14
2001415198374_Node0_Node8_Zero,2001.415198,2001.541945,0,,0,7.572525408e-13,0
2001420664580_Node0_Node8_Zero,2001.420665,2001.547892,0,,0,7.572525408e-13,0
2001426130238_Node0_Node8_Zero,2001.42613,2001.549822,0,,0,7.572525408e-13,0
2001431597931_Node0_Node8_Zero,2001.431598,2001.56052,0,,0,7.572525408e-13,5.842998000000001e-14
2001437061993_Node0_Node8_Zero,2001.437062,2001.56996,0,,0,7.572525408e-13,0
2001442530779_Node0_Node8_Zero,2001.442531,2001.575935,0,,0,2.2711128310399128e-14,3.548613798499864e-14
2001447995260_Node0_Node8_Zero,2001.447995,2001.577822,0,,0,7.572525408e-13,0
2001453456241_Node0_Node8_Zero,2001.453456,2001.582646,0,,0,7.572525408e-13,6.340634567589625e-14
2001458917530_Node0_Node8_Zero,2001.458918,2001.584522,0,,0,7.572525408e-13,0
2001464377460_Node0_Node8_Zero,2001.464377,2001.594658,0,,0,3.286686375000001e-14,0
2001469845312_Node0_Node8_Zero,2001.469845,2001.597269,0,,0,7.797670737797828e-13,0
2001475305649_Node0_Node8_Zero,2001.475306,2001.599192,0,,0,7.572525408e-13,0
2001480769983_Node0_Node8_Zero,2001.48077,2001.601342,0,,0,7.79452799479432e-13,0
2001486239348_Node0_Node8_Zero,2001.486239,2001.603372,0,,0,1.1446742520627079e-14,1.5580288430853524e-14
2001491701947_Node0_Node8_Zero,2001.491702,2001.608078,0,,0,7.572525408e-13,1.5014647857431463e-14
2001497169876_Node0_Node8_Zero,2001.49717,2001.610152,0,,0,7.572525408e-13,0
2001502633720_Node0_Node8_Zero,2001.502634,2001.641088,0,,0,7.572525408e-13,8.505859148388366e-14
2001508097271_Node0_Node8_Zero,2001.508097,2001.643252,0,,0,7.572525408e-13,1.3146745500000003e-13
2001513563243_Node0_Node8_Zero,2001.513563,2001.645362,0,,0,7.927440820326393e-13,0
2001519029080_Node0_Node8_Zero,2001.519029,2001.647272,0,,0,3.5643571432478805e-14,0
2001524494922_Node0_Node8_Zero,2001.524495,2001.649302,0,,0,8.248801085196432e-13,0
2001529963355_Node0_Node8_Zero,2001.529963,2001.651232,0,,0,3.5964880713956925e-14,6.39375657137012e-14
2001535431151_Node0_Node8_Zero,2001.535431,2001.653202,0,,0,8.229732190330177e-13,0
2001540892749_Node0_Node8_Zero,2001.540893,2001.655172,0,,0,7.572525408e-13,0
2001546359816_Node0_Node8_Zero,2001.54636,2001.657202,0,,0,7.572525408e-13,0
2001551824048_Node0_Node8_Zero,2001.551824,2001.659072,0,,0,5.842998000000001e-14,1.3146745500000003e-13
2001557291450_Node0_Node8_Zero,2001.557291,2001.661202,0,,0,7.572525408e-13,0
2001562756442_Node0_Node8_Zero,2001.562756,2001.663072,0,,0,3.549734114153577e-14,6.310638425161914e-14
2001568219054_Node0_Node8_Zero,2001.568219,2001.665042,0,,0,7.572525408e-13,0
2001573686846_Node0_Node8_Zero,2001.573687,2001.676851,0,,0,8.39991510566775e-13,0
2001579151786_Node0_Node8_Zero,2001.579152,2001.678762,0,,0,8.342967763500976e-13,0
2001584614161_Node0_Node8_Zero,2001.584614,2001.680772,0,,0,1.1135722217410882e-13,2.3650289923113386e-13
2001590076855_Node0_Node8_Zero,2001.590077,2001.682842,0,,0,7.572525408e-13,0
2001595537160_Node0_Node8_Zero,2001.595537,2001.684932,0,,0,2.6635584042264962e-14,0
2001601000013_Node0_Node8_Zero,2001.601,2001.686802,0,,0,7.572525408e-13,0
2001606460265_Node0_Node8_Zero,2001.60646,2001.688752,0,,0,7.572525408e-13,0
2001611921302_Node0_Node8_Zero,2001.611921,2001.692752,0,,0,9.527487940886708e-14,2.0204005645823767e-13
2001617387536_Node0_Node8_Zero,2001.617388,2001.694622,0,,0,7.572525408e-13,0
2001622853742_Node0_Node8_Zero,2001.622854,2001.696592,0,,0,7.572525408e-13,0
2001628318242_Node0_Node8_Zero,2001.628318,2001.700553,0,,0,7.572525408e-13,0
2001633785773_Node0_Node8_Zero,2001.633786,2001.70293,0,,0,7.572525408e-13,0
2001639253047_Node0_Node8_Zero,2001.639253,2001.704993,0,,0,7.625518251537611e-14,2.1829112913789243e-14
2001644721077_Node0_Node8_Zero,2001.644721,2001.706923,0,,0,7.572525408e-13,0
2001650188977_Node0_Node8_Zero,2001.650189,2001.708893,0,,0,7.572525408e-13,1.5028895224004277e-14
2001655648638_Node0_Node8_Zero,2001.655649,2001.710763,0,,0,7.572525408e-13,0
2001661113807_Node0_Node8_Zero,2001.661114,2001.719413,0,,0,7.572525408e-13,0
2001666575040_Node0_Node8_Zero,2001.666575,2001.723464,0,,0,7.572525408e-13,0
2001672034862_Node0_Node8_Zero,2001.672035,2001.73604,0,,0,8.272272825686017e-13,0
2001677500504_Node0_Node8_Zero,2001.677501,2001.738134,0,,0,7.572525408e-13,0
2001682968020_Node0_Node8_Zero,2001.682968,2001.783376,1,RetryLimit,0,1.4605146962875814e-13,nan
2001688436468_Node0_Node8_Zero,2001.688436,2001.786648,0,,0,7.572525408e-13,0
2001693903329_Node0_Node8_Zero,2001.693903,2001.788644,0,,0,8.329950963449466e-13,0
2001699367453_Node0_Node8_Zero,2001.699367,2001.790654,0,,0,6.753516532103178e-14,1.519541219723215e-13
2001704830312_Node0_Node8_Zero,2001.70483,2001.792744,0,,0,8.242881234776581e-13,0
2001710293310_Node0_Node8_Zero,2001.710293,2001.794774,0,,0,6.778472448854176e-14,1.5251563009921894e-13
2001715758591_Node0_Node8_Zero,2001.715759,2001.796824,0,,0,8.246821188714757e-13,0
2001721220802_Node0_Node8_Zero,2001.721221,2001.799081,0,,0,8.246605011609756e-13,0
2001726684823_Node0_Node8_Zero,2001.726685,2001.801091,0,,0,8.24692917681057e-13,0
2001732147706_Node0_Node8_Zero,2001.732148,2001.803181,0,,0,8.071428887072158e-13,0
2001737613066_Node0_Node8_Zero,2001.737613,2001.805091,0,,0,8.246775499485484e-13,0
2001743074161_Node0_Node8_Zero,2001.743074,2001.807121,0,,0,7.572525408e-13,0
2001748543528_Node0_Node8_Zero,2001.748544,2001.809778,0,,0,6.742547642967271e-14,1.517073219667636e-13
2001754006062_Node0_Node8_Zero,2001.754006,2001.811701,0,,0,7.929212814552059e-13,0
2001759469976_Node0_Node8_Zero,2001.75947,2001.813691,0,,0,8.246773522442157e-13,0
2001764933348_Node0_Node8_Zero,2001.764933,2001.815641,0,,0,7.927516033475566e-13,0
2001770401343_Node0_Node8_Zero,2001.770401,2001.817933,0,,0,6.742483166418972e-14,1.5170587124442688e-13
2001775866235_Node0_Node8_Zero,2001.775866,2001.819801,0,,0,8.246773436892447e-13,0
2001781325991_Node0_Node8_Zero,2001.781326,2001.821931,0,,0,7.572525408e-13,0
2001786790403_Node0_Node8_Zero,2001.78679,2001.823881,0,,0,7.572525408e-13,0
2001792257540_Node0_Node8_Zero,2001.792258,2001.825811,0,,0,2.2007152390671004e-14,3.4386175610423446e-14
2001797720851_Node0_Node8_Zero,2001.797721,2001.827861,0,,0,7.572525408e-13,0
2001803183644_Node0_Node8_Zero,2001.803184,2001.829871,0,,0,7.572525408e-13,0
2001808650348_Node0_Node8_Zero,2001.80865,2001.831861,0,,0,7.572525408e-13,0
2001814118944_Node0_Node8_Zero,2001.814119,2001.833891,0,,0,7.572525408e-13,0
2001819586357_Node0_Node8_Zero,2001.819586,2001.835961,0,,0,7.9011940455e-13,0
2001825054960_Node0_Node8_Zero,2001.825055,2001.838091,0,,0,7.572525408e-13,0
2001830514462_Node0_Node8_Zero,2001.830514,2001.840261,0,,0,8.172487613128323e-13,0
2001835983394_Node0_Node8_Zero,2001.835983,2001.842271,0,,0,7.572525408e-13,0
2001841443192_Node0_Node8_Zero,2001.841443,2001.848935,0,,0,7.572525408e-13,8.725479373241785e-14
2001846908386_Node0_Node8_Zero,2001.846908,2001.851065,0,,0,7.572525408e-13,6.35756608185153e-14
2001852370103_Node0_Node8_Zero,2001.85237,2001.854337,0,,0,3.286686375000001e-14,0
2001857834568_Node0_Node8_Zero,2001.857835,2001.859841,0,,0,7.9011940455e-13,0
2001863299292_Node0_Node8_Zero,2001.863299,2001.865406,0,,0,7.572525408e-13,0
2001868767322_Node0_Node8_Zero,2001.868767,2001.893545,0,,0,7.572525408e-13,0
2001874234297_Node0_Node8_Zero,2001.874234,2001.900234,0,,0,7.572525408e-13,1.0016169410319701e-13
2001879701925_Node0_Node8_Zero,2001.879702,2001.93795,0,,0,7.951759193015571e-13,0
2001885171299_Node0_Node8_Zero,2001.885171,2001.941946,0,,0,7.951759193015571e-13,0
2001890636403_Node0_Node8_Zero,2001.890636,2001.978214,0,,0,6.973340364665841e-14,1.722268215897981e-13
2001896103123_Node0_Node8_Zero,2001.896103,2001.982303,0,,0,7.87542642432e-13,0
2001901566547_Node0_Node8_Zero,2001.901567,2001.991654,0,,0,5.842998000000001e-14,0
2001907034871_Node0_Node8_Zero,2001.907035,2001.993563,0,,0,7.572525408e-13,0
2001912503681_Node0_Node8_Zero,2001.912504,2001.995815,0,,0,6.481922538212535e-14,1.4584325710978202e-13
2001917967165_Node0_Node8_Zero,2001.917967,2001.997783,0,,0,8.242881234776581e-13,0
2001923427258_Node0_Node8_Zero,2001.923427,2001.999713,0,,0,3.5964880713956925e-14,6.39375657137012e-14
2001928888913_Node0_Node8_Zero,2001.928889,2002.001863,0,,0,8.229621227435008e-13,0
2001934353498_Node0_Node8_Zero,2001.934353,2002.003813,0,,0,7.572525408e-13,6.41145081068029e-14
2001939820032_Node0_Node8_Zero,2001.93982,2002.005683,0,,0,8.246605011609756e-13,0
2001945286678_Node0_Node8_Zero,2001.945287,2002.007633,0,,0,7.572525408e-13,0
2001950748127_Node0_Node8_Zero,2001.950748,2002.009623,0,,0,7.572525408e-13,0
2001956215075_Node0_Node8_Zero,2001.956215,2002.011553,0,,0,7.572525408e-13,0
2001961684203_Node0_Node8_Zero,2001.961684,2002.013563,0,,0,7.572525408e-13,0
2001967149563_Node0_Node8_Zero,2001.96715,2002.015493,0,,0,7.572525408e-13,0
2001972611808_Node0_Node8_Zero,2001.972612,2002.017523,0,,0,7.572525408e-13,0
2001978074346_Node0_Node8_Zero,2001.978074,2002.021513,0,,0,7.572525408e-13,0
2001983543215_Node0_Node8_Zero,2001.983543,2002.056467,0,,0,7.572525408e-13,1.3146745500000003e-13
2001989004711_Node0_Node8_Zero,2001.989005,2002.058453,0,,0,3.286686375000001e-14,5.842998000000001e-14
2001994465179_Node0_Node8_Zero,2001.994465,2002.071916,0,,0,7.572525408e-13,0
2001999931423_Node0_Node8_Zero,2001.999931,2002.075805,0,,0,7.572525408e-13,0
2002005397138_Node0_Node8_Zero,2002.005397,2002.079814,0,,0,7.572525408e-13,0
2002010865133_Node0_Node8_Zero,2002.010865,2002.081764,0,,0,7.572525408e-13,0
2002016332957_Node0_Node8_Zero,2002.016333,2002.085574,0,,0,7.572525408e-13,0
2002021793634_Node0_Node8_Zero,2002.021794,2002.087584,0,,0,7.572525408e-13,0
2002027258943_Node0_Node8_Zero,2002.027259,2002.089474,0,,0,7.572525408e-13,0
2002032727490_Node0_Node8_Zero,2002.032727,2002.093343,0,,0,7.572525408e-13,0
2002038194660_Node0_Node8_Zero,2002.038195,2002.095253,0,,0,7.572525408e-13,0
2002043659227_Node0_Node8_Zero,2002.043659,2002.099181,0,,0,7.572525408e-13,0
2002049127835_Node0_Node8_Zero,2002.049128,2002.10303,0,,0,7.572525408e-13,0
2002054588187_Node0_Node8_Zero,2002.054588,2002.13409,0,,0,7.572525408e-13,0
2002060052276_Node0_Node8_Zero,2002.060052,2002.13615,0,,0,3.52973719792535e-14,0
2002065516583_Node0_Node8_Zero,2002.065517,2002.140451,0,,0,8.235085963945388e-13,0
2002070980356_Node0_Node8_Zero,2002.07098,2002.142361,0,,0,7.572525408e-13,0
2002076440472_Node0_Node8_Zero,2002.07644,2002.144562,0,,0,7.923072136290097e-13,0
2002081901425_Node0_Node8_Zero,2002.081901,2002.146432,0,,0,7.572525408e-13,0
2002087367207_Node0_Node8_Zero,2002.087367,2002.150172,0,,0,7.572525408e-13,0
2002092836184_Node0_Node8_Zero,2002.092836,2002.152102,0,,0,7.923072136290097e-13,0
2002098298013_Node0_Node8_Zero,2002.098298,2002.154055,0,,0,7.572525408e-13,0
2002103765237_Node0_Node8_Zero,2002.103765,2002.181686,0,,0,7.572525408e-13,0
2002109225379_Node0_Node8_Zero,2002.109225,2002.185716,0,,0,5.842998000000001e-14,1.5619845561711575e-13
2002114690297_Node0_Node8_Zero,2002.11469,2002.192693,0,,0,6.521235108600922e-14,1.4672778994352074e-13
2002120150403_Node0_Node8_Zero,2002.12015,2002.194635,0,,0,7.572525408e-13,3.6949957604317516e-14
2002125610598_Node0_Node8_Zero,2002.125611,2002.196525,0,,0,7.98870640866039e-13,0
2002131075890_Node0_Node8_Zero,2002.131076,2002.199018,0,,0,7.572525408e-13,0
2002136544515_Node0_Node8_Zero,2002.136545,2002.201085,0,,0,7.572525408e-13,0
2002142011120_Node0_Node8_Zero,2002.142011,2002.205214,0,,0,3.6070534825786566e-14,6.412539524584279e-14
2002147480268_Node0_Node8_Zero,2002.14748,2002.207345,0,,0,7.572525408e-13,0
2002152947916_Node0_Node8_Zero,2002.152948,2002.2547,0,,0,8.156825208e-13,0
2002158409648_Node0_Node8_Zero,2002.15841,2002.256585,0,,0,7.572525408e-13,0
2002163869793_Node0_Node8_Zero,2002.16387,2002.260595,0,,0,3.667483455040274e-14,0
2002169331836_Node0_Node8_Zero,2002.169332,2002.268258,0,,0,7.572525408e-13,1.458559871711778e-13
2002174796639_Node0_Node8_Zero,2002.174797,2002.270475,0,,0,2.307243298060369e-14,3.6050676532193265e-14
2002180258003_Node0_Node8_Zero,2002.180258,2002.272565,0,,0,7.951248328182421e-13,0
2002185727104_Node0_Node8_Zero,2002.185727,2002.274435,0,,0,6.541743532664094e-14,1.4718922948494211e-13
2002191190937_Node0_Node8_Zero,2002.191191,2002.28195,0,,0,7.924763731197186e-13,0
2002196653983_Node0_Node8_Zero,2002.196654,2002.283875,0,,0,3.5160482093697396e-14,6.25075237221287e-14
2002202119758_Node0_Node8_Zero,2002.20212,2002.285925,0,,0,7.572525408e-13,0
2002207579388_Node0_Node8_Zero,2002.207579,2002.288095,0,,0,7.572525408e-13,2.1830679822876427e-14
2002213044150_Node0_Node8_Zero,2002.213044,2002.290205,0,,0,7.572525408e-13,0
2002218513332_Node0_Node8_Zero,2002.218513,2002.292095,0,,0,5.842998000000001e-14,2.1890491272614598e-14
2002223975189_Node0_Node8_Zero,2002.223975,2002.301306,0,,0,8.102351274544375e-13,0
2002229441750_Node0_Node8_Zero,2002.229442,2002.307163,0,,0,7.572525408e-13,0
2002234904925_Node0_Node8_Zero,2002.234905,2002.318798,0,,0,7.572525408e-13,0
2002240369363_Node0_Node8_Zero,2002.240369,2002.322767,0,,0,7.782873336e-13,0
2002245829962_Node0_Node8_Zero,2002.24583,2002.330425,0,,0,7.572525408e-13,0
2002251293202_Node0_Node8_Zero,2002.251293,2002.334475,0,,0,7.572525408e-13,0
2002256756851_Node0_Node8_Zero,2002.256757,2002.340284,0,,0,7.572525408e-13,0
2002262225570_Node0_Node8_Zero,2002.262226,2002.346173,0,,0,7.572525408e-13,1.5004880987577837e-14
2002267693870_Node0_Node8_Zero,2002.267694,2002.350082,0,,0,7.682941525931446e-13,0
2002273159302_Node0_Node8_Zero,2002.273159,2002.357889,0,,0,7.572525408e-13,0
2002278623302_Node0_Node8_Zero,2002.278623,2002.359819,0,,0,7.572525408e-13,0
2002284090733_Node0_Node8_Zero,2002.284091,2002.361689,0,,0,7.572525408e-13,1.5013855998037778e-14
2002289551959_Node0_Node8_Zero,2002.289552,2002.371436,0,,0,7.572525408e-13,0
2002295012663_Node0_Node8_Zero,2002.295013,2002.375325,0,,0,7.572525408e-13,0
2002300479675_Node0_Node8_Zero,2002.30048,2002.381233,0,,0,7.572525408e-13,0
2002305941335_Node0_Node8_Zero,2002.305941,2002.383143,0,,0,7.572525408e-13,0
2002311405322_Node0_Node8_Zero,2002.311405,2002.389002,0,,0,7.572525408e-13,0
2002316865108_Node0_Node8_Zero,2002.316865,2002.392931,0,,0,7.572525408e-13,0
2002322326643_Node0_Node8_Zero,2002.322327,2002.402527,0,,0,7.572525408e-13,0
2002327791942_Node0_Node8_Zero,2002.327792,2002.404417,0,,0,7.572525408e-13,3.5054672829009745e-14
2002333254109_Node0_Node8_Zero,2002.333254,2002.408226,0,,0,7.572525408e-13,0
2002338720694_Node0_Node8_Zero,2002.338721,2002.412215,0,,0,7.572525408e-13,1.5202101202297773e-14
2002344186365_Node0_Node8_Zero,2002.344186,2002.414145,0,,0,7.572525408e-13,0
2002349652844_Node0_Node8_Zero,2002.349653,2002.417995,0,,0,7.572525408e-13,0
2002355114432_Node0_Node8_Zero,2002.355114,2002.423943,0,,0,7.572525408e-13,0
2002360577814_Node0_Node8_Zero,2002.360578,2002.425853,0,,0,7.572525408e-13,3.4458608085178554e-14
2002366040537_Node0_Node8_Zero,2002.366041,2002.431732,0,,0,1.532952288571906e-14,2.2074512955435445e-14
2002371503745_Node0_Node8_Zero,2002.371504,2002.433602,0,,0,7.572525408e-13,0
2002376964758_Node0_Node8_Zero,2002.376965,2002.435472,0,,0,7.572525408e-13,0
2002382428911_Node0_Node8_Zero,2002.382429,2002.437342,0,,0,7.572525408e-13,0
2002387896393_Node0_Node8_Zero,2002.387896,2002.439252,0,,0,7.572525408e-13,0
2002393362594_Node0_Node8_Zero,2002.393363,2002.441242,0,,0,7.572525408e-13,0
2002398827690_Node0_Node8_Zero,2002.398828,2002.445151,0,,0,7.572525408e-13,0
2002404292857_Node0_Node8_Zero,2002.404293,2002.44896,0,,0,7.572525408e-13,0
2002409758066_Node0_Node8_Zero,2002.409758,2002.45083,0,,0,1.5137863836529187e-14,2.1798523924602028e-14
2002415224933_Node0_Node8_Zero,2002.415225,2002.45286,0,,0,7.572525408e-13,0
2002420684873_Node0_Node8_Zero,2002.420685,2002.460677,0,,0,7.572525408e-13,0
2002426149097_Node0_Node8_Zero,2002.426149,2002.466605,0,,0,7.572525408e-13,0
2002431613975_Node0_Node8_Zero,2002.431614,2002.472532,0,,0,7.572525408e-13,0
2002437075195_Node0_Node8_Zero,2002.437075,2002.476561,0,,0,7.572525408e-13,0
2002442540033_Node0_Node8_Zero,2002.44254,2002.478611,0,,0,1.6075956422646002e-14,2.3149377248610243e-14
2002448000238_Node0_Node8_Zero,2002.448,2002.484339,0,,0,7.572525408e-13,0
2002453469460_Node0_Node8_Zero,2002.453469,2002.486289,0,,0,7.572525408e-13,2.2118453414136923e-14
2002458929345_Node0_Node8_Zero,2002.458929,2002.490298,0,,0,7.572525408e-13,0
2002464388985_Node0_Node8_Zero,2002.464389,2002.494227,0,,0,7.79259693190671e-13,0
2002469855576_Node0_Node8_Zero,2002.469856,2002.496257,0,,0,7.572525408e-13,0
2002475323365_Node0_Node8_Zero,2002.475323,2002.504103,0,,0,7.572525408e-13,0
2002480786848_Node0_Node8_Zero,2002.480787,2002.506093,0,,0,7.572525408e-13,0
2002486253248_Node0_Node8_Zero,2002.486253,2002.510081,0,,0,7.572525408e-13,0
2002491720426_Node0_Node8_Zero,2002.49172,2002.512011,0,,0,7.572525408e-13,0
2002497187146_Node0_Node8_Zero,2002.497187,2002.51584,0,,0,7.572525408e-13,2.2195653044335705e-14
2002502652079_Node0_Node8_Zero,2002.502652,2002.51785,0,,0,7.572525408e-13,0
2002508121324_Node0_Node8_Zero,2002.508121,2002.525654,0,,0,7.572525408e-13,2.1749179438044002e-14
2002513590256_Node0_Node8_Zero,2002.51359,2002.527664,0,,0,7.572525408e-13,0
2002519055232_Node0_Node8_Zero,2002.519055,2002.537627,0,,0,7.572525408e-13,0
2002524520599_Node0_Node8_Zero,2002.524521,2002.54356,0,,0,7.572525408e-13,0
2002529985235_Node0_Node8_Zero,2002.529985,2002.549506,0,,0,7.572525408e-13,0
2002535450392_Node0_Node8_Zero,2002.53545,2002.553475,0,,0,7.572525408e-13,0
2002540910027_Node0_Node8_Zero,2002.54091,2002.557483,0,,0,7.572525408e-13,0
2002546370341_Node0_Node8_Zero,2002.54637,2002.559453,0,,0,7.572525408e-13,0
2002551835341_Node0_Node8_Zero,2002.551835,2002.565132,0,,0,7.572525408e-13,0
2002557303303_Node0_Node8_Zero,2002.557303,2002.567002,0,,0,7.572525408e-13,0
2002562764228_Node0_Node8_Zero,2002.562764,2002.572908,0,,0,7.572525408e-13,0
2002568225280_Node0_Node8_Zero,2002.568225,2002.578834,0,,0,7.572525408e-13,0
2002573688809_Node0_Node8_Zero,2002.573689,2002.580724,0,,0,7.572525408e-13,0
2002579154844_Node0_Node8_Zero,2002.579155,2002.590685,0,,0,7.572525408e-13,0
2002584624316_Node0_Node8_Zero,2002.584624,2002.592595,0,,0,7.572525408e-13,0
2002590088589_Node0_Node8_Zero,2002.590089,2002.594465,0,,0,7.572525408e-13,0
2002595551916_Node0_Node8_Zero,2002.595552,2002.604292,0,,0,7.572525408e-13,0
2002601016841_Node0_Node8_Zero,2002.601017,2002.616446,0,,0,7.572525408e-13,0
2002606484476_Node0_Node8_Zero,2002.606484,2002.618401,0,,0,7.572525408e-13,0
2002611951403_Node0_Node8_Zero,2002.611951,2002.620451,0,,0,7.572525408e-13,0
2002617414855_Node0_Node8_Zero,2002.617415,2002.626337,0,,0,7.572525408e-13,0
2002622882635_Node0_Node8_Zero,2002.622883,2002.637881,0,,0,7.572525408e-13,0
2002628347691_Node0_Node8_Zero,2002.628348,2002.639791,0,,0,7.572525408e-13,0
2002633808686_Node0_Node8_Zero,2002.633809,2002.64376,0,,0,7.572525408e-13,0
2002639269795_Node0_Node8_Zero,2002.63927,2002.647608,0,,0,7.572525408e-13,0
2002644735059_Node0_Node8_Zero,2002.644735,2002.649558,0,,0,7.572525408e-13,0
2002650196412_Node0_Node8_Zero,2002.650196,2002.659468,0,,0,7.935378562359527e-13,0
2002655660767_Node0_Node8_Zero,2002.655661,2002.666094,0,,0,2.243499061056624e-14,3.5054672829009745e-14
2002661129482_Node0_Node8_Zero,2002.661129,2002.669884,0,,0,7.572525408e-13,0
2002666595637_Node0_Node8_Zero,2002.666596,2002.671774,0,,0,7.572525408e-13,0
2002672056292_Node0_Node8_Zero,2002.672056,2002.67875,0,,0,7.572525408e-13,0
2002677518776_Node0_Node8_Zero,2002.677519,2002.711697,0,,0,5.842998000000001e-14,0
2002682983304_Node0_Node8_Zero,2002.682983,2002.713587,0,,0,8.242881234776581e-13,0
2002688446541_Node0_Node8_Zero,2002.688447,2002.715697,0,,0,7.572525408e-13,0
2002693913132_Node0_Node8_Zero,2002.693913,2002.717727,0,,0,7.572525408e-13,1.5083006102473078e-13
2002699379799_Node0_Node8_Zero,2002.69938,2002.719697,0,,0,3.5964880713956925e-14,0
2002704839851_Node0_Node8_Zero,2002.70484,2002.721827,0,,0,7.572525408e-13,3.5207038170159953e-14
2002710301997_Node0_Node8_Zero,2002.710302,2002.725696,0,,0,3.628531543595274e-14,0
2002715766165_Node0_Node8_Zero,2002.715766,2002.733545,0,,0,7.572525408e-13,0
2002721231578_Node0_Node8_Zero,2002.721232,2002.735435,0,,0,7.572525408e-13,0
2002726697087_Node0_Node8_Zero,2002.726697,2002.739344,0,,0,7.799641156455824e-13,0
2002732159006_Node0_Node8_Zero,2002.732159,2002.743173,0,,0,7.572525408e-13,0
2002737626345_Node0_Node8_Zero,2002.737626,2002.745143,0,,0,7.572525408e-13,0
2002743090146_Node0_Node8_Zero,2002.74309,2002.747133,0,,0,7.572525408e-13,0
2002748555323_Node0_Node8_Zero,2002.748555,2002.750967,0,,0,7.572525408e-13,0
2002754017481_Node0_Node8_Zero,2002.754017,2002.757042,0,,0,7.572525408e-13,0
2002759482615_Node0_Node8_Zero,2002.759483,2002.763076,0,,0,7.572525408e-13,0
2002764947620_Node0_Node8_Zero,2002.764948,2002.767041,0,,0,7.572525408e-13,0
2002770416454_Node0_Node8_Zero,2002.770416,2002.773355,0,,0,7.572525408e-13,0
2002775881212_Node0_Node8_Zero,2002.775881,2002.782998,0,,0,7.572525408e-13,0
2002781346515_Node0_Node8_Zero,2002.781347,2002.797385,0,,0,7.572525408e-13,0
2002786809831_Node0_Node8_Zero,2002.78681,2002.799374,0,,0,8.156825208e-13,0
2002792273222_Node0_Node8_Zero,2002.792273,2002.801344,0,,0,7.572525408e-13,0
2002797734960_Node0_Node8_Zero,2002.797735,2002.805153,0,,0,7.572525408e-13,1.5004880987577837e-14
2002803199952_Node0_Node8_Zero,2002.8032,2002.807183,0,,0,7.572525408e-13,0
2002808660173_Node0_Node8_Zero,2002.80866,2002.817145,0,,0,7.572525408e-13,0
2002814123946_Node0_Node8_Zero,2002.814124,2002.822934,0,,0,7.572525408e-13,1.5643775267107275e-13
2002819593384_Node0_Node8_Zero,2002.819593,2002.82499,0,,0,7.572525408e-13,0
2002825054926_Node0_Node8_Zero,2002.825055,2002.830729,0,,0,7.572525408e-13,0
2002830517522_Node0_Node8_Zero,2002.830518,2002.843843,0,,0,7.572525408e-13,0
2002835982167_Node0_Node8_Zero,2002.835982,2002.845873,0,,0,7.572525408e-13,0
2002841446636_Node0_Node8_Zero,2002.841447,2002.853581,0,,0,8.156825208e-13,0
2002846912931_Node0_Node8_Zero,2002.846913,2002.864462,0,,0,7.942198005120028e-13,0
2002852380417_Node0_Node8_Zero,2002.85238,2002.867334,0,,0,4.9745424817769136e-14,8.843631078714512e-14
2002857842243_Node0_Node8_Zero,2002.857842,2002.873167,0,,0,7.572525408e-13,0
2002863306989_Node0_Node8_Zero,2002.863307,2002.877156,0,,0,7.572525408e-13,0
2002868771724_Node0_Node8_Zero,2002.868772,2002.880986,0,,0,7.572525408e-13,0
2002874231755_Node0_Node8_Zero,2002.874232,2002.884995,0,,0,7.572525408e-13,0
2002879697469_Node0_Node8_Zero,2002.879697,2002.888904,0,,0,7.572525408e-13,0
2002885166616_Node0_Node8_Zero,2002.885167,2002.890794,0,,0,7.572525408e-13,0
2002890636047_Node0_Node8_Zero,2002.890636,2002.898577,0,,0,7.572525408e-13,0
2002896097489_Node0_Node8_Zero,2002.896097,2002.902405,0,,0,7.572525408e-13,0
2002901559462_Node0_Node8_Zero,2002.901559,2002.912684,0,,0,7.572525408e-13,0
2002907025516_Node0_Node8_Zero,2002.907026,2002.914574,0,,0,7.572525408e-13,0
2002912487851_Node0_Node8_Zero,2002.912488,2002.92042,0,,0,7.572525408e-13,0
2002917952590_Node0_Node8_Zero,2002.917953,2002.930175,0,,0,7.572525408e-13,0
2002923416176_Node0_Node8_Zero,2002.923416,2002.932045,0,,0,7.572525408e-13,0
2002928875955_Node0_Node8_Zero,2002.928876,2002.939889,0,,0,7.572525408e-13,0
2002934340054_Node0_Node8_Zero,2002.93434,2002.943937,0,,0,7.572525408e-13,0
2002939803836_Node0_Node8_Zero,2002.939804,2002.945807,0,,0,7.572525408e-13,0
2002945266105_Node0_Node8_Zero,2002.945266,2002.953633,0,,0,7.572525408e-13,0
2002950732760_Node0_Node8_Zero,2002.950733,2002.967591,0,,0,7.572525408e-13,0
2002956199951_Node0_Node8_Zero,2002.9562,2002.971508,0,,0,7.572525408e-13,0
2002961664271_Node0_Node8_Zero,2002.961664,2002.973398,0,,0,7.572525408e-13,0
2002967132657_Node0_Node8_Zero,2002.967133,2002.981161,0,,0,7.933253052410776e-13,0
2002972595177_Node0_Node8_Zero,2002.972595,2002.983036,0,,0,7.572525408e-13,0
2002978061065_Node0_Node8_Zero,2002.978061,2002.989834,0,,0,6.95149038114516e-14,1.564085335757661e-13
2002983524839_Node0_Node8_Zero,2002.983525,2002.997334,0,,0,6.574055017257623e-14,1.4791623788829654e-13
2002988987104_Node0_Node8_Zero,2002.988987,2002.99935,0,,0,8.242881234776581e-13,0
2002994452671_Node0_Node8_Zero,2002.994453,2003.00142,0,,0,7.572525408e-13,3.4790712448177736e-14
2002999914810_Node0_Node8_Zero,2002.999915,2003.013697,0,,0,7.572525408e-13,1.3146745500000003e-13
2003005382187_Node0_Node8_Zero,2003.005382,2003.015799,0,,0,6.740796036097558e-14,0
2003010842488_Node0_Node8_Zero,2003.010842,2003.017956,0,,0,7.572525408e-13,1.5153843621655068e-13
2003016303883_Node0_Node8_Zero,2003.016304,2003.023753,0,,0,7.572525408e-13,0
2003021765945_Node0_Node8_Zero,2003.021766,2003.025883,0,,0,7.797148443695528e-13,0
2003027235115_Node0_Node8_Zero,2003.027235,2003.032427,0,,0,7.572525408e-13,0
2003032697647_Node0_Node8_Zero,2003.032698,2003.035227,0,,0,7.572525408e-13,7.551487959507384e-14
2003038161727_Node0_Node8_Zero,2003.038162,2003.040029,0,,0,7.572525408e-13,3.780403180279847e-14
2003043631184_Node0_Node8_Zero,2003.043631,2003.050802,0,,0,7.683884960064721e-13,0
2003049100326_Node0_Node8_Zero,2003.0491,2003.05717,0,,0,7.572525408e-13,0
2003054567304_Node0_Node8_Zero,2003.054567,2003.05924,0,,0,7.572525408e-13,0
2003060027255_Node0_Node8_Zero,2003.060027,2003.062014,0,,0,7.572525408e-13,0
2003065494669_Node0_Node8_Zero,2003.065495,2003.071159,0,,0,7.572525408e-13,0
2003070957141_Node0_Node8_Zero,2003.070957,2003.079114,0,,0,7.572525408e-13,0
2003076418943_Node0_Node8_Zero,2003.076419,2003.081064,0,,0,7.572525408e-13,0
2003081886741_Node0_Node8_Zero,2003.081887,2003.084974,0,,0,7.572525408e-13,0
2003087348525_Node0_Node8_Zero,2003.087349,2003.092886,0,,0,7.572525408e-13,0
2003092816358_Node0_Node8_Zero,2003.092816,2003.10304,0,,0,7.572525408e-13,0
2003098279526_Node0_Node8_Zero,2003.09828,2003.107089,0,,0,7.572525408e-13,0
2003103740787_Node0_Node8_Zero,2003.103741,2003.111017,0,,0,7.572525408e-13,0
2003109203349_Node0_Node8_Zero,2003.109203,2003.122582,0,,0,8.283188542385085e-13,0
2003114672098_Node0_Node8_Zero,2003.114672,2003.124484,0,,0,8.217597682416938e-13,0
2003120134265_Node0_Node8_Zero,2003.120134,2003.134418,0,,0,7.572525408e-13,0
2003125598116_Node0_Node8_Zero,2003.125598,2003.142042,0,,0,7.684202038559296e-13,0
2003131060006_Node0_Node8_Zero,2003.13106,2003.150997,0,,0,7.572525408e-13,1.3146745500000003e-13
2003136520813_Node0_Node8_Zero,2003.136521,2003.153248,0,,0,7.935378562359527e-13,0
2003141983161_Node0_Node8_Zero,2003.141983,2003.155481,0,,0,7.933120913827503e-13,0
2003147444647_Node0_Node8_Zero,2003.147445,2003.157648,0,,0,7.572525408e-13,3.5154962822411775e-14
2003152912323_Node0_Node8_Zero,2003.152912,2003.159798,0,,0,7.572525408e-13,0
2003158380430_Node0_Node8_Zero,2003.15838,2003.190151,0,,0,8.39795595862079e-14,1.8895400906896777e-13
2003163847038_Node0_Node8_Zero,2003.163847,2003.192042,0,,0,8.043085726999952e-13,0
2003169314499_Node0_Node8_Zero,2003.169314,2003.194032,0,,0,7.572525408e-13,0
2003174776777_Node0_Node8_Zero,2003.174777,2003.202437,0,,0,7.572525408e-13,6.2319418362684e-14
2003180243387_Node0_Node8_Zero,2003.180243,2003.204446,0,,0,7.572525408e-13,0
2003185705354_Node0_Node8_Zero,2003.185705,2003.206416,0,,0,5.842998000000001e-14,1.3146745500000003e-13
2003191171151_Node0_Node8_Zero,2003.191171,2003.208486,0,,0,7.572525408e-13,1.631126562272991e-13
2003196634475_Node0_Node8_Zero,2003.196634,2003.215241,0,,0,7.572525408e-13,0
2003202101665_Node0_Node8_Zero,2003.202102,2003.217346,0,,0,7.572525408e-13,0
2003207564160_Node0_Node8_Zero,2003.207564,2003.219296,0,,0,7.572525408e-13,2.007868550941086e-13
2003213027146_Node0_Node8_Zero,2003.213027,2003.225833,0,,0,7.572525408e-13,5.842998000000001e-14
2003218491970_Node0_Node8_Zero,2003.218492,2003.228016,0,,0,3.5304036738016565e-14,6.276273197869611e-14
2003223954423_Node0_Node8_Zero,2003.223954,2003.229886,0,,0,8.224524457667127e-13,0
2003229420122_Node0_Node8_Zero,2003.22942,2003.236776,0,,0,7.572525408e-13,0
2003234888924_Node0_Node8_Zero,2003.234889,2003.238913,0,,0,7.572525408e-13,3.286686375000001e-14
2003240355948_Node0_Node8_Zero,2003.240356,2003.243421,0,,0,7.572525408e-13,0
2003245823483_Node0_Node8_Zero,2003.245823,2003.253403,0,,0,7.572525408e-13,0
2003251286684_Node0_Node8_Zero,2003.251287,2003.255333,0,,0,7.572525408e-13,0
2003256750798_Node0_Node8_Zero,2003.256751,2003.259432,0,,0,7.572525408e-13,0
2003262217133_Node0_Node8_Zero,2003.262217,2003.26586,0,,0,8.080067446952573e-13,0
2003267677330_Node0_Node8_Zero,2003.267677,2003.277886,0,,0,7.572525408e-13,0
2003273145783_Node0_Node8_Zero,2003.273146,2003.280479,0,,0,7.572525408e-13,0
2003278612386_Node0_Node8_Zero,2003.278612,2003.282549,0,,0,7.572525408e-13,6.7181216316039e-14
2003284076384_Node0_Node8_Zero,2003.284076,2003.286641,0,,0,7.572525408e-13,0
2003289544487_Node0_Node8_Zero,2003.289544,2003.296381,0,,0,7.572525408e-13,0
2003295010603_Node0_Node8_Zero,2003.295011,2003.355813,0,,2,7.572525408e-13,0
2003300478703_Node0_Node8_Zero,2003.300479,2003.357983,0,,2,7.572525408e-13,0
2003305943760_Node0_Node8_Zero,2003.305944,2003.363972,0,,2,7.572525408e-13,1.5140054981770578e-14
2003311407340_Node0_Node8_Zero,2003.311407,2003.366143,0,,2,7.932174215139569e-13,0
2003316874180_Node0_Node8_Zero,2003.316874,2003.38907,0,,2,7.572525408e-13,0
2003322337986_Node0_Node8_Zero,2003.322338,2003.452462,1,RetryLimit,2,1.6895352382346585e-13,nan
2003327807225_Node0_Node8_Zero,2003.327807,2003.455056,0,,2,7.572525408e-13,1.5913038538591144e-13
2003333275778_Node0_Node8_Zero,2003.333276,2003.45709,0,,2,7.98870640866039e-13,0
2003338742514_Node0_Node8_Zero,2003.338743,2003.469188,0,,2,7.572525408e-13,1.3146745500000003e-13
2003344207985_Node0_Node8_Zero,2003.344208,2003.4754,0,,0,7.572525408e-13,0
2003349669100_Node0_Node8_Zero,2003.349669,2003.477369,0,,0,7.572525408e-13,0
2003355138250_Node0_Node8_Zero,2003.355138,2003.481253,0,,0,7.572525408e-13,0
2003360598868_Node0_Node8_Zero,2003.360599,2003.483129,0,,0,7.572525408e-13,0
2003366067757_Node0_Node8_Zero,2003.366068,2003.512472,0,,0,7.411650829644947e-14,1.5405605574688726e-13
2003371529080_Node0_Node8_Zero,2003.371529,2003.514649,0,,0,7.572525408e-13,1.5234477892542618e-13
2003376991036_Node0_Node8_Zero,2003.376991,2003.516831,0,,2,7.572525408e-13,0
2003382456497_Node0_Node8_Zero,2003.382456,2003.518801,0,,2,7.953392734784385e-13,0
2003387925125_Node0_Node8_Zero,2003.387925,2003.520931,0,,2,7.572525408e-13,0
2003393386192_Node0_Node8_Zero,2003.393386,2003.522881,0,,2,7.572525408e-13,0
2003398846550_Node0_Node8_Zero,2003.398847,2003.524851,0,,2,8.247225428324064e-13,0
2003404306279_Node0_Node8_Zero,2003.404306,2003.526921,0,,2,7.572525408e-13,0
2003409772249_Node0_Node8_Zero,2003.409772,2003.529071,0,,2,8.041346146234253e-14,1.6861027152437017e-13
2003415239581_Node0_Node8_Zero,2003.41524,2003.531001,0,,2,7.572525408e-13,0
2003420708960_Node0_Node8_Zero,2003.420709,2003.533171,0,,2,7.572525408e-13,0
2003426171050_Node0_Node8_Zero,2003.426171,2003.535041,0,,2,7.572525408e-13,0
2003431640018_Node0_Node8_Zero,2003.43164,2003.537111,0,,2,7.572525408e-13,0
2003437104774_Node0_Node8_Zero,2003.437105,2003.539281,0,,2,7.572525408e-13,0
2003442564776_Node0_Node8_Zero,2003.442565,2003.541251,0,,2,7.934679624661827e-13,0
2003448027214_Node0_Node8_Zero,2003.448027,2003.543321,0,,2,8.246914110200384e-13,0
2003453495742_Node0_Node8_Zero,2003.453496,2003.545211,0,,2,8.95182086935835e-14,3.4492554011581583e-14
2003458958729_Node0_Node8_Zero,2003.458959,2003.547281,0,,2,7.572525408e-13,0
2003464421560_Node0_Node8_Zero,2003.464422,2003.549421,0,,2,8.246955149261713e-13,0
2003469889179_Node0_Node8_Zero,2003.469889,2003.557555,0,,2,7.685638448240698e-14,1.8911360170796363e-13
2003475350011_Node0_Node8_Zero,2003.47535,2003.56829,0,,2,6.493360046234763e-14,0
2003480819464_Node0_Node8_Zero,2003.480819,2003.584994,0,,2,7.726236140513497e-14,1.7384031316155367e-13
2003486283142_Node0_Node8_Zero,2003.486283,2003.587127,0,,2,7.939063286148676e-13,0
2003491747759_Node0_Node8_Zero,2003.491748,2003.589097,0,,2,3.5813405369562635e-14,0
2003497208759_Node0_Node8_Zero,2003.497209,2003.590967,0,,2,7.935107877284804e-13,0
2003502669838_Node0_Node8_Zero,2003.50267,2003.592857,0,,2,7.572525408e-13,0
2003508135695_Node0_Node8_Zero,2003.508136,2003.594747,0,,2,7.572525408e-13,0
2003513603083_Node0_Node8_Zero,2003.513603,2003.596677,0,,2,7.572525408e-13,0
2003519068719_Node0_Node8_Zero,2003.519069,2003.598707,0,,0,7.572525408e-13,0
2003524536629_Node0_Node8_Zero,2003.524537,2003.600577,0,,0,7.572525408e-13,3.0290101632e-14
2003529999087_Node0_Node8_Zero,2003.529999,2003.602647,0,,0,7.572525408e-13,0
2003535466543_Node0_Node8_Zero,2003.535467,2003.604717,0,,0,7.572525408e-13,0
2003540929576_Node0_Node8_Zero,2003.54093,2003.606827,0,,0,7.572525408e-13,0
2003546396099_Node0_Node8_Zero,2003.546396,2003.608757,0,,0,7.572525408e-13,1.5325240548184335e-14
2003551865181_Node0_Node8_Zero,2003.551865,2003.610687,0,,0,7.572525408e-13,0
2003557329761_Node0_Node8_Zero,2003.55733,2003.614616,0,,0,7.572525408e-13,1.515707128152275e-14
2003562791831_Node0_Node8_Zero,2003.562792,2003.620595,0,,0,7.572525408e-13,0
2003568252776_Node0_Node8_Zero,2003.568253,2003.622565,0,,0,7.572525408e-13,0
2003573721077_Node0_Node8_Zero,2003.573721,2003.626614,0,,0,7.572525408e-13,6.516312657640124e-14
2003579181185_Node0_Node8_Zero,2003.579181,2003.628504,0,,0,7.572525408e-13,0
2003584649391_Node0_Node8_Zero,2003.584649,2003.632334,0,,0,3.628531543595274e-14,0
2003590117265_Node0_Node8_Zero,2003.590117,2003.636265,0,,0,7.572525408e-13,0
2003595582661_Node0_Node8_Zero,2003.595583,2003.640136,0,,0,7.572525408e-13,0
2003601049848_Node0_Node8_Zero,2003.60105,2003.642046,0,,0,7.572525408e-13,0
2003606517061_Node0_Node8_Zero,2003.606517,2003.647996,0,,0,7.572525408e-13,3.547915468293108e-14
2003611979215_Node0_Node8_Zero,2003.611979,2003.653744,0,,0,7.725818660409428e-13,0
2003617447662_Node0_Node8_Zero,2003.617448,2003.655614,0,,0,7.572525408e-13,1.5200034403926676e-14
2003622914685_Node0_Node8_Zero,2003.622915,2003.669057,0,,0,7.572525408e-13,0
2003628381988_Node0_Node8_Zero,2003.628382,2003.674904,0,,0,7.572525408e-13,0
2003633851369_Node0_Node8_Zero,2003.633851,2003.678874,0,,0,7.572525408e-13,2.2007152390671004e-14
2003639319120_Node0_Node8_Zero,2003.639319,2003.680784,0,,0,7.572525408e-13,0
2003644787810_Node0_Node8_Zero,2003.644788,2003.684613,0,,0,2.2007152390671004e-14,3.4386175610423446e-14
2003650253811_Node0_Node8_Zero,2003.650254,2003.688543,0,,0,7.572525408e-13,0
2003655714879_Node0_Node8_Zero,2003.655715,2003.696272,0,,0,7.572525408e-13,0
2003661183248_Node0_Node8_Zero,2003.661183,2003.698162,0,,0,7.572525408e-13,0
2003666651425_Node0_Node8_Zero,2003.666651,2003.70594,0,,0,7.726663123818417e-13,0
2003672116804_Node0_Node8_Zero,2003.672117,2003.70785,0,,0,7.572525408e-13,0
2003677576899_Node0_Node8_Zero,2003.677577,2003.711759,0,,0,7.572525408e-13,0
2003683042012_Node0_Node8_Zero,2003.683042,2003.715808,0,,0,7.782873336e-13,0
2003688507183_Node0_Node8_Zero,2003.688507,2003.719817,0,,0,7.572525408e-13,0
2003693968023_Node0_Node8_Zero,2003.693968,2003.725725,0,,0,7.572525408e-13,1.519532854121634e-14
2003699431630_Node0_Node8_Zero,2003.699432,2003.731613,0,,0,7.572525408e-13,0
2003704895902_Node0_Node8_Zero,2003.704896,2003.733483,0,,0,7.572525408e-13,0
2003710361375_Node0_Node8_Zero,2003.710361,2003.735373,0,,0,7.572525408e-13,0
2003715821116_Node0_Node8_Zero,2003.715821,2003.742981,0,,0,7.572525408e-13,0
2003721290505_Node0_Node8_Zero,2003.721291,2003.744971,0,,0,7.572525408e-13,0
2003726751366_Node0_Node8_Zero,2003.726751,2003.750838,0,,0,7.572525408e-13,0
2003732213567_Node0_Node8_Zero,2003.732214,2003.754766,0,,0,7.572525408e-13,0
2003737676056_Node0_Node8_Zero,2003.737676,2003.756696,0,,0,7.572525408e-13,0
2003743141458_Node0_Node8_Zero,2003.743141,2003.758586,0,,0,7.572525408e-13,0
2003748609789_Node0_Node8_Zero,2003.74861,2003.762655,0,,0,7.572525408e-13,0
2003754069534_Node0_Node8_Zero,2003.75407,2003.770491,0,,0,7.572525408e-13,0
2003759529356_Node0_Node8_Zero,2003.759529,2003.774379,0,,0,7.572525408e-13,0
2003764992669_Node0_Node8_Zero,2003.764993,2003.776349,0,,0,7.572525408e-13,0
2003770458154_Node0_Node8_Zero,2003.770458,2003.782288,0,,0,7.572525408e-13,0
2003775926350_Node0_Node8_Zero,2003.775926,2003.788194,0,,0,7.572525408e-13,0
2003781390712_Node0_Node8_Zero,2003.781391,2003.792083,0,,0,7.572525408e-13,0
2003786859859_Node0_Node8_Zero,2003.78686,2003.799867,0,,0,7.572525408e-13,0
2003792322660_Node0_Node8_Zero,2003.792323,2003.803856,0,,0,7.572525408e-13,0
2003797791174_Node0_Node8_Zero,2003.797791,2003.81172,0,,0,7.572525408e-13,0
2003803257093_Node0_Node8_Zero,2003.803257,2003.817618,0,,0,7.572525408e-13,0
2003808722796_Node0_Node8_Zero,2003.808723,2003.888348,0,,0,8.156825208e-13,0
2003814192137_Node0_Node8_Zero,2003.814192,2003.890477,0,,0,7.572525408e-13,3.286686375000001e-14
2003819655966_Node0_Node8_Zero,2003.819656,2003.892447,0,,0,7.572525408e-13,0
2003825120180_Node0_Node8_Zero,2003.82512,2003.894317,0,,0,4.785434547232415e-14,1.0066049573967583e-13
2003830588321_Node0_Node8_Zero,2003.830588,2003.896467,0,,0,8.070567368294484e-13,0
2003836051404_Node0_Node8_Zero,2003.836051,2003.898637,0,,0,3.6103482957246664e-14,0
2003841516307_Node0_Node8_Zero,2003.841516,2003.900627,0,,0,7.782873336e-13,0
2003846980463_Node0_Node8_Zero,2003.84698,2003.902737,0,,0,7.572525408e-13,0
2003852448989_Node0_Node8_Zero,2003.852449,2003.904607,0,,0,7.782873336e-13,0
2003857912636_Node0_Node8_Zero,2003.857913,2003.906637,0,,0,3.0290101632e-14,6.336654369096074e-14
2003863376042_Node0_Node8_Zero,2003.863376,2003.908767,0,,0,7.572525408e-13,0
2003868839622_Node0_Node8_Zero,2003.86884,2003.910657,0,,0,7.572525408e-13,0
2003874308761_Node0_Node8_Zero,2003.874309,2003.912707,0,,0,7.572525408e-13,0
2003879769211_Node0_Node8_Zero,2003.879769,2003.914797,0,,0,7.572525408e-13,0
2003885232018_Node0_Node8_Zero,2003.885232,2003.916887,0,,0,7.572525408e-13,0
2003890695400_Node0_Node8_Zero,2003.890695,2003.918757,0,,0,7.572525408e-13,0
2003896158883_Node0_Node8_Zero,2003.896159,2003.920727,0,,0,7.793668123702282e-13,0
2003901624022_Node0_Node8_Zero,2003.901624,2003.922797,0,,0,7.572525408e-13,0
2003907091463_Node0_Node8_Zero,2003.907091,2003.924827,0,,0,7.572525408e-13,0
2003912551082_Node0_Node8_Zero,2003.912551,2003.926817,0,,0,7.572525408e-13,0
2003918012787_Node0_Node8_Zero,2003.918013,2003.928947,0,,0,7.572525408e-13,0
2003923473767_Node0_Node8_Zero,2003.923474,2003.941765,0,,0,7.572525408e-13,0
2003928942060_Node0_Node8_Zero,2003.928942,2003.944214,0,,0,2.1034792800000005e-14,0
2003934404811_Node0_Node8_Zero,2003.934405,2003.946177,0,,0,7.572525408e-13,0
2003939872267_Node0_Node8_Zero,2003.939872,2003.948107,0,,0,7.572525408e-13,1.6227941069862016e-14
2003945338885_Node0_Node8_Zero,2003.945339,2003.950057,0,,0,7.572525408e-13,0
2003950801158_Node0_Node8_Zero,2003.950801,2003.956209,0,,0,7.572525408e-13,0
2003956263713_Node0_Node8_Zero,2003.956264,2003.958351,0,,0,7.572525408e-13,0
2003961731978_Node0_Node8_Zero,2003.961732,2003.964152,0,,0,4.73282838e-14,8.41391712e-14
2003967192945_Node0_Node8_Zero,2003.967193,2003.970754,0,,0,5.842998000000001e-14,1.3146745500000003e-13
2003972660365_Node0_Node8_Zero,2003.97266,2003.981677,0,,0,7.572525408e-13,5.842998000000001e-14
2003978123968_Node0_Node8_Zero,2003.978124,2003.993785,0,,0,7.927400616684208e-13,0
2003983592277_Node0_Node8_Zero,2003.983592,2003.99881,0,,0,8.273896976677502e-14,1.861626819752438e-13
2003989059355_Node0_Node8_Zero,2003.989059,2004.000699,0,,0,7.572525408e-13,0
2003994526802_Node0_Node8_Zero,2003.994527,2004.002859,0,,0,7.572525408e-13,0
2003999993754_Node0_Node8_Zero,2003.999994,2004.004969,0,,0,7.572525408e-13,2.243499061056624e-14
2004005462349_Node0_Node8_Zero,2004.005462,2004.008814,0,,0,7.572525408e-13,0
2004010925780_Node0_Node8_Zero,2004.010926,2004.012933,0,,0,7.634111644336295e-14,1.7176751199756665e-13
2004016390305_Node0_Node8_Zero,2004.01639,2004.018417,0,,0,7.572525408e-13,1.3146745500000003e-13
2004021853509_Node0_Node8_Zero,2004.021854,2004.024,0,,0,7.572525408e-13,0
2004027322971_Node0_Node8_Zero,2004.027323,2004.033373,0,,0,7.572525408e-13,0
2004032784253_Node0_Node8_Zero,2004.032784,2004.041534,0,,0,6.729855453541774e-14,1.724565405046899e-13
2004038251091_Node0_Node8_Zero,2004.038251,2004.043831,0,,0,7.572525408e-13,0
2004043715307_Node0_Node8_Zero,2004.043715,2004.054045,0,,0,8.242881234776581e-13,0
2004049179360_Node0_Node8_Zero,2004.049179,2004.057909,0,,0,7.572525408e-13,1.5260372189117592e-13
2004054645247_Node0_Node8_Zero,2004.054645,2004.063669,0,,0,7.572525408e-13,0
2004060107922_Node0_Node8_Zero,2004.060108,2004.065745,0,,0,7.572525408e-13,0
2004065569233_Node0_Node8_Zero,2004.065569,2004.078396,0,,0,5.842998000000001e-14,1.3146745500000003e-13
2004071037084_Node0_Node8_Zero,2004.071037,2004.080374,0,,0,8.245646684970542e-13,0
2004076502316_Node0_Node8_Zero,2004.076502,2004.082651,0,,0,6.703558267765812e-14,1.5083006102473078e-13
2004081962366_Node0_Node8_Zero,2004.081962,2004.09292,0,,0,7.572525408e-13,0
2004087425325_Node0_Node8_Zero,2004.087425,2004.094922,0,,0,8.24672467689935e-13,0
2004092894081_Node0_Node8_Zero,2004.092894,2004.096852,0,,0,7.572525408e-13,0
2004098359278_Node0_Node8_Zero,2004.098359,2004.10084,0,,0,8.246605011609756e-13,0
2004103820113_Node0_Node8_Zero,2004.10382,2004.105987,0,,0,7.572525408e-13,0
2004109284842_Node0_Node8_Zero,2004.109285,2004.123623,0,,0,7.572525408e-13,0
2004114753334_Node0_Node8_Zero,2004.114753,2004.127669,0,,0,7.572525408e-13,0
2004120217889_Node0_Node8_Zero,2004.120218,2004.129659,0,,0,7.572525408e-13,0
2004125681872_Node0_Node8_Zero,2004.125682,2004.149644,0,,0,7.572525408e-13,0
2004131142803_Node0_Node8_Zero,2004.131143,2004.155047,0,,0,7.572525408e-13,0
2004136610145_Node0_Node8_Zero,2004.13661,2004.157137,0,,0,7.572525408e-13,5.842998000000001e-14
2004142073829_Node0_Node8_Zero,2004.142074,2004.159167,0,,0,7.572525408e-13,6.39375657137012e-14
2004147539589_Node0_Node8_Zero,2004.14754,2004.16172,0,,0,7.572525408e-13,1.3146745500000003e-13
2004153000086_Node0_Node8_Zero,2004.153,2004.163767,0,,0,7.572525408e-13,1.476696169797753e-13
2004158466342_Node0_Node8_Zero,2004.158466,2004.165757,0,,0,7.572525408e-13,0
2004163926064_Node0_Node8_Zero,2004.163926,2004.167787,0,,0,7.92711750466764e-13,0
2004169391534_Node0_Node8_Zero,2004.169392,2004.171338,0,,0,7.572525408e-13,0
2004174860118_Node0_Node8_Zero,2004.17486,2004.176767,0,,0,7.572525408e-13,0
2004180325275_Node0_Node8_Zero,2004.180325,2004.183677,0,,0,8.38626832049814e-14,0
2004185788461_Node0_Node8_Zero,2004.185788,2004.210075,0,,0,3.623107086363821e-14,6.441079264646792e-14
2004191256459_Node0_Node8_Zero,2004.191256,2004.214981,0,,0,7.924528468906013e-13,0
2004196717475_Node0_Node8_Zero,2004.196717,2004.217011,0,,0,3.6144797913368866e-14,6.425741851265576e-14
2004202181919_Node0_Node8_Zero,2004.202182,2004.218981,0,,0,7.93406694455485e-13,0
2004207647917_Node0_Node8_Zero,2004.207648,2004.220871,0,,0,3.5487930490044574e-14,6.308965420452369e-14
2004213114068_Node0_Node8_Zero,2004.213114,2004.222941,0,,0,7.804751426790098e-13,0
2004218577870_Node0_Node8_Zero,2004.218578,2004.224871,0,,0,7.572525408e-13,0
2004224038985_Node0_Node8_Zero,2004.224039,2004.231548,0,,0,8.156825208e-13,0
2004229501529_Node0_Node8_Zero,2004.229502,2004.233598,0,,0,6.520505921512475e-14,0
2004234964854_Node0_Node8_Zero,2004.234965,2004.241053,0,,0,5.842998000000001e-14,1.3146745500000003e-13
2004240430574_Node0_Node8_Zero,2004.240431,2004.251476,0,,0,8.217597682416938e-13,0
2004245894207_Node0_Node8_Zero,2004.245894,2004.25369,0,,0,7.572525408e-13,1.4607495000000003e-14
2004251358719_Node0_Node8_Zero,2004.251359,2004.25584,0,,0,7.572525408e-13,0
2004256826052_Node0_Node8_Zero,2004.256826,2004.26192,0,,0,7.572525408e-13,3.563720587537595e-14
2004262286447_Node0_Node8_Zero,2004.262286,2004.274063,0,,0,7.572525408e-13,0
2004267751185_Node0_Node8_Zero,2004.267751,2004.28413,0,,0,2.271292081544507e-14,3.548893877413292e-14
2004273215264_Node0_Node8_Zero,2004.273215,2004.28602,0,,0,7.793306233692329e-13,0
2004278676708_Node0_Node8_Zero,2004.278677,2004.28789,0,,0,7.572525408e-13,0
2004284141080_Node0_Node8_Zero,2004.284141,2004.295569,0,,0,7.572525408e-13,1.520262664863143e-14
2004289607669_Node0_Node8_Zero,2004.289608,2004.297499,0,,0,7.572525408e-13,1.5028787923450948e-14
2004295070099_Node0_Node8_Zero,2004.29507,2004.299549,0,,0,7.572525408e-13,0
2004300530833_Node0_Node8_Zero,2004.300531,2004.305483,0,,0,7.572525408e-13,0
2004305991987_Node0_Node8_Zero,2004.305992,2004.309782,0,,0,8.041656710111176e-13,0
2004311454286_Node0_Node8_Zero,2004.311454,2004.31581,0,,90,7.572525408e-13,0
2004316920842_Node0_Node8_Zero,2004.316921,2004.323585,0,,0,7.572525408e-13,6.450722744169376e-14
2004322384466_Node0_Node8_Zero,2004.322384,2004.331602,0,,0,7.572525408e-13,0
2004327851276_Node0_Node8_Zero,2004.327851,2004.333512,0,,0,7.572525408e-13,0
2004333320006_Node0_Node8_Zero,2004.33332,2004.341243,0,,0,7.950689049199684e-13,0
2004338788194_Node0_Node8_Zero,2004.338788,2004.343193,0,,0,3.5512488320542716e-14,6.313331256985372e-14
2004344256539_Node0_Node8_Zero,2004.344257,2004.350922,0,,0,7.572525408e-13,0
2004349722658_Node0_Node8_Zero,2004.349723,2004.360768,0,,0,7.572525408e-13,0
2004355189511_Node0_Node8_Zero,2004.35519,2004.366637,0,,0,7.572525408e-13,0
2004360658179_Node0_Node8_Zero,2004.360658,2004.372524,0,,0,7.572525408e-13,0
2004366119538_Node0_Node8_Zero,2004.36612,2004.38227,0,,0,7.572525408e-13,0
2004371583554_Node0_Node8_Zero,2004.371584,2004.386099,0,,0,7.572525408e-13,0
2004377044783_Node0_Node8_Zero,2004.377045,2004.390087,0,,0,7.572525408e-13,0
2004382505527_Node0_Node8_Zero,2004.382506,2004.391957,0,,0,7.572525408e-13,0
2004387972707_Node0_Node8_Zero,2004.387973,2004.399613,0,,0,7.572525408e-13,0
2004393437002_Node0_Node8_Zero,2004.393437,2004.413158,0,,0,7.572525408e-13,0
2004398905859_Node0_Node8_Zero,2004.398906,2004.482686,0,,0,7.572525408e-13,0
2004404374311_Node0_Node8_Zero,2004.404374,2004.48485,0,,0,7.572525408e-13,0
2004409842830_Node0_Node8_Zero,2004.409843,2004.48696,0,,0,7.572525408e-13,0
2004415311867_Node0_Node8_Zero,2004.415312,2004.523614,0,,0,8.156825208e-13,0
2004420780243_Node0_Node8_Zero,2004.42078,2004.5255,0,,0,7.572525408e-13,0
2004426241194_Node0_Node8_Zero,2004.426241,2004.527813,0,,0,6.563094087990014e-14,1.476696169797753e-13
2004431701242_Node0_Node8_Zero,2004.431701,2004.530046,0,,0,7.572525408e-13,0
2004437167584_Node0_Node8_Zero,2004.437168,2004.532056,0,,0,7.572525408e-13,1.5083006102473078e-13
2004442628209_Node0_Node8_Zero,2004.442628,2004.534046,0,,0,7.92711750466764e-13,0
2004448097582_Node0_Node8_Zero,2004.448098,2004.538118,0,,0,7.572525408e-13,0
2004453561675_Node0_Node8_Zero,2004.453562,2004.540108,0,,0,7.9011940455e-13,0
2004459022669_Node0_Node8_Zero,2004.459023,2004.541998,0,,0,7.572525408e-13,0
2004464486118_Node0_Node8_Zero,2004.464486,2004.544381,0,,0,7.572525408e-13,0
2004469955500_Node0_Node8_Zero,2004.469956,2004.546451,0,,0,7.572525408e-13,1.3146745500000003e-13
2004475420100_Node0_Node8_Zero,2004.47542,2004.548541,0,,0,7.572525408e-13,0
2004480889573_Node0_Node8_Zero,2004.48089,2004.550451,0,,0,3.5459209666764055e-14,0
2004486357839_Node0_Node8_Zero,2004.486358,2004.552461,0,,0,7.932174215139569e-13,0
2004491821002_Node0_Node8_Zero,2004.491821,2004.554631,0,,0,8.229941517545032e-13,0
2004497290199_Node0_Node8_Zero,2004.49729,2004.556641,0,,0,7.782873336e-13,0
2004502758517_Node0_Node8_Zero,2004.502759,2004.560491,0,,0,2.3056300435190235e-14,3.602546942998474e-14
2004508227630_Node0_Node8_Zero,2004.508228,2004.564521,0,,0,7.941699450449438e-13,0
2004513693314_Node0_Node8_Zero,2004.513693,2004.570618,0,,0,7.572525408e-13,2.2461544695484285e-14
2004519155082_Node0_Node8_Zero,2004.519155,2004.572788,0,,0,7.572525408e-13,2.1176686527122264e-13
2004524617165_Node0_Node8_Zero,2004.524617,2004.574698,0,,0,7.572525408e-13,1.535553142330616e-14
2004530078573_Node0_Node8_Zero,2004.530079,2004.576608,0,,0,7.572525408e-13,1.524492448581122e-14
2004535544891_Node0_Node8_Zero,2004.535545,2004.578658,0,,0,7.572525408e-13,1.6941807418543177e-13
2004541011834_Node0_Node8_Zero,2004.541012,2004.580748,0,,0,8.081650282360188e-13,0
2004546475818_Node0_Node8_Zero,2004.546476,2004.584759,0,,0,4.73282838e-14,1.7389061917005976e-13
2004551945116_Node0_Node8_Zero,2004.551945,2004.586849,0,,0,7.572525408e-13,0
2004557413517_Node0_Node8_Zero,2004.557414,2004.588839,0,,0,7.572525408e-13,0
2004562880644_Node0_Node8_Zero,2004.562881,2004.591076,0,,0,3.286686375000001e-14,5.842998000000001e-14
2004568346493_Node0_Node8_Zero,2004.568346,2004.593066,0,,0,7.572525408e-13,0
2004573809808_Node0_Node8_Zero,2004.57381,2004.594936,0,,0,7.572525408e-13,2.532865608730201e-14
2004579275163_Node0_Node8_Zero,2004.579275,2004.596946,0,,0,7.92711750466764e-13,0
2004584737076_Node0_Node8_Zero,2004.584737,2004.599056,0,,0,7.572525408e-13,0
2004590198261_Node0_Node8_Zero,2004.590198,2004.605927,0,,0,7.572525408e-13,6.468017275058487e-14
2004595665881_Node0_Node8_Zero,2004.595666,2004.608056,0,,0,2.205355856149516e-14,3.445868525233619e-14
2004601132142_Node0_Node8_Zero,2004.601132,2004.610186,0,,0,7.572525408e-13,0
2004606596882_Node0_Node8_Zero,2004.606597,2004.614256,0,,0,6.479726600934474e-14,1.5029991212283244e-14
2004612064353_Node0_Node8_Zero,2004.612064,2004.616146,0,,0,7.572525408e-13,0
2004617529576_Node0_Node8_Zero,2004.61753,2004.622066,0,,0,7.572525408e-13,0
2004622992153_Node0_Node8_Zero,2004.622992,2004.627898,0,,0,7.572525408e-13,3.5054672829009745e-14
2004628454761_Node0_Node8_Zero,2004.628455,2004.634152,0,,0,1.5282744715743755e-14,2.2007152390671004e-14
2004633923746_Node0_Node8_Zero,2004.633924,2004.706993,0,,0,6.995781343153232e-14,1.5740508022094773e-13
2004639393012_Node0_Node8_Zero,2004.639393,2004.70887,0,,0,7.572525408e-13,0
2004644857512_Node0_Node8_Zero,2004.644858,2004.71076,0,,0,7.572525408e-13,1.7069522355307213e-13
2004650320697_Node0_Node8_Zero,2004.650321,2004.714844,0,,0,7.572525408e-13,0
2004655781031_Node0_Node8_Zero,2004.655781,2004.721275,0,,0,7.572525408e-13,1.3146745500000003e-13
2004661240854_Node0_Node8_Zero,2004.661241,2004.72331,0,,0,7.572525408e-13,5.842998000000001e-14
2004666710021_Node0_Node8_Zero,2004.66671,2004.72724,0,,0,7.572525408e-13,0
2004672173213_Node0_Node8_Zero,2004.672173,2004.72931,0,,0,7.572525408e-13,0
2004677633551_Node0_Node8_Zero,2004.677634,2004.733162,0,,0,7.572525408e-13,0
2004683095229_Node0_Node8_Zero,2004.683095,2004.735458,0,,0,3.7707515256182696e-14,6.703558267765812e-14
2004688560452_Node0_Node8_Zero,2004.68856,2004.737368,0,,0,7.572525408e-13,0
2004694020512_Node0_Node8_Zero,2004.694021,2004.739258,0,,0,7.572525408e-13,6.309619910787221e-14
2004699489951_Node0_Node8_Zero,2004.69949,2004.741248,0,,0,7.572525408e-13,6.314451572639083e-14
2004704954180_Node0_Node8_Zero,2004.704954,2004.743278,0,,0,7.572525408e-13,0
2004710417517_Node0_Node8_Zero,2004.710418,2004.745535,0,,0,3.610564620582164e-14,6.418781547701625e-14
2004715880160_Node0_Node8_Zero,2004.71588,2004.747545,0,,0,7.927443913024144e-13,0
2004721347206_Node0_Node8_Zero,2004.721347,2004.749475,0,,0,3.610473748809001e-14,6.418619997882669e-14
2004726811779_Node0_Node8_Zero,2004.726812,2004.751545,0,,0,7.572525408e-13,0
2004732278506_Node0_Node8_Zero,2004.732279,2004.753475,0,,0,7.572525408e-13,0
2004737739645_Node0_Node8_Zero,2004.73774,2004.755345,0,,0,7.572525408e-13,0
2004743201975_Node0_Node8_Zero,2004.743202,2004.757435,0,,0,7.572525408e-13,0
2004748669875_Node0_Node8_Zero,2004.74867,2004.759345,0,,0,7.572525408e-13,0
2004754137430_Node0_Node8_Zero,2004.754137,2004.765173,0,,0,2.243499061056624e-14,3.5054672829009745e-14
2004759600163_Node0_Node8_Zero,2004.7596,2004.767123,0,,0,7.79259693190671e-13,0
2004765065752_Node0_Node8_Zero,2004.765066,2004.774952,0,,0,7.572525408e-13,2.4945643839680797e-14
2004770531239_Node0_Node8_Zero,2004.770531,2004.777002,0,,0,7.799597692328933e-13,0
2004775998706_Node0_Node8_Zero,2004.775999,2004.786947,0,,0,7.572525408e-13,1.5157142733821672e-14
2004781465893_Node0_Node8_Zero,2004.781466,2004.789017,0,,0,7.572525408e-13,2.207187828471169e-14
2004786931937_Node0_Node8_Zero,2004.786932,2004.790887,0,,0,7.572525408e-13,0
2004792399020_Node0_Node8_Zero,2004.792399,2004.800427,0,,0,7.572525408e-13,0
2004797860095_Node0_Node8_Zero,2004.79786,2004.805401,0,,0,7.927516145323718e-13,0
2004803319904_Node0_Node8_Zero,2004.80332,2004.807351,0,,0,7.572525408e-13,0
2004808785854_Node0_Node8_Zero,2004.808786,2004.81114,0,,0,6.962601230286056e-14,0
2004814245361_Node0_Node8_Zero,2004.814245,2004.816419,0,,0,7.572525408e-13,8.969223722291256e-14
2004819712740_Node0_Node8_Zero,2004.819713,2004.82168,0,,0,7.572525408e-13,5.842998000000001e-14
2004825172890_Node0_Node8_Zero,2004.825173,2004.8272,0,,0,7.572525408e-13,4.73282838e-14
2004830637455_Node0_Node8_Zero,2004.830637,2004.835365,0,,0,7.572525408e-13,0
2004836103398_Node0_Node8_Zero,2004.836103,2004.83807,0,,0,6.574025567089486e-14,1.4791557525951346e-13
2004841567192_Node0_Node8_Zero,2004.841567,2004.843634,0,,0,7.572525408e-13,1.4514126174381096e-13
2004847031387_Node0_Node8_Zero,2004.847031,2004.848938,0,,0,7.572525408e-13,0
2004852493558_Node0_Node8_Zero,2004.852494,2004.855148,0,,0,7.572525408e-13,3.4556751589143404e-14
2004857956753_Node0_Node8_Zero,2004.857957,2004.8634,0,,0,7.79439487340784e-13,0
2004863416406_Node0_Node8_Zero,2004.863416,2004.871121,0,,0,7.572525408e-13,0
2004868877146_Node0_Node8_Zero,2004.868877,2004.878949,0,,0,7.572525408e-13,1.498732296510586e-14
2004874343224_Node0_Node8_Zero,2004.874343,2004.884836,0,,0,7.572525408e-13,0
2004879808302_Node0_Node8_Zero,2004.879808,2004.886746,0,,0,7.572525408e-13,0
2004885274952_Node0_Node8_Zero,2004.885275,2004.958562,1,RetryLimit,0,1.8000392439952542e-13,nan
2004890738750_Node0_Node8_Zero,2004.890739,2004.964743,0,,0,8.152590737067353e-13,0
2004896208156_Node0_Node8_Zero,2004.896208,2004.967469,0,,0,7.572525408e-13,0
2004901676079_Node0_Node8_Zero,2004.901676,2004.969436,0,,0,7.572525408e-13,0
2004907145137_Node0_Node8_Zero,2004.907145,2004.971406,0,,0,8.156825208e-13,0
2004912606338_Node0_Node8_Zero,2004.912606,2004.977936,0,,0,7.572525408e-13,0
2004918067017_Node0_Node8_Zero,2004.918067,2004.979966,0,,0,8.109624595000835e-13,0
2004923535905_Node0_Node8_Zero,2004.923536,2004.983957,0,,0,3.5739181779602483e-14,6.353632316373775e-14
2004929004145_Node0_Node8_Zero,2004.929004,2004.986127,0,,0,7.936104667502027e-13,0
2004934467103_Node0_Node8_Zero,2004.934467,2004.987997,0,,0,7.710723385460672e-14,2.3222601879009752e-14
2004939933993_Node0_Node8_Zero,2004.939934,2004.995228,0,,0,7.572525408e-13,1.765292315029719e-13
2004945395033_Node0_Node8_Zero,2004.945395,2004.997257,0,,0,3.286686375000001e-14,0
2004950859959_Node0_Node8_Zero,2004.95086,2004.999127,0,,0,8.230028406043725e-13,0
2004956327180_Node0_Node8_Zero,2004.956327,2005.001037,0,,0,7.572525408e-13,0
2004961790089_Node0_Node8_Zero,2004.96179,2005.002987,0,,0,7.79439487340784e-13,0
2004967253785_Node0_Node8_Zero,2004.967254,2005.004937,0,,0,2.2462371070606508e-14,3.509745479782267e-14
2004972716527_Node0_Node8_Zero,2004.972717,2005.006967,0,,0,8.251547423573127e-13,0
2004978179241_Node0_Node8_Zero,2004.978179,2005.046878,0,,0,7.572525408e-13,2.10347928e-14
2004983639607_Node0_Node8_Zero,2004.98364,2005.048767,0,,0,7.572525408e-13,8.41391712e-14
2004989107741_Node0_Node8_Zero,2004.989108,2005.063543,0,,0,8.264865162519e-13,0
2004994567758_Node0_Node8_Zero,2004.994568,2005.065527,0,,0,8.249613314335227e-13,0
2005000034391_Node0_Node8_Zero,2005.000034,2005.067517,0,,0,6.784152949409335e-14,1.5264344136171002e-13
2005005501054_Node0_Node8_Zero,2005.005501,2005.069614,0,,0,3.549164604576003e-14,6.309625963690672e-14
2005010965248_Node0_Node8_Zero,2005.010965,2005.071504,0,,0,8.247556290025641e-13,0
2005016428170_Node0_Node8_Zero,2005.016428,2005.073514,0,,0,6.74428349211456e-14,1.517463785725776e-13
2005021892723_Node0_Node8_Zero,2005.021893,2005.075741,0,,2,8.229732226165635e-13,0
2005027357602_Node0_Node8_Zero,2005.027358,2005.077871,0,,2,6.742819004515034e-14,1.517134276015883e-13
2005032824543_Node0_Node8_Zero,2005.032825,2005.080038,0,,4,7.572525408e-13,0
2005038286735_Node0_Node8_Zero,2005.038287,2005.082108,0,,4,7.572525408e-13,0
2005043755972_Node0_Node8_Zero,2005.043756,2005.084038,0,,4,7.572525408e-13,0
2005049220171_Node0_Node8_Zero,2005.04922,2005.085908,0,,4,7.572525408e-13,0
2005054679748_Node0_Node8_Zero,2005.05468,2005.087998,0,,4,7.572525408e-13,0
2005060144884_Node0_Node8_Zero,2005.060145,2005.091963,0,,93,7.572525408e-13,0
2005065609697_Node0_Node8_Zero,2005.06561,2005.093833,0,,93,7.572525408e-13,2.1034792800000005e-14
2005071069665_Node0_Node8_Zero,2005.07107,2005.095883,0,,93,7.794538867772463e-13,0
2005076531008_Node0_Node8_Zero,2005.076531,2005.114405,0,,91,7.572525408e-13,0
2005082000342_Node0_Node8_Zero,2005.082,2005.116353,0,,89,7.572525408e-13,0
2005087468976_Node0_Node8_Zero,2005.087469,2005.122232,0,,89,7.572525408e-13,0
2005092937352_Node0_Node8_Zero,2005.092937,2005.124243,0,,0,7.87542642432e-13,0
2005098397386_Node0_Node8_Zero,2005.098397,2005.15163,0,,0,7.572525408e-13,0
2005103857236_Node0_Node8_Zero,2005.103857,2005.155664,0,,0,7.954111016228458e-13,0
2005109317496_Node0_Node8_Zero,2005.109317,2005.161746,0,,0,7.572525408e-13,0
2005114780552_Node0_Node8_Zero,2005.114781,2005.165887,0,,0,8.080870765667207e-13,0
2005120244604_Node0_Node8_Zero,2005.120245,2005.167757,0,,0,7.572525408e-13,3.611142783926505e-14
2005125711424_Node0_Node8_Zero,2005.125711,2005.169627,0,,0,7.572525408e-13,3.449291377843678e-14
2005131176467_Node0_Node8_Zero,2005.131176,2005.171497,0,,0,7.572525408e-13,2.211804370453057e-14
2005136642663_Node0_Node8_Zero,2005.136643,2005.173667,0,,0,7.572525408e-13,0
2005142107258_Node0_Node8_Zero,2005.142107,2005.175697,0,,0,5.842998000000001e-14,1.3146745500000003e-13
2005147570137_Node0_Node8_Zero,2005.14757,2005.177667,0,,0,7.572525408e-13,0
2005153038570_Node0_Node8_Zero,2005.153039,2005.179557,0,,0,7.572525408e-13,0
2005158506826_Node0_Node8_Zero,2005.158507,2005.181427,0,,0,7.795827258260337e-13,0
2005163973252_Node0_Node8_Zero,2005.163973,2005.183437,0,,0,7.572525408e-13,1.5013908571221096e-14
2005169436872_Node0_Node8_Zero,2005.169437,2005.187217,0,,0,7.572525408e-13,1.7152964301189216e-13
2005174899159_Node0_Node8_Zero,2005.174899,2005.191954,0,,0,7.572525408e-13,0
2005180368571_Node0_Node8_Zero,2005.180369,2005.195878,0,,0,7.572525408e-13,0
2005185834244_Node0_Node8_Zero,2005.185834,2005.247646,0,,0,7.572525408e-13,6.49325173584689e-14
2005191297043_Node0_Node8_Zero,2005.191297,2005.249999,0,,0,7.572525408e-13,0
2005196758902_Node0_Node8_Zero,2005.196759,2005.254127,0,,0,7.572525408e-13,0
2005202226314_Node0_Node8_Zero,2005.202226,2005.256257,0,,0,7.572525408e-13,0
2005207691160_Node0_Node8_Zero,2005.207691,2005.258347,0,,0,7.572525408e-13,5.842998000000001e-14
2005213159031_Node0_Node8_Zero,2005.213159,2005.260477,0,,0,7.572525408e-13,0
2005218622102_Node0_Node8_Zero,2005.218622,2005.262427,0,,0,8.267984631154461e-13,2.2075198777355024e-14
2005224087251_Node0_Node8_Zero,2005.224087,2005.264457,0,,0,3.5459209666764055e-14,7.76460899631361e-14
2005229550891_Node0_Node8_Zero,2005.229551,2005.266507,0,,0,7.572525408e-13,0
2005235017494_Node0_Node8_Zero,2005.235017,2005.268597,0,,0,7.572525408e-13,0
2005240483476_Node0_Node8_Zero,2005.240483,2005.270527,0,,0,7.925584330674449e-13,1.667008374180355e-14
2005245947526_Node0_Node8_Zero,2005.245948,2005.272537,0,,0,7.572525408e-13,0
2005251411177_Node0_Node8_Zero,2005.251411,2005.274507,0,,0,7.572525408e-13,0
2005256871981_Node0_Node8_Zero,2005.256872,2005.276417,0,,0,7.572525408e-13,9.048754969430152e-14
2005262332702_Node0_Node8_Zero,2005.262333,2005.278387,0,,0,7.572525408e-13,2.1924715289835227e-14
2005267794090_Node0_Node8_Zero,2005.267794,2005.282373,0,,0,1.5157765970712447e-14,2.1827182997825924e-14
2005273257833_Node0_Node8_Zero,2005.273258,2005.31199,1,RetryLimit,0,1.8478689859295062e-13,nan
2005278721235_Node0_Node8_Zero,2005.278721,2005.314624,0,,0,8.228834816799001e-13,0
2005284187519_Node0_Node8_Zero,2005.284188,2005.320976,0,,0,7.656584796612819e-14,1.7227315792378844e-13
2005289648307_Node0_Node8_Zero,2005.289648,2005.323117,0,,0,8.28072147720053e-13,0
2005295109950_Node0_Node8_Zero,2005.29511,2005.325187,0,,0,8.253840674635584e-13,0
2005300573084_Node0_Node8_Zero,2005.300573,2005.352044,0,,0,8.25072890419747e-13,0
2005306035695_Node0_Node8_Zero,2005.306036,2005.356538,0,,0,7.572525408e-13,0
2005311499229_Node0_Node8_Zero,2005.311499,2005.361915,0,,0,5.0936274812294634e-14,9.055337744407935e-14
2005316966273_Node0_Node8_Zero,2005.316966,2005.364097,0,,0,3.286686375000001e-14,0
2005322432965_Node0_Node8_Zero,2005.322433,2005.366047,0,,0,7.572525408e-13,0
2005327900821_Node0_Node8_Zero,2005.327901,2005.368197,0,,0,7.572525408e-13,6.369230801357547e-14
2005333361732_Node0_Node8_Zero,2005.333362,2005.370087,0,,0,7.572525408e-13,1.66472400264156e-13
2005338828258_Node0_Node8_Zero,2005.338828,2005.372017,0,,0,7.572525408e-13,6.30385949631361e-14
2005344287871_Node0_Node8_Zero,2005.344288,2005.374047,0,,0,8.246341652140406e-13,0
2005349752848_Node0_Node8_Zero,2005.349753,2005.376197,0,,0,7.572525408e-13,0
2005355213281_Node0_Node8_Zero,2005.355213,2005.378087,0,,0,7.572525408e-13,0
2005360673037_Node0_Node8_Zero,2005.360673,2005.380077,0,,0,6.770879063352274e-14,0
2005366136034_Node0_Node8_Zero,2005.366136,2005.382107,0,,0,7.933568680331737e-13,0
2005371599679_Node0_Node8_Zero,2005.3716,2005.384017,0,,0,7.572525408e-13,1.4787184157038871e-13
2005377059566_Node0_Node8_Zero,2005.37706,2005.385987,0,,0,7.572525408e-13,0
2005382522382_Node0_Node8_Zero,2005.382522,2005.388097,0,,0,7.572525408e-13,6.310943555199261e-14
2005387983677_Node0_Node8_Zero,2005.387984,2005.395339,0,,0,7.572525408e-13,0
2005393451671_Node0_Node8_Zero,2005.393452,2005.397209,0,,0,7.572525408e-13,0
2005398914547_Node0_Node8_Zero,2005.398915,2005.400861,0,,0,7.782873336e-13,0
2005404376716_Node0_Node8_Zero,2005.404377,2005.408276,0,,2,7.572525408e-13,1.6072111633448197e-13
2005409845960_Node0_Node8_Zero,2005.409846,2005.411853,0,,0,7.572525408e-13,0
2005415308557_Node0_Node8_Zero,2005.415309,2005.419859,0,,15,7.572525408e-13,2.3450153850246547e-14
2005420772229_Node0_Node8_Zero,2005.420772,2005.424034,0,,0,7.572525408e-13,0
2005426232935_Node0_Node8_Zero,2005.426233,2005.431881,0,,0,7.572525408e-13,0
2005431702014_Node0_Node8_Zero,2005.431702,2005.450164,0,,0,7.572525408e-13,0
2005437167531_Node0_Node8_Zero,2005.437168,2005.452288,0,,0,7.572525408e-13,0
2005442632766_Node0_Node8_Zero,2005.442633,2005.454278,0,,0,7.572525408e-13,0
2005448094907_Node0_Node8_Zero,2005.448095,2005.458149,0,,0,7.572525408e-13,0
2005453554417_Node0_Node8_Zero,2005.453554,2005.462159,0,,0,7.572525408e-13,3.286686375000001e-14
2005459015908_Node0_Node8_Zero,2005.459016,2005.466028,0,,0,7.572525408e-13,0
2005464483804_Node0_Node8_Zero,2005.464484,2005.508906,1,RetryLimit,0,1.5390244561056626e-13,nan
2005469945248_Node0_Node8_Zero,2005.469945,2005.525569,0,,0,7.572525408e-13,0
2005475406493_Node0_Node8_Zero,2005.475406,2005.527744,0,,0,8.437583947081937e-13,0
2005480873744_Node0_Node8_Zero,2005.480874,2005.535819,0,,0,8.080452215204615e-14,0
2005486334360_Node0_Node8_Zero,2005.486334,2005.544283,0,,0,7.572525408e-13,0
2005491795233_Node0_Node8_Zero,2005.491795,2005.551092,0,,0,8.372068514780499e-13,0
2005497255145_Node0_Node8_Zero,2005.497255,2005.553197,0,,0,6.785363046207467e-14,1.52670668539668e-13
2005502715126_Node0_Node8_Zero,2005.502715,2005.555307,0,,0,8.246958993486696e-13,0
2005508184086_Node0_Node8_Zero,2005.508184,2005.557444,0,,0,8.252195144206377e-13,0
2005513652143_Node0_Node8_Zero,2005.513652,2005.559374,0,,0,8.246958993486696e-13,0
2005519111966_Node0_Node8_Zero,2005.519112,2005.561244,0,,0,8.24678146251023e-13,0
2005524573138_Node0_Node8_Zero,2005.524573,2005.563114,0,,0,7.572525408e-13,0
2005530033951_Node0_Node8_Zero,2005.530034,2005.576181,0,,0,8.281949082225802e-13,0
2005535499214_Node0_Node8_Zero,2005.535499,2005.57838,0,,0,8.424392456790567e-13,0
2005540958997_Node0_Node8_Zero,2005.540959,2005.584467,0,,0,8.25282660165858e-13,0
2005546418525_Node0_Node8_Zero,2005.546419,2005.58654,0,,0,8.056725818382142e-13,0
2005551881540_Node0_Node8_Zero,2005.551882,2005.58855,0,,0,3.550226000854801e-14,6.311512890408536e-14
2005557345498_Node0_Node8_Zero,2005.557345,2005.590711,0,,0,7.572525408e-13,0
2005562807222_Node0_Node8_Zero,2005.562807,2005.592841,0,,0,8.25282660165858e-13,0
2005568274458_Node0_Node8_Zero,2005.568274,2005.594851,0,,0,8.229735855064549e-13,0
2005573743865_Node0_Node8_Zero,2005.573744,2005.596801,0,,0,7.924125019666256e-13,0
2005579205327_Node0_Node8_Zero,2005.579205,2005.599098,0,,0,7.572525408e-13,0
2005584671145_Node0_Node8_Zero,2005.584671,2005.601068,0,,0,7.572525408e-13,0
2005590137416_Node0_Node8_Zero,2005.590137,2005.603238,0,,0,7.572525408e-13,0
2005595601596_Node0_Node8_Zero,2005.595602,2005.605278,0,,0,7.572525408e-13,1.3146745500000003e-13
2005601069486_Node0_Node8_Zero,2005.601069,2005.607268,0,,0,7.572525408e-13,6.308646752888647e-14
2005606535676_Node0_Node8_Zero,2005.606536,2005.623,0,,0,5.842998000000001e-14,0
2005611996040_Node0_Node8_Zero,2005.611996,2005.641834,0,,0,7.572525408e-13,0
2005617463746_Node0_Node8_Zero,2005.617464,2005.645785,0,,0,7.72609119960029e-13,0
2005622923948_Node0_Node8_Zero,2005.622924,2005.659264,0,,0,7.782873336e-13,0
2005628392421_Node0_Node8_Zero,2005.628392,2005.661132,0,,0,7.572525408e-13,0
2005633854209_Node0_Node8_Zero,2005.633854,2005.663122,0,,0,8.217597682416938e-13,0
2005639320533_Node0_Node8_Zero,2005.639321,2005.667939,0,,0,7.572525408e-13,3.4386175610423446e-14
2005644788251_Node0_Node8_Zero,2005.644788,2005.669922,0,,0,7.724077367184232e-13,0
2005650255316_Node0_Node8_Zero,2005.650255,2005.671812,0,,0,7.114637509935063e-14,1.6007934397353893e-13
2005655715009_Node0_Node8_Zero,2005.655715,2005.678564,0,,0,8.045808246e-13,0
2005661174965_Node0_Node8_Zero,2005.661175,2005.680512,0,,0,7.572525408e-13,0
2005666641804_Node0_Node8_Zero,2005.666642,2005.682382,0,,0,7.572525408e-13,0
2005672106029_Node0_Node8_Zero,2005.672106,2005.684412,0,,0,2.207430515061935e-14,3.4491101797842734e-14
2005677572550_Node0_Node8_Zero,2005.677573,2005.686302,0,,0,7.79259693190671e-13,0
2005683036802_Node0_Node8_Zero,2005.683037,2005.688172,0,,0,2.2007152390671004e-14,3.4386175610423446e-14
2005688496576_Node0_Node8_Zero,2005.688497,2005.729722,1,RetryLimit,0,1.464519610981349e-13,nan
2005693959229_Node0_Node8_Zero,2005.693959,2005.735741,0,,0,8.156825208e-13,0
2005699423293_Node0_Node8_Zero,2005.699423,2005.73776,0,,0,7.572525408e-13,1.7049006950720353e-13
2005704884797_Node0_Node8_Zero,2005.704885,2005.73963,0,,0,7.572525408e-13,1.5083006102473078e-13
2005710352989_Node0_Node8_Zero,2005.710353,2005.74156,0,,0,7.572525408e-13,1.5083006102473078e-13
2005715816586_Node0_Node8_Zero,2005.715817,2005.743756,0,,0,6.778605762760148e-14,1.5251862966210333e-13
2005721279693_Node0_Node8_Zero,2005.72128,2005.745686,0,,0,8.246605011609756e-13,0
2005726739757_Node0_Node8_Zero,2005.72674,2005.747736,0,,0,6.740796036097558e-14,1.5166791081219507e-13
2005732202702_Node0_Node8_Zero,2005.732203,2005.749626,0,,0,7.572525408e-13,0
2005737670274_Node0_Node8_Zero,2005.73767,2005.763417,0,,0,7.572525408e-13,0
2005743135079_Node0_Node8_Zero,2005.743135,2005.823221,0,,0,7.572525408e-13,0
2005748600037_Node0_Node8_Zero,2005.7486,2005.825273,0,,2,7.572525408e-13,1.5195080295130306e-13
2005754063779_Node0_Node8_Zero,2005.754064,2005.827203,0,,2,7.572525408e-13,0
2005759524240_Node0_Node8_Zero,2005.759524,2005.829133,0,,2,7.572525408e-13,1.5083006102473078e-13
2005764992790_Node0_Node8_Zero,2005.764993,2005.831263,0,,2,7.572525408e-13,0
2005770460717_Node0_Node8_Zero,2005.770461,2005.833253,0,,2,7.572525408e-13,1.5166791081219507e-13
2005775923030_Node0_Node8_Zero,2005.775923,2005.83548,0,,4,6.740796036097558e-14,0
2005781387653_Node0_Node8_Zero,2005.781388,2005.83751,0,,4,8.246775471864943e-13,0
2005786850265_Node0_Node8_Zero,2005.78685,2005.83962,0,,4,6.742407371691669e-14,0
2005792319360_Node0_Node8_Zero,2005.792319,2005.84171,0,,4,8.246766145169167e-13,0
2005797781559_Node0_Node8_Zero,2005.797782,2005.84366,0,,4,6.742481132469737e-14,0
2005803242420_Node0_Node8_Zero,2005.803242,2005.84569,0,,4,8.246773117666481e-13,0
2005808706808_Node0_Node8_Zero,2005.808707,2005.847717,0,,6,6.742477096664812e-14,0
2005814171729_Node0_Node8_Zero,2005.814172,2005.849727,0,,6,8.246773436840729e-13,0
2005819638076_Node0_Node8_Zero,2005.819638,2005.851797,0,,6,7.572525408e-13,0
2005825106797_Node0_Node8_Zero,2005.825107,2005.890605,1,RetryLimit,10,1.3146745500000003e-13,nan
2005830568161_Node0_Node8_Zero,2005.830568,2005.896178,0,,10,7.572525408e-13,1.3146745500000003e-13
2005836037350_Node0_Node8_Zero,2005.836037,2005.898187,0,,8,7.572525408e-13,1.6789645886749023e-13
2005841499153_Node0_Node8_Zero,2005.841499,2005.900117,0,,8,7.572525408e-13,0
2005846967299_Node0_Node8_Zero,2005.846967,2005.906088,0,,6,7.572525408e-13,8.41391712e-14
2005852435009_Node0_Node8_Zero,2005.852435,2005.928575,0,,8,5.842998000000001e-14,0
2005857903340_Node0_Node8_Zero,2005.857903,2005.930727,0,,4,8.246605011609756e-13,0
2005863370610_Node0_Node8_Zero,2005.863371,2005.932717,0,,4,6.703558267765812e-14,0
2005868838968_Node0_Node8_Zero,2005.868839,2005.934687,0,,4,8.242881234776581e-13,0
2005874301506_Node0_Node8_Zero,2005.874302,2005.936597,0,,4,3.7707515256182696e-14,0
2005879769371_Node0_Node8_Zero,2005.879769,2005.938667,0,,2,7.933514774799512e-13,0
2005885231015_Node0_Node8_Zero,2005.885231,2005.940797,0,,2,7.572525408e-13,0
2005890699530_Node0_Node8_Zero,2005.8907,2005.942747,0,,2,7.572525408e-13,0
2005896165672_Node0_Node8_Zero,2005.896166,2005.944797,0,,2,7.572525408e-13,6.310931759854957e-14
2005901629942_Node0_Node8_Zero,2005.90163,2005.947054,0,,2,7.572525408e-13,0
2005907094513_Node0_Node8_Zero,2005.907095,2005.949017,0,,2,7.572525408e-13,6.27743860452057e-14
2005912563202_Node0_Node8_Zero,2005.912563,2005.951067,0,,2,7.572525408e-13,0
2005918028622_Node0_Node8_Zero,2005.918029,2006.002281,1,RetryLimit,93,1.4704730959067104e-13,nan
2005923492601_Node0_Node8_Zero,2005.923493,2006.01514,0,,93,8.416096579177922e-13,0
2005928961723_Node0_Node8_Zero,2005.928962,2006.021312,0,,93,7.505211354154008e-14,1.916750672287058e-13
2005934424001_Node0_Node8_Zero,2005.934424,2006.023247,0,,93,7.572525408e-13,3.6658337892884075e-14
2005939886362_Node0_Node8_Zero,2005.939886,2006.025197,0,,93,7.572525408e-13,0
2005945354167_Node0_Node8_Zero,2005.945354,2006.027147,0,,93,7.572525408e-13,0
2005950815567_Node0_Node8_Zero,2005.950816,2006.029317,0,,93,7.572525408e-13,0
2005956280615_Node0_Node8_Zero,2005.956281,2006.031594,0,,91,7.572525408e-13,2.188127309935153e-14
2005961747853_Node0_Node8_Zero,2005.961748,2006.033637,0,,0,6.62991001066061e-14,1.491729752398637e-13
2005967213578_Node0_Node8_Zero,2005.967214,2006.035727,0,,0,7.572525408e-13,0
2005972674237_Node0_Node8_Zero,2005.972674,2006.037597,0,,0,7.572525408e-13,0
2005978141961_Node0_Node8_Zero,2005.978142,2006.039733,0,,0,7.3987733450736e-14,0
2005983602408_Node0_Node8_Zero,2005.983602,2006.041623,0,,0,7.572525408e-13,0
2005989068322_Node0_Node8_Zero,2005.989068,2006.043573,0,,0,7.572525408e-13,1.5146639568649355e-13
2005994531420_Node0_Node8_Zero,2005.994531,2006.045643,0,,0,7.572525408e-13,0
2005999992587_Node0_Node8_Zero,2005.999993,2006.047673,0,,0,7.572525408e-13,1.4514126174381096e-13
2006005461545_Node0_Node8_Zero,2006.005462,2006.049783,0,,0,7.572525408e-13,0
2006010922715_Node0_Node8_Zero,2006.010923,2006.052,0,,0,7.572525408e-13,0
2006016386014_Node0_Node8_Zero,2006.016386,2006.05389,0,,0,7.572525408e-13,0
2006021851812_Node0_Node8_Zero,2006.021852,2006.0559,0,,0,7.572525408e-13,0
2006027320105_Node0_Node8_Zero,2006.02732,2006.05795,0,,0,7.572525408e-13,0
2006032780767_Node0_Node8_Zero,2006.032781,2006.05994,0,,0,7.572525408e-13,0
2006038242046_Node0_Node8_Zero,2006.038242,2006.06185,0,,0,7.950419749777719e-13,0
2006043708220_Node0_Node8_Zero,2006.043708,2006.06394,0,,0,7.572525408e-13,0
2006049174503_Node0_Node8_Zero,2006.049175,2006.06593,0,,0,7.572525408e-13,0
2006054642436_Node0_Node8_Zero,2006.054642,2006.068367,0,,0,7.572525408e-13,0
2006060111645_Node0_Node8_Zero,2006.060112,2006.07027,0,,0,2.2119953297089365e-14,3.456242702670213e-14
2006065579751_Node0_Node8_Zero,2006.06558,2006.07232,0,,0,7.572525408e-13,0
2006071045317_Node0_Node8_Zero,2006.071045,2006.083635,0,,0,7.572525408e-13,6.450722744169376e-14
2006076504929_Node0_Node8_Zero,2006.076505,2006.085645,0,,0,7.572525408e-13,0
2006081972715_Node0_Node8_Zero,2006.081973,2006.089837,0,,0,7.572525408e-13,0
2006087432243_Node0_Node8_Zero,2006.087432,2006.095826,0,,0,7.572525408e-13,0
2006092896092_Node0_Node8_Zero,2006.092896,2006.099777,0,,0,7.572525408e-13,0
2006098362551_Node0_Node8_Zero,2006.098363,2006.113926,0,,0,7.572525408e-13,0
2006103825825_Node0_Node8_Zero,2006.103826,2006.115891,0,,0,2.1034792800000005e-14,3.286686375000001e-14
2006109287740_Node0_Node8_Zero,2006.109288,2006.1199,0,,0,7.572525408e-13,0
2006114753626_Node0_Node8_Zero,2006.114754,2006.186802,0,,0,7.572525408e-13,0
2006120222248_Node0_Node8_Zero,2006.120222,2006.188701,0,,0,7.572525408e-13,0
2006125691180_Node0_Node8_Zero,2006.125691,2006.190731,0,,0,7.572525408e-13,0
2006131160041_Node0_Node8_Zero,2006.13116,2006.192721,0,,0,7.9011940455e-13,0
2006136623044_Node0_Node8_Zero,2006.136623,2006.194851,0,,0,2.3051077647215388e-14,3.601730882377404e-14
2006142085957_Node0_Node8_Zero,2006.142086,2006.196881,0,,0,7.572525408e-13,0
2006147549216_Node0_Node8_Zero,2006.147549,2006.198931,0,,0,7.572525408e-13,0
2006153012373_Node0_Node8_Zero,2006.153012,2006.200941,0,,0,7.572525408e-13,0
2006158475244_Node0_Node8_Zero,2006.158475,2006.202971,0,,0,7.572525408e-13,0
2006163942730_Node0_Node8_Zero,2006.163943,2006.205001,0,,0,7.572525408e-13,0
2006169410499_Node0_Node8_Zero,2006.16941,2006.206971,0,,0,1.6834617182200926e-14,2.4241848742369332e-14
2006174877817_Node0_Node8_Zero,2006.174878,2006.208841,0,,0,7.794528195969248e-13,0
2006180342757_Node0_Node8_Zero,2006.180343,2006.210831,0,,0,7.572525408e-13,6.309531940565653e-14
2006185808012_Node0_Node8_Zero,2006.185808,2006.212821,0,,0,7.724103700364654e-13,0
2006191274237_Node0_Node8_Zero,2006.191274,2006.214951,0,,0,7.572525408e-13,0
2006196734380_Node0_Node8_Zero,2006.196734,2006.216961,0,,0,7.572525408e-13,0
2006202199819_Node0_Node8_Zero,2006.2022,2006.219011,0,,0,1.515805489655921e-14,2.182759905104526e-14
2006207667471_Node0_Node8_Zero,2006.207667,2006.220901,0,,0,7.572525408e-13,0
2006213127321_Node0_Node8_Zero,2006.213127,2006.222771,0,,0,7.572525408e-13,0
2006218594517_Node0_Node8_Zero,2006.218595,2006.224641,0,,0,7.572525408e-13,0
2006224054516_Node0_Node8_Zero,2006.224055,2006.232198,0,,0,7.572525408e-13,1.3146745500000003e-13
2006229523895_Node0_Node8_Zero,2006.229524,2006.234301,0,,0,8.221795462988679e-13,0
2006234987040_Node0_Node8_Zero,2006.234987,2006.238828,0,,0,7.572525408e-13,0
2006240453581_Node0_Node8_Zero,2006.240454,2006.26764,0,,0,7.572525408e-13,0
2006245919747_Node0_Node8_Zero,2006.24592,2006.273482,0,,0,7.796875314105662e-13,0
2006251380031_Node0_Node8_Zero,2006.25138,2006.275392,0,,0,3.7870822120391557e-14,0
2006256840896_Node0_Node8_Zero,2006.256841,2006.279243,0,,0,7.92742711921352e-13,0
2006262308775_Node0_Node8_Zero,2006.262309,2006.281253,0,,0,7.572525408e-13,2.2201241178569237e-14
2006267778013_Node0_Node8_Zero,2006.267778,2006.283143,0,,0,7.799718951354778e-13,0
2006273239703_Node0_Node8_Zero,2006.27324,2006.287094,0,,0,2.2201297022256946e-14,3.468952659727648e-14
2006278708079_Node0_Node8_Zero,2006.278708,2006.289044,0,,0,7.572525408e-13,0
2006284173341_Node0_Node8_Zero,2006.284173,2006.292893,0,,0,3.52973719792535e-14,6.275088351867289e-14
2006289638732_Node0_Node8_Zero,2006.289639,2006.296764,0,,0,7.572525408e-13,0
2006295102832_Node0_Node8_Zero,2006.295103,2006.306665,0,,0,7.803088412351902e-13,0
2006300567473_Node0_Node8_Zero,2006.300567,2006.308715,0,,0,7.572525408e-13,2.1798525576600236e-14
2006306032650_Node0_Node8_Zero,2006.306033,2006.313317,0,,0,3.696415524860271e-14,0
2006311499191_Node0_Node8_Zero,2006.311499,2006.348828,0,,0,7.572525408e-13,0
2006316962160_Node0_Node8_Zero,2006.316962,2006.351079,0,,0,7.572525408e-13,0
2006322428863_Node0_Node8_Zero,2006.322429,2006.353189,0,,0,7.572525408e-13,8.41391712e-14
2006327895926_Node0_Node8_Zero,2006.327896,2006.355099,0,,0,7.572525408e-13,0
2006333358247_Node0_Node8_Zero,2006.333358,2006.36661,0,,0,8.156825208e-13,0
2006338820664_Node0_Node8_Zero,2006.338821,2006.368499,0,,0,6.703558267765812e-14,0
2006344289444_Node0_Node8_Zero,2006.344289,2006.370489,0,,0,7.572525408e-13,6.777883386492766e-14
2006349749936_Node0_Node8_Zero,2006.34975,2006.372602,0,,0,7.932174215139569e-13,0
2006355213626_Node0_Node8_Zero,2006.355214,2006.374669,0,,0,7.572525408e-13,6.417588743102437e-14
2006360676608_Node0_Node8_Zero,2006.360677,2006.376779,0,,0,7.572525408e-13,6.315366392158349e-14
2006366136459_Node0_Node8_Zero,2006.366136,2006.378649,0,,0,7.572525408e-13,6.310638425161914e-14
2006371602880_Node0_Node8_Zero,2006.371603,2006.380539,0,,0,7.572525408e-13,6.310931759854957e-14
2006377069914_Node0_Node8_Zero,2006.37707,2006.382589,0,,0,7.572525408e-13,6.309673571458483e-14
2006382537868_Node0_Node8_Zero,2006.382538,2006.39051,0,,0,7.572525408e-13,0
2006387999244_Node0_Node8_Zero,2006.387999,2006.396398,0,,0,7.572525408e-13,0
2006393465517_Node0_Node8_Zero,2006.393466,2006.402219,0,,0,7.572525408e-13,0
2006398930802_Node0_Node8_Zero,2006.398931,2006.404209,0,,0,7.782873336e-13,0
2006404391324_Node0_Node8_Zero,2006.404391,2006.412018,0,,0,7.572525408e-13,0
2006409851106_Node0_Node8_Zero,2006.409851,2006.413948,0,,0,7.572525408e-13,0
2006415317127_Node0_Node8_Zero,2006.415317,2006.419918,0,,0,7.572525408e-13,0
2006420777043_Node0_Node8_Zero,2006.420777,2006.429663,0,,0,7.939166797962176e-13,0
2006426241724_Node0_Node8_Zero,2006.426242,2006.431673,0,,0,7.925347656002466e-13,0
2006431702546_Node0_Node8_Zero,2006.431703,2006.439301,0,,0,7.572525408e-13,0
2006437164131_Node0_Node8_Zero,2006.437164,2006.445211,0,,0,7.572525408e-13,0
2006442626686_Node0_Node8_Zero,2006.442627,2006.44914,0,,0,7.927623392705556e-13,0
2006448094285_Node0_Node8_Zero,2006.448094,2006.455689,0,,0,7.572525408e-13,6.518490705089295e-14
2006453561905_Node0_Node8_Zero,2006.453562,2006.457859,0,,0,7.572525408e-13,6.250595380698498e-14
2006459025051_Node0_Node8_Zero,2006.459025,2006.46397,0,,0,7.572525408e-13,0
2006464485193_Node0_Node8_Zero,2006.464485,2006.469954,0,,0,7.572525408e-13,0
2006469947006_Node0_Node8_Zero,2006.469947,2006.480009,0,,0,7.572525408e-13,0
2006475412023_Node0_Node8_Zero,2006.475412,2006.483859,0,,0,3.6640865391010234e-14,6.513931625068486e-14
2006480874141_Node0_Node8_Zero,2006.480874,2006.485809,0,,0,7.572525408e-13,0
2006486335217_Node0_Node8_Zero,2006.486335,2006.489865,0,,0,7.572525408e-13,0
2006491796630_Node0_Node8_Zero,2006.491797,2006.493899,0,,0,7.572525408e-13,2.182348212252949e-14
2006497260078_Node0_Node8_Zero,2006.49726,2006.504098,0,,0,7.572525408e-13,0
2006502724663_Node0_Node8_Zero,2006.502725,2006.51198,0,,0,7.572525408e-13,0
2006508193403_Node0_Node8_Zero,2006.508193,2006.517891,0,,0,7.572525408e-13,0
2006513656793_Node0_Node8_Zero,2006.513657,2006.523752,0,,0,7.572525408e-13,0
2006519123089_Node0_Node8_Zero,2006.519123,2006.533596,0,,0,7.572525408e-13,0
2006524582609_Node0_Node8_Zero,2006.524583,2006.53953,0,,0,7.572525408e-13,2.10347928e-14
2006530047249_Node0_Node8_Zero,2006.530047,2006.547387,0,,0,7.572525408e-13,0
2006535511982_Node0_Node8_Zero,2006.535512,2006.549297,0,,0,7.572525408e-13,2.1034792800000005e-14
2006540973762_Node0_Node8_Zero,2006.540974,2006.559146,0,,0,7.572525408e-13,0
2006546441580_Node0_Node8_Zero,2006.546442,2006.561156,0,,0,5.0944392610243144e-14,0
2006551909913_Node0_Node8_Zero,2006.55191,2006.566905,0,,0,7.572525408e-13,0
2006557377911_Node0_Node8_Zero,2006.557378,2006.5765,0,,0,7.9011940455e-13,0
2006562842166_Node0_Node8_Zero,2006.562842,2006.57847,0,,0,7.572525408e-13,0
2006568306841_Node0_Node8_Zero,2006.568307,2006.586208,0,,0,7.572525408e-13,0
2006573771797_Node0_Node8_Zero,2006.573772,2006.590097,0,,0,3.628531543595274e-14,6.450722744169376e-14
2006579234518_Node0_Node8_Zero,2006.579235,2006.591987,0,,0,7.924528468906013e-13,0
2006584703563_Node0_Node8_Zero,2006.584704,2006.596057,0,,0,3.548910080203076e-14,6.30917347591658e-14
2006590164983_Node0_Node8_Zero,2006.590165,2006.6039,0,,0,7.572525408e-13,6.723730398672101e-14
2006595627259_Node0_Node8_Zero,2006.595627,2006.607951,0,,2,7.572525408e-13,0
2006601094374_Node0_Node8_Zero,2006.601094,2006.609901,0,,2,7.973777132450407e-13,0
2006606561999_Node0_Node8_Zero,2006.606562,2006.611891,0,,0,7.572525408e-13,0
2006612023324_Node0_Node8_Zero,2006.612023,2006.616011,0,,0,7.572525408e-13,0
2006617490957_Node0_Node8_Zero,2006.617491,2006.621818,0,,0,7.572525408e-13,0
2006622955713_Node0_Node8_Zero,2006.622956,2006.625967,0,,0,8.156825208e-13,0
2006628417428_Node0_Node8_Zero,2006.628417,2006.743251,0,,8,7.572525408e-13,0
2006633879502_Node0_Node8_Zero,2006.63388,2006.755295,0,,8,7.572525408e-13,0
2006639344142_Node0_Node8_Zero,2006.639344,2006.757205,0,,8,7.572525408e-13,0
2006644806763_Node0_Node8_Zero,2006.644807,2006.759175,0,,6,7.572525408e-13,0
2006650267206_Node0_Node8_Zero,2006.650267,2006.763144,0,,6,7.572525408e-13,0
2006655726781_Node0_Node8_Zero,2006.655727,2006.77279,0,,6,7.572525408e-13,0
2006661191267_Node0_Node8_Zero,2006.661191,2006.778697,0,,6,7.572525408e-13,0
2006666655033_Node0_Node8_Zero,2006.666655,2006.784643,0,,6,7.572525408e-13,0
2006672117405_Node0_Node8_Zero,2006.672117,2006.79061,0,,6,7.572525408e-13,0
2006677578390_Node0_Node8_Zero,2006.677578,2006.794658,0,,6,7.572525408e-13,0
2006683044333_Node0_Node8_Zero,2006.683044,2006.800464,0,,6,7.572525408e-13,0
2006688507176_Node0_Node8_Zero,2006.688507,2006.802434,0,,6,7.572525408e-13,0
2006693970303_Node0_Node8_Zero,2006.69397,2006.806383,0,,6,7.572525408e-13,0
2006699437764_Node0_Node8_Zero,2006.699438,2006.808273,0,,6,7.572525408e-13,0
2006704905151_Node0_Node8_Zero,2006.704905,2006.814119,0,,6,7.572525408e-13,0
2006710373099_Node0_Node8_Zero,2006.710373,2006.818028,0,,6,7.572525408e-13,0
2006715833201_Node0_Node8_Zero,2006.715833,2006.821996,0,,6,7.572525408e-13,0
2006721297948_Node0_Node8_Zero,2006.721298,2006.823986,0,,6,7.572525408e-13,0
2006726763667_Node0_Node8_Zero,2006.726764,2006.829953,0,,6,7.572525408e-13,0
2006732223194_Node0_Node8_Zero,2006.732223,2006.837737,0,,6,7.572525408e-13,0
2006737688302_Node0_Node8_Zero,2006.737688,2006.845741,0,,6,7.572525408e-13,0
2006743156568_Node0_Node8_Zero,2006.743157,2006.847777,0,,0,7.572525408e-13,0
2006748619237_Node0_Node8_Zero,2006.748619,2006.851597,0,,0,7.572525408e-13,0
2006754086515_Node0_Node8_Zero,2006.754087,2006.894529,0,,0,7.572525408e-13,0
2006759552515_Node0_Node8_Zero,2006.759553,2006.896697,0,,0,7.572525408e-13,0
2006765019143_Node0_Node8_Zero,2006.765019,2006.901695,0,,0,3.286686375000001e-14,5.842998000000001e-14
2006770483453_Node0_Node8_Zero,2006.770483,2006.904264,0,,0,7.572525408e-13,0
2006775946603_Node0_Node8_Zero,2006.775947,2006.906247,0,,0,7.572525408e-13,0
2006781410307_Node0_Node8_Zero,2006.78141,2006.908277,0,,0,7.572525408e-13,0
2006786874161_Node0_Node8_Zero,2006.786874,2006.910147,0,,0,7.572525408e-13,0
2006792339790_Node0_Node8_Zero,2006.79234,2006.925819,0,,0,5.842998000000001e-14,0
2006797805982_Node0_Node8_Zero,2006.797806,2006.927687,0,,0,7.572525408e-13,6.39375657137012e-14
2006803269403_Node0_Node8_Zero,2006.803269,2006.929577,0,,0,7.572525408e-13,0
2006808736430_Node0_Node8_Zero,2006.808736,2006.934348,0,,0,7.572525408e-13,6.39375657137012e-14
2006814200445_Node0_Node8_Zero,2006.8142,2006.936337,0,,0,7.572525408e-13,0
2006819660543_Node0_Node8_Zero,2006.819661,2006.940126,0,,0,7.572525408e-13,0
2006825129348_Node0_Node8_Zero,2006.825129,2006.942216,0,,0,7.572525408e-13,0
2006830597457_Node0_Node8_Zero,2006.830597,2007.014809,1,RetryLimit,0,1.3146745500000003e-13,nan
2006836059543_Node0_Node8_Zero,2006.83606,2007.050193,1,RetryLimit,0,1.3146745500000003e-13,nan
2006841527902_Node0_Node8_Zero,2006.841528,2007.052156,0,,0,7.572525408e-13,0
2006846994059_Node0_Node8_Zero,2006.846994,2007.054066,0,,0,7.572525408e-13,0
2006852461201_Node0_Node8_Zero,2006.852461,2007.056156,0,,0,2.10347928e-14,3.5018264419414525e-14
2006857920709_Node0_Node8_Zero,2006.857921,2007.058026,0,,0,7.572525408e-13,5.842998000000001e-14
2006863383998_Node0_Node8_Zero,2006.863384,2007.059976,0,,0,2.1034792800000005e-14,3.286686375000001e-14
2006868851231_Node0_Node8_Zero,2006.868851,2007.061846,0,,0,7.572525408e-13,0
2006874311526_Node0_Node8_Zero,2006.874312,2007.063976,0,,0,7.572525408e-13,0
2006879774144_Node0_Node8_Zero,2006.879774,2007.096707,1,RetryLimit,0,1.3146745500000003e-13,nan
2006885242809_Node0_Node8_Zero,2006.885243,2007.120798,0,,0,7.572525408e-13,0
2006890710891_Node0_Node8_Zero,2006.890711,2007.128513,0,,0,6.450722744169376e-14,0
2006896174351_Node0_Node8_Zero,2006.896174,2007.130823,0,,0,7.572525408e-13,0
2006901637934_Node0_Node8_Zero,2006.901638,2007.137099,0,,0,7.572525408e-13,1.3146745500000003e-13
2006907104033_Node0_Node8_Zero,2006.907104,2007.139514,0,,0,6.450722744169376e-14,1.4514126174381096e-13
2006912570838_Node0_Node8_Zero,2006.912571,2007.141504,0,,0,8.245510953354177e-13,0
2006918037777_Node0_Node8_Zero,2006.918038,2007.143654,0,,0,6.703558267765812e-14,1.5083006102473078e-13
2006923497795_Node0_Node8_Zero,2006.923498,2007.145811,0,,0,8.245510953354177e-13,0
2006928961446_Node0_Node8_Zero,2006.928961,2007.147801,0,,0,8.246718803583239e-13,0
2006934427027_Node0_Node8_Zero,2006.934427,2007.149971,0,,0,8.246605011609756e-13,0
2006939895930_Node0_Node8_Zero,2006.939896,2007.151961,0,,0,8.246718803583239e-13,0
2006945360524_Node0_Node8_Zero,2006.945361,2007.153931,0,,0,8.246771069123136e-13,0
2006950825359_Node0_Node8_Zero,2006.950825,2007.156001,0,,0,8.246766145169167e-13,0
2006956290489_Node0_Node8_Zero,2006.95629,2007.157931,0,,0,7.923072136290097e-13,0
2006961753963_Node0_Node8_Zero,2006.961754,2007.160041,0,,0,7.93357536968408e-13,0
2006967220892_Node0_Node8_Zero,2006.967221,2007.161911,0,,0,2.2007152390671004e-14,3.4386175610423446e-14
2006972684135_Node0_Node8_Zero,2006.972684,2007.163901,0,,0,7.933575292979933e-13,0
2006978148029_Node0_Node8_Zero,2006.978148,2007.165871,0,,0,7.572525408e-13,0
2006983615584_Node0_Node8_Zero,2006.983616,2007.168001,0,,0,7.572525408e-13,0
2006989076902_Node0_Node8_Zero,2006.989077,2007.172005,0,,0,7.572525408e-13,0
2006994541446_Node0_Node8_Zero,2006.994541,2007.174181,0,,0,7.572525408e-13,0
2007000005565_Node0_Node8_Zero,2007.000006,2007.176291,0,,0,7.572525408e-13,0
2007005466176_Node0_Node8_Zero,2007.005466,2007.178161,0,,0,7.572525408e-13,0
2007010929505_Node0_Node8_Zero,2007.01093,2007.180231,0,,0,7.572525408e-13,0
2007016396074_Node0_Node8_Zero,2007.016396,2007.192292,0,,0,7.572525408e-13,0
2007021860523_Node0_Node8_Zero,2007.021861,2007.198177,0,,0,5.842998000000001e-14,0
2007027321716_Node0_Node8_Zero,2007.027322,2007.200119,0,,0,7.572525408e-13,1.476696169797753e-13
2007032785221_Node0_Node8_Zero,2007.032785,2007.202943,0,,0,7.572525408e-13,0
2007038252053_Node0_Node8_Zero,2007.038252,2007.207953,0,,0,3.286686375000001e-14,5.842998000000001e-14
2007043713060_Node0_Node8_Zero,2007.043713,2007.210578,0,,0,7.572525408e-13,0
2007049178995_Node0_Node8_Zero,2007.049179,2007.2143,0,,0,7.572525408e-13,1.3146745500000003e-13
2007054645561_Node0_Node8_Zero,2007.054646,2007.216436,0,,0,7.572525408e-13,0
2007060111595_Node0_Node8_Zero,2007.060112,2007.218346,0,,0,7.572525408e-13,0
2007065580747_Node0_Node8_Zero,2007.065581,2007.220316,0,,0,7.572525408e-13,0
2007071041181_Node0_Node8_Zero,2007.071041,2007.264076,0,,0,7.572525408e-13,6.450722744169376e-14
2007076501969_Node0_Node8_Zero,2007.076502,2007.266256,0,,0,7.572525408e-13,0
2007081963644_Node0_Node8_Zero,2007.081964,2007.268166,0,,0,7.572525408e-13,0
2007087432793_Node0_Node8_Zero,2007.087433,2007.270136,0,,0,7.572525408e-13,0
2007092893606_Node0_Node8_Zero,2007.092894,2007.283561,0,,0,7.572525408e-13,0
2007098355513_Node0_Node8_Zero,2007.098356,2007.287512,0,,0,5.842998000000001e-14,0
2007103820537_Node0_Node8_Zero,2007.103821,2007.289666,0,,0,7.572525408e-13,0
2007109284809_Node0_Node8_Zero,2007.109285,2007.291676,0,,0,7.572525408e-13,0
2007114751921_Node0_Node8_Zero,2007.114752,2007.301338,0,,0,7.572525408e-13,0
2007120213102_Node0_Node8_Zero,2007.120213,2007.329735,1,RetryLimit,0,1.3146745500000003e-13,nan
2007125677335_Node0_Node8_Zero,2007.125677,2007.35937,0,,0,7.572525408e-13,1.3146745500000003e-13
2007131138076_Node0_Node8_Zero,2007.131138,2007.361408,0,,0,7.572525408e-13,0
2007136607414_Node0_Node8_Zero,2007.136607,2007.363538,0,,0,7.572525408e-13,0
2007142070038_Node0_Node8_Zero,2007.14207,2007.365608,0,,0,7.572525408e-13,0
2007147530586_Node0_Node8_Zero,2007.147531,2007.367678,0,,0,7.572525408e-13,6.39375657137012e-14
2007152990769_Node0_Node8_Zero,2007.152991,2007.369708,0,,0,8.228834816799001e-13,0
2007158453109_Node0_Node8_Zero,2007.158453,2007.371985,0,,0,7.934696357715536e-13,0
2007163915824_Node0_Node8_Zero,2007.163916,2007.373995,0,,0,3.549734114153577e-14,6.310638425161914e-14
2007169375844_Node0_Node8_Zero,2007.169376,2007.376025,0,,0,7.572525408e-13,0
2007174843386_Node0_Node8_Zero,2007.174843,2007.378075,0,,0,7.572525408e-13,2.243499061056624e-14
2007180311663_Node0_Node8_Zero,2007.180312,2007.380185,0,,0,7.572525408e-13,0
2007185777104_Node0_Node8_Zero,2007.185777,2007.382235,0,,0,7.572525408e-13,0
2007191237845_Node0_Node8_Zero,2007.191238,2007.395507,0,,0,7.572525408e-13,0
2007196698121_Node0_Node8_Zero,2007.196698,2007.397635,0,,0,7.572525408e-13,0
2007202160132_Node0_Node8_Zero,2007.20216,2007.399665,0,,0,8.217597682416938e-13,2.1891845126919406e-14
2007207625523_Node0_Node8_Zero,2007.207626,2007.401595,0,,0,3.286686375000001e-14,0
2007213089774_Node0_Node8_Zero,2007.21309,2007.403505,0,,0,7.925474277267082e-13,0
2007218552856_Node0_Node8_Zero,2007.218553,2007.405615,0,,0,7.572525408e-13,0
2007224014700_Node0_Node8_Zero,2007.224015,2007.407765,0,,0,7.572525408e-13,0
2007229479234_Node0_Node8_Zero,2007.229479,2007.409635,0,,0,1.6987327240439226e-14,2.4461751226232482e-14
2007234939957_Node0_Node8_Zero,2007.23494,2007.411765,0,,0,7.572525408e-13,0
2007240406560_Node0_Node8_Zero,2007.240407,2007.430876,0,,0,3.286686375000001e-14,0
2007245873528_Node0_Node8_Zero,2007.245874,2007.433045,0,,0,7.572525408e-13,0
2007251334693_Node0_Node8_Zero,2007.251335,2007.434915,0,,0,7.572525408e-13,0
2007256794250_Node0_Node8_Zero,2007.256794,2007.436865,0,,0,7.572525408e-13,0
2007262262593_Node0_Node8_Zero,2007.262263,2007.438755,0,,0,7.572525408e-13,0
2007267731171_Node0_Node8_Zero,2007.267731,2007.440645,0,,0,7.572525408e-13,0
2007273195006_Node0_Node8_Zero,2007.273195,2007.442575,0,,0,7.572525408e-13,0
2007278655406_Node0_Node8_Zero,2007.278655,2007.444465,0,,0,7.572525408e-13,0
2007284124462_Node0_Node8_Zero,2007.284124,2007.446395,0,,0,7.572525408e-13,0
2007289586407_Node0_Node8_Zero,2007.289586,2007.448365,0,,0,7.572525408e-13,0
2007295053449_Node0_Node8_Zero,2007.295053,2007.450395,0,,0,7.572525408e-13,0
2007300516650_Node0_Node8_Zero,2007.300517,2007.452405,0,,0,7.572525408e-13,0
2007305976632_Node0_Node8_Zero,2007.305977,2007.454395,0,,0,7.572525408e-13,0
2007311443314_Node0_Node8_Zero,2007.311443,2007.456445,0,,0,7.572525408e-13,0
2007316910090_Node0_Node8_Zero,2007.31691,2007.458415,0,,0,7.572525408e-13,0
2007322377149_Node0_Node8_Zero,2007.322377,2007.460345,0,,0,7.572525408e-13,0
2007327837666_Node0_Node8_Zero,2007.327838,2007.462215,0,,0,7.572525408e-13,0
2007333303957_Node0_Node8_Zero,2007.333304,2007.464085,0,,0,7.572525408e-13,0
2007338765997_Node0_Node8_Zero,2007.338766,2007.465975,0,,0,7.572525408e-13,0
2007344234709_Node0_Node8_Zero,2007.344235,2007.467885,0,,0,7.572525408e-13,0
2007349700746_Node0_Node8_Zero,2007.349701,2007.469955,0,,0,7.572525408e-13,0
2007355160526_Node0_Node8_Zero,2007.355161,2007.4878,0,,0,7.572525408e-13,0
2007360620565_Node0_Node8_Zero,2007.360621,2007.501656,0,,0,4.73282838e-14,1.3146745500000003e-13
2007366080814_Node0_Node8_Zero,2007.366081,2007.503545,0,,0,7.572525408e-13,0
2007371546465_Node0_Node8_Zero,2007.371546,2007.507476,0,,0,7.572525408e-13,8.41391712e-14
2007377011825_Node0_Node8_Zero,2007.377012,2007.509445,0,,0,7.923072136290097e-13,0
2007382472289_Node0_Node8_Zero,2007.382472,2007.511495,0,,0,7.572525408e-13,0
2007387932014_Node0_Node8_Zero,2007.387932,2007.513385,0,,0,7.572525408e-13,0
2007393394876_Node0_Node8_Zero,2007.393395,2007.515255,0,,0,7.572525408e-13,0
2007398862707_Node0_Node8_Zero,2007.398863,2007.517425,0,,0,7.572525408e-13,0
2007404324372_Node0_Node8_Zero,2007.404324,2007.545077,0,,0,7.572525408e-13,0
2007409790188_Node0_Node8_Zero,2007.40979,2007.547045,0,,0,7.572525408e-13,0
2007415258343_Node0_Node8_Zero,2007.415258,2007.548995,0,,0,7.572525408e-13,0
2007420720097_Node0_Node8_Zero,2007.42072,2007.557359,0,,0,7.572525408e-13,5.842998000000001e-14
2007426185353_Node0_Node8_Zero,2007.426185,2007.563475,0,,89,7.572525408e-13,0
2007431651117_Node0_Node8_Zero,2007.431651,2007.567259,0,,89,7.572525408e-13,0
2007437115634_Node0_Node8_Zero,2007.437116,2007.591954,0,,89,8.156825208e-13,0
2007442581178_Node0_Node8_Zero,2007.442581,2007.594123,0,,89,7.923072136290097e-13,0
2007448047192_Node0_Node8_Zero,2007.448047,2007.596233,0,,89,7.572525408e-13,0
2007453512698_Node0_Node8_Zero,2007.453513,2007.598183,0,,89,7.572525408e-13,0
2007458978091_Node0_Node8_Zero,2007.458978,2007.60411,0,,89,7.572525408e-13,0
2007464447075_Node0_Node8_Zero,2007.464447,2007.606,0,,89,7.572525408e-13,0
2007469915543_Node0_Node8_Zero,2007.469916,2007.60787,0,,89,7.572525408e-13,0
2007475379269_Node0_Node8_Zero,2007.475379,2007.613632,0,,89,7.572525408e-13,0
2007480840117_Node0_Node8_Zero,2007.48084,2007.699039,0,,89,3.286686375000001e-14,0
2007486307391_Node0_Node8_Zero,2007.486307,2007.701097,0,,89,7.572525408e-13,0
2007491771522_Node0_Node8_Zero,2007.491772,2007.703087,0,,89,7.572525408e-13,0
2007497232250_Node0_Node8_Zero,2007.497232,2007.712663,1,RetryLimit,89,1.3146745500000003e-13,nan
2007502696728_Node0_Node8_Zero,2007.502697,2007.715234,0,,89,7.572525408e-13,0
2007508156976_Node0_Node8_Zero,2007.508157,2007.717217,0,,89,7.572525408e-13,0
2007513617253_Node0_Node8_Zero,2007.513617,2007.719207,0,,89,7.572525408e-13,0
2007519083316_Node0_Node8_Zero,2007.519083,2007.721424,0,,89,7.572525408e-13,0
2007524550549_Node0_Node8_Zero,2007.524551,2007.723427,0,,89,7.572525408e-13,0
2007530018849_Node0_Node8_Zero,2007.530019,2007.768023,1,RetryLimit,89,1.3146745500000003e-13,nan
2007535479960_Node0_Node8_Zero,2007.53548,2007.773648,0,,89,7.572525408e-13,0
2007540945523_Node0_Node8_Zero,2007.540946,2007.775817,0,,89,8.318731891855511e-13,0
2007546411551_Node0_Node8_Zero,2007.546412,2007.777727,0,,89,8.242881234776581e-13,0
2007551875549_Node0_Node8_Zero,2007.551876,2007.779877,0,,89,8.242881234776581e-13,0
2007557340177_Node0_Node8_Zero,2007.55734,2007.781967,0,,89,7.572525408e-13,5.842998000000001e-14
2007562803386_Node0_Node8_Zero,2007.562803,2007.784259,0,,0,6.773617783764912e-14,0
2007568268495_Node0_Node8_Zero,2007.568268,2007.786147,0,,0,7.572525408e-13,0
2007573731351_Node0_Node8_Zero,2007.573731,2007.788057,0,,0,7.572525408e-13,3.286686375000001e-14
2007579199841_Node0_Node8_Zero,2007.5792,2007.790147,0,,0,7.92711750466764e-13,0
2007584663681_Node0_Node8_Zero,2007.584664,2007.792317,0,,0,7.572525408e-13,0
2007590129098_Node0_Node8_Zero,2007.590129,2007.794247,0,,0,7.572525408e-13,0
2007595592351_Node0_Node8_Zero,2007.595592,2007.813086,1,RetryLimit,0,1.3146745500000003e-13,nan
2007601056666_Node0_Node8_Zero,2007.601057,2007.839476,1,RetryLimit,0,1.3146745500000003e-13,nan
2007606517857_Node0_Node8_Zero,2007.606518,2007.89764,1,RetryLimit,0,1.3146745500000003e-13,nan
2007611979890_Node0_Node8_Zero,2007.61198,2007.911524,0,,0,8.156825208e-13,0
2007617448704_Node0_Node8_Zero,2007.617449,2007.913637,0,,0,8.318731891855511e-13,0
2007622915712_Node0_Node8_Zero,2007.622916,2007.915507,0,,0,8.246766145169167e-13,0
2007628381156_Node0_Node8_Zero,2007.628381,2007.917617,0,,0,8.242881234776581e-13,0
2007633843124_Node0_Node8_Zero,2007.633843,2007.919487,0,,0,8.249887186376491e-13,0
2007639312552_Node0_Node8_Zero,2007.639313,2007.923459,0,,0,6.740796036097558e-14,1.5166791081219507e-13
2007644773420_Node0_Node8_Zero,2007.644773,2007.925587,0,,0,8.246605011609756e-13,0
2007650237075_Node0_Node8_Zero,2007.650237,2007.927537,0,,0,6.7424801137718e-14,1.517058025598655e-13
2007655706265_Node0_Node8_Zero,2007.655706,2007.929527,0,,0,8.246766145169167e-13,0
2007661172391_Node0_Node8_Zero,2007.661172,2007.931477,0,,0,6.742407371691669e-14,1.5170416586306255e-13
2007666641644_Node0_Node8_Zero,2007.666642,2007.933367,0,,0,7.572525408e-13,0
2007672102722_Node0_Node8_Zero,2007.672103,2007.935499,0,,0,7.572525408e-13,1.5170580549735e-13
2007677571063_Node0_Node8_Zero,2007.677571,2007.937427,0,,0,7.572525408e-13,6.418664621865481e-14
2007683031200_Node0_Node8_Zero,2007.683031,2007.940124,0,,0,7.92744147610061e-13,0
2007688493309_Node0_Node8_Zero,2007.688493,2007.942107,0,,0,7.572525408e-13,0
2007693962542_Node0_Node8_Zero,2007.693963,2007.944117,0,,0,7.572525408e-13,0
2007699422271_Node0_Node8_Zero,2007.699422,2007.950085,0,,0,7.572525408e-13,0
2007704890069_Node0_Node8_Zero,2007.70489,2007.958634,0,,0,3.286686375000001e-14,5.842998000000001e-14
2007710355867_Node0_Node8_Zero,2007.710356,2007.960685,0,,0,7.572525408e-13,0
2007715819661_Node0_Node8_Zero,2007.71582,2007.964516,0,,0,4.73282838e-14,8.41391712e-14
2007721287691_Node0_Node8_Zero,2007.721288,2007.966486,0,,0,7.572525408e-13,0
2007726753216_Node0_Node8_Zero,2007.726753,2007.96876,0,,0,7.572525408e-13,1.5327718753477314e-13
2007732212762_Node0_Node8_Zero,2007.732213,2007.97075,0,,0,7.572525408e-13,0
2007737682215_Node0_Node8_Zero,2007.737682,2007.97278,0,,0,7.572525408e-13,3.51228333633218e-14
2007743149532_Node0_Node8_Zero,2007.74315,2007.97475,0,,0,7.572525408e-13,0
2007748609549_Node0_Node8_Zero,2007.74861,2007.97868,0,,0,7.572525408e-13,0
2007754077861_Node0_Node8_Zero,2007.754078,2007.98271,0,,0,8.217597682416938e-13,0
2007759544702_Node0_Node8_Zero,2007.759545,2007.985053,0,,0,6.518270819646903e-14,1.4666109344205531e-13
2007765004673_Node0_Node8_Zero,2007.765005,2007.987123,0,,0,8.217597682416938e-13,0
2007770472846_Node0_Node8_Zero,2007.770473,2007.9894,0,,0,7.572525408e-13,0
2007775932579_Node0_Node8_Zero,2007.775933,2007.99133,0,,0,7.572525408e-13,0
2007781398398_Node0_Node8_Zero,2007.781398,2007.9935,0,,0,7.572525408e-13,1.514217477046899e-13
2007786867104_Node0_Node8_Zero,2007.786867,2007.99539,0,,0,7.572525408e-13,1.4786903884801125e-13
2007792328250_Node0_Node8_Zero,2007.792328,2007.99736,0,,0,7.572525408e-13,0
2007797794238_Node0_Node8_Zero,2007.797794,2007.99937,0,,0,7.572525408e-13,0
2007803258410_Node0_Node8_Zero,2007.803258,2008.00124,0,,0,7.572525408e-13,0
2007808722160_Node0_Node8_Zero,2007.808722,2008.00325,0,,0,7.572525408e-13,3.511420363958098e-14
2007814189270_Node0_Node8_Zero,2007.814189,2008.00526,0,,0,7.572525408e-13,3.4694393348155714e-14
2007819648799_Node0_Node8_Zero,2007.819649,2008.012973,0,,0,8.229929989545043e-13,0
2007825117049_Node0_Node8_Zero,2007.825117,2008.01512,0,,0,6.518253663231324e-14,0
2007830579086_Node0_Node8_Zero,2007.830579,2008.019535,0,,0,7.572525408e-13,1.4514126174381096e-13
2007836044804_Node0_Node8_Zero,2007.836045,2008.021604,0,,0,7.572525408e-13,0
2007841505996_Node0_Node8_Zero,2007.841506,2008.023594,0,,0,3.286686375000001e-14,5.842998000000001e-14
2007846973186_Node0_Node8_Zero,2007.846973,2008.025524,0,,0,7.933120913827503e-13,0
2007852440020_Node0_Node8_Zero,2007.85244,2008.028001,0,,0,8.229666837250801e-13,0
2007857905433_Node0_Node8_Zero,2007.857905,2008.030064,0,,0,7.572525408e-13,0
2007863373527_Node0_Node8_Zero,2007.863374,2008.031974,0,,0,3.6059550582750394e-14,6.410586770266736e-14
2007868840683_Node0_Node8_Zero,2007.868841,2008.034124,0,,0,8.228834816799001e-13,0
2007874306316_Node0_Node8_Zero,2007.874306,2008.036274,0,,0,7.572525408e-13,0
2007879772632_Node0_Node8_Zero,2007.879773,2008.038164,0,,0,7.794569525428196e-13,0
2007885233722_Node0_Node8_Zero,2007.885234,2008.040114,0,,0,7.572525408e-13,0
2007890693282_Node0_Node8_Zero,2007.890693,2008.042004,0,,0,8.224270068310316e-13,0
2007896155415_Node0_Node8_Zero,2007.896155,2008.044154,0,,0,7.572525408e-13,0
2007901621465_Node0_Node8_Zero,2007.901621,2008.046064,0,,0,8.224270037265551e-13,0
2007907081357_Node0_Node8_Zero,2007.907081,2008.048214,0,,0,6.732742697694502e-14,1.514867106981263e-13
2007912550076_Node0_Node8_Zero,2007.91255,2008.050184,0,,0,8.22973457170128e-13,0
2007918010143_Node0_Node8_Zero,2007.91801,2008.052254,0,,0,3.5054672829009745e-14,6.2319418362684e-14
2007923476577_Node0_Node8_Zero,2007.923477,2008.054144,0,,0,8.245799676426095e-13,0
2007928938990_Node0_Node8_Zero,2007.928939,2008.056194,0,,0,7.572525408e-13,0
2007934407850_Node0_Node8_Zero,2007.934408,2008.058164,0,,0,7.572525408e-13,0
2007939871561_Node0_Node8_Zero,2007.939872,2008.060214,0,,0,7.572525408e-13,0
2007945333712_Node0_Node8_Zero,2007.945334,2008.062324,0,,0,7.572525408e-13,0
2007950802824_Node0_Node8_Zero,2007.950803,2008.064254,0,,0,2.2461544695484285e-14,3.5096163586694194e-14
2007956265426_Node0_Node8_Zero,2007.956265,2008.066304,0,,0,7.933560237567104e-13,0
2007961730572_Node0_Node8_Zero,2007.961731,2008.068174,0,,0,3.6078779342214224e-14,0
2007967199756_Node0_Node8_Zero,2007.9672,2008.070324,0,,0,7.925502000382926e-13,0
2007972661227_Node0_Node8_Zero,2007.972661,2008.074194,0,,0,2.243499061056624e-14,3.5054672829009745e-14
2007978123686_Node0_Node8_Zero,2007.978124,2008.076164,0,,0,7.572525408e-13,0
2007983593089_Node0_Node8_Zero,2007.983593,2008.078134,0,,0,7.572525408e-13,0
2007989058616_Node0_Node8_Zero,2007.989059,2008.080004,0,,0,8.229730342967425e-13,0
2007994521709_Node0_Node8_Zero,2007.994522,2008.082121,0,,0,7.927515879063463e-13,0
2007999987970_Node0_Node8_Zero,2007.999988,2008.08605,0,,0,7.572525408e-13,0
2008005454752_Node0_Node8_Zero,2008.005455,2008.120156,0,,0,3.5054672829009745e-14,0
2008010922095_Node0_Node8_Zero,2008.010922,2008.12229,0,,0,7.572525408e-13,0
2008016386304_Node0_Node8_Zero,2008.016386,2008.12434,0,,0,7.923072136290097e-13,0
2008021852566_Node0_Node8_Zero,2008.021853,2008.12629,0,,0,7.572525408e-13,0
2008027318335_Node0_Node8_Zero,2008.027318,2008.134269,0,,0,7.572525408e-13,0
2008032785223_Node0_Node8_Zero,2008.032785,2008.13615,0,,0,7.572525408e-13,0
2008038253144_Node0_Node8_Zero,2008.038253,2008.138448,0,,0,7.572525408e-13,0
2008043719982_Node0_Node8_Zero,2008.04372,2008.14047,0,,0,3.778943417777194e-14,0
2008049183609_Node0_Node8_Zero,2008.049184,2008.14254,0,,0,7.572525408e-13,0
2008054644769_Node0_Node8_Zero,2008.054645,2008.14451,0,,0,7.572525408e-13,0
2008060112868_Node0_Node8_Zero,2008.060113,2008.14642,0,,0,7.572525408e-13,0
2008065581362_Node0_Node8_Zero,2008.065581,2008.17368,0,,0,7.572525408e-13,1.3146745500000003e-13
2008071047880_Node0_Node8_Zero,2008.071048,2008.1756,0,,0,7.9011940455e-13,0
2008076508355_Node0_Node8_Zero,2008.076508,2008.17747,0,,0,7.923072136290097e-13,0
2008081975850_Node0_Node8_Zero,2008.081976,2008.17944,0,,0,7.923072136290097e-13,0
2008087441874_Node0_Node8_Zero,2008.087442,2008.18131,0,,0,2.2462062575399162e-14,3.5096972774061186e-14
2008092904175_Node0_Node8_Zero,2008.092904,2008.18338,0,,0,7.572525408e-13,0
2008098366405_Node0_Node8_Zero,2008.098366,2008.18525,0,,0,7.572525408e-13,0
2008103833845_Node0_Node8_Zero,2008.103834,2008.18736,0,,0,7.572525408e-13,0
2008109302894_Node0_Node8_Zero,2008.109303,2008.18925,0,,0,7.572525408e-13,0
2008114771071_Node0_Node8_Zero,2008.114771,2008.1912,0,,0,7.572525408e-13,0
2008120234151_Node0_Node8_Zero,2008.120234,2008.19311,0,,0,7.572525408e-13,0
2008125694243_Node0_Node8_Zero,2008.125694,2008.19514,0,,0,7.572525408e-13,0
2008131158698_Node0_Node8_Zero,2008.131159,2008.19725,0,,0,7.572525408e-13,0
2008136627216_Node0_Node8_Zero,2008.136627,2008.19932,0,,0,7.572525408e-13,0
2008142087758_Node0_Node8_Zero,2008.142088,2008.20127,0,,0,7.572525408e-13,0
2008147555836_Node0_Node8_Zero,2008.147556,2008.2033,0,,0,7.572525408e-13,0
2008153016051_Node0_Node8_Zero,2008.153016,2008.20533,0,,0,7.572525408e-13,0
2008158484296_Node0_Node8_Zero,2008.158484,2008.20722,0,,0,7.572525408e-13,0
2008163945600_Node0_Node8_Zero,2008.163946,2008.20917,0,,0,7.572525408e-13,0
2008169412856_Node0_Node8_Zero,2008.169413,2008.21124,0,,0,7.572525408e-13,0
2008174876584_Node0_Node8_Zero,2008.174877,2008.21341,0,,0,7.572525408e-13,0
2008180345152_Node0_Node8_Zero,2008.180345,2008.2154,0,,0,7.572525408e-13,0
2008185811939_Node0_Node8_Zero,2008.185812,2008.21739,0,,0,7.572525408e-13,0
2008191276627_Node0_Node8_Zero,2008.191277,2008.21932,0,,0,7.572525408e-13,0
2008196746005_Node0_Node8_Zero,2008.196746,2008.22125,0,,0,7.572525408e-13,0
2008202209468_Node0_Node8_Zero,2008.202209,2008.22314,0,,0,7.572525408e-13,0
2008207677501_Node0_Node8_Zero,2008.207678,2008.276101,1,RetryLimit,0,1.3146745500000003e-13,nan
2008213142650_Node0_Node8_Zero,2008.213143,2008.279175,0,,0,4.73282838e-14,1.3146745500000003e-13
2008218611956_Node0_Node8_Zero,2008.218612,2008.28127,0,,0,7.572525408e-13,0
2008224075986_Node0_Node8_Zero,2008.224076,2008.28334,0,,0,7.79259693190671e-13,0
2008229542584_Node0_Node8_Zero,2008.229543,2008.28525,0,,0,7.572525408e-13,0
2008235004283_Node0_Node8_Zero,2008.235004,2008.289015,0,,0,7.572525408e-13,1.3146745500000003e-13
2008240468633_Node0_Node8_Zero,2008.240469,2008.29111,0,,0,7.572525408e-13,0
2008245935642_Node0_Node8_Zero,2008.245936,2008.322163,0,,0,7.9011940455e-13,0
2008251400999_Node0_Node8_Zero,2008.251401,2008.32421,0,,0,7.932174215139569e-13,0
2008256869220_Node0_Node8_Zero,2008.256869,2008.32632,0,,0,7.572525408e-13,0
2008262335684_Node0_Node8_Zero,2008.262336,2008.32819,0,,0,7.572525408e-13,0
2008267803428_Node0_Node8_Zero,2008.267803,2008.33014,0,,0,7.572525408e-13,0
2008273269609_Node0_Node8_Zero,2008.27327,2008.33231,0,,0,7.572525408e-13,0
2008278737863_Node0_Node8_Zero,2008.278738,2008.33422,0,,0,7.572525408e-13,0
2008284205444_Node0_Node8_Zero,2008.284205,2008.33611,0,,0,7.572525408e-13,0
2008289668087_Node0_Node8_Zero,2008.289668,2008.33804,0,,0,7.572525408e-13,0
2008295130729_Node0_Node8_Zero,2008.295131,2008.347219,0,,0,7.572525408e-13,0
2008300593489_Node0_Node8_Zero,2008.300593,2008.35154,0,,0,7.572525408e-13,0
2008306055934_Node0_Node8_Zero,2008.306056,2008.35345,0,,0,7.572525408e-13,0
2008311521642_Node0_Node8_Zero,2008.311522,2008.363582,0,,0,7.572525408e-13,0
2008316986292_Node0_Node8_Zero,2008.316986,2008.36575,0,,0,2.2186946540784026e-14,3.466710396997504e-14
2008322455214_Node0_Node8_Zero,2008.322455,2008.371974,0,,0,5.842998000000001e-14,0
2008327915832_Node0_Node8_Zero,2008.327916,2008.37401,0,,0,3.5054672829009745e-14,0
2008333380375_Node0_Node8_Zero,2008.33338,2008.376703,0,,0,7.572525408e-13,0
2008338849818_Node0_Node8_Zero,2008.33885,2008.37877,0,,0,7.572525408e-13,0
2008344310114_Node0_Node8_Zero,2008.34431,2008.3808,0,,0,7.572525408e-13,0
2008349774382_Node0_Node8_Zero,2008.349774,2008.38269,0,,0,7.572525408e-13,0
2008355243429_Node0_Node8_Zero,2008.355243,2008.390996,0,,0,7.572525408e-13,0
2008360708805_Node0_Node8_Zero,2008.360709,2008.39317,0,,0,7.572525408e-13,0
2008366173007_Node0_Node8_Zero,2008.366173,2008.39532,0,,0,7.572525408e-13,0
2008371638831_Node0_Node8_Zero,2008.371639,2008.39721,0,,0,7.572525408e-13,0
2008377100935_Node0_Node8_Zero,2008.377101,2008.39932,0,,0,7.572525408e-13,0
2008382568565_Node0_Node8_Zero,2008.382569,2008.406639,0,,0,7.572525408e-13,0
2008388036557_Node0_Node8_Zero,2008.388037,2008.440908,0,,0,7.572525408e-13,0
2008393497260_Node0_Node8_Zero,2008.393497,2008.44291,0,,0,5.842998000000001e-14,1.3146745500000003e-13
2008398960085_Node0_Node8_Zero,2008.39896,2008.44492,0,,0,7.572525408e-13,0
2008404420905_Node0_Node8_Zero,2008.404421,2008.44683,0,,0,7.572525408e-13,0
2008409881382_Node0_Node8_Zero,2008.409881,2008.44898,0,,0,7.572525408e-13,0
2008415347040_Node0_Node8_Zero,2008.415347,2008.454832,0,,0,6.450722744169376e-14,0
2008420814917_Node0_Node8_Zero,2008.420815,2008.458922,0,,0,7.572525408e-13,0
2008426274665_Node0_Node8_Zero,2008.426275,2008.46095,0,,0,3.5964880713956925e-14,6.39375657137012e-14
2008431743754_Node0_Node8_Zero,2008.431744,2008.463,0,,0,7.572525408e-13,0
2008437206649_Node0_Node8_Zero,2008.437207,2008.466905,0,,0,8.156825208e-13,0
2008442670995_Node0_Node8_Zero,2008.442671,2008.474709,0,,0,7.572525408e-13,0
2008448138112_Node0_Node8_Zero,2008.448138,2008.47659,0,,0,6.450722744169376e-14,0
2008453604388_Node0_Node8_Zero,2008.453604,2008.47846,0,,0,7.9011940455e-13,0
2008459065025_Node0_Node8_Zero,2008.459065,2008.48061,0,,0,7.572525408e-13,0
2008464524826_Node0_Node8_Zero,2008.464525,2008.48254,0,,0,7.572525408e-13,0
2008469987038_Node0_Node8_Zero,2008.469987,2008.48453,0,,0,7.572525408e-13,0
2008475449765_Node0_Node8_Zero,2008.47545,2008.488399,0,,0,7.572525408e-13,0
2008480918879_Node0_Node8_Zero,2008.480919,2008.492287,0,,0,7.572525408e-13,0
2008486385676_Node0_Node8_Zero,2008.486386,2008.494157,0,,0,7.572525408e-13,0
2008491854165_Node0_Node8_Zero,2008.491854,2008.531466,0,,0,7.572525408e-13,1.3146745500000003e-13
2008497313843_Node0_Node8_Zero,2008.497314,2008.540227,0,,0,7.572525408e-13,0
2008502776383_Node0_Node8_Zero,2008.502776,2008.542222,0,,0,7.572525408e-13,0
2008508240812_Node0_Node8_Zero,2008.508241,2008.544112,0,,0,7.572525408e-13,0
2008513709699_Node0_Node8_Zero,2008.51371,2008.54897,0,,0,7.572525408e-13,0
2008519171121_Node0_Node8_Zero,2008.519171,2008.615421,0,,0,7.572525408e-13,0
2008524632990_Node0_Node8_Zero,2008.524633,2008.619298,0,,0,7.572525408e-13,0
2008530096794_Node0_Node8_Zero,2008.530097,2008.639582,1,RetryLimit,0,1.3146745500000003e-13,nan
2008535565448_Node0_Node8_Zero,2008.535565,2008.710762,1,RetryLimit,0,1.3146745500000003e-13,nan
2008541033636_Node0_Node8_Zero,2008.541034,2008.751624,0,,0,8.156825208e-13,0
2008546495817_Node0_Node8_Zero,2008.546496,2008.753845,0,,0,7.572525408e-13,0
2008551958146_Node0_Node8_Zero,2008.551958,2008.755715,0,,0,7.572525408e-13,0
2008557424770_Node0_Node8_Zero,2008.557425,2008.759703,0,,0,7.572525408e-13,0
2008562884604_Node0_Node8_Zero,2008.562885,2008.779844,0,,0,7.9011940455e-13,0
2008568348606_Node0_Node8_Zero,2008.568349,2008.781925,0,,0,7.803036184472153e-13,0
2008573817167_Node0_Node8_Zero,2008.573817,2008.783815,0,,0,7.572525408e-13,0
2008579283060_Node0_Node8_Zero,2008.579283,2008.785905,0,,0,7.572525408e-13,0
2008584745654_Node0_Node8_Zero,2008.584746,2008.795383,0,,0,7.572525408e-13,0
2008590212236_Node0_Node8_Zero,2008.590212,2008.797565,0,,0,7.572525408e-13,0
2008595676679_Node0_Node8_Zero,2008.595677,2008.799595,0,,0,7.572525408e-13,0
2008601146131_Node0_Node8_Zero,2008.601146,2008.849877,1,RetryLimit,91,1.3146745500000003e-13,nan
2008606608334_Node0_Node8_Zero,2008.606608,2008.853369,0,,91,7.572525408e-13,0
2008612068677_Node0_Node8_Zero,2008.612069,2008.855485,0,,91,7.935378562359527e-13,0
2008617532638_Node0_Node8_Zero,2008.617533,2008.862102,0,,91,7.572525408e-13,0
2008623001739_Node0_Node8_Zero,2008.623002,2008.864285,0,,91,7.572525408e-13,0
2008628461351_Node0_Node8_Zero,2008.628461,2008.868174,0,,91,7.572525408e-13,0
2008633921382_Node0_Node8_Zero,2008.633921,2008.872182,0,,91,7.572525408e-13,0
2008639384068_Node0_Node8_Zero,2008.639384,2008.876131,0,,91,7.572525408e-13,0
2008644848736_Node0_Node8_Zero,2008.644849,2008.878041,0,,91,7.572525408e-13,0
2008650311444_Node0_Node8_Zero,2008.650311,2008.881849,0,,91,7.572525408e-13,0
2008655779004_Node0_Node8_Zero,2008.655779,2008.908734,0,,91,5.842998000000001e-14,1.3146745500000003e-13
2008661244957_Node0_Node8_Zero,2008.661245,2008.910768,0,,91,7.572525408e-13,0
2008666710886_Node0_Node8_Zero,2008.666711,2008.912878,0,,91,7.572525408e-13,3.5054672829009745e-14
2008672177603_Node0_Node8_Zero,2008.672178,2008.915028,0,,91,7.572525408e-13,0
2008677645318_Node0_Node8_Zero,2008.677645,2008.916918,0,,91,7.572525408e-13,0
2008683111406_Node0_Node8_Zero,2008.683111,2008.918788,0,,91,7.572525408e-13,0
2008688572957_Node0_Node8_Zero,2008.688573,2008.923341,0,,91,7.572525408e-13,0
2008694040322_Node0_Node8_Zero,2008.69404,2008.92575,0,,91,7.572525408e-13,0
2008699503383_Node0_Node8_Zero,2008.699503,2008.929572,0,,91,8.156825208e-13,0
2008704963117_Node0_Node8_Zero,2008.704963,2008.936996,0,,91,7.572525408e-13,0
2008710424688_Node0_Node8_Zero,2008.710425,2008.938998,0,,91,7.572525408e-13,0
2008715887759_Node0_Node8_Zero,2008.715888,2008.965664,0,,91,8.156825208e-13,0
2008721356958_Node0_Node8_Zero,2008.721357,2008.967838,0,,91,7.572525408e-13,6.413992092886758e-14
2008726821780_Node0_Node8_Zero,2008.726822,2008.970008,0,,91,7.572525408e-13,1.5083006102473078e-13
2008732284023_Node0_Node8_Zero,2008.732284,2008.972138,0,,91,3.5964880713956925e-14,0
2008737745370_Node0_Node8_Zero,2008.737745,2008.974288,0,,91,8.242881234776581e-13,0
2008743207960_Node0_Node8_Zero,2008.743208,2008.976198,0,,91,6.740796036097558e-14,0
2008748669078_Node0_Node8_Zero,2008.748669,2008.978268,0,,91,7.572525408e-13,0
2008754134228_Node0_Node8_Zero,2008.754134,2008.980298,0,,91,7.572525408e-13,1.4790793869709849e-13
2008759602884_Node0_Node8_Zero,2008.759603,2008.982228,0,,91,7.933514774799512e-13,0
2008765062710_Node0_Node8_Zero,2008.765063,2008.984318,0,,91,7.572525408e-13,3.628531543595274e-14
2008770531357_Node0_Node8_Zero,2008.770531,2008.986228,0,,91,7.572525408e-13,6.309618443579118e-14
2008775991358_Node0_Node8_Zero,2008.775991,2008.988445,0,,91,7.572525408e-13,3.50973094253389e-14
2008781460003_Node0_Node8_Zero,2008.78146,2008.990508,0,,91,7.572525408e-13,2.1034792800000005e-14
2008786924126_Node0_Node8_Zero,2008.786924,2008.992678,0,,91,7.572525408e-13,0
2008792384374_Node0_Node8_Zero,2008.792384,2008.994608,0,,91,7.572525408e-13,0
2008797853638_Node0_Node8_Zero,2008.797854,2008.996778,0,,91,7.572525408e-13,0
2008803319348_Node0_Node8_Zero,2008.803319,2008.998748,0,,91,7.572525408e-13,0
2008808782460_Node0_Node8_Zero,2008.808782,2009.000678,0,,91,7.572525408e-13,0
2008814242030_Node0_Node8_Zero,2008.814242,2009.002828,0,,91,7.572525408e-13,0
2008819703186_Node0_Node8_Zero,2008.819703,2009.004738,0,,91,7.572525408e-13,0
2008825163951_Node0_Node8_Zero,2008.825164,2009.006808,0,,91,7.572525408e-13,0
2008830631266_Node0_Node8_Zero,2008.830631,2009.008818,0,,0,7.572525408e-13,0
2008836100492_Node0_Node8_Zero,2008.8361,2009.010688,0,,0,7.572525408e-13,0
2008841569426_Node0_Node8_Zero,2008.841569,2009.012558,0,,0,7.572525408e-13,0
2008847037395_Node0_Node8_Zero,2008.847037,2009.016409,0,,0,7.572525408e-13,0
2008852499782_Node0_Node8_Zero,2008.8525,2009.018298,0,,0,7.572525408e-13,0
2008857963615_Node0_Node8_Zero,2008.857964,2009.03273,0,,0,7.572525408e-13,5.842998000000001e-14
2008863428380_Node0_Node8_Zero,2008.863428,2009.034858,0,,0,7.572525408e-13,0
2008868895100_Node0_Node8_Zero,2008.868895,2009.037008,0,,0,7.572525408e-13,0
2008874360009_Node0_Node8_Zero,2008.87436,2009.039158,0,,0,7.572525408e-13,0
2008879821008_Node0_Node8_Zero,2008.879821,2009.065466,0,,0,7.9011940455e-13,0
2008885287849_Node0_Node8_Zero,2008.885288,2009.067518,0,,0,5.842998000000001e-14,0
2008890751851_Node0_Node8_Zero,2008.890752,2009.069388,0,,0,7.572525408e-13,0
2008896218754_Node0_Node8_Zero,2008.896219,2009.071538,0,,0,2.211880547441996e-14,3.456063355378119e-14
2008901678370_Node0_Node8_Zero,2008.901678,2009.073668,0,,0,7.572525408e-13,0
2008907146575_Node0_Node8_Zero,2008.907147,2009.075698,0,,0,7.572525408e-13,0
2008912609142_Node0_Node8_Zero,2008.912609,2009.077688,0,,0,7.572525408e-13,0
2008918069108_Node0_Node8_Zero,2008.918069,2009.079598,0,,0,7.572525408e-13,0
2008923538276_Node0_Node8_Zero,2008.923538,2009.081768,0,,0,7.572525408e-13,0
2008929000062_Node0_Node8_Zero,2008.929,2009.083758,0,,0,7.572525408e-13,0
2008934464520_Node0_Node8_Zero,2008.934465,2009.085788,0,,0,7.572525408e-13,0
2008939930567_Node0_Node8_Zero,2008.939931,2009.087938,0,,0,7.572525408e-13,0
2008945393152_Node0_Node8_Zero,2008.945393,2009.089808,0,,0,7.572525408e-13,0
2008950860292_Node0_Node8_Zero,2008.95086,2009.091978,0,,0,7.572525408e-13,0
2008956327825_Node0_Node8_Zero,2008.956328,2009.094048,0,,0,7.572525408e-13,0
2008961793374_Node0_Node8_Zero,2008.961793,2009.096018,0,,0,7.572525408e-13,0
2008967258378_Node0_Node8_Zero,2008.967258,2009.097948,0,,0,7.572525408e-13,0
2008972721344_Node0_Node8_Zero,2008.972721,2009.099918,0,,0,7.572525408e-13,0
2008978187622_Node0_Node8_Zero,2008.978188,2009.101928,0,,0,7.572525408e-13,0
2008983654268_Node0_Node8_Zero,2008.983654,2009.103978,0,,0,7.572525408e-13,0
2008989118052_Node0_Node8_Zero,2008.989118,2009.106088,0,,0,7.572525408e-13,0
2008994580617_Node0_Node8_Zero,2008.994581,2009.108158,0,,0,7.572525408e-13,0
2009000044343_Node0_Node8_Zero,2009.000044,2009.110068,0,,0,7.572525408e-13,0
2009005513730_Node0_Node8_Zero,2009.005514,2009.112138,0,,0,7.572525408e-13,0
2009010975259_Node0_Node8_Zero,2009.010975,2009.114268,0,,0,7.572525408e-13,0
2009016436908_Node0_Node8_Zero,2009.016437,2009.116298,0,,0,7.572525408e-13,0
2009021899703_Node0_Node8_Zero,2009.0219,2009.118388,0,,0,7.572525408e-13,0
2009027364722_Node0_Node8_Zero,2009.027365,2009.120338,0,,0,7.572525408e-13,0
2009032826689_Node0_Node8_Zero,2009.032827,2009.122448,0,,0,7.572525408e-13,0
2009038295185_Node0_Node8_Zero,2009.038295,2009.124458,0,,0,7.572525408e-13,0
2009043762582_Node0_Node8_Zero,2009.043763,2009.126328,0,,0,7.572525408e-13,0
2009049231045_Node0_Node8_Zero,2009.049231,2009.128438,0,,0,7.572525408e-13,0
2009054697386_Node0_Node8_Zero,2009.054697,2009.130328,0,,0,7.572525408e-13,0
2009060162325_Node0_Node8_Zero,2009.060162,2009.132498,0,,0,7.572525408e-13,0
2009065622248_Node0_Node8_Zero,2009.065622,2009.134388,0,,0,7.572525408e-13,0
2009071087247_Node0_Node8_Zero,2009.071087,2009.136258,0,,0,7.572525408e-13,0
2009076553093_Node0_Node8_Zero,2009.076553,2009.150423,0,,0,7.572525408e-13,0
2009082013637_Node0_Node8_Zero,2009.082014,2009.155102,0,,2,7.572525408e-13,0
2009087482028_Node0_Node8_Zero,2009.087482,2009.157088,0,,2,7.572525408e-13,0
2009092941633_Node0_Node8_Zero,2009.092942,2009.170311,0,,92,8.156825208e-13,0
2009098408619_Node0_Node8_Zero,2009.098409,2009.172388,0,,92,7.572525408e-13,0
2009103874523_Node0_Node8_Zero,2009.103875,2009.178106,0,,92,7.572525408e-13,0
2009109337946_Node0_Node8_Zero,2009.109338,2009.189531,0,,92,7.572525408e-13,0
2009114799816_Node0_Node8_Zero,2009.1148,2009.208466,0,,92,7.572525408e-13,0
2009120266488_Node0_Node8_Zero,2009.120266,2009.210348,0,,92,7.572525408e-13,0
2009125733722_Node0_Node8_Zero,2009.125734,2009.212318,0,,92,7.572525408e-13,0
2009131193977_Node0_Node8_Zero,2009.131194,2009.217535,0,,92,7.572525408e-13,6.39375657137012e-14
2009136662853_Node0_Node8_Zero,2009.136663,2009.219558,0,,92,7.572525408e-13,3.4689261955334597e-14
2009142129736_Node0_Node8_Zero,2009.14213,2009.226799,0,,92,5.842998000000001e-14,0
2009147591728_Node0_Node8_Zero,2009.147592,2009.228948,0,,92,7.572525408e-13,6.310638425161914e-14
2009153055601_Node0_Node8_Zero,2009.153056,2009.231078,0,,92,7.572525408e-13,0
2009158519685_Node0_Node8_Zero,2009.15852,2009.235869,0,,90,7.932174215139569e-13,0
2009163984847_Node0_Node8_Zero,2009.163985,2009.238125,0,,0,7.572525408e-13,0
2009169452273_Node0_Node8_Zero,2009.169452,2009.240268,0,,0,7.572525408e-13,0
2009174917544_Node0_Node8_Zero,2009.174918,2009.268593,0,,6,3.5297119907579246e-14,6.275043539125199e-14
2009180377459_Node0_Node8_Zero,2009.180377,2009.270488,0,,6,8.156825208e-13,0
2009185843372_Node0_Node8_Zero,2009.185843,2009.272695,0,,8,6.703558267765812e-14,0
2009191310214_Node0_Node8_Zero,2009.19131,2009.274585,0,,8,7.572525408e-13,0
2009196776265_Node0_Node8_Zero,2009.196776,2009.276735,0,,8,7.572525408e-13,0
2009202245311_Node0_Node8_Zero,2009.202245,2009.278605,0,,8,8.229665717953224e-13,0
2009207710632_Node0_Node8_Zero,2009.207711,2009.280772,0,,10,3.609893667995121e-14,0
2009213174048_Node0_Node8_Zero,2009.213174,2009.282702,0,,10,7.927498819415358e-13,0
2009218640416_Node0_Node8_Zero,2009.21864,2009.284732,0,,10,7.572525408e-13,0
2009224102472_Node0_Node8_Zero,2009.224102,2009.286742,0,,10,7.572525408e-13,0
2009229571032_Node0_Node8_Zero,2009.229571,2009.29474,0,,10,7.572525408e-13,0
2009235035981_Node0_Node8_Zero,2009.235036,2009.297109,0,,10,7.572525408e-13,0
2009240504847_Node0_Node8_Zero,2009.240505,2009.299092,0,,10,7.572525408e-13,0
2009245970548_Node0_Node8_Zero,2009.245971,2009.305247,0,,10,7.572525408e-13,0
2009251430276_Node0_Node8_Zero,2009.25143,2009.307819,0,,10,7.572525408e-13,0
2009256893914_Node0_Node8_Zero,2009.256894,2009.313103,0,,10,7.572525408e-13,0
2009262358194_Node0_Node8_Zero,2009.262358,2009.31916,0,,4,7.572525408e-13,0
2009267822342_Node0_Node8_Zero,2009.267822,2009.321122,0,,4,7.9011940455e-13,0
2009273283107_Node0_Node8_Zero,2009.273283,2009.323819,0,,2,7.572525408e-13,0
2009278751746_Node0_Node8_Zero,2009.278752,2009.328201,0,,2,7.572525408e-13,0
2009284215017_Node0_Node8_Zero,2009.284215,2009.330312,0,,0,7.572525408e-13,0
2009289676801_Node0_Node8_Zero,2009.289677,2009.334116,0,,0,7.572525408e-13,0
2009295140190_Node0_Node8_Zero,2009.29514,2009.350741,1,RetryLimit,0,1.3146745500000003e-13,nan
2009300603466_Node0_Node8_Zero,2009.300603,2009.35793,0,,0,7.572525408e-13,1.3146745500000003e-13
2009306064197_Node0_Node8_Zero,2009.306064,2009.359812,0,,0,7.572525408e-13,0
2009311532204_Node0_Node8_Zero,2009.311532,2009.36729,0,,0,8.156825208e-13,0
2009316995098_Node0_Node8_Zero,2009.316995,2009.369332,0,,0,6.703558267765812e-14,1.5083006102473078e-13
2009322456757_Node0_Node8_Zero,2009.322457,2009.371422,0,,0,8.249887186376491e-13,0
2009327920728_Node0_Node8_Zero,2009.327921,2009.373492,0,,0,3.5964880713956925e-14,6.39375657137012e-14
2009333382677_Node0_Node8_Zero,2009.333383,2009.375442,0,,0,7.933514774799512e-13,0
2009338843729_Node0_Node8_Zero,2009.338844,2009.377572,0,,0,7.572525408e-13,0
2009344311181_Node0_Node8_Zero,2009.344311,2009.38383,0,,0,8.156825208e-13,0
2009349771827_Node0_Node8_Zero,2009.349772,2009.385792,0,,0,7.933623911793702e-13,0
2009355234675_Node0_Node8_Zero,2009.355235,2009.388265,0,,0,7.794564346629048e-13,0
2009360701243_Node0_Node8_Zero,2009.360701,2009.392206,0,,0,8.217597682416938e-13,0
2009366167066_Node0_Node8_Zero,2009.366167,2009.396903,0,,0,8.229943589355783e-13,0
2009371634839_Node0_Node8_Zero,2009.371635,2009.399052,0,,0,3.286686375000001e-14,5.842998000000001e-14
2009377103998_Node0_Node8_Zero,2009.377104,2009.401182,0,,0,7.572525408e-13,0
2009382569033_Node0_Node8_Zero,2009.382569,2009.403112,0,,0,7.572525408e-13,0
2009388029774_Node0_Node8_Zero,2009.38803,2009.405142,0,,0,7.572525408e-13,0
2009393493940_Node0_Node8_Zero,2009.393494,2009.407072,0,,0,7.572525408e-13,0
2009398959690_Node0_Node8_Zero,2009.39896,2009.409082,0,,0,7.572525408e-13,0
2009404428417_Node0_Node8_Zero,2009.404428,2009.411152,0,,0,7.572525408e-13,0
2009409889252_Node0_Node8_Zero,2009.409889,2009.417423,0,,0,7.572525408e-13,0
2009415356174_Node0_Node8_Zero,2009.415356,2009.419293,0,,0,7.572525408e-13,0
2009420817627_Node0_Node8_Zero,2009.420818,2009.423312,0,,0,7.572525408e-13,0
2009426286071_Node0_Node8_Zero,2009.426286,2009.434641,0,,0,8.156825208e-13,0
2009431747919_Node0_Node8_Zero,2009.431748,2009.456639,0,,2,5.842998000000001e-14,1.3146745500000003e-13
2009437213390_Node0_Node8_Zero,2009.437213,2009.45853,0,,2,3.286686375000001e-14,0
2009442680732_Node0_Node8_Zero,2009.442681,2009.46056,0,,2,7.932174215139569e-13,0
2009448143794_Node0_Node8_Zero,2009.448144,2009.46273,0,,0,3.5964880713956925e-14,0
2009453613132_Node0_Node8_Zero,2009.453613,2009.46482,0,,0,7.572525408e-13,0
2009459074658_Node0_Node8_Zero,2009.459075,2009.46675,0,,0,7.572525408e-13,0
2009464537745_Node0_Node8_Zero,2009.464538,2009.4687,0,,0,7.572525408e-13,0
2009470007038_Node0_Node8_Zero,2009.470007,2009.477642,0,,0,7.572525408e-13,0
2009475467575_Node0_Node8_Zero,2009.475468,2009.483043,0,,0,7.572525408e-13,0
2009480936491_Node0_Node8_Zero,2009.480936,2009.485013,0,,0,7.572525408e-13,0
2009486398355_Node0_Node8_Zero,2009.486398,2009.488265,0,,0,7.572525408e-13,0
2009491867801_Node0_Node8_Zero,2009.491868,2009.497576,0,,0,3.286686375000001e-14,5.842998000000001e-14
2009497327350_Node0_Node8_Zero,2009.497327,2009.506191,0,,0,5.842998000000001e-14,1.3146745500000003e-13
2009502789994_Node0_Node8_Zero,2009.50279,2009.508147,0,,0,7.572525408e-13,0
2009508249682_Node0_Node8_Zero,2009.50825,2009.510377,0,,0,7.572525408e-13,0
2009513714835_Node0_Node8_Zero,2009.513715,2009.518922,0,,0,7.572525408e-13,0
2009519182287_Node0_Node8_Zero,2009.519182,2009.521049,0,,0,7.572525408e-13,0
2009524650506_Node0_Node8_Zero,2009.524651,2009.526697,0,,0,3.548613798499864e-14,0
2009530111506_Node0_Node8_Zero,2009.530112,2009.532725,0,,0,8.156825208e-13,0
2009535572481_Node0_Node8_Zero,2009.535572,2009.556157,0,,0,5.842998000000001e-14,1.3146745500000003e-13
2009541037932_Node0_Node8_Zero,2009.541038,2009.558399,0,,0,7.572525408e-13,5.842998000000001e-14
2009546497676_Node0_Node8_Zero,2009.546498,2009.560549,0,,0,7.572525408e-13,6.39375657137012e-14
2009551959699_Node0_Node8_Zero,2009.55196,2009.562762,0,,0,7.572525408e-13,0
2009557421669_Node0_Node8_Zero,2009.557422,2009.564689,0,,0,7.572525408e-13,0
2009562882386_Node0_Node8_Zero,2009.562882,2009.588121,0,,0,7.572525408e-13,0
2009568342947_Node0_Node8_Zero,2009.568343,2009.592301,0,,0,7.572525408e-13,0
2009573804172_Node0_Node8_Zero,2009.573804,2009.59417,0,,0,7.572525408e-13,0
2009579270746_Node0_Node8_Zero,2009.579271,2009.59618,0,,0,7.572525408e-13,0
2009584733451_Node0_Node8_Zero,2009.584733,2009.600158,0,,0,7.572525408e-13,0
2009590196076_Node0_Node8_Zero,2009.590196,2009.610354,0,,0,7.572525408e-13,0
2009595655816_Node0_Node8_Zero,2009.595656,2009.612497,0,,0,7.572525408e-13,3.508856191954982e-14
2009601118241_Node0_Node8_Zero,2009.601118,2009.666989,0,,0,7.572525408e-13,0
2009606583978_Node0_Node8_Zero,2009.606584,2009.66891,0,,0,7.572525408e-13,0
2009612046587_Node0_Node8_Zero,2009.612047,2009.672858,0,,0,7.572525408e-13,0
2009617507562_Node0_Node8_Zero,2009.617508,2009.678805,0,,0,7.572525408e-13,0
2009622969220_Node0_Node8_Zero,2009.622969,2009.682773,0,,0,7.572525408e-13,0
2009628433360_Node0_Node8_Zero,2009.628433,2009.686742,0,,0,7.572525408e-13,0
2009633894757_Node0_Node8_Zero,2009.633895,2009.694566,0,,0,7.572525408e-13,0
2009639355153_Node0_Node8_Zero,2009.639355,2009.696516,0,,0,7.572525408e-13,0
2009644822160_Node0_Node8_Zero,2009.644822,2009.700344,0,,0,7.572525408e-13,0
2009650285142_Node0_Node8_Zero,2009.650285,2009.702354,0,,0,7.572525408e-13,0
2009655752578_Node0_Node8_Zero,2009.655753,2009.708073,0,,0,7.572525408e-13,0
2009661216744_Node0_Node8_Zero,2009.661217,2009.709943,0,,0,7.572525408e-13,0
2009666684389_Node0_Node8_Zero,2009.666684,2009.715869,0,,0,7.572525408e-13,0
2009672149779_Node0_Node8_Zero,2009.67215,2009.721796,0,,0,7.572525408e-13,0
2009677616980_Node0_Node8_Zero,2009.677617,2009.723686,0,,0,7.572525408e-13,0
2009683081775_Node0_Node8_Zero,2009.683082,2009.766771,0,,0,7.572525408e-13,0
2009688542484_Node0_Node8_Zero,2009.688542,2009.776468,0,,0,7.572525408e-13,0
2009694005871_Node0_Node8_Zero,2009.694006,2009.778438,0,,0,7.572525408e-13,0
2009699470430_Node0_Node8_Zero,2009.69947,2009.780328,0,,0,7.572525408e-13,0
2009704934719_Node0_Node8_Zero,2009.704935,2009.784157,0,,0,7.572525408e-13,0
2009710398664_Node0_Node8_Zero,2009.710399,2009.791886,0,,0,7.572525408e-13,0
2009715867973_Node0_Node8_Zero,2009.715868,2009.801517,0,,0,7.572525408e-13,0
2009721334677_Node0_Node8_Zero,2009.721335,2009.827998,1,RetryLimit,0,1.3146745500000003e-13,nan
2009726795719_Node0_Node8_Zero,2009.726796,2009.832951,0,,0,7.572525408e-13,1.3146745500000003e-13
2009732256300_Node0_Node8_Zero,2009.732256,2009.834933,0,,0,7.462064838555121e-14,0
2009737721832_Node0_Node8_Zero,2009.737722,2009.836983,0,,0,7.572525408e-13,0
2009743187281_Node0_Node8_Zero,2009.743187,2009.844714,0,,0,2.3222601879009752e-14,0
2009748648315_Node0_Node8_Zero,2009.748648,2009.846843,0,,0,7.572525408e-13,0
2009754113566_Node0_Node8_Zero,2009.754114,2009.856837,0,,0,7.572525408e-13,0
2009759577554_Node0_Node8_Zero,2009.759578,2009.858803,0,,0,8.156825208e-13,0
2009765041682_Node0_Node8_Zero,2009.765042,2009.860773,0,,0,3.530589226744492e-14,6.276603069767986e-14
2009770509564_Node0_Node8_Zero,2009.77051,2009.862663,0,,0,7.572525408e-13,0
2009775976838_Node0_Node8_Zero,2009.775977,2009.87697,0,,0,7.572525408e-13,0
2009781442934_Node0_Node8_Zero,2009.781443,2009.887618,0,,0,5.842998000000001e-14,1.3146745500000003e-13
2009786903000_Node0_Node8_Zero,2009.786903,2009.889573,0,,0,8.217597682416938e-13,0
2009792367552_Node0_Node8_Zero,2009.792368,2009.891603,0,,0,8.242881234776581e-13,0
2009797833589_Node0_Node8_Zero,2009.797834,2009.893613,0,,0,3.5459209666764055e-14,0
2009803297599_Node0_Node8_Zero,2009.803298,2009.895783,0,,0,7.933120913827503e-13,0
2009808765145_Node0_Node8_Zero,2009.808765,2009.897833,0,,0,3.609893667995121e-14,0
2009814228304_Node0_Node8_Zero,2009.814228,2009.899703,0,,0,7.572525408e-13,0
2009819697583_Node0_Node8_Zero,2009.819698,2009.901653,0,,0,7.572525408e-13,0
2009825164260_Node0_Node8_Zero,2009.825164,2009.905965,0,,0,7.927436579656817e-13,0
2009830626982_Node0_Node8_Zero,2009.830627,2009.907933,0,,0,7.572525408e-13,0
2009836095574_Node0_Node8_Zero,2009.836096,2009.920382,0,,0,8.156825208e-13,0
2009841560901_Node0_Node8_Zero,2009.841561,2009.922313,0,,0,6.572066373422818e-14,1.478714934020134e-13
2009847021408_Node0_Node8_Zero,2009.847021,2009.924323,0,,0,8.242881234776581e-13,0
2009852484501_Node0_Node8_Zero,2009.852485,2009.926253,0,,0,7.572525408e-13,0
2009857944190_Node0_Node8_Zero,2009.857944,2009.928143,0,,0,7.794569525428196e-13,0
2009863413107_Node0_Node8_Zero,2009.863413,2009.935052,0,,0,7.572525408e-13,6.41394723474472e-14
2009868882156_Node0_Node8_Zero,2009.868882,2009.937203,0,,0,7.572525408e-13,0
2009874345137_Node0_Node8_Zero,2009.874345,2009.939293,0,,0,7.572525408e-13,0
2009879814258_Node0_Node8_Zero,2009.879814,2009.978413,1,RetryLimit,0,0,nan
2009885274279_Node0_Node8_Zero,2009.885274,2009.982392,0,,0,7.572525408e-13,0
2009890735017_Node0_Node8_Zero,2009.890735,2009.98644,0,,0,7.572525408e-13,0
2009896196499_Node0_Node8_Zero,2009.896196,2009.98841,0,,0,7.572525408e-13,0
2009901657696_Node0_Node8_Zero,2009.901658,2009.994277,0,,0,7.572525408e-13,0
2009907120492_Node0_Node8_Zero,2009.90712,2010.000223,0,,0,7.572525408e-13,0
2009912582453_Node0_Node8_Zero,2009.912582,2010.007891,0,,0,7.572525408e-13,0
2009918046051_Node0_Node8_Zero,2009.918046,2010.015997,0,,0,7.572525408e-13,0
2009923508071_Node0_Node8_Zero,2009.923508,2010.085877,1,RetryLimit,0,1.3146745500000003e-13,nan
2009928971373_Node0_Node8_Zero,2009.928971,2010.095528,0,,0,7.572525408e-13,0
2009934432934_Node0_Node8_Zero,2009.934433,2010.097587,0,,0,7.572525408e-13,0
2009939896802_Node0_Node8_Zero,2009.939897,2010.10022,0,,0,7.572525408e-13,0
2009945357118_Node0_Node8_Zero,2009.945357,2010.102307,0,,0,7.572525408e-13,0
2009950825120_Node0_Node8_Zero,2009.950825,2010.104217,0,,0,7.572525408e-13,0
2009956286840_Node0_Node8_Zero,2009.956287,2010.109315,0,,0,3.529776444181688e-14,6.275158122989668e-14
2009961752605_Node0_Node8_Zero,2009.961753,2010.111277,0,,0,7.572525408e-13,0
2009967212347_Node0_Node8_Zero,2009.967212,2010.116408,0,,0,7.572525408e-13,0
2009972674495_Node0_Node8_Zero,2009.972674,2010.118277,0,,0,7.572525408e-13,0
2009978137038_Node0_Node8_Zero,2009.978137,2010.124695,0,,0,7.572525408e-13,0
2009983603406_Node0_Node8_Zero,2009.983603,2010.126677,0,,0,3.549734114153577e-14,0
2009989069611_Node0_Node8_Zero,2009.98907,2010.129394,0,,0,7.572525408e-13,6.39375657137012e-14
2009994535121_Node0_Node8_Zero,2009.994535,2010.131337,0,,0,7.572525408e-13,3.286686375000001e-14
2010000002181_Node0_Node8_Zero,2010.000002,2010.137702,0,,0,7.572525408e-13,0
