Transmitting_Power = 0.007663753805745297, Maximum_Transmitting_Power = 0.10059677066255387
MAX_Transmission_Range = 1223.8180011750112, MAX_Transmission_Range_Squared = 1497730.4999999998
parameters.py INITIALIZED
mobility parameters INITIALIZED
Seed: 7447
Traffic flows: 1
Trajectory Run No./ Mobility Model : TCPIPE_BSCAP_
Seed value: 7447
Mobility Model: TCPIPE_BSCAP_
Number of Nodes: 8 UAVs + 1 BS; Node Speed: 40 m/s
Data Rate: [2] Mbps
Percentage Node Failure: 0
TC_PIPE_mobility_ON: True
Transmitting_Power = 0.007663753805745297, Maximum_Transmitting_Power = 0.10059677066255387
MAX_Transmission_Range = 1223.8180011750112, MAX_Transmission_Range_Squared = 1497730.4999999998
parameters.py INITIALIZED
mobility parameters INITIALIZED
node.py: Node0 created with coordinates 0 5000 with routing power 0.007664
node.py: Node1 created with coordinates 1000 5000 with routing power 0.007664
node.py: Node2 created with coordinates 2000 5000 with routing power 0.007664
node.py: Node3 created with coordinates 3000 5000 with routing power 0.007664
node.py: Node4 created with coordinates 4000 5000 with routing power 0.007664
node.py: Node5 created with coordinates 5000 5000 with routing power 0.007664
node.py: Node6 created with coordinates 6000 5000 with routing power 0.007664
node.py: Node7 created with coordinates 7000 5000 with routing power 0.007664
node.py: Node8 created with coordinates 8000 5000 with routing power 0.007664
node.py: Node9 created with coordinates 5000 0 with routing power 0.007664
node.py: Node10 created with coordinates 5000 1000 with routing power 0.007664
node.py: Node11 created with coordinates 5000 2000 with routing power 0.007664
node.py: Node12 created with coordinates 5000 3000 with routing power 0.007664
node.py: Node13 created with coordinates 5000 4000 with routing power 0.007664
node.py: Node14 created with coordinates 5000 6000 with routing power 0.007664
node.py: Node15 created with coordinates 5000 7000 with routing power 0.007664
node.py: Node16 created with coordinates 5000 8000 with routing power 0.007664
node.py: Node17 created with coordinates 0 0 with routing power 0.007664
SIM_TIME_MOBILITY =  2014
MAX TRANSMISSION RANGE for all nodes - mobility.py =  1223.8180011750112
DATA_RATE =  [2]  No._Nodes =  17  Map_Size =  4000 x 4000
MOBILITY PROCESS (^) and NETWORK UPDATE (rf.updateNetworkTopology(env,nodes) HAS BEEN STARTED 
Multiple Targets located at  [[2000 4000]]
main.py: Progress: 0 / 2014
main.py: Progress: 1 / 2014
main.py: Progress: 2 / 2014
main.py: Progress: 3 / 2014
main.py: Progress: 4 / 2014
main.py: Progress: 5 / 2014
main.py: Progress: 6 / 2014
main.py: Progress: 7 / 2014
main.py: Progress: 8 / 2014
main.py: Progress: 9 / 2014
main.py: Progress: 10 / 2014
main.py: Progress: 11 / 2014
main.py: Progress: 12 / 2014
main.py: Progress: 13 / 2014
main.py: Progress: 14 / 2014
main.py: Progress: 15 / 2014
main.py: Progress: 16 / 2014
main.py: Progress: 17 / 2014
main.py: Progress: 18 / 2014
main.py: Progress: 19 / 2014
main.py: Progress: 20 / 2014
main.py: Progress: 21 / 2014
main.py: Progress: 22 / 2014
main.py: Progress: 23 / 2014
main.py: Progress: 24 / 2014
main.py: Progress: 25 / 2014
main.py: Progress: 26 / 2014
main.py: Progress: 27 / 2014
main.py: Progress: 28 / 2014
main.py: Progress: 29 / 2014
main.py: Progress: 30 / 2014
main.py: Progress: 31 / 2014
main.py: Progress: 32 / 2014
main.py: Progress: 33 / 2014
main.py: Progress: 34 / 2014
main.py: Progress: 35 / 2014
main.py: Progress: 36 / 2014
main.py: Progress: 37 / 2014
main.py: Progress: 38 / 2014
main.py: Progress: 39 / 2014
main.py: Progress: 40 / 2014
main.py: Progress: 41 / 2014
main.py: Progress: 42 / 2014
main.py: Progress: 43 / 2014
main.py: Progress: 44 / 2014
main.py: Progress: 45 / 2014
main.py: Progress: 46 / 2014
main.py: Progress: 47 / 2014
main.py: Progress: 48 / 2014
main.py: Progress: 49 / 2014
main.py: Progress: 50 / 2014
main.py: Progress: 51 / 2014
main.py: Progress: 52 / 2014
main.py: Progress: 53 / 2014
main.py: Progress: 54 / 2014
main.py: Progress: 55 / 2014
main.py: Progress: 56 / 2014
main.py: Progress: 57 / 2014
main.py: Progress: 58 / 2014
main.py: Progress: 59 / 2014
main.py: Progress: 60 / 2014
main.py: Progress: 61 / 2014
main.py: Progress: 62 / 2014
main.py: Progress: 63 / 2014
main.py: Progress: 64 / 2014
main.py: Progress: 65 / 2014
main.py: Progress: 66 / 2014
main.py: Progress: 67 / 2014
main.py: Progress: 68 / 2014
main.py: Progress: 69 / 2014
main.py: Progress: 70 / 2014
main.py: Progress: 71 / 2014
main.py: Progress: 72 / 2014
main.py: Progress: 73 / 2014
main.py: Progress: 74 / 2014
main.py: Progress: 75 / 2014
main.py: Progress: 76 / 2014
main.py: Progress: 77 / 2014
main.py: Progress: 78 / 2014
main.py: Progress: 79 / 2014
main.py: Progress: 80 / 2014
main.py: Progress: 81 / 2014
main.py: Progress: 82 / 2014
main.py: Progress: 83 / 2014
main.py: Progress: 84 / 2014
main.py: Progress: 85 / 2014
main.py: Progress: 86 / 2014
main.py: Progress: 87 / 2014
main.py: Progress: 88 / 2014
main.py: Progress: 89 / 2014
main.py: Progress: 90 / 2014
main.py: Progress: 91 / 2014
main.py: Progress: 92 / 2014
main.py: Progress: 93 / 2014
main.py: Progress: 94 / 2014
main.py: Progress: 95 / 2014
main.py: Progress: 96 / 2014
main.py: Progress: 97 / 2014
main.py: Progress: 98 / 2014
main.py: Progress: 99 / 2014
main.py: Progress: 100 / 2014
main.py: Progress: 101 / 2014
main.py: Progress: 102 / 2014
main.py: Progress: 103 / 2014
main.py: Progress: 104 / 2014
main.py: Progress: 105 / 2014
main.py: Progress: 106 / 2014
main.py: Progress: 107 / 2014
main.py: Progress: 108 / 2014
main.py: Progress: 109 / 2014
main.py: Progress: 110 / 2014
main.py: Progress: 111 / 2014
main.py: Progress: 112 / 2014
main.py: Progress: 113 / 2014
main.py: Progress: 114 / 2014
main.py: Progress: 115 / 2014
main.py: Progress: 116 / 2014
main.py: Progress: 117 / 2014
main.py: Progress: 118 / 2014
main.py: Progress: 119 / 2014
main.py: Progress: 120 / 2014
main.py: Progress: 121 / 2014
main.py: Progress: 122 / 2014
main.py: Progress: 123 / 2014
main.py: Progress: 124 / 2014
main.py: Progress: 125 / 2014
main.py: Progress: 126 / 2014
main.py: Progress: 127 / 2014
main.py: Progress: 128 / 2014
main.py: Progress: 129 / 2014
main.py: Progress: 130 / 2014
main.py: Progress: 131 / 2014
main.py: Progress: 132 / 2014
main.py: Progress: 133 / 2014
main.py: Progress: 134 / 2014
main.py: Progress: 135 / 2014
main.py: Progress: 136 / 2014
main.py: Progress: 137 / 2014
main.py: Progress: 138 / 2014
main.py: Progress: 139 / 2014
main.py: Progress: 140 / 2014
main.py: Progress: 141 / 2014
main.py: Progress: 142 / 2014
main.py: Progress: 143 / 2014
main.py: Progress: 144 / 2014
main.py: Progress: 145 / 2014
main.py: Progress: 146 / 2014
main.py: Progress: 147 / 2014
main.py: Progress: 148 / 2014
main.py: Progress: 149 / 2014
main.py: Progress: 150 / 2014
main.py: Progress: 151 / 2014
main.py: Progress: 152 / 2014
main.py: Progress: 153 / 2014
main.py: Progress: 154 / 2014
main.py: Progress: 155 / 2014
main.py: Progress: 156 / 2014
main.py: Progress: 157 / 2014
main.py: Progress: 158 / 2014
main.py: Progress: 159 / 2014
main.py: Progress: 160 / 2014
main.py: Progress: 161 / 2014
main.py: Progress: 162 / 2014
main.py: Progress: 163 / 2014
main.py: Progress: 164 / 2014
main.py: Progress: 165 / 2014
main.py: Progress: 166 / 2014
main.py: Progress: 167 / 2014
main.py: Progress: 168 / 2014
main.py: Progress: 169 / 2014
main.py: Progress: 170 / 2014
main.py: Progress: 171 / 2014
main.py: Progress: 172 / 2014
main.py: Progress: 173 / 2014
main.py: Progress: 174 / 2014
main.py: Progress: 175 / 2014
main.py: Progress: 176 / 2014
main.py: Progress: 177 / 2014
main.py: Progress: 178 / 2014
main.py: Progress: 179 / 2014
main.py: Progress: 180 / 2014
main.py: Progress: 181 / 2014
main.py: Progress: 182 / 2014
main.py: Progress: 183 / 2014
main.py: Progress: 184 / 2014
main.py: Progress: 185 / 2014
main.py: Progress: 186 / 2014
main.py: Progress: 187 / 2014
main.py: Progress: 188 / 2014
main.py: Progress: 189 / 2014
main.py: Progress: 190 / 2014
main.py: Progress: 191 / 2014
main.py: Progress: 192 / 2014
main.py: Progress: 193 / 2014
main.py: Progress: 194 / 2014
main.py: Progress: 195 / 2014
main.py: Progress: 196 / 2014
main.py: Progress: 197 / 2014
main.py: Progress: 198 / 2014
main.py: Progress: 199 / 2014
main.py: Progress: 200 / 2014
main.py: Progress: 201 / 2014
main.py: Progress: 202 / 2014
main.py: Progress: 203 / 2014
main.py: Progress: 204 / 2014
main.py: Progress: 205 / 2014
main.py: Progress: 206 / 2014
main.py: Progress: 207 / 2014
main.py: Progress: 208 / 2014
main.py: Progress: 209 / 2014
main.py: Progress: 210 / 2014
main.py: Progress: 211 / 2014
main.py: Progress: 212 / 2014
main.py: Progress: 213 / 2014
main.py: Progress: 214 / 2014
main.py: Progress: 215 / 2014
main.py: Progress: 216 / 2014
main.py: Progress: 217 / 2014
main.py: Progress: 218 / 2014
main.py: Progress: 219 / 2014
main.py: Progress: 220 / 2014
main.py: Progress: 221 / 2014
main.py: Progress: 222 / 2014
main.py: Progress: 223 / 2014
main.py: Progress: 224 / 2014
main.py: Progress: 225 / 2014
main.py: Progress: 226 / 2014
main.py: Progress: 227 / 2014
main.py: Progress: 228 / 2014
main.py: Progress: 229 / 2014
main.py: Progress: 230 / 2014
main.py: Progress: 231 / 2014
main.py: Progress: 232 / 2014
main.py: Progress: 233 / 2014
main.py: Progress: 234 / 2014
main.py: Progress: 235 / 2014
main.py: Progress: 236 / 2014
main.py: Progress: 237 / 2014
main.py: Progress: 238 / 2014
main.py: Progress: 239 / 2014
main.py: Progress: 240 / 2014
main.py: Progress: 241 / 2014
main.py: Progress: 242 / 2014
main.py: Progress: 243 / 2014
main.py: Progress: 244 / 2014
main.py: Progress: 245 / 2014
main.py: Progress: 246 / 2014
main.py: Progress: 247 / 2014
main.py: Progress: 248 / 2014
main.py: Progress: 249 / 2014
main.py: Progress: 250 / 2014
main.py: Progress: 251 / 2014
main.py: Progress: 252 / 2014
main.py: Progress: 253 / 2014
main.py: Progress: 254 / 2014
main.py: Progress: 255 / 2014
main.py: Progress: 256 / 2014
main.py: Progress: 257 / 2014
main.py: Progress: 258 / 2014
main.py: Progress: 259 / 2014
main.py: Progress: 260 / 2014
main.py: Progress: 261 / 2014
main.py: Progress: 262 / 2014
main.py: Progress: 263 / 2014
main.py: Progress: 264 / 2014
main.py: Progress: 265 / 2014
main.py: Progress: 266 / 2014
main.py: Progress: 267 / 2014
main.py: Progress: 268 / 2014
main.py: Progress: 269 / 2014
main.py: Progress: 270 / 2014
main.py: Progress: 271 / 2014
main.py: Progress: 272 / 2014
main.py: Progress: 273 / 2014
main.py: Progress: 274 / 2014
main.py: Progress: 275 / 2014
main.py: Progress: 276 / 2014
main.py: Progress: 277 / 2014
main.py: Progress: 278 / 2014
main.py: Progress: 279 / 2014
main.py: Progress: 280 / 2014
main.py: Progress: 281 / 2014
main.py: Progress: 282 / 2014
main.py: Progress: 283 / 2014
main.py: Progress: 284 / 2014
main.py: Progress: 285 / 2014
main.py: Progress: 286 / 2014
main.py: Progress: 287 / 2014
main.py: Progress: 288 / 2014
main.py: Progress: 289 / 2014
main.py: Progress: 290 / 2014
main.py: Progress: 291 / 2014
main.py: Progress: 292 / 2014
main.py: Progress: 293 / 2014
main.py: Progress: 294 / 2014
main.py: Progress: 295 / 2014
main.py: Progress: 296 / 2014
main.py: Progress: 297 / 2014
main.py: Progress: 298 / 2014
main.py: Progress: 299 / 2014
main.py: Progress: 300 / 2014
main.py: Progress: 301 / 2014
main.py: Progress: 302 / 2014
main.py: Progress: 303 / 2014
main.py: Progress: 304 / 2014
main.py: Progress: 305 / 2014
main.py: Progress: 306 / 2014
main.py: Progress: 307 / 2014
main.py: Progress: 308 / 2014
main.py: Progress: 309 / 2014
main.py: Progress: 310 / 2014
main.py: Progress: 311 / 2014
main.py: Progress: 312 / 2014
main.py: Progress: 313 / 2014
main.py: Progress: 314 / 2014
main.py: Progress: 315 / 2014
main.py: Progress: 316 / 2014
main.py: Progress: 317 / 2014
main.py: Progress: 318 / 2014
main.py: Progress: 319 / 2014
main.py: Progress: 320 / 2014
main.py: Progress: 321 / 2014
main.py: Progress: 322 / 2014
main.py: Progress: 323 / 2014
main.py: Progress: 324 / 2014
main.py: Progress: 325 / 2014
main.py: Progress: 326 / 2014
main.py: Progress: 327 / 2014
main.py: Progress: 328 / 2014
main.py: Progress: 329 / 2014
main.py: Progress: 330 / 2014
main.py: Progress: 331 / 2014
main.py: Progress: 332 / 2014
main.py: Progress: 333 / 2014
main.py: Progress: 334 / 2014
main.py: Progress: 335 / 2014
main.py: Progress: 336 / 2014
main.py: Progress: 337 / 2014
main.py: Progress: 338 / 2014
main.py: Progress: 339 / 2014
main.py: Progress: 340 / 2014
main.py: Progress: 341 / 2014
main.py: Progress: 342 / 2014
main.py: Progress: 343 / 2014
main.py: Progress: 344 / 2014
main.py: Progress: 345 / 2014
main.py: Progress: 346 / 2014
main.py: Progress: 347 / 2014
main.py: Progress: 348 / 2014
main.py: Progress: 349 / 2014
main.py: Progress: 350 / 2014
main.py: Progress: 351 / 2014
main.py: Progress: 352 / 2014
main.py: Progress: 353 / 2014
main.py: Progress: 354 / 2014
main.py: Progress: 355 / 2014
main.py: Progress: 356 / 2014
main.py: Progress: 357 / 2014
main.py: Progress: 358 / 2014
main.py: Progress: 359 / 2014
main.py: Progress: 360 / 2014
main.py: Progress: 361 / 2014
main.py: Progress: 362 / 2014
main.py: Progress: 363 / 2014
main.py: Progress: 364 / 2014
main.py: Progress: 365 / 2014
main.py: Progress: 366 / 2014
main.py: Progress: 367 / 2014
main.py: Progress: 368 / 2014
main.py: Progress: 369 / 2014
main.py: Progress: 370 / 2014
main.py: Progress: 371 / 2014
main.py: Progress: 372 / 2014
main.py: Progress: 373 / 2014
main.py: Progress: 374 / 2014
main.py: Progress: 375 / 2014
main.py: Progress: 376 / 2014
main.py: Progress: 377 / 2014
main.py: Progress: 378 / 2014
main.py: Progress: 379 / 2014
main.py: Progress: 380 / 2014
main.py: Progress: 381 / 2014
main.py: Progress: 382 / 2014
main.py: Progress: 383 / 2014
main.py: Progress: 384 / 2014
main.py: Progress: 385 / 2014
main.py: Progress: 386 / 2014
main.py: Progress: 387 / 2014
main.py: Progress: 388 / 2014
main.py: Progress: 389 / 2014
main.py: Progress: 390 / 2014
main.py: Progress: 391 / 2014
main.py: Progress: 392 / 2014
main.py: Progress: 393 / 2014
main.py: Progress: 394 / 2014
main.py: Progress: 395 / 2014
main.py: Progress: 396 / 2014
main.py: Progress: 397 / 2014
main.py: Progress: 398 / 2014
main.py: Progress: 399 / 2014
main.py: Progress: 400 / 2014
main.py: Progress: 401 / 2014
main.py: Progress: 402 / 2014
main.py: Progress: 403 / 2014
main.py: Progress: 404 / 2014
main.py: Progress: 405 / 2014
main.py: Progress: 406 / 2014
main.py: Progress: 407 / 2014
main.py: Progress: 408 / 2014
main.py: Progress: 409 / 2014
main.py: Progress: 410 / 2014
main.py: Progress: 411 / 2014
main.py: Progress: 412 / 2014
main.py: Progress: 413 / 2014
main.py: Progress: 414 / 2014
main.py: Progress: 415 / 2014
main.py: Progress: 416 / 2014
main.py: Progress: 417 / 2014
main.py: Progress: 418 / 2014
main.py: Progress: 419 / 2014
main.py: Progress: 420 / 2014
main.py: Progress: 421 / 2014
main.py: Progress: 422 / 2014
main.py: Progress: 423 / 2014
main.py: Progress: 424 / 2014
main.py: Progress: 425 / 2014
main.py: Progress: 426 / 2014
main.py: Progress: 427 / 2014
main.py: Progress: 428 / 2014
main.py: Progress: 429 / 2014
main.py: Progress: 430 / 2014
main.py: Progress: 431 / 2014
main.py: Progress: 432 / 2014
main.py: Progress: 433 / 2014
main.py: Progress: 434 / 2014
main.py: Progress: 435 / 2014
main.py: Progress: 436 / 2014
main.py: Progress: 437 / 2014
main.py: Progress: 438 / 2014
main.py: Progress: 439 / 2014
main.py: Progress: 440 / 2014
main.py: Progress: 441 / 2014
main.py: Progress: 442 / 2014
main.py: Progress: 443 / 2014
main.py: Progress: 444 / 2014
main.py: Progress: 445 / 2014
main.py: Progress: 446 / 2014
main.py: Progress: 447 / 2014
main.py: Progress: 448 / 2014
main.py: Progress: 449 / 2014
main.py: Progress: 450 / 2014
main.py: Progress: 451 / 2014
main.py: Progress: 452 / 2014
main.py: Progress: 453 / 2014
main.py: Progress: 454 / 2014
main.py: Progress: 455 / 2014
main.py: Progress: 456 / 2014
main.py: Progress: 457 / 2014
main.py: Progress: 458 / 2014
main.py: Progress: 459 / 2014
main.py: Progress: 460 / 2014
main.py: Progress: 461 / 2014
main.py: Progress: 462 / 2014
main.py: Progress: 463 / 2014
main.py: Progress: 464 / 2014
main.py: Progress: 465 / 2014
main.py: Progress: 466 / 2014
main.py: Progress: 467 / 2014
main.py: Progress: 468 / 2014
main.py: Progress: 469 / 2014
main.py: Progress: 470 / 2014
main.py: Progress: 471 / 2014
main.py: Progress: 472 / 2014
main.py: Progress: 473 / 2014
main.py: Progress: 474 / 2014
main.py: Progress: 475 / 2014
main.py: Progress: 476 / 2014
main.py: Progress: 477 / 2014
main.py: Progress: 478 / 2014
main.py: Progress: 479 / 2014
main.py: Progress: 480 / 2014
main.py: Progress: 481 / 2014
main.py: Progress: 482 / 2014
main.py: Progress: 483 / 2014
main.py: Progress: 484 / 2014
main.py: Progress: 485 / 2014
main.py: Progress: 486 / 2014
main.py: Progress: 487 / 2014
main.py: Progress: 488 / 2014
main.py: Progress: 489 / 2014
main.py: Progress: 490 / 2014
main.py: Progress: 491 / 2014
main.py: Progress: 492 / 2014
main.py: Progress: 493 / 2014
main.py: Progress: 494 / 2014
main.py: Progress: 495 / 2014
main.py: Progress: 496 / 2014
main.py: Progress: 497 / 2014
main.py: Progress: 498 / 2014
main.py: Progress: 499 / 2014
main.py: Progress: 500 / 2014
main.py: Progress: 501 / 2014
main.py: Progress: 502 / 2014
main.py: Progress: 503 / 2014
main.py: Progress: 504 / 2014
main.py: Progress: 505 / 2014
main.py: Progress: 506 / 2014
main.py: Progress: 507 / 2014
main.py: Progress: 508 / 2014
main.py: Progress: 509 / 2014
main.py: Progress: 510 / 2014
main.py: Progress: 511 / 2014
main.py: Progress: 512 / 2014
main.py: Progress: 513 / 2014
main.py: Progress: 514 / 2014
main.py: Progress: 515 / 2014
main.py: Progress: 516 / 2014
main.py: Progress: 517 / 2014
main.py: Progress: 518 / 2014
main.py: Progress: 519 / 2014
main.py: Progress: 520 / 2014
main.py: Progress: 521 / 2014
main.py: Progress: 522 / 2014
main.py: Progress: 523 / 2014
main.py: Progress: 524 / 2014
main.py: Progress: 525 / 2014
main.py: Progress: 526 / 2014
main.py: Progress: 527 / 2014
main.py: Progress: 528 / 2014
main.py: Progress: 529 / 2014
main.py: Progress: 530 / 2014
main.py: Progress: 531 / 2014
main.py: Progress: 532 / 2014
main.py: Progress: 533 / 2014
main.py: Progress: 534 / 2014
main.py: Progress: 535 / 2014
main.py: Progress: 536 / 2014
main.py: Progress: 537 / 2014
main.py: Progress: 538 / 2014
main.py: Progress: 539 / 2014
main.py: Progress: 540 / 2014
main.py: Progress: 541 / 2014
main.py: Progress: 542 / 2014
main.py: Progress: 543 / 2014
main.py: Progress: 544 / 2014
main.py: Progress: 545 / 2014
main.py: Progress: 546 / 2014
main.py: Progress: 547 / 2014
main.py: Progress: 548 / 2014
main.py: Progress: 549 / 2014
main.py: Progress: 550 / 2014
main.py: Progress: 551 / 2014
main.py: Progress: 552 / 2014
main.py: Progress: 553 / 2014
main.py: Progress: 554 / 2014
main.py: Progress: 555 / 2014
main.py: Progress: 556 / 2014
main.py: Progress: 557 / 2014
main.py: Progress: 558 / 2014
main.py: Progress: 559 / 2014
main.py: Progress: 560 / 2014
main.py: Progress: 561 / 2014
main.py: Progress: 562 / 2014
main.py: Progress: 563 / 2014
main.py: Progress: 564 / 2014
main.py: Progress: 565 / 2014
main.py: Progress: 566 / 2014
main.py: Progress: 567 / 2014
main.py: Progress: 568 / 2014
main.py: Progress: 569 / 2014
main.py: Progress: 570 / 2014
main.py: Progress: 571 / 2014
main.py: Progress: 572 / 2014
main.py: Progress: 573 / 2014
main.py: Progress: 574 / 2014
main.py: Progress: 575 / 2014
main.py: Progress: 576 / 2014
main.py: Progress: 577 / 2014
main.py: Progress: 578 / 2014
main.py: Progress: 579 / 2014
main.py: Progress: 580 / 2014
main.py: Progress: 581 / 2014
main.py: Progress: 582 / 2014
main.py: Progress: 583 / 2014
main.py: Progress: 584 / 2014
main.py: Progress: 585 / 2014
main.py: Progress: 586 / 2014
main.py: Progress: 587 / 2014
main.py: Progress: 588 / 2014
main.py: Progress: 589 / 2014
main.py: Progress: 590 / 2014
main.py: Progress: 591 / 2014
main.py: Progress: 592 / 2014
main.py: Progress: 593 / 2014
main.py: Progress: 594 / 2014
main.py: Progress: 595 / 2014
main.py: Progress: 596 / 2014
main.py: Progress: 597 / 2014
main.py: Progress: 598 / 2014
main.py: Progress: 599 / 2014
main.py: Progress: 600 / 2014
main.py: Progress: 601 / 2014
main.py: Progress: 602 / 2014
main.py: Progress: 603 / 2014
main.py: Progress: 604 / 2014
main.py: Progress: 605 / 2014
main.py: Progress: 606 / 2014
main.py: Progress: 607 / 2014
main.py: Progress: 608 / 2014
main.py: Progress: 609 / 2014
main.py: Progress: 610 / 2014
main.py: Progress: 611 / 2014
main.py: Progress: 612 / 2014
main.py: Progress: 613 / 2014
main.py: Progress: 614 / 2014
main.py: Progress: 615 / 2014
main.py: Progress: 616 / 2014
main.py: Progress: 617 / 2014
main.py: Progress: 618 / 2014
main.py: Progress: 619 / 2014
main.py: Progress: 620 / 2014
main.py: Progress: 621 / 2014
main.py: Progress: 622 / 2014
main.py: Progress: 623 / 2014
main.py: Progress: 624 / 2014
main.py: Progress: 625 / 2014
main.py: Progress: 626 / 2014
main.py: Progress: 627 / 2014
main.py: Progress: 628 / 2014
main.py: Progress: 629 / 2014
main.py: Progress: 630 / 2014
main.py: Progress: 631 / 2014
main.py: Progress: 632 / 2014
main.py: Progress: 633 / 2014
main.py: Progress: 634 / 2014
main.py: Progress: 635 / 2014
main.py: Progress: 636 / 2014
main.py: Progress: 637 / 2014
main.py: Progress: 638 / 2014
main.py: Progress: 639 / 2014
main.py: Progress: 640 / 2014
main.py: Progress: 641 / 2014
main.py: Progress: 642 / 2014
main.py: Progress: 643 / 2014
main.py: Progress: 644 / 2014
main.py: Progress: 645 / 2014
main.py: Progress: 646 / 2014
main.py: Progress: 647 / 2014
main.py: Progress: 648 / 2014
main.py: Progress: 649 / 2014
main.py: Progress: 650 / 2014
main.py: Progress: 651 / 2014
main.py: Progress: 652 / 2014
main.py: Progress: 653 / 2014
main.py: Progress: 654 / 2014
main.py: Progress: 655 / 2014
main.py: Progress: 656 / 2014
main.py: Progress: 657 / 2014
main.py: Progress: 658 / 2014
main.py: Progress: 659 / 2014
main.py: Progress: 660 / 2014
main.py: Progress: 661 / 2014
main.py: Progress: 662 / 2014
main.py: Progress: 663 / 2014
main.py: Progress: 664 / 2014
main.py: Progress: 665 / 2014
main.py: Progress: 666 / 2014
main.py: Progress: 667 / 2014
main.py: Progress: 668 / 2014
main.py: Progress: 669 / 2014
main.py: Progress: 670 / 2014
main.py: Progress: 671 / 2014
main.py: Progress: 672 / 2014
main.py: Progress: 673 / 2014
main.py: Progress: 674 / 2014
main.py: Progress: 675 / 2014
main.py: Progress: 676 / 2014
main.py: Progress: 677 / 2014
main.py: Progress: 678 / 2014
main.py: Progress: 679 / 2014
main.py: Progress: 680 / 2014
main.py: Progress: 681 / 2014
main.py: Progress: 682 / 2014
main.py: Progress: 683 / 2014
main.py: Progress: 684 / 2014
main.py: Progress: 685 / 2014
main.py: Progress: 686 / 2014
main.py: Progress: 687 / 2014
main.py: Progress: 688 / 2014
main.py: Progress: 689 / 2014
main.py: Progress: 690 / 2014
main.py: Progress: 691 / 2014
main.py: Progress: 692 / 2014
main.py: Progress: 693 / 2014
main.py: Progress: 694 / 2014
main.py: Progress: 695 / 2014
main.py: Progress: 696 / 2014
main.py: Progress: 697 / 2014
main.py: Progress: 698 / 2014
main.py: Progress: 699 / 2014
main.py: Progress: 700 / 2014
main.py: Progress: 701 / 2014
main.py: Progress: 702 / 2014
main.py: Progress: 703 / 2014
main.py: Progress: 704 / 2014
main.py: Progress: 705 / 2014
main.py: Progress: 706 / 2014
main.py: Progress: 707 / 2014
main.py: Progress: 708 / 2014
main.py: Progress: 709 / 2014
main.py: Progress: 710 / 2014
main.py: Progress: 711 / 2014
main.py: Progress: 712 / 2014
main.py: Progress: 713 / 2014
main.py: Progress: 714 / 2014
main.py: Progress: 715 / 2014
main.py: Progress: 716 / 2014
main.py: Progress: 717 / 2014
main.py: Progress: 718 / 2014
main.py: Progress: 719 / 2014
main.py: Progress: 720 / 2014
main.py: Progress: 721 / 2014
main.py: Progress: 722 / 2014
main.py: Progress: 723 / 2014
main.py: Progress: 724 / 2014
main.py: Progress: 725 / 2014
main.py: Progress: 726 / 2014
main.py: Progress: 727 / 2014
main.py: Progress: 728 / 2014
main.py: Progress: 729 / 2014
main.py: Progress: 730 / 2014
main.py: Progress: 731 / 2014
main.py: Progress: 732 / 2014
main.py: Progress: 733 / 2014
main.py: Progress: 734 / 2014
main.py: Progress: 735 / 2014
main.py: Progress: 736 / 2014
main.py: Progress: 737 / 2014
main.py: Progress: 738 / 2014
main.py: Progress: 739 / 2014
main.py: Progress: 740 / 2014
main.py: Progress: 741 / 2014
main.py: Progress: 742 / 2014
main.py: Progress: 743 / 2014
main.py: Progress: 744 / 2014
main.py: Progress: 745 / 2014
main.py: Progress: 746 / 2014
main.py: Progress: 747 / 2014
main.py: Progress: 748 / 2014
main.py: Progress: 749 / 2014
main.py: Progress: 750 / 2014
main.py: Progress: 751 / 2014
main.py: Progress: 752 / 2014
main.py: Progress: 753 / 2014
main.py: Progress: 754 / 2014
main.py: Progress: 755 / 2014
main.py: Progress: 756 / 2014
main.py: Progress: 757 / 2014
main.py: Progress: 758 / 2014
main.py: Progress: 759 / 2014
main.py: Progress: 760 / 2014
main.py: Progress: 761 / 2014
main.py: Progress: 762 / 2014
main.py: Progress: 763 / 2014
main.py: Progress: 764 / 2014
main.py: Progress: 765 / 2014
main.py: Progress: 766 / 2014
main.py: Progress: 767 / 2014
main.py: Progress: 768 / 2014
main.py: Progress: 769 / 2014
main.py: Progress: 770 / 2014
main.py: Progress: 771 / 2014
main.py: Progress: 772 / 2014
main.py: Progress: 773 / 2014
main.py: Progress: 774 / 2014
main.py: Progress: 775 / 2014
main.py: Progress: 776 / 2014
main.py: Progress: 777 / 2014
main.py: Progress: 778 / 2014
main.py: Progress: 779 / 2014
main.py: Progress: 780 / 2014
main.py: Progress: 781 / 2014
main.py: Progress: 782 / 2014
main.py: Progress: 783 / 2014
main.py: Progress: 784 / 2014
main.py: Progress: 785 / 2014
main.py: Progress: 786 / 2014
main.py: Progress: 787 / 2014
main.py: Progress: 788 / 2014
main.py: Progress: 789 / 2014
main.py: Progress: 790 / 2014
main.py: Progress: 791 / 2014
main.py: Progress: 792 / 2014
main.py: Progress: 793 / 2014
main.py: Progress: 794 / 2014
main.py: Progress: 795 / 2014
main.py: Progress: 796 / 2014
main.py: Progress: 797 / 2014
main.py: Progress: 798 / 2014
main.py: Progress: 799 / 2014
main.py: Progress: 800 / 2014
main.py: Progress: 801 / 2014
main.py: Progress: 802 / 2014
main.py: Progress: 803 / 2014
main.py: Progress: 804 / 2014
main.py: Progress: 805 / 2014
main.py: Progress: 806 / 2014
main.py: Progress: 807 / 2014
main.py: Progress: 808 / 2014
main.py: Progress: 809 / 2014
main.py: Progress: 810 / 2014
main.py: Progress: 811 / 2014
main.py: Progress: 812 / 2014
main.py: Progress: 813 / 2014
main.py: Progress: 814 / 2014
main.py: Progress: 815 / 2014
main.py: Progress: 816 / 2014
main.py: Progress: 817 / 2014
main.py: Progress: 818 / 2014
main.py: Progress: 819 / 2014
main.py: Progress: 820 / 2014
main.py: Progress: 821 / 2014
main.py: Progress: 822 / 2014
main.py: Progress: 823 / 2014
main.py: Progress: 824 / 2014
main.py: Progress: 825 / 2014
main.py: Progress: 826 / 2014
main.py: Progress: 827 / 2014
main.py: Progress: 828 / 2014
main.py: Progress: 829 / 2014
main.py: Progress: 830 / 2014
main.py: Progress: 831 / 2014
main.py: Progress: 832 / 2014
main.py: Progress: 833 / 2014
main.py: Progress: 834 / 2014
main.py: Progress: 835 / 2014
main.py: Progress: 836 / 2014
main.py: Progress: 837 / 2014
main.py: Progress: 838 / 2014
main.py: Progress: 839 / 2014
main.py: Progress: 840 / 2014
main.py: Progress: 841 / 2014
main.py: Progress: 842 / 2014
main.py: Progress: 843 / 2014
main.py: Progress: 844 / 2014
main.py: Progress: 845 / 2014
main.py: Progress: 846 / 2014
main.py: Progress: 847 / 2014
main.py: Progress: 848 / 2014
main.py: Progress: 849 / 2014
main.py: Progress: 850 / 2014
main.py: Progress: 851 / 2014
main.py: Progress: 852 / 2014
main.py: Progress: 853 / 2014
main.py: Progress: 854 / 2014
main.py: Progress: 855 / 2014
main.py: Progress: 856 / 2014
main.py: Progress: 857 / 2014
main.py: Progress: 858 / 2014
main.py: Progress: 859 / 2014
main.py: Progress: 860 / 2014
main.py: Progress: 861 / 2014
main.py: Progress: 862 / 2014
main.py: Progress: 863 / 2014
main.py: Progress: 864 / 2014
main.py: Progress: 865 / 2014
main.py: Progress: 866 / 2014
main.py: Progress: 867 / 2014
main.py: Progress: 868 / 2014
main.py: Progress: 869 / 2014
main.py: Progress: 870 / 2014
main.py: Progress: 871 / 2014
main.py: Progress: 872 / 2014
main.py: Progress: 873 / 2014
main.py: Progress: 874 / 2014
main.py: Progress: 875 / 2014
main.py: Progress: 876 / 2014
main.py: Progress: 877 / 2014
main.py: Progress: 878 / 2014
main.py: Progress: 879 / 2014
main.py: Progress: 880 / 2014
main.py: Progress: 881 / 2014
main.py: Progress: 882 / 2014
main.py: Progress: 883 / 2014
main.py: Progress: 884 / 2014
main.py: Progress: 885 / 2014
main.py: Progress: 886 / 2014
main.py: Progress: 887 / 2014
main.py: Progress: 888 / 2014
main.py: Progress: 889 / 2014
main.py: Progress: 890 / 2014
main.py: Progress: 891 / 2014
main.py: Progress: 892 / 2014
main.py: Progress: 893 / 2014
main.py: Progress: 894 / 2014
main.py: Progress: 895 / 2014
main.py: Progress: 896 / 2014
main.py: Progress: 897 / 2014
main.py: Progress: 898 / 2014
main.py: Progress: 899 / 2014
main.py: Progress: 900 / 2014
main.py: Progress: 901 / 2014
main.py: Progress: 902 / 2014
main.py: Progress: 903 / 2014
main.py: Progress: 904 / 2014
main.py: Progress: 905 / 2014
main.py: Progress: 906 / 2014
main.py: Progress: 907 / 2014
main.py: Progress: 908 / 2014
main.py: Progress: 909 / 2014
main.py: Progress: 910 / 2014
main.py: Progress: 911 / 2014
main.py: Progress: 912 / 2014
main.py: Progress: 913 / 2014
main.py: Progress: 914 / 2014
main.py: Progress: 915 / 2014
main.py: Progress: 916 / 2014
main.py: Progress: 917 / 2014
main.py: Progress: 918 / 2014
main.py: Progress: 919 / 2014
main.py: Progress: 920 / 2014
main.py: Progress: 921 / 2014
main.py: Progress: 922 / 2014
main.py: Progress: 923 / 2014
main.py: Progress: 924 / 2014
main.py: Progress: 925 / 2014
main.py: Progress: 926 / 2014
main.py: Progress: 927 / 2014
main.py: Progress: 928 / 2014
main.py: Progress: 929 / 2014
main.py: Progress: 930 / 2014
main.py: Progress: 931 / 2014
main.py: Progress: 932 / 2014
main.py: Progress: 933 / 2014
main.py: Progress: 934 / 2014
main.py: Progress: 935 / 2014
main.py: Progress: 936 / 2014
main.py: Progress: 937 / 2014
main.py: Progress: 938 / 2014
main.py: Progress: 939 / 2014
main.py: Progress: 940 / 2014
main.py: Progress: 941 / 2014
main.py: Progress: 942 / 2014
main.py: Progress: 943 / 2014
main.py: Progress: 944 / 2014
main.py: Progress: 945 / 2014
main.py: Progress: 946 / 2014
main.py: Progress: 947 / 2014
main.py: Progress: 948 / 2014
main.py: Progress: 949 / 2014
main.py: Progress: 950 / 2014
main.py: Progress: 951 / 2014
main.py: Progress: 952 / 2014
main.py: Progress: 953 / 2014
main.py: Progress: 954 / 2014
main.py: Progress: 955 / 2014
main.py: Progress: 956 / 2014
main.py: Progress: 957 / 2014
main.py: Progress: 958 / 2014
main.py: Progress: 959 / 2014
main.py: Progress: 960 / 2014
main.py: Progress: 961 / 2014
main.py: Progress: 962 / 2014
main.py: Progress: 963 / 2014
main.py: Progress: 964 / 2014
main.py: Progress: 965 / 2014
main.py: Progress: 966 / 2014
main.py: Progress: 967 / 2014
main.py: Progress: 968 / 2014
main.py: Progress: 969 / 2014
main.py: Progress: 970 / 2014
main.py: Progress: 971 / 2014
main.py: Progress: 972 / 2014
main.py: Progress: 973 / 2014
main.py: Progress: 974 / 2014
main.py: Progress: 975 / 2014
main.py: Progress: 976 / 2014
main.py: Progress: 977 / 2014
main.py: Progress: 978 / 2014
main.py: Progress: 979 / 2014
main.py: Progress: 980 / 2014
main.py: Progress: 981 / 2014
main.py: Progress: 982 / 2014
main.py: Progress: 983 / 2014
main.py: Progress: 984 / 2014
main.py: Progress: 985 / 2014
main.py: Progress: 986 / 2014
main.py: Progress: 987 / 2014
main.py: Progress: 988 / 2014
main.py: Progress: 989 / 2014
main.py: Progress: 990 / 2014
main.py: Progress: 991 / 2014
main.py: Progress: 992 / 2014
main.py: Progress: 993 / 2014
main.py: Progress: 994 / 2014
main.py: Progress: 995 / 2014
main.py: Progress: 996 / 2014
main.py: Progress: 997 / 2014
main.py: Progress: 998 / 2014
main.py: Progress: 999 / 2014
main.py: Progress: 1000 / 2014
main.py: Progress: 1001 / 2014
main.py: Progress: 1002 / 2014
main.py: Progress: 1003 / 2014
main.py: Progress: 1004 / 2014
main.py: Progress: 1005 / 2014
main.py: Progress: 1006 / 2014
main.py: Progress: 1007 / 2014
main.py: Progress: 1008 / 2014
main.py: Progress: 1009 / 2014
main.py: Progress: 1010 / 2014
main.py: Progress: 1011 / 2014
main.py: Progress: 1012 / 2014
main.py: Progress: 1013 / 2014
main.py: Progress: 1014 / 2014
main.py: Progress: 1015 / 2014
main.py: Progress: 1016 / 2014
main.py: Progress: 1017 / 2014
main.py: Progress: 1018 / 2014
main.py: Progress: 1019 / 2014
main.py: Progress: 1020 / 2014
main.py: Progress: 1021 / 2014
main.py: Progress: 1022 / 2014
main.py: Progress: 1023 / 2014
main.py: Progress: 1024 / 2014
main.py: Progress: 1025 / 2014
main.py: Progress: 1026 / 2014
main.py: Progress: 1027 / 2014
main.py: Progress: 1028 / 2014
main.py: Progress: 1029 / 2014
main.py: Progress: 1030 / 2014
main.py: Progress: 1031 / 2014
main.py: Progress: 1032 / 2014
main.py: Progress: 1033 / 2014
main.py: Progress: 1034 / 2014
main.py: Progress: 1035 / 2014
main.py: Progress: 1036 / 2014
main.py: Progress: 1037 / 2014
main.py: Progress: 1038 / 2014
main.py: Progress: 1039 / 2014
main.py: Progress: 1040 / 2014
main.py: Progress: 1041 / 2014
main.py: Progress: 1042 / 2014
main.py: Progress: 1043 / 2014
main.py: Progress: 1044 / 2014
main.py: Progress: 1045 / 2014
main.py: Progress: 1046 / 2014
main.py: Progress: 1047 / 2014
main.py: Progress: 1048 / 2014
main.py: Progress: 1049 / 2014
main.py: Progress: 1050 / 2014
main.py: Progress: 1051 / 2014
main.py: Progress: 1052 / 2014
main.py: Progress: 1053 / 2014
main.py: Progress: 1054 / 2014
main.py: Progress: 1055 / 2014
main.py: Progress: 1056 / 2014
main.py: Progress: 1057 / 2014
main.py: Progress: 1058 / 2014
main.py: Progress: 1059 / 2014
main.py: Progress: 1060 / 2014
main.py: Progress: 1061 / 2014
main.py: Progress: 1062 / 2014
main.py: Progress: 1063 / 2014
main.py: Progress: 1064 / 2014
main.py: Progress: 1065 / 2014
main.py: Progress: 1066 / 2014
main.py: Progress: 1067 / 2014
main.py: Progress: 1068 / 2014
main.py: Progress: 1069 / 2014
main.py: Progress: 1070 / 2014
main.py: Progress: 1071 / 2014
main.py: Progress: 1072 / 2014
main.py: Progress: 1073 / 2014
main.py: Progress: 1074 / 2014
main.py: Progress: 1075 / 2014
main.py: Progress: 1076 / 2014
main.py: Progress: 1077 / 2014
main.py: Progress: 1078 / 2014
main.py: Progress: 1079 / 2014
main.py: Progress: 1080 / 2014
main.py: Progress: 1081 / 2014
main.py: Progress: 1082 / 2014
main.py: Progress: 1083 / 2014
main.py: Progress: 1084 / 2014
main.py: Progress: 1085 / 2014
main.py: Progress: 1086 / 2014
main.py: Progress: 1087 / 2014
main.py: Progress: 1088 / 2014
main.py: Progress: 1089 / 2014
main.py: Progress: 1090 / 2014
main.py: Progress: 1091 / 2014
main.py: Progress: 1092 / 2014
main.py: Progress: 1093 / 2014
main.py: Progress: 1094 / 2014
main.py: Progress: 1095 / 2014
main.py: Progress: 1096 / 2014
main.py: Progress: 1097 / 2014
main.py: Progress: 1098 / 2014
main.py: Progress: 1099 / 2014
main.py: Progress: 1100 / 2014
main.py: Progress: 1101 / 2014
main.py: Progress: 1102 / 2014
main.py: Progress: 1103 / 2014
main.py: Progress: 1104 / 2014
main.py: Progress: 1105 / 2014
main.py: Progress: 1106 / 2014
main.py: Progress: 1107 / 2014
main.py: Progress: 1108 / 2014
main.py: Progress: 1109 / 2014
main.py: Progress: 1110 / 2014
main.py: Progress: 1111 / 2014
main.py: Progress: 1112 / 2014
main.py: Progress: 1113 / 2014
main.py: Progress: 1114 / 2014
main.py: Progress: 1115 / 2014
main.py: Progress: 1116 / 2014
main.py: Progress: 1117 / 2014
main.py: Progress: 1118 / 2014
main.py: Progress: 1119 / 2014
main.py: Progress: 1120 / 2014
main.py: Progress: 1121 / 2014
main.py: Progress: 1122 / 2014
main.py: Progress: 1123 / 2014
main.py: Progress: 1124 / 2014
main.py: Progress: 1125 / 2014
main.py: Progress: 1126 / 2014
main.py: Progress: 1127 / 2014
main.py: Progress: 1128 / 2014
main.py: Progress: 1129 / 2014
main.py: Progress: 1130 / 2014
main.py: Progress: 1131 / 2014
main.py: Progress: 1132 / 2014
main.py: Progress: 1133 / 2014
main.py: Progress: 1134 / 2014
main.py: Progress: 1135 / 2014
main.py: Progress: 1136 / 2014
main.py: Progress: 1137 / 2014
main.py: Progress: 1138 / 2014
main.py: Progress: 1139 / 2014
main.py: Progress: 1140 / 2014
main.py: Progress: 1141 / 2014
main.py: Progress: 1142 / 2014
main.py: Progress: 1143 / 2014
main.py: Progress: 1144 / 2014
main.py: Progress: 1145 / 2014
main.py: Progress: 1146 / 2014
main.py: Progress: 1147 / 2014
main.py: Progress: 1148 / 2014
main.py: Progress: 1149 / 2014
main.py: Progress: 1150 / 2014
main.py: Progress: 1151 / 2014
main.py: Progress: 1152 / 2014
main.py: Progress: 1153 / 2014
main.py: Progress: 1154 / 2014
main.py: Progress: 1155 / 2014
main.py: Progress: 1156 / 2014
main.py: Progress: 1157 / 2014
main.py: Progress: 1158 / 2014
main.py: Progress: 1159 / 2014
main.py: Progress: 1160 / 2014
main.py: Progress: 1161 / 2014
main.py: Progress: 1162 / 2014
main.py: Progress: 1163 / 2014
main.py: Progress: 1164 / 2014
main.py: Progress: 1165 / 2014
main.py: Progress: 1166 / 2014
main.py: Progress: 1167 / 2014
main.py: Progress: 1168 / 2014
main.py: Progress: 1169 / 2014
main.py: Progress: 1170 / 2014
main.py: Progress: 1171 / 2014
main.py: Progress: 1172 / 2014
main.py: Progress: 1173 / 2014
main.py: Progress: 1174 / 2014
main.py: Progress: 1175 / 2014
main.py: Progress: 1176 / 2014
main.py: Progress: 1177 / 2014
main.py: Progress: 1178 / 2014
main.py: Progress: 1179 / 2014
main.py: Progress: 1180 / 2014
main.py: Progress: 1181 / 2014
main.py: Progress: 1182 / 2014
main.py: Progress: 1183 / 2014
main.py: Progress: 1184 / 2014
main.py: Progress: 1185 / 2014
main.py: Progress: 1186 / 2014
main.py: Progress: 1187 / 2014
main.py: Progress: 1188 / 2014
main.py: Progress: 1189 / 2014
main.py: Progress: 1190 / 2014
main.py: Progress: 1191 / 2014
main.py: Progress: 1192 / 2014
main.py: Progress: 1193 / 2014
main.py: Progress: 1194 / 2014
main.py: Progress: 1195 / 2014
main.py: Progress: 1196 / 2014
main.py: Progress: 1197 / 2014
main.py: Progress: 1198 / 2014
main.py: Progress: 1199 / 2014
main.py: Progress: 1200 / 2014
main.py: Progress: 1201 / 2014
main.py: Progress: 1202 / 2014
main.py: Progress: 1203 / 2014
main.py: Progress: 1204 / 2014
main.py: Progress: 1205 / 2014
main.py: Progress: 1206 / 2014
main.py: Progress: 1207 / 2014
main.py: Progress: 1208 / 2014
main.py: Progress: 1209 / 2014
main.py: Progress: 1210 / 2014
main.py: Progress: 1211 / 2014
main.py: Progress: 1212 / 2014
main.py: Progress: 1213 / 2014
main.py: Progress: 1214 / 2014
main.py: Progress: 1215 / 2014
main.py: Progress: 1216 / 2014
main.py: Progress: 1217 / 2014
main.py: Progress: 1218 / 2014
main.py: Progress: 1219 / 2014
main.py: Progress: 1220 / 2014
main.py: Progress: 1221 / 2014
main.py: Progress: 1222 / 2014
main.py: Progress: 1223 / 2014
main.py: Progress: 1224 / 2014
main.py: Progress: 1225 / 2014
main.py: Progress: 1226 / 2014
main.py: Progress: 1227 / 2014
main.py: Progress: 1228 / 2014
main.py: Progress: 1229 / 2014
main.py: Progress: 1230 / 2014
main.py: Progress: 1231 / 2014
main.py: Progress: 1232 / 2014
main.py: Progress: 1233 / 2014
main.py: Progress: 1234 / 2014
main.py: Progress: 1235 / 2014
main.py: Progress: 1236 / 2014
main.py: Progress: 1237 / 2014
main.py: Progress: 1238 / 2014
main.py: Progress: 1239 / 2014
main.py: Progress: 1240 / 2014
main.py: Progress: 1241 / 2014
main.py: Progress: 1242 / 2014
main.py: Progress: 1243 / 2014
main.py: Progress: 1244 / 2014
main.py: Progress: 1245 / 2014
main.py: Progress: 1246 / 2014
main.py: Progress: 1247 / 2014
main.py: Progress: 1248 / 2014
main.py: Progress: 1249 / 2014
main.py: Progress: 1250 / 2014
main.py: Progress: 1251 / 2014
main.py: Progress: 1252 / 2014
main.py: Progress: 1253 / 2014
main.py: Progress: 1254 / 2014
main.py: Progress: 1255 / 2014
main.py: Progress: 1256 / 2014
main.py: Progress: 1257 / 2014
main.py: Progress: 1258 / 2014
main.py: Progress: 1259 / 2014
main.py: Progress: 1260 / 2014
main.py: Progress: 1261 / 2014
main.py: Progress: 1262 / 2014
main.py: Progress: 1263 / 2014
main.py: Progress: 1264 / 2014
main.py: Progress: 1265 / 2014
main.py: Progress: 1266 / 2014
main.py: Progress: 1267 / 2014
main.py: Progress: 1268 / 2014
main.py: Progress: 1269 / 2014
main.py: Progress: 1270 / 2014
main.py: Progress: 1271 / 2014
main.py: Progress: 1272 / 2014
main.py: Progress: 1273 / 2014
main.py: Progress: 1274 / 2014
main.py: Progress: 1275 / 2014
main.py: Progress: 1276 / 2014
main.py: Progress: 1277 / 2014
main.py: Progress: 1278 / 2014
main.py: Progress: 1279 / 2014
main.py: Progress: 1280 / 2014
main.py: Progress: 1281 / 2014
main.py: Progress: 1282 / 2014
main.py: Progress: 1283 / 2014
main.py: Progress: 1284 / 2014
main.py: Progress: 1285 / 2014
main.py: Progress: 1286 / 2014
main.py: Progress: 1287 / 2014
main.py: Progress: 1288 / 2014
main.py: Progress: 1289 / 2014
main.py: Progress: 1290 / 2014
main.py: Progress: 1291 / 2014
main.py: Progress: 1292 / 2014
main.py: Progress: 1293 / 2014
main.py: Progress: 1294 / 2014
main.py: Progress: 1295 / 2014
main.py: Progress: 1296 / 2014
main.py: Progress: 1297 / 2014
main.py: Progress: 1298 / 2014
main.py: Progress: 1299 / 2014
main.py: Progress: 1300 / 2014
main.py: Progress: 1301 / 2014
main.py: Progress: 1302 / 2014
main.py: Progress: 1303 / 2014
main.py: Progress: 1304 / 2014
main.py: Progress: 1305 / 2014
main.py: Progress: 1306 / 2014
main.py: Progress: 1307 / 2014
main.py: Progress: 1308 / 2014
main.py: Progress: 1309 / 2014
main.py: Progress: 1310 / 2014
main.py: Progress: 1311 / 2014
main.py: Progress: 1312 / 2014
main.py: Progress: 1313 / 2014
main.py: Progress: 1314 / 2014
main.py: Progress: 1315 / 2014
main.py: Progress: 1316 / 2014
main.py: Progress: 1317 / 2014
main.py: Progress: 1318 / 2014
main.py: Progress: 1319 / 2014
main.py: Progress: 1320 / 2014
main.py: Progress: 1321 / 2014
main.py: Progress: 1322 / 2014
main.py: Progress: 1323 / 2014
main.py: Progress: 1324 / 2014
main.py: Progress: 1325 / 2014
main.py: Progress: 1326 / 2014
main.py: Progress: 1327 / 2014
main.py: Progress: 1328 / 2014
main.py: Progress: 1329 / 2014
main.py: Progress: 1330 / 2014
main.py: Progress: 1331 / 2014
main.py: Progress: 1332 / 2014
main.py: Progress: 1333 / 2014
main.py: Progress: 1334 / 2014
main.py: Progress: 1335 / 2014
main.py: Progress: 1336 / 2014
main.py: Progress: 1337 / 2014
main.py: Progress: 1338 / 2014
main.py: Progress: 1339 / 2014
main.py: Progress: 1340 / 2014
main.py: Progress: 1341 / 2014
main.py: Progress: 1342 / 2014
main.py: Progress: 1343 / 2014
main.py: Progress: 1344 / 2014
main.py: Progress: 1345 / 2014
main.py: Progress: 1346 / 2014
main.py: Progress: 1347 / 2014
main.py: Progress: 1348 / 2014
main.py: Progress: 1349 / 2014
main.py: Progress: 1350 / 2014
main.py: Progress: 1351 / 2014
main.py: Progress: 1352 / 2014
main.py: Progress: 1353 / 2014
main.py: Progress: 1354 / 2014
main.py: Progress: 1355 / 2014
main.py: Progress: 1356 / 2014
main.py: Progress: 1357 / 2014
main.py: Progress: 1358 / 2014
main.py: Progress: 1359 / 2014
main.py: Progress: 1360 / 2014
main.py: Progress: 1361 / 2014
main.py: Progress: 1362 / 2014
main.py: Progress: 1363 / 2014
main.py: Progress: 1364 / 2014
main.py: Progress: 1365 / 2014
main.py: Progress: 1366 / 2014
main.py: Progress: 1367 / 2014
main.py: Progress: 1368 / 2014
main.py: Progress: 1369 / 2014
main.py: Progress: 1370 / 2014
main.py: Progress: 1371 / 2014
main.py: Progress: 1372 / 2014
main.py: Progress: 1373 / 2014
main.py: Progress: 1374 / 2014
main.py: Progress: 1375 / 2014
main.py: Progress: 1376 / 2014
main.py: Progress: 1377 / 2014
main.py: Progress: 1378 / 2014
main.py: Progress: 1379 / 2014
main.py: Progress: 1380 / 2014
main.py: Progress: 1381 / 2014
main.py: Progress: 1382 / 2014
main.py: Progress: 1383 / 2014
main.py: Progress: 1384 / 2014
main.py: Progress: 1385 / 2014
main.py: Progress: 1386 / 2014
main.py: Progress: 1387 / 2014
main.py: Progress: 1388 / 2014
main.py: Progress: 1389 / 2014
main.py: Progress: 1390 / 2014
main.py: Progress: 1391 / 2014
main.py: Progress: 1392 / 2014
main.py: Progress: 1393 / 2014
main.py: Progress: 1394 / 2014
main.py: Progress: 1395 / 2014
main.py: Progress: 1396 / 2014
main.py: Progress: 1397 / 2014
main.py: Progress: 1398 / 2014
main.py: Progress: 1399 / 2014
main.py: Progress: 1400 / 2014
main.py: Progress: 1401 / 2014
main.py: Progress: 1402 / 2014
main.py: Progress: 1403 / 2014
main.py: Progress: 1404 / 2014
main.py: Progress: 1405 / 2014
main.py: Progress: 1406 / 2014
main.py: Progress: 1407 / 2014
main.py: Progress: 1408 / 2014
main.py: Progress: 1409 / 2014
main.py: Progress: 1410 / 2014
main.py: Progress: 1411 / 2014
main.py: Progress: 1412 / 2014
main.py: Progress: 1413 / 2014
main.py: Progress: 1414 / 2014
main.py: Progress: 1415 / 2014
main.py: Progress: 1416 / 2014
main.py: Progress: 1417 / 2014
main.py: Progress: 1418 / 2014
main.py: Progress: 1419 / 2014
main.py: Progress: 1420 / 2014
main.py: Progress: 1421 / 2014
main.py: Progress: 1422 / 2014
main.py: Progress: 1423 / 2014
main.py: Progress: 1424 / 2014
main.py: Progress: 1425 / 2014
main.py: Progress: 1426 / 2014
main.py: Progress: 1427 / 2014
main.py: Progress: 1428 / 2014
main.py: Progress: 1429 / 2014
main.py: Progress: 1430 / 2014
main.py: Progress: 1431 / 2014
main.py: Progress: 1432 / 2014
main.py: Progress: 1433 / 2014
main.py: Progress: 1434 / 2014
main.py: Progress: 1435 / 2014
main.py: Progress: 1436 / 2014
main.py: Progress: 1437 / 2014
main.py: Progress: 1438 / 2014
main.py: Progress: 1439 / 2014
main.py: Progress: 1440 / 2014
main.py: Progress: 1441 / 2014
main.py: Progress: 1442 / 2014
main.py: Progress: 1443 / 2014
main.py: Progress: 1444 / 2014
main.py: Progress: 1445 / 2014
main.py: Progress: 1446 / 2014
main.py: Progress: 1447 / 2014
main.py: Progress: 1448 / 2014
main.py: Progress: 1449 / 2014
main.py: Progress: 1450 / 2014
main.py: Progress: 1451 / 2014
main.py: Progress: 1452 / 2014
main.py: Progress: 1453 / 2014
main.py: Progress: 1454 / 2014
main.py: Progress: 1455 / 2014
main.py: Progress: 1456 / 2014
main.py: Progress: 1457 / 2014
main.py: Progress: 1458 / 2014
main.py: Progress: 1459 / 2014
main.py: Progress: 1460 / 2014
main.py: Progress: 1461 / 2014
main.py: Progress: 1462 / 2014
main.py: Progress: 1463 / 2014
main.py: Progress: 1464 / 2014
main.py: Progress: 1465 / 2014
main.py: Progress: 1466 / 2014
main.py: Progress: 1467 / 2014
main.py: Progress: 1468 / 2014
main.py: Progress: 1469 / 2014
main.py: Progress: 1470 / 2014
main.py: Progress: 1471 / 2014
main.py: Progress: 1472 / 2014
main.py: Progress: 1473 / 2014
main.py: Progress: 1474 / 2014
main.py: Progress: 1475 / 2014
main.py: Progress: 1476 / 2014
main.py: Progress: 1477 / 2014
main.py: Progress: 1478 / 2014
main.py: Progress: 1479 / 2014
main.py: Progress: 1480 / 2014
main.py: Progress: 1481 / 2014
main.py: Progress: 1482 / 2014
main.py: Progress: 1483 / 2014
main.py: Progress: 1484 / 2014
main.py: Progress: 1485 / 2014
main.py: Progress: 1486 / 2014
main.py: Progress: 1487 / 2014
main.py: Progress: 1488 / 2014
main.py: Progress: 1489 / 2014
main.py: Progress: 1490 / 2014
main.py: Progress: 1491 / 2014
main.py: Progress: 1492 / 2014
main.py: Progress: 1493 / 2014
main.py: Progress: 1494 / 2014
main.py: Progress: 1495 / 2014
main.py: Progress: 1496 / 2014
main.py: Progress: 1497 / 2014
main.py: Progress: 1498 / 2014
main.py: Progress: 1499 / 2014
main.py: Progress: 1500 / 2014
main.py: Progress: 1501 / 2014
main.py: Progress: 1502 / 2014
main.py: Progress: 1503 / 2014
main.py: Progress: 1504 / 2014
main.py: Progress: 1505 / 2014
main.py: Progress: 1506 / 2014
main.py: Progress: 1507 / 2014
main.py: Progress: 1508 / 2014
main.py: Progress: 1509 / 2014
main.py: Progress: 1510 / 2014
main.py: Progress: 1511 / 2014
main.py: Progress: 1512 / 2014
main.py: Progress: 1513 / 2014
main.py: Progress: 1514 / 2014
main.py: Progress: 1515 / 2014
main.py: Progress: 1516 / 2014
main.py: Progress: 1517 / 2014
main.py: Progress: 1518 / 2014
main.py: Progress: 1519 / 2014
main.py: Progress: 1520 / 2014
main.py: Progress: 1521 / 2014
main.py: Progress: 1522 / 2014
main.py: Progress: 1523 / 2014
main.py: Progress: 1524 / 2014
main.py: Progress: 1525 / 2014
main.py: Progress: 1526 / 2014
main.py: Progress: 1527 / 2014
main.py: Progress: 1528 / 2014
main.py: Progress: 1529 / 2014
main.py: Progress: 1530 / 2014
main.py: Progress: 1531 / 2014
main.py: Progress: 1532 / 2014
main.py: Progress: 1533 / 2014
main.py: Progress: 1534 / 2014
main.py: Progress: 1535 / 2014
main.py: Progress: 1536 / 2014
main.py: Progress: 1537 / 2014
main.py: Progress: 1538 / 2014
main.py: Progress: 1539 / 2014
main.py: Progress: 1540 / 2014
main.py: Progress: 1541 / 2014
main.py: Progress: 1542 / 2014
main.py: Progress: 1543 / 2014
main.py: Progress: 1544 / 2014
main.py: Progress: 1545 / 2014
main.py: Progress: 1546 / 2014
main.py: Progress: 1547 / 2014
main.py: Progress: 1548 / 2014
main.py: Progress: 1549 / 2014
main.py: Progress: 1550 / 2014
main.py: Progress: 1551 / 2014
main.py: Progress: 1552 / 2014
main.py: Progress: 1553 / 2014
main.py: Progress: 1554 / 2014
main.py: Progress: 1555 / 2014
main.py: Progress: 1556 / 2014
main.py: Progress: 1557 / 2014
main.py: Progress: 1558 / 2014
main.py: Progress: 1559 / 2014
main.py: Progress: 1560 / 2014
main.py: Progress: 1561 / 2014
main.py: Progress: 1562 / 2014
main.py: Progress: 1563 / 2014
main.py: Progress: 1564 / 2014
main.py: Progress: 1565 / 2014
main.py: Progress: 1566 / 2014
main.py: Progress: 1567 / 2014
main.py: Progress: 1568 / 2014
main.py: Progress: 1569 / 2014
main.py: Progress: 1570 / 2014
main.py: Progress: 1571 / 2014
main.py: Progress: 1572 / 2014
main.py: Progress: 1573 / 2014
main.py: Progress: 1574 / 2014
main.py: Progress: 1575 / 2014
main.py: Progress: 1576 / 2014
main.py: Progress: 1577 / 2014
main.py: Progress: 1578 / 2014
main.py: Progress: 1579 / 2014
main.py: Progress: 1580 / 2014
main.py: Progress: 1581 / 2014
main.py: Progress: 1582 / 2014
main.py: Progress: 1583 / 2014
main.py: Progress: 1584 / 2014
main.py: Progress: 1585 / 2014
main.py: Progress: 1586 / 2014
main.py: Progress: 1587 / 2014
main.py: Progress: 1588 / 2014
main.py: Progress: 1589 / 2014
main.py: Progress: 1590 / 2014
main.py: Progress: 1591 / 2014
main.py: Progress: 1592 / 2014
main.py: Progress: 1593 / 2014
main.py: Progress: 1594 / 2014
main.py: Progress: 1595 / 2014
main.py: Progress: 1596 / 2014
main.py: Progress: 1597 / 2014
main.py: Progress: 1598 / 2014
main.py: Progress: 1599 / 2014
main.py: Progress: 1600 / 2014
main.py: Progress: 1601 / 2014
main.py: Progress: 1602 / 2014
main.py: Progress: 1603 / 2014
main.py: Progress: 1604 / 2014
main.py: Progress: 1605 / 2014
main.py: Progress: 1606 / 2014
main.py: Progress: 1607 / 2014
main.py: Progress: 1608 / 2014
main.py: Progress: 1609 / 2014
main.py: Progress: 1610 / 2014
main.py: Progress: 1611 / 2014
main.py: Progress: 1612 / 2014
main.py: Progress: 1613 / 2014
main.py: Progress: 1614 / 2014
main.py: Progress: 1615 / 2014
main.py: Progress: 1616 / 2014
main.py: Progress: 1617 / 2014
main.py: Progress: 1618 / 2014
main.py: Progress: 1619 / 2014
main.py: Progress: 1620 / 2014
main.py: Progress: 1621 / 2014
main.py: Progress: 1622 / 2014
main.py: Progress: 1623 / 2014
main.py: Progress: 1624 / 2014
main.py: Progress: 1625 / 2014
main.py: Progress: 1626 / 2014
main.py: Progress: 1627 / 2014
main.py: Progress: 1628 / 2014
main.py: Progress: 1629 / 2014
main.py: Progress: 1630 / 2014
main.py: Progress: 1631 / 2014
main.py: Progress: 1632 / 2014
main.py: Progress: 1633 / 2014
main.py: Progress: 1634 / 2014
main.py: Progress: 1635 / 2014
main.py: Progress: 1636 / 2014
main.py: Progress: 1637 / 2014
main.py: Progress: 1638 / 2014
main.py: Progress: 1639 / 2014
main.py: Progress: 1640 / 2014
main.py: Progress: 1641 / 2014
main.py: Progress: 1642 / 2014
main.py: Progress: 1643 / 2014
main.py: Progress: 1644 / 2014
main.py: Progress: 1645 / 2014
main.py: Progress: 1646 / 2014
main.py: Progress: 1647 / 2014
main.py: Progress: 1648 / 2014
main.py: Progress: 1649 / 2014
main.py: Progress: 1650 / 2014
main.py: Progress: 1651 / 2014
main.py: Progress: 1652 / 2014
main.py: Progress: 1653 / 2014
main.py: Progress: 1654 / 2014
main.py: Progress: 1655 / 2014
main.py: Progress: 1656 / 2014
main.py: Progress: 1657 / 2014
main.py: Progress: 1658 / 2014
main.py: Progress: 1659 / 2014
main.py: Progress: 1660 / 2014
main.py: Progress: 1661 / 2014
main.py: Progress: 1662 / 2014
main.py: Progress: 1663 / 2014
main.py: Progress: 1664 / 2014
main.py: Progress: 1665 / 2014
main.py: Progress: 1666 / 2014
main.py: Progress: 1667 / 2014
main.py: Progress: 1668 / 2014
main.py: Progress: 1669 / 2014
main.py: Progress: 1670 / 2014
main.py: Progress: 1671 / 2014
main.py: Progress: 1672 / 2014
main.py: Progress: 1673 / 2014
main.py: Progress: 1674 / 2014
main.py: Progress: 1675 / 2014
main.py: Progress: 1676 / 2014
main.py: Progress: 1677 / 2014
main.py: Progress: 1678 / 2014
main.py: Progress: 1679 / 2014
main.py: Progress: 1680 / 2014
main.py: Progress: 1681 / 2014
main.py: Progress: 1682 / 2014
main.py: Progress: 1683 / 2014
main.py: Progress: 1684 / 2014
main.py: Progress: 1685 / 2014
main.py: Progress: 1686 / 2014
main.py: Progress: 1687 / 2014
main.py: Progress: 1688 / 2014
main.py: Progress: 1689 / 2014
main.py: Progress: 1690 / 2014
main.py: Progress: 1691 / 2014
main.py: Progress: 1692 / 2014
main.py: Progress: 1693 / 2014
main.py: Progress: 1694 / 2014
main.py: Progress: 1695 / 2014
main.py: Progress: 1696 / 2014
main.py: Progress: 1697 / 2014
main.py: Progress: 1698 / 2014
main.py: Progress: 1699 / 2014
main.py: Progress: 1700 / 2014
main.py: Progress: 1701 / 2014
main.py: Progress: 1702 / 2014
main.py: Progress: 1703 / 2014
main.py: Progress: 1704 / 2014
main.py: Progress: 1705 / 2014
main.py: Progress: 1706 / 2014
main.py: Progress: 1707 / 2014
main.py: Progress: 1708 / 2014
main.py: Progress: 1709 / 2014
main.py: Progress: 1710 / 2014
main.py: Progress: 1711 / 2014
main.py: Progress: 1712 / 2014
main.py: Progress: 1713 / 2014
main.py: Progress: 1714 / 2014
main.py: Progress: 1715 / 2014
main.py: Progress: 1716 / 2014
main.py: Progress: 1717 / 2014
main.py: Progress: 1718 / 2014
main.py: Progress: 1719 / 2014
main.py: Progress: 1720 / 2014
main.py: Progress: 1721 / 2014
main.py: Progress: 1722 / 2014
main.py: Progress: 1723 / 2014
main.py: Progress: 1724 / 2014
main.py: Progress: 1725 / 2014
main.py: Progress: 1726 / 2014
main.py: Progress: 1727 / 2014
main.py: Progress: 1728 / 2014
main.py: Progress: 1729 / 2014
main.py: Progress: 1730 / 2014
main.py: Progress: 1731 / 2014
main.py: Progress: 1732 / 2014
main.py: Progress: 1733 / 2014
main.py: Progress: 1734 / 2014
main.py: Progress: 1735 / 2014
main.py: Progress: 1736 / 2014
main.py: Progress: 1737 / 2014
main.py: Progress: 1738 / 2014
main.py: Progress: 1739 / 2014
main.py: Progress: 1740 / 2014
main.py: Progress: 1741 / 2014
main.py: Progress: 1742 / 2014
main.py: Progress: 1743 / 2014
main.py: Progress: 1744 / 2014
main.py: Progress: 1745 / 2014
main.py: Progress: 1746 / 2014
main.py: Progress: 1747 / 2014
main.py: Progress: 1748 / 2014
main.py: Progress: 1749 / 2014
main.py: Progress: 1750 / 2014
main.py: Progress: 1751 / 2014
main.py: Progress: 1752 / 2014
main.py: Progress: 1753 / 2014
main.py: Progress: 1754 / 2014
main.py: Progress: 1755 / 2014
main.py: Progress: 1756 / 2014
main.py: Progress: 1757 / 2014
main.py: Progress: 1758 / 2014
main.py: Progress: 1759 / 2014
main.py: Progress: 1760 / 2014
main.py: Progress: 1761 / 2014
main.py: Progress: 1762 / 2014
main.py: Progress: 1763 / 2014
main.py: Progress: 1764 / 2014
main.py: Progress: 1765 / 2014
main.py: Progress: 1766 / 2014
main.py: Progress: 1767 / 2014
main.py: Progress: 1768 / 2014
main.py: Progress: 1769 / 2014
main.py: Progress: 1770 / 2014
main.py: Progress: 1771 / 2014
main.py: Progress: 1772 / 2014
main.py: Progress: 1773 / 2014
main.py: Progress: 1774 / 2014
main.py: Progress: 1775 / 2014
main.py: Progress: 1776 / 2014
main.py: Progress: 1777 / 2014
main.py: Progress: 1778 / 2014
main.py: Progress: 1779 / 2014
main.py: Progress: 1780 / 2014
main.py: Progress: 1781 / 2014
main.py: Progress: 1782 / 2014
main.py: Progress: 1783 / 2014
main.py: Progress: 1784 / 2014
main.py: Progress: 1785 / 2014
main.py: Progress: 1786 / 2014
main.py: Progress: 1787 / 2014
main.py: Progress: 1788 / 2014
main.py: Progress: 1789 / 2014
main.py: Progress: 1790 / 2014
main.py: Progress: 1791 / 2014
main.py: Progress: 1792 / 2014
main.py: Progress: 1793 / 2014
main.py: Progress: 1794 / 2014
main.py: Progress: 1795 / 2014
main.py: Progress: 1796 / 2014
main.py: Progress: 1797 / 2014
main.py: Progress: 1798 / 2014
main.py: Progress: 1799 / 2014
main.py: Progress: 1800 / 2014
main.py: Progress: 1801 / 2014
main.py: Progress: 1802 / 2014
main.py: Progress: 1803 / 2014
main.py: Progress: 1804 / 2014
main.py: Progress: 1805 / 2014
main.py: Progress: 1806 / 2014
main.py: Progress: 1807 / 2014
main.py: Progress: 1808 / 2014
main.py: Progress: 1809 / 2014
main.py: Progress: 1810 / 2014
main.py: Progress: 1811 / 2014
main.py: Progress: 1812 / 2014
main.py: Progress: 1813 / 2014
main.py: Progress: 1814 / 2014
main.py: Progress: 1815 / 2014
main.py: Progress: 1816 / 2014
main.py: Progress: 1817 / 2014
main.py: Progress: 1818 / 2014
main.py: Progress: 1819 / 2014
main.py: Progress: 1820 / 2014
main.py: Progress: 1821 / 2014
main.py: Progress: 1822 / 2014
main.py: Progress: 1823 / 2014
main.py: Progress: 1824 / 2014
main.py: Progress: 1825 / 2014
main.py: Progress: 1826 / 2014
main.py: Progress: 1827 / 2014
main.py: Progress: 1828 / 2014
main.py: Progress: 1829 / 2014
main.py: Progress: 1830 / 2014
main.py: Progress: 1831 / 2014
main.py: Progress: 1832 / 2014
main.py: Progress: 1833 / 2014
main.py: Progress: 1834 / 2014
main.py: Progress: 1835 / 2014
main.py: Progress: 1836 / 2014
main.py: Progress: 1837 / 2014
main.py: Progress: 1838 / 2014
main.py: Progress: 1839 / 2014
main.py: Progress: 1840 / 2014
main.py: Progress: 1841 / 2014
main.py: Progress: 1842 / 2014
main.py: Progress: 1843 / 2014
main.py: Progress: 1844 / 2014
main.py: Progress: 1845 / 2014
main.py: Progress: 1846 / 2014
main.py: Progress: 1847 / 2014
main.py: Progress: 1848 / 2014
main.py: Progress: 1849 / 2014
main.py: Progress: 1850 / 2014
main.py: Progress: 1851 / 2014
main.py: Progress: 1852 / 2014
main.py: Progress: 1853 / 2014
main.py: Progress: 1854 / 2014
main.py: Progress: 1855 / 2014
main.py: Progress: 1856 / 2014
main.py: Progress: 1857 / 2014
main.py: Progress: 1858 / 2014
main.py: Progress: 1859 / 2014
main.py: Progress: 1860 / 2014
main.py: Progress: 1861 / 2014
main.py: Progress: 1862 / 2014
main.py: Progress: 1863 / 2014
main.py: Progress: 1864 / 2014
main.py: Progress: 1865 / 2014
main.py: Progress: 1866 / 2014
main.py: Progress: 1867 / 2014
main.py: Progress: 1868 / 2014
main.py: Progress: 1869 / 2014
main.py: Progress: 1870 / 2014
main.py: Progress: 1871 / 2014
main.py: Progress: 1872 / 2014
main.py: Progress: 1873 / 2014
main.py: Progress: 1874 / 2014
main.py: Progress: 1875 / 2014
main.py: Progress: 1876 / 2014
main.py: Progress: 1877 / 2014
main.py: Progress: 1878 / 2014
main.py: Progress: 1879 / 2014
main.py: Progress: 1880 / 2014
main.py: Progress: 1881 / 2014
main.py: Progress: 1882 / 2014
main.py: Progress: 1883 / 2014
main.py: Progress: 1884 / 2014
main.py: Progress: 1885 / 2014
main.py: Progress: 1886 / 2014
main.py: Progress: 1887 / 2014
main.py: Progress: 1888 / 2014
main.py: Progress: 1889 / 2014
main.py: Progress: 1890 / 2014
main.py: Progress: 1891 / 2014
main.py: Progress: 1892 / 2014
main.py: Progress: 1893 / 2014
main.py: Progress: 1894 / 2014
main.py: Progress: 1895 / 2014
main.py: Progress: 1896 / 2014
main.py: Progress: 1897 / 2014
main.py: Progress: 1898 / 2014
main.py: Progress: 1899 / 2014
main.py: Progress: 1900 / 2014
main.py: Progress: 1901 / 2014
main.py: Progress: 1902 / 2014
main.py: Progress: 1903 / 2014
main.py: Progress: 1904 / 2014
main.py: Progress: 1905 / 2014
main.py: Progress: 1906 / 2014
main.py: Progress: 1907 / 2014
main.py: Progress: 1908 / 2014
main.py: Progress: 1909 / 2014
main.py: Progress: 1910 / 2014
main.py: Progress: 1911 / 2014
main.py: Progress: 1912 / 2014
main.py: Progress: 1913 / 2014
main.py: Progress: 1914 / 2014
main.py: Progress: 1915 / 2014
main.py: Progress: 1916 / 2014
main.py: Progress: 1917 / 2014
main.py: Progress: 1918 / 2014
main.py: Progress: 1919 / 2014
main.py: Progress: 1920 / 2014
main.py: Progress: 1921 / 2014
main.py: Progress: 1922 / 2014
main.py: Progress: 1923 / 2014
main.py: Progress: 1924 / 2014
main.py: Progress: 1925 / 2014
main.py: Progress: 1926 / 2014
main.py: Progress: 1927 / 2014
main.py: Progress: 1928 / 2014
main.py: Progress: 1929 / 2014
main.py: Progress: 1930 / 2014
main.py: Progress: 1931 / 2014
main.py: Progress: 1932 / 2014
main.py: Progress: 1933 / 2014
main.py: Progress: 1934 / 2014
main.py: Progress: 1935 / 2014
main.py: Progress: 1936 / 2014
main.py: Progress: 1937 / 2014
main.py: Progress: 1938 / 2014
main.py: Progress: 1939 / 2014
main.py: Progress: 1940 / 2014
main.py: Progress: 1941 / 2014
main.py: Progress: 1942 / 2014
main.py: Progress: 1943 / 2014
main.py: Progress: 1944 / 2014
main.py: Progress: 1945 / 2014
main.py: Progress: 1946 / 2014
main.py: Progress: 1947 / 2014
main.py: Progress: 1948 / 2014
main.py: Progress: 1949 / 2014
main.py: Progress: 1950 / 2014
main.py: Progress: 1951 / 2014
main.py: Progress: 1952 / 2014
main.py: Progress: 1953 / 2014
main.py: Progress: 1954 / 2014
main.py: Progress: 1955 / 2014
main.py: Progress: 1956 / 2014
main.py: Progress: 1957 / 2014
main.py: Progress: 1958 / 2014
main.py: Progress: 1959 / 2014
main.py: Progress: 1960 / 2014
main.py: Progress: 1961 / 2014
main.py: Progress: 1962 / 2014
main.py: Progress: 1963 / 2014
main.py: Progress: 1964 / 2014
main.py: Progress: 1965 / 2014
main.py: Progress: 1966 / 2014
main.py: Progress: 1967 / 2014
main.py: Progress: 1968 / 2014
main.py: Progress: 1969 / 2014
main.py: Progress: 1970 / 2014
main.py: Progress: 1971 / 2014
main.py: Progress: 1972 / 2014
main.py: Progress: 1973 / 2014
main.py: Progress: 1974 / 2014
main.py: Progress: 1975 / 2014
main.py: Progress: 1976 / 2014
main.py: Progress: 1977 / 2014
main.py: Progress: 1978 / 2014
main.py: Progress: 1979 / 2014
main.py: Progress: 1980 / 2014
main.py: Progress: 1981 / 2014
main.py: Progress: 1982 / 2014
main.py: Progress: 1983 / 2014
main.py: Progress: 1984 / 2014
main.py: Progress: 1985 / 2014
main.py: Progress: 1986 / 2014
main.py: Progress: 1987 / 2014
main.py: Progress: 1988 / 2014
main.py: Progress: 1989 / 2014
main.py: Progress: 1990 / 2014
main.py: Progress: 1991 / 2014
main.py: Progress: 1992 / 2014
main.py: Progress: 1993 / 2014
main.py: Progress: 1994 / 2014
main.py: Progress: 1995 / 2014
main.py: Progress: 1996 / 2014
main.py: Progress: 1997 / 2014
main.py: Progress: 1998 / 2014
main.py: Progress: 1999 / 2014
time 2000 ( all targets found and t>1000s) and set up src_dst pairs = [([0, 8], (-1, -1))]
Route initialization:  {0: {'Route': [0, 8], 'MCS_Index': [2], 'Priority': 1, 'ValidRoute': False, 'HQRoute': False, 'RouteNodeDensity': [None, None], 'InterferingLinks': 0, 'Target': (-1, -1)}}
node.py: Inside packet generation function at node: Node0. Curr time: 2000.000000, Packet inter arrival time: 0.008199
Called Update: UpdateRouteCalls = 0, force = False
Called Update: UpdateRouteCalls = 1, force = False
Called Update: UpdateRouteCalls = 2, force = False
Called Update: UpdateRouteCalls = 3, force = False
Called Update: UpdateRouteCalls = 4, force = False
Called Update: UpdateRouteCalls = 5, force = False
Called Update: UpdateRouteCalls = 6, force = False
Called Update: UpdateRouteCalls = 7, force = False
Called Update: UpdateRouteCalls = 8, force = False
Called Update: UpdateRouteCalls = 9, force = False
Called Update: UpdateRouteCalls = 10, force = False
Called Update: UpdateRouteCalls = 11, force = False
Called Update: UpdateRouteCalls = 12, force = False
Called Update: UpdateRouteCalls = 13, force = False
Called Update: UpdateRouteCalls = 14, force = False
Called Update: UpdateRouteCalls = 15, force = False
Called Update: UpdateRouteCalls = 16, force = False
Called Update: UpdateRouteCalls = 17, force = False
!! UPDATING !!
routeNo, updatedMCSIndex =  0 [2]
Path | HC | IL | Max Data Rate Supported | HQ Path | Tangled Path | Cost
------------------------------
[0, 1, 2, 3, 4, 5, 6, 7, 8] | 8 | 16 | 11 | True | False | 0.8846153846153846
Found Route:
 {'Path': [0, 1, 2, 3, 4, 5, 6, 7, 8], 'HC': 8, 'IL': 16, 'Max Data Rate Supported': 11, 'HQ Path': np.True_, 'Tangled Path': False, 'Cost': 0.8846153846153846}
Called Update: UpdateRouteCalls = 0, force = True
!! UPDATING !!
routeNo, updatedMCSIndex =  0 [2, 2, 2, 2, 2, 2, 2, 2]

rf.py: Time: 2000 Route details: {0: {'Route': [0, 1, 2, 3, 4, 5, 6, 7, 8], 'MCS_Index': [2, 2, 2, 2, 2, 2, 2, 2], 'Priority': 1, 'ValidRoute': True, 'HQRoute': np.True_, 'RouteNodeDensity': [0, 0, 0, 0, 0, 2, 0, 0, 0], 'InterferingLinks': 16, 'Target': (-1, -1)}}
main.py: Progress: 2000 / 2014
Node.py: (Node0)@2000400000000.0: Updated MCS from 2 to 1, hist=deque([1.0], maxlen=5), packets_serviced=48, packets_received=48
Called Update: UpdateRouteCalls = 0, force = False
Node.py: (Node1)@2000400000000.0: Updated MCS from 2 to 1, hist=deque([0.9574468085106383], maxlen=5), packets_serviced=45, packets_received=47
Called Update: UpdateRouteCalls = 1, force = False
Node.py: (Node2)@2000400000000.0: Updated MCS from 2 to 1, hist=deque([1.0], maxlen=5), packets_serviced=42, packets_received=42
Called Update: UpdateRouteCalls = 2, force = False
Node.py: (Node3)@2000400000000.0: Updated MCS from 2 to 1, hist=deque([1.0], maxlen=5), packets_serviced=39, packets_received=39
Called Update: UpdateRouteCalls = 3, force = False
Node.py: (Node4)@2000400000000.0: Updated MCS from 2 to 1, hist=deque([1.0], maxlen=5), packets_serviced=36, packets_received=36
Called Update: UpdateRouteCalls = 4, force = False
Node.py: (Node5)@2000400000000.0: Updated MCS from 2 to 1, hist=deque([1.0], maxlen=5), packets_serviced=33, packets_received=33
Called Update: UpdateRouteCalls = 5, force = False
Node.py: (Node6)@2000400000000.0: Updated MCS from 2 to 1, hist=deque([0.1], maxlen=5), packets_serviced=3, packets_received=30
Called Update: UpdateRouteCalls = 6, force = False
Called Update: UpdateRouteCalls = 7, force = False
Called Update: UpdateRouteCalls = 8, force = False
Called Update: UpdateRouteCalls = 9, force = False
Called Update: UpdateRouteCalls = 10, force = False
Called Update: UpdateRouteCalls = 11, force = False
Called Update: UpdateRouteCalls = 12, force = False
Called Update: UpdateRouteCalls = 13, force = False
Called Update: UpdateRouteCalls = 14, force = False
Called Update: UpdateRouteCalls = 15, force = False
Called Update: UpdateRouteCalls = 16, force = False
Called Update: UpdateRouteCalls = 17, force = False
!! UPDATING !!
routeNo, updatedMCSIndex =  0 [1, 1, 1, 1, 1, 1, 1, 2]
Node.py: (Node0)@2000800000000.0: Updated MCS from 1 to 0, hist=deque([1.0, 0.7755102040816326], maxlen=5), packets_serviced=38, packets_received=49
Called Update: UpdateRouteCalls = 0, force = False
Node.py: (Node1)@2000800000000.0: Updated MCS from 1 to 1, hist=deque([0.9574468085106383, 0.4342105263157895], maxlen=5), packets_serviced=33, packets_received=76
Called Update: UpdateRouteCalls = 1, force = False
Node.py: (Node2)@2000800000000.0: Updated MCS from 1 to 1, hist=deque([1.0, 0.16901408450704225], maxlen=5), packets_serviced=12, packets_received=71
Called Update: UpdateRouteCalls = 2, force = False
Node.py: (Node3)@2000800000000.0: Updated MCS from 1 to 1, hist=deque([1.0, 0.4230769230769231], maxlen=5), packets_serviced=11, packets_received=26
Called Update: UpdateRouteCalls = 3, force = False
Node.py: (Node4)@2000800000000.0: Updated MCS from 1 to 1, hist=deque([1.0, 0.26666666666666666], maxlen=5), packets_serviced=8, packets_received=30
Called Update: UpdateRouteCalls = 4, force = False
Node.py: (Node5)@2000800000000.0: Updated MCS from 1 to 1, hist=deque([1.0, 0.21052631578947367], maxlen=5), packets_serviced=8, packets_received=38
Called Update: UpdateRouteCalls = 5, force = False
Node.py: (Node6)@2000800000000.0: Updated MCS from 1 to 1, hist=deque([0.1, 0.9411764705882353], maxlen=5), packets_serviced=32, packets_received=34
Called Update: UpdateRouteCalls = 6, force = False
Node.py: (Node7)@2000800000000.0: Updated MCS from 2 to 1, hist=deque([0.014492753623188406], maxlen=5), packets_serviced=2, packets_received=138
Called Update: UpdateRouteCalls = 7, force = False
Called Update: UpdateRouteCalls = 8, force = False
Called Update: UpdateRouteCalls = 9, force = False
Called Update: UpdateRouteCalls = 10, force = False
Called Update: UpdateRouteCalls = 11, force = False
Called Update: UpdateRouteCalls = 12, force = False
Called Update: UpdateRouteCalls = 13, force = False
Called Update: UpdateRouteCalls = 14, force = False
Called Update: UpdateRouteCalls = 15, force = False
Called Update: UpdateRouteCalls = 16, force = False
Called Update: UpdateRouteCalls = 17, force = False
!! UPDATING !!
routeNo, updatedMCSIndex =  0 [0, 1, 1, 1, 1, 1, 1, 1]
main.py: Progress: 2001 / 2014
Called Update: UpdateRouteCalls = 0, force = True
!! UPDATING !!
routeNo, updatedMCSIndex =  0 [0, 1, 1, 1, 1, 1, 1, 1]

rf.py: Time: 2001 Route details: {0: {'Route': [0, 1, 2, 3, 4, 5, 6, 7, 8], 'MCS_Index': [0, 1, 1, 1, 1, 1, 1, 1], 'Priority': 1, 'ValidRoute': True, 'HQRoute': True, 'RouteNodeDensity': [0, 0, 0, 0, 0, 2, 0, 0, 0], 'InterferingLinks': 16, 'Target': (-1, -1)}}
Node.py: (Node0)@2001200000000.0: Updated MCS from 0 to 1, hist=deque([1.0, 0.7755102040816326, 0.02040816326530612], maxlen=5), packets_serviced=1, packets_received=49
Called Update: UpdateRouteCalls = 0, force = False
Node.py: (Node1)@2001200000000.0: Updated MCS from 1 to 1, hist=deque([0.9574468085106383, 0.4342105263157895, 0.20833333333333334], maxlen=5), packets_serviced=5, packets_received=24
Called Update: UpdateRouteCalls = 1, force = False
Node.py: (Node2)@2001200000000.0: Updated MCS from 1 to 1, hist=deque([1.0, 0.16901408450704225, 0.7931034482758621], maxlen=5), packets_serviced=23, packets_received=29
Called Update: UpdateRouteCalls = 2, force = False
Node.py: (Node3)@2001200000000.0: Updated MCS from 1 to 1, hist=deque([1.0, 0.4230769230769231, 0.3333333333333333], maxlen=5), packets_serviced=20, packets_received=60
Called Update: UpdateRouteCalls = 3, force = False
Node.py: (Node4)@2001200000000.0: Updated MCS from 1 to 1, hist=deque([1.0, 0.26666666666666666, 0.4318181818181818], maxlen=5), packets_serviced=19, packets_received=44
Called Update: UpdateRouteCalls = 4, force = False
Node.py: (Node5)@2001200000000.0: Updated MCS from 1 to 1, hist=deque([1.0, 0.21052631578947367, 0.4117647058823529], maxlen=5), packets_serviced=14, packets_received=34
Called Update: UpdateRouteCalls = 5, force = False
Node.py: (Node6)@2001200000000.0: Updated MCS from 1 to 1, hist=deque([0.1, 0.9411764705882353, 0.125], maxlen=5), packets_serviced=5, packets_received=40
Called Update: UpdateRouteCalls = 6, force = False
Node.py: (Node7)@2001200000000.0: Updated MCS from 1 to 1, hist=deque([0.014492753623188406, 1.0625], maxlen=5), packets_serviced=34, packets_received=32
Called Update: UpdateRouteCalls = 7, force = False
Called Update: UpdateRouteCalls = 8, force = False
Called Update: UpdateRouteCalls = 9, force = False
Called Update: UpdateRouteCalls = 10, force = False
Called Update: UpdateRouteCalls = 11, force = False
Called Update: UpdateRouteCalls = 12, force = False
Called Update: UpdateRouteCalls = 13, force = False
Called Update: UpdateRouteCalls = 14, force = False
Called Update: UpdateRouteCalls = 15, force = False
Called Update: UpdateRouteCalls = 16, force = False
Called Update: UpdateRouteCalls = 17, force = False
!! UPDATING !!
routeNo, updatedMCSIndex =  0 [1, 1, 1, 1, 1, 1, 1, 1]
Node.py: (Node0)@2001600000000.0: Updated MCS from 1 to 1, hist=deque([1.0, 0.7755102040816326, 0.02040816326530612, 0.3469387755102041], maxlen=5), packets_serviced=17, packets_received=49
Called Update: UpdateRouteCalls = 0, force = False
Node.py: (Node1)@2001600000000.0: Updated MCS from 1 to 1, hist=deque([0.9574468085106383, 0.4342105263157895, 0.20833333333333334, 0.10416666666666667], maxlen=5), packets_serviced=5, packets_received=48
Called Update: UpdateRouteCalls = 1, force = False
Node.py: (Node2)@2001600000000.0: Updated MCS from 1 to 1, hist=deque([1.0, 0.16901408450704225, 0.7931034482758621, 0.16666666666666666], maxlen=5), packets_serviced=5, packets_received=30
Called Update: UpdateRouteCalls = 2, force = False
Node.py: (Node3)@2001600000000.0: Updated MCS from 1 to 1, hist=deque([1.0, 0.4230769230769231, 0.3333333333333333, 0.25], maxlen=5), packets_serviced=7, packets_received=28
Called Update: UpdateRouteCalls = 3, force = False
Node.py: (Node4)@2001600000000.0: Updated MCS from 1 to 1, hist=deque([1.0, 0.26666666666666666, 0.4318181818181818, 0.1794871794871795], maxlen=5), packets_serviced=7, packets_received=39
Called Update: UpdateRouteCalls = 4, force = False
Node.py: (Node5)@2001600000000.0: Updated MCS from 1 to 1, hist=deque([1.0, 0.21052631578947367, 0.4117647058823529, 0.23529411764705882], maxlen=5), packets_serviced=8, packets_received=34
Called Update: UpdateRouteCalls = 5, force = False
Node.py: (Node6)@2001600000000.0: Updated MCS from 1 to 1, hist=deque([0.1, 0.9411764705882353, 0.125, 0.375], maxlen=5), packets_serviced=18, packets_received=48
Called Update: UpdateRouteCalls = 6, force = False
Node.py: (Node7)@2001600000000.0: Updated MCS from 1 to 1, hist=deque([0.014492753623188406, 1.0625, 0.16], maxlen=5), packets_serviced=12, packets_received=75
Called Update: UpdateRouteCalls = 7, force = False
Called Update: UpdateRouteCalls = 8, force = False
Called Update: UpdateRouteCalls = 9, force = False
Called Update: UpdateRouteCalls = 10, force = False
Called Update: UpdateRouteCalls = 11, force = False
Called Update: UpdateRouteCalls = 12, force = False
Called Update: UpdateRouteCalls = 13, force = False
Called Update: UpdateRouteCalls = 14, force = False
Called Update: UpdateRouteCalls = 15, force = False
Called Update: UpdateRouteCalls = 16, force = False
Called Update: UpdateRouteCalls = 17, force = False
!! UPDATING !!
routeNo, updatedMCSIndex =  0 [1, 1, 1, 1, 1, 1, 1, 1]
main.py: Progress: 2002 / 2014
Node.py: (Node0)@2002000000000.0: Updated MCS from 1 to 1, hist=deque([1.0, 0.7755102040816326, 0.02040816326530612, 0.3469387755102041, 1.2083333333333333], maxlen=5), packets_serviced=58, packets_received=48
Called Update: UpdateRouteCalls = 0, force = False
Node.py: (Node1)@2002000000000.0: Updated MCS from 1 to 1, hist=deque([0.9574468085106383, 0.4342105263157895, 0.20833333333333334, 0.10416666666666667, 0.11206896551724138], maxlen=5), packets_serviced=13, packets_received=116
Called Update: UpdateRouteCalls = 1, force = False
Node.py: (Node2)@2002000000000.0: Updated MCS from 1 to 1, hist=deque([1.0, 0.16901408450704225, 0.7931034482758621, 0.16666666666666666, 0.17777777777777778], maxlen=5), packets_serviced=8, packets_received=45
Called Update: UpdateRouteCalls = 2, force = False
Node.py: (Node3)@2002000000000.0: Updated MCS from 1 to 1, hist=deque([1.0, 0.4230769230769231, 0.3333333333333333, 0.25, 0.4117647058823529], maxlen=5), packets_serviced=7, packets_received=17
Called Update: UpdateRouteCalls = 3, force = False
Node.py: (Node4)@2002000000000.0: Updated MCS from 1 to 1, hist=deque([1.0, 0.26666666666666666, 0.4318181818181818, 0.1794871794871795, 0.1956521739130435], maxlen=5), packets_serviced=9, packets_received=46
Called Update: UpdateRouteCalls = 4, force = False
Node.py: (Node5)@2002000000000.0: Updated MCS from 1 to 1, hist=deque([1.0, 0.21052631578947367, 0.4117647058823529, 0.23529411764705882, 0.16216216216216217], maxlen=5), packets_serviced=6, packets_received=37
Called Update: UpdateRouteCalls = 5, force = False
Node.py: (Node6)@2002000000000.0: Updated MCS from 1 to 1, hist=deque([0.1, 0.9411764705882353, 0.125, 0.375, 0.037037037037037035], maxlen=5), packets_serviced=2, packets_received=54
Called Update: UpdateRouteCalls = 6, force = False
Node.py: (Node7)@2002000000000.0: Updated MCS from 1 to 1, hist=deque([0.014492753623188406, 1.0625, 0.16, 0.20454545454545456], maxlen=5), packets_serviced=9, packets_received=44
Called Update: UpdateRouteCalls = 7, force = False
Called Update: UpdateRouteCalls = 8, force = False
Called Update: UpdateRouteCalls = 9, force = False
Called Update: UpdateRouteCalls = 10, force = False
Called Update: UpdateRouteCalls = 11, force = False
Called Update: UpdateRouteCalls = 12, force = False
Called Update: UpdateRouteCalls = 13, force = False
Called Update: UpdateRouteCalls = 14, force = False
Called Update: UpdateRouteCalls = 15, force = False
Called Update: UpdateRouteCalls = 16, force = False
Called Update: UpdateRouteCalls = 17, force = False
!! UPDATING !!
routeNo, updatedMCSIndex =  0 [1, 1, 1, 1, 1, 1, 1, 1]
Called Update: UpdateRouteCalls = 0, force = True
!! UPDATING !!
routeNo, updatedMCSIndex =  0 [1, 1, 1, 1, 1, 1, 1, 1]

rf.py: Time: 2002 Route details: {0: {'Route': [0, 1, 2, 3, 4, 5, 6, 7, 8], 'MCS_Index': [1, 1, 1, 1, 1, 1, 1, 1], 'Priority': 1, 'ValidRoute': True, 'HQRoute': True, 'RouteNodeDensity': [0, 0, 0, 0, 0, 2, 0, 0, 0], 'InterferingLinks': 16, 'Target': (-1, -1)}}
Node.py: (Node0)@2002400000000.0: Updated MCS from 1 to 1, hist=deque([0.7755102040816326, 0.02040816326530612, 0.3469387755102041, 1.2083333333333333, 0.9387755102040817], maxlen=5), packets_serviced=46, packets_received=49
Called Update: UpdateRouteCalls = 0, force = False
Node.py: (Node1)@2002400000000.0: Updated MCS from 1 to 1, hist=deque([0.4342105263157895, 0.20833333333333334, 0.10416666666666667, 0.11206896551724138, 0.0], maxlen=5), packets_serviced=0, packets_received=195
Called Update: UpdateRouteCalls = 1, force = False
Node.py: (Node2)@2002400000000.0: Updated MCS from 1 to 1, hist=deque([0.16901408450704225, 0.7931034482758621, 0.16666666666666666, 0.17777777777777778, 0.0], maxlen=5), packets_serviced=0, packets_received=1
Called Update: UpdateRouteCalls = 2, force = False
Node.py: (Node3)@2002400000000.0: Updated MCS from 1 to 1, hist=deque([0.4230769230769231, 0.3333333333333333, 0.25, 0.4117647058823529, 0.15789473684210525], maxlen=5), packets_serviced=3, packets_received=19
Called Update: UpdateRouteCalls = 3, force = False
Node.py: (Node4)@2002400000000.0: Updated MCS from 1 to 1, hist=deque([0.26666666666666666, 0.4318181818181818, 0.1794871794871795, 0.1956521739130435, 0.16666666666666666], maxlen=5), packets_serviced=4, packets_received=24
Called Update: UpdateRouteCalls = 4, force = False
Node.py: (Node5)@2002400000000.0: Updated MCS from 1 to 1, hist=deque([0.21052631578947367, 0.4117647058823529, 0.23529411764705882, 0.16216216216216217, 0.20454545454545456], maxlen=5), packets_serviced=9, packets_received=44
Called Update: UpdateRouteCalls = 5, force = False
Node.py: (Node6)@2002400000000.0: Updated MCS from 1 to 1, hist=deque([0.9411764705882353, 0.125, 0.375, 0.037037037037037035, 0.0], maxlen=5), packets_serviced=0, packets_received=56
Called Update: UpdateRouteCalls = 6, force = False
Node.py: (Node7)@2002400000000.0: Updated MCS from 1 to 1, hist=deque([0.014492753623188406, 1.0625, 0.16, 0.20454545454545456, 0.0], maxlen=5), packets_serviced=0, packets_received=29
Called Update: UpdateRouteCalls = 7, force = False
Called Update: UpdateRouteCalls = 8, force = False
Called Update: UpdateRouteCalls = 9, force = False
Called Update: UpdateRouteCalls = 10, force = False
Called Update: UpdateRouteCalls = 11, force = False
Called Update: UpdateRouteCalls = 12, force = False
Called Update: UpdateRouteCalls = 13, force = False
Called Update: UpdateRouteCalls = 14, force = False
Called Update: UpdateRouteCalls = 15, force = False
Called Update: UpdateRouteCalls = 16, force = False
Called Update: UpdateRouteCalls = 17, force = False
!! UPDATING !!
routeNo, updatedMCSIndex =  0 [1, 1, 1, 1, 1, 1, 1, 1]
Node.py: (Node0)@2002800000000.0: Updated MCS from 1 to 1, hist=deque([0.02040816326530612, 0.3469387755102041, 1.2083333333333333, 0.9387755102040817, 0.0], maxlen=5), packets_serviced=0, packets_received=49
Called Update: UpdateRouteCalls = 0, force = False
Node.py: (Node1)@2002800000000.0: Updated MCS from 1 to 1, hist=deque([0.20833333333333334, 0.10416666666666667, 0.11206896551724138, 0.0, 0.5333333333333333], maxlen=5), packets_serviced=32, packets_received=60
Called Update: UpdateRouteCalls = 1, force = False
Node.py: (Node2)@2002800000000.0: Updated MCS from 1 to 1, hist=deque([0.7931034482758621, 0.16666666666666666, 0.17777777777777778, 0.0, 0.14285714285714285], maxlen=5), packets_serviced=8, packets_received=56
Called Update: UpdateRouteCalls = 2, force = False
Node.py: (Node3)@2002800000000.0: Updated MCS from 1 to 1, hist=deque([0.3333333333333333, 0.25, 0.4117647058823529, 0.15789473684210525, 0.1702127659574468], maxlen=5), packets_serviced=8, packets_received=47
Called Update: UpdateRouteCalls = 3, force = False
Node.py: (Node4)@2002800000000.0: Updated MCS from 1 to 1, hist=deque([0.4318181818181818, 0.1794871794871795, 0.1956521739130435, 0.16666666666666666, 0.4117647058823529], maxlen=5), packets_serviced=7, packets_received=17
Called Update: UpdateRouteCalls = 4, force = False
Node.py: (Node5)@2002800000000.0: Updated MCS from 1 to 1, hist=deque([0.4117647058823529, 0.23529411764705882, 0.16216216216216217, 0.20454545454545456, 0.1590909090909091], maxlen=5), packets_serviced=7, packets_received=44
Called Update: UpdateRouteCalls = 5, force = False
Node.py: (Node6)@2002800000000.0: Updated MCS from 1 to 1, hist=deque([0.125, 0.375, 0.037037037037037035, 0.0, 0.5714285714285714], maxlen=5), packets_serviced=20, packets_received=35
Called Update: UpdateRouteCalls = 6, force = False
Node.py: (Node7)@2002800000000.0: Updated MCS from 1 to 1, hist=deque([1.0625, 0.16, 0.20454545454545456, 0.0, 0.1595744680851064], maxlen=5), packets_serviced=15, packets_received=94
Called Update: UpdateRouteCalls = 7, force = False
Called Update: UpdateRouteCalls = 8, force = False
Called Update: UpdateRouteCalls = 9, force = False
Called Update: UpdateRouteCalls = 10, force = False
Called Update: UpdateRouteCalls = 11, force = False
Called Update: UpdateRouteCalls = 12, force = False
Called Update: UpdateRouteCalls = 13, force = False
Called Update: UpdateRouteCalls = 14, force = False
Called Update: UpdateRouteCalls = 15, force = False
Called Update: UpdateRouteCalls = 16, force = False
Called Update: UpdateRouteCalls = 17, force = False
!! UPDATING !!
routeNo, updatedMCSIndex =  0 [1, 1, 1, 1, 1, 1, 1, 1]
main.py: Progress: 2003 / 2014
Called Update: UpdateRouteCalls = 0, force = True
!! UPDATING !!
routeNo, updatedMCSIndex =  0 [1, 1, 1, 1, 1, 1, 1, 1]

rf.py: Time: 2003 Route details: {0: {'Route': [0, 1, 2, 3, 4, 5, 6, 7, 8], 'MCS_Index': [1, 1, 1, 1, 1, 1, 1, 1], 'Priority': 1, 'ValidRoute': True, 'HQRoute': True, 'RouteNodeDensity': [0, 0, 0, 0, 0, 2, 0, 0, 0], 'InterferingLinks': 16, 'Target': (-1, -1)}}
Node.py: (Node0)@2003200000000.0: Updated MCS from 1 to 1, hist=deque([0.3469387755102041, 1.2083333333333333, 0.9387755102040817, 0.0, 0.24489795918367346], maxlen=5), packets_serviced=12, packets_received=49
Called Update: UpdateRouteCalls = 0, force = False
Node.py: (Node1)@2003200000000.0: Updated MCS from 1 to 0, hist=deque([0.10416666666666667, 0.11206896551724138, 0.0, 0.5333333333333333, 6.6], maxlen=5), packets_serviced=66, packets_received=10
Called Update: UpdateRouteCalls = 1, force = False
Node.py: (Node2)@2003200000000.0: Updated MCS from 1 to 1, hist=deque([0.16666666666666666, 0.17777777777777778, 0.0, 0.14285714285714285, 0.07650273224043716], maxlen=5), packets_serviced=14, packets_received=183
Called Update: UpdateRouteCalls = 2, force = False
Node.py: (Node3)@2003200000000.0: Updated MCS from 1 to 1, hist=deque([0.25, 0.4117647058823529, 0.15789473684210525, 0.1702127659574468, 0.13513513513513514], maxlen=5), packets_serviced=5, packets_received=37
Called Update: UpdateRouteCalls = 3, force = False
Node.py: (Node4)@2003200000000.0: Updated MCS from 1 to 1, hist=deque([0.1794871794871795, 0.1956521739130435, 0.16666666666666666, 0.4117647058823529, 0.3333333333333333], maxlen=5), packets_serviced=7, packets_received=21
Called Update: UpdateRouteCalls = 4, force = False
Node.py: (Node5)@2003200000000.0: Updated MCS from 1 to 1, hist=deque([0.23529411764705882, 0.16216216216216217, 0.20454545454545456, 0.1590909090909091, 0.16666666666666666], maxlen=5), packets_serviced=5, packets_received=30
Called Update: UpdateRouteCalls = 5, force = False
Node.py: (Node6)@2003200000000.0: Updated MCS from 1 to 1, hist=deque([0.375, 0.037037037037037035, 0.0, 0.5714285714285714, 0.14285714285714285], maxlen=5), packets_serviced=5, packets_received=35
Called Update: UpdateRouteCalls = 6, force = False
Node.py: (Node7)@2003200000000.0: Updated MCS from 1 to 1, hist=deque([0.16, 0.20454545454545456, 0.0, 0.1595744680851064, 0.14814814814814814], maxlen=5), packets_serviced=8, packets_received=54
Called Update: UpdateRouteCalls = 7, force = False
Called Update: UpdateRouteCalls = 8, force = False
Called Update: UpdateRouteCalls = 9, force = False
Called Update: UpdateRouteCalls = 10, force = False
Called Update: UpdateRouteCalls = 11, force = False
Called Update: UpdateRouteCalls = 12, force = False
Called Update: UpdateRouteCalls = 13, force = False
Called Update: UpdateRouteCalls = 14, force = False
Called Update: UpdateRouteCalls = 15, force = False
Called Update: UpdateRouteCalls = 16, force = False
Called Update: UpdateRouteCalls = 17, force = False
!! UPDATING !!
routeNo, updatedMCSIndex =  0 [1, 0, 1, 1, 1, 1, 1, 1]
Node.py: (Node0)@2003600000000.0: Updated MCS from 1 to 1, hist=deque([1.2083333333333333, 0.9387755102040817, 0.0, 0.24489795918367346, 0.12244897959183673], maxlen=5), packets_serviced=6, packets_received=49
Called Update: UpdateRouteCalls = 0, force = False
Node.py: (Node1)@2003600000000.0: Updated MCS from 0 to 0, hist=deque([0.11206896551724138, 0.0, 0.5333333333333333, 6.6, 0.08695652173913043], maxlen=5), packets_serviced=2, packets_received=23
Called Update: UpdateRouteCalls = 1, force = False
Node.py: (Node2)@2003600000000.0: Updated MCS from 1 to 1, hist=deque([0.17777777777777778, 0.0, 0.14285714285714285, 0.07650273224043716, 1.368421052631579], maxlen=5), packets_serviced=26, packets_received=19
Called Update: UpdateRouteCalls = 2, force = False
Node.py: (Node3)@2003600000000.0: Updated MCS from 1 to 1, hist=deque([0.4117647058823529, 0.15789473684210525, 0.1702127659574468, 0.13513513513513514, 0.34146341463414637], maxlen=5), packets_serviced=28, packets_received=82
Called Update: UpdateRouteCalls = 3, force = False
Node.py: (Node4)@2003600000000.0: Updated MCS from 1 to 1, hist=deque([0.1956521739130435, 0.16666666666666666, 0.4117647058823529, 0.3333333333333333, 0.45098039215686275], maxlen=5), packets_serviced=23, packets_received=51
Called Update: UpdateRouteCalls = 4, force = False
Node.py: (Node5)@2003600000000.0: Updated MCS from 1 to 1, hist=deque([0.16216216216216217, 0.20454545454545456, 0.1590909090909091, 0.16666666666666666, 0.3508771929824561], maxlen=5), packets_serviced=20, packets_received=57
Called Update: UpdateRouteCalls = 5, force = False
Node.py: (Node6)@2003600000000.0: Updated MCS from 1 to 1, hist=deque([0.037037037037037035, 0.0, 0.5714285714285714, 0.14285714285714285, 0.18181818181818182], maxlen=5), packets_serviced=10, packets_received=55
Called Update: UpdateRouteCalls = 6, force = False
Node.py: (Node7)@2003600000000.0: Updated MCS from 1 to 1, hist=deque([0.20454545454545456, 0.0, 0.1595744680851064, 0.14814814814814814, 0.16666666666666666], maxlen=5), packets_serviced=9, packets_received=54
Called Update: UpdateRouteCalls = 7, force = False
Called Update: UpdateRouteCalls = 8, force = False
Called Update: UpdateRouteCalls = 9, force = False
Called Update: UpdateRouteCalls = 10, force = False
Called Update: UpdateRouteCalls = 11, force = False
Called Update: UpdateRouteCalls = 12, force = False
Called Update: UpdateRouteCalls = 13, force = False
Called Update: UpdateRouteCalls = 14, force = False
Called Update: UpdateRouteCalls = 15, force = False
Called Update: UpdateRouteCalls = 16, force = False
Called Update: UpdateRouteCalls = 17, force = False
!! UPDATING !!
routeNo, updatedMCSIndex =  0 [1, 0, 1, 1, 1, 1, 1, 1]
main.py: Progress: 2004 / 2014
Node.py: (Node0)@2004000000000.0: Updated MCS from 1 to 1, hist=deque([0.9387755102040817, 0.0, 0.24489795918367346, 0.12244897959183673, 1.2083333333333333], maxlen=5), packets_serviced=58, packets_received=48
Called Update: UpdateRouteCalls = 0, force = False
Node.py: (Node1)@2004000000000.0: Updated MCS from 0 to 0, hist=deque([0.0, 0.5333333333333333, 6.6, 0.08695652173913043, 0.0], maxlen=5), packets_serviced=0, packets_received=134
Called Update: UpdateRouteCalls = 1, force = False
Node.py: (Node2)@2004000000000.0: Updated MCS from 1 to 1, hist=deque([0.0, 0.14285714285714285, 0.07650273224043716, 1.368421052631579, 1.7142857142857142], maxlen=5), packets_serviced=24, packets_received=14
Called Update: UpdateRouteCalls = 2, force = False
Node.py: (Node3)@2004000000000.0: Updated MCS from 1 to 1, hist=deque([0.15789473684210525, 0.1702127659574468, 0.13513513513513514, 0.34146341463414637, 0.0], maxlen=5), packets_serviced=0, packets_received=46
Called Update: UpdateRouteCalls = 3, force = False
Node.py: (Node4)@2004000000000.0: Updated MCS from 1 to 1, hist=deque([0.16666666666666666, 0.4117647058823529, 0.3333333333333333, 0.45098039215686275, 0.02631578947368421], maxlen=5), packets_serviced=1, packets_received=38
Called Update: UpdateRouteCalls = 4, force = False
Node.py: (Node5)@2004000000000.0: Updated MCS from 1 to 1, hist=deque([0.20454545454545456, 0.1590909090909091, 0.16666666666666666, 0.3508771929824561, 0.3333333333333333], maxlen=5), packets_serviced=6, packets_received=18
Called Update: UpdateRouteCalls = 5, force = False
Node.py: (Node6)@2004000000000.0: Updated MCS from 1 to 1, hist=deque([0.0, 0.5714285714285714, 0.14285714285714285, 0.18181818181818182, 0.15873015873015872], maxlen=5), packets_serviced=10, packets_received=63
Called Update: UpdateRouteCalls = 6, force = False
Node.py: (Node7)@2004000000000.0: Updated MCS from 1 to 1, hist=deque([0.0, 0.1595744680851064, 0.14814814814814814, 0.16666666666666666, 0.23636363636363636], maxlen=5), packets_serviced=13, packets_received=55
Called Update: UpdateRouteCalls = 7, force = False
Called Update: UpdateRouteCalls = 8, force = False
Called Update: UpdateRouteCalls = 9, force = False
Called Update: UpdateRouteCalls = 10, force = False
Called Update: UpdateRouteCalls = 11, force = False
Called Update: UpdateRouteCalls = 12, force = False
Called Update: UpdateRouteCalls = 13, force = False
Called Update: UpdateRouteCalls = 14, force = False
Called Update: UpdateRouteCalls = 15, force = False
Called Update: UpdateRouteCalls = 16, force = False
Called Update: UpdateRouteCalls = 17, force = False
!! UPDATING !!
routeNo, updatedMCSIndex =  0 [1, 0, 1, 1, 1, 1, 1, 1]
Called Update: UpdateRouteCalls = 0, force = True
!! UPDATING !!
routeNo, updatedMCSIndex =  0 [1, 0, 1, 1, 1, 1, 1, 1]

rf.py: Time: 2004 Route details: {0: {'Route': [0, 1, 2, 3, 4, 5, 6, 7, 8], 'MCS_Index': [1, 0, 1, 1, 1, 1, 1, 1], 'Priority': 1, 'ValidRoute': True, 'HQRoute': True, 'RouteNodeDensity': [0, 0, 0, 0, 0, 2, 0, 0, 0], 'InterferingLinks': 16, 'Target': (-1, -1)}}
DUPE: 2000999971458_Node0_Node8_Zero, Node5 id 2000999971458_Node0_Node8_Zero was a dupe; retransmit: 0, pkt_enqueue_time=2004001301662.6013, pkt_dequeue_time=2004001301662.6013, forwarded_or_dropped=1, reason_for_drop='Expiry'
DUPE: 2000909804208_Node0_Node8_Zero, Node5 id 2000909804208_Node0_Node8_Zero was a dupe; retransmit: 0, pkt_enqueue_time=2004021906648.9648, pkt_dequeue_time=2004021906648.9648, forwarded_or_dropped=1, reason_for_drop='Expiry'
DUPE: 2000950784250_Node0_Node8_Zero, Node5 id 2000950784250_Node0_Node8_Zero was a dupe; retransmit: 0, pkt_enqueue_time=2004021906648.9648, pkt_dequeue_time=2004021906648.9648, forwarded_or_dropped=1, reason_for_drop='Expiry'
DUPE: 2000967182808_Node0_Node8_Zero, Node5 id 2000967182808_Node0_Node8_Zero was a dupe; retransmit: 0, pkt_enqueue_time=2004024023520.9648, pkt_dequeue_time=2004024023520.9648, forwarded_or_dropped=1, reason_for_drop='Expiry'
DUPE: 2001016366729_Node0_Node8_Zero, Node5 id 2001016366729_Node0_Node8_Zero was a dupe; retransmit: 0, pkt_enqueue_time=2004024023520.9648, pkt_dequeue_time=2004024023520.9648, forwarded_or_dropped=1, reason_for_drop='Expiry'
DUPE: 2001090147290_Node0_Node8_Zero, Node7 id 2001090147290_Node0_Node8_Zero was a dupe; retransmit: 0, pkt_enqueue_time=2004099522992.601, pkt_dequeue_time=2004099522992.601, forwarded_or_dropped=1, reason_for_drop='Expiry'
DUPE: 2001065549949_Node0_Node8_Zero, Node4 id 2001065549949_Node0_Node8_Zero was a dupe; retransmit: 0, pkt_enqueue_time=2004100896534.057, pkt_dequeue_time=2004100896534.057, forwarded_or_dropped=1, reason_for_drop='Expiry'
DUPE: 2001114737739_Node0_Node8_Zero, Node7 id 2001114737739_Node0_Node8_Zero was a dupe; retransmit: 0, pkt_enqueue_time=2004159744082.5125, pkt_dequeue_time=2004159744082.5125, forwarded_or_dropped=1, reason_for_drop='Expiry'
DUPE: 2001122934866_Node0_Node8_Zero, Node7 id 2001122934866_Node0_Node8_Zero was a dupe; retransmit: 0, pkt_enqueue_time=2004159744082.5125, pkt_dequeue_time=2004159744082.5125, forwarded_or_dropped=1, reason_for_drop='Expiry'
DUPE: 2001163906317_Node0_Node8_Zero, Node4 id 2001163906317_Node0_Node8_Zero was a dupe; retransmit: 0, pkt_enqueue_time=2004178462027.4224, pkt_dequeue_time=2004178462027.4224, forwarded_or_dropped=1, reason_for_drop='Expiry'
DUPE: 2001131128090_Node0_Node8_Zero, Node7 id 2001131128090_Node0_Node8_Zero was a dupe; retransmit: 0, pkt_enqueue_time=2004179017767.149, pkt_dequeue_time=2004179017767.149, forwarded_or_dropped=1, reason_for_drop='Expiry'
DUPE: 2001196696154_Node0_Node8_Zero, Node4 id 2001196696154_Node0_Node8_Zero was a dupe; retransmit: 0, pkt_enqueue_time=2004206898583.2415, pkt_dequeue_time=2004206898583.2415, forwarded_or_dropped=1, reason_for_drop='Expiry'
DUPE: 2001213085532_Node0_Node8_Zero, Node4 id 2001213085532_Node0_Node8_Zero was a dupe; retransmit: 0, pkt_enqueue_time=2004221523922.331, pkt_dequeue_time=2004221523922.331, forwarded_or_dropped=1, reason_for_drop='Expiry'
DUPE: 2001180302113_Node0_Node8_Zero, Node7 id 2001180302113_Node0_Node8_Zero was a dupe; retransmit: 0, pkt_enqueue_time=2004235508176.0596, pkt_dequeue_time=2004235508176.0596, forwarded_or_dropped=1, reason_for_drop='Expiry'
DUPE: 2001262275509_Node0_Node8_Zero, Node7 id 2001262275509_Node0_Node8_Zero was a dupe; retransmit: 0, pkt_enqueue_time=2004277513056.4216, pkt_dequeue_time=2004277513056.4216, forwarded_or_dropped=1, reason_for_drop='Expiry'
DUPE: 2001262275509_Node0_Node8_Zero, Node6 id 2001262275509_Node0_Node8_Zero was a dupe; retransmit: 0, pkt_enqueue_time=2004287417616.6035, pkt_dequeue_time=2004287417616.6035, forwarded_or_dropped=1, reason_for_drop='Expiry'
DUPE: 2001254074625_Node0_Node8_Zero, Node5 id 2001254074625_Node0_Node8_Zero was a dupe; retransmit: 0, pkt_enqueue_time=2004291262003.5132, pkt_dequeue_time=2004291262003.5132, forwarded_or_dropped=1, reason_for_drop='Expiry'
DUPE: 2001237680673_Node0_Node8_Zero, Node4 id 2001237680673_Node0_Node8_Zero was a dupe; retransmit: 0, pkt_enqueue_time=2004302418573.1494, pkt_dequeue_time=2004302418573.1494, forwarded_or_dropped=1, reason_for_drop='Expiry'
DUPE: 2001393427178_Node0_Node8_Zero, Node2 id 2001393427178_Node0_Node8_Zero was a dupe; retransmit: 0, pkt_enqueue_time=2004396477974.7864, pkt_dequeue_time=2004396477974.7864, forwarded_or_dropped=1, reason_for_drop='Expiry'
Node.py: (Node0)@2004400000000.0: Updated MCS from 1 to 1, hist=deque([0.0, 0.24489795918367346, 0.12244897959183673, 1.2083333333333333, 0.5714285714285714], maxlen=5), packets_serviced=28, packets_received=49
Called Update: UpdateRouteCalls = 0, force = False
Node.py: (Node1)@2004400000000.0: Updated MCS from 0 to 0, hist=deque([0.5333333333333333, 6.6, 0.08695652173913043, 0.0, 0.0], maxlen=5), packets_serviced=0, packets_received=76
Called Update: UpdateRouteCalls = 1, force = False
Node.py: (Node2)@2004400000000.0: Updated MCS from 1 to 0, hist=deque([0.14285714285714285, 0.07650273224043716, 1.368421052631579, 1.7142857142857142, 1.1428571428571428], maxlen=5), packets_serviced=8, packets_received=7
Called Update: UpdateRouteCalls = 2, force = False
Node.py: (Node3)@2004400000000.0: Updated MCS from 1 to 1, hist=deque([0.1702127659574468, 0.13513513513513514, 0.34146341463414637, 0.0, 1.894736842105263], maxlen=5), packets_serviced=36, packets_received=19
Called Update: UpdateRouteCalls = 3, force = False
Node.py: (Node4)@2004400000000.0: Updated MCS from 1 to 1, hist=deque([0.4117647058823529, 0.3333333333333333, 0.45098039215686275, 0.02631578947368421, 0.21487603305785125], maxlen=5), packets_serviced=26, packets_received=121
Called Update: UpdateRouteCalls = 4, force = False
Node.py: (Node5)@2004400000000.0: Updated MCS from 1 to 1, hist=deque([0.1590909090909091, 0.16666666666666666, 0.3508771929824561, 0.3333333333333333, 0.05555555555555555], maxlen=5), packets_serviced=3, packets_received=54
Called Update: UpdateRouteCalls = 5, force = False
Node.py: (Node6)@2004400000000.0: Updated MCS from 1 to 1, hist=deque([0.5714285714285714, 0.14285714285714285, 0.18181818181818182, 0.15873015873015872, 0.3333333333333333], maxlen=5), packets_serviced=8, packets_received=24
Called Update: UpdateRouteCalls = 6, force = False
Node.py: (Node7)@2004400000000.0: Updated MCS from 1 to 1, hist=deque([0.1595744680851064, 0.14814814814814814, 0.16666666666666666, 0.23636363636363636, 0.16326530612244897], maxlen=5), packets_serviced=8, packets_received=49
Called Update: UpdateRouteCalls = 7, force = False
Called Update: UpdateRouteCalls = 8, force = False
Called Update: UpdateRouteCalls = 9, force = False
Called Update: UpdateRouteCalls = 10, force = False
Called Update: UpdateRouteCalls = 11, force = False
Called Update: UpdateRouteCalls = 12, force = False
Called Update: UpdateRouteCalls = 13, force = False
Called Update: UpdateRouteCalls = 14, force = False
Called Update: UpdateRouteCalls = 15, force = False
Called Update: UpdateRouteCalls = 16, force = False
Called Update: UpdateRouteCalls = 17, force = False
!! UPDATING !!
routeNo, updatedMCSIndex =  0 [1, 0, 0, 1, 1, 1, 1, 1]
DUPE: 2001393427178_Node0_Node8_Zero, Node5 id 2001393427178_Node0_Node8_Zero was a dupe; retransmit: 0, pkt_enqueue_time=2004402317518.3328, pkt_dequeue_time=2004402317518.3328, forwarded_or_dropped=1, reason_for_drop='Expiry'
DUPE: 2000991773422_Node0_Node8_Zero, Node2 id 2000991773422_Node0_Node8_Zero was a dupe; retransmit: 0, pkt_enqueue_time=2004459635704.6958, pkt_dequeue_time=2004459635704.6958, forwarded_or_dropped=1, reason_for_drop='Expiry'
DUPE: 2000999971458_Node0_Node8_Zero, Node2 id 2000999971458_Node0_Node8_Zero was a dupe; retransmit: 0, pkt_enqueue_time=2004459635704.6958, pkt_dequeue_time=2004459635704.6958, forwarded_or_dropped=1, reason_for_drop='Expiry'
DUPE: 2001450813060_Node0_Node8_Zero, Node4 id 2001450813060_Node0_Node8_Zero was a dupe; retransmit: 0, pkt_enqueue_time=2004461855614.514, pkt_dequeue_time=2004461855614.514, forwarded_or_dropped=1, reason_for_drop='Expiry'
DUPE: 2001377037880_Node0_Node8_Zero, Node7 id 2001377037880_Node0_Node8_Zero was a dupe; retransmit: 0, pkt_enqueue_time=2004468330234.7878, pkt_dequeue_time=2004468330234.7878, forwarded_or_dropped=1, reason_for_drop='Expiry'
DUPE: 2001352448472_Node0_Node8_Zero, Node7 id 2001352448472_Node0_Node8_Zero was a dupe; retransmit: 0, pkt_enqueue_time=2004468330234.7878, pkt_dequeue_time=2004468330234.7878, forwarded_or_dropped=1, reason_for_drop='Expiry'
DUPE: 2001459013959_Node0_Node8_Zero, Node6 id 2001459013959_Node0_Node8_Zero was a dupe; retransmit: 0, pkt_enqueue_time=2004469347670.7878, pkt_dequeue_time=2004469347670.7878, forwarded_or_dropped=1, reason_for_drop='Expiry'
DUPE: 2001426220485_Node0_Node8_Zero, Node6 id 2001426220485_Node0_Node8_Zero was a dupe; retransmit: 0, pkt_enqueue_time=2004470404542.7878, pkt_dequeue_time=2004470404542.7878, forwarded_or_dropped=1, reason_for_drop='Expiry'
DUPE: 2001262275509_Node0_Node8_Zero, Node2 id 2001262275509_Node0_Node8_Zero was a dupe; retransmit: 0, pkt_enqueue_time=2004501502331.9685, pkt_dequeue_time=2004501502331.9685, forwarded_or_dropped=1, reason_for_drop='Expiry'
DUPE: 2001483605202_Node0_Node8_Zero, Node6 id 2001483605202_Node0_Node8_Zero was a dupe; retransmit: 0, pkt_enqueue_time=2004507231893.0596, pkt_dequeue_time=2004507231893.0596, forwarded_or_dropped=1, reason_for_drop='Expiry'
DUPE: 2001508194424_Node0_Node8_Zero, Node6 id 2001508194424_Node0_Node8_Zero was a dupe; retransmit: 0, pkt_enqueue_time=2004509874456.696, pkt_dequeue_time=2004509874456.696, forwarded_or_dropped=1, reason_for_drop='Expiry'
DUPE: 2001524591591_Node0_Node8_Zero, Node7 id 2001524591591_Node0_Node8_Zero was a dupe; retransmit: 0, pkt_enqueue_time=2004530676145.0603, pkt_dequeue_time=2004530676145.0603, forwarded_or_dropped=1, reason_for_drop='Expiry'
DUPE: 2001532784067_Node0_Node8_Zero, Node7 id 2001532784067_Node0_Node8_Zero was a dupe; retransmit: 0, pkt_enqueue_time=2004532997981.4238, pkt_dequeue_time=2004532997981.4238, forwarded_or_dropped=1, reason_for_drop='Expiry'
DUPE: 2001557374703_Node0_Node8_Zero, Node6 id 2001557374703_Node0_Node8_Zero was a dupe; retransmit: 0, pkt_enqueue_time=2004579573936.4229, pkt_dequeue_time=2004579573936.4229, forwarded_or_dropped=1, reason_for_drop='Expiry'
DUPE: 2001581960854_Node0_Node8_Zero, Node6 id 2001581960854_Node0_Node8_Zero was a dupe; retransmit: 0, pkt_enqueue_time=2004609708865.7864, pkt_dequeue_time=2004609708865.7864, forwarded_or_dropped=1, reason_for_drop='Expiry'
DUPE: 2001581960854_Node0_Node8_Zero, Node7 id 2001581960854_Node0_Node8_Zero was a dupe; retransmit: 0, pkt_enqueue_time=2004611839683.6045, pkt_dequeue_time=2004611839683.6045, forwarded_or_dropped=1, reason_for_drop='Expiry'
DUPE: 2001606551182_Node0_Node8_Zero, Node7 id 2001606551182_Node0_Node8_Zero was a dupe; retransmit: 0, pkt_enqueue_time=2004611839683.6045, pkt_dequeue_time=2004611839683.6045, forwarded_or_dropped=1, reason_for_drop='Expiry'
DUPE: 2001631133896_Node0_Node8_Zero, Node6 id 2001631133896_Node0_Node8_Zero was a dupe; retransmit: 0, pkt_enqueue_time=2004638616900.059, pkt_dequeue_time=2004638616900.059, forwarded_or_dropped=1, reason_for_drop='Expiry'
DUPE: 2001639331100_Node0_Node8_Zero, Node7 id 2001639331100_Node0_Node8_Zero was a dupe; retransmit: 0, pkt_enqueue_time=2004641894717.8772, pkt_dequeue_time=2004641894717.8772, forwarded_or_dropped=1, reason_for_drop='Expiry'
DUPE: 2001639331100_Node0_Node8_Zero, Node3 id 2001639331100_Node0_Node8_Zero was a dupe; retransmit: 0, pkt_enqueue_time=2004643298322.1504, pkt_dequeue_time=2004643298322.1504, forwarded_or_dropped=1, reason_for_drop='Expiry'
DUPE: 2001467212629_Node0_Node8_Zero, Node5 id 2001467212629_Node0_Node8_Zero was a dupe; retransmit: 0, pkt_enqueue_time=2004651480430.5142, pkt_dequeue_time=2004651480430.5142, forwarded_or_dropped=1, reason_for_drop='Expiry'
DUPE: 2001549177342_Node0_Node8_Zero, Node5 id 2001549177342_Node0_Node8_Zero was a dupe; retransmit: 0, pkt_enqueue_time=2004651480430.5142, pkt_dequeue_time=2004651480430.5142, forwarded_or_dropped=1, reason_for_drop='Expiry'
DUPE: 2001631133896_Node0_Node8_Zero, Node7 id 2001631133896_Node0_Node8_Zero was a dupe; retransmit: 0, pkt_enqueue_time=2004654442719.2407, pkt_dequeue_time=2004654442719.2407, forwarded_or_dropped=1, reason_for_drop='Expiry'
DUPE: 2001639331100_Node0_Node8_Zero, Node6 id 2001639331100_Node0_Node8_Zero was a dupe; retransmit: 0, pkt_enqueue_time=2004661156741.3323, pkt_dequeue_time=2004661156741.3323, forwarded_or_dropped=1, reason_for_drop='Expiry'
DUPE: 2001663932793_Node0_Node8_Zero, Node4 id 2001663932793_Node0_Node8_Zero was a dupe; retransmit: 0, pkt_enqueue_time=2004667025213.06, pkt_dequeue_time=2004667025213.06, forwarded_or_dropped=1, reason_for_drop='Expiry'
DUPE: 2001606551182_Node0_Node8_Zero, Node6 id 2001606551182_Node0_Node8_Zero was a dupe; retransmit: 0, pkt_enqueue_time=2004670942127.6958, pkt_dequeue_time=2004670942127.6958, forwarded_or_dropped=1, reason_for_drop='Expiry'
DUPE: 2001655733436_Node0_Node8_Zero, Node3 id 2001655733436_Node0_Node8_Zero was a dupe; retransmit: 0, pkt_enqueue_time=2004674715563.7874, pkt_dequeue_time=2004674715563.7874, forwarded_or_dropped=1, reason_for_drop='Expiry'
DUPE: 2001622936864_Node0_Node8_Zero, Node5 id 2001622936864_Node0_Node8_Zero was a dupe; retransmit: 0, pkt_enqueue_time=2004681412623.8782, pkt_dequeue_time=2004681412623.8782, forwarded_or_dropped=1, reason_for_drop='Expiry'
DUPE: 2001631133896_Node0_Node8_Zero, Node5 id 2001631133896_Node0_Node8_Zero was a dupe; retransmit: 0, pkt_enqueue_time=2004681412623.8782, pkt_dequeue_time=2004681412623.8782, forwarded_or_dropped=1, reason_for_drop='Expiry'
DUPE: 2001565566596_Node0_Node8_Zero, Node7 id 2001565566596_Node0_Node8_Zero was a dupe; retransmit: 0, pkt_enqueue_time=2004684623835.514, pkt_dequeue_time=2004684623835.514, forwarded_or_dropped=1, reason_for_drop='Expiry'
DUPE: 2001016366729_Node0_Node8_Zero, Node6 id 2001016366729_Node0_Node8_Zero was a dupe; retransmit: 0, pkt_enqueue_time=2004700968656.6963, pkt_dequeue_time=2004700968656.6963, forwarded_or_dropped=1, reason_for_drop='Expiry'
DUPE: 2001704914092_Node0_Node8_Zero, Node3 id 2001704914092_Node0_Node8_Zero was a dupe; retransmit: 0, pkt_enqueue_time=2004714358931.3323, pkt_dequeue_time=2004714358931.3323, forwarded_or_dropped=1, reason_for_drop='Expiry'
DUPE: 2001549177342_Node0_Node8_Zero, Node7 id 2001549177342_Node0_Node8_Zero was a dupe; retransmit: 0, pkt_enqueue_time=2004718496474.5144, pkt_dequeue_time=2004718496474.5144, forwarded_or_dropped=1, reason_for_drop='Expiry'
DUPE: 2001573767851_Node0_Node8_Zero, Node7 id 2001573767851_Node0_Node8_Zero was a dupe; retransmit: 0, pkt_enqueue_time=2004720453346.5144, pkt_dequeue_time=2004720453346.5144, forwarded_or_dropped=1, reason_for_drop='Expiry'
DUPE: 2001557374703_Node0_Node8_Zero, Node7 id 2001557374703_Node0_Node8_Zero was a dupe; retransmit: 0, pkt_enqueue_time=2004720453346.5144, pkt_dequeue_time=2004720453346.5144, forwarded_or_dropped=1, reason_for_drop='Expiry'
DUPE: 2001155712265_Node0_Node8_Zero, Node6 id 2001155712265_Node0_Node8_Zero was a dupe; retransmit: 0, pkt_enqueue_time=2004722305585.3328, pkt_dequeue_time=2004722305585.3328, forwarded_or_dropped=1, reason_for_drop='Expiry'
DUPE: 2001114737739_Node0_Node8_Zero, Node6 id 2001114737739_Node0_Node8_Zero was a dupe; retransmit: 0, pkt_enqueue_time=2004722305585.3328, pkt_dequeue_time=2004722305585.3328, forwarded_or_dropped=1, reason_for_drop='Expiry'
DUPE: 2001180302113_Node0_Node8_Zero, Node6 id 2001180302113_Node0_Node8_Zero was a dupe; retransmit: 0, pkt_enqueue_time=2004727285502.514, pkt_dequeue_time=2004727285502.514, forwarded_or_dropped=1, reason_for_drop='Expiry'
DUPE: 2001147519140_Node0_Node8_Zero, Node6 id 2001147519140_Node0_Node8_Zero was a dupe; retransmit: 0, pkt_enqueue_time=2004727285502.514, pkt_dequeue_time=2004727285502.514, forwarded_or_dropped=1, reason_for_drop='Expiry'
DUPE: 2001508194424_Node0_Node8_Zero, Node5 id 2001508194424_Node0_Node8_Zero was a dupe; retransmit: 0, pkt_enqueue_time=2004732060344.059, pkt_dequeue_time=2004732060344.059, forwarded_or_dropped=1, reason_for_drop='Expiry'
DUPE: 2001516394118_Node0_Node8_Zero, Node5 id 2001516394118_Node0_Node8_Zero was a dupe; retransmit: 0, pkt_enqueue_time=2004732060344.059, pkt_dequeue_time=2004732060344.059, forwarded_or_dropped=1, reason_for_drop='Expiry'
DUPE: 2001737695059_Node0_Node8_Zero, Node3 id 2001737695059_Node0_Node8_Zero was a dupe; retransmit: 0, pkt_enqueue_time=2004739009924.4226, pkt_dequeue_time=2004739009924.4226, forwarded_or_dropped=1, reason_for_drop='Expiry'
DUPE: 2001729499682_Node0_Node8_Zero, Node4 id 2001729499682_Node0_Node8_Zero was a dupe; retransmit: 0, pkt_enqueue_time=2004743687742.2407, pkt_dequeue_time=2004743687742.2407, forwarded_or_dropped=1, reason_for_drop='Expiry'
DUPE: 2001737695059_Node0_Node8_Zero, Node4 id 2001737695059_Node0_Node8_Zero was a dupe; retransmit: 0, pkt_enqueue_time=2004744824614.2407, pkt_dequeue_time=2004744824614.2407, forwarded_or_dropped=1, reason_for_drop='Expiry'
DUPE: 2001147519140_Node0_Node8_Zero, Node7 id 2001147519140_Node0_Node8_Zero was a dupe; retransmit: 0, pkt_enqueue_time=2004747257374.332, pkt_dequeue_time=2004747257374.332, forwarded_or_dropped=1, reason_for_drop='Expiry'
DUPE: 2001196696154_Node0_Node8_Zero, Node1 id 2001196696154_Node0_Node8_Zero was a dupe; retransmit: 0, pkt_enqueue_time=2004752745964.7869, pkt_dequeue_time=2004752745964.7869, forwarded_or_dropped=1, reason_for_drop='Expiry'
DUPE: 2000336046421_Node0_Node8_Zero, Node7 id 2000336046421_Node0_Node8_Zero was a dupe; retransmit: 0, pkt_enqueue_time=2004766932210.6956, pkt_dequeue_time=2004766932210.6956, forwarded_or_dropped=1, reason_for_drop='Expiry'
DUPE: 2000344241303_Node0_Node8_Zero, Node7 id 2000344241303_Node0_Node8_Zero was a dupe; retransmit: 0, pkt_enqueue_time=2004766932210.6956, pkt_dequeue_time=2004766932210.6956, forwarded_or_dropped=1, reason_for_drop='Expiry'
DUPE: 2001475409866_Node0_Node8_Zero, Node5 id 2001475409866_Node0_Node8_Zero was a dupe; retransmit: 0, pkt_enqueue_time=2004770843761.6042, pkt_dequeue_time=2004770843761.6042, forwarded_or_dropped=1, reason_for_drop='Expiry'
DUPE: 2001573767851_Node0_Node8_Zero, Node3 id 2001573767851_Node0_Node8_Zero was a dupe; retransmit: 0, pkt_enqueue_time=2004783006927.1497, pkt_dequeue_time=2004783006927.1497, forwarded_or_dropped=1, reason_for_drop='Expiry'
DUPE: 2001581960854_Node0_Node8_Zero, Node3 id 2001581960854_Node0_Node8_Zero was a dupe; retransmit: 0, pkt_enqueue_time=2004783006927.1497, pkt_dequeue_time=2004783006927.1497, forwarded_or_dropped=1, reason_for_drop='Expiry'
DUPE: 2000540957191_Node0_Node8_Zero, Node7 id 2000540957191_Node0_Node8_Zero was a dupe; retransmit: 0, pkt_enqueue_time=2004789207719.332, pkt_dequeue_time=2004789207719.332, forwarded_or_dropped=1, reason_for_drop='Expiry'
DUPE: 2000762258396_Node0_Node8_Zero, Node7 id 2000762258396_Node0_Node8_Zero was a dupe; retransmit: 0, pkt_enqueue_time=2004789207719.332, pkt_dequeue_time=2004789207719.332, forwarded_or_dropped=1, reason_for_drop='Expiry'
DUPE: 2001778678361_Node0_Node8_Zero, Node4 id 2001778678361_Node0_Node8_Zero was a dupe; retransmit: 0, pkt_enqueue_time=2004791220718.9678, pkt_dequeue_time=2004791220718.9678, forwarded_or_dropped=1, reason_for_drop='Expiry'
DUPE: 2000827840298_Node0_Node8_Zero, Node7 id 2000827840298_Node0_Node8_Zero was a dupe; retransmit: 0, pkt_enqueue_time=2004795224591.332, pkt_dequeue_time=2004795224591.332, forwarded_or_dropped=1, reason_for_drop='Expiry'
DUPE: 2000819643237_Node0_Node8_Zero, Node7 id 2000819643237_Node0_Node8_Zero was a dupe; retransmit: 0, pkt_enqueue_time=2004795224591.332, pkt_dequeue_time=2004795224591.332, forwarded_or_dropped=1, reason_for_drop='Expiry'
DUPE: 2001647532325_Node0_Node8_Zero, Node3 id 2001647532325_Node0_Node8_Zero was a dupe; retransmit: 0, pkt_enqueue_time=2004799292035.5132, pkt_dequeue_time=2004799292035.5132, forwarded_or_dropped=1, reason_for_drop='Expiry'
Node.py: (Node0)@2004800000000.0: Updated MCS from 1 to 1, hist=deque([0.24489795918367346, 0.12244897959183673, 1.2083333333333333, 0.5714285714285714, 0.0], maxlen=5), packets_serviced=0, packets_received=49
Called Update: UpdateRouteCalls = 0, force = False
Node.py: (Node1)@2004800000000.0: Updated MCS from 0 to 0, hist=deque([6.6, 0.08695652173913043, 0.0, 0.0, 0.0], maxlen=5), packets_serviced=0, packets_received=44
Called Update: UpdateRouteCalls = 1, force = False
Node.py: (Node2)@2004800000000.0: Updated MCS from 0 to 0, hist=deque([0.07650273224043716, 1.368421052631579, 1.7142857142857142, 1.1428571428571428, 2.8333333333333335], maxlen=5), packets_serviced=17, packets_received=6
Called Update: UpdateRouteCalls = 2, force = False
Node.py: (Node3)@2004800000000.0: Updated MCS from 1 to 1, hist=deque([0.13513513513513514, 0.34146341463414637, 0.0, 1.894736842105263, 0.29545454545454547], maxlen=5), packets_serviced=13, packets_received=44
Called Update: UpdateRouteCalls = 3, force = False
Node.py: (Node4)@2004800000000.0: Updated MCS from 1 to 1, hist=deque([0.3333333333333333, 0.45098039215686275, 0.02631578947368421, 0.21487603305785125, 0.09090909090909091], maxlen=5), packets_serviced=3, packets_received=33
Called Update: UpdateRouteCalls = 4, force = False
Node.py: (Node5)@2004800000000.0: Updated MCS from 1 to 1, hist=deque([0.16666666666666666, 0.3508771929824561, 0.3333333333333333, 0.05555555555555555, 0.42], maxlen=5), packets_serviced=21, packets_received=50
Called Update: UpdateRouteCalls = 5, force = False
Node.py: (Node6)@2004800000000.0: Updated MCS from 1 to 1, hist=deque([0.14285714285714285, 0.18181818181818182, 0.15873015873015872, 0.3333333333333333, 0.24074074074074073], maxlen=5), packets_serviced=13, packets_received=54
Called Update: UpdateRouteCalls = 6, force = False
Node.py: (Node7)@2004800000000.0: Updated MCS from 1 to 1, hist=deque([0.14814814814814814, 0.16666666666666666, 0.23636363636363636, 0.16326530612244897, 0.17543859649122806], maxlen=5), packets_serviced=10, packets_received=57
Called Update: UpdateRouteCalls = 7, force = False
Called Update: UpdateRouteCalls = 8, force = False
Called Update: UpdateRouteCalls = 9, force = False
Called Update: UpdateRouteCalls = 10, force = False
Called Update: UpdateRouteCalls = 11, force = False
Called Update: UpdateRouteCalls = 12, force = False
Called Update: UpdateRouteCalls = 13, force = False
Called Update: UpdateRouteCalls = 14, force = False
Called Update: UpdateRouteCalls = 15, force = False
Called Update: UpdateRouteCalls = 16, force = False
Called Update: UpdateRouteCalls = 17, force = False
!! UPDATING !!
routeNo, updatedMCSIndex =  0 [1, 0, 0, 1, 1, 1, 1, 1]
DUPE: 2001139319828_Node0_Node8_Zero, Node5 id 2001139319828_Node0_Node8_Zero was a dupe; retransmit: 0, pkt_enqueue_time=2004807596008.786, pkt_dequeue_time=2004807596008.786, forwarded_or_dropped=1, reason_for_drop='Expiry'
DUPE: 2001229482969_Node0_Node8_Zero, Node5 id 2001229482969_Node0_Node8_Zero was a dupe; retransmit: 0, pkt_enqueue_time=2004807596008.786, pkt_dequeue_time=2004807596008.786, forwarded_or_dropped=1, reason_for_drop='Expiry'
DUPE: 2001786876816_Node0_Node8_Zero, Node4 id 2001786876816_Node0_Node8_Zero was a dupe; retransmit: 0, pkt_enqueue_time=2004810209617.3313, pkt_dequeue_time=2004810209617.3313, forwarded_or_dropped=1, reason_for_drop='Expiry'
DUPE: 2001606551182_Node0_Node8_Zero, Node3 id 2001606551182_Node0_Node8_Zero was a dupe; retransmit: 0, pkt_enqueue_time=2004812319910.0586, pkt_dequeue_time=2004812319910.0586, forwarded_or_dropped=1, reason_for_drop='Expiry'
DUPE: 2001516394118_Node0_Node8_Zero, Node3 id 2001516394118_Node0_Node8_Zero was a dupe; retransmit: 0, pkt_enqueue_time=2004812319910.0586, pkt_dequeue_time=2004812319910.0586, forwarded_or_dropped=1, reason_for_drop='Expiry'
DUPE: 2001581960854_Node0_Node8_Zero, Node4 id 2001581960854_Node0_Node8_Zero was a dupe; retransmit: 0, pkt_enqueue_time=2004821947727.8767, pkt_dequeue_time=2004821947727.8767, forwarded_or_dropped=1, reason_for_drop='Expiry'
DUPE: 2001778678361_Node0_Node8_Zero, Node3 id 2001778678361_Node0_Node8_Zero was a dupe; retransmit: 0, pkt_enqueue_time=2004825174610.695, pkt_dequeue_time=2004825174610.695, forwarded_or_dropped=1, reason_for_drop='Expiry'
DUPE: 2001327858229_Node0_Node8_Zero, Node5 id 2001327858229_Node0_Node8_Zero was a dupe; retransmit: 0, pkt_enqueue_time=2004827059482.695, pkt_dequeue_time=2004827059482.695, forwarded_or_dropped=1, reason_for_drop='Expiry'
DUPE: 2001172104139_Node0_Node8_Zero, Node5 id 2001172104139_Node0_Node8_Zero was a dupe; retransmit: 0, pkt_enqueue_time=2004827059482.695, pkt_dequeue_time=2004827059482.695, forwarded_or_dropped=1, reason_for_drop='Expiry'
DUPE: 2001540978966_Node0_Node8_Zero, Node3 id 2001540978966_Node0_Node8_Zero was a dupe; retransmit: 0, pkt_enqueue_time=2004831683265.2405, pkt_dequeue_time=2004831683265.2405, forwarded_or_dropped=1, reason_for_drop='Expiry'
DUPE: 2001524591591_Node0_Node8_Zero, Node3 id 2001524591591_Node0_Node8_Zero was a dupe; retransmit: 0, pkt_enqueue_time=2004846547382.604, pkt_dequeue_time=2004846547382.604, forwarded_or_dropped=1, reason_for_drop='Expiry'
DUPE: 2001532784067_Node0_Node8_Zero, Node3 id 2001532784067_Node0_Node8_Zero was a dupe; retransmit: 0, pkt_enqueue_time=2004846547382.604, pkt_dequeue_time=2004846547382.604, forwarded_or_dropped=1, reason_for_drop='Expiry'
DUPE: 2001418025254_Node0_Node8_Zero, Node4 id 2001418025254_Node0_Node8_Zero was a dupe; retransmit: 0, pkt_enqueue_time=2004849184200.422, pkt_dequeue_time=2004849184200.422, forwarded_or_dropped=1, reason_for_drop='Expiry'
DUPE: 2001426220485_Node0_Node8_Zero, Node4 id 2001426220485_Node0_Node8_Zero was a dupe; retransmit: 0, pkt_enqueue_time=2004849184200.422, pkt_dequeue_time=2004849184200.422, forwarded_or_dropped=1, reason_for_drop='Expiry'
DUPE: 2001147519140_Node0_Node8_Zero, Node2 id 2001147519140_Node0_Node8_Zero was a dupe; retransmit: 0, pkt_enqueue_time=2004853081213.4238, pkt_dequeue_time=2004853081213.4238, forwarded_or_dropped=1, reason_for_drop='Expiry'
DUPE: 2001155712265_Node0_Node8_Zero, Node2 id 2001155712265_Node0_Node8_Zero was a dupe; retransmit: 0, pkt_enqueue_time=2004853081213.4238, pkt_dequeue_time=2004853081213.4238, forwarded_or_dropped=1, reason_for_drop='Expiry'
DUPE: 2001303264303_Node0_Node8_Zero, Node1 id 2001303264303_Node0_Node8_Zero was a dupe; retransmit: 0, pkt_enqueue_time=2004857082501.2422, pkt_dequeue_time=2004857082501.2422, forwarded_or_dropped=1, reason_for_drop='Expiry'
DUPE: 2001311459135_Node0_Node8_Zero, Node1 id 2001311459135_Node0_Node8_Zero was a dupe; retransmit: 0, pkt_enqueue_time=2004857082501.2422, pkt_dequeue_time=2004857082501.2422, forwarded_or_dropped=1, reason_for_drop='Expiry'
DUPE: 2001549177342_Node0_Node8_Zero, Node1 id 2001549177342_Node0_Node8_Zero was a dupe; retransmit: 0, pkt_enqueue_time=2004859179373.2422, pkt_dequeue_time=2004859179373.2422, forwarded_or_dropped=1, reason_for_drop='Expiry'
DUPE: 2001557374703_Node0_Node8_Zero, Node1 id 2001557374703_Node0_Node8_Zero was a dupe; retransmit: 0, pkt_enqueue_time=2004859179373.2422, pkt_dequeue_time=2004859179373.2422, forwarded_or_dropped=1, reason_for_drop='Expiry'
DUPE: 2001557374703_Node0_Node8_Zero, Node4 id 2001557374703_Node0_Node8_Zero was a dupe; retransmit: 0, pkt_enqueue_time=2004862117501.0586, pkt_dequeue_time=2004862117501.0586, forwarded_or_dropped=1, reason_for_drop='Expiry'
DUPE: 2001565566596_Node0_Node8_Zero, Node4 id 2001565566596_Node0_Node8_Zero was a dupe; retransmit: 0, pkt_enqueue_time=2004862117501.0586, pkt_dequeue_time=2004862117501.0586, forwarded_or_dropped=1, reason_for_drop='Expiry'
DUPE: 2001360644610_Node0_Node8_Zero, Node3 id 2001360644610_Node0_Node8_Zero was a dupe; retransmit: 0, pkt_enqueue_time=2004868089215.242, pkt_dequeue_time=2004868089215.242, forwarded_or_dropped=1, reason_for_drop='Expiry'
DUPE: 2001729499682_Node0_Node8_Zero, Node1 id 2001729499682_Node0_Node8_Zero was a dupe; retransmit: 0, pkt_enqueue_time=2004873181936.8787, pkt_dequeue_time=2004873181936.8787, forwarded_or_dropped=1, reason_for_drop='Expiry'
DUPE: 2001737695059_Node0_Node8_Zero, Node1 id 2001737695059_Node0_Node8_Zero was a dupe; retransmit: 0, pkt_enqueue_time=2004873181936.8787, pkt_dequeue_time=2004873181936.8787, forwarded_or_dropped=1, reason_for_drop='Expiry'
DUPE: 2001040958788_Node0_Node8_Zero, Node5 id 2001040958788_Node0_Node8_Zero was a dupe; retransmit: 0, pkt_enqueue_time=2004879388017.8767, pkt_dequeue_time=2004879388017.8767, forwarded_or_dropped=1, reason_for_drop='Expiry'
DUPE: 2001049155912_Node0_Node8_Zero, Node5 id 2001049155912_Node0_Node8_Zero was a dupe; retransmit: 0, pkt_enqueue_time=2004879388017.8767, pkt_dequeue_time=2004879388017.8767, forwarded_or_dropped=1, reason_for_drop='Expiry'
DUPE: 2001704914092_Node0_Node8_Zero, Node4 id 2001704914092_Node0_Node8_Zero was a dupe; retransmit: 0, pkt_enqueue_time=2004883104660.6055, pkt_dequeue_time=2004883104660.6055, forwarded_or_dropped=1, reason_for_drop='Expiry'
DUPE: 2001385230988_Node0_Node8_Zero, Node3 id 2001385230988_Node0_Node8_Zero was a dupe; retransmit: 0, pkt_enqueue_time=2004885067096.6055, pkt_dequeue_time=2004885067096.6055, forwarded_or_dropped=1, reason_for_drop='Expiry'
DUPE: 2001401623673_Node0_Node8_Zero, Node3 id 2001401623673_Node0_Node8_Zero was a dupe; retransmit: 0, pkt_enqueue_time=2004885067096.6055, pkt_dequeue_time=2004885067096.6055, forwarded_or_dropped=1, reason_for_drop='Expiry'
DUPE: 2001172104139_Node0_Node8_Zero, Node3 id 2001172104139_Node0_Node8_Zero was a dupe; retransmit: 0, pkt_enqueue_time=2004899988855.242, pkt_dequeue_time=2004899988855.242, forwarded_or_dropped=1, reason_for_drop='Expiry'
DUPE: 2001254074625_Node0_Node8_Zero, Node3 id 2001254074625_Node0_Node8_Zero was a dupe; retransmit: 0, pkt_enqueue_time=2004899988855.242, pkt_dequeue_time=2004899988855.242, forwarded_or_dropped=1, reason_for_drop='Expiry'
DUPE: 2001557374703_Node0_Node8_Zero, Node5 id 2001557374703_Node0_Node8_Zero was a dupe; retransmit: 0, pkt_enqueue_time=2004905999631.4236, pkt_dequeue_time=2004905999631.4236, forwarded_or_dropped=1, reason_for_drop='Expiry'
DUPE: 2001565566596_Node0_Node8_Zero, Node5 id 2001565566596_Node0_Node8_Zero was a dupe; retransmit: 0, pkt_enqueue_time=2004905999631.4236, pkt_dequeue_time=2004905999631.4236, forwarded_or_dropped=1, reason_for_drop='Expiry'
DUPE: 2001319660446_Node0_Node8_Zero, Node2 id 2001319660446_Node0_Node8_Zero was a dupe; retransmit: 0, pkt_enqueue_time=2004909081631.3333, pkt_dequeue_time=2004909081631.3333, forwarded_or_dropped=1, reason_for_drop='Expiry'
DUPE: 2001327858229_Node0_Node8_Zero, Node2 id 2001327858229_Node0_Node8_Zero was a dupe; retransmit: 0, pkt_enqueue_time=2004909081631.3333, pkt_dequeue_time=2004909081631.3333, forwarded_or_dropped=1, reason_for_drop='Expiry'
DUPE: 2001262275509_Node0_Node8_Zero, Node3 id 2001262275509_Node0_Node8_Zero was a dupe; retransmit: 0, pkt_enqueue_time=2004913441449.1514, pkt_dequeue_time=2004913441449.1514, forwarded_or_dropped=1, reason_for_drop='Expiry'
DUPE: 2001065549949_Node0_Node8_Zero, Node3 id 2001065549949_Node0_Node8_Zero was a dupe; retransmit: 0, pkt_enqueue_time=2004913441449.1514, pkt_dequeue_time=2004913441449.1514, forwarded_or_dropped=1, reason_for_drop='Expiry'
DUPE: 2000958981886_Node0_Node8_Zero, Node1 id 2000958981886_Node0_Node8_Zero was a dupe; retransmit: 0, pkt_enqueue_time=2004916118220.1514, pkt_dequeue_time=2004916118220.1514, forwarded_or_dropped=1, reason_for_drop='Expiry'
DUPE: 2000967182808_Node0_Node8_Zero, Node1 id 2000967182808_Node0_Node8_Zero was a dupe; retransmit: 0, pkt_enqueue_time=2004916118220.1514, pkt_dequeue_time=2004916118220.1514, forwarded_or_dropped=1, reason_for_drop='Expiry'
DUPE: 2000917998929_Node0_Node8_Zero, Node5 id 2000917998929_Node0_Node8_Zero was a dupe; retransmit: 0, pkt_enqueue_time=2004927824737.06, pkt_dequeue_time=2004927824737.06, forwarded_or_dropped=1, reason_for_drop='Expiry'
DUPE: 2000958981886_Node0_Node8_Zero, Node5 id 2000958981886_Node0_Node8_Zero was a dupe; retransmit: 0, pkt_enqueue_time=2004927824737.06, pkt_dequeue_time=2004927824737.06, forwarded_or_dropped=1, reason_for_drop='Expiry'
DUPE: 2001016366729_Node0_Node8_Zero, Node3 id 2001016366729_Node0_Node8_Zero was a dupe; retransmit: 0, pkt_enqueue_time=2004930201508.06, pkt_dequeue_time=2004930201508.06, forwarded_or_dropped=1, reason_for_drop='Expiry'
DUPE: 2001040958788_Node0_Node8_Zero, Node3 id 2001040958788_Node0_Node8_Zero was a dupe; retransmit: 0, pkt_enqueue_time=2004930201508.06, pkt_dequeue_time=2004930201508.06, forwarded_or_dropped=1, reason_for_drop='Expiry'
DUPE: 2000991773422_Node0_Node8_Zero, Node5 id 2000991773422_Node0_Node8_Zero was a dupe; retransmit: 0, pkt_enqueue_time=2004931858380.06, pkt_dequeue_time=2004931858380.06, forwarded_or_dropped=1, reason_for_drop='Expiry'
DUPE: 2001065549949_Node0_Node8_Zero, Node1 id 2001065549949_Node0_Node8_Zero was a dupe; retransmit: 0, pkt_enqueue_time=2004936705748.4243, pkt_dequeue_time=2004936705748.4243, forwarded_or_dropped=1, reason_for_drop='Expiry'
DUPE: 2001549177342_Node0_Node8_Zero, Node3 id 2001549177342_Node0_Node8_Zero was a dupe; retransmit: 0, pkt_enqueue_time=2004944564793.6965, pkt_dequeue_time=2004944564793.6965, forwarded_or_dropped=1, reason_for_drop='Expiry'
DUPE: 2001508194424_Node0_Node8_Zero, Node3 id 2001508194424_Node0_Node8_Zero was a dupe; retransmit: 0, pkt_enqueue_time=2004951021665.6965, pkt_dequeue_time=2004951021665.6965, forwarded_or_dropped=1, reason_for_drop='Expiry'
DUPE: 2001393427178_Node0_Node8_Zero, Node3 id 2001393427178_Node0_Node8_Zero was a dupe; retransmit: 0, pkt_enqueue_time=2004951021665.6965, pkt_dequeue_time=2004951021665.6965, forwarded_or_dropped=1, reason_for_drop='Expiry'
DUPE: 2001573767851_Node0_Node8_Zero, Node5 id 2001573767851_Node0_Node8_Zero was a dupe; retransmit: 0, pkt_enqueue_time=2004954067954.4236, pkt_dequeue_time=2004954067954.4236, forwarded_or_dropped=1, reason_for_drop='Expiry'
DUPE: 2001598351718_Node0_Node8_Zero, Node1 id 2001598351718_Node0_Node8_Zero was a dupe; retransmit: 0, pkt_enqueue_time=2004957756875.6973, pkt_dequeue_time=2004957756875.6973, forwarded_or_dropped=1, reason_for_drop='Expiry'
DUPE: 2001606551182_Node0_Node8_Zero, Node1 id 2001606551182_Node0_Node8_Zero was a dupe; retransmit: 0, pkt_enqueue_time=2004957756875.6973, pkt_dequeue_time=2004957756875.6973, forwarded_or_dropped=1, reason_for_drop='Expiry'
DUPE: 2000991773422_Node0_Node8_Zero, Node3 id 2000991773422_Node0_Node8_Zero was a dupe; retransmit: 0, pkt_enqueue_time=2004965545164.333, pkt_dequeue_time=2004965545164.333, forwarded_or_dropped=1, reason_for_drop='Expiry'
DUPE: 2000999971458_Node0_Node8_Zero, Node3 id 2000999971458_Node0_Node8_Zero was a dupe; retransmit: 0, pkt_enqueue_time=2004965545164.333, pkt_dequeue_time=2004965545164.333, forwarded_or_dropped=1, reason_for_drop='Expiry'
DUPE: 2001286872593_Node0_Node8_Zero, Node1 id 2001286872593_Node0_Node8_Zero was a dupe; retransmit: 0, pkt_enqueue_time=2004972257439.3337, pkt_dequeue_time=2004972257439.3337, forwarded_or_dropped=1, reason_for_drop='Expiry'
DUPE: 2001295067161_Node0_Node8_Zero, Node1 id 2001295067161_Node0_Node8_Zero was a dupe; retransmit: 0, pkt_enqueue_time=2004972257439.3337, pkt_dequeue_time=2004972257439.3337, forwarded_or_dropped=1, reason_for_drop='Expiry'
DUPE: 2000868826296_Node0_Node8_Zero, Node3 id 2000868826296_Node0_Node8_Zero was a dupe; retransmit: 0, pkt_enqueue_time=2004980742236.9695, pkt_dequeue_time=2004980742236.9695, forwarded_or_dropped=1, reason_for_drop='Expiry'
DUPE: 2000885214515_Node0_Node8_Zero, Node3 id 2000885214515_Node0_Node8_Zero was a dupe; retransmit: 0, pkt_enqueue_time=2004980742236.9695, pkt_dequeue_time=2004980742236.9695, forwarded_or_dropped=1, reason_for_drop='Expiry'
DUPE: 2001204889318_Node0_Node8_Zero, Node1 id 2001204889318_Node0_Node8_Zero was a dupe; retransmit: 0, pkt_enqueue_time=2004986902002.9702, pkt_dequeue_time=2004986902002.9702, forwarded_or_dropped=1, reason_for_drop='Expiry'
DUPE: 2001213085532_Node0_Node8_Zero, Node1 id 2001213085532_Node0_Node8_Zero was a dupe; retransmit: 0, pkt_enqueue_time=2004986902002.9702, pkt_dequeue_time=2004986902002.9702, forwarded_or_dropped=1, reason_for_drop='Expiry'
DUPE: 2001483605202_Node0_Node8_Zero, Node3 id 2001483605202_Node0_Node8_Zero was a dupe; retransmit: 0, pkt_enqueue_time=2004995961800.606, pkt_dequeue_time=2004995961800.606, forwarded_or_dropped=1, reason_for_drop='Expiry'
DUPE: 2001499996375_Node0_Node8_Zero, Node3 id 2001499996375_Node0_Node8_Zero was a dupe; retransmit: 0, pkt_enqueue_time=2004995961800.606, pkt_dequeue_time=2004995961800.606, forwarded_or_dropped=1, reason_for_drop='Expiry'
main.py: Progress: 2005 / 2014
Called Update: UpdateRouteCalls = 0, force = True
!! UPDATING !!
routeNo, updatedMCSIndex =  0 [1, 0, 0, 1, 1, 1, 1, 1]

rf.py: Time: 2005 Route details: {0: {'Route': [0, 1, 2, 3, 4, 5, 6, 7, 8], 'MCS_Index': [1, 0, 0, 1, 1, 1, 1, 1], 'Priority': 1, 'ValidRoute': True, 'HQRoute': True, 'RouteNodeDensity': [0, 0, 0, 0, 0, 2, 0, 0, 0], 'InterferingLinks': 16, 'Target': (-1, -1)}}
DUPE: 2001245882237_Node0_Node8_Zero, Node3 id 2001245882237_Node0_Node8_Zero was a dupe; retransmit: 0, pkt_enqueue_time=2005011215377.2424, pkt_dequeue_time=2005011215377.2424, forwarded_or_dropped=1, reason_for_drop='Expiry'
DUPE: 2001196696154_Node0_Node8_Zero, Node3 id 2001196696154_Node0_Node8_Zero was a dupe; retransmit: 0, pkt_enqueue_time=2005011215377.2424, pkt_dequeue_time=2005011215377.2424, forwarded_or_dropped=1, reason_for_drop='Expiry'
DUPE: 2001655733436_Node0_Node8_Zero, Node4 id 2001655733436_Node0_Node8_Zero was a dupe; retransmit: 0, pkt_enqueue_time=2005027941195.0605, pkt_dequeue_time=2005027941195.0605, forwarded_or_dropped=1, reason_for_drop='Expiry'
DUPE: 2001663932793_Node0_Node8_Zero, Node3 id 2001663932793_Node0_Node8_Zero was a dupe; retransmit: 0, pkt_enqueue_time=2005029914729.879, pkt_dequeue_time=2005029914729.879, forwarded_or_dropped=1, reason_for_drop='Expiry'
DUPE: 2001696721194_Node0_Node8_Zero, Node3 id 2001696721194_Node0_Node8_Zero was a dupe; retransmit: 0, pkt_enqueue_time=2005035474983.697, pkt_dequeue_time=2005035474983.697, forwarded_or_dropped=1, reason_for_drop='Expiry'
DUPE: 2001049155912_Node0_Node8_Zero, Node4 id 2001049155912_Node0_Node8_Zero was a dupe; retransmit: 0, pkt_enqueue_time=2005053522801.5151, pkt_dequeue_time=2005053522801.5151, forwarded_or_dropped=1, reason_for_drop='Expiry'
DUPE: 2001090147290_Node0_Node8_Zero, Node4 id 2001090147290_Node0_Node8_Zero was a dupe; retransmit: 0, pkt_enqueue_time=2005061159673.5151, pkt_dequeue_time=2005061159673.5151, forwarded_or_dropped=1, reason_for_drop='Expiry'
DUPE: 2000983573690_Node0_Node8_Zero, Node4 id 2000983573690_Node0_Node8_Zero was a dupe; retransmit: 0, pkt_enqueue_time=2005061159673.5151, pkt_dequeue_time=2005061159673.5151, forwarded_or_dropped=1, reason_for_drop='Expiry'
DUPE: 2001459013959_Node0_Node8_Zero, Node2 id 2001459013959_Node0_Node8_Zero was a dupe; retransmit: 0, pkt_enqueue_time=2005062992095.697, pkt_dequeue_time=2005062992095.697, forwarded_or_dropped=1, reason_for_drop='Expiry'
DUPE: 2001467212629_Node0_Node8_Zero, Node2 id 2001467212629_Node0_Node8_Zero was a dupe; retransmit: 0, pkt_enqueue_time=2005062992095.697, pkt_dequeue_time=2005062992095.697, forwarded_or_dropped=1, reason_for_drop='Expiry'
DUPE: 2001278672169_Node0_Node8_Zero, Node2 id 2001278672169_Node0_Node8_Zero was a dupe; retransmit: 0, pkt_enqueue_time=2005065628967.697, pkt_dequeue_time=2005065628967.697, forwarded_or_dropped=1, reason_for_drop='Expiry'
DUPE: 2001549177342_Node0_Node8_Zero, Node2 id 2001549177342_Node0_Node8_Zero was a dupe; retransmit: 0, pkt_enqueue_time=2005065628967.697, pkt_dequeue_time=2005065628967.697, forwarded_or_dropped=1, reason_for_drop='Expiry'
DUPE: 2001434419320_Node0_Node8_Zero, Node4 id 2001434419320_Node0_Node8_Zero was a dupe; retransmit: 0, pkt_enqueue_time=2005091991127.5151, pkt_dequeue_time=2005091991127.5151, forwarded_or_dropped=1, reason_for_drop='Expiry'
DUPE: 2001442612141_Node0_Node8_Zero, Node4 id 2001442612141_Node0_Node8_Zero was a dupe; retransmit: 0, pkt_enqueue_time=2005091991127.5151, pkt_dequeue_time=2005091991127.5151, forwarded_or_dropped=1, reason_for_drop='Expiry'
DUPE: 2001327858229_Node0_Node8_Zero, Node3 id 2001327858229_Node0_Node8_Zero was a dupe; retransmit: 0, pkt_enqueue_time=2005100760691.1516, pkt_dequeue_time=2005100760691.1516, forwarded_or_dropped=1, reason_for_drop='Expiry'
DUPE: 2001336056330_Node0_Node8_Zero, Node3 id 2001336056330_Node0_Node8_Zero was a dupe; retransmit: 0, pkt_enqueue_time=2005100760691.1516, pkt_dequeue_time=2005100760691.1516, forwarded_or_dropped=1, reason_for_drop='Expiry'
DUPE: 2001532784067_Node0_Node8_Zero, Node1 id 2001532784067_Node0_Node8_Zero was a dupe; retransmit: 0, pkt_enqueue_time=2005112913966.6064, pkt_dequeue_time=2005112913966.6064, forwarded_or_dropped=1, reason_for_drop='Expiry'
DUPE: 2001540978966_Node0_Node8_Zero, Node1 id 2001540978966_Node0_Node8_Zero was a dupe; retransmit: 0, pkt_enqueue_time=2005112913966.6064, pkt_dequeue_time=2005112913966.6064, forwarded_or_dropped=1, reason_for_drop='Expiry'
DUPE: 2001516394118_Node0_Node8_Zero, Node1 id 2001516394118_Node0_Node8_Zero was a dupe; retransmit: 0, pkt_enqueue_time=2005114910838.6064, pkt_dequeue_time=2005114910838.6064, forwarded_or_dropped=1, reason_for_drop='Expiry'
DUPE: 2001524591591_Node0_Node8_Zero, Node1 id 2001524591591_Node0_Node8_Zero was a dupe; retransmit: 0, pkt_enqueue_time=2005114910838.6064, pkt_dequeue_time=2005114910838.6064, forwarded_or_dropped=1, reason_for_drop='Expiry'
DUPE: 2001114737739_Node0_Node8_Zero, Node4 id 2001114737739_Node0_Node8_Zero was a dupe; retransmit: 0, pkt_enqueue_time=2005154106090.788, pkt_dequeue_time=2005154106090.788, forwarded_or_dropped=1, reason_for_drop='Expiry'
DUPE: 2001122934866_Node0_Node8_Zero, Node4 id 2001122934866_Node0_Node8_Zero was a dupe; retransmit: 0, pkt_enqueue_time=2005154106090.788, pkt_dequeue_time=2005154106090.788, forwarded_or_dropped=1, reason_for_drop='Expiry'
DUPE: 2001147519140_Node0_Node8_Zero, Node4 id 2001147519140_Node0_Node8_Zero was a dupe; retransmit: 0, pkt_enqueue_time=2005172782962.788, pkt_dequeue_time=2005172782962.788, forwarded_or_dropped=1, reason_for_drop='Expiry'
DUPE: 2001155712265_Node0_Node8_Zero, Node4 id 2001155712265_Node0_Node8_Zero was a dupe; retransmit: 0, pkt_enqueue_time=2005172782962.788, pkt_dequeue_time=2005172782962.788, forwarded_or_dropped=1, reason_for_drop='Expiry'
DUPE: 2000909804208_Node0_Node8_Zero, Node3 id 2000909804208_Node0_Node8_Zero was a dupe; retransmit: 0, pkt_enqueue_time=2005175528893.788, pkt_dequeue_time=2005175528893.788, forwarded_or_dropped=1, reason_for_drop='Expiry'
DUPE: 2001639331100_Node0_Node8_Zero, Node4 id 2001639331100_Node0_Node8_Zero was a dupe; retransmit: 0, pkt_enqueue_time=2005194056711.6062, pkt_dequeue_time=2005194056711.6062, forwarded_or_dropped=1, reason_for_drop='Expiry'
Node.py: (Node0)@2005200000000.0: Updated MCS from 1 to 1, hist=deque([0.12244897959183673, 1.2083333333333333, 0.5714285714285714, 0.0, 0.24489795918367346], maxlen=5), packets_serviced=12, packets_received=49
Called Update: UpdateRouteCalls = 0, force = False
Node.py: (Node1)@2005200000000.0: Updated MCS from 0 to 1, hist=deque([0.08695652173913043, 0.0, 0.0, 0.0, 0.0], maxlen=5), packets_serviced=0, packets_received=94
Called Update: UpdateRouteCalls = 1, force = False
Node.py: (Node2)@2005200000000.0: Updated MCS from 0 to 0, hist=deque([1.368421052631579, 1.7142857142857142, 1.1428571428571428, 2.8333333333333335, 0.0], maxlen=5), packets_serviced=0, packets_received=8
Called Update: UpdateRouteCalls = 2, force = False
Node.py: (Node3)@2005200000000.0: Updated MCS from 1 to 1, hist=deque([0.34146341463414637, 0.0, 1.894736842105263, 0.29545454545454547, 0.0], maxlen=5), packets_serviced=0, packets_received=31
Called Update: UpdateRouteCalls = 3, force = False
Node.py: (Node4)@2005200000000.0: Updated MCS from 1 to 1, hist=deque([0.45098039215686275, 0.02631578947368421, 0.21487603305785125, 0.09090909090909091, 0.10526315789473684], maxlen=5), packets_serviced=2, packets_received=19
Called Update: UpdateRouteCalls = 4, force = False
Node.py: (Node5)@2005200000000.0: Updated MCS from 1 to 1, hist=deque([0.3508771929824561, 0.3333333333333333, 0.05555555555555555, 0.42, 0.0], maxlen=5), packets_serviced=0, packets_received=14
Called Update: UpdateRouteCalls = 5, force = False
Called Update: UpdateRouteCalls = 6, force = False
Called Update: UpdateRouteCalls = 7, force = False
Called Update: UpdateRouteCalls = 8, force = False
Called Update: UpdateRouteCalls = 9, force = False
Called Update: UpdateRouteCalls = 10, force = False
Called Update: UpdateRouteCalls = 11, force = False
Called Update: UpdateRouteCalls = 12, force = False
Called Update: UpdateRouteCalls = 13, force = False
Called Update: UpdateRouteCalls = 14, force = False
Called Update: UpdateRouteCalls = 15, force = False
Called Update: UpdateRouteCalls = 16, force = False
Called Update: UpdateRouteCalls = 17, force = False
!! UPDATING !!
routeNo, updatedMCSIndex =  0 [1, 1, 0, 1, 1, 1, 1, 1]
DUPE: 2000942588655_Node0_Node8_Zero, Node3 id 2000942588655_Node0_Node8_Zero was a dupe; retransmit: 0, pkt_enqueue_time=2005206317486.4246, pkt_dequeue_time=2005206317486.4246, forwarded_or_dropped=1, reason_for_drop='Expiry'
DUPE: 2001377037880_Node0_Node8_Zero, Node4 id 2001377037880_Node0_Node8_Zero was a dupe; retransmit: 0, pkt_enqueue_time=2005226608304.2427, pkt_dequeue_time=2005226608304.2427, forwarded_or_dropped=1, reason_for_drop='Expiry'
DUPE: 2001352448472_Node0_Node8_Zero, Node4 id 2001352448472_Node0_Node8_Zero was a dupe; retransmit: 0, pkt_enqueue_time=2005226608304.2427, pkt_dequeue_time=2005226608304.2427, forwarded_or_dropped=1, reason_for_drop='Expiry'
DUPE: 2001467212629_Node0_Node8_Zero, Node4 id 2001467212629_Node0_Node8_Zero was a dupe; retransmit: 0, pkt_enqueue_time=2005250607739.8792, pkt_dequeue_time=2005250607739.8792, forwarded_or_dropped=1, reason_for_drop='Expiry'
DUPE: 2001549177342_Node0_Node8_Zero, Node4 id 2001549177342_Node0_Node8_Zero was a dupe; retransmit: 0, pkt_enqueue_time=2005250607739.8792, pkt_dequeue_time=2005250607739.8792, forwarded_or_dropped=1, reason_for_drop='Expiry'
DUPE: 2001049155912_Node0_Node8_Zero, Node3 id 2001049155912_Node0_Node8_Zero was a dupe; retransmit: 0, pkt_enqueue_time=2005302434278.9702, pkt_dequeue_time=2005302434278.9702, forwarded_or_dropped=1, reason_for_drop='Expiry'
DUPE: 2000975376718_Node0_Node8_Zero, Node3 id 2000975376718_Node0_Node8_Zero was a dupe; retransmit: 0, pkt_enqueue_time=2005302434278.9702, pkt_dequeue_time=2005302434278.9702, forwarded_or_dropped=1, reason_for_drop='Expiry'
DUPE: 2000467197354_Node0_Node8_Zero, Node3 id 2000467197354_Node0_Node8_Zero was a dupe; retransmit: 0, pkt_enqueue_time=2005411761288.2432, pkt_dequeue_time=2005411761288.2432, forwarded_or_dropped=1, reason_for_drop='Expiry'
DUPE: 2000475397182_Node0_Node8_Zero, Node3 id 2000475397182_Node0_Node8_Zero was a dupe; retransmit: 0, pkt_enqueue_time=2005411761288.2432, pkt_dequeue_time=2005411761288.2432, forwarded_or_dropped=1, reason_for_drop='Expiry'
DUPE: 2000581940521_Node0_Node8_Zero, Node3 id 2000581940521_Node0_Node8_Zero was a dupe; retransmit: 0, pkt_enqueue_time=2005468414303.8796, pkt_dequeue_time=2005468414303.8796, forwarded_or_dropped=1, reason_for_drop='Expiry'
Node.py: (Node0)@2005600000000.0: Updated MCS from 1 to 0, hist=deque([1.2083333333333333, 0.5714285714285714, 0.0, 0.24489795918367346, 3.142857142857143], maxlen=5), packets_serviced=154, packets_received=49
Called Update: UpdateRouteCalls = 0, force = False
Node.py: (Node1)@2005600000000.0: Updated MCS from 1 to 1, hist=deque([0.0, 0.0, 0.0, 0.0, 0.0], maxlen=5), packets_serviced=0, packets_received=363
Called Update: UpdateRouteCalls = 1, force = False
Called Update: UpdateRouteCalls = 2, force = False
Node.py: (Node3)@2005600000000.0: Updated MCS from 1 to 1, hist=deque([0.0, 1.894736842105263, 0.29545454545454547, 0.0, 0.0], maxlen=5), packets_serviced=0, packets_received=8
Called Update: UpdateRouteCalls = 3, force = False
Node.py: (Node4)@2005600000000.0: Updated MCS from 1 to 1, hist=deque([0.02631578947368421, 0.21487603305785125, 0.09090909090909091, 0.10526315789473684, 0.0], maxlen=5), packets_serviced=0, packets_received=6
Called Update: UpdateRouteCalls = 4, force = False
Called Update: UpdateRouteCalls = 5, force = False
Called Update: UpdateRouteCalls = 6, force = False
Called Update: UpdateRouteCalls = 7, force = False
Called Update: UpdateRouteCalls = 8, force = False
Called Update: UpdateRouteCalls = 9, force = False
Called Update: UpdateRouteCalls = 10, force = False
Called Update: UpdateRouteCalls = 11, force = False
Called Update: UpdateRouteCalls = 12, force = False
Called Update: UpdateRouteCalls = 13, force = False
Called Update: UpdateRouteCalls = 14, force = False
Called Update: UpdateRouteCalls = 15, force = False
Called Update: UpdateRouteCalls = 16, force = False
Called Update: UpdateRouteCalls = 17, force = False
!! UPDATING !!
routeNo, updatedMCSIndex =  0 [0, 1, 0, 1, 1, 1, 1, 1]
main.py: Progress: 2006 / 2014
Node.py: (Node0)@2006000000000.0: Updated MCS from 0 to 0, hist=deque([0.5714285714285714, 0.0, 0.24489795918367346, 3.142857142857143, 2.0833333333333335], maxlen=5), packets_serviced=100, packets_received=48
Called Update: UpdateRouteCalls = 0, force = False
Node.py: (Node1)@2006000000000.0: Updated MCS from 1 to 1, hist=deque([0.0, 0.0, 0.0, 0.0, 0.0], maxlen=5), packets_serviced=0, packets_received=222
Called Update: UpdateRouteCalls = 1, force = False
Called Update: UpdateRouteCalls = 2, force = False
Called Update: UpdateRouteCalls = 3, force = False
Called Update: UpdateRouteCalls = 4, force = False
Called Update: UpdateRouteCalls = 5, force = False
Called Update: UpdateRouteCalls = 6, force = False
Called Update: UpdateRouteCalls = 7, force = False
Called Update: UpdateRouteCalls = 8, force = False
Called Update: UpdateRouteCalls = 9, force = False
Called Update: UpdateRouteCalls = 10, force = False
Called Update: UpdateRouteCalls = 11, force = False
Called Update: UpdateRouteCalls = 12, force = False
Called Update: UpdateRouteCalls = 13, force = False
Called Update: UpdateRouteCalls = 14, force = False
Called Update: UpdateRouteCalls = 15, force = False
Called Update: UpdateRouteCalls = 16, force = False
Called Update: UpdateRouteCalls = 17, force = False
!! UPDATING !!
routeNo, updatedMCSIndex =  0 [0, 1, 0, 1, 1, 1, 1, 1]
Called Update: UpdateRouteCalls = 0, force = True
!! UPDATING !!
routeNo, updatedMCSIndex =  0 [0, 1, 0, 1, 1, 1, 1, 1]

rf.py: Time: 2006 Route details: {0: {'Route': [0, 1, 2, 3, 4, 5, 6, 7, 8], 'MCS_Index': [0, 1, 0, 1, 1, 1, 1, 1], 'Priority': 1, 'ValidRoute': True, 'HQRoute': True, 'RouteNodeDensity': [0, 0, 0, 0, 0, 2, 0, 0, 0], 'InterferingLinks': 16, 'Target': (-1, -1)}}
Node.py: (Node0)@2006400000000.0: Updated MCS from 0 to 0, hist=deque([0.0, 0.24489795918367346, 3.142857142857143, 2.0833333333333335, 2.6122448979591835], maxlen=5), packets_serviced=128, packets_received=49
Called Update: UpdateRouteCalls = 0, force = False
Node.py: (Node1)@2006400000000.0: Updated MCS from 1 to 1, hist=deque([0.0, 0.0, 0.0, 0.0, 0.0], maxlen=5), packets_serviced=0, packets_received=201
Called Update: UpdateRouteCalls = 1, force = False
Called Update: UpdateRouteCalls = 2, force = False
Called Update: UpdateRouteCalls = 3, force = False
Called Update: UpdateRouteCalls = 4, force = False
Called Update: UpdateRouteCalls = 5, force = False
Called Update: UpdateRouteCalls = 6, force = False
Called Update: UpdateRouteCalls = 7, force = False
Called Update: UpdateRouteCalls = 8, force = False
Called Update: UpdateRouteCalls = 9, force = False
Called Update: UpdateRouteCalls = 10, force = False
Called Update: UpdateRouteCalls = 11, force = False
Called Update: UpdateRouteCalls = 12, force = False
Called Update: UpdateRouteCalls = 13, force = False
Called Update: UpdateRouteCalls = 14, force = False
Called Update: UpdateRouteCalls = 15, force = False
Called Update: UpdateRouteCalls = 16, force = False
Called Update: UpdateRouteCalls = 17, force = False
!! UPDATING !!
routeNo, updatedMCSIndex =  0 [0, 1, 0, 1, 1, 1, 1, 1]
Node.py: (Node0)@2006800000000.0: Updated MCS from 0 to 0, hist=deque([0.24489795918367346, 3.142857142857143, 2.0833333333333335, 2.6122448979591835, 2.510204081632653], maxlen=5), packets_serviced=123, packets_received=49
Called Update: UpdateRouteCalls = 0, force = False
Node.py: (Node1)@2006800000000.0: Updated MCS from 1 to 1, hist=deque([0.0, 0.0, 0.0, 0.0, 0.0], maxlen=5), packets_serviced=0, packets_received=201
Called Update: UpdateRouteCalls = 1, force = False
Called Update: UpdateRouteCalls = 2, force = False
Called Update: UpdateRouteCalls = 3, force = False
Called Update: UpdateRouteCalls = 4, force = False
Called Update: UpdateRouteCalls = 5, force = False
Called Update: UpdateRouteCalls = 6, force = False
Called Update: UpdateRouteCalls = 7, force = False
Called Update: UpdateRouteCalls = 8, force = False
Called Update: UpdateRouteCalls = 9, force = False
Called Update: UpdateRouteCalls = 10, force = False
Called Update: UpdateRouteCalls = 11, force = False
Called Update: UpdateRouteCalls = 12, force = False
Called Update: UpdateRouteCalls = 13, force = False
Called Update: UpdateRouteCalls = 14, force = False
Called Update: UpdateRouteCalls = 15, force = False
Called Update: UpdateRouteCalls = 16, force = False
Called Update: UpdateRouteCalls = 17, force = False
!! UPDATING !!
routeNo, updatedMCSIndex =  0 [0, 1, 0, 1, 1, 1, 1, 1]
main.py: Progress: 2007 / 2014
Called Update: UpdateRouteCalls = 0, force = True
!! UPDATING !!
routeNo, updatedMCSIndex =  0 [0, 1, 0, 1, 1, 1, 1, 1]

rf.py: Time: 2007 Route details: {0: {'Route': [0, 1, 2, 3, 4, 5, 6, 7, 8], 'MCS_Index': [0, 1, 0, 1, 1, 1, 1, 1], 'Priority': 1, 'ValidRoute': True, 'HQRoute': True, 'RouteNodeDensity': [0, 0, 0, 0, 0, 2, 0, 0, 0], 'InterferingLinks': 16, 'Target': (-1, -1)}}
DUPE: 2003959111972_Node0_Node8_Zero, Node1 id 2003959111972_Node0_Node8_Zero was a dupe; retransmit: 0, pkt_enqueue_time=2007040825697.7795, pkt_dequeue_time=2007040825697.7795, forwarded_or_dropped=1, reason_for_drop='Expiry'
DUPE: 2003983698559_Node0_Node8_Zero, Node1 id 2003983698559_Node0_Node8_Zero was a dupe; retransmit: 0, pkt_enqueue_time=2007100246892.6877, pkt_dequeue_time=2007100246892.6877, forwarded_or_dropped=1, reason_for_drop='Expiry'
DUPE: 2003967304485_Node0_Node8_Zero, Node1 id 2003967304485_Node0_Node8_Zero was a dupe; retransmit: 0, pkt_enqueue_time=2007102526547.2332, pkt_dequeue_time=2007102526547.2332, forwarded_or_dropped=1, reason_for_drop='Expiry'
DUPE: 2004131233590_Node0_Node8_Zero, Node1 id 2004131233590_Node0_Node8_Zero was a dupe; retransmit: 0, pkt_enqueue_time=2007147548507.9597, pkt_dequeue_time=2007147548507.9597, forwarded_or_dropped=1, reason_for_drop='Expiry'
DUPE: 2004106649317_Node0_Node8_Zero, Node1 id 2004106649317_Node0_Node8_Zero was a dupe; retransmit: 0, pkt_enqueue_time=2007194957340.6863, pkt_dequeue_time=2007194957340.6863, forwarded_or_dropped=1, reason_for_drop='Expiry'
Node.py: (Node0)@2007200000000.0: Updated MCS from 0 to 0, hist=deque([3.142857142857143, 2.0833333333333335, 2.6122448979591835, 2.510204081632653, 0.16326530612244897], maxlen=5), packets_serviced=8, packets_received=49
Called Update: UpdateRouteCalls = 0, force = False
Node.py: (Node1)@2007200000000.0: Updated MCS from 1 to 1, hist=deque([0.0, 0.0, 0.0, 0.0, 0.0], maxlen=5), packets_serviced=0, packets_received=183
Called Update: UpdateRouteCalls = 1, force = False
Called Update: UpdateRouteCalls = 2, force = False
Called Update: UpdateRouteCalls = 3, force = False
Called Update: UpdateRouteCalls = 4, force = False
Called Update: UpdateRouteCalls = 5, force = False
Called Update: UpdateRouteCalls = 6, force = False
Called Update: UpdateRouteCalls = 7, force = False
Called Update: UpdateRouteCalls = 8, force = False
Called Update: UpdateRouteCalls = 9, force = False
Called Update: UpdateRouteCalls = 10, force = False
Called Update: UpdateRouteCalls = 11, force = False
Called Update: UpdateRouteCalls = 12, force = False
Called Update: UpdateRouteCalls = 13, force = False
Called Update: UpdateRouteCalls = 14, force = False
Called Update: UpdateRouteCalls = 15, force = False
Called Update: UpdateRouteCalls = 16, force = False
Called Update: UpdateRouteCalls = 17, force = False
!! UPDATING !!
routeNo, updatedMCSIndex =  0 [0, 1, 0, 1, 1, 1, 1, 1]
DUPE: 2004205006791_Node0_Node8_Zero, Node1 id 2004205006791_Node0_Node8_Zero was a dupe; retransmit: 0, pkt_enqueue_time=2007255030011.2307, pkt_dequeue_time=2007255030011.2307, forwarded_or_dropped=1, reason_for_drop='Expiry'
DUPE: 2004196805510_Node0_Node8_Zero, Node1 id 2004196805510_Node0_Node8_Zero was a dupe; retransmit: 0, pkt_enqueue_time=2007257369665.7761, pkt_dequeue_time=2007257369665.7761, forwarded_or_dropped=1, reason_for_drop='Expiry'
DUPE: 2004155815439_Node0_Node8_Zero, Node1 id 2004155815439_Node0_Node8_Zero was a dupe; retransmit: 0, pkt_enqueue_time=2007259709320.3215, pkt_dequeue_time=2007259709320.3215, forwarded_or_dropped=1, reason_for_drop='Expiry'
DUPE: 2004139426254_Node0_Node8_Zero, Node1 id 2004139426254_Node0_Node8_Zero was a dupe; retransmit: 0, pkt_enqueue_time=2007262048974.867, pkt_dequeue_time=2007262048974.867, forwarded_or_dropped=1, reason_for_drop='Expiry'
DUPE: 2004000090155_Node0_Node8_Zero, Node1 id 2004000090155_Node0_Node8_Zero was a dupe; retransmit: 0, pkt_enqueue_time=2007264388629.4124, pkt_dequeue_time=2007264388629.4124, forwarded_or_dropped=1, reason_for_drop='Expiry'
DUPE: 2004245988223_Node0_Node8_Zero, Node1 id 2004245988223_Node0_Node8_Zero was a dupe; retransmit: 0, pkt_enqueue_time=2007352808983.593, pkt_dequeue_time=2007352808983.593, forwarded_or_dropped=1, reason_for_drop='Expiry'
DUPE: 2004237793999_Node0_Node8_Zero, Node1 id 2004237793999_Node0_Node8_Zero was a dupe; retransmit: 0, pkt_enqueue_time=2007355188638.1384, pkt_dequeue_time=2007355188638.1384, forwarded_or_dropped=1, reason_for_drop='Expiry'
DUPE: 2004221399909_Node0_Node8_Zero, Node1 id 2004221399909_Node0_Node8_Zero was a dupe; retransmit: 0, pkt_enqueue_time=2007357568292.6838, pkt_dequeue_time=2007357568292.6838, forwarded_or_dropped=1, reason_for_drop='Expiry'
DUPE: 2004049266515_Node0_Node8_Zero, Node1 id 2004049266515_Node0_Node8_Zero was a dupe; retransmit: 0, pkt_enqueue_time=2007359947947.2292, pkt_dequeue_time=2007359947947.2292, forwarded_or_dropped=1, reason_for_drop='Expiry'
DUPE: 2004041068463_Node0_Node8_Zero, Node1 id 2004041068463_Node0_Node8_Zero was a dupe; retransmit: 0, pkt_enqueue_time=2007362327601.7747, pkt_dequeue_time=2007362327601.7747, forwarded_or_dropped=1, reason_for_drop='Expiry'
DUPE: 2003926325206_Node0_Node8_Zero, Node1 id 2003926325206_Node0_Node8_Zero was a dupe; retransmit: 0, pkt_enqueue_time=2007364687256.32, pkt_dequeue_time=2007364687256.32, forwarded_or_dropped=1, reason_for_drop='Expiry'
DUPE: 2003934522480_Node0_Node8_Zero, Node1 id 2003934522480_Node0_Node8_Zero was a dupe; retransmit: 0, pkt_enqueue_time=2007364687256.32, pkt_dequeue_time=2007364687256.32, forwarded_or_dropped=1, reason_for_drop='Expiry'
DUPE: 2004213201168_Node0_Node8_Zero, Node1 id 2004213201168_Node0_Node8_Zero was a dupe; retransmit: 0, pkt_enqueue_time=2007410020995.956, pkt_dequeue_time=2007410020995.956, forwarded_or_dropped=1, reason_for_drop='Expiry'
DUPE: 2004090248293_Node0_Node8_Zero, Node1 id 2004090248293_Node0_Node8_Zero was a dupe; retransmit: 0, pkt_enqueue_time=2007412420650.5015, pkt_dequeue_time=2007412420650.5015, forwarded_or_dropped=1, reason_for_drop='Expiry'
DUPE: 2003942717357_Node0_Node8_Zero, Node1 id 2003942717357_Node0_Node8_Zero was a dupe; retransmit: 0, pkt_enqueue_time=2007414820305.0469, pkt_dequeue_time=2007414820305.0469, forwarded_or_dropped=1, reason_for_drop='Expiry'
DUPE: 2004418115282_Node0_Node8_Zero, Node1 id 2004418115282_Node0_Node8_Zero was a dupe; retransmit: 0, pkt_enqueue_time=2007492762386.5005, pkt_dequeue_time=2007492762386.5005, forwarded_or_dropped=1, reason_for_drop='Expiry'
DUPE: 2004073852848_Node0_Node8_Zero, Node1 id 2004073852848_Node0_Node8_Zero was a dupe; retransmit: 0, pkt_enqueue_time=2007495182041.046, pkt_dequeue_time=2007495182041.046, forwarded_or_dropped=1, reason_for_drop='Expiry'
DUPE: 2003975503184_Node0_Node8_Zero, Node1 id 2003975503184_Node0_Node8_Zero was a dupe; retransmit: 0, pkt_enqueue_time=2007497601695.5913, pkt_dequeue_time=2007497601695.5913, forwarded_or_dropped=1, reason_for_drop='Expiry'
DUPE: 2004082053104_Node0_Node8_Zero, Node1 id 2004082053104_Node0_Node8_Zero was a dupe; retransmit: 0, pkt_enqueue_time=2007547057745.7725, pkt_dequeue_time=2007547057745.7725, forwarded_or_dropped=1, reason_for_drop='Expiry'
DUPE: 2004426316891_Node0_Node8_Zero, Node1 id 2004426316891_Node0_Node8_Zero was a dupe; retransmit: 0, pkt_enqueue_time=2007591674486.8628, pkt_dequeue_time=2007591674486.8628, forwarded_or_dropped=1, reason_for_drop='Expiry'
DUPE: 2004303357805_Node0_Node8_Zero, Node1 id 2004303357805_Node0_Node8_Zero was a dupe; retransmit: 0, pkt_enqueue_time=2007594134141.4082, pkt_dequeue_time=2007594134141.4082, forwarded_or_dropped=1, reason_for_drop='Expiry'
DUPE: 2004065660729_Node0_Node8_Zero, Node1 id 2004065660729_Node0_Node8_Zero was a dupe; retransmit: 0, pkt_enqueue_time=2007599053450.499, pkt_dequeue_time=2007599053450.499, forwarded_or_dropped=1, reason_for_drop='Expiry'
Node.py: (Node0)@2007600000000.0: Updated MCS from 0 to 0, hist=deque([2.0833333333333335, 2.6122448979591835, 2.510204081632653, 0.16326530612244897, 0.0], maxlen=5), packets_serviced=0, packets_received=49
Called Update: UpdateRouteCalls = 0, force = False
Node.py: (Node1)@2007600000000.0: Updated MCS from 1 to 1, hist=deque([0.0, 0.0, 0.0, 0.0, 0.0], maxlen=5), packets_serviced=0, packets_received=174
Called Update: UpdateRouteCalls = 1, force = False
Called Update: UpdateRouteCalls = 2, force = False
Called Update: UpdateRouteCalls = 3, force = False
Called Update: UpdateRouteCalls = 4, force = False
Called Update: UpdateRouteCalls = 5, force = False
Called Update: UpdateRouteCalls = 6, force = False
Called Update: UpdateRouteCalls = 7, force = False
Called Update: UpdateRouteCalls = 8, force = False
Called Update: UpdateRouteCalls = 9, force = False
Called Update: UpdateRouteCalls = 10, force = False
Called Update: UpdateRouteCalls = 11, force = False
Called Update: UpdateRouteCalls = 12, force = False
Called Update: UpdateRouteCalls = 13, force = False
Called Update: UpdateRouteCalls = 14, force = False
Called Update: UpdateRouteCalls = 15, force = False
Called Update: UpdateRouteCalls = 16, force = False
Called Update: UpdateRouteCalls = 17, force = False
!! UPDATING !!
routeNo, updatedMCSIndex =  0 [0, 1, 0, 1, 1, 1, 1, 1]
DUPE: 2004541077542_Node0_Node8_Zero, Node1 id 2004541077542_Node0_Node8_Zero was a dupe; retransmit: 0, pkt_enqueue_time=2007640043665.044, pkt_dequeue_time=2007640043665.044, forwarded_or_dropped=1, reason_for_drop='Expiry'
DUPE: 2004262375242_Node0_Node8_Zero, Node1 id 2004262375242_Node0_Node8_Zero was a dupe; retransmit: 0, pkt_enqueue_time=2007662047773.4072, pkt_dequeue_time=2007662047773.4072, forwarded_or_dropped=1, reason_for_drop='Expiry'
DUPE: 2004254180535_Node0_Node8_Zero, Node1 id 2004254180535_Node0_Node8_Zero was a dupe; retransmit: 0, pkt_enqueue_time=2007664567427.9526, pkt_dequeue_time=2007664567427.9526, forwarded_or_dropped=1, reason_for_drop='Expiry'
DUPE: 2004508286183_Node0_Node8_Zero, Node1 id 2004508286183_Node0_Node8_Zero was a dupe; retransmit: 0, pkt_enqueue_time=2007686951536.316, pkt_dequeue_time=2007686951536.316, forwarded_or_dropped=1, reason_for_drop='Expiry'
DUPE: 2004360743304_Node0_Node8_Zero, Node1 id 2004360743304_Node0_Node8_Zero was a dupe; retransmit: 0, pkt_enqueue_time=2007689491190.8613, pkt_dequeue_time=2007689491190.8613, forwarded_or_dropped=1, reason_for_drop='Expiry'
DUPE: 2004442718580_Node0_Node8_Zero, Node1 id 2004442718580_Node0_Node8_Zero was a dupe; retransmit: 0, pkt_enqueue_time=2007722108352.3154, pkt_dequeue_time=2007722108352.3154, forwarded_or_dropped=1, reason_for_drop='Expiry'
DUPE: 2004172214834_Node0_Node8_Zero, Node1 id 2004172214834_Node0_Node8_Zero was a dupe; retransmit: 0, pkt_enqueue_time=2007724668006.8608, pkt_dequeue_time=2007724668006.8608, forwarded_or_dropped=1, reason_for_drop='Expiry'
DUPE: 2003827964909_Node0_Node8_Zero, Node1 id 2003827964909_Node0_Node8_Zero was a dupe; retransmit: 0, pkt_enqueue_time=2007727207661.4062, pkt_dequeue_time=2007727207661.4062, forwarded_or_dropped=1, reason_for_drop='Expiry'
DUPE: 2003836157070_Node0_Node8_Zero, Node1 id 2003836157070_Node0_Node8_Zero was a dupe; retransmit: 0, pkt_enqueue_time=2007727207661.4062, pkt_dequeue_time=2007727207661.4062, forwarded_or_dropped=1, reason_for_drop='Expiry'
DUPE: 2004631242869_Node0_Node8_Zero, Node1 id 2004631242869_Node0_Node8_Zero was a dupe; retransmit: 0, pkt_enqueue_time=2007790618021.4055, pkt_dequeue_time=2007790618021.4055, forwarded_or_dropped=1, reason_for_drop='Expiry'
DUPE: 2004565665212_Node0_Node8_Zero, Node1 id 2004565665212_Node0_Node8_Zero was a dupe; retransmit: 0, pkt_enqueue_time=2007793217675.951, pkt_dequeue_time=2007793217675.951, forwarded_or_dropped=1, reason_for_drop='Expiry'
DUPE: 2003237807886_Node0_Node8_Zero, Node1 id 2003237807886_Node0_Node8_Zero was a dupe; retransmit: 0, pkt_enqueue_time=2007795797330.4963, pkt_dequeue_time=2007795797330.4963, forwarded_or_dropped=1, reason_for_drop='Expiry'
DUPE: 2003246001716_Node0_Node8_Zero, Node1 id 2003246001716_Node0_Node8_Zero was a dupe; retransmit: 0, pkt_enqueue_time=2007795797330.4963, pkt_dequeue_time=2007795797330.4963, forwarded_or_dropped=1, reason_for_drop='Expiry'
DUPE: 2003057474501_Node0_Node8_Zero, Node1 id 2003057474501_Node0_Node8_Zero was a dupe; retransmit: 0, pkt_enqueue_time=2007798379894.1328, pkt_dequeue_time=2007798379894.1328, forwarded_or_dropped=1, reason_for_drop='Expiry'
DUPE: 2003065672570_Node0_Node8_Zero, Node1 id 2003065672570_Node0_Node8_Zero was a dupe; retransmit: 0, pkt_enqueue_time=2007798379894.1328, pkt_dequeue_time=2007798379894.1328, forwarded_or_dropped=1, reason_for_drop='Expiry'
DUPE: 2004778806923_Node0_Node8_Zero, Node1 id 2004778806923_Node0_Node8_Zero was a dupe; retransmit: 0, pkt_enqueue_time=2007819187257.0417, pkt_dequeue_time=2007819187257.0417, forwarded_or_dropped=1, reason_for_drop='Expiry'
DUPE: 2004705028880_Node0_Node8_Zero, Node1 id 2004705028880_Node0_Node8_Zero was a dupe; retransmit: 0, pkt_enqueue_time=2007821826911.5872, pkt_dequeue_time=2007821826911.5872, forwarded_or_dropped=1, reason_for_drop='Expiry'
DUPE: 2004450910458_Node0_Node8_Zero, Node1 id 2004450910458_Node0_Node8_Zero was a dupe; retransmit: 0, pkt_enqueue_time=2007824466566.1326, pkt_dequeue_time=2007824466566.1326, forwarded_or_dropped=1, reason_for_drop='Expiry'
DUPE: 2003319774270_Node0_Node8_Zero, Node1 id 2003319774270_Node0_Node8_Zero was a dupe; retransmit: 0, pkt_enqueue_time=2007827086220.678, pkt_dequeue_time=2007827086220.678, forwarded_or_dropped=1, reason_for_drop='Expiry'
DUPE: 2003327971167_Node0_Node8_Zero, Node1 id 2003327971167_Node0_Node8_Zero was a dupe; retransmit: 0, pkt_enqueue_time=2007827086220.678, pkt_dequeue_time=2007827086220.678, forwarded_or_dropped=1, reason_for_drop='Expiry'
DUPE: 2003336163428_Node0_Node8_Zero, Node1 id 2003336163428_Node0_Node8_Zero was a dupe; retransmit: 0, pkt_enqueue_time=2007829323092.678, pkt_dequeue_time=2007829323092.678, forwarded_or_dropped=1, reason_for_drop='Expiry'
DUPE: 2003344363734_Node0_Node8_Zero, Node1 id 2003344363734_Node0_Node8_Zero was a dupe; retransmit: 0, pkt_enqueue_time=2007829323092.678, pkt_dequeue_time=2007829323092.678, forwarded_or_dropped=1, reason_for_drop='Expiry'
DUPE: 2003123054672_Node0_Node8_Zero, Node1 id 2003123054672_Node0_Node8_Zero was a dupe; retransmit: 0, pkt_enqueue_time=2007831945656.3145, pkt_dequeue_time=2007831945656.3145, forwarded_or_dropped=1, reason_for_drop='Expiry'
DUPE: 2003131255321_Node0_Node8_Zero, Node1 id 2003131255321_Node0_Node8_Zero was a dupe; retransmit: 0, pkt_enqueue_time=2007831945656.3145, pkt_dequeue_time=2007831945656.3145, forwarded_or_dropped=1, reason_for_drop='Expiry'
DUPE: 2004696827303_Node0_Node8_Zero, Node1 id 2004696827303_Node0_Node8_Zero was a dupe; retransmit: 0, pkt_enqueue_time=2007847000927.5872, pkt_dequeue_time=2007847000927.5872, forwarded_or_dropped=1, reason_for_drop='Expiry'
DUPE: 2003205022151_Node0_Node8_Zero, Node1 id 2003205022151_Node0_Node8_Zero was a dupe; retransmit: 0, pkt_enqueue_time=2007849640582.1326, pkt_dequeue_time=2007849640582.1326, forwarded_or_dropped=1, reason_for_drop='Expiry'
DUPE: 2003213218245_Node0_Node8_Zero, Node1 id 2003213218245_Node0_Node8_Zero was a dupe; retransmit: 0, pkt_enqueue_time=2007849640582.1326, pkt_dequeue_time=2007849640582.1326, forwarded_or_dropped=1, reason_for_drop='Expiry'
DUPE: 2002729563408_Node0_Node8_Zero, Node1 id 2002729563408_Node0_Node8_Zero was a dupe; retransmit: 0, pkt_enqueue_time=2007852283145.769, pkt_dequeue_time=2007852283145.769, forwarded_or_dropped=1, reason_for_drop='Expiry'
DUPE: 2002737761170_Node0_Node8_Zero, Node1 id 2002737761170_Node0_Node8_Zero was a dupe; retransmit: 0, pkt_enqueue_time=2007852283145.769, pkt_dequeue_time=2007852283145.769, forwarded_or_dropped=1, reason_for_drop='Expiry'
DUPE: 2003795183723_Node0_Node8_Zero, Node1 id 2003795183723_Node0_Node8_Zero was a dupe; retransmit: 0, pkt_enqueue_time=2007854925709.4055, pkt_dequeue_time=2007854925709.4055, forwarded_or_dropped=1, reason_for_drop='Expiry'
DUPE: 2003803377670_Node0_Node8_Zero, Node1 id 2003803377670_Node0_Node8_Zero was a dupe; retransmit: 0, pkt_enqueue_time=2007854925709.4055, pkt_dequeue_time=2007854925709.4055, forwarded_or_dropped=1, reason_for_drop='Expiry'
DUPE: 2004401722296_Node0_Node8_Zero, Node1 id 2004401722296_Node0_Node8_Zero was a dupe; retransmit: 0, pkt_enqueue_time=2007875120289.769, pkt_dequeue_time=2007875120289.769, forwarded_or_dropped=1, reason_for_drop='Expiry'
DUPE: 2003582067475_Node0_Node8_Zero, Node1 id 2003582067475_Node0_Node8_Zero was a dupe; retransmit: 0, pkt_enqueue_time=2007877779944.3145, pkt_dequeue_time=2007877779944.3145, forwarded_or_dropped=1, reason_for_drop='Expiry'
DUPE: 2003590266572_Node0_Node8_Zero, Node1 id 2003590266572_Node0_Node8_Zero was a dupe; retransmit: 0, pkt_enqueue_time=2007877779944.3145, pkt_dequeue_time=2007877779944.3145, forwarded_or_dropped=1, reason_for_drop='Expiry'
DUPE: 2004647639817_Node0_Node8_Zero, Node1 id 2004647639817_Node0_Node8_Zero was a dupe; retransmit: 0, pkt_enqueue_time=2007906133488.3142, pkt_dequeue_time=2007906133488.3142, forwarded_or_dropped=1, reason_for_drop='Expiry'
DUPE: 2004475502046_Node0_Node8_Zero, Node1 id 2004475502046_Node0_Node8_Zero was a dupe; retransmit: 0, pkt_enqueue_time=2007908833142.8596, pkt_dequeue_time=2007908833142.8596, forwarded_or_dropped=1, reason_for_drop='Expiry'
DUPE: 2004295159504_Node0_Node8_Zero, Node1 id 2004295159504_Node0_Node8_Zero was a dupe; retransmit: 0, pkt_enqueue_time=2007911532797.405, pkt_dequeue_time=2007911532797.405, forwarded_or_dropped=1, reason_for_drop='Expiry'
DUPE: 2003950915753_Node0_Node8_Zero, Node1 id 2003950915753_Node0_Node8_Zero was a dupe; retransmit: 0, pkt_enqueue_time=2007914232451.9504, pkt_dequeue_time=2007914232451.9504, forwarded_or_dropped=1, reason_for_drop='Expiry'
DUPE: 2003745998359_Node0_Node8_Zero, Node1 id 2003745998359_Node0_Node8_Zero was a dupe; retransmit: 0, pkt_enqueue_time=2007916912106.4958, pkt_dequeue_time=2007916912106.4958, forwarded_or_dropped=1, reason_for_drop='Expiry'
DUPE: 2003754194690_Node0_Node8_Zero, Node1 id 2003754194690_Node0_Node8_Zero was a dupe; retransmit: 0, pkt_enqueue_time=2007916912106.4958, pkt_dequeue_time=2007916912106.4958, forwarded_or_dropped=1, reason_for_drop='Expiry'
DUPE: 2002877115805_Node0_Node8_Zero, Node1 id 2002877115805_Node0_Node8_Zero was a dupe; retransmit: 0, pkt_enqueue_time=2007919594670.1323, pkt_dequeue_time=2007919594670.1323, forwarded_or_dropped=1, reason_for_drop='Expiry'
DUPE: 2002885311557_Node0_Node8_Zero, Node1 id 2002885311557_Node0_Node8_Zero was a dupe; retransmit: 0, pkt_enqueue_time=2007919594670.1323, pkt_dequeue_time=2007919594670.1323, forwarded_or_dropped=1, reason_for_drop='Expiry'
DUPE: 2004885358131_Node0_Node8_Zero, Node1 id 2004885358131_Node0_Node8_Zero was a dupe; retransmit: 0, pkt_enqueue_time=2007927736542.8596, pkt_dequeue_time=2007927736542.8596, forwarded_or_dropped=1, reason_for_drop='Expiry'
DUPE: 2004868961120_Node0_Node8_Zero, Node1 id 2004868961120_Node0_Node8_Zero was a dupe; retransmit: 0, pkt_enqueue_time=2007930456197.405, pkt_dequeue_time=2007930456197.405, forwarded_or_dropped=1, reason_for_drop='Expiry'
DUPE: 2004770606184_Node0_Node8_Zero, Node1 id 2004770606184_Node0_Node8_Zero was a dupe; retransmit: 0, pkt_enqueue_time=2007933175851.9504, pkt_dequeue_time=2007933175851.9504, forwarded_or_dropped=1, reason_for_drop='Expiry'
DUPE: 2004737812973_Node0_Node8_Zero, Node1 id 2004737812973_Node0_Node8_Zero was a dupe; retransmit: 0, pkt_enqueue_time=2007935895506.4958, pkt_dequeue_time=2007935895506.4958, forwarded_or_dropped=1, reason_for_drop='Expiry'
DUPE: 2004664033164_Node0_Node8_Zero, Node1 id 2004664033164_Node0_Node8_Zero was a dupe; retransmit: 0, pkt_enqueue_time=2007938615161.0413, pkt_dequeue_time=2007938615161.0413, forwarded_or_dropped=1, reason_for_drop='Expiry'
DUPE: 2004614847779_Node0_Node8_Zero, Node1 id 2004614847779_Node0_Node8_Zero was a dupe; retransmit: 0, pkt_enqueue_time=2007941334815.5867, pkt_dequeue_time=2007941334815.5867, forwarded_or_dropped=1, reason_for_drop='Expiry'
DUPE: 2003254198666_Node0_Node8_Zero, Node1 id 2003254198666_Node0_Node8_Zero was a dupe; retransmit: 0, pkt_enqueue_time=2007944034470.132, pkt_dequeue_time=2007944034470.132, forwarded_or_dropped=1, reason_for_drop='Expiry'
DUPE: 2003262392308_Node0_Node8_Zero, Node1 id 2003262392308_Node0_Node8_Zero was a dupe; retransmit: 0, pkt_enqueue_time=2007944034470.132, pkt_dequeue_time=2007944034470.132, forwarded_or_dropped=1, reason_for_drop='Expiry'
DUPE: 2003172231115_Node0_Node8_Zero, Node1 id 2003172231115_Node0_Node8_Zero was a dupe; retransmit: 0, pkt_enqueue_time=2007946737033.7686, pkt_dequeue_time=2007946737033.7686, forwarded_or_dropped=1, reason_for_drop='Expiry'
DUPE: 2003180431686_Node0_Node8_Zero, Node1 id 2003180431686_Node0_Node8_Zero was a dupe; retransmit: 0, pkt_enqueue_time=2007946737033.7686, pkt_dequeue_time=2007946737033.7686, forwarded_or_dropped=1, reason_for_drop='Expiry'
main.py: Progress: 2008 / 2014
Node.py: (Node0)@2008000000000.0: Updated MCS from 0 to 0, hist=deque([2.6122448979591835, 2.510204081632653, 0.16326530612244897, 0.0, 0.2708333333333333], maxlen=5), packets_serviced=13, packets_received=48
Called Update: UpdateRouteCalls = 0, force = False
Node.py: (Node1)@2008000000000.0: Updated MCS from 1 to 1, hist=deque([0.0, 0.0, 0.0, 0.0, 0.0], maxlen=5), packets_serviced=0, packets_received=177
Called Update: UpdateRouteCalls = 1, force = False
Called Update: UpdateRouteCalls = 2, force = False
Called Update: UpdateRouteCalls = 3, force = False
Called Update: UpdateRouteCalls = 4, force = False
Called Update: UpdateRouteCalls = 5, force = False
Called Update: UpdateRouteCalls = 6, force = False
Called Update: UpdateRouteCalls = 7, force = False
Called Update: UpdateRouteCalls = 8, force = False
Called Update: UpdateRouteCalls = 9, force = False
Called Update: UpdateRouteCalls = 10, force = False
Called Update: UpdateRouteCalls = 11, force = False
Called Update: UpdateRouteCalls = 12, force = False
Called Update: UpdateRouteCalls = 13, force = False
Called Update: UpdateRouteCalls = 14, force = False
Called Update: UpdateRouteCalls = 15, force = False
Called Update: UpdateRouteCalls = 16, force = False
Called Update: UpdateRouteCalls = 17, force = False
!! UPDATING !!
routeNo, updatedMCSIndex =  0 [0, 1, 0, 1, 1, 1, 1, 1]
Called Update: UpdateRouteCalls = 0, force = True
!! UPDATING !!
routeNo, updatedMCSIndex =  0 [0, 1, 0, 1, 1, 1, 1, 1]

rf.py: Time: 2008 Route details: {0: {'Route': [0, 1, 2, 3, 4, 5, 6, 7, 8], 'MCS_Index': [0, 1, 0, 1, 1, 1, 1, 1], 'Priority': 1, 'ValidRoute': True, 'HQRoute': True, 'RouteNodeDensity': [0, 0, 0, 0, 0, 2, 0, 0, 0], 'InterferingLinks': 16, 'Target': (-1, -1)}}
Node.py: (Node0)@2008400000000.0: Updated MCS from 0 to 0, hist=deque([2.510204081632653, 0.16326530612244897, 0.0, 0.2708333333333333, 2.4285714285714284], maxlen=5), packets_serviced=119, packets_received=49
Called Update: UpdateRouteCalls = 0, force = False
Node.py: (Node1)@2008400000000.0: Updated MCS from 1 to 1, hist=deque([0.0, 0.0, 0.0, 0.0, 0.0], maxlen=5), packets_serviced=0, packets_received=200
Called Update: UpdateRouteCalls = 1, force = False
Called Update: UpdateRouteCalls = 2, force = False
Called Update: UpdateRouteCalls = 3, force = False
Called Update: UpdateRouteCalls = 4, force = False
Called Update: UpdateRouteCalls = 5, force = False
Called Update: UpdateRouteCalls = 6, force = False
Called Update: UpdateRouteCalls = 7, force = False
Called Update: UpdateRouteCalls = 8, force = False
Called Update: UpdateRouteCalls = 9, force = False
Called Update: UpdateRouteCalls = 10, force = False
Called Update: UpdateRouteCalls = 11, force = False
Called Update: UpdateRouteCalls = 12, force = False
Called Update: UpdateRouteCalls = 13, force = False
Called Update: UpdateRouteCalls = 14, force = False
Called Update: UpdateRouteCalls = 15, force = False
Called Update: UpdateRouteCalls = 16, force = False
Called Update: UpdateRouteCalls = 17, force = False
!! UPDATING !!
routeNo, updatedMCSIndex =  0 [0, 1, 0, 1, 1, 1, 1, 1]
Node.py: (Node0)@2008800000000.0: Updated MCS from 0 to 0, hist=deque([0.16326530612244897, 0.0, 0.2708333333333333, 2.4285714285714284, 1.9183673469387754], maxlen=5), packets_serviced=94, packets_received=49
Called Update: UpdateRouteCalls = 0, force = False
Node.py: (Node1)@2008800000000.0: Updated MCS from 1 to 1, hist=deque([0.0, 0.0, 0.0, 0.0, 0.0], maxlen=5), packets_serviced=0, packets_received=197
Called Update: UpdateRouteCalls = 1, force = False
Called Update: UpdateRouteCalls = 2, force = False
Called Update: UpdateRouteCalls = 3, force = False
Called Update: UpdateRouteCalls = 4, force = False
Called Update: UpdateRouteCalls = 5, force = False
Called Update: UpdateRouteCalls = 6, force = False
Called Update: UpdateRouteCalls = 7, force = False
Called Update: UpdateRouteCalls = 8, force = False
Called Update: UpdateRouteCalls = 9, force = False
Called Update: UpdateRouteCalls = 10, force = False
Called Update: UpdateRouteCalls = 11, force = False
Called Update: UpdateRouteCalls = 12, force = False
Called Update: UpdateRouteCalls = 13, force = False
Called Update: UpdateRouteCalls = 14, force = False
Called Update: UpdateRouteCalls = 15, force = False
Called Update: UpdateRouteCalls = 16, force = False
Called Update: UpdateRouteCalls = 17, force = False
!! UPDATING !!
routeNo, updatedMCSIndex =  0 [0, 1, 0, 1, 1, 1, 1, 1]
main.py: Progress: 2009 / 2014
Called Update: UpdateRouteCalls = 0, force = True
!! UPDATING !!
routeNo, updatedMCSIndex =  0 [0, 1, 0, 1, 1, 1, 1, 1]

rf.py: Time: 2009 Route details: {0: {'Route': [0, 1, 2, 3, 4, 5, 6, 7, 8], 'MCS_Index': [0, 1, 0, 1, 1, 1, 1, 1], 'Priority': 1, 'ValidRoute': True, 'HQRoute': True, 'RouteNodeDensity': [0, 0, 0, 0, 0, 2, 0, 0, 0], 'InterferingLinks': 16, 'Target': (-1, -1)}}
Node.py: (Node0)@2009200000000.0: Updated MCS from 0 to 0, hist=deque([0.0, 0.2708333333333333, 2.4285714285714284, 1.9183673469387754, 1.0816326530612246], maxlen=5), packets_serviced=53, packets_received=49
Called Update: UpdateRouteCalls = 0, force = False
Node.py: (Node1)@2009200000000.0: Updated MCS from 1 to 1, hist=deque([0.0, 0.0, 0.0, 0.0, 0.0], maxlen=5), packets_serviced=0, packets_received=187
Called Update: UpdateRouteCalls = 1, force = False
Called Update: UpdateRouteCalls = 2, force = False
Called Update: UpdateRouteCalls = 3, force = False
Called Update: UpdateRouteCalls = 4, force = False
Called Update: UpdateRouteCalls = 5, force = False
Called Update: UpdateRouteCalls = 6, force = False
Called Update: UpdateRouteCalls = 7, force = False
Called Update: UpdateRouteCalls = 8, force = False
Called Update: UpdateRouteCalls = 9, force = False
Called Update: UpdateRouteCalls = 10, force = False
Called Update: UpdateRouteCalls = 11, force = False
Called Update: UpdateRouteCalls = 12, force = False
Called Update: UpdateRouteCalls = 13, force = False
Called Update: UpdateRouteCalls = 14, force = False
Called Update: UpdateRouteCalls = 15, force = False
Called Update: UpdateRouteCalls = 16, force = False
Called Update: UpdateRouteCalls = 17, force = False
!! UPDATING !!
routeNo, updatedMCSIndex =  0 [0, 1, 0, 1, 1, 1, 1, 1]
Node.py: (Node0)@2009600000000.0: Updated MCS from 0 to 0, hist=deque([0.2708333333333333, 2.4285714285714284, 1.9183673469387754, 1.0816326530612246, 0.02040816326530612], maxlen=5), packets_serviced=1, packets_received=49
Called Update: UpdateRouteCalls = 0, force = False
Node.py: (Node1)@2009600000000.0: Updated MCS from 1 to 1, hist=deque([0.0, 0.0, 0.0, 0.0, 0.0], maxlen=5), packets_serviced=0, packets_received=169
Called Update: UpdateRouteCalls = 1, force = False
Called Update: UpdateRouteCalls = 2, force = False
Called Update: UpdateRouteCalls = 3, force = False
Called Update: UpdateRouteCalls = 4, force = False
Called Update: UpdateRouteCalls = 5, force = False
Called Update: UpdateRouteCalls = 6, force = False
Called Update: UpdateRouteCalls = 7, force = False
Called Update: UpdateRouteCalls = 8, force = False
Called Update: UpdateRouteCalls = 9, force = False
Called Update: UpdateRouteCalls = 10, force = False
Called Update: UpdateRouteCalls = 11, force = False
Called Update: UpdateRouteCalls = 12, force = False
Called Update: UpdateRouteCalls = 13, force = False
Called Update: UpdateRouteCalls = 14, force = False
Called Update: UpdateRouteCalls = 15, force = False
Called Update: UpdateRouteCalls = 16, force = False
Called Update: UpdateRouteCalls = 17, force = False
!! UPDATING !!
routeNo, updatedMCSIndex =  0 [0, 1, 0, 1, 1, 1, 1, 1]
DUPE: 2006311595133_Node0_Node8_Zero, Node1 id 2006311595133_Node0_Node8_Zero was a dupe; retransmit: 0, pkt_enqueue_time=2009756533078.1023, pkt_dequeue_time=2009756533078.1023, forwarded_or_dropped=1, reason_for_drop='Expiry'
DUPE: 2006114863411_Node0_Node8_Zero, Node1 id 2006114863411_Node0_Node8_Zero was a dupe; retransmit: 0, pkt_enqueue_time=2009759252732.6477, pkt_dequeue_time=2009759252732.6477, forwarded_or_dropped=1, reason_for_drop='Expiry'
DUPE: 2005762422170_Node0_Node8_Zero, Node1 id 2005762422170_Node0_Node8_Zero was a dupe; retransmit: 0, pkt_enqueue_time=2009761972387.193, pkt_dequeue_time=2009761972387.193, forwarded_or_dropped=1, reason_for_drop='Expiry'
DUPE: 2005819801595_Node0_Node8_Zero, Node1 id 2005819801595_Node0_Node8_Zero was a dupe; retransmit: 0, pkt_enqueue_time=2009799163638.1018, pkt_dequeue_time=2009799163638.1018, forwarded_or_dropped=1, reason_for_drop='Expiry'
DUPE: 2005590298333_Node0_Node8_Zero, Node1 id 2005590298333_Node0_Node8_Zero was a dupe; retransmit: 0, pkt_enqueue_time=2009801903292.6472, pkt_dequeue_time=2009801903292.6472, forwarded_or_dropped=1, reason_for_drop='Expiry'
DUPE: 2005213227217_Node0_Node8_Zero, Node1 id 2005213227217_Node0_Node8_Zero was a dupe; retransmit: 0, pkt_enqueue_time=2009804642947.1926, pkt_dequeue_time=2009804642947.1926, forwarded_or_dropped=1, reason_for_drop='Expiry'
DUPE: 2005082088018_Node0_Node8_Zero, Node1 id 2005082088018_Node0_Node8_Zero was a dupe; retransmit: 0, pkt_enqueue_time=2009807382601.738, pkt_dequeue_time=2009807382601.738, forwarded_or_dropped=1, reason_for_drop='Expiry'
DUPE: 2004975529342_Node0_Node8_Zero, Node1 id 2004975529342_Node0_Node8_Zero was a dupe; retransmit: 0, pkt_enqueue_time=2009810122256.2834, pkt_dequeue_time=2009810122256.2834, forwarded_or_dropped=1, reason_for_drop='Expiry'
DUPE: 2004688633613_Node0_Node8_Zero, Node1 id 2004688633613_Node0_Node8_Zero was a dupe; retransmit: 0, pkt_enqueue_time=2009812861910.8289, pkt_dequeue_time=2009812861910.8289, forwarded_or_dropped=1, reason_for_drop='Expiry'
DUPE: 2004680433263_Node0_Node8_Zero, Node1 id 2004680433263_Node0_Node8_Zero was a dupe; retransmit: 0, pkt_enqueue_time=2009815601565.3743, pkt_dequeue_time=2009815601565.3743, forwarded_or_dropped=1, reason_for_drop='Expiry'
DUPE: 2003401744805_Node0_Node8_Zero, Node1 id 2003401744805_Node0_Node8_Zero was a dupe; retransmit: 0, pkt_enqueue_time=2009818321219.9197, pkt_dequeue_time=2009818321219.9197, forwarded_or_dropped=1, reason_for_drop='Expiry'
DUPE: 2003409942316_Node0_Node8_Zero, Node1 id 2003409942316_Node0_Node8_Zero was a dupe; retransmit: 0, pkt_enqueue_time=2009818321219.9197, pkt_dequeue_time=2009818321219.9197, forwarded_or_dropped=1, reason_for_drop='Expiry'
DUPE: 2003860745393_Node0_Node8_Zero, Node1 id 2003860745393_Node0_Node8_Zero was a dupe; retransmit: 0, pkt_enqueue_time=2009823786438.1016, pkt_dequeue_time=2009823786438.1016, forwarded_or_dropped=1, reason_for_drop='Expiry'
DUPE: 2003868943264_Node0_Node8_Zero, Node1 id 2003868943264_Node0_Node8_Zero was a dupe; retransmit: 0, pkt_enqueue_time=2009823786438.1016, pkt_dequeue_time=2009823786438.1016, forwarded_or_dropped=1, reason_for_drop='Expiry'
DUPE: 2006729659267_Node0_Node8_Zero, Node1 id 2006729659267_Node0_Node8_Zero was a dupe; retransmit: 0, pkt_enqueue_time=2009863033035.1921, pkt_dequeue_time=2009863033035.1921, forwarded_or_dropped=1, reason_for_drop='Expiry'
DUPE: 2006819819482_Node0_Node8_Zero, Node1 id 2006819819482_Node0_Node8_Zero was a dupe; retransmit: 0, pkt_enqueue_time=2009865792689.7375, pkt_dequeue_time=2009865792689.7375, forwarded_or_dropped=1, reason_for_drop='Expiry'
DUPE: 2006229622229_Node0_Node8_Zero, Node1 id 2006229622229_Node0_Node8_Zero was a dupe; retransmit: 0, pkt_enqueue_time=2009868552344.283, pkt_dequeue_time=2009868552344.283, forwarded_or_dropped=1, reason_for_drop='Expiry'
DUPE: 2005918158928_Node0_Node8_Zero, Node1 id 2005918158928_Node0_Node8_Zero was a dupe; retransmit: 0, pkt_enqueue_time=2009871311998.8284, pkt_dequeue_time=2009871311998.8284, forwarded_or_dropped=1, reason_for_drop='Expiry'
DUPE: 2005885364165_Node0_Node8_Zero, Node1 id 2005885364165_Node0_Node8_Zero was a dupe; retransmit: 0, pkt_enqueue_time=2009874071653.3738, pkt_dequeue_time=2009874071653.3738, forwarded_or_dropped=1, reason_for_drop='Expiry'
DUPE: 2005836190641_Node0_Node8_Zero, Node1 id 2005836190641_Node0_Node8_Zero was a dupe; retransmit: 0, pkt_enqueue_time=2009876831307.9192, pkt_dequeue_time=2009876831307.9192, forwarded_or_dropped=1, reason_for_drop='Expiry'
DUPE: 2005311598398_Node0_Node8_Zero, Node1 id 2005311598398_Node0_Node8_Zero was a dupe; retransmit: 0, pkt_enqueue_time=2009879590962.4646, pkt_dequeue_time=2009879590962.4646, forwarded_or_dropped=1, reason_for_drop='Expiry'
DUPE: 2005155861153_Node0_Node8_Zero, Node1 id 2005155861153_Node0_Node8_Zero was a dupe; retransmit: 0, pkt_enqueue_time=2009882350617.01, pkt_dequeue_time=2009882350617.01, forwarded_or_dropped=1, reason_for_drop='Expiry'
DUPE: 2003598463660_Node0_Node8_Zero, Node1 id 2003598463660_Node0_Node8_Zero was a dupe; retransmit: 0, pkt_enqueue_time=2009885090271.5554, pkt_dequeue_time=2009885090271.5554, forwarded_or_dropped=1, reason_for_drop='Expiry'
DUPE: 2003606656046_Node0_Node8_Zero, Node1 id 2003606656046_Node0_Node8_Zero was a dupe; retransmit: 0, pkt_enqueue_time=2009885090271.5554, pkt_dequeue_time=2009885090271.5554, forwarded_or_dropped=1, reason_for_drop='Expiry'
DUPE: 2002926306449_Node0_Node8_Zero, Node1 id 2002926306449_Node0_Node8_Zero was a dupe; retransmit: 0, pkt_enqueue_time=2009887832835.192, pkt_dequeue_time=2009887832835.192, forwarded_or_dropped=1, reason_for_drop='Expiry'
DUPE: 2002934505750_Node0_Node8_Zero, Node1 id 2002934505750_Node0_Node8_Zero was a dupe; retransmit: 0, pkt_enqueue_time=2009887832835.192, pkt_dequeue_time=2009887832835.192, forwarded_or_dropped=1, reason_for_drop='Expiry'
DUPE: 2002745954405_Node0_Node8_Zero, Node1 id 2002745954405_Node0_Node8_Zero was a dupe; retransmit: 0, pkt_enqueue_time=2009890575398.8284, pkt_dequeue_time=2009890575398.8284, forwarded_or_dropped=1, reason_for_drop='Expiry'
DUPE: 2002754146701_Node0_Node8_Zero, Node1 id 2002754146701_Node0_Node8_Zero was a dupe; retransmit: 0, pkt_enqueue_time=2009890575398.8284, pkt_dequeue_time=2009890575398.8284, forwarded_or_dropped=1, reason_for_drop='Expiry'
DUPE: 2003778788520_Node0_Node8_Zero, Node1 id 2003778788520_Node0_Node8_Zero was a dupe; retransmit: 0, pkt_enqueue_time=2009893337962.4648, pkt_dequeue_time=2009893337962.4648, forwarded_or_dropped=1, reason_for_drop='Expiry'
DUPE: 2003786982146_Node0_Node8_Zero, Node1 id 2003786982146_Node0_Node8_Zero was a dupe; retransmit: 0, pkt_enqueue_time=2009893337962.4648, pkt_dequeue_time=2009893337962.4648, forwarded_or_dropped=1, reason_for_drop='Expiry'
DUPE: 2005073888077_Node0_Node8_Zero, Node1 id 2005073888077_Node0_Node8_Zero was a dupe; retransmit: 0, pkt_enqueue_time=2009933171777.01, pkt_dequeue_time=2009933171777.01, forwarded_or_dropped=1, reason_for_drop='Expiry'
DUPE: 2004909947474_Node0_Node8_Zero, Node1 id 2004909947474_Node0_Node8_Zero was a dupe; retransmit: 0, pkt_enqueue_time=2009935951431.5554, pkt_dequeue_time=2009935951431.5554, forwarded_or_dropped=1, reason_for_drop='Expiry'
DUPE: 2004877158951_Node0_Node8_Zero, Node1 id 2004877158951_Node0_Node8_Zero was a dupe; retransmit: 0, pkt_enqueue_time=2009938731086.1008, pkt_dequeue_time=2009938731086.1008, forwarded_or_dropped=1, reason_for_drop='Expiry'
DUPE: 2004016477450_Node0_Node8_Zero, Node1 id 2004016477450_Node0_Node8_Zero was a dupe; retransmit: 0, pkt_enqueue_time=2009941510740.6462, pkt_dequeue_time=2009941510740.6462, forwarded_or_dropped=1, reason_for_drop='Expiry'
DUPE: 2003450929491_Node0_Node8_Zero, Node1 id 2003450929491_Node0_Node8_Zero was a dupe; retransmit: 0, pkt_enqueue_time=2009944270395.1917, pkt_dequeue_time=2009944270395.1917, forwarded_or_dropped=1, reason_for_drop='Expiry'
DUPE: 2003459126881_Node0_Node8_Zero, Node1 id 2003459126881_Node0_Node8_Zero was a dupe; retransmit: 0, pkt_enqueue_time=2009944270395.1917, pkt_dequeue_time=2009944270395.1917, forwarded_or_dropped=1, reason_for_drop='Expiry'
DUPE: 2006909973543_Node0_Node8_Zero, Node1 id 2006909973543_Node0_Node8_Zero was a dupe; retransmit: 0, pkt_enqueue_time=2009976483593.7368, pkt_dequeue_time=2009976483593.7368, forwarded_or_dropped=1, reason_for_drop='Expiry'
DUPE: 2006688674280_Node0_Node8_Zero, Node1 id 2006688674280_Node0_Node8_Zero was a dupe; retransmit: 0, pkt_enqueue_time=2009979283248.2822, pkt_dequeue_time=2009979283248.2822, forwarded_or_dropped=1, reason_for_drop='Expiry'
DUPE: 2006680475471_Node0_Node8_Zero, Node1 id 2006680475471_Node0_Node8_Zero was a dupe; retransmit: 0, pkt_enqueue_time=2009982082902.8276, pkt_dequeue_time=2009982082902.8276, forwarded_or_dropped=1, reason_for_drop='Expiry'
DUPE: 2006598508474_Node0_Node8_Zero, Node1 id 2006598508474_Node0_Node8_Zero was a dupe; retransmit: 0, pkt_enqueue_time=2009984882557.373, pkt_dequeue_time=2009984882557.373, forwarded_or_dropped=1, reason_for_drop='Expiry'
DUPE: 2006336183440_Node0_Node8_Zero, Node1 id 2006336183440_Node0_Node8_Zero was a dupe; retransmit: 0, pkt_enqueue_time=2009987682211.9185, pkt_dequeue_time=2009987682211.9185, forwarded_or_dropped=1, reason_for_drop='Expiry'
DUPE: 2006295197051_Node0_Node8_Zero, Node1 id 2006295197051_Node0_Node8_Zero was a dupe; retransmit: 0, pkt_enqueue_time=2009990481866.4639, pkt_dequeue_time=2009990481866.4639, forwarded_or_dropped=1, reason_for_drop='Expiry'
DUPE: 2006836215156_Node0_Node8_Zero, Node1 id 2006836215156_Node0_Node8_Zero was a dupe; retransmit: 0, pkt_enqueue_time=2009993281521.0093, pkt_dequeue_time=2009993281521.0093, forwarded_or_dropped=1, reason_for_drop='Expiry'
DUPE: 2006024708693_Node0_Node8_Zero, Node1 id 2006024708693_Node0_Node8_Zero was a dupe; retransmit: 0, pkt_enqueue_time=2009996081175.5547, pkt_dequeue_time=2009996081175.5547, forwarded_or_dropped=1, reason_for_drop='Expiry'
DUPE: 2005811607538_Node0_Node8_Zero, Node1 id 2005811607538_Node0_Node8_Zero was a dupe; retransmit: 0, pkt_enqueue_time=2009998880830.1, pkt_dequeue_time=2009998880830.1, forwarded_or_dropped=1, reason_for_drop='Expiry'
main.py: Progress: 2010 / 2014
Node.py: (Node0)@2010000000000.0: Updated MCS from 0 to 0, hist=deque([2.4285714285714284, 1.9183673469387754, 1.0816326530612246, 0.02040816326530612, 0.0], maxlen=5), packets_serviced=0, packets_received=48
Called Update: UpdateRouteCalls = 0, force = False
Node.py: (Node1)@2010000000000.0: Updated MCS from 1 to 1, hist=deque([0.0, 0.0, 0.0, 0.0, 0.0], maxlen=5), packets_serviced=0, packets_received=159
Called Update: UpdateRouteCalls = 1, force = False
Called Update: UpdateRouteCalls = 2, force = False
Called Update: UpdateRouteCalls = 3, force = False
Called Update: UpdateRouteCalls = 4, force = False
Called Update: UpdateRouteCalls = 5, force = False
Called Update: UpdateRouteCalls = 6, force = False
Called Update: UpdateRouteCalls = 7, force = False
Called Update: UpdateRouteCalls = 8, force = False
Called Update: UpdateRouteCalls = 9, force = False
Called Update: UpdateRouteCalls = 10, force = False
Called Update: UpdateRouteCalls = 11, force = False
Called Update: UpdateRouteCalls = 12, force = False
Called Update: UpdateRouteCalls = 13, force = False
Called Update: UpdateRouteCalls = 14, force = False
Called Update: UpdateRouteCalls = 15, force = False
Called Update: UpdateRouteCalls = 16, force = False
Called Update: UpdateRouteCalls = 17, force = False
!! UPDATING !!
routeNo, updatedMCSIndex =  0 [0, 1, 0, 1, 1, 1, 1, 1]
Called Update: UpdateRouteCalls = 0, force = True
!! UPDATING !!
routeNo, updatedMCSIndex =  0 [0, 1, 0, 1, 1, 1, 1, 1]

rf.py: Time: 2010 Route details: {0: {'Route': [0, 1, 2, 3, 4, 5, 6, 7, 8], 'MCS_Index': [0, 1, 0, 1, 1, 1, 1, 1], 'Priority': 1, 'ValidRoute': True, 'HQRoute': True, 'RouteNodeDensity': [0, 0, 0, 0, 0, 2, 0, 0, 0], 'InterferingLinks': 16, 'Target': (-1, -1)}}
node.py: Packet generation complete at node: Node0.
DUPE: 2005631282358_Node0_Node8_Zero, Node1 id 2005631282358_Node0_Node8_Zero was a dupe; retransmit: 0, pkt_enqueue_time=2010001680484.6455, pkt_dequeue_time=2010001680484.6455, forwarded_or_dropped=1, reason_for_drop='Expiry'
DUPE: 2005008313920_Node0_Node8_Zero, Node1 id 2005008313920_Node0_Node8_Zero was a dupe; retransmit: 0, pkt_enqueue_time=2010004480139.191, pkt_dequeue_time=2010004480139.191, forwarded_or_dropped=1, reason_for_drop='Expiry'
DUPE: 2004623044081_Node0_Node8_Zero, Node1 id 2004623044081_Node0_Node8_Zero was a dupe; retransmit: 0, pkt_enqueue_time=2010007279793.7363, pkt_dequeue_time=2010007279793.7363, forwarded_or_dropped=1, reason_for_drop='Expiry'
DUPE: 2004188609347_Node0_Node8_Zero, Node1 id 2004188609347_Node0_Node8_Zero was a dupe; retransmit: 0, pkt_enqueue_time=2010010079448.2817, pkt_dequeue_time=2010010079448.2817, forwarded_or_dropped=1, reason_for_drop='Expiry'
DUPE: 2004147618860_Node0_Node8_Zero, Node1 id 2004147618860_Node0_Node8_Zero was a dupe; retransmit: 0, pkt_enqueue_time=2010012899102.8271, pkt_dequeue_time=2010012899102.8271, forwarded_or_dropped=1, reason_for_drop='Expiry'
DUPE: 2004123037550_Node0_Node8_Zero, Node1 id 2004123037550_Node0_Node8_Zero was a dupe; retransmit: 0, pkt_enqueue_time=2010015718757.3726, pkt_dequeue_time=2010015718757.3726, forwarded_or_dropped=1, reason_for_drop='Expiry'
DUPE: 2004024675521_Node0_Node8_Zero, Node1 id 2004024675521_Node0_Node8_Zero was a dupe; retransmit: 0, pkt_enqueue_time=2010018538411.918, pkt_dequeue_time=2010018538411.918, forwarded_or_dropped=1, reason_for_drop='Expiry'
DUPE: 2003565676983_Node0_Node8_Zero, Node1 id 2003565676983_Node0_Node8_Zero was a dupe; retransmit: 0, pkt_enqueue_time=2010021338066.4634, pkt_dequeue_time=2010021338066.4634, forwarded_or_dropped=1, reason_for_drop='Expiry'
DUPE: 2003573869769_Node0_Node8_Zero, Node1 id 2003573869769_Node0_Node8_Zero was a dupe; retransmit: 0, pkt_enqueue_time=2010021338066.4634, pkt_dequeue_time=2010021338066.4634, forwarded_or_dropped=1, reason_for_drop='Expiry'
DUPE: 2003483703718_Node0_Node8_Zero, Node1 id 2003483703718_Node0_Node8_Zero was a dupe; retransmit: 0, pkt_enqueue_time=2010024140630.0999, pkt_dequeue_time=2010024140630.0999, forwarded_or_dropped=1, reason_for_drop='Expiry'
DUPE: 2003491901467_Node0_Node8_Zero, Node1 id 2003491901467_Node0_Node8_Zero was a dupe; retransmit: 0, pkt_enqueue_time=2010024140630.0999, pkt_dequeue_time=2010024140630.0999, forwarded_or_dropped=1, reason_for_drop='Expiry'
DUPE: 2003106654532_Node0_Node8_Zero, Node1 id 2003106654532_Node0_Node8_Zero was a dupe; retransmit: 0, pkt_enqueue_time=2010026943193.7363, pkt_dequeue_time=2010026943193.7363, forwarded_or_dropped=1, reason_for_drop='Expiry'
DUPE: 2003114854927_Node0_Node8_Zero, Node1 id 2003114854927_Node0_Node8_Zero was a dupe; retransmit: 0, pkt_enqueue_time=2010026943193.7363, pkt_dequeue_time=2010026943193.7363, forwarded_or_dropped=1, reason_for_drop='Expiry'
DUPE: 2002811538457_Node0_Node8_Zero, Node1 id 2002811538457_Node0_Node8_Zero was a dupe; retransmit: 0, pkt_enqueue_time=2010029745757.3728, pkt_dequeue_time=2010029745757.3728, forwarded_or_dropped=1, reason_for_drop='Expiry'
DUPE: 2002819731448_Node0_Node8_Zero, Node1 id 2002819731448_Node0_Node8_Zero was a dupe; retransmit: 0, pkt_enqueue_time=2010029745757.3728, pkt_dequeue_time=2010029745757.3728, forwarded_or_dropped=1, reason_for_drop='Expiry'
DUPE: 2006991941773_Node0_Node8_Zero, Node1 id 2006991941773_Node0_Node8_Zero was a dupe; retransmit: 0, pkt_enqueue_time=2010049233465.7363, pkt_dequeue_time=2010049233465.7363, forwarded_or_dropped=1, reason_for_drop='Expiry'
DUPE: 2006459145316_Node0_Node8_Zero, Node1 id 2006459145316_Node0_Node8_Zero was a dupe; retransmit: 0, pkt_enqueue_time=2010052053120.2817, pkt_dequeue_time=2010052053120.2817, forwarded_or_dropped=1, reason_for_drop='Expiry'
DUPE: 2006360775240_Node0_Node8_Zero, Node1 id 2006360775240_Node0_Node8_Zero was a dupe; retransmit: 0, pkt_enqueue_time=2010054872774.8271, pkt_dequeue_time=2010054872774.8271, forwarded_or_dropped=1, reason_for_drop='Expiry'
DUPE: 2006278801964_Node0_Node8_Zero, Node1 id 2006278801964_Node0_Node8_Zero was a dupe; retransmit: 0, pkt_enqueue_time=2010057692429.3726, pkt_dequeue_time=2010057692429.3726, forwarded_or_dropped=1, reason_for_drop='Expiry'
DUPE: 2005582100922_Node0_Node8_Zero, Node1 id 2005582100922_Node0_Node8_Zero was a dupe; retransmit: 0, pkt_enqueue_time=2010060512083.918, pkt_dequeue_time=2010060512083.918, forwarded_or_dropped=1, reason_for_drop='Expiry'
DUPE: 2005491926393_Node0_Node8_Zero, Node1 id 2005491926393_Node0_Node8_Zero was a dupe; retransmit: 0, pkt_enqueue_time=2010063351738.4634, pkt_dequeue_time=2010063351738.4634, forwarded_or_dropped=1, reason_for_drop='Expiry'
DUPE: 2005246022086_Node0_Node8_Zero, Node1 id 2005246022086_Node0_Node8_Zero was a dupe; retransmit: 0, pkt_enqueue_time=2010066191393.0088, pkt_dequeue_time=2010066191393.0088, forwarded_or_dropped=1, reason_for_drop='Expiry'
DUPE: 2005098481590_Node0_Node8_Zero, Node1 id 2005098481590_Node0_Node8_Zero was a dupe; retransmit: 0, pkt_enqueue_time=2010069031047.5542, pkt_dequeue_time=2010069031047.5542, forwarded_or_dropped=1, reason_for_drop='Expiry'
DUPE: 2004524687641_Node0_Node8_Zero, Node1 id 2004524687641_Node0_Node8_Zero was a dupe; retransmit: 0, pkt_enqueue_time=2010071870702.0996, pkt_dequeue_time=2010071870702.0996, forwarded_or_dropped=1, reason_for_drop='Expiry'
DUPE: 2004409917635_Node0_Node8_Zero, Node1 id 2004409917635_Node0_Node8_Zero was a dupe; retransmit: 0, pkt_enqueue_time=2010074710356.645, pkt_dequeue_time=2010074710356.645, forwarded_or_dropped=1, reason_for_drop='Expiry'
DUPE: 2004385335292_Node0_Node8_Zero, Node1 id 2004385335292_Node0_Node8_Zero was a dupe; retransmit: 0, pkt_enqueue_time=2010077550011.1904, pkt_dequeue_time=2010077550011.1904, forwarded_or_dropped=1, reason_for_drop='Expiry'
DUPE: 2004032870957_Node0_Node8_Zero, Node1 id 2004032870957_Node0_Node8_Zero was a dupe; retransmit: 0, pkt_enqueue_time=2010080389665.7358, pkt_dequeue_time=2010080389665.7358, forwarded_or_dropped=1, reason_for_drop='Expiry'
DUPE: 2002762347251_Node0_Node8_Zero, Node1 id 2002762347251_Node0_Node8_Zero was a dupe; retransmit: 0, pkt_enqueue_time=2010083209320.2812, pkt_dequeue_time=2010083209320.2812, forwarded_or_dropped=1, reason_for_drop='Expiry'
DUPE: 2002770544906_Node0_Node8_Zero, Node1 id 2002770544906_Node0_Node8_Zero was a dupe; retransmit: 0, pkt_enqueue_time=2010083209320.2812, pkt_dequeue_time=2010083209320.2812, forwarded_or_dropped=1, reason_for_drop='Expiry'
DUPE: 2006967349293_Node0_Node8_Zero, Node1 id 2006967349293_Node0_Node8_Zero was a dupe; retransmit: 0, pkt_enqueue_time=2010125448699.9172, pkt_dequeue_time=2010125448699.9172, forwarded_or_dropped=1, reason_for_drop='Expiry'
DUPE: 2006557515728_Node0_Node8_Zero, Node1 id 2006557515728_Node0_Node8_Zero was a dupe; retransmit: 0, pkt_enqueue_time=2010128288354.4626, pkt_dequeue_time=2010128288354.4626, forwarded_or_dropped=1, reason_for_drop='Expiry'
DUPE: 2006524721013_Node0_Node8_Zero, Node1 id 2006524721013_Node0_Node8_Zero was a dupe; retransmit: 0, pkt_enqueue_time=2010131128009.008, pkt_dequeue_time=2010131128009.008, forwarded_or_dropped=1, reason_for_drop='Expiry'
DUPE: 2005754229321_Node0_Node8_Zero, Node1 id 2005754229321_Node0_Node8_Zero was a dupe; retransmit: 0, pkt_enqueue_time=2010133967663.5535, pkt_dequeue_time=2010133967663.5535, forwarded_or_dropped=1, reason_for_drop='Expiry'
DUPE: 2007090278413_Node0_Node8_Zero, Node1 id 2007090278413_Node0_Node8_Zero was a dupe; retransmit: 0, pkt_enqueue_time=2010150672808.2805, pkt_dequeue_time=2010150672808.2805, forwarded_or_dropped=1, reason_for_drop='Expiry'
DUPE: 2006614907175_Node0_Node8_Zero, Node1 id 2006614907175_Node0_Node8_Zero was a dupe; retransmit: 0, pkt_enqueue_time=2010153532462.826, pkt_dequeue_time=2010153532462.826, forwarded_or_dropped=1, reason_for_drop='Expiry'
DUPE: 2005983729346_Node0_Node8_Zero, Node1 id 2005983729346_Node0_Node8_Zero was a dupe; retransmit: 0, pkt_enqueue_time=2010156392117.3713, pkt_dequeue_time=2010156392117.3713, forwarded_or_dropped=1, reason_for_drop='Expiry'
DUPE: 2005639476999_Node0_Node8_Zero, Node1 id 2005639476999_Node0_Node8_Zero was a dupe; retransmit: 0, pkt_enqueue_time=2010159251771.9167, pkt_dequeue_time=2010159251771.9167, forwarded_or_dropped=1, reason_for_drop='Expiry'
DUPE: 2005368972980_Node0_Node8_Zero, Node1 id 2005368972980_Node0_Node8_Zero was a dupe; retransmit: 0, pkt_enqueue_time=2010162111426.4622, pkt_dequeue_time=2010162111426.4622, forwarded_or_dropped=1, reason_for_drop='Expiry'
DUPE: 2004787007816_Node0_Node8_Zero, Node1 id 2004787007816_Node0_Node8_Zero was a dupe; retransmit: 0, pkt_enqueue_time=2010164971081.0076, pkt_dequeue_time=2010164971081.0076, forwarded_or_dropped=1, reason_for_drop='Expiry'
DUPE: 2004180414192_Node0_Node8_Zero, Node1 id 2004180414192_Node0_Node8_Zero was a dupe; retransmit: 0, pkt_enqueue_time=2010167830735.553, pkt_dequeue_time=2010167830735.553, forwarded_or_dropped=1, reason_for_drop='Expiry'
DUPE: 2003500098632_Node0_Node8_Zero, Node1 id 2003500098632_Node0_Node8_Zero was a dupe; retransmit: 0, pkt_enqueue_time=2010170670390.0984, pkt_dequeue_time=2010170670390.0984, forwarded_or_dropped=1, reason_for_drop='Expiry'
DUPE: 2003508293186_Node0_Node8_Zero, Node1 id 2003508293186_Node0_Node8_Zero was a dupe; retransmit: 0, pkt_enqueue_time=2010170670390.0984, pkt_dequeue_time=2010170670390.0984, forwarded_or_dropped=1, reason_for_drop='Expiry'
DUPE: 2003418141871_Node0_Node8_Zero, Node1 id 2003418141871_Node0_Node8_Zero was a dupe; retransmit: 0, pkt_enqueue_time=2010173512953.7349, pkt_dequeue_time=2010173512953.7349, forwarded_or_dropped=1, reason_for_drop='Expiry'
DUPE: 2003426333876_Node0_Node8_Zero, Node1 id 2003426333876_Node0_Node8_Zero was a dupe; retransmit: 0, pkt_enqueue_time=2010173512953.7349, pkt_dequeue_time=2010173512953.7349, forwarded_or_dropped=1, reason_for_drop='Expiry'
DUPE: 2002991899867_Node0_Node8_Zero, Node1 id 2002991899867_Node0_Node8_Zero was a dupe; retransmit: 0, pkt_enqueue_time=2010176355517.3713, pkt_dequeue_time=2010176355517.3713, forwarded_or_dropped=1, reason_for_drop='Expiry'
DUPE: 2003000095556_Node0_Node8_Zero, Node1 id 2003000095556_Node0_Node8_Zero was a dupe; retransmit: 0, pkt_enqueue_time=2010176355517.3713, pkt_dequeue_time=2010176355517.3713, forwarded_or_dropped=1, reason_for_drop='Expiry'
DUPE: 2003877137778_Node0_Node8_Zero, Node1 id 2003877137778_Node0_Node8_Zero was a dupe; retransmit: 0, pkt_enqueue_time=2010179198081.0078, pkt_dequeue_time=2010179198081.0078, forwarded_or_dropped=1, reason_for_drop='Expiry'
DUPE: 2003885332084_Node0_Node8_Zero, Node1 id 2003885332084_Node0_Node8_Zero was a dupe; retransmit: 0, pkt_enqueue_time=2010179198081.0078, pkt_dequeue_time=2010179198081.0078, forwarded_or_dropped=1, reason_for_drop='Expiry'
DUPE: 2003893531646_Node0_Node8_Zero, Node1 id 2003893531646_Node0_Node8_Zero was a dupe; retransmit: 0, pkt_enqueue_time=2010181574953.0078, pkt_dequeue_time=2010181574953.0078, forwarded_or_dropped=1, reason_for_drop='Expiry'
DUPE: 2003901729905_Node0_Node8_Zero, Node1 id 2003901729905_Node0_Node8_Zero was a dupe; retransmit: 0, pkt_enqueue_time=2010181574953.0078, pkt_dequeue_time=2010181574953.0078, forwarded_or_dropped=1, reason_for_drop='Expiry'
DUPE: 2003844356834_Node0_Node8_Zero, Node1 id 2003844356834_Node0_Node8_Zero was a dupe; retransmit: 0, pkt_enqueue_time=2010184417516.6443, pkt_dequeue_time=2010184417516.6443, forwarded_or_dropped=1, reason_for_drop='Expiry'
DUPE: 2003852548640_Node0_Node8_Zero, Node1 id 2003852548640_Node0_Node8_Zero was a dupe; retransmit: 0, pkt_enqueue_time=2010184417516.6443, pkt_dequeue_time=2010184417516.6443, forwarded_or_dropped=1, reason_for_drop='Expiry'
DUPE: 2003811576269_Node0_Node8_Zero, Node1 id 2003811576269_Node0_Node8_Zero was a dupe; retransmit: 0, pkt_enqueue_time=2010187260080.2808, pkt_dequeue_time=2010187260080.2808, forwarded_or_dropped=1, reason_for_drop='Expiry'
DUPE: 2003819768107_Node0_Node8_Zero, Node1 id 2003819768107_Node0_Node8_Zero was a dupe; retransmit: 0, pkt_enqueue_time=2010187260080.2808, pkt_dequeue_time=2010187260080.2808, forwarded_or_dropped=1, reason_for_drop='Expiry'
DUPE: 2006762454747_Node0_Node8_Zero, Node1 id 2006762454747_Node0_Node8_Zero was a dupe; retransmit: 0, pkt_enqueue_time=2010190142643.9172, pkt_dequeue_time=2010190142643.9172, forwarded_or_dropped=1, reason_for_drop='Expiry'
DUPE: 2006811622062_Node0_Node8_Zero, Node1 id 2006811622062_Node0_Node8_Zero was a dupe; retransmit: 0, pkt_enqueue_time=2010208781878.0989, pkt_dequeue_time=2010208781878.0989, forwarded_or_dropped=1, reason_for_drop='Expiry'
DUPE: 2006623100579_Node0_Node8_Zero, Node1 id 2006623100579_Node0_Node8_Zero was a dupe; retransmit: 0, pkt_enqueue_time=2010211661532.6443, pkt_dequeue_time=2010211661532.6443, forwarded_or_dropped=1, reason_for_drop='Expiry'
DUPE: 2006491926832_Node0_Node8_Zero, Node1 id 2006491926832_Node0_Node8_Zero was a dupe; retransmit: 0, pkt_enqueue_time=2010214541187.1897, pkt_dequeue_time=2010214541187.1897, forwarded_or_dropped=1, reason_for_drop='Expiry'
DUPE: 2006377167697_Node0_Node8_Zero, Node1 id 2006377167697_Node0_Node8_Zero was a dupe; retransmit: 0, pkt_enqueue_time=2010217420841.735, pkt_dequeue_time=2010217420841.735, forwarded_or_dropped=1, reason_for_drop='Expiry'
DUPE: 2005852580506_Node0_Node8_Zero, Node1 id 2005852580506_Node0_Node8_Zero was a dupe; retransmit: 0, pkt_enqueue_time=2010220300496.2805, pkt_dequeue_time=2010220300496.2805, forwarded_or_dropped=1, reason_for_drop='Expiry'
DUPE: 2005778819759_Node0_Node8_Zero, Node1 id 2005778819759_Node0_Node8_Zero was a dupe; retransmit: 0, pkt_enqueue_time=2010223180150.826, pkt_dequeue_time=2010223180150.826, forwarded_or_dropped=1, reason_for_drop='Expiry'
DUPE: 2005770619304_Node0_Node8_Zero, Node1 id 2005770619304_Node0_Node8_Zero was a dupe; retransmit: 0, pkt_enqueue_time=2010226059805.3713, pkt_dequeue_time=2010226059805.3713, forwarded_or_dropped=1, reason_for_drop='Expiry'
DUPE: 2005032897619_Node0_Node8_Zero, Node1 id 2005032897619_Node0_Node8_Zero was a dupe; retransmit: 0, pkt_enqueue_time=2010228939459.9167, pkt_dequeue_time=2010228939459.9167, forwarded_or_dropped=1, reason_for_drop='Expiry'
DUPE: 2004286963865_Node0_Node8_Zero, Node1 id 2004286963865_Node0_Node8_Zero was a dupe; retransmit: 0, pkt_enqueue_time=2010231819114.4622, pkt_dequeue_time=2010231819114.4622, forwarded_or_dropped=1, reason_for_drop='Expiry'
DUPE: 2003286990002_Node0_Node8_Zero, Node1 id 2003286990002_Node0_Node8_Zero was a dupe; retransmit: 0, pkt_enqueue_time=2010234698769.0076, pkt_dequeue_time=2010234698769.0076, forwarded_or_dropped=1, reason_for_drop='Expiry'
DUPE: 2003295187145_Node0_Node8_Zero, Node1 id 2003295187145_Node0_Node8_Zero was a dupe; retransmit: 0, pkt_enqueue_time=2010234698769.0076, pkt_dequeue_time=2010234698769.0076, forwarded_or_dropped=1, reason_for_drop='Expiry'
DUPE: 2002942706814_Node0_Node8_Zero, Node1 id 2002942706814_Node0_Node8_Zero was a dupe; retransmit: 0, pkt_enqueue_time=2010237581332.644, pkt_dequeue_time=2010237581332.644, forwarded_or_dropped=1, reason_for_drop='Expiry'
DUPE: 2002950907588_Node0_Node8_Zero, Node1 id 2002950907588_Node0_Node8_Zero was a dupe; retransmit: 0, pkt_enqueue_time=2010237581332.644, pkt_dequeue_time=2010237581332.644, forwarded_or_dropped=1, reason_for_drop='Expiry'
DUPE: 2006286995715_Node0_Node8_Zero, Node1 id 2006286995715_Node0_Node8_Zero was a dupe; retransmit: 0, pkt_enqueue_time=2010253296603.9167, pkt_dequeue_time=2010253296603.9167, forwarded_or_dropped=1, reason_for_drop='Expiry'
DUPE: 2004934537416_Node0_Node8_Zero, Node1 id 2004934537416_Node0_Node8_Zero was a dupe; retransmit: 0, pkt_enqueue_time=2010256196258.4622, pkt_dequeue_time=2010256196258.4622, forwarded_or_dropped=1, reason_for_drop='Expiry'
DUPE: 2004926340164_Node0_Node8_Zero, Node1 id 2004926340164_Node0_Node8_Zero was a dupe; retransmit: 0, pkt_enqueue_time=2010259115913.0076, pkt_dequeue_time=2010259115913.0076, forwarded_or_dropped=1, reason_for_drop='Expiry'
DUPE: 2004491892106_Node0_Node8_Zero, Node1 id 2004491892106_Node0_Node8_Zero was a dupe; retransmit: 0, pkt_enqueue_time=2010262035567.553, pkt_dequeue_time=2010262035567.553, forwarded_or_dropped=1, reason_for_drop='Expiry'
DUPE: 2003073870904_Node0_Node8_Zero, Node1 id 2003073870904_Node0_Node8_Zero was a dupe; retransmit: 0, pkt_enqueue_time=2010264935222.0984, pkt_dequeue_time=2010264935222.0984, forwarded_or_dropped=1, reason_for_drop='Expiry'
DUPE: 2003082065808_Node0_Node8_Zero, Node1 id 2003082065808_Node0_Node8_Zero was a dupe; retransmit: 0, pkt_enqueue_time=2010264935222.0984, pkt_dequeue_time=2010264935222.0984, forwarded_or_dropped=1, reason_for_drop='Expiry'
DUPE: 2006409958779_Node0_Node8_Zero, Node1 id 2006409958779_Node0_Node8_Zero was a dupe; retransmit: 0, pkt_enqueue_time=2010287462585.0073, pkt_dequeue_time=2010287462585.0073, forwarded_or_dropped=1, reason_for_drop='Expiry'
DUPE: 2006262413334_Node0_Node8_Zero, Node1 id 2006262413334_Node0_Node8_Zero was a dupe; retransmit: 0, pkt_enqueue_time=2010290382239.5527, pkt_dequeue_time=2010290382239.5527, forwarded_or_dropped=1, reason_for_drop='Expiry'
DUPE: 2005713260049_Node0_Node8_Zero, Node1 id 2005713260049_Node0_Node8_Zero was a dupe; retransmit: 0, pkt_enqueue_time=2010293301894.0981, pkt_dequeue_time=2010293301894.0981, forwarded_or_dropped=1, reason_for_drop='Expiry'
DUPE: 2005623086069_Node0_Node8_Zero, Node1 id 2005623086069_Node0_Node8_Zero was a dupe; retransmit: 0, pkt_enqueue_time=2010296221548.6436, pkt_dequeue_time=2010296221548.6436, forwarded_or_dropped=1, reason_for_drop='Expiry'
DUPE: 2005434548802_Node0_Node8_Zero, Node1 id 2005434548802_Node0_Node8_Zero was a dupe; retransmit: 0, pkt_enqueue_time=2010299141203.189, pkt_dequeue_time=2010299141203.189, forwarded_or_dropped=1, reason_for_drop='Expiry'
DUPE: 2005377167304_Node0_Node8_Zero, Node1 id 2005377167304_Node0_Node8_Zero was a dupe; retransmit: 0, pkt_enqueue_time=2010302060857.7344, pkt_dequeue_time=2010302060857.7344, forwarded_or_dropped=1, reason_for_drop='Expiry'
DUPE: 2005188642097_Node0_Node8_Zero, Node1 id 2005188642097_Node0_Node8_Zero was a dupe; retransmit: 0, pkt_enqueue_time=2010304980512.2798, pkt_dequeue_time=2010304980512.2798, forwarded_or_dropped=1, reason_for_drop='Expiry'
DUPE: 2005147661486_Node0_Node8_Zero, Node1 id 2005147661486_Node0_Node8_Zero was a dupe; retransmit: 0, pkt_enqueue_time=2010307900166.8252, pkt_dequeue_time=2010307900166.8252, forwarded_or_dropped=1, reason_for_drop='Expiry'
DUPE: 2005114874952_Node0_Node8_Zero, Node1 id 2005114874952_Node0_Node8_Zero was a dupe; retransmit: 0, pkt_enqueue_time=2010310839821.3706, pkt_dequeue_time=2010310839821.3706, forwarded_or_dropped=1, reason_for_drop='Expiry'
DUPE: 2004819790305_Node0_Node8_Zero, Node1 id 2004819790305_Node0_Node8_Zero was a dupe; retransmit: 0, pkt_enqueue_time=2010313779475.916, pkt_dequeue_time=2010313779475.916, forwarded_or_dropped=1, reason_for_drop='Expiry'
DUPE: 2003385346881_Node0_Node8_Zero, Node1 id 2003385346881_Node0_Node8_Zero was a dupe; retransmit: 0, pkt_enqueue_time=2010316699130.4614, pkt_dequeue_time=2010316699130.4614, forwarded_or_dropped=1, reason_for_drop='Expiry'
DUPE: 2003393548394_Node0_Node8_Zero, Node1 id 2003393548394_Node0_Node8_Zero was a dupe; retransmit: 0, pkt_enqueue_time=2010316699130.4614, pkt_dequeue_time=2010316699130.4614, forwarded_or_dropped=1, reason_for_drop='Expiry'
DUPE: 2003155839380_Node0_Node8_Zero, Node1 id 2003155839380_Node0_Node8_Zero was a dupe; retransmit: 0, pkt_enqueue_time=2010319621694.098, pkt_dequeue_time=2010319621694.098, forwarded_or_dropped=1, reason_for_drop='Expiry'
DUPE: 2003164031275_Node0_Node8_Zero, Node1 id 2003164031275_Node0_Node8_Zero was a dupe; retransmit: 0, pkt_enqueue_time=2010319621694.098, pkt_dequeue_time=2010319621694.098, forwarded_or_dropped=1, reason_for_drop='Expiry'
DUPE: 2006983742959_Node0_Node8_Zero, Node1 id 2006983742959_Node0_Node8_Zero was a dupe; retransmit: 0, pkt_enqueue_time=2010336436965.3706, pkt_dequeue_time=2010336436965.3706, forwarded_or_dropped=1, reason_for_drop='Expiry'
DUPE: 2006828015312_Node0_Node8_Zero, Node1 id 2006828015312_Node0_Node8_Zero was a dupe; retransmit: 0, pkt_enqueue_time=2010339376619.916, pkt_dequeue_time=2010339376619.916, forwarded_or_dropped=1, reason_for_drop='Expiry'
DUPE: 2005319790705_Node0_Node8_Zero, Node1 id 2005319790705_Node0_Node8_Zero was a dupe; retransmit: 0, pkt_enqueue_time=2010342316274.4614, pkt_dequeue_time=2010342316274.4614, forwarded_or_dropped=1, reason_for_drop='Expiry'
DUPE: 2005262417982_Node0_Node8_Zero, Node1 id 2005262417982_Node0_Node8_Zero was a dupe; retransmit: 0, pkt_enqueue_time=2010345255929.0068, pkt_dequeue_time=2010345255929.0068, forwarded_or_dropped=1, reason_for_drop='Expiry'
DUPE: 2005123070038_Node0_Node8_Zero, Node1 id 2005123070038_Node0_Node8_Zero was a dupe; retransmit: 0, pkt_enqueue_time=2010348215583.5522, pkt_dequeue_time=2010348215583.5522, forwarded_or_dropped=1, reason_for_drop='Expiry'
DUPE: 2005090289293_Node0_Node8_Zero, Node1 id 2005090289293_Node0_Node8_Zero was a dupe; retransmit: 0, pkt_enqueue_time=2010351175238.0977, pkt_dequeue_time=2010351175238.0977, forwarded_or_dropped=1, reason_for_drop='Expiry'
DUPE: 2005041096224_Node0_Node8_Zero, Node1 id 2005041096224_Node0_Node8_Zero was a dupe; retransmit: 0, pkt_enqueue_time=2010354134892.643, pkt_dequeue_time=2010354134892.643, forwarded_or_dropped=1, reason_for_drop='Expiry'
DUPE: 2006303394390_Node0_Node8_Zero, Node1 id 2006303394390_Node0_Node8_Zero was a dupe; retransmit: 0, pkt_enqueue_time=2010360054201.734, pkt_dequeue_time=2010360054201.734, forwarded_or_dropped=1, reason_for_drop='Expiry'
DUPE: 2006213222011_Node0_Node8_Zero, Node1 id 2006213222011_Node0_Node8_Zero was a dupe; retransmit: 0, pkt_enqueue_time=2010365953510.8247, pkt_dequeue_time=2010365953510.8247, forwarded_or_dropped=1, reason_for_drop='Expiry'
DUPE: 2006123055458_Node0_Node8_Zero, Node1 id 2006123055458_Node0_Node8_Zero was a dupe; retransmit: 0, pkt_enqueue_time=2010368913165.37, pkt_dequeue_time=2010368913165.37, forwarded_or_dropped=1, reason_for_drop='Expiry'
DUPE: 2005680464523_Node0_Node8_Zero, Node1 id 2005680464523_Node0_Node8_Zero was a dupe; retransmit: 0, pkt_enqueue_time=2010371892819.9155, pkt_dequeue_time=2010371892819.9155, forwarded_or_dropped=1, reason_for_drop='Expiry'
DUPE: 2005500118652_Node0_Node8_Zero, Node1 id 2005500118652_Node0_Node8_Zero was a dupe; retransmit: 0, pkt_enqueue_time=2010374872474.461, pkt_dequeue_time=2010374872474.461, forwarded_or_dropped=1, reason_for_drop='Expiry'
DUPE: 2005106681344_Node0_Node8_Zero, Node1 id 2005106681344_Node0_Node8_Zero was a dupe; retransmit: 0, pkt_enqueue_time=2010377852129.0063, pkt_dequeue_time=2010377852129.0063, forwarded_or_dropped=1, reason_for_drop='Expiry'
DUPE: 2004967329494_Node0_Node8_Zero, Node1 id 2004967329494_Node0_Node8_Zero was a dupe; retransmit: 0, pkt_enqueue_time=2010380831783.5518, pkt_dequeue_time=2010380831783.5518, forwarded_or_dropped=1, reason_for_drop='Expiry'
DUPE: 2004754206732_Node0_Node8_Zero, Node1 id 2004754206732_Node0_Node8_Zero was a dupe; retransmit: 0, pkt_enqueue_time=2010383811438.0972, pkt_dequeue_time=2010383811438.0972, forwarded_or_dropped=1, reason_for_drop='Expiry'
DUPE: 2004598449468_Node0_Node8_Zero, Node1 id 2004598449468_Node0_Node8_Zero was a dupe; retransmit: 0, pkt_enqueue_time=2010386791092.6426, pkt_dequeue_time=2010386791092.6426, forwarded_or_dropped=1, reason_for_drop='Expiry'
DUPE: 2006860803994_Node0_Node8_Zero, Node1 id 2006860803994_Node0_Node8_Zero was a dupe; retransmit: 0, pkt_enqueue_time=2010389770747.188, pkt_dequeue_time=2010389770747.188, forwarded_or_dropped=1, reason_for_drop='Expiry'
DUPE: 2003991892399_Node0_Node8_Zero, Node1 id 2003991892399_Node0_Node8_Zero was a dupe; retransmit: 0, pkt_enqueue_time=2010392750401.7334, pkt_dequeue_time=2010392750401.7334, forwarded_or_dropped=1, reason_for_drop='Expiry'
DUPE: 2003434535140_Node0_Node8_Zero, Node1 id 2003434535140_Node0_Node8_Zero was a dupe; retransmit: 0, pkt_enqueue_time=2010395710056.2788, pkt_dequeue_time=2010395710056.2788, forwarded_or_dropped=1, reason_for_drop='Expiry'
DUPE: 2003442735080_Node0_Node8_Zero, Node1 id 2003442735080_Node0_Node8_Zero was a dupe; retransmit: 0, pkt_enqueue_time=2010395710056.2788, pkt_dequeue_time=2010395710056.2788, forwarded_or_dropped=1, reason_for_drop='Expiry'
Node.py: (Node0)@2010400000000.0: Updated MCS from 0 to 1, hist=deque([1.9183673469387754, 1.0816326530612246, 0.02040816326530612, 0.0, 0.0], maxlen=5), packets_serviced=0, packets_received=1
Called Update: UpdateRouteCalls = 0, force = False
Node.py: (Node1)@2010400000000.0: Updated MCS from 1 to 1, hist=deque([0.0, 0.0, 0.0, 0.0, 0.0], maxlen=5), packets_serviced=0, packets_received=159
Called Update: UpdateRouteCalls = 1, force = False
Called Update: UpdateRouteCalls = 2, force = False
Called Update: UpdateRouteCalls = 3, force = False
Called Update: UpdateRouteCalls = 4, force = False
Called Update: UpdateRouteCalls = 5, force = False
Called Update: UpdateRouteCalls = 6, force = False
Called Update: UpdateRouteCalls = 7, force = False
Called Update: UpdateRouteCalls = 8, force = False
Called Update: UpdateRouteCalls = 9, force = False
Called Update: UpdateRouteCalls = 10, force = False
Called Update: UpdateRouteCalls = 11, force = False
Called Update: UpdateRouteCalls = 12, force = False
Called Update: UpdateRouteCalls = 13, force = False
Called Update: UpdateRouteCalls = 14, force = False
Called Update: UpdateRouteCalls = 15, force = False
Called Update: UpdateRouteCalls = 16, force = False
Called Update: UpdateRouteCalls = 17, force = False
!! UPDATING !!
routeNo, updatedMCSIndex =  0 [1, 1, 0, 1, 1, 1, 1, 1]
DUPE: 2006721467076_Node0_Node8_Zero, Node1 id 2006721467076_Node0_Node8_Zero was a dupe; retransmit: 0, pkt_enqueue_time=2010404651929.006, pkt_dequeue_time=2010404651929.006, forwarded_or_dropped=1, reason_for_drop='Expiry'
DUPE: 2006434552604_Node0_Node8_Zero, Node1 id 2006434552604_Node0_Node8_Zero was a dupe; retransmit: 0, pkt_enqueue_time=2010407631583.5515, pkt_dequeue_time=2010407631583.5515, forwarded_or_dropped=1, reason_for_drop='Expiry'
DUPE: 2006008318007_Node0_Node8_Zero, Node1 id 2006008318007_Node0_Node8_Zero was a dupe; retransmit: 0, pkt_enqueue_time=2010410631238.097, pkt_dequeue_time=2010410631238.097, forwarded_or_dropped=1, reason_for_drop='Expiry'
DUPE: 2005516519638_Node0_Node8_Zero, Node1 id 2005516519638_Node0_Node8_Zero was a dupe; retransmit: 0, pkt_enqueue_time=2010413630892.6423, pkt_dequeue_time=2010413630892.6423, forwarded_or_dropped=1, reason_for_drop='Expiry'
DUPE: 2005385365134_Node0_Node8_Zero, Node1 id 2005385365134_Node0_Node8_Zero was a dupe; retransmit: 0, pkt_enqueue_time=2010416630547.1877, pkt_dequeue_time=2010416630547.1877, forwarded_or_dropped=1, reason_for_drop='Expiry'
DUPE: 2005352576158_Node0_Node8_Zero, Node1 id 2005352576158_Node0_Node8_Zero was a dupe; retransmit: 0, pkt_enqueue_time=2010419630201.7332, pkt_dequeue_time=2010419630201.7332, forwarded_or_dropped=1, reason_for_drop='Expiry'
DUPE: 2005221424294_Node0_Node8_Zero, Node1 id 2005221424294_Node0_Node8_Zero was a dupe; retransmit: 0, pkt_enqueue_time=2010422629856.2786, pkt_dequeue_time=2010422629856.2786, forwarded_or_dropped=1, reason_for_drop='Expiry'
DUPE: 2005057487083_Node0_Node8_Zero, Node1 id 2005057487083_Node0_Node8_Zero was a dupe; retransmit: 0, pkt_enqueue_time=2010425629510.824, pkt_dequeue_time=2010425629510.824, forwarded_or_dropped=1, reason_for_drop='Expiry'
DUPE: 2004532885191_Node0_Node8_Zero, Node1 id 2004532885191_Node0_Node8_Zero was a dupe; retransmit: 0, pkt_enqueue_time=2010428629165.3694, pkt_dequeue_time=2010428629165.3694, forwarded_or_dropped=1, reason_for_drop='Expiry'
DUPE: 2004368939671_Node0_Node8_Zero, Node1 id 2004368939671_Node0_Node8_Zero was a dupe; retransmit: 0, pkt_enqueue_time=2010431628819.9148, pkt_dequeue_time=2010431628819.9148, forwarded_or_dropped=1, reason_for_drop='Expiry'
DUPE: 2004114843338_Node0_Node8_Zero, Node1 id 2004114843338_Node0_Node8_Zero was a dupe; retransmit: 0, pkt_enqueue_time=2010434628474.4602, pkt_dequeue_time=2010434628474.4602, forwarded_or_dropped=1, reason_for_drop='Expiry'
DUPE: 2003352559930_Node0_Node8_Zero, Node1 id 2003352559930_Node0_Node8_Zero was a dupe; retransmit: 0, pkt_enqueue_time=2010437608129.0056, pkt_dequeue_time=2010437608129.0056, forwarded_or_dropped=1, reason_for_drop='Expiry'
DUPE: 2003360760128_Node0_Node8_Zero, Node1 id 2003360760128_Node0_Node8_Zero was a dupe; retransmit: 0, pkt_enqueue_time=2010437608129.0056, pkt_dequeue_time=2010437608129.0056, forwarded_or_dropped=1, reason_for_drop='Expiry'
DUPE: 2002795137963_Node0_Node8_Zero, Node1 id 2002795137963_Node0_Node8_Zero was a dupe; retransmit: 0, pkt_enqueue_time=2010440590692.642, pkt_dequeue_time=2010440590692.642, forwarded_or_dropped=1, reason_for_drop='Expiry'
DUPE: 2002803336801_Node0_Node8_Zero, Node1 id 2002803336801_Node0_Node8_Zero was a dupe; retransmit: 0, pkt_enqueue_time=2010440590692.642, pkt_dequeue_time=2010440590692.642, forwarded_or_dropped=1, reason_for_drop='Expiry'
DUPE: 2002778736992_Node0_Node8_Zero, Node1 id 2002778736992_Node0_Node8_Zero was a dupe; retransmit: 0, pkt_enqueue_time=2010443307564.642, pkt_dequeue_time=2010443307564.642, forwarded_or_dropped=1, reason_for_drop='Expiry'
DUPE: 2002786937303_Node0_Node8_Zero, Node1 id 2002786937303_Node0_Node8_Zero was a dupe; retransmit: 0, pkt_enqueue_time=2010443307564.642, pkt_dequeue_time=2010443307564.642, forwarded_or_dropped=1, reason_for_drop='Expiry'
DUPE: 2007262431921_Node0_Node8_Zero, Node1 id 2007262431921_Node0_Node8_Zero was a dupe; retransmit: 0, pkt_enqueue_time=2010463362490.4602, pkt_dequeue_time=2010463362490.4602, forwarded_or_dropped=1, reason_for_drop='Expiry'
DUPE: 2006549315674_Node0_Node8_Zero, Node1 id 2006549315674_Node0_Node8_Zero was a dupe; retransmit: 0, pkt_enqueue_time=2010466362145.0056, pkt_dequeue_time=2010466362145.0056, forwarded_or_dropped=1, reason_for_drop='Expiry'
DUPE: 2006442747194_Node0_Node8_Zero, Node1 id 2006442747194_Node0_Node8_Zero was a dupe; retransmit: 0, pkt_enqueue_time=2010469361799.551, pkt_dequeue_time=2010469361799.551, forwarded_or_dropped=1, reason_for_drop='Expiry'
DUPE: 2007172258529_Node0_Node8_Zero, Node1 id 2007172258529_Node0_Node8_Zero was a dupe; retransmit: 0, pkt_enqueue_time=2010489933816.278, pkt_dequeue_time=2010489933816.278, forwarded_or_dropped=1, reason_for_drop='Expiry'
DUPE: 2007164058241_Node0_Node8_Zero, Node1 id 2007164058241_Node0_Node8_Zero was a dupe; retransmit: 0, pkt_enqueue_time=2010492953470.8235, pkt_dequeue_time=2010492953470.8235, forwarded_or_dropped=1, reason_for_drop='Expiry'
DUPE: 2006803427941_Node0_Node8_Zero, Node1 id 2006803427941_Node0_Node8_Zero was a dupe; retransmit: 0, pkt_enqueue_time=2010495973125.369, pkt_dequeue_time=2010495973125.369, forwarded_or_dropped=1, reason_for_drop='Expiry'
DUPE: 2006237818376_Node0_Node8_Zero, Node1 id 2006237818376_Node0_Node8_Zero was a dupe; retransmit: 0, pkt_enqueue_time=2010498992779.9143, pkt_dequeue_time=2010498992779.9143, forwarded_or_dropped=1, reason_for_drop='Expiry'
DUPE: 2005942740283_Node0_Node8_Zero, Node1 id 2005942740283_Node0_Node8_Zero was a dupe; retransmit: 0, pkt_enqueue_time=2010502012434.4597, pkt_dequeue_time=2010502012434.4597, forwarded_or_dropped=1, reason_for_drop='Expiry'
DUPE: 2005205035089_Node0_Node8_Zero, Node1 id 2005205035089_Node0_Node8_Zero was a dupe; retransmit: 0, pkt_enqueue_time=2010505032089.0051, pkt_dequeue_time=2010505032089.0051, forwarded_or_dropped=1, reason_for_drop='Expiry'
DUPE: 2007491962953_Node0_Node8_Zero, Node1 id 2007491962953_Node0_Node8_Zero was a dupe; retransmit: 0, pkt_enqueue_time=2010535937158.823, pkt_dequeue_time=2010535937158.823, forwarded_or_dropped=1, reason_for_drop='Expiry'
DUPE: 2007401790652_Node0_Node8_Zero, Node1 id 2007401790652_Node0_Node8_Zero was a dupe; retransmit: 0, pkt_enqueue_time=2010538976813.3684, pkt_dequeue_time=2010538976813.3684, forwarded_or_dropped=1, reason_for_drop='Expiry'
DUPE: 2007319822481_Node0_Node8_Zero, Node1 id 2007319822481_Node0_Node8_Zero was a dupe; retransmit: 0, pkt_enqueue_time=2010542016467.9138, pkt_dequeue_time=2010542016467.9138, forwarded_or_dropped=1, reason_for_drop='Expiry'
DUPE: 2007229647485_Node0_Node8_Zero, Node1 id 2007229647485_Node0_Node8_Zero was a dupe; retransmit: 0, pkt_enqueue_time=2010545056122.4592, pkt_dequeue_time=2010545056122.4592, forwarded_or_dropped=1, reason_for_drop='Expiry'
DUPE: 2007073893677_Node0_Node8_Zero, Node1 id 2007073893677_Node0_Node8_Zero was a dupe; retransmit: 0, pkt_enqueue_time=2010548095777.0046, pkt_dequeue_time=2010548095777.0046, forwarded_or_dropped=1, reason_for_drop='Expiry'
DUPE: 2007000137255_Node0_Node8_Zero, Node1 id 2007000137255_Node0_Node8_Zero was a dupe; retransmit: 0, pkt_enqueue_time=2010551135431.55, pkt_dequeue_time=2010551135431.55, forwarded_or_dropped=1, reason_for_drop='Expiry'
DUPE: 2006541115902_Node0_Node8_Zero, Node1 id 2006541115902_Node0_Node8_Zero was a dupe; retransmit: 0, pkt_enqueue_time=2010554175086.0955, pkt_dequeue_time=2010554175086.0955, forwarded_or_dropped=1, reason_for_drop='Expiry'
DUPE: 2006368967081_Node0_Node8_Zero, Node1 id 2006368967081_Node0_Node8_Zero was a dupe; retransmit: 0, pkt_enqueue_time=2010557214740.6409, pkt_dequeue_time=2010557214740.6409, forwarded_or_dropped=1, reason_for_drop='Expiry'
DUPE: 2005901766459_Node0_Node8_Zero, Node1 id 2005901766459_Node0_Node8_Zero was a dupe; retransmit: 0, pkt_enqueue_time=2010560254395.1863, pkt_dequeue_time=2010560254395.1863, forwarded_or_dropped=1, reason_for_drop='Expiry'
DUPE: 2005827994468_Node0_Node8_Zero, Node1 id 2005827994468_Node0_Node8_Zero was a dupe; retransmit: 0, pkt_enqueue_time=2010563294049.7317, pkt_dequeue_time=2010563294049.7317, forwarded_or_dropped=1, reason_for_drop='Expiry'
DUPE: 2005729650267_Node0_Node8_Zero, Node1 id 2005729650267_Node0_Node8_Zero was a dupe; retransmit: 0, pkt_enqueue_time=2010566333704.277, pkt_dequeue_time=2010566333704.277, forwarded_or_dropped=1, reason_for_drop='Expiry'
DUPE: 2004516487770_Node0_Node8_Zero, Node1 id 2004516487770_Node0_Node8_Zero was a dupe; retransmit: 0, pkt_enqueue_time=2010569373358.8225, pkt_dequeue_time=2010569373358.8225, forwarded_or_dropped=1, reason_for_drop='Expiry'
DUPE: 2004483696667_Node0_Node8_Zero, Node1 id 2004483696667_Node0_Node8_Zero was a dupe; retransmit: 0, pkt_enqueue_time=2010572413013.368, pkt_dequeue_time=2010572413013.368, forwarded_or_dropped=1, reason_for_drop='Expiry'
DUPE: 2002696781173_Node0_Node8_Zero, Node1 id 2002696781173_Node0_Node8_Zero was a dupe; retransmit: 0, pkt_enqueue_time=2010575432667.9133, pkt_dequeue_time=2010575432667.9133, forwarded_or_dropped=1, reason_for_drop='Expiry'
DUPE: 2002704974483_Node0_Node8_Zero, Node1 id 2002704974483_Node0_Node8_Zero was a dupe; retransmit: 0, pkt_enqueue_time=2010575432667.9133, pkt_dequeue_time=2010575432667.9133, forwarded_or_dropped=1, reason_for_drop='Expiry'
DUPE: 2006885392390_Node0_Node8_Zero, Node1 id 2006885392390_Node0_Node8_Zero was a dupe; retransmit: 0, pkt_enqueue_time=2010596820376.2769, pkt_dequeue_time=2010596820376.2769, forwarded_or_dropped=1, reason_for_drop='Expiry'
DUPE: 2006516522668_Node0_Node8_Zero, Node1 id 2006516522668_Node0_Node8_Zero was a dupe; retransmit: 0, pkt_enqueue_time=2010599880030.8223, pkt_dequeue_time=2010599880030.8223, forwarded_or_dropped=1, reason_for_drop='Expiry'
DUPE: 2005664066698_Node0_Node8_Zero, Node1 id 2005664066698_Node0_Node8_Zero was a dupe; retransmit: 0, pkt_enqueue_time=2010602939685.3677, pkt_dequeue_time=2010602939685.3677, forwarded_or_dropped=1, reason_for_drop='Expiry'
DUPE: 2004573860598_Node0_Node8_Zero, Node1 id 2004573860598_Node0_Node8_Zero was a dupe; retransmit: 0, pkt_enqueue_time=2010605999339.913, pkt_dequeue_time=2010605999339.913, forwarded_or_dropped=1, reason_for_drop='Expiry'
DUPE: 2003532881053_Node0_Node8_Zero, Node1 id 2003532881053_Node0_Node8_Zero was a dupe; retransmit: 0, pkt_enqueue_time=2010609038994.4585, pkt_dequeue_time=2010609038994.4585, forwarded_or_dropped=1, reason_for_drop='Expiry'
DUPE: 2003541078250_Node0_Node8_Zero, Node1 id 2003541078250_Node0_Node8_Zero was a dupe; retransmit: 0, pkt_enqueue_time=2010609038994.4585, pkt_dequeue_time=2010609038994.4585, forwarded_or_dropped=1, reason_for_drop='Expiry'
DUPE: 2007360807506_Node0_Node8_Zero, Node1 id 2007360807506_Node0_Node8_Zero was a dupe; retransmit: 0, pkt_enqueue_time=2010670899260.64, pkt_dequeue_time=2010670899260.64, forwarded_or_dropped=1, reason_for_drop='Expiry'
DUPE: 2007205051418_Node0_Node8_Zero, Node1 id 2007205051418_Node0_Node8_Zero was a dupe; retransmit: 0, pkt_enqueue_time=2010673978915.1853, pkt_dequeue_time=2010673978915.1853, forwarded_or_dropped=1, reason_for_drop='Expiry'
DUPE: 2007057504189_Node0_Node8_Zero, Node1 id 2007057504189_Node0_Node8_Zero was a dupe; retransmit: 0, pkt_enqueue_time=2010677058569.7307, pkt_dequeue_time=2010677058569.7307, forwarded_or_dropped=1, reason_for_drop='Expiry'
DUPE: 2007008332106_Node0_Node8_Zero, Node1 id 2007008332106_Node0_Node8_Zero was a dupe; retransmit: 0, pkt_enqueue_time=2010680138224.2761, pkt_dequeue_time=2010680138224.2761, forwarded_or_dropped=1, reason_for_drop='Expiry'
DUPE: 2006901778547_Node0_Node8_Zero, Node1 id 2006901778547_Node0_Node8_Zero was a dupe; retransmit: 0, pkt_enqueue_time=2010683217878.8215, pkt_dequeue_time=2010683217878.8215, forwarded_or_dropped=1, reason_for_drop='Expiry'
DUPE: 2006877194920_Node0_Node8_Zero, Node1 id 2006877194920_Node0_Node8_Zero was a dupe; retransmit: 0, pkt_enqueue_time=2010686297533.367, pkt_dequeue_time=2010686297533.367, forwarded_or_dropped=1, reason_for_drop='Expiry'
DUPE: 2006713270539_Node0_Node8_Zero, Node1 id 2006713270539_Node0_Node8_Zero was a dupe; retransmit: 0, pkt_enqueue_time=2010689377187.9124, pkt_dequeue_time=2010689377187.9124, forwarded_or_dropped=1, reason_for_drop='Expiry'
DUPE: 2006172232486_Node0_Node8_Zero, Node1 id 2006172232486_Node0_Node8_Zero was a dupe; retransmit: 0, pkt_enqueue_time=2010692456842.4578, pkt_dequeue_time=2010692456842.4578, forwarded_or_dropped=1, reason_for_drop='Expiry'
DUPE: 2005172248960_Node0_Node8_Zero, Node1 id 2005172248960_Node0_Node8_Zero was a dupe; retransmit: 0, pkt_enqueue_time=2010695536497.0032, pkt_dequeue_time=2010695536497.0032, forwarded_or_dropped=1, reason_for_drop='Expiry'
DUPE: 2004918139746_Node0_Node8_Zero, Node1 id 2004918139746_Node0_Node8_Zero was a dupe; retransmit: 0, pkt_enqueue_time=2010698616151.5486, pkt_dequeue_time=2010698616151.5486, forwarded_or_dropped=1, reason_for_drop='Expiry'
DUPE: 2004434517948_Node0_Node8_Zero, Node1 id 2004434517948_Node0_Node8_Zero was a dupe; retransmit: 0, pkt_enqueue_time=2010701695806.094, pkt_dequeue_time=2010701695806.094, forwarded_or_dropped=1, reason_for_drop='Expiry'
DUPE: 2004270574599_Node0_Node8_Zero, Node1 id 2004270574599_Node0_Node8_Zero was a dupe; retransmit: 0, pkt_enqueue_time=2010704795460.6394, pkt_dequeue_time=2010704795460.6394, forwarded_or_dropped=1, reason_for_drop='Expiry'
DUPE: 2007139465704_Node0_Node8_Zero, Node1 id 2007139465704_Node0_Node8_Zero was a dupe; retransmit: 0, pkt_enqueue_time=2010710994769.7302, pkt_dequeue_time=2010710994769.7302, forwarded_or_dropped=1, reason_for_drop='Expiry'
DUPE: 2006221422691_Node0_Node8_Zero, Node1 id 2006221422691_Node0_Node8_Zero was a dupe; retransmit: 0, pkt_enqueue_time=2010714094424.2756, pkt_dequeue_time=2010714094424.2756, forwarded_or_dropped=1, reason_for_drop='Expiry'
DUPE: 2006131255056_Node0_Node8_Zero, Node1 id 2006131255056_Node0_Node8_Zero was a dupe; retransmit: 0, pkt_enqueue_time=2010717194078.821, pkt_dequeue_time=2010717194078.821, forwarded_or_dropped=1, reason_for_drop='Expiry'
DUPE: 2005541114632_Node0_Node8_Zero, Node1 id 2005541114632_Node0_Node8_Zero was a dupe; retransmit: 0, pkt_enqueue_time=2010720293733.3665, pkt_dequeue_time=2010720293733.3665, forwarded_or_dropped=1, reason_for_drop='Expiry'
DUPE: 2004983724907_Node0_Node8_Zero, Node1 id 2004983724907_Node0_Node8_Zero was a dupe; retransmit: 0, pkt_enqueue_time=2010723393387.9119, pkt_dequeue_time=2010723393387.9119, forwarded_or_dropped=1, reason_for_drop='Expiry'
DUPE: 2004672232445_Node0_Node8_Zero, Node1 id 2004672232445_Node0_Node8_Zero was a dupe; retransmit: 0, pkt_enqueue_time=2010726493042.4573, pkt_dequeue_time=2010726493042.4573, forwarded_or_dropped=1, reason_for_drop='Expiry'
DUPE: 2004590252476_Node0_Node8_Zero, Node1 id 2004590252476_Node0_Node8_Zero was a dupe; retransmit: 0, pkt_enqueue_time=2010729592697.0027, pkt_dequeue_time=2010729592697.0027, forwarded_or_dropped=1, reason_for_drop='Expiry'
DUPE: 2003549278483_Node0_Node8_Zero, Node1 id 2003549278483_Node0_Node8_Zero was a dupe; retransmit: 0, pkt_enqueue_time=2010732692351.548, pkt_dequeue_time=2010732692351.548, forwarded_or_dropped=1, reason_for_drop='Expiry'
DUPE: 2003557475447_Node0_Node8_Zero, Node1 id 2003557475447_Node0_Node8_Zero was a dupe; retransmit: 0, pkt_enqueue_time=2010732692351.548, pkt_dequeue_time=2010732692351.548, forwarded_or_dropped=1, reason_for_drop='Expiry'
DUPE: 2007623113743_Node0_Node8_Zero, Node1 id 2007623113743_Node0_Node8_Zero was a dupe; retransmit: 0, pkt_enqueue_time=2010748120750.8208, pkt_dequeue_time=2010748120750.8208, forwarded_or_dropped=1, reason_for_drop='Expiry'
DUPE: 2006254220010_Node0_Node8_Zero, Node1 id 2006254220010_Node0_Node8_Zero was a dupe; retransmit: 0, pkt_enqueue_time=2010751240405.3662, pkt_dequeue_time=2010751240405.3662, forwarded_or_dropped=1, reason_for_drop='Expiry'
DUPE: 2006246018328_Node0_Node8_Zero, Node1 id 2006246018328_Node0_Node8_Zero was a dupe; retransmit: 0, pkt_enqueue_time=2010754380059.9116, pkt_dequeue_time=2010754380059.9116, forwarded_or_dropped=1, reason_for_drop='Expiry'
DUPE: 2003024683299_Node0_Node8_Zero, Node1 id 2003024683299_Node0_Node8_Zero was a dupe; retransmit: 0, pkt_enqueue_time=2010757499714.457, pkt_dequeue_time=2010757499714.457, forwarded_or_dropped=1, reason_for_drop='Expiry'
DUPE: 2003032880917_Node0_Node8_Zero, Node1 id 2003032880917_Node0_Node8_Zero was a dupe; retransmit: 0, pkt_enqueue_time=2010757499714.457, pkt_dequeue_time=2010757499714.457, forwarded_or_dropped=1, reason_for_drop='Expiry'
DUPE: 2007573933942_Node0_Node8_Zero, Node1 id 2007573933942_Node0_Node8_Zero was a dupe; retransmit: 0, pkt_enqueue_time=2010766921587.1843, pkt_dequeue_time=2010766921587.1843, forwarded_or_dropped=1, reason_for_drop='Expiry'
DUPE: 2007385397812_Node0_Node8_Zero, Node1 id 2007385397812_Node0_Node8_Zero was a dupe; retransmit: 0, pkt_enqueue_time=2010770081241.7297, pkt_dequeue_time=2010770081241.7297, forwarded_or_dropped=1, reason_for_drop='Expiry'
DUPE: 2007311624108_Node0_Node8_Zero, Node1 id 2007311624108_Node0_Node8_Zero was a dupe; retransmit: 0, pkt_enqueue_time=2010773240896.2751, pkt_dequeue_time=2010773240896.2751, forwarded_or_dropped=1, reason_for_drop='Expiry'
DUPE: 2006352575543_Node0_Node8_Zero, Node1 id 2006352575543_Node0_Node8_Zero was a dupe; retransmit: 0, pkt_enqueue_time=2010776400550.8206, pkt_dequeue_time=2010776400550.8206, forwarded_or_dropped=1, reason_for_drop='Expiry'
DUPE: 2007639514299_Node0_Node8_Zero, Node1 id 2007639514299_Node0_Node8_Zero was a dupe; retransmit: 0, pkt_enqueue_time=2010788266386.4568, pkt_dequeue_time=2010788266386.4568, forwarded_or_dropped=1, reason_for_drop='Expiry'
DUPE: 2007352605965_Node0_Node8_Zero, Node1 id 2007352605965_Node0_Node8_Zero was a dupe; retransmit: 0, pkt_enqueue_time=2010791446041.0022, pkt_dequeue_time=2010791446041.0022, forwarded_or_dropped=1, reason_for_drop='Expiry'
DUPE: 2005426356672_Node0_Node8_Zero, Node1 id 2005426356672_Node0_Node8_Zero was a dupe; retransmit: 0, pkt_enqueue_time=2010794625695.5476, pkt_dequeue_time=2010794625695.5476, forwarded_or_dropped=1, reason_for_drop='Expiry'
DUPE: 2004991920392_Node0_Node8_Zero, Node1 id 2004991920392_Node0_Node8_Zero was a dupe; retransmit: 0, pkt_enqueue_time=2010797805350.093, pkt_dequeue_time=2010797805350.093, forwarded_or_dropped=1, reason_for_drop='Expiry'
Called Update: UpdateRouteCalls = 0, force = False
Node.py: (Node1)@2010800000000.0: Updated MCS from 1 to 1, hist=deque([0.0, 0.0, 0.0, 0.0, 0.0], maxlen=5), packets_serviced=0, packets_received=141
Called Update: UpdateRouteCalls = 1, force = False
Called Update: UpdateRouteCalls = 2, force = False
Called Update: UpdateRouteCalls = 3, force = False
Called Update: UpdateRouteCalls = 4, force = False
Called Update: UpdateRouteCalls = 5, force = False
Called Update: UpdateRouteCalls = 6, force = False
Called Update: UpdateRouteCalls = 7, force = False
Called Update: UpdateRouteCalls = 8, force = False
Called Update: UpdateRouteCalls = 9, force = False
Called Update: UpdateRouteCalls = 10, force = False
Called Update: UpdateRouteCalls = 11, force = False
Called Update: UpdateRouteCalls = 12, force = False
Called Update: UpdateRouteCalls = 13, force = False
Called Update: UpdateRouteCalls = 14, force = False
Called Update: UpdateRouteCalls = 15, force = False
Called Update: UpdateRouteCalls = 16, force = False
Called Update: UpdateRouteCalls = 17, force = False
!! UPDATING !!
routeNo, updatedMCSIndex =  0 [1, 1, 0, 1, 1, 1, 1, 1]
DUPE: 2004827982236_Node0_Node8_Zero, Node1 id 2004827982236_Node0_Node8_Zero was a dupe; retransmit: 0, pkt_enqueue_time=2010817757366.82, pkt_dequeue_time=2010817757366.82, forwarded_or_dropped=1, reason_for_drop='Expiry'
DUPE: 2004655834503_Node0_Node8_Zero, Node1 id 2004655834503_Node0_Node8_Zero was a dupe; retransmit: 0, pkt_enqueue_time=2010820957021.3655, pkt_dequeue_time=2010820957021.3655, forwarded_or_dropped=1, reason_for_drop='Expiry'
DUPE: 2004319750194_Node0_Node8_Zero, Node1 id 2004319750194_Node0_Node8_Zero was a dupe; retransmit: 0, pkt_enqueue_time=2010824156675.911, pkt_dequeue_time=2010824156675.911, forwarded_or_dropped=1, reason_for_drop='Expiry'
DUPE: 2007631314073_Node0_Node8_Zero, Node1 id 2007631314073_Node0_Node8_Zero was a dupe; retransmit: 0, pkt_enqueue_time=2010830595985.0017, pkt_dequeue_time=2010830595985.0017, forwarded_or_dropped=1, reason_for_drop='Expiry'
DUPE: 2005229621793_Node0_Node8_Zero, Node1 id 2005229621793_Node0_Node8_Zero was a dupe; retransmit: 0, pkt_enqueue_time=2010833815639.547, pkt_dequeue_time=2010833815639.547, forwarded_or_dropped=1, reason_for_drop='Expiry'
DUPE: 2003303383804_Node0_Node8_Zero, Node1 id 2003303383804_Node0_Node8_Zero was a dupe; retransmit: 0, pkt_enqueue_time=2010837035294.0925, pkt_dequeue_time=2010837035294.0925, forwarded_or_dropped=1, reason_for_drop='Expiry'
DUPE: 2003311581580_Node0_Node8_Zero, Node1 id 2003311581580_Node0_Node8_Zero was a dupe; retransmit: 0, pkt_enqueue_time=2010837035294.0925, pkt_dequeue_time=2010837035294.0925, forwarded_or_dropped=1, reason_for_drop='Expiry'
DUPE: 2006573913195_Node0_Node8_Zero, Node1 id 2006573913195_Node0_Node8_Zero was a dupe; retransmit: 0, pkt_enqueue_time=2010856363347.9106, pkt_dequeue_time=2010856363347.9106, forwarded_or_dropped=1, reason_for_drop='Expiry'
DUPE: 2004950930761_Node0_Node8_Zero, Node1 id 2004950930761_Node0_Node8_Zero was a dupe; retransmit: 0, pkt_enqueue_time=2010859623002.456, pkt_dequeue_time=2010859623002.456, forwarded_or_dropped=1, reason_for_drop='Expiry'
DUPE: 2002844327499_Node0_Node8_Zero, Node1 id 2002844327499_Node0_Node8_Zero was a dupe; retransmit: 0, pkt_enqueue_time=2010862862657.0015, pkt_dequeue_time=2010862862657.0015, forwarded_or_dropped=1, reason_for_drop='Expiry'
DUPE: 2002852519823_Node0_Node8_Zero, Node1 id 2002852519823_Node0_Node8_Zero was a dupe; retransmit: 0, pkt_enqueue_time=2010862862657.0015, pkt_dequeue_time=2010862862657.0015, forwarded_or_dropped=1, reason_for_drop='Expiry'
DUPE: 2007828017247_Node0_Node8_Zero, Node1 id 2007828017247_Node0_Node8_Zero was a dupe; retransmit: 0, pkt_enqueue_time=2010874578619.1833, pkt_dequeue_time=2010874578619.1833, forwarded_or_dropped=1, reason_for_drop='Expiry'
DUPE: 2007147664617_Node0_Node8_Zero, Node1 id 2007147664617_Node0_Node8_Zero was a dupe; retransmit: 0, pkt_enqueue_time=2010877858273.7288, pkt_dequeue_time=2010877858273.7288, forwarded_or_dropped=1, reason_for_drop='Expiry'
DUPE: 2005655871860_Node0_Node8_Zero, Node1 id 2005655871860_Node0_Node8_Zero was a dupe; retransmit: 0, pkt_enqueue_time=2010881137928.2742, pkt_dequeue_time=2010881137928.2742, forwarded_or_dropped=1, reason_for_drop='Expiry'
DUPE: 2004844371812_Node0_Node8_Zero, Node1 id 2004844371812_Node0_Node8_Zero was a dupe; retransmit: 0, pkt_enqueue_time=2010884417582.8196, pkt_dequeue_time=2010884417582.8196, forwarded_or_dropped=1, reason_for_drop='Expiry'
DUPE: 2005164054739_Node0_Node8_Zero, Node1 id 2005164054739_Node0_Node8_Zero was a dupe; retransmit: 0, pkt_enqueue_time=2010902902727.5466, pkt_dequeue_time=2010902902727.5466, forwarded_or_dropped=1, reason_for_drop='Expiry'
DUPE: 2006844412343_Node0_Node8_Zero, Node1 id 2006844412343_Node0_Node8_Zero was a dupe; retransmit: 0, pkt_enqueue_time=2010906202382.092, pkt_dequeue_time=2010906202382.092, forwarded_or_dropped=1, reason_for_drop='Expiry'
DUPE: 2007377196857_Node0_Node8_Zero, Node1 id 2007377196857_Node0_Node8_Zero was a dupe; retransmit: 0, pkt_enqueue_time=2010918768217.7283, pkt_dequeue_time=2010918768217.7283, forwarded_or_dropped=1, reason_for_drop='Expiry'
DUPE: 2007155858087_Node0_Node8_Zero, Node1 id 2007155858087_Node0_Node8_Zero was a dupe; retransmit: 0, pkt_enqueue_time=2010922087872.2737, pkt_dequeue_time=2010922087872.2737, forwarded_or_dropped=1, reason_for_drop='Expiry'
DUPE: 2006147644541_Node0_Node8_Zero, Node1 id 2006147644541_Node0_Node8_Zero was a dupe; retransmit: 0, pkt_enqueue_time=2010925407526.819, pkt_dequeue_time=2010925407526.819, forwarded_or_dropped=1, reason_for_drop='Expiry'
DUPE: 2005532913765_Node0_Node8_Zero, Node1 id 2005532913765_Node0_Node8_Zero was a dupe; retransmit: 0, pkt_enqueue_time=2010928727181.3645, pkt_dequeue_time=2010928727181.3645, forwarded_or_dropped=1, reason_for_drop='Expiry'
DUPE: 2005270613181_Node0_Node8_Zero, Node1 id 2005270613181_Node0_Node8_Zero was a dupe; retransmit: 0, pkt_enqueue_time=2010932046835.91, pkt_dequeue_time=2010932046835.91, forwarded_or_dropped=1, reason_for_drop='Expiry'
DUPE: 2005180444181_Node0_Node8_Zero, Node1 id 2005180444181_Node0_Node8_Zero was a dupe; retransmit: 0, pkt_enqueue_time=2010935386490.4553, pkt_dequeue_time=2010935386490.4553, forwarded_or_dropped=1, reason_for_drop='Expiry'
DUPE: 2006631299516_Node0_Node8_Zero, Node1 id 2006631299516_Node0_Node8_Zero was a dupe; retransmit: 0, pkt_enqueue_time=2010955424417.7278, pkt_dequeue_time=2010955424417.7278, forwarded_or_dropped=1, reason_for_drop='Expiry'
DUPE: 2005934548523_Node0_Node8_Zero, Node1 id 2005934548523_Node0_Node8_Zero was a dupe; retransmit: 0, pkt_enqueue_time=2010958764072.2732, pkt_dequeue_time=2010958764072.2732, forwarded_or_dropped=1, reason_for_drop='Expiry'
DUPE: 2005327988418_Node0_Node8_Zero, Node1 id 2005327988418_Node0_Node8_Zero was a dupe; retransmit: 0, pkt_enqueue_time=2010962103726.8186, pkt_dequeue_time=2010962103726.8186, forwarded_or_dropped=1, reason_for_drop='Expiry'
DUPE: 2006582108525_Node0_Node8_Zero, Node1 id 2006582108525_Node0_Node8_Zero was a dupe; retransmit: 0, pkt_enqueue_time=2010981628871.5457, pkt_dequeue_time=2010981628871.5457, forwarded_or_dropped=1, reason_for_drop='Expiry'
DUPE: 2005909963537_Node0_Node8_Zero, Node1 id 2005909963537_Node0_Node8_Zero was a dupe; retransmit: 0, pkt_enqueue_time=2010985008526.091, pkt_dequeue_time=2010985008526.091, forwarded_or_dropped=1, reason_for_drop='Expiry'
DUPE: 2005024702953_Node0_Node8_Zero, Node1 id 2005024702953_Node0_Node8_Zero was a dupe; retransmit: 0, pkt_enqueue_time=2010988388180.6365, pkt_dequeue_time=2010988388180.6365, forwarded_or_dropped=1, reason_for_drop='Expiry'
DUPE: 2006754259249_Node0_Node8_Zero, Node1 id 2006754259249_Node0_Node8_Zero was a dupe; retransmit: 0, pkt_enqueue_time=2010991767835.182, pkt_dequeue_time=2010991767835.182, forwarded_or_dropped=1, reason_for_drop='Expiry'
DUPE: 2007032919906_Node0_Node8_Zero, Node1 id 2007032919906_Node0_Node8_Zero was a dupe; retransmit: 0, pkt_enqueue_time=2010998567144.2727, pkt_dequeue_time=2010998567144.2727, forwarded_or_dropped=1, reason_for_drop='Expiry'
main.py: Progress: 2011 / 2014
Called Update: UpdateRouteCalls = 0, force = True
!! UPDATING !!
routeNo, updatedMCSIndex =  0 [1, 1, 0, 1, 1, 1, 1, 1]

rf.py: Time: 2011 Route details: {0: {'Route': [0, 1, 2, 3, 4, 5, 6, 7, 8], 'MCS_Index': [1, 1, 0, 1, 1, 1, 1, 1], 'Priority': 1, 'ValidRoute': True, 'HQRoute': True, 'RouteNodeDensity': [0, 0, 0, 0, 0, 2, 0, 0, 0], 'InterferingLinks': 16, 'Target': (-1, -1)}}
DUPE: 2006893584605_Node0_Node8_Zero, Node1 id 2006893584605_Node0_Node8_Zero was a dupe; retransmit: 0, pkt_enqueue_time=2011001966798.818, pkt_dequeue_time=2011001966798.818, forwarded_or_dropped=1, reason_for_drop='Expiry'
DUPE: 2005237820837_Node0_Node8_Zero, Node1 id 2005237820837_Node0_Node8_Zero was a dupe; retransmit: 0, pkt_enqueue_time=2011005386453.3635, pkt_dequeue_time=2011005386453.3635, forwarded_or_dropped=1, reason_for_drop='Expiry'
DUPE: 2004836177437_Node0_Node8_Zero, Node1 id 2004836177437_Node0_Node8_Zero was a dupe; retransmit: 0, pkt_enqueue_time=2011008806107.909, pkt_dequeue_time=2011008806107.909, forwarded_or_dropped=1, reason_for_drop='Expiry'
DUPE: 2007983778344_Node0_Node8_Zero, Node1 id 2007983778344_Node0_Node8_Zero was a dupe; retransmit: 0, pkt_enqueue_time=2011015665416.9998, pkt_dequeue_time=2011015665416.9998, forwarded_or_dropped=1, reason_for_drop='Expiry'
DUPE: 2007811628365_Node0_Node8_Zero, Node1 id 2007811628365_Node0_Node8_Zero was a dupe; retransmit: 0, pkt_enqueue_time=2011019105071.5452, pkt_dequeue_time=2011019105071.5452, forwarded_or_dropped=1, reason_for_drop='Expiry'
DUPE: 2007778840841_Node0_Node8_Zero, Node1 id 2007778840841_Node0_Node8_Zero was a dupe; retransmit: 0, pkt_enqueue_time=2011022544726.0906, pkt_dequeue_time=2011022544726.0906, forwarded_or_dropped=1, reason_for_drop='Expiry'
DUPE: 2007123071303_Node0_Node8_Zero, Node1 id 2007123071303_Node0_Node8_Zero was a dupe; retransmit: 0, pkt_enqueue_time=2011025984380.636, pkt_dequeue_time=2011025984380.636, forwarded_or_dropped=1, reason_for_drop='Expiry'
DUPE: 2006090278699_Node0_Node8_Zero, Node1 id 2006090278699_Node0_Node8_Zero was a dupe; retransmit: 0, pkt_enqueue_time=2011029424035.1814, pkt_dequeue_time=2011029424035.1814, forwarded_or_dropped=1, reason_for_drop='Expiry'
DUPE: 2005483729017_Node0_Node8_Zero, Node1 id 2005483729017_Node0_Node8_Zero was a dupe; retransmit: 0, pkt_enqueue_time=2011032863689.7268, pkt_dequeue_time=2011032863689.7268, forwarded_or_dropped=1, reason_for_drop='Expiry'
DUPE: 2004344347707_Node0_Node8_Zero, Node1 id 2004344347707_Node0_Node8_Zero was a dupe; retransmit: 0, pkt_enqueue_time=2011036303344.2722, pkt_dequeue_time=2011036303344.2722, forwarded_or_dropped=1, reason_for_drop='Expiry'
DUPE: 2002598402656_Node0_Node8_Zero, Node1 id 2002598402656_Node0_Node8_Zero was a dupe; retransmit: 0, pkt_enqueue_time=2011039742998.8176, pkt_dequeue_time=2011039742998.8176, forwarded_or_dropped=1, reason_for_drop='Expiry'
DUPE: 2002606603254_Node0_Node8_Zero, Node1 id 2002606603254_Node0_Node8_Zero was a dupe; retransmit: 0, pkt_enqueue_time=2011039742998.8176, pkt_dequeue_time=2011039742998.8176, forwarded_or_dropped=1, reason_for_drop='Expiry'
DUPE: 2002647581504_Node0_Node8_Zero, Node1 id 2002647581504_Node0_Node8_Zero was a dupe; retransmit: 0, pkt_enqueue_time=2011042199870.8176, pkt_dequeue_time=2011042199870.8176, forwarded_or_dropped=1, reason_for_drop='Expiry'
DUPE: 2002655781444_Node0_Node8_Zero, Node1 id 2002655781444_Node0_Node8_Zero was a dupe; retransmit: 0, pkt_enqueue_time=2011042199870.8176, pkt_dequeue_time=2011042199870.8176, forwarded_or_dropped=1, reason_for_drop='Expiry'
DUPE: 2007852616493_Node0_Node8_Zero, Node1 id 2007852616493_Node0_Node8_Zero was a dupe; retransmit: 0, pkt_enqueue_time=2011060835142.0903, pkt_dequeue_time=2011060835142.0903, forwarded_or_dropped=1, reason_for_drop='Expiry'
DUPE: 2006590308827_Node0_Node8_Zero, Node1 id 2006590308827_Node0_Node8_Zero was a dupe; retransmit: 0, pkt_enqueue_time=2011064314796.6357, pkt_dequeue_time=2011064314796.6357, forwarded_or_dropped=1, reason_for_drop='Expiry'
DUPE: 2005508320042_Node0_Node8_Zero, Node1 id 2005508320042_Node0_Node8_Zero was a dupe; retransmit: 0, pkt_enqueue_time=2011067794451.1812, pkt_dequeue_time=2011067794451.1812, forwarded_or_dropped=1, reason_for_drop='Expiry'
DUPE: 2005065686874_Node0_Node8_Zero, Node1 id 2005065686874_Node0_Node8_Zero was a dupe; retransmit: 0, pkt_enqueue_time=2011071274105.7266, pkt_dequeue_time=2011071274105.7266, forwarded_or_dropped=1, reason_for_drop='Expiry'
DUPE: 2004721418228_Node0_Node8_Zero, Node1 id 2004721418228_Node0_Node8_Zero was a dupe; retransmit: 0, pkt_enqueue_time=2011074753760.272, pkt_dequeue_time=2011074753760.272, forwarded_or_dropped=1, reason_for_drop='Expiry'
DUPE: 2007672294485_Node0_Node8_Zero, Node1 id 2007672294485_Node0_Node8_Zero was a dupe; retransmit: 0, pkt_enqueue_time=2011091933339.9082, pkt_dequeue_time=2011091933339.9082, forwarded_or_dropped=1, reason_for_drop='Expiry'
DUPE: 2006672276531_Node0_Node8_Zero, Node1 id 2006672276531_Node0_Node8_Zero was a dupe; retransmit: 0, pkt_enqueue_time=2011095432994.4536, pkt_dequeue_time=2011095432994.4536, forwarded_or_dropped=1, reason_for_drop='Expiry'
DUPE: 2006188626750_Node0_Node8_Zero, Node1 id 2006188626750_Node0_Node8_Zero was a dupe; retransmit: 0, pkt_enqueue_time=2011098932648.999, pkt_dequeue_time=2011098932648.999, forwarded_or_dropped=1, reason_for_drop='Expiry'
DUPE: 2005868975783_Node0_Node8_Zero, Node1 id 2005868975783_Node0_Node8_Zero was a dupe; retransmit: 0, pkt_enqueue_time=2011102432303.5444, pkt_dequeue_time=2011102432303.5444, forwarded_or_dropped=1, reason_for_drop='Expiry'
DUPE: 2005016506541_Node0_Node8_Zero, Node1 id 2005016506541_Node0_Node8_Zero was a dupe; retransmit: 0, pkt_enqueue_time=2011105931958.0898, pkt_dequeue_time=2011105931958.0898, forwarded_or_dropped=1, reason_for_drop='Expiry'
DUPE: 2007328015863_Node0_Node8_Zero, Node1 id 2007328015863_Node0_Node8_Zero was a dupe; retransmit: 0, pkt_enqueue_time=2011119297793.726, pkt_dequeue_time=2011119297793.726, forwarded_or_dropped=1, reason_for_drop='Expiry'
DUPE: 2007270632460_Node0_Node8_Zero, Node1 id 2007270632460_Node0_Node8_Zero was a dupe; retransmit: 0, pkt_enqueue_time=2011122817448.2715, pkt_dequeue_time=2011122817448.2715, forwarded_or_dropped=1, reason_for_drop='Expiry'
DUPE: 2006057498334_Node0_Node8_Zero, Node1 id 2006057498334_Node0_Node8_Zero was a dupe; retransmit: 0, pkt_enqueue_time=2011126337102.817, pkt_dequeue_time=2011126337102.817, forwarded_or_dropped=1, reason_for_drop='Expiry'
DUPE: 2005967331578_Node0_Node8_Zero, Node1 id 2005967331578_Node0_Node8_Zero was a dupe; retransmit: 0, pkt_enqueue_time=2011129856757.3623, pkt_dequeue_time=2011129856757.3623, forwarded_or_dropped=1, reason_for_drop='Expiry'
DUPE: 2003041076274_Node0_Node8_Zero, Node1 id 2003041076274_Node0_Node8_Zero was a dupe; retransmit: 0, pkt_enqueue_time=2011133376411.9077, pkt_dequeue_time=2011133376411.9077, forwarded_or_dropped=1, reason_for_drop='Expiry'
DUPE: 2003049277313_Node0_Node8_Zero, Node1 id 2003049277313_Node0_Node8_Zero was a dupe; retransmit: 0, pkt_enqueue_time=2011133376411.9077, pkt_dequeue_time=2011133376411.9077, forwarded_or_dropped=1, reason_for_drop='Expiry'
DUPE: 2007934593049_Node0_Node8_Zero, Node1 id 2007934593049_Node0_Node8_Zero was a dupe; retransmit: 0, pkt_enqueue_time=2011140458630.0896, pkt_dequeue_time=2011140458630.0896, forwarded_or_dropped=1, reason_for_drop='Expiry'
DUPE: 2006926365327_Node0_Node8_Zero, Node1 id 2006926365327_Node0_Node8_Zero was a dupe; retransmit: 0, pkt_enqueue_time=2011144018284.635, pkt_dequeue_time=2011144018284.635, forwarded_or_dropped=1, reason_for_drop='Expiry'
DUPE: 2006532919875_Node0_Node8_Zero, Node1 id 2006532919875_Node0_Node8_Zero was a dupe; retransmit: 0, pkt_enqueue_time=2011147577939.1804, pkt_dequeue_time=2011147577939.1804, forwarded_or_dropped=1, reason_for_drop='Expiry'
DUPE: 2006041101638_Node0_Node8_Zero, Node1 id 2006041101638_Node0_Node8_Zero was a dupe; retransmit: 0, pkt_enqueue_time=2011151137593.7258, pkt_dequeue_time=2011151137593.7258, forwarded_or_dropped=1, reason_for_drop='Expiry'
DUPE: 2005844386989_Node0_Node8_Zero, Node1 id 2005844386989_Node0_Node8_Zero was a dupe; retransmit: 0, pkt_enqueue_time=2011154697248.2712, pkt_dequeue_time=2011154697248.2712, forwarded_or_dropped=1, reason_for_drop='Expiry'
DUPE: 2005459139616_Node0_Node8_Zero, Node1 id 2005459139616_Node0_Node8_Zero was a dupe; retransmit: 0, pkt_enqueue_time=2011158256902.8167, pkt_dequeue_time=2011158256902.8167, forwarded_or_dropped=1, reason_for_drop='Expiry'
DUPE: 2005000115758_Node0_Node8_Zero, Node1 id 2005000115758_Node0_Node8_Zero was a dupe; retransmit: 0, pkt_enqueue_time=2011161816557.362, pkt_dequeue_time=2011161816557.362, forwarded_or_dropped=1, reason_for_drop='Expiry'
DUPE: 2004500086807_Node0_Node8_Zero, Node1 id 2004500086807_Node0_Node8_Zero was a dupe; retransmit: 0, pkt_enqueue_time=2011165396211.9075, pkt_dequeue_time=2011165396211.9075, forwarded_or_dropped=1, reason_for_drop='Expiry'
DUPE: 2006467338361_Node0_Node8_Zero, Node1 id 2006467338361_Node0_Node8_Zero was a dupe; retransmit: 0, pkt_enqueue_time=2011178742047.5437, pkt_dequeue_time=2011178742047.5437, forwarded_or_dropped=1, reason_for_drop='Expiry'
DUPE: 2006049296617_Node0_Node8_Zero, Node1 id 2006049296617_Node0_Node8_Zero was a dupe; retransmit: 0, pkt_enqueue_time=2011182321702.089, pkt_dequeue_time=2011182321702.089, forwarded_or_dropped=1, reason_for_drop='Expiry'
DUPE: 2005418161517_Node0_Node8_Zero, Node1 id 2005418161517_Node0_Node8_Zero was a dupe; retransmit: 0, pkt_enqueue_time=2011185921356.6345, pkt_dequeue_time=2011185921356.6345, forwarded_or_dropped=1, reason_for_drop='Expiry'
DUPE: 2004377133772_Node0_Node8_Zero, Node1 id 2004377133772_Node0_Node8_Zero was a dupe; retransmit: 0, pkt_enqueue_time=2011189521011.18, pkt_dequeue_time=2011189521011.18, forwarded_or_dropped=1, reason_for_drop='Expiry'
DUPE: 2004229594176_Node0_Node8_Zero, Node1 id 2004229594176_Node0_Node8_Zero was a dupe; retransmit: 0, pkt_enqueue_time=2011193120665.7253, pkt_dequeue_time=2011193120665.7253, forwarded_or_dropped=1, reason_for_drop='Expiry'
DUPE: 2007237845741_Node0_Node8_Zero, Node1 id 2007237845741_Node0_Node8_Zero was a dupe; retransmit: 0, pkt_enqueue_time=2011196720320.2708, pkt_dequeue_time=2011196720320.2708, forwarded_or_dropped=1, reason_for_drop='Expiry'
Called Update: UpdateRouteCalls = 0, force = False
Node.py: (Node1)@2011200000000.0: Updated MCS from 1 to 1, hist=deque([0.0, 0.0, 0.0, 0.0, 0.0], maxlen=5), packets_serviced=0, packets_received=127
Called Update: UpdateRouteCalls = 1, force = False
Called Update: UpdateRouteCalls = 2, force = False
Called Update: UpdateRouteCalls = 3, force = False
Called Update: UpdateRouteCalls = 4, force = False
Called Update: UpdateRouteCalls = 5, force = False
Called Update: UpdateRouteCalls = 6, force = False
Called Update: UpdateRouteCalls = 7, force = False
Called Update: UpdateRouteCalls = 8, force = False
Called Update: UpdateRouteCalls = 9, force = False
Called Update: UpdateRouteCalls = 10, force = False
Called Update: UpdateRouteCalls = 11, force = False
Called Update: UpdateRouteCalls = 12, force = False
Called Update: UpdateRouteCalls = 13, force = False
Called Update: UpdateRouteCalls = 14, force = False
Called Update: UpdateRouteCalls = 15, force = False
Called Update: UpdateRouteCalls = 16, force = False
Called Update: UpdateRouteCalls = 17, force = False
!! UPDATING !!
routeNo, updatedMCSIndex =  0 [1, 1, 0, 1, 1, 1, 1, 1]
DUPE: 2006868999074_Node0_Node8_Zero, Node1 id 2006868999074_Node0_Node8_Zero was a dupe; retransmit: 0, pkt_enqueue_time=2011200339974.8162, pkt_dequeue_time=2011200339974.8162, forwarded_or_dropped=1, reason_for_drop='Expiry'
DUPE: 2006655888852_Node0_Node8_Zero, Node1 id 2006655888852_Node0_Node8_Zero was a dupe; retransmit: 0, pkt_enqueue_time=2011203959629.3616, pkt_dequeue_time=2011203959629.3616, forwarded_or_dropped=1, reason_for_drop='Expiry'
DUPE: 2006205023741_Node0_Node8_Zero, Node1 id 2006205023741_Node0_Node8_Zero was a dupe; retransmit: 0, pkt_enqueue_time=2011207579283.907, pkt_dequeue_time=2011207579283.907, forwarded_or_dropped=1, reason_for_drop='Expiry'
Called Update: UpdateRouteCalls = 0, force = False
Node.py: (Node1)@2011600000000.0: Updated MCS from 1 to 1, hist=deque([0.0, 0.0, 0.0, 0.0, 0.0], maxlen=5), packets_serviced=0, packets_received=343
Called Update: UpdateRouteCalls = 1, force = False
Called Update: UpdateRouteCalls = 2, force = False
Called Update: UpdateRouteCalls = 3, force = False
Called Update: UpdateRouteCalls = 4, force = False
Called Update: UpdateRouteCalls = 5, force = False
Called Update: UpdateRouteCalls = 6, force = False
Called Update: UpdateRouteCalls = 7, force = False
Called Update: UpdateRouteCalls = 8, force = False
Called Update: UpdateRouteCalls = 9, force = False
Called Update: UpdateRouteCalls = 10, force = False
Called Update: UpdateRouteCalls = 11, force = False
Called Update: UpdateRouteCalls = 12, force = False
Called Update: UpdateRouteCalls = 13, force = False
Called Update: UpdateRouteCalls = 14, force = False
Called Update: UpdateRouteCalls = 15, force = False
Called Update: UpdateRouteCalls = 16, force = False
Called Update: UpdateRouteCalls = 17, force = False
!! UPDATING !!
routeNo, updatedMCSIndex =  0 [1, 1, 0, 1, 1, 1, 1, 1]
DUPE: 2008000171545_Node0_Node8_Zero, Node1 id 2008000171545_Node0_Node8_Zero was a dupe; retransmit: 0, pkt_enqueue_time=2011700689228.651, pkt_dequeue_time=2011700689228.651, forwarded_or_dropped=1, reason_for_drop='Expiry'
DUPE: 2007557541697_Node0_Node8_Zero, Node1 id 2007557541697_Node0_Node8_Zero was a dupe; retransmit: 0, pkt_enqueue_time=2011704308883.1963, pkt_dequeue_time=2011704308883.1963, forwarded_or_dropped=1, reason_for_drop='Expiry'
DUPE: 2007188654234_Node0_Node8_Zero, Node1 id 2007188654234_Node0_Node8_Zero was a dupe; retransmit: 0, pkt_enqueue_time=2011707948537.7417, pkt_dequeue_time=2011707948537.7417, forwarded_or_dropped=1, reason_for_drop='Expiry'
DUPE: 2004746010055_Node0_Node8_Zero, Node1 id 2004746010055_Node0_Node8_Zero was a dupe; retransmit: 0, pkt_enqueue_time=2011711588192.287, pkt_dequeue_time=2011711588192.287, forwarded_or_dropped=1, reason_for_drop='Expiry'
DUPE: 2008328051828_Node0_Node8_Zero, Node1 id 2008328051828_Node0_Node8_Zero was a dupe; retransmit: 0, pkt_enqueue_time=2011725389846.1055, pkt_dequeue_time=2011725389846.1055, forwarded_or_dropped=1, reason_for_drop='Expiry'
DUPE: 2007688685907_Node0_Node8_Zero, Node1 id 2007688685907_Node0_Node8_Zero was a dupe; retransmit: 0, pkt_enqueue_time=2011729049500.651, pkt_dequeue_time=2011729049500.651, forwarded_or_dropped=1, reason_for_drop='Expiry'
DUPE: 2007180454059_Node0_Node8_Zero, Node1 id 2007180454059_Node0_Node8_Zero was a dupe; retransmit: 0, pkt_enqueue_time=2011732709155.1963, pkt_dequeue_time=2011732709155.1963, forwarded_or_dropped=1, reason_for_drop='Expiry'
DUPE: 2005467336728_Node0_Node8_Zero, Node1 id 2005467336728_Node0_Node8_Zero was a dupe; retransmit: 0, pkt_enqueue_time=2011736368809.7417, pkt_dequeue_time=2011736368809.7417, forwarded_or_dropped=1, reason_for_drop='Expiry'
DUPE: 2003139451091_Node0_Node8_Zero, Node1 id 2003139451091_Node0_Node8_Zero was a dupe; retransmit: 0, pkt_enqueue_time=2011740008464.287, pkt_dequeue_time=2011740008464.287, forwarded_or_dropped=1, reason_for_drop='Expiry'
DUPE: 2003147644422_Node0_Node8_Zero, Node1 id 2003147644422_Node0_Node8_Zero was a dupe; retransmit: 0, pkt_enqueue_time=2011740008464.287, pkt_dequeue_time=2011740008464.287, forwarded_or_dropped=1, reason_for_drop='Expiry'
DUPE: 2003008293201_Node0_Node8_Zero, Node1 id 2003008293201_Node0_Node8_Zero was a dupe; retransmit: 0, pkt_enqueue_time=2011743651027.9236, pkt_dequeue_time=2011743651027.9236, forwarded_or_dropped=1, reason_for_drop='Expiry'
DUPE: 2003016488110_Node0_Node8_Zero, Node1 id 2003016488110_Node0_Node8_Zero was a dupe; retransmit: 0, pkt_enqueue_time=2011743651027.9236, pkt_dequeue_time=2011743651027.9236, forwarded_or_dropped=1, reason_for_drop='Expiry'
DUPE: 2008434598425_Node0_Node8_Zero, Node1 id 2008434598425_Node0_Node8_Zero was a dupe; retransmit: 0, pkt_enqueue_time=2011747313591.56, pkt_dequeue_time=2011747313591.56, forwarded_or_dropped=1, reason_for_drop='Expiry'
DUPE: 2008065748706_Node0_Node8_Zero, Node1 id 2008065748706_Node0_Node8_Zero was a dupe; retransmit: 0, pkt_enqueue_time=2011754652900.651, pkt_dequeue_time=2011754652900.651, forwarded_or_dropped=1, reason_for_drop='Expiry'
DUPE: 2008016563290_Node0_Node8_Zero, Node1 id 2008016563290_Node0_Node8_Zero was a dupe; retransmit: 0, pkt_enqueue_time=2011758332555.1963, pkt_dequeue_time=2011758332555.1963, forwarded_or_dropped=1, reason_for_drop='Expiry'
DUPE: 2007926392262_Node0_Node8_Zero, Node1 id 2007926392262_Node0_Node8_Zero was a dupe; retransmit: 0, pkt_enqueue_time=2011762012209.7417, pkt_dequeue_time=2011762012209.7417, forwarded_or_dropped=1, reason_for_drop='Expiry'
DUPE: 2007524751150_Node0_Node8_Zero, Node1 id 2007524751150_Node0_Node8_Zero was a dupe; retransmit: 0, pkt_enqueue_time=2011765691864.287, pkt_dequeue_time=2011765691864.287, forwarded_or_dropped=1, reason_for_drop='Expiry'
DUPE: 2005360774830_Node0_Node8_Zero, Node1 id 2005360774830_Node0_Node8_Zero was a dupe; retransmit: 0, pkt_enqueue_time=2011769371518.8325, pkt_dequeue_time=2011769371518.8325, forwarded_or_dropped=1, reason_for_drop='Expiry'
DUPE: 2004327950181_Node0_Node8_Zero, Node1 id 2004327950181_Node0_Node8_Zero was a dupe; retransmit: 0, pkt_enqueue_time=2011773071173.378, pkt_dequeue_time=2011773071173.378, forwarded_or_dropped=1, reason_for_drop='Expiry'
DUPE: 2008737874260_Node0_Node8_Zero, Node1 id 2008737874260_Node0_Node8_Zero was a dupe; retransmit: 0, pkt_enqueue_time=2011776770827.9233, pkt_dequeue_time=2011776770827.9233, forwarded_or_dropped=1, reason_for_drop='Expiry'
DUPE: 2007393591444_Node0_Node8_Zero, Node1 id 2007393591444_Node0_Node8_Zero was a dupe; retransmit: 0, pkt_enqueue_time=2011780470482.4688, pkt_dequeue_time=2011780470482.4688, forwarded_or_dropped=1, reason_for_drop='Expiry'
DUPE: 2007065697206_Node0_Node8_Zero, Node1 id 2007065697206_Node0_Node8_Zero was a dupe; retransmit: 0, pkt_enqueue_time=2011784170137.0142, pkt_dequeue_time=2011784170137.0142, forwarded_or_dropped=1, reason_for_drop='Expiry'
DUPE: 2005393565498_Node0_Node8_Zero, Node1 id 2005393565498_Node0_Node8_Zero was a dupe; retransmit: 0, pkt_enqueue_time=2011787869791.5596, pkt_dequeue_time=2011787869791.5596, forwarded_or_dropped=1, reason_for_drop='Expiry'
DUPE: 2003467320040_Node0_Node8_Zero, Node1 id 2003467320040_Node0_Node8_Zero was a dupe; retransmit: 0, pkt_enqueue_time=2011791569446.105, pkt_dequeue_time=2011791569446.105, forwarded_or_dropped=1, reason_for_drop='Expiry'
DUPE: 2003475511866_Node0_Node8_Zero, Node1 id 2003475511866_Node0_Node8_Zero was a dupe; retransmit: 0, pkt_enqueue_time=2011791569446.105, pkt_dequeue_time=2011791569446.105, forwarded_or_dropped=1, reason_for_drop='Expiry'
DUPE: 2002827928562_Node0_Node8_Zero, Node1 id 2002827928562_Node0_Node8_Zero was a dupe; retransmit: 0, pkt_enqueue_time=2011795272009.7415, pkt_dequeue_time=2011795272009.7415, forwarded_or_dropped=1, reason_for_drop='Expiry'
DUPE: 2002836127854_Node0_Node8_Zero, Node1 id 2002836127854_Node0_Node8_Zero was a dupe; retransmit: 0, pkt_enqueue_time=2011795272009.7415, pkt_dequeue_time=2011795272009.7415, forwarded_or_dropped=1, reason_for_drop='Expiry'
DUPE: 2008598542211_Node0_Node8_Zero, Node1 id 2008598542211_Node0_Node8_Zero was a dupe; retransmit: 0, pkt_enqueue_time=2011798994573.378, pkt_dequeue_time=2011798994573.378, forwarded_or_dropped=1, reason_for_drop='Expiry'
DUPE: 2008369025618_Node0_Node8_Zero, Node1 id 2008369025618_Node0_Node8_Zero was a dupe; retransmit: 0, pkt_enqueue_time=2011816410190.1052, pkt_dequeue_time=2011816410190.1052, forwarded_or_dropped=1, reason_for_drop='Expiry'
DUPE: 2008057548991_Node0_Node8_Zero, Node1 id 2008057548991_Node0_Node8_Zero was a dupe; retransmit: 0, pkt_enqueue_time=2011820129844.6506, pkt_dequeue_time=2011820129844.6506, forwarded_or_dropped=1, reason_for_drop='Expiry'
DUPE: 2007991971672_Node0_Node8_Zero, Node1 id 2007991971672_Node0_Node8_Zero was a dupe; retransmit: 0, pkt_enqueue_time=2011823849499.196, pkt_dequeue_time=2011823849499.196, forwarded_or_dropped=1, reason_for_drop='Expiry'
DUPE: 2005049293016_Node0_Node8_Zero, Node1 id 2005049293016_Node0_Node8_Zero was a dupe; retransmit: 0, pkt_enqueue_time=2011827589153.7415, pkt_dequeue_time=2011827589153.7415, forwarded_or_dropped=1, reason_for_drop='Expiry'
DUPE: 2004860765545_Node0_Node8_Zero, Node1 id 2004860765545_Node0_Node8_Zero was a dupe; retransmit: 0, pkt_enqueue_time=2011831328808.2869, pkt_dequeue_time=2011831328808.2869, forwarded_or_dropped=1, reason_for_drop='Expiry'
DUPE: 2007696886723_Node0_Node8_Zero, Node1 id 2007696886723_Node0_Node8_Zero was a dupe; retransmit: 0, pkt_enqueue_time=2011848817207.5596, pkt_dequeue_time=2011848817207.5596, forwarded_or_dropped=1, reason_for_drop='Expiry'
DUPE: 2005737844620_Node0_Node8_Zero, Node1 id 2005737844620_Node0_Node8_Zero was a dupe; retransmit: 0, pkt_enqueue_time=2011852576862.105, pkt_dequeue_time=2011852576862.105, forwarded_or_dropped=1, reason_for_drop='Expiry'
DUPE: 2005696865840_Node0_Node8_Zero, Node1 id 2005696865840_Node0_Node8_Zero was a dupe; retransmit: 0, pkt_enqueue_time=2011856336516.6504, pkt_dequeue_time=2011856336516.6504, forwarded_or_dropped=1, reason_for_drop='Expiry'
DUPE: 2006795232185_Node0_Node8_Zero, Node1 id 2006795232185_Node0_Node8_Zero was a dupe; retransmit: 0, pkt_enqueue_time=2011860116171.1958, pkt_dequeue_time=2011860116171.1958, forwarded_or_dropped=1, reason_for_drop='Expiry'
DUPE: 2008221496239_Node0_Node8_Zero, Node1 id 2008221496239_Node0_Node8_Zero was a dupe; retransmit: 0, pkt_enqueue_time=2011863895825.7412, pkt_dequeue_time=2011863895825.7412, forwarded_or_dropped=1, reason_for_drop='Expiry'
DUPE: 2006418160250_Node0_Node8_Zero, Node1 id 2006418160250_Node0_Node8_Zero was a dupe; retransmit: 0, pkt_enqueue_time=2011867675480.2866, pkt_dequeue_time=2011867675480.2866, forwarded_or_dropped=1, reason_for_drop='Expiry'
DUPE: 2006106670307_Node0_Node8_Zero, Node1 id 2006106670307_Node0_Node8_Zero was a dupe; retransmit: 0, pkt_enqueue_time=2011871475134.832, pkt_dequeue_time=2011871475134.832, forwarded_or_dropped=1, reason_for_drop='Expiry'
DUPE: 2005295198809_Node0_Node8_Zero, Node1 id 2005295198809_Node0_Node8_Zero was a dupe; retransmit: 0, pkt_enqueue_time=2011875274789.3774, pkt_dequeue_time=2011875274789.3774, forwarded_or_dropped=1, reason_for_drop='Expiry'
DUPE: 2004942735909_Node0_Node8_Zero, Node1 id 2004942735909_Node0_Node8_Zero was a dupe; retransmit: 0, pkt_enqueue_time=2011879074443.9229, pkt_dequeue_time=2011879074443.9229, forwarded_or_dropped=1, reason_for_drop='Expiry'
DUPE: 2004901751468_Node0_Node8_Zero, Node1 id 2004901751468_Node0_Node8_Zero was a dupe; retransmit: 0, pkt_enqueue_time=2011882874098.4683, pkt_dequeue_time=2011882874098.4683, forwarded_or_dropped=1, reason_for_drop='Expiry'
DUPE: 2008573944207_Node0_Node8_Zero, Node1 id 2008573944207_Node0_Node8_Zero was a dupe; retransmit: 0, pkt_enqueue_time=2011886673753.0137, pkt_dequeue_time=2011886673753.0137, forwarded_or_dropped=1, reason_for_drop='Expiry'
DUPE: 2008164112193_Node0_Node8_Zero, Node1 id 2008164112193_Node0_Node8_Zero was a dupe; retransmit: 0, pkt_enqueue_time=2011890473407.559, pkt_dequeue_time=2011890473407.559, forwarded_or_dropped=1, reason_for_drop='Expiry'
DUPE: 2006975545199_Node0_Node8_Zero, Node1 id 2006975545199_Node0_Node8_Zero was a dupe; retransmit: 0, pkt_enqueue_time=2011894273062.1045, pkt_dequeue_time=2011894273062.1045, forwarded_or_dropped=1, reason_for_drop='Expiry'
DUPE: 2006696870774_Node0_Node8_Zero, Node1 id 2006696870774_Node0_Node8_Zero was a dupe; retransmit: 0, pkt_enqueue_time=2011898092716.65, pkt_dequeue_time=2011898092716.65, forwarded_or_dropped=1, reason_for_drop='Expiry'
DUPE: 2008803449710_Node0_Node8_Zero, Node1 id 2008803449710_Node0_Node8_Zero was a dupe; retransmit: 0, pkt_enqueue_time=2011901912371.1953, pkt_dequeue_time=2011901912371.1953, forwarded_or_dropped=1, reason_for_drop='Expiry'
DUPE: 2008778859840_Node0_Node8_Zero, Node1 id 2008778859840_Node0_Node8_Zero was a dupe; retransmit: 0, pkt_enqueue_time=2011905752025.7407, pkt_dequeue_time=2011905752025.7407, forwarded_or_dropped=1, reason_for_drop='Expiry'
DUPE: 2007106677077_Node0_Node8_Zero, Node1 id 2007106677077_Node0_Node8_Zero was a dupe; retransmit: 0, pkt_enqueue_time=2011909591680.2861, pkt_dequeue_time=2011909591680.2861, forwarded_or_dropped=1, reason_for_drop='Expiry'
DUPE: 2004582058418_Node0_Node8_Zero, Node1 id 2004582058418_Node0_Node8_Zero was a dupe; retransmit: 0, pkt_enqueue_time=2011913431334.8315, pkt_dequeue_time=2011913431334.8315, forwarded_or_dropped=1, reason_for_drop='Expiry'
DUPE: 2008098542835_Node0_Node8_Zero, Node1 id 2008098542835_Node0_Node8_Zero was a dupe; retransmit: 0, pkt_enqueue_time=2011924953207.5588, pkt_dequeue_time=2011924953207.5588, forwarded_or_dropped=1, reason_for_drop='Expiry'
DUPE: 2007942786515_Node0_Node8_Zero, Node1 id 2007942786515_Node0_Node8_Zero was a dupe; retransmit: 0, pkt_enqueue_time=2011928832862.1042, pkt_dequeue_time=2011928832862.1042, forwarded_or_dropped=1, reason_for_drop='Expiry'
DUPE: 2007713277439_Node0_Node8_Zero, Node1 id 2007713277439_Node0_Node8_Zero was a dupe; retransmit: 0, pkt_enqueue_time=2011932712516.6497, pkt_dequeue_time=2011932712516.6497, forwarded_or_dropped=1, reason_for_drop='Expiry'
DUPE: 2005344381232_Node0_Node8_Zero, Node1 id 2005344381232_Node0_Node8_Zero was a dupe; retransmit: 0, pkt_enqueue_time=2011936592171.195, pkt_dequeue_time=2011936592171.195, forwarded_or_dropped=1, reason_for_drop='Expiry'
DUPE: 2002959107391_Node0_Node8_Zero, Node1 id 2002959107391_Node0_Node8_Zero was a dupe; retransmit: 0, pkt_enqueue_time=2011940451825.7405, pkt_dequeue_time=2011940451825.7405, forwarded_or_dropped=1, reason_for_drop='Expiry'
DUPE: 2002967302213_Node0_Node8_Zero, Node1 id 2002967302213_Node0_Node8_Zero was a dupe; retransmit: 0, pkt_enqueue_time=2011940451825.7405, pkt_dequeue_time=2011940451825.7405, forwarded_or_dropped=1, reason_for_drop='Expiry'
DUPE: 2007647710388_Node0_Node8_Zero, Node1 id 2007647710388_Node0_Node8_Zero was a dupe; retransmit: 0, pkt_enqueue_time=2011962181515.9229, pkt_dequeue_time=2011962181515.9229, forwarded_or_dropped=1, reason_for_drop='Expiry'
DUPE: 2007016525301_Node0_Node8_Zero, Node1 id 2007016525301_Node0_Node8_Zero was a dupe; retransmit: 0, pkt_enqueue_time=2011966081170.4683, pkt_dequeue_time=2011966081170.4683, forwarded_or_dropped=1, reason_for_drop='Expiry'
DUPE: 2006426358315_Node0_Node8_Zero, Node1 id 2006426358315_Node0_Node8_Zero was a dupe; retransmit: 0, pkt_enqueue_time=2011969980825.0137, pkt_dequeue_time=2011969980825.0137, forwarded_or_dropped=1, reason_for_drop='Expiry'
DUPE: 2004098447913_Node0_Node8_Zero, Node1 id 2004098447913_Node0_Node8_Zero was a dupe; retransmit: 0, pkt_enqueue_time=2011973880479.559, pkt_dequeue_time=2011973880479.559, forwarded_or_dropped=1, reason_for_drop='Expiry'
DUPE: 2004057466919_Node0_Node8_Zero, Node1 id 2004057466919_Node0_Node8_Zero was a dupe; retransmit: 0, pkt_enqueue_time=2011977780134.1045, pkt_dequeue_time=2011977780134.1045, forwarded_or_dropped=1, reason_for_drop='Expiry'
DUPE: 2004008283533_Node0_Node8_Zero, Node1 id 2004008283533_Node0_Node8_Zero was a dupe; retransmit: 0, pkt_enqueue_time=2011981679788.65, pkt_dequeue_time=2011981679788.65, forwarded_or_dropped=1, reason_for_drop='Expiry'
DUPE: 2003516485216_Node0_Node8_Zero, Node1 id 2003516485216_Node0_Node8_Zero was a dupe; retransmit: 0, pkt_enqueue_time=2011985559443.1953, pkt_dequeue_time=2011985559443.1953, forwarded_or_dropped=1, reason_for_drop='Expiry'
DUPE: 2003524679794_Node0_Node8_Zero, Node1 id 2003524679794_Node0_Node8_Zero was a dupe; retransmit: 0, pkt_enqueue_time=2011985559443.1953, pkt_dequeue_time=2011985559443.1953, forwarded_or_dropped=1, reason_for_drop='Expiry'
DUPE: 2008975586821_Node0_Node8_Zero, Node1 id 2008975586821_Node0_Node8_Zero was a dupe; retransmit: 0, pkt_enqueue_time=2011989462006.8318, pkt_dequeue_time=2011989462006.8318, forwarded_or_dropped=1, reason_for_drop='Expiry'
main.py: Progress: 2012 / 2014
Called Update: UpdateRouteCalls = 0, force = False
Node.py: (Node1)@2012000000000.0: Updated MCS from 1 to 1, hist=deque([0.0, 0.0, 0.0, 0.0, 0.0], maxlen=5), packets_serviced=0, packets_received=165
Called Update: UpdateRouteCalls = 1, force = False
Called Update: UpdateRouteCalls = 2, force = False
Called Update: UpdateRouteCalls = 3, force = False
Called Update: UpdateRouteCalls = 4, force = False
Called Update: UpdateRouteCalls = 5, force = False
Called Update: UpdateRouteCalls = 6, force = False
Called Update: UpdateRouteCalls = 7, force = False
Called Update: UpdateRouteCalls = 8, force = False
Called Update: UpdateRouteCalls = 9, force = False
Called Update: UpdateRouteCalls = 10, force = False
Called Update: UpdateRouteCalls = 11, force = False
Called Update: UpdateRouteCalls = 12, force = False
Called Update: UpdateRouteCalls = 13, force = False
Called Update: UpdateRouteCalls = 14, force = False
Called Update: UpdateRouteCalls = 15, force = False
Called Update: UpdateRouteCalls = 16, force = False
Called Update: UpdateRouteCalls = 17, force = False
!! UPDATING !!
routeNo, updatedMCSIndex =  0 [1, 1, 0, 1, 1, 1, 1, 1]
Called Update: UpdateRouteCalls = 0, force = True
!! UPDATING !!
routeNo, updatedMCSIndex =  0 [1, 1, 0, 1, 1, 1, 1, 1]

rf.py: Time: 2012 Route details: {0: {'Route': [0, 1, 2, 3, 4, 5, 6, 7, 8], 'MCS_Index': [1, 1, 0, 1, 1, 1, 1, 1], 'Priority': 1, 'ValidRoute': True, 'HQRoute': True, 'RouteNodeDensity': [0, 0, 0, 0, 0, 2, 0, 0, 0], 'InterferingLinks': 16, 'Target': (-1, -1)}}
DUPE: 2007664100245_Node0_Node8_Zero, Node1 id 2007664100245_Node0_Node8_Zero was a dupe; retransmit: 0, pkt_enqueue_time=2012001186788.6501, pkt_dequeue_time=2012001186788.6501, forwarded_or_dropped=1, reason_for_drop='Expiry'
DUPE: 2005409965520_Node0_Node8_Zero, Node1 id 2005409965520_Node0_Node8_Zero was a dupe; retransmit: 0, pkt_enqueue_time=2012005106443.1956, pkt_dequeue_time=2012005106443.1956, forwarded_or_dropped=1, reason_for_drop='Expiry'
DUPE: 2005336188171_Node0_Node8_Zero, Node1 id 2005336188171_Node0_Node8_Zero was a dupe; retransmit: 0, pkt_enqueue_time=2012009046097.741, pkt_dequeue_time=2012009046097.741, forwarded_or_dropped=1, reason_for_drop='Expiry'
DUPE: 2008934607549_Node0_Node8_Zero, Node1 id 2008934607549_Node0_Node8_Zero was a dupe; retransmit: 0, pkt_enqueue_time=2012012985752.2864, pkt_dequeue_time=2012012985752.2864, forwarded_or_dropped=1, reason_for_drop='Expiry'
DUPE: 2008852637383_Node0_Node8_Zero, Node1 id 2008852637383_Node0_Node8_Zero was a dupe; retransmit: 0, pkt_enqueue_time=2012020847970.4683, pkt_dequeue_time=2012020847970.4683, forwarded_or_dropped=1, reason_for_drop='Expiry'
DUPE: 2008754266794_Node0_Node8_Zero, Node1 id 2008754266794_Node0_Node8_Zero was a dupe; retransmit: 0, pkt_enqueue_time=2012024787625.0137, pkt_dequeue_time=2012024787625.0137, forwarded_or_dropped=1, reason_for_drop='Expiry'
DUPE: 2008155915116_Node0_Node8_Zero, Node1 id 2008155915116_Node0_Node8_Zero was a dupe; retransmit: 0, pkt_enqueue_time=2012028727279.559, pkt_dequeue_time=2012028727279.559, forwarded_or_dropped=1, reason_for_drop='Expiry'
DUPE: 2006565712153_Node0_Node8_Zero, Node1 id 2006565712153_Node0_Node8_Zero was a dupe; retransmit: 0, pkt_enqueue_time=2012032666934.1045, pkt_dequeue_time=2012032666934.1045, forwarded_or_dropped=1, reason_for_drop='Expiry'
DUPE: 2006475537072_Node0_Node8_Zero, Node1 id 2006475537072_Node0_Node8_Zero was a dupe; retransmit: 0, pkt_enqueue_time=2012036606588.65, pkt_dequeue_time=2012036606588.65, forwarded_or_dropped=1, reason_for_drop='Expiry'
DUPE: 2005598493879_Node0_Node8_Zero, Node1 id 2005598493879_Node0_Node8_Zero was a dupe; retransmit: 0, pkt_enqueue_time=2012040546243.1953, pkt_dequeue_time=2012040546243.1953, forwarded_or_dropped=1, reason_for_drop='Expiry'
DUPE: 2005557510289_Node0_Node8_Zero, Node1 id 2005557510289_Node0_Node8_Zero was a dupe; retransmit: 0, pkt_enqueue_time=2012044485897.7407, pkt_dequeue_time=2012044485897.7407, forwarded_or_dropped=1, reason_for_drop='Expiry'
DUPE: 2005303396955_Node0_Node8_Zero, Node1 id 2005303396955_Node0_Node8_Zero was a dupe; retransmit: 0, pkt_enqueue_time=2012048445552.2861, pkt_dequeue_time=2012048445552.2861, forwarded_or_dropped=1, reason_for_drop='Expiry'
DUPE: 2004795204249_Node0_Node8_Zero, Node1 id 2004795204249_Node0_Node8_Zero was a dupe; retransmit: 0, pkt_enqueue_time=2012052405206.8315, pkt_dequeue_time=2012052405206.8315, forwarded_or_dropped=1, reason_for_drop='Expiry'
DUPE: 2002860720371_Node0_Node8_Zero, Node1 id 2002860720371_Node0_Node8_Zero was a dupe; retransmit: 0, pkt_enqueue_time=2012056344861.377, pkt_dequeue_time=2012056344861.377, forwarded_or_dropped=1, reason_for_drop='Expiry'
DUPE: 2002868917341_Node0_Node8_Zero, Node1 id 2002868917341_Node0_Node8_Zero was a dupe; retransmit: 0, pkt_enqueue_time=2012056344861.377, pkt_dequeue_time=2012056344861.377, forwarded_or_dropped=1, reason_for_drop='Expiry'
DUPE: 2007336209037_Node0_Node8_Zero, Node1 id 2007336209037_Node0_Node8_Zero was a dupe; retransmit: 0, pkt_enqueue_time=2012064249988.65, pkt_dequeue_time=2012064249988.65, forwarded_or_dropped=1, reason_for_drop='Expiry'
DUPE: 2007041120112_Node0_Node8_Zero, Node1 id 2007041120112_Node0_Node8_Zero was a dupe; retransmit: 0, pkt_enqueue_time=2012068209643.1953, pkt_dequeue_time=2012068209643.1953, forwarded_or_dropped=1, reason_for_drop='Expiry'
DUPE: 2007024724252_Node0_Node8_Zero, Node1 id 2007024724252_Node0_Node8_Zero was a dupe; retransmit: 0, pkt_enqueue_time=2012072169297.7407, pkt_dequeue_time=2012072169297.7407, forwarded_or_dropped=1, reason_for_drop='Expiry'
DUPE: 2006270606893_Node0_Node8_Zero, Node1 id 2006270606893_Node0_Node8_Zero was a dupe; retransmit: 0, pkt_enqueue_time=2012076128952.2861, pkt_dequeue_time=2012076128952.2861, forwarded_or_dropped=1, reason_for_drop='Expiry'
DUPE: 2006082085969_Node0_Node8_Zero, Node1 id 2006082085969_Node0_Node8_Zero was a dupe; retransmit: 0, pkt_enqueue_time=2012080088606.8315, pkt_dequeue_time=2012080088606.8315, forwarded_or_dropped=1, reason_for_drop='Expiry'
DUPE: 2005672264511_Node0_Node8_Zero, Node1 id 2005672264511_Node0_Node8_Zero was a dupe; retransmit: 0, pkt_enqueue_time=2012084048261.377, pkt_dequeue_time=2012084048261.377, forwarded_or_dropped=1, reason_for_drop='Expiry'
DUPE: 2004893555679_Node0_Node8_Zero, Node1 id 2004893555679_Node0_Node8_Zero was a dupe; retransmit: 0, pkt_enqueue_time=2012088027915.9224, pkt_dequeue_time=2012088027915.9224, forwarded_or_dropped=1, reason_for_drop='Expiry'
DUPE: 2008500162913_Node0_Node8_Zero, Node1 id 2008500162913_Node0_Node8_Zero was a dupe; retransmit: 0, pkt_enqueue_time=2012092027570.4678, pkt_dequeue_time=2012092027570.4678, forwarded_or_dropped=1, reason_for_drop='Expiry'
DUPE: 2008442794380_Node0_Node8_Zero, Node1 id 2008442794380_Node0_Node8_Zero was a dupe; retransmit: 0, pkt_enqueue_time=2012096027225.0132, pkt_dequeue_time=2012096027225.0132, forwarded_or_dropped=1, reason_for_drop='Expiry'
DUPE: 2008770660463_Node0_Node8_Zero, Node1 id 2008770660463_Node0_Node8_Zero was a dupe; retransmit: 0, pkt_enqueue_time=2012100026879.5586, pkt_dequeue_time=2012100026879.5586, forwarded_or_dropped=1, reason_for_drop='Expiry'
DUPE: 2005803413449_Node0_Node8_Zero, Node1 id 2005803413449_Node0_Node8_Zero was a dupe; retransmit: 0, pkt_enqueue_time=2012104026534.104, pkt_dequeue_time=2012104026534.104, forwarded_or_dropped=1, reason_for_drop='Expiry'
DUPE: 2004606647478_Node0_Node8_Zero, Node1 id 2004606647478_Node0_Node8_Zero was a dupe; retransmit: 0, pkt_enqueue_time=2012108046188.6494, pkt_dequeue_time=2012108046188.6494, forwarded_or_dropped=1, reason_for_drop='Expiry'
DUPE: 2003664033877_Node0_Node8_Zero, Node1 id 2003664033877_Node0_Node8_Zero was a dupe; retransmit: 0, pkt_enqueue_time=2012112045843.1948, pkt_dequeue_time=2012112045843.1948, forwarded_or_dropped=1, reason_for_drop='Expiry'
DUPE: 2003672225626_Node0_Node8_Zero, Node1 id 2003672225626_Node0_Node8_Zero was a dupe; retransmit: 0, pkt_enqueue_time=2012112045843.1948, pkt_dequeue_time=2012112045843.1948, forwarded_or_dropped=1, reason_for_drop='Expiry'
DUPE: 2008049348385_Node0_Node8_Zero, Node1 id 2008049348385_Node0_Node8_Zero was a dupe; retransmit: 0, pkt_enqueue_time=2012123887842.4678, pkt_dequeue_time=2012123887842.4678, forwarded_or_dropped=1, reason_for_drop='Expiry'
DUPE: 2007950984494_Node0_Node8_Zero, Node1 id 2007950984494_Node0_Node8_Zero was a dupe; retransmit: 0, pkt_enqueue_time=2012127907497.0132, pkt_dequeue_time=2012127907497.0132, forwarded_or_dropped=1, reason_for_drop='Expiry'
DUPE: 2007795230919_Node0_Node8_Zero, Node1 id 2007795230919_Node0_Node8_Zero was a dupe; retransmit: 0, pkt_enqueue_time=2012131927151.5586, pkt_dequeue_time=2012131927151.5586, forwarded_or_dropped=1, reason_for_drop='Expiry'
DUPE: 2007655908417_Node0_Node8_Zero, Node1 id 2007655908417_Node0_Node8_Zero was a dupe; retransmit: 0, pkt_enqueue_time=2012135946806.104, pkt_dequeue_time=2012135946806.104, forwarded_or_dropped=1, reason_for_drop='Expiry'
DUPE: 2005614888271_Node0_Node8_Zero, Node1 id 2005614888271_Node0_Node8_Zero was a dupe; retransmit: 0, pkt_enqueue_time=2012139986460.6494, pkt_dequeue_time=2012139986460.6494, forwarded_or_dropped=1, reason_for_drop='Expiry'
DUPE: 2004467305975_Node0_Node8_Zero, Node1 id 2004467305975_Node0_Node8_Zero was a dupe; retransmit: 0, pkt_enqueue_time=2012144026115.1948, pkt_dequeue_time=2012144026115.1948, forwarded_or_dropped=1, reason_for_drop='Expiry'
DUPE: 2002663982775_Node0_Node8_Zero, Node1 id 2002663982775_Node0_Node8_Zero was a dupe; retransmit: 0, pkt_enqueue_time=2012148045769.7402, pkt_dequeue_time=2012148045769.7402, forwarded_or_dropped=1, reason_for_drop='Expiry'
DUPE: 2002672180143_Node0_Node8_Zero, Node1 id 2002672180143_Node0_Node8_Zero was a dupe; retransmit: 0, pkt_enqueue_time=2012148045769.7402, pkt_dequeue_time=2012148045769.7402, forwarded_or_dropped=1, reason_for_drop='Expiry'
DUPE: 2009139505485_Node0_Node8_Zero, Node1 id 2009139505485_Node0_Node8_Zero was a dupe; retransmit: 0, pkt_enqueue_time=2012152088333.3767, pkt_dequeue_time=2012152088333.3767, forwarded_or_dropped=1, reason_for_drop='Expiry'
DUPE: 2008688700265_Node0_Node8_Zero, Node1 id 2008688700265_Node0_Node8_Zero was a dupe; retransmit: 0, pkt_enqueue_time=2012156127987.922, pkt_dequeue_time=2012156127987.922, forwarded_or_dropped=1, reason_for_drop='Expiry'
DUPE: 2007901795140_Node0_Node8_Zero, Node1 id 2007901795140_Node0_Node8_Zero was a dupe; retransmit: 0, pkt_enqueue_time=2012160187642.4675, pkt_dequeue_time=2012160187642.4675, forwarded_or_dropped=1, reason_for_drop='Expiry'
DUPE: 2007418188699_Node0_Node8_Zero, Node1 id 2007418188699_Node0_Node8_Zero was a dupe; retransmit: 0, pkt_enqueue_time=2012164247297.013, pkt_dequeue_time=2012164247297.013, forwarded_or_dropped=1, reason_for_drop='Expiry'
DUPE: 2006073888142_Node0_Node8_Zero, Node1 id 2006073888142_Node0_Node8_Zero was a dupe; retransmit: 0, pkt_enqueue_time=2012168306951.5583, pkt_dequeue_time=2012168306951.5583, forwarded_or_dropped=1, reason_for_drop='Expiry'
DUPE: 2003696818309_Node0_Node8_Zero, Node1 id 2003696818309_Node0_Node8_Zero was a dupe; retransmit: 0, pkt_enqueue_time=2012172346606.1038, pkt_dequeue_time=2012172346606.1038, forwarded_or_dropped=1, reason_for_drop='Expiry'
DUPE: 2003705012158_Node0_Node8_Zero, Node1 id 2003705012158_Node0_Node8_Zero was a dupe; retransmit: 0, pkt_enqueue_time=2012172346606.1038, pkt_dequeue_time=2012172346606.1038, forwarded_or_dropped=1, reason_for_drop='Expiry'
DUPE: 2009041147046_Node0_Node8_Zero, Node1 id 2009041147046_Node0_Node8_Zero was a dupe; retransmit: 0, pkt_enqueue_time=2012176409169.7402, pkt_dequeue_time=2012176409169.7402, forwarded_or_dropped=1, reason_for_drop='Expiry'
DUPE: 2008188708734_Node0_Node8_Zero, Node1 id 2008188708734_Node0_Node8_Zero was a dupe; retransmit: 0, pkt_enqueue_time=2012198184567.5586, pkt_dequeue_time=2012198184567.5586, forwarded_or_dropped=1, reason_for_drop='Expiry'
DUPE: 2007549345272_Node0_Node8_Zero, Node1 id 2007549345272_Node0_Node8_Zero was a dupe; retransmit: 0, pkt_enqueue_time=2012202264222.104, pkt_dequeue_time=2012202264222.104, forwarded_or_dropped=1, reason_for_drop='Expiry'
DUPE: 2007369001028_Node0_Node8_Zero, Node1 id 2007369001028_Node0_Node8_Zero was a dupe; retransmit: 0, pkt_enqueue_time=2012206343876.6494, pkt_dequeue_time=2012206343876.6494, forwarded_or_dropped=1, reason_for_drop='Expiry'
DUPE: 2007221447136_Node0_Node8_Zero, Node1 id 2007221447136_Node0_Node8_Zero was a dupe; retransmit: 0, pkt_enqueue_time=2012210423531.1948, pkt_dequeue_time=2012210423531.1948, forwarded_or_dropped=1, reason_for_drop='Expiry'
DUPE: 2005991926442_Node0_Node8_Zero, Node1 id 2005991926442_Node0_Node8_Zero was a dupe; retransmit: 0, pkt_enqueue_time=2012214503185.7402, pkt_dequeue_time=2012214503185.7402, forwarded_or_dropped=1, reason_for_drop='Expiry'
DUPE: 2005606691359_Node0_Node8_Zero, Node1 id 2005606691359_Node0_Node8_Zero was a dupe; retransmit: 0, pkt_enqueue_time=2012218582840.2856, pkt_dequeue_time=2012218582840.2856, forwarded_or_dropped=1, reason_for_drop='Expiry'
DUPE: 2004557465356_Node0_Node8_Zero, Node1 id 2004557465356_Node0_Node8_Zero was a dupe; retransmit: 0, pkt_enqueue_time=2012222662494.831, pkt_dequeue_time=2012222662494.831, forwarded_or_dropped=1, reason_for_drop='Expiry'
DUPE: 2004459110713_Node0_Node8_Zero, Node1 id 2004459110713_Node0_Node8_Zero was a dupe; retransmit: 0, pkt_enqueue_time=2012226742149.3765, pkt_dequeue_time=2012226742149.3765, forwarded_or_dropped=1, reason_for_drop='Expiry'
DUPE: 2003221413814_Node0_Node8_Zero, Node1 id 2003221413814_Node0_Node8_Zero was a dupe; retransmit: 0, pkt_enqueue_time=2012230821803.9219, pkt_dequeue_time=2012230821803.9219, forwarded_or_dropped=1, reason_for_drop='Expiry'
DUPE: 2003229610939_Node0_Node8_Zero, Node1 id 2003229610939_Node0_Node8_Zero was a dupe; retransmit: 0, pkt_enqueue_time=2012230821803.9219, pkt_dequeue_time=2012230821803.9219, forwarded_or_dropped=1, reason_for_drop='Expiry'
DUPE: 2006647693763_Node0_Node8_Zero, Node1 id 2006647693763_Node0_Node8_Zero was a dupe; retransmit: 0, pkt_enqueue_time=2012249940110.8313, pkt_dequeue_time=2012249940110.8313, forwarded_or_dropped=1, reason_for_drop='Expiry'
DUPE: 2006500124894_Node0_Node8_Zero, Node1 id 2006500124894_Node0_Node8_Zero was a dupe; retransmit: 0, pkt_enqueue_time=2012254039765.3767, pkt_dequeue_time=2012254039765.3767, forwarded_or_dropped=1, reason_for_drop='Expiry'
DUPE: 2006065693161_Node0_Node8_Zero, Node1 id 2006065693161_Node0_Node8_Zero was a dupe; retransmit: 0, pkt_enqueue_time=2012258139419.922, pkt_dequeue_time=2012258139419.922, forwarded_or_dropped=1, reason_for_drop='Expiry'
DUPE: 2008647724021_Node0_Node8_Zero, Node1 id 2008647724021_Node0_Node8_Zero was a dupe; retransmit: 0, pkt_enqueue_time=2012262259074.4675, pkt_dequeue_time=2012262259074.4675, forwarded_or_dropped=1, reason_for_drop='Expiry'
DUPE: 2008377220133_Node0_Node8_Zero, Node1 id 2008377220133_Node0_Node8_Zero was a dupe; retransmit: 0, pkt_enqueue_time=2012270481292.6494, pkt_dequeue_time=2012270481292.6494, forwarded_or_dropped=1, reason_for_drop='Expiry'
DUPE: 2008237886841_Node0_Node8_Zero, Node1 id 2008237886841_Node0_Node8_Zero was a dupe; retransmit: 0, pkt_enqueue_time=2012274600947.1948, pkt_dequeue_time=2012274600947.1948, forwarded_or_dropped=1, reason_for_drop='Expiry'
DUPE: 2007344405729_Node0_Node8_Zero, Node1 id 2007344405729_Node0_Node8_Zero was a dupe; retransmit: 0, pkt_enqueue_time=2012278720601.7402, pkt_dequeue_time=2012278720601.7402, forwarded_or_dropped=1, reason_for_drop='Expiry'
DUPE: 2007295225902_Node0_Node8_Zero, Node1 id 2007295225902_Node0_Node8_Zero was a dupe; retransmit: 0, pkt_enqueue_time=2012282840256.2856, pkt_dequeue_time=2012282840256.2856, forwarded_or_dropped=1, reason_for_drop='Expiry'
DUPE: 2006508324858_Node0_Node8_Zero, Node1 id 2006508324858_Node0_Node8_Zero was a dupe; retransmit: 0, pkt_enqueue_time=2012286959910.831, pkt_dequeue_time=2012286959910.831, forwarded_or_dropped=1, reason_for_drop='Expiry'
DUPE: 2005401763894_Node0_Node8_Zero, Node1 id 2005401763894_Node0_Node8_Zero was a dupe; retransmit: 0, pkt_enqueue_time=2012291099565.3765, pkt_dequeue_time=2012291099565.3765, forwarded_or_dropped=1, reason_for_drop='Expiry'
DUPE: 2004959128308_Node0_Node8_Zero, Node1 id 2004959128308_Node0_Node8_Zero was a dupe; retransmit: 0, pkt_enqueue_time=2012295239219.9219, pkt_dequeue_time=2012295239219.9219, forwarded_or_dropped=1, reason_for_drop='Expiry'
DUPE: 2003729600901_Node0_Node8_Zero, Node1 id 2003729600901_Node0_Node8_Zero was a dupe; retransmit: 0, pkt_enqueue_time=2012299358874.4673, pkt_dequeue_time=2012299358874.4673, forwarded_or_dropped=1, reason_for_drop='Expiry'
DUPE: 2003737797774_Node0_Node8_Zero, Node1 id 2003737797774_Node0_Node8_Zero was a dupe; retransmit: 0, pkt_enqueue_time=2012299358874.4673, pkt_dequeue_time=2012299358874.4673, forwarded_or_dropped=1, reason_for_drop='Expiry'
DUPE: 2008631326625_Node0_Node8_Zero, Node1 id 2008631326625_Node0_Node8_Zero was a dupe; retransmit: 0, pkt_enqueue_time=2012303501438.1038, pkt_dequeue_time=2012303501438.1038, forwarded_or_dropped=1, reason_for_drop='Expiry'
DUPE: 2008516555028_Node0_Node8_Zero, Node1 id 2008516555028_Node0_Node8_Zero was a dupe; retransmit: 0, pkt_enqueue_time=2012307641092.6492, pkt_dequeue_time=2012307641092.6492, forwarded_or_dropped=1, reason_for_drop='Expiry'
DUPE: 2008959189785_Node0_Node8_Zero, Node1 id 2008959189785_Node0_Node8_Zero was a dupe; retransmit: 0, pkt_enqueue_time=2012311780747.1946, pkt_dequeue_time=2012311780747.1946, forwarded_or_dropped=1, reason_for_drop='Expiry'
DUPE: 2007877206312_Node0_Node8_Zero, Node1 id 2007877206312_Node0_Node8_Zero was a dupe; retransmit: 0, pkt_enqueue_time=2012315920401.74, pkt_dequeue_time=2012315920401.74, forwarded_or_dropped=1, reason_for_drop='Expiry'
DUPE: 2007516553798_Node0_Node8_Zero, Node1 id 2007516553798_Node0_Node8_Zero was a dupe; retransmit: 0, pkt_enqueue_time=2012320060056.2854, pkt_dequeue_time=2012320060056.2854, forwarded_or_dropped=1, reason_for_drop='Expiry'
DUPE: 2005254223535_Node0_Node8_Zero, Node1 id 2005254223535_Node0_Node8_Zero was a dupe; retransmit: 0, pkt_enqueue_time=2012324219710.8308, pkt_dequeue_time=2012324219710.8308, forwarded_or_dropped=1, reason_for_drop='Expiry'
DUPE: 2008459187033_Node0_Node8_Zero, Node1 id 2008459187033_Node0_Node8_Zero was a dupe; retransmit: 0, pkt_enqueue_time=2012328379365.3762, pkt_dequeue_time=2012328379365.3762, forwarded_or_dropped=1, reason_for_drop='Expiry'
DUPE: 2008729681556_Node0_Node8_Zero, Node1 id 2008729681556_Node0_Node8_Zero was a dupe; retransmit: 0, pkt_enqueue_time=2012336681583.558, pkt_dequeue_time=2012336681583.558, forwarded_or_dropped=1, reason_for_drop='Expiry'
DUPE: 2008270673915_Node0_Node8_Zero, Node1 id 2008270673915_Node0_Node8_Zero was a dupe; retransmit: 0, pkt_enqueue_time=2012340841238.1035, pkt_dequeue_time=2012340841238.1035, forwarded_or_dropped=1, reason_for_drop='Expiry'
DUPE: 2007508362066_Node0_Node8_Zero, Node1 id 2007508362066_Node0_Node8_Zero was a dupe; retransmit: 0, pkt_enqueue_time=2012345020892.649, pkt_dequeue_time=2012345020892.649, forwarded_or_dropped=1, reason_for_drop='Expiry'
DUPE: 2005287004199_Node0_Node8_Zero, Node1 id 2005287004199_Node0_Node8_Zero was a dupe; retransmit: 0, pkt_enqueue_time=2012349200547.1943, pkt_dequeue_time=2012349200547.1943, forwarded_or_dropped=1, reason_for_drop='Expiry'
DUPE: 2004639441667_Node0_Node8_Zero, Node1 id 2004639441667_Node0_Node8_Zero was a dupe; retransmit: 0, pkt_enqueue_time=2012353380201.7397, pkt_dequeue_time=2012353380201.7397, forwarded_or_dropped=1, reason_for_drop='Expiry'
DUPE: 2008713292973_Node0_Node8_Zero, Node1 id 2008713292973_Node0_Node8_Zero was a dupe; retransmit: 0, pkt_enqueue_time=2012357559856.2852, pkt_dequeue_time=2012357559856.2852, forwarded_or_dropped=1, reason_for_drop='Expiry'
DUPE: 2008860837903_Node0_Node8_Zero, Node1 id 2008860837903_Node0_Node8_Zero was a dupe; retransmit: 0, pkt_enqueue_time=2012361759510.8306, pkt_dequeue_time=2012361759510.8306, forwarded_or_dropped=1, reason_for_drop='Expiry'
DUPE: 2006344381588_Node0_Node8_Zero, Node1 id 2006344381588_Node0_Node8_Zero was a dupe; retransmit: 0, pkt_enqueue_time=2012365959165.376, pkt_dequeue_time=2012365959165.376, forwarded_or_dropped=1, reason_for_drop='Expiry'
DUPE: 2004729613832_Node0_Node8_Zero, Node1 id 2004729613832_Node0_Node8_Zero was a dupe; retransmit: 0, pkt_enqueue_time=2012370158819.9214, pkt_dequeue_time=2012370158819.9214, forwarded_or_dropped=1, reason_for_drop='Expiry'
DUPE: 2008614932972_Node0_Node8_Zero, Node1 id 2008614932972_Node0_Node8_Zero was a dupe; retransmit: 0, pkt_enqueue_time=2012374358474.4668, pkt_dequeue_time=2012374358474.4668, forwarded_or_dropped=1, reason_for_drop='Expiry'
DUPE: 2009254263644_Node0_Node8_Zero, Node1 id 2009254263644_Node0_Node8_Zero was a dupe; retransmit: 0, pkt_enqueue_time=2012392717000.2852, pkt_dequeue_time=2012392717000.2852, forwarded_or_dropped=1, reason_for_drop='Expiry'
DUPE: 2009262463670_Node0_Node8_Zero, Node1 id 2009262463670_Node0_Node8_Zero was a dupe; retransmit: 0, pkt_enqueue_time=2012392717000.2852, pkt_dequeue_time=2012392717000.2852, forwarded_or_dropped=1, reason_for_drop='Expiry'
DUPE: 2008319858805_Node0_Node8_Zero, Node1 id 2008319858805_Node0_Node8_Zero was a dupe; retransmit: 0, pkt_enqueue_time=2012396939563.9216, pkt_dequeue_time=2012396939563.9216, forwarded_or_dropped=1, reason_for_drop='Expiry'
Called Update: UpdateRouteCalls = 0, force = False
Node.py: (Node1)@2012400000000.0: Updated MCS from 1 to 1, hist=deque([0.0, 0.0, 0.0, 0.0, 0.0], maxlen=5), packets_serviced=0, packets_received=128
Called Update: UpdateRouteCalls = 1, force = False
Called Update: UpdateRouteCalls = 2, force = False
Called Update: UpdateRouteCalls = 3, force = False
Called Update: UpdateRouteCalls = 4, force = False
Called Update: UpdateRouteCalls = 5, force = False
Called Update: UpdateRouteCalls = 6, force = False
Called Update: UpdateRouteCalls = 7, force = False
Called Update: UpdateRouteCalls = 8, force = False
Called Update: UpdateRouteCalls = 9, force = False
Called Update: UpdateRouteCalls = 10, force = False
Called Update: UpdateRouteCalls = 11, force = False
Called Update: UpdateRouteCalls = 12, force = False
Called Update: UpdateRouteCalls = 13, force = False
Called Update: UpdateRouteCalls = 14, force = False
Called Update: UpdateRouteCalls = 15, force = False
Called Update: UpdateRouteCalls = 16, force = False
Called Update: UpdateRouteCalls = 17, force = False
!! UPDATING !!
routeNo, updatedMCSIndex =  0 [1, 1, 0, 1, 1, 1, 1, 1]
DUPE: 2007614917927_Node0_Node8_Zero, Node1 id 2007614917927_Node0_Node8_Zero was a dupe; retransmit: 0, pkt_enqueue_time=2012401159218.467, pkt_dequeue_time=2012401159218.467, forwarded_or_dropped=1, reason_for_drop='Expiry'
DUPE: 2007409989176_Node0_Node8_Zero, Node1 id 2007409989176_Node0_Node8_Zero was a dupe; retransmit: 0, pkt_enqueue_time=2012405378873.0125, pkt_dequeue_time=2012405378873.0125, forwarded_or_dropped=1, reason_for_drop='Expiry'
DUPE: 2006327983952_Node0_Node8_Zero, Node1 id 2006327983952_Node0_Node8_Zero was a dupe; retransmit: 0, pkt_enqueue_time=2012409598527.5579, pkt_dequeue_time=2012409598527.5579, forwarded_or_dropped=1, reason_for_drop='Expiry'
DUPE: 2005278807957_Node0_Node8_Zero, Node1 id 2005278807957_Node0_Node8_Zero was a dupe; retransmit: 0, pkt_enqueue_time=2012413818182.1033, pkt_dequeue_time=2012413818182.1033, forwarded_or_dropped=1, reason_for_drop='Expiry'
DUPE: 2005131268774_Node0_Node8_Zero, Node1 id 2005131268774_Node0_Node8_Zero was a dupe; retransmit: 0, pkt_enqueue_time=2012418037836.6487, pkt_dequeue_time=2012418037836.6487, forwarded_or_dropped=1, reason_for_drop='Expiry'
DUPE: 2004164014895_Node0_Node8_Zero, Node1 id 2004164014895_Node0_Node8_Zero was a dupe; retransmit: 0, pkt_enqueue_time=2012422257491.194, pkt_dequeue_time=2012422257491.194, forwarded_or_dropped=1, reason_for_drop='Expiry'
DUPE: 2008549351493_Node0_Node8_Zero, Node1 id 2008549351493_Node0_Node8_Zero was a dupe; retransmit: 0, pkt_enqueue_time=2012426497145.7395, pkt_dequeue_time=2012426497145.7395, forwarded_or_dropped=1, reason_for_drop='Expiry'
DUPE: 2008410005886_Node0_Node8_Zero, Node1 id 2008410005886_Node0_Node8_Zero was a dupe; retransmit: 0, pkt_enqueue_time=2012430736800.285, pkt_dequeue_time=2012430736800.285, forwarded_or_dropped=1, reason_for_drop='Expiry'
DUPE: 2007893599454_Node0_Node8_Zero, Node1 id 2007893599454_Node0_Node8_Zero was a dupe; retransmit: 0, pkt_enqueue_time=2012451181017.7397, pkt_dequeue_time=2012451181017.7397, forwarded_or_dropped=1, reason_for_drop='Expiry'
DUPE: 2007303427288_Node0_Node8_Zero, Node1 id 2007303427288_Node0_Node8_Zero was a dupe; retransmit: 0, pkt_enqueue_time=2012455420672.2852, pkt_dequeue_time=2012455420672.2852, forwarded_or_dropped=1, reason_for_drop='Expiry'
DUPE: 2006032902758_Node0_Node8_Zero, Node1 id 2006032902758_Node0_Node8_Zero was a dupe; retransmit: 0, pkt_enqueue_time=2012459660326.8306, pkt_dequeue_time=2012459660326.8306, forwarded_or_dropped=1, reason_for_drop='Expiry'
DUPE: 2004311554795_Node0_Node8_Zero, Node1 id 2004311554795_Node0_Node8_Zero was a dupe; retransmit: 0, pkt_enqueue_time=2012463919981.376, pkt_dequeue_time=2012463919981.376, forwarded_or_dropped=1, reason_for_drop='Expiry'
DUPE: 2006787037580_Node0_Node8_Zero, Node1 id 2006787037580_Node0_Node8_Zero was a dupe; retransmit: 0, pkt_enqueue_time=2012468179635.9214, pkt_dequeue_time=2012468179635.9214, forwarded_or_dropped=1, reason_for_drop='Expiry'
DUPE: 2008942802108_Node0_Node8_Zero, Node1 id 2008942802108_Node0_Node8_Zero was a dupe; retransmit: 0, pkt_enqueue_time=2012472439290.4668, pkt_dequeue_time=2012472439290.4668, forwarded_or_dropped=1, reason_for_drop='Expiry'
DUPE: 2007565738403_Node0_Node8_Zero, Node1 id 2007565738403_Node0_Node8_Zero was a dupe; retransmit: 0, pkt_enqueue_time=2012476698945.0122, pkt_dequeue_time=2012476698945.0122, forwarded_or_dropped=1, reason_for_drop='Expiry'
DUPE: 2007254237408_Node0_Node8_Zero, Node1 id 2007254237408_Node0_Node8_Zero was a dupe; retransmit: 0, pkt_enqueue_time=2012480978599.5576, pkt_dequeue_time=2012480978599.5576, forwarded_or_dropped=1, reason_for_drop='Expiry'
DUPE: 2006393560394_Node0_Node8_Zero, Node1 id 2006393560394_Node0_Node8_Zero was a dupe; retransmit: 0, pkt_enqueue_time=2012485258254.103, pkt_dequeue_time=2012485258254.103, forwarded_or_dropped=1, reason_for_drop='Expiry'
DUPE: 2004811594513_Node0_Node8_Zero, Node1 id 2004811594513_Node0_Node8_Zero was a dupe; retransmit: 0, pkt_enqueue_time=2012489537908.6484, pkt_dequeue_time=2012489537908.6484, forwarded_or_dropped=1, reason_for_drop='Expiry'
DUPE: 2004278767913_Node0_Node8_Zero, Node1 id 2004278767913_Node0_Node8_Zero was a dupe; retransmit: 0, pkt_enqueue_time=2012493817563.1938, pkt_dequeue_time=2012493817563.1938, forwarded_or_dropped=1, reason_for_drop='Expiry'
DUPE: 2008795252064_Node0_Node8_Zero, Node1 id 2008795252064_Node0_Node8_Zero was a dupe; retransmit: 0, pkt_enqueue_time=2012502359781.3757, pkt_dequeue_time=2012502359781.3757, forwarded_or_dropped=1, reason_for_drop='Expiry'
DUPE: 2007598529570_Node0_Node8_Zero, Node1 id 2007598529570_Node0_Node8_Zero was a dupe; retransmit: 0, pkt_enqueue_time=2012506659435.9211, pkt_dequeue_time=2012506659435.9211, forwarded_or_dropped=1, reason_for_drop='Expiry'
DUPE: 2006664083164_Node0_Node8_Zero, Node1 id 2006664083164_Node0_Node8_Zero was a dupe; retransmit: 0, pkt_enqueue_time=2012510959090.4666, pkt_dequeue_time=2012510959090.4666, forwarded_or_dropped=1, reason_for_drop='Expiry'
DUPE: 2004803396120_Node0_Node8_Zero, Node1 id 2004803396120_Node0_Node8_Zero was a dupe; retransmit: 0, pkt_enqueue_time=2012515258745.012, pkt_dequeue_time=2012515258745.012, forwarded_or_dropped=1, reason_for_drop='Expiry'
DUPE: 2008590344752_Node0_Node8_Zero, Node1 id 2008590344752_Node0_Node8_Zero was a dupe; retransmit: 0, pkt_enqueue_time=2012519558399.5574, pkt_dequeue_time=2012519558399.5574, forwarded_or_dropped=1, reason_for_drop='Expiry'
DUPE: 2009188687997_Node0_Node8_Zero, Node1 id 2009188687997_Node0_Node8_Zero was a dupe; retransmit: 0, pkt_enqueue_time=2012523838054.1028, pkt_dequeue_time=2012523838054.1028, forwarded_or_dropped=1, reason_for_drop='Expiry'
DUPE: 2009196882991_Node0_Node8_Zero, Node1 id 2009196882991_Node0_Node8_Zero was a dupe; retransmit: 0, pkt_enqueue_time=2012523838054.1028, pkt_dequeue_time=2012523838054.1028, forwarded_or_dropped=1, reason_for_drop='Expiry'
DUPE: 2009205079819_Node0_Node8_Zero, Node1 id 2009205079819_Node0_Node8_Zero was a dupe; retransmit: 0, pkt_enqueue_time=2012526334926.1028, pkt_dequeue_time=2012526334926.1028, forwarded_or_dropped=1, reason_for_drop='Expiry'
DUPE: 2009213276952_Node0_Node8_Zero, Node1 id 2009213276952_Node0_Node8_Zero was a dupe; retransmit: 0, pkt_enqueue_time=2012526334926.1028, pkt_dequeue_time=2012526334926.1028, forwarded_or_dropped=1, reason_for_drop='Expiry'
DUPE: 2006918169285_Node0_Node8_Zero, Node1 id 2006918169285_Node0_Node8_Zero was a dupe; retransmit: 0, pkt_enqueue_time=2012530657489.7393, pkt_dequeue_time=2012530657489.7393, forwarded_or_dropped=1, reason_for_drop='Expiry'
DUPE: 2006164038956_Node0_Node8_Zero, Node1 id 2006164038956_Node0_Node8_Zero was a dupe; retransmit: 0, pkt_enqueue_time=2012534977144.2847, pkt_dequeue_time=2012534977144.2847, forwarded_or_dropped=1, reason_for_drop='Expiry'
DUPE: 2006852610891_Node0_Node8_Zero, Node1 id 2006852610891_Node0_Node8_Zero was a dupe; retransmit: 0, pkt_enqueue_time=2012539296798.83, pkt_dequeue_time=2012539296798.83, forwarded_or_dropped=1, reason_for_drop='Expiry'
DUPE: 2003090263847_Node0_Node8_Zero, Node1 id 2003090263847_Node0_Node8_Zero was a dupe; retransmit: 0, pkt_enqueue_time=2012543596453.3755, pkt_dequeue_time=2012543596453.3755, forwarded_or_dropped=1, reason_for_drop='Expiry'
DUPE: 2003098461629_Node0_Node8_Zero, Node1 id 2003098461629_Node0_Node8_Zero was a dupe; retransmit: 0, pkt_enqueue_time=2012543596453.3755, pkt_dequeue_time=2012543596453.3755, forwarded_or_dropped=1, reason_for_drop='Expiry'
DUPE: 2008508355615_Node0_Node8_Zero, Node1 id 2008508355615_Node0_Node8_Zero was a dupe; retransmit: 0, pkt_enqueue_time=2012547919017.012, pkt_dequeue_time=2012547919017.012, forwarded_or_dropped=1, reason_for_drop='Expiry'
DUPE: 2007541152300_Node0_Node8_Zero, Node1 id 2007541152300_Node0_Node8_Zero was a dupe; retransmit: 0, pkt_enqueue_time=2012552258671.5574, pkt_dequeue_time=2012552258671.5574, forwarded_or_dropped=1, reason_for_drop='Expiry'
DUPE: 2007434580616_Node0_Node8_Zero, Node1 id 2007434580616_Node0_Node8_Zero was a dupe; retransmit: 0, pkt_enqueue_time=2012556598326.1028, pkt_dequeue_time=2012556598326.1028, forwarded_or_dropped=1, reason_for_drop='Expiry'
DUPE: 2006934560274_Node0_Node8_Zero, Node1 id 2006934560274_Node0_Node8_Zero was a dupe; retransmit: 0, pkt_enqueue_time=2012560937980.6482, pkt_dequeue_time=2012560937980.6482, forwarded_or_dropped=1, reason_for_drop='Expiry'
DUPE: 2006606708593_Node0_Node8_Zero, Node1 id 2006606708593_Node0_Node8_Zero was a dupe; retransmit: 0, pkt_enqueue_time=2012565277635.1936, pkt_dequeue_time=2012565277635.1936, forwarded_or_dropped=1, reason_for_drop='Expiry'
DUPE: 2005746036397_Node0_Node8_Zero, Node1 id 2005746036397_Node0_Node8_Zero was a dupe; retransmit: 0, pkt_enqueue_time=2012569617289.739, pkt_dequeue_time=2012569617289.739, forwarded_or_dropped=1, reason_for_drop='Expiry'
DUPE: 2005573899496_Node0_Node8_Zero, Node1 id 2005573899496_Node0_Node8_Zero was a dupe; retransmit: 0, pkt_enqueue_time=2012573956944.2844, pkt_dequeue_time=2012573956944.2844, forwarded_or_dropped=1, reason_for_drop='Expiry'
DUPE: 2004336150715_Node0_Node8_Zero, Node1 id 2004336150715_Node0_Node8_Zero was a dupe; retransmit: 0, pkt_enqueue_time=2012578296598.8298, pkt_dequeue_time=2012578296598.8298, forwarded_or_dropped=1, reason_for_drop='Expiry'
DUPE: 2002909905217_Node0_Node8_Zero, Node1 id 2002909905217_Node0_Node8_Zero was a dupe; retransmit: 0, pkt_enqueue_time=2012582616253.3752, pkt_dequeue_time=2012582616253.3752, forwarded_or_dropped=1, reason_for_drop='Expiry'
DUPE: 2002918104737_Node0_Node8_Zero, Node1 id 2002918104737_Node0_Node8_Zero was a dupe; retransmit: 0, pkt_enqueue_time=2012582616253.3752, pkt_dequeue_time=2012582616253.3752, forwarded_or_dropped=1, reason_for_drop='Expiry'
DUPE: 2007721472058_Node0_Node8_Zero, Node1 id 2007721472058_Node0_Node8_Zero was a dupe; retransmit: 0, pkt_enqueue_time=2012586978817.0117, pkt_dequeue_time=2012586978817.0117, forwarded_or_dropped=1, reason_for_drop='Expiry'
DUPE: 2007426380810_Node0_Node8_Zero, Node1 id 2007426380810_Node0_Node8_Zero was a dupe; retransmit: 0, pkt_enqueue_time=2012591338471.5571, pkt_dequeue_time=2012591338471.5571, forwarded_or_dropped=1, reason_for_drop='Expiry'
DUPE: 2005959131524_Node0_Node8_Zero, Node1 id 2005959131524_Node0_Node8_Zero was a dupe; retransmit: 0, pkt_enqueue_time=2012595698126.1025, pkt_dequeue_time=2012595698126.1025, forwarded_or_dropped=1, reason_for_drop='Expiry'
DUPE: 2004352549216_Node0_Node8_Zero, Node1 id 2004352549216_Node0_Node8_Zero was a dupe; retransmit: 0, pkt_enqueue_time=2012600077780.648, pkt_dequeue_time=2012600077780.648, forwarded_or_dropped=1, reason_for_drop='Expiry'
DUPE: 2003713212635_Node0_Node8_Zero, Node1 id 2003713212635_Node0_Node8_Zero was a dupe; retransmit: 0, pkt_enqueue_time=2012604437435.1934, pkt_dequeue_time=2012604437435.1934, forwarded_or_dropped=1, reason_for_drop='Expiry'
DUPE: 2003721408484_Node0_Node8_Zero, Node1 id 2003721408484_Node0_Node8_Zero was a dupe; retransmit: 0, pkt_enqueue_time=2012604437435.1934, pkt_dequeue_time=2012604437435.1934, forwarded_or_dropped=1, reason_for_drop='Expiry'
DUPE: 2008246079438_Node0_Node8_Zero, Node1 id 2008246079438_Node0_Node8_Zero was a dupe; retransmit: 0, pkt_enqueue_time=2012616819434.4663, pkt_dequeue_time=2012616819434.4663, forwarded_or_dropped=1, reason_for_drop='Expiry'
DUPE: 2007819821610_Node0_Node8_Zero, Node1 id 2007819821610_Node0_Node8_Zero was a dupe; retransmit: 0, pkt_enqueue_time=2012621199089.0117, pkt_dequeue_time=2012621199089.0117, forwarded_or_dropped=1, reason_for_drop='Expiry'
DUPE: 2007532952308_Node0_Node8_Zero, Node1 id 2007532952308_Node0_Node8_Zero was a dupe; retransmit: 0, pkt_enqueue_time=2012625578743.5571, pkt_dequeue_time=2012625578743.5571, forwarded_or_dropped=1, reason_for_drop='Expiry'
DUPE: 2007442773075_Node0_Node8_Zero, Node1 id 2007442773075_Node0_Node8_Zero was a dupe; retransmit: 0, pkt_enqueue_time=2012629958398.1025, pkt_dequeue_time=2012629958398.1025, forwarded_or_dropped=1, reason_for_drop='Expiry'
DUPE: 2002713172232_Node0_Node8_Zero, Node1 id 2002713172232_Node0_Node8_Zero was a dupe; retransmit: 0, pkt_enqueue_time=2012634338052.648, pkt_dequeue_time=2012634338052.648, forwarded_or_dropped=1, reason_for_drop='Expiry'
DUPE: 2002721365531_Node0_Node8_Zero, Node1 id 2002721365531_Node0_Node8_Zero was a dupe; retransmit: 0, pkt_enqueue_time=2012634338052.648, pkt_dequeue_time=2012634338052.648, forwarded_or_dropped=1, reason_for_drop='Expiry'
DUPE: 2008565749865_Node0_Node8_Zero, Node1 id 2008565749865_Node0_Node8_Zero was a dupe; retransmit: 0, pkt_enqueue_time=2012638740616.2844, pkt_dequeue_time=2012638740616.2844, forwarded_or_dropped=1, reason_for_drop='Expiry'
DUPE: 2008147720952_Node0_Node8_Zero, Node1 id 2008147720952_Node0_Node8_Zero was a dupe; retransmit: 0, pkt_enqueue_time=2012643140270.8298, pkt_dequeue_time=2012643140270.8298, forwarded_or_dropped=1, reason_for_drop='Expiry'
DUPE: 2008352640015_Node0_Node8_Zero, Node1 id 2008352640015_Node0_Node8_Zero was a dupe; retransmit: 0, pkt_enqueue_time=2012647599925.3752, pkt_dequeue_time=2012647599925.3752, forwarded_or_dropped=1, reason_for_drop='Expiry'
DUPE: 2008787053505_Node0_Node8_Zero, Node1 id 2008787053505_Node0_Node8_Zero was a dupe; retransmit: 0, pkt_enqueue_time=2012656582143.5571, pkt_dequeue_time=2012656582143.5571, forwarded_or_dropped=1, reason_for_drop='Expiry'
DUPE: 2007500163311_Node0_Node8_Zero, Node1 id 2007500163311_Node0_Node8_Zero was a dupe; retransmit: 0, pkt_enqueue_time=2012661101798.1025, pkt_dequeue_time=2012661101798.1025, forwarded_or_dropped=1, reason_for_drop='Expiry'
DUPE: 2008672313851_Node0_Node8_Zero, Node1 id 2008672313851_Node0_Node8_Zero was a dupe; retransmit: 0, pkt_enqueue_time=2012670144016.2844, pkt_dequeue_time=2012670144016.2844, forwarded_or_dropped=1, reason_for_drop='Expiry'
DUPE: 2008254275747_Node0_Node8_Zero, Node1 id 2008254275747_Node0_Node8_Zero was a dupe; retransmit: 0, pkt_enqueue_time=2012674683670.8298, pkt_dequeue_time=2012674683670.8298, forwarded_or_dropped=1, reason_for_drop='Expiry'
DUPE: 2006098474194_Node0_Node8_Zero, Node1 id 2006098474194_Node0_Node8_Zero was a dupe; retransmit: 0, pkt_enqueue_time=2012679263325.3752, pkt_dequeue_time=2012679263325.3752, forwarded_or_dropped=1, reason_for_drop='Expiry'
DUPE: 2006000123273_Node0_Node8_Zero, Node1 id 2006000123273_Node0_Node8_Zero was a dupe; retransmit: 0, pkt_enqueue_time=2012683842979.9207, pkt_dequeue_time=2012683842979.9207, forwarded_or_dropped=1, reason_for_drop='Expiry'
DUPE: 2005975531523_Node0_Node8_Zero, Node1 id 2005975531523_Node0_Node8_Zero was a dupe; retransmit: 0, pkt_enqueue_time=2012688442634.466, pkt_dequeue_time=2012688442634.466, forwarded_or_dropped=1, reason_for_drop='Expiry'
DUPE: 2005442741561_Node0_Node8_Zero, Node1 id 2005442741561_Node0_Node8_Zero was a dupe; retransmit: 0, pkt_enqueue_time=2012693062289.0115, pkt_dequeue_time=2012693062289.0115, forwarded_or_dropped=1, reason_for_drop='Expiry'
DUPE: 2009000173687_Node0_Node8_Zero, Node1 id 2009000173687_Node0_Node8_Zero was a dupe; retransmit: 0, pkt_enqueue_time=2012697701943.557, pkt_dequeue_time=2012697701943.557, forwarded_or_dropped=1, reason_for_drop='Expiry'
DUPE: 2006319789399_Node0_Node8_Zero, Node1 id 2006319789399_Node0_Node8_Zero was a dupe; retransmit: 0, pkt_enqueue_time=2012709541033.7388, pkt_dequeue_time=2012709541033.7388, forwarded_or_dropped=1, reason_for_drop='Expiry'
DUPE: 2003188625684_Node0_Node8_Zero, Node1 id 2003188625684_Node0_Node8_Zero was a dupe; retransmit: 0, pkt_enqueue_time=2012714280688.2842, pkt_dequeue_time=2012714280688.2842, forwarded_or_dropped=1, reason_for_drop='Expiry'
DUPE: 2003196820749_Node0_Node8_Zero, Node1 id 2003196820749_Node0_Node8_Zero was a dupe; retransmit: 0, pkt_enqueue_time=2012714280688.2842, pkt_dequeue_time=2012714280688.2842, forwarded_or_dropped=1, reason_for_drop='Expiry'
DUPE: 2008836244237_Node0_Node8_Zero, Node1 id 2008836244237_Node0_Node8_Zero was a dupe; retransmit: 0, pkt_enqueue_time=2012719063251.9207, pkt_dequeue_time=2012719063251.9207, forwarded_or_dropped=1, reason_for_drop='Expiry'
DUPE: 2005688664137_Node0_Node8_Zero, Node1 id 2005688664137_Node0_Node8_Zero was a dupe; retransmit: 0, pkt_enqueue_time=2012723862906.466, pkt_dequeue_time=2012723862906.466, forwarded_or_dropped=1, reason_for_drop='Expiry'
DUPE: 2009016560356_Node0_Node8_Zero, Node1 id 2009016560356_Node0_Node8_Zero was a dupe; retransmit: 0, pkt_enqueue_time=2012728662561.0115, pkt_dequeue_time=2012728662561.0115, forwarded_or_dropped=1, reason_for_drop='Expiry'
DUPE: 2009123113678_Node0_Node8_Zero, Node1 id 2009123113678_Node0_Node8_Zero was a dupe; retransmit: 0, pkt_enqueue_time=2012733462215.557, pkt_dequeue_time=2012733462215.557, forwarded_or_dropped=1, reason_for_drop='Expiry'
DUPE: 2003762388334_Node0_Node8_Zero, Node1 id 2003762388334_Node0_Node8_Zero was a dupe; retransmit: 0, pkt_enqueue_time=2012738261870.1023, pkt_dequeue_time=2012738261870.1023, forwarded_or_dropped=1, reason_for_drop='Expiry'
DUPE: 2003770589220_Node0_Node8_Zero, Node1 id 2003770589220_Node0_Node8_Zero was a dupe; retransmit: 0, pkt_enqueue_time=2012738261870.1023, pkt_dequeue_time=2012738261870.1023, forwarded_or_dropped=1, reason_for_drop='Expiry'
DUPE: 2003909927860_Node0_Node8_Zero, Node1 id 2003909927860_Node0_Node8_Zero was a dupe; retransmit: 0, pkt_enqueue_time=2012741338742.1023, pkt_dequeue_time=2012741338742.1023, forwarded_or_dropped=1, reason_for_drop='Expiry'
DUPE: 2003918128158_Node0_Node8_Zero, Node1 id 2003918128158_Node0_Node8_Zero was a dupe; retransmit: 0, pkt_enqueue_time=2012741338742.1023, pkt_dequeue_time=2012741338742.1023, forwarded_or_dropped=1, reason_for_drop='Expiry'
DUPE: 2009582123846_Node0_Node8_Zero, Node1 id 2009582123846_Node0_Node8_Zero was a dupe; retransmit: 0, pkt_enqueue_time=2012746161305.7388, pkt_dequeue_time=2012746161305.7388, forwarded_or_dropped=1, reason_for_drop='Expiry'
DUPE: 2009590319104_Node0_Node8_Zero, Node1 id 2009590319104_Node0_Node8_Zero was a dupe; retransmit: 0, pkt_enqueue_time=2012746161305.7388, pkt_dequeue_time=2012746161305.7388, forwarded_or_dropped=1, reason_for_drop='Expiry'
DUPE: 2009565728945_Node0_Node8_Zero, Node1 id 2009565728945_Node0_Node8_Zero was a dupe; retransmit: 0, pkt_enqueue_time=2012750983869.3752, pkt_dequeue_time=2012750983869.3752, forwarded_or_dropped=1, reason_for_drop='Expiry'
DUPE: 2009573924835_Node0_Node8_Zero, Node1 id 2009573924835_Node0_Node8_Zero was a dupe; retransmit: 0, pkt_enqueue_time=2012750983869.3752, pkt_dequeue_time=2012750983869.3752, forwarded_or_dropped=1, reason_for_drop='Expiry'
DUPE: 2007049311881_Node0_Node8_Zero, Node1 id 2007049311881_Node0_Node8_Zero was a dupe; retransmit: 0, pkt_enqueue_time=2012755826433.0117, pkt_dequeue_time=2012755826433.0117, forwarded_or_dropped=1, reason_for_drop='Expiry'
DUPE: 2006450945829_Node0_Node8_Zero, Node1 id 2006450945829_Node0_Node8_Zero was a dupe; retransmit: 0, pkt_enqueue_time=2012760666087.5571, pkt_dequeue_time=2012760666087.5571, forwarded_or_dropped=1, reason_for_drop='Expiry'
DUPE: 2006139451074_Node0_Node8_Zero, Node1 id 2006139451074_Node0_Node8_Zero was a dupe; retransmit: 0, pkt_enqueue_time=2012765505742.1025, pkt_dequeue_time=2012765505742.1025, forwarded_or_dropped=1, reason_for_drop='Expiry'
DUPE: 2002975503172_Node0_Node8_Zero, Node1 id 2002975503172_Node0_Node8_Zero was a dupe; retransmit: 0, pkt_enqueue_time=2012770345396.648, pkt_dequeue_time=2012770345396.648, forwarded_or_dropped=1, reason_for_drop='Expiry'
DUPE: 2002983701773_Node0_Node8_Zero, Node1 id 2002983701773_Node0_Node8_Zero was a dupe; retransmit: 0, pkt_enqueue_time=2012770345396.648, pkt_dequeue_time=2012770345396.648, forwarded_or_dropped=1, reason_for_drop='Expiry'
DUPE: 2008491966427_Node0_Node8_Zero, Node1 id 2008491966427_Node0_Node8_Zero was a dupe; retransmit: 0, pkt_enqueue_time=2012775207960.2844, pkt_dequeue_time=2012775207960.2844, forwarded_or_dropped=1, reason_for_drop='Expiry'
DUPE: 2009057541474_Node0_Node8_Zero, Node1 id 2009057541474_Node0_Node8_Zero was a dupe; retransmit: 0, pkt_enqueue_time=2012780107614.8298, pkt_dequeue_time=2012780107614.8298, forwarded_or_dropped=1, reason_for_drop='Expiry'
DUPE: 2008041156290_Node0_Node8_Zero, Node1 id 2008041156290_Node0_Node8_Zero was a dupe; retransmit: 0, pkt_enqueue_time=2012785007269.3752, pkt_dequeue_time=2012785007269.3752, forwarded_or_dropped=1, reason_for_drop='Expiry'
DUPE: 2006770652122_Node0_Node8_Zero, Node1 id 2006770652122_Node0_Node8_Zero was a dupe; retransmit: 0, pkt_enqueue_time=2012789906923.9207, pkt_dequeue_time=2012789906923.9207, forwarded_or_dropped=1, reason_for_drop='Expiry'
DUPE: 2009352614703_Node0_Node8_Zero, Node1 id 2009352614703_Node0_Node8_Zero was a dupe; retransmit: 0, pkt_enqueue_time=2012794806578.466, pkt_dequeue_time=2012794806578.466, forwarded_or_dropped=1, reason_for_drop='Expiry'
DUPE: 2009360815466_Node0_Node8_Zero, Node1 id 2009360815466_Node0_Node8_Zero was a dupe; retransmit: 0, pkt_enqueue_time=2012794806578.466, pkt_dequeue_time=2012794806578.466, forwarded_or_dropped=1, reason_for_drop='Expiry'
DUPE: 2009164094414_Node0_Node8_Zero, Node1 id 2009164094414_Node0_Node8_Zero was a dupe; retransmit: 0, pkt_enqueue_time=2012799729142.1025, pkt_dequeue_time=2012799729142.1025, forwarded_or_dropped=1, reason_for_drop='Expiry'
Called Update: UpdateRouteCalls = 0, force = False
Node.py: (Node1)@2012800000000.0: Updated MCS from 1 to 1, hist=deque([0.0, 0.0, 0.0, 0.0, 0.0], maxlen=5), packets_serviced=0, packets_received=114
Called Update: UpdateRouteCalls = 1, force = False
Called Update: UpdateRouteCalls = 2, force = False
Called Update: UpdateRouteCalls = 3, force = False
Called Update: UpdateRouteCalls = 4, force = False
Called Update: UpdateRouteCalls = 5, force = False
Called Update: UpdateRouteCalls = 6, force = False
Called Update: UpdateRouteCalls = 7, force = False
Called Update: UpdateRouteCalls = 8, force = False
Called Update: UpdateRouteCalls = 9, force = False
Called Update: UpdateRouteCalls = 10, force = False
Called Update: UpdateRouteCalls = 11, force = False
Called Update: UpdateRouteCalls = 12, force = False
Called Update: UpdateRouteCalls = 13, force = False
Called Update: UpdateRouteCalls = 14, force = False
Called Update: UpdateRouteCalls = 15, force = False
Called Update: UpdateRouteCalls = 16, force = False
Called Update: UpdateRouteCalls = 17, force = False
!! UPDATING !!
routeNo, updatedMCSIndex =  0 [1, 1, 0, 1, 1, 1, 1, 1]
DUPE: 2008393614550_Node0_Node8_Zero, Node1 id 2008393614550_Node0_Node8_Zero was a dupe; retransmit: 0, pkt_enqueue_time=2012804648796.648, pkt_dequeue_time=2012804648796.648, forwarded_or_dropped=1, reason_for_drop='Expiry'
DUPE: 2008721485868_Node0_Node8_Zero, Node1 id 2008721485868_Node0_Node8_Zero was a dupe; retransmit: 0, pkt_enqueue_time=2012807655668.648, pkt_dequeue_time=2012807655668.648, forwarded_or_dropped=1, reason_for_drop='Expiry'
DUPE: 2007844415115_Node0_Node8_Zero, Node1 id 2007844415115_Node0_Node8_Zero was a dupe; retransmit: 0, pkt_enqueue_time=2012812575323.1934, pkt_dequeue_time=2012812575323.1934, forwarded_or_dropped=1, reason_for_drop='Expiry'
DUPE: 2008172313349_Node0_Node8_Zero, Node1 id 2008172313349_Node0_Node8_Zero was a dupe; retransmit: 0, pkt_enqueue_time=2012817534977.7388, pkt_dequeue_time=2012817534977.7388, forwarded_or_dropped=1, reason_for_drop='Expiry'
DUPE: 2008123136105_Node0_Node8_Zero, Node1 id 2008123136105_Node0_Node8_Zero was a dupe; retransmit: 0, pkt_enqueue_time=2012822494632.2842, pkt_dequeue_time=2012822494632.2842, forwarded_or_dropped=1, reason_for_drop='Expiry'
DUPE: 2008090341521_Node0_Node8_Zero, Node1 id 2008090341521_Node0_Node8_Zero was a dupe; retransmit: 0, pkt_enqueue_time=2012827474286.8296, pkt_dequeue_time=2012827474286.8296, forwarded_or_dropped=1, reason_for_drop='Expiry'
DUPE: 2005524713685_Node0_Node8_Zero, Node1 id 2005524713685_Node0_Node8_Zero was a dupe; retransmit: 0, pkt_enqueue_time=2012832453941.375, pkt_dequeue_time=2012832453941.375, forwarded_or_dropped=1, reason_for_drop='Expiry'
DUPE: 2008401807061_Node0_Node8_Zero, Node1 id 2008401807061_Node0_Node8_Zero was a dupe; retransmit: 0, pkt_enqueue_time=2012837433595.9204, pkt_dequeue_time=2012837433595.9204, forwarded_or_dropped=1, reason_for_drop='Expiry'
DUPE: 2008139528845_Node0_Node8_Zero, Node1 id 2008139528845_Node0_Node8_Zero was a dupe; retransmit: 0, pkt_enqueue_time=2012842413250.4658, pkt_dequeue_time=2012842413250.4658, forwarded_or_dropped=1, reason_for_drop='Expiry'
DUPE: 2009647689352_Node0_Node8_Zero, Node1 id 2009647689352_Node0_Node8_Zero was a dupe; retransmit: 0, pkt_enqueue_time=2012847412905.0112, pkt_dequeue_time=2012847412905.0112, forwarded_or_dropped=1, reason_for_drop='Expiry'
DUPE: 2009655888296_Node0_Node8_Zero, Node1 id 2009655888296_Node0_Node8_Zero was a dupe; retransmit: 0, pkt_enqueue_time=2012847412905.0112, pkt_dequeue_time=2012847412905.0112, forwarded_or_dropped=1, reason_for_drop='Expiry'
DUPE: 2007213247252_Node0_Node8_Zero, Node1 id 2007213247252_Node0_Node8_Zero was a dupe; retransmit: 0, pkt_enqueue_time=2012852475468.6477, pkt_dequeue_time=2012852475468.6477, forwarded_or_dropped=1, reason_for_drop='Expiry'
DUPE: 2008131330898_Node0_Node8_Zero, Node1 id 2008131330898_Node0_Node8_Zero was a dupe; retransmit: 0, pkt_enqueue_time=2012857555123.193, pkt_dequeue_time=2012857555123.193, forwarded_or_dropped=1, reason_for_drop='Expiry'
DUPE: 2009098527501_Node0_Node8_Zero, Node1 id 2009098527501_Node0_Node8_Zero was a dupe; retransmit: 0, pkt_enqueue_time=2012862654777.7385, pkt_dequeue_time=2012862654777.7385, forwarded_or_dropped=1, reason_for_drop='Expiry'
DUPE: 2005950934964_Node0_Node8_Zero, Node1 id 2005950934964_Node0_Node8_Zero was a dupe; retransmit: 0, pkt_enqueue_time=2012867774432.284, pkt_dequeue_time=2012867774432.284, forwarded_or_dropped=1, reason_for_drop='Expiry'
DUPE: 2002565605542_Node0_Node8_Zero, Node1 id 2002565605542_Node0_Node8_Zero was a dupe; retransmit: 0, pkt_enqueue_time=2012872894086.8293, pkt_dequeue_time=2012872894086.8293, forwarded_or_dropped=1, reason_for_drop='Expiry'
DUPE: 2002573799707_Node0_Node8_Zero, Node1 id 2002573799707_Node0_Node8_Zero was a dupe; retransmit: 0, pkt_enqueue_time=2012872894086.8293, pkt_dequeue_time=2012872894086.8293, forwarded_or_dropped=1, reason_for_drop='Expiry'
DUPE: 2008819845939_Node0_Node8_Zero, Node1 id 2008819845939_Node0_Node8_Zero was a dupe; retransmit: 0, pkt_enqueue_time=2012878056650.4658, pkt_dequeue_time=2012878056650.4658, forwarded_or_dropped=1, reason_for_drop='Expiry'
DUPE: 2004852571650_Node0_Node8_Zero, Node1 id 2004852571650_Node0_Node8_Zero was a dupe; retransmit: 0, pkt_enqueue_time=2012883216305.0112, pkt_dequeue_time=2012883216305.0112, forwarded_or_dropped=1, reason_for_drop='Expiry'
DUPE: 2009032954857_Node0_Node8_Zero, Node1 id 2009032954857_Node0_Node8_Zero was a dupe; retransmit: 0, pkt_enqueue_time=2012888395959.5566, pkt_dequeue_time=2012888395959.5566, forwarded_or_dropped=1, reason_for_drop='Expiry'
DUPE: 2008262472226_Node0_Node8_Zero, Node1 id 2008262472226_Node0_Node8_Zero was a dupe; retransmit: 0, pkt_enqueue_time=2012893575614.102, pkt_dequeue_time=2012893575614.102, forwarded_or_dropped=1, reason_for_drop='Expiry'
DUPE: 2007590329358_Node0_Node8_Zero, Node1 id 2007590329358_Node0_Node8_Zero was a dupe; retransmit: 0, pkt_enqueue_time=2012898815268.6475, pkt_dequeue_time=2012898815268.6475, forwarded_or_dropped=1, reason_for_drop='Expiry'
DUPE: 2005565706658_Node0_Node8_Zero, Node1 id 2005565706658_Node0_Node8_Zero was a dupe; retransmit: 0, pkt_enqueue_time=2012904054923.1929, pkt_dequeue_time=2012904054923.1929, forwarded_or_dropped=1, reason_for_drop='Expiry'
DUPE: 2008950996169_Node0_Node8_Zero, Node1 id 2008950996169_Node0_Node8_Zero was a dupe; retransmit: 0, pkt_enqueue_time=2012909294577.7383, pkt_dequeue_time=2012909294577.7383, forwarded_or_dropped=1, reason_for_drop='Expiry'
DUPE: 2008032959802_Node0_Node8_Zero, Node1 id 2008032959802_Node0_Node8_Zero was a dupe; retransmit: 0, pkt_enqueue_time=2012914554232.2837, pkt_dequeue_time=2012914554232.2837, forwarded_or_dropped=1, reason_for_drop='Expiry'
DUPE: 2008024763311_Node0_Node8_Zero, Node1 id 2008024763311_Node0_Node8_Zero was a dupe; retransmit: 0, pkt_enqueue_time=2012919813886.829, pkt_dequeue_time=2012919813886.829, forwarded_or_dropped=1, reason_for_drop='Expiry'
DUPE: 2003631235992_Node0_Node8_Zero, Node1 id 2003631235992_Node0_Node8_Zero was a dupe; retransmit: 0, pkt_enqueue_time=2012925073541.3745, pkt_dequeue_time=2012925073541.3745, forwarded_or_dropped=1, reason_for_drop='Expiry'
DUPE: 2003639434961_Node0_Node8_Zero, Node1 id 2003639434961_Node0_Node8_Zero was a dupe; retransmit: 0, pkt_enqueue_time=2012925073541.3745, pkt_dequeue_time=2012925073541.3745, forwarded_or_dropped=1, reason_for_drop='Expiry'
DUPE: 2008467380934_Node0_Node8_Zero, Node1 id 2008467380934_Node0_Node8_Zero was a dupe; retransmit: 0, pkt_enqueue_time=2012930356105.011, pkt_dequeue_time=2012930356105.011, forwarded_or_dropped=1, reason_for_drop='Expiry'
DUPE: 2008073949061_Node0_Node8_Zero, Node1 id 2008073949061_Node0_Node8_Zero was a dupe; retransmit: 0, pkt_enqueue_time=2012935675759.5564, pkt_dequeue_time=2012935675759.5564, forwarded_or_dropped=1, reason_for_drop='Expiry'
DUPE: 2008524754071_Node0_Node8_Zero, Node1 id 2008524754071_Node0_Node8_Zero was a dupe; retransmit: 0, pkt_enqueue_time=2012941015414.1018, pkt_dequeue_time=2012941015414.1018, forwarded_or_dropped=1, reason_for_drop='Expiry'
DUPE: 2007705083822_Node0_Node8_Zero, Node1 id 2007705083822_Node0_Node8_Zero was a dupe; retransmit: 0, pkt_enqueue_time=2012946395068.6472, pkt_dequeue_time=2012946395068.6472, forwarded_or_dropped=1, reason_for_drop='Expiry'
DUPE: 2004713223457_Node0_Node8_Zero, Node1 id 2004713223457_Node0_Node8_Zero was a dupe; retransmit: 0, pkt_enqueue_time=2012951794723.1926, pkt_dequeue_time=2012951794723.1926, forwarded_or_dropped=1, reason_for_drop='Expiry'
DUPE: 2002631194630_Node0_Node8_Zero, Node1 id 2002631194630_Node0_Node8_Zero was a dupe; retransmit: 0, pkt_enqueue_time=2012957194377.738, pkt_dequeue_time=2012957194377.738, forwarded_or_dropped=1, reason_for_drop='Expiry'
DUPE: 2002639387095_Node0_Node8_Zero, Node1 id 2002639387095_Node0_Node8_Zero was a dupe; retransmit: 0, pkt_enqueue_time=2012957194377.738, pkt_dequeue_time=2012957194377.738, forwarded_or_dropped=1, reason_for_drop='Expiry'
DUPE: 2009147702100_Node0_Node8_Zero, Node1 id 2009147702100_Node0_Node8_Zero was a dupe; retransmit: 0, pkt_enqueue_time=2012962616941.3745, pkt_dequeue_time=2012962616941.3745, forwarded_or_dropped=1, reason_for_drop='Expiry'
DUPE: 2006016509771_Node0_Node8_Zero, Node1 id 2006016509771_Node0_Node8_Zero was a dupe; retransmit: 0, pkt_enqueue_time=2012968056595.92, pkt_dequeue_time=2012968056595.92, forwarded_or_dropped=1, reason_for_drop='Expiry'
DUPE: 2004762406316_Node0_Node8_Zero, Node1 id 2004762406316_Node0_Node8_Zero was a dupe; retransmit: 0, pkt_enqueue_time=2012973496250.4653, pkt_dequeue_time=2012973496250.4653, forwarded_or_dropped=1, reason_for_drop='Expiry'
DUPE: 2009516551264_Node0_Node8_Zero, Node1 id 2009516551264_Node0_Node8_Zero was a dupe; retransmit: 0, pkt_enqueue_time=2012978935905.0107, pkt_dequeue_time=2012978935905.0107, forwarded_or_dropped=1, reason_for_drop='Expiry'
DUPE: 2009524744423_Node0_Node8_Zero, Node1 id 2009524744423_Node0_Node8_Zero was a dupe; retransmit: 0, pkt_enqueue_time=2012978935905.0107, pkt_dequeue_time=2012978935905.0107, forwarded_or_dropped=1, reason_for_drop='Expiry'
DUPE: 2009090329945_Node0_Node8_Zero, Node1 id 2009090329945_Node0_Node8_Zero was a dupe; retransmit: 0, pkt_enqueue_time=2012984418468.6472, pkt_dequeue_time=2012984418468.6472, forwarded_or_dropped=1, reason_for_drop='Expiry'
DUPE: 2009844431122_Node0_Node8_Zero, Node1 id 2009844431122_Node0_Node8_Zero was a dupe; retransmit: 0, pkt_enqueue_time=2012989898123.1926, pkt_dequeue_time=2012989898123.1926, forwarded_or_dropped=1, reason_for_drop='Expiry'
DUPE: 2009852631255_Node0_Node8_Zero, Node1 id 2009852631255_Node0_Node8_Zero was a dupe; retransmit: 0, pkt_enqueue_time=2012989898123.1926, pkt_dequeue_time=2012989898123.1926, forwarded_or_dropped=1, reason_for_drop='Expiry'
DUPE: 2009106727529_Node0_Node8_Zero, Node1 id 2009106727529_Node0_Node8_Zero was a dupe; retransmit: 0, pkt_enqueue_time=2012995400686.829, pkt_dequeue_time=2012995400686.829, forwarded_or_dropped=1, reason_for_drop='Expiry'
main.py: Progress: 2013 / 2014
Called Update: UpdateRouteCalls = 0, force = True
!! UPDATING !!
routeNo, updatedMCSIndex =  0 [1, 1, 0, 1, 1, 1, 1, 1]

rf.py: Time: 2013 Route details: {0: {'Route': [0, 1, 2, 3, 4, 5, 6, 7, 8], 'MCS_Index': [1, 1, 0, 1, 1, 1, 1, 1], 'Priority': 1, 'ValidRoute': True, 'HQRoute': True, 'RouteNodeDensity': [0, 0, 0, 0, 0, 2, 0, 0, 0], 'InterferingLinks': 16, 'Target': (-1, -1)}}
DUPE: 2003270593785_Node0_Node8_Zero, Node1 id 2003270593785_Node0_Node8_Zero was a dupe; retransmit: 0, pkt_enqueue_time=2013000900341.3745, pkt_dequeue_time=2013000900341.3745, forwarded_or_dropped=1, reason_for_drop='Expiry'
DUPE: 2003278790836_Node0_Node8_Zero, Node1 id 2003278790836_Node0_Node8_Zero was a dupe; retransmit: 0, pkt_enqueue_time=2013000900341.3745, pkt_dequeue_time=2013000900341.3745, forwarded_or_dropped=1, reason_for_drop='Expiry'
DUPE: 2002680381457_Node0_Node8_Zero, Node1 id 2002680381457_Node0_Node8_Zero was a dupe; retransmit: 0, pkt_enqueue_time=2013006422905.011, pkt_dequeue_time=2013006422905.011, forwarded_or_dropped=1, reason_for_drop='Expiry'
DUPE: 2002688580308_Node0_Node8_Zero, Node1 id 2002688580308_Node0_Node8_Zero was a dupe; retransmit: 0, pkt_enqueue_time=2013006422905.011, pkt_dequeue_time=2013006422905.011, forwarded_or_dropped=1, reason_for_drop='Expiry'
DUPE: 2008114936176_Node0_Node8_Zero, Node1 id 2008114936176_Node0_Node8_Zero was a dupe; retransmit: 0, pkt_enqueue_time=2013011985468.6475, pkt_dequeue_time=2013011985468.6475, forwarded_or_dropped=1, reason_for_drop='Expiry'
DUPE: 2006196828218_Node0_Node8_Zero, Node1 id 2006196828218_Node0_Node8_Zero was a dupe; retransmit: 0, pkt_enqueue_time=2013017565123.1929, pkt_dequeue_time=2013017565123.1929, forwarded_or_dropped=1, reason_for_drop='Expiry'
DUPE: 2009385403710_Node0_Node8_Zero, Node1 id 2009385403710_Node0_Node8_Zero was a dupe; retransmit: 0, pkt_enqueue_time=2013023124777.7383, pkt_dequeue_time=2013023124777.7383, forwarded_or_dropped=1, reason_for_drop='Expiry'
DUPE: 2009393595873_Node0_Node8_Zero, Node1 id 2009393595873_Node0_Node8_Zero was a dupe; retransmit: 0, pkt_enqueue_time=2013023124777.7383, pkt_dequeue_time=2013023124777.7383, forwarded_or_dropped=1, reason_for_drop='Expiry'
DUPE: 2009131308788_Node0_Node8_Zero, Node1 id 2009131308788_Node0_Node8_Zero was a dupe; retransmit: 0, pkt_enqueue_time=2013028707341.3748, pkt_dequeue_time=2013028707341.3748, forwarded_or_dropped=1, reason_for_drop='Expiry'
DUPE: 2006778845741_Node0_Node8_Zero, Node1 id 2006778845741_Node0_Node8_Zero was a dupe; retransmit: 0, pkt_enqueue_time=2013034306995.9202, pkt_dequeue_time=2013034306995.9202, forwarded_or_dropped=1, reason_for_drop='Expiry'
DUPE: 2008910027564_Node0_Node8_Zero, Node1 id 2008910027564_Node0_Node8_Zero was a dupe; retransmit: 0, pkt_enqueue_time=2013039906650.4656, pkt_dequeue_time=2013039906650.4656, forwarded_or_dropped=1, reason_for_drop='Expiry'
DUPE: 2009237865248_Node0_Node8_Zero, Node1 id 2009237865248_Node0_Node8_Zero was a dupe; retransmit: 0, pkt_enqueue_time=2013045566305.011, pkt_dequeue_time=2013045566305.011, forwarded_or_dropped=1, reason_for_drop='Expiry'
DUPE: 2009246066857_Node0_Node8_Zero, Node1 id 2009246066857_Node0_Node8_Zero was a dupe; retransmit: 0, pkt_enqueue_time=2013045566305.011, pkt_dequeue_time=2013045566305.011, forwarded_or_dropped=1, reason_for_drop='Expiry'
DUPE: 2007869013989_Node0_Node8_Zero, Node1 id 2007869013989_Node0_Node8_Zero was a dupe; retransmit: 0, pkt_enqueue_time=2013051248868.6475, pkt_dequeue_time=2013051248868.6475, forwarded_or_dropped=1, reason_for_drop='Expiry'
DUPE: 2009434572796_Node0_Node8_Zero, Node1 id 2009434572796_Node0_Node8_Zero was a dupe; retransmit: 0, pkt_enqueue_time=2013056928523.1929, pkt_dequeue_time=2013056928523.1929, forwarded_or_dropped=1, reason_for_drop='Expiry'
DUPE: 2009442773240_Node0_Node8_Zero, Node1 id 2009442773240_Node0_Node8_Zero was a dupe; retransmit: 0, pkt_enqueue_time=2013056928523.1929, pkt_dequeue_time=2013056928523.1929, forwarded_or_dropped=1, reason_for_drop='Expiry'
DUPE: 2008360831872_Node0_Node8_Zero, Node1 id 2008360831872_Node0_Node8_Zero was a dupe; retransmit: 0, pkt_enqueue_time=2013062651086.8293, pkt_dequeue_time=2013062651086.8293, forwarded_or_dropped=1, reason_for_drop='Expiry'
DUPE: 2007959183996_Node0_Node8_Zero, Node1 id 2007959183996_Node0_Node8_Zero was a dupe; retransmit: 0, pkt_enqueue_time=2013068370741.3748, pkt_dequeue_time=2013068370741.3748, forwarded_or_dropped=1, reason_for_drop='Expiry'
DUPE: 2009532942640_Node0_Node8_Zero, Node1 id 2009532942640_Node0_Node8_Zero was a dupe; retransmit: 0, pkt_enqueue_time=2013074070395.9202, pkt_dequeue_time=2013074070395.9202, forwarded_or_dropped=1, reason_for_drop='Expiry'
DUPE: 2009541143581_Node0_Node8_Zero, Node1 id 2009541143581_Node0_Node8_Zero was a dupe; retransmit: 0, pkt_enqueue_time=2013074070395.9202, pkt_dequeue_time=2013074070395.9202, forwarded_or_dropped=1, reason_for_drop='Expiry'
DUPE: 2007196854171_Node0_Node8_Zero, Node1 id 2007196854171_Node0_Node8_Zero was a dupe; retransmit: 0, pkt_enqueue_time=2013079852959.5566, pkt_dequeue_time=2013079852959.5566, forwarded_or_dropped=1, reason_for_drop='Expiry'
DUPE: 2007114872871_Node0_Node8_Zero, Node1 id 2007114872871_Node0_Node8_Zero was a dupe; retransmit: 0, pkt_enqueue_time=2013085632614.102, pkt_dequeue_time=2013085632614.102, forwarded_or_dropped=1, reason_for_drop='Expiry'
DUPE: 2008901827828_Node0_Node8_Zero, Node1 id 2008901827828_Node0_Node8_Zero was a dupe; retransmit: 0, pkt_enqueue_time=2013091432268.6475, pkt_dequeue_time=2013091432268.6475, forwarded_or_dropped=1, reason_for_drop='Expiry'
DUPE: 2008918220888_Node0_Node8_Zero, Node1 id 2008918220888_Node0_Node8_Zero was a dupe; retransmit: 0, pkt_enqueue_time=2013097251923.1929, pkt_dequeue_time=2013097251923.1929, forwarded_or_dropped=1, reason_for_drop='Expiry'
DUPE: 2008655920362_Node0_Node8_Zero, Node1 id 2008655920362_Node0_Node8_Zero was a dupe; retransmit: 0, pkt_enqueue_time=2013103091577.7383, pkt_dequeue_time=2013103091577.7383, forwarded_or_dropped=1, reason_for_drop='Expiry'
DUPE: 2008869039280_Node0_Node8_Zero, Node1 id 2008869039280_Node0_Node8_Zero was a dupe; retransmit: 0, pkt_enqueue_time=2013108971232.2837, pkt_dequeue_time=2013108971232.2837, forwarded_or_dropped=1, reason_for_drop='Expiry'
DUPE: 2008385420745_Node0_Node8_Zero, Node1 id 2008385420745_Node0_Node8_Zero was a dupe; retransmit: 0, pkt_enqueue_time=2013114850886.829, pkt_dequeue_time=2013114850886.829, forwarded_or_dropped=1, reason_for_drop='Expiry'
DUPE: 2007860813614_Node0_Node8_Zero, Node1 id 2007860813614_Node0_Node8_Zero was a dupe; retransmit: 0, pkt_enqueue_time=2013120750541.3745, pkt_dequeue_time=2013120750541.3745, forwarded_or_dropped=1, reason_for_drop='Expiry'
DUPE: 2005877171052_Node0_Node8_Zero, Node1 id 2005877171052_Node0_Node8_Zero was a dupe; retransmit: 0, pkt_enqueue_time=2013126650195.92, pkt_dequeue_time=2013126650195.92, forwarded_or_dropped=1, reason_for_drop='Expiry'
DUPE: 2009942789842_Node0_Node8_Zero, Node1 id 2009942789842_Node0_Node8_Zero was a dupe; retransmit: 0, pkt_enqueue_time=2013132549850.4653, pkt_dequeue_time=2013132549850.4653, forwarded_or_dropped=1, reason_for_drop='Expiry'
DUPE: 2009950986334_Node0_Node8_Zero, Node1 id 2009950986334_Node0_Node8_Zero was a dupe; retransmit: 0, pkt_enqueue_time=2013132549850.4653, pkt_dequeue_time=2013132549850.4653, forwarded_or_dropped=1, reason_for_drop='Expiry'
DUPE: 2006737857336_Node0_Node8_Zero, Node1 id 2006737857336_Node0_Node8_Zero was a dupe; retransmit: 0, pkt_enqueue_time=2013138512414.1018, pkt_dequeue_time=2013138512414.1018, forwarded_or_dropped=1, reason_for_drop='Expiry'
DUPE: 2005926351661_Node0_Node8_Zero, Node1 id 2005926351661_Node0_Node8_Zero was a dupe; retransmit: 0, pkt_enqueue_time=2013144472068.6472, pkt_dequeue_time=2013144472068.6472, forwarded_or_dropped=1, reason_for_drop='Expiry'
DUPE: 2009008366699_Node0_Node8_Zero, Node1 id 2009008366699_Node0_Node8_Zero was a dupe; retransmit: 0, pkt_enqueue_time=2013150451723.1926, pkt_dequeue_time=2013150451723.1926, forwarded_or_dropped=1, reason_for_drop='Expiry'
DUPE: 2008828045857_Node0_Node8_Zero, Node1 id 2008828045857_Node0_Node8_Zero was a dupe; retransmit: 0, pkt_enqueue_time=2013156431377.738, pkt_dequeue_time=2013156431377.738, forwarded_or_dropped=1, reason_for_drop='Expiry'
DUPE: 2008295271772_Node0_Node8_Zero, Node1 id 2008295271772_Node0_Node8_Zero was a dupe; retransmit: 0, pkt_enqueue_time=2013162411032.2834, pkt_dequeue_time=2013162411032.2834, forwarded_or_dropped=1, reason_for_drop='Expiry'
DUPE: 2008483769053_Node0_Node8_Zero, Node1 id 2008483769053_Node0_Node8_Zero was a dupe; retransmit: 0, pkt_enqueue_time=2013168410686.8289, pkt_dequeue_time=2013168410686.8289, forwarded_or_dropped=1, reason_for_drop='Expiry'
DUPE: 2008926414522_Node0_Node8_Zero, Node1 id 2008926414522_Node0_Node8_Zero was a dupe; retransmit: 0, pkt_enqueue_time=2013174410341.3743, pkt_dequeue_time=2013174410341.3743, forwarded_or_dropped=1, reason_for_drop='Expiry'
DUPE: 2009959182369_Node0_Node8_Zero, Node1 id 2009959182369_Node0_Node8_Zero was a dupe; retransmit: 0, pkt_enqueue_time=2013180389995.9197, pkt_dequeue_time=2013180389995.9197, forwarded_or_dropped=1, reason_for_drop='Expiry'
DUPE: 2009967379420_Node0_Node8_Zero, Node1 id 2009967379420_Node0_Node8_Zero was a dupe; retransmit: 0, pkt_enqueue_time=2013180389995.9197, pkt_dequeue_time=2013180389995.9197, forwarded_or_dropped=1, reason_for_drop='Expiry'
DUPE: 2009336228879_Node0_Node8_Zero, Node1 id 2009336228879_Node0_Node8_Zero was a dupe; retransmit: 0, pkt_enqueue_time=2013186372559.5562, pkt_dequeue_time=2013186372559.5562, forwarded_or_dropped=1, reason_for_drop='Expiry'
DUPE: 2009344422015_Node0_Node8_Zero, Node1 id 2009344422015_Node0_Node8_Zero was a dupe; retransmit: 0, pkt_enqueue_time=2013186372559.5562, pkt_dequeue_time=2013186372559.5562, forwarded_or_dropped=1, reason_for_drop='Expiry'
DUPE: 2009319841107_Node0_Node8_Zero, Node1 id 2009319841107_Node0_Node8_Zero was a dupe; retransmit: 0, pkt_enqueue_time=2013192355123.1926, pkt_dequeue_time=2013192355123.1926, forwarded_or_dropped=1, reason_for_drop='Expiry'
DUPE: 2009328037102_Node0_Node8_Zero, Node1 id 2009328037102_Node0_Node8_Zero was a dupe; retransmit: 0, pkt_enqueue_time=2013192355123.1926, pkt_dequeue_time=2013192355123.1926, forwarded_or_dropped=1, reason_for_drop='Expiry'
DUPE: 2004393527562_Node0_Node8_Zero, Node1 id 2004393527562_Node0_Node8_Zero was a dupe; retransmit: 0, pkt_enqueue_time=2013198397686.829, pkt_dequeue_time=2013198397686.829, forwarded_or_dropped=1, reason_for_drop='Expiry'
Called Update: UpdateRouteCalls = 0, force = False
Node.py: (Node1)@2013200000000.0: Updated MCS from 1 to 1, hist=deque([0.0, 0.0, 0.0, 0.0, 0.0], maxlen=5), packets_serviced=0, packets_received=89
Called Update: UpdateRouteCalls = 1, force = False
Called Update: UpdateRouteCalls = 2, force = False
Called Update: UpdateRouteCalls = 3, force = False
Called Update: UpdateRouteCalls = 4, force = False
Called Update: UpdateRouteCalls = 5, force = False
Called Update: UpdateRouteCalls = 6, force = False
Called Update: UpdateRouteCalls = 7, force = False
Called Update: UpdateRouteCalls = 8, force = False
Called Update: UpdateRouteCalls = 9, force = False
Called Update: UpdateRouteCalls = 10, force = False
Called Update: UpdateRouteCalls = 11, force = False
Called Update: UpdateRouteCalls = 12, force = False
Called Update: UpdateRouteCalls = 13, force = False
Called Update: UpdateRouteCalls = 14, force = False
Called Update: UpdateRouteCalls = 15, force = False
Called Update: UpdateRouteCalls = 16, force = False
Called Update: UpdateRouteCalls = 17, force = False
!! UPDATING !!
routeNo, updatedMCSIndex =  0 [1, 1, 0, 1, 1, 1, 1, 1]
DUPE: 2009877225320_Node0_Node8_Zero, Node1 id 2009877225320_Node0_Node8_Zero was a dupe; retransmit: 0, pkt_enqueue_time=2013204437341.3745, pkt_dequeue_time=2013204437341.3745, forwarded_or_dropped=1, reason_for_drop='Expiry'
DUPE: 2009885417466_Node0_Node8_Zero, Node1 id 2009885417466_Node0_Node8_Zero was a dupe; retransmit: 0, pkt_enqueue_time=2013204437341.3745, pkt_dequeue_time=2013204437341.3745, forwarded_or_dropped=1, reason_for_drop='Expiry'
DUPE: 2007836214676_Node0_Node8_Zero, Node1 id 2007836214676_Node0_Node8_Zero was a dupe; retransmit: 0, pkt_enqueue_time=2013210499905.011, pkt_dequeue_time=2013210499905.011, forwarded_or_dropped=1, reason_for_drop='Expiry'
DUPE: 2006950954322_Node0_Node8_Zero, Node1 id 2006950954322_Node0_Node8_Zero was a dupe; retransmit: 0, pkt_enqueue_time=2013216559559.5564, pkt_dequeue_time=2013216559559.5564, forwarded_or_dropped=1, reason_for_drop='Expiry'
DUPE: 2008541152696_Node0_Node8_Zero, Node1 id 2008541152696_Node0_Node8_Zero was a dupe; retransmit: 0, pkt_enqueue_time=2013222639214.1018, pkt_dequeue_time=2013222639214.1018, forwarded_or_dropped=1, reason_for_drop='Expiry'
DUPE: 2008450993831_Node0_Node8_Zero, Node1 id 2008450993831_Node0_Node8_Zero was a dupe; retransmit: 0, pkt_enqueue_time=2013228718868.6472, pkt_dequeue_time=2013228718868.6472, forwarded_or_dropped=1, reason_for_drop='Expiry'
DUPE: 2007450970379_Node0_Node8_Zero, Node1 id 2007450970379_Node0_Node8_Zero was a dupe; retransmit: 0, pkt_enqueue_time=2013234798523.1926, pkt_dequeue_time=2013234798523.1926, forwarded_or_dropped=1, reason_for_drop='Expiry'
DUPE: 2005475533398_Node0_Node8_Zero, Node1 id 2005475533398_Node0_Node8_Zero was a dupe; retransmit: 0, pkt_enqueue_time=2013240898177.738, pkt_dequeue_time=2013240898177.738, forwarded_or_dropped=1, reason_for_drop='Expiry'
DUPE: 2009450969470_Node0_Node8_Zero, Node1 id 2009450969470_Node0_Node8_Zero was a dupe; retransmit: 0, pkt_enqueue_time=2013246977832.2834, pkt_dequeue_time=2013246977832.2834, forwarded_or_dropped=1, reason_for_drop='Expiry'
DUPE: 2009459169400_Node0_Node8_Zero, Node1 id 2009459169400_Node0_Node8_Zero was a dupe; retransmit: 0, pkt_enqueue_time=2013246977832.2834, pkt_dequeue_time=2013246977832.2834, forwarded_or_dropped=1, reason_for_drop='Expiry'
DUPE: 2007746057569_Node0_Node8_Zero, Node1 id 2007746057569_Node0_Node8_Zero was a dupe; retransmit: 0, pkt_enqueue_time=2013253080395.92, pkt_dequeue_time=2013253080395.92, forwarded_or_dropped=1, reason_for_drop='Expiry'
DUPE: 2007737865755_Node0_Node8_Zero, Node1 id 2007737865755_Node0_Node8_Zero was a dupe; retransmit: 0, pkt_enqueue_time=2013259200050.4653, pkt_dequeue_time=2013259200050.4653, forwarded_or_dropped=1, reason_for_drop='Expiry'
DUPE: 2007483762531_Node0_Node8_Zero, Node1 id 2007483762531_Node0_Node8_Zero was a dupe; retransmit: 0, pkt_enqueue_time=2013265319705.0107, pkt_dequeue_time=2013265319705.0107, forwarded_or_dropped=1, reason_for_drop='Expiry'
DUPE: 2005860781963_Node0_Node8_Zero, Node1 id 2005860781963_Node0_Node8_Zero was a dupe; retransmit: 0, pkt_enqueue_time=2013271439359.5562, pkt_dequeue_time=2013271439359.5562, forwarded_or_dropped=1, reason_for_drop='Expiry'
DUPE: 2008532952560_Node0_Node8_Zero, Node1 id 2008532952560_Node0_Node8_Zero was a dupe; retransmit: 0, pkt_enqueue_time=2013277559014.1016, pkt_dequeue_time=2013277559014.1016, forwarded_or_dropped=1, reason_for_drop='Expiry'
DUPE: 2008664115520_Node0_Node8_Zero, Node1 id 2008664115520_Node0_Node8_Zero was a dupe; retransmit: 0, pkt_enqueue_time=2013283698668.647, pkt_dequeue_time=2013283698668.647, forwarded_or_dropped=1, reason_for_drop='Expiry'
DUPE: 2009549335774_Node0_Node8_Zero, Node1 id 2009549335774_Node0_Node8_Zero was a dupe; retransmit: 0, pkt_enqueue_time=2013289818323.1924, pkt_dequeue_time=2013289818323.1924, forwarded_or_dropped=1, reason_for_drop='Expiry'
DUPE: 2009557529261_Node0_Node8_Zero, Node1 id 2009557529261_Node0_Node8_Zero was a dupe; retransmit: 0, pkt_enqueue_time=2013289818323.1924, pkt_dequeue_time=2013289818323.1924, forwarded_or_dropped=1, reason_for_drop='Expiry'
DUPE: 2009614906625_Node0_Node8_Zero, Node1 id 2009614906625_Node0_Node8_Zero was a dupe; retransmit: 0, pkt_enqueue_time=2013295960886.8289, pkt_dequeue_time=2013295960886.8289, forwarded_or_dropped=1, reason_for_drop='Expiry'
DUPE: 2009623098579_Node0_Node8_Zero, Node1 id 2009623098579_Node0_Node8_Zero was a dupe; retransmit: 0, pkt_enqueue_time=2013295960886.8289, pkt_dequeue_time=2013295960886.8289, forwarded_or_dropped=1, reason_for_drop='Expiry'
DUPE: 2009401789671_Node0_Node8_Zero, Node1 id 2009401789671_Node0_Node8_Zero was a dupe; retransmit: 0, pkt_enqueue_time=2013302143450.4653, pkt_dequeue_time=2013302143450.4653, forwarded_or_dropped=1, reason_for_drop='Expiry'
DUPE: 2009409985717_Node0_Node8_Zero, Node1 id 2009409985717_Node0_Node8_Zero was a dupe; retransmit: 0, pkt_enqueue_time=2013302143450.4653, pkt_dequeue_time=2013302143450.4653, forwarded_or_dropped=1, reason_for_drop='Expiry'
DUPE: 2008008366630_Node0_Node8_Zero, Node1 id 2008008366630_Node0_Node8_Zero was a dupe; retransmit: 0, pkt_enqueue_time=2013308346014.1018, pkt_dequeue_time=2013308346014.1018, forwarded_or_dropped=1, reason_for_drop='Expiry'
DUPE: 2007467368647_Node0_Node8_Zero, Node1 id 2007467368647_Node0_Node8_Zero was a dupe; retransmit: 0, pkt_enqueue_time=2013314545668.6472, pkt_dequeue_time=2013314545668.6472, forwarded_or_dropped=1, reason_for_drop='Expiry'
DUPE: 2009303443251_Node0_Node8_Zero, Node1 id 2009303443251_Node0_Node8_Zero was a dupe; retransmit: 0, pkt_enqueue_time=2013320745323.1926, pkt_dequeue_time=2013320745323.1926, forwarded_or_dropped=1, reason_for_drop='Expiry'
DUPE: 2009311639402_Node0_Node8_Zero, Node1 id 2009311639402_Node0_Node8_Zero was a dupe; retransmit: 0, pkt_enqueue_time=2013320745323.1926, pkt_dequeue_time=2013320745323.1926, forwarded_or_dropped=1, reason_for_drop='Expiry'
DUPE: 2007762446855_Node0_Node8_Zero, Node1 id 2007762446855_Node0_Node8_Zero was a dupe; retransmit: 0, pkt_enqueue_time=2013326987886.829, pkt_dequeue_time=2013326987886.829, forwarded_or_dropped=1, reason_for_drop='Expiry'
DUPE: 2008344446161_Node0_Node8_Zero, Node1 id 2008344446161_Node0_Node8_Zero was a dupe; retransmit: 0, pkt_enqueue_time=2013333247541.3745, pkt_dequeue_time=2013333247541.3745, forwarded_or_dropped=1, reason_for_drop='Expiry'
DUPE: 2009746059575_Node0_Node8_Zero, Node1 id 2009746059575_Node0_Node8_Zero was a dupe; retransmit: 0, pkt_enqueue_time=2013339507195.92, pkt_dequeue_time=2013339507195.92, forwarded_or_dropped=1, reason_for_drop='Expiry'
DUPE: 2009754257688_Node0_Node8_Zero, Node1 id 2009754257688_Node0_Node8_Zero was a dupe; retransmit: 0, pkt_enqueue_time=2013339507195.92, pkt_dequeue_time=2013339507195.92, forwarded_or_dropped=1, reason_for_drop='Expiry'
DUPE: 2009729659342_Node0_Node8_Zero, Node1 id 2009729659342_Node0_Node8_Zero was a dupe; retransmit: 0, pkt_enqueue_time=2013345789759.5564, pkt_dequeue_time=2013345789759.5564, forwarded_or_dropped=1, reason_for_drop='Expiry'
DUPE: 2009737860353_Node0_Node8_Zero, Node1 id 2009737860353_Node0_Node8_Zero was a dupe; retransmit: 0, pkt_enqueue_time=2013345789759.5564, pkt_dequeue_time=2013345789759.5564, forwarded_or_dropped=1, reason_for_drop='Expiry'
DUPE: 2008336244965_Node0_Node8_Zero, Node1 id 2008336244965_Node0_Node8_Zero was a dupe; retransmit: 0, pkt_enqueue_time=2013352092323.1929, pkt_dequeue_time=2013352092323.1929, forwarded_or_dropped=1, reason_for_drop='Expiry'
DUPE: 2005787018670_Node0_Node8_Zero, Node1 id 2005787018670_Node0_Node8_Zero was a dupe; retransmit: 0, pkt_enqueue_time=2013358391977.7383, pkt_dequeue_time=2013358391977.7383, forwarded_or_dropped=1, reason_for_drop='Expiry'
DUPE: 2009991967534_Node0_Node8_Zero, Node1 id 2009991967534_Node0_Node8_Zero was a dupe; retransmit: 0, pkt_enqueue_time=2013364671632.2837, pkt_dequeue_time=2013364671632.2837, forwarded_or_dropped=1, reason_for_drop='Expiry'
DUPE: 2010000165278_Node0_Node8_Zero, Node1 id 2010000165278_Node0_Node8_Zero was a dupe; retransmit: 0, pkt_enqueue_time=2013364671632.2837, pkt_dequeue_time=2013364671632.2837, forwarded_or_dropped=1, reason_for_drop='Expiry'
DUPE: 2006483732900_Node0_Node8_Zero, Node1 id 2006483732900_Node0_Node8_Zero was a dupe; retransmit: 0, pkt_enqueue_time=2013371014195.9202, pkt_dequeue_time=2013371014195.9202, forwarded_or_dropped=1, reason_for_drop='Expiry'
DUPE: 2008557551747_Node0_Node8_Zero, Node1 id 2008557551747_Node0_Node8_Zero was a dupe; retransmit: 0, pkt_enqueue_time=2013377393850.4656, pkt_dequeue_time=2013377393850.4656, forwarded_or_dropped=1, reason_for_drop='Expiry'
DUPE: 2009631293161_Node0_Node8_Zero, Node1 id 2009631293161_Node0_Node8_Zero was a dupe; retransmit: 0, pkt_enqueue_time=2013383753505.011, pkt_dequeue_time=2013383753505.011, forwarded_or_dropped=1, reason_for_drop='Expiry'
DUPE: 2009639493274_Node0_Node8_Zero, Node1 id 2009639493274_Node0_Node8_Zero was a dupe; retransmit: 0, pkt_enqueue_time=2013383753505.011, pkt_dequeue_time=2013383753505.011, forwarded_or_dropped=1, reason_for_drop='Expiry'
DUPE: 2008229691195_Node0_Node8_Zero, Node1 id 2008229691195_Node0_Node8_Zero was a dupe; retransmit: 0, pkt_enqueue_time=2013390136068.6475, pkt_dequeue_time=2013390136068.6475, forwarded_or_dropped=1, reason_for_drop='Expiry'
DUPE: 2007475569728_Node0_Node8_Zero, Node1 id 2007475569728_Node0_Node8_Zero was a dupe; retransmit: 0, pkt_enqueue_time=2013396515723.1929, pkt_dequeue_time=2013396515723.1929, forwarded_or_dropped=1, reason_for_drop='Expiry'
DUPE: 2007459171977_Node0_Node8_Zero, Node1 id 2007459171977_Node0_Node8_Zero was a dupe; retransmit: 0, pkt_enqueue_time=2013402915377.7383, pkt_dequeue_time=2013402915377.7383, forwarded_or_dropped=1, reason_for_drop='Expiry'
DUPE: 2004549271090_Node0_Node8_Zero, Node1 id 2004549271090_Node0_Node8_Zero was a dupe; retransmit: 0, pkt_enqueue_time=2013409315032.2837, pkt_dequeue_time=2013409315032.2837, forwarded_or_dropped=1, reason_for_drop='Expiry'
DUPE: 2008623126360_Node0_Node8_Zero, Node1 id 2008623126360_Node0_Node8_Zero was a dupe; retransmit: 0, pkt_enqueue_time=2013415714686.829, pkt_dequeue_time=2013415714686.829, forwarded_or_dropped=1, reason_for_drop='Expiry'
DUPE: 2007729671375_Node0_Node8_Zero, Node1 id 2007729671375_Node0_Node8_Zero was a dupe; retransmit: 0, pkt_enqueue_time=2013422134341.3745, pkt_dequeue_time=2013422134341.3745, forwarded_or_dropped=1, reason_for_drop='Expiry'
DUPE: 2009811638328_Node0_Node8_Zero, Node1 id 2009811638328_Node0_Node8_Zero was a dupe; retransmit: 0, pkt_enqueue_time=2013428553995.92, pkt_dequeue_time=2013428553995.92, forwarded_or_dropped=1, reason_for_drop='Expiry'
DUPE: 2009819835707_Node0_Node8_Zero, Node1 id 2009819835707_Node0_Node8_Zero was a dupe; retransmit: 0, pkt_enqueue_time=2013428553995.92, pkt_dequeue_time=2013428553995.92, forwarded_or_dropped=1, reason_for_drop='Expiry'
DUPE: 2009762457570_Node0_Node8_Zero, Node1 id 2009762457570_Node0_Node8_Zero was a dupe; retransmit: 0, pkt_enqueue_time=2013435036559.5564, pkt_dequeue_time=2013435036559.5564, forwarded_or_dropped=1, reason_for_drop='Expiry'
DUPE: 2009770656271_Node0_Node8_Zero, Node1 id 2009770656271_Node0_Node8_Zero was a dupe; retransmit: 0, pkt_enqueue_time=2013435036559.5564, pkt_dequeue_time=2013435036559.5564, forwarded_or_dropped=1, reason_for_drop='Expiry'
DUPE: 2009467367220_Node0_Node8_Zero, Node1 id 2009467367220_Node0_Node8_Zero was a dupe; retransmit: 0, pkt_enqueue_time=2013441519123.1929, pkt_dequeue_time=2013441519123.1929, forwarded_or_dropped=1, reason_for_drop='Expiry'
DUPE: 2009475568833_Node0_Node8_Zero, Node1 id 2009475568833_Node0_Node8_Zero was a dupe; retransmit: 0, pkt_enqueue_time=2013441519123.1929, pkt_dequeue_time=2013441519123.1929, forwarded_or_dropped=1, reason_for_drop='Expiry'
DUPE: 2005893565186_Node0_Node8_Zero, Node1 id 2005893565186_Node0_Node8_Zero was a dupe; retransmit: 0, pkt_enqueue_time=2013448021686.8293, pkt_dequeue_time=2013448021686.8293, forwarded_or_dropped=1, reason_for_drop='Expiry'
DUPE: 2005705059242_Node0_Node8_Zero, Node1 id 2005705059242_Node0_Node8_Zero was a dupe; retransmit: 0, pkt_enqueue_time=2013454541341.3748, pkt_dequeue_time=2013454541341.3748, forwarded_or_dropped=1, reason_for_drop='Expiry'
DUPE: 2006942757223_Node0_Node8_Zero, Node1 id 2006942757223_Node0_Node8_Zero was a dupe; retransmit: 0, pkt_enqueue_time=2013461060995.9202, pkt_dequeue_time=2013461060995.9202, forwarded_or_dropped=1, reason_for_drop='Expiry'
DUPE: 2003647634227_Node0_Node8_Zero, Node1 id 2003647634227_Node0_Node8_Zero was a dupe; retransmit: 0, pkt_enqueue_time=2013467600650.4656, pkt_dequeue_time=2013467600650.4656, forwarded_or_dropped=1, reason_for_drop='Expiry'
DUPE: 2003655833826_Node0_Node8_Zero, Node1 id 2003655833826_Node0_Node8_Zero was a dupe; retransmit: 0, pkt_enqueue_time=2013467600650.4656, pkt_dequeue_time=2013467600650.4656, forwarded_or_dropped=1, reason_for_drop='Expiry'
DUPE: 2007680487279_Node0_Node8_Zero, Node1 id 2007680487279_Node0_Node8_Zero was a dupe; retransmit: 0, pkt_enqueue_time=2013474163214.102, pkt_dequeue_time=2013474163214.102, forwarded_or_dropped=1, reason_for_drop='Expiry'
DUPE: 2008639525241_Node0_Node8_Zero, Node1 id 2008639525241_Node0_Node8_Zero was a dupe; retransmit: 0, pkt_enqueue_time=2013480742868.6475, pkt_dequeue_time=2013480742868.6475, forwarded_or_dropped=1, reason_for_drop='Expiry'
DUPE: 2007082085413_Node0_Node8_Zero, Node1 id 2007082085413_Node0_Node8_Zero was a dupe; retransmit: 0, pkt_enqueue_time=2013487342523.1929, pkt_dequeue_time=2013487342523.1929, forwarded_or_dropped=1, reason_for_drop='Expiry'
DUPE: 2005647676603_Node0_Node8_Zero, Node1 id 2005647676603_Node0_Node8_Zero was a dupe; retransmit: 0, pkt_enqueue_time=2013494022177.7383, pkt_dequeue_time=2013494022177.7383, forwarded_or_dropped=1, reason_for_drop='Expiry'
DUPE: 2005549308655_Node0_Node8_Zero, Node1 id 2005549308655_Node0_Node8_Zero was a dupe; retransmit: 0, pkt_enqueue_time=2013500721832.2837, pkt_dequeue_time=2013500721832.2837, forwarded_or_dropped=1, reason_for_drop='Expiry'
DUPE: 2005139464904_Node0_Node8_Zero, Node1 id 2005139464904_Node0_Node8_Zero was a dupe; retransmit: 0, pkt_enqueue_time=2013507421486.829, pkt_dequeue_time=2013507421486.829, forwarded_or_dropped=1, reason_for_drop='Expiry'
DUPE: 2008811651359_Node0_Node8_Zero, Node1 id 2008811651359_Node0_Node8_Zero was a dupe; retransmit: 0, pkt_enqueue_time=2013514121141.3745, pkt_dequeue_time=2013514121141.3745, forwarded_or_dropped=1, reason_for_drop='Expiry'
DUPE: 2007246042451_Node0_Node8_Zero, Node1 id 2007246042451_Node0_Node8_Zero was a dupe; retransmit: 0, pkt_enqueue_time=2013520840795.92, pkt_dequeue_time=2013520840795.92, forwarded_or_dropped=1, reason_for_drop='Expiry'
DUPE: 2003680423610_Node0_Node8_Zero, Node1 id 2003680423610_Node0_Node8_Zero was a dupe; retransmit: 0, pkt_enqueue_time=2013527540450.4653, pkt_dequeue_time=2013527540450.4653, forwarded_or_dropped=1, reason_for_drop='Expiry'
DUPE: 2003688625078_Node0_Node8_Zero, Node1 id 2003688625078_Node0_Node8_Zero was a dupe; retransmit: 0, pkt_enqueue_time=2013527540450.4653, pkt_dequeue_time=2013527540450.4653, forwarded_or_dropped=1, reason_for_drop='Expiry'
DUPE: 2008844445211_Node0_Node8_Zero, Node1 id 2008844445211_Node0_Node8_Zero was a dupe; retransmit: 0, pkt_enqueue_time=2013534263014.1018, pkt_dequeue_time=2013534263014.1018, forwarded_or_dropped=1, reason_for_drop='Expiry'
DUPE: 2006401760619_Node0_Node8_Zero, Node1 id 2006401760619_Node0_Node8_Zero was a dupe; retransmit: 0, pkt_enqueue_time=2013541002668.6472, pkt_dequeue_time=2013541002668.6472, forwarded_or_dropped=1, reason_for_drop='Expiry'
DUPE: 2002614799932_Node0_Node8_Zero, Node1 id 2002614799932_Node0_Node8_Zero was a dupe; retransmit: 0, pkt_enqueue_time=2013547742323.1926, pkt_dequeue_time=2013547742323.1926, forwarded_or_dropped=1, reason_for_drop='Expiry'
DUPE: 2002622993534_Node0_Node8_Zero, Node1 id 2002622993534_Node0_Node8_Zero was a dupe; retransmit: 0, pkt_enqueue_time=2013547742323.1926, pkt_dequeue_time=2013547742323.1926, forwarded_or_dropped=1, reason_for_drop='Expiry'
DUPE: 2009893609584_Node0_Node8_Zero, Node1 id 2009893609584_Node0_Node8_Zero was a dupe; retransmit: 0, pkt_enqueue_time=2013554484886.829, pkt_dequeue_time=2013554484886.829, forwarded_or_dropped=1, reason_for_drop='Expiry'
DUPE: 2009901802298_Node0_Node8_Zero, Node1 id 2009901802298_Node0_Node8_Zero was a dupe; retransmit: 0, pkt_enqueue_time=2013554484886.829, pkt_dequeue_time=2013554484886.829, forwarded_or_dropped=1, reason_for_drop='Expiry'
DUPE: 2008287072231_Node0_Node8_Zero, Node1 id 2008287072231_Node0_Node8_Zero was a dupe; retransmit: 0, pkt_enqueue_time=2013561267450.4656, pkt_dequeue_time=2013561267450.4656, forwarded_or_dropped=1, reason_for_drop='Expiry'
DUPE: 2008213297604_Node0_Node8_Zero, Node1 id 2008213297604_Node0_Node8_Zero was a dupe; retransmit: 0, pkt_enqueue_time=2013568087105.011, pkt_dequeue_time=2013568087105.011, forwarded_or_dropped=1, reason_for_drop='Expiry'
DUPE: 2007770644782_Node0_Node8_Zero, Node1 id 2007770644782_Node0_Node8_Zero was a dupe; retransmit: 0, pkt_enqueue_time=2013574926759.5564, pkt_dequeue_time=2013574926759.5564, forwarded_or_dropped=1, reason_for_drop='Expiry'
DUPE: 2007098476714_Node0_Node8_Zero, Node1 id 2007098476714_Node0_Node8_Zero was a dupe; retransmit: 0, pkt_enqueue_time=2013581766414.1018, pkt_dequeue_time=2013581766414.1018, forwarded_or_dropped=1, reason_for_drop='Expiry'
DUPE: 2005196843098_Node0_Node8_Zero, Node1 id 2005196843098_Node0_Node8_Zero was a dupe; retransmit: 0, pkt_enqueue_time=2013588606068.6472, pkt_dequeue_time=2013588606068.6472, forwarded_or_dropped=1, reason_for_drop='Expiry'
DUPE: 2009114920389_Node0_Node8_Zero, Node1 id 2009114920389_Node0_Node8_Zero was a dupe; retransmit: 0, pkt_enqueue_time=2013595445723.1926, pkt_dequeue_time=2013595445723.1926, forwarded_or_dropped=1, reason_for_drop='Expiry'
Called Update: UpdateRouteCalls = 0, force = False
Node.py: (Node1)@2013600000000.0: Updated MCS from 1 to 1, hist=deque([0.0, 0.0, 0.0, 0.0, 0.0], maxlen=5), packets_serviced=0, packets_received=79
Called Update: UpdateRouteCalls = 1, force = False
Called Update: UpdateRouteCalls = 2, force = False
Called Update: UpdateRouteCalls = 3, force = False
Called Update: UpdateRouteCalls = 4, force = False
Called Update: UpdateRouteCalls = 5, force = False
Called Update: UpdateRouteCalls = 6, force = False
Called Update: UpdateRouteCalls = 7, force = False
Called Update: UpdateRouteCalls = 8, force = False
Called Update: UpdateRouteCalls = 9, force = False
Called Update: UpdateRouteCalls = 10, force = False
Called Update: UpdateRouteCalls = 11, force = False
Called Update: UpdateRouteCalls = 12, force = False
Called Update: UpdateRouteCalls = 13, force = False
Called Update: UpdateRouteCalls = 14, force = False
Called Update: UpdateRouteCalls = 15, force = False
Called Update: UpdateRouteCalls = 16, force = False
Called Update: UpdateRouteCalls = 17, force = False
!! UPDATING !!
routeNo, updatedMCSIndex =  0 [1, 1, 0, 1, 1, 1, 1, 1]
DUPE: 2009910001964_Node0_Node8_Zero, Node1 id 2009910001964_Node0_Node8_Zero was a dupe; retransmit: 0, pkt_enqueue_time=2013602265377.738, pkt_dequeue_time=2013602265377.738, forwarded_or_dropped=1, reason_for_drop='Expiry'
DUPE: 2009918196021_Node0_Node8_Zero, Node1 id 2009918196021_Node0_Node8_Zero was a dupe; retransmit: 0, pkt_enqueue_time=2013602265377.738, pkt_dequeue_time=2013602265377.738, forwarded_or_dropped=1, reason_for_drop='Expiry'
DUPE: 2008426397401_Node0_Node8_Zero, Node1 id 2008426397401_Node0_Node8_Zero was a dupe; retransmit: 0, pkt_enqueue_time=2013609127941.3745, pkt_dequeue_time=2013609127941.3745, forwarded_or_dropped=1, reason_for_drop='Expiry'
DUPE: 2005795213631_Node0_Node8_Zero, Node1 id 2005795213631_Node0_Node8_Zero was a dupe; retransmit: 0, pkt_enqueue_time=2013616027595.92, pkt_dequeue_time=2013616027595.92, forwarded_or_dropped=1, reason_for_drop='Expiry'
DUPE: 2009221473313_Node0_Node8_Zero, Node1 id 2009221473313_Node0_Node8_Zero was a dupe; retransmit: 0, pkt_enqueue_time=2013622947250.4653, pkt_dequeue_time=2013622947250.4653, forwarded_or_dropped=1, reason_for_drop='Expiry'
DUPE: 2009229671604_Node0_Node8_Zero, Node1 id 2009229671604_Node0_Node8_Zero was a dupe; retransmit: 0, pkt_enqueue_time=2013622947250.4653, pkt_dequeue_time=2013622947250.4653, forwarded_or_dropped=1, reason_for_drop='Expiry'
DUPE: 2009270661316_Node0_Node8_Zero, Node1 id 2009270661316_Node0_Node8_Zero was a dupe; retransmit: 0, pkt_enqueue_time=2013629909814.1018, pkt_dequeue_time=2013629909814.1018, forwarded_or_dropped=1, reason_for_drop='Expiry'
DUPE: 2009278858843_Node0_Node8_Zero, Node1 id 2009278858843_Node0_Node8_Zero was a dupe; retransmit: 0, pkt_enqueue_time=2013629909814.1018, pkt_dequeue_time=2013629909814.1018, forwarded_or_dropped=1, reason_for_drop='Expiry'
DUPE: 2006155844795_Node0_Node8_Zero, Node1 id 2006155844795_Node0_Node8_Zero was a dupe; retransmit: 0, pkt_enqueue_time=2013636952377.7383, pkt_dequeue_time=2013636952377.7383, forwarded_or_dropped=1, reason_for_drop='Expiry'
DUPE: 2006639492363_Node0_Node8_Zero, Node1 id 2006639492363_Node0_Node8_Zero was a dupe; retransmit: 0, pkt_enqueue_time=2013644012032.2837, pkt_dequeue_time=2013644012032.2837, forwarded_or_dropped=1, reason_for_drop='Expiry'
DUPE: 2008278874763_Node0_Node8_Zero, Node1 id 2008278874763_Node0_Node8_Zero was a dupe; retransmit: 0, pkt_enqueue_time=2013651131686.829, pkt_dequeue_time=2013651131686.829, forwarded_or_dropped=1, reason_for_drop='Expiry'
DUPE: 2008106742911_Node0_Node8_Zero, Node1 id 2008106742911_Node0_Node8_Zero was a dupe; retransmit: 0, pkt_enqueue_time=2013658311341.3745, pkt_dequeue_time=2013658311341.3745, forwarded_or_dropped=1, reason_for_drop='Expiry'
DUPE: 2006180433399_Node0_Node8_Zero, Node1 id 2006180433399_Node0_Node8_Zero was a dupe; retransmit: 0, pkt_enqueue_time=2013665730995.92, pkt_dequeue_time=2013665730995.92, forwarded_or_dropped=1, reason_for_drop='Expiry'
DUPE: 2009065734953_Node0_Node8_Zero, Node1 id 2009065734953_Node0_Node8_Zero was a dupe; retransmit: 0, pkt_enqueue_time=2013673410650.4653, pkt_dequeue_time=2013673410650.4653, forwarded_or_dropped=1, reason_for_drop='Expiry'
DUPE: 2008311665759_Node0_Node8_Zero, Node1 id 2008311665759_Node0_Node8_Zero was a dupe; retransmit: 0, pkt_enqueue_time=2013681130305.0107, pkt_dequeue_time=2013681130305.0107, forwarded_or_dropped=1, reason_for_drop='Expiry'
DUPE: 2009418179271_Node0_Node8_Zero, Node1 id 2009418179271_Node0_Node8_Zero was a dupe; retransmit: 0, pkt_enqueue_time=2013688849959.5562, pkt_dequeue_time=2013688849959.5562, forwarded_or_dropped=1, reason_for_drop='Expiry'
DUPE: 2009426376289_Node0_Node8_Zero, Node1 id 2009426376289_Node0_Node8_Zero was a dupe; retransmit: 0, pkt_enqueue_time=2013688849959.5562, pkt_dequeue_time=2013688849959.5562, forwarded_or_dropped=1, reason_for_drop='Expiry'
DUPE: 2009696871492_Node0_Node8_Zero, Node1 id 2009696871492_Node0_Node8_Zero was a dupe; retransmit: 0, pkt_enqueue_time=2013696612523.1926, pkt_dequeue_time=2013696612523.1926, forwarded_or_dropped=1, reason_for_drop='Expiry'
DUPE: 2009705068299_Node0_Node8_Zero, Node1 id 2009705068299_Node0_Node8_Zero was a dupe; retransmit: 0, pkt_enqueue_time=2013696612523.1926, pkt_dequeue_time=2013696612523.1926, forwarded_or_dropped=1, reason_for_drop='Expiry'
DUPE: 2009483766996_Node0_Node8_Zero, Node1 id 2009483766996_Node0_Node8_Zero was a dupe; retransmit: 0, pkt_enqueue_time=2013704455086.829, pkt_dequeue_time=2013704455086.829, forwarded_or_dropped=1, reason_for_drop='Expiry'
DUPE: 2009491961866_Node0_Node8_Zero, Node1 id 2009491961866_Node0_Node8_Zero was a dupe; retransmit: 0, pkt_enqueue_time=2013704455086.829, pkt_dequeue_time=2013704455086.829, forwarded_or_dropped=1, reason_for_drop='Expiry'
DUPE: 2007287025341_Node0_Node8_Zero, Node1 id 2007287025341_Node0_Node8_Zero was a dupe; retransmit: 0, pkt_enqueue_time=2013712377650.4656, pkt_dequeue_time=2013712377650.4656, forwarded_or_dropped=1, reason_for_drop='Expiry'
DUPE: 2009778849822_Node0_Node8_Zero, Node1 id 2009778849822_Node0_Node8_Zero was a dupe; retransmit: 0, pkt_enqueue_time=2013720297305.011, pkt_dequeue_time=2013720297305.011, forwarded_or_dropped=1, reason_for_drop='Expiry'
DUPE: 2009787049356_Node0_Node8_Zero, Node1 id 2009787049356_Node0_Node8_Zero was a dupe; retransmit: 0, pkt_enqueue_time=2013720297305.011, pkt_dequeue_time=2013720297305.011, forwarded_or_dropped=1, reason_for_drop='Expiry'
DUPE: 2008680507641_Node0_Node8_Zero, Node1 id 2008680507641_Node0_Node8_Zero was a dupe; retransmit: 0, pkt_enqueue_time=2013728259868.6475, pkt_dequeue_time=2013728259868.6475, forwarded_or_dropped=1, reason_for_drop='Expiry'
DUPE: 2007131267386_Node0_Node8_Zero, Node1 id 2007131267386_Node0_Node8_Zero was a dupe; retransmit: 0, pkt_enqueue_time=2013736359523.1929, pkt_dequeue_time=2013736359523.1929, forwarded_or_dropped=1, reason_for_drop='Expiry'
DUPE: 2008418202393_Node0_Node8_Zero, Node1 id 2008418202393_Node0_Node8_Zero was a dupe; retransmit: 0, pkt_enqueue_time=2013744619177.7383, pkt_dequeue_time=2013744619177.7383, forwarded_or_dropped=1, reason_for_drop='Expiry'
DUPE: 2007582130704_Node0_Node8_Zero, Node1 id 2007582130704_Node0_Node8_Zero was a dupe; retransmit: 0, pkt_enqueue_time=2013752898832.2837, pkt_dequeue_time=2013752898832.2837, forwarded_or_dropped=1, reason_for_drop='Expiry'
DUPE: 2003614848609_Node0_Node8_Zero, Node1 id 2003614848609_Node0_Node8_Zero was a dupe; retransmit: 0, pkt_enqueue_time=2013761298486.829, pkt_dequeue_time=2013761298486.829, forwarded_or_dropped=1, reason_for_drop='Expiry'
DUPE: 2003623040772_Node0_Node8_Zero, Node1 id 2003623040772_Node0_Node8_Zero was a dupe; retransmit: 0, pkt_enqueue_time=2013761298486.829, pkt_dequeue_time=2013761298486.829, forwarded_or_dropped=1, reason_for_drop='Expiry'
DUPE: 2007918193312_Node0_Node8_Zero, Node1 id 2007918193312_Node0_Node8_Zero was a dupe; retransmit: 0, pkt_enqueue_time=2013769741050.4656, pkt_dequeue_time=2013769741050.4656, forwarded_or_dropped=1, reason_for_drop='Expiry'
DUPE: 2008762463096_Node0_Node8_Zero, Node1 id 2008762463096_Node0_Node8_Zero was a dupe; retransmit: 0, pkt_enqueue_time=2013778280705.011, pkt_dequeue_time=2013778280705.011, forwarded_or_dropped=1, reason_for_drop='Expiry'
DUPE: 2008303465545_Node0_Node8_Zero, Node1 id 2008303465545_Node0_Node8_Zero was a dupe; retransmit: 0, pkt_enqueue_time=2013786880359.5564, pkt_dequeue_time=2013786880359.5564, forwarded_or_dropped=1, reason_for_drop='Expiry'
DUPE: 2005721455244_Node0_Node8_Zero, Node1 id 2005721455244_Node0_Node8_Zero was a dupe; retransmit: 0, pkt_enqueue_time=2013795500014.1018, pkt_dequeue_time=2013795500014.1018, forwarded_or_dropped=1, reason_for_drop='Expiry'
DUPE: 2009926394750_Node0_Node8_Zero, Node1 id 2009926394750_Node0_Node8_Zero was a dupe; retransmit: 0, pkt_enqueue_time=2013804099668.6472, pkt_dequeue_time=2013804099668.6472, forwarded_or_dropped=1, reason_for_drop='Expiry'
DUPE: 2009934590695_Node0_Node8_Zero, Node1 id 2009934590695_Node0_Node8_Zero was a dupe; retransmit: 0, pkt_enqueue_time=2013804099668.6472, pkt_dequeue_time=2013804099668.6472, forwarded_or_dropped=1, reason_for_drop='Expiry'
DUPE: 2009664080448_Node0_Node8_Zero, Node1 id 2009664080448_Node0_Node8_Zero was a dupe; retransmit: 0, pkt_enqueue_time=2013812702232.2837, pkt_dequeue_time=2013812702232.2837, forwarded_or_dropped=1, reason_for_drop='Expiry'
DUPE: 2009672276225_Node0_Node8_Zero, Node1 id 2009672276225_Node0_Node8_Zero was a dupe; retransmit: 0, pkt_enqueue_time=2013812702232.2837, pkt_dequeue_time=2013812702232.2837, forwarded_or_dropped=1, reason_for_drop='Expiry'
DUPE: 2008205104864_Node0_Node8_Zero, Node1 id 2008205104864_Node0_Node8_Zero was a dupe; retransmit: 0, pkt_enqueue_time=2013821404795.9202, pkt_dequeue_time=2013821404795.9202, forwarded_or_dropped=1, reason_for_drop='Expiry'
DUPE: 2007754253297_Node0_Node8_Zero, Node1 id 2007754253297_Node0_Node8_Zero was a dupe; retransmit: 0, pkt_enqueue_time=2013830204450.4656, pkt_dequeue_time=2013830204450.4656, forwarded_or_dropped=1, reason_for_drop='Expiry'
DUPE: 2005450943179_Node0_Node8_Zero, Node1 id 2005450943179_Node0_Node8_Zero was a dupe; retransmit: 0, pkt_enqueue_time=2013839104105.011, pkt_dequeue_time=2013839104105.011, forwarded_or_dropped=1, reason_for_drop='Expiry'
DUPE: 2009073935909_Node0_Node8_Zero, Node1 id 2009073935909_Node0_Node8_Zero was a dupe; retransmit: 0, pkt_enqueue_time=2013848103759.5564, pkt_dequeue_time=2013848103759.5564, forwarded_or_dropped=1, reason_for_drop='Expiry'
DUPE: 2009795249479_Node0_Node8_Zero, Node1 id 2009795249479_Node0_Node8_Zero was a dupe; retransmit: 0, pkt_enqueue_time=2013857143414.1018, pkt_dequeue_time=2013857143414.1018, forwarded_or_dropped=1, reason_for_drop='Expiry'
DUPE: 2009803445837_Node0_Node8_Zero, Node1 id 2009803445837_Node0_Node8_Zero was a dupe; retransmit: 0, pkt_enqueue_time=2013857143414.1018, pkt_dequeue_time=2013857143414.1018, forwarded_or_dropped=1, reason_for_drop='Expiry'
DUPE: 2008196909422_Node0_Node8_Zero, Node1 id 2008196909422_Node0_Node8_Zero was a dupe; retransmit: 0, pkt_enqueue_time=2013866365977.7383, pkt_dequeue_time=2013866365977.7383, forwarded_or_dropped=1, reason_for_drop='Expiry'
DUPE: 2008885432880_Node0_Node8_Zero, Node1 id 2008885432880_Node0_Node8_Zero was a dupe; retransmit: 0, pkt_enqueue_time=2013875585632.2837, pkt_dequeue_time=2013875585632.2837, forwarded_or_dropped=1, reason_for_drop='Expiry'
DUPE: 2009500161845_Node0_Node8_Zero, Node1 id 2009500161845_Node0_Node8_Zero was a dupe; retransmit: 0, pkt_enqueue_time=2013885045286.829, pkt_dequeue_time=2013885045286.829, forwarded_or_dropped=1, reason_for_drop='Expiry'
DUPE: 2009508356729_Node0_Node8_Zero, Node1 id 2009508356729_Node0_Node8_Zero was a dupe; retransmit: 0, pkt_enqueue_time=2013885045286.829, pkt_dequeue_time=2013885045286.829, forwarded_or_dropped=1, reason_for_drop='Expiry'
DUPE: 2002893511782_Node0_Node8_Zero, Node1 id 2002893511782_Node0_Node8_Zero was a dupe; retransmit: 0, pkt_enqueue_time=2013894687850.4656, pkt_dequeue_time=2013894687850.4656, forwarded_or_dropped=1, reason_for_drop='Expiry'
DUPE: 2002901707553_Node0_Node8_Zero, Node1 id 2002901707553_Node0_Node8_Zero was a dupe; retransmit: 0, pkt_enqueue_time=2013894687850.4656, pkt_dequeue_time=2013894687850.4656, forwarded_or_dropped=1, reason_for_drop='Expiry'
DUPE: 2008606741027_Node0_Node8_Zero, Node1 id 2008606741027_Node0_Node8_Zero was a dupe; retransmit: 0, pkt_enqueue_time=2013904470414.102, pkt_dequeue_time=2013904470414.102, forwarded_or_dropped=1, reason_for_drop='Expiry'
DUPE: 2008983782915_Node0_Node8_Zero, Node1 id 2008983782915_Node0_Node8_Zero was a dupe; retransmit: 0, pkt_enqueue_time=2013914290068.6475, pkt_dequeue_time=2013914290068.6475, forwarded_or_dropped=1, reason_for_drop='Expiry'
DUPE: 2009369007242_Node0_Node8_Zero, Node1 id 2009369007242_Node0_Node8_Zero was a dupe; retransmit: 0, pkt_enqueue_time=2013924089723.1929, pkt_dequeue_time=2013924089723.1929, forwarded_or_dropped=1, reason_for_drop='Expiry'
DUPE: 2009377205833_Node0_Node8_Zero, Node1 id 2009377205833_Node0_Node8_Zero was a dupe; retransmit: 0, pkt_enqueue_time=2013924089723.1929, pkt_dequeue_time=2013924089723.1929, forwarded_or_dropped=1, reason_for_drop='Expiry'
DUPE: 2008877231294_Node0_Node8_Zero, Node1 id 2008877231294_Node0_Node8_Zero was a dupe; retransmit: 0, pkt_enqueue_time=2013933972286.8293, pkt_dequeue_time=2013933972286.8293, forwarded_or_dropped=1, reason_for_drop='Expiry'
DUPE: 2009155894446_Node0_Node8_Zero, Node1 id 2009155894446_Node0_Node8_Zero was a dupe; retransmit: 0, pkt_enqueue_time=2013936699158.8293, pkt_dequeue_time=2013936699158.8293, forwarded_or_dropped=1, reason_for_drop='Expiry'
DUPE: 2008180512681_Node0_Node8_Zero, Node1 id 2008180512681_Node0_Node8_Zero was a dupe; retransmit: 0, pkt_enqueue_time=2013946758813.3748, pkt_dequeue_time=2013946758813.3748, forwarded_or_dropped=1, reason_for_drop='Expiry'
DUPE: 2007606724467_Node0_Node8_Zero, Node1 id 2007606724467_Node0_Node8_Zero was a dupe; retransmit: 0, pkt_enqueue_time=2013956878467.9202, pkt_dequeue_time=2013956878467.9202, forwarded_or_dropped=1, reason_for_drop='Expiry'
DUPE: 2007278832265_Node0_Node8_Zero, Node1 id 2007278832265_Node0_Node8_Zero was a dupe; retransmit: 0, pkt_enqueue_time=2013967058122.4656, pkt_dequeue_time=2013967058122.4656, forwarded_or_dropped=1, reason_for_drop='Expiry'
DUPE: 2006959148964_Node0_Node8_Zero, Node1 id 2006959148964_Node0_Node8_Zero was a dupe; retransmit: 0, pkt_enqueue_time=2013977557777.011, pkt_dequeue_time=2013977557777.011, forwarded_or_dropped=1, reason_for_drop='Expiry'
DUPE: 2007787034394_Node0_Node8_Zero, Node1 id 2007787034394_Node0_Node8_Zero was a dupe; retransmit: 0, pkt_enqueue_time=2013988157431.5564, pkt_dequeue_time=2013988157431.5564, forwarded_or_dropped=1, reason_for_drop='Expiry'
DUPE: 2008991975488_Node0_Node8_Zero, Node1 id 2008991975488_Node0_Node8_Zero was a dupe; retransmit: 0, pkt_enqueue_time=2013998817086.1018, pkt_dequeue_time=2013998817086.1018, forwarded_or_dropped=1, reason_for_drop='Expiry'

Total number of generated packets: 1618
Total number of delivered packets: 1616 # Use all_stats.csv to check PDR
Average number of packets genetated every second: 115.57142857142857
Average number of packets delivered every second: 115.42857142857143
Standard deviation of packets genetated every second: 97.08075746195925
Standard deviation of packets delivered every second: 73.02809076524133
Average number of packets genetated every millisecond: 0.11557142857142857
Average number of packets delivered every millisecond: 0.11542857142857142
Standard deviation of packets genetated every millisecond: 0.3354107746556482
Standard deviation of packets delivered every millisecond: 0.3257373425423168
Average delay: 2205.9792793343036
Standard deviation of delay: 2185.8254919962023
Minimum delay: 0.6434359999839216
Maximum delay: 8625.386058494681
Total number of retransmissions: 10594
Node0
Avg Received Power: 1.14e-13, Node1: [Avg:1.57e-12, Max:3.96e-12, Min:7.57e-13], Node2: [Avg:3.49e-13, Max:9.89e-13, Min:1.31e-13], Node3: [Avg:1.84e-13, Max:4.40e-13, Min:8.41e-14], Node4: [Avg:1.07e-13, Max:2.47e-13, Min:4.73e-14], Node5: [Avg:5.93e-14, Max:1.58e-13, Min:3.03e-14], Node6: [Avg:3.63e-14, Max:9.00e-14, Min:2.10e-14], Node7: [Avg:2.78e-14, Max:8.08e-14, Min:1.55e-14], 
Avg INTF: 4.06e-13, Node1: [Avg:1.57e-12, Max:3.96e-12, Min:7.57e-13], Node2: [Avg:3.49e-13, Max:9.89e-13, Min:1.31e-13], Node3: [Avg:1.84e-13, Max:4.40e-13, Min:8.41e-14], Node4: [Avg:1.07e-13, Max:2.47e-13, Min:4.73e-14], Node5: [Avg:5.93e-14, Max:1.58e-13, Min:3.03e-14], Node6: [Avg:3.63e-14, Max:9.00e-14, Min:2.10e-14], Node7: [Avg:2.78e-14, Max:8.08e-14, Min:1.55e-14], 
Self Tx power: RTS: (Avg: 0.0110, Min: 0.0077, Max: 0.0514), CTS: (Avg: 0.0084, Min: 0.0077, Max: 0.0201), ACK: (Avg: nan, Min: inf, Max: -inf), Data: (Avg: 0.0096, Min: 0.0053, Max: 0.0514)
CTS retry: 171, ACK retry: 3308, # Receiver Drops: 45, # Pkts Receiver Drops: 45, # Sent ACKs: 0, # Pkts ACK sent for: 0, # Retransmissions: 3479, # Pkts Retransmitted: 4794, # Receptions: 0, # Pkts Received: 0, # Forwards: 46, # Pkts Forwarded: 47

Node1
Avg Received Power: 5.43e-13, Node0: [Avg:8.03e-13, Max:4.01e-12, Min:5.26e-13], Node2: [Avg:1.39e-12, Max:3.96e-12, Min:5.26e-13], Node3: [Avg:4.14e-13, Max:9.89e-13, Min:1.89e-13], Node4: [Avg:1.95e-13, Max:4.40e-13, Min:8.41e-14], Node5: [Avg:9.12e-14, Max:2.47e-13, Min:4.73e-14], Node6: [Avg:5.16e-14, Max:1.30e-13, Min:3.03e-14], Node7: [Avg:3.75e-14, Max:1.10e-13, Min:2.10e-14], 
Avg INTF: 4.32e-13, Node2: [Avg:1.39e-12, Max:3.96e-12, Min:5.26e-13], Node3: [Avg:4.14e-13, Max:9.89e-13, Min:1.89e-13], Node4: [Avg:1.95e-13, Max:4.40e-13, Min:8.41e-14], Node5: [Avg:9.12e-14, Max:2.47e-13, Min:4.73e-14], Node6: [Avg:5.16e-14, Max:1.30e-13, Min:3.03e-14], Node7: [Avg:3.75e-14, Max:1.10e-13, Min:2.10e-14], 
Self Tx power: RTS: (Avg: 0.0208, Min: 0.0106, Max: 0.0514), CTS: (Avg: 0.0125, Min: 0.0077, Max: 0.0201), ACK: (Avg: 0.0077, Min: 0.0077, Max: 0.0077), Data: (Avg: 0.0208, Min: 0.0106, Max: 0.0514)
CTS retry: 173, ACK retry: 379, # Receiver Drops: 256, # Pkts Receiver Drops: 452, # Sent ACKs: 3849, # Pkts ACK sent for: 4923, # Retransmissions: 552, # Pkts Retransmitted: 1019, # Receptions: 3849, # Pkts Received: 4787, # Forwards: 38, # Pkts Forwarded: 43

Node2
Avg Received Power: 3.09e-13, Node0: [Avg:2.00e-13, Max:1.00e-12, Min:1.31e-13], Node1: [Avg:1.57e-12, Max:3.96e-12, Min:7.57e-13], Node3: [Avg:1.65e-12, Max:3.96e-12, Min:7.57e-13], Node4: [Avg:4.35e-13, Max:9.89e-13, Min:1.89e-13], Node5: [Avg:1.67e-13, Max:4.40e-13, Min:8.41e-14], Node6: [Avg:8.10e-14, Max:2.03e-13, Min:4.73e-14], Node7: [Avg:5.35e-14, Max:1.58e-13, Min:3.03e-14], 
Avg INTF: 3.05e-13, Node0: [Avg:2.00e-13, Max:1.00e-12, Min:1.31e-13], Node3: [Avg:1.65e-12, Max:3.96e-12, Min:7.57e-13], Node4: [Avg:4.35e-13, Max:9.89e-13, Min:1.89e-13], Node5: [Avg:1.67e-13, Max:4.40e-13, Min:8.41e-14], Node6: [Avg:8.10e-14, Max:2.03e-13, Min:4.73e-14], Node7: [Avg:5.35e-14, Max:1.58e-13, Min:3.03e-14], 
Self Tx power: RTS: (Avg: 0.0183, Min: 0.0077, Max: 0.0427), CTS: (Avg: 0.0114, Min: 0.0077, Max: 0.0201), ACK: (Avg: 0.0077, Min: 0.0077, Max: 0.0077), Data: (Avg: 0.0180, Min: 0.0053, Max: 0.0427)
CTS retry: 110, ACK retry: 409, # Receiver Drops: 138, # Pkts Receiver Drops: 213, # Sent ACKs: 328, # Pkts ACK sent for: 587, # Retransmissions: 519, # Pkts Retransmitted: 909, # Receptions: 328, # Pkts Received: 511, # Forwards: 31, # Pkts Forwarded: 39

Node3
Avg Received Power: 2.51e-13, Node0: [Avg:8.66e-14, Max:4.45e-13, Min:5.84e-14], Node1: [Avg:3.92e-13, Max:9.89e-13, Min:1.89e-13], Node2: [Avg:1.40e-12, Max:3.96e-12, Min:5.26e-13], Node4: [Avg:1.74e-12, Max:3.96e-12, Min:7.57e-13], Node5: [Avg:3.65e-13, Max:9.89e-13, Min:1.89e-13], Node6: [Avg:1.45e-13, Max:3.60e-13, Min:8.41e-14], Node7: [Avg:8.47e-14, Max:2.47e-13, Min:4.73e-14], 
Avg INTF: 2.29e-13, Node0: [Avg:8.66e-14, Max:4.45e-13, Min:5.84e-14], Node1: [Avg:3.92e-13, Max:9.89e-13, Min:1.89e-13], Node4: [Avg:1.74e-12, Max:3.96e-12, Min:7.57e-13], Node5: [Avg:3.65e-13, Max:9.89e-13, Min:1.89e-13], Node6: [Avg:1.45e-13, Max:3.60e-13, Min:8.41e-14], Node7: [Avg:8.47e-14, Max:2.47e-13, Min:4.73e-14], 
Self Tx power: RTS: (Avg: 0.0184, Min: 0.0106, Max: 0.0400), CTS: (Avg: 0.0118, Min: 0.0077, Max: 0.0201), ACK: (Avg: 0.0077, Min: 0.0077, Max: 0.0077), Data: (Avg: 0.0184, Min: 0.0106, Max: 0.0400)
CTS retry: 84, ACK retry: 431, # Receiver Drops: 175, # Pkts Receiver Drops: 274, # Sent ACKs: 336, # Pkts ACK sent for: 571, # Retransmissions: 515, # Pkts Retransmitted: 875, # Receptions: 336, # Pkts Received: 503, # Forwards: 24, # Pkts Forwarded: 36

Node4
Avg Received Power: 2.32e-13, Node0: [Avg:4.90e-14, Max:2.51e-13, Min:3.29e-14], Node1: [Avg:1.76e-13, Max:4.40e-13, Min:8.41e-14], Node2: [Avg:3.49e-13, Max:9.89e-13, Min:1.31e-13], Node3: [Avg:1.65e-12, Max:3.96e-12, Min:7.57e-13], Node5: [Avg:1.45e-12, Max:3.96e-12, Min:7.57e-13], Node6: [Avg:3.26e-13, Max:8.10e-13, Min:1.89e-13], Node7: [Avg:1.50e-13, Max:4.40e-13, Min:8.41e-14], 
Avg INTF: 1.85e-13, Node0: [Avg:4.90e-14, Max:2.51e-13, Min:3.29e-14], Node1: [Avg:1.76e-13, Max:4.40e-13, Min:8.41e-14], Node2: [Avg:3.49e-13, Max:9.89e-13, Min:1.31e-13], Node5: [Avg:1.45e-12, Max:3.96e-12, Min:7.57e-13], Node6: [Avg:3.26e-13, Max:8.10e-13, Min:1.89e-13], Node7: [Avg:1.50e-13, Max:4.40e-13, Min:8.41e-14], 
Self Tx power: RTS: (Avg: 0.0183, Min: 0.0106, Max: 0.0400), CTS: (Avg: 0.0118, Min: 0.0077, Max: 0.0201), ACK: (Avg: 0.0077, Min: 0.0077, Max: 0.0077), Data: (Avg: 0.0183, Min: 0.0106, Max: 0.0400)
CTS retry: 82, ACK retry: 366, # Receiver Drops: 180, # Pkts Receiver Drops: 268, # Sent ACKs: 346, # Pkts ACK sent for: 583, # Retransmissions: 448, # Pkts Retransmitted: 722, # Receptions: 346, # Pkts Received: 525, # Forwards: 17, # Pkts Forwarded: 33

Node5
Avg Received Power: 2.18e-13, Node0: [Avg:3.14e-14, Max:1.60e-13, Min:2.10e-14], Node1: [Avg:9.80e-14, Max:2.47e-13, Min:4.73e-14], Node2: [Avg:1.56e-13, Max:4.40e-13, Min:5.84e-14], Node3: [Avg:4.13e-13, Max:9.89e-13, Min:1.89e-13], Node4: [Avg:1.74e-12, Max:3.96e-12, Min:7.57e-13], Node6: [Avg:1.30e-12, Max:3.24e-12, Min:7.57e-13], Node7: [Avg:3.37e-13, Max:9.89e-13, Min:1.89e-13], 
Avg INTF: 1.80e-13, Node0: [Avg:3.14e-14, Max:1.60e-13, Min:2.10e-14], Node1: [Avg:9.80e-14, Max:2.47e-13, Min:4.73e-14], Node2: [Avg:1.56e-13, Max:4.40e-13, Min:5.84e-14], Node3: [Avg:4.13e-13, Max:9.89e-13, Min:1.89e-13], Node6: [Avg:1.30e-12, Max:3.24e-12, Min:7.57e-13], Node7: [Avg:3.37e-13, Max:9.89e-13, Min:1.89e-13], 
Self Tx power: RTS: (Avg: 0.0166, Min: 0.0106, Max: 0.0400), CTS: (Avg: 0.0112, Min: 0.0077, Max: 0.0201), ACK: (Avg: 0.0077, Min: 0.0077, Max: 0.0077), Data: (Avg: 0.0166, Min: 0.0106, Max: 0.0400)
CTS retry: 64, ACK retry: 375, # Receiver Drops: 128, # Pkts Receiver Drops: 184, # Sent ACKs: 331, # Pkts ACK sent for: 531, # Retransmissions: 439, # Pkts Retransmitted: 671, # Receptions: 331, # Pkts Received: 487, # Forwards: 10, # Pkts Forwarded: 30

Node6
Avg Received Power: 1.79e-13, Node0: [Avg:2.17e-14, Max:1.11e-13, Min:1.46e-14], Node1: [Avg:6.29e-14, Max:1.58e-13, Min:3.03e-14], Node2: [Avg:8.68e-14, Max:2.47e-13, Min:3.29e-14], Node3: [Avg:1.84e-13, Max:4.40e-13, Min:8.41e-14], Node4: [Avg:4.37e-13, Max:9.89e-13, Min:1.89e-13], Node5: [Avg:1.46e-12, Max:3.96e-12, Min:7.57e-13], Node7: [Avg:1.35e-12, Max:3.96e-12, Min:7.57e-13], 
Avg INTF: 1.56e-13, Node0: [Avg:2.17e-14, Max:1.11e-13, Min:1.46e-14], Node1: [Avg:6.29e-14, Max:1.58e-13, Min:3.03e-14], Node2: [Avg:8.68e-14, Max:2.47e-13, Min:3.29e-14], Node3: [Avg:1.84e-13, Max:4.40e-13, Min:8.41e-14], Node4: [Avg:4.37e-13, Max:9.89e-13, Min:1.89e-13], Node7: [Avg:1.35e-12, Max:3.96e-12, Min:7.57e-13], 
Self Tx power: RTS: (Avg: 0.0136, Min: 0.0106, Max: 0.0400), CTS: (Avg: 0.0109, Min: 0.0077, Max: 0.0201), ACK: (Avg: 0.0077, Min: 0.0077, Max: 0.0077), Data: (Avg: 0.0136, Min: 0.0106, Max: 0.0400)
CTS retry: 48, ACK retry: 448, # Receiver Drops: 63, # Pkts Receiver Drops: 85, # Sent ACKs: 374, # Pkts ACK sent for: 564, # Retransmissions: 496, # Pkts Retransmitted: 823, # Receptions: 374, # Pkts Received: 528, # Forwards: 0, # Pkts Forwarded: 0

Node7
Avg Received Power: 1.10e-13, Node0: [Avg:1.60e-14, Max:8.18e-14, Min:1.07e-14], Node1: [Avg:4.35e-14, Max:1.10e-13, Min:2.10e-14], Node2: [Avg:5.53e-14, Max:1.58e-13, Min:2.10e-14], Node3: [Avg:1.04e-13, Max:2.47e-13, Min:4.73e-14], Node4: [Avg:1.93e-13, Max:4.40e-13, Min:8.41e-14], Node5: [Avg:3.66e-13, Max:9.89e-13, Min:1.89e-13], Node6: [Avg:1.30e-12, Max:3.24e-12, Min:7.57e-13], 
Avg INTF: 5.50e-14, Node0: [Avg:1.60e-14, Max:8.18e-14, Min:1.07e-14], Node1: [Avg:4.35e-14, Max:1.10e-13, Min:2.10e-14], Node2: [Avg:5.53e-14, Max:1.58e-13, Min:2.10e-14], Node3: [Avg:1.04e-13, Max:2.47e-13, Min:4.73e-14], Node4: [Avg:1.93e-13, Max:4.40e-13, Min:8.41e-14], Node5: [Avg:3.66e-13, Max:9.89e-13, Min:1.89e-13], 
Self Tx power: RTS: (Avg: 0.0137, Min: 0.0106, Max: 0.0409), CTS: (Avg: 0.0106, Min: 0.0077, Max: 0.0201), ACK: (Avg: 0.0077, Min: 0.0077, Max: 0.0077), Data: (Avg: 0.0137, Min: 0.0106, Max: 0.0409)
CTS retry: 38, ACK retry: 430, # Receiver Drops: 82, # Pkts Receiver Drops: 103, # Sent ACKs: 434, # Pkts ACK sent for: 708, # Retransmissions: 468, # Pkts Retransmitted: 781, # Receptions: 434, # Pkts Received: 681, # Forwards: 0, # Pkts Forwarded: 0

Node8
Avg Received Power: 1.15e-13, Node0: [Avg:1.26e-14, Max:6.26e-14, Min:8.22e-15], Node1: [Avg:3.20e-14, Max:8.08e-14, Min:1.55e-14], Node2: [Avg:3.88e-14, Max:1.10e-13, Min:1.46e-14], Node3: [Avg:6.61e-14, Max:1.58e-13, Min:3.03e-14], Node4: [Avg:1.09e-13, Max:2.47e-13, Min:4.73e-14], Node5: [Avg:1.62e-13, Max:4.40e-13, Min:8.41e-14], Node6: [Avg:3.25e-13, Max:8.10e-13, Min:1.89e-13], Node7: [Avg:1.35e-12, Max:3.96e-12, Min:7.57e-13], 
Avg INTF: 5.24e-14, Node0: [Avg:1.26e-14, Max:6.26e-14, Min:8.22e-15], Node1: [Avg:3.20e-14, Max:8.08e-14, Min:1.55e-14], Node2: [Avg:3.88e-14, Max:1.10e-13, Min:1.46e-14], Node3: [Avg:6.61e-14, Max:1.58e-13, Min:3.03e-14], Node4: [Avg:1.09e-13, Max:2.47e-13, Min:4.73e-14], Node5: [Avg:1.62e-13, Max:4.40e-13, Min:8.41e-14], Node6: [Avg:3.25e-13, Max:8.10e-13, Min:1.89e-13], 
Self Tx power: RTS: (Avg: nan, Min: inf, Max: -inf), CTS: (Avg: nan, Min: inf, Max: -inf), ACK: (Avg: 0.0077, Min: 0.0077, Max: 0.0077), Data: (Avg: nan, Min: inf, Max: -inf)
CTS retry: 0, ACK retry: 0, # Receiver Drops: 30, # Pkts Receiver Drops: 51, # Sent ACKs: 467, # Pkts ACK sent for: 775, # Retransmissions: 0, # Pkts Retransmitted: 0, # Receptions: 467, # Pkts Received: 730, # Forwards: 0, # Pkts Forwarded: 0

Node9
Avg Received Power: 2.69e-14, Node0: [Avg:1.61e-14, Max:8.02e-14, Min:1.05e-14], Node1: [Avg:3.82e-14, Max:9.65e-14, Min:1.85e-14], Node2: [Avg:4.11e-14, Max:1.16e-13, Min:1.55e-14], Node3: [Avg:5.69e-14, Max:1.36e-13, Min:2.61e-14], Node4: [Avg:6.71e-14, Max:1.52e-13, Min:2.91e-14], Node5: [Avg:5.85e-14, Max:1.58e-13, Min:3.03e-14], Node6: [Avg:5.01e-14, Max:1.25e-13, Min:2.91e-14], Node7: [Avg:4.64e-14, Max:1.36e-13, Min:2.61e-14], 
Avg INTF: 3.01e-14, Node0: [Avg:1.61e-14, Max:8.02e-14, Min:1.05e-14], Node1: [Avg:3.82e-14, Max:9.65e-14, Min:1.85e-14], Node2: [Avg:4.11e-14, Max:1.16e-13, Min:1.55e-14], Node3: [Avg:5.69e-14, Max:1.36e-13, Min:2.61e-14], Node4: [Avg:6.71e-14, Max:1.52e-13, Min:2.91e-14], Node5: [Avg:5.85e-14, Max:1.58e-13, Min:3.03e-14], Node6: [Avg:5.01e-14, Max:1.25e-13, Min:2.91e-14], Node7: [Avg:4.64e-14, Max:1.36e-13, Min:2.61e-14], 
Self Tx power: RTS: (Avg: nan, Min: inf, Max: -inf), CTS: (Avg: nan, Min: inf, Max: -inf), ACK: (Avg: nan, Min: inf, Max: -inf), Data: (Avg: nan, Min: inf, Max: -inf)
CTS retry: 0, ACK retry: 0, # Receiver Drops: 0, # Pkts Receiver Drops: 0, # Sent ACKs: 0, # Pkts ACK sent for: 0, # Retransmissions: 0, # Pkts Retransmitted: 0, # Receptions: 0, # Pkts Received: 0, # Forwards: 0, # Pkts Forwarded: 0

Node10
Avg Received Power: 3.73e-14, Node0: [Avg:1.96e-14, Max:9.78e-14, Min:1.28e-14], Node1: [Avg:4.89e-14, Max:1.24e-13, Min:2.37e-14], Node2: [Avg:5.59e-14, Max:1.58e-13, Min:2.10e-14], Node3: [Avg:8.26e-14, Max:1.98e-13, Min:3.79e-14], Node4: [Avg:1.03e-13, Max:2.33e-13, Min:4.45e-14], Node5: [Avg:9.14e-14, Max:2.47e-13, Min:4.73e-14], Node6: [Avg:7.66e-14, Max:1.91e-13, Min:4.45e-14], Node7: [Avg:6.73e-14, Max:1.98e-13, Min:3.79e-14], 
Avg INTF: 4.17e-14, Node0: [Avg:1.96e-14, Max:9.78e-14, Min:1.28e-14], Node1: [Avg:4.89e-14, Max:1.24e-13, Min:2.37e-14], Node2: [Avg:5.59e-14, Max:1.58e-13, Min:2.10e-14], Node3: [Avg:8.26e-14, Max:1.98e-13, Min:3.79e-14], Node4: [Avg:1.03e-13, Max:2.33e-13, Min:4.45e-14], Node5: [Avg:9.14e-14, Max:2.47e-13, Min:4.73e-14], Node6: [Avg:7.66e-14, Max:1.91e-13, Min:4.45e-14], Node7: [Avg:6.73e-14, Max:1.98e-13, Min:3.79e-14], 
Self Tx power: RTS: (Avg: nan, Min: inf, Max: -inf), CTS: (Avg: nan, Min: inf, Max: -inf), ACK: (Avg: nan, Min: inf, Max: -inf), Data: (Avg: nan, Min: inf, Max: -inf)
CTS retry: 0, ACK retry: 0, # Receiver Drops: 0, # Pkts Receiver Drops: 0, # Sent ACKs: 0, # Pkts ACK sent for: 0, # Retransmissions: 0, # Pkts Retransmitted: 0, # Receptions: 0, # Pkts Received: 0, # Forwards: 0, # Pkts Forwarded: 0

Node11
Avg Received Power: 5.51e-14, Node0: [Avg:2.37e-14, Max:1.18e-13, Min:1.55e-14], Node1: [Avg:6.26e-14, Max:1.58e-13, Min:3.03e-14], Node2: [Avg:7.76e-14, Max:2.20e-13, Min:2.92e-14], Node3: [Avg:1.27e-13, Max:3.04e-13, Min:5.83e-14], Node4: [Avg:1.74e-13, Max:3.96e-13, Min:7.57e-14], Node5: [Avg:1.62e-13, Max:4.40e-13, Min:8.41e-14], Node6: [Avg:1.30e-13, Max:3.24e-13, Min:7.57e-14], Node7: [Avg:1.04e-13, Max:3.04e-13, Min:5.83e-14], 
Avg INTF: 6.17e-14, Node0: [Avg:2.37e-14, Max:1.18e-13, Min:1.55e-14], Node1: [Avg:6.26e-14, Max:1.58e-13, Min:3.03e-14], Node2: [Avg:7.76e-14, Max:2.20e-13, Min:2.92e-14], Node3: [Avg:1.27e-13, Max:3.04e-13, Min:5.83e-14], Node4: [Avg:1.74e-13, Max:3.96e-13, Min:7.57e-14], Node5: [Avg:1.62e-13, Max:4.40e-13, Min:8.41e-14], Node6: [Avg:1.30e-13, Max:3.24e-13, Min:7.57e-14], Node7: [Avg:1.04e-13, Max:3.04e-13, Min:5.83e-14], 
Self Tx power: RTS: (Avg: nan, Min: inf, Max: -inf), CTS: (Avg: nan, Min: inf, Max: -inf), ACK: (Avg: nan, Min: inf, Max: -inf), Data: (Avg: nan, Min: inf, Max: -inf)
CTS retry: 0, ACK retry: 0, # Receiver Drops: 0, # Pkts Receiver Drops: 0, # Sent ACKs: 0, # Pkts ACK sent for: 0, # Retransmissions: 0, # Pkts Retransmitted: 0, # Receptions: 0, # Pkts Received: 0, # Forwards: 0, # Pkts Forwarded: 0

Node12
Avg Received Power: 9.15e-14, Node0: [Avg:2.77e-14, Max:1.38e-13, Min:1.81e-14], Node1: [Avg:7.83e-14, Max:1.98e-13, Min:3.79e-14], Node2: [Avg:1.07e-13, Max:3.04e-13, Min:4.05e-14], Node3: [Avg:2.06e-13, Max:4.95e-13, Min:9.47e-14], Node4: [Avg:3.49e-13, Max:7.91e-13, Min:1.51e-13], Node5: [Avg:3.65e-13, Max:9.89e-13, Min:1.89e-13], Node6: [Avg:2.60e-13, Max:6.48e-13, Min:1.51e-13], Node7: [Avg:1.68e-13, Max:4.95e-13, Min:9.47e-14], 
Avg INTF: 1.02e-13, Node0: [Avg:2.77e-14, Max:1.38e-13, Min:1.81e-14], Node1: [Avg:7.83e-14, Max:1.98e-13, Min:3.79e-14], Node2: [Avg:1.07e-13, Max:3.04e-13, Min:4.05e-14], Node3: [Avg:2.06e-13, Max:4.95e-13, Min:9.47e-14], Node4: [Avg:3.49e-13, Max:7.91e-13, Min:1.51e-13], Node5: [Avg:3.65e-13, Max:9.89e-13, Min:1.89e-13], Node6: [Avg:2.60e-13, Max:6.48e-13, Min:1.51e-13], Node7: [Avg:1.68e-13, Max:4.95e-13, Min:9.47e-14], 
Self Tx power: RTS: (Avg: nan, Min: inf, Max: -inf), CTS: (Avg: nan, Min: inf, Max: -inf), ACK: (Avg: nan, Min: inf, Max: -inf), Data: (Avg: nan, Min: inf, Max: -inf)
CTS retry: 0, ACK retry: 0, # Receiver Drops: 0, # Pkts Receiver Drops: 0, # Sent ACKs: 0, # Pkts ACK sent for: 0, # Retransmissions: 0, # Pkts Retransmitted: 0, # Receptions: 0, # Pkts Received: 0, # Forwards: 0, # Pkts Forwarded: 0

Node13
Avg Received Power: 2.01e-13, Node0: [Avg:3.09e-14, Max:1.54e-13, Min:2.02e-14], Node1: [Avg:9.21e-14, Max:2.33e-13, Min:4.45e-14], Node2: [Avg:1.40e-13, Max:3.96e-13, Min:5.26e-14], Node3: [Avg:3.30e-13, Max:7.91e-13, Min:1.51e-13], Node4: [Avg:8.72e-13, Max:1.98e-12, Min:3.79e-13], Node5: [Avg:1.46e-12, Max:3.96e-12, Min:7.57e-13], Node6: [Avg:6.51e-13, Max:1.62e-12, Min:3.79e-13], Node7: [Avg:2.69e-13, Max:7.91e-13, Min:1.51e-13], 
Avg INTF: 2.25e-13, Node0: [Avg:3.09e-14, Max:1.54e-13, Min:2.02e-14], Node1: [Avg:9.21e-14, Max:2.33e-13, Min:4.45e-14], Node2: [Avg:1.40e-13, Max:3.96e-13, Min:5.26e-14], Node3: [Avg:3.30e-13, Max:7.91e-13, Min:1.51e-13], Node4: [Avg:8.72e-13, Max:1.98e-12, Min:3.79e-13], Node5: [Avg:1.46e-12, Max:3.96e-12, Min:7.57e-13], Node6: [Avg:6.51e-13, Max:1.62e-12, Min:3.79e-13], Node7: [Avg:2.69e-13, Max:7.91e-13, Min:1.51e-13], 
Self Tx power: RTS: (Avg: nan, Min: inf, Max: -inf), CTS: (Avg: nan, Min: inf, Max: -inf), ACK: (Avg: nan, Min: inf, Max: -inf), Data: (Avg: nan, Min: inf, Max: -inf)
CTS retry: 0, ACK retry: 0, # Receiver Drops: 0, # Pkts Receiver Drops: 0, # Sent ACKs: 0, # Pkts ACK sent for: 0, # Retransmissions: 0, # Pkts Retransmitted: 0, # Receptions: 0, # Pkts Received: 0, # Forwards: 0, # Pkts Forwarded: 0

Node14
Avg Received Power: 2.01e-13, Node0: [Avg:3.09e-14, Max:1.54e-13, Min:2.02e-14], Node1: [Avg:9.21e-14, Max:2.33e-13, Min:4.45e-14], Node2: [Avg:1.40e-13, Max:3.96e-13, Min:5.26e-14], Node3: [Avg:3.30e-13, Max:7.91e-13, Min:1.51e-13], Node4: [Avg:8.72e-13, Max:1.98e-12, Min:3.79e-13], Node5: [Avg:1.46e-12, Max:3.96e-12, Min:7.57e-13], Node6: [Avg:6.51e-13, Max:1.62e-12, Min:3.79e-13], Node7: [Avg:2.69e-13, Max:7.91e-13, Min:1.51e-13], 
Avg INTF: 2.25e-13, Node0: [Avg:3.09e-14, Max:1.54e-13, Min:2.02e-14], Node1: [Avg:9.21e-14, Max:2.33e-13, Min:4.45e-14], Node2: [Avg:1.40e-13, Max:3.96e-13, Min:5.26e-14], Node3: [Avg:3.30e-13, Max:7.91e-13, Min:1.51e-13], Node4: [Avg:8.72e-13, Max:1.98e-12, Min:3.79e-13], Node5: [Avg:1.46e-12, Max:3.96e-12, Min:7.57e-13], Node6: [Avg:6.51e-13, Max:1.62e-12, Min:3.79e-13], Node7: [Avg:2.69e-13, Max:7.91e-13, Min:1.51e-13], 
Self Tx power: RTS: (Avg: nan, Min: inf, Max: -inf), CTS: (Avg: nan, Min: inf, Max: -inf), ACK: (Avg: nan, Min: inf, Max: -inf), Data: (Avg: nan, Min: inf, Max: -inf)
CTS retry: 0, ACK retry: 0, # Receiver Drops: 0, # Pkts Receiver Drops: 0, # Sent ACKs: 0, # Pkts ACK sent for: 0, # Retransmissions: 0, # Pkts Retransmitted: 0, # Receptions: 0, # Pkts Received: 0, # Forwards: 0, # Pkts Forwarded: 0

Node15
Avg Received Power: 9.15e-14, Node0: [Avg:2.77e-14, Max:1.38e-13, Min:1.81e-14], Node1: [Avg:7.83e-14, Max:1.98e-13, Min:3.79e-14], Node2: [Avg:1.07e-13, Max:3.04e-13, Min:4.05e-14], Node3: [Avg:2.06e-13, Max:4.95e-13, Min:9.47e-14], Node4: [Avg:3.49e-13, Max:7.91e-13, Min:1.51e-13], Node5: [Avg:3.65e-13, Max:9.89e-13, Min:1.89e-13], Node6: [Avg:2.60e-13, Max:6.48e-13, Min:1.51e-13], Node7: [Avg:1.68e-13, Max:4.95e-13, Min:9.47e-14], 
Avg INTF: 1.02e-13, Node0: [Avg:2.77e-14, Max:1.38e-13, Min:1.81e-14], Node1: [Avg:7.83e-14, Max:1.98e-13, Min:3.79e-14], Node2: [Avg:1.07e-13, Max:3.04e-13, Min:4.05e-14], Node3: [Avg:2.06e-13, Max:4.95e-13, Min:9.47e-14], Node4: [Avg:3.49e-13, Max:7.91e-13, Min:1.51e-13], Node5: [Avg:3.65e-13, Max:9.89e-13, Min:1.89e-13], Node6: [Avg:2.60e-13, Max:6.48e-13, Min:1.51e-13], Node7: [Avg:1.68e-13, Max:4.95e-13, Min:9.47e-14], 
Self Tx power: RTS: (Avg: nan, Min: inf, Max: -inf), CTS: (Avg: nan, Min: inf, Max: -inf), ACK: (Avg: nan, Min: inf, Max: -inf), Data: (Avg: nan, Min: inf, Max: -inf)
CTS retry: 0, ACK retry: 0, # Receiver Drops: 0, # Pkts Receiver Drops: 0, # Sent ACKs: 0, # Pkts ACK sent for: 0, # Retransmissions: 0, # Pkts Retransmitted: 0, # Receptions: 0, # Pkts Received: 0, # Forwards: 0, # Pkts Forwarded: 0

Node16
Avg Received Power: 5.51e-14, Node0: [Avg:2.37e-14, Max:1.18e-13, Min:1.55e-14], Node1: [Avg:6.26e-14, Max:1.58e-13, Min:3.03e-14], Node2: [Avg:7.76e-14, Max:2.20e-13, Min:2.92e-14], Node3: [Avg:1.27e-13, Max:3.04e-13, Min:5.83e-14], Node4: [Avg:1.74e-13, Max:3.96e-13, Min:7.57e-14], Node5: [Avg:1.62e-13, Max:4.40e-13, Min:8.41e-14], Node6: [Avg:1.30e-13, Max:3.24e-13, Min:7.57e-14], Node7: [Avg:1.04e-13, Max:3.04e-13, Min:5.83e-14], 
Avg INTF: 6.17e-14, Node0: [Avg:2.37e-14, Max:1.18e-13, Min:1.55e-14], Node1: [Avg:6.26e-14, Max:1.58e-13, Min:3.03e-14], Node2: [Avg:7.76e-14, Max:2.20e-13, Min:2.92e-14], Node3: [Avg:1.27e-13, Max:3.04e-13, Min:5.83e-14], Node4: [Avg:1.74e-13, Max:3.96e-13, Min:7.57e-14], Node5: [Avg:1.62e-13, Max:4.40e-13, Min:8.41e-14], Node6: [Avg:1.30e-13, Max:3.24e-13, Min:7.57e-14], Node7: [Avg:1.04e-13, Max:3.04e-13, Min:5.83e-14], 
Self Tx power: RTS: (Avg: nan, Min: inf, Max: -inf), CTS: (Avg: nan, Min: inf, Max: -inf), ACK: (Avg: nan, Min: inf, Max: -inf), Data: (Avg: nan, Min: inf, Max: -inf)
CTS retry: 0, ACK retry: 0, # Receiver Drops: 0, # Pkts Receiver Drops: 0, # Sent ACKs: 0, # Pkts ACK sent for: 0, # Retransmissions: 0, # Pkts Retransmitted: 0, # Receptions: 0, # Pkts Received: 0, # Forwards: 0, # Pkts Forwarded: 0

Node17
Avg Received Power: 3.11e-14, Node0: [Avg:3.22e-14, Max:1.60e-13, Min:2.10e-14], Node1: [Avg:6.02e-14, Max:1.52e-13, Min:2.91e-14], Node2: [Avg:4.81e-14, Max:1.36e-13, Min:1.81e-14], Node3: [Avg:4.86e-14, Max:1.16e-13, Min:2.23e-14], Node4: [Avg:4.25e-14, Max:9.65e-14, Min:1.85e-14], Node5: [Avg:2.92e-14, Max:7.91e-14, Min:1.51e-14], Node6: [Avg:2.13e-14, Max:5.31e-14, Min:1.24e-14], Node7: [Avg:1.82e-14, Max:5.35e-14, Min:1.02e-14], 
Avg INTF: 3.48e-14, Node0: [Avg:3.22e-14, Max:1.60e-13, Min:2.10e-14], Node1: [Avg:6.02e-14, Max:1.52e-13, Min:2.91e-14], Node2: [Avg:4.81e-14, Max:1.36e-13, Min:1.81e-14], Node3: [Avg:4.86e-14, Max:1.16e-13, Min:2.23e-14], Node4: [Avg:4.25e-14, Max:9.65e-14, Min:1.85e-14], Node5: [Avg:2.92e-14, Max:7.91e-14, Min:1.51e-14], Node6: [Avg:2.13e-14, Max:5.31e-14, Min:1.24e-14], Node7: [Avg:1.82e-14, Max:5.35e-14, Min:1.02e-14], 
Self Tx power: RTS: (Avg: nan, Min: inf, Max: -inf), CTS: (Avg: nan, Min: inf, Max: -inf), ACK: (Avg: nan, Min: inf, Max: -inf), Data: (Avg: nan, Min: inf, Max: -inf)
CTS retry: 0, ACK retry: 0, # Receiver Drops: 0, # Pkts Receiver Drops: 0, # Sent ACKs: 0, # Pkts ACK sent for: 0, # Retransmissions: 0, # Pkts Retransmitted: 0, # Receptions: 0, # Pkts Received: 0, # Forwards: 0, # Pkts Forwarded: 0

