Packet ID,Enqueue Time (in s),Dequeue Time (in s),Dropped?,Drop Reason,Freezes,Tx INTF,Rx INTF
2000016397037_Node0_Node8_Zero,2000.034707,2000.073469,1,RetryLimit,132,0,nan
2000024594458_Node0_Node8_Zero,2000.034707,2000.073469,1,RetryLimit,132,0,nan
2000032793798_Node0_Node8_Zero,2000.034707,2000.073469,1,RetryLimit,132,0,nan
2000040988557_Node0_Node8_Zero,2000.041984,2000.076842,0,,100,7.572525408e-13,0
2000049188875_Node0_Node8_Zero,2000.050122,2000.076842,0,,67,7.572525408e-13,0
2000057386382_Node0_Node8_Zero,2000.05832,2000.076842,0,,34,7.572525408e-13,0
2000065582685_Node0_Node8_Zero,2000.066296,2000.078352,0,,1,7.572525408e-13,0
2000073777485_Node0_Node8_Zero,2000.074771,2000.078352,0,,0,7.572525408e-13,0
2000081969293_Node0_Node8_Zero,2000.08508,2000.085951,0,,0,7.572525408e-13,0
2000090163359_Node0_Node8_Zero,2000.091137,2000.092208,0,,0,7.572525408e-13,0
2000098356826_Node0_Node8_Zero,2000.100652,2000.101603,0,,0,7.572525408e-13,0
2000106549924_Node0_Node8_Zero,2000.107383,2000.108475,0,,0,7.572525408e-13,0
2000114751214_Node0_Node8_Zero,2000.124217,2000.125148,0,,0,7.572525408e-13,0
2000122945266_Node0_Node8_Zero,2000.132676,2000.136187,0,,0,7.572525408e-13,0
2000131142995_Node0_Node8_Zero,2000.132676,2000.136187,0,,0,7.572525408e-13,0
2000139340303_Node0_Node8_Zero,2000.142949,2000.14396,0,,0,7.572525408e-13,0
2000147541308_Node0_Node8_Zero,2000.148528,2000.149599,0,,0,7.572525408e-13,0
2000155737790_Node0_Node8_Zero,2000.158521,2000.168397,0,,33,7.572525408e-13,0
2000163931896_Node0_Node8_Zero,2000.166176,2000.174612,0,,1,7.572525408e-13,0
2000172127626_Node0_Node8_Zero,2000.173081,2000.174612,0,,0,7.572525408e-13,0
2000180323661_Node0_Node8_Zero,2000.181057,2000.183768,0,,0,7.572525408e-13,0
2000188525368_Node0_Node8_Zero,2000.189499,2000.19031,0,,0,7.572525408e-13,0
2000196722048_Node0_Node8_Zero,2000.197515,2000.198327,0,,0,7.572525408e-13,0
2000204918668_Node0_Node8_Zero,2000.205612,2000.206523,0,,0,7.572525408e-13,0
2000213117677_Node0_Node8_Zero,2000.213851,2000.215455,0,,0,7.572525408e-13,0
2000221318115_Node0_Node8_Zero,2000.224849,2000.22586,0,,0,8.045808246e-13,0
2000229511590_Node0_Node8_Zero,2000.230205,2000.231076,0,,0,7.572525408e-13,0
2000237709730_Node0_Node8_Zero,2000.238703,2000.239794,0,,0,4.73282838e-14,8.41391712e-14
2000245905276_Node0_Node8_Zero,2000.246679,2000.24761,0,,0,7.572525408e-13,0
2000254098879_Node0_Node8_Zero,2000.255052,2000.255904,0,,0,7.572525408e-13,0
2000262291769_Node0_Node8_Zero,2000.263225,2000.264136,0,,0,7.572525408e-13,0
2000270484450_Node0_Node8_Zero,2000.271398,2000.272449,0,,0,7.572525408e-13,0
2000278686066_Node0_Node8_Zero,2000.27948,2000.280431,0,,0,7.572525408e-13,0
2000286885239_Node0_Node8_Zero,2000.287739,2000.28879,0,,0,7.572525408e-13,0
2000295080767_Node0_Node8_Zero,2000.296034,2000.297085,0,,0,7.572525408e-13,0
2000303277216_Node0_Node8_Zero,2000.304051,2000.323383,0,,165,7.572525408e-13,0
2000311470579_Node0_Node8_Zero,2000.34749,2000.348381,0,,0,7.87542642432e-13,0
2000319669707_Node0_Node8_Zero,2000.354374,2000.3579,0,,61,8.80620525034716e-13,0
2000327870796_Node0_Node8_Zero,2000.354374,2000.362597,0,,94,7.572525408e-13,0
2000336065160_Node0_Node8_Zero,2000.354374,2000.362597,0,,94,7.572525408e-13,0
2000344259632_Node0_Node8_Zero,2000.355724,2000.380871,0,,315,2.10347928e-14,0
2000352460455_Node0_Node8_Zero,2000.355724,2000.379925,0,,315,7.572525408e-13,0
2000360657406_Node0_Node8_Zero,2000.364669,2000.388069,0,,249,7.782873336e-13,0
2000368850813_Node0_Node8_Zero,2000.371489,2000.388069,0,,94,7.782873336e-13,0
2000377052323_Node0_Node8_Zero,2000.377964,2000.388069,0,,0,7.782873336e-13,0
2000385244413_Node0_Node8_Zero,2000.385978,2000.389752,0,,32,7.572525408e-13,0
2000393438285_Node0_Node8_Zero,2000.398512,2000.406539,0,,94,8.626760184e-13,1.6472418375000002e-13
2000401635474_Node0_Node8_Zero,2000.404379,2041.810014,1,Expiry,17589,5.258698200000001e-13,nan
2000409829172_Node0_Node8_Zero,2000.411462,2041.810014,1,Expiry,17541,5.258698200000001e-13,nan
2000418023838_Node0_Node8_Zero,2000.425662,2000.725743,1,RetryLimit,3047,1.4412708819752044e-12,nan
2000426224713_Node0_Node8_Zero,2000.470916,2041.811861,1,Expiry,17541,0,nan
2000459021119_Node0_Node8_Zero,2000.488925,2000.680703,1,RetryLimit,3001,0,nan
2000467220107_Node0_Node8_Zero,2000.490908,2083.108787,1,Expiry,17407,0,nan
2000475412759_Node0_Node8_Zero,2000.490908,2083.108787,1,Expiry,17407,0,nan
2000450819421_Node0_Node8_Zero,2000.49315,2001.427129,1,RetryLimit,17272,1.0988825744344513e-12,nan
2000483613761_Node0_Node8_Zero,2000.500936,2001.427129,1,RetryLimit,16958,1.0988825744344513e-12,nan
2000500004442_Node0_Node8_Zero,2000.508383,2001.665543,1,RetryLimit,16739,0,nan
2000508200850_Node0_Node8_Zero,2000.50944,2001.665543,1,RetryLimit,16693,0,nan
2000491811479_Node0_Node8_Zero,2000.516103,2023.618899,1,Expiry,16424,1.04925114e-12,nan
2000434425219_Node0_Node8_Zero,2000.534097,2023.618899,1,Expiry,15976,1.04925114e-12,nan
2000442621827_Node0_Node8_Zero,2000.534097,2041.022422,1,Expiry,15976,0,nan
2000516398964_Node0_Node8_Zero,2000.543633,2041.022422,1,Expiry,15753,0,nan
2000524591392_Node0_Node8_Zero,2000.565106,2041.040138,1,Expiry,15211,0,nan
2000532786577_Node0_Node8_Zero,2000.565106,2041.040138,1,Expiry,15211,0,nan
2000549180034_Node0_Node8_Zero,2000.567228,2084.978688,1,Expiry,15123,0,nan
2000540980095_Node0_Node8_Zero,2000.573644,2084.978688,1,Expiry,14857,0,nan
2000557381185_Node0_Node8_Zero,2000.5769,2001.499954,1,RetryLimit,14718,1.599025356023176e-12,nan
2000565578095_Node0_Node8_Zero,2000.840486,2001.604588,1,RetryLimit,14314,0,nan
2000573777168_Node0_Node8_Zero,2000.840486,2001.604588,1,RetryLimit,14314,0,nan
2000581974900_Node0_Node8_Zero,2000.843644,2001.259966,1,RetryLimit,12613,0,nan
2000590172515_Node0_Node8_Zero,2000.85196,2001.259966,1,RetryLimit,12202,0,nan
2000614761829_Node0_Node8_Zero,2000.904192,2083.088133,1,Expiry,12906,0,nan
2000622962990_Node0_Node8_Zero,2000.904192,2083.088133,1,Expiry,12906,0,nan
2000631160849_Node0_Node8_Zero,2000.908966,2041.010044,1,Expiry,12906,5.258698200000001e-13,nan
2000639360019_Node0_Node8_Zero,2000.908966,2041.010044,1,Expiry,12906,5.258698200000001e-13,nan
2000663951272_Node0_Node8_Zero,2000.93839,2001.899042,1,RetryLimit,12636,0,nan
2000672144277_Node0_Node8_Zero,2000.93839,2001.899042,1,RetryLimit,12636,0,nan
2000647557980_Node0_Node8_Zero,2000.946789,2080.947532,1,Expiry,12297,1.04925114e-12,nan
2000655755794_Node0_Node8_Zero,2000.946789,2080.947532,1,Expiry,12297,1.04925114e-12,nan
2000680342487_Node0_Node8_Zero,2000.949186,2094.313929,1,Expiry,12209,0,nan
2000688536010_Node0_Node8_Zero,2000.949186,2094.313929,1,Expiry,12209,0,nan
2000696734406_Node0_Node8_Zero,2000.951283,2001.620192,1,RetryLimit,12120,0,nan
2000704929392_Node0_Node8_Zero,2000.951283,2001.620192,1,RetryLimit,12120,0,nan
2000713124782_Node0_Node8_Zero,2000.958744,2083.090129,1,Expiry,11854,0,nan
2000729511320_Node0_Node8_Zero,2000.968826,2083.090129,1,Expiry,11437,0,nan
2000737706909_Node0_Node8_Zero,2000.968826,2083.092214,1,Expiry,11437,0,nan
2000721316737_Node0_Node8_Zero,2000.991917,2083.092214,1,Expiry,10814,0,nan
2000770499797_Node0_Node8_Zero,2001.000803,2003.852459,1,Expiry,10634,1.04925114e-12,nan
2000778700313_Node0_Node8_Zero,2001.009253,2003.852459,1,Expiry,10369,1.04925114e-12,nan
2000786901518_Node0_Node8_Zero,2001.009253,2003.852459,1,Expiry,10369,1.04925114e-12,nan
2000803293641_Node0_Node8_Zero,2001.014127,2003.852459,1,Expiry,10193,1.04925114e-12,nan
2000819684075_Node0_Node8_Zero,2001.020753,2003.852459,1,Expiry,9927,1.04925114e-12,nan
2000827885073_Node0_Node8_Zero,2001.030086,2003.852459,1,Expiry,9682,1.04925114e-12,nan
2000836083169_Node0_Node8_Zero,2001.030086,2003.852459,1,Expiry,9682,1.04925114e-12,nan
2000811487085_Node0_Node8_Zero,2001.054756,2003.852459,1,Expiry,8973,1.04925114e-12,nan
2000844279906_Node0_Node8_Zero,2001.065225,2003.852459,1,Expiry,8703,1.04925114e-12,nan
2000852478409_Node0_Node8_Zero,2001.065225,2003.934426,1,Expiry,8703,0,nan
2000860673221_Node0_Node8_Zero,2001.070265,2003.934426,1,Expiry,8527,0,nan
2000868874160_Node0_Node8_Zero,2001.070265,2003.934426,1,Expiry,8527,0,nan
2000877072995_Node0_Node8_Zero,2001.07437,2003.934426,1,Expiry,8350,0,nan
2000901663554_Node0_Node8_Zero,2001.078081,2003.934426,1,Expiry,8254,0,nan
2000893466581_Node0_Node8_Zero,2001.085105,2003.934426,1,Expiry,8029,0,nan
2000885271588_Node0_Node8_Zero,2001.094256,2003.934426,1,Expiry,7712,0,nan
2000918053613_Node0_Node8_Zero,2001.104382,2003.934426,1,Expiry,7446,0,nan
2000926254996_Node0_Node8_Zero,2001.110516,2003.934426,1,Expiry,7218,0,nan
2000934454808_Node0_Node8_Zero,2001.110516,2004.016393,1,Expiry,7218,1.04925114e-12,nan
2000942646926_Node0_Node8_Zero,2001.115469,2004.016393,1,Expiry,7040,1.04925114e-12,nan
2000983628036_Node0_Node8_Zero,2001.121838,2004.016393,1,Expiry,6774,1.04925114e-12,nan
2000959039724_Node0_Node8_Zero,2001.123761,2004.016393,1,Expiry,6685,1.04925114e-12,nan
2000967237944_Node0_Node8_Zero,2001.123761,2004.016393,1,Expiry,6685,1.04925114e-12,nan
2000975435817_Node0_Node8_Zero,2001.127946,2004.016393,1,Expiry,6507,1.04925114e-12,nan
2000991822679_Node0_Node8_Zero,2001.142087,2004.016393,1,Expiry,6064,1.04925114e-12,nan
2000950845599_Node0_Node8_Zero,2001.155404,2004.016393,1,Expiry,5533,1.04925114e-12,nan
2001008217961_Node0_Node8_Zero,2001.157566,2004.016393,1,Expiry,5444,1.04925114e-12,nan
2001016413766_Node0_Node8_Zero,2001.157566,2004.098361,1,Expiry,5444,1.04925114e-12,nan
2001024614447_Node0_Node8_Zero,2001.159803,2004.098361,1,Expiry,5355,1.04925114e-12,nan
2001032811614_Node0_Node8_Zero,2001.159803,2004.098361,1,Expiry,5355,1.04925114e-12,nan
2001041011113_Node0_Node8_Zero,2001.1617,2004.098361,1,Expiry,5267,1.04925114e-12,nan
2001073798930_Node0_Node8_Zero,2001.170386,2004.098361,1,Expiry,4913,1.04925114e-12,nan
2001081998985_Node0_Node8_Zero,2001.170386,2004.098361,1,Expiry,4913,1.04925114e-12,nan
2001057402637_Node0_Node8_Zero,2001.172768,2004.098361,1,Expiry,4824,1.04925114e-12,nan
2001065597722_Node0_Node8_Zero,2001.172768,2004.098361,1,Expiry,4824,1.04925114e-12,nan
2001090195508_Node0_Node8_Zero,2001.179325,2004.098361,1,Expiry,4609,1.04925114e-12,nan
2001098393881_Node0_Node8_Zero,2001.179325,2004.180328,1,Expiry,4609,1.04925114e-12,nan
2001122991440_Node0_Node8_Zero,2001.185363,2004.180328,1,Expiry,4346,1.04925114e-12,nan
2001131191780_Node0_Node8_Zero,2001.185363,2004.180328,1,Expiry,4346,1.04925114e-12,nan
2001114792656_Node0_Node8_Zero,2001.188439,2004.180328,1,Expiry,4221,1.04925114e-12,nan
2001139391243_Node0_Node8_Zero,2001.192184,2004.180328,1,Expiry,4044,1.04925114e-12,nan
2001147585622_Node0_Node8_Zero,2001.192184,2004.180328,1,Expiry,4044,1.04925114e-12,nan
2001106594515_Node0_Node8_Zero,2001.196069,2004.180328,1,Expiry,3867,1.04925114e-12,nan
2001155779486_Node0_Node8_Zero,2001.199915,2004.180328,1,Expiry,3690,1.04925114e-12,nan
2001180358550_Node0_Node8_Zero,2001.201889,2004.262295,1,Expiry,3601,1.04925114e-12,nan
2001172165937_Node0_Node8_Zero,2001.203866,2004.180328,1,Expiry,3512,1.04925114e-12,nan
2001188551938_Node0_Node8_Zero,2001.211047,2004.262295,1,Expiry,3199,1.04925114e-12,nan
2001196743871_Node0_Node8_Zero,2001.211047,2004.262295,1,Expiry,3199,1.04925114e-12,nan
2001163971715_Node0_Node8_Zero,2001.216849,2004.180328,1,Expiry,3021,1.04925114e-12,nan
2001204936322_Node0_Node8_Zero,2001.241749,2004.262295,1,Expiry,2263,1.04925114e-12,nan
2001213130036_Node0_Node8_Zero,2001.243631,2004.262295,1,Expiry,2174,1.04925114e-12,nan
2001221327999_Node0_Node8_Zero,2001.25125,2004.262295,1,Expiry,1840,1.04925114e-12,nan
2001245922921_Node0_Node8_Zero,2001.278652,2004.262295,1,Expiry,1339,1.04925114e-12,nan
2001254121121_Node0_Node8_Zero,2001.278652,2004.262295,1,Expiry,1339,1.04925114e-12,nan
2001229523972_Node0_Node8_Zero,2001.283093,2004.262295,1,Expiry,1156,1.04925114e-12,nan
2001237723635_Node0_Node8_Zero,2001.283093,2004.262295,1,Expiry,1156,1.04925114e-12,nan
2001262318379_Node0_Node8_Zero,2001.288436,2004.344262,1,Expiry,1020,1.04925114e-12,nan
2001270513678_Node0_Node8_Zero,2001.288436,2004.344262,1,Expiry,1020,1.04925114e-12,nan
2001278712165_Node0_Node8_Zero,2001.289639,2004.344262,1,Expiry,973,1.04925114e-12,nan
2001286909940_Node0_Node8_Zero,2001.298308,2004.344262,1,Expiry,747,1.04925114e-12,nan
2000909860290_Node0_Node8_Zero,2001.657229,2003.934426,1,Expiry,0,0,nan
2001311497056_Node0_Node8_Zero,2001.804095,2004.344262,1,Expiry,0,1.04925114e-12,nan
2001319694132_Node0_Node8_Zero,2001.804095,2004.344262,1,Expiry,0,1.04925114e-12,nan
2001327890039_Node0_Node8_Zero,2001.808149,2004.344262,1,Expiry,0,1.04925114e-12,nan
2001336089091_Node0_Node8_Zero,2001.808149,2004.344262,1,Expiry,0,1.04925114e-12,nan
2001303297773_Node0_Node8_Zero,2001.809472,2004.344262,1,Expiry,0,1.04925114e-12,nan
2001352481309_Node0_Node8_Zero,2001.815847,2004.42623,1,Expiry,0,0,nan
2001360680781_Node0_Node8_Zero,2001.819692,2004.42623,1,Expiry,0,0,nan
2001368881052_Node0_Node8_Zero,2001.819692,2004.42623,1,Expiry,0,0,nan
2001377075592_Node0_Node8_Zero,2001.823865,2004.42623,1,Expiry,0,0,nan
2001385271282_Node0_Node8_Zero,2001.823865,2004.42623,1,Expiry,0,0,nan
2001393464247_Node0_Node8_Zero,2001.827905,2004.42623,1,Expiry,0,0,nan
2001401658996_Node0_Node8_Zero,2001.827905,2004.42623,1,Expiry,0,0,nan
2001409856975_Node0_Node8_Zero,2001.829787,2004.42623,1,Expiry,0,0,nan
2001418057157_Node0_Node8_Zero,2001.829787,2004.42623,1,Expiry,0,0,nan
2001434448726_Node0_Node8_Zero,2001.835684,2004.508197,1,Expiry,0,1.04925114e-12,nan
2001426253952_Node0_Node8_Zero,2001.837601,2004.508197,1,Expiry,0,1.04925114e-12,nan
2001442645327_Node0_Node8_Zero,2001.839523,2004.508197,1,Expiry,0,1.04925114e-12,nan
2001450838409_Node0_Node8_Zero,2001.839523,2004.508197,1,Expiry,0,1.04925114e-12,nan
2001459032984_Node0_Node8_Zero,2001.841566,2004.508197,1,Expiry,0,1.04925114e-12,nan
2001467230345_Node0_Node8_Zero,2001.841566,2004.508197,1,Expiry,0,1.04925114e-12,nan
2001475426472_Node0_Node8_Zero,2001.843468,2004.508197,1,Expiry,0,1.04925114e-12,nan
2001483625962_Node0_Node8_Zero,2001.843468,2004.508197,1,Expiry,0,1.04925114e-12,nan
2001491823004_Node0_Node8_Zero,2001.845291,2004.508197,1,Expiry,0,1.04925114e-12,nan
2001500021082_Node0_Node8_Zero,2001.845291,2004.508197,1,Expiry,0,1.04925114e-12,nan
2001508220369_Node0_Node8_Zero,2001.847273,2004.590164,1,Expiry,0,0,nan
2001516419625_Node0_Node8_Zero,2001.847273,2004.590164,1,Expiry,0,0,nan
2001549219626_Node0_Node8_Zero,2001.857121,2004.590164,1,Expiry,0,0,nan
2001557412451_Node0_Node8_Zero,2001.872133,2004.590164,1,Expiry,0,0,nan
2001565608759_Node0_Node8_Zero,2001.872133,2004.590164,1,Expiry,0,0,nan
2001524620236_Node0_Node8_Zero,2001.874455,2004.590164,1,Expiry,0,0,nan
2001532819827_Node0_Node8_Zero,2001.874455,2004.590164,1,Expiry,0,0,nan
2001541018375_Node0_Node8_Zero,2001.879141,2004.590164,1,Expiry,0,0,nan
2001344282184_Node0_Node8_Zero,2001.911359,2004.42623,1,Expiry,0,0,nan
2001295105919_Node0_Node8_Zero,2001.942111,2004.344262,1,Expiry,0,1.04925114e-12,nan
2001573809773_Node0_Node8_Zero,2001.966919,2004.590164,1,Expiry,0,0,nan
2001590202674_Node0_Node8_Zero,2002.063925,2004.672131,1,Expiry,0,1.04925114e-12,nan
2001598398854_Node0_Node8_Zero,2002.063925,2004.672131,1,Expiry,0,1.04925114e-12,nan
2001606597646_Node0_Node8_Zero,2002.065787,2004.672131,1,Expiry,0,1.04925114e-12,nan
2001614798192_Node0_Node8_Zero,2002.065787,2004.672131,1,Expiry,0,1.04925114e-12,nan
2001622993668_Node0_Node8_Zero,2002.06791,2004.672131,1,Expiry,0,1.04925114e-12,nan
2001631190757_Node0_Node8_Zero,2002.06791,2004.672131,1,Expiry,0,1.04925114e-12,nan
2001639392405_Node0_Node8_Zero,2002.069952,2004.672131,1,Expiry,0,1.04925114e-12,nan
2001647592520_Node0_Node8_Zero,2002.069952,2004.672131,1,Expiry,0,1.04925114e-12,nan
2001655791868_Node0_Node8_Zero,2002.072035,2004.672131,1,Expiry,0,1.04925114e-12,nan
2001663986857_Node0_Node8_Zero,2002.072035,2004.672131,1,Expiry,0,1.04925114e-12,nan
2001672188125_Node0_Node8_Zero,2002.073958,2004.754098,1,Expiry,0,1.04925114e-12,nan
2001680385691_Node0_Node8_Zero,2002.073958,2004.754098,1,Expiry,0,1.04925114e-12,nan
2001688583020_Node0_Node8_Zero,2002.078037,2004.754098,1,Expiry,0,1.04925114e-12,nan
2001696779784_Node0_Node8_Zero,2002.078037,2004.754098,1,Expiry,0,1.04925114e-12,nan
2001704976557_Node0_Node8_Zero,2002.0799,2004.754098,1,Expiry,0,1.04925114e-12,nan
2001713169333_Node0_Node8_Zero,2002.0799,2004.754098,1,Expiry,0,1.04925114e-12,nan
2001721365691_Node0_Node8_Zero,2002.081762,2004.754098,1,Expiry,0,1.04925114e-12,nan
2001729561707_Node0_Node8_Zero,2002.081762,2004.754098,1,Expiry,0,1.04925114e-12,nan
2001737757516_Node0_Node8_Zero,2002.083685,2004.754098,1,Expiry,0,1.04925114e-12,nan
2001745957135_Node0_Node8_Zero,2002.083685,2004.754098,1,Expiry,0,1.04925114e-12,nan
2001754150719_Node0_Node8_Zero,2002.085547,2004.836066,1,Expiry,0,1.04925114e-12,nan
2001762344630_Node0_Node8_Zero,2002.085547,2004.836066,1,Expiry,0,1.04925114e-12,nan
2001770538861_Node0_Node8_Zero,2002.093838,2004.836066,1,Expiry,0,1.04925114e-12,nan
2001778736958_Node0_Node8_Zero,2002.093838,2004.836066,1,Expiry,0,1.04925114e-12,nan
2001786929155_Node0_Node8_Zero,2002.0958,2004.836066,1,Expiry,0,1.04925114e-12,nan
2001795125207_Node0_Node8_Zero,2002.0958,2004.836066,1,Expiry,0,1.04925114e-12,nan
2001803323608_Node0_Node8_Zero,2002.097683,2004.836066,1,Expiry,0,1.04925114e-12,nan
2001811523800_Node0_Node8_Zero,2002.097683,2004.836066,1,Expiry,0,1.04925114e-12,nan
2001819717844_Node0_Node8_Zero,2002.101828,2004.836066,1,Expiry,0,1.04925114e-12,nan
2001827909622_Node0_Node8_Zero,2002.101828,2004.836066,1,Expiry,0,1.04925114e-12,nan
2001836108534_Node0_Node8_Zero,2002.10375,2004.918033,1,Expiry,0,1.04925114e-12,nan
2001844300363_Node0_Node8_Zero,2002.10375,2004.918033,1,Expiry,0,1.04925114e-12,nan
2001852497348_Node0_Node8_Zero,2002.105573,2004.918033,1,Expiry,0,1.04925114e-12,nan
2001860699068_Node0_Node8_Zero,2002.105573,2004.918033,1,Expiry,0,1.04925114e-12,nan
2001868892766_Node0_Node8_Zero,2002.109418,2004.918033,1,Expiry,0,1.04925114e-12,nan
2001877091249_Node0_Node8_Zero,2002.109418,2004.918033,1,Expiry,0,1.04925114e-12,nan
2001885286134_Node0_Node8_Zero,2002.119565,2004.918033,1,Expiry,0,1.04925114e-12,nan
2001893483465_Node0_Node8_Zero,2002.119565,2004.918033,1,Expiry,0,1.04925114e-12,nan
2001926281101_Node0_Node8_Zero,2002.12345,2005.0,1,Expiry,0,0,nan
2001901683908_Node0_Node8_Zero,2002.125313,2004.918033,1,Expiry,0,1.04925114e-12,nan
2001909882295_Node0_Node8_Zero,2002.125313,2004.918033,1,Expiry,0,1.04925114e-12,nan
2001918080381_Node0_Node8_Zero,2002.158343,2005.0,1,Expiry,0,0,nan
2001934473843_Node0_Node8_Zero,2002.164819,2005.0,1,Expiry,0,0,nan
2001942672948_Node0_Node8_Zero,2002.164819,2005.0,1,Expiry,0,0,nan
2001582001607_Node0_Node8_Zero,2002.169544,2004.590164,1,Expiry,0,0,nan
2001950866070_Node0_Node8_Zero,2002.280301,2005.0,1,Expiry,0,0,nan
2001959060015_Node0_Node8_Zero,2002.280301,2005.0,1,Expiry,0,0,nan
2001967258616_Node0_Node8_Zero,2002.282244,2005.0,1,Expiry,0,0,nan
2001975459123_Node0_Node8_Zero,2002.282244,2005.0,1,Expiry,0,0,nan
2001983654318_Node0_Node8_Zero,2002.288306,2005.0,1,Expiry,0,0,nan
2001991847877_Node0_Node8_Zero,2002.288306,2005.0,1,Expiry,0,0,nan
2002000043025_Node0_Node8_Zero,2002.290208,2005.081967,1,Expiry,0,0,nan
2002008235446_Node0_Node8_Zero,2002.290208,2005.081967,1,Expiry,0,0,nan
2002016431561_Node0_Node8_Zero,2002.292051,2005.081967,1,Expiry,0,0,nan
2002024627820_Node0_Node8_Zero,2002.292051,2005.081967,1,Expiry,0,0,nan
2002032825010_Node0_Node8_Zero,2002.293893,2005.081967,1,Expiry,0,0,nan
2002041017129_Node0_Node8_Zero,2002.293893,2005.081967,1,Expiry,0,0,nan
2002049209619_Node0_Node8_Zero,2002.301804,2005.081967,1,Expiry,0,0,nan
2002057402296_Node0_Node8_Zero,2002.301804,2005.081967,1,Expiry,0,0,nan
2002065594249_Node0_Node8_Zero,2002.305863,2005.081967,1,Expiry,0,0,nan
2002073789611_Node0_Node8_Zero,2002.305863,2005.081967,1,Expiry,0,0,nan
2002081987437_Node0_Node8_Zero,2002.307906,2005.163934,1,Expiry,0,0,nan
2002090182261_Node0_Node8_Zero,2002.307906,2005.163934,1,Expiry,0,0,nan
2002098383060_Node0_Node8_Zero,2002.309768,2005.163934,1,Expiry,0,0,nan
2002106578745_Node0_Node8_Zero,2002.309768,2005.163934,1,Expiry,0,0,nan
2002114776032_Node0_Node8_Zero,2002.311711,2005.163934,1,Expiry,0,0,nan
2002122975708_Node0_Node8_Zero,2002.311711,2005.163934,1,Expiry,0,0,nan
2002131175172_Node0_Node8_Zero,2002.315716,2005.163934,1,Expiry,0,0,nan
2002139368296_Node0_Node8_Zero,2002.315716,2005.163934,1,Expiry,0,0,nan
2002147568436_Node0_Node8_Zero,2002.317738,2005.163934,1,Expiry,0,0,nan
2002155767586_Node0_Node8_Zero,2002.317738,2005.163934,1,Expiry,0,0,nan
2002163962347_Node0_Node8_Zero,2002.319621,2005.245902,1,Expiry,0,1.04925114e-12,nan
2002172162819_Node0_Node8_Zero,2002.319621,2005.245902,1,Expiry,0,1.04925114e-12,nan
2002180354867_Node0_Node8_Zero,2002.325457,2005.245902,1,Expiry,0,1.04925114e-12,nan
2002188550158_Node0_Node8_Zero,2002.325457,2005.245902,1,Expiry,0,1.04925114e-12,nan
2002196748109_Node0_Node8_Zero,2002.331659,2005.245902,1,Expiry,0,1.04925114e-12,nan
2002204949404_Node0_Node8_Zero,2002.331659,2005.245902,1,Expiry,0,1.04925114e-12,nan
2002213148718_Node0_Node8_Zero,2002.335639,2005.245902,1,Expiry,0,1.04925114e-12,nan
2002221341818_Node0_Node8_Zero,2002.335639,2005.245902,1,Expiry,0,1.04925114e-12,nan
2002229539844_Node0_Node8_Zero,2002.337621,2005.245902,1,Expiry,0,1.04925114e-12,nan
2002237731806_Node0_Node8_Zero,2002.337621,2005.245902,1,Expiry,0,1.04925114e-12,nan
2002245931342_Node0_Node8_Zero,2002.339444,2005.327869,1,Expiry,0,1.04925114e-12,nan
2002254132105_Node0_Node8_Zero,2002.339444,2005.327869,1,Expiry,0,1.04925114e-12,nan
2002262330619_Node0_Node8_Zero,2002.343309,2005.327869,1,Expiry,0,1.04925114e-12,nan
2002270530336_Node0_Node8_Zero,2002.343309,2005.327869,1,Expiry,0,1.04925114e-12,nan
2002278725811_Node0_Node8_Zero,2002.349111,2005.327869,1,Expiry,0,1.04925114e-12,nan
2002286919536_Node0_Node8_Zero,2002.349111,2005.327869,1,Expiry,0,1.04925114e-12,nan
2002295120823_Node0_Node8_Zero,2002.350954,2005.327869,1,Expiry,0,1.04925114e-12,nan
2002303313139_Node0_Node8_Zero,2002.350954,2005.327869,1,Expiry,0,1.04925114e-12,nan
2002311507031_Node0_Node8_Zero,2002.354779,2005.327869,1,Expiry,0,1.04925114e-12,nan
2002319707809_Node0_Node8_Zero,2002.354779,2005.327869,1,Expiry,0,1.04925114e-12,nan
2002327900021_Node0_Node8_Zero,2002.356741,2005.409836,1,Expiry,0,1.04925114e-12,nan
2002336099329_Node0_Node8_Zero,2002.356741,2005.409836,1,Expiry,0,1.04925114e-12,nan
2002344297122_Node0_Node8_Zero,2002.358744,2005.409836,1,Expiry,0,1.04925114e-12,nan
2002352491598_Node0_Node8_Zero,2002.358744,2005.409836,1,Expiry,0,1.04925114e-12,nan
2002360684951_Node0_Node8_Zero,2002.363766,2005.409836,1,Expiry,0,1.04925114e-12,nan
2002368878896_Node0_Node8_Zero,2002.370484,2005.409836,1,Expiry,0,1.04925114e-12,nan
2002377076174_Node0_Node8_Zero,2002.379145,2005.409836,1,Expiry,0,1.04925114e-12,nan
2002385269535_Node0_Node8_Zero,2002.3868,2005.409836,1,Expiry,0,1.04925114e-12,nan
2002393468803_Node0_Node8_Zero,2002.39502,2005.409836,1,Expiry,0,1.04925114e-12,nan
2002401669111_Node0_Node8_Zero,2002.40382,2005.409836,1,Expiry,0,1.04925114e-12,nan
2002409868778_Node0_Node8_Zero,2002.412426,2005.491803,1,Expiry,0,0,nan
2002418060854_Node0_Node8_Zero,2002.419484,2005.491803,1,Expiry,0,0,nan
2002426254155_Node0_Node8_Zero,2002.428745,2005.491803,1,Expiry,0,0,nan
2002434448729_Node0_Node8_Zero,2002.441324,2005.491803,1,Expiry,0,0,nan
2002442640623_Node0_Node8_Zero,2002.444929,2005.491803,1,Expiry,0,0,nan
2002450833441_Node0_Node8_Zero,2002.733916,2005.491803,1,Expiry,0,0,nan
2002459034839_Node0_Node8_Zero,2003.118967,2005.491803,1,Expiry,0,0,nan
2002467235203_Node0_Node8_Zero,2003.118967,2005.491803,1,Expiry,0,0,nan
2002475433610_Node0_Node8_Zero,2003.120909,2005.491803,1,Expiry,0,0,nan
2002483626485_Node0_Node8_Zero,2003.120909,2005.491803,1,Expiry,0,0,nan
2002491819077_Node0_Node8_Zero,2003.125114,2005.57377,1,Expiry,0,1.04925114e-12,nan
2002500010921_Node0_Node8_Zero,2003.125114,2005.57377,1,Expiry,0,1.04925114e-12,nan
2002508212002_Node0_Node8_Zero,2003.129274,2005.57377,1,Expiry,0,1.04925114e-12,nan
2002516409894_Node0_Node8_Zero,2003.129274,2005.57377,1,Expiry,0,1.04925114e-12,nan
2002524604313_Node0_Node8_Zero,2003.131276,2005.57377,1,Expiry,0,1.04925114e-12,nan
2002532800732_Node0_Node8_Zero,2003.131276,2005.57377,1,Expiry,0,1.04925114e-12,nan
2002540993764_Node0_Node8_Zero,2003.133259,2005.57377,1,Expiry,0,1.04925114e-12,nan
2002549187591_Node0_Node8_Zero,2003.133259,2005.57377,1,Expiry,0,1.04925114e-12,nan
2002557386659_Node0_Node8_Zero,2003.135122,2005.57377,1,Expiry,0,1.04925114e-12,nan
2002565586801_Node0_Node8_Zero,2003.135122,2005.57377,1,Expiry,0,1.04925114e-12,nan
2002573781599_Node0_Node8_Zero,2003.139167,2005.655738,1,Expiry,0,0,nan
2002581982196_Node0_Node8_Zero,2003.139167,2005.655738,1,Expiry,0,0,nan
2002590183583_Node0_Node8_Zero,2003.147491,2005.655738,1,Expiry,0,0,nan
2002598378581_Node0_Node8_Zero,2003.147491,2005.655738,1,Expiry,0,0,nan
2002606573903_Node0_Node8_Zero,2003.149374,2005.655738,1,Expiry,0,0,nan
2002614771968_Node0_Node8_Zero,2003.149374,2005.655738,1,Expiry,0,0,nan
2002622968664_Node0_Node8_Zero,2003.151236,2005.655738,1,Expiry,0,0,nan
2002631161327_Node0_Node8_Zero,2003.151236,2005.655738,1,Expiry,0,0,nan
2002639360297_Node0_Node8_Zero,2003.155341,2005.655738,1,Expiry,0,0,nan
2002647560153_Node0_Node8_Zero,2003.155341,2005.655738,1,Expiry,0,0,nan
2002655756540_Node0_Node8_Zero,2003.157204,2005.737705,1,Expiry,0,1.04925114e-12,nan
2002663956788_Node0_Node8_Zero,2003.157204,2005.737705,1,Expiry,0,1.04925114e-12,nan
2002672156231_Node0_Node8_Zero,2003.159247,2005.737705,1,Expiry,0,1.04925114e-12,nan
2002680357184_Node0_Node8_Zero,2003.159247,2005.737705,1,Expiry,0,1.04925114e-12,nan
2002688550946_Node0_Node8_Zero,2003.161089,2005.737705,1,Expiry,0,1.04925114e-12,nan
2002696743481_Node0_Node8_Zero,2003.161089,2005.737705,1,Expiry,0,1.04925114e-12,nan
2002704937666_Node0_Node8_Zero,2003.167285,2005.737705,1,Expiry,0,1.04925114e-12,nan
2002713135871_Node0_Node8_Zero,2003.167285,2005.737705,1,Expiry,0,1.04925114e-12,nan
2002721334026_Node0_Node8_Zero,2003.169128,2005.737705,1,Expiry,0,1.04925114e-12,nan
2002729535156_Node0_Node8_Zero,2003.169128,2005.737705,1,Expiry,0,1.04925114e-12,nan
2002737728294_Node0_Node8_Zero,2003.170951,2005.819672,1,Expiry,0,1.04925114e-12,nan
2002745929040_Node0_Node8_Zero,2003.170951,2005.819672,1,Expiry,0,1.04925114e-12,nan
2002754130103_Node0_Node8_Zero,2003.17505,2005.819672,1,Expiry,0,1.04925114e-12,nan
2002762331212_Node0_Node8_Zero,2003.17505,2005.819672,1,Expiry,0,1.04925114e-12,nan
2002770524155_Node0_Node8_Zero,2003.179255,2005.819672,1,Expiry,0,1.04925114e-12,nan
2002778719963_Node0_Node8_Zero,2003.179255,2005.819672,1,Expiry,0,1.04925114e-12,nan
2002786914255_Node0_Node8_Zero,2003.181078,2005.819672,1,Expiry,0,1.04925114e-12,nan
2002795114244_Node0_Node8_Zero,2003.181078,2005.819672,1,Expiry,0,1.04925114e-12,nan
2002803309137_Node0_Node8_Zero,2003.183,2005.819672,1,Expiry,0,1.04925114e-12,nan
2002811508522_Node0_Node8_Zero,2003.183,2005.819672,1,Expiry,0,1.04925114e-12,nan
2002819703331_Node0_Node8_Zero,2003.186905,2005.901639,1,Expiry,0,0,nan
2002827895752_Node0_Node8_Zero,2003.186905,2005.901639,1,Expiry,0,0,nan
2002836093080_Node0_Node8_Zero,2003.188728,2005.901639,1,Expiry,0,0,nan
2002844287653_Node0_Node8_Zero,2003.188728,2005.901639,1,Expiry,0,0,nan
2002852480337_Node0_Node8_Zero,2003.190611,2005.901639,1,Expiry,0,0,nan
2002860678208_Node0_Node8_Zero,2003.190611,2005.901639,1,Expiry,0,0,nan
2002868874902_Node0_Node8_Zero,2003.194476,2005.901639,1,Expiry,0,0,nan
2002877075005_Node0_Node8_Zero,2003.194476,2005.901639,1,Expiry,0,0,nan
2002885267790_Node0_Node8_Zero,2003.196358,2005.901639,1,Expiry,0,0,nan
2002893462761_Node0_Node8_Zero,2003.196358,2005.901639,1,Expiry,0,0,nan
2002901663677_Node0_Node8_Zero,2003.198281,2005.983607,1,Expiry,0,1.04925114e-12,nan
2002909858822_Node0_Node8_Zero,2003.198281,2005.983607,1,Expiry,0,1.04925114e-12,nan
2002918055922_Node0_Node8_Zero,2003.200283,2005.983607,1,Expiry,0,1.04925114e-12,nan
2002926256457_Node0_Node8_Zero,2003.200283,2005.983607,1,Expiry,0,1.04925114e-12,nan
2002934456764_Node0_Node8_Zero,2003.202166,2005.983607,1,Expiry,0,1.04925114e-12,nan
2002942653495_Node0_Node8_Zero,2003.202166,2005.983607,1,Expiry,0,1.04925114e-12,nan
2002950849337_Node0_Node8_Zero,2003.204108,2005.983607,1,Expiry,0,1.04925114e-12,nan
2002959050671_Node0_Node8_Zero,2003.204108,2005.983607,1,Expiry,0,1.04925114e-12,nan
2002967242752_Node0_Node8_Zero,2003.218601,2005.983607,1,Expiry,0,1.04925114e-12,nan
2002975441638_Node0_Node8_Zero,2003.218601,2005.983607,1,Expiry,0,1.04925114e-12,nan
2002983640355_Node0_Node8_Zero,2003.22256,2006.065574,1,Expiry,0,0,nan
2002991836974_Node0_Node8_Zero,2003.22256,2006.065574,1,Expiry,0,0,nan
2003000030454_Node0_Node8_Zero,2003.224403,2006.065574,1,Expiry,0,0,nan
2003008226692_Node0_Node8_Zero,2003.224403,2006.065574,1,Expiry,0,0,nan
2003016423541_Node0_Node8_Zero,2003.226405,2006.065574,1,Expiry,0,0,nan
2003024623717_Node0_Node8_Zero,2003.226405,2006.065574,1,Expiry,0,0,nan
2003032824721_Node0_Node8_Zero,2003.228488,2006.065574,1,Expiry,0,0,nan
2003041023783_Node0_Node8_Zero,2003.228488,2006.065574,1,Expiry,0,0,nan
2003049224409_Node0_Node8_Zero,2003.23031,2006.065574,1,Expiry,0,0,nan
2003057422076_Node0_Node8_Zero,2003.23031,2006.065574,1,Expiry,0,0,nan
2003065620097_Node0_Node8_Zero,2003.232193,2006.147541,1,Expiry,0,1.04925114e-12,nan
2003073812992_Node0_Node8_Zero,2003.232193,2006.147541,1,Expiry,0,1.04925114e-12,nan
2003082013191_Node0_Node8_Zero,2003.234196,2006.147541,1,Expiry,0,1.04925114e-12,nan
2003090206900_Node0_Node8_Zero,2003.234196,2006.147541,1,Expiry,0,1.04925114e-12,nan
2003098402780_Node0_Node8_Zero,2003.240218,2006.147541,1,Expiry,0,1.04925114e-12,nan
2003106594662_Node0_Node8_Zero,2003.240218,2006.147541,1,Expiry,0,1.04925114e-12,nan
2003114791052_Node0_Node8_Zero,2003.244237,2006.147541,1,Expiry,0,1.04925114e-12,nan
2003122985965_Node0_Node8_Zero,2003.244237,2006.147541,1,Expiry,0,1.04925114e-12,nan
2003131186989_Node0_Node8_Zero,2003.24606,2006.147541,1,Expiry,0,1.04925114e-12,nan
2003139387943_Node0_Node8_Zero,2003.24606,2006.147541,1,Expiry,0,1.04925114e-12,nan
2003147580339_Node0_Node8_Zero,2003.247902,2006.229508,1,Expiry,0,0,nan
2003155775956_Node0_Node8_Zero,2003.247902,2006.229508,1,Expiry,0,0,nan
2003163969102_Node0_Node8_Zero,2003.249785,2006.229508,1,Expiry,0,0,nan
2003172164147_Node0_Node8_Zero,2003.249785,2006.229508,1,Expiry,0,0,nan
2003180362551_Node0_Node8_Zero,2003.251727,2006.229508,1,Expiry,0,0,nan
2003188556181_Node0_Node8_Zero,2003.251727,2006.229508,1,Expiry,0,0,nan
2003196750426_Node0_Node8_Zero,2003.255972,2006.229508,1,Expiry,0,0,nan
2003204946433_Node0_Node8_Zero,2003.255972,2006.229508,1,Expiry,0,0,nan
2003213148027_Node0_Node8_Zero,2003.257855,2006.229508,1,Expiry,0,0,nan
2003221348030_Node0_Node8_Zero,2003.257855,2006.229508,1,Expiry,0,0,nan
2003229545809_Node0_Node8_Zero,2003.259837,2006.311475,1,Expiry,0,1.04925114e-12,nan
2003237739813_Node0_Node8_Zero,2003.259837,2006.311475,1,Expiry,0,1.04925114e-12,nan
2003245939233_Node0_Node8_Zero,2003.2617,2006.311475,1,Expiry,0,1.04925114e-12,nan
2003254140767_Node0_Node8_Zero,2003.2617,2006.311475,1,Expiry,0,1.04925114e-12,nan
2003262341482_Node0_Node8_Zero,2003.264865,2006.311475,1,Expiry,0,1.04925114e-12,nan
2003270537926_Node0_Node8_Zero,2003.272323,2006.311475,1,Expiry,0,1.04925114e-12,nan
2003278733088_Node0_Node8_Zero,2003.28101,2006.311475,1,Expiry,0,1.04925114e-12,nan
2003286927491_Node0_Node8_Zero,2003.28941,2006.311475,1,Expiry,0,1.04925114e-12,nan
2003295123925_Node0_Node8_Zero,2003.460308,2006.311475,1,Expiry,0,1.04925114e-12,nan
2003303324151_Node0_Node8_Zero,2003.563933,2006.311475,1,Expiry,0,1.04925114e-12,nan
2003311519761_Node0_Node8_Zero,2003.563933,2006.393443,1,Expiry,0,1.04925114e-12,nan
2003319712721_Node0_Node8_Zero,2003.565815,2006.393443,1,Expiry,0,1.04925114e-12,nan
2003327911512_Node0_Node8_Zero,2003.565815,2006.393443,1,Expiry,0,1.04925114e-12,nan
2003336105797_Node0_Node8_Zero,2003.5699,2006.393443,1,Expiry,0,1.04925114e-12,nan
2003344307483_Node0_Node8_Zero,2003.5699,2006.393443,1,Expiry,0,1.04925114e-12,nan
2003352503164_Node0_Node8_Zero,2003.571963,2006.393443,1,Expiry,0,1.04925114e-12,nan
2003360702792_Node0_Node8_Zero,2003.571963,2006.393443,1,Expiry,0,1.04925114e-12,nan
2003368895135_Node0_Node8_Zero,2003.573986,2006.393443,1,Expiry,0,1.04925114e-12,nan
2003377089389_Node0_Node8_Zero,2003.573986,2006.393443,1,Expiry,0,1.04925114e-12,nan
2003385282319_Node0_Node8_Zero,2003.577785,2006.393443,1,Expiry,0,1.04925114e-12,nan
2003393475875_Node0_Node8_Zero,2003.577785,2006.47541,1,Expiry,0,1.04925114e-12,nan
2003401672011_Node0_Node8_Zero,2003.579768,2006.47541,1,Expiry,0,1.04925114e-12,nan
2003409864214_Node0_Node8_Zero,2003.579768,2006.47541,1,Expiry,0,1.04925114e-12,nan
2003418057023_Node0_Node8_Zero,2003.58171,2006.47541,1,Expiry,0,1.04925114e-12,nan
2003426257241_Node0_Node8_Zero,2003.58171,2006.47541,1,Expiry,0,1.04925114e-12,nan
2003434449821_Node0_Node8_Zero,2003.587858,2006.47541,1,Expiry,0,1.04925114e-12,nan
2003442646069_Node0_Node8_Zero,2003.587858,2006.47541,1,Expiry,0,1.04925114e-12,nan
2003450838394_Node0_Node8_Zero,2003.5898,2006.47541,1,Expiry,0,1.04925114e-12,nan
2003459037228_Node0_Node8_Zero,2003.5898,2006.47541,1,Expiry,0,1.04925114e-12,nan
2003467236571_Node0_Node8_Zero,2003.591783,2006.47541,1,Expiry,0,1.04925114e-12,nan
2003475433226_Node0_Node8_Zero,2003.591783,2006.557377,1,Expiry,0,1.04925114e-12,nan
2003483630928_Node0_Node8_Zero,2003.593645,2006.557377,1,Expiry,0,1.04925114e-12,nan
2003491827931_Node0_Node8_Zero,2003.593645,2006.557377,1,Expiry,0,1.04925114e-12,nan
2003500022107_Node0_Node8_Zero,2003.595668,2006.557377,1,Expiry,0,1.04925114e-12,nan
2003508215170_Node0_Node8_Zero,2003.595668,2006.557377,1,Expiry,0,1.04925114e-12,nan
2003516411964_Node0_Node8_Zero,2003.597591,2006.557377,1,Expiry,0,1.04925114e-12,nan
2003524611342_Node0_Node8_Zero,2003.597591,2006.557377,1,Expiry,0,1.04925114e-12,nan
2003532810274_Node0_Node8_Zero,2003.599673,2006.557377,1,Expiry,0,1.04925114e-12,nan
2003541004420_Node0_Node8_Zero,2003.599673,2006.557377,1,Expiry,0,1.04925114e-12,nan
2003549202467_Node0_Node8_Zero,2003.601616,2006.557377,1,Expiry,0,1.04925114e-12,nan
2003557403057_Node0_Node8_Zero,2003.601616,2006.639344,1,Expiry,0,0,nan
2003565598709_Node0_Node8_Zero,2003.603478,2006.639344,1,Expiry,0,0,nan
2003573798158_Node0_Node8_Zero,2003.603478,2006.639344,1,Expiry,0,0,nan
2003581995049_Node0_Node8_Zero,2003.613725,2006.639344,1,Expiry,0,0,nan
2003590192612_Node0_Node8_Zero,2003.613725,2006.639344,1,Expiry,0,0,nan
2003598389416_Node0_Node8_Zero,2003.615748,2006.639344,1,Expiry,0,0,nan
2003606590808_Node0_Node8_Zero,2003.615748,2006.639344,1,Expiry,0,0,nan
2003614789451_Node0_Node8_Zero,2003.616751,2006.639344,1,Expiry,0,0,nan
2003622989922_Node0_Node8_Zero,2003.625342,2006.639344,1,Expiry,0,0,nan
2003631187464_Node0_Node8_Zero,2003.632646,2006.639344,1,Expiry,0,0,nan
2003639380788_Node0_Node8_Zero,2003.641131,2006.721311,1,Expiry,0,0,nan
2003647582474_Node0_Node8_Zero,2003.649026,2006.721311,1,Expiry,0,0,nan
2003655775175_Node0_Node8_Zero,2003.720173,2006.721311,1,Expiry,0,0,nan
2003663967657_Node0_Node8_Zero,2004.14869,2006.721311,1,Expiry,0,0,nan
2003672168649_Node0_Node8_Zero,2004.14869,2006.721311,1,Expiry,0,0,nan
2003680361280_Node0_Node8_Zero,2004.150573,2006.721311,1,Expiry,0,0,nan
2003688557429_Node0_Node8_Zero,2004.150573,2006.721311,1,Expiry,0,0,nan
2003696749370_Node0_Node8_Zero,2004.152415,2006.721311,1,Expiry,0,0,nan
2003704950607_Node0_Node8_Zero,2004.152415,2006.721311,1,Expiry,0,0,nan
2003713151235_Node0_Node8_Zero,2004.154478,2006.721311,1,Expiry,0,0,nan
2003721351967_Node0_Node8_Zero,2004.154478,2006.803279,1,Expiry,0,0,nan
2003729552282_Node0_Node8_Zero,2004.156541,2006.803279,1,Expiry,0,0,nan
2003737748921_Node0_Node8_Zero,2004.156541,2006.803279,1,Expiry,0,0,nan
2003745950522_Node0_Node8_Zero,2004.158483,2006.803279,1,Expiry,0,0,nan
2003754148122_Node0_Node8_Zero,2004.158483,2006.803279,1,Expiry,0,0,nan
2003762349535_Node0_Node8_Zero,2004.162583,2006.803279,1,Expiry,0,0,nan
2003770543297_Node0_Node8_Zero,2004.162583,2006.803279,1,Expiry,0,0,nan
2003778738093_Node0_Node8_Zero,2004.164605,2006.803279,1,Expiry,0,0,nan
2003786930951_Node0_Node8_Zero,2004.164605,2006.803279,1,Expiry,0,0,nan
2003795130974_Node0_Node8_Zero,2004.166568,2006.803279,1,Expiry,0,0,nan
2003803327671_Node0_Node8_Zero,2004.166568,2006.885246,1,Expiry,0,0,nan
2003811522786_Node0_Node8_Zero,2004.170487,2006.885246,1,Expiry,0,0,nan
2003819718942_Node0_Node8_Zero,2004.170487,2006.885246,1,Expiry,0,0,nan
2003827919465_Node0_Node8_Zero,2004.176509,2006.885246,1,Expiry,0,0,nan
2003836118047_Node0_Node8_Zero,2004.176509,2006.885246,1,Expiry,0,0,nan
2003844310267_Node0_Node8_Zero,2004.182511,2006.885246,1,Expiry,0,0,nan
2003852511565_Node0_Node8_Zero,2004.182511,2006.885246,1,Expiry,0,0,nan
2003860706238_Node0_Node8_Zero,2004.184454,2006.885246,1,Expiry,0,0,nan
2003868907546_Node0_Node8_Zero,2004.184454,2006.885246,1,Expiry,0,0,nan
2003877101008_Node0_Node8_Zero,2004.186476,2006.885246,1,Expiry,0,0,nan
2003885292880_Node0_Node8_Zero,2004.186476,2006.967213,1,Expiry,0,0,nan
2003893484639_Node0_Node8_Zero,2004.192538,2006.967213,1,Expiry,0,0,nan
2003901680810_Node0_Node8_Zero,2004.192538,2006.967213,1,Expiry,0,0,nan
2003909879519_Node0_Node8_Zero,2004.196458,2006.967213,1,Expiry,0,0,nan
2003918077800_Node0_Node8_Zero,2004.196458,2006.967213,1,Expiry,0,0,nan
2003926274459_Node0_Node8_Zero,2004.19828,2006.967213,1,Expiry,0,0,nan
2003934466255_Node0_Node8_Zero,2004.19828,2006.967213,1,Expiry,0,0,nan
2003942663376_Node0_Node8_Zero,2004.202245,2006.967213,1,Expiry,0,0,nan
2003950859120_Node0_Node8_Zero,2004.202245,2006.967213,1,Expiry,0,0,nan
2003959051726_Node0_Node8_Zero,2004.204308,2006.967213,1,Expiry,0,0,nan
2003967251449_Node0_Node8_Zero,2004.204308,2007.04918,1,Expiry,0,0,nan
2003975445119_Node0_Node8_Zero,2004.206431,2007.04918,1,Expiry,0,0,nan
2003983641111_Node0_Node8_Zero,2004.206431,2007.04918,1,Expiry,0,0,nan
2003991842136_Node0_Node8_Zero,2004.208533,2007.04918,1,Expiry,0,0,nan
2004000034845_Node0_Node8_Zero,2004.208533,2007.04918,1,Expiry,0,0,nan
2004008228642_Node0_Node8_Zero,2004.210576,2007.04918,1,Expiry,0,0,nan
2004016429398_Node0_Node8_Zero,2004.210576,2007.04918,1,Expiry,0,0,nan
2004024629318_Node0_Node8_Zero,2004.212458,2007.04918,1,Expiry,0,0,nan
2004032823338_Node0_Node8_Zero,2004.212458,2007.04918,1,Expiry,0,0,nan
2004041022842_Node0_Node8_Zero,2004.214401,2007.04918,1,Expiry,0,0,nan
2004049216588_Node0_Node8_Zero,2004.214401,2007.131148,1,Expiry,0,0,nan
2004057409603_Node0_Node8_Zero,2004.216243,2007.131148,1,Expiry,0,0,nan
2004065608712_Node0_Node8_Zero,2004.216243,2007.131148,1,Expiry,0,0,nan
2004073807690_Node0_Node8_Zero,2004.224234,2007.131148,1,Expiry,0,0,nan
2004082002401_Node0_Node8_Zero,2004.224234,2007.131148,1,Expiry,0,0,nan
2004090198231_Node0_Node8_Zero,2004.226076,2007.131148,1,Expiry,0,0,nan
2004098396248_Node0_Node8_Zero,2004.226076,2007.131148,1,Expiry,0,0,nan
2004106592390_Node0_Node8_Zero,2004.227999,2007.131148,1,Expiry,0,0,nan
2004114791486_Node0_Node8_Zero,2004.227999,2007.131148,1,Expiry,0,0,nan
2004122986788_Node0_Node8_Zero,2004.229941,2007.131148,1,Expiry,0,0,nan
2004131185705_Node0_Node8_Zero,2004.229941,2007.213115,1,Expiry,0,0,nan
2004139377828_Node0_Node8_Zero,2004.242337,2007.213115,1,Expiry,0,0,nan
2004147573555_Node0_Node8_Zero,2004.242337,2007.213115,1,Expiry,0,0,nan
2004155766432_Node0_Node8_Zero,2004.244259,2007.213115,1,Expiry,0,0,nan
2004163966442_Node0_Node8_Zero,2004.244259,2007.213115,1,Expiry,0,0,nan
2004172165514_Node0_Node8_Zero,2004.248344,2007.213115,1,Expiry,0,0,nan
2004180365854_Node0_Node8_Zero,2004.248344,2007.213115,1,Expiry,0,0,nan
2004188564158_Node0_Node8_Zero,2004.250207,2007.213115,1,Expiry,0,0,nan
2004196762296_Node0_Node8_Zero,2004.250207,2007.213115,1,Expiry,0,0,nan
2004204958930_Node0_Node8_Zero,2004.25221,2007.213115,1,Expiry,0,0,nan
2004213158763_Node0_Node8_Zero,2004.25221,2007.295082,1,Expiry,0,1.04925114e-12,nan
2004221351938_Node0_Node8_Zero,2004.254112,2007.295082,1,Expiry,0,1.04925114e-12,nan
2004229551246_Node0_Node8_Zero,2004.254112,2007.295082,1,Expiry,0,1.04925114e-12,nan
2004237752681_Node0_Node8_Zero,2004.260114,2007.295082,1,Expiry,0,1.04925114e-12,nan
2004245949881_Node0_Node8_Zero,2004.260114,2007.295082,1,Expiry,0,1.04925114e-12,nan
2004254144573_Node0_Node8_Zero,2004.261157,2007.295082,1,Expiry,0,1.04925114e-12,nan
2004262341315_Node0_Node8_Zero,2004.264281,2007.295082,1,Expiry,0,1.04925114e-12,nan
2004270533860_Node0_Node8_Zero,2004.273127,2007.295082,1,Expiry,0,1.04925114e-12,nan
2004278731792_Node0_Node8_Zero,2004.280657,2007.295082,1,Expiry,0,1.04925114e-12,nan
2004286926511_Node0_Node8_Zero,2004.856068,2007.295082,1,Expiry,0,1.04925114e-12,nan
2004295118502_Node0_Node8_Zero,2005.408413,2007.377049,1,Expiry,0,1.04925114e-12,nan
2004303315086_Node0_Node8_Zero,2005.408413,2007.377049,1,Expiry,0,1.04925114e-12,nan
2004311516321_Node0_Node8_Zero,2005.410435,2007.377049,1,Expiry,0,1.04925114e-12,nan
2004319715322_Node0_Node8_Zero,2005.410435,2007.377049,1,Expiry,0,1.04925114e-12,nan
2004327915318_Node0_Node8_Zero,2005.412258,2007.377049,1,Expiry,0,1.04925114e-12,nan
2004336112686_Node0_Node8_Zero,2005.412258,2007.377049,1,Expiry,0,1.04925114e-12,nan
2004344308670_Node0_Node8_Zero,2005.416177,2007.377049,1,Expiry,0,1.04925114e-12,nan
2004352509036_Node0_Node8_Zero,2005.416177,2007.377049,1,Expiry,0,1.04925114e-12,nan
2004360702049_Node0_Node8_Zero,2005.420217,2007.377049,1,Expiry,0,1.04925114e-12,nan
2004368901543_Node0_Node8_Zero,2005.420217,2007.377049,1,Expiry,0,1.04925114e-12,nan
2004377094343_Node0_Node8_Zero,2005.422099,2007.459016,1,Expiry,0,1.04925114e-12,nan
2004385287193_Node0_Node8_Zero,2005.422099,2007.459016,1,Expiry,0,1.04925114e-12,nan
2004393487928_Node0_Node8_Zero,2005.426099,2007.459016,1,Expiry,0,1.04925114e-12,nan
2004401687764_Node0_Node8_Zero,2005.426099,2007.459016,1,Expiry,0,1.04925114e-12,nan
2004409880569_Node0_Node8_Zero,2005.428081,2007.459016,1,Expiry,0,1.04925114e-12,nan
2004418075961_Node0_Node8_Zero,2005.428081,2007.459016,1,Expiry,0,1.04925114e-12,nan
2004426275843_Node0_Node8_Zero,2005.432246,2007.459016,1,Expiry,0,1.04925114e-12,nan
2004434477321_Node0_Node8_Zero,2005.432246,2007.459016,1,Expiry,0,1.04925114e-12,nan
2004442677042_Node0_Node8_Zero,2005.434089,2007.459016,1,Expiry,0,1.04925114e-12,nan
2004450873018_Node0_Node8_Zero,2005.434089,2007.459016,1,Expiry,0,1.04925114e-12,nan
2004459073146_Node0_Node8_Zero,2005.435991,2007.540984,1,Expiry,0,1.04925114e-12,nan
2004467274298_Node0_Node8_Zero,2005.435991,2007.540984,1,Expiry,0,1.04925114e-12,nan
2004475468914_Node0_Node8_Zero,2005.437894,2007.540984,1,Expiry,0,1.04925114e-12,nan
2004483668245_Node0_Node8_Zero,2005.437894,2007.540984,1,Expiry,0,1.04925114e-12,nan
2004491869322_Node0_Node8_Zero,2005.446044,2007.540984,1,Expiry,0,1.04925114e-12,nan
2004500069852_Node0_Node8_Zero,2005.446044,2007.540984,1,Expiry,0,1.04925114e-12,nan
2004508269228_Node0_Node8_Zero,2005.447887,2007.540984,1,Expiry,0,1.04925114e-12,nan
2004516467782_Node0_Node8_Zero,2005.447887,2007.540984,1,Expiry,0,1.04925114e-12,nan
2004524663445_Node0_Node8_Zero,2005.451786,2007.540984,1,Expiry,0,1.04925114e-12,nan
2004532858964_Node0_Node8_Zero,2005.451786,2007.540984,1,Expiry,0,1.04925114e-12,nan
2004541052562_Node0_Node8_Zero,2005.453729,2007.622951,1,Expiry,0,1.04925114e-12,nan
2004549246687_Node0_Node8_Zero,2005.453729,2007.622951,1,Expiry,0,1.04925114e-12,nan
2004557439808_Node0_Node8_Zero,2005.461773,2007.622951,1,Expiry,0,1.04925114e-12,nan
2004565634791_Node0_Node8_Zero,2005.461773,2007.622951,1,Expiry,0,1.04925114e-12,nan
2004573834482_Node0_Node8_Zero,2005.463636,2007.622951,1,Expiry,0,1.04925114e-12,nan
2004582035541_Node0_Node8_Zero,2005.463636,2007.622951,1,Expiry,0,1.04925114e-12,nan
2004590229612_Node0_Node8_Zero,2005.465458,2007.622951,1,Expiry,0,1.04925114e-12,nan
2004598426946_Node0_Node8_Zero,2005.465458,2007.622951,1,Expiry,0,1.04925114e-12,nan
2004606619504_Node0_Node8_Zero,2005.467461,2007.622951,1,Expiry,0,1.04925114e-12,nan
2004614817025_Node0_Node8_Zero,2005.467461,2007.622951,1,Expiry,0,1.04925114e-12,nan
2004623016594_Node0_Node8_Zero,2005.469424,2007.704918,1,Expiry,0,1.04925114e-12,nan
2004631216710_Node0_Node8_Zero,2005.469424,2007.704918,1,Expiry,0,1.04925114e-12,nan
2004639413084_Node0_Node8_Zero,2005.471246,2007.704918,1,Expiry,0,1.04925114e-12,nan
2004647608482_Node0_Node8_Zero,2005.471246,2007.704918,1,Expiry,0,1.04925114e-12,nan
2004655804310_Node0_Node8_Zero,2005.473069,2007.704918,1,Expiry,0,1.04925114e-12,nan
2004664000615_Node0_Node8_Zero,2005.473069,2007.704918,1,Expiry,0,1.04925114e-12,nan
2004672201500_Node0_Node8_Zero,2005.479231,2007.704918,1,Expiry,0,1.04925114e-12,nan
2004680399251_Node0_Node8_Zero,2005.479231,2007.704918,1,Expiry,0,1.04925114e-12,nan
2004688597206_Node0_Node8_Zero,2005.493723,2007.704918,1,Expiry,0,1.04925114e-12,nan
2004696791683_Node0_Node8_Zero,2005.493723,2007.704918,1,Expiry,0,1.04925114e-12,nan
2004704990611_Node0_Node8_Zero,2005.497622,2007.786885,1,Expiry,0,0,nan
2004713183988_Node0_Node8_Zero,2005.497622,2007.786885,1,Expiry,0,0,nan
2004721385253_Node0_Node8_Zero,2005.499445,2007.786885,1,Expiry,0,0,nan
2004729584869_Node0_Node8_Zero,2005.499445,2007.786885,1,Expiry,0,0,nan
2004737785133_Node0_Node8_Zero,2005.501268,2007.786885,1,Expiry,0,0,nan
2004745984429_Node0_Node8_Zero,2005.501268,2007.786885,1,Expiry,0,0,nan
2004754181680_Node0_Node8_Zero,2005.509312,2007.786885,1,Expiry,0,0,nan
2004762382165_Node0_Node8_Zero,2005.509312,2007.786885,1,Expiry,0,0,nan
2004770579126_Node0_Node8_Zero,2005.511295,2007.786885,1,Expiry,0,0,nan
2004778780416_Node0_Node8_Zero,2005.511295,2007.786885,1,Expiry,0,0,nan
2004786972351_Node0_Node8_Zero,2005.513237,2007.868852,1,Expiry,0,0,nan
2004795171923_Node0_Node8_Zero,2005.513237,2007.868852,1,Expiry,0,0,nan
2004803370690_Node0_Node8_Zero,2005.51516,2007.868852,1,Expiry,0,0,nan
2004811570720_Node0_Node8_Zero,2005.51516,2007.868852,1,Expiry,0,0,nan
2004819765455_Node0_Node8_Zero,2005.523359,2007.868852,1,Expiry,0,0,nan
2004827961247_Node0_Node8_Zero,2005.523359,2007.868852,1,Expiry,0,0,nan
2004836159424_Node0_Node8_Zero,2005.525241,2007.868852,1,Expiry,0,0,nan
2004844352144_Node0_Node8_Zero,2005.525241,2007.868852,1,Expiry,0,0,nan
2004852552689_Node0_Node8_Zero,2005.527124,2007.868852,1,Expiry,0,0,nan
2004860751748_Node0_Node8_Zero,2005.527124,2007.868852,1,Expiry,0,0,nan
2004868944916_Node0_Node8_Zero,2005.529106,2007.95082,1,Expiry,0,1.04925114e-12,nan
2004877139245_Node0_Node8_Zero,2005.529106,2007.95082,1,Expiry,0,1.04925114e-12,nan
2004885337559_Node0_Node8_Zero,2005.530949,2007.95082,1,Expiry,0,1.04925114e-12,nan
2004893535420_Node0_Node8_Zero,2005.530949,2007.95082,1,Expiry,0,1.04925114e-12,nan
2004901729015_Node0_Node8_Zero,2005.532791,2007.95082,1,Expiry,0,1.04925114e-12,nan
2004909927461_Node0_Node8_Zero,2005.532791,2007.95082,1,Expiry,0,1.04925114e-12,nan
2004918126218_Node0_Node8_Zero,2005.534874,2007.95082,1,Expiry,0,1.04925114e-12,nan
2004926326923_Node0_Node8_Zero,2005.534874,2007.95082,1,Expiry,0,1.04925114e-12,nan
2004934525511_Node0_Node8_Zero,2005.536937,2007.95082,1,Expiry,0,1.04925114e-12,nan
2004942718023_Node0_Node8_Zero,2005.536937,2007.95082,1,Expiry,0,1.04925114e-12,nan
2004950912766_Node0_Node8_Zero,2005.538759,2008.032787,1,Expiry,0,1.04925114e-12,nan
2004959110203_Node0_Node8_Zero,2005.538759,2008.032787,1,Expiry,0,1.04925114e-12,nan
2004967306841_Node0_Node8_Zero,2005.546884,2008.032787,1,Expiry,0,1.04925114e-12,nan
2004975501853_Node0_Node8_Zero,2005.546884,2008.032787,1,Expiry,0,1.04925114e-12,nan
2004983701564_Node0_Node8_Zero,2005.548766,2008.032787,1,Expiry,0,1.04925114e-12,nan
2004991899012_Node0_Node8_Zero,2005.548766,2008.032787,1,Expiry,0,1.04925114e-12,nan
2005000091514_Node0_Node8_Zero,2005.552566,2008.032787,1,Expiry,0,1.04925114e-12,nan
2005008288997_Node0_Node8_Zero,2005.552566,2008.032787,1,Expiry,0,1.04925114e-12,nan
2005016484417_Node0_Node8_Zero,2005.554548,2008.032787,1,Expiry,0,1.04925114e-12,nan
2005024677346_Node0_Node8_Zero,2005.554548,2008.032787,1,Expiry,0,1.04925114e-12,nan
2005032876646_Node0_Node8_Zero,2005.556451,2008.114754,1,Expiry,0,1.04925114e-12,nan
2005041076547_Node0_Node8_Zero,2005.556451,2008.114754,1,Expiry,0,1.04925114e-12,nan
2005049276677_Node0_Node8_Zero,2005.558533,2008.114754,1,Expiry,0,1.04925114e-12,nan
2005057474678_Node0_Node8_Zero,2005.558533,2008.114754,1,Expiry,0,1.04925114e-12,nan
2005065675937_Node0_Node8_Zero,2005.560656,2008.114754,1,Expiry,0,1.04925114e-12,nan
2005073871200_Node0_Node8_Zero,2005.560656,2008.114754,1,Expiry,0,1.04925114e-12,nan
2005082062954_Node0_Node8_Zero,2005.562519,2008.114754,1,Expiry,0,1.04925114e-12,nan
2005090259521_Node0_Node8_Zero,2005.562519,2008.114754,1,Expiry,0,1.04925114e-12,nan
2005098456748_Node0_Node8_Zero,2005.564521,2008.114754,1,Expiry,0,1.04925114e-12,nan
2005106657807_Node0_Node8_Zero,2005.564521,2008.114754,1,Expiry,0,1.04925114e-12,nan
2005114853481_Node0_Node8_Zero,2005.566464,2008.196721,1,Expiry,0,1.04925114e-12,nan
2005123050893_Node0_Node8_Zero,2005.566464,2008.196721,1,Expiry,0,1.04925114e-12,nan
2005131244553_Node0_Node8_Zero,2005.576765,2008.196721,1,Expiry,0,1.04925114e-12,nan
2005139437967_Node0_Node8_Zero,2005.576765,2008.196721,1,Expiry,0,1.04925114e-12,nan
2005147636337_Node0_Node8_Zero,2005.580805,2008.196721,1,Expiry,0,1.04925114e-12,nan
2005155832079_Node0_Node8_Zero,2005.580805,2008.196721,1,Expiry,0,1.04925114e-12,nan
2005164029633_Node0_Node8_Zero,2005.582787,2008.196721,1,Expiry,0,1.04925114e-12,nan
2005172228930_Node0_Node8_Zero,2005.582787,2008.196721,1,Expiry,0,1.04925114e-12,nan
2005180423746_Node0_Node8_Zero,2005.58485,2008.196721,1,Expiry,0,1.04925114e-12,nan
2005188622330_Node0_Node8_Zero,2005.58485,2008.196721,1,Expiry,0,1.04925114e-12,nan
2005196820399_Node0_Node8_Zero,2005.586812,2008.278689,1,Expiry,0,1.04925114e-12,nan
2005205017365_Node0_Node8_Zero,2005.586812,2008.278689,1,Expiry,0,1.04925114e-12,nan
2005213209251_Node0_Node8_Zero,2005.588775,2008.278689,1,Expiry,0,1.04925114e-12,nan
2005221404514_Node0_Node8_Zero,2005.588775,2008.278689,1,Expiry,0,1.04925114e-12,nan
2005229598355_Node0_Node8_Zero,2005.590697,2008.278689,1,Expiry,0,1.04925114e-12,nan
2005237798819_Node0_Node8_Zero,2005.590697,2008.278689,1,Expiry,0,1.04925114e-12,nan
2005245994075_Node0_Node8_Zero,2005.59268,2008.278689,1,Expiry,0,1.04925114e-12,nan
2005254189332_Node0_Node8_Zero,2005.59268,2008.278689,1,Expiry,0,1.04925114e-12,nan
2005262388406_Node0_Node8_Zero,2005.594602,2008.278689,1,Expiry,0,1.04925114e-12,nan
2005270585486_Node0_Node8_Zero,2005.594602,2008.278689,1,Expiry,0,1.04925114e-12,nan
2005278786690_Node0_Node8_Zero,2005.596525,2008.360656,1,Expiry,0,1.04925114e-12,nan
2005286981205_Node0_Node8_Zero,2005.596525,2008.360656,1,Expiry,0,1.04925114e-12,nan
2005295178580_Node0_Node8_Zero,2005.598448,2008.360656,1,Expiry,0,1.04925114e-12,nan
2005303377302_Node0_Node8_Zero,2005.598448,2008.360656,1,Expiry,0,1.04925114e-12,nan
2005311572062_Node0_Node8_Zero,2005.60027,2008.360656,1,Expiry,0,1.04925114e-12,nan
2005319770155_Node0_Node8_Zero,2005.60027,2008.360656,1,Expiry,0,1.04925114e-12,nan
2005327967851_Node0_Node8_Zero,2005.602093,2008.360656,1,Expiry,0,1.04925114e-12,nan
2005336165740_Node0_Node8_Zero,2005.602093,2008.360656,1,Expiry,0,1.04925114e-12,nan
2005344360414_Node0_Node8_Zero,2005.60778,2008.360656,1,Expiry,0,1.04925114e-12,nan
2005352552157_Node0_Node8_Zero,2005.60778,2008.360656,1,Expiry,0,1.04925114e-12,nan
2005360750402_Node0_Node8_Zero,2005.609643,2008.442623,1,Expiry,0,1.04925114e-12,nan
2005368942667_Node0_Node8_Zero,2005.609643,2008.442623,1,Expiry,0,1.04925114e-12,nan
2005377143284_Node0_Node8_Zero,2005.623461,2008.442623,1,Expiry,0,1.04925114e-12,nan
2005385342767_Node0_Node8_Zero,2005.623461,2008.442623,1,Expiry,0,1.04925114e-12,nan
2005393541986_Node0_Node8_Zero,2005.62732,2008.442623,1,Expiry,0,1.04925114e-12,nan
2005401737350_Node0_Node8_Zero,2005.62732,2008.442623,1,Expiry,0,1.04925114e-12,nan
2005409938862_Node0_Node8_Zero,2005.629183,2008.442623,1,Expiry,0,1.04925114e-12,nan
2005418133756_Node0_Node8_Zero,2005.629183,2008.442623,1,Expiry,0,1.04925114e-12,nan
2005426328841_Node0_Node8_Zero,2005.633088,2008.442623,1,Expiry,0,1.04925114e-12,nan
2005434522422_Node0_Node8_Zero,2005.633088,2008.442623,1,Expiry,0,1.04925114e-12,nan
2005442722680_Node0_Node8_Zero,2005.635111,2008.52459,1,Expiry,0,0,nan
2005450921027_Node0_Node8_Zero,2005.635111,2008.52459,1,Expiry,0,0,nan
2005459121081_Node0_Node8_Zero,2005.641338,2008.52459,1,Expiry,0,0,nan
2005467313874_Node0_Node8_Zero,2005.641338,2008.52459,1,Expiry,0,0,nan
2005475512689_Node0_Node8_Zero,2005.645578,2008.52459,1,Expiry,0,0,nan
2005483711370_Node0_Node8_Zero,2005.645578,2008.52459,1,Expiry,0,0,nan
2005491906932_Node0_Node8_Zero,2005.64768,2008.52459,1,Expiry,0,0,nan
2005500107781_Node0_Node8_Zero,2005.64768,2008.52459,1,Expiry,0,0,nan
2005508308710_Node0_Node8_Zero,2005.649803,2008.52459,1,Expiry,0,0,nan
2005516502162_Node0_Node8_Zero,2005.649803,2008.52459,1,Expiry,0,0,nan
2005524698626_Node0_Node8_Zero,2005.651865,2008.606557,1,Expiry,0,1.04925114e-12,nan
2005532892251_Node0_Node8_Zero,2005.651865,2008.606557,1,Expiry,0,1.04925114e-12,nan
2005541089377_Node0_Node8_Zero,2005.653888,2008.606557,1,Expiry,0,1.04925114e-12,nan
2005549285352_Node0_Node8_Zero,2005.653888,2008.606557,1,Expiry,0,1.04925114e-12,nan
2005557478939_Node0_Node8_Zero,2005.655711,2008.606557,1,Expiry,0,1.04925114e-12,nan
2005565678120_Node0_Node8_Zero,2005.655711,2008.606557,1,Expiry,0,1.04925114e-12,nan
2005573877602_Node0_Node8_Zero,2005.661338,2008.606557,1,Expiry,0,1.04925114e-12,nan
2005582070400_Node0_Node8_Zero,2005.661338,2008.606557,1,Expiry,0,1.04925114e-12,nan
2005590268566_Node0_Node8_Zero,2005.665223,2008.606557,1,Expiry,0,1.04925114e-12,nan
2005598468881_Node0_Node8_Zero,2005.665223,2008.606557,1,Expiry,0,1.04925114e-12,nan
2005606669642_Node0_Node8_Zero,2005.667046,2008.688525,1,Expiry,0,0,nan
2005614863043_Node0_Node8_Zero,2005.667046,2008.688525,1,Expiry,0,0,nan
2005623061173_Node0_Node8_Zero,2005.677139,2008.688525,1,Expiry,0,0,nan
2005631258270_Node0_Node8_Zero,2005.677139,2008.688525,1,Expiry,0,0,nan
2005639457330_Node0_Node8_Zero,2005.679181,2008.688525,1,Expiry,0,0,nan
2005647650392_Node0_Node8_Zero,2005.679181,2008.688525,1,Expiry,0,0,nan
2005655850320_Node0_Node8_Zero,2005.681024,2008.688525,1,Expiry,0,0,nan
2005664051186_Node0_Node8_Zero,2005.681024,2008.688525,1,Expiry,0,0,nan
2005672250711_Node0_Node8_Zero,2005.682246,2008.688525,1,Expiry,0,0,nan
2005680448595_Node0_Node8_Zero,2005.683388,2008.688525,1,Expiry,0,0,nan
2005688643319_Node0_Node8_Zero,2005.689951,2008.770492,1,Expiry,0,1.04925114e-12,nan
2005696838447_Node0_Node8_Zero,2005.699544,2008.770492,1,Expiry,0,1.04925114e-12,nan
2005705039573_Node0_Node8_Zero,2005.707844,2008.770492,1,Expiry,0,1.04925114e-12,nan
2005713237866_Node0_Node8_Zero,2005.715574,2008.770492,1,Expiry,0,1.04925114e-12,nan
2005721432988_Node0_Node8_Zero,2005.723154,2008.770492,1,Expiry,0,1.04925114e-12,nan
2005729627328_Node0_Node8_Zero,2005.730978,2008.770492,1,Expiry,0,1.04925114e-12,nan
2005737819468_Node0_Node8_Zero,2005.969886,2008.770492,1,Expiry,0,1.04925114e-12,nan
2005746011290_Node0_Node8_Zero,2005.973585,2008.770492,1,Expiry,0,1.04925114e-12,nan
2005754204980_Node0_Node8_Zero,2005.973585,2008.770492,1,Expiry,0,1.04925114e-12,nan
2005762403783_Node0_Node8_Zero,2005.975567,2008.770492,1,Expiry,0,1.04925114e-12,nan
2005770602929_Node0_Node8_Zero,2005.975567,2008.852459,1,Expiry,0,1.04925114e-12,nan
2005778794672_Node0_Node8_Zero,2005.978832,2008.852459,1,Expiry,0,1.04925114e-12,nan
2005786992516_Node0_Node8_Zero,2005.978832,2008.852459,1,Expiry,0,1.04925114e-12,nan
2005795192693_Node0_Node8_Zero,2005.980794,2008.852459,1,Expiry,0,1.04925114e-12,nan
2005803386520_Node0_Node8_Zero,2005.980794,2008.852459,1,Expiry,0,1.04925114e-12,nan
2005811585385_Node0_Node8_Zero,2005.982697,2008.852459,1,Expiry,0,1.04925114e-12,nan
2005819778028_Node0_Node8_Zero,2005.982697,2008.852459,1,Expiry,0,1.04925114e-12,nan
2005827977837_Node0_Node8_Zero,2005.986742,2008.852459,1,Expiry,0,1.04925114e-12,nan
2005836174252_Node0_Node8_Zero,2005.986742,2008.852459,1,Expiry,0,1.04925114e-12,nan
2005844370402_Node0_Node8_Zero,2005.988624,2008.852459,1,Expiry,0,1.04925114e-12,nan
2005852565105_Node0_Node8_Zero,2005.988624,2008.934426,1,Expiry,0,1.04925114e-12,nan
2005860760584_Node0_Node8_Zero,2005.996469,2008.934426,1,Expiry,0,1.04925114e-12,nan
2005868953194_Node0_Node8_Zero,2005.996469,2008.934426,1,Expiry,0,1.04925114e-12,nan
2005877146316_Node0_Node8_Zero,2005.998332,2008.934426,1,Expiry,0,1.04925114e-12,nan
2005885345705_Node0_Node8_Zero,2005.998332,2008.934426,1,Expiry,0,1.04925114e-12,nan
2005893542563_Node0_Node8_Zero,2006.000214,2008.934426,1,Expiry,0,1.04925114e-12,nan
2005901735099_Node0_Node8_Zero,2006.000214,2008.934426,1,Expiry,0,1.04925114e-12,nan
2005909936434_Node0_Node8_Zero,2006.01007,2008.934426,1,Expiry,0,1.04925114e-12,nan
2005918132352_Node0_Node8_Zero,2006.01007,2008.934426,1,Expiry,0,1.04925114e-12,nan
2005926332599_Node0_Node8_Zero,2006.012152,2008.934426,1,Expiry,0,1.04925114e-12,nan
2005934527555_Node0_Node8_Zero,2006.012152,2009.016393,1,Expiry,0,0,nan
2005942724641_Node0_Node8_Zero,2006.014155,2009.016393,1,Expiry,0,0,nan
2005950922884_Node0_Node8_Zero,2006.014155,2009.016393,1,Expiry,0,0,nan
2005959118301_Node0_Node8_Zero,2006.015998,2009.016393,1,Expiry,0,0,nan
2005967318117_Node0_Node8_Zero,2006.015998,2009.016393,1,Expiry,0,0,nan
2005975516383_Node0_Node8_Zero,2006.01798,2009.016393,1,Expiry,0,0,nan
2005983715888_Node0_Node8_Zero,2006.01798,2009.016393,1,Expiry,0,0,nan
2005991910687_Node0_Node8_Zero,2006.019863,2009.016393,1,Expiry,0,0,nan
2006000107618_Node0_Node8_Zero,2006.019863,2009.016393,1,Expiry,0,0,nan
2006008308024_Node0_Node8_Zero,2006.021685,2009.016393,1,Expiry,0,0,nan
2006016502707_Node0_Node8_Zero,2006.021685,2009.098361,1,Expiry,0,0,nan
2006024696902_Node0_Node8_Zero,2006.037274,2009.098361,1,Expiry,0,0,nan
2006032895215_Node0_Node8_Zero,2006.038316,2009.098361,1,Expiry,0,0,nan
2006041095394_Node0_Node8_Zero,2006.042702,2009.098361,1,Expiry,0,0,nan
2006049292860_Node0_Node8_Zero,2006.051434,2009.098361,1,Expiry,0,0,nan
2006057490846_Node0_Node8_Zero,2006.059554,2009.098361,1,Expiry,0,0,nan
2006065685090_Node0_Node8_Zero,2006.826745,2009.098361,1,Expiry,0,0,nan
2006073886159_Node0_Node8_Zero,2007.254986,2009.098361,1,Expiry,0,0,nan
2006082083796_Node0_Node8_Zero,2007.254986,2009.098361,1,Expiry,0,0,nan
2006090278385_Node0_Node8_Zero,2007.257109,2009.098361,1,Expiry,0,0,nan
2006098473797_Node0_Node8_Zero,2007.257109,2009.180328,1,Expiry,0,0,nan
2006106671271_Node0_Node8_Zero,2007.260988,2009.180328,1,Expiry,0,0,nan
2006114863493_Node0_Node8_Zero,2007.260988,2009.180328,1,Expiry,0,0,nan
2006123063723_Node0_Node8_Zero,2007.265108,2009.180328,1,Expiry,0,0,nan
2006131258019_Node0_Node8_Zero,2007.265108,2009.180328,1,Expiry,0,0,nan
2006139459491_Node0_Node8_Zero,2007.26693,2009.180328,1,Expiry,0,0,nan
2006147657343_Node0_Node8_Zero,2007.26693,2009.180328,1,Expiry,0,0,nan
2006155851257_Node0_Node8_Zero,2007.270975,2009.180328,1,Expiry,0,0,nan
2006164046799_Node0_Node8_Zero,2007.270975,2009.180328,1,Expiry,0,0,nan
2006172240873_Node0_Node8_Zero,2007.273018,2009.180328,1,Expiry,0,0,nan
2006180433590_Node0_Node8_Zero,2007.273018,2009.262295,1,Expiry,0,0,nan
2006188625646_Node0_Node8_Zero,2007.27498,2009.262295,1,Expiry,0,0,nan
2006196819218_Node0_Node8_Zero,2007.27498,2009.262295,1,Expiry,0,0,nan
2006205014550_Node0_Node8_Zero,2007.277063,2009.262295,1,Expiry,0,0,nan
2006213212656_Node0_Node8_Zero,2007.277063,2009.262295,1,Expiry,0,0,nan
2006221409781_Node0_Node8_Zero,2007.281162,2009.262295,1,Expiry,0,0,nan
2006229607103_Node0_Node8_Zero,2007.281162,2009.262295,1,Expiry,0,0,nan
2006237807410_Node0_Node8_Zero,2007.283045,2009.262295,1,Expiry,0,0,nan
2006246004018_Node0_Node8_Zero,2007.283045,2009.262295,1,Expiry,0,0,nan
2006254204472_Node0_Node8_Zero,2007.28689,2009.262295,1,Expiry,0,0,nan
2006262396402_Node0_Node8_Zero,2007.28689,2009.344262,1,Expiry,0,1.04925114e-12,nan
2006270595227_Node0_Node8_Zero,2007.29083,2009.344262,1,Expiry,0,1.04925114e-12,nan
2006278790082_Node0_Node8_Zero,2007.29083,2009.344262,1,Expiry,0,1.04925114e-12,nan
2006286988335_Node0_Node8_Zero,2007.292672,2009.344262,1,Expiry,0,1.04925114e-12,nan
2006295186771_Node0_Node8_Zero,2007.292672,2009.344262,1,Expiry,0,1.04925114e-12,nan
2006303385519_Node0_Node8_Zero,2007.296697,2009.344262,1,Expiry,0,1.04925114e-12,nan
2006311577911_Node0_Node8_Zero,2007.296697,2009.344262,1,Expiry,0,1.04925114e-12,nan
2006319778058_Node0_Node8_Zero,2007.29878,2009.344262,1,Expiry,0,1.04925114e-12,nan
2006327970541_Node0_Node8_Zero,2007.29878,2009.344262,1,Expiry,0,1.04925114e-12,nan
2006336163237_Node0_Node8_Zero,2007.300782,2009.344262,1,Expiry,0,1.04925114e-12,nan
2006344360418_Node0_Node8_Zero,2007.300782,2009.42623,1,Expiry,0,1.04925114e-12,nan
2006352561648_Node0_Node8_Zero,2007.304842,2009.42623,1,Expiry,0,1.04925114e-12,nan
2006360760568_Node0_Node8_Zero,2007.304842,2009.42623,1,Expiry,0,1.04925114e-12,nan
2006368954406_Node0_Node8_Zero,2007.306764,2009.42623,1,Expiry,0,1.04925114e-12,nan
2006377147654_Node0_Node8_Zero,2007.306764,2009.42623,1,Expiry,0,1.04925114e-12,nan
2006385345379_Node0_Node8_Zero,2007.310884,2009.42623,1,Expiry,0,1.04925114e-12,nan
2006393545765_Node0_Node8_Zero,2007.310884,2009.42623,1,Expiry,0,1.04925114e-12,nan
2006401744681_Node0_Node8_Zero,2007.312886,2009.42623,1,Expiry,0,1.04925114e-12,nan
2006409944108_Node0_Node8_Zero,2007.312886,2009.42623,1,Expiry,0,1.04925114e-12,nan
2006418136083_Node0_Node8_Zero,2007.314969,2009.42623,1,Expiry,0,1.04925114e-12,nan
2006426337516_Node0_Node8_Zero,2007.314969,2009.508197,1,Expiry,0,0,nan
2006434537409_Node0_Node8_Zero,2007.316812,2009.508197,1,Expiry,0,0,nan
2006442733812_Node0_Node8_Zero,2007.316812,2009.508197,1,Expiry,0,0,nan
2006450927758_Node0_Node8_Zero,2007.320577,2009.508197,1,Expiry,0,0,nan
2006459123737_Node0_Node8_Zero,2007.320577,2009.508197,1,Expiry,0,0,nan
2006467318769_Node0_Node8_Zero,2007.322539,2009.508197,1,Expiry,0,0,nan
2006475511329_Node0_Node8_Zero,2007.322539,2009.508197,1,Expiry,0,0,nan
2006483703086_Node0_Node8_Zero,2007.326704,2009.508197,1,Expiry,0,0,nan
2006491904520_Node0_Node8_Zero,2007.326704,2009.508197,1,Expiry,0,0,nan
2006500096841_Node0_Node8_Zero,2007.328767,2009.508197,1,Expiry,0,0,nan
2006508297123_Node0_Node8_Zero,2007.328767,2009.590164,1,Expiry,0,0,nan
2006516496275_Node0_Node8_Zero,2007.330789,2009.590164,1,Expiry,0,0,nan
2006524697336_Node0_Node8_Zero,2007.330789,2009.590164,1,Expiry,0,0,nan
2006532893962_Node0_Node8_Zero,2007.332792,2009.590164,1,Expiry,0,0,nan
2006541086231_Node0_Node8_Zero,2007.332792,2009.590164,1,Expiry,0,0,nan
2006549287547_Node0_Node8_Zero,2007.338868,2009.590164,1,Expiry,0,0,nan
2006557480224_Node0_Node8_Zero,2007.338868,2009.590164,1,Expiry,0,0,nan
2006565681355_Node0_Node8_Zero,2007.347153,2009.590164,1,Expiry,0,0,nan
2006573875058_Node0_Node8_Zero,2007.347153,2009.590164,1,Expiry,0,0,nan
2006582074676_Node0_Node8_Zero,2007.351212,2009.590164,1,Expiry,0,0,nan
2006590271340_Node0_Node8_Zero,2007.351212,2009.672131,1,Expiry,0,0,nan
2006598469641_Node0_Node8_Zero,2007.355072,2009.672131,1,Expiry,0,0,nan
2006606671198_Node0_Node8_Zero,2007.355072,2009.672131,1,Expiry,0,0,nan
2006614867067_Node0_Node8_Zero,2007.357074,2009.672131,1,Expiry,0,0,nan
2006623062878_Node0_Node8_Zero,2007.357074,2009.672131,1,Expiry,0,0,nan
2006631262528_Node0_Node8_Zero,2007.363216,2009.672131,1,Expiry,0,0,nan
2006639457997_Node0_Node8_Zero,2007.363216,2009.672131,1,Expiry,0,0,nan
2006647650776_Node0_Node8_Zero,2007.365259,2009.672131,1,Expiry,0,0,nan
2006655846051_Node0_Node8_Zero,2007.365259,2009.672131,1,Expiry,0,0,nan
2006664045568_Node0_Node8_Zero,2007.367241,2009.672131,1,Expiry,0,0,nan
2006672238163_Node0_Node8_Zero,2007.367241,2009.754098,1,Expiry,0,1.04925114e-12,nan
2006680430713_Node0_Node8_Zero,2007.377714,2009.754098,1,Expiry,0,1.04925114e-12,nan
2006688627355_Node0_Node8_Zero,2007.377714,2009.754098,1,Expiry,0,1.04925114e-12,nan
2006696821721_Node0_Node8_Zero,2007.381714,2009.754098,1,Expiry,0,1.04925114e-12,nan
2006705015134_Node0_Node8_Zero,2007.381714,2009.754098,1,Expiry,0,1.04925114e-12,nan
2006713212421_Node0_Node8_Zero,2007.383656,2009.754098,1,Expiry,0,1.04925114e-12,nan
2006721408351_Node0_Node8_Zero,2007.383656,2009.754098,1,Expiry,0,1.04925114e-12,nan
2006729607246_Node0_Node8_Zero,2007.385579,2009.754098,1,Expiry,0,1.04925114e-12,nan
2006737801278_Node0_Node8_Zero,2007.385579,2009.754098,1,Expiry,0,1.04925114e-12,nan
2006745993227_Node0_Node8_Zero,2007.387561,2009.754098,1,Expiry,0,1.04925114e-12,nan
2006754190768_Node0_Node8_Zero,2007.387561,2009.836066,1,Expiry,0,0,nan
2006762385878_Node0_Node8_Zero,2007.389384,2009.836066,1,Expiry,0,0,nan
2006770585381_Node0_Node8_Zero,2007.389384,2009.836066,1,Expiry,0,0,nan
2006778784026_Node0_Node8_Zero,2007.391247,2009.836066,1,Expiry,0,0,nan
2006786977665_Node0_Node8_Zero,2007.391247,2009.836066,1,Expiry,0,0,nan
2006795169499_Node0_Node8_Zero,2007.393189,2009.836066,1,Expiry,0,0,nan
2006803361332_Node0_Node8_Zero,2007.393189,2009.836066,1,Expiry,0,0,nan
2006811561250_Node0_Node8_Zero,2007.395272,2009.836066,1,Expiry,0,0,nan
2006819761719_Node0_Node8_Zero,2007.395272,2009.836066,1,Expiry,0,0,nan
2006827961243_Node0_Node8_Zero,2007.397314,2009.836066,1,Expiry,0,0,nan
2006836158106_Node0_Node8_Zero,2007.397314,2009.918033,1,Expiry,0,1.04925114e-12,nan
2006844351722_Node0_Node8_Zero,2007.399377,2009.918033,1,Expiry,0,1.04925114e-12,nan
2006852550225_Node0_Node8_Zero,2007.399377,2009.918033,1,Expiry,0,1.04925114e-12,nan
2006860745082_Node0_Node8_Zero,2007.407536,2009.918033,1,Expiry,0,1.04925114e-12,nan
2006868941775_Node0_Node8_Zero,2007.407536,2009.918033,1,Expiry,0,1.04925114e-12,nan
2006877136797_Node0_Node8_Zero,2007.409478,2009.918033,1,Expiry,0,1.04925114e-12,nan
2006885334629_Node0_Node8_Zero,2007.409478,2009.918033,1,Expiry,0,1.04925114e-12,nan
2006893531192_Node0_Node8_Zero,2007.413538,2009.918033,1,Expiry,0,1.04925114e-12,nan
2006901725344_Node0_Node8_Zero,2007.413538,2009.918033,1,Expiry,0,1.04925114e-12,nan
2006909923460_Node0_Node8_Zero,2007.419474,2009.918033,1,Expiry,0,1.04925114e-12,nan
2006918124720_Node0_Node8_Zero,2007.419474,2010.0,1,Expiry,0,1.04925114e-12,nan
2006926322598_Node0_Node8_Zero,2007.421377,2010.0,1,Expiry,0,1.04925114e-12,nan
2006934518637_Node0_Node8_Zero,2007.421377,2010.0,1,Expiry,0,1.04925114e-12,nan
2006942718214_Node0_Node8_Zero,2007.423319,2010.0,1,Expiry,0,1.04925114e-12,nan
2006950916786_Node0_Node8_Zero,2007.423319,2010.0,1,Expiry,0,1.04925114e-12,nan
2006959117922_Node0_Node8_Zero,2007.425302,2010.0,1,Expiry,0,1.04925114e-12,nan
2006967311244_Node0_Node8_Zero,2007.425302,2010.0,1,Expiry,0,1.04925114e-12,nan
2006975510782_Node0_Node8_Zero,2007.427244,2010.0,1,Expiry,0,1.04925114e-12,nan
2006983709840_Node0_Node8_Zero,2007.427244,2010.0,1,Expiry,0,1.04925114e-12,nan
2006991907260_Node0_Node8_Zero,2007.429167,2010.0,1,Expiry,0,1.04925114e-12,nan
2007000101841_Node0_Node8_Zero,2007.429167,2010.081967,1,Expiry,0,1.04925114e-12,nan
2007008300560_Node0_Node8_Zero,2007.431029,2010.081967,1,Expiry,0,1.04925114e-12,nan
2007016498627_Node0_Node8_Zero,2007.431029,2010.081967,1,Expiry,0,1.04925114e-12,nan
2007024694879_Node0_Node8_Zero,2007.432932,2010.081967,1,Expiry,0,1.04925114e-12,nan
2007032886969_Node0_Node8_Zero,2007.432932,2010.081967,1,Expiry,0,1.04925114e-12,nan
2007041087689_Node0_Node8_Zero,2007.434754,2010.081967,1,Expiry,0,1.04925114e-12,nan
2007049287647_Node0_Node8_Zero,2007.434754,2010.081967,1,Expiry,0,1.04925114e-12,nan
2007057482661_Node0_Node8_Zero,2007.43862,2010.081967,1,Expiry,0,1.04925114e-12,nan
2007065675571_Node0_Node8_Zero,2007.43862,2010.081967,1,Expiry,0,1.04925114e-12,nan
2007073876370_Node0_Node8_Zero,2007.440442,2010.081967,1,Expiry,0,1.04925114e-12,nan
2007082073643_Node0_Node8_Zero,2007.440442,2010.163934,1,Expiry,0,1.04925114e-12,nan
2007090271446_Node0_Node8_Zero,2007.446244,2010.163934,1,Expiry,0,1.04925114e-12,nan
2007098466727_Node0_Node8_Zero,2007.446244,2010.163934,1,Expiry,0,1.04925114e-12,nan
2007106668258_Node0_Node8_Zero,2007.450289,2010.163934,1,Expiry,0,1.04925114e-12,nan
2007114864399_Node0_Node8_Zero,2007.450289,2010.163934,1,Expiry,0,1.04925114e-12,nan
2007123056228_Node0_Node8_Zero,2007.452312,2010.163934,1,Expiry,0,1.04925114e-12,nan
2007131254714_Node0_Node8_Zero,2007.452312,2010.163934,1,Expiry,0,1.04925114e-12,nan
2007139449501_Node0_Node8_Zero,2007.454174,2010.163934,1,Expiry,0,1.04925114e-12,nan
2007147641877_Node0_Node8_Zero,2007.454174,2010.163934,1,Expiry,0,1.04925114e-12,nan
2007155840724_Node0_Node8_Zero,2007.460196,2010.163934,1,Expiry,0,1.04925114e-12,nan
2007164034160_Node0_Node8_Zero,2007.460196,2010.245902,1,Expiry,0,1.04925114e-12,nan
2007172227682_Node0_Node8_Zero,2007.462019,2010.245902,1,Expiry,0,1.04925114e-12,nan
2007180429177_Node0_Node8_Zero,2007.462019,2010.245902,1,Expiry,0,1.04925114e-12,nan
2007188624792_Node0_Node8_Zero,2007.464082,2010.245902,1,Expiry,0,1.04925114e-12,nan
2007196821250_Node0_Node8_Zero,2007.464082,2010.245902,1,Expiry,0,1.04925114e-12,nan
2007205020003_Node0_Node8_Zero,2007.466144,2010.245902,1,Expiry,0,1.04925114e-12,nan
2007213216330_Node0_Node8_Zero,2007.466144,2010.245902,1,Expiry,0,1.04925114e-12,nan
2007221414752_Node0_Node8_Zero,2007.468007,2010.245902,1,Expiry,0,1.04925114e-12,nan
2007229613886_Node0_Node8_Zero,2007.468007,2010.245902,1,Expiry,0,1.04925114e-12,nan
2007237808517_Node0_Node8_Zero,2007.469909,2010.245902,1,Expiry,0,1.04925114e-12,nan
2007246008304_Node0_Node8_Zero,2007.469909,2010.327869,1,Expiry,0,1.04925114e-12,nan
2007254206882_Node0_Node8_Zero,2007.475991,2010.327869,1,Expiry,0,1.04925114e-12,nan
2007262405143_Node0_Node8_Zero,2007.475991,2010.327869,1,Expiry,0,1.04925114e-12,nan
2007270600734_Node0_Node8_Zero,2007.477834,2010.327869,1,Expiry,0,1.04925114e-12,nan
2007278793967_Node0_Node8_Zero,2007.477834,2010.327869,1,Expiry,0,1.04925114e-12,nan
2007286993998_Node0_Node8_Zero,2007.479796,2010.327869,1,Expiry,0,1.04925114e-12,nan
2007295191032_Node0_Node8_Zero,2007.479796,2010.327869,1,Expiry,0,1.04925114e-12,nan
2007303392434_Node0_Node8_Zero,2007.481779,2010.327869,1,Expiry,0,1.04925114e-12,nan
2007311592871_Node0_Node8_Zero,2007.481779,2010.327869,1,Expiry,0,1.04925114e-12,nan
2007319787167_Node0_Node8_Zero,2007.483701,2010.327869,1,Expiry,0,1.04925114e-12,nan
2007327982035_Node0_Node8_Zero,2007.483701,2010.409836,1,Expiry,0,1.04925114e-12,nan
2007336183684_Node0_Node8_Zero,2007.487581,2010.409836,1,Expiry,0,1.04925114e-12,nan
2007344381512_Node0_Node8_Zero,2007.487581,2010.409836,1,Expiry,0,1.04925114e-12,nan
2007352576374_Node0_Node8_Zero,2007.489563,2010.409836,1,Expiry,0,1.04925114e-12,nan
2007360777083_Node0_Node8_Zero,2007.489563,2010.409836,1,Expiry,0,1.04925114e-12,nan
2007368978190_Node0_Node8_Zero,2007.491406,2010.409836,1,Expiry,0,1.04925114e-12,nan
2007377171662_Node0_Node8_Zero,2007.491406,2010.409836,1,Expiry,0,1.04925114e-12,nan
2007385370227_Node0_Node8_Zero,2007.495285,2010.409836,1,Expiry,0,1.04925114e-12,nan
2007393565714_Node0_Node8_Zero,2007.495285,2010.409836,1,Expiry,0,1.04925114e-12,nan
2007401762907_Node0_Node8_Zero,2007.503224,2010.409836,1,Expiry,0,1.04925114e-12,nan
2007409957614_Node0_Node8_Zero,2007.503224,2010.491803,1,Expiry,0,0,nan
2007418153240_Node0_Node8_Zero,2007.509386,2010.491803,1,Expiry,0,0,nan
2007426348818_Node0_Node8_Zero,2007.509386,2010.491803,1,Expiry,0,0,nan
2007434545702_Node0_Node8_Zero,2007.511309,2010.491803,1,Expiry,0,0,nan
2007442744503_Node0_Node8_Zero,2007.511309,2010.491803,1,Expiry,0,0,nan
2007450938288_Node0_Node8_Zero,2007.513251,2010.491803,1,Expiry,0,0,nan
2007459130974_Node0_Node8_Zero,2007.513251,2010.491803,1,Expiry,0,0,nan
2007467329833_Node0_Node8_Zero,2007.515154,2010.491803,1,Expiry,0,0,nan
2007475529648_Node0_Node8_Zero,2007.515154,2010.491803,1,Expiry,0,0,nan
2007483728563_Node0_Node8_Zero,2007.519053,2010.491803,1,Expiry,0,0,nan
2007491921351_Node0_Node8_Zero,2007.519053,2010.57377,1,Expiry,0,1.04925114e-12,nan
2007500122020_Node0_Node8_Zero,2007.520876,2010.57377,1,Expiry,0,1.04925114e-12,nan
2007508319898_Node0_Node8_Zero,2007.520876,2010.57377,1,Expiry,0,1.04925114e-12,nan
2007516515597_Node0_Node8_Zero,2007.522039,2010.57377,1,Expiry,0,1.04925114e-12,nan
2007524711025_Node0_Node8_Zero,2007.531807,2010.57377,1,Expiry,0,1.04925114e-12,nan
2007532909260_Node0_Node8_Zero,2007.539336,2010.57377,1,Expiry,0,1.04925114e-12,nan
2007541101166_Node0_Node8_Zero,2007.543638,2010.57377,1,Expiry,0,1.04925114e-12,nan
2007549292889_Node0_Node8_Zero,2007.551247,2010.57377,1,Expiry,0,1.04925114e-12,nan
2007557492148_Node0_Node8_Zero,2007.558971,2010.57377,1,Expiry,0,1.04925114e-12,nan
2007565689838_Node0_Node8_Zero,2007.783777,2010.57377,1,Expiry,0,1.04925114e-12,nan
2007573885656_Node0_Node8_Zero,2008.087014,2010.655738,1,Expiry,0,1.04925114e-12,nan
2007582082260_Node0_Node8_Zero,2008.087014,2010.655738,1,Expiry,0,1.04925114e-12,nan
2007590279843_Node0_Node8_Zero,2008.088837,2010.655738,1,Expiry,0,1.04925114e-12,nan
2007598475384_Node0_Node8_Zero,2008.088837,2010.655738,1,Expiry,0,1.04925114e-12,nan
2007606671416_Node0_Node8_Zero,2008.090759,2010.655738,1,Expiry,0,1.04925114e-12,nan
2007614864497_Node0_Node8_Zero,2008.090759,2010.655738,1,Expiry,0,1.04925114e-12,nan
2007623060735_Node0_Node8_Zero,2008.094564,2010.655738,1,Expiry,0,1.04925114e-12,nan
2007631260819_Node0_Node8_Zero,2008.094564,2010.655738,1,Expiry,0,1.04925114e-12,nan
2007639453124_Node0_Node8_Zero,2008.100492,2010.655738,1,Expiry,0,1.04925114e-12,nan
2007647651968_Node0_Node8_Zero,2008.100492,2010.655738,1,Expiry,0,1.04925114e-12,nan
2007655850859_Node0_Node8_Zero,2008.102315,2010.737705,1,Expiry,0,0,nan
2007664051991_Node0_Node8_Zero,2008.102315,2010.737705,1,Expiry,0,0,nan
2007672250724_Node0_Node8_Zero,2008.104157,2010.737705,1,Expiry,0,0,nan
2007680451323_Node0_Node8_Zero,2008.104157,2010.737705,1,Expiry,0,0,nan
2007688644500_Node0_Node8_Zero,2008.106,2010.737705,1,Expiry,0,0,nan
2007696839025_Node0_Node8_Zero,2008.106,2010.737705,1,Expiry,0,0,nan
2007705035898_Node0_Node8_Zero,2008.109779,2010.737705,1,Expiry,0,0,nan
2007713228967_Node0_Node8_Zero,2008.109779,2010.737705,1,Expiry,0,0,nan
2007721422535_Node0_Node8_Zero,2008.113744,2010.737705,1,Expiry,0,0,nan
2007729624039_Node0_Node8_Zero,2008.113744,2010.737705,1,Expiry,0,0,nan
2007737817666_Node0_Node8_Zero,2008.115647,2010.819672,1,Expiry,0,1.04925114e-12,nan
2007746014702_Node0_Node8_Zero,2008.115647,2010.819672,1,Expiry,0,1.04925114e-12,nan
2007754210227_Node0_Node8_Zero,2008.121823,2010.819672,1,Expiry,0,1.04925114e-12,nan
2007762406392_Node0_Node8_Zero,2008.121823,2010.819672,1,Expiry,0,1.04925114e-12,nan
2007770604739_Node0_Node8_Zero,2008.123786,2010.819672,1,Expiry,0,1.04925114e-12,nan
2007778805028_Node0_Node8_Zero,2008.123786,2010.819672,1,Expiry,0,1.04925114e-12,nan
2007787001170_Node0_Node8_Zero,2008.125628,2010.819672,1,Expiry,0,1.04925114e-12,nan
2007795196630_Node0_Node8_Zero,2008.125628,2010.819672,1,Expiry,0,1.04925114e-12,nan
2007803392118_Node0_Node8_Zero,2008.127631,2010.819672,1,Expiry,0,1.04925114e-12,nan
2007811590553_Node0_Node8_Zero,2008.127631,2010.819672,1,Expiry,0,1.04925114e-12,nan
2007819789128_Node0_Node8_Zero,2008.129513,2010.901639,1,Expiry,0,0,nan
2007827983709_Node0_Node8_Zero,2008.129513,2010.901639,1,Expiry,0,0,nan
2007836184106_Node0_Node8_Zero,2008.141989,2010.901639,1,Expiry,0,0,nan
2007844385489_Node0_Node8_Zero,2008.141989,2010.901639,1,Expiry,0,0,nan
2007852583626_Node0_Node8_Zero,2008.145868,2010.901639,1,Expiry,0,0,nan
2007860783776_Node0_Node8_Zero,2008.145868,2010.901639,1,Expiry,0,0,nan
2007868983758_Node0_Node8_Zero,2008.151845,2010.901639,1,Expiry,0,0,nan
2007877183956_Node0_Node8_Zero,2008.151845,2010.901639,1,Expiry,0,0,nan
2007885382903_Node0_Node8_Zero,2008.153727,2010.901639,1,Expiry,0,0,nan
2007893579223_Node0_Node8_Zero,2008.153727,2010.901639,1,Expiry,0,0,nan
2007901778919_Node0_Node8_Zero,2008.160075,2010.983607,1,Expiry,0,1.04925114e-12,nan
2007909975298_Node0_Node8_Zero,2008.160075,2010.983607,1,Expiry,0,1.04925114e-12,nan
2007918170530_Node0_Node8_Zero,2008.161897,2010.983607,1,Expiry,0,1.04925114e-12,nan
2007926363325_Node0_Node8_Zero,2008.161897,2010.983607,1,Expiry,0,1.04925114e-12,nan
2007934556156_Node0_Node8_Zero,2008.16384,2010.983607,1,Expiry,0,1.04925114e-12,nan
2007942752075_Node0_Node8_Zero,2008.16384,2010.983607,1,Expiry,0,1.04925114e-12,nan
2007950947661_Node0_Node8_Zero,2008.165703,2010.983607,1,Expiry,0,1.04925114e-12,nan
2007959144139_Node0_Node8_Zero,2008.165703,2010.983607,1,Expiry,0,1.04925114e-12,nan
2007967345375_Node0_Node8_Zero,2008.167645,2010.983607,1,Expiry,0,1.04925114e-12,nan
2007975537886_Node0_Node8_Zero,2008.167645,2010.983607,1,Expiry,0,1.04925114e-12,nan
2007983737552_Node0_Node8_Zero,2008.169508,2011.065574,1,Expiry,0,0,nan
2007991930416_Node0_Node8_Zero,2008.169508,2011.065574,1,Expiry,0,0,nan
2008000124939_Node0_Node8_Zero,2008.175615,2011.065574,1,Expiry,0,0,nan
2008008319544_Node0_Node8_Zero,2008.175615,2011.065574,1,Expiry,0,0,nan
2008016516877_Node0_Node8_Zero,2008.179695,2011.065574,1,Expiry,0,0,nan
2008024712067_Node0_Node8_Zero,2008.179695,2011.065574,1,Expiry,0,0,nan
2008032906747_Node0_Node8_Zero,2008.181517,2011.065574,1,Expiry,0,0,nan
2008041104056_Node0_Node8_Zero,2008.181517,2011.065574,1,Expiry,0,0,nan
2008049304957_Node0_Node8_Zero,2008.189591,2011.065574,1,Expiry,0,0,nan
2008057500863_Node0_Node8_Zero,2008.189591,2011.065574,1,Expiry,0,0,nan
2008065694229_Node0_Node8_Zero,2008.191513,2011.147541,1,Expiry,0,0,nan
2008073895151_Node0_Node8_Zero,2008.191513,2011.147541,1,Expiry,0,0,nan
2008082091489_Node0_Node8_Zero,2008.193336,2011.147541,1,Expiry,0,0,nan
2008090292409_Node0_Node8_Zero,2008.193336,2011.147541,1,Expiry,0,0,nan
2008098487544_Node0_Node8_Zero,2008.199243,2011.147541,1,Expiry,0,0,nan
2008106685969_Node0_Node8_Zero,2008.199243,2011.147541,1,Expiry,0,0,nan
2008114885957_Node0_Node8_Zero,2008.201206,2011.147541,1,Expiry,0,0,nan
2008123080277_Node0_Node8_Zero,2008.201206,2011.147541,1,Expiry,0,0,nan
2008131277223_Node0_Node8_Zero,2008.203068,2011.147541,1,Expiry,0,0,nan
2008139477263_Node0_Node8_Zero,2008.203068,2011.147541,1,Expiry,0,0,nan
2008147671625_Node0_Node8_Zero,2008.20899,2011.229508,1,Expiry,0,0,nan
2008155864518_Node0_Node8_Zero,2008.20899,2011.229508,1,Expiry,0,0,nan
2008164063639_Node0_Node8_Zero,2008.210933,2011.229508,1,Expiry,0,0,nan
2008172264775_Node0_Node8_Zero,2008.210933,2011.229508,1,Expiry,0,0,nan
2008180462521_Node0_Node8_Zero,2008.212836,2011.229508,1,Expiry,0,0,nan
2008188655917_Node0_Node8_Zero,2008.212836,2011.229508,1,Expiry,0,0,nan
2008196848240_Node0_Node8_Zero,2008.214698,2011.229508,1,Expiry,0,0,nan
2008205040319_Node0_Node8_Zero,2008.214698,2011.229508,1,Expiry,0,0,nan
2008213233648_Node0_Node8_Zero,2008.223785,2011.229508,1,Expiry,0,0,nan
2008221426228_Node0_Node8_Zero,2008.225007,2011.229508,1,Expiry,0,0,nan
2008229619009_Node0_Node8_Zero,2008.343339,2011.311475,1,Expiry,0,1.04925114e-12,nan
2008237817909_Node0_Node8_Zero,2008.349055,2011.311475,1,Expiry,0,1.04925114e-12,nan
2008246012496_Node0_Node8_Zero,2008.349055,2011.311475,1,Expiry,0,1.04925114e-12,nan
2008254207523_Node0_Node8_Zero,2008.351177,2011.311475,1,Expiry,0,1.04925114e-12,nan
2008262403699_Node0_Node8_Zero,2008.351177,2011.311475,1,Expiry,0,1.04925114e-12,nan
2008270597868_Node0_Node8_Zero,2008.35328,2011.311475,1,Expiry,0,1.04925114e-12,nan
2008278798410_Node0_Node8_Zero,2008.35328,2011.311475,1,Expiry,0,1.04925114e-12,nan
2008286997708_Node0_Node8_Zero,2008.355143,2011.311475,1,Expiry,0,1.04925114e-12,nan
2008295198090_Node0_Node8_Zero,2008.355143,2011.311475,1,Expiry,0,1.04925114e-12,nan
2008303395340_Node0_Node8_Zero,2008.358948,2011.311475,1,Expiry,0,1.04925114e-12,nan
2008311589939_Node0_Node8_Zero,2008.358948,2011.393443,1,Expiry,0,1.04925114e-12,nan
2008319781677_Node0_Node8_Zero,2008.36077,2011.393443,1,Expiry,0,1.04925114e-12,nan
2008327982884_Node0_Node8_Zero,2008.36077,2011.393443,1,Expiry,0,1.04925114e-12,nan
2008336181307_Node0_Node8_Zero,2008.36471,2011.393443,1,Expiry,0,1.04925114e-12,nan
2008344382782_Node0_Node8_Zero,2008.36471,2011.393443,1,Expiry,0,1.04925114e-12,nan
2008352581499_Node0_Node8_Zero,2008.366752,2011.393443,1,Expiry,0,1.04925114e-12,nan
2008360782058_Node0_Node8_Zero,2008.366752,2011.393443,1,Expiry,0,1.04925114e-12,nan
2008368977764_Node0_Node8_Zero,2008.390663,2011.393443,1,Expiry,0,1.04925114e-12,nan
2008377178589_Node0_Node8_Zero,2008.752953,2011.393443,1,Expiry,0,1.04925114e-12,nan
2008385377708_Node0_Node8_Zero,2008.752953,2011.393443,1,Expiry,0,1.04925114e-12,nan
2008393572586_Node0_Node8_Zero,2008.754956,2011.47541,1,Expiry,0,0,nan
2008401771946_Node0_Node8_Zero,2008.754956,2011.47541,1,Expiry,0,0,nan
2008409972014_Node0_Node8_Zero,2008.759081,2011.47541,1,Expiry,0,0,nan
2008418166009_Node0_Node8_Zero,2008.759081,2011.47541,1,Expiry,0,0,nan
2008426364608_Node0_Node8_Zero,2008.761163,2011.47541,1,Expiry,0,0,nan
2008434559839_Node0_Node8_Zero,2008.761163,2011.47541,1,Expiry,0,0,nan
2008442761219_Node0_Node8_Zero,2008.763186,2011.47541,1,Expiry,0,0,nan
2008450958131_Node0_Node8_Zero,2008.763186,2011.47541,1,Expiry,0,0,nan
2008459154714_Node0_Node8_Zero,2008.765209,2011.47541,1,Expiry,0,0,nan
2008467355222_Node0_Node8_Zero,2008.765209,2011.47541,1,Expiry,0,0,nan
2008475556338_Node0_Node8_Zero,2008.767051,2011.557377,1,Expiry,0,0,nan
2008483750155_Node0_Node8_Zero,2008.767051,2011.557377,1,Expiry,0,0,nan
2008491945707_Node0_Node8_Zero,2008.77493,2011.557377,1,Expiry,0,0,nan
2008500143598_Node0_Node8_Zero,2008.77493,2011.557377,1,Expiry,0,0,nan
2008508342359_Node0_Node8_Zero,2008.776853,2011.557377,1,Expiry,0,0,nan
2008516543426_Node0_Node8_Zero,2008.776853,2011.557377,1,Expiry,0,0,nan
2008524742441_Node0_Node8_Zero,2008.778795,2011.557377,1,Expiry,0,0,nan
2008532937350_Node0_Node8_Zero,2008.778795,2011.557377,1,Expiry,0,0,nan
2008541136276_Node0_Node8_Zero,2008.780658,2011.557377,1,Expiry,0,0,nan
2008549328820_Node0_Node8_Zero,2008.780658,2011.557377,1,Expiry,0,0,nan
2008557526222_Node0_Node8_Zero,2008.7825,2011.639344,1,Expiry,0,0,nan
2008565719433_Node0_Node8_Zero,2008.7825,2011.639344,1,Expiry,0,0,nan
2008573919529_Node0_Node8_Zero,2008.792402,2011.639344,1,Expiry,0,0,nan
2008582117659_Node0_Node8_Zero,2008.792402,2011.639344,1,Expiry,0,0,nan
2008590315427_Node0_Node8_Zero,2008.794224,2011.639344,1,Expiry,0,0,nan
2008598516667_Node0_Node8_Zero,2008.794224,2011.639344,1,Expiry,0,0,nan
2008606713895_Node0_Node8_Zero,2008.796187,2011.639344,1,Expiry,0,0,nan
2008614912843_Node0_Node8_Zero,2008.796187,2011.639344,1,Expiry,0,0,nan
2008623112612_Node0_Node8_Zero,2008.798189,2011.639344,1,Expiry,0,0,nan
2008631311284_Node0_Node8_Zero,2008.798189,2011.639344,1,Expiry,0,0,nan
2008639508895_Node0_Node8_Zero,2008.804226,2011.721311,1,Expiry,0,1.04925114e-12,nan
2008647706953_Node0_Node8_Zero,2008.804226,2011.721311,1,Expiry,0,1.04925114e-12,nan
2008655902660_Node0_Node8_Zero,2008.806248,2011.721311,1,Expiry,0,1.04925114e-12,nan
2008664095175_Node0_Node8_Zero,2008.806248,2011.721311,1,Expiry,0,1.04925114e-12,nan
2008672295133_Node0_Node8_Zero,2008.808091,2011.721311,1,Expiry,0,1.04925114e-12,nan
2008680496591_Node0_Node8_Zero,2008.808091,2011.721311,1,Expiry,0,1.04925114e-12,nan
2008688688712_Node0_Node8_Zero,2008.809933,2011.721311,1,Expiry,0,1.04925114e-12,nan
2008696884800_Node0_Node8_Zero,2008.809933,2011.721311,1,Expiry,0,1.04925114e-12,nan
2008705084689_Node0_Node8_Zero,2008.819701,2011.721311,1,Expiry,0,1.04925114e-12,nan
2008713280903_Node0_Node8_Zero,2008.819701,2011.721311,1,Expiry,0,1.04925114e-12,nan
2008721481812_Node0_Node8_Zero,2008.821523,2011.803279,1,Expiry,0,1.04925114e-12,nan
2008729674831_Node0_Node8_Zero,2008.821523,2011.803279,1,Expiry,0,1.04925114e-12,nan
2008737872078_Node0_Node8_Zero,2008.823506,2011.803279,1,Expiry,0,1.04925114e-12,nan
2008746069399_Node0_Node8_Zero,2008.823506,2011.803279,1,Expiry,0,1.04925114e-12,nan
2008754264839_Node0_Node8_Zero,2008.825388,2011.803279,1,Expiry,0,1.04925114e-12,nan
2008762464090_Node0_Node8_Zero,2008.825388,2011.803279,1,Expiry,0,1.04925114e-12,nan
2008770664583_Node0_Node8_Zero,2008.827351,2011.803279,1,Expiry,0,1.04925114e-12,nan
2008778864614_Node0_Node8_Zero,2008.827351,2011.803279,1,Expiry,0,1.04925114e-12,nan
2008787060019_Node0_Node8_Zero,2008.833213,2011.803279,1,Expiry,0,1.04925114e-12,nan
2008795260421_Node0_Node8_Zero,2008.833213,2011.803279,1,Expiry,0,1.04925114e-12,nan
2008803453263_Node0_Node8_Zero,2008.835195,2011.885246,1,Expiry,0,0,nan
2008811652889_Node0_Node8_Zero,2008.835195,2011.885246,1,Expiry,0,0,nan
2008819852863_Node0_Node8_Zero,2008.837038,2011.885246,1,Expiry,0,0,nan
2008828051249_Node0_Node8_Zero,2008.837038,2011.885246,1,Expiry,0,0,nan
2008836250330_Node0_Node8_Zero,2008.840143,2011.885246,1,Expiry,0,0,nan
2008844446664_Node0_Node8_Zero,2008.846752,2011.885246,1,Expiry,0,0,nan
2008852644695_Node0_Node8_Zero,2008.854341,2011.885246,1,Expiry,0,0,nan
2008860845147_Node0_Node8_Zero,2008.863002,2011.885246,1,Expiry,0,0,nan
2008869044129_Node0_Node8_Zero,2008.870612,2011.885246,1,Expiry,0,0,nan
2008877237239_Node0_Node8_Zero,2008.880063,2011.885246,1,Expiry,0,0,nan
2008885432083_Node0_Node8_Zero,2008.888093,2011.967213,1,Expiry,0,1.04925114e-12,nan
2008893633601_Node0_Node8_Zero,2008.951461,2011.967213,1,Expiry,0,1.04925114e-12,nan
2008901828165_Node0_Node8_Zero,2009.056005,2011.967213,1,Expiry,0,1.04925114e-12,nan
2008910021059_Node0_Node8_Zero,2009.056005,2011.967213,1,Expiry,0,1.04925114e-12,nan
2008918218272_Node0_Node8_Zero,2009.059229,2011.967213,1,Expiry,0,1.04925114e-12,nan
2008926411155_Node0_Node8_Zero,2009.059229,2011.967213,1,Expiry,0,1.04925114e-12,nan
2008934605577_Node0_Node8_Zero,2009.061192,2011.967213,1,Expiry,0,1.04925114e-12,nan
2008942804462_Node0_Node8_Zero,2009.061192,2011.967213,1,Expiry,0,1.04925114e-12,nan
2008951001252_Node0_Node8_Zero,2009.065091,2011.967213,1,Expiry,0,1.04925114e-12,nan
2008959198017_Node0_Node8_Zero,2009.065091,2011.967213,1,Expiry,0,1.04925114e-12,nan
2008967399566_Node0_Node8_Zero,2009.066914,2012.04918,1,Expiry,0,1.04925114e-12,nan
2008975591496_Node0_Node8_Zero,2009.066914,2012.04918,1,Expiry,0,1.04925114e-12,nan
2008983787039_Node0_Node8_Zero,2009.068856,2012.04918,1,Expiry,0,1.04925114e-12,nan
2008991987342_Node0_Node8_Zero,2009.068856,2012.04918,1,Expiry,0,1.04925114e-12,nan
2009000188312_Node0_Node8_Zero,2009.070679,2012.04918,1,Expiry,0,1.04925114e-12,nan
2009008389051_Node0_Node8_Zero,2009.070679,2012.04918,1,Expiry,0,1.04925114e-12,nan
2009016585620_Node0_Node8_Zero,2009.072601,2012.04918,1,Expiry,0,1.04925114e-12,nan
2009024777462_Node0_Node8_Zero,2009.072601,2012.04918,1,Expiry,0,1.04925114e-12,nan
2009032971875_Node0_Node8_Zero,2009.074464,2012.04918,1,Expiry,0,1.04925114e-12,nan
2009041171544_Node0_Node8_Zero,2009.074464,2012.04918,1,Expiry,0,1.04925114e-12,nan
2009049364122_Node0_Node8_Zero,2009.084557,2012.131148,1,Expiry,0,0,nan
2009057562959_Node0_Node8_Zero,2009.084557,2012.131148,1,Expiry,0,0,nan
2009065759860_Node0_Node8_Zero,2009.088616,2012.131148,1,Expiry,0,0,nan
2009073959997_Node0_Node8_Zero,2009.088616,2012.131148,1,Expiry,0,0,nan
2009082156254_Node0_Node8_Zero,2009.089619,2012.131148,1,Expiry,0,0,nan
2009090353466_Node0_Node8_Zero,2009.092663,2012.131148,1,Expiry,0,0,nan
2009098553571_Node0_Node8_Zero,2009.373603,2012.131148,1,Expiry,0,0,nan
2009106751017_Node0_Node8_Zero,2010.039401,2012.131148,1,Expiry,0,0,nan
2009131343240_Node0_Node8_Zero,2010.047465,2012.213115,1,Expiry,0,0,nan
2009139542241_Node0_Node8_Zero,2010.047465,2012.213115,1,Expiry,0,0,nan
2009147742113_Node0_Node8_Zero,2010.049368,2012.213115,1,Expiry,0,0,nan
2009155942082_Node0_Node8_Zero,2010.049368,2012.213115,1,Expiry,0,0,nan
2009164142542_Node0_Node8_Zero,2010.05123,2012.213115,1,Expiry,0,0,nan
2009172336142_Node0_Node8_Zero,2010.05123,2012.213115,1,Expiry,0,0,nan
2009180536292_Node0_Node8_Zero,2010.057472,2012.213115,1,Expiry,0,0,nan
2009188729866_Node0_Node8_Zero,2010.057472,2012.213115,1,Expiry,0,0,nan
2009196930194_Node0_Node8_Zero,2010.059315,2012.213115,1,Expiry,0,0,nan
2009205125002_Node0_Node8_Zero,2010.059315,2012.213115,1,Expiry,0,0,nan
2009213321362_Node0_Node8_Zero,2010.069008,2012.295082,1,Expiry,0,1.04925114e-12,nan
2009221520469_Node0_Node8_Zero,2010.069008,2012.295082,1,Expiry,0,1.04925114e-12,nan
2009229712469_Node0_Node8_Zero,2010.07107,2012.295082,1,Expiry,0,1.04925114e-12,nan
2009237906077_Node0_Node8_Zero,2010.07107,2012.295082,1,Expiry,0,1.04925114e-12,nan
2009246099934_Node0_Node8_Zero,2010.072893,2012.295082,1,Expiry,0,1.04925114e-12,nan
2009254299841_Node0_Node8_Zero,2010.072893,2012.295082,1,Expiry,0,1.04925114e-12,nan
2009262499662_Node0_Node8_Zero,2010.076718,2012.295082,1,Expiry,0,1.04925114e-12,nan
2009270699947_Node0_Node8_Zero,2010.076718,2012.295082,1,Expiry,0,1.04925114e-12,nan
2009278895434_Node0_Node8_Zero,2010.0787,2012.295082,1,Expiry,0,1.04925114e-12,nan
2009287096290_Node0_Node8_Zero,2010.0787,2012.295082,1,Expiry,0,1.04925114e-12,nan
2009295291904_Node0_Node8_Zero,2010.080563,2012.377049,1,Expiry,0,1.04925114e-12,nan
2009303488630_Node0_Node8_Zero,2010.080563,2012.377049,1,Expiry,0,1.04925114e-12,nan
2009311689992_Node0_Node8_Zero,2010.082386,2012.377049,1,Expiry,0,1.04925114e-12,nan
2009319883517_Node0_Node8_Zero,2010.082386,2012.377049,1,Expiry,0,1.04925114e-12,nan
2009328083297_Node0_Node8_Zero,2010.086151,2012.377049,1,Expiry,0,1.04925114e-12,nan
2009336278770_Node0_Node8_Zero,2010.086151,2012.377049,1,Expiry,0,1.04925114e-12,nan
2009344479020_Node0_Node8_Zero,2010.096324,2012.377049,1,Expiry,0,1.04925114e-12,nan
2009352672339_Node0_Node8_Zero,2010.096324,2012.377049,1,Expiry,0,1.04925114e-12,nan
2009360867334_Node0_Node8_Zero,2010.098326,2012.377049,1,Expiry,0,1.04925114e-12,nan
2009369063752_Node0_Node8_Zero,2010.098326,2012.377049,1,Expiry,0,1.04925114e-12,nan
2009377262502_Node0_Node8_Zero,2010.100429,2012.459016,1,Expiry,0,0,nan
2009385463460_Node0_Node8_Zero,2010.100429,2012.459016,1,Expiry,0,0,nan
2009393658398_Node0_Node8_Zero,2010.102331,2012.459016,1,Expiry,0,0,nan
2009401852439_Node0_Node8_Zero,2010.102331,2012.459016,1,Expiry,0,0,nan
2009410045376_Node0_Node8_Zero,2010.104254,2012.459016,1,Expiry,0,0,nan
2009418238512_Node0_Node8_Zero,2010.104254,2012.459016,1,Expiry,0,0,nan
2009426438888_Node0_Node8_Zero,2010.106116,2012.459016,1,Expiry,0,0,nan
2009434635131_Node0_Node8_Zero,2010.106116,2012.459016,1,Expiry,0,0,nan
2009442831621_Node0_Node8_Zero,2010.110001,2012.459016,1,Expiry,0,0,nan
2009451031869_Node0_Node8_Zero,2010.110001,2012.459016,1,Expiry,0,0,nan
2009459227492_Node0_Node8_Zero,2010.111864,2012.540984,1,Expiry,0,1.04925114e-12,nan
2009467425024_Node0_Node8_Zero,2010.111864,2012.540984,1,Expiry,0,1.04925114e-12,nan
2009475619895_Node0_Node8_Zero,2010.115649,2012.540984,1,Expiry,0,1.04925114e-12,nan
2009483817214_Node0_Node8_Zero,2010.115649,2012.540984,1,Expiry,0,1.04925114e-12,nan
2009492010996_Node0_Node8_Zero,2010.123719,2012.540984,1,Expiry,0,1.04925114e-12,nan
2009500207220_Node0_Node8_Zero,2010.123719,2012.540984,1,Expiry,0,1.04925114e-12,nan
2009508405805_Node0_Node8_Zero,2010.125622,2012.540984,1,Expiry,0,1.04925114e-12,nan
2009516600324_Node0_Node8_Zero,2010.125622,2012.540984,1,Expiry,0,1.04925114e-12,nan
2009524796889_Node0_Node8_Zero,2010.127665,2012.540984,1,Expiry,0,1.04925114e-12,nan
2009532993950_Node0_Node8_Zero,2010.127665,2012.540984,1,Expiry,0,1.04925114e-12,nan
2009541193765_Node0_Node8_Zero,2010.133541,2012.622951,1,Expiry,0,0,nan
2009549394760_Node0_Node8_Zero,2010.133541,2012.622951,1,Expiry,0,0,nan
2009557595739_Node0_Node8_Zero,2010.139829,2012.622951,1,Expiry,0,0,nan
2009565796038_Node0_Node8_Zero,2010.139829,2012.622951,1,Expiry,0,0,nan
2009573991017_Node0_Node8_Zero,2010.141871,2012.622951,1,Expiry,0,0,nan
2009582192427_Node0_Node8_Zero,2010.141871,2012.622951,1,Expiry,0,0,nan
2009590385374_Node0_Node8_Zero,2010.143834,2012.622951,1,Expiry,0,0,nan
2009598584611_Node0_Node8_Zero,2010.143834,2012.622951,1,Expiry,0,0,nan
2009606786045_Node0_Node8_Zero,2010.145876,2012.622951,1,Expiry,0,0,nan
2009614982568_Node0_Node8_Zero,2010.145876,2012.622951,1,Expiry,0,0,nan
2009623183465_Node0_Node8_Zero,2010.147779,2012.704918,1,Expiry,0,0,nan
2009631383791_Node0_Node8_Zero,2010.147779,2012.704918,1,Expiry,0,0,nan
2009639581859_Node0_Node8_Zero,2010.149721,2012.704918,1,Expiry,0,0,nan
2009647780408_Node0_Node8_Zero,2010.149721,2012.704918,1,Expiry,0,0,nan
2009655976212_Node0_Node8_Zero,2010.153646,2012.704918,1,Expiry,0,0,nan
2009664168722_Node0_Node8_Zero,2010.153646,2012.704918,1,Expiry,0,0,nan
2009672365073_Node0_Node8_Zero,2010.157592,2012.704918,1,Expiry,0,0,nan
2009680562796_Node0_Node8_Zero,2010.157592,2012.704918,1,Expiry,0,0,nan
2009688754635_Node0_Node8_Zero,2010.159454,2012.704918,1,Expiry,0,0,nan
2009696952991_Node0_Node8_Zero,2010.159454,2012.704918,1,Expiry,0,0,nan
2009705153794_Node0_Node8_Zero,2010.161337,2012.786885,1,Expiry,0,1.04925114e-12,nan
2009713350588_Node0_Node8_Zero,2010.161337,2012.786885,1,Expiry,0,1.04925114e-12,nan
2009721542512_Node0_Node8_Zero,2010.173506,2012.786885,1,Expiry,0,1.04925114e-12,nan
2009729735677_Node0_Node8_Zero,2010.173506,2012.786885,1,Expiry,0,1.04925114e-12,nan
2009737930815_Node0_Node8_Zero,2010.177626,2012.786885,1,Expiry,0,1.04925114e-12,nan
2009746128434_Node0_Node8_Zero,2010.177626,2012.786885,1,Expiry,0,1.04925114e-12,nan
2009754326900_Node0_Node8_Zero,2010.179688,2012.786885,1,Expiry,0,1.04925114e-12,nan
2009762521645_Node0_Node8_Zero,2010.179688,2012.786885,1,Expiry,0,1.04925114e-12,nan
2009770715220_Node0_Node8_Zero,2010.183568,2012.786885,1,Expiry,0,1.04925114e-12,nan
2009778914293_Node0_Node8_Zero,2010.183568,2012.786885,1,Expiry,0,1.04925114e-12,nan
2009787107840_Node0_Node8_Zero,2010.18539,2012.868852,1,Expiry,0,0,nan
2009795302436_Node0_Node8_Zero,2010.18539,2012.868852,1,Expiry,0,0,nan
2009803499852_Node0_Node8_Zero,2010.187373,2012.868852,1,Expiry,0,0,nan
2009811693479_Node0_Node8_Zero,2010.187373,2012.868852,1,Expiry,0,0,nan
2009819889714_Node0_Node8_Zero,2010.189276,2012.868852,1,Expiry,0,0,nan
2009828086200_Node0_Node8_Zero,2010.189276,2012.868852,1,Expiry,0,0,nan
2009836286044_Node0_Node8_Zero,2010.191118,2012.868852,1,Expiry,0,0,nan
2009844480589_Node0_Node8_Zero,2010.191118,2012.868852,1,Expiry,0,0,nan
2009852676422_Node0_Node8_Zero,2010.197326,2012.868852,1,Expiry,0,0,nan
2009860877484_Node0_Node8_Zero,2010.197326,2012.868852,1,Expiry,0,0,nan
2009869075455_Node0_Node8_Zero,2010.199388,2012.95082,1,Expiry,0,0,nan
2009877269790_Node0_Node8_Zero,2010.199388,2012.95082,1,Expiry,0,0,nan
2009885461685_Node0_Node8_Zero,2010.201331,2012.95082,1,Expiry,0,0,nan
2009893658650_Node0_Node8_Zero,2010.201331,2012.95082,1,Expiry,0,0,nan
2009901856054_Node0_Node8_Zero,2010.203374,2012.95082,1,Expiry,0,0,nan
2009910052073_Node0_Node8_Zero,2010.203374,2012.95082,1,Expiry,0,0,nan
2009918247163_Node0_Node8_Zero,2010.20951,2012.95082,1,Expiry,0,0,nan
2009926445074_Node0_Node8_Zero,2010.20951,2012.95082,1,Expiry,0,0,nan
2009934641949_Node0_Node8_Zero,2010.211352,2012.95082,1,Expiry,0,0,nan
2009942839810_Node0_Node8_Zero,2010.211352,2012.95082,1,Expiry,0,0,nan
2009951041264_Node0_Node8_Zero,2010.213395,2013.032787,1,Expiry,0,1.04925114e-12,nan
2009959238895_Node0_Node8_Zero,2010.213395,2013.032787,1,Expiry,0,1.04925114e-12,nan
2009967430713_Node0_Node8_Zero,2010.215237,2013.032787,1,Expiry,0,1.04925114e-12,nan
2009975626289_Node0_Node8_Zero,2010.215237,2013.032787,1,Expiry,0,1.04925114e-12,nan
2009983827085_Node0_Node8_Zero,2010.21712,2013.032787,1,Expiry,0,1.04925114e-12,nan
2009992020305_Node0_Node8_Zero,2010.21712,2013.032787,1,Expiry,0,1.04925114e-12,nan
2010000217797_Node0_Node8_Zero,2010.219123,2013.032787,1,Expiry,0,1.04925114e-12,nan
2010008412945_Node0_Node8_Zero,2010.219123,2013.032787,1,Expiry,0,1.04925114e-12,nan
2010016610545_Node0_Node8_Zero,2010.223168,2013.032787,1,Expiry,0,1.04925114e-12,nan
2010024802478_Node0_Node8_Zero,2010.223168,2013.032787,1,Expiry,0,1.04925114e-12,nan
2010033003828_Node0_Node8_Zero,2010.22507,2013.114754,1,Expiry,0,1.04925114e-12,nan
2010041202267_Node0_Node8_Zero,2010.22507,2013.114754,1,Expiry,0,1.04925114e-12,nan
2010049402809_Node0_Node8_Zero,2010.227133,2013.114754,1,Expiry,0,1.04925114e-12,nan
2010057602389_Node0_Node8_Zero,2010.227133,2013.114754,1,Expiry,0,1.04925114e-12,nan
2010065800784_Node0_Node8_Zero,2010.230912,2013.114754,1,Expiry,0,1.04925114e-12,nan
2010074000765_Node0_Node8_Zero,2010.230912,2013.114754,1,Expiry,0,1.04925114e-12,nan
2010082200440_Node0_Node8_Zero,2010.232995,2013.114754,1,Expiry,0,1.04925114e-12,nan
2010090401451_Node0_Node8_Zero,2010.232995,2013.114754,1,Expiry,0,1.04925114e-12,nan
2010098599202_Node0_Node8_Zero,2010.234957,2013.114754,1,Expiry,0,1.04925114e-12,nan
2010106792456_Node0_Node8_Zero,2010.234957,2013.114754,1,Expiry,0,1.04925114e-12,nan
2010114984795_Node0_Node8_Zero,2010.238983,2013.196721,1,Expiry,0,0,nan
2010123177137_Node0_Node8_Zero,2010.238983,2013.196721,1,Expiry,0,0,nan
2010131370166_Node0_Node8_Zero,2010.251412,2013.196721,1,Expiry,0,0,nan
2010139571013_Node0_Node8_Zero,2010.251412,2013.196721,1,Expiry,0,0,nan
2010147766359_Node0_Node8_Zero,2010.253275,2013.196721,1,Expiry,0,0,nan
2010155964367_Node0_Node8_Zero,2010.253275,2013.196721,1,Expiry,0,0,nan
2010164163629_Node0_Node8_Zero,2010.255137,2013.196721,1,Expiry,0,0,nan
2010172363360_Node0_Node8_Zero,2010.255137,2013.196721,1,Expiry,0,0,nan
2010180556248_Node0_Node8_Zero,2010.259163,2013.196721,1,Expiry,0,0,nan
2010188757891_Node0_Node8_Zero,2010.259163,2013.196721,1,Expiry,0,0,nan
2010196957803_Node0_Node8_Zero,2010.265285,2013.278689,1,Expiry,0,0,nan
2010205154074_Node0_Node8_Zero,2010.265285,2013.278689,1,Expiry,0,0,nan
2010213346744_Node0_Node8_Zero,2010.269124,2013.278689,1,Expiry,0,0,nan
2010221539633_Node0_Node8_Zero,2010.269124,2013.278689,1,Expiry,0,0,nan
2010229734046_Node0_Node8_Zero,2010.273329,2013.278689,1,Expiry,0,0,nan
2010237931154_Node0_Node8_Zero,2010.273329,2013.278689,1,Expiry,0,0,nan
2010246123179_Node0_Node8_Zero,2010.275312,2013.278689,1,Expiry,0,0,nan
2010254320381_Node0_Node8_Zero,2010.275312,2013.278689,1,Expiry,0,0,nan
2010262519452_Node0_Node8_Zero,2010.279437,2013.278689,1,Expiry,0,0,nan
2010270717642_Node0_Node8_Zero,2010.279437,2013.278689,1,Expiry,0,0,nan
2010278916442_Node0_Node8_Zero,2010.282756,2013.360656,1,Expiry,0,0,nan
2010287115296_Node0_Node8_Zero,2010.385638,2013.360656,1,Expiry,0,0,nan
2010295312671_Node0_Node8_Zero,2010.496473,2013.360656,1,Expiry,0,0,nan
2010303507522_Node0_Node8_Zero,2010.496473,2013.360656,1,Expiry,0,0,nan
2010311706920_Node0_Node8_Zero,2010.498596,2013.360656,1,Expiry,0,0,nan
2010319904855_Node0_Node8_Zero,2010.498596,2013.360656,1,Expiry,0,0,nan
2010328096848_Node0_Node8_Zero,2010.500558,2013.360656,1,Expiry,0,0,nan
2010336292278_Node0_Node8_Zero,2010.500558,2013.360656,1,Expiry,0,0,nan
2010344486347_Node0_Node8_Zero,2010.502401,2013.360656,1,Expiry,0,0,nan
2010352678320_Node0_Node8_Zero,2010.502401,2013.360656,1,Expiry,0,0,nan
2010360879949_Node0_Node8_Zero,2010.506206,2013.442623,1,Expiry,0,0,nan
2010369076628_Node0_Node8_Zero,2010.506206,2013.442623,1,Expiry,0,0,nan
2010377271571_Node0_Node8_Zero,2010.512408,2013.442623,1,Expiry,0,0,nan
2010385468322_Node0_Node8_Zero,2010.512408,2013.442623,1,Expiry,0,0,nan
2010393662719_Node0_Node8_Zero,2010.51453,2013.442623,1,Expiry,0,0,nan
2010401860803_Node0_Node8_Zero,2010.51453,2013.442623,1,Expiry,0,0,nan
2010410056839_Node0_Node8_Zero,2010.516433,2013.442623,1,Expiry,0,0,nan
2010418251934_Node0_Node8_Zero,2010.516433,2013.442623,1,Expiry,0,0,nan
2010426449112_Node0_Node8_Zero,2010.518475,2013.442623,1,Expiry,0,0,nan
2010434648621_Node0_Node8_Zero,2010.518475,2013.442623,1,Expiry,0,0,nan
2010442849583_Node0_Node8_Zero,2010.52676,2013.52459,1,Expiry,0,0,nan
2010451042655_Node0_Node8_Zero,2010.52676,2013.52459,1,Expiry,0,0,nan
2010459242449_Node0_Node8_Zero,2010.528643,2013.52459,1,Expiry,0,0,nan
2010467439464_Node0_Node8_Zero,2010.528643,2013.52459,1,Expiry,0,0,nan
2010475635093_Node0_Node8_Zero,2010.532388,2013.52459,1,Expiry,0,0,nan
2010483832172_Node0_Node8_Zero,2010.532388,2013.52459,1,Expiry,0,0,nan
2010492030129_Node0_Node8_Zero,2010.53425,2013.52459,1,Expiry,0,0,nan
2010500222826_Node0_Node8_Zero,2010.53425,2013.52459,1,Expiry,0,0,nan
2010508415807_Node0_Node8_Zero,2010.536233,2013.52459,1,Expiry,0,0,nan
2010516616114_Node0_Node8_Zero,2010.536233,2013.52459,1,Expiry,0,0,nan
2010524814265_Node0_Node8_Zero,2010.538055,2013.606557,1,Expiry,0,1.04925114e-12,nan
2010533007674_Node0_Node8_Zero,2010.538055,2013.606557,1,Expiry,0,1.04925114e-12,nan
2010541207719_Node0_Node8_Zero,2010.543303,2013.606557,1,Expiry,0,1.04925114e-12,nan
2010549407770_Node0_Node8_Zero,2010.553881,2013.606557,1,Expiry,0,1.04925114e-12,nan
2010557607035_Node0_Node8_Zero,2010.559488,2013.606557,1,Expiry,0,1.04925114e-12,nan
2010565807092_Node0_Node8_Zero,2010.820333,2013.606557,1,Expiry,0,1.04925114e-12,nan
2010574000092_Node0_Node8_Zero,2011.250384,2013.606557,1,Expiry,0,1.04925114e-12,nan
2010582200244_Node0_Node8_Zero,2011.250384,2013.606557,1,Expiry,0,1.04925114e-12,nan
2010590392166_Node0_Node8_Zero,2011.252307,2013.606557,1,Expiry,0,1.04925114e-12,nan
2010598591008_Node0_Node8_Zero,2011.252307,2013.606557,1,Expiry,0,1.04925114e-12,nan
2010606785045_Node0_Node8_Zero,2011.25423,2013.688525,1,Expiry,0,1.04925114e-12,nan
2010614983832_Node0_Node8_Zero,2011.25423,2013.688525,1,Expiry,0,1.04925114e-12,nan
2010623178141_Node0_Node8_Zero,2011.256192,2013.688525,1,Expiry,0,1.04925114e-12,nan
2010631375438_Node0_Node8_Zero,2011.256192,2013.688525,1,Expiry,0,1.04925114e-12,nan
2010639568878_Node0_Node8_Zero,2011.258175,2013.688525,1,Expiry,0,1.04925114e-12,nan
2010647766489_Node0_Node8_Zero,2011.258175,2013.688525,1,Expiry,0,1.04925114e-12,nan
2010655962700_Node0_Node8_Zero,2011.260157,2013.688525,1,Expiry,0,1.04925114e-12,nan
2010664160694_Node0_Node8_Zero,2011.260157,2013.688525,1,Expiry,0,1.04925114e-12,nan
2010672352488_Node0_Node8_Zero,2011.272561,2013.688525,1,Expiry,0,1.04925114e-12,nan
2010680554205_Node0_Node8_Zero,2011.272561,2013.688525,1,Expiry,0,1.04925114e-12,nan
2010688747996_Node0_Node8_Zero,2011.274444,2013.770492,1,Expiry,0,1.04925114e-12,nan
2010696943816_Node0_Node8_Zero,2011.274444,2013.770492,1,Expiry,0,1.04925114e-12,nan
2010705140910_Node0_Node8_Zero,2011.278463,2013.770492,1,Expiry,0,1.04925114e-12,nan
2010713334152_Node0_Node8_Zero,2011.278463,2013.770492,1,Expiry,0,1.04925114e-12,nan
2010721533187_Node0_Node8_Zero,2011.280486,2013.770492,1,Expiry,0,1.04925114e-12,nan
2010729727798_Node0_Node8_Zero,2011.280486,2013.770492,1,Expiry,0,1.04925114e-12,nan
2010737922744_Node0_Node8_Zero,2011.282428,2013.770492,1,Expiry,0,1.04925114e-12,nan
2010746122897_Node0_Node8_Zero,2011.282428,2013.770492,1,Expiry,0,1.04925114e-12,nan
2010754315450_Node0_Node8_Zero,2011.284531,2013.770492,1,Expiry,0,1.04925114e-12,nan
2010762512899_Node0_Node8_Zero,2011.284531,2013.770492,1,Expiry,0,1.04925114e-12,nan
2010770714091_Node0_Node8_Zero,2011.286594,2013.852459,1,Expiry,0,1.04925114e-12,nan
2010778906011_Node0_Node8_Zero,2011.286594,2013.852459,1,Expiry,0,1.04925114e-12,nan
2010787103679_Node0_Node8_Zero,2011.288616,2013.852459,1,Expiry,0,1.04925114e-12,nan
2010795300589_Node0_Node8_Zero,2011.288616,2013.852459,1,Expiry,0,1.04925114e-12,nan
2010803493980_Node0_Node8_Zero,2011.290579,2013.852459,1,Expiry,0,1.04925114e-12,nan
2010811688703_Node0_Node8_Zero,2011.290579,2013.852459,1,Expiry,0,1.04925114e-12,nan
2010819885982_Node0_Node8_Zero,2011.292461,2013.852459,1,Expiry,0,1.04925114e-12,nan
2010828078311_Node0_Node8_Zero,2011.292461,2013.852459,1,Expiry,0,1.04925114e-12,nan
2010836276934_Node0_Node8_Zero,2011.294484,2013.852459,1,Expiry,0,1.04925114e-12,nan
2010844477773_Node0_Node8_Zero,2011.294484,2013.852459,1,Expiry,0,1.04925114e-12,nan
2010852674709_Node0_Node8_Zero,2011.296326,2013.934426,1,Expiry,0,1.04925114e-12,nan
2010860873917_Node0_Node8_Zero,2011.296326,2013.934426,1,Expiry,0,1.04925114e-12,nan
2010869071430_Node0_Node8_Zero,2011.300146,2013.934426,1,Expiry,0,1.04925114e-12,nan
2010877263396_Node0_Node8_Zero,2011.300146,2013.934426,1,Expiry,0,1.04925114e-12,nan
2010885456996_Node0_Node8_Zero,2011.306153,2013.934426,1,Expiry,0,1.04925114e-12,nan
2010893650379_Node0_Node8_Zero,2011.306153,2013.934426,1,Expiry,0,1.04925114e-12,nan
2010901847238_Node0_Node8_Zero,2011.308196,2013.934426,1,Expiry,0,1.04925114e-12,nan
2010910047234_Node0_Node8_Zero,2011.308196,2013.934426,1,Expiry,0,1.04925114e-12,nan
2010918247108_Node0_Node8_Zero,2011.310219,2013.934426,1,Expiry,0,1.04925114e-12,nan
2010926442941_Node0_Node8_Zero,2011.310219,2013.934426,1,Expiry,0,1.04925114e-12,nan
2010934643410_Node0_Node8_Zero,2011.312101,2014.016393,1,Expiry,0,0,nan
2010942844764_Node0_Node8_Zero,2011.312101,2014.016393,1,Expiry,0,0,nan
2010951043769_Node0_Node8_Zero,2011.314024,2014.016393,1,Expiry,0,0,nan
2010959239689_Node0_Node8_Zero,2011.314024,2014.016393,1,Expiry,0,0,nan
2010967434991_Node0_Node8_Zero,2011.315966,2014.016393,1,Expiry,0,0,nan
2010975632999_Node0_Node8_Zero,2011.315966,2014.016393,1,Expiry,0,0,nan
2010983827020_Node0_Node8_Zero,2011.317849,2014.016393,1,Expiry,0,0,nan
2010992018785_Node0_Node8_Zero,2011.317849,2014.016393,1,Expiry,0,0,nan
2011000215744_Node0_Node8_Zero,2011.319831,2014.016393,1,Expiry,0,0,nan
2011008408818_Node0_Node8_Zero,2011.319831,2014.016393,1,Expiry,0,0,nan
2011016607979_Node0_Node8_Zero,2011.329939,2014.098361,1,Expiry,0,1.04925114e-12,nan
2011024799869_Node0_Node8_Zero,2011.329939,2014.098361,1,Expiry,0,1.04925114e-12,nan
2011032998687_Node0_Node8_Zero,2011.331781,2014.098361,1,Expiry,0,1.04925114e-12,nan
2011041193271_Node0_Node8_Zero,2011.331781,2014.098361,1,Expiry,0,1.04925114e-12,nan
2011049389571_Node0_Node8_Zero,2011.337869,2014.098361,1,Expiry,0,1.04925114e-12,nan
2011057582691_Node0_Node8_Zero,2011.337869,2014.098361,1,Expiry,0,1.04925114e-12,nan
2011065781981_Node0_Node8_Zero,2011.343831,2014.098361,1,Expiry,0,1.04925114e-12,nan
2011073982104_Node0_Node8_Zero,2011.343831,2014.098361,1,Expiry,0,1.04925114e-12,nan
2011082173950_Node0_Node8_Zero,2011.345753,2014.098361,1,Expiry,0,1.04925114e-12,nan
2011090373843_Node0_Node8_Zero,2011.345753,2014.098361,1,Expiry,0,1.04925114e-12,nan
2011098572692_Node0_Node8_Zero,2011.347736,2014.180328,1,Expiry,0,1.04925114e-12,nan
2011106772823_Node0_Node8_Zero,2011.347736,2014.180328,1,Expiry,0,1.04925114e-12,nan
2011114969647_Node0_Node8_Zero,2011.349819,2014.180328,1,Expiry,0,1.04925114e-12,nan
2011123164075_Node0_Node8_Zero,2011.349819,2014.180328,1,Expiry,0,1.04925114e-12,nan
2011131359879_Node0_Node8_Zero,2011.351801,2014.180328,1,Expiry,0,1.04925114e-12,nan
2011139555489_Node0_Node8_Zero,2011.351801,2014.180328,1,Expiry,0,1.04925114e-12,nan
2011147747539_Node0_Node8_Zero,2011.357737,2014.180328,1,Expiry,0,1.04925114e-12,nan
2011155940431_Node0_Node8_Zero,2011.357737,2014.180328,1,Expiry,0,1.04925114e-12,nan
2011164136577_Node0_Node8_Zero,2011.35956,2014.180328,1,Expiry,0,1.04925114e-12,nan
2011172337678_Node0_Node8_Zero,2011.35956,2014.180328,1,Expiry,0,1.04925114e-12,nan
2011180532449_Node0_Node8_Zero,2011.36743,2014.262295,1,Expiry,0,1.04925114e-12,nan
2011188731641_Node0_Node8_Zero,2011.36743,2014.262295,1,Expiry,0,1.04925114e-12,nan
2011196933285_Node0_Node8_Zero,2011.37123,2014.262295,1,Expiry,0,1.04925114e-12,nan
2011205132439_Node0_Node8_Zero,2011.37123,2014.262295,1,Expiry,0,1.04925114e-12,nan
2011213333198_Node0_Node8_Zero,2011.373232,2014.262295,1,Expiry,0,1.04925114e-12,nan
2011221530176_Node0_Node8_Zero,2011.373232,2014.262295,1,Expiry,0,1.04925114e-12,nan
2011229728848_Node0_Node8_Zero,2011.375135,2014.262295,1,Expiry,0,1.04925114e-12,nan
2011237926519_Node0_Node8_Zero,2011.375135,2014.262295,1,Expiry,0,1.04925114e-12,nan
2011246127555_Node0_Node8_Zero,2011.377097,2014.262295,1,Expiry,0,1.04925114e-12,nan
2011254320833_Node0_Node8_Zero,2011.377097,2014.262295,1,Expiry,0,1.04925114e-12,nan
2011262517895_Node0_Node8_Zero,2011.37904,2014.344262,1,Expiry,0,1.04925114e-12,nan
2011270718497_Node0_Node8_Zero,2011.37904,2014.344262,1,Expiry,0,1.04925114e-12,nan
2011278920096_Node0_Node8_Zero,2011.390978,2014.344262,1,Expiry,0,1.04925114e-12,nan
2011287116872_Node0_Node8_Zero,2011.390978,2014.344262,1,Expiry,0,1.04925114e-12,nan
2011295314059_Node0_Node8_Zero,2011.392901,2014.344262,1,Expiry,0,1.04925114e-12,nan
2011303514930_Node0_Node8_Zero,2011.392901,2014.344262,1,Expiry,0,1.04925114e-12,nan
2011311714300_Node0_Node8_Zero,2011.394783,2014.344262,1,Expiry,0,1.04925114e-12,nan
2011319910891_Node0_Node8_Zero,2011.394783,2014.344262,1,Expiry,0,1.04925114e-12,nan
2011328109193_Node0_Node8_Zero,2011.396686,2014.344262,1,Expiry,0,1.04925114e-12,nan
2011336305104_Node0_Node8_Zero,2011.396686,2014.344262,1,Expiry,0,1.04925114e-12,nan
2011344498657_Node0_Node8_Zero,2011.398588,2014.42623,1,Expiry,0,1.04925114e-12,nan
2011352694098_Node0_Node8_Zero,2011.398588,2014.42623,1,Expiry,0,1.04925114e-12,nan
2011360890115_Node0_Node8_Zero,2011.40463,2014.42623,1,Expiry,0,1.04925114e-12,nan
2011369090584_Node0_Node8_Zero,2011.40463,2014.42623,1,Expiry,0,1.04925114e-12,nan
2011377283519_Node0_Node8_Zero,2011.40853,2014.42623,1,Expiry,0,1.04925114e-12,nan
2011385483715_Node0_Node8_Zero,2011.40853,2014.42623,1,Expiry,0,1.04925114e-12,nan
2011393685159_Node0_Node8_Zero,2011.410452,2014.42623,1,Expiry,0,1.04925114e-12,nan
2011401878161_Node0_Node8_Zero,2011.410452,2014.42623,1,Expiry,0,1.04925114e-12,nan
2011410070404_Node0_Node8_Zero,2011.41568,2014.42623,1,Expiry,0,1.04925114e-12,nan
2011418265898_Node0_Node8_Zero,2011.420967,2014.42623,1,Expiry,0,1.04925114e-12,nan
2011426461833_Node0_Node8_Zero,2011.428107,2014.508197,1,Expiry,0,0,nan
2011434654152_Node0_Node8_Zero,2011.478357,2014.508197,1,Expiry,0,0,nan
2011442852902_Node0_Node8_Zero,2011.791105,2014.508197,1,Expiry,0,0,nan
2011451047953_Node0_Node8_Zero,2011.791105,2014.508197,1,Expiry,0,0,nan
2011459242823_Node0_Node8_Zero,2011.793028,2014.508197,1,Expiry,0,0,nan
2011467436215_Node0_Node8_Zero,2011.793028,2014.508197,1,Expiry,0,0,nan
2011475629970_Node0_Node8_Zero,2011.79513,2014.508197,1,Expiry,0,0,nan
2011483824918_Node0_Node8_Zero,2011.79513,2014.508197,1,Expiry,0,0,nan
2011492017186_Node0_Node8_Zero,2011.797153,2014.508197,1,Expiry,0,0,nan
2011500211449_Node0_Node8_Zero,2011.797153,2014.508197,1,Expiry,0,0,nan
2011508404323_Node0_Node8_Zero,2011.798976,2014.590164,1,Expiry,0,0,nan
2011516605212_Node0_Node8_Zero,2011.798976,2014.590164,1,Expiry,0,0,nan
2011524800072_Node0_Node8_Zero,2011.803015,2014.590164,1,Expiry,0,0,nan
2011532997795_Node0_Node8_Zero,2011.803015,2014.590164,1,Expiry,0,0,nan
2011541198346_Node0_Node8_Zero,2011.804918,2014.590164,1,Expiry,0,0,nan
2011549398617_Node0_Node8_Zero,2011.804918,2014.590164,1,Expiry,0,0,nan
2011557594090_Node0_Node8_Zero,2011.813176,2014.590164,1,Expiry,0,0,nan
2011565790813_Node0_Node8_Zero,2011.813176,2014.590164,1,Expiry,0,0,nan
2011573983499_Node0_Node8_Zero,2011.815279,2014.590164,1,Expiry,0,0,nan
2011582179071_Node0_Node8_Zero,2011.815279,2014.590164,1,Expiry,0,0,nan
2011590376210_Node0_Node8_Zero,2011.817122,2014.672131,1,Expiry,0,1.04925114e-12,nan
2011598573600_Node0_Node8_Zero,2011.817122,2014.672131,1,Expiry,0,1.04925114e-12,nan
2011606765391_Node0_Node8_Zero,2011.818944,2014.672131,1,Expiry,0,1.04925114e-12,nan
2011614960761_Node0_Node8_Zero,2011.818944,2014.672131,1,Expiry,0,1.04925114e-12,nan
2011623153253_Node0_Node8_Zero,2011.820847,2014.672131,1,Expiry,0,1.04925114e-12,nan
2011631349031_Node0_Node8_Zero,2011.820847,2014.672131,1,Expiry,0,1.04925114e-12,nan
2011639548317_Node0_Node8_Zero,2011.828666,2014.672131,1,Expiry,0,1.04925114e-12,nan
2011647749281_Node0_Node8_Zero,2011.828666,2014.672131,1,Expiry,0,1.04925114e-12,nan
2011655947084_Node0_Node8_Zero,2011.830548,2014.672131,1,Expiry,0,1.04925114e-12,nan
2011664146798_Node0_Node8_Zero,2011.830548,2014.672131,1,Expiry,0,1.04925114e-12,nan
2011672342752_Node0_Node8_Zero,2011.838032,2014.754098,1,Expiry,0,0,nan
2011680540369_Node0_Node8_Zero,2011.838032,2014.754098,1,Expiry,0,0,nan
2011688738624_Node0_Node8_Zero,2011.839875,2014.754098,1,Expiry,0,0,nan
2011696935998_Node0_Node8_Zero,2011.839875,2014.754098,1,Expiry,0,0,nan
2011705128164_Node0_Node8_Zero,2011.841937,2014.754098,1,Expiry,0,0,nan
2011713321832_Node0_Node8_Zero,2011.841937,2014.754098,1,Expiry,0,0,nan
2011721518511_Node0_Node8_Zero,2011.84394,2014.754098,1,Expiry,0,0,nan
2011729712349_Node0_Node8_Zero,2011.84394,2014.754098,1,Expiry,0,0,nan
2011737912399_Node0_Node8_Zero,2011.845862,2014.754098,1,Expiry,0,0,nan
2011746105998_Node0_Node8_Zero,2011.845862,2014.754098,1,Expiry,0,0,nan
2011754304830_Node0_Node8_Zero,2011.849867,2014.836066,1,Expiry,0,1.04925114e-12,nan
2011762506327_Node0_Node8_Zero,2011.849867,2014.836066,1,Expiry,0,1.04925114e-12,nan
2011770700538_Node0_Node8_Zero,2011.85177,2014.836066,1,Expiry,0,1.04925114e-12,nan
2011778900748_Node0_Node8_Zero,2011.85177,2014.836066,1,Expiry,0,1.04925114e-12,nan
2011787093029_Node0_Node8_Zero,2011.853792,2014.836066,1,Expiry,0,1.04925114e-12,nan
2011795291327_Node0_Node8_Zero,2011.853792,2014.836066,1,Expiry,0,1.04925114e-12,nan
2011803484268_Node0_Node8_Zero,2011.855835,2014.836066,1,Expiry,0,1.04925114e-12,nan
2011811681877_Node0_Node8_Zero,2011.855835,2014.836066,1,Expiry,0,1.04925114e-12,nan
2011819882915_Node0_Node8_Zero,2011.859774,2014.836066,1,Expiry,0,1.04925114e-12,nan
2011828078180_Node0_Node8_Zero,2011.859774,2014.836066,1,Expiry,0,1.04925114e-12,nan
2011836276478_Node0_Node8_Zero,2011.86981,2014.918033,1,Expiry,0,0,nan
2011844469562_Node0_Node8_Zero,2011.86981,2014.918033,1,Expiry,0,0,nan
2011852661526_Node0_Node8_Zero,2011.871933,2014.918033,1,Expiry,0,0,nan
2011860857781_Node0_Node8_Zero,2011.871933,2014.918033,1,Expiry,0,0,nan
2011869054479_Node0_Node8_Zero,2011.872975,2014.918033,1,Expiry,0,0,nan
2011877253630_Node0_Node8_Zero,2011.879559,2014.918033,1,Expiry,0,0,nan
2011885452502_Node0_Node8_Zero,2011.890302,2014.918033,1,Expiry,0,0,nan
2011893650213_Node0_Node8_Zero,2011.959525,2014.918033,1,Expiry,0,0,nan
2011901848173_Node0_Node8_Zero,2013.563558,2014.918033,1,Expiry,0,0,nan
2011910041847_Node0_Node8_Zero,2013.563558,2014.918033,1,Expiry,0,0,nan
2011918240583_Node0_Node8_Zero,2013.565461,2015.0,1,Expiry,0,0,nan
2011926439716_Node0_Node8_Zero,2013.565461,2015.0,1,Expiry,0,0,nan
2011934638302_Node0_Node8_Zero,2013.567524,2015.0,1,Expiry,0,0,nan
2011942839360_Node0_Node8_Zero,2013.567524,2015.0,1,Expiry,0,0,nan
2011951037728_Node0_Node8_Zero,2013.571483,2015.0,1,Expiry,0,0,nan
2011959232146_Node0_Node8_Zero,2013.571483,2015.0,1,Expiry,0,0,nan
2011967425794_Node0_Node8_Zero,2013.575482,2015.0,1,Expiry,0,0,nan
2011975624278_Node0_Node8_Zero,2013.575482,2015.0,1,Expiry,0,0,nan
2011983825099_Node0_Node8_Zero,2013.577485,2015.0,1,Expiry,0,0,nan
2011992026456_Node0_Node8_Zero,2013.577485,2015.0,1,Expiry,0,0,nan
2012000223528_Node0_Node8_Zero,2013.579448,2015.081967,1,Expiry,0,0,nan
2012008421019_Node0_Node8_Zero,2013.579448,2015.081967,1,Expiry,0,0,nan
2012016617236_Node0_Node8_Zero,2013.58141,2015.081967,1,Expiry,0,0,nan
2012024815649_Node0_Node8_Zero,2013.58141,2015.081967,1,Expiry,0,0,nan
2012033011482_Node0_Node8_Zero,2013.583273,2015.081967,1,Expiry,0,0,nan
2012041210072_Node0_Node8_Zero,2013.583273,2015.081967,1,Expiry,0,0,nan
2012049403472_Node0_Node8_Zero,2013.589335,2015.081967,1,Expiry,0,0,nan
2012057596101_Node0_Node8_Zero,2013.589335,2015.081967,1,Expiry,0,0,nan
2012065790530_Node0_Node8_Zero,2013.591257,2015.081967,1,Expiry,0,0,nan
2012073990387_Node0_Node8_Zero,2013.591257,2015.081967,1,Expiry,0,0,nan
2012082186810_Node0_Node8_Zero,2013.59328,2015.163934,1,Expiry,0,1.04925114e-12,nan
2012090387707_Node0_Node8_Zero,2013.59328,2015.163934,1,Expiry,0,1.04925114e-12,nan
2012098587047_Node0_Node8_Zero,2013.595182,2015.163934,1,Expiry,0,1.04925114e-12,nan
2012106779173_Node0_Node8_Zero,2013.595182,2015.163934,1,Expiry,0,1.04925114e-12,nan
2012114977305_Node0_Node8_Zero,2013.597165,2015.163934,1,Expiry,0,1.04925114e-12,nan
2012123171608_Node0_Node8_Zero,2013.597165,2015.163934,1,Expiry,0,1.04925114e-12,nan
2012131372211_Node0_Node8_Zero,2013.598988,2015.163934,1,Expiry,0,1.04925114e-12,nan
2012139572087_Node0_Node8_Zero,2013.598988,2015.163934,1,Expiry,0,1.04925114e-12,nan
2012147769087_Node0_Node8_Zero,2013.60087,2015.163934,1,Expiry,0,1.04925114e-12,nan
2012155969750_Node0_Node8_Zero,2013.60087,2015.163934,1,Expiry,0,1.04925114e-12,nan
2012164167165_Node0_Node8_Zero,2013.604975,2015.245902,1,Expiry,0,1.04925114e-12,nan
2012172363998_Node0_Node8_Zero,2013.604975,2015.245902,1,Expiry,0,1.04925114e-12,nan
2012180565049_Node0_Node8_Zero,2013.606918,2015.245902,1,Expiry,0,1.04925114e-12,nan
2012188762179_Node0_Node8_Zero,2013.606918,2015.245902,1,Expiry,0,1.04925114e-12,nan
2012196960207_Node0_Node8_Zero,2013.61282,2015.245902,1,Expiry,0,1.04925114e-12,nan
2012205157344_Node0_Node8_Zero,2013.61282,2015.245902,1,Expiry,0,1.04925114e-12,nan
2012213358398_Node0_Node8_Zero,2013.614882,2015.245902,1,Expiry,0,1.04925114e-12,nan
2012221551495_Node0_Node8_Zero,2013.614882,2015.245902,1,Expiry,0,1.04925114e-12,nan
2012229751792_Node0_Node8_Zero,2013.619087,2015.245902,1,Expiry,0,1.04925114e-12,nan
2012237952294_Node0_Node8_Zero,2013.619087,2015.245902,1,Expiry,0,1.04925114e-12,nan
2012246147755_Node0_Node8_Zero,2013.62111,2015.327869,1,Expiry,0,1.04925114e-12,nan
2012254347112_Node0_Node8_Zero,2013.62111,2015.327869,1,Expiry,0,1.04925114e-12,nan
2012262544105_Node0_Node8_Zero,2013.623073,2015.327869,1,Expiry,0,1.04925114e-12,nan
2012270742404_Node0_Node8_Zero,2013.623073,2015.327869,1,Expiry,0,1.04925114e-12,nan
2012278940345_Node0_Node8_Zero,2013.624955,2015.327869,1,Expiry,0,1.04925114e-12,nan
2012287141398_Node0_Node8_Zero,2013.624955,2015.327869,1,Expiry,0,1.04925114e-12,nan
2012295338147_Node0_Node8_Zero,2013.62888,2015.327869,1,Expiry,0,1.04925114e-12,nan
2012303538443_Node0_Node8_Zero,2013.62888,2015.327869,1,Expiry,0,1.04925114e-12,nan
2012311737852_Node0_Node8_Zero,2013.63274,2015.327869,1,Expiry,0,1.04925114e-12,nan
2012319930827_Node0_Node8_Zero,2013.63274,2015.327869,1,Expiry,0,1.04925114e-12,nan
2012328131891_Node0_Node8_Zero,2013.634582,2015.409836,1,Expiry,0,1.04925114e-12,nan
2012336326543_Node0_Node8_Zero,2013.634582,2015.409836,1,Expiry,0,1.04925114e-12,nan
2012344523976_Node0_Node8_Zero,2013.636545,2015.409836,1,Expiry,0,1.04925114e-12,nan
2012352718665_Node0_Node8_Zero,2013.636545,2015.409836,1,Expiry,0,1.04925114e-12,nan
2012360916118_Node0_Node8_Zero,2013.646552,2015.409836,1,Expiry,0,1.04925114e-12,nan
2012369110757_Node0_Node8_Zero,2013.646552,2015.409836,1,Expiry,0,1.04925114e-12,nan
2012377311413_Node0_Node8_Zero,2013.648575,2015.409836,1,Expiry,0,1.04925114e-12,nan
2012385504011_Node0_Node8_Zero,2013.648575,2015.409836,1,Expiry,0,1.04925114e-12,nan
2012393700420_Node0_Node8_Zero,2013.650577,2015.409836,1,Expiry,0,1.04925114e-12,nan
2012401900606_Node0_Node8_Zero,2013.650577,2015.409836,1,Expiry,0,1.04925114e-12,nan
2012410101440_Node0_Node8_Zero,2013.65252,2015.491803,1,Expiry,0,0,nan
2012418294160_Node0_Node8_Zero,2013.65252,2015.491803,1,Expiry,0,0,nan
2012426495213_Node0_Node8_Zero,2013.654382,2015.491803,1,Expiry,0,0,nan
2012434687482_Node0_Node8_Zero,2013.654382,2015.491803,1,Expiry,0,0,nan
2012442887464_Node0_Node8_Zero,2013.656305,2015.491803,1,Expiry,0,0,nan
2012451083495_Node0_Node8_Zero,2013.656305,2015.491803,1,Expiry,0,0,nan
2012459276592_Node0_Node8_Zero,2013.658187,2015.491803,1,Expiry,0,0,nan
2012467474350_Node0_Node8_Zero,2013.658187,2015.491803,1,Expiry,0,0,nan
2012475673790_Node0_Node8_Zero,2013.668095,2015.491803,1,Expiry,0,0,nan
2012483869356_Node0_Node8_Zero,2013.668095,2015.491803,1,Expiry,0,0,nan
2012492069194_Node0_Node8_Zero,2013.670017,2015.57377,1,Expiry,0,1.04925114e-12,nan
2012500264084_Node0_Node8_Zero,2013.670017,2015.57377,1,Expiry,0,1.04925114e-12,nan
2012508457608_Node0_Node8_Zero,2013.674222,2015.57377,1,Expiry,0,1.04925114e-12,nan
2012516649990_Node0_Node8_Zero,2013.674222,2015.57377,1,Expiry,0,1.04925114e-12,nan
2012524842066_Node0_Node8_Zero,2013.676065,2015.57377,1,Expiry,0,1.04925114e-12,nan
2012533038835_Node0_Node8_Zero,2013.676065,2015.57377,1,Expiry,0,1.04925114e-12,nan
2012541237816_Node0_Node8_Zero,2013.686246,2015.57377,1,Expiry,0,1.04925114e-12,nan
2012549434914_Node0_Node8_Zero,2013.686246,2015.57377,1,Expiry,0,1.04925114e-12,nan
2012557635561_Node0_Node8_Zero,2013.688129,2015.57377,1,Expiry,0,1.04925114e-12,nan
2012565830762_Node0_Node8_Zero,2013.688129,2015.57377,1,Expiry,0,1.04925114e-12,nan
2012574028903_Node0_Node8_Zero,2013.690051,2015.655738,1,Expiry,0,1.04925114e-12,nan
2012582221165_Node0_Node8_Zero,2013.690051,2015.655738,1,Expiry,0,1.04925114e-12,nan
2012590416934_Node0_Node8_Zero,2013.691914,2015.655738,1,Expiry,0,1.04925114e-12,nan
2012598609363_Node0_Node8_Zero,2013.691914,2015.655738,1,Expiry,0,1.04925114e-12,nan
2012606801917_Node0_Node8_Zero,2013.693796,2015.655738,1,Expiry,0,1.04925114e-12,nan
2012614994960_Node0_Node8_Zero,2013.693796,2015.655738,1,Expiry,0,1.04925114e-12,nan
2012623186814_Node0_Node8_Zero,2013.697542,2015.655738,1,Expiry,0,1.04925114e-12,nan
2012631380240_Node0_Node8_Zero,2013.697542,2015.655738,1,Expiry,0,1.04925114e-12,nan
2012639575139_Node0_Node8_Zero,2013.701421,2015.655738,1,Expiry,0,1.04925114e-12,nan
2012647772246_Node0_Node8_Zero,2013.701421,2015.655738,1,Expiry,0,1.04925114e-12,nan
2012655969226_Node0_Node8_Zero,2013.703384,2015.737705,1,Expiry,0,0,nan
2012664164868_Node0_Node8_Zero,2013.703384,2015.737705,1,Expiry,0,0,nan
2012672358080_Node0_Node8_Zero,2013.705306,2015.737705,1,Expiry,0,0,nan
2012680551478_Node0_Node8_Zero,2013.705306,2015.737705,1,Expiry,0,0,nan
2012688744531_Node0_Node8_Zero,2013.707149,2015.737705,1,Expiry,0,0,nan
2012696938796_Node0_Node8_Zero,2013.707149,2015.737705,1,Expiry,0,0,nan
2012705137499_Node0_Node8_Zero,2013.711228,2015.737705,1,Expiry,0,0,nan
2012713335918_Node0_Node8_Zero,2013.711228,2015.737705,1,Expiry,0,0,nan
2012721531285_Node0_Node8_Zero,2013.713311,2015.737705,1,Expiry,0,0,nan
2012729726080_Node0_Node8_Zero,2013.713311,2015.737705,1,Expiry,0,0,nan
2012737921198_Node0_Node8_Zero,2013.719633,2015.819672,1,Expiry,0,1.04925114e-12,nan
2012746117505_Node0_Node8_Zero,2013.719633,2015.819672,1,Expiry,0,1.04925114e-12,nan
2012754315308_Node0_Node8_Zero,2013.721715,2015.819672,1,Expiry,0,1.04925114e-12,nan
2012762513275_Node0_Node8_Zero,2013.721715,2015.819672,1,Expiry,0,1.04925114e-12,nan
2012770709499_Node0_Node8_Zero,2013.725595,2015.819672,1,Expiry,0,1.04925114e-12,nan
2012778905334_Node0_Node8_Zero,2013.725595,2015.819672,1,Expiry,0,1.04925114e-12,nan
2012787104722_Node0_Node8_Zero,2013.727557,2015.819672,1,Expiry,0,1.04925114e-12,nan
2012795298449_Node0_Node8_Zero,2013.727557,2015.819672,1,Expiry,0,1.04925114e-12,nan
2012803498255_Node0_Node8_Zero,2013.733685,2015.819672,1,Expiry,0,1.04925114e-12,nan
2012811690045_Node0_Node8_Zero,2013.733685,2015.819672,1,Expiry,0,1.04925114e-12,nan
2012819887582_Node0_Node8_Zero,2013.735588,2015.901639,1,Expiry,0,0,nan
2012828087259_Node0_Node8_Zero,2013.735588,2015.901639,1,Expiry,0,0,nan
2012836286292_Node0_Node8_Zero,2013.73753,2015.901639,1,Expiry,0,0,nan
2012844484008_Node0_Node8_Zero,2013.73753,2015.901639,1,Expiry,0,0,nan
2012852680825_Node0_Node8_Zero,2013.739573,2015.901639,1,Expiry,0,0,nan
2012860877118_Node0_Node8_Zero,2013.739573,2015.901639,1,Expiry,0,0,nan
2012869077900_Node0_Node8_Zero,2013.741455,2015.901639,1,Expiry,0,0,nan
2012877273139_Node0_Node8_Zero,2013.741455,2015.901639,1,Expiry,0,0,nan
2012885469695_Node0_Node8_Zero,2013.751597,2015.901639,1,Expiry,0,0,nan
2012893661703_Node0_Node8_Zero,2013.751597,2015.901639,1,Expiry,0,0,nan
2012901862839_Node0_Node8_Zero,2013.753479,2015.983607,1,Expiry,0,0,nan
2012910055723_Node0_Node8_Zero,2013.753479,2015.983607,1,Expiry,0,0,nan
2012918254591_Node0_Node8_Zero,2013.755302,2015.983607,1,Expiry,0,0,nan
2012926452048_Node0_Node8_Zero,2013.755302,2015.983607,1,Expiry,0,0,nan
2012934652187_Node0_Node8_Zero,2013.759027,2015.983607,1,Expiry,0,0,nan
2012942853338_Node0_Node8_Zero,2013.759027,2015.983607,1,Expiry,0,0,nan
2012951048151_Node0_Node8_Zero,2013.761149,2015.983607,1,Expiry,0,0,nan
2012959248806_Node0_Node8_Zero,2013.761149,2015.983607,1,Expiry,0,0,nan
2012967445421_Node0_Node8_Zero,2013.763012,2015.983607,1,Expiry,0,0,nan
2012975644069_Node0_Node8_Zero,2013.763012,2015.983607,1,Expiry,0,0,nan
2012983840294_Node0_Node8_Zero,2013.764835,2016.065574,1,Expiry,0,1.04925114e-12,nan
2012992038123_Node0_Node8_Zero,2013.764835,2016.065574,1,Expiry,0,1.04925114e-12,nan
2013000234419_Node0_Node8_Zero,2013.766697,2016.065574,1,Expiry,0,1.04925114e-12,nan
2013008426370_Node0_Node8_Zero,2013.766697,2016.065574,1,Expiry,0,1.04925114e-12,nan
2013016622252_Node0_Node8_Zero,2013.76878,2016.065574,1,Expiry,0,1.04925114e-12,nan
2013024814519_Node0_Node8_Zero,2013.76878,2016.065574,1,Expiry,0,1.04925114e-12,nan
2013033007960_Node0_Node8_Zero,2013.772859,2016.065574,1,Expiry,0,1.04925114e-12,nan
2013041203141_Node0_Node8_Zero,2013.772859,2016.065574,1,Expiry,0,1.04925114e-12,nan
2013049398046_Node0_Node8_Zero,2013.774822,2016.065574,1,Expiry,0,1.04925114e-12,nan
2013057591130_Node0_Node8_Zero,2013.774822,2016.065574,1,Expiry,0,1.04925114e-12,nan
2013065792658_Node0_Node8_Zero,2013.776824,2016.147541,1,Expiry,0,1.04925114e-12,nan
2013073987369_Node0_Node8_Zero,2013.776824,2016.147541,1,Expiry,0,1.04925114e-12,nan
2013082187737_Node0_Node8_Zero,2013.782701,2016.147541,1,Expiry,0,1.04925114e-12,nan
2013090385280_Node0_Node8_Zero,2013.782701,2016.147541,1,Expiry,0,1.04925114e-12,nan
2013098577875_Node0_Node8_Zero,2013.786806,2016.147541,1,Expiry,0,1.04925114e-12,nan
2013106769662_Node0_Node8_Zero,2013.786806,2016.147541,1,Expiry,0,1.04925114e-12,nan
2013114966516_Node0_Node8_Zero,2013.788908,2016.147541,1,Expiry,0,1.04925114e-12,nan
2013123165942_Node0_Node8_Zero,2013.788908,2016.147541,1,Expiry,0,1.04925114e-12,nan
2013131358185_Node0_Node8_Zero,2013.792968,2016.147541,1,Expiry,0,1.04925114e-12,nan
2013139550205_Node0_Node8_Zero,2013.792968,2016.147541,1,Expiry,0,1.04925114e-12,nan
2013147744626_Node0_Node8_Zero,2013.79497,2016.229508,1,Expiry,0,0,nan
2013155944372_Node0_Node8_Zero,2013.79497,2016.229508,1,Expiry,0,0,nan
2013164136594_Node0_Node8_Zero,2013.79889,2016.229508,1,Expiry,0,0,nan
2013172329687_Node0_Node8_Zero,2013.79889,2016.229508,1,Expiry,0,0,nan
2013180531348_Node0_Node8_Zero,2013.800732,2016.229508,1,Expiry,0,0,nan
2013188724842_Node0_Node8_Zero,2013.800732,2016.229508,1,Expiry,0,0,nan
2013196924320_Node0_Node8_Zero,2013.802775,2016.229508,1,Expiry,0,0,nan
2013205125092_Node0_Node8_Zero,2013.802775,2016.229508,1,Expiry,0,0,nan
2013213325865_Node0_Node8_Zero,2013.804837,2016.229508,1,Expiry,0,0,nan
2013221525837_Node0_Node8_Zero,2013.804837,2016.229508,1,Expiry,0,0,nan
2013229725426_Node0_Node8_Zero,2013.80684,2016.311475,1,Expiry,0,1.04925114e-12,nan
2013237925433_Node0_Node8_Zero,2013.80684,2016.311475,1,Expiry,0,1.04925114e-12,nan
2013246122524_Node0_Node8_Zero,2013.808723,2016.311475,1,Expiry,0,1.04925114e-12,nan
2013254318627_Node0_Node8_Zero,2013.808723,2016.311475,1,Expiry,0,1.04925114e-12,nan
2013262513357_Node0_Node8_Zero,2013.812602,2016.311475,1,Expiry,0,1.04925114e-12,nan
2013270712909_Node0_Node8_Zero,2013.812602,2016.311475,1,Expiry,0,1.04925114e-12,nan
2013278911950_Node0_Node8_Zero,2013.814485,2016.311475,1,Expiry,0,1.04925114e-12,nan
2013287105293_Node0_Node8_Zero,2013.814485,2016.311475,1,Expiry,0,1.04925114e-12,nan
2013295304740_Node0_Node8_Zero,2013.816307,2016.311475,1,Expiry,0,1.04925114e-12,nan
2013303503551_Node0_Node8_Zero,2013.816307,2016.311475,1,Expiry,0,1.04925114e-12,nan
2013311700071_Node0_Node8_Zero,2013.820332,2016.393443,1,Expiry,0,0,nan
2013319901358_Node0_Node8_Zero,2013.820332,2016.393443,1,Expiry,0,0,nan
2013328096895_Node0_Node8_Zero,2013.826434,2016.393443,1,Expiry,0,0,nan
2013336296063_Node0_Node8_Zero,2013.826434,2016.393443,1,Expiry,0,0,nan
2013344487986_Node0_Node8_Zero,2013.828417,2016.393443,1,Expiry,0,0,nan
2013352679880_Node0_Node8_Zero,2013.828417,2016.393443,1,Expiry,0,0,nan
2013360874089_Node0_Node8_Zero,2013.830419,2016.393443,1,Expiry,0,0,nan
2013369074154_Node0_Node8_Zero,2013.830419,2016.393443,1,Expiry,0,0,nan
2013377273453_Node0_Node8_Zero,2013.832342,2016.393443,1,Expiry,0,0,nan
2013385466764_Node0_Node8_Zero,2013.832342,2016.393443,1,Expiry,0,0,nan
2013393663571_Node0_Node8_Zero,2013.838524,2016.47541,1,Expiry,0,0,nan
2013401859628_Node0_Node8_Zero,2013.838524,2016.47541,1,Expiry,0,0,nan
2013410060161_Node0_Node8_Zero,2013.840526,2016.47541,1,Expiry,0,0,nan
2013418259576_Node0_Node8_Zero,2013.840526,2016.47541,1,Expiry,0,0,nan
2013426458105_Node0_Node8_Zero,2013.842589,2016.47541,1,Expiry,0,0,nan
2013434654725_Node0_Node8_Zero,2013.842589,2016.47541,1,Expiry,0,0,nan
2013442848388_Node0_Node8_Zero,2013.844472,2016.47541,1,Expiry,0,0,nan
2013451041523_Node0_Node8_Zero,2013.844472,2016.47541,1,Expiry,0,0,nan
2013459233990_Node0_Node8_Zero,2013.848397,2016.47541,1,Expiry,0,0,nan
2013467428886_Node0_Node8_Zero,2013.848397,2016.47541,1,Expiry,0,0,nan
2013475625917_Node0_Node8_Zero,2013.864934,2016.557377,1,Expiry,0,1.04925114e-12,nan
2013483824481_Node0_Node8_Zero,2013.864934,2016.557377,1,Expiry,0,1.04925114e-12,nan
2013492017296_Node0_Node8_Zero,2013.866897,2016.557377,1,Expiry,0,1.04925114e-12,nan
2013500213520_Node0_Node8_Zero,2013.866897,2016.557377,1,Expiry,0,1.04925114e-12,nan
2013508409085_Node0_Node8_Zero,2013.86872,2016.557377,1,Expiry,0,1.04925114e-12,nan
2013516608826_Node0_Node8_Zero,2013.86872,2016.557377,1,Expiry,0,1.04925114e-12,nan
2013524810189_Node0_Node8_Zero,2013.872465,2016.557377,1,Expiry,0,1.04925114e-12,nan
2013533006492_Node0_Node8_Zero,2013.872465,2016.557377,1,Expiry,0,1.04925114e-12,nan
2013541206495_Node0_Node8_Zero,2013.874327,2016.557377,1,Expiry,0,1.04925114e-12,nan
2013549400886_Node0_Node8_Zero,2013.874327,2016.557377,1,Expiry,0,1.04925114e-12,nan
2013557594428_Node0_Node8_Zero,2013.878272,2016.639344,1,Expiry,0,0,nan
2013565790131_Node0_Node8_Zero,2013.878272,2016.639344,1,Expiry,0,0,nan
2013573986337_Node0_Node8_Zero,2013.882332,2016.639344,1,Expiry,0,0,nan
2013582180424_Node0_Node8_Zero,2013.882332,2016.639344,1,Expiry,0,0,nan
2013590380257_Node0_Node8_Zero,2013.890471,2016.639344,1,Expiry,0,0,nan
2013598572902_Node0_Node8_Zero,2013.890471,2016.639344,1,Expiry,0,0,nan
2013606768295_Node0_Node8_Zero,2013.892413,2016.639344,1,Expiry,0,0,nan
2013614968296_Node0_Node8_Zero,2013.892413,2016.639344,1,Expiry,0,0,nan
2013623160315_Node0_Node8_Zero,2013.894296,2016.639344,1,Expiry,0,0,nan
2013631360618_Node0_Node8_Zero,2013.894296,2016.639344,1,Expiry,0,0,nan
2013639554731_Node0_Node8_Zero,2013.896318,2016.721311,1,Expiry,0,0,nan
2013647756103_Node0_Node8_Zero,2013.896318,2016.721311,1,Expiry,0,0,nan
2013655954595_Node0_Node8_Zero,2013.898161,2016.721311,1,Expiry,0,0,nan
2013664152058_Node0_Node8_Zero,2013.898161,2016.721311,1,Expiry,0,0,nan
2013672344729_Node0_Node8_Zero,2013.900064,2016.721311,1,Expiry,0,0,nan
2013680541726_Node0_Node8_Zero,2013.900064,2016.721311,1,Expiry,0,0,nan
2013688735448_Node0_Node8_Zero,2013.901946,2016.721311,1,Expiry,0,0,nan
2013696929856_Node0_Node8_Zero,2013.901946,2016.721311,1,Expiry,0,0,nan
2013705125248_Node0_Node8_Zero,2013.903889,2016.721311,1,Expiry,0,0,nan
2013713323257_Node0_Node8_Zero,2013.903889,2016.721311,1,Expiry,0,0,nan
2013721518440_Node0_Node8_Zero,2013.905791,2016.803279,1,Expiry,0,0,nan
2013729718950_Node0_Node8_Zero,2013.905791,2016.803279,1,Expiry,0,0,nan
2013737917111_Node0_Node8_Zero,2013.907634,2016.803279,1,Expiry,0,0,nan
2013746114493_Node0_Node8_Zero,2013.907634,2016.803279,1,Expiry,0,0,nan
2013754311903_Node0_Node8_Zero,2013.915578,2016.803279,1,Expiry,0,0,nan
2013762510774_Node0_Node8_Zero,2013.915578,2016.803279,1,Expiry,0,0,nan
2013770707583_Node0_Node8_Zero,2013.917501,2016.803279,1,Expiry,0,0,nan
2013778904003_Node0_Node8_Zero,2013.917501,2016.803279,1,Expiry,0,0,nan
2013787104558_Node0_Node8_Zero,2013.919403,2016.803279,1,Expiry,0,0,nan
2013795302061_Node0_Node8_Zero,2013.919403,2016.803279,1,Expiry,0,0,nan
2013803495348_Node0_Node8_Zero,2013.929711,2016.885246,1,Expiry,0,0,nan
2013811690434_Node0_Node8_Zero,2013.929711,2016.885246,1,Expiry,0,0,nan
2013819885768_Node0_Node8_Zero,2013.931753,2016.885246,1,Expiry,0,0,nan
2013828080545_Node0_Node8_Zero,2013.931753,2016.885246,1,Expiry,0,0,nan
2013836272508_Node0_Node8_Zero,2013.933576,2016.885246,1,Expiry,0,0,nan
2013844473973_Node0_Node8_Zero,2013.933576,2016.885246,1,Expiry,0,0,nan
2013852675677_Node0_Node8_Zero,2013.935698,2016.885246,1,Expiry,0,0,nan
2013860874325_Node0_Node8_Zero,2013.935698,2016.885246,1,Expiry,0,0,nan
2013869073543_Node0_Node8_Zero,2013.937561,2016.885246,1,Expiry,0,0,nan
2013877272713_Node0_Node8_Zero,2013.937561,2016.885246,1,Expiry,0,0,nan
2013885465250_Node0_Node8_Zero,2013.943269,2016.967213,1,Expiry,0,1.04925114e-12,nan
2013893663014_Node0_Node8_Zero,2013.943269,2016.967213,1,Expiry,0,1.04925114e-12,nan
2013901858287_Node0_Node8_Zero,2013.945151,2016.967213,1,Expiry,0,1.04925114e-12,nan
2013910055394_Node0_Node8_Zero,2013.945151,2016.967213,1,Expiry,0,1.04925114e-12,nan
2013918252855_Node0_Node8_Zero,2013.949096,2016.967213,1,Expiry,0,1.04925114e-12,nan
2013926447564_Node0_Node8_Zero,2013.949096,2016.967213,1,Expiry,0,1.04925114e-12,nan
2013934642092_Node0_Node8_Zero,2013.951039,2016.967213,1,Expiry,0,1.04925114e-12,nan
2013942840020_Node0_Node8_Zero,2013.951039,2016.967213,1,Expiry,0,1.04925114e-12,nan
2013951038272_Node0_Node8_Zero,2013.952176,2016.967213,1,Expiry,0,1.04925114e-12,nan
2013959233348_Node0_Node8_Zero,2013.962399,2016.967213,1,Expiry,0,1.04925114e-12,nan
2013967429786_Node0_Node8_Zero,2013.970245,2017.04918,1,Expiry,0,1.04925114e-12,nan
2013975624545_Node0_Node8_Zero,2013.977874,2017.04918,1,Expiry,0,1.04925114e-12,nan
2013983824274_Node0_Node8_Zero,2013.987221,2017.04918,1,Expiry,0,1.04925114e-12,nan
2013992016483_Node0_Node8_Zero,2013.99481,2017.04918,1,Expiry,0,1.04925114e-12,nan
2014000214921_Node0_Node8_Zero,2014.00264,2017.04918,1,Expiry,0,1.04925114e-12,nan
2014008415637_Node0_Node8_Zero,2015.011007,2017.04918,1,Expiry,0,1.04925114e-12,nan
2014016616520_Node0_Node8_Zero,2015.148896,2017.04918,1,Expiry,0,1.04925114e-12,nan
2014024811402_Node0_Node8_Zero,2015.148896,2017.04918,1,Expiry,0,1.04925114e-12,nan
2014033006378_Node0_Node8_Zero,2015.152956,2017.04918,1,Expiry,0,1.04925114e-12,nan
2014041200388_Node0_Node8_Zero,2015.152956,2017.04918,1,Expiry,0,1.04925114e-12,nan
2014049400771_Node0_Node8_Zero,2015.154838,2017.131148,1,Expiry,0,1.04925114e-12,nan
2014057599406_Node0_Node8_Zero,2015.154838,2017.131148,1,Expiry,0,1.04925114e-12,nan
2014065792378_Node0_Node8_Zero,2015.156801,2017.131148,1,Expiry,0,1.04925114e-12,nan
2014073990266_Node0_Node8_Zero,2015.156801,2017.131148,1,Expiry,0,1.04925114e-12,nan
2014082184132_Node0_Node8_Zero,2015.158723,2017.131148,1,Expiry,0,1.04925114e-12,nan
2014090384361_Node0_Node8_Zero,2015.158723,2017.131148,1,Expiry,0,1.04925114e-12,nan
2014098581496_Node0_Node8_Zero,2015.160846,2017.131148,1,Expiry,0,1.04925114e-12,nan
2014106775358_Node0_Node8_Zero,2015.160846,2017.131148,1,Expiry,0,1.04925114e-12,nan
2014114968295_Node0_Node8_Zero,2015.162668,2017.131148,1,Expiry,0,1.04925114e-12,nan
2014123167553_Node0_Node8_Zero,2015.162668,2017.131148,1,Expiry,0,1.04925114e-12,nan
2014131362059_Node0_Node8_Zero,2015.16875,2017.213115,1,Expiry,0,1.04925114e-12,nan
2014139561744_Node0_Node8_Zero,2015.16875,2017.213115,1,Expiry,0,1.04925114e-12,nan
2014147759670_Node0_Node8_Zero,2015.170693,2017.213115,1,Expiry,0,1.04925114e-12,nan
2014155958106_Node0_Node8_Zero,2015.170693,2017.213115,1,Expiry,0,1.04925114e-12,nan
2014164152061_Node0_Node8_Zero,2015.172576,2017.213115,1,Expiry,0,1.04925114e-12,nan
2014172351770_Node0_Node8_Zero,2015.172576,2017.213115,1,Expiry,0,1.04925114e-12,nan
2014180546150_Node0_Node8_Zero,2015.176415,2017.213115,1,Expiry,0,1.04925114e-12,nan
2014188739603_Node0_Node8_Zero,2015.176415,2017.213115,1,Expiry,0,1.04925114e-12,nan
2014196934501_Node0_Node8_Zero,2015.178358,2017.213115,1,Expiry,0,1.04925114e-12,nan
2014205127207_Node0_Node8_Zero,2015.178358,2017.213115,1,Expiry,0,1.04925114e-12,nan
2014213326451_Node0_Node8_Zero,2015.188373,2017.295082,1,Expiry,0,1.04925114e-12,nan
2014221528163_Node0_Node8_Zero,2015.188373,2017.295082,1,Expiry,0,1.04925114e-12,nan
2014229721250_Node0_Node8_Zero,2015.190316,2017.295082,1,Expiry,0,1.04925114e-12,nan
2014237920090_Node0_Node8_Zero,2015.190316,2017.295082,1,Expiry,0,1.04925114e-12,nan
2014246120151_Node0_Node8_Zero,2015.192318,2017.295082,1,Expiry,0,1.04925114e-12,nan
2014254314884_Node0_Node8_Zero,2015.192318,2017.295082,1,Expiry,0,1.04925114e-12,nan
2014262507640_Node0_Node8_Zero,2015.194141,2017.295082,1,Expiry,0,1.04925114e-12,nan
2014270703194_Node0_Node8_Zero,2015.194141,2017.295082,1,Expiry,0,1.04925114e-12,nan
2014278900629_Node0_Node8_Zero,2015.197886,2017.295082,1,Expiry,0,1.04925114e-12,nan
2014287093042_Node0_Node8_Zero,2015.197886,2017.295082,1,Expiry,0,1.04925114e-12,nan
2014295289966_Node0_Node8_Zero,2015.199809,2017.377049,1,Expiry,0,5.258698200000001e-13,nan
2014303486235_Node0_Node8_Zero,2015.199809,2017.377049,1,Expiry,0,5.258698200000001e-13,nan
2014311683999_Node0_Node8_Zero,2015.201731,2017.377049,1,Expiry,0,5.258698200000001e-13,nan
2014319879854_Node0_Node8_Zero,2015.201731,2017.377049,1,Expiry,0,5.258698200000001e-13,nan
2014328074740_Node0_Node8_Zero,2015.203574,2017.377049,1,Expiry,0,5.258698200000001e-13,nan
2014336275406_Node0_Node8_Zero,2015.203574,2017.377049,1,Expiry,0,5.258698200000001e-13,nan
2014344471378_Node0_Node8_Zero,2015.215478,2017.377049,1,Expiry,0,5.258698200000001e-13,nan
2014352671669_Node0_Node8_Zero,2015.215478,2017.377049,1,Expiry,0,5.258698200000001e-13,nan
2014360870035_Node0_Node8_Zero,2015.21746,2017.377049,1,Expiry,0,5.258698200000001e-13,nan
2014369063014_Node0_Node8_Zero,2015.21746,2017.377049,1,Expiry,0,5.258698200000001e-13,nan
2014377263513_Node0_Node8_Zero,2015.219323,2017.459016,1,Expiry,0,5.258698200000001e-13,nan
2014385459326_Node0_Node8_Zero,2015.219323,2017.459016,1,Expiry,0,5.258698200000001e-13,nan
2014393656631_Node0_Node8_Zero,2015.225465,2017.459016,1,Expiry,0,5.258698200000001e-13,nan
2014401858058_Node0_Node8_Zero,2015.225465,2017.459016,1,Expiry,0,5.258698200000001e-13,nan
2014410059588_Node0_Node8_Zero,2015.227508,2017.459016,1,Expiry,0,5.258698200000001e-13,nan
2014418260068_Node0_Node8_Zero,2015.227508,2017.459016,1,Expiry,0,5.258698200000001e-13,nan
2014426459119_Node0_Node8_Zero,2015.22939,2017.459016,1,Expiry,0,5.258698200000001e-13,nan
2014434650961_Node0_Node8_Zero,2015.22939,2017.459016,1,Expiry,0,5.258698200000001e-13,nan
2014442850143_Node0_Node8_Zero,2015.235418,2017.459016,1,Expiry,0,5.258698200000001e-13,nan
2014451042097_Node0_Node8_Zero,2015.235418,2017.459016,1,Expiry,0,5.258698200000001e-13,nan
2014459242818_Node0_Node8_Zero,2015.23726,2017.540984,1,Expiry,0,0,nan
2014467442144_Node0_Node8_Zero,2015.23726,2017.540984,1,Expiry,0,0,nan
2014475639850_Node0_Node8_Zero,2015.239263,2017.540984,1,Expiry,0,0,nan
2014483836374_Node0_Node8_Zero,2015.239263,2017.540984,1,Expiry,0,0,nan
2014492034517_Node0_Node8_Zero,2015.243388,2017.540984,1,Expiry,0,0,nan
2014500232945_Node0_Node8_Zero,2015.243388,2017.540984,1,Expiry,0,0,nan
2014508428207_Node0_Node8_Zero,2015.245431,2017.540984,1,Expiry,0,0,nan
2014516622280_Node0_Node8_Zero,2015.245431,2017.540984,1,Expiry,0,0,nan
2014524817984_Node0_Node8_Zero,2015.247453,2017.540984,1,Expiry,0,0,nan
2014533019559_Node0_Node8_Zero,2015.247453,2017.540984,1,Expiry,0,0,nan
2014541216872_Node0_Node8_Zero,2015.249356,2017.622951,1,Expiry,0,0,nan
2014549413597_Node0_Node8_Zero,2015.249356,2017.622951,1,Expiry,0,0,nan
2014557605737_Node0_Node8_Zero,2015.251218,2017.622951,1,Expiry,0,0,nan
2014565798285_Node0_Node8_Zero,2015.251218,2017.622951,1,Expiry,0,0,nan
2014573995921_Node0_Node8_Zero,2015.253101,2017.622951,1,Expiry,0,0,nan
2014582194650_Node0_Node8_Zero,2015.253101,2017.622951,1,Expiry,0,0,nan
2014590395483_Node0_Node8_Zero,2015.26911,2017.622951,1,Expiry,0,0,nan
2014598595823_Node0_Node8_Zero,2015.26911,2017.622951,1,Expiry,0,0,nan
2014606789783_Node0_Node8_Zero,2015.271113,2017.622951,1,Expiry,0,0,nan
2014614991360_Node0_Node8_Zero,2015.271113,2017.622951,1,Expiry,0,0,nan
2014623190397_Node0_Node8_Zero,2015.273175,2017.704918,1,Expiry,0,5.258698200000001e-13,nan
2014631383926_Node0_Node8_Zero,2015.273175,2017.704918,1,Expiry,0,5.258698200000001e-13,nan
2014639576452_Node0_Node8_Zero,2015.277035,2017.704918,1,Expiry,0,5.258698200000001e-13,nan
2014647769367_Node0_Node8_Zero,2015.277035,2017.704918,1,Expiry,0,5.258698200000001e-13,nan
2014655964463_Node0_Node8_Zero,2015.279117,2017.704918,1,Expiry,0,5.258698200000001e-13,nan
2014664165234_Node0_Node8_Zero,2015.279117,2017.704918,1,Expiry,0,5.258698200000001e-13,nan
2014672359319_Node0_Node8_Zero,2015.28114,2017.704918,1,Expiry,0,5.258698200000001e-13,nan
2014680560016_Node0_Node8_Zero,2015.28114,2017.704918,1,Expiry,0,5.258698200000001e-13,nan
2014688758458_Node0_Node8_Zero,2015.285279,2017.704918,1,Expiry,0,5.258698200000001e-13,nan
2014696956834_Node0_Node8_Zero,2015.285279,2017.704918,1,Expiry,0,5.258698200000001e-13,nan
2014705157345_Node0_Node8_Zero,2015.287222,2017.786885,1,Expiry,0,5.258698200000001e-13,nan
2014713357246_Node0_Node8_Zero,2015.287222,2017.786885,1,Expiry,0,5.258698200000001e-13,nan
2014721553156_Node0_Node8_Zero,2015.291227,2017.786885,1,Expiry,0,5.258698200000001e-13,nan
2014729753556_Node0_Node8_Zero,2015.291227,2017.786885,1,Expiry,0,5.258698200000001e-13,nan
2014737955155_Node0_Node8_Zero,2015.299326,2017.786885,1,Expiry,0,5.258698200000001e-13,nan
2014746153884_Node0_Node8_Zero,2015.299326,2017.786885,1,Expiry,0,5.258698200000001e-13,nan
2014754353831_Node0_Node8_Zero,2015.301228,2017.786885,1,Expiry,0,5.258698200000001e-13,nan
2014762551326_Node0_Node8_Zero,2015.301228,2017.786885,1,Expiry,0,5.258698200000001e-13,nan
2014770744258_Node0_Node8_Zero,2015.303171,2017.786885,1,Expiry,0,5.258698200000001e-13,nan
2014778943453_Node0_Node8_Zero,2015.303171,2017.786885,1,Expiry,0,5.258698200000001e-13,nan
2014787145011_Node0_Node8_Zero,2015.305213,2017.868852,1,Expiry,0,1.04925114e-12,nan
2014795343085_Node0_Node8_Zero,2015.305213,2017.868852,1,Expiry,0,1.04925114e-12,nan
2014803544519_Node0_Node8_Zero,2015.307076,2017.868852,1,Expiry,0,1.04925114e-12,nan
2014811743185_Node0_Node8_Zero,2015.307076,2017.868852,1,Expiry,0,1.04925114e-12,nan
2014819941473_Node0_Node8_Zero,2015.308918,2017.868852,1,Expiry,0,1.04925114e-12,nan
2014828138318_Node0_Node8_Zero,2015.308918,2017.868852,1,Expiry,0,1.04925114e-12,nan
2014836335963_Node0_Node8_Zero,2015.311021,2017.868852,1,Expiry,0,1.04925114e-12,nan
2014844537334_Node0_Node8_Zero,2015.311021,2017.868852,1,Expiry,0,1.04925114e-12,nan
2014852731094_Node0_Node8_Zero,2015.313024,2017.868852,1,Expiry,0,1.04925114e-12,nan
2014860924710_Node0_Node8_Zero,2015.313024,2017.868852,1,Expiry,0,1.04925114e-12,nan
2014869123957_Node0_Node8_Zero,2015.314886,2017.95082,1,Expiry,0,1.04925114e-12,nan
2014877322687_Node0_Node8_Zero,2015.314886,2017.95082,1,Expiry,0,1.04925114e-12,nan
2014885519954_Node0_Node8_Zero,2015.316789,2017.95082,1,Expiry,0,1.04925114e-12,nan
2014893714235_Node0_Node8_Zero,2015.316789,2017.95082,1,Expiry,0,1.04925114e-12,nan
2014901913211_Node0_Node8_Zero,2015.318711,2017.95082,1,Expiry,0,1.04925114e-12,nan
2014910113525_Node0_Node8_Zero,2015.318711,2017.95082,1,Expiry,0,1.04925114e-12,nan
2014918314116_Node0_Node8_Zero,2015.322831,2017.95082,1,Expiry,0,1.04925114e-12,nan
2014926507309_Node0_Node8_Zero,2015.322831,2017.95082,1,Expiry,0,1.04925114e-12,nan
2014934708723_Node0_Node8_Zero,2015.324673,2017.95082,1,Expiry,0,1.04925114e-12,nan
2014942903724_Node0_Node8_Zero,2015.324673,2017.95082,1,Expiry,0,1.04925114e-12,nan
2014951099912_Node0_Node8_Zero,2015.328618,2018.032787,1,Expiry,0,1.04925114e-12,nan
2014959296225_Node0_Node8_Zero,2015.328618,2018.032787,1,Expiry,0,1.04925114e-12,nan
2014967488021_Node0_Node8_Zero,2015.330701,2018.032787,1,Expiry,0,1.04925114e-12,nan
2014975688432_Node0_Node8_Zero,2015.330701,2018.032787,1,Expiry,0,1.04925114e-12,nan
2014983887674_Node0_Node8_Zero,2015.332724,2018.032787,1,Expiry,0,1.04925114e-12,nan
2014992088268_Node0_Node8_Zero,2015.332724,2018.032787,1,Expiry,0,1.04925114e-12,nan
2015000289109_Node0_Node8_Zero,2015.334746,2018.032787,1,Expiry,0,1.04925114e-12,nan
2015008489638_Node0_Node8_Zero,2015.334746,2018.032787,1,Expiry,0,1.04925114e-12,nan
2015016684123_Node0_Node8_Zero,2015.340908,2018.032787,1,Expiry,0,1.04925114e-12,nan
2015024878169_Node0_Node8_Zero,2015.340908,2018.032787,1,Expiry,0,1.04925114e-12,nan
2015033078016_Node0_Node8_Zero,2015.342911,2018.114754,1,Expiry,0,1.04925114e-12,nan
2015041270385_Node0_Node8_Zero,2015.342911,2018.114754,1,Expiry,0,1.04925114e-12,nan
2015049469024_Node0_Node8_Zero,2015.34699,2018.114754,1,Expiry,0,1.04925114e-12,nan
2015057667173_Node0_Node8_Zero,2015.34699,2018.114754,1,Expiry,0,1.04925114e-12,nan
2015065868225_Node0_Node8_Zero,2015.348813,2018.114754,1,Expiry,0,1.04925114e-12,nan
2015074060426_Node0_Node8_Zero,2015.348813,2018.114754,1,Expiry,0,1.04925114e-12,nan
2015082258228_Node0_Node8_Zero,2015.354695,2018.114754,1,Expiry,0,1.04925114e-12,nan
2015090450318_Node0_Node8_Zero,2015.354695,2018.114754,1,Expiry,0,1.04925114e-12,nan
2015098643327_Node0_Node8_Zero,2015.356677,2018.114754,1,Expiry,0,1.04925114e-12,nan
2015106837958_Node0_Node8_Zero,2015.356677,2018.114754,1,Expiry,0,1.04925114e-12,nan
2015115030289_Node0_Node8_Zero,2015.35862,2018.196721,1,Expiry,0,0,nan
2015123224523_Node0_Node8_Zero,2015.35862,2018.196721,1,Expiry,0,0,nan
2015131419445_Node0_Node8_Zero,2015.360602,2018.196721,1,Expiry,0,0,nan
2015139616455_Node0_Node8_Zero,2015.360602,2018.196721,1,Expiry,0,0,nan
2015147809245_Node0_Node8_Zero,2015.364767,2018.196721,1,Expiry,0,0,nan
2015156009032_Node0_Node8_Zero,2015.364767,2018.196721,1,Expiry,0,0,nan
2015164203314_Node0_Node8_Zero,2015.377126,2018.196721,1,Expiry,0,0,nan
2015172403168_Node0_Node8_Zero,2015.377126,2018.196721,1,Expiry,0,0,nan
2015180596898_Node0_Node8_Zero,2015.379248,2018.196721,1,Expiry,0,0,nan
2015188797056_Node0_Node8_Zero,2015.379248,2018.196721,1,Expiry,0,0,nan
2015196992550_Node0_Node8_Zero,2015.383108,2018.278689,1,Expiry,0,1.04925114e-12,nan
2015205187114_Node0_Node8_Zero,2015.383108,2018.278689,1,Expiry,0,1.04925114e-12,nan
2015213386683_Node0_Node8_Zero,2015.38505,2018.278689,1,Expiry,0,1.04925114e-12,nan
2015221585348_Node0_Node8_Zero,2015.38505,2018.278689,1,Expiry,0,1.04925114e-12,nan
2015229778314_Node0_Node8_Zero,2015.386893,2018.278689,1,Expiry,0,1.04925114e-12,nan
2015237979315_Node0_Node8_Zero,2015.386893,2018.278689,1,Expiry,0,1.04925114e-12,nan
2015246175900_Node0_Node8_Zero,2015.388715,2018.278689,1,Expiry,0,1.04925114e-12,nan
2015254376841_Node0_Node8_Zero,2015.388715,2018.278689,1,Expiry,0,1.04925114e-12,nan
2015262573200_Node0_Node8_Zero,2015.39666,2018.278689,1,Expiry,0,1.04925114e-12,nan
2015270767428_Node0_Node8_Zero,2015.39666,2018.278689,1,Expiry,0,1.04925114e-12,nan
2015278961695_Node0_Node8_Zero,2015.398523,2018.360656,1,Expiry,0,1.04925114e-12,nan
2015287160024_Node0_Node8_Zero,2015.398523,2018.360656,1,Expiry,0,1.04925114e-12,nan
2015295355946_Node0_Node8_Zero,2015.402508,2018.360656,1,Expiry,0,1.04925114e-12,nan
2015303554929_Node0_Node8_Zero,2015.402508,2018.360656,1,Expiry,0,1.04925114e-12,nan
2015311752570_Node0_Node8_Zero,2015.40439,2018.360656,1,Expiry,0,1.04925114e-12,nan
2015319951164_Node0_Node8_Zero,2015.40439,2018.360656,1,Expiry,0,1.04925114e-12,nan
2015328145639_Node0_Node8_Zero,2015.408195,2018.360656,1,Expiry,0,1.04925114e-12,nan
2015336344408_Node0_Node8_Zero,2015.408195,2018.360656,1,Expiry,0,1.04925114e-12,nan
2015344539297_Node0_Node8_Zero,2015.410018,2018.360656,1,Expiry,0,1.04925114e-12,nan
2015352740929_Node0_Node8_Zero,2015.410018,2018.360656,1,Expiry,0,1.04925114e-12,nan
2015360935823_Node0_Node8_Zero,2015.411981,2018.442623,1,Expiry,0,0,nan
2015369131808_Node0_Node8_Zero,2015.411981,2018.442623,1,Expiry,0,0,nan
2015377326151_Node0_Node8_Zero,2015.413983,2018.442623,1,Expiry,0,0,nan
2015385520069_Node0_Node8_Zero,2015.413983,2018.442623,1,Expiry,0,0,nan
2015393718927_Node0_Node8_Zero,2015.415906,2018.442623,1,Expiry,0,0,nan
2015401910727_Node0_Node8_Zero,2015.415906,2018.442623,1,Expiry,0,0,nan
2015410106492_Node0_Node8_Zero,2015.417028,2018.442623,1,Expiry,0,0,nan
2015418299105_Node0_Node8_Zero,2015.420313,2018.442623,1,Expiry,0,0,nan
2015426492741_Node0_Node8_Zero,2015.429619,2018.442623,1,Expiry,0,0,nan
2015434685477_Node0_Node8_Zero,2015.437089,2018.442623,1,Expiry,0,0,nan
2015442886493_Node0_Node8_Zero,2015.444738,2018.52459,1,Expiry,0,0,nan
2015451087795_Node0_Node8_Zero,2015.452542,2018.52459,1,Expiry,0,0,nan
2015459281520_Node0_Node8_Zero,2015.461503,2018.52459,1,Expiry,0,0,nan
2015467482914_Node0_Node8_Zero,2015.469232,2018.52459,1,Expiry,0,0,nan
2015475677301_Node0_Node8_Zero,2015.47689,2018.52459,1,Expiry,0,0,nan
2015483878558_Node0_Node8_Zero,2015.485711,2018.52459,1,Expiry,0,0,nan
2015492076886_Node0_Node8_Zero,2015.494717,2018.52459,1,Expiry,0,0,nan
2015500274891_Node0_Node8_Zero,2015.501541,2018.52459,1,Expiry,0,0,nan
2015508467177_Node0_Node8_Zero,2015.934738,2018.52459,1,Expiry,0,0,nan
2015516663060_Node0_Node8_Zero,2016.872483,2018.52459,1,Expiry,0,0,nan
2015541255567_Node0_Node8_Zero,2016.878267,2018.606557,1,Expiry,0,0,nan
2015549447783_Node0_Node8_Zero,2016.878267,2018.606557,1,Expiry,0,0,nan
2015557641124_Node0_Node8_Zero,2016.889208,2018.606557,1,Expiry,0,0,nan
2015565841188_Node0_Node8_Zero,2016.889208,2018.606557,1,Expiry,0,0,nan
2015574035966_Node0_Node8_Zero,2016.89863,2018.606557,1,Expiry,0,0,nan
2015582235943_Node0_Node8_Zero,2016.89863,2018.606557,1,Expiry,0,0,nan
2015590431277_Node0_Node8_Zero,2016.900572,2018.606557,1,Expiry,0,0,nan
2015598627358_Node0_Node8_Zero,2016.900572,2018.606557,1,Expiry,0,0,nan
2015606822766_Node0_Node8_Zero,2016.902535,2018.688525,1,Expiry,0,1.04925114e-12,nan
2015615016176_Node0_Node8_Zero,2016.902535,2018.688525,1,Expiry,0,1.04925114e-12,nan
2015623214450_Node0_Node8_Zero,2016.906534,2018.688525,1,Expiry,0,1.04925114e-12,nan
2015631415047_Node0_Node8_Zero,2016.906534,2018.688525,1,Expiry,0,1.04925114e-12,nan
2015639609735_Node0_Node8_Zero,2016.908397,2018.688525,1,Expiry,0,1.04925114e-12,nan
2015647811255_Node0_Node8_Zero,2016.908397,2018.688525,1,Expiry,0,1.04925114e-12,nan
2015656004110_Node0_Node8_Zero,2016.910319,2018.688525,1,Expiry,0,1.04925114e-12,nan
2015664205519_Node0_Node8_Zero,2016.910319,2018.688525,1,Expiry,0,1.04925114e-12,nan
2015672406011_Node0_Node8_Zero,2016.912182,2018.688525,1,Expiry,0,1.04925114e-12,nan
2015680601278_Node0_Node8_Zero,2016.912182,2018.688525,1,Expiry,0,1.04925114e-12,nan
2015688796991_Node0_Node8_Zero,2016.914084,2018.770492,1,Expiry,0,5.258698200000001e-13,nan
2015696996585_Node0_Node8_Zero,2016.914084,2018.770492,1,Expiry,0,5.258698200000001e-13,nan
2015705195528_Node0_Node8_Zero,2016.926614,2018.770492,1,Expiry,0,5.258698200000001e-13,nan
2015713387566_Node0_Node8_Zero,2016.926614,2018.770492,1,Expiry,0,5.258698200000001e-13,nan
2015721581378_Node0_Node8_Zero,2016.930734,2018.770492,1,Expiry,0,5.258698200000001e-13,nan
2015729776535_Node0_Node8_Zero,2016.930734,2018.770492,1,Expiry,0,5.258698200000001e-13,nan
2015737977269_Node0_Node8_Zero,2016.932596,2018.770492,1,Expiry,0,5.258698200000001e-13,nan
2015746173026_Node0_Node8_Zero,2016.932596,2018.770492,1,Expiry,0,5.258698200000001e-13,nan
2015754370209_Node0_Node8_Zero,2016.934579,2018.770492,1,Expiry,0,5.258698200000001e-13,nan
2015762563688_Node0_Node8_Zero,2016.934579,2018.770492,1,Expiry,0,5.258698200000001e-13,nan
2015770765207_Node0_Node8_Zero,2016.936441,2018.852459,1,Expiry,0,5.258698200000001e-13,nan
2015778965810_Node0_Node8_Zero,2016.936441,2018.852459,1,Expiry,0,5.258698200000001e-13,nan
2015787164233_Node0_Node8_Zero,2016.938364,2018.852459,1,Expiry,0,5.258698200000001e-13,nan
2015795364354_Node0_Node8_Zero,2016.938364,2018.852459,1,Expiry,0,5.258698200000001e-13,nan
2015803561248_Node0_Node8_Zero,2016.944526,2018.852459,1,Expiry,0,5.258698200000001e-13,nan
2015811762263_Node0_Node8_Zero,2016.944526,2018.852459,1,Expiry,0,5.258698200000001e-13,nan
2015819955607_Node0_Node8_Zero,2016.946568,2018.852459,1,Expiry,0,5.258698200000001e-13,nan
2015828155452_Node0_Node8_Zero,2016.946568,2018.852459,1,Expiry,0,5.258698200000001e-13,nan
2015836355716_Node0_Node8_Zero,2016.948411,2018.852459,1,Expiry,0,5.258698200000001e-13,nan
2015844556228_Node0_Node8_Zero,2016.948411,2018.852459,1,Expiry,0,5.258698200000001e-13,nan
2015852755307_Node0_Node8_Zero,2016.954533,2018.934426,1,Expiry,0,5.258698200000001e-13,nan
2015860950340_Node0_Node8_Zero,2016.954533,2018.934426,1,Expiry,0,5.258698200000001e-13,nan
2015869142288_Node0_Node8_Zero,2016.956635,2018.934426,1,Expiry,0,5.258698200000001e-13,nan
2015877340332_Node0_Node8_Zero,2016.956635,2018.934426,1,Expiry,0,5.258698200000001e-13,nan
2015885535262_Node0_Node8_Zero,2016.958758,2018.934426,1,Expiry,0,5.258698200000001e-13,nan
2015893733703_Node0_Node8_Zero,2016.958758,2018.934426,1,Expiry,0,5.258698200000001e-13,nan
2015901928955_Node0_Node8_Zero,2016.960641,2018.934426,1,Expiry,0,5.258698200000001e-13,nan
2015910124322_Node0_Node8_Zero,2016.960641,2018.934426,1,Expiry,0,5.258698200000001e-13,nan
2015918319438_Node0_Node8_Zero,2016.962583,2018.934426,1,Expiry,0,5.258698200000001e-13,nan
2015926513161_Node0_Node8_Zero,2016.962583,2018.934426,1,Expiry,0,5.258698200000001e-13,nan
2015934714131_Node0_Node8_Zero,2016.964546,2019.016393,1,Expiry,0,5.258698200000001e-13,nan
2015942906873_Node0_Node8_Zero,2016.964546,2019.016393,1,Expiry,0,5.258698200000001e-13,nan
2015951106270_Node0_Node8_Zero,2016.966508,2019.016393,1,Expiry,0,5.258698200000001e-13,nan
2015959300016_Node0_Node8_Zero,2016.966508,2019.016393,1,Expiry,0,5.258698200000001e-13,nan
2015967494528_Node0_Node8_Zero,2016.970428,2019.016393,1,Expiry,0,5.258698200000001e-13,nan
2015975690536_Node0_Node8_Zero,2016.970428,2019.016393,1,Expiry,0,5.258698200000001e-13,nan
2015983885977_Node0_Node8_Zero,2016.97639,2019.016393,1,Expiry,0,5.258698200000001e-13,nan
2015992081983_Node0_Node8_Zero,2016.97639,2019.016393,1,Expiry,0,5.258698200000001e-13,nan
2016000274141_Node0_Node8_Zero,2016.980555,2019.016393,1,Expiry,0,5.258698200000001e-13,nan
2016008471637_Node0_Node8_Zero,2016.980555,2019.016393,1,Expiry,0,5.258698200000001e-13,nan
2016016667431_Node0_Node8_Zero,2016.982657,2019.098361,1,Expiry,0,5.258698200000001e-13,nan
2016024860162_Node0_Node8_Zero,2016.982657,2019.098361,1,Expiry,0,5.258698200000001e-13,nan
2016033058870_Node0_Node8_Zero,2016.986697,2019.098361,1,Expiry,0,5.258698200000001e-13,nan
2016041256136_Node0_Node8_Zero,2016.986697,2019.098361,1,Expiry,0,5.258698200000001e-13,nan
2016049451612_Node0_Node8_Zero,2016.988779,2019.098361,1,Expiry,0,5.258698200000001e-13,nan
2016057649145_Node0_Node8_Zero,2016.988779,2019.098361,1,Expiry,0,5.258698200000001e-13,nan
2016065848660_Node0_Node8_Zero,2016.990822,2019.098361,1,Expiry,0,5.258698200000001e-13,nan
2016074046781_Node0_Node8_Zero,2016.990822,2019.098361,1,Expiry,0,5.258698200000001e-13,nan
2016082243959_Node0_Node8_Zero,2016.992685,2019.098361,1,Expiry,0,5.258698200000001e-13,nan
2016090437451_Node0_Node8_Zero,2016.992685,2019.098361,1,Expiry,0,5.258698200000001e-13,nan
2016098632592_Node0_Node8_Zero,2016.994567,2019.180328,1,Expiry,0,5.258698200000001e-13,nan
2016106833425_Node0_Node8_Zero,2016.994567,2019.180328,1,Expiry,0,5.258698200000001e-13,nan
2016115030797_Node0_Node8_Zero,2016.99649,2019.180328,1,Expiry,0,5.258698200000001e-13,nan
2016123224386_Node0_Node8_Zero,2016.99649,2019.180328,1,Expiry,0,5.258698200000001e-13,nan
2016131418097_Node0_Node8_Zero,2017.000475,2019.180328,1,Expiry,0,5.258698200000001e-13,nan
2016139619245_Node0_Node8_Zero,2017.000475,2019.180328,1,Expiry,0,5.258698200000001e-13,nan
2016147812748_Node0_Node8_Zero,2017.008594,2019.180328,1,Expiry,0,5.258698200000001e-13,nan
2016156007628_Node0_Node8_Zero,2017.008594,2019.180328,1,Expiry,0,5.258698200000001e-13,nan
2016164206478_Node0_Node8_Zero,2017.010496,2019.180328,1,Expiry,0,5.258698200000001e-13,nan
2016172399478_Node0_Node8_Zero,2017.010496,2019.180328,1,Expiry,0,5.258698200000001e-13,nan
2016180592013_Node0_Node8_Zero,2017.012459,2019.262295,1,Expiry,0,0,nan
2016188787280_Node0_Node8_Zero,2017.012459,2019.262295,1,Expiry,0,0,nan
2016196984183_Node0_Node8_Zero,2017.028842,2019.262295,1,Expiry,0,0,nan
2016205185740_Node0_Node8_Zero,2017.028842,2019.262295,1,Expiry,0,0,nan
2016213381647_Node0_Node8_Zero,2017.030785,2019.262295,1,Expiry,0,0,nan
2016221577195_Node0_Node8_Zero,2017.030785,2019.262295,1,Expiry,0,0,nan
2016229768975_Node0_Node8_Zero,2017.032647,2019.262295,1,Expiry,0,0,nan
2016237963676_Node0_Node8_Zero,2017.032647,2019.262295,1,Expiry,0,0,nan
2016246156110_Node0_Node8_Zero,2017.03455,2019.262295,1,Expiry,0,0,nan
2016254352559_Node0_Node8_Zero,2017.03455,2019.262295,1,Expiry,0,0,nan
2016262552638_Node0_Node8_Zero,2017.036492,2019.344262,1,Expiry,0,5.258698200000001e-13,nan
2016270744540_Node0_Node8_Zero,2017.036492,2019.344262,1,Expiry,0,5.258698200000001e-13,nan
2016278936708_Node0_Node8_Zero,2017.038475,2019.344262,1,Expiry,0,5.258698200000001e-13,nan
2016287132626_Node0_Node8_Zero,2017.038475,2019.344262,1,Expiry,0,5.258698200000001e-13,nan
2016295333085_Node0_Node8_Zero,2017.04258,2019.344262,1,Expiry,0,5.258698200000001e-13,nan
2016303532806_Node0_Node8_Zero,2017.04258,2019.344262,1,Expiry,0,5.258698200000001e-13,nan
2016311726756_Node0_Node8_Zero,2017.044543,2019.344262,1,Expiry,0,5.258698200000001e-13,nan
2016319925657_Node0_Node8_Zero,2017.044543,2019.344262,1,Expiry,0,5.258698200000001e-13,nan
2016328123079_Node0_Node8_Zero,2017.048728,2019.344262,1,Expiry,0,5.258698200000001e-13,nan
2016336320095_Node0_Node8_Zero,2017.048728,2019.344262,1,Expiry,0,5.258698200000001e-13,nan
2016344517111_Node0_Node8_Zero,2017.05077,2019.42623,1,Expiry,0,5.258698200000001e-13,nan
2016352714810_Node0_Node8_Zero,2017.05077,2019.42623,1,Expiry,0,5.258698200000001e-13,nan
2016360913576_Node0_Node8_Zero,2017.052713,2019.42623,1,Expiry,0,5.258698200000001e-13,nan
2016369107889_Node0_Node8_Zero,2017.052713,2019.42623,1,Expiry,0,5.258698200000001e-13,nan
2016377306842_Node0_Node8_Zero,2017.068911,2019.42623,1,Expiry,0,5.258698200000001e-13,nan
2016385504484_Node0_Node8_Zero,2017.068911,2019.42623,1,Expiry,0,5.258698200000001e-13,nan
2016393704898_Node0_Node8_Zero,2017.070733,2019.42623,1,Expiry,0,5.258698200000001e-13,nan
2016401900011_Node0_Node8_Zero,2017.070733,2019.42623,1,Expiry,0,5.258698200000001e-13,nan
2016410100805_Node0_Node8_Zero,2017.072576,2019.42623,1,Expiry,0,5.258698200000001e-13,nan
2016418293136_Node0_Node8_Zero,2017.072576,2019.42623,1,Expiry,0,5.258698200000001e-13,nan
2016426493140_Node0_Node8_Zero,2017.074498,2019.508197,1,Expiry,0,5.258698200000001e-13,nan
2016434690007_Node0_Node8_Zero,2017.074498,2019.508197,1,Expiry,0,5.258698200000001e-13,nan
2016442885795_Node0_Node8_Zero,2017.078258,2019.508197,1,Expiry,0,5.258698200000001e-13,nan
2016451078745_Node0_Node8_Zero,2017.078258,2019.508197,1,Expiry,0,5.258698200000001e-13,nan
2016459276907_Node0_Node8_Zero,2017.08032,2019.508197,1,Expiry,0,5.258698200000001e-13,nan
2016467470029_Node0_Node8_Zero,2017.08032,2019.508197,1,Expiry,0,5.258698200000001e-13,nan
2016475665657_Node0_Node8_Zero,2017.082283,2019.508197,1,Expiry,0,5.258698200000001e-13,nan
2016483860037_Node0_Node8_Zero,2017.082283,2019.508197,1,Expiry,0,5.258698200000001e-13,nan
2016492061189_Node0_Node8_Zero,2017.084146,2019.508197,1,Expiry,0,5.258698200000001e-13,nan
2016500257765_Node0_Node8_Zero,2017.084146,2019.508197,1,Expiry,0,5.258698200000001e-13,nan
2016508449493_Node0_Node8_Zero,2017.088031,2019.590164,1,Expiry,0,0,nan
2016516644926_Node0_Node8_Zero,2017.088031,2019.590164,1,Expiry,0,0,nan
2016524836808_Node0_Node8_Zero,2017.089973,2019.590164,1,Expiry,0,0,nan
2016533032445_Node0_Node8_Zero,2017.089973,2019.590164,1,Expiry,0,0,nan
2016541225751_Node0_Node8_Zero,2017.091876,2019.590164,1,Expiry,0,0,nan
2016549419725_Node0_Node8_Zero,2017.091876,2019.590164,1,Expiry,0,0,nan
2016557616496_Node0_Node8_Zero,2017.095861,2019.590164,1,Expiry,0,0,nan
2016565812177_Node0_Node8_Zero,2017.095861,2019.590164,1,Expiry,0,0,nan
2016574007107_Node0_Node8_Zero,2017.097724,2019.590164,1,Expiry,0,0,nan
2016582201889_Node0_Node8_Zero,2017.097724,2019.590164,1,Expiry,0,0,nan
2016590394624_Node0_Node8_Zero,2017.112156,2019.672131,1,Expiry,0,5.258698200000001e-13,nan
2016598588828_Node0_Node8_Zero,2017.112156,2019.672131,1,Expiry,0,5.258698200000001e-13,nan
2016606787613_Node0_Node8_Zero,2017.114038,2019.672131,1,Expiry,0,5.258698200000001e-13,nan
2016614985932_Node0_Node8_Zero,2017.114038,2019.672131,1,Expiry,0,5.258698200000001e-13,nan
2016623186490_Node0_Node8_Zero,2017.115961,2019.672131,1,Expiry,0,5.258698200000001e-13,nan
2016631385081_Node0_Node8_Zero,2017.115961,2019.672131,1,Expiry,0,5.258698200000001e-13,nan
2016639581502_Node0_Node8_Zero,2017.124165,2019.672131,1,Expiry,0,5.258698200000001e-13,nan
2016647778133_Node0_Node8_Zero,2017.124165,2019.672131,1,Expiry,0,5.258698200000001e-13,nan
2016655978624_Node0_Node8_Zero,2017.126188,2019.672131,1,Expiry,0,5.258698200000001e-13,nan
2016664178028_Node0_Node8_Zero,2017.126188,2019.672131,1,Expiry,0,5.258698200000001e-13,nan
2016672370613_Node0_Node8_Zero,2017.128031,2019.754098,1,Expiry,0,5.258698200000001e-13,nan
2016680569482_Node0_Node8_Zero,2017.128031,2019.754098,1,Expiry,0,5.258698200000001e-13,nan
2016688764267_Node0_Node8_Zero,2017.129913,2019.754098,1,Expiry,0,5.258698200000001e-13,nan
2016696962687_Node0_Node8_Zero,2017.129913,2019.754098,1,Expiry,0,5.258698200000001e-13,nan
2016705155066_Node0_Node8_Zero,2017.131776,2019.754098,1,Expiry,0,5.258698200000001e-13,nan
2016713348241_Node0_Node8_Zero,2017.131776,2019.754098,1,Expiry,0,5.258698200000001e-13,nan
2016721549072_Node0_Node8_Zero,2017.135881,2019.754098,1,Expiry,0,5.258698200000001e-13,nan
2016729745857_Node0_Node8_Zero,2017.135881,2019.754098,1,Expiry,0,5.258698200000001e-13,nan
2016737947572_Node0_Node8_Zero,2017.13968,2019.754098,1,Expiry,0,5.258698200000001e-13,nan
2016746140023_Node0_Node8_Zero,2017.13968,2019.754098,1,Expiry,0,5.258698200000001e-13,nan
2016754338139_Node0_Node8_Zero,2017.141543,2019.836066,1,Expiry,0,5.258698200000001e-13,nan
2016762532730_Node0_Node8_Zero,2017.141543,2019.836066,1,Expiry,0,5.258698200000001e-13,nan
2016770729298_Node0_Node8_Zero,2017.151656,2019.836066,1,Expiry,0,5.258698200000001e-13,nan
2016778927153_Node0_Node8_Zero,2017.151656,2019.836066,1,Expiry,0,5.258698200000001e-13,nan
2016787126067_Node0_Node8_Zero,2017.153478,2019.836066,1,Expiry,0,5.258698200000001e-13,nan
2016795326581_Node0_Node8_Zero,2017.153478,2019.836066,1,Expiry,0,5.258698200000001e-13,nan
2016803520002_Node0_Node8_Zero,2017.15968,2019.836066,1,Expiry,0,5.258698200000001e-13,nan
2016811720400_Node0_Node8_Zero,2017.15968,2019.836066,1,Expiry,0,5.258698200000001e-13,nan
2016819921364_Node0_Node8_Zero,2017.161683,2019.836066,1,Expiry,0,5.258698200000001e-13,nan
2016828113324_Node0_Node8_Zero,2017.161683,2019.836066,1,Expiry,0,5.258698200000001e-13,nan
2016836306514_Node0_Node8_Zero,2017.163745,2019.918033,1,Expiry,0,5.258698200000001e-13,nan
2016844500877_Node0_Node8_Zero,2017.163745,2019.918033,1,Expiry,0,5.258698200000001e-13,nan
2016852698415_Node0_Node8_Zero,2017.167705,2019.918033,1,Expiry,0,5.258698200000001e-13,nan
2016860895307_Node0_Node8_Zero,2017.167705,2019.918033,1,Expiry,0,5.258698200000001e-13,nan
2016869096451_Node0_Node8_Zero,2017.169767,2019.918033,1,Expiry,0,5.258698200000001e-13,nan
2016877297372_Node0_Node8_Zero,2017.169767,2019.918033,1,Expiry,0,5.258698200000001e-13,nan
2016885493517_Node0_Node8_Zero,2017.173952,2019.918033,1,Expiry,0,5.258698200000001e-13,nan
2016893693614_Node0_Node8_Zero,2017.173952,2019.918033,1,Expiry,0,5.258698200000001e-13,nan
2016901894866_Node0_Node8_Zero,2017.176035,2019.918033,1,Expiry,0,5.258698200000001e-13,nan
2016910093452_Node0_Node8_Zero,2017.176035,2019.918033,1,Expiry,0,5.258698200000001e-13,nan
2016918285945_Node0_Node8_Zero,2017.177878,2020.0,1,Expiry,0,1.04925114e-12,nan
2016926481462_Node0_Node8_Zero,2017.177878,2020.0,1,Expiry,0,1.04925114e-12,nan
2016934679851_Node0_Node8_Zero,2017.181623,2020.0,1,Expiry,0,1.04925114e-12,nan
2016942881489_Node0_Node8_Zero,2017.181623,2020.0,1,Expiry,0,1.04925114e-12,nan
2016951080165_Node0_Node8_Zero,2017.189653,2020.0,1,Expiry,0,1.04925114e-12,nan
2016959281738_Node0_Node8_Zero,2017.189653,2020.0,1,Expiry,0,1.04925114e-12,nan
2016967476192_Node0_Node8_Zero,2017.191736,2020.0,1,Expiry,0,1.04925114e-12,nan
2016975674825_Node0_Node8_Zero,2017.191736,2020.0,1,Expiry,0,1.04925114e-12,nan
2016983870695_Node0_Node8_Zero,2017.195555,2020.0,1,Expiry,0,1.04925114e-12,nan
2016992064069_Node0_Node8_Zero,2017.195555,2020.0,1,Expiry,0,1.04925114e-12,nan
2017000265520_Node0_Node8_Zero,2017.197578,2020.081967,1,Expiry,0,0,nan
2017008466084_Node0_Node8_Zero,2017.197578,2020.081967,1,Expiry,0,0,nan
2017016664715_Node0_Node8_Zero,2017.19958,2020.081967,1,Expiry,0,0,nan
2017024862254_Node0_Node8_Zero,2017.19958,2020.081967,1,Expiry,0,0,nan
2017033062407_Node0_Node8_Zero,2017.201463,2020.081967,1,Expiry,0,0,nan
2017041262523_Node0_Node8_Zero,2017.201463,2020.081967,1,Expiry,0,0,nan
2017049464234_Node0_Node8_Zero,2017.203385,2020.081967,1,Expiry,0,0,nan
2017057659044_Node0_Node8_Zero,2017.203385,2020.081967,1,Expiry,0,0,nan
2017065856603_Node0_Node8_Zero,2017.205248,2020.081967,1,Expiry,0,0,nan
2017074049627_Node0_Node8_Zero,2017.207167,2020.081967,1,Expiry,0,0,nan
2017082244445_Node0_Node8_Zero,2017.209167,2020.163934,1,Expiry,0,1.04925114e-12,nan
2017090444407_Node0_Node8_Zero,2017.215356,2020.163934,1,Expiry,0,1.04925114e-12,nan
2017098637741_Node0_Node8_Zero,2017.217296,2020.163934,1,Expiry,0,1.04925114e-12,nan
2017106835503_Node0_Node8_Zero,2017.219215,2020.163934,1,Expiry,0,1.04925114e-12,nan
2017115030792_Node0_Node8_Zero,2017.221255,2020.163934,1,Expiry,0,1.04925114e-12,nan
2017123228394_Node0_Node8_Zero,2017.223235,2020.163934,1,Expiry,0,1.04925114e-12,nan
2017131423401_Node0_Node8_Zero,2017.229274,2020.163934,1,Expiry,0,1.04925114e-12,nan
2017139617949_Node0_Node8_Zero,2017.231273,2020.163934,1,Expiry,0,1.04925114e-12,nan
2017147814317_Node0_Node8_Zero,2017.233113,2020.163934,1,Expiry,0,1.04925114e-12,nan
2017156008124_Node0_Node8_Zero,2017.235113,2020.163934,1,Expiry,0,1.04925114e-12,nan
2017164201141_Node0_Node8_Zero,2017.245185,2020.245902,1,Expiry,0,1.04925114e-12,nan
2017172396249_Node0_Node8_Zero,2017.247285,2020.245902,1,Expiry,0,1.04925114e-12,nan
2017180594491_Node0_Node8_Zero,2017.249325,2020.245902,1,Expiry,0,1.04925114e-12,nan
2017188795406_Node0_Node8_Zero,2017.251224,2020.245902,1,Expiry,0,1.04925114e-12,nan
2017196996151_Node0_Node8_Zero,2017.253144,2020.245902,1,Expiry,0,1.04925114e-12,nan
2017205195514_Node0_Node8_Zero,2017.255104,2020.245902,1,Expiry,0,1.04925114e-12,nan
2017213389063_Node0_Node8_Zero,2017.257043,2020.245902,1,Expiry,0,1.04925114e-12,nan
2017221584713_Node0_Node8_Zero,2017.261283,2020.245902,1,Expiry,0,1.04925114e-12,nan
2017229784079_Node0_Node8_Zero,2017.263262,2020.245902,1,Expiry,0,1.04925114e-12,nan
2017237979333_Node0_Node8_Zero,2017.265362,2020.245902,1,Expiry,0,1.04925114e-12,nan
2017246177523_Node0_Node8_Zero,2017.267202,2020.327869,1,Expiry,0,1.04925114e-12,nan
2017254373863_Node0_Node8_Zero,2017.269161,2020.327869,1,Expiry,0,1.04925114e-12,nan
2017262568696_Node0_Node8_Zero,2017.272988,2020.327869,1,Expiry,0,1.04925114e-12,nan
2017270767634_Node0_Node8_Zero,2017.276987,2020.327869,1,Expiry,0,1.04925114e-12,nan
2017278964820_Node0_Node8_Zero,2017.283286,2020.327869,1,Expiry,0,1.04925114e-12,nan
2017287160122_Node0_Node8_Zero,2017.291853,2020.327869,1,Expiry,0,1.04925114e-12,nan
2017295353587_Node0_Node8_Zero,2017.298038,2020.327869,1,Expiry,0,1.04925114e-12,nan
2017303552736_Node0_Node8_Zero,2017.308462,2020.327869,1,Expiry,0,1.04925114e-12,nan
2017311749426_Node0_Node8_Zero,2017.317024,2020.327869,1,Expiry,0,1.04925114e-12,nan
2017319946987_Node0_Node8_Zero,2017.325077,2020.327869,1,Expiry,0,1.04925114e-12,nan
2017328145863_Node0_Node8_Zero,2017.331263,2020.409836,1,Expiry,0,1.04925114e-12,nan
2017336340452_Node0_Node8_Zero,2017.339828,2020.409836,1,Expiry,0,1.04925114e-12,nan
2017344532579_Node0_Node8_Zero,2017.348116,2020.409836,1,Expiry,0,1.04925114e-12,nan
2017352726012_Node0_Node8_Zero,2017.608872,2020.409836,1,Expiry,0,1.04925114e-12,nan
2017377314429_Node0_Node8_Zero,2017.988337,2020.409836,1,Expiry,0,1.04925114e-12,nan
2017385515542_Node0_Node8_Zero,2017.988337,2020.409836,1,Expiry,0,1.04925114e-12,nan
2017393710997_Node0_Node8_Zero,2017.997099,2020.409836,1,Expiry,0,1.04925114e-12,nan
2017401910318_Node0_Node8_Zero,2017.997099,2020.409836,1,Expiry,0,1.04925114e-12,nan
2017410111216_Node0_Node8_Zero,2018.001198,2020.491803,1,Expiry,0,1.04925114e-12,nan
2017418310938_Node0_Node8_Zero,2018.001198,2020.491803,1,Expiry,0,1.04925114e-12,nan
2017426509463_Node0_Node8_Zero,2018.003081,2020.491803,1,Expiry,0,1.04925114e-12,nan
2017434704095_Node0_Node8_Zero,2018.003081,2020.491803,1,Expiry,0,1.04925114e-12,nan
2017442899802_Node0_Node8_Zero,2018.004903,2020.491803,1,Expiry,0,1.04925114e-12,nan
2017451096503_Node0_Node8_Zero,2018.004903,2020.491803,1,Expiry,0,1.04925114e-12,nan
2017459295665_Node0_Node8_Zero,2018.006826,2020.491803,1,Expiry,0,1.04925114e-12,nan
2017467497239_Node0_Node8_Zero,2018.006826,2020.491803,1,Expiry,0,1.04925114e-12,nan
2017475691762_Node0_Node8_Zero,2018.010651,2020.491803,1,Expiry,0,1.04925114e-12,nan
2017483886235_Node0_Node8_Zero,2018.010651,2020.491803,1,Expiry,0,1.04925114e-12,nan
2017492080818_Node0_Node8_Zero,2018.012754,2020.57377,1,Expiry,0,0,nan
2017500280234_Node0_Node8_Zero,2018.012754,2020.57377,1,Expiry,0,0,nan
2017508478375_Node0_Node8_Zero,2018.014576,2020.57377,1,Expiry,0,0,nan
2017516673073_Node0_Node8_Zero,2018.014576,2020.57377,1,Expiry,0,0,nan
2017524874079_Node0_Node8_Zero,2018.020312,2020.57377,1,Expiry,0,0,nan
2017533067595_Node0_Node8_Zero,2018.020312,2020.57377,1,Expiry,0,0,nan
2017541266553_Node0_Node8_Zero,2018.024338,2020.57377,1,Expiry,0,0,nan
2017549463778_Node0_Node8_Zero,2018.024338,2020.57377,1,Expiry,0,0,nan
2017557660285_Node0_Node8_Zero,2018.02626,2020.57377,1,Expiry,0,0,nan
2017565854773_Node0_Node8_Zero,2018.02626,2020.57377,1,Expiry,0,0,nan
2017574053229_Node0_Node8_Zero,2018.028343,2020.655738,1,Expiry,0,0,nan
2017582252036_Node0_Node8_Zero,2018.028343,2020.655738,1,Expiry,0,0,nan
2017590451939_Node0_Node8_Zero,2018.032262,2020.655738,1,Expiry,0,0,nan
2017598648865_Node0_Node8_Zero,2018.032262,2020.655738,1,Expiry,0,0,nan
2017606843047_Node0_Node8_Zero,2018.034125,2020.655738,1,Expiry,0,0,nan
2017615038497_Node0_Node8_Zero,2018.034125,2020.655738,1,Expiry,0,0,nan
2017623237436_Node0_Node8_Zero,2018.036087,2020.655738,1,Expiry,0,0,nan
2017631437849_Node0_Node8_Zero,2018.036087,2020.655738,1,Expiry,0,0,nan
2017639635029_Node0_Node8_Zero,2018.03795,2020.655738,1,Expiry,0,0,nan
2017647836373_Node0_Node8_Zero,2018.03795,2020.655738,1,Expiry,0,0,nan
2017656038081_Node0_Node8_Zero,2018.039812,2020.737705,1,Expiry,0,1.04925114e-12,nan
2017664237825_Node0_Node8_Zero,2018.039812,2020.737705,1,Expiry,0,1.04925114e-12,nan
2017672439493_Node0_Node8_Zero,2018.041695,2020.737705,1,Expiry,0,1.04925114e-12,nan
2017680636211_Node0_Node8_Zero,2018.041695,2020.737705,1,Expiry,0,1.04925114e-12,nan
2017688831123_Node0_Node8_Zero,2018.047943,2020.737705,1,Expiry,0,1.04925114e-12,nan
2017697028365_Node0_Node8_Zero,2018.047943,2020.737705,1,Expiry,0,1.04925114e-12,nan
2017705225230_Node0_Node8_Zero,2018.051922,2020.737705,1,Expiry,0,1.04925114e-12,nan
2017713424592_Node0_Node8_Zero,2018.051922,2020.737705,1,Expiry,0,1.04925114e-12,nan
2017721624492_Node0_Node8_Zero,2018.053785,2020.737705,1,Expiry,0,1.04925114e-12,nan
2017729818888_Node0_Node8_Zero,2018.053785,2020.737705,1,Expiry,0,1.04925114e-12,nan
2017738012988_Node0_Node8_Zero,2018.055687,2020.819672,1,Expiry,0,1.04925114e-12,nan
2017746213775_Node0_Node8_Zero,2018.055687,2020.819672,1,Expiry,0,1.04925114e-12,nan
2017754414720_Node0_Node8_Zero,2018.061695,2020.819672,1,Expiry,0,1.04925114e-12,nan
2017762616364_Node0_Node8_Zero,2018.061695,2020.819672,1,Expiry,0,1.04925114e-12,nan
2017770808859_Node0_Node8_Zero,2018.063517,2020.819672,1,Expiry,0,1.04925114e-12,nan
2017779003483_Node0_Node8_Zero,2018.063517,2020.819672,1,Expiry,0,1.04925114e-12,nan
2017787199686_Node0_Node8_Zero,2018.0654,2020.819672,1,Expiry,0,1.04925114e-12,nan
2017795395686_Node0_Node8_Zero,2018.0654,2020.819672,1,Expiry,0,1.04925114e-12,nan
2017803595341_Node0_Node8_Zero,2018.067223,2020.819672,1,Expiry,0,1.04925114e-12,nan
2017811791856_Node0_Node8_Zero,2018.067223,2020.819672,1,Expiry,0,1.04925114e-12,nan
2017819985492_Node0_Node8_Zero,2018.069185,2020.901639,1,Expiry,0,1.04925114e-12,nan
2017828182336_Node0_Node8_Zero,2018.069185,2020.901639,1,Expiry,0,1.04925114e-12,nan
2017836381398_Node0_Node8_Zero,2018.074961,2020.901639,1,Expiry,0,1.04925114e-12,nan
2017844573809_Node0_Node8_Zero,2018.074961,2020.901639,1,Expiry,0,1.04925114e-12,nan
2017852765600_Node0_Node8_Zero,2018.079127,2020.901639,1,Expiry,0,1.04925114e-12,nan
2017860959109_Node0_Node8_Zero,2018.079127,2020.901639,1,Expiry,0,1.04925114e-12,nan
2017869160091_Node0_Node8_Zero,2018.080949,2020.901639,1,Expiry,0,1.04925114e-12,nan
2017877361297_Node0_Node8_Zero,2018.080949,2020.901639,1,Expiry,0,1.04925114e-12,nan
2017885559839_Node0_Node8_Zero,2018.082912,2020.901639,1,Expiry,0,1.04925114e-12,nan
2017893754091_Node0_Node8_Zero,2018.082912,2020.901639,1,Expiry,0,1.04925114e-12,nan
2017901954839_Node0_Node8_Zero,2018.088714,2020.983607,1,Expiry,0,0,nan
2017910150014_Node0_Node8_Zero,2018.088714,2020.983607,1,Expiry,0,0,nan
2017918342564_Node0_Node8_Zero,2018.090536,2020.983607,1,Expiry,0,0,nan
2017926538774_Node0_Node8_Zero,2018.090536,2020.983607,1,Expiry,0,0,nan
2017934740379_Node0_Node8_Zero,2018.096293,2020.983607,1,Expiry,0,0,nan
2017942937873_Node0_Node8_Zero,2018.096293,2020.983607,1,Expiry,0,0,nan
2017951139452_Node0_Node8_Zero,2018.098255,2020.983607,1,Expiry,0,0,nan
2017959338416_Node0_Node8_Zero,2018.098255,2020.983607,1,Expiry,0,0,nan
2017967530216_Node0_Node8_Zero,2018.100098,2020.983607,1,Expiry,0,0,nan
2017975726697_Node0_Node8_Zero,2018.100098,2020.983607,1,Expiry,0,0,nan
2017983928315_Node0_Node8_Zero,2018.110245,2021.065574,1,Expiry,0,0,nan
2017992124432_Node0_Node8_Zero,2018.110245,2021.065574,1,Expiry,0,0,nan
2018000316572_Node0_Node8_Zero,2018.112227,2021.065574,1,Expiry,0,0,nan
2018008510481_Node0_Node8_Zero,2018.112227,2021.065574,1,Expiry,0,0,nan
2018016710189_Node0_Node8_Zero,2018.11419,2021.065574,1,Expiry,0,0,nan
2018024906815_Node0_Node8_Zero,2018.11419,2021.065574,1,Expiry,0,0,nan
2018033104018_Node0_Node8_Zero,2018.116093,2021.065574,1,Expiry,0,0,nan
2018041304102_Node0_Node8_Zero,2018.116093,2021.065574,1,Expiry,0,0,nan
2018049502811_Node0_Node8_Zero,2018.118095,2021.065574,1,Expiry,0,0,nan
2018057694538_Node0_Node8_Zero,2018.118095,2021.065574,1,Expiry,0,0,nan
2018065886713_Node0_Node8_Zero,2018.119918,2021.147541,1,Expiry,0,0,nan
2018074083383_Node0_Node8_Zero,2018.119918,2021.147541,1,Expiry,0,0,nan
2018082279962_Node0_Node8_Zero,2018.134376,2021.147541,1,Expiry,0,0,nan
2018090479688_Node0_Node8_Zero,2018.134376,2021.147541,1,Expiry,0,0,nan
2018098681213_Node0_Node8_Zero,2018.136278,2021.147541,1,Expiry,0,0,nan
2018106878790_Node0_Node8_Zero,2018.136278,2021.147541,1,Expiry,0,0,nan
2018115079311_Node0_Node8_Zero,2018.138281,2021.147541,1,Expiry,0,0,nan
2018123276778_Node0_Node8_Zero,2018.138281,2021.147541,1,Expiry,0,0,nan
2018131469966_Node0_Node8_Zero,2018.139463,2021.147541,1,Expiry,0,0,nan
2018139667643_Node0_Node8_Zero,2018.141957,2021.147541,1,Expiry,0,0,nan
2018147861709_Node0_Node8_Zero,2018.149587,2021.229508,1,Expiry,0,1.04925114e-12,nan
2018156062517_Node0_Node8_Zero,2018.158413,2021.229508,1,Expiry,0,1.04925114e-12,nan
2018164263947_Node0_Node8_Zero,2018.165962,2021.229508,1,Expiry,0,1.04925114e-12,nan
2018172461352_Node0_Node8_Zero,2018.173946,2021.229508,1,Expiry,0,1.04925114e-12,nan
2018180659808_Node0_Node8_Zero,2018.182403,2021.229508,1,Expiry,0,1.04925114e-12,nan
2018188857155_Node0_Node8_Zero,2018.19123,2021.229508,1,Expiry,0,1.04925114e-12,nan
2018197058593_Node0_Node8_Zero,2018.199595,2021.229508,1,Expiry,0,1.04925114e-12,nan
2018205258533_Node0_Node8_Zero,2018.208356,2021.229508,1,Expiry,0,1.04925114e-12,nan
2018213452685_Node0_Node8_Zero,2018.2163,2021.229508,1,Expiry,0,1.04925114e-12,nan
2018221653339_Node0_Node8_Zero,2018.224415,2021.229508,1,Expiry,0,1.04925114e-12,nan
2018229854042_Node0_Node8_Zero,2018.234292,2021.311475,1,Expiry,0,1.04925114e-12,nan
2018238050759_Node0_Node8_Zero,2018.325456,2021.311475,1,Expiry,0,1.04925114e-12,nan
2018246244055_Node0_Node8_Zero,2018.743431,2021.311475,1,Expiry,0,1.04925114e-12,nan
2018254441342_Node0_Node8_Zero,2018.743431,2021.311475,1,Expiry,0,1.04925114e-12,nan
2018262638473_Node0_Node8_Zero,2018.745514,2021.311475,1,Expiry,0,1.04925114e-12,nan
2018270830737_Node0_Node8_Zero,2018.747394,2021.311475,1,Expiry,0,1.04925114e-12,nan
2018279023464_Node0_Node8_Zero,2018.755682,2021.311475,1,Expiry,0,1.04925114e-12,nan
2018287225067_Node0_Node8_Zero,2018.757602,2021.311475,1,Expiry,0,1.04925114e-12,nan
2018295419807_Node0_Node8_Zero,2018.763835,2021.311475,1,Expiry,0,1.04925114e-12,nan
2018303618550_Node0_Node8_Zero,2018.765675,2021.311475,1,Expiry,0,1.04925114e-12,nan
2018311817717_Node0_Node8_Zero,2018.767575,2021.393443,1,Expiry,0,0,nan
2018320012868_Node0_Node8_Zero,2018.771414,2021.393443,1,Expiry,0,0,nan
2018328208151_Node0_Node8_Zero,2018.773394,2021.393443,1,Expiry,0,0,nan
2018336406042_Node0_Node8_Zero,2018.783386,2021.393443,1,Expiry,0,0,nan
2018344603751_Node0_Node8_Zero,2018.785406,2021.393443,1,Expiry,0,0,nan
2018352798482_Node0_Node8_Zero,2018.787406,2021.393443,1,Expiry,0,0,nan
2018360999057_Node0_Node8_Zero,2018.793685,2021.393443,1,Expiry,0,0,nan
2018369191808_Node0_Node8_Zero,2018.797791,2021.393443,1,Expiry,0,0,nan
2018377393057_Node0_Node8_Zero,2018.799751,2021.393443,1,Expiry,0,0,nan
2018385594300_Node0_Node8_Zero,2018.80381,2021.393443,1,Expiry,0,0,nan
2018393786054_Node0_Node8_Zero,2018.80569,2021.47541,1,Expiry,0,1.04925114e-12,nan
2018401982810_Node0_Node8_Zero,2018.809656,2021.47541,1,Expiry,0,1.04925114e-12,nan
2018410180089_Node0_Node8_Zero,2018.811796,2021.47541,1,Expiry,0,1.04925114e-12,nan
2018418379391_Node0_Node8_Zero,2018.813656,2021.47541,1,Expiry,0,1.04925114e-12,nan
2018426572749_Node0_Node8_Zero,2018.815575,2021.47541,1,Expiry,0,1.04925114e-12,nan
2018434770180_Node0_Node8_Zero,2018.817535,2021.47541,1,Expiry,0,1.04925114e-12,nan
2018442968229_Node0_Node8_Zero,2018.819415,2021.47541,1,Expiry,0,1.04925114e-12,nan
2018451160764_Node0_Node8_Zero,2018.821374,2021.47541,1,Expiry,0,1.04925114e-12,nan
2018459354963_Node0_Node8_Zero,2018.823314,2021.47541,1,Expiry,0,1.04925114e-12,nan
2018467551242_Node0_Node8_Zero,2018.833499,2021.47541,1,Expiry,0,1.04925114e-12,nan
2018475748902_Node0_Node8_Zero,2018.835499,2021.557377,1,Expiry,0,0,nan
2018483944374_Node0_Node8_Zero,2018.837539,2021.557377,1,Expiry,0,0,nan
2018492136404_Node0_Node8_Zero,2018.839378,2021.557377,1,Expiry,0,0,nan
2018500331119_Node0_Node8_Zero,2018.843325,2021.557377,1,Expiry,0,0,nan
2018508523926_Node0_Node8_Zero,2018.845445,2021.557377,1,Expiry,0,0,nan
2018516717085_Node0_Node8_Zero,2018.849511,2021.557377,1,Expiry,0,0,nan
2018524911021_Node0_Node8_Zero,2018.851531,2021.557377,1,Expiry,0,0,nan
2018533102836_Node0_Node8_Zero,2018.85351,2021.557377,1,Expiry,0,0,nan
2018541296296_Node0_Node8_Zero,2018.85543,2021.557377,1,Expiry,0,0,nan
2018549488671_Node0_Node8_Zero,2018.859549,2021.557377,1,Expiry,0,0,nan
2018557680587_Node0_Node8_Zero,2018.863536,2021.639344,1,Expiry,0,1.04925114e-12,nan
2018565874156_Node0_Node8_Zero,2018.873696,2021.639344,1,Expiry,0,1.04925114e-12,nan
2018574071174_Node0_Node8_Zero,2018.879569,2021.639344,1,Expiry,0,1.04925114e-12,nan
2018582263842_Node0_Node8_Zero,2018.881569,2021.639344,1,Expiry,0,1.04925114e-12,nan
2018590455882_Node0_Node8_Zero,2018.885655,2021.639344,1,Expiry,0,1.04925114e-12,nan
2018598651727_Node0_Node8_Zero,2018.887755,2021.639344,1,Expiry,0,1.04925114e-12,nan
2018606848461_Node0_Node8_Zero,2018.889735,2021.639344,1,Expiry,0,1.04925114e-12,nan
2018615041030_Node0_Node8_Zero,2018.891874,2021.639344,1,Expiry,0,1.04925114e-12,nan
2018623235223_Node0_Node8_Zero,2018.893774,2021.639344,1,Expiry,0,1.04925114e-12,nan
2018631432444_Node0_Node8_Zero,2018.897881,2021.639344,1,Expiry,0,1.04925114e-12,nan
2018639632144_Node0_Node8_Zero,2018.89972,2021.721311,1,Expiry,0,0,nan
2018647829589_Node0_Node8_Zero,2018.90168,2021.721311,1,Expiry,0,0,nan
2018656023612_Node0_Node8_Zero,2018.905739,2021.721311,1,Expiry,0,0,nan
2018664224735_Node0_Node8_Zero,2018.907799,2021.721311,1,Expiry,0,0,nan
2018672416659_Node0_Node8_Zero,2018.909639,2021.721311,1,Expiry,0,0,nan
2018680617206_Node0_Node8_Zero,2018.915765,2021.721311,1,Expiry,0,0,nan
2018688811027_Node0_Node8_Zero,2018.917704,2021.721311,1,Expiry,0,0,nan
2018697004658_Node0_Node8_Zero,2018.919644,2021.721311,1,Expiry,0,0,nan
2018705198580_Node0_Node8_Zero,2018.927843,2021.721311,1,Expiry,0,0,nan
2018713393307_Node0_Node8_Zero,2018.929982,2021.721311,1,Expiry,0,0,nan
2018721590806_Node0_Node8_Zero,2018.931842,2021.803279,1,Expiry,0,1.04925114e-12,nan
2018729786523_Node0_Node8_Zero,2018.935761,2021.803279,1,Expiry,0,1.04925114e-12,nan
2018737978686_Node0_Node8_Zero,2018.939848,2021.803279,1,Expiry,0,1.04925114e-12,nan
2018746175661_Node0_Node8_Zero,2018.941747,2021.803279,1,Expiry,0,1.04925114e-12,nan
2018754372821_Node0_Node8_Zero,2018.945574,2021.803279,1,Expiry,0,1.04925114e-12,nan
2018762567313_Node0_Node8_Zero,2018.94976,2021.803279,1,Expiry,0,1.04925114e-12,nan
2018770766444_Node0_Node8_Zero,2018.9517,2021.803279,1,Expiry,0,1.04925114e-12,nan
2018778964039_Node0_Node8_Zero,2018.95374,2021.803279,1,Expiry,0,1.04925114e-12,nan
2018787163393_Node0_Node8_Zero,2018.955799,2021.803279,1,Expiry,0,1.04925114e-12,nan
2018795358521_Node0_Node8_Zero,2018.962098,2021.803279,1,Expiry,0,1.04925114e-12,nan
2018803559464_Node0_Node8_Zero,2018.963938,2021.885246,1,Expiry,0,0,nan
2018811760579_Node0_Node8_Zero,2018.965798,2021.885246,1,Expiry,0,0,nan
2018819956476_Node0_Node8_Zero,2018.974196,2021.885246,1,Expiry,0,0,nan
2018828152632_Node0_Node8_Zero,2018.976156,2021.885246,1,Expiry,0,0,nan
2018836351384_Node0_Node8_Zero,2018.978016,2021.885246,1,Expiry,0,0,nan
2018844549241_Node0_Node8_Zero,2018.980155,2021.885246,1,Expiry,0,0,nan
2018852747382_Node0_Node8_Zero,2018.982255,2021.885246,1,Expiry,0,0,nan
2018860942264_Node0_Node8_Zero,2018.984095,2021.885246,1,Expiry,0,0,nan
2018869140232_Node0_Node8_Zero,2018.986094,2021.885246,1,Expiry,0,0,nan
2018877340128_Node0_Node8_Zero,2018.988154,2021.885246,1,Expiry,0,0,nan
2018885539073_Node0_Node8_Zero,2018.990074,2021.967213,1,Expiry,0,0,nan
2018893736418_Node0_Node8_Zero,2018.99414,2021.967213,1,Expiry,0,0,nan
2018901936544_Node0_Node8_Zero,2018.99606,2021.967213,1,Expiry,0,0,nan
2018910135810_Node0_Node8_Zero,2018.998099,2021.967213,1,Expiry,0,0,nan
2018918335233_Node0_Node8_Zero,2019.000079,2021.967213,1,Expiry,0,0,nan
2018926531799_Node0_Node8_Zero,2019.006358,2021.967213,1,Expiry,0,0,nan
2018934724984_Node0_Node8_Zero,2019.008238,2021.967213,1,Expiry,0,0,nan
2018942923182_Node0_Node8_Zero,2019.012224,2021.967213,1,Expiry,0,0,nan
2018951119006_Node0_Node8_Zero,2019.014084,2021.967213,1,Expiry,0,0,nan
2018959315978_Node0_Node8_Zero,2019.018043,2021.967213,1,Expiry,0,0,nan
2018967517131_Node0_Node8_Zero,2019.020063,2022.04918,1,Expiry,0,1.04925114e-12,nan
2018975718523_Node0_Node8_Zero,2019.022062,2022.04918,1,Expiry,0,1.04925114e-12,nan
2018983911925_Node0_Node8_Zero,2019.023902,2022.04918,1,Expiry,0,1.04925114e-12,nan
2018992107941_Node0_Node8_Zero,2019.036009,2022.04918,1,Expiry,0,1.04925114e-12,nan
2019000305413_Node0_Node8_Zero,2019.037989,2022.04918,1,Expiry,0,1.04925114e-12,nan
2019008507020_Node0_Node8_Zero,2019.044408,2022.04918,1,Expiry,0,1.04925114e-12,nan
2019016701211_Node0_Node8_Zero,2019.046547,2022.04918,1,Expiry,0,1.04925114e-12,nan
2019024894842_Node0_Node8_Zero,2019.048527,2022.04918,1,Expiry,0,1.04925114e-12,nan
2019033088554_Node0_Node8_Zero,2019.052786,2022.04918,1,Expiry,0,1.04925114e-12,nan
2019041280904_Node0_Node8_Zero,2019.054646,2022.04918,1,Expiry,0,1.04925114e-12,nan
2019049475669_Node0_Node8_Zero,2019.056485,2022.131148,1,Expiry,0,0,nan
2019057667972_Node0_Node8_Zero,2019.060712,2022.131148,1,Expiry,0,0,nan
2019065868604_Node0_Node8_Zero,2019.068885,2022.131148,1,Expiry,0,0,nan
2019074064532_Node0_Node8_Zero,2019.077384,2022.131148,1,Expiry,0,0,nan
2019082262819_Node0_Node8_Zero,2019.08577,2022.131148,1,Expiry,0,0,nan
2019090460442_Node0_Node8_Zero,2019.246582,2022.131148,1,Expiry,0,0,nan
2019115052213_Node0_Node8_Zero,2019.252751,2022.131148,1,Expiry,0,0,nan
2019123247242_Node0_Node8_Zero,2019.252751,2022.131148,1,Expiry,0,0,nan
2019131446246_Node0_Node8_Zero,2019.271358,2022.213115,1,Expiry,0,0,nan
2019139644016_Node0_Node8_Zero,2019.271358,2022.213115,1,Expiry,0,0,nan
2019147840723_Node0_Node8_Zero,2019.275458,2022.213115,1,Expiry,0,0,nan
2019156035200_Node0_Node8_Zero,2019.275458,2022.213115,1,Expiry,0,0,nan
2019164236445_Node0_Node8_Zero,2019.2775,2022.213115,1,Expiry,0,0,nan
2019172436263_Node0_Node8_Zero,2019.2775,2022.213115,1,Expiry,0,0,nan
2019180632932_Node0_Node8_Zero,2019.279443,2022.213115,1,Expiry,0,0,nan
2019188826927_Node0_Node8_Zero,2019.279443,2022.213115,1,Expiry,0,0,nan
2019197023870_Node0_Node8_Zero,2019.281425,2022.213115,1,Expiry,0,0,nan
2019205221968_Node0_Node8_Zero,2019.281425,2022.213115,1,Expiry,0,0,nan
2019213421143_Node0_Node8_Zero,2019.283408,2022.295082,1,Expiry,0,1.04925114e-12,nan
2019221613891_Node0_Node8_Zero,2019.283408,2022.295082,1,Expiry,0,1.04925114e-12,nan
2019229807524_Node0_Node8_Zero,2019.28959,2022.295082,1,Expiry,0,1.04925114e-12,nan
2019238002632_Node0_Node8_Zero,2019.28959,2022.295082,1,Expiry,0,1.04925114e-12,nan
2019246196667_Node0_Node8_Zero,2019.291533,2022.295082,1,Expiry,0,1.04925114e-12,nan
2019254394730_Node0_Node8_Zero,2019.291533,2022.295082,1,Expiry,0,1.04925114e-12,nan
2019262588238_Node0_Node8_Zero,2019.293495,2022.295082,1,Expiry,0,1.04925114e-12,nan
2019270785542_Node0_Node8_Zero,2019.293495,2022.295082,1,Expiry,0,1.04925114e-12,nan
2019278981638_Node0_Node8_Zero,2019.295418,2022.295082,1,Expiry,0,1.04925114e-12,nan
2019287177323_Node0_Node8_Zero,2019.295418,2022.295082,1,Expiry,0,1.04925114e-12,nan
2019295374405_Node0_Node8_Zero,2019.298303,2022.377049,1,Expiry,0,0,nan
2019303572510_Node0_Node8_Zero,2019.306749,2022.377049,1,Expiry,0,0,nan
2019311766681_Node0_Node8_Zero,2019.314393,2022.377049,1,Expiry,0,0,nan
2019319967124_Node0_Node8_Zero,2019.322137,2022.377049,1,Expiry,0,0,nan
2019328165907_Node0_Node8_Zero,2019.629388,2022.377049,1,Expiry,0,0,nan
2019336358146_Node0_Node8_Zero,2020.186072,2022.377049,1,Expiry,0,0,nan
2019344557621_Node0_Node8_Zero,2020.186072,2022.377049,1,Expiry,0,0,nan
2019352753738_Node0_Node8_Zero,2020.188015,2022.377049,1,Expiry,0,0,nan
2019360953655_Node0_Node8_Zero,2020.188015,2022.377049,1,Expiry,0,0,nan
2019369148745_Node0_Node8_Zero,2020.190057,2022.377049,1,Expiry,0,0,nan
2019377348520_Node0_Node8_Zero,2020.190057,2022.459016,1,Expiry,0,0,nan
2019385545164_Node0_Node8_Zero,2020.202501,2022.459016,1,Expiry,0,0,nan
2019393741034_Node0_Node8_Zero,2020.202501,2022.459016,1,Expiry,0,0,nan
2019401936569_Node0_Node8_Zero,2020.204424,2022.459016,1,Expiry,0,0,nan
2019410129876_Node0_Node8_Zero,2020.204424,2022.459016,1,Expiry,0,0,nan
2019418324311_Node0_Node8_Zero,2020.206406,2022.459016,1,Expiry,0,0,nan
2019426525988_Node0_Node8_Zero,2020.206406,2022.459016,1,Expiry,0,0,nan
2019434726824_Node0_Node8_Zero,2020.208389,2022.459016,1,Expiry,0,0,nan
2019442928289_Node0_Node8_Zero,2020.208389,2022.459016,1,Expiry,0,0,nan
2019451129278_Node0_Node8_Zero,2020.216574,2022.459016,1,Expiry,0,0,nan
2019459323755_Node0_Node8_Zero,2020.216574,2022.540984,1,Expiry,0,0,nan
2019467522893_Node0_Node8_Zero,2020.218596,2022.540984,1,Expiry,0,0,nan
2019475720561_Node0_Node8_Zero,2020.218596,2022.540984,1,Expiry,0,0,nan
2019483917020_Node0_Node8_Zero,2020.220439,2022.540984,1,Expiry,0,0,nan
2019492112116_Node0_Node8_Zero,2020.220439,2022.540984,1,Expiry,0,0,nan
2019500307867_Node0_Node8_Zero,2020.222401,2022.540984,1,Expiry,0,0,nan
2019508502175_Node0_Node8_Zero,2020.222401,2022.540984,1,Expiry,0,0,nan
2019516699434_Node0_Node8_Zero,2020.224264,2022.540984,1,Expiry,0,0,nan
2019524891349_Node0_Node8_Zero,2020.224264,2022.540984,1,Expiry,0,0,nan
2019533091900_Node0_Node8_Zero,2020.228203,2022.540984,1,Expiry,0,0,nan
2019541286363_Node0_Node8_Zero,2020.228203,2022.622951,1,Expiry,0,0,nan
2019549484568_Node0_Node8_Zero,2020.232308,2022.622951,1,Expiry,0,0,nan
2019557683922_Node0_Node8_Zero,2020.232308,2022.622951,1,Expiry,0,0,nan
2019565880729_Node0_Node8_Zero,2020.234231,2022.622951,1,Expiry,0,0,nan
2019574080206_Node0_Node8_Zero,2020.234231,2022.622951,1,Expiry,0,0,nan
2019582274091_Node0_Node8_Zero,2020.236054,2022.622951,1,Expiry,0,0,nan
2019590473548_Node0_Node8_Zero,2020.236054,2022.622951,1,Expiry,0,0,nan
2019598666385_Node0_Node8_Zero,2020.244424,2022.622951,1,Expiry,0,0,nan
2019606862329_Node0_Node8_Zero,2020.244424,2022.622951,1,Expiry,0,0,nan
2019615058775_Node0_Node8_Zero,2020.246266,2022.622951,1,Expiry,0,0,nan
2019623253971_Node0_Node8_Zero,2020.246266,2022.704918,1,Expiry,0,0,nan
2019631447417_Node0_Node8_Zero,2020.248289,2022.704918,1,Expiry,0,0,nan
2019639648701_Node0_Node8_Zero,2020.248289,2022.704918,1,Expiry,0,0,nan
2019647842741_Node0_Node8_Zero,2020.250291,2022.704918,1,Expiry,0,0,nan
2019656043314_Node0_Node8_Zero,2020.250291,2022.704918,1,Expiry,0,0,nan
2019664239156_Node0_Node8_Zero,2020.252194,2022.704918,1,Expiry,0,0,nan
2019672431811_Node0_Node8_Zero,2020.252194,2022.704918,1,Expiry,0,0,nan
2019680629318_Node0_Node8_Zero,2020.254157,2022.704918,1,Expiry,0,0,nan
2019688823486_Node0_Node8_Zero,2020.254157,2022.704918,1,Expiry,0,0,nan
2019697024037_Node0_Node8_Zero,2020.256119,2022.704918,1,Expiry,0,0,nan
2019705223907_Node0_Node8_Zero,2020.256119,2022.786885,1,Expiry,0,0,nan
2019713423585_Node0_Node8_Zero,2020.258062,2022.786885,1,Expiry,0,0,nan
2019721621270_Node0_Node8_Zero,2020.258062,2022.786885,1,Expiry,0,0,nan
2019729817838_Node0_Node8_Zero,2020.259904,2022.786885,1,Expiry,0,0,nan
2019738014695_Node0_Node8_Zero,2020.259904,2022.786885,1,Expiry,0,0,nan
2019746210116_Node0_Node8_Zero,2020.263744,2022.786885,1,Expiry,0,0,nan
2019754407606_Node0_Node8_Zero,2020.263744,2022.786885,1,Expiry,0,0,nan
2019762599855_Node0_Node8_Zero,2020.265706,2022.786885,1,Expiry,0,0,nan
2019770799095_Node0_Node8_Zero,2020.265706,2022.786885,1,Expiry,0,0,nan
2019779000691_Node0_Node8_Zero,2020.275853,2022.786885,1,Expiry,0,0,nan
2019787199816_Node0_Node8_Zero,2020.275853,2022.868852,1,Expiry,0,0,nan
2019795397270_Node0_Node8_Zero,2020.277716,2022.868852,1,Expiry,0,0,nan
2019803597361_Node0_Node8_Zero,2020.277716,2022.868852,1,Expiry,0,0,nan
2019811793714_Node0_Node8_Zero,2020.279639,2022.868852,1,Expiry,0,0,nan
2019819992042_Node0_Node8_Zero,2020.279639,2022.868852,1,Expiry,0,0,nan
2019828190212_Node0_Node8_Zero,2020.281461,2022.868852,1,Expiry,0,0,nan
2019836384600_Node0_Node8_Zero,2020.281461,2022.868852,1,Expiry,0,0,nan
2019844582156_Node0_Node8_Zero,2020.283364,2022.868852,1,Expiry,0,0,nan
2019852779346_Node0_Node8_Zero,2020.283364,2022.868852,1,Expiry,0,0,nan
2019860980839_Node0_Node8_Zero,2020.287129,2022.868852,1,Expiry,0,0,nan
2019869182332_Node0_Node8_Zero,2020.287129,2022.95082,1,Expiry,0,0,nan
2019877376274_Node0_Node8_Zero,2020.289011,2022.95082,1,Expiry,0,0,nan
2019885575269_Node0_Node8_Zero,2020.289011,2022.95082,1,Expiry,0,0,nan
2019893771733_Node0_Node8_Zero,2020.29703,2022.95082,1,Expiry,0,0,nan
2019901971331_Node0_Node8_Zero,2020.29703,2022.95082,1,Expiry,0,0,nan
2019910172358_Node0_Node8_Zero,2020.298853,2022.95082,1,Expiry,0,0,nan
2019918364780_Node0_Node8_Zero,2020.298853,2022.95082,1,Expiry,0,0,nan
2019926563344_Node0_Node8_Zero,2020.300795,2022.95082,1,Expiry,0,0,nan
2019934756266_Node0_Node8_Zero,2020.300795,2022.95082,1,Expiry,0,0,nan
2019942953976_Node0_Node8_Zero,2020.302798,2022.95082,1,Expiry,0,0,nan
2019951149221_Node0_Node8_Zero,2020.302798,2023.032787,1,Expiry,0,0,nan
2019959347612_Node0_Node8_Zero,2020.30462,2023.032787,1,Expiry,0,0,nan
2019967547242_Node0_Node8_Zero,2020.30462,2023.032787,1,Expiry,0,0,nan
2019975748945_Node0_Node8_Zero,2020.306583,2023.032787,1,Expiry,0,0,nan
2019983946137_Node0_Node8_Zero,2020.306583,2023.032787,1,Expiry,0,0,nan
2019992138846_Node0_Node8_Zero,2020.310648,2023.032787,1,Expiry,0,0,nan
2020000331341_Node0_Node8_Zero,2020.310648,2023.032787,1,Expiry,0,0,nan
2020008524353_Node0_Node8_Zero,2020.312551,2023.032787,1,Expiry,0,0,nan
2020016718194_Node0_Node8_Zero,2020.312551,2023.032787,1,Expiry,0,0,nan
2020024912504_Node0_Node8_Zero,2020.314493,2023.032787,1,Expiry,0,0,nan
2020033108752_Node0_Node8_Zero,2020.314493,2023.114754,1,Expiry,0,5.258698200000001e-13,nan
2020041303755_Node0_Node8_Zero,2020.316496,2023.114754,1,Expiry,0,5.258698200000001e-13,nan
2020049495734_Node0_Node8_Zero,2020.316496,2023.114754,1,Expiry,0,5.258698200000001e-13,nan
2020057690014_Node0_Node8_Zero,2020.318358,2023.114754,1,Expiry,0,5.258698200000001e-13,nan
2020065886149_Node0_Node8_Zero,2020.318358,2023.114754,1,Expiry,0,5.258698200000001e-13,nan
2020074083394_Node0_Node8_Zero,2020.326569,2023.114754,1,Expiry,0,5.258698200000001e-13,nan
2020082282795_Node0_Node8_Zero,2020.326569,2023.114754,1,Expiry,0,5.258698200000001e-13,nan
2020090483400_Node0_Node8_Zero,2020.328511,2023.114754,1,Expiry,0,5.258698200000001e-13,nan
2020098679102_Node0_Node8_Zero,2020.328511,2023.114754,1,Expiry,0,5.258698200000001e-13,nan
2020106872643_Node0_Node8_Zero,2020.330454,2023.114754,1,Expiry,0,5.258698200000001e-13,nan
2020115067991_Node0_Node8_Zero,2020.330454,2023.196721,1,Expiry,0,1.04925114e-12,nan
2020123268983_Node0_Node8_Zero,2020.332296,2023.196721,1,Expiry,0,1.04925114e-12,nan
2020131466221_Node0_Node8_Zero,2020.332296,2023.196721,1,Expiry,0,1.04925114e-12,nan
2020139667432_Node0_Node8_Zero,2020.334139,2023.196721,1,Expiry,0,1.04925114e-12,nan
2020147859472_Node0_Node8_Zero,2020.334139,2023.196721,1,Expiry,0,1.04925114e-12,nan
2020156060805_Node0_Node8_Zero,2020.338264,2023.196721,1,Expiry,0,1.04925114e-12,nan
2020164254577_Node0_Node8_Zero,2020.338264,2023.196721,1,Expiry,0,1.04925114e-12,nan
2020172450897_Node0_Node8_Zero,2020.340187,2023.196721,1,Expiry,0,1.04925114e-12,nan
2020180651197_Node0_Node8_Zero,2020.340187,2023.196721,1,Expiry,0,1.04925114e-12,nan
2020188846917_Node0_Node8_Zero,2020.346114,2023.196721,1,Expiry,0,1.04925114e-12,nan
2020197038985_Node0_Node8_Zero,2020.346114,2023.278689,1,Expiry,0,0,nan
2020205238623_Node0_Node8_Zero,2020.350339,2023.278689,1,Expiry,0,0,nan
2020213431974_Node0_Node8_Zero,2020.350339,2023.278689,1,Expiry,0,0,nan
2020221628538_Node0_Node8_Zero,2020.352302,2023.278689,1,Expiry,0,0,nan
2020229829503_Node0_Node8_Zero,2020.352302,2023.278689,1,Expiry,0,0,nan
2020238029078_Node0_Node8_Zero,2020.356341,2023.278689,1,Expiry,0,0,nan
2020246223009_Node0_Node8_Zero,2020.356341,2023.278689,1,Expiry,0,0,nan
2020254420892_Node0_Node8_Zero,2020.360261,2023.278689,1,Expiry,0,0,nan
2020262614630_Node0_Node8_Zero,2020.360261,2023.278689,1,Expiry,0,0,nan
2020270812012_Node0_Node8_Zero,2020.362243,2023.278689,1,Expiry,0,0,nan
2020279005673_Node0_Node8_Zero,2020.362243,2023.360656,1,Expiry,0,0,nan
2020287202679_Node0_Node8_Zero,2020.370362,2023.360656,1,Expiry,0,0,nan
2020295396531_Node0_Node8_Zero,2020.370362,2023.360656,1,Expiry,0,0,nan
2020303588715_Node0_Node8_Zero,2020.372485,2023.360656,1,Expiry,0,0,nan
2020311784571_Node0_Node8_Zero,2020.372485,2023.360656,1,Expiry,0,0,nan
2020319982599_Node0_Node8_Zero,2020.374327,2023.360656,1,Expiry,0,0,nan
2020328181304_Node0_Node8_Zero,2020.374327,2023.360656,1,Expiry,0,0,nan
2020336373609_Node0_Node8_Zero,2020.37645,2023.360656,1,Expiry,0,0,nan
2020344566475_Node0_Node8_Zero,2020.37645,2023.360656,1,Expiry,0,0,nan
2020352762627_Node0_Node8_Zero,2020.382426,2023.360656,1,Expiry,0,0,nan
2020360964213_Node0_Node8_Zero,2020.382426,2023.442623,1,Expiry,0,0,nan
2020369157945_Node0_Node8_Zero,2020.386306,2023.442623,1,Expiry,0,0,nan
2020377351585_Node0_Node8_Zero,2020.386306,2023.442623,1,Expiry,0,0,nan
2020385553057_Node0_Node8_Zero,2020.387488,2023.442623,1,Expiry,0,0,nan
2020393746877_Node0_Node8_Zero,2020.395052,2023.442623,1,Expiry,0,0,nan
2020401940742_Node0_Node8_Zero,2020.407021,2023.442623,1,Expiry,0,0,nan
2020410141887_Node0_Node8_Zero,2020.411657,2023.442623,1,Expiry,0,0,nan
2020418337262_Node0_Node8_Zero,2021.060103,2023.442623,1,Expiry,0,0,nan
2020426536612_Node0_Node8_Zero,2021.139434,2023.442623,1,Expiry,0,0,nan
2020434734550_Node0_Node8_Zero,2021.139434,2023.442623,1,Expiry,0,0,nan
2020442929183_Node0_Node8_Zero,2021.141416,2023.52459,1,Expiry,0,5.258698200000001e-13,nan
2020451125472_Node0_Node8_Zero,2021.141416,2023.52459,1,Expiry,0,5.258698200000001e-13,nan
2020459325883_Node0_Node8_Zero,2021.143419,2023.52459,1,Expiry,0,5.258698200000001e-13,nan
2020467518653_Node0_Node8_Zero,2021.143419,2023.52459,1,Expiry,0,5.258698200000001e-13,nan
2020475715457_Node0_Node8_Zero,2021.145341,2023.52459,1,Expiry,0,5.258698200000001e-13,nan
2020483907965_Node0_Node8_Zero,2021.145341,2023.52459,1,Expiry,0,5.258698200000001e-13,nan
2020492108255_Node0_Node8_Zero,2021.149381,2023.52459,1,Expiry,0,5.258698200000001e-13,nan
2020500305933_Node0_Node8_Zero,2021.149381,2023.52459,1,Expiry,0,5.258698200000001e-13,nan
2020508506675_Node0_Node8_Zero,2021.151263,2023.52459,1,Expiry,0,5.258698200000001e-13,nan
2020516707801_Node0_Node8_Zero,2021.151263,2023.52459,1,Expiry,0,5.258698200000001e-13,nan
2020524908013_Node0_Node8_Zero,2021.153086,2023.606557,1,Expiry,0,5.258698200000001e-13,nan
2020533107712_Node0_Node8_Zero,2021.153086,2023.606557,1,Expiry,0,5.258698200000001e-13,nan
2020541300770_Node0_Node8_Zero,2021.155088,2023.606557,1,Expiry,0,5.258698200000001e-13,nan
2020549500990_Node0_Node8_Zero,2021.155088,2023.606557,1,Expiry,0,5.258698200000001e-13,nan
2020557697157_Node0_Node8_Zero,2021.157111,2023.606557,1,Expiry,0,5.258698200000001e-13,nan
2020565891413_Node0_Node8_Zero,2021.157111,2023.606557,1,Expiry,0,5.258698200000001e-13,nan
2020574089168_Node0_Node8_Zero,2021.159094,2023.606557,1,Expiry,0,5.258698200000001e-13,nan
2020582287336_Node0_Node8_Zero,2021.159094,2023.606557,1,Expiry,0,5.258698200000001e-13,nan
2020590485076_Node0_Node8_Zero,2021.163219,2023.606557,1,Expiry,0,5.258698200000001e-13,nan
2020598680099_Node0_Node8_Zero,2021.163219,2023.606557,1,Expiry,0,5.258698200000001e-13,nan
2020606875428_Node0_Node8_Zero,2021.165181,2023.688525,1,Expiry,0,0,nan
2020615071179_Node0_Node8_Zero,2021.165181,2023.688525,1,Expiry,0,0,nan
2020623271057_Node0_Node8_Zero,2021.167224,2023.688525,1,Expiry,0,0,nan
2020631472282_Node0_Node8_Zero,2021.167224,2023.688525,1,Expiry,0,0,nan
2020639666698_Node0_Node8_Zero,2021.169166,2023.688525,1,Expiry,0,0,nan
2020647860913_Node0_Node8_Zero,2021.169166,2023.688525,1,Expiry,0,0,nan
2020656057819_Node0_Node8_Zero,2021.173106,2023.688525,1,Expiry,0,0,nan
2020664259069_Node0_Node8_Zero,2021.173106,2023.688525,1,Expiry,0,0,nan
2020672457421_Node0_Node8_Zero,2021.175108,2023.688525,1,Expiry,0,0,nan
2020680658512_Node0_Node8_Zero,2021.175108,2023.688525,1,Expiry,0,0,nan
2020688850555_Node0_Node8_Zero,2021.179134,2023.770492,1,Expiry,0,0,nan
2020697042562_Node0_Node8_Zero,2021.179134,2023.770492,1,Expiry,0,0,nan
2020705236300_Node0_Node8_Zero,2021.181036,2023.770492,1,Expiry,0,0,nan
2020713429749_Node0_Node8_Zero,2021.181036,2023.770492,1,Expiry,0,0,nan
2020721626199_Node0_Node8_Zero,2021.184836,2023.770492,1,Expiry,0,0,nan
2020729821126_Node0_Node8_Zero,2021.184836,2023.770492,1,Expiry,0,0,nan
2020738015160_Node0_Node8_Zero,2021.186758,2023.770492,1,Expiry,0,0,nan
2020746212808_Node0_Node8_Zero,2021.186758,2023.770492,1,Expiry,0,0,nan
2020754412008_Node0_Node8_Zero,2021.190763,2023.770492,1,Expiry,0,0,nan
2020762606489_Node0_Node8_Zero,2021.190763,2023.770492,1,Expiry,0,0,nan
2020770802814_Node0_Node8_Zero,2021.194703,2023.852459,1,Expiry,0,1.04925114e-12,nan
2020779002652_Node0_Node8_Zero,2021.194703,2023.852459,1,Expiry,0,1.04925114e-12,nan
2020787203835_Node0_Node8_Zero,2021.196745,2023.852459,1,Expiry,0,1.04925114e-12,nan
2020795404137_Node0_Node8_Zero,2021.196745,2023.852459,1,Expiry,0,1.04925114e-12,nan
2020803601358_Node0_Node8_Zero,2021.198668,2023.852459,1,Expiry,0,1.04925114e-12,nan
2020811796516_Node0_Node8_Zero,2021.198668,2023.852459,1,Expiry,0,1.04925114e-12,nan
2020819993435_Node0_Node8_Zero,2021.20057,2023.852459,1,Expiry,0,1.04925114e-12,nan
2020828187176_Node0_Node8_Zero,2021.20057,2023.852459,1,Expiry,0,1.04925114e-12,nan
2020836380899_Node0_Node8_Zero,2021.214497,2023.852459,1,Expiry,0,1.04925114e-12,nan
2020844581862_Node0_Node8_Zero,2021.214497,2023.852459,1,Expiry,0,1.04925114e-12,nan
2020852775653_Node0_Node8_Zero,2021.220733,2023.934426,1,Expiry,0,0,nan
2020860975899_Node0_Node8_Zero,2021.220733,2023.934426,1,Expiry,0,0,nan
2020869173084_Node0_Node8_Zero,2021.222596,2023.934426,1,Expiry,0,0,nan
2020877372291_Node0_Node8_Zero,2021.222596,2023.934426,1,Expiry,0,0,nan
2020885571695_Node0_Node8_Zero,2021.224658,2023.934426,1,Expiry,0,0,nan
2020893766031_Node0_Node8_Zero,2021.224658,2023.934426,1,Expiry,0,0,nan
2020901964616_Node0_Node8_Zero,2021.226661,2023.934426,1,Expiry,0,0,nan
2020910162838_Node0_Node8_Zero,2021.226661,2023.934426,1,Expiry,0,0,nan
2020918356661_Node0_Node8_Zero,2021.228763,2023.934426,1,Expiry,0,0,nan
2020926558031_Node0_Node8_Zero,2021.228763,2023.934426,1,Expiry,0,0,nan
2020934751175_Node0_Node8_Zero,2021.230766,2024.016393,1,Expiry,0,1.04925114e-12,nan
2020942948436_Node0_Node8_Zero,2021.230766,2024.016393,1,Expiry,0,1.04925114e-12,nan
2020951145690_Node0_Node8_Zero,2021.232789,2024.016393,1,Expiry,0,1.04925114e-12,nan
2020959343248_Node0_Node8_Zero,2021.232789,2024.016393,1,Expiry,0,1.04925114e-12,nan
2020967541943_Node0_Node8_Zero,2021.234631,2024.016393,1,Expiry,0,1.04925114e-12,nan
2020975740825_Node0_Node8_Zero,2021.234631,2024.016393,1,Expiry,0,1.04925114e-12,nan
2020983942112_Node0_Node8_Zero,2021.236634,2024.016393,1,Expiry,0,1.04925114e-12,nan
2020992140372_Node0_Node8_Zero,2021.236634,2024.016393,1,Expiry,0,1.04925114e-12,nan
2021000339878_Node0_Node8_Zero,2021.240613,2024.016393,1,Expiry,0,1.04925114e-12,nan
2021008535395_Node0_Node8_Zero,2021.240613,2024.016393,1,Expiry,0,1.04925114e-12,nan
2021016728644_Node0_Node8_Zero,2021.242456,2024.098361,1,Expiry,0,0,nan
2021024923555_Node0_Node8_Zero,2021.242456,2024.098361,1,Expiry,0,0,nan
2021033117198_Node0_Node8_Zero,2021.244278,2024.098361,1,Expiry,0,0,nan
2021041317647_Node0_Node8_Zero,2021.244278,2024.098361,1,Expiry,0,0,nan
2021049517392_Node0_Node8_Zero,2021.252537,2024.098361,1,Expiry,0,0,nan
2021057713798_Node0_Node8_Zero,2021.252537,2024.098361,1,Expiry,0,0,nan
2021065915201_Node0_Node8_Zero,2021.25448,2024.098361,1,Expiry,0,0,nan
2021074111625_Node0_Node8_Zero,2021.25448,2024.098361,1,Expiry,0,0,nan
2021082309058_Node0_Node8_Zero,2021.260522,2024.098361,1,Expiry,0,0,nan
2021090507563_Node0_Node8_Zero,2021.260522,2024.098361,1,Expiry,0,0,nan
2021098707862_Node0_Node8_Zero,2021.262464,2024.180328,1,Expiry,0,0,nan
2021106905943_Node0_Node8_Zero,2021.262464,2024.180328,1,Expiry,0,0,nan
2021115102382_Node0_Node8_Zero,2021.264567,2024.180328,1,Expiry,0,0,nan
2021123303964_Node0_Node8_Zero,2021.264567,2024.180328,1,Expiry,0,0,nan
2021131500727_Node0_Node8_Zero,2021.266429,2024.180328,1,Expiry,0,0,nan
2021139693546_Node0_Node8_Zero,2021.266429,2024.180328,1,Expiry,0,0,nan
2021147894144_Node0_Node8_Zero,2021.268272,2024.180328,1,Expiry,0,0,nan
2021156094745_Node0_Node8_Zero,2021.268272,2024.180328,1,Expiry,0,0,nan
2021164294757_Node0_Node8_Zero,2021.270195,2024.180328,1,Expiry,0,0,nan
2021172492673_Node0_Node8_Zero,2021.270195,2024.180328,1,Expiry,0,0,nan
2021180692750_Node0_Node8_Zero,2021.272277,2024.262295,1,Expiry,0,0,nan
2021188885989_Node0_Node8_Zero,2021.272277,2024.262295,1,Expiry,0,0,nan
2021197078457_Node0_Node8_Zero,2021.282724,2024.262295,1,Expiry,0,0,nan
2021205279439_Node0_Node8_Zero,2021.282724,2024.262295,1,Expiry,0,0,nan
2021213478812_Node0_Node8_Zero,2021.284587,2024.262295,1,Expiry,0,0,nan
2021221678976_Node0_Node8_Zero,2021.284587,2024.262295,1,Expiry,0,0,nan
2021229871714_Node0_Node8_Zero,2021.288586,2024.262295,1,Expiry,0,0,nan
2021238072503_Node0_Node8_Zero,2021.288586,2024.262295,1,Expiry,0,0,nan
2021246270794_Node0_Node8_Zero,2021.290409,2024.262295,1,Expiry,0,0,nan
2021254468199_Node0_Node8_Zero,2021.290409,2024.262295,1,Expiry,0,0,nan
2021262663006_Node0_Node8_Zero,2021.292371,2024.344262,1,Expiry,0,0,nan
2021270855929_Node0_Node8_Zero,2021.292371,2024.344262,1,Expiry,0,0,nan
2021279055535_Node0_Node8_Zero,2021.296397,2024.344262,1,Expiry,0,0,nan
2021287250036_Node0_Node8_Zero,2021.296397,2024.344262,1,Expiry,0,0,nan
2021295449789_Node0_Node8_Zero,2021.297379,2024.344262,1,Expiry,0,0,nan
2021303648613_Node0_Node8_Zero,2021.355019,2024.344262,1,Expiry,0,0,nan
2021311848221_Node0_Node8_Zero,2021.725804,2024.344262,1,Expiry,0,0,nan
2021320044131_Node0_Node8_Zero,2021.725804,2024.344262,1,Expiry,0,0,nan
2021328237978_Node0_Node8_Zero,2021.728768,2024.344262,1,Expiry,0,0,nan
2021336436537_Node0_Node8_Zero,2021.728768,2024.344262,1,Expiry,0,0,nan
2021344637126_Node0_Node8_Zero,2021.732628,2024.42623,1,Expiry,0,1.04925114e-12,nan
2021352837863_Node0_Node8_Zero,2021.732628,2024.42623,1,Expiry,0,1.04925114e-12,nan
2021361035521_Node0_Node8_Zero,2021.736773,2024.42623,1,Expiry,0,1.04925114e-12,nan
2021369232885_Node0_Node8_Zero,2021.736773,2024.42623,1,Expiry,0,1.04925114e-12,nan
2021377427821_Node0_Node8_Zero,2021.738716,2024.42623,1,Expiry,0,1.04925114e-12,nan
2021385625912_Node0_Node8_Zero,2021.738716,2024.42623,1,Expiry,0,1.04925114e-12,nan
2021393824280_Node0_Node8_Zero,2021.740778,2024.42623,1,Expiry,0,1.04925114e-12,nan
2021402018305_Node0_Node8_Zero,2021.740778,2024.42623,1,Expiry,0,1.04925114e-12,nan
2021410218411_Node0_Node8_Zero,2021.742801,2024.42623,1,Expiry,0,1.04925114e-12,nan
2021418416869_Node0_Node8_Zero,2021.742801,2024.42623,1,Expiry,0,1.04925114e-12,nan
2021426616405_Node0_Node8_Zero,2021.753182,2024.508197,1,Expiry,0,1.04925114e-12,nan
2021434813657_Node0_Node8_Zero,2021.753182,2024.508197,1,Expiry,0,1.04925114e-12,nan
2021443012036_Node0_Node8_Zero,2021.755185,2024.508197,1,Expiry,0,1.04925114e-12,nan
2021451209329_Node0_Node8_Zero,2021.755185,2024.508197,1,Expiry,0,1.04925114e-12,nan
2021459401636_Node0_Node8_Zero,2021.763464,2024.508197,1,Expiry,0,1.04925114e-12,nan
2021467594771_Node0_Node8_Zero,2021.763464,2024.508197,1,Expiry,0,1.04925114e-12,nan
2021475795113_Node0_Node8_Zero,2021.767403,2024.508197,1,Expiry,0,1.04925114e-12,nan
2021483989674_Node0_Node8_Zero,2021.767403,2024.508197,1,Expiry,0,1.04925114e-12,nan
2021492183133_Node0_Node8_Zero,2021.769406,2024.508197,1,Expiry,0,1.04925114e-12,nan
2021500378548_Node0_Node8_Zero,2021.769406,2024.508197,1,Expiry,0,1.04925114e-12,nan
2021508577211_Node0_Node8_Zero,2021.771248,2024.590164,1,Expiry,0,1.04925114e-12,nan
2021516775995_Node0_Node8_Zero,2021.771248,2024.590164,1,Expiry,0,1.04925114e-12,nan
2021524973848_Node0_Node8_Zero,2021.775113,2024.590164,1,Expiry,0,1.04925114e-12,nan
2021533170172_Node0_Node8_Zero,2021.775113,2024.590164,1,Expiry,0,1.04925114e-12,nan
2021541366225_Node0_Node8_Zero,2021.777096,2024.590164,1,Expiry,0,1.04925114e-12,nan
2021549565777_Node0_Node8_Zero,2021.777096,2024.590164,1,Expiry,0,1.04925114e-12,nan
2021557760956_Node0_Node8_Zero,2021.783303,2024.590164,1,Expiry,0,1.04925114e-12,nan
2021565960955_Node0_Node8_Zero,2021.783303,2024.590164,1,Expiry,0,1.04925114e-12,nan
2021574159482_Node0_Node8_Zero,2021.785266,2024.590164,1,Expiry,0,1.04925114e-12,nan
2021582356073_Node0_Node8_Zero,2021.785266,2024.590164,1,Expiry,0,1.04925114e-12,nan
2021590550624_Node0_Node8_Zero,2021.789231,2024.672131,1,Expiry,0,1.04925114e-12,nan
2021598752254_Node0_Node8_Zero,2021.789231,2024.672131,1,Expiry,0,1.04925114e-12,nan
2021606950294_Node0_Node8_Zero,2021.791234,2024.672131,1,Expiry,0,1.04925114e-12,nan
2021615144468_Node0_Node8_Zero,2021.791234,2024.672131,1,Expiry,0,1.04925114e-12,nan
2021623340895_Node0_Node8_Zero,2021.793116,2024.672131,1,Expiry,0,1.04925114e-12,nan
2021631538150_Node0_Node8_Zero,2021.793116,2024.672131,1,Expiry,0,1.04925114e-12,nan
2021639737294_Node0_Node8_Zero,2021.794979,2024.672131,1,Expiry,0,1.04925114e-12,nan
2021647936929_Node0_Node8_Zero,2021.794979,2024.672131,1,Expiry,0,1.04925114e-12,nan
2021656137461_Node0_Node8_Zero,2021.796961,2024.672131,1,Expiry,0,1.04925114e-12,nan
2021664331978_Node0_Node8_Zero,2021.796961,2024.672131,1,Expiry,0,1.04925114e-12,nan
2021672524651_Node0_Node8_Zero,2021.798804,2024.754098,1,Expiry,0,1.04925114e-12,nan
2021680720659_Node0_Node8_Zero,2021.798804,2024.754098,1,Expiry,0,1.04925114e-12,nan
2021688922334_Node0_Node8_Zero,2021.800747,2024.754098,1,Expiry,0,1.04925114e-12,nan
2021697117995_Node0_Node8_Zero,2021.800747,2024.754098,1,Expiry,0,1.04925114e-12,nan
2021705318472_Node0_Node8_Zero,2021.802689,2024.754098,1,Expiry,0,1.04925114e-12,nan
2021713514971_Node0_Node8_Zero,2021.802689,2024.754098,1,Expiry,0,1.04925114e-12,nan
2021721709645_Node0_Node8_Zero,2021.804552,2024.754098,1,Expiry,0,1.04925114e-12,nan
2021729904779_Node0_Node8_Zero,2021.804552,2024.754098,1,Expiry,0,1.04925114e-12,nan
2021738099226_Node0_Node8_Zero,2021.806514,2024.754098,1,Expiry,0,1.04925114e-12,nan
2021746295476_Node0_Node8_Zero,2021.806514,2024.754098,1,Expiry,0,1.04925114e-12,nan
2021754496302_Node0_Node8_Zero,2021.814539,2024.836066,1,Expiry,0,1.04925114e-12,nan
2021762692751_Node0_Node8_Zero,2021.814539,2024.836066,1,Expiry,0,1.04925114e-12,nan
2021770884485_Node0_Node8_Zero,2021.816441,2024.836066,1,Expiry,0,1.04925114e-12,nan
2021779082208_Node0_Node8_Zero,2021.816441,2024.836066,1,Expiry,0,1.04925114e-12,nan
2021787280700_Node0_Node8_Zero,2021.83305,2024.836066,1,Expiry,0,1.04925114e-12,nan
2021795477984_Node0_Node8_Zero,2021.83305,2024.836066,1,Expiry,0,1.04925114e-12,nan
2021803675589_Node0_Node8_Zero,2021.834913,2024.836066,1,Expiry,0,1.04925114e-12,nan
2021811872778_Node0_Node8_Zero,2021.834913,2024.836066,1,Expiry,0,1.04925114e-12,nan
2021820065256_Node0_Node8_Zero,2021.836916,2024.836066,1,Expiry,0,1.04925114e-12,nan
2021828258524_Node0_Node8_Zero,2021.836916,2024.836066,1,Expiry,0,1.04925114e-12,nan
2021836452073_Node0_Node8_Zero,2021.839901,2024.918033,1,Expiry,0,1.04925114e-12,nan
2021844645288_Node0_Node8_Zero,2021.847525,2024.918033,1,Expiry,0,1.04925114e-12,nan
2021852839526_Node0_Node8_Zero,2021.855374,2024.918033,1,Expiry,0,1.04925114e-12,nan
2021861035401_Node0_Node8_Zero,2021.862498,2024.918033,1,Expiry,0,1.04925114e-12,nan
2021869232226_Node0_Node8_Zero,2022.060342,2024.918033,1,Expiry,0,1.04925114e-12,nan
2021877426026_Node0_Node8_Zero,2022.067298,2024.918033,1,Expiry,0,1.04925114e-12,nan
2021885623939_Node0_Node8_Zero,2022.067298,2024.918033,1,Expiry,0,1.04925114e-12,nan
2021893824958_Node0_Node8_Zero,2022.06938,2024.918033,1,Expiry,0,1.04925114e-12,nan
2021902017857_Node0_Node8_Zero,2022.06938,2024.918033,1,Expiry,0,1.04925114e-12,nan
2021910218529_Node0_Node8_Zero,2022.071203,2024.918033,1,Expiry,0,1.04925114e-12,nan
2021918413812_Node0_Node8_Zero,2022.071203,2025.0,1,Expiry,0,1.04925114e-12,nan
2021926610654_Node0_Node8_Zero,2022.073066,2025.0,1,Expiry,0,1.04925114e-12,nan
2021934802914_Node0_Node8_Zero,2022.073066,2025.0,1,Expiry,0,1.04925114e-12,nan
2021943003887_Node0_Node8_Zero,2022.074948,2025.0,1,Expiry,0,1.04925114e-12,nan
2021951205160_Node0_Node8_Zero,2022.074948,2025.0,1,Expiry,0,1.04925114e-12,nan
2021959401437_Node0_Node8_Zero,2022.077071,2025.0,1,Expiry,0,1.04925114e-12,nan
2021967600634_Node0_Node8_Zero,2022.077071,2025.0,1,Expiry,0,1.04925114e-12,nan
2021975794868_Node0_Node8_Zero,2022.079173,2025.0,1,Expiry,0,1.04925114e-12,nan
2021983992980_Node0_Node8_Zero,2022.079173,2025.0,1,Expiry,0,1.04925114e-12,nan
2021992192766_Node0_Node8_Zero,2022.083073,2025.0,1,Expiry,0,1.04925114e-12,nan
2022000389926_Node0_Node8_Zero,2022.083073,2025.081967,1,Expiry,0,0,nan
2022008587026_Node0_Node8_Zero,2022.087072,2025.081967,1,Expiry,0,0,nan
2022016788658_Node0_Node8_Zero,2022.087072,2025.081967,1,Expiry,0,0,nan
2022024982781_Node0_Node8_Zero,2022.089115,2025.081967,1,Expiry,0,0,nan
2022033177999_Node0_Node8_Zero,2022.089115,2025.081967,1,Expiry,0,0,nan
2022041373829_Node0_Node8_Zero,2022.091097,2025.081967,1,Expiry,0,0,nan
2022049571400_Node0_Node8_Zero,2022.091097,2025.081967,1,Expiry,0,0,nan
2022057764286_Node0_Node8_Zero,2022.09322,2025.081967,1,Expiry,0,0,nan
2022065956591_Node0_Node8_Zero,2022.09322,2025.081967,1,Expiry,0,0,nan
2022074150129_Node0_Node8_Zero,2022.095102,2025.081967,1,Expiry,0,0,nan
2022082346156_Node0_Node8_Zero,2022.095102,2025.163934,1,Expiry,0,1.04925114e-12,nan
2022090539486_Node0_Node8_Zero,2022.098507,2025.163934,1,Expiry,0,1.04925114e-12,nan
2022098735246_Node0_Node8_Zero,2022.107994,2025.163934,1,Expiry,0,1.04925114e-12,nan
2022106936086_Node0_Node8_Zero,2022.143311,2025.163934,1,Expiry,0,1.04925114e-12,nan
2022115134113_Node0_Node8_Zero,2022.145212,2025.163934,1,Expiry,0,1.04925114e-12,nan
2022123327888_Node0_Node8_Zero,2022.145212,2025.163934,1,Expiry,0,1.04925114e-12,nan
2022131527689_Node0_Node8_Zero,2022.147155,2025.163934,1,Expiry,0,1.04925114e-12,nan
2022139725068_Node0_Node8_Zero,2022.147155,2025.163934,1,Expiry,0,1.04925114e-12,nan
2022147919279_Node0_Node8_Zero,2022.150074,2025.163934,1,Expiry,0,1.04925114e-12,nan
2022156112933_Node0_Node8_Zero,2022.191216,2025.163934,1,Expiry,0,1.04925114e-12,nan
2022164304683_Node0_Node8_Zero,2022.193278,2025.245902,1,Expiry,0,1.04925114e-12,nan
2022172498280_Node0_Node8_Zero,2022.193278,2025.245902,1,Expiry,0,1.04925114e-12,nan
2022180694364_Node0_Node8_Zero,2022.1953,2025.245902,1,Expiry,0,1.04925114e-12,nan
2022188886762_Node0_Node8_Zero,2022.1953,2025.245902,1,Expiry,0,1.04925114e-12,nan
2022197081799_Node0_Node8_Zero,2022.198534,2025.245902,1,Expiry,0,1.04925114e-12,nan
2022205276445_Node0_Node8_Zero,2022.210299,2025.245902,1,Expiry,0,1.04925114e-12,nan
2022213471289_Node0_Node8_Zero,2023.37026,2025.245902,1,Expiry,0,1.04925114e-12,nan
2022221667736_Node0_Node8_Zero,2024.420145,2025.245902,1,Expiry,0,1.04925114e-12,nan
2022229860863_Node0_Node8_Zero,2024.420145,2025.245902,1,Expiry,0,1.04925114e-12,nan
2022238053197_Node0_Node8_Zero,2024.421987,2025.245902,1,Expiry,0,1.04925114e-12,nan
2022246246784_Node0_Node8_Zero,2024.421987,2025.327869,1,Expiry,0,0,nan
2022254444683_Node0_Node8_Zero,2024.42385,2025.327869,1,Expiry,0,0,nan
2022262639368_Node0_Node8_Zero,2024.42385,2025.327869,1,Expiry,0,0,nan
2022270831563_Node0_Node8_Zero,2024.425792,2025.327869,1,Expiry,0,0,nan
2022279031628_Node0_Node8_Zero,2024.425792,2025.327869,1,Expiry,0,0,nan
2022287232743_Node0_Node8_Zero,2024.429832,2025.327869,1,Expiry,0,0,nan
2022295427835_Node0_Node8_Zero,2024.429832,2025.327869,1,Expiry,0,0,nan
2022303619860_Node0_Node8_Zero,2024.431854,2025.327869,1,Expiry,0,0,nan
2022311812136_Node0_Node8_Zero,2024.431854,2025.327869,1,Expiry,0,0,nan
2022320004432_Node0_Node8_Zero,2024.436074,2025.327869,1,Expiry,0,0,nan
2022328202395_Node0_Node8_Zero,2024.436074,2025.409836,1,Expiry,0,0,nan
2022336397596_Node0_Node8_Zero,2024.438016,2025.409836,1,Expiry,0,0,nan
2022344589403_Node0_Node8_Zero,2024.438016,2025.409836,1,Expiry,0,0,nan
2022352785920_Node0_Node8_Zero,2024.440079,2025.409836,1,Expiry,0,0,nan
2022360982545_Node0_Node8_Zero,2024.440079,2025.409836,1,Expiry,0,0,nan
2022369175289_Node0_Node8_Zero,2024.442142,2025.409836,1,Expiry,0,0,nan
2022377375793_Node0_Node8_Zero,2024.442142,2025.409836,1,Expiry,0,0,nan
2022385575511_Node0_Node8_Zero,2024.444104,2025.409836,1,Expiry,0,0,nan
2022393772791_Node0_Node8_Zero,2024.444104,2025.409836,1,Expiry,0,0,nan
2022401967662_Node0_Node8_Zero,2024.44994,2025.409836,1,Expiry,0,0,nan
2022410161883_Node0_Node8_Zero,2024.44994,2025.491803,1,Expiry,0,0,nan
2022418362195_Node0_Node8_Zero,2024.451903,2025.491803,1,Expiry,0,0,nan
2022426557933_Node0_Node8_Zero,2024.451903,2025.491803,1,Expiry,0,0,nan
2022434758167_Node0_Node8_Zero,2024.453906,2025.491803,1,Expiry,0,0,nan
2022442950688_Node0_Node8_Zero,2024.453906,2025.491803,1,Expiry,0,0,nan
2022451145258_Node0_Node8_Zero,2024.455868,2025.491803,1,Expiry,0,0,nan
2022459338695_Node0_Node8_Zero,2024.455868,2025.491803,1,Expiry,0,0,nan
2022467537044_Node0_Node8_Zero,2024.457711,2025.491803,1,Expiry,0,0,nan
2022475729895_Node0_Node8_Zero,2024.457711,2025.491803,1,Expiry,0,0,nan
2022483923728_Node0_Node8_Zero,2024.459573,2025.491803,1,Expiry,0,0,nan
2022492119562_Node0_Node8_Zero,2024.459573,2025.57377,1,Expiry,0,1.04925114e-12,nan
2022500315491_Node0_Node8_Zero,2024.463378,2025.57377,1,Expiry,0,1.04925114e-12,nan
2022508510058_Node0_Node8_Zero,2024.463378,2025.57377,1,Expiry,0,1.04925114e-12,nan
2022516710229_Node0_Node8_Zero,2024.471523,2025.57377,1,Expiry,0,1.04925114e-12,nan
2022524908146_Node0_Node8_Zero,2024.471523,2025.57377,1,Expiry,0,1.04925114e-12,nan
2022533103802_Node0_Node8_Zero,2024.473465,2025.57377,1,Expiry,0,1.04925114e-12,nan
2022541302171_Node0_Node8_Zero,2024.473465,2025.57377,1,Expiry,0,1.04925114e-12,nan
2022549501084_Node0_Node8_Zero,2024.477625,2025.57377,1,Expiry,0,1.04925114e-12,nan
2022557699693_Node0_Node8_Zero,2024.477625,2025.57377,1,Expiry,0,1.04925114e-12,nan
2022565899353_Node0_Node8_Zero,2024.479487,2025.57377,1,Expiry,0,1.04925114e-12,nan
2022574093800_Node0_Node8_Zero,2024.479487,2025.655738,1,Expiry,0,0,nan
2022582290022_Node0_Node8_Zero,2024.48155,2025.655738,1,Expiry,0,0,nan
2022590487005_Node0_Node8_Zero,2024.48155,2025.655738,1,Expiry,0,0,nan
2022598681551_Node0_Node8_Zero,2024.485509,2025.655738,1,Expiry,0,0,nan
2022606880936_Node0_Node8_Zero,2024.485509,2025.655738,1,Expiry,0,0,nan
2022615079561_Node0_Node8_Zero,2024.487592,2025.655738,1,Expiry,0,0,nan
2022623276686_Node0_Node8_Zero,2024.487592,2025.655738,1,Expiry,0,0,nan
2022631474117_Node0_Node8_Zero,2024.489495,2025.655738,1,Expiry,0,0,nan
2022639668926_Node0_Node8_Zero,2024.489495,2025.655738,1,Expiry,0,0,nan
2022647865166_Node0_Node8_Zero,2024.491397,2025.655738,1,Expiry,0,0,nan
2022656063834_Node0_Node8_Zero,2024.491397,2025.737705,1,Expiry,0,0,nan
2022664258684_Node0_Node8_Zero,2024.49334,2025.737705,1,Expiry,0,0,nan
2022672460048_Node0_Node8_Zero,2024.49334,2025.737705,1,Expiry,0,0,nan
2022680655669_Node0_Node8_Zero,2024.501264,2025.737705,1,Expiry,0,0,nan
2022688852875_Node0_Node8_Zero,2024.501264,2025.737705,1,Expiry,0,0,nan
2022697047722_Node0_Node8_Zero,2024.505244,2025.737705,1,Expiry,0,0,nan
2022705247455_Node0_Node8_Zero,2024.505244,2025.737705,1,Expiry,0,0,nan
2022713440181_Node0_Node8_Zero,2024.509223,2025.737705,1,Expiry,0,0,nan
2022721632078_Node0_Node8_Zero,2024.509223,2025.737705,1,Expiry,0,0,nan
2022729832981_Node0_Node8_Zero,2024.513223,2025.737705,1,Expiry,0,0,nan
2022738026787_Node0_Node8_Zero,2024.513223,2025.819672,1,Expiry,0,1.04925114e-12,nan
2022746222201_Node0_Node8_Zero,2024.51939,2025.819672,1,Expiry,0,1.04925114e-12,nan
2022754423530_Node0_Node8_Zero,2024.51939,2025.819672,1,Expiry,0,1.04925114e-12,nan
2022762620172_Node0_Node8_Zero,2024.521473,2025.819672,1,Expiry,0,1.04925114e-12,nan
2022770814449_Node0_Node8_Zero,2024.521473,2025.819672,1,Expiry,0,1.04925114e-12,nan
2022779013518_Node0_Node8_Zero,2024.523475,2025.819672,1,Expiry,0,1.04925114e-12,nan
2022787208674_Node0_Node8_Zero,2024.523475,2025.819672,1,Expiry,0,1.04925114e-12,nan
2022795406304_Node0_Node8_Zero,2024.525458,2025.819672,1,Expiry,0,1.04925114e-12,nan
2022803598583_Node0_Node8_Zero,2024.525458,2025.819672,1,Expiry,0,1.04925114e-12,nan
2022811797870_Node0_Node8_Zero,2024.527421,2025.819672,1,Expiry,0,1.04925114e-12,nan
2022819994727_Node0_Node8_Zero,2024.527421,2025.901639,1,Expiry,0,1.04925114e-12,nan
2022828191126_Node0_Node8_Zero,2024.531666,2025.901639,1,Expiry,0,1.04925114e-12,nan
2022836388360_Node0_Node8_Zero,2024.531666,2025.901639,1,Expiry,0,1.04925114e-12,nan
2022844589048_Node0_Node8_Zero,2024.533628,2025.901639,1,Expiry,0,1.04925114e-12,nan
2022852786949_Node0_Node8_Zero,2024.533628,2025.901639,1,Expiry,0,1.04925114e-12,nan
2022860986850_Node0_Node8_Zero,2024.535551,2025.901639,1,Expiry,0,1.04925114e-12,nan
2022869186184_Node0_Node8_Zero,2024.535551,2025.901639,1,Expiry,0,1.04925114e-12,nan
2022877387053_Node0_Node8_Zero,2024.537613,2025.901639,1,Expiry,0,1.04925114e-12,nan
2022885587544_Node0_Node8_Zero,2024.537613,2025.901639,1,Expiry,0,1.04925114e-12,nan
2022893781294_Node0_Node8_Zero,2024.539556,2025.901639,1,Expiry,0,1.04925114e-12,nan
2022901975324_Node0_Node8_Zero,2024.539556,2025.983607,1,Expiry,0,1.04925114e-12,nan
2022910170501_Node0_Node8_Zero,2024.541598,2025.983607,1,Expiry,0,1.04925114e-12,nan
2022918362635_Node0_Node8_Zero,2024.541598,2025.983607,1,Expiry,0,1.04925114e-12,nan
2022926558608_Node0_Node8_Zero,2024.543501,2025.983607,1,Expiry,0,1.04925114e-12,nan
2022934750870_Node0_Node8_Zero,2024.543501,2025.983607,1,Expiry,0,1.04925114e-12,nan
2022942946039_Node0_Node8_Zero,2024.545484,2025.983607,1,Expiry,0,1.04925114e-12,nan
2022951138193_Node0_Node8_Zero,2024.545484,2025.983607,1,Expiry,0,1.04925114e-12,nan
2022959330486_Node0_Node8_Zero,2024.547366,2025.983607,1,Expiry,0,1.04925114e-12,nan
2022967526439_Node0_Node8_Zero,2024.547366,2025.983607,1,Expiry,0,1.04925114e-12,nan
2022975726127_Node0_Node8_Zero,2024.549209,2025.983607,1,Expiry,0,1.04925114e-12,nan
2022983919440_Node0_Node8_Zero,2024.549209,2026.065574,1,Expiry,0,0,nan
2022992120259_Node0_Node8_Zero,2024.553134,2026.065574,1,Expiry,0,0,nan
2023000312350_Node0_Node8_Zero,2024.553134,2026.065574,1,Expiry,0,0,nan
2023008506763_Node0_Node8_Zero,2024.554956,2026.065574,1,Expiry,0,0,nan
2023016708307_Node0_Node8_Zero,2024.554956,2026.065574,1,Expiry,0,0,nan
2023024904699_Node0_Node8_Zero,2024.558756,2026.065574,1,Expiry,0,0,nan
2023033104788_Node0_Node8_Zero,2024.558756,2026.065574,1,Expiry,0,0,nan
2023041297282_Node0_Node8_Zero,2024.56684,2026.065574,1,Expiry,0,0,nan
2023049496561_Node0_Node8_Zero,2024.56684,2026.065574,1,Expiry,0,0,nan
2023057692819_Node0_Node8_Zero,2024.568843,2026.065574,1,Expiry,0,0,nan
2023065892472_Node0_Node8_Zero,2024.568843,2026.147541,1,Expiry,0,1.04925114e-12,nan
2023074086718_Node0_Node8_Zero,2024.570846,2026.147541,1,Expiry,0,1.04925114e-12,nan
2023082287600_Node0_Node8_Zero,2024.570846,2026.147541,1,Expiry,0,1.04925114e-12,nan
2023090485088_Node0_Node8_Zero,2024.572808,2026.147541,1,Expiry,0,1.04925114e-12,nan
2023098686430_Node0_Node8_Zero,2024.572808,2026.147541,1,Expiry,0,1.04925114e-12,nan
2023106879111_Node0_Node8_Zero,2024.574871,2026.147541,1,Expiry,0,1.04925114e-12,nan
2023115079554_Node0_Node8_Zero,2024.574871,2026.147541,1,Expiry,0,1.04925114e-12,nan
2023123275515_Node0_Node8_Zero,2024.576793,2026.147541,1,Expiry,0,1.04925114e-12,nan
2023131472464_Node0_Node8_Zero,2024.576793,2026.147541,1,Expiry,0,1.04925114e-12,nan
2023139671628_Node0_Node8_Zero,2024.580778,2026.147541,1,Expiry,0,1.04925114e-12,nan
2023147864450_Node0_Node8_Zero,2024.580778,2026.229508,1,Expiry,0,0,nan
2023156056470_Node0_Node8_Zero,2024.584838,2026.229508,1,Expiry,0,0,nan
2023164252747_Node0_Node8_Zero,2024.584838,2026.229508,1,Expiry,0,0,nan
2023172445486_Node0_Node8_Zero,2024.59104,2026.229508,1,Expiry,0,0,nan
2023180639444_Node0_Node8_Zero,2024.59104,2026.229508,1,Expiry,0,0,nan
2023188833170_Node0_Node8_Zero,2024.592862,2026.229508,1,Expiry,0,0,nan
2023197033724_Node0_Node8_Zero,2024.592862,2026.229508,1,Expiry,0,0,nan
2023205228580_Node0_Node8_Zero,2024.600593,2026.229508,1,Expiry,0,0,nan
2023213421381_Node0_Node8_Zero,2024.600593,2026.229508,1,Expiry,0,0,nan
2023221621348_Node0_Node8_Zero,2024.602415,2026.229508,1,Expiry,0,0,nan
2023229818778_Node0_Node8_Zero,2024.602415,2026.311475,1,Expiry,0,5.258698200000001e-13,nan
2023238017943_Node0_Node8_Zero,2024.604258,2026.311475,1,Expiry,0,5.258698200000001e-13,nan
2023246215417_Node0_Node8_Zero,2024.604258,2026.311475,1,Expiry,0,5.258698200000001e-13,nan
2023254411149_Node0_Node8_Zero,2024.60614,2026.311475,1,Expiry,0,5.258698200000001e-13,nan
2023262607607_Node0_Node8_Zero,2024.60614,2026.311475,1,Expiry,0,5.258698200000001e-13,nan
2023270804961_Node0_Node8_Zero,2024.612408,2026.311475,1,Expiry,0,5.258698200000001e-13,nan
2023279000408_Node0_Node8_Zero,2024.612408,2026.311475,1,Expiry,0,5.258698200000001e-13,nan
2023287197942_Node0_Node8_Zero,2024.614331,2026.311475,1,Expiry,0,5.258698200000001e-13,nan
2023295391907_Node0_Node8_Zero,2024.614331,2026.311475,1,Expiry,0,5.258698200000001e-13,nan
2023303585263_Node0_Node8_Zero,2024.616433,2026.311475,1,Expiry,0,5.258698200000001e-13,nan
2023311779433_Node0_Node8_Zero,2024.616433,2026.393443,1,Expiry,0,0,nan
2023319973503_Node0_Node8_Zero,2024.618436,2026.393443,1,Expiry,0,0,nan
2023328169225_Node0_Node8_Zero,2024.618436,2026.393443,1,Expiry,0,0,nan
2023336367729_Node0_Node8_Zero,2024.620278,2026.393443,1,Expiry,0,0,nan
2023344560021_Node0_Node8_Zero,2024.620278,2026.393443,1,Expiry,0,0,nan
2023352751955_Node0_Node8_Zero,2024.622281,2026.393443,1,Expiry,0,0,nan
2023360952464_Node0_Node8_Zero,2024.622281,2026.393443,1,Expiry,0,0,nan
2023369152946_Node0_Node8_Zero,2024.628323,2026.393443,1,Expiry,0,0,nan
2023377351575_Node0_Node8_Zero,2024.628323,2026.393443,1,Expiry,0,0,nan
2023385551319_Node0_Node8_Zero,2024.630265,2026.393443,1,Expiry,0,0,nan
2023393743635_Node0_Node8_Zero,2024.630265,2026.47541,1,Expiry,0,5.258698200000001e-13,nan
2023401940010_Node0_Node8_Zero,2024.636027,2026.47541,1,Expiry,0,5.258698200000001e-13,nan
2023410134278_Node0_Node8_Zero,2024.636027,2026.47541,1,Expiry,0,5.258698200000001e-13,nan
2023418335630_Node0_Node8_Zero,2024.63795,2026.47541,1,Expiry,0,5.258698200000001e-13,nan
2023426528717_Node0_Node8_Zero,2024.63795,2026.47541,1,Expiry,0,5.258698200000001e-13,nan
2023434721867_Node0_Node8_Zero,2024.639873,2026.47541,1,Expiry,0,5.258698200000001e-13,nan
2023442917908_Node0_Node8_Zero,2024.639873,2026.47541,1,Expiry,0,5.258698200000001e-13,nan
2023451118909_Node0_Node8_Zero,2024.641955,2026.47541,1,Expiry,0,5.258698200000001e-13,nan
2023459317291_Node0_Node8_Zero,2024.641955,2026.47541,1,Expiry,0,5.258698200000001e-13,nan
2023467515942_Node0_Node8_Zero,2024.643898,2026.47541,1,Expiry,0,5.258698200000001e-13,nan
2023475712315_Node0_Node8_Zero,2024.643898,2026.557377,1,Expiry,0,5.258698200000001e-13,nan
2023483910264_Node0_Node8_Zero,2024.64594,2026.557377,1,Expiry,0,5.258698200000001e-13,nan
2023492110210_Node0_Node8_Zero,2024.64594,2026.557377,1,Expiry,0,5.258698200000001e-13,nan
2023500302795_Node0_Node8_Zero,2024.66708,2026.557377,1,Expiry,0,5.258698200000001e-13,nan
2023508498928_Node0_Node8_Zero,2024.66708,2026.557377,1,Expiry,0,5.258698200000001e-13,nan
2023516693740_Node0_Node8_Zero,2024.669183,2026.557377,1,Expiry,0,5.258698200000001e-13,nan
2023524887761_Node0_Node8_Zero,2024.669183,2026.557377,1,Expiry,0,5.258698200000001e-13,nan
2023533087895_Node0_Node8_Zero,2024.671105,2026.557377,1,Expiry,0,5.258698200000001e-13,nan
2023541283944_Node0_Node8_Zero,2024.671105,2026.557377,1,Expiry,0,5.258698200000001e-13,nan
2023549483068_Node0_Node8_Zero,2024.672968,2026.557377,1,Expiry,0,5.258698200000001e-13,nan
2023557681308_Node0_Node8_Zero,2024.672968,2026.639344,1,Expiry,0,5.258698200000001e-13,nan
2023565878199_Node0_Node8_Zero,2024.67489,2026.639344,1,Expiry,0,5.258698200000001e-13,nan
2023574074728_Node0_Node8_Zero,2024.67489,2026.639344,1,Expiry,0,5.258698200000001e-13,nan
2023582274488_Node0_Node8_Zero,2024.676833,2026.639344,1,Expiry,0,5.258698200000001e-13,nan
2023590466379_Node0_Node8_Zero,2024.676833,2026.639344,1,Expiry,0,5.258698200000001e-13,nan
2023598662297_Node0_Node8_Zero,2024.678656,2026.639344,1,Expiry,0,5.258698200000001e-13,nan
2023606863348_Node0_Node8_Zero,2024.678656,2026.639344,1,Expiry,0,5.258698200000001e-13,nan
2023615055353_Node0_Node8_Zero,2024.680618,2026.639344,1,Expiry,0,5.258698200000001e-13,nan
2023623248801_Node0_Node8_Zero,2024.680618,2026.639344,1,Expiry,0,5.258698200000001e-13,nan
2023631448352_Node0_Node8_Zero,2024.682461,2026.639344,1,Expiry,0,5.258698200000001e-13,nan
2023639646618_Node0_Node8_Zero,2024.682461,2026.721311,1,Expiry,0,5.258698200000001e-13,nan
2023647843997_Node0_Node8_Zero,2024.688528,2026.721311,1,Expiry,0,5.258698200000001e-13,nan
2023656040244_Node0_Node8_Zero,2024.688528,2026.721311,1,Expiry,0,5.258698200000001e-13,nan
2023664235161_Node0_Node8_Zero,2024.690411,2026.721311,1,Expiry,0,5.258698200000001e-13,nan
2023672427222_Node0_Node8_Zero,2024.690411,2026.721311,1,Expiry,0,5.258698200000001e-13,nan
2023680625624_Node0_Node8_Zero,2024.694336,2026.721311,1,Expiry,0,5.258698200000001e-13,nan
2023688821377_Node0_Node8_Zero,2024.694336,2026.721311,1,Expiry,0,5.258698200000001e-13,nan
2023697014313_Node0_Node8_Zero,2024.696279,2026.721311,1,Expiry,0,5.258698200000001e-13,nan
2023705208899_Node0_Node8_Zero,2024.696279,2026.721311,1,Expiry,0,5.258698200000001e-13,nan
2023713405979_Node0_Node8_Zero,2024.712542,2026.721311,1,Expiry,0,5.258698200000001e-13,nan
2023721603291_Node0_Node8_Zero,2024.712542,2026.803279,1,Expiry,0,5.258698200000001e-13,nan
2023729796980_Node0_Node8_Zero,2024.714445,2026.803279,1,Expiry,0,5.258698200000001e-13,nan
2023737996629_Node0_Node8_Zero,2024.714445,2026.803279,1,Expiry,0,5.258698200000001e-13,nan
2023746196780_Node0_Node8_Zero,2024.716307,2026.803279,1,Expiry,0,5.258698200000001e-13,nan
2023754396445_Node0_Node8_Zero,2024.716307,2026.803279,1,Expiry,0,5.258698200000001e-13,nan
2023762596371_Node0_Node8_Zero,2024.722269,2026.803279,1,Expiry,0,5.258698200000001e-13,nan
2023770789785_Node0_Node8_Zero,2024.722269,2026.803279,1,Expiry,0,5.258698200000001e-13,nan
2023778983549_Node0_Node8_Zero,2024.724232,2026.803279,1,Expiry,0,5.258698200000001e-13,nan
2023787180898_Node0_Node8_Zero,2024.724232,2026.803279,1,Expiry,0,5.258698200000001e-13,nan
2023795375310_Node0_Node8_Zero,2024.730454,2026.803279,1,Expiry,0,5.258698200000001e-13,nan
2023803572509_Node0_Node8_Zero,2024.730454,2026.885246,1,Expiry,0,0,nan
2023811768382_Node0_Node8_Zero,2024.734699,2026.885246,1,Expiry,0,0,nan
2023819965864_Node0_Node8_Zero,2024.734699,2026.885246,1,Expiry,0,0,nan
2023828161727_Node0_Node8_Zero,2024.736561,2026.885246,1,Expiry,0,0,nan
2023836353822_Node0_Node8_Zero,2024.736561,2026.885246,1,Expiry,0,0,nan
2023844547807_Node0_Node8_Zero,2024.740601,2026.885246,1,Expiry,0,0,nan
2023852741261_Node0_Node8_Zero,2024.740601,2026.885246,1,Expiry,0,0,nan
2023860933366_Node0_Node8_Zero,2024.742583,2026.885246,1,Expiry,0,0,nan
2023869128611_Node0_Node8_Zero,2024.742583,2026.885246,1,Expiry,0,0,nan
2023877328364_Node0_Node8_Zero,2024.746749,2026.885246,1,Expiry,0,0,nan
2023885522504_Node0_Node8_Zero,2024.746749,2026.967213,1,Expiry,0,0,nan
2023893715255_Node0_Node8_Zero,2024.748611,2026.967213,1,Expiry,0,0,nan
2023901912012_Node0_Node8_Zero,2024.748611,2026.967213,1,Expiry,0,0,nan
2023910111957_Node0_Node8_Zero,2024.752611,2026.967213,1,Expiry,0,0,nan
2023918312514_Node0_Node8_Zero,2024.752611,2026.967213,1,Expiry,0,0,nan
2023926511669_Node0_Node8_Zero,2024.75643,2026.967213,1,Expiry,0,0,nan
2023934712796_Node0_Node8_Zero,2024.75643,2026.967213,1,Expiry,0,0,nan
2023942911860_Node0_Node8_Zero,2024.758333,2026.967213,1,Expiry,0,0,nan
2023951113028_Node0_Node8_Zero,2024.758333,2026.967213,1,Expiry,0,0,nan
2023959305001_Node0_Node8_Zero,2024.760175,2026.967213,1,Expiry,0,0,nan
2023967498417_Node0_Node8_Zero,2024.760175,2027.04918,1,Expiry,0,1.04925114e-12,nan
2023975694716_Node0_Node8_Zero,2024.762018,2027.04918,1,Expiry,0,1.04925114e-12,nan
2023983887675_Node0_Node8_Zero,2024.762018,2027.04918,1,Expiry,0,1.04925114e-12,nan
2023992088080_Node0_Node8_Zero,2024.769968,2027.04918,1,Expiry,0,1.04925114e-12,nan
2024000284086_Node0_Node8_Zero,2024.769968,2027.04918,1,Expiry,0,1.04925114e-12,nan
2024008478570_Node0_Node8_Zero,2024.77195,2027.04918,1,Expiry,0,1.04925114e-12,nan
2024016678119_Node0_Node8_Zero,2024.77195,2027.04918,1,Expiry,0,1.04925114e-12,nan
2024024875590_Node0_Node8_Zero,2024.773813,2027.04918,1,Expiry,0,1.04925114e-12,nan
2024033076905_Node0_Node8_Zero,2024.773813,2027.04918,1,Expiry,0,1.04925114e-12,nan
2024041278272_Node0_Node8_Zero,2024.775836,2027.04918,1,Expiry,0,1.04925114e-12,nan
2024049471259_Node0_Node8_Zero,2024.775836,2027.131148,1,Expiry,0,1.04925114e-12,nan
2024057672294_Node0_Node8_Zero,2024.777958,2027.131148,1,Expiry,0,1.04925114e-12,nan
2024065870532_Node0_Node8_Zero,2024.777958,2027.131148,1,Expiry,0,1.04925114e-12,nan
2024074064948_Node0_Node8_Zero,2024.779981,2027.131148,1,Expiry,0,1.04925114e-12,nan
2024082261248_Node0_Node8_Zero,2024.779981,2027.131148,1,Expiry,0,1.04925114e-12,nan
2024090457212_Node0_Node8_Zero,2024.781863,2027.131148,1,Expiry,0,1.04925114e-12,nan
2024098649500_Node0_Node8_Zero,2024.781863,2027.131148,1,Expiry,0,1.04925114e-12,nan
2024106842955_Node0_Node8_Zero,2024.783906,2027.131148,1,Expiry,0,1.04925114e-12,nan
2024115040611_Node0_Node8_Zero,2024.783906,2027.131148,1,Expiry,0,1.04925114e-12,nan
2024123234909_Node0_Node8_Zero,2024.785728,2027.131148,1,Expiry,0,1.04925114e-12,nan
2024131428469_Node0_Node8_Zero,2024.785728,2027.213115,1,Expiry,0,1.04925114e-12,nan
2024139625270_Node0_Node8_Zero,2024.789914,2027.213115,1,Expiry,0,1.04925114e-12,nan
2024147817271_Node0_Node8_Zero,2024.789914,2027.213115,1,Expiry,0,1.04925114e-12,nan
2024156018533_Node0_Node8_Zero,2024.791996,2027.213115,1,Expiry,0,1.04925114e-12,nan
2024164215385_Node0_Node8_Zero,2024.791996,2027.213115,1,Expiry,0,1.04925114e-12,nan
2024172408864_Node0_Node8_Zero,2024.794119,2027.213115,1,Expiry,0,1.04925114e-12,nan
2024180603751_Node0_Node8_Zero,2024.794119,2027.213115,1,Expiry,0,1.04925114e-12,nan
2024188800684_Node0_Node8_Zero,2024.796101,2027.213115,1,Expiry,0,1.04925114e-12,nan
2024196996325_Node0_Node8_Zero,2024.796101,2027.213115,1,Expiry,0,1.04925114e-12,nan
2024205197957_Node0_Node8_Zero,2024.798024,2027.213115,1,Expiry,0,1.04925114e-12,nan
2024213390500_Node0_Node8_Zero,2024.798024,2027.295082,1,Expiry,0,0,nan
2024221583119_Node0_Node8_Zero,2024.807731,2027.295082,1,Expiry,0,0,nan
2024229784398_Node0_Node8_Zero,2024.807731,2027.295082,1,Expiry,0,0,nan
2024237979807_Node0_Node8_Zero,2024.809574,2027.295082,1,Expiry,0,0,nan
2024246173283_Node0_Node8_Zero,2024.809574,2027.295082,1,Expiry,0,0,nan
2024254374680_Node0_Node8_Zero,2024.813519,2027.295082,1,Expiry,0,0,nan
2024262573890_Node0_Node8_Zero,2024.813519,2027.295082,1,Expiry,0,0,nan
2024270767541_Node0_Node8_Zero,2024.815621,2027.295082,1,Expiry,0,0,nan
2024278967989_Node0_Node8_Zero,2024.815621,2027.295082,1,Expiry,0,0,nan
2024287159803_Node0_Node8_Zero,2024.817524,2027.295082,1,Expiry,0,0,nan
2024295356453_Node0_Node8_Zero,2024.817524,2027.377049,1,Expiry,0,5.258698200000001e-13,nan
2024303555704_Node0_Node8_Zero,2024.825763,2027.377049,1,Expiry,0,5.258698200000001e-13,nan
2024311752001_Node0_Node8_Zero,2024.825763,2027.377049,1,Expiry,0,5.258698200000001e-13,nan
2024319947883_Node0_Node8_Zero,2024.827685,2027.377049,1,Expiry,0,5.258698200000001e-13,nan
2024328146422_Node0_Node8_Zero,2024.827685,2027.377049,1,Expiry,0,5.258698200000001e-13,nan
2024336347669_Node0_Node8_Zero,2024.829588,2027.377049,1,Expiry,0,5.258698200000001e-13,nan
2024344547552_Node0_Node8_Zero,2024.829588,2027.377049,1,Expiry,0,5.258698200000001e-13,nan
2024352743418_Node0_Node8_Zero,2024.83151,2027.377049,1,Expiry,0,5.258698200000001e-13,nan
2024360939462_Node0_Node8_Zero,2024.83151,2027.377049,1,Expiry,0,5.258698200000001e-13,nan
2024369138925_Node0_Node8_Zero,2024.833453,2027.377049,1,Expiry,0,5.258698200000001e-13,nan
2024377331255_Node0_Node8_Zero,2024.833453,2027.459016,1,Expiry,0,5.258698200000001e-13,nan
2024385531459_Node0_Node8_Zero,2024.839701,2027.459016,1,Expiry,0,5.258698200000001e-13,nan
2024393725794_Node0_Node8_Zero,2024.839701,2027.459016,1,Expiry,0,5.258698200000001e-13,nan
2024401920016_Node0_Node8_Zero,2024.841563,2027.459016,1,Expiry,0,5.258698200000001e-13,nan
2024410112613_Node0_Node8_Zero,2024.841563,2027.459016,1,Expiry,0,5.258698200000001e-13,nan
2024418305568_Node0_Node8_Zero,2024.843446,2027.459016,1,Expiry,0,5.258698200000001e-13,nan
2024426503515_Node0_Node8_Zero,2024.843446,2027.459016,1,Expiry,0,5.258698200000001e-13,nan
2024434699232_Node0_Node8_Zero,2024.847571,2027.459016,1,Expiry,0,5.258698200000001e-13,nan
2024442900013_Node0_Node8_Zero,2024.847571,2027.459016,1,Expiry,0,5.258698200000001e-13,nan
2024451099110_Node0_Node8_Zero,2024.85155,2027.459016,1,Expiry,0,5.258698200000001e-13,nan
2024459297053_Node0_Node8_Zero,2024.85155,2027.540984,1,Expiry,0,5.258698200000001e-13,nan
2024467496805_Node0_Node8_Zero,2024.857878,2027.540984,1,Expiry,0,5.258698200000001e-13,nan
2024475697243_Node0_Node8_Zero,2024.857878,2027.540984,1,Expiry,0,5.258698200000001e-13,nan
2024483896726_Node0_Node8_Zero,2024.859721,2027.540984,1,Expiry,0,5.258698200000001e-13,nan
2024492094928_Node0_Node8_Zero,2024.859721,2027.540984,1,Expiry,0,5.258698200000001e-13,nan
2024500288607_Node0_Node8_Zero,2024.861783,2027.540984,1,Expiry,0,5.258698200000001e-13,nan
2024508482187_Node0_Node8_Zero,2024.861783,2027.540984,1,Expiry,0,5.258698200000001e-13,nan
2024516679040_Node0_Node8_Zero,2024.867885,2027.540984,1,Expiry,0,5.258698200000001e-13,nan
2024524874098_Node0_Node8_Zero,2024.867885,2027.540984,1,Expiry,0,5.258698200000001e-13,nan
2024533066215_Node0_Node8_Zero,2024.869728,2027.540984,1,Expiry,0,5.258698200000001e-13,nan
2024541261893_Node0_Node8_Zero,2024.869728,2027.622951,1,Expiry,0,5.258698200000001e-13,nan
2024549460407_Node0_Node8_Zero,2024.87177,2027.622951,1,Expiry,0,5.258698200000001e-13,nan
2024557656166_Node0_Node8_Zero,2024.87177,2027.622951,1,Expiry,0,5.258698200000001e-13,nan
2024565848805_Node0_Node8_Zero,2024.877807,2027.622951,1,Expiry,0,5.258698200000001e-13,nan
2024574040561_Node0_Node8_Zero,2024.877807,2027.622951,1,Expiry,0,5.258698200000001e-13,nan
2024582233806_Node0_Node8_Zero,2024.879669,2027.622951,1,Expiry,0,5.258698200000001e-13,nan
2024590427096_Node0_Node8_Zero,2024.879669,2027.622951,1,Expiry,0,5.258698200000001e-13,nan
2024598621521_Node0_Node8_Zero,2024.881552,2027.622951,1,Expiry,0,5.258698200000001e-13,nan
2024606821051_Node0_Node8_Zero,2024.881552,2027.622951,1,Expiry,0,5.258698200000001e-13,nan
2024615012813_Node0_Node8_Zero,2024.885577,2027.622951,1,Expiry,0,5.258698200000001e-13,nan
2024623208432_Node0_Node8_Zero,2024.885577,2027.704918,1,Expiry,0,5.258698200000001e-13,nan
2024631407302_Node0_Node8_Zero,2024.887619,2027.704918,1,Expiry,0,5.258698200000001e-13,nan
2024639599471_Node0_Node8_Zero,2024.887619,2027.704918,1,Expiry,0,5.258698200000001e-13,nan
2024647794987_Node0_Node8_Zero,2024.889742,2027.704918,1,Expiry,0,5.258698200000001e-13,nan
2024655988965_Node0_Node8_Zero,2024.889742,2027.704918,1,Expiry,0,5.258698200000001e-13,nan
2024664184868_Node0_Node8_Zero,2024.891744,2027.704918,1,Expiry,0,5.258698200000001e-13,nan
2024672383022_Node0_Node8_Zero,2024.891744,2027.704918,1,Expiry,0,5.258698200000001e-13,nan
2024680580768_Node0_Node8_Zero,2024.893607,2027.704918,1,Expiry,0,5.258698200000001e-13,nan
2024688773608_Node0_Node8_Zero,2024.893607,2027.704918,1,Expiry,0,5.258698200000001e-13,nan
2024696972622_Node0_Node8_Zero,2024.89551,2027.704918,1,Expiry,0,5.258698200000001e-13,nan
2024705167445_Node0_Node8_Zero,2024.89551,2027.786885,1,Expiry,0,0,nan
2024713367351_Node0_Node8_Zero,2024.899675,2027.786885,1,Expiry,0,0,nan
2024721562177_Node0_Node8_Zero,2024.899675,2027.786885,1,Expiry,0,0,nan
2024729761918_Node0_Node8_Zero,2024.901497,2027.786885,1,Expiry,0,0,nan
2024737963399_Node0_Node8_Zero,2024.901497,2027.786885,1,Expiry,0,0,nan
2024746159238_Node0_Node8_Zero,2024.90362,2027.786885,1,Expiry,0,0,nan
2024754357894_Node0_Node8_Zero,2024.90362,2027.786885,1,Expiry,0,0,nan
2024762551370_Node0_Node8_Zero,2024.907479,2027.786885,1,Expiry,0,0,nan
2024770750898_Node0_Node8_Zero,2024.907479,2027.786885,1,Expiry,0,0,nan
2024778952021_Node0_Node8_Zero,2024.909362,2027.786885,1,Expiry,0,0,nan
2024787145730_Node0_Node8_Zero,2024.909362,2027.868852,1,Expiry,0,5.258698200000001e-13,nan
2024795338960_Node0_Node8_Zero,2024.911284,2027.868852,1,Expiry,0,5.258698200000001e-13,nan
2024803540072_Node0_Node8_Zero,2024.911284,2027.868852,1,Expiry,0,5.258698200000001e-13,nan
2024811736293_Node0_Node8_Zero,2024.913127,2027.868852,1,Expiry,0,5.258698200000001e-13,nan
2024819929735_Node0_Node8_Zero,2024.913127,2027.868852,1,Expiry,0,5.258698200000001e-13,nan
2024828122777_Node0_Node8_Zero,2024.917152,2027.868852,1,Expiry,0,5.258698200000001e-13,nan
2024836319084_Node0_Node8_Zero,2024.917152,2027.868852,1,Expiry,0,5.258698200000001e-13,nan
2024844519840_Node0_Node8_Zero,2024.918975,2027.868852,1,Expiry,0,5.258698200000001e-13,nan
2024852720535_Node0_Node8_Zero,2024.918975,2027.868852,1,Expiry,0,5.258698200000001e-13,nan
2024860915688_Node0_Node8_Zero,2024.924951,2027.868852,1,Expiry,0,5.258698200000001e-13,nan
2024869117118_Node0_Node8_Zero,2024.924951,2027.95082,1,Expiry,0,1.04925114e-12,nan
2024877311178_Node0_Node8_Zero,2024.926854,2027.95082,1,Expiry,0,1.04925114e-12,nan
2024885503381_Node0_Node8_Zero,2024.926854,2027.95082,1,Expiry,0,1.04925114e-12,nan
2024893695652_Node0_Node8_Zero,2024.928736,2027.95082,1,Expiry,0,1.04925114e-12,nan
2024901888958_Node0_Node8_Zero,2024.928736,2027.95082,1,Expiry,0,1.04925114e-12,nan
2024910088132_Node0_Node8_Zero,2024.930599,2027.95082,1,Expiry,0,1.04925114e-12,nan
2024918284633_Node0_Node8_Zero,2024.930599,2027.95082,1,Expiry,0,1.04925114e-12,nan
2024926485525_Node0_Node8_Zero,2024.937949,2027.95082,1,Expiry,0,1.04925114e-12,nan
2024934686927_Node0_Node8_Zero,2024.939031,2027.95082,1,Expiry,0,1.04925114e-12,nan
2024942881953_Node0_Node8_Zero,2024.944592,2027.95082,1,Expiry,0,1.04925114e-12,nan
2024951078709_Node0_Node8_Zero,2024.952256,2028.032787,1,Expiry,0,0,nan
2024959277509_Node0_Node8_Zero,2024.961202,2028.032787,1,Expiry,0,0,nan
2024967471618_Node0_Node8_Zero,2024.96876,2028.032787,1,Expiry,0,0,nan
2024975669965_Node0_Node8_Zero,2025.236729,2028.032787,1,Expiry,0,0,nan
2024983869838_Node0_Node8_Zero,2026.234967,2028.032787,1,Expiry,0,0,nan
2024992068073_Node0_Node8_Zero,2026.238109,2028.032787,1,Expiry,0,0,nan
2025000267753_Node0_Node8_Zero,2026.240069,2028.032787,1,Expiry,0,0,nan
2025008464034_Node0_Node8_Zero,2026.246248,2028.032787,1,Expiry,0,0,nan
2025016655783_Node0_Node8_Zero,2026.252546,2028.032787,1,Expiry,0,0,nan
2025024857374_Node0_Node8_Zero,2026.254506,2028.032787,1,Expiry,0,0,nan
2025033051740_Node0_Node8_Zero,2026.256386,2028.114754,1,Expiry,0,1.04925114e-12,nan
2025041252596_Node0_Node8_Zero,2026.260485,2028.114754,1,Expiry,0,1.04925114e-12,nan
2025049445636_Node0_Node8_Zero,2026.262385,2028.114754,1,Expiry,0,1.04925114e-12,nan
2025057637668_Node0_Node8_Zero,2026.264324,2028.114754,1,Expiry,0,1.04925114e-12,nan
2025065837104_Node0_Node8_Zero,2026.268484,2028.114754,1,Expiry,0,1.04925114e-12,nan
2025074032976_Node0_Node8_Zero,2026.270403,2028.114754,1,Expiry,0,1.04925114e-12,nan
2025082233739_Node0_Node8_Zero,2026.272523,2028.114754,1,Expiry,0,1.04925114e-12,nan
2025090428919_Node0_Node8_Zero,2026.274523,2028.114754,1,Expiry,0,1.04925114e-12,nan
2025098629226_Node0_Node8_Zero,2026.276442,2028.114754,1,Expiry,0,1.04925114e-12,nan
2025106822049_Node0_Node8_Zero,2026.278402,2028.114754,1,Expiry,0,1.04925114e-12,nan
2025115019340_Node0_Node8_Zero,2026.293007,2028.196721,1,Expiry,0,1.04925114e-12,nan
2025123216729_Node0_Node8_Zero,2026.294926,2028.196721,1,Expiry,0,1.04925114e-12,nan
2025131411312_Node0_Node8_Zero,2026.298846,2028.196721,1,Expiry,0,1.04925114e-12,nan
2025139608031_Node0_Node8_Zero,2026.304952,2028.196721,1,Expiry,0,1.04925114e-12,nan
2025147801533_Node0_Node8_Zero,2026.308858,2028.196721,1,Expiry,0,1.04925114e-12,nan
2025155994704_Node0_Node8_Zero,2026.314825,2028.196721,1,Expiry,0,1.04925114e-12,nan
2025164188625_Node0_Node8_Zero,2026.316764,2028.196721,1,Expiry,0,1.04925114e-12,nan
2025172389531_Node0_Node8_Zero,2026.318744,2028.196721,1,Expiry,0,1.04925114e-12,nan
2025180585593_Node0_Node8_Zero,2026.32503,2028.196721,1,Expiry,0,1.04925114e-12,nan
2025188783015_Node0_Node8_Zero,2026.32709,2028.196721,1,Expiry,0,1.04925114e-12,nan
2025196979741_Node0_Node8_Zero,2026.329229,2028.278689,1,Expiry,0,0,nan
2025205181088_Node0_Node8_Zero,2026.331349,2028.278689,1,Expiry,0,0,nan
2025213374602_Node0_Node8_Zero,2026.335296,2028.278689,1,Expiry,0,0,nan
2025221574423_Node0_Node8_Zero,2026.339282,2028.278689,1,Expiry,0,0,nan
2025229768432_Node0_Node8_Zero,2026.345641,2028.278689,1,Expiry,0,0,nan
2025237965126_Node0_Node8_Zero,2026.347481,2028.278689,1,Expiry,0,0,nan
2025246162072_Node0_Node8_Zero,2026.34938,2028.278689,1,Expiry,0,0,nan
2025254356817_Node0_Node8_Zero,2026.35124,2028.278689,1,Expiry,0,0,nan
2025262550327_Node0_Node8_Zero,2026.361373,2028.278689,1,Expiry,0,0,nan
2025270742785_Node0_Node8_Zero,2026.363312,2028.278689,1,Expiry,0,0,nan
2025278937004_Node0_Node8_Zero,2026.365352,2028.360656,1,Expiry,0,0,nan
2025287130259_Node0_Node8_Zero,2026.371438,2028.360656,1,Expiry,0,0,nan
2025295327823_Node0_Node8_Zero,2026.375425,2028.360656,1,Expiry,0,0,nan
2025303524865_Node0_Node8_Zero,2026.377424,2028.360656,1,Expiry,0,0,nan
2025311724131_Node0_Node8_Zero,2026.379264,2028.360656,1,Expiry,0,0,nan
2025319924607_Node0_Node8_Zero,2026.381124,2028.360656,1,Expiry,0,0,nan
2025328117348_Node0_Node8_Zero,2026.391082,2028.360656,1,Expiry,0,0,nan
2025336313009_Node0_Node8_Zero,2026.395229,2028.360656,1,Expiry,0,0,nan
2025344513813_Node0_Node8_Zero,2026.397208,2028.360656,1,Expiry,0,0,nan
2025352708815_Node0_Node8_Zero,2026.405174,2028.360656,1,Expiry,0,0,nan
2025360901828_Node0_Node8_Zero,2026.407214,2028.442623,1,Expiry,0,1.04925114e-12,nan
2025369098038_Node0_Node8_Zero,2026.409053,2028.442623,1,Expiry,0,1.04925114e-12,nan
2025377297093_Node0_Node8_Zero,2026.413093,2028.442623,1,Expiry,0,1.04925114e-12,nan
2025385498329_Node0_Node8_Zero,2026.415012,2028.442623,1,Expiry,0,1.04925114e-12,nan
2025393699534_Node0_Node8_Zero,2026.419059,2028.442623,1,Expiry,0,1.04925114e-12,nan
2025401892581_Node0_Node8_Zero,2026.421159,2028.442623,1,Expiry,0,1.04925114e-12,nan
2025410089481_Node0_Node8_Zero,2026.423038,2028.442623,1,Expiry,0,1.04925114e-12,nan
2025418283575_Node0_Node8_Zero,2026.428824,2028.442623,1,Expiry,0,1.04925114e-12,nan
2025426484351_Node0_Node8_Zero,2026.430924,2028.442623,1,Expiry,0,1.04925114e-12,nan
2025434682072_Node0_Node8_Zero,2026.432844,2028.442623,1,Expiry,0,1.04925114e-12,nan
2025442883433_Node0_Node8_Zero,2026.434743,2028.52459,1,Expiry,0,5.258698200000001e-13,nan
2025451075542_Node0_Node8_Zero,2026.436643,2028.52459,1,Expiry,0,5.258698200000001e-13,nan
2025459270880_Node0_Node8_Zero,2026.440622,2028.52459,1,Expiry,0,5.258698200000001e-13,nan
2025467463094_Node0_Node8_Zero,2026.442502,2028.52459,1,Expiry,0,5.258698200000001e-13,nan
2025475659225_Node0_Node8_Zero,2026.444482,2028.52459,1,Expiry,0,5.258698200000001e-13,nan
2025483853542_Node0_Node8_Zero,2026.450568,2028.52459,1,Expiry,0,5.258698200000001e-13,nan
2025492055011_Node0_Node8_Zero,2026.452507,2028.52459,1,Expiry,0,5.258698200000001e-13,nan
2025500247052_Node0_Node8_Zero,2026.456374,2028.52459,1,Expiry,0,5.258698200000001e-13,nan
2025508447703_Node0_Node8_Zero,2026.46226,2028.52459,1,Expiry,0,5.258698200000001e-13,nan
2025516648272_Node0_Node8_Zero,2026.466439,2028.52459,1,Expiry,0,5.258698200000001e-13,nan
2025524847838_Node0_Node8_Zero,2026.468519,2028.606557,1,Expiry,0,5.258698200000001e-13,nan
2025533041219_Node0_Node8_Zero,2026.470519,2028.606557,1,Expiry,0,5.258698200000001e-13,nan
2025541236552_Node0_Node8_Zero,2026.474445,2028.606557,1,Expiry,0,5.258698200000001e-13,nan
2025549435027_Node0_Node8_Zero,2026.476385,2028.606557,1,Expiry,0,5.258698200000001e-13,nan
2025557627993_Node0_Node8_Zero,2026.480464,2028.606557,1,Expiry,0,5.258698200000001e-13,nan
2025565827769_Node0_Node8_Zero,2026.482584,2028.606557,1,Expiry,0,5.258698200000001e-13,nan
2025574027384_Node0_Node8_Zero,2026.484444,2028.606557,1,Expiry,0,5.258698200000001e-13,nan
2025582223217_Node0_Node8_Zero,2026.486503,2028.606557,1,Expiry,0,5.258698200000001e-13,nan
2025590424520_Node0_Node8_Zero,2026.488363,2028.606557,1,Expiry,0,5.258698200000001e-13,nan
2025598623457_Node0_Node8_Zero,2026.496821,2028.606557,1,Expiry,0,5.258698200000001e-13,nan
2025606823616_Node0_Node8_Zero,2026.498781,2028.688525,1,Expiry,0,0,nan
2025615025300_Node0_Node8_Zero,2026.502748,2028.688525,1,Expiry,0,0,nan
2025623223665_Node0_Node8_Zero,2026.508841,2028.688525,1,Expiry,0,0,nan
2025631419572_Node0_Node8_Zero,2026.510761,2028.688525,1,Expiry,0,0,nan
2025639614516_Node0_Node8_Zero,2026.51264,2028.688525,1,Expiry,0,0,nan
2025647815481_Node0_Node8_Zero,2026.51454,2028.688525,1,Expiry,0,0,nan
2025656013238_Node0_Node8_Zero,2026.51646,2028.688525,1,Expiry,0,0,nan
2025664210170_Node0_Node8_Zero,2026.520259,2028.688525,1,Expiry,0,0,nan
2025672406600_Node0_Node8_Zero,2026.526218,2028.688525,1,Expiry,0,0,nan
2025680605805_Node0_Node8_Zero,2026.528218,2028.688525,1,Expiry,0,0,nan
2025688803094_Node0_Node8_Zero,2026.530057,2028.770492,1,Expiry,0,5.258698200000001e-13,nan
2025696997851_Node0_Node8_Zero,2026.544382,2028.770492,1,Expiry,0,5.258698200000001e-13,nan
2025705192604_Node0_Node8_Zero,2026.546402,2028.770492,1,Expiry,0,5.258698200000001e-13,nan
2025713389492_Node0_Node8_Zero,2026.548541,2028.770492,1,Expiry,0,5.258698200000001e-13,nan
2025721588609_Node0_Node8_Zero,2026.550501,2028.770492,1,Expiry,0,5.258698200000001e-13,nan
2025729785888_Node0_Node8_Zero,2026.556667,2028.770492,1,Expiry,0,5.258698200000001e-13,nan
2025737979981_Node0_Node8_Zero,2026.558647,2028.770492,1,Expiry,0,5.258698200000001e-13,nan
2025746177525_Node0_Node8_Zero,2026.562833,2028.770492,1,Expiry,0,5.258698200000001e-13,nan
2025754370082_Node0_Node8_Zero,2026.564693,2028.770492,1,Expiry,0,5.258698200000001e-13,nan
2025762563856_Node0_Node8_Zero,2026.566533,2028.770492,1,Expiry,0,5.258698200000001e-13,nan
2025770762163_Node0_Node8_Zero,2026.570499,2028.852459,1,Expiry,0,1.04925114e-12,nan
2025778954454_Node0_Node8_Zero,2026.574526,2028.852459,1,Expiry,0,1.04925114e-12,nan
2025787155378_Node0_Node8_Zero,2026.576505,2028.852459,1,Expiry,0,1.04925114e-12,nan
2025795356313_Node0_Node8_Zero,2026.578485,2028.852459,1,Expiry,0,1.04925114e-12,nan
2025803555466_Node0_Node8_Zero,2026.580445,2028.852459,1,Expiry,0,1.04925114e-12,nan
2025811749211_Node0_Node8_Zero,2026.582384,2028.852459,1,Expiry,0,1.04925114e-12,nan
2025819949632_Node0_Node8_Zero,2026.584444,2028.852459,1,Expiry,0,1.04925114e-12,nan
2025828148136_Node0_Node8_Zero,2026.588371,2028.852459,1,Expiry,0,1.04925114e-12,nan
2025836340560_Node0_Node8_Zero,2026.59021,2028.852459,1,Expiry,0,1.04925114e-12,nan
2025844535632_Node0_Node8_Zero,2026.598516,2028.852459,1,Expiry,0,1.04925114e-12,nan
2025852729485_Node0_Node8_Zero,2026.600516,2028.934426,1,Expiry,0,0,nan
2025860926009_Node0_Node8_Zero,2026.602395,2028.934426,1,Expiry,0,0,nan
2025869118222_Node0_Node8_Zero,2026.606235,2028.934426,1,Expiry,0,0,nan
2025877311547_Node0_Node8_Zero,2026.608274,2028.934426,1,Expiry,0,0,nan
2025885506748_Node0_Node8_Zero,2026.610254,2028.934426,1,Expiry,0,0,nan
2025893701058_Node0_Node8_Zero,2026.612134,2028.934426,1,Expiry,0,0,nan
2025901897964_Node0_Node8_Zero,2026.614033,2028.934426,1,Expiry,0,0,nan
2025910099093_Node0_Node8_Zero,2026.617853,2028.934426,1,Expiry,0,0,nan
2025918291387_Node0_Node8_Zero,2026.627978,2028.934426,1,Expiry,0,0,nan
2025926490805_Node0_Node8_Zero,2026.633931,2028.934426,1,Expiry,0,0,nan
2025934687363_Node0_Node8_Zero,2026.636011,2029.016393,1,Expiry,0,0,nan
2025942888837_Node0_Node8_Zero,2026.637991,2029.016393,1,Expiry,0,0,nan
2025951083309_Node0_Node8_Zero,2026.644277,2029.016393,1,Expiry,0,0,nan
2025959284526_Node0_Node8_Zero,2026.65479,2029.016393,1,Expiry,0,0,nan
2025967481374_Node0_Node8_Zero,2026.656789,2029.016393,1,Expiry,0,0,nan
2025975674267_Node0_Node8_Zero,2026.660656,2029.016393,1,Expiry,0,0,nan
2025983875958_Node0_Node8_Zero,2026.662615,2029.016393,1,Expiry,0,0,nan
2025992070928_Node0_Node8_Zero,2026.664495,2029.016393,1,Expiry,0,0,nan
2026000262740_Node0_Node8_Zero,2026.674733,2029.016393,1,Expiry,0,0,nan
2026008457619_Node0_Node8_Zero,2026.676733,2029.016393,1,Expiry,0,0,nan
2026016658294_Node0_Node8_Zero,2026.682919,2029.098361,1,Expiry,0,5.258698200000001e-13,nan
2026024859710_Node0_Node8_Zero,2026.684879,2029.098361,1,Expiry,0,5.258698200000001e-13,nan
2026033059296_Node0_Node8_Zero,2026.686899,2029.098361,1,Expiry,0,5.258698200000001e-13,nan
2026041252505_Node0_Node8_Zero,2026.688738,2029.098361,1,Expiry,0,5.258698200000001e-13,nan
2026049447498_Node0_Node8_Zero,2026.690878,2029.098361,1,Expiry,0,5.258698200000001e-13,nan
2026057641315_Node0_Node8_Zero,2026.692978,2029.098361,1,Expiry,0,5.258698200000001e-13,nan
2026065839739_Node0_Node8_Zero,2026.694877,2029.098361,1,Expiry,0,5.258698200000001e-13,nan
2026074033736_Node0_Node8_Zero,2026.700811,2029.098361,1,Expiry,0,5.258698200000001e-13,nan
2026082231851_Node0_Node8_Zero,2026.704817,2029.098361,1,Expiry,0,5.258698200000001e-13,nan
2026090431584_Node0_Node8_Zero,2026.710851,2029.098361,1,Expiry,0,5.258698200000001e-13,nan
2026098630710_Node0_Node8_Zero,2026.71277,2029.180328,1,Expiry,0,0,nan
2026106830140_Node0_Node8_Zero,2026.716669,2029.180328,1,Expiry,0,0,nan
2026115025792_Node0_Node8_Zero,2026.720596,2029.180328,1,Expiry,0,0,nan
2026123220670_Node0_Node8_Zero,2026.722496,2029.180328,1,Expiry,0,0,nan
2026131417913_Node0_Node8_Zero,2026.724335,2029.180328,1,Expiry,0,0,nan
2026139610161_Node0_Node8_Zero,2026.726275,2029.180328,1,Expiry,0,0,nan
2026147802175_Node0_Node8_Zero,2026.728115,2029.180328,1,Expiry,0,0,nan
2026156000093_Node0_Node8_Zero,2026.73622,2029.180328,1,Expiry,0,0,nan
2026164196622_Node0_Node8_Zero,2026.73834,2029.180328,1,Expiry,0,0,nan
2026172395005_Node0_Node8_Zero,2026.74028,2029.180328,1,Expiry,0,0,nan
2026180587729_Node0_Node8_Zero,2026.742239,2029.262295,1,Expiry,0,5.258698200000001e-13,nan
2026188781147_Node0_Node8_Zero,2026.744119,2029.262295,1,Expiry,0,5.258698200000001e-13,nan
2026196981297_Node0_Node8_Zero,2026.748038,2029.262295,1,Expiry,0,5.258698200000001e-13,nan
2026205180812_Node0_Node8_Zero,2026.749958,2029.262295,1,Expiry,0,5.258698200000001e-13,nan
2026213378065_Node0_Node8_Zero,2026.753937,2029.262295,1,Expiry,0,5.258698200000001e-13,nan
2026221572741_Node0_Node8_Zero,2026.768509,2029.262295,1,Expiry,0,5.258698200000001e-13,nan
2026229767674_Node0_Node8_Zero,2026.770589,2029.262295,1,Expiry,0,5.258698200000001e-13,nan
2026237963294_Node0_Node8_Zero,2026.772729,2029.262295,1,Expiry,0,5.258698200000001e-13,nan
2026246164257_Node0_Node8_Zero,2026.774668,2029.262295,1,Expiry,0,5.258698200000001e-13,nan
2026254362521_Node0_Node8_Zero,2026.778515,2029.262295,1,Expiry,0,5.258698200000001e-13,nan
2026262562571_Node0_Node8_Zero,2026.782614,2029.344262,1,Expiry,0,5.258698200000001e-13,nan
2026270762232_Node0_Node8_Zero,2026.784494,2029.344262,1,Expiry,0,5.258698200000001e-13,nan
2026278959366_Node0_Node8_Zero,2026.786413,2029.344262,1,Expiry,0,5.258698200000001e-13,nan
2026287153062_Node0_Node8_Zero,2026.792212,2029.344262,1,Expiry,0,5.258698200000001e-13,nan
2026295350349_Node0_Node8_Zero,2026.794092,2029.344262,1,Expiry,0,5.258698200000001e-13,nan
2026303550786_Node0_Node8_Zero,2026.802218,2029.344262,1,Expiry,0,5.258698200000001e-13,nan
2026328138516_Node0_Node8_Zero,2026.806,2029.344262,1,Expiry,0,5.258698200000001e-13,nan
2026336331658_Node0_Node8_Zero,2026.806,2029.344262,1,Expiry,0,5.258698200000001e-13,nan
2026344528621_Node0_Node8_Zero,2026.813605,2029.42623,1,Expiry,0,5.258698200000001e-13,nan
2026352730075_Node0_Node8_Zero,2026.813605,2029.42623,1,Expiry,0,5.258698200000001e-13,nan
2026360927551_Node0_Node8_Zero,2027.049481,2029.42623,1,Expiry,0,5.258698200000001e-13,nan
2026369122477_Node0_Node8_Zero,2027.049481,2029.42623,1,Expiry,0,5.258698200000001e-13,nan
2026377321771_Node0_Node8_Zero,2027.05338,2029.42623,1,Expiry,0,5.258698200000001e-13,nan
2026385513811_Node0_Node8_Zero,2027.05338,2029.42623,1,Expiry,0,5.258698200000001e-13,nan
2026393715116_Node0_Node8_Zero,2027.055263,2029.42623,1,Expiry,0,5.258698200000001e-13,nan
2026401909044_Node0_Node8_Zero,2027.055263,2029.42623,1,Expiry,0,5.258698200000001e-13,nan
2026410109695_Node0_Node8_Zero,2027.057125,2029.42623,1,Expiry,0,5.258698200000001e-13,nan
2026418311042_Node0_Node8_Zero,2027.057125,2029.42623,1,Expiry,0,5.258698200000001e-13,nan
2026426508575_Node0_Node8_Zero,2027.06133,2029.508197,1,Expiry,0,0,nan
2026434704527_Node0_Node8_Zero,2027.06133,2029.508197,1,Expiry,0,0,nan
2026442899511_Node0_Node8_Zero,2027.063153,2029.508197,1,Expiry,0,0,nan
2026451100532_Node0_Node8_Zero,2027.063153,2029.508197,1,Expiry,0,0,nan
2026459301616_Node0_Node8_Zero,2027.065095,2029.508197,1,Expiry,0,0,nan
2026467499540_Node0_Node8_Zero,2027.065095,2029.508197,1,Expiry,0,0,nan
2026475695909_Node0_Node8_Zero,2027.067178,2029.508197,1,Expiry,0,0,nan
2026483895950_Node0_Node8_Zero,2027.067178,2029.508197,1,Expiry,0,0,nan
2026492089654_Node0_Node8_Zero,2027.069121,2029.508197,1,Expiry,0,0,nan
2026500283538_Node0_Node8_Zero,2027.069121,2029.508197,1,Expiry,0,0,nan
2026508482451_Node0_Node8_Zero,2027.071043,2029.590164,1,Expiry,0,1.04925114e-12,nan
2026516684137_Node0_Node8_Zero,2027.071043,2029.590164,1,Expiry,0,1.04925114e-12,nan
2026524880773_Node0_Node8_Zero,2027.074923,2029.590164,1,Expiry,0,1.04925114e-12,nan
2026533075229_Node0_Node8_Zero,2027.074923,2029.590164,1,Expiry,0,1.04925114e-12,nan
2026541267541_Node0_Node8_Zero,2027.076905,2029.590164,1,Expiry,0,1.04925114e-12,nan
2026549463835_Node0_Node8_Zero,2027.076905,2029.590164,1,Expiry,0,1.04925114e-12,nan
2026557658106_Node0_Node8_Zero,2027.08107,2029.590164,1,Expiry,0,1.04925114e-12,nan
2026565855824_Node0_Node8_Zero,2027.08107,2029.590164,1,Expiry,0,1.04925114e-12,nan
2026574053584_Node0_Node8_Zero,2027.082973,2029.590164,1,Expiry,0,1.04925114e-12,nan
2026582252565_Node0_Node8_Zero,2027.082973,2029.590164,1,Expiry,0,1.04925114e-12,nan
2026590451062_Node0_Node8_Zero,2027.089129,2029.672131,1,Expiry,0,1.04925114e-12,nan
2026598651557_Node0_Node8_Zero,2027.089129,2029.672131,1,Expiry,0,1.04925114e-12,nan
2026606846212_Node0_Node8_Zero,2027.091052,2029.672131,1,Expiry,0,1.04925114e-12,nan
2026615038225_Node0_Node8_Zero,2027.091052,2029.672131,1,Expiry,0,1.04925114e-12,nan
2026623231282_Node0_Node8_Zero,2027.092874,2029.672131,1,Expiry,0,1.04925114e-12,nan
2026631427516_Node0_Node8_Zero,2027.092874,2029.672131,1,Expiry,0,1.04925114e-12,nan
2026639626451_Node0_Node8_Zero,2027.094697,2029.672131,1,Expiry,0,1.04925114e-12,nan
2026647820841_Node0_Node8_Zero,2027.094697,2029.672131,1,Expiry,0,1.04925114e-12,nan
2026656014428_Node0_Node8_Zero,2027.098462,2029.672131,1,Expiry,0,1.04925114e-12,nan
2026664207910_Node0_Node8_Zero,2027.098462,2029.672131,1,Expiry,0,1.04925114e-12,nan
2026672401021_Node0_Node8_Zero,2027.102547,2029.754098,1,Expiry,0,1.04925114e-12,nan
2026680595146_Node0_Node8_Zero,2027.102547,2029.754098,1,Expiry,0,1.04925114e-12,nan
2026688791881_Node0_Node8_Zero,2027.10445,2029.754098,1,Expiry,0,1.04925114e-12,nan
2026696986792_Node0_Node8_Zero,2027.10445,2029.754098,1,Expiry,0,1.04925114e-12,nan
2026705185882_Node0_Node8_Zero,2027.106392,2029.754098,1,Expiry,0,1.04925114e-12,nan
2026713381183_Node0_Node8_Zero,2027.106392,2029.754098,1,Expiry,0,1.04925114e-12,nan
2026721580193_Node0_Node8_Zero,2027.108335,2029.754098,1,Expiry,0,1.04925114e-12,nan
2026729776407_Node0_Node8_Zero,2027.108335,2029.754098,1,Expiry,0,1.04925114e-12,nan
2026737976932_Node0_Node8_Zero,2027.110237,2029.754098,1,Expiry,0,1.04925114e-12,nan
2026746177271_Node0_Node8_Zero,2027.110237,2029.754098,1,Expiry,0,1.04925114e-12,nan
2026754372675_Node0_Node8_Zero,2027.114177,2029.836066,1,Expiry,0,0,nan
2026762565844_Node0_Node8_Zero,2027.114177,2029.836066,1,Expiry,0,0,nan
2026770760990_Node0_Node8_Zero,2027.116239,2029.836066,1,Expiry,0,0,nan
2026778960716_Node0_Node8_Zero,2027.116239,2029.836066,1,Expiry,0,0,nan
2026787152801_Node0_Node8_Zero,2027.122401,2029.836066,1,Expiry,0,0,nan
2026795348633_Node0_Node8_Zero,2027.122401,2029.836066,1,Expiry,0,0,nan
2026803546008_Node0_Node8_Zero,2027.126421,2029.836066,1,Expiry,0,0,nan
2026811741834_Node0_Node8_Zero,2027.126421,2029.836066,1,Expiry,0,0,nan
2026819936301_Node0_Node8_Zero,2027.128363,2029.836066,1,Expiry,0,0,nan
2026828134847_Node0_Node8_Zero,2027.128363,2029.836066,1,Expiry,0,0,nan
2026836336237_Node0_Node8_Zero,2027.130386,2029.918033,1,Expiry,0,5.258698200000001e-13,nan
2026844536255_Node0_Node8_Zero,2027.130386,2029.918033,1,Expiry,0,5.258698200000001e-13,nan
2026852735645_Node0_Node8_Zero,2027.136182,2029.918033,1,Expiry,0,5.258698200000001e-13,nan
2026860928279_Node0_Node8_Zero,2027.136182,2029.918033,1,Expiry,0,5.258698200000001e-13,nan
2026869124508_Node0_Node8_Zero,2027.139942,2029.918033,1,Expiry,0,5.258698200000001e-13,nan
2026877317022_Node0_Node8_Zero,2027.139942,2029.918033,1,Expiry,0,5.258698200000001e-13,nan
2026885511922_Node0_Node8_Zero,2027.143987,2029.918033,1,Expiry,0,5.258698200000001e-13,nan
2026893711785_Node0_Node8_Zero,2027.143987,2029.918033,1,Expiry,0,5.258698200000001e-13,nan
2026901912222_Node0_Node8_Zero,2027.145989,2029.918033,1,Expiry,0,5.258698200000001e-13,nan
2026910109874_Node0_Node8_Zero,2027.145989,2029.918033,1,Expiry,0,5.258698200000001e-13,nan
2026918305440_Node0_Node8_Zero,2027.151971,2030.0,1,Expiry,0,0,nan
2026926505432_Node0_Node8_Zero,2027.151971,2030.0,1,Expiry,0,0,nan
2026934706555_Node0_Node8_Zero,2027.154014,2030.0,1,Expiry,0,0,nan
2026942904900_Node0_Node8_Zero,2027.154014,2030.0,1,Expiry,0,0,nan
2026951097171_Node0_Node8_Zero,2027.162358,2030.0,1,Expiry,0,0,nan
2026959292338_Node0_Node8_Zero,2027.162358,2030.0,1,Expiry,0,0,nan
2026967490515_Node0_Node8_Zero,2027.164441,2030.0,1,Expiry,0,0,nan
2026975683219_Node0_Node8_Zero,2027.164441,2030.0,1,Expiry,0,0,nan
2026983875687_Node0_Node8_Zero,2027.166504,2030.0,1,Expiry,0,0,nan
2026992072067_Node0_Node8_Zero,2027.166504,2030.0,1,Expiry,0,0,nan
2027000268915_Node0_Node8_Zero,2027.178728,2030.081967,1,Expiry,0,5.258698200000001e-13,nan
2027008468677_Node0_Node8_Zero,2027.178728,2030.081967,1,Expiry,0,5.258698200000001e-13,nan
2027016667803_Node0_Node8_Zero,2027.18069,2030.081967,1,Expiry,0,5.258698200000001e-13,nan
2027024864466_Node0_Node8_Zero,2027.18069,2030.081967,1,Expiry,0,5.258698200000001e-13,nan
2027033061987_Node0_Node8_Zero,2027.184795,2030.081967,1,Expiry,0,5.258698200000001e-13,nan
2027041256328_Node0_Node8_Zero,2027.184795,2030.081967,1,Expiry,0,5.258698200000001e-13,nan
2027049451281_Node0_Node8_Zero,2027.188595,2030.081967,1,Expiry,0,5.258698200000001e-13,nan
2027057646654_Node0_Node8_Zero,2027.188595,2030.081967,1,Expiry,0,5.258698200000001e-13,nan
2027065848188_Node0_Node8_Zero,2027.190437,2030.081967,1,Expiry,0,5.258698200000001e-13,nan
2027074049648_Node0_Node8_Zero,2027.190437,2030.081967,1,Expiry,0,5.258698200000001e-13,nan
2027082248471_Node0_Node8_Zero,2027.194162,2030.163934,1,Expiry,0,0,nan
2027090446300_Node0_Node8_Zero,2027.194162,2030.163934,1,Expiry,0,0,nan
2027098641355_Node0_Node8_Zero,2027.198142,2030.163934,1,Expiry,0,0,nan
2027106839606_Node0_Node8_Zero,2027.198142,2030.163934,1,Expiry,0,0,nan
2027115038563_Node0_Node8_Zero,2027.200024,2030.163934,1,Expiry,0,0,nan
2027123239039_Node0_Node8_Zero,2027.200024,2030.163934,1,Expiry,0,0,nan
2027131433386_Node0_Node8_Zero,2027.203944,2030.163934,1,Expiry,0,0,nan
2027139627989_Node0_Node8_Zero,2027.203944,2030.163934,1,Expiry,0,0,nan
2027147828946_Node0_Node8_Zero,2027.208003,2030.163934,1,Expiry,0,0,nan
2027156028957_Node0_Node8_Zero,2027.208003,2030.163934,1,Expiry,0,0,nan
2027164222152_Node0_Node8_Zero,2027.210026,2030.245902,1,Expiry,0,0,nan
2027172422999_Node0_Node8_Zero,2027.210026,2030.245902,1,Expiry,0,0,nan
2027180616161_Node0_Node8_Zero,2027.212128,2030.245902,1,Expiry,0,0,nan
2027188813773_Node0_Node8_Zero,2027.212128,2030.245902,1,Expiry,0,0,nan
2027197008726_Node0_Node8_Zero,2027.215928,2030.245902,1,Expiry,0,0,nan
2027205208429_Node0_Node8_Zero,2027.215928,2030.245902,1,Expiry,0,0,nan
2027213401113_Node0_Node8_Zero,2027.21697,2030.245902,1,Expiry,0,0,nan
2027221597471_Node0_Node8_Zero,2027.22406,2030.245902,1,Expiry,0,0,nan
2027229790154_Node0_Node8_Zero,2027.231709,2030.245902,1,Expiry,0,0,nan
2027237987887_Node0_Node8_Zero,2027.239313,2030.245902,1,Expiry,0,0,nan
2027246187570_Node0_Node8_Zero,2027.24824,2030.327869,1,Expiry,0,0,nan
2027254386942_Node0_Node8_Zero,2027.257106,2030.327869,1,Expiry,0,0,nan
2027262579917_Node0_Node8_Zero,2027.264761,2030.327869,1,Expiry,0,0,nan
2027270774102_Node0_Node8_Zero,2027.324079,2030.327869,1,Expiry,0,0,nan
2027278975251_Node0_Node8_Zero,2028.072132,2030.327869,1,Expiry,0,0,nan
2027287174231_Node0_Node8_Zero,2028.072132,2030.327869,1,Expiry,0,0,nan
2027295369333_Node0_Node8_Zero,2028.073975,2030.327869,1,Expiry,0,0,nan
2027303563768_Node0_Node8_Zero,2028.073975,2030.327869,1,Expiry,0,0,nan
2027311764954_Node0_Node8_Zero,2028.075937,2030.327869,1,Expiry,0,0,nan
2027319965093_Node0_Node8_Zero,2028.075937,2030.327869,1,Expiry,0,0,nan
2027328163425_Node0_Node8_Zero,2028.079777,2030.409836,1,Expiry,0,0,nan
2027336362299_Node0_Node8_Zero,2028.079777,2030.409836,1,Expiry,0,0,nan
2027344563161_Node0_Node8_Zero,2028.085664,2030.409836,1,Expiry,0,0,nan
2027352758036_Node0_Node8_Zero,2028.085664,2030.409836,1,Expiry,0,0,nan
2027360957378_Node0_Node8_Zero,2028.089724,2030.409836,1,Expiry,0,0,nan
2027369158242_Node0_Node8_Zero,2028.089724,2030.409836,1,Expiry,0,0,nan
2027377359879_Node0_Node8_Zero,2028.091686,2030.409836,1,Expiry,0,0,nan
2027385554495_Node0_Node8_Zero,2028.091686,2030.409836,1,Expiry,0,0,nan
2027393754916_Node0_Node8_Zero,2028.093529,2030.409836,1,Expiry,0,0,nan
2027401954821_Node0_Node8_Zero,2028.093529,2030.409836,1,Expiry,0,0,nan
2027410154932_Node0_Node8_Zero,2028.095431,2030.491803,1,Expiry,0,0,nan
2027418349893_Node0_Node8_Zero,2028.095431,2030.491803,1,Expiry,0,0,nan
2027426542944_Node0_Node8_Zero,2028.097254,2030.491803,1,Expiry,0,0,nan
2027434740247_Node0_Node8_Zero,2028.097254,2030.491803,1,Expiry,0,0,nan
2027442941902_Node0_Node8_Zero,2028.099177,2030.491803,1,Expiry,0,0,nan
2027451135184_Node0_Node8_Zero,2028.099177,2030.491803,1,Expiry,0,0,nan
2027459331243_Node0_Node8_Zero,2028.103282,2030.491803,1,Expiry,0,0,nan
2027467526658_Node0_Node8_Zero,2028.103282,2030.491803,1,Expiry,0,0,nan
2027475726072_Node0_Node8_Zero,2028.105304,2030.491803,1,Expiry,0,0,nan
2027483926713_Node0_Node8_Zero,2028.105304,2030.491803,1,Expiry,0,0,nan
2027492120847_Node0_Node8_Zero,2028.107147,2030.57377,1,Expiry,0,0,nan
2027500317189_Node0_Node8_Zero,2028.107147,2030.57377,1,Expiry,0,0,nan
2027508509782_Node0_Node8_Zero,2028.111266,2030.57377,1,Expiry,0,0,nan
2027516707903_Node0_Node8_Zero,2028.111266,2030.57377,1,Expiry,0,0,nan
2027524899806_Node0_Node8_Zero,2028.115226,2030.57377,1,Expiry,0,0,nan
2027533094537_Node0_Node8_Zero,2028.115226,2030.57377,1,Expiry,0,0,nan
2027541292243_Node0_Node8_Zero,2028.117148,2030.57377,1,Expiry,0,0,nan
2027549485437_Node0_Node8_Zero,2028.117148,2030.57377,1,Expiry,0,0,nan
2027557679352_Node0_Node8_Zero,2028.119231,2030.57377,1,Expiry,0,0,nan
2027565877250_Node0_Node8_Zero,2028.119231,2030.57377,1,Expiry,0,0,nan
2027574072567_Node0_Node8_Zero,2028.12321,2030.655738,1,Expiry,0,0,nan
2027582268638_Node0_Node8_Zero,2028.12321,2030.655738,1,Expiry,0,0,nan
2027590470134_Node0_Node8_Zero,2028.125073,2030.655738,1,Expiry,0,0,nan
2027598669412_Node0_Node8_Zero,2028.125073,2030.655738,1,Expiry,0,0,nan
2027606869413_Node0_Node8_Zero,2028.126895,2030.655738,1,Expiry,0,0,nan
2027615068628_Node0_Node8_Zero,2028.126895,2030.655738,1,Expiry,0,0,nan
2027623265020_Node0_Node8_Zero,2028.130901,2030.655738,1,Expiry,0,0,nan
2027631464546_Node0_Node8_Zero,2028.130901,2030.655738,1,Expiry,0,0,nan
2027639661093_Node0_Node8_Zero,2028.132903,2030.655738,1,Expiry,0,0,nan
2027647855626_Node0_Node8_Zero,2028.132903,2030.655738,1,Expiry,0,0,nan
2027656048443_Node0_Node8_Zero,2028.134786,2030.737705,1,Expiry,0,5.258698200000001e-13,nan
2027664243595_Node0_Node8_Zero,2028.134786,2030.737705,1,Expiry,0,5.258698200000001e-13,nan
2027672441839_Node0_Node8_Zero,2028.136768,2030.737705,1,Expiry,0,5.258698200000001e-13,nan
2027680635629_Node0_Node8_Zero,2028.136768,2030.737705,1,Expiry,0,5.258698200000001e-13,nan
2027688828097_Node0_Node8_Zero,2028.155014,2030.737705,1,Expiry,0,5.258698200000001e-13,nan
2027697027520_Node0_Node8_Zero,2028.155014,2030.737705,1,Expiry,0,5.258698200000001e-13,nan
2027705221604_Node0_Node8_Zero,2028.157037,2030.737705,1,Expiry,0,5.258698200000001e-13,nan
2027713418080_Node0_Node8_Zero,2028.157037,2030.737705,1,Expiry,0,5.258698200000001e-13,nan
2027721614695_Node0_Node8_Zero,2028.158899,2030.737705,1,Expiry,0,5.258698200000001e-13,nan
2027729812820_Node0_Node8_Zero,2028.158899,2030.737705,1,Expiry,0,5.258698200000001e-13,nan
2027738008573_Node0_Node8_Zero,2028.164961,2030.819672,1,Expiry,0,0,nan
2027746202203_Node0_Node8_Zero,2028.164961,2030.819672,1,Expiry,0,0,nan
2027754399430_Node0_Node8_Zero,2028.169061,2030.819672,1,Expiry,0,0,nan
2027762596874_Node0_Node8_Zero,2028.169061,2030.819672,1,Expiry,0,0,nan
2027770797044_Node0_Node8_Zero,2028.171143,2030.819672,1,Expiry,0,0,nan
2027778990047_Node0_Node8_Zero,2028.171143,2030.819672,1,Expiry,0,0,nan
2027787189580_Node0_Node8_Zero,2028.173206,2030.819672,1,Expiry,0,0,nan
2027795387885_Node0_Node8_Zero,2028.173206,2030.819672,1,Expiry,0,0,nan
2027803582249_Node0_Node8_Zero,2028.175088,2030.819672,1,Expiry,0,0,nan
2027811781994_Node0_Node8_Zero,2028.175088,2030.819672,1,Expiry,0,0,nan
2027819978916_Node0_Node8_Zero,2028.177051,2030.901639,1,Expiry,0,0,nan
2027828173097_Node0_Node8_Zero,2028.177051,2030.901639,1,Expiry,0,0,nan
2027836365057_Node0_Node8_Zero,2028.181296,2030.901639,1,Expiry,0,0,nan
2027844557092_Node0_Node8_Zero,2028.181296,2030.901639,1,Expiry,0,0,nan
2027852755419_Node0_Node8_Zero,2028.183299,2030.901639,1,Expiry,0,0,nan
2027860954227_Node0_Node8_Zero,2028.183299,2030.901639,1,Expiry,0,0,nan
2027869147287_Node0_Node8_Zero,2028.191398,2030.901639,1,Expiry,0,0,nan
2027877345831_Node0_Node8_Zero,2028.191398,2030.901639,1,Expiry,0,0,nan
2027885541661_Node0_Node8_Zero,2028.19326,2030.901639,1,Expiry,0,0,nan
2027893735841_Node0_Node8_Zero,2028.19326,2030.901639,1,Expiry,0,0,nan
2027901928201_Node0_Node8_Zero,2028.195123,2030.983607,1,Expiry,0,1.04925114e-12,nan
2027910124792_Node0_Node8_Zero,2028.195123,2030.983607,1,Expiry,0,1.04925114e-12,nan
2027918318697_Node0_Node8_Zero,2028.199008,2030.983607,1,Expiry,0,1.04925114e-12,nan
2027926516123_Node0_Node8_Zero,2028.199008,2030.983607,1,Expiry,0,1.04925114e-12,nan
2027934715076_Node0_Node8_Zero,2028.203173,2030.983607,1,Expiry,0,1.04925114e-12,nan
2027942911514_Node0_Node8_Zero,2028.203173,2030.983607,1,Expiry,0,1.04925114e-12,nan
2027951107723_Node0_Node8_Zero,2028.205236,2030.983607,1,Expiry,0,1.04925114e-12,nan
2027959303582_Node0_Node8_Zero,2028.205236,2030.983607,1,Expiry,0,1.04925114e-12,nan
2027967497350_Node0_Node8_Zero,2028.207238,2030.983607,1,Expiry,0,1.04925114e-12,nan
2027975692576_Node0_Node8_Zero,2028.207238,2030.983607,1,Expiry,0,1.04925114e-12,nan
2027983889262_Node0_Node8_Zero,2028.209061,2031.065574,1,Expiry,0,0,nan
2027992090506_Node0_Node8_Zero,2028.209061,2031.065574,1,Expiry,0,0,nan
2028000289232_Node0_Node8_Zero,2028.21718,2031.065574,1,Expiry,0,0,nan
2028008483007_Node0_Node8_Zero,2028.21718,2031.065574,1,Expiry,0,0,nan
2028016679098_Node0_Node8_Zero,2028.219122,2031.065574,1,Expiry,0,0,nan
2028024879690_Node0_Node8_Zero,2028.219122,2031.065574,1,Expiry,0,0,nan
2028033078409_Node0_Node8_Zero,2028.223242,2031.065574,1,Expiry,0,0,nan
2028041270583_Node0_Node8_Zero,2028.223242,2031.065574,1,Expiry,0,0,nan
2028049463961_Node0_Node8_Zero,2028.225364,2031.065574,1,Expiry,0,0,nan
2028057658830_Node0_Node8_Zero,2028.225364,2031.065574,1,Expiry,0,0,nan
2028065851618_Node0_Node8_Zero,2028.229304,2031.147541,1,Expiry,0,0,nan
2028074043904_Node0_Node8_Zero,2028.229304,2031.147541,1,Expiry,0,0,nan
2028082236888_Node0_Node8_Zero,2028.231406,2031.147541,1,Expiry,0,0,nan
2028090432935_Node0_Node8_Zero,2028.231406,2031.147541,1,Expiry,0,0,nan
2028098629004_Node0_Node8_Zero,2028.233349,2031.147541,1,Expiry,0,0,nan
2028106829351_Node0_Node8_Zero,2028.233349,2031.147541,1,Expiry,0,0,nan
2028115026436_Node0_Node8_Zero,2028.237108,2031.147541,1,Expiry,0,0,nan
2028123224413_Node0_Node8_Zero,2028.237108,2031.147541,1,Expiry,0,0,nan
2028131421233_Node0_Node8_Zero,2028.242984,2031.147541,1,Expiry,0,0,nan
2028139615694_Node0_Node8_Zero,2028.242984,2031.147541,1,Expiry,0,0,nan
2028147813772_Node0_Node8_Zero,2028.244807,2031.229508,1,Expiry,0,0,nan
2028156013653_Node0_Node8_Zero,2028.244807,2031.229508,1,Expiry,0,0,nan
2028164209522_Node0_Node8_Zero,2028.24673,2031.229508,1,Expiry,0,0,nan
2028172408211_Node0_Node8_Zero,2028.24673,2031.229508,1,Expiry,0,0,nan
2028180604262_Node0_Node8_Zero,2028.250609,2031.229508,1,Expiry,0,0,nan
2028188796888_Node0_Node8_Zero,2028.250609,2031.229508,1,Expiry,0,0,nan
2028196997786_Node0_Node8_Zero,2028.252532,2031.229508,1,Expiry,0,0,nan
2028205191472_Node0_Node8_Zero,2028.252532,2031.229508,1,Expiry,0,0,nan
2028213383395_Node0_Node8_Zero,2028.254454,2031.229508,1,Expiry,0,0,nan
2028221579797_Node0_Node8_Zero,2028.254454,2031.229508,1,Expiry,0,0,nan
2028229774433_Node0_Node8_Zero,2028.260542,2031.311475,1,Expiry,0,1.04925114e-12,nan
2028237973633_Node0_Node8_Zero,2028.260542,2031.311475,1,Expiry,0,1.04925114e-12,nan
2028246166033_Node0_Node8_Zero,2028.262564,2031.311475,1,Expiry,0,1.04925114e-12,nan
2028254357981_Node0_Node8_Zero,2028.262564,2031.311475,1,Expiry,0,1.04925114e-12,nan
2028262553102_Node0_Node8_Zero,2028.263701,2031.311475,1,Expiry,0,1.04925114e-12,nan
2028270748562_Node0_Node8_Zero,2028.272096,2031.311475,1,Expiry,0,1.04925114e-12,nan
2028278945302_Node0_Node8_Zero,2028.281708,2031.311475,1,Expiry,0,1.04925114e-12,nan
2028287144647_Node0_Node8_Zero,2028.289478,2031.311475,1,Expiry,0,1.04925114e-12,nan
2028295343811_Node0_Node8_Zero,2028.449574,2031.311475,1,Expiry,0,1.04925114e-12,nan
2028303541336_Node0_Node8_Zero,2028.452692,2031.311475,1,Expiry,0,1.04925114e-12,nan
2028311738448_Node0_Node8_Zero,2028.454532,2031.393443,1,Expiry,0,0,nan
2028319935691_Node0_Node8_Zero,2028.458658,2031.393443,1,Expiry,0,0,nan
2028328133086_Node0_Node8_Zero,2028.460598,2031.393443,1,Expiry,0,0,nan
2028336328028_Node0_Node8_Zero,2028.462578,2031.393443,1,Expiry,0,0,nan
2028344526656_Node0_Node8_Zero,2028.467276,2031.393443,1,Expiry,0,0,nan
2028352718493_Node0_Node8_Zero,2028.469136,2031.393443,1,Expiry,0,0,nan
2028360911837_Node0_Node8_Zero,2028.471255,2031.393443,1,Expiry,0,0,nan
2028369107809_Node0_Node8_Zero,2028.475402,2031.393443,1,Expiry,0,0,nan
2028377304455_Node0_Node8_Zero,2028.477322,2031.393443,1,Expiry,0,0,nan
2028385500775_Node0_Node8_Zero,2028.479361,2031.393443,1,Expiry,0,0,nan
2028393694850_Node0_Node8_Zero,2028.481421,2031.47541,1,Expiry,0,5.258698200000001e-13,nan
2028401886720_Node0_Node8_Zero,2028.483381,2031.47541,1,Expiry,0,5.258698200000001e-13,nan
2028410079692_Node0_Node8_Zero,2028.48524,2031.47541,1,Expiry,0,5.258698200000001e-13,nan
2028418271953_Node0_Node8_Zero,2028.493599,2031.47541,1,Expiry,0,5.258698200000001e-13,nan
2028426469922_Node0_Node8_Zero,2028.495539,2031.47541,1,Expiry,0,5.258698200000001e-13,nan
2028434662277_Node0_Node8_Zero,2028.497438,2031.47541,1,Expiry,0,5.258698200000001e-13,nan
2028442857907_Node0_Node8_Zero,2028.503777,2031.47541,1,Expiry,0,5.258698200000001e-13,nan
2028451054664_Node0_Node8_Zero,2028.505917,2031.47541,1,Expiry,0,5.258698200000001e-13,nan
2028459247617_Node0_Node8_Zero,2028.507876,2031.47541,1,Expiry,0,5.258698200000001e-13,nan
2028467446077_Node0_Node8_Zero,2028.509796,2031.47541,1,Expiry,0,5.258698200000001e-13,nan
2028475643632_Node0_Node8_Zero,2028.511656,2031.557377,1,Expiry,0,5.258698200000001e-13,nan
2028483838757_Node0_Node8_Zero,2028.513635,2031.557377,1,Expiry,0,5.258698200000001e-13,nan
2028492037606_Node0_Node8_Zero,2028.515575,2031.557377,1,Expiry,0,5.258698200000001e-13,nan
2028500235497_Node0_Node8_Zero,2028.517575,2031.557377,1,Expiry,0,5.258698200000001e-13,nan
2028508435745_Node0_Node8_Zero,2028.519474,2031.557377,1,Expiry,0,5.258698200000001e-13,nan
2028516634657_Node0_Node8_Zero,2028.525473,2031.557377,1,Expiry,0,5.258698200000001e-13,nan
2028524835519_Node0_Node8_Zero,2028.5275,2031.557377,1,Expiry,0,5.258698200000001e-13,nan
2028533029539_Node0_Node8_Zero,2028.535673,2031.557377,1,Expiry,0,5.258698200000001e-13,nan
2028541222950_Node0_Node8_Zero,2028.546279,2031.557377,1,Expiry,0,5.258698200000001e-13,nan
2028549416291_Node0_Node8_Zero,2028.552645,2031.557377,1,Expiry,0,5.258698200000001e-13,nan
2028557616705_Node0_Node8_Zero,2028.561144,2031.639344,1,Expiry,0,0,nan
2028565818049_Node0_Node8_Zero,2028.569489,2031.639344,1,Expiry,0,0,nan
2028574015880_Node0_Node8_Zero,2028.864325,2031.639344,1,Expiry,0,0,nan
2028582214560_Node0_Node8_Zero,2029.044169,2031.639344,1,Expiry,0,0,nan
2028590414410_Node0_Node8_Zero,2029.046188,2031.639344,1,Expiry,0,0,nan
2028598607394_Node0_Node8_Zero,2029.048148,2031.639344,1,Expiry,0,0,nan
2028606806590_Node0_Node8_Zero,2029.050188,2031.639344,1,Expiry,0,0,nan
2028615005611_Node0_Node8_Zero,2029.052227,2031.639344,1,Expiry,0,0,nan
2028623200829_Node0_Node8_Zero,2029.054167,2031.639344,1,Expiry,0,0,nan
2028631395544_Node0_Node8_Zero,2029.056007,2031.639344,1,Expiry,0,0,nan
2028639593645_Node0_Node8_Zero,2029.060066,2031.721311,1,Expiry,0,5.258698200000001e-13,nan
2028647792719_Node0_Node8_Zero,2029.061906,2031.721311,1,Expiry,0,5.258698200000001e-13,nan
2028655994122_Node0_Node8_Zero,2029.063765,2031.721311,1,Expiry,0,5.258698200000001e-13,nan
2028664195052_Node0_Node8_Zero,2029.065645,2031.721311,1,Expiry,0,5.258698200000001e-13,nan
2028672391240_Node0_Node8_Zero,2029.069524,2031.721311,1,Expiry,0,5.258698200000001e-13,nan
2028680583084_Node0_Node8_Zero,2029.07765,2031.721311,1,Expiry,0,5.258698200000001e-13,nan
2028688784404_Node0_Node8_Zero,2029.07953,2031.721311,1,Expiry,0,5.258698200000001e-13,nan
2028696976557_Node0_Node8_Zero,2029.081549,2031.721311,1,Expiry,0,5.258698200000001e-13,nan
2028705168992_Node0_Node8_Zero,2029.085556,2031.721311,1,Expiry,0,5.258698200000001e-13,nan
2028713366232_Node0_Node8_Zero,2029.089422,2031.721311,1,Expiry,0,5.258698200000001e-13,nan
2028721565094_Node0_Node8_Zero,2029.091442,2031.803279,1,Expiry,0,0,nan
2028729762152_Node0_Node8_Zero,2029.093342,2031.803279,1,Expiry,0,0,nan
2028737954063_Node0_Node8_Zero,2029.095301,2031.803279,1,Expiry,0,0,nan
2028746148846_Node0_Node8_Zero,2029.097301,2031.803279,1,Expiry,0,0,nan
2028754344736_Node0_Node8_Zero,2029.10144,2031.803279,1,Expiry,0,0,nan
2028762546103_Node0_Node8_Zero,2029.1033,2031.803279,1,Expiry,0,0,nan
2028770740281_Node0_Node8_Zero,2029.107087,2031.803279,1,Expiry,0,0,nan
2028778941116_Node0_Node8_Zero,2029.112953,2031.803279,1,Expiry,0,0,nan
2028787141629_Node0_Node8_Zero,2029.115052,2031.803279,1,Expiry,0,0,nan
2028795334416_Node0_Node8_Zero,2029.117092,2031.803279,1,Expiry,0,0,nan
2028803534658_Node0_Node8_Zero,2029.119072,2031.885246,1,Expiry,0,0,nan
2028811732507_Node0_Node8_Zero,2029.120971,2031.885246,1,Expiry,0,0,nan
2028819930147_Node0_Node8_Zero,2029.12923,2031.885246,1,Expiry,0,0,nan
2028828124723_Node0_Node8_Zero,2029.13117,2031.885246,1,Expiry,0,0,nan
2028836322572_Node0_Node8_Zero,2029.133089,2031.885246,1,Expiry,0,0,nan
2028844522667_Node0_Node8_Zero,2029.137069,2031.885246,1,Expiry,0,0,nan
2028852720555_Node0_Node8_Zero,2029.139048,2031.885246,1,Expiry,0,0,nan
2028860917088_Node0_Node8_Zero,2029.141068,2031.885246,1,Expiry,0,0,nan
2028869111486_Node0_Node8_Zero,2029.142908,2031.885246,1,Expiry,0,0,nan
2028877304178_Node0_Node8_Zero,2029.151086,2031.885246,1,Expiry,0,0,nan
2028885497270_Node0_Node8_Zero,2029.152986,2031.967213,1,Expiry,0,1.04925114e-12,nan
2028893690629_Node0_Node8_Zero,2029.154865,2031.967213,1,Expiry,0,1.04925114e-12,nan
2028901888028_Node0_Node8_Zero,2029.156705,2031.967213,1,Expiry,0,1.04925114e-12,nan
2028910084186_Node0_Node8_Zero,2029.158785,2031.967213,1,Expiry,0,1.04925114e-12,nan
2028918277611_Node0_Node8_Zero,2029.160624,2031.967213,1,Expiry,0,1.04925114e-12,nan
2028926470456_Node0_Node8_Zero,2029.164551,2031.967213,1,Expiry,0,1.04925114e-12,nan
2028934670235_Node0_Node8_Zero,2029.166411,2031.967213,1,Expiry,0,1.04925114e-12,nan
2028942862366_Node0_Node8_Zero,2029.17043,2031.967213,1,Expiry,0,1.04925114e-12,nan
2028951064030_Node0_Node8_Zero,2029.17227,2031.967213,1,Expiry,0,1.04925114e-12,nan
2028959257748_Node0_Node8_Zero,2029.174169,2031.967213,1,Expiry,0,1.04925114e-12,nan
2028967458252_Node0_Node8_Zero,2029.176289,2032.04918,1,Expiry,0,0,nan
2028975650098_Node0_Node8_Zero,2029.178369,2032.04918,1,Expiry,0,0,nan
2028983843715_Node0_Node8_Zero,2029.182315,2032.04918,1,Expiry,0,0,nan
2028992038957_Node0_Node8_Zero,2029.184435,2032.04918,1,Expiry,0,0,nan
2029000240670_Node0_Node8_Zero,2029.186314,2032.04918,1,Expiry,0,0,nan
2029008434654_Node0_Node8_Zero,2029.188274,2032.04918,1,Expiry,0,0,nan
2029016627030_Node0_Node8_Zero,2029.192273,2032.04918,1,Expiry,0,0,nan
2029024823207_Node0_Node8_Zero,2029.202586,2032.04918,1,Expiry,0,0,nan
2029049412055_Node0_Node8_Zero,2029.206488,2032.131148,1,Expiry,0,1.04925114e-12,nan
2029057609451_Node0_Node8_Zero,2029.206488,2032.131148,1,Expiry,0,1.04925114e-12,nan
2029065804686_Node0_Node8_Zero,2029.210302,2032.131148,1,Expiry,0,1.04925114e-12,nan
2029073999468_Node0_Node8_Zero,2029.210302,2032.131148,1,Expiry,0,1.04925114e-12,nan
2029082200389_Node0_Node8_Zero,2029.21619,2032.131148,1,Expiry,0,1.04925114e-12,nan
2029090401494_Node0_Node8_Zero,2029.21619,2032.131148,1,Expiry,0,1.04925114e-12,nan
2029098603004_Node0_Node8_Zero,2029.220175,2032.131148,1,Expiry,0,1.04925114e-12,nan
2029106796308_Node0_Node8_Zero,2029.220175,2032.131148,1,Expiry,0,1.04925114e-12,nan
2029114996566_Node0_Node8_Zero,2029.222257,2032.131148,1,Expiry,0,1.04925114e-12,nan
2029123198142_Node0_Node8_Zero,2029.222257,2032.131148,1,Expiry,0,1.04925114e-12,nan
2029131396137_Node0_Node8_Zero,2029.22408,2032.213115,1,Expiry,0,1.04925114e-12,nan
2029139591427_Node0_Node8_Zero,2029.22408,2032.213115,1,Expiry,0,1.04925114e-12,nan
2029147784869_Node0_Node8_Zero,2029.225902,2032.213115,1,Expiry,0,1.04925114e-12,nan
2029155983700_Node0_Node8_Zero,2029.225902,2032.213115,1,Expiry,0,1.04925114e-12,nan
2029164183881_Node0_Node8_Zero,2029.230028,2032.213115,1,Expiry,0,1.04925114e-12,nan
2029172380768_Node0_Node8_Zero,2029.230028,2032.213115,1,Expiry,0,1.04925114e-12,nan
2029180579728_Node0_Node8_Zero,2029.23185,2032.213115,1,Expiry,0,1.04925114e-12,nan
2029188775899_Node0_Node8_Zero,2029.23185,2032.213115,1,Expiry,0,1.04925114e-12,nan
2029196969221_Node0_Node8_Zero,2029.233713,2032.213115,1,Expiry,0,1.04925114e-12,nan
2029205165216_Node0_Node8_Zero,2029.233713,2032.213115,1,Expiry,0,1.04925114e-12,nan
2029213361460_Node0_Node8_Zero,2029.235555,2032.295082,1,Expiry,0,1.04925114e-12,nan
2029221555155_Node0_Node8_Zero,2029.235555,2032.295082,1,Expiry,0,1.04925114e-12,nan
2029229750936_Node0_Node8_Zero,2029.2387,2032.295082,1,Expiry,0,1.04925114e-12,nan
2029237945976_Node0_Node8_Zero,2029.241019,2032.295082,1,Expiry,0,1.04925114e-12,nan
2029246147408_Node0_Node8_Zero,2029.247693,2032.295082,1,Expiry,0,1.04925114e-12,nan
2029262544938_Node0_Node8_Zero,2029.549337,2032.295082,1,Expiry,0,1.04925114e-12,nan
2029270740000_Node0_Node8_Zero,2029.549337,2032.295082,1,Expiry,0,1.04925114e-12,nan
2029278935329_Node0_Node8_Zero,2029.553437,2032.295082,1,Expiry,0,1.04925114e-12,nan
2029287127479_Node0_Node8_Zero,2029.553437,2032.295082,1,Expiry,0,1.04925114e-12,nan
2029295325944_Node0_Node8_Zero,2029.555359,2032.377049,1,Expiry,0,1.04925114e-12,nan
2029303518394_Node0_Node8_Zero,2029.555359,2032.377049,1,Expiry,0,1.04925114e-12,nan
2029311714183_Node0_Node8_Zero,2029.560646,2032.377049,1,Expiry,0,1.04925114e-12,nan
2029319906977_Node0_Node8_Zero,2029.560646,2032.377049,1,Expiry,0,1.04925114e-12,nan
2029328107705_Node0_Node8_Zero,2029.562709,2032.377049,1,Expiry,0,1.04925114e-12,nan
2029336299959_Node0_Node8_Zero,2029.562709,2032.377049,1,Expiry,0,1.04925114e-12,nan
2029344499289_Node0_Node8_Zero,2029.564571,2032.377049,1,Expiry,0,1.04925114e-12,nan
2029352692984_Node0_Node8_Zero,2029.564571,2032.377049,1,Expiry,0,1.04925114e-12,nan
2029360891023_Node0_Node8_Zero,2029.566394,2032.377049,1,Expiry,0,1.04925114e-12,nan
2029369085498_Node0_Node8_Zero,2029.566394,2032.377049,1,Expiry,0,1.04925114e-12,nan
2029377278422_Node0_Node8_Zero,2029.572062,2032.459016,1,Expiry,0,1.04925114e-12,nan
2029385479784_Node0_Node8_Zero,2029.572062,2032.459016,1,Expiry,0,1.04925114e-12,nan
2029393679762_Node0_Node8_Zero,2029.574064,2032.459016,1,Expiry,0,1.04925114e-12,nan
2029401878769_Node0_Node8_Zero,2029.574064,2032.459016,1,Expiry,0,1.04925114e-12,nan
2029410078969_Node0_Node8_Zero,2029.576087,2032.459016,1,Expiry,0,1.04925114e-12,nan
2029418272276_Node0_Node8_Zero,2029.576087,2032.459016,1,Expiry,0,1.04925114e-12,nan
2029426470881_Node0_Node8_Zero,2029.580232,2032.459016,1,Expiry,0,1.04925114e-12,nan
2029434662663_Node0_Node8_Zero,2029.580232,2032.459016,1,Expiry,0,1.04925114e-12,nan
2029442863232_Node0_Node8_Zero,2029.584391,2032.459016,1,Expiry,0,1.04925114e-12,nan
2029451062038_Node0_Node8_Zero,2029.584391,2032.459016,1,Expiry,0,1.04925114e-12,nan
2029459261748_Node0_Node8_Zero,2029.586334,2032.540984,1,Expiry,0,0,nan
2029467456567_Node0_Node8_Zero,2029.586334,2032.540984,1,Expiry,0,0,nan
2029475650475_Node0_Node8_Zero,2029.588297,2032.540984,1,Expiry,0,0,nan
2029483844234_Node0_Node8_Zero,2029.588297,2032.540984,1,Expiry,0,0,nan
2029492038806_Node0_Node8_Zero,2029.598698,2032.540984,1,Expiry,0,0,nan
2029500231889_Node0_Node8_Zero,2029.598698,2032.540984,1,Expiry,0,0,nan
2029508423744_Node0_Node8_Zero,2029.602457,2032.540984,1,Expiry,0,0,nan
2029516615506_Node0_Node8_Zero,2029.602457,2032.540984,1,Expiry,0,0,nan
2029524810308_Node0_Node8_Zero,2029.60454,2032.540984,1,Expiry,0,0,nan
2029533003695_Node0_Node8_Zero,2029.60454,2032.540984,1,Expiry,0,0,nan
2029541197517_Node0_Node8_Zero,2029.606383,2032.622951,1,Expiry,0,1.04925114e-12,nan
2029549396954_Node0_Node8_Zero,2029.606383,2032.622951,1,Expiry,0,1.04925114e-12,nan
2029557588773_Node0_Node8_Zero,2029.608485,2032.622951,1,Expiry,0,1.04925114e-12,nan
2029565787730_Node0_Node8_Zero,2029.608485,2032.622951,1,Expiry,0,1.04925114e-12,nan
2029573985596_Node0_Node8_Zero,2029.612405,2032.622951,1,Expiry,0,1.04925114e-12,nan
2029582178098_Node0_Node8_Zero,2029.612405,2032.622951,1,Expiry,0,1.04925114e-12,nan
2029590373678_Node0_Node8_Zero,2029.614247,2032.622951,1,Expiry,0,1.04925114e-12,nan
2029598573427_Node0_Node8_Zero,2029.614247,2032.622951,1,Expiry,0,1.04925114e-12,nan
2029606773888_Node0_Node8_Zero,2029.61523,2032.622951,1,Expiry,0,1.04925114e-12,nan
2029614972799_Node0_Node8_Zero,2029.616352,2032.622951,1,Expiry,0,1.04925114e-12,nan
2029623174476_Node0_Node8_Zero,2029.625724,2032.704918,1,Expiry,0,1.04925114e-12,nan
2029631369702_Node0_Node8_Zero,2029.731947,2032.704918,1,Expiry,0,1.04925114e-12,nan
2029639571346_Node0_Node8_Zero,2029.736306,2032.704918,1,Expiry,0,1.04925114e-12,nan
2029647769384_Node0_Node8_Zero,2029.736306,2032.704918,1,Expiry,0,1.04925114e-12,nan
2029655965046_Node0_Node8_Zero,2029.738249,2032.704918,1,Expiry,0,1.04925114e-12,nan
2029664166381_Node0_Node8_Zero,2029.738249,2032.704918,1,Expiry,0,1.04925114e-12,nan
2029672362594_Node0_Node8_Zero,2029.742214,2032.704918,1,Expiry,0,1.04925114e-12,nan
2029680555871_Node0_Node8_Zero,2029.742214,2032.704918,1,Expiry,0,1.04925114e-12,nan
2029688751407_Node0_Node8_Zero,2029.744117,2032.704918,1,Expiry,0,1.04925114e-12,nan
2029696943282_Node0_Node8_Zero,2029.744117,2032.704918,1,Expiry,0,1.04925114e-12,nan
2029705140531_Node0_Node8_Zero,2029.745979,2032.786885,1,Expiry,0,1.04925114e-12,nan
2029713341362_Node0_Node8_Zero,2029.745979,2032.786885,1,Expiry,0,1.04925114e-12,nan
2029721536290_Node0_Node8_Zero,2029.751707,2032.786885,1,Expiry,0,1.04925114e-12,nan
2029729733631_Node0_Node8_Zero,2029.751707,2032.786885,1,Expiry,0,1.04925114e-12,nan
2029737934023_Node0_Node8_Zero,2029.755652,2032.786885,1,Expiry,0,1.04925114e-12,nan
2029746130751_Node0_Node8_Zero,2029.755652,2032.786885,1,Expiry,0,1.04925114e-12,nan
2029754326986_Node0_Node8_Zero,2029.756774,2032.786885,1,Expiry,0,1.04925114e-12,nan
2029762525416_Node0_Node8_Zero,2029.763813,2032.786885,1,Expiry,0,1.04925114e-12,nan
2029770718994_Node0_Node8_Zero,2029.772464,2032.786885,1,Expiry,0,1.04925114e-12,nan
2029778911350_Node0_Node8_Zero,2029.780665,2032.786885,1,Expiry,0,1.04925114e-12,nan
2029787104540_Node0_Node8_Zero,2030.050916,2032.868852,1,Expiry,0,1.04925114e-12,nan
2029795302855_Node0_Node8_Zero,2032.085273,2032.868852,1,Expiry,0,1.04925114e-12,nan
2029803502989_Node0_Node8_Zero,2032.085273,2032.868852,1,Expiry,0,1.04925114e-12,nan
2029811702250_Node0_Node8_Zero,2032.087295,2032.868852,1,Expiry,0,1.04925114e-12,nan
2029819899395_Node0_Node8_Zero,2032.087295,2032.868852,1,Expiry,0,1.04925114e-12,nan
2029828096288_Node0_Node8_Zero,2032.089158,2032.868852,1,Expiry,0,1.04925114e-12,nan
2029836295354_Node0_Node8_Zero,2032.089158,2032.868852,1,Expiry,0,1.04925114e-12,nan
2029844494042_Node0_Node8_Zero,2032.093363,2032.868852,1,Expiry,0,1.04925114e-12,nan
2029852695396_Node0_Node8_Zero,2032.093363,2032.868852,1,Expiry,0,1.04925114e-12,nan
2029860887554_Node0_Node8_Zero,2032.095426,2032.868852,1,Expiry,0,1.04925114e-12,nan
2029869080429_Node0_Node8_Zero,2032.095426,2032.95082,1,Expiry,0,1.04925114e-12,nan
2029877278109_Node0_Node8_Zero,2032.099385,2032.95082,1,Expiry,0,1.04925114e-12,nan
2029885469857_Node0_Node8_Zero,2032.099385,2032.95082,1,Expiry,0,1.04925114e-12,nan
2029893662900_Node0_Node8_Zero,2032.101208,2032.95082,1,Expiry,0,1.04925114e-12,nan
2029901862884_Node0_Node8_Zero,2032.101208,2032.95082,1,Expiry,0,1.04925114e-12,nan
2029910062121_Node0_Node8_Zero,2032.10305,2032.95082,1,Expiry,0,1.04925114e-12,nan
2029918257701_Node0_Node8_Zero,2032.10305,2032.95082,1,Expiry,0,1.04925114e-12,nan
2029926455061_Node0_Node8_Zero,2032.104893,2032.95082,1,Expiry,0,1.04925114e-12,nan
2029934654974_Node0_Node8_Zero,2032.104893,2032.95082,1,Expiry,0,1.04925114e-12,nan
2029942847121_Node0_Node8_Zero,2032.106795,2032.95082,1,Expiry,0,1.04925114e-12,nan
2029951039783_Node0_Node8_Zero,2032.106795,2033.032787,1,Expiry,0,1.04925114e-12,nan
2029959232466_Node0_Node8_Zero,2032.1108,2033.032787,1,Expiry,0,1.04925114e-12,nan
2029967428819_Node0_Node8_Zero,2032.1108,2033.032787,1,Expiry,0,1.04925114e-12,nan
2029975620686_Node0_Node8_Zero,2032.114905,2033.032787,1,Expiry,0,1.04925114e-12,nan
2029983821781_Node0_Node8_Zero,2032.114905,2033.032787,1,Expiry,0,1.04925114e-12,nan
2029992022464_Node0_Node8_Zero,2032.116728,2033.032787,1,Expiry,0,1.04925114e-12,nan
2030000222843_Node0_Node8_Zero,2032.116728,2033.032787,1,Expiry,0,1.04925114e-12,nan
2030008419727_Node0_Node8_Zero,2032.118651,2033.032787,1,Expiry,0,1.04925114e-12,nan
2030016620311_Node0_Node8_Zero,2032.118651,2033.032787,1,Expiry,0,1.04925114e-12,nan
2030024819172_Node0_Node8_Zero,2032.124158,2033.032787,1,Expiry,0,1.04925114e-12,nan
2030033017315_Node0_Node8_Zero,2032.124158,2033.114754,1,Expiry,0,1.04925114e-12,nan
2030041217591_Node0_Node8_Zero,2032.130194,2033.114754,1,Expiry,0,1.04925114e-12,nan
2030049410294_Node0_Node8_Zero,2032.130194,2033.114754,1,Expiry,0,1.04925114e-12,nan
2030057611086_Node0_Node8_Zero,2032.134353,2033.114754,1,Expiry,0,1.04925114e-12,nan
2030065803426_Node0_Node8_Zero,2032.134353,2033.114754,1,Expiry,0,1.04925114e-12,nan
2030073998907_Node0_Node8_Zero,2032.136176,2033.114754,1,Expiry,0,1.04925114e-12,nan
2030082191186_Node0_Node8_Zero,2032.136176,2033.114754,1,Expiry,0,1.04925114e-12,nan
2030090389209_Node0_Node8_Zero,2032.138118,2033.114754,1,Expiry,0,1.04925114e-12,nan
2030098587304_Node0_Node8_Zero,2032.138118,2033.114754,1,Expiry,0,1.04925114e-12,nan
2030106780410_Node0_Node8_Zero,2032.140081,2033.114754,1,Expiry,0,1.04925114e-12,nan
2030114976884_Node0_Node8_Zero,2032.140081,2033.196721,1,Expiry,0,1.04925114e-12,nan
2030123175432_Node0_Node8_Zero,2032.142084,2033.196721,1,Expiry,0,1.04925114e-12,nan
2030131370645_Node0_Node8_Zero,2032.142084,2033.196721,1,Expiry,0,1.04925114e-12,nan
2030139562651_Node0_Node8_Zero,2032.144026,2033.196721,1,Expiry,0,1.04925114e-12,nan
2030147760590_Node0_Node8_Zero,2032.144026,2033.196721,1,Expiry,0,1.04925114e-12,nan
2030155953465_Node0_Node8_Zero,2032.146069,2033.196721,1,Expiry,0,1.04925114e-12,nan
2030164148843_Node0_Node8_Zero,2032.146069,2033.196721,1,Expiry,0,1.04925114e-12,nan
2030172340754_Node0_Node8_Zero,2032.149988,2033.196721,1,Expiry,0,1.04925114e-12,nan
2030180536582_Node0_Node8_Zero,2032.149988,2033.196721,1,Expiry,0,1.04925114e-12,nan
2030188730683_Node0_Node8_Zero,2032.151851,2033.196721,1,Expiry,0,1.04925114e-12,nan
2030196928586_Node0_Node8_Zero,2032.151851,2033.278689,1,Expiry,0,1.04925114e-12,nan
2030205126167_Node0_Node8_Zero,2032.153713,2033.278689,1,Expiry,0,1.04925114e-12,nan
2030213327306_Node0_Node8_Zero,2032.153713,2033.278689,1,Expiry,0,1.04925114e-12,nan
2030221521271_Node0_Node8_Zero,2032.155636,2033.278689,1,Expiry,0,1.04925114e-12,nan
2030229716851_Node0_Node8_Zero,2032.155636,2033.278689,1,Expiry,0,1.04925114e-12,nan
2030237909125_Node0_Node8_Zero,2032.159515,2033.278689,1,Expiry,0,1.04925114e-12,nan
2030246104548_Node0_Node8_Zero,2032.159515,2033.278689,1,Expiry,0,1.04925114e-12,nan
2030254304822_Node0_Node8_Zero,2032.161438,2033.278689,1,Expiry,0,1.04925114e-12,nan
2030262497832_Node0_Node8_Zero,2032.161438,2033.278689,1,Expiry,0,1.04925114e-12,nan
2030270698160_Node0_Node8_Zero,2032.171851,2033.278689,1,Expiry,0,1.04925114e-12,nan
2030278898232_Node0_Node8_Zero,2032.171851,2033.360656,1,Expiry,0,1.04925114e-12,nan
2030287094232_Node0_Node8_Zero,2032.173693,2033.360656,1,Expiry,0,1.04925114e-12,nan
2030295295103_Node0_Node8_Zero,2032.173693,2033.360656,1,Expiry,0,1.04925114e-12,nan
2030303491593_Node0_Node8_Zero,2032.175596,2033.360656,1,Expiry,0,1.04925114e-12,nan
2030311684051_Node0_Node8_Zero,2032.175596,2033.360656,1,Expiry,0,1.04925114e-12,nan
2030319882655_Node0_Node8_Zero,2032.177458,2033.360656,1,Expiry,0,1.04925114e-12,nan
2030328080023_Node0_Node8_Zero,2032.177458,2033.360656,1,Expiry,0,1.04925114e-12,nan
2030336278322_Node0_Node8_Zero,2032.179401,2033.360656,1,Expiry,0,1.04925114e-12,nan
2030344478280_Node0_Node8_Zero,2032.179401,2033.360656,1,Expiry,0,1.04925114e-12,nan
2030352672376_Node0_Node8_Zero,2032.187611,2033.360656,1,Expiry,0,1.04925114e-12,nan
2030360873547_Node0_Node8_Zero,2032.187611,2033.442623,1,Expiry,0,1.04925114e-12,nan
2030369073041_Node0_Node8_Zero,2032.189574,2033.442623,1,Expiry,0,1.04925114e-12,nan
2030377267462_Node0_Node8_Zero,2032.189574,2033.442623,1,Expiry,0,1.04925114e-12,nan
2030385467098_Node0_Node8_Zero,2032.193513,2033.442623,1,Expiry,0,1.04925114e-12,nan
2030393664683_Node0_Node8_Zero,2032.193513,2033.442623,1,Expiry,0,1.04925114e-12,nan
2030401857512_Node0_Node8_Zero,2032.195516,2033.442623,1,Expiry,0,1.04925114e-12,nan
2030410053150_Node0_Node8_Zero,2032.195516,2033.442623,1,Expiry,0,1.04925114e-12,nan
2030418247371_Node0_Node8_Zero,2032.197358,2033.442623,1,Expiry,0,1.04925114e-12,nan
2030426442241_Node0_Node8_Zero,2032.197358,2033.442623,1,Expiry,0,1.04925114e-12,nan
2030434641153_Node0_Node8_Zero,2032.205443,2033.442623,1,Expiry,0,1.04925114e-12,nan
2030442835560_Node0_Node8_Zero,2032.205443,2033.52459,1,Expiry,0,0,nan
2030451033312_Node0_Node8_Zero,2032.207405,2033.52459,1,Expiry,0,0,nan
2030459230897_Node0_Node8_Zero,2032.207405,2033.52459,1,Expiry,0,0,nan
2030467425847_Node0_Node8_Zero,2032.209328,2033.52459,1,Expiry,0,0,nan
2030475622758_Node0_Node8_Zero,2032.209328,2033.52459,1,Expiry,0,0,nan
2030483814665_Node0_Node8_Zero,2032.211371,2033.52459,1,Expiry,0,0,nan
2030492015359_Node0_Node8_Zero,2032.211371,2033.52459,1,Expiry,0,0,nan
2030500214070_Node0_Node8_Zero,2032.213433,2033.52459,1,Expiry,0,0,nan
2030508408235_Node0_Node8_Zero,2032.213433,2033.52459,1,Expiry,0,0,nan
2030516606286_Node0_Node8_Zero,2032.215456,2033.52459,1,Expiry,0,0,nan
2030524803813_Node0_Node8_Zero,2032.215456,2033.606557,1,Expiry,0,0,nan
2030532998000_Node0_Node8_Zero,2032.217418,2033.606557,1,Expiry,0,0,nan
2030541196796_Node0_Node8_Zero,2032.217418,2033.606557,1,Expiry,0,0,nan
2030549394557_Node0_Node8_Zero,2032.219461,2033.606557,1,Expiry,0,0,nan
2030557593610_Node0_Node8_Zero,2032.219461,2033.606557,1,Expiry,0,0,nan
2030565794275_Node0_Node8_Zero,2032.221423,2033.606557,1,Expiry,0,0,nan
2030573994603_Node0_Node8_Zero,2032.221423,2033.606557,1,Expiry,0,0,nan
2030582194302_Node0_Node8_Zero,2032.225343,2033.606557,1,Expiry,0,0,nan
2030590393075_Node0_Node8_Zero,2032.225343,2033.606557,1,Expiry,0,0,nan
2030598590293_Node0_Node8_Zero,2032.237738,2033.606557,1,Expiry,0,0,nan
2030606785500_Node0_Node8_Zero,2032.237738,2033.688525,1,Expiry,0,1.04925114e-12,nan
2030614979302_Node0_Node8_Zero,2032.239681,2033.688525,1,Expiry,0,1.04925114e-12,nan
2030623172539_Node0_Node8_Zero,2032.239681,2033.688525,1,Expiry,0,1.04925114e-12,nan
2030631364940_Node0_Node8_Zero,2032.241603,2033.688525,1,Expiry,0,1.04925114e-12,nan
2030639560421_Node0_Node8_Zero,2032.241603,2033.688525,1,Expiry,0,1.04925114e-12,nan
2030647753808_Node0_Node8_Zero,2032.243506,2033.688525,1,Expiry,0,1.04925114e-12,nan
2030655954104_Node0_Node8_Zero,2032.243506,2033.688525,1,Expiry,0,1.04925114e-12,nan
2030664149243_Node0_Node8_Zero,2032.247371,2033.688525,1,Expiry,0,1.04925114e-12,nan
2030672348588_Node0_Node8_Zero,2032.247371,2033.688525,1,Expiry,0,1.04925114e-12,nan
2030680540845_Node0_Node8_Zero,2032.251516,2033.688525,1,Expiry,0,1.04925114e-12,nan
2030688740002_Node0_Node8_Zero,2032.251516,2033.770492,1,Expiry,0,0,nan
2030696937536_Node0_Node8_Zero,2032.26394,2033.770492,1,Expiry,0,0,nan
2030705132018_Node0_Node8_Zero,2032.26394,2033.770492,1,Expiry,0,0,nan
2030713325358_Node0_Node8_Zero,2032.265803,2033.770492,1,Expiry,0,0,nan
2030721525403_Node0_Node8_Zero,2032.265803,2033.770492,1,Expiry,0,0,nan
2030729721214_Node0_Node8_Zero,2032.269728,2033.770492,1,Expiry,0,0,nan
2030737917143_Node0_Node8_Zero,2032.269728,2033.770492,1,Expiry,0,0,nan
2030746117628_Node0_Node8_Zero,2032.27167,2033.770492,1,Expiry,0,0,nan
2030754316239_Node0_Node8_Zero,2032.27167,2033.770492,1,Expiry,0,0,nan
2030762513447_Node0_Node8_Zero,2032.277758,2033.770492,1,Expiry,0,0,nan
2030770709333_Node0_Node8_Zero,2032.277758,2033.852459,1,Expiry,0,1.04925114e-12,nan
2030778905677_Node0_Node8_Zero,2032.279621,2033.852459,1,Expiry,0,1.04925114e-12,nan
2030787106688_Node0_Node8_Zero,2032.279621,2033.852459,1,Expiry,0,1.04925114e-12,nan
2030795303820_Node0_Node8_Zero,2032.281543,2033.852459,1,Expiry,0,1.04925114e-12,nan
2030803504943_Node0_Node8_Zero,2032.281543,2033.852459,1,Expiry,0,1.04925114e-12,nan
2030811699840_Node0_Node8_Zero,2032.283386,2033.852459,1,Expiry,0,1.04925114e-12,nan
2030819901454_Node0_Node8_Zero,2032.283386,2033.852459,1,Expiry,0,1.04925114e-12,nan
2030828094417_Node0_Node8_Zero,2032.285268,2033.852459,1,Expiry,0,1.04925114e-12,nan
2030836289119_Node0_Node8_Zero,2032.285268,2033.852459,1,Expiry,0,1.04925114e-12,nan
2030844489023_Node0_Node8_Zero,2032.291516,2033.852459,1,Expiry,0,1.04925114e-12,nan
2030852688623_Node0_Node8_Zero,2032.291516,2033.934426,1,Expiry,0,1.04925114e-12,nan
2030860882866_Node0_Node8_Zero,2032.293519,2033.934426,1,Expiry,0,1.04925114e-12,nan
2030869079713_Node0_Node8_Zero,2032.293519,2033.934426,1,Expiry,0,1.04925114e-12,nan
2030877276418_Node0_Node8_Zero,2032.295621,2033.934426,1,Expiry,0,1.04925114e-12,nan
2030885476390_Node0_Node8_Zero,2032.295621,2033.934426,1,Expiry,0,1.04925114e-12,nan
2030893671799_Node0_Node8_Zero,2032.297544,2033.934426,1,Expiry,0,1.04925114e-12,nan
2030901867484_Node0_Node8_Zero,2032.297544,2033.934426,1,Expiry,0,1.04925114e-12,nan
2030910068573_Node0_Node8_Zero,2032.299406,2033.934426,1,Expiry,0,1.04925114e-12,nan
2030918263147_Node0_Node8_Zero,2032.299406,2033.934426,1,Expiry,0,1.04925114e-12,nan
2030926462080_Node0_Node8_Zero,2032.301309,2033.934426,1,Expiry,0,1.04925114e-12,nan
2030934661215_Node0_Node8_Zero,2032.301309,2034.016393,1,Expiry,0,1.04925114e-12,nan
2030942859794_Node0_Node8_Zero,2032.303291,2034.016393,1,Expiry,0,1.04925114e-12,nan
2030951061434_Node0_Node8_Zero,2032.303291,2034.016393,1,Expiry,0,1.04925114e-12,nan
2030959260344_Node0_Node8_Zero,2032.307411,2034.016393,1,Expiry,0,1.04925114e-12,nan
2030967453533_Node0_Node8_Zero,2032.307411,2034.016393,1,Expiry,0,1.04925114e-12,nan
2030975648254_Node0_Node8_Zero,2032.309333,2034.016393,1,Expiry,0,1.04925114e-12,nan
2030983846516_Node0_Node8_Zero,2032.309333,2034.016393,1,Expiry,0,1.04925114e-12,nan
2030992042308_Node0_Node8_Zero,2032.311336,2034.016393,1,Expiry,0,1.04925114e-12,nan
2031000235116_Node0_Node8_Zero,2032.311336,2034.016393,1,Expiry,0,1.04925114e-12,nan
2031008436422_Node0_Node8_Zero,2032.313178,2034.016393,1,Expiry,0,1.04925114e-12,nan
2031016629606_Node0_Node8_Zero,2032.313178,2034.098361,1,Expiry,0,5.258698200000001e-13,nan
2031024828464_Node0_Node8_Zero,2032.317024,2034.098361,1,Expiry,0,5.258698200000001e-13,nan
2031033022969_Node0_Node8_Zero,2032.317024,2034.098361,1,Expiry,0,5.258698200000001e-13,nan
2031041216054_Node0_Node8_Zero,2032.318866,2034.098361,1,Expiry,0,5.258698200000001e-13,nan
2031049409778_Node0_Node8_Zero,2032.318866,2034.098361,1,Expiry,0,5.258698200000001e-13,nan
2031057604372_Node0_Node8_Zero,2032.322786,2034.098361,1,Expiry,0,5.258698200000001e-13,nan
2031065797982_Node0_Node8_Zero,2032.322786,2034.098361,1,Expiry,0,5.258698200000001e-13,nan
2031073994983_Node0_Node8_Zero,2032.324688,2034.098361,1,Expiry,0,5.258698200000001e-13,nan
2031082188603_Node0_Node8_Zero,2032.324688,2034.098361,1,Expiry,0,5.258698200000001e-13,nan
2031090390180_Node0_Node8_Zero,2032.326571,2034.098361,1,Expiry,0,5.258698200000001e-13,nan
2031098590248_Node0_Node8_Zero,2032.326571,2034.180328,1,Expiry,0,5.258698200000001e-13,nan
2031106788089_Node0_Node8_Zero,2032.328393,2034.180328,1,Expiry,0,5.258698200000001e-13,nan
2031114980184_Node0_Node8_Zero,2032.328393,2034.180328,1,Expiry,0,5.258698200000001e-13,nan
2031123174901_Node0_Node8_Zero,2032.334081,2034.180328,1,Expiry,0,5.258698200000001e-13,nan
2031131367422_Node0_Node8_Zero,2032.334081,2034.180328,1,Expiry,0,5.258698200000001e-13,nan
2031139566434_Node0_Node8_Zero,2032.336044,2034.180328,1,Expiry,0,5.258698200000001e-13,nan
2031147760327_Node0_Node8_Zero,2032.336044,2034.180328,1,Expiry,0,5.258698200000001e-13,nan
2031155960909_Node0_Node8_Zero,2032.337986,2034.180328,1,Expiry,0,5.258698200000001e-13,nan
2031164155598_Node0_Node8_Zero,2032.337986,2034.180328,1,Expiry,0,5.258698200000001e-13,nan
2031172349110_Node0_Node8_Zero,2032.339809,2034.180328,1,Expiry,0,5.258698200000001e-13,nan
2031180544581_Node0_Node8_Zero,2032.339809,2034.262295,1,Expiry,0,5.258698200000001e-13,nan
2031188742117_Node0_Node8_Zero,2032.343574,2034.262295,1,Expiry,0,5.258698200000001e-13,nan
2031196937861_Node0_Node8_Zero,2032.343574,2034.262295,1,Expiry,0,5.258698200000001e-13,nan
2031205138795_Node0_Node8_Zero,2032.365571,2034.262295,1,Expiry,0,5.258698200000001e-13,nan
2031213338686_Node0_Node8_Zero,2032.365571,2034.262295,1,Expiry,0,5.258698200000001e-13,nan
2031221534693_Node0_Node8_Zero,2032.367453,2034.262295,1,Expiry,0,5.258698200000001e-13,nan
2031229732307_Node0_Node8_Zero,2032.367453,2034.262295,1,Expiry,0,5.258698200000001e-13,nan
2031237931437_Node0_Node8_Zero,2032.371378,2034.262295,1,Expiry,0,5.258698200000001e-13,nan
2031246128484_Node0_Node8_Zero,2032.371378,2034.262295,1,Expiry,0,5.258698200000001e-13,nan
2031254329223_Node0_Node8_Zero,2032.373461,2034.262295,1,Expiry,0,5.258698200000001e-13,nan
2031262529522_Node0_Node8_Zero,2032.373461,2034.344262,1,Expiry,0,5.258698200000001e-13,nan
2031270724569_Node0_Node8_Zero,2032.375523,2034.344262,1,Expiry,0,5.258698200000001e-13,nan
2031278921067_Node0_Node8_Zero,2032.375523,2034.344262,1,Expiry,0,5.258698200000001e-13,nan
2031287112847_Node0_Node8_Zero,2032.377446,2034.344262,1,Expiry,0,5.258698200000001e-13,nan
2031295307748_Node0_Node8_Zero,2032.377446,2034.344262,1,Expiry,0,5.258698200000001e-13,nan
2031303509358_Node0_Node8_Zero,2032.381385,2034.344262,1,Expiry,0,5.258698200000001e-13,nan
2031311710445_Node0_Node8_Zero,2032.381385,2034.344262,1,Expiry,0,5.258698200000001e-13,nan
2031319907269_Node0_Node8_Zero,2032.383288,2034.344262,1,Expiry,0,5.258698200000001e-13,nan
2031328108383_Node0_Node8_Zero,2032.383288,2034.344262,1,Expiry,0,5.258698200000001e-13,nan
2031336309338_Node0_Node8_Zero,2032.38953,2034.344262,1,Expiry,0,5.258698200000001e-13,nan
2031344501924_Node0_Node8_Zero,2032.38953,2034.42623,1,Expiry,0,0,nan
2031352701688_Node0_Node8_Zero,2032.391413,2034.42623,1,Expiry,0,0,nan
2031360893812_Node0_Node8_Zero,2032.391413,2034.42623,1,Expiry,0,0,nan
2031369092879_Node0_Node8_Zero,2032.395472,2034.42623,1,Expiry,0,0,nan
2031377284705_Node0_Node8_Zero,2032.395472,2034.42623,1,Expiry,0,0,nan
2031385484215_Node0_Node8_Zero,2032.4018,2034.42623,1,Expiry,0,0,nan
2031393680508_Node0_Node8_Zero,2032.4018,2034.42623,1,Expiry,0,0,nan
2031401875916_Node0_Node8_Zero,2032.403822,2034.42623,1,Expiry,0,0,nan
2031410067822_Node0_Node8_Zero,2032.403822,2034.42623,1,Expiry,0,0,nan
2031418263624_Node0_Node8_Zero,2032.405845,2034.42623,1,Expiry,0,0,nan
2031426462599_Node0_Node8_Zero,2032.405845,2034.508197,1,Expiry,0,0,nan
2031434655935_Node0_Node8_Zero,2032.407807,2034.508197,1,Expiry,0,0,nan
2031442855999_Node0_Node8_Zero,2032.407807,2034.508197,1,Expiry,0,0,nan
2031451056601_Node0_Node8_Zero,2032.40979,2034.508197,1,Expiry,0,0,nan
2031459254115_Node0_Node8_Zero,2032.40979,2034.508197,1,Expiry,0,0,nan
2031467446891_Node0_Node8_Zero,2032.411773,2034.508197,1,Expiry,0,0,nan
2031475645293_Node0_Node8_Zero,2032.411773,2034.508197,1,Expiry,0,0,nan
2031483846403_Node0_Node8_Zero,2032.413595,2034.508197,1,Expiry,0,0,nan
2031492045095_Node0_Node8_Zero,2032.413595,2034.508197,1,Expiry,0,0,nan
2031500241046_Node0_Node8_Zero,2032.425965,2034.508197,1,Expiry,0,0,nan
2031508437472_Node0_Node8_Zero,2032.425965,2034.590164,1,Expiry,0,5.258698200000001e-13,nan
2031516632992_Node0_Node8_Zero,2032.427807,2034.590164,1,Expiry,0,5.258698200000001e-13,nan
2031524828735_Node0_Node8_Zero,2032.427807,2034.590164,1,Expiry,0,5.258698200000001e-13,nan
2031533029845_Node0_Node8_Zero,2032.42969,2034.590164,1,Expiry,0,5.258698200000001e-13,nan
2031541226679_Node0_Node8_Zero,2032.42969,2034.590164,1,Expiry,0,5.258698200000001e-13,nan
2031549424184_Node0_Node8_Zero,2032.433595,2034.590164,1,Expiry,0,5.258698200000001e-13,nan
2031557617885_Node0_Node8_Zero,2032.433595,2034.590164,1,Expiry,0,5.258698200000001e-13,nan
2031565814965_Node0_Node8_Zero,2032.435558,2034.590164,1,Expiry,0,5.258698200000001e-13,nan
2031574009843_Node0_Node8_Zero,2032.435558,2034.590164,1,Expiry,0,5.258698200000001e-13,nan
2031582203241_Node0_Node8_Zero,2032.43766,2034.590164,1,Expiry,0,5.258698200000001e-13,nan
2031590403633_Node0_Node8_Zero,2032.43766,2034.672131,1,Expiry,0,0,nan
2031598603772_Node0_Node8_Zero,2032.439523,2034.672131,1,Expiry,0,0,nan
2031606801679_Node0_Node8_Zero,2032.439523,2034.672131,1,Expiry,0,0,nan
2031614993986_Node0_Node8_Zero,2032.441365,2034.672131,1,Expiry,0,0,nan
2031623191556_Node0_Node8_Zero,2032.441365,2034.672131,1,Expiry,0,0,nan
2031631383916_Node0_Node8_Zero,2032.443328,2034.672131,1,Expiry,0,0,nan
2031639578760_Node0_Node8_Zero,2032.443328,2034.672131,1,Expiry,0,0,nan
2031647775978_Node0_Node8_Zero,2032.44523,2034.672131,1,Expiry,0,0,nan
2031655976004_Node0_Node8_Zero,2032.44523,2034.672131,1,Expiry,0,0,nan
2031664174092_Node0_Node8_Zero,2032.452929,2034.672131,1,Expiry,0,0,nan
2031672366062_Node0_Node8_Zero,2032.452929,2034.754098,1,Expiry,0,1.04925114e-12,nan
2031680563969_Node0_Node8_Zero,2032.454872,2034.754098,1,Expiry,0,1.04925114e-12,nan
2031688757002_Node0_Node8_Zero,2032.454872,2034.754098,1,Expiry,0,1.04925114e-12,nan
2031696955310_Node0_Node8_Zero,2032.456714,2034.754098,1,Expiry,0,1.04925114e-12,nan
2031705154198_Node0_Node8_Zero,2032.456714,2034.754098,1,Expiry,0,1.04925114e-12,nan
2031713349876_Node0_Node8_Zero,2032.464779,2034.754098,1,Expiry,0,1.04925114e-12,nan
2031721549135_Node0_Node8_Zero,2032.464779,2034.754098,1,Expiry,0,1.04925114e-12,nan
2031729743900_Node0_Node8_Zero,2032.466642,2034.754098,1,Expiry,0,1.04925114e-12,nan
2031737941088_Node0_Node8_Zero,2032.466642,2034.754098,1,Expiry,0,1.04925114e-12,nan
2031746134453_Node0_Node8_Zero,2032.470621,2034.754098,1,Expiry,0,1.04925114e-12,nan
2031754331893_Node0_Node8_Zero,2032.470621,2034.836066,1,Expiry,0,0,nan
2031762525455_Node0_Node8_Zero,2032.476557,2034.836066,1,Expiry,0,0,nan
2031770718261_Node0_Node8_Zero,2032.476557,2034.836066,1,Expiry,0,0,nan
2031778910730_Node0_Node8_Zero,2032.47854,2034.836066,1,Expiry,0,0,nan
2031787105828_Node0_Node8_Zero,2032.47854,2034.836066,1,Expiry,0,0,nan
2031795300094_Node0_Node8_Zero,2032.480562,2034.836066,1,Expiry,0,0,nan
2031803497738_Node0_Node8_Zero,2032.480562,2034.836066,1,Expiry,0,0,nan
2031811695251_Node0_Node8_Zero,2032.482405,2034.836066,1,Expiry,0,0,nan
2031819887392_Node0_Node8_Zero,2032.482405,2034.836066,1,Expiry,0,0,nan
2031828082355_Node0_Node8_Zero,2032.484288,2034.836066,1,Expiry,0,0,nan
2031836276432_Node0_Node8_Zero,2032.484288,2034.918033,1,Expiry,0,1.04925114e-12,nan
2031844477618_Node0_Node8_Zero,2032.48611,2034.918033,1,Expiry,0,1.04925114e-12,nan
2031852669476_Node0_Node8_Zero,2032.48611,2034.918033,1,Expiry,0,1.04925114e-12,nan
2031860869924_Node0_Node8_Zero,2032.489815,2034.918033,1,Expiry,0,1.04925114e-12,nan
2031869062177_Node0_Node8_Zero,2032.489815,2034.918033,1,Expiry,0,1.04925114e-12,nan
2031877259888_Node0_Node8_Zero,2032.497565,2034.918033,1,Expiry,0,1.04925114e-12,nan
2031885453581_Node0_Node8_Zero,2032.497565,2034.918033,1,Expiry,0,1.04925114e-12,nan
2031893649981_Node0_Node8_Zero,2032.499448,2034.918033,1,Expiry,0,1.04925114e-12,nan
2031901844719_Node0_Node8_Zero,2032.499448,2034.918033,1,Expiry,0,1.04925114e-12,nan
2031910039422_Node0_Node8_Zero,2032.501291,2034.918033,1,Expiry,0,1.04925114e-12,nan
2031918237523_Node0_Node8_Zero,2032.501291,2035.0,1,Expiry,0,1.04925114e-12,nan
2031926437294_Node0_Node8_Zero,2032.503133,2035.0,1,Expiry,0,1.04925114e-12,nan
2031934630970_Node0_Node8_Zero,2032.503133,2035.0,1,Expiry,0,1.04925114e-12,nan
2031942827264_Node0_Node8_Zero,2032.505076,2035.0,1,Expiry,0,1.04925114e-12,nan
2031951023543_Node0_Node8_Zero,2032.505076,2035.0,1,Expiry,0,1.04925114e-12,nan
2031959217959_Node0_Node8_Zero,2032.506898,2035.0,1,Expiry,0,1.04925114e-12,nan
2031967415735_Node0_Node8_Zero,2032.506898,2035.0,1,Expiry,0,1.04925114e-12,nan
2031975607655_Node0_Node8_Zero,2032.517065,2035.0,1,Expiry,0,1.04925114e-12,nan
2031983807492_Node0_Node8_Zero,2032.517065,2035.0,1,Expiry,0,1.04925114e-12,nan
2031992007963_Node0_Node8_Zero,2032.519088,2035.0,1,Expiry,0,1.04925114e-12,nan
2032000208265_Node0_Node8_Zero,2032.519088,2035.081967,1,Expiry,0,1.04925114e-12,nan
2032008404220_Node0_Node8_Zero,2032.521171,2035.081967,1,Expiry,0,1.04925114e-12,nan
2032016597815_Node0_Node8_Zero,2032.521171,2035.081967,1,Expiry,0,1.04925114e-12,nan
2032024793196_Node0_Node8_Zero,2032.525416,2035.081967,1,Expiry,0,1.04925114e-12,nan
2032032991331_Node0_Node8_Zero,2032.525416,2035.081967,1,Expiry,0,1.04925114e-12,nan
2032041185452_Node0_Node8_Zero,2032.527318,2035.081967,1,Expiry,0,1.04925114e-12,nan
2032049387166_Node0_Node8_Zero,2032.527318,2035.081967,1,Expiry,0,1.04925114e-12,nan
2032057583163_Node0_Node8_Zero,2032.529441,2035.081967,1,Expiry,0,1.04925114e-12,nan
2032065778160_Node0_Node8_Zero,2032.529441,2035.081967,1,Expiry,0,1.04925114e-12,nan
2032073973956_Node0_Node8_Zero,2032.531403,2035.081967,1,Expiry,0,1.04925114e-12,nan
2032082166086_Node0_Node8_Zero,2032.531403,2035.163934,1,Expiry,0,1.04925114e-12,nan
2032090364129_Node0_Node8_Zero,2032.533226,2035.163934,1,Expiry,0,1.04925114e-12,nan
2032098563386_Node0_Node8_Zero,2032.533226,2035.163934,1,Expiry,0,1.04925114e-12,nan
2032106756459_Node0_Node8_Zero,2032.535129,2035.163934,1,Expiry,0,1.04925114e-12,nan
2032114955264_Node0_Node8_Zero,2032.535129,2035.163934,1,Expiry,0,1.04925114e-12,nan
2032123151268_Node0_Node8_Zero,2032.538968,2035.163934,1,Expiry,0,1.04925114e-12,nan
2032131351916_Node0_Node8_Zero,2032.538968,2035.163934,1,Expiry,0,1.04925114e-12,nan
2032139546702_Node0_Node8_Zero,2032.540971,2035.163934,1,Expiry,0,1.04925114e-12,nan
2032147738592_Node0_Node8_Zero,2032.540971,2035.163934,1,Expiry,0,1.04925114e-12,nan
2032155934266_Node0_Node8_Zero,2032.543013,2035.163934,1,Expiry,0,1.04925114e-12,nan
2032164129428_Node0_Node8_Zero,2032.543013,2035.245902,1,Expiry,0,0,nan
2032172325812_Node0_Node8_Zero,2032.544936,2035.245902,1,Expiry,0,0,nan
2032180521888_Node0_Node8_Zero,2032.544936,2035.245902,1,Expiry,0,0,nan
2032188714311_Node0_Node8_Zero,2032.546898,2035.245902,1,Expiry,0,0,nan
2032196910588_Node0_Node8_Zero,2032.546898,2035.245902,1,Expiry,0,0,nan
2032205102715_Node0_Node8_Zero,2032.551123,2035.245902,1,Expiry,0,0,nan
2032213295424_Node0_Node8_Zero,2032.551123,2035.245902,1,Expiry,0,0,nan
2032221495672_Node0_Node8_Zero,2032.553206,2035.245902,1,Expiry,0,0,nan
2032229694397_Node0_Node8_Zero,2032.553206,2035.245902,1,Expiry,0,0,nan
2032237891098_Node0_Node8_Zero,2032.555108,2035.245902,1,Expiry,0,0,nan
2032246085405_Node0_Node8_Zero,2032.555108,2035.327869,1,Expiry,0,1.04925114e-12,nan
2032254285740_Node0_Node8_Zero,2032.557091,2035.327869,1,Expiry,0,1.04925114e-12,nan
2032262477780_Node0_Node8_Zero,2032.557091,2035.327869,1,Expiry,0,1.04925114e-12,nan
2032270671024_Node0_Node8_Zero,2032.559014,2035.327869,1,Expiry,0,1.04925114e-12,nan
2032278866468_Node0_Node8_Zero,2032.559014,2035.327869,1,Expiry,0,1.04925114e-12,nan
2032287064082_Node0_Node8_Zero,2032.560956,2035.327869,1,Expiry,0,1.04925114e-12,nan
2032295257742_Node0_Node8_Zero,2032.560956,2035.327869,1,Expiry,0,1.04925114e-12,nan
2032303450854_Node0_Node8_Zero,2032.564916,2035.327869,1,Expiry,0,1.04925114e-12,nan
2032311649618_Node0_Node8_Zero,2032.564916,2035.327869,1,Expiry,0,1.04925114e-12,nan
2032319849828_Node0_Node8_Zero,2032.566738,2035.327869,1,Expiry,0,1.04925114e-12,nan
2032328049116_Node0_Node8_Zero,2032.566738,2035.409836,1,Expiry,0,5.258698200000001e-13,nan
2032336247331_Node0_Node8_Zero,2032.568681,2035.409836,1,Expiry,0,5.258698200000001e-13,nan
2032344444312_Node0_Node8_Zero,2032.568681,2035.409836,1,Expiry,0,5.258698200000001e-13,nan
2032352641559_Node0_Node8_Zero,2032.570783,2035.409836,1,Expiry,0,5.258698200000001e-13,nan
2032360837285_Node0_Node8_Zero,2032.570783,2035.409836,1,Expiry,0,5.258698200000001e-13,nan
2032369033986_Node0_Node8_Zero,2032.572726,2035.409836,1,Expiry,0,5.258698200000001e-13,nan
2032377227464_Node0_Node8_Zero,2032.572726,2035.409836,1,Expiry,0,5.258698200000001e-13,nan
2032385427147_Node0_Node8_Zero,2032.574628,2035.409836,1,Expiry,0,5.258698200000001e-13,nan
2032393621929_Node0_Node8_Zero,2032.574628,2035.409836,1,Expiry,0,5.258698200000001e-13,nan
2032401822823_Node0_Node8_Zero,2032.576451,2035.409836,1,Expiry,0,5.258698200000001e-13,nan
2032410017959_Node0_Node8_Zero,2032.576451,2035.491803,1,Expiry,0,5.258698200000001e-13,nan
2032418211374_Node0_Node8_Zero,2032.580256,2035.491803,1,Expiry,0,5.258698200000001e-13,nan
2032426413046_Node0_Node8_Zero,2032.580256,2035.491803,1,Expiry,0,5.258698200000001e-13,nan
2032434613576_Node0_Node8_Zero,2032.584421,2035.491803,1,Expiry,0,5.258698200000001e-13,nan
2032442805655_Node0_Node8_Zero,2032.584421,2035.491803,1,Expiry,0,5.258698200000001e-13,nan
2032451006932_Node0_Node8_Zero,2032.586404,2035.491803,1,Expiry,0,5.258698200000001e-13,nan
2032459207323_Node0_Node8_Zero,2032.586404,2035.491803,1,Expiry,0,5.258698200000001e-13,nan
2032467402900_Node0_Node8_Zero,2032.588426,2035.491803,1,Expiry,0,5.258698200000001e-13,nan
2032475595007_Node0_Node8_Zero,2032.588426,2035.491803,1,Expiry,0,5.258698200000001e-13,nan
2032483794466_Node0_Node8_Zero,2032.596797,2035.491803,1,Expiry,0,5.258698200000001e-13,nan
2032491992196_Node0_Node8_Zero,2032.596797,2035.57377,1,Expiry,0,0,nan
2032500186449_Node0_Node8_Zero,2032.598879,2035.57377,1,Expiry,0,0,nan
2032508380772_Node0_Node8_Zero,2032.598879,2035.57377,1,Expiry,0,0,nan
2032516575222_Node0_Node8_Zero,2032.600762,2035.57377,1,Expiry,0,0,nan
2032524775033_Node0_Node8_Zero,2032.600762,2035.57377,1,Expiry,0,0,nan
2032532974248_Node0_Node8_Zero,2032.605007,2035.57377,1,Expiry,0,0,nan
2032541171121_Node0_Node8_Zero,2032.605007,2035.57377,1,Expiry,0,0,nan
2032549371947_Node0_Node8_Zero,2032.607009,2035.57377,1,Expiry,0,0,nan
2032557570781_Node0_Node8_Zero,2032.607009,2035.57377,1,Expiry,0,0,nan
2032565768599_Node0_Node8_Zero,2032.610849,2035.57377,1,Expiry,0,0,nan
2032573964516_Node0_Node8_Zero,2032.610849,2035.655738,1,Expiry,0,1.04925114e-12,nan
2032582157564_Node0_Node8_Zero,2032.614768,2035.655738,1,Expiry,0,1.04925114e-12,nan
2032590351064_Node0_Node8_Zero,2032.614768,2035.655738,1,Expiry,0,1.04925114e-12,nan
2032598549162_Node0_Node8_Zero,2032.616811,2035.655738,1,Expiry,0,1.04925114e-12,nan
2032606742013_Node0_Node8_Zero,2032.616811,2035.655738,1,Expiry,0,1.04925114e-12,nan
2032614936976_Node0_Node8_Zero,2032.618013,2035.655738,1,Expiry,0,1.04925114e-12,nan
2032623135328_Node0_Node8_Zero,2032.624226,2035.655738,1,Expiry,0,1.04925114e-12,nan
2032631328227_Node0_Node8_Zero,2032.633067,2035.655738,1,Expiry,0,1.04925114e-12,nan
2032639528025_Node0_Node8_Zero,2032.640842,2035.655738,1,Expiry,0,1.04925114e-12,nan
2032647729072_Node0_Node8_Zero,2032.650248,2035.655738,1,Expiry,0,1.04925114e-12,nan
2032655928868_Node0_Node8_Zero,2032.657918,2035.737705,1,Expiry,0,5.258698200000001e-13,nan
2032664130030_Node0_Node8_Zero,2032.665436,2035.737705,1,Expiry,0,5.258698200000001e-13,nan
2032672325551_Node0_Node8_Zero,2032.675128,2035.737705,1,Expiry,0,5.258698200000001e-13,nan
2032680526745_Node0_Node8_Zero,2032.683048,2035.737705,1,Expiry,0,5.258698200000001e-13,nan
2032688727466_Node0_Node8_Zero,2032.691469,2035.737705,1,Expiry,0,5.258698200000001e-13,nan
2032696926696_Node0_Node8_Zero,2034.034418,2035.737705,1,Expiry,0,5.258698200000001e-13,nan
2032705124447_Node0_Node8_Zero,2034.03626,2035.737705,1,Expiry,0,5.258698200000001e-13,nan
2032713322095_Node0_Node8_Zero,2034.03814,2035.737705,1,Expiry,0,5.258698200000001e-13,nan
2032721519251_Node0_Node8_Zero,2034.04004,2035.737705,1,Expiry,0,5.258698200000001e-13,nan
2032729716777_Node0_Node8_Zero,2034.041939,2035.737705,1,Expiry,0,5.258698200000001e-13,nan
2032737917815_Node0_Node8_Zero,2034.043799,2035.819672,1,Expiry,0,5.258698200000001e-13,nan
2032746117336_Node0_Node8_Zero,2034.049698,2035.819672,1,Expiry,0,5.258698200000001e-13,nan
2032754312528_Node0_Node8_Zero,2034.051638,2035.819672,1,Expiry,0,5.258698200000001e-13,nan
2032762510566_Node0_Node8_Zero,2034.055837,2035.819672,1,Expiry,0,5.258698200000001e-13,nan
2032770705846_Node0_Node8_Zero,2034.057956,2035.819672,1,Expiry,0,5.258698200000001e-13,nan
2032778904049_Node0_Node8_Zero,2034.059856,2035.819672,1,Expiry,0,5.258698200000001e-13,nan
2032787096826_Node0_Node8_Zero,2034.061696,2035.819672,1,Expiry,0,5.258698200000001e-13,nan
2032795288711_Node0_Node8_Zero,2034.067662,2035.819672,1,Expiry,0,5.258698200000001e-13,nan
2032803488353_Node0_Node8_Zero,2034.069602,2035.819672,1,Expiry,0,5.258698200000001e-13,nan
2032811680428_Node0_Node8_Zero,2034.071581,2035.819672,1,Expiry,0,5.258698200000001e-13,nan
2032819880754_Node0_Node8_Zero,2034.077687,2035.901639,1,Expiry,0,5.258698200000001e-13,nan
2032828079699_Node0_Node8_Zero,2034.079687,2035.901639,1,Expiry,0,5.258698200000001e-13,nan
2032836280610_Node0_Node8_Zero,2034.083746,2035.901639,1,Expiry,0,5.258698200000001e-13,nan
2032844479530_Node0_Node8_Zero,2034.091972,2035.901639,1,Expiry,0,5.258698200000001e-13,nan
2032852674649_Node0_Node8_Zero,2034.093952,2035.901639,1,Expiry,0,5.258698200000001e-13,nan
2032860873831_Node0_Node8_Zero,2034.095892,2035.901639,1,Expiry,0,5.258698200000001e-13,nan
2032869067749_Node0_Node8_Zero,2034.097831,2035.901639,1,Expiry,0,5.258698200000001e-13,nan
2032877266504_Node0_Node8_Zero,2034.099691,2035.901639,1,Expiry,0,5.258698200000001e-13,nan
2032885458954_Node0_Node8_Zero,2034.10357,2035.901639,1,Expiry,0,5.258698200000001e-13,nan
2032893660146_Node0_Node8_Zero,2034.10549,2035.901639,1,Expiry,0,5.258698200000001e-13,nan
2032901857074_Node0_Node8_Zero,2034.10741,2035.983607,1,Expiry,0,0,nan
2032910055285_Node0_Node8_Zero,2034.109289,2035.983607,1,Expiry,0,0,nan
2032918252094_Node0_Node8_Zero,2034.113236,2035.983607,1,Expiry,0,0,nan
2032926451738_Node0_Node8_Zero,2034.125375,2035.983607,1,Expiry,0,0,nan
2032934646360_Node0_Node8_Zero,2034.127455,2035.983607,1,Expiry,0,0,nan
2032942840896_Node0_Node8_Zero,2034.129295,2035.983607,1,Expiry,0,0,nan
2032951037225_Node0_Node8_Zero,2034.131354,2035.983607,1,Expiry,0,0,nan
2032959237881_Node0_Node8_Zero,2034.133334,2035.983607,1,Expiry,0,0,nan
2032967432129_Node0_Node8_Zero,2034.13732,2035.983607,1,Expiry,0,0,nan
2032975629782_Node0_Node8_Zero,2034.147866,2035.983607,1,Expiry,0,0,nan
2032983822693_Node0_Node8_Zero,2034.149706,2036.065574,1,Expiry,0,5.258698200000001e-13,nan
2032992018676_Node0_Node8_Zero,2034.151545,2036.065574,1,Expiry,0,5.258698200000001e-13,nan
2033000218392_Node0_Node8_Zero,2034.153385,2036.065574,1,Expiry,0,5.258698200000001e-13,nan
2033008417929_Node0_Node8_Zero,2034.167662,2036.065574,1,Expiry,0,5.258698200000001e-13,nan
2033016619519_Node0_Node8_Zero,2034.169622,2036.065574,1,Expiry,0,5.258698200000001e-13,nan
2033024819287_Node0_Node8_Zero,2034.171482,2036.065574,1,Expiry,0,5.258698200000001e-13,nan
2033033014951_Node0_Node8_Zero,2034.177441,2036.065574,1,Expiry,0,5.258698200000001e-13,nan
2033041215744_Node0_Node8_Zero,2034.17954,2036.065574,1,Expiry,0,5.258698200000001e-13,nan
2033049412188_Node0_Node8_Zero,2034.18148,2036.065574,1,Expiry,0,5.258698200000001e-13,nan
2033057611398_Node0_Node8_Zero,2034.185507,2036.065574,1,Expiry,0,5.258698200000001e-13,nan
2033065809525_Node0_Node8_Zero,2034.187546,2036.147541,1,Expiry,0,0,nan
2033074006413_Node0_Node8_Zero,2034.189446,2036.147541,1,Expiry,0,0,nan
2033082198718_Node0_Node8_Zero,2034.195319,2036.147541,1,Expiry,0,0,nan
2033090398645_Node0_Node8_Zero,2034.203632,2036.147541,1,Expiry,0,0,nan
2033098596084_Node0_Node8_Zero,2034.205712,2036.147541,1,Expiry,0,0,nan
2033106792986_Node0_Node8_Zero,2034.209698,2036.147541,1,Expiry,0,0,nan
2033114987897_Node0_Node8_Zero,2034.211618,2036.147541,1,Expiry,0,0,nan
2033123188101_Node0_Node8_Zero,2034.213518,2036.147541,1,Expiry,0,0,nan
2033131382124_Node0_Node8_Zero,2034.219484,2036.147541,1,Expiry,0,0,nan
2033139581975_Node0_Node8_Zero,2034.223431,2036.147541,1,Expiry,0,0,nan
2033147775022_Node0_Node8_Zero,2034.227357,2036.229508,1,Expiry,0,1.04925114e-12,nan
2033155967712_Node0_Node8_Zero,2034.229317,2036.229508,1,Expiry,0,1.04925114e-12,nan
2033164169204_Node0_Node8_Zero,2034.231156,2036.229508,1,Expiry,0,1.04925114e-12,nan
2033172362263_Node0_Node8_Zero,2034.233056,2036.229508,1,Expiry,0,1.04925114e-12,nan
2033180562976_Node0_Node8_Zero,2034.234936,2036.229508,1,Expiry,0,1.04925114e-12,nan
2033188758089_Node0_Node8_Zero,2034.238875,2036.229508,1,Expiry,0,1.04925114e-12,nan
2033196951786_Node0_Node8_Zero,2034.240795,2036.229508,1,Expiry,0,1.04925114e-12,nan
2033205152107_Node0_Node8_Zero,2034.244854,2036.229508,1,Expiry,0,1.04925114e-12,nan
2033213344633_Node0_Node8_Zero,2034.248933,2036.229508,1,Expiry,0,1.04925114e-12,nan
2033221537491_Node0_Node8_Zero,2034.2529,2036.229508,1,Expiry,0,1.04925114e-12,nan
2033229734501_Node0_Node8_Zero,2034.254919,2036.311475,1,Expiry,0,0,nan
2033237934421_Node0_Node8_Zero,2034.256939,2036.311475,1,Expiry,0,0,nan
2033246128823_Node0_Node8_Zero,2034.258939,2036.311475,1,Expiry,0,0,nan
2033254328795_Node0_Node8_Zero,2034.260898,2036.311475,1,Expiry,0,0,nan
2033262525992_Node0_Node8_Zero,2034.266945,2036.311475,1,Expiry,0,0,nan
2033270725100_Node0_Node8_Zero,2034.270911,2036.311475,1,Expiry,0,0,nan
2033278924510_Node0_Node8_Zero,2034.272931,2036.311475,1,Expiry,0,0,nan
2033287116387_Node0_Node8_Zero,2034.27483,2036.311475,1,Expiry,0,0,nan
2033295316188_Node0_Node8_Zero,2034.278857,2036.311475,1,Expiry,0,0,nan
2033303514505_Node0_Node8_Zero,2034.280857,2036.311475,1,Expiry,0,0,nan
2033311713724_Node0_Node8_Zero,2034.282736,2036.393443,1,Expiry,0,1.04925114e-12,nan
2033319905775_Node0_Node8_Zero,2034.295154,2036.393443,1,Expiry,0,1.04925114e-12,nan
2033328098465_Node0_Node8_Zero,2034.297014,2036.393443,1,Expiry,0,1.04925114e-12,nan
2033336291839_Node0_Node8_Zero,2034.30096,2036.393443,1,Expiry,0,1.04925114e-12,nan
2033344489321_Node0_Node8_Zero,2034.30304,2036.393443,1,Expiry,0,1.04925114e-12,nan
2033352687594_Node0_Node8_Zero,2034.307107,2036.393443,1,Expiry,0,1.04925114e-12,nan
2033360882406_Node0_Node8_Zero,2034.308966,2036.393443,1,Expiry,0,1.04925114e-12,nan
2033369075544_Node0_Node8_Zero,2034.310846,2036.393443,1,Expiry,0,1.04925114e-12,nan
2033377276254_Node0_Node8_Zero,2034.312765,2036.393443,1,Expiry,0,1.04925114e-12,nan
2033385476622_Node0_Node8_Zero,2034.314705,2036.393443,1,Expiry,0,1.04925114e-12,nan
2033393673571_Node0_Node8_Zero,2034.318724,2036.47541,1,Expiry,0,0,nan
2033401869691_Node0_Node8_Zero,2034.337263,2036.47541,1,Expiry,0,0,nan
2033410062903_Node0_Node8_Zero,2034.339303,2036.47541,1,Expiry,0,0,nan
2033418258431_Node0_Node8_Zero,2034.343269,2036.47541,1,Expiry,0,0,nan
2033426452307_Node0_Node8_Zero,2034.345109,2036.47541,1,Expiry,0,0,nan
2033434644032_Node0_Node8_Zero,2034.347128,2036.47541,1,Expiry,0,0,nan
2033442839031_Node0_Node8_Zero,2034.349008,2036.47541,1,Expiry,0,0,nan
2033451032066_Node0_Node8_Zero,2034.350988,2036.47541,1,Expiry,0,0,nan
2033459223830_Node0_Node8_Zero,2034.354967,2036.47541,1,Expiry,0,0,nan
2033467419331_Node0_Node8_Zero,2034.356867,2036.47541,1,Expiry,0,0,nan
2033475616803_Node0_Node8_Zero,2034.358906,2036.557377,1,Expiry,0,0,nan
2033483814132_Node0_Node8_Zero,2034.360886,2036.557377,1,Expiry,0,0,nan
2033492010942_Node0_Node8_Zero,2034.364893,2036.557377,1,Expiry,0,0,nan
2033500206193_Node0_Node8_Zero,2034.366752,2036.557377,1,Expiry,0,0,nan
2033508403850_Node0_Node8_Zero,2034.370872,2036.557377,1,Expiry,0,0,nan
2033516605544_Node0_Node8_Zero,2034.372811,2036.557377,1,Expiry,0,0,nan
2033524800752_Node0_Node8_Zero,2034.377011,2036.557377,1,Expiry,0,0,nan
2033533000326_Node0_Node8_Zero,2034.37907,2036.557377,1,Expiry,0,0,nan
2033541197831_Node0_Node8_Zero,2034.38103,2036.557377,1,Expiry,0,0,nan
2033549398770_Node0_Node8_Zero,2034.391263,2036.557377,1,Expiry,0,0,nan
2033557595102_Node0_Node8_Zero,2034.393142,2036.639344,1,Expiry,0,1.04925114e-12,nan
2033565794578_Node0_Node8_Zero,2034.398941,2036.639344,1,Expiry,0,1.04925114e-12,nan
2033573988200_Node0_Node8_Zero,2034.400981,2036.639344,1,Expiry,0,1.04925114e-12,nan
2033582189773_Node0_Node8_Zero,2034.4029,2036.639344,1,Expiry,0,1.04925114e-12,nan
2033606770763_Node0_Node8_Zero,2034.406943,2036.639344,1,Expiry,0,1.04925114e-12,nan
2033614963575_Node0_Node8_Zero,2034.406943,2036.639344,1,Expiry,0,1.04925114e-12,nan
2033623157815_Node0_Node8_Zero,2034.616598,2036.639344,1,Expiry,0,1.04925114e-12,nan
2033631352989_Node0_Node8_Zero,2034.616598,2036.639344,1,Expiry,0,1.04925114e-12,nan
2033639546385_Node0_Node8_Zero,2034.732803,2036.721311,1,Expiry,0,1.04925114e-12,nan
2033647746688_Node0_Node8_Zero,2034.732803,2036.721311,1,Expiry,0,1.04925114e-12,nan
2033655943967_Node0_Node8_Zero,2034.734765,2036.721311,1,Expiry,0,1.04925114e-12,nan
2033664142403_Node0_Node8_Zero,2034.734765,2036.721311,1,Expiry,0,1.04925114e-12,nan
2033672334875_Node0_Node8_Zero,2034.740833,2036.721311,1,Expiry,0,1.04925114e-12,nan
2033680532315_Node0_Node8_Zero,2034.740833,2036.721311,1,Expiry,0,1.04925114e-12,nan
2033688724325_Node0_Node8_Zero,2034.744913,2036.721311,1,Expiry,0,1.04925114e-12,nan
2033696919499_Node0_Node8_Zero,2034.744913,2036.721311,1,Expiry,0,1.04925114e-12,nan
2033705119452_Node0_Node8_Zero,2034.747035,2036.721311,1,Expiry,0,1.04925114e-12,nan
2033713317738_Node0_Node8_Zero,2034.747035,2036.721311,1,Expiry,0,1.04925114e-12,nan
2033721515600_Node0_Node8_Zero,2034.749038,2036.803279,1,Expiry,0,0,nan
2033729716855_Node0_Node8_Zero,2034.749038,2036.803279,1,Expiry,0,0,nan
2033737916504_Node0_Node8_Zero,2034.75098,2036.803279,1,Expiry,0,0,nan
2033746114916_Node0_Node8_Zero,2034.75098,2036.803279,1,Expiry,0,0,nan
2033754315561_Node0_Node8_Zero,2034.752943,2036.803279,1,Expiry,0,0,nan
2033762515515_Node0_Node8_Zero,2034.752943,2036.803279,1,Expiry,0,0,nan
2033770715275_Node0_Node8_Zero,2034.754825,2036.803279,1,Expiry,0,0,nan
2033778912301_Node0_Node8_Zero,2034.754825,2036.803279,1,Expiry,0,0,nan
2033787109657_Node0_Node8_Zero,2034.761067,2036.803279,1,Expiry,0,0,nan
2033795307045_Node0_Node8_Zero,2034.761067,2036.803279,1,Expiry,0,0,nan
2033803505080_Node0_Node8_Zero,2034.764967,2036.885246,1,Expiry,0,1.04925114e-12,nan
2033811699661_Node0_Node8_Zero,2034.764967,2036.885246,1,Expiry,0,1.04925114e-12,nan
2033819897658_Node0_Node8_Zero,2034.771029,2036.885246,1,Expiry,0,1.04925114e-12,nan
2033828098666_Node0_Node8_Zero,2034.771029,2036.885246,1,Expiry,0,1.04925114e-12,nan
2033836294151_Node0_Node8_Zero,2034.772851,2036.885246,1,Expiry,0,1.04925114e-12,nan
2033844489513_Node0_Node8_Zero,2034.772851,2036.885246,1,Expiry,0,1.04925114e-12,nan
2033852681380_Node0_Node8_Zero,2034.776811,2036.885246,1,Expiry,0,1.04925114e-12,nan
2033860879257_Node0_Node8_Zero,2034.776811,2036.885246,1,Expiry,0,1.04925114e-12,nan
2033869074067_Node0_Node8_Zero,2034.778633,2036.885246,1,Expiry,0,1.04925114e-12,nan
2033877271960_Node0_Node8_Zero,2034.778633,2036.885246,1,Expiry,0,1.04925114e-12,nan
2033885466178_Node0_Node8_Zero,2034.780516,2036.967213,1,Expiry,0,1.04925114e-12,nan
2033893660116_Node0_Node8_Zero,2034.780516,2036.967213,1,Expiry,0,1.04925114e-12,nan
2033901859580_Node0_Node8_Zero,2034.782359,2036.967213,1,Expiry,0,1.04925114e-12,nan
2033910054042_Node0_Node8_Zero,2034.782359,2036.967213,1,Expiry,0,1.04925114e-12,nan
2033918247473_Node0_Node8_Zero,2034.788441,2036.967213,1,Expiry,0,1.04925114e-12,nan
2033926447764_Node0_Node8_Zero,2034.788441,2036.967213,1,Expiry,0,1.04925114e-12,nan
2033934642861_Node0_Node8_Zero,2034.790403,2036.967213,1,Expiry,0,1.04925114e-12,nan
2033942843303_Node0_Node8_Zero,2034.790403,2036.967213,1,Expiry,0,1.04925114e-12,nan
2033951041967_Node0_Node8_Zero,2034.792466,2036.967213,1,Expiry,0,1.04925114e-12,nan
2033959235524_Node0_Node8_Zero,2034.792466,2036.967213,1,Expiry,0,1.04925114e-12,nan
2033967434774_Node0_Node8_Zero,2034.794528,2037.04918,1,Expiry,0,1.04925114e-12,nan
2033975633392_Node0_Node8_Zero,2034.794528,2037.04918,1,Expiry,0,1.04925114e-12,nan
2033983827029_Node0_Node8_Zero,2034.796371,2037.04918,1,Expiry,0,1.04925114e-12,nan
2033992028310_Node0_Node8_Zero,2034.796371,2037.04918,1,Expiry,0,1.04925114e-12,nan
2034000226955_Node0_Node8_Zero,2034.798413,2037.04918,1,Expiry,0,1.04925114e-12,nan
2034008419936_Node0_Node8_Zero,2034.798413,2037.04918,1,Expiry,0,1.04925114e-12,nan
2034016621303_Node0_Node8_Zero,2034.800416,2037.04918,1,Expiry,0,1.04925114e-12,nan
2034024816731_Node0_Node8_Zero,2034.800416,2037.04918,1,Expiry,0,1.04925114e-12,nan
2034033012580_Node0_Node8_Zero,2034.802338,2037.04918,1,Expiry,0,1.04925114e-12,nan
2034041212540_Node0_Node8_Zero,2034.802338,2037.04918,1,Expiry,0,1.04925114e-12,nan
2034049411130_Node0_Node8_Zero,2034.804161,2037.131148,1,Expiry,0,1.04925114e-12,nan
2034057609224_Node0_Node8_Zero,2034.804161,2037.131148,1,Expiry,0,1.04925114e-12,nan
2034065807117_Node0_Node8_Zero,2034.808026,2037.131148,1,Expiry,0,1.04925114e-12,nan
2034074005705_Node0_Node8_Zero,2034.808026,2037.131148,1,Expiry,0,1.04925114e-12,nan
2034082202588_Node0_Node8_Zero,2034.812071,2037.131148,1,Expiry,0,1.04925114e-12,nan
2034090397593_Node0_Node8_Zero,2034.812071,2037.131148,1,Expiry,0,1.04925114e-12,nan
2034098595220_Node0_Node8_Zero,2034.815951,2037.131148,1,Expiry,0,1.04925114e-12,nan
2034106788448_Node0_Node8_Zero,2034.815951,2037.131148,1,Expiry,0,1.04925114e-12,nan
2034114990032_Node0_Node8_Zero,2034.81977,2037.131148,1,Expiry,0,1.04925114e-12,nan
2034123183446_Node0_Node8_Zero,2034.81977,2037.131148,1,Expiry,0,1.04925114e-12,nan
2034131378836_Node0_Node8_Zero,2034.821693,2037.213115,1,Expiry,0,1.04925114e-12,nan
2034139580321_Node0_Node8_Zero,2034.821693,2037.213115,1,Expiry,0,1.04925114e-12,nan
2034147775594_Node0_Node8_Zero,2034.823615,2037.213115,1,Expiry,0,1.04925114e-12,nan
2034155973802_Node0_Node8_Zero,2034.823615,2037.213115,1,Expiry,0,1.04925114e-12,nan
2034164168308_Node0_Node8_Zero,2034.838062,2037.213115,1,Expiry,0,1.04925114e-12,nan
2034172368049_Node0_Node8_Zero,2034.838062,2037.213115,1,Expiry,0,1.04925114e-12,nan
2034180564498_Node0_Node8_Zero,2034.840004,2037.213115,1,Expiry,0,1.04925114e-12,nan
2034188764397_Node0_Node8_Zero,2034.840004,2037.213115,1,Expiry,0,1.04925114e-12,nan
2034196961765_Node0_Node8_Zero,2034.841847,2037.213115,1,Expiry,0,1.04925114e-12,nan
2034205160803_Node0_Node8_Zero,2034.841847,2037.213115,1,Expiry,0,1.04925114e-12,nan
2034213358192_Node0_Node8_Zero,2034.847815,2037.295082,1,Expiry,0,0,nan
2034221552700_Node0_Node8_Zero,2034.847815,2037.295082,1,Expiry,0,0,nan
2034229753963_Node0_Node8_Zero,2034.849677,2037.295082,1,Expiry,0,0,nan
2034237952584_Node0_Node8_Zero,2034.849677,2037.295082,1,Expiry,0,0,nan
2034246149993_Node0_Node8_Zero,2034.85158,2037.295082,1,Expiry,0,0,nan
2034254351638_Node0_Node8_Zero,2034.85158,2037.295082,1,Expiry,0,0,nan
2034262546687_Node0_Node8_Zero,2034.853422,2037.295082,1,Expiry,0,0,nan
2034270743631_Node0_Node8_Zero,2034.853422,2037.295082,1,Expiry,0,0,nan
2034278938283_Node0_Node8_Zero,2034.855405,2037.295082,1,Expiry,0,0,nan
2034287130953_Node0_Node8_Zero,2034.855405,2037.295082,1,Expiry,0,0,nan
2034295330639_Node0_Node8_Zero,2034.85949,2037.377049,1,Expiry,0,1.04925114e-12,nan
2034303529134_Node0_Node8_Zero,2034.85949,2037.377049,1,Expiry,0,1.04925114e-12,nan
2034311722274_Node0_Node8_Zero,2034.861493,2037.377049,1,Expiry,0,1.04925114e-12,nan
2034319919530_Node0_Node8_Zero,2034.861493,2037.377049,1,Expiry,0,1.04925114e-12,nan
2034328117260_Node0_Node8_Zero,2034.863415,2037.377049,1,Expiry,0,1.04925114e-12,nan
2034336316267_Node0_Node8_Zero,2034.863415,2037.377049,1,Expiry,0,1.04925114e-12,nan
2034344511781_Node0_Node8_Zero,2034.8675,2037.377049,1,Expiry,0,1.04925114e-12,nan
2034352710420_Node0_Node8_Zero,2034.8675,2037.377049,1,Expiry,0,1.04925114e-12,nan
2034360904312_Node0_Node8_Zero,2034.869583,2037.377049,1,Expiry,0,1.04925114e-12,nan
2034369105154_Node0_Node8_Zero,2034.869583,2037.377049,1,Expiry,0,1.04925114e-12,nan
2034377306067_Node0_Node8_Zero,2034.871625,2037.459016,1,Expiry,0,1.04925114e-12,nan
2034385501581_Node0_Node8_Zero,2034.871625,2037.459016,1,Expiry,0,1.04925114e-12,nan
2034393697962_Node0_Node8_Zero,2034.873488,2037.459016,1,Expiry,0,1.04925114e-12,nan
2034401894388_Node0_Node8_Zero,2034.873488,2037.459016,1,Expiry,0,1.04925114e-12,nan
2034410090756_Node0_Node8_Zero,2034.877473,2037.459016,1,Expiry,0,1.04925114e-12,nan
2034418283654_Node0_Node8_Zero,2034.877473,2037.459016,1,Expiry,0,1.04925114e-12,nan
2034426478301_Node0_Node8_Zero,2034.879336,2037.459016,1,Expiry,0,1.04925114e-12,nan
2034434674661_Node0_Node8_Zero,2034.879336,2037.459016,1,Expiry,0,1.04925114e-12,nan
2034442868651_Node0_Node8_Zero,2034.881198,2037.459016,1,Expiry,0,1.04925114e-12,nan
2034451068173_Node0_Node8_Zero,2034.881198,2037.459016,1,Expiry,0,1.04925114e-12,nan
2034459260317_Node0_Node8_Zero,2034.883021,2037.540984,1,Expiry,0,1.04925114e-12,nan
2034467454084_Node0_Node8_Zero,2034.883021,2037.540984,1,Expiry,0,1.04925114e-12,nan
2034475652029_Node0_Node8_Zero,2034.885003,2037.540984,1,Expiry,0,1.04925114e-12,nan
2034483844782_Node0_Node8_Zero,2034.885003,2037.540984,1,Expiry,0,1.04925114e-12,nan
2034492041484_Node0_Node8_Zero,2034.886966,2037.540984,1,Expiry,0,1.04925114e-12,nan
2034500236597_Node0_Node8_Zero,2034.886966,2037.540984,1,Expiry,0,1.04925114e-12,nan
2034508431306_Node0_Node8_Zero,2034.890825,2037.540984,1,Expiry,0,1.04925114e-12,nan
2034516623141_Node0_Node8_Zero,2034.890825,2037.540984,1,Expiry,0,1.04925114e-12,nan
2034524822576_Node0_Node8_Zero,2034.894971,2037.540984,1,Expiry,0,1.04925114e-12,nan
2034533023056_Node0_Node8_Zero,2034.894971,2037.540984,1,Expiry,0,1.04925114e-12,nan
2034541223223_Node0_Node8_Zero,2034.89901,2037.622951,1,Expiry,0,0,nan
2034549419817_Node0_Node8_Zero,2034.89901,2037.622951,1,Expiry,0,0,nan
2034557618451_Node0_Node8_Zero,2034.902989,2037.622951,1,Expiry,0,0,nan
2034565810469_Node0_Node8_Zero,2034.902989,2037.622951,1,Expiry,0,0,nan
2034574007416_Node0_Node8_Zero,2034.908906,2037.622951,1,Expiry,0,0,nan
2034582202553_Node0_Node8_Zero,2034.908906,2037.622951,1,Expiry,0,0,nan
2034590396745_Node0_Node8_Zero,2034.910848,2037.622951,1,Expiry,0,0,nan
2034598588678_Node0_Node8_Zero,2034.910848,2037.622951,1,Expiry,0,0,nan
2034606782076_Node0_Node8_Zero,2034.912691,2037.622951,1,Expiry,0,0,nan
2034614979094_Node0_Node8_Zero,2034.912691,2037.622951,1,Expiry,0,0,nan
2034623178235_Node0_Node8_Zero,2034.914813,2037.704918,1,Expiry,0,1.04925114e-12,nan
2034631378256_Node0_Node8_Zero,2034.914813,2037.704918,1,Expiry,0,1.04925114e-12,nan
2034639573914_Node0_Node8_Zero,2034.916696,2037.704918,1,Expiry,0,1.04925114e-12,nan
2034647767457_Node0_Node8_Zero,2034.916696,2037.704918,1,Expiry,0,1.04925114e-12,nan
2034655963514_Node0_Node8_Zero,2034.918659,2037.704918,1,Expiry,0,1.04925114e-12,nan
2034664160192_Node0_Node8_Zero,2034.918659,2037.704918,1,Expiry,0,1.04925114e-12,nan
2034672352121_Node0_Node8_Zero,2034.920501,2037.704918,1,Expiry,0,1.04925114e-12,nan
2034680550413_Node0_Node8_Zero,2034.920501,2037.704918,1,Expiry,0,1.04925114e-12,nan
2034688751658_Node0_Node8_Zero,2034.924441,2037.704918,1,Expiry,0,1.04925114e-12,nan
2034696948542_Node0_Node8_Zero,2034.924441,2037.704918,1,Expiry,0,1.04925114e-12,nan
2034705149017_Node0_Node8_Zero,2034.92834,2037.786885,1,Expiry,0,1.04925114e-12,nan
2034713341235_Node0_Node8_Zero,2034.92834,2037.786885,1,Expiry,0,1.04925114e-12,nan
2034721536651_Node0_Node8_Zero,2034.930283,2037.786885,1,Expiry,0,1.04925114e-12,nan
2034729735704_Node0_Node8_Zero,2034.930283,2037.786885,1,Expiry,0,1.04925114e-12,nan
2034737932499_Node0_Node8_Zero,2034.93629,2037.786885,1,Expiry,0,1.04925114e-12,nan
2034746129822_Node0_Node8_Zero,2034.93629,2037.786885,1,Expiry,0,1.04925114e-12,nan
2034754326103_Node0_Node8_Zero,2034.942532,2037.786885,1,Expiry,0,1.04925114e-12,nan
2034762525986_Node0_Node8_Zero,2034.942532,2037.786885,1,Expiry,0,1.04925114e-12,nan
2034770723783_Node0_Node8_Zero,2034.944455,2037.786885,1,Expiry,0,1.04925114e-12,nan
2034778917558_Node0_Node8_Zero,2034.944455,2037.786885,1,Expiry,0,1.04925114e-12,nan
2034787117903_Node0_Node8_Zero,2034.948274,2037.868852,1,Expiry,0,0,nan
2034795312798_Node0_Node8_Zero,2034.948274,2037.868852,1,Expiry,0,0,nan
2034803509436_Node0_Node8_Zero,2034.950217,2037.868852,1,Expiry,0,0,nan
2034811708588_Node0_Node8_Zero,2034.950217,2037.868852,1,Expiry,0,0,nan
2034819906546_Node0_Node8_Zero,2034.956204,2037.868852,1,Expiry,0,0,nan
2034828104947_Node0_Node8_Zero,2034.956204,2037.868852,1,Expiry,0,0,nan
2034836301382_Node0_Node8_Zero,2034.958267,2037.868852,1,Expiry,0,0,nan
2034844495849_Node0_Node8_Zero,2034.958267,2037.868852,1,Expiry,0,0,nan
2034852691091_Node0_Node8_Zero,2034.96015,2037.868852,1,Expiry,0,0,nan
2034860890505_Node0_Node8_Zero,2034.96015,2037.868852,1,Expiry,0,0,nan
2034869083423_Node0_Node8_Zero,2034.962172,2037.95082,1,Expiry,0,0,nan
2034877276533_Node0_Node8_Zero,2034.962172,2037.95082,1,Expiry,0,0,nan
2034885470790_Node0_Node8_Zero,2034.964075,2037.95082,1,Expiry,0,0,nan
2034893665594_Node0_Node8_Zero,2034.964075,2037.95082,1,Expiry,0,0,nan
2034901866686_Node0_Node8_Zero,2034.967974,2037.95082,1,Expiry,0,0,nan
2034910066422_Node0_Node8_Zero,2034.967974,2037.95082,1,Expiry,0,0,nan
2034918258247_Node0_Node8_Zero,2034.972134,2037.95082,1,Expiry,0,0,nan
2034926453004_Node0_Node8_Zero,2034.972134,2037.95082,1,Expiry,0,0,nan
2034934649550_Node0_Node8_Zero,2034.976173,2037.95082,1,Expiry,0,0,nan
2034942843866_Node0_Node8_Zero,2034.976173,2037.95082,1,Expiry,0,0,nan
2034951037388_Node0_Node8_Zero,2034.980112,2038.032787,1,Expiry,0,0,nan
2034959235722_Node0_Node8_Zero,2034.980112,2038.032787,1,Expiry,0,0,nan
2034967431735_Node0_Node8_Zero,2034.982135,2038.032787,1,Expiry,0,0,nan
2034975625007_Node0_Node8_Zero,2034.982135,2038.032787,1,Expiry,0,0,nan
2034983820198_Node0_Node8_Zero,2034.985294,2038.032787,1,Expiry,0,0,nan
2034992012390_Node0_Node8_Zero,2034.994555,2038.032787,1,Expiry,0,0,nan
2035000207451_Node0_Node8_Zero,2035.002325,2038.032787,1,Expiry,0,0,nan
2035008399375_Node0_Node8_Zero,2035.01042,2038.032787,1,Expiry,0,0,nan
2035016592966_Node0_Node8_Zero,2035.01842,2038.032787,1,Expiry,0,0,nan
2035024788833_Node0_Node8_Zero,2035.026284,2038.032787,1,Expiry,0,0,nan
2035032988982_Node0_Node8_Zero,2035.034499,2038.114754,1,Expiry,0,1.04925114e-12,nan
2035041187690_Node0_Node8_Zero,2035.042887,2038.114754,1,Expiry,0,1.04925114e-12,nan
2035049386721_Node0_Node8_Zero,2035.051868,2038.114754,1,Expiry,0,1.04925114e-12,nan
2035057584548_Node0_Node8_Zero,2035.059532,2038.114754,1,Expiry,0,1.04925114e-12,nan
2035065779884_Node0_Node8_Zero,2035.067581,2038.114754,1,Expiry,0,1.04925114e-12,nan
2035073981486_Node0_Node8_Zero,2035.075742,2038.114754,1,Expiry,0,1.04925114e-12,nan
2035082174537_Node0_Node8_Zero,2035.083953,2038.114754,1,Expiry,0,1.04925114e-12,nan
2035090373007_Node0_Node8_Zero,2035.093019,2038.114754,1,Expiry,0,1.04925114e-12,nan
2035098571410_Node0_Node8_Zero,2035.100117,2038.114754,1,Expiry,0,1.04925114e-12,nan
2035106765362_Node0_Node8_Zero,2035.107847,2038.114754,1,Expiry,0,1.04925114e-12,nan
2035114957809_Node0_Node8_Zero,2035.116593,2038.196721,1,Expiry,0,1.04925114e-12,nan
2035123157593_Node0_Node8_Zero,2035.125639,2038.196721,1,Expiry,0,1.04925114e-12,nan
2035131356182_Node0_Node8_Zero,2035.133139,2038.196721,1,Expiry,0,1.04925114e-12,nan
2035139551766_Node0_Node8_Zero,2035.141259,2038.196721,1,Expiry,0,1.04925114e-12,nan
2035147747244_Node0_Node8_Zero,2035.299407,2038.196721,1,Expiry,0,1.04925114e-12,nan
2035155939434_Node0_Node8_Zero,2036.199997,2038.196721,1,Expiry,0,1.04925114e-12,nan
2035164139815_Node0_Node8_Zero,2036.199997,2038.196721,1,Expiry,0,1.04925114e-12,nan
2035172338819_Node0_Node8_Zero,2036.205218,2038.196721,1,Expiry,0,1.04925114e-12,nan
2035180533323_Node0_Node8_Zero,2036.205218,2038.196721,1,Expiry,0,1.04925114e-12,nan
2035188733833_Node0_Node8_Zero,2036.20704,2038.196721,1,Expiry,0,1.04925114e-12,nan
2035196935518_Node0_Node8_Zero,2036.20704,2038.278689,1,Expiry,0,1.04925114e-12,nan
2035205134053_Node0_Node8_Zero,2036.21102,2038.278689,1,Expiry,0,1.04925114e-12,nan
2035213332704_Node0_Node8_Zero,2036.21102,2038.278689,1,Expiry,0,1.04925114e-12,nan
2035221526590_Node0_Node8_Zero,2036.217116,2038.278689,1,Expiry,0,1.04925114e-12,nan
2035229723777_Node0_Node8_Zero,2036.217116,2038.278689,1,Expiry,0,1.04925114e-12,nan
2035237915734_Node0_Node8_Zero,2036.218939,2038.278689,1,Expiry,0,1.04925114e-12,nan
2035246114351_Node0_Node8_Zero,2036.218939,2038.278689,1,Expiry,0,1.04925114e-12,nan
2035254313691_Node0_Node8_Zero,2036.222744,2038.278689,1,Expiry,0,1.04925114e-12,nan
2035262513729_Node0_Node8_Zero,2036.222744,2038.278689,1,Expiry,0,1.04925114e-12,nan
2035270706592_Node0_Node8_Zero,2036.224626,2038.278689,1,Expiry,0,1.04925114e-12,nan
2035278907403_Node0_Node8_Zero,2036.224626,2038.360656,1,Expiry,0,1.04925114e-12,nan
2035287108041_Node0_Node8_Zero,2036.226729,2038.360656,1,Expiry,0,1.04925114e-12,nan
2035295307960_Node0_Node8_Zero,2036.226729,2038.360656,1,Expiry,0,1.04925114e-12,nan
2035303502459_Node0_Node8_Zero,2036.230648,2038.360656,1,Expiry,0,1.04925114e-12,nan
2035311704101_Node0_Node8_Zero,2036.230648,2038.360656,1,Expiry,0,1.04925114e-12,nan
2035319900327_Node0_Node8_Zero,2036.236896,2038.360656,1,Expiry,0,1.04925114e-12,nan
2035328101788_Node0_Node8_Zero,2036.236896,2038.360656,1,Expiry,0,1.04925114e-12,nan
2035336294112_Node0_Node8_Zero,2036.240916,2038.360656,1,Expiry,0,1.04925114e-12,nan
2035344494080_Node0_Node8_Zero,2036.240916,2038.360656,1,Expiry,0,1.04925114e-12,nan
2035352695187_Node0_Node8_Zero,2036.242918,2038.360656,1,Expiry,0,1.04925114e-12,nan
2035360888355_Node0_Node8_Zero,2036.242918,2038.442623,1,Expiry,0,1.04925114e-12,nan
2035369089438_Node0_Node8_Zero,2036.248914,2038.442623,1,Expiry,0,1.04925114e-12,nan
2035377287133_Node0_Node8_Zero,2036.248914,2038.442623,1,Expiry,0,1.04925114e-12,nan
2035385480361_Node0_Node8_Zero,2036.250937,2038.442623,1,Expiry,0,1.04925114e-12,nan
2035393674627_Node0_Node8_Zero,2036.250937,2038.442623,1,Expiry,0,1.04925114e-12,nan
2035401869320_Node0_Node8_Zero,2036.256985,2038.442623,1,Expiry,0,1.04925114e-12,nan
2035410066694_Node0_Node8_Zero,2036.256985,2038.442623,1,Expiry,0,1.04925114e-12,nan
2035418267223_Node0_Node8_Zero,2036.259047,2038.442623,1,Expiry,0,1.04925114e-12,nan
2035426463260_Node0_Node8_Zero,2036.259047,2038.442623,1,Expiry,0,1.04925114e-12,nan
2035434663523_Node0_Node8_Zero,2036.265284,2038.442623,1,Expiry,0,1.04925114e-12,nan
2035442860598_Node0_Node8_Zero,2036.265284,2038.52459,1,Expiry,0,1.04925114e-12,nan
2035451060734_Node0_Node8_Zero,2036.267246,2038.52459,1,Expiry,0,1.04925114e-12,nan
2035459259593_Node0_Node8_Zero,2036.267246,2038.52459,1,Expiry,0,1.04925114e-12,nan
2035467458903_Node0_Node8_Zero,2036.269249,2038.52459,1,Expiry,0,1.04925114e-12,nan
2035475651422_Node0_Node8_Zero,2036.269249,2038.52459,1,Expiry,0,1.04925114e-12,nan
2035483850944_Node0_Node8_Zero,2036.271111,2038.52459,1,Expiry,0,1.04925114e-12,nan
2035492047418_Node0_Node8_Zero,2036.271111,2038.52459,1,Expiry,0,1.04925114e-12,nan
2035500245948_Node0_Node8_Zero,2036.273174,2038.52459,1,Expiry,0,1.04925114e-12,nan
2035508438633_Node0_Node8_Zero,2036.273174,2038.52459,1,Expiry,0,1.04925114e-12,nan
2035516638257_Node0_Node8_Zero,2036.277213,2038.52459,1,Expiry,0,1.04925114e-12,nan
2035524837556_Node0_Node8_Zero,2036.277213,2038.606557,1,Expiry,0,1.04925114e-12,nan
2035533030548_Node0_Node8_Zero,2036.279076,2038.606557,1,Expiry,0,1.04925114e-12,nan
2035541228118_Node0_Node8_Zero,2036.279076,2038.606557,1,Expiry,0,1.04925114e-12,nan
2035549424857_Node0_Node8_Zero,2036.289417,2038.606557,1,Expiry,0,1.04925114e-12,nan
2035557625999_Node0_Node8_Zero,2036.289417,2038.606557,1,Expiry,0,1.04925114e-12,nan
2035565823408_Node0_Node8_Zero,2036.29134,2038.606557,1,Expiry,0,1.04925114e-12,nan
2035574019133_Node0_Node8_Zero,2036.29134,2038.606557,1,Expiry,0,1.04925114e-12,nan
2035582214761_Node0_Node8_Zero,2036.293322,2038.606557,1,Expiry,0,1.04925114e-12,nan
2035590410371_Node0_Node8_Zero,2036.293322,2038.606557,1,Expiry,0,1.04925114e-12,nan
2035598607798_Node0_Node8_Zero,2036.295205,2038.606557,1,Expiry,0,1.04925114e-12,nan
2035606808155_Node0_Node8_Zero,2036.295205,2038.688525,1,Expiry,0,0,nan
2035615003235_Node0_Node8_Zero,2036.297208,2038.688525,1,Expiry,0,0,nan
2035623202361_Node0_Node8_Zero,2036.297208,2038.688525,1,Expiry,0,0,nan
2035631402682_Node0_Node8_Zero,2036.301233,2038.688525,1,Expiry,0,0,nan
2035639596036_Node0_Node8_Zero,2036.301233,2038.688525,1,Expiry,0,0,nan
2035647792961_Node0_Node8_Zero,2036.303175,2038.688525,1,Expiry,0,0,nan
2035655994649_Node0_Node8_Zero,2036.303175,2038.688525,1,Expiry,0,0,nan
2035664196023_Node0_Node8_Zero,2036.313382,2038.688525,1,Expiry,0,0,nan
2035672390584_Node0_Node8_Zero,2036.313382,2038.688525,1,Expiry,0,0,nan
2035680589179_Node0_Node8_Zero,2036.315365,2038.688525,1,Expiry,0,0,nan
2035688788851_Node0_Node8_Zero,2036.315365,2038.770492,1,Expiry,0,0,nan
2035696989555_Node0_Node8_Zero,2036.31931,2038.770492,1,Expiry,0,0,nan
2035705189191_Node0_Node8_Zero,2036.31931,2038.770492,1,Expiry,0,0,nan
2035713390651_Node0_Node8_Zero,2036.325458,2038.770492,1,Expiry,0,0,nan
2035721584911_Node0_Node8_Zero,2036.325458,2038.770492,1,Expiry,0,0,nan
2035729782032_Node0_Node8_Zero,2036.3273,2038.770492,1,Expiry,0,0,nan
2035737981781_Node0_Node8_Zero,2036.3273,2038.770492,1,Expiry,0,0,nan
2035746178481_Node0_Node8_Zero,2036.329403,2038.770492,1,Expiry,0,0,nan
2035754379169_Node0_Node8_Zero,2036.329403,2038.770492,1,Expiry,0,0,nan
2035762580643_Node0_Node8_Zero,2036.333182,2038.770492,1,Expiry,0,0,nan
2035770774627_Node0_Node8_Zero,2036.333182,2038.852459,1,Expiry,0,1.04925114e-12,nan
2035778975025_Node0_Node8_Zero,2036.335165,2038.852459,1,Expiry,0,1.04925114e-12,nan
2035787173909_Node0_Node8_Zero,2036.335165,2038.852459,1,Expiry,0,1.04925114e-12,nan
2035795373866_Node0_Node8_Zero,2036.338944,2038.852459,1,Expiry,0,1.04925114e-12,nan
2035803574469_Node0_Node8_Zero,2036.338944,2038.852459,1,Expiry,0,1.04925114e-12,nan
2035811776009_Node0_Node8_Zero,2036.340987,2038.852459,1,Expiry,0,1.04925114e-12,nan
2035819970134_Node0_Node8_Zero,2036.340987,2038.852459,1,Expiry,0,1.04925114e-12,nan
2035828164067_Node0_Node8_Zero,2036.342909,2038.852459,1,Expiry,0,1.04925114e-12,nan
2035836358232_Node0_Node8_Zero,2036.342909,2038.852459,1,Expiry,0,1.04925114e-12,nan
2035844558020_Node0_Node8_Zero,2036.344832,2038.852459,1,Expiry,0,1.04925114e-12,nan
2035852756042_Node0_Node8_Zero,2036.344832,2038.934426,1,Expiry,0,1.04925114e-12,nan
2035860951481_Node0_Node8_Zero,2036.346835,2038.934426,1,Expiry,0,1.04925114e-12,nan
2035869148131_Node0_Node8_Zero,2036.346835,2038.934426,1,Expiry,0,1.04925114e-12,nan
2035877345389_Node0_Node8_Zero,2036.353122,2038.934426,1,Expiry,0,1.04925114e-12,nan
2035885543368_Node0_Node8_Zero,2036.353122,2038.934426,1,Expiry,0,1.04925114e-12,nan
2035893735104_Node0_Node8_Zero,2036.355105,2038.934426,1,Expiry,0,1.04925114e-12,nan
2035901930306_Node0_Node8_Zero,2036.355105,2038.934426,1,Expiry,0,1.04925114e-12,nan
2035910124108_Node0_Node8_Zero,2036.359264,2038.934426,1,Expiry,0,1.04925114e-12,nan
2035918321096_Node0_Node8_Zero,2036.359264,2038.934426,1,Expiry,0,1.04925114e-12,nan
2035926521383_Node0_Node8_Zero,2036.363024,2038.934426,1,Expiry,0,1.04925114e-12,nan
2035934722944_Node0_Node8_Zero,2036.363024,2039.016393,1,Expiry,0,0,nan
2035942915726_Node0_Node8_Zero,2036.364926,2039.016393,1,Expiry,0,0,nan
2035951115590_Node0_Node8_Zero,2036.364926,2039.016393,1,Expiry,0,0,nan
2035959311671_Node0_Node8_Zero,2036.366869,2039.016393,1,Expiry,0,0,nan
2035967504947_Node0_Node8_Zero,2036.366869,2039.016393,1,Expiry,0,0,nan
2035975698915_Node0_Node8_Zero,2036.368771,2039.016393,1,Expiry,0,0,nan
2035983893345_Node0_Node8_Zero,2036.368771,2039.016393,1,Expiry,0,0,nan
2035992085597_Node0_Node8_Zero,2036.370694,2039.016393,1,Expiry,0,0,nan
2036000285737_Node0_Node8_Zero,2036.370694,2039.016393,1,Expiry,0,0,nan
2036008478003_Node0_Node8_Zero,2036.376556,2039.016393,1,Expiry,0,0,nan
2036016670375_Node0_Node8_Zero,2036.376556,2039.098361,1,Expiry,0,0,nan
2036024865247_Node0_Node8_Zero,2036.378518,2039.098361,1,Expiry,0,0,nan
2036033057727_Node0_Node8_Zero,2036.378518,2039.098361,1,Expiry,0,0,nan
2036041256813_Node0_Node8_Zero,2036.380361,2039.098361,1,Expiry,0,0,nan
2036049449982_Node0_Node8_Zero,2036.380361,2039.098361,1,Expiry,0,0,nan
2036057646522_Node0_Node8_Zero,2036.386583,2039.098361,1,Expiry,0,0,nan
2036065843664_Node0_Node8_Zero,2036.386583,2039.098361,1,Expiry,0,0,nan
2036074041775_Node0_Node8_Zero,2036.390828,2039.098361,1,Expiry,0,0,nan
2036082240162_Node0_Node8_Zero,2036.390828,2039.098361,1,Expiry,0,0,nan
2036090438792_Node0_Node8_Zero,2036.394808,2039.098361,1,Expiry,0,0,nan
2036098637710_Node0_Node8_Zero,2036.394808,2039.180328,1,Expiry,0,0,nan
2036106835582_Node0_Node8_Zero,2036.39681,2039.180328,1,Expiry,0,0,nan
2036115029075_Node0_Node8_Zero,2036.39681,2039.180328,1,Expiry,0,0,nan
2036123226478_Node0_Node8_Zero,2036.398673,2039.180328,1,Expiry,0,0,nan
2036131420570_Node0_Node8_Zero,2036.398673,2039.180328,1,Expiry,0,0,nan
2036139622220_Node0_Node8_Zero,2036.402592,2039.180328,1,Expiry,0,0,nan
2036147814105_Node0_Node8_Zero,2036.402592,2039.180328,1,Expiry,0,0,nan
2036156008569_Node0_Node8_Zero,2036.404415,2039.180328,1,Expiry,0,0,nan
2036164206046_Node0_Node8_Zero,2036.404415,2039.180328,1,Expiry,0,0,nan
2036172400671_Node0_Node8_Zero,2036.412419,2039.180328,1,Expiry,0,0,nan
2036180601107_Node0_Node8_Zero,2036.412419,2039.262295,1,Expiry,0,0,nan
2036188796256_Node0_Node8_Zero,2036.414242,2039.262295,1,Expiry,0,0,nan
2036196992348_Node0_Node8_Zero,2036.414242,2039.262295,1,Expiry,0,0,nan
2036205187923_Node0_Node8_Zero,2036.418161,2039.262295,1,Expiry,0,0,nan
2036213384336_Node0_Node8_Zero,2036.418161,2039.262295,1,Expiry,0,0,nan
2036221581167_Node0_Node8_Zero,2036.424109,2039.262295,1,Expiry,0,0,nan
2036229780741_Node0_Node8_Zero,2036.424109,2039.262295,1,Expiry,0,0,nan
2036237979604_Node0_Node8_Zero,2036.426152,2039.262295,1,Expiry,0,0,nan
2036246178822_Node0_Node8_Zero,2036.426152,2039.262295,1,Expiry,0,0,nan
2036254370795_Node0_Node8_Zero,2036.430071,2039.262295,1,Expiry,0,0,nan
2036262566040_Node0_Node8_Zero,2036.430071,2039.344262,1,Expiry,0,1.04925114e-12,nan
2036270759449_Node0_Node8_Zero,2036.431894,2039.344262,1,Expiry,0,1.04925114e-12,nan
2036278957474_Node0_Node8_Zero,2036.431894,2039.344262,1,Expiry,0,1.04925114e-12,nan
2036287155568_Node0_Node8_Zero,2036.435793,2039.344262,1,Expiry,0,1.04925114e-12,nan
2036295351515_Node0_Node8_Zero,2036.435793,2039.344262,1,Expiry,0,1.04925114e-12,nan
2036303547141_Node0_Node8_Zero,2036.44606,2039.344262,1,Expiry,0,1.04925114e-12,nan
2036311744891_Node0_Node8_Zero,2036.44606,2039.344262,1,Expiry,0,1.04925114e-12,nan
2036319938058_Node0_Node8_Zero,2036.44998,2039.344262,1,Expiry,0,1.04925114e-12,nan
2036328130125_Node0_Node8_Zero,2036.44998,2039.344262,1,Expiry,0,1.04925114e-12,nan
2036336329261_Node0_Node8_Zero,2036.452022,2039.344262,1,Expiry,0,1.04925114e-12,nan
2036344528174_Node0_Node8_Zero,2036.452022,2039.42623,1,Expiry,0,1.04925114e-12,nan
2036352725867_Node0_Node8_Zero,2036.453885,2039.42623,1,Expiry,0,1.04925114e-12,nan
2036360923321_Node0_Node8_Zero,2036.453885,2039.42623,1,Expiry,0,1.04925114e-12,nan
2036369125030_Node0_Node8_Zero,2036.455747,2039.42623,1,Expiry,0,1.04925114e-12,nan
2036377326075_Node0_Node8_Zero,2036.455747,2039.42623,1,Expiry,0,1.04925114e-12,nan
2036385527523_Node0_Node8_Zero,2036.45763,2039.42623,1,Expiry,0,1.04925114e-12,nan
2036393723485_Node0_Node8_Zero,2036.45763,2039.42623,1,Expiry,0,1.04925114e-12,nan
2036401922555_Node0_Node8_Zero,2036.459692,2039.42623,1,Expiry,0,1.04925114e-12,nan
2036410122881_Node0_Node8_Zero,2036.459692,2039.42623,1,Expiry,0,1.04925114e-12,nan
2036418318590_Node0_Node8_Zero,2036.461735,2039.42623,1,Expiry,0,1.04925114e-12,nan
2036426517915_Node0_Node8_Zero,2036.461735,2039.508197,1,Expiry,0,0,nan
2036434715083_Node0_Node8_Zero,2036.463697,2039.508197,1,Expiry,0,0,nan
2036442907273_Node0_Node8_Zero,2036.463697,2039.508197,1,Expiry,0,0,nan
2036451104934_Node0_Node8_Zero,2036.469839,2039.508197,1,Expiry,0,0,nan
2036459306356_Node0_Node8_Zero,2036.469839,2039.508197,1,Expiry,0,0,nan
2036467502189_Node0_Node8_Zero,2036.473165,2039.508197,1,Expiry,0,0,nan
2036475703295_Node0_Node8_Zero,2036.478392,2039.508197,1,Expiry,0,0,nan
2036483901482_Node0_Node8_Zero,2036.912858,2039.508197,1,Expiry,0,0,nan
2036492094431_Node0_Node8_Zero,2036.919133,2039.508197,1,Expiry,0,0,nan
2036500287645_Node0_Node8_Zero,2036.919133,2039.508197,1,Expiry,0,0,nan
2036508482106_Node0_Node8_Zero,2036.921036,2039.590164,1,Expiry,0,1.04925114e-12,nan
2036516682092_Node0_Node8_Zero,2036.921036,2039.590164,1,Expiry,0,1.04925114e-12,nan
2036524878230_Node0_Node8_Zero,2036.922878,2039.590164,1,Expiry,0,1.04925114e-12,nan
2036533072102_Node0_Node8_Zero,2036.922878,2039.590164,1,Expiry,0,1.04925114e-12,nan
2036541268517_Node0_Node8_Zero,2036.926643,2039.590164,1,Expiry,0,1.04925114e-12,nan
2036549466255_Node0_Node8_Zero,2036.926643,2039.590164,1,Expiry,0,1.04925114e-12,nan
2036557658703_Node0_Node8_Zero,2036.928706,2039.590164,1,Expiry,0,1.04925114e-12,nan
2036565850798_Node0_Node8_Zero,2036.928706,2039.590164,1,Expiry,0,1.04925114e-12,nan
2036574049290_Node0_Node8_Zero,2036.930708,2039.590164,1,Expiry,0,1.04925114e-12,nan
2036582241047_Node0_Node8_Zero,2036.930708,2039.590164,1,Expiry,0,1.04925114e-12,nan
2036590433560_Node0_Node8_Zero,2036.934548,2039.672131,1,Expiry,0,1.04925114e-12,nan
2036598628306_Node0_Node8_Zero,2036.934548,2039.672131,1,Expiry,0,1.04925114e-12,nan
2036606820638_Node0_Node8_Zero,2036.93665,2039.672131,1,Expiry,0,1.04925114e-12,nan
2036615012625_Node0_Node8_Zero,2036.93665,2039.672131,1,Expiry,0,1.04925114e-12,nan
2036623213794_Node0_Node8_Zero,2036.94061,2039.672131,1,Expiry,0,1.04925114e-12,nan
2036631414701_Node0_Node8_Zero,2036.94061,2039.672131,1,Expiry,0,1.04925114e-12,nan
2036639612124_Node0_Node8_Zero,2036.942632,2039.672131,1,Expiry,0,1.04925114e-12,nan
2036647812139_Node0_Node8_Zero,2036.942632,2039.672131,1,Expiry,0,1.04925114e-12,nan
2036656013479_Node0_Node8_Zero,2036.944455,2039.672131,1,Expiry,0,1.04925114e-12,nan
2036664212113_Node0_Node8_Zero,2036.944455,2039.672131,1,Expiry,0,1.04925114e-12,nan
2036672410567_Node0_Node8_Zero,2036.950523,2039.754098,1,Expiry,0,0,nan
2036680602652_Node0_Node8_Zero,2036.950523,2039.754098,1,Expiry,0,0,nan
2036688803281_Node0_Node8_Zero,2036.954462,2039.754098,1,Expiry,0,0,nan
2036697000566_Node0_Node8_Zero,2036.954462,2039.754098,1,Expiry,0,0,nan
2036705194391_Node0_Node8_Zero,2036.956345,2039.754098,1,Expiry,0,0,nan
2036713389291_Node0_Node8_Zero,2036.956345,2039.754098,1,Expiry,0,0,nan
2036721581550_Node0_Node8_Zero,2036.958327,2039.754098,1,Expiry,0,0,nan
2036729778258_Node0_Node8_Zero,2036.958327,2039.754098,1,Expiry,0,0,nan
2036737979142_Node0_Node8_Zero,2036.96017,2039.754098,1,Expiry,0,0,nan
2036746174181_Node0_Node8_Zero,2036.96017,2039.754098,1,Expiry,0,0,nan
2036754373433_Node0_Node8_Zero,2036.962072,2039.836066,1,Expiry,0,1.04925114e-12,nan
2036762571231_Node0_Node8_Zero,2036.962072,2039.836066,1,Expiry,0,1.04925114e-12,nan
2036770771463_Node0_Node8_Zero,2036.963975,2039.836066,1,Expiry,0,1.04925114e-12,nan
2036778972807_Node0_Node8_Zero,2036.963975,2039.836066,1,Expiry,0,1.04925114e-12,nan
2036787172186_Node0_Node8_Zero,2036.973682,2039.836066,1,Expiry,0,1.04925114e-12,nan
2036795365920_Node0_Node8_Zero,2036.973682,2039.836066,1,Expiry,0,1.04925114e-12,nan
2036803565473_Node0_Node8_Zero,2036.975505,2039.836066,1,Expiry,0,1.04925114e-12,nan
2036811763845_Node0_Node8_Zero,2036.975505,2039.836066,1,Expiry,0,1.04925114e-12,nan
2036819959159_Node0_Node8_Zero,2036.977467,2039.836066,1,Expiry,0,1.04925114e-12,nan
2036828156841_Node0_Node8_Zero,2036.977467,2039.836066,1,Expiry,0,1.04925114e-12,nan
2036836351691_Node0_Node8_Zero,2036.987734,2039.918033,1,Expiry,0,0,nan
2036844543663_Node0_Node8_Zero,2036.987734,2039.918033,1,Expiry,0,0,nan
2036852743702_Node0_Node8_Zero,2036.991654,2039.918033,1,Expiry,0,0,nan
2036860942257_Node0_Node8_Zero,2036.991654,2039.918033,1,Expiry,0,0,nan
2036869143626_Node0_Node8_Zero,2036.993576,2039.918033,1,Expiry,0,0,nan
2036877344489_Node0_Node8_Zero,2036.993576,2039.918033,1,Expiry,0,0,nan
2036885538413_Node0_Node8_Zero,2036.995659,2039.918033,1,Expiry,0,0,nan
2036893738853_Node0_Node8_Zero,2036.995659,2039.918033,1,Expiry,0,0,nan
2036901940080_Node0_Node8_Zero,2036.999418,2039.918033,1,Expiry,0,0,nan
2036910139933_Node0_Node8_Zero,2036.999418,2039.918033,1,Expiry,0,0,nan
2036918335483_Node0_Node8_Zero,2037.001281,2040.0,1,Expiry,0,1.04925114e-12,nan
2036926532689_Node0_Node8_Zero,2037.001281,2040.0,1,Expiry,0,1.04925114e-12,nan
2036934733582_Node0_Node8_Zero,2037.00536,2040.0,1,Expiry,0,1.04925114e-12,nan
2036942931596_Node0_Node8_Zero,2037.00536,2040.0,1,Expiry,0,1.04925114e-12,nan
2036951124495_Node0_Node8_Zero,2037.007183,2040.0,1,Expiry,0,1.04925114e-12,nan
2036959316620_Node0_Node8_Zero,2037.007183,2040.0,1,Expiry,0,1.04925114e-12,nan
2036967515063_Node0_Node8_Zero,2037.011148,2040.0,1,Expiry,0,1.04925114e-12,nan
2036975707916_Node0_Node8_Zero,2037.011148,2040.0,1,Expiry,0,1.04925114e-12,nan
2036983908493_Node0_Node8_Zero,2037.015153,2040.0,1,Expiry,0,1.04925114e-12,nan
2036992104347_Node0_Node8_Zero,2037.015153,2040.0,1,Expiry,0,1.04925114e-12,nan
2037000296105_Node0_Node8_Zero,2037.023278,2040.081967,1,Expiry,0,0,nan
2037008494003_Node0_Node8_Zero,2037.023278,2040.081967,1,Expiry,0,0,nan
2037016690072_Node0_Node8_Zero,2037.02434,2040.081967,1,Expiry,0,0,nan
2037024885640_Node0_Node8_Zero,2037.027265,2040.081967,1,Expiry,0,0,nan
2037033085865_Node0_Node8_Zero,2037.197137,2040.081967,1,Expiry,0,0,nan
2037041287290_Node0_Node8_Zero,2037.36335,2040.081967,1,Expiry,0,0,nan
2037049482752_Node0_Node8_Zero,2037.36335,2040.081967,1,Expiry,0,0,nan
2037057675807_Node0_Node8_Zero,2037.365233,2040.081967,1,Expiry,0,0,nan
2037065873592_Node0_Node8_Zero,2037.365233,2040.081967,1,Expiry,0,0,nan
2037074069162_Node0_Node8_Zero,2037.3704,2040.081967,1,Expiry,0,0,nan
2037082269918_Node0_Node8_Zero,2037.3704,2040.163934,1,Expiry,0,0,nan
2037090462570_Node0_Node8_Zero,2037.372363,2040.163934,1,Expiry,0,0,nan
2037098660177_Node0_Node8_Zero,2037.372363,2040.163934,1,Expiry,0,0,nan
2037106853104_Node0_Node8_Zero,2037.374185,2040.163934,1,Expiry,0,0,nan
2037115052257_Node0_Node8_Zero,2037.374185,2040.163934,1,Expiry,0,0,nan
2037123252242_Node0_Node8_Zero,2037.380093,2040.163934,1,Expiry,0,0,nan
2037131450206_Node0_Node8_Zero,2037.380093,2040.163934,1,Expiry,0,0,nan
2037139642894_Node0_Node8_Zero,2037.381955,2040.163934,1,Expiry,0,0,nan
2037147836371_Node0_Node8_Zero,2037.381955,2040.163934,1,Expiry,0,0,nan
2037156034783_Node0_Node8_Zero,2037.388203,2040.163934,1,Expiry,0,0,nan
2037164236350_Node0_Node8_Zero,2037.388203,2040.245902,1,Expiry,0,0,nan
2037172433078_Node0_Node8_Zero,2037.390286,2040.245902,1,Expiry,0,0,nan
2037180627588_Node0_Node8_Zero,2037.390286,2040.245902,1,Expiry,0,0,nan
2037188821827_Node0_Node8_Zero,2037.392148,2040.245902,1,Expiry,0,0,nan
2037197018714_Node0_Node8_Zero,2037.392148,2040.245902,1,Expiry,0,0,nan
2037205212601_Node0_Node8_Zero,2037.393971,2040.245902,1,Expiry,0,0,nan
2037213405660_Node0_Node8_Zero,2037.393971,2040.245902,1,Expiry,0,0,nan
2037221599538_Node0_Node8_Zero,2037.397796,2040.245902,1,Expiry,0,0,nan
2037229792737_Node0_Node8_Zero,2037.397796,2040.245902,1,Expiry,0,0,nan
2037237993808_Node0_Node8_Zero,2037.399758,2040.245902,1,Expiry,0,0,nan
2037246190472_Node0_Node8_Zero,2037.399758,2040.327869,1,Expiry,0,0,nan
2037254390120_Node0_Node8_Zero,2037.401861,2040.327869,1,Expiry,0,0,nan
2037262584958_Node0_Node8_Zero,2037.401861,2040.327869,1,Expiry,0,0,nan
2037270785450_Node0_Node8_Zero,2037.403904,2040.327869,1,Expiry,0,0,nan
2037278983389_Node0_Node8_Zero,2037.403904,2040.327869,1,Expiry,0,0,nan
2037287184112_Node0_Node8_Zero,2037.405786,2040.327869,1,Expiry,0,0,nan
2037295382990_Node0_Node8_Zero,2037.405786,2040.327869,1,Expiry,0,0,nan
2037303581551_Node0_Node8_Zero,2037.407709,2040.327869,1,Expiry,0,0,nan
2037311775928_Node0_Node8_Zero,2037.407709,2040.327869,1,Expiry,0,0,nan
2037319968084_Node0_Node8_Zero,2037.409591,2040.327869,1,Expiry,0,0,nan
2037328162558_Node0_Node8_Zero,2037.409591,2040.409836,1,Expiry,0,0,nan
2037336354831_Node0_Node8_Zero,2037.411534,2040.409836,1,Expiry,0,0,nan
2037344554469_Node0_Node8_Zero,2037.411534,2040.409836,1,Expiry,0,0,nan
2037352750915_Node0_Node8_Zero,2037.413416,2040.409836,1,Expiry,0,0,nan
2037360943223_Node0_Node8_Zero,2037.413416,2040.409836,1,Expiry,0,0,nan
2037369139727_Node0_Node8_Zero,2037.423349,2040.409836,1,Expiry,0,0,nan
2037377336733_Node0_Node8_Zero,2037.423349,2040.409836,1,Expiry,0,0,nan
2037385529950_Node0_Node8_Zero,2037.425312,2040.409836,1,Expiry,0,0,nan
2037393722988_Node0_Node8_Zero,2037.425312,2040.409836,1,Expiry,0,0,nan
2037401918183_Node0_Node8_Zero,2037.431114,2040.409836,1,Expiry,0,0,nan
2037410116343_Node0_Node8_Zero,2037.431114,2040.491803,1,Expiry,0,0,nan
2037418314608_Node0_Node8_Zero,2037.432976,2040.491803,1,Expiry,0,0,nan
2037426508308_Node0_Node8_Zero,2037.432976,2040.491803,1,Expiry,0,0,nan
2037434702893_Node0_Node8_Zero,2037.436036,2040.491803,1,Expiry,0,0,nan
2037442899532_Node0_Node8_Zero,2037.445528,2040.491803,1,Expiry,0,0,nan
2037451097760_Node0_Node8_Zero,2037.454037,2040.491803,1,Expiry,0,0,nan
2037459290269_Node0_Node8_Zero,2037.461587,2040.491803,1,Expiry,0,0,nan
2037467483257_Node0_Node8_Zero,2037.469176,2040.491803,1,Expiry,0,0,nan
2037475684567_Node0_Node8_Zero,2037.477553,2040.491803,1,Expiry,0,0,nan
2037483883211_Node0_Node8_Zero,2037.528354,2040.491803,1,Expiry,0,0,nan
2037492076912_Node0_Node8_Zero,2038.248096,2040.57377,1,Expiry,0,0,nan
2037500269230_Node0_Node8_Zero,2038.248096,2040.57377,1,Expiry,0,0,nan
2037508464189_Node0_Node8_Zero,2038.249938,2040.57377,1,Expiry,0,0,nan
2037516657513_Node0_Node8_Zero,2038.249938,2040.57377,1,Expiry,0,0,nan
2037524853289_Node0_Node8_Zero,2038.251801,2040.57377,1,Expiry,0,0,nan
2037533054225_Node0_Node8_Zero,2038.251801,2040.57377,1,Expiry,0,0,nan
2037541252272_Node0_Node8_Zero,2038.253803,2040.57377,1,Expiry,0,0,nan
2037549452494_Node0_Node8_Zero,2038.253803,2040.57377,1,Expiry,0,0,nan
2037557649243_Node0_Node8_Zero,2038.255646,2040.57377,1,Expiry,0,0,nan
2037565845651_Node0_Node8_Zero,2038.255646,2040.57377,1,Expiry,0,0,nan
2037574045124_Node0_Node8_Zero,2038.259711,2040.655738,1,Expiry,0,1.04925114e-12,nan
2037582245725_Node0_Node8_Zero,2038.259711,2040.655738,1,Expiry,0,1.04925114e-12,nan
2037590438735_Node0_Node8_Zero,2038.261553,2040.655738,1,Expiry,0,1.04925114e-12,nan
2037598640212_Node0_Node8_Zero,2038.261553,2040.655738,1,Expiry,0,1.04925114e-12,nan
2037606835967_Node0_Node8_Zero,2038.263556,2040.655738,1,Expiry,0,1.04925114e-12,nan
2037615027710_Node0_Node8_Zero,2038.263556,2040.655738,1,Expiry,0,1.04925114e-12,nan
2037623222568_Node0_Node8_Zero,2038.271841,2040.655738,1,Expiry,0,1.04925114e-12,nan
2037631419714_Node0_Node8_Zero,2038.271841,2040.655738,1,Expiry,0,1.04925114e-12,nan
2037639613447_Node0_Node8_Zero,2038.273743,2040.655738,1,Expiry,0,1.04925114e-12,nan
2037647811089_Node0_Node8_Zero,2038.273743,2040.655738,1,Expiry,0,1.04925114e-12,nan
2037656009513_Node0_Node8_Zero,2038.275606,2040.737705,1,Expiry,0,0,nan
2037664207418_Node0_Node8_Zero,2038.275606,2040.737705,1,Expiry,0,0,nan
2037672406023_Node0_Node8_Zero,2038.277448,2040.737705,1,Expiry,0,0,nan
2037680607122_Node0_Node8_Zero,2038.277448,2040.737705,1,Expiry,0,0,nan
2037688808332_Node0_Node8_Zero,2038.279351,2040.737705,1,Expiry,0,0,nan
2037697007622_Node0_Node8_Zero,2038.279351,2040.737705,1,Expiry,0,0,nan
2037705200831_Node0_Node8_Zero,2038.285253,2040.737705,1,Expiry,0,0,nan
2037713393425_Node0_Node8_Zero,2038.285253,2040.737705,1,Expiry,0,0,nan
2037721585630_Node0_Node8_Zero,2038.287115,2040.737705,1,Expiry,0,0,nan
2037729783378_Node0_Node8_Zero,2038.287115,2040.737705,1,Expiry,0,0,nan
2037737984182_Node0_Node8_Zero,2038.288978,2040.819672,1,Expiry,0,5.258698200000001e-13,nan
2037746185884_Node0_Node8_Zero,2038.288978,2040.819672,1,Expiry,0,5.258698200000001e-13,nan
2037754386744_Node0_Node8_Zero,2038.290981,2040.819672,1,Expiry,0,5.258698200000001e-13,nan
2037762581156_Node0_Node8_Zero,2038.290981,2040.819672,1,Expiry,0,5.258698200000001e-13,nan
2037770774642_Node0_Node8_Zero,2038.292843,2040.819672,1,Expiry,0,5.258698200000001e-13,nan
2037778969282_Node0_Node8_Zero,2038.292843,2040.819672,1,Expiry,0,5.258698200000001e-13,nan
2037787165270_Node0_Node8_Zero,2038.298491,2040.819672,1,Expiry,0,5.258698200000001e-13,nan
2037795360343_Node0_Node8_Zero,2038.298491,2040.819672,1,Expiry,0,5.258698200000001e-13,nan
2037803556093_Node0_Node8_Zero,2038.300533,2040.819672,1,Expiry,0,5.258698200000001e-13,nan
2037811752593_Node0_Node8_Zero,2038.300533,2040.819672,1,Expiry,0,5.258698200000001e-13,nan
2037819952059_Node0_Node8_Zero,2038.304473,2040.901639,1,Expiry,0,0,nan
2037828149636_Node0_Node8_Zero,2038.304473,2040.901639,1,Expiry,0,0,nan
2037836342299_Node0_Node8_Zero,2038.306515,2040.901639,1,Expiry,0,0,nan
2037844535154_Node0_Node8_Zero,2038.306515,2040.901639,1,Expiry,0,0,nan
2037852727428_Node0_Node8_Zero,2038.308398,2040.901639,1,Expiry,0,0,nan
2037860919646_Node0_Node8_Zero,2038.308398,2040.901639,1,Expiry,0,0,nan
2037869112832_Node0_Node8_Zero,2038.3146,2040.901639,1,Expiry,0,0,nan
2037877305474_Node0_Node8_Zero,2038.3146,2040.901639,1,Expiry,0,0,nan
2037885500863_Node0_Node8_Zero,2038.316542,2040.901639,1,Expiry,0,0,nan
2037893701591_Node0_Node8_Zero,2038.316542,2040.901639,1,Expiry,0,0,nan
2037901895368_Node0_Node8_Zero,2038.318605,2040.983607,1,Expiry,0,0,nan
2037910091541_Node0_Node8_Zero,2038.318605,2040.983607,1,Expiry,0,0,nan
2037918284191_Node0_Node8_Zero,2038.320448,2040.983607,1,Expiry,0,0,nan
2037926478074_Node0_Node8_Zero,2038.320448,2040.983607,1,Expiry,0,0,nan
2037934670657_Node0_Node8_Zero,2038.32227,2040.983607,1,Expiry,0,0,nan
2037942866314_Node0_Node8_Zero,2038.32227,2040.983607,1,Expiry,0,0,nan
2037951064236_Node0_Node8_Zero,2038.324173,2040.983607,1,Expiry,0,0,nan
2037959265806_Node0_Node8_Zero,2038.324173,2040.983607,1,Expiry,0,0,nan
2037967460705_Node0_Node8_Zero,2038.326055,2040.983607,1,Expiry,0,0,nan
2037975658215_Node0_Node8_Zero,2038.326055,2040.983607,1,Expiry,0,0,nan
2037983853304_Node0_Node8_Zero,2038.327998,2041.065574,1,Expiry,0,0,nan
2037992049029_Node0_Node8_Zero,2038.327998,2041.065574,1,Expiry,0,0,nan
2038000250582_Node0_Node8_Zero,2038.32984,2041.065574,1,Expiry,0,0,nan
2038008448375_Node0_Node8_Zero,2038.32984,2041.065574,1,Expiry,0,0,nan
2038016647027_Node0_Node8_Zero,2038.337899,2041.065574,1,Expiry,0,0,nan
2038024846825_Node0_Node8_Zero,2038.337899,2041.065574,1,Expiry,0,0,nan
2038033041031_Node0_Node8_Zero,2038.341779,2041.065574,1,Expiry,0,0,nan
2038041240153_Node0_Node8_Zero,2038.341779,2041.065574,1,Expiry,0,0,nan
2038049438351_Node0_Node8_Zero,2038.345824,2041.065574,1,Expiry,0,0,nan
2038057634462_Node0_Node8_Zero,2038.345824,2041.065574,1,Expiry,0,0,nan
2038065834710_Node0_Node8_Zero,2038.347866,2041.147541,1,Expiry,0,0,nan
2038074027358_Node0_Node8_Zero,2038.347866,2041.147541,1,Expiry,0,0,nan
2038082226667_Node0_Node8_Zero,2038.353968,2041.147541,1,Expiry,0,0,nan
2038090424019_Node0_Node8_Zero,2038.353968,2041.147541,1,Expiry,0,0,nan
2038098620702_Node0_Node8_Zero,2038.355791,2041.147541,1,Expiry,0,0,nan
2038106819754_Node0_Node8_Zero,2038.355791,2041.147541,1,Expiry,0,0,nan
2038115013588_Node0_Node8_Zero,2038.357814,2041.147541,1,Expiry,0,0,nan
2038123207644_Node0_Node8_Zero,2038.357814,2041.147541,1,Expiry,0,0,nan
2038131404963_Node0_Node8_Zero,2038.359716,2041.147541,1,Expiry,0,0,nan
2038139606286_Node0_Node8_Zero,2038.359716,2041.147541,1,Expiry,0,0,nan
2038147802105_Node0_Node8_Zero,2038.361619,2041.229508,1,Expiry,0,0,nan
2038156002272_Node0_Node8_Zero,2038.361619,2041.229508,1,Expiry,0,0,nan
2038164200080_Node0_Node8_Zero,2038.373783,2041.229508,1,Expiry,0,0,nan
2038172401502_Node0_Node8_Zero,2038.373783,2041.229508,1,Expiry,0,0,nan
2038180595582_Node0_Node8_Zero,2038.375625,2041.229508,1,Expiry,0,0,nan
2038188796186_Node0_Node8_Zero,2038.375625,2041.229508,1,Expiry,0,0,nan
2038196995450_Node0_Node8_Zero,2038.377448,2041.229508,1,Expiry,0,0,nan
2038205194851_Node0_Node8_Zero,2038.377448,2041.229508,1,Expiry,0,0,nan
2038213391270_Node0_Node8_Zero,2038.37935,2041.229508,1,Expiry,0,0,nan
2038221589426_Node0_Node8_Zero,2038.37935,2041.229508,1,Expiry,0,0,nan
2038229789894_Node0_Node8_Zero,2038.381193,2041.311475,1,Expiry,0,0,nan
2038237988273_Node0_Node8_Zero,2038.381193,2041.311475,1,Expiry,0,0,nan
2038246188520_Node0_Node8_Zero,2038.383155,2041.311475,1,Expiry,0,0,nan
2038254388927_Node0_Node8_Zero,2038.383155,2041.311475,1,Expiry,0,0,nan
2038262582602_Node0_Node8_Zero,2038.384998,2041.311475,1,Expiry,0,0,nan
2038270777019_Node0_Node8_Zero,2038.384998,2041.311475,1,Expiry,0,0,nan
2038278975314_Node0_Node8_Zero,2038.386821,2041.311475,1,Expiry,0,0,nan
2038287169943_Node0_Node8_Zero,2038.386821,2041.311475,1,Expiry,0,0,nan
2038295366519_Node0_Node8_Zero,2038.388703,2041.311475,1,Expiry,0,0,nan
2038303562550_Node0_Node8_Zero,2038.388703,2041.311475,1,Expiry,0,0,nan
2038311761966_Node0_Node8_Zero,2038.392588,2041.393443,1,Expiry,0,0,nan
2038319962441_Node0_Node8_Zero,2038.392588,2041.393443,1,Expiry,0,0,nan
2038328160344_Node0_Node8_Zero,2038.394411,2041.393443,1,Expiry,0,0,nan
2038336358034_Node0_Node8_Zero,2038.394411,2041.393443,1,Expiry,0,0,nan
2038344558932_Node0_Node8_Zero,2038.396293,2041.393443,1,Expiry,0,0,nan
2038352750803_Node0_Node8_Zero,2038.396293,2041.393443,1,Expiry,0,0,nan
2038360949712_Node0_Node8_Zero,2038.402055,2041.393443,1,Expiry,0,0,nan
2038369150733_Node0_Node8_Zero,2038.402055,2041.393443,1,Expiry,0,0,nan
2038377350450_Node0_Node8_Zero,2038.414145,2041.393443,1,Expiry,0,0,nan
2038385543852_Node0_Node8_Zero,2038.414145,2041.393443,1,Expiry,0,0,nan
2038393739959_Node0_Node8_Zero,2038.415968,2041.47541,1,Expiry,0,0,nan
2038401931963_Node0_Node8_Zero,2038.415968,2041.47541,1,Expiry,0,0,nan
2038410124990_Node0_Node8_Zero,2038.41715,2041.47541,1,Expiry,0,0,nan
2038418323908_Node0_Node8_Zero,2038.630639,2041.47541,1,Expiry,0,0,nan
2038426517545_Node0_Node8_Zero,2038.795396,2041.47541,1,Expiry,0,0,nan
2038434709451_Node0_Node8_Zero,2038.795396,2041.47541,1,Expiry,0,0,nan
2038442904648_Node0_Node8_Zero,2038.799315,2041.47541,1,Expiry,0,0,nan
2038451105793_Node0_Node8_Zero,2038.799315,2041.47541,1,Expiry,0,0,nan
2038459301641_Node0_Node8_Zero,2038.803461,2041.47541,1,Expiry,0,0,nan
2038467497110_Node0_Node8_Zero,2038.803461,2041.47541,1,Expiry,0,0,nan
2038475689101_Node0_Node8_Zero,2038.805403,2041.557377,1,Expiry,0,0,nan
2038483889191_Node0_Node8_Zero,2038.805403,2041.557377,1,Expiry,0,0,nan
2038492090883_Node0_Node8_Zero,2038.807486,2041.557377,1,Expiry,0,0,nan
2038500290854_Node0_Node8_Zero,2038.807486,2041.557377,1,Expiry,0,0,nan
2038508491925_Node0_Node8_Zero,2038.811425,2041.557377,1,Expiry,0,0,nan
2038516690572_Node0_Node8_Zero,2038.811425,2041.557377,1,Expiry,0,0,nan
2038524886164_Node0_Node8_Zero,2038.815565,2041.557377,1,Expiry,0,0,nan
2038533079024_Node0_Node8_Zero,2038.815565,2041.557377,1,Expiry,0,0,nan
2038541273072_Node0_Node8_Zero,2038.817447,2041.557377,1,Expiry,0,0,nan
2038549469992_Node0_Node8_Zero,2038.817447,2041.557377,1,Expiry,0,0,nan
2038557671263_Node0_Node8_Zero,2038.81949,2041.639344,1,Expiry,0,0,nan
2038565871013_Node0_Node8_Zero,2038.81949,2041.639344,1,Expiry,0,0,nan
2038574071665_Node0_Node8_Zero,2038.821532,2041.639344,1,Expiry,0,0,nan
2038582266137_Node0_Node8_Zero,2038.821532,2041.639344,1,Expiry,0,0,nan
2038590463832_Node0_Node8_Zero,2038.823455,2041.639344,1,Expiry,0,0,nan
2038598656078_Node0_Node8_Zero,2038.823455,2041.639344,1,Expiry,0,0,nan
2038606856173_Node0_Node8_Zero,2038.825277,2041.639344,1,Expiry,0,0,nan
2038615054481_Node0_Node8_Zero,2038.825277,2041.639344,1,Expiry,0,0,nan
2038623250188_Node0_Node8_Zero,2038.833436,2041.639344,1,Expiry,0,0,nan
2038631451731_Node0_Node8_Zero,2038.833436,2041.639344,1,Expiry,0,0,nan
2038639644688_Node0_Node8_Zero,2038.835519,2041.721311,1,Expiry,0,0,nan
2038647840889_Node0_Node8_Zero,2038.835519,2041.721311,1,Expiry,0,0,nan
2038656036164_Node0_Node8_Zero,2038.837501,2041.721311,1,Expiry,0,0,nan
2038664234175_Node0_Node8_Zero,2038.837501,2041.721311,1,Expiry,0,0,nan
2038672433997_Node0_Node8_Zero,2038.839424,2041.721311,1,Expiry,0,0,nan
2038680626939_Node0_Node8_Zero,2038.839424,2041.721311,1,Expiry,0,0,nan
2038688820359_Node0_Node8_Zero,2038.841346,2041.721311,1,Expiry,0,0,nan
2038697015685_Node0_Node8_Zero,2038.841346,2041.721311,1,Expiry,0,0,nan
2038705213039_Node0_Node8_Zero,2038.845526,2041.721311,1,Expiry,0,0,nan
2038713407829_Node0_Node8_Zero,2038.845526,2041.721311,1,Expiry,0,0,nan
2038721601936_Node0_Node8_Zero,2038.847388,2041.803279,1,Expiry,0,5.258698200000001e-13,nan
2038729800735_Node0_Node8_Zero,2038.847388,2041.803279,1,Expiry,0,5.258698200000001e-13,nan
2038737996480_Node0_Node8_Zero,2038.857681,2041.803279,1,Expiry,0,5.258698200000001e-13,nan
2038746196002_Node0_Node8_Zero,2038.857681,2041.803279,1,Expiry,0,5.258698200000001e-13,nan
2038754389103_Node0_Node8_Zero,2038.861601,2041.803279,1,Expiry,0,5.258698200000001e-13,nan
2038762583424_Node0_Node8_Zero,2038.861601,2041.803279,1,Expiry,0,5.258698200000001e-13,nan
2038770777452_Node0_Node8_Zero,2038.863443,2041.803279,1,Expiry,0,5.258698200000001e-13,nan
2038778978374_Node0_Node8_Zero,2038.863443,2041.803279,1,Expiry,0,5.258698200000001e-13,nan
2038787178364_Node0_Node8_Zero,2038.867383,2041.803279,1,Expiry,0,5.258698200000001e-13,nan
2038795375755_Node0_Node8_Zero,2038.867383,2041.803279,1,Expiry,0,5.258698200000001e-13,nan
2038803577359_Node0_Node8_Zero,2038.869265,2041.885246,1,Expiry,0,1.04925114e-12,nan
2038811778679_Node0_Node8_Zero,2038.869265,2041.885246,1,Expiry,0,1.04925114e-12,nan
2038819977973_Node0_Node8_Zero,2038.87323,2041.885246,1,Expiry,0,1.04925114e-12,nan
2038828173638_Node0_Node8_Zero,2038.87323,2041.885246,1,Expiry,0,1.04925114e-12,nan
2038836368530_Node0_Node8_Zero,2038.875293,2041.885246,1,Expiry,0,1.04925114e-12,nan
2038844569746_Node0_Node8_Zero,2038.875293,2041.885246,1,Expiry,0,1.04925114e-12,nan
2038852770477_Node0_Node8_Zero,2038.877116,2041.885246,1,Expiry,0,1.04925114e-12,nan
2038860962718_Node0_Node8_Zero,2038.877116,2041.885246,1,Expiry,0,1.04925114e-12,nan
2038869154973_Node0_Node8_Zero,2038.882583,2041.885246,1,Expiry,0,1.04925114e-12,nan
2038877349440_Node0_Node8_Zero,2038.883725,2041.885246,1,Expiry,0,1.04925114e-12,nan
2038885542654_Node0_Node8_Zero,2038.886984,2041.967213,1,Expiry,0,0,nan
2038893735830_Node0_Node8_Zero,2038.896135,2041.967213,1,Expiry,0,0,nan
2038901928758_Node0_Node8_Zero,2038.904973,2041.967213,1,Expiry,0,0,nan
2038910122237_Node0_Node8_Zero,2038.912822,2041.967213,1,Expiry,0,0,nan
2038918318077_Node0_Node8_Zero,2038.920962,2041.967213,1,Expiry,0,0,nan
2038926512404_Node0_Node8_Zero,2039.038304,2041.967213,1,Expiry,0,0,nan
2038934704200_Node0_Node8_Zero,2039.043539,2041.967213,1,Expiry,0,0,nan
2038942896992_Node0_Node8_Zero,2039.043539,2041.967213,1,Expiry,0,0,nan
2038951089942_Node0_Node8_Zero,2039.045542,2041.967213,1,Expiry,0,0,nan
2038959284096_Node0_Node8_Zero,2039.045542,2041.967213,1,Expiry,0,0,nan
2038967479935_Node0_Node8_Zero,2039.047504,2042.04918,1,Expiry,0,0,nan
2038975676978_Node0_Node8_Zero,2039.047504,2042.04918,1,Expiry,0,0,nan
2038983869021_Node0_Node8_Zero,2039.053541,2042.04918,1,Expiry,0,0,nan
2038992063621_Node0_Node8_Zero,2039.053541,2042.04918,1,Expiry,0,0,nan
2039000263446_Node0_Node8_Zero,2039.0575,2042.04918,1,Expiry,0,0,nan
2039008464179_Node0_Node8_Zero,2039.0575,2042.04918,1,Expiry,0,0,nan
2039016660497_Node0_Node8_Zero,2039.06146,2042.04918,1,Expiry,0,0,nan
2039024859123_Node0_Node8_Zero,2039.06146,2042.04918,1,Expiry,0,0,nan
2039033059006_Node0_Node8_Zero,2039.063422,2042.04918,1,Expiry,0,0,nan
2039041252754_Node0_Node8_Zero,2039.063422,2042.04918,1,Expiry,0,0,nan
2039049450516_Node0_Node8_Zero,2039.065325,2042.131148,1,Expiry,0,0,nan
2039057646128_Node0_Node8_Zero,2039.065325,2042.131148,1,Expiry,0,0,nan
2039065845967_Node0_Node8_Zero,2039.06873,2042.131148,1,Expiry,0,0,nan
2039074041810_Node0_Node8_Zero,2039.076214,2042.131148,1,Expiry,0,0,nan
2039082234871_Node0_Node8_Zero,2039.084154,2042.131148,1,Expiry,0,0,nan
2039090429961_Node0_Node8_Zero,2039.092986,2042.131148,1,Expiry,0,0,nan
2039098630511_Node0_Node8_Zero,2039.101336,2042.131148,1,Expiry,0,0,nan
2039106826627_Node0_Node8_Zero,2039.108634,2042.131148,1,Expiry,0,0,nan
2039115026367_Node0_Node8_Zero,2040.788836,2042.131148,1,Expiry,0,0,nan
2039123225316_Node0_Node8_Zero,2047.416011,2047.416011,1,Expiry,0,1.04925114e-12,nan
2039131423387_Node0_Node8_Zero,2047.416011,2047.416011,1,Expiry,0,1.04925114e-12,nan
2044377310127_Node0_Node8_Zero,2047.418128,2047.418128,1,Expiry,0,1.04925114e-12,nan
2044385506032_Node0_Node8_Zero,2047.418128,2047.418128,1,Expiry,0,1.04925114e-12,nan
2044393702675_Node0_Node8_Zero,2047.420004,2047.420004,1,Expiry,0,1.04925114e-12,nan
2044401896579_Node0_Node8_Zero,2047.420004,2047.420004,1,Expiry,0,1.04925114e-12,nan
2044410092355_Node0_Node8_Zero,2047.421941,2047.421941,1,Expiry,0,1.04925114e-12,nan
2044418286354_Node0_Node8_Zero,2047.421941,2047.421941,1,Expiry,0,1.04925114e-12,nan
2044426486198_Node0_Node8_Zero,2047.423938,2047.459016,1,Expiry,0,1.04925114e-12,nan
2044434685625_Node0_Node8_Zero,2047.423938,2047.459016,1,Expiry,0,1.04925114e-12,nan
2044442883355_Node0_Node8_Zero,2047.425861,2047.459016,1,Expiry,0,1.04925114e-12,nan
2044451075440_Node0_Node8_Zero,2047.425861,2047.459016,1,Expiry,0,1.04925114e-12,nan
2044459267856_Node0_Node8_Zero,2047.427763,2047.540984,1,Expiry,0,1.04925114e-12,nan
2044467467873_Node0_Node8_Zero,2047.427763,2047.540984,1,Expiry,0,1.04925114e-12,nan
2044475664756_Node0_Node8_Zero,2047.429726,2047.540984,1,Expiry,0,1.04925114e-12,nan
2044483857743_Node0_Node8_Zero,2047.429726,2047.540984,1,Expiry,0,1.04925114e-12,nan
2044492053477_Node0_Node8_Zero,2047.431748,2047.540984,1,Expiry,0,1.04925114e-12,nan
2044500254825_Node0_Node8_Zero,2047.431748,2047.540984,1,Expiry,0,1.04925114e-12,nan
2044508447871_Node0_Node8_Zero,2047.433571,2047.540984,1,Expiry,0,1.04925114e-12,nan
2044516647675_Node0_Node8_Zero,2047.433571,2047.540984,1,Expiry,0,1.04925114e-12,nan
2044524844608_Node0_Node8_Zero,2047.435654,2047.540984,1,Expiry,0,1.04925114e-12,nan
2044533036692_Node0_Node8_Zero,2047.435654,2047.540984,1,Expiry,0,1.04925114e-12,nan
2044541237759_Node0_Node8_Zero,2047.437556,2047.622951,1,Expiry,0,1.04925114e-12,nan
2044549436890_Node0_Node8_Zero,2047.437556,2047.622951,1,Expiry,0,1.04925114e-12,nan
2044557634906_Node0_Node8_Zero,2047.443344,2047.622951,1,Expiry,0,1.04925114e-12,nan
2044565836510_Node0_Node8_Zero,2047.443344,2047.622951,1,Expiry,0,1.04925114e-12,nan
2044574036855_Node0_Node8_Zero,2047.445206,2047.622951,1,Expiry,0,1.04925114e-12,nan
2044582237713_Node0_Node8_Zero,2047.445206,2047.622951,1,Expiry,0,1.04925114e-12,nan
2044590431089_Node0_Node8_Zero,2047.447169,2047.622951,1,Expiry,0,1.04925114e-12,nan
2044598628784_Node0_Node8_Zero,2047.447169,2047.622951,1,Expiry,0,1.04925114e-12,nan
2044606827306_Node0_Node8_Zero,2047.449131,2047.622951,1,Expiry,0,1.04925114e-12,nan
2044615028851_Node0_Node8_Zero,2047.449131,2047.622951,1,Expiry,0,1.04925114e-12,nan
2044623221498_Node0_Node8_Zero,2047.455239,2047.704918,1,Expiry,0,1.04925114e-12,nan
2044631419869_Node0_Node8_Zero,2047.455239,2047.704918,1,Expiry,0,1.04925114e-12,nan
2044639621446_Node0_Node8_Zero,2047.457302,2047.704918,1,Expiry,0,1.04925114e-12,nan
2044647819071_Node0_Node8_Zero,2047.457302,2047.704918,1,Expiry,0,1.04925114e-12,nan
2044656017608_Node0_Node8_Zero,2047.463378,2047.704918,1,Expiry,0,1.04925114e-12,nan
2044664214979_Node0_Node8_Zero,2047.463378,2047.704918,1,Expiry,0,1.04925114e-12,nan
2044672415282_Node0_Node8_Zero,2047.465401,2047.704918,1,Expiry,0,1.04925114e-12,nan
2044680613983_Node0_Node8_Zero,2047.465401,2047.704918,1,Expiry,0,1.04925114e-12,nan
2044688812161_Node0_Node8_Zero,2047.469626,2047.704918,1,Expiry,0,1.04925114e-12,nan
2044697004161_Node0_Node8_Zero,2047.469626,2047.704918,1,Expiry,0,1.04925114e-12,nan
2044705205596_Node0_Node8_Zero,2047.473705,2047.786885,1,Expiry,0,1.04925114e-12,nan
2044713402989_Node0_Node8_Zero,2047.473705,2047.786885,1,Expiry,0,1.04925114e-12,nan
2044721596573_Node0_Node8_Zero,2047.475708,2047.786885,1,Expiry,0,1.04925114e-12,nan
2044729796766_Node0_Node8_Zero,2047.475708,2047.786885,1,Expiry,0,1.04925114e-12,nan
2044737988499_Node0_Node8_Zero,2047.47779,2047.786885,1,Expiry,0,1.04925114e-12,nan
2044746189666_Node0_Node8_Zero,2047.47779,2047.786885,1,Expiry,0,1.04925114e-12,nan
2044754389255_Node0_Node8_Zero,2047.48197,2047.786885,1,Expiry,0,1.04925114e-12,nan
2044762581410_Node0_Node8_Zero,2047.48197,2047.786885,1,Expiry,0,1.04925114e-12,nan
2044770780335_Node0_Node8_Zero,2047.484052,2047.786885,1,Expiry,0,1.04925114e-12,nan
2044778973923_Node0_Node8_Zero,2047.484052,2047.786885,1,Expiry,0,1.04925114e-12,nan
2044787167326_Node0_Node8_Zero,2047.485955,2047.868852,1,Expiry,0,1.04925114e-12,nan
2044795366980_Node0_Node8_Zero,2047.485955,2047.868852,1,Expiry,0,1.04925114e-12,nan
2044803566823_Node0_Node8_Zero,2047.490054,2047.868852,1,Expiry,0,1.04925114e-12,nan
2044811767240_Node0_Node8_Zero,2047.490054,2047.868852,1,Expiry,0,1.04925114e-12,nan
2044819968198_Node0_Node8_Zero,2047.492137,2047.868852,1,Expiry,0,1.04925114e-12,nan
2044828164544_Node0_Node8_Zero,2047.492137,2047.868852,1,Expiry,0,1.04925114e-12,nan
2044836363532_Node0_Node8_Zero,2047.494039,2047.868852,1,Expiry,0,1.04925114e-12,nan
2044844557365_Node0_Node8_Zero,2047.494039,2047.868852,1,Expiry,0,1.04925114e-12,nan
2044852751076_Node0_Node8_Zero,2047.498285,2047.868852,1,Expiry,0,1.04925114e-12,nan
2044860950969_Node0_Node8_Zero,2047.498285,2047.868852,1,Expiry,0,1.04925114e-12,nan
2044869147760_Node0_Node8_Zero,2047.502324,2047.95082,1,Expiry,0,1.04925114e-12,nan
2044877340023_Node0_Node8_Zero,2047.502324,2047.95082,1,Expiry,0,1.04925114e-12,nan
2044885536332_Node0_Node8_Zero,2047.504287,2047.95082,1,Expiry,0,1.04925114e-12,nan
2044893737504_Node0_Node8_Zero,2047.504287,2047.95082,1,Expiry,0,1.04925114e-12,nan
2044901933708_Node0_Node8_Zero,2047.508226,2047.95082,1,Expiry,0,1.04925114e-12,nan
2044910132882_Node0_Node8_Zero,2047.508226,2047.95082,1,Expiry,0,1.04925114e-12,nan
2044918328679_Node0_Node8_Zero,2047.510289,2047.95082,1,Expiry,0,1.04925114e-12,nan
2044926528995_Node0_Node8_Zero,2047.510289,2047.95082,1,Expiry,0,1.04925114e-12,nan
2044934727200_Node0_Node8_Zero,2047.512371,2047.95082,1,Expiry,0,1.04925114e-12,nan
2044942920700_Node0_Node8_Zero,2047.512371,2047.95082,1,Expiry,0,1.04925114e-12,nan
2044951114392_Node0_Node8_Zero,2047.514414,2048.032787,1,Expiry,0,5.258698200000001e-13,nan
2044959308218_Node0_Node8_Zero,2047.514414,2048.032787,1,Expiry,0,5.258698200000001e-13,nan
2044967500586_Node0_Node8_Zero,2047.518293,2048.032787,1,Expiry,0,5.258698200000001e-13,nan
2044975700922_Node0_Node8_Zero,2047.518293,2048.032787,1,Expiry,0,5.258698200000001e-13,nan
2044983896402_Node0_Node8_Zero,2047.522113,2048.032787,1,Expiry,0,5.258698200000001e-13,nan
2044992092842_Node0_Node8_Zero,2047.522113,2048.032787,1,Expiry,0,5.258698200000001e-13,nan
2045000293739_Node0_Node8_Zero,2047.524035,2048.032787,1,Expiry,0,5.258698200000001e-13,nan
2045008486411_Node0_Node8_Zero,2047.524035,2048.032787,1,Expiry,0,5.258698200000001e-13,nan
2045016681258_Node0_Node8_Zero,2047.526078,2048.032787,1,Expiry,0,5.258698200000001e-13,nan
2045024875207_Node0_Node8_Zero,2047.526078,2048.032787,1,Expiry,0,5.258698200000001e-13,nan
2045033068832_Node0_Node8_Zero,2047.52794,2048.114754,1,Expiry,0,5.258698200000001e-13,nan
2045041265856_Node0_Node8_Zero,2047.52794,2048.114754,1,Expiry,0,5.258698200000001e-13,nan
2045049462664_Node0_Node8_Zero,2047.529843,2048.114754,1,Expiry,0,5.258698200000001e-13,nan
2045057654587_Node0_Node8_Zero,2047.529843,2048.114754,1,Expiry,0,5.258698200000001e-13,nan
2045065850339_Node0_Node8_Zero,2047.531685,2048.114754,1,Expiry,0,5.258698200000001e-13,nan
2045074045723_Node0_Node8_Zero,2047.531685,2048.114754,1,Expiry,0,5.258698200000001e-13,nan
2045082247167_Node0_Node8_Zero,2047.533728,2048.114754,1,Expiry,0,5.258698200000001e-13,nan
2045090445710_Node0_Node8_Zero,2047.533728,2048.114754,1,Expiry,0,5.258698200000001e-13,nan
2045098643560_Node0_Node8_Zero,2047.537687,2048.114754,1,Expiry,0,5.258698200000001e-13,nan
2045106843371_Node0_Node8_Zero,2047.537687,2048.114754,1,Expiry,0,5.258698200000001e-13,nan
2045115036426_Node0_Node8_Zero,2047.541547,2048.196721,1,Expiry,0,5.258698200000001e-13,nan
2045123238067_Node0_Node8_Zero,2047.541547,2048.196721,1,Expiry,0,5.258698200000001e-13,nan
2045131429910_Node0_Node8_Zero,2047.543409,2048.196721,1,Expiry,0,5.258698200000001e-13,nan
2045139626721_Node0_Node8_Zero,2047.543409,2048.196721,1,Expiry,0,5.258698200000001e-13,nan
2045147827822_Node0_Node8_Zero,2047.545252,2048.196721,1,Expiry,0,5.258698200000001e-13,nan
2045156024400_Node0_Node8_Zero,2047.545252,2048.196721,1,Expiry,0,5.258698200000001e-13,nan
2045164216710_Node0_Node8_Zero,2047.547114,2048.196721,1,Expiry,0,5.258698200000001e-13,nan
2045172417763_Node0_Node8_Zero,2047.547114,2048.196721,1,Expiry,0,5.258698200000001e-13,nan
2045180617211_Node0_Node8_Zero,2047.553162,2048.196721,1,Expiry,0,5.258698200000001e-13,nan
2045188813678_Node0_Node8_Zero,2047.553162,2048.196721,1,Expiry,0,5.258698200000001e-13,nan
2045197006291_Node0_Node8_Zero,2047.555185,2048.278689,1,Expiry,0,1.04925114e-12,nan
2045205199421_Node0_Node8_Zero,2047.555185,2048.278689,1,Expiry,0,1.04925114e-12,nan
2045213395250_Node0_Node8_Zero,2047.557127,2048.278689,1,Expiry,0,1.04925114e-12,nan
2045221591793_Node0_Node8_Zero,2047.557127,2048.278689,1,Expiry,0,1.04925114e-12,nan
2045229787464_Node0_Node8_Zero,2047.55915,2048.278689,1,Expiry,0,1.04925114e-12,nan
2045237983528_Node0_Node8_Zero,2047.55915,2048.278689,1,Expiry,0,1.04925114e-12,nan
2045246184340_Node0_Node8_Zero,2047.561152,2048.278689,1,Expiry,0,1.04925114e-12,nan
2045254380290_Node0_Node8_Zero,2047.561152,2048.278689,1,Expiry,0,1.04925114e-12,nan
2045262573032_Node0_Node8_Zero,2047.563195,2048.278689,1,Expiry,0,1.04925114e-12,nan
2045270772604_Node0_Node8_Zero,2047.563195,2048.278689,1,Expiry,0,1.04925114e-12,nan
2045278964607_Node0_Node8_Zero,2047.565098,2048.360656,1,Expiry,0,5.258698200000001e-13,nan
2045287164677_Node0_Node8_Zero,2047.565098,2048.360656,1,Expiry,0,5.258698200000001e-13,nan
2045295359938_Node0_Node8_Zero,2047.569023,2048.360656,1,Expiry,0,5.258698200000001e-13,nan
2045303552905_Node0_Node8_Zero,2047.569023,2048.360656,1,Expiry,0,5.258698200000001e-13,nan
2045311754455_Node0_Node8_Zero,2047.573188,2048.360656,1,Expiry,0,5.258698200000001e-13,nan
2045319946518_Node0_Node8_Zero,2047.573188,2048.360656,1,Expiry,0,5.258698200000001e-13,nan
2045328146821_Node0_Node8_Zero,2047.577187,2048.360656,1,Expiry,0,5.258698200000001e-13,nan
2045336343695_Node0_Node8_Zero,2047.577187,2048.360656,1,Expiry,0,5.258698200000001e-13,nan
2045344537458_Node0_Node8_Zero,2047.57921,2048.360656,1,Expiry,0,5.258698200000001e-13,nan
2045352738507_Node0_Node8_Zero,2047.57921,2048.360656,1,Expiry,0,5.258698200000001e-13,nan
2045360934664_Node0_Node8_Zero,2047.581152,2048.442623,1,Expiry,0,1.04925114e-12,nan
2045369135964_Node0_Node8_Zero,2047.581152,2048.442623,1,Expiry,0,1.04925114e-12,nan
2045377328080_Node0_Node8_Zero,2047.583215,2048.442623,1,Expiry,0,1.04925114e-12,nan
2045385524240_Node0_Node8_Zero,2047.583215,2048.442623,1,Expiry,0,1.04925114e-12,nan
2045393722390_Node0_Node8_Zero,2047.585218,2048.442623,1,Expiry,0,1.04925114e-12,nan
2045401920486_Node0_Node8_Zero,2047.585218,2048.442623,1,Expiry,0,1.04925114e-12,nan
2045410115577_Node0_Node8_Zero,2047.58728,2048.442623,1,Expiry,0,1.04925114e-12,nan
2045418312981_Node0_Node8_Zero,2047.58728,2048.442623,1,Expiry,0,1.04925114e-12,nan
2045426512073_Node0_Node8_Zero,2047.589123,2048.442623,1,Expiry,0,1.04925114e-12,nan
2045434706351_Node0_Node8_Zero,2047.589123,2048.442623,1,Expiry,0,1.04925114e-12,nan
2045442907983_Node0_Node8_Zero,2047.591005,2048.52459,1,Expiry,0,5.258698200000001e-13,nan
2045451105067_Node0_Node8_Zero,2047.591005,2048.52459,1,Expiry,0,5.258698200000001e-13,nan
2045459303445_Node0_Node8_Zero,2047.592868,2048.52459,1,Expiry,0,5.258698200000001e-13,nan
2045467498051_Node0_Node8_Zero,2047.592868,2048.52459,1,Expiry,0,5.258698200000001e-13,nan
2045475691711_Node0_Node8_Zero,2047.598735,2048.52459,1,Expiry,0,5.258698200000001e-13,nan
2045483891280_Node0_Node8_Zero,2047.598735,2048.52459,1,Expiry,0,5.258698200000001e-13,nan
2045492087483_Node0_Node8_Zero,2047.600658,2048.52459,1,Expiry,0,5.258698200000001e-13,nan
2045500288921_Node0_Node8_Zero,2047.600658,2048.52459,1,Expiry,0,5.258698200000001e-13,nan
2045508480946_Node0_Node8_Zero,2047.604697,2048.52459,1,Expiry,0,5.258698200000001e-13,nan
2045516679401_Node0_Node8_Zero,2047.604697,2048.52459,1,Expiry,0,5.258698200000001e-13,nan
2045524880730_Node0_Node8_Zero,2047.60672,2048.606557,1,Expiry,0,0,nan
2045533078776_Node0_Node8_Zero,2047.60672,2048.606557,1,Expiry,0,0,nan
2045541277238_Node0_Node8_Zero,2047.610745,2048.606557,1,Expiry,0,0,nan
2045549469657_Node0_Node8_Zero,2047.610745,2048.606557,1,Expiry,0,0,nan
2045557662210_Node0_Node8_Zero,2047.612688,2048.606557,1,Expiry,0,0,nan
2045565854724_Node0_Node8_Zero,2047.612688,2048.606557,1,Expiry,0,0,nan
2045574053162_Node0_Node8_Zero,2047.61451,2048.606557,1,Expiry,0,0,nan
2045582249314_Node0_Node8_Zero,2047.61451,2048.606557,1,Expiry,0,0,nan
2045590449178_Node0_Node8_Zero,2047.616453,2048.606557,1,Expiry,0,0,nan
2045598646429_Node0_Node8_Zero,2047.616453,2048.606557,1,Expiry,0,0,nan
2045606840853_Node0_Node8_Zero,2047.618375,2048.688525,1,Expiry,0,0,nan
2045615041158_Node0_Node8_Zero,2047.618375,2048.688525,1,Expiry,0,0,nan
2045623235431_Node0_Node8_Zero,2047.622495,2048.688525,1,Expiry,0,0,nan
2045631431673_Node0_Node8_Zero,2047.622495,2048.688525,1,Expiry,0,0,nan
2045639629556_Node0_Node8_Zero,2047.626434,2048.688525,1,Expiry,0,0,nan
2045647828263_Node0_Node8_Zero,2047.626434,2048.688525,1,Expiry,0,0,nan
2045656023706_Node0_Node8_Zero,2047.628257,2048.688525,1,Expiry,0,0,nan
2045664218073_Node0_Node8_Zero,2047.628257,2048.688525,1,Expiry,0,0,nan
2045672412461_Node0_Node8_Zero,2047.632096,2048.688525,1,Expiry,0,0,nan
2045680606022_Node0_Node8_Zero,2047.632096,2048.688525,1,Expiry,0,0,nan
2045688805879_Node0_Node8_Zero,2047.633999,2048.770492,1,Expiry,0,1.04925114e-12,nan
2045697004200_Node0_Node8_Zero,2047.633999,2048.770492,1,Expiry,0,1.04925114e-12,nan
2045705199176_Node0_Node8_Zero,2047.636081,2048.770492,1,Expiry,0,1.04925114e-12,nan
2045713396202_Node0_Node8_Zero,2047.636081,2048.770492,1,Expiry,0,1.04925114e-12,nan
2045721596933_Node0_Node8_Zero,2047.637964,2048.770492,1,Expiry,0,1.04925114e-12,nan
2045729795407_Node0_Node8_Zero,2047.637964,2048.770492,1,Expiry,0,1.04925114e-12,nan
2045737995366_Node0_Node8_Zero,2047.642129,2048.770492,1,Expiry,0,1.04925114e-12,nan
2045746196357_Node0_Node8_Zero,2047.642129,2048.770492,1,Expiry,0,1.04925114e-12,nan
2045754391410_Node0_Node8_Zero,2047.645969,2048.770492,1,Expiry,0,1.04925114e-12,nan
2045762587051_Node0_Node8_Zero,2047.645969,2048.770492,1,Expiry,0,1.04925114e-12,nan
2045770779813_Node0_Node8_Zero,2047.647871,2048.852459,1,Expiry,0,0,nan
2045778979302_Node0_Node8_Zero,2047.647871,2048.852459,1,Expiry,0,0,nan
2045787176014_Node0_Node8_Zero,2047.666628,2048.852459,1,Expiry,0,0,nan
2045795369255_Node0_Node8_Zero,2047.666628,2048.852459,1,Expiry,0,0,nan
2045803568213_Node0_Node8_Zero,2047.668571,2048.852459,1,Expiry,0,0,nan
2045811762290_Node0_Node8_Zero,2047.668571,2048.852459,1,Expiry,0,0,nan
2045819963044_Node0_Node8_Zero,2047.670454,2048.852459,1,Expiry,0,0,nan
2045828158552_Node0_Node8_Zero,2047.670454,2048.852459,1,Expiry,0,0,nan
2045836352453_Node0_Node8_Zero,2047.672536,2048.852459,1,Expiry,0,0,nan
2045844553986_Node0_Node8_Zero,2047.672536,2048.852459,1,Expiry,0,0,nan
2045852754798_Node0_Node8_Zero,2047.674379,2048.934426,1,Expiry,0,1.04925114e-12,nan
2045860951305_Node0_Node8_Zero,2047.674379,2048.934426,1,Expiry,0,1.04925114e-12,nan
2045869148468_Node0_Node8_Zero,2047.676421,2048.934426,1,Expiry,0,1.04925114e-12,nan
2045877340275_Node0_Node8_Zero,2047.676421,2048.934426,1,Expiry,0,1.04925114e-12,nan
2045885532656_Node0_Node8_Zero,2047.678324,2048.934426,1,Expiry,0,1.04925114e-12,nan
2045893730449_Node0_Node8_Zero,2047.678324,2048.934426,1,Expiry,0,1.04925114e-12,nan
2045901931096_Node0_Node8_Zero,2047.680166,2048.934426,1,Expiry,0,1.04925114e-12,nan
2045910131149_Node0_Node8_Zero,2047.680166,2048.934426,1,Expiry,0,1.04925114e-12,nan
2045918324018_Node0_Node8_Zero,2047.686154,2048.934426,1,Expiry,0,1.04925114e-12,nan
2045926519291_Node0_Node8_Zero,2047.686154,2048.934426,1,Expiry,0,1.04925114e-12,nan
2045934714277_Node0_Node8_Zero,2047.690094,2049.016393,1,Expiry,0,5.258698200000001e-13,nan
2045942909224_Node0_Node8_Zero,2047.690094,2049.016393,1,Expiry,0,5.258698200000001e-13,nan
2045951107947_Node0_Node8_Zero,2047.693973,2049.016393,1,Expiry,0,5.258698200000001e-13,nan
2045959302575_Node0_Node8_Zero,2047.693973,2049.016393,1,Expiry,0,5.258698200000001e-13,nan
2045967502774_Node0_Node8_Zero,2047.704074,2049.016393,1,Expiry,0,5.258698200000001e-13,nan
2045975703273_Node0_Node8_Zero,2047.704074,2049.016393,1,Expiry,0,5.258698200000001e-13,nan
2045983900211_Node0_Node8_Zero,2047.707954,2049.016393,1,Expiry,0,5.258698200000001e-13,nan
2045992100715_Node0_Node8_Zero,2047.707954,2049.016393,1,Expiry,0,5.258698200000001e-13,nan
2046000294551_Node0_Node8_Zero,2047.709796,2049.016393,1,Expiry,0,5.258698200000001e-13,nan
2046008486829_Node0_Node8_Zero,2047.709796,2049.016393,1,Expiry,0,5.258698200000001e-13,nan
2046016679553_Node0_Node8_Zero,2047.711679,2049.098361,1,Expiry,0,5.258698200000001e-13,nan
2046024873570_Node0_Node8_Zero,2047.711679,2049.098361,1,Expiry,0,5.258698200000001e-13,nan
2046033067476_Node0_Node8_Zero,2047.715804,2049.098361,1,Expiry,0,5.258698200000001e-13,nan
2046041262105_Node0_Node8_Zero,2047.715804,2049.098361,1,Expiry,0,5.258698200000001e-13,nan
2046049457828_Node0_Node8_Zero,2047.717687,2049.098361,1,Expiry,0,5.258698200000001e-13,nan
2046057655166_Node0_Node8_Zero,2047.717687,2049.098361,1,Expiry,0,5.258698200000001e-13,nan
2046065853622_Node0_Node8_Zero,2047.719769,2049.098361,1,Expiry,0,5.258698200000001e-13,nan
2046074046221_Node0_Node8_Zero,2047.719769,2049.098361,1,Expiry,0,5.258698200000001e-13,nan
2046082246361_Node0_Node8_Zero,2047.721652,2049.098361,1,Expiry,0,5.258698200000001e-13,nan
2046090447402_Node0_Node8_Zero,2047.721652,2049.098361,1,Expiry,0,5.258698200000001e-13,nan
2046098645742_Node0_Node8_Zero,2047.723474,2049.180328,1,Expiry,0,5.258698200000001e-13,nan
2046106838614_Node0_Node8_Zero,2047.723474,2049.180328,1,Expiry,0,5.258698200000001e-13,nan
2046115032306_Node0_Node8_Zero,2047.725377,2049.180328,1,Expiry,0,5.258698200000001e-13,nan
2046123233179_Node0_Node8_Zero,2047.725377,2049.180328,1,Expiry,0,5.258698200000001e-13,nan
2046131430671_Node0_Node8_Zero,2047.727299,2049.180328,1,Expiry,0,5.258698200000001e-13,nan
2046139630398_Node0_Node8_Zero,2047.727299,2049.180328,1,Expiry,0,5.258698200000001e-13,nan
2046147828461_Node0_Node8_Zero,2047.729302,2049.180328,1,Expiry,0,5.258698200000001e-13,nan
2046156027696_Node0_Node8_Zero,2047.729302,2049.180328,1,Expiry,0,5.258698200000001e-13,nan
2046164228896_Node0_Node8_Zero,2047.731165,2049.180328,1,Expiry,0,5.258698200000001e-13,nan
2046172421898_Node0_Node8_Zero,2047.731165,2049.180328,1,Expiry,0,5.258698200000001e-13,nan
2046180619270_Node0_Node8_Zero,2047.733127,2049.262295,1,Expiry,0,5.258698200000001e-13,nan
2046188811241_Node0_Node8_Zero,2047.733127,2049.262295,1,Expiry,0,5.258698200000001e-13,nan
2046197005508_Node0_Node8_Zero,2047.73519,2049.262295,1,Expiry,0,5.258698200000001e-13,nan
2046205197455_Node0_Node8_Zero,2047.73519,2049.262295,1,Expiry,0,5.258698200000001e-13,nan
2046213391825_Node0_Node8_Zero,2047.737032,2049.262295,1,Expiry,0,5.258698200000001e-13,nan
2046221584238_Node0_Node8_Zero,2047.737032,2049.262295,1,Expiry,0,5.258698200000001e-13,nan
2046229776034_Node0_Node8_Zero,2047.738855,2049.262295,1,Expiry,0,5.258698200000001e-13,nan
2046237974114_Node0_Node8_Zero,2047.738855,2049.262295,1,Expiry,0,5.258698200000001e-13,nan
2046246172317_Node0_Node8_Zero,2047.74268,2049.262295,1,Expiry,0,5.258698200000001e-13,nan
2046254373365_Node0_Node8_Zero,2047.74268,2049.262295,1,Expiry,0,5.258698200000001e-13,nan
2046262569329_Node0_Node8_Zero,2047.744703,2049.344262,1,Expiry,0,5.258698200000001e-13,nan
2046270766259_Node0_Node8_Zero,2047.744703,2049.344262,1,Expiry,0,5.258698200000001e-13,nan
2046278963236_Node0_Node8_Zero,2047.746625,2049.344262,1,Expiry,0,5.258698200000001e-13,nan
2046287156884_Node0_Node8_Zero,2047.746625,2049.344262,1,Expiry,0,5.258698200000001e-13,nan
2046295350080_Node0_Node8_Zero,2047.758975,2049.344262,1,Expiry,0,5.258698200000001e-13,nan
2046303547209_Node0_Node8_Zero,2047.758975,2049.344262,1,Expiry,0,5.258698200000001e-13,nan
2046311744292_Node0_Node8_Zero,2047.761077,2049.344262,1,Expiry,0,5.258698200000001e-13,nan
2046319939668_Node0_Node8_Zero,2047.761077,2049.344262,1,Expiry,0,5.258698200000001e-13,nan
2046328132745_Node0_Node8_Zero,2047.76306,2049.344262,1,Expiry,0,5.258698200000001e-13,nan
2046336326819_Node0_Node8_Zero,2047.76306,2049.344262,1,Expiry,0,5.258698200000001e-13,nan
2046344521737_Node0_Node8_Zero,2047.764982,2049.42623,1,Expiry,0,5.258698200000001e-13,nan
2046352718562_Node0_Node8_Zero,2047.764982,2049.42623,1,Expiry,0,5.258698200000001e-13,nan
2046360913642_Node0_Node8_Zero,2047.766845,2049.42623,1,Expiry,0,5.258698200000001e-13,nan
2046369110193_Node0_Node8_Zero,2047.766845,2049.42623,1,Expiry,0,5.258698200000001e-13,nan
2046377307845_Node0_Node8_Zero,2047.777386,2049.42623,1,Expiry,0,5.258698200000001e-13,nan
2046385503406_Node0_Node8_Zero,2047.777386,2049.42623,1,Expiry,0,5.258698200000001e-13,nan
2046393697303_Node0_Node8_Zero,2047.779289,2049.42623,1,Expiry,0,5.258698200000001e-13,nan
2046401894042_Node0_Node8_Zero,2047.779289,2049.42623,1,Expiry,0,5.258698200000001e-13,nan
2046410094007_Node0_Node8_Zero,2047.783068,2049.42623,1,Expiry,0,5.258698200000001e-13,nan
2046418290107_Node0_Node8_Zero,2047.783068,2049.42623,1,Expiry,0,5.258698200000001e-13,nan
2046426487659_Node0_Node8_Zero,2047.785011,2049.508197,1,Expiry,0,5.258698200000001e-13,nan
2046434684401_Node0_Node8_Zero,2047.785011,2049.508197,1,Expiry,0,5.258698200000001e-13,nan
2046442877230_Node0_Node8_Zero,2047.791159,2049.508197,1,Expiry,0,5.258698200000001e-13,nan
2046451078851_Node0_Node8_Zero,2047.791159,2049.508197,1,Expiry,0,5.258698200000001e-13,nan
2046459273957_Node0_Node8_Zero,2047.793081,2049.508197,1,Expiry,0,5.258698200000001e-13,nan
2046467468444_Node0_Node8_Zero,2047.793081,2049.508197,1,Expiry,0,5.258698200000001e-13,nan
2046475669205_Node0_Node8_Zero,2047.795044,2049.508197,1,Expiry,0,5.258698200000001e-13,nan
2046483867865_Node0_Node8_Zero,2047.795044,2049.508197,1,Expiry,0,5.258698200000001e-13,nan
2046492061875_Node0_Node8_Zero,2047.796926,2049.508197,1,Expiry,0,5.258698200000001e-13,nan
2046500257772_Node0_Node8_Zero,2047.796926,2049.508197,1,Expiry,0,5.258698200000001e-13,nan
2046508455760_Node0_Node8_Zero,2047.798949,2049.590164,1,Expiry,0,5.258698200000001e-13,nan
2046516651719_Node0_Node8_Zero,2047.798949,2049.590164,1,Expiry,0,5.258698200000001e-13,nan
2046524845706_Node0_Node8_Zero,2047.800992,2049.590164,1,Expiry,0,5.258698200000001e-13,nan
2046533045922_Node0_Node8_Zero,2047.800992,2049.590164,1,Expiry,0,5.258698200000001e-13,nan
2046541241043_Node0_Node8_Zero,2047.802914,2049.590164,1,Expiry,0,5.258698200000001e-13,nan
2046549434252_Node0_Node8_Zero,2047.802914,2049.590164,1,Expiry,0,5.258698200000001e-13,nan
2046557635087_Node0_Node8_Zero,2047.804837,2049.590164,1,Expiry,0,5.258698200000001e-13,nan
2046565835185_Node0_Node8_Zero,2047.804837,2049.590164,1,Expiry,0,5.258698200000001e-13,nan
2046574031501_Node0_Node8_Zero,2047.806739,2049.590164,1,Expiry,0,5.258698200000001e-13,nan
2046582226793_Node0_Node8_Zero,2047.806739,2049.590164,1,Expiry,0,5.258698200000001e-13,nan
2046590426734_Node0_Node8_Zero,2047.810684,2049.672131,1,Expiry,0,0,nan
2046598619214_Node0_Node8_Zero,2047.810684,2049.672131,1,Expiry,0,0,nan
2046606815910_Node0_Node8_Zero,2047.812627,2049.672131,1,Expiry,0,0,nan
2046615008924_Node0_Node8_Zero,2047.812627,2049.672131,1,Expiry,0,0,nan
2046623202175_Node0_Node8_Zero,2047.81463,2049.672131,1,Expiry,0,0,nan
2046631397339_Node0_Node8_Zero,2047.81463,2049.672131,1,Expiry,0,0,nan
2046639591008_Node0_Node8_Zero,2047.816632,2049.672131,1,Expiry,0,0,nan
2046647782859_Node0_Node8_Zero,2047.816632,2049.672131,1,Expiry,0,0,nan
2046655974969_Node0_Node8_Zero,2047.822834,2049.672131,1,Expiry,0,0,nan
2046664171883_Node0_Node8_Zero,2047.822834,2049.672131,1,Expiry,0,0,nan
2046672366686_Node0_Node8_Zero,2047.826774,2049.754098,1,Expiry,0,5.258698200000001e-13,nan
2046680561462_Node0_Node8_Zero,2047.826774,2049.754098,1,Expiry,0,5.258698200000001e-13,nan
2046688754595_Node0_Node8_Zero,2047.828736,2049.754098,1,Expiry,0,5.258698200000001e-13,nan
2046696953637_Node0_Node8_Zero,2047.828736,2049.754098,1,Expiry,0,5.258698200000001e-13,nan
2046705151675_Node0_Node8_Zero,2047.830799,2049.754098,1,Expiry,0,5.258698200000001e-13,nan
2046713344644_Node0_Node8_Zero,2047.830799,2049.754098,1,Expiry,0,5.258698200000001e-13,nan
2046721543272_Node0_Node8_Zero,2047.832661,2049.754098,1,Expiry,0,5.258698200000001e-13,nan
2046729743027_Node0_Node8_Zero,2047.832661,2049.754098,1,Expiry,0,5.258698200000001e-13,nan
2046737936438_Node0_Node8_Zero,2047.836646,2049.754098,1,Expiry,0,5.258698200000001e-13,nan
2046746133533_Node0_Node8_Zero,2047.836646,2049.754098,1,Expiry,0,5.258698200000001e-13,nan
2046754331721_Node0_Node8_Zero,2047.838489,2049.836066,1,Expiry,0,5.258698200000001e-13,nan
2046762526825_Node0_Node8_Zero,2047.838489,2049.836066,1,Expiry,0,5.258698200000001e-13,nan
2046770726894_Node0_Node8_Zero,2047.842454,2049.836066,1,Expiry,0,5.258698200000001e-13,nan
2046778920937_Node0_Node8_Zero,2047.842454,2049.836066,1,Expiry,0,5.258698200000001e-13,nan
2046787118598_Node0_Node8_Zero,2047.846499,2049.836066,1,Expiry,0,5.258698200000001e-13,nan
2046795310437_Node0_Node8_Zero,2047.846499,2049.836066,1,Expiry,0,5.258698200000001e-13,nan
2046803509307_Node0_Node8_Zero,2047.848382,2049.836066,1,Expiry,0,5.258698200000001e-13,nan
2046811710509_Node0_Node8_Zero,2047.848382,2049.836066,1,Expiry,0,5.258698200000001e-13,nan
2046819910683_Node0_Node8_Zero,2047.850264,2049.836066,1,Expiry,0,5.258698200000001e-13,nan
2046828110476_Node0_Node8_Zero,2047.850264,2049.836066,1,Expiry,0,5.258698200000001e-13,nan
2046836305156_Node0_Node8_Zero,2047.864137,2049.918033,1,Expiry,0,5.258698200000001e-13,nan
2046844499823_Node0_Node8_Zero,2047.864137,2049.918033,1,Expiry,0,5.258698200000001e-13,nan
2046852697895_Node0_Node8_Zero,2047.866039,2049.918033,1,Expiry,0,5.258698200000001e-13,nan
2046860895872_Node0_Node8_Zero,2047.866039,2049.918033,1,Expiry,0,5.258698200000001e-13,nan
2046869093231_Node0_Node8_Zero,2047.872247,2049.918033,1,Expiry,0,5.258698200000001e-13,nan
2046877284997_Node0_Node8_Zero,2047.872247,2049.918033,1,Expiry,0,5.258698200000001e-13,nan
2046885478408_Node0_Node8_Zero,2047.874269,2049.918033,1,Expiry,0,5.258698200000001e-13,nan
2046893678880_Node0_Node8_Zero,2047.874269,2049.918033,1,Expiry,0,5.258698200000001e-13,nan
2046901877708_Node0_Node8_Zero,2047.876152,2049.918033,1,Expiry,0,5.258698200000001e-13,nan
2046910073547_Node0_Node8_Zero,2047.876152,2049.918033,1,Expiry,0,5.258698200000001e-13,nan
2046918275094_Node0_Node8_Zero,2047.882074,2050.0,1,Expiry,0,5.258698200000001e-13,nan
2046926473885_Node0_Node8_Zero,2047.882074,2050.0,1,Expiry,0,5.258698200000001e-13,nan
2046934670666_Node0_Node8_Zero,2047.883976,2050.0,1,Expiry,0,5.258698200000001e-13,nan
2046942869200_Node0_Node8_Zero,2047.883976,2050.0,1,Expiry,0,5.258698200000001e-13,nan
2046951064972_Node0_Node8_Zero,2047.887856,2050.0,1,Expiry,0,5.258698200000001e-13,nan
2046959261539_Node0_Node8_Zero,2047.887856,2050.0,1,Expiry,0,5.258698200000001e-13,nan
2046967459491_Node0_Node8_Zero,2047.889798,2050.0,1,Expiry,0,5.258698200000001e-13,nan
2046975659301_Node0_Node8_Zero,2047.889798,2050.0,1,Expiry,0,5.258698200000001e-13,nan
2046983851192_Node0_Node8_Zero,2047.891861,2050.0,1,Expiry,0,5.258698200000001e-13,nan
2046992045999_Node0_Node8_Zero,2047.891861,2050.0,1,Expiry,0,5.258698200000001e-13,nan
2047000240103_Node0_Node8_Zero,2047.89578,2050.081967,1,Expiry,0,0,nan
2047008438621_Node0_Node8_Zero,2047.89578,2050.081967,1,Expiry,0,0,nan
2047016634378_Node0_Node8_Zero,2047.897843,2050.081967,1,Expiry,0,0,nan
2047024836060_Node0_Node8_Zero,2047.897843,2050.081967,1,Expiry,0,0,nan
2047033029028_Node0_Node8_Zero,2047.899766,2050.081967,1,Expiry,0,0,nan
2047041221116_Node0_Node8_Zero,2047.899766,2050.081967,1,Expiry,0,0,nan
2047049416132_Node0_Node8_Zero,2047.901668,2050.081967,1,Expiry,0,0,nan
2047057611286_Node0_Node8_Zero,2047.901668,2050.081967,1,Expiry,0,0,nan
2047065804996_Node0_Node8_Zero,2047.90777,2050.081967,1,Expiry,0,0,nan
2047074003685_Node0_Node8_Zero,2047.90777,2050.081967,1,Expiry,0,0,nan
2047082198455_Node0_Node8_Zero,2047.909813,2050.163934,1,Expiry,0,0,nan
2047090392747_Node0_Node8_Zero,2047.909813,2050.163934,1,Expiry,0,0,nan
2047098590147_Node0_Node8_Zero,2047.911855,2050.163934,1,Expiry,0,0,nan
2047106790079_Node0_Node8_Zero,2047.911855,2050.163934,1,Expiry,0,0,nan
2047114985192_Node0_Node8_Zero,2047.913878,2050.163934,1,Expiry,0,0,nan
2047123185529_Node0_Node8_Zero,2047.913878,2050.163934,1,Expiry,0,0,nan
2047131377416_Node0_Node8_Zero,2047.91586,2050.163934,1,Expiry,0,0,nan
2047139571690_Node0_Node8_Zero,2047.91586,2050.163934,1,Expiry,0,0,nan
2047147764319_Node0_Node8_Zero,2047.9199,2050.163934,1,Expiry,0,0,nan
2047155960682_Node0_Node8_Zero,2047.9199,2050.163934,1,Expiry,0,0,nan
2047164155785_Node0_Node8_Zero,2047.921882,2050.245902,1,Expiry,0,1.04925114e-12,nan
2047172353971_Node0_Node8_Zero,2047.921882,2050.245902,1,Expiry,0,1.04925114e-12,nan
2047180546850_Node0_Node8_Zero,2047.923945,2050.245902,1,Expiry,0,1.04925114e-12,nan
2047188744875_Node0_Node8_Zero,2047.923945,2050.245902,1,Expiry,0,1.04925114e-12,nan
2047196939992_Node0_Node8_Zero,2047.925808,2050.245902,1,Expiry,0,1.04925114e-12,nan
2047205140158_Node0_Node8_Zero,2047.925808,2050.245902,1,Expiry,0,1.04925114e-12,nan
2047213336328_Node0_Node8_Zero,2047.92779,2050.245902,1,Expiry,0,1.04925114e-12,nan
2047221532505_Node0_Node8_Zero,2047.92779,2050.245902,1,Expiry,0,1.04925114e-12,nan
2047229725175_Node0_Node8_Zero,2047.933866,2050.245902,1,Expiry,0,1.04925114e-12,nan
2047237925455_Node0_Node8_Zero,2047.933866,2050.245902,1,Expiry,0,1.04925114e-12,nan
2047246126291_Node0_Node8_Zero,2047.935869,2050.327869,1,Expiry,0,1.04925114e-12,nan
2047254321297_Node0_Node8_Zero,2047.935869,2050.327869,1,Expiry,0,1.04925114e-12,nan
2047262516774_Node0_Node8_Zero,2047.937812,2050.327869,1,Expiry,0,1.04925114e-12,nan
2047270712542_Node0_Node8_Zero,2047.937812,2050.327869,1,Expiry,0,1.04925114e-12,nan
2047278905610_Node0_Node8_Zero,2047.939654,2050.327869,1,Expiry,0,1.04925114e-12,nan
2047287098287_Node0_Node8_Zero,2047.939654,2050.327869,1,Expiry,0,1.04925114e-12,nan
2047295291778_Node0_Node8_Zero,2047.941537,2050.327869,1,Expiry,0,1.04925114e-12,nan
2047303490630_Node0_Node8_Zero,2047.941537,2050.327869,1,Expiry,0,1.04925114e-12,nan
2047311682715_Node0_Node8_Zero,2047.943379,2050.327869,1,Expiry,0,1.04925114e-12,nan
2047319878250_Node0_Node8_Zero,2047.943379,2050.327869,1,Expiry,0,1.04925114e-12,nan
2047328074382_Node0_Node8_Zero,2047.945242,2050.409836,1,Expiry,0,0,nan
2047336269772_Node0_Node8_Zero,2047.945242,2050.409836,1,Expiry,0,0,nan
2047344470732_Node0_Node8_Zero,2047.953672,2050.409836,1,Expiry,0,0,nan
2047352671021_Node0_Node8_Zero,2047.953672,2050.409836,1,Expiry,0,0,nan
2047360870593_Node0_Node8_Zero,2047.957591,2050.409836,1,Expiry,0,0,nan
2047369062315_Node0_Node8_Zero,2047.957591,2050.409836,1,Expiry,0,0,nan
2047377259335_Node0_Node8_Zero,2047.963939,2050.409836,1,Expiry,0,0,nan
2047385456500_Node0_Node8_Zero,2047.963939,2050.409836,1,Expiry,0,0,nan
2047393650008_Node0_Node8_Zero,2047.966022,2050.409836,1,Expiry,0,0,nan
2047401847629_Node0_Node8_Zero,2047.966022,2050.409836,1,Expiry,0,0,nan
2047410046045_Node0_Node8_Zero,2047.967964,2050.491803,1,Expiry,0,0,nan
2047418238959_Node0_Node8_Zero,2047.967964,2050.491803,1,Expiry,0,0,nan
2047426431370_Node0_Node8_Zero,2047.969867,2050.491803,1,Expiry,0,0,nan
2047434630981_Node0_Node8_Zero,2047.969867,2050.491803,1,Expiry,0,0,nan
2047442829079_Node0_Node8_Zero,2047.971829,2050.491803,1,Expiry,0,0,nan
2047451021806_Node0_Node8_Zero,2047.971829,2050.491803,1,Expiry,0,0,nan
2047459217351_Node0_Node8_Zero,2047.975729,2050.491803,1,Expiry,0,0,nan
2047467414289_Node0_Node8_Zero,2047.975729,2050.491803,1,Expiry,0,0,nan
2047475614544_Node0_Node8_Zero,2047.977651,2050.491803,1,Expiry,0,0,nan
2047483812886_Node0_Node8_Zero,2047.977651,2050.491803,1,Expiry,0,0,nan
2047492010222_Node0_Node8_Zero,2047.979634,2050.57377,1,Expiry,0,1.04925114e-12,nan
2047500202227_Node0_Node8_Zero,2047.979634,2050.57377,1,Expiry,0,1.04925114e-12,nan
2047508402516_Node0_Node8_Zero,2047.981657,2050.57377,1,Expiry,0,1.04925114e-12,nan
2047516598328_Node0_Node8_Zero,2047.981657,2050.57377,1,Expiry,0,1.04925114e-12,nan
2047524797130_Node0_Node8_Zero,2047.983519,2050.57377,1,Expiry,0,1.04925114e-12,nan
2047532991036_Node0_Node8_Zero,2047.983519,2050.57377,1,Expiry,0,1.04925114e-12,nan
2047541192130_Node0_Node8_Zero,2047.991889,2050.57377,1,Expiry,0,1.04925114e-12,nan
2047549385722_Node0_Node8_Zero,2047.991889,2050.57377,1,Expiry,0,1.04925114e-12,nan
2047557579214_Node0_Node8_Zero,2047.993852,2050.57377,1,Expiry,0,1.04925114e-12,nan
2047565771428_Node0_Node8_Zero,2047.993852,2050.57377,1,Expiry,0,1.04925114e-12,nan
2047573966684_Node0_Node8_Zero,2047.995674,2050.655738,1,Expiry,0,1.04925114e-12,nan
2047582163533_Node0_Node8_Zero,2047.995674,2050.655738,1,Expiry,0,1.04925114e-12,nan
2047590361604_Node0_Node8_Zero,2047.997577,2050.655738,1,Expiry,0,1.04925114e-12,nan
2047598556141_Node0_Node8_Zero,2047.997577,2050.655738,1,Expiry,0,1.04925114e-12,nan
2047606751682_Node0_Node8_Zero,2047.99944,2050.655738,1,Expiry,0,1.04925114e-12,nan
2047614943969_Node0_Node8_Zero,2047.99944,2050.655738,1,Expiry,0,1.04925114e-12,nan
2047623143581_Node0_Node8_Zero,2048.00761,2050.655738,1,Expiry,0,1.04925114e-12,nan
2047631336230_Node0_Node8_Zero,2048.00761,2050.655738,1,Expiry,0,1.04925114e-12,nan
2047639533865_Node0_Node8_Zero,2048.009472,2050.655738,1,Expiry,0,1.04925114e-12,nan
2047647728527_Node0_Node8_Zero,2048.011412,2050.655738,1,Expiry,0,1.04925114e-12,nan
2047655925515_Node0_Node8_Zero,2048.013492,2050.737705,1,Expiry,0,5.258698200000001e-13,nan
2047664122404_Node0_Node8_Zero,2048.015411,2050.737705,1,Expiry,0,5.258698200000001e-13,nan
2047672318870_Node0_Node8_Zero,2048.02155,2050.737705,1,Expiry,0,5.258698200000001e-13,nan
2047680519823_Node0_Node8_Zero,2048.02355,2050.737705,1,Expiry,0,5.258698200000001e-13,nan
2047688718699_Node0_Node8_Zero,2048.02551,2050.737705,1,Expiry,0,5.258698200000001e-13,nan
2047696916752_Node0_Node8_Zero,2048.027509,2050.737705,1,Expiry,0,5.258698200000001e-13,nan
2047705112989_Node0_Node8_Zero,2048.029409,2050.737705,1,Expiry,0,5.258698200000001e-13,nan
2047713305133_Node0_Node8_Zero,2048.037555,2050.737705,1,Expiry,0,5.258698200000001e-13,nan
2047721501604_Node0_Node8_Zero,2048.039455,2050.737705,1,Expiry,0,5.258698200000001e-13,nan
2047729700644_Node0_Node8_Zero,2048.045381,2050.737705,1,Expiry,0,5.258698200000001e-13,nan
2047737895697_Node0_Node8_Zero,2048.04744,2050.819672,1,Expiry,0,0,nan
2047746093957_Node0_Node8_Zero,2048.05744,2050.819672,1,Expiry,0,0,nan
2047754294492_Node0_Node8_Zero,2048.061347,2050.819672,1,Expiry,0,0,nan
2047762489258_Node0_Node8_Zero,2048.063467,2050.819672,1,Expiry,0,0,nan
2047770682431_Node0_Node8_Zero,2048.065566,2050.819672,1,Expiry,0,0,nan
2047778875789_Node0_Node8_Zero,2048.067646,2050.819672,1,Expiry,0,0,nan
2047787070616_Node0_Node8_Zero,2048.069726,2050.819672,1,Expiry,0,0,nan
2047795270844_Node0_Node8_Zero,2048.071565,2050.819672,1,Expiry,0,0,nan
2047803472487_Node0_Node8_Zero,2048.075544,2050.819672,1,Expiry,0,0,nan
2047811672629_Node0_Node8_Zero,2048.081691,2050.819672,1,Expiry,0,0,nan
2047819866128_Node0_Node8_Zero,2048.08357,2050.901639,1,Expiry,0,5.258698200000001e-13,nan
2047828062089_Node0_Node8_Zero,2048.08551,2050.901639,1,Expiry,0,5.258698200000001e-13,nan
2047836259154_Node0_Node8_Zero,2048.089509,2050.901639,1,Expiry,0,5.258698200000001e-13,nan
2047844456598_Node0_Node8_Zero,2048.091369,2050.901639,1,Expiry,0,5.258698200000001e-13,nan
2047852648997_Node0_Node8_Zero,2048.093369,2050.901639,1,Expiry,0,5.258698200000001e-13,nan
2047860844208_Node0_Node8_Zero,2048.097548,2050.901639,1,Expiry,0,5.258698200000001e-13,nan
2047869045164_Node0_Node8_Zero,2048.099648,2050.901639,1,Expiry,0,5.258698200000001e-13,nan
2047877243649_Node0_Node8_Zero,2048.101527,2050.901639,1,Expiry,0,5.258698200000001e-13,nan
2047885442371_Node0_Node8_Zero,2048.103487,2050.901639,1,Expiry,0,5.258698200000001e-13,nan
2047893635235_Node0_Node8_Zero,2048.105527,2050.901639,1,Expiry,0,5.258698200000001e-13,nan
2047901832018_Node0_Node8_Zero,2048.107426,2050.983607,1,Expiry,0,1.04925114e-12,nan
2047910032986_Node0_Node8_Zero,2048.109386,2050.983607,1,Expiry,0,1.04925114e-12,nan
2047918230753_Node0_Node8_Zero,2048.111325,2050.983607,1,Expiry,0,1.04925114e-12,nan
2047926428474_Node0_Node8_Zero,2048.115252,2050.983607,1,Expiry,0,1.04925114e-12,nan
2047934621481_Node0_Node8_Zero,2048.119099,2050.983607,1,Expiry,0,1.04925114e-12,nan
2047942818979_Node0_Node8_Zero,2048.120958,2050.983607,1,Expiry,0,1.04925114e-12,nan
2047951014127_Node0_Node8_Zero,2048.122878,2050.983607,1,Expiry,0,1.04925114e-12,nan
2047959210721_Node0_Node8_Zero,2048.124717,2050.983607,1,Expiry,0,1.04925114e-12,nan
2047967409401_Node0_Node8_Zero,2048.128657,2050.983607,1,Expiry,0,1.04925114e-12,nan
2047975609754_Node0_Node8_Zero,2048.130636,2050.983607,1,Expiry,0,1.04925114e-12,nan
2047983810588_Node0_Node8_Zero,2048.132536,2051.065574,1,Expiry,0,0,nan
2047992007789_Node0_Node8_Zero,2048.134416,2051.065574,1,Expiry,0,0,nan
2048000207914_Node0_Node8_Zero,2048.136275,2051.065574,1,Expiry,0,0,nan
2048008405447_Node0_Node8_Zero,2048.138295,2051.065574,1,Expiry,0,0,nan
2048016605646_Node0_Node8_Zero,2048.140155,2051.065574,1,Expiry,0,0,nan
2048024803591_Node0_Node8_Zero,2048.144334,2051.065574,1,Expiry,0,0,nan
2048032997217_Node0_Node8_Zero,2048.146254,2051.065574,1,Expiry,0,0,nan
2048041194142_Node0_Node8_Zero,2048.156219,2051.065574,1,Expiry,0,0,nan
2048049385879_Node0_Node8_Zero,2048.158139,2051.065574,1,Expiry,0,0,nan
2048057587361_Node0_Node8_Zero,2048.160078,2051.065574,1,Expiry,0,0,nan
2048065782101_Node0_Node8_Zero,2048.163885,2051.147541,1,Expiry,0,0,nan
2048073983680_Node0_Node8_Zero,2048.174211,2051.147541,1,Expiry,0,0,nan
2048082176238_Node0_Node8_Zero,2048.184796,2051.147541,1,Expiry,0,0,nan
2048090375449_Node0_Node8_Zero,2048.186676,2051.147541,1,Expiry,0,0,nan
2048098567204_Node0_Node8_Zero,2048.188655,2051.147541,1,Expiry,0,0,nan
2048106761006_Node0_Node8_Zero,2048.190635,2051.147541,1,Expiry,0,0,nan
2048114960924_Node0_Node8_Zero,2048.192475,2051.147541,1,Expiry,0,0,nan
2048123154783_Node0_Node8_Zero,2048.194454,2051.147541,1,Expiry,0,0,nan
2048131347993_Node0_Node8_Zero,2048.196474,2051.147541,1,Expiry,0,0,nan
2048139547919_Node0_Node8_Zero,2048.198474,2051.147541,1,Expiry,0,0,nan
2048147748667_Node0_Node8_Zero,2048.200473,2051.229508,1,Expiry,0,0,nan
2048155947955_Node0_Node8_Zero,2048.202333,2051.229508,1,Expiry,0,0,nan
2048164145327_Node0_Node8_Zero,2048.214518,2051.229508,1,Expiry,0,0,nan
2048172342592_Node0_Node8_Zero,2048.216478,2051.229508,1,Expiry,0,0,nan
2048180544296_Node0_Node8_Zero,2048.218317,2051.229508,1,Expiry,0,0,nan
2048188745215_Node0_Node8_Zero,2048.220257,2051.229508,1,Expiry,0,0,nan
2048196946129_Node0_Node8_Zero,2048.222197,2051.229508,1,Expiry,0,0,nan
2048205146358_Node0_Node8_Zero,2048.224196,2051.229508,1,Expiry,0,0,nan
2048213340991_Node0_Node8_Zero,2048.226276,2051.229508,1,Expiry,0,0,nan
2048221540085_Node0_Node8_Zero,2048.228256,2051.229508,1,Expiry,0,0,nan
2048229739588_Node0_Node8_Zero,2048.232262,2051.311475,1,Expiry,0,1.04925114e-12,nan
2048237931348_Node0_Node8_Zero,2048.24258,2051.311475,1,Expiry,0,1.04925114e-12,nan
2048246125943_Node0_Node8_Zero,2048.248834,2051.311475,1,Expiry,0,1.04925114e-12,nan
2048254325834_Node0_Node8_Zero,2048.261306,2051.311475,1,Expiry,0,1.04925114e-12,nan
2048262525920_Node0_Node8_Zero,2048.265533,2051.311475,1,Expiry,0,1.04925114e-12,nan
2048270723676_Node0_Node8_Zero,2048.273413,2051.311475,1,Expiry,0,1.04925114e-12,nan
2048278915962_Node0_Node8_Zero,2048.281862,2051.311475,1,Expiry,0,1.04925114e-12,nan
2048287114664_Node0_Node8_Zero,2048.290309,2051.311475,1,Expiry,0,1.04925114e-12,nan
2048295311378_Node0_Node8_Zero,2048.298733,2051.311475,1,Expiry,0,1.04925114e-12,nan
2048303513005_Node0_Node8_Zero,2048.307039,2051.311475,1,Expiry,0,1.04925114e-12,nan
2048311705745_Node0_Node8_Zero,2048.315205,2051.393443,1,Expiry,0,0,nan
2048319900484_Node0_Node8_Zero,2048.325498,2051.393443,1,Expiry,0,0,nan
2048328100650_Node0_Node8_Zero,2048.331804,2051.393443,1,Expiry,0,0,nan
2048336294787_Node0_Node8_Zero,2049.093835,2051.393443,1,Expiry,0,0,nan
2048344493365_Node0_Node8_Zero,2049.097884,2051.393443,1,Expiry,0,0,nan
2048352694686_Node0_Node8_Zero,2049.099904,2051.393443,1,Expiry,0,0,nan
2048360896166_Node0_Node8_Zero,2049.101904,2051.393443,1,Expiry,0,0,nan
2048369090253_Node0_Node8_Zero,2049.103763,2051.393443,1,Expiry,0,0,nan
2048377281998_Node0_Node8_Zero,2049.105663,2051.393443,1,Expiry,0,0,nan
2048385479528_Node0_Node8_Zero,2049.107663,2051.393443,1,Expiry,0,0,nan
2048393673316_Node0_Node8_Zero,2049.113769,2051.47541,1,Expiry,0,0,nan
2048401873934_Node0_Node8_Zero,2049.115808,2051.47541,1,Expiry,0,0,nan
2048410072845_Node0_Node8_Zero,2049.117668,2051.47541,1,Expiry,0,0,nan
2048418268137_Node0_Node8_Zero,2049.121647,2051.47541,1,Expiry,0,0,nan
2048426464576_Node0_Node8_Zero,2049.13406,2051.47541,1,Expiry,0,0,nan
2048434662231_Node0_Node8_Zero,2049.135939,2051.47541,1,Expiry,0,0,nan
2048442858913_Node0_Node8_Zero,2049.142078,2051.47541,1,Expiry,0,0,nan
2048451055401_Node0_Node8_Zero,2049.144178,2051.47541,1,Expiry,0,0,nan
2048459255930_Node0_Node8_Zero,2049.146058,2051.47541,1,Expiry,0,0,nan
2048467447773_Node0_Node8_Zero,2049.150257,2051.47541,1,Expiry,0,0,nan
2048475648853_Node0_Node8_Zero,2049.154303,2051.557377,1,Expiry,0,5.258698200000001e-13,nan
2048483850213_Node0_Node8_Zero,2049.156183,2051.557377,1,Expiry,0,5.258698200000001e-13,nan
2048492046462_Node0_Node8_Zero,2049.160082,2051.557377,1,Expiry,0,5.258698200000001e-13,nan
2048500244591_Node0_Node8_Zero,2049.161922,2051.557377,1,Expiry,0,5.258698200000001e-13,nan
2048508444121_Node0_Node8_Zero,2049.164022,2051.557377,1,Expiry,0,5.258698200000001e-13,nan
2048516637514_Node0_Node8_Zero,2049.165981,2051.557377,1,Expiry,0,5.258698200000001e-13,nan
2048524836271_Node0_Node8_Zero,2049.172128,2051.557377,1,Expiry,0,5.258698200000001e-13,nan
2048533034435_Node0_Node8_Zero,2049.174207,2051.557377,1,Expiry,0,5.258698200000001e-13,nan
2048541226307_Node0_Node8_Zero,2049.178487,2051.557377,1,Expiry,0,5.258698200000001e-13,nan
2048549420877_Node0_Node8_Zero,2049.180386,2051.557377,1,Expiry,0,5.258698200000001e-13,nan
2048557612639_Node0_Node8_Zero,2049.184393,2051.639344,1,Expiry,0,0,nan
2048565806999_Node0_Node8_Zero,2049.186232,2051.639344,1,Expiry,0,0,nan
2048574006939_Node0_Node8_Zero,2049.190512,2051.639344,1,Expiry,0,0,nan
2048582207917_Node0_Node8_Zero,2049.192391,2051.639344,1,Expiry,0,0,nan
2048590405561_Node0_Node8_Zero,2049.196351,2051.639344,1,Expiry,0,0,nan
2048598603916_Node0_Node8_Zero,2049.19825,2051.639344,1,Expiry,0,0,nan
2048606798011_Node0_Node8_Zero,2049.20221,2051.639344,1,Expiry,0,0,nan
2048614990005_Node0_Node8_Zero,2049.206409,2051.639344,1,Expiry,0,0,nan
2048623191583_Node0_Node8_Zero,2049.210555,2051.639344,1,Expiry,0,0,nan
2048631393094_Node0_Node8_Zero,2049.212435,2051.639344,1,Expiry,0,0,nan
2048639585799_Node0_Node8_Zero,2049.214435,2051.721311,1,Expiry,0,1.04925114e-12,nan
2048647781418_Node0_Node8_Zero,2049.218441,2051.721311,1,Expiry,0,1.04925114e-12,nan
2048655978091_Node0_Node8_Zero,2049.220421,2051.721311,1,Expiry,0,1.04925114e-12,nan
2048664175084_Node0_Node8_Zero,2049.222541,2051.721311,1,Expiry,0,1.04925114e-12,nan
2048672367355_Node0_Node8_Zero,2049.2246,2051.721311,1,Expiry,0,1.04925114e-12,nan
2048680561856_Node0_Node8_Zero,2049.22878,2051.721311,1,Expiry,0,1.04925114e-12,nan
2048688759926_Node0_Node8_Zero,2049.230739,2051.721311,1,Expiry,0,1.04925114e-12,nan
2048696961580_Node0_Node8_Zero,2049.234786,2051.721311,1,Expiry,0,1.04925114e-12,nan
2048705154544_Node0_Node8_Zero,2049.236745,2051.721311,1,Expiry,0,1.04925114e-12,nan
2048713349099_Node0_Node8_Zero,2049.238605,2051.721311,1,Expiry,0,1.04925114e-12,nan
2048721549697_Node0_Node8_Zero,2049.244491,2051.803279,1,Expiry,0,5.258698200000001e-13,nan
2048729745230_Node0_Node8_Zero,2049.246571,2051.803279,1,Expiry,0,5.258698200000001e-13,nan
2048737942004_Node0_Node8_Zero,2049.248691,2051.803279,1,Expiry,0,5.258698200000001e-13,nan
2048746140033_Node0_Node8_Zero,2049.25053,2051.803279,1,Expiry,0,5.258698200000001e-13,nan
2048754334198_Node0_Node8_Zero,2049.258896,2051.803279,1,Expiry,0,5.258698200000001e-13,nan
2048762529023_Node0_Node8_Zero,2049.260956,2051.803279,1,Expiry,0,5.258698200000001e-13,nan
2048770723277_Node0_Node8_Zero,2049.262955,2051.803279,1,Expiry,0,5.258698200000001e-13,nan
2048778917842_Node0_Node8_Zero,2049.265075,2051.803279,1,Expiry,0,5.258698200000001e-13,nan
2048787109802_Node0_Node8_Zero,2049.266935,2051.803279,1,Expiry,0,5.258698200000001e-13,nan
2048795310544_Node0_Node8_Zero,2049.268854,2051.803279,1,Expiry,0,5.258698200000001e-13,nan
2048803510072_Node0_Node8_Zero,2049.270714,2051.885246,1,Expiry,0,1.04925114e-12,nan
2048811705537_Node0_Node8_Zero,2049.272594,2051.885246,1,Expiry,0,1.04925114e-12,nan
2048819897562_Node0_Node8_Zero,2049.276393,2051.885246,1,Expiry,0,1.04925114e-12,nan
2048828091405_Node0_Node8_Zero,2049.280312,2051.885246,1,Expiry,0,1.04925114e-12,nan
2048836284637_Node0_Node8_Zero,2049.282292,2051.885246,1,Expiry,0,1.04925114e-12,nan
2048844483621_Node0_Node8_Zero,2049.284392,2051.885246,1,Expiry,0,1.04925114e-12,nan
2048852683845_Node0_Node8_Zero,2049.288458,2051.885246,1,Expiry,0,1.04925114e-12,nan
2048860876403_Node0_Node8_Zero,2049.290298,2051.885246,1,Expiry,0,1.04925114e-12,nan
2048869077460_Node0_Node8_Zero,2049.292337,2051.885246,1,Expiry,0,1.04925114e-12,nan
2048877274367_Node0_Node8_Zero,2049.294177,2051.885246,1,Expiry,0,1.04925114e-12,nan
2048885473526_Node0_Node8_Zero,2049.298004,2051.967213,1,Expiry,0,1.04925114e-12,nan
2048893667100_Node0_Node8_Zero,2049.299903,2051.967213,1,Expiry,0,1.04925114e-12,nan
2048901868355_Node0_Node8_Zero,2049.30397,2051.967213,1,Expiry,0,1.04925114e-12,nan
2048910067255_Node0_Node8_Zero,2049.308196,2051.967213,1,Expiry,0,1.04925114e-12,nan
2048918266575_Node0_Node8_Zero,2049.310116,2051.967213,1,Expiry,0,1.04925114e-12,nan
2048926458463_Node0_Node8_Zero,2049.314262,2051.967213,1,Expiry,0,1.04925114e-12,nan
2048934658673_Node0_Node8_Zero,2049.318329,2051.967213,1,Expiry,0,1.04925114e-12,nan
2048942851539_Node0_Node8_Zero,2049.320389,2051.967213,1,Expiry,0,1.04925114e-12,nan
2048951051972_Node0_Node8_Zero,2049.322388,2051.967213,1,Expiry,0,1.04925114e-12,nan
2048959244702_Node0_Node8_Zero,2049.326275,2051.967213,1,Expiry,0,1.04925114e-12,nan
2048967439081_Node0_Node8_Zero,2049.328174,2052.04918,1,Expiry,0,5.258698200000001e-13,nan
2048975638614_Node0_Node8_Zero,2049.330174,2052.04918,1,Expiry,0,5.258698200000001e-13,nan
2048983836742_Node0_Node8_Zero,2049.332074,2052.04918,1,Expiry,0,5.258698200000001e-13,nan
2048992034411_Node0_Node8_Zero,2049.334053,2052.04918,1,Expiry,0,5.258698200000001e-13,nan
2049000226840_Node0_Node8_Zero,2049.336033,2052.04918,1,Expiry,0,5.258698200000001e-13,nan
2049008427334_Node0_Node8_Zero,2049.3399,2052.04918,1,Expiry,0,5.258698200000001e-13,nan
2049016625787_Node0_Node8_Zero,2049.341779,2052.04918,1,Expiry,0,5.258698200000001e-13,nan
2049024826035_Node0_Node8_Zero,2049.343619,2052.04918,1,Expiry,0,5.258698200000001e-13,nan
2049033019004_Node0_Node8_Zero,2049.345479,2052.04918,1,Expiry,0,5.258698200000001e-13,nan
2049041217273_Node0_Node8_Zero,2049.359823,2052.04918,1,Expiry,0,5.258698200000001e-13,nan
2049049414264_Node0_Node8_Zero,2049.361663,2052.131148,1,Expiry,0,0,nan
2049057611503_Node0_Node8_Zero,2049.363543,2052.131148,1,Expiry,0,0,nan
2049065808199_Node0_Node8_Zero,2049.365422,2052.131148,1,Expiry,0,0,nan
2049074005339_Node0_Node8_Zero,2049.377495,2052.131148,1,Expiry,0,0,nan
2049082206196_Node0_Node8_Zero,2049.379474,2052.131148,1,Expiry,0,0,nan
2049090406347_Node0_Node8_Zero,2049.381394,2052.131148,1,Expiry,0,0,nan
2049098606120_Node0_Node8_Zero,2049.391292,2052.131148,1,Expiry,0,0,nan
2049106802356_Node0_Node8_Zero,2049.393132,2052.131148,1,Expiry,0,0,nan
2049115002001_Node0_Node8_Zero,2049.397371,2052.131148,1,Expiry,0,0,nan
2049123196565_Node0_Node8_Zero,2049.399211,2052.131148,1,Expiry,0,0,nan
2049131395951_Node0_Node8_Zero,2049.40303,2052.213115,1,Expiry,0,5.258698200000001e-13,nan
2049139592030_Node0_Node8_Zero,2049.40509,2052.213115,1,Expiry,0,5.258698200000001e-13,nan
2049147790630_Node0_Node8_Zero,2049.40703,2052.213115,1,Expiry,0,5.258698200000001e-13,nan
2049155989424_Node0_Node8_Zero,2049.415248,2052.213115,1,Expiry,0,5.258698200000001e-13,nan
2049164182519_Node0_Node8_Zero,2049.417248,2052.213115,1,Expiry,0,5.258698200000001e-13,nan
2049172374482_Node0_Node8_Zero,2049.419087,2052.213115,1,Expiry,0,5.258698200000001e-13,nan
2049180573630_Node0_Node8_Zero,2049.421207,2052.213115,1,Expiry,0,5.258698200000001e-13,nan
2049188765886_Node0_Node8_Zero,2049.423287,2052.213115,1,Expiry,0,5.258698200000001e-13,nan
2049196962223_Node0_Node8_Zero,2049.425306,2052.213115,1,Expiry,0,5.258698200000001e-13,nan
2049205156036_Node0_Node8_Zero,2049.427346,2052.213115,1,Expiry,0,5.258698200000001e-13,nan
2049213356107_Node0_Node8_Zero,2049.429326,2052.295082,1,Expiry,0,0,nan
2049221554490_Node0_Node8_Zero,2049.444183,2052.295082,1,Expiry,0,0,nan
2049229755367_Node0_Node8_Zero,2049.446203,2052.295082,1,Expiry,0,0,nan
2049237953494_Node0_Node8_Zero,2049.448143,2052.295082,1,Expiry,0,0,nan
2049246152532_Node0_Node8_Zero,2049.450042,2052.295082,1,Expiry,0,0,nan
2049254353689_Node0_Node8_Zero,2049.451922,2052.295082,1,Expiry,0,0,nan
2049262555293_Node0_Node8_Zero,2049.455761,2052.295082,1,Expiry,0,0,nan
2049270750985_Node0_Node8_Zero,2049.459801,2052.295082,1,Expiry,0,0,nan
2049278943841_Node0_Node8_Zero,2049.46166,2052.295082,1,Expiry,0,0,nan
2049287143877_Node0_Node8_Zero,2049.46366,2052.295082,1,Expiry,0,0,nan
2049295342744_Node0_Node8_Zero,2049.467606,2052.377049,1,Expiry,0,0,nan
2049303542269_Node0_Node8_Zero,2049.473885,2052.377049,1,Expiry,0,0,nan
2049311735263_Node0_Node8_Zero,2049.475905,2052.377049,1,Expiry,0,0,nan
2049319936048_Node0_Node8_Zero,2049.478005,2052.377049,1,Expiry,0,0,nan
2049328129143_Node0_Node8_Zero,2049.482051,2052.377049,1,Expiry,0,0,nan
2049336322247_Node0_Node8_Zero,2049.484031,2052.377049,1,Expiry,0,0,nan
2049344514848_Node0_Node8_Zero,2049.48607,2052.377049,1,Expiry,0,0,nan
2049352709542_Node0_Node8_Zero,2049.48799,2052.377049,1,Expiry,0,0,nan
2049360908450_Node0_Node8_Zero,2049.49003,2052.377049,1,Expiry,0,0,nan
2049369105296_Node0_Node8_Zero,2049.491869,2052.377049,1,Expiry,0,0,nan
2049377303991_Node0_Node8_Zero,2049.493829,2052.459016,1,Expiry,0,0,nan
2049385496804_Node0_Node8_Zero,2049.495729,2052.459016,1,Expiry,0,0,nan
2049393692767_Node0_Node8_Zero,2049.503807,2052.459016,1,Expiry,0,0,nan
2049401884533_Node0_Node8_Zero,2049.505767,2052.459016,1,Expiry,0,0,nan
2049410084229_Node0_Node8_Zero,2049.507647,2052.459016,1,Expiry,0,0,nan
2049418275996_Node0_Node8_Zero,2049.532624,2052.459016,1,Expiry,0,0,nan
2049426475409_Node0_Node8_Zero,2049.534664,2052.459016,1,Expiry,0,0,nan
2049434668421_Node0_Node8_Zero,2049.536683,2052.459016,1,Expiry,0,0,nan
2049442860679_Node0_Node8_Zero,2049.538643,2052.459016,1,Expiry,0,0,nan
2049451059107_Node0_Node8_Zero,2049.540683,2052.459016,1,Expiry,0,0,nan
2049459259789_Node0_Node8_Zero,2049.542682,2052.540984,1,Expiry,0,0,nan
2049467455464_Node0_Node8_Zero,2049.544722,2052.540984,1,Expiry,0,0,nan
2049475651582_Node0_Node8_Zero,2049.550828,2052.540984,1,Expiry,0,0,nan
2049483849234_Node0_Node8_Zero,2049.552748,2052.540984,1,Expiry,0,0,nan
2049492041820_Node0_Node8_Zero,2049.554708,2052.540984,1,Expiry,0,0,nan
2049500237086_Node0_Node8_Zero,2049.556607,2052.540984,1,Expiry,0,0,nan
2049508436540_Node0_Node8_Zero,2049.558647,2052.540984,1,Expiry,0,0,nan
2049516633477_Node0_Node8_Zero,2049.560607,2052.540984,1,Expiry,0,0,nan
2049524833571_Node0_Node8_Zero,2049.569012,2052.540984,1,Expiry,0,0,nan
2049533025864_Node0_Node8_Zero,2049.573279,2052.540984,1,Expiry,0,0,nan
2049541219611_Node0_Node8_Zero,2049.575119,2052.622951,1,Expiry,0,0,nan
2049549413766_Node0_Node8_Zero,2049.576978,2052.622951,1,Expiry,0,0,nan
2049557612790_Node0_Node8_Zero,2049.580878,2052.622951,1,Expiry,0,0,nan
2049565809122_Node0_Node8_Zero,2049.582877,2052.622951,1,Expiry,0,0,nan
2049574008953_Node0_Node8_Zero,2049.586704,2052.622951,1,Expiry,0,0,nan
2049582201037_Node0_Node8_Zero,2049.59279,2052.622951,1,Expiry,0,0,nan
2049590393175_Node0_Node8_Zero,2049.59481,2052.622951,1,Expiry,0,0,nan
2049598588641_Node0_Node8_Zero,2049.602915,2052.622951,1,Expiry,0,0,nan
2049606790180_Node0_Node8_Zero,2049.611514,2052.622951,1,Expiry,0,0,nan
2049614985033_Node0_Node8_Zero,2049.6178,2052.622951,1,Expiry,0,0,nan
2049623182391_Node0_Node8_Zero,2049.626119,2052.704918,1,Expiry,0,0,nan
2049631381981_Node0_Node8_Zero,2049.634192,2052.704918,1,Expiry,0,0,nan
2049639580563_Node0_Node8_Zero,2049.642505,2052.704918,1,Expiry,0,0,nan
2049647777416_Node0_Node8_Zero,2049.650891,2052.704918,1,Expiry,0,0,nan
2049655969584_Node0_Node8_Zero,2049.659064,2052.704918,1,Expiry,0,0,nan
2049664169679_Node0_Node8_Zero,2049.667802,2052.704918,1,Expiry,0,0,nan
2049672363316_Node0_Node8_Zero,2049.676155,2052.704918,1,Expiry,0,0,nan
2049680562194_Node0_Node8_Zero,2049.682702,2052.704918,1,Expiry,0,0,nan
2049688757067_Node0_Node8_Zero,2049.691275,2052.704918,1,Expiry,0,0,nan
2049696954637_Node0_Node8_Zero,2049.699461,2052.704918,1,Expiry,0,0,nan
2049705149226_Node0_Node8_Zero,2049.707601,2052.786885,1,Expiry,0,1.04925114e-12,nan
2049713349549_Node0_Node8_Zero,2049.718199,2052.786885,1,Expiry,0,1.04925114e-12,nan
2049721546144_Node0_Node8_Zero,2049.724512,2052.786885,1,Expiry,0,1.04925114e-12,nan
2049729740707_Node0_Node8_Zero,2049.73282,2052.786885,1,Expiry,0,1.04925114e-12,nan
2049737932866_Node0_Node8_Zero,2049.741426,2052.786885,1,Expiry,0,1.04925114e-12,nan
2049746128118_Node0_Node8_Zero,2050.192016,2052.786885,1,Expiry,0,1.04925114e-12,nan
2049770709873_Node0_Node8_Zero,2050.200292,2052.786885,1,Expiry,0,1.04925114e-12,nan
2049778903280_Node0_Node8_Zero,2050.200292,2052.786885,1,Expiry,0,1.04925114e-12,nan
2049787095276_Node0_Node8_Zero,2050.206294,2052.868852,1,Expiry,0,1.04925114e-12,nan
2049795292808_Node0_Node8_Zero,2050.206294,2052.868852,1,Expiry,0,1.04925114e-12,nan
2049803486364_Node0_Node8_Zero,2050.210454,2052.868852,1,Expiry,0,1.04925114e-12,nan
2049811681949_Node0_Node8_Zero,2050.210454,2052.868852,1,Expiry,0,1.04925114e-12,nan
2049819882455_Node0_Node8_Zero,2050.212296,2052.868852,1,Expiry,0,1.04925114e-12,nan
2049828078421_Node0_Node8_Zero,2050.212296,2052.868852,1,Expiry,0,1.04925114e-12,nan
2049836271143_Node0_Node8_Zero,2050.216282,2052.868852,1,Expiry,0,1.04925114e-12,nan
2049844468196_Node0_Node8_Zero,2050.216282,2052.868852,1,Expiry,0,1.04925114e-12,nan
2049852660718_Node0_Node8_Zero,2050.220381,2052.868852,1,Expiry,0,1.04925114e-12,nan
2049860859380_Node0_Node8_Zero,2050.220381,2052.868852,1,Expiry,0,1.04925114e-12,nan
2049869052255_Node0_Node8_Zero,2050.226357,2052.95082,1,Expiry,0,1.04925114e-12,nan
2049877248278_Node0_Node8_Zero,2050.226357,2052.95082,1,Expiry,0,1.04925114e-12,nan
2049885443713_Node0_Node8_Zero,2050.22836,2052.95082,1,Expiry,0,1.04925114e-12,nan
2049893643181_Node0_Node8_Zero,2050.22836,2052.95082,1,Expiry,0,1.04925114e-12,nan
2049901840986_Node0_Node8_Zero,2050.230242,2052.95082,1,Expiry,0,1.04925114e-12,nan
2049910035365_Node0_Node8_Zero,2050.230242,2052.95082,1,Expiry,0,1.04925114e-12,nan
2049918235316_Node0_Node8_Zero,2050.232165,2052.95082,1,Expiry,0,1.04925114e-12,nan
2049926436304_Node0_Node8_Zero,2050.232165,2052.95082,1,Expiry,0,1.04925114e-12,nan
2049934636816_Node0_Node8_Zero,2050.234068,2052.95082,1,Expiry,0,1.04925114e-12,nan
2049942832104_Node0_Node8_Zero,2050.234068,2052.95082,1,Expiry,0,1.04925114e-12,nan
2049951029268_Node0_Node8_Zero,2050.238053,2053.032787,1,Expiry,0,0,nan
2049959229537_Node0_Node8_Zero,2050.238053,2053.032787,1,Expiry,0,0,nan
2049967426143_Node0_Node8_Zero,2050.242098,2053.032787,1,Expiry,0,0,nan
2049975622310_Node0_Node8_Zero,2050.242098,2053.032787,1,Expiry,0,0,nan
2049983820803_Node0_Node8_Zero,2050.248074,2053.032787,1,Expiry,0,0,nan
2049992021769_Node0_Node8_Zero,2050.248074,2053.032787,1,Expiry,0,0,nan
2050000217158_Node0_Node8_Zero,2050.254256,2053.032787,1,Expiry,0,0,nan
2050008413392_Node0_Node8_Zero,2050.254256,2053.032787,1,Expiry,0,0,nan
2050016611218_Node0_Node8_Zero,2050.256199,2053.032787,1,Expiry,0,0,nan
2050024806194_Node0_Node8_Zero,2050.256199,2053.032787,1,Expiry,0,0,nan
2050032999821_Node0_Node8_Zero,2050.258221,2053.114754,1,Expiry,0,1.04925114e-12,nan
2050041198554_Node0_Node8_Zero,2050.258221,2053.114754,1,Expiry,0,1.04925114e-12,nan
2050049393085_Node0_Node8_Zero,2050.262266,2053.114754,1,Expiry,0,1.04925114e-12,nan
2050057592497_Node0_Node8_Zero,2050.262266,2053.114754,1,Expiry,0,1.04925114e-12,nan
2050065793336_Node0_Node8_Zero,2050.264149,2053.114754,1,Expiry,0,1.04925114e-12,nan
2050073993071_Node0_Node8_Zero,2050.264149,2053.114754,1,Expiry,0,1.04925114e-12,nan
2050082189333_Node0_Node8_Zero,2050.266111,2053.114754,1,Expiry,0,1.04925114e-12,nan
2050090389195_Node0_Node8_Zero,2050.266111,2053.114754,1,Expiry,0,1.04925114e-12,nan
2050098583808_Node0_Node8_Zero,2050.268014,2053.114754,1,Expiry,0,1.04925114e-12,nan
2050106777744_Node0_Node8_Zero,2050.268014,2053.114754,1,Expiry,0,1.04925114e-12,nan
2050114973123_Node0_Node8_Zero,2050.269897,2053.196721,1,Expiry,0,1.04925114e-12,nan
2050123170458_Node0_Node8_Zero,2050.269897,2053.196721,1,Expiry,0,1.04925114e-12,nan
2050131371854_Node0_Node8_Zero,2050.273822,2053.196721,1,Expiry,0,1.04925114e-12,nan
2050139571697_Node0_Node8_Zero,2050.273822,2053.196721,1,Expiry,0,1.04925114e-12,nan
2050147763888_Node0_Node8_Zero,2050.275724,2053.196721,1,Expiry,0,1.04925114e-12,nan
2050155963694_Node0_Node8_Zero,2050.275724,2053.196721,1,Expiry,0,1.04925114e-12,nan
2050164159155_Node0_Node8_Zero,2050.277607,2053.196721,1,Expiry,0,1.04925114e-12,nan
2050172356409_Node0_Node8_Zero,2050.277607,2053.196721,1,Expiry,0,1.04925114e-12,nan
2050180552421_Node0_Node8_Zero,2050.281572,2053.196721,1,Expiry,0,1.04925114e-12,nan
2050188752557_Node0_Node8_Zero,2050.281572,2053.196721,1,Expiry,0,1.04925114e-12,nan
2050196950692_Node0_Node8_Zero,2050.292045,2053.278689,1,Expiry,0,1.04925114e-12,nan
2050205144194_Node0_Node8_Zero,2050.292045,2053.278689,1,Expiry,0,1.04925114e-12,nan
2050213337168_Node0_Node8_Zero,2050.294067,2053.278689,1,Expiry,0,1.04925114e-12,nan
2050221533537_Node0_Node8_Zero,2050.294067,2053.278689,1,Expiry,0,1.04925114e-12,nan
2050229731392_Node0_Node8_Zero,2050.29605,2053.278689,1,Expiry,0,1.04925114e-12,nan
2050237932315_Node0_Node8_Zero,2050.29605,2053.278689,1,Expiry,0,1.04925114e-12,nan
2050246128730_Node0_Node8_Zero,2050.299909,2053.278689,1,Expiry,0,1.04925114e-12,nan
2050254325015_Node0_Node8_Zero,2050.299909,2053.278689,1,Expiry,0,1.04925114e-12,nan
2050262521149_Node0_Node8_Zero,2050.301772,2053.278689,1,Expiry,0,1.04925114e-12,nan
2050270720243_Node0_Node8_Zero,2050.301772,2053.278689,1,Expiry,0,1.04925114e-12,nan
2050278912592_Node0_Node8_Zero,2050.303794,2053.360656,1,Expiry,0,1.04925114e-12,nan
2050287113479_Node0_Node8_Zero,2050.303794,2053.360656,1,Expiry,0,1.04925114e-12,nan
2050295310228_Node0_Node8_Zero,2050.304957,2053.360656,1,Expiry,0,1.04925114e-12,nan
2050303509682_Node0_Node8_Zero,2050.305959,2053.360656,1,Expiry,0,1.04925114e-12,nan
2050311708315_Node0_Node8_Zero,2050.313018,2053.360656,1,Expiry,0,1.04925114e-12,nan
2050319907674_Node0_Node8_Zero,2050.322081,2053.360656,1,Expiry,0,1.04925114e-12,nan
2050328106321_Node0_Node8_Zero,2051.738601,2053.360656,1,Expiry,0,1.04925114e-12,nan
2050336302690_Node0_Node8_Zero,2052.784227,2053.360656,1,Expiry,0,1.04925114e-12,nan
2050344500362_Node0_Node8_Zero,2052.784227,2053.360656,1,Expiry,0,1.04925114e-12,nan
2050352699582_Node0_Node8_Zero,2052.786089,2053.360656,1,Expiry,0,1.04925114e-12,nan
2050360897774_Node0_Node8_Zero,2052.786089,2053.442623,1,Expiry,0,1.04925114e-12,nan
2050369094030_Node0_Node8_Zero,2052.788072,2053.442623,1,Expiry,0,1.04925114e-12,nan
2050377290744_Node0_Node8_Zero,2052.788072,2053.442623,1,Expiry,0,1.04925114e-12,nan
2050385485096_Node0_Node8_Zero,2052.789914,2053.442623,1,Expiry,0,1.04925114e-12,nan
2050393676940_Node0_Node8_Zero,2052.789914,2053.442623,1,Expiry,0,1.04925114e-12,nan
2050401875070_Node0_Node8_Zero,2052.791777,2053.442623,1,Expiry,0,1.04925114e-12,nan
2050410068010_Node0_Node8_Zero,2052.791777,2053.442623,1,Expiry,0,1.04925114e-12,nan
2050418264654_Node0_Node8_Zero,2052.801524,2053.442623,1,Expiry,0,1.04925114e-12,nan
2050426464913_Node0_Node8_Zero,2052.801524,2053.442623,1,Expiry,0,1.04925114e-12,nan
2050434663620_Node0_Node8_Zero,2052.803547,2053.442623,1,Expiry,0,1.04925114e-12,nan
2050442865113_Node0_Node8_Zero,2052.803547,2053.52459,1,Expiry,0,1.04925114e-12,nan
2050451063155_Node0_Node8_Zero,2052.807692,2053.52459,1,Expiry,0,1.04925114e-12,nan
2050459262808_Node0_Node8_Zero,2052.807692,2053.52459,1,Expiry,0,1.04925114e-12,nan
2050467458866_Node0_Node8_Zero,2052.809714,2053.52459,1,Expiry,0,1.04925114e-12,nan
2050475656605_Node0_Node8_Zero,2052.809714,2053.52459,1,Expiry,0,1.04925114e-12,nan
2050483857216_Node0_Node8_Zero,2052.813774,2053.52459,1,Expiry,0,1.04925114e-12,nan
2050492054815_Node0_Node8_Zero,2052.813774,2053.52459,1,Expiry,0,1.04925114e-12,nan
2050500247426_Node0_Node8_Zero,2052.815616,2053.52459,1,Expiry,0,1.04925114e-12,nan
2050508441954_Node0_Node8_Zero,2052.815616,2053.52459,1,Expiry,0,1.04925114e-12,nan
2050516638731_Node0_Node8_Zero,2052.817639,2053.52459,1,Expiry,0,1.04925114e-12,nan
2050524835485_Node0_Node8_Zero,2052.817639,2053.606557,1,Expiry,0,0,nan
2050533034910_Node0_Node8_Zero,2052.819521,2053.606557,1,Expiry,0,0,nan
2050541228376_Node0_Node8_Zero,2052.819521,2053.606557,1,Expiry,0,0,nan
2050549421234_Node0_Node8_Zero,2052.821424,2053.606557,1,Expiry,0,0,nan
2050557615420_Node0_Node8_Zero,2052.821424,2053.606557,1,Expiry,0,0,nan
2050565816813_Node0_Node8_Zero,2052.823487,2053.606557,1,Expiry,0,0,nan
2050574017669_Node0_Node8_Zero,2052.823487,2053.606557,1,Expiry,0,0,nan
2050582218404_Node0_Node8_Zero,2052.825549,2053.606557,1,Expiry,0,0,nan
2050590419754_Node0_Node8_Zero,2052.825549,2053.606557,1,Expiry,0,0,nan
2050598614215_Node0_Node8_Zero,2052.827472,2053.606557,1,Expiry,0,0,nan
2050606806075_Node0_Node8_Zero,2052.827472,2053.688525,1,Expiry,0,1.04925114e-12,nan
2050615004807_Node0_Node8_Zero,2052.831477,2053.688525,1,Expiry,0,1.04925114e-12,nan
2050623202594_Node0_Node8_Zero,2052.831477,2053.688525,1,Expiry,0,1.04925114e-12,nan
2050631394989_Node0_Node8_Zero,2052.833299,2053.688525,1,Expiry,0,1.04925114e-12,nan
2050639592273_Node0_Node8_Zero,2052.833299,2053.688525,1,Expiry,0,1.04925114e-12,nan
2050647793499_Node0_Node8_Zero,2052.835202,2053.688525,1,Expiry,0,1.04925114e-12,nan
2050655992481_Node0_Node8_Zero,2052.835202,2053.688525,1,Expiry,0,1.04925114e-12,nan
2050664194149_Node0_Node8_Zero,2052.837185,2053.688525,1,Expiry,0,1.04925114e-12,nan
2050672390384_Node0_Node8_Zero,2052.837185,2053.688525,1,Expiry,0,1.04925114e-12,nan
2050680591607_Node0_Node8_Zero,2052.839007,2053.688525,1,Expiry,0,1.04925114e-12,nan
2050688785634_Node0_Node8_Zero,2052.839007,2053.770492,1,Expiry,0,1.04925114e-12,nan
2050696985627_Node0_Node8_Zero,2052.84113,2053.770492,1,Expiry,0,1.04925114e-12,nan
2050705182016_Node0_Node8_Zero,2052.84113,2053.770492,1,Expiry,0,1.04925114e-12,nan
2050713377170_Node0_Node8_Zero,2052.843032,2053.770492,1,Expiry,0,1.04925114e-12,nan
2050721578268_Node0_Node8_Zero,2052.843032,2053.770492,1,Expiry,0,1.04925114e-12,nan
2050729770821_Node0_Node8_Zero,2052.844955,2053.770492,1,Expiry,0,1.04925114e-12,nan
2050737972449_Node0_Node8_Zero,2052.844955,2053.770492,1,Expiry,0,1.04925114e-12,nan
2050746172676_Node0_Node8_Zero,2052.846917,2053.770492,1,Expiry,0,1.04925114e-12,nan
2050754371254_Node0_Node8_Zero,2052.846917,2053.770492,1,Expiry,0,1.04925114e-12,nan
2050762568166_Node0_Node8_Zero,2052.8488,2053.770492,1,Expiry,0,1.04925114e-12,nan
2050770766851_Node0_Node8_Zero,2052.8488,2053.852459,1,Expiry,0,1.04925114e-12,nan
2050778960110_Node0_Node8_Zero,2052.852705,2053.852459,1,Expiry,0,1.04925114e-12,nan
2050787157090_Node0_Node8_Zero,2052.852705,2053.852459,1,Expiry,0,1.04925114e-12,nan
2050795355146_Node0_Node8_Zero,2052.856564,2053.852459,1,Expiry,0,1.04925114e-12,nan
2050803550227_Node0_Node8_Zero,2052.856564,2053.852459,1,Expiry,0,1.04925114e-12,nan
2050811744332_Node0_Node8_Zero,2052.860424,2053.852459,1,Expiry,0,1.04925114e-12,nan
2050819938024_Node0_Node8_Zero,2052.860424,2053.852459,1,Expiry,0,1.04925114e-12,nan
2050828137191_Node0_Node8_Zero,2052.862466,2053.852459,1,Expiry,0,1.04925114e-12,nan
2050836335829_Node0_Node8_Zero,2052.862466,2053.852459,1,Expiry,0,1.04925114e-12,nan
2050844531854_Node0_Node8_Zero,2052.864329,2053.852459,1,Expiry,0,1.04925114e-12,nan
2050852726399_Node0_Node8_Zero,2052.864329,2053.934426,1,Expiry,0,5.258698200000001e-13,nan
2050860926395_Node0_Node8_Zero,2052.866252,2053.934426,1,Expiry,0,5.258698200000001e-13,nan
2050869120562_Node0_Node8_Zero,2052.866252,2053.934426,1,Expiry,0,5.258698200000001e-13,nan
2050877319174_Node0_Node8_Zero,2052.870357,2053.934426,1,Expiry,0,5.258698200000001e-13,nan
2050885519777_Node0_Node8_Zero,2052.870357,2053.934426,1,Expiry,0,5.258698200000001e-13,nan
2050893721202_Node0_Node8_Zero,2052.874516,2053.934426,1,Expiry,0,5.258698200000001e-13,nan
2050901922516_Node0_Node8_Zero,2052.874516,2053.934426,1,Expiry,0,5.258698200000001e-13,nan
2050910122135_Node0_Node8_Zero,2052.876359,2053.934426,1,Expiry,0,5.258698200000001e-13,nan
2050918316535_Node0_Node8_Zero,2052.876359,2053.934426,1,Expiry,0,5.258698200000001e-13,nan
2050926509278_Node0_Node8_Zero,2052.880258,2053.934426,1,Expiry,0,5.258698200000001e-13,nan
2050934703868_Node0_Node8_Zero,2052.880258,2054.016393,1,Expiry,0,5.258698200000001e-13,nan
2050942905252_Node0_Node8_Zero,2052.882221,2054.016393,1,Expiry,0,5.258698200000001e-13,nan
2050951101004_Node0_Node8_Zero,2052.882221,2054.016393,1,Expiry,0,5.258698200000001e-13,nan
2050959300870_Node0_Node8_Zero,2052.884203,2054.016393,1,Expiry,0,5.258698200000001e-13,nan
2050967493796_Node0_Node8_Zero,2052.884203,2054.016393,1,Expiry,0,5.258698200000001e-13,nan
2050975693755_Node0_Node8_Zero,2052.886046,2054.016393,1,Expiry,0,5.258698200000001e-13,nan
2050983889359_Node0_Node8_Zero,2052.886046,2054.016393,1,Expiry,0,5.258698200000001e-13,nan
2050992083768_Node0_Node8_Zero,2052.887928,2054.016393,1,Expiry,0,5.258698200000001e-13,nan
2051000278630_Node0_Node8_Zero,2052.887928,2054.016393,1,Expiry,0,5.258698200000001e-13,nan
2051008479029_Node0_Node8_Zero,2052.891714,2054.016393,1,Expiry,0,5.258698200000001e-13,nan
2051016675898_Node0_Node8_Zero,2052.891714,2054.098361,1,Expiry,0,5.258698200000001e-13,nan
2051024870883_Node0_Node8_Zero,2052.893576,2054.098361,1,Expiry,0,5.258698200000001e-13,nan
2051033067693_Node0_Node8_Zero,2052.893576,2054.098361,1,Expiry,0,5.258698200000001e-13,nan
2051041264802_Node0_Node8_Zero,2052.903183,2054.098361,1,Expiry,0,5.258698200000001e-13,nan
2051049462885_Node0_Node8_Zero,2052.903183,2054.098361,1,Expiry,0,5.258698200000001e-13,nan
2051057662227_Node0_Node8_Zero,2052.919512,2054.098361,1,Expiry,0,5.258698200000001e-13,nan
2051065857347_Node0_Node8_Zero,2052.919512,2054.098361,1,Expiry,0,5.258698200000001e-13,nan
2051074052108_Node0_Node8_Zero,2052.921535,2054.098361,1,Expiry,0,5.258698200000001e-13,nan
2051082252050_Node0_Node8_Zero,2052.921535,2054.098361,1,Expiry,0,5.258698200000001e-13,nan
2051090449385_Node0_Node8_Zero,2052.923438,2054.098361,1,Expiry,0,5.258698200000001e-13,nan
2051098641150_Node0_Node8_Zero,2052.923438,2054.180328,1,Expiry,0,5.258698200000001e-13,nan
2051106834489_Node0_Node8_Zero,2052.92538,2054.180328,1,Expiry,0,5.258698200000001e-13,nan
2051115029610_Node0_Node8_Zero,2052.92538,2054.180328,1,Expiry,0,5.258698200000001e-13,nan
2051123225765_Node0_Node8_Zero,2052.927283,2054.180328,1,Expiry,0,5.258698200000001e-13,nan
2051131425649_Node0_Node8_Zero,2052.927283,2054.180328,1,Expiry,0,5.258698200000001e-13,nan
2051139621248_Node0_Node8_Zero,2052.931448,2054.180328,1,Expiry,0,5.258698200000001e-13,nan
2051147813440_Node0_Node8_Zero,2052.931448,2054.180328,1,Expiry,0,5.258698200000001e-13,nan
2051156005785_Node0_Node8_Zero,2052.935407,2054.180328,1,Expiry,0,5.258698200000001e-13,nan
2051164201443_Node0_Node8_Zero,2052.935407,2054.180328,1,Expiry,0,5.258698200000001e-13,nan
2051172399419_Node0_Node8_Zero,2052.93753,2054.180328,1,Expiry,0,5.258698200000001e-13,nan
2051180594146_Node0_Node8_Zero,2052.93753,2054.262295,1,Expiry,0,0,nan
2051188792487_Node0_Node8_Zero,2052.939652,2054.262295,1,Expiry,0,0,nan
2051196989299_Node0_Node8_Zero,2052.939652,2054.262295,1,Expiry,0,0,nan
2051205190572_Node0_Node8_Zero,2052.941635,2054.262295,1,Expiry,0,0,nan
2051213385097_Node0_Node8_Zero,2052.941635,2054.262295,1,Expiry,0,0,nan
2051221578062_Node0_Node8_Zero,2052.943477,2054.262295,1,Expiry,0,0,nan
2051229769868_Node0_Node8_Zero,2052.943477,2054.262295,1,Expiry,0,0,nan
2051237969896_Node0_Node8_Zero,2052.947297,2054.262295,1,Expiry,0,0,nan
2051246171147_Node0_Node8_Zero,2052.947297,2054.262295,1,Expiry,0,0,nan
2051254365403_Node0_Node8_Zero,2052.949399,2054.262295,1,Expiry,0,0,nan
2051262557753_Node0_Node8_Zero,2052.949399,2054.344262,1,Expiry,0,5.258698200000001e-13,nan
2051270759129_Node0_Node8_Zero,2052.951302,2054.344262,1,Expiry,0,5.258698200000001e-13,nan
2051278955772_Node0_Node8_Zero,2052.951302,2054.344262,1,Expiry,0,5.258698200000001e-13,nan
2051287149934_Node0_Node8_Zero,2052.959487,2054.344262,1,Expiry,0,5.258698200000001e-13,nan
2051295344940_Node0_Node8_Zero,2052.959487,2054.344262,1,Expiry,0,5.258698200000001e-13,nan
2051303542881_Node0_Node8_Zero,2052.961349,2054.344262,1,Expiry,0,5.258698200000001e-13,nan
2051311734970_Node0_Node8_Zero,2052.961349,2054.344262,1,Expiry,0,5.258698200000001e-13,nan
2051319926716_Node0_Node8_Zero,2052.963232,2054.344262,1,Expiry,0,5.258698200000001e-13,nan
2051328120738_Node0_Node8_Zero,2052.963232,2054.344262,1,Expiry,0,5.258698200000001e-13,nan
2051336320934_Node0_Node8_Zero,2052.965114,2054.344262,1,Expiry,0,5.258698200000001e-13,nan
2051344521165_Node0_Node8_Zero,2052.965114,2054.42623,1,Expiry,0,5.258698200000001e-13,nan
2051352721279_Node0_Node8_Zero,2052.966997,2054.42623,1,Expiry,0,5.258698200000001e-13,nan
2051360920239_Node0_Node8_Zero,2052.966997,2054.42623,1,Expiry,0,5.258698200000001e-13,nan
2051369114297_Node0_Node8_Zero,2052.970802,2054.42623,1,Expiry,0,5.258698200000001e-13,nan
2051377314168_Node0_Node8_Zero,2052.970802,2054.42623,1,Expiry,0,5.258698200000001e-13,nan
2051385509267_Node0_Node8_Zero,2052.980695,2054.42623,1,Expiry,0,5.258698200000001e-13,nan
2051393705595_Node0_Node8_Zero,2052.980695,2054.42623,1,Expiry,0,5.258698200000001e-13,nan
2051401902774_Node0_Node8_Zero,2052.982537,2054.42623,1,Expiry,0,5.258698200000001e-13,nan
2051410102795_Node0_Node8_Zero,2052.982537,2054.42623,1,Expiry,0,5.258698200000001e-13,nan
2051418301155_Node0_Node8_Zero,2052.98436,2054.42623,1,Expiry,0,5.258698200000001e-13,nan
2051426494752_Node0_Node8_Zero,2052.98436,2054.508197,1,Expiry,0,0,nan
2051434694281_Node0_Node8_Zero,2052.986262,2054.508197,1,Expiry,0,0,nan
2051442889184_Node0_Node8_Zero,2052.986262,2054.508197,1,Expiry,0,0,nan
2051451085218_Node0_Node8_Zero,2052.990242,2054.508197,1,Expiry,0,0,nan
2051459280861_Node0_Node8_Zero,2052.990242,2054.508197,1,Expiry,0,0,nan
2051467476118_Node0_Node8_Zero,2052.994241,2054.508197,1,Expiry,0,0,nan
2051475674694_Node0_Node8_Zero,2052.994241,2054.508197,1,Expiry,0,0,nan
2051483869291_Node0_Node8_Zero,2052.996204,2054.508197,1,Expiry,0,0,nan
2051492062101_Node0_Node8_Zero,2052.996204,2054.508197,1,Expiry,0,0,nan
2051500255607_Node0_Node8_Zero,2052.998026,2054.508197,1,Expiry,0,0,nan
2051508449880_Node0_Node8_Zero,2052.998026,2054.590164,1,Expiry,0,5.258698200000001e-13,nan
2051516651477_Node0_Node8_Zero,2052.999889,2054.590164,1,Expiry,0,5.258698200000001e-13,nan
2051524846500_Node0_Node8_Zero,2052.999889,2054.590164,1,Expiry,0,5.258698200000001e-13,nan
2051533042370_Node0_Node8_Zero,2053.005697,2054.590164,1,Expiry,0,5.258698200000001e-13,nan
2051541239959_Node0_Node8_Zero,2053.005697,2054.590164,1,Expiry,0,5.258698200000001e-13,nan
2051549440940_Node0_Node8_Zero,2053.007539,2054.590164,1,Expiry,0,5.258698200000001e-13,nan
2051557639401_Node0_Node8_Zero,2053.007539,2054.590164,1,Expiry,0,5.258698200000001e-13,nan
2051565838740_Node0_Node8_Zero,2053.009422,2054.590164,1,Expiry,0,5.258698200000001e-13,nan
2051574030740_Node0_Node8_Zero,2053.009422,2054.590164,1,Expiry,0,5.258698200000001e-13,nan
2051582223679_Node0_Node8_Zero,2053.013247,2054.590164,1,Expiry,0,5.258698200000001e-13,nan
2051590422638_Node0_Node8_Zero,2053.013247,2054.672131,1,Expiry,0,0,nan
2051598621161_Node0_Node8_Zero,2053.01511,2054.672131,1,Expiry,0,0,nan
2051606818761_Node0_Node8_Zero,2053.01511,2054.672131,1,Expiry,0,0,nan
2051615013735_Node0_Node8_Zero,2053.021037,2054.672131,1,Expiry,0,0,nan
2051623214117_Node0_Node8_Zero,2053.021037,2054.672131,1,Expiry,0,0,nan
2051631413628_Node0_Node8_Zero,2053.024877,2054.672131,1,Expiry,0,0,nan
2051639613640_Node0_Node8_Zero,2053.024877,2054.672131,1,Expiry,0,0,nan
2051647813407_Node0_Node8_Zero,2053.026719,2054.672131,1,Expiry,0,0,nan
2051656009349_Node0_Node8_Zero,2053.026719,2054.672131,1,Expiry,0,0,nan
2051664201658_Node0_Node8_Zero,2053.030799,2054.672131,1,Expiry,0,0,nan
2051672402860_Node0_Node8_Zero,2053.030799,2054.754098,1,Expiry,0,5.258698200000001e-13,nan
2051680595163_Node0_Node8_Zero,2053.032621,2054.754098,1,Expiry,0,5.258698200000001e-13,nan
2051688792723_Node0_Node8_Zero,2053.032621,2054.754098,1,Expiry,0,5.258698200000001e-13,nan
2051696986413_Node0_Node8_Zero,2053.034584,2054.754098,1,Expiry,0,5.258698200000001e-13,nan
2051705184329_Node0_Node8_Zero,2053.034584,2054.754098,1,Expiry,0,5.258698200000001e-13,nan
2051713377512_Node0_Node8_Zero,2053.038749,2054.754098,1,Expiry,0,5.258698200000001e-13,nan
2051721572327_Node0_Node8_Zero,2053.038749,2054.754098,1,Expiry,0,5.258698200000001e-13,nan
2051729764897_Node0_Node8_Zero,2053.040691,2054.754098,1,Expiry,0,5.258698200000001e-13,nan
2051737963876_Node0_Node8_Zero,2053.040691,2054.754098,1,Expiry,0,5.258698200000001e-13,nan
2051746160350_Node0_Node8_Zero,2053.042734,2054.754098,1,Expiry,0,5.258698200000001e-13,nan
2051754354845_Node0_Node8_Zero,2053.042734,2054.836066,1,Expiry,0,5.258698200000001e-13,nan
2051762548079_Node0_Node8_Zero,2053.044737,2054.836066,1,Expiry,0,5.258698200000001e-13,nan
2051770742067_Node0_Node8_Zero,2053.044737,2054.836066,1,Expiry,0,5.258698200000001e-13,nan
2051778942619_Node0_Node8_Zero,2053.046839,2054.836066,1,Expiry,0,5.258698200000001e-13,nan
2051787141972_Node0_Node8_Zero,2053.046839,2054.836066,1,Expiry,0,5.258698200000001e-13,nan
2051795339656_Node0_Node8_Zero,2053.048662,2054.836066,1,Expiry,0,5.258698200000001e-13,nan
2051803538026_Node0_Node8_Zero,2053.048662,2054.836066,1,Expiry,0,5.258698200000001e-13,nan
2051811733871_Node0_Node8_Zero,2053.050684,2054.836066,1,Expiry,0,5.258698200000001e-13,nan
2051819927419_Node0_Node8_Zero,2053.050684,2054.836066,1,Expiry,0,5.258698200000001e-13,nan
2051828119354_Node0_Node8_Zero,2053.052667,2054.836066,1,Expiry,0,5.258698200000001e-13,nan
2051836318983_Node0_Node8_Zero,2053.052667,2054.918033,1,Expiry,0,5.258698200000001e-13,nan
2051844515627_Node0_Node8_Zero,2053.054589,2054.918033,1,Expiry,0,5.258698200000001e-13,nan
2051852710185_Node0_Node8_Zero,2053.054589,2054.918033,1,Expiry,0,5.258698200000001e-13,nan
2051860909906_Node0_Node8_Zero,2053.058635,2054.918033,1,Expiry,0,5.258698200000001e-13,nan
2051869105033_Node0_Node8_Zero,2053.058635,2054.918033,1,Expiry,0,5.258698200000001e-13,nan
2051877303710_Node0_Node8_Zero,2053.062554,2054.918033,1,Expiry,0,5.258698200000001e-13,nan
2051885501868_Node0_Node8_Zero,2053.062554,2054.918033,1,Expiry,0,5.258698200000001e-13,nan
2051893695043_Node0_Node8_Zero,2053.064517,2054.918033,1,Expiry,0,5.258698200000001e-13,nan
2051901892322_Node0_Node8_Zero,2053.064517,2054.918033,1,Expiry,0,5.258698200000001e-13,nan
2051910091944_Node0_Node8_Zero,2053.075024,2054.918033,1,Expiry,0,5.258698200000001e-13,nan
2051918292773_Node0_Node8_Zero,2053.075024,2055.0,1,Expiry,0,1.04925114e-12,nan
2051926484665_Node0_Node8_Zero,2053.076886,2055.0,1,Expiry,0,1.04925114e-12,nan
2051934681011_Node0_Node8_Zero,2053.076886,2055.0,1,Expiry,0,1.04925114e-12,nan
2051942875004_Node0_Node8_Zero,2053.078829,2055.0,1,Expiry,0,1.04925114e-12,nan
2051951072852_Node0_Node8_Zero,2053.078829,2055.0,1,Expiry,0,1.04925114e-12,nan
2051959269234_Node0_Node8_Zero,2053.082794,2055.0,1,Expiry,0,1.04925114e-12,nan
2051967469457_Node0_Node8_Zero,2053.082794,2055.0,1,Expiry,0,1.04925114e-12,nan
2051975661208_Node0_Node8_Zero,2053.088936,2055.0,1,Expiry,0,1.04925114e-12,nan
2051983861168_Node0_Node8_Zero,2053.088936,2055.0,1,Expiry,0,1.04925114e-12,nan
2051992053703_Node0_Node8_Zero,2053.097155,2055.0,1,Expiry,0,1.04925114e-12,nan
2052000247723_Node0_Node8_Zero,2053.097155,2055.081967,1,Expiry,0,1.04925114e-12,nan
2052008444104_Node0_Node8_Zero,2053.101374,2055.081967,1,Expiry,0,1.04925114e-12,nan
2052016636271_Node0_Node8_Zero,2053.101374,2055.081967,1,Expiry,0,1.04925114e-12,nan
2052024831520_Node0_Node8_Zero,2053.103397,2055.081967,1,Expiry,0,1.04925114e-12,nan
2052033024770_Node0_Node8_Zero,2053.103397,2055.081967,1,Expiry,0,1.04925114e-12,nan
2052041218191_Node0_Node8_Zero,2053.109479,2055.081967,1,Expiry,0,1.04925114e-12,nan
2052049414281_Node0_Node8_Zero,2053.109479,2055.081967,1,Expiry,0,1.04925114e-12,nan
2052057615163_Node0_Node8_Zero,2053.111401,2055.081967,1,Expiry,0,1.04925114e-12,nan
2052065808993_Node0_Node8_Zero,2053.111401,2055.081967,1,Expiry,0,1.04925114e-12,nan
2052074008734_Node0_Node8_Zero,2053.113264,2055.081967,1,Expiry,0,1.04925114e-12,nan
2052082205113_Node0_Node8_Zero,2053.113264,2055.163934,1,Expiry,0,1.04925114e-12,nan
2052090398334_Node0_Node8_Zero,2053.117403,2055.163934,1,Expiry,0,1.04925114e-12,nan
2052098599650_Node0_Node8_Zero,2053.117403,2055.163934,1,Expiry,0,1.04925114e-12,nan
2052106794784_Node0_Node8_Zero,2053.119326,2055.163934,1,Expiry,0,1.04925114e-12,nan
2052114991366_Node0_Node8_Zero,2053.119326,2055.163934,1,Expiry,0,1.04925114e-12,nan
2052123187932_Node0_Node8_Zero,2053.121289,2055.163934,1,Expiry,0,1.04925114e-12,nan
2052131387925_Node0_Node8_Zero,2053.121289,2055.163934,1,Expiry,0,1.04925114e-12,nan
2052139588714_Node0_Node8_Zero,2053.123251,2055.163934,1,Expiry,0,1.04925114e-12,nan
2052147783194_Node0_Node8_Zero,2053.123251,2055.163934,1,Expiry,0,1.04925114e-12,nan
2052155976952_Node0_Node8_Zero,2053.125254,2055.163934,1,Expiry,0,1.04925114e-12,nan
2052164177548_Node0_Node8_Zero,2053.125254,2055.245902,1,Expiry,0,0,nan
2052172370587_Node0_Node8_Zero,2053.129339,2055.245902,1,Expiry,0,0,nan
2052180571995_Node0_Node8_Zero,2053.129339,2055.245902,1,Expiry,0,0,nan
2052188768087_Node0_Node8_Zero,2053.135626,2055.245902,1,Expiry,0,0,nan
2052196966395_Node0_Node8_Zero,2053.135626,2055.245902,1,Expiry,0,0,nan
2052205163158_Node0_Node8_Zero,2053.137629,2055.245902,1,Expiry,0,0,nan
2052213357651_Node0_Node8_Zero,2053.137629,2055.245902,1,Expiry,0,0,nan
2052221557430_Node0_Node8_Zero,2053.139532,2055.245902,1,Expiry,0,0,nan
2052229754541_Node0_Node8_Zero,2053.139532,2055.245902,1,Expiry,0,0,nan
2052237953753_Node0_Node8_Zero,2053.141454,2055.245902,1,Expiry,0,0,nan
2052246145783_Node0_Node8_Zero,2053.141454,2055.327869,1,Expiry,0,0,nan
2052254338705_Node0_Node8_Zero,2053.143317,2055.327869,1,Expiry,0,0,nan
2052262536342_Node0_Node8_Zero,2053.143317,2055.327869,1,Expiry,0,0,nan
2052270728319_Node0_Node8_Zero,2053.147416,2055.327869,1,Expiry,0,0,nan
2052278922402_Node0_Node8_Zero,2053.147416,2055.327869,1,Expiry,0,0,nan
2052287120237_Node0_Node8_Zero,2053.153518,2055.327869,1,Expiry,0,0,nan
2052295316504_Node0_Node8_Zero,2053.153518,2055.327869,1,Expiry,0,0,nan
2052303517480_Node0_Node8_Zero,2053.155381,2055.327869,1,Expiry,0,0,nan
2052311709942_Node0_Node8_Zero,2053.155381,2055.327869,1,Expiry,0,0,nan
2052319905185_Node0_Node8_Zero,2053.157283,2055.327869,1,Expiry,0,0,nan
2052328104412_Node0_Node8_Zero,2053.157283,2055.409836,1,Expiry,0,1.04925114e-12,nan
2052336302644_Node0_Node8_Zero,2053.159226,2055.409836,1,Expiry,0,1.04925114e-12,nan
2052344503115_Node0_Node8_Zero,2053.159226,2055.409836,1,Expiry,0,1.04925114e-12,nan
2052352696946_Node0_Node8_Zero,2053.169219,2055.409836,1,Expiry,0,1.04925114e-12,nan
2052360888801_Node0_Node8_Zero,2053.169219,2055.409836,1,Expiry,0,1.04925114e-12,nan
2052369089206_Node0_Node8_Zero,2053.171121,2055.409836,1,Expiry,0,1.04925114e-12,nan
2052377289772_Node0_Node8_Zero,2053.171121,2055.409836,1,Expiry,0,1.04925114e-12,nan
2052385490614_Node0_Node8_Zero,2053.173084,2055.409836,1,Expiry,0,1.04925114e-12,nan
2052393684606_Node0_Node8_Zero,2053.173084,2055.409836,1,Expiry,0,1.04925114e-12,nan
2052401883329_Node0_Node8_Zero,2053.174906,2055.409836,1,Expiry,0,1.04925114e-12,nan
2052410078922_Node0_Node8_Zero,2053.174906,2055.491803,1,Expiry,0,0,nan
2052418273504_Node0_Node8_Zero,2053.179071,2055.491803,1,Expiry,0,0,nan
2052426474059_Node0_Node8_Zero,2053.179071,2055.491803,1,Expiry,0,0,nan
2052434673867_Node0_Node8_Zero,2053.181074,2055.491803,1,Expiry,0,0,nan
2052442874493_Node0_Node8_Zero,2053.181074,2055.491803,1,Expiry,0,0,nan
2052451068612_Node0_Node8_Zero,2053.182957,2055.491803,1,Expiry,0,0,nan
2052459260893_Node0_Node8_Zero,2053.182957,2055.491803,1,Expiry,0,0,nan
2052467455512_Node0_Node8_Zero,2053.187122,2055.491803,1,Expiry,0,0,nan
2052475647925_Node0_Node8_Zero,2053.187122,2055.491803,1,Expiry,0,0,nan
2052483843426_Node0_Node8_Zero,2053.189104,2055.491803,1,Expiry,0,0,nan
2052492038464_Node0_Node8_Zero,2053.189104,2055.57377,1,Expiry,0,1.04925114e-12,nan
2052500235419_Node0_Node8_Zero,2053.193084,2055.57377,1,Expiry,0,1.04925114e-12,nan
2052508429630_Node0_Node8_Zero,2053.193084,2055.57377,1,Expiry,0,1.04925114e-12,nan
2052516630074_Node0_Node8_Zero,2053.194966,2055.57377,1,Expiry,0,1.04925114e-12,nan
2052524823233_Node0_Node8_Zero,2053.194966,2055.57377,1,Expiry,0,1.04925114e-12,nan
2052533022900_Node0_Node8_Zero,2053.198911,2055.57377,1,Expiry,0,1.04925114e-12,nan
2052541216642_Node0_Node8_Zero,2053.198911,2055.57377,1,Expiry,0,1.04925114e-12,nan
2052549410413_Node0_Node8_Zero,2053.200754,2055.57377,1,Expiry,0,1.04925114e-12,nan
2052557605736_Node0_Node8_Zero,2053.200754,2055.57377,1,Expiry,0,1.04925114e-12,nan
2052565804596_Node0_Node8_Zero,2053.202697,2055.57377,1,Expiry,0,1.04925114e-12,nan
2052573999317_Node0_Node8_Zero,2053.202697,2055.655738,1,Expiry,0,0,nan
2052582199353_Node0_Node8_Zero,2053.211047,2055.655738,1,Expiry,0,0,nan
2052590399969_Node0_Node8_Zero,2053.211047,2055.655738,1,Expiry,0,0,nan
2052598592794_Node0_Node8_Zero,2053.215106,2055.655738,1,Expiry,0,0,nan
2052606789183_Node0_Node8_Zero,2053.215106,2055.655738,1,Expiry,0,0,nan
2052614987152_Node0_Node8_Zero,2053.216929,2055.655738,1,Expiry,0,0,nan
2052623179048_Node0_Node8_Zero,2053.216929,2055.655738,1,Expiry,0,0,nan
2052631380382_Node0_Node8_Zero,2053.218791,2055.655738,1,Expiry,0,0,nan
2052639575517_Node0_Node8_Zero,2053.218791,2055.655738,1,Expiry,0,0,nan
2052647771041_Node0_Node8_Zero,2053.222976,2055.655738,1,Expiry,0,0,nan
2052655965159_Node0_Node8_Zero,2053.222976,2055.737705,1,Expiry,0,1.04925114e-12,nan
2052664157331_Node0_Node8_Zero,2053.224939,2055.737705,1,Expiry,0,1.04925114e-12,nan
2052672355409_Node0_Node8_Zero,2053.224939,2055.737705,1,Expiry,0,1.04925114e-12,nan
2052680555011_Node0_Node8_Zero,2053.229024,2055.737705,1,Expiry,0,1.04925114e-12,nan
2052688748483_Node0_Node8_Zero,2053.229024,2055.737705,1,Expiry,0,1.04925114e-12,nan
2052696946422_Node0_Node8_Zero,2053.231127,2055.737705,1,Expiry,0,1.04925114e-12,nan
2052705141095_Node0_Node8_Zero,2053.231127,2055.737705,1,Expiry,0,1.04925114e-12,nan
2052713335713_Node0_Node8_Zero,2053.233209,2055.737705,1,Expiry,0,1.04925114e-12,nan
2052721528908_Node0_Node8_Zero,2053.233209,2055.737705,1,Expiry,0,1.04925114e-12,nan
2052729727113_Node0_Node8_Zero,2053.235112,2055.737705,1,Expiry,0,1.04925114e-12,nan
2052737924436_Node0_Node8_Zero,2053.235112,2055.819672,1,Expiry,0,5.258698200000001e-13,nan
2052746126075_Node0_Node8_Zero,2053.237154,2055.819672,1,Expiry,0,5.258698200000001e-13,nan
2052754325093_Node0_Node8_Zero,2053.237154,2055.819672,1,Expiry,0,5.258698200000001e-13,nan
2052762518621_Node0_Node8_Zero,2053.239057,2055.819672,1,Expiry,0,5.258698200000001e-13,nan
2052770719699_Node0_Node8_Zero,2053.239057,2055.819672,1,Expiry,0,5.258698200000001e-13,nan
2052778918646_Node0_Node8_Zero,2053.247142,2055.819672,1,Expiry,0,5.258698200000001e-13,nan
2052787114441_Node0_Node8_Zero,2053.247142,2055.819672,1,Expiry,0,5.258698200000001e-13,nan
2052795307368_Node0_Node8_Zero,2053.248984,2055.819672,1,Expiry,0,5.258698200000001e-13,nan
2052803503948_Node0_Node8_Zero,2053.248984,2055.819672,1,Expiry,0,5.258698200000001e-13,nan
2052811701099_Node0_Node8_Zero,2053.250927,2055.819672,1,Expiry,0,5.258698200000001e-13,nan
2052819894054_Node0_Node8_Zero,2053.250927,2055.901639,1,Expiry,0,5.258698200000001e-13,nan
2052828092102_Node0_Node8_Zero,2053.252829,2055.901639,1,Expiry,0,5.258698200000001e-13,nan
2052836285414_Node0_Node8_Zero,2053.252829,2055.901639,1,Expiry,0,5.258698200000001e-13,nan
2052844478164_Node0_Node8_Zero,2053.256609,2055.901639,1,Expiry,0,5.258698200000001e-13,nan
2052852679274_Node0_Node8_Zero,2053.256609,2055.901639,1,Expiry,0,5.258698200000001e-13,nan
2052860874849_Node0_Node8_Zero,2053.258531,2055.901639,1,Expiry,0,5.258698200000001e-13,nan
2052869075771_Node0_Node8_Zero,2053.258531,2055.901639,1,Expiry,0,5.258698200000001e-13,nan
2052877267798_Node0_Node8_Zero,2053.262656,2055.901639,1,Expiry,0,5.258698200000001e-13,nan
2052885460337_Node0_Node8_Zero,2053.262656,2055.901639,1,Expiry,0,5.258698200000001e-13,nan
2052893659690_Node0_Node8_Zero,2053.264639,2055.901639,1,Expiry,0,5.258698200000001e-13,nan
2052901855201_Node0_Node8_Zero,2053.264639,2055.983607,1,Expiry,0,0,nan
2052910047699_Node0_Node8_Zero,2053.273089,2055.983607,1,Expiry,0,0,nan
2052918247865_Node0_Node8_Zero,2053.273089,2055.983607,1,Expiry,0,0,nan
2052926441311_Node0_Node8_Zero,2053.274952,2055.983607,1,Expiry,0,0,nan
2052934634637_Node0_Node8_Zero,2053.274952,2055.983607,1,Expiry,0,0,nan
2052942834989_Node0_Node8_Zero,2053.279131,2055.983607,1,Expiry,0,0,nan
2052951029560_Node0_Node8_Zero,2053.279131,2055.983607,1,Expiry,0,0,nan
2052959224141_Node0_Node8_Zero,2053.281134,2055.983607,1,Expiry,0,0,nan
2052967421743_Node0_Node8_Zero,2053.281134,2055.983607,1,Expiry,0,0,nan
2052975620394_Node0_Node8_Zero,2053.283176,2055.983607,1,Expiry,0,0,nan
2052983815780_Node0_Node8_Zero,2053.283176,2056.065574,1,Expiry,0,0,nan
2052992012179_Node0_Node8_Zero,2053.285099,2056.065574,1,Expiry,0,0,nan
2053000204346_Node0_Node8_Zero,2053.285099,2056.065574,1,Expiry,0,0,nan
2053008403493_Node0_Node8_Zero,2053.286941,2056.065574,1,Expiry,0,0,nan
2053016600170_Node0_Node8_Zero,2053.286941,2056.065574,1,Expiry,0,0,nan
2053024795411_Node0_Node8_Zero,2053.290847,2056.065574,1,Expiry,0,0,nan
2053032994515_Node0_Node8_Zero,2053.290847,2056.065574,1,Expiry,0,0,nan
2053041195525_Node0_Node8_Zero,2053.297114,2056.065574,1,Expiry,0,0,nan
2053049395624_Node0_Node8_Zero,2053.297114,2056.065574,1,Expiry,0,0,nan
2053057590782_Node0_Node8_Zero,2053.303276,2056.065574,1,Expiry,0,0,nan
2053065783201_Node0_Node8_Zero,2053.303276,2056.147541,1,Expiry,0,5.258698200000001e-13,nan
2053073984313_Node0_Node8_Zero,2053.305259,2056.147541,1,Expiry,0,5.258698200000001e-13,nan
2053082178226_Node0_Node8_Zero,2053.305259,2056.147541,1,Expiry,0,5.258698200000001e-13,nan
2053090377244_Node0_Node8_Zero,2053.307101,2056.147541,1,Expiry,0,5.258698200000001e-13,nan
2053098572650_Node0_Node8_Zero,2053.307101,2056.147541,1,Expiry,0,5.258698200000001e-13,nan
2053106772473_Node0_Node8_Zero,2053.313089,2056.147541,1,Expiry,0,5.258698200000001e-13,nan
2053114965816_Node0_Node8_Zero,2053.313089,2056.147541,1,Expiry,0,5.258698200000001e-13,nan
2053123162911_Node0_Node8_Zero,2053.314912,2056.147541,1,Expiry,0,5.258698200000001e-13,nan
2053131359462_Node0_Node8_Zero,2053.314912,2056.147541,1,Expiry,0,5.258698200000001e-13,nan
2053139552583_Node0_Node8_Zero,2053.316954,2056.147541,1,Expiry,0,5.258698200000001e-13,nan
2053147749344_Node0_Node8_Zero,2053.316954,2056.229508,1,Expiry,0,1.04925114e-12,nan
2053155947573_Node0_Node8_Zero,2053.318897,2056.229508,1,Expiry,0,1.04925114e-12,nan
2053164141006_Node0_Node8_Zero,2053.318897,2056.229508,1,Expiry,0,1.04925114e-12,nan
2053172339335_Node0_Node8_Zero,2053.323082,2056.229508,1,Expiry,0,1.04925114e-12,nan
2053180533234_Node0_Node8_Zero,2053.323082,2056.229508,1,Expiry,0,1.04925114e-12,nan
2053188730532_Node0_Node8_Zero,2053.327061,2056.229508,1,Expiry,0,1.04925114e-12,nan
2053196926825_Node0_Node8_Zero,2053.327061,2056.229508,1,Expiry,0,1.04925114e-12,nan
2053205126730_Node0_Node8_Zero,2053.329044,2056.229508,1,Expiry,0,1.04925114e-12,nan
2053213318612_Node0_Node8_Zero,2053.329044,2056.229508,1,Expiry,0,1.04925114e-12,nan
2053221517340_Node0_Node8_Zero,2053.330886,2056.229508,1,Expiry,0,1.04925114e-12,nan
2053229715389_Node0_Node8_Zero,2053.330886,2056.311475,1,Expiry,0,1.04925114e-12,nan
2053237910607_Node0_Node8_Zero,2053.332929,2056.311475,1,Expiry,0,1.04925114e-12,nan
2053246107664_Node0_Node8_Zero,2053.332929,2056.311475,1,Expiry,0,1.04925114e-12,nan
2053254306595_Node0_Node8_Zero,2053.334992,2056.311475,1,Expiry,0,1.04925114e-12,nan
2053262499796_Node0_Node8_Zero,2053.334992,2056.311475,1,Expiry,0,1.04925114e-12,nan
2053270697448_Node0_Node8_Zero,2053.338911,2056.311475,1,Expiry,0,1.04925114e-12,nan
2053278897649_Node0_Node8_Zero,2053.338911,2056.311475,1,Expiry,0,1.04925114e-12,nan
2053287092927_Node0_Node8_Zero,2053.34711,2056.311475,1,Expiry,0,1.04925114e-12,nan
2053295291509_Node0_Node8_Zero,2053.34711,2056.311475,1,Expiry,0,1.04925114e-12,nan
2053303486476_Node0_Node8_Zero,2053.353106,2056.311475,1,Expiry,0,1.04925114e-12,nan
2053311687602_Node0_Node8_Zero,2053.353106,2056.393443,1,Expiry,0,1.04925114e-12,nan
2053319887639_Node0_Node8_Zero,2053.354949,2056.393443,1,Expiry,0,1.04925114e-12,nan
2053328080936_Node0_Node8_Zero,2053.354949,2056.393443,1,Expiry,0,1.04925114e-12,nan
2053336281491_Node0_Node8_Zero,2053.357071,2056.393443,1,Expiry,0,1.04925114e-12,nan
2053344476686_Node0_Node8_Zero,2053.357071,2056.393443,1,Expiry,0,1.04925114e-12,nan
2053352670896_Node0_Node8_Zero,2053.358054,2056.393443,1,Expiry,0,1.04925114e-12,nan
2053360870155_Node0_Node8_Zero,2053.363541,2056.393443,1,Expiry,0,1.04925114e-12,nan
2053369070696_Node0_Node8_Zero,2053.865074,2056.393443,1,Expiry,0,1.04925114e-12,nan
2053377269767_Node0_Node8_Zero,2053.869193,2056.393443,1,Expiry,0,1.04925114e-12,nan
2053385464262_Node0_Node8_Zero,2053.871233,2056.393443,1,Expiry,0,1.04925114e-12,nan
2053393657609_Node0_Node8_Zero,2053.875219,2056.47541,1,Expiry,0,1.04925114e-12,nan
2053401857452_Node0_Node8_Zero,2053.877119,2056.47541,1,Expiry,0,1.04925114e-12,nan
2053410058724_Node0_Node8_Zero,2053.879099,2056.47541,1,Expiry,0,1.04925114e-12,nan
2053418251724_Node0_Node8_Zero,2053.881138,2056.47541,1,Expiry,0,1.04925114e-12,nan
2053426444443_Node0_Node8_Zero,2053.883078,2056.47541,1,Expiry,0,1.04925114e-12,nan
2053434640447_Node0_Node8_Zero,2053.884958,2056.47541,1,Expiry,0,1.04925114e-12,nan
2053442839614_Node0_Node8_Zero,2053.886977,2056.47541,1,Expiry,0,1.04925114e-12,nan
2053451040770_Node0_Node8_Zero,2053.888897,2056.47541,1,Expiry,0,1.04925114e-12,nan
2053459233519_Node0_Node8_Zero,2053.890797,2056.47541,1,Expiry,0,1.04925114e-12,nan
2053467434326_Node0_Node8_Zero,2053.898583,2056.47541,1,Expiry,0,1.04925114e-12,nan
2053475633986_Node0_Node8_Zero,2053.900442,2056.557377,1,Expiry,0,0,nan
2053483826149_Node0_Node8_Zero,2053.902462,2056.557377,1,Expiry,0,0,nan
2053492024043_Node0_Node8_Zero,2053.904462,2056.557377,1,Expiry,0,0,nan
2053500224280_Node0_Node8_Zero,2053.908541,2056.557377,1,Expiry,0,0,nan
2053508423177_Node0_Node8_Zero,2053.9106,2056.557377,1,Expiry,0,0,nan
2053516623237_Node0_Node8_Zero,2053.92304,2056.557377,1,Expiry,0,0,nan
2053524816777_Node0_Node8_Zero,2053.92496,2056.557377,1,Expiry,0,0,nan
2053533015957_Node0_Node8_Zero,2053.926959,2056.557377,1,Expiry,0,0,nan
2053541214523_Node0_Node8_Zero,2053.930946,2056.557377,1,Expiry,0,0,nan
2053549412963_Node0_Node8_Zero,2053.933006,2056.557377,1,Expiry,0,0,nan
2053557611872_Node0_Node8_Zero,2053.934945,2056.639344,1,Expiry,0,1.04925114e-12,nan
2053565808963_Node0_Node8_Zero,2053.938905,2056.639344,1,Expiry,0,1.04925114e-12,nan
2053574000799_Node0_Node8_Zero,2053.942891,2056.639344,1,Expiry,0,1.04925114e-12,nan
2053582192689_Node0_Node8_Zero,2053.944811,2056.639344,1,Expiry,0,1.04925114e-12,nan
2053590389175_Node0_Node8_Zero,2053.94683,2056.639344,1,Expiry,0,1.04925114e-12,nan
2053598588727_Node0_Node8_Zero,2053.955349,2056.639344,1,Expiry,0,1.04925114e-12,nan
2053606783271_Node0_Node8_Zero,2053.957249,2056.639344,1,Expiry,0,1.04925114e-12,nan
2053614980239_Node0_Node8_Zero,2053.959188,2056.639344,1,Expiry,0,1.04925114e-12,nan
2053623179036_Node0_Node8_Zero,2053.961308,2056.639344,1,Expiry,0,1.04925114e-12,nan
2053631375104_Node0_Node8_Zero,2053.963228,2056.639344,1,Expiry,0,1.04925114e-12,nan
2053639568288_Node0_Node8_Zero,2053.970993,2056.721311,1,Expiry,0,1.04925114e-12,nan
2053647764606_Node0_Node8_Zero,2053.972893,2056.721311,1,Expiry,0,1.04925114e-12,nan
2053655959315_Node0_Node8_Zero,2053.978672,2056.721311,1,Expiry,0,1.04925114e-12,nan
2053664152778_Node0_Node8_Zero,2053.980812,2056.721311,1,Expiry,0,1.04925114e-12,nan
2053672346930_Node0_Node8_Zero,2053.982911,2056.721311,1,Expiry,0,1.04925114e-12,nan
2053680544514_Node0_Node8_Zero,2053.985051,2056.721311,1,Expiry,0,1.04925114e-12,nan
2053688745086_Node0_Node8_Zero,2053.987051,2056.721311,1,Expiry,0,1.04925114e-12,nan
2053696938549_Node0_Node8_Zero,2053.98891,2056.721311,1,Expiry,0,1.04925114e-12,nan
2053705138574_Node0_Node8_Zero,2053.994797,2056.721311,1,Expiry,0,1.04925114e-12,nan
2053713334096_Node0_Node8_Zero,2053.996916,2056.721311,1,Expiry,0,1.04925114e-12,nan
2053721533808_Node0_Node8_Zero,2053.998896,2056.803279,1,Expiry,0,1.04925114e-12,nan
2053729729058_Node0_Node8_Zero,2054.004949,2056.803279,1,Expiry,0,1.04925114e-12,nan
2053737929312_Node0_Node8_Zero,2054.006829,2056.803279,1,Expiry,0,1.04925114e-12,nan
2053746125016_Node0_Node8_Zero,2054.008829,2056.803279,1,Expiry,0,1.04925114e-12,nan
2053754325406_Node0_Node8_Zero,2054.010748,2056.803279,1,Expiry,0,1.04925114e-12,nan
2053762526792_Node0_Node8_Zero,2054.014707,2056.803279,1,Expiry,0,1.04925114e-12,nan
2053770721987_Node0_Node8_Zero,2054.016607,2056.803279,1,Expiry,0,1.04925114e-12,nan
2053778922061_Node0_Node8_Zero,2054.018647,2056.803279,1,Expiry,0,1.04925114e-12,nan
2053787123620_Node0_Node8_Zero,2054.020606,2056.803279,1,Expiry,0,1.04925114e-12,nan
2053795320459_Node0_Node8_Zero,2054.022566,2056.803279,1,Expiry,0,1.04925114e-12,nan
2053803520683_Node0_Node8_Zero,2054.024486,2056.885246,1,Expiry,0,1.04925114e-12,nan
2053811722189_Node0_Node8_Zero,2054.028552,2056.885246,1,Expiry,0,1.04925114e-12,nan
2053819919990_Node0_Node8_Zero,2054.030472,2056.885246,1,Expiry,0,1.04925114e-12,nan
2053828115979_Node0_Node8_Zero,2054.034378,2056.885246,1,Expiry,0,1.04925114e-12,nan
2053836313237_Node0_Node8_Zero,2054.036218,2056.885246,1,Expiry,0,1.04925114e-12,nan
2053844508452_Node0_Node8_Zero,2054.038258,2056.885246,1,Expiry,0,1.04925114e-12,nan
2053852708563_Node0_Node8_Zero,2054.042084,2056.885246,1,Expiry,0,1.04925114e-12,nan
2053860907318_Node0_Node8_Zero,2054.045911,2056.885246,1,Expiry,0,1.04925114e-12,nan
2053869100309_Node0_Node8_Zero,2054.04781,2056.885246,1,Expiry,0,1.04925114e-12,nan
2053877295522_Node0_Node8_Zero,2054.04975,2056.885246,1,Expiry,0,1.04925114e-12,nan
2053885492830_Node0_Node8_Zero,2054.05161,2056.967213,1,Expiry,0,1.04925114e-12,nan
2053893689889_Node0_Node8_Zero,2054.057649,2056.967213,1,Expiry,0,1.04925114e-12,nan
2053901891556_Node0_Node8_Zero,2054.059548,2056.967213,1,Expiry,0,1.04925114e-12,nan
2053910091674_Node0_Node8_Zero,2054.067534,2056.967213,1,Expiry,0,1.04925114e-12,nan
2053918292323_Node0_Node8_Zero,2054.069414,2056.967213,1,Expiry,0,1.04925114e-12,nan
2053926484607_Node0_Node8_Zero,2054.071354,2056.967213,1,Expiry,0,1.04925114e-12,nan
2053934685811_Node0_Node8_Zero,2054.07724,2056.967213,1,Expiry,0,1.04925114e-12,nan
2053942877973_Node0_Node8_Zero,2054.081439,2056.967213,1,Expiry,0,1.04925114e-12,nan
2053951076683_Node0_Node8_Zero,2054.085226,2056.967213,1,Expiry,0,1.04925114e-12,nan
2053959270135_Node0_Node8_Zero,2054.089332,2056.967213,1,Expiry,0,1.04925114e-12,nan
2053967470312_Node0_Node8_Zero,2054.091272,2057.04918,1,Expiry,0,1.04925114e-12,nan
2053975671122_Node0_Node8_Zero,2054.095138,2057.04918,1,Expiry,0,1.04925114e-12,nan
2053983866280_Node0_Node8_Zero,2054.097058,2057.04918,1,Expiry,0,1.04925114e-12,nan
2053992061474_Node0_Node8_Zero,2054.099138,2057.04918,1,Expiry,0,1.04925114e-12,nan
2054000257382_Node0_Node8_Zero,2054.101037,2057.04918,1,Expiry,0,1.04925114e-12,nan
2054008449152_Node0_Node8_Zero,2054.102897,2057.04918,1,Expiry,0,1.04925114e-12,nan
2054016646340_Node0_Node8_Zero,2054.106916,2057.04918,1,Expiry,0,1.04925114e-12,nan
2054024842047_Node0_Node8_Zero,2054.110783,2057.04918,1,Expiry,0,1.04925114e-12,nan
2054033042625_Node0_Node8_Zero,2054.112702,2057.04918,1,Expiry,0,1.04925114e-12,nan
2054041239022_Node0_Node8_Zero,2054.118549,2057.04918,1,Expiry,0,1.04925114e-12,nan
2054049437498_Node0_Node8_Zero,2054.128981,2057.131148,1,Expiry,0,1.04925114e-12,nan
2054057636974_Node0_Node8_Zero,2054.132948,2057.131148,1,Expiry,0,1.04925114e-12,nan
2054065832109_Node0_Node8_Zero,2054.137034,2057.131148,1,Expiry,0,1.04925114e-12,nan
2054074033729_Node0_Node8_Zero,2054.139054,2057.131148,1,Expiry,0,1.04925114e-12,nan
2054082227253_Node0_Node8_Zero,2054.143081,2057.131148,1,Expiry,0,1.04925114e-12,nan
2054090425974_Node0_Node8_Zero,2054.14522,2057.131148,1,Expiry,0,1.04925114e-12,nan
2054098621880_Node0_Node8_Zero,2054.1472,2057.131148,1,Expiry,0,1.04925114e-12,nan
2054106817406_Node0_Node8_Zero,2054.149159,2057.131148,1,Expiry,0,1.04925114e-12,nan
2054115010709_Node0_Node8_Zero,2054.151159,2057.131148,1,Expiry,0,1.04925114e-12,nan
2054123203231_Node0_Node8_Zero,2054.155238,2057.131148,1,Expiry,0,1.04925114e-12,nan
2054131401477_Node0_Node8_Zero,2054.159145,2057.213115,1,Expiry,0,0,nan
2054139601985_Node0_Node8_Zero,2054.161045,2057.213115,1,Expiry,0,0,nan
2054147796957_Node0_Node8_Zero,2054.162904,2057.213115,1,Expiry,0,0,nan
2054155993889_Node0_Node8_Zero,2054.164824,2057.213115,1,Expiry,0,0,nan
2054164185737_Node0_Node8_Zero,2054.166731,2057.213115,1,Expiry,0,0,nan
2054172382453_Node0_Node8_Zero,2054.174971,2057.213115,1,Expiry,0,0,nan
2054180582508_Node0_Node8_Zero,2054.183491,2057.213115,1,Expiry,0,0,nan
2054188777640_Node0_Node8_Zero,2054.191817,2057.213115,1,Expiry,0,0,nan
2054196976203_Node0_Node8_Zero,2054.200036,2057.213115,1,Expiry,0,0,nan
2054205169097_Node0_Node8_Zero,2054.210469,2057.213115,1,Expiry,0,0,nan
2054213369241_Node0_Node8_Zero,2054.216707,2057.295082,1,Expiry,0,1.04925114e-12,nan
2054221563071_Node0_Node8_Zero,2054.225241,2057.295082,1,Expiry,0,1.04925114e-12,nan
2054229758610_Node0_Node8_Zero,2054.233261,2057.295082,1,Expiry,0,1.04925114e-12,nan
2054237954340_Node0_Node8_Zero,2054.241807,2057.295082,1,Expiry,0,1.04925114e-12,nan
2054246148665_Node0_Node8_Zero,2054.248153,2057.295082,1,Expiry,0,1.04925114e-12,nan
2054254348034_Node0_Node8_Zero,2054.257728,2057.295082,1,Expiry,0,1.04925114e-12,nan
2054262549646_Node0_Node8_Zero,2054.266414,2057.295082,1,Expiry,0,1.04925114e-12,nan
2054270748527_Node0_Node8_Zero,2054.27276,2057.295082,1,Expiry,0,1.04925114e-12,nan
2054278944268_Node0_Node8_Zero,2054.28128,2057.295082,1,Expiry,0,1.04925114e-12,nan
2054287142574_Node0_Node8_Zero,2054.289986,2057.295082,1,Expiry,0,1.04925114e-12,nan
2054295337941_Node0_Node8_Zero,2054.298532,2057.377049,1,Expiry,0,1.04925114e-12,nan
2054303533531_Node0_Node8_Zero,2054.306557,2057.377049,1,Expiry,0,1.04925114e-12,nan
2054311733883_Node0_Node8_Zero,2054.315063,2057.377049,1,Expiry,0,1.04925114e-12,nan
2054319934914_Node0_Node8_Zero,2054.323496,2057.377049,1,Expiry,0,1.04925114e-12,nan
2054328133257_Node0_Node8_Zero,2054.332009,2057.377049,1,Expiry,0,1.04925114e-12,nan
2054336333553_Node0_Node8_Zero,2054.338676,2057.377049,1,Expiry,0,1.04925114e-12,nan
2054344530538_Node0_Node8_Zero,2054.347349,2057.377049,1,Expiry,0,1.04925114e-12,nan
2054352723595_Node0_Node8_Zero,2054.355675,2057.377049,1,Expiry,0,1.04925114e-12,nan
2054360924808_Node0_Node8_Zero,2054.364062,2057.377049,1,Expiry,0,1.04925114e-12,nan
2054369121291_Node0_Node8_Zero,2054.372808,2057.377049,1,Expiry,0,1.04925114e-12,nan
2054377322768_Node0_Node8_Zero,2055.290862,2057.459016,1,Expiry,0,0,nan
2054401907417_Node0_Node8_Zero,2056.146768,2057.459016,1,Expiry,0,0,nan
2054410101189_Node0_Node8_Zero,2056.146768,2057.459016,1,Expiry,0,0,nan
2054418302546_Node0_Node8_Zero,2056.155189,2057.459016,1,Expiry,0,0,nan
2054426499355_Node0_Node8_Zero,2056.155189,2057.459016,1,Expiry,0,0,nan
2054434692934_Node0_Node8_Zero,2056.159089,2057.459016,1,Expiry,0,0,nan
2054442889093_Node0_Node8_Zero,2056.159089,2057.459016,1,Expiry,0,0,nan
2054451082123_Node0_Node8_Zero,2056.160971,2057.459016,1,Expiry,0,0,nan
2054459283067_Node0_Node8_Zero,2056.160971,2057.540984,1,Expiry,0,1.04925114e-12,nan
2054467475818_Node0_Node8_Zero,2056.162814,2057.540984,1,Expiry,0,1.04925114e-12,nan
2054475674886_Node0_Node8_Zero,2056.162814,2057.540984,1,Expiry,0,1.04925114e-12,nan
2054483872554_Node0_Node8_Zero,2056.16851,2057.540984,1,Expiry,0,1.04925114e-12,nan
2054492074218_Node0_Node8_Zero,2056.16851,2057.540984,1,Expiry,0,1.04925114e-12,nan
2054500275886_Node0_Node8_Zero,2056.176595,2057.540984,1,Expiry,0,1.04925114e-12,nan
2054508471396_Node0_Node8_Zero,2056.176595,2057.540984,1,Expiry,0,1.04925114e-12,nan
2054516667155_Node0_Node8_Zero,2056.178637,2057.540984,1,Expiry,0,1.04925114e-12,nan
2054524861372_Node0_Node8_Zero,2056.178637,2057.540984,1,Expiry,0,1.04925114e-12,nan
2054533059463_Node0_Node8_Zero,2056.18052,2057.540984,1,Expiry,0,1.04925114e-12,nan
2054541257619_Node0_Node8_Zero,2056.18052,2057.622951,1,Expiry,0,1.04925114e-12,nan
2054549451841_Node0_Node8_Zero,2056.182523,2057.622951,1,Expiry,0,1.04925114e-12,nan
2054557652286_Node0_Node8_Zero,2056.182523,2057.622951,1,Expiry,0,1.04925114e-12,nan
2054565852388_Node0_Node8_Zero,2056.184425,2057.622951,1,Expiry,0,1.04925114e-12,nan
2054574051592_Node0_Node8_Zero,2056.184425,2057.622951,1,Expiry,0,1.04925114e-12,nan
2054582251164_Node0_Node8_Zero,2056.196383,2057.622951,1,Expiry,0,1.04925114e-12,nan
2054590446656_Node0_Node8_Zero,2056.196383,2057.622951,1,Expiry,0,1.04925114e-12,nan
2054598641583_Node0_Node8_Zero,2056.200403,2057.622951,1,Expiry,0,1.04925114e-12,nan
2054606835015_Node0_Node8_Zero,2056.200403,2057.622951,1,Expiry,0,1.04925114e-12,nan
2054615030914_Node0_Node8_Zero,2056.204262,2057.622951,1,Expiry,0,1.04925114e-12,nan
2054623226516_Node0_Node8_Zero,2056.204262,2057.704918,1,Expiry,0,0,nan
2054631423457_Node0_Node8_Zero,2056.206165,2057.704918,1,Expiry,0,0,nan
2054639615589_Node0_Node8_Zero,2056.206165,2057.704918,1,Expiry,0,0,nan
2054647811974_Node0_Node8_Zero,2056.208047,2057.704918,1,Expiry,0,0,nan
2054656009288_Node0_Node8_Zero,2056.208047,2057.704918,1,Expiry,0,0,nan
2054664204189_Node0_Node8_Zero,2056.20995,2057.704918,1,Expiry,0,0,nan
2054672396279_Node0_Node8_Zero,2056.20995,2057.704918,1,Expiry,0,0,nan
2054680592080_Node0_Node8_Zero,2056.214195,2057.704918,1,Expiry,0,0,nan
2054688791699_Node0_Node8_Zero,2056.214195,2057.704918,1,Expiry,0,0,nan
2054696992940_Node0_Node8_Zero,2056.216038,2057.704918,1,Expiry,0,0,nan
2054705188958_Node0_Node8_Zero,2056.216038,2057.786885,1,Expiry,0,1.04925114e-12,nan
2054713384531_Node0_Node8_Zero,2056.22208,2057.786885,1,Expiry,0,1.04925114e-12,nan
2054721585291_Node0_Node8_Zero,2056.22208,2057.786885,1,Expiry,0,1.04925114e-12,nan
2054729784647_Node0_Node8_Zero,2056.223962,2057.786885,1,Expiry,0,1.04925114e-12,nan
2054737980585_Node0_Node8_Zero,2056.223962,2057.786885,1,Expiry,0,1.04925114e-12,nan
2054746181885_Node0_Node8_Zero,2056.225905,2057.786885,1,Expiry,0,1.04925114e-12,nan
2054754376308_Node0_Node8_Zero,2056.225905,2057.786885,1,Expiry,0,1.04925114e-12,nan
2054762568597_Node0_Node8_Zero,2056.227827,2057.786885,1,Expiry,0,1.04925114e-12,nan
2054770762982_Node0_Node8_Zero,2056.227827,2057.786885,1,Expiry,0,1.04925114e-12,nan
2054778959813_Node0_Node8_Zero,2056.22983,2057.786885,1,Expiry,0,1.04925114e-12,nan
2054787153972_Node0_Node8_Zero,2056.22983,2057.868852,1,Expiry,0,0,nan
2054795348014_Node0_Node8_Zero,2056.236078,2057.868852,1,Expiry,0,0,nan
2054803547117_Node0_Node8_Zero,2056.236078,2057.868852,1,Expiry,0,0,nan
2054811741423_Node0_Node8_Zero,2056.23816,2057.868852,1,Expiry,0,0,nan
2054819935774_Node0_Node8_Zero,2056.23816,2057.868852,1,Expiry,0,0,nan
2054828130052_Node0_Node8_Zero,2056.240083,2057.868852,1,Expiry,0,0,nan
2054836329214_Node0_Node8_Zero,2056.240083,2057.868852,1,Expiry,0,0,nan
2054844524574_Node0_Node8_Zero,2056.246225,2057.868852,1,Expiry,0,0,nan
2054852725699_Node0_Node8_Zero,2056.246225,2057.868852,1,Expiry,0,0,nan
2054860919348_Node0_Node8_Zero,2056.248107,2057.868852,1,Expiry,0,0,nan
2054869112944_Node0_Node8_Zero,2056.248107,2057.95082,1,Expiry,0,0,nan
2054877313539_Node0_Node8_Zero,2056.25001,2057.95082,1,Expiry,0,0,nan
2054885512950_Node0_Node8_Zero,2056.25001,2057.95082,1,Expiry,0,0,nan
2054893711628_Node0_Node8_Zero,2056.251932,2057.95082,1,Expiry,0,0,nan
2054901907861_Node0_Node8_Zero,2056.251932,2057.95082,1,Expiry,0,0,nan
2054910101421_Node0_Node8_Zero,2056.255938,2057.95082,1,Expiry,0,0,nan
2054918294791_Node0_Node8_Zero,2056.255938,2057.95082,1,Expiry,0,0,nan
2054926488656_Node0_Node8_Zero,2056.260117,2057.95082,1,Expiry,0,0,nan
2054934689409_Node0_Node8_Zero,2056.260117,2057.95082,1,Expiry,0,0,nan
2054942884955_Node0_Node8_Zero,2056.26216,2057.95082,1,Expiry,0,0,nan
2054951081373_Node0_Node8_Zero,2056.26216,2058.032787,1,Expiry,0,1.04925114e-12,nan
2054959278561_Node0_Node8_Zero,2056.264062,2058.032787,1,Expiry,0,1.04925114e-12,nan
2054967472011_Node0_Node8_Zero,2056.264062,2058.032787,1,Expiry,0,1.04925114e-12,nan
2054975670144_Node0_Node8_Zero,2056.269898,2058.032787,1,Expiry,0,1.04925114e-12,nan
2054983867883_Node0_Node8_Zero,2056.269898,2058.032787,1,Expiry,0,1.04925114e-12,nan
2054992065876_Node0_Node8_Zero,2056.271841,2058.032787,1,Expiry,0,1.04925114e-12,nan
2055000267109_Node0_Node8_Zero,2056.271841,2058.032787,1,Expiry,0,1.04925114e-12,nan
2055008468182_Node0_Node8_Zero,2056.273844,2058.032787,1,Expiry,0,1.04925114e-12,nan
2055016662673_Node0_Node8_Zero,2056.273844,2058.032787,1,Expiry,0,1.04925114e-12,nan
2055024856949_Node0_Node8_Zero,2056.275686,2058.032787,1,Expiry,0,1.04925114e-12,nan
2055033058060_Node0_Node8_Zero,2056.275686,2058.114754,1,Expiry,0,1.04925114e-12,nan
2055041252494_Node0_Node8_Zero,2056.277669,2058.114754,1,Expiry,0,1.04925114e-12,nan
2055049445305_Node0_Node8_Zero,2056.277669,2058.114754,1,Expiry,0,1.04925114e-12,nan
2055057639431_Node0_Node8_Zero,2056.279511,2058.114754,1,Expiry,0,1.04925114e-12,nan
2055065835427_Node0_Node8_Zero,2056.279511,2058.114754,1,Expiry,0,1.04925114e-12,nan
2055074028802_Node0_Node8_Zero,2056.281354,2058.114754,1,Expiry,0,1.04925114e-12,nan
2055082227195_Node0_Node8_Zero,2056.281354,2058.114754,1,Expiry,0,1.04925114e-12,nan
2055090422265_Node0_Node8_Zero,2056.291135,2058.114754,1,Expiry,0,1.04925114e-12,nan
2055098615514_Node0_Node8_Zero,2056.291135,2058.114754,1,Expiry,0,1.04925114e-12,nan
2055106809482_Node0_Node8_Zero,2056.293038,2058.114754,1,Expiry,0,1.04925114e-12,nan
2055115003019_Node0_Node8_Zero,2056.293038,2058.196721,1,Expiry,0,1.04925114e-12,nan
2055123203309_Node0_Node8_Zero,2056.295,2058.196721,1,Expiry,0,1.04925114e-12,nan
2055131397769_Node0_Node8_Zero,2056.295,2058.196721,1,Expiry,0,1.04925114e-12,nan
2055139591308_Node0_Node8_Zero,2056.296923,2058.196721,1,Expiry,0,1.04925114e-12,nan
2055147785712_Node0_Node8_Zero,2056.296923,2058.196721,1,Expiry,0,1.04925114e-12,nan
2055155980265_Node0_Node8_Zero,2056.306844,2058.196721,1,Expiry,0,1.04925114e-12,nan
2055164178481_Node0_Node8_Zero,2056.306844,2058.196721,1,Expiry,0,1.04925114e-12,nan
2055172378445_Node0_Node8_Zero,2056.308707,2058.196721,1,Expiry,0,1.04925114e-12,nan
2055180570562_Node0_Node8_Zero,2056.308707,2058.196721,1,Expiry,0,1.04925114e-12,nan
2055188767656_Node0_Node8_Zero,2056.314735,2058.196721,1,Expiry,0,1.04925114e-12,nan
2055196962708_Node0_Node8_Zero,2056.314735,2058.278689,1,Expiry,0,1.04925114e-12,nan
2055205159679_Node0_Node8_Zero,2056.316597,2058.278689,1,Expiry,0,1.04925114e-12,nan
2055213355217_Node0_Node8_Zero,2056.316597,2058.278689,1,Expiry,0,1.04925114e-12,nan
2055221556637_Node0_Node8_Zero,2056.320517,2058.278689,1,Expiry,0,1.04925114e-12,nan
2055229749694_Node0_Node8_Zero,2056.320517,2058.278689,1,Expiry,0,1.04925114e-12,nan
2055237947948_Node0_Node8_Zero,2056.322579,2058.278689,1,Expiry,0,1.04925114e-12,nan
2055246141788_Node0_Node8_Zero,2056.322579,2058.278689,1,Expiry,0,1.04925114e-12,nan
2055254337243_Node0_Node8_Zero,2056.326499,2058.278689,1,Expiry,0,1.04925114e-12,nan
2055262534032_Node0_Node8_Zero,2056.326499,2058.278689,1,Expiry,0,1.04925114e-12,nan
2055270725968_Node0_Node8_Zero,2056.328341,2058.278689,1,Expiry,0,1.04925114e-12,nan
2055278919231_Node0_Node8_Zero,2056.328341,2058.360656,1,Expiry,0,0,nan
2055287115424_Node0_Node8_Zero,2056.330344,2058.360656,1,Expiry,0,0,nan
2055295315390_Node0_Node8_Zero,2056.330344,2058.360656,1,Expiry,0,0,nan
2055303509102_Node0_Node8_Zero,2056.332266,2058.360656,1,Expiry,0,0,nan
2055311703730_Node0_Node8_Zero,2056.332266,2058.360656,1,Expiry,0,0,nan
2055319905427_Node0_Node8_Zero,2056.334149,2058.360656,1,Expiry,0,0,nan
2055328105374_Node0_Node8_Zero,2056.334149,2058.360656,1,Expiry,0,0,nan
2055336297149_Node0_Node8_Zero,2056.340057,2058.360656,1,Expiry,0,0,nan
2055344496118_Node0_Node8_Zero,2056.340057,2058.360656,1,Expiry,0,0,nan
2055352695797_Node0_Node8_Zero,2056.341959,2058.360656,1,Expiry,0,0,nan
2055360896195_Node0_Node8_Zero,2056.341959,2058.442623,1,Expiry,0,0,nan
2055369096730_Node0_Node8_Zero,2056.352406,2058.442623,1,Expiry,0,0,nan
2055377297185_Node0_Node8_Zero,2056.352406,2058.442623,1,Expiry,0,0,nan
2055385492153_Node0_Node8_Zero,2056.354329,2058.442623,1,Expiry,0,0,nan
2055393685510_Node0_Node8_Zero,2056.354329,2058.442623,1,Expiry,0,0,nan
2055401877751_Node0_Node8_Zero,2056.360351,2058.442623,1,Expiry,0,0,nan
2055410079331_Node0_Node8_Zero,2056.360351,2058.442623,1,Expiry,0,0,nan
2055418279759_Node0_Node8_Zero,2056.364556,2058.442623,1,Expiry,0,0,nan
2055426477151_Node0_Node8_Zero,2056.364556,2058.442623,1,Expiry,0,0,nan
2055434670877_Node0_Node8_Zero,2056.366379,2058.442623,1,Expiry,0,0,nan
2055442867253_Node0_Node8_Zero,2056.366379,2058.52459,1,Expiry,0,1.04925114e-12,nan
2055451063939_Node0_Node8_Zero,2056.368301,2058.52459,1,Expiry,0,1.04925114e-12,nan
2055459260748_Node0_Node8_Zero,2056.368301,2058.52459,1,Expiry,0,1.04925114e-12,nan
2055467454693_Node0_Node8_Zero,2056.38493,2058.52459,1,Expiry,0,1.04925114e-12,nan
2055475655638_Node0_Node8_Zero,2056.38493,2058.52459,1,Expiry,0,1.04925114e-12,nan
2055483851333_Node0_Node8_Zero,2056.386753,2058.52459,1,Expiry,0,1.04925114e-12,nan
2055492046032_Node0_Node8_Zero,2056.386753,2058.52459,1,Expiry,0,1.04925114e-12,nan
2055500245244_Node0_Node8_Zero,2056.388615,2058.52459,1,Expiry,0,1.04925114e-12,nan
2055508443105_Node0_Node8_Zero,2056.388615,2058.52459,1,Expiry,0,1.04925114e-12,nan
2055516640088_Node0_Node8_Zero,2056.390618,2058.52459,1,Expiry,0,1.04925114e-12,nan
2055524838358_Node0_Node8_Zero,2056.390618,2058.606557,1,Expiry,0,0,nan
2055533036475_Node0_Node8_Zero,2056.39258,2058.606557,1,Expiry,0,0,nan
2055541235387_Node0_Node8_Zero,2056.39258,2058.606557,1,Expiry,0,0,nan
2055549431162_Node0_Node8_Zero,2056.394543,2058.606557,1,Expiry,0,0,nan
2055557628627_Node0_Node8_Zero,2056.394543,2058.606557,1,Expiry,0,0,nan
2055565823493_Node0_Node8_Zero,2056.402648,2058.606557,1,Expiry,0,0,nan
2055574016952_Node0_Node8_Zero,2056.402648,2058.606557,1,Expiry,0,0,nan
2055582212131_Node0_Node8_Zero,2056.40467,2058.606557,1,Expiry,0,0,nan
2055590412399_Node0_Node8_Zero,2056.40467,2058.606557,1,Expiry,0,0,nan
2055598611022_Node0_Node8_Zero,2056.406673,2058.606557,1,Expiry,0,0,nan
2055606812018_Node0_Node8_Zero,2056.406673,2058.688525,1,Expiry,0,0,nan
2055615012477_Node0_Node8_Zero,2056.408655,2058.688525,1,Expiry,0,0,nan
2055623208167_Node0_Node8_Zero,2056.408655,2058.688525,1,Expiry,0,0,nan
2055631405023_Node0_Node8_Zero,2056.410618,2058.688525,1,Expiry,0,0,nan
2055639603588_Node0_Node8_Zero,2056.410618,2058.688525,1,Expiry,0,0,nan
2055647803371_Node0_Node8_Zero,2056.41256,2058.688525,1,Expiry,0,0,nan
2055656003590_Node0_Node8_Zero,2056.41256,2058.688525,1,Expiry,0,0,nan
2055664197305_Node0_Node8_Zero,2056.414423,2058.688525,1,Expiry,0,0,nan
2055672394512_Node0_Node8_Zero,2056.414423,2058.688525,1,Expiry,0,0,nan
2055680590632_Node0_Node8_Zero,2056.416366,2058.688525,1,Expiry,0,0,nan
2055688790274_Node0_Node8_Zero,2056.416366,2058.770492,1,Expiry,0,0,nan
2055696987009_Node0_Node8_Zero,2056.418288,2058.770492,1,Expiry,0,0,nan
2055705186807_Node0_Node8_Zero,2056.418288,2058.770492,1,Expiry,0,0,nan
2055713386166_Node0_Node8_Zero,2056.422313,2058.770492,1,Expiry,0,0,nan
2055721578797_Node0_Node8_Zero,2056.422313,2058.770492,1,Expiry,0,0,nan
2055729777108_Node0_Node8_Zero,2056.424276,2058.770492,1,Expiry,0,0,nan
2055737975361_Node0_Node8_Zero,2056.424276,2058.770492,1,Expiry,0,0,nan
2055746175552_Node0_Node8_Zero,2056.426238,2058.770492,1,Expiry,0,0,nan
2055754376144_Node0_Node8_Zero,2056.426238,2058.770492,1,Expiry,0,0,nan
2055762570944_Node0_Node8_Zero,2056.428221,2058.770492,1,Expiry,0,0,nan
2055770765384_Node0_Node8_Zero,2056.428221,2058.852459,1,Expiry,0,0,nan
2055778961468_Node0_Node8_Zero,2056.430144,2058.852459,1,Expiry,0,0,nan
2055787159439_Node0_Node8_Zero,2056.430144,2058.852459,1,Expiry,0,0,nan
2055795353302_Node0_Node8_Zero,2056.432086,2058.852459,1,Expiry,0,0,nan
2055803553585_Node0_Node8_Zero,2056.432086,2058.852459,1,Expiry,0,0,nan
2055811753453_Node0_Node8_Zero,2056.437928,2058.852459,1,Expiry,0,0,nan
2055819952809_Node0_Node8_Zero,2056.437928,2058.852459,1,Expiry,0,0,nan
2055828148445_Node0_Node8_Zero,2056.441928,2058.852459,1,Expiry,0,0,nan
2055836347109_Node0_Node8_Zero,2056.441928,2058.852459,1,Expiry,0,0,nan
2055844544421_Node0_Node8_Zero,2056.44387,2058.852459,1,Expiry,0,0,nan
2055852738530_Node0_Node8_Zero,2056.44387,2058.934426,1,Expiry,0,0,nan
2055860936529_Node0_Node8_Zero,2056.447915,2058.934426,1,Expiry,0,0,nan
2055869133269_Node0_Node8_Zero,2056.447915,2058.934426,1,Expiry,0,0,nan
2055877328901_Node0_Node8_Zero,2056.449918,2058.934426,1,Expiry,0,0,nan
2055885523822_Node0_Node8_Zero,2056.449918,2058.934426,1,Expiry,0,0,nan
2055893720193_Node0_Node8_Zero,2056.458162,2058.934426,1,Expiry,0,0,nan
2055901914462_Node0_Node8_Zero,2056.458162,2058.934426,1,Expiry,0,0,nan
2055910107112_Node0_Node8_Zero,2056.460045,2058.934426,1,Expiry,0,0,nan
2055918304024_Node0_Node8_Zero,2056.460045,2058.934426,1,Expiry,0,0,nan
2055926499997_Node0_Node8_Zero,2056.461907,2058.934426,1,Expiry,0,0,nan
2055934696692_Node0_Node8_Zero,2056.461907,2059.016393,1,Expiry,0,0,nan
2055942897660_Node0_Node8_Zero,2056.46395,2059.016393,1,Expiry,0,0,nan
2055951093328_Node0_Node8_Zero,2056.46395,2059.016393,1,Expiry,0,0,nan
2055959290792_Node0_Node8_Zero,2056.465933,2059.016393,1,Expiry,0,0,nan
2055967489950_Node0_Node8_Zero,2056.465933,2059.016393,1,Expiry,0,0,nan
2055975689066_Node0_Node8_Zero,2056.467975,2059.016393,1,Expiry,0,0,nan
2055983885501_Node0_Node8_Zero,2056.467975,2059.016393,1,Expiry,0,0,nan
2055992082965_Node0_Node8_Zero,2056.469818,2059.016393,1,Expiry,0,0,nan
2056000275855_Node0_Node8_Zero,2056.469818,2059.016393,1,Expiry,0,0,nan
2056008475946_Node0_Node8_Zero,2056.47164,2059.016393,1,Expiry,0,0,nan
2056016669042_Node0_Node8_Zero,2056.47164,2059.098361,1,Expiry,0,0,nan
2056024863437_Node0_Node8_Zero,2056.473663,2059.098361,1,Expiry,0,0,nan
2056033057458_Node0_Node8_Zero,2056.473663,2059.098361,1,Expiry,0,0,nan
2056041255066_Node0_Node8_Zero,2056.475585,2059.098361,1,Expiry,0,0,nan
2056049449464_Node0_Node8_Zero,2056.475585,2059.098361,1,Expiry,0,0,nan
2056057647774_Node0_Node8_Zero,2056.485847,2059.098361,1,Expiry,0,0,nan
2056065844946_Node0_Node8_Zero,2056.485847,2059.098361,1,Expiry,0,0,nan
2056074038447_Node0_Node8_Zero,2056.487789,2059.098361,1,Expiry,0,0,nan
2056082232924_Node0_Node8_Zero,2056.487789,2059.098361,1,Expiry,0,0,nan
2056090428012_Node0_Node8_Zero,2056.493751,2059.098361,1,Expiry,0,0,nan
2056098626109_Node0_Node8_Zero,2056.493751,2059.180328,1,Expiry,0,0,nan
2056106824669_Node0_Node8_Zero,2056.495734,2059.180328,1,Expiry,0,0,nan
2056115023892_Node0_Node8_Zero,2056.495734,2059.180328,1,Expiry,0,0,nan
2056123222807_Node0_Node8_Zero,2056.497577,2059.180328,1,Expiry,0,0,nan
2056131418399_Node0_Node8_Zero,2056.497577,2059.180328,1,Expiry,0,0,nan
2056139611667_Node0_Node8_Zero,2056.503299,2059.180328,1,Expiry,0,0,nan
2056147810863_Node0_Node8_Zero,2056.503299,2059.180328,1,Expiry,0,0,nan
2056156007758_Node0_Node8_Zero,2056.511609,2059.180328,1,Expiry,0,0,nan
2056164207408_Node0_Node8_Zero,2056.511609,2059.180328,1,Expiry,0,0,nan
2056172406822_Node0_Node8_Zero,2056.513551,2059.180328,1,Expiry,0,0,nan
2056180606768_Node0_Node8_Zero,2056.513551,2059.262295,1,Expiry,0,1.04925114e-12,nan
2056188808288_Node0_Node8_Zero,2056.515534,2059.262295,1,Expiry,0,1.04925114e-12,nan
2056197006150_Node0_Node8_Zero,2056.515534,2059.262295,1,Expiry,0,1.04925114e-12,nan
2056205198171_Node0_Node8_Zero,2056.517396,2059.262295,1,Expiry,0,1.04925114e-12,nan
2056213390525_Node0_Node8_Zero,2056.517396,2059.262295,1,Expiry,0,1.04925114e-12,nan
2056221583836_Node0_Node8_Zero,2056.519239,2059.262295,1,Expiry,0,1.04925114e-12,nan
2056229780168_Node0_Node8_Zero,2056.519239,2059.262295,1,Expiry,0,1.04925114e-12,nan
2056237975142_Node0_Node8_Zero,2056.522944,2059.262295,1,Expiry,0,1.04925114e-12,nan
2056246174980_Node0_Node8_Zero,2056.522944,2059.262295,1,Expiry,0,1.04925114e-12,nan
2056254372762_Node0_Node8_Zero,2056.524927,2059.262295,1,Expiry,0,1.04925114e-12,nan
2056262567141_Node0_Node8_Zero,2056.524927,2059.344262,1,Expiry,0,1.04925114e-12,nan
2056270763128_Node0_Node8_Zero,2056.54123,2059.344262,1,Expiry,0,1.04925114e-12,nan
2056278961349_Node0_Node8_Zero,2056.54123,2059.344262,1,Expiry,0,1.04925114e-12,nan
2056287157148_Node0_Node8_Zero,2056.543213,2059.344262,1,Expiry,0,1.04925114e-12,nan
2056295352394_Node0_Node8_Zero,2056.543213,2059.344262,1,Expiry,0,1.04925114e-12,nan
2056303548481_Node0_Node8_Zero,2056.547392,2059.344262,1,Expiry,0,1.04925114e-12,nan
2056311749010_Node0_Node8_Zero,2056.547392,2059.344262,1,Expiry,0,1.04925114e-12,nan
2056319943669_Node0_Node8_Zero,2056.549215,2059.344262,1,Expiry,0,1.04925114e-12,nan
2056328138458_Node0_Node8_Zero,2056.549215,2059.344262,1,Expiry,0,1.04925114e-12,nan
2056336335223_Node0_Node8_Zero,2056.551157,2059.344262,1,Expiry,0,1.04925114e-12,nan
2056344529180_Node0_Node8_Zero,2056.551157,2059.42623,1,Expiry,0,1.04925114e-12,nan
2056352724370_Node0_Node8_Zero,2056.557185,2059.42623,1,Expiry,0,1.04925114e-12,nan
2056360925552_Node0_Node8_Zero,2056.557185,2059.42623,1,Expiry,0,1.04925114e-12,nan
2056369124173_Node0_Node8_Zero,2056.559308,2059.42623,1,Expiry,0,1.04925114e-12,nan
2056377320045_Node0_Node8_Zero,2056.559308,2059.42623,1,Expiry,0,1.04925114e-12,nan
2056385520885_Node0_Node8_Zero,2056.56125,2059.42623,1,Expiry,0,1.04925114e-12,nan
2056393714414_Node0_Node8_Zero,2056.56125,2059.42623,1,Expiry,0,1.04925114e-12,nan
2056401910148_Node0_Node8_Zero,2056.563313,2059.42623,1,Expiry,0,1.04925114e-12,nan
2056410108145_Node0_Node8_Zero,2056.563313,2059.42623,1,Expiry,0,1.04925114e-12,nan
2056418305068_Node0_Node8_Zero,2056.565135,2059.42623,1,Expiry,0,1.04925114e-12,nan
2056426503904_Node0_Node8_Zero,2056.565135,2059.508197,1,Expiry,0,1.04925114e-12,nan
2056434701932_Node0_Node8_Zero,2056.566978,2059.508197,1,Expiry,0,1.04925114e-12,nan
2056442900810_Node0_Node8_Zero,2056.566978,2059.508197,1,Expiry,0,1.04925114e-12,nan
2056451094528_Node0_Node8_Zero,2056.570897,2059.508197,1,Expiry,0,1.04925114e-12,nan
2056459288811_Node0_Node8_Zero,2056.570897,2059.508197,1,Expiry,0,1.04925114e-12,nan
2056467486710_Node0_Node8_Zero,2056.57272,2059.508197,1,Expiry,0,1.04925114e-12,nan
2056475686564_Node0_Node8_Zero,2056.57272,2059.508197,1,Expiry,0,1.04925114e-12,nan
2056483884256_Node0_Node8_Zero,2056.574842,2059.508197,1,Expiry,0,1.04925114e-12,nan
2056492082444_Node0_Node8_Zero,2056.574842,2059.508197,1,Expiry,0,1.04925114e-12,nan
2056500280740_Node0_Node8_Zero,2056.576745,2059.508197,1,Expiry,0,1.04925114e-12,nan
2056508478594_Node0_Node8_Zero,2056.576745,2059.590164,1,Expiry,0,1.04925114e-12,nan
2056516676900_Node0_Node8_Zero,2056.578567,2059.590164,1,Expiry,0,1.04925114e-12,nan
2056524874752_Node0_Node8_Zero,2056.578567,2059.590164,1,Expiry,0,1.04925114e-12,nan
2056533067245_Node0_Node8_Zero,2056.58051,2059.590164,1,Expiry,0,1.04925114e-12,nan
2056541267159_Node0_Node8_Zero,2056.58051,2059.590164,1,Expiry,0,1.04925114e-12,nan
2056549463263_Node0_Node8_Zero,2056.582473,2059.590164,1,Expiry,0,1.04925114e-12,nan
2056557664394_Node0_Node8_Zero,2056.582473,2059.590164,1,Expiry,0,1.04925114e-12,nan
2056565864401_Node0_Node8_Zero,2056.584415,2059.590164,1,Expiry,0,1.04925114e-12,nan
2056574065475_Node0_Node8_Zero,2056.584415,2059.590164,1,Expiry,0,1.04925114e-12,nan
2056582264120_Node0_Node8_Zero,2056.585458,2059.590164,1,Expiry,0,1.04925114e-12,nan
2056590461349_Node0_Node8_Zero,2056.592947,2059.672131,1,Expiry,0,0,nan
2056598657823_Node0_Node8_Zero,2056.600491,2059.672131,1,Expiry,0,0,nan
2056606858349_Node0_Node8_Zero,2056.608095,2059.672131,1,Expiry,0,0,nan
2056615051577_Node0_Node8_Zero,2056.619798,2059.672131,1,Expiry,0,0,nan
2056623243705_Node0_Node8_Zero,2057.019105,2059.672131,1,Expiry,0,0,nan
2056631439458_Node0_Node8_Zero,2057.389366,2059.672131,1,Expiry,0,0,nan
2056639637120_Node0_Node8_Zero,2057.389366,2059.672131,1,Expiry,0,0,nan
2056647833057_Node0_Node8_Zero,2057.394413,2059.672131,1,Expiry,0,0,nan
2056656026114_Node0_Node8_Zero,2057.394413,2059.672131,1,Expiry,0,0,nan
2056664227137_Node0_Node8_Zero,2057.396235,2059.672131,1,Expiry,0,0,nan
2056672423835_Node0_Node8_Zero,2057.396235,2059.754098,1,Expiry,0,1.04925114e-12,nan
2056680619353_Node0_Node8_Zero,2057.40018,2059.754098,1,Expiry,0,1.04925114e-12,nan
2056688812740_Node0_Node8_Zero,2057.40018,2059.754098,1,Expiry,0,1.04925114e-12,nan
2056697012720_Node0_Node8_Zero,2057.402083,2059.754098,1,Expiry,0,1.04925114e-12,nan
2056705205383_Node0_Node8_Zero,2057.402083,2059.754098,1,Expiry,0,1.04925114e-12,nan
2056713405777_Node0_Node8_Zero,2057.404046,2059.754098,1,Expiry,0,1.04925114e-12,nan
2056721597873_Node0_Node8_Zero,2057.404046,2059.754098,1,Expiry,0,1.04925114e-12,nan
2056729794826_Node0_Node8_Zero,2057.405888,2059.754098,1,Expiry,0,1.04925114e-12,nan
2056737988646_Node0_Node8_Zero,2057.405888,2059.754098,1,Expiry,0,1.04925114e-12,nan
2056746189135_Node0_Node8_Zero,2057.420015,2059.754098,1,Expiry,0,1.04925114e-12,nan
2056754386474_Node0_Node8_Zero,2057.420015,2059.836066,1,Expiry,0,1.04925114e-12,nan
2056762585359_Node0_Node8_Zero,2057.421957,2059.836066,1,Expiry,0,1.04925114e-12,nan
2056770780988_Node0_Node8_Zero,2057.421957,2059.836066,1,Expiry,0,1.04925114e-12,nan
2056778981134_Node0_Node8_Zero,2057.42384,2059.836066,1,Expiry,0,1.04925114e-12,nan
2056787178893_Node0_Node8_Zero,2057.42384,2059.836066,1,Expiry,0,1.04925114e-12,nan
2056795376678_Node0_Node8_Zero,2057.425822,2059.836066,1,Expiry,0,1.04925114e-12,nan
2056803571400_Node0_Node8_Zero,2057.425822,2059.836066,1,Expiry,0,1.04925114e-12,nan
2056811771707_Node0_Node8_Zero,2057.427825,2059.836066,1,Expiry,0,1.04925114e-12,nan
2056819964615_Node0_Node8_Zero,2057.427825,2059.836066,1,Expiry,0,1.04925114e-12,nan
2056828165226_Node0_Node8_Zero,2057.429688,2059.836066,1,Expiry,0,1.04925114e-12,nan
2056836363937_Node0_Node8_Zero,2057.429688,2059.918033,1,Expiry,0,1.04925114e-12,nan
2056844559867_Node0_Node8_Zero,2057.43169,2059.918033,1,Expiry,0,1.04925114e-12,nan
2056852755696_Node0_Node8_Zero,2057.43169,2059.918033,1,Expiry,0,1.04925114e-12,nan
2056860951326_Node0_Node8_Zero,2057.433533,2059.918033,1,Expiry,0,1.04925114e-12,nan
2056869143571_Node0_Node8_Zero,2057.433533,2059.918033,1,Expiry,0,1.04925114e-12,nan
2056877343394_Node0_Node8_Zero,2057.435415,2059.918033,1,Expiry,0,1.04925114e-12,nan
2056885535926_Node0_Node8_Zero,2057.435415,2059.918033,1,Expiry,0,1.04925114e-12,nan
2056893731514_Node0_Node8_Zero,2057.437318,2059.918033,1,Expiry,0,1.04925114e-12,nan
2056901932518_Node0_Node8_Zero,2057.437318,2059.918033,1,Expiry,0,1.04925114e-12,nan
2056910125588_Node0_Node8_Zero,2057.43922,2059.918033,1,Expiry,0,1.04925114e-12,nan
2056918322193_Node0_Node8_Zero,2057.43922,2060.0,1,Expiry,0,1.04925114e-12,nan
2056926517945_Node0_Node8_Zero,2057.441043,2060.0,1,Expiry,0,1.04925114e-12,nan
2056934717368_Node0_Node8_Zero,2057.441043,2060.0,1,Expiry,0,1.04925114e-12,nan
2056942910748_Node0_Node8_Zero,2057.445028,2060.0,1,Expiry,0,1.04925114e-12,nan
2056951105234_Node0_Node8_Zero,2057.445028,2060.0,1,Expiry,0,1.04925114e-12,nan
2056959305868_Node0_Node8_Zero,2057.446931,2060.0,1,Expiry,0,1.04925114e-12,nan
2056967505681_Node0_Node8_Zero,2057.446931,2060.0,1,Expiry,0,1.04925114e-12,nan
2056975703745_Node0_Node8_Zero,2057.448873,2060.0,1,Expiry,0,1.04925114e-12,nan
2056983900409_Node0_Node8_Zero,2057.448873,2060.0,1,Expiry,0,1.04925114e-12,nan
2056992092751_Node0_Node8_Zero,2057.456912,2060.0,1,Expiry,0,1.04925114e-12,nan
2057000285715_Node0_Node8_Zero,2057.456912,2060.081967,1,Expiry,0,1.04925114e-12,nan
2057008478126_Node0_Node8_Zero,2057.460771,2060.081967,1,Expiry,0,1.04925114e-12,nan
2057016678018_Node0_Node8_Zero,2057.460771,2060.081967,1,Expiry,0,1.04925114e-12,nan
2057024872270_Node0_Node8_Zero,2057.462594,2060.081967,1,Expiry,0,1.04925114e-12,nan
2057033071189_Node0_Node8_Zero,2057.462594,2060.081967,1,Expiry,0,1.04925114e-12,nan
2057041264190_Node0_Node8_Zero,2057.464417,2060.081967,1,Expiry,0,1.04925114e-12,nan
2057049465703_Node0_Node8_Zero,2057.464417,2060.081967,1,Expiry,0,1.04925114e-12,nan
2057057662592_Node0_Node8_Zero,2057.466259,2060.081967,1,Expiry,0,1.04925114e-12,nan
2057065860031_Node0_Node8_Zero,2057.466259,2060.081967,1,Expiry,0,1.04925114e-12,nan
2057074052909_Node0_Node8_Zero,2057.468142,2060.081967,1,Expiry,0,1.04925114e-12,nan
2057082253825_Node0_Node8_Zero,2057.468142,2060.163934,1,Expiry,0,1.04925114e-12,nan
2057090449628_Node0_Node8_Zero,2057.469964,2060.163934,1,Expiry,0,1.04925114e-12,nan
2057098642895_Node0_Node8_Zero,2057.469964,2060.163934,1,Expiry,0,1.04925114e-12,nan
2057106844513_Node0_Node8_Zero,2057.471787,2060.163934,1,Expiry,0,1.04925114e-12,nan
2057115040478_Node0_Node8_Zero,2057.471787,2060.163934,1,Expiry,0,1.04925114e-12,nan
2057123239998_Node0_Node8_Zero,2057.473609,2060.163934,1,Expiry,0,1.04925114e-12,nan
2057131433304_Node0_Node8_Zero,2057.473609,2060.163934,1,Expiry,0,1.04925114e-12,nan
2057139628179_Node0_Node8_Zero,2057.483422,2060.163934,1,Expiry,0,1.04925114e-12,nan
2057147820328_Node0_Node8_Zero,2057.483422,2060.163934,1,Expiry,0,1.04925114e-12,nan
2057156020203_Node0_Node8_Zero,2057.485405,2060.163934,1,Expiry,0,1.04925114e-12,nan
2057164220748_Node0_Node8_Zero,2057.485405,2060.245902,1,Expiry,0,0,nan
2057172413164_Node0_Node8_Zero,2057.487347,2060.245902,1,Expiry,0,0,nan
2057180607585_Node0_Node8_Zero,2057.487347,2060.245902,1,Expiry,0,0,nan
2057188807682_Node0_Node8_Zero,2057.48923,2060.245902,1,Expiry,0,0,nan
2057197006675_Node0_Node8_Zero,2057.48923,2060.245902,1,Expiry,0,0,nan
2057205200165_Node0_Node8_Zero,2057.491153,2060.245902,1,Expiry,0,0,nan
2057213400825_Node0_Node8_Zero,2057.491153,2060.245902,1,Expiry,0,0,nan
2057221596524_Node0_Node8_Zero,2057.493155,2060.245902,1,Expiry,0,0,nan
2057229789274_Node0_Node8_Zero,2057.493155,2060.245902,1,Expiry,0,0,nan
2057237987965_Node0_Node8_Zero,2057.515758,2060.245902,1,Expiry,0,0,nan
2057246183927_Node0_Node8_Zero,2057.515758,2060.327869,1,Expiry,0,1.04925114e-12,nan
2057254376516_Node0_Node8_Zero,2057.519857,2060.327869,1,Expiry,0,1.04925114e-12,nan
2057262573756_Node0_Node8_Zero,2057.519857,2060.327869,1,Expiry,0,1.04925114e-12,nan
2057270770691_Node0_Node8_Zero,2057.52188,2060.327869,1,Expiry,0,1.04925114e-12,nan
2057278969768_Node0_Node8_Zero,2057.52188,2060.327869,1,Expiry,0,1.04925114e-12,nan
2057287168713_Node0_Node8_Zero,2057.523882,2060.327869,1,Expiry,0,1.04925114e-12,nan
2057295366574_Node0_Node8_Zero,2057.523882,2060.327869,1,Expiry,0,1.04925114e-12,nan
2057303566216_Node0_Node8_Zero,2057.525785,2060.327869,1,Expiry,0,1.04925114e-12,nan
2057311763178_Node0_Node8_Zero,2057.525785,2060.327869,1,Expiry,0,1.04925114e-12,nan
2057319961718_Node0_Node8_Zero,2057.527827,2060.327869,1,Expiry,0,1.04925114e-12,nan
2057328159784_Node0_Node8_Zero,2057.527827,2060.409836,1,Expiry,0,0,nan
2057336352104_Node0_Node8_Zero,2057.52965,2060.409836,1,Expiry,0,0,nan
2057344545836_Node0_Node8_Zero,2057.52965,2060.409836,1,Expiry,0,0,nan
2057352739612_Node0_Node8_Zero,2057.535498,2060.409836,1,Expiry,0,0,nan
2057360932265_Node0_Node8_Zero,2057.535498,2060.409836,1,Expiry,0,0,nan
2057369133484_Node0_Node8_Zero,2057.5374,2060.409836,1,Expiry,0,0,nan
2057377329374_Node0_Node8_Zero,2057.5374,2060.409836,1,Expiry,0,0,nan
2057385527656_Node0_Node8_Zero,2057.539423,2060.409836,1,Expiry,0,0,nan
2057393725910_Node0_Node8_Zero,2057.539423,2060.409836,1,Expiry,0,0,nan
2057401924567_Node0_Node8_Zero,2057.543322,2060.409836,1,Expiry,0,0,nan
2057410121067_Node0_Node8_Zero,2057.543322,2060.491803,1,Expiry,0,1.04925114e-12,nan
2057418317929_Node0_Node8_Zero,2057.545165,2060.491803,1,Expiry,0,1.04925114e-12,nan
2057426512339_Node0_Node8_Zero,2057.545165,2060.491803,1,Expiry,0,1.04925114e-12,nan
2057434708380_Node0_Node8_Zero,2057.547187,2060.491803,1,Expiry,0,1.04925114e-12,nan
2057442901832_Node0_Node8_Zero,2057.547187,2060.491803,1,Expiry,0,1.04925114e-12,nan
2057451097710_Node0_Node8_Zero,2057.551067,2060.491803,1,Expiry,0,1.04925114e-12,nan
2057459296305_Node0_Node8_Zero,2057.551067,2060.491803,1,Expiry,0,1.04925114e-12,nan
2057467489762_Node0_Node8_Zero,2057.552889,2060.491803,1,Expiry,0,1.04925114e-12,nan
2057475683348_Node0_Node8_Zero,2057.552889,2060.491803,1,Expiry,0,1.04925114e-12,nan
2057483884648_Node0_Node8_Zero,2057.554932,2060.491803,1,Expiry,0,1.04925114e-12,nan
2057492082673_Node0_Node8_Zero,2057.554932,2060.57377,1,Expiry,0,1.04925114e-12,nan
2057500279693_Node0_Node8_Zero,2057.556974,2060.57377,1,Expiry,0,1.04925114e-12,nan
2057508479705_Node0_Node8_Zero,2057.556974,2060.57377,1,Expiry,0,1.04925114e-12,nan
2057516678797_Node0_Node8_Zero,2057.560914,2060.57377,1,Expiry,0,1.04925114e-12,nan
2057524877065_Node0_Node8_Zero,2057.560914,2060.57377,1,Expiry,0,1.04925114e-12,nan
2057533078096_Node0_Node8_Zero,2057.562896,2060.57377,1,Expiry,0,1.04925114e-12,nan
2057541274240_Node0_Node8_Zero,2057.562896,2060.57377,1,Expiry,0,1.04925114e-12,nan
2057549471421_Node0_Node8_Zero,2057.566856,2060.57377,1,Expiry,0,1.04925114e-12,nan
2057557666768_Node0_Node8_Zero,2057.566856,2060.57377,1,Expiry,0,1.04925114e-12,nan
2057565865498_Node0_Node8_Zero,2057.567898,2060.57377,1,Expiry,0,1.04925114e-12,nan
2057574062969_Node0_Node8_Zero,2057.867937,2060.655738,1,Expiry,0,0,nan
2057582257144_Node0_Node8_Zero,2059.352819,2060.655738,1,Expiry,0,0,nan
2057606857366_Node0_Node8_Zero,2059.356481,2060.655738,1,Expiry,0,0,nan
2057615049123_Node0_Node8_Zero,2059.356481,2060.655738,1,Expiry,0,0,nan
2057623249815_Node0_Node8_Zero,2059.368292,2060.655738,1,Expiry,0,0,nan
2057631442573_Node0_Node8_Zero,2059.368292,2060.655738,1,Expiry,0,0,nan
2057639643859_Node0_Node8_Zero,2059.372411,2060.655738,1,Expiry,0,0,nan
2057647841218_Node0_Node8_Zero,2059.372411,2060.655738,1,Expiry,0,0,nan
2057656037152_Node0_Node8_Zero,2059.374234,2060.737705,1,Expiry,0,1.04925114e-12,nan
2057664238457_Node0_Node8_Zero,2059.374234,2060.737705,1,Expiry,0,1.04925114e-12,nan
2057672430778_Node0_Node8_Zero,2059.376196,2060.737705,1,Expiry,0,1.04925114e-12,nan
2057680628625_Node0_Node8_Zero,2059.376196,2060.737705,1,Expiry,0,1.04925114e-12,nan
2057688821932_Node0_Node8_Zero,2059.378179,2060.737705,1,Expiry,0,1.04925114e-12,nan
2057697017041_Node0_Node8_Zero,2059.378179,2060.737705,1,Expiry,0,1.04925114e-12,nan
2057705210602_Node0_Node8_Zero,2059.380181,2060.737705,1,Expiry,0,1.04925114e-12,nan
2057713407430_Node0_Node8_Zero,2059.380181,2060.737705,1,Expiry,0,1.04925114e-12,nan
2057721605471_Node0_Node8_Zero,2059.382184,2060.737705,1,Expiry,0,1.04925114e-12,nan
2057729803954_Node0_Node8_Zero,2059.382184,2060.737705,1,Expiry,0,1.04925114e-12,nan
2057737997980_Node0_Node8_Zero,2059.384027,2060.819672,1,Expiry,0,1.04925114e-12,nan
2057746190855_Node0_Node8_Zero,2059.384027,2060.819672,1,Expiry,0,1.04925114e-12,nan
2057754386388_Node0_Node8_Zero,2059.385849,2060.819672,1,Expiry,0,1.04925114e-12,nan
2057762579964_Node0_Node8_Zero,2059.385849,2060.819672,1,Expiry,0,1.04925114e-12,nan
2057770772953_Node0_Node8_Zero,2059.393894,2060.819672,1,Expiry,0,1.04925114e-12,nan
2057778973603_Node0_Node8_Zero,2059.393894,2060.819672,1,Expiry,0,1.04925114e-12,nan
2057787171400_Node0_Node8_Zero,2059.395896,2060.819672,1,Expiry,0,1.04925114e-12,nan
2057795367677_Node0_Node8_Zero,2059.395896,2060.819672,1,Expiry,0,1.04925114e-12,nan
2057803566331_Node0_Node8_Zero,2059.400141,2060.819672,1,Expiry,0,1.04925114e-12,nan
2057811764787_Node0_Node8_Zero,2059.400141,2060.819672,1,Expiry,0,1.04925114e-12,nan
2057819964704_Node0_Node8_Zero,2059.402044,2060.901639,1,Expiry,0,0,nan
2057828159696_Node0_Node8_Zero,2059.402044,2060.901639,1,Expiry,0,0,nan
2057836360125_Node0_Node8_Zero,2059.403927,2060.901639,1,Expiry,0,0,nan
2057844555638_Node0_Node8_Zero,2059.403927,2060.901639,1,Expiry,0,0,nan
2057852749117_Node0_Node8_Zero,2059.405769,2060.901639,1,Expiry,0,0,nan
2057860946266_Node0_Node8_Zero,2059.405769,2060.901639,1,Expiry,0,0,nan
2057869139552_Node0_Node8_Zero,2059.409629,2060.901639,1,Expiry,0,0,nan
2057877332949_Node0_Node8_Zero,2059.409629,2060.901639,1,Expiry,0,0,nan
2057885526242_Node0_Node8_Zero,2059.411451,2060.901639,1,Expiry,0,0,nan
2057893720887_Node0_Node8_Zero,2059.411451,2060.901639,1,Expiry,0,0,nan
2057901919967_Node0_Node8_Zero,2059.415416,2060.983607,1,Expiry,0,1.04925114e-12,nan
2057910119556_Node0_Node8_Zero,2059.415416,2060.983607,1,Expiry,0,1.04925114e-12,nan
2057918312299_Node0_Node8_Zero,2059.419316,2060.983607,1,Expiry,0,1.04925114e-12,nan
2057926510634_Node0_Node8_Zero,2059.419316,2060.983607,1,Expiry,0,1.04925114e-12,nan
2057934702381_Node0_Node8_Zero,2059.421318,2060.983607,1,Expiry,0,1.04925114e-12,nan
2057942900235_Node0_Node8_Zero,2059.421318,2060.983607,1,Expiry,0,1.04925114e-12,nan
2057951099354_Node0_Node8_Zero,2059.42744,2060.983607,1,Expiry,0,1.04925114e-12,nan
2057959296585_Node0_Node8_Zero,2059.42744,2060.983607,1,Expiry,0,1.04925114e-12,nan
2057967492914_Node0_Node8_Zero,2059.429343,2060.983607,1,Expiry,0,1.04925114e-12,nan
2057975693773_Node0_Node8_Zero,2059.429343,2060.983607,1,Expiry,0,1.04925114e-12,nan
2057983886407_Node0_Node8_Zero,2059.431445,2061.065574,1,Expiry,0,1.04925114e-12,nan
2057992078444_Node0_Node8_Zero,2059.431445,2061.065574,1,Expiry,0,1.04925114e-12,nan
2058000272277_Node0_Node8_Zero,2059.433288,2061.065574,1,Expiry,0,1.04925114e-12,nan
2058008469235_Node0_Node8_Zero,2059.433288,2061.065574,1,Expiry,0,1.04925114e-12,nan
2058016664999_Node0_Node8_Zero,2059.436973,2061.065574,1,Expiry,0,1.04925114e-12,nan
2058024857390_Node0_Node8_Zero,2059.436973,2061.065574,1,Expiry,0,1.04925114e-12,nan
2058033055937_Node0_Node8_Zero,2059.440918,2061.065574,1,Expiry,0,1.04925114e-12,nan
2058041255294_Node0_Node8_Zero,2059.440918,2061.065574,1,Expiry,0,1.04925114e-12,nan
2058049447662_Node0_Node8_Zero,2059.442741,2061.065574,1,Expiry,0,1.04925114e-12,nan
2058057643005_Node0_Node8_Zero,2059.442741,2061.065574,1,Expiry,0,1.04925114e-12,nan
2058065842355_Node0_Node8_Zero,2059.444623,2061.147541,1,Expiry,0,1.04925114e-12,nan
2058074035476_Node0_Node8_Zero,2059.444623,2061.147541,1,Expiry,0,1.04925114e-12,nan
2058082230904_Node0_Node8_Zero,2059.446526,2061.147541,1,Expiry,0,1.04925114e-12,nan
2058090428195_Node0_Node8_Zero,2059.446526,2061.147541,1,Expiry,0,1.04925114e-12,nan
2058098626653_Node0_Node8_Zero,2059.452594,2061.147541,1,Expiry,0,1.04925114e-12,nan
2058106820329_Node0_Node8_Zero,2059.452594,2061.147541,1,Expiry,0,1.04925114e-12,nan
2058115021686_Node0_Node8_Zero,2059.454476,2061.147541,1,Expiry,0,1.04925114e-12,nan
2058123213469_Node0_Node8_Zero,2059.454476,2061.147541,1,Expiry,0,1.04925114e-12,nan
2058131406531_Node0_Node8_Zero,2059.471257,2061.147541,1,Expiry,0,1.04925114e-12,nan
2058139600285_Node0_Node8_Zero,2059.471257,2061.147541,1,Expiry,0,1.04925114e-12,nan
2058147796158_Node0_Node8_Zero,2059.473339,2061.229508,1,Expiry,0,0,nan
2058155988072_Node0_Node8_Zero,2059.473339,2061.229508,1,Expiry,0,0,nan
2058164184353_Node0_Node8_Zero,2059.475342,2061.229508,1,Expiry,0,0,nan
2058172376781_Node0_Node8_Zero,2059.475342,2061.229508,1,Expiry,0,0,nan
2058180568955_Node0_Node8_Zero,2059.477164,2061.229508,1,Expiry,0,0,nan
2058188765913_Node0_Node8_Zero,2059.477164,2061.229508,1,Expiry,0,0,nan
2058196966866_Node0_Node8_Zero,2059.480989,2061.229508,1,Expiry,0,0,nan
2058205166119_Node0_Node8_Zero,2059.480989,2061.229508,1,Expiry,0,0,nan
2058213358511_Node0_Node8_Zero,2059.487206,2061.229508,1,Expiry,0,0,nan
2058221552391_Node0_Node8_Zero,2059.487206,2061.229508,1,Expiry,0,0,nan
2058229752315_Node0_Node8_Zero,2059.489148,2061.311475,1,Expiry,0,0,nan
2058237945370_Node0_Node8_Zero,2059.489148,2061.311475,1,Expiry,0,0,nan
2058246142868_Node0_Node8_Zero,2059.490971,2061.311475,1,Expiry,0,0,nan
2058254343357_Node0_Node8_Zero,2059.490971,2061.311475,1,Expiry,0,0,nan
2058262536990_Node0_Node8_Zero,2059.495096,2061.311475,1,Expiry,0,0,nan
2058270733097_Node0_Node8_Zero,2059.495096,2061.311475,1,Expiry,0,0,nan
2058278927832_Node0_Node8_Zero,2059.496919,2061.311475,1,Expiry,0,0,nan
2058287121162_Node0_Node8_Zero,2059.496919,2061.311475,1,Expiry,0,0,nan
2058295321887_Node0_Node8_Zero,2059.498901,2061.311475,1,Expiry,0,0,nan
2058303521994_Node0_Node8_Zero,2059.498901,2061.311475,1,Expiry,0,0,nan
2058311719346_Node0_Node8_Zero,2059.503086,2061.393443,1,Expiry,0,5.258698200000001e-13,nan
2058319920591_Node0_Node8_Zero,2059.503086,2061.393443,1,Expiry,0,5.258698200000001e-13,nan
2058328113819_Node0_Node8_Zero,2059.504989,2061.393443,1,Expiry,0,5.258698200000001e-13,nan
2058336307720_Node0_Node8_Zero,2059.504989,2061.393443,1,Expiry,0,5.258698200000001e-13,nan
2058344508411_Node0_Node8_Zero,2059.506971,2061.393443,1,Expiry,0,5.258698200000001e-13,nan
2058352701868_Node0_Node8_Zero,2059.506971,2061.393443,1,Expiry,0,5.258698200000001e-13,nan
2058360895673_Node0_Node8_Zero,2059.508934,2061.393443,1,Expiry,0,5.258698200000001e-13,nan
2058369096229_Node0_Node8_Zero,2059.508934,2061.393443,1,Expiry,0,5.258698200000001e-13,nan
2058377295181_Node0_Node8_Zero,2059.510756,2061.393443,1,Expiry,0,5.258698200000001e-13,nan
2058385489538_Node0_Node8_Zero,2059.510756,2061.393443,1,Expiry,0,5.258698200000001e-13,nan
2058393683848_Node0_Node8_Zero,2059.512779,2061.47541,1,Expiry,0,5.258698200000001e-13,nan
2058401878412_Node0_Node8_Zero,2059.512779,2061.47541,1,Expiry,0,5.258698200000001e-13,nan
2058410075726_Node0_Node8_Zero,2059.519021,2061.47541,1,Expiry,0,5.258698200000001e-13,nan
2058418271406_Node0_Node8_Zero,2059.519021,2061.47541,1,Expiry,0,5.258698200000001e-13,nan
2058426467329_Node0_Node8_Zero,2059.5231,2061.47541,1,Expiry,0,5.258698200000001e-13,nan
2058434663359_Node0_Node8_Zero,2059.5231,2061.47541,1,Expiry,0,5.258698200000001e-13,nan
2058442857622_Node0_Node8_Zero,2059.525023,2061.47541,1,Expiry,0,5.258698200000001e-13,nan
2058451056528_Node0_Node8_Zero,2059.525023,2061.47541,1,Expiry,0,5.258698200000001e-13,nan
2058459253357_Node0_Node8_Zero,2059.526906,2061.47541,1,Expiry,0,5.258698200000001e-13,nan
2058467452067_Node0_Node8_Zero,2059.526906,2061.47541,1,Expiry,0,5.258698200000001e-13,nan
2058475652087_Node0_Node8_Zero,2059.528888,2061.557377,1,Expiry,0,5.258698200000001e-13,nan
2058483850924_Node0_Node8_Zero,2059.528888,2061.557377,1,Expiry,0,5.258698200000001e-13,nan
2058492048885_Node0_Node8_Zero,2059.541124,2061.557377,1,Expiry,0,5.258698200000001e-13,nan
2058500242551_Node0_Node8_Zero,2059.541124,2061.557377,1,Expiry,0,5.258698200000001e-13,nan
2058508444002_Node0_Node8_Zero,2059.543026,2061.557377,1,Expiry,0,5.258698200000001e-13,nan
2058516642570_Node0_Node8_Zero,2059.543026,2061.557377,1,Expiry,0,5.258698200000001e-13,nan
2058524841033_Node0_Node8_Zero,2059.545149,2061.557377,1,Expiry,0,5.258698200000001e-13,nan
2058533041259_Node0_Node8_Zero,2059.545149,2061.557377,1,Expiry,0,5.258698200000001e-13,nan
2058541236309_Node0_Node8_Zero,2059.547071,2061.557377,1,Expiry,0,5.258698200000001e-13,nan
2058549437008_Node0_Node8_Zero,2059.547071,2061.557377,1,Expiry,0,5.258698200000001e-13,nan
2058557635506_Node0_Node8_Zero,2059.548894,2061.639344,1,Expiry,0,5.258698200000001e-13,nan
2058565833659_Node0_Node8_Zero,2059.548894,2061.639344,1,Expiry,0,5.258698200000001e-13,nan
2058574029027_Node0_Node8_Zero,2059.552839,2061.639344,1,Expiry,0,5.258698200000001e-13,nan
2058582230505_Node0_Node8_Zero,2059.552839,2061.639344,1,Expiry,0,5.258698200000001e-13,nan
2058590428182_Node0_Node8_Zero,2059.554762,2061.639344,1,Expiry,0,5.258698200000001e-13,nan
2058598627502_Node0_Node8_Zero,2059.554762,2061.639344,1,Expiry,0,5.258698200000001e-13,nan
2058606824474_Node0_Node8_Zero,2059.556804,2061.639344,1,Expiry,0,5.258698200000001e-13,nan
2058615023045_Node0_Node8_Zero,2059.556804,2061.639344,1,Expiry,0,5.258698200000001e-13,nan
2058623216310_Node0_Node8_Zero,2059.558667,2061.639344,1,Expiry,0,5.258698200000001e-13,nan
2058631416355_Node0_Node8_Zero,2059.558667,2061.639344,1,Expiry,0,5.258698200000001e-13,nan
2058639614995_Node0_Node8_Zero,2059.560609,2061.721311,1,Expiry,0,5.258698200000001e-13,nan
2058647809747_Node0_Node8_Zero,2059.560609,2061.721311,1,Expiry,0,5.258698200000001e-13,nan
2058656010625_Node0_Node8_Zero,2059.564494,2061.721311,1,Expiry,0,5.258698200000001e-13,nan
2058664206046_Node0_Node8_Zero,2059.564494,2061.721311,1,Expiry,0,5.258698200000001e-13,nan
2058672403650_Node0_Node8_Zero,2059.574536,2061.721311,1,Expiry,0,5.258698200000001e-13,nan
2058680597699_Node0_Node8_Zero,2059.574536,2061.721311,1,Expiry,0,5.258698200000001e-13,nan
2058688798722_Node0_Node8_Zero,2059.576558,2061.721311,1,Expiry,0,5.258698200000001e-13,nan
2058697000055_Node0_Node8_Zero,2059.576558,2061.721311,1,Expiry,0,5.258698200000001e-13,nan
2058705192275_Node0_Node8_Zero,2059.578661,2061.721311,1,Expiry,0,5.258698200000001e-13,nan
2058713390312_Node0_Node8_Zero,2059.578661,2061.721311,1,Expiry,0,5.258698200000001e-13,nan
2058721586070_Node0_Node8_Zero,2059.580503,2061.803279,1,Expiry,0,5.258698200000001e-13,nan
2058729781620_Node0_Node8_Zero,2059.580503,2061.803279,1,Expiry,0,5.258698200000001e-13,nan
2058737974879_Node0_Node8_Zero,2059.584703,2061.803279,1,Expiry,0,5.258698200000001e-13,nan
2058746176564_Node0_Node8_Zero,2059.584703,2061.803279,1,Expiry,0,5.258698200000001e-13,nan
2058754369390_Node0_Node8_Zero,2059.586765,2061.803279,1,Expiry,0,5.258698200000001e-13,nan
2058762564446_Node0_Node8_Zero,2059.586765,2061.803279,1,Expiry,0,5.258698200000001e-13,nan
2058770760842_Node0_Node8_Zero,2059.588688,2061.803279,1,Expiry,0,5.258698200000001e-13,nan
2058778958389_Node0_Node8_Zero,2059.588688,2061.803279,1,Expiry,0,5.258698200000001e-13,nan
2058787159298_Node0_Node8_Zero,2059.590531,2061.803279,1,Expiry,0,5.258698200000001e-13,nan
2058795359632_Node0_Node8_Zero,2059.590531,2061.803279,1,Expiry,0,5.258698200000001e-13,nan
2058803553459_Node0_Node8_Zero,2059.59453,2061.885246,1,Expiry,0,5.258698200000001e-13,nan
2058811752674_Node0_Node8_Zero,2059.59453,2061.885246,1,Expiry,0,5.258698200000001e-13,nan
2058819944550_Node0_Node8_Zero,2059.596573,2061.885246,1,Expiry,0,5.258698200000001e-13,nan
2058828137773_Node0_Node8_Zero,2059.596573,2061.885246,1,Expiry,0,5.258698200000001e-13,nan
2058836333375_Node0_Node8_Zero,2059.600492,2061.885246,1,Expiry,0,5.258698200000001e-13,nan
2058844526967_Node0_Node8_Zero,2059.600492,2061.885246,1,Expiry,0,5.258698200000001e-13,nan
2058852725007_Node0_Node8_Zero,2059.608517,2061.885246,1,Expiry,0,5.258698200000001e-13,nan
2058860920619_Node0_Node8_Zero,2059.608517,2061.885246,1,Expiry,0,5.258698200000001e-13,nan
2058869116688_Node0_Node8_Zero,2059.610459,2061.885246,1,Expiry,0,5.258698200000001e-13,nan
2058877310417_Node0_Node8_Zero,2059.610459,2061.885246,1,Expiry,0,5.258698200000001e-13,nan
2058885504535_Node0_Node8_Zero,2059.614479,2061.967213,1,Expiry,0,5.258698200000001e-13,nan
2058893704661_Node0_Node8_Zero,2059.614479,2061.967213,1,Expiry,0,5.258698200000001e-13,nan
2058901900542_Node0_Node8_Zero,2059.616401,2061.967213,1,Expiry,0,5.258698200000001e-13,nan
2058910097989_Node0_Node8_Zero,2059.616401,2061.967213,1,Expiry,0,5.258698200000001e-13,nan
2058918290115_Node0_Node8_Zero,2059.620521,2061.967213,1,Expiry,0,5.258698200000001e-13,nan
2058926483528_Node0_Node8_Zero,2059.620521,2061.967213,1,Expiry,0,5.258698200000001e-13,nan
2058934680748_Node0_Node8_Zero,2059.622363,2061.967213,1,Expiry,0,5.258698200000001e-13,nan
2058942877934_Node0_Node8_Zero,2059.622363,2061.967213,1,Expiry,0,5.258698200000001e-13,nan
2058951078254_Node0_Node8_Zero,2059.624206,2061.967213,1,Expiry,0,5.258698200000001e-13,nan
2058959273639_Node0_Node8_Zero,2059.624206,2061.967213,1,Expiry,0,5.258698200000001e-13,nan
2058967471360_Node0_Node8_Zero,2059.626108,2062.04918,1,Expiry,0,0,nan
2058975666785_Node0_Node8_Zero,2059.626108,2062.04918,1,Expiry,0,0,nan
2058983866695_Node0_Node8_Zero,2059.628051,2062.04918,1,Expiry,0,0,nan
2058992067590_Node0_Node8_Zero,2059.628051,2062.04918,1,Expiry,0,0,nan
2059000268546_Node0_Node8_Zero,2059.630093,2062.04918,1,Expiry,0,0,nan
2059008464617_Node0_Node8_Zero,2059.630093,2062.04918,1,Expiry,0,0,nan
2059016659944_Node0_Node8_Zero,2059.636255,2062.04918,1,Expiry,0,0,nan
2059024856574_Node0_Node8_Zero,2059.636255,2062.04918,1,Expiry,0,0,nan
2059033052908_Node0_Node8_Zero,2059.638198,2062.04918,1,Expiry,0,0,nan
2059041247560_Node0_Node8_Zero,2059.638198,2062.04918,1,Expiry,0,0,nan
2059049448324_Node0_Node8_Zero,2059.644546,2062.131148,1,Expiry,0,5.258698200000001e-13,nan
2059057641632_Node0_Node8_Zero,2059.644546,2062.131148,1,Expiry,0,5.258698200000001e-13,nan
2059065838958_Node0_Node8_Zero,2059.646628,2062.131148,1,Expiry,0,5.258698200000001e-13,nan
2059074032462_Node0_Node8_Zero,2059.646628,2062.131148,1,Expiry,0,5.258698200000001e-13,nan
2059082224494_Node0_Node8_Zero,2059.648671,2062.131148,1,Expiry,0,5.258698200000001e-13,nan
2059090425782_Node0_Node8_Zero,2059.648671,2062.131148,1,Expiry,0,5.258698200000001e-13,nan
2059098620995_Node0_Node8_Zero,2059.650493,2062.131148,1,Expiry,0,5.258698200000001e-13,nan
2059106818547_Node0_Node8_Zero,2059.650493,2062.131148,1,Expiry,0,5.258698200000001e-13,nan
2059115011964_Node0_Node8_Zero,2059.652396,2062.131148,1,Expiry,0,5.258698200000001e-13,nan
2059123207756_Node0_Node8_Zero,2059.652396,2062.131148,1,Expiry,0,5.258698200000001e-13,nan
2059131407591_Node0_Node8_Zero,2059.660366,2062.213115,1,Expiry,0,5.258698200000001e-13,nan
2059139603328_Node0_Node8_Zero,2059.660366,2062.213115,1,Expiry,0,5.258698200000001e-13,nan
2059147798988_Node0_Node8_Zero,2059.662209,2062.213115,1,Expiry,0,5.258698200000001e-13,nan
2059155992012_Node0_Node8_Zero,2059.662209,2062.213115,1,Expiry,0,5.258698200000001e-13,nan
2059164188582_Node0_Node8_Zero,2059.664091,2062.213115,1,Expiry,0,5.258698200000001e-13,nan
2059172383402_Node0_Node8_Zero,2059.664091,2062.213115,1,Expiry,0,5.258698200000001e-13,nan
2059180584064_Node0_Node8_Zero,2059.666034,2062.213115,1,Expiry,0,5.258698200000001e-13,nan
2059188779429_Node0_Node8_Zero,2059.666034,2062.213115,1,Expiry,0,5.258698200000001e-13,nan
2059196975507_Node0_Node8_Zero,2059.667976,2062.213115,1,Expiry,0,5.258698200000001e-13,nan
2059205177089_Node0_Node8_Zero,2059.667976,2062.213115,1,Expiry,0,5.258698200000001e-13,nan
2059213375059_Node0_Node8_Zero,2059.670039,2062.295082,1,Expiry,0,5.258698200000001e-13,nan
2059221570794_Node0_Node8_Zero,2059.670039,2062.295082,1,Expiry,0,5.258698200000001e-13,nan
2059229767257_Node0_Node8_Zero,2059.678198,2062.295082,1,Expiry,0,5.258698200000001e-13,nan
2059237961460_Node0_Node8_Zero,2059.678198,2062.295082,1,Expiry,0,5.258698200000001e-13,nan
2059246155803_Node0_Node8_Zero,2059.68016,2062.295082,1,Expiry,0,5.258698200000001e-13,nan
2059254349763_Node0_Node8_Zero,2059.68016,2062.295082,1,Expiry,0,5.258698200000001e-13,nan
2059262543428_Node0_Node8_Zero,2059.682123,2062.295082,1,Expiry,0,5.258698200000001e-13,nan
2059270736148_Node0_Node8_Zero,2059.682123,2062.295082,1,Expiry,0,5.258698200000001e-13,nan
2059278934204_Node0_Node8_Zero,2059.688165,2062.295082,1,Expiry,0,5.258698200000001e-13,nan
2059287132417_Node0_Node8_Zero,2059.688165,2062.295082,1,Expiry,0,5.258698200000001e-13,nan
2059295325899_Node0_Node8_Zero,2059.690268,2062.377049,1,Expiry,0,5.258698200000001e-13,nan
2059303524483_Node0_Node8_Zero,2059.690268,2062.377049,1,Expiry,0,5.258698200000001e-13,nan
2059311718684_Node0_Node8_Zero,2059.694187,2062.377049,1,Expiry,0,5.258698200000001e-13,nan
2059319917601_Node0_Node8_Zero,2059.694187,2062.377049,1,Expiry,0,5.258698200000001e-13,nan
2059328112756_Node0_Node8_Zero,2059.69607,2062.377049,1,Expiry,0,5.258698200000001e-13,nan
2059336312068_Node0_Node8_Zero,2059.69607,2062.377049,1,Expiry,0,5.258698200000001e-13,nan
2059344506527_Node0_Node8_Zero,2059.698012,2062.377049,1,Expiry,0,5.258698200000001e-13,nan
2059352704521_Node0_Node8_Zero,2059.698012,2062.377049,1,Expiry,0,5.258698200000001e-13,nan
2059360901185_Node0_Node8_Zero,2059.701992,2062.377049,1,Expiry,0,5.258698200000001e-13,nan
2059369102844_Node0_Node8_Zero,2059.701992,2062.377049,1,Expiry,0,5.258698200000001e-13,nan
2059377298434_Node0_Node8_Zero,2059.703954,2062.459016,1,Expiry,0,0,nan
2059385499283_Node0_Node8_Zero,2059.703954,2062.459016,1,Expiry,0,0,nan
2059393693205_Node0_Node8_Zero,2059.705817,2062.459016,1,Expiry,0,0,nan
2059401889237_Node0_Node8_Zero,2059.705817,2062.459016,1,Expiry,0,0,nan
2059410085374_Node0_Node8_Zero,2059.707719,2062.459016,1,Expiry,0,0,nan
2059418282818_Node0_Node8_Zero,2059.707719,2062.459016,1,Expiry,0,0,nan
2059426475476_Node0_Node8_Zero,2059.711619,2062.459016,1,Expiry,0,0,nan
2059434673488_Node0_Node8_Zero,2059.711619,2062.459016,1,Expiry,0,0,nan
2059442871321_Node0_Node8_Zero,2059.713601,2062.459016,1,Expiry,0,0,nan
2059451065685_Node0_Node8_Zero,2059.713601,2062.459016,1,Expiry,0,0,nan
2059459265606_Node0_Node8_Zero,2059.715464,2062.540984,1,Expiry,0,5.258698200000001e-13,nan
2059467463144_Node0_Node8_Zero,2059.715464,2062.540984,1,Expiry,0,5.258698200000001e-13,nan
2059475661933_Node0_Node8_Zero,2059.717306,2062.540984,1,Expiry,0,5.258698200000001e-13,nan
2059483859196_Node0_Node8_Zero,2059.717306,2062.540984,1,Expiry,0,5.258698200000001e-13,nan
2059492056858_Node0_Node8_Zero,2059.719149,2062.540984,1,Expiry,0,5.258698200000001e-13,nan
2059500253074_Node0_Node8_Zero,2059.719149,2062.540984,1,Expiry,0,5.258698200000001e-13,nan
2059508447662_Node0_Node8_Zero,2059.733561,2062.540984,1,Expiry,0,5.258698200000001e-13,nan
2059516641309_Node0_Node8_Zero,2059.733561,2062.540984,1,Expiry,0,5.258698200000001e-13,nan
2059524839887_Node0_Node8_Zero,2059.735384,2062.540984,1,Expiry,0,5.258698200000001e-13,nan
2059533036956_Node0_Node8_Zero,2059.735384,2062.540984,1,Expiry,0,5.258698200000001e-13,nan
2059541238650_Node0_Node8_Zero,2059.737286,2062.622951,1,Expiry,0,1.04925114e-12,nan
2059549440137_Node0_Node8_Zero,2059.737286,2062.622951,1,Expiry,0,1.04925114e-12,nan
2059557636116_Node0_Node8_Zero,2059.739249,2062.622951,1,Expiry,0,1.04925114e-12,nan
2059565836108_Node0_Node8_Zero,2059.739249,2062.622951,1,Expiry,0,1.04925114e-12,nan
2059574030711_Node0_Node8_Zero,2059.741071,2062.622951,1,Expiry,0,1.04925114e-12,nan
2059582231653_Node0_Node8_Zero,2059.741071,2062.622951,1,Expiry,0,1.04925114e-12,nan
2059590429192_Node0_Node8_Zero,2059.744997,2062.622951,1,Expiry,0,1.04925114e-12,nan
2059598622752_Node0_Node8_Zero,2059.744997,2062.622951,1,Expiry,0,1.04925114e-12,nan
2059606821593_Node0_Node8_Zero,2059.746899,2062.622951,1,Expiry,0,1.04925114e-12,nan
2059615022109_Node0_Node8_Zero,2059.746899,2062.622951,1,Expiry,0,1.04925114e-12,nan
2059623215028_Node0_Node8_Zero,2059.751004,2062.704918,1,Expiry,0,5.258698200000001e-13,nan
2059631407331_Node0_Node8_Zero,2059.751004,2062.704918,1,Expiry,0,5.258698200000001e-13,nan
2059639608199_Node0_Node8_Zero,2059.752867,2062.704918,1,Expiry,0,5.258698200000001e-13,nan
2059647807493_Node0_Node8_Zero,2059.752867,2062.704918,1,Expiry,0,5.258698200000001e-13,nan
2059656008102_Node0_Node8_Zero,2059.756866,2062.704918,1,Expiry,0,5.258698200000001e-13,nan
2059664203678_Node0_Node8_Zero,2059.756866,2062.704918,1,Expiry,0,5.258698200000001e-13,nan
2059672399140_Node0_Node8_Zero,2059.758869,2062.704918,1,Expiry,0,5.258698200000001e-13,nan
2059680592748_Node0_Node8_Zero,2059.758869,2062.704918,1,Expiry,0,5.258698200000001e-13,nan
2059688784512_Node0_Node8_Zero,2059.760871,2062.704918,1,Expiry,0,5.258698200000001e-13,nan
2059696982609_Node0_Node8_Zero,2059.760871,2062.704918,1,Expiry,0,5.258698200000001e-13,nan
2059705177767_Node0_Node8_Zero,2059.762714,2062.786885,1,Expiry,0,1.04925114e-12,nan
2059713372322_Node0_Node8_Zero,2059.762714,2062.786885,1,Expiry,0,1.04925114e-12,nan
2059721573292_Node0_Node8_Zero,2059.764656,2062.786885,1,Expiry,0,1.04925114e-12,nan
2059729770520_Node0_Node8_Zero,2059.764656,2062.786885,1,Expiry,0,1.04925114e-12,nan
2059737970399_Node0_Node8_Zero,2059.766539,2062.786885,1,Expiry,0,1.04925114e-12,nan
2059746163846_Node0_Node8_Zero,2059.766539,2062.786885,1,Expiry,0,1.04925114e-12,nan
2059754360439_Node0_Node8_Zero,2059.774458,2062.786885,1,Expiry,0,1.04925114e-12,nan
2059762553621_Node0_Node8_Zero,2059.774458,2062.786885,1,Expiry,0,1.04925114e-12,nan
2059770748057_Node0_Node8_Zero,2059.77556,2062.786885,1,Expiry,0,1.04925114e-12,nan
2059778940417_Node0_Node8_Zero,2059.782844,2062.786885,1,Expiry,0,1.04925114e-12,nan
2059787137597_Node0_Node8_Zero,2060.491808,2062.868852,1,Expiry,0,0,nan
2059795329780_Node0_Node8_Zero,2061.112926,2062.868852,1,Expiry,0,0,nan
2059803530588_Node0_Node8_Zero,2061.112926,2062.868852,1,Expiry,0,0,nan
2059811724727_Node0_Node8_Zero,2061.117893,2062.868852,1,Expiry,0,0,nan
2059819916959_Node0_Node8_Zero,2061.117893,2062.868852,1,Expiry,0,0,nan
2059828110645_Node0_Node8_Zero,2061.119935,2062.868852,1,Expiry,0,0,nan
2059836308564_Node0_Node8_Zero,2061.119935,2062.868852,1,Expiry,0,0,nan
2059844502965_Node0_Node8_Zero,2061.123815,2062.868852,1,Expiry,0,0,nan
2059852696417_Node0_Node8_Zero,2061.123815,2062.868852,1,Expiry,0,0,nan
2059860888774_Node0_Node8_Zero,2061.127774,2062.868852,1,Expiry,0,0,nan
2059869085664_Node0_Node8_Zero,2061.127774,2062.95082,1,Expiry,0,5.258698200000001e-13,nan
2059877286061_Node0_Node8_Zero,2061.129717,2062.95082,1,Expiry,0,5.258698200000001e-13,nan
2059885486846_Node0_Node8_Zero,2061.129717,2062.95082,1,Expiry,0,5.258698200000001e-13,nan
2059893688392_Node0_Node8_Zero,2061.133496,2062.95082,1,Expiry,0,5.258698200000001e-13,nan
2059901887317_Node0_Node8_Zero,2061.133496,2062.95082,1,Expiry,0,5.258698200000001e-13,nan
2059910086216_Node0_Node8_Zero,2061.139724,2062.95082,1,Expiry,0,5.258698200000001e-13,nan
2059918283416_Node0_Node8_Zero,2061.139724,2062.95082,1,Expiry,0,5.258698200000001e-13,nan
2059926475442_Node0_Node8_Zero,2061.147577,2062.95082,1,Expiry,0,5.258698200000001e-13,nan
2059934670243_Node0_Node8_Zero,2061.147577,2062.95082,1,Expiry,0,5.258698200000001e-13,nan
2059942864169_Node0_Node8_Zero,2061.14968,2062.95082,1,Expiry,0,5.258698200000001e-13,nan
2059951061709_Node0_Node8_Zero,2061.14968,2063.032787,1,Expiry,0,0,nan
2059959255478_Node0_Node8_Zero,2061.151562,2063.032787,1,Expiry,0,0,nan
2059967451416_Node0_Node8_Zero,2061.151562,2063.032787,1,Expiry,0,0,nan
2059975647681_Node0_Node8_Zero,2061.153585,2063.032787,1,Expiry,0,0,nan
2059983847118_Node0_Node8_Zero,2061.153585,2063.032787,1,Expiry,0,0,nan
2059992044234_Node0_Node8_Zero,2061.155627,2063.032787,1,Expiry,0,0,nan
2060000242008_Node0_Node8_Zero,2061.155627,2063.032787,1,Expiry,0,0,nan
2060008437038_Node0_Node8_Zero,2061.15747,2063.032787,1,Expiry,0,0,nan
2060016631547_Node0_Node8_Zero,2061.15747,2063.032787,1,Expiry,0,0,nan
2060024827076_Node0_Node8_Zero,2061.159372,2063.032787,1,Expiry,0,0,nan
2060033027757_Node0_Node8_Zero,2061.159372,2063.114754,1,Expiry,0,1.04925114e-12,nan
2060041228424_Node0_Node8_Zero,2061.16556,2063.114754,1,Expiry,0,1.04925114e-12,nan
2060049429684_Node0_Node8_Zero,2061.16556,2063.114754,1,Expiry,0,1.04925114e-12,nan
2060057622317_Node0_Node8_Zero,2061.173825,2063.114754,1,Expiry,0,1.04925114e-12,nan
2060065822292_Node0_Node8_Zero,2061.173825,2063.114754,1,Expiry,0,1.04925114e-12,nan
2060074015178_Node0_Node8_Zero,2061.175727,2063.114754,1,Expiry,0,1.04925114e-12,nan
2060082216855_Node0_Node8_Zero,2061.175727,2063.114754,1,Expiry,0,1.04925114e-12,nan
2060090411290_Node0_Node8_Zero,2061.17771,2063.114754,1,Expiry,0,1.04925114e-12,nan
2060098608831_Node0_Node8_Zero,2061.17771,2063.114754,1,Expiry,0,1.04925114e-12,nan
2060106807891_Node0_Node8_Zero,2061.181549,2063.114754,1,Expiry,0,1.04925114e-12,nan
2060115000499_Node0_Node8_Zero,2061.181549,2063.196721,1,Expiry,0,0,nan
2060123192307_Node0_Node8_Zero,2061.183452,2063.196721,1,Expiry,0,0,nan
2060131390800_Node0_Node8_Zero,2061.183452,2063.196721,1,Expiry,0,0,nan
2060139587170_Node0_Node8_Zero,2061.187357,2063.196721,1,Expiry,0,0,nan
2060147782968_Node0_Node8_Zero,2061.187357,2063.196721,1,Expiry,0,0,nan
2060155978157_Node0_Node8_Zero,2061.191236,2063.196721,1,Expiry,0,0,nan
2060164174650_Node0_Node8_Zero,2061.191236,2063.196721,1,Expiry,0,0,nan
2060172375645_Node0_Node8_Zero,2061.197238,2063.196721,1,Expiry,0,0,nan
2060180571018_Node0_Node8_Zero,2061.197238,2063.196721,1,Expiry,0,0,nan
2060188767989_Node0_Node8_Zero,2061.199081,2063.196721,1,Expiry,0,0,nan
2060196960550_Node0_Node8_Zero,2061.199081,2063.278689,1,Expiry,0,5.258698200000001e-13,nan
2060205160691_Node0_Node8_Zero,2061.20308,2063.278689,1,Expiry,0,5.258698200000001e-13,nan
2060213353275_Node0_Node8_Zero,2061.20308,2063.278689,1,Expiry,0,5.258698200000001e-13,nan
2060221549677_Node0_Node8_Zero,2061.205163,2063.278689,1,Expiry,0,5.258698200000001e-13,nan
2060229747850_Node0_Node8_Zero,2061.209049,2063.278689,1,Expiry,0,5.258698200000001e-13,nan
2060237944190_Node0_Node8_Zero,2061.210909,2063.278689,1,Expiry,0,5.258698200000001e-13,nan
2060246143596_Node0_Node8_Zero,2061.215028,2063.278689,1,Expiry,0,5.258698200000001e-13,nan
2060254336808_Node0_Node8_Zero,2061.221157,2063.278689,1,Expiry,0,5.258698200000001e-13,nan
2060262534404_Node0_Node8_Zero,2061.225244,2063.278689,1,Expiry,0,5.258698200000001e-13,nan
2060270733372_Node0_Node8_Zero,2061.227304,2063.278689,1,Expiry,0,5.258698200000001e-13,nan
2060278930528_Node0_Node8_Zero,2061.229203,2063.360656,1,Expiry,0,5.258698200000001e-13,nan
2060287124193_Node0_Node8_Zero,2061.237711,2063.360656,1,Expiry,0,5.258698200000001e-13,nan
2060295322356_Node0_Node8_Zero,2061.23961,2063.360656,1,Expiry,0,5.258698200000001e-13,nan
2060303515774_Node0_Node8_Zero,2061.24161,2063.360656,1,Expiry,0,5.258698200000001e-13,nan
2060311713560_Node0_Node8_Zero,2061.24365,2063.360656,1,Expiry,0,5.258698200000001e-13,nan
2060319909577_Node0_Node8_Zero,2061.247869,2063.360656,1,Expiry,0,5.258698200000001e-13,nan
2060328110063_Node0_Node8_Zero,2061.249969,2063.360656,1,Expiry,0,5.258698200000001e-13,nan
2060336301787_Node0_Node8_Zero,2061.251908,2063.360656,1,Expiry,0,5.258698200000001e-13,nan
2060344493748_Node0_Node8_Zero,2061.253808,2063.360656,1,Expiry,0,5.258698200000001e-13,nan
2060352691247_Node0_Node8_Zero,2061.255808,2063.360656,1,Expiry,0,5.258698200000001e-13,nan
2060360885422_Node0_Node8_Zero,2061.261947,2063.442623,1,Expiry,0,5.258698200000001e-13,nan
2060369079770_Node0_Node8_Zero,2061.268093,2063.442623,1,Expiry,0,5.258698200000001e-13,nan
2060377280438_Node0_Node8_Zero,2061.272039,2063.442623,1,Expiry,0,5.258698200000001e-13,nan
2060385473333_Node0_Node8_Zero,2061.275986,2063.442623,1,Expiry,0,5.258698200000001e-13,nan
2060393667422_Node0_Node8_Zero,2061.277865,2063.442623,1,Expiry,0,5.258698200000001e-13,nan
2060401868363_Node0_Node8_Zero,2061.285671,2063.442623,1,Expiry,0,5.258698200000001e-13,nan
2060410067117_Node0_Node8_Zero,2061.287791,2063.442623,1,Expiry,0,5.258698200000001e-13,nan
2060418264197_Node0_Node8_Zero,2061.289871,2063.442623,1,Expiry,0,5.258698200000001e-13,nan
2060426465306_Node0_Node8_Zero,2061.29183,2063.442623,1,Expiry,0,5.258698200000001e-13,nan
2060434665854_Node0_Node8_Zero,2061.29383,2063.442623,1,Expiry,0,5.258698200000001e-13,nan
2060442867008_Node0_Node8_Zero,2061.29569,2063.52459,1,Expiry,0,5.258698200000001e-13,nan
2060451066550_Node0_Node8_Zero,2061.297629,2063.52459,1,Expiry,0,5.258698200000001e-13,nan
2060459267070_Node0_Node8_Zero,2061.301808,2063.52459,1,Expiry,0,5.258698200000001e-13,nan
2060467460877_Node0_Node8_Zero,2061.303668,2063.52459,1,Expiry,0,5.258698200000001e-13,nan
2060475661977_Node0_Node8_Zero,2061.307615,2063.52459,1,Expiry,0,5.258698200000001e-13,nan
2060483854685_Node0_Node8_Zero,2061.309474,2063.52459,1,Expiry,0,5.258698200000001e-13,nan
2060492054083_Node0_Node8_Zero,2061.313521,2063.52459,1,Expiry,0,5.258698200000001e-13,nan
2060500255610_Node0_Node8_Zero,2061.31558,2063.52459,1,Expiry,0,5.258698200000001e-13,nan
2060508453067_Node0_Node8_Zero,2061.31742,2063.52459,1,Expiry,0,5.258698200000001e-13,nan
2060516649251_Node0_Node8_Zero,2061.321439,2063.52459,1,Expiry,0,5.258698200000001e-13,nan
2060524844358_Node0_Node8_Zero,2061.323459,2063.606557,1,Expiry,0,1.04925114e-12,nan
2060533043237_Node0_Node8_Zero,2061.327698,2063.606557,1,Expiry,0,1.04925114e-12,nan
2060541240326_Node0_Node8_Zero,2061.329738,2063.606557,1,Expiry,0,1.04925114e-12,nan
2060549440563_Node0_Node8_Zero,2061.331818,2063.606557,1,Expiry,0,1.04925114e-12,nan
2060557638749_Node0_Node8_Zero,2061.333657,2063.606557,1,Expiry,0,1.04925114e-12,nan
2060565832516_Node0_Node8_Zero,2061.337717,2063.606557,1,Expiry,0,1.04925114e-12,nan
2060574033396_Node0_Node8_Zero,2061.339736,2063.606557,1,Expiry,0,1.04925114e-12,nan
2060582233167_Node0_Node8_Zero,2061.341616,2063.606557,1,Expiry,0,1.04925114e-12,nan
2060590432182_Node0_Node8_Zero,2061.343696,2063.606557,1,Expiry,0,1.04925114e-12,nan
2060598626140_Node0_Node8_Zero,2061.350115,2063.606557,1,Expiry,0,1.04925114e-12,nan
2060606826789_Node0_Node8_Zero,2061.351994,2063.688525,1,Expiry,0,1.04925114e-12,nan
2060615021295_Node0_Node8_Zero,2061.353914,2063.688525,1,Expiry,0,1.04925114e-12,nan
2060623222350_Node0_Node8_Zero,2061.355974,2063.688525,1,Expiry,0,1.04925114e-12,nan
2060631420060_Node0_Node8_Zero,2061.358073,2063.688525,1,Expiry,0,1.04925114e-12,nan
2060639613349_Node0_Node8_Zero,2061.360073,2063.688525,1,Expiry,0,1.04925114e-12,nan
2060647805152_Node0_Node8_Zero,2061.365786,2063.688525,1,Expiry,0,1.04925114e-12,nan
2060656000183_Node0_Node8_Zero,2061.369573,2063.688525,1,Expiry,0,1.04925114e-12,nan
2060664198096_Node0_Node8_Zero,2061.371412,2063.688525,1,Expiry,0,1.04925114e-12,nan
2060672393455_Node0_Node8_Zero,2061.377359,2063.688525,1,Expiry,0,1.04925114e-12,nan
2060680586561_Node0_Node8_Zero,2061.379358,2063.688525,1,Expiry,0,1.04925114e-12,nan
2060688784899_Node0_Node8_Zero,2061.385577,2063.770492,1,Expiry,0,5.258698200000001e-13,nan
2060696979554_Node0_Node8_Zero,2061.387497,2063.770492,1,Expiry,0,5.258698200000001e-13,nan
2060705174746_Node0_Node8_Zero,2061.391583,2063.770492,1,Expiry,0,5.258698200000001e-13,nan
2060713375032_Node0_Node8_Zero,2061.393463,2063.770492,1,Expiry,0,5.258698200000001e-13,nan
2060721568152_Node0_Node8_Zero,2061.395323,2063.770492,1,Expiry,0,5.258698200000001e-13,nan
2060729765173_Node0_Node8_Zero,2061.397282,2063.770492,1,Expiry,0,5.258698200000001e-13,nan
2060737961945_Node0_Node8_Zero,2061.405368,2063.770492,1,Expiry,0,5.258698200000001e-13,nan
2060746159705_Node0_Node8_Zero,2061.407468,2063.770492,1,Expiry,0,5.258698200000001e-13,nan
2060754361264_Node0_Node8_Zero,2061.411594,2063.770492,1,Expiry,0,5.258698200000001e-13,nan
2060762555430_Node0_Node8_Zero,2061.413454,2063.770492,1,Expiry,0,5.258698200000001e-13,nan
2060770752302_Node0_Node8_Zero,2061.415354,2063.852459,1,Expiry,0,5.258698200000001e-13,nan
2060778950735_Node0_Node8_Zero,2061.417453,2063.852459,1,Expiry,0,5.258698200000001e-13,nan
2060787152098_Node0_Node8_Zero,2061.419533,2063.852459,1,Expiry,0,5.258698200000001e-13,nan
2060795351843_Node0_Node8_Zero,2061.421513,2063.852459,1,Expiry,0,5.258698200000001e-13,nan
2060803552383_Node0_Node8_Zero,2061.425572,2063.852459,1,Expiry,0,5.258698200000001e-13,nan
2060811751876_Node0_Node8_Zero,2061.427452,2063.852459,1,Expiry,0,5.258698200000001e-13,nan
2060819951893_Node0_Node8_Zero,2061.429551,2063.852459,1,Expiry,0,5.258698200000001e-13,nan
2060828144393_Node0_Node8_Zero,2061.431591,2063.852459,1,Expiry,0,5.258698200000001e-13,nan
2060836337323_Node0_Node8_Zero,2061.437717,2063.852459,1,Expiry,0,5.258698200000001e-13,nan
2060844536311_Node0_Node8_Zero,2061.441844,2063.852459,1,Expiry,0,5.258698200000001e-13,nan
2060852735506_Node0_Node8_Zero,2061.44597,2063.934426,1,Expiry,0,1.04925114e-12,nan
2060860932337_Node0_Node8_Zero,2061.44793,2063.934426,1,Expiry,0,1.04925114e-12,nan
2060869130591_Node0_Node8_Zero,2061.451956,2063.934426,1,Expiry,0,1.04925114e-12,nan
2060877328122_Node0_Node8_Zero,2061.455783,2063.934426,1,Expiry,0,1.04925114e-12,nan
2060885522117_Node0_Node8_Zero,2061.457723,2063.934426,1,Expiry,0,1.04925114e-12,nan
2060893721541_Node0_Node8_Zero,2061.459662,2063.934426,1,Expiry,0,1.04925114e-12,nan
2060901923053_Node0_Node8_Zero,2061.461562,2063.934426,1,Expiry,0,1.04925114e-12,nan
2060910119134_Node0_Node8_Zero,2061.463462,2063.934426,1,Expiry,0,1.04925114e-12,nan
2060918316335_Node0_Node8_Zero,2061.465581,2063.934426,1,Expiry,0,1.04925114e-12,nan
2060926517374_Node0_Node8_Zero,2061.467621,2063.934426,1,Expiry,0,1.04925114e-12,nan
2060934710165_Node0_Node8_Zero,2061.46972,2064.016393,1,Expiry,0,1.04925114e-12,nan
2060942904570_Node0_Node8_Zero,2061.475574,2064.016393,1,Expiry,0,1.04925114e-12,nan
2060951099390_Node0_Node8_Zero,2061.48176,2064.016393,1,Expiry,0,1.04925114e-12,nan
2060959293516_Node0_Node8_Zero,2061.4836,2064.016393,1,Expiry,0,1.04925114e-12,nan
2060967486436_Node0_Node8_Zero,2061.485439,2064.016393,1,Expiry,0,1.04925114e-12,nan
2060975680226_Node0_Node8_Zero,2061.487339,2064.016393,1,Expiry,0,1.04925114e-12,nan
2060983873285_Node0_Node8_Zero,2061.491538,2064.016393,1,Expiry,0,1.04925114e-12,nan
2060992066808_Node0_Node8_Zero,2061.493618,2064.016393,1,Expiry,0,1.04925114e-12,nan
2061000262340_Node0_Node8_Zero,2061.495538,2064.016393,1,Expiry,0,1.04925114e-12,nan
2061008463166_Node0_Node8_Zero,2061.497617,2064.016393,1,Expiry,0,1.04925114e-12,nan
2061016662288_Node0_Node8_Zero,2061.499537,2064.098361,1,Expiry,0,5.258698200000001e-13,nan
2061024857875_Node0_Node8_Zero,2061.503756,2064.098361,1,Expiry,0,5.258698200000001e-13,nan
2061033056716_Node0_Node8_Zero,2061.505636,2064.098361,1,Expiry,0,5.258698200000001e-13,nan
2061041256897_Node0_Node8_Zero,2061.507636,2064.098361,1,Expiry,0,5.258698200000001e-13,nan
2061049454458_Node0_Node8_Zero,2061.509515,2064.098361,1,Expiry,0,5.258698200000001e-13,nan
2061057652948_Node0_Node8_Zero,2061.511375,2064.098361,1,Expiry,0,5.258698200000001e-13,nan
2061065854105_Node0_Node8_Zero,2061.513235,2064.098361,1,Expiry,0,5.258698200000001e-13,nan
2061074053481_Node0_Node8_Zero,2061.521273,2064.098361,1,Expiry,0,5.258698200000001e-13,nan
2061082251301_Node0_Node8_Zero,2061.52516,2064.098361,1,Expiry,0,5.258698200000001e-13,nan
2061090451608_Node0_Node8_Zero,2061.529186,2064.098361,1,Expiry,0,5.258698200000001e-13,nan
2061098645100_Node0_Node8_Zero,2061.531326,2064.180328,1,Expiry,0,5.258698200000001e-13,nan
2061106839695_Node0_Node8_Zero,2061.533186,2064.180328,1,Expiry,0,5.258698200000001e-13,nan
2061115033380_Node0_Node8_Zero,2061.537212,2064.180328,1,Expiry,0,5.258698200000001e-13,nan
2061123233146_Node0_Node8_Zero,2061.539172,2064.180328,1,Expiry,0,5.258698200000001e-13,nan
2061131427275_Node0_Node8_Zero,2061.545198,2064.180328,1,Expiry,0,5.258698200000001e-13,nan
2061139620681_Node0_Node8_Zero,2061.547178,2064.180328,1,Expiry,0,5.258698200000001e-13,nan
2061147819805_Node0_Node8_Zero,2061.549197,2064.180328,1,Expiry,0,5.258698200000001e-13,nan
2061156011649_Node0_Node8_Zero,2061.553237,2064.180328,1,Expiry,0,5.258698200000001e-13,nan
2061164207858_Node0_Node8_Zero,2061.555076,2064.180328,1,Expiry,0,5.258698200000001e-13,nan
2061172403691_Node0_Node8_Zero,2061.557056,2064.180328,1,Expiry,0,5.258698200000001e-13,nan
2061180603527_Node0_Node8_Zero,2061.561115,2064.262295,1,Expiry,0,0,nan
2061188798640_Node0_Node8_Zero,2061.565294,2064.262295,1,Expiry,0,0,nan
2061196994591_Node0_Node8_Zero,2061.567314,2064.262295,1,Expiry,0,0,nan
2061205187471_Node0_Node8_Zero,2061.569234,2064.262295,1,Expiry,0,0,nan
2061213382224_Node0_Node8_Zero,2061.575373,2064.262295,1,Expiry,0,0,nan
2061221582469_Node0_Node8_Zero,2061.577272,2064.262295,1,Expiry,0,0,nan
2061229783963_Node0_Node8_Zero,2061.579132,2064.262295,1,Expiry,0,0,nan
2061237985395_Node0_Node8_Zero,2061.583231,2064.262295,1,Expiry,0,0,nan
2061246182442_Node0_Node8_Zero,2061.587511,2064.262295,1,Expiry,0,0,nan
2061254374420_Node0_Node8_Zero,2061.591537,2064.262295,1,Expiry,0,0,nan
2061262573358_Node0_Node8_Zero,2061.593517,2064.344262,1,Expiry,0,0,nan
2061270766675_Node0_Node8_Zero,2061.606029,2064.344262,1,Expiry,0,0,nan
2061278959970_Node0_Node8_Zero,2061.609976,2064.344262,1,Expiry,0,0,nan
2061287161543_Node0_Node8_Zero,2061.614062,2064.344262,1,Expiry,0,0,nan
2061295360701_Node0_Node8_Zero,2061.620116,2064.344262,1,Expiry,0,0,nan
2061303561952_Node0_Node8_Zero,2061.622035,2064.344262,1,Expiry,0,0,nan
2061311757766_Node0_Node8_Zero,2061.626002,2064.344262,1,Expiry,0,0,nan
2061319958372_Node0_Node8_Zero,2061.627961,2064.344262,1,Expiry,0,0,nan
2061328156113_Node0_Node8_Zero,2061.629861,2064.344262,1,Expiry,0,0,nan
2061336357575_Node0_Node8_Zero,2061.631761,2064.344262,1,Expiry,0,0,nan
2061344558188_Node0_Node8_Zero,2061.63368,2064.42623,1,Expiry,0,5.258698200000001e-13,nan
2061352755492_Node0_Node8_Zero,2061.639639,2064.42623,1,Expiry,0,5.258698200000001e-13,nan
2061360949061_Node0_Node8_Zero,2061.641479,2064.42623,1,Expiry,0,5.258698200000001e-13,nan
2061369148652_Node0_Node8_Zero,2061.645566,2064.42623,1,Expiry,0,5.258698200000001e-13,nan
2061377342985_Node0_Node8_Zero,2061.647525,2064.42623,1,Expiry,0,5.258698200000001e-13,nan
2061385536398_Node0_Node8_Zero,2061.649405,2064.42623,1,Expiry,0,5.258698200000001e-13,nan
2061393731486_Node0_Node8_Zero,2061.653564,2064.42623,1,Expiry,0,5.258698200000001e-13,nan
2061401924589_Node0_Node8_Zero,2061.655664,2064.42623,1,Expiry,0,5.258698200000001e-13,nan
2061410126053_Node0_Node8_Zero,2061.657544,2064.42623,1,Expiry,0,5.258698200000001e-13,nan
2061418326914_Node0_Node8_Zero,2061.66361,2064.42623,1,Expiry,0,5.258698200000001e-13,nan
2061426525978_Node0_Node8_Zero,2061.667736,2064.508197,1,Expiry,0,0,nan
2061434718813_Node0_Node8_Zero,2061.669576,2064.508197,1,Expiry,0,0,nan
2061442915901_Node0_Node8_Zero,2061.671516,2064.508197,1,Expiry,0,0,nan
2061451109252_Node0_Node8_Zero,2061.673615,2064.508197,1,Expiry,0,0,nan
2061459309755_Node0_Node8_Zero,2061.675555,2064.508197,1,Expiry,0,0,nan
2061467504004_Node0_Node8_Zero,2061.679681,2064.508197,1,Expiry,0,0,nan
2061475697777_Node0_Node8_Zero,2061.681661,2064.508197,1,Expiry,0,0,nan
2061483889657_Node0_Node8_Zero,2061.683561,2064.508197,1,Expiry,0,0,nan
2061492083792_Node0_Node8_Zero,2061.6854,2064.508197,1,Expiry,0,0,nan
2061500276017_Node0_Node8_Zero,2061.697925,2064.508197,1,Expiry,0,0,nan
2061508470750_Node0_Node8_Zero,2061.699785,2064.590164,1,Expiry,0,5.258698200000001e-13,nan
2061516670050_Node0_Node8_Zero,2061.705671,2064.590164,1,Expiry,0,5.258698200000001e-13,nan
2061524869858_Node0_Node8_Zero,2061.707811,2064.590164,1,Expiry,0,5.258698200000001e-13,nan
2061533069779_Node0_Node8_Zero,2061.709911,2064.590164,1,Expiry,0,5.258698200000001e-13,nan
2061541270130_Node0_Node8_Zero,2061.71183,2064.590164,1,Expiry,0,5.258698200000001e-13,nan
2061549463963_Node0_Node8_Zero,2061.71383,2064.590164,1,Expiry,0,5.258698200000001e-13,nan
2061557661004_Node0_Node8_Zero,2061.71587,2064.590164,1,Expiry,0,5.258698200000001e-13,nan
2061565860182_Node0_Node8_Zero,2061.717829,2064.590164,1,Expiry,0,5.258698200000001e-13,nan
2061574052140_Node0_Node8_Zero,2061.719669,2064.590164,1,Expiry,0,5.258698200000001e-13,nan
2061582253019_Node0_Node8_Zero,2061.725788,2064.590164,1,Expiry,0,5.258698200000001e-13,nan
2061590453176_Node0_Node8_Zero,2061.727647,2064.672131,1,Expiry,0,1.04925114e-12,nan
2061598645034_Node0_Node8_Zero,2061.731487,2064.672131,1,Expiry,0,1.04925114e-12,nan
2061606844066_Node0_Node8_Zero,2061.733386,2064.672131,1,Expiry,0,1.04925114e-12,nan
2061615043881_Node0_Node8_Zero,2061.741392,2064.672131,1,Expiry,0,1.04925114e-12,nan
2061623244176_Node0_Node8_Zero,2061.743272,2064.672131,1,Expiry,0,1.04925114e-12,nan
2061631439080_Node0_Node8_Zero,2061.745372,2064.672131,1,Expiry,0,1.04925114e-12,nan
2061639633017_Node0_Node8_Zero,2061.747231,2064.672131,1,Expiry,0,1.04925114e-12,nan
2061647825640_Node0_Node8_Zero,2061.749211,2064.672131,1,Expiry,0,1.04925114e-12,nan
2061656017840_Node0_Node8_Zero,2061.751171,2064.672131,1,Expiry,0,1.04925114e-12,nan
2061664213837_Node0_Node8_Zero,2061.75305,2064.672131,1,Expiry,0,1.04925114e-12,nan
2061672412203_Node0_Node8_Zero,2061.75499,2064.754098,1,Expiry,0,0,nan
2061680605523_Node0_Node8_Zero,2061.767028,2064.754098,1,Expiry,0,0,nan
2061688803215_Node0_Node8_Zero,2061.769127,2064.754098,1,Expiry,0,0,nan
2061696995092_Node0_Node8_Zero,2061.773114,2064.754098,1,Expiry,0,0,nan
2061705187879_Node0_Node8_Zero,2061.7795,2064.754098,1,Expiry,0,0,nan
2061713380695_Node0_Node8_Zero,2061.78148,2064.754098,1,Expiry,0,0,nan
2061721581114_Node0_Node8_Zero,2061.783439,2064.754098,1,Expiry,0,0,nan
2061729776502_Node0_Node8_Zero,2061.785579,2064.754098,1,Expiry,0,0,nan
2061737970383_Node0_Node8_Zero,2061.787519,2064.754098,1,Expiry,0,0,nan
2061746169533_Node0_Node8_Zero,2061.791445,2064.754098,1,Expiry,0,0,nan
2061754361917_Node0_Node8_Zero,2061.793485,2064.836066,1,Expiry,0,0,nan
2061762554609_Node0_Node8_Zero,2061.795585,2064.836066,1,Expiry,0,0,nan
2061770751074_Node0_Node8_Zero,2061.797444,2064.836066,1,Expiry,0,0,nan
2061778950172_Node0_Node8_Zero,2061.801564,2064.836066,1,Expiry,0,0,nan
2061787148747_Node0_Node8_Zero,2061.80573,2064.836066,1,Expiry,0,0,nan
2061795342306_Node0_Node8_Zero,2061.80765,2064.836066,1,Expiry,0,0,nan
2061803537620_Node0_Node8_Zero,2061.809649,2064.836066,1,Expiry,0,0,nan
2061811733388_Node0_Node8_Zero,2062.850279,2064.836066,1,Expiry,0,0,nan
2061836320397_Node0_Node8_Zero,2062.984016,2064.918033,1,Expiry,0,0,nan
2061844513426_Node0_Node8_Zero,2062.984016,2064.918033,1,Expiry,0,0,nan
2061852710261_Node0_Node8_Zero,2062.990135,2064.918033,1,Expiry,0,0,nan
2061860907178_Node0_Node8_Zero,2062.990135,2064.918033,1,Expiry,0,0,nan
2061869102305_Node0_Node8_Zero,2062.997083,2064.918033,1,Expiry,0,0,nan
2061877294804_Node0_Node8_Zero,2062.997083,2064.918033,1,Expiry,0,0,nan
2061885491122_Node0_Node8_Zero,2063.001082,2064.918033,1,Expiry,0,0,nan
2061893687554_Node0_Node8_Zero,2063.001082,2064.918033,1,Expiry,0,0,nan
2061901883024_Node0_Node8_Zero,2063.003085,2064.918033,1,Expiry,0,0,nan
2061910076289_Node0_Node8_Zero,2063.003085,2064.918033,1,Expiry,0,0,nan
2061918268423_Node0_Node8_Zero,2063.004987,2065.0,1,Expiry,0,5.258698200000001e-13,nan
2061926460986_Node0_Node8_Zero,2063.004987,2065.0,1,Expiry,0,5.258698200000001e-13,nan
2061934659006_Node0_Node8_Zero,2063.008867,2065.0,1,Expiry,0,5.258698200000001e-13,nan
2061942855316_Node0_Node8_Zero,2063.008867,2065.0,1,Expiry,0,5.258698200000001e-13,nan
2061951050709_Node0_Node8_Zero,2063.010789,2065.0,1,Expiry,0,5.258698200000001e-13,nan
2061959247876_Node0_Node8_Zero,2063.010789,2065.0,1,Expiry,0,5.258698200000001e-13,nan
2061967447676_Node0_Node8_Zero,2063.018774,2065.0,1,Expiry,0,5.258698200000001e-13,nan
2061975642703_Node0_Node8_Zero,2063.018774,2065.0,1,Expiry,0,5.258698200000001e-13,nan
2061983839600_Node0_Node8_Zero,2063.025022,2065.0,1,Expiry,0,5.258698200000001e-13,nan
2061992032713_Node0_Node8_Zero,2063.025022,2065.0,1,Expiry,0,5.258698200000001e-13,nan
2062000232438_Node0_Node8_Zero,2063.027044,2065.081967,1,Expiry,0,5.258698200000001e-13,nan
2062008431252_Node0_Node8_Zero,2063.027044,2065.081967,1,Expiry,0,5.258698200000001e-13,nan
2062016628975_Node0_Node8_Zero,2063.028967,2065.081967,1,Expiry,0,5.258698200000001e-13,nan
2062024828433_Node0_Node8_Zero,2063.028967,2065.081967,1,Expiry,0,5.258698200000001e-13,nan
2062033028952_Node0_Node8_Zero,2063.030849,2065.081967,1,Expiry,0,5.258698200000001e-13,nan
2062041225446_Node0_Node8_Zero,2063.030849,2065.081967,1,Expiry,0,5.258698200000001e-13,nan
2062049426747_Node0_Node8_Zero,2063.032732,2065.081967,1,Expiry,0,5.258698200000001e-13,nan
2062057625026_Node0_Node8_Zero,2063.032732,2065.081967,1,Expiry,0,5.258698200000001e-13,nan
2062065818597_Node0_Node8_Zero,2063.034554,2065.081967,1,Expiry,0,5.258698200000001e-13,nan
2062074016604_Node0_Node8_Zero,2063.034554,2065.081967,1,Expiry,0,5.258698200000001e-13,nan
2062082214269_Node0_Node8_Zero,2063.038454,2065.163934,1,Expiry,0,1.04925114e-12,nan
2062090410954_Node0_Node8_Zero,2063.038454,2065.163934,1,Expiry,0,1.04925114e-12,nan
2062098611690_Node0_Node8_Zero,2063.044562,2065.163934,1,Expiry,0,1.04925114e-12,nan
2062106808742_Node0_Node8_Zero,2063.044562,2065.163934,1,Expiry,0,1.04925114e-12,nan
2062115009107_Node0_Node8_Zero,2063.046384,2065.163934,1,Expiry,0,1.04925114e-12,nan
2062123206443_Node0_Node8_Zero,2063.046384,2065.163934,1,Expiry,0,1.04925114e-12,nan
2062131401521_Node0_Node8_Zero,2063.048247,2065.163934,1,Expiry,0,1.04925114e-12,nan
2062139595498_Node0_Node8_Zero,2063.048247,2065.163934,1,Expiry,0,1.04925114e-12,nan
2062147790444_Node0_Node8_Zero,2063.050189,2065.163934,1,Expiry,0,1.04925114e-12,nan
2062155989176_Node0_Node8_Zero,2063.050189,2065.163934,1,Expiry,0,1.04925114e-12,nan
2062164190418_Node0_Node8_Zero,2063.054089,2065.245902,1,Expiry,0,1.04925114e-12,nan
2062172390446_Node0_Node8_Zero,2063.054089,2065.245902,1,Expiry,0,1.04925114e-12,nan
2062180586664_Node0_Node8_Zero,2063.057848,2065.245902,1,Expiry,0,1.04925114e-12,nan
2062188784353_Node0_Node8_Zero,2063.057848,2065.245902,1,Expiry,0,1.04925114e-12,nan
2062196981513_Node0_Node8_Zero,2063.067855,2065.245902,1,Expiry,0,1.04925114e-12,nan
2062205179263_Node0_Node8_Zero,2063.067855,2065.245902,1,Expiry,0,1.04925114e-12,nan
2062213377395_Node0_Node8_Zero,2063.069898,2065.245902,1,Expiry,0,1.04925114e-12,nan
2062221569455_Node0_Node8_Zero,2063.069898,2065.245902,1,Expiry,0,1.04925114e-12,nan
2062229768705_Node0_Node8_Zero,2063.07176,2065.245902,1,Expiry,0,1.04925114e-12,nan
2062237969528_Node0_Node8_Zero,2063.07176,2065.245902,1,Expiry,0,1.04925114e-12,nan
2062246162582_Node0_Node8_Zero,2063.073763,2065.327869,1,Expiry,0,1.04925114e-12,nan
2062254358078_Node0_Node8_Zero,2063.073763,2065.327869,1,Expiry,0,1.04925114e-12,nan
2062262555914_Node0_Node8_Zero,2063.075785,2065.327869,1,Expiry,0,1.04925114e-12,nan
2062270748376_Node0_Node8_Zero,2063.075785,2065.327869,1,Expiry,0,1.04925114e-12,nan
2062278946508_Node0_Node8_Zero,2063.079545,2065.327869,1,Expiry,0,1.04925114e-12,nan
2062287144654_Node0_Node8_Zero,2063.079545,2065.327869,1,Expiry,0,1.04925114e-12,nan
2062295337627_Node0_Node8_Zero,2063.081547,2065.327869,1,Expiry,0,1.04925114e-12,nan
2062303536010_Node0_Node8_Zero,2063.081547,2065.327869,1,Expiry,0,1.04925114e-12,nan
2062311734184_Node0_Node8_Zero,2063.08355,2065.327869,1,Expiry,0,1.04925114e-12,nan
2062319933215_Node0_Node8_Zero,2063.08355,2065.327869,1,Expiry,0,1.04925114e-12,nan
2062328130779_Node0_Node8_Zero,2063.089698,2065.409836,1,Expiry,0,5.258698200000001e-13,nan
2062336329031_Node0_Node8_Zero,2063.089698,2065.409836,1,Expiry,0,5.258698200000001e-13,nan
2062344528272_Node0_Node8_Zero,2063.09164,2065.409836,1,Expiry,0,5.258698200000001e-13,nan
2062352721124_Node0_Node8_Zero,2063.09164,2065.409836,1,Expiry,0,5.258698200000001e-13,nan
2062360922463_Node0_Node8_Zero,2063.093543,2065.409836,1,Expiry,0,5.258698200000001e-13,nan
2062369123458_Node0_Node8_Zero,2063.093543,2065.409836,1,Expiry,0,5.258698200000001e-13,nan
2062377322599_Node0_Node8_Zero,2063.095605,2065.409836,1,Expiry,0,5.258698200000001e-13,nan
2062385514967_Node0_Node8_Zero,2063.095605,2065.409836,1,Expiry,0,5.258698200000001e-13,nan
2062393711393_Node0_Node8_Zero,2063.097448,2065.409836,1,Expiry,0,5.258698200000001e-13,nan
2062401906707_Node0_Node8_Zero,2063.097448,2065.409836,1,Expiry,0,5.258698200000001e-13,nan
2062410106828_Node0_Node8_Zero,2063.101293,2065.491803,1,Expiry,0,1.04925114e-12,nan
2062418298737_Node0_Node8_Zero,2063.101293,2065.491803,1,Expiry,0,1.04925114e-12,nan
2062426499669_Node0_Node8_Zero,2063.105298,2065.491803,1,Expiry,0,1.04925114e-12,nan
2062434692981_Node0_Node8_Zero,2063.105298,2065.491803,1,Expiry,0,1.04925114e-12,nan
2062442890028_Node0_Node8_Zero,2063.107261,2065.491803,1,Expiry,0,1.04925114e-12,nan
2062451085953_Node0_Node8_Zero,2063.107261,2065.491803,1,Expiry,0,1.04925114e-12,nan
2062459281669_Node0_Node8_Zero,2063.111186,2065.491803,1,Expiry,0,1.04925114e-12,nan
2062467479096_Node0_Node8_Zero,2063.111186,2065.491803,1,Expiry,0,1.04925114e-12,nan
2062475679193_Node0_Node8_Zero,2063.117414,2065.491803,1,Expiry,0,1.04925114e-12,nan
2062483875140_Node0_Node8_Zero,2063.117414,2065.491803,1,Expiry,0,1.04925114e-12,nan
2062492072316_Node0_Node8_Zero,2063.119256,2065.57377,1,Expiry,0,1.04925114e-12,nan
2062500270857_Node0_Node8_Zero,2063.119256,2065.57377,1,Expiry,0,1.04925114e-12,nan
2062508464963_Node0_Node8_Zero,2063.123161,2065.57377,1,Expiry,0,1.04925114e-12,nan
2062516657890_Node0_Node8_Zero,2063.123161,2065.57377,1,Expiry,0,1.04925114e-12,nan
2062524851598_Node0_Node8_Zero,2063.125184,2065.57377,1,Expiry,0,1.04925114e-12,nan
2062533045055_Node0_Node8_Zero,2063.125184,2065.57377,1,Expiry,0,1.04925114e-12,nan
2062541246369_Node0_Node8_Zero,2063.131186,2065.57377,1,Expiry,0,1.04925114e-12,nan
2062549445756_Node0_Node8_Zero,2063.131186,2065.57377,1,Expiry,0,1.04925114e-12,nan
2062557638511_Node0_Node8_Zero,2063.133148,2065.57377,1,Expiry,0,1.04925114e-12,nan
2062565840015_Node0_Node8_Zero,2063.133148,2065.57377,1,Expiry,0,1.04925114e-12,nan
2062574037560_Node0_Node8_Zero,2063.135191,2065.655738,1,Expiry,0,1.04925114e-12,nan
2062582237946_Node0_Node8_Zero,2063.135191,2065.655738,1,Expiry,0,1.04925114e-12,nan
2062590437255_Node0_Node8_Zero,2063.137034,2065.655738,1,Expiry,0,1.04925114e-12,nan
2062598630981_Node0_Node8_Zero,2063.137034,2065.655738,1,Expiry,0,1.04925114e-12,nan
2062606822993_Node0_Node8_Zero,2063.140879,2065.655738,1,Expiry,0,1.04925114e-12,nan
2062615021806_Node0_Node8_Zero,2063.140879,2065.655738,1,Expiry,0,1.04925114e-12,nan
2062623218304_Node0_Node8_Zero,2063.144718,2065.655738,1,Expiry,0,1.04925114e-12,nan
2062631414461_Node0_Node8_Zero,2063.144718,2065.655738,1,Expiry,0,1.04925114e-12,nan
2062639606648_Node0_Node8_Zero,2063.146781,2065.655738,1,Expiry,0,1.04925114e-12,nan
2062647802590_Node0_Node8_Zero,2063.146781,2065.655738,1,Expiry,0,1.04925114e-12,nan
2062655996136_Node0_Node8_Zero,2063.150946,2065.737705,1,Expiry,0,0,nan
2062664188048_Node0_Node8_Zero,2063.150946,2065.737705,1,Expiry,0,0,nan
2062672388290_Node0_Node8_Zero,2063.152988,2065.737705,1,Expiry,0,0,nan
2062680581353_Node0_Node8_Zero,2063.152988,2065.737705,1,Expiry,0,0,nan
2062688773860_Node0_Node8_Zero,2063.154951,2065.737705,1,Expiry,0,0,nan
2062696973748_Node0_Node8_Zero,2063.154951,2065.737705,1,Expiry,0,0,nan
2062705174905_Node0_Node8_Zero,2063.159076,2065.737705,1,Expiry,0,0,nan
2062713374623_Node0_Node8_Zero,2063.159076,2065.737705,1,Expiry,0,0,nan
2062721575750_Node0_Node8_Zero,2063.161099,2065.737705,1,Expiry,0,0,nan
2062729775736_Node0_Node8_Zero,2063.161099,2065.737705,1,Expiry,0,0,nan
2062737968402_Node0_Node8_Zero,2063.163001,2065.819672,1,Expiry,0,1.04925114e-12,nan
2062746168349_Node0_Node8_Zero,2063.163001,2065.819672,1,Expiry,0,1.04925114e-12,nan
2062754362339_Node0_Node8_Zero,2063.166861,2065.819672,1,Expiry,0,1.04925114e-12,nan
2062762558635_Node0_Node8_Zero,2063.166861,2065.819672,1,Expiry,0,1.04925114e-12,nan
2062770756607_Node0_Node8_Zero,2063.168823,2065.819672,1,Expiry,0,1.04925114e-12,nan
2062778948835_Node0_Node8_Zero,2063.168823,2065.819672,1,Expiry,0,1.04925114e-12,nan
2062787148207_Node0_Node8_Zero,2063.170706,2065.819672,1,Expiry,0,1.04925114e-12,nan
2062795345098_Node0_Node8_Zero,2063.170706,2065.819672,1,Expiry,0,1.04925114e-12,nan
2062803539860_Node0_Node8_Zero,2063.172648,2065.819672,1,Expiry,0,1.04925114e-12,nan
2062811740151_Node0_Node8_Zero,2063.172648,2065.819672,1,Expiry,0,1.04925114e-12,nan
2062819937390_Node0_Node8_Zero,2063.176853,2065.901639,1,Expiry,0,0,nan
2062828137843_Node0_Node8_Zero,2063.176853,2065.901639,1,Expiry,0,0,nan
2062836336065_Node0_Node8_Zero,2063.178776,2065.901639,1,Expiry,0,0,nan
2062844535843_Node0_Node8_Zero,2063.178776,2065.901639,1,Expiry,0,0,nan
2062852729337_Node0_Node8_Zero,2063.182781,2065.901639,1,Expiry,0,0,nan
2062860922505_Node0_Node8_Zero,2063.182781,2065.901639,1,Expiry,0,0,nan
2062869121523_Node0_Node8_Zero,2063.184704,2065.901639,1,Expiry,0,0,nan
2062877314358_Node0_Node8_Zero,2063.184704,2065.901639,1,Expiry,0,0,nan
2062885511388_Node0_Node8_Zero,2063.186566,2065.901639,1,Expiry,0,0,nan
2062893708913_Node0_Node8_Zero,2063.186566,2065.901639,1,Expiry,0,0,nan
2062901900828_Node0_Node8_Zero,2063.190371,2065.983607,1,Expiry,0,0,nan
2062910092831_Node0_Node8_Zero,2063.190371,2065.983607,1,Expiry,0,0,nan
2062918288592_Node0_Node8_Zero,2063.196639,2065.983607,1,Expiry,0,0,nan
2062926490310_Node0_Node8_Zero,2063.196639,2065.983607,1,Expiry,0,0,nan
2062934689078_Node0_Node8_Zero,2063.200559,2065.983607,1,Expiry,0,0,nan
2062942883399_Node0_Node8_Zero,2063.200559,2065.983607,1,Expiry,0,0,nan
2062951075276_Node0_Node8_Zero,2063.202521,2065.983607,1,Expiry,0,0,nan
2062959272285_Node0_Node8_Zero,2063.202521,2065.983607,1,Expiry,0,0,nan
2062967468236_Node0_Node8_Zero,2063.204424,2065.983607,1,Expiry,0,0,nan
2062975661349_Node0_Node8_Zero,2063.206523,2065.983607,1,Expiry,0,0,nan
2062983859172_Node0_Node8_Zero,2063.208443,2066.065574,1,Expiry,0,1.04925114e-12,nan
2062992054762_Node0_Node8_Zero,2063.216669,2066.065574,1,Expiry,0,1.04925114e-12,nan
2063000254566_Node0_Node8_Zero,2063.220715,2066.065574,1,Expiry,0,1.04925114e-12,nan
2063008450316_Node0_Node8_Zero,2063.222595,2066.065574,1,Expiry,0,1.04925114e-12,nan
2063016649048_Node0_Node8_Zero,2063.224495,2066.065574,1,Expiry,0,1.04925114e-12,nan
2063024840839_Node0_Node8_Zero,2063.226454,2066.065574,1,Expiry,0,1.04925114e-12,nan
2063033038915_Node0_Node8_Zero,2063.228334,2066.065574,1,Expiry,0,1.04925114e-12,nan
2063041234744_Node0_Node8_Zero,2063.230234,2066.065574,1,Expiry,0,1.04925114e-12,nan
2063049431949_Node0_Node8_Zero,2063.232073,2066.065574,1,Expiry,0,1.04925114e-12,nan
2063057626455_Node0_Node8_Zero,2063.238179,2066.065574,1,Expiry,0,1.04925114e-12,nan
2063065824957_Node0_Node8_Zero,2063.240179,2066.147541,1,Expiry,0,1.04925114e-12,nan
2063074020484_Node0_Node8_Zero,2063.242119,2066.147541,1,Expiry,0,1.04925114e-12,nan
2063082215271_Node0_Node8_Zero,2063.246165,2066.147541,1,Expiry,0,1.04925114e-12,nan
2063090414580_Node0_Node8_Zero,2063.250405,2066.147541,1,Expiry,0,1.04925114e-12,nan
2063098607497_Node0_Node8_Zero,2063.252244,2066.147541,1,Expiry,0,1.04925114e-12,nan
2063106806050_Node0_Node8_Zero,2063.254144,2066.147541,1,Expiry,0,1.04925114e-12,nan
2063115004265_Node0_Node8_Zero,2063.25795,2066.147541,1,Expiry,0,1.04925114e-12,nan
2063123198732_Node0_Node8_Zero,2063.25985,2066.147541,1,Expiry,0,1.04925114e-12,nan
2063131395705_Node0_Node8_Zero,2063.26175,2066.147541,1,Expiry,0,1.04925114e-12,nan
2063139588376_Node0_Node8_Zero,2063.265629,2066.147541,1,Expiry,0,1.04925114e-12,nan
2063147788096_Node0_Node8_Zero,2063.267569,2066.229508,1,Expiry,0,1.04925114e-12,nan
2063155983543_Node0_Node8_Zero,2063.269448,2066.229508,1,Expiry,0,1.04925114e-12,nan
2063164181232_Node0_Node8_Zero,2063.271308,2066.229508,1,Expiry,0,1.04925114e-12,nan
2063172378787_Node0_Node8_Zero,2063.273168,2066.229508,1,Expiry,0,1.04925114e-12,nan
2063180577934_Node0_Node8_Zero,2063.29955,2066.229508,1,Expiry,0,1.04925114e-12,nan
2063188770374_Node0_Node8_Zero,2063.303537,2066.229508,1,Expiry,0,1.04925114e-12,nan
2063196962695_Node0_Node8_Zero,2063.305597,2066.229508,1,Expiry,0,1.04925114e-12,nan
2063205156753_Node0_Node8_Zero,2063.307676,2066.229508,1,Expiry,0,1.04925114e-12,nan
2063213355103_Node0_Node8_Zero,2063.309556,2066.229508,1,Expiry,0,1.04925114e-12,nan
2063221554751_Node0_Node8_Zero,2063.311536,2066.229508,1,Expiry,0,1.04925114e-12,nan
2063229751606_Node0_Node8_Zero,2063.315515,2066.311475,1,Expiry,0,0,nan
2063237948555_Node0_Node8_Zero,2063.323753,2066.311475,1,Expiry,0,0,nan
2063246141723_Node0_Node8_Zero,2063.325593,2066.311475,1,Expiry,0,0,nan
2063254333651_Node0_Node8_Zero,2063.327533,2066.311475,1,Expiry,0,0,nan
2063262526111_Node0_Node8_Zero,2063.329492,2066.311475,1,Expiry,0,0,nan
2063270721458_Node0_Node8_Zero,2063.331432,2066.311475,1,Expiry,0,0,nan
2063278918681_Node0_Node8_Zero,2063.333312,2066.311475,1,Expiry,0,0,nan
2063287116841_Node0_Node8_Zero,2063.337051,2066.311475,1,Expiry,0,0,nan
2063295311435_Node0_Node8_Zero,2063.338931,2066.311475,1,Expiry,0,0,nan
2063303510433_Node0_Node8_Zero,2063.353456,2066.311475,1,Expiry,0,0,nan
2063311706593_Node0_Node8_Zero,2063.355315,2066.393443,1,Expiry,0,1.04925114e-12,nan
2063319904897_Node0_Node8_Zero,2063.357235,2066.393443,1,Expiry,0,1.04925114e-12,nan
2063328098025_Node0_Node8_Zero,2063.363181,2066.393443,1,Expiry,0,1.04925114e-12,nan
2063336293647_Node0_Node8_Zero,2063.369287,2066.393443,1,Expiry,0,1.04925114e-12,nan
2063344491681_Node0_Node8_Zero,2063.371307,2066.393443,1,Expiry,0,1.04925114e-12,nan
2063352684980_Node0_Node8_Zero,2063.373306,2066.393443,1,Expiry,0,1.04925114e-12,nan
2063360880729_Node0_Node8_Zero,2063.375286,2066.393443,1,Expiry,0,1.04925114e-12,nan
2063369077048_Node0_Node8_Zero,2063.383312,2066.393443,1,Expiry,0,1.04925114e-12,nan
2063377278311_Node0_Node8_Zero,2063.385352,2066.393443,1,Expiry,0,1.04925114e-12,nan
2063385475220_Node0_Node8_Zero,2063.389198,2066.393443,1,Expiry,0,1.04925114e-12,nan
2063393670325_Node0_Node8_Zero,2063.397324,2066.47541,1,Expiry,0,1.04925114e-12,nan
2063401865549_Node0_Node8_Zero,2063.926859,2066.47541,1,Expiry,0,1.04925114e-12,nan
2063426449663_Node0_Node8_Zero,2064.587785,2066.47541,1,Expiry,0,1.04925114e-12,nan
2063434649696_Node0_Node8_Zero,2064.587785,2066.47541,1,Expiry,0,1.04925114e-12,nan
2063442848478_Node0_Node8_Zero,2064.598409,2066.47541,1,Expiry,0,1.04925114e-12,nan
2063451045391_Node0_Node8_Zero,2064.598409,2066.47541,1,Expiry,0,1.04925114e-12,nan
2063459242563_Node0_Node8_Zero,2064.602389,2066.47541,1,Expiry,0,1.04925114e-12,nan
2063467434763_Node0_Node8_Zero,2064.602389,2066.47541,1,Expiry,0,1.04925114e-12,nan
2063475636443_Node0_Node8_Zero,2064.604251,2066.557377,1,Expiry,0,0,nan
2063483834411_Node0_Node8_Zero,2064.604251,2066.557377,1,Expiry,0,0,nan
2063492029789_Node0_Node8_Zero,2064.608097,2066.557377,1,Expiry,0,0,nan
2063500226282_Node0_Node8_Zero,2064.608097,2066.557377,1,Expiry,0,0,nan
2063508426633_Node0_Node8_Zero,2064.609919,2066.557377,1,Expiry,0,0,nan
2063516625701_Node0_Node8_Zero,2064.609919,2066.557377,1,Expiry,0,0,nan
2063524821570_Node0_Node8_Zero,2064.613924,2066.557377,1,Expiry,0,0,nan
2063533018532_Node0_Node8_Zero,2064.613924,2066.557377,1,Expiry,0,0,nan
2063541219696_Node0_Node8_Zero,2064.619866,2066.557377,1,Expiry,0,0,nan
2063549418727_Node0_Node8_Zero,2064.619866,2066.557377,1,Expiry,0,0,nan
2063557617091_Node0_Node8_Zero,2064.621749,2066.639344,1,Expiry,0,1.04925114e-12,nan
2063565811531_Node0_Node8_Zero,2064.621749,2066.639344,1,Expiry,0,1.04925114e-12,nan
2063574006543_Node0_Node8_Zero,2064.625534,2066.639344,1,Expiry,0,1.04925114e-12,nan
2063582199163_Node0_Node8_Zero,2064.625534,2066.639344,1,Expiry,0,1.04925114e-12,nan
2063590390918_Node0_Node8_Zero,2064.627616,2066.639344,1,Expiry,0,1.04925114e-12,nan
2063598590883_Node0_Node8_Zero,2064.627616,2066.639344,1,Expiry,0,1.04925114e-12,nan
2063606787219_Node0_Node8_Zero,2064.633778,2066.639344,1,Expiry,0,1.04925114e-12,nan
2063614986886_Node0_Node8_Zero,2064.633778,2066.639344,1,Expiry,0,1.04925114e-12,nan
2063623182170_Node0_Node8_Zero,2064.635861,2066.639344,1,Expiry,0,1.04925114e-12,nan
2063631376670_Node0_Node8_Zero,2064.635861,2066.639344,1,Expiry,0,1.04925114e-12,nan
2063639569765_Node0_Node8_Zero,2064.637844,2066.721311,1,Expiry,0,1.04925114e-12,nan
2063647770817_Node0_Node8_Zero,2064.637844,2066.721311,1,Expiry,0,1.04925114e-12,nan
2063655968925_Node0_Node8_Zero,2064.639746,2066.721311,1,Expiry,0,1.04925114e-12,nan
2063664168105_Node0_Node8_Zero,2064.639746,2066.721311,1,Expiry,0,1.04925114e-12,nan
2063672362091_Node0_Node8_Zero,2064.643546,2066.721311,1,Expiry,0,1.04925114e-12,nan
2063680556566_Node0_Node8_Zero,2064.643546,2066.721311,1,Expiry,0,1.04925114e-12,nan
2063688752929_Node0_Node8_Zero,2064.645648,2066.721311,1,Expiry,0,1.04925114e-12,nan
2063696950340_Node0_Node8_Zero,2064.645648,2066.721311,1,Expiry,0,1.04925114e-12,nan
2063705146487_Node0_Node8_Zero,2064.647591,2066.721311,1,Expiry,0,1.04925114e-12,nan
2063713339720_Node0_Node8_Zero,2064.647591,2066.721311,1,Expiry,0,1.04925114e-12,nan
2063721536534_Node0_Node8_Zero,2064.65159,2066.803279,1,Expiry,0,0,nan
2063729734570_Node0_Node8_Zero,2064.65159,2066.803279,1,Expiry,0,0,nan
2063737930018_Node0_Node8_Zero,2064.653573,2066.803279,1,Expiry,0,0,nan
2063746124336_Node0_Node8_Zero,2064.653573,2066.803279,1,Expiry,0,0,nan
2063754319427_Node0_Node8_Zero,2064.6597,2066.803279,1,Expiry,0,0,nan
2063762515122_Node0_Node8_Zero,2064.6597,2066.803279,1,Expiry,0,0,nan
2063770706944_Node0_Node8_Zero,2064.661583,2066.803279,1,Expiry,0,0,nan
2063778902336_Node0_Node8_Zero,2064.661583,2066.803279,1,Expiry,0,0,nan
2063787101727_Node0_Node8_Zero,2064.665542,2066.803279,1,Expiry,0,0,nan
2063795299869_Node0_Node8_Zero,2064.665542,2066.803279,1,Expiry,0,0,nan
2063803501311_Node0_Node8_Zero,2064.667485,2066.885246,1,Expiry,0,1.04925114e-12,nan
2063811700431_Node0_Node8_Zero,2064.667485,2066.885246,1,Expiry,0,1.04925114e-12,nan
2063819897055_Node0_Node8_Zero,2064.669388,2066.885246,1,Expiry,0,1.04925114e-12,nan
2063828092126_Node0_Node8_Zero,2064.669388,2066.885246,1,Expiry,0,1.04925114e-12,nan
2063836287567_Node0_Node8_Zero,2064.673233,2066.885246,1,Expiry,0,1.04925114e-12,nan
2063844488470_Node0_Node8_Zero,2064.673233,2066.885246,1,Expiry,0,1.04925114e-12,nan
2063852684074_Node0_Node8_Zero,2064.675055,2066.885246,1,Expiry,0,1.04925114e-12,nan
2063860879797_Node0_Node8_Zero,2064.675055,2066.885246,1,Expiry,0,1.04925114e-12,nan
2063869079778_Node0_Node8_Zero,2064.683006,2066.885246,1,Expiry,0,1.04925114e-12,nan
2063877277839_Node0_Node8_Zero,2064.683006,2066.885246,1,Expiry,0,1.04925114e-12,nan
2063885470487_Node0_Node8_Zero,2064.684988,2066.967213,1,Expiry,0,0,nan
2063893666840_Node0_Node8_Zero,2064.684988,2066.967213,1,Expiry,0,0,nan
2063901860458_Node0_Node8_Zero,2064.686971,2066.967213,1,Expiry,0,0,nan
2063910056073_Node0_Node8_Zero,2064.686971,2066.967213,1,Expiry,0,0,nan
2063918255125_Node0_Node8_Zero,2064.695235,2066.967213,1,Expiry,0,0,nan
2063926452098_Node0_Node8_Zero,2064.695235,2066.967213,1,Expiry,0,0,nan
2063934647592_Node0_Node8_Zero,2064.697058,2066.967213,1,Expiry,0,0,nan
2063942847393_Node0_Node8_Zero,2064.697058,2066.967213,1,Expiry,0,0,nan
2063951047008_Node0_Node8_Zero,2064.69894,2066.967213,1,Expiry,0,0,nan
2063959245558_Node0_Node8_Zero,2064.69894,2066.967213,1,Expiry,0,0,nan
2063967440731_Node0_Node8_Zero,2064.704662,2067.04918,1,Expiry,0,0,nan
2063975638100_Node0_Node8_Zero,2064.704662,2067.04918,1,Expiry,0,0,nan
2063983835753_Node0_Node8_Zero,2064.706665,2067.04918,1,Expiry,0,0,nan
2063992034868_Node0_Node8_Zero,2064.706665,2067.04918,1,Expiry,0,0,nan
2064000230534_Node0_Node8_Zero,2064.712827,2067.04918,1,Expiry,0,0,nan
2064008430241_Node0_Node8_Zero,2064.712827,2067.04918,1,Expiry,0,0,nan
2064016623902_Node0_Node8_Zero,2064.716826,2067.04918,1,Expiry,0,0,nan
2064024815973_Node0_Node8_Zero,2064.716826,2067.04918,1,Expiry,0,0,nan
2064033017274_Node0_Node8_Zero,2064.718749,2067.04918,1,Expiry,0,0,nan
2064041211949_Node0_Node8_Zero,2064.718749,2067.04918,1,Expiry,0,0,nan
2064049413071_Node0_Node8_Zero,2064.720591,2067.131148,1,Expiry,0,5.258698200000001e-13,nan
2064057614336_Node0_Node8_Zero,2064.720591,2067.131148,1,Expiry,0,5.258698200000001e-13,nan
2064065808129_Node0_Node8_Zero,2064.722434,2067.131148,1,Expiry,0,5.258698200000001e-13,nan
2064074008564_Node0_Node8_Zero,2064.722434,2067.131148,1,Expiry,0,5.258698200000001e-13,nan
2064082202274_Node0_Node8_Zero,2064.726359,2067.131148,1,Expiry,0,5.258698200000001e-13,nan
2064090397827_Node0_Node8_Zero,2064.726359,2067.131148,1,Expiry,0,5.258698200000001e-13,nan
2064098593805_Node0_Node8_Zero,2064.730299,2067.131148,1,Expiry,0,5.258698200000001e-13,nan
2064106791081_Node0_Node8_Zero,2064.730299,2067.131148,1,Expiry,0,5.258698200000001e-13,nan
2064114985063_Node0_Node8_Zero,2064.732281,2067.131148,1,Expiry,0,5.258698200000001e-13,nan
2064123180375_Node0_Node8_Zero,2064.732281,2067.131148,1,Expiry,0,5.258698200000001e-13,nan
2064131380679_Node0_Node8_Zero,2064.736281,2067.213115,1,Expiry,0,0,nan
2064139574855_Node0_Node8_Zero,2064.736281,2067.213115,1,Expiry,0,0,nan
2064147768562_Node0_Node8_Zero,2064.738183,2067.213115,1,Expiry,0,0,nan
2064155965065_Node0_Node8_Zero,2064.738183,2067.213115,1,Expiry,0,0,nan
2064164156962_Node0_Node8_Zero,2064.740206,2067.213115,1,Expiry,0,0,nan
2064172351022_Node0_Node8_Zero,2064.740206,2067.213115,1,Expiry,0,0,nan
2064180547169_Node0_Node8_Zero,2064.742208,2067.213115,1,Expiry,0,0,nan
2064188742683_Node0_Node8_Zero,2064.742208,2067.213115,1,Expiry,0,0,nan
2064196940191_Node0_Node8_Zero,2064.744091,2067.213115,1,Expiry,0,0,nan
2064205138700_Node0_Node8_Zero,2064.744091,2067.213115,1,Expiry,0,0,nan
2064213337321_Node0_Node8_Zero,2064.746113,2067.295082,1,Expiry,0,1.04925114e-12,nan
2064221536955_Node0_Node8_Zero,2064.746113,2067.295082,1,Expiry,0,1.04925114e-12,nan
2064229732882_Node0_Node8_Zero,2064.747976,2067.295082,1,Expiry,0,1.04925114e-12,nan
2064237930673_Node0_Node8_Zero,2064.747976,2067.295082,1,Expiry,0,1.04925114e-12,nan
2064246124389_Node0_Node8_Zero,2064.755975,2067.295082,1,Expiry,0,1.04925114e-12,nan
2064254319231_Node0_Node8_Zero,2064.755975,2067.295082,1,Expiry,0,1.04925114e-12,nan
2064262511141_Node0_Node8_Zero,2064.757817,2067.295082,1,Expiry,0,1.04925114e-12,nan
2064270706156_Node0_Node8_Zero,2064.757817,2067.295082,1,Expiry,0,1.04925114e-12,nan
2064278900733_Node0_Node8_Zero,2064.7597,2067.295082,1,Expiry,0,1.04925114e-12,nan
2064287099438_Node0_Node8_Zero,2064.7597,2067.295082,1,Expiry,0,1.04925114e-12,nan
2064295292713_Node0_Node8_Zero,2064.774087,2067.377049,1,Expiry,0,0,nan
2064303489508_Node0_Node8_Zero,2064.774087,2067.377049,1,Expiry,0,0,nan
2064311688187_Node0_Node8_Zero,2064.775909,2067.377049,1,Expiry,0,0,nan
2064319886117_Node0_Node8_Zero,2064.775909,2067.377049,1,Expiry,0,0,nan
2064328084985_Node0_Node8_Zero,2064.777732,2067.377049,1,Expiry,0,0,nan
2064336276802_Node0_Node8_Zero,2064.777732,2067.377049,1,Expiry,0,0,nan
2064344478160_Node0_Node8_Zero,2064.783599,2067.377049,1,Expiry,0,0,nan
2064352675384_Node0_Node8_Zero,2064.783599,2067.377049,1,Expiry,0,0,nan
2064360874695_Node0_Node8_Zero,2064.785682,2067.377049,1,Expiry,0,0,nan
2064369074923_Node0_Node8_Zero,2064.785682,2067.377049,1,Expiry,0,0,nan
2064377276585_Node0_Node8_Zero,2064.787804,2067.459016,1,Expiry,0,0,nan
2064385477849_Node0_Node8_Zero,2064.787804,2067.459016,1,Expiry,0,0,nan
2064393679450_Node0_Node8_Zero,2064.789767,2067.459016,1,Expiry,0,0,nan
2064401875843_Node0_Node8_Zero,2064.789767,2067.459016,1,Expiry,0,0,nan
2064410068917_Node0_Node8_Zero,2064.79161,2067.459016,1,Expiry,0,0,nan
2064418266445_Node0_Node8_Zero,2064.79161,2067.459016,1,Expiry,0,0,nan
2064426460720_Node0_Node8_Zero,2064.795609,2067.459016,1,Expiry,0,0,nan
2064434658717_Node0_Node8_Zero,2064.795609,2067.459016,1,Expiry,0,0,nan
2064442853038_Node0_Node8_Zero,2064.797432,2067.459016,1,Expiry,0,0,nan
2064451045247_Node0_Node8_Zero,2064.797432,2067.459016,1,Expiry,0,0,nan
2064459245797_Node0_Node8_Zero,2064.799294,2067.540984,1,Expiry,0,0,nan
2064467438287_Node0_Node8_Zero,2064.799294,2067.540984,1,Expiry,0,0,nan
2064475638506_Node0_Node8_Zero,2064.801277,2067.540984,1,Expiry,0,0,nan
2064483835871_Node0_Node8_Zero,2064.801277,2067.540984,1,Expiry,0,0,nan
2064492028016_Node0_Node8_Zero,2064.803159,2067.540984,1,Expiry,0,0,nan
2064500223899_Node0_Node8_Zero,2064.803159,2067.540984,1,Expiry,0,0,nan
2064508425074_Node0_Node8_Zero,2064.807104,2067.540984,1,Expiry,0,0,nan
2064516625015_Node0_Node8_Zero,2064.809004,2067.540984,1,Expiry,0,0,nan
2064524817758_Node0_Node8_Zero,2064.812946,2067.540984,1,Expiry,0,0,nan
2064533013028_Node0_Node8_Zero,2064.816953,2067.540984,1,Expiry,0,0,nan
2064541214315_Node0_Node8_Zero,2064.818792,2067.622951,1,Expiry,0,0,nan
2064549407254_Node0_Node8_Zero,2064.820632,2067.622951,1,Expiry,0,0,nan
2064557606119_Node0_Node8_Zero,2064.824471,2067.622951,1,Expiry,0,0,nan
2064565800542_Node0_Node8_Zero,2064.826311,2067.622951,1,Expiry,0,0,nan
2064573993162_Node0_Node8_Zero,2064.83201,2067.622951,1,Expiry,0,0,nan
2064582185089_Node0_Node8_Zero,2064.83395,2067.622951,1,Expiry,0,0,nan
2064590376838_Node0_Node8_Zero,2064.848345,2067.622951,1,Expiry,0,0,nan
2064598576229_Node0_Node8_Zero,2064.850244,2067.622951,1,Expiry,0,0,nan
2064606770707_Node0_Node8_Zero,2064.854211,2067.622951,1,Expiry,0,0,nan
2064614971545_Node0_Node8_Zero,2064.85609,2067.622951,1,Expiry,0,0,nan
2064623172024_Node0_Node8_Zero,2064.85811,2067.704918,1,Expiry,0,1.04925114e-12,nan
2064631369630_Node0_Node8_Zero,2064.86025,2067.704918,1,Expiry,0,1.04925114e-12,nan
2064639570893_Node0_Node8_Zero,2064.862309,2067.704918,1,Expiry,0,1.04925114e-12,nan
2064647771077_Node0_Node8_Zero,2064.864169,2067.704918,1,Expiry,0,1.04925114e-12,nan
2064655967064_Node0_Node8_Zero,2064.866069,2067.704918,1,Expiry,0,1.04925114e-12,nan
2064664160555_Node0_Node8_Zero,2064.867948,2067.704918,1,Expiry,0,1.04925114e-12,nan
2064672354023_Node0_Node8_Zero,2064.872008,2067.704918,1,Expiry,0,1.04925114e-12,nan
2064680555683_Node0_Node8_Zero,2064.874067,2067.704918,1,Expiry,0,1.04925114e-12,nan
2064688749427_Node0_Node8_Zero,2064.876087,2067.704918,1,Expiry,0,1.04925114e-12,nan
2064696948262_Node0_Node8_Zero,2064.880286,2067.704918,1,Expiry,0,1.04925114e-12,nan
2064705143780_Node0_Node8_Zero,2064.884253,2067.786885,1,Expiry,0,0,nan
2064713338670_Node0_Node8_Zero,2064.886312,2067.786885,1,Expiry,0,0,nan
2064721537057_Node0_Node8_Zero,2064.888212,2067.786885,1,Expiry,0,0,nan
2064729735777_Node0_Node8_Zero,2064.892211,2067.786885,1,Expiry,0,0,nan
2064737929050_Node0_Node8_Zero,2064.894211,2067.786885,1,Expiry,0,0,nan
2064746125144_Node0_Node8_Zero,2064.898158,2067.786885,1,Expiry,0,0,nan
2064754321791_Node0_Node8_Zero,2064.900037,2067.786885,1,Expiry,0,0,nan
2064762514243_Node0_Node8_Zero,2064.901957,2067.786885,1,Expiry,0,0,nan
2064770706584_Node0_Node8_Zero,2064.903857,2067.786885,1,Expiry,0,0,nan
2064778904030_Node0_Node8_Zero,2064.913969,2067.786885,1,Expiry,0,0,nan
2064787103616_Node0_Node8_Zero,2064.917856,2067.868852,1,Expiry,0,1.04925114e-12,nan
2064795303467_Node0_Node8_Zero,2064.919955,2067.868852,1,Expiry,0,1.04925114e-12,nan
2064803499753_Node0_Node8_Zero,2064.921795,2067.868852,1,Expiry,0,1.04925114e-12,nan
2064811696952_Node0_Node8_Zero,2064.925714,2067.868852,1,Expiry,0,1.04925114e-12,nan
2064819890216_Node0_Node8_Zero,2064.931748,2067.868852,1,Expiry,0,1.04925114e-12,nan
2064828088837_Node0_Node8_Zero,2064.933648,2067.868852,1,Expiry,0,1.04925114e-12,nan
2064836285803_Node0_Node8_Zero,2064.935687,2067.868852,1,Expiry,0,1.04925114e-12,nan
2064844479147_Node0_Node8_Zero,2064.937667,2067.868852,1,Expiry,0,1.04925114e-12,nan
2064852680677_Node0_Node8_Zero,2064.941473,2067.868852,1,Expiry,0,1.04925114e-12,nan
2064860875012_Node0_Node8_Zero,2064.943473,2067.868852,1,Expiry,0,1.04925114e-12,nan
2064869075085_Node0_Node8_Zero,2064.953598,2067.95082,1,Expiry,0,1.04925114e-12,nan
2064877276483_Node0_Node8_Zero,2064.955638,2067.95082,1,Expiry,0,1.04925114e-12,nan
2064885477062_Node0_Node8_Zero,2064.957658,2067.95082,1,Expiry,0,1.04925114e-12,nan
2064893670918_Node0_Node8_Zero,2064.959557,2067.95082,1,Expiry,0,1.04925114e-12,nan
2064901869825_Node0_Node8_Zero,2064.961557,2067.95082,1,Expiry,0,1.04925114e-12,nan
2064910066709_Node0_Node8_Zero,2064.963497,2067.95082,1,Expiry,0,1.04925114e-12,nan
2064918264688_Node0_Node8_Zero,2064.969443,2067.95082,1,Expiry,0,1.04925114e-12,nan
2064926461867_Node0_Node8_Zero,2064.971443,2067.95082,1,Expiry,0,1.04925114e-12,nan
2064934656306_Node0_Node8_Zero,2064.975409,2067.95082,1,Expiry,0,1.04925114e-12,nan
2064942853818_Node0_Node8_Zero,2064.979416,2067.95082,1,Expiry,0,1.04925114e-12,nan
2064951053928_Node0_Node8_Zero,2064.985529,2068.032787,1,Expiry,0,1.04925114e-12,nan
2064959246366_Node0_Node8_Zero,2064.987589,2068.032787,1,Expiry,0,1.04925114e-12,nan
2064967438348_Node0_Node8_Zero,2065.006666,2068.032787,1,Expiry,0,1.04925114e-12,nan
2064975635415_Node0_Node8_Zero,2065.008505,2068.032787,1,Expiry,0,1.04925114e-12,nan
2064983835801_Node0_Node8_Zero,2065.010485,2068.032787,1,Expiry,0,1.04925114e-12,nan
2064992031471_Node0_Node8_Zero,2065.012485,2068.032787,1,Expiry,0,1.04925114e-12,nan
2065000232626_Node0_Node8_Zero,2065.014344,2068.032787,1,Expiry,0,1.04925114e-12,nan
2065008430639_Node0_Node8_Zero,2065.029069,2068.032787,1,Expiry,0,1.04925114e-12,nan
2065016629551_Node0_Node8_Zero,2065.030929,2068.032787,1,Expiry,0,1.04925114e-12,nan
2065024823408_Node0_Node8_Zero,2065.032948,2068.032787,1,Expiry,0,1.04925114e-12,nan
2065033021105_Node0_Node8_Zero,2065.053998,2068.114754,1,Expiry,0,1.04925114e-12,nan
2065041216332_Node0_Node8_Zero,2065.532284,2068.114754,1,Expiry,0,1.04925114e-12,nan
2065065809939_Node0_Node8_Zero,2065.539856,2068.114754,1,Expiry,0,1.04925114e-12,nan
2065074007496_Node0_Node8_Zero,2065.539856,2068.114754,1,Expiry,0,1.04925114e-12,nan
2065082200375_Node0_Node8_Zero,2065.544289,2068.114754,1,Expiry,0,1.04925114e-12,nan
2065090397048_Node0_Node8_Zero,2065.544289,2068.114754,1,Expiry,0,1.04925114e-12,nan
2065098589637_Node0_Node8_Zero,2065.548469,2068.114754,1,Expiry,0,1.04925114e-12,nan
2065106788184_Node0_Node8_Zero,2065.548469,2068.114754,1,Expiry,0,1.04925114e-12,nan
2065114983681_Node0_Node8_Zero,2065.550311,2068.196721,1,Expiry,0,1.04925114e-12,nan
2065123185058_Node0_Node8_Zero,2065.550311,2068.196721,1,Expiry,0,1.04925114e-12,nan
2065131382274_Node0_Node8_Zero,2065.552134,2068.196721,1,Expiry,0,1.04925114e-12,nan
2065139577684_Node0_Node8_Zero,2065.552134,2068.196721,1,Expiry,0,1.04925114e-12,nan
2065147774789_Node0_Node8_Zero,2065.554056,2068.196721,1,Expiry,0,1.04925114e-12,nan
2065155974371_Node0_Node8_Zero,2065.554056,2068.196721,1,Expiry,0,1.04925114e-12,nan
2065164166613_Node0_Node8_Zero,2065.555899,2068.196721,1,Expiry,0,1.04925114e-12,nan
2065172368177_Node0_Node8_Zero,2065.555899,2068.196721,1,Expiry,0,1.04925114e-12,nan
2065180569012_Node0_Node8_Zero,2065.557882,2068.196721,1,Expiry,0,1.04925114e-12,nan
2065188764750_Node0_Node8_Zero,2065.557882,2068.196721,1,Expiry,0,1.04925114e-12,nan
2065196960013_Node0_Node8_Zero,2065.559824,2068.278689,1,Expiry,0,1.04925114e-12,nan
2065205154909_Node0_Node8_Zero,2065.559824,2068.278689,1,Expiry,0,1.04925114e-12,nan
2065213353386_Node0_Node8_Zero,2065.561687,2068.278689,1,Expiry,0,1.04925114e-12,nan
2065221546310_Node0_Node8_Zero,2065.561687,2068.278689,1,Expiry,0,1.04925114e-12,nan
2065229741936_Node0_Node8_Zero,2065.565472,2068.278689,1,Expiry,0,1.04925114e-12,nan
2065237939725_Node0_Node8_Zero,2065.565472,2068.278689,1,Expiry,0,1.04925114e-12,nan
2065246136825_Node0_Node8_Zero,2065.567374,2068.278689,1,Expiry,0,1.04925114e-12,nan
2065254336984_Node0_Node8_Zero,2065.567374,2068.278689,1,Expiry,0,1.04925114e-12,nan
2065262532529_Node0_Node8_Zero,2065.569257,2068.278689,1,Expiry,0,1.04925114e-12,nan
2065270725503_Node0_Node8_Zero,2065.569257,2068.278689,1,Expiry,0,1.04925114e-12,nan
2065278917966_Node0_Node8_Zero,2065.573122,2068.360656,1,Expiry,0,1.04925114e-12,nan
2065287115849_Node0_Node8_Zero,2065.573122,2068.360656,1,Expiry,0,1.04925114e-12,nan
2065295313450_Node0_Node8_Zero,2065.574985,2068.360656,1,Expiry,0,1.04925114e-12,nan
2065303510261_Node0_Node8_Zero,2065.574985,2068.360656,1,Expiry,0,1.04925114e-12,nan
2065311711239_Node0_Node8_Zero,2065.576907,2068.360656,1,Expiry,0,1.04925114e-12,nan
2065319911561_Node0_Node8_Zero,2065.576907,2068.360656,1,Expiry,0,1.04925114e-12,nan
2065328103849_Node0_Node8_Zero,2065.582769,2068.360656,1,Expiry,0,1.04925114e-12,nan
2065336297879_Node0_Node8_Zero,2065.582769,2068.360656,1,Expiry,0,1.04925114e-12,nan
2065344495395_Node0_Node8_Zero,2065.584612,2068.360656,1,Expiry,0,1.04925114e-12,nan
2065352695497_Node0_Node8_Zero,2065.584612,2068.360656,1,Expiry,0,1.04925114e-12,nan
2065360889424_Node0_Node8_Zero,2065.590239,2068.442623,1,Expiry,0,0,nan
2065369088751_Node0_Node8_Zero,2065.590239,2068.442623,1,Expiry,0,0,nan
2065377287952_Node0_Node8_Zero,2065.594219,2068.442623,1,Expiry,0,0,nan
2065385481817_Node0_Node8_Zero,2065.594219,2068.442623,1,Expiry,0,0,nan
2065393680406_Node0_Node8_Zero,2065.596081,2068.442623,1,Expiry,0,0,nan
2065401876133_Node0_Node8_Zero,2065.596081,2068.442623,1,Expiry,0,0,nan
2065410075531_Node0_Node8_Zero,2065.597904,2068.442623,1,Expiry,0,0,nan
2065418267871_Node0_Node8_Zero,2065.597904,2068.442623,1,Expiry,0,0,nan
2065426459912_Node0_Node8_Zero,2065.599747,2068.442623,1,Expiry,0,0,nan
2065434652950_Node0_Node8_Zero,2065.599747,2068.442623,1,Expiry,0,0,nan
2065442846295_Node0_Node8_Zero,2065.605814,2068.52459,1,Expiry,0,1.04925114e-12,nan
2065451045100_Node0_Node8_Zero,2065.605814,2068.52459,1,Expiry,0,1.04925114e-12,nan
2065459244325_Node0_Node8_Zero,2065.607897,2068.52459,1,Expiry,0,1.04925114e-12,nan
2065467441309_Node0_Node8_Zero,2065.607897,2068.52459,1,Expiry,0,1.04925114e-12,nan
2065475640809_Node0_Node8_Zero,2065.609959,2068.52459,1,Expiry,0,1.04925114e-12,nan
2065483842072_Node0_Node8_Zero,2065.609959,2068.52459,1,Expiry,0,1.04925114e-12,nan
2065492040116_Node0_Node8_Zero,2065.611802,2068.52459,1,Expiry,0,1.04925114e-12,nan
2065500235998_Node0_Node8_Zero,2065.611802,2068.52459,1,Expiry,0,1.04925114e-12,nan
2065508435684_Node0_Node8_Zero,2065.615841,2068.52459,1,Expiry,0,1.04925114e-12,nan
2065516627933_Node0_Node8_Zero,2065.615841,2068.52459,1,Expiry,0,1.04925114e-12,nan
2065524828503_Node0_Node8_Zero,2065.617944,2068.606557,1,Expiry,0,0,nan
2065533028542_Node0_Node8_Zero,2065.617944,2068.606557,1,Expiry,0,0,nan
2065541227429_Node0_Node8_Zero,2065.619907,2068.606557,1,Expiry,0,0,nan
2065549423520_Node0_Node8_Zero,2065.619907,2068.606557,1,Expiry,0,0,nan
2065557624375_Node0_Node8_Zero,2065.638753,2068.606557,1,Expiry,0,0,nan
2065565824686_Node0_Node8_Zero,2065.638753,2068.606557,1,Expiry,0,0,nan
2065574016975_Node0_Node8_Zero,2065.640655,2068.606557,1,Expiry,0,0,nan
2065582214330_Node0_Node8_Zero,2065.640655,2068.606557,1,Expiry,0,0,nan
2065590406711_Node0_Node8_Zero,2065.642498,2068.606557,1,Expiry,0,0,nan
2065598607357_Node0_Node8_Zero,2065.642498,2068.606557,1,Expiry,0,0,nan
2065606806997_Node0_Node8_Zero,2065.64438,2068.688525,1,Expiry,0,1.04925114e-12,nan
2065615004087_Node0_Node8_Zero,2065.64438,2068.688525,1,Expiry,0,1.04925114e-12,nan
2065623197564_Node0_Node8_Zero,2065.650388,2068.688525,1,Expiry,0,1.04925114e-12,nan
2065631398083_Node0_Node8_Zero,2065.650388,2068.688525,1,Expiry,0,1.04925114e-12,nan
2065639595839_Node0_Node8_Zero,2065.652431,2068.688525,1,Expiry,0,1.04925114e-12,nan
2065647790044_Node0_Node8_Zero,2065.652431,2068.688525,1,Expiry,0,1.04925114e-12,nan
2065655991575_Node0_Node8_Zero,2065.657693,2068.688525,1,Expiry,0,1.04925114e-12,nan
2065664185546_Node0_Node8_Zero,2065.667119,2068.688525,1,Expiry,0,1.04925114e-12,nan
2065672382604_Node0_Node8_Zero,2065.674203,2068.688525,1,Expiry,0,1.04925114e-12,nan
2065680576716_Node0_Node8_Zero,2065.683369,2068.688525,1,Expiry,0,1.04925114e-12,nan
2065688771750_Node0_Node8_Zero,2065.691435,2068.770492,1,Expiry,0,1.04925114e-12,nan
2065696969299_Node0_Node8_Zero,2065.698584,2068.770492,1,Expiry,0,1.04925114e-12,nan
2065705161662_Node0_Node8_Zero,2065.7089,2068.770492,1,Expiry,0,1.04925114e-12,nan
2065713355596_Node0_Node8_Zero,2065.714656,2068.770492,1,Expiry,0,1.04925114e-12,nan
2065721548735_Node0_Node8_Zero,2065.722731,2068.770492,1,Expiry,0,1.04925114e-12,nan
2065729747939_Node0_Node8_Zero,2065.731346,2068.770492,1,Expiry,0,1.04925114e-12,nan
2065737946361_Node0_Node8_Zero,2066.018477,2068.770492,1,Expiry,0,1.04925114e-12,nan
2065746142338_Node0_Node8_Zero,2066.022256,2068.770492,1,Expiry,0,1.04925114e-12,nan
2065754340979_Node0_Node8_Zero,2066.022256,2068.770492,1,Expiry,0,1.04925114e-12,nan
2065762536043_Node0_Node8_Zero,2066.026016,2068.770492,1,Expiry,0,1.04925114e-12,nan
2065770736301_Node0_Node8_Zero,2066.026016,2068.852459,1,Expiry,0,1.04925114e-12,nan
2065778930177_Node0_Node8_Zero,2066.027978,2068.852459,1,Expiry,0,1.04925114e-12,nan
2065787128537_Node0_Node8_Zero,2066.027978,2068.852459,1,Expiry,0,1.04925114e-12,nan
2065795327234_Node0_Node8_Zero,2066.030001,2068.852459,1,Expiry,0,1.04925114e-12,nan
2065803524666_Node0_Node8_Zero,2066.030001,2068.852459,1,Expiry,0,1.04925114e-12,nan
2065811717078_Node0_Node8_Zero,2066.031923,2068.852459,1,Expiry,0,1.04925114e-12,nan
2065819915921_Node0_Node8_Zero,2066.031923,2068.852459,1,Expiry,0,1.04925114e-12,nan
2065828112357_Node0_Node8_Zero,2066.033746,2068.852459,1,Expiry,0,1.04925114e-12,nan
2065836304371_Node0_Node8_Zero,2066.033746,2068.852459,1,Expiry,0,1.04925114e-12,nan
2065844504989_Node0_Node8_Zero,2066.039634,2068.852459,1,Expiry,0,1.04925114e-12,nan
2065852702442_Node0_Node8_Zero,2066.039634,2068.934426,1,Expiry,0,1.04925114e-12,nan
2065860899945_Node0_Node8_Zero,2066.043873,2068.934426,1,Expiry,0,1.04925114e-12,nan
2065869100020_Node0_Node8_Zero,2066.043873,2068.934426,1,Expiry,0,1.04925114e-12,nan
2065877296667_Node0_Node8_Zero,2066.045776,2068.934426,1,Expiry,0,1.04925114e-12,nan
2065885496051_Node0_Node8_Zero,2066.045776,2068.934426,1,Expiry,0,1.04925114e-12,nan
2065893688951_Node0_Node8_Zero,2066.047798,2068.934426,1,Expiry,0,1.04925114e-12,nan
2065901890011_Node0_Node8_Zero,2066.047798,2068.934426,1,Expiry,0,1.04925114e-12,nan
2065910082119_Node0_Node8_Zero,2066.049701,2068.934426,1,Expiry,0,1.04925114e-12,nan
2065918274272_Node0_Node8_Zero,2066.049701,2068.934426,1,Expiry,0,1.04925114e-12,nan
2065926465995_Node0_Node8_Zero,2066.051583,2068.934426,1,Expiry,0,1.04925114e-12,nan
2065934666069_Node0_Node8_Zero,2066.051583,2069.016393,1,Expiry,0,1.04925114e-12,nan
2065942867686_Node0_Node8_Zero,2066.055348,2069.016393,1,Expiry,0,1.04925114e-12,nan
2065951060967_Node0_Node8_Zero,2066.055348,2069.016393,1,Expiry,0,1.04925114e-12,nan
2065959262207_Node0_Node8_Zero,2066.057271,2069.016393,1,Expiry,0,1.04925114e-12,nan
2065967462955_Node0_Node8_Zero,2066.057271,2069.016393,1,Expiry,0,1.04925114e-12,nan
2065975660715_Node0_Node8_Zero,2066.059194,2069.016393,1,Expiry,0,1.04925114e-12,nan
2065983862112_Node0_Node8_Zero,2066.059194,2069.016393,1,Expiry,0,1.04925114e-12,nan
2065992056929_Node0_Node8_Zero,2066.061156,2069.016393,1,Expiry,0,1.04925114e-12,nan
2066000256863_Node0_Node8_Zero,2066.061156,2069.016393,1,Expiry,0,1.04925114e-12,nan
2066008455442_Node0_Node8_Zero,2066.063059,2069.016393,1,Expiry,0,1.04925114e-12,nan
2066016657069_Node0_Node8_Zero,2066.063059,2069.098361,1,Expiry,0,0,nan
2066024854573_Node0_Node8_Zero,2066.070883,2069.098361,1,Expiry,0,0,nan
2066033054831_Node0_Node8_Zero,2066.070883,2069.098361,1,Expiry,0,0,nan
2066041250313_Node0_Node8_Zero,2066.072766,2069.098361,1,Expiry,0,0,nan
2066049451279_Node0_Node8_Zero,2066.072766,2069.098361,1,Expiry,0,0,nan
2066057645129_Node0_Node8_Zero,2066.074588,2069.098361,1,Expiry,0,0,nan
2066065844177_Node0_Node8_Zero,2066.074588,2069.098361,1,Expiry,0,0,nan
2066074044671_Node0_Node8_Zero,2066.075751,2069.098361,1,Expiry,0,0,nan
2066082246177_Node0_Node8_Zero,2066.087254,2069.098361,1,Expiry,0,0,nan
2066090443064_Node0_Node8_Zero,2066.093663,2069.098361,1,Expiry,0,0,nan
2066098639207_Node0_Node8_Zero,2066.100481,2069.180328,1,Expiry,0,0,nan
2066106837850_Node0_Node8_Zero,2066.110804,2069.180328,1,Expiry,0,0,nan
2066115039319_Node0_Node8_Zero,2066.117382,2069.180328,1,Expiry,0,0,nan
2066123231846_Node0_Node8_Zero,2066.125302,2069.180328,1,Expiry,0,0,nan
2066131432647_Node0_Node8_Zero,2066.132852,2069.180328,1,Expiry,0,0,nan
2066139628248_Node0_Node8_Zero,2066.141592,2069.180328,1,Expiry,0,0,nan
2066147821268_Node0_Node8_Zero,2066.148989,2069.180328,1,Expiry,0,0,nan
2066156021625_Node0_Node8_Zero,2066.158681,2069.180328,1,Expiry,0,0,nan
2066164220208_Node0_Node8_Zero,2066.975233,2069.180328,1,Expiry,0,0,nan
2066172414953_Node0_Node8_Zero,2067.634748,2069.180328,1,Expiry,0,0,nan
2066180608442_Node0_Node8_Zero,2067.634748,2069.262295,1,Expiry,0,1.04925114e-12,nan
2066188803829_Node0_Node8_Zero,2067.638767,2069.262295,1,Expiry,0,1.04925114e-12,nan
2066196999260_Node0_Node8_Zero,2067.638767,2069.262295,1,Expiry,0,1.04925114e-12,nan
2066205194635_Node0_Node8_Zero,2067.64085,2069.262295,1,Expiry,0,1.04925114e-12,nan
2066213394753_Node0_Node8_Zero,2067.64085,2069.262295,1,Expiry,0,1.04925114e-12,nan
2066221589125_Node0_Node8_Zero,2067.642852,2069.262295,1,Expiry,0,1.04925114e-12,nan
2066229786185_Node0_Node8_Zero,2067.642852,2069.262295,1,Expiry,0,1.04925114e-12,nan
2066237978204_Node0_Node8_Zero,2067.646897,2069.262295,1,Expiry,0,1.04925114e-12,nan
2066246178340_Node0_Node8_Zero,2067.646897,2069.262295,1,Expiry,0,1.04925114e-12,nan
2066254379279_Node0_Node8_Zero,2067.64872,2069.262295,1,Expiry,0,1.04925114e-12,nan
2066262572351_Node0_Node8_Zero,2067.64872,2069.344262,1,Expiry,0,1.04925114e-12,nan
2066270768566_Node0_Node8_Zero,2067.650762,2069.344262,1,Expiry,0,1.04925114e-12,nan
2066278963535_Node0_Node8_Zero,2067.650762,2069.344262,1,Expiry,0,1.04925114e-12,nan
2066287160235_Node0_Node8_Zero,2067.652585,2069.344262,1,Expiry,0,1.04925114e-12,nan
2066295357115_Node0_Node8_Zero,2067.652585,2069.344262,1,Expiry,0,1.04925114e-12,nan
2066303558678_Node0_Node8_Zero,2067.654448,2069.344262,1,Expiry,0,1.04925114e-12,nan
2066311757677_Node0_Node8_Zero,2067.654448,2069.344262,1,Expiry,0,1.04925114e-12,nan
2066319951881_Node0_Node8_Zero,2067.658487,2069.344262,1,Expiry,0,1.04925114e-12,nan
2066328146300_Node0_Node8_Zero,2067.658487,2069.344262,1,Expiry,0,1.04925114e-12,nan
2066336341875_Node0_Node8_Zero,2067.66047,2069.344262,1,Expiry,0,1.04925114e-12,nan
2066344536289_Node0_Node8_Zero,2067.66047,2069.42623,1,Expiry,0,1.04925114e-12,nan
2066352730940_Node0_Node8_Zero,2067.662372,2069.42623,1,Expiry,0,1.04925114e-12,nan
2066360930292_Node0_Node8_Zero,2067.662372,2069.42623,1,Expiry,0,1.04925114e-12,nan
2066369125166_Node0_Node8_Zero,2067.670702,2069.42623,1,Expiry,0,1.04925114e-12,nan
2066377321341_Node0_Node8_Zero,2067.670702,2069.42623,1,Expiry,0,1.04925114e-12,nan
2066385517262_Node0_Node8_Zero,2067.672645,2069.42623,1,Expiry,0,1.04925114e-12,nan
2066393715884_Node0_Node8_Zero,2067.672645,2069.42623,1,Expiry,0,1.04925114e-12,nan
2066401910672_Node0_Node8_Zero,2067.676404,2069.42623,1,Expiry,0,1.04925114e-12,nan
2066410109394_Node0_Node8_Zero,2067.676404,2069.42623,1,Expiry,0,1.04925114e-12,nan
2066418308318_Node0_Node8_Zero,2067.678247,2069.42623,1,Expiry,0,1.04925114e-12,nan
2066426500856_Node0_Node8_Zero,2067.678247,2069.508197,1,Expiry,0,0,nan
2066434701872_Node0_Node8_Zero,2067.68009,2069.508197,1,Expiry,0,0,nan
2066442897790_Node0_Node8_Zero,2067.68009,2069.508197,1,Expiry,0,0,nan
2066451095661_Node0_Node8_Zero,2067.689462,2069.508197,1,Expiry,0,0,nan
2066459296054_Node0_Node8_Zero,2067.689462,2069.508197,1,Expiry,0,0,nan
2066467488750_Node0_Node8_Zero,2067.693421,2069.508197,1,Expiry,0,0,nan
2066475685167_Node0_Node8_Zero,2067.693421,2069.508197,1,Expiry,0,0,nan
2066483884661_Node0_Node8_Zero,2067.695324,2069.508197,1,Expiry,0,0,nan
2066492080690_Node0_Node8_Zero,2067.695324,2069.508197,1,Expiry,0,0,nan
2066500276457_Node0_Node8_Zero,2067.697186,2069.508197,1,Expiry,0,0,nan
2066508469604_Node0_Node8_Zero,2067.697186,2069.590164,1,Expiry,0,5.258698200000001e-13,nan
2066516669771_Node0_Node8_Zero,2067.701226,2069.590164,1,Expiry,0,5.258698200000001e-13,nan
2066524863736_Node0_Node8_Zero,2067.701226,2069.590164,1,Expiry,0,5.258698200000001e-13,nan
2066533063468_Node0_Node8_Zero,2067.705245,2069.590164,1,Expiry,0,5.258698200000001e-13,nan
2066541261286_Node0_Node8_Zero,2067.705245,2069.590164,1,Expiry,0,5.258698200000001e-13,nan
2066549461432_Node0_Node8_Zero,2067.707168,2069.590164,1,Expiry,0,5.258698200000001e-13,nan
2066557663050_Node0_Node8_Zero,2067.707168,2069.590164,1,Expiry,0,5.258698200000001e-13,nan
2066565859616_Node0_Node8_Zero,2067.711193,2069.590164,1,Expiry,0,5.258698200000001e-13,nan
2066574058142_Node0_Node8_Zero,2067.711193,2069.590164,1,Expiry,0,5.258698200000001e-13,nan
2066582253754_Node0_Node8_Zero,2067.713255,2069.590164,1,Expiry,0,5.258698200000001e-13,nan
2066590451249_Node0_Node8_Zero,2067.713255,2069.672131,1,Expiry,0,5.258698200000001e-13,nan
2066598650122_Node0_Node8_Zero,2067.715138,2069.672131,1,Expiry,0,5.258698200000001e-13,nan
2066606847571_Node0_Node8_Zero,2067.715138,2069.672131,1,Expiry,0,5.258698200000001e-13,nan
2066615046853_Node0_Node8_Zero,2067.723168,2069.672131,1,Expiry,0,5.258698200000001e-13,nan
2066623246343_Node0_Node8_Zero,2067.723168,2069.672131,1,Expiry,0,5.258698200000001e-13,nan
2066631442354_Node0_Node8_Zero,2067.725271,2069.672131,1,Expiry,0,5.258698200000001e-13,nan
2066639638196_Node0_Node8_Zero,2067.725271,2069.672131,1,Expiry,0,5.258698200000001e-13,nan
2066647833554_Node0_Node8_Zero,2067.733675,2069.672131,1,Expiry,0,5.258698200000001e-13,nan
2066656033950_Node0_Node8_Zero,2067.733675,2069.672131,1,Expiry,0,5.258698200000001e-13,nan
2066664233518_Node0_Node8_Zero,2067.735558,2069.672131,1,Expiry,0,5.258698200000001e-13,nan
2066672429614_Node0_Node8_Zero,2067.735558,2069.754098,1,Expiry,0,0,nan
2066680628134_Node0_Node8_Zero,2067.739543,2069.754098,1,Expiry,0,0,nan
2066688829436_Node0_Node8_Zero,2067.739543,2069.754098,1,Expiry,0,0,nan
2066697024107_Node0_Node8_Zero,2067.741506,2069.754098,1,Expiry,0,0,nan
2066705224952_Node0_Node8_Zero,2067.741506,2069.754098,1,Expiry,0,0,nan
2066713425544_Node0_Node8_Zero,2067.743448,2069.754098,1,Expiry,0,0,nan
2066721619139_Node0_Node8_Zero,2067.743448,2069.754098,1,Expiry,0,0,nan
2066729817399_Node0_Node8_Zero,2067.745291,2069.754098,1,Expiry,0,0,nan
2066738018211_Node0_Node8_Zero,2067.745291,2069.754098,1,Expiry,0,0,nan
2066746215599_Node0_Node8_Zero,2067.749136,2069.754098,1,Expiry,0,0,nan
2066754408349_Node0_Node8_Zero,2067.749136,2069.836066,1,Expiry,0,0,nan
2066762603139_Node0_Node8_Zero,2067.751078,2069.836066,1,Expiry,0,0,nan
2066770797812_Node0_Node8_Zero,2067.751078,2069.836066,1,Expiry,0,0,nan
2066778992820_Node0_Node8_Zero,2067.755143,2069.836066,1,Expiry,0,0,nan
2066787191535_Node0_Node8_Zero,2067.755143,2069.836066,1,Expiry,0,0,nan
2066795384766_Node0_Node8_Zero,2067.757086,2069.836066,1,Expiry,0,0,nan
2066803583096_Node0_Node8_Zero,2067.757086,2069.836066,1,Expiry,0,0,nan
2066811779807_Node0_Node8_Zero,2067.759029,2069.836066,1,Expiry,0,0,nan
2066819971836_Node0_Node8_Zero,2067.759029,2069.836066,1,Expiry,0,0,nan
2066828171878_Node0_Node8_Zero,2067.763014,2069.836066,1,Expiry,0,0,nan
2066836363846_Node0_Node8_Zero,2067.763014,2069.918033,1,Expiry,0,5.258698200000001e-13,nan
2066844564535_Node0_Node8_Zero,2067.764856,2069.918033,1,Expiry,0,5.258698200000001e-13,nan
2066852761367_Node0_Node8_Zero,2067.764856,2069.918033,1,Expiry,0,5.258698200000001e-13,nan
2066860957082_Node0_Node8_Zero,2067.766839,2069.918033,1,Expiry,0,5.258698200000001e-13,nan
2066869153161_Node0_Node8_Zero,2067.766839,2069.918033,1,Expiry,0,5.258698200000001e-13,nan
2066877351322_Node0_Node8_Zero,2067.768721,2069.918033,1,Expiry,0,5.258698200000001e-13,nan
2066885551150_Node0_Node8_Zero,2067.768721,2069.918033,1,Expiry,0,5.258698200000001e-13,nan
2066893750007_Node0_Node8_Zero,2067.772527,2069.918033,1,Expiry,0,5.258698200000001e-13,nan
2066901950325_Node0_Node8_Zero,2067.772527,2069.918033,1,Expiry,0,5.258698200000001e-13,nan
2066910148772_Node0_Node8_Zero,2067.780605,2069.918033,1,Expiry,0,5.258698200000001e-13,nan
2066918344840_Node0_Node8_Zero,2067.780605,2070.0,1,Expiry,0,5.258698200000001e-13,nan
2066926544005_Node0_Node8_Zero,2067.782608,2070.0,1,Expiry,0,5.258698200000001e-13,nan
2066934744662_Node0_Node8_Zero,2067.782608,2070.0,1,Expiry,0,5.258698200000001e-13,nan
2066942938375_Node0_Node8_Zero,2067.786813,2070.0,1,Expiry,0,5.258698200000001e-13,nan
2066951133608_Node0_Node8_Zero,2067.786813,2070.0,1,Expiry,0,5.258698200000001e-13,nan
2066959333888_Node0_Node8_Zero,2067.788696,2070.0,1,Expiry,0,5.258698200000001e-13,nan
2066967527935_Node0_Node8_Zero,2067.788696,2070.0,1,Expiry,0,5.258698200000001e-13,nan
2066975726596_Node0_Node8_Zero,2067.790798,2070.0,1,Expiry,0,5.258698200000001e-13,nan
2066983924808_Node0_Node8_Zero,2067.790798,2070.0,1,Expiry,0,5.258698200000001e-13,nan
2066992121128_Node0_Node8_Zero,2067.792621,2070.0,1,Expiry,0,5.258698200000001e-13,nan
2067000320199_Node0_Node8_Zero,2067.792621,2070.081967,1,Expiry,0,5.258698200000001e-13,nan
2067008515541_Node0_Node8_Zero,2067.794563,2070.081967,1,Expiry,0,5.258698200000001e-13,nan
2067016714122_Node0_Node8_Zero,2067.794563,2070.081967,1,Expiry,0,5.258698200000001e-13,nan
2067024906796_Node0_Node8_Zero,2067.796506,2070.081967,1,Expiry,0,5.258698200000001e-13,nan
2067033102867_Node0_Node8_Zero,2067.796506,2070.081967,1,Expiry,0,5.258698200000001e-13,nan
2067041297106_Node0_Node8_Zero,2067.798349,2070.081967,1,Expiry,0,5.258698200000001e-13,nan
2067049492310_Node0_Node8_Zero,2067.798349,2070.081967,1,Expiry,0,5.258698200000001e-13,nan
2067057690452_Node0_Node8_Zero,2067.802154,2070.081967,1,Expiry,0,5.258698200000001e-13,nan
2067065889448_Node0_Node8_Zero,2067.802154,2070.081967,1,Expiry,0,5.258698200000001e-13,nan
2067074086554_Node0_Node8_Zero,2067.803976,2070.081967,1,Expiry,0,5.258698200000001e-13,nan
2067082281522_Node0_Node8_Zero,2067.803976,2070.163934,1,Expiry,0,5.258698200000001e-13,nan
2067090482517_Node0_Node8_Zero,2067.808001,2070.163934,1,Expiry,0,5.258698200000001e-13,nan
2067098681851_Node0_Node8_Zero,2067.808001,2070.163934,1,Expiry,0,5.258698200000001e-13,nan
2067106875570_Node0_Node8_Zero,2067.811901,2070.163934,1,Expiry,0,5.258698200000001e-13,nan
2067115067707_Node0_Node8_Zero,2067.811901,2070.163934,1,Expiry,0,5.258698200000001e-13,nan
2067123263097_Node0_Node8_Zero,2067.813863,2070.163934,1,Expiry,0,5.258698200000001e-13,nan
2067131463421_Node0_Node8_Zero,2067.813863,2070.163934,1,Expiry,0,5.258698200000001e-13,nan
2067139658243_Node0_Node8_Zero,2067.815786,2070.163934,1,Expiry,0,5.258698200000001e-13,nan
2067147853567_Node0_Node8_Zero,2067.815786,2070.163934,1,Expiry,0,5.258698200000001e-13,nan
2067156049385_Node0_Node8_Zero,2067.817628,2070.163934,1,Expiry,0,5.258698200000001e-13,nan
2067164249123_Node0_Node8_Zero,2067.817628,2070.245902,1,Expiry,0,1.04925114e-12,nan
2067172446157_Node0_Node8_Zero,2067.819471,2070.245902,1,Expiry,0,1.04925114e-12,nan
2067180639400_Node0_Node8_Zero,2067.819471,2070.245902,1,Expiry,0,1.04925114e-12,nan
2067188834927_Node0_Node8_Zero,2067.825433,2070.245902,1,Expiry,0,1.04925114e-12,nan
2067197031885_Node0_Node8_Zero,2067.825433,2070.245902,1,Expiry,0,1.04925114e-12,nan
2067205233374_Node0_Node8_Zero,2067.83992,2070.245902,1,Expiry,0,1.04925114e-12,nan
2067213425636_Node0_Node8_Zero,2067.83992,2070.245902,1,Expiry,0,1.04925114e-12,nan
2067221618897_Node0_Node8_Zero,2067.841862,2070.245902,1,Expiry,0,1.04925114e-12,nan
2067229815586_Node0_Node8_Zero,2067.841862,2070.245902,1,Expiry,0,1.04925114e-12,nan
2067238013627_Node0_Node8_Zero,2067.846102,2070.245902,1,Expiry,0,1.04925114e-12,nan
2067246212733_Node0_Node8_Zero,2067.846102,2070.327869,1,Expiry,0,1.04925114e-12,nan
2067254412419_Node0_Node8_Zero,2067.847944,2070.327869,1,Expiry,0,1.04925114e-12,nan
2067262613777_Node0_Node8_Zero,2067.847944,2070.327869,1,Expiry,0,1.04925114e-12,nan
2067270811619_Node0_Node8_Zero,2067.850067,2070.327869,1,Expiry,0,1.04925114e-12,nan
2067279005310_Node0_Node8_Zero,2067.850067,2070.327869,1,Expiry,0,1.04925114e-12,nan
2067287198615_Node0_Node8_Zero,2067.851949,2070.327869,1,Expiry,0,1.04925114e-12,nan
2067295392328_Node0_Node8_Zero,2067.851949,2070.327869,1,Expiry,0,1.04925114e-12,nan
2067303585856_Node0_Node8_Zero,2067.855854,2070.327869,1,Expiry,0,1.04925114e-12,nan
2067311787142_Node0_Node8_Zero,2067.855854,2070.327869,1,Expiry,0,1.04925114e-12,nan
2067319983286_Node0_Node8_Zero,2067.857737,2070.327869,1,Expiry,0,1.04925114e-12,nan
2067328183513_Node0_Node8_Zero,2067.857737,2070.409836,1,Expiry,0,0,nan
2067336377627_Node0_Node8_Zero,2067.85968,2070.409836,1,Expiry,0,0,nan
2067344572926_Node0_Node8_Zero,2067.85968,2070.409836,1,Expiry,0,0,nan
2067352767871_Node0_Node8_Zero,2067.867704,2070.409836,1,Expiry,0,0,nan
2067360967228_Node0_Node8_Zero,2067.867704,2070.409836,1,Expiry,0,0,nan
2067369162795_Node0_Node8_Zero,2067.869727,2070.409836,1,Expiry,0,0,nan
2067377358874_Node0_Node8_Zero,2067.869727,2070.409836,1,Expiry,0,0,nan
2067385552866_Node0_Node8_Zero,2067.871749,2070.409836,1,Expiry,0,0,nan
2067393751524_Node0_Node8_Zero,2067.871749,2070.409836,1,Expiry,0,0,nan
2067401951214_Node0_Node8_Zero,2067.873572,2070.409836,1,Expiry,0,0,nan
2067410143372_Node0_Node8_Zero,2067.873572,2070.491803,1,Expiry,0,0,nan
2067418343957_Node0_Node8_Zero,2067.875474,2070.491803,1,Expiry,0,0,nan
2067426542193_Node0_Node8_Zero,2067.875474,2070.491803,1,Expiry,0,0,nan
2067434737046_Node0_Node8_Zero,2067.877337,2070.491803,1,Expiry,0,0,nan
2067442933072_Node0_Node8_Zero,2067.877337,2070.491803,1,Expiry,0,0,nan
2067451130102_Node0_Node8_Zero,2067.881442,2070.491803,1,Expiry,0,0,nan
2067459322702_Node0_Node8_Zero,2067.881442,2070.491803,1,Expiry,0,0,nan
2067467520049_Node0_Node8_Zero,2067.885607,2070.491803,1,Expiry,0,0,nan
2067475713635_Node0_Node8_Zero,2067.885607,2070.491803,1,Expiry,0,0,nan
2067483910732_Node0_Node8_Zero,2067.88767,2070.491803,1,Expiry,0,0,nan
2067492104981_Node0_Node8_Zero,2067.88767,2070.57377,1,Expiry,0,5.258698200000001e-13,nan
2067500301180_Node0_Node8_Zero,2067.893937,2070.57377,1,Expiry,0,5.258698200000001e-13,nan
2067508497830_Node0_Node8_Zero,2067.893937,2070.57377,1,Expiry,0,5.258698200000001e-13,nan
2067516692605_Node0_Node8_Zero,2067.89576,2070.57377,1,Expiry,0,5.258698200000001e-13,nan
2067524889083_Node0_Node8_Zero,2067.89576,2070.57377,1,Expiry,0,5.258698200000001e-13,nan
2067533084335_Node0_Node8_Zero,2067.901562,2070.57377,1,Expiry,0,5.258698200000001e-13,nan
2067541283073_Node0_Node8_Zero,2067.901562,2070.57377,1,Expiry,0,5.258698200000001e-13,nan
2067549478450_Node0_Node8_Zero,2067.903625,2070.57377,1,Expiry,0,5.258698200000001e-13,nan
2067557674668_Node0_Node8_Zero,2067.903625,2070.57377,1,Expiry,0,5.258698200000001e-13,nan
2067565874664_Node0_Node8_Zero,2067.905587,2070.57377,1,Expiry,0,5.258698200000001e-13,nan
2067574075856_Node0_Node8_Zero,2067.905587,2070.655738,1,Expiry,0,1.04925114e-12,nan
2067582275361_Node0_Node8_Zero,2067.90767,2070.655738,1,Expiry,0,1.04925114e-12,nan
2067590471671_Node0_Node8_Zero,2067.90767,2070.655738,1,Expiry,0,1.04925114e-12,nan
2067598668620_Node0_Node8_Zero,2067.909552,2070.655738,1,Expiry,0,1.04925114e-12,nan
2067606869979_Node0_Node8_Zero,2067.909552,2070.655738,1,Expiry,0,1.04925114e-12,nan
2067615065893_Node0_Node8_Zero,2067.913572,2070.655738,1,Expiry,0,1.04925114e-12,nan
2067623265649_Node0_Node8_Zero,2067.913572,2070.655738,1,Expiry,0,1.04925114e-12,nan
2067631464614_Node0_Node8_Zero,2067.915674,2070.655738,1,Expiry,0,1.04925114e-12,nan
2067639660214_Node0_Node8_Zero,2067.915674,2070.655738,1,Expiry,0,1.04925114e-12,nan
2067647859538_Node0_Node8_Zero,2067.917557,2070.655738,1,Expiry,0,1.04925114e-12,nan
2067656058018_Node0_Node8_Zero,2067.917557,2070.737705,1,Expiry,0,5.258698200000001e-13,nan
2067664257078_Node0_Node8_Zero,2067.919519,2070.737705,1,Expiry,0,5.258698200000001e-13,nan
2067672456205_Node0_Node8_Zero,2067.919519,2070.737705,1,Expiry,0,5.258698200000001e-13,nan
2067680652410_Node0_Node8_Zero,2067.921342,2070.737705,1,Expiry,0,5.258698200000001e-13,nan
2067688849709_Node0_Node8_Zero,2067.921342,2070.737705,1,Expiry,0,5.258698200000001e-13,nan
2067697049393_Node0_Node8_Zero,2067.923284,2070.737705,1,Expiry,0,5.258698200000001e-13,nan
2067705242336_Node0_Node8_Zero,2067.923284,2070.737705,1,Expiry,0,5.258698200000001e-13,nan
2067713442837_Node0_Node8_Zero,2067.925327,2070.737705,1,Expiry,0,5.258698200000001e-13,nan
2067721637009_Node0_Node8_Zero,2067.925327,2070.737705,1,Expiry,0,5.258698200000001e-13,nan
2067729836944_Node0_Node8_Zero,2067.92727,2070.737705,1,Expiry,0,5.258698200000001e-13,nan
2067738029112_Node0_Node8_Zero,2067.92727,2070.819672,1,Expiry,0,0,nan
2067746225973_Node0_Node8_Zero,2067.931129,2070.819672,1,Expiry,0,0,nan
2067754418898_Node0_Node8_Zero,2067.931129,2070.819672,1,Expiry,0,0,nan
2067762614185_Node0_Node8_Zero,2067.932972,2070.819672,1,Expiry,0,0,nan
2067770814433_Node0_Node8_Zero,2067.932972,2070.819672,1,Expiry,0,0,nan
2067779011177_Node0_Node8_Zero,2067.934794,2070.819672,1,Expiry,0,0,nan
2067787206824_Node0_Node8_Zero,2067.934794,2070.819672,1,Expiry,0,0,nan
2067795408428_Node0_Node8_Zero,2067.950995,2070.819672,1,Expiry,0,0,nan
2067803610040_Node0_Node8_Zero,2067.950995,2070.819672,1,Expiry,0,0,nan
2067811802993_Node0_Node8_Zero,2067.952937,2070.819672,1,Expiry,0,0,nan
2067820002226_Node0_Node8_Zero,2067.952937,2070.901639,1,Expiry,0,5.258698200000001e-13,nan
2067828201795_Node0_Node8_Zero,2067.95484,2070.901639,1,Expiry,0,5.258698200000001e-13,nan
2067836398417_Node0_Node8_Zero,2067.95484,2070.901639,1,Expiry,0,5.258698200000001e-13,nan
2067844598354_Node0_Node8_Zero,2067.956662,2070.901639,1,Expiry,0,5.258698200000001e-13,nan
2067852797339_Node0_Node8_Zero,2067.956662,2070.901639,1,Expiry,0,5.258698200000001e-13,nan
2067860989533_Node0_Node8_Zero,2067.958525,2070.901639,1,Expiry,0,5.258698200000001e-13,nan
2067869190208_Node0_Node8_Zero,2067.958525,2070.901639,1,Expiry,0,5.258698200000001e-13,nan
2067877384227_Node0_Node8_Zero,2067.960527,2070.901639,1,Expiry,0,5.258698200000001e-13,nan
2067885576897_Node0_Node8_Zero,2067.960527,2070.901639,1,Expiry,0,5.258698200000001e-13,nan
2067893776034_Node0_Node8_Zero,2067.96243,2070.901639,1,Expiry,0,5.258698200000001e-13,nan
2067901977496_Node0_Node8_Zero,2067.96243,2070.983607,1,Expiry,0,0,nan
2067910173626_Node0_Node8_Zero,2067.968472,2070.983607,1,Expiry,0,0,nan
2067918369990_Node0_Node8_Zero,2067.968472,2070.983607,1,Expiry,0,0,nan
2067926569415_Node0_Node8_Zero,2067.970415,2070.983607,1,Expiry,0,0,nan
2067934764127_Node0_Node8_Zero,2067.970415,2070.983607,1,Expiry,0,0,nan
2067942965357_Node0_Node8_Zero,2067.972297,2070.983607,1,Expiry,0,0,nan
2067951160006_Node0_Node8_Zero,2067.972297,2070.983607,1,Expiry,0,0,nan
2067959355881_Node0_Node8_Zero,2067.986715,2070.983607,1,Expiry,0,0,nan
2067967553606_Node0_Node8_Zero,2067.986715,2070.983607,1,Expiry,0,0,nan
2067975754782_Node0_Node8_Zero,2067.988578,2070.983607,1,Expiry,0,0,nan
2067983947325_Node0_Node8_Zero,2067.988578,2071.065574,1,Expiry,0,0,nan
2067992143834_Node0_Node8_Zero,2067.993925,2071.065574,1,Expiry,0,0,nan
2068000339627_Node0_Node8_Zero,2068.002566,2071.065574,1,Expiry,0,0,nan
2068008540397_Node0_Node8_Zero,2068.011472,2071.065574,1,Expiry,0,0,nan
2068016741810_Node0_Node8_Zero,2068.019041,2071.065574,1,Expiry,0,0,nan
2068024934908_Node0_Node8_Zero,2068.027913,2071.065574,1,Expiry,0,0,nan
2068033135652_Node0_Node8_Zero,2068.036539,2071.065574,1,Expiry,0,0,nan
2068041329754_Node0_Node8_Zero,2068.043103,2071.065574,1,Expiry,0,0,nan
2068049524844_Node0_Node8_Zero,2068.050807,2071.065574,1,Expiry,0,0,nan
2068057722114_Node0_Node8_Zero,2068.063687,2071.065574,1,Expiry,0,0,nan
2068065914730_Node0_Node8_Zero,2068.066986,2071.147541,1,Expiry,0,0,nan
2068074107601_Node0_Node8_Zero,2068.075792,2071.147541,1,Expiry,0,0,nan
2068082307405_Node0_Node8_Zero,2068.084753,2071.147541,1,Expiry,0,0,nan
2068090501450_Node0_Node8_Zero,2068.490979,2071.147541,1,Expiry,0,0,nan
2068098701096_Node0_Node8_Zero,2068.495718,2071.147541,1,Expiry,0,0,nan
2068106893431_Node0_Node8_Zero,2068.495718,2071.147541,1,Expiry,0,0,nan
2068115085895_Node0_Node8_Zero,2068.497621,2071.147541,1,Expiry,0,0,nan
2068123282046_Node0_Node8_Zero,2068.497621,2071.147541,1,Expiry,0,0,nan
2068131479914_Node0_Node8_Zero,2068.499563,2071.147541,1,Expiry,0,0,nan
2068139676324_Node0_Node8_Zero,2068.499563,2071.147541,1,Expiry,0,0,nan
2068147876781_Node0_Node8_Zero,2068.503543,2071.229508,1,Expiry,0,5.258698200000001e-13,nan
2068156077462_Node0_Node8_Zero,2068.503543,2071.229508,1,Expiry,0,5.258698200000001e-13,nan
2068164276556_Node0_Node8_Zero,2068.505385,2071.229508,1,Expiry,0,5.258698200000001e-13,nan
2068172468775_Node0_Node8_Zero,2068.505385,2071.229508,1,Expiry,0,5.258698200000001e-13,nan
2068180670278_Node0_Node8_Zero,2068.507328,2071.229508,1,Expiry,0,5.258698200000001e-13,nan
2068188868961_Node0_Node8_Zero,2068.507328,2071.229508,1,Expiry,0,5.258698200000001e-13,nan
2068197066265_Node0_Node8_Zero,2068.50917,2071.229508,1,Expiry,0,5.258698200000001e-13,nan
2068205267765_Node0_Node8_Zero,2068.50917,2071.229508,1,Expiry,0,5.258698200000001e-13,nan
2068213461377_Node0_Node8_Zero,2068.510993,2071.229508,1,Expiry,0,5.258698200000001e-13,nan
2068221656787_Node0_Node8_Zero,2068.510993,2071.229508,1,Expiry,0,5.258698200000001e-13,nan
2068229858387_Node0_Node8_Zero,2068.512895,2071.311475,1,Expiry,0,0,nan
2068238054235_Node0_Node8_Zero,2068.512895,2071.311475,1,Expiry,0,0,nan
2068246253834_Node0_Node8_Zero,2068.516821,2071.311475,1,Expiry,0,0,nan
2068254450144_Node0_Node8_Zero,2068.516821,2071.311475,1,Expiry,0,0,nan
2068262646959_Node0_Node8_Zero,2068.525065,2071.311475,1,Expiry,0,0,nan
2068270843503_Node0_Node8_Zero,2068.525065,2071.311475,1,Expiry,0,0,nan
2068279037926_Node0_Node8_Zero,2068.526888,2071.311475,1,Expiry,0,0,nan
2068287236884_Node0_Node8_Zero,2068.526888,2071.311475,1,Expiry,0,0,nan
2068295432394_Node0_Node8_Zero,2068.52889,2071.311475,1,Expiry,0,0,nan
2068303627025_Node0_Node8_Zero,2068.52889,2071.311475,1,Expiry,0,0,nan
2068311823881_Node0_Node8_Zero,2068.530713,2071.393443,1,Expiry,0,0,nan
2068320016137_Node0_Node8_Zero,2068.530713,2071.393443,1,Expiry,0,0,nan
2068328208781_Node0_Node8_Zero,2068.534838,2071.393443,1,Expiry,0,0,nan
2068336406375_Node0_Node8_Zero,2068.534838,2071.393443,1,Expiry,0,0,nan
2068344603599_Node0_Node8_Zero,2068.536801,2071.393443,1,Expiry,0,0,nan
2068352801153_Node0_Node8_Zero,2068.536801,2071.393443,1,Expiry,0,0,nan
2068360998110_Node0_Node8_Zero,2068.54066,2071.393443,1,Expiry,0,0,nan
2068369193804_Node0_Node8_Zero,2068.54066,2071.393443,1,Expiry,0,0,nan
2068377392262_Node0_Node8_Zero,2068.542743,2071.393443,1,Expiry,0,0,nan
2068385588640_Node0_Node8_Zero,2068.542743,2071.393443,1,Expiry,0,0,nan
2068393780813_Node0_Node8_Zero,2068.550701,2071.47541,1,Expiry,0,5.258698200000001e-13,nan
2068401973745_Node0_Node8_Zero,2068.550701,2071.47541,1,Expiry,0,5.258698200000001e-13,nan
2068410174343_Node0_Node8_Zero,2068.552644,2071.47541,1,Expiry,0,5.258698200000001e-13,nan
2068418371826_Node0_Node8_Zero,2068.552644,2071.47541,1,Expiry,0,5.258698200000001e-13,nan
2068426569894_Node0_Node8_Zero,2068.554767,2071.47541,1,Expiry,0,5.258698200000001e-13,nan
2068434762431_Node0_Node8_Zero,2068.554767,2071.47541,1,Expiry,0,5.258698200000001e-13,nan
2068442959152_Node0_Node8_Zero,2068.558786,2071.47541,1,Expiry,0,5.258698200000001e-13,nan
2068451156803_Node0_Node8_Zero,2068.558786,2071.47541,1,Expiry,0,5.258698200000001e-13,nan
2068459353233_Node0_Node8_Zero,2068.560909,2071.47541,1,Expiry,0,5.258698200000001e-13,nan
2068467552887_Node0_Node8_Zero,2068.560909,2071.47541,1,Expiry,0,5.258698200000001e-13,nan
2068475752267_Node0_Node8_Zero,2068.564968,2071.557377,1,Expiry,0,0,nan
2068483952875_Node0_Node8_Zero,2068.564968,2071.557377,1,Expiry,0,0,nan
2068492145998_Node0_Node8_Zero,2068.567051,2071.557377,1,Expiry,0,0,nan
2068500343515_Node0_Node8_Zero,2068.567051,2071.557377,1,Expiry,0,0,nan
2068508539495_Node0_Node8_Zero,2068.569013,2071.557377,1,Expiry,0,0,nan
2068516737459_Node0_Node8_Zero,2068.569013,2071.557377,1,Expiry,0,0,nan
2068524930807_Node0_Node8_Zero,2068.570856,2071.557377,1,Expiry,0,0,nan
2068533129728_Node0_Node8_Zero,2068.570856,2071.557377,1,Expiry,0,0,nan
2068541325954_Node0_Node8_Zero,2068.572798,2071.557377,1,Expiry,0,0,nan
2068549527287_Node0_Node8_Zero,2068.572798,2071.557377,1,Expiry,0,0,nan
2068557728709_Node0_Node8_Zero,2068.5787,2071.639344,1,Expiry,0,0,nan
2068565929448_Node0_Node8_Zero,2068.5787,2071.639344,1,Expiry,0,0,nan
2068574126516_Node0_Node8_Zero,2068.579903,2071.639344,1,Expiry,0,0,nan
2068582323657_Node0_Node8_Zero,2068.614151,2071.639344,1,Expiry,0,0,nan
2068590518118_Node0_Node8_Zero,2068.924523,2071.639344,1,Expiry,0,0,nan
2068598715476_Node0_Node8_Zero,2068.924523,2071.639344,1,Expiry,0,0,nan
2068606908203_Node0_Node8_Zero,2068.926525,2071.639344,1,Expiry,0,0,nan
2068615107574_Node0_Node8_Zero,2068.926525,2071.639344,1,Expiry,0,0,nan
2068623309222_Node0_Node8_Zero,2068.928388,2071.639344,1,Expiry,0,0,nan
2068631505203_Node0_Node8_Zero,2068.928388,2071.639344,1,Expiry,0,0,nan
2068639706431_Node0_Node8_Zero,2068.93023,2071.721311,1,Expiry,0,0,nan
2068647906516_Node0_Node8_Zero,2068.93023,2071.721311,1,Expiry,0,0,nan
2068656098826_Node0_Node8_Zero,2068.932173,2071.721311,1,Expiry,0,0,nan
2068664295501_Node0_Node8_Zero,2068.932173,2071.721311,1,Expiry,0,0,nan
2068672493299_Node0_Node8_Zero,2068.934255,2071.721311,1,Expiry,0,0,nan
2068680686506_Node0_Node8_Zero,2068.934255,2071.721311,1,Expiry,0,0,nan
2068688887939_Node0_Node8_Zero,2068.936178,2071.721311,1,Expiry,0,0,nan
2068697085234_Node0_Node8_Zero,2068.936178,2071.721311,1,Expiry,0,0,nan
2068705279408_Node0_Node8_Zero,2068.938101,2071.721311,1,Expiry,0,0,nan
2068713471296_Node0_Node8_Zero,2068.938101,2071.721311,1,Expiry,0,0,nan
2068721670259_Node0_Node8_Zero,2068.941986,2071.803279,1,Expiry,0,0,nan
2068729869827_Node0_Node8_Zero,2068.941986,2071.803279,1,Expiry,0,0,nan
2068738064263_Node0_Node8_Zero,2068.943928,2071.803279,1,Expiry,0,0,nan
2068746257025_Node0_Node8_Zero,2068.943928,2071.803279,1,Expiry,0,0,nan
2068754452984_Node0_Node8_Zero,2068.948073,2071.803279,1,Expiry,0,0,nan
2068762649179_Node0_Node8_Zero,2068.948073,2071.803279,1,Expiry,0,0,nan
2068770846654_Node0_Node8_Zero,2068.949956,2071.803279,1,Expiry,0,0,nan
2068779046138_Node0_Node8_Zero,2068.949956,2071.803279,1,Expiry,0,0,nan
2068787239340_Node0_Node8_Zero,2068.951899,2071.803279,1,Expiry,0,0,nan
2068795434626_Node0_Node8_Zero,2068.951899,2071.803279,1,Expiry,0,0,nan
2068803632178_Node0_Node8_Zero,2068.953781,2071.885246,1,Expiry,0,0,nan
2068811826827_Node0_Node8_Zero,2068.953781,2071.885246,1,Expiry,0,0,nan
2068820026619_Node0_Node8_Zero,2068.961686,2071.885246,1,Expiry,0,0,nan
2068828221351_Node0_Node8_Zero,2068.961686,2071.885246,1,Expiry,0,0,nan
2068836414168_Node0_Node8_Zero,2068.965585,2071.885246,1,Expiry,0,0,nan
2068844606024_Node0_Node8_Zero,2068.965585,2071.885246,1,Expiry,0,0,nan
2068852801097_Node0_Node8_Zero,2068.973704,2071.885246,1,Expiry,0,0,nan
2068860996388_Node0_Node8_Zero,2068.973704,2071.885246,1,Expiry,0,0,nan
2068869197670_Node0_Node8_Zero,2068.975707,2071.885246,1,Expiry,0,0,nan
2068877392838_Node0_Node8_Zero,2068.975707,2071.885246,1,Expiry,0,0,nan
2068885591257_Node0_Node8_Zero,2068.981783,2071.967213,1,Expiry,0,1.04925114e-12,nan
2068893788297_Node0_Node8_Zero,2068.981783,2071.967213,1,Expiry,0,1.04925114e-12,nan
2068901981274_Node0_Node8_Zero,2068.983845,2071.967213,1,Expiry,0,1.04925114e-12,nan
2068910175436_Node0_Node8_Zero,2068.983845,2071.967213,1,Expiry,0,1.04925114e-12,nan
2068918374710_Node0_Node8_Zero,2068.985908,2071.967213,1,Expiry,0,1.04925114e-12,nan
2068926571681_Node0_Node8_Zero,2068.985908,2071.967213,1,Expiry,0,1.04925114e-12,nan
2068934770843_Node0_Node8_Zero,2068.987931,2071.967213,1,Expiry,0,1.04925114e-12,nan
2068942969193_Node0_Node8_Zero,2068.987931,2071.967213,1,Expiry,0,1.04925114e-12,nan
2068951162499_Node0_Node8_Zero,2068.989893,2071.967213,1,Expiry,0,1.04925114e-12,nan
2068959359809_Node0_Node8_Zero,2068.989893,2071.967213,1,Expiry,0,1.04925114e-12,nan
2068967553459_Node0_Node8_Zero,2068.991776,2072.04918,1,Expiry,0,1.04925114e-12,nan
2068975748642_Node0_Node8_Zero,2068.991776,2072.04918,1,Expiry,0,1.04925114e-12,nan
2068983940426_Node0_Node8_Zero,2068.996818,2072.04918,1,Expiry,0,1.04925114e-12,nan
2068992141354_Node0_Node8_Zero,2069.000022,2072.04918,1,Expiry,0,1.04925114e-12,nan
2069000338909_Node0_Node8_Zero,2069.056748,2072.04918,1,Expiry,0,1.04925114e-12,nan
2069008532881_Node0_Node8_Zero,2069.060944,2072.04918,1,Expiry,0,1.04925114e-12,nan
2069016733070_Node0_Node8_Zero,2069.060944,2072.04918,1,Expiry,0,1.04925114e-12,nan
2069024926811_Node0_Node8_Zero,2069.065063,2072.04918,1,Expiry,0,1.04925114e-12,nan
2069033122306_Node0_Node8_Zero,2069.065063,2072.04918,1,Expiry,0,1.04925114e-12,nan
2069041314576_Node0_Node8_Zero,2069.067166,2072.04918,1,Expiry,0,1.04925114e-12,nan
2069049511010_Node0_Node8_Zero,2069.067166,2072.131148,1,Expiry,0,1.04925114e-12,nan
2069057711174_Node0_Node8_Zero,2069.068188,2072.131148,1,Expiry,0,1.04925114e-12,nan
2069065906709_Node0_Node8_Zero,2069.06929,2072.131148,1,Expiry,0,1.04925114e-12,nan
2069074098800_Node0_Node8_Zero,2069.076219,2072.131148,1,Expiry,0,1.04925114e-12,nan
2069082300329_Node0_Node8_Zero,2069.526913,2072.131148,1,Expiry,0,1.04925114e-12,nan
2069090496237_Node0_Node8_Zero,2069.531493,2072.131148,1,Expiry,0,1.04925114e-12,nan
2069098690817_Node0_Node8_Zero,2069.533373,2072.131148,1,Expiry,0,1.04925114e-12,nan
2069106882799_Node0_Node8_Zero,2069.535312,2072.131148,1,Expiry,0,1.04925114e-12,nan
2069115075088_Node0_Node8_Zero,2069.539532,2072.131148,1,Expiry,0,1.04925114e-12,nan
2069123273111_Node0_Node8_Zero,2069.541571,2072.131148,1,Expiry,0,1.04925114e-12,nan
2069131473468_Node0_Node8_Zero,2069.543471,2072.213115,1,Expiry,0,1.04925114e-12,nan
2069139673993_Node0_Node8_Zero,2069.54541,2072.213115,1,Expiry,0,1.04925114e-12,nan
2069147874939_Node0_Node8_Zero,2069.54753,2072.213115,1,Expiry,0,1.04925114e-12,nan
2069156073444_Node0_Node8_Zero,2069.54939,2072.213115,1,Expiry,0,1.04925114e-12,nan
2069164271513_Node0_Node8_Zero,2069.551469,2072.213115,1,Expiry,0,1.04925114e-12,nan
2069172464291_Node0_Node8_Zero,2069.553429,2072.213115,1,Expiry,0,1.04925114e-12,nan
2069180662846_Node0_Node8_Zero,2069.555469,2072.213115,1,Expiry,0,1.04925114e-12,nan
2069188856356_Node0_Node8_Zero,2069.557368,2072.213115,1,Expiry,0,1.04925114e-12,nan
2069197056960_Node0_Node8_Zero,2069.559408,2072.213115,1,Expiry,0,1.04925114e-12,nan
2069205249367_Node0_Node8_Zero,2069.561288,2072.213115,1,Expiry,0,1.04925114e-12,nan
2069213446342_Node0_Node8_Zero,2069.563367,2072.295082,1,Expiry,0,0,nan
2069221646483_Node0_Node8_Zero,2069.565327,2072.295082,1,Expiry,0,0,nan
2069229847581_Node0_Node8_Zero,2069.567387,2072.295082,1,Expiry,0,0,nan
2069238047359_Node0_Node8_Zero,2069.569386,2072.295082,1,Expiry,0,0,nan
2069246239129_Node0_Node8_Zero,2069.571266,2072.295082,1,Expiry,0,0,nan
2069254432232_Node0_Node8_Zero,2069.573346,2072.295082,1,Expiry,0,0,nan
2069262633365_Node0_Node8_Zero,2069.575305,2072.295082,1,Expiry,0,0,nan
2069270829348_Node0_Node8_Zero,2069.585644,2072.295082,1,Expiry,0,0,nan
2069279023952_Node0_Node8_Zero,2069.587703,2072.295082,1,Expiry,0,0,nan
2069287225381_Node0_Node8_Zero,2069.59171,2072.295082,1,Expiry,0,0,nan
2069295417562_Node0_Node8_Zero,2069.593669,2072.377049,1,Expiry,0,1.04925114e-12,nan
2069303618219_Node0_Node8_Zero,2069.595729,2072.377049,1,Expiry,0,1.04925114e-12,nan
2069311811414_Node0_Node8_Zero,2069.597689,2072.377049,1,Expiry,0,1.04925114e-12,nan
2069320004017_Node0_Node8_Zero,2069.599608,2072.377049,1,Expiry,0,1.04925114e-12,nan
2069328198443_Node0_Node8_Zero,2069.601488,2072.377049,1,Expiry,0,1.04925114e-12,nan
2069336398069_Node0_Node8_Zero,2069.603568,2072.377049,1,Expiry,0,1.04925114e-12,nan
2069344592511_Node0_Node8_Zero,2069.605547,2072.377049,1,Expiry,0,1.04925114e-12,nan
2069352787323_Node0_Node8_Zero,2069.607607,2072.377049,1,Expiry,0,1.04925114e-12,nan
2069360983431_Node0_Node8_Zero,2069.609667,2072.377049,1,Expiry,0,1.04925114e-12,nan
2069369178072_Node0_Node8_Zero,2069.611586,2072.377049,1,Expiry,0,1.04925114e-12,nan
2069377375634_Node0_Node8_Zero,2069.613586,2072.459016,1,Expiry,0,0,nan
2069385568739_Node0_Node8_Zero,2069.623991,2072.459016,1,Expiry,0,0,nan
2069393765609_Node0_Node8_Zero,2069.625911,2072.459016,1,Expiry,0,0,nan
2069401965900_Node0_Node8_Zero,2069.630178,2072.459016,1,Expiry,0,0,nan
2069410159330_Node0_Node8_Zero,2069.632197,2072.459016,1,Expiry,0,0,nan
2069418353685_Node0_Node8_Zero,2069.642297,2072.459016,1,Expiry,0,0,nan
2069426547014_Node0_Node8_Zero,2069.644377,2072.459016,1,Expiry,0,0,nan
2069434740286_Node0_Node8_Zero,2069.646437,2072.459016,1,Expiry,0,0,nan
2069442933406_Node0_Node8_Zero,2069.648356,2072.459016,1,Expiry,0,0,nan
2069451130351_Node0_Node8_Zero,2069.654755,2072.459016,1,Expiry,0,0,nan
2069459331387_Node0_Node8_Zero,2069.656695,2072.540984,1,Expiry,0,1.04925114e-12,nan
2069467527855_Node0_Node8_Zero,2069.658594,2072.540984,1,Expiry,0,1.04925114e-12,nan
2069475729466_Node0_Node8_Zero,2069.664748,2072.540984,1,Expiry,0,1.04925114e-12,nan
2069483924900_Node0_Node8_Zero,2069.666608,2072.540984,1,Expiry,0,1.04925114e-12,nan
2069492123470_Node0_Node8_Zero,2069.668607,2072.540984,1,Expiry,0,1.04925114e-12,nan
2069500321129_Node0_Node8_Zero,2069.670567,2072.540984,1,Expiry,0,1.04925114e-12,nan
2069508519240_Node0_Node8_Zero,2069.672506,2072.540984,1,Expiry,0,1.04925114e-12,nan
2069516712782_Node0_Node8_Zero,2069.6806,2072.540984,1,Expiry,0,1.04925114e-12,nan
2069524914489_Node0_Node8_Zero,2069.682499,2072.540984,1,Expiry,0,1.04925114e-12,nan
2069533110910_Node0_Node8_Zero,2069.688353,2072.540984,1,Expiry,0,1.04925114e-12,nan
2069541305932_Node0_Node8_Zero,2069.692339,2072.622951,1,Expiry,0,0,nan
2069549501642_Node0_Node8_Zero,2069.694279,2072.622951,1,Expiry,0,0,nan
2069557695956_Node0_Node8_Zero,2069.700258,2072.622951,1,Expiry,0,0,nan
2069565891860_Node0_Node8_Zero,2069.704284,2072.622951,1,Expiry,0,0,nan
2069574090611_Node0_Node8_Zero,2069.706304,2072.622951,1,Expiry,0,0,nan
2069582288389_Node0_Node8_Zero,2069.71025,2072.622951,1,Expiry,0,0,nan
2069590486122_Node0_Node8_Zero,2069.71209,2072.622951,1,Expiry,0,0,nan
2069598678259_Node0_Node8_Zero,2069.71407,2072.622951,1,Expiry,0,0,nan
2069606879145_Node0_Node8_Zero,2069.715909,2072.622951,1,Expiry,0,0,nan
2069615071440_Node0_Node8_Zero,2069.717849,2072.622951,1,Expiry,0,0,nan
2069623266815_Node0_Node8_Zero,2069.728155,2072.704918,1,Expiry,0,0,nan
2069631459011_Node0_Node8_Zero,2069.730174,2072.704918,1,Expiry,0,0,nan
2069639655792_Node0_Node8_Zero,2069.732114,2072.704918,1,Expiry,0,0,nan
2069647857062_Node0_Node8_Zero,2069.734054,2072.704918,1,Expiry,0,0,nan
2069656056326_Node0_Node8_Zero,2069.74004,2072.704918,1,Expiry,0,0,nan
2069664252046_Node0_Node8_Zero,2069.744219,2072.704918,1,Expiry,0,0,nan
2069672451339_Node0_Node8_Zero,2069.746199,2072.704918,1,Expiry,0,0,nan
2069680647401_Node0_Node8_Zero,2069.748098,2072.704918,1,Expiry,0,0,nan
2069688841250_Node0_Node8_Zero,2069.749958,2072.704918,1,Expiry,0,0,nan
2069697038415_Node0_Node8_Zero,2069.753824,2072.704918,1,Expiry,0,0,nan
2069705238815_Node0_Node8_Zero,2069.757984,2072.786885,1,Expiry,0,1.04925114e-12,nan
2069713431271_Node0_Node8_Zero,2069.759883,2072.786885,1,Expiry,0,1.04925114e-12,nan
2069721628821_Node0_Node8_Zero,2069.761783,2072.786885,1,Expiry,0,1.04925114e-12,nan
2069729828390_Node0_Node8_Zero,2069.763643,2072.786885,1,Expiry,0,1.04925114e-12,nan
2069738021943_Node0_Node8_Zero,2069.769556,2072.786885,1,Expiry,0,1.04925114e-12,nan
2069746221776_Node0_Node8_Zero,2069.771536,2072.786885,1,Expiry,0,1.04925114e-12,nan
2069754420441_Node0_Node8_Zero,2069.773455,2072.786885,1,Expiry,0,1.04925114e-12,nan
2069762616903_Node0_Node8_Zero,2069.775435,2072.786885,1,Expiry,0,1.04925114e-12,nan
2069770812381_Node0_Node8_Zero,2069.779594,2072.786885,1,Expiry,0,1.04925114e-12,nan
2069779013502_Node0_Node8_Zero,2069.781481,2072.786885,1,Expiry,0,1.04925114e-12,nan
2069787214321_Node0_Node8_Zero,2069.789814,2072.868852,1,Expiry,0,1.04925114e-12,nan
2069795411156_Node0_Node8_Zero,2069.80034,2072.868852,1,Expiry,0,1.04925114e-12,nan
2069803609983_Node0_Node8_Zero,2069.806513,2072.868852,1,Expiry,0,1.04925114e-12,nan
2069811805641_Node0_Node8_Zero,2069.814766,2072.868852,1,Expiry,0,1.04925114e-12,nan
2069820004074_Node0_Node8_Zero,2069.825512,2072.868852,1,Expiry,0,1.04925114e-12,nan
2069828202693_Node0_Node8_Zero,2069.831705,2072.868852,1,Expiry,0,1.04925114e-12,nan
2069836403212_Node0_Node8_Zero,2069.839991,2072.868852,1,Expiry,0,1.04925114e-12,nan
2069844602411_Node0_Node8_Zero,2069.847586,2072.868852,1,Expiry,0,1.04925114e-12,nan
2069852800056_Node0_Node8_Zero,2069.856205,2072.868852,1,Expiry,0,1.04925114e-12,nan
2069860993461_Node0_Node8_Zero,2069.866785,2072.868852,1,Expiry,0,1.04925114e-12,nan
2069869189712_Node0_Node8_Zero,2070.217464,2072.95082,1,Expiry,0,0,nan
2069893778290_Node0_Node8_Zero,2070.223933,2072.95082,1,Expiry,0,0,nan
2069901980009_Node0_Node8_Zero,2070.223933,2072.95082,1,Expiry,0,0,nan
2069910180742_Node0_Node8_Zero,2070.232295,2072.95082,1,Expiry,0,0,nan
2069918375547_Node0_Node8_Zero,2070.232295,2072.95082,1,Expiry,0,0,nan
2069926570061_Node0_Node8_Zero,2070.236375,2072.95082,1,Expiry,0,0,nan
2069934763250_Node0_Node8_Zero,2070.236375,2072.95082,1,Expiry,0,0,nan
2069942962736_Node0_Node8_Zero,2070.238417,2072.95082,1,Expiry,0,0,nan
2069951157536_Node0_Node8_Zero,2070.238417,2073.032787,1,Expiry,0,0,nan
2069959351037_Node0_Node8_Zero,2070.244593,2073.032787,1,Expiry,0,0,nan
2069967549301_Node0_Node8_Zero,2070.244593,2073.032787,1,Expiry,0,0,nan
2069975747473_Node0_Node8_Zero,2070.246516,2073.032787,1,Expiry,0,0,nan
2069983948997_Node0_Node8_Zero,2070.246516,2073.032787,1,Expiry,0,0,nan
2069992145331_Node0_Node8_Zero,2070.254729,2073.032787,1,Expiry,0,0,nan
2070000337872_Node0_Node8_Zero,2070.254729,2073.032787,1,Expiry,0,0,nan
2070008538962_Node0_Node8_Zero,2070.256672,2073.032787,1,Expiry,0,0,nan
2070016739666_Node0_Node8_Zero,2070.256672,2073.032787,1,Expiry,0,0,nan
2070024935690_Node0_Node8_Zero,2070.262659,2073.032787,1,Expiry,0,0,nan
2070033135822_Node0_Node8_Zero,2070.262659,2073.114754,1,Expiry,0,1.04925114e-12,nan
2070041333715_Node0_Node8_Zero,2070.264722,2073.114754,1,Expiry,0,1.04925114e-12,nan
2070049526871_Node0_Node8_Zero,2070.264722,2073.114754,1,Expiry,0,1.04925114e-12,nan
2070057728276_Node0_Node8_Zero,2070.266825,2073.114754,1,Expiry,0,1.04925114e-12,nan
2070065922088_Node0_Node8_Zero,2070.266825,2073.114754,1,Expiry,0,1.04925114e-12,nan
2070074121405_Node0_Node8_Zero,2070.268667,2073.114754,1,Expiry,0,1.04925114e-12,nan
2070082320049_Node0_Node8_Zero,2070.268667,2073.114754,1,Expiry,0,1.04925114e-12,nan
2070090516409_Node0_Node8_Zero,2070.272512,2073.114754,1,Expiry,0,1.04925114e-12,nan
2070098715347_Node0_Node8_Zero,2070.272512,2073.114754,1,Expiry,0,1.04925114e-12,nan
2070106913693_Node0_Node8_Zero,2070.274435,2073.114754,1,Expiry,0,1.04925114e-12,nan
2070115111004_Node0_Node8_Zero,2070.274435,2073.196721,1,Expiry,0,1.04925114e-12,nan
2070123304929_Node0_Node8_Zero,2070.276337,2073.196721,1,Expiry,0,1.04925114e-12,nan
2070131504448_Node0_Node8_Zero,2070.276337,2073.196721,1,Expiry,0,1.04925114e-12,nan
2070139697662_Node0_Node8_Zero,2070.2784,2073.196721,1,Expiry,0,1.04925114e-12,nan
2070147895371_Node0_Node8_Zero,2070.2784,2073.196721,1,Expiry,0,1.04925114e-12,nan
2070156090786_Node0_Node8_Zero,2070.280222,2073.196721,1,Expiry,0,1.04925114e-12,nan
2070164292207_Node0_Node8_Zero,2070.280222,2073.196721,1,Expiry,0,1.04925114e-12,nan
2070172491420_Node0_Node8_Zero,2070.287993,2073.196721,1,Expiry,0,1.04925114e-12,nan
2070180685972_Node0_Node8_Zero,2070.287993,2073.196721,1,Expiry,0,1.04925114e-12,nan
2070188877826_Node0_Node8_Zero,2070.290035,2073.196721,1,Expiry,0,1.04925114e-12,nan
2070197076577_Node0_Node8_Zero,2070.290035,2073.278689,1,Expiry,0,0,nan
2070205276931_Node0_Node8_Zero,2070.291978,2073.278689,1,Expiry,0,0,nan
2070213473520_Node0_Node8_Zero,2070.291978,2073.278689,1,Expiry,0,0,nan
2070221669601_Node0_Node8_Zero,2070.295903,2073.278689,1,Expiry,0,0,nan
2070229867075_Node0_Node8_Zero,2070.295903,2073.278689,1,Expiry,0,0,nan
2070238063882_Node0_Node8_Zero,2070.297906,2073.278689,1,Expiry,0,0,nan
2070246262420_Node0_Node8_Zero,2070.297906,2073.278689,1,Expiry,0,0,nan
2070254461745_Node0_Node8_Zero,2070.301845,2073.278689,1,Expiry,0,0,nan
2070262654930_Node0_Node8_Zero,2070.301845,2073.278689,1,Expiry,0,0,nan
2070270847183_Node0_Node8_Zero,2070.303788,2073.278689,1,Expiry,0,0,nan
2070279046804_Node0_Node8_Zero,2070.303788,2073.360656,1,Expiry,0,1.04925114e-12,nan
2070287240000_Node0_Node8_Zero,2070.30997,2073.360656,1,Expiry,0,1.04925114e-12,nan
2070295441072_Node0_Node8_Zero,2070.30997,2073.360656,1,Expiry,0,1.04925114e-12,nan
2070303641250_Node0_Node8_Zero,2070.310992,2073.360656,1,Expiry,0,1.04925114e-12,nan
2070311838690_Node0_Node8_Zero,2070.314137,2073.360656,1,Expiry,0,1.04925114e-12,nan
2070320038459_Node0_Node8_Zero,2070.321697,2073.360656,1,Expiry,0,1.04925114e-12,nan
2070328233615_Node0_Node8_Zero,2070.330284,2073.360656,1,Expiry,0,1.04925114e-12,nan
2070336432425_Node0_Node8_Zero,2070.337947,2073.360656,1,Expiry,0,1.04925114e-12,nan
2070344626801_Node0_Node8_Zero,2070.345822,2073.360656,1,Expiry,0,1.04925114e-12,nan
2070352820433_Node0_Node8_Zero,2070.354082,2073.360656,1,Expiry,0,1.04925114e-12,nan
2070361020593_Node0_Node8_Zero,2070.363489,2073.442623,1,Expiry,0,1.04925114e-12,nan
2070369217715_Node0_Node8_Zero,2070.370707,2073.442623,1,Expiry,0,1.04925114e-12,nan
2070377410758_Node0_Node8_Zero,2070.379273,2073.442623,1,Expiry,0,1.04925114e-12,nan
2070385611276_Node0_Node8_Zero,2070.387798,2073.442623,1,Expiry,0,1.04925114e-12,nan
2070393809835_Node0_Node8_Zero,2070.395378,2073.442623,1,Expiry,0,1.04925114e-12,nan
2070402007359_Node0_Node8_Zero,2070.405309,2073.442623,1,Expiry,0,1.04925114e-12,nan
2070410205997_Node0_Node8_Zero,2070.772623,2073.442623,1,Expiry,0,1.04925114e-12,nan
2070418400285_Node0_Node8_Zero,2071.894975,2073.442623,1,Expiry,0,1.04925114e-12,nan
2070426596011_Node0_Node8_Zero,2071.894975,2073.442623,1,Expiry,0,1.04925114e-12,nan
2070434797006_Node0_Node8_Zero,2071.898199,2073.442623,1,Expiry,0,1.04925114e-12,nan
2070442990624_Node0_Node8_Zero,2071.898199,2073.52459,1,Expiry,0,1.04925114e-12,nan
2070451185684_Node0_Node8_Zero,2071.900162,2073.52459,1,Expiry,0,1.04925114e-12,nan
2070459384236_Node0_Node8_Zero,2071.900162,2073.52459,1,Expiry,0,1.04925114e-12,nan
2070467577859_Node0_Node8_Zero,2071.902004,2073.52459,1,Expiry,0,1.04925114e-12,nan
2070475779098_Node0_Node8_Zero,2071.902004,2073.52459,1,Expiry,0,1.04925114e-12,nan
2070483976276_Node0_Node8_Zero,2071.907986,2073.52459,1,Expiry,0,1.04925114e-12,nan
2070492177000_Node0_Node8_Zero,2071.907986,2073.52459,1,Expiry,0,1.04925114e-12,nan
2070500377559_Node0_Node8_Zero,2071.910109,2073.52459,1,Expiry,0,1.04925114e-12,nan
2070508572362_Node0_Node8_Zero,2071.910109,2073.52459,1,Expiry,0,1.04925114e-12,nan
2070516764280_Node0_Node8_Zero,2071.914334,2073.52459,1,Expiry,0,1.04925114e-12,nan
2070524960180_Node0_Node8_Zero,2071.914334,2073.606557,1,Expiry,0,1.04925114e-12,nan
2070533153687_Node0_Node8_Zero,2071.916257,2073.606557,1,Expiry,0,1.04925114e-12,nan
2070541352502_Node0_Node8_Zero,2071.916257,2073.606557,1,Expiry,0,1.04925114e-12,nan
2070549549495_Node0_Node8_Zero,2071.920276,2073.606557,1,Expiry,0,1.04925114e-12,nan
2070557746291_Node0_Node8_Zero,2071.920276,2073.606557,1,Expiry,0,1.04925114e-12,nan
2070565940335_Node0_Node8_Zero,2071.924215,2073.606557,1,Expiry,0,1.04925114e-12,nan
2070574133170_Node0_Node8_Zero,2071.924215,2073.606557,1,Expiry,0,1.04925114e-12,nan
2070582327104_Node0_Node8_Zero,2071.926298,2073.606557,1,Expiry,0,1.04925114e-12,nan
2070590524588_Node0_Node8_Zero,2071.926298,2073.606557,1,Expiry,0,1.04925114e-12,nan
2070598724286_Node0_Node8_Zero,2071.928221,2073.606557,1,Expiry,0,1.04925114e-12,nan
2070606917657_Node0_Node8_Zero,2071.928221,2073.688525,1,Expiry,0,1.04925114e-12,nan
2070615111499_Node0_Node8_Zero,2071.930083,2073.688525,1,Expiry,0,1.04925114e-12,nan
2070623305422_Node0_Node8_Zero,2071.930083,2073.688525,1,Expiry,0,1.04925114e-12,nan
2070631502858_Node0_Node8_Zero,2071.932006,2073.688525,1,Expiry,0,1.04925114e-12,nan
2070639699374_Node0_Node8_Zero,2071.932006,2073.688525,1,Expiry,0,1.04925114e-12,nan
2070647895047_Node0_Node8_Zero,2071.936025,2073.688525,1,Expiry,0,1.04925114e-12,nan
2070656089144_Node0_Node8_Zero,2071.936025,2073.688525,1,Expiry,0,1.04925114e-12,nan
2070664287592_Node0_Node8_Zero,2071.938108,2073.688525,1,Expiry,0,1.04925114e-12,nan
2070672486167_Node0_Node8_Zero,2071.938108,2073.688525,1,Expiry,0,1.04925114e-12,nan
2070680679374_Node0_Node8_Zero,2071.93999,2073.688525,1,Expiry,0,1.04925114e-12,nan
2070688874425_Node0_Node8_Zero,2071.93999,2073.770492,1,Expiry,0,0,nan
2070697074648_Node0_Node8_Zero,2071.943955,2073.770492,1,Expiry,0,0,nan
2070705272452_Node0_Node8_Zero,2071.943955,2073.770492,1,Expiry,0,0,nan
2070713472710_Node0_Node8_Zero,2071.945878,2073.770492,1,Expiry,0,0,nan
2070721674340_Node0_Node8_Zero,2071.945878,2073.770492,1,Expiry,0,0,nan
2070729870241_Node0_Node8_Zero,2071.947741,2073.770492,1,Expiry,0,0,nan
2070738064415_Node0_Node8_Zero,2071.947741,2073.770492,1,Expiry,0,0,nan
2070746259504_Node0_Node8_Zero,2071.949683,2073.770492,1,Expiry,0,0,nan
2070754455303_Node0_Node8_Zero,2071.949683,2073.770492,1,Expiry,0,0,nan
2070762656702_Node0_Node8_Zero,2071.957782,2073.770492,1,Expiry,0,0,nan
2070770857565_Node0_Node8_Zero,2071.957782,2073.852459,1,Expiry,0,0,nan
2070779051616_Node0_Node8_Zero,2071.959785,2073.852459,1,Expiry,0,0,nan
2070787249421_Node0_Node8_Zero,2071.959785,2073.852459,1,Expiry,0,0,nan
2070795445551_Node0_Node8_Zero,2071.963904,2073.852459,1,Expiry,0,0,nan
2070803646938_Node0_Node8_Zero,2071.963904,2073.852459,1,Expiry,0,0,nan
2070811840253_Node0_Node8_Zero,2071.965787,2073.852459,1,Expiry,0,0,nan
2070820039296_Node0_Node8_Zero,2071.965787,2073.852459,1,Expiry,0,0,nan
2070828234455_Node0_Node8_Zero,2071.967649,2073.852459,1,Expiry,0,0,nan
2070836427462_Node0_Node8_Zero,2071.967649,2073.852459,1,Expiry,0,0,nan
2070844624319_Node0_Node8_Zero,2071.973605,2073.852459,1,Expiry,0,0,nan
2070852821601_Node0_Node8_Zero,2071.973605,2073.934426,1,Expiry,0,0,nan
2070861023112_Node0_Node8_Zero,2071.975608,2073.934426,1,Expiry,0,0,nan
2070869224804_Node0_Node8_Zero,2071.975608,2073.934426,1,Expiry,0,0,nan
2070877422087_Node0_Node8_Zero,2071.979687,2073.934426,1,Expiry,0,0,nan
2070885622793_Node0_Node8_Zero,2071.979687,2073.934426,1,Expiry,0,0,nan
2070893818297_Node0_Node8_Zero,2071.98175,2073.934426,1,Expiry,0,0,nan
2070902014035_Node0_Node8_Zero,2071.98175,2073.934426,1,Expiry,0,0,nan
2070910211393_Node0_Node8_Zero,2071.985869,2073.934426,1,Expiry,0,0,nan
2070918405082_Node0_Node8_Zero,2071.985869,2073.934426,1,Expiry,0,0,nan
2070926602634_Node0_Node8_Zero,2071.987752,2073.934426,1,Expiry,0,0,nan
2070934795425_Node0_Node8_Zero,2071.987752,2074.016393,1,Expiry,0,5.258698200000001e-13,nan
2070942992556_Node0_Node8_Zero,2071.989735,2074.016393,1,Expiry,0,5.258698200000001e-13,nan
2070951192245_Node0_Node8_Zero,2071.989735,2074.016393,1,Expiry,0,5.258698200000001e-13,nan
2070959389101_Node0_Node8_Zero,2071.995822,2074.016393,1,Expiry,0,5.258698200000001e-13,nan
2070967584415_Node0_Node8_Zero,2071.995822,2074.016393,1,Expiry,0,5.258698200000001e-13,nan
2070975784034_Node0_Node8_Zero,2071.997865,2074.016393,1,Expiry,0,5.258698200000001e-13,nan
2070983982750_Node0_Node8_Zero,2071.997865,2074.016393,1,Expiry,0,5.258698200000001e-13,nan
2070992184262_Node0_Node8_Zero,2071.999807,2074.016393,1,Expiry,0,5.258698200000001e-13,nan
2071000381152_Node0_Node8_Zero,2071.999807,2074.016393,1,Expiry,0,5.258698200000001e-13,nan
2071008573025_Node0_Node8_Zero,2072.003692,2074.016393,1,Expiry,0,5.258698200000001e-13,nan
2071016765518_Node0_Node8_Zero,2072.003692,2074.098361,1,Expiry,0,5.258698200000001e-13,nan
2071024961746_Node0_Node8_Zero,2072.005735,2074.098361,1,Expiry,0,5.258698200000001e-13,nan
2071033158092_Node0_Node8_Zero,2072.005735,2074.098361,1,Expiry,0,5.258698200000001e-13,nan
2071041351663_Node0_Node8_Zero,2072.007578,2074.098361,1,Expiry,0,5.258698200000001e-13,nan
2071049549684_Node0_Node8_Zero,2072.007578,2074.098361,1,Expiry,0,5.258698200000001e-13,nan
2071057747181_Node0_Node8_Zero,2072.00942,2074.098361,1,Expiry,0,5.258698200000001e-13,nan
2071065941470_Node0_Node8_Zero,2072.00942,2074.098361,1,Expiry,0,5.258698200000001e-13,nan
2071074141061_Node0_Node8_Zero,2072.015528,2074.098361,1,Expiry,0,5.258698200000001e-13,nan
2071082340516_Node0_Node8_Zero,2072.015528,2074.098361,1,Expiry,0,5.258698200000001e-13,nan
2071090536550_Node0_Node8_Zero,2072.032097,2074.098361,1,Expiry,0,5.258698200000001e-13,nan
2071098737953_Node0_Node8_Zero,2072.032097,2074.180328,1,Expiry,0,5.258698200000001e-13,nan
2071106935566_Node0_Node8_Zero,2072.03418,2074.180328,1,Expiry,0,5.258698200000001e-13,nan
2071115130602_Node0_Node8_Zero,2072.03418,2074.180328,1,Expiry,0,5.258698200000001e-13,nan
2071123322971_Node0_Node8_Zero,2072.038039,2074.180328,1,Expiry,0,5.258698200000001e-13,nan
2071131516263_Node0_Node8_Zero,2072.038039,2074.180328,1,Expiry,0,5.258698200000001e-13,nan
2071139711369_Node0_Node8_Zero,2072.044181,2074.180328,1,Expiry,0,5.258698200000001e-13,nan
2071147909235_Node0_Node8_Zero,2072.044181,2074.180328,1,Expiry,0,5.258698200000001e-13,nan
2071156109284_Node0_Node8_Zero,2072.049977,2074.180328,1,Expiry,0,5.258698200000001e-13,nan
2071164306642_Node0_Node8_Zero,2072.049977,2074.180328,1,Expiry,0,5.258698200000001e-13,nan
2071172499492_Node0_Node8_Zero,2072.05184,2074.180328,1,Expiry,0,5.258698200000001e-13,nan
2071180695564_Node0_Node8_Zero,2072.05184,2074.262295,1,Expiry,0,5.258698200000001e-13,nan
2071188888410_Node0_Node8_Zero,2072.053762,2074.262295,1,Expiry,0,5.258698200000001e-13,nan
2071197080238_Node0_Node8_Zero,2072.053762,2074.262295,1,Expiry,0,5.258698200000001e-13,nan
2071205281891_Node0_Node8_Zero,2072.059644,2074.262295,1,Expiry,0,5.258698200000001e-13,nan
2071213481761_Node0_Node8_Zero,2072.059644,2074.262295,1,Expiry,0,5.258698200000001e-13,nan
2071221677487_Node0_Node8_Zero,2072.065826,2074.262295,1,Expiry,0,5.258698200000001e-13,nan
2071229876143_Node0_Node8_Zero,2072.065826,2074.262295,1,Expiry,0,5.258698200000001e-13,nan
2071238073611_Node0_Node8_Zero,2072.067789,2074.262295,1,Expiry,0,5.258698200000001e-13,nan
2071246265875_Node0_Node8_Zero,2072.067789,2074.262295,1,Expiry,0,5.258698200000001e-13,nan
2071254463099_Node0_Node8_Zero,2072.069892,2074.262295,1,Expiry,0,5.258698200000001e-13,nan
2071262661447_Node0_Node8_Zero,2072.069892,2074.344262,1,Expiry,0,0,nan
2071270862588_Node0_Node8_Zero,2072.071774,2074.344262,1,Expiry,0,0,nan
2071279062293_Node0_Node8_Zero,2072.071774,2074.344262,1,Expiry,0,0,nan
2071287258758_Node0_Node8_Zero,2072.073597,2074.344262,1,Expiry,0,0,nan
2071295452976_Node0_Node8_Zero,2072.073597,2074.344262,1,Expiry,0,0,nan
2071303650849_Node0_Node8_Zero,2072.077442,2074.344262,1,Expiry,0,0,nan
2071311845139_Node0_Node8_Zero,2072.077442,2074.344262,1,Expiry,0,0,nan
2071320039046_Node0_Node8_Zero,2072.079504,2074.344262,1,Expiry,0,0,nan
2071328232786_Node0_Node8_Zero,2072.079504,2074.344262,1,Expiry,0,0,nan
2071336429732_Node0_Node8_Zero,2072.087609,2074.344262,1,Expiry,0,0,nan
2071344624392_Node0_Node8_Zero,2072.087609,2074.42623,1,Expiry,0,5.258698200000001e-13,nan
2071352821555_Node0_Node8_Zero,2072.089431,2074.42623,1,Expiry,0,5.258698200000001e-13,nan
2071361019596_Node0_Node8_Zero,2072.089431,2074.42623,1,Expiry,0,5.258698200000001e-13,nan
2071369214254_Node0_Node8_Zero,2072.093577,2074.42623,1,Expiry,0,5.258698200000001e-13,nan
2071377414962_Node0_Node8_Zero,2072.093577,2074.42623,1,Expiry,0,5.258698200000001e-13,nan
2071385613614_Node0_Node8_Zero,2072.095439,2074.42623,1,Expiry,0,5.258698200000001e-13,nan
2071393810993_Node0_Node8_Zero,2072.095439,2074.42623,1,Expiry,0,5.258698200000001e-13,nan
2071402012578_Node0_Node8_Zero,2072.103504,2074.42623,1,Expiry,0,5.258698200000001e-13,nan
2071410208655_Node0_Node8_Zero,2072.103504,2074.42623,1,Expiry,0,5.258698200000001e-13,nan
2071418409533_Node0_Node8_Zero,2072.105426,2074.42623,1,Expiry,0,5.258698200000001e-13,nan
2071426609363_Node0_Node8_Zero,2072.105426,2074.508197,1,Expiry,0,0,nan
2071434807474_Node0_Node8_Zero,2072.107269,2074.508197,1,Expiry,0,0,nan
2071443008523_Node0_Node8_Zero,2072.107269,2074.508197,1,Expiry,0,0,nan
2071451209913_Node0_Node8_Zero,2072.109251,2074.508197,1,Expiry,0,0,nan
2071459409297_Node0_Node8_Zero,2072.109251,2074.508197,1,Expiry,0,0,nan
2071467603419_Node0_Node8_Zero,2072.111194,2074.508197,1,Expiry,0,0,nan
2071475804248_Node0_Node8_Zero,2072.111194,2074.508197,1,Expiry,0,0,nan
2071484004845_Node0_Node8_Zero,2072.113117,2074.508197,1,Expiry,0,0,nan
2071492203907_Node0_Node8_Zero,2072.113117,2074.508197,1,Expiry,0,0,nan
2071500400947_Node0_Node8_Zero,2072.115099,2074.508197,1,Expiry,0,0,nan
2071508599363_Node0_Node8_Zero,2072.115099,2074.590164,1,Expiry,0,0,nan
2071516797344_Node0_Node8_Zero,2072.116982,2074.590164,1,Expiry,0,0,nan
2071524997676_Node0_Node8_Zero,2072.116982,2074.590164,1,Expiry,0,0,nan
2071533191645_Node0_Node8_Zero,2072.118824,2074.590164,1,Expiry,0,0,nan
2071541383970_Node0_Node8_Zero,2072.118824,2074.590164,1,Expiry,0,0,nan
2071549585209_Node0_Node8_Zero,2072.122949,2074.590164,1,Expiry,0,0,nan
2071557778657_Node0_Node8_Zero,2072.122949,2074.590164,1,Expiry,0,0,nan
2071565980335_Node0_Node8_Zero,2072.124832,2074.590164,1,Expiry,0,0,nan
2071574174978_Node0_Node8_Zero,2072.124832,2074.590164,1,Expiry,0,0,nan
2071582374851_Node0_Node8_Zero,2072.126695,2074.590164,1,Expiry,0,0,nan
2071590566799_Node0_Node8_Zero,2072.126695,2074.672131,1,Expiry,0,0,nan
2071598763584_Node0_Node8_Zero,2072.128657,2074.672131,1,Expiry,0,0,nan
2071606959274_Node0_Node8_Zero,2072.128657,2074.672131,1,Expiry,0,0,nan
2071615156758_Node0_Node8_Zero,2072.13064,2074.672131,1,Expiry,0,0,nan
2071623352638_Node0_Node8_Zero,2072.13064,2074.672131,1,Expiry,0,0,nan
2071631548154_Node0_Node8_Zero,2072.134685,2074.672131,1,Expiry,0,0,nan
2071639742188_Node0_Node8_Zero,2072.134685,2074.672131,1,Expiry,0,0,nan
2071647942786_Node0_Node8_Zero,2072.140661,2074.672131,1,Expiry,0,0,nan
2071656142380_Node0_Node8_Zero,2072.140661,2074.672131,1,Expiry,0,0,nan
2071664337687_Node0_Node8_Zero,2072.142624,2074.672131,1,Expiry,0,0,nan
2071672532703_Node0_Node8_Zero,2072.142624,2074.754098,1,Expiry,0,1.04925114e-12,nan
2071680728635_Node0_Node8_Zero,2072.152991,2074.754098,1,Expiry,0,1.04925114e-12,nan
2071688928553_Node0_Node8_Zero,2072.152991,2074.754098,1,Expiry,0,1.04925114e-12,nan
2071697126679_Node0_Node8_Zero,2072.163046,2074.754098,1,Expiry,0,1.04925114e-12,nan
2071705320729_Node0_Node8_Zero,2072.163046,2074.754098,1,Expiry,0,1.04925114e-12,nan
2071713517949_Node0_Node8_Zero,2072.164869,2074.754098,1,Expiry,0,1.04925114e-12,nan
2071721718194_Node0_Node8_Zero,2072.164869,2074.754098,1,Expiry,0,1.04925114e-12,nan
2071729916902_Node0_Node8_Zero,2072.170697,2074.754098,1,Expiry,0,1.04925114e-12,nan
2071738108982_Node0_Node8_Zero,2072.170697,2074.754098,1,Expiry,0,1.04925114e-12,nan
2071746308056_Node0_Node8_Zero,2072.174616,2074.754098,1,Expiry,0,1.04925114e-12,nan
2071754508571_Node0_Node8_Zero,2072.174616,2074.836066,1,Expiry,0,0,nan
2071762707771_Node0_Node8_Zero,2072.176559,2074.836066,1,Expiry,0,0,nan
2071770901432_Node0_Node8_Zero,2072.176559,2074.836066,1,Expiry,0,0,nan
2071779097110_Node0_Node8_Zero,2072.178481,2074.836066,1,Expiry,0,0,nan
2071787294656_Node0_Node8_Zero,2072.178481,2074.836066,1,Expiry,0,0,nan
2071795493707_Node0_Node8_Zero,2072.186766,2074.836066,1,Expiry,0,0,nan
2071803695337_Node0_Node8_Zero,2072.186766,2074.836066,1,Expiry,0,0,nan
2071811893576_Node0_Node8_Zero,2072.188808,2074.836066,1,Expiry,0,0,nan
2071820092257_Node0_Node8_Zero,2072.188808,2074.836066,1,Expiry,0,0,nan
2071828291873_Node0_Node8_Zero,2072.197013,2074.836066,1,Expiry,0,0,nan
2071836489202_Node0_Node8_Zero,2072.197013,2074.918033,1,Expiry,0,5.258698200000001e-13,nan
2071844688240_Node0_Node8_Zero,2072.203009,2074.918033,1,Expiry,0,5.258698200000001e-13,nan
2071852888081_Node0_Node8_Zero,2072.203009,2074.918033,1,Expiry,0,5.258698200000001e-13,nan
2071861082501_Node0_Node8_Zero,2072.204872,2074.918033,1,Expiry,0,5.258698200000001e-13,nan
2071869282419_Node0_Node8_Zero,2072.204872,2074.918033,1,Expiry,0,5.258698200000001e-13,nan
2071877482005_Node0_Node8_Zero,2072.206934,2074.918033,1,Expiry,0,5.258698200000001e-13,nan
2071885677395_Node0_Node8_Zero,2072.206934,2074.918033,1,Expiry,0,5.258698200000001e-13,nan
2071893873698_Node0_Node8_Zero,2072.208837,2074.918033,1,Expiry,0,5.258698200000001e-13,nan
2071902071562_Node0_Node8_Zero,2072.208837,2074.918033,1,Expiry,0,5.258698200000001e-13,nan
2071910272679_Node0_Node8_Zero,2072.2107,2074.918033,1,Expiry,0,5.258698200000001e-13,nan
2071918466653_Node0_Node8_Zero,2072.2107,2075.0,1,Expiry,0,1.04925114e-12,nan
2071926664194_Node0_Node8_Zero,2072.212642,2075.0,1,Expiry,0,1.04925114e-12,nan
2071934857420_Node0_Node8_Zero,2072.212642,2075.0,1,Expiry,0,1.04925114e-12,nan
2071943058995_Node0_Node8_Zero,2072.216622,2075.0,1,Expiry,0,1.04925114e-12,nan
2071951260296_Node0_Node8_Zero,2072.216622,2075.0,1,Expiry,0,1.04925114e-12,nan
2071959460724_Node0_Node8_Zero,2072.218624,2075.0,1,Expiry,0,1.04925114e-12,nan
2071967653634_Node0_Node8_Zero,2072.218624,2075.0,1,Expiry,0,1.04925114e-12,nan
2071975852664_Node0_Node8_Zero,2072.220627,2075.0,1,Expiry,0,1.04925114e-12,nan
2071984044738_Node0_Node8_Zero,2072.220627,2075.0,1,Expiry,0,1.04925114e-12,nan
2071992242660_Node0_Node8_Zero,2072.224606,2075.0,1,Expiry,0,1.04925114e-12,nan
2072000443615_Node0_Node8_Zero,2072.224606,2075.081967,1,Expiry,0,0,nan
2072008637701_Node0_Node8_Zero,2072.226549,2075.081967,1,Expiry,0,0,nan
2072016836270_Node0_Node8_Zero,2072.226549,2075.081967,1,Expiry,0,0,nan
2072025030026_Node0_Node8_Zero,2072.230588,2075.081967,1,Expiry,0,0,nan
2072033222088_Node0_Node8_Zero,2072.230588,2075.081967,1,Expiry,0,0,nan
2072041415888_Node0_Node8_Zero,2072.232611,2075.081967,1,Expiry,0,0,nan
2072049613769_Node0_Node8_Zero,2072.232611,2075.081967,1,Expiry,0,0,nan
2072057813701_Node0_Node8_Zero,2072.234433,2075.081967,1,Expiry,0,0,nan
2072066005881_Node0_Node8_Zero,2072.234433,2075.081967,1,Expiry,0,0,nan
2072074199528_Node0_Node8_Zero,2072.236476,2075.081967,1,Expiry,0,0,nan
2072082399500_Node0_Node8_Zero,2072.236476,2075.163934,1,Expiry,0,1.04925114e-12,nan
2072090593235_Node0_Node8_Zero,2072.240455,2075.163934,1,Expiry,0,1.04925114e-12,nan
2072098787291_Node0_Node8_Zero,2072.240455,2075.163934,1,Expiry,0,1.04925114e-12,nan
2072106982750_Node0_Node8_Zero,2072.242478,2075.163934,1,Expiry,0,1.04925114e-12,nan
2072115177106_Node0_Node8_Zero,2072.242478,2075.163934,1,Expiry,0,1.04925114e-12,nan
2072123372580_Node0_Node8_Zero,2072.254822,2075.163934,1,Expiry,0,1.04925114e-12,nan
2072131571333_Node0_Node8_Zero,2072.254822,2075.163934,1,Expiry,0,1.04925114e-12,nan
2072139771739_Node0_Node8_Zero,2072.256784,2075.163934,1,Expiry,0,1.04925114e-12,nan
2072147972401_Node0_Node8_Zero,2072.256784,2075.163934,1,Expiry,0,1.04925114e-12,nan
2072156171223_Node0_Node8_Zero,2072.258647,2075.163934,1,Expiry,0,1.04925114e-12,nan
2072164363096_Node0_Node8_Zero,2072.258647,2075.245902,1,Expiry,0,1.04925114e-12,nan
2072172561122_Node0_Node8_Zero,2072.26047,2075.245902,1,Expiry,0,1.04925114e-12,nan
2072180759273_Node0_Node8_Zero,2072.26047,2075.245902,1,Expiry,0,1.04925114e-12,nan
2072188953500_Node0_Node8_Zero,2072.264329,2075.245902,1,Expiry,0,1.04925114e-12,nan
2072197151652_Node0_Node8_Zero,2072.264329,2075.245902,1,Expiry,0,1.04925114e-12,nan
2072205348951_Node0_Node8_Zero,2072.266172,2075.245902,1,Expiry,0,1.04925114e-12,nan
2072213541404_Node0_Node8_Zero,2072.266172,2075.245902,1,Expiry,0,1.04925114e-12,nan
2072221742149_Node0_Node8_Zero,2072.270017,2075.245902,1,Expiry,0,1.04925114e-12,nan
2072229936271_Node0_Node8_Zero,2072.270017,2075.245902,1,Expiry,0,1.04925114e-12,nan
2072238129644_Node0_Node8_Zero,2072.271899,2075.245902,1,Expiry,0,1.04925114e-12,nan
2072246328408_Node0_Node8_Zero,2072.271899,2075.327869,1,Expiry,0,1.04925114e-12,nan
2072254529259_Node0_Node8_Zero,2072.273822,2075.327869,1,Expiry,0,1.04925114e-12,nan
2072262730725_Node0_Node8_Zero,2072.273822,2075.327869,1,Expiry,0,1.04925114e-12,nan
2072270929938_Node0_Node8_Zero,2072.275044,2075.327869,1,Expiry,0,1.04925114e-12,nan
2072279129172_Node0_Node8_Zero,2072.281708,2075.327869,1,Expiry,0,1.04925114e-12,nan
2072287325882_Node0_Node8_Zero,2072.289178,2075.327869,1,Expiry,0,1.04925114e-12,nan
2072295523654_Node0_Node8_Zero,2072.297844,2075.327869,1,Expiry,0,1.04925114e-12,nan
2072303716369_Node0_Node8_Zero,2072.305408,2075.327869,1,Expiry,0,1.04925114e-12,nan
2072311909719_Node0_Node8_Zero,2072.314129,2075.327869,1,Expiry,0,1.04925114e-12,nan
2072320101574_Node0_Node8_Zero,2072.321958,2075.327869,1,Expiry,0,1.04925114e-12,nan
2072328302648_Node0_Node8_Zero,2072.330719,2075.409836,1,Expiry,0,1.04925114e-12,nan
2072336501018_Node0_Node8_Zero,2072.337602,2075.409836,1,Expiry,0,1.04925114e-12,nan
2072344699819_Node0_Node8_Zero,2072.347528,2075.409836,1,Expiry,0,1.04925114e-12,nan
2072352893300_Node0_Node8_Zero,2072.354528,2075.409836,1,Expiry,0,1.04925114e-12,nan
2072361087661_Node0_Node8_Zero,2072.363609,2075.409836,1,Expiry,0,1.04925114e-12,nan
2072369280411_Node0_Node8_Zero,2073.14029,2075.409836,1,Expiry,0,1.04925114e-12,nan
2072377478240_Node0_Node8_Zero,2073.351779,2075.409836,1,Expiry,0,1.04925114e-12,nan
2072385671486_Node0_Node8_Zero,2073.351779,2075.409836,1,Expiry,0,1.04925114e-12,nan
2072393872262_Node0_Node8_Zero,2073.354943,2075.409836,1,Expiry,0,1.04925114e-12,nan
2072402066819_Node0_Node8_Zero,2073.354943,2075.409836,1,Expiry,0,1.04925114e-12,nan
2072410260792_Node0_Node8_Zero,2073.356866,2075.491803,1,Expiry,0,1.04925114e-12,nan
2072418461558_Node0_Node8_Zero,2073.356866,2075.491803,1,Expiry,0,1.04925114e-12,nan
2072426662964_Node0_Node8_Zero,2073.362568,2075.491803,1,Expiry,0,1.04925114e-12,nan
2072434861268_Node0_Node8_Zero,2073.362568,2075.491803,1,Expiry,0,1.04925114e-12,nan
2072443060783_Node0_Node8_Zero,2073.36447,2075.491803,1,Expiry,0,1.04925114e-12,nan
2072451255319_Node0_Node8_Zero,2073.36447,2075.491803,1,Expiry,0,1.04925114e-12,nan
2072459451229_Node0_Node8_Zero,2073.370452,2075.491803,1,Expiry,0,1.04925114e-12,nan
2072467650984_Node0_Node8_Zero,2073.370452,2075.491803,1,Expiry,0,1.04925114e-12,nan
2072475846563_Node0_Node8_Zero,2073.374472,2075.491803,1,Expiry,0,1.04925114e-12,nan
2072484041498_Node0_Node8_Zero,2073.374472,2075.491803,1,Expiry,0,1.04925114e-12,nan
2072492242020_Node0_Node8_Zero,2073.376594,2075.57377,1,Expiry,0,1.04925114e-12,nan
2072500437262_Node0_Node8_Zero,2073.376594,2075.57377,1,Expiry,0,1.04925114e-12,nan
2072508630659_Node0_Node8_Zero,2073.378437,2075.57377,1,Expiry,0,1.04925114e-12,nan
2072516830479_Node0_Node8_Zero,2073.378437,2075.57377,1,Expiry,0,1.04925114e-12,nan
2072525031642_Node0_Node8_Zero,2073.3803,2075.57377,1,Expiry,0,1.04925114e-12,nan
2072533231210_Node0_Node8_Zero,2073.3803,2075.57377,1,Expiry,0,1.04925114e-12,nan
2072541430353_Node0_Node8_Zero,2073.384185,2075.57377,1,Expiry,0,1.04925114e-12,nan
2072549622957_Node0_Node8_Zero,2073.384185,2075.57377,1,Expiry,0,1.04925114e-12,nan
2072557821689_Node0_Node8_Zero,2073.38817,2075.57377,1,Expiry,0,1.04925114e-12,nan
2072566016120_Node0_Node8_Zero,2073.38817,2075.57377,1,Expiry,0,1.04925114e-12,nan
2072574208553_Node0_Node8_Zero,2073.390092,2075.655738,1,Expiry,0,1.04925114e-12,nan
2072582404184_Node0_Node8_Zero,2073.390092,2075.655738,1,Expiry,0,1.04925114e-12,nan
2072590603289_Node0_Node8_Zero,2073.392075,2075.655738,1,Expiry,0,1.04925114e-12,nan
2072598798801_Node0_Node8_Zero,2073.392075,2075.655738,1,Expiry,0,1.04925114e-12,nan
2072606994243_Node0_Node8_Zero,2073.394077,2075.655738,1,Expiry,0,1.04925114e-12,nan
2072615193800_Node0_Node8_Zero,2073.394077,2075.655738,1,Expiry,0,1.04925114e-12,nan
2072623392506_Node0_Node8_Zero,2073.396,2075.655738,1,Expiry,0,1.04925114e-12,nan
2072631585378_Node0_Node8_Zero,2073.396,2075.655738,1,Expiry,0,1.04925114e-12,nan
2072639784285_Node0_Node8_Zero,2073.40407,2075.655738,1,Expiry,0,1.04925114e-12,nan
2072647980156_Node0_Node8_Zero,2073.40407,2075.655738,1,Expiry,0,1.04925114e-12,nan
2072656179710_Node0_Node8_Zero,2073.405993,2075.737705,1,Expiry,0,1.04925114e-12,nan
2072664375080_Node0_Node8_Zero,2073.405993,2075.737705,1,Expiry,0,1.04925114e-12,nan
2072672569195_Node0_Node8_Zero,2073.408115,2075.737705,1,Expiry,0,1.04925114e-12,nan
2072680767081_Node0_Node8_Zero,2073.408115,2075.737705,1,Expiry,0,1.04925114e-12,nan
2072688958812_Node0_Node8_Zero,2073.410098,2075.737705,1,Expiry,0,1.04925114e-12,nan
2072697157956_Node0_Node8_Zero,2073.410098,2075.737705,1,Expiry,0,1.04925114e-12,nan
2072705352602_Node0_Node8_Zero,2073.412181,2075.737705,1,Expiry,0,1.04925114e-12,nan
2072713550817_Node0_Node8_Zero,2073.412181,2075.737705,1,Expiry,0,1.04925114e-12,nan
2072721746229_Node0_Node8_Zero,2073.41638,2075.737705,1,Expiry,0,1.04925114e-12,nan
2072729939907_Node0_Node8_Zero,2073.41638,2075.737705,1,Expiry,0,1.04925114e-12,nan
2072738135461_Node0_Node8_Zero,2073.418463,2075.819672,1,Expiry,0,0,nan
2072746332029_Node0_Node8_Zero,2073.418463,2075.819672,1,Expiry,0,0,nan
2072754529221_Node0_Node8_Zero,2073.420425,2075.819672,1,Expiry,0,0,nan
2072762724034_Node0_Node8_Zero,2073.420425,2075.819672,1,Expiry,0,0,nan
2072770922317_Node0_Node8_Zero,2073.422448,2075.819672,1,Expiry,0,0,nan
2072779120630_Node0_Node8_Zero,2073.422448,2075.819672,1,Expiry,0,0,nan
2072787318682_Node0_Node8_Zero,2073.42443,2075.819672,1,Expiry,0,0,nan
2072795518242_Node0_Node8_Zero,2073.42443,2075.819672,1,Expiry,0,0,nan
2072803715230_Node0_Node8_Zero,2073.426253,2075.819672,1,Expiry,0,0,nan
2072811912749_Node0_Node8_Zero,2073.426253,2075.819672,1,Expiry,0,0,nan
2072820107437_Node0_Node8_Zero,2073.428075,2075.901639,1,Expiry,0,1.04925114e-12,nan
2072828305625_Node0_Node8_Zero,2073.428075,2075.901639,1,Expiry,0,1.04925114e-12,nan
2072836499744_Node0_Node8_Zero,2073.434157,2075.901639,1,Expiry,0,1.04925114e-12,nan
2072844698029_Node0_Node8_Zero,2073.434157,2075.901639,1,Expiry,0,1.04925114e-12,nan
2072852894390_Node0_Node8_Zero,2073.440214,2075.901639,1,Expiry,0,1.04925114e-12,nan
2072861088396_Node0_Node8_Zero,2073.440214,2075.901639,1,Expiry,0,1.04925114e-12,nan
2072869285715_Node0_Node8_Zero,2073.44589,2075.901639,1,Expiry,0,1.04925114e-12,nan
2072877479585_Node0_Node8_Zero,2073.44589,2075.901639,1,Expiry,0,1.04925114e-12,nan
2072885677971_Node0_Node8_Zero,2073.447813,2075.901639,1,Expiry,0,1.04925114e-12,nan
2072893877700_Node0_Node8_Zero,2073.447813,2075.901639,1,Expiry,0,1.04925114e-12,nan
2072902069741_Node0_Node8_Zero,2073.449715,2075.983607,1,Expiry,0,1.04925114e-12,nan
2072910262931_Node0_Node8_Zero,2073.449715,2075.983607,1,Expiry,0,1.04925114e-12,nan
2072918461400_Node0_Node8_Zero,2073.451718,2075.983607,1,Expiry,0,1.04925114e-12,nan
2072926654178_Node0_Node8_Zero,2073.451718,2075.983607,1,Expiry,0,1.04925114e-12,nan
2072934853013_Node0_Node8_Zero,2073.45368,2075.983607,1,Expiry,0,1.04925114e-12,nan
2072943046015_Node0_Node8_Zero,2073.45368,2075.983607,1,Expiry,0,1.04925114e-12,nan
2072951238708_Node0_Node8_Zero,2073.457645,2075.983607,1,Expiry,0,1.04925114e-12,nan
2072959432690_Node0_Node8_Zero,2073.457645,2075.983607,1,Expiry,0,1.04925114e-12,nan
2072967627525_Node0_Node8_Zero,2073.463687,2075.983607,1,Expiry,0,1.04925114e-12,nan
2072975821013_Node0_Node8_Zero,2073.463687,2075.983607,1,Expiry,0,1.04925114e-12,nan
2072984012996_Node0_Node8_Zero,2073.46563,2076.065574,1,Expiry,0,1.04925114e-12,nan
2072992210037_Node0_Node8_Zero,2073.46563,2076.065574,1,Expiry,0,1.04925114e-12,nan
2073000408217_Node0_Node8_Zero,2073.467672,2076.065574,1,Expiry,0,1.04925114e-12,nan
2073008607279_Node0_Node8_Zero,2073.467672,2076.065574,1,Expiry,0,1.04925114e-12,nan
2073016800953_Node0_Node8_Zero,2073.469495,2076.065574,1,Expiry,0,1.04925114e-12,nan
2073025001527_Node0_Node8_Zero,2073.469495,2076.065574,1,Expiry,0,1.04925114e-12,nan
2073033194920_Node0_Node8_Zero,2073.471518,2076.065574,1,Expiry,0,1.04925114e-12,nan
2073041393492_Node0_Node8_Zero,2073.471518,2076.065574,1,Expiry,0,1.04925114e-12,nan
2073049588499_Node0_Node8_Zero,2073.47338,2076.065574,1,Expiry,0,1.04925114e-12,nan
2073057781978_Node0_Node8_Zero,2073.47338,2076.065574,1,Expiry,0,1.04925114e-12,nan
2073065981716_Node0_Node8_Zero,2073.477105,2076.147541,1,Expiry,0,0,nan
2073074177315_Node0_Node8_Zero,2073.477105,2076.147541,1,Expiry,0,0,nan
2073082378358_Node0_Node8_Zero,2073.478948,2076.147541,1,Expiry,0,0,nan
2073090577130_Node0_Node8_Zero,2073.478948,2076.147541,1,Expiry,0,0,nan
2073098777604_Node0_Node8_Zero,2073.49688,2076.147541,1,Expiry,0,0,nan
2073106969521_Node0_Node8_Zero,2073.49688,2076.147541,1,Expiry,0,0,nan
2073115168620_Node0_Node8_Zero,2073.498822,2076.147541,1,Expiry,0,0,nan
2073123366429_Node0_Node8_Zero,2073.498822,2076.147541,1,Expiry,0,0,nan
2073131563446_Node0_Node8_Zero,2073.500805,2076.147541,1,Expiry,0,0,nan
2073139763287_Node0_Node8_Zero,2073.500805,2076.147541,1,Expiry,0,0,nan
2073147964718_Node0_Node8_Zero,2073.502707,2076.229508,1,Expiry,0,1.04925114e-12,nan
2073156162241_Node0_Node8_Zero,2073.502707,2076.229508,1,Expiry,0,1.04925114e-12,nan
2073164360235_Node0_Node8_Zero,2073.50473,2076.229508,1,Expiry,0,1.04925114e-12,nan
2073172557417_Node0_Node8_Zero,2073.50473,2076.229508,1,Expiry,0,1.04925114e-12,nan
2073180753228_Node0_Node8_Zero,2073.506692,2076.229508,1,Expiry,0,1.04925114e-12,nan
2073188950492_Node0_Node8_Zero,2073.506692,2076.229508,1,Expiry,0,1.04925114e-12,nan
2073197147720_Node0_Node8_Zero,2073.508575,2076.229508,1,Expiry,0,1.04925114e-12,nan
2073205345969_Node0_Node8_Zero,2073.508575,2076.229508,1,Expiry,0,1.04925114e-12,nan
2073213544767_Node0_Node8_Zero,2073.518802,2076.229508,1,Expiry,0,1.04925114e-12,nan
2073221737114_Node0_Node8_Zero,2073.518802,2076.229508,1,Expiry,0,1.04925114e-12,nan
2073229929039_Node0_Node8_Zero,2073.522842,2076.311475,1,Expiry,0,1.04925114e-12,nan
2073238130486_Node0_Node8_Zero,2073.522842,2076.311475,1,Expiry,0,1.04925114e-12,nan
2073246326784_Node0_Node8_Zero,2073.524764,2076.311475,1,Expiry,0,1.04925114e-12,nan
2073254518552_Node0_Node8_Zero,2073.524764,2076.311475,1,Expiry,0,1.04925114e-12,nan
2073262715089_Node0_Node8_Zero,2073.526767,2076.311475,1,Expiry,0,1.04925114e-12,nan
2073270913757_Node0_Node8_Zero,2073.526767,2076.311475,1,Expiry,0,1.04925114e-12,nan
2073279111995_Node0_Node8_Zero,2073.528809,2076.311475,1,Expiry,0,1.04925114e-12,nan
2073287308437_Node0_Node8_Zero,2073.528809,2076.311475,1,Expiry,0,1.04925114e-12,nan
2073295509587_Node0_Node8_Zero,2073.530732,2076.311475,1,Expiry,0,1.04925114e-12,nan
2073303703839_Node0_Node8_Zero,2073.530732,2076.311475,1,Expiry,0,1.04925114e-12,nan
2073311902128_Node0_Node8_Zero,2073.532794,2076.393443,1,Expiry,0,1.04925114e-12,nan
2073320102775_Node0_Node8_Zero,2073.532794,2076.393443,1,Expiry,0,1.04925114e-12,nan
2073328295198_Node0_Node8_Zero,2073.534657,2076.393443,1,Expiry,0,1.04925114e-12,nan
2073336495635_Node0_Node8_Zero,2073.534657,2076.393443,1,Expiry,0,1.04925114e-12,nan
2073344693273_Node0_Node8_Zero,2073.542961,2076.393443,1,Expiry,0,1.04925114e-12,nan
2073352891529_Node0_Node8_Zero,2073.542961,2076.393443,1,Expiry,0,1.04925114e-12,nan
2073361085349_Node0_Node8_Zero,2073.544824,2076.393443,1,Expiry,0,1.04925114e-12,nan
2073369283012_Node0_Node8_Zero,2073.544824,2076.393443,1,Expiry,0,1.04925114e-12,nan
2073377481809_Node0_Node8_Zero,2073.550772,2076.393443,1,Expiry,0,1.04925114e-12,nan
2073385678801_Node0_Node8_Zero,2073.550772,2076.393443,1,Expiry,0,1.04925114e-12,nan
2073393874977_Node0_Node8_Zero,2073.552794,2076.47541,1,Expiry,0,1.04925114e-12,nan
2073402072455_Node0_Node8_Zero,2073.552794,2076.47541,1,Expiry,0,1.04925114e-12,nan
2073410269508_Node0_Node8_Zero,2073.554757,2076.47541,1,Expiry,0,1.04925114e-12,nan
2073418462883_Node0_Node8_Zero,2073.554757,2076.47541,1,Expiry,0,1.04925114e-12,nan
2073426662616_Node0_Node8_Zero,2073.558902,2076.47541,1,Expiry,0,1.04925114e-12,nan
2073434864163_Node0_Node8_Zero,2073.558902,2076.47541,1,Expiry,0,1.04925114e-12,nan
2073443062186_Node0_Node8_Zero,2073.562681,2076.47541,1,Expiry,0,1.04925114e-12,nan
2073451261591_Node0_Node8_Zero,2073.562681,2076.47541,1,Expiry,0,1.04925114e-12,nan
2073459462303_Node0_Node8_Zero,2073.572591,2076.47541,1,Expiry,0,1.04925114e-12,nan
2073467659507_Node0_Node8_Zero,2073.572591,2076.47541,1,Expiry,0,1.04925114e-12,nan
2073475851286_Node0_Node8_Zero,2073.574674,2076.557377,1,Expiry,0,0,nan
2073484043386_Node0_Node8_Zero,2073.574674,2076.557377,1,Expiry,0,0,nan
2073492237749_Node0_Node8_Zero,2073.576677,2076.557377,1,Expiry,0,0,nan
2073500432789_Node0_Node8_Zero,2073.576677,2076.557377,1,Expiry,0,0,nan
2073508632893_Node0_Node8_Zero,2073.578539,2076.557377,1,Expiry,0,0,nan
2073516826157_Node0_Node8_Zero,2073.578539,2076.557377,1,Expiry,0,0,nan
2073525018585_Node0_Node8_Zero,2073.580562,2076.557377,1,Expiry,0,0,nan
2073533214817_Node0_Node8_Zero,2073.580562,2076.557377,1,Expiry,0,0,nan
2073541415474_Node0_Node8_Zero,2073.582524,2076.557377,1,Expiry,0,0,nan
2073549615304_Node0_Node8_Zero,2073.582524,2076.557377,1,Expiry,0,0,nan
2073557808804_Node0_Node8_Zero,2073.586749,2076.639344,1,Expiry,0,5.258698200000001e-13,nan
2073566003672_Node0_Node8_Zero,2073.586749,2076.639344,1,Expiry,0,5.258698200000001e-13,nan
2073574198927_Node0_Node8_Zero,2073.588612,2076.639344,1,Expiry,0,5.258698200000001e-13,nan
2073582399492_Node0_Node8_Zero,2073.588612,2076.639344,1,Expiry,0,5.258698200000001e-13,nan
2073590595763_Node0_Node8_Zero,2073.595617,2076.639344,1,Expiry,0,5.258698200000001e-13,nan
2073598789141_Node0_Node8_Zero,2073.600618,2076.639344,1,Expiry,0,5.258698200000001e-13,nan
2073606988278_Node0_Node8_Zero,2073.608982,2076.639344,1,Expiry,0,5.258698200000001e-13,nan
2073615184647_Node0_Node8_Zero,2073.617208,2076.639344,1,Expiry,0,5.258698200000001e-13,nan
2073623383915_Node0_Node8_Zero,2073.625488,2076.639344,1,Expiry,0,5.258698200000001e-13,nan
2073631581215_Node0_Node8_Zero,2073.633934,2076.639344,1,Expiry,0,5.258698200000001e-13,nan
2073639778001_Node0_Node8_Zero,2073.644475,2076.721311,1,Expiry,0,0,nan
2073647978011_Node0_Node8_Zero,2073.65094,2076.721311,1,Expiry,0,0,nan
2073656174334_Node0_Node8_Zero,2073.659386,2076.721311,1,Expiry,0,0,nan
2073664367287_Node0_Node8_Zero,2073.667928,2076.721311,1,Expiry,0,0,nan
2073672563407_Node0_Node8_Zero,2073.676129,2076.721311,1,Expiry,0,0,nan
2073680756676_Node0_Node8_Zero,2073.899611,2076.721311,1,Expiry,0,0,nan
2073688951663_Node0_Node8_Zero,2073.903381,2076.721311,1,Expiry,0,0,nan
2073697150773_Node0_Node8_Zero,2073.909059,2076.721311,1,Expiry,0,0,nan
2073705350538_Node0_Node8_Zero,2073.910899,2076.721311,1,Expiry,0,0,nan
2073713545236_Node0_Node8_Zero,2073.912759,2076.721311,1,Expiry,0,0,nan
2073721746600_Node0_Node8_Zero,2073.914618,2076.803279,1,Expiry,0,0,nan
2073729945406_Node0_Node8_Zero,2073.920457,2076.803279,1,Expiry,0,0,nan
2073738145936_Node0_Node8_Zero,2073.922337,2076.803279,1,Expiry,0,0,nan
2073746343983_Node0_Node8_Zero,2073.926216,2076.803279,1,Expiry,0,0,nan
2073754537508_Node0_Node8_Zero,2073.934302,2076.803279,1,Expiry,0,0,nan
2073762735123_Node0_Node8_Zero,2073.936362,2076.803279,1,Expiry,0,0,nan
2073770935707_Node0_Node8_Zero,2073.94492,2076.803279,1,Expiry,0,0,nan
2073779127700_Node0_Node8_Zero,2073.949007,2076.803279,1,Expiry,0,0,nan
2073787325011_Node0_Node8_Zero,2073.951087,2076.803279,1,Expiry,0,0,nan
2073795520195_Node0_Node8_Zero,2073.955013,2076.803279,1,Expiry,0,0,nan
2073803714279_Node0_Node8_Zero,2073.95894,2076.885246,1,Expiry,0,0,nan
2073811909663_Node0_Node8_Zero,2073.963046,2076.885246,1,Expiry,0,0,nan
2073820103596_Node0_Node8_Zero,2073.965066,2076.885246,1,Expiry,0,0,nan
2073828304161_Node0_Node8_Zero,2073.966906,2076.885246,1,Expiry,0,0,nan
2073836505623_Node0_Node8_Zero,2073.970805,2076.885246,1,Expiry,0,0,nan
2073844697405_Node0_Node8_Zero,2073.974984,2076.885246,1,Expiry,0,0,nan
2073852897528_Node0_Node8_Zero,2073.976824,2076.885246,1,Expiry,0,0,nan
2073861096485_Node0_Node8_Zero,2073.978823,2076.885246,1,Expiry,0,0,nan
2073869291027_Node0_Node8_Zero,2073.98497,2076.885246,1,Expiry,0,0,nan
2073877492398_Node0_Node8_Zero,2073.986909,2076.885246,1,Expiry,0,0,nan
2073885688628_Node0_Node8_Zero,2073.988789,2076.967213,1,Expiry,0,0,nan
2073893886508_Node0_Node8_Zero,2073.994935,2076.967213,1,Expiry,0,0,nan
2073902083844_Node0_Node8_Zero,2073.998802,2076.967213,1,Expiry,0,0,nan
2073910278504_Node0_Node8_Zero,2074.000661,2076.967213,1,Expiry,0,0,nan
2073918471443_Node0_Node8_Zero,2074.002541,2076.967213,1,Expiry,0,0,nan
2073926668607_Node0_Node8_Zero,2074.01054,2076.967213,1,Expiry,0,0,nan
2073934862944_Node0_Node8_Zero,2074.012599,2076.967213,1,Expiry,0,0,nan
2073943055521_Node0_Node8_Zero,2074.014599,2076.967213,1,Expiry,0,0,nan
2073951250215_Node0_Node8_Zero,2074.016619,2076.967213,1,Expiry,0,0,nan
2073959451062_Node0_Node8_Zero,2074.018458,2076.967213,1,Expiry,0,0,nan
2073967652741_Node0_Node8_Zero,2074.022485,2077.04918,1,Expiry,0,1.04925114e-12,nan
2073975854436_Node0_Node8_Zero,2074.024544,2077.04918,1,Expiry,0,1.04925114e-12,nan
2073984046184_Node0_Node8_Zero,2074.030498,2077.04918,1,Expiry,0,1.04925114e-12,nan
2073992242541_Node0_Node8_Zero,2074.032417,2077.04918,1,Expiry,0,1.04925114e-12,nan
2074000444047_Node0_Node8_Zero,2074.034397,2077.04918,1,Expiry,0,1.04925114e-12,nan
2074008643932_Node0_Node8_Zero,2074.038396,2077.04918,1,Expiry,0,1.04925114e-12,nan
2074016840239_Node0_Node8_Zero,2074.040236,2077.04918,1,Expiry,0,1.04925114e-12,nan
2074025040543_Node0_Node8_Zero,2074.048042,2077.04918,1,Expiry,0,1.04925114e-12,nan
2074033232979_Node0_Node8_Zero,2074.050102,2077.04918,1,Expiry,0,1.04925114e-12,nan
2074041425664_Node0_Node8_Zero,2074.052161,2077.04918,1,Expiry,0,1.04925114e-12,nan
2074049618009_Node0_Node8_Zero,2074.054141,2077.131148,1,Expiry,0,0,nan
2074057817234_Node0_Node8_Zero,2074.059902,2077.131148,1,Expiry,0,0,nan
2074066017240_Node0_Node8_Zero,2074.068387,2077.131148,1,Expiry,0,0,nan
2074074216015_Node0_Node8_Zero,2074.0768,2077.131148,1,Expiry,0,0,nan
2074082413415_Node0_Node8_Zero,2074.085388,2077.131148,1,Expiry,0,0,nan
2074090610609_Node0_Node8_Zero,2074.093688,2077.131148,1,Expiry,0,0,nan
2074098807727_Node0_Node8_Zero,2074.102014,2077.131148,1,Expiry,0,0,nan
2074107001121_Node0_Node8_Zero,2074.11036,2077.131148,1,Expiry,0,0,nan
2074115201487_Node0_Node8_Zero,2074.118973,2077.131148,1,Expiry,0,0,nan
2074123399939_Node0_Node8_Zero,2074.12716,2077.131148,1,Expiry,0,0,nan
2074131594905_Node0_Node8_Zero,2074.133567,2077.213115,1,Expiry,0,0,nan
2074139788409_Node0_Node8_Zero,2074.141987,2077.213115,1,Expiry,0,0,nan
2074147980350_Node0_Node8_Zero,2074.15064,2077.213115,1,Expiry,0,0,nan
2074156177960_Node0_Node8_Zero,2074.15904,2077.213115,1,Expiry,0,0,nan
2074164370599_Node0_Node8_Zero,2074.167879,2077.213115,1,Expiry,0,0,nan
2074172562703_Node0_Node8_Zero,2074.176972,2077.213115,1,Expiry,0,0,nan
2074180761822_Node0_Node8_Zero,2074.183345,2077.213115,1,Expiry,0,0,nan
2074188956599_Node0_Node8_Zero,2074.192131,2077.213115,1,Expiry,0,0,nan
2074197150121_Node0_Node8_Zero,2074.200677,2077.213115,1,Expiry,0,0,nan
2074205346124_Node0_Node8_Zero,2074.91888,2077.213115,1,Expiry,0,0,nan
2074229936193_Node0_Node8_Zero,2075.059219,2077.295082,1,Expiry,0,0,nan
2074238135435_Node0_Node8_Zero,2075.059219,2077.295082,1,Expiry,0,0,nan
2074246329662_Node0_Node8_Zero,2075.065838,2077.295082,1,Expiry,0,0,nan
2074254530647_Node0_Node8_Zero,2075.065838,2077.295082,1,Expiry,0,0,nan
2074262730965_Node0_Node8_Zero,2075.072434,2077.295082,1,Expiry,0,0,nan
2074270924936_Node0_Node8_Zero,2075.072434,2077.295082,1,Expiry,0,0,nan
2074279117428_Node0_Node8_Zero,2075.074257,2077.295082,1,Expiry,0,0,nan
2074287309595_Node0_Node8_Zero,2075.074257,2077.295082,1,Expiry,0,0,nan
2074295505649_Node0_Node8_Zero,2075.083984,2077.377049,1,Expiry,0,0,nan
2074303701939_Node0_Node8_Zero,2075.083984,2077.377049,1,Expiry,0,0,nan
2074311896505_Node0_Node8_Zero,2075.085806,2077.377049,1,Expiry,0,0,nan
2074320093997_Node0_Node8_Zero,2075.085806,2077.377049,1,Expiry,0,0,nan
2074328287847_Node0_Node8_Zero,2075.089891,2077.377049,1,Expiry,0,0,nan
2074336487963_Node0_Node8_Zero,2075.089891,2077.377049,1,Expiry,0,0,nan
2074344681579_Node0_Node8_Zero,2075.091714,2077.377049,1,Expiry,0,0,nan
2074352874778_Node0_Node8_Zero,2075.091714,2077.377049,1,Expiry,0,0,nan
2074361073650_Node0_Node8_Zero,2075.093656,2077.377049,1,Expiry,0,0,nan
2074369272605_Node0_Node8_Zero,2075.093656,2077.377049,1,Expiry,0,0,nan
2074377467295_Node0_Node8_Zero,2075.095619,2077.459016,1,Expiry,0,1.04925114e-12,nan
2074385667737_Node0_Node8_Zero,2075.095619,2077.459016,1,Expiry,0,1.04925114e-12,nan
2074393862661_Node0_Node8_Zero,2075.097582,2077.459016,1,Expiry,0,1.04925114e-12,nan
2074402056382_Node0_Node8_Zero,2075.097582,2077.459016,1,Expiry,0,1.04925114e-12,nan
2074410249523_Node0_Node8_Zero,2075.1053,2077.459016,1,Expiry,0,1.04925114e-12,nan
2074418451044_Node0_Node8_Zero,2075.1053,2077.459016,1,Expiry,0,1.04925114e-12,nan
2074426651225_Node0_Node8_Zero,2075.107163,2077.459016,1,Expiry,0,1.04925114e-12,nan
2074434847305_Node0_Node8_Zero,2075.107163,2077.459016,1,Expiry,0,1.04925114e-12,nan
2074443042686_Node0_Node8_Zero,2075.113185,2077.459016,1,Expiry,0,1.04925114e-12,nan
2074451240354_Node0_Node8_Zero,2075.113185,2077.459016,1,Expiry,0,1.04925114e-12,nan
2074459435123_Node0_Node8_Zero,2075.115028,2077.540984,1,Expiry,0,0,nan
2074467634111_Node0_Node8_Zero,2075.115028,2077.540984,1,Expiry,0,0,nan
2074475827741_Node0_Node8_Zero,2075.11693,2077.540984,1,Expiry,0,0,nan
2074484020643_Node0_Node8_Zero,2075.11693,2077.540984,1,Expiry,0,0,nan
2074492219082_Node0_Node8_Zero,2075.118933,2077.540984,1,Expiry,0,0,nan
2074500420353_Node0_Node8_Zero,2075.118933,2077.540984,1,Expiry,0,0,nan
2074508616005_Node0_Node8_Zero,2075.122692,2077.540984,1,Expiry,0,0,nan
2074516810219_Node0_Node8_Zero,2075.122692,2077.540984,1,Expiry,0,0,nan
2074525003572_Node0_Node8_Zero,2075.124715,2077.540984,1,Expiry,0,0,nan
2074533197137_Node0_Node8_Zero,2075.124715,2077.540984,1,Expiry,0,0,nan
2074541390125_Node0_Node8_Zero,2075.126657,2077.622951,1,Expiry,0,0,nan
2074549584116_Node0_Node8_Zero,2075.126657,2077.622951,1,Expiry,0,0,nan
2074557785116_Node0_Node8_Zero,2075.141098,2077.622951,1,Expiry,0,0,nan
2074565979341_Node0_Node8_Zero,2075.141098,2077.622951,1,Expiry,0,0,nan
2074574172303_Node0_Node8_Zero,2075.143121,2077.622951,1,Expiry,0,0,nan
2074582369607_Node0_Node8_Zero,2075.143121,2077.622951,1,Expiry,0,0,nan
2074590567323_Node0_Node8_Zero,2075.145063,2077.622951,1,Expiry,0,0,nan
2074598760090_Node0_Node8_Zero,2075.145063,2077.622951,1,Expiry,0,0,nan
2074606952081_Node0_Node8_Zero,2075.146946,2077.622951,1,Expiry,0,0,nan
2074615146826_Node0_Node8_Zero,2075.146946,2077.622951,1,Expiry,0,0,nan
2074623339443_Node0_Node8_Zero,2075.148928,2077.704918,1,Expiry,0,1.04925114e-12,nan
2074631534007_Node0_Node8_Zero,2075.148928,2077.704918,1,Expiry,0,1.04925114e-12,nan
2074639729025_Node0_Node8_Zero,2075.157099,2077.704918,1,Expiry,0,1.04925114e-12,nan
2074647922954_Node0_Node8_Zero,2075.157099,2077.704918,1,Expiry,0,1.04925114e-12,nan
2074656119671_Node0_Node8_Zero,2075.159061,2077.704918,1,Expiry,0,1.04925114e-12,nan
2074664319396_Node0_Node8_Zero,2075.159061,2077.704918,1,Expiry,0,1.04925114e-12,nan
2074672512850_Node0_Node8_Zero,2075.160964,2077.704918,1,Expiry,0,1.04925114e-12,nan
2074680707917_Node0_Node8_Zero,2075.160964,2077.704918,1,Expiry,0,1.04925114e-12,nan
2074688901295_Node0_Node8_Zero,2075.164989,2077.704918,1,Expiry,0,1.04925114e-12,nan
2074697097656_Node0_Node8_Zero,2075.164989,2077.704918,1,Expiry,0,1.04925114e-12,nan
2074705290428_Node0_Node8_Zero,2075.166971,2077.786885,1,Expiry,0,0,nan
2074713484350_Node0_Node8_Zero,2075.166971,2077.786885,1,Expiry,0,0,nan
2074721676690_Node0_Node8_Zero,2075.168994,2077.786885,1,Expiry,0,0,nan
2074729875529_Node0_Node8_Zero,2075.168994,2077.786885,1,Expiry,0,0,nan
2074738072150_Node0_Node8_Zero,2075.170997,2077.786885,1,Expiry,0,0,nan
2074746273538_Node0_Node8_Zero,2075.170997,2077.786885,1,Expiry,0,0,nan
2074754468835_Node0_Node8_Zero,2075.175082,2077.786885,1,Expiry,0,0,nan
2074762661073_Node0_Node8_Zero,2075.175082,2077.786885,1,Expiry,0,0,nan
2074770853285_Node0_Node8_Zero,2075.176904,2077.786885,1,Expiry,0,0,nan
2074779049016_Node0_Node8_Zero,2075.176904,2077.786885,1,Expiry,0,0,nan
2074787248007_Node0_Node8_Zero,2075.180789,2077.868852,1,Expiry,0,0,nan
2074795443304_Node0_Node8_Zero,2075.180789,2077.868852,1,Expiry,0,0,nan
2074803644526_Node0_Node8_Zero,2075.182872,2077.868852,1,Expiry,0,0,nan
2074811842675_Node0_Node8_Zero,2075.182872,2077.868852,1,Expiry,0,0,nan
2074820039789_Node0_Node8_Zero,2075.184695,2077.868852,1,Expiry,0,0,nan
2074828236861_Node0_Node8_Zero,2075.184695,2077.868852,1,Expiry,0,0,nan
2074836430600_Node0_Node8_Zero,2075.186637,2077.868852,1,Expiry,0,0,nan
2074844623231_Node0_Node8_Zero,2075.186637,2077.868852,1,Expiry,0,0,nan
2074852818107_Node0_Node8_Zero,2075.18862,2077.868852,1,Expiry,0,0,nan
2074861011369_Node0_Node8_Zero,2075.18862,2077.868852,1,Expiry,0,0,nan
2074869207879_Node0_Node8_Zero,2075.190522,2077.95082,1,Expiry,0,5.258698200000001e-13,nan
2074877400797_Node0_Node8_Zero,2075.190522,2077.95082,1,Expiry,0,5.258698200000001e-13,nan
2074885601937_Node0_Node8_Zero,2075.192445,2077.95082,1,Expiry,0,5.258698200000001e-13,nan
2074893801706_Node0_Node8_Zero,2075.192445,2077.95082,1,Expiry,0,5.258698200000001e-13,nan
2074902001589_Node0_Node8_Zero,2075.202878,2077.95082,1,Expiry,0,5.258698200000001e-13,nan
2074910197221_Node0_Node8_Zero,2075.202878,2077.95082,1,Expiry,0,5.258698200000001e-13,nan
2074918394063_Node0_Node8_Zero,2075.20476,2077.95082,1,Expiry,0,5.258698200000001e-13,nan
2074926594857_Node0_Node8_Zero,2075.20476,2077.95082,1,Expiry,0,5.258698200000001e-13,nan
2074934791019_Node0_Node8_Zero,2075.206743,2077.95082,1,Expiry,0,5.258698200000001e-13,nan
2074942984333_Node0_Node8_Zero,2075.206743,2077.95082,1,Expiry,0,5.258698200000001e-13,nan
2074951184534_Node0_Node8_Zero,2075.208605,2078.032787,1,Expiry,0,1.04925114e-12,nan
2074959384339_Node0_Node8_Zero,2075.208605,2078.032787,1,Expiry,0,1.04925114e-12,nan
2074967585064_Node0_Node8_Zero,2075.21257,2078.032787,1,Expiry,0,1.04925114e-12,nan
2074975786241_Node0_Node8_Zero,2075.21257,2078.032787,1,Expiry,0,1.04925114e-12,nan
2074983982013_Node0_Node8_Zero,2075.214573,2078.032787,1,Expiry,0,1.04925114e-12,nan
2074992177925_Node0_Node8_Zero,2075.214573,2078.032787,1,Expiry,0,1.04925114e-12,nan
2075000378617_Node0_Node8_Zero,2075.216676,2078.032787,1,Expiry,0,1.04925114e-12,nan
2075008572139_Node0_Node8_Zero,2075.216676,2078.032787,1,Expiry,0,1.04925114e-12,nan
2075016770563_Node0_Node8_Zero,2075.218698,2078.032787,1,Expiry,0,1.04925114e-12,nan
2075024967413_Node0_Node8_Zero,2075.218698,2078.032787,1,Expiry,0,1.04925114e-12,nan
2075033165269_Node0_Node8_Zero,2075.222698,2078.114754,1,Expiry,0,1.04925114e-12,nan
2075041361759_Node0_Node8_Zero,2075.222698,2078.114754,1,Expiry,0,1.04925114e-12,nan
2075049554377_Node0_Node8_Zero,2075.226597,2078.114754,1,Expiry,0,1.04925114e-12,nan
2075057746740_Node0_Node8_Zero,2075.226597,2078.114754,1,Expiry,0,1.04925114e-12,nan
2075065946379_Node0_Node8_Zero,2075.22854,2078.114754,1,Expiry,0,1.04925114e-12,nan
2075074141506_Node0_Node8_Zero,2075.22854,2078.114754,1,Expiry,0,1.04925114e-12,nan
2075082333643_Node0_Node8_Zero,2075.230542,2078.114754,1,Expiry,0,1.04925114e-12,nan
2075090530471_Node0_Node8_Zero,2075.230542,2078.114754,1,Expiry,0,1.04925114e-12,nan
2075098723340_Node0_Node8_Zero,2075.232505,2078.114754,1,Expiry,0,1.04925114e-12,nan
2075106916366_Node0_Node8_Zero,2075.232505,2078.114754,1,Expiry,0,1.04925114e-12,nan
2075115116224_Node0_Node8_Zero,2075.234347,2078.196721,1,Expiry,0,0,nan
2075123316374_Node0_Node8_Zero,2075.234347,2078.196721,1,Expiry,0,0,nan
2075131516991_Node0_Node8_Zero,2075.257004,2078.196721,1,Expiry,0,0,nan
2075139712540_Node0_Node8_Zero,2075.257004,2078.196721,1,Expiry,0,0,nan
2075147911693_Node0_Node8_Zero,2075.260944,2078.196721,1,Expiry,0,0,nan
2075156109657_Node0_Node8_Zero,2075.260944,2078.196721,1,Expiry,0,0,nan
2075164306645_Node0_Node8_Zero,2075.262766,2078.196721,1,Expiry,0,0,nan
2075172501252_Node0_Node8_Zero,2075.262766,2078.196721,1,Expiry,0,0,nan
2075180702192_Node0_Node8_Zero,2075.266726,2078.196721,1,Expiry,0,0,nan
2075188901150_Node0_Node8_Zero,2075.266726,2078.196721,1,Expiry,0,0,nan
2075197099468_Node0_Node8_Zero,2075.270705,2078.278689,1,Expiry,0,1.04925114e-12,nan
2075205296603_Node0_Node8_Zero,2075.270705,2078.278689,1,Expiry,0,1.04925114e-12,nan
2075213495628_Node0_Node8_Zero,2075.274624,2078.278689,1,Expiry,0,1.04925114e-12,nan
2075221694810_Node0_Node8_Zero,2075.274624,2078.278689,1,Expiry,0,1.04925114e-12,nan
2075229891665_Node0_Node8_Zero,2075.27875,2078.278689,1,Expiry,0,1.04925114e-12,nan
2075238087195_Node0_Node8_Zero,2075.27875,2078.278689,1,Expiry,0,1.04925114e-12,nan
2075246280762_Node0_Node8_Zero,2075.280732,2078.278689,1,Expiry,0,1.04925114e-12,nan
2075254473653_Node0_Node8_Zero,2075.280732,2078.278689,1,Expiry,0,1.04925114e-12,nan
2075262668565_Node0_Node8_Zero,2075.282635,2078.278689,1,Expiry,0,1.04925114e-12,nan
2075270868255_Node0_Node8_Zero,2075.282635,2078.278689,1,Expiry,0,1.04925114e-12,nan
2075279063769_Node0_Node8_Zero,2075.28588,2078.360656,1,Expiry,0,0,nan
2075287262766_Node0_Node8_Zero,2075.360529,2078.360656,1,Expiry,0,0,nan
2075295456139_Node0_Node8_Zero,2075.454121,2078.360656,1,Expiry,0,0,nan
2075303649753_Node0_Node8_Zero,2075.454121,2078.360656,1,Expiry,0,0,nan
2075311848661_Node0_Node8_Zero,2075.456084,2078.360656,1,Expiry,0,0,nan
2075320044428_Node0_Node8_Zero,2075.456084,2078.360656,1,Expiry,0,0,nan
2075328243187_Node0_Node8_Zero,2075.457966,2078.360656,1,Expiry,0,0,nan
2075336442156_Node0_Node8_Zero,2075.457966,2078.360656,1,Expiry,0,0,nan
2075344634373_Node0_Node8_Zero,2075.459869,2078.360656,1,Expiry,0,0,nan
2075352832312_Node0_Node8_Zero,2075.459869,2078.360656,1,Expiry,0,0,nan
2075361026098_Node0_Node8_Zero,2075.467714,2078.442623,1,Expiry,0,0,nan
2075369222701_Node0_Node8_Zero,2075.467714,2078.442623,1,Expiry,0,0,nan
2075377418842_Node0_Node8_Zero,2075.469536,2078.442623,1,Expiry,0,0,nan
2075385619280_Node0_Node8_Zero,2075.469536,2078.442623,1,Expiry,0,0,nan
2075393816413_Node0_Node8_Zero,2075.471359,2078.442623,1,Expiry,0,0,nan
2075402018119_Node0_Node8_Zero,2075.471359,2078.442623,1,Expiry,0,0,nan
2075410212125_Node0_Node8_Zero,2075.475184,2078.442623,1,Expiry,0,0,nan
2075418412223_Node0_Node8_Zero,2075.475184,2078.442623,1,Expiry,0,0,nan
2075426606241_Node0_Node8_Zero,2075.477106,2078.442623,1,Expiry,0,0,nan
2075434803332_Node0_Node8_Zero,2075.477106,2078.442623,1,Expiry,0,0,nan
2075442995059_Node0_Node8_Zero,2075.48895,2078.52459,1,Expiry,0,1.04925114e-12,nan
2075451192610_Node0_Node8_Zero,2075.48895,2078.52459,1,Expiry,0,1.04925114e-12,nan
2075459391918_Node0_Node8_Zero,2075.490873,2078.52459,1,Expiry,0,1.04925114e-12,nan
2075467587558_Node0_Node8_Zero,2075.490873,2078.52459,1,Expiry,0,1.04925114e-12,nan
2075475783670_Node0_Node8_Zero,2075.494718,2078.52459,1,Expiry,0,1.04925114e-12,nan
2075483979689_Node0_Node8_Zero,2075.494718,2078.52459,1,Expiry,0,1.04925114e-12,nan
2075492179997_Node0_Node8_Zero,2075.497858,2078.52459,1,Expiry,0,1.04925114e-12,nan
2075500377944_Node0_Node8_Zero,2075.502059,2078.52459,1,Expiry,0,1.04925114e-12,nan
2075508575810_Node0_Node8_Zero,2075.865074,2078.52459,1,Expiry,0,1.04925114e-12,nan
2075516773070_Node0_Node8_Zero,2075.87135,2078.52459,1,Expiry,0,1.04925114e-12,nan
2075524971760_Node0_Node8_Zero,2075.87135,2078.606557,1,Expiry,0,0,nan
2075533168514_Node0_Node8_Zero,2075.873452,2078.606557,1,Expiry,0,0,nan
2075541362513_Node0_Node8_Zero,2075.873452,2078.606557,1,Expiry,0,0,nan
2075549563137_Node0_Node8_Zero,2075.875335,2078.606557,1,Expiry,0,0,nan
2075557761411_Node0_Node8_Zero,2075.875335,2078.606557,1,Expiry,0,0,nan
2075565957404_Node0_Node8_Zero,2075.877257,2078.606557,1,Expiry,0,0,nan
2075574155932_Node0_Node8_Zero,2075.877257,2078.606557,1,Expiry,0,0,nan
2075582353749_Node0_Node8_Zero,2075.8791,2078.606557,1,Expiry,0,0,nan
2075590547354_Node0_Node8_Zero,2075.8791,2078.606557,1,Expiry,0,0,nan
2075598743201_Node0_Node8_Zero,2075.880982,2078.606557,1,Expiry,0,0,nan
2075606943439_Node0_Node8_Zero,2075.880982,2078.688525,1,Expiry,0,1.04925114e-12,nan
2075615141500_Node0_Node8_Zero,2075.88675,2078.688525,1,Expiry,0,1.04925114e-12,nan
2075623336560_Node0_Node8_Zero,2075.88675,2078.688525,1,Expiry,0,1.04925114e-12,nan
2075631533741_Node0_Node8_Zero,2075.890915,2078.688525,1,Expiry,0,1.04925114e-12,nan
2075639732809_Node0_Node8_Zero,2075.890915,2078.688525,1,Expiry,0,1.04925114e-12,nan
2075647929810_Node0_Node8_Zero,2075.892778,2078.688525,1,Expiry,0,1.04925114e-12,nan
2075656130539_Node0_Node8_Zero,2075.892778,2078.688525,1,Expiry,0,1.04925114e-12,nan
2075664328582_Node0_Node8_Zero,2075.89464,2078.688525,1,Expiry,0,1.04925114e-12,nan
2075672522340_Node0_Node8_Zero,2075.89464,2078.688525,1,Expiry,0,1.04925114e-12,nan
2075680714603_Node0_Node8_Zero,2075.898446,2078.688525,1,Expiry,0,1.04925114e-12,nan
2075688914287_Node0_Node8_Zero,2075.898446,2078.770492,1,Expiry,0,0,nan
2075697106648_Node0_Node8_Zero,2075.902445,2078.770492,1,Expiry,0,0,nan
2075705303478_Node0_Node8_Zero,2075.902445,2078.770492,1,Expiry,0,0,nan
2075713498180_Node0_Node8_Zero,2075.904448,2078.770492,1,Expiry,0,0,nan
2075721692250_Node0_Node8_Zero,2075.904448,2078.770492,1,Expiry,0,0,nan
2075729890351_Node0_Node8_Zero,2075.90637,2078.770492,1,Expiry,0,0,nan
2075738086381_Node0_Node8_Zero,2075.90637,2078.770492,1,Expiry,0,0,nan
2075746283678_Node0_Node8_Zero,2075.908233,2078.770492,1,Expiry,0,0,nan
2075754475459_Node0_Node8_Zero,2075.908233,2078.770492,1,Expiry,0,0,nan
2075762667887_Node0_Node8_Zero,2075.912038,2078.770492,1,Expiry,0,0,nan
2075770863136_Node0_Node8_Zero,2075.912038,2078.852459,1,Expiry,0,1.04925114e-12,nan
2075779056366_Node0_Node8_Zero,2075.916043,2078.852459,1,Expiry,0,1.04925114e-12,nan
2075787248519_Node0_Node8_Zero,2075.916043,2078.852459,1,Expiry,0,1.04925114e-12,nan
2075795444096_Node0_Node8_Zero,2075.917865,2078.852459,1,Expiry,0,1.04925114e-12,nan
2075803638340_Node0_Node8_Zero,2075.917865,2078.852459,1,Expiry,0,1.04925114e-12,nan
2075811834800_Node0_Node8_Zero,2075.930041,2078.852459,1,Expiry,0,1.04925114e-12,nan
2075820032950_Node0_Node8_Zero,2075.930041,2078.852459,1,Expiry,0,1.04925114e-12,nan
2075828234190_Node0_Node8_Zero,2075.936017,2078.852459,1,Expiry,0,1.04925114e-12,nan
2075836433974_Node0_Node8_Zero,2075.936017,2078.852459,1,Expiry,0,1.04925114e-12,nan
2075844630337_Node0_Node8_Zero,2075.938,2078.852459,1,Expiry,0,1.04925114e-12,nan
2075852823717_Node0_Node8_Zero,2075.938,2078.934426,1,Expiry,0,1.04925114e-12,nan
2075861018038_Node0_Node8_Zero,2075.948407,2078.934426,1,Expiry,0,1.04925114e-12,nan
2075869211344_Node0_Node8_Zero,2075.948407,2078.934426,1,Expiry,0,1.04925114e-12,nan
2075877405632_Node0_Node8_Zero,2075.950329,2078.934426,1,Expiry,0,1.04925114e-12,nan
2075885606110_Node0_Node8_Zero,2075.950329,2078.934426,1,Expiry,0,1.04925114e-12,nan
2075893807006_Node0_Node8_Zero,2075.956171,2078.934426,1,Expiry,0,1.04925114e-12,nan
2075902005634_Node0_Node8_Zero,2075.956171,2078.934426,1,Expiry,0,1.04925114e-12,nan
2075910204187_Node0_Node8_Zero,2075.958194,2078.934426,1,Expiry,0,1.04925114e-12,nan
2075918400885_Node0_Node8_Zero,2075.958194,2078.934426,1,Expiry,0,1.04925114e-12,nan
2075926595694_Node0_Node8_Zero,2075.960237,2078.934426,1,Expiry,0,1.04925114e-12,nan
2075934797410_Node0_Node8_Zero,2075.960237,2079.016393,1,Expiry,0,5.258698200000001e-13,nan
2075942990853_Node0_Node8_Zero,2075.962079,2079.016393,1,Expiry,0,5.258698200000001e-13,nan
2075951186191_Node0_Node8_Zero,2075.962079,2079.016393,1,Expiry,0,5.258698200000001e-13,nan
2075959380151_Node0_Node8_Zero,2075.963062,2079.016393,1,Expiry,0,5.258698200000001e-13,nan
2075967573865_Node0_Node8_Zero,2075.978481,2079.016393,1,Expiry,0,5.258698200000001e-13,nan
2075975766864_Node0_Node8_Zero,2075.979583,2079.016393,1,Expiry,0,5.258698200000001e-13,nan
2075983962903_Node0_Node8_Zero,2076.070566,2079.016393,1,Expiry,0,5.258698200000001e-13,nan
2075992157128_Node0_Node8_Zero,2076.155451,2079.016393,1,Expiry,0,5.258698200000001e-13,nan
2076000355725_Node0_Node8_Zero,2076.155451,2079.016393,1,Expiry,0,5.258698200000001e-13,nan
2076008547815_Node0_Node8_Zero,2076.160613,2079.016393,1,Expiry,0,5.258698200000001e-13,nan
2076016744434_Node0_Node8_Zero,2076.160613,2079.098361,1,Expiry,0,5.258698200000001e-13,nan
2076024942010_Node0_Node8_Zero,2076.164718,2079.098361,1,Expiry,0,5.258698200000001e-13,nan
2076033140629_Node0_Node8_Zero,2076.164718,2079.098361,1,Expiry,0,5.258698200000001e-13,nan
2076041334356_Node0_Node8_Zero,2076.16674,2079.098361,1,Expiry,0,5.258698200000001e-13,nan
2076049529244_Node0_Node8_Zero,2076.16674,2079.098361,1,Expiry,0,5.258698200000001e-13,nan
2076057728563_Node0_Node8_Zero,2076.168703,2079.098361,1,Expiry,0,5.258698200000001e-13,nan
2076065927012_Node0_Node8_Zero,2076.168703,2079.098361,1,Expiry,0,5.258698200000001e-13,nan
2076074127070_Node0_Node8_Zero,2076.170525,2079.098361,1,Expiry,0,5.258698200000001e-13,nan
2076082326088_Node0_Node8_Zero,2076.170525,2079.098361,1,Expiry,0,5.258698200000001e-13,nan
2076090523084_Node0_Node8_Zero,2076.172448,2079.098361,1,Expiry,0,5.258698200000001e-13,nan
2076098721988_Node0_Node8_Zero,2076.172448,2079.180328,1,Expiry,0,0,nan
2076106915879_Node0_Node8_Zero,2076.174351,2079.180328,1,Expiry,0,0,nan
2076115114824_Node0_Node8_Zero,2076.174351,2079.180328,1,Expiry,0,0,nan
2076123312024_Node0_Node8_Zero,2076.182561,2079.180328,1,Expiry,0,0,nan
2076131508715_Node0_Node8_Zero,2076.182561,2079.180328,1,Expiry,0,0,nan
2076139705308_Node0_Node8_Zero,2076.1864,2079.180328,1,Expiry,0,0,nan
2076147903166_Node0_Node8_Zero,2076.1864,2079.180328,1,Expiry,0,0,nan
2076156098093_Node0_Node8_Zero,2076.188223,2079.180328,1,Expiry,0,0,nan
2076164296890_Node0_Node8_Zero,2076.188223,2079.180328,1,Expiry,0,0,nan
2076172493932_Node0_Node8_Zero,2076.190245,2079.180328,1,Expiry,0,0,nan
2076180686579_Node0_Node8_Zero,2076.190245,2079.262295,1,Expiry,0,1.04925114e-12,nan
2076188884200_Node0_Node8_Zero,2076.193225,2079.262295,1,Expiry,0,1.04925114e-12,nan
2076197076394_Node0_Node8_Zero,2076.201506,2079.262295,1,Expiry,0,1.04925114e-12,nan
2076205271763_Node0_Node8_Zero,2076.219085,2079.262295,1,Expiry,0,1.04925114e-12,nan
2076213466307_Node0_Node8_Zero,2076.283309,2079.262295,1,Expiry,0,1.04925114e-12,nan
2076221665104_Node0_Node8_Zero,2076.285131,2079.262295,1,Expiry,0,1.04925114e-12,nan
2076229858284_Node0_Node8_Zero,2076.285131,2079.262295,1,Expiry,0,1.04925114e-12,nan
2076238059366_Node0_Node8_Zero,2076.287113,2079.262295,1,Expiry,0,1.04925114e-12,nan
2076246258193_Node0_Node8_Zero,2076.287113,2079.262295,1,Expiry,0,1.04925114e-12,nan
2076254459375_Node0_Node8_Zero,2076.288976,2079.262295,1,Expiry,0,1.04925114e-12,nan
2076262659380_Node0_Node8_Zero,2076.288976,2079.344262,1,Expiry,0,0,nan
2076270855601_Node0_Node8_Zero,2076.290998,2079.344262,1,Expiry,0,0,nan
2076279052463_Node0_Node8_Zero,2076.290998,2079.344262,1,Expiry,0,0,nan
2076287244552_Node0_Node8_Zero,2076.293938,2079.344262,1,Expiry,0,0,nan
2076295441212_Node0_Node8_Zero,2076.297493,2079.344262,1,Expiry,0,0,nan
2076303641068_Node0_Node8_Zero,2076.305371,2079.344262,1,Expiry,0,0,nan
2076311842572_Node0_Node8_Zero,2076.325735,2079.344262,1,Expiry,0,0,nan
2076320038790_Node0_Node8_Zero,2076.328473,2079.344262,1,Expiry,0,0,nan
2076328237774_Node0_Node8_Zero,2076.329555,2079.344262,1,Expiry,0,0,nan
2076336438163_Node0_Node8_Zero,2076.337676,2079.344262,1,Expiry,0,0,nan
2076344632931_Node0_Node8_Zero,2076.347292,2079.42623,1,Expiry,0,1.04925114e-12,nan
2000795094446_Node0_Node8_Zero,2088.768294,2088.768294,1,Expiry,0,1.2175295021176358e-12,nan
2000598365087_Node0_Node8_Zero,2091.133477,2091.133477,1,Expiry,0,1.1886091089609241e-12,nan
2000606565521_Node0_Node8_Zero,2091.133477,2091.133477,1,Expiry,0,1.1886091089609241e-12,nan
2001000019531_Node0_Node8_Zero,2092.351134,2092.351134,1,Expiry,0,1.1995670293022522e-12,nan
2000762303305_Node0_Node8_Zero,2094.882674,2094.882674,1,Expiry,0,1.04925114e-12,nan
2001049210910_Node0_Node8_Zero,2096.731192,2096.731192,1,Expiry,0,1.04925114e-12,nan
2000745904291_Node0_Node8_Zero,2097.878356,2097.878356,1,Expiry,0,1.04925114e-12,nan
2000754105318_Node0_Node8_Zero,2097.878356,2097.878356,1,Expiry,0,1.04925114e-12,nan
2076352825578_Node0_Node8_Zero,2098.307257,2098.307257,1,Expiry,0,1.04925114e-12,nan
2095279163244_Node0_Node8_Zero,2098.309214,2098.309214,1,Expiry,0,1.04925114e-12,nan
2095287363109_Node0_Node8_Zero,2098.309214,2098.309214,1,Expiry,0,1.04925114e-12,nan
2095295563892_Node0_Node8_Zero,2098.311151,2098.311151,1,Expiry,0,1.04925114e-12,nan
2095303757253_Node0_Node8_Zero,2098.311151,2098.311151,1,Expiry,0,1.04925114e-12,nan
2095311956703_Node0_Node8_Zero,2098.313208,2098.313208,1,Expiry,0,1.04925114e-12,nan
2095320156406_Node0_Node8_Zero,2098.313208,2098.327164,1,Expiry,400,0,nan
2095344752121_Node0_Node8_Zero,2098.318403,2098.356609,1,Expiry,1221,3.61563577408237e-13,nan
2095352951785_Node0_Node8_Zero,2098.318403,2098.356609,1,Expiry,1221,3.61563577408237e-13,nan
2095377539212_Node0_Node8_Zero,2098.326248,2098.394977,1,Expiry,1317,1.04925114e-12,nan
2095385737780_Node0_Node8_Zero,2098.326248,2098.394977,1,Expiry,1317,1.04925114e-12,nan
2095393930442_Node0_Node8_Zero,2098.333049,2098.403023,1,Expiry,1228,3.957175728e-12,nan
2095402124673_Node0_Node8_Zero,2098.333049,2098.403023,1,Expiry,1228,3.957175728e-12,nan
2095361144412_Node0_Node8_Zero,2098.341525,2098.373686,1,Expiry,921,0,nan
2095369339256_Node0_Node8_Zero,2098.341525,2098.373686,1,Expiry,921,0,nan
2095443101260_Node0_Node8_Zero,2098.351877,2099.712812,1,Expiry,27730,0,nan
2095451294616_Node0_Node8_Zero,2098.351877,2099.712812,1,Expiry,27730,0,nan
2095459494043_Node0_Node8_Zero,2098.355931,2098.634197,1,Expiry,9381,0,nan
2095467687759_Node0_Node8_Zero,2098.355931,2098.634197,1,Expiry,9381,0,nan
2095418514011_Node0_Node8_Zero,2098.363638,2099.730552,1,Expiry,27371,1.04925114e-12,nan
2095484082834_Node0_Node8_Zero,2098.365716,2099.730552,1,Expiry,27282,1.04925114e-12,nan
2095525075467_Node0_Node8_Zero,2098.424514,2098.636098,1,Expiry,8932,0,nan
2095533267386_Node0_Node8_Zero,2098.424514,2098.636098,1,Expiry,8932,0,nan
2095541461725_Node0_Node8_Zero,2098.42727,2098.606557,1,Expiry,7668,1.04925114e-12,nan
2095549656392_Node0_Node8_Zero,2098.42727,2098.606557,1,Expiry,7668,1.04925114e-12,nan
2095582450508_Node0_Node8_Zero,2098.429986,2098.606557,1,Expiry,7578,1.04925114e-12,nan
2095574254426_Node0_Node8_Zero,2098.434715,2098.606557,1,Expiry,7400,1.04925114e-12,nan
2095566053900_Node0_Node8_Zero,2098.436652,2098.606557,1,Expiry,7311,1.04925114e-12,nan
2095590649774_Node0_Node8_Zero,2098.438689,2098.606557,1,Expiry,7222,1.04925114e-12,nan
2095410318359_Node0_Node8_Zero,2098.446934,2098.446934,1,Expiry,0,1.04925114e-12,nan
2095607036697_Node0_Node8_Zero,2098.451136,2098.639944,1,Expiry,7868,0,nan
2095615235945_Node0_Node8_Zero,2098.451136,2098.639944,1,Expiry,7868,0,nan
2095508681608_Node0_Node8_Zero,2098.456597,2098.52459,1,Expiry,2882,1.04925114e-12,nan
2095516874093_Node0_Node8_Zero,2098.456597,2098.52459,1,Expiry,2882,1.04925114e-12,nan
2095639825389_Node0_Node8_Zero,2098.480027,2098.645796,1,Expiry,6832,0,nan
2095648017406_Node0_Node8_Zero,2098.480027,2098.649101,1,Expiry,6832,0,nan
2095656217913_Node0_Node8_Zero,2098.490059,2098.663335,1,Expiry,6620,0,nan
2095664416382_Node0_Node8_Zero,2098.490059,2098.67747,1,Expiry,7015,0,nan
2095672608983_Node0_Node8_Zero,2098.492055,2098.683644,1,Expiry,6926,1.3660006316253609e-12,nan
2095680806613_Node0_Node8_Zero,2098.492055,2098.683644,1,Expiry,6926,1.3660006316253609e-12,nan
2095631631724_Node0_Node8_Zero,2098.495078,2098.665254,1,Expiry,6396,0,nan
2095689007167_Node0_Node8_Zero,2098.501032,2099.647552,1,Expiry,24046,0,nan
2095697203250_Node0_Node8_Zero,2098.501032,2098.698198,1,Expiry,6813,1.04925114e-12,nan
2095705395442_Node0_Node8_Zero,2098.502855,2098.784099,1,Expiry,9708,0,nan
2095713593977_Node0_Node8_Zero,2098.502855,2098.780253,1,Expiry,9708,0,nan
2095721791525_Node0_Node8_Zero,2098.504857,2098.780253,1,Expiry,9619,0,nan
2095729984319_Node0_Node8_Zero,2098.504857,2098.757607,1,Expiry,8884,0,nan
2095738176269_Node0_Node8_Zero,2098.50686,2098.757607,1,Expiry,8795,0,nan
2095746376186_Node0_Node8_Zero,2098.50686,2099.014167,1,Expiry,14153,0,nan
2095754573566_Node0_Node8_Zero,2098.508782,2099.014167,1,Expiry,14064,0,nan
2095762770515_Node0_Node8_Zero,2098.508782,2098.767326,1,Expiry,8973,1.32067678773436e-13,nan
2095770963916_Node0_Node8_Zero,2098.518809,2099.511512,1,Expiry,23245,0,nan
2095779157879_Node0_Node8_Zero,2098.518809,2099.017993,1,Expiry,13619,0,nan
2095787359028_Node0_Node8_Zero,2098.520872,2099.017993,1,Expiry,13530,0,nan
2095795557505_Node0_Node8_Zero,2098.520872,2102.463965,1,Expiry,23156,0,nan
2095803750639_Node0_Node8_Zero,2098.522715,2102.463965,1,Expiry,23067,0,nan
2095811952250_Node0_Node8_Zero,2098.522715,2098.815864,1,Expiry,9754,1.04925114e-12,nan
2095820147990_Node0_Node8_Zero,2098.524617,2098.893674,1,Expiry,11137,3.1832552055324854e-13,nan
2095828347158_Node0_Node8_Zero,2098.524617,2098.83204,1,Expiry,9820,0,nan
2095836540795_Node0_Node8_Zero,2098.5265,2098.85183,1,Expiry,9999,0,nan
2095844735884_Node0_Node8_Zero,2098.5265,2098.905481,1,Expiry,11315,0,nan
2095852933091_Node0_Node8_Zero,2098.53449,2098.905481,1,Expiry,10959,0,nan
2095861125495_Node0_Node8_Zero,2098.53449,2098.943918,1,Expiry,11669,0,nan
2095869317604_Node0_Node8_Zero,2098.538695,2098.943918,1,Expiry,11491,0,nan
2095877513959_Node0_Node8_Zero,2098.538695,2098.907092,1,Expiry,10781,1.311563925e-12,nan
2095885713198_Node0_Node8_Zero,2098.540718,2098.907092,1,Expiry,10692,1.311563925e-12,nan
2095893911364_Node0_Node8_Zero,2098.540718,2098.945873,1,Expiry,11402,0,nan
2095902108495_Node0_Node8_Zero,2098.54264,2098.945873,1,Expiry,11313,0,nan
2095910305978_Node0_Node8_Zero,2098.54264,2098.923694,1,Expiry,11104,0,nan
2095918498931_Node0_Node8_Zero,2098.544623,2098.923694,1,Expiry,11015,0,nan
2095926696465_Node0_Node8_Zero,2098.544623,2098.948963,1,Expiry,11224,0,nan
2095934898028_Node0_Node8_Zero,2098.546645,2098.948963,1,Expiry,11135,0,nan
2095943089884_Node0_Node8_Zero,2098.546645,2099.490888,1,Expiry,21999,1.5837474581268047e-12,nan
2095951288477_Node0_Node8_Zero,2098.548548,2099.490888,1,Expiry,21910,1.5837474581268047e-12,nan
2095959486740_Node0_Node8_Zero,2098.548548,2099.49178,1,Expiry,21910,1.5837474581268047e-12,nan
2095967683086_Node0_Node8_Zero,2098.552613,2099.49178,1,Expiry,21732,1.5837474581268047e-12,nan
2095975882699_Node0_Node8_Zero,2098.552613,2102.446181,1,Expiry,21732,0,nan
2095984077068_Node0_Node8_Zero,2098.556818,2102.446181,1,Expiry,21554,0,nan
2095992278465_Node0_Node8_Zero,2098.556818,2099.545208,1,Expiry,21554,1.3383548541729816e-12,nan
2096000473373_Node0_Node8_Zero,2098.558881,2099.545208,1,Expiry,21465,1.3383548541729816e-12,nan
2096008670518_Node0_Node8_Zero,2098.558881,2099.495607,1,Expiry,21465,0,nan
2096016863875_Node0_Node8_Zero,2098.560923,2099.495607,1,Expiry,21376,0,nan
2096025058038_Node0_Node8_Zero,2098.560923,2099.487077,1,Expiry,21376,1.3966186645602536e-13,nan
2096033256497_Node0_Node8_Zero,2098.562826,2099.487077,1,Expiry,21287,1.3966186645602536e-13,nan
2096041450375_Node0_Node8_Zero,2098.562826,2099.491121,1,Expiry,21287,1.5837474581268047e-12,nan
2096049648422_Node0_Node8_Zero,2098.564908,2099.491121,1,Expiry,21198,1.5837474581268047e-12,nan
2096057840184_Node0_Node8_Zero,2098.564908,2099.571475,1,Expiry,21198,0,nan
2096066033685_Node0_Node8_Zero,2098.566951,2099.571475,1,Expiry,21109,0,nan
2096074226769_Node0_Node8_Zero,2098.566951,2099.653187,1,Expiry,21109,1.1476780003622177e-12,nan
2096082419483_Node0_Node8_Zero,2098.568833,2099.653187,1,Expiry,21020,1.1476780003622177e-12,nan
2096090613436_Node0_Node8_Zero,2098.568833,2099.474761,1,Expiry,21020,5.344963181268047e-13,nan
2096098808610_Node0_Node8_Zero,2098.570676,2099.474761,1,Expiry,20931,5.344963181268047e-13,nan
2096107010266_Node0_Node8_Zero,2098.570676,2099.519628,1,Expiry,20931,0,nan
2096115207568_Node0_Node8_Zero,2098.578721,2099.519628,1,Expiry,20575,0,nan
2096123401886_Node0_Node8_Zero,2098.578721,2099.616721,1,Expiry,20575,1.04925114e-12,nan
2096131595587_Node0_Node8_Zero,2098.58274,2099.616721,1,Expiry,20397,1.04925114e-12,nan
2096139795794_Node0_Node8_Zero,2098.58274,2099.655398,1,Expiry,20397,0,nan
2096147993830_Node0_Node8_Zero,2098.589082,2099.655398,1,Expiry,20130,0,nan
2096156190189_Node0_Node8_Zero,2098.589082,2099.62985,1,Expiry,20130,0,nan
2096164390888_Node0_Node8_Zero,2098.590985,2099.62985,1,Expiry,20041,0,nan
2096172587496_Node0_Node8_Zero,2098.590985,2099.632402,1,Expiry,20041,0,nan
2096180787204_Node0_Node8_Zero,2098.592927,2099.632402,1,Expiry,19952,0,nan
2096188985638_Node0_Node8_Zero,2098.592927,2099.224111,1,Expiry,13549,4.219488512999999e-12,nan
2096197178038_Node0_Node8_Zero,2098.59481,2099.224111,1,Expiry,13460,4.219488512999999e-12,nan
2096205379139_Node0_Node8_Zero,2098.59481,2099.527504,1,Expiry,19863,0,nan
2096213580613_Node0_Node8_Zero,2098.596832,2099.527504,1,Expiry,19774,0,nan
2096221782006_Node0_Node8_Zero,2098.596832,2099.25809,1,Expiry,13559,2.62312785e-13,nan
2096229980395_Node0_Node8_Zero,2098.598775,2099.25809,1,Expiry,13470,2.62312785e-13,nan
2096238176808_Node0_Node8_Zero,2098.598775,2099.551899,1,Expiry,19685,0,nan
2096246377948_Node0_Node8_Zero,2098.600697,2099.551899,1,Expiry,19596,0,nan
2096254570411_Node0_Node8_Zero,2098.600697,2099.484622,1,Expiry,19596,0,nan
2096262771101_Node0_Node8_Zero,2098.606839,2099.484622,1,Expiry,19329,0,nan
2096270968968_Node0_Node8_Zero,2098.606839,2099.564287,1,Expiry,19329,0,nan
2096279168975_Node0_Node8_Zero,2098.608842,2099.564287,1,Expiry,19240,0,nan
2096287365037_Node0_Node8_Zero,2098.608842,2099.372709,1,Expiry,15546,0,nan
2096295560291_Node0_Node8_Zero,2098.610705,2099.372709,1,Expiry,15457,0,nan
2096303760825_Node0_Node8_Zero,2098.610705,2099.693915,1,Expiry,19151,1.0912211856e-12,nan
2096311956491_Node0_Node8_Zero,2098.616807,2099.693915,1,Expiry,18884,1.0912211856e-12,nan
2096320157206_Node0_Node8_Zero,2098.616807,2099.698579,1,Expiry,18884,0,nan
2096328354720_Node0_Node8_Zero,2098.618889,2099.698579,1,Expiry,18795,0,nan
2096336548158_Node0_Node8_Zero,2098.618889,2099.478256,1,Expiry,18795,1.0995892740198374e-12,nan
2096344746566_Node0_Node8_Zero,2098.622929,2099.478256,1,Expiry,18617,1.0995892740198374e-12,nan
2096352942513_Node0_Node8_Zero,2098.622929,2102.809701,1,Expiry,18617,0,nan
2096361143240_Node0_Node8_Zero,2098.624971,2102.809701,1,Expiry,18528,0,nan
2096369343334_Node0_Node8_Zero,2098.624971,2102.428391,1,Expiry,18528,0,nan
2096377542148_Node0_Node8_Zero,2098.626994,2102.428391,1,Expiry,18439,0,nan
2096385741690_Node0_Node8_Zero,2098.626994,2099.503834,1,Expiry,18439,4.676169357013613e-13,nan
2096393933564_Node0_Node8_Zero,2098.628916,2099.503834,1,Expiry,18350,4.676169357013613e-13,nan
2096402131218_Node0_Node8_Zero,2098.628916,2099.578677,1,Expiry,18350,0,nan
2096410326936_Node0_Node8_Zero,2098.630739,2099.578677,1,Expiry,18261,0,nan
2096418521122_Node0_Node8_Zero,2098.630739,2099.539892,1,Expiry,18261,1.04925114e-12,nan
2096426722642_Node0_Node8_Zero,2098.632721,2099.539892,1,Expiry,18172,1.04925114e-12,nan
2096434914868_Node0_Node8_Zero,2098.632721,2099.598644,1,Expiry,18172,0,nan
2096459500798_Node0_Node8_Zero,2098.642253,2099.598644,1,Expiry,18171,0,nan
2096467694241_Node0_Node8_Zero,2098.642253,2102.772804,1,Expiry,18171,0,nan
2096443108985_Node0_Node8_Zero,2098.64431,2102.772804,1,Expiry,18171,0,nan
2096451303716_Node0_Node8_Zero,2098.64431,2099.506668,1,Expiry,18171,1.1889130064560253e-12,nan
2096475886877_Node0_Node8_Zero,2098.671711,2099.506668,1,Expiry,17739,1.1889130064560253e-12,nan
2096484085171_Node0_Node8_Zero,2098.671711,2099.514771,1,Expiry,17739,1.04925114e-12,nan
2096508673783_Node0_Node8_Zero,2098.673774,2099.514771,1,Expiry,17650,1.04925114e-12,nan
2096516871094_Node0_Node8_Zero,2098.673774,2099.532692,1,Expiry,17650,0,nan
2096549645723_Node0_Node8_Zero,2098.741323,2099.796211,1,Expiry,15628,0,nan
2096525064064_Node0_Node8_Zero,2098.74332,2099.682915,1,Expiry,15540,0,nan
2096582440230_Node0_Node8_Zero,2098.788396,2099.682915,1,Expiry,14094,0,nan
2096574239028_Node0_Node8_Zero,2098.792308,2099.66848,1,Expiry,14005,0,nan
2096598826999_Node0_Node8_Zero,2098.795745,2099.66848,1,Expiry,13846,0,nan
2096541447970_Node0_Node8_Zero,2098.900573,2099.671402,1,Expiry,11665,0,nan
2096607022955_Node0_Node8_Zero,2098.956421,2099.671402,1,Expiry,10776,0,nan
2096615218098_Node0_Node8_Zero,2098.956421,2099.661872,1,Expiry,10776,0,nan
2096623417019_Node0_Node8_Zero,2098.973903,2099.661872,1,Expiry,10338,0,nan
2096631618738_Node0_Node8_Zero,2098.973903,2102.620463,1,Expiry,10338,0,nan
2096672594817_Node0_Node8_Zero,2098.983279,2102.620463,1,Expiry,10250,0,nan
2096680793815_Node0_Node8_Zero,2098.983279,2099.687485,1,Expiry,10250,1.3515485557008997e-12,nan
2096697191795_Node0_Node8_Zero,2098.999747,2103.278095,1,Expiry,9716,0,nan
2096705385037_Node0_Node8_Zero,2099.016493,2102.632577,1,Expiry,9626,0,nan
2096713580629_Node0_Node8_Zero,2099.016493,2102.632577,1,Expiry,9626,0,nan
2096721778460_Node0_Node8_Zero,2099.039681,2102.581634,1,Expiry,9366,0,nan
2096729978404_Node0_Node8_Zero,2099.039681,2102.581634,1,Expiry,9366,0,nan
2096738173665_Node0_Node8_Zero,2099.041798,2102.639826,1,Expiry,9277,0,nan
2096746370449_Node0_Node8_Zero,2099.041798,2102.639826,1,Expiry,9277,0,nan
2096754563283_Node0_Node8_Zero,2099.052037,2102.886572,1,Expiry,9103,0,nan
2096762763987_Node0_Node8_Zero,2099.052037,2102.886572,1,Expiry,9103,0,nan
2096770961335_Node0_Node8_Zero,2099.054099,2102.584483,1,Expiry,9014,0,nan
2096779159984_Node0_Node8_Zero,2099.054099,2102.584483,1,Expiry,9014,0,nan
2096787361391_Node0_Node8_Zero,2099.055962,2103.510737,1,Expiry,8925,0,nan
2096795561302_Node0_Node8_Zero,2099.055962,2103.510737,1,Expiry,8925,0,nan
2096803755247_Node0_Node8_Zero,2099.069655,2102.510839,1,Expiry,8668,0,nan
2096811948085_Node0_Node8_Zero,2099.069655,2102.510839,1,Expiry,8668,0,nan
2096836539649_Node0_Node8_Zero,2099.081072,2103.515135,1,Expiry,8579,0,nan
2096844741287_Node0_Node8_Zero,2099.081072,2103.515135,1,Expiry,8579,0,nan
2096910319485_Node0_Node8_Zero,2099.132516,2103.512813,1,Expiry,7581,0,nan
2096828342955_Node0_Node8_Zero,2099.15817,2103.512813,1,Expiry,6843,0,nan
2096852934286_Node0_Node8_Zero,2099.160207,2099.918033,1,Expiry,6755,0,nan
2096934909226_Node0_Node8_Zero,2099.231794,2100.0,1,Expiry,6276,1.04925114e-12,nan
2096943110863_Node0_Node8_Zero,2099.231794,2100.0,1,Expiry,6276,1.04925114e-12,nan
2096951306580_Node0_Node8_Zero,2099.27861,2100.0,1,Expiry,5776,1.04925114e-12,nan
2096959505882_Node0_Node8_Zero,2099.27861,2100.0,1,Expiry,5776,1.04925114e-12,nan
2096967703912_Node0_Node8_Zero,2099.280547,2100.0,1,Expiry,5687,1.04925114e-12,nan
2097016878616_Node0_Node8_Zero,2099.301876,2100.081967,1,Expiry,4749,1.04925114e-12,nan
2097049666244_Node0_Node8_Zero,2099.341413,2100.081967,1,Expiry,4589,1.04925114e-12,nan
2097057860592_Node0_Node8_Zero,2099.341413,2100.081967,1,Expiry,4589,1.04925114e-12,nan
2097082450267_Node0_Node8_Zero,2099.356999,2100.163934,1,Expiry,4232,1.04925114e-12,nan
2097090644206_Node0_Node8_Zero,2099.365076,2100.163934,1,Expiry,3878,1.04925114e-12,nan
2097098845643_Node0_Node8_Zero,2099.368829,2100.163934,1,Expiry,3700,1.04925114e-12,nan
2097115233140_Node0_Node8_Zero,2099.383289,2100.163934,1,Expiry,3507,1.04925114e-12,nan
2097123427240_Node0_Node8_Zero,2099.383289,2100.163934,1,Expiry,3507,1.04925114e-12,nan
2097131627693_Node0_Node8_Zero,2099.385231,2100.163934,1,Expiry,3419,1.04925114e-12,nan
2097139826277_Node0_Node8_Zero,2099.390549,2100.163934,1,Expiry,3155,1.04925114e-12,nan
2097148020505_Node0_Node8_Zero,2099.400613,2100.163934,1,Expiry,2765,1.04925114e-12,nan
2097156218916_Node0_Node8_Zero,2099.400613,2100.163934,1,Expiry,2765,1.04925114e-12,nan
2096688991790_Node0_Node8_Zero,2099.498109,2099.754098,1,Expiry,0,0,nan
2097000487039_Node0_Node8_Zero,2099.568415,2100.081967,1,Expiry,0,1.04925114e-12,nan
2096902121978_Node0_Node8_Zero,2099.611995,2099.918033,1,Expiry,0,0,nan
2096492278645_Node0_Node8_Zero,2099.775663,2099.775663,1,Expiry,0,1.04925114e-12,nan
2096500475994_Node0_Node8_Zero,2099.775663,2099.775663,1,Expiry,0,1.04925114e-12,nan
2097180806752_Node0_Node8_Zero,2099.798411,2100.245902,1,Expiry,0,1.04925114e-12,nan
2097189002462_Node0_Node8_Zero,2099.798411,2100.245902,1,Expiry,0,1.04925114e-12,nan
2097197196711_Node0_Node8_Zero,2099.800469,2100.245902,1,Expiry,0,1.04925114e-12,nan
2097205394497_Node0_Node8_Zero,2099.800469,2100.245902,1,Expiry,0,1.04925114e-12,nan
2097213587478_Node0_Node8_Zero,2099.802451,2100.245902,1,Expiry,0,1.04925114e-12,nan
2097221783253_Node0_Node8_Zero,2099.802451,2100.245902,1,Expiry,0,1.04925114e-12,nan
2097229980584_Node0_Node8_Zero,2099.806371,2100.245902,1,Expiry,0,1.04925114e-12,nan
2097254565109_Node0_Node8_Zero,2099.810113,2100.327869,1,Expiry,0,1.04925114e-12,nan
2097164419119_Node0_Node8_Zero,2099.81642,2100.245902,1,Expiry,0,1.04925114e-12,nan
2097172611022_Node0_Node8_Zero,2099.81642,2100.245902,1,Expiry,0,1.04925114e-12,nan
2097262759407_Node0_Node8_Zero,2099.824382,2100.327869,1,Expiry,0,1.04925114e-12,nan
2097270951472_Node0_Node8_Zero,2099.824382,2100.327869,1,Expiry,0,1.04925114e-12,nan
2097279147541_Node0_Node8_Zero,2099.828801,2100.327869,1,Expiry,0,1.04925114e-12,nan
2097287341354_Node0_Node8_Zero,2099.828801,2100.327869,1,Expiry,0,1.04925114e-12,nan
2097295535169_Node0_Node8_Zero,2099.830764,2100.327869,1,Expiry,0,1.04925114e-12,nan
2097303732327_Node0_Node8_Zero,2099.830764,2100.327869,1,Expiry,0,1.04925114e-12,nan
2097311930323_Node0_Node8_Zero,2099.832606,2100.327869,1,Expiry,0,1.04925114e-12,nan
2097320126588_Node0_Node8_Zero,2099.832606,2100.327869,1,Expiry,0,1.04925114e-12,nan
2097328327802_Node0_Node8_Zero,2099.834429,2100.409836,1,Expiry,0,5.258698200000001e-13,nan
2097336526426_Node0_Node8_Zero,2099.834429,2100.409836,1,Expiry,0,5.258698200000001e-13,nan
2097361119769_Node0_Node8_Zero,2099.840176,2100.409836,1,Expiry,0,5.258698200000001e-13,nan
2097369318545_Node0_Node8_Zero,2099.840176,2100.409836,1,Expiry,0,5.258698200000001e-13,nan
2097377514514_Node0_Node8_Zero,2099.846138,2100.409836,1,Expiry,0,5.258698200000001e-13,nan
2097385706627_Node0_Node8_Zero,2099.846138,2100.409836,1,Expiry,0,5.258698200000001e-13,nan
2097393899293_Node0_Node8_Zero,2099.850831,2100.409836,1,Expiry,0,5.258698200000001e-13,nan
2097410285112_Node0_Node8_Zero,2099.853435,2100.491803,1,Expiry,0,0,nan
2097418479661_Node0_Node8_Zero,2099.853435,2100.491803,1,Expiry,0,0,nan
2097426678985_Node0_Node8_Zero,2099.870979,2100.491803,1,Expiry,0,0,nan
2097434874346_Node0_Node8_Zero,2099.870979,2100.491803,1,Expiry,0,0,nan
2097344727427_Node0_Node8_Zero,2099.880063,2100.409836,1,Expiry,0,5.258698200000001e-13,nan
2097352922913_Node0_Node8_Zero,2099.880063,2100.409836,1,Expiry,0,5.258698200000001e-13,nan
2097443071000_Node0_Node8_Zero,2099.887451,2100.491803,1,Expiry,0,0,nan
2097451262821_Node0_Node8_Zero,2099.887451,2100.491803,1,Expiry,0,0,nan
2097459457044_Node0_Node8_Zero,2099.889314,2100.491803,1,Expiry,0,0,nan
2097467655147_Node0_Node8_Zero,2099.889314,2100.491803,1,Expiry,0,0,nan
2097475854011_Node0_Node8_Zero,2099.891196,2100.491803,1,Expiry,0,0,nan
2097484051681_Node0_Node8_Zero,2099.891196,2100.491803,1,Expiry,0,0,nan
2097492251795_Node0_Node8_Zero,2099.896998,2100.57377,1,Expiry,0,0,nan
2097500448123_Node0_Node8_Zero,2099.896998,2100.57377,1,Expiry,0,0,nan
2097508642418_Node0_Node8_Zero,2099.899001,2100.57377,1,Expiry,0,0,nan
2097516835463_Node0_Node8_Zero,2099.899001,2100.57377,1,Expiry,0,0,nan
2097525027412_Node0_Node8_Zero,2099.913376,2100.57377,1,Expiry,0,0,nan
2097533219407_Node0_Node8_Zero,2099.913376,2100.57377,1,Expiry,0,0,nan
2097541421061_Node0_Node8_Zero,2099.915693,2100.57377,1,Expiry,0,0,nan
2097549621126_Node0_Node8_Zero,2099.915693,2100.57377,1,Expiry,0,0,nan
2097402093041_Node0_Node8_Zero,2099.939633,2100.409836,1,Expiry,0,5.258698200000001e-13,nan
2097557816077_Node0_Node8_Zero,2099.950757,2100.57377,1,Expiry,0,0,nan
2097566014106_Node0_Node8_Zero,2099.950757,2100.57377,1,Expiry,0,0,nan
2097574212822_Node0_Node8_Zero,2099.955617,2100.655738,1,Expiry,0,5.258698200000001e-13,nan
2097582410928_Node0_Node8_Zero,2099.955617,2100.655738,1,Expiry,0,5.258698200000001e-13,nan
2097590603651_Node0_Node8_Zero,2099.957619,2100.655738,1,Expiry,0,5.258698200000001e-13,nan
2097598798899_Node0_Node8_Zero,2099.957619,2100.655738,1,Expiry,0,5.258698200000001e-13,nan
2097606999317_Node0_Node8_Zero,2099.961719,2100.655738,1,Expiry,0,5.258698200000001e-13,nan
2097615194774_Node0_Node8_Zero,2099.961719,2100.655738,1,Expiry,0,5.258698200000001e-13,nan
2097623395914_Node0_Node8_Zero,2099.963721,2100.655738,1,Expiry,0,5.258698200000001e-13,nan
2097631592444_Node0_Node8_Zero,2099.963721,2100.655738,1,Expiry,0,5.258698200000001e-13,nan
2097639784509_Node0_Node8_Zero,2099.967641,2100.655738,1,Expiry,0,5.258698200000001e-13,nan
2097647979323_Node0_Node8_Zero,2099.970953,2100.655738,1,Expiry,0,5.258698200000001e-13,nan
2097656180151_Node0_Node8_Zero,2099.972955,2100.737705,1,Expiry,0,1.04925114e-12,nan
2097664381577_Node0_Node8_Zero,2099.972955,2100.737705,1,Expiry,0,1.04925114e-12,nan
2097672581776_Node0_Node8_Zero,2099.974898,2100.737705,1,Expiry,0,1.04925114e-12,nan
2097680782413_Node0_Node8_Zero,2099.974898,2100.737705,1,Expiry,0,1.04925114e-12,nan
2097688978752_Node0_Node8_Zero,2099.980934,2100.737705,1,Expiry,0,1.04925114e-12,nan
2097697178662_Node0_Node8_Zero,2099.980934,2100.737705,1,Expiry,0,1.04925114e-12,nan
2097705370453_Node0_Node8_Zero,2099.982977,2100.737705,1,Expiry,0,1.04925114e-12,nan
2097713568144_Node0_Node8_Zero,2099.982977,2100.737705,1,Expiry,0,1.04925114e-12,nan
2097721761070_Node0_Node8_Zero,2099.984939,2100.737705,1,Expiry,0,1.04925114e-12,nan
2097729962140_Node0_Node8_Zero,2099.984939,2100.737705,1,Expiry,0,1.04925114e-12,nan
2097738162933_Node0_Node8_Zero,2099.986782,2100.819672,1,Expiry,0,1.04925114e-12,nan
2097746356202_Node0_Node8_Zero,2099.986782,2100.819672,1,Expiry,0,1.04925114e-12,nan
2097754552374_Node0_Node8_Zero,2099.990647,2100.819672,1,Expiry,0,1.04925114e-12,nan
2097762753087_Node0_Node8_Zero,2099.990647,2100.819672,1,Expiry,0,1.04925114e-12,nan
2097770950109_Node0_Node8_Zero,2100.001497,2100.819672,1,Expiry,0,1.04925114e-12,nan
2097779147414_Node0_Node8_Zero,2100.001497,2100.819672,1,Expiry,0,1.04925114e-12,nan
2097787339944_Node0_Node8_Zero,2100.003594,2100.819672,1,Expiry,0,1.04925114e-12,nan
2097795536110_Node0_Node8_Zero,2100.003594,2100.819672,1,Expiry,0,1.04925114e-12,nan
2097803732953_Node0_Node8_Zero,2100.005571,2100.819672,1,Expiry,0,1.04925114e-12,nan
2097811934444_Node0_Node8_Zero,2100.005571,2100.819672,1,Expiry,0,1.04925114e-12,nan
2097820134199_Node0_Node8_Zero,2100.016243,2100.901639,1,Expiry,0,0,nan
2097828326169_Node0_Node8_Zero,2100.016243,2100.901639,1,Expiry,0,0,nan
2097836522720_Node0_Node8_Zero,2100.020403,2100.901639,1,Expiry,0,0,nan
2097844717882_Node0_Node8_Zero,2100.020403,2100.901639,1,Expiry,0,0,nan
2097852916453_Node0_Node8_Zero,2100.022285,2100.901639,1,Expiry,0,0,nan
2097861113360_Node0_Node8_Zero,2100.022285,2100.901639,1,Expiry,0,0,nan
2097869312016_Node0_Node8_Zero,2100.024388,2100.901639,1,Expiry,0,0,nan
2097877512057_Node0_Node8_Zero,2100.024388,2100.901639,1,Expiry,0,0,nan
2097885706181_Node0_Node8_Zero,2100.026491,2100.901639,1,Expiry,0,0,nan
2097893900035_Node0_Node8_Zero,2100.026491,2100.901639,1,Expiry,0,0,nan
2097902094035_Node0_Node8_Zero,2100.028353,2100.983607,1,Expiry,0,0,nan
2097910289651_Node0_Node8_Zero,2100.028353,2100.983607,1,Expiry,0,0,nan
2097918484547_Node0_Node8_Zero,2100.030196,2100.983607,1,Expiry,0,0,nan
2097926679486_Node0_Node8_Zero,2100.030196,2100.983607,1,Expiry,0,0,nan
2097934879783_Node0_Node8_Zero,2100.032058,2100.983607,1,Expiry,0,0,nan
2097943080736_Node0_Node8_Zero,2100.032058,2100.983607,1,Expiry,0,0,nan
2097951274987_Node0_Node8_Zero,2100.034021,2100.983607,1,Expiry,0,0,nan
2097959469281_Node0_Node8_Zero,2100.034021,2100.983607,1,Expiry,0,0,nan
2097967670056_Node0_Node8_Zero,2100.035923,2100.983607,1,Expiry,0,0,nan
2097975865143_Node0_Node8_Zero,2100.035923,2100.983607,1,Expiry,0,0,nan
2097984062949_Node0_Node8_Zero,2100.037906,2101.065574,1,Expiry,0,5.258698200000001e-13,nan
2097992258522_Node0_Node8_Zero,2100.037906,2101.065574,1,Expiry,0,5.258698200000001e-13,nan
2098000456486_Node0_Node8_Zero,2100.039768,2101.065574,1,Expiry,0,5.258698200000001e-13,nan
2098008652864_Node0_Node8_Zero,2100.039768,2101.065574,1,Expiry,0,5.258698200000001e-13,nan
2098033243334_Node0_Node8_Zero,2100.046541,2101.065574,1,Expiry,0,5.258698200000001e-13,nan
2098041443445_Node0_Node8_Zero,2100.046541,2101.065574,1,Expiry,0,5.258698200000001e-13,nan
2098016853543_Node0_Node8_Zero,2100.065567,2101.065574,1,Expiry,0,5.258698200000001e-13,nan
2098025047168_Node0_Node8_Zero,2100.065567,2101.065574,1,Expiry,0,5.258698200000001e-13,nan
2098049639802_Node0_Node8_Zero,2100.071489,2101.065574,1,Expiry,0,5.258698200000001e-13,nan
2098057836079_Node0_Node8_Zero,2100.071489,2101.065574,1,Expiry,0,5.258698200000001e-13,nan
2098066034084_Node0_Node8_Zero,2100.103525,2101.147541,1,Expiry,0,1.04925114e-12,nan
2098074228706_Node0_Node8_Zero,2100.103525,2101.147541,1,Expiry,0,1.04925114e-12,nan
2098082429229_Node0_Node8_Zero,2100.105387,2101.147541,1,Expiry,0,1.04925114e-12,nan
2098090624615_Node0_Node8_Zero,2100.105387,2101.147541,1,Expiry,0,1.04925114e-12,nan
2098098818870_Node0_Node8_Zero,2100.10729,2101.147541,1,Expiry,0,1.04925114e-12,nan
2098107020466_Node0_Node8_Zero,2100.10729,2101.147541,1,Expiry,0,1.04925114e-12,nan
2098115218877_Node0_Node8_Zero,2100.113338,2101.147541,1,Expiry,0,1.04925114e-12,nan
2098123417834_Node0_Node8_Zero,2100.113338,2101.147541,1,Expiry,0,1.04925114e-12,nan
2098131611435_Node0_Node8_Zero,2100.117543,2101.147541,1,Expiry,0,1.04925114e-12,nan
2098139810817_Node0_Node8_Zero,2100.117543,2101.147541,1,Expiry,0,1.04925114e-12,nan
2098148012335_Node0_Node8_Zero,2100.119405,2101.229508,1,Expiry,0,1.04925114e-12,nan
2098156208764_Node0_Node8_Zero,2100.119405,2101.229508,1,Expiry,0,1.04925114e-12,nan
2098164407132_Node0_Node8_Zero,2100.121348,2101.229508,1,Expiry,0,1.04925114e-12,nan
2098172601297_Node0_Node8_Zero,2100.121348,2101.229508,1,Expiry,0,1.04925114e-12,nan
2098180794013_Node0_Node8_Zero,2100.123451,2101.229508,1,Expiry,0,1.04925114e-12,nan
2098188992946_Node0_Node8_Zero,2100.123451,2101.229508,1,Expiry,0,1.04925114e-12,nan
2098197190544_Node0_Node8_Zero,2100.129247,2101.229508,1,Expiry,0,1.04925114e-12,nan
2098205387882_Node0_Node8_Zero,2100.129247,2101.229508,1,Expiry,0,1.04925114e-12,nan
2098213580311_Node0_Node8_Zero,2100.131169,2101.229508,1,Expiry,0,1.04925114e-12,nan
2098221781920_Node0_Node8_Zero,2100.131169,2101.229508,1,Expiry,0,1.04925114e-12,nan
2098229976215_Node0_Node8_Zero,2100.133012,2101.311475,1,Expiry,0,0,nan
2098238172679_Node0_Node8_Zero,2100.133012,2101.311475,1,Expiry,0,0,nan
2098246371330_Node0_Node8_Zero,2100.137017,2101.311475,1,Expiry,0,0,nan
2098254567582_Node0_Node8_Zero,2100.137017,2101.311475,1,Expiry,0,0,nan
2098262762164_Node0_Node8_Zero,2100.1389,2101.311475,1,Expiry,0,0,nan
2098270961293_Node0_Node8_Zero,2100.1389,2101.311475,1,Expiry,0,0,nan
2098279154766_Node0_Node8_Zero,2100.140782,2101.311475,1,Expiry,0,0,nan
2098287348441_Node0_Node8_Zero,2100.140782,2101.311475,1,Expiry,0,0,nan
2098295545464_Node0_Node8_Zero,2100.144707,2101.311475,1,Expiry,0,0,nan
2098303745069_Node0_Node8_Zero,2100.144707,2101.311475,1,Expiry,0,0,nan
2098311937681_Node0_Node8_Zero,2100.14657,2101.393443,1,Expiry,0,0,nan
2098320131938_Node0_Node8_Zero,2100.14657,2101.393443,1,Expiry,0,0,nan
2098328327339_Node0_Node8_Zero,2100.148532,2101.393443,1,Expiry,0,0,nan
2098336527290_Node0_Node8_Zero,2100.148532,2101.393443,1,Expiry,0,0,nan
2098344721832_Node0_Node8_Zero,2100.156691,2101.393443,1,Expiry,0,0,nan
2098352920960_Node0_Node8_Zero,2100.156691,2101.393443,1,Expiry,0,0,nan
2098361114187_Node0_Node8_Zero,2100.158714,2101.393443,1,Expiry,0,0,nan
2098369313994_Node0_Node8_Zero,2100.158714,2101.393443,1,Expiry,0,0,nan
2098377512284_Node0_Node8_Zero,2100.160596,2101.393443,1,Expiry,0,0,nan
2098385707959_Node0_Node8_Zero,2100.160596,2101.393443,1,Expiry,0,0,nan
2098393902327_Node0_Node8_Zero,2100.168701,2101.47541,1,Expiry,0,0,nan
2098402094560_Node0_Node8_Zero,2100.168701,2101.47541,1,Expiry,0,0,nan
2098410290211_Node0_Node8_Zero,2100.17258,2101.47541,1,Expiry,0,0,nan
2098418491713_Node0_Node8_Zero,2100.17258,2101.47541,1,Expiry,0,0,nan
2098426687570_Node0_Node8_Zero,2100.174423,2101.47541,1,Expiry,0,0,nan
2098434885145_Node0_Node8_Zero,2100.174423,2101.47541,1,Expiry,0,0,nan
2098443077663_Node0_Node8_Zero,2100.180545,2101.47541,1,Expiry,0,0,nan
2098451278585_Node0_Node8_Zero,2100.180545,2101.47541,1,Expiry,0,0,nan
2098459472225_Node0_Node8_Zero,2100.182408,2101.47541,1,Expiry,0,0,nan
2098467668535_Node0_Node8_Zero,2100.182408,2101.47541,1,Expiry,0,0,nan
2098475861983_Node0_Node8_Zero,2100.186247,2101.557377,1,Expiry,0,0,nan
2098484062060_Node0_Node8_Zero,2100.186247,2101.557377,1,Expiry,0,0,nan
2098492259506_Node0_Node8_Zero,2100.18813,2101.557377,1,Expiry,0,0,nan
2098500458865_Node0_Node8_Zero,2100.18813,2101.557377,1,Expiry,0,0,nan
2098508659953_Node0_Node8_Zero,2100.190192,2101.557377,1,Expiry,0,0,nan
2098516860621_Node0_Node8_Zero,2100.190192,2101.557377,1,Expiry,0,0,nan
2098525058989_Node0_Node8_Zero,2100.196068,2101.557377,1,Expiry,0,0,nan
2098533258338_Node0_Node8_Zero,2100.196068,2101.557377,1,Expiry,0,0,nan
2098541452937_Node0_Node8_Zero,2100.201845,2101.557377,1,Expiry,0,0,nan
2098549652059_Node0_Node8_Zero,2100.201845,2101.557377,1,Expiry,0,0,nan
2098557852838_Node0_Node8_Zero,2100.203787,2101.639344,1,Expiry,0,0,nan
2098566053871_Node0_Node8_Zero,2100.203787,2101.639344,1,Expiry,0,0,nan
2098574254610_Node0_Node8_Zero,2100.20589,2101.639344,1,Expiry,0,0,nan
2098582454955_Node0_Node8_Zero,2100.20589,2101.639344,1,Expiry,0,0,nan
2098590653703_Node0_Node8_Zero,2100.207932,2101.639344,1,Expiry,0,0,nan
2098598847593_Node0_Node8_Zero,2100.207932,2101.639344,1,Expiry,0,0,nan
2098607047355_Node0_Node8_Zero,2100.209975,2101.639344,1,Expiry,0,0,nan
2098615245828_Node0_Node8_Zero,2100.209975,2101.639344,1,Expiry,0,0,nan
2098623440296_Node0_Node8_Zero,2100.211898,2101.639344,1,Expiry,0,0,nan
2098631635137_Node0_Node8_Zero,2100.211898,2101.639344,1,Expiry,0,0,nan
2098639831225_Node0_Node8_Zero,2100.21386,2101.721311,1,Expiry,0,1.04925114e-12,nan
2098648024639_Node0_Node8_Zero,2100.21386,2101.721311,1,Expiry,0,1.04925114e-12,nan
2098656225212_Node0_Node8_Zero,2100.215683,2101.721311,1,Expiry,0,1.04925114e-12,nan
2098664417590_Node0_Node8_Zero,2100.215683,2101.721311,1,Expiry,0,1.04925114e-12,nan
2098672611011_Node0_Node8_Zero,2100.217665,2101.721311,1,Expiry,0,1.04925114e-12,nan
2098680803474_Node0_Node8_Zero,2100.217665,2101.721311,1,Expiry,0,1.04925114e-12,nan
2098689005042_Node0_Node8_Zero,2100.219668,2101.721311,1,Expiry,0,1.04925114e-12,nan
2098697203424_Node0_Node8_Zero,2100.219668,2101.721311,1,Expiry,0,1.04925114e-12,nan
2098705401357_Node0_Node8_Zero,2100.22163,2101.721311,1,Expiry,0,1.04925114e-12,nan
2098713595157_Node0_Node8_Zero,2100.22163,2101.721311,1,Expiry,0,1.04925114e-12,nan
2098721789186_Node0_Node8_Zero,2100.22551,2101.803279,1,Expiry,0,0,nan
2098729988417_Node0_Node8_Zero,2100.22551,2101.803279,1,Expiry,0,0,nan
2098738184496_Node0_Node8_Zero,2100.227352,2101.803279,1,Expiry,0,0,nan
2098746385371_Node0_Node8_Zero,2100.227352,2101.803279,1,Expiry,0,0,nan
2098754578815_Node0_Node8_Zero,2100.229235,2101.803279,1,Expiry,0,0,nan
2098762779951_Node0_Node8_Zero,2100.229235,2101.803279,1,Expiry,0,0,nan
2098770975391_Node0_Node8_Zero,2100.235123,2101.803279,1,Expiry,0,0,nan
2098779168904_Node0_Node8_Zero,2100.235123,2101.803279,1,Expiry,0,0,nan
2098787362281_Node0_Node8_Zero,2100.237085,2101.803279,1,Expiry,0,0,nan
2098795555409_Node0_Node8_Zero,2100.237085,2101.803279,1,Expiry,0,0,nan
2098803752259_Node0_Node8_Zero,2100.238948,2101.885246,1,Expiry,0,5.258698200000001e-13,nan
2098811949478_Node0_Node8_Zero,2100.238948,2101.885246,1,Expiry,0,5.258698200000001e-13,nan
2098820148068_Node0_Node8_Zero,2100.242967,2101.885246,1,Expiry,0,5.258698200000001e-13,nan
2098828343326_Node0_Node8_Zero,2100.242967,2101.885246,1,Expiry,0,5.258698200000001e-13,nan
2098836538478_Node0_Node8_Zero,2100.246867,2101.885246,1,Expiry,0,5.258698200000001e-13,nan
2098844737312_Node0_Node8_Zero,2100.246867,2101.885246,1,Expiry,0,5.258698200000001e-13,nan
2098852933495_Node0_Node8_Zero,2100.248869,2101.885246,1,Expiry,0,5.258698200000001e-13,nan
2098861133654_Node0_Node8_Zero,2100.248869,2101.885246,1,Expiry,0,5.258698200000001e-13,nan
2098869327409_Node0_Node8_Zero,2100.252854,2101.885246,1,Expiry,0,5.258698200000001e-13,nan
2098877526861_Node0_Node8_Zero,2100.252854,2101.885246,1,Expiry,0,5.258698200000001e-13,nan
2098885718698_Node0_Node8_Zero,2100.259202,2101.967213,1,Expiry,0,1.04925114e-12,nan
2098893913795_Node0_Node8_Zero,2100.259202,2101.967213,1,Expiry,0,1.04925114e-12,nan
2098902113450_Node0_Node8_Zero,2100.261245,2101.967213,1,Expiry,0,1.04925114e-12,nan
2098910307255_Node0_Node8_Zero,2100.261245,2101.967213,1,Expiry,0,1.04925114e-12,nan
2098918501092_Node0_Node8_Zero,2100.265364,2101.967213,1,Expiry,0,1.04925114e-12,nan
2098926696345_Node0_Node8_Zero,2100.265364,2101.967213,1,Expiry,0,1.04925114e-12,nan
2098934896939_Node0_Node8_Zero,2100.267267,2101.967213,1,Expiry,0,1.04925114e-12,nan
2098943092011_Node0_Node8_Zero,2100.267267,2101.967213,1,Expiry,0,1.04925114e-12,nan
2098951288110_Node0_Node8_Zero,2100.269089,2101.967213,1,Expiry,0,1.04925114e-12,nan
2098959483958_Node0_Node8_Zero,2100.269089,2101.967213,1,Expiry,0,1.04925114e-12,nan
2098967682632_Node0_Node8_Zero,2100.272969,2102.04918,1,Expiry,0,1.04925114e-12,nan
2098975880279_Node0_Node8_Zero,2100.272969,2102.04918,1,Expiry,0,1.04925114e-12,nan
2098984078467_Node0_Node8_Zero,2100.274811,2102.04918,1,Expiry,0,1.04925114e-12,nan
2098992279305_Node0_Node8_Zero,2100.274811,2102.04918,1,Expiry,0,1.04925114e-12,nan
2099000480247_Node0_Node8_Zero,2100.276754,2102.04918,1,Expiry,0,1.04925114e-12,nan
2099008677975_Node0_Node8_Zero,2100.276754,2102.04918,1,Expiry,0,1.04925114e-12,nan
2099016877781_Node0_Node8_Zero,2100.282616,2102.04918,1,Expiry,0,1.04925114e-12,nan
2099025071363_Node0_Node8_Zero,2100.282616,2102.04918,1,Expiry,0,1.04925114e-12,nan
2099033272121_Node0_Node8_Zero,2100.284638,2102.04918,1,Expiry,0,1.04925114e-12,nan
2099041465127_Node0_Node8_Zero,2100.284638,2102.04918,1,Expiry,0,1.04925114e-12,nan
2099049659537_Node0_Node8_Zero,2100.286641,2102.131148,1,Expiry,0,1.04925114e-12,nan
2099057852221_Node0_Node8_Zero,2100.286641,2102.131148,1,Expiry,0,1.04925114e-12,nan
2099066047802_Node0_Node8_Zero,2100.288623,2102.131148,1,Expiry,0,1.04925114e-12,nan
2099074245945_Node0_Node8_Zero,2100.288623,2102.131148,1,Expiry,0,1.04925114e-12,nan
2099082445174_Node0_Node8_Zero,2100.2947,2102.131148,1,Expiry,0,1.04925114e-12,nan
2099090643617_Node0_Node8_Zero,2100.2947,2102.131148,1,Expiry,0,1.04925114e-12,nan
2099098835388_Node0_Node8_Zero,2100.296702,2102.131148,1,Expiry,0,1.04925114e-12,nan
2099107030680_Node0_Node8_Zero,2100.296702,2102.131148,1,Expiry,0,1.04925114e-12,nan
2099115228649_Node0_Node8_Zero,2100.298605,2102.131148,1,Expiry,0,1.04925114e-12,nan
2099123420737_Node0_Node8_Zero,2100.298605,2102.131148,1,Expiry,0,1.04925114e-12,nan
2099131619847_Node0_Node8_Zero,2100.300487,2102.213115,1,Expiry,0,0,nan
2099139816169_Node0_Node8_Zero,2100.300487,2102.213115,1,Expiry,0,0,nan
2099148016029_Node0_Node8_Zero,2100.306495,2102.213115,1,Expiry,0,0,nan
2099156212609_Node0_Node8_Zero,2100.306495,2102.213115,1,Expiry,0,0,nan
2099164408043_Node0_Node8_Zero,2100.31074,2102.213115,1,Expiry,0,0,nan
2099172604423_Node0_Node8_Zero,2100.31074,2102.213115,1,Expiry,0,0,nan
2099180797835_Node0_Node8_Zero,2100.31492,2102.213115,1,Expiry,0,0,nan
2099188992228_Node0_Node8_Zero,2100.31492,2102.213115,1,Expiry,0,0,nan
2099197191593_Node0_Node8_Zero,2100.316782,2102.213115,1,Expiry,0,0,nan
2099205391715_Node0_Node8_Zero,2100.316782,2102.213115,1,Expiry,0,0,nan
2099213589049_Node0_Node8_Zero,2100.318705,2102.295082,1,Expiry,0,0,nan
2099221788924_Node0_Node8_Zero,2100.318705,2102.295082,1,Expiry,0,0,nan
2099229984994_Node0_Node8_Zero,2100.320547,2102.295082,1,Expiry,0,0,nan
2099238179500_Node0_Node8_Zero,2100.320547,2102.295082,1,Expiry,0,0,nan
2099246375346_Node0_Node8_Zero,2100.324752,2102.295082,1,Expiry,0,0,nan
2099254572179_Node0_Node8_Zero,2100.324752,2102.295082,1,Expiry,0,0,nan
2099262767433_Node0_Node8_Zero,2100.326655,2102.295082,1,Expiry,0,0,nan
2099270966171_Node0_Node8_Zero,2100.326655,2102.295082,1,Expiry,0,0,nan
2099279161375_Node0_Node8_Zero,2100.328498,2102.295082,1,Expiry,0,0,nan
2099287359688_Node0_Node8_Zero,2100.328498,2102.295082,1,Expiry,0,0,nan
2099295556347_Node0_Node8_Zero,2100.332503,2102.377049,1,Expiry,0,1.04925114e-12,nan
2099303751179_Node0_Node8_Zero,2100.332503,2102.377049,1,Expiry,0,1.04925114e-12,nan
2099311944220_Node0_Node8_Zero,2100.334465,2102.377049,1,Expiry,0,1.04925114e-12,nan
2099320143097_Node0_Node8_Zero,2100.334465,2102.377049,1,Expiry,0,1.04925114e-12,nan
2099328338449_Node0_Node8_Zero,2100.336528,2102.377049,1,Expiry,0,1.04925114e-12,nan
2099336536010_Node0_Node8_Zero,2100.336528,2102.377049,1,Expiry,0,1.04925114e-12,nan
2099344734672_Node0_Node8_Zero,2100.344732,2102.377049,1,Expiry,0,1.04925114e-12,nan
2099352927731_Node0_Node8_Zero,2100.344732,2102.377049,1,Expiry,0,1.04925114e-12,nan
2099361120970_Node0_Node8_Zero,2100.348752,2102.377049,1,Expiry,0,1.04925114e-12,nan
2099369313360_Node0_Node8_Zero,2100.348752,2102.377049,1,Expiry,0,1.04925114e-12,nan
2099377508891_Node0_Node8_Zero,2100.350694,2102.459016,1,Expiry,0,0,nan
2099385703226_Node0_Node8_Zero,2100.350694,2102.459016,1,Expiry,0,0,nan
2099393903563_Node0_Node8_Zero,2100.354554,2102.459016,1,Expiry,0,0,nan
2099402104527_Node0_Node8_Zero,2100.354554,2102.459016,1,Expiry,0,0,nan
2099410305475_Node0_Node8_Zero,2100.356396,2102.459016,1,Expiry,0,0,nan
2099418501213_Node0_Node8_Zero,2100.356396,2102.459016,1,Expiry,0,0,nan
2099426698060_Node0_Node8_Zero,2100.358279,2102.459016,1,Expiry,0,0,nan
2099434896580_Node0_Node8_Zero,2100.358279,2102.459016,1,Expiry,0,0,nan
2099443092034_Node0_Node8_Zero,2100.360242,2102.459016,1,Expiry,0,0,nan
2099451290617_Node0_Node8_Zero,2100.360242,2102.459016,1,Expiry,0,0,nan
2099459488275_Node0_Node8_Zero,2100.362124,2102.540984,1,Expiry,0,0,nan
2099467684524_Node0_Node8_Zero,2100.362124,2102.540984,1,Expiry,0,0,nan
2099475883016_Node0_Node8_Zero,2100.364207,2102.540984,1,Expiry,0,0,nan
2099484075810_Node0_Node8_Zero,2100.364207,2102.540984,1,Expiry,0,0,nan
2099492270740_Node0_Node8_Zero,2100.368266,2102.540984,1,Expiry,0,0,nan
2099500467629_Node0_Node8_Zero,2100.368266,2102.540984,1,Expiry,0,0,nan
2099508668177_Node0_Node8_Zero,2100.370249,2102.540984,1,Expiry,0,0,nan
2099516860127_Node0_Node8_Zero,2100.370249,2102.540984,1,Expiry,0,0,nan
2099525059892_Node0_Node8_Zero,2100.372251,2102.540984,1,Expiry,0,0,nan
2099533257523_Node0_Node8_Zero,2100.372251,2102.540984,1,Expiry,0,0,nan
2099541453938_Node0_Node8_Zero,2100.374114,2102.622951,1,Expiry,0,0,nan
2099549646315_Node0_Node8_Zero,2100.374114,2102.622951,1,Expiry,0,0,nan
2099557846276_Node0_Node8_Zero,2100.381984,2102.622951,1,Expiry,0,0,nan
2099566041419_Node0_Node8_Zero,2100.381984,2102.622951,1,Expiry,0,0,nan
2099574238609_Node0_Node8_Zero,2100.385823,2102.622951,1,Expiry,0,0,nan
2099582439955_Node0_Node8_Zero,2100.385823,2102.622951,1,Expiry,0,0,nan
2099590641346_Node0_Node8_Zero,2100.389663,2102.622951,1,Expiry,0,0,nan
2099598842480_Node0_Node8_Zero,2100.389663,2102.622951,1,Expiry,0,0,nan
2099607035536_Node0_Node8_Zero,2100.391625,2102.622951,1,Expiry,0,0,nan
2099615234790_Node0_Node8_Zero,2100.391625,2102.622951,1,Expiry,0,0,nan
2099623429222_Node0_Node8_Zero,2100.393648,2102.704918,1,Expiry,0,0,nan
2099631628597_Node0_Node8_Zero,2100.393648,2102.704918,1,Expiry,0,0,nan
2099639824985_Node0_Node8_Zero,2100.395571,2102.704918,1,Expiry,0,0,nan
2099648025877_Node0_Node8_Zero,2100.395571,2102.704918,1,Expiry,0,0,nan
2099656224103_Node0_Node8_Zero,2100.397693,2102.704918,1,Expiry,0,0,nan
2099664425769_Node0_Node8_Zero,2100.397693,2102.704918,1,Expiry,0,0,nan
2099672624291_Node0_Node8_Zero,2100.401513,2102.704918,1,Expiry,0,0,nan
2099680816754_Node0_Node8_Zero,2100.401513,2102.704918,1,Expiry,0,0,nan
2099689016602_Node0_Node8_Zero,2100.403435,2102.704918,1,Expiry,0,0,nan
2099697214309_Node0_Node8_Zero,2100.403435,2102.704918,1,Expiry,0,0,nan
2099705408737_Node0_Node8_Zero,2100.405498,2102.786885,1,Expiry,0,0,nan
2099713608136_Node0_Node8_Zero,2100.407597,2102.786885,1,Expiry,0,0,nan
2099721800534_Node0_Node8_Zero,2100.409657,2102.786885,1,Expiry,0,0,nan
2099729996680_Node0_Node8_Zero,2100.41543,2102.786885,1,Expiry,0,0,nan
2099738192883_Node0_Node8_Zero,2100.421704,2102.786885,1,Expiry,0,0,nan
2099746392003_Node0_Node8_Zero,2100.423684,2102.786885,1,Expiry,0,0,nan
2099754587784_Node0_Node8_Zero,2100.425763,2102.786885,1,Expiry,0,0,nan
2099762780491_Node0_Node8_Zero,2100.427683,2102.786885,1,Expiry,0,0,nan
2099770981546_Node0_Node8_Zero,2100.429522,2102.786885,1,Expiry,0,0,nan
2099779180898_Node0_Node8_Zero,2100.433442,2102.786885,1,Expiry,0,0,nan
2099787374580_Node0_Node8_Zero,2100.437448,2102.868852,1,Expiry,0,0,nan
2099795575484_Node0_Node8_Zero,2100.439548,2102.868852,1,Expiry,0,0,nan
2099803770813_Node0_Node8_Zero,2100.441388,2102.868852,1,Expiry,0,0,nan
2099811970576_Node0_Node8_Zero,2100.443367,2102.868852,1,Expiry,0,0,nan
2099820165428_Node0_Node8_Zero,2100.445307,2102.868852,1,Expiry,0,0,nan
2099828363134_Node0_Node8_Zero,2100.457492,2102.868852,1,Expiry,0,0,nan
2099836562830_Node0_Node8_Zero,2100.459332,2102.868852,1,Expiry,0,0,nan
2099844755003_Node0_Node8_Zero,2100.465518,2102.868852,1,Expiry,0,0,nan
2099852948050_Node0_Node8_Zero,2100.467418,2102.868852,1,Expiry,0,0,nan
2099861147240_Node0_Node8_Zero,2100.469357,2102.868852,1,Expiry,0,0,nan
2099869343614_Node0_Node8_Zero,2100.473477,2102.95082,1,Expiry,0,0,nan
2099877540206_Node0_Node8_Zero,2100.475496,2102.95082,1,Expiry,0,0,nan
2099885737783_Node0_Node8_Zero,2100.477596,2102.95082,1,Expiry,0,0,nan
2099893935913_Node0_Node8_Zero,2100.479435,2102.95082,1,Expiry,0,0,nan
2099902127690_Node0_Node8_Zero,2100.481515,2102.95082,1,Expiry,0,0,nan
2099910327343_Node0_Node8_Zero,2100.485562,2102.95082,1,Expiry,0,0,nan
2099918525867_Node0_Node8_Zero,2100.487501,2102.95082,1,Expiry,0,0,nan
2099926718857_Node0_Node8_Zero,2100.49604,2102.95082,1,Expiry,0,0,nan
2099934919949_Node0_Node8_Zero,2100.49788,2102.95082,1,Expiry,0,0,nan
2099943111929_Node0_Node8_Zero,2100.499819,2102.95082,1,Expiry,0,0,nan
2099951308256_Node0_Node8_Zero,2100.501899,2103.032787,1,Expiry,0,0,nan
2099959509366_Node0_Node8_Zero,2100.503859,2103.032787,1,Expiry,0,0,nan
2099967710024_Node0_Node8_Zero,2100.508098,2103.032787,1,Expiry,0,0,nan
2099975905565_Node0_Node8_Zero,2100.512244,2103.032787,1,Expiry,0,0,nan
2099984106199_Node0_Node8_Zero,2100.514104,2103.032787,1,Expiry,0,0,nan
2099992301810_Node0_Node8_Zero,2100.516084,2103.032787,1,Expiry,0,0,nan
2100000498757_Node0_Node8_Zero,2100.518143,2103.032787,1,Expiry,0,0,nan
2097246372603_Node0_Node8_Zero,2101.261557,2101.261557,1,Expiry,0,1.04925114e-12,nan
2097238179747_Node0_Node8_Zero,2101.26464,2101.26464,1,Expiry,0,1.04925114e-12,nan
2097066053488_Node0_Node8_Zero,2102.314221,2102.314221,1,Expiry,0,1.04925114e-12,nan
2097074253320_Node0_Node8_Zero,2102.314221,2102.314221,1,Expiry,0,1.04925114e-12,nan
2095492282073_Node0_Node8_Zero,2102.327366,2102.327366,1,Expiry,0,1.04925114e-12,nan
2095500483674_Node0_Node8_Zero,2102.327366,2102.327366,1,Expiry,0,1.04925114e-12,nan
2095475885645_Node0_Node8_Zero,2102.330503,2102.330503,1,Expiry,0,1.833237214428052e-12,nan
2096975897740_Node0_Node8_Zero,2102.462679,2102.462679,1,Expiry,0,1.04925114e-12,nan
2097025077894_Node0_Node8_Zero,2102.467301,2102.467301,1,Expiry,0,1.1507604025841073e-12,nan
2096885724923_Node0_Node8_Zero,2102.489712,2102.489712,1,Expiry,0,1.04925114e-12,nan
2096893920700_Node0_Node8_Zero,2102.489712,2102.489712,1,Expiry,0,1.04925114e-12,nan
2097107040849_Node0_Node8_Zero,2102.602332,2102.602332,1,Expiry,0,1.9202384460057753e-12,nan
2096656205876_Node0_Node8_Zero,2102.669765,2102.669765,1,Expiry,0,1.2959183596581558e-12,nan
2096664403090_Node0_Node8_Zero,2102.669765,2102.669765,1,Expiry,0,1.2959183596581558e-12,nan
2097033273004_Node0_Node8_Zero,2102.699074,2102.699074,1,Expiry,0,3.957175728e-12,nan
2097041469619_Node0_Node8_Zero,2102.699074,2102.699074,1,Expiry,0,3.957175728e-12,nan
2096984097287_Node0_Node8_Zero,2103.254482,2103.254482,1,Expiry,0,1.04925114e-12,nan
2096992294222_Node0_Node8_Zero,2103.254482,2103.254482,1,Expiry,0,1.04925114e-12,nan
2096918513340_Node0_Node8_Zero,2103.411679,2103.411679,1,Expiry,0,3.957175728e-12,nan
2096926714224_Node0_Node8_Zero,2103.411679,2103.411679,1,Expiry,0,3.957175728e-12,nan
2096869330903_Node0_Node8_Zero,2103.546416,2103.546416,1,Expiry,0,1.04925114e-12,nan
2096877523615_Node0_Node8_Zero,2103.546416,2103.546416,1,Expiry,0,1.04925114e-12,nan
