Packet ID,Enqueue Time (in s),Dequeue Time (in s),Dropped?,Drop Reason,Freezes,Tx INTF,Rx INTF
2000010932556_Node0_Node8_Zero,2000.029241,2000.072116,1,RetryLimit,264,0,nan
2000016395391_Node0_Node8_Zero,2000.029241,2000.072116,1,RetryLimit,264,0,nan
2000021860571_Node0_Node8_Zero,2000.029241,2000.072116,1,RetryLimit,264,0,nan
2000027327671_Node0_Node8_Zero,2000.033949,2000.07502,0,,232,7.572525408e-13,0
2000032790189_Node0_Node8_Zero,2000.034859,2000.07502,0,,199,7.572525408e-13,0
2000038255339_Node0_Node8_Zero,2000.039189,2000.07502,0,,166,7.572525408e-13,0
2000043720606_Node0_Node8_Zero,2000.044654,2000.07891,0,,133,7.572525408e-13,0
2000049184669_Node0_Node8_Zero,2000.050158,2000.07891,0,,100,7.572525408e-13,0
2000054648621_Node0_Node8_Zero,2000.055462,2000.07891,0,,67,7.572525408e-13,0
2000060114925_Node0_Node8_Zero,2000.061008,2000.083614,0,,67,7.572525408e-13,0
2000065576062_Node0_Node8_Zero,2000.066489,2000.083614,0,,34,7.572525408e-13,0
2000071035968_Node0_Node8_Zero,2000.072869,2000.083614,0,,33,7.572525408e-13,0
2000076497018_Node0_Node8_Zero,2000.081637,2000.084384,0,,1,7.572525408e-13,0
2000081962785_Node0_Node8_Zero,2000.085265,2000.086156,0,,0,7.572525408e-13,0
2000087428530_Node0_Node8_Zero,2000.089446,2000.090277,0,,0,7.572525408e-13,0
2000092895539_Node0_Node8_Zero,2000.095003,2000.095954,0,,0,7.572525408e-13,0
2000098360103_Node0_Node8_Zero,2000.100159,2000.10117,0,,0,7.572525408e-13,0
2000103822903_Node0_Node8_Zero,2000.104716,2000.105668,0,,0,7.572525408e-13,0
2000109286556_Node0_Node8_Zero,2000.11008,2000.111111,0,,0,7.572525408e-13,0
2000114750685_Node0_Node8_Zero,2000.115624,2000.116555,0,,0,7.572525408e-13,0
2000120215287_Node0_Node8_Zero,2000.120909,2000.12188,0,,0,7.572525408e-13,0
2000125679131_Node0_Node8_Zero,2000.126633,2000.127484,0,,0,7.572525408e-13,0
2000131140782_Node0_Node8_Zero,2000.131954,2000.132765,0,,0,7.572525408e-13,0
2000136601683_Node0_Node8_Zero,2000.137515,2000.138346,0,,0,7.572525408e-13,0
2000142068212_Node0_Node8_Zero,2000.143002,2000.143933,0,,0,7.572525408e-13,0
2000147533025_Node0_Node8_Zero,2000.148266,2000.149138,0,,0,7.572525408e-13,0
2000152994551_Node0_Node8_Zero,2000.153808,2000.154859,0,,0,7.572525408e-13,0
2000158458969_Node0_Node8_Zero,2000.159294,2000.160126,0,,0,7.572525408e-13,0
2000163919374_Node0_Node8_Zero,2000.164873,2000.167656,0,,89,7.572525408e-13,0
2000169388853_Node0_Node8_Zero,2000.170448,2000.175213,0,,89,7.572525408e-13,0
2000174851816_Node0_Node8_Zero,2000.181746,2000.182557,0,,0,7.572525408e-13,0
2000180317902_Node0_Node8_Zero,2000.183248,2000.187909,0,,6,7.572525408e-13,0
2000185785805_Node0_Node8_Zero,2000.194082,2000.194894,0,,0,7.572525408e-13,0
2000191253972_Node0_Node8_Zero,2000.19978,2000.201251,0,,0,7.572525408e-13,0
2000196720091_Node0_Node8_Zero,2000.19978,2000.201251,0,,0,7.572525408e-13,0
2000202185885_Node0_Node8_Zero,2000.203478,2000.204289,0,,0,7.572525408e-13,0
2000207648705_Node0_Node8_Zero,2000.208382,2000.209413,0,,0,7.572525408e-13,0
2000213110343_Node0_Node8_Zero,2000.213864,2000.214735,0,,0,7.572525408e-13,0
2000218574767_Node0_Node8_Zero,2000.219781,2000.220853,0,,0,7.572525408e-13,0
2000224038670_Node0_Node8_Zero,2000.224732,2000.225643,0,,0,7.572525408e-13,0
2000229505825_Node0_Node8_Zero,2000.230379,2000.231311,0,,0,7.572525408e-13,0
2000234968961_Node0_Node8_Zero,2000.235962,2000.236774,0,,0,7.572525408e-13,0
2000240430792_Node0_Node8_Zero,2000.241184,2000.242055,0,,0,7.572525408e-13,0
2000245895392_Node0_Node8_Zero,2000.246689,2000.24778,0,,0,7.572525408e-13,0
2000251361463_Node0_Node8_Zero,2000.253821,2000.254792,0,,0,7.572525408e-13,0
2000256830929_Node0_Node8_Zero,2000.257584,2000.258676,0,,0,7.572525408e-13,0
2000262299024_Node0_Node8_Zero,2000.263586,2000.264417,0,,0,7.572525408e-13,0
2000267762589_Node0_Node8_Zero,2000.270169,2000.27104,0,,0,7.572525408e-13,0
2000273230330_Node0_Node8_Zero,2000.274666,2000.281296,0,,0,7.572525408e-13,0
2000278692083_Node0_Node8_Zero,2000.281958,2000.282769,0,,0,7.572525408e-13,0
2000284159723_Node0_Node8_Zero,2000.289934,2000.290766,0,,0,7.572525408e-13,0
2000289628059_Node0_Node8_Zero,2000.299657,2000.302945,0,,0,7.572525408e-13,0
2000295087762_Node0_Node8_Zero,2000.299657,2000.302945,0,,0,7.572525408e-13,0
2000300553425_Node0_Node8_Zero,2000.303661,2000.307822,0,,61,7.572525408e-13,0
2000306022211_Node0_Node8_Zero,2000.30854,2000.309412,0,,0,7.572525408e-13,0
2000311491684_Node0_Node8_Zero,2000.313107,2000.313919,0,,0,7.572525408e-13,0
2000316952100_Node0_Node8_Zero,2000.318114,2000.319165,0,,0,7.572525408e-13,0
2000322414828_Node0_Node8_Zero,2000.323228,2000.32406,0,,0,7.572525408e-13,0
2000327883584_Node0_Node8_Zero,2000.328597,2000.329468,0,,0,7.572525408e-13,0
2000333343386_Node0_Node8_Zero,2000.334157,2000.335028,0,,0,7.572525408e-13,0
2000338804145_Node0_Node8_Zero,2000.339718,2000.340589,0,,0,7.572525408e-13,0
2000344265785_Node0_Node8_Zero,2000.345219,2000.34619,0,,0,7.572525408e-13,0
2000349730066_Node0_Node8_Zero,2000.350644,2000.351595,0,,0,7.572525408e-13,0
2000355198181_Node0_Node8_Zero,2000.356172,2000.357243,0,,0,7.572525408e-13,0
2000360665380_Node0_Node8_Zero,2000.361419,2000.36225,0,,0,7.572525408e-13,0
2000366125281_Node0_Node8_Zero,2000.366819,2000.36767,0,,0,7.572525408e-13,0
2000371592237_Node0_Node8_Zero,2000.372306,2000.373157,0,,0,7.572525408e-13,0
2000377060254_Node0_Node8_Zero,2000.377894,2000.379005,0,,0,7.572525408e-13,0
2000382523242_Node0_Node8_Zero,2000.383337,2000.384428,0,,0,7.572525408e-13,0
2000387989803_Node0_Node8_Zero,2000.388883,2000.389774,0,,0,7.572525408e-13,0
2000393453916_Node0_Node8_Zero,2000.394447,2000.395339,0,,0,7.572525408e-13,0
2000398920460_Node0_Node8_Zero,2000.399774,2000.400665,0,,0,7.572525408e-13,0
2000404389396_Node0_Node8_Zero,2000.40722,2001.340518,1,RetryLimit,8058,0,nan
2000409854175_Node0_Node8_Zero,2000.419168,2001.357545,1,RetryLimit,8058,0,nan
2000415321146_Node0_Node8_Zero,2000.420385,2000.70413,1,RetryLimit,7156,0,nan
2000426256457_Node0_Node8_Zero,2000.427661,2000.70413,1,RetryLimit,6880,0,nan
2000431719701_Node0_Node8_Zero,2000.433074,2000.776851,1,RetryLimit,6692,0,nan
2000437180690_Node0_Node8_Zero,2000.44332,2000.776851,1,RetryLimit,6597,0,nan
2000442647929_Node0_Node8_Zero,2000.447456,2001.283973,1,RetryLimit,7453,0,nan
2000448110895_Node0_Node8_Zero,2000.461993,2001.312461,1,RetryLimit,7453,0,nan
2000420788469_Node0_Node8_Zero,2000.520552,2001.067332,1,RetryLimit,7087,0,nan
2000486367594_Node0_Node8_Zero,2000.5494,2001.01371,1,RetryLimit,6188,0,nan
2000491836841_Node0_Node8_Zero,2000.5494,2001.01371,1,RetryLimit,6188,0,nan
2000497300508_Node0_Node8_Zero,2000.5618,2001.12551,1,RetryLimit,5744,0,nan
2000464502378_Node0_Node8_Zero,2000.565807,2001.12551,1,RetryLimit,5655,0,nan
2000508228493_Node0_Node8_Zero,2000.575037,2001.389762,1,RetryLimit,5619,0,nan
2000513688491_Node0_Node8_Zero,2000.575037,2001.389762,1,RetryLimit,5619,0,nan
2000519157176_Node0_Node8_Zero,2000.577294,2001.153493,1,RetryLimit,5300,0,nan
2000524624369_Node0_Node8_Zero,2000.577294,2001.153493,1,RetryLimit,5300,0,nan
2000530086669_Node0_Node8_Zero,2000.579231,2000.928862,1,RetryLimit,5211,0,nan
2000535548626_Node0_Node8_Zero,2000.579231,2000.928862,1,RetryLimit,5211,0,nan
2000546480413_Node0_Node8_Zero,2000.583471,2001.520171,1,RetryLimit,5264,0,nan
2000551947525_Node0_Node8_Zero,2000.589598,2001.520171,1,RetryLimit,4997,0,nan
2000557411747_Node0_Node8_Zero,2000.589598,2001.520171,1,RetryLimit,4997,0,nan
2000573802992_Node0_Node8_Zero,2000.598843,2000.836035,0,,3916,7.572525408e-13,0
2000579265931_Node0_Node8_Zero,2000.598843,2000.836035,0,,3916,7.572525408e-13,0
2000568341952_Node0_Node8_Zero,2000.603229,2000.836035,0,,3739,7.572525408e-13,0
2000584731619_Node0_Node8_Zero,2000.605158,2000.850161,0,,3741,7.572525408e-13,0
2000590198749_Node0_Node8_Zero,2000.605158,2000.850161,0,,3741,7.572525408e-13,0
2000541015721_Node0_Node8_Zero,2000.620518,2000.850161,0,,3162,7.572525408e-13,0
2000606590118_Node0_Node8_Zero,2000.633626,2000.855155,0,,2688,7.572525408e-13,0
2000595663017_Node0_Node8_Zero,2000.635727,2000.855155,0,,2599,7.572525408e-13,0
2000601129959_Node0_Node8_Zero,2000.635727,2000.855155,0,,2599,7.572525408e-13,0
2000612056150_Node0_Node8_Zero,2000.639112,2000.891636,0,,2827,7.572525408e-13,0
2000622978242_Node0_Node8_Zero,2000.643211,2000.891636,0,,2649,7.572525408e-13,0
2000628444610_Node0_Node8_Zero,2000.643211,2000.891636,0,,2649,7.572525408e-13,0
2000633912149_Node0_Node8_Zero,2000.647225,2000.893533,0,,2471,7.572525408e-13,0
2000644844306_Node0_Node8_Zero,2000.651952,2000.893533,0,,2289,7.572525408e-13,0
2000639378399_Node0_Node8_Zero,2000.654034,2000.893533,0,,2200,7.572525408e-13,0
2000650307892_Node0_Node8_Zero,2000.657393,2000.895639,0,,2064,7.572525408e-13,0
2000655768423_Node0_Node8_Zero,2000.659732,2000.895639,0,,1970,7.572525408e-13,0
2000661231867_Node0_Node8_Zero,2000.669883,2000.895639,0,,1646,7.572525408e-13,0
2000666700882_Node0_Node8_Zero,2000.68141,2000.897626,0,,1364,7.572525408e-13,0
2000672165864_Node0_Node8_Zero,2000.683412,2000.897626,0,,1275,7.572525408e-13,0
2000677625792_Node0_Node8_Zero,2000.683412,2000.897626,0,,1275,7.572525408e-13,0
2000683094608_Node0_Node8_Zero,2000.684629,2000.899653,0,,1228,7.572525408e-13,0
2000688561944_Node0_Node8_Zero,2000.690632,2000.899653,0,,998,7.572525408e-13,0
2000562874580_Node0_Node8_Zero,2000.728392,2000.899653,0,,626,7.572525408e-13,0
2000617518674_Node0_Node8_Zero,2000.736083,2000.90172,0,,626,7.572525408e-13,0
2000502768830_Node0_Node8_Zero,2000.745565,2000.90172,0,,626,7.572525408e-13,0
2000469971731_Node0_Node8_Zero,2000.750968,2000.90172,0,,626,7.572525408e-13,0
2000480901971_Node0_Node8_Zero,2000.789279,2000.903667,0,,495,7.572525408e-13,0
2000694026260_Node0_Node8_Zero,2000.821836,2000.903667,0,,494,7.572525408e-13,0
2000699495407_Node0_Node8_Zero,2000.823937,2000.903667,0,,494,7.572525408e-13,0
2000704960880_Node0_Node8_Zero,2000.864121,2000.904634,0,,184,7.572525408e-13,0
2000453573608_Node0_Node8_Zero,2001.130093,2001.208726,1,RetryLimit,0,0,nan
2000459037135_Node0_Node8_Zero,2001.130093,2001.208726,1,RetryLimit,0,0,nan
2000475440064_Node0_Node8_Zero,2001.214151,2001.246092,1,RetryLimit,230,0,nan
2000710426707_Node0_Node8_Zero,2001.902474,2001.970168,1,RetryLimit,805,0,nan
2000732288005_Node0_Node8_Zero,2001.907236,2002.002319,0,,717,7.572525408e-13,0
2000737749234_Node0_Node8_Zero,2001.907236,2002.002319,0,,717,7.572525408e-13,0
2000743213511_Node0_Node8_Zero,2001.907236,2002.002319,0,,717,7.572525408e-13,0
2000748673201_Node0_Node8_Zero,2001.917678,2002.002319,0,,538,7.572525408e-13,0
2000754138053_Node0_Node8_Zero,2001.917678,2002.004429,0,,538,7.572525408e-13,0
2000759598165_Node0_Node8_Zero,2001.917678,2002.004429,0,,538,7.572525408e-13,0
2000765058078_Node0_Node8_Zero,2001.922021,2002.004429,0,,449,7.572525408e-13,0
2000770520691_Node0_Node8_Zero,2001.922021,2002.004429,0,,449,7.572525408e-13,0
2000775983908_Node0_Node8_Zero,2001.922021,2002.008854,0,,538,7.572525408e-13,0
2000781444670_Node0_Node8_Zero,2001.933257,2002.008854,0,,359,7.572525408e-13,0
2000786912797_Node0_Node8_Zero,2001.933257,2002.008854,0,,359,7.572525408e-13,0
2000792376734_Node0_Node8_Zero,2001.933257,2002.008854,0,,359,7.572525408e-13,0
2000797838161_Node0_Node8_Zero,2001.954825,2002.010804,0,,90,7.572525408e-13,0
2000803300683_Node0_Node8_Zero,2001.954825,2002.010804,0,,90,7.572525408e-13,0
2000808769679_Node0_Node8_Zero,2001.954825,2002.010804,0,,90,7.572525408e-13,0
2000814237557_Node0_Node8_Zero,2002.000158,2002.010804,0,,89,7.572525408e-13,0
2000819697644_Node0_Node8_Zero,2002.000158,2002.011994,0,,89,7.572525408e-13,0
2000825161016_Node0_Node8_Zero,2002.000158,2002.011994,0,,89,7.572525408e-13,0
2000868881460_Node0_Node8_Zero,2002.076365,2002.078476,0,,0,7.572525408e-13,0
2000874344928_Node0_Node8_Zero,2002.076365,2002.078476,0,,0,7.572525408e-13,0
2000879805263_Node0_Node8_Zero,2002.076365,2002.078476,0,,0,7.572525408e-13,0
2000885268819_Node0_Node8_Zero,2002.076365,2002.078476,0,,0,7.572525408e-13,0
2000890737261_Node0_Node8_Zero,2002.085383,2002.087414,0,,0,7.572525408e-13,0
2000896204403_Node0_Node8_Zero,2002.085383,2002.087414,0,,0,7.572525408e-13,0
2000901664886_Node0_Node8_Zero,2002.085383,2002.087414,0,,0,7.572525408e-13,0
2000907129741_Node0_Node8_Zero,2002.085383,2002.087414,0,,0,7.572525408e-13,0
2000912597926_Node0_Node8_Zero,2002.09448,2002.096472,0,,0,7.572525408e-13,0
2000918062025_Node0_Node8_Zero,2002.09448,2002.096472,0,,0,7.572525408e-13,0
2000923523917_Node0_Node8_Zero,2002.09448,2002.096472,0,,0,7.572525408e-13,0
2000928984427_Node0_Node8_Zero,2002.09448,2002.096472,0,,0,7.572525408e-13,0
2000830629484_Node0_Node8_Zero,2002.10478,2002.106501,0,,0,7.572525408e-13,0
2000836089768_Node0_Node8_Zero,2002.10478,2002.106501,0,,0,7.572525408e-13,0
2000841559237_Node0_Node8_Zero,2002.10478,2002.106501,0,,0,7.572525408e-13,0
2000934448384_Node0_Node8_Zero,2002.115742,2002.121752,0,,178,7.572525408e-13,0
2000939917523_Node0_Node8_Zero,2002.115742,2002.121752,0,,178,7.572525408e-13,0
2000945377997_Node0_Node8_Zero,2002.115742,2002.121752,0,,178,7.572525408e-13,0
2000950844682_Node0_Node8_Zero,2002.115742,2002.121752,0,,178,7.572525408e-13,0
2000956312246_Node0_Node8_Zero,2002.117616,2002.123762,0,,90,7.572525408e-13,0
2000961776575_Node0_Node8_Zero,2002.117616,2002.123762,0,,90,7.572525408e-13,0
2000967240343_Node0_Node8_Zero,2002.117616,2002.123762,0,,90,7.572525408e-13,0
2000972707640_Node0_Node8_Zero,2002.117616,2002.123762,0,,90,7.572525408e-13,0
2000978176548_Node0_Node8_Zero,2002.119773,2002.130401,0,,179,7.572525408e-13,0
2000983641541_Node0_Node8_Zero,2002.119773,2002.130401,0,,179,7.572525408e-13,0
2000989108722_Node0_Node8_Zero,2002.119773,2002.130401,0,,179,7.572525408e-13,0
2000994576919_Node0_Node8_Zero,2002.119773,2002.130401,0,,179,7.572525408e-13,0
2001000042030_Node0_Node8_Zero,2002.134799,2002.142705,0,,267,7.572525408e-13,0
2001005502493_Node0_Node8_Zero,2002.134799,2002.142705,0,,267,7.572525408e-13,0
2001010964441_Node0_Node8_Zero,2002.134799,2002.142705,0,,267,7.572525408e-13,0
2001016430644_Node0_Node8_Zero,2002.134799,2002.142705,0,,267,7.572525408e-13,0
2001021890450_Node0_Node8_Zero,2002.136696,2002.144695,0,,179,7.572525408e-13,0
2001027350846_Node0_Node8_Zero,2002.136696,2002.144695,0,,179,7.572525408e-13,0
2001032814979_Node0_Node8_Zero,2002.136696,2002.144695,0,,179,7.572525408e-13,0
2001038279110_Node0_Node8_Zero,2002.136696,2002.144695,0,,179,7.572525408e-13,0
2001043738722_Node0_Node8_Zero,2002.138833,2002.146745,0,,90,7.572525408e-13,0
2001049199275_Node0_Node8_Zero,2002.138833,2002.146745,0,,90,7.572525408e-13,0
2001054664893_Node0_Node8_Zero,2002.138833,2002.146745,0,,90,7.572525408e-13,0
2001060127438_Node0_Node8_Zero,2002.138833,2002.146745,0,,90,7.572525408e-13,0
2001065593174_Node0_Node8_Zero,2002.140749,2002.155174,0,,268,7.572525408e-13,0
2001071056106_Node0_Node8_Zero,2002.140749,2002.155174,0,,268,7.572525408e-13,0
2001076521661_Node0_Node8_Zero,2002.140749,2002.155174,0,,268,7.572525408e-13,0
2001081982478_Node0_Node8_Zero,2002.140749,2002.155174,0,,268,7.572525408e-13,0
2001087449340_Node0_Node8_Zero,2002.15977,2002.165791,0,,178,7.572525408e-13,0
2001092917717_Node0_Node8_Zero,2002.15977,2002.165791,0,,178,7.572525408e-13,0
2001098387026_Node0_Node8_Zero,2002.15977,2002.165791,0,,178,7.572525408e-13,0
2001103855188_Node0_Node8_Zero,2002.15977,2002.165791,0,,178,7.572525408e-13,0
2001109318941_Node0_Node8_Zero,2002.161807,2002.17012,0,,179,7.572525408e-13,0
2001114783322_Node0_Node8_Zero,2002.161807,2002.17012,0,,179,7.572525408e-13,0
2001120249829_Node0_Node8_Zero,2002.161807,2002.17012,0,,179,7.572525408e-13,0
2001125709649_Node0_Node8_Zero,2002.161807,2002.17012,0,,179,7.572525408e-13,0
2001131172995_Node0_Node8_Zero,2002.163724,2002.17205,0,,90,7.572525408e-13,0
2001136634706_Node0_Node8_Zero,2002.163724,2002.17205,0,,90,7.572525408e-13,0
2001142098394_Node0_Node8_Zero,2002.163724,2002.17205,0,,90,7.572525408e-13,0
2001147565247_Node0_Node8_Zero,2002.163724,2002.17205,0,,90,7.572525408e-13,0
2001153028283_Node0_Node8_Zero,2002.178522,2002.184463,0,,178,7.572525408e-13,0
2001158495181_Node0_Node8_Zero,2002.178522,2002.184463,0,,178,7.572525408e-13,0
2001163963621_Node0_Node8_Zero,2002.178522,2002.184463,0,,178,7.572525408e-13,0
2001169427112_Node0_Node8_Zero,2002.178522,2002.184463,0,,178,7.572525408e-13,0
2001174894675_Node0_Node8_Zero,2002.180598,2002.186573,0,,90,7.572525408e-13,0
2001180358212_Node0_Node8_Zero,2002.180598,2002.186573,0,,90,7.572525408e-13,0
2001185822564_Node0_Node8_Zero,2002.180598,2002.186573,0,,90,7.572525408e-13,0
2001191288043_Node0_Node8_Zero,2002.180598,2002.186573,0,,90,7.572525408e-13,0
2001196756472_Node0_Node8_Zero,2002.182495,2002.197081,0,,274,7.572525408e-13,0
2001202223456_Node0_Node8_Zero,2002.182495,2002.197081,0,,274,7.572525408e-13,0
2001207689254_Node0_Node8_Zero,2002.182495,2002.197081,0,,274,7.572525408e-13,0
2001213149010_Node0_Node8_Zero,2002.182495,2002.197081,0,,274,7.572525408e-13,0
2001240461686_Node0_Node8_Zero,2002.19506,2002.201588,0,,90,7.572525408e-13,0
2001245921608_Node0_Node8_Zero,2002.19506,2002.201588,0,,90,7.572525408e-13,0
2001251384632_Node0_Node8_Zero,2002.19506,2002.201588,0,,90,7.572525408e-13,0
2001256850509_Node0_Node8_Zero,2002.19506,2002.201588,0,,90,7.572525408e-13,0
2001218608743_Node0_Node8_Zero,2002.20605,2002.208022,0,,0,7.572525408e-13,0
2001224073115_Node0_Node8_Zero,2002.20605,2002.208022,0,,0,7.572525408e-13,0
2001229535350_Node0_Node8_Zero,2002.20605,2002.208022,0,,0,7.572525408e-13,0
2001234999178_Node0_Node8_Zero,2002.20605,2002.208022,0,,0,7.572525408e-13,0
2001262317855_Node0_Node8_Zero,2002.214604,2002.216735,0,,0,7.572525408e-13,0
2001267783330_Node0_Node8_Zero,2002.214604,2002.216735,0,,0,7.572525408e-13,0
2001273251761_Node0_Node8_Zero,2002.214604,2002.216735,0,,0,7.572525408e-13,0
2001278712078_Node0_Node8_Zero,2002.214604,2002.216735,0,,0,7.572525408e-13,0
2001284172888_Node0_Node8_Zero,2002.236318,2002.270989,0,,1377,7.572525408e-13,0
2001289634894_Node0_Node8_Zero,2002.236318,2002.270989,0,,1377,7.572525408e-13,0
2001295099985_Node0_Node8_Zero,2002.236318,2002.270989,0,,1377,7.572525408e-13,0
2001300561887_Node0_Node8_Zero,2002.236318,2002.270989,0,,1377,7.572525408e-13,0
2001349737668_Node0_Node8_Zero,2002.282863,2002.286738,0,,89,7.572525408e-13,0
2001355200723_Node0_Node8_Zero,2002.282863,2002.286738,0,,89,7.572525408e-13,0
2001360660306_Node0_Node8_Zero,2002.282863,2002.286738,0,,89,7.572525408e-13,0
2001366124872_Node0_Node8_Zero,2002.282863,2002.286738,0,,89,7.572525408e-13,0
2001371590580_Node0_Node8_Zero,2002.284759,2002.288728,0,,1,7.572525408e-13,0
2001377057158_Node0_Node8_Zero,2002.284759,2002.288728,0,,1,7.572525408e-13,0
2001382516842_Node0_Node8_Zero,2002.284759,2002.288728,0,,1,7.572525408e-13,0
2001387979980_Node0_Node8_Zero,2002.284759,2002.288728,0,,1,7.572525408e-13,0
2001393446018_Node0_Node8_Zero,2002.300264,2002.306226,0,,178,7.572525408e-13,0
2001398909273_Node0_Node8_Zero,2002.300264,2002.306226,0,,178,7.572525408e-13,0
2001404376600_Node0_Node8_Zero,2002.300264,2002.306226,0,,178,7.572525408e-13,0
2001409845837_Node0_Node8_Zero,2002.300264,2002.306226,0,,178,7.572525408e-13,0
2001415313040_Node0_Node8_Zero,2002.302219,2002.314667,0,,359,7.572525408e-13,0
2001420780267_Node0_Node8_Zero,2002.302219,2002.314667,0,,359,7.572525408e-13,0
2001426241924_Node0_Node8_Zero,2002.302219,2002.314667,0,,359,7.572525408e-13,0
2001431705669_Node0_Node8_Zero,2002.302219,2002.314667,0,,359,7.572525408e-13,0
2001437172438_Node0_Node8_Zero,2002.304269,2002.321024,0,,452,7.572525408e-13,0
2001442640453_Node0_Node8_Zero,2002.304269,2002.321024,0,,452,7.572525408e-13,0
2001448100254_Node0_Node8_Zero,2002.304269,2002.321024,0,,452,7.572525408e-13,0
2001453564749_Node0_Node8_Zero,2002.304269,2002.321024,0,,452,7.572525408e-13,0
2001459024845_Node0_Node8_Zero,2002.312648,2002.322954,0,,183,7.572525408e-13,0
2001464486152_Node0_Node8_Zero,2002.312648,2002.322954,0,,183,7.572525408e-13,0
2001469950263_Node0_Node8_Zero,2002.312648,2002.322954,0,,183,7.572525408e-13,0
2001475413775_Node0_Node8_Zero,2002.312648,2002.322954,0,,183,7.572525408e-13,0
2001480877566_Node0_Node8_Zero,2002.329469,2002.333426,0,,89,7.572525408e-13,0
2001486337699_Node0_Node8_Zero,2002.329469,2002.333426,0,,89,7.572525408e-13,0
2001491803114_Node0_Node8_Zero,2002.329469,2002.333426,0,,89,7.572525408e-13,0
2001497269431_Node0_Node8_Zero,2002.329469,2002.333426,0,,89,7.572525408e-13,0
2001502737586_Node0_Node8_Zero,2002.33145,2002.344108,0,,361,7.572525408e-13,0
2001508204400_Node0_Node8_Zero,2002.33145,2002.344108,0,,361,7.572525408e-13,0
2001513668453_Node0_Node8_Zero,2002.33145,2002.344108,0,,361,7.572525408e-13,0
2001519134215_Node0_Node8_Zero,2002.33145,2002.344108,0,,361,7.572525408e-13,0
2001524602066_Node0_Node8_Zero,2002.352698,2002.354729,0,,0,7.572525408e-13,0
2001530064668_Node0_Node8_Zero,2002.352698,2002.354729,0,,0,7.572525408e-13,0
2001535524890_Node0_Node8_Zero,2002.352698,2002.354729,0,,0,7.572525408e-13,0
2001540991104_Node0_Node8_Zero,2002.352698,2002.354729,0,,0,7.572525408e-13,0
2001546452055_Node0_Node8_Zero,2002.362505,2002.364517,0,,0,7.572525408e-13,0
2001551920774_Node0_Node8_Zero,2002.362505,2002.364517,0,,0,7.572525408e-13,0
2001557385173_Node0_Node8_Zero,2002.362505,2002.364517,0,,0,7.572525408e-13,0
2001562851489_Node0_Node8_Zero,2002.362505,2002.364517,0,,0,7.572525408e-13,0
2001568318637_Node0_Node8_Zero,2002.371258,2002.377059,0,,178,7.572525408e-13,0
2001573785391_Node0_Node8_Zero,2002.371258,2002.377059,0,,178,7.572525408e-13,0
2001579253092_Node0_Node8_Zero,2002.371258,2002.377059,0,,178,7.572525408e-13,0
2001584721184_Node0_Node8_Zero,2002.371258,2002.377059,0,,178,7.572525408e-13,0
2001590180704_Node0_Node8_Zero,2002.373155,2002.379089,0,,90,7.572525408e-13,0
2001595650179_Node0_Node8_Zero,2002.373155,2002.379089,0,,90,7.572525408e-13,0
2001601119395_Node0_Node8_Zero,2002.373155,2002.379089,0,,90,7.572525408e-13,0
2001606582425_Node0_Node8_Zero,2002.373155,2002.379089,0,,90,7.572525408e-13,0
2001612043113_Node0_Node8_Zero,2002.375085,2002.381039,0,,1,7.572525408e-13,0
2001617507327_Node0_Node8_Zero,2002.375085,2002.381039,0,,1,7.572525408e-13,0
2001622976634_Node0_Node8_Zero,2002.375085,2002.381039,0,,1,7.572525408e-13,0
2001628444174_Node0_Node8_Zero,2002.375085,2002.381039,0,,1,7.572525408e-13,0
2001633912728_Node0_Node8_Zero,2002.398362,2002.400414,0,,0,7.572525408e-13,0
2001639374556_Node0_Node8_Zero,2002.398362,2002.400414,0,,0,7.572525408e-13,0
2001644843981_Node0_Node8_Zero,2002.398362,2002.400414,0,,0,7.572525408e-13,0
2001650312832_Node0_Node8_Zero,2002.398362,2002.400414,0,,0,7.572525408e-13,0
2001655775039_Node0_Node8_Zero,2002.407812,2002.409963,0,,0,7.572525408e-13,0
2001661237361_Node0_Node8_Zero,2002.407812,2002.409963,0,,0,7.572525408e-13,0
2001666699724_Node0_Node8_Zero,2002.407812,2002.409963,0,,0,7.572525408e-13,0
2001672168420_Node0_Node8_Zero,2002.407812,2002.409963,0,,0,7.572525408e-13,0
2001677632308_Node0_Node8_Zero,2002.416525,2002.422546,0,,178,7.572525408e-13,0
2001683091882_Node0_Node8_Zero,2002.416525,2002.422546,0,,178,7.572525408e-13,0
2001688551716_Node0_Node8_Zero,2002.416525,2002.422546,0,,178,7.572525408e-13,0
2001694019779_Node0_Node8_Zero,2002.416525,2002.422546,0,,178,7.572525408e-13,0
2001699485213_Node0_Node8_Zero,2002.418482,2002.429063,0,,270,7.572525408e-13,0
2001704954093_Node0_Node8_Zero,2002.418482,2002.429063,0,,270,7.572525408e-13,0
2001710414388_Node0_Node8_Zero,2002.418482,2002.429063,0,,270,7.572525408e-13,0
2001715876492_Node0_Node8_Zero,2002.418482,2002.429063,0,,270,7.572525408e-13,0
2001721337153_Node0_Node8_Zero,2002.420412,2002.430993,0,,181,7.572525408e-13,0
2001726798002_Node0_Node8_Zero,2002.420412,2002.430993,0,,181,7.572525408e-13,0
2001732257614_Node0_Node8_Zero,2002.420412,2002.430993,0,,181,7.572525408e-13,0
2001737725110_Node0_Node8_Zero,2002.420412,2002.430993,0,,181,7.572525408e-13,0
2001743189812_Node0_Node8_Zero,2002.442896,2002.444867,0,,0,7.572525408e-13,0
2001748656300_Node0_Node8_Zero,2002.442896,2002.444867,0,,0,7.572525408e-13,0
2001754122233_Node0_Node8_Zero,2002.442896,2002.444867,0,,0,7.572525408e-13,0
2001759581930_Node0_Node8_Zero,2002.442896,2002.444867,0,,0,7.572525408e-13,0
2001765048973_Node0_Node8_Zero,2002.451671,2002.453782,0,,0,7.572525408e-13,0
2001770510568_Node0_Node8_Zero,2002.451671,2002.453782,0,,0,7.572525408e-13,0
2001775977634_Node0_Node8_Zero,2002.451671,2002.453782,0,,0,7.572525408e-13,0
2001781445277_Node0_Node8_Zero,2002.451671,2002.453782,0,,0,7.572525408e-13,0
2001786914679_Node0_Node8_Zero,2002.461154,2002.465049,0,,89,7.572525408e-13,0
2001792381757_Node0_Node8_Zero,2002.461154,2002.465049,0,,89,7.572525408e-13,0
2001797841263_Node0_Node8_Zero,2002.461154,2002.465049,0,,89,7.572525408e-13,0
2001803301725_Node0_Node8_Zero,2002.461154,2002.465049,0,,89,7.572525408e-13,0
2001808766362_Node0_Node8_Zero,2002.463038,2002.471626,0,,181,7.572525408e-13,0
2001814226410_Node0_Node8_Zero,2002.463038,2002.471626,0,,181,7.572525408e-13,0
2001819689417_Node0_Node8_Zero,2002.463038,2002.471626,0,,181,7.572525408e-13,0
2001825153059_Node0_Node8_Zero,2002.463038,2002.471626,0,,181,7.572525408e-13,0
2001830621858_Node0_Node8_Zero,2002.478404,2002.480495,0,,0,7.572525408e-13,0
2001836081977_Node0_Node8_Zero,2002.478404,2002.480495,0,,0,7.572525408e-13,0
2001841544823_Node0_Node8_Zero,2002.478404,2002.480495,0,,0,7.572525408e-13,0
2001847005748_Node0_Node8_Zero,2002.478404,2002.480495,0,,0,7.572525408e-13,0
2001852473488_Node0_Node8_Zero,2002.487114,2002.491071,0,,89,7.572525408e-13,0
2001857938973_Node0_Node8_Zero,2002.487114,2002.491071,0,,89,7.572525408e-13,0
2001863404164_Node0_Node8_Zero,2002.487114,2002.491071,0,,89,7.572525408e-13,0
2001868866329_Node0_Node8_Zero,2002.487114,2002.491071,0,,89,7.572525408e-13,0
2001874333501_Node0_Node8_Zero,2002.489058,2002.492961,0,,1,7.572525408e-13,0
2001879800635_Node0_Node8_Zero,2002.489058,2002.492961,0,,1,7.572525408e-13,0
2001885267178_Node0_Node8_Zero,2002.489058,2002.492961,0,,1,7.572525408e-13,0
2001890732477_Node0_Node8_Zero,2002.489058,2002.492961,0,,1,7.572525408e-13,0
2001896201629_Node0_Node8_Zero,2002.504495,2002.508591,0,,89,7.572525408e-13,0
2001901668545_Node0_Node8_Zero,2002.504495,2002.508591,0,,89,7.572525408e-13,0
2001907136455_Node0_Node8_Zero,2002.504495,2002.508591,0,,89,7.572525408e-13,0
2001912599105_Node0_Node8_Zero,2002.504495,2002.508591,0,,89,7.572525408e-13,0
2001918059668_Node0_Node8_Zero,2002.506539,2002.515288,0,,183,7.572525408e-13,0
2001923519157_Node0_Node8_Zero,2002.506539,2002.515288,0,,183,7.572525408e-13,0
2001928985730_Node0_Node8_Zero,2002.506539,2002.515288,0,,183,7.572525408e-13,0
2001934454966_Node0_Node8_Zero,2002.506539,2002.515288,0,,183,7.572525408e-13,0
2001939914531_Node0_Node8_Zero,2002.522278,2002.52439,0,,0,7.572525408e-13,0
2001945379277_Node0_Node8_Zero,2002.522278,2002.52439,0,,0,7.572525408e-13,0
2001950843807_Node0_Node8_Zero,2002.522278,2002.52439,0,,0,7.572525408e-13,0
2001956307913_Node0_Node8_Zero,2002.522278,2002.52439,0,,0,7.572525408e-13,0
2001961776951_Node0_Node8_Zero,2002.531236,2002.535292,0,,89,7.572525408e-13,0
2001967238816_Node0_Node8_Zero,2002.531236,2002.535292,0,,89,7.572525408e-13,0
2001972703462_Node0_Node8_Zero,2002.531236,2002.535292,0,,89,7.572525408e-13,0
2001978172574_Node0_Node8_Zero,2002.531236,2002.535292,0,,89,7.572525408e-13,0
2001983634630_Node0_Node8_Zero,2002.53316,2002.541829,0,,183,7.572525408e-13,0
2001989095840_Node0_Node8_Zero,2002.53316,2002.541829,0,,183,7.572525408e-13,0
2001994562728_Node0_Node8_Zero,2002.53316,2002.541829,0,,183,7.572525408e-13,0
2002000024335_Node0_Node8_Zero,2002.53316,2002.541829,0,,183,7.572525408e-13,0
2002005485342_Node0_Node8_Zero,2002.548286,2002.552343,0,,89,7.572525408e-13,0
2002010954007_Node0_Node8_Zero,2002.548286,2002.552343,0,,89,7.572525408e-13,0
2002016419636_Node0_Node8_Zero,2002.548286,2002.552343,0,,89,7.572525408e-13,0
2002021888943_Node0_Node8_Zero,2002.548286,2002.552343,0,,89,7.572525408e-13,0
2002027352003_Node0_Node8_Zero,2002.550335,2002.554333,0,,1,7.572525408e-13,0
2002032816022_Node0_Node8_Zero,2002.550335,2002.554333,0,,1,7.572525408e-13,0
2002038277779_Node0_Node8_Zero,2002.550335,2002.554333,0,,1,7.572525408e-13,0
2002043741682_Node0_Node8_Zero,2002.550335,2002.554333,0,,1,7.572525408e-13,0
2002049204596_Node0_Node8_Zero,2002.566098,2002.574518,0,,227,7.572525408e-13,0
2002054666487_Node0_Node8_Zero,2002.566098,2002.569974,0,,89,7.572525408e-13,0
2002060127767_Node0_Node8_Zero,2002.566098,2002.569974,0,,89,7.572525408e-13,0
2002065594306_Node0_Node8_Zero,2002.566098,2002.569974,0,,89,7.572525408e-13,0
2002071059688_Node0_Node8_Zero,2002.568021,2002.576404,0,,139,7.572525408e-13,0
2002076521286_Node0_Node8_Zero,2002.568021,2002.576404,0,,139,7.572525408e-13,0
2002081982702_Node0_Node8_Zero,2002.568021,2002.576404,0,,139,7.572525408e-13,0
2002087445318_Node0_Node8_Zero,2002.568021,2002.576404,0,,139,7.572525408e-13,0
2002092911548_Node0_Node8_Zero,2002.586615,2002.588586,0,,0,7.572525408e-13,0
2002098374550_Node0_Node8_Zero,2002.586615,2002.588586,0,,0,7.572525408e-13,0
2002103838887_Node0_Node8_Zero,2002.586615,2002.588586,0,,0,7.572525408e-13,0
2002109304903_Node0_Node8_Zero,2002.586615,2002.588586,0,,0,7.572525408e-13,0
2002114768032_Node0_Node8_Zero,2002.595922,2002.598093,0,,0,7.572525408e-13,0
2002120230715_Node0_Node8_Zero,2002.595922,2002.598093,0,,0,7.572525408e-13,0
2002125692458_Node0_Node8_Zero,2002.595922,2002.598093,0,,0,7.572525408e-13,0
2002131152038_Node0_Node8_Zero,2002.595922,2002.598093,0,,0,7.572525408e-13,0
2002136620865_Node0_Node8_Zero,2002.604355,2002.614146,0,,356,7.572525408e-13,0
2002142080843_Node0_Node8_Zero,2002.604355,2002.614146,0,,356,7.572525408e-13,0
2002147540544_Node0_Node8_Zero,2002.604355,2002.614146,0,,356,7.572525408e-13,0
2002153001808_Node0_Node8_Zero,2002.604355,2002.614146,0,,356,7.572525408e-13,0
2002158464901_Node0_Node8_Zero,2002.606252,2002.620643,0,,448,7.572525408e-13,0
2002163929305_Node0_Node8_Zero,2002.606252,2002.620643,0,,448,7.572525408e-13,0
2002169394167_Node0_Node8_Zero,2002.606252,2002.620643,0,,448,7.572525408e-13,0
2002174861118_Node0_Node8_Zero,2002.606252,2002.620643,0,,448,7.572525408e-13,0
2002180329726_Node0_Node8_Zero,2002.608262,2002.622533,0,,359,7.572525408e-13,0
2002185798315_Node0_Node8_Zero,2002.608262,2002.622533,0,,359,7.572525408e-13,0
2002191265517_Node0_Node8_Zero,2002.608262,2002.622533,0,,359,7.572525408e-13,0
2002196728988_Node0_Node8_Zero,2002.608262,2002.622533,0,,359,7.572525408e-13,0
2002202189622_Node0_Node8_Zero,2002.610152,2002.633275,0,,628,7.572525408e-13,0
2002207654807_Node0_Node8_Zero,2002.610152,2002.633275,0,,628,7.572525408e-13,0
2002213118655_Node0_Node8_Zero,2002.610152,2002.633275,0,,628,7.572525408e-13,0
2002218580140_Node0_Node8_Zero,2002.610152,2002.633275,0,,628,7.572525408e-13,0
2002224044312_Node0_Node8_Zero,2002.612122,2002.635345,0,,539,7.572525408e-13,0
2002229509583_Node0_Node8_Zero,2002.612122,2002.635345,0,,539,7.572525408e-13,0
2002234973234_Node0_Node8_Zero,2002.612122,2002.635345,0,,539,7.572525408e-13,0
2002240437046_Node0_Node8_Zero,2002.612122,2002.635345,0,,539,7.572525408e-13,0
2002245896917_Node0_Node8_Zero,2002.646616,2002.650693,0,,89,7.572525408e-13,0
2002251366258_Node0_Node8_Zero,2002.646616,2002.650693,0,,89,7.572525408e-13,0
2002256829797_Node0_Node8_Zero,2002.646616,2002.650693,0,,89,7.572525408e-13,0
2002262297364_Node0_Node8_Zero,2002.646616,2002.650693,0,,89,7.572525408e-13,0
2002267765788_Node0_Node8_Zero,2002.648657,2002.657069,0,,183,7.572525408e-13,0
2002273225895_Node0_Node8_Zero,2002.648657,2002.657069,0,,183,7.572525408e-13,0
2002278690745_Node0_Node8_Zero,2002.648657,2002.657069,0,,183,7.572525408e-13,0
2002284151208_Node0_Node8_Zero,2002.648657,2002.657069,0,,183,7.572525408e-13,0
2002289616577_Node0_Node8_Zero,2002.665557,2002.667508,0,,0,7.572525408e-13,0
2002295078352_Node0_Node8_Zero,2002.665557,2002.667508,0,,0,7.572525408e-13,0
2002300538841_Node0_Node8_Zero,2002.665557,2002.667508,0,,0,7.572525408e-13,0
2002306006487_Node0_Node8_Zero,2002.665557,2002.667508,0,,0,7.572525408e-13,0
2002311467343_Node0_Node8_Zero,2002.674013,2002.678009,0,,89,7.572525408e-13,0
2002316930102_Node0_Node8_Zero,2002.674013,2002.678009,0,,89,7.572525408e-13,0
2002322391405_Node0_Node8_Zero,2002.674013,2002.678009,0,,89,7.572525408e-13,0
2002327858270_Node0_Node8_Zero,2002.674013,2002.678009,0,,89,7.572525408e-13,0
2002333327484_Node0_Node8_Zero,2002.67601,2002.680059,0,,1,7.572525408e-13,0
2002338795913_Node0_Node8_Zero,2002.67601,2002.680059,0,,1,7.572525408e-13,0
2002344257235_Node0_Node8_Zero,2002.67601,2002.680059,0,,1,7.572525408e-13,0
2002349720755_Node0_Node8_Zero,2002.67601,2002.680059,0,,1,7.572525408e-13,0
2002355181970_Node0_Node8_Zero,2002.691234,2002.697235,0,,178,7.572525408e-13,0
2002360642416_Node0_Node8_Zero,2002.691234,2002.697235,0,,178,7.572525408e-13,0
2002366104015_Node0_Node8_Zero,2002.691234,2002.697235,0,,178,7.572525408e-13,0
2002371564003_Node0_Node8_Zero,2002.691234,2002.697235,0,,178,7.572525408e-13,0
2002377023978_Node0_Node8_Zero,2002.693331,2002.699205,0,,90,7.572525408e-13,0
2002382484162_Node0_Node8_Zero,2002.693331,2002.699205,0,,90,7.572525408e-13,0
2002387952136_Node0_Node8_Zero,2002.693331,2002.699205,0,,90,7.572525408e-13,0
2002393415799_Node0_Node8_Zero,2002.693331,2002.699205,0,,90,7.572525408e-13,0
2002398878664_Node0_Node8_Zero,2002.695261,2002.701135,0,,1,7.572525408e-13,0
2002404347995_Node0_Node8_Zero,2002.695261,2002.701135,0,,1,7.572525408e-13,0
2002409814659_Node0_Node8_Zero,2002.695261,2002.701135,0,,1,7.572525408e-13,0
2002415281639_Node0_Node8_Zero,2002.695261,2002.701135,0,,1,7.572525408e-13,0
2002420746334_Node0_Node8_Zero,2002.716938,2002.720994,0,,89,7.572525408e-13,0
2002426206877_Node0_Node8_Zero,2002.716938,2002.720994,0,,89,7.572525408e-13,0
2002431668587_Node0_Node8_Zero,2002.716938,2002.720994,0,,89,7.572525408e-13,0
2002437134974_Node0_Node8_Zero,2002.716938,2002.720994,0,,89,7.572525408e-13,0
2002442599404_Node0_Node8_Zero,2002.718911,2002.727591,0,,183,7.572525408e-13,0
2002448061610_Node0_Node8_Zero,2002.718911,2002.727591,0,,183,7.572525408e-13,0
2002453530844_Node0_Node8_Zero,2002.718911,2002.727591,0,,183,7.572525408e-13,0
2002458993656_Node0_Node8_Zero,2002.718911,2002.727591,0,,183,7.572525408e-13,0
2002464454194_Node0_Node8_Zero,2002.734218,2002.736169,0,,0,7.572525408e-13,0
2002469915401_Node0_Node8_Zero,2002.734218,2002.736169,0,,0,7.572525408e-13,0
2002475378563_Node0_Node8_Zero,2002.734218,2002.736169,0,,0,7.572525408e-13,0
2002480840527_Node0_Node8_Zero,2002.734218,2002.736169,0,,0,7.572525408e-13,0
2002486306720_Node0_Node8_Zero,2002.743147,2002.747163,0,,89,7.572525408e-13,0
2002491775018_Node0_Node8_Zero,2002.743147,2002.747163,0,,89,7.572525408e-13,0
2002497236882_Node0_Node8_Zero,2002.743147,2002.747163,0,,89,7.572525408e-13,0
2002502697188_Node0_Node8_Zero,2002.743147,2002.747163,0,,89,7.572525408e-13,0
2002508159081_Node0_Node8_Zero,2002.745131,2002.749093,0,,1,7.572525408e-13,0
2002513624955_Node0_Node8_Zero,2002.745131,2002.749093,0,,1,7.572525408e-13,0
2002519086334_Node0_Node8_Zero,2002.745131,2002.749093,0,,1,7.572525408e-13,0
2002524550212_Node0_Node8_Zero,2002.745131,2002.749093,0,,1,7.572525408e-13,0
2002530018146_Node0_Node8_Zero,2002.760478,2002.762449,0,,0,7.572525408e-13,0
2002535486966_Node0_Node8_Zero,2002.760478,2002.762449,0,,0,7.572525408e-13,0
2002540952871_Node0_Node8_Zero,2002.760478,2002.762449,0,,0,7.572525408e-13,0
2002546412593_Node0_Node8_Zero,2002.760478,2002.762449,0,,0,7.572525408e-13,0
2002551876980_Node0_Node8_Zero,2002.769009,2002.77102,0,,0,7.572525408e-13,0
2002557338330_Node0_Node8_Zero,2002.769009,2002.77102,0,,0,7.572525408e-13,0
2002562806305_Node0_Node8_Zero,2002.769009,2002.77102,0,,0,7.572525408e-13,0
2002568274575_Node0_Node8_Zero,2002.769009,2002.77102,0,,0,7.572525408e-13,0
2002573743844_Node0_Node8_Zero,2002.777685,2002.779676,0,,0,7.572525408e-13,0
2002579209637_Node0_Node8_Zero,2002.777685,2002.779676,0,,0,7.572525408e-13,0
2002584671887_Node0_Node8_Zero,2002.777685,2002.779676,0,,0,7.572525408e-13,0
2002590132239_Node0_Node8_Zero,2002.777685,2002.779676,0,,0,7.572525408e-13,0
2002595600335_Node0_Node8_Zero,2002.786124,2002.788135,0,,0,7.572525408e-13,0
2002601066829_Node0_Node8_Zero,2002.786124,2002.788135,0,,0,7.572525408e-13,0
2002606528049_Node0_Node8_Zero,2002.786124,2002.788135,0,,0,7.572525408e-13,0
2002611989473_Node0_Node8_Zero,2002.786124,2002.788135,0,,0,7.572525408e-13,0
2002617457842_Node0_Node8_Zero,2002.795249,2002.799305,0,,89,7.572525408e-13,0
2002622919038_Node0_Node8_Zero,2002.795249,2002.799305,0,,89,7.572525408e-13,0
2002628383177_Node0_Node8_Zero,2002.795249,2002.799305,0,,89,7.572525408e-13,0
2002633845672_Node0_Node8_Zero,2002.795249,2002.799305,0,,89,7.572525408e-13,0
2002639305195_Node0_Node8_Zero,2002.797253,2002.801315,0,,1,7.572525408e-13,0
2002644769771_Node0_Node8_Zero,2002.797253,2002.801315,0,,1,7.572525408e-13,0
2002650231781_Node0_Node8_Zero,2002.797253,2002.801315,0,,1,7.572525408e-13,0
2002655691532_Node0_Node8_Zero,2002.797253,2002.801315,0,,1,7.572525408e-13,0
2002661151904_Node0_Node8_Zero,2002.806964,2002.813594,0,,91,7.572525408e-13,0
2002666616945_Node0_Node8_Zero,2002.806964,2002.813594,0,,91,7.572525408e-13,0
2002672078278_Node0_Node8_Zero,2002.806964,2002.813594,0,,91,7.572525408e-13,0
2002677540894_Node0_Node8_Zero,2002.806964,2002.813594,0,,91,7.572525408e-13,0
2002683004912_Node0_Node8_Zero,2002.821377,2002.823178,0,,0,7.572525408e-13,0
2002688467094_Node0_Node8_Zero,2002.821377,2002.823178,0,,0,7.572525408e-13,0
2002693927925_Node0_Node8_Zero,2002.821377,2002.823178,0,,0,7.572525408e-13,0
2002699391869_Node0_Node8_Zero,2002.828696,2002.830378,0,,0,7.572525408e-13,0
2002704856013_Node0_Node8_Zero,2002.828696,2002.830378,0,,0,7.572525408e-13,0
2002710324993_Node0_Node8_Zero,2002.828696,2002.830378,0,,0,7.572525408e-13,0
2002715786339_Node0_Node8_Zero,2002.835782,2002.837343,0,,0,7.572525408e-13,0
2002721247883_Node0_Node8_Zero,2002.835782,2002.837343,0,,0,7.572525408e-13,0
2002726715040_Node0_Node8_Zero,2002.835782,2002.837343,0,,0,7.572525408e-13,0
2002732183881_Node0_Node8_Zero,2002.842988,2002.850434,0,,267,7.572525408e-13,0
2002737650035_Node0_Node8_Zero,2002.842988,2002.850434,0,,267,7.572525408e-13,0
2002743117459_Node0_Node8_Zero,2002.842988,2002.850434,0,,267,7.572525408e-13,0
2002748586392_Node0_Node8_Zero,2002.844958,2002.852384,0,,179,7.572525408e-13,0
2002754052785_Node0_Node8_Zero,2002.844958,2002.852384,0,,179,7.572525408e-13,0
2002759513342_Node0_Node8_Zero,2002.844958,2002.852384,0,,179,7.572525408e-13,0
2002764976246_Node0_Node8_Zero,2002.847008,2002.852384,0,,90,7.572525408e-13,0
2002770440492_Node0_Node8_Zero,2002.847008,2002.87226,0,,565,7.572525408e-13,0
2002775907961_Node0_Node8_Zero,2002.847008,2002.87226,0,,565,7.572525408e-13,0
2002781371133_Node0_Node8_Zero,2002.848898,2002.87226,0,,476,7.572525408e-13,0
2002786834176_Node0_Node8_Zero,2002.848898,2002.87226,0,,476,7.572525408e-13,0
2002792300739_Node0_Node8_Zero,2002.848898,2002.878753,0,,612,7.572525408e-13,0
2002797761249_Node0_Node8_Zero,2002.862192,2002.878753,0,,362,7.572525408e-13,0
2002803228489_Node0_Node8_Zero,2002.862192,2002.878753,0,,362,7.572525408e-13,0
2002808694385_Node0_Node8_Zero,2002.862192,2002.878753,0,,362,7.572525408e-13,0
2002814157569_Node0_Node8_Zero,2002.864222,2002.884952,0,,364,7.572525408e-13,0
2002819624410_Node0_Node8_Zero,2002.864222,2002.884952,0,,364,7.572525408e-13,0
2002825090243_Node0_Node8_Zero,2002.864222,2002.884952,0,,364,7.572525408e-13,0
2002830558586_Node0_Node8_Zero,2002.870164,2002.884952,0,,228,7.572525408e-13,0
2002836024461_Node0_Node8_Zero,2002.870164,2002.891638,0,,317,7.572525408e-13,0
2002841488509_Node0_Node8_Zero,2002.870164,2002.891638,0,,317,7.572525408e-13,0
2002846951348_Node0_Node8_Zero,2002.87677,2002.891638,0,,181,7.572525408e-13,0
2002852420727_Node0_Node8_Zero,2002.87677,2002.891638,0,,181,7.572525408e-13,0
2002857881403_Node0_Node8_Zero,2002.87677,2002.897218,0,,270,7.572525408e-13,0
2002863348534_Node0_Node8_Zero,2002.899153,2002.904992,0,,115,7.572525408e-13,0
2002868809977_Node0_Node8_Zero,2002.899153,2002.904992,0,,115,7.572525408e-13,0
2002874279099_Node0_Node8_Zero,2002.899153,2002.904992,0,,115,7.572525408e-13,0
2002890682192_Node0_Node8_Zero,2002.901066,2002.905682,0,,27,7.572525408e-13,0
2002879746873_Node0_Node8_Zero,2002.91239,2002.916301,0,,122,7.572525408e-13,0
2002885216289_Node0_Node8_Zero,2002.91239,2002.916301,0,,122,7.572525408e-13,0
2002896145770_Node0_Node8_Zero,2002.914416,2002.918251,0,,34,7.572525408e-13,0
2002901612684_Node0_Node8_Zero,2002.914416,2002.918251,0,,34,7.572525408e-13,0
2002907076343_Node0_Node8_Zero,2002.914416,2002.918251,0,,34,7.572525408e-13,0
2002912542212_Node0_Node8_Zero,2002.915186,2002.918251,0,,1,7.572525408e-13,0
2002918004693_Node0_Node8_Zero,2002.925746,2002.927246,0,,0,7.572525408e-13,0
2002923464969_Node0_Node8_Zero,2002.9289,2002.930423,0,,0,7.572525408e-13,0
2002928929426_Node0_Node8_Zero,2002.935745,2002.937106,0,,0,7.572525408e-13,0
2002934391715_Node0_Node8_Zero,2002.935745,2002.937106,0,,0,7.572525408e-13,0
2002939852807_Node0_Node8_Zero,2002.940746,2002.941547,0,,0,7.572525408e-13,0
2002945315762_Node0_Node8_Zero,2002.946249,2002.94723,0,,0,7.572525408e-13,0
2002950784550_Node0_Node8_Zero,2002.951518,2002.952239,0,,0,7.572525408e-13,0
2002956245384_Node0_Node8_Zero,2002.957059,2002.95786,0,,0,7.572525408e-13,0
2002961709784_Node0_Node8_Zero,2002.962463,2002.963164,0,,0,7.572525408e-13,0
2002967177599_Node0_Node8_Zero,2002.967911,2002.968672,0,,0,7.572525408e-13,0
2002972643851_Node0_Node8_Zero,2002.973577,2002.974459,0,,0,7.572525408e-13,0
2002978110226_Node0_Node8_Zero,2002.978904,2002.979645,0,,0,7.572525408e-13,0
2002983575672_Node0_Node8_Zero,2002.984309,2002.98515,0,,0,7.572525408e-13,0
2002989035581_Node0_Node8_Zero,2002.989849,2002.99081,0,,0,7.572525408e-13,0
2002994504893_Node0_Node8_Zero,2002.995478,2002.99646,0,,0,7.572525408e-13,0
2002999965412_Node0_Node8_Zero,2003.000839,2003.00172,0,,0,7.572525408e-13,0
2003005434490_Node0_Node8_Zero,2003.006368,2003.007069,0,,0,7.572525408e-13,0
2003010898850_Node0_Node8_Zero,2003.011792,2003.012614,0,,0,7.572525408e-13,0
2003016367106_Node0_Node8_Zero,2003.017241,2003.017982,0,,0,7.572525408e-13,0
2003021829533_Node0_Node8_Zero,2003.022543,2003.023424,0,,0,7.572525408e-13,0
2003027292450_Node0_Node8_Zero,2003.028246,2003.028927,0,,0,7.572525408e-13,0
2003032759501_Node0_Node8_Zero,2003.033593,2003.034454,0,,0,7.572525408e-13,0
2003038222386_Node0_Node8_Zero,2003.038956,2003.039837,0,,0,7.572525408e-13,0
2003043681886_Node0_Node8_Zero,2003.044435,2003.045117,0,,0,7.572525408e-13,0
2003049145864_Node0_Node8_Zero,2003.049979,2003.050941,0,,0,7.572525408e-13,0
2003054612821_Node0_Node8_Zero,2003.055446,2003.056268,0,,0,7.572525408e-13,0
2003060075012_Node0_Node8_Zero,2003.061008,2003.06171,0,,0,7.572525408e-13,0
2003065539905_Node0_Node8_Zero,2003.066513,2003.067335,0,,0,7.572525408e-13,0
2003071001540_Node0_Node8_Zero,2003.071875,2003.072856,0,,0,7.572525408e-13,0
2003076462157_Node0_Node8_Zero,2003.077356,2003.078077,0,,0,7.572525408e-13,0
2003081930785_Node0_Node8_Zero,2003.082864,2003.083545,0,,0,7.572525408e-13,0
2003087400029_Node0_Node8_Zero,2003.088233,2003.089175,0,,0,7.572525408e-13,0
2003092864462_Node0_Node8_Zero,2003.093638,2003.094539,0,,0,7.572525408e-13,0
2003098325611_Node0_Node8_Zero,2003.099239,2003.10018,0,,0,7.572525408e-13,0
2003103787401_Node0_Node8_Zero,2003.104701,2003.105422,0,,0,7.572525408e-13,0
2003109256648_Node0_Node8_Zero,2003.11021,2003.110891,0,,0,7.572525408e-13,0
2003114716342_Node0_Node8_Zero,2003.11559,2003.116331,0,,0,7.572525408e-13,0
2003120176596_Node0_Node8_Zero,2003.12099,2003.121691,0,,0,7.572525408e-13,0
2003125643138_Node0_Node8_Zero,2003.126517,2003.127298,0,,0,7.572525408e-13,0
2003131111284_Node0_Node8_Zero,2003.131865,2003.132846,0,,0,7.572525408e-13,0
2003136572224_Node0_Node8_Zero,2003.137326,2003.138227,0,,0,7.572525408e-13,0
2003142038662_Node0_Node8_Zero,2003.142832,2003.143513,0,,0,7.572525408e-13,0
2003147505650_Node0_Node8_Zero,2003.148259,2003.14902,0,,0,7.572525408e-13,0
2003152970596_Node0_Node8_Zero,2003.153684,2003.154385,0,,0,7.572525408e-13,0
2003158435050_Node0_Node8_Zero,2003.159308,2003.16017,0,,0,7.572525408e-13,0
2003163901637_Node0_Node8_Zero,2003.164695,2003.165616,0,,0,7.572525408e-13,0
2003169366347_Node0_Node8_Zero,2003.17008,2003.170881,0,,0,7.572525408e-13,0
2003174826849_Node0_Node8_Zero,2003.17564,2003.176562,0,,0,7.572525408e-13,0
2003180293133_Node0_Node8_Zero,2003.181287,2003.182168,0,,0,7.572525408e-13,0
2003185754572_Node0_Node8_Zero,2003.186728,2003.187549,0,,0,7.572525408e-13,0
2003191218748_Node0_Node8_Zero,2003.192012,2003.192933,0,,0,7.572525408e-13,0
2003196681767_Node0_Node8_Zero,2003.197655,2003.198376,0,,0,7.572525408e-13,0
2003202141304_Node0_Node8_Zero,2003.203175,2003.206196,0,,94,7.572525408e-13,0
2003207602051_Node0_Node8_Zero,2003.211755,2003.212426,0,,0,7.572525408e-13,0
2003218524905_Node0_Node8_Zero,2003.227913,2003.229304,0,,0,7.572525408e-13,0
2003223994058_Node0_Node8_Zero,2003.227913,2003.229304,0,,0,7.572525408e-13,0
2003213063122_Node0_Node8_Zero,2003.232091,2003.233022,0,,0,7.572525408e-13,0
2001316955112_Node0_Node8_Zero,2003.321658,2003.322949,0,,0,7.572525408e-13,0
2001322415371_Node0_Node8_Zero,2003.321658,2003.322949,0,,0,7.572525408e-13,0
2001327875716_Node0_Node8_Zero,2003.32669,2003.330512,0,,0,7.572525408e-13,0
2001333340595_Node0_Node8_Zero,2003.32669,2003.330512,0,,0,7.572525408e-13,0
2001338808881_Node0_Node8_Zero,2003.32669,2003.330512,0,,0,7.572525408e-13,0
2001344273761_Node0_Node8_Zero,2003.32669,2003.330512,0,,0,7.572525408e-13,0
2001306028888_Node0_Node8_Zero,2003.377619,2003.37875,0,,0,7.572525408e-13,0
2001311494432_Node0_Node8_Zero,2003.377619,2003.37875,0,,0,7.572525408e-13,0
2003234928316_Node0_Node8_Zero,2003.437288,2003.438379,0,,0,7.572525408e-13,0
2003240397588_Node0_Node8_Zero,2003.437288,2003.438379,0,,0,7.572525408e-13,0
2003256787639_Node0_Node8_Zero,2003.445711,2003.446902,0,,0,7.572525408e-13,0
2003262256019_Node0_Node8_Zero,2003.445711,2003.446902,0,,0,7.572525408e-13,0
2003267717683_Node0_Node8_Zero,2003.456543,2003.473361,0,,669,7.572525408e-13,0
2003289581297_Node0_Node8_Zero,2003.46321,2003.481016,0,,492,7.572525408e-13,0
2003295042372_Node0_Node8_Zero,2003.46321,2003.481016,0,,492,7.572525408e-13,0
2003305979421_Node0_Node8_Zero,2003.469252,2003.481016,0,,225,7.572525408e-13,0
2003300510812_Node0_Node8_Zero,2003.476589,2003.481016,0,,89,7.572525408e-13,0
2003278652725_Node0_Node8_Zero,2003.491946,2003.494664,0,,89,7.572525408e-13,0
2003284119313_Node0_Node8_Zero,2003.493833,2003.496292,0,,27,7.572525408e-13,0
2003273184378_Node0_Node8_Zero,2003.510395,2003.511307,0,,0,7.572525408e-13,0
2003311447712_Node0_Node8_Zero,2003.519267,2003.520418,0,,0,7.572525408e-13,0
2003316912610_Node0_Node8_Zero,2003.519267,2003.520418,0,,0,7.572525408e-13,0
2003322378661_Node0_Node8_Zero,2003.601556,2003.60524,0,,89,7.572525408e-13,0
2003229463083_Node0_Node8_Zero,2003.624655,2003.625386,0,,0,7.572525408e-13,0
2003245863848_Node0_Node8_Zero,2003.638206,2003.639397,0,,0,7.572525408e-13,0
2003251326523_Node0_Node8_Zero,2003.638206,2003.639397,0,,0,7.572525408e-13,0
2003333306844_Node0_Node8_Zero,2003.719442,2003.724535,0,,90,7.572525408e-13,0
2003338766460_Node0_Node8_Zero,2003.719442,2003.724535,0,,90,7.572525408e-13,0
2003344230168_Node0_Node8_Zero,2003.721485,2003.725245,0,,1,7.572525408e-13,0
2003355160911_Node0_Node8_Zero,2003.733285,2003.734126,0,,0,7.572525408e-13,0
2003360622779_Node0_Node8_Zero,2003.736834,2003.741272,0,,90,7.572525408e-13,0
2003366088738_Node0_Node8_Zero,2003.738674,2003.741922,0,,90,7.572525408e-13,0
2003371554748_Node0_Node8_Zero,2003.753193,2003.755774,0,,0,7.572525408e-13,0
2003377019590_Node0_Node8_Zero,2003.755032,2003.757236,0,,33,7.572525408e-13,0
2003382488351_Node0_Node8_Zero,2003.75997,2003.764641,0,,0,7.572525408e-13,0
2003387956282_Node0_Node8_Zero,2003.763937,2003.765311,0,,0,7.572525408e-13,0
2003398882225_Node0_Node8_Zero,2003.77007,2003.774781,0,,0,7.572525408e-13,0
2003393421711_Node0_Node8_Zero,2003.77199,2003.775431,0,,0,7.572525408e-13,0
2003404343439_Node0_Node8_Zero,2003.796518,2003.820059,0,,296,7.572525408e-13,0
2003327844590_Node0_Node8_Zero,2003.799188,2003.839525,0,,375,7.572525408e-13,0
2003409806052_Node0_Node8_Zero,2003.808984,2003.836905,0,,257,7.572525408e-13,0
2003415268692_Node0_Node8_Zero,2003.811104,2003.839525,0,,290,7.572525408e-13,0
2003426192780_Node0_Node8_Zero,2003.816943,2003.839525,0,,245,7.572525408e-13,0
2003437122693_Node0_Node8_Zero,2003.831205,2003.842528,0,,256,7.572525408e-13,0
2003442584613_Node0_Node8_Zero,2003.833064,2003.842528,0,,201,7.572525408e-13,0
2003448052977_Node0_Node8_Zero,2003.845937,2003.883701,0,,354,7.572525408e-13,0
2003458986353_Node0_Node8_Zero,2003.860962,2003.925932,0,,103,7.572525408e-13,0
2003431654493_Node0_Node8_Zero,2003.863388,2003.925932,0,,37,7.572525408e-13,0
2003453522003_Node0_Node8_Zero,2003.919789,2003.92137,0,,0,7.572525408e-13,0
2003349697454_Node0_Node8_Zero,2003.943247,2003.944634,0,,1,1.4514126174381096e-13,0
2003469916374_Node0_Node8_Zero,2003.98884,2003.989561,0,,0,7.572525408e-13,0
2003475383582_Node0_Node8_Zero,2003.994671,2004.054599,0,,212,7.572525408e-13,0
2003480849043_Node0_Node8_Zero,2003.998757,2004.068914,0,,230,7.572525408e-13,0
2003486317383_Node0_Node8_Zero,2004.000636,2004.068914,0,,230,7.572525408e-13,0
2003491781180_Node0_Node8_Zero,2004.004596,2004.068914,0,,230,7.572525408e-13,0
2003497241676_Node0_Node8_Zero,2004.006455,2004.070824,0,,230,7.572525408e-13,0
2003502701616_Node0_Node8_Zero,2004.008315,2004.070824,0,,230,7.572525408e-13,0
2003508164911_Node0_Node8_Zero,2004.014486,2004.070824,0,,211,7.572525408e-13,0
2003513624533_Node0_Node8_Zero,2004.016525,2004.072774,0,,211,7.572525408e-13,0
2003519084520_Node0_Node8_Zero,2004.024171,2004.072774,0,,124,7.572525408e-13,0
2003524545261_Node0_Node8_Zero,2004.026151,2004.072774,0,,124,7.572525408e-13,0
2003530011337_Node0_Node8_Zero,2004.02809,2004.076874,0,,171,7.572525408e-13,0
2003535472382_Node0_Node8_Zero,2004.03005,2004.076874,0,,171,7.572525408e-13,0
2003540935290_Node0_Node8_Zero,2004.03291,2004.076874,0,,171,7.572525408e-13,0
2003551860373_Node0_Node8_Zero,2004.040977,2004.078784,0,,171,7.572525408e-13,0
2003464449635_Node0_Node8_Zero,2004.043117,2004.078784,0,,139,7.572525408e-13,0
2003557329822_Node0_Node8_Zero,2004.047223,2004.078784,0,,139,7.572525408e-13,0
2003546395696_Node0_Node8_Zero,2004.061691,2004.084924,0,,228,7.572525408e-13,0
2003562796323_Node0_Node8_Zero,2004.212645,2004.213556,0,,0,7.572525408e-13,0
2003420729028_Node0_Node8_Zero,2004.24997,2004.324392,1,RetryLimit,648,1.3146745500000003e-13,nan
2003568255972_Node0_Node8_Zero,2004.337016,2004.403173,0,,1005,7.572525408e-13,0
2003579186295_Node0_Node8_Zero,2004.656072,2004.660703,0,,0,7.572525408e-13,0
2003590108415_Node0_Node8_Zero,2004.672536,2004.673198,0,,0,7.572525408e-13,0
2003584648375_Node0_Node8_Zero,2004.681819,2004.684615,0,,90,7.572525408e-13,0
2003595574066_Node0_Node8_Zero,2004.686825,2004.70041,0,,160,7.572525408e-13,0
2003601037513_Node0_Node8_Zero,2004.691543,2004.710775,0,,176,7.572525408e-13,0
2003606505400_Node0_Node8_Zero,2004.695768,2004.710775,0,,101,7.572525408e-13,0
2003611973140_Node0_Node8_Zero,2004.699734,2004.710775,0,,16,7.572525408e-13,0
2003617440036_Node0_Node8_Zero,2004.702481,2004.706683,0,,16,7.572525408e-13,0
2003622903937_Node0_Node8_Zero,2004.70918,2004.731111,0,,168,7.572525408e-13,0
2003633829161_Node0_Node8_Zero,2004.723051,2004.731111,0,,168,7.572525408e-13,0
2003639290537_Node0_Node8_Zero,2004.729889,2004.731861,0,,0,7.572525408e-13,0
2003628365459_Node0_Node8_Zero,2004.746127,2004.750837,0,,41,7.572525408e-13,0
2003650214950_Node0_Node8_Zero,2004.768569,2004.76923,0,,0,7.572525408e-13,0
2003666612363_Node0_Node8_Zero,2004.836482,2004.840179,0,,89,7.572525408e-13,0
2003661145949_Node0_Node8_Zero,2004.842317,2004.843268,0,,0,7.572525408e-13,0
2003672077454_Node0_Node8_Zero,2004.847648,2004.850864,0,,89,7.572525408e-13,0
2003677540836_Node0_Node8_Zero,2004.847648,2004.850864,0,,89,7.572525408e-13,0
2003683009620_Node0_Node8_Zero,2004.853035,2004.856151,0,,89,7.572525408e-13,0
2003688478968_Node0_Node8_Zero,2004.853035,2004.856151,0,,89,7.572525408e-13,0
2003693947920_Node0_Node8_Zero,2004.855058,2004.857381,0,,1,7.572525408e-13,0
2003699410958_Node0_Node8_Zero,2004.855058,2004.857381,0,,1,7.572525408e-13,0
2003704873383_Node0_Node8_Zero,2004.861615,2004.862706,0,,0,7.572525408e-13,0
2003710342419_Node0_Node8_Zero,2004.861615,2004.862706,0,,0,7.572525408e-13,0
2003715804929_Node0_Node8_Zero,2004.864838,2004.867914,0,,89,7.572525408e-13,0
2003721271235_Node0_Node8_Zero,2004.864838,2004.867914,0,,89,7.572525408e-13,0
2003726733332_Node0_Node8_Zero,2004.870066,2004.873322,0,,89,7.572525408e-13,0
2003732201237_Node0_Node8_Zero,2004.870066,2004.873322,0,,89,7.572525408e-13,0
2003737667258_Node0_Node8_Zero,2004.875498,2004.886751,0,,448,7.572525408e-13,0
2003743136444_Node0_Node8_Zero,2004.875498,2004.886751,0,,448,7.572525408e-13,0
2003748600475_Node0_Node8_Zero,2004.877361,2004.888341,0,,360,7.572525408e-13,0
2003754068921_Node0_Node8_Zero,2004.877361,2004.888341,0,,360,7.572525408e-13,0
2003759537471_Node0_Node8_Zero,2004.88112,2004.888341,0,,182,7.572525408e-13,0
2003781406160_Node0_Node8_Zero,2004.898129,2004.89926,0,,0,7.572525408e-13,0
2003786867138_Node0_Node8_Zero,2004.898129,2004.89926,0,,0,7.572525408e-13,0
2003770471201_Node0_Node8_Zero,2004.906265,2004.909756,0,,89,7.572525408e-13,0
2003775939967_Node0_Node8_Zero,2004.906265,2004.909756,0,,89,7.572525408e-13,0
2003765006368_Node0_Node8_Zero,2004.919242,2004.920073,0,,0,7.572525408e-13,0
2003792334534_Node0_Node8_Zero,2004.947915,2004.951597,0,,89,7.572525408e-13,0
2003797796537_Node0_Node8_Zero,2004.947915,2004.951597,0,,89,7.572525408e-13,0
2003814188560_Node0_Node8_Zero,2005.14451,2005.152172,0,,182,7.572525408e-13,0
2003819650094_Node0_Node8_Zero,2005.150454,2005.153065,0,,1,7.572525408e-13,0
2003825114044_Node0_Node8_Zero,2005.16007,2005.161872,0,,0,7.572525408e-13,0
2003852433714_Node0_Node8_Zero,2005.178618,2005.188045,0,,267,7.572525408e-13,0
2003836040076_Node0_Node8_Zero,2005.19051,2005.281076,0,,3349,7.572525408e-13,0
2003841505877_Node0_Node8_Zero,2005.19051,2005.281076,0,,3349,7.572525408e-13,0
2003846971795_Node0_Node8_Zero,2005.194178,2005.485546,1,RetryLimit,10211,0,nan
2003868824221_Node0_Node8_Zero,2005.204027,2005.485546,1,RetryLimit,9939,0,nan
2003874291921_Node0_Node8_Zero,2005.204027,2005.485546,1,RetryLimit,9939,0,nan
2003879758048_Node0_Node8_Zero,2005.207382,2005.485546,1,RetryLimit,9850,0,nan
2003885226380_Node0_Node8_Zero,2005.207382,2005.487492,0,,9850,7.572525408e-13,0
2003890691092_Node0_Node8_Zero,2005.207382,2005.487492,0,,9850,7.572525408e-13,0
2003896158160_Node0_Node8_Zero,2005.209309,2005.487492,0,,9762,7.572525408e-13,0
2003901627161_Node0_Node8_Zero,2005.209309,2005.487492,0,,9762,7.572525408e-13,0
2003907089814_Node0_Node8_Zero,2005.209309,2005.489422,0,,9762,7.572525408e-13,0
2003912558429_Node0_Node8_Zero,2005.211456,2005.489422,0,,9673,7.572525408e-13,0
2003918023650_Node0_Node8_Zero,2005.211456,2005.489422,0,,9673,7.572525408e-13,0
2003923490373_Node0_Node8_Zero,2005.211456,2005.489422,0,,9673,7.572525408e-13,0
2003928958357_Node0_Node8_Zero,2005.213403,2005.491532,0,,9584,7.572525408e-13,0
2003934422671_Node0_Node8_Zero,2005.213403,2005.491532,0,,9584,7.572525408e-13,0
2003939885767_Node0_Node8_Zero,2005.213403,2005.491532,0,,9584,7.572525408e-13,0
2003945353953_Node0_Node8_Zero,2005.21549,2005.491532,0,,9495,7.572525408e-13,0
2003950814310_Node0_Node8_Zero,2005.21549,2005.493642,0,,9495,7.572525408e-13,0
2003956275990_Node0_Node8_Zero,2005.21549,2005.493642,0,,9495,7.572525408e-13,0
2003961740144_Node0_Node8_Zero,2005.217557,2005.493642,0,,9406,7.572525408e-13,0
2003967202061_Node0_Node8_Zero,2005.217557,2005.493642,0,,9406,7.572525408e-13,0
2003972664720_Node0_Node8_Zero,2005.217557,2005.495592,0,,9406,7.572525408e-13,0
2003978126912_Node0_Node8_Zero,2005.219683,2005.495592,0,,9317,7.572525408e-13,0
2003983587512_Node0_Node8_Zero,2005.219683,2005.495592,0,,9317,7.572525408e-13,0
2003989047025_Node0_Node8_Zero,2005.219683,2005.495592,0,,9317,7.572525408e-13,0
2003994515988_Node0_Node8_Zero,2005.22157,2005.497682,0,,9228,7.572525408e-13,0
2003999984136_Node0_Node8_Zero,2005.22157,2005.497682,0,,9228,7.572525408e-13,0
2004005446271_Node0_Node8_Zero,2005.22157,2005.497682,0,,9228,7.572525408e-13,0
2004010908834_Node0_Node8_Zero,2005.223617,2005.497682,0,,9139,7.572525408e-13,0
2004016375583_Node0_Node8_Zero,2005.223617,2005.499872,0,,9139,7.572525408e-13,0
2004021839831_Node0_Node8_Zero,2005.223617,2005.499872,0,,9139,7.572525408e-13,0
2004027302910_Node0_Node8_Zero,2005.225504,2005.499872,0,,9050,7.572525408e-13,0
2004032765723_Node0_Node8_Zero,2005.225504,2005.499872,0,,9050,7.572525408e-13,0
2004038234608_Node0_Node8_Zero,2005.225504,2005.502002,0,,9050,7.572525408e-13,0
2004043699953_Node0_Node8_Zero,2005.227571,2005.502002,0,,8962,7.572525408e-13,0
2004049162947_Node0_Node8_Zero,2005.227571,2005.502002,0,,8962,7.572525408e-13,0
2004054630370_Node0_Node8_Zero,2005.227571,2005.502002,0,,8962,7.572525408e-13,0
2004060095849_Node0_Node8_Zero,2005.229518,2005.503952,0,,8873,7.572525408e-13,0
2004065558506_Node0_Node8_Zero,2005.229518,2005.503952,0,,8873,7.572525408e-13,0
2004071022980_Node0_Node8_Zero,2005.229518,2005.503952,0,,8873,7.572525408e-13,0
2004092874227_Node0_Node8_Zero,2005.232503,2005.503952,0,,8778,7.572525408e-13,0
2004098334544_Node0_Node8_Zero,2005.232503,2005.506022,0,,8778,7.572525408e-13,0
2004103803027_Node0_Node8_Zero,2005.232503,2005.506022,0,,8778,7.572525408e-13,0
2004081951482_Node0_Node8_Zero,2005.240598,2005.506022,0,,8509,7.572525408e-13,0
2004087413545_Node0_Node8_Zero,2005.240598,2005.506022,0,,8509,7.572525408e-13,0
2004109265611_Node0_Node8_Zero,2005.242545,2005.507912,0,,8420,7.572525408e-13,0
2004114728891_Node0_Node8_Zero,2005.242545,2005.507912,0,,8420,7.572525408e-13,0
2004120189984_Node0_Node8_Zero,2005.242545,2005.507912,0,,8420,7.572525408e-13,0
2004125655702_Node0_Node8_Zero,2005.247328,2005.507912,0,,8299,7.572525408e-13,0
2004131118649_Node0_Node8_Zero,2005.247328,2005.510102,0,,8299,7.572525408e-13,0
2004136586512_Node0_Node8_Zero,2005.247328,2005.510102,0,,8299,7.572525408e-13,0
2004142047428_Node0_Node8_Zero,2005.249445,2005.510102,0,,8210,7.572525408e-13,0
2004147507771_Node0_Node8_Zero,2005.249445,2005.510102,0,,8210,7.572525408e-13,0
2004152973996_Node0_Node8_Zero,2005.249445,2005.512072,0,,8210,7.572525408e-13,0
2004158436440_Node0_Node8_Zero,2005.251352,2005.512072,0,,8121,7.572525408e-13,0
2004163905807_Node0_Node8_Zero,2005.251352,2005.512072,0,,8121,7.572525408e-13,0
2004169370517_Node0_Node8_Zero,2005.251352,2005.512072,0,,8121,7.572525408e-13,0
2004174839128_Node0_Node8_Zero,2005.253239,2005.514182,0,,8032,7.572525408e-13,0
2004180303222_Node0_Node8_Zero,2005.253239,2005.514182,0,,8032,7.572525408e-13,0
2004185764320_Node0_Node8_Zero,2005.253239,2005.514182,0,,8032,7.572525408e-13,0
2004191228551_Node0_Node8_Zero,2005.255145,2005.514182,0,,7943,7.572525408e-13,0
2004196689769_Node0_Node8_Zero,2005.255145,2005.516132,0,,7943,7.572525408e-13,0
2004202151646_Node0_Node8_Zero,2005.255145,2005.516132,0,,7943,7.572525408e-13,0
2004207611892_Node0_Node8_Zero,2005.257152,2005.516132,0,,7854,7.572525408e-13,0
2004213080134_Node0_Node8_Zero,2005.257152,2005.516132,0,,7854,7.572525408e-13,0
2004218547462_Node0_Node8_Zero,2005.257152,2005.518202,0,,7854,7.572525408e-13,0
2004234934715_Node0_Node8_Zero,2005.260058,2005.518202,0,,7761,7.572525408e-13,0
2004240400177_Node0_Node8_Zero,2005.262125,2005.518202,0,,7672,7.572525408e-13,0
2004245867455_Node0_Node8_Zero,2005.262125,2005.518202,0,,7672,7.572525408e-13,0
2004251330449_Node0_Node8_Zero,2005.262125,2005.520372,0,,7672,7.572525408e-13,0
2004224007492_Node0_Node8_Zero,2005.263572,2005.520372,0,,7611,7.572525408e-13,0
2004229471066_Node0_Node8_Zero,2005.263572,2005.520372,0,,7611,7.572525408e-13,0
2004267729101_Node0_Node8_Zero,2005.266357,2005.520372,0,,7518,7.572525408e-13,0
2004273196871_Node0_Node8_Zero,2005.268424,2005.522262,0,,7429,7.572525408e-13,0
2004278666035_Node0_Node8_Zero,2005.268424,2005.522262,0,,7429,7.572525408e-13,0
2004284131445_Node0_Node8_Zero,2005.268424,2005.522262,0,,7429,7.572525408e-13,0
2004300520898_Node0_Node8_Zero,2005.27119,2005.522262,0,,7339,7.572525408e-13,0
2004256795684_Node0_Node8_Zero,2005.272537,2005.524192,0,,7278,7.572525408e-13,0
2004262263639_Node0_Node8_Zero,2005.272537,2005.524192,0,,7278,7.572525408e-13,0
2004289596911_Node0_Node8_Zero,2005.273964,2005.524192,0,,7217,7.572525408e-13,0
2004295057732_Node0_Node8_Zero,2005.273964,2005.524192,0,,7217,7.572525408e-13,0
2004305986904_Node0_Node8_Zero,2005.276091,2005.526322,0,,7129,7.572525408e-13,0
2004311455548_Node0_Node8_Zero,2005.276091,2005.526322,0,,7129,7.572525408e-13,0
2004316917521_Node0_Node8_Zero,2005.276091,2005.526322,0,,7129,7.572525408e-13,0
2004322382141_Node0_Node8_Zero,2005.277998,2005.526322,0,,7040,7.572525408e-13,0
2004327842901_Node0_Node8_Zero,2005.277998,2005.528472,0,,7040,7.572525408e-13,0
2004333304989_Node0_Node8_Zero,2005.277998,2005.528472,0,,7040,7.572525408e-13,0
2004338767660_Node0_Node8_Zero,2005.279944,2005.528472,0,,6951,7.572525408e-13,0
2004344235699_Node0_Node8_Zero,2005.279944,2005.528472,0,,6951,7.572525408e-13,0
2004349697512_Node0_Node8_Zero,2005.279944,2005.530622,0,,6951,7.572525408e-13,0
2004355159168_Node0_Node8_Zero,2005.283419,2005.530622,0,,6950,7.572525408e-13,0
2004360626058_Node0_Node8_Zero,2005.283419,2005.530622,0,,6950,7.572525408e-13,0
2004366087885_Node0_Node8_Zero,2005.283419,2005.530622,0,,6950,7.572525408e-13,0
2004371550704_Node0_Node8_Zero,2005.285466,2005.532792,0,,6862,7.572525408e-13,0
2004398882473_Node0_Node8_Zero,2005.287533,2005.532792,0,,6774,7.572525408e-13,0
2004377017494_Node0_Node8_Zero,2005.291339,2005.532792,0,,6713,7.572525408e-13,0
2004382485268_Node0_Node8_Zero,2005.291339,2005.532792,0,,6713,7.572525408e-13,0
2004387954012_Node0_Node8_Zero,2005.292746,2005.534942,0,,6652,7.572525408e-13,0
2004393414593_Node0_Node8_Zero,2005.292746,2005.534942,0,,6652,7.572525408e-13,0
2004404349959_Node0_Node8_Zero,2005.294913,2005.534942,0,,6563,7.572525408e-13,0
2004409813447_Node0_Node8_Zero,2005.294913,2005.534942,0,,6563,7.572525408e-13,0
2004415280793_Node0_Node8_Zero,2005.294913,2005.537072,0,,6563,7.572525408e-13,0
2004431673652_Node0_Node8_Zero,2005.297798,2005.537072,0,,6470,7.572525408e-13,0
2004437136578_Node0_Node8_Zero,2005.302324,2005.537072,0,,6381,7.572525408e-13,0
2004442603496_Node0_Node8_Zero,2005.302324,2005.537072,0,,6381,7.572525408e-13,0
2004448071960_Node0_Node8_Zero,2005.302324,2005.539142,0,,6381,7.572525408e-13,0
2004420744535_Node0_Node8_Zero,2005.303651,2005.539142,0,,6321,7.572525408e-13,0
2004426210615_Node0_Node8_Zero,2005.303651,2005.539142,0,,6321,7.572525408e-13,0
2004453531918_Node0_Node8_Zero,2005.305558,2005.539142,0,,6232,7.572525408e-13,0
2004459000343_Node0_Node8_Zero,2005.305558,2005.541172,0,,6232,7.572525408e-13,0
2004464465546_Node0_Node8_Zero,2005.305558,2005.541172,0,,6232,7.572525408e-13,0
2004469934905_Node0_Node8_Zero,2005.307605,2005.541172,0,,6143,7.572525408e-13,0
2004475398642_Node0_Node8_Zero,2005.307605,2005.541172,0,,6143,7.572525408e-13,0
2004480861781_Node0_Node8_Zero,2005.307605,2005.543242,0,,6143,7.572525408e-13,0
2004486328502_Node0_Node8_Zero,2005.309712,2005.543242,0,,6054,7.572525408e-13,0
2004491793768_Node0_Node8_Zero,2005.309712,2005.543242,0,,6054,7.572525408e-13,0
2004497257991_Node0_Node8_Zero,2005.309712,2005.543242,0,,6054,7.572525408e-13,0
2004502725367_Node0_Node8_Zero,2005.311779,2005.547126,0,,5965,7.572525408e-13,0
2004508190128_Node0_Node8_Zero,2005.311779,2005.547126,0,,5965,7.572525408e-13,0
2004513651711_Node0_Node8_Zero,2005.311779,2005.547126,0,,5965,7.572525408e-13,0
2004519118121_Node0_Node8_Zero,2005.313665,2005.547126,0,,5876,7.572525408e-13,0
2004524580115_Node0_Node8_Zero,2005.313665,2005.549096,0,,5876,7.572525408e-13,0
2004530046766_Node0_Node8_Zero,2005.313665,2005.549096,0,,5876,7.572525408e-13,0
2004546445579_Node0_Node8_Zero,2005.319152,2005.549096,0,,5783,7.572525408e-13,0
2004551911612_Node0_Node8_Zero,2005.321259,2005.549096,0,,5694,7.572525408e-13,0
2004557378014_Node0_Node8_Zero,2005.321259,2005.551206,0,,5694,7.572525408e-13,0
2004562846113_Node0_Node8_Zero,2005.321259,2005.551206,0,,5694,7.572525408e-13,0
2004568305913_Node0_Node8_Zero,2005.325965,2005.551206,0,,5542,7.572525408e-13,0
2004573769119_Node0_Node8_Zero,2005.325965,2005.551206,0,,5542,7.572525408e-13,0
2004579236723_Node0_Node8_Zero,2005.325965,2005.553216,0,,5542,7.572525408e-13,0
2004535514558_Node0_Node8_Zero,2005.328252,2005.553216,0,,5481,7.572525408e-13,0
2004540980016_Node0_Node8_Zero,2005.328252,2005.553216,0,,5481,7.572525408e-13,0
2004584705949_Node0_Node8_Zero,2005.330259,2005.553216,0,,5392,7.572525408e-13,0
2004590166458_Node0_Node8_Zero,2005.330259,2005.555226,0,,5392,7.572525408e-13,0
2004595633995_Node0_Node8_Zero,2005.330259,2005.555226,0,,5392,7.572525408e-13,0
2004601101040_Node0_Node8_Zero,2005.332386,2005.555226,0,,5303,7.572525408e-13,0
2004606569570_Node0_Node8_Zero,2005.332386,2005.555226,0,,5303,7.572525408e-13,0
2004612030244_Node0_Node8_Zero,2005.332386,2005.557276,0,,5303,7.572525408e-13,0
2004617495317_Node0_Node8_Zero,2005.334293,2005.557276,0,,5214,7.572525408e-13,0
2004622959628_Node0_Node8_Zero,2005.334293,2005.557276,0,,5214,7.572525408e-13,0
2004628423018_Node0_Node8_Zero,2005.334293,2005.557276,0,,5214,7.572525408e-13,0
2004633882758_Node0_Node8_Zero,2005.3362,2005.559186,0,,5125,7.572525408e-13,0
2004639344785_Node0_Node8_Zero,2005.3362,2005.559186,0,,5125,7.572525408e-13,0
2004644810172_Node0_Node8_Zero,2005.3362,2005.559186,0,,5125,7.572525408e-13,0
2004650272128_Node0_Node8_Zero,2005.340656,2005.559186,0,,5036,7.572525408e-13,0
2004655734421_Node0_Node8_Zero,2005.340656,2005.561276,0,,5036,7.572525408e-13,0
2004661202582_Node0_Node8_Zero,2005.340656,2005.561276,0,,5036,7.572525408e-13,0
2004666662509_Node0_Node8_Zero,2005.342763,2005.561276,0,,4947,7.572525408e-13,0
2004672124796_Node0_Node8_Zero,2005.342763,2005.561276,0,,4947,7.572525408e-13,0
2004677587608_Node0_Node8_Zero,2005.342763,2005.563386,0,,4947,7.572525408e-13,0
2004683055340_Node0_Node8_Zero,2005.344929,2005.563386,0,,4858,7.572525408e-13,0
2004688524067_Node0_Node8_Zero,2005.344929,2005.563386,0,,4858,7.572525408e-13,0
2004693985359_Node0_Node8_Zero,2005.344929,2005.563386,0,,4858,7.572525408e-13,0
2004699449486_Node0_Node8_Zero,2005.346896,2005.565576,0,,4769,7.572525408e-13,0
2004704913539_Node0_Node8_Zero,2005.346896,2005.565576,0,,4769,7.572525408e-13,0
2004710382306_Node0_Node8_Zero,2005.346896,2005.565576,0,,4769,7.572525408e-13,0
2004715845240_Node0_Node8_Zero,2005.348863,2005.565576,0,,4680,7.572525408e-13,0
2004721308970_Node0_Node8_Zero,2005.348863,2005.567486,0,,4680,7.572525408e-13,0
2004726777138_Node0_Node8_Zero,2005.348863,2005.567486,0,,4680,7.572525408e-13,0
2004743169193_Node0_Node8_Zero,2005.351509,2005.567486,0,,4587,7.572525408e-13,0
2004748633578_Node0_Node8_Zero,2005.353656,2005.567486,0,,4498,7.572525408e-13,0
2004754100161_Node0_Node8_Zero,2005.353656,2005.569616,0,,4498,7.572525408e-13,0
2004759560886_Node0_Node8_Zero,2005.353656,2005.569616,0,,4498,7.572525408e-13,0
2004732242110_Node0_Node8_Zero,2005.357761,2005.569616,0,,4437,7.572525408e-13,0
2004737704030_Node0_Node8_Zero,2005.357761,2005.569616,0,,4437,7.572525408e-13,0
2004765025602_Node0_Node8_Zero,2005.359768,2005.571626,0,,4348,7.572525408e-13,0
2004770490718_Node0_Node8_Zero,2005.359768,2005.571626,0,,4348,7.572525408e-13,0
2004775960079_Node0_Node8_Zero,2005.359768,2005.571626,0,,4348,7.572525408e-13,0
2004781421047_Node0_Node8_Zero,2005.361775,2005.571626,0,,4259,7.572525408e-13,0
2004786890503_Node0_Node8_Zero,2005.361775,2005.573676,0,,4259,7.572525408e-13,0
2004792359615_Node0_Node8_Zero,2005.361775,2005.573676,0,,4259,7.572525408e-13,0
2004797820730_Node0_Node8_Zero,2005.363722,2005.573676,0,,4170,7.572525408e-13,0
2004803286807_Node0_Node8_Zero,2005.363722,2005.573676,0,,4170,7.572525408e-13,0
2004808746957_Node0_Node8_Zero,2005.363722,2005.575586,0,,4170,7.572525408e-13,0
2004814216200_Node0_Node8_Zero,2005.365629,2005.575586,0,,4081,7.572525408e-13,0
2004819679068_Node0_Node8_Zero,2005.365629,2005.575586,0,,4081,7.572525408e-13,0
2004825140588_Node0_Node8_Zero,2005.365629,2005.575586,0,,4081,7.572525408e-13,0
2004830609018_Node0_Node8_Zero,2005.367716,2005.577476,0,,3992,7.572525408e-13,0
2004836073122_Node0_Node8_Zero,2005.367716,2005.577476,0,,3992,7.572525408e-13,0
2004841535343_Node0_Node8_Zero,2005.367716,2005.577476,0,,3992,7.572525408e-13,0
2004846999324_Node0_Node8_Zero,2005.372232,2005.577476,0,,3903,7.572525408e-13,0
2004852459116_Node0_Node8_Zero,2005.372232,2005.579406,0,,3903,7.572525408e-13,0
2004857924123_Node0_Node8_Zero,2005.372232,2005.579406,0,,3903,7.572525408e-13,0
2004879769194_Node0_Node8_Zero,2005.376215,2005.579406,0,,3725,7.572525408e-13,0
2004885237296_Node0_Node8_Zero,2005.376215,2005.579406,0,,3725,7.572525408e-13,0
2004890699815_Node0_Node8_Zero,2005.376215,2005.581576,0,,3725,7.572525408e-13,0
2004863385984_Node0_Node8_Zero,2005.378362,2005.581576,0,,3636,7.572525408e-13,0
2004868846260_Node0_Node8_Zero,2005.378362,2005.581576,0,,3636,7.572525408e-13,0
2004874305938_Node0_Node8_Zero,2005.378362,2005.581576,0,,3636,7.572525408e-13,0
2004896167124_Node0_Node8_Zero,2005.380289,2005.583706,0,,3547,7.572525408e-13,0
2004901627271_Node0_Node8_Zero,2005.380289,2005.583706,0,,3547,7.572525408e-13,0
2004907089135_Node0_Node8_Zero,2005.380289,2005.583706,0,,3547,7.572525408e-13,0
2004928945363_Node0_Node8_Zero,2005.383474,2005.583706,0,,3452,7.572525408e-13,0
2004934414569_Node0_Node8_Zero,2005.383474,2005.585656,0,,3452,7.572525408e-13,0
2004939883210_Node0_Node8_Zero,2005.383474,2005.585656,0,,3452,7.572525408e-13,0
2004912553793_Node0_Node8_Zero,2005.386601,2005.585656,0,,3363,7.572525408e-13,0
2004918020803_Node0_Node8_Zero,2005.386601,2005.585656,0,,3363,7.572525408e-13,0
2004923483257_Node0_Node8_Zero,2005.386601,2005.587766,0,,3363,7.572525408e-13,0
2004945346821_Node0_Node8_Zero,2005.388648,2005.587766,0,,3274,7.572525408e-13,0
2004950810723_Node0_Node8_Zero,2005.388648,2005.587766,0,,3274,7.572525408e-13,0
2004956274876_Node0_Node8_Zero,2005.388648,2005.587766,0,,3274,7.572525408e-13,0
2004961737759_Node0_Node8_Zero,2005.390715,2005.589896,0,,3185,7.572525408e-13,0
2004967205889_Node0_Node8_Zero,2005.390715,2005.589896,0,,3185,7.572525408e-13,0
2004972667589_Node0_Node8_Zero,2005.390715,2005.589896,0,,3185,7.572525408e-13,0
2004978130536_Node0_Node8_Zero,2005.392841,2005.589896,0,,3096,7.572525408e-13,0
2004983593110_Node0_Node8_Zero,2005.392841,2005.591826,0,,3096,7.572525408e-13,0
2004989059505_Node0_Node8_Zero,2005.392841,2005.591826,0,,3096,7.572525408e-13,0
2004994520158_Node0_Node8_Zero,2005.394988,2005.591826,0,,3008,7.572525408e-13,0
2004999983310_Node0_Node8_Zero,2005.394988,2005.591826,0,,3008,7.572525408e-13,0
2005005448506_Node0_Node8_Zero,2005.394988,2005.593836,0,,3008,7.572525408e-13,0
2005010917200_Node0_Node8_Zero,2005.396875,2005.593836,0,,2919,7.572525408e-13,0
2005016379972_Node0_Node8_Zero,2005.396875,2005.593836,0,,2919,7.572525408e-13,0
2005021844609_Node0_Node8_Zero,2005.396875,2005.593836,0,,2919,7.572525408e-13,0
2005027305100_Node0_Node8_Zero,2005.398782,2005.595986,0,,2830,7.572525408e-13,0
2005032766718_Node0_Node8_Zero,2005.398782,2005.595986,0,,2830,7.572525408e-13,0
2005038235771_Node0_Node8_Zero,2005.398782,2005.595986,0,,2830,7.572525408e-13,0
2005049166033_Node0_Node8_Zero,2005.402426,2005.595986,0,,2733,7.572525408e-13,0
2005054631713_Node0_Node8_Zero,2005.402426,2005.597996,0,,2733,7.572525408e-13,0
2005043701660_Node0_Node8_Zero,2005.404572,2005.597996,0,,2698,7.572525408e-13,0
2005060091449_Node0_Node8_Zero,2005.410672,2005.597996,0,,2610,7.572525408e-13,0
2005065558279_Node0_Node8_Zero,2005.410672,2005.597996,0,,2610,7.572525408e-13,0
2005071022785_Node0_Node8_Zero,2005.410672,2005.599946,0,,2610,7.572525408e-13,0
2005076484038_Node0_Node8_Zero,2005.412559,2005.599946,0,,2522,7.572525408e-13,0
2005081949062_Node0_Node8_Zero,2005.412559,2005.599946,0,,2522,7.572525408e-13,0
2005087416920_Node0_Node8_Zero,2005.412559,2005.599946,0,,2522,7.572525408e-13,0
2005092885545_Node0_Node8_Zero,2005.414706,2005.602056,0,,2433,7.572525408e-13,0
2005098354225_Node0_Node8_Zero,2005.414706,2005.602056,0,,2433,7.572525408e-13,0
2005103822634_Node0_Node8_Zero,2005.414706,2005.602056,0,,2433,7.572525408e-13,0
2005109291822_Node0_Node8_Zero,2005.416872,2005.602056,0,,2344,7.572525408e-13,0
2005114753698_Node0_Node8_Zero,2005.416872,2005.604166,0,,2344,7.572525408e-13,0
2005120219764_Node0_Node8_Zero,2005.416872,2005.604166,0,,2344,7.572525408e-13,0
2005125688948_Node0_Node8_Zero,2005.418859,2005.604166,0,,2255,7.572525408e-13,0
2005131157371_Node0_Node8_Zero,2005.418859,2005.604166,0,,2255,7.572525408e-13,0
2005136617460_Node0_Node8_Zero,2005.418859,2005.606056,0,,2255,7.572525408e-13,0
2005142082861_Node0_Node8_Zero,2005.420846,2005.606056,0,,2166,7.572525408e-13,0
2005147544182_Node0_Node8_Zero,2005.420846,2005.606056,0,,2166,7.572525408e-13,0
2005153009681_Node0_Node8_Zero,2005.420846,2005.606056,0,,2166,7.572525408e-13,0
2005158474393_Node0_Node8_Zero,2005.422773,2005.608006,0,,2078,7.572525408e-13,0
2005163937797_Node0_Node8_Zero,2005.422773,2005.608006,0,,2078,7.572525408e-13,0
2005169406910_Node0_Node8_Zero,2005.422773,2005.608006,0,,2078,7.572525408e-13,0
2005174874048_Node0_Node8_Zero,2005.42484,2005.608006,0,,1989,7.572525408e-13,0
2005180338788_Node0_Node8_Zero,2005.42484,2005.610116,0,,1989,7.572525408e-13,0
2005185807561_Node0_Node8_Zero,2005.42484,2005.610116,0,,1989,7.572525408e-13,0
2005191273857_Node0_Node8_Zero,2005.426807,2005.610116,0,,1900,7.572525408e-13,0
2005196737390_Node0_Node8_Zero,2005.426807,2005.610116,0,,1900,7.572525408e-13,0
2005202205632_Node0_Node8_Zero,2005.426807,2005.612046,0,,1900,7.572525408e-13,0
2005207669501_Node0_Node8_Zero,2005.428714,2005.612046,0,,1811,7.572525408e-13,0
2005213135287_Node0_Node8_Zero,2005.428714,2005.612046,0,,1811,7.572525408e-13,0
2005218598813_Node0_Node8_Zero,2005.428714,2005.612046,0,,1811,7.572525408e-13,0
2005224065313_Node0_Node8_Zero,2005.430641,2005.614036,0,,1722,7.572525408e-13,0
2005229529256_Node0_Node8_Zero,2005.430641,2005.614036,0,,1722,7.572525408e-13,0
2005234993854_Node0_Node8_Zero,2005.430641,2005.614036,0,,1722,7.572525408e-13,0
2005240461642_Node0_Node8_Zero,2005.432707,2005.614036,0,,1633,7.572525408e-13,0
2005245925182_Node0_Node8_Zero,2005.432707,2005.616146,0,,1633,7.572525408e-13,0
2005251393377_Node0_Node8_Zero,2005.432707,2005.616146,0,,1633,7.572525408e-13,0
2005256862389_Node0_Node8_Zero,2005.434874,2005.616146,0,,1545,7.572525408e-13,0
2005262330753_Node0_Node8_Zero,2005.434874,2005.616146,0,,1545,7.572525408e-13,0
2005267795210_Node0_Node8_Zero,2005.434874,2005.618236,0,,1545,7.572525408e-13,0
2005273263458_Node0_Node8_Zero,2005.437001,2005.618236,0,,1456,7.572525408e-13,0
2005278724026_Node0_Node8_Zero,2005.437001,2005.618236,0,,1456,7.572525408e-13,0
2005284188919_Node0_Node8_Zero,2005.437001,2005.618236,0,,1456,7.572525408e-13,0
2005289656623_Node0_Node8_Zero,2005.439068,2005.620126,0,,1367,7.572525408e-13,0
2005295122596_Node0_Node8_Zero,2005.439068,2005.620126,0,,1367,7.572525408e-13,0
2005300586181_Node0_Node8_Zero,2005.439068,2005.620126,0,,1367,7.572525408e-13,0
2005306048850_Node0_Node8_Zero,2005.441075,2005.620126,0,,1278,7.572525408e-13,0
2005311512114_Node0_Node8_Zero,2005.441075,2005.622016,0,,1278,7.572525408e-13,0
2005316978973_Node0_Node8_Zero,2005.441075,2005.622016,0,,1278,7.572525408e-13,0
2005338837616_Node0_Node8_Zero,2005.4442,2005.622016,0,,1183,7.572525408e-13,0
2005344297690_Node0_Node8_Zero,2005.4442,2005.622016,0,,1183,7.572525408e-13,0
2005349765602_Node0_Node8_Zero,2005.4442,2005.624046,0,,1183,7.572525408e-13,0
2005322446115_Node0_Node8_Zero,2005.446127,2005.624046,0,,1094,7.572525408e-13,0
2005327909795_Node0_Node8_Zero,2005.446127,2005.624046,0,,1094,7.572525408e-13,0
2005333371048_Node0_Node8_Zero,2005.446127,2005.624046,0,,1094,7.572525408e-13,0
2005355228298_Node0_Node8_Zero,2005.448133,2005.626036,0,,1005,7.572525408e-13,0
2005360689971_Node0_Node8_Zero,2005.448133,2005.626036,0,,1005,7.572525408e-13,0
2005366155361_Node0_Node8_Zero,2005.448133,2005.626036,0,,1005,7.572525408e-13,0
2005388008192_Node0_Node8_Zero,2005.451398,2005.626036,0,,910,7.572525408e-13,0
2005393475316_Node0_Node8_Zero,2005.451398,2005.628146,0,,910,7.572525408e-13,0
2005398940832_Node0_Node8_Zero,2005.451398,2005.628146,0,,910,7.572525408e-13,0
2005371616973_Node0_Node8_Zero,2005.453765,2005.628146,0,,821,7.572525408e-13,0
2005377083701_Node0_Node8_Zero,2005.453765,2005.628146,0,,821,7.572525408e-13,0
2005382543753_Node0_Node8_Zero,2005.453765,2005.630216,0,,821,7.572525408e-13,0
2005415331189_Node0_Node8_Zero,2005.456831,2005.630216,0,,728,7.572525408e-13,0
2005420799533_Node0_Node8_Zero,2005.458837,2005.630216,0,,639,7.572525408e-13,0
2005426265391_Node0_Node8_Zero,2005.458837,2005.630216,0,,639,7.572525408e-13,0
2005431726034_Node0_Node8_Zero,2005.458837,2005.635835,0,,639,7.572525408e-13,0
2005404404317_Node0_Node8_Zero,2005.460364,2005.635835,0,,578,7.572525408e-13,0
2005409866889_Node0_Node8_Zero,2005.460364,2005.635835,0,,578,7.572525408e-13,0
2005437189638_Node0_Node8_Zero,2005.462251,2005.633258,0,,489,7.572525408e-13,0
2005442651478_Node0_Node8_Zero,2005.462251,2005.638016,0,,489,7.572525408e-13,0
2005448113526_Node0_Node8_Zero,2005.462251,2005.638016,0,,489,7.572525408e-13,0
2005453576095_Node0_Node8_Zero,2005.463598,2005.638016,0,,428,7.572525408e-13,0
2005459042167_Node0_Node8_Zero,2005.463598,2005.638016,0,,428,7.572525408e-13,0
2005464506458_Node0_Node8_Zero,2005.46528,2005.639946,0,,395,7.572525408e-13,0
2003857895124_Node0_Node8_Zero,2005.472613,2005.639946,0,,217,7.572525408e-13,0
2003863364118_Node0_Node8_Zero,2005.472613,2005.639946,0,,217,7.572525408e-13,0
2005469971300_Node0_Node8_Zero,2005.47363,2005.639946,0,,184,7.572525408e-13,0
2004076483148_Node0_Node8_Zero,2005.652017,2005.652998,0,,0,7.572525408e-13,0
2003644754968_Node0_Node8_Zero,2005.736715,2005.737436,0,,0,7.572525408e-13,0
2003830574566_Node0_Node8_Zero,2005.908505,2005.909316,0,,0,7.572525408e-13,0
2005475437783_Node0_Node8_Zero,2006.146207,2006.148538,0,,0,7.572525408e-13,0
2005491827830_Node0_Node8_Zero,2006.363162,2006.483668,0,,3563,7.572525408e-13,0
2005497297136_Node0_Node8_Zero,2006.363162,2006.483668,0,,3563,7.572525408e-13,0
2005502760549_Node0_Node8_Zero,2006.366889,2006.485608,0,,3386,7.572525408e-13,0
2005508223245_Node0_Node8_Zero,2006.383838,2006.485608,0,,2719,7.572525408e-13,0
2005519155328_Node0_Node8_Zero,2006.390075,2006.485608,0,,2544,7.572525408e-13,0
2005535549183_Node0_Node8_Zero,2006.454443,2006.485608,0,,1032,7.572525408e-13,0
2005546476454_Node0_Node8_Zero,2006.539934,2006.542597,0,,88,7.572525408e-13,0
2005557406565_Node0_Node8_Zero,2006.657664,2006.660438,0,,0,7.572525408e-13,0
2005562867556_Node0_Node8_Zero,2006.670132,2006.67219,0,,0,7.572525408e-13,0
2005551941827_Node0_Node8_Zero,2007.222568,2007.237934,0,,518,7.572525408e-13,0
2005573792191_Node0_Node8_Zero,2007.224428,2007.239129,0,,429,7.572525408e-13,0
2005584719973_Node0_Node8_Zero,2007.232487,2007.239129,0,,181,7.572525408e-13,0
2005595649430_Node0_Node8_Zero,2007.257683,2007.310242,0,,1155,7.572525408e-13,0
2005606576292_Node0_Node8_Zero,2007.264522,2007.371907,0,,903,7.572525408e-13,0
2005612039289_Node0_Node8_Zero,2007.303866,2007.371907,0,,136,7.572525408e-13,0
2005601109996_Node0_Node8_Zero,2007.35521,2007.371907,0,,0,7.572525408e-13,0
2005633887877_Node0_Node8_Zero,2007.380395,2007.382154,0,,0,7.572525408e-13,0
2005628425109_Node0_Node8_Zero,2007.384757,2007.389065,0,,89,7.572525408e-13,0
2005650276924_Node0_Node8_Zero,2007.398192,2007.402869,0,,130,7.572525408e-13,0
2005655738548_Node0_Node8_Zero,2007.41491,2007.417526,0,,90,7.572525408e-13,0
2005666664157_Node0_Node8_Zero,2007.41681,2007.418396,0,,1,7.572525408e-13,0
2005661199033_Node0_Node8_Zero,2007.420671,2007.421332,0,,0,7.572525408e-13,0
2005672125414_Node0_Node8_Zero,2007.423438,2007.424099,0,,0,7.572525408e-13,0
2005677592391_Node0_Node8_Zero,2007.426144,2007.433607,0,,99,7.572525408e-13,0
2005693987214_Node0_Node8_Zero,2007.437871,2007.43957,0,,0,7.572525408e-13,0
2005688520125_Node0_Node8_Zero,2007.458669,2007.465446,0,,145,7.572525408e-13,0
2005644816717_Node0_Node8_Zero,2007.468671,2007.469592,0,,0,7.572525408e-13,0
2005704922366_Node0_Node8_Zero,2007.489743,2007.490424,0,,0,7.572525408e-13,0
2005699454533_Node0_Node8_Zero,2007.492387,2007.495023,0,,0,7.572525408e-13,0
2005710388539_Node0_Node8_Zero,2007.494334,2007.495713,0,,0,7.572525408e-13,0
2005715848912_Node0_Node8_Zero,2007.505577,2007.506258,0,,0,7.572525408e-13,0
2005721317733_Node0_Node8_Zero,2007.508423,2007.51946,0,,179,7.572525408e-13,0
2005726785243_Node0_Node8_Zero,2007.510303,2007.522545,0,,269,7.572525408e-13,0
2005732254688_Node0_Node8_Zero,2007.512223,2007.522545,0,,269,7.572525408e-13,0
2005748649374_Node0_Node8_Zero,2007.524861,2007.525562,0,,0,7.572525408e-13,0
2005759575645_Node0_Node8_Zero,2007.553799,2007.55462,0,,0,7.572525408e-13,0
2005754114369_Node0_Node8_Zero,2007.556906,2007.557727,0,,0,7.572525408e-13,0
2005775970428_Node0_Node8_Zero,2007.584759,2007.585441,0,,0,7.572525408e-13,0
2005770504442_Node0_Node8_Zero,2007.588564,2007.594452,0,,90,7.572525408e-13,0
2005781434557_Node0_Node8_Zero,2007.590471,2007.59519,0,,90,7.572525408e-13,0
2005786895747_Node0_Node8_Zero,2007.606629,2007.60737,0,,0,7.572525408e-13,0
2005803288142_Node0_Node8_Zero,2007.615288,2007.629273,0,,414,7.572525408e-13,0
2005808752357_Node0_Node8_Zero,2007.615288,2007.629273,0,,414,7.572525408e-13,0
2005814217958_Node0_Node8_Zero,2007.623048,2007.637318,0,,415,7.572525408e-13,0
2005819684413_Node0_Node8_Zero,2007.623048,2007.637318,0,,415,7.572525408e-13,0
2005825147378_Node0_Node8_Zero,2007.628172,2007.637318,0,,179,7.572525408e-13,0
2005830612901_Node0_Node8_Zero,2007.628172,2007.637318,0,,179,7.572525408e-13,0
2005836075156_Node0_Node8_Zero,2007.631522,2007.639308,0,,178,7.572525408e-13,0
2005841543682_Node0_Node8_Zero,2007.631522,2007.639308,0,,178,7.572525408e-13,0
2005847012629_Node0_Node8_Zero,2007.633344,2007.639308,0,,90,7.572525408e-13,0
2005852479381_Node0_Node8_Zero,2007.633344,2007.639308,0,,90,7.572525408e-13,0
2005857948403_Node0_Node8_Zero,2007.641768,2007.660861,0,,804,7.572525408e-13,0
2005863415765_Node0_Node8_Zero,2007.641768,2007.660861,0,,804,7.572525408e-13,0
2005868881208_Node0_Node8_Zero,2007.64361,2007.662766,0,,716,7.572525408e-13,0
2005874348148_Node0_Node8_Zero,2007.64361,2007.662766,0,,716,7.572525408e-13,0
2005879814650_Node0_Node8_Zero,2007.645433,2007.662766,0,,627,7.572525408e-13,0
2005885283714_Node0_Node8_Zero,2007.645433,2007.662766,0,,627,7.572525408e-13,0
2005890746683_Node0_Node8_Zero,2007.649258,2007.664716,0,,449,7.572525408e-13,0
2005896215947_Node0_Node8_Zero,2007.649258,2007.664716,0,,449,7.572525408e-13,0
2005901678946_Node0_Node8_Zero,2007.651161,2007.664716,0,,360,7.572525408e-13,0
2005907143215_Node0_Node8_Zero,2007.651161,2007.664716,0,,360,7.572525408e-13,0
2005912605139_Node0_Node8_Zero,2007.653003,2007.665546,0,,271,7.572525408e-13,0
2005934454326_Node0_Node8_Zero,2007.669728,2007.671099,0,,0,7.572525408e-13,0
2005939914670_Node0_Node8_Zero,2007.669728,2007.671099,0,,0,7.572525408e-13,0
2005918066518_Node0_Node8_Zero,2007.692005,2007.695016,0,,89,7.572525408e-13,0
2005945382871_Node0_Node8_Zero,2007.719329,2007.726752,0,,268,7.572525408e-13,0
2005950848637_Node0_Node8_Zero,2007.719329,2007.726752,0,,268,7.572525408e-13,0
2005967248631_Node0_Node8_Zero,2007.725651,2007.728062,0,,1,7.572525408e-13,0
2005972717197_Node0_Node8_Zero,2007.725651,2007.728062,0,,1,7.572525408e-13,0
2005956316187_Node0_Node8_Zero,2007.730304,2007.734945,0,,178,7.572525408e-13,0
2005978181274_Node0_Node8_Zero,2007.734072,2007.736295,0,,1,7.572525408e-13,0
2005983649711_Node0_Node8_Zero,2007.734072,2007.736295,0,,1,7.572525408e-13,0
2005961782907_Node0_Node8_Zero,2007.741155,2007.752466,0,,444,7.572525408e-13,0
2005989115570_Node0_Node8_Zero,2007.743158,2007.754349,0,,356,7.572525408e-13,0
2005994576538_Node0_Node8_Zero,2007.743158,2007.754349,0,,356,7.572525408e-13,0
2006000044872_Node0_Node8_Zero,2007.744981,2007.754349,0,,267,7.572525408e-13,0
2006005507545_Node0_Node8_Zero,2007.744981,2007.754349,0,,267,7.572525408e-13,0
2006010967857_Node0_Node8_Zero,2007.749627,2007.755519,0,,89,7.572525408e-13,0
2006016434990_Node0_Node8_Zero,2007.749627,2007.755519,0,,89,7.572525408e-13,0
2006021901156_Node0_Node8_Zero,2007.757806,2007.775802,0,,712,7.572525408e-13,0
2006027362855_Node0_Node8_Zero,2007.757806,2007.775802,0,,712,7.572525408e-13,0
2006032823852_Node0_Node8_Zero,2007.759829,2007.777882,0,,624,7.572525408e-13,0
2006038289835_Node0_Node8_Zero,2007.759829,2007.777882,0,,624,7.572525408e-13,0
2006043749469_Node0_Node8_Zero,2007.761691,2007.777882,0,,535,7.572525408e-13,0
2006049213588_Node0_Node8_Zero,2007.761691,2007.777882,0,,535,7.572525408e-13,0
2006054675790_Node0_Node8_Zero,2007.765377,2007.779912,0,,357,7.572525408e-13,0
2006060135979_Node0_Node8_Zero,2007.765377,2007.779912,0,,357,7.572525408e-13,0
2006065603329_Node0_Node8_Zero,2007.767239,2007.779912,0,,268,7.572525408e-13,0
2006071064889_Node0_Node8_Zero,2007.767239,2007.779912,0,,268,7.572525408e-13,0
2006076526326_Node0_Node8_Zero,2007.770449,2007.780562,0,,179,7.572525408e-13,0
2006087454822_Node0_Node8_Zero,2007.782609,2007.78372,0,,0,7.572525408e-13,0
2006092922295_Node0_Node8_Zero,2007.782609,2007.78372,0,,0,7.572525408e-13,0
2006098382831_Node0_Node8_Zero,2007.785999,2007.804149,0,,712,7.572525408e-13,0
2006103847383_Node0_Node8_Zero,2007.785999,2007.804149,0,,712,7.572525408e-13,0
2006109311569_Node0_Node8_Zero,2007.787961,2007.806056,0,,624,7.572525408e-13,0
2006114774393_Node0_Node8_Zero,2007.787961,2007.806056,0,,624,7.572525408e-13,0
2006120235055_Node0_Node8_Zero,2007.789884,2007.806056,0,,535,7.572525408e-13,0
2006125699558_Node0_Node8_Zero,2007.789884,2007.806056,0,,535,7.572525408e-13,0
2006131160391_Node0_Node8_Zero,2007.791706,2007.808086,0,,446,7.572525408e-13,0
2006136626857_Node0_Node8_Zero,2007.791706,2007.808086,0,,446,7.572525408e-13,0
2006142087635_Node0_Node8_Zero,2007.793629,2007.808086,0,,357,7.572525408e-13,0
2006147551778_Node0_Node8_Zero,2007.793629,2007.808086,0,,357,7.572525408e-13,0
2006153017275_Node0_Node8_Zero,2007.801096,2007.810016,0,,90,7.572525408e-13,0
2006158477618_Node0_Node8_Zero,2007.801096,2007.810016,0,,90,7.572525408e-13,0
2006163938188_Node0_Node8_Zero,2007.802939,2007.810016,0,,1,7.572525408e-13,0
2006169403014_Node0_Node8_Zero,2007.802939,2007.810016,0,,1,7.572525408e-13,0
2006174863772_Node0_Node8_Zero,2007.812417,2007.817517,0,,178,7.572525408e-13,0
2006180325130_Node0_Node8_Zero,2007.812417,2007.817517,0,,178,7.572525408e-13,0
2006185784768_Node0_Node8_Zero,2007.814439,2007.819507,0,,90,7.572525408e-13,0
2006191245008_Node0_Node8_Zero,2007.814439,2007.819507,0,,90,7.572525408e-13,0
2006196713200_Node0_Node8_Zero,2007.816382,2007.819507,0,,1,7.572525408e-13,0
2006202181054_Node0_Node8_Zero,2007.816382,2007.819507,0,,1,7.572525408e-13,0
2006207646964_Node0_Node8_Zero,2007.822003,2007.826861,0,,178,7.572525408e-13,0
2006213115541_Node0_Node8_Zero,2007.822003,2007.826861,0,,178,7.572525408e-13,0
2006218584941_Node0_Node8_Zero,2007.823845,2007.828111,0,,90,7.572525408e-13,0
2006224048340_Node0_Node8_Zero,2007.823845,2007.828111,0,,90,7.572525408e-13,0
2006229510108_Node0_Node8_Zero,2007.830388,2007.835429,0,,178,7.572525408e-13,0
2006234970291_Node0_Node8_Zero,2007.830388,2007.835429,0,,178,7.572525408e-13,0
2006240437468_Node0_Node8_Zero,2007.841842,2007.844898,0,,89,7.572525408e-13,0
2006245904800_Node0_Node8_Zero,2007.841842,2007.844898,0,,89,7.572525408e-13,0
2006251370717_Node0_Node8_Zero,2007.847149,2007.84828,0,,0,7.572525408e-13,0
2006256838578_Node0_Node8_Zero,2007.847149,2007.84828,0,,0,7.572525408e-13,0
2006262299182_Node0_Node8_Zero,2007.852711,2007.855747,0,,89,7.572525408e-13,0
2006267761739_Node0_Node8_Zero,2007.852711,2007.855747,0,,89,7.572525408e-13,0
2006273226074_Node0_Node8_Zero,2007.858058,2007.859149,0,,0,7.572525408e-13,0
2006278687730_Node0_Node8_Zero,2007.858058,2007.859149,0,,0,7.572525408e-13,0
2006284153361_Node0_Node8_Zero,2007.861328,2007.864324,0,,89,7.572525408e-13,0
2006289618230_Node0_Node8_Zero,2007.861328,2007.864324,0,,89,7.572525408e-13,0
2006295081949_Node0_Node8_Zero,2007.868746,2007.871902,0,,89,7.572525408e-13,0
2006300547987_Node0_Node8_Zero,2007.868746,2007.871902,0,,89,7.572525408e-13,0
2006306011236_Node0_Node8_Zero,2007.870629,2007.873092,0,,1,7.572525408e-13,0
2006311474442_Node0_Node8_Zero,2007.870629,2007.873092,0,,1,7.572525408e-13,0
2006316934020_Node0_Node8_Zero,2007.875269,2007.880309,0,,178,7.572525408e-13,0
2006322395467_Node0_Node8_Zero,2007.875269,2007.880309,0,,178,7.572525408e-13,0
2006327863477_Node0_Node8_Zero,2007.882571,2007.885545,0,,89,7.572525408e-13,0
2006333325399_Node0_Node8_Zero,2007.882571,2007.885545,0,,89,7.572525408e-13,0
2006338788101_Node0_Node8_Zero,2007.884414,2007.886875,0,,1,7.572525408e-13,0
2006344251571_Node0_Node8_Zero,2007.884414,2007.886875,0,,1,7.572525408e-13,0
2006349713774_Node0_Node8_Zero,2007.889132,2007.89401,0,,178,7.572525408e-13,0
2006355181543_Node0_Node8_Zero,2007.889132,2007.89401,0,,178,7.572525408e-13,0
2006360650238_Node0_Node8_Zero,2007.890954,2007.8961,0,,90,7.572525408e-13,0
2006366117448_Node0_Node8_Zero,2007.890954,2007.8961,0,,90,7.572525408e-13,0
2006371582526_Node0_Node8_Zero,2007.892897,2007.8961,0,,1,7.572525408e-13,0
2006377045883_Node0_Node8_Zero,2007.892897,2007.8961,0,,1,7.572525408e-13,0
2006382512951_Node0_Node8_Zero,2007.898578,2007.899729,0,,0,7.572525408e-13,0
2006387972779_Node0_Node8_Zero,2007.898578,2007.899729,0,,0,7.572525408e-13,0
2006393438661_Node0_Node8_Zero,2007.901888,2007.917581,0,,628,7.572525408e-13,0
2006398902053_Node0_Node8_Zero,2007.901888,2007.917581,0,,628,7.572525408e-13,0
2006404367230_Node0_Node8_Zero,2007.90383,2007.919691,0,,540,7.572525408e-13,0
2006409830968_Node0_Node8_Zero,2007.90383,2007.919691,0,,540,7.572525408e-13,0
2006420767428_Node0_Node8_Zero,2007.909666,2007.919691,0,,273,7.572525408e-13,0
2006426229122_Node0_Node8_Zero,2007.911874,2007.919691,0,,185,7.572525408e-13,0
2006431696082_Node0_Node8_Zero,2007.911874,2007.920581,0,,185,7.572525408e-13,0
2006437161703_Node0_Node8_Zero,2007.922711,2007.923922,0,,0,7.572525408e-13,0
2006442629643_Node0_Node8_Zero,2007.922711,2007.923922,0,,0,7.572525408e-13,0
2006081989514_Node0_Node8_Zero,2007.926163,2007.928979,0,,89,7.572525408e-13,0
2006415300089_Node0_Node8_Zero,2007.946574,2007.947525,0,,0,7.572525408e-13,0
2006459021356_Node0_Node8_Zero,2008.183294,2008.186851,0,,89,7.572525408e-13,0
2006464486418_Node0_Node8_Zero,2008.183294,2008.186851,0,,89,7.572525408e-13,0
2006469947547_Node0_Node8_Zero,2008.183294,2008.186851,0,,89,7.572525408e-13,0
2006475416533_Node0_Node8_Zero,2008.185268,2008.204564,0,,649,7.572525408e-13,0
2006480884926_Node0_Node8_Zero,2008.185268,2008.204564,0,,649,7.572525408e-13,0
2006486345414_Node0_Node8_Zero,2008.185268,2008.204564,0,,649,7.572525408e-13,0
2006502734489_Node0_Node8_Zero,2008.192524,2008.224874,0,,1054,7.572525408e-13,0
2006491807686_Node0_Node8_Zero,2008.206869,2008.226864,0,,612,7.572525408e-13,0
2006497272912_Node0_Node8_Zero,2008.206869,2008.226864,0,,612,7.572525408e-13,0
2005743181807_Node0_Node8_Zero,2008.210706,2008.226864,0,,432,7.572525408e-13,0
2006508201513_Node0_Node8_Zero,2008.21297,2008.226864,0,,339,7.572525408e-13,0
2006513669109_Node0_Node8_Zero,2008.215936,2008.235546,0,,543,7.572525408e-13,0
2006519129075_Node0_Node8_Zero,2008.215936,2008.235546,0,,543,7.572525408e-13,0
2006540987192_Node0_Node8_Zero,2008.218682,2008.235546,0,,452,7.572525408e-13,0
2006546449383_Node0_Node8_Zero,2008.218682,2008.235546,0,,452,7.572525408e-13,0
2006551910083_Node0_Node8_Zero,2008.218682,2008.237436,0,,452,7.572525408e-13,0
2006524592002_Node0_Node8_Zero,2008.221389,2008.237436,0,,363,7.572525408e-13,0
2006530055290_Node0_Node8_Zero,2008.221389,2008.237436,0,,363,7.572525408e-13,0
2006535523283_Node0_Node8_Zero,2008.221389,2008.237436,0,,363,7.572525408e-13,0
2006573770297_Node0_Node8_Zero,2008.224094,2008.264189,0,,868,7.572525408e-13,0
2006579231478_Node0_Node8_Zero,2008.224094,2008.264189,0,,868,7.572525408e-13,0
2006584692263_Node0_Node8_Zero,2008.224094,2008.264189,0,,868,7.572525408e-13,0
2006557372807_Node0_Node8_Zero,2008.229697,2008.264189,0,,779,7.572525408e-13,0
2006562841477_Node0_Node8_Zero,2008.229697,2008.266348,0,,779,7.572525408e-13,0
2006568308901_Node0_Node8_Zero,2008.229697,2008.266348,0,,779,7.572525408e-13,0
2006590156073_Node0_Node8_Zero,2008.231584,2008.266348,0,,690,7.572525408e-13,0
2006595617283_Node0_Node8_Zero,2008.231584,2008.266348,0,,690,7.572525408e-13,0
2006601085807_Node0_Node8_Zero,2008.231584,2008.288442,0,,968,7.572525408e-13,0
2006606552953_Node0_Node8_Zero,2008.233551,2008.288442,0,,879,7.572525408e-13,0
2006612014090_Node0_Node8_Zero,2008.233551,2008.288442,0,,879,7.572525408e-13,0
2006617476059_Node0_Node8_Zero,2008.233551,2008.288442,0,,879,7.572525408e-13,0
2006633861782_Node0_Node8_Zero,2008.250311,2008.289168,0,,506,7.572525408e-13,0
2006644796073_Node0_Node8_Zero,2008.515002,2008.516183,0,,0,7.572525408e-13,0
2006650260112_Node0_Node8_Zero,2008.515002,2008.516183,0,,0,7.572525408e-13,0
2006732234972_Node0_Node8_Zero,2009.153266,2009.153997,0,,0,7.572525408e-13,0
2006726768266_Node0_Node8_Zero,2009.156615,2009.157528,0,,0,7.572525408e-13,0
2006715833879_Node0_Node8_Zero,2009.18125,2009.190061,0,,356,7.572525408e-13,0
2006721300116_Node0_Node8_Zero,2009.18125,2009.190061,0,,356,7.572525408e-13,0
2006759553220_Node0_Node8_Zero,2009.183181,2009.192091,0,,268,7.572525408e-13,0
2006765014313_Node0_Node8_Zero,2009.183181,2009.192091,0,,268,7.572525408e-13,0
2006770477966_Node0_Node8_Zero,2009.183181,2009.192091,0,,268,7.572525408e-13,0
2006775943517_Node0_Node8_Zero,2009.183181,2009.192091,0,,268,7.572525408e-13,0
2006781412566_Node0_Node8_Zero,2009.185091,2009.194201,0,,179,7.572525408e-13,0
2006786876699_Node0_Node8_Zero,2009.185091,2009.194201,0,,179,7.572525408e-13,0
2006792338780_Node0_Node8_Zero,2009.185091,2009.194201,0,,179,7.572525408e-13,0
2006797806293_Node0_Node8_Zero,2009.185091,2009.194201,0,,179,7.572525408e-13,0
2006803266485_Node0_Node8_Zero,2009.187041,2009.19905,0,,181,7.572525408e-13,0
2006808734375_Node0_Node8_Zero,2009.187041,2009.19905,0,,181,7.572525408e-13,0
2006814194449_Node0_Node8_Zero,2009.187041,2009.19905,0,,181,7.572525408e-13,0
2006819663626_Node0_Node8_Zero,2009.187041,2009.19905,0,,181,7.572525408e-13,0
2006825130920_Node0_Node8_Zero,2009.188931,2009.20112,0,,92,7.572525408e-13,0
2006830595478_Node0_Node8_Zero,2009.188931,2009.20112,0,,92,7.572525408e-13,0
2006836062923_Node0_Node8_Zero,2009.188931,2009.20112,0,,92,7.572525408e-13,0
2006841522591_Node0_Node8_Zero,2009.188931,2009.20112,0,,92,7.572525408e-13,0
2006863378493_Node0_Node8_Zero,2009.197089,2009.20187,0,,1,7.572525408e-13,0
2006846982305_Node0_Node8_Zero,2009.205508,2009.213117,0,,266,7.572525408e-13,0
2006852450377_Node0_Node8_Zero,2009.205508,2009.213117,0,,266,7.572525408e-13,0
2006857915673_Node0_Node8_Zero,2009.205508,2009.213117,0,,266,7.572525408e-13,0
2006868844884_Node0_Node8_Zero,2009.20739,2009.218025,0,,269,7.572525408e-13,0
2006874308786_Node0_Node8_Zero,2009.20739,2009.218025,0,,269,7.572525408e-13,0
2006879770674_Node0_Node8_Zero,2009.20739,2009.218025,0,,269,7.572525408e-13,0
2006885230798_Node0_Node8_Zero,2009.20739,2009.218025,0,,269,7.572525408e-13,0
2006890696342_Node0_Node8_Zero,2009.209516,2009.220155,0,,181,7.572525408e-13,0
2006896164849_Node0_Node8_Zero,2009.209516,2009.220155,0,,181,7.572525408e-13,0
2006901624940_Node0_Node8_Zero,2009.209516,2009.220155,0,,181,7.572525408e-13,0
2006907091812_Node0_Node8_Zero,2009.209516,2009.220155,0,,181,7.572525408e-13,0
2006912556568_Node0_Node8_Zero,2009.211466,2009.222205,0,,92,7.572525408e-13,0
2006918022286_Node0_Node8_Zero,2009.211466,2009.222205,0,,92,7.572525408e-13,0
2006923489309_Node0_Node8_Zero,2009.211466,2009.222205,0,,92,7.572525408e-13,0
2006928958011_Node0_Node8_Zero,2009.211466,2009.222205,0,,92,7.572525408e-13,0
2006950813758_Node0_Node8_Zero,2009.215779,2009.227601,0,,158,7.572525408e-13,0
2006934423711_Node0_Node8_Zero,2009.224975,2009.229651,0,,90,7.572525408e-13,0
2006939884426_Node0_Node8_Zero,2009.224975,2009.229651,0,,90,7.572525408e-13,0
2006945349951_Node0_Node8_Zero,2009.224975,2009.229651,0,,90,7.572525408e-13,0
2006956276289_Node0_Node8_Zero,2009.226904,2009.229651,0,,1,7.572525408e-13,0
2006961739277_Node0_Node8_Zero,2009.226904,2009.231321,0,,1,7.572525408e-13,0
2006967208666_Node0_Node8_Zero,2009.226904,2009.231321,0,,1,7.572525408e-13,0
2006972669270_Node0_Node8_Zero,2009.226904,2009.231321,0,,1,7.572525408e-13,0
2006994532182_Node0_Node8_Zero,2009.234425,2009.235477,0,,0,7.572525408e-13,0
2006978137843_Node0_Node8_Zero,2009.242715,2009.244406,0,,0,7.572525408e-13,0
2006983602098_Node0_Node8_Zero,2009.242715,2009.244406,0,,0,7.572525408e-13,0
2006989063144_Node0_Node8_Zero,2009.242715,2009.244406,0,,0,7.572525408e-13,0
2006999999577_Node0_Node8_Zero,2009.248258,2009.26173,0,,447,7.572525408e-13,0
2007005465660_Node0_Node8_Zero,2009.248258,2009.26173,0,,447,7.572525408e-13,0
2007010930954_Node0_Node8_Zero,2009.248258,2009.26173,0,,447,7.572525408e-13,0
2007016398784_Node0_Node8_Zero,2009.248258,2009.26173,0,,447,7.572525408e-13,0
2007021859832_Node0_Node8_Zero,2009.250318,2009.263865,0,,359,7.572525408e-13,0
2007027319843_Node0_Node8_Zero,2009.250318,2009.263865,0,,359,7.572525408e-13,0
2007032788209_Node0_Node8_Zero,2009.250318,2009.263865,0,,359,7.572525408e-13,0
2007038254418_Node0_Node8_Zero,2009.250318,2009.263865,0,,359,7.572525408e-13,0
2007043714538_Node0_Node8_Zero,2009.252464,2009.265875,0,,270,7.572525408e-13,0
2007049175366_Node0_Node8_Zero,2009.252464,2009.265875,0,,270,7.572525408e-13,0
2007054642828_Node0_Node8_Zero,2009.252464,2009.265875,0,,270,7.572525408e-13,0
2007060103446_Node0_Node8_Zero,2009.252464,2009.265875,0,,270,7.572525408e-13,0
2007065568543_Node0_Node8_Zero,2009.25475,2009.267905,0,,181,7.572525408e-13,0
2007071028656_Node0_Node8_Zero,2009.25475,2009.267905,0,,181,7.572525408e-13,0
2007076493549_Node0_Node8_Zero,2009.25475,2009.267905,0,,181,7.572525408e-13,0
2007081958926_Node0_Node8_Zero,2009.25475,2009.267905,0,,181,7.572525408e-13,0
2007087421317_Node0_Node8_Zero,2009.25692,2009.269815,0,,92,7.572525408e-13,0
2007092881558_Node0_Node8_Zero,2009.25692,2009.269815,0,,92,7.572525408e-13,0
2007098346037_Node0_Node8_Zero,2009.25692,2009.269815,0,,92,7.572525408e-13,0
2007103806738_Node0_Node8_Zero,2009.25692,2009.269815,0,,92,7.572525408e-13,0
2007125675490_Node0_Node8_Zero,2009.259575,2009.270565,0,,1,7.572525408e-13,0
2007109271881_Node0_Node8_Zero,2009.275437,2009.276589,0,,0,7.572525408e-13,0
2007120206172_Node0_Node8_Zero,2009.275437,2009.276589,0,,0,7.572525408e-13,0
2007114739115_Node0_Node8_Zero,2009.298068,2009.35275,0,,1566,7.572525408e-13,0
2007131144035_Node0_Node8_Zero,2009.300777,2009.380624,0,,2135,7.572525408e-13,0
2007136606358_Node0_Node8_Zero,2009.300777,2009.380624,0,,2135,7.572525408e-13,0
2007142067183_Node0_Node8_Zero,2009.300777,2009.380624,0,,2135,7.572525408e-13,0
2007147531849_Node0_Node8_Zero,2009.300777,2009.380624,0,,2135,7.572525408e-13,0
2007152998038_Node0_Node8_Zero,2009.308954,2009.385902,0,,2044,7.572525408e-13,0
2007158463906_Node0_Node8_Zero,2009.308954,2009.385902,0,,2044,7.572525408e-13,0
2007163925318_Node0_Node8_Zero,2009.308954,2009.385902,0,,2044,7.572525408e-13,0
2007169389970_Node0_Node8_Zero,2009.308954,2009.385902,0,,2044,7.572525408e-13,0
2007174855717_Node0_Node8_Zero,2009.315206,2009.389765,0,,1993,7.572525408e-13,0
2007180318290_Node0_Node8_Zero,2009.315206,2009.389765,0,,1993,7.572525408e-13,0
2007185787372_Node0_Node8_Zero,2009.315206,2009.389765,0,,1993,7.572525408e-13,0
2007191251653_Node0_Node8_Zero,2009.315206,2009.389765,0,,1993,7.572525408e-13,0
2007196714442_Node0_Node8_Zero,2009.317327,2009.394704,0,,1995,7.572525408e-13,0
2007202183508_Node0_Node8_Zero,2009.317327,2009.394704,0,,1995,7.572525408e-13,0
2007207645909_Node0_Node8_Zero,2009.317327,2009.394704,0,,1995,7.572525408e-13,0
2007213110072_Node0_Node8_Zero,2009.317327,2009.394704,0,,1995,7.572525408e-13,0
2007218569757_Node0_Node8_Zero,2009.319257,2009.413858,0,,2534,7.572525408e-13,0
2007224033930_Node0_Node8_Zero,2009.319257,2009.413858,0,,2534,7.572525408e-13,0
2007229497046_Node0_Node8_Zero,2009.319257,2009.413858,0,,2534,7.572525408e-13,0
2007234958277_Node0_Node8_Zero,2009.319257,2009.413858,0,,2534,7.572525408e-13,0
2007240426634_Node0_Node8_Zero,2009.321187,2009.431842,0,,2988,7.572525408e-13,0
2007245890887_Node0_Node8_Zero,2009.321187,2009.431842,0,,2988,7.572525408e-13,0
2007251353537_Node0_Node8_Zero,2009.321187,2009.431842,0,,2988,7.572525408e-13,0
2007256822075_Node0_Node8_Zero,2009.321187,2009.431842,0,,2988,7.572525408e-13,0
2007262290404_Node0_Node8_Zero,2009.323157,2009.434019,0,,2899,7.572525408e-13,0
2007267749956_Node0_Node8_Zero,2009.323157,2009.434019,0,,2899,7.572525408e-13,0
2007273218623_Node0_Node8_Zero,2009.323157,2009.434019,0,,2899,7.572525408e-13,0
2007278678156_Node0_Node8_Zero,2009.323157,2009.434019,0,,2899,7.572525408e-13,0
2007300537416_Node0_Node8_Zero,2009.326577,2009.435909,0,,2806,7.572525408e-13,0
2007284143776_Node0_Node8_Zero,2009.334992,2009.435909,0,,2578,7.572525408e-13,0
2007289612353_Node0_Node8_Zero,2009.334992,2009.435909,0,,2578,7.572525408e-13,0
2007295075540_Node0_Node8_Zero,2009.334992,2009.435909,0,,2578,7.572525408e-13,0
2007306001802_Node0_Node8_Zero,2009.337137,2009.437959,0,,2489,7.572525408e-13,0
2007311466794_Node0_Node8_Zero,2009.337137,2009.437959,0,,2489,7.572525408e-13,0
2007316926325_Node0_Node8_Zero,2009.337137,2009.437959,0,,2489,7.572525408e-13,0
2007322387902_Node0_Node8_Zero,2009.337137,2009.437959,0,,2489,7.572525408e-13,0
2007327850473_Node0_Node8_Zero,2009.339127,2009.440009,0,,2400,7.572525408e-13,0
2007333310869_Node0_Node8_Zero,2009.339127,2009.440009,0,,2400,7.572525408e-13,0
2007338776070_Node0_Node8_Zero,2009.339127,2009.440009,0,,2400,7.572525408e-13,0
2007344243100_Node0_Node8_Zero,2009.339127,2009.440009,0,,2400,7.572525408e-13,0
2007360635741_Node0_Node8_Zero,2009.342407,2009.442179,0,,2307,7.572525408e-13,0
2007349711410_Node0_Node8_Zero,2009.346124,2009.442179,0,,2239,7.572525408e-13,0
2007355174964_Node0_Node8_Zero,2009.346124,2009.442179,0,,2239,7.572525408e-13,0
2007366103465_Node0_Node8_Zero,2009.346124,2009.442179,0,,2239,7.572525408e-13,0
2007371572383_Node0_Node8_Zero,2009.348167,2009.461815,0,,2649,7.572525408e-13,0
2007377038108_Node0_Node8_Zero,2009.348167,2009.461815,0,,2649,7.572525408e-13,0
2007382498944_Node0_Node8_Zero,2009.348167,2009.461815,0,,2649,7.572525408e-13,0
2007387967339_Node0_Node8_Zero,2009.348167,2009.461815,0,,2649,7.572525408e-13,0
2007398890351_Node0_Node8_Zero,2009.351627,2009.463914,0,,2556,7.572525408e-13,0
2007409822433_Node0_Node8_Zero,2009.351627,2009.463914,0,,2556,7.572525408e-13,0
2007393428297_Node0_Node8_Zero,2009.35709,2009.463914,0,,2555,7.572525408e-13,0
2007404357088_Node0_Node8_Zero,2009.35709,2009.463914,0,,2555,7.572525408e-13,0
2007426217300_Node0_Node8_Zero,2009.362341,2009.465864,0,,2463,7.572525408e-13,0
2007431682413_Node0_Node8_Zero,2009.362341,2009.465864,0,,2463,7.572525408e-13,0
2007415286915_Node0_Node8_Zero,2009.366037,2009.465864,0,,2416,7.572525408e-13,0
2007420749777_Node0_Node8_Zero,2009.366037,2009.465864,0,,2416,7.572525408e-13,0
2007437150051_Node0_Node8_Zero,2009.368106,2009.470384,0,,2418,7.572525408e-13,0
2007442609594_Node0_Node8_Zero,2009.368106,2009.470384,0,,2418,7.572525408e-13,0
2007448074070_Node0_Node8_Zero,2009.368106,2009.470384,0,,2418,7.572525408e-13,0
2007453542878_Node0_Node8_Zero,2009.368106,2009.470384,0,,2418,7.572525408e-13,0
2007459008121_Node0_Node8_Zero,2009.370236,2009.48085,0,,2426,7.572525408e-13,0
2007464470170_Node0_Node8_Zero,2009.370236,2009.48085,0,,2426,7.572525408e-13,0
2007469937083_Node0_Node8_Zero,2009.370236,2009.48085,0,,2426,7.572525408e-13,0
2007475400027_Node0_Node8_Zero,2009.370236,2009.48085,0,,2426,7.572525408e-13,0
2007480864024_Node0_Node8_Zero,2009.372346,2009.48285,0,,2337,7.572525408e-13,0
2007486327123_Node0_Node8_Zero,2009.372346,2009.48285,0,,2337,7.572525408e-13,0
2007491793059_Node0_Node8_Zero,2009.372346,2009.48285,0,,2337,7.572525408e-13,0
2007497254899_Node0_Node8_Zero,2009.372346,2009.48285,0,,2337,7.572525408e-13,0
2007502719605_Node0_Node8_Zero,2009.374316,2009.48488,0,,2248,7.572525408e-13,0
2007508187172_Node0_Node8_Zero,2009.374316,2009.48488,0,,2248,7.572525408e-13,0
2007513654983_Node0_Node8_Zero,2009.374316,2009.48488,0,,2248,7.572525408e-13,0
2007519115643_Node0_Node8_Zero,2009.374316,2009.48488,0,,2248,7.572525408e-13,0
2007540966249_Node0_Node8_Zero,2009.377156,2009.491479,0,,2157,7.572525408e-13,0
2007524575654_Node0_Node8_Zero,2009.378633,2009.491479,0,,2089,7.572525408e-13,0
2007530038722_Node0_Node8_Zero,2009.378633,2009.491479,0,,2089,7.572525408e-13,0
2007535500529_Node0_Node8_Zero,2009.378633,2009.491479,0,,2089,7.572525408e-13,0
2007557357299_Node0_Node8_Zero,2009.3837,2009.493489,0,,1998,7.572525408e-13,0
2007562823622_Node0_Node8_Zero,2009.3837,2009.493489,0,,1998,7.572525408e-13,0
2007546427023_Node0_Node8_Zero,2009.387756,2009.493489,0,,1951,7.572525408e-13,0
2007551895107_Node0_Node8_Zero,2009.387756,2009.493489,0,,1951,7.572525408e-13,0
2007568290756_Node0_Node8_Zero,2009.392646,2009.507327,0,,2159,7.572525408e-13,0
2007573757008_Node0_Node8_Zero,2009.392646,2009.507327,0,,2159,7.572525408e-13,0
2007579222084_Node0_Node8_Zero,2009.392646,2009.507327,0,,2159,7.572525408e-13,0
2007584690436_Node0_Node8_Zero,2009.392646,2009.507327,0,,2159,7.572525408e-13,0
2007590157453_Node0_Node8_Zero,2009.397495,2009.509288,0,,2068,7.572525408e-13,0
2007595620755_Node0_Node8_Zero,2009.397495,2009.509288,0,,2068,7.572525408e-13,0
2007601083109_Node0_Node8_Zero,2009.397495,2009.509288,0,,2068,7.572525408e-13,0
2007606551361_Node0_Node8_Zero,2009.397495,2009.509288,0,,2068,7.572525408e-13,0
2007612011286_Node0_Node8_Zero,2009.402029,2009.511318,0,,1975,7.572525408e-13,0
2007617474363_Node0_Node8_Zero,2009.402029,2009.511318,0,,1975,7.572525408e-13,0
2007622938580_Node0_Node8_Zero,2009.402029,2009.511318,0,,1975,7.572525408e-13,0
2007628402756_Node0_Node8_Zero,2009.402029,2009.511318,0,,1975,7.572525408e-13,0
2007633867461_Node0_Node8_Zero,2009.403919,2009.513328,0,,1886,7.572525408e-13,0
2007639331780_Node0_Node8_Zero,2009.403919,2009.513328,0,,1886,7.572525408e-13,0
2007644793385_Node0_Node8_Zero,2009.403919,2009.513328,0,,1886,7.572525408e-13,0
2007650259697_Node0_Node8_Zero,2009.403919,2009.513328,0,,1886,7.572525408e-13,0
2007655720328_Node0_Node8_Zero,2009.405949,2009.528081,0,,2097,7.572525408e-13,0
2007661187161_Node0_Node8_Zero,2009.405949,2009.528081,0,,2097,7.572525408e-13,0
2007666647828_Node0_Node8_Zero,2009.405949,2009.528081,0,,2097,7.572525408e-13,0
2007672108828_Node0_Node8_Zero,2009.405949,2009.528081,0,,2097,7.572525408e-13,0
2007677572636_Node0_Node8_Zero,2009.407839,2009.530272,0,,2009,7.572525408e-13,0
2007683039303_Node0_Node8_Zero,2009.407839,2009.530272,0,,2009,7.572525408e-13,0
2007688500332_Node0_Node8_Zero,2009.407839,2009.530272,0,,2009,7.572525408e-13,0
2007693960438_Node0_Node8_Zero,2009.407839,2009.530272,0,,2009,7.572525408e-13,0
2007699425020_Node0_Node8_Zero,2009.409849,2009.536895,0,,1922,7.572525408e-13,0
2007704887865_Node0_Node8_Zero,2009.409849,2009.536895,0,,1922,7.572525408e-13,0
2007710353158_Node0_Node8_Zero,2009.409849,2009.536895,0,,1922,7.572525408e-13,0
2007715821492_Node0_Node8_Zero,2009.409849,2009.536895,0,,1922,7.572525408e-13,0
2007721287051_Node0_Node8_Zero,2009.411799,2009.538926,0,,1833,7.572525408e-13,0
2007726748410_Node0_Node8_Zero,2009.411799,2009.538926,0,,1833,7.572525408e-13,0
2007732213478_Node0_Node8_Zero,2009.411799,2009.538926,0,,1833,7.572525408e-13,0
2007737673418_Node0_Node8_Zero,2009.411799,2009.538926,0,,1833,7.572525408e-13,0
2007743140114_Node0_Node8_Zero,2009.422094,2009.541016,0,,1646,7.572525408e-13,0
2007748603244_Node0_Node8_Zero,2009.422094,2009.541016,0,,1646,7.572525408e-13,0
2007754066954_Node0_Node8_Zero,2009.422094,2009.541016,0,,1646,7.572525408e-13,0
2007759535064_Node0_Node8_Zero,2009.422094,2009.541016,0,,1646,7.572525408e-13,0
2007764997429_Node0_Node8_Zero,2009.423993,2009.543106,0,,1557,7.572525408e-13,0
2007770459530_Node0_Node8_Zero,2009.423993,2009.543106,0,,1557,7.572525408e-13,0
2007775928949_Node0_Node8_Zero,2009.423993,2009.543106,0,,1557,7.572525408e-13,0
2007781392186_Node0_Node8_Zero,2009.423993,2009.543106,0,,1557,7.572525408e-13,0
2007786851954_Node0_Node8_Zero,2009.425963,2009.545216,0,,1468,7.572525408e-13,0
2007792318782_Node0_Node8_Zero,2009.425963,2009.545216,0,,1468,7.572525408e-13,0
2007797785544_Node0_Node8_Zero,2009.425963,2009.545216,0,,1468,7.572525408e-13,0
2007803245337_Node0_Node8_Zero,2009.425963,2009.545216,0,,1468,7.572525408e-13,0
2007808712809_Node0_Node8_Zero,2009.427893,2009.547226,0,,1379,7.572525408e-13,0
2007814180851_Node0_Node8_Zero,2009.427893,2009.547226,0,,1379,7.572525408e-13,0
2007819642486_Node0_Node8_Zero,2009.427893,2009.547226,0,,1379,7.572525408e-13,0
2007825102306_Node0_Node8_Zero,2009.427893,2009.547226,0,,1379,7.572525408e-13,0
2007830570604_Node0_Node8_Zero,2009.429783,2009.549116,0,,1290,7.572525408e-13,0
2007836031398_Node0_Node8_Zero,2009.429783,2009.549116,0,,1290,7.572525408e-13,0
2007841496286_Node0_Node8_Zero,2009.429783,2009.549116,0,,1290,7.572525408e-13,0
2007846961894_Node0_Node8_Zero,2009.429783,2009.549116,0,,1290,7.572525408e-13,0
2007852423577_Node0_Node8_Zero,2009.448508,2009.551106,0,,1111,7.572525408e-13,0
2007857890018_Node0_Node8_Zero,2009.448508,2009.551106,0,,1111,7.572525408e-13,0
2007863355087_Node0_Node8_Zero,2009.448508,2009.551106,0,,1111,7.572525408e-13,0
2007868821059_Node0_Node8_Zero,2009.448508,2009.551106,0,,1111,7.572525408e-13,0
2007874283470_Node0_Node8_Zero,2009.450538,2009.553276,0,,1022,7.572525408e-13,0
2007879744606_Node0_Node8_Zero,2009.450538,2009.553276,0,,1022,7.572525408e-13,0
2007885211939_Node0_Node8_Zero,2009.450538,2009.553276,0,,1022,7.572525408e-13,0
2007890680631_Node0_Node8_Zero,2009.450538,2009.553276,0,,1022,7.572525408e-13,0
2007907071357_Node0_Node8_Zero,2009.456247,2009.555306,0,,927,7.572525408e-13,0
2007912536801_Node0_Node8_Zero,2009.456247,2009.555306,0,,927,7.572525408e-13,0
2007896146493_Node0_Node8_Zero,2009.457544,2009.555306,0,,880,7.572525408e-13,0
2007901611465_Node0_Node8_Zero,2009.457544,2009.555306,0,,880,7.572525408e-13,0
2007917999151_Node0_Node8_Zero,2009.459686,2009.557496,0,,791,7.572525408e-13,0
2007923468239_Node0_Node8_Zero,2009.459686,2009.557496,0,,791,7.572525408e-13,0
2007928937361_Node0_Node8_Zero,2009.459686,2009.557496,0,,791,7.572525408e-13,0
2007934403151_Node0_Node8_Zero,2009.459686,2009.557496,0,,791,7.572525408e-13,0
2007956255603_Node0_Node8_Zero,2009.46841,2009.559426,0,,700,7.572525408e-13,0
2007939870913_Node0_Node8_Zero,2009.522155,2009.559426,0,,55,7.572525408e-13,0
2007945335727_Node0_Node8_Zero,2009.522155,2009.559426,0,,55,7.572525408e-13,0
2007950795343_Node0_Node8_Zero,2009.522155,2009.559426,0,,55,7.572525408e-13,0
2006622939434_Node0_Node8_Zero,2009.651151,2009.651151,1,Expiry,0,9.939927888000001e-12,nan
2006628401001_Node0_Node8_Zero,2009.651151,2009.651151,1,Expiry,0,9.939927888000001e-12,nan
2005590187504_Node0_Node8_Zero,2009.700769,2009.700769,1,Expiry,0,1.5628081867056197e-12,nan
2007961721948_Node0_Node8_Zero,2010.312887,2010.317072,0,,91,7.572525408e-13,0
2007967186496_Node0_Node8_Zero,2010.312887,2010.317072,0,,91,7.572525408e-13,0
2007972650456_Node0_Node8_Zero,2010.312887,2010.317072,0,,91,7.572525408e-13,0
2007978118864_Node0_Node8_Zero,2010.312887,2010.317072,0,,91,7.572525408e-13,0
2007994504580_Node0_Node8_Zero,2010.315043,2010.318122,0,,1,7.572525408e-13,0
2007999964451_Node0_Node8_Zero,2010.315043,2010.318122,0,,1,7.572525408e-13,0
2007983582508_Node0_Node8_Zero,2010.320968,2010.327718,0,,179,7.572525408e-13,0
2007989043416_Node0_Node8_Zero,2010.320968,2010.327718,0,,179,7.572525408e-13,0
2008005431116_Node0_Node8_Zero,2010.324753,2010.328528,0,,2,7.572525408e-13,0
2008038215846_Node0_Node8_Zero,2010.351477,2010.374049,0,,683,7.572525408e-13,0
2008043680278_Node0_Node8_Zero,2010.372342,2010.414937,0,,1286,7.572525408e-13,0
2008049143008_Node0_Node8_Zero,2010.383787,2010.414937,0,,1285,7.572525408e-13,0
2008054612195_Node0_Node8_Zero,2010.383787,2010.414937,0,,1285,7.572525408e-13,0
2008060073854_Node0_Node8_Zero,2010.386132,2010.416827,0,,1195,7.572525408e-13,0
2008065538764_Node0_Node8_Zero,2010.386132,2010.416827,0,,1195,7.572525408e-13,0
2008071006068_Node0_Node8_Zero,2010.393586,2010.416827,0,,929,7.572525408e-13,0
2008076469998_Node0_Node8_Zero,2010.403289,2010.416827,0,,462,7.572525408e-13,0
2008087396185_Node0_Node8_Zero,2010.407749,2010.422185,0,,460,7.572525408e-13,0
2008081933881_Node0_Node8_Zero,2010.410013,2010.422185,0,,372,7.572525408e-13,0
2008092862664_Node0_Node8_Zero,2010.473341,2010.509479,0,,753,7.572525408e-13,0
2008032753754_Node0_Node8_Zero,2010.570198,2010.589868,0,,339,7.572525408e-13,0
2008114714638_Node0_Node8_Zero,2010.573469,2010.669759,0,,2282,7.572525408e-13,0
2008125638344_Node0_Node8_Zero,2010.611173,2010.717022,0,,2014,7.572525408e-13,0
2008136567876_Node0_Node8_Zero,2010.632328,2010.717022,0,,1481,7.572525408e-13,0
2008131105331_Node0_Node8_Zero,2010.634718,2010.717022,0,,1392,7.572525408e-13,0
2008142033000_Node0_Node8_Zero,2010.638594,2010.717022,0,,1276,7.572525408e-13,0
2008152963356_Node0_Node8_Zero,2010.654398,2010.748719,0,,1472,7.572525408e-13,0
2008158428253_Node0_Node8_Zero,2010.694318,2010.748719,0,,1089,7.572525408e-13,0
2008120175687_Node0_Node8_Zero,2010.816993,2010.850988,0,,1179,7.572525408e-13,0
2008180284864_Node0_Node8_Zero,2010.818972,2010.877583,0,,1503,7.572525408e-13,0
2008191206850_Node0_Node8_Zero,2010.825359,2010.877583,0,,1322,7.572525408e-13,0
2008196674932_Node0_Node8_Zero,2010.848492,2010.877583,0,,414,7.572525408e-13,0
2008185746026_Node0_Node8_Zero,2010.861643,2011.185906,0,,6851,7.572525408e-13,0
2008213065798_Node0_Node8_Zero,2010.90926,2011.185906,0,,6619,7.572525408e-13,0
2008207599616_Node0_Node8_Zero,2010.912687,2011.207615,1,Expiry,6580,0,nan
2008223986924_Node0_Node8_Zero,2010.920883,2011.251326,0,,7120,7.572525408e-13,0
2008218526311_Node0_Node8_Zero,2010.922916,2011.223254,1,Expiry,6343,0,nan
2008240379085_Node0_Node8_Zero,2010.948351,2011.251326,0,,6502,7.572525408e-13,0
2008256765037_Node0_Node8_Zero,2010.966292,2011.253464,0,,5755,7.572525408e-13,0
2008267693976_Node0_Node8_Zero,2011.005213,2011.253464,0,,4882,7.572525408e-13,0
2008273160639_Node0_Node8_Zero,2011.016816,2011.253464,0,,4602,7.572525408e-13,0
2008289550186_Node0_Node8_Zero,2011.02729,2011.253464,0,,4387,7.572525408e-13,0
2008305934444_Node0_Node8_Zero,2011.040816,2011.258349,0,,4005,7.572525408e-13,0
2008300474141_Node0_Node8_Zero,2011.043066,2011.258349,0,,3916,7.572525408e-13,0
2008316867753_Node0_Node8_Zero,2011.053223,2011.258349,0,,3538,7.572525408e-13,0
2008322329286_Node0_Node8_Zero,2011.064302,2011.258349,0,,3151,7.572525408e-13,0
2008333257914_Node0_Node8_Zero,2011.115016,2011.260419,0,,2109,7.572525408e-13,0
2008278625110_Node0_Node8_Zero,2011.196378,2011.260419,0,,988,7.572525408e-13,0
2008355112510_Node0_Node8_Zero,2011.218908,2011.260419,0,,755,7.572525408e-13,0
2008344182714_Node0_Node8_Zero,2011.221208,2011.260419,0,,754,7.572525408e-13,0
2008349645724_Node0_Node8_Zero,2011.234601,2011.284336,0,,1127,7.572525408e-13,0
2008366043885_Node0_Node8_Zero,2011.236741,2011.284336,0,,1038,7.572525408e-13,0
2008360577635_Node0_Node8_Zero,2011.245518,2011.284336,0,,797,7.572525408e-13,0
2008387903405_Node0_Node8_Zero,2011.31875,2011.405904,0,,2706,7.572525408e-13,0
2008393369945_Node0_Node8_Zero,2011.322966,2011.407855,0,,2528,7.572525408e-13,0
2008398836889_Node0_Node8_Zero,2011.325113,2011.407855,0,,2439,7.572525408e-13,0
2008409771776_Node0_Node8_Zero,2011.33495,2011.407855,0,,1975,7.572525408e-13,0
2008420707047_Node0_Node8_Zero,2011.370795,2011.407855,0,,865,7.572525408e-13,0
2008431635867_Node0_Node8_Zero,2011.377011,2011.409805,0,,606,7.572525408e-13,0
2008442569530_Node0_Node8_Zero,2011.394114,2011.409805,0,,138,7.572525408e-13,0
2008437104366_Node0_Node8_Zero,2011.396334,2011.409805,0,,138,7.572525408e-13,0
2008458972514_Node0_Node8_Zero,2011.403092,2011.409805,0,,1,7.572525408e-13,0
2008453503634_Node0_Node8_Zero,2011.405072,2011.423311,0,,421,7.572525408e-13,0
2008469901783_Node0_Node8_Zero,2011.415019,2011.434648,0,,360,7.572525408e-13,0
2008480826247_Node0_Node8_Zero,2011.431072,2011.434648,0,,90,7.572525408e-13,0
2008491760027_Node0_Node8_Zero,2011.442532,2011.449636,0,,270,7.572525408e-13,0
2008502696318_Node0_Node8_Zero,2011.446812,2011.460317,0,,478,7.572525408e-13,0
2008486294975_Node0_Node8_Zero,2011.505233,2011.505233,1,Expiry,0,1.4009934516039004e-12,nan
2008513631747_Node0_Node8_Zero,2011.538855,2011.538855,1,Expiry,0,1.4009934516039004e-12,nan
2008546425113_Node0_Node8_Zero,2011.544882,2011.545563,0,,0,7.572525408e-13,0
2008557349156_Node0_Node8_Zero,2011.553293,2011.554014,0,,0,7.572525408e-13,0
2008568277059_Node0_Node8_Zero,2011.560136,2011.560877,0,,0,7.572525408e-13,0
2008579207846_Node0_Node8_Zero,2011.568165,2011.568826,0,,0,7.572525408e-13,0
2008595605822_Node0_Node8_Zero,2011.582319,2011.589687,0,,313,7.572525408e-13,0
2008590142371_Node0_Node8_Zero,2011.586286,2011.596981,0,,420,7.572525408e-13,0
2008606536693_Node0_Node8_Zero,2011.591662,2011.597631,0,,197,7.572525408e-13,0
2008611998660_Node0_Node8_Zero,2011.613926,2011.613926,1,Expiry,0,5.258698200000001e-13,nan
2008573745847_Node0_Node8_Zero,2011.617286,2011.617286,1,Expiry,0,1.4009934516039004e-12,nan
2008617464932_Node0_Node8_Zero,2011.625339,2011.625339,1,Expiry,0,5.258698200000001e-13,nan
2008622927169_Node0_Node8_Zero,2011.627426,2011.627426,1,Expiry,0,5.258698200000001e-13,nan
2008628390740_Node0_Node8_Zero,2011.629433,2011.629433,1,Expiry,0,5.258698200000001e-13,nan
2008644784692_Node0_Node8_Zero,2011.638358,2011.649006,0,,161,7.572525408e-13,0
2008650248535_Node0_Node8_Zero,2011.640298,2011.653765,0,,161,7.572525408e-13,0
2008655711651_Node0_Node8_Zero,2011.653072,2011.65704,0,,0,7.572525408e-13,0
2008639315579_Node0_Node8_Zero,2011.659225,2011.659225,1,Expiry,0,5.258698200000001e-13,nan
2008633853700_Node0_Node8_Zero,2011.663985,2011.663985,1,Expiry,0,5.258698200000001e-13,nan
2008677570588_Node0_Node8_Zero,2011.670721,2011.671582,0,,0,7.572525408e-13,0
2008693964048_Node0_Node8_Zero,2011.683269,2011.685925,0,,90,7.572525408e-13,0
2008704899323_Node0_Node8_Zero,2011.701574,2011.702416,0,,0,7.572525408e-13,0
2008710367773_Node0_Node8_Zero,2011.704401,2011.708953,0,,78,7.572525408e-13,0
2008726764275_Node0_Node8_Zero,2011.713736,2011.714658,0,,0,7.572525408e-13,0
2008737692916_Node0_Node8_Zero,2011.719679,2011.7204,0,,0,7.572525408e-13,0
2008748625419_Node0_Node8_Zero,2011.736946,2011.737707,0,,0,7.572525408e-13,0
2008754089002_Node0_Node8_Zero,2011.73977,2011.742431,0,,90,7.572525408e-13,0
2008759557428_Node0_Node8_Zero,2011.744436,2011.745218,0,,0,7.572525408e-13,0
2008770483337_Node0_Node8_Zero,2011.767389,2011.76823,0,,0,7.572525408e-13,0
2008781415800_Node0_Node8_Zero,2011.776522,2011.777203,0,,0,7.572525408e-13,0
2008792352042_Node0_Node8_Zero,2011.782185,2011.783006,0,,0,7.572525408e-13,0
2008808742042_Node0_Node8_Zero,2011.79243,2011.797122,0,,180,7.572525408e-13,0
2008814209480_Node0_Node8_Zero,2011.794397,2011.798412,0,,91,7.572525408e-13,0
2008819670662_Node0_Node8_Zero,2011.796324,2011.798412,0,,1,7.572525408e-13,0
2008803279182_Node0_Node8_Zero,2011.819359,2011.819359,1,Expiry,0,1.4009934516039004e-12,nan
2008846982266_Node0_Node8_Zero,2011.821426,2011.822127,0,,0,7.572525408e-13,0
2008852449167_Node0_Node8_Zero,2011.841514,2011.842276,0,,0,7.572525408e-13,0
2008841520641_Node0_Node8_Zero,2011.851299,2011.851299,1,Expiry,0,1.4009934516039004e-12,nan
2008765019725_Node0_Node8_Zero,2011.854459,2011.854459,1,Expiry,0,5.258698200000001e-13,nan
2008683030956_Node0_Node8_Zero,2011.863725,2011.863725,1,Expiry,0,6.65889601056624e-13,nan
2008857909831_Node0_Node8_Zero,2011.884859,2011.884859,1,Expiry,0,5.258698200000001e-13,nan
2008868832396_Node0_Node8_Zero,2011.897117,2011.897117,1,Expiry,0,1.5628081867056197e-12,nan
2008874301393_Node0_Node8_Zero,2011.899104,2011.899104,1,Expiry,0,5.258698200000001e-13,nan
2008890701016_Node0_Node8_Zero,2011.904715,2011.904715,1,Expiry,0,1.983280464e-12,nan
2008896164306_Node0_Node8_Zero,2011.906622,2011.906622,1,Expiry,0,5.258698200000001e-13,nan
2008901633130_Node0_Node8_Zero,2011.908789,2011.908789,1,Expiry,0,5.258698200000001e-13,nan
2008907098038_Node0_Node8_Zero,2011.910896,2011.910896,1,Expiry,0,5.258698200000001e-13,nan
2008912560261_Node0_Node8_Zero,2011.912923,2011.912923,1,Expiry,0,5.258698200000001e-13,nan
2008928953822_Node0_Node8_Zero,2011.921221,2011.921882,0,,0,7.572525408e-13,0
2008939884524_Node0_Node8_Zero,2011.929224,2011.930744,0,,0,7.572525408e-13,0
2008956282952_Node0_Node8_Zero,2011.946613,2011.947395,0,,0,7.572525408e-13,0
2008967218659_Node0_Node8_Zero,2011.952915,2011.953636,0,,0,7.572525408e-13,0
2008972681975_Node0_Node8_Zero,2011.955979,2011.958655,0,,90,7.572525408e-13,0
2008978142064_Node0_Node8_Zero,2011.957946,2011.959525,0,,1,7.572525408e-13,0
2008989079289_Node0_Node8_Zero,2011.965865,2011.979669,0,,344,7.572525408e-13,0
2008994546940_Node0_Node8_Zero,2011.991744,2011.992545,0,,0,7.572525408e-13,0
2009005479171_Node0_Node8_Zero,2011.997251,2012.000027,0,,0,7.572525408e-13,0
2009000009715_Node0_Node8_Zero,2011.999311,2012.001015,1,Expiry,2,6.231057790671002e-13,nan
2009021878783_Node0_Node8_Zero,2012.008305,2012.012996,0,,180,7.572525408e-13,0
2009016410820_Node0_Node8_Zero,2012.010192,2012.014106,0,,91,7.572525408e-13,0
2009027344266_Node0_Node8_Zero,2012.012299,2012.014106,0,,1,7.572525408e-13,0
2009043731026_Node0_Node8_Zero,2012.026619,2012.033151,0,,162,7.572525408e-13,0
2009049197379_Node0_Node8_Zero,2012.049511,2012.049511,1,Expiry,0,5.258698200000001e-13,nan
2009032806202_Node0_Node8_Zero,2012.063944,2012.063944,1,Expiry,0,5.258698200000001e-13,nan
2008950816807_Node0_Node8_Zero,2012.06969,2012.06969,1,Expiry,0,5.258698200000001e-13,nan
2009054664120_Node0_Node8_Zero,2012.085282,2012.085282,1,Expiry,0,5.258698200000001e-13,nan
2009060124365_Node0_Node8_Zero,2012.092108,2012.092108,1,Expiry,0,5.258698200000001e-13,nan
2009076506909_Node0_Node8_Zero,2012.094195,2012.094195,1,Expiry,0,5.258698200000001e-13,nan
2009081967355_Node0_Node8_Zero,2012.096262,2012.096262,1,Expiry,0,5.258698200000001e-13,nan
2009103817629_Node0_Node8_Zero,2012.100807,2012.103503,0,,90,7.572525408e-13,0
2009109280408_Node0_Node8_Zero,2012.102807,2012.107059,0,,95,7.572525408e-13,0
2009125670339_Node0_Node8_Zero,2012.112511,2012.113392,0,,0,7.572525408e-13,0
2009131132615_Node0_Node8_Zero,2012.118101,2012.118982,0,,0,7.572525408e-13,0
2009142066126_Node0_Node8_Zero,2012.124821,2012.130512,0,,182,7.572525408e-13,0
2009147531946_Node0_Node8_Zero,2012.129819,2012.131282,0,,1,7.572525408e-13,0
2009163927273_Node0_Node8_Zero,2012.145546,2012.146207,0,,0,7.572525408e-13,0
2009174853067_Node0_Node8_Zero,2012.156008,2012.158784,0,,90,7.572525408e-13,0
2009185779922_Node0_Node8_Zero,2012.161608,2012.162329,0,,0,7.572525408e-13,0
2009202164996_Node0_Node8_Zero,2012.177844,2012.186959,0,,362,7.572525408e-13,0
2009213089210_Node0_Node8_Zero,2012.184192,2012.187589,0,,91,7.572525408e-13,0
2009207628774_Node0_Node8_Zero,2012.189775,2012.192491,0,,90,7.572525408e-13,0
2009218550714_Node0_Node8_Zero,2012.191825,2012.193161,0,,1,7.572525408e-13,0
2009234950533_Node0_Node8_Zero,2012.215211,2012.219933,0,,92,7.572525408e-13,0
2009240415286_Node0_Node8_Zero,2012.228225,2012.23566,0,,179,7.572525408e-13,0
2009262270336_Node0_Node8_Zero,2012.246181,2012.246903,0,,0,7.572525408e-13,0
2009273202903_Node0_Node8_Zero,2012.252734,2012.253456,0,,0,7.572525408e-13,0
2009284129962_Node0_Node8_Zero,2012.264127,2012.264889,0,,0,7.572525408e-13,0
2009305988718_Node0_Node8_Zero,2012.281387,2012.284889,0,,94,7.572525408e-13,0
2009316919619_Node0_Node8_Zero,2012.289591,2012.299475,0,,234,7.572525408e-13,0
2009322387745_Node0_Node8_Zero,2012.295882,2012.314434,0,,181,7.572525408e-13,0
2009327855378_Node0_Node8_Zero,2012.310932,2012.314434,0,,90,7.572525408e-13,0
2009333317325_Node0_Node8_Zero,2012.313093,2012.320629,0,,74,7.572525408e-13,0
2009245877236_Node0_Node8_Zero,2012.335327,2012.335327,1,Expiry,0,2.08867800670562e-12,nan
2009136599045_Node0_Node8_Zero,2012.341353,2012.341353,1,Expiry,0,1.9268632716039005e-12,nan
2009267735161_Node0_Node8_Zero,2012.348252,2012.348252,1,Expiry,0,5.258698200000001e-13,nan
2009278666681_Node0_Node8_Zero,2012.351119,2012.351119,1,Expiry,0,1.4009934516039004e-12,nan
2009300527113_Node0_Node8_Zero,2012.354699,2012.354699,1,Expiry,0,5.258698200000001e-13,nan
2009191243414_Node0_Node8_Zero,2012.370144,2012.370144,1,Expiry,0,1.5628081867056197e-12,nan
2009196704270_Node0_Node8_Zero,2012.372491,2012.372491,1,Expiry,0,5.258698200000001e-13,nan
2009180316331_Node0_Node8_Zero,2012.378497,2012.378497,1,Expiry,0,5.258698200000001e-13,nan
2009338785842_Node0_Node8_Zero,2012.393163,2012.393163,1,Expiry,0,5.258698200000001e-13,nan
2009355174395_Node0_Node8_Zero,2012.39523,2012.39523,1,Expiry,0,5.258698200000001e-13,nan
2009371559640_Node0_Node8_Zero,2012.401316,2012.401316,1,Expiry,0,1.5628081867056197e-12,nan
2009377025256_Node0_Node8_Zero,2012.403263,2012.403263,1,Expiry,0,5.258698200000001e-13,nan
2009382488796_Node0_Node8_Zero,2012.40535,2012.40535,1,Expiry,0,5.258698200000001e-13,nan
2009387951511_Node0_Node8_Zero,2012.407377,2012.407377,1,Expiry,0,5.258698200000001e-13,nan
2009409810830_Node0_Node8_Zero,2012.409344,2012.410025,0,,0,7.572525408e-13,0
2009415278464_Node0_Node8_Zero,2012.41203,2012.412911,0,,0,7.572525408e-13,0
2009431670469_Node0_Node8_Zero,2012.422991,2012.434711,0,,89,7.572525408e-13,0
2009437133897_Node0_Node8_Zero,2012.424831,2012.436661,0,,89,7.572525408e-13,0
2009442595756_Node0_Node8_Zero,2012.42671,2012.436661,0,,89,7.572525408e-13,0
2009448059474_Node0_Node8_Zero,2012.42871,2012.436661,0,,89,7.572525408e-13,0
2009453520010_Node0_Node8_Zero,2012.430589,2012.436661,0,,89,7.572525408e-13,0
2009469907316_Node0_Node8_Zero,2012.441624,2012.457921,0,,599,7.572525408e-13,0
2009464445220_Node0_Node8_Zero,2012.443695,2012.466397,1,Expiry,844,0,nan
2009486299995_Node0_Node8_Zero,2012.465466,2012.469205,0,,91,7.572525408e-13,0
2009491767383_Node0_Node8_Zero,2012.46832,2012.469895,0,,1,7.572525408e-13,0
2009458985438_Node0_Node8_Zero,2012.492243,2012.492243,1,Expiry,0,5.258698200000001e-13,nan
2009502705724_Node0_Node8_Zero,2012.498902,2012.505357,0,,0,7.572525408e-13,0
2009508174438_Node0_Node8_Zero,2012.500742,2012.506847,0,,0,7.572525408e-13,0
2009513635851_Node0_Node8_Zero,2012.502781,2012.506847,0,,0,7.572525408e-13,0
2009519100638_Node0_Node8_Zero,2012.504621,2012.506847,0,,0,7.572525408e-13,0
2009530021529_Node0_Node8_Zero,2012.509518,2012.510299,0,,0,7.572525408e-13,0
2009535489333_Node0_Node8_Zero,2012.514342,2012.515043,0,,0,7.572525408e-13,0
2009524560805_Node0_Node8_Zero,2012.543932,2012.543932,1,Expiry,0,5.258698200000001e-13,nan
2009546414332_Node0_Node8_Zero,2012.545992,2012.548688,0,,0,7.572525408e-13,0
2009551880773_Node0_Node8_Zero,2012.548012,2012.549458,0,,0,7.572525408e-13,0
2009568270201_Node0_Node8_Zero,2012.556542,2012.557443,0,,0,7.572525408e-13,0
2009579198067_Node0_Node8_Zero,2012.562863,2012.563784,0,,0,7.572525408e-13,0
2009540953449_Node0_Node8_Zero,2012.566069,2012.566069,1,Expiry,0,1.4009934516039004e-12,nan
2009590125371_Node0_Node8_Zero,2012.571856,2012.575675,0,,98,7.572525408e-13,0
2009601051080_Node0_Node8_Zero,2012.581466,2012.586288,0,,140,7.572525408e-13,0
2009606519201_Node0_Node8_Zero,2012.585512,2012.586958,0,,1,7.572525408e-13,0
2009617445587_Node0_Node8_Zero,2012.605378,2012.613824,0,,274,7.572525408e-13,0
2009622913083_Node0_Node8_Zero,2012.608901,2012.620686,0,,181,7.572525408e-13,0
2009628376922_Node0_Node8_Zero,2012.619505,2012.620686,0,,0,7.572525408e-13,0
2009639299425_Node0_Node8_Zero,2012.626667,2012.630199,0,,90,7.572525408e-13,0
2009633836850_Node0_Node8_Zero,2012.636533,2012.636533,1,Expiry,0,5.258698200000001e-13,nan
2009644759270_Node0_Node8_Zero,2012.63854,2012.639201,0,,0,7.572525408e-13,0
2009655693877_Node0_Node8_Zero,2012.648897,2012.649778,0,,0,7.572525408e-13,0
2009661161150_Node0_Node8_Zero,2012.658283,2012.658944,0,,0,7.572525408e-13,0
2009672096593_Node0_Node8_Zero,2012.661947,2012.662669,0,,0,7.572525408e-13,0
2009584664509_Node0_Node8_Zero,2012.676745,2012.676745,1,Expiry,0,1.5628081867056197e-12,nan
2009650227232_Node0_Node8_Zero,2012.680634,2012.680634,1,Expiry,0,5.258698200000001e-13,nan
2009666627208_Node0_Node8_Zero,2012.68832,2012.68832,1,Expiry,0,5.258698200000001e-13,nan
2009683018730_Node0_Node8_Zero,2012.69036,2012.69036,1,Expiry,0,2.08867800670562e-12,nan
2009693943259_Node0_Node8_Zero,2012.692885,2012.699337,0,,180,7.572525408e-13,0
2009699404697_Node0_Node8_Zero,2012.694725,2012.700467,0,,91,7.572525408e-13,0
2009704872732_Node0_Node8_Zero,2012.696705,2012.700467,0,,90,7.572525408e-13,0
2009715797066_Node0_Node8_Zero,2012.703339,2012.704061,0,,0,7.572525408e-13,0
2009721258972_Node0_Node8_Zero,2012.710003,2012.710964,0,,0,7.572525408e-13,0
2009726718636_Node0_Node8_Zero,2012.717278,2012.726382,0,,263,7.572525408e-13,0
2009737651071_Node0_Node8_Zero,2012.722864,2012.730645,0,,91,7.572525408e-13,0
2009748573352_Node0_Node8_Zero,2012.736633,2012.743227,0,,174,7.572525408e-13,0
2009743111969_Node0_Node8_Zero,2012.738612,2012.745997,1,Expiry,137,5.258698200000001e-13,nan
2009764965842_Node0_Node8_Zero,2012.760419,2012.763155,0,,90,7.572525408e-13,0
2009775897901_Node0_Node8_Zero,2012.77158,2012.772301,0,,0,7.572525408e-13,0
2009781358115_Node0_Node8_Zero,2012.782682,2012.782682,1,Expiry,0,5.258698200000001e-13,nan
2009786817750_Node0_Node8_Zero,2012.784809,2012.787505,0,,0,7.572525408e-13,0
2009792283981_Node0_Node8_Zero,2012.786829,2012.788155,0,,0,7.572525408e-13,0
2009808680840_Node0_Node8_Zero,2012.793097,2012.796601,0,,92,7.572525408e-13,0
2009803211386_Node0_Node8_Zero,2012.805755,2012.805755,1,Expiry,0,1.4009934516039004e-12,nan
2009836009486_Node0_Node8_Zero,2012.812931,2012.815667,0,,90,7.572525408e-13,0
2009846944679_Node0_Node8_Zero,2012.825769,2012.82643,0,,0,7.572525408e-13,0
2009819614358_Node0_Node8_Zero,2012.828975,2012.828975,1,Expiry,0,5.258698200000001e-13,nan
2009759502233_Node0_Node8_Zero,2012.840032,2012.840032,1,Expiry,0,5.258698200000001e-13,nan
2009857874328_Node0_Node8_Zero,2012.85027,2012.853086,0,,0,7.572525408e-13,0
2009852413716_Node0_Node8_Zero,2012.852377,2012.853796,0,,0,7.572525408e-13,0
2009868804917_Node0_Node8_Zero,2012.858739,2012.859501,0,,0,7.572525408e-13,0
2009885199288_Node0_Node8_Zero,2012.872984,2012.873645,0,,0,7.572525408e-13,0
2009879730618_Node0_Node8_Zero,2012.876678,2012.877339,0,,0,7.572525408e-13,0
2009890665007_Node0_Node8_Zero,2012.883081,2012.890123,0,,270,7.572525408e-13,0
2009907065965_Node0_Node8_Zero,2012.88734,2012.890993,0,,91,7.572525408e-13,0
2009896130671_Node0_Node8_Zero,2012.89384,2012.89931,0,,140,7.572525408e-13,0
2009863335885_Node0_Node8_Zero,2012.898587,2012.898587,1,Expiry,0,1.5628081867056197e-12,nan
2009912526971_Node0_Node8_Zero,2012.91782,2012.91782,1,Expiry,0,5.258698200000001e-13,nan
2009917988687_Node0_Node8_Zero,2012.919866,2012.919866,1,Expiry,0,5.258698200000001e-13,nan
2009934388916_Node0_Node8_Zero,2012.928584,2012.933155,0,,90,7.572525408e-13,0
2009939854097_Node0_Node8_Zero,2012.932417,2012.940742,0,,241,7.572525408e-13,0
2009956242690_Node0_Node8_Zero,2012.944749,2012.945431,0,,0,7.572525408e-13,0
2009978112685_Node0_Node8_Zero,2012.955814,2012.961373,0,,92,7.572525408e-13,0
2009983581341_Node0_Node8_Zero,2012.96066,2012.966893,0,,176,7.572525408e-13,0
2009994509140_Node0_Node8_Zero,2012.966155,2012.970674,0,,95,7.572525408e-13,0
2009967179461_Node0_Node8_Zero,2012.984449,2012.984449,1,Expiry,0,1.5628081867056197e-12,nan
2009825078097_Node0_Node8_Zero,2012.995855,2012.995855,1,Expiry,0,5.258698200000001e-13,nan
2010005438717_Node0_Node8_Zero,2013.001994,2013.005446,0,,41,7.572525408e-13,0
2009841478781_Node0_Node8_Zero,2013.014954,2013.014954,1,Expiry,0,1.4009934516039004e-12,nan
2009480831812_Node0_Node8_Zero,2013.022173,2013.022173,1,Expiry,0,5.258698200000001e-13,nan
2009989043932_Node0_Node8_Zero,2013.047811,2013.047811,1,Expiry,0,5.258698200000001e-13,nan
2009251345292_Node0_Node8_Zero,2013.058831,2013.058831,1,Expiry,0,5.258698200000001e-13,nan
2008743156218_Node0_Node8_Zero,2013.08466,2013.08466,1,Expiry,0,5.258698200000001e-13,nan
2008404305234_Node0_Node8_Zero,2013.110439,2013.110439,1,Expiry,0,1.4009934516039004e-12,nan
2008464439398_Node0_Node8_Zero,2013.153458,2013.153458,1,Expiry,0,5.258698200000001e-13,nan
2008415240343_Node0_Node8_Zero,2013.163447,2013.163447,1,Expiry,0,5.258698200000001e-13,nan
2008262224612_Node0_Node8_Zero,2013.173934,2013.173934,1,Expiry,0,6.7729156770469e-13,nan
2008245842769_Node0_Node8_Zero,2013.211115,2013.211115,1,Expiry,0,1.4009934516039004e-12,nan
2008295013885_Node0_Node8_Zero,2013.2594,2013.2594,1,Expiry,0,5.258698200000001e-13,nan
2008311401251_Node0_Node8_Zero,2013.286352,2013.286352,1,Expiry,0,5.258698200000001e-13,nan
2008371507935_Node0_Node8_Zero,2013.296271,2013.296271,1,Expiry,0,5.258698200000001e-13,nan
2008327791074_Node0_Node8_Zero,2013.309311,2013.309311,1,Expiry,0,5.258698200000001e-13,nan
2008497229257_Node0_Node8_Zero,2013.333036,2013.333036,1,Expiry,0,1.4009934516039004e-12,nan
2008508163667_Node0_Node8_Zero,2013.339123,2013.339123,1,Expiry,0,1.9268632716039005e-12,nan
2008147494554_Node0_Node8_Zero,2013.367329,2013.367329,1,Expiry,0,5.258698200000001e-13,nan
2008202140107_Node0_Node8_Zero,2013.413223,2013.413223,1,Expiry,0,5.258698200000001e-13,nan
2008169358347_Node0_Node8_Zero,2013.513008,2013.513008,1,Expiry,0,1.4009934516039004e-12,nan
2008109245533_Node0_Node8_Zero,2013.632169,2013.632169,1,Expiry,0,5.258698200000001e-13,nan
2008016355213_Node0_Node8_Zero,2013.650416,2013.650416,1,Expiry,0,1.04925114e-12,nan
2008021819337_Node0_Node8_Zero,2013.650416,2013.650416,1,Expiry,0,1.04925114e-12,nan
2008174818357_Node0_Node8_Zero,2013.668839,2013.668839,1,Expiry,0,5.258698200000001e-13,nan
2005639348307_Node0_Node8_Zero,2013.694226,2013.694226,1,Expiry,0,5.258698200000001e-13,nan
2003655679719_Node0_Node8_Zero,2013.772824,2013.772824,1,Expiry,0,7.446507279009752e-13,nan
2008098323068_Node0_Node8_Zero,2013.863879,2013.863879,1,Expiry,0,5.258698200000001e-13,nan
