Transmitting_Power = 0.007663753805745297, Maximum_Transmitting_Power = 0.10059677066255387
MAX_Transmission_Range = 1223.8180011750112, MAX_Transmission_Range_Squared = 1497730.4999999998
parameters.py INITIALIZED
mobility parameters INITIALIZED
Seed: 7447
Traffic flows: 1
Trajectory Run No./ Mobility Model : TCPIPE_BSCAP_
Seed value: 7447
Mobility Model: TCPIPE_BSCAP_
Number of Nodes: 8 UAVs + 1 BS; Node Speed: 40 m/s
Data Rate: [2.0] Mbps
Percentage Node Failure: 0
TC_PIPE_mobility_ON: True
Transmitting_Power = 0.007663753805745297, Maximum_Transmitting_Power = 0.10059677066255387
MAX_Transmission_Range = 1223.8180011750112, MAX_Transmission_Range_Squared = 1497730.4999999998
parameters.py INITIALIZED
mobility parameters INITIALIZED
node.py: Node0 created with coordinates 0 2000 with routing power 0.007664
node.py: Node1 created with coordinates 1000 2000 with routing power 0.007664
node.py: Node2 created with coordinates 2000 2000 with routing power 0.007664
node.py: Node3 created with coordinates 3000 2000 with routing power 0.007664
node.py: Node4 created with coordinates 4000 2000 with routing power 0.007664
node.py: Node5 created with coordinates 5000 2000 with routing power 0.007664
node.py: Node6 created with coordinates 6000 2000 with routing power 0.007664
node.py: Node7 created with coordinates 7000 2000 with routing power 0.007664
node.py: Node8 created with coordinates 8000 2000 with routing power 0.007664
node.py: Node9 created with coordinates 0 0 with routing power 0.007664
SIM_TIME_MOBILITY =  2014
MAX TRANSMISSION RANGE for all nodes - mobility.py =  1223.8180011750112
DATA_RATE =  [2.0]  No._Nodes =  9  Map_Size =  4000 x 4000
MOBILITY PROCESS (^) and NETWORK UPDATE (rf.updateNetworkTopology(env,nodes) HAS BEEN STARTED 
Multiple Targets located at  [[2000 4000]]
main.py: Progress: 0 / 2014
main.py: Progress: 1 / 2014
main.py: Progress: 2 / 2014
main.py: Progress: 3 / 2014
main.py: Progress: 4 / 2014
main.py: Progress: 5 / 2014
main.py: Progress: 6 / 2014
main.py: Progress: 7 / 2014
main.py: Progress: 8 / 2014
main.py: Progress: 9 / 2014
main.py: Progress: 10 / 2014
main.py: Progress: 11 / 2014
main.py: Progress: 12 / 2014
main.py: Progress: 13 / 2014
main.py: Progress: 14 / 2014
main.py: Progress: 15 / 2014
main.py: Progress: 16 / 2014
main.py: Progress: 17 / 2014
main.py: Progress: 18 / 2014
main.py: Progress: 19 / 2014
main.py: Progress: 20 / 2014
main.py: Progress: 21 / 2014
main.py: Progress: 22 / 2014
main.py: Progress: 23 / 2014
main.py: Progress: 24 / 2014
main.py: Progress: 25 / 2014
main.py: Progress: 26 / 2014
main.py: Progress: 27 / 2014
main.py: Progress: 28 / 2014
main.py: Progress: 29 / 2014
main.py: Progress: 30 / 2014
main.py: Progress: 31 / 2014
main.py: Progress: 32 / 2014
main.py: Progress: 33 / 2014
main.py: Progress: 34 / 2014
main.py: Progress: 35 / 2014
main.py: Progress: 36 / 2014
main.py: Progress: 37 / 2014
main.py: Progress: 38 / 2014
main.py: Progress: 39 / 2014
main.py: Progress: 40 / 2014
main.py: Progress: 41 / 2014
main.py: Progress: 42 / 2014
main.py: Progress: 43 / 2014
main.py: Progress: 44 / 2014
main.py: Progress: 45 / 2014
main.py: Progress: 46 / 2014
main.py: Progress: 47 / 2014
main.py: Progress: 48 / 2014
main.py: Progress: 49 / 2014
main.py: Progress: 50 / 2014
main.py: Progress: 51 / 2014
main.py: Progress: 52 / 2014
main.py: Progress: 53 / 2014
main.py: Progress: 54 / 2014
main.py: Progress: 55 / 2014
main.py: Progress: 56 / 2014
main.py: Progress: 57 / 2014
main.py: Progress: 58 / 2014
main.py: Progress: 59 / 2014
main.py: Progress: 60 / 2014
main.py: Progress: 61 / 2014
main.py: Progress: 62 / 2014
main.py: Progress: 63 / 2014
main.py: Progress: 64 / 2014
main.py: Progress: 65 / 2014
main.py: Progress: 66 / 2014
main.py: Progress: 67 / 2014
main.py: Progress: 68 / 2014
main.py: Progress: 69 / 2014
main.py: Progress: 70 / 2014
main.py: Progress: 71 / 2014
main.py: Progress: 72 / 2014
main.py: Progress: 73 / 2014
main.py: Progress: 74 / 2014
main.py: Progress: 75 / 2014
main.py: Progress: 76 / 2014
main.py: Progress: 77 / 2014
main.py: Progress: 78 / 2014
main.py: Progress: 79 / 2014
main.py: Progress: 80 / 2014
main.py: Progress: 81 / 2014
main.py: Progress: 82 / 2014
main.py: Progress: 83 / 2014
main.py: Progress: 84 / 2014
main.py: Progress: 85 / 2014
main.py: Progress: 86 / 2014
main.py: Progress: 87 / 2014
main.py: Progress: 88 / 2014
main.py: Progress: 89 / 2014
main.py: Progress: 90 / 2014
main.py: Progress: 91 / 2014
main.py: Progress: 92 / 2014
main.py: Progress: 93 / 2014
main.py: Progress: 94 / 2014
main.py: Progress: 95 / 2014
main.py: Progress: 96 / 2014
main.py: Progress: 97 / 2014
main.py: Progress: 98 / 2014
main.py: Progress: 99 / 2014
main.py: Progress: 100 / 2014
main.py: Progress: 101 / 2014
main.py: Progress: 102 / 2014
main.py: Progress: 103 / 2014
main.py: Progress: 104 / 2014
main.py: Progress: 105 / 2014
main.py: Progress: 106 / 2014
main.py: Progress: 107 / 2014
main.py: Progress: 108 / 2014
main.py: Progress: 109 / 2014
main.py: Progress: 110 / 2014
main.py: Progress: 111 / 2014
main.py: Progress: 112 / 2014
main.py: Progress: 113 / 2014
main.py: Progress: 114 / 2014
main.py: Progress: 115 / 2014
main.py: Progress: 116 / 2014
main.py: Progress: 117 / 2014
main.py: Progress: 118 / 2014
main.py: Progress: 119 / 2014
main.py: Progress: 120 / 2014
main.py: Progress: 121 / 2014
main.py: Progress: 122 / 2014
main.py: Progress: 123 / 2014
main.py: Progress: 124 / 2014
main.py: Progress: 125 / 2014
main.py: Progress: 126 / 2014
main.py: Progress: 127 / 2014
main.py: Progress: 128 / 2014
main.py: Progress: 129 / 2014
main.py: Progress: 130 / 2014
main.py: Progress: 131 / 2014
main.py: Progress: 132 / 2014
main.py: Progress: 133 / 2014
main.py: Progress: 134 / 2014
main.py: Progress: 135 / 2014
main.py: Progress: 136 / 2014
main.py: Progress: 137 / 2014
main.py: Progress: 138 / 2014
main.py: Progress: 139 / 2014
main.py: Progress: 140 / 2014
main.py: Progress: 141 / 2014
main.py: Progress: 142 / 2014
main.py: Progress: 143 / 2014
main.py: Progress: 144 / 2014
main.py: Progress: 145 / 2014
main.py: Progress: 146 / 2014
main.py: Progress: 147 / 2014
main.py: Progress: 148 / 2014
main.py: Progress: 149 / 2014
main.py: Progress: 150 / 2014
main.py: Progress: 151 / 2014
main.py: Progress: 152 / 2014
main.py: Progress: 153 / 2014
main.py: Progress: 154 / 2014
main.py: Progress: 155 / 2014
main.py: Progress: 156 / 2014
main.py: Progress: 157 / 2014
main.py: Progress: 158 / 2014
main.py: Progress: 159 / 2014
main.py: Progress: 160 / 2014
main.py: Progress: 161 / 2014
main.py: Progress: 162 / 2014
main.py: Progress: 163 / 2014
main.py: Progress: 164 / 2014
main.py: Progress: 165 / 2014
main.py: Progress: 166 / 2014
main.py: Progress: 167 / 2014
main.py: Progress: 168 / 2014
main.py: Progress: 169 / 2014
main.py: Progress: 170 / 2014
main.py: Progress: 171 / 2014
main.py: Progress: 172 / 2014
main.py: Progress: 173 / 2014
main.py: Progress: 174 / 2014
main.py: Progress: 175 / 2014
main.py: Progress: 176 / 2014
main.py: Progress: 177 / 2014
main.py: Progress: 178 / 2014
main.py: Progress: 179 / 2014
main.py: Progress: 180 / 2014
main.py: Progress: 181 / 2014
main.py: Progress: 182 / 2014
main.py: Progress: 183 / 2014
main.py: Progress: 184 / 2014
main.py: Progress: 185 / 2014
main.py: Progress: 186 / 2014
main.py: Progress: 187 / 2014
main.py: Progress: 188 / 2014
main.py: Progress: 189 / 2014
main.py: Progress: 190 / 2014
main.py: Progress: 191 / 2014
main.py: Progress: 192 / 2014
main.py: Progress: 193 / 2014
main.py: Progress: 194 / 2014
main.py: Progress: 195 / 2014
main.py: Progress: 196 / 2014
main.py: Progress: 197 / 2014
main.py: Progress: 198 / 2014
main.py: Progress: 199 / 2014
main.py: Progress: 200 / 2014
main.py: Progress: 201 / 2014
main.py: Progress: 202 / 2014
main.py: Progress: 203 / 2014
main.py: Progress: 204 / 2014
main.py: Progress: 205 / 2014
main.py: Progress: 206 / 2014
main.py: Progress: 207 / 2014
main.py: Progress: 208 / 2014
main.py: Progress: 209 / 2014
main.py: Progress: 210 / 2014
main.py: Progress: 211 / 2014
main.py: Progress: 212 / 2014
main.py: Progress: 213 / 2014
main.py: Progress: 214 / 2014
main.py: Progress: 215 / 2014
main.py: Progress: 216 / 2014
main.py: Progress: 217 / 2014
main.py: Progress: 218 / 2014
main.py: Progress: 219 / 2014
main.py: Progress: 220 / 2014
main.py: Progress: 221 / 2014
main.py: Progress: 222 / 2014
main.py: Progress: 223 / 2014
main.py: Progress: 224 / 2014
main.py: Progress: 225 / 2014
main.py: Progress: 226 / 2014
main.py: Progress: 227 / 2014
main.py: Progress: 228 / 2014
main.py: Progress: 229 / 2014
main.py: Progress: 230 / 2014
main.py: Progress: 231 / 2014
main.py: Progress: 232 / 2014
main.py: Progress: 233 / 2014
main.py: Progress: 234 / 2014
main.py: Progress: 235 / 2014
main.py: Progress: 236 / 2014
main.py: Progress: 237 / 2014
main.py: Progress: 238 / 2014
main.py: Progress: 239 / 2014
main.py: Progress: 240 / 2014
main.py: Progress: 241 / 2014
main.py: Progress: 242 / 2014
main.py: Progress: 243 / 2014
main.py: Progress: 244 / 2014
main.py: Progress: 245 / 2014
main.py: Progress: 246 / 2014
main.py: Progress: 247 / 2014
main.py: Progress: 248 / 2014
main.py: Progress: 249 / 2014
main.py: Progress: 250 / 2014
main.py: Progress: 251 / 2014
main.py: Progress: 252 / 2014
main.py: Progress: 253 / 2014
main.py: Progress: 254 / 2014
main.py: Progress: 255 / 2014
main.py: Progress: 256 / 2014
main.py: Progress: 257 / 2014
main.py: Progress: 258 / 2014
main.py: Progress: 259 / 2014
main.py: Progress: 260 / 2014
main.py: Progress: 261 / 2014
main.py: Progress: 262 / 2014
main.py: Progress: 263 / 2014
main.py: Progress: 264 / 2014
main.py: Progress: 265 / 2014
main.py: Progress: 266 / 2014
main.py: Progress: 267 / 2014
main.py: Progress: 268 / 2014
main.py: Progress: 269 / 2014
main.py: Progress: 270 / 2014
main.py: Progress: 271 / 2014
main.py: Progress: 272 / 2014
main.py: Progress: 273 / 2014
main.py: Progress: 274 / 2014
main.py: Progress: 275 / 2014
main.py: Progress: 276 / 2014
main.py: Progress: 277 / 2014
main.py: Progress: 278 / 2014
main.py: Progress: 279 / 2014
main.py: Progress: 280 / 2014
main.py: Progress: 281 / 2014
main.py: Progress: 282 / 2014
main.py: Progress: 283 / 2014
main.py: Progress: 284 / 2014
main.py: Progress: 285 / 2014
main.py: Progress: 286 / 2014
main.py: Progress: 287 / 2014
main.py: Progress: 288 / 2014
main.py: Progress: 289 / 2014
main.py: Progress: 290 / 2014
main.py: Progress: 291 / 2014
main.py: Progress: 292 / 2014
main.py: Progress: 293 / 2014
main.py: Progress: 294 / 2014
main.py: Progress: 295 / 2014
main.py: Progress: 296 / 2014
main.py: Progress: 297 / 2014
main.py: Progress: 298 / 2014
main.py: Progress: 299 / 2014
main.py: Progress: 300 / 2014
main.py: Progress: 301 / 2014
main.py: Progress: 302 / 2014
main.py: Progress: 303 / 2014
main.py: Progress: 304 / 2014
main.py: Progress: 305 / 2014
main.py: Progress: 306 / 2014
main.py: Progress: 307 / 2014
main.py: Progress: 308 / 2014
main.py: Progress: 309 / 2014
main.py: Progress: 310 / 2014
main.py: Progress: 311 / 2014
main.py: Progress: 312 / 2014
main.py: Progress: 313 / 2014
main.py: Progress: 314 / 2014
main.py: Progress: 315 / 2014
main.py: Progress: 316 / 2014
main.py: Progress: 317 / 2014
main.py: Progress: 318 / 2014
main.py: Progress: 319 / 2014
main.py: Progress: 320 / 2014
main.py: Progress: 321 / 2014
main.py: Progress: 322 / 2014
main.py: Progress: 323 / 2014
main.py: Progress: 324 / 2014
main.py: Progress: 325 / 2014
main.py: Progress: 326 / 2014
main.py: Progress: 327 / 2014
main.py: Progress: 328 / 2014
main.py: Progress: 329 / 2014
main.py: Progress: 330 / 2014
main.py: Progress: 331 / 2014
main.py: Progress: 332 / 2014
main.py: Progress: 333 / 2014
main.py: Progress: 334 / 2014
main.py: Progress: 335 / 2014
main.py: Progress: 336 / 2014
main.py: Progress: 337 / 2014
main.py: Progress: 338 / 2014
main.py: Progress: 339 / 2014
main.py: Progress: 340 / 2014
main.py: Progress: 341 / 2014
main.py: Progress: 342 / 2014
main.py: Progress: 343 / 2014
main.py: Progress: 344 / 2014
main.py: Progress: 345 / 2014
main.py: Progress: 346 / 2014
main.py: Progress: 347 / 2014
main.py: Progress: 348 / 2014
main.py: Progress: 349 / 2014
main.py: Progress: 350 / 2014
main.py: Progress: 351 / 2014
main.py: Progress: 352 / 2014
main.py: Progress: 353 / 2014
main.py: Progress: 354 / 2014
main.py: Progress: 355 / 2014
main.py: Progress: 356 / 2014
main.py: Progress: 357 / 2014
main.py: Progress: 358 / 2014
main.py: Progress: 359 / 2014
main.py: Progress: 360 / 2014
main.py: Progress: 361 / 2014
main.py: Progress: 362 / 2014
main.py: Progress: 363 / 2014
main.py: Progress: 364 / 2014
main.py: Progress: 365 / 2014
main.py: Progress: 366 / 2014
main.py: Progress: 367 / 2014
main.py: Progress: 368 / 2014
main.py: Progress: 369 / 2014
main.py: Progress: 370 / 2014
main.py: Progress: 371 / 2014
main.py: Progress: 372 / 2014
main.py: Progress: 373 / 2014
main.py: Progress: 374 / 2014
main.py: Progress: 375 / 2014
main.py: Progress: 376 / 2014
main.py: Progress: 377 / 2014
main.py: Progress: 378 / 2014
main.py: Progress: 379 / 2014
main.py: Progress: 380 / 2014
main.py: Progress: 381 / 2014
main.py: Progress: 382 / 2014
main.py: Progress: 383 / 2014
main.py: Progress: 384 / 2014
main.py: Progress: 385 / 2014
main.py: Progress: 386 / 2014
main.py: Progress: 387 / 2014
main.py: Progress: 388 / 2014
main.py: Progress: 389 / 2014
main.py: Progress: 390 / 2014
main.py: Progress: 391 / 2014
main.py: Progress: 392 / 2014
main.py: Progress: 393 / 2014
main.py: Progress: 394 / 2014
main.py: Progress: 395 / 2014
main.py: Progress: 396 / 2014
main.py: Progress: 397 / 2014
main.py: Progress: 398 / 2014
main.py: Progress: 399 / 2014
main.py: Progress: 400 / 2014
main.py: Progress: 401 / 2014
main.py: Progress: 402 / 2014
main.py: Progress: 403 / 2014
main.py: Progress: 404 / 2014
main.py: Progress: 405 / 2014
main.py: Progress: 406 / 2014
main.py: Progress: 407 / 2014
main.py: Progress: 408 / 2014
main.py: Progress: 409 / 2014
main.py: Progress: 410 / 2014
main.py: Progress: 411 / 2014
main.py: Progress: 412 / 2014
main.py: Progress: 413 / 2014
main.py: Progress: 414 / 2014
main.py: Progress: 415 / 2014
main.py: Progress: 416 / 2014
main.py: Progress: 417 / 2014
main.py: Progress: 418 / 2014
main.py: Progress: 419 / 2014
main.py: Progress: 420 / 2014
main.py: Progress: 421 / 2014
main.py: Progress: 422 / 2014
main.py: Progress: 423 / 2014
main.py: Progress: 424 / 2014
main.py: Progress: 425 / 2014
main.py: Progress: 426 / 2014
main.py: Progress: 427 / 2014
main.py: Progress: 428 / 2014
main.py: Progress: 429 / 2014
main.py: Progress: 430 / 2014
main.py: Progress: 431 / 2014
main.py: Progress: 432 / 2014
main.py: Progress: 433 / 2014
main.py: Progress: 434 / 2014
main.py: Progress: 435 / 2014
main.py: Progress: 436 / 2014
main.py: Progress: 437 / 2014
main.py: Progress: 438 / 2014
main.py: Progress: 439 / 2014
main.py: Progress: 440 / 2014
main.py: Progress: 441 / 2014
main.py: Progress: 442 / 2014
main.py: Progress: 443 / 2014
main.py: Progress: 444 / 2014
main.py: Progress: 445 / 2014
main.py: Progress: 446 / 2014
main.py: Progress: 447 / 2014
main.py: Progress: 448 / 2014
main.py: Progress: 449 / 2014
main.py: Progress: 450 / 2014
main.py: Progress: 451 / 2014
main.py: Progress: 452 / 2014
main.py: Progress: 453 / 2014
main.py: Progress: 454 / 2014
main.py: Progress: 455 / 2014
main.py: Progress: 456 / 2014
main.py: Progress: 457 / 2014
main.py: Progress: 458 / 2014
main.py: Progress: 459 / 2014
main.py: Progress: 460 / 2014
main.py: Progress: 461 / 2014
main.py: Progress: 462 / 2014
main.py: Progress: 463 / 2014
main.py: Progress: 464 / 2014
main.py: Progress: 465 / 2014
main.py: Progress: 466 / 2014
main.py: Progress: 467 / 2014
main.py: Progress: 468 / 2014
main.py: Progress: 469 / 2014
main.py: Progress: 470 / 2014
main.py: Progress: 471 / 2014
main.py: Progress: 472 / 2014
main.py: Progress: 473 / 2014
main.py: Progress: 474 / 2014
main.py: Progress: 475 / 2014
main.py: Progress: 476 / 2014
main.py: Progress: 477 / 2014
main.py: Progress: 478 / 2014
main.py: Progress: 479 / 2014
main.py: Progress: 480 / 2014
main.py: Progress: 481 / 2014
main.py: Progress: 482 / 2014
main.py: Progress: 483 / 2014
main.py: Progress: 484 / 2014
main.py: Progress: 485 / 2014
main.py: Progress: 486 / 2014
main.py: Progress: 487 / 2014
main.py: Progress: 488 / 2014
main.py: Progress: 489 / 2014
main.py: Progress: 490 / 2014
main.py: Progress: 491 / 2014
main.py: Progress: 492 / 2014
main.py: Progress: 493 / 2014
main.py: Progress: 494 / 2014
main.py: Progress: 495 / 2014
main.py: Progress: 496 / 2014
main.py: Progress: 497 / 2014
main.py: Progress: 498 / 2014
main.py: Progress: 499 / 2014
main.py: Progress: 500 / 2014
main.py: Progress: 501 / 2014
main.py: Progress: 502 / 2014
main.py: Progress: 503 / 2014
main.py: Progress: 504 / 2014
main.py: Progress: 505 / 2014
main.py: Progress: 506 / 2014
main.py: Progress: 507 / 2014
main.py: Progress: 508 / 2014
main.py: Progress: 509 / 2014
main.py: Progress: 510 / 2014
main.py: Progress: 511 / 2014
main.py: Progress: 512 / 2014
main.py: Progress: 513 / 2014
main.py: Progress: 514 / 2014
main.py: Progress: 515 / 2014
main.py: Progress: 516 / 2014
main.py: Progress: 517 / 2014
main.py: Progress: 518 / 2014
main.py: Progress: 519 / 2014
main.py: Progress: 520 / 2014
main.py: Progress: 521 / 2014
main.py: Progress: 522 / 2014
main.py: Progress: 523 / 2014
main.py: Progress: 524 / 2014
main.py: Progress: 525 / 2014
main.py: Progress: 526 / 2014
main.py: Progress: 527 / 2014
main.py: Progress: 528 / 2014
main.py: Progress: 529 / 2014
main.py: Progress: 530 / 2014
main.py: Progress: 531 / 2014
main.py: Progress: 532 / 2014
main.py: Progress: 533 / 2014
main.py: Progress: 534 / 2014
main.py: Progress: 535 / 2014
main.py: Progress: 536 / 2014
main.py: Progress: 537 / 2014
main.py: Progress: 538 / 2014
main.py: Progress: 539 / 2014
main.py: Progress: 540 / 2014
main.py: Progress: 541 / 2014
main.py: Progress: 542 / 2014
main.py: Progress: 543 / 2014
main.py: Progress: 544 / 2014
main.py: Progress: 545 / 2014
main.py: Progress: 546 / 2014
main.py: Progress: 547 / 2014
main.py: Progress: 548 / 2014
main.py: Progress: 549 / 2014
main.py: Progress: 550 / 2014
main.py: Progress: 551 / 2014
main.py: Progress: 552 / 2014
main.py: Progress: 553 / 2014
main.py: Progress: 554 / 2014
main.py: Progress: 555 / 2014
main.py: Progress: 556 / 2014
main.py: Progress: 557 / 2014
main.py: Progress: 558 / 2014
main.py: Progress: 559 / 2014
main.py: Progress: 560 / 2014
main.py: Progress: 561 / 2014
main.py: Progress: 562 / 2014
main.py: Progress: 563 / 2014
main.py: Progress: 564 / 2014
main.py: Progress: 565 / 2014
main.py: Progress: 566 / 2014
main.py: Progress: 567 / 2014
main.py: Progress: 568 / 2014
main.py: Progress: 569 / 2014
main.py: Progress: 570 / 2014
main.py: Progress: 571 / 2014
main.py: Progress: 572 / 2014
main.py: Progress: 573 / 2014
main.py: Progress: 574 / 2014
main.py: Progress: 575 / 2014
main.py: Progress: 576 / 2014
main.py: Progress: 577 / 2014
main.py: Progress: 578 / 2014
main.py: Progress: 579 / 2014
main.py: Progress: 580 / 2014
main.py: Progress: 581 / 2014
main.py: Progress: 582 / 2014
main.py: Progress: 583 / 2014
main.py: Progress: 584 / 2014
main.py: Progress: 585 / 2014
main.py: Progress: 586 / 2014
main.py: Progress: 587 / 2014
main.py: Progress: 588 / 2014
main.py: Progress: 589 / 2014
main.py: Progress: 590 / 2014
main.py: Progress: 591 / 2014
main.py: Progress: 592 / 2014
main.py: Progress: 593 / 2014
main.py: Progress: 594 / 2014
main.py: Progress: 595 / 2014
main.py: Progress: 596 / 2014
main.py: Progress: 597 / 2014
main.py: Progress: 598 / 2014
main.py: Progress: 599 / 2014
main.py: Progress: 600 / 2014
main.py: Progress: 601 / 2014
main.py: Progress: 602 / 2014
main.py: Progress: 603 / 2014
main.py: Progress: 604 / 2014
main.py: Progress: 605 / 2014
main.py: Progress: 606 / 2014
main.py: Progress: 607 / 2014
main.py: Progress: 608 / 2014
main.py: Progress: 609 / 2014
main.py: Progress: 610 / 2014
main.py: Progress: 611 / 2014
main.py: Progress: 612 / 2014
main.py: Progress: 613 / 2014
main.py: Progress: 614 / 2014
main.py: Progress: 615 / 2014
main.py: Progress: 616 / 2014
main.py: Progress: 617 / 2014
main.py: Progress: 618 / 2014
main.py: Progress: 619 / 2014
main.py: Progress: 620 / 2014
main.py: Progress: 621 / 2014
main.py: Progress: 622 / 2014
main.py: Progress: 623 / 2014
main.py: Progress: 624 / 2014
main.py: Progress: 625 / 2014
main.py: Progress: 626 / 2014
main.py: Progress: 627 / 2014
main.py: Progress: 628 / 2014
main.py: Progress: 629 / 2014
main.py: Progress: 630 / 2014
main.py: Progress: 631 / 2014
main.py: Progress: 632 / 2014
main.py: Progress: 633 / 2014
main.py: Progress: 634 / 2014
main.py: Progress: 635 / 2014
main.py: Progress: 636 / 2014
main.py: Progress: 637 / 2014
main.py: Progress: 638 / 2014
main.py: Progress: 639 / 2014
main.py: Progress: 640 / 2014
main.py: Progress: 641 / 2014
main.py: Progress: 642 / 2014
main.py: Progress: 643 / 2014
main.py: Progress: 644 / 2014
main.py: Progress: 645 / 2014
main.py: Progress: 646 / 2014
main.py: Progress: 647 / 2014
main.py: Progress: 648 / 2014
main.py: Progress: 649 / 2014
main.py: Progress: 650 / 2014
main.py: Progress: 651 / 2014
main.py: Progress: 652 / 2014
main.py: Progress: 653 / 2014
main.py: Progress: 654 / 2014
main.py: Progress: 655 / 2014
main.py: Progress: 656 / 2014
main.py: Progress: 657 / 2014
main.py: Progress: 658 / 2014
main.py: Progress: 659 / 2014
main.py: Progress: 660 / 2014
main.py: Progress: 661 / 2014
main.py: Progress: 662 / 2014
main.py: Progress: 663 / 2014
main.py: Progress: 664 / 2014
main.py: Progress: 665 / 2014
main.py: Progress: 666 / 2014
main.py: Progress: 667 / 2014
main.py: Progress: 668 / 2014
main.py: Progress: 669 / 2014
main.py: Progress: 670 / 2014
main.py: Progress: 671 / 2014
main.py: Progress: 672 / 2014
main.py: Progress: 673 / 2014
main.py: Progress: 674 / 2014
main.py: Progress: 675 / 2014
main.py: Progress: 676 / 2014
main.py: Progress: 677 / 2014
main.py: Progress: 678 / 2014
main.py: Progress: 679 / 2014
main.py: Progress: 680 / 2014
main.py: Progress: 681 / 2014
main.py: Progress: 682 / 2014
main.py: Progress: 683 / 2014
main.py: Progress: 684 / 2014
main.py: Progress: 685 / 2014
main.py: Progress: 686 / 2014
main.py: Progress: 687 / 2014
main.py: Progress: 688 / 2014
main.py: Progress: 689 / 2014
main.py: Progress: 690 / 2014
main.py: Progress: 691 / 2014
main.py: Progress: 692 / 2014
main.py: Progress: 693 / 2014
main.py: Progress: 694 / 2014
main.py: Progress: 695 / 2014
main.py: Progress: 696 / 2014
main.py: Progress: 697 / 2014
main.py: Progress: 698 / 2014
main.py: Progress: 699 / 2014
main.py: Progress: 700 / 2014
main.py: Progress: 701 / 2014
main.py: Progress: 702 / 2014
main.py: Progress: 703 / 2014
main.py: Progress: 704 / 2014
main.py: Progress: 705 / 2014
main.py: Progress: 706 / 2014
main.py: Progress: 707 / 2014
main.py: Progress: 708 / 2014
main.py: Progress: 709 / 2014
main.py: Progress: 710 / 2014
main.py: Progress: 711 / 2014
main.py: Progress: 712 / 2014
main.py: Progress: 713 / 2014
main.py: Progress: 714 / 2014
main.py: Progress: 715 / 2014
main.py: Progress: 716 / 2014
main.py: Progress: 717 / 2014
main.py: Progress: 718 / 2014
main.py: Progress: 719 / 2014
main.py: Progress: 720 / 2014
main.py: Progress: 721 / 2014
main.py: Progress: 722 / 2014
main.py: Progress: 723 / 2014
main.py: Progress: 724 / 2014
main.py: Progress: 725 / 2014
main.py: Progress: 726 / 2014
main.py: Progress: 727 / 2014
main.py: Progress: 728 / 2014
main.py: Progress: 729 / 2014
main.py: Progress: 730 / 2014
main.py: Progress: 731 / 2014
main.py: Progress: 732 / 2014
main.py: Progress: 733 / 2014
main.py: Progress: 734 / 2014
main.py: Progress: 735 / 2014
main.py: Progress: 736 / 2014
main.py: Progress: 737 / 2014
main.py: Progress: 738 / 2014
main.py: Progress: 739 / 2014
main.py: Progress: 740 / 2014
main.py: Progress: 741 / 2014
main.py: Progress: 742 / 2014
main.py: Progress: 743 / 2014
main.py: Progress: 744 / 2014
main.py: Progress: 745 / 2014
main.py: Progress: 746 / 2014
main.py: Progress: 747 / 2014
main.py: Progress: 748 / 2014
main.py: Progress: 749 / 2014
main.py: Progress: 750 / 2014
main.py: Progress: 751 / 2014
main.py: Progress: 752 / 2014
main.py: Progress: 753 / 2014
main.py: Progress: 754 / 2014
main.py: Progress: 755 / 2014
main.py: Progress: 756 / 2014
main.py: Progress: 757 / 2014
main.py: Progress: 758 / 2014
main.py: Progress: 759 / 2014
main.py: Progress: 760 / 2014
main.py: Progress: 761 / 2014
main.py: Progress: 762 / 2014
main.py: Progress: 763 / 2014
main.py: Progress: 764 / 2014
main.py: Progress: 765 / 2014
main.py: Progress: 766 / 2014
main.py: Progress: 767 / 2014
main.py: Progress: 768 / 2014
main.py: Progress: 769 / 2014
main.py: Progress: 770 / 2014
main.py: Progress: 771 / 2014
main.py: Progress: 772 / 2014
main.py: Progress: 773 / 2014
main.py: Progress: 774 / 2014
main.py: Progress: 775 / 2014
main.py: Progress: 776 / 2014
main.py: Progress: 777 / 2014
main.py: Progress: 778 / 2014
main.py: Progress: 779 / 2014
main.py: Progress: 780 / 2014
main.py: Progress: 781 / 2014
main.py: Progress: 782 / 2014
main.py: Progress: 783 / 2014
main.py: Progress: 784 / 2014
main.py: Progress: 785 / 2014
main.py: Progress: 786 / 2014
main.py: Progress: 787 / 2014
main.py: Progress: 788 / 2014
main.py: Progress: 789 / 2014
main.py: Progress: 790 / 2014
main.py: Progress: 791 / 2014
main.py: Progress: 792 / 2014
main.py: Progress: 793 / 2014
main.py: Progress: 794 / 2014
main.py: Progress: 795 / 2014
main.py: Progress: 796 / 2014
main.py: Progress: 797 / 2014
main.py: Progress: 798 / 2014
main.py: Progress: 799 / 2014
main.py: Progress: 800 / 2014
main.py: Progress: 801 / 2014
main.py: Progress: 802 / 2014
main.py: Progress: 803 / 2014
main.py: Progress: 804 / 2014
main.py: Progress: 805 / 2014
main.py: Progress: 806 / 2014
main.py: Progress: 807 / 2014
main.py: Progress: 808 / 2014
main.py: Progress: 809 / 2014
main.py: Progress: 810 / 2014
main.py: Progress: 811 / 2014
main.py: Progress: 812 / 2014
main.py: Progress: 813 / 2014
main.py: Progress: 814 / 2014
main.py: Progress: 815 / 2014
main.py: Progress: 816 / 2014
main.py: Progress: 817 / 2014
main.py: Progress: 818 / 2014
main.py: Progress: 819 / 2014
main.py: Progress: 820 / 2014
main.py: Progress: 821 / 2014
main.py: Progress: 822 / 2014
main.py: Progress: 823 / 2014
main.py: Progress: 824 / 2014
main.py: Progress: 825 / 2014
main.py: Progress: 826 / 2014
main.py: Progress: 827 / 2014
main.py: Progress: 828 / 2014
main.py: Progress: 829 / 2014
main.py: Progress: 830 / 2014
main.py: Progress: 831 / 2014
main.py: Progress: 832 / 2014
main.py: Progress: 833 / 2014
main.py: Progress: 834 / 2014
main.py: Progress: 835 / 2014
main.py: Progress: 836 / 2014
main.py: Progress: 837 / 2014
main.py: Progress: 838 / 2014
main.py: Progress: 839 / 2014
main.py: Progress: 840 / 2014
main.py: Progress: 841 / 2014
main.py: Progress: 842 / 2014
main.py: Progress: 843 / 2014
main.py: Progress: 844 / 2014
main.py: Progress: 845 / 2014
main.py: Progress: 846 / 2014
main.py: Progress: 847 / 2014
main.py: Progress: 848 / 2014
main.py: Progress: 849 / 2014
main.py: Progress: 850 / 2014
main.py: Progress: 851 / 2014
main.py: Progress: 852 / 2014
main.py: Progress: 853 / 2014
main.py: Progress: 854 / 2014
main.py: Progress: 855 / 2014
main.py: Progress: 856 / 2014
main.py: Progress: 857 / 2014
main.py: Progress: 858 / 2014
main.py: Progress: 859 / 2014
main.py: Progress: 860 / 2014
main.py: Progress: 861 / 2014
main.py: Progress: 862 / 2014
main.py: Progress: 863 / 2014
main.py: Progress: 864 / 2014
main.py: Progress: 865 / 2014
main.py: Progress: 866 / 2014
main.py: Progress: 867 / 2014
main.py: Progress: 868 / 2014
main.py: Progress: 869 / 2014
main.py: Progress: 870 / 2014
main.py: Progress: 871 / 2014
main.py: Progress: 872 / 2014
main.py: Progress: 873 / 2014
main.py: Progress: 874 / 2014
main.py: Progress: 875 / 2014
main.py: Progress: 876 / 2014
main.py: Progress: 877 / 2014
main.py: Progress: 878 / 2014
main.py: Progress: 879 / 2014
main.py: Progress: 880 / 2014
main.py: Progress: 881 / 2014
main.py: Progress: 882 / 2014
main.py: Progress: 883 / 2014
main.py: Progress: 884 / 2014
main.py: Progress: 885 / 2014
main.py: Progress: 886 / 2014
main.py: Progress: 887 / 2014
main.py: Progress: 888 / 2014
main.py: Progress: 889 / 2014
main.py: Progress: 890 / 2014
main.py: Progress: 891 / 2014
main.py: Progress: 892 / 2014
main.py: Progress: 893 / 2014
main.py: Progress: 894 / 2014
main.py: Progress: 895 / 2014
main.py: Progress: 896 / 2014
main.py: Progress: 897 / 2014
main.py: Progress: 898 / 2014
main.py: Progress: 899 / 2014
main.py: Progress: 900 / 2014
main.py: Progress: 901 / 2014
main.py: Progress: 902 / 2014
main.py: Progress: 903 / 2014
main.py: Progress: 904 / 2014
main.py: Progress: 905 / 2014
main.py: Progress: 906 / 2014
main.py: Progress: 907 / 2014
main.py: Progress: 908 / 2014
main.py: Progress: 909 / 2014
main.py: Progress: 910 / 2014
main.py: Progress: 911 / 2014
main.py: Progress: 912 / 2014
main.py: Progress: 913 / 2014
main.py: Progress: 914 / 2014
main.py: Progress: 915 / 2014
main.py: Progress: 916 / 2014
main.py: Progress: 917 / 2014
main.py: Progress: 918 / 2014
main.py: Progress: 919 / 2014
main.py: Progress: 920 / 2014
main.py: Progress: 921 / 2014
main.py: Progress: 922 / 2014
main.py: Progress: 923 / 2014
main.py: Progress: 924 / 2014
main.py: Progress: 925 / 2014
main.py: Progress: 926 / 2014
main.py: Progress: 927 / 2014
main.py: Progress: 928 / 2014
main.py: Progress: 929 / 2014
main.py: Progress: 930 / 2014
main.py: Progress: 931 / 2014
main.py: Progress: 932 / 2014
main.py: Progress: 933 / 2014
main.py: Progress: 934 / 2014
main.py: Progress: 935 / 2014
main.py: Progress: 936 / 2014
main.py: Progress: 937 / 2014
main.py: Progress: 938 / 2014
main.py: Progress: 939 / 2014
main.py: Progress: 940 / 2014
main.py: Progress: 941 / 2014
main.py: Progress: 942 / 2014
main.py: Progress: 943 / 2014
main.py: Progress: 944 / 2014
main.py: Progress: 945 / 2014
main.py: Progress: 946 / 2014
main.py: Progress: 947 / 2014
main.py: Progress: 948 / 2014
main.py: Progress: 949 / 2014
main.py: Progress: 950 / 2014
main.py: Progress: 951 / 2014
main.py: Progress: 952 / 2014
main.py: Progress: 953 / 2014
main.py: Progress: 954 / 2014
main.py: Progress: 955 / 2014
main.py: Progress: 956 / 2014
main.py: Progress: 957 / 2014
main.py: Progress: 958 / 2014
main.py: Progress: 959 / 2014
main.py: Progress: 960 / 2014
main.py: Progress: 961 / 2014
main.py: Progress: 962 / 2014
main.py: Progress: 963 / 2014
main.py: Progress: 964 / 2014
main.py: Progress: 965 / 2014
main.py: Progress: 966 / 2014
main.py: Progress: 967 / 2014
main.py: Progress: 968 / 2014
main.py: Progress: 969 / 2014
main.py: Progress: 970 / 2014
main.py: Progress: 971 / 2014
main.py: Progress: 972 / 2014
main.py: Progress: 973 / 2014
main.py: Progress: 974 / 2014
main.py: Progress: 975 / 2014
main.py: Progress: 976 / 2014
main.py: Progress: 977 / 2014
main.py: Progress: 978 / 2014
main.py: Progress: 979 / 2014
main.py: Progress: 980 / 2014
main.py: Progress: 981 / 2014
main.py: Progress: 982 / 2014
main.py: Progress: 983 / 2014
main.py: Progress: 984 / 2014
main.py: Progress: 985 / 2014
main.py: Progress: 986 / 2014
main.py: Progress: 987 / 2014
main.py: Progress: 988 / 2014
main.py: Progress: 989 / 2014
main.py: Progress: 990 / 2014
main.py: Progress: 991 / 2014
main.py: Progress: 992 / 2014
main.py: Progress: 993 / 2014
main.py: Progress: 994 / 2014
main.py: Progress: 995 / 2014
main.py: Progress: 996 / 2014
main.py: Progress: 997 / 2014
main.py: Progress: 998 / 2014
main.py: Progress: 999 / 2014
main.py: Progress: 1000 / 2014
main.py: Progress: 1001 / 2014
main.py: Progress: 1002 / 2014
main.py: Progress: 1003 / 2014
main.py: Progress: 1004 / 2014
main.py: Progress: 1005 / 2014
main.py: Progress: 1006 / 2014
main.py: Progress: 1007 / 2014
main.py: Progress: 1008 / 2014
main.py: Progress: 1009 / 2014
main.py: Progress: 1010 / 2014
main.py: Progress: 1011 / 2014
main.py: Progress: 1012 / 2014
main.py: Progress: 1013 / 2014
main.py: Progress: 1014 / 2014
main.py: Progress: 1015 / 2014
main.py: Progress: 1016 / 2014
main.py: Progress: 1017 / 2014
main.py: Progress: 1018 / 2014
main.py: Progress: 1019 / 2014
main.py: Progress: 1020 / 2014
main.py: Progress: 1021 / 2014
main.py: Progress: 1022 / 2014
main.py: Progress: 1023 / 2014
main.py: Progress: 1024 / 2014
main.py: Progress: 1025 / 2014
main.py: Progress: 1026 / 2014
main.py: Progress: 1027 / 2014
main.py: Progress: 1028 / 2014
main.py: Progress: 1029 / 2014
main.py: Progress: 1030 / 2014
main.py: Progress: 1031 / 2014
main.py: Progress: 1032 / 2014
main.py: Progress: 1033 / 2014
main.py: Progress: 1034 / 2014
main.py: Progress: 1035 / 2014
main.py: Progress: 1036 / 2014
main.py: Progress: 1037 / 2014
main.py: Progress: 1038 / 2014
main.py: Progress: 1039 / 2014
main.py: Progress: 1040 / 2014
main.py: Progress: 1041 / 2014
main.py: Progress: 1042 / 2014
main.py: Progress: 1043 / 2014
main.py: Progress: 1044 / 2014
main.py: Progress: 1045 / 2014
main.py: Progress: 1046 / 2014
main.py: Progress: 1047 / 2014
main.py: Progress: 1048 / 2014
main.py: Progress: 1049 / 2014
main.py: Progress: 1050 / 2014
main.py: Progress: 1051 / 2014
main.py: Progress: 1052 / 2014
main.py: Progress: 1053 / 2014
main.py: Progress: 1054 / 2014
main.py: Progress: 1055 / 2014
main.py: Progress: 1056 / 2014
main.py: Progress: 1057 / 2014
main.py: Progress: 1058 / 2014
main.py: Progress: 1059 / 2014
main.py: Progress: 1060 / 2014
main.py: Progress: 1061 / 2014
main.py: Progress: 1062 / 2014
main.py: Progress: 1063 / 2014
main.py: Progress: 1064 / 2014
main.py: Progress: 1065 / 2014
main.py: Progress: 1066 / 2014
main.py: Progress: 1067 / 2014
main.py: Progress: 1068 / 2014
main.py: Progress: 1069 / 2014
main.py: Progress: 1070 / 2014
main.py: Progress: 1071 / 2014
main.py: Progress: 1072 / 2014
main.py: Progress: 1073 / 2014
main.py: Progress: 1074 / 2014
main.py: Progress: 1075 / 2014
main.py: Progress: 1076 / 2014
main.py: Progress: 1077 / 2014
main.py: Progress: 1078 / 2014
main.py: Progress: 1079 / 2014
main.py: Progress: 1080 / 2014
main.py: Progress: 1081 / 2014
main.py: Progress: 1082 / 2014
main.py: Progress: 1083 / 2014
main.py: Progress: 1084 / 2014
main.py: Progress: 1085 / 2014
main.py: Progress: 1086 / 2014
main.py: Progress: 1087 / 2014
main.py: Progress: 1088 / 2014
main.py: Progress: 1089 / 2014
main.py: Progress: 1090 / 2014
main.py: Progress: 1091 / 2014
main.py: Progress: 1092 / 2014
main.py: Progress: 1093 / 2014
main.py: Progress: 1094 / 2014
main.py: Progress: 1095 / 2014
main.py: Progress: 1096 / 2014
main.py: Progress: 1097 / 2014
main.py: Progress: 1098 / 2014
main.py: Progress: 1099 / 2014
main.py: Progress: 1100 / 2014
main.py: Progress: 1101 / 2014
main.py: Progress: 1102 / 2014
main.py: Progress: 1103 / 2014
main.py: Progress: 1104 / 2014
main.py: Progress: 1105 / 2014
main.py: Progress: 1106 / 2014
main.py: Progress: 1107 / 2014
main.py: Progress: 1108 / 2014
main.py: Progress: 1109 / 2014
main.py: Progress: 1110 / 2014
main.py: Progress: 1111 / 2014
main.py: Progress: 1112 / 2014
main.py: Progress: 1113 / 2014
main.py: Progress: 1114 / 2014
main.py: Progress: 1115 / 2014
main.py: Progress: 1116 / 2014
main.py: Progress: 1117 / 2014
main.py: Progress: 1118 / 2014
main.py: Progress: 1119 / 2014
main.py: Progress: 1120 / 2014
main.py: Progress: 1121 / 2014
main.py: Progress: 1122 / 2014
main.py: Progress: 1123 / 2014
main.py: Progress: 1124 / 2014
main.py: Progress: 1125 / 2014
main.py: Progress: 1126 / 2014
main.py: Progress: 1127 / 2014
main.py: Progress: 1128 / 2014
main.py: Progress: 1129 / 2014
main.py: Progress: 1130 / 2014
main.py: Progress: 1131 / 2014
main.py: Progress: 1132 / 2014
main.py: Progress: 1133 / 2014
main.py: Progress: 1134 / 2014
main.py: Progress: 1135 / 2014
main.py: Progress: 1136 / 2014
main.py: Progress: 1137 / 2014
main.py: Progress: 1138 / 2014
main.py: Progress: 1139 / 2014
main.py: Progress: 1140 / 2014
main.py: Progress: 1141 / 2014
main.py: Progress: 1142 / 2014
main.py: Progress: 1143 / 2014
main.py: Progress: 1144 / 2014
main.py: Progress: 1145 / 2014
main.py: Progress: 1146 / 2014
main.py: Progress: 1147 / 2014
main.py: Progress: 1148 / 2014
main.py: Progress: 1149 / 2014
main.py: Progress: 1150 / 2014
main.py: Progress: 1151 / 2014
main.py: Progress: 1152 / 2014
main.py: Progress: 1153 / 2014
main.py: Progress: 1154 / 2014
main.py: Progress: 1155 / 2014
main.py: Progress: 1156 / 2014
main.py: Progress: 1157 / 2014
main.py: Progress: 1158 / 2014
main.py: Progress: 1159 / 2014
main.py: Progress: 1160 / 2014
main.py: Progress: 1161 / 2014
main.py: Progress: 1162 / 2014
main.py: Progress: 1163 / 2014
main.py: Progress: 1164 / 2014
main.py: Progress: 1165 / 2014
main.py: Progress: 1166 / 2014
main.py: Progress: 1167 / 2014
main.py: Progress: 1168 / 2014
main.py: Progress: 1169 / 2014
main.py: Progress: 1170 / 2014
main.py: Progress: 1171 / 2014
main.py: Progress: 1172 / 2014
main.py: Progress: 1173 / 2014
main.py: Progress: 1174 / 2014
main.py: Progress: 1175 / 2014
main.py: Progress: 1176 / 2014
main.py: Progress: 1177 / 2014
main.py: Progress: 1178 / 2014
main.py: Progress: 1179 / 2014
main.py: Progress: 1180 / 2014
main.py: Progress: 1181 / 2014
main.py: Progress: 1182 / 2014
main.py: Progress: 1183 / 2014
main.py: Progress: 1184 / 2014
main.py: Progress: 1185 / 2014
main.py: Progress: 1186 / 2014
main.py: Progress: 1187 / 2014
main.py: Progress: 1188 / 2014
main.py: Progress: 1189 / 2014
main.py: Progress: 1190 / 2014
main.py: Progress: 1191 / 2014
main.py: Progress: 1192 / 2014
main.py: Progress: 1193 / 2014
main.py: Progress: 1194 / 2014
main.py: Progress: 1195 / 2014
main.py: Progress: 1196 / 2014
main.py: Progress: 1197 / 2014
main.py: Progress: 1198 / 2014
main.py: Progress: 1199 / 2014
main.py: Progress: 1200 / 2014
main.py: Progress: 1201 / 2014
main.py: Progress: 1202 / 2014
main.py: Progress: 1203 / 2014
main.py: Progress: 1204 / 2014
main.py: Progress: 1205 / 2014
main.py: Progress: 1206 / 2014
main.py: Progress: 1207 / 2014
main.py: Progress: 1208 / 2014
main.py: Progress: 1209 / 2014
main.py: Progress: 1210 / 2014
main.py: Progress: 1211 / 2014
main.py: Progress: 1212 / 2014
main.py: Progress: 1213 / 2014
main.py: Progress: 1214 / 2014
main.py: Progress: 1215 / 2014
main.py: Progress: 1216 / 2014
main.py: Progress: 1217 / 2014
main.py: Progress: 1218 / 2014
main.py: Progress: 1219 / 2014
main.py: Progress: 1220 / 2014
main.py: Progress: 1221 / 2014
main.py: Progress: 1222 / 2014
main.py: Progress: 1223 / 2014
main.py: Progress: 1224 / 2014
main.py: Progress: 1225 / 2014
main.py: Progress: 1226 / 2014
main.py: Progress: 1227 / 2014
main.py: Progress: 1228 / 2014
main.py: Progress: 1229 / 2014
main.py: Progress: 1230 / 2014
main.py: Progress: 1231 / 2014
main.py: Progress: 1232 / 2014
main.py: Progress: 1233 / 2014
main.py: Progress: 1234 / 2014
main.py: Progress: 1235 / 2014
main.py: Progress: 1236 / 2014
main.py: Progress: 1237 / 2014
main.py: Progress: 1238 / 2014
main.py: Progress: 1239 / 2014
main.py: Progress: 1240 / 2014
main.py: Progress: 1241 / 2014
main.py: Progress: 1242 / 2014
main.py: Progress: 1243 / 2014
main.py: Progress: 1244 / 2014
main.py: Progress: 1245 / 2014
main.py: Progress: 1246 / 2014
main.py: Progress: 1247 / 2014
main.py: Progress: 1248 / 2014
main.py: Progress: 1249 / 2014
main.py: Progress: 1250 / 2014
main.py: Progress: 1251 / 2014
main.py: Progress: 1252 / 2014
main.py: Progress: 1253 / 2014
main.py: Progress: 1254 / 2014
main.py: Progress: 1255 / 2014
main.py: Progress: 1256 / 2014
main.py: Progress: 1257 / 2014
main.py: Progress: 1258 / 2014
main.py: Progress: 1259 / 2014
main.py: Progress: 1260 / 2014
main.py: Progress: 1261 / 2014
main.py: Progress: 1262 / 2014
main.py: Progress: 1263 / 2014
main.py: Progress: 1264 / 2014
main.py: Progress: 1265 / 2014
main.py: Progress: 1266 / 2014
main.py: Progress: 1267 / 2014
main.py: Progress: 1268 / 2014
main.py: Progress: 1269 / 2014
main.py: Progress: 1270 / 2014
main.py: Progress: 1271 / 2014
main.py: Progress: 1272 / 2014
main.py: Progress: 1273 / 2014
main.py: Progress: 1274 / 2014
main.py: Progress: 1275 / 2014
main.py: Progress: 1276 / 2014
main.py: Progress: 1277 / 2014
main.py: Progress: 1278 / 2014
main.py: Progress: 1279 / 2014
main.py: Progress: 1280 / 2014
main.py: Progress: 1281 / 2014
main.py: Progress: 1282 / 2014
main.py: Progress: 1283 / 2014
main.py: Progress: 1284 / 2014
main.py: Progress: 1285 / 2014
main.py: Progress: 1286 / 2014
main.py: Progress: 1287 / 2014
main.py: Progress: 1288 / 2014
main.py: Progress: 1289 / 2014
main.py: Progress: 1290 / 2014
main.py: Progress: 1291 / 2014
main.py: Progress: 1292 / 2014
main.py: Progress: 1293 / 2014
main.py: Progress: 1294 / 2014
main.py: Progress: 1295 / 2014
main.py: Progress: 1296 / 2014
main.py: Progress: 1297 / 2014
main.py: Progress: 1298 / 2014
main.py: Progress: 1299 / 2014
main.py: Progress: 1300 / 2014
main.py: Progress: 1301 / 2014
main.py: Progress: 1302 / 2014
main.py: Progress: 1303 / 2014
main.py: Progress: 1304 / 2014
main.py: Progress: 1305 / 2014
main.py: Progress: 1306 / 2014
main.py: Progress: 1307 / 2014
main.py: Progress: 1308 / 2014
main.py: Progress: 1309 / 2014
main.py: Progress: 1310 / 2014
main.py: Progress: 1311 / 2014
main.py: Progress: 1312 / 2014
main.py: Progress: 1313 / 2014
main.py: Progress: 1314 / 2014
main.py: Progress: 1315 / 2014
main.py: Progress: 1316 / 2014
main.py: Progress: 1317 / 2014
main.py: Progress: 1318 / 2014
main.py: Progress: 1319 / 2014
main.py: Progress: 1320 / 2014
main.py: Progress: 1321 / 2014
main.py: Progress: 1322 / 2014
main.py: Progress: 1323 / 2014
main.py: Progress: 1324 / 2014
main.py: Progress: 1325 / 2014
main.py: Progress: 1326 / 2014
main.py: Progress: 1327 / 2014
main.py: Progress: 1328 / 2014
main.py: Progress: 1329 / 2014
main.py: Progress: 1330 / 2014
main.py: Progress: 1331 / 2014
main.py: Progress: 1332 / 2014
main.py: Progress: 1333 / 2014
main.py: Progress: 1334 / 2014
main.py: Progress: 1335 / 2014
main.py: Progress: 1336 / 2014
main.py: Progress: 1337 / 2014
main.py: Progress: 1338 / 2014
main.py: Progress: 1339 / 2014
main.py: Progress: 1340 / 2014
main.py: Progress: 1341 / 2014
main.py: Progress: 1342 / 2014
main.py: Progress: 1343 / 2014
main.py: Progress: 1344 / 2014
main.py: Progress: 1345 / 2014
main.py: Progress: 1346 / 2014
main.py: Progress: 1347 / 2014
main.py: Progress: 1348 / 2014
main.py: Progress: 1349 / 2014
main.py: Progress: 1350 / 2014
main.py: Progress: 1351 / 2014
main.py: Progress: 1352 / 2014
main.py: Progress: 1353 / 2014
main.py: Progress: 1354 / 2014
main.py: Progress: 1355 / 2014
main.py: Progress: 1356 / 2014
main.py: Progress: 1357 / 2014
main.py: Progress: 1358 / 2014
main.py: Progress: 1359 / 2014
main.py: Progress: 1360 / 2014
main.py: Progress: 1361 / 2014
main.py: Progress: 1362 / 2014
main.py: Progress: 1363 / 2014
main.py: Progress: 1364 / 2014
main.py: Progress: 1365 / 2014
main.py: Progress: 1366 / 2014
main.py: Progress: 1367 / 2014
main.py: Progress: 1368 / 2014
main.py: Progress: 1369 / 2014
main.py: Progress: 1370 / 2014
main.py: Progress: 1371 / 2014
main.py: Progress: 1372 / 2014
main.py: Progress: 1373 / 2014
main.py: Progress: 1374 / 2014
main.py: Progress: 1375 / 2014
main.py: Progress: 1376 / 2014
main.py: Progress: 1377 / 2014
main.py: Progress: 1378 / 2014
main.py: Progress: 1379 / 2014
main.py: Progress: 1380 / 2014
main.py: Progress: 1381 / 2014
main.py: Progress: 1382 / 2014
main.py: Progress: 1383 / 2014
main.py: Progress: 1384 / 2014
main.py: Progress: 1385 / 2014
main.py: Progress: 1386 / 2014
main.py: Progress: 1387 / 2014
main.py: Progress: 1388 / 2014
main.py: Progress: 1389 / 2014
main.py: Progress: 1390 / 2014
main.py: Progress: 1391 / 2014
main.py: Progress: 1392 / 2014
main.py: Progress: 1393 / 2014
main.py: Progress: 1394 / 2014
main.py: Progress: 1395 / 2014
main.py: Progress: 1396 / 2014
main.py: Progress: 1397 / 2014
main.py: Progress: 1398 / 2014
main.py: Progress: 1399 / 2014
main.py: Progress: 1400 / 2014
main.py: Progress: 1401 / 2014
main.py: Progress: 1402 / 2014
main.py: Progress: 1403 / 2014
main.py: Progress: 1404 / 2014
main.py: Progress: 1405 / 2014
main.py: Progress: 1406 / 2014
main.py: Progress: 1407 / 2014
main.py: Progress: 1408 / 2014
main.py: Progress: 1409 / 2014
main.py: Progress: 1410 / 2014
main.py: Progress: 1411 / 2014
main.py: Progress: 1412 / 2014
main.py: Progress: 1413 / 2014
main.py: Progress: 1414 / 2014
main.py: Progress: 1415 / 2014
main.py: Progress: 1416 / 2014
main.py: Progress: 1417 / 2014
main.py: Progress: 1418 / 2014
main.py: Progress: 1419 / 2014
main.py: Progress: 1420 / 2014
main.py: Progress: 1421 / 2014
main.py: Progress: 1422 / 2014
main.py: Progress: 1423 / 2014
main.py: Progress: 1424 / 2014
main.py: Progress: 1425 / 2014
main.py: Progress: 1426 / 2014
main.py: Progress: 1427 / 2014
main.py: Progress: 1428 / 2014
main.py: Progress: 1429 / 2014
main.py: Progress: 1430 / 2014
main.py: Progress: 1431 / 2014
main.py: Progress: 1432 / 2014
main.py: Progress: 1433 / 2014
main.py: Progress: 1434 / 2014
main.py: Progress: 1435 / 2014
main.py: Progress: 1436 / 2014
main.py: Progress: 1437 / 2014
main.py: Progress: 1438 / 2014
main.py: Progress: 1439 / 2014
main.py: Progress: 1440 / 2014
main.py: Progress: 1441 / 2014
main.py: Progress: 1442 / 2014
main.py: Progress: 1443 / 2014
main.py: Progress: 1444 / 2014
main.py: Progress: 1445 / 2014
main.py: Progress: 1446 / 2014
main.py: Progress: 1447 / 2014
main.py: Progress: 1448 / 2014
main.py: Progress: 1449 / 2014
main.py: Progress: 1450 / 2014
main.py: Progress: 1451 / 2014
main.py: Progress: 1452 / 2014
main.py: Progress: 1453 / 2014
main.py: Progress: 1454 / 2014
main.py: Progress: 1455 / 2014
main.py: Progress: 1456 / 2014
main.py: Progress: 1457 / 2014
main.py: Progress: 1458 / 2014
main.py: Progress: 1459 / 2014
main.py: Progress: 1460 / 2014
main.py: Progress: 1461 / 2014
main.py: Progress: 1462 / 2014
main.py: Progress: 1463 / 2014
main.py: Progress: 1464 / 2014
main.py: Progress: 1465 / 2014
main.py: Progress: 1466 / 2014
main.py: Progress: 1467 / 2014
main.py: Progress: 1468 / 2014
main.py: Progress: 1469 / 2014
main.py: Progress: 1470 / 2014
main.py: Progress: 1471 / 2014
main.py: Progress: 1472 / 2014
main.py: Progress: 1473 / 2014
main.py: Progress: 1474 / 2014
main.py: Progress: 1475 / 2014
main.py: Progress: 1476 / 2014
main.py: Progress: 1477 / 2014
main.py: Progress: 1478 / 2014
main.py: Progress: 1479 / 2014
main.py: Progress: 1480 / 2014
main.py: Progress: 1481 / 2014
main.py: Progress: 1482 / 2014
main.py: Progress: 1483 / 2014
main.py: Progress: 1484 / 2014
main.py: Progress: 1485 / 2014
main.py: Progress: 1486 / 2014
main.py: Progress: 1487 / 2014
main.py: Progress: 1488 / 2014
main.py: Progress: 1489 / 2014
main.py: Progress: 1490 / 2014
main.py: Progress: 1491 / 2014
main.py: Progress: 1492 / 2014
main.py: Progress: 1493 / 2014
main.py: Progress: 1494 / 2014
main.py: Progress: 1495 / 2014
main.py: Progress: 1496 / 2014
main.py: Progress: 1497 / 2014
main.py: Progress: 1498 / 2014
main.py: Progress: 1499 / 2014
main.py: Progress: 1500 / 2014
main.py: Progress: 1501 / 2014
main.py: Progress: 1502 / 2014
main.py: Progress: 1503 / 2014
main.py: Progress: 1504 / 2014
main.py: Progress: 1505 / 2014
main.py: Progress: 1506 / 2014
main.py: Progress: 1507 / 2014
main.py: Progress: 1508 / 2014
main.py: Progress: 1509 / 2014
main.py: Progress: 1510 / 2014
main.py: Progress: 1511 / 2014
main.py: Progress: 1512 / 2014
main.py: Progress: 1513 / 2014
main.py: Progress: 1514 / 2014
main.py: Progress: 1515 / 2014
main.py: Progress: 1516 / 2014
main.py: Progress: 1517 / 2014
main.py: Progress: 1518 / 2014
main.py: Progress: 1519 / 2014
main.py: Progress: 1520 / 2014
main.py: Progress: 1521 / 2014
main.py: Progress: 1522 / 2014
main.py: Progress: 1523 / 2014
main.py: Progress: 1524 / 2014
main.py: Progress: 1525 / 2014
main.py: Progress: 1526 / 2014
main.py: Progress: 1527 / 2014
main.py: Progress: 1528 / 2014
main.py: Progress: 1529 / 2014
main.py: Progress: 1530 / 2014
main.py: Progress: 1531 / 2014
main.py: Progress: 1532 / 2014
main.py: Progress: 1533 / 2014
main.py: Progress: 1534 / 2014
main.py: Progress: 1535 / 2014
main.py: Progress: 1536 / 2014
main.py: Progress: 1537 / 2014
main.py: Progress: 1538 / 2014
main.py: Progress: 1539 / 2014
main.py: Progress: 1540 / 2014
main.py: Progress: 1541 / 2014
main.py: Progress: 1542 / 2014
main.py: Progress: 1543 / 2014
main.py: Progress: 1544 / 2014
main.py: Progress: 1545 / 2014
main.py: Progress: 1546 / 2014
main.py: Progress: 1547 / 2014
main.py: Progress: 1548 / 2014
main.py: Progress: 1549 / 2014
main.py: Progress: 1550 / 2014
main.py: Progress: 1551 / 2014
main.py: Progress: 1552 / 2014
main.py: Progress: 1553 / 2014
main.py: Progress: 1554 / 2014
main.py: Progress: 1555 / 2014
main.py: Progress: 1556 / 2014
main.py: Progress: 1557 / 2014
main.py: Progress: 1558 / 2014
main.py: Progress: 1559 / 2014
main.py: Progress: 1560 / 2014
main.py: Progress: 1561 / 2014
main.py: Progress: 1562 / 2014
main.py: Progress: 1563 / 2014
main.py: Progress: 1564 / 2014
main.py: Progress: 1565 / 2014
main.py: Progress: 1566 / 2014
main.py: Progress: 1567 / 2014
main.py: Progress: 1568 / 2014
main.py: Progress: 1569 / 2014
main.py: Progress: 1570 / 2014
main.py: Progress: 1571 / 2014
main.py: Progress: 1572 / 2014
main.py: Progress: 1573 / 2014
main.py: Progress: 1574 / 2014
main.py: Progress: 1575 / 2014
main.py: Progress: 1576 / 2014
main.py: Progress: 1577 / 2014
main.py: Progress: 1578 / 2014
main.py: Progress: 1579 / 2014
main.py: Progress: 1580 / 2014
main.py: Progress: 1581 / 2014
main.py: Progress: 1582 / 2014
main.py: Progress: 1583 / 2014
main.py: Progress: 1584 / 2014
main.py: Progress: 1585 / 2014
main.py: Progress: 1586 / 2014
main.py: Progress: 1587 / 2014
main.py: Progress: 1588 / 2014
main.py: Progress: 1589 / 2014
main.py: Progress: 1590 / 2014
main.py: Progress: 1591 / 2014
main.py: Progress: 1592 / 2014
main.py: Progress: 1593 / 2014
main.py: Progress: 1594 / 2014
main.py: Progress: 1595 / 2014
main.py: Progress: 1596 / 2014
main.py: Progress: 1597 / 2014
main.py: Progress: 1598 / 2014
main.py: Progress: 1599 / 2014
main.py: Progress: 1600 / 2014
main.py: Progress: 1601 / 2014
main.py: Progress: 1602 / 2014
main.py: Progress: 1603 / 2014
main.py: Progress: 1604 / 2014
main.py: Progress: 1605 / 2014
main.py: Progress: 1606 / 2014
main.py: Progress: 1607 / 2014
main.py: Progress: 1608 / 2014
main.py: Progress: 1609 / 2014
main.py: Progress: 1610 / 2014
main.py: Progress: 1611 / 2014
main.py: Progress: 1612 / 2014
main.py: Progress: 1613 / 2014
main.py: Progress: 1614 / 2014
main.py: Progress: 1615 / 2014
main.py: Progress: 1616 / 2014
main.py: Progress: 1617 / 2014
main.py: Progress: 1618 / 2014
main.py: Progress: 1619 / 2014
main.py: Progress: 1620 / 2014
main.py: Progress: 1621 / 2014
main.py: Progress: 1622 / 2014
main.py: Progress: 1623 / 2014
main.py: Progress: 1624 / 2014
main.py: Progress: 1625 / 2014
main.py: Progress: 1626 / 2014
main.py: Progress: 1627 / 2014
main.py: Progress: 1628 / 2014
main.py: Progress: 1629 / 2014
main.py: Progress: 1630 / 2014
main.py: Progress: 1631 / 2014
main.py: Progress: 1632 / 2014
main.py: Progress: 1633 / 2014
main.py: Progress: 1634 / 2014
main.py: Progress: 1635 / 2014
main.py: Progress: 1636 / 2014
main.py: Progress: 1637 / 2014
main.py: Progress: 1638 / 2014
main.py: Progress: 1639 / 2014
main.py: Progress: 1640 / 2014
main.py: Progress: 1641 / 2014
main.py: Progress: 1642 / 2014
main.py: Progress: 1643 / 2014
main.py: Progress: 1644 / 2014
main.py: Progress: 1645 / 2014
main.py: Progress: 1646 / 2014
main.py: Progress: 1647 / 2014
main.py: Progress: 1648 / 2014
main.py: Progress: 1649 / 2014
main.py: Progress: 1650 / 2014
main.py: Progress: 1651 / 2014
main.py: Progress: 1652 / 2014
main.py: Progress: 1653 / 2014
main.py: Progress: 1654 / 2014
main.py: Progress: 1655 / 2014
main.py: Progress: 1656 / 2014
main.py: Progress: 1657 / 2014
main.py: Progress: 1658 / 2014
main.py: Progress: 1659 / 2014
main.py: Progress: 1660 / 2014
main.py: Progress: 1661 / 2014
main.py: Progress: 1662 / 2014
main.py: Progress: 1663 / 2014
main.py: Progress: 1664 / 2014
main.py: Progress: 1665 / 2014
main.py: Progress: 1666 / 2014
main.py: Progress: 1667 / 2014
main.py: Progress: 1668 / 2014
main.py: Progress: 1669 / 2014
main.py: Progress: 1670 / 2014
main.py: Progress: 1671 / 2014
main.py: Progress: 1672 / 2014
main.py: Progress: 1673 / 2014
main.py: Progress: 1674 / 2014
main.py: Progress: 1675 / 2014
main.py: Progress: 1676 / 2014
main.py: Progress: 1677 / 2014
main.py: Progress: 1678 / 2014
main.py: Progress: 1679 / 2014
main.py: Progress: 1680 / 2014
main.py: Progress: 1681 / 2014
main.py: Progress: 1682 / 2014
main.py: Progress: 1683 / 2014
main.py: Progress: 1684 / 2014
main.py: Progress: 1685 / 2014
main.py: Progress: 1686 / 2014
main.py: Progress: 1687 / 2014
main.py: Progress: 1688 / 2014
main.py: Progress: 1689 / 2014
main.py: Progress: 1690 / 2014
main.py: Progress: 1691 / 2014
main.py: Progress: 1692 / 2014
main.py: Progress: 1693 / 2014
main.py: Progress: 1694 / 2014
main.py: Progress: 1695 / 2014
main.py: Progress: 1696 / 2014
main.py: Progress: 1697 / 2014
main.py: Progress: 1698 / 2014
main.py: Progress: 1699 / 2014
main.py: Progress: 1700 / 2014
main.py: Progress: 1701 / 2014
main.py: Progress: 1702 / 2014
main.py: Progress: 1703 / 2014
main.py: Progress: 1704 / 2014
main.py: Progress: 1705 / 2014
main.py: Progress: 1706 / 2014
main.py: Progress: 1707 / 2014
main.py: Progress: 1708 / 2014
main.py: Progress: 1709 / 2014
main.py: Progress: 1710 / 2014
main.py: Progress: 1711 / 2014
main.py: Progress: 1712 / 2014
main.py: Progress: 1713 / 2014
main.py: Progress: 1714 / 2014
main.py: Progress: 1715 / 2014
main.py: Progress: 1716 / 2014
main.py: Progress: 1717 / 2014
main.py: Progress: 1718 / 2014
main.py: Progress: 1719 / 2014
main.py: Progress: 1720 / 2014
main.py: Progress: 1721 / 2014
main.py: Progress: 1722 / 2014
main.py: Progress: 1723 / 2014
main.py: Progress: 1724 / 2014
main.py: Progress: 1725 / 2014
main.py: Progress: 1726 / 2014
main.py: Progress: 1727 / 2014
main.py: Progress: 1728 / 2014
main.py: Progress: 1729 / 2014
main.py: Progress: 1730 / 2014
main.py: Progress: 1731 / 2014
main.py: Progress: 1732 / 2014
main.py: Progress: 1733 / 2014
main.py: Progress: 1734 / 2014
main.py: Progress: 1735 / 2014
main.py: Progress: 1736 / 2014
main.py: Progress: 1737 / 2014
main.py: Progress: 1738 / 2014
main.py: Progress: 1739 / 2014
main.py: Progress: 1740 / 2014
main.py: Progress: 1741 / 2014
main.py: Progress: 1742 / 2014
main.py: Progress: 1743 / 2014
main.py: Progress: 1744 / 2014
main.py: Progress: 1745 / 2014
main.py: Progress: 1746 / 2014
main.py: Progress: 1747 / 2014
main.py: Progress: 1748 / 2014
main.py: Progress: 1749 / 2014
main.py: Progress: 1750 / 2014
main.py: Progress: 1751 / 2014
main.py: Progress: 1752 / 2014
main.py: Progress: 1753 / 2014
main.py: Progress: 1754 / 2014
main.py: Progress: 1755 / 2014
main.py: Progress: 1756 / 2014
main.py: Progress: 1757 / 2014
main.py: Progress: 1758 / 2014
main.py: Progress: 1759 / 2014
main.py: Progress: 1760 / 2014
main.py: Progress: 1761 / 2014
main.py: Progress: 1762 / 2014
main.py: Progress: 1763 / 2014
main.py: Progress: 1764 / 2014
main.py: Progress: 1765 / 2014
main.py: Progress: 1766 / 2014
main.py: Progress: 1767 / 2014
main.py: Progress: 1768 / 2014
main.py: Progress: 1769 / 2014
main.py: Progress: 1770 / 2014
main.py: Progress: 1771 / 2014
main.py: Progress: 1772 / 2014
main.py: Progress: 1773 / 2014
main.py: Progress: 1774 / 2014
main.py: Progress: 1775 / 2014
main.py: Progress: 1776 / 2014
main.py: Progress: 1777 / 2014
main.py: Progress: 1778 / 2014
main.py: Progress: 1779 / 2014
main.py: Progress: 1780 / 2014
main.py: Progress: 1781 / 2014
main.py: Progress: 1782 / 2014
main.py: Progress: 1783 / 2014
main.py: Progress: 1784 / 2014
main.py: Progress: 1785 / 2014
main.py: Progress: 1786 / 2014
main.py: Progress: 1787 / 2014
main.py: Progress: 1788 / 2014
main.py: Progress: 1789 / 2014
main.py: Progress: 1790 / 2014
main.py: Progress: 1791 / 2014
main.py: Progress: 1792 / 2014
main.py: Progress: 1793 / 2014
main.py: Progress: 1794 / 2014
main.py: Progress: 1795 / 2014
main.py: Progress: 1796 / 2014
main.py: Progress: 1797 / 2014
main.py: Progress: 1798 / 2014
main.py: Progress: 1799 / 2014
main.py: Progress: 1800 / 2014
main.py: Progress: 1801 / 2014
main.py: Progress: 1802 / 2014
main.py: Progress: 1803 / 2014
main.py: Progress: 1804 / 2014
main.py: Progress: 1805 / 2014
main.py: Progress: 1806 / 2014
main.py: Progress: 1807 / 2014
main.py: Progress: 1808 / 2014
main.py: Progress: 1809 / 2014
main.py: Progress: 1810 / 2014
main.py: Progress: 1811 / 2014
main.py: Progress: 1812 / 2014
main.py: Progress: 1813 / 2014
main.py: Progress: 1814 / 2014
main.py: Progress: 1815 / 2014
main.py: Progress: 1816 / 2014
main.py: Progress: 1817 / 2014
main.py: Progress: 1818 / 2014
main.py: Progress: 1819 / 2014
main.py: Progress: 1820 / 2014
main.py: Progress: 1821 / 2014
main.py: Progress: 1822 / 2014
main.py: Progress: 1823 / 2014
main.py: Progress: 1824 / 2014
main.py: Progress: 1825 / 2014
main.py: Progress: 1826 / 2014
main.py: Progress: 1827 / 2014
main.py: Progress: 1828 / 2014
main.py: Progress: 1829 / 2014
main.py: Progress: 1830 / 2014
main.py: Progress: 1831 / 2014
main.py: Progress: 1832 / 2014
main.py: Progress: 1833 / 2014
main.py: Progress: 1834 / 2014
main.py: Progress: 1835 / 2014
main.py: Progress: 1836 / 2014
main.py: Progress: 1837 / 2014
main.py: Progress: 1838 / 2014
main.py: Progress: 1839 / 2014
main.py: Progress: 1840 / 2014
main.py: Progress: 1841 / 2014
main.py: Progress: 1842 / 2014
main.py: Progress: 1843 / 2014
main.py: Progress: 1844 / 2014
main.py: Progress: 1845 / 2014
main.py: Progress: 1846 / 2014
main.py: Progress: 1847 / 2014
main.py: Progress: 1848 / 2014
main.py: Progress: 1849 / 2014
main.py: Progress: 1850 / 2014
main.py: Progress: 1851 / 2014
main.py: Progress: 1852 / 2014
main.py: Progress: 1853 / 2014
main.py: Progress: 1854 / 2014
main.py: Progress: 1855 / 2014
main.py: Progress: 1856 / 2014
main.py: Progress: 1857 / 2014
main.py: Progress: 1858 / 2014
main.py: Progress: 1859 / 2014
main.py: Progress: 1860 / 2014
main.py: Progress: 1861 / 2014
main.py: Progress: 1862 / 2014
main.py: Progress: 1863 / 2014
main.py: Progress: 1864 / 2014
main.py: Progress: 1865 / 2014
main.py: Progress: 1866 / 2014
main.py: Progress: 1867 / 2014
main.py: Progress: 1868 / 2014
main.py: Progress: 1869 / 2014
main.py: Progress: 1870 / 2014
main.py: Progress: 1871 / 2014
main.py: Progress: 1872 / 2014
main.py: Progress: 1873 / 2014
main.py: Progress: 1874 / 2014
main.py: Progress: 1875 / 2014
main.py: Progress: 1876 / 2014
main.py: Progress: 1877 / 2014
main.py: Progress: 1878 / 2014
main.py: Progress: 1879 / 2014
main.py: Progress: 1880 / 2014
main.py: Progress: 1881 / 2014
main.py: Progress: 1882 / 2014
main.py: Progress: 1883 / 2014
main.py: Progress: 1884 / 2014
main.py: Progress: 1885 / 2014
main.py: Progress: 1886 / 2014
main.py: Progress: 1887 / 2014
main.py: Progress: 1888 / 2014
main.py: Progress: 1889 / 2014
main.py: Progress: 1890 / 2014
main.py: Progress: 1891 / 2014
main.py: Progress: 1892 / 2014
main.py: Progress: 1893 / 2014
main.py: Progress: 1894 / 2014
main.py: Progress: 1895 / 2014
main.py: Progress: 1896 / 2014
main.py: Progress: 1897 / 2014
main.py: Progress: 1898 / 2014
main.py: Progress: 1899 / 2014
main.py: Progress: 1900 / 2014
main.py: Progress: 1901 / 2014
main.py: Progress: 1902 / 2014
main.py: Progress: 1903 / 2014
main.py: Progress: 1904 / 2014
main.py: Progress: 1905 / 2014
main.py: Progress: 1906 / 2014
main.py: Progress: 1907 / 2014
main.py: Progress: 1908 / 2014
main.py: Progress: 1909 / 2014
main.py: Progress: 1910 / 2014
main.py: Progress: 1911 / 2014
main.py: Progress: 1912 / 2014
main.py: Progress: 1913 / 2014
main.py: Progress: 1914 / 2014
main.py: Progress: 1915 / 2014
main.py: Progress: 1916 / 2014
main.py: Progress: 1917 / 2014
main.py: Progress: 1918 / 2014
main.py: Progress: 1919 / 2014
main.py: Progress: 1920 / 2014
main.py: Progress: 1921 / 2014
main.py: Progress: 1922 / 2014
main.py: Progress: 1923 / 2014
main.py: Progress: 1924 / 2014
main.py: Progress: 1925 / 2014
main.py: Progress: 1926 / 2014
main.py: Progress: 1927 / 2014
main.py: Progress: 1928 / 2014
main.py: Progress: 1929 / 2014
main.py: Progress: 1930 / 2014
main.py: Progress: 1931 / 2014
main.py: Progress: 1932 / 2014
main.py: Progress: 1933 / 2014
main.py: Progress: 1934 / 2014
main.py: Progress: 1935 / 2014
main.py: Progress: 1936 / 2014
main.py: Progress: 1937 / 2014
main.py: Progress: 1938 / 2014
main.py: Progress: 1939 / 2014
main.py: Progress: 1940 / 2014
main.py: Progress: 1941 / 2014
main.py: Progress: 1942 / 2014
main.py: Progress: 1943 / 2014
main.py: Progress: 1944 / 2014
main.py: Progress: 1945 / 2014
main.py: Progress: 1946 / 2014
main.py: Progress: 1947 / 2014
main.py: Progress: 1948 / 2014
main.py: Progress: 1949 / 2014
main.py: Progress: 1950 / 2014
main.py: Progress: 1951 / 2014
main.py: Progress: 1952 / 2014
main.py: Progress: 1953 / 2014
main.py: Progress: 1954 / 2014
main.py: Progress: 1955 / 2014
main.py: Progress: 1956 / 2014
main.py: Progress: 1957 / 2014
main.py: Progress: 1958 / 2014
main.py: Progress: 1959 / 2014
main.py: Progress: 1960 / 2014
main.py: Progress: 1961 / 2014
main.py: Progress: 1962 / 2014
main.py: Progress: 1963 / 2014
main.py: Progress: 1964 / 2014
main.py: Progress: 1965 / 2014
main.py: Progress: 1966 / 2014
main.py: Progress: 1967 / 2014
main.py: Progress: 1968 / 2014
main.py: Progress: 1969 / 2014
main.py: Progress: 1970 / 2014
main.py: Progress: 1971 / 2014
main.py: Progress: 1972 / 2014
main.py: Progress: 1973 / 2014
main.py: Progress: 1974 / 2014
main.py: Progress: 1975 / 2014
main.py: Progress: 1976 / 2014
main.py: Progress: 1977 / 2014
main.py: Progress: 1978 / 2014
main.py: Progress: 1979 / 2014
main.py: Progress: 1980 / 2014
main.py: Progress: 1981 / 2014
main.py: Progress: 1982 / 2014
main.py: Progress: 1983 / 2014
main.py: Progress: 1984 / 2014
main.py: Progress: 1985 / 2014
main.py: Progress: 1986 / 2014
main.py: Progress: 1987 / 2014
main.py: Progress: 1988 / 2014
main.py: Progress: 1989 / 2014
main.py: Progress: 1990 / 2014
main.py: Progress: 1991 / 2014
main.py: Progress: 1992 / 2014
main.py: Progress: 1993 / 2014
main.py: Progress: 1994 / 2014
main.py: Progress: 1995 / 2014
main.py: Progress: 1996 / 2014
main.py: Progress: 1997 / 2014
main.py: Progress: 1998 / 2014
main.py: Progress: 1999 / 2014
time 2000 ( all targets found and t>1000s) and set up src_dst pairs = [([0, 8], (-1, -1))]
Route initialization:  {0: {'Route': [0, 8], 'MCS_Index': [2], 'Priority': 1, 'ValidRoute': False, 'HQRoute': False, 'RouteNodeDensity': [None, None], 'InterferingLinks': 0, 'Target': (-1, -1)}}
node.py: Inside packet generation function at node: Node0. Curr time: 2000.000000, Packet inter arrival time: 0.008199
Path | HC | IL | Max Data Rate Supported | HQ Path | Tangled Path | Cost
------------------------------
[0, 1, 2, 3, 4, 5, 6, 7, 8] | 8 | 16 | 11 | True | False | 0.8846153846153846
Found Route:
 {'Path': [0, 1, 2, 3, 4, 5, 6, 7, 8], 'HC': 8, 'IL': 16, 'Max Data Rate Supported': 11, 'HQ Path': np.True_, 'Tangled Path': False, 'Cost': 0.8846153846153846}

rf.py: Time: 2000 Route details: {0: {'Route': [0, 1, 2, 3, 4, 5, 6, 7, 8], 'MCS_Index': [0, 0, 0, 0, 0, 0, 0, 0], 'Priority': 1, 'ValidRoute': True, 'HQRoute': np.True_, 'RouteNodeDensity': [0, 0, 0, 0, 0, 0, 0, 0, 0], 'InterferingLinks': 16, 'Target': (-1, -1)}}
main.py: Progress: 2000 / 2014
main.py: Progress: 2001 / 2014

rf.py: Time: 2001 Route details: {0: {'Route': [0, 1, 2, 3, 4, 5, 6, 7, 8], 'MCS_Index': [2, 2, 2, 2, 2, 2, 0, 0], 'Priority': 1, 'ValidRoute': True, 'HQRoute': True, 'RouteNodeDensity': [0, 0, 0, 0, 0, 0, 0, 0, 0], 'InterferingLinks': 16, 'Target': (-1, -1)}}
main.py: Progress: 2002 / 2014

rf.py: Time: 2002 Route details: {0: {'Route': [0, 1, 2, 3, 4, 5, 6, 7, 8], 'MCS_Index': [0, 0, 0, 0, 2, 0, 0, 0], 'Priority': 1, 'ValidRoute': True, 'HQRoute': True, 'RouteNodeDensity': [0, 0, 0, 0, 0, 0, 0, 0, 0], 'InterferingLinks': 16, 'Target': (-1, -1)}}
main.py: Progress: 2003 / 2014

rf.py: Time: 2003 Route details: {0: {'Route': [0, 1, 2, 3, 4, 5, 6, 7, 8], 'MCS_Index': [2, 2, 2, 2, 2, 2, 0, 0], 'Priority': 1, 'ValidRoute': True, 'HQRoute': True, 'RouteNodeDensity': [0, 0, 0, 0, 0, 0, 0, 0, 0], 'InterferingLinks': 16, 'Target': (-1, -1)}}
DUPE: 2000245911824_Node0_Node8_Zero, Node7 id 2000245911824_Node0_Node8_Zero was a dupe; retransmit: 0, pkt_enqueue_time=2003303422612.6357, pkt_dequeue_time=2003303422612.6357, forwarded_or_dropped=1, reason_for_drop='Expiry'
DUPE: 2000262305788_Node0_Node8_Zero, Node7 id 2000262305788_Node0_Node8_Zero was a dupe; retransmit: 0, pkt_enqueue_time=2003306219484.6357, pkt_dequeue_time=2003306219484.6357, forwarded_or_dropped=1, reason_for_drop='Expiry'
DUPE: 2000262305788_Node0_Node8_Zero, Node4 id 2000262305788_Node0_Node8_Zero was a dupe; retransmit: 0, pkt_enqueue_time=2003359639267.4539, pkt_dequeue_time=2003359639267.4539, forwarded_or_dropped=1, reason_for_drop='Expiry'
DUPE: 2000311488637_Node0_Node8_Zero, Node6 id 2000311488637_Node0_Node8_Zero was a dupe; retransmit: 0, pkt_enqueue_time=2003377513472.3027, pkt_dequeue_time=2003377513472.3027, forwarded_or_dropped=1, reason_for_drop='Expiry'
DUPE: 2000368871489_Node0_Node8_Zero, Node7 id 2000368871489_Node0_Node8_Zero was a dupe; retransmit: 0, pkt_enqueue_time=2003394434201.5146, pkt_dequeue_time=2003394434201.5146, forwarded_or_dropped=1, reason_for_drop='Expiry'
DUPE: 2000270506205_Node0_Node8_Zero, Node4 id 2000270506205_Node0_Node8_Zero was a dupe; retransmit: 0, pkt_enqueue_time=2003400815016.7263, pkt_dequeue_time=2003400815016.7263, forwarded_or_dropped=1, reason_for_drop='Expiry'
DUPE: 2000434437620_Node0_Node8_Zero, Node4 id 2000434437620_Node0_Node8_Zero was a dupe; retransmit: 0, pkt_enqueue_time=2003451249200.2717, pkt_dequeue_time=2003451249200.2717, forwarded_or_dropped=1, reason_for_drop='Expiry'
DUPE: 2000409847520_Node0_Node8_Zero, Node7 id 2000409847520_Node0_Node8_Zero was a dupe; retransmit: 0, pkt_enqueue_time=2003467709866.1814, pkt_dequeue_time=2003467709866.1814, forwarded_or_dropped=1, reason_for_drop='Expiry'
DUPE: 2000467224377_Node0_Node8_Zero, Node4 id 2000467224377_Node0_Node8_Zero was a dupe; retransmit: 0, pkt_enqueue_time=2003471900509.3625, pkt_dequeue_time=2003471900509.3625, forwarded_or_dropped=1, reason_for_drop='Expiry'
DUPE: 2000459030471_Node0_Node8_Zero, Node4 id 2000459030471_Node0_Node8_Zero was a dupe; retransmit: 0, pkt_enqueue_time=2003474688163.908, pkt_dequeue_time=2003474688163.908, forwarded_or_dropped=1, reason_for_drop='Expiry'
DUPE: 2000450831622_Node0_Node8_Zero, Node7 id 2000450831622_Node0_Node8_Zero was a dupe; retransmit: 0, pkt_enqueue_time=2003484016738.1814, pkt_dequeue_time=2003484016738.1814, forwarded_or_dropped=1, reason_for_drop='Expiry'
DUPE: 2000655734926_Node0_Node8_Zero, Node7 id 2000655734926_Node0_Node8_Zero was a dupe; retransmit: 0, pkt_enqueue_time=2003661939280.9395, pkt_dequeue_time=2003661939280.9395, forwarded_or_dropped=1, reason_for_drop='Expiry'
DUPE: 2000852459084_Node0_Node8_Zero, Node7 id 2000852459084_Node0_Node8_Zero was a dupe; retransmit: 0, pkt_enqueue_time=2003854244785.8787, pkt_dequeue_time=2003854244785.8787, forwarded_or_dropped=1, reason_for_drop='Expiry'
DUPE: 2000860657193_Node0_Node8_Zero, Node7 id 2000860657193_Node0_Node8_Zero was a dupe; retransmit: 0, pkt_enqueue_time=2003864104089.7878, pkt_dequeue_time=2003864104089.7878, forwarded_or_dropped=1, reason_for_drop='Expiry'
DUPE: 2000901646481_Node0_Node8_Zero, Node7 id 2000901646481_Node0_Node8_Zero was a dupe; retransmit: 0, pkt_enqueue_time=2003963202510.333, pkt_dequeue_time=2003963202510.333, forwarded_or_dropped=1, reason_for_drop='Expiry'
DUPE: 2000950835022_Node0_Node8_Zero, Node7 id 2000950835022_Node0_Node8_Zero was a dupe; retransmit: 0, pkt_enqueue_time=2003974852166.8784, pkt_dequeue_time=2003974852166.8784, forwarded_or_dropped=1, reason_for_drop='Expiry'
main.py: Progress: 2004 / 2014

rf.py: Time: 2004 Route details: {0: {'Route': [0, 1, 2, 3, 4, 5, 6, 7, 8], 'MCS_Index': [2, 0, 2, 2, 0, 2, 0, 2], 'Priority': 1, 'ValidRoute': True, 'HQRoute': True, 'RouteNodeDensity': [0, 0, 0, 0, 0, 0, 0, 0, 0], 'InterferingLinks': 16, 'Target': (-1, -1)}}
DUPE: 2001040984467_Node0_Node8_Zero, Node7 id 2001040984467_Node0_Node8_Zero was a dupe; retransmit: 0, pkt_enqueue_time=2004043874815.06, pkt_dequeue_time=2004043874815.06, forwarded_or_dropped=1, reason_for_drop='Expiry'
DUPE: 2001008204677_Node0_Node8_Zero, Node7 id 2001008204677_Node0_Node8_Zero was a dupe; retransmit: 0, pkt_enqueue_time=2004048121341.6055, pkt_dequeue_time=2004048121341.6055, forwarded_or_dropped=1, reason_for_drop='Expiry'
DUPE: 2001032791133_Node0_Node8_Zero, Node7 id 2001032791133_Node0_Node8_Zero was a dupe; retransmit: 0, pkt_enqueue_time=2004050540996.151, pkt_dequeue_time=2004050540996.151, forwarded_or_dropped=1, reason_for_drop='Expiry'
DUPE: 2001049180106_Node0_Node8_Zero, Node7 id 2001049180106_Node0_Node8_Zero was a dupe; retransmit: 0, pkt_enqueue_time=2004055664305.2417, pkt_dequeue_time=2004055664305.2417, forwarded_or_dropped=1, reason_for_drop='Expiry'
DUPE: 2001024597628_Node0_Node8_Zero, Node7 id 2001024597628_Node0_Node8_Zero was a dupe; retransmit: 0, pkt_enqueue_time=2004080695915.3323, pkt_dequeue_time=2004080695915.3323, forwarded_or_dropped=1, reason_for_drop='Expiry'
DUPE: 2001081973931_Node0_Node8_Zero, Node7 id 2001081973931_Node0_Node8_Zero was a dupe; retransmit: 0, pkt_enqueue_time=2004083595569.8777, pkt_dequeue_time=2004083595569.8777, forwarded_or_dropped=1, reason_for_drop='Expiry'
DUPE: 2001163932248_Node0_Node8_Zero, Node7 id 2001163932248_Node0_Node8_Zero was a dupe; retransmit: 0, pkt_enqueue_time=2004187386406.5125, pkt_dequeue_time=2004187386406.5125, forwarded_or_dropped=1, reason_for_drop='Expiry'
DUPE: 2001131160403_Node0_Node8_Zero, Node7 id 2001131160403_Node0_Node8_Zero was a dupe; retransmit: 0, pkt_enqueue_time=2004190206061.0579, pkt_dequeue_time=2004190206061.0579, forwarded_or_dropped=1, reason_for_drop='Expiry'
DUPE: 2001147546772_Node0_Node8_Zero, Node7 id 2001147546772_Node0_Node8_Zero was a dupe; retransmit: 0, pkt_enqueue_time=2004192312933.0579, pkt_dequeue_time=2004192312933.0579, forwarded_or_dropped=1, reason_for_drop='Expiry'
DUPE: 2001155739651_Node0_Node8_Zero, Node7 id 2001155739651_Node0_Node8_Zero was a dupe; retransmit: 0, pkt_enqueue_time=2004201257902.1216, pkt_dequeue_time=2004201257902.1216, forwarded_or_dropped=1, reason_for_drop='Expiry'
DUPE: 2001344261803_Node0_Node8_Zero, Node7 id 2001344261803_Node0_Node8_Zero was a dupe; retransmit: 0, pkt_enqueue_time=2004356841186.848, pkt_dequeue_time=2004356841186.848, forwarded_or_dropped=1, reason_for_drop='Expiry'
DUPE: 2001229494967_Node0_Node8_Zero, Node7 id 2001229494967_Node0_Node8_Zero was a dupe; retransmit: 0, pkt_enqueue_time=2004377480080.8477, pkt_dequeue_time=2004377480080.8477, forwarded_or_dropped=1, reason_for_drop='Expiry'
DUPE: 2001377052925_Node0_Node8_Zero, Node5 id 2001377052925_Node0_Node8_Zero was a dupe; retransmit: 0, pkt_enqueue_time=2004390209508.666, pkt_dequeue_time=2004390209508.666, forwarded_or_dropped=1, reason_for_drop='Expiry'
DUPE: 2001409835149_Node0_Node8_Zero, Node7 id 2001409835149_Node0_Node8_Zero was a dupe; retransmit: 0, pkt_enqueue_time=2004411135988.5752, pkt_dequeue_time=2004411135988.5752, forwarded_or_dropped=1, reason_for_drop='Expiry'
DUPE: 2001426224006_Node0_Node8_Zero, Node5 id 2001426224006_Node0_Node8_Zero was a dupe; retransmit: 0, pkt_enqueue_time=2004428598438.9387, pkt_dequeue_time=2004428598438.9387, forwarded_or_dropped=1, reason_for_drop='Expiry'
DUPE: 2001327866860_Node0_Node8_Zero, Node7 id 2001327866860_Node0_Node8_Zero was a dupe; retransmit: 0, pkt_enqueue_time=2004431473185.9387, pkt_dequeue_time=2004431473185.9387, forwarded_or_dropped=1, reason_for_drop='Expiry'
DUPE: 2001221301161_Node0_Node8_Zero, Node7 id 2001221301161_Node0_Node8_Zero was a dupe; retransmit: 0, pkt_enqueue_time=2004443212495.0295, pkt_dequeue_time=2004443212495.0295, forwarded_or_dropped=1, reason_for_drop='Expiry'
DUPE: 2001106571643_Node0_Node8_Zero, Node7 id 2001106571643_Node0_Node8_Zero was a dupe; retransmit: 0, pkt_enqueue_time=2004544654703.144, pkt_dequeue_time=2004544654703.144, forwarded_or_dropped=1, reason_for_drop='Expiry'
DUPE: 2000934439741_Node0_Node8_Zero, Node7 id 2000934439741_Node0_Node8_Zero was a dupe; retransmit: 0, pkt_enqueue_time=2004557170012.2349, pkt_dequeue_time=2004557170012.2349, forwarded_or_dropped=1, reason_for_drop='Expiry'
DUPE: 2001139354014_Node0_Node8_Zero, Node7 id 2001139354014_Node0_Node8_Zero was a dupe; retransmit: 0, pkt_enqueue_time=2004569058782.7803, pkt_dequeue_time=2004569058782.7803, forwarded_or_dropped=1, reason_for_drop='Expiry'
DUPE: 2001606577766_Node0_Node8_Zero, Node5 id 2001606577766_Node0_Node8_Zero was a dupe; retransmit: 0, pkt_enqueue_time=2004622207371.78, pkt_dequeue_time=2004622207371.78, forwarded_or_dropped=1, reason_for_drop='Expiry'
DUPE: 2001614775661_Node0_Node8_Zero, Node7 id 2001614775661_Node0_Node8_Zero was a dupe; retransmit: 0, pkt_enqueue_time=2004629043816.507, pkt_dequeue_time=2004629043816.507, forwarded_or_dropped=1, reason_for_drop='Expiry'
DUPE: 2001647568037_Node0_Node8_Zero, Node5 id 2001647568037_Node0_Node8_Zero was a dupe; retransmit: 0, pkt_enqueue_time=2004651589750.9617, pkt_dequeue_time=2004651589750.9617, forwarded_or_dropped=1, reason_for_drop='Expiry'
DUPE: 2000926239475_Node0_Node8_Zero, Node7 id 2000926239475_Node0_Node8_Zero was a dupe; retransmit: 0, pkt_enqueue_time=2004712865047.8093, pkt_dequeue_time=2004712865047.8093, forwarded_or_dropped=1, reason_for_drop='Expiry'
DUPE: 2000959027920_Node0_Node8_Zero, Node7 id 2000959027920_Node0_Node8_Zero was a dupe; retransmit: 0, pkt_enqueue_time=2004719315268.07, pkt_dequeue_time=2004719315268.07, forwarded_or_dropped=1, reason_for_drop='Expiry'
DUPE: 2001655768437_Node0_Node8_Zero, Node5 id 2001655768437_Node0_Node8_Zero was a dupe; retransmit: 0, pkt_enqueue_time=2004723710762.4338, pkt_dequeue_time=2004723710762.4338, forwarded_or_dropped=1, reason_for_drop='Expiry'
DUPE: 2001598377043_Node0_Node8_Zero, Node5 id 2001598377043_Node0_Node8_Zero was a dupe; retransmit: 0, pkt_enqueue_time=2004726470416.9792, pkt_dequeue_time=2004726470416.9792, forwarded_or_dropped=1, reason_for_drop='Expiry'
DUPE: 2001688561404_Node0_Node8_Zero, Node5 id 2001688561404_Node0_Node8_Zero was a dupe; retransmit: 0, pkt_enqueue_time=2004729238071.5247, pkt_dequeue_time=2004729238071.5247, forwarded_or_dropped=1, reason_for_drop='Expiry'
DUPE: 2001557391232_Node0_Node8_Zero, Node7 id 2001557391232_Node0_Node8_Zero was a dupe; retransmit: 0, pkt_enqueue_time=2004880328341.1604, pkt_dequeue_time=2004880328341.1604, forwarded_or_dropped=1, reason_for_drop='Expiry'
DUPE: 2001581981937_Node0_Node8_Zero, Node7 id 2001581981937_Node0_Node8_Zero was a dupe; retransmit: 0, pkt_enqueue_time=2004889316380.2512, pkt_dequeue_time=2004889316380.2512, forwarded_or_dropped=1, reason_for_drop='Expiry'
DUPE: 2001639371005_Node0_Node8_Zero, Node5 id 2001639371005_Node0_Node8_Zero was a dupe; retransmit: 0, pkt_enqueue_time=2004928947801.7056, pkt_dequeue_time=2004928947801.7056, forwarded_or_dropped=1, reason_for_drop='Expiry'
DUPE: 2001909871279_Node0_Node8_Zero, Node7 id 2001909871279_Node0_Node8_Zero was a dupe; retransmit: 0, pkt_enqueue_time=2004943591238.3416, pkt_dequeue_time=2004943591238.3416, forwarded_or_dropped=1, reason_for_drop='Expiry'
DUPE: 2001967247125_Node0_Node8_Zero, Node7 id 2001967247125_Node0_Node8_Zero was a dupe; retransmit: 0, pkt_enqueue_time=2004969933382.2502, pkt_dequeue_time=2004969933382.2502, forwarded_or_dropped=1, reason_for_drop='Expiry'
DUPE: 2001942658715_Node0_Node8_Zero, Node7 id 2001942658715_Node0_Node8_Zero was a dupe; retransmit: 0, pkt_enqueue_time=2004980670948.8865, pkt_dequeue_time=2004980670948.8865, forwarded_or_dropped=1, reason_for_drop='Expiry'
DUPE: 2001959051907_Node0_Node8_Zero, Node7 id 2001959051907_Node0_Node8_Zero was a dupe; retransmit: 0, pkt_enqueue_time=2004987915363.9773, pkt_dequeue_time=2004987915363.9773, forwarded_or_dropped=1, reason_for_drop='Expiry'
DUPE: 2001991840346_Node0_Node8_Zero, Node7 id 2001991840346_Node0_Node8_Zero was a dupe; retransmit: 0, pkt_enqueue_time=2004994532662.068, pkt_dequeue_time=2004994532662.068, forwarded_or_dropped=1, reason_for_drop='Expiry'
main.py: Progress: 2005 / 2014

rf.py: Time: 2005 Route details: {0: {'Route': [0, 1, 2, 3, 4, 5, 6, 7, 8], 'MCS_Index': [2, 2, 2, 2, 2, 0, 0, 0], 'Priority': 1, 'ValidRoute': True, 'HQRoute': True, 'RouteNodeDensity': [0, 0, 0, 0, 0, 0, 0, 0, 0], 'InterferingLinks': 16, 'Target': (-1, -1)}}
DUPE: 2001975446336_Node0_Node8_Zero, Node7 id 2001975446336_Node0_Node8_Zero was a dupe; retransmit: 0, pkt_enqueue_time=2005000983707.6135, pkt_dequeue_time=2005000983707.6135, forwarded_or_dropped=1, reason_for_drop='Expiry'
DUPE: 2002016436008_Node0_Node8_Zero, Node5 id 2002016436008_Node0_Node8_Zero was a dupe; retransmit: 0, pkt_enqueue_time=2005018950387.2642, pkt_dequeue_time=2005018950387.2642, forwarded_or_dropped=1, reason_for_drop='Expiry'
DUPE: 2002016436008_Node0_Node8_Zero, Node6 id 2002016436008_Node0_Node8_Zero was a dupe; retransmit: 0, pkt_enqueue_time=2005028846682.4158, pkt_dequeue_time=2005028846682.4158, forwarded_or_dropped=1, reason_for_drop='Expiry'
DUPE: 2002082006743_Node0_Node8_Zero, Node7 id 2002082006743_Node0_Node8_Zero was a dupe; retransmit: 0, pkt_enqueue_time=2005086022122.052, pkt_dequeue_time=2005086022122.052, forwarded_or_dropped=1, reason_for_drop='Expiry'
DUPE: 2000016397037_Node0_Node8_Zero, Node1 id 2000016397037_Node0_Node8_Zero was a dupe; retransmit: 0, pkt_enqueue_time=2005089159137.5981, pkt_dequeue_time=2005089159137.5981, forwarded_or_dropped=1, reason_for_drop='Expiry'
DUPE: 2002098407892_Node0_Node8_Zero, Node7 id 2002098407892_Node0_Node8_Zero was a dupe; retransmit: 0, pkt_enqueue_time=2005099469039.6882, pkt_dequeue_time=2005099469039.6882, forwarded_or_dropped=1, reason_for_drop='Expiry'
DUPE: 2002098407892_Node0_Node8_Zero, Node7 id 2002098407892_Node0_Node8_Zero was a dupe; retransmit: 0, pkt_enqueue_time=2005107579655.6882, pkt_dequeue_time=2005107579655.6882, forwarded_or_dropped=1, reason_for_drop='Expiry'
DUPE: 2002139395049_Node0_Node8_Zero, Node6 id 2002139395049_Node0_Node8_Zero was a dupe; retransmit: 0, pkt_enqueue_time=2005151857344.5068, pkt_dequeue_time=2005151857344.5068, forwarded_or_dropped=1, reason_for_drop='Expiry'
DUPE: 2002131200734_Node0_Node8_Zero, Node7 id 2002131200734_Node0_Node8_Zero was a dupe; retransmit: 0, pkt_enqueue_time=2005173882431.6882, pkt_dequeue_time=2005173882431.6882, forwarded_or_dropped=1, reason_for_drop='Expiry'
DUPE: 2002237759113_Node0_Node8_Zero, Node7 id 2002237759113_Node0_Node8_Zero was a dupe; retransmit: 0, pkt_enqueue_time=2005240265295.1125, pkt_dequeue_time=2005240265295.1125, forwarded_or_dropped=1, reason_for_drop='Expiry'
DUPE: 2002245955992_Node0_Node8_Zero, Node7 id 2002245955992_Node0_Node8_Zero was a dupe; retransmit: 0, pkt_enqueue_time=2005257598641.7498, pkt_dequeue_time=2005257598641.7498, forwarded_or_dropped=1, reason_for_drop='Expiry'
DUPE: 2000918038685_Node0_Node8_Zero, Node7 id 2000918038685_Node0_Node8_Zero was a dupe; retransmit: 0, pkt_enqueue_time=2005275551296.2952, pkt_dequeue_time=2005275551296.2952, forwarded_or_dropped=1, reason_for_drop='Expiry'
DUPE: 2002123002598_Node0_Node8_Zero, Node6 id 2002123002598_Node0_Node8_Zero was a dupe; retransmit: 0, pkt_enqueue_time=2005298685929.1436, pkt_dequeue_time=2005298685929.1436, forwarded_or_dropped=1, reason_for_drop='Expiry'
DUPE: 2002319723716_Node0_Node8_Zero, Node6 id 2002319723716_Node0_Node8_Zero was a dupe; retransmit: 0, pkt_enqueue_time=2005323542789.386, pkt_dequeue_time=2005323542789.386, forwarded_or_dropped=1, reason_for_drop='Expiry'
DUPE: 2002352510097_Node0_Node8_Zero, Node6 id 2002352510097_Node0_Node8_Zero was a dupe; retransmit: 0, pkt_enqueue_time=2005355649019.9014, pkt_dequeue_time=2005355649019.9014, forwarded_or_dropped=1, reason_for_drop='Expiry'
DUPE: 2000508203470_Node0_Node8_Zero, Node3 id 2000508203470_Node0_Node8_Zero was a dupe; retransmit: 0, pkt_enqueue_time=2005359368640.4465, pkt_dequeue_time=2005359368640.4465, forwarded_or_dropped=1, reason_for_drop='Expiry'
DUPE: 2000434437620_Node0_Node8_Zero, Node3 id 2000434437620_Node0_Node8_Zero was a dupe; retransmit: 0, pkt_enqueue_time=2005459172720.4624, pkt_dequeue_time=2005459172720.4624, forwarded_or_dropped=1, reason_for_drop='Expiry'
DUPE: 2002491844571_Node0_Node8_Zero, Node6 id 2002491844571_Node0_Node8_Zero was a dupe; retransmit: 0, pkt_enqueue_time=2005500878292.0806, pkt_dequeue_time=2005500878292.0806, forwarded_or_dropped=1, reason_for_drop='Expiry'
DUPE: 2002508244698_Node0_Node8_Zero, Node6 id 2002508244698_Node0_Node8_Zero was a dupe; retransmit: 0, pkt_enqueue_time=2005512763944.444, pkt_dequeue_time=2005512763944.444, forwarded_or_dropped=1, reason_for_drop='Expiry'
DUPE: 2002573829802_Node0_Node8_Zero, Node6 id 2002573829802_Node0_Node8_Zero was a dupe; retransmit: 0, pkt_enqueue_time=2005575798844.3237, pkt_dequeue_time=2005575798844.3237, forwarded_or_dropped=1, reason_for_drop='Expiry'
DUPE: 2000532791456_Node0_Node8_Zero, Node3 id 2000532791456_Node0_Node8_Zero was a dupe; retransmit: 0, pkt_enqueue_time=2005581079001.8389, pkt_dequeue_time=2005581079001.8389, forwarded_or_dropped=1, reason_for_drop='Expiry'
DUPE: 2002582021861_Node0_Node8_Zero, Node6 id 2002582021861_Node0_Node8_Zero was a dupe; retransmit: 0, pkt_enqueue_time=2005582825025.4146, pkt_dequeue_time=2005582825025.4146, forwarded_or_dropped=1, reason_for_drop='Expiry'
DUPE: 2002598423267_Node0_Node8_Zero, Node7 id 2002598423267_Node0_Node8_Zero was a dupe; retransmit: 0, pkt_enqueue_time=2005604148090.1726, pkt_dequeue_time=2005604148090.1726, forwarded_or_dropped=1, reason_for_drop='Expiry'
DUPE: 2000254104777_Node0_Node8_Zero, Node3 id 2000254104777_Node0_Node8_Zero was a dupe; retransmit: 0, pkt_enqueue_time=2005619897950.8088, pkt_dequeue_time=2005619897950.8088, forwarded_or_dropped=1, reason_for_drop='Expiry'
DUPE: 2002467259320_Node0_Node8_Zero, Node7 id 2002467259320_Node0_Node8_Zero was a dupe; retransmit: 0, pkt_enqueue_time=2005637282122.1426, pkt_dequeue_time=2005637282122.1426, forwarded_or_dropped=1, reason_for_drop='Expiry'
DUPE: 2002672195671_Node0_Node8_Zero, Node6 id 2002672195671_Node0_Node8_Zero was a dupe; retransmit: 0, pkt_enqueue_time=2005673249382.3245, pkt_dequeue_time=2005673249382.3245, forwarded_or_dropped=1, reason_for_drop='Expiry'
DUPE: 2002696791449_Node0_Node8_Zero, Node6 id 2002696791449_Node0_Node8_Zero was a dupe; retransmit: 0, pkt_enqueue_time=2005697559167.1729, pkt_dequeue_time=2005697559167.1729, forwarded_or_dropped=1, reason_for_drop='Expiry'
DUPE: 2002639406655_Node0_Node8_Zero, Node6 id 2002639406655_Node0_Node8_Zero was a dupe; retransmit: 0, pkt_enqueue_time=2005713856001.2942, pkt_dequeue_time=2005713856001.2942, forwarded_or_dropped=1, reason_for_drop='Expiry'
DUPE: 2002450868436_Node0_Node8_Zero, Node6 id 2002450868436_Node0_Node8_Zero was a dupe; retransmit: 0, pkt_enqueue_time=2005725657559.779, pkt_dequeue_time=2005725657559.779, forwarded_or_dropped=1, reason_for_drop='Expiry'
DUPE: 2000245911824_Node0_Node8_Zero, Node3 id 2000245911824_Node0_Node8_Zero was a dupe; retransmit: 0, pkt_enqueue_time=2005736548136.1016, pkt_dequeue_time=2005736548136.1016, forwarded_or_dropped=1, reason_for_drop='Expiry'
DUPE: 2002745978499_Node0_Node8_Zero, Node7 id 2002745978499_Node0_Node8_Zero was a dupe; retransmit: 0, pkt_enqueue_time=2005753385548.991, pkt_dequeue_time=2005753385548.991, forwarded_or_dropped=1, reason_for_drop='Expiry'
DUPE: 2002786961072_Node0_Node8_Zero, Node6 id 2002786961072_Node0_Node8_Zero was a dupe; retransmit: 0, pkt_enqueue_time=2005788976749.5674, pkt_dequeue_time=2005788976749.5674, forwarded_or_dropped=1, reason_for_drop='Expiry'
DUPE: 2002926291999_Node0_Node8_Zero, Node7 id 2002926291999_Node0_Node8_Zero was a dupe; retransmit: 0, pkt_enqueue_time=2005927111231.507, pkt_dequeue_time=2005927111231.507, forwarded_or_dropped=1, reason_for_drop='Expiry'
DUPE: 2002942683458_Node0_Node8_Zero, Node7 id 2002942683458_Node0_Node8_Zero was a dupe; retransmit: 0, pkt_enqueue_time=2005943944472.053, pkt_dequeue_time=2005943944472.053, forwarded_or_dropped=1, reason_for_drop='Expiry'
DUPE: 2000409847520_Node0_Node8_Zero, Node3 id 2000409847520_Node0_Node8_Zero was a dupe; retransmit: 0, pkt_enqueue_time=2005979839624.0361, pkt_dequeue_time=2005979839624.0361, forwarded_or_dropped=1, reason_for_drop='Expiry'
main.py: Progress: 2006 / 2014

rf.py: Time: 2006 Route details: {0: {'Route': [0, 1, 2, 3, 4, 5, 6, 7, 8], 'MCS_Index': [2, 2, 2, 2, 2, 2, 2, 0], 'Priority': 1, 'ValidRoute': True, 'HQRoute': True, 'RouteNodeDensity': [0, 0, 0, 0, 0, 0, 0, 0, 0], 'InterferingLinks': 16, 'Target': (-1, -1)}}
DUPE: 2003065642255_Node0_Node8_Zero, Node7 id 2003065642255_Node0_Node8_Zero was a dupe; retransmit: 0, pkt_enqueue_time=2006067822863.3574, pkt_dequeue_time=2006067822863.3574, forwarded_or_dropped=1, reason_for_drop='Expiry'
DUPE: 2003024663991_Node0_Node8_Zero, Node7 id 2003024663991_Node0_Node8_Zero was a dupe; retransmit: 0, pkt_enqueue_time=2006121062544.3884, pkt_dequeue_time=2006121062544.3884, forwarded_or_dropped=1, reason_for_drop='Expiry'
DUPE: 2000286904378_Node0_Node8_Zero, Node3 id 2000286904378_Node0_Node8_Zero was a dupe; retransmit: 0, pkt_enqueue_time=2006126053108.0994, pkt_dequeue_time=2006126053108.0994, forwarded_or_dropped=1, reason_for_drop='Expiry'
DUPE: 2002844329628_Node0_Node8_Zero, Node6 id 2002844329628_Node0_Node8_Zero was a dupe; retransmit: 0, pkt_enqueue_time=2006151919725.3284, pkt_dequeue_time=2006151919725.3284, forwarded_or_dropped=1, reason_for_drop='Expiry'
DUPE: 2000262305788_Node0_Node8_Zero, Node3 id 2000262305788_Node0_Node8_Zero was a dupe; retransmit: 0, pkt_enqueue_time=2006219078023.3591, pkt_dequeue_time=2006219078023.3591, forwarded_or_dropped=1, reason_for_drop='Expiry'
DUPE: 2000426245790_Node0_Node8_Zero, Node3 id 2000426245790_Node0_Node8_Zero was a dupe; retransmit: 0, pkt_enqueue_time=2006323200924.7046, pkt_dequeue_time=2006323200924.7046, forwarded_or_dropped=1, reason_for_drop='Expiry'
DUPE: 2002442669072_Node0_Node8_Zero, Node6 id 2002442669072_Node0_Node8_Zero was a dupe; retransmit: 0, pkt_enqueue_time=2006365004972.6025, pkt_dequeue_time=2006365004972.6025, forwarded_or_dropped=1, reason_for_drop='Expiry'
DUPE: 2002467259320_Node0_Node8_Zero, Node6 id 2002467259320_Node0_Node8_Zero was a dupe; retransmit: 0, pkt_enqueue_time=2006415645263.3298, pkt_dequeue_time=2006415645263.3298, forwarded_or_dropped=1, reason_for_drop='Expiry'
DUPE: 2003065642255_Node0_Node8_Zero, Node6 id 2003065642255_Node0_Node8_Zero was a dupe; retransmit: 0, pkt_enqueue_time=2006426944917.8752, pkt_dequeue_time=2006426944917.8752, forwarded_or_dropped=1, reason_for_drop='Expiry'
DUPE: 2003041057375_Node0_Node8_Zero, Node6 id 2003041057375_Node0_Node8_Zero was a dupe; retransmit: 0, pkt_enqueue_time=2006429851789.8752, pkt_dequeue_time=2006429851789.8752, forwarded_or_dropped=1, reason_for_drop='Expiry'
main.py: Progress: 2007 / 2014

rf.py: Time: 2007 Route details: {0: {'Route': [0, 1, 2, 3, 4, 5, 6, 7, 8], 'MCS_Index': [0, 2, 2, 2, 2, 2, 2, 0], 'Priority': 1, 'ValidRoute': True, 'HQRoute': True, 'RouteNodeDensity': [0, 0, 0, 0, 0, 0, 0, 0, 0], 'InterferingLinks': 16, 'Target': (-1, -1)}}
main.py: Progress: 2008 / 2014

rf.py: Time: 2008 Route details: {0: {'Route': [0, 1, 2, 3, 4, 5, 6, 7, 8], 'MCS_Index': [0, 0, 0, 0, 0, 0, 0, 0], 'Priority': 1, 'ValidRoute': True, 'HQRoute': True, 'RouteNodeDensity': [0, 0, 0, 0, 0, 0, 0, 0, 0], 'InterferingLinks': 16, 'Target': (-1, -1)}}
main.py: Progress: 2009 / 2014

rf.py: Time: 2009 Route details: {0: {'Route': [0, 1, 2, 3, 4, 5, 6, 7, 8], 'MCS_Index': [0, 0, 0, 0, 0, 0, 0, 0], 'Priority': 1, 'ValidRoute': True, 'HQRoute': True, 'RouteNodeDensity': [0, 0, 0, 0, 0, 0, 0, 0, 0], 'InterferingLinks': 16, 'Target': (-1, -1)}}
main.py: Progress: 2010 / 2014

rf.py: Time: 2010 Route details: {0: {'Route': [0, 1, 2, 3, 4, 5, 6, 7, 8], 'MCS_Index': [0, 0, 0, 0, 0, 0, 0, 0], 'Priority': 1, 'ValidRoute': True, 'HQRoute': True, 'RouteNodeDensity': [0, 0, 0, 0, 0, 0, 0, 0, 0], 'InterferingLinks': 16, 'Target': (-1, -1)}}
node.py: Packet generation complete at node: Node0.
main.py: Progress: 2011 / 2014

rf.py: Time: 2011 Route details: {0: {'Route': [0, 1, 2, 3, 4, 5, 6, 7, 8], 'MCS_Index': [0, 0, 0, 0, 0, 0, 0, 0], 'Priority': 1, 'ValidRoute': True, 'HQRoute': True, 'RouteNodeDensity': [0, 0, 0, 0, 0, 0, 0, 0, 0], 'InterferingLinks': 16, 'Target': (-1, -1)}}
DUPE: 2008409878287_Node0_Node8_Zero, Node1 id 2008409878287_Node0_Node8_Zero was a dupe; retransmit: 0, pkt_enqueue_time=2011427585920.2568, pkt_dequeue_time=2011427585920.2568, forwarded_or_dropped=1, reason_for_drop='Expiry'
DUPE: 2008377098727_Node0_Node8_Zero, Node1 id 2008377098727_Node0_Node8_Zero was a dupe; retransmit: 0, pkt_enqueue_time=2011467382465.711, pkt_dequeue_time=2011467382465.711, forwarded_or_dropped=1, reason_for_drop='Expiry'
DUPE: 2008491842668_Node0_Node8_Zero, Node1 id 2008491842668_Node0_Node8_Zero was a dupe; retransmit: 0, pkt_enqueue_time=2011519686499.165, pkt_dequeue_time=2011519686499.165, forwarded_or_dropped=1, reason_for_drop='Expiry'
DUPE: 2008270540978_Node0_Node8_Zero, Node1 id 2008270540978_Node0_Node8_Zero was a dupe; retransmit: 0, pkt_enqueue_time=2011548784080.983, pkt_dequeue_time=2011548784080.983, forwarded_or_dropped=1, reason_for_drop='Expiry'
DUPE: 2008368905348_Node0_Node8_Zero, Node1 id 2008368905348_Node0_Node8_Zero was a dupe; retransmit: 0, pkt_enqueue_time=2011574676097.71, pkt_dequeue_time=2011574676097.71, forwarded_or_dropped=1, reason_for_drop='Expiry'
DUPE: 2008606606775_Node0_Node8_Zero, Node1 id 2008606606775_Node0_Node8_Zero was a dupe; retransmit: 0, pkt_enqueue_time=2011612672988.6187, pkt_dequeue_time=2011612672988.6187, forwarded_or_dropped=1, reason_for_drop='Expiry'
DUPE: 2008393491336_Node0_Node8_Zero, Node1 id 2008393491336_Node0_Node8_Zero was a dupe; retransmit: 0, pkt_enqueue_time=2011621252297.7095, pkt_dequeue_time=2011621252297.7095, forwarded_or_dropped=1, reason_for_drop='Expiry'
DUPE: 2008344312514_Node0_Node8_Zero, Node1 id 2008344312514_Node0_Node8_Zero was a dupe; retransmit: 0, pkt_enqueue_time=2011639965005.3457, pkt_dequeue_time=2011639965005.3457, forwarded_or_dropped=1, reason_for_drop='Expiry'
DUPE: 2008450856264_Node0_Node8_Zero, Node1 id 2008450856264_Node0_Node8_Zero was a dupe; retransmit: 0, pkt_enqueue_time=2011669537022.0728, pkt_dequeue_time=2011669537022.0728, forwarded_or_dropped=1, reason_for_drop='Expiry'
DUPE: 2008295131248_Node0_Node8_Zero, Node1 id 2008295131248_Node0_Node8_Zero was a dupe; retransmit: 0, pkt_enqueue_time=2011725668272.9814, pkt_dequeue_time=2011725668272.9814, forwarded_or_dropped=1, reason_for_drop='Expiry'
DUPE: 2008475451869_Node0_Node8_Zero, Node1 id 2008475451869_Node0_Node8_Zero was a dupe; retransmit: 0, pkt_enqueue_time=2011743686891.163, pkt_dequeue_time=2011743686891.163, forwarded_or_dropped=1, reason_for_drop='Expiry'
DUPE: 2008311526312_Node0_Node8_Zero, Node1 id 2008311526312_Node0_Node8_Zero was a dupe; retransmit: 0, pkt_enqueue_time=2011792037526.0718, pkt_dequeue_time=2011792037526.0718, forwarded_or_dropped=1, reason_for_drop='Expiry'
DUPE: 2008426273118_Node0_Node8_Zero, Node1 id 2008426273118_Node0_Node8_Zero was a dupe; retransmit: 0, pkt_enqueue_time=2011806176489.708, pkt_dequeue_time=2011806176489.708, forwarded_or_dropped=1, reason_for_drop='Expiry'
DUPE: 2008786938912_Node0_Node8_Zero, Node1 id 2008786938912_Node0_Node8_Zero was a dupe; retransmit: 0, pkt_enqueue_time=2011819982670.7988, pkt_dequeue_time=2011819982670.7988, forwarded_or_dropped=1, reason_for_drop='Expiry'
DUPE: 2008745956847_Node0_Node8_Zero, Node1 id 2008745956847_Node0_Node8_Zero was a dupe; retransmit: 0, pkt_enqueue_time=2011824742325.3442, pkt_dequeue_time=2011824742325.3442, forwarded_or_dropped=1, reason_for_drop='Expiry'
DUPE: 2008532836664_Node0_Node8_Zero, Node1 id 2008532836664_Node0_Node8_Zero was a dupe; retransmit: 0, pkt_enqueue_time=2011839121288.9805, pkt_dequeue_time=2011839121288.9805, forwarded_or_dropped=1, reason_for_drop='Expiry'
DUPE: 2008500042699_Node0_Node8_Zero, Node1 id 2008500042699_Node0_Node8_Zero was a dupe; retransmit: 0, pkt_enqueue_time=2011857147124.6167, pkt_dequeue_time=2011857147124.6167, forwarded_or_dropped=1, reason_for_drop='Expiry'
DUPE: 2008729559949_Node0_Node8_Zero, Node1 id 2008729559949_Node0_Node8_Zero was a dupe; retransmit: 0, pkt_enqueue_time=2011879212614.7983, pkt_dequeue_time=2011879212614.7983, forwarded_or_dropped=1, reason_for_drop='Expiry'
DUPE: 2008401684639_Node0_Node8_Zero, Node1 id 2008401684639_Node0_Node8_Zero was a dupe; retransmit: 0, pkt_enqueue_time=2011903910887.5254, pkt_dequeue_time=2011903910887.5254, forwarded_or_dropped=1, reason_for_drop='Expiry'
DUPE: 2008549233014_Node0_Node8_Zero, Node1 id 2008549233014_Node0_Node8_Zero was a dupe; retransmit: 0, pkt_enqueue_time=2011923929505.707, pkt_dequeue_time=2011923929505.707, forwarded_or_dropped=1, reason_for_drop='Expiry'
DUPE: 2008524643901_Node0_Node8_Zero, Node1 id 2008524643901_Node0_Node8_Zero was a dupe; retransmit: 0, pkt_enqueue_time=2011960215611.8887, pkt_dequeue_time=2011960215611.8887, forwarded_or_dropped=1, reason_for_drop='Expiry'
DUPE: 2008737755531_Node0_Node8_Zero, Node1 id 2008737755531_Node0_Node8_Zero was a dupe; retransmit: 0, pkt_enqueue_time=2011965315266.434, pkt_dequeue_time=2011965315266.434, forwarded_or_dropped=1, reason_for_drop='Expiry'
DUPE: 2008713162899_Node0_Node8_Zero, Node1 id 2008713162899_Node0_Node8_Zero was a dupe; retransmit: 0, pkt_enqueue_time=2011970454920.9795, pkt_dequeue_time=2011970454920.9795, forwarded_or_dropped=1, reason_for_drop='Expiry'
DUPE: 2008860716015_Node0_Node8_Zero, Node1 id 2008860716015_Node0_Node8_Zero was a dupe; retransmit: 0, pkt_enqueue_time=2011996160411.1611, pkt_dequeue_time=2011996160411.1611, forwarded_or_dropped=1, reason_for_drop='Expiry'
main.py: Progress: 2012 / 2014

rf.py: Time: 2012 Route details: {0: {'Route': [0, 1, 2, 3, 4, 5, 6, 7, 8], 'MCS_Index': [0, 0, 0, 0, 0, 0, 0, 0], 'Priority': 1, 'ValidRoute': True, 'HQRoute': True, 'RouteNodeDensity': [0, 0, 0, 0, 0, 0, 0, 0, 0], 'InterferingLinks': 16, 'Target': (-1, -1)}}
DUPE: 2008598409879_Node0_Node8_Zero, Node1 id 2008598409879_Node0_Node8_Zero was a dupe; retransmit: 0, pkt_enqueue_time=2012025245555.8882, pkt_dequeue_time=2012025245555.8882, forwarded_or_dropped=1, reason_for_drop='Expiry'
DUPE: 2008582019749_Node0_Node8_Zero, Node1 id 2008582019749_Node0_Node8_Zero was a dupe; retransmit: 0, pkt_enqueue_time=2012030585210.4336, pkt_dequeue_time=2012030585210.4336, forwarded_or_dropped=1, reason_for_drop='Expiry'
DUPE: 2009041032300_Node0_Node8_Zero, Node1 id 2009041032300_Node0_Node8_Zero was a dupe; retransmit: 0, pkt_enqueue_time=2012046704174.0698, pkt_dequeue_time=2012046704174.0698, forwarded_or_dropped=1, reason_for_drop='Expiry'
DUPE: 2008721362675_Node0_Node8_Zero, Node1 id 2008721362675_Node0_Node8_Zero was a dupe; retransmit: 0, pkt_enqueue_time=2012081476190.7969, pkt_dequeue_time=2012081476190.7969, forwarded_or_dropped=1, reason_for_drop='Expiry'
DUPE: 2008639383927_Node0_Node8_Zero, Node1 id 2008639383927_Node0_Node8_Zero was a dupe; retransmit: 0, pkt_enqueue_time=2012086935845.3423, pkt_dequeue_time=2012086935845.3423, forwarded_or_dropped=1, reason_for_drop='Expiry'
DUPE: 2008622996701_Node0_Node8_Zero, Node1 id 2008622996701_Node0_Node8_Zero was a dupe; retransmit: 0, pkt_enqueue_time=2012092395499.8877, pkt_dequeue_time=2012092395499.8877, forwarded_or_dropped=1, reason_for_drop='Expiry'
DUPE: 2008336117906_Node0_Node8_Zero, Node1 id 2008336117906_Node0_Node8_Zero was a dupe; retransmit: 0, pkt_enqueue_time=2012097875154.433, pkt_dequeue_time=2012097875154.433, forwarded_or_dropped=1, reason_for_drop='Expiry'
DUPE: 2008286938353_Node0_Node8_Zero, Node1 id 2008286938353_Node0_Node8_Zero was a dupe; retransmit: 0, pkt_enqueue_time=2012103374808.9785, pkt_dequeue_time=2012103374808.9785, forwarded_or_dropped=1, reason_for_drop='Expiry'
DUPE: 2008254145690_Node0_Node8_Zero, Node1 id 2008254145690_Node0_Node8_Zero was a dupe; retransmit: 0, pkt_enqueue_time=2012108874463.524, pkt_dequeue_time=2012108874463.524, forwarded_or_dropped=1, reason_for_drop='Expiry'
DUPE: 2008262343754_Node0_Node8_Zero, Node1 id 2008262343754_Node0_Node8_Zero was a dupe; retransmit: 0, pkt_enqueue_time=2012111201335.524, pkt_dequeue_time=2012111201335.524, forwarded_or_dropped=1, reason_for_drop='Expiry'
DUPE: 2008663980201_Node0_Node8_Zero, Node1 id 2008663980201_Node0_Node8_Zero was a dupe; retransmit: 0, pkt_enqueue_time=2012125547516.6147, pkt_dequeue_time=2012125547516.6147, forwarded_or_dropped=1, reason_for_drop='Expiry'
DUPE: 2008836130179_Node0_Node8_Zero, Node1 id 2008836130179_Node0_Node8_Zero was a dupe; retransmit: 0, pkt_enqueue_time=2012142180569.7056, pkt_dequeue_time=2012142180569.7056, forwarded_or_dropped=1, reason_for_drop='Expiry'
DUPE: 2008795139473_Node0_Node8_Zero, Node1 id 2008795139473_Node0_Node8_Zero was a dupe; retransmit: 0, pkt_enqueue_time=2012183292240.978, pkt_dequeue_time=2012183292240.978, forwarded_or_dropped=1, reason_for_drop='Expiry'
DUPE: 2008327918752_Node0_Node8_Zero, Node1 id 2008327918752_Node0_Node8_Zero was a dupe; retransmit: 0, pkt_enqueue_time=2012188991895.5234, pkt_dequeue_time=2012188991895.5234, forwarded_or_dropped=1, reason_for_drop='Expiry'
DUPE: 2008672181634_Node0_Node8_Zero, Node1 id 2008672181634_Node0_Node8_Zero was a dupe; retransmit: 0, pkt_enqueue_time=2012200451204.6143, pkt_dequeue_time=2012200451204.6143, forwarded_or_dropped=1, reason_for_drop='Expiry'
DUPE: 2009122998904_Node0_Node8_Zero, Node1 id 2009122998904_Node0_Node8_Zero was a dupe; retransmit: 0, pkt_enqueue_time=2012211970513.705, pkt_dequeue_time=2012211970513.705, forwarded_or_dropped=1, reason_for_drop='Expiry'
DUPE: 2008852521667_Node0_Node8_Zero, Node1 id 2008852521667_Node0_Node8_Zero was a dupe; retransmit: 0, pkt_enqueue_time=2012217770168.2505, pkt_dequeue_time=2012217770168.2505, forwarded_or_dropped=1, reason_for_drop='Expiry'
DUPE: 2009213171572_Node0_Node8_Zero, Node1 id 2009213171572_Node0_Node8_Zero was a dupe; retransmit: 0, pkt_enqueue_time=2012235309131.8867, pkt_dequeue_time=2012235309131.8867, forwarded_or_dropped=1, reason_for_drop='Expiry'
DUPE: 2008434466351_Node0_Node8_Zero, Node1 id 2008434466351_Node0_Node8_Zero was a dupe; retransmit: 0, pkt_enqueue_time=2012241168786.4321, pkt_dequeue_time=2012241168786.4321, forwarded_or_dropped=1, reason_for_drop='Expiry'
DUPE: 2008967261161_Node0_Node8_Zero, Node1 id 2008967261161_Node0_Node8_Zero was a dupe; retransmit: 0, pkt_enqueue_time=2012267481494.0684, pkt_dequeue_time=2012267481494.0684, forwarded_or_dropped=1, reason_for_drop='Expiry'
DUPE: 2008762345582_Node0_Node8_Zero, Node1 id 2008762345582_Node0_Node8_Zero was a dupe; retransmit: 0, pkt_enqueue_time=2012279340803.1592, pkt_dequeue_time=2012279340803.1592, forwarded_or_dropped=1, reason_for_drop='Expiry'
DUPE: 2009262330506_Node0_Node8_Zero, Node1 id 2009262330506_Node0_Node8_Zero was a dupe; retransmit: 0, pkt_enqueue_time=2012285300457.7046, pkt_dequeue_time=2012285300457.7046, forwarded_or_dropped=1, reason_for_drop='Expiry'
DUPE: 2008614800568_Node0_Node8_Zero, Node1 id 2008614800568_Node0_Node8_Zero was a dupe; retransmit: 0, pkt_enqueue_time=2012291280112.25, pkt_dequeue_time=2012291280112.25, forwarded_or_dropped=1, reason_for_drop='Expiry'
DUPE: 2008573826237_Node0_Node8_Zero, Node1 id 2008573826237_Node0_Node8_Zero was a dupe; retransmit: 0, pkt_enqueue_time=2012297259766.7954, pkt_dequeue_time=2012297259766.7954, forwarded_or_dropped=1, reason_for_drop='Expiry'
DUPE: 2008278739491_Node0_Node8_Zero, Node1 id 2008278739491_Node0_Node8_Zero was a dupe; retransmit: 0, pkt_enqueue_time=2012303259421.3408, pkt_dequeue_time=2012303259421.3408, forwarded_or_dropped=1, reason_for_drop='Expiry'
DUPE: 2008754150880_Node0_Node8_Zero, Node1 id 2008754150880_Node0_Node8_Zero was a dupe; retransmit: 0, pkt_enqueue_time=2012324765256.977, pkt_dequeue_time=2012324765256.977, forwarded_or_dropped=1, reason_for_drop='Expiry'
DUPE: 2008557431313_Node0_Node8_Zero, Node1 id 2008557431313_Node0_Node8_Zero was a dupe; retransmit: 0, pkt_enqueue_time=2012330804911.5225, pkt_dequeue_time=2012330804911.5225, forwarded_or_dropped=1, reason_for_drop='Expiry'
DUPE: 2009000046112_Node0_Node8_Zero, Node1 id 2009000046112_Node0_Node8_Zero was a dupe; retransmit: 0, pkt_enqueue_time=2012336844566.0679, pkt_dequeue_time=2012336844566.0679, forwarded_or_dropped=1, reason_for_drop='Expiry'
DUPE: 2008516443278_Node0_Node8_Zero, Node1 id 2008516443278_Node0_Node8_Zero was a dupe; retransmit: 0, pkt_enqueue_time=2012342904220.6133, pkt_dequeue_time=2012342904220.6133, forwarded_or_dropped=1, reason_for_drop='Expiry'
DUPE: 2008541036021_Node0_Node8_Zero, Node1 id 2008541036021_Node0_Node8_Zero was a dupe; retransmit: 0, pkt_enqueue_time=2012349003875.1587, pkt_dequeue_time=2012349003875.1587, forwarded_or_dropped=1, reason_for_drop='Expiry'
DUPE: 2009090212202_Node0_Node8_Zero, Node1 id 2009090212202_Node0_Node8_Zero was a dupe; retransmit: 0, pkt_enqueue_time=2012355123529.704, pkt_dequeue_time=2012355123529.704, forwarded_or_dropped=1, reason_for_drop='Expiry'
DUPE: 2008950872568_Node0_Node8_Zero, Node1 id 2008950872568_Node0_Node8_Zero was a dupe; retransmit: 0, pkt_enqueue_time=2012361243184.2495, pkt_dequeue_time=2012361243184.2495, forwarded_or_dropped=1, reason_for_drop='Expiry'
DUPE: 2009278728616_Node0_Node8_Zero, Node1 id 2009278728616_Node0_Node8_Zero was a dupe; retransmit: 0, pkt_enqueue_time=2012373602493.3403, pkt_dequeue_time=2012373602493.3403, forwarded_or_dropped=1, reason_for_drop='Expiry'
DUPE: 2009204971220_Node0_Node8_Zero, Node1 id 2009204971220_Node0_Node8_Zero was a dupe; retransmit: 0, pkt_enqueue_time=2012392301456.9766, pkt_dequeue_time=2012392301456.9766, forwarded_or_dropped=1, reason_for_drop='Expiry'
DUPE: 2008819728783_Node0_Node8_Zero, Node1 id 2008819728783_Node0_Node8_Zero was a dupe; retransmit: 0, pkt_enqueue_time=2012398541111.522, pkt_dequeue_time=2012398541111.522, forwarded_or_dropped=1, reason_for_drop='Expiry'
DUPE: 2008000056201_Node0_Node8_Zero, Node1 id 2008000056201_Node0_Node8_Zero was a dupe; retransmit: 0, pkt_enqueue_time=2012404820766.0674, pkt_dequeue_time=2012404820766.0674, forwarded_or_dropped=1, reason_for_drop='Expiry'
DUPE: 2009049232866_Node0_Node8_Zero, Node1 id 2009049232866_Node0_Node8_Zero was a dupe; retransmit: 0, pkt_enqueue_time=2012417420075.1582, pkt_dequeue_time=2012417420075.1582, forwarded_or_dropped=1, reason_for_drop='Expiry'
DUPE: 2008114796537_Node0_Node8_Zero, Node1 id 2008114796537_Node0_Node8_Zero was a dupe; retransmit: 0, pkt_enqueue_time=2012430079384.249, pkt_dequeue_time=2012430079384.249, forwarded_or_dropped=1, reason_for_drop='Expiry'
DUPE: 2008655779762_Node0_Node8_Zero, Node1 id 2008655779762_Node0_Node8_Zero was a dupe; retransmit: 0, pkt_enqueue_time=2012453725219.8853, pkt_dequeue_time=2012453725219.8853, forwarded_or_dropped=1, reason_for_drop='Expiry'
DUPE: 2007606595065_Node0_Node8_Zero, Node1 id 2007606595065_Node0_Node8_Zero was a dupe; retransmit: 0, pkt_enqueue_time=2012460084874.4307, pkt_dequeue_time=2012460084874.4307, forwarded_or_dropped=1, reason_for_drop='Expiry'
DUPE: 2007286948060_Node0_Node8_Zero, Node1 id 2007286948060_Node0_Node8_Zero was a dupe; retransmit: 0, pkt_enqueue_time=2012466464528.976, pkt_dequeue_time=2012466464528.976, forwarded_or_dropped=1, reason_for_drop='Expiry'
DUPE: 2007795139585_Node0_Node8_Zero, Node1 id 2007795139585_Node0_Node8_Zero was a dupe; retransmit: 0, pkt_enqueue_time=2012488350364.6123, pkt_dequeue_time=2012488350364.6123, forwarded_or_dropped=1, reason_for_drop='Expiry'
DUPE: 2007688577062_Node0_Node8_Zero, Node1 id 2007688577062_Node0_Node8_Zero was a dupe; retransmit: 0, pkt_enqueue_time=2012494790019.1577, pkt_dequeue_time=2012494790019.1577, forwarded_or_dropped=1, reason_for_drop='Expiry'
DUPE: 2007229575628_Node0_Node8_Zero, Node1 id 2007229575628_Node0_Node8_Zero was a dupe; retransmit: 0, pkt_enqueue_time=2012501229673.7031, pkt_dequeue_time=2012501229673.7031, forwarded_or_dropped=1, reason_for_drop='Expiry'
DUPE: 2008696766648_Node0_Node8_Zero, Node1 id 2008696766648_Node0_Node8_Zero was a dupe; retransmit: 0, pkt_enqueue_time=2012507689328.2485, pkt_dequeue_time=2012507689328.2485, forwarded_or_dropped=1, reason_for_drop='Expiry'
DUPE: 2008680375465_Node0_Node8_Zero, Node1 id 2008680375465_Node0_Node8_Zero was a dupe; retransmit: 0, pkt_enqueue_time=2012514148982.794, pkt_dequeue_time=2012514148982.794, forwarded_or_dropped=1, reason_for_drop='Expiry'
DUPE: 2007631189464_Node0_Node8_Zero, Node1 id 2007631189464_Node0_Node8_Zero was a dupe; retransmit: 0, pkt_enqueue_time=2012520648637.3394, pkt_dequeue_time=2012520648637.3394, forwarded_or_dropped=1, reason_for_drop='Expiry'
DUPE: 2007418089841_Node0_Node8_Zero, Node1 id 2007418089841_Node0_Node8_Zero was a dupe; retransmit: 0, pkt_enqueue_time=2012527148291.8848, pkt_dequeue_time=2012527148291.8848, forwarded_or_dropped=1, reason_for_drop='Expiry'
DUPE: 2007967263205_Node0_Node8_Zero, Node1 id 2007967263205_Node0_Node8_Zero was a dupe; retransmit: 0, pkt_enqueue_time=2012533667946.4302, pkt_dequeue_time=2012533667946.4302, forwarded_or_dropped=1, reason_for_drop='Expiry'
DUPE: 2009286927456_Node0_Node8_Zero, Node1 id 2009286927456_Node0_Node8_Zero was a dupe; retransmit: 0, pkt_enqueue_time=2012540187600.9756, pkt_dequeue_time=2012540187600.9756, forwarded_or_dropped=1, reason_for_drop='Expiry'
DUPE: 2008303331983_Node0_Node8_Zero, Node1 id 2008303331983_Node0_Node8_Zero was a dupe; retransmit: 0, pkt_enqueue_time=2012546707255.521, pkt_dequeue_time=2012546707255.521, forwarded_or_dropped=1, reason_for_drop='Expiry'
DUPE: 2007803332462_Node0_Node8_Zero, Node1 id 2007803332462_Node0_Node8_Zero was a dupe; retransmit: 0, pkt_enqueue_time=2012553226910.0664, pkt_dequeue_time=2012553226910.0664, forwarded_or_dropped=1, reason_for_drop='Expiry'
DUPE: 2007639383530_Node0_Node8_Zero, Node1 id 2007639383530_Node0_Node8_Zero was a dupe; retransmit: 0, pkt_enqueue_time=2012559746564.6118, pkt_dequeue_time=2012559746564.6118, forwarded_or_dropped=1, reason_for_drop='Expiry'
DUPE: 2007303334659_Node0_Node8_Zero, Node1 id 2007303334659_Node0_Node8_Zero was a dupe; retransmit: 0, pkt_enqueue_time=2012566266219.1572, pkt_dequeue_time=2012566266219.1572, forwarded_or_dropped=1, reason_for_drop='Expiry'
DUPE: 2009057425079_Node0_Node8_Zero, Node1 id 2009057425079_Node0_Node8_Zero was a dupe; retransmit: 0, pkt_enqueue_time=2012584312400.248, pkt_dequeue_time=2012584312400.248, forwarded_or_dropped=1, reason_for_drop='Expiry'
DUPE: 2007377109700_Node0_Node8_Zero, Node1 id 2007377109700_Node0_Node8_Zero was a dupe; retransmit: 0, pkt_enqueue_time=2012590872054.7935, pkt_dequeue_time=2012590872054.7935, forwarded_or_dropped=1, reason_for_drop='Expiry'
DUPE: 2009401687227_Node0_Node8_Zero, Node1 id 2009401687227_Node0_Node8_Zero was a dupe; retransmit: 0, pkt_enqueue_time=2012597431709.3389, pkt_dequeue_time=2012597431709.3389, forwarded_or_dropped=1, reason_for_drop='Expiry'
DUPE: 2008770543623_Node0_Node8_Zero, Node1 id 2008770543623_Node0_Node8_Zero was a dupe; retransmit: 0, pkt_enqueue_time=2012604011363.8843, pkt_dequeue_time=2012604011363.8843, forwarded_or_dropped=1, reason_for_drop='Expiry'
DUPE: 2007655780126_Node0_Node8_Zero, Node1 id 2007655780126_Node0_Node8_Zero was a dupe; retransmit: 0, pkt_enqueue_time=2012610591018.4297, pkt_dequeue_time=2012610591018.4297, forwarded_or_dropped=1, reason_for_drop='Expiry'
DUPE: 2007221375802_Node0_Node8_Zero, Node1 id 2007221375802_Node0_Node8_Zero was a dupe; retransmit: 0, pkt_enqueue_time=2012617170672.975, pkt_dequeue_time=2012617170672.975, forwarded_or_dropped=1, reason_for_drop='Expiry'
DUPE: 2008213160595_Node0_Node8_Zero, Node1 id 2008213160595_Node0_Node8_Zero was a dupe; retransmit: 0, pkt_enqueue_time=2012623750327.5205, pkt_dequeue_time=2012623750327.5205, forwarded_or_dropped=1, reason_for_drop='Expiry'
DUPE: 2008204964840_Node0_Node8_Zero, Node1 id 2008204964840_Node0_Node8_Zero was a dupe; retransmit: 0, pkt_enqueue_time=2012630349982.066, pkt_dequeue_time=2012630349982.066, forwarded_or_dropped=1, reason_for_drop='Expiry'
DUPE: 2009508257594_Node0_Node8_Zero, Node1 id 2009508257594_Node0_Node8_Zero was a dupe; retransmit: 0, pkt_enqueue_time=2012643629291.1567, pkt_dequeue_time=2012643629291.1567, forwarded_or_dropped=1, reason_for_drop='Expiry'
DUPE: 2007959064291_Node0_Node8_Zero, Node1 id 2007959064291_Node0_Node8_Zero was a dupe; retransmit: 0, pkt_enqueue_time=2012650268945.7021, pkt_dequeue_time=2012650268945.7021, forwarded_or_dropped=1, reason_for_drop='Expiry'
DUPE: 2007942669423_Node0_Node8_Zero, Node1 id 2007942669423_Node0_Node8_Zero was a dupe; retransmit: 0, pkt_enqueue_time=2012656928600.2476, pkt_dequeue_time=2012656928600.2476, forwarded_or_dropped=1, reason_for_drop='Expiry'
DUPE: 2007680375753_Node0_Node8_Zero, Node1 id 2007680375753_Node0_Node8_Zero was a dupe; retransmit: 0, pkt_enqueue_time=2012663588254.793, pkt_dequeue_time=2012663588254.793, forwarded_or_dropped=1, reason_for_drop='Expiry'
DUPE: 2007295139866_Node0_Node8_Zero, Node1 id 2007295139866_Node0_Node8_Zero was a dupe; retransmit: 0, pkt_enqueue_time=2012670267909.3384, pkt_dequeue_time=2012670267909.3384, forwarded_or_dropped=1, reason_for_drop='Expiry'
DUPE: 2008868911069_Node0_Node8_Zero, Node1 id 2008868911069_Node0_Node8_Zero was a dupe; retransmit: 0, pkt_enqueue_time=2012676947563.8838, pkt_dequeue_time=2012676947563.8838, forwarded_or_dropped=1, reason_for_drop='Expiry'
DUPE: 2007237770139_Node0_Node8_Zero, Node1 id 2007237770139_Node0_Node8_Zero was a dupe; retransmit: 0, pkt_enqueue_time=2012683647218.4292, pkt_dequeue_time=2012683647218.4292, forwarded_or_dropped=1, reason_for_drop='Expiry'
DUPE: 2007426283419_Node0_Node8_Zero, Node1 id 2007426283419_Node0_Node8_Zero was a dupe; retransmit: 0, pkt_enqueue_time=2012702673399.52, pkt_dequeue_time=2012702673399.52, forwarded_or_dropped=1, reason_for_drop='Expiry'
DUPE: 2007352511916_Node0_Node8_Zero, Node1 id 2007352511916_Node0_Node8_Zero was a dupe; retransmit: 0, pkt_enqueue_time=2012738625761.7017, pkt_dequeue_time=2012738625761.7017, forwarded_or_dropped=1, reason_for_drop='Expiry'
DUPE: 2008024643689_Node0_Node8_Zero, Node1 id 2008024643689_Node0_Node8_Zero was a dupe; retransmit: 0, pkt_enqueue_time=2012745405416.247, pkt_dequeue_time=2012745405416.247, forwarded_or_dropped=1, reason_for_drop='Expiry'
DUPE: 2009614788591_Node0_Node8_Zero, Node1 id 2009614788591_Node0_Node8_Zero was a dupe; retransmit: 0, pkt_enqueue_time=2012752205070.7925, pkt_dequeue_time=2012752205070.7925, forwarded_or_dropped=1, reason_for_drop='Expiry'
DUPE: 2008508243560_Node0_Node8_Zero, Node1 id 2008508243560_Node0_Node8_Zero was a dupe; retransmit: 0, pkt_enqueue_time=2012759024725.338, pkt_dequeue_time=2012759024725.338, forwarded_or_dropped=1, reason_for_drop='Expiry'
DUPE: 2007467258580_Node0_Node8_Zero, Node1 id 2007467258580_Node0_Node8_Zero was a dupe; retransmit: 0, pkt_enqueue_time=2012765864379.8833, pkt_dequeue_time=2012765864379.8833, forwarded_or_dropped=1, reason_for_drop='Expiry'
DUPE: 2008926286825_Node0_Node8_Zero, Node1 id 2008926286825_Node0_Node8_Zero was a dupe; retransmit: 0, pkt_enqueue_time=2012772724034.4287, pkt_dequeue_time=2012772724034.4287, forwarded_or_dropped=1, reason_for_drop='Expiry'
DUPE: 2007877100041_Node0_Node8_Zero, Node1 id 2007877100041_Node0_Node8_Zero was a dupe; retransmit: 0, pkt_enqueue_time=2012779583688.974, pkt_dequeue_time=2012779583688.974, forwarded_or_dropped=1, reason_for_drop='Expiry'
DUPE: 2008909900913_Node0_Node8_Zero, Node1 id 2008909900913_Node0_Node8_Zero was a dupe; retransmit: 0, pkt_enqueue_time=2012786463343.5195, pkt_dequeue_time=2012786463343.5195, forwarded_or_dropped=1, reason_for_drop='Expiry'
DUPE: 2009106607538_Node0_Node8_Zero, Node1 id 2009106607538_Node0_Node8_Zero was a dupe; retransmit: 0, pkt_enqueue_time=2012793362998.065, pkt_dequeue_time=2012793362998.065, forwarded_or_dropped=1, reason_for_drop='Expiry'
DUPE: 2009647581987_Node0_Node8_Zero, Node1 id 2009647581987_Node0_Node8_Zero was a dupe; retransmit: 0, pkt_enqueue_time=2012800282652.6104, pkt_dequeue_time=2012800282652.6104, forwarded_or_dropped=1, reason_for_drop='Expiry'
DUPE: 2009663973294_Node0_Node8_Zero, Node1 id 2009663973294_Node0_Node8_Zero was a dupe; retransmit: 0, pkt_enqueue_time=2012807222307.1558, pkt_dequeue_time=2012807222307.1558, forwarded_or_dropped=1, reason_for_drop='Expiry'
DUPE: 2008483649308_Node0_Node8_Zero, Node1 id 2008483649308_Node0_Node8_Zero was a dupe; retransmit: 0, pkt_enqueue_time=2012814181961.7012, pkt_dequeue_time=2012814181961.7012, forwarded_or_dropped=1, reason_for_drop='Expiry'
DUPE: 2007180397503_Node0_Node8_Zero, Node1 id 2007180397503_Node0_Node8_Zero was a dupe; retransmit: 0, pkt_enqueue_time=2012821161616.2466, pkt_dequeue_time=2012821161616.2466, forwarded_or_dropped=1, reason_for_drop='Expiry'
DUPE: 2007885294452_Node0_Node8_Zero, Node1 id 2007885294452_Node0_Node8_Zero was a dupe; retransmit: 0, pkt_enqueue_time=2012828161270.792, pkt_dequeue_time=2012828161270.792, forwarded_or_dropped=1, reason_for_drop='Expiry'
DUPE: 2009114800439_Node0_Node8_Zero, Node1 id 2009114800439_Node0_Node8_Zero was a dupe; retransmit: 0, pkt_enqueue_time=2012835180925.3374, pkt_dequeue_time=2012835180925.3374, forwarded_or_dropped=1, reason_for_drop='Expiry'
DUPE: 2008942675888_Node0_Node8_Zero, Node1 id 2008942675888_Node0_Node8_Zero was a dupe; retransmit: 0, pkt_enqueue_time=2012842300579.8828, pkt_dequeue_time=2012842300579.8828, forwarded_or_dropped=1, reason_for_drop='Expiry'
DUPE: 2008049226178_Node0_Node8_Zero, Node1 id 2008049226178_Node0_Node8_Zero was a dupe; retransmit: 0, pkt_enqueue_time=2012849440234.4282, pkt_dequeue_time=2012849440234.4282, forwarded_or_dropped=1, reason_for_drop='Expiry'
DUPE: 2007245967296_Node0_Node8_Zero, Node1 id 2007245967296_Node0_Node8_Zero was a dupe; retransmit: 0, pkt_enqueue_time=2012856599888.9736, pkt_dequeue_time=2012856599888.9736, forwarded_or_dropped=1, reason_for_drop='Expiry'
DUPE: 2007516444630_Node0_Node8_Zero, Node1 id 2007516444630_Node0_Node8_Zero was a dupe; retransmit: 0, pkt_enqueue_time=2012863759543.519, pkt_dequeue_time=2012863759543.519, forwarded_or_dropped=1, reason_for_drop='Expiry'
DUPE: 2008196768199_Node0_Node8_Zero, Node1 id 2008196768199_Node0_Node8_Zero was a dupe; retransmit: 0, pkt_enqueue_time=2012870939198.0645, pkt_dequeue_time=2012870939198.0645, forwarded_or_dropped=1, reason_for_drop='Expiry'
DUPE: 2008065624246_Node0_Node8_Zero, Node1 id 2008065624246_Node0_Node8_Zero was a dupe; retransmit: 0, pkt_enqueue_time=2012878198852.6099, pkt_dequeue_time=2012878198852.6099, forwarded_or_dropped=1, reason_for_drop='Expiry'
DUPE: 2009778716427_Node0_Node8_Zero, Node1 id 2009778716427_Node0_Node8_Zero was a dupe; retransmit: 0, pkt_enqueue_time=2012885478507.1553, pkt_dequeue_time=2012885478507.1553, forwarded_or_dropped=1, reason_for_drop='Expiry'
DUPE: 2009393489649_Node0_Node8_Zero, Node1 id 2009393489649_Node0_Node8_Zero was a dupe; retransmit: 0, pkt_enqueue_time=2012892758161.7007, pkt_dequeue_time=2012892758161.7007, forwarded_or_dropped=1, reason_for_drop='Expiry'
DUPE: 2009557425872_Node0_Node8_Zero, Node1 id 2009557425872_Node0_Node8_Zero was a dupe; retransmit: 0, pkt_enqueue_time=2012900057816.246, pkt_dequeue_time=2012900057816.246, forwarded_or_dropped=1, reason_for_drop='Expiry'
DUPE: 2008631192105_Node0_Node8_Zero, Node1 id 2008631192105_Node0_Node8_Zero was a dupe; retransmit: 0, pkt_enqueue_time=2012907377470.7915, pkt_dequeue_time=2012907377470.7915, forwarded_or_dropped=1, reason_for_drop='Expiry'
DUPE: 2008360708531_Node0_Node8_Zero, Node1 id 2008360708531_Node0_Node8_Zero was a dupe; retransmit: 0, pkt_enqueue_time=2012914697125.337, pkt_dequeue_time=2012914697125.337, forwarded_or_dropped=1, reason_for_drop='Expiry'
DUPE: 2007893489509_Node0_Node8_Zero, Node1 id 2007893489509_Node0_Node8_Zero was a dupe; retransmit: 0, pkt_enqueue_time=2012922056779.8823, pkt_dequeue_time=2012922056779.8823, forwarded_or_dropped=1, reason_for_drop='Expiry'
DUPE: 2009745932179_Node0_Node8_Zero, Node1 id 2009745932179_Node0_Node8_Zero was a dupe; retransmit: 0, pkt_enqueue_time=2012929456434.4277, pkt_dequeue_time=2012929456434.4277, forwarded_or_dropped=1, reason_for_drop='Expiry'
DUPE: 2008418078993_Node0_Node8_Zero, Node1 id 2008418078993_Node0_Node8_Zero was a dupe; retransmit: 0, pkt_enqueue_time=2012944335743.5186, pkt_dequeue_time=2012944335743.5186, forwarded_or_dropped=1, reason_for_drop='Expiry'
DUPE: 2007762347708_Node0_Node8_Zero, Node1 id 2007762347708_Node0_Node8_Zero was a dupe; retransmit: 0, pkt_enqueue_time=2012951795398.064, pkt_dequeue_time=2012951795398.064, forwarded_or_dropped=1, reason_for_drop='Expiry'
DUPE: 2009680362123_Node0_Node8_Zero, Node1 id 2009680362123_Node0_Node8_Zero was a dupe; retransmit: 0, pkt_enqueue_time=2012959275052.6094, pkt_dequeue_time=2012959275052.6094, forwarded_or_dropped=1, reason_for_drop='Expiry'
DUPE: 2009467270590_Node0_Node8_Zero, Node1 id 2009467270590_Node0_Node8_Zero was a dupe; retransmit: 0, pkt_enqueue_time=2012966794707.1548, pkt_dequeue_time=2012966794707.1548, forwarded_or_dropped=1, reason_for_drop='Expiry'
DUPE: 2008844326241_Node0_Node8_Zero, Node1 id 2008844326241_Node0_Node8_Zero was a dupe; retransmit: 0, pkt_enqueue_time=2012974314361.7002, pkt_dequeue_time=2012974314361.7002, forwarded_or_dropped=1, reason_for_drop='Expiry'
DUPE: 2009385294324_Node0_Node8_Zero, Node1 id 2009385294324_Node0_Node8_Zero was a dupe; retransmit: 0, pkt_enqueue_time=2012981854016.2456, pkt_dequeue_time=2012981854016.2456, forwarded_or_dropped=1, reason_for_drop='Expiry'
DUPE: 2009065624369_Node0_Node8_Zero, Node1 id 2009065624369_Node0_Node8_Zero was a dupe; retransmit: 0, pkt_enqueue_time=2012989393670.791, pkt_dequeue_time=2012989393670.791, forwarded_or_dropped=1, reason_for_drop='Expiry'
DUPE: 2008467250732_Node0_Node8_Zero, Node1 id 2008467250732_Node0_Node8_Zero was a dupe; retransmit: 0, pkt_enqueue_time=2012996973325.3364, pkt_dequeue_time=2012996973325.3364, forwarded_or_dropped=1, reason_for_drop='Expiry'
main.py: Progress: 2013 / 2014

rf.py: Time: 2013 Route details: {0: {'Route': [0, 1, 2, 3, 4, 5, 6, 7, 8], 'MCS_Index': [0, 0, 0, 0, 0, 0, 0, 0], 'Priority': 1, 'ValidRoute': True, 'HQRoute': True, 'RouteNodeDensity': [0, 0, 0, 0, 0, 0, 0, 0, 0], 'InterferingLinks': 16, 'Target': (-1, -1)}}
DUPE: 2007811529913_Node0_Node8_Zero, Node1 id 2007811529913_Node0_Node8_Zero was a dupe; retransmit: 0, pkt_enqueue_time=2013004572979.8818, pkt_dequeue_time=2013004572979.8818, forwarded_or_dropped=1, reason_for_drop='Expiry'
DUPE: 2007582012969_Node0_Node8_Zero, Node1 id 2007582012969_Node0_Node8_Zero was a dupe; retransmit: 0, pkt_enqueue_time=2013012272634.4272, pkt_dequeue_time=2013012272634.4272, forwarded_or_dropped=1, reason_for_drop='Expiry'
DUPE: 2009352509033_Node0_Node8_Zero, Node1 id 2009352509033_Node0_Node8_Zero was a dupe; retransmit: 0, pkt_enqueue_time=2013020012288.9727, pkt_dequeue_time=2013020012288.9727, forwarded_or_dropped=1, reason_for_drop='Expiry'
DUPE: 2008885307758_Node0_Node8_Zero, Node1 id 2008885307758_Node0_Node8_Zero was a dupe; retransmit: 0, pkt_enqueue_time=2013027771943.518, pkt_dequeue_time=2013027771943.518, forwarded_or_dropped=1, reason_for_drop='Expiry'
DUPE: 2007098449006_Node0_Node8_Zero, Node1 id 2007098449006_Node0_Node8_Zero was a dupe; retransmit: 0, pkt_enqueue_time=2013035531598.0635, pkt_dequeue_time=2013035531598.0635, forwarded_or_dropped=1, reason_for_drop='Expiry'
DUPE: 2007336116479_Node0_Node8_Zero, Node1 id 2007336116479_Node0_Node8_Zero was a dupe; retransmit: 0, pkt_enqueue_time=2013043291252.609, pkt_dequeue_time=2013043291252.609, forwarded_or_dropped=1, reason_for_drop='Expiry'
DUPE: 2007270550591_Node0_Node8_Zero, Node1 id 2007270550591_Node0_Node8_Zero was a dupe; retransmit: 0, pkt_enqueue_time=2013051090907.1543, pkt_dequeue_time=2013051090907.1543, forwarded_or_dropped=1, reason_for_drop='Expiry'
DUPE: 2007450870182_Node0_Node8_Zero, Node1 id 2007450870182_Node0_Node8_Zero was a dupe; retransmit: 0, pkt_enqueue_time=2013058890561.6997, pkt_dequeue_time=2013058890561.6997, forwarded_or_dropped=1, reason_for_drop='Expiry'
DUPE: 2009426286516_Node0_Node8_Zero, Node1 id 2009426286516_Node0_Node8_Zero was a dupe; retransmit: 0, pkt_enqueue_time=2013066690216.245, pkt_dequeue_time=2013066690216.245, forwarded_or_dropped=1, reason_for_drop='Expiry'
DUPE: 2009155792001_Node0_Node8_Zero, Node1 id 2009155792001_Node0_Node8_Zero was a dupe; retransmit: 0, pkt_enqueue_time=2013074489870.7905, pkt_dequeue_time=2013074489870.7905, forwarded_or_dropped=1, reason_for_drop='Expiry'
DUPE: 2007278752161_Node0_Node8_Zero, Node1 id 2007278752161_Node0_Node8_Zero was a dupe; retransmit: 0, pkt_enqueue_time=2013082409525.336, pkt_dequeue_time=2013082409525.336, forwarded_or_dropped=1, reason_for_drop='Expiry'
DUPE: 2008172177669_Node0_Node8_Zero, Node1 id 2008172177669_Node0_Node8_Zero was a dupe; retransmit: 0, pkt_enqueue_time=2013090329179.8813, pkt_dequeue_time=2013090329179.8813, forwarded_or_dropped=1, reason_for_drop='Expiry'
DUPE: 2009549232759_Node0_Node8_Zero, Node1 id 2009549232759_Node0_Node8_Zero was a dupe; retransmit: 0, pkt_enqueue_time=2013098268834.4268, pkt_dequeue_time=2013098268834.4268, forwarded_or_dropped=1, reason_for_drop='Expiry'
DUPE: 2009918046725_Node0_Node8_Zero, Node1 id 2009918046725_Node0_Node8_Zero was a dupe; retransmit: 0, pkt_enqueue_time=2013106268488.9722, pkt_dequeue_time=2013106268488.9722, forwarded_or_dropped=1, reason_for_drop='Expiry'
DUPE: 2007983661429_Node0_Node8_Zero, Node1 id 2007983661429_Node0_Node8_Zero was a dupe; retransmit: 0, pkt_enqueue_time=2013114308143.5176, pkt_dequeue_time=2013114308143.5176, forwarded_or_dropped=1, reason_for_drop='Expiry'
DUPE: 2007049262626_Node0_Node8_Zero, Node1 id 2007049262626_Node0_Node8_Zero was a dupe; retransmit: 0, pkt_enqueue_time=2013122367798.063, pkt_dequeue_time=2013122367798.063, forwarded_or_dropped=1, reason_for_drop='Expiry'
DUPE: 2009229558478_Node0_Node8_Zero, Node1 id 2009229558478_Node0_Node8_Zero was a dupe; retransmit: 0, pkt_enqueue_time=2013130487452.6084, pkt_dequeue_time=2013130487452.6084, forwarded_or_dropped=1, reason_for_drop='Expiry'
DUPE: 2009442680175_Node0_Node8_Zero, Node1 id 2009442680175_Node0_Node8_Zero was a dupe; retransmit: 0, pkt_enqueue_time=2013138627107.1538, pkt_dequeue_time=2013138627107.1538, forwarded_or_dropped=1, reason_for_drop='Expiry'
DUPE: 2008901703786_Node0_Node8_Zero, Node1 id 2008901703786_Node0_Node8_Zero was a dupe; retransmit: 0, pkt_enqueue_time=2013146806761.6992, pkt_dequeue_time=2013146806761.6992, forwarded_or_dropped=1, reason_for_drop='Expiry'
DUPE: 2008918095036_Node0_Node8_Zero, Node1 id 2008918095036_Node0_Node8_Zero was a dupe; retransmit: 0, pkt_enqueue_time=2013155006416.2446, pkt_dequeue_time=2013155006416.2446, forwarded_or_dropped=1, reason_for_drop='Expiry'
DUPE: 2008155783618_Node0_Node8_Zero, Node1 id 2008155783618_Node0_Node8_Zero was a dupe; retransmit: 0, pkt_enqueue_time=2013163226070.79, pkt_dequeue_time=2013163226070.79, forwarded_or_dropped=1, reason_for_drop='Expiry'
DUPE: 2008180374712_Node0_Node8_Zero, Node1 id 2008180374712_Node0_Node8_Zero was a dupe; retransmit: 0, pkt_enqueue_time=2013171525725.3354, pkt_dequeue_time=2013171525725.3354, forwarded_or_dropped=1, reason_for_drop='Expiry'
DUPE: 2008098411542_Node0_Node8_Zero, Node1 id 2008098411542_Node0_Node8_Zero was a dupe; retransmit: 0, pkt_enqueue_time=2013179865379.8809, pkt_dequeue_time=2013179865379.8809, forwarded_or_dropped=1, reason_for_drop='Expiry'
DUPE: 2007131231863_Node0_Node8_Zero, Node1 id 2007131231863_Node0_Node8_Zero was a dupe; retransmit: 0, pkt_enqueue_time=2013188225034.4263, pkt_dequeue_time=2013188225034.4263, forwarded_or_dropped=1, reason_for_drop='Expiry'
DUPE: 2009344309422_Node0_Node8_Zero, Node1 id 2009344309422_Node0_Node8_Zero was a dupe; retransmit: 0, pkt_enqueue_time=2013196624688.9717, pkt_dequeue_time=2013196624688.9717, forwarded_or_dropped=1, reason_for_drop='Expiry'
DUPE: 2007590205615_Node0_Node8_Zero, Node1 id 2007590205615_Node0_Node8_Zero was a dupe; retransmit: 0, pkt_enqueue_time=2013205044343.517, pkt_dequeue_time=2013205044343.517, forwarded_or_dropped=1, reason_for_drop='Expiry'
DUPE: 2007549226706_Node0_Node8_Zero, Node1 id 2007549226706_Node0_Node8_Zero was a dupe; retransmit: 0, pkt_enqueue_time=2013213483998.0625, pkt_dequeue_time=2013213483998.0625, forwarded_or_dropped=1, reason_for_drop='Expiry'
DUPE: 2009270531441_Node0_Node8_Zero, Node1 id 2009270531441_Node0_Node8_Zero was a dupe; retransmit: 0, pkt_enqueue_time=2013222023652.608, pkt_dequeue_time=2013222023652.608, forwarded_or_dropped=1, reason_for_drop='Expiry'
DUPE: 2008032835717_Node0_Node8_Zero, Node1 id 2008032835717_Node0_Node8_Zero was a dupe; retransmit: 0, pkt_enqueue_time=2013230643307.1533, pkt_dequeue_time=2013230643307.1533, forwarded_or_dropped=1, reason_for_drop='Expiry'
DUPE: 2008082014685_Node0_Node8_Zero, Node1 id 2008082014685_Node0_Node8_Zero was a dupe; retransmit: 0, pkt_enqueue_time=2013239282961.6987, pkt_dequeue_time=2013239282961.6987, forwarded_or_dropped=1, reason_for_drop='Expiry'
DUPE: 2008106603824_Node0_Node8_Zero, Node1 id 2008106603824_Node0_Node8_Zero was a dupe; retransmit: 0, pkt_enqueue_time=2013247942616.2441, pkt_dequeue_time=2013247942616.2441, forwarded_or_dropped=1, reason_for_drop='Expiry'
DUPE: 2008188571513_Node0_Node8_Zero, Node1 id 2008188571513_Node0_Node8_Zero was a dupe; retransmit: 0, pkt_enqueue_time=2013256622270.7896, pkt_dequeue_time=2013256622270.7896, forwarded_or_dropped=1, reason_for_drop='Expiry'
DUPE: 2009729535374_Node0_Node8_Zero, Node1 id 2009729535374_Node0_Node8_Zero was a dupe; retransmit: 0, pkt_enqueue_time=2013265341925.335, pkt_dequeue_time=2013265341925.335, forwarded_or_dropped=1, reason_for_drop='Expiry'
DUPE: 2007123037350_Node0_Node8_Zero, Node1 id 2007123037350_Node0_Node8_Zero was a dupe; retransmit: 0, pkt_enqueue_time=2013274061579.8804, pkt_dequeue_time=2013274061579.8804, forwarded_or_dropped=1, reason_for_drop='Expiry'
DUPE: 2008385291733_Node0_Node8_Zero, Node1 id 2008385291733_Node0_Node8_Zero was a dupe; retransmit: 0, pkt_enqueue_time=2013282801234.4258, pkt_dequeue_time=2013282801234.4258, forwarded_or_dropped=1, reason_for_drop='Expiry'
DUPE: 2007827922410_Node0_Node8_Zero, Node1 id 2007827922410_Node0_Node8_Zero was a dupe; retransmit: 0, pkt_enqueue_time=2013291620888.9712, pkt_dequeue_time=2013291620888.9712, forwarded_or_dropped=1, reason_for_drop='Expiry'
DUPE: 2009967237258_Node0_Node8_Zero, Node1 id 2009967237258_Node0_Node8_Zero was a dupe; retransmit: 0, pkt_enqueue_time=2013300460543.5166, pkt_dequeue_time=2013300460543.5166, forwarded_or_dropped=1, reason_for_drop='Expiry'
DUPE: 2009737732279_Node0_Node8_Zero, Node1 id 2009737732279_Node0_Node8_Zero was a dupe; retransmit: 0, pkt_enqueue_time=2013309300198.062, pkt_dequeue_time=2013309300198.062, forwarded_or_dropped=1, reason_for_drop='Expiry'
DUPE: 2009565618401_Node0_Node8_Zero, Node1 id 2009565618401_Node0_Node8_Zero was a dupe; retransmit: 0, pkt_enqueue_time=2013318139852.6074, pkt_dequeue_time=2013318139852.6074, forwarded_or_dropped=1, reason_for_drop='Expiry'
DUPE: 2009852491161_Node0_Node8_Zero, Node1 id 2009852491161_Node0_Node8_Zero was a dupe; retransmit: 0, pkt_enqueue_time=2013326999507.1528, pkt_dequeue_time=2013326999507.1528, forwarded_or_dropped=1, reason_for_drop='Expiry'
DUPE: 2008442660499_Node0_Node8_Zero, Node1 id 2008442660499_Node0_Node8_Zero was a dupe; retransmit: 0, pkt_enqueue_time=2013335879161.6982, pkt_dequeue_time=2013335879161.6982, forwarded_or_dropped=1, reason_for_drop='Expiry'
DUPE: 2009770520674_Node0_Node8_Zero, Node1 id 2009770520674_Node0_Node8_Zero was a dupe; retransmit: 0, pkt_enqueue_time=2013344798816.2437, pkt_dequeue_time=2013344798816.2437, forwarded_or_dropped=1, reason_for_drop='Expiry'
DUPE: 2007557424794_Node0_Node8_Zero, Node1 id 2007557424794_Node0_Node8_Zero was a dupe; retransmit: 0, pkt_enqueue_time=2013353778470.789, pkt_dequeue_time=2013353778470.789, forwarded_or_dropped=1, reason_for_drop='Expiry'
DUPE: 2007065659361_Node0_Node8_Zero, Node1 id 2007065659361_Node0_Node8_Zero was a dupe; retransmit: 0, pkt_enqueue_time=2013362778125.3345, pkt_dequeue_time=2013362778125.3345, forwarded_or_dropped=1, reason_for_drop='Expiry'
DUPE: 2009827898299_Node0_Node8_Zero, Node1 id 2009827898299_Node0_Node8_Zero was a dupe; retransmit: 0, pkt_enqueue_time=2013371817779.88, pkt_dequeue_time=2013371817779.88, forwarded_or_dropped=1, reason_for_drop='Expiry'
DUPE: 2009377099968_Node0_Node8_Zero, Node1 id 2009377099968_Node0_Node8_Zero was a dupe; retransmit: 0, pkt_enqueue_time=2013380977434.4253, pkt_dequeue_time=2013380977434.4253, forwarded_or_dropped=1, reason_for_drop='Expiry'
DUPE: 2007106641929_Node0_Node8_Zero, Node1 id 2007106641929_Node0_Node8_Zero was a dupe; retransmit: 0, pkt_enqueue_time=2013390157088.9707, pkt_dequeue_time=2013390157088.9707, forwarded_or_dropped=1, reason_for_drop='Expiry'
DUPE: 2007000075373_Node0_Node8_Zero, Node1 id 2007000075373_Node0_Node8_Zero was a dupe; retransmit: 0, pkt_enqueue_time=2013399376743.516, pkt_dequeue_time=2013399376743.516, forwarded_or_dropped=1, reason_for_drop='Expiry'
DUPE: 2007434475842_Node0_Node8_Zero, Node1 id 2007434475842_Node0_Node8_Zero was a dupe; retransmit: 0, pkt_enqueue_time=2013408616398.0615, pkt_dequeue_time=2013408616398.0615, forwarded_or_dropped=1, reason_for_drop='Expiry'
DUPE: 2009524652155_Node0_Node8_Zero, Node1 id 2009524652155_Node0_Node8_Zero was a dupe; retransmit: 0, pkt_enqueue_time=2013417876052.607, pkt_dequeue_time=2013417876052.607, forwarded_or_dropped=1, reason_for_drop='Expiry'
DUPE: 2007622996349_Node0_Node8_Zero, Node1 id 2007622996349_Node0_Node8_Zero was a dupe; retransmit: 0, pkt_enqueue_time=2013427155707.1523, pkt_dequeue_time=2013427155707.1523, forwarded_or_dropped=1, reason_for_drop='Expiry'
DUPE: 2007573817431_Node0_Node8_Zero, Node1 id 2007573817431_Node0_Node8_Zero was a dupe; retransmit: 0, pkt_enqueue_time=2013436435361.6978, pkt_dequeue_time=2013436435361.6978, forwarded_or_dropped=1, reason_for_drop='Expiry'
DUPE: 2009844296952_Node0_Node8_Zero, Node1 id 2009844296952_Node0_Node8_Zero was a dupe; retransmit: 0, pkt_enqueue_time=2013445715016.2432, pkt_dequeue_time=2013445715016.2432, forwarded_or_dropped=1, reason_for_drop='Expiry'
DUPE: 2009877070952_Node0_Node8_Zero, Node1 id 2009877070952_Node0_Node8_Zero was a dupe; retransmit: 0, pkt_enqueue_time=2013447921888.2432, pkt_dequeue_time=2013447921888.2432, forwarded_or_dropped=1, reason_for_drop='Expiry'
DUPE: 2007057461028_Node0_Node8_Zero, Node1 id 2007057461028_Node0_Node8_Zero was a dupe; retransmit: 0, pkt_enqueue_time=2013457221542.7886, pkt_dequeue_time=2013457221542.7886, forwarded_or_dropped=1, reason_for_drop='Expiry'
DUPE: 2009516453466_Node0_Node8_Zero, Node1 id 2009516453466_Node0_Node8_Zero was a dupe; retransmit: 0, pkt_enqueue_time=2013466581197.334, pkt_dequeue_time=2013466581197.334, forwarded_or_dropped=1, reason_for_drop='Expiry'
DUPE: 2007729572922_Node0_Node8_Zero, Node1 id 2007729572922_Node0_Node8_Zero was a dupe; retransmit: 0, pkt_enqueue_time=2013476000851.8794, pkt_dequeue_time=2013476000851.8794, forwarded_or_dropped=1, reason_for_drop='Expiry'
DUPE: 2007737765348_Node0_Node8_Zero, Node1 id 2007737765348_Node0_Node8_Zero was a dupe; retransmit: 0, pkt_enqueue_time=2013485440506.4248, pkt_dequeue_time=2013485440506.4248, forwarded_or_dropped=1, reason_for_drop='Expiry'
DUPE: 2008811532787_Node0_Node8_Zero, Node1 id 2008811532787_Node0_Node8_Zero was a dupe; retransmit: 0, pkt_enqueue_time=2013494900160.9702, pkt_dequeue_time=2013494900160.9702, forwarded_or_dropped=1, reason_for_drop='Expiry'
DUPE: 2008008253281_Node0_Node8_Zero, Node1 id 2008008253281_Node0_Node8_Zero was a dupe; retransmit: 0, pkt_enqueue_time=2013504379815.5156, pkt_dequeue_time=2013504379815.5156, forwarded_or_dropped=1, reason_for_drop='Expiry'
DUPE: 2007409897173_Node0_Node8_Zero, Node1 id 2007409897173_Node0_Node8_Zero was a dupe; retransmit: 0, pkt_enqueue_time=2013513899470.061, pkt_dequeue_time=2013513899470.061, forwarded_or_dropped=1, reason_for_drop='Expiry'
DUPE: 2009688562289_Node0_Node8_Zero, Node1 id 2009688562289_Node0_Node8_Zero was a dupe; retransmit: 0, pkt_enqueue_time=2013523439124.6064, pkt_dequeue_time=2013523439124.6064, forwarded_or_dropped=1, reason_for_drop='Expiry'
DUPE: 2008229556229_Node0_Node8_Zero, Node1 id 2008229556229_Node0_Node8_Zero was a dupe; retransmit: 0, pkt_enqueue_time=2013533058779.1519, pkt_dequeue_time=2013533058779.1519, forwarded_or_dropped=1, reason_for_drop='Expiry'
DUPE: 2008991851936_Node0_Node8_Zero, Node1 id 2008991851936_Node0_Node8_Zero was a dupe; retransmit: 0, pkt_enqueue_time=2013542698433.6973, pkt_dequeue_time=2013542698433.6973, forwarded_or_dropped=1, reason_for_drop='Expiry'
DUPE: 2008147583797_Node0_Node8_Zero, Node1 id 2008147583797_Node0_Node8_Zero was a dupe; retransmit: 0, pkt_enqueue_time=2013552358088.2427, pkt_dequeue_time=2013552358088.2427, forwarded_or_dropped=1, reason_for_drop='Expiry'
DUPE: 2009713147144_Node0_Node8_Zero, Node1 id 2009713147144_Node0_Node8_Zero was a dupe; retransmit: 0, pkt_enqueue_time=2013562057742.788, pkt_dequeue_time=2013562057742.788, forwarded_or_dropped=1, reason_for_drop='Expiry'
DUPE: 2009196771687_Node0_Node8_Zero, Node1 id 2009196771687_Node0_Node8_Zero was a dupe; retransmit: 0, pkt_enqueue_time=2013571777397.3335, pkt_dequeue_time=2013571777397.3335, forwarded_or_dropped=1, reason_for_drop='Expiry'
DUPE: 2003901723509_Node0_Node8_Zero, Node2 id 2003901723509_Node0_Node8_Zero was a dupe; retransmit: 0, pkt_enqueue_time=2013573563560.6062, pkt_dequeue_time=2013573563560.6062, forwarded_or_dropped=1, reason_for_drop='Expiry'
DUPE: 2009909845674_Node0_Node8_Zero, Node1 id 2009909845674_Node0_Node8_Zero was a dupe; retransmit: 0, pkt_enqueue_time=2013581537051.879, pkt_dequeue_time=2013581537051.879, forwarded_or_dropped=1, reason_for_drop='Expiry'
DUPE: 2004016489540_Node0_Node8_Zero, Node2 id 2004016489540_Node0_Node8_Zero was a dupe; retransmit: 0, pkt_enqueue_time=2013593074869.697, pkt_dequeue_time=2013593074869.697, forwarded_or_dropped=1, reason_for_drop='Expiry'
DUPE: 2008877107881_Node0_Node8_Zero, Node1 id 2008877107881_Node0_Node8_Zero was a dupe; retransmit: 0, pkt_enqueue_time=2013601156360.9697, pkt_dequeue_time=2013601156360.9697, forwarded_or_dropped=1, reason_for_drop='Expiry'
DUPE: 2003836150435_Node0_Node8_Zero, Node2 id 2003836150435_Node0_Node8_Zero was a dupe; retransmit: 0, pkt_enqueue_time=2013612814178.7878, pkt_dequeue_time=2013612814178.7878, forwarded_or_dropped=1, reason_for_drop='Expiry'
DUPE: 2007008276829_Node0_Node8_Zero, Node1 id 2007008276829_Node0_Node8_Zero was a dupe; retransmit: 0, pkt_enqueue_time=2013620995670.0605, pkt_dequeue_time=2013620995670.0605, forwarded_or_dropped=1, reason_for_drop='Expiry'
DUPE: 2007016478025_Node0_Node8_Zero, Node1 id 2007016478025_Node0_Node8_Zero was a dupe; retransmit: 0, pkt_enqueue_time=2013623502542.0605, pkt_dequeue_time=2013623502542.0605, forwarded_or_dropped=1, reason_for_drop='Expiry'
DUPE: 2004246009683_Node0_Node8_Zero, Node2 id 2004246009683_Node0_Node8_Zero was a dupe; retransmit: 0, pkt_enqueue_time=2013635240359.8787, pkt_dequeue_time=2013635240359.8787, forwarded_or_dropped=1, reason_for_drop='Expiry'
DUPE: 2009573817023_Node0_Node8_Zero, Node1 id 2009573817023_Node0_Node8_Zero was a dupe; retransmit: 0, pkt_enqueue_time=2013644212587.1514, pkt_dequeue_time=2013644212587.1514, forwarded_or_dropped=1, reason_for_drop='Expiry'
DUPE: 2007918078171_Node0_Node8_Zero, Node1 id 2007918078171_Node0_Node8_Zero was a dupe; retransmit: 0, pkt_enqueue_time=2013654212241.6968, pkt_dequeue_time=2013654212241.6968, forwarded_or_dropped=1, reason_for_drop='Expiry'
DUPE: 2007852509599_Node0_Node8_Zero, Node1 id 2007852509599_Node0_Node8_Zero was a dupe; retransmit: 0, pkt_enqueue_time=2013664231896.2422, pkt_dequeue_time=2013664231896.2422, forwarded_or_dropped=1, reason_for_drop='Expiry'
DUPE: 2009868875788_Node0_Node8_Zero, Node1 id 2009868875788_Node0_Node8_Zero was a dupe; retransmit: 0, pkt_enqueue_time=2013674251550.7876, pkt_dequeue_time=2013674251550.7876, forwarded_or_dropped=1, reason_for_drop='Expiry'
DUPE: 2003942714678_Node0_Node8_Zero, Node2 id 2003942714678_Node0_Node8_Zero was a dupe; retransmit: 0, pkt_enqueue_time=2013686065368.6057, pkt_dequeue_time=2013686065368.6057, forwarded_or_dropped=1, reason_for_drop='Expiry'
DUPE: 2007696776212_Node0_Node8_Zero, Node1 id 2007696776212_Node0_Node8_Zero was a dupe; retransmit: 0, pkt_enqueue_time=2013694370859.8784, pkt_dequeue_time=2013694370859.8784, forwarded_or_dropped=1, reason_for_drop='Expiry'
DUPE: 2003918119924_Node0_Node8_Zero, Node2 id 2003918119924_Node0_Node8_Zero was a dupe; retransmit: 0, pkt_enqueue_time=2013706228677.6965, pkt_dequeue_time=2013706228677.6965, forwarded_or_dropped=1, reason_for_drop='Expiry'
DUPE: 2007819726077_Node0_Node8_Zero, Node1 id 2007819726077_Node0_Node8_Zero was a dupe; retransmit: 0, pkt_enqueue_time=2013714550168.9692, pkt_dequeue_time=2013714550168.9692, forwarded_or_dropped=1, reason_for_drop='Expiry'
DUPE: 2007836114581_Node0_Node8_Zero, Node1 id 2007836114581_Node0_Node8_Zero was a dupe; retransmit: 0, pkt_enqueue_time=2013717577040.9692, pkt_dequeue_time=2013717577040.9692, forwarded_or_dropped=1, reason_for_drop='Expiry'
DUPE: 2007541027834_Node0_Node8_Zero, Node1 id 2007541027834_Node0_Node8_Zero was a dupe; retransmit: 0, pkt_enqueue_time=2013727696695.5146, pkt_dequeue_time=2013727696695.5146, forwarded_or_dropped=1, reason_for_drop='Expiry'
DUPE: 2009500058488_Node0_Node8_Zero, Node1 id 2009500058488_Node0_Node8_Zero was a dupe; retransmit: 0, pkt_enqueue_time=2013737816350.06, pkt_dequeue_time=2013737816350.06, forwarded_or_dropped=1, reason_for_drop='Expiry'
DUPE: 2008590214955_Node0_Node8_Zero, Node1 id 2008590214955_Node0_Node8_Zero was a dupe; retransmit: 0, pkt_enqueue_time=2013747936004.6055, pkt_dequeue_time=2013747936004.6055, forwarded_or_dropped=1, reason_for_drop='Expiry'
DUPE: 2004106652863_Node0_Node8_Zero, Node2 id 2004106652863_Node0_Node8_Zero was a dupe; retransmit: 0, pkt_enqueue_time=2013759878822.4236, pkt_dequeue_time=2013759878822.4236, forwarded_or_dropped=1, reason_for_drop='Expiry'
DUPE: 2004114852944_Node0_Node8_Zero, Node2 id 2004114852944_Node0_Node8_Zero was a dupe; retransmit: 0, pkt_enqueue_time=2013764865694.4236, pkt_dequeue_time=2013764865694.4236, forwarded_or_dropped=1, reason_for_drop='Expiry'
DUPE: 2009934439980_Node0_Node8_Zero, Node1 id 2009934439980_Node0_Node8_Zero was a dupe; retransmit: 0, pkt_enqueue_time=2013769025790.6963, pkt_dequeue_time=2013769025790.6963, forwarded_or_dropped=1, reason_for_drop='Expiry'
DUPE: 2008827928844_Node0_Node8_Zero, Node1 id 2008827928844_Node0_Node8_Zero was a dupe; retransmit: 0, pkt_enqueue_time=2013779245445.2417, pkt_dequeue_time=2013779245445.2417, forwarded_or_dropped=1, reason_for_drop='Expiry'
DUPE: 2007172203277_Node0_Node8_Zero, Node1 id 2007172203277_Node0_Node8_Zero was a dupe; retransmit: 0, pkt_enqueue_time=2013789465099.787, pkt_dequeue_time=2013789465099.787, forwarded_or_dropped=1, reason_for_drop='Expiry'
DUPE: 2009368900296_Node0_Node8_Zero, Node1 id 2009368900296_Node0_Node8_Zero was a dupe; retransmit: 0, pkt_enqueue_time=2013799704754.3325, pkt_dequeue_time=2013799704754.3325, forwarded_or_dropped=1, reason_for_drop='Expiry'
DUPE: 2009721340608_Node0_Node8_Zero, Node1 id 2009721340608_Node0_Node8_Zero was a dupe; retransmit: 0, pkt_enqueue_time=2013809964408.878, pkt_dequeue_time=2013809964408.878, forwarded_or_dropped=1, reason_for_drop='Expiry'
DUPE: 2009622982588_Node0_Node8_Zero, Node1 id 2009622982588_Node0_Node8_Zero was a dupe; retransmit: 0, pkt_enqueue_time=2013820224063.4233, pkt_dequeue_time=2013820224063.4233, forwarded_or_dropped=1, reason_for_drop='Expiry'
DUPE: 2004205011550_Node0_Node8_Zero, Node2 id 2004205011550_Node0_Node8_Zero was a dupe; retransmit: 0, pkt_enqueue_time=2013832321881.2415, pkt_dequeue_time=2013832321881.2415, forwarded_or_dropped=1, reason_for_drop='Expiry'
DUPE: 2008057427613_Node0_Node8_Zero, Node1 id 2008057427613_Node0_Node8_Zero was a dupe; retransmit: 0, pkt_enqueue_time=2013840923372.5142, pkt_dequeue_time=2013840923372.5142, forwarded_or_dropped=1, reason_for_drop='Expiry'
DUPE: 2009959038584_Node0_Node8_Zero, Node1 id 2009959038584_Node0_Node8_Zero was a dupe; retransmit: 0, pkt_enqueue_time=2013851343027.0596, pkt_dequeue_time=2013851343027.0596, forwarded_or_dropped=1, reason_for_drop='Expiry'
DUPE: 2009754132567_Node0_Node8_Zero, Node1 id 2009754132567_Node0_Node8_Zero was a dupe; retransmit: 0, pkt_enqueue_time=2013861782681.605, pkt_dequeue_time=2013861782681.605, forwarded_or_dropped=1, reason_for_drop='Expiry'
DUPE: 2007647583825_Node0_Node8_Zero, Node1 id 2007647583825_Node0_Node8_Zero was a dupe; retransmit: 0, pkt_enqueue_time=2013872222336.1504, pkt_dequeue_time=2013872222336.1504, forwarded_or_dropped=1, reason_for_drop='Expiry'
DUPE: 2007500046637_Node0_Node8_Zero, Node1 id 2007500046637_Node0_Node8_Zero was a dupe; retransmit: 0, pkt_enqueue_time=2013882681990.6958, pkt_dequeue_time=2013882681990.6958, forwarded_or_dropped=1, reason_for_drop='Expiry'
DUPE: 2008975459542_Node0_Node8_Zero, Node1 id 2008975459542_Node0_Node8_Zero was a dupe; retransmit: 0, pkt_enqueue_time=2013893141645.2412, pkt_dequeue_time=2013893141645.2412, forwarded_or_dropped=1, reason_for_drop='Expiry'
DUPE: 2008778745264_Node0_Node8_Zero, Node1 id 2008778745264_Node0_Node8_Zero was a dupe; retransmit: 0, pkt_enqueue_time=2013903821299.7866, pkt_dequeue_time=2013903821299.7866, forwarded_or_dropped=1, reason_for_drop='Expiry'
DUPE: 2007909885023_Node0_Node8_Zero, Node1 id 2007909885023_Node0_Node8_Zero was a dupe; retransmit: 0, pkt_enqueue_time=2013914540954.332, pkt_dequeue_time=2013914540954.332, forwarded_or_dropped=1, reason_for_drop='Expiry'
DUPE: 2009590206600_Node0_Node8_Zero, Node1 id 2009590206600_Node0_Node8_Zero was a dupe; retransmit: 0, pkt_enqueue_time=2013925280608.8774, pkt_dequeue_time=2013925280608.8774, forwarded_or_dropped=1, reason_for_drop='Expiry'
DUPE: 2008647582123_Node0_Node8_Zero, Node1 id 2008647582123_Node0_Node8_Zero was a dupe; retransmit: 0, pkt_enqueue_time=2013936020263.4229, pkt_dequeue_time=2013936020263.4229, forwarded_or_dropped=1, reason_for_drop='Expiry'
DUPE: 2009237750285_Node0_Node8_Zero, Node1 id 2009237750285_Node0_Node8_Zero was a dupe; retransmit: 0, pkt_enqueue_time=2013946819917.9683, pkt_dequeue_time=2013946819917.9683, forwarded_or_dropped=1, reason_for_drop='Expiry'
DUPE: 2007147617360_Node0_Node8_Zero, Node1 id 2007147617360_Node0_Node8_Zero was a dupe; retransmit: 0, pkt_enqueue_time=2013957639572.5137, pkt_dequeue_time=2013957639572.5137, forwarded_or_dropped=1, reason_for_drop='Expiry'
DUPE: 2007991858421_Node0_Node8_Zero, Node1 id 2007991858421_Node0_Node8_Zero was a dupe; retransmit: 0, pkt_enqueue_time=2013968479227.059, pkt_dequeue_time=2013968479227.059, forwarded_or_dropped=1, reason_for_drop='Expiry'
DUPE: 2009893457623_Node0_Node8_Zero, Node1 id 2009893457623_Node0_Node8_Zero was a dupe; retransmit: 0, pkt_enqueue_time=2013979338881.6045, pkt_dequeue_time=2013979338881.6045, forwarded_or_dropped=1, reason_for_drop='Expiry'
DUPE: 2009409888354_Node0_Node8_Zero, Node1 id 2009409888354_Node0_Node8_Zero was a dupe; retransmit: 0, pkt_enqueue_time=2013990198536.15, pkt_dequeue_time=2013990198536.15, forwarded_or_dropped=1, reason_for_drop='Expiry'

Total number of generated packets: 2415
Total number of delivered packets: 2395 # Use all_stats.csv to check PDR
Average number of packets genetated every second: 172.5
Average number of packets delivered every second: 171.07142857142858
Standard deviation of packets genetated every second: 167.94971611424992
Standard deviation of packets delivered every second: 163.34995923988922
Average number of packets genetated every millisecond: 0.1725
Average number of packets delivered every millisecond: 0.17107142857142857
Standard deviation of packets genetated every millisecond: 0.4205788952656293
Standard deviation of packets delivered every millisecond: 0.40998988912371176
Average delay: 673.6249098429828
Standard deviation of delay: 1428.9394268857084
Minimum delay: 0.6434359999839216
Maximum delay: 9599.878763151122
Total number of retransmissions: 7287
Node0
Avg Received Power: 1.46e-13, Node1: [Avg:1.46e-12, Max:8.85e-12, Min:5.26e-13], Node2: [Avg:3.88e-13, Max:2.31e-12, Min:1.31e-13], Node3: [Avg:2.11e-13, Max:1.10e-12, Min:5.84e-14], Node4: [Avg:1.28e-13, Max:6.21e-13, Min:3.29e-14], Node5: [Avg:5.13e-14, Max:3.79e-13, Min:2.10e-14], Node6: [Avg:2.25e-14, Max:2.42e-13, Min:1.46e-14], Node7: [Avg:1.44e-14, Max:7.46e-14, Min:1.07e-14], 
Avg INTF: 3.43e-13, Node1: [Avg:1.46e-12, Max:8.85e-12, Min:5.26e-13], Node2: [Avg:3.88e-13, Max:2.31e-12, Min:1.31e-13], Node3: [Avg:2.11e-13, Max:1.10e-12, Min:5.84e-14], Node4: [Avg:1.28e-13, Max:6.21e-13, Min:3.29e-14], Node5: [Avg:5.13e-14, Max:3.79e-13, Min:2.10e-14], Node6: [Avg:2.25e-14, Max:2.42e-13, Min:1.46e-14], Node7: [Avg:1.44e-14, Max:7.46e-14, Min:1.07e-14], 
Self Tx power: RTS: (Avg: 0.0138, Min: 0.0077, Max: 0.1006), CTS: (Avg: 0.0083, Min: 0.0077, Max: 0.0201), ACK: (Avg: nan, Min: inf, Max: -inf), Data: (Avg: 0.0119, Min: 0.0053, Max: 0.1006)
CTS retry: 131, ACK retry: 2486, # Receiver Drops: 10, # Pkts Receiver Drops: 10, # Sent ACKs: 0, # Pkts ACK sent for: 0, # Retransmissions: 2617, # Pkts Retransmitted: 2811, # Receptions: 0, # Pkts Received: 0, # Forwards: 463, # Pkts Forwarded: 766

Node1
Avg Received Power: 4.83e-13, Node0: [Avg:8.84e-13, Max:9.94e-12, Min:5.26e-13], Node2: [Avg:1.48e-12, Max:9.23e-12, Min:5.26e-13], Node3: [Avg:4.20e-13, Max:2.48e-12, Min:1.31e-13], Node4: [Avg:2.50e-13, Max:1.10e-12, Min:5.84e-14], Node5: [Avg:7.33e-14, Max:5.91e-13, Min:3.29e-14], Node6: [Avg:3.19e-14, Max:3.48e-13, Min:2.10e-14], Node7: [Avg:1.84e-14, Max:1.02e-13, Min:1.46e-14], 
Avg INTF: 3.75e-13, Node2: [Avg:1.48e-12, Max:9.23e-12, Min:5.26e-13], Node3: [Avg:4.20e-13, Max:2.48e-12, Min:1.31e-13], Node4: [Avg:2.50e-13, Max:1.10e-12, Min:5.84e-14], Node5: [Avg:7.33e-14, Max:5.91e-13, Min:3.29e-14], Node6: [Avg:3.19e-14, Max:3.48e-13, Min:2.10e-14], Node7: [Avg:1.84e-14, Max:1.02e-13, Min:1.46e-14], 
Self Tx power: RTS: (Avg: 0.0173, Min: 0.0077, Max: 0.0959), CTS: (Avg: 0.0110, Min: 0.0077, Max: 0.0201), ACK: (Avg: 0.0077, Min: 0.0077, Max: 0.0077), Data: (Avg: 0.0153, Min: 0.0053, Max: 0.0959)
CTS retry: 154, ACK retry: 365, # Receiver Drops: 268, # Pkts Receiver Drops: 355, # Sent ACKs: 2889, # Pkts ACK sent for: 3234, # Retransmissions: 519, # Pkts Retransmitted: 576, # Receptions: 2889, # Pkts Received: 3193, # Forwards: 153, # Pkts Forwarded: 428

Node2
Avg Received Power: 3.26e-13, Node0: [Avg:2.21e-13, Max:2.48e-12, Min:1.31e-13], Node1: [Avg:1.45e-12, Max:8.85e-12, Min:5.26e-13], Node3: [Avg:1.68e-12, Max:9.94e-12, Min:5.26e-13], Node4: [Avg:4.87e-13, Max:2.48e-12, Min:1.31e-13], Node5: [Avg:1.42e-13, Max:1.05e-12, Min:5.84e-14], Node6: [Avg:5.13e-14, Max:5.44e-13, Min:3.29e-14], Node7: [Avg:2.66e-14, Max:1.46e-13, Min:2.10e-14], 
Avg INTF: 3.22e-13, Node0: [Avg:2.21e-13, Max:2.48e-12, Min:1.31e-13], Node3: [Avg:1.68e-12, Max:9.94e-12, Min:5.26e-13], Node4: [Avg:4.87e-13, Max:2.48e-12, Min:1.31e-13], Node5: [Avg:1.42e-13, Max:1.05e-12, Min:5.84e-14], Node6: [Avg:5.13e-14, Max:5.44e-13, Min:3.29e-14], Node7: [Avg:2.66e-14, Max:1.46e-13, Min:2.10e-14], 
Self Tx power: RTS: (Avg: 0.0211, Min: 0.0077, Max: 0.0948), CTS: (Avg: 0.0107, Min: 0.0077, Max: 0.0201), ACK: (Avg: 0.0077, Min: 0.0077, Max: 0.0077), Data: (Avg: 0.0193, Min: 0.0053, Max: 0.0948)
CTS retry: 132, ACK retry: 391, # Receiver Drops: 161, # Pkts Receiver Drops: 191, # Sent ACKs: 378, # Pkts ACK sent for: 669, # Retransmissions: 523, # Pkts Retransmitted: 626, # Receptions: 378, # Pkts Received: 654, # Forwards: 162, # Pkts Forwarded: 408

Node3
Avg Received Power: 3.03e-13, Node0: [Avg:9.54e-14, Max:1.10e-12, Min:5.84e-14], Node1: [Avg:3.70e-13, Max:2.21e-12, Min:1.31e-13], Node2: [Avg:1.49e-12, Max:9.23e-12, Min:5.26e-13], Node4: [Avg:1.91e-12, Max:9.94e-12, Min:5.26e-13], Node5: [Avg:3.12e-13, Max:2.37e-12, Min:1.31e-13], Node6: [Avg:8.99e-14, Max:9.67e-13, Min:5.84e-14], Node7: [Avg:4.31e-14, Max:2.29e-13, Min:3.29e-14], 
Avg INTF: 2.81e-13, Node0: [Avg:9.54e-14, Max:1.10e-12, Min:5.84e-14], Node1: [Avg:3.70e-13, Max:2.21e-12, Min:1.31e-13], Node4: [Avg:1.91e-12, Max:9.94e-12, Min:5.26e-13], Node5: [Avg:3.12e-13, Max:2.37e-12, Min:1.31e-13], Node6: [Avg:8.99e-14, Max:9.67e-13, Min:5.84e-14], Node7: [Avg:4.31e-14, Max:2.29e-13, Min:3.29e-14], 
Self Tx power: RTS: (Avg: 0.0228, Min: 0.0077, Max: 0.1006), CTS: (Avg: 0.0112, Min: 0.0077, Max: 0.0201), ACK: (Avg: 0.0077, Min: 0.0077, Max: 0.0077), Data: (Avg: 0.0210, Min: 0.0053, Max: 0.1006)
CTS retry: 87, ACK retry: 315, # Receiver Drops: 180, # Pkts Receiver Drops: 240, # Sent ACKs: 381, # Pkts ACK sent for: 656, # Retransmissions: 402, # Pkts Retransmitted: 571, # Receptions: 381, # Pkts Received: 627, # Forwards: 138, # Pkts Forwarded: 394

Node4
Avg Received Power: 2.66e-13, Node0: [Avg:5.23e-14, Max:6.21e-13, Min:3.29e-14], Node1: [Avg:1.77e-13, Max:9.83e-13, Min:5.84e-14], Node2: [Avg:3.70e-13, Max:2.31e-12, Min:1.31e-13], Node3: [Avg:1.65e-12, Max:9.94e-12, Min:5.26e-13], Node5: [Avg:1.22e-12, Max:9.46e-12, Min:5.26e-13], Node6: [Avg:1.98e-13, Max:2.18e-12, Min:1.31e-13], Node7: [Avg:7.51e-14, Max:4.06e-13, Min:5.84e-14], 
Avg INTF: 2.25e-13, Node0: [Avg:5.23e-14, Max:6.21e-13, Min:3.29e-14], Node1: [Avg:1.77e-13, Max:9.83e-13, Min:5.84e-14], Node2: [Avg:3.70e-13, Max:2.31e-12, Min:1.31e-13], Node5: [Avg:1.22e-12, Max:9.46e-12, Min:5.26e-13], Node6: [Avg:1.98e-13, Max:2.18e-12, Min:1.31e-13], Node7: [Avg:7.51e-14, Max:4.06e-13, Min:5.84e-14], 
Self Tx power: RTS: (Avg: 0.0252, Min: 0.0077, Max: 0.1006), CTS: (Avg: 0.0121, Min: 0.0077, Max: 0.0201), ACK: (Avg: 0.0077, Min: 0.0077, Max: 0.0077), Data: (Avg: 0.0235, Min: 0.0053, Max: 0.1006)
CTS retry: 158, ACK retry: 297, # Receiver Drops: 158, # Pkts Receiver Drops: 230, # Sent ACKs: 318, # Pkts ACK sent for: 586, # Retransmissions: 455, # Pkts Retransmitted: 609, # Receptions: 318, # Pkts Received: 576, # Forwards: 134, # Pkts Forwarded: 339

Node5
Avg Received Power: 2.45e-13, Node0: [Avg:3.38e-14, Max:3.98e-13, Min:2.10e-14], Node1: [Avg:9.25e-14, Max:5.53e-13, Min:3.29e-14], Node2: [Avg:1.77e-13, Max:1.03e-12, Min:5.84e-14], Node3: [Avg:4.26e-13, Max:2.48e-12, Min:1.31e-13], Node4: [Avg:1.88e-12, Max:9.94e-12, Min:5.26e-13], Node6: [Avg:7.90e-13, Max:8.70e-12, Min:5.26e-13], Node7: [Avg:1.72e-13, Max:9.14e-13, Min:1.31e-13], 
Avg INTF: 1.91e-13, Node0: [Avg:3.38e-14, Max:3.98e-13, Min:2.10e-14], Node1: [Avg:9.25e-14, Max:5.53e-13, Min:3.29e-14], Node2: [Avg:1.77e-13, Max:1.03e-12, Min:5.84e-14], Node3: [Avg:4.26e-13, Max:2.48e-12, Min:1.31e-13], Node6: [Avg:7.90e-13, Max:8.70e-12, Min:5.26e-13], Node7: [Avg:1.72e-13, Max:9.14e-13, Min:1.31e-13], 
Self Tx power: RTS: (Avg: 0.0188, Min: 0.0077, Max: 0.1006), CTS: (Avg: 0.0123, Min: 0.0077, Max: 0.0201), ACK: (Avg: 0.0077, Min: 0.0077, Max: 0.0077), Data: (Avg: 0.0167, Min: 0.0053, Max: 0.1006)
CTS retry: 233, ACK retry: 404, # Receiver Drops: 142, # Pkts Receiver Drops: 159, # Sent ACKs: 320, # Pkts ACK sent for: 546, # Retransmissions: 637, # Pkts Retransmitted: 796, # Receptions: 320, # Pkts Received: 530, # Forwards: 110, # Pkts Forwarded: 224

Node6
Avg Received Power: 1.97e-13, Node0: [Avg:2.33e-14, Max:2.76e-13, Min:1.46e-14], Node1: [Avg:5.64e-14, Max:3.54e-13, Min:2.10e-14], Node2: [Avg:7.32e-14, Max:5.77e-13, Min:3.29e-14], Node3: [Avg:1.77e-13, Max:1.10e-12, Min:5.84e-14], Node4: [Avg:4.74e-13, Max:2.48e-12, Min:1.31e-13], Node5: [Avg:1.23e-12, Max:9.46e-12, Min:5.26e-13], Node7: [Avg:6.88e-13, Max:3.66e-12, Min:5.26e-13], 
Avg INTF: 1.69e-13, Node0: [Avg:2.33e-14, Max:2.76e-13, Min:1.46e-14], Node1: [Avg:5.64e-14, Max:3.54e-13, Min:2.10e-14], Node2: [Avg:7.32e-14, Max:5.77e-13, Min:3.29e-14], Node3: [Avg:1.77e-13, Max:1.10e-12, Min:5.84e-14], Node4: [Avg:4.74e-13, Max:2.48e-12, Min:1.31e-13], Node7: [Avg:6.88e-13, Max:3.66e-12, Min:5.26e-13], 
Self Tx power: RTS: (Avg: 0.0108, Min: 0.0077, Max: 0.0906), CTS: (Avg: 0.0122, Min: 0.0077, Max: 0.0201), ACK: (Avg: 0.0077, Min: 0.0077, Max: 0.0077), Data: (Avg: 0.0082, Min: 0.0053, Max: 0.0906)
CTS retry: 159, ACK retry: 494, # Receiver Drops: 259, # Pkts Receiver Drops: 357, # Sent ACKs: 355, # Pkts ACK sent for: 477, # Retransmissions: 653, # Pkts Retransmitted: 691, # Receptions: 355, # Pkts Received: 469, # Forwards: 31, # Pkts Forwarded: 87

Node7
Avg Received Power: 1.18e-13, Node0: [Avg:1.73e-14, Max:2.03e-13, Min:1.07e-14], Node1: [Avg:3.75e-14, Max:2.46e-13, Min:1.46e-14], Node2: [Avg:6.13e-14, Max:3.69e-13, Min:2.10e-14], Node3: [Avg:1.09e-13, Max:6.21e-13, Min:3.29e-14], Node4: [Avg:2.13e-13, Max:1.10e-12, Min:5.84e-14], Node5: [Avg:3.14e-13, Max:2.37e-12, Min:1.31e-13], Node6: [Avg:7.85e-13, Max:8.70e-12, Min:5.26e-13], 
Avg INTF: 7.55e-14, Node0: [Avg:1.73e-14, Max:2.03e-13, Min:1.07e-14], Node1: [Avg:3.75e-14, Max:2.46e-13, Min:1.46e-14], Node2: [Avg:6.13e-14, Max:3.69e-13, Min:2.10e-14], Node3: [Avg:1.09e-13, Max:6.21e-13, Min:3.29e-14], Node4: [Avg:2.13e-13, Max:1.10e-12, Min:5.84e-14], Node5: [Avg:3.14e-13, Max:2.37e-12, Min:1.31e-13], 
Self Tx power: RTS: (Avg: 0.0101, Min: 0.0077, Max: 0.0370), CTS: (Avg: 0.0097, Min: 0.0077, Max: 0.0201), ACK: (Avg: 0.0077, Min: 0.0077, Max: 0.0077), Data: (Avg: 0.0076, Min: 0.0053, Max: 0.0370)
CTS retry: 44, ACK retry: 563, # Receiver Drops: 179, # Pkts Receiver Drops: 183, # Sent ACKs: 531, # Pkts ACK sent for: 587, # Retransmissions: 607, # Pkts Retransmitted: 607, # Receptions: 531, # Pkts Received: 587, # Forwards: 42, # Pkts Forwarded: 49

Node8
Avg Received Power: 1.13e-13, Node0: [Avg:1.38e-14, Max:1.55e-13, Min:8.22e-15], Node1: [Avg:2.94e-14, Max:1.81e-13, Min:1.07e-14], Node2: [Avg:4.09e-14, Max:2.56e-13, Min:1.46e-14], Node3: [Avg:6.64e-14, Max:3.98e-13, Min:2.10e-14], Node4: [Avg:1.19e-13, Max:6.21e-13, Min:3.29e-14], Node5: [Avg:1.36e-13, Max:1.05e-12, Min:5.84e-14], Node6: [Avg:1.96e-13, Max:2.18e-12, Min:1.31e-13], Node7: [Avg:6.88e-13, Max:3.66e-12, Min:5.26e-13], 
Avg INTF: 6.06e-14, Node0: [Avg:1.38e-14, Max:1.55e-13, Min:8.22e-15], Node1: [Avg:2.94e-14, Max:1.81e-13, Min:1.07e-14], Node2: [Avg:4.09e-14, Max:2.56e-13, Min:1.46e-14], Node3: [Avg:6.64e-14, Max:3.98e-13, Min:2.10e-14], Node4: [Avg:1.19e-13, Max:6.21e-13, Min:3.29e-14], Node5: [Avg:1.36e-13, Max:1.05e-12, Min:5.84e-14], Node6: [Avg:1.96e-13, Max:2.18e-12, Min:1.31e-13], 
Self Tx power: RTS: (Avg: nan, Min: inf, Max: -inf), CTS: (Avg: nan, Min: inf, Max: -inf), ACK: (Avg: 0.0077, Min: 0.0077, Max: 0.0077), Data: (Avg: nan, Min: inf, Max: -inf)
CTS retry: 0, ACK retry: 0, # Receiver Drops: 72, # Pkts Receiver Drops: 72, # Sent ACKs: 678, # Pkts ACK sent for: 685, # Retransmissions: 0, # Pkts Retransmitted: 0, # Receptions: 678, # Pkts Received: 685, # Forwards: 0, # Pkts Forwarded: 0

Node9
Avg Received Power: 1.37e-13, Node0: [Avg:2.21e-13, Max:2.48e-12, Min:1.31e-13], Node1: [Avg:2.89e-13, Max:1.77e-12, Min:1.05e-13], Node2: [Avg:1.84e-13, Max:1.15e-12, Min:6.57e-14], Node3: [Avg:1.27e-13, Max:7.65e-13, Min:4.05e-14], Node4: [Avg:9.50e-14, Max:4.97e-13, Min:2.63e-14], Node5: [Avg:4.20e-14, Max:3.26e-13, Min:1.81e-14], Node6: [Avg:1.96e-14, Max:2.18e-13, Min:1.31e-14], Node7: [Avg:1.30e-14, Max:6.90e-14, Min:9.92e-15], 
Avg INTF: 1.53e-13, Node0: [Avg:2.21e-13, Max:2.48e-12, Min:1.31e-13], Node1: [Avg:2.89e-13, Max:1.77e-12, Min:1.05e-13], Node2: [Avg:1.84e-13, Max:1.15e-12, Min:6.57e-14], Node3: [Avg:1.27e-13, Max:7.65e-13, Min:4.05e-14], Node4: [Avg:9.50e-14, Max:4.97e-13, Min:2.63e-14], Node5: [Avg:4.20e-14, Max:3.26e-13, Min:1.81e-14], Node6: [Avg:1.96e-14, Max:2.18e-13, Min:1.31e-14], Node7: [Avg:1.30e-14, Max:6.90e-14, Min:9.92e-15], 
Self Tx power: RTS: (Avg: nan, Min: inf, Max: -inf), CTS: (Avg: nan, Min: inf, Max: -inf), ACK: (Avg: nan, Min: inf, Max: -inf), Data: (Avg: nan, Min: inf, Max: -inf)
CTS retry: 0, ACK retry: 0, # Receiver Drops: 0, # Pkts Receiver Drops: 0, # Sent ACKs: 0, # Pkts ACK sent for: 0, # Retransmissions: 0, # Pkts Retransmitted: 0, # Receptions: 0, # Pkts Received: 0, # Forwards: 0, # Pkts Forwarded: 0

