Pkt ID,Route,Generation Time (in s),First Tx At (in s),Delay (in s),Times Packet Forwarded,Retransmissions,Packet Size (in bytes),Tx Power (in watt),Average Transmission Power in the route (in watt),Min. SINR Along Route,SINR at Flow Dest,Min. Data Rate Along Route (in Mbps),Data Rate at Flow Src (in Mbps)
2000005463450_Node0_Node8_Zero,"[0, 1, 2, 3, 4, 5, 6, 7, 8]",2000.005463,2000.005533,inf,0,7,2343.0,0.007663753805745297,0.007663753805745297,1.664145,inf,33,33
2000010932556_Node0_Node8_Zero,"[0, 1, 2, 3, 4, 5, 6, 7, 8]",2000.010933,2000.027478,inf,1,7,3483.5,"0.03840967607115694,0.007663753805745297",0.023037,1.664145,inf,33,33
2000016395391_Node0_Node8_Zero,"[0, 1, 2, 3, 4, 5, 6, 7, 8]",2000.016395,2000.027478,inf,1,7,3483.5,"0.03840967607115694,0.007663753805745297",0.023037,1.664145,inf,33,33
2000021860571_Node0_Node8_Zero,"[0, 1, 2, 3, 4, 5, 6, 7, 8]",2000.021861,2000.027478,inf,1,7,3483.5,"0.03840967607115694,0.007663753805745297",0.023037,1.664145,inf,33,33
2000027327671_Node0_Node8_Zero,"[0, 1, 2, 3, 4, 5, 6, 7, 8]",2000.027328,2000.02952,inf,2,7,2343.0,"0.03840967607115694,0.03840967607115694,0.007663753805745297",0.028161,1.664145,inf,33,33
2000032790189_Node0_Node8_Zero,"[0, 1, 2, 3, 4, 5, 6, 7, 8]",2000.03279,2000.034187,inf,2,7,2343.0,"0.03840967607115694,0.03840967607115694,0.007663753805745297",0.028161,1.664145,inf,33,33
2000038254113_Node0_Node8_Zero,"[0, 1, 2, 3, 4, 5, 6, 7, 8]",2000.038254,2000.038544,inf,2,7,2343.0,"0.03840967607115694,0.03840967607115694,0.007663753805745297",0.028161,1.664145,inf,33,33
2000043719380_Node0_Node8_Zero,"[0, 1, 2, 3, 4, 5, 6, 7, 8]",2000.043719,2000.044009,inf,3,7,2343.0,"0.03840967607115694,0.03840967607115694,0.03840967607115694,0.007663753805745297",0.030723,1.664145,inf,33,33
2000049183443_Node0_Node8_Zero,"[0, 1, 2, 3, 4, 5, 6, 7, 8]",2000.049183,2000.049513,inf,3,7,2343.0,"0.03840967607115694,0.03840967607115694,0.03840967607115694,0.007663753805745297",0.030723,1.664145,inf,33,33
2000054647395_Node0_Node8_Zero,"[0, 1, 2, 3, 4, 5, 6, 7, 8]",2000.054647,2000.054817,inf,3,7,2343.0,"0.03840967607115694,0.03840967607115694,0.03840967607115694,0.007663753805745297",0.030723,1.664145,inf,33,33
2000060113699_Node0_Node8_Zero,"[0, 1, 2, 3, 4, 5, 6, 7, 8]",2000.060114,2000.060364,inf,4,7,2343.0,"0.03840967607115694,0.03840967607115694,0.03840967607115694,0.03840967607115694,0.007663753805745297",0.03226,1.664145,inf,33,33
2000065574836_Node0_Node8_Zero,"[0, 1, 2, 3, 4, 5, 6, 7, 8]",2000.065575,2000.065845,inf,4,7,2343.0,"0.03840967607115694,0.03840967607115694,0.03840967607115694,0.03840967607115694,0.007663753805745297",0.03226,1.664145,inf,33,33
2000071034742_Node0_Node8_Zero,"[0, 1, 2, 3, 4, 5, 6, 7, 8]",2000.071035,2000.072481,inf,4,7,2343.0,"0.03840967607115694,0.03840967607115694,0.03840967607115694,0.03840967607115694,0.007663753805745297",0.03226,1.664145,inf,33,33
2000076495792_Node0_Node8_Zero,"[0, 1, 2, 3, 4, 5, 6, 7, 8]",2000.076496,2000.081156,inf,5,7,2343.0,"0.03840967607115694,0.03840967607115694,0.03840967607115694,0.03840967607115694,0.03840967607115694,0.007663753805745297",0.033285,1.664145,inf,33,33
2000081963686_Node0_Node8_Zero,"[0, 1, 2, 3, 4, 5, 6, 7, 8]",2000.081964,2000.082034,inf,5,7,2343.0,"0.03840967607115694,0.03840967607115694,0.03840967607115694,0.03840967607115694,0.03840967607115694,0.007663753805745297",0.033285,1.664145,inf,33,33
2000087426809_Node0_Node8_Zero,"[0, 1, 2, 3, 4, 5, 6, 7, 8]",2000.087427,2000.088953,inf,5,7,2343.0,"0.03840967607115694,0.03840967607115694,0.03840967607115694,0.03840967607115694,0.03840967607115694,0.007663753805745297",0.033285,1.664145,inf,33,33
2000092887965_Node0_Node8_Zero,"[0, 1, 2, 3, 4, 5, 6, 7, 8]",2000.092888,2000.094066,inf,5,7,2343.0,"0.03840967607115694,0.03840967607115694,0.03840967607115694,0.03840967607115694,0.03840967607115694,0.041952344531485004",0.039,8.340465,inf,33,33
2000098352587_Node0_Node8_Zero,"[0, 1, 2, 3, 4, 5, 6, 7, 8]",2000.098353,2000.099207,inf,5,7,2343.0,"0.03840967607115694,0.03840967607115694,0.03840967607115694,0.03840967607115694,0.03840967607115694,0.041952344531485004",0.039,8.340465,inf,33,33
2000103819491_Node0_Node8_Zero,"[0, 1, 2, 3, 4, 5, 6, 7, 8]",2000.103819,2000.104069,inf,5,7,2343.0,"0.03840967607115694,0.03840967607115694,0.03840967607115694,0.03840967607115694,0.03840967607115694,0.041952344531485004",0.039,8.340465,inf,33,33
2000109286041_Node0_Node8_Zero,"[0, 1, 2, 3, 4, 5, 6, 7, 8]",2000.109286,2000.109436,inf,5,7,2343.0,"0.03840967607115694,0.03840967607115694,0.03840967607115694,0.03840967607115694,0.05122385842846981,0.041952344531485004",0.041136,8.340465,inf,33,33
2000114750170_Node0_Node8_Zero,"[0, 1, 2, 3, 4, 5, 6, 7, 8]",2000.11475,2000.11498,inf,6,7,2343.0,"0.03840967607115694,0.03840967607115694,0.03840967607115694,0.03840967607115694,0.05122385842846981,0.060875320705829565,0.007663753805745297",0.039057,1.664145,inf,33,33
2000120214772_Node0_Node8_Zero,"[0, 1, 2, 3, 4, 5, 6, 7, 8]",2000.120215,2000.120265,inf,6,7,2343.0,"0.03840967607115694,0.03840967607115694,0.03840967607115694,0.03840967607115694,0.05122385842846981,0.060875320705829565,0.007663753805745297",0.039057,1.664145,inf,33,33
2000125678616_Node0_Node8_Zero,"[0, 1, 2, 3, 4, 5, 6, 7, 8]",2000.125679,2000.125989,inf,4,7,2343.0,"0.03840967607115694,0.03840967607115694,0.03840967607115694,0.03840967607115694,0.05255664952215795",0.041239,8.340465,inf,33,33
2000131139697_Node0_Node8_Zero,"[0, 1, 2, 3, 4, 5, 6, 7, 8]",2000.13114,2000.13131,inf,4,7,2343.0,"0.03840967607115694,0.03840967607115694,0.03840967607115694,0.03840967607115694,0.05255664952215795",0.041239,8.340465,inf,33,33
2000136600598_Node0_Node8_Zero,"[0, 1, 2, 3, 4, 5, 6, 7, 8]",2000.136601,2000.138642,inf,4,7,2343.0,"0.03840967607115694,0.03840967607115694,0.03840967607115694,0.03840967607115694,0.05255664952215795",0.041239,8.340465,inf,33,33
2000142061040_Node0_Node8_Zero,"[0, 1, 2, 3, 4, 5, 6, 7, 8]",2000.142061,2000.142351,inf,4,7,2343.0,"0.03840967607115694,0.03840967607115694,0.03840967607115694,0.03840967607115694,0.05255664952215795",0.041239,8.340465,inf,33,33
2000147527701_Node0_Node8_Zero,"[0, 1, 2, 3, 4, 5, 6, 7, 8]",2000.147528,2000.147618,inf,7,7,2343.0,"0.03840967607115694,0.03840967607115694,0.03840967607115694,0.03840967607115694,0.060875320705829565,0.06896057382588745,0.043162796351448464,0.007663753805745297",0.041788,1.664145,inf,33,33
2000152989326_Node0_Node8_Zero,"[0, 1, 2, 3, 4, 5, 6, 7, 8]",2000.152989,2000.153159,inf,7,7,2343.0,"0.03840967607115694,0.03840967607115694,0.03840967607115694,0.03840967607115694,0.060875320705829565,0.06896057382588745,0.043162796351448464,0.007663753805745297",0.041788,1.664145,inf,33,33
2000158453744_Node0_Node8_Zero,"[0, 1, 2, 3, 4, 5, 6, 7, 8]",2000.158454,2000.158544,inf,7,7,2343.0,"0.03840967607115694,0.03840967607115694,0.03840967607115694,0.03840967607115694,0.060875320705829565,0.06896057382588745,0.043162796351448464,0.007663753805745297",0.041788,1.664145,inf,33,33
2000163921554_Node0_Node8_Zero,"[0, 1, 2, 3, 4, 5, 6, 7, 8]",2000.163922,2000.165396,inf,7,7,2343.0,"0.03840967607115694,0.03840967607115694,0.03840967607115694,0.03840967607115694,0.060875320705829565,0.06896057382588745,0.04351111865402936,0.041952344531485004",0.046117,8.340465,inf,33,33
2000169384810_Node0_Node8_Zero,"[0, 1, 2, 3, 4, 5, 6, 7, 8]",2000.169385,2000.172891,inf,7,7,2343.0,"0.05438949366751579,0.03840967607115694,0.03840967607115694,0.03840967607115694,0.08118445997425944,0.060875320705829565,0.04351111865402936,0.041952344531485004",0.049643,8.340465,inf,33,33
2000174849982_Node0_Node8_Zero,"[0, 1, 2, 3, 4, 5, 6, 7, 8]",2000.17485,2000.17641,inf,7,7,2343.0,"0.03840967607115694,0.03840967607115694,0.03840967607115694,0.03840967607115694,0.08118445997425944,0.060875320705829565,0.04351111865402936,0.041952344531485004",0.047645,8.340465,inf,33,33
2000180316074_Node0_Node8_Zero,"[0, 1, 2, 3, 4, 5, 6, 7, 8]",2000.180316,2000.181731,inf,7,7,2343.0,"0.03840967607115694,0.03840967607115694,0.03840967607115694,0.03840967607115694,0.08118445997425944,0.060875320705829565,0.048034870192227935,0.041952344531485004",0.048211,8.340465,inf,33,33
2000185778902_Node0_Node8_Zero,"[0, 1, 2, 3, 4, 5, 6, 7, 8]",2000.185779,2000.186382,0.681469,8,0,2343.0,"0.03840967607115694,0.03840967607115694,0.03840967607115694,0.03840967607115694,0.08118445997425944,0.060875320705829565,0.048034870192227935,0.06914706403922212",0.05161,8.340465,15.014932,33,33
2000191246108_Node0_Node8_Zero,"[0, 1, 2, 3, 4, 5, 6, 7, 8]",2000.191246,2000.191837,0.676002,8,0,2343.0,"0.03840967607115694,0.03840967607115694,0.03840967607115694,0.03840967607115694,0.06980151342297988,0.060875320705829565,0.048034870192227935,0.06914706403922212",0.050187,8.340465,15.014932,33,33
2000196715275_Node0_Node8_Zero,"[0, 1, 2, 3, 4, 5, 6, 7, 8]",2000.196715,2000.197561,0.670533,8,0,2343.0,"0.03840967607115694,0.03840967607115694,0.03840967607115694,0.03840967607115694,0.06980151342297988,0.060875320705829565,0.04351111865402936,0.06914706403922212",0.049622,8.340465,15.014932,33,33
2000202183307_Node0_Node8_Zero,"[0, 1, 2, 3, 4, 5, 6, 7, 8]",2000.202183,2000.202273,0.665065,8,0,2343.0,"0.03840967607115694,0.03840967607115694,0.03840967607115694,0.03840967607115694,0.06980151342297988,0.060875320705829565,0.04351111865402936,0.06914706403922212",0.049622,8.340465,15.014932,33,33
2000207649892_Node0_Node8_Zero,"[0, 1, 2, 3, 4, 5, 6, 7, 8]",2000.20765,2000.20792,0.661694,8,2,2343.0,"0.03840967607115694,0.03840967607115694,0.03840967607115694,0.03840967607115694,0.06980151342297988,0.060875320705829565,0.04351111865402936,0.06880857823255998",0.049579,8.340465,14.941431,33,33
2000213118813_Node0_Node8_Zero,"[0, 1, 2, 3, 4, 5, 6, 7, 8]",2000.213119,2000.213309,0.656225,8,2,2343.0,"0.03840967607115694,0.03840967607115694,0.03840967607115694,0.03840967607115694,0.07350852870592,0.060875320705829565,0.03840967607115694,0.06880857823255998",0.049405,8.340465,14.941431,33,33
2000218587572_Node0_Node8_Zero,"[0, 1, 2, 3, 4, 5, 6, 7, 8]",2000.218588,2000.218738,0.650756,8,0,2343.0,"0.03840967607115694,0.03840967607115694,0.03840967607115694,0.03840967607115694,0.07350852870592,0.060875320705829565,0.03840967607115694,0.06880857823255998",0.049405,8.340465,14.941431,33,33
2000224053978_Node0_Node8_Zero,"[0, 1, 2, 3, 4, 5, 6, 7, 8]",2000.224054,2000.224404,0.64529,8,0,2343.0,"0.03840967607115694,0.03840967607115694,0.03840967607115694,0.03840967607115694,0.07350852870592,0.060875320705829565,0.03840967607115694,0.06880857823255998",0.049405,8.340465,14.941431,33,33
2000229517464_Node0_Node8_Zero,"[0, 1, 2, 3, 4, 5, 6, 7, 8]",2000.229517,2000.229587,0.641967,8,0,2343.0,"0.03840967607115694,0.03840967607115694,0.03840967607115694,0.03840967607115694,0.07350852870592,0.060875320705829565,0.03840967607115694,0.070816075246645",0.049656,8.340465,15.377349,33,33
2000234978030_Node0_Node8_Zero,"[0, 1, 2, 3, 4, 5, 6, 7, 8]",2000.234978,2000.235148,0.636506,8,0,2343.0,"0.03840967607115694,0.03840967607115694,0.03840967607115694,0.03840967607115694,0.060875320705829565,0.060875320705829565,0.03840967607115694,0.070816075246645",0.048077,8.340465,15.377349,33,33
2000240442121_Node0_Node8_Zero,"[0, 1, 2, 3, 4, 5, 6, 7, 8]",2000.240442,2000.240492,0.631042,8,1,2343.0,"0.03840967607115694,0.03840967607115694,0.03840967607115694,0.03840967607115694,0.060875320705829565,0.060875320705829565,0.03840967607115694,0.070816075246645",0.048077,8.340465,15.377349,33,33
2000245907070_Node0_Node8_Zero,"[0, 1, 2, 3, 4, 5, 6, 7, 8]",2000.245907,2000.245977,0.625577,8,0,2343.0,"0.03840967607115694,0.03840967607115694,0.03840967607115694,0.03840967607115694,0.060875320705829565,0.060875320705829565,0.04351111865402936,0.070816075246645",0.048715,8.340465,15.377349,33,33
2000251367224_Node0_Node8_Zero,"[0, 1, 2, 3, 4, 5, 6, 7, 8]",2000.251367,2000.251417,0.622057,8,0,2343.0,"0.03840967607115694,0.03840967607115694,0.03840967607115694,0.03840967607115694,0.060875320705829565,0.060875320705829565,0.04351111865402936,0.07211739270149403",0.048877,8.340465,15.659924,33,33
2000256830440_Node0_Node8_Zero,"[0, 1, 2, 3, 4, 5, 6, 7, 8]",2000.25683,2000.25716,0.616594,8,0,2343.0,"0.03840967607115694,0.03840967607115694,0.03840967607115694,0.03840967607115694,0.07350852870592,0.07558064218741632,0.04351111865402936,0.07211739270149403",0.052295,8.340465,15.659924,33,33
2000262293289_Node0_Node8_Zero,"[0, 1, 2, 3, 4, 5, 6, 7, 8]",2000.262293,2000.262383,0.611131,8,0,2343.0,"0.03840967607115694,0.03840967607115694,0.03840967607115694,0.03840967607115694,0.07350852870592,0.07558064218741632,0.04351111865402936,0.07211739270149403",0.052295,8.340465,15.659924,33,33
2000267760162_Node0_Node8_Zero,"[0, 1, 2, 3, 4, 5, 6, 7, 8]",2000.26776,2000.26791,0.605664,8,2,2343.0,"0.03840967607115694,0.03840967607115694,0.03840967607115694,0.03840967607115694,0.07350852870592,0.07558064218741632,0.04351111865402936,0.07211739270149403",0.052295,8.340465,15.659924,33,33
2000273224692_Node0_Node8_Zero,"[0, 1, 2, 3, 4, 5, 6, 7, 8]",2000.273225,2000.274739,0.602419,8,7,2343.0,"0.03840967607115694,0.03840967607115694,0.03840967607115694,0.03840967607115694,0.07350852870592,0.07558064218741632,0.04351111865402936,0.07211739270149403",0.052295,2.703452,15.659924,33,33
2000278692397_Node0_Node8_Zero,"[0, 1, 2, 3, 4, 5, 6, 7, 8]",2000.278692,2000.282495,0.596952,8,0,2343.0,"0.0455118172250942,0.03840967607115694,0.03840967607115694,0.03840967607115694,0.060875320705829565,0.07558064218741632,0.03840967607115694,0.07211739270149403",0.050965,8.340465,15.659924,33,33
2000284159679_Node0_Node8_Zero,"[0, 1, 2, 3, 4, 5, 6, 7, 8]",2000.28416,2000.285339,0.591484,8,0,2343.0,"0.03840967607115694,0.03840967607115694,0.03840967607115694,0.03840967607115694,0.060875320705829565,0.07558064218741632,0.03840967607115694,0.07211739270149403",0.050078,8.340465,15.659924,33,33
2000289621928_Node0_Node8_Zero,"[0, 1, 2, 3, 4, 5, 6, 7, 8]",2000.289622,2000.293432,0.586022,8,0,2343.0,"0.03840967607115694,0.03840967607115694,0.03840967607115694,0.03840967607115694,0.060875320705829565,0.07558064218741632,0.03840967607115694,0.07211739270149403",0.050078,8.340465,15.659924,33,33
2000295086622_Node0_Node8_Zero,"[0, 1, 2, 3, 4, 5, 6, 7, 8]",2000.295087,2000.295317,0.582497,8,0,2343.0,"0.03840967607115694,0.03840967607115694,0.03840967607115694,0.03840967607115694,0.060875320705829565,0.07558064218741632,0.04445440089481538,0.07210119553173457",0.050831,8.340465,15.656406,33,33
2000300551435_Node0_Node8_Zero,"[0, 1, 2, 3, 4, 5, 6, 7, 8]",2000.300551,2000.302354,0.577033,8,0,2343.0,"0.0455118172250942,0.03840967607115694,0.03840967607115694,0.03840967607115694,0.0756721727605467,0.07115091241049423,0.04445440089481538,0.07210119553173457",0.053015,8.340465,15.656406,33,33
2000306020780_Node0_Node8_Zero,"[0, 1, 2, 3, 4, 5, 6, 7, 8]",2000.306021,2000.306941,0.571563,8,0,2343.0,"0.03840967607115694,0.03840967607115694,0.03840967607115694,0.03840967607115694,0.0756721727605467,0.07115091241049423,0.04445440089481538,0.07210119553173457",0.052127,8.340465,15.656406,33,33
2000311490150_Node0_Node8_Zero,"[0, 1, 2, 3, 4, 5, 6, 7, 8]",2000.31149,2000.31164,0.566094,8,0,2343.0,"0.0455118172250942,0.03840967607115694,0.03840967607115694,0.03840967607115694,0.0756721727605467,0.07115091241049423,0.04232081415679204,0.07210119553173457",0.052748,8.340465,15.656406,33,33
2000316955409_Node0_Node8_Zero,"[0, 1, 2, 3, 4, 5, 6, 7, 8]",2000.316955,2000.317225,0.562709,8,0,2343.0,"0.03840967607115694,0.03840967607115694,0.03840967607115694,0.03840967607115694,0.0756721727605467,0.07115091241049423,0.04232081415679204,0.07225952840301333",0.05188,8.340465,15.690788,33,33
2000322423251_Node0_Node8_Zero,"[0, 1, 2, 3, 4, 5, 6, 7, 8]",2000.322423,2000.32349,0.557241,8,0,2343.0,"0.03840967607115694,0.03840967607115694,0.03840967607115694,0.03840967607115694,0.060875320705829565,0.07558064218741632,0.04232081415679204,0.07225952840301333",0.050584,8.340465,15.690788,33,33
2000327885802_Node0_Node8_Zero,"[0, 1, 2, 3, 4, 5, 6, 7, 8]",2000.327886,2000.329057,0.551778,8,0,2343.0,"0.03840967607115694,0.03840967607115694,0.03840967607115694,0.03840967607115694,0.060875320705829565,0.07558064218741632,0.041952344531485004,0.07225952840301333",0.050538,8.340465,15.690788,33,33
2000333355037_Node0_Node8_Zero,"[0, 1, 2, 3, 4, 5, 6, 7, 8]",2000.333355,2000.335607,0.546309,8,0,2343.0,"0.03840967607115694,0.03840967607115694,0.03840967607115694,0.03840967607115694,0.060875320705829565,0.07558064218741632,0.041952344531485004,0.07225952840301333",0.050538,8.340465,15.690788,33,33
2000338822466_Node0_Node8_Zero,"[0, 1, 2, 3, 4, 5, 6, 7, 8]",2000.338822,2000.340909,0.542942,8,0,2343.0,"0.03840967607115694,0.03840967607115694,0.03840967607115694,0.03840967607115694,0.060875320705829565,0.07558064218741632,0.041952344531485004,0.07225952840301333",0.050538,8.340465,15.690788,33,33
2000344284444_Node0_Node8_Zero,"[0, 1, 2, 3, 4, 5, 6, 7, 8]",2000.344284,2000.344456,0.53748,8,0,2343.0,"0.03840967607115694,0.03840967607115694,0.03840967607115694,0.03840967607115694,0.0756721727605467,0.060875320705829565,0.04705378711435742,0.07225952840301333",0.051187,8.340465,15.690788,33,33
2000349752553_Node0_Node8_Zero,"[0, 1, 2, 3, 4, 5, 6, 7, 8]",2000.349753,2000.351456,0.532011,8,3,2343.0,"0.03840967607115694,0.03840967607115694,0.03840967607115694,0.03840967607115694,0.0756721727605467,0.060875320705829565,0.04705378711435742,0.07225952840301333",0.051187,8.340465,15.690788,33,33
2000355212396_Node0_Node8_Zero,"[0, 1, 2, 3, 4, 5, 6, 7, 8]",2000.355212,2000.357022,0.526552,8,0,2343.0,"0.03840967607115694,0.03840967607115694,0.03840967607115694,0.03840967607115694,0.0756721727605467,0.060875320705829565,0.04705378711435742,0.07225952840301333",0.051187,8.340465,15.690788,33,33
2000360680448_Node0_Node8_Zero,"[0, 1, 2, 3, 4, 5, 6, 7, 8]",2000.36068,2000.36103,0.523124,8,0,2343.0,"0.03840967607115694,0.03840967607115694,0.03840967607115694,0.03840967607115694,0.0756721727605467,0.060875320705829565,0.04351111865402936,0.07225875333858507",0.050745,8.340465,15.690619,33,33
2000366140493_Node0_Node8_Zero,"[0, 1, 2, 3, 4, 5, 6, 7, 8]",2000.36614,2000.366768,0.517664,8,0,2343.0,"0.03840967607115694,0.03840967607115694,0.03840967607115694,0.03840967607115694,0.0756721727605467,0.060875320705829565,0.04351111865402936,0.07225875333858507",0.050745,8.340465,15.690619,33,33
2000371606501_Node0_Node8_Zero,"[0, 1, 2, 3, 4, 5, 6, 7, 8]",2000.371607,2000.371897,0.512197,8,0,2343.0,"0.03840967607115694,0.03840967607115694,0.03840967607115694,0.03840967607115694,0.0756721727605467,0.060875320705829565,0.04351111865402936,0.07225875333858507",0.050745,8.340465,15.690619,33,33
2000377074789_Node0_Node8_Zero,"[0, 1, 2, 3, 4, 5, 6, 7, 8]",2000.377075,2000.377345,0.506729,8,0,2343.0,"0.03840967607115694,0.03840967607115694,0.03840967607115694,0.03840967607115694,0.0756721727605467,0.060875320705829565,0.03840967607115694,0.07225875333858507",0.050107,8.340465,15.690619,33,33
2000382536414_Node0_Node8_Zero,"[0, 1, 2, 3, 4, 5, 6, 7, 8]",2000.382536,2000.382866,0.503208,8,0,2343.0,"0.03840967607115694,0.03840967607115694,0.03840967607115694,0.03840967607115694,0.0756721727605467,0.060875320705829565,0.03840967607115694,0.0722663298583213",0.050108,8.340465,15.692264,33,33
2000388004176_Node0_Node8_Zero,"[0, 1, 2, 3, 4, 5, 6, 7, 8]",2000.388004,2000.388254,0.49774,7,10,2343.0,"0.03840967607115694,0.03840967607115694,0.03840967607115694,0.03840967607115694,0.060875320705829565,0.07112884114335075,0.03840967607115694,0.0722663298583213",0.04954,0.86372,15.692264,22,33
2000393469410_Node0_Node8_Zero,"[0, 1, 2, 3, 4, 5, 6, 7, 8]",2000.393469,2000.393699,0.492275,6,16,2343.0,"0.03840967607115694,0.03840967607115694,0.03840967607115694,0.015291241504138024,0.060875320705829565,0.07112884114335075,0.03840967607115694,0.0722663298583213",0.04665,0.86372,15.692264,22,33
2000398935937_Node0_Node8_Zero,"[0, 1, 2, 3, 4, 5, 6, 7, 8]",2000.398936,2000.399026,0.486808,5,25,2343.0,"0.042404630470246646,0.0455118172250942,0.03840967607115694,0.015291241504138024,0.060875320705829565,0.07112884114335075,0.03840967607115694,0.0722663298583213",0.048037,0.86372,15.692264,22,33
2000404403689_Node0_Node8_Zero,"[0, 1, 2, 3, 4, 5, 6, 7, 8]",2000.404404,2000.427389,0.48356,4,27,2327.5,"0.03840967607115694,0.015291241504138024,0.015291241504138024,0.018464570732823177,0.060875320705829565,0.07112884114335075,0.03840967607115694,0.0722663298583213",0.041267,0.380907,15.692264,22,22
2000409864513_Node0_Node8_Zero,"[0, 1, 2, 3, 4, 5, 6, 7, 8]",2000.409865,2000.427389,0.478099,4,27,2327.5,"0.03840967607115694,0.015291241504138024,0.015291241504138024,0.018464570732823177,0.0820509836393145,0.060875320705829565,0.041952344531485004,0.0722663298583213",0.043075,0.380907,15.692264,22,22
2000415326676_Node0_Node8_Zero,"[0, 1, 2, 3, 4, 5, 6, 7, 8]",2000.415327,2000.432223,inf,0,5,2327.5,0.015291241504138024,0.015291241504138024,1.076269,inf,22,22
2000420790100_Node0_Node8_Zero,"[0, 1, 2, 3, 4, 5, 6, 7, 8]",2000.42079,2000.432223,inf,0,5,2327.5,0.015291241504138024,0.015291241504138024,1.076269,inf,22,22
2000426254958_Node0_Node8_Zero,"[0, 1, 2, 3, 4, 5, 6, 7, 8]",2000.426255,2000.439684,0.461709,4,28,2327.5,"0.015291241504138024,0.015291241504138024,0.015291241504138024,0.01879462573090257,0.0820509836393145,0.060875320705829565,0.041952344531485004,0.0722663298583213",0.040227,0.385182,15.692264,22,22
2000431715219_Node0_Node8_Zero,"[0, 1, 2, 3, 4, 5, 6, 7, 8]",2000.431715,2000.439684,inf,2,21,2327.5,"0.015291241504138024,0.015291241504138024,0.053540605381505964,0.08391834298174898,0.060875320705829565",0.045783,0.608777,inf,22,22
2000437176820_Node0_Node8_Zero,"[0, 1, 2, 3, 4, 5, 6, 7, 8]",2000.437177,2000.441665,inf,1,21,2343.0,"0.015291241504138024,0.015291241504138024,0.03840967607115694,0.01867580593159399",0.021917,1.076269,inf,22,22
2000442638814_Node0_Node8_Zero,"[0, 1, 2, 3, 4, 5, 6, 7, 8]",2000.442639,2000.455627,inf,2,21,2327.5,"0.04004848965369483,0.015291241504138024,0.053540605381505964,0.08391834298174898,0.060875320705829565",0.050735,0.608777,inf,22,22
2000448105508_Node0_Node8_Zero,"[0, 1, 2, 3, 4, 5, 6, 7, 8]",2000.448106,2000.455627,inf,1,21,2327.5,"0.04004848965369483,0.015291241504138024,0.03840967607115694,0.01867580593159399",0.028106,1.344977,inf,22,22
2000453567959_Node0_Node8_Zero,"[0, 1, 2, 3, 4, 5, 6, 7, 8]",2000.453568,2000.46613,0.438516,4,28,2343.0,"0.015291241504138024,0.015291241504138024,0.015291241504138024,0.018464570732823177,0.060875320705829565,0.060875320705829565,0.03840967607115694,0.07226629277005978",0.037096,0.699977,15.692256,22,22
2000459036830_Node0_Node8_Zero,"[0, 1, 2, 3, 4, 5, 6, 7, 8]",2000.459037,2000.472712,0.430967,4,28,2327.5,"0.01688166919744451,0.015291241504138024,0.01811866851446067,0.015291241504138024,0.07350852870592,0.060875320705829565,0.03840967607115694,0.06424385760512527",0.037828,0.385182,13.950226,22,22
2000464500554_Node0_Node8_Zero,"[0, 1, 2, 3, 4, 5, 6, 7, 8]",2000.464501,2000.472712,0.423463,4,27,2327.5,"0.01688166919744451,0.01688166919744451,0.015291241504138024,0.015291241504138024,0.07350852870592,0.06896057382588745,0.041952344531485004,0.0722663298583213",0.040129,0.846351,15.692264,22,22
2000469962133_Node0_Node8_Zero,"[0, 1, 2, 3, 4, 5, 6, 7, 8]",2000.469962,2000.474724,0.420042,4,27,2343.0,"0.01688166919744451,0.01688166919744451,0.015291241504138024,0.015291241504138024,0.060875320705829565,0.060875320705829565,0.0424943662316126,0.06424385760512527",0.036604,0.846351,13.950226,22,22
2000475430013_Node0_Node8_Zero,"[0, 1, 2, 3, 4, 5, 6, 7, 8]",2000.47543,2000.478186,0.414574,4,28,2343.0,"0.02399744113335745,0.015291241504138024,0.015291241504138024,0.015291241504138024,0.07350852870592,0.060875320705829565,0.03840967607115694,0.06424385760512527",0.038364,0.86372,13.950226,22,22
2000480893277_Node0_Node8_Zero,"[0, 1, 2, 3, 4, 5, 6, 7, 8]",2000.480893,2000.484924,0.409111,4,28,2343.0,"0.02399744113335745,0.015291241504138024,0.015291241504138024,0.018464570732823177,0.060875320705829565,0.060875320705829565,0.03840967607115694,0.06424385760512527",0.037181,0.909317,13.950226,22,22
2000486361344_Node0_Node8_Zero,"[0, 1, 2, 3, 4, 5, 6, 7, 8]",2000.486361,2000.494997,inf,0,8,2343.0,"0.015291241504138024,0.015291241504138024",0.015291,1.639107,inf,22,22
2000491823975_Node0_Node8_Zero,"[0, 1, 2, 3, 4, 5, 6, 7, 8]",2000.491824,2000.558158,inf,0,21,2343.0,"0.027984558418878643,0.015291241504138024,0.015291241504138024",0.019522,0.768541,inf,22,22
2000497290313_Node0_Node8_Zero,"[0, 1, 2, 3, 4, 5, 6, 7, 8]",2000.49729,2000.559379,0.394794,4,28,2327.5,"0.04004848965369483,0.015291241504138024,0.015291241504138024,0.02360234186498009,0.060875320705829565,0.060875320705829565,0.03840967607115694,0.07226629277005978",0.040832,0.785331,15.692256,22,22
2000502758713_Node0_Node8_Zero,"[0, 1, 2, 3, 4, 5, 6, 7, 8]",2000.502759,2000.559379,0.391005,3,35,2327.5,"0.04004848965369483,0.015291241504138024,0.04004848965369483,0.030811985429201282,0.060875320705829565,0.060875320705829565,0.04638068010689509,0.0722666553204945",0.045825,0.831087,15.692335,22,22
2000508220715_Node0_Node8_Zero,"[0, 1, 2, 3, 4, 5, 6, 7, 8]",2000.508221,2000.567726,0.383863,4,28,2327.5,"0.02792444950422847,0.015291241504138024,0.015291241504138024,0.02360234186498009,0.060875320705829565,0.060875320705829565,0.03840967607115694,0.07226629277005978",0.039317,0.740194,15.692256,22,22
2000513689394_Node0_Node8_Zero,"[0, 1, 2, 3, 4, 5, 6, 7, 8]",2000.513689,2000.567726,0.378395,4,28,2327.5,"0.02792444950422847,0.015291241504138024,0.015291241504138024,0.015291241504138024,0.060875320705829565,0.060875320705829565,0.03840967607115694,0.07226629277005978",0.038278,0.86372,15.692256,22,22
2000519154630_Node0_Node8_Zero,"[0, 1, 2, 3, 4, 5, 6, 7, 8]",2000.519155,2000.59579,0.374609,4,28,2327.5,"0.02792444950422847,0.015291241504138024,0.015291241504138024,0.015291241504138024,0.060875320705829565,0.060875320705829565,0.03840967607115694,0.0722666553204945",0.038278,0.345547,15.692335,22,22
2000524616309_Node0_Node8_Zero,"[0, 1, 2, 3, 4, 5, 6, 7, 8]",2000.524616,2000.59579,0.369148,4,28,2327.5,"0.02792444950422847,0.015291241504138024,0.015291241504138024,0.015291241504138024,0.060875320705829565,0.060875320705829565,0.03840967607115694,0.0722666553204945",0.038278,0.345547,15.692335,22,22
2000530083598_Node0_Node8_Zero,"[0, 1, 2, 3, 4, 5, 6, 7, 8]",2000.530084,2000.856171,4.18826,4,28,2327.5,"0.016309115227854176,0.03840967607115694,0.03840967607115694,0.060875320705829565,0.060875320705829565,0.015291241504138024,0.015918337893161983,0.015291241504138024",0.032672,1.708138,3.320415,22,22
2000535543316_Node0_Node8_Zero,"[0, 1, 2, 3, 4, 5, 6, 7, 8]",2000.535543,2000.856171,inf,0,14,2327.5,"0.016309115227854176,0.02491643562520903",0.020613,1.752938,inf,22,22
2000541011906_Node0_Node8_Zero,"[0, 1, 2, 3, 4, 5, 6, 7, 8]",2000.541012,2000.862034,inf,2,7,3483.5,"0.04004848965369483,0.04004848965369483,0.027984558418878643",0.036027,6.076704,inf,33,33
2000546475120_Node0_Node8_Zero,"[0, 1, 2, 3, 4, 5, 6, 7, 8]",2000.546475,2000.862034,inf,2,7,3483.5,"0.04004848965369483,0.04004848965369483,0.027984558418878643",0.036027,6.076704,inf,33,33
2000551939132_Node0_Node8_Zero,"[0, 1, 2, 3, 4, 5, 6, 7, 8]",2000.551939,2000.862034,inf,2,7,3483.5,"0.04004848965369483,0.04004848965369483,0.027984558418878643",0.036027,6.076704,inf,33,33
2000557407381_Node0_Node8_Zero,"[0, 1, 2, 3, 4, 5, 6, 7, 8]",2000.557407,2000.86401,inf,3,7,3483.5,"0.03840967607115694,0.03840967607115694,0.03840967607115694,0.015291241504138024",0.03263,3.320415,inf,33,33
2000562869666_Node0_Node8_Zero,"[0, 1, 2, 3, 4, 5, 6, 7, 8]",2000.56287,2000.86401,inf,3,7,3483.5,"0.03840967607115694,0.03840967607115694,0.03840967607115694,0.015291241504138024",0.03263,3.320415,inf,33,33
2000568330496_Node0_Node8_Zero,"[0, 1, 2, 3, 4, 5, 6, 7, 8]",2000.56833,2000.86401,inf,3,7,3483.5,"0.03840967607115694,0.03840967607115694,0.03840967607115694,0.015291241504138024",0.03263,3.320415,inf,33,33
2000573794522_Node0_Node8_Zero,"[0, 1, 2, 3, 4, 5, 6, 7, 8]",2000.573795,2000.86611,inf,3,7,3483.5,"0.04812917777206783,0.03840967607115694,0.03840967607115694,0.03840967607115694",0.04084,8.340465,inf,33,33
2000579256862_Node0_Node8_Zero,"[0, 1, 2, 3, 4, 5, 6, 7, 8]",2000.579257,2000.86611,inf,5,15,3483.5,"0.04812917777206783,0.03840967607115694,0.03840967607115694,0.060875320705829565,0.060875320705829565,0.03840967607115694,0.008370610558325957",0.041926,0.736257,inf,11,33
2000584723062_Node0_Node8_Zero,"[0, 1, 2, 3, 4, 5, 6, 7, 8]",2000.584723,2000.86611,inf,3,7,3483.5,"0.04812917777206783,0.03840967607115694,0.03840967607115694,0.03840967607115694",0.04084,8.340465,inf,33,33
2000590192274_Node0_Node8_Zero,"[0, 1, 2, 3, 4, 5, 6, 7, 8]",2000.590192,2000.868989,inf,3,7,3483.5,"0.05442963905648723,0.03840967607115694,0.03840967607115694,0.03840967607115694",0.042415,8.340465,inf,33,33
2000595655264_Node0_Node8_Zero,"[0, 1, 2, 3, 4, 5, 6, 7, 8]",2000.595655,2000.868989,inf,3,7,3483.5,"0.05442963905648723,0.03840967607115694,0.03840967607115694,0.03840967607115694",0.042415,8.340465,inf,33,33
2000601114842_Node0_Node8_Zero,"[0, 1, 2, 3, 4, 5, 6, 7, 8]",2000.601115,2000.868989,0.764023,6,14,3483.5,"0.05442963905648723,0.03840967607115694,0.03840967607115694,0.060875320705829565,0.060875320705829565,0.03840967607115694,0.021228909430840905,0.07188276523583466",0.048065,0.674084,15.608975,11,33
2000606580968_Node0_Node8_Zero,"[0, 1, 2, 3, 4, 5, 6, 7, 8]",2000.606581,2000.872758,inf,5,14,3483.5,"0.054351218805835495,0.03840967607115694,0.03840967607115694,0.060875320705829565,0.060875320705829565,0.015291241504138024,0.007663753805745297",0.039411,0.524292,inf,11,33
2000612042419_Node0_Node8_Zero,"[0, 1, 2, 3, 4, 5, 6, 7, 8]",2000.612042,2000.872758,1.180632,5,20,3483.5,"0.054351218805835495,0.03840967607115694,0.03840967607115694,0.060875320705829565,0.060875320705829565,0.015291241504138024,0.008290850194769255,0.020540075162089888",0.03713,0.675757,4.460172,11,33
2000617510681_Node0_Node8_Zero,"[0, 1, 2, 3, 4, 5, 6, 7, 8]",2000.617511,2000.872758,1.494242,5,24,3483.5,"0.054351218805835495,0.03840967607115694,0.03840967607115694,0.060875320705829565,0.060875320705829565,0.04004848965369483,0.01632743064003522,0.01574391283472431",0.04063,0.911275,3.41871,22,33
2000622974660_Node0_Node8_Zero,"[0, 1, 2, 3, 4, 5, 6, 7, 8]",2000.622975,2000.87485,1.488778,5,24,3483.5,"0.05511780356332545,0.03840967607115694,0.03840967607115694,0.060875320705829565,0.060875320705829565,0.04004848965369483,0.01632743064003522,0.01574391283472431",0.040726,0.911275,3.41871,22,33
2000628442603_Node0_Node8_Zero,"[0, 1, 2, 3, 4, 5, 6, 7, 8]",2000.628443,2000.87485,4.031316,5,25,3483.5,"0.05511780356332545,0.03840967607115694,0.03840967607115694,0.060875320705829565,0.060875320705829565,0.0189850638867345,0.02007173615790435,0.04101245289915307",0.04172,0.911275,8.905645,22,33
2000633911836_Node0_Node8_Zero,"[0, 1, 2, 3, 4, 5, 6, 7, 8]",2000.633912,2000.87485,3.9248,5,19,3483.5,"0.05511780356332545,0.03840967607115694,0.03840967607115694,0.060875320705829565,0.060875320705829565,0.015291241504138024,0.020906000615289334,0.015291241504138024",0.038147,0.290825,3.320415,22,33
2000639376133_Node0_Node8_Zero,"[0, 1, 2, 3, 4, 5, 6, 7, 8]",2000.639376,2000.87697,4.020383,5,20,3483.5,"0.05511780356332545,0.03840967607115694,0.03840967607115694,0.131030311948972,0.060875320705829565,0.0189850638867345,0.02007173615790435,0.04101245289915307",0.050489,0.911275,8.905645,22,33
2000644845225_Node0_Node8_Zero,"[0, 1, 2, 3, 4, 5, 6, 7, 8]",2000.644845,2000.87697,3.576883,5,17,3483.5,"0.05511780356332545,0.03840967607115694,0.03840967607115694,0.131030311948972,0.060875320705829565,0.019204272929808558,0.016518493524402135,0.03264539101239201",0.049026,0.831087,7.08878,22,33
2000650309538_Node0_Node8_Zero,"[0, 1, 2, 3, 4, 5, 6, 7, 8]",2000.65031,2000.87697,3.571418,5,17,3483.5,"0.05511780356332545,0.03840967607115694,0.03840967607115694,0.131030311948972,0.060875320705829565,0.019204272929808558,0.016518493524402135,0.03264539101239201",0.049026,0.831087,3.605213,22,33
2000655771260_Node0_Node8_Zero,"[0, 1, 2, 3, 4, 5, 6, 7, 8]",2000.655771,2000.87895,3.492032,5,20,3483.5,"0.05511405100978439,0.03840967607115694,0.03840967607115694,0.131030311948972,0.060875320705829565,0.015291241504138024,0.020906000615289334,0.01736901659434854",0.047176,0.911275,3.771593,22,33
2000661235126_Node0_Node8_Zero,"[0, 1, 2, 3, 4, 5, 6, 7, 8]",2000.661235,2000.87895,4.057109,5,23,3483.5,"0.05511405100978439,0.03840967607115694,0.03840967607115694,0.07213147188094098,0.0820509836393145,0.015291241504138024,0.015918337893161983,0.015291241504138024",0.041577,1.708138,3.320415,22,33
2000666697193_Node0_Node8_Zero,"[0, 1, 2, 3, 4, 5, 6, 7, 8]",2000.666697,2000.87895,3.481106,5,21,3483.5,"0.05511405100978439,0.03840967607115694,0.03840967607115694,0.07213147188094098,0.0820509836393145,0.015291241504138024,0.020906000615289334,0.01736901659434854",0.04246,0.911275,3.771593,22,33
2000672161362_Node0_Node8_Zero,"[0, 1, 2, 3, 4, 5, 6, 7, 8]",2000.672161,2000.881069,3.848243,5,22,3483.5,"0.05515073350343022,0.03840967607115694,0.03840967607115694,0.060875320705829565,0.060875320705829565,0.04004848965369483,0.01640276719947536,0.015291241504138024",0.040683,0.570927,3.320415,22,33
2000677625291_Node0_Node8_Zero,"[0, 1, 2, 3, 4, 5, 6, 7, 8]",2000.677625,2000.881069,1.622283,5,22,3483.5,"0.05515073350343022,0.03840967607115694,0.03840967607115694,0.07213147188094098,0.0820509836393145,0.015291241504138024,0.015291241504138024,0.015291241504138024",0.041503,0.524292,3.320415,22,33
2000683085149_Node0_Node8_Zero,"[0, 1, 2, 3, 4, 5, 6, 7, 8]",2000.683085,2000.881069,1.413304,5,22,3483.5,"0.05515073350343022,0.03840967607115694,0.03840967607115694,0.07213147188094098,0.0820509836393145,0.015291241504138024,0.015291241504138024,0.015291241504138024",0.041503,0.524292,3.320415,22,33
2000688549377_Node0_Node8_Zero,"[0, 1, 2, 3, 4, 5, 6, 7, 8]",2000.688549,2000.887733,3.831855,5,21,3483.5,"0.055150553936826434,0.03840967607115694,0.03840967607115694,0.060875320705829565,0.060875320705829565,0.04004848965369483,0.01640276719947536,0.015291241504138024",0.040683,0.570927,3.320415,22,33
2000694013523_Node0_Node8_Zero,"[0, 1, 2, 3, 4, 5, 6, 7, 8]",2000.694014,2000.887733,3.832803,5,18,3483.5,"0.055150553936826434,0.03840967607115694,0.03840967607115694,0.060875320705829565,0.060875320705829565,0.015291241504138024,0.01632743064003522,0.01771977913382314",0.037882,1.627926,3.84776,22,33
2000699478310_Node0_Node8_Zero,"[0, 1, 2, 3, 4, 5, 6, 7, 8]",2000.699478,2000.887733,3.827339,5,19,3483.5,"0.055150553936826434,0.03840967607115694,0.03840967607115694,0.08853760417508698,0.0820509836393145,0.015291241504138024,0.01632743064003522,0.01771977913382314",0.043987,1.627926,3.84776,22,33
2000704944352_Node0_Node8_Zero,"[0, 1, 2, 3, 4, 5, 6, 7, 8]",2000.704944,2000.889649,4.093353,5,21,3483.5,"0.05515230926176204,0.03840967607115694,0.03840967607115694,0.08853760417508698,0.0820509836393145,0.015291241504138024,0.01632743064003522,0.028434974141897964",0.045327,0.750884,6.174509,22,33
2000710404336_Node0_Node8_Zero,"[0, 1, 2, 3, 4, 5, 6, 7, 8]",2000.710404,2000.889649,4.087893,5,21,3483.5,"0.05515230926176204,0.03840967607115694,0.03840967607115694,0.08853760417508698,0.0820509836393145,0.015291241504138024,0.01632743064003522,0.028434974141897964",0.045327,0.750884,6.174509,22,33
2000715869117_Node0_Node8_Zero,"[0, 1, 2, 3, 4, 5, 6, 7, 8]",2000.715869,2000.889649,inf,2,7,3483.5,"0.05515230926176204,0.03840967607115694,0.03840967607115694",0.043991,8.340465,inf,33,33
2000721332383_Node0_Node8_Zero,"[0, 1, 2, 3, 4, 5, 6, 7, 8]",2000.721332,2000.891589,inf,2,7,3483.5,"0.053293666232838356,0.03840967607115694,0.03840967607115694",0.043371,8.340465,inf,33,33
2000726797676_Node0_Node8_Zero,"[0, 1, 2, 3, 4, 5, 6, 7, 8]",2000.726798,2000.891589,inf,2,7,3483.5,"0.053293666232838356,0.03840967607115694,0.03840967607115694",0.043371,8.340465,inf,33,33
2000732257363_Node0_Node8_Zero,"[0, 1, 2, 3, 4, 5, 6, 7, 8]",2000.732257,2000.891589,inf,2,7,3483.5,"0.053293666232838356,0.03840967607115694,0.03840967607115694",0.043371,8.340465,inf,33,33
2000737725284_Node0_Node8_Zero,"[0, 1, 2, 3, 4, 5, 6, 7, 8]",2000.737725,2000.89351,3.707212,5,20,3483.5,"0.05515230066916906,0.03840967607115694,0.060875320705829565,0.08853760417508698,0.0820509836393145,0.0189850638867345,0.015291241504138024,0.03579294517148243",0.049387,0.750884,7.772255,22,33
2000743187202_Node0_Node8_Zero,"[0, 1, 2, 3, 4, 5, 6, 7, 8]",2000.743187,2000.89351,3.70175,5,20,3483.5,"0.05515230066916906,0.03840967607115694,0.060875320705829565,0.060875320705829565,0.060875320705829565,0.0189850638867345,0.015291241504138024,0.03579294517148243",0.043282,0.750884,7.772255,22,33
2000748652793_Node0_Node8_Zero,"[0, 1, 2, 3, 4, 5, 6, 7, 8]",2000.748653,2000.89351,4.066364,5,19,3483.5,"0.05515230066916906,0.03840967607115694,0.060875320705829565,0.060875320705829565,0.060875320705829565,0.015291241504138024,0.0165424667618896,0.01956910555794736",0.040949,0.565446,4.249331,22,33
2000754113447_Node0_Node8_Zero,"[0, 1, 2, 3, 4, 5, 6, 7, 8]",2000.754113,2000.89567,1.321548,5,21,3483.5,"0.055152384664702715,0.03840967607115694,0.060875320705829565,0.060875320705829565,0.08118445997425944,0.015291241504138024,0.015291241504138024,0.02940091184642157",0.04456,1.814332,6.384258,22,33
2000759579043_Node0_Node8_Zero,"[0, 1, 2, 3, 4, 5, 6, 7, 8]",2000.759579,2000.89567,3.78719,5,21,3483.5,"0.055152384664702715,0.03840967607115694,0.060875320705829565,0.060875320705829565,0.08118445997425944,0.015291241504138024,0.01594437204763974,0.016084573811309313",0.042977,0.666149,3.492683,22,33
2000765044317_Node0_Node8_Zero,"[0, 1, 2, 3, 4, 5, 6, 7, 8]",2000.765044,2000.89567,3.781725,5,22,3483.5,"0.055152384664702715,0.03840967607115694,0.060875320705829565,0.060875320705829565,0.060875320705829565,0.015291241504138024,0.01594437204763974,0.016084573811309313",0.040439,0.666149,3.492683,22,33
2000770507401_Node0_Node8_Zero,"[0, 1, 2, 3, 4, 5, 6, 7, 8]",2000.770507,2000.897767,4.04451,5,19,3483.5,"0.08762330263188221,0.03840967607115694,0.060875320705829565,0.060875320705829565,0.060875320705829565,0.015291241504138024,0.0165424667618896,0.01956910555794736",0.045008,0.565446,4.249331,22,33
2000775970360_Node0_Node8_Zero,"[0, 1, 2, 3, 4, 5, 6, 7, 8]",2000.77597,2000.897767,3.526313,5,22,3483.5,"0.08762330263188221,0.03840967607115694,0.060875320705829565,0.060875320705829565,0.060875320705829565,0.02360234186498009,0.015291241504138024,0.015688848427464645",0.045405,0.600806,3.406753,22,33
2000781431404_Node0_Node8_Zero,"[0, 1, 2, 3, 4, 5, 6, 7, 8]",2000.781431,2000.897767,3.520852,5,21,3483.5,"0.08762330263188221,0.03840967607115694,0.060875320705829565,0.060875320705829565,0.08118445997425944,0.02360234186498009,0.015291241504138024,0.015688848427464645",0.047944,0.600806,3.406753,22,33
2000786900062_Node0_Node8_Zero,"[0, 1, 2, 3, 4, 5, 6, 7, 8]",2000.7869,2000.901809,3.674639,5,21,3483.5,"0.03840967607115694,0.03840967607115694,0.060875320705829565,0.060875320705829565,0.060875320705829565,0.04004848965369483,0.01632743064003522,0.015688848427464645",0.041439,0.524292,3.406753,22,33
2000792361077_Node0_Node8_Zero,"[0, 1, 2, 3, 4, 5, 6, 7, 8]",2000.792361,2000.901809,1.167672,5,21,3483.5,"0.03840967607115694,0.03840967607115694,0.060875320705829565,0.060875320705829565,0.060875320705829565,0.04004848965369483,0.01632743064003522,0.015688848427464645",0.041439,0.524292,3.406753,22,33
2000797827940_Node0_Node8_Zero,"[0, 1, 2, 3, 4, 5, 6, 7, 8]",2000.797828,2000.901809,1.277833,5,20,3483.5,"0.03840967607115694,0.03840967607115694,0.060875320705829565,0.060875320705829565,0.08118445997425944,0.015291241504138024,0.015291241504138024,0.02940091184642157",0.042467,1.814332,6.384258,22,33
2000803296512_Node0_Node8_Zero,"[0, 1, 2, 3, 4, 5, 6, 7, 8]",2000.803297,2000.915637,3.755415,5,20,3483.5,"0.03840967607115694,0.03840967607115694,0.060875320705829565,0.060875320705829565,0.060875320705829565,0.018464570732823177,0.020906000615289334,0.015291241504138024",0.039263,0.290825,3.320415,22,33
2000808764534_Node0_Node8_Zero,"[0, 1, 2, 3, 4, 5, 6, 7, 8]",2000.808765,2000.915637,inf,4,8,3483.5,"0.03840967607115694,0.03840967607115694,0.060875320705829565,0.060875320705829565,0.060875320705829565",0.051889,8.340465,inf,33,33
2000814228744_Node0_Node8_Zero,"[0, 1, 2, 3, 4, 5, 6, 7, 8]",2000.814229,2000.915637,inf,4,8,3483.5,"0.03840967607115694,0.03840967607115694,0.060875320705829565,0.060875320705829565,0.060875320705829565",0.051889,8.340465,inf,33,33
2000819696949_Node0_Node8_Zero,"[0, 1, 2, 3, 4, 5, 6, 7, 8]",2000.819697,2000.91763,inf,5,13,3483.5,"0.03840967607115694,0.03840967607115694,0.060875320705829565,0.08853760417508698,0.06531235032483393,0.015998098256718687,0.016651374030969616",0.046313,0.786181,inf,22,33
2000825165454_Node0_Node8_Zero,"[0, 1, 2, 3, 4, 5, 6, 7, 8]",2000.825165,2000.91763,inf,4,7,3483.5,"0.03840967607115694,0.03840967607115694,0.060875320705829565,0.060875320705829565,0.060875320705829565",0.051889,8.340465,inf,33,33
2000830628228_Node0_Node8_Zero,"[0, 1, 2, 3, 4, 5, 6, 7, 8]",2000.830628,2000.91763,inf,4,7,3483.5,"0.03840967607115694,0.03840967607115694,0.060875320705829565,0.060875320705829565,0.060875320705829565",0.051889,8.340465,inf,33,33
2000836095464_Node0_Node8_Zero,"[0, 1, 2, 3, 4, 5, 6, 7, 8]",2000.836095,2000.924334,inf,5,13,3483.5,"0.03840967607115694,0.03840967607115694,0.060875320705829565,0.08620166084983023,0.0733550731283429,0.008018020405108132",0.050878,0.631645,inf,22,33
2000841560978_Node0_Node8_Zero,"[0, 1, 2, 3, 4, 5, 6, 7, 8]",2000.841561,2000.924334,inf,5,14,3483.5,"0.03840967607115694,0.03840967607115694,0.060875320705829565,0.08620166084983023,0.0733550731283429,0.015998098256718687,0.016651374030969616",0.047129,1.577646,inf,22,33
2000847027906_Node0_Node8_Zero,"[0, 1, 2, 3, 4, 5, 6, 7, 8]",2000.847028,2000.924334,3.910952,5,24,3483.5,"0.03840967607115694,0.03840967607115694,0.060875320705829565,0.08620166084983023,0.0733550731283429,0.015291241504138024,0.02007173615790435,0.022234851350335972",0.044356,0.890643,4.828184,11,33
2000852489007_Node0_Node8_Zero,"[0, 1, 2, 3, 4, 5, 6, 7, 8]",2000.852489,2000.927266,3.788208,6,15,3483.5,"0.03840967607115694,0.03840967607115694,0.060875320705829565,0.08853760417508698,0.06531235032483393,0.015998098256718687,0.06322669531605757,0.015291241504138024",0.048258,0.796387,3.320415,22,33
2000857948657_Node0_Node8_Zero,"[0, 1, 2, 3, 4, 5, 6, 7, 8]",2000.857949,2000.927266,3.259968,6,17,3483.5,"0.03840967607115694,0.03840967607115694,0.060875320705829565,0.08853760417508698,0.06531235032483393,0.015998098256718687,0.06341337662571017,0.03260100164530273",0.050445,0.796387,7.079141,22,33
2000863413117_Node0_Node8_Zero,"[0, 1, 2, 3, 4, 5, 6, 7, 8]",2000.863413,2000.927266,inf,5,12,3483.5,"0.03840967607115694,0.03840967607115694,0.060875320705829565,0.08620166084983023,0.0733550731283429,0.008018020405108132",0.050878,0.565673,inf,22,33
2000868881178_Node0_Node8_Zero,"[0, 1, 2, 3, 4, 5, 6, 7, 8]",2000.868881,2000.932088,1.592525,5,24,3483.5,"0.03840967607115694,0.03840967607115694,0.060875320705829565,0.08853760417508698,0.06531235032483393,0.015291241504138024,0.019422611590102536,0.020932715688467187",0.043399,0.244026,4.545432,11,33
2000874346160_Node0_Node8_Zero,"[0, 1, 2, 3, 4, 5, 6, 7, 8]",2000.874346,2000.932088,3.243571,5,21,3483.5,"0.03840967607115694,0.03840967607115694,0.060875320705829565,0.060875320705829565,0.08620166084983023,0.015291241504138024,0.019422611590102536,0.03260100164530273",0.044011,0.775801,7.079141,22,33
2000879807185_Node0_Node8_Zero,"[0, 1, 2, 3, 4, 5, 6, 7, 8]",2000.879807,2000.932088,1.640261,5,22,3483.5,"0.03840967607115694,0.03840967607115694,0.060875320705829565,0.060875320705829565,0.08620166084983023,0.017142532998992134,0.018005070193392578,0.007663753805745297",0.040948,0.318959,1.664145,11,33
2000885270007_Node0_Node8_Zero,"[0, 1, 2, 3, 4, 5, 6, 7, 8]",2000.88527,2000.937912,1.684788,5,21,3483.5,"0.03840967607115694,0.03840967607115694,0.060875320705829565,0.060875320705829565,0.08620166084983023,0.017142532998992134,0.018005070193392578,0.008143874478591768",0.041008,0.318959,1.768401,11,33
2000890739365_Node0_Node8_Zero,"[0, 1, 2, 3, 4, 5, 6, 7, 8]",2000.890739,2000.937912,2.804245,5,20,3483.5,"0.03840967607115694,0.03840967607115694,0.060875320705829565,0.060875320705829565,0.08620166084983023,0.017142532998992134,0.02297748176796194,0.01570824222275029",0.042575,0.711966,3.410965,22,33
2000896206424_Node0_Node8_Zero,"[0, 1, 2, 3, 4, 5, 6, 7, 8]",2000.896206,2000.937912,3.744491,5,16,3483.5,"0.03840967607115694,0.03840967607115694,0.060875320705829565,0.060875320705829565,0.060875320705829565,0.017142532998992134,0.02297748176796194,0.015291241504138024",0.039357,0.767637,3.320415,22,33
2000901673299_Node0_Node8_Zero,"[0, 1, 2, 3, 4, 5, 6, 7, 8]",2000.901673,2000.94005,3.836294,5,21,3483.5,"0.03840967607115694,0.03840967607115694,0.060875320705829565,0.08620166084983023,0.060875320705829565,0.02672056743672026,0.03141364885813449,0.007924031307317992",0.043854,0.801745,1.720663,11,33
2000907139725_Node0_Node8_Zero,"[0, 1, 2, 3, 4, 5, 6, 7, 8]",2000.90714,2000.94005,1.78003,5,21,3483.5,"0.03840967607115694,0.03840967607115694,0.060875320705829565,0.08620166084983023,0.060875320705829565,0.015998098256718687,0.015885674790567014,0.008086528268469523",0.040593,0.845385,1.755948,11,33
2000912601148_Node0_Node8_Zero,"[0, 1, 2, 3, 4, 5, 6, 7, 8]",2000.912601,2000.94005,3.786196,5,22,3483.5,"0.03840967607115694,0.03840967607115694,0.060875320705829565,0.08620166084983023,0.060875320705829565,0.015998098256718687,0.015810564832564634,0.013750444973362242",0.041291,0.909317,2.985839,11,33
2000918070288_Node0_Node8_Zero,"[0, 1, 2, 3, 4, 5, 6, 7, 8]",2000.91807,2000.941927,inf,5,14,3483.5,"0.07029369221410957,0.03840967607115694,0.060875320705829565,0.060875320705829565,0.060875320705829565,0.017322172210496523,0.01660055861561848",0.046465,2.152529,inf,22,33
2000923535962_Node0_Node8_Zero,"[0, 1, 2, 3, 4, 5, 6, 7, 8]",2000.923536,2000.941927,3.177089,5,21,3483.5,"0.07029369221410957,0.03840967607115694,0.060875320705829565,0.060875320705829565,0.060875320705829565,0.017322172210496523,0.015885674790567014,0.010529226544160332",0.041883,0.845385,2.286368,11,33
2000928996392_Node0_Node8_Zero,"[0, 1, 2, 3, 4, 5, 6, 7, 8]",2000.928996,2000.941927,2.540577,5,21,3483.5,"0.07029369221410957,0.03840967607115694,0.060875320705829565,0.060875320705829565,0.060875320705829565,0.02672056743672026,0.03141364885813449,0.010493967148196528",0.044995,0.861982,2.278711,11,33
2000934460948_Node0_Node8_Zero,"[0, 1, 2, 3, 4, 5, 6, 7, 8]",2000.934461,2000.945909,3.744561,5,21,2327.5,"0.03840967607115694,0.03840967607115694,0.060875320705829565,0.08620166084983023,0.060875320705829565,0.015998098256718687,0.015810564832564634,0.008277468168290567",0.040607,0.596053,1.79741,11,33
2000939924500_Node0_Node8_Zero,"[0, 1, 2, 3, 4, 5, 6, 7, 8]",2000.939924,2000.945909,2.855723,5,21,2327.5,"0.03840967607115694,0.03840967607115694,0.060875320705829565,0.07213147188094098,0.060875320705829565,0.015998098256718687,0.015291241504138024,0.00987642400301143",0.038983,0.596053,2.144615,11,33
2000945392536_Node0_Node8_Zero,"[0, 1, 2, 3, 4, 5, 6, 7, 8]",2000.945393,2000.947445,3.031745,5,25,2343.0,"0.03840967607115694,0.03840967607115694,0.060875320705829565,0.07213147188094098,0.060875320705829565,0.015291241504138024,0.015291241504138024,0.010491180816067938",0.038972,0.851226,2.278106,11,33
2000950856413_Node0_Node8_Zero,"[0, 1, 2, 3, 4, 5, 6, 7, 8]",2000.950856,2000.952012,3.287181,5,21,2343.0,"0.03840967607115694,0.03840967607115694,0.060875320705829565,0.07213147188094098,0.060875320705829565,0.04004848965369483,0.015810564832564634,0.011378699822015417",0.042242,0.909317,2.470827,11,33
2000956324840_Node0_Node8_Zero,"[0, 1, 2, 3, 4, 5, 6, 7, 8]",2000.956325,2000.96976,3.175602,5,19,2343.0,"0.03840967607115694,0.03840967607115694,0.060875320705829565,0.07213147188094098,0.060875320705829565,0.04004848965369483,0.015810564832564634,0.008086528268469523",0.041831,0.89304,1.755948,11,33
2000961788568_Node0_Node8_Zero,"[0, 1, 2, 3, 4, 5, 6, 7, 8]",2000.961789,2000.970629,2.166803,5,20,2327.5,"0.03840967607115694,0.03840967607115694,0.060875320705829565,0.060875320705829565,0.11140815270619132,0.015291241504138024,0.015998098256718687,0.007663753805745297",0.043616,0.833053,1.664145,11,33
2000967248714_Node0_Node8_Zero,"[0, 1, 2, 3, 4, 5, 6, 7, 8]",2000.967249,2000.970629,2.99462,5,21,2327.5,"0.03840967607115694,0.03840967607115694,0.060875320705829565,0.060875320705829565,0.11140815270619132,0.019881424625822024,0.015998098256718687,0.007663753805745297",0.04419,0.801745,1.664145,11,33
2000972713578_Node0_Node8_Zero,"[0, 1, 2, 3, 4, 5, 6, 7, 8]",2000.972714,2000.972884,2.24604,5,22,2343.0,"0.03840967607115694,0.03840967607115694,0.060875320705829565,0.060875320705829565,0.11140815270619132,0.019881424625822024,0.015918337893161983,0.010888787739394562",0.044583,0.922282,2.364445,11,33
2000978181000_Node0_Node8_Zero,"[0, 1, 2, 3, 4, 5, 6, 7, 8]",2000.978181,2000.978371,2.716803,5,21,2343.0,"0.07029369221410957,0.03840967607115694,0.060875320705829565,0.060875320705829565,0.11140815270619132,0.019814473162915014,0.015918337893161983,0.01570824222275029",0.049163,0.711966,3.410965,22,33
2000983649584_Node0_Node8_Zero,"[0, 1, 2, 3, 4, 5, 6, 7, 8]",2000.98365,2000.983913,3.002864,5,18,2343.0,"0.03840967607115694,0.03840967607115694,0.060875320705829565,0.09745781202494166,0.11140815270619132,0.019814473162915014,0.04004848965369483,0.010764985459470149",0.052149,0.851226,2.337562,11,33
2000989109482_Node0_Node8_Zero,"[0, 1, 2, 3, 4, 5, 6, 7, 8]",2000.989109,2000.99113,inf,0,7,2343.0,0.027984558418878643,0.027984558418878643,3.007839,inf,33,33
2000994575199_Node0_Node8_Zero,"[0, 1, 2, 3, 4, 5, 6, 7, 8]",2000.994575,2001.026612,inf,0,7,3483.5,0.015291241504138024,0.015291241504138024,1.648799,inf,33,33
2001000037477_Node0_Node8_Zero,"[0, 1, 2, 3, 4, 5, 6, 7, 8]",2001.000037,2001.026612,inf,0,7,3483.5,0.015291241504138024,0.015291241504138024,1.648799,inf,33,33
2001005501614_Node0_Node8_Zero,"[0, 1, 2, 3, 4, 5, 6, 7, 8]",2001.005502,2001.026612,inf,0,7,3483.5,0.015291241504138024,0.015291241504138024,1.648799,inf,33,33
2001010969909_Node0_Node8_Zero,"[0, 1, 2, 3, 4, 5, 6, 7, 8]",2001.01097,2001.03929,inf,0,7,3483.5,0.015291241504138024,0.015291241504138024,1.648799,inf,33,33
2001016429524_Node0_Node8_Zero,"[0, 1, 2, 3, 4, 5, 6, 7, 8]",2001.01643,2001.03929,inf,0,7,3483.5,0.015291241504138024,0.015291241504138024,1.648799,inf,33,33
2001021895048_Node0_Node8_Zero,"[0, 1, 2, 3, 4, 5, 6, 7, 8]",2001.021895,2001.03929,inf,0,7,3483.5,0.015291241504138024,0.015291241504138024,1.648799,inf,33,33
2001027358651_Node0_Node8_Zero,"[0, 1, 2, 3, 4, 5, 6, 7, 8]",2001.027359,2001.041247,3.007095,5,21,3483.5,"0.03840967607115694,0.03840967607115694,0.060875320705829565,0.09745781202494166,0.11140815270619132,0.015291241504138024,0.04004848965369483,0.008094338235167997",0.051249,0.95067,1.757644,11,33
2001032825936_Node0_Node8_Zero,"[0, 1, 2, 3, 4, 5, 6, 7, 8]",2001.032826,2001.041247,inf,5,14,3483.5,"0.03840967607115694,0.03840967607115694,0.060875320705829565,0.09745781202494166,0.11140815270619132,0.015291241504138024,0.015879539591346938",0.053962,0.95067,inf,22,33
2001038290094_Node0_Node8_Zero,"[0, 1, 2, 3, 4, 5, 6, 7, 8]",2001.03829,2001.041247,inf,5,15,3483.5,"0.03840967607115694,0.03840967607115694,0.060875320705829565,0.09745781202494166,0.11140815270619132,0.019814473162915014,0.015879539591346938",0.054608,0.775884,inf,22,33
2001043750155_Node0_Node8_Zero,"[0, 1, 2, 3, 4, 5, 6, 7, 8]",2001.04375,2001.06083,3.027829,6,15,2327.5,"0.03840967607115694,0.03840967607115694,0.060875320705829565,0.11738991415540019,0.060875320705829565,0.019814473162915014,0.03977445196009755,0.00808075962916984",0.047954,0.775884,1.754696,11,33
2001049211138_Node0_Node8_Zero,"[0, 1, 2, 3, 4, 5, 6, 7, 8]",2001.049211,2001.06083,inf,5,15,2327.5,"0.03840967607115694,0.03840967607115694,0.060875320705829565,0.11738991415540019,0.060875320705829565,0.015291241504138024,0.015879539591346938",0.04959,0.754015,inf,22,33
2001054673647_Node0_Node8_Zero,"[0, 1, 2, 3, 4, 5, 6, 7, 8]",2001.054674,2001.065972,2.801876,6,15,2327.5,"0.03840967607115694,0.03840967607115694,0.060875320705829565,0.11738991415540019,0.060875320705829565,0.015291241504138024,0.03840967607115694,0.00806136072907192",0.047215,0.675705,1.750483,11,33
2001060135885_Node0_Node8_Zero,"[0, 1, 2, 3, 4, 5, 6, 7, 8]",2001.060136,2001.065972,3.51709,6,14,2327.5,"0.03840967607115694,0.03840967607115694,0.060875320705829565,0.11738991415540019,0.060875320705829565,0.015291241504138024,0.03840967607115694,0.008088650110868135",0.047219,0.569717,1.756409,11,33
2001065601019_Node0_Node8_Zero,"[0, 1, 2, 3, 4, 5, 6, 7, 8]",2001.065601,2001.088942,3.021741,6,13,2343.0,"0.03840967607115694,0.03840967607115694,0.060875320705829565,0.060875320705829565,0.07350852870592,0.015291241504138024,0.03840967607115694,0.009569093649053406",0.041919,0.569717,2.07788,11,33
2001071065851_Node0_Node8_Zero,"[0, 1, 2, 3, 4, 5, 6, 7, 8]",2001.071066,2001.175726,2.112309,6,15,3483.5,"0.03840967607115694,0.03840967607115694,0.060875320705829565,0.060875320705829565,0.07350852870592,0.01905133517385321,0.041371444633364444,0.00808075454038393",0.042573,0.833373,1.754695,11,33
2001076529716_Node0_Node8_Zero,"[0, 1, 2, 3, 4, 5, 6, 7, 8]",2001.07653,2001.175726,3.760429,6,13,3483.5,"0.03840967607115694,0.03840967607115694,0.060875320705829565,0.060875320705829565,0.07350852870592,0.01905133517385321,0.03988740689875917,0.008088650110868135",0.042388,0.833373,1.756409,11,33
2001081996311_Node0_Node8_Zero,"[0, 1, 2, 3, 4, 5, 6, 7, 8]",2001.081996,2001.175726,2.160634,6,16,3483.5,"0.03840967607115694,0.03840967607115694,0.060875320705829565,0.060875320705829565,0.07350852870592,0.04004848965369483,0.041371444633364444,0.008086521586046887",0.045198,0.89304,1.755947,11,33
2001087459416_Node0_Node8_Zero,"[0, 1, 2, 3, 4, 5, 6, 7, 8]",2001.087459,2001.373181,inf,2,12,3483.5,"0.03840967607115694,0.060875320705829565,0.031050814230505906",0.043445,2.124245,inf,33,33
2001092922668_Node0_Node8_Zero,"[0, 1, 2, 3, 4, 5, 6, 7, 8]",2001.092923,2001.373181,inf,2,12,3483.5,"0.03840967607115694,0.060875320705829565,0.031050814230505906",0.043445,2.124245,inf,33,33
2001098384693_Node0_Node8_Zero,"[0, 1, 2, 3, 4, 5, 6, 7, 8]",2001.098385,2001.373181,3.240749,6,19,3483.5,"0.03840967607115694,0.060875320705829565,0.04649538961775792,0.11038954401778116,0.06550220691609981,0.017591913521750657,0.03988740689875917,0.010908200281244012",0.048757,0.911275,2.36866,11,33
2001103845730_Node0_Node8_Zero,"[0, 1, 2, 3, 4, 5, 6, 7, 8]",2001.103846,2001.377651,inf,2,13,2327.5,"0.03840967607115694,0.060875320705829565,0.060642746535443236,0.015291241504138024",0.043805,1.75642,inf,22,22
2001109310647_Node0_Node8_Zero,"[0, 1, 2, 3, 4, 5, 6, 7, 8]",2001.109311,2001.377651,inf,2,13,2327.5,"0.03840967607115694,0.060875320705829565,0.060642746535443236,0.015291241504138024",0.043805,1.75642,inf,22,22
2001114772398_Node0_Node8_Zero,"[0, 1, 2, 3, 4, 5, 6, 7, 8]",2001.114772,2001.382067,inf,0,14,2327.5,"0.04004848965369483,0.029461915345450305",0.034755,0.911275,inf,22,22
2001120236022_Node0_Node8_Zero,"[0, 1, 2, 3, 4, 5, 6, 7, 8]",2001.120236,2001.382067,inf,0,14,2327.5,"0.04004848965369483,0.029461915345450305",0.034755,0.911275,inf,22,22
2001125701342_Node0_Node8_Zero,"[0, 1, 2, 3, 4, 5, 6, 7, 8]",2001.125701,2001.435789,2.246166,5,20,2327.5,"0.037750277948743256,0.060875320705829565,0.04649538961775792,0.11038954401778116,0.06550220691609981,0.017591913521750657,0.03988740689875917,0.009926745587024678",0.048552,0.496554,2.155542,11,22
2001131162710_Node0_Node8_Zero,"[0, 1, 2, 3, 4, 5, 6, 7, 8]",2001.131163,2001.435789,inf,2,12,2327.5,"0.037750277948743256,0.060875320705829565,0.060642746535443236,0.015291241504138024",0.04364,0.496554,inf,22,22
2001136624683_Node0_Node8_Zero,"[0, 1, 2, 3, 4, 5, 6, 7, 8]",2001.136625,2001.440163,2.212008,5,21,2327.5,"0.018464570732823177,0.060875320705829565,0.04649538961775792,0.11038954401778116,0.06550220691609981,0.04004848965369483,0.041371444633364444,0.00808075454038393",0.048903,0.911275,1.754695,11,22
2001142091724_Node0_Node8_Zero,"[0, 1, 2, 3, 4, 5, 6, 7, 8]",2001.142092,2001.440163,3.178584,5,22,2327.5,"0.018464570732823177,0.0833343571504348,0.04638068010689509,0.08449956529881314,0.06954841549606712,0.015291241504138024,0.039895415870313214,0.00808075962916984",0.045687,0.413506,1.754696,11,22
2001147560124_Node0_Node8_Zero,"[0, 1, 2, 3, 4, 5, 6, 7, 8]",2001.14756,2001.441609,2.855434,5,21,2327.5,"0.04004848965369483,0.0833343571504348,0.04638068010689509,0.11038954401778116,0.06550220691609981,0.021746507263457567,0.040070080264203396,0.01820032772397276",0.053209,0.890643,3.952108,22,22
2001153028760_Node0_Node8_Zero,"[0, 1, 2, 3, 4, 5, 6, 7, 8]",2001.153029,2001.441609,1.727067,5,20,2327.5,"0.04004848965369483,0.0833343571504348,0.04638068010689509,0.08449956529881314,0.06954841549606712,0.021746507263457567,0.03977445196009755,0.007663753805745297",0.049125,0.909317,1.664145,11,22
2001158488926_Node0_Node8_Zero,"[0, 1, 2, 3, 4, 5, 6, 7, 8]",2001.158489,2001.45775,3.320046,5,16,2327.5,"0.015291241504138024,0.0833343571504348,0.04649538961775792,0.08961747710924069,0.060875320705829565,0.016100331255110817,0.039895415870313214,0.007663753805745297",0.044909,0.82257,1.664145,11,22
2001163955837_Node0_Node8_Zero,"[0, 1, 2, 3, 4, 5, 6, 7, 8]",2001.163956,2001.45775,2.241618,5,17,2327.5,"0.015291241504138024,0.060875320705829565,0.04649538961775792,0.08961747710924069,0.060875320705829565,0.015291241504138024,0.039895415870313214,0.02007173615790435",0.043552,0.800344,4.358475,11,22
2001169417275_Node0_Node8_Zero,"[0, 1, 2, 3, 4, 5, 6, 7, 8]",2001.169417,2001.486948,2.731194,5,21,2327.5,"0.04004848965369483,0.0833343571504348,0.04638068010689509,0.08449956529881314,0.06954841549606712,0.04004848965369483,0.03977445196009755,0.008080754524357565",0.051464,0.763182,1.754695,11,22
2001174882140_Node0_Node8_Zero,"[0, 1, 2, 3, 4, 5, 6, 7, 8]",2001.174882,2001.486948,2.7656,5,22,2327.5,"0.04004848965369483,0.0833343571504348,0.04638068010689509,0.08449956529881314,0.06954841549606712,0.04004848965369483,0.039895415870313214,0.010621882163903867",0.051797,0.909317,2.306487,11,22
2001180348727_Node0_Node8_Zero,"[0, 1, 2, 3, 4, 5, 6, 7, 8]",2001.180349,2001.488965,3.435513,5,20,2327.5,"0.015291241504138024,0.0833343571504348,0.04638068010689509,0.08961747710924069,0.060875320705829565,0.015291241504138024,0.039895415870313214,0.007663753805745297",0.044794,0.909317,1.664145,11,22
2001185812263_Node0_Node8_Zero,"[0, 1, 2, 3, 4, 5, 6, 7, 8]",2001.185812,2001.488965,3.432079,5,17,2327.5,"0.015291241504138024,0.0833343571504348,0.04649538961775792,0.08961747710924069,0.060875320705829565,0.016100331255110817,0.039895415870313214,0.010908167703614203",0.045315,0.82257,2.368653,11,22
2001191280069_Node0_Node8_Zero,"[0, 1, 2, 3, 4, 5, 6, 7, 8]",2001.19128,2001.497425,3.290503,5,19,2327.5,"0.015291241504138024,0.060875320705829565,0.04638068010689509,0.08961747710924069,0.06531235032483393,0.015291241504138024,0.039984863354758746,0.008079740606111347",0.042604,0.615041,1.754474,11,22
2001196745443_Node0_Node8_Zero,"[0, 1, 2, 3, 4, 5, 6, 7, 8]",2001.196745,2001.497425,2.234142,5,20,2327.5,"0.015291241504138024,0.060875320705829565,0.04638068010689509,0.08961747710924069,0.06531235032483393,0.015291241504138024,0.039984863354758746,0.00816320793093463",0.042615,0.763182,1.772599,11,22
2001202211488_Node0_Node8_Zero,"[0, 1, 2, 3, 4, 5, 6, 7, 8]",2001.202211,2001.50364,3.083753,5,21,2327.5,"0.02360234186498009,0.060875320705829565,0.04638068010689509,0.08961747710924069,0.06531235032483393,0.015291241504138024,0.039984863354758746,0.007909876084973391",0.043622,0.801745,1.717589,11,22
2001207677541_Node0_Node8_Zero,"[0, 1, 2, 3, 4, 5, 6, 7, 8]",2001.207678,2001.50364,2.448859,5,23,2327.5,"0.02360234186498009,0.060875320705829565,0.04638068010689509,0.08961747710924069,0.06531235032483393,0.019422159403564277,0.040070080264203396,0.007872740512928038",0.044144,0.375384,1.709525,11,22
2001213146874_Node0_Node8_Zero,"[0, 1, 2, 3, 4, 5, 6, 7, 8]",2001.213147,2001.505725,3.564864,5,21,2327.5,"0.024826281506049118,0.060875320705829565,0.04638068010689509,0.09758043842722922,0.06954841549606712,0.019422159403564277,0.040070080264203396,0.013537046931012185",0.04653,0.909317,2.939501,11,22
2001218613693_Node0_Node8_Zero,"[0, 1, 2, 3, 4, 5, 6, 7, 8]",2001.218614,2001.505725,3.139237,5,24,2327.5,"0.024826281506049118,0.060875320705829565,0.04638068010689509,0.09758043842722922,0.06954841549606712,0.015291241504138024,0.040070080264203396,0.007872840839586712",0.045306,1.246334,1.709547,11,22
2001224083094_Node0_Node8_Zero,"[0, 1, 2, 3, 4, 5, 6, 7, 8]",2001.224083,2001.507644,2.664949,5,22,2327.5,"0.018110793076450245,0.060875320705829565,0.05258034991246922,0.09758043842722922,0.06954841549606712,0.015291241504138024,0.03840967607115694,0.018255285036718135",0.046331,0.818073,3.964042,11,22
2001229547873_Node0_Node8_Zero,"[0, 1, 2, 3, 4, 5, 6, 7, 8]",2001.229548,2001.507644,2.097961,5,20,2327.5,"0.018110793076450245,0.060875320705829565,0.05258034991246922,0.09758043842722922,0.06954841549606712,0.01604900087130501,0.03840967607115694,0.00786302876788689",0.045127,0.818073,1.707417,11,22
2001235010453_Node0_Node8_Zero,"[0, 1, 2, 3, 4, 5, 6, 7, 8]",2001.23501,2001.509605,2.49561,5,19,2327.5,"0.015291241504138024,0.060875320705829565,0.05258034991246922,0.08391834298174898,0.060875320705829565,0.01604900087130501,0.03840967607115694,0.007936495176048605",0.041992,0.95067,1.723369,11,22
2001240470251_Node0_Node8_Zero,"[0, 1, 2, 3, 4, 5, 6, 7, 8]",2001.24047,2001.509605,2.818109,5,20,2327.5,"0.015291241504138024,0.060875320705829565,0.03840967607115694,0.08391834298174898,0.060875320705829565,0.015291241504138024,0.04641531364188866,0.007971338757583516",0.041131,0.890643,1.730936,11,22
2001245936184_Node0_Node8_Zero,"[0, 1, 2, 3, 4, 5, 6, 7, 8]",2001.245936,2001.511484,inf,5,19,2327.5,"0.019123118856002215,0.060875320705829565,0.03840967607115694,0.08391834298174898,0.060875320705829565,0.015291241504138024,0.04641531364188866,0.00806136072907192",0.041621,0.402236,inf,22,22
2001251395881_Node0_Node8_Zero,"[0, 1, 2, 3, 4, 5, 6, 7, 8]",2001.251396,2001.511484,inf,5,19,2327.5,"0.019123118856002215,0.060875320705829565,0.03840967607115694,0.08391834298174898,0.060875320705829565,0.015291241504138024,0.04641531364188866,0.00806136072907192",0.041621,0.402236,inf,22,22
2001256865274_Node0_Node8_Zero,"[0, 1, 2, 3, 4, 5, 6, 7, 8]",2001.256865,2001.513585,3.009267,5,19,2327.5,"0.015291241504138024,0.060875320705829565,0.06055135394820738,0.08391834298174898,0.06896057382588745,0.015291241504138024,0.03840967607115694,0.015688848427464645",0.044873,0.711966,3.406753,22,22
2001262334676_Node0_Node8_Zero,"[0, 1, 2, 3, 4, 5, 6, 7, 8]",2001.262335,2001.513585,3.375104,5,20,2327.5,"0.015291241504138024,0.060875320705829565,0.06055135394820738,0.08391834298174898,0.06896057382588745,0.015998098256718687,0.03840967607115694,0.015291241504138024",0.044912,0.626444,3.320415,22,22
2001267797655_Node0_Node8_Zero,"[0, 1, 2, 3, 4, 5, 6, 7, 8]",2001.267798,2001.515465,3.369641,5,19,2327.5,"0.018464570732823177,0.060875320705829565,0.06055135394820738,0.08391834298174898,0.06896057382588745,0.015998098256718687,0.03840967607115694,0.015291241504138024",0.045309,0.626444,3.320415,22,22
2001273259891_Node0_Node8_Zero,"[0, 1, 2, 3, 4, 5, 6, 7, 8]",2001.27326,2001.515465,2.729734,5,23,2327.5,"0.018464570732823177,0.060875320705829565,0.03840967607115694,0.08391834298174898,0.06896057382588745,0.021746507263457567,0.040070080264203396,0.01820032772397276",0.043831,0.736461,3.952108,22,22
2001278725396_Node0_Node8_Zero,"[0, 1, 2, 3, 4, 5, 6, 7, 8]",2001.278725,2001.517484,2.987407,5,20,2327.5,"0.018464570732823177,0.060875320705829565,0.03840967607115694,0.060875320705829565,0.06896057382588745,0.021746507263457567,0.040070080264203396,0.015688848427464645",0.040636,0.711966,3.406753,22,22
2001284194505_Node0_Node8_Zero,"[0, 1, 2, 3, 4, 5, 6, 7, 8]",2001.284195,2001.517484,inf,4,20,2327.5,"0.018464570732823177,0.060875320705829565,0.03840967607115694,0.060875320705829565,0.06896057382588745,0.015291241504138024,0.025890175863519133",0.041252,1.01036,inf,22,22
2001289657837_Node0_Node8_Zero,"[0, 1, 2, 3, 4, 5, 6, 7, 8]",2001.289658,2001.519545,inf,4,22,2327.5,"0.01640299753841898,0.060875320705829565,0.06247266188270455,0.0833343571504348,0.06896057382588745,0.04004848965369483,0.029300334038798077",0.051628,1.28421,inf,22,22
2001295125322_Node0_Node8_Zero,"[0, 1, 2, 3, 4, 5, 6, 7, 8]",2001.295125,2001.519545,inf,4,21,2327.5,"0.01640299753841898,0.0833343571504348,0.06247266188270455,0.060875320705829565,0.06896057382588745,0.015291241504138024,0.025890175863519133",0.047604,0.914472,inf,22,22
2001300593152_Node0_Node8_Zero,"[0, 1, 2, 3, 4, 5, 6, 7, 8]",2001.300593,2001.521464,inf,4,20,2327.5,"0.018110793076450245,0.0833343571504348,0.06247266188270455,0.060875320705829565,0.06896057382588745,0.04004848965369483,0.029300334038798077",0.051872,0.911275,inf,22,22
2001306057412_Node0_Node8_Zero,"[0, 1, 2, 3, 4, 5, 6, 7, 8]",2001.306057,2001.521464,inf,5,6,2327.5,"0.018110793076450245,0.06772499572925825,0.04638068010689509,0.08399921892168562,0.07087923181640053,0.060875320705829565",0.057995,0.911275,inf,22,22
2001311521266_Node0_Node8_Zero,"[0, 1, 2, 3, 4, 5, 6, 7, 8]",2001.311521,2001.525829,inf,4,20,2327.5,"0.015291241504138024,0.0833343571504348,0.03840967607115694,0.0833343571504348,0.06896057382588745,0.017468174003127133,0.015810564832564634",0.046087,0.859622,inf,22,22
2001316984588_Node0_Node8_Zero,"[0, 1, 2, 3, 4, 5, 6, 7, 8]",2001.316985,2001.525829,inf,4,20,2327.5,"0.015291241504138024,0.0833343571504348,0.03840967607115694,0.0833343571504348,0.06896057382588745,0.017468174003127133,0.015810564832564634",0.046087,0.859622,inf,22,22
2001322444647_Node0_Node8_Zero,"[0, 1, 2, 3, 4, 5, 6, 7, 8]",2001.322445,2001.572748,inf,4,19,2327.5,"0.015291241504138024,0.060875320705829565,0.03840967607115694,0.0833343571504348,0.06896057382588745,0.016772027006975745,0.015810564832564634",0.042779,1.110995,inf,22,22
2001327913804_Node0_Node8_Zero,"[0, 1, 2, 3, 4, 5, 6, 7, 8]",2001.327914,2001.572748,inf,4,19,2327.5,"0.015291241504138024,0.060875320705829565,0.05258034991246922,0.08449956529881314,0.060875320705829565,0.016772027006975745,0.015810564832564634",0.043815,1.0541,inf,22,22
2001333378015_Node0_Node8_Zero,"[0, 1, 2, 3, 4, 5, 6, 7, 8]",2001.333378,2001.576872,inf,4,19,2327.5,"0.015291241504138024,0.060875320705829565,0.05258034991246922,0.08449956529881314,0.060875320705829565,0.04004848965369483,0.04004848965369483",0.050603,1.814332,inf,22,22
2001338843571_Node0_Node8_Zero,"[0, 1, 2, 3, 4, 5, 6, 7, 8]",2001.338844,2001.576872,inf,4,19,2327.5,"0.015291241504138024,0.060875320705829565,0.05258034991246922,0.08449956529881314,0.060875320705829565,0.04004848965369483,0.04004848965369483",0.050603,1.814332,inf,22,22
2001344312604_Node0_Node8_Zero,"[0, 1, 2, 3, 4, 5, 6, 7, 8]",2001.344313,2001.581033,inf,4,11,2327.5,"0.015291241504138024,0.060875320705829565,0.06062577330719251,0.08449956529881314,0.060875320705829565,0.04004848965369483",0.053703,3.155476,inf,22,22
2001349780741_Node0_Node8_Zero,"[0, 1, 2, 3, 4, 5, 6, 7, 8]",2001.349781,2001.581033,inf,4,11,2327.5,"0.015291241504138024,0.060875320705829565,0.06062577330719251,0.08690127584159751,0.07148826324236318,0.04004848965369483",0.055872,3.155476,inf,22,22
2001355243054_Node0_Node8_Zero,"[0, 1, 2, 3, 4, 5, 6, 7, 8]",2001.355243,2001.583144,inf,4,12,2327.5,"0.015291241504138024,0.06779089157314391,0.0577836501180235,0.08690127584159751,0.07148826324236318,0.015291241504138024",0.052424,0.410496,inf,22,22
2001360706663_Node0_Node8_Zero,"[0, 1, 2, 3, 4, 5, 6, 7, 8]",2001.360707,2001.583144,inf,4,12,2327.5,"0.015291241504138024,0.06779089157314391,0.0577836501180235,0.060875320705829565,0.060875320705829565,0.015291241504138024",0.046318,1.24236,inf,22,22
2001366174231_Node0_Node8_Zero,"[0, 1, 2, 3, 4, 5, 6, 7, 8]",2001.366174,2001.584987,inf,5,12,2327.5,"0.02360234186498009,0.060875320705829565,0.06062577330719251,0.08690127584159751,0.07148826324236318,0.04004848965369483",0.057257,0.954536,inf,22,22
2001371643449_Node0_Node8_Zero,"[0, 1, 2, 3, 4, 5, 6, 7, 8]",2001.371643,2001.584987,inf,6,12,2327.5,"0.02360234186498009,0.060875320705829565,0.0577836501180235,0.08690127584159751,0.07148826324236318,0.04004848965369483,0.060875320705829565",0.057368,0.954536,inf,22,22
2001377103379_Node0_Node8_Zero,"[0, 1, 2, 3, 4, 5, 6, 7, 8]",2001.377103,2001.591043,inf,4,14,2327.5,"0.015291241504138024,0.06779089157314391,0.03840967607115694,0.060875320705829565,0.060875320705829565,0.015291241504138024",0.043089,3.320415,inf,22,22
2001382572145_Node0_Node8_Zero,"[0, 1, 2, 3, 4, 5, 6, 7, 8]",2001.382572,2001.591043,inf,4,14,2327.5,"0.015291241504138024,0.06779089157314391,0.03840967607115694,0.060875320705829565,0.060875320705829565,0.015291241504138024",0.043089,3.320415,inf,22,22
2001388033587_Node0_Node8_Zero,"[0, 1, 2, 3, 4, 5, 6, 7, 8]",2001.388034,2001.60163,inf,6,7,2327.5,"0.02360234186498009,0.07745804341916335,0.053185617961192214,0.0833343571504348,0.06492753512886967,0.06843317368946972,0.060875320705829565,0.00786302876788689",0.05496,1.707417,inf,22,22
2001393499254_Node0_Node8_Zero,"[0, 1, 2, 3, 4, 5, 6, 7, 8]",2001.393499,2001.60163,inf,6,7,2327.5,"0.02360234186498009,0.07745804341916335,0.03840967607115694,0.060875320705829565,0.060875320705829565,0.06843317368946972,0.060875320705829565,0.00786302876788689",0.049799,1.707417,inf,22,22
2001398965484_Node0_Node8_Zero,"[0, 1, 2, 3, 4, 5, 6, 7, 8]",2001.398965,2001.603645,3.005464,7,10,2343.0,"0.04004848965369483,0.07745804341916335,0.053185617961192214,0.0833343571504348,0.06492753512886967,0.06843317368946972,0.060875320705829565,0.00786302876788689",0.057016,0.896868,13.218765,11,11
2001404425648_Node0_Node8_Zero,"[0, 1, 2, 3, 4, 5, 6, 7, 8]",2001.404426,2001.608032,3.000003,7,8,2343.0,"0.009254181499051783,0.07745804341916335,0.053185617961192214,0.0833343571504348,0.06492753512886967,0.06843317368946972,0.060875320705829565,0.00786302876788689",0.053166,0.465117,13.218765,11,11
2001409887315_Node0_Node8_Zero,"[0, 1, 2, 3, 4, 5, 6, 7, 8]",2001.409887,2001.639455,2.996757,7,5,2343.0,"0.015291241504138024,0.06772499572925825,0.04638068010689509,0.0833343571504348,0.06492753512886967,0.060875320705829565,0.06608778818568946,0.06253536972833536",0.058395,0.505245,13.579236,11,11
2001415351630_Node0_Node8_Zero,"[0, 1, 2, 3, 4, 5, 6, 7, 8]",2001.415352,2001.769977,2.991292,7,8,2343.0,"0.009638372502107159,0.060875320705829565,0.04638068010689509,0.08399921892168562,0.07087923181640053,0.06403005053775286,0.06608778818568946,0.06253536972833536",0.058053,0.224071,13.579236,11,11
2001420815248_Node0_Node8_Zero,"[0, 1, 2, 3, 4, 5, 6, 7, 8]",2001.420815,2001.771991,2.985829,7,6,2343.0,"0.008681627529461448,0.07436459999860613,0.0570677889742612,0.08399921892168562,0.07087923181640053,0.060875320705829565,0.06608778818568946,0.06253536972833536",0.060561,0.151815,13.579236,11,11
2001426277081_Node0_Node8_Zero,"[0, 1, 2, 3, 4, 5, 6, 7, 8]",2001.426277,2001.775457,2.980367,7,7,2343.0,"0.008750602288243753,0.07404812740397447,0.0570677889742612,0.08399921892168562,0.07087923181640053,0.060875320705829565,0.06608778818568946,0.06253536972833536",0.06053,0.171628,13.579236,11,11
2001431744005_Node0_Node8_Zero,"[0, 1, 2, 3, 4, 5, 6, 7, 8]",2001.431744,2001.780431,2.97706,7,9,2343.0,"0.008725103686594076,0.07404812740397447,0.0570677889742612,0.060875320705829565,0.060875320705829565,0.06403005053775286,0.060875320705829565,0.060875320705829565",0.055922,1.894612,13.218765,11,11
2001437212386_Node0_Node8_Zero,"[0, 1, 2, 3, 4, 5, 6, 7, 8]",2001.437212,2001.782372,2.971592,7,12,2343.0,"0.007663753805745297,0.07402661869334852,0.04764662592574332,0.060875320705829565,0.060875320705829565,0.060875320705829565,0.060875320705829565,0.060875320705829565",0.054214,0.214936,13.218765,11,11
2001442675706_Node0_Node8_Zero,"[0, 1, 2, 3, 4, 5, 6, 7, 8]",2001.442676,2001.784822,2.966128,7,11,2343.0,"0.008725103686594076,0.060875320705829565,0.0570677889742612,0.060875320705829565,0.060875320705829565,0.06403005053775286,0.060875320705829565,0.060875320705829565",0.054275,0.133722,13.218765,11,11
2001448143099_Node0_Node8_Zero,"[0, 1, 2, 3, 4, 5, 6, 7, 8]",2001.448143,2001.79089,inf,0,4,2343.0,0.007663753805745297,0.007663753805745297,0.909317,inf,11,11
2001453604589_Node0_Node8_Zero,"[0, 1, 2, 3, 4, 5, 6, 7, 8]",2001.453605,2001.885421,2.955199,7,7,2343.0,"0.007663753805745297,0.079800861941018,0.0570677889742612,0.060875320705829565,0.060875320705829565,0.06403005053775286,0.060875320705829565,0.060875320705829565",0.056508,1.664145,13.218765,11,11
2001459068089_Node0_Node8_Zero,"[0, 1, 2, 3, 4, 5, 6, 7, 8]",2001.459068,2001.926171,2.951816,7,6,2343.0,"0.00839153585642147,0.0833343571504348,0.0467942276282283,0.0766743215948647,0.060875320705829565,0.060875320705829565,0.0655694142135907,0.06253536972833536",0.058131,0.423301,13.579236,11,11
2001464536818_Node0_Node8_Zero,"[0, 1, 2, 3, 4, 5, 6, 7, 8]",2001.464537,2001.92743,2.946347,7,6,2343.0,"0.02007173615790435,0.06917080872516056,0.046587944271130305,0.060875320705829565,0.060875320705829565,0.060875320705829565,0.0655694142135907,0.06253536972833536",0.05582,0.911275,13.579236,11,11
2001470003164_Node0_Node8_Zero,"[0, 1, 2, 3, 4, 5, 6, 7, 8]",2001.470003,2001.946189,2.940881,7,3,2343.0,"0.007663753805745297,0.06917080872516056,0.046587944271130305,0.060875320705829565,0.060875320705829565,0.060875320705829565,0.0655694142135907,0.06253536972833536",0.054269,0.610737,13.579236,11,11
2001475464218_Node0_Node8_Zero,"[0, 1, 2, 3, 4, 5, 6, 7, 8]",2001.475464,2002.057879,2.93542,6,15,2343.0,"0.00821564088164027,0.060875320705829565,0.021947030309994807,0.060875320705829565,0.060875320705829565,0.06403005053775286,0.0655694142135907,0.06253536972833536",0.050615,0.796387,13.579236,11,11
2001480924310_Node0_Node8_Zero,"[0, 1, 2, 3, 4, 5, 6, 7, 8]",2001.480924,2002.058186,inf,0,13,2343.0,"0.018919904980856717,0.017322172210496523",0.018121,0.884634,inf,11,11
2001486389713_Node0_Node8_Zero,"[0, 1, 2, 3, 4, 5, 6, 7, 8]",2001.48639,2002.08785,inf,0,3,2343.0,0.009022847706985943,0.009022847706985943,0.155176,inf,11,11
2001491857352_Node0_Node8_Zero,"[0, 1, 2, 3, 4, 5, 6, 7, 8]",2001.491857,2002.097409,inf,1,12,2343.0,"0.007663753805745297,0.0860534446189876,0.02179598229150025",0.038504,1.491104,inf,11,11
2001497325137_Node0_Node8_Zero,"[0, 1, 2, 3, 4, 5, 6, 7, 8]",2001.497325,2002.09877,inf,1,13,2343.0,"0.02007173615790435,0.0860534446189876,0.02179598229150025",0.04264,0.755934,inf,11,11
2001502792950_Node0_Node8_Zero,"[0, 1, 2, 3, 4, 5, 6, 7, 8]",2001.502793,2002.103329,inf,1,11,2343.0,"0.007663753805745297,0.0860534446189876,0.019905549875789637",0.037874,0.337255,inf,11,11
2001508259671_Node0_Node8_Zero,"[0, 1, 2, 3, 4, 5, 6, 7, 8]",2001.50826,2002.107229,2.904764,6,14,2343.0,"0.009254181499051783,0.0860534446189876,0.01811866851446067,0.09033080395768579,0.060875320705829565,0.06403005053775286,0.060875320705829565,0.060875320705829565",0.056302,0.796387,13.218765,11,11
2001513728150_Node0_Node8_Zero,"[0, 1, 2, 3, 4, 5, 6, 7, 8]",2001.513728,2002.10909,inf,1,14,2343.0,"0.02007173615790435,0.0860534446189876,0.019905549875789637",0.04201,1.361776,inf,11,11
2001519191468_Node0_Node8_Zero,"[0, 1, 2, 3, 4, 5, 6, 7, 8]",2001.519191,2002.11967,inf,1,12,2343.0,"0.009327701007209492,0.0860534446189876,0.01811866851446067",0.037833,0.160419,inf,11,11
2001524653118_Node0_Node8_Zero,"[0, 1, 2, 3, 4, 5, 6, 7, 8]",2001.524653,2002.130466,2.888371,6,13,2343.0,"0.008999844980485127,0.11137978476298827,0.031105826274460475,0.09353279568472112,0.06492753512886967,0.06403005053775286,0.060875320705829565,0.060875320705829565",0.061966,0.367179,13.218765,11,11
2001530115183_Node0_Node8_Zero,"[0, 1, 2, 3, 4, 5, 6, 7, 8]",2001.530115,2002.135559,2.882909,6,13,2343.0,"0.007663753805745297,0.08437255418388223,0.031105826274460475,0.09353279568472112,0.06492753512886967,0.06403005053775286,0.060875320705829565,0.060875320705829565",0.058423,0.288629,13.218765,11,11
2001535577158_Node0_Node8_Zero,"[0, 1, 2, 3, 4, 5, 6, 7, 8]",2001.535577,2002.143062,2.877447,6,15,2343.0,"0.010442934974306598,0.0833343571504348,0.029894354888218958,0.09518959166685868,0.060875320705829565,0.06403005053775286,0.060875320705829565,0.060875320705829565",0.05819,0.395548,13.218765,11,11
2001541044402_Node0_Node8_Zero,"[0, 1, 2, 3, 4, 5, 6, 7, 8]",2001.541044,2002.152484,2.87414,6,14,2343.0,"0.008370610558325957,0.08997786118798293,0.015291241504138024,0.07412429041715532,0.03840967607115694,0.06403005053775286,0.06643538839645678,0.060875320705829565",0.052189,0.242629,13.218765,11,11
2001546507235_Node0_Node8_Zero,"[0, 1, 2, 3, 4, 5, 6, 7, 8]",2001.546507,2002.154444,2.868677,6,13,2343.0,"0.007663753805745297,0.0833343571504348,0.03334309873293639,0.06812264562893108,0.06551360865661453,0.06403005053775286,0.06643538839645678,0.060875320705829565",0.056165,0.288629,13.218765,11,11
2001551974782_Node0_Node8_Zero,"[0, 1, 2, 3, 4, 5, 6, 7, 8]",2001.551975,2002.242922,inf,0,2,2343.0,0.008691587602978766,0.008691587602978766,0.243387,inf,11,11
2001557434321_Node0_Node8_Zero,"[0, 1, 2, 3, 4, 5, 6, 7, 8]",2001.557434,2002.25064,2.85775,6,14,2343.0,"0.008772165839216015,0.0833343571504348,0.03334309873293639,0.06812264562893108,0.06551360865661453,0.06403005053775286,0.06643538839645678,0.060875320705829565",0.056303,0.245643,13.218765,11,11
2001562901791_Node0_Node8_Zero,"[0, 1, 2, 3, 4, 5, 6, 7, 8]",2001.562902,2002.355519,2.852282,6,10,2343.0,"0.011829159669167045,0.0833343571504348,0.022373108893585382,0.08954213195947623,0.06564285438449095,0.06382651896779004,0.06643538839645678,0.060875320705829565",0.057982,0.882966,13.218765,11,11
2001568368026_Node0_Node8_Zero,"[0, 1, 2, 3, 4, 5, 6, 7, 8]",2001.568368,2002.364199,2.848936,6,10,2343.0,"0.008018020405108132,0.07692175434931965,0.009149890167834471,0.06720690574182973,0.04096644688657435,0.06382651896779004,0.0820509836393145,0.07558064218741632",0.052965,0.327122,16.41195,11,11
2001573829528_Node0_Node8_Zero,"[0, 1, 2, 3, 4, 5, 6, 7, 8]",2001.57383,2002.366172,2.843474,6,11,2343.0,"0.007663753805745297,0.07399963332601266,0.00912894681462493,0.06749959117460015,0.04108463681348054,0.06382651896779004,0.0820509836393145,0.07558064218741632",0.052604,0.306258,16.41195,11,11
2001579294817_Node0_Node8_Zero,"[0, 1, 2, 3, 4, 5, 6, 7, 8]",2001.579295,2002.377956,2.838009,6,10,2343.0,"0.009754828472906108,0.07399963332601266,0.009146325868751817,0.06720690574182973,0.04096644688657435,0.06382651896779004,0.0820509836393145,0.07558064218741632",0.052817,0.367382,16.41195,11,11
2001584759976_Node0_Node8_Zero,"[0, 1, 2, 3, 4, 5, 6, 7, 8]",2001.58476,2002.379931,2.832544,6,11,2343.0,"0.00871619670227683,0.060875320705829565,0.009374898235827466,0.0675186657626526,0.04109233936343783,0.060875320705829565,0.0820509836393145,0.07558064218741632",0.050761,0.632566,16.41195,11,11
2001590220930_Node0_Node8_Zero,"[0, 1, 2, 3, 4, 5, 6, 7, 8]",2001.590221,2002.383641,2.829263,6,11,2343.0,"0.008681627529461448,0.07399963332601266,0.00966413941851283,0.08213411798316493,0.06421280967976972,0.060875320705829565,0.060875320705829565,0.06281851976948816",0.052908,0.21148,13.640721,11,11
2001595686931_Node0_Node8_Zero,"[0, 1, 2, 3, 4, 5, 6, 7, 8]",2001.595687,2002.385551,2.831357,5,19,2343.0,"0.008721196456719224,0.08444731748389359,0.009173891732637393,0.07412473038110529,0.016728111333383856,0.06368935849960741,0.060875320705829565,0.060875320705829565",0.047329,0.355811,13.218765,11,11
2001601154033_Node0_Node8_Zero,"[0, 1, 2, 3, 4, 5, 6, 7, 8]",2001.601154,2002.393365,2.81833,6,20,2343.0,"0.009254181499051783,0.07393757952076309,0.009165668711245986,0.06762275802944635,0.0554309135800776,0.060875320705829565,0.060875320705829565,0.06281851976948816",0.049998,1.087522,13.640721,11,11
2001606615387_Node0_Node8_Zero,"[0, 1, 2, 3, 4, 5, 6, 7, 8]",2001.606615,2002.396128,inf,2,27,2343.0,"0.008018020405108132,0.07409251453723419,0.009986567604709652,0.06720690574182973,0.018659229497191673,0.015291241504138024",0.032209,0.180326,inf,11,11
2001612080655_Node0_Node8_Zero,"[0, 1, 2, 3, 4, 5, 6, 7, 8]",2001.612081,2002.401794,2.807403,5,19,2343.0,"0.008681627529461448,0.07402661869334852,0.01748318360646962,0.06751573704434952,0.04108786134050387,0.060875320705829565,0.060875320705829565,0.06281851976948816",0.049171,0.382622,13.640721,11,11
2001617545742_Node0_Node8_Zero,"[0, 1, 2, 3, 4, 5, 6, 7, 8]",2001.617546,2002.403691,inf,0,4,2327.5,0.008728680014682385,0.008728680014682385,1.895388,inf,22,22
2001623012932_Node0_Node8_Zero,"[0, 1, 2, 3, 4, 5, 6, 7, 8]",2001.623013,2002.403691,inf,0,4,2327.5,0.008728680014682385,0.008728680014682385,1.895388,inf,22,22
2001628475300_Node0_Node8_Zero,"[0, 1, 2, 3, 4, 5, 6, 7, 8]",2001.628475,2002.40657,2.792949,5,18,2327.5,"0.02061034573507695,0.07402661869334852,0.009919274775101718,0.08760708238429409,0.016359935681972006,0.06649007981698087,0.06406648155918052,0.06331855323417639",0.0503,0.165222,13.7493,11,22
2001633938237_Node0_Node8_Zero,"[0, 1, 2, 3, 4, 5, 6, 7, 8]",2001.633938,2002.40657,2.785546,5,18,2327.5,"0.02061034573507695,0.07402661869334852,0.007663753805745297,0.08997477348895476,0.04108786134050387,0.06649007981698087,0.060875320705829565,0.06281851976948816",0.052943,0.127652,13.640721,11,22
2001639406570_Node0_Node8_Zero,"[0, 1, 2, 3, 4, 5, 6, 7, 8]",2001.639407,2002.41259,2.786277,5,18,2327.5,"0.017400307962226115,0.0833343571504348,0.009556752829508462,0.08574925505454753,0.015291241504138024,0.06368935849960741,0.06294277704411534,0.060875320705829565",0.049855,0.159183,13.218765,11,22
2001644875021_Node0_Node8_Zero,"[0, 1, 2, 3, 4, 5, 6, 7, 8]",2001.644875,2002.41259,2.776549,5,18,2327.5,"0.017400307962226115,0.0833343571504348,0.010965325929133954,0.09046496221325394,0.016359935681972006,0.06649007981698087,0.06406648155918052,0.06331855323417639",0.05155,0.510786,13.7493,11,22
2001650338606_Node0_Node8_Zero,"[0, 1, 2, 3, 4, 5, 6, 7, 8]",2001.650339,2002.452409,2.773265,5,18,2327.5,"0.018464570732823177,0.07402661869334852,0.007663753805745297,0.06751547807281974,0.017322172210496523,0.06649007981698087,0.060875320705829565,0.06255299472980562",0.046864,0.356992,13.583063,11,22
2001655802653_Node0_Node8_Zero,"[0, 1, 2, 3, 4, 5, 6, 7, 8]",2001.655803,2002.452409,2.767801,5,18,2327.5,"0.018464570732823177,0.07402661869334852,0.012410047707305888,0.06751547807281974,0.017322172210496523,0.060875320705829565,0.060875320705829565,0.06255299472980562",0.046755,0.782091,13.583063,11,22
2001661263423_Node0_Node8_Zero,"[0, 1, 2, 3, 4, 5, 6, 7, 8]",2001.661263,2002.455085,2.760161,5,17,2327.5,"0.04004848965369483,0.09260835081275125,0.009170517017549087,0.0833343571504348,0.017322172210496523,0.06649007981698087,0.06406648155918052,0.06331855323417639",0.054545,0.418222,13.7493,11,22
2001666732006_Node0_Node8_Zero,"[0, 1, 2, 3, 4, 5, 6, 7, 8]",2001.666732,2002.455085,2.754692,5,20,2327.5,"0.04004848965369483,0.09260835081275125,0.009170517017549087,0.09659831664019496,0.017322172210496523,0.06649007981698087,0.06406648155918052,0.06331855323417639",0.056203,0.42718,13.7493,11,22
2001672201452_Node0_Node8_Zero,"[0, 1, 2, 3, 4, 5, 6, 7, 8]",2001.672201,2002.461885,2.751403,5,17,2327.5,"0.018464570732823177,0.07194350668573599,0.014019793512925385,0.07803935488746092,0.01686235027225392,0.06649007981698087,0.060875320705829565,0.06255299472980562",0.048656,0.657178,13.583063,11,22
2001677661036_Node0_Node8_Zero,"[0, 1, 2, 3, 4, 5, 6, 7, 8]",2001.677661,2002.461885,2.745943,5,17,2327.5,"0.018464570732823177,0.07194350668573599,0.009919274775101718,0.06720690574182973,0.01686235027225392,0.06649007981698087,0.060875320705829565,0.06255299472980562",0.046789,0.452369,13.583063,11,22
2001683127322_Node0_Node8_Zero,"[0, 1, 2, 3, 4, 5, 6, 7, 8]",2001.683127,2002.467326,inf,1,10,2327.5,"0.021516361737805877,0.06492753512886967,0.009151571570636076",0.031865,1.987217,inf,22,22
2001688593713_Node0_Node8_Zero,"[0, 1, 2, 3, 4, 5, 6, 7, 8]",2001.688594,2002.467326,inf,1,10,2327.5,"0.021516361737805877,0.06492753512886967,0.009151571570636076",0.031865,0.426298,inf,22,22
2001694059790_Node0_Node8_Zero,"[0, 1, 2, 3, 4, 5, 6, 7, 8]",2001.69406,2002.469284,2.731624,5,19,2327.5,"0.015291241504138024,0.06518139922270964,0.04004848965369483,0.07915633169191348,0.017840713764339072,0.060875320705829565,0.06294277704411534,0.060875320705829565",0.050276,0.875114,13.218765,22,22
2001699521311_Node0_Node8_Zero,"[0, 1, 2, 3, 4, 5, 6, 7, 8]",2001.699521,2002.469284,2.726163,5,21,2327.5,"0.015291241504138024,0.06518139922270964,0.04004848965369483,0.07936316646706049,0.025202767984109132,0.060875320705829565,0.06294277704411534,0.060875320705829565",0.051223,0.69971,13.218765,22,22
2001704985189_Node0_Node8_Zero,"[0, 1, 2, 3, 4, 5, 6, 7, 8]",2001.704985,2002.473821,2.722059,5,15,2327.5,"0.01917142748540384,0.07350852870592,0.015291241504138024,0.07915633169191348,0.017840713764339072,0.06368935849960741,0.060875320705829565,0.060875320705829565",0.048801,0.890643,13.218765,22,22
2001710448100_Node0_Node8_Zero,"[0, 1, 2, 3, 4, 5, 6, 7, 8]",2001.710448,2002.473821,2.715236,5,15,2327.5,"0.01917142748540384,0.07350852870592,0.015291241504138024,0.07915633169191348,0.015291241504138024,0.060875320705829565,0.06294277704411534,0.060875320705829565",0.048389,0.890643,13.218765,22,22
2001715910519_Node0_Node8_Zero,"[0, 1, 2, 3, 4, 5, 6, 7, 8]",2001.715911,2002.47712,inf,1,11,2327.5,"0.015291241504138024,0.06492753512886967,0.009146325868751817",0.029788,1.667431,inf,22,22
2001721374912_Node0_Node8_Zero,"[0, 1, 2, 3, 4, 5, 6, 7, 8]",2001.721375,2002.47712,inf,1,11,2327.5,"0.015291241504138024,0.06492753512886967,0.009146325868751817",0.029788,0.407483,inf,22,22
2001726843714_Node0_Node8_Zero,"[0, 1, 2, 3, 4, 5, 6, 7, 8]",2001.726844,2002.479104,inf,1,11,2327.5,"0.018886041531657766,0.06518139922270964,0.009148029164467525",0.031072,1.010268,inf,22,22
2001732309249_Node0_Node8_Zero,"[0, 1, 2, 3, 4, 5, 6, 7, 8]",2001.732309,2002.479104,inf,1,11,2327.5,"0.018886041531657766,0.06518139922270964,0.009148029164467525",0.031072,0.407558,inf,22,22
2001737769796_Node0_Node8_Zero,"[0, 1, 2, 3, 4, 5, 6, 7, 8]",2001.73777,2002.481005,inf,1,10,2327.5,"0.015291241504138024,0.06518139922270964,0.007663753805745297",0.029379,0.470711,inf,22,22
2001743231662_Node0_Node8_Zero,"[0, 1, 2, 3, 4, 5, 6, 7, 8]",2001.743232,2002.481005,inf,1,10,2327.5,"0.015291241504138024,0.06518139922270964,0.007663753805745297",0.029379,0.586538,inf,22,22
2001748691193_Node0_Node8_Zero,"[0, 1, 2, 3, 4, 5, 6, 7, 8]",2001.748691,2002.488756,inf,1,11,2327.5,"0.018464570732823177,0.060875320705829565,0.015291241504138024",0.031544,0.83594,inf,22,22
2001754160616_Node0_Node8_Zero,"[0, 1, 2, 3, 4, 5, 6, 7, 8]",2001.754161,2002.488756,inf,1,11,2327.5,"0.018464570732823177,0.060875320705829565,0.015291241504138024",0.031544,0.83594,inf,22,22
2001759623698_Node0_Node8_Zero,"[0, 1, 2, 3, 4, 5, 6, 7, 8]",2001.759624,2002.492043,inf,1,12,2327.5,"0.015291241504138024,0.08764043566731489,0.015291241504138024",0.039408,1.128697,inf,22,22
2001765090054_Node0_Node8_Zero,"[0, 1, 2, 3, 4, 5, 6, 7, 8]",2001.76509,2002.492043,inf,3,19,2327.5,"0.015291241504138024,0.08764043566731489,0.04731928882512205,0.09024992801774914,0.007663753805745297,0.021652952277363968",0.04497,0.82257,inf,11,22
2001770556945_Node0_Node8_Zero,"[0, 1, 2, 3, 4, 5, 6, 7, 8]",2001.770557,2002.501229,inf,3,11,2327.5,"0.015291241504138024,0.06492753512886967,0.04731928882512205,0.09024992801774914,0.008241653287545921",0.045206,0.522197,inf,11,22
2001776023700_Node0_Node8_Zero,"[0, 1, 2, 3, 4, 5, 6, 7, 8]",2001.776024,2002.501229,inf,3,8,2327.5,"0.015291241504138024,0.06492753512886967,0.04731928882512205,0.09024992801774914,0.007663753805745297",0.04509,1.246334,inf,11,22
2001781491904_Node0_Node8_Zero,"[0, 1, 2, 3, 4, 5, 6, 7, 8]",2001.781492,2002.508595,inf,3,9,2327.5,"0.019321843342637143,0.06492753512886967,0.03840967607115694,0.060875320705829565,0.009096007637911735",0.038526,0.57633,inf,11,22
2001786957193_Node0_Node8_Zero,"[0, 1, 2, 3, 4, 5, 6, 7, 8]",2001.786957,2002.508595,inf,3,12,2327.5,"0.019321843342637143,0.06492753512886967,0.03840967607115694,0.060875320705829565,0.008942475467976115",0.038495,0.566602,inf,11,22
2001792418305_Node0_Node8_Zero,"[0, 1, 2, 3, 4, 5, 6, 7, 8]",2001.792418,2002.512392,inf,3,8,2327.5,"0.015998098256718687,0.060875320705829565,0.03840967607115694,0.060875320705829565,0.007663753805745297",0.036764,0.485581,inf,11,22
2001797880257_Node0_Node8_Zero,"[0, 1, 2, 3, 4, 5, 6, 7, 8]",2001.79788,2002.512392,inf,3,5,2327.5,"0.015998098256718687,0.060875320705829565,0.042404630470246646,0.060875320705829565",0.045038,3.473905,inf,22,22
2001803347262_Node0_Node8_Zero,"[0, 1, 2, 3, 4, 5, 6, 7, 8]",2001.803347,2002.518771,inf,3,4,2327.5,"0.017416054521061326,0.08631729001028335,0.042404630470246646,0.060875320705829565",0.051753,3.781807,inf,22,22
2001808806932_Node0_Node8_Zero,"[0, 1, 2, 3, 4, 5, 6, 7, 8]",2001.808807,2002.518771,inf,3,4,2327.5,"0.017416054521061326,0.08631729001028335,0.042404630470246646,0.060875320705829565,0.007663753805745297",0.042935,0.485581,inf,11,22
2001814269916_Node0_Node8_Zero,"[0, 1, 2, 3, 4, 5, 6, 7, 8]",2001.81427,2002.530293,inf,3,4,2327.5,"0.015998098256718687,0.07393757952076309,0.03840967607115694,0.060875320705829565,0.007663753805745297",0.039377,0.485581,inf,11,22
2001819731270_Node0_Node8_Zero,"[0, 1, 2, 3, 4, 5, 6, 7, 8]",2001.819731,2002.530293,inf,3,4,2327.5,"0.015998098256718687,0.07393757952076309,0.03840967607115694,0.060875320705829565,0.007663753805745297",0.039377,0.485581,inf,11,22
2001825198677_Node0_Node8_Zero,"[0, 1, 2, 3, 4, 5, 6, 7, 8]",2001.825199,2002.532224,inf,3,5,2327.5,"0.015291241504138024,0.0833343571504348,0.03840967607115694,0.060875320705829565,0.007663753805745297",0.041115,0.485581,inf,11,22
2001830664362_Node0_Node8_Zero,"[0, 1, 2, 3, 4, 5, 6, 7, 8]",2001.830664,2002.532224,inf,3,5,2327.5,"0.015291241504138024,0.0833343571504348,0.04764662592574332,0.07412472987189789,0.007663753805745297",0.045612,1.664145,inf,11,22
2001836126982_Node0_Node8_Zero,"[0, 1, 2, 3, 4, 5, 6, 7, 8]",2001.836127,2002.540739,inf,3,5,2327.5,"0.018848761735878555,0.060875320705829565,0.04764662592574332,0.07412472987189789,0.01102892546543296",0.042505,0.751459,inf,11,22
2001841590314_Node0_Node8_Zero,"[0, 1, 2, 3, 4, 5, 6, 7, 8]",2001.84159,2002.540739,inf,3,6,2327.5,"0.018848761735878555,0.060875320705829565,0.04764662592574332,0.07412472987189789,0.008199016612379314",0.041939,0.519496,inf,11,22
2001847052410_Node0_Node8_Zero,"[0, 1, 2, 3, 4, 5, 6, 7, 8]",2001.847052,2002.542624,inf,3,5,2327.5,"0.01980420581133762,0.060875320705829565,0.03840967607115694,0.060875320705829565,0.007663753805745297",0.037526,0.485581,inf,11,22
2001852519234_Node0_Node8_Zero,"[0, 1, 2, 3, 4, 5, 6, 7, 8]",2001.852519,2002.542624,inf,4,6,2327.5,"0.01980420581133762,0.060875320705829565,0.03840967607115694,0.060875320705829565,0.00820618856199466,0.03840967607115694,0.06593942205950389",0.041789,0.116326,inf,11,22
2001857986841_Node0_Node8_Zero,"[0, 1, 2, 3, 4, 5, 6, 7, 8]",2001.857987,2002.546487,inf,3,5,2327.5,"0.018067905425458667,0.060875320705829565,0.03840967607115694,0.060875320705829565,0.007663753805745297,0.015291241504138024",0.033531,0.909317,inf,11,22
2001863451484_Node0_Node8_Zero,"[0, 1, 2, 3, 4, 5, 6, 7, 8]",2001.863451,2002.546487,inf,3,8,2327.5,"0.018067905425458667,0.060875320705829565,0.03840967607115694,0.060875320705829565,0.008728680014682385,0.01677042071955623",0.033955,1.895388,inf,11,22
2001868916119_Node0_Node8_Zero,"[0, 1, 2, 3, 4, 5, 6, 7, 8]",2001.868916,2002.548384,inf,3,7,2327.5,"0.02360234186498009,0.07409251453723419,0.03840967607115694,0.060875320705829565,0.007663753805745297,0.01677042071955623",0.036902,0.485581,inf,11,22
2001874383833_Node0_Node8_Zero,"[0, 1, 2, 3, 4, 5, 6, 7, 8]",2001.874384,2002.548384,inf,4,8,2327.5,"0.02360234186498009,0.07409251453723419,0.03840967607115694,0.060875320705829565,0.007663753805745297,0.015291241504138024,0.07724399222716818",0.042454,1.664145,inf,11,22
2001879845415_Node0_Node8_Zero,"[0, 1, 2, 3, 4, 5, 6, 7, 8]",2001.879845,2002.554912,inf,3,6,2327.5,"0.018067905425458667,0.060875320705829565,0.04262612001784079,0.060875320705829565,0.02007173615790435,0.016144789366976192",0.036444,0.840959,inf,11,22
2001885306579_Node0_Node8_Zero,"[0, 1, 2, 3, 4, 5, 6, 7, 8]",2001.885307,2002.554912,inf,3,5,2327.5,"0.018067905425458667,0.060875320705829565,0.04262612001784079,0.060875320705829565,0.007663753805745297",0.038022,0.093633,inf,11,22
2001890767903_Node0_Node8_Zero,"[0, 1, 2, 3, 4, 5, 6, 7, 8]",2001.890768,2002.558299,inf,3,5,2327.5,"0.019417152788447325,0.060875320705829565,0.04262612001784079,0.060875320705829565,0.007663753805745297",0.038292,0.485581,inf,11,22
2001896230213_Node0_Node8_Zero,"[0, 1, 2, 3, 4, 5, 6, 7, 8]",2001.89623,2002.558299,inf,3,6,2327.5,"0.019417152788447325,0.060875320705829565,0.03840967607115694,0.060875320705829565,0.008941513216678049",0.037704,1.941604,inf,11,22
2001901699634_Node0_Node8_Zero,"[0, 1, 2, 3, 4, 5, 6, 7, 8]",2001.9017,2002.560184,inf,4,8,2327.5,"0.015291241504138024,0.08437255418388223,0.03840967607115694,0.060875320705829565,0.02007173615790435,0.016790859203562696,0.07213147188094098",0.043992,0.310563,inf,11,22
2001907160917_Node0_Node8_Zero,"[0, 1, 2, 3, 4, 5, 6, 7, 8]",2001.907161,2002.560184,inf,3,5,2327.5,"0.015291241504138024,0.08437255418388223,0.03840967607115694,0.060875320705829565,0.007663753805745297",0.041323,0.485581,inf,11,22
2001912626667_Node0_Node8_Zero,"[0, 1, 2, 3, 4, 5, 6, 7, 8]",2001.912627,2002.562085,inf,3,6,2327.5,"0.01921571081551299,0.08437255418388223,0.03840967607115694,0.060875320705829565,0.008460853654311672",0.042267,0.662917,inf,11,22
2001918089697_Node0_Node8_Zero,"[0, 1, 2, 3, 4, 5, 6, 7, 8]",2001.91809,2002.562085,inf,3,6,2327.5,"0.01921571081551299,0.08437255418388223,0.03840967607115694,0.060875320705829565,0.016084782609290672",0.043792,0.909317,inf,11,22
2001923551452_Node0_Node8_Zero,"[0, 1, 2, 3, 4, 5, 6, 7, 8]",2001.923551,2002.569511,inf,3,5,2327.5,"0.016259139446592994,0.08437255418388223,0.03840967607115694,0.060875320705829565,0.007663753805745297",0.041516,0.485581,inf,11,22
2001929018239_Node0_Node8_Zero,"[0, 1, 2, 3, 4, 5, 6, 7, 8]",2001.929018,2002.569511,inf,3,5,2327.5,"0.016259139446592994,0.08437255418388223,0.03840967607115694,0.060875320705829565,0.007663753805745297",0.041516,0.485581,inf,11,22
2001934481665_Node0_Node8_Zero,"[0, 1, 2, 3, 4, 5, 6, 7, 8]",2001.934482,2002.580801,inf,3,4,2327.5,"0.016042381586827838,0.06642401213181878,0.03840967607115694,0.060875320705829565,0.007663753805745297",0.037883,1.349856,inf,11,22
2001939945639_Node0_Node8_Zero,"[0, 1, 2, 3, 4, 5, 6, 7, 8]",2001.939946,2002.580801,inf,3,5,2327.5,"0.016042381586827838,0.06642401213181878,0.03840967607115694,0.060875320705829565,0.02007173615790435,0.015291241504138024",0.036186,0.693386,inf,11,22
2001945413865_Node0_Node8_Zero,"[0, 1, 2, 3, 4, 5, 6, 7, 8]",2001.945414,2002.592655,inf,3,10,2327.5,"0.016037092330819975,0.09596756515052522,0.03840967607115694,0.060875320705829565,0.00827976580057488,0.015291241504138024",0.039143,0.524612,inf,11,22
2001950873893_Node0_Node8_Zero,"[0, 1, 2, 3, 4, 5, 6, 7, 8]",2001.950874,2002.592655,inf,3,9,2327.5,"0.016037092330819975,0.09596756515052522,0.03840967607115694,0.060875320705829565,0.007663753805745297",0.043791,3.482373,inf,11,22
2001956342996_Node0_Node8_Zero,"[0, 1, 2, 3, 4, 5, 6, 7, 8]",2001.956343,2002.596105,inf,3,7,2327.5,"0.020775355860105062,0.0833343571504348,0.03840967607115694,0.060875320705829565,0.02007173615790435",0.044693,0.940555,inf,11,22
2001961808378_Node0_Node8_Zero,"[0, 1, 2, 3, 4, 5, 6, 7, 8]",2001.961808,2002.596105,inf,3,8,2327.5,"0.020775355860105062,0.0833343571504348,0.10059677066255387,0.060875320705829565,0.007663753805745297",0.054649,0.967011,inf,11,22
2001967268354_Node0_Node8_Zero,"[0, 1, 2, 3, 4, 5, 6, 7, 8]",2001.967268,2002.598224,inf,3,9,2327.5,"0.016054703433805096,0.06515107737969979,0.10059677066255387,0.060875320705829565,0.02007173615790435,0.01677040261205799",0.046587,1.539626,inf,11,22
2001972736264_Node0_Node8_Zero,"[0, 1, 2, 3, 4, 5, 6, 7, 8]",2001.972736,2002.598224,inf,4,14,2327.5,"0.016054703433805096,0.06515107737969979,0.10059677066255387,0.060875320705829565,0.007663753805745297,0.015291241504138024,0.060875320705829565,0.02007173615790435",0.043322,0.485581,inf,11,22
2001978198877_Node0_Node8_Zero,"[0, 1, 2, 3, 4, 5, 6, 7, 8]",2001.978199,2002.602741,inf,3,9,2327.5,"0.016054703433805096,0.060875320705829565,0.042404630470246646,0.060875320705829565,0.007663753805745297",0.037575,0.631111,inf,11,22
2001983665192_Node0_Node8_Zero,"[0, 1, 2, 3, 4, 5, 6, 7, 8]",2001.983665,2002.602741,inf,3,9,2327.5,"0.016054703433805096,0.060875320705829565,0.042404630470246646,0.060875320705829565,0.007663753805745297",0.037575,0.558331,inf,11,22
2001989133982_Node0_Node8_Zero,"[0, 1, 2, 3, 4, 5, 6, 7, 8]",2001.989134,2002.604704,2.999206,5,11,2327.5,"0.016559496608199872,0.06506515701399274,0.042404630470246646,0.08190440199432829,0.016014323647869234,0.015291241504138024,0.0652017113545883,0.07410591951427495",0.047068,0.86372,16.091722,11,22
2001994603158_Node0_Node8_Zero,"[0, 1, 2, 3, 4, 5, 6, 7, 8]",2001.994603,2002.604704,inf,3,6,2327.5,"0.016559496608199872,0.06506515701399274,0.03840967607115694,0.060875320705829565,0.007663753805745297",0.037715,3.59581,inf,11,22
2002000069472_Node0_Node8_Zero,"[0, 1, 2, 3, 4, 5, 6, 7, 8]",2002.000069,2002.609165,inf,3,7,2327.5,"0.02360234186498009,0.0652520369662941,0.03840967607115694,0.060875320705829565,0.007663753805745297",0.039161,1.664145,inf,11,22
2002005537383_Node0_Node8_Zero,"[0, 1, 2, 3, 4, 5, 6, 7, 8]",2002.005537,2002.609165,2.982803,5,15,2327.5,"0.02360234186498009,0.0652520369662941,0.03840967607115694,0.060875320705829565,0.016014323647869234,0.015291241504138024,0.0652017113545883,0.07410591951427495",0.044844,0.599709,16.091722,11,22
2002010998657_Node0_Node8_Zero,"[0, 1, 2, 3, 4, 5, 6, 7, 8]",2002.010999,2002.622706,inf,3,6,2327.5,"0.019375510355210936,0.09105648147690795,0.03840967607115694,0.060875320705829565,0.007663753805745297,0.015291241504138024",0.038779,1.664145,inf,11,22
2002016459220_Node0_Node8_Zero,"[0, 1, 2, 3, 4, 5, 6, 7, 8]",2002.016459,2002.622706,inf,3,6,2327.5,"0.019375510355210936,0.09105648147690795,0.03840967607115694,0.060875320705829565,0.008173897708827777",0.043578,4.207293,inf,11,22
2002021918851_Node0_Node8_Zero,"[0, 1, 2, 3, 4, 5, 6, 7, 8]",2002.021919,2002.626065,inf,3,6,2327.5,"0.01620218112652578,0.08956147774874362,0.03840967607115694,0.060875320705829565,0.007663753805745297,0.015291241504138024",0.038001,0.745427,inf,11,22
2002027385013_Node0_Node8_Zero,"[0, 1, 2, 3, 4, 5, 6, 7, 8]",2002.027385,2002.626065,inf,4,7,2327.5,"0.01620218112652578,0.08956147774874362,0.03840967607115694,0.060875320705829565,0.010329613558335218,0.017190081039239902,0.060875320705829565",0.041921,0.745427,inf,11,22
2002032854369_Node0_Node8_Zero,"[0, 1, 2, 3, 4, 5, 6, 7, 8]",2002.032854,2002.631619,2.996154,5,7,2327.5,"0.015998098256718687,0.06609748582327626,0.03840967607115694,0.060875320705829565,0.007663753805745297,0.017190081039239902,0.060875320705829565,0.060875320705829565",0.040998,1.664145,13.218765,11,22
2002038320029_Node0_Node8_Zero,"[0, 1, 2, 3, 4, 5, 6, 7, 8]",2002.03832,2002.631619,2.998595,5,9,2327.5,"0.015998098256718687,0.06609748582327626,0.03840967607115694,0.060875320705829565,0.007663753805745297,0.015291241504138024,0.07213147188094098,0.06720690574182973",0.042959,1.664145,14.593636,11,22
2002043787019_Node0_Node8_Zero,"[0, 1, 2, 3, 4, 5, 6, 7, 8]",2002.043787,2002.633504,2.988662,5,9,2327.5,"0.015998098256718687,0.06656731322651567,0.03840967607115694,0.060875320705829565,0.007663753805745297,0.021652952277363968,0.07213147188094098,0.060875320705829565",0.043022,0.624645,13.218765,11,22
2002049254183_Node0_Node8_Zero,"[0, 1, 2, 3, 4, 5, 6, 7, 8]",2002.049254,2002.633504,inf,3,6,2327.5,"0.015998098256718687,0.06656731322651567,0.03840967607115694,0.060875320705829565,0.008866458384715295",0.038143,1.925306,inf,11,22
2002054714606_Node0_Node8_Zero,"[0, 1, 2, 3, 4, 5, 6, 7, 8]",2002.054715,2002.637452,inf,3,7,2327.5,"0.016559496608199872,0.06656731322651567,0.03840967607115694,0.060875320705829565,0.007663753805745297",0.038015,0.596804,inf,11,22
2002060178344_Node0_Node8_Zero,"[0, 1, 2, 3, 4, 5, 6, 7, 8]",2002.060178,2002.637452,inf,3,10,2327.5,"0.016559496608199872,0.06656731322651567,0.04638068010689509,0.0833343571504348,0.008266532317337982,0.016032551526510824",0.039523,0.596804,inf,11,22
2002065645080_Node0_Node8_Zero,"[0, 1, 2, 3, 4, 5, 6, 7, 8]",2002.065645,2002.645261,2.999857,4,9,2327.5,"0.018771872132535984,0.06656731322651567,0.04638068010689509,0.0833343571504348,0.008198762896097401,0.022153320980256474,0.06368935849960741,0.060875320705829565",0.046246,0.748403,13.218765,11,22
2002071106478_Node0_Node8_Zero,"[0, 1, 2, 3, 4, 5, 6, 7, 8]",2002.071106,2002.645261,3.000353,5,9,2327.5,"0.018771872132535984,0.06656731322651567,0.04638068010689509,0.0833343571504348,0.009234862573861191,0.02253970175213717,0.06572423708116884,0.06424262374425962",0.047099,0.34422,13.949958,11,22
2002076568404_Node0_Node8_Zero,"[0, 1, 2, 3, 4, 5, 6, 7, 8]",2002.076568,2002.648639,inf,3,6,2327.5,"0.01919543385541452,0.06689181506394011,0.03840967607115694,0.060875320705829565,0.008731240237962127",0.038821,0.505831,inf,11,22
2002082028345_Node0_Node8_Zero,"[0, 1, 2, 3, 4, 5, 6, 7, 8]",2002.082028,2002.648639,inf,3,6,2327.5,"0.01919543385541452,0.06689181506394011,0.03840967607115694,0.060875320705829565,0.007663753805745297",0.038607,0.505831,inf,11,22
2002087493768_Node0_Node8_Zero,"[0, 1, 2, 3, 4, 5, 6, 7, 8]",2002.087494,2002.650685,inf,3,4,2327.5,"0.016340741658846837,0.06492753512886967,0.03840967607115694,0.060875320705829565,0.007663753805745297",0.037643,1.664145,inf,11,22
2002092962393_Node0_Node8_Zero,"[0, 1, 2, 3, 4, 5, 6, 7, 8]",2002.092962,2002.650685,inf,3,4,2327.5,"0.016340741658846837,0.06492753512886967,0.03840967607115694,0.060875320705829565,0.008198762896048085",0.03775,1.780319,inf,11,22
2002098426519_Node0_Node8_Zero,"[0, 1, 2, 3, 4, 5, 6, 7, 8]",2002.098427,2002.655105,inf,3,6,2327.5,"0.02433320498757144,0.060875320705829565,0.03840967607115694,0.060875320705829565,0.007663753805745297",0.038431,1.664145,inf,11,22
2002103894612_Node0_Node8_Zero,"[0, 1, 2, 3, 4, 5, 6, 7, 8]",2002.103895,2002.655105,inf,3,7,2327.5,"0.02433320498757144,0.060875320705829565,0.03840967607115694,0.060875320705829565,0.02007173615790435,0.015291241504138024",0.036643,3.320415,inf,11,22
2002109359891_Node0_Node8_Zero,"[0, 1, 2, 3, 4, 5, 6, 7, 8]",2002.10936,2002.658583,inf,3,6,2327.5,"0.016037092330819975,0.08864831085775245,0.03840967607115694,0.060875320705829565,0.007663753805745297,0.015291241504138024",0.037821,0.594585,inf,11,22
2002114827343_Node0_Node8_Zero,"[0, 1, 2, 3, 4, 5, 6, 7, 8]",2002.114827,2002.658583,inf,4,8,2327.5,"0.016037092330819975,0.08864831085775245,0.03840967607115694,0.060875320705829565,0.008460853654311672,0.01688166919744451,0.060875320705829565",0.041455,0.594585,inf,11,22
2002120294684_Node0_Node8_Zero,"[0, 1, 2, 3, 4, 5, 6, 7, 8]",2002.120295,2002.663887,inf,3,7,2327.5,"0.018611261843080686,0.060875320705829565,0.03840967607115694,0.060875320705829565,0.007663753805745297",0.037287,0.117039,inf,11,22
2002125757835_Node0_Node8_Zero,"[0, 1, 2, 3, 4, 5, 6, 7, 8]",2002.125758,2002.663887,2.99645,5,8,2327.5,"0.018611261843080686,0.060875320705829565,0.03840967607115694,0.060875320705829565,0.007663753805745297,0.017082158320139477,0.060875320705829565,0.060875320705829565",0.040659,1.664145,13.218765,11,22
2002131218640_Node0_Node8_Zero,"[0, 1, 2, 3, 4, 5, 6, 7, 8]",2002.131219,2002.665885,inf,3,6,2327.5,"0.020836452311975368,0.06492753512886967,0.03840967607115694,0.060875320705829565,0.007663753805745297",0.038543,0.524292,inf,11,22
2002136681091_Node0_Node8_Zero,"[0, 1, 2, 3, 4, 5, 6, 7, 8]",2002.136681,2002.665885,2.99449,5,9,2327.5,"0.020836452311975368,0.06492753512886967,0.03840967607115694,0.060875320705829565,0.007663753805745297,0.017033171937258566,0.07213147188094098,0.060875320705829565",0.042844,0.524292,13.218765,11,22
2002142142724_Node0_Node8_Zero,"[0, 1, 2, 3, 4, 5, 6, 7, 8]",2002.142143,2002.672906,2.991656,5,10,2327.5,"0.016037092330819975,0.06492753512886967,0.03840967607115694,0.060875320705829565,0.007663753805745297,0.01604042213156954,0.060875320705829565,0.062458216964829616",0.040911,1.664145,13.562483,11,22
2002147608823_Node0_Node8_Zero,"[0, 1, 2, 3, 4, 5, 6, 7, 8]",2002.147609,2002.672906,inf,3,7,2327.5,"0.016037092330819975,0.06492753512886967,0.03840967607115694,0.060875320705829565,0.007663753805745297",0.037583,0.110218,inf,11,22
2002153077026_Node0_Node8_Zero,"[0, 1, 2, 3, 4, 5, 6, 7, 8]",2002.153077,2002.674864,2.990704,5,11,2327.5,"0.015998098256718687,0.0860534446189876,0.03840967607115694,0.060875320705829565,0.007663753805745297,0.021652952277363968,0.06492753512886967,0.06368935849960741",0.044909,1.664145,13.829819,11,22
2002158543051_Node0_Node8_Zero,"[0, 1, 2, 3, 4, 5, 6, 7, 8]",2002.158543,2002.674864,inf,3,9,2327.5,"0.015998098256718687,0.0860534446189876,0.03840967607115694,0.060875320705829565,0.007663753805745297,0.01677035355129142",0.037628,1.664145,inf,11,22
2002164011778_Node0_Node8_Zero,"[0, 1, 2, 3, 4, 5, 6, 7, 8]",2002.164012,2002.68347,inf,3,5,2327.5,"0.018848761735878555,0.0860534446189876,0.03840967607115694,0.060875320705829565,0.008731240237863732",0.042584,0.81468,inf,11,22
2002169472295_Node0_Node8_Zero,"[0, 1, 2, 3, 4, 5, 6, 7, 8]",2002.169472,2002.68347,inf,3,5,2327.5,"0.018848761735878555,0.0860534446189876,0.03840967607115694,0.060875320705829565,0.008728680014682385",0.042583,0.81468,inf,11,22
2002174931790_Node0_Node8_Zero,"[0, 1, 2, 3, 4, 5, 6, 7, 8]",2002.174932,2002.692961,inf,3,5,2327.5,"0.018464570732823177,0.07436459999860613,0.03840967607115694,0.060875320705829565,0.007663753805745297",0.039956,1.664145,inf,11,22
2002180396045_Node0_Node8_Zero,"[0, 1, 2, 3, 4, 5, 6, 7, 8]",2002.180396,2002.692961,inf,3,6,2327.5,"0.018464570732823177,0.07436459999860613,0.03840967607115694,0.060875320705829565,0.008728680014682385,0.021652952277363968",0.037083,0.83594,inf,11,22
2002185859599_Node0_Node8_Zero,"[0, 1, 2, 3, 4, 5, 6, 7, 8]",2002.18586,2002.69628,inf,4,7,2327.5,"0.01891634069055011,0.060875320705829565,0.03840967607115694,0.060875320705829565,0.007663753805745297,0.016770402668905792,0.07213147188094098",0.039377,1.664145,inf,11,22
2002191326736_Node0_Node8_Zero,"[0, 1, 2, 3, 4, 5, 6, 7, 8]",2002.191327,2002.69628,inf,3,5,2327.5,"0.01891634069055011,0.060875320705829565,0.03840967607115694,0.060875320705829565,0.007663753805745297",0.037348,1.664145,inf,11,22
2002196787818_Node0_Node8_Zero,"[0, 1, 2, 3, 4, 5, 6, 7, 8]",2002.196788,2002.698304,2.998671,5,8,2327.5,"0.016340741658846837,0.0833343571504348,0.03840967607115694,0.060875320705829565,0.007663753805745297,0.015291241504138024,0.06337182785895841,0.06720690574182973",0.044062,1.664145,14.593636,11,22
2002202250194_Node0_Node8_Zero,"[0, 1, 2, 3, 4, 5, 6, 7, 8]",2002.20225,2002.698304,inf,3,7,2327.5,"0.016340741658846837,0.0833343571504348,0.03840967607115694,0.060875320705829565,0.007663753805745297,0.015998098256718687",0.037104,0.846351,inf,11,22
2002207718858_Node0_Node8_Zero,"[0, 1, 2, 3, 4, 5, 6, 7, 8]",2002.207719,2002.702947,inf,3,8,2327.5,"0.015291241504138024,0.060875320705829565,0.03840967607115694,0.060875320705829565,0.010329613558335218",0.037156,1.164167,inf,11,22
2002213182856_Node0_Node8_Zero,"[0, 1, 2, 3, 4, 5, 6, 7, 8]",2002.213183,2002.702947,inf,3,9,2327.5,"0.015291241504138024,0.060875320705829565,0.03840967607115694,0.060875320705829565,0.00827976580057488,0.007663753805745297",0.031899,0.933146,inf,11,22
2002218649158_Node0_Node8_Zero,"[0, 1, 2, 3, 4, 5, 6, 7, 8]",2002.218649,2002.706319,inf,3,8,2327.5,"0.01625888245273203,0.06515520690427758,0.03840967607115694,0.060875320705829565,0.007663753805745297",0.037673,0.870322,inf,11,22
2002224112060_Node0_Node8_Zero,"[0, 1, 2, 3, 4, 5, 6, 7, 8]",2002.224112,2002.706319,inf,3,10,2327.5,"0.01625888245273203,0.06515520690427758,0.10059677066255387,0.060875320705829565,0.010329613558335218,0.008404176935270074",0.043603,1.043571,inf,11,22
2002229573584_Node0_Node8_Zero,"[0, 1, 2, 3, 4, 5, 6, 7, 8]",2002.229574,2002.728178,inf,3,8,2327.5,"0.01603781267333595,0.06663277375630708,0.10059677066255387,0.060875320705829565,0.008173897708827777",0.050463,3.482529,inf,11,22
2002235039567_Node0_Node8_Zero,"[0, 1, 2, 3, 4, 5, 6, 7, 8]",2002.23504,2002.728178,2.997464,5,11,2327.5,"0.01603781267333595,0.06663277375630708,0.10059677066255387,0.060875320705829565,0.007663753805745297,0.009623960855020536,0.06294277704411534,0.07729769945501314",0.050209,0.834704,16.784801,11,22
2002240509019_Node0_Node8_Zero,"[0, 1, 2, 3, 4, 5, 6, 7, 8]",2002.240509,2002.733627,inf,3,6,2327.5,"0.01603655979822716,0.06515219930514116,0.03840967607115694,0.060875320705829565,0.008902627339339438",0.037875,0.746411,inf,11,22
2002245973043_Node0_Node8_Zero,"[0, 1, 2, 3, 4, 5, 6, 7, 8]",2002.245973,2002.733627,inf,3,6,2327.5,"0.01603655979822716,0.06515219930514116,0.03840967607115694,0.060875320705829565,0.007663753805745297,0.008524082648519006",0.032777,0.746411,inf,11,22
2002251439656_Node0_Node8_Zero,"[0, 1, 2, 3, 4, 5, 6, 7, 8]",2002.25144,2002.741298,inf,3,7,2327.5,"0.016297345721828213,0.06664303814945749,0.03840967607115694,0.060875320705829565,0.007663753805745297,0.007663753805745297",0.032925,0.60409,inf,11,22
2002256904671_Node0_Node8_Zero,"[0, 1, 2, 3, 4, 5, 6, 7, 8]",2002.256905,2002.741298,inf,3,6,2327.5,"0.016297345721828213,0.06664303814945749,0.03840967607115694,0.060875320705829565,0.016629507736679094",0.039771,0.60409,inf,11,22
2002262372202_Node0_Node8_Zero,"[0, 1, 2, 3, 4, 5, 6, 7, 8]",2002.262372,2002.74462,inf,4,9,2327.5,"0.01603728803630131,0.0651510738463648,0.03840967607115694,0.060875320705829565,0.007663753805745297,0.008524082648519006,0.06332506005834607",0.037141,0.693161,inf,11,22
2002267840280_Node0_Node8_Zero,"[0, 1, 2, 3, 4, 5, 6, 7, 8]",2002.26784,2002.74462,inf,3,7,2327.5,"0.01603728803630131,0.0651510738463648,0.03840967607115694,0.060875320705829565,0.008268225867227245",0.037748,0.152443,inf,11,22
2002273301153_Node0_Node8_Zero,"[0, 1, 2, 3, 4, 5, 6, 7, 8]",2002.273301,2002.746564,inf,3,6,2327.5,"0.016037091714475076,0.06514802720820889,0.03840967607115694,0.09694680752650267,0.010486451956701642,0.007663753805745297",0.039115,0.808972,inf,11,22
2002278767493_Node0_Node8_Zero,"[0, 1, 2, 3, 4, 5, 6, 7, 8]",2002.278767,2002.746564,inf,3,6,2327.5,"0.016037091714475076,0.06514802720820889,0.03840967607115694,0.09694680752650267,0.009080820203196631",0.045124,0.808972,inf,11,22
2002284236338_Node0_Node8_Zero,"[0, 1, 2, 3, 4, 5, 6, 7, 8]",2002.284236,2002.75535,2.999883,5,8,2327.5,"0.015998098256718687,0.08437255418388223,0.03840967607115694,0.09694680752650267,0.007663753805745297,0.008460853654311672,0.060875320705829565,0.06471935034109755",0.047181,0.655813,14.053476,11,22
2002289705678_Node0_Node8_Zero,"[0, 1, 2, 3, 4, 5, 6, 7, 8]",2002.289706,2002.75535,inf,3,6,2327.5,"0.015998098256718687,0.08437255418388223,0.03840967607115694,0.060875320705829565,0.007663753805745297",0.041464,0.655813,inf,11,22
2002295174021_Node0_Node8_Zero,"[0, 1, 2, 3, 4, 5, 6, 7, 8]",2002.295174,2002.760866,inf,3,5,2327.5,"0.01920988949627012,0.060875320705829565,0.03840967607115694,0.060875320705829565,0.015297507404144815",0.038934,1.689389,inf,11,22
2002300633987_Node0_Node8_Zero,"[0, 1, 2, 3, 4, 5, 6, 7, 8]",2002.300634,2002.760866,inf,3,7,2327.5,"0.01920988949627012,0.060875320705829565,0.03840967607115694,0.060875320705829565,0.01506891978516174,0.010085098041874118",0.034087,0.650255,inf,11,22
2002306098558_Node0_Node8_Zero,"[0, 1, 2, 3, 4, 5, 6, 7, 8]",2002.306099,2002.762785,inf,3,6,2327.5,"0.016036559796748992,0.06492753512886967,0.03840967607115694,0.060875320705829565,0.010329613558335218",0.038116,1.140757,inf,11,22
2002311561510_Node0_Node8_Zero,"[0, 1, 2, 3, 4, 5, 6, 7, 8]",2002.311562,2002.762785,inf,3,6,2327.5,"0.016036559796748992,0.06492753512886967,0.03840967607115694,0.060875320705829565,0.012974629489378352",0.038645,1.432861,inf,11,22
2002317028413_Node0_Node8_Zero,"[0, 1, 2, 3, 4, 5, 6, 7, 8]",2002.317028,2002.764705,inf,3,5,2327.5,"0.01920988949627012,0.06492753512886967,0.03840967607115694,0.060875320705829565,0.008199016612379314",0.038324,0.905463,inf,11,22
2002322491921_Node0_Node8_Zero,"[0, 1, 2, 3, 4, 5, 6, 7, 8]",2002.322492,2002.764705,inf,4,7,2327.5,"0.01920988949627012,0.06492753512886967,0.03840967607115694,0.060875320705829565,0.01506891978516174,0.007663753805745297,0.08118445997425944",0.041049,0.628036,inf,11,22
2002327956706_Node0_Node8_Zero,"[0, 1, 2, 3, 4, 5, 6, 7, 8]",2002.327957,2002.774404,inf,3,6,2327.5,"0.015998098256718687,0.060875320705829565,0.03840967607115694,0.060875320705829565,0.008303727656834058",0.036892,1.803112,inf,11,22
2002333424290_Node0_Node8_Zero,"[0, 1, 2, 3, 4, 5, 6, 7, 8]",2002.333424,2002.774404,inf,3,6,2327.5,"0.015998098256718687,0.060875320705829565,0.03840967607115694,0.060875320705829565,0.007663753805745297",0.036764,0.089332,inf,11,22
2002338891485_Node0_Node8_Zero,"[0, 1, 2, 3, 4, 5, 6, 7, 8]",2002.338891,2002.779807,inf,3,9,2327.5,"0.016173834895491405,0.07148826324236318,0.03840967607115694,0.060875320705829565,0.007663753805745297,0.007663753805745297",0.033712,0.628036,inf,11,22
2002344360511_Node0_Node8_Zero,"[0, 1, 2, 3, 4, 5, 6, 7, 8]",2002.344361,2002.779807,inf,3,8,2327.5,"0.016173834895491405,0.07148826324236318,0.03840967607115694,0.060875320705829565,0.007663753805745297",0.038922,0.982964,inf,11,22
2002349827031_Node0_Node8_Zero,"[0, 1, 2, 3, 4, 5, 6, 7, 8]",2002.349827,2002.781865,2.999641,5,6,2327.5,"0.01629734271707125,0.06513777002814278,0.03840967607115694,0.060875320705829565,0.007663753805745297,0.007663753805745297,0.07433495880518518,0.0749788896422392",0.04317,0.846351,16.281283,11,22
2002355287217_Node0_Node8_Zero,"[0, 1, 2, 3, 4, 5, 6, 7, 8]",2002.355287,2002.781865,inf,3,5,2327.5,"0.01629734271707125,0.06513777002814278,0.03840967607115694,0.060875320705829565,0.007663753805745297",0.037677,0.088439,inf,11,22
2002360748085_Node0_Node8_Zero,"[0, 1, 2, 3, 4, 5, 6, 7, 8]",2002.360748,2002.792766,inf,3,7,2327.5,"0.019208100262968215,0.06513777002814278,0.03840967607115694,0.060875320705829565,0.007663753805745297,0.010502487742676727",0.033633,1.664145,inf,11,22
2002366216159_Node0_Node8_Zero,"[0, 1, 2, 3, 4, 5, 6, 7, 8]",2002.366216,2002.792766,inf,3,9,2327.5,"0.019208100262968215,0.06513777002814278,0.03840967607115694,0.060875320705829565,0.009283513062306981,0.007663753805745297",0.03343,0.735115,inf,11,22
2002371684991_Node0_Node8_Zero,"[0, 1, 2, 3, 4, 5, 6, 7, 8]",2002.371685,2002.798226,inf,3,7,2327.5,"0.017142532998992134,0.06514748839915531,0.04638068010689509,0.074308179671251,0.007663753805745297",0.042129,1.007479,inf,11,22
2002377150944_Node0_Node8_Zero,"[0, 1, 2, 3, 4, 5, 6, 7, 8]",2002.377151,2002.798226,inf,4,10,2327.5,"0.017142532998992134,0.06514748839915531,0.04638068010689509,0.074308179671251,0.007663753805745297,0.010085098041874118,0.0820509836393145",0.043254,0.846351,inf,11,22
2002382614509_Node0_Node8_Zero,"[0, 1, 2, 3, 4, 5, 6, 7, 8]",2002.382615,2002.800165,inf,3,8,2327.5,"0.01603655979822716,0.06368935849960741,0.04638068010689509,0.074308179671251,0.011667492946591283",0.042416,0.422589,inf,11,22
2002388077350_Node0_Node8_Zero,"[0, 1, 2, 3, 4, 5, 6, 7, 8]",2002.388077,2002.800165,inf,4,9,2327.5,"0.01603655979822716,0.06368935849960741,0.03840967607115694,0.060875320705829565,0.007663753805745297,0.00809153991326584,0.07213147188094098",0.038128,0.422589,inf,11,22
2002393542255_Node0_Node8_Zero,"[0, 1, 2, 3, 4, 5, 6, 7, 8]",2002.393542,2002.804619,inf,3,7,2343.0,"0.018464570732823177,0.06649164727312303,0.03840967607115694,0.060875320705829565,0.008284659685451003,0.008018020405108132",0.033424,1.344426,inf,11,11
2002399007474_Node0_Node8_Zero,"[0, 1, 2, 3, 4, 5, 6, 7, 8]",2002.399007,2002.811528,inf,3,10,2343.0,"0.008037296784576882,0.0745224509591479,0.03840967607115694,0.060875320705829565,0.007663753805745297,0.010085098041874118",0.033266,0.099871,inf,11,11
2002404468430_Node0_Node8_Zero,"[0, 1, 2, 3, 4, 5, 6, 7, 8]",2002.404468,2002.81431,inf,3,6,2343.0,"0.008037296785317718,0.08631729001028335,0.03840967607115694,0.060875320705829565,0.007663753805745297",0.040261,0.076399,inf,11,11
2002409930947_Node0_Node8_Zero,"[0, 1, 2, 3, 4, 5, 6, 7, 8]",2002.409931,2002.817287,inf,3,5,2343.0,"0.009465416697822592,0.06514748839915531,0.03840967607115694,0.060875320705829565,0.0120391458818664",0.037187,0.350853,inf,11,11
2002415399568_Node0_Node8_Zero,"[0, 1, 2, 3, 4, 5, 6, 7, 8]",2002.4154,2002.819392,inf,3,6,2343.0,"0.008037249914938552,0.06505767243168488,0.03840967607115694,0.060875320705829565,0.01506891978516174",0.03749,0.27951,inf,11,11
2002420866315_Node0_Node8_Zero,"[0, 1, 2, 3, 4, 5, 6, 7, 8]",2002.420866,2002.823024,inf,3,5,2343.0,"0.008041108296362664,0.08997786118798293,0.03840967607115694,0.060875320705829565,0.008982036608941635",0.041257,0.180845,inf,11,11
2002426332128_Node0_Node8_Zero,"[0, 1, 2, 3, 4, 5, 6, 7, 8]",2002.426332,2002.827864,inf,3,5,2343.0,"0.010088565854487237,0.06503803697568458,0.03840967607115694,0.060875320705829565,0.0120391458818664,0.010318774160279789",0.032795,0.676718,inf,11,11
2002431797596_Node0_Node8_Zero,"[0, 1, 2, 3, 4, 5, 6, 7, 8]",2002.431798,2002.830825,inf,3,6,2343.0,"0.00828952072144,0.06505767243168488,0.03840967607115694,0.060875320705829565,0.007663753805745297",0.036059,0.18564,inf,11,11
2002437263277_Node0_Node8_Zero,"[0, 1, 2, 3, 4, 5, 6, 7, 8]",2002.437263,2002.835811,inf,3,6,2343.0,"0.008029397715118299,0.060875320705829565,0.03840967607115694,0.0725137548951717,0.011667492946591283",0.038299,0.654447,inf,11,11
2002442724887_Node0_Node8_Zero,"[0, 1, 2, 3, 4, 5, 6, 7, 8]",2002.442725,2002.838605,inf,3,7,2343.0,"0.011829159669167045,0.065191621797236,0.03840967607115694,0.0725137548951717,0.007663753805745297",0.039122,0.596708,inf,11,11
2002448192355_Node0_Node8_Zero,"[0, 1, 2, 3, 4, 5, 6, 7, 8]",2002.448192,2002.840571,inf,3,9,2343.0,"0.008041108296362664,0.065191621797236,0.03840967607115694,0.0725137548951717,0.008207463093268464",0.038473,0.180077,inf,11,11
2002453656977_Node0_Node8_Zero,"[0, 1, 2, 3, 4, 5, 6, 7, 8]",2002.453657,2002.848186,inf,4,7,2343.0,"0.008041108296362664,0.065191621797236,0.03840967607115694,0.060875320705829565,0.012633746745029099,0.007663753805745297,0.07419892821922673",0.038145,0.405624,inf,11,11
2002459118661_Node0_Node8_Zero,"[0, 1, 2, 3, 4, 5, 6, 7, 8]",2002.459119,2002.855048,inf,3,6,2343.0,"0.007663753805745297,0.09281553949321164,0.03840967607115694,0.060875320705829565,0.007663753805745297",0.041486,0.097251,inf,11,11
2002464586576_Node0_Node8_Zero,"[0, 1, 2, 3, 4, 5, 6, 7, 8]",2002.464587,2002.857967,3.000223,5,8,2343.0,"0.007663753805745297,0.060875320705829565,0.03840967607115694,0.060875320705829565,0.007663753805745297,0.009915857072471165,0.07213147188094098,0.060875320705829565",0.039801,0.764963,13.218765,11,11
2002470055014_Node0_Node8_Zero,"[0, 1, 2, 3, 4, 5, 6, 7, 8]",2002.470055,2002.86197,inf,3,7,2343.0,"0.008167101629983485,0.06505767243168488,0.03840967607115694,0.060875320705829565,0.007663753805745297",0.036035,0.099871,inf,11,11
2002475521132_Node0_Node8_Zero,"[0, 1, 2, 3, 4, 5, 6, 7, 8]",2002.475521,2002.865709,inf,3,6,2343.0,"0.01029123154823996,0.06505767243168488,0.03840967607115694,0.060875320705829565,0.008198122818772746",0.036566,0.838801,inf,11,11
2002480980685_Node0_Node8_Zero,"[0, 1, 2, 3, 4, 5, 6, 7, 8]",2002.480981,2002.869715,2.99731,5,8,2343.0,"0.007663753805745297,0.06368935849960741,0.03840967607115694,0.060875320705829565,0.007663753805745297,0.007663753805745297,0.07213147188094098,0.0688649687051147",0.04087,0.557232,14.953676,11,11
2002486446544_Node0_Node8_Zero,"[0, 1, 2, 3, 4, 5, 6, 7, 8]",2002.486447,2002.871671,inf,3,7,2343.0,"0.008037661767932816,0.06514802720820889,0.03840967607115694,0.060875320705829565,0.007663753805745297,0.010124911848563418",0.03171,0.363886,inf,11,11
2002491913454_Node0_Node8_Zero,"[0, 1, 2, 3, 4, 5, 6, 7, 8]",2002.491913,2002.877339,inf,3,6,2343.0,"0.009731602142241457,0.06514802720820889,0.03840967607115694,0.060875320705829565,0.007663753805745297",0.036366,0.670013,inf,11,11
2002497377775_Node0_Node8_Zero,"[0, 1, 2, 3, 4, 5, 6, 7, 8]",2002.497378,2002.880245,inf,3,5,2343.0,"0.008018020405108132,0.06492753512886967,0.03840967607115694,0.060875320705829565,0.007663753805745297,0.008038468277786768",0.031322,0.17956,inf,11,11
2002502842074_Node0_Node8_Zero,"[0, 1, 2, 3, 4, 5, 6, 7, 8]",2002.502842,2002.885081,inf,3,7,2343.0,"0.007663753805745297,0.09007619626071338,0.03840967607115694,0.060875320705829565,0.007663753805745297",0.040938,0.113456,inf,11,11
2002508306026_Node0_Node8_Zero,"[0, 1, 2, 3, 4, 5, 6, 7, 8]",2002.508306,2002.894148,inf,3,6,2343.0,"0.009731602142241457,0.07148826324236318,0.03840967607115694,0.060875320705829565,0.007663753805745297",0.037634,0.706679,inf,11,11
2002513772094_Node0_Node8_Zero,"[0, 1, 2, 3, 4, 5, 6, 7, 8]",2002.513772,2002.896111,inf,3,7,2343.0,"0.010489138686479637,0.06503290188466701,0.03840967607115694,0.060875320705829565,0.007663753805745297",0.036494,0.735081,inf,11,11
2002519240046_Node0_Node8_Zero,"[0, 1, 2, 3, 4, 5, 6, 7, 8]",2002.51924,2002.900069,inf,3,8,2343.0,"0.008027232139326828,0.06503290188466701,0.10059677066255387,0.060875320705829565,0.007663753805745297",0.048439,0.471766,inf,11,11
2002524701775_Node0_Node8_Zero,"[0, 1, 2, 3, 4, 5, 6, 7, 8]",2002.524702,2002.906154,inf,3,8,2343.0,"0.010009197225411989,0.06503290188466701,0.10059677066255387,0.060875320705829565,0.007663753805745297",0.048836,0.726404,inf,11,11
2002530163444_Node0_Node8_Zero,"[0, 1, 2, 3, 4, 5, 6, 7, 8]",2002.530163,2002.908092,2.977787,5,14,2343.0,"0.007663753805745297,0.06803304239283042,0.10059677066255387,0.060875320705829565,0.011667492946591283,0.009915857072471165,0.06294277704411534,0.062458216964829616",0.048019,0.450405,13.562483,11,11
2002535624600_Node0_Node8_Zero,"[0, 1, 2, 3, 4, 5, 6, 7, 8]",2002.535625,2002.921927,inf,3,5,2343.0,"0.010818450624739915,0.07350852870592,0.050000238537886925,0.060875320705829565,0.008173897708827777",0.040675,0.773845,inf,11,11
2002541086856_Node0_Node8_Zero,"[0, 1, 2, 3, 4, 5, 6, 7, 8]",2002.541087,2002.924687,inf,3,5,2343.0,"0.007924031307317992,0.06514802451751028,0.050000238537886925,0.060875320705829565,0.007663753805745297",0.038322,0.298941,inf,11,11
2002546549242_Node0_Node8_Zero,"[0, 1, 2, 3, 4, 5, 6, 7, 8]",2002.546549,2002.926651,inf,3,5,2343.0,"0.008037296785317718,0.060875320705829565,0.050000238537886925,0.060875320705829565,0.007663753805745297",0.03749,0.179992,inf,11,11
2002552010182_Node0_Node8_Zero,"[0, 1, 2, 3, 4, 5, 6, 7, 8]",2002.55201,2002.931363,inf,3,4,2343.0,"0.007663753805745297,0.060875320705829565,0.03840967607115694,0.060875320705829565,0.007663753805745297",0.035098,0.201952,inf,11,11
2002557472263_Node0_Node8_Zero,"[0, 1, 2, 3, 4, 5, 6, 7, 8]",2002.557472,2002.937068,inf,3,6,2343.0,"0.008167101629983485,0.06515219930514116,0.03840967607115694,0.060875320705829565,0.008173897708827777",0.036156,1.773444,inf,11,11
2002562938683_Node0_Node8_Zero,"[0, 1, 2, 3, 4, 5, 6, 7, 8]",2002.562939,2002.941831,3.000463,5,7,2343.0,"0.007663753805745297,0.060875320705829565,0.03840967607115694,0.060875320705829565,0.007663753805745297,0.008405063828118097,0.07213147188094098,0.06720690574182973",0.040404,0.385182,14.593636,11,11
2002568406860_Node0_Node8_Zero,"[0, 1, 2, 3, 4, 5, 6, 7, 8]",2002.568407,2002.943911,inf,3,6,2343.0,"0.00828952072144,0.060875320705829565,0.03840967607115694,0.060875320705829565,0.007663753805745297",0.035223,0.307266,inf,11,11
2002573870259_Node0_Node8_Zero,"[0, 1, 2, 3, 4, 5, 6, 7, 8]",2002.57387,2002.945952,2.997235,5,8,2343.0,"0.007663753805745297,0.060875320705829565,0.03840967607115694,0.060875320705829565,0.007663753805745297,0.010124911848563418,0.060875320705829565,0.060875320705829565",0.03842,0.201952,13.218765,11,11
2002579330204_Node0_Node8_Zero,"[0, 1, 2, 3, 4, 5, 6, 7, 8]",2002.57933,2002.948885,inf,3,7,2343.0,"0.008018020405108132,0.060875320705829565,0.03840967607115694,0.060875320705829565,0.02007173615790435,0.010124911848563418",0.033062,0.374552,inf,11,11
2002584796225_Node0_Node8_Zero,"[0, 1, 2, 3, 4, 5, 6, 7, 8]",2002.584796,2002.95343,inf,3,8,2343.0,"0.008167997493054493,0.0867134730107567,0.03840967607115694,0.0807578809474986,0.008321420475931629",0.044474,0.127082,inf,11,11
2002590263488_Node0_Node8_Zero,"[0, 1, 2, 3, 4, 5, 6, 7, 8]",2002.590263,2002.955431,2.995311,5,13,2343.0,"0.008018020405108132,0.060875320705829565,0.03840967607115694,0.0807578809474986,0.007663753805745297,0.008018020405108132,0.060875320705829565,0.060875320705829565",0.040687,0.359226,13.218765,11,11
2002595728551_Node0_Node8_Zero,"[0, 1, 2, 3, 4, 5, 6, 7, 8]",2002.595729,2002.961106,inf,0,6,2343.0,0.008167998998996154,0.008167998998996154,0.376412,inf,11,11
2002601188046_Node0_Node8_Zero,"[0, 1, 2, 3, 4, 5, 6, 7, 8]",2002.601188,2002.963185,inf,3,9,2343.0,"0.011829159669167045,0.06642253885703397,0.03840967607115694,0.0807578809474986,0.007663753805745297",0.041017,0.846351,inf,11,11
2002606652510_Node0_Node8_Zero,"[0, 1, 2, 3, 4, 5, 6, 7, 8]",2002.606653,2002.967923,2.996191,5,9,2343.0,"0.008122630028937497,0.06642253885703397,0.03840967607115694,0.060875320705829565,0.007663753805745297,0.010124911848563418,0.07516487723717405,0.060875320705829565",0.040957,1.664145,13.218765,11,11
2002612115199_Node0_Node8_Zero,"[0, 1, 2, 3, 4, 5, 6, 7, 8]",2002.612115,2002.998223,inf,3,9,2343.0,"0.009978440185922418,0.09787520350160483,0.03840967607115694,0.060875320705829565,0.007663753805745297,0.007663753805745297",0.037078,0.343354,inf,11,11
2002617579196_Node0_Node8_Zero,"[0, 1, 2, 3, 4, 5, 6, 7, 8]",2002.617579,2003.000948,inf,3,8,2343.0,"0.008027232139326828,0.06503290188466701,0.03840967607115694,0.060875320705829565,0.007663753805745297",0.036002,0.566816,inf,11,11
2002623044543_Node0_Node8_Zero,"[0, 1, 2, 3, 4, 5, 6, 7, 8]",2002.623045,2003.002911,inf,3,10,2343.0,"0.008027232139326828,0.09281553949321164,0.03840967607115694,0.060875320705829565,0.02007173615790435,0.007663753805745297",0.037977,0.566816,inf,11,11
2002628505299_Node0_Node8_Zero,"[0, 1, 2, 3, 4, 5, 6, 7, 8]",2002.628505,2003.006709,inf,3,8,2343.0,"0.007663753805745297,0.09281553949321164,0.03840967607115694,0.060875320705829565,0.007663753805745297",0.041486,0.329705,inf,11,11
2002633966496_Node0_Node8_Zero,"[0, 1, 2, 3, 4, 5, 6, 7, 8]",2002.633966,2003.008652,inf,3,6,2343.0,"0.007663753805745297,0.09281553949321164,0.03840967607115694,0.060875320705829565,0.007663753805745297,0.008173897708827777",0.035934,0.557232,inf,11,11
2002639427929_Node0_Node8_Zero,"[0, 1, 2, 3, 4, 5, 6, 7, 8]",2002.639428,2003.013351,inf,3,6,2343.0,"0.008037563374212298,0.09281553949321164,0.03840967607115694,0.060875320705829565,0.008198280645025396",0.041667,0.255181,inf,11,11
2002644888942_Node0_Node8_Zero,"[0, 1, 2, 3, 4, 5, 6, 7, 8]",2002.644889,2003.018014,inf,3,7,2343.0,"0.008154763586124459,0.0651510738463648,0.03840967607115694,0.060875320705829565,0.007663753805745297,0.007663753805745297",0.03132,1.664145,inf,11,11
2002650357609_Node0_Node8_Zero,"[0, 1, 2, 3, 4, 5, 6, 7, 8]",2002.650358,2003.019952,inf,3,6,2343.0,"0.007663753805745297,0.0833343571504348,0.03840967607115694,0.060875320705829565,0.008199016612379314",0.039696,0.121204,inf,11,11
2002655821171_Node0_Node8_Zero,"[0, 1, 2, 3, 4, 5, 6, 7, 8]",2002.655821,2003.023503,inf,4,9,2343.0,"0.008046390118659739,0.060875320705829565,0.03840967607115694,0.060875320705829565,0.007663753805745297,0.00840328589528494,0.06304095521512013",0.035331,0.375878,inf,11,11
2002661288098_Node0_Node8_Zero,"[0, 1, 2, 3, 4, 5, 6, 7, 8]",2002.661288,2003.030453,inf,3,8,2343.0,"0.007663753805745297,0.060875320705829565,0.03840967607115694,0.060875320705829565,0.007663753805745297",0.035098,0.411476,inf,11,11
2002666756573_Node0_Node8_Zero,"[0, 1, 2, 3, 4, 5, 6, 7, 8]",2002.666757,2003.033385,inf,4,8,2343.0,"0.009254181499051783,0.060875320705829565,0.03840967607115694,0.060875320705829565,0.007663753805745297,0.007663753805745297,0.07291764002028936",0.036809,0.207243,inf,11,11
2002672220798_Node0_Node8_Zero,"[0, 1, 2, 3, 4, 5, 6, 7, 8]",2002.672221,2003.040362,inf,3,5,2343.0,"0.008030052057965207,0.060875320705829565,0.03840967607115694,0.060875320705829565,0.007663753805745297",0.035171,1.743685,inf,11,11
2002677684226_Node0_Node8_Zero,"[0, 1, 2, 3, 4, 5, 6, 7, 8]",2002.677684,2003.04705,inf,3,5,2343.0,"0.008037296784576882,0.060875320705829565,0.03840967607115694,0.060875320705829565,0.007663753805745297",0.035172,0.426717,inf,11,11
2002683152737_Node0_Node8_Zero,"[0, 1, 2, 3, 4, 5, 6, 7, 8]",2002.683153,2003.049111,inf,4,7,2343.0,"0.007663753805745297,0.060875320705829565,0.03840967607115694,0.060875320705829565,0.007663753805745297,0.008034396821496927,0.060875320705829565",0.034914,0.117039,inf,11,11
2002688618722_Node0_Node8_Zero,"[0, 1, 2, 3, 4, 5, 6, 7, 8]",2002.688619,2003.052702,inf,3,6,2343.0,"0.007924031307317992,0.06803304239283042,0.05323223273405724,0.060875320705829565,0.008892862728232259",0.039791,0.293718,inf,11,11
2002694086752_Node0_Node8_Zero,"[0, 1, 2, 3, 4, 5, 6, 7, 8]",2002.694087,2003.054772,inf,3,7,2343.0,"0.009879948414746485,0.060875320705829565,0.05323223273405724,0.060875320705829565,0.007663753805745297",0.038505,0.846351,inf,11,11
2002699548741_Node0_Node8_Zero,"[0, 1, 2, 3, 4, 5, 6, 7, 8]",2002.699549,2003.062054,inf,3,8,2343.0,"0.008681627529461448,0.060875320705829565,0.05323223273405724,0.060875320705829565,0.007663753805745297,0.008370610558325957",0.033283,0.846351,inf,11,11
2002705017221_Node0_Node8_Zero,"[0, 1, 2, 3, 4, 5, 6, 7, 8]",2002.705017,2003.064051,inf,3,7,2343.0,"0.008167997493054493,0.060875320705829565,0.03840967607115694,0.060875320705829565,0.01506891978516174,0.008018020405108132",0.031903,1.773639,inf,11,11
2002710480417_Node0_Node8_Zero,"[0, 1, 2, 3, 4, 5, 6, 7, 8]",2002.71048,2003.066765,inf,3,9,2343.0,"0.009254181499051783,0.060875320705829565,0.03840967607115694,0.060875320705829565,0.007663753805745297,0.007663753805745297",0.03079,0.343354,inf,11,11
2002715944536_Node0_Node8_Zero,"[0, 1, 2, 3, 4, 5, 6, 7, 8]",2002.715945,2003.07061,inf,3,6,2343.0,"0.007663753805745297,0.060875320705829565,0.03840967607115694,0.060875320705829565,0.008173897708827777,0.007663753805745297",0.03061,0.386589,inf,11,11
2002721406942_Node0_Node8_Zero,"[0, 1, 2, 3, 4, 5, 6, 7, 8]",2002.721407,2003.076676,inf,3,6,2343.0,"0.007663753805745297,0.060875320705829565,0.03840967607115694,0.060875320705829565,0.007663753805745297",0.035098,0.331242,inf,11,11
2002726866833_Node0_Node8_Zero,"[0, 1, 2, 3, 4, 5, 6, 7, 8]",2002.726867,2003.078612,inf,3,7,2343.0,"0.009408196610965524,0.0833343571504348,0.03840967607115694,0.060875320705829565,0.007663753805745297,0.007663753805745297",0.034559,0.210692,inf,11,11
2002732334171_Node0_Node8_Zero,"[0, 1, 2, 3, 4, 5, 6, 7, 8]",2002.732334,2003.086262,inf,3,8,2343.0,"0.007663753805745297,0.06612409339101621,0.03840967607115694,0.060875320705829565,0.008728680014682385,0.007663753805745297",0.031578,0.537078,inf,11,11
2002737798364_Node0_Node8_Zero,"[0, 1, 2, 3, 4, 5, 6, 7, 8]",2002.737798,2003.089005,inf,3,9,2343.0,"0.008122630028937497,0.060875320705829565,0.04861064107036727,0.060875320705829565,0.007663753805745297",0.03723,0.521666,inf,11,11
2002743258877_Node0_Node8_Zero,"[0, 1, 2, 3, 4, 5, 6, 7, 8]",2002.743259,2003.092849,inf,3,11,2343.0,"0.007663753805745297,0.060875320705829565,0.04861064107036727,0.060875320705829565,0.007663753805745297,0.007663753805745297",0.032225,1.664145,inf,11,11
2002748726210_Node0_Node8_Zero,"[0, 1, 2, 3, 4, 5, 6, 7, 8]",2002.748726,2003.098427,2.992798,5,13,2343.0,"0.008591594899314624,0.060875320705829565,0.04861064107036727,0.060875320705829565,0.007663753805745297,0.008018020405108132,0.07213147188094098,0.060875320705829565",0.040955,0.623676,13.218765,11,11
2002754189373_Node0_Node8_Zero,"[0, 1, 2, 3, 4, 5, 6, 7, 8]",2002.754189,2003.102389,inf,3,8,2343.0,"0.007663753805745297,0.07393757952076309,0.10059677066255387,0.060875320705829565,0.007663753805745297",0.050147,0.556323,inf,11,11
2002759654998_Node0_Node8_Zero,"[0, 1, 2, 3, 4, 5, 6, 7, 8]",2002.759655,2003.107978,inf,3,9,2343.0,"0.00871619670227683,0.060875320705829565,0.10059677066255387,0.060875320705829565,0.007663753805745297",0.047745,0.331942,inf,11,11
2002765122029_Node0_Node8_Zero,"[0, 1, 2, 3, 4, 5, 6, 7, 8]",2002.765122,2003.110072,3.001004,5,11,2343.0,"0.009327701007209492,0.060875320705829565,0.10059677066255387,0.060875320705829565,0.011667492946591283,0.0108521532000108,0.07213147188094098,0.06720690574182973",0.049192,0.500816,14.593636,11,11
2002770588642_Node0_Node8_Zero,"[0, 1, 2, 3, 4, 5, 6, 7, 8]",2002.770589,2003.114742,inf,1,13,2343.0,"0.009327701007209492,0.07393757952076309,0.10059677066255387",0.061287,0.548196,inf,11,11
2002776056449_Node0_Node8_Zero,"[0, 1, 2, 3, 4, 5, 6, 7, 8]",2002.776056,2003.11943,inf,1,12,2343.0,"0.00871619670227683,0.07393757952076309,0.10059677066255387",0.061084,1.892678,inf,11,11
2002781518758_Node0_Node8_Zero,"[0, 1, 2, 3, 4, 5, 6, 7, 8]",2002.781519,2003.123434,inf,1,12,2343.0,"0.009408196610965524,0.07393757952076309,0.10059677066255387",0.061314,0.472858,inf,11,11
2002786981185_Node0_Node8_Zero,"[0, 1, 2, 3, 4, 5, 6, 7, 8]",2002.786981,2003.126266,2.980002,5,12,2343.0,"0.007663753805745297,0.060875320705829565,0.10059677066255387,0.060875320705829565,0.007663753805745297,0.007663753805745297,0.07464781244429945,0.060875320705829565",0.047608,0.112278,13.218765,11,11
2002792444494_Node0_Node8_Zero,"[0, 1, 2, 3, 4, 5, 6, 7, 8]",2002.792444,2003.131159,2.997738,5,12,2343.0,"0.007663753805745297,0.06492753512886967,0.10059677066255387,0.060875320705829565,0.007663753805745297,0.009915857072471165,0.07213147188094098,0.060875320705829565",0.048081,0.835693,13.218765,11,11
2002797908204_Node0_Node8_Zero,"[0, 1, 2, 3, 4, 5, 6, 7, 8]",2002.797908,2003.133112,inf,3,9,2343.0,"0.009327701007209492,0.06515219930514116,0.10059677066255387,0.060875320705829565,0.007663753805745297,0.007663753805745297",0.04188,0.35523,inf,11,11
2002803375289_Node0_Node8_Zero,"[0, 1, 2, 3, 4, 5, 6, 7, 8]",2002.803375,2003.136643,2.989092,5,10,2343.0,"0.007663753805745297,0.08437255418388223,0.10059677066255387,0.060875320705829565,0.007663753805745297,0.016014323647869234,0.06365159359147793,0.06300090463390409",0.05048,0.624645,13.680325,11,11
2002808836387_Node0_Node8_Zero,"[0, 1, 2, 3, 4, 5, 6, 7, 8]",2002.808836,2003.139467,inf,3,8,2343.0,"0.009327701007209492,0.06720690574182973,0.10059677066255387,0.060875320705829565,0.02007173615790435",0.051616,2.025463,inf,11,11
2002814303150_Node0_Node8_Zero,"[0, 1, 2, 3, 4, 5, 6, 7, 8]",2002.814303,2003.141471,2.998704,5,8,2343.0,"0.007663753805745297,0.060875320705829565,0.10059677066255387,0.060875320705829565,0.007663753805745297,0.007663753805745297,0.07213147188094098,0.06720690574182973",0.048085,0.171626,14.593636,11,11
2002819765234_Node0_Node8_Zero,"[0, 1, 2, 3, 4, 5, 6, 7, 8]",2002.819765,2003.153145,inf,3,9,2343.0,"0.008148850554629617,0.060875320705829565,0.10059677066255387,0.0675186657626526,0.007663753805745297",0.048961,0.077459,inf,11,11
2002825229748_Node0_Node8_Zero,"[0, 1, 2, 3, 4, 5, 6, 7, 8]",2002.82523,2003.160141,2.995195,5,8,2343.0,"0.009254181499051783,0.060875320705829565,0.10059677066255387,0.0675186657626526,0.007663753805745297,0.008173897708827777,0.060875320705829565,0.060875320705829565",0.046979,0.653453,13.218765,11,11
2002830697133_Node0_Node8_Zero,"[0, 1, 2, 3, 4, 5, 6, 7, 8]",2002.830697,2003.164783,3.000347,5,8,2343.0,"0.00871619670227683,0.06514802451751028,0.10059677066255387,0.0675186657626526,0.007663753805745297,0.007663753805745297,0.060875320705829565,0.060875320705829565",0.047382,0.185412,13.218765,11,11
2002836160169_Node0_Node8_Zero,"[0, 1, 2, 3, 4, 5, 6, 7, 8]",2002.83616,2003.167725,inf,3,10,2343.0,"0.008037296785317718,0.060875320705829565,0.10059677066255387,0.060875320705829565,0.007663753805745297",0.04761,0.099871,inf,11,11
2002841626880_Node0_Node8_Zero,"[0, 1, 2, 3, 4, 5, 6, 7, 8]",2002.841627,2003.170588,inf,3,9,2343.0,"0.009327701007209492,0.0833343571504348,0.10059677066255387,0.060875320705829565,0.007663753805745297",0.05236,0.500816,inf,11,11
2002847094819_Node0_Node8_Zero,"[0, 1, 2, 3, 4, 5, 6, 7, 8]",2002.847095,2003.172532,2.99457,5,10,2343.0,"0.009254181499051783,0.060875320705829565,0.10059677066255387,0.07412429041715532,0.007663753805745297,0.008113609279273086,0.07213147188094098,0.06720690574182973",0.049996,0.633005,14.593636,11,11
2002852562938_Node0_Node8_Zero,"[0, 1, 2, 3, 4, 5, 6, 7, 8]",2002.852563,2003.180164,inf,3,7,2343.0,"0.008037296785317718,0.060875320705829565,0.10059677066255387,0.060875320705829565,0.02007173615790435,0.008419125014852568",0.043146,0.583439,inf,11,11
2002858026701_Node0_Node8_Zero,"[0, 1, 2, 3, 4, 5, 6, 7, 8]",2002.858027,2003.182072,inf,3,8,2343.0,"0.007663753805745297,0.060875320705829565,0.10059677066255387,0.060875320705829565,0.007663753805745297,0.007663753805745297",0.04089,0.284071,inf,11,11
2002863487224_Node0_Node8_Zero,"[0, 1, 2, 3, 4, 5, 6, 7, 8]",2002.863487,2003.185657,inf,3,9,2343.0,"0.008037296785317718,0.06503803697568458,0.10059677066255387,0.060875320705829565",0.058637,0.585205,inf,11,11
2002868951222_Node0_Node8_Zero,"[0, 1, 2, 3, 4, 5, 6, 7, 8]",2002.868951,2003.190448,2.999597,5,7,2343.0,"0.011829159669167045,0.06503803697568458,0.10059677066255387,0.07673406628131509,0.007663753805745297,0.007663753805745297,0.07213147188094098,0.06720690574182973",0.051108,0.483889,14.593636,11,11
2002874415860_Node0_Node8_Zero,"[0, 1, 2, 3, 4, 5, 6, 7, 8]",2002.874416,2003.192431,inf,3,7,2343.0,"0.008027681076881036,0.06503809002346554,0.10059677066255387,0.07673406628131509,0.007663753805745297,0.007663753805745297",0.044287,0.179776,inf,11,11
2002879881234_Node0_Node8_Zero,"[0, 1, 2, 3, 4, 5, 6, 7, 8]",2002.879881,2003.196343,inf,3,8,2343.0,"0.008030628215877115,0.060875320705829565,0.10059677066255387,0.07673406628131509,0.008173897708827777,0.011064391556409597",0.044246,0.574432,inf,11,11
2002885341619_Node0_Node8_Zero,"[0, 1, 2, 3, 4, 5, 6, 7, 8]",2002.885342,2003.200269,inf,3,13,2343.0,"0.009254181499051783,0.06503809002346554,0.10059677066255387,0.060875320705829565,0.007663753805745297,0.008417118844520313",0.041974,0.426467,inf,11,11
2002890807914_Node0_Node8_Zero,"[0, 1, 2, 3, 4, 5, 6, 7, 8]",2002.890808,2003.203697,2.992969,5,11,2343.0,"0.009614153981305123,0.08508246008585285,0.10059677066255387,0.060875320705829565,0.007663753805745297,0.0108521532000108,0.060875320705829565,0.060875320705829565",0.049554,0.435258,13.218765,11,11
2002896271235_Node0_Node8_Zero,"[0, 1, 2, 3, 4, 5, 6, 7, 8]",2002.896271,2003.210859,inf,3,8,2343.0,"0.009614153981305123,0.060875320705829565,0.10059677066255387,0.060875320705829565,0.007663753805745297",0.047925,0.215305,inf,11,11
2002901734271_Node0_Node8_Zero,"[0, 1, 2, 3, 4, 5, 6, 7, 8]",2002.901734,2003.213685,inf,3,7,2343.0,"0.008027685714606244,0.060875320705829565,0.03840967607115694,0.060875320705829565,0.007663753805745297,0.011227631926385971",0.03118,0.179776,inf,11,11
2002907197847_Node0_Node8_Zero,"[0, 1, 2, 3, 4, 5, 6, 7, 8]",2002.907198,2003.215612,inf,3,8,2343.0,"0.008027685714606244,0.06663277375630708,0.03840967607115694,0.060875320705829565,0.007663753805745297,0.008018020405108132",0.031605,0.179776,inf,11,11
2002912659066_Node0_Node8_Zero,"[0, 1, 2, 3, 4, 5, 6, 7, 8]",2002.912659,2003.21918,inf,3,7,2343.0,"0.009614153981305123,0.06663277375630708,0.03840967607115694,0.060875320705829565,0.007663753805745297,0.007663753805745297",0.03181,0.443056,inf,11,11
2002918123631_Node0_Node8_Zero,"[0, 1, 2, 3, 4, 5, 6, 7, 8]",2002.918124,2003.221985,inf,3,10,2343.0,"0.007663753805745297,0.060875320705829565,0.042404630470246646,0.06751547807281974,0.007663753805745297",0.037225,0.310563,inf,11,11
2002923590868_Node0_Node8_Zero,"[0, 1, 2, 3, 4, 5, 6, 7, 8]",2002.923591,2003.226835,inf,3,7,2343.0,"0.008027685714606244,0.060875320705829565,0.042404630470246646,0.060875320705829565,0.007663753805745297,0.008018020405108132",0.031311,1.664145,inf,11,11
2002929059667_Node0_Node8_Zero,"[0, 1, 2, 3, 4, 5, 6, 7, 8]",2002.92906,2003.231726,inf,3,7,2343.0,"0.007663753805745297,0.0833343571504348,0.042404630470246646,0.060875320705829565,0.008173897708827777,0.007663753805745297",0.035019,1.664145,inf,11,11
2002934524467_Node0_Node8_Zero,"[0, 1, 2, 3, 4, 5, 6, 7, 8]",2002.934524,2003.246953,inf,2,19,2343.0,"0.007663753805745297,0.06513777002814278,0.10059677066255387,0.07455632659221026",0.061989,0.3178,inf,11,11
2002939991454_Node0_Node8_Zero,"[0, 1, 2, 3, 4, 5, 6, 7, 8]",2002.939991,2003.248951,inf,2,18,2343.0,"0.009055378461502525,0.060875320705829565,0.10059677066255387,0.07455632659221026",0.061271,1.203864,inf,11,11
2002945453558_Node0_Node8_Zero,"[0, 1, 2, 3, 4, 5, 6, 7, 8]",2002.945454,2003.250952,inf,3,11,2343.0,"0.007663753805745297,0.060875320705829565,0.10059677066255387,0.07412489206765321,0.007663753805745297",0.050185,0.556323,inf,11,11
2002950921574_Node0_Node8_Zero,"[0, 1, 2, 3, 4, 5, 6, 7, 8]",2002.950922,2003.261221,inf,3,8,2343.0,"0.007663753805745297,0.06689181506394011,0.07342056944796757,0.060875320705829565,0.007663753805745297,0.007663753805745297",0.037363,0.346958,inf,11,11
2002956381360_Node0_Node8_Zero,"[0, 1, 2, 3, 4, 5, 6, 7, 8]",2002.956381,2003.263132,inf,3,7,2343.0,"0.007663753805745297,0.06593498471422274,0.07342056944796757,0.060875320705829565,0.007663753805745297,0.007663753805745297",0.037204,0.214605,inf,11,11
2002961848278_Node0_Node8_Zero,"[0, 1, 2, 3, 4, 5, 6, 7, 8]",2002.961848,2003.265091,inf,3,8,2343.0,"0.008106097121039853,0.06593498471422274,0.07342056944796757,0.060875320705829565,0.007663753805745297,0.007663753805745297",0.037277,0.181532,inf,11,11
2002967312671_Node0_Node8_Zero,"[0, 1, 2, 3, 4, 5, 6, 7, 8]",2002.967313,2003.267032,inf,2,16,2343.0,"0.009683834397035577,0.06593498471422274,0.07342056944796757,0.07455632659221026",0.055899,0.307581,inf,11,11
2002972781724_Node0_Node8_Zero,"[0, 1, 2, 3, 4, 5, 6, 7, 8]",2002.972782,2003.275485,inf,2,17,2343.0,"0.007663753805745297,0.060875320705829565,0.07342056944796757,0.07455632659221026",0.054129,0.266521,inf,11,11
2002978246649_Node0_Node8_Zero,"[0, 1, 2, 3, 4, 5, 6, 7, 8]",2002.978247,2003.277531,2.994519,5,12,2343.0,"0.008999844980485127,0.06515219930514116,0.07342056944796757,0.060875320705829565,0.008198762896097401,0.007663753805745297,0.07426914346673852,0.0625119755137058",0.045136,0.201548,13.574156,11,11
2002983711743_Node0_Node8_Zero,"[0, 1, 2, 3, 4, 5, 6, 7, 8]",2002.983712,2003.285136,2.990624,5,8,2343.0,"0.007663753805745297,0.060875320705829565,0.10059677066255387,0.060875320705829565,0.008173897708827777,0.007663753805745297,0.0728807465888332,0.06762837276501912",0.048295,0.548189,14.685156,11,11
2002989171944_Node0_Node8_Zero,"[0, 1, 2, 3, 4, 5, 6, 7, 8]",2002.989172,2003.291898,inf,3,11,2343.0,"0.007663753805745297,0.060875320705829565,0.10059677066255387,0.060875320705829565,0.007663753805745297,0.00809153991326584",0.040961,0.624645,inf,11,11
2002994639648_Node0_Node8_Zero,"[0, 1, 2, 3, 4, 5, 6, 7, 8]",2002.99464,2003.293951,2.983165,5,9,2343.0,"0.007663753805745297,0.060875320705829565,0.10059677066255387,0.060875320705829565,0.007663753805745297,0.007663753805745297,0.060875320705829565,0.060875320705829565",0.045886,1.664145,13.218765,11,11
2003000108032_Node0_Node8_Zero,"[0, 1, 2, 3, 4, 5, 6, 7, 8]",2003.000108,2003.297473,2.990474,5,10,2343.0,"0.007663753805745297,0.060875320705829565,0.10059677066255387,0.060875320705829565,0.008243954412189716,0.0108521532000108,0.060875320705829565,0.060875320705829565",0.046357,0.072848,13.218765,11,11
2003005569240_Node0_Node8_Zero,"[0, 1, 2, 3, 4, 5, 6, 7, 8]",2003.005569,2003.299392,inf,3,9,2343.0,"0.009055378461502525,0.06503290188466701,0.10059677066255387,0.06720690574182973,0.007663753805745297",0.049911,0.320339,inf,11,11
2003011030412_Node0_Node8_Zero,"[0, 1, 2, 3, 4, 5, 6, 7, 8]",2003.01103,2003.306308,2.976061,5,10,2343.0,"0.009055378461502525,0.07814729003228989,0.10059677066255387,0.06720690574182973,0.007663753805745297,0.008754801561381333,0.060875320705829565,0.060875320705829565",0.049147,0.658417,13.218765,11,11
2003016498570_Node0_Node8_Zero,"[0, 1, 2, 3, 4, 5, 6, 7, 8]",2003.016499,2003.313253,2.990199,5,15,2343.0,"0.009254181499051783,0.060875320705829565,0.10059677066255387,0.07412489206765321,0.007663753805745297,0.007663753805745297,0.060875320705829565,0.060875320705829565",0.047741,0.455401,13.218765,11,11
2003021962384_Node0_Node8_Zero,"[0, 1, 2, 3, 4, 5, 6, 7, 8]",2003.021962,2003.318815,2.972067,5,16,2343.0,"0.007663753805745297,0.060875320705829565,0.10059677066255387,0.07412489206765321,0.007663753805745297,0.007663753805745297,0.063043548000531,0.060875320705829565",0.047813,0.411476,13.218765,11,11
2003027426657_Node0_Node8_Zero,"[0, 1, 2, 3, 4, 5, 6, 7, 8]",2003.027427,2003.321608,inf,3,11,2343.0,"0.007663753805745297,0.07985869144223416,0.10059677066255387,0.07412489206765321,0.008244785373866642",0.054098,0.557232,inf,11,11
2003032891209_Node0_Node8_Zero,"[0, 1, 2, 3, 4, 5, 6, 7, 8]",2003.032891,2003.323511,inf,3,10,2343.0,"0.007663753805745297,0.060875320705829565,0.03840967607115694,0.060875320705829565,0.007663753805745297,0.0108521532000108",0.031057,0.527643,inf,11,11
2003038359431_Node0_Node8_Zero,"[0, 1, 2, 3, 4, 5, 6, 7, 8]",2003.038359,2003.33132,inf,3,9,2343.0,"0.009254181499051783,0.06503290188466701,0.03840967607115694,0.060875320705829565,0.02007173615790435,0.007663753805745297",0.033551,0.207243,inf,11,11
2003043822240_Node0_Node8_Zero,"[0, 1, 2, 3, 4, 5, 6, 7, 8]",2003.043822,2003.335209,2.989688,5,12,2343.0,"0.007663753805745297,0.08997786118798293,0.03840967607115694,0.060875320705829565,0.007663753805745297,0.0108521532000108,0.07213147188094098,0.06720690574182973",0.044348,0.329705,14.593636,11,11
2003049288068_Node0_Node8_Zero,"[0, 1, 2, 3, 4, 5, 6, 7, 8]",2003.049288,2003.340562,inf,3,7,2343.0,"0.008037296785317718,0.10362499144130127,0.03840967607115694,0.060875320705829565",0.052737,0.516186,inf,11,11
2003054756425_Node0_Node8_Zero,"[0, 1, 2, 3, 4, 5, 6, 7, 8]",2003.054756,2003.344369,inf,3,8,2343.0,"0.007663753805745297,0.060875320705829565,0.03840967607115694,0.060875320705829565",0.041956,0.329705,inf,11,11
2003060223644_Node0_Node8_Zero,"[0, 1, 2, 3, 4, 5, 6, 7, 8]",2003.060224,2003.346272,inf,3,7,2343.0,"0.008037296785317718,0.060875320705829565,0.03840967607115694,0.060875320705829565,0.007663753805745297",0.035172,0.297917,inf,11,11
2003065687769_Node0_Node8_Zero,"[0, 1, 2, 3, 4, 5, 6, 7, 8]",2003.065688,2003.348331,2.973539,5,11,2343.0,"0.007663753805745297,0.060875320705829565,0.07029369221410957,0.060875320705829565,0.007663753805745297,0.00809153991326584,0.060875320705829565,0.060875320705829565",0.042152,1.664145,13.218765,11,11
2003071154917_Node0_Node8_Zero,"[0, 1, 2, 3, 4, 5, 6, 7, 8]",2003.071155,2003.353041,inf,3,8,2343.0,"0.008037296785317718,0.060875320705829565,0.07029369221410957,0.060875320705829565,0.007663753805745297,0.011723460772203955",0.036578,0.516186,inf,11,11
2003076621313_Node0_Node8_Zero,"[0, 1, 2, 3, 4, 5, 6, 7, 8]",2003.076621,2003.356916,inf,0,5,2343.0,0.007663753805745297,0.007663753805745297,0.243419,inf,11,11
2003082089144_Node0_Node8_Zero,"[0, 1, 2, 3, 4, 5, 6, 7, 8]",2003.082089,2003.359731,inf,3,9,2343.0,"0.008122630028937497,0.07399456459121775,0.07029369221410957,0.060875320705829565,0.007663753805745297,0.007663753805745297",0.038102,0.436114,inf,11,11
2003087552079_Node0_Node8_Zero,"[0, 1, 2, 3, 4, 5, 6, 7, 8]",2003.087552,2003.366699,inf,4,9,2343.0,"0.007663753805745297,0.0833343571504348,0.03840967607115694,0.060875320705829565,0.007663753805745297,0.008370610558325957,0.06341337662571017",0.038533,0.527643,inf,11,11
2003093017252_Node0_Node8_Zero,"[0, 1, 2, 3, 4, 5, 6, 7, 8]",2003.093017,2003.457736,inf,4,9,2343.0,"0.007663753805745297,0.060875320705829565,0.03840967607115694,0.060875320705829565,0.007663753805745297,0.007663753805745297,0.060875320705829565",0.034861,0.201952,inf,11,11
2003098483855_Node0_Node8_Zero,"[0, 1, 2, 3, 4, 5, 6, 7, 8]",2003.098484,2003.463609,inf,0,12,2343.0,"0.02007173615790435,0.015291241504138024",0.017681,1.008809,inf,11,11
2003103946882_Node0_Node8_Zero,"[0, 1, 2, 3, 4, 5, 6, 7, 8]",2003.103947,2003.863514,2.992424,5,10,2343.0,"0.016017373884422304,0.060875320705829565,0.03840967607115694,0.060875320705829565,0.008173897708827777,0.007663753805745297,0.060875320705829565,0.06281851976948816",0.039464,1.664145,13.640721,11,11
2003109416135_Node0_Node8_Zero,"[0, 1, 2, 3, 4, 5, 6, 7, 8]",2003.109416,2005.192909,inf,3,9,2343.0,"0.007663753805745297,0.060875320705829565,0.04004848965369483,0.060875320705829565,0.007663753805745297",0.035425,0.846351,inf,11,11
2003114876935_Node0_Node8_Zero,"[0, 1, 2, 3, 4, 5, 6, 7, 8]",2003.114877,2005.196551,inf,0,5,2327.5,0.009254181499051783,0.009254181499051783,2.009498,inf,22,22
2003120337787_Node0_Node8_Zero,"[0, 1, 2, 3, 4, 5, 6, 7, 8]",2003.120338,2005.196551,inf,0,5,2327.5,0.009254181499051783,0.009254181499051783,0.215139,inf,22,22
2003125806091_Node0_Node8_Zero,"[0, 1, 2, 3, 4, 5, 6, 7, 8]",2003.125806,2005.197007,inf,2,14,2327.5,"0.04004848965369483,0.06720690574182973,0.03840967607115694,0.060875320705829565,0.007663753805745297",0.042841,8.340465,inf,11,22
2003131268510_Node0_Node8_Zero,"[0, 1, 2, 3, 4, 5, 6, 7, 8]",2003.131269,2005.197007,2.979862,4,21,2327.5,"0.04004848965369483,0.06720690574182973,0.03840967607115694,0.060875320705829565,0.007663753805745297,0.008552024057830905,0.060875320705829565,0.06256236538220403",0.043274,1.664145,13.585098,11,22
2003136735225_Node0_Node8_Zero,"[0, 1, 2, 3, 4, 5, 6, 7, 8]",2003.136735,2005.21858,inf,0,3,2327.5,0.009080820203196631,0.009080820203196631,0.458071,inf,22,22
2003142201290_Node0_Node8_Zero,"[0, 1, 2, 3, 4, 5, 6, 7, 8]",2003.142201,2005.21858,inf,0,3,2327.5,0.009080820203196631,0.009080820203196631,0.458071,inf,22,22
2003147661224_Node0_Node8_Zero,"[0, 1, 2, 3, 4, 5, 6, 7, 8]",2003.147661,2005.223651,inf,0,7,3483.5,0.018611261843080686,0.018611261843080686,0.667421,inf,33,33
2003153127116_Node0_Node8_Zero,"[0, 1, 2, 3, 4, 5, 6, 7, 8]",2003.153127,2005.223651,inf,0,7,3483.5,0.018611261843080686,0.018611261843080686,0.857676,inf,33,33
2003158590427_Node0_Node8_Zero,"[0, 1, 2, 3, 4, 5, 6, 7, 8]",2003.15859,2005.223651,inf,0,7,3483.5,0.018611261843080686,0.018611261843080686,4.04134,inf,33,33
2003164051260_Node0_Node8_Zero,"[0, 1, 2, 3, 4, 5, 6, 7, 8]",2003.164051,2005.225668,inf,3,7,3483.5,"0.042404630470246646,0.08620166084983023,0.02328012749974378,0.0675186657626526,0.007663753805745297",0.045414,0.827795,inf,11,33
2003169512775_Node0_Node8_Zero,"[0, 1, 2, 3, 4, 5, 6, 7, 8]",2003.169513,2005.225668,inf,3,18,3483.5,"0.042404630470246646,0.08620166084983023,0.02328012749974378,0.06837764747291135,0.007663753805745297",0.045586,0.827795,inf,11,33
2003174973750_Node0_Node8_Zero,"[0, 1, 2, 3, 4, 5, 6, 7, 8]",2003.174974,2005.225668,inf,3,7,3483.5,"0.042404630470246646,0.08620166084983023,0.028722185358065245,0.15943536375336315,0.007663753805745297",0.064886,1.459895,inf,11,33
2003180435931_Node0_Node8_Zero,"[0, 1, 2, 3, 4, 5, 6, 7, 8]",2003.180436,2005.233648,2.995137,5,10,3483.5,"0.0455118172250942,0.07321896958646905,0.028722185358065245,0.0675186657626526,0.007663753805745297,0.007663753805745297,0.07213147188094098,0.06906576255172758",0.046437,1.664145,14.997278,11,33
2003185897448_Node0_Node8_Zero,"[0, 1, 2, 3, 4, 5, 6, 7, 8]",2003.185897,2005.233648,2.979253,5,22,3483.5,"0.0455118172250942,0.07321896958646905,0.04004848965369483,0.06852087386228663,0.007663753805745297,0.0108521532000108,0.07532263273429193,0.06331855323417639",0.048057,0.82841,13.7493,11,33
2003191361672_Node0_Node8_Zero,"[0, 1, 2, 3, 4, 5, 6, 7, 8]",2003.191362,2005.233648,inf,3,18,3483.5,"0.0455118172250942,0.07321896958646905,0.04004848965369483,0.06852087386228663,0.007663753805745297",0.046993,0.095883,inf,11,33
2003196824820_Node0_Node8_Zero,"[0, 1, 2, 3, 4, 5, 6, 7, 8]",2003.196825,2005.240475,2.941398,5,18,3483.5,"0.043426445363198736,0.08620166084983023,0.04004848965369483,0.06852087386228663,0.008173897708827777,0.007663753805745297,0.0728807465888332,0.06762837276501912",0.049318,0.124829,14.685156,11,33
2003202288212_Node0_Node8_Zero,"[0, 1, 2, 3, 4, 5, 6, 7, 8]",2003.202288,2005.240475,2.940574,5,17,3483.5,"0.043426445363198736,0.08620166084983023,0.04004848965369483,0.06852087386228663,0.008999844980485127,0.008551754960072253,0.060875320705829565,0.060875320705829565",0.047187,0.117282,13.218765,11,33
2003207756140_Node0_Node8_Zero,"[0, 1, 2, 3, 4, 5, 6, 7, 8]",2003.207756,2005.240475,inf,3,10,3483.5,"0.043426445363198736,0.08620166084983023,0.023662919207815384,0.0675186657626526,0.008728680014682385,0.0108521532000108",0.040065,0.148831,inf,11,33
2003213222769_Node0_Node8_Zero,"[0, 1, 2, 3, 4, 5, 6, 7, 8]",2003.213223,2005.256553,inf,3,8,3483.5,"0.046659904041357336,0.08620166084983023,0.023662919207815384,0.15943536375336315,0.007663753805745297",0.064725,0.890643,inf,11,33
2003218689216_Node0_Node8_Zero,"[0, 1, 2, 3, 4, 5, 6, 7, 8]",2003.218689,2005.256553,2.994826,5,9,3483.5,"0.046659904041357336,0.08620166084983023,0.021652952277363968,0.0675186657626526,0.007663753805745297,0.007663753805745297,0.07409385802065872,0.06831074794542097",0.047471,1.664145,14.83333,11,33
2003224151383_Node0_Node8_Zero,"[0, 1, 2, 3, 4, 5, 6, 7, 8]",2003.224151,2005.256553,2.993867,5,11,3483.5,"0.046659904041357336,0.08620166084983023,0.021652952277363968,0.060875320705829565,0.007663753805745297,0.008034843398125468,0.06304095396399768,0.07681443880526743",0.046368,1.664145,16.679863,11,33
2003229611370_Node0_Node8_Zero,"[0, 1, 2, 3, 4, 5, 6, 7, 8]",2003.229611,2005.265064,2.999613,5,10,3483.5,"0.042404630470246646,0.07339508130264627,0.021652952277363968,0.060875320705829565,0.009234862573861191,0.007663753805745297,0.060875320705829565,0.060875320705829565",0.042122,1.006401,13.218765,11,33
2003235079937_Node0_Node8_Zero,"[0, 1, 2, 3, 4, 5, 6, 7, 8]",2003.23508,2005.265064,2.988356,5,9,3483.5,"0.042404630470246646,0.07339508130264627,0.021652952277363968,0.060875320705829565,0.007663753805745297,0.0108521532000108,0.07213147188094098,0.06720690574182973",0.044523,1.006401,14.593636,11,33
2003240546711_Node0_Node8_Zero,"[0, 1, 2, 3, 4, 5, 6, 7, 8]",2003.240547,2005.265064,2.994926,5,9,3483.5,"0.042404630470246646,0.07339508130264627,0.026878629238169888,0.060875320705829565,0.007663753805745297,0.007663753805745297,0.06304159358525831,0.06720690574182973",0.043641,0.117039,14.593636,11,33
2003246015250_Node0_Node8_Zero,"[0, 1, 2, 3, 4, 5, 6, 7, 8]",2003.246015,2005.273425,inf,3,15,3483.5,"0.053820545765045955,0.08819925438227909,0.026878629238169888,0.060875320705829565,0.008173897708827777,0.007663753805745297",0.040935,1.77492,inf,11,33
2003251477146_Node0_Node8_Zero,"[0, 1, 2, 3, 4, 5, 6, 7, 8]",2003.251477,2005.273425,inf,3,9,3483.5,"0.053820545765045955,0.08819925438227909,0.023662919207815384,0.15943536375336315,0.007663753805745297",0.066556,1.202742,inf,11,33
2003256939569_Node0_Node8_Zero,"[0, 1, 2, 3, 4, 5, 6, 7, 8]",2003.25694,2005.273425,2.994938,5,11,3483.5,"0.053820545765045955,0.08819925438227909,0.023662919207815384,0.15943536375336315,0.007663753805745297,0.0108521532000108,0.06294277704411534,0.06878980200082978",0.059421,1.202742,14.937354,11,33
2003262399898_Node0_Node8_Zero,"[0, 1, 2, 3, 4, 5, 6, 7, 8]",2003.2624,2005.287572,2.998068,5,19,3483.5,"0.046071992566457325,0.07339508130264627,0.04004848965369483,0.060875320705829565,0.007663753805745297,0.0108521532000108,0.060875320705829565,0.060875320705829565",0.045082,1.006401,13.218765,11,33
2003267865870_Node0_Node8_Zero,"[0, 1, 2, 3, 4, 5, 6, 7, 8]",2003.267866,2005.287572,2.975764,5,16,3483.5,"0.046071992566457325,0.07339508130264627,0.04004848965369483,0.060875320705829565,0.007663753805745297,0.007663753805745297,0.07769153957156821,0.0714638325674662",0.048109,1.006401,15.518006,11,33
2003273328307_Node0_Node8_Zero,"[0, 1, 2, 3, 4, 5, 6, 7, 8]",2003.273328,2005.287572,2.974758,5,17,3483.5,"0.046071992566457325,0.07339508130264627,0.04004848965369483,0.060875320705829565,0.007663753805745297,0.008468104791684153,0.060875320705829565,0.060875320705829565",0.044784,0.879972,13.218765,11,33
2003278795137_Node0_Node8_Zero,"[0, 1, 2, 3, 4, 5, 6, 7, 8]",2003.278795,2007.387549,inf,1,0,3483.5,0.04682503863516297,0.04682503863516297,10.167818,inf,33,33
2003284260438_Node0_Node8_Zero,"[0, 1, 2, 3, 4, 5, 6, 7, 8]",2003.28426,2007.387549,inf,1,0,3483.5,0.04682503863516297,0.04682503863516297,10.167818,inf,33,33
2003289726890_Node0_Node8_Zero,"[0, 1, 2, 3, 4, 5, 6, 7, 8]",2003.289727,2007.387549,inf,1,0,3483.5,0.04682503863516297,0.04682503863516297,10.167818,inf,33,33
2004377242083_Node0_Node8_Zero,"[0, 1, 2, 3, 4, 5, 6, 7, 8]",2004.377242,2007.389549,inf,0,0,4639.5,0.03840967607115694,0.03840967607115694,8.340465,inf,44,44
2004382704730_Node0_Node8_Zero,"[0, 1, 2, 3, 4, 5, 6, 7, 8]",2004.382705,2007.389549,inf,0,0,4639.5,0.03840967607115694,0.03840967607115694,8.340465,inf,44,44
2004388172040_Node0_Node8_Zero,"[0, 1, 2, 3, 4, 5, 6, 7, 8]",2004.388172,2007.389549,inf,0,0,4639.5,0.03840967607115694,0.03840967607115694,8.340465,inf,44,44
2004393640850_Node0_Node8_Zero,"[0, 1, 2, 3, 4, 5, 6, 7, 8]",2004.393641,2007.389549,inf,1,1,4639.5,0.03840967607115694,0.03840967607115694,8.340465,inf,44,44
2004399104253_Node0_Node8_Zero,"[0, 1, 2, 3, 4, 5, 6, 7, 8]",2004.399104,2007.391463,inf,3,2,4639.5,"0.060875320705829565,0.08620166084983023,0.01811866851446067,0.060875320705829565",0.056518,3.934376,inf,11,44
2004404572261_Node0_Node8_Zero,"[0, 1, 2, 3, 4, 5, 6, 7, 8]",2004.404572,2007.391463,inf,2,1,4639.5,"0.060875320705829565,0.08620166084983023,0.007663753805745297",0.05158,0.343354,inf,11,44
2004410034877_Node0_Node8_Zero,"[0, 1, 2, 3, 4, 5, 6, 7, 8]",2004.410035,2007.391463,inf,2,0,4639.5,"0.060875320705829565,0.08620166084983023,0.007663753805745297",0.05158,13.218765,inf,11,44
2004415496469_Node0_Node8_Zero,"[0, 1, 2, 3, 4, 5, 6, 7, 8]",2004.415496,2007.391463,inf,2,0,4639.5,"0.060875320705829565,0.08620166084983023,0.02007173615790435",0.055716,13.218765,inf,11,44
2004420957617_Node0_Node8_Zero,"[0, 1, 2, 3, 4, 5, 6, 7, 8]",2004.420958,2007.401069,inf,2,2,4639.5,"0.060875320705829565,0.060875320705829565",0.060875,13.218765,inf,44,44
2004426421191_Node0_Node8_Zero,"[0, 1, 2, 3, 4, 5, 6, 7, 8]",2004.426421,2007.401069,inf,2,2,4639.5,"0.060875320705829565,0.060875320705829565",0.060875,13.218765,inf,44,44
2004431886628_Node0_Node8_Zero,"[0, 1, 2, 3, 4, 5, 6, 7, 8]",2004.431887,2007.401069,inf,2,2,4639.5,"0.060875320705829565,0.060875320705829565,0.007663753805745297",0.043138,13.218765,inf,11,44
2004437350385_Node0_Node8_Zero,"[0, 1, 2, 3, 4, 5, 6, 7, 8]",2004.43735,2007.401069,inf,2,2,4639.5,"0.060875320705829565,0.060875320705829565,0.007663753805745297",0.043138,1.664145,inf,11,44
2004442813280_Node0_Node8_Zero,"[0, 1, 2, 3, 4, 5, 6, 7, 8]",2004.442813,2007.401188,inf,3,6,4639.5,"0.15943536375336315,0.060875320705829565,0.02007173615790435,0.060875320705829565,0.007663753805745297",0.061784,0.697807,inf,11,44
2004448279784_Node0_Node8_Zero,"[0, 1, 2, 3, 4, 5, 6, 7, 8]",2004.44828,2007.401188,inf,2,4,4639.5,"0.15943536375336315,0.060875320705829565,0.007663753805745297",0.075991,0.343354,inf,11,44
2004453744270_Node0_Node8_Zero,"[0, 1, 2, 3, 4, 5, 6, 7, 8]",2004.453744,2007.401188,inf,2,3,4639.5,"0.15943536375336315,0.060875320705829565,0.007663753805745297",0.075991,0.343354,inf,11,44
2004459206679_Node0_Node8_Zero,"[0, 1, 2, 3, 4, 5, 6, 7, 8]",2004.459207,2007.401188,inf,2,3,4639.5,"0.15943536375336315,0.060875320705829565,0.007663753805745297",0.075991,0.343354,inf,11,44
2004464674364_Node0_Node8_Zero,"[0, 1, 2, 3, 4, 5, 6, 7, 8]",2004.464674,2007.408669,inf,2,2,4639.5,"0.15943536375336315,0.060875320705829565,0.007663753805745297",0.075991,1.664145,inf,11,44
2004470138572_Node0_Node8_Zero,"[0, 1, 2, 3, 4, 5, 6, 7, 8]",2004.470139,2007.408669,inf,3,2,4639.5,"0.15943536375336315,0.060875320705829565,0.007663753805745297,0.07213147188094098,0.007663753805745297",0.061554,0.796387,inf,11,44
2004475605990_Node0_Node8_Zero,"[0, 1, 2, 3, 4, 5, 6, 7, 8]",2004.475606,2007.408669,inf,2,3,4639.5,"0.15943536375336315,0.060875320705829565,0.007663753805745297",0.075991,0.343354,inf,11,44
2004481074339_Node0_Node8_Zero,"[0, 1, 2, 3, 4, 5, 6, 7, 8]",2004.481074,2007.408669,inf,3,4,4639.5,"0.15943536375336315,0.060875320705829565,0.02007173615790435,0.060875320705829565,0.007663753805745297,0.0108521532000108",0.053296,0.796387,inf,11,44
2004486536019_Node0_Node8_Zero,"[0, 1, 2, 3, 4, 5, 6, 7, 8]",2004.486536,2007.416634,inf,3,2,4639.5,"0.060875320705829565,0.060875320705829565,0.02007173615790435,0.060875320705829565,0.009080820203196631",0.042356,1.635975,inf,11,44
2004492004165_Node0_Node8_Zero,"[0, 1, 2, 3, 4, 5, 6, 7, 8]",2004.492004,2007.416634,inf,2,2,4639.5,"0.060875320705829565,0.060875320705829565,0.007663753805745297",0.043138,0.624645,inf,11,44
2004497467497_Node0_Node8_Zero,"[0, 1, 2, 3, 4, 5, 6, 7, 8]",2004.497467,2007.416634,inf,3,5,4639.5,"0.060875320705829565,0.060875320705829565,0.02007173615790435,0.060875320705829565,0.007663753805745297,0.01688166919744451",0.037874,0.796387,inf,11,44
2004502929553_Node0_Node8_Zero,"[0, 1, 2, 3, 4, 5, 6, 7, 8]",2004.50293,2007.416634,inf,2,2,4639.5,"0.060875320705829565,0.060875320705829565,0.012178642927503293",0.044643,0.992637,inf,11,44
2004508394230_Node0_Node8_Zero,"[0, 1, 2, 3, 4, 5, 6, 7, 8]",2004.508394,2007.425056,3.000442,5,4,4639.5,"0.060875320705829565,0.060875320705829565,0.02007173615790435,0.060875320705829565,0.008460853654311672,0.015291241504138024,0.060875320705829565,0.07213147188094098",0.044932,0.796387,15.662981,11,44
2004513857317_Node0_Node8_Zero,"[0, 1, 2, 3, 4, 5, 6, 7, 8]",2004.513857,2007.425056,inf,3,3,4639.5,"0.060875320705829565,0.060875320705829565,0.02007173615790435,0.060875320705829565,0.007663753805745297",0.042072,0.756263,inf,11,44
2004519319359_Node0_Node8_Zero,"[0, 1, 2, 3, 4, 5, 6, 7, 8]",2004.519319,2007.425056,inf,2,2,4639.5,"0.060875320705829565,0.060875320705829565,0.007663753805745297",0.043138,0.607279,inf,11,44
2004524787178_Node0_Node8_Zero,"[0, 1, 2, 3, 4, 5, 6, 7, 8]",2004.524787,2007.425056,inf,4,7,4639.5,"0.060875320705829565,0.060875320705829565,0.02007173615790435,0.060875320705829565,0.007663753805745297,0.015998098256718687,0.07148826324236318",0.04255,1.001814,inf,11,44
2004530251870_Node0_Node8_Zero,"[0, 1, 2, 3, 4, 5, 6, 7, 8]",2004.530252,2007.429463,inf,2,2,4639.5,"0.08620166084983023,0.060875320705829565,0.02007173615790435",0.055716,1.213944,inf,11,44
2004535715385_Node0_Node8_Zero,"[0, 1, 2, 3, 4, 5, 6, 7, 8]",2004.535715,2007.429463,inf,2,2,4639.5,"0.08620166084983023,0.060875320705829565,0.02007173615790435",0.055716,2.119646,inf,11,44
2004541182888_Node0_Node8_Zero,"[0, 1, 2, 3, 4, 5, 6, 7, 8]",2004.541183,2007.429463,inf,2,2,4639.5,"0.08620166084983023,0.060875320705829565,0.007663753805745297",0.05158,13.218765,inf,11,44
2004546652293_Node0_Node8_Zero,"[0, 1, 2, 3, 4, 5, 6, 7, 8]",2004.546652,2007.429463,inf,2,2,4639.5,"0.08620166084983023,0.060875320705829565,0.009080820203196631",0.052053,1.971854,inf,11,44
2004552121488_Node0_Node8_Zero,"[0, 1, 2, 3, 4, 5, 6, 7, 8]",2004.552121,2007.429543,inf,2,2,4639.5,"0.15943536375336315,0.060875320705829565,0.007663753805745297",0.075991,0.624645,inf,11,44
2004557584456_Node0_Node8_Zero,"[0, 1, 2, 3, 4, 5, 6, 7, 8]",2004.557584,2007.429543,2.979538,5,13,4639.5,"0.15943536375336315,0.060875320705829565,0.02007173615790435,0.060875320705829565,0.007663753805745297,0.019456647367559775,0.07148826324236318,0.06824541968953347",0.058514,0.100715,14.819144,11,44
2004563053559_Node0_Node8_Zero,"[0, 1, 2, 3, 4, 5, 6, 7, 8]",2004.563054,2007.429543,inf,3,4,4639.5,"0.15943536375336315,0.060875320705829565,0.014319542611602076,0.060875320705829565,0.007663753805745297",0.060634,1.167135,inf,11,44
2004568521004_Node0_Node8_Zero,"[0, 1, 2, 3, 4, 5, 6, 7, 8]",2004.568521,2007.429543,inf,4,7,4639.5,"0.15943536375336315,0.060875320705829565,0.02007173615790435,0.060875320705829565,0.007663753805745297,0.019456647367559775,0.07213147188094098",0.057216,0.796387,inf,11,44
2004573984594_Node0_Node8_Zero,"[0, 1, 2, 3, 4, 5, 6, 7, 8]",2004.573985,2007.439534,inf,2,0,4639.5,"0.15943536375336315,0.060875320705829565,0.007663753805745297",0.075991,1.664145,inf,11,44
2004579446477_Node0_Node8_Zero,"[0, 1, 2, 3, 4, 5, 6, 7, 8]",2004.579446,2007.439534,inf,2,0,4639.5,"0.15943536375336315,0.060875320705829565,0.007663753805745297",0.075991,1.664145,inf,11,44
2004584914565_Node0_Node8_Zero,"[0, 1, 2, 3, 4, 5, 6, 7, 8]",2004.584915,2007.439534,inf,2,0,4639.5,"0.15943536375336315,0.060875320705829565,0.007663753805745297",0.075991,1.664145,inf,11,44
2004590376843_Node0_Node8_Zero,"[0, 1, 2, 3, 4, 5, 6, 7, 8]",2004.590377,2007.439534,inf,3,1,4639.5,"0.15943536375336315,0.060875320705829565,0.007663753805745297,0.060875320705829565",0.072212,0.820953,inf,11,44
2004595838913_Node0_Node8_Zero,"[0, 1, 2, 3, 4, 5, 6, 7, 8]",2004.595839,2007.444175,inf,4,4,4639.5,"0.07213147188094098,0.060875320705829565,0.007663753805745297,0.060875320705829565,0.009080820203196631,0.019456647367559775,0.06492753512886967",0.042144,0.130598,inf,11,44
2004601302635_Node0_Node8_Zero,"[0, 1, 2, 3, 4, 5, 6, 7, 8]",2004.601303,2007.444175,inf,2,1,4639.5,"0.07213147188094098,0.060875320705829565,0.011162138836230608",0.048056,0.815586,inf,11,44
2004606763250_Node0_Node8_Zero,"[0, 1, 2, 3, 4, 5, 6, 7, 8]",2004.606763,2007.444175,inf,3,2,4639.5,"0.07213147188094098,0.060875320705829565,0.02007173615790435,0.060875320705829565,0.009080820203196631,0.01688166919744451",0.039986,1.036237,inf,11,44
2004612227902_Node0_Node8_Zero,"[0, 1, 2, 3, 4, 5, 6, 7, 8]",2004.612228,2007.444175,inf,3,2,4639.5,"0.07213147188094098,0.060875320705829565,0.007663753805745297,0.03840967607115694,0.007663753805745297",0.037349,0.559969,inf,11,44
2004617690572_Node0_Node8_Zero,"[0, 1, 2, 3, 4, 5, 6, 7, 8]",2004.617691,2007.448663,inf,1,7,4639.5,0.07213147188094098,0.07213147188094098,34.620575,inf,44,44
2004623152720_Node0_Node8_Zero,"[0, 1, 2, 3, 4, 5, 6, 7, 8]",2004.623153,2007.448663,inf,2,6,4639.5,"0.07213147188094098,0.08620166084983023",0.079167,18.71825,inf,44,44
2004628613301_Node0_Node8_Zero,"[0, 1, 2, 3, 4, 5, 6, 7, 8]",2004.628613,2007.448663,inf,2,4,4639.5,"0.07213147188094098,0.060875320705829565,0.007663753805745297",0.04689,1.664145,inf,11,44
2004634080981_Node0_Node8_Zero,"[0, 1, 2, 3, 4, 5, 6, 7, 8]",2004.634081,2007.448663,inf,2,4,4639.5,"0.07213147188094098,0.060875320705829565,0.007663753805745297",0.04689,1.664145,inf,11,44
2004639545488_Node0_Node8_Zero,"[0, 1, 2, 3, 4, 5, 6, 7, 8]",2004.639545,2007.448762,inf,2,6,4639.5,"0.15943536375336315,0.060875320705829565,0.007663753805745297",0.075991,0.559969,inf,11,44
2004645007790_Node0_Node8_Zero,"[0, 1, 2, 3, 4, 5, 6, 7, 8]",2004.645008,2007.448762,2.978131,6,11,4639.5,"0.15943536375336315,0.060875320705829565,0.02007173615790435,0.042404630470246646,0.007663753805745297,0.04422826533920206,0.07421279051397495,0.06720690574182973",0.059512,0.796387,14.593636,11,44
2004650472833_Node0_Node8_Zero,"[0, 1, 2, 3, 4, 5, 6, 7, 8]",2004.650473,2007.448762,inf,2,4,4639.5,"0.15943536375336315,0.060875320705829565,0.007663753805745297",0.075991,0.624645,inf,11,44
2004655936098_Node0_Node8_Zero,"[0, 1, 2, 3, 4, 5, 6, 7, 8]",2004.655936,2007.448762,inf,2,5,4639.5,"0.15943536375336315,0.060875320705829565,0.008460853654311672",0.076257,0.689614,inf,11,44
2004661404716_Node0_Node8_Zero,"[0, 1, 2, 3, 4, 5, 6, 7, 8]",2004.661405,2007.454312,inf,2,2,4639.5,"0.15943536375336315,0.060875320705829565,0.007663753805745297",0.075991,1.664145,inf,11,44
2004666866844_Node0_Node8_Zero,"[0, 1, 2, 3, 4, 5, 6, 7, 8]",2004.666867,2007.454312,inf,2,2,4639.5,"0.15943536375336315,0.060875320705829565,0.007663753805745297",0.075991,1.664145,inf,11,44
2004672330644_Node0_Node8_Zero,"[0, 1, 2, 3, 4, 5, 6, 7, 8]",2004.672331,2007.454312,inf,2,2,4639.5,"0.15943536375336315,0.060875320705829565,0.009441458947658521",0.076584,2.050165,inf,11,44
2004677794891_Node0_Node8_Zero,"[0, 1, 2, 3, 4, 5, 6, 7, 8]",2004.677795,2007.454312,inf,2,2,4639.5,"0.15943536375336315,0.060875320705829565,0.007663753805745297",0.075991,1.664145,inf,11,44
2004683263057_Node0_Node8_Zero,"[0, 1, 2, 3, 4, 5, 6, 7, 8]",2004.683263,2007.47362,inf,2,1,4639.5,"0.15943536375336315,0.08620166084983023,0.007663753805745297",0.084434,1.664145,inf,11,44
2004688725159_Node0_Node8_Zero,"[0, 1, 2, 3, 4, 5, 6, 7, 8]",2004.688725,2007.47362,inf,2,1,4639.5,"0.15943536375336315,0.08620166084983023,0.007663753805745297",0.084434,1.664145,inf,11,44
2004694191673_Node0_Node8_Zero,"[0, 1, 2, 3, 4, 5, 6, 7, 8]",2004.694192,2007.47362,inf,2,2,4639.5,"0.15943536375336315,0.08620166084983023,0.007663753805745297",0.084434,1.664145,inf,11,44
2004699651327_Node0_Node8_Zero,"[0, 1, 2, 3, 4, 5, 6, 7, 8]",2004.699651,2007.47362,inf,3,2,4639.5,"0.15943536375336315,0.08567030047569152,0.007663753805745297,0.03840967607115694",0.072795,1.664145,inf,11,44
2004705118174_Node0_Node8_Zero,"[0, 1, 2, 3, 4, 5, 6, 7, 8]",2004.705118,2007.489675,inf,0,7,4639.5,0.007663753805745297,0.007663753805745297,0.310563,inf,44,44
2004710579515_Node0_Node8_Zero,"[0, 1, 2, 3, 4, 5, 6, 7, 8]",2004.71058,2007.489675,inf,0,7,4639.5,0.007663753805745297,0.007663753805745297,0.386589,inf,44,44
2004716047993_Node0_Node8_Zero,"[0, 1, 2, 3, 4, 5, 6, 7, 8]",2004.716048,2007.489675,inf,0,7,4639.5,0.007663753805745297,0.007663753805745297,1.664145,inf,44,44
2004721513349_Node0_Node8_Zero,"[0, 1, 2, 3, 4, 5, 6, 7, 8]",2004.721513,2007.489675,inf,0,7,4639.5,0.007663753805745297,0.007663753805745297,0.310563,inf,44,44
2004726980193_Node0_Node8_Zero,"[0, 1, 2, 3, 4, 5, 6, 7, 8]",2004.72698,2008.129184,inf,1,0,4639.5,0.060875320705829565,0.060875320705829565,13.218765,inf,44,44
2004732443202_Node0_Node8_Zero,"[0, 1, 2, 3, 4, 5, 6, 7, 8]",2004.732443,2008.129184,inf,1,0,4639.5,0.060875320705829565,0.060875320705829565,13.218765,inf,44,44
2004737903353_Node0_Node8_Zero,"[0, 1, 2, 3, 4, 5, 6, 7, 8]",2004.737903,2008.129184,inf,1,0,4639.5,0.060875320705829565,0.060875320705829565,13.218765,inf,44,44
2004743365776_Node0_Node8_Zero,"[0, 1, 2, 3, 4, 5, 6, 7, 8]",2004.743366,2008.129184,inf,1,0,4639.5,0.060875320705829565,0.060875320705829565,13.218765,inf,44,44
2005087641677_Node0_Node8_Zero,"[0, 1, 2, 3, 4, 5, 6, 7, 8]",2005.087642,2008.13115,inf,1,0,4639.5,0.060875320705829565,0.060875320705829565,13.218765,inf,44,44
2005093101968_Node0_Node8_Zero,"[0, 1, 2, 3, 4, 5, 6, 7, 8]",2005.093102,2008.13115,inf,1,0,4639.5,0.060875320705829565,0.060875320705829565,13.218765,inf,44,44
2005098562434_Node0_Node8_Zero,"[0, 1, 2, 3, 4, 5, 6, 7, 8]",2005.098562,2008.13115,inf,1,0,4639.5,0.060875320705829565,0.060875320705829565,13.218765,inf,44,44
2005104024717_Node0_Node8_Zero,"[0, 1, 2, 3, 4, 5, 6, 7, 8]",2005.104025,2008.13115,inf,1,0,4639.5,0.060875320705829565,0.060875320705829565,13.218765,inf,44,44
2005109484776_Node0_Node8_Zero,"[0, 1, 2, 3, 4, 5, 6, 7, 8]",2005.109485,2008.13305,inf,1,0,4639.5,0.060875320705829565,0.060875320705829565,13.218765,inf,44,44
2005114948591_Node0_Node8_Zero,"[0, 1, 2, 3, 4, 5, 6, 7, 8]",2005.114949,2008.13305,inf,1,0,4639.5,0.060875320705829565,0.060875320705829565,13.218765,inf,44,44
2005120408351_Node0_Node8_Zero,"[0, 1, 2, 3, 4, 5, 6, 7, 8]",2005.120408,2008.13305,inf,1,0,4639.5,0.060875320705829565,0.060875320705829565,13.218765,inf,44,44
2005125870042_Node0_Node8_Zero,"[0, 1, 2, 3, 4, 5, 6, 7, 8]",2005.12587,2008.13305,inf,1,0,4639.5,0.060875320705829565,0.060875320705829565,13.218765,inf,44,44
2005131329661_Node0_Node8_Zero,"[0, 1, 2, 3, 4, 5, 6, 7, 8]",2005.13133,2008.13521,inf,1,0,4639.5,0.060875320705829565,0.060875320705829565,13.218765,inf,44,44
2005136791525_Node0_Node8_Zero,"[0, 1, 2, 3, 4, 5, 6, 7, 8]",2005.136792,2008.13521,inf,1,0,4639.5,0.060875320705829565,0.060875320705829565,13.218765,inf,44,44
2005142257042_Node0_Node8_Zero,"[0, 1, 2, 3, 4, 5, 6, 7, 8]",2005.142257,2008.13521,inf,2,0,4639.5,"0.060875320705829565,0.060875320705829565,0.009149890167834471",0.043634,0.409937,inf,11,44
2005147724541_Node0_Node8_Zero,"[0, 1, 2, 3, 4, 5, 6, 7, 8]",2005.147725,2008.13521,inf,2,0,4639.5,"0.060875320705829565,0.060875320705829565,0.007663753805745297",0.043138,0.343354,inf,11,44
2005153185884_Node0_Node8_Zero,"[0, 1, 2, 3, 4, 5, 6, 7, 8]",2005.153186,2008.137169,inf,2,1,4639.5,"0.060875320705829565,0.060875320705829565,0.007663753805745297",0.043138,0.343354,inf,11,44
2005158645442_Node0_Node8_Zero,"[0, 1, 2, 3, 4, 5, 6, 7, 8]",2005.158645,2008.137169,inf,2,0,4639.5,"0.060875320705829565,0.060875320705829565,0.007663753805745297",0.043138,0.343354,inf,11,44
2005164105486_Node0_Node8_Zero,"[0, 1, 2, 3, 4, 5, 6, 7, 8]",2005.164105,2008.137169,inf,2,0,4639.5,"0.060875320705829565,0.060875320705829565,0.007663753805745297",0.043138,0.343354,inf,11,44
2005169568461_Node0_Node8_Zero,"[0, 1, 2, 3, 4, 5, 6, 7, 8]",2005.169568,2008.137169,inf,2,0,4639.5,"0.060875320705829565,0.060875320705829565,0.007663753805745297",0.043138,0.674084,inf,11,44
2005175031491_Node0_Node8_Zero,"[0, 1, 2, 3, 4, 5, 6, 7, 8]",2005.175031,2008.139089,inf,2,0,4639.5,"0.060875320705829565,0.060875320705829565,0.007663753805745297",0.043138,0.343354,inf,11,44
2005180493162_Node0_Node8_Zero,"[0, 1, 2, 3, 4, 5, 6, 7, 8]",2005.180493,2008.139089,inf,2,0,4639.5,"0.060875320705829565,0.060875320705829565,0.007663753805745297",0.043138,0.343354,inf,11,44
2005185952703_Node0_Node8_Zero,"[0, 1, 2, 3, 4, 5, 6, 7, 8]",2005.185953,2008.139089,inf,2,1,4639.5,"0.060875320705829565,0.060875320705829565,0.007663753805745297",0.043138,0.343354,inf,11,44
2005191412270_Node0_Node8_Zero,"[0, 1, 2, 3, 4, 5, 6, 7, 8]",2005.191412,2008.139089,inf,2,1,4639.5,"0.060875320705829565,0.060875320705829565,0.007663753805745297",0.043138,0.343354,inf,11,44
2005196876376_Node0_Node8_Zero,"[0, 1, 2, 3, 4, 5, 6, 7, 8]",2005.196876,2008.142583,inf,2,3,4639.5,"0.060875320705829565,0.15943536375336315,0.007663753805745297",0.075991,0.343354,inf,11,44
2005202345474_Node0_Node8_Zero,"[0, 1, 2, 3, 4, 5, 6, 7, 8]",2005.202345,2008.142583,inf,2,3,4639.5,"0.060875320705829565,0.15943536375336315,0.007663753805745297",0.075991,34.620575,inf,11,44
2005207805501_Node0_Node8_Zero,"[0, 1, 2, 3, 4, 5, 6, 7, 8]",2005.207806,2008.142583,inf,2,3,4639.5,"0.060875320705829565,0.060875320705829565,0.007663753805745297,0.03840967607115694",0.041956,0.343354,inf,11,44
2005213265272_Node0_Node8_Zero,"[0, 1, 2, 3, 4, 5, 6, 7, 8]",2005.213265,2008.142583,inf,2,2,4639.5,"0.060875320705829565,0.060875320705829565,0.007663753805745297",0.043138,0.343354,inf,11,44
2005218728406_Node0_Node8_Zero,"[0, 1, 2, 3, 4, 5, 6, 7, 8]",2005.218728,2008.142902,inf,2,1,4639.5,"0.15943536375336315,0.060875320705829565,0.007663753805745297",0.075991,0.343354,inf,11,44
2005224189909_Node0_Node8_Zero,"[0, 1, 2, 3, 4, 5, 6, 7, 8]",2005.22419,2008.142902,inf,2,1,4639.5,"0.15943536375336315,0.060875320705829565,0.007663753805745297",0.075991,12.995004,inf,11,44
2005229659118_Node0_Node8_Zero,"[0, 1, 2, 3, 4, 5, 6, 7, 8]",2005.229659,2008.142902,inf,2,1,4639.5,"0.15943536375336315,0.15943536375336315,0.007663753805745297",0.108845,0.674084,inf,11,44
2005235119994_Node0_Node8_Zero,"[0, 1, 2, 3, 4, 5, 6, 7, 8]",2005.23512,2008.142902,inf,2,1,4639.5,"0.15943536375336315,0.15943536375336315,0.007663753805745297",0.108845,34.620575,inf,11,44
2005240587706_Node0_Node8_Zero,"[0, 1, 2, 3, 4, 5, 6, 7, 8]",2005.240588,2008.158831,inf,2,2,4639.5,"0.15943536375336315,0.060875320705829565,0.007663753805745297",0.075991,12.995004,inf,11,44
2005246055060_Node0_Node8_Zero,"[0, 1, 2, 3, 4, 5, 6, 7, 8]",2005.246055,2008.158831,inf,2,3,4639.5,"0.15943536375336315,0.060875320705829565,0.007663753805745297",0.075991,0.343354,inf,11,44
2005251522552_Node0_Node8_Zero,"[0, 1, 2, 3, 4, 5, 6, 7, 8]",2005.251523,2008.158831,inf,2,3,4639.5,"0.15943536375336315,0.060875320705829565,0.007663753805745297",0.075991,0.343354,inf,11,44
2005256988956_Node0_Node8_Zero,"[0, 1, 2, 3, 4, 5, 6, 7, 8]",2005.256989,2008.158831,inf,2,3,4639.5,"0.15943536375336315,0.060875320705829565,0.007663753805745297",0.075991,0.343354,inf,11,44
2005262450477_Node0_Node8_Zero,"[0, 1, 2, 3, 4, 5, 6, 7, 8]",2005.26245,2008.162448,inf,2,3,4639.5,"0.060875320705829565,0.060875320705829565",0.060875,13.218765,inf,44,44
2005267914450_Node0_Node8_Zero,"[0, 1, 2, 3, 4, 5, 6, 7, 8]",2005.267914,2008.162448,inf,2,2,4639.5,"0.060875320705829565,0.060875320705829565,0.007663753805745297",0.043138,0.343354,inf,11,44
2005273375659_Node0_Node8_Zero,"[0, 1, 2, 3, 4, 5, 6, 7, 8]",2005.273376,2008.162448,inf,2,2,4639.5,"0.060875320705829565,0.060875320705829565,0.007663753805745297",0.043138,13.218765,inf,11,44
2005278841067_Node0_Node8_Zero,"[0, 1, 2, 3, 4, 5, 6, 7, 8]",2005.278841,2008.162448,inf,2,2,4639.5,"0.060875320705829565,0.060875320705829565",0.060875,13.218765,inf,44,44
2005284304859_Node0_Node8_Zero,"[0, 1, 2, 3, 4, 5, 6, 7, 8]",2005.284305,2008.167673,inf,2,3,4639.5,"0.15943536375336315,0.060875320705829565,0.007663753805745297",0.075991,0.343354,inf,11,44
2005289770380_Node0_Node8_Zero,"[0, 1, 2, 3, 4, 5, 6, 7, 8]",2005.28977,2008.167673,inf,3,5,4639.5,"0.15943536375336315,0.060875320705829565,0.007663753805745297,0.060875320705829565,0.008731240237962127",0.059516,0.343354,inf,11,44
2005295235983_Node0_Node8_Zero,"[0, 1, 2, 3, 4, 5, 6, 7, 8]",2005.295236,2008.167673,inf,2,0,4639.5,"0.15943536375336315,0.060875320705829565,0.007663753805745297",0.075991,12.995004,inf,11,44
2005300698565_Node0_Node8_Zero,"[0, 1, 2, 3, 4, 5, 6, 7, 8]",2005.300699,2008.167673,inf,2,0,4639.5,"0.15943536375336315,0.060875320705829565,0.02007173615790435",0.080127,4.358475,inf,11,44
2005306167539_Node0_Node8_Zero,"[0, 1, 2, 3, 4, 5, 6, 7, 8]",2005.306168,2008.177033,inf,2,2,4639.5,"0.15943536375336315,0.060875320705829565,0.007663753805745297",0.075991,0.343354,inf,11,44
2005311630306_Node0_Node8_Zero,"[0, 1, 2, 3, 4, 5, 6, 7, 8]",2005.31163,2008.177033,inf,2,2,4639.5,"0.15943536375336315,0.060875320705829565,0.007663753805745297",0.075991,0.246808,inf,11,44
2005317094338_Node0_Node8_Zero,"[0, 1, 2, 3, 4, 5, 6, 7, 8]",2005.317094,2008.177033,inf,3,4,4639.5,"0.15943536375336315,0.060875320705829565,0.02007173615790435,0.060875320705829565,0.009080820203196631",0.062068,0.826834,inf,11,44
2005322555908_Node0_Node8_Zero,"[0, 1, 2, 3, 4, 5, 6, 7, 8]",2005.322556,2008.177033,inf,2,3,4639.5,"0.15943536375336315,0.060875320705829565,0.007663753805745297",0.075991,1.664145,inf,11,44
2005328018718_Node0_Node8_Zero,"[0, 1, 2, 3, 4, 5, 6, 7, 8]",2005.328019,2008.180691,inf,2,4,4639.5,"0.060875320705829565,0.060875320705829565",0.060875,12.995004,inf,44,44
2005333480929_Node0_Node8_Zero,"[0, 1, 2, 3, 4, 5, 6, 7, 8]",2005.333481,2008.180691,inf,2,4,4639.5,"0.060875320705829565,0.060875320705829565",0.060875,12.995004,inf,44,44
2005338948616_Node0_Node8_Zero,"[0, 1, 2, 3, 4, 5, 6, 7, 8]",2005.338949,2008.180691,inf,2,3,4639.5,"0.060875320705829565,0.060875320705829565,0.02007173615790435",0.047274,4.358475,inf,11,44
2005344415820_Node0_Node8_Zero,"[0, 1, 2, 3, 4, 5, 6, 7, 8]",2005.344416,2008.180691,inf,2,6,4639.5,"0.060875320705829565,0.060875320705829565,0.007663753805745297",0.043138,0.343354,inf,11,44
2005349880188_Node0_Node8_Zero,"[0, 1, 2, 3, 4, 5, 6, 7, 8]",2005.34988,2008.185674,inf,2,2,4639.5,"0.15943536375336315,0.060875320705829565,0.007663753805745297",0.075991,0.343354,inf,11,44
2005355345534_Node0_Node8_Zero,"[0, 1, 2, 3, 4, 5, 6, 7, 8]",2005.355346,2008.185674,inf,2,2,4639.5,"0.15943536375336315,0.060875320705829565,0.007663753805745297",0.075991,0.674084,inf,11,44
2005360809587_Node0_Node8_Zero,"[0, 1, 2, 3, 4, 5, 6, 7, 8]",2005.36081,2008.185674,inf,2,2,4639.5,"0.15943536375336315,0.060875320705829565,0.007663753805745297",0.075991,13.218765,inf,11,44
2005366270664_Node0_Node8_Zero,"[0, 1, 2, 3, 4, 5, 6, 7, 8]",2005.366271,2008.185674,inf,2,3,4639.5,"0.15943536375336315,0.060875320705829565,0.007663753805745297",0.075991,0.343354,inf,11,44
2005371733737_Node0_Node8_Zero,"[0, 1, 2, 3, 4, 5, 6, 7, 8]",2005.371734,2008.200403,inf,2,3,4639.5,"0.15943536375336315,0.060875320705829565,0.007663753805745297",0.075991,0.255595,inf,11,44
2005377199114_Node0_Node8_Zero,"[0, 1, 2, 3, 4, 5, 6, 7, 8]",2005.377199,2008.200403,inf,3,3,4639.5,"0.15943536375336315,0.060875320705829565,0.007663753805745297,0.060875320705829565,0.007663753805745297",0.059303,0.697807,inf,11,44
2005382659263_Node0_Node8_Zero,"[0, 1, 2, 3, 4, 5, 6, 7, 8]",2005.382659,2008.200403,inf,2,2,4639.5,"0.15943536375336315,0.060875320705829565,0.007663753805745297",0.075991,1.664145,inf,11,44
2005388120743_Node0_Node8_Zero,"[0, 1, 2, 3, 4, 5, 6, 7, 8]",2005.388121,2008.200403,inf,2,3,4639.5,"0.15943536375336315,0.060875320705829565,0.02007173615790435",0.080127,4.358475,inf,11,44
2005393588577_Node0_Node8_Zero,"[0, 1, 2, 3, 4, 5, 6, 7, 8]",2005.393589,2008.200682,inf,2,2,4639.5,"0.15943536375336315,0.060875320705829565,0.007663753805745297",0.075991,0.343354,inf,11,44
2005399048442_Node0_Node8_Zero,"[0, 1, 2, 3, 4, 5, 6, 7, 8]",2005.399048,2008.200682,inf,2,1,4639.5,"0.15943536375336315,0.060875320705829565,0.007663753805745297",0.075991,13.218765,inf,11,44
2005404514512_Node0_Node8_Zero,"[0, 1, 2, 3, 4, 5, 6, 7, 8]",2005.404515,2008.200682,inf,2,1,4639.5,"0.15943536375336315,0.060875320705829565",0.110155,13.218765,inf,44,44
2005409976667_Node0_Node8_Zero,"[0, 1, 2, 3, 4, 5, 6, 7, 8]",2005.409977,2008.200682,inf,2,1,4639.5,"0.15943536375336315,0.060875320705829565",0.110155,13.218765,inf,44,44
2005415441393_Node0_Node8_Zero,"[0, 1, 2, 3, 4, 5, 6, 7, 8]",2005.415441,2008.210518,inf,2,1,4639.5,"0.15943536375336315,0.060875320705829565,0.02007173615790435",0.080127,12.995004,inf,11,44
2005420908111_Node0_Node8_Zero,"[0, 1, 2, 3, 4, 5, 6, 7, 8]",2005.420908,2008.210518,inf,2,1,4639.5,"0.15943536375336315,0.060875320705829565,0.02007173615790435",0.080127,12.995004,inf,11,44
2005426369535_Node0_Node8_Zero,"[0, 1, 2, 3, 4, 5, 6, 7, 8]",2005.42637,2008.210518,inf,2,1,4639.5,"0.15943536375336315,0.060875320705829565,0.007663753805745297",0.075991,12.995004,inf,11,44
2005431835166_Node0_Node8_Zero,"[0, 1, 2, 3, 4, 5, 6, 7, 8]",2005.431835,2008.210518,inf,2,1,4639.5,"0.15943536375336315,0.060875320705829565,0.007663753805745297",0.075991,0.343354,inf,11,44
2005437294792_Node0_Node8_Zero,"[0, 1, 2, 3, 4, 5, 6, 7, 8]",2005.437295,2008.210897,inf,2,1,4639.5,"0.060875320705829565,0.060875320705829565,0.007663753805745297",0.043138,0.674084,inf,11,44
2005442758488_Node0_Node8_Zero,"[0, 1, 2, 3, 4, 5, 6, 7, 8]",2005.442758,2008.210897,inf,2,2,4639.5,"0.060875320705829565,0.060875320705829565,0.007663753805745297",0.043138,0.343354,inf,11,44
2005448220625_Node0_Node8_Zero,"[0, 1, 2, 3, 4, 5, 6, 7, 8]",2005.448221,2008.210897,inf,2,2,4639.5,"0.060875320705829565,0.060875320705829565,0.007663753805745297",0.043138,0.343354,inf,11,44
2005453682527_Node0_Node8_Zero,"[0, 1, 2, 3, 4, 5, 6, 7, 8]",2005.453683,2008.210897,inf,2,1,4639.5,"0.060875320705829565,0.060875320705829565,0.007663753805745297",0.043138,13.218765,inf,11,44
2005459143798_Node0_Node8_Zero,"[0, 1, 2, 3, 4, 5, 6, 7, 8]",2005.459144,2008.21547,inf,2,0,4639.5,"0.15943536375336315,0.060875320705829565,0.007663753805745297",0.075991,1.664145,inf,11,44
2005464607832_Node0_Node8_Zero,"[0, 1, 2, 3, 4, 5, 6, 7, 8]",2005.464608,2008.21547,inf,2,0,4639.5,"0.15943536375336315,0.060875320705829565,0.007663753805745297",0.075991,1.664145,inf,11,44
2005470073616_Node0_Node8_Zero,"[0, 1, 2, 3, 4, 5, 6, 7, 8]",2005.470074,2008.21547,inf,2,1,4639.5,"0.15943536375336315,0.060875320705829565,0.007663753805745297",0.075991,0.343354,inf,11,44
2005475535214_Node0_Node8_Zero,"[0, 1, 2, 3, 4, 5, 6, 7, 8]",2005.475535,2008.21547,inf,2,1,4639.5,"0.15943536375336315,0.060875320705829565,0.007663753805745297",0.075991,0.343354,inf,11,44
2005481002933_Node0_Node8_Zero,"[0, 1, 2, 3, 4, 5, 6, 7, 8]",2005.481003,2008.224067,inf,2,3,4639.5,"0.060875320705829565,0.060875320705829565",0.060875,12.995004,inf,44,44
2005486463289_Node0_Node8_Zero,"[0, 1, 2, 3, 4, 5, 6, 7, 8]",2005.486463,2008.224067,inf,2,3,4639.5,"0.060875320705829565,0.060875320705829565",0.060875,12.995004,inf,44,44
2005491927735_Node0_Node8_Zero,"[0, 1, 2, 3, 4, 5, 6, 7, 8]",2005.491928,2008.224067,inf,2,2,4639.5,"0.060875320705829565,0.060875320705829565",0.060875,13.218765,inf,44,44
2005497387785_Node0_Node8_Zero,"[0, 1, 2, 3, 4, 5, 6, 7, 8]",2005.497388,2008.224067,inf,2,2,4639.5,"0.060875320705829565,0.060875320705829565",0.060875,13.218765,inf,44,44
2005502854788_Node0_Node8_Zero,"[0, 1, 2, 3, 4, 5, 6, 7, 8]",2005.502855,2008.224266,inf,2,3,4639.5,"0.15943536375336315,0.060875320705829565,0.007663753805745297",0.075991,0.343354,inf,11,44
2005508317202_Node0_Node8_Zero,"[0, 1, 2, 3, 4, 5, 6, 7, 8]",2005.508317,2008.224266,inf,3,2,4639.5,"0.15943536375336315,0.060875320705829565,0.02007173615790435,0.060875320705829565,0.009080820203196631",0.062068,0.826834,inf,11,44
2005513777666_Node0_Node8_Zero,"[0, 1, 2, 3, 4, 5, 6, 7, 8]",2005.513778,2008.224266,inf,2,2,4639.5,"0.15943536375336315,0.060875320705829565,0.007663753805745297",0.075991,0.343354,inf,11,44
2005519244768_Node0_Node8_Zero,"[0, 1, 2, 3, 4, 5, 6, 7, 8]",2005.519245,2008.224266,inf,3,2,4639.5,"0.15943536375336315,0.060875320705829565,0.02007173615790435,0.060875320705829565,0.007663753805745297",0.061784,1.664145,inf,11,44
2005524705299_Node0_Node8_Zero,"[0, 1, 2, 3, 4, 5, 6, 7, 8]",2005.524705,2008.229073,inf,2,1,4639.5,"0.15943536375336315,0.060875320705829565,0.007663753805745297",0.075991,0.343354,inf,11,44
2005530166095_Node0_Node8_Zero,"[0, 1, 2, 3, 4, 5, 6, 7, 8]",2005.530166,2008.229073,inf,2,0,4639.5,"0.15943536375336315,0.060875320705829565,0.007663753805745297",0.075991,12.995004,inf,11,44
2005535626185_Node0_Node8_Zero,"[0, 1, 2, 3, 4, 5, 6, 7, 8]",2005.535626,2008.229073,inf,2,1,4639.5,"0.15943536375336315,0.060875320705829565,0.02007173615790435",0.080127,4.358475,inf,11,44
2005541086165_Node0_Node8_Zero,"[0, 1, 2, 3, 4, 5, 6, 7, 8]",2005.541086,2008.229073,inf,3,1,4639.5,"0.15943536375336315,0.060875320705829565,0.02007173615790435,0.060875320705829565",0.075314,4.358475,inf,11,44
2005546552145_Node0_Node8_Zero,"[0, 1, 2, 3, 4, 5, 6, 7, 8]",2005.546552,2008.23635,inf,3,2,4639.5,"0.15943536375336315,0.060875320705829565,0.007663753805745297,0.060875320705829565",0.072212,0.343354,inf,11,44
2005552013981_Node0_Node8_Zero,"[0, 1, 2, 3, 4, 5, 6, 7, 8]",2005.552014,2008.23635,inf,2,2,4639.5,"0.15943536375336315,0.060875320705829565,0.007663753805745297",0.075991,13.218765,inf,11,44
2005557473621_Node0_Node8_Zero,"[0, 1, 2, 3, 4, 5, 6, 7, 8]",2005.557474,2008.23635,inf,2,2,4639.5,"0.15943536375336315,0.060875320705829565,0.02007173615790435",0.080127,13.218765,inf,11,44
2005562939077_Node0_Node8_Zero,"[0, 1, 2, 3, 4, 5, 6, 7, 8]",2005.562939,2008.23635,inf,2,3,4639.5,"0.15943536375336315,0.060875320705829565,0.007663753805745297",0.075991,0.624645,inf,11,44
2005568405611_Node0_Node8_Zero,"[0, 1, 2, 3, 4, 5, 6, 7, 8]",2005.568406,2008.244203,inf,2,2,4639.5,"0.060875320705829565,0.060875320705829565",0.060875,12.995004,inf,44,44
2005573869725_Node0_Node8_Zero,"[0, 1, 2, 3, 4, 5, 6, 7, 8]",2005.57387,2008.244203,inf,2,2,4639.5,"0.060875320705829565,0.060875320705829565",0.060875,13.218765,inf,44,44
2005579332551_Node0_Node8_Zero,"[0, 1, 2, 3, 4, 5, 6, 7, 8]",2005.579333,2008.244203,inf,2,2,4639.5,"0.060875320705829565,0.060875320705829565,0.007663753805745297",0.043138,13.218765,inf,11,44
2005584794685_Node0_Node8_Zero,"[0, 1, 2, 3, 4, 5, 6, 7, 8]",2005.584795,2008.244203,inf,3,7,4639.5,"0.060875320705829565,0.060875320705829565,0.02007173615790435,0.060875320705829565,0.007663753805745297",0.042072,0.911275,inf,11,44
2005590258270_Node0_Node8_Zero,"[0, 1, 2, 3, 4, 5, 6, 7, 8]",2005.590258,2008.244362,inf,2,5,4639.5,"0.15943536375336315,0.060875320705829565,0.007663753805745297",0.075991,0.343354,inf,11,44
2005595725151_Node0_Node8_Zero,"[0, 1, 2, 3, 4, 5, 6, 7, 8]",2005.595725,2008.244362,inf,2,1,4639.5,"0.15943536375336315,0.060875320705829565,0.007663753805745297",0.075991,13.218765,inf,11,44
2005601193151_Node0_Node8_Zero,"[0, 1, 2, 3, 4, 5, 6, 7, 8]",2005.601193,2008.244362,inf,2,2,4639.5,"0.15943536375336315,0.060875320705829565,0.02007173615790435",0.080127,4.358475,inf,11,44
2005606662533_Node0_Node8_Zero,"[0, 1, 2, 3, 4, 5, 6, 7, 8]",2005.606663,2008.244362,inf,2,2,4639.5,"0.15943536375336315,0.060875320705829565,0.007663753805745297",0.075991,0.343354,inf,11,44
2005612129070_Node0_Node8_Zero,"[0, 1, 2, 3, 4, 5, 6, 7, 8]",2005.612129,2008.256029,inf,2,5,4639.5,"0.060875320705829565,0.060875320705829565",0.060875,12.995004,inf,44,44
2005617593604_Node0_Node8_Zero,"[0, 1, 2, 3, 4, 5, 6, 7, 8]",2005.617594,2008.256029,inf,2,5,4639.5,"0.060875320705829565,0.060875320705829565",0.060875,12.995004,inf,44,44
2005623059190_Node0_Node8_Zero,"[0, 1, 2, 3, 4, 5, 6, 7, 8]",2005.623059,2008.256029,inf,2,5,4639.5,"0.060875320705829565,0.060875320705829565",0.060875,13.218765,inf,44,44
2005628521296_Node0_Node8_Zero,"[0, 1, 2, 3, 4, 5, 6, 7, 8]",2005.628521,2008.256029,inf,2,3,4639.5,"0.060875320705829565,0.060875320705829565",0.060875,13.218765,inf,44,44
2005633986603_Node0_Node8_Zero,"[0, 1, 2, 3, 4, 5, 6, 7, 8]",2005.633987,2008.256289,inf,3,4,4639.5,"0.060875320705829565,0.060875320705829565,0.02007173615790435,0.060875320705829565",0.050674,4.358475,inf,11,44
2005639446788_Node0_Node8_Zero,"[0, 1, 2, 3, 4, 5, 6, 7, 8]",2005.639447,2008.256289,inf,2,3,4639.5,"0.060875320705829565,0.060875320705829565,0.007663753805745297",0.043138,0.343354,inf,11,44
2005644909073_Node0_Node8_Zero,"[0, 1, 2, 3, 4, 5, 6, 7, 8]",2005.644909,2008.256289,inf,2,3,4639.5,"0.060875320705829565,0.060875320705829565,0.007663753805745297",0.043138,0.255595,inf,11,44
2005650378453_Node0_Node8_Zero,"[0, 1, 2, 3, 4, 5, 6, 7, 8]",2005.650378,2008.256289,inf,3,8,4639.5,"0.060875320705829565,0.060875320705829565,0.02007173615790435,0.060875320705829565,0.007663753805745297",0.042072,0.697807,inf,11,44
2005655847846_Node0_Node8_Zero,"[0, 1, 2, 3, 4, 5, 6, 7, 8]",2005.655848,2008.271512,inf,2,5,4639.5,"0.15943536375336315,0.060875320705829565,0.007663753805745297",0.075991,0.343354,inf,11,44
2005661310677_Node0_Node8_Zero,"[0, 1, 2, 3, 4, 5, 6, 7, 8]",2005.661311,2008.271512,inf,3,6,4639.5,"0.15943536375336315,0.060875320705829565,0.02007173615790435,0.060875320705829565",0.075314,4.358475,inf,11,44
2005666776176_Node0_Node8_Zero,"[0, 1, 2, 3, 4, 5, 6, 7, 8]",2005.666776,2008.271512,inf,2,4,4639.5,"0.15943536375336315,0.060875320705829565,0.007663753805745297",0.075991,13.218765,inf,11,44
2005672241157_Node0_Node8_Zero,"[0, 1, 2, 3, 4, 5, 6, 7, 8]",2005.672241,2008.271512,inf,3,4,4639.5,"0.15943536375336315,0.060875320705829565,0.018919904980856717,0.060875320705829565",0.075026,4.108361,inf,11,44
2005677706481_Node0_Node8_Zero,"[0, 1, 2, 3, 4, 5, 6, 7, 8]",2005.677706,2008.287924,inf,2,2,4639.5,"0.0736993443574035,0.060875320705829565,0.007663753805745297",0.047413,0.343354,inf,11,44
2005683173094_Node0_Node8_Zero,"[0, 1, 2, 3, 4, 5, 6, 7, 8]",2005.683173,2008.287924,inf,2,2,4639.5,"0.0736993443574035,0.060875320705829565,0.007663753805745297",0.047413,0.255595,inf,11,44
2005688636131_Node0_Node8_Zero,"[0, 1, 2, 3, 4, 5, 6, 7, 8]",2005.688636,2008.287924,inf,2,0,4639.5,"0.0736993443574035,0.060875320705829565,0.007663753805745297",0.047413,13.218765,inf,11,44
2005694100799_Node0_Node8_Zero,"[0, 1, 2, 3, 4, 5, 6, 7, 8]",2005.694101,2008.287924,inf,2,1,4639.5,"0.0736993443574035,0.060875320705829565,0.007663753805745297",0.047413,13.218765,inf,11,44
2005699566607_Node0_Node8_Zero,"[0, 1, 2, 3, 4, 5, 6, 7, 8]",2005.699567,2008.289829,inf,2,2,4639.5,"0.0736993443574035,0.060875320705829565,0.007663753805745297",0.047413,0.343354,inf,11,44
2005705030255_Node0_Node8_Zero,"[0, 1, 2, 3, 4, 5, 6, 7, 8]",2005.70503,2008.289829,inf,2,1,4639.5,"0.0736993443574035,0.060875320705829565,0.007663753805745297",0.047413,1.664145,inf,11,44
2005710498482_Node0_Node8_Zero,"[0, 1, 2, 3, 4, 5, 6, 7, 8]",2005.710498,2008.289829,inf,2,0,4639.5,"0.0736993443574035,0.060875320705829565,0.007663753805745297",0.047413,0.343354,inf,11,44
2005715964929_Node0_Node8_Zero,"[0, 1, 2, 3, 4, 5, 6, 7, 8]",2005.715965,2008.289829,inf,2,0,4639.5,"0.0736993443574035,0.060875320705829565,0.007663753805745297",0.047413,13.218765,inf,11,44
2005721424666_Node0_Node8_Zero,"[0, 1, 2, 3, 4, 5, 6, 7, 8]",2005.721425,2008.291769,inf,2,0,4639.5,"0.060875320705829565,0.060875320705829565,0.02007173615790435",0.047274,13.218765,inf,11,44
2005726884616_Node0_Node8_Zero,"[0, 1, 2, 3, 4, 5, 6, 7, 8]",2005.726885,2008.291769,inf,2,1,4639.5,"0.060875320705829565,0.060875320705829565,0.007663753805745297",0.043138,0.343354,inf,11,44
2005732344902_Node0_Node8_Zero,"[0, 1, 2, 3, 4, 5, 6, 7, 8]",2005.732345,2008.291769,inf,2,1,4639.5,"0.060875320705829565,0.060875320705829565,0.007663753805745297",0.043138,0.343354,inf,11,44
2005737812964_Node0_Node8_Zero,"[0, 1, 2, 3, 4, 5, 6, 7, 8]",2005.737813,2008.291769,inf,2,0,4639.5,"0.060875320705829565,0.060875320705829565,0.007663753805745297",0.043138,13.218765,inf,11,44
2005743273114_Node0_Node8_Zero,"[0, 1, 2, 3, 4, 5, 6, 7, 8]",2005.743273,2008.29834,inf,2,4,4639.5,"0.060875320705829565,0.060875320705829565,0.007663753805745297",0.043138,1.664145,inf,11,44
2005748735848_Node0_Node8_Zero,"[0, 1, 2, 3, 4, 5, 6, 7, 8]",2005.748736,2008.29834,inf,2,4,4639.5,"0.060875320705829565,0.060875320705829565,0.007663753805745297",0.043138,0.343354,inf,11,44
2005754200212_Node0_Node8_Zero,"[0, 1, 2, 3, 4, 5, 6, 7, 8]",2005.7542,2008.29834,inf,2,4,4639.5,"0.060875320705829565,0.060875320705829565",0.060875,13.218765,inf,44,44
2005759663174_Node0_Node8_Zero,"[0, 1, 2, 3, 4, 5, 6, 7, 8]",2005.759663,2008.29834,inf,2,3,4639.5,"0.060875320705829565,0.060875320705829565,0.02007173615790435",0.047274,4.358475,inf,11,44
2005765126872_Node0_Node8_Zero,"[0, 1, 2, 3, 4, 5, 6, 7, 8]",2005.765127,2008.29842,inf,3,2,4639.5,"0.15943536375336315,0.060875320705829565,0.02007173615790435,0.07213147188094098",0.078128,4.358475,inf,11,44
2005770589975_Node0_Node8_Zero,"[0, 1, 2, 3, 4, 5, 6, 7, 8]",2005.77059,2008.29842,inf,2,2,4639.5,"0.15943536375336315,0.060875320705829565,0.007663753805745297",0.075991,0.343354,inf,11,44
2005776055845_Node0_Node8_Zero,"[0, 1, 2, 3, 4, 5, 6, 7, 8]",2005.776056,2008.29842,inf,2,1,4639.5,"0.15943536375336315,0.060875320705829565,0.007663753805745297",0.075991,0.343354,inf,11,44
2005781515435_Node0_Node8_Zero,"[0, 1, 2, 3, 4, 5, 6, 7, 8]",2005.781515,2008.29842,inf,2,0,4639.5,"0.15943536375336315,0.060875320705829565,0.007663753805745297",0.075991,12.995004,inf,11,44
2005786975980_Node0_Node8_Zero,"[0, 1, 2, 3, 4, 5, 6, 7, 8]",2005.786976,2008.304736,inf,2,3,4639.5,"0.15943536375336315,0.060875320705829565",0.110155,13.218765,inf,44,44
2005792442046_Node0_Node8_Zero,"[0, 1, 2, 3, 4, 5, 6, 7, 8]",2005.792442,2008.304736,inf,2,3,4639.5,"0.15943536375336315,0.060875320705829565",0.110155,13.218765,inf,44,44
2005797905959_Node0_Node8_Zero,"[0, 1, 2, 3, 4, 5, 6, 7, 8]",2005.797906,2008.304736,inf,2,3,4639.5,"0.15943536375336315,0.060875320705829565,0.007663753805745297",0.075991,1.664145,inf,11,44
2005803375003_Node0_Node8_Zero,"[0, 1, 2, 3, 4, 5, 6, 7, 8]",2005.803375,2008.304736,inf,2,3,4639.5,"0.15943536375336315,0.060875320705829565,0.007663753805745297",0.075991,0.343354,inf,11,44
2005808835031_Node0_Node8_Zero,"[0, 1, 2, 3, 4, 5, 6, 7, 8]",2005.808835,2008.321242,inf,2,2,4639.5,"0.07421279051397495,0.060875320705829565,0.007663753805745297",0.047584,0.343354,inf,11,44
2005814298645_Node0_Node8_Zero,"[0, 1, 2, 3, 4, 5, 6, 7, 8]",2005.814299,2008.321242,inf,2,2,4639.5,"0.07421279051397495,0.060875320705829565,0.007663753805745297",0.047584,0.343354,inf,11,44
2005819767446_Node0_Node8_Zero,"[0, 1, 2, 3, 4, 5, 6, 7, 8]",2005.819767,2008.321242,inf,2,2,4639.5,"0.07421279051397495,0.060875320705829565,0.007663753805745297",0.047584,1.664145,inf,11,44
2005825233674_Node0_Node8_Zero,"[0, 1, 2, 3, 4, 5, 6, 7, 8]",2005.825234,2008.321242,inf,2,4,4639.5,"0.07421279051397495,0.060875320705829565,0.007663753805745297",0.047584,0.343354,inf,11,44
2005830703069_Node0_Node8_Zero,"[0, 1, 2, 3, 4, 5, 6, 7, 8]",2005.830703,2008.321582,inf,2,3,4639.5,"0.15943536375336315,0.060875320705829565",0.110155,13.218765,inf,44,44
2005836167382_Node0_Node8_Zero,"[0, 1, 2, 3, 4, 5, 6, 7, 8]",2005.836167,2008.321582,inf,2,3,4639.5,"0.15943536375336315,0.060875320705829565",0.110155,13.218765,inf,44,44
2005841627089_Node0_Node8_Zero,"[0, 1, 2, 3, 4, 5, 6, 7, 8]",2005.841627,2008.321582,inf,2,3,4639.5,"0.15943536375336315,0.060875320705829565",0.110155,13.218765,inf,44,44
2005847092185_Node0_Node8_Zero,"[0, 1, 2, 3, 4, 5, 6, 7, 8]",2005.847092,2008.321582,inf,2,3,4639.5,"0.15943536375336315,0.060875320705829565",0.110155,13.218765,inf,44,44
2005852556731_Node0_Node8_Zero,"[0, 1, 2, 3, 4, 5, 6, 7, 8]",2005.852557,2008.333646,inf,2,2,4639.5,"0.15943536375336315,0.060875320705829565,0.007663753805745297",0.075991,0.257567,inf,11,44
2005858021902_Node0_Node8_Zero,"[0, 1, 2, 3, 4, 5, 6, 7, 8]",2005.858022,2008.333646,inf,2,3,4639.5,"0.15943536375336315,0.060875320705829565,0.007663753805745297",0.075991,0.485581,inf,11,44
2005863490161_Node0_Node8_Zero,"[0, 1, 2, 3, 4, 5, 6, 7, 8]",2005.86349,2008.333646,inf,2,0,4639.5,"0.15943536375336315,0.060875320705829565,0.007663753805745297",0.075991,13.218765,inf,11,44
2005868958980_Node0_Node8_Zero,"[0, 1, 2, 3, 4, 5, 6, 7, 8]",2005.868959,2008.333646,inf,2,0,4639.5,"0.15943536375336315,0.060875320705829565,0.007663753805745297",0.075991,0.485581,inf,11,44
2005874422397_Node0_Node8_Zero,"[0, 1, 2, 3, 4, 5, 6, 7, 8]",2005.874422,2008.344249,inf,2,0,4639.5,"0.15943536375336315,0.060875320705829565,0.007663753805745297",0.075991,0.485581,inf,11,44
2005879889012_Node0_Node8_Zero,"[0, 1, 2, 3, 4, 5, 6, 7, 8]",2005.879889,2008.344249,inf,2,0,4639.5,"0.15943536375336315,0.060875320705829565,0.007663753805745297",0.075991,0.485581,inf,11,44
2005885350955_Node0_Node8_Zero,"[0, 1, 2, 3, 4, 5, 6, 7, 8]",2005.885351,2008.344249,inf,2,1,4639.5,"0.15943536375336315,0.060875320705829565,0.007663753805745297",0.075991,0.485581,inf,11,44
2005890819695_Node0_Node8_Zero,"[0, 1, 2, 3, 4, 5, 6, 7, 8]",2005.89082,2008.344249,inf,2,0,4639.5,"0.15943536375336315,0.060875320705829565,0.007663753805745297",0.075991,0.485581,inf,11,44
2005896280945_Node0_Node8_Zero,"[0, 1, 2, 3, 4, 5, 6, 7, 8]",2005.896281,2008.34615,inf,2,0,4639.5,"0.060875320705829565,0.060875320705829565,0.007663753805745297",0.043138,0.485581,inf,11,44
2005901744386_Node0_Node8_Zero,"[0, 1, 2, 3, 4, 5, 6, 7, 8]",2005.901744,2008.34615,inf,2,0,4639.5,"0.060875320705829565,0.060875320705829565,0.007663753805745297",0.043138,0.485581,inf,11,44
2005907208283_Node0_Node8_Zero,"[0, 1, 2, 3, 4, 5, 6, 7, 8]",2005.907208,2008.34615,inf,2,1,4639.5,"0.060875320705829565,0.060875320705829565,0.007663753805745297",0.043138,0.485581,inf,11,44
2005912672459_Node0_Node8_Zero,"[0, 1, 2, 3, 4, 5, 6, 7, 8]",2005.912672,2008.34615,inf,2,0,4639.5,"0.060875320705829565,0.060875320705829565,0.007663753805745297",0.043138,0.485581,inf,11,44
2005918136054_Node0_Node8_Zero,"[0, 1, 2, 3, 4, 5, 6, 7, 8]",2005.918136,2008.350624,inf,2,2,4639.5,"0.060875320705829565,0.060875320705829565",0.060875,13.218765,inf,44,44
2005923605459_Node0_Node8_Zero,"[0, 1, 2, 3, 4, 5, 6, 7, 8]",2005.923605,2008.350624,inf,2,2,4639.5,"0.060875320705829565,0.060875320705829565",0.060875,13.218765,inf,44,44
2005929068904_Node0_Node8_Zero,"[0, 1, 2, 3, 4, 5, 6, 7, 8]",2005.929069,2008.350624,inf,2,2,4639.5,"0.060875320705829565,0.060875320705829565",0.060875,13.218765,inf,44,44
2005934535882_Node0_Node8_Zero,"[0, 1, 2, 3, 4, 5, 6, 7, 8]",2005.934536,2008.350624,inf,2,1,4639.5,"0.060875320705829565,0.060875320705829565",0.060875,13.218765,inf,44,44
2005940000190_Node0_Node8_Zero,"[0, 1, 2, 3, 4, 5, 6, 7, 8]",2005.94,2008.350743,inf,2,3,4639.5,"0.15943536375336315,0.060875320705829565,0.007663753805745297",0.075991,0.485581,inf,11,44
2005945469661_Node0_Node8_Zero,"[0, 1, 2, 3, 4, 5, 6, 7, 8]",2005.94547,2008.350743,inf,2,2,4639.5,"0.15943536375336315,0.060875320705829565,0.007663753805745297",0.075991,0.485581,inf,11,44
2005950933898_Node0_Node8_Zero,"[0, 1, 2, 3, 4, 5, 6, 7, 8]",2005.950934,2008.350743,inf,2,0,4639.5,"0.15943536375336315,0.060875320705829565,0.007663753805745297",0.075991,0.485581,inf,11,44
2005956397425_Node0_Node8_Zero,"[0, 1, 2, 3, 4, 5, 6, 7, 8]",2005.956397,2008.350743,inf,2,0,4639.5,"0.15943536375336315,0.060875320705829565",0.110155,13.218765,inf,44,44
2005961864006_Node0_Node8_Zero,"[0, 1, 2, 3, 4, 5, 6, 7, 8]",2005.961864,2008.36137,inf,2,4,4639.5,"0.15943536375336315,0.060875320705829565,0.007663753805745297",0.075991,0.86372,inf,11,44
2005967327552_Node0_Node8_Zero,"[0, 1, 2, 3, 4, 5, 6, 7, 8]",2005.967328,2008.36137,inf,2,4,4639.5,"0.15943536375336315,0.060875320705829565,0.007663753805745297",0.075991,0.485581,inf,11,44
2005972789357_Node0_Node8_Zero,"[0, 1, 2, 3, 4, 5, 6, 7, 8]",2005.972789,2008.36137,inf,2,4,4639.5,"0.15943536375336315,0.060875320705829565,0.007663753805745297",0.075991,0.485581,inf,11,44
2005978258613_Node0_Node8_Zero,"[0, 1, 2, 3, 4, 5, 6, 7, 8]",2005.978259,2008.36137,inf,2,4,4639.5,"0.15943536375336315,0.060875320705829565",0.110155,12.995004,inf,44,44
2005983721023_Node0_Node8_Zero,"[0, 1, 2, 3, 4, 5, 6, 7, 8]",2005.983721,2008.366112,inf,2,3,4639.5,"0.060875320705829565,0.060875320705829565",0.060875,13.218765,inf,44,44
2005989182097_Node0_Node8_Zero,"[0, 1, 2, 3, 4, 5, 6, 7, 8]",2005.989182,2008.366112,inf,2,3,4639.5,"0.060875320705829565,0.060875320705829565",0.060875,13.218765,inf,44,44
2005994645560_Node0_Node8_Zero,"[0, 1, 2, 3, 4, 5, 6, 7, 8]",2005.994646,2008.366112,inf,2,6,4639.5,"0.060875320705829565,0.060875320705829565,0.007663753805745297",0.043138,0.485581,inf,11,44
2006000112347_Node0_Node8_Zero,"[0, 1, 2, 3, 4, 5, 6, 7, 8]",2006.000112,2008.366112,inf,2,2,4639.5,"0.060875320705829565,0.060875320705829565,0.007663753805745297",0.043138,0.485581,inf,11,44
2006005576909_Node0_Node8_Zero,"[0, 1, 2, 3, 4, 5, 6, 7, 8]",2006.005577,2008.388761,inf,2,4,4639.5,"0.15943536375336315,0.060875320705829565",0.110155,12.995004,inf,44,44
2006011042870_Node0_Node8_Zero,"[0, 1, 2, 3, 4, 5, 6, 7, 8]",2006.011043,2008.388761,inf,2,4,4639.5,"0.15943536375336315,0.060875320705829565",0.110155,12.995004,inf,44,44
2006016505802_Node0_Node8_Zero,"[0, 1, 2, 3, 4, 5, 6, 7, 8]",2006.016506,2008.388761,inf,2,4,4639.5,"0.15943536375336315,0.060875320705829565,0.007663753805745297",0.075991,0.485581,inf,11,44
2006021966275_Node0_Node8_Zero,"[0, 1, 2, 3, 4, 5, 6, 7, 8]",2006.021966,2008.388761,inf,2,4,4639.5,"0.15943536375336315,0.060875320705829565,0.007663753805745297",0.075991,0.485581,inf,11,44
2006027426602_Node0_Node8_Zero,"[0, 1, 2, 3, 4, 5, 6, 7, 8]",2006.027427,2008.38898,inf,2,1,4639.5,"0.15943536375336315,0.060875320705829565,0.007663753805745297",0.075991,0.485581,inf,11,44
2006032894381_Node0_Node8_Zero,"[0, 1, 2, 3, 4, 5, 6, 7, 8]",2006.032894,2008.38898,inf,2,1,4639.5,"0.15943536375336315,0.060875320705829565,0.007663753805745297",0.075991,0.485581,inf,11,44
2006038356976_Node0_Node8_Zero,"[0, 1, 2, 3, 4, 5, 6, 7, 8]",2006.038357,2008.38898,inf,2,1,4639.5,"0.15943536375336315,0.060875320705829565,0.007663753805745297",0.075991,0.485581,inf,11,44
2006043819173_Node0_Node8_Zero,"[0, 1, 2, 3, 4, 5, 6, 7, 8]",2006.043819,2008.38898,inf,2,1,4639.5,"0.15943536375336315,0.060875320705829565,0.007663753805745297",0.075991,0.485581,inf,11,44
2006049286896_Node0_Node8_Zero,"[0, 1, 2, 3, 4, 5, 6, 7, 8]",2006.049287,2008.39361,inf,2,2,4639.5,"0.15943536375336315,0.060875320705829565",0.110155,13.218765,inf,44,44
2006054749536_Node0_Node8_Zero,"[0, 1, 2, 3, 4, 5, 6, 7, 8]",2006.05475,2008.39361,inf,2,2,4639.5,"0.15943536375336315,0.060875320705829565",0.110155,13.218765,inf,44,44
2006060211058_Node0_Node8_Zero,"[0, 1, 2, 3, 4, 5, 6, 7, 8]",2006.060211,2008.39361,inf,2,2,4639.5,"0.15943536375336315,0.060875320705829565",0.110155,13.218765,inf,44,44
2006065676709_Node0_Node8_Zero,"[0, 1, 2, 3, 4, 5, 6, 7, 8]",2006.065677,2008.39361,inf,2,2,4639.5,"0.15943536375336315,0.060875320705829565",0.110155,13.218765,inf,44,44
2006071141802_Node0_Node8_Zero,"[0, 1, 2, 3, 4, 5, 6, 7, 8]",2006.071142,2008.39577,inf,2,3,4639.5,"0.060875320705829565,0.060875320705829565,0.007663753805745297",0.043138,0.485581,inf,11,44
2006076610894_Node0_Node8_Zero,"[0, 1, 2, 3, 4, 5, 6, 7, 8]",2006.076611,2008.39577,inf,2,0,4639.5,"0.060875320705829565,0.060875320705829565,0.007663753805745297",0.043138,0.485581,inf,11,44
2006082077531_Node0_Node8_Zero,"[0, 1, 2, 3, 4, 5, 6, 7, 8]",2006.082078,2008.39577,inf,2,0,4639.5,"0.060875320705829565,0.060875320705829565,0.007663753805745297",0.043138,0.86372,inf,11,44
2006087546832_Node0_Node8_Zero,"[0, 1, 2, 3, 4, 5, 6, 7, 8]",2006.087547,2008.39577,inf,2,0,4639.5,"0.060875320705829565,0.060875320705829565,0.007663753805745297",0.043138,0.86372,inf,11,44
2006093010194_Node0_Node8_Zero,"[0, 1, 2, 3, 4, 5, 6, 7, 8]",2006.09301,2008.399764,inf,2,1,4639.5,"0.060875320705829565,0.060875320705829565,0.007663753805745297",0.043138,0.485581,inf,11,44
2006098474847_Node0_Node8_Zero,"[0, 1, 2, 3, 4, 5, 6, 7, 8]",2006.098475,2008.399764,inf,2,1,4639.5,"0.060875320705829565,0.060875320705829565,0.007663753805745297",0.043138,0.485581,inf,11,44
2006103942854_Node0_Node8_Zero,"[0, 1, 2, 3, 4, 5, 6, 7, 8]",2006.103943,2008.399764,inf,2,2,4639.5,"0.060875320705829565,0.060875320705829565,0.007663753805745297",0.043138,0.485581,inf,11,44
2006109404381_Node0_Node8_Zero,"[0, 1, 2, 3, 4, 5, 6, 7, 8]",2006.109404,2008.399764,inf,2,1,4639.5,"0.060875320705829565,0.060875320705829565,0.007663753805745297",0.043138,0.485581,inf,11,44
2006114864055_Node0_Node8_Zero,"[0, 1, 2, 3, 4, 5, 6, 7, 8]",2006.114864,2008.403989,inf,2,0,4639.5,"0.060875320705829565,0.060875320705829565,0.007663753805745297",0.043138,0.485581,inf,11,44
2006120328542_Node0_Node8_Zero,"[0, 1, 2, 3, 4, 5, 6, 7, 8]",2006.120329,2008.403989,inf,2,0,4639.5,"0.060875320705829565,0.060875320705829565,0.007663753805745297",0.043138,0.485581,inf,11,44
2006125796096_Node0_Node8_Zero,"[0, 1, 2, 3, 4, 5, 6, 7, 8]",2006.125796,2008.403989,inf,2,0,4639.5,"0.060875320705829565,0.060875320705829565,0.007663753805745297",0.043138,0.485581,inf,11,44
2006131258221_Node0_Node8_Zero,"[0, 1, 2, 3, 4, 5, 6, 7, 8]",2006.131258,2008.403989,inf,2,0,4639.5,"0.060875320705829565,0.060875320705829565,0.007663753805745297",0.043138,0.485581,inf,11,44
2006136719667_Node0_Node8_Zero,"[0, 1, 2, 3, 4, 5, 6, 7, 8]",2006.13672,2008.406109,inf,2,0,4639.5,"0.060875320705829565,0.060875320705829565,0.007663753805745297",0.043138,0.485581,inf,11,44
2006142182699_Node0_Node8_Zero,"[0, 1, 2, 3, 4, 5, 6, 7, 8]",2006.142183,2008.406109,inf,2,0,4639.5,"0.060875320705829565,0.060875320705829565,0.007663753805745297",0.043138,0.485581,inf,11,44
2006147649033_Node0_Node8_Zero,"[0, 1, 2, 3, 4, 5, 6, 7, 8]",2006.147649,2008.406109,inf,2,1,4639.5,"0.060875320705829565,0.060875320705829565,0.007663753805745297",0.043138,0.485581,inf,11,44
2006153113541_Node0_Node8_Zero,"[0, 1, 2, 3, 4, 5, 6, 7, 8]",2006.153114,2008.406109,inf,2,0,4639.5,"0.060875320705829565,0.060875320705829565,0.007663753805745297",0.043138,0.485581,inf,11,44
2006158574640_Node0_Node8_Zero,"[0, 1, 2, 3, 4, 5, 6, 7, 8]",2006.158575,2008.40815,inf,2,0,4639.5,"0.060875320705829565,0.060875320705829565,0.007663753805745297",0.043138,0.485581,inf,11,44
2006164040155_Node0_Node8_Zero,"[0, 1, 2, 3, 4, 5, 6, 7, 8]",2006.16404,2008.40815,inf,2,0,4639.5,"0.060875320705829565,0.060875320705829565,0.007663753805745297",0.043138,0.485581,inf,11,44
2006169502929_Node0_Node8_Zero,"[0, 1, 2, 3, 4, 5, 6, 7, 8]",2006.169503,2008.40815,inf,2,0,4639.5,"0.060875320705829565,0.060875320705829565,0.007663753805745297",0.043138,0.485581,inf,11,44
2006174967341_Node0_Node8_Zero,"[0, 1, 2, 3, 4, 5, 6, 7, 8]",2006.174967,2008.40815,inf,2,0,4639.5,"0.060875320705829565,0.060875320705829565,0.007663753805745297",0.043138,0.485581,inf,11,44
2006180428416_Node0_Node8_Zero,"[0, 1, 2, 3, 4, 5, 6, 7, 8]",2006.180428,2008.41005,inf,2,0,4639.5,"0.060875320705829565,0.060875320705829565,0.007663753805745297",0.043138,0.86372,inf,11,44
2006185893982_Node0_Node8_Zero,"[0, 1, 2, 3, 4, 5, 6, 7, 8]",2006.185894,2008.41005,inf,2,0,4639.5,"0.060875320705829565,0.060875320705829565,0.007663753805745297",0.043138,1.664145,inf,11,44
2006191355673_Node0_Node8_Zero,"[0, 1, 2, 3, 4, 5, 6, 7, 8]",2006.191356,2008.41005,inf,2,0,4639.5,"0.060875320705829565,0.060875320705829565,0.007663753805745297",0.043138,13.218765,inf,11,44
2006196818213_Node0_Node8_Zero,"[0, 1, 2, 3, 4, 5, 6, 7, 8]",2006.196818,2008.41005,inf,2,2,4639.5,"0.060875320705829565,0.060875320705829565,0.02007173615790435",0.047274,4.358475,inf,11,44
2006202283893_Node0_Node8_Zero,"[0, 1, 2, 3, 4, 5, 6, 7, 8]",2006.202284,2008.420244,inf,2,2,4639.5,"0.060875320705829565,0.060875320705829565,0.007663753805745297",0.043138,0.485581,inf,11,44
2006207751557_Node0_Node8_Zero,"[0, 1, 2, 3, 4, 5, 6, 7, 8]",2006.207752,2008.420244,inf,2,0,4639.5,"0.060875320705829565,0.060875320705829565,0.007663753805745297",0.043138,1.664145,inf,22,44
2006213211240_Node0_Node8_Zero,"[0, 1, 2, 3, 4, 5, 6, 7, 8]",2006.213211,2008.420244,inf,2,0,4639.5,"0.060875320705829565,0.060875320705829565,0.007663753805745297",0.043138,0.846351,inf,22,44
2006218678363_Node0_Node8_Zero,"[0, 1, 2, 3, 4, 5, 6, 7, 8]",2006.218678,2008.420244,inf,2,0,4639.5,"0.060875320705829565,0.060875320705829565,0.015291241504138024",0.045681,3.320415,inf,22,44
2006224140991_Node0_Node8_Zero,"[0, 1, 2, 3, 4, 5, 6, 7, 8]",2006.224141,2008.42213,inf,2,0,4639.5,"0.060875320705829565,0.060875320705829565,0.015291241504138024",0.045681,13.218765,inf,22,44
2006229604926_Node0_Node8_Zero,"[0, 1, 2, 3, 4, 5, 6, 7, 8]",2006.229605,2008.42213,inf,2,0,4639.5,"0.060875320705829565,0.060875320705829565,0.015291241504138024",0.045681,0.539411,inf,22,44
2006235070070_Node0_Node8_Zero,"[0, 1, 2, 3, 4, 5, 6, 7, 8]",2006.23507,2008.42213,inf,2,2,4639.5,"0.060875320705829565,0.060875320705829565,0.015291241504138024",0.045681,0.539411,inf,22,44
2006240530022_Node0_Node8_Zero,"[0, 1, 2, 3, 4, 5, 6, 7, 8]",2006.24053,2008.42213,inf,2,1,4639.5,"0.060875320705829565,0.060875320705829565,0.015291241504138024",0.045681,13.218765,inf,22,44
2006245990541_Node0_Node8_Zero,"[0, 1, 2, 3, 4, 5, 6, 7, 8]",2006.245991,2008.426564,inf,3,4,4639.5,"0.060875320705829565,0.060875320705829565,0.015291241504138024,0.060875320705829565,0.009080820203196631",0.0414,1.002846,inf,11,44
2006251451381_Node0_Node8_Zero,"[0, 1, 2, 3, 4, 5, 6, 7, 8]",2006.251451,2008.426564,inf,3,2,4639.5,"0.060875320705829565,0.060875320705829565,0.03006653103452393,0.060875320705829565,0.010329613558335218",0.044604,0.97972,inf,11,44
2006256920610_Node0_Node8_Zero,"[0, 1, 2, 3, 4, 5, 6, 7, 8]",2006.256921,2008.426564,inf,3,3,4639.5,"0.060875320705829565,0.060875320705829565,0.03006653103452393,0.060875320705829565,0.007663753805745297",0.044071,0.909317,inf,11,44
2006262381094_Node0_Node8_Zero,"[0, 1, 2, 3, 4, 5, 6, 7, 8]",2006.262381,2008.426564,inf,3,3,4639.5,"0.060875320705829565,0.060875320705829565,0.015291241504138024,0.060875320705829565,0.007663753805745297,0.04887265187829667",0.042409,0.524292,inf,11,44
2006267846688_Node0_Node8_Zero,"[0, 1, 2, 3, 4, 5, 6, 7, 8]",2006.267847,2008.428709,inf,2,2,4639.5,"0.060875320705829565,0.060875320705829565,0.015291241504138024",0.045681,0.524292,inf,22,44
2006273314177_Node0_Node8_Zero,"[0, 1, 2, 3, 4, 5, 6, 7, 8]",2006.273314,2008.428709,inf,2,4,4639.5,"0.060875320705829565,0.060875320705829565,0.015291241504138024",0.045681,0.627049,inf,22,44
2006278779323_Node0_Node8_Zero,"[0, 1, 2, 3, 4, 5, 6, 7, 8]",2006.278779,2008.428709,2.993777,6,7,4639.5,"0.060875320705829565,0.060875320705829565,0.015291241504138024,0.060875320705829565,0.009080820203196631,0.07350852870592,0.07148826324236318,0.060875320705829565",0.051609,0.627049,13.218765,11,44
2006284246018_Node0_Node8_Zero,"[0, 1, 2, 3, 4, 5, 6, 7, 8]",2006.284246,2008.428709,inf,2,3,4639.5,"0.060875320705829565,0.060875320705829565,0.02792444950422847",0.049892,6.063652,inf,22,44
2006289706087_Node0_Node8_Zero,"[0, 1, 2, 3, 4, 5, 6, 7, 8]",2006.289706,2008.433323,inf,2,3,4639.5,"0.060875320705829565,0.060875320705829565,0.015291241504138024",0.045681,1.723353,inf,22,44
2006295169907_Node0_Node8_Zero,"[0, 1, 2, 3, 4, 5, 6, 7, 8]",2006.29517,2008.433323,inf,2,6,4639.5,"0.060875320705829565,0.060875320705829565,0.015291241504138024",0.045681,1.688697,inf,22,44
2006300635379_Node0_Node8_Zero,"[0, 1, 2, 3, 4, 5, 6, 7, 8]",2006.300635,2008.433323,inf,2,3,4639.5,"0.060875320705829565,0.060875320705829565,0.015291241504138024",0.045681,13.218765,inf,22,44
2006306096530_Node0_Node8_Zero,"[0, 1, 2, 3, 4, 5, 6, 7, 8]",2006.306097,2008.433323,inf,3,4,4639.5,"0.060875320705829565,0.060875320705829565,0.015291241504138024,0.060875320705829565,0.010329613558335218",0.041649,0.524292,inf,11,44
2006311559230_Node0_Node8_Zero,"[0, 1, 2, 3, 4, 5, 6, 7, 8]",2006.311559,2008.433622,2.992663,6,5,4639.5,"0.15943536375336315,0.060875320705829565,0.02792444950422847,0.060875320705829565,0.007663753805745297,0.07350852870592,0.06896057382588745,0.041952344531485004",0.062649,0.745102,9.109737,11,44
2006317020977_Node0_Node8_Zero,"[0, 1, 2, 3, 4, 5, 6, 7, 8]",2006.317021,2008.433622,inf,2,3,4639.5,"0.15943536375336315,0.060875320705829565,0.04004848965369483",0.086786,12.995004,inf,22,44
2006322482987_Node0_Node8_Zero,"[0, 1, 2, 3, 4, 5, 6, 7, 8]",2006.322483,2008.433622,2.968588,6,10,4639.5,"0.15943536375336315,0.060875320705829565,0.04004848965369483,0.060875320705829565,0.010329613558335218,0.06492753512886967,0.08322800289221832,0.03840967607115694",0.064766,0.909317,8.340465,11,44
2006327946227_Node0_Node8_Zero,"[0, 1, 2, 3, 4, 5, 6, 7, 8]",2006.327946,2008.433622,inf,3,5,4639.5,"0.15943536375336315,0.060875320705829565,0.015291241504138024,0.07350852870592,0.010329613558335218",0.063888,0.524292,inf,11,44
2006333412247_Node0_Node8_Zero,"[0, 1, 2, 3, 4, 5, 6, 7, 8]",2006.333412,2008.44029,inf,2,5,4639.5,"0.15943536375336315,0.060875320705829565",0.110155,12.995004,inf,44,44
2006338875292_Node0_Node8_Zero,"[0, 1, 2, 3, 4, 5, 6, 7, 8]",2006.338875,2008.44029,inf,2,5,4639.5,"0.15943536375336315,0.060875320705829565",0.110155,12.995004,inf,44,44
2006344341240_Node0_Node8_Zero,"[0, 1, 2, 3, 4, 5, 6, 7, 8]",2006.344341,2008.44029,inf,2,5,4639.5,"0.15943536375336315,0.060875320705829565,0.020932715688467187",0.080414,13.218765,inf,22,44
2006349805542_Node0_Node8_Zero,"[0, 1, 2, 3, 4, 5, 6, 7, 8]",2006.349806,2008.44029,inf,2,5,4639.5,"0.15943536375336315,0.060875320705829565,0.04004848965369483",0.086786,13.218765,inf,22,44
2006355274019_Node0_Node8_Zero,"[0, 1, 2, 3, 4, 5, 6, 7, 8]",2006.355274,2008.450434,inf,2,2,4639.5,"0.15943536375336315,0.060875320705829565,0.015291241504138024",0.078534,1.060642,inf,22,44
2006360742184_Node0_Node8_Zero,"[0, 1, 2, 3, 4, 5, 6, 7, 8]",2006.360742,2008.450434,inf,3,6,4639.5,"0.15943536375336315,0.060875320705829565,0.04004848965369483,0.060875320705829565,0.007663753805745297",0.06578,0.724581,inf,11,44
2006366207020_Node0_Node8_Zero,"[0, 1, 2, 3, 4, 5, 6, 7, 8]",2006.366207,2008.450434,inf,4,5,4639.5,"0.15943536375336315,0.060875320705829565,0.04004848965369483,0.060875320705829565,0.01608679350887789,0.06649007981698087",0.067302,0.524292,inf,11,44
2006371667107_Node0_Node8_Zero,"[0, 1, 2, 3, 4, 5, 6, 7, 8]",2006.371667,2008.450434,inf,3,5,4639.5,"0.15943536375336315,0.060875320705829565,0.04004848965369483,0.060875320705829565,0.010491180816067938",0.066345,1.049871,inf,11,44
2006377127044_Node0_Node8_Zero,"[0, 1, 2, 3, 4, 5, 6, 7, 8]",2006.377127,2008.45943,inf,3,2,4639.5,"0.15943536375336315,0.060875320705829565,0.04004848965369483,0.060875320705829565,0.007663753805745297",0.06578,0.846351,inf,11,44
2006382593924_Node0_Node8_Zero,"[0, 1, 2, 3, 4, 5, 6, 7, 8]",2006.382594,2008.45943,inf,3,4,4639.5,"0.15943536375336315,0.060875320705829565,0.015291241504138024,0.07665703692469726,0.007663753805745297",0.063985,1.664145,inf,11,44
2006388062247_Node0_Node8_Zero,"[0, 1, 2, 3, 4, 5, 6, 7, 8]",2006.388062,2008.45943,inf,3,5,4639.5,"0.15943536375336315,0.060875320705829565,0.015291241504138024,0.07665703692469726,0.007663753805745297",0.063985,1.664145,inf,11,44
2006393524611_Node0_Node8_Zero,"[0, 1, 2, 3, 4, 5, 6, 7, 8]",2006.393525,2008.45943,inf,3,5,4639.5,"0.15943536375336315,0.060875320705829565,0.015291241504138024,0.060875320705829565",0.074119,0.909317,inf,22,44
2006398989589_Node0_Node8_Zero,"[0, 1, 2, 3, 4, 5, 6, 7, 8]",2006.39899,2008.470117,2.995462,6,6,4639.5,"0.15943536375336315,0.060875320705829565,0.015291241504138024,0.060875320705829565,0.010329613558335218,0.0791232878170713,0.08322800289221832,0.03840967607115694",0.063446,0.738992,8.340465,11,44
2006404456922_Node0_Node8_Zero,"[0, 1, 2, 3, 4, 5, 6, 7, 8]",2006.404457,2008.470117,2.994522,6,6,4639.5,"0.15943536375336315,0.060875320705829565,0.03006653103452393,0.07350852870592,0.007663753805745297,0.07350852870592,0.07213147188094098,0.042404630470246646",0.064949,0.083631,9.207949,11,44
2006409918667_Node0_Node8_Zero,"[0, 1, 2, 3, 4, 5, 6, 7, 8]",2006.409919,2008.470117,inf,3,5,4639.5,"0.15943536375336315,0.060875320705829565,0.03006653103452393,0.07350852870592,0.007663753805745297",0.06631,0.846351,inf,11,44
2006415384259_Node0_Node8_Zero,"[0, 1, 2, 3, 4, 5, 6, 7, 8]",2006.415384,2008.470117,inf,2,3,4639.5,"0.15943536375336315,0.060875320705829565,0.020932715688467187",0.080414,8.696325,inf,22,44
2006420845980_Node0_Node8_Zero,"[0, 1, 2, 3, 4, 5, 6, 7, 8]",2006.420846,2008.492187,2.992254,6,9,4639.5,"0.15943536375336315,0.15943536375336315,0.04004848965369483,0.060875320705829565,0.008935306862911413,0.060875320705829565,0.060875320705829565,0.047688093467254264",0.074771,0.846351,10.355226,11,44
2006426310152_Node0_Node8_Zero,"[0, 1, 2, 3, 4, 5, 6, 7, 8]",2006.42631,2008.492187,inf,4,7,4639.5,"0.15943536375336315,0.15943536375336315,0.04004848965369483,0.060875320705829565,0.008935306862911413,0.07350852870592",0.083706,0.923141,inf,11,44
2006431776206_Node0_Node8_Zero,"[0, 1, 2, 3, 4, 5, 6, 7, 8]",2006.431776,2008.492187,inf,3,6,4639.5,"0.15943536375336315,0.15943536375336315,0.04004848965369483,0.060875320705829565,0.007663753805745297",0.085492,0.870911,inf,11,44
2006437243685_Node0_Node8_Zero,"[0, 1, 2, 3, 4, 5, 6, 7, 8]",2006.437244,2008.492187,inf,3,4,4639.5,"0.15943536375336315,0.15943536375336315,0.04004848965369483,0.060875320705829565,0.010329613558335218",0.086025,2.243023,inf,11,44
2006442705805_Node0_Node8_Zero,"[0, 1, 2, 3, 4, 5, 6, 7, 8]",2006.442706,2008.492386,inf,3,5,4639.5,"0.15943536375336315,0.060875320705829565,0.04004848965369483,0.060875320705829565,0.007663753805745297",0.06578,1.664145,inf,11,44
2006448175274_Node0_Node8_Zero,"[0, 1, 2, 3, 4, 5, 6, 7, 8]",2006.448175,2008.492386,inf,3,8,4639.5,"0.15943536375336315,0.060875320705829565,0.015291241504138024,0.07670628328188032",0.078077,1.129294,inf,22,44
2006453636687_Node0_Node8_Zero,"[0, 1, 2, 3, 4, 5, 6, 7, 8]",2006.453637,2008.492386,inf,3,10,4639.5,"0.15943536375336315,0.060875320705829565,0.015291241504138024,0.060875320705829565,0.010329613558335218",0.061361,0.97972,inf,11,44
2006459104039_Node0_Node8_Zero,"[0, 1, 2, 3, 4, 5, 6, 7, 8]",2006.459104,2008.492386,2.992103,6,9,4639.5,"0.15943536375336315,0.060875320705829565,0.037750277948743256,0.060875320705829565,0.00890106484687447,0.06791130407296324,0.060875320705829565,0.047688093467254264",0.063039,0.844228,10.355226,11,44
2006464570249_Node0_Node8_Zero,"[0, 1, 2, 3, 4, 5, 6, 7, 8]",2006.46457,2008.49758,inf,3,8,4639.5,"0.15943536375336315,0.060875320705829565,0.037750277948743256,0.060875320705829565,0.009080820203196631",0.065603,1.002846,inf,11,44
2006470037943_Node0_Node8_Zero,"[0, 1, 2, 3, 4, 5, 6, 7, 8]",2006.470038,2008.49758,inf,2,6,4639.5,"0.15943536375336315,0.060875320705829565,0.015291241504138024",0.078534,1.688697,inf,22,44
2006475497946_Node0_Node8_Zero,"[0, 1, 2, 3, 4, 5, 6, 7, 8]",2006.475498,2008.49758,inf,2,6,4639.5,"0.15943536375336315,0.060875320705829565,0.015291241504138024",0.078534,1.688697,inf,22,44
2006480961844_Node0_Node8_Zero,"[0, 1, 2, 3, 4, 5, 6, 7, 8]",2006.480962,2008.49758,inf,2,4,4639.5,"0.15943536375336315,0.060875320705829565,0.015291241504138024",0.078534,1.132157,inf,22,44
2006486430167_Node0_Node8_Zero,"[0, 1, 2, 3, 4, 5, 6, 7, 8]",2006.48643,2008.503752,inf,2,3,4639.5,"0.15943536375336315,0.09088462777415669,0.015291241504138024",0.088537,1.132157,inf,22,44
2006491893679_Node0_Node8_Zero,"[0, 1, 2, 3, 4, 5, 6, 7, 8]",2006.491894,2008.503752,2.991448,6,9,4639.5,"0.15943536375336315,0.09088462777415669,0.04004848965369483,0.0784118487856537,0.01506891978516174,0.06769589348907724,0.06588635377107276,0.04596076049639066",0.070424,1.429222,9.980144,11,44
2006497359666_Node0_Node8_Zero,"[0, 1, 2, 3, 4, 5, 6, 7, 8]",2006.49736,2008.503752,inf,3,7,4639.5,"0.15943536375336315,0.09088462777415669,0.04004848965369483,0.07622160946813684,0.01175833942744782",0.07567,1.840863,inf,11,44
2006502822380_Node0_Node8_Zero,"[0, 1, 2, 3, 4, 5, 6, 7, 8]",2006.502822,2008.503752,2.978277,6,9,4639.5,"0.15943536375336315,0.09088462777415669,0.022144266632608756,0.07584447203117672,0.008900223915918517,0.07558064218741632,0.060875320705829565,0.04090683804661117",0.066821,0.82832,8.882711,11,44
2006508285312_Node0_Node8_Zero,"[0, 1, 2, 3, 4, 5, 6, 7, 8]",2006.508285,2008.518912,inf,2,3,4639.5,"0.060875320705829565,0.060875320705829565,0.03006653103452393",0.050606,12.995004,inf,22,44
2006513751519_Node0_Node8_Zero,"[0, 1, 2, 3, 4, 5, 6, 7, 8]",2006.513752,2008.518912,inf,2,3,4639.5,"0.060875320705829565,0.060875320705829565,0.03006653103452393",0.050606,12.995004,inf,22,44
2006519212197_Node0_Node8_Zero,"[0, 1, 2, 3, 4, 5, 6, 7, 8]",2006.519212,2008.518912,inf,2,6,4639.5,"0.060875320705829565,0.060875320705829565,0.04004848965369483",0.053933,12.995004,inf,22,44
2006524672097_Node0_Node8_Zero,"[0, 1, 2, 3, 4, 5, 6, 7, 8]",2006.524672,2008.518912,inf,3,4,4639.5,"0.060875320705829565,0.060875320705829565,0.04004848965369483,0.060875320705829565,0.007663753805745297",0.046068,0.740376,inf,11,44
2006530134114_Node0_Node8_Zero,"[0, 1, 2, 3, 4, 5, 6, 7, 8]",2006.530134,2008.519052,2.960025,6,9,4639.5,"0.060875320705829565,0.060875320705829565,0.022144266632608756,0.07584447203117672,0.010329613558335218,0.07917031175044184,0.07258411497438141,0.04083038602972563",0.052832,0.82832,8.86611,11,44
2006535602186_Node0_Node8_Zero,"[0, 1, 2, 3, 4, 5, 6, 7, 8]",2006.535602,2008.519052,inf,3,4,4639.5,"0.060875320705829565,0.060875320705829565,0.04004848965369483,0.060875320705829565,0.008681627529461448",0.046271,1.885171,inf,11,44
2006541067361_Node0_Node8_Zero,"[0, 1, 2, 3, 4, 5, 6, 7, 8]",2006.541067,2008.519052,inf,4,6,4639.5,"0.060875320705829565,0.060875320705829565,0.04004848965369483,0.060875320705829565,0.008939274704885123,0.0675282768504283",0.049857,0.608195,inf,11,44
2006546527950_Node0_Node8_Zero,"[0, 1, 2, 3, 4, 5, 6, 7, 8]",2006.546528,2008.519052,inf,3,5,4639.5,"0.060875320705829565,0.060875320705829565,0.04004848965369483,0.060875320705829565,0.007663753805745297",0.046068,0.521413,inf,11,44
2006551994620_Node0_Node8_Zero,"[0, 1, 2, 3, 4, 5, 6, 7, 8]",2006.551995,2008.526572,inf,3,2,4639.5,"0.060875320705829565,0.060875320705829565,0.015291241504138024,0.060875320705829565,0.007663753805745297",0.041116,1.023864,inf,11,44
2006557454870_Node0_Node8_Zero,"[0, 1, 2, 3, 4, 5, 6, 7, 8]",2006.557455,2008.526572,inf,3,3,4639.5,"0.060875320705829565,0.060875320705829565,0.015291241504138024,0.060875320705829565,0.007663753805745297",0.041116,0.747814,inf,11,44
2006562920378_Node0_Node8_Zero,"[0, 1, 2, 3, 4, 5, 6, 7, 8]",2006.56292,2008.526572,inf,2,5,4639.5,"0.060875320705829565,0.060875320705829565,0.015291241504138024",0.045681,1.128964,inf,22,44
2006568389159_Node0_Node8_Zero,"[0, 1, 2, 3, 4, 5, 6, 7, 8]",2006.568389,2008.526572,inf,2,5,4639.5,"0.060875320705829565,0.060875320705829565,0.015291241504138024",0.045681,1.246334,inf,22,44
2006573854768_Node0_Node8_Zero,"[0, 1, 2, 3, 4, 5, 6, 7, 8]",2006.573855,2008.532877,2.992765,6,9,4639.5,"0.060875320705829565,0.060875320705829565,0.04004848965369483,0.060875320705829565,0.008901162290936772,0.07986390485288972,0.060875320705829565,0.047688093467254264",0.0525,0.616311,10.355226,11,44
2006579320292_Node0_Node8_Zero,"[0, 1, 2, 3, 4, 5, 6, 7, 8]",2006.57932,2008.532877,inf,3,9,4639.5,"0.060875320705829565,0.060875320705829565,0.04004848965369483,0.060875320705829565,0.008681627529461448",0.046271,0.868786,inf,11,44
2006584785534_Node0_Node8_Zero,"[0, 1, 2, 3, 4, 5, 6, 7, 8]",2006.584786,2008.532877,inf,2,3,4639.5,"0.060875320705829565,0.060875320705829565,0.04004848965369483",0.053933,8.696325,inf,22,44
2006590253087_Node0_Node8_Zero,"[0, 1, 2, 3, 4, 5, 6, 7, 8]",2006.590253,2008.532877,inf,2,3,4639.5,"0.060875320705829565,0.060875320705829565,0.04004848965369483",0.053933,8.696325,inf,22,44
2006595714568_Node0_Node8_Zero,"[0, 1, 2, 3, 4, 5, 6, 7, 8]",2006.595715,2008.550822,2.979735,6,13,4639.5,"0.060875320705829565,0.060875320705829565,0.04004848965369483,0.07350852870592,0.02007173615790435,0.0675282768504283,0.0657632068528817,0.04899256837307948",0.054708,0.828602,10.638486,11,44
2006601183327_Node0_Node8_Zero,"[0, 1, 2, 3, 4, 5, 6, 7, 8]",2006.601183,2008.550822,inf,3,3,4639.5,"0.060875320705829565,0.060875320705829565,0.04004848965369483,0.060875320705829565",0.055669,0.796387,inf,22,44
2006606649351_Node0_Node8_Zero,"[0, 1, 2, 3, 4, 5, 6, 7, 8]",2006.606649,2008.550822,inf,4,5,4639.5,"0.060875320705829565,0.060875320705829565,0.04004848965369483,0.060875320705829565,0.007663753805745297,0.07558064218741632",0.050986,0.796387,inf,11,44
2006612111889_Node0_Node8_Zero,"[0, 1, 2, 3, 4, 5, 6, 7, 8]",2006.612112,2008.550822,inf,2,1,4639.5,"0.060875320705829565,0.060875320705829565,0.015291241504138024",0.045681,13.218765,inf,22,44
2006617574452_Node0_Node8_Zero,"[0, 1, 2, 3, 4, 5, 6, 7, 8]",2006.617574,2008.552929,inf,2,1,4639.5,"0.060875320705829565,0.060875320705829565,0.015291241504138024",0.045681,13.218765,inf,22,44
2006623034382_Node0_Node8_Zero,"[0, 1, 2, 3, 4, 5, 6, 7, 8]",2006.623034,2008.552929,inf,3,2,4639.5,"0.060875320705829565,0.060875320705829565,0.04004848965369483",0.053933,13.218765,inf,33,44
2006628501022_Node0_Node8_Zero,"[0, 1, 2, 3, 4, 5, 6, 7, 8]",2006.628501,2008.552929,inf,3,2,4639.5,"0.060875320705829565,0.060875320705829565,0.04004848965369483,0.060875320705829565",0.055669,0.994268,inf,33,44
2006633969078_Node0_Node8_Zero,"[0, 1, 2, 3, 4, 5, 6, 7, 8]",2006.633969,2008.552929,3.000563,6,5,4639.5,"0.060875320705829565,0.060875320705829565,0.04004848965369483,0.0796264755101638,0.008869837470345183,0.060875320705829565,0.06588636346947162,0.04083039071478963",0.052236,0.562,8.866111,11,44
2006639433313_Node0_Node8_Zero,"[0, 1, 2, 3, 4, 5, 6, 7, 8]",2006.639433,2008.557631,inf,4,3,4639.5,"0.060875320705829565,0.060875320705829565,0.10059677066255387,0.060875320705829565,0.007663753805745297",0.058177,1.664145,inf,11,44
2006644901054_Node0_Node8_Zero,"[0, 1, 2, 3, 4, 5, 6, 7, 8]",2006.644901,2008.557631,inf,4,3,4639.5,"0.060875320705829565,0.060875320705829565,0.10059677066255387,0.060875320705829565,0.010329613558335218",0.05871,13.218765,inf,11,44
2006650368907_Node0_Node8_Zero,"[0, 1, 2, 3, 4, 5, 6, 7, 8]",2006.650369,2008.557631,2.998345,6,6,4639.5,"0.060875320705829565,0.08620166084983023,0.10059677066255387,0.060875320705829565,0.007663753805745297,0.06920916728553367,0.06500044984871624,0.018833909964466097",0.058657,0.110102,4.089687,11,44
2006655831580_Node0_Node8_Zero,"[0, 1, 2, 3, 4, 5, 6, 7, 8]",2006.655832,2008.557631,inf,4,3,4639.5,"0.060875320705829565,0.08620166084983023,0.10059677066255387,0.060875320705829565,0.007663753805745297",0.063243,0.374004,inf,11,44
2006661297181_Node0_Node8_Zero,"[0, 1, 2, 3, 4, 5, 6, 7, 8]",2006.661297,2008.55795,3.000707,6,4,4639.5,"0.060875320705829565,0.08620166084983023,0.10059677066255387,0.060875320705829565,0.02007173615790435,0.060875320705829565,0.07966467056973203,0.016468764814364687",0.060704,3.576108,3.576108,11,44
2006666756908_Node0_Node8_Zero,"[0, 1, 2, 3, 4, 5, 6, 7, 8]",2006.666757,2008.55795,inf,4,5,4639.5,"0.060875320705829565,0.08620166084983023,0.03840967607115694,0.060875320705829565",0.06159,13.218765,inf,33,44
2006672220778_Node0_Node8_Zero,"[0, 1, 2, 3, 4, 5, 6, 7, 8]",2006.672221,2008.55795,inf,4,5,4639.5,"0.060875320705829565,0.060875320705829565,0.03840967607115694,0.060875320705829565",0.055259,13.218765,inf,33,44
2006677681066_Node0_Node8_Zero,"[0, 1, 2, 3, 4, 5, 6, 7, 8]",2006.677681,2008.55795,3.001051,6,5,4639.5,"0.060875320705829565,0.060875320705829565,0.03840967607115694,0.07350852870592,0.009174558327014087,0.06920916728553367,0.06699814676438767,0.015291241504138024",0.049293,0.911275,3.320415,11,44
2006683142306_Node0_Node8_Zero,"[0, 1, 2, 3, 4, 5, 6, 7, 8]",2006.683142,2008.563069,inf,5,3,4639.5,"0.060875320705829565,0.08620166084983023,0.10059677066255387,0.060875320705829565,0.02007173615790435,0.060875320705829565",0.064916,4.358475,inf,11,44
2006688610373_Node0_Node8_Zero,"[0, 1, 2, 3, 4, 5, 6, 7, 8]",2006.68861,2008.563069,inf,4,3,4639.5,"0.060875320705829565,0.08620166084983023,0.03840967607115694,0.07350852870592,0.007663753805745297",0.053332,0.909317,inf,11,44
2006694072044_Node0_Node8_Zero,"[0, 1, 2, 3, 4, 5, 6, 7, 8]",2006.694072,2008.563069,inf,4,2,4639.5,"0.060875320705829565,0.08620166084983023,0.03840967607115694,0.07350852870592,0.01402546457897124",0.054604,1.580697,inf,11,44
2006699536524_Node0_Node8_Zero,"[0, 1, 2, 3, 4, 5, 6, 7, 8]",2006.699537,2008.563069,inf,4,2,4639.5,"0.060875320705829565,0.08620166084983023,0.03840967607115694,0.07350852870592,0.02007173615790435",0.055813,4.358475,inf,11,44
2006705004763_Node0_Node8_Zero,"[0, 1, 2, 3, 4, 5, 6, 7, 8]",2006.705005,2008.57038,inf,4,5,4639.5,"0.060875320705829565,0.08620166084983023,0.10059677066255387,0.0833343571504348",0.082752,13.218765,inf,33,44
2006710467087_Node0_Node8_Zero,"[0, 1, 2, 3, 4, 5, 6, 7, 8]",2006.710467,2008.57038,inf,4,5,4639.5,"0.060875320705829565,0.08620166084983023,0.10059677066255387,0.0833343571504348",0.082752,13.218765,inf,33,44
2006715931585_Node0_Node8_Zero,"[0, 1, 2, 3, 4, 5, 6, 7, 8]",2006.715932,2008.57038,inf,4,4,4639.5,"0.060875320705829565,0.08620166084983023,0.10059677066255387,0.060875320705829565",0.077137,13.218765,inf,33,44
2006721396183_Node0_Node8_Zero,"[0, 1, 2, 3, 4, 5, 6, 7, 8]",2006.721396,2008.57038,inf,4,4,4639.5,"0.060875320705829565,0.08620166084983023,0.03840967607115694,0.060875320705829565",0.06159,8.340465,inf,33,44
2006726857431_Node0_Node8_Zero,"[0, 1, 2, 3, 4, 5, 6, 7, 8]",2006.726857,2008.570459,inf,4,6,4639.5,"0.07213147188094098,0.060875320705829565,0.03840967607115694,0.0833343571504348,0.007663753805745297",0.052483,0.911275,inf,11,44
2006732318056_Node0_Node8_Zero,"[0, 1, 2, 3, 4, 5, 6, 7, 8]",2006.732318,2008.570459,inf,4,6,4639.5,"0.07213147188094098,0.060875320705829565,0.03840967607115694,0.0833343571504348,0.009174558327014087",0.052785,0.581307,inf,11,44
2006737783656_Node0_Node8_Zero,"[0, 1, 2, 3, 4, 5, 6, 7, 8]",2006.737784,2008.570459,inf,4,7,4639.5,"0.07213147188094098,0.060875320705829565,0.03840967607115694,0.07350852870592,0.007663753805745297",0.050518,0.485581,inf,11,44
2006743246868_Node0_Node8_Zero,"[0, 1, 2, 3, 4, 5, 6, 7, 8]",2006.743247,2008.570459,3.007086,6,14,4639.5,"0.07213147188094098,0.060875320705829565,0.10059677066255387,0.0796264755101638,0.02007173615790435,0.07213147188094098,0.060875320705829565,0.018833909964466097",0.060643,2.155077,4.089687,11,44
2006748710545_Node0_Node8_Zero,"[0, 1, 2, 3, 4, 5, 6, 7, 8]",2006.748711,2008.583388,inf,4,1,4639.5,"0.07213147188094098,0.060875320705829565,0.03840967607115694,0.060875320705829565,0.007663753805745297",0.047991,8.340465,inf,11,44
2006754179804_Node0_Node8_Zero,"[0, 1, 2, 3, 4, 5, 6, 7, 8]",2006.75418,2008.583388,inf,4,1,4639.5,"0.07213147188094098,0.060875320705829565,0.03840967607115694,0.060875320705829565",0.058073,8.340465,inf,33,44
2006759648101_Node0_Node8_Zero,"[0, 1, 2, 3, 4, 5, 6, 7, 8]",2006.759648,2008.583388,inf,4,4,4639.5,"0.07213147188094098,0.060875320705829565,0.10059677066255387,0.0796264755101638,0.007663753805745297",0.064179,0.607026,inf,11,44
2006765108110_Node0_Node8_Zero,"[0, 1, 2, 3, 4, 5, 6, 7, 8]",2006.765108,2008.583388,inf,4,4,4639.5,"0.07213147188094098,0.060875320705829565,0.10059677066255387,0.0796264755101638,0.015499343080199405",0.065746,13.218765,inf,11,44
2006770568119_Node0_Node8_Zero,"[0, 1, 2, 3, 4, 5, 6, 7, 8]",2006.770568,2008.598325,inf,4,1,4639.5,"0.060875320705829565,0.060875320705829565,0.04638068010689509,0.060875320705829565",0.057252,3.365851,inf,33,44
2006776029084_Node0_Node8_Zero,"[0, 1, 2, 3, 4, 5, 6, 7, 8]",2006.776029,2008.598325,inf,4,1,4639.5,"0.060875320705829565,0.060875320705829565,0.04638068010689509,0.060875320705829565",0.057252,3.365851,inf,33,44
2006781495083_Node0_Node8_Zero,"[0, 1, 2, 3, 4, 5, 6, 7, 8]",2006.781495,2008.598325,inf,4,1,4639.5,"0.060875320705829565,0.060875320705829565,0.04638068010689509,0.060875320705829565,0.008900223915918517",0.047581,0.563925,inf,11,44
2006786959248_Node0_Node8_Zero,"[0, 1, 2, 3, 4, 5, 6, 7, 8]",2006.786959,2008.598325,inf,5,1,4639.5,"0.060875320705829565,0.060875320705829565,0.03840967607115694,0.060875320705829565,0.014765894959682573,0.07112884114335075",0.051155,3.206339,inf,11,44
2006792422750_Node0_Node8_Zero,"[0, 1, 2, 3, 4, 5, 6, 7, 8]",2006.792423,2008.600369,inf,5,2,4639.5,"0.060875320705829565,0.060875320705829565,0.03840967607115694,0.060875320705829565,0.007663753805745297,0.060875320705829565",0.048262,1.664145,inf,11,44
2006797882630_Node0_Node8_Zero,"[0, 1, 2, 3, 4, 5, 6, 7, 8]",2006.797883,2008.600369,inf,5,2,4639.5,"0.060875320705829565,0.060875320705829565,0.03840967607115694,0.060875320705829565,0.02007173615790435,0.06866933318575141",0.051629,4.358475,inf,11,44
2006803351655_Node0_Node8_Zero,"[0, 1, 2, 3, 4, 5, 6, 7, 8]",2006.803352,2008.600369,inf,4,0,4639.5,"0.060875320705829565,0.060875320705829565,0.03840967607115694,0.060875320705829565,0.009076694298574644",0.046022,0.575106,inf,11,44
2006808818705_Node0_Node8_Zero,"[0, 1, 2, 3, 4, 5, 6, 7, 8]",2006.808819,2008.600369,inf,5,1,4639.5,"0.060875320705829565,0.060875320705829565,0.03840967607115694,0.060875320705829565,0.007663753805745297,0.060875320705829565",0.048262,0.595359,inf,11,44
2006814284128_Node0_Node8_Zero,"[0, 1, 2, 3, 4, 5, 6, 7, 8]",2006.814284,2008.611686,inf,4,2,4639.5,"0.060875320705829565,0.08620166084983023,0.03840967607115694,0.060875320705829565,0.009174558327014087",0.051107,0.447733,inf,11,44
2006819751901_Node0_Node8_Zero,"[0, 1, 2, 3, 4, 5, 6, 7, 8]",2006.819752,2008.611686,inf,4,2,4639.5,"0.060875320705829565,0.08620166084983023,0.03840967607115694,0.060875320705829565,0.007663753805745297",0.050805,0.387407,inf,11,44
2006825216097_Node0_Node8_Zero,"[0, 1, 2, 3, 4, 5, 6, 7, 8]",2006.825216,2008.611686,inf,4,2,4639.5,"0.060875320705829565,0.08620166084983023,0.03840967607115694,0.060875320705829565",0.06159,8.340465,inf,33,44
2006830683958_Node0_Node8_Zero,"[0, 1, 2, 3, 4, 5, 6, 7, 8]",2006.830684,2008.611686,inf,4,4,4639.5,"0.060875320705829565,0.08620166084983023,0.03840967607115694,0.060875320705829565",0.06159,8.340465,inf,33,44
2006836151204_Node0_Node8_Zero,"[0, 1, 2, 3, 4, 5, 6, 7, 8]",2006.836151,2008.611945,2.992283,6,11,4639.5,"0.15943536375336315,0.060875320705829565,0.03840967607115694,0.060875320705829565,0.007663753805745297,0.060875320705829565,0.06840851939462064,0.018833909964466097",0.059422,0.911275,4.089687,11,44
2006841619394_Node0_Node8_Zero,"[0, 1, 2, 3, 4, 5, 6, 7, 8]",2006.841619,2008.611945,inf,4,6,4639.5,"0.15943536375336315,0.060875320705829565,0.03840967607115694,0.060875320705829565,0.009076694298574644",0.065734,0.974553,inf,11,44
2006847088802_Node0_Node8_Zero,"[0, 1, 2, 3, 4, 5, 6, 7, 8]",2006.847089,2008.611945,3.023333,6,8,4639.5,"0.15943536375336315,0.060875320705829565,0.03840967607115694,0.060875320705829565,0.02007173615790435,0.060875320705829565,0.060875320705829565,0.015998098256718687",0.059677,2.162029,3.473905,11,44
2006852555773_Node0_Node8_Zero,"[0, 1, 2, 3, 4, 5, 6, 7, 8]",2006.852556,2008.611945,inf,4,4,4639.5,"0.15943536375336315,0.060875320705829565,0.03840967607115694,0.060875320705829565,0.009080820203196631",0.065735,0.911379,inf,11,44
2006858018690_Node0_Node8_Zero,"[0, 1, 2, 3, 4, 5, 6, 7, 8]",2006.858019,2008.621679,inf,4,4,4639.5,"0.15943536375336315,0.060875320705829565,0.03840967607115694,0.060875320705829565,0.007663753805745297",0.065452,0.485581,inf,11,44
2006863479686_Node0_Node8_Zero,"[0, 1, 2, 3, 4, 5, 6, 7, 8]",2006.86348,2008.621679,inf,4,5,4639.5,"0.15943536375336315,0.060875320705829565,0.03840967607115694,0.060875320705829565,0.007663753805745297",0.065452,0.485581,inf,11,44
2006868944518_Node0_Node8_Zero,"[0, 1, 2, 3, 4, 5, 6, 7, 8]",2006.868945,2008.621679,inf,4,5,4639.5,"0.15943536375336315,0.060875320705829565,0.03840967607115694,0.060875320705829565,0.007663753805745297",0.065452,0.485581,inf,11,44
2006874408771_Node0_Node8_Zero,"[0, 1, 2, 3, 4, 5, 6, 7, 8]",2006.874409,2008.621679,inf,4,7,4639.5,"0.15943536375336315,0.060875320705829565,0.03840967607115694,0.060875320705829565,0.007663753805745297",0.065452,0.485581,inf,11,44
2006879875041_Node0_Node8_Zero,"[0, 1, 2, 3, 4, 5, 6, 7, 8]",2006.879875,2008.621758,inf,4,4,4639.5,"0.07213147188094098,0.08620166084983023,0.03840967607115694,0.060875320705829565",0.064405,8.340465,inf,33,44
2006885340084_Node0_Node8_Zero,"[0, 1, 2, 3, 4, 5, 6, 7, 8]",2006.88534,2008.621758,inf,4,4,4639.5,"0.07213147188094098,0.08620166084983023,0.03840967607115694,0.060875320705829565",0.064405,8.340465,inf,33,44
2006890808585_Node0_Node8_Zero,"[0, 1, 2, 3, 4, 5, 6, 7, 8]",2006.890809,2008.621758,inf,4,4,4639.5,"0.07213147188094098,0.08620166084983023,0.03840967607115694,0.060875320705829565,0.007663753805745297",0.053056,0.911275,inf,11,44
2006896274405_Node0_Node8_Zero,"[0, 1, 2, 3, 4, 5, 6, 7, 8]",2006.896274,2008.621758,inf,4,6,4639.5,"0.07213147188094098,0.060875320705829565,0.03840967607115694,0.060875320705829565,0.007663753805745297",0.047991,0.485581,inf,11,44
2006901738492_Node0_Node8_Zero,"[0, 1, 2, 3, 4, 5, 6, 7, 8]",2006.901738,2008.64258,inf,4,5,4639.5,"0.060875320705829565,0.060875320705829565,0.03840967607115694,0.060875320705829565",0.055259,8.340465,inf,33,44
2006907199003_Node0_Node8_Zero,"[0, 1, 2, 3, 4, 5, 6, 7, 8]",2006.907199,2008.64258,inf,4,5,4639.5,"0.060875320705829565,0.060875320705829565,0.03840967607115694,0.060875320705829565",0.055259,8.340465,inf,33,44
2006912660523_Node0_Node8_Zero,"[0, 1, 2, 3, 4, 5, 6, 7, 8]",2006.912661,2008.64258,inf,4,5,4639.5,"0.060875320705829565,0.060875320705829565,0.03840967607115694,0.060875320705829565",0.055259,8.340465,inf,33,44
2006918121779_Node0_Node8_Zero,"[0, 1, 2, 3, 4, 5, 6, 7, 8]",2006.918122,2008.64258,inf,4,2,4639.5,"0.060875320705829565,0.060875320705829565,0.03840967607115694,0.060875320705829565",0.055259,8.340465,inf,33,44
2006923587796_Node0_Node8_Zero,"[0, 1, 2, 3, 4, 5, 6, 7, 8]",2006.923588,2008.642839,2.997272,6,7,4639.5,"0.15943536375336315,0.060875320705829565,0.048227399000643226,0.060875320705829565,0.008681627529461448,0.060875320705829565,0.06492753512886967,0.019456647367559775",0.060419,1.885171,4.224912,11,44
2006929052155_Node0_Node8_Zero,"[0, 1, 2, 3, 4, 5, 6, 7, 8]",2006.929052,2008.642839,inf,4,3,4639.5,"0.15943536375336315,0.060875320705829565,0.048227399000643226,0.060875320705829565,0.007663753805745297",0.067415,0.86372,inf,11,44
2006934513863_Node0_Node8_Zero,"[0, 1, 2, 3, 4, 5, 6, 7, 8]",2006.934514,2008.642839,inf,4,6,4639.5,"0.15943536375336315,0.060875320705829565,0.048227399000643226,0.060875320705829565,0.007663753805745297",0.067415,0.485581,inf,11,44
2006939977584_Node0_Node8_Zero,"[0, 1, 2, 3, 4, 5, 6, 7, 8]",2006.939978,2008.642839,inf,4,1,4639.5,"0.15943536375336315,0.060875320705829565,0.03840967607115694,0.060875320705829565,0.007663753805745297",0.065452,1.664145,inf,11,44
2006945445693_Node0_Node8_Zero,"[0, 1, 2, 3, 4, 5, 6, 7, 8]",2006.945446,2008.651889,inf,4,0,4639.5,"0.15943536375336315,0.060875320705829565,0.03840967607115694,0.060875320705829565,0.007663753805745297",0.065452,0.485581,inf,11,44
2006950912925_Node0_Node8_Zero,"[0, 1, 2, 3, 4, 5, 6, 7, 8]",2006.950913,2008.651889,inf,4,0,4639.5,"0.15943536375336315,0.060875320705829565,0.03840967607115694,0.060875320705829565,0.007663753805745297",0.065452,1.664145,inf,11,44
2006956379909_Node0_Node8_Zero,"[0, 1, 2, 3, 4, 5, 6, 7, 8]",2006.95638,2008.651889,inf,6,1,4639.5,"0.15943536375336315,0.060875320705829565,0.03840967607115694,0.060875320705829565,0.007663753805745297,0.060875320705829565,0.060875320705829565",0.064144,1.664145,inf,11,44
2006961843614_Node0_Node8_Zero,"[0, 1, 2, 3, 4, 5, 6, 7, 8]",2006.961844,2008.651889,inf,4,3,4639.5,"0.15943536375336315,0.060875320705829565,0.03840967607115694,0.060875320705829565,0.010329613558335218",0.065985,0.134611,inf,11,44
2006967309882_Node0_Node8_Zero,"[0, 1, 2, 3, 4, 5, 6, 7, 8]",2006.96731,2008.658685,3.001264,6,5,4639.5,"0.060875320705829565,0.060875320705829565,0.03840967607115694,0.060875320705829565,0.02007173615790435,0.060875320705829565,0.07213147188094098,0.015291241504138024",0.048676,3.320415,3.320415,11,44
2006972777164_Node0_Node8_Zero,"[0, 1, 2, 3, 4, 5, 6, 7, 8]",2006.972777,2008.658685,inf,4,3,4639.5,"0.060875320705829565,0.060875320705829565,0.03840967607115694,0.060875320705829565,0.007663753805745297",0.04574,0.485581,inf,11,44
2006978238261_Node0_Node8_Zero,"[0, 1, 2, 3, 4, 5, 6, 7, 8]",2006.978238,2008.658685,inf,5,2,4639.5,"0.060875320705829565,0.060875320705829565,0.03840967607115694,0.060875320705829565,0.015043338302687389,0.060875320705829565",0.049492,3.266584,inf,11,44
2006983707458_Node0_Node8_Zero,"[0, 1, 2, 3, 4, 5, 6, 7, 8]",2006.983707,2008.658685,inf,4,2,4639.5,"0.060875320705829565,0.060875320705829565,0.03840967607115694,0.060875320705829565,0.007663753805745297",0.04574,0.485581,inf,11,44
2006989169147_Node0_Node8_Zero,"[0, 1, 2, 3, 4, 5, 6, 7, 8]",2006.989169,2008.674367,inf,4,4,4639.5,"0.15943536375336315,0.060875320705829565,0.03840967607115694,0.060875320705829565",0.079899,8.340465,inf,33,44
2006994633574_Node0_Node8_Zero,"[0, 1, 2, 3, 4, 5, 6, 7, 8]",2006.994634,2008.674367,inf,4,4,4639.5,"0.15943536375336315,0.060875320705829565,0.03840967607115694,0.060875320705829565",0.079899,8.340465,inf,33,44
2007000094644_Node0_Node8_Zero,"[0, 1, 2, 3, 4, 5, 6, 7, 8]",2007.000095,2008.674367,inf,4,4,4639.5,"0.15943536375336315,0.060875320705829565,0.03840967607115694,0.060875320705829565,0.008681627529461448",0.065655,0.970728,inf,22,44
2007005557767_Node0_Node8_Zero,"[0, 1, 2, 3, 4, 5, 6, 7, 8]",2007.005558,2008.674367,inf,4,4,4639.5,"0.15943536375336315,0.060875320705829565,0.03840967607115694,0.060875320705829565,0.015291241504138024",0.066977,0.719703,inf,22,44
2007011024544_Node0_Node8_Zero,"[0, 1, 2, 3, 4, 5, 6, 7, 8]",2007.011025,2008.674546,inf,4,4,4639.5,"0.15943536375336315,0.060875320705829565,0.03840967607115694,0.060875320705829565,0.008268225867227245",0.065573,0.523881,inf,11,44
2007016493663_Node0_Node8_Zero,"[0, 1, 2, 3, 4, 5, 6, 7, 8]",2007.016494,2008.674546,3.005325,6,9,4639.5,"0.15943536375336315,0.060875320705829565,0.03840967607115694,0.060875320705829565,0.007663753805745297,0.060875320705829565,0.0801720869785437,0.01735279562892884",0.060707,0.30044,3.768071,11,44
2007021961488_Node0_Node8_Zero,"[0, 1, 2, 3, 4, 5, 6, 7, 8]",2007.021961,2008.674546,inf,4,3,4639.5,"0.15943536375336315,0.060875320705829565,0.03840967607115694,0.060875320705829565,0.007663753805745297",0.065452,0.57221,inf,11,44
2007027421783_Node0_Node8_Zero,"[0, 1, 2, 3, 4, 5, 6, 7, 8]",2007.027422,2008.674546,inf,4,4,4639.5,"0.15943536375336315,0.060875320705829565,0.03840967607115694,0.060875320705829565,0.008681627529461448",0.065655,0.970728,inf,22,44
2007032887238_Node0_Node8_Zero,"[0, 1, 2, 3, 4, 5, 6, 7, 8]",2007.032887,2008.682769,3.002483,6,8,4639.5,"0.15943536375336315,0.060875320705829565,0.03840967607115694,0.060875320705829565,0.015291241504138024,0.06649007981698087,0.06369316815220817,0.008838324310427062",0.059239,0.719703,1.919197,11,44
2007038353163_Node0_Node8_Zero,"[0, 1, 2, 3, 4, 5, 6, 7, 8]",2007.038353,2008.682769,inf,4,3,4639.5,"0.15943536375336315,0.060875320705829565,0.03840967607115694,0.060875320705829565,0.016497325168737913",0.067219,3.58231,inf,22,44
2007043816560_Node0_Node8_Zero,"[0, 1, 2, 3, 4, 5, 6, 7, 8]",2007.043817,2008.682769,inf,5,4,4639.5,"0.15943536375336315,0.060875320705829565,0.03840967607115694,0.060875320705829565,0.016497325168737913,0.060875320705829565",0.066161,3.58231,inf,22,44
2007049284574_Node0_Node8_Zero,"[0, 1, 2, 3, 4, 5, 6, 7, 8]",2007.049285,2008.682769,inf,6,4,4639.5,"0.15943536375336315,0.060875320705829565,0.03840967607115694,0.060875320705829565,0.016678556350887153,0.060875320705829565,0.06354145789635411",0.065813,0.524292,inf,22,44
2007054750731_Node0_Node8_Zero,"[0, 1, 2, 3, 4, 5, 6, 7, 8]",2007.054751,2008.693553,inf,4,7,4639.5,"0.060875320705829565,0.060875320705829565,0.10059677066255387,0.060875320705829565,0.03006653103452393",0.062658,5.193133,inf,22,44
2007060212473_Node0_Node8_Zero,"[0, 1, 2, 3, 4, 5, 6, 7, 8]",2007.060212,2008.693553,inf,4,3,4639.5,"0.060875320705829565,0.060875320705829565,0.03840967607115694,0.060875320705829565,0.02450233940998833",0.049108,5.320558,inf,22,44
2007065672054_Node0_Node8_Zero,"[0, 1, 2, 3, 4, 5, 6, 7, 8]",2007.065672,2008.693553,2.999802,6,5,4639.5,"0.060875320705829565,0.060875320705829565,0.03840967607115694,0.060875320705829565,0.0171500548249466,0.060875320705829565,0.06369316815220817,0.009254181499051783",0.046501,0.813973,2.009498,11,44
2007071137485_Node0_Node8_Zero,"[0, 1, 2, 3, 4, 5, 6, 7, 8]",2007.071137,2008.693553,inf,4,9,4639.5,"0.060875320705829565,0.060875320705829565,0.03840967607115694,0.060875320705829565,0.015291241504138024",0.047265,2.787394,inf,22,44
2007076600323_Node0_Node8_Zero,"[0, 1, 2, 3, 4, 5, 6, 7, 8]",2007.0766,2008.699233,2.998218,6,8,4639.5,"0.15943536375336315,0.060875320705829565,0.03840967607115694,0.060875320705829565,0.016678556350887153,0.060875320705829565,0.06354145789635411,0.00792073354353584",0.058576,0.354867,1.719947,11,44
2007082060128_Node0_Node8_Zero,"[0, 1, 2, 3, 4, 5, 6, 7, 8]",2007.08206,2008.699233,inf,4,4,4639.5,"0.15943536375336315,0.060875320705829565,0.03840967607115694,0.060875320705829565,0.015291241504138024,0.060875320705829565",0.06596,1.910316,inf,22,44
2007087523975_Node0_Node8_Zero,"[0, 1, 2, 3, 4, 5, 6, 7, 8]",2007.087524,2008.699233,inf,5,6,4639.5,"0.15943536375336315,0.060875320705829565,0.03840967607115694,0.060875320705829565,0.015291241504138024,0.060875320705829565",0.06596,1.688697,inf,22,44
2007092993310_Node0_Node8_Zero,"[0, 1, 2, 3, 4, 5, 6, 7, 8]",2007.092993,2008.699233,3.003252,6,7,4639.5,"0.15943536375336315,0.060875320705829565,0.03840967607115694,0.060875320705829565,0.0171500548249466,0.060875320705829565,0.06369316815220817,0.009515045300599408",0.058854,0.836918,2.066143,11,44
2007098453516_Node0_Node8_Zero,"[0, 1, 2, 3, 4, 5, 6, 7, 8]",2007.098454,2008.708509,inf,4,7,4639.5,"0.15943536375336315,0.060875320705829565,0.03840967607115694,0.10728881216032335,0.03006653103452393",0.079215,1.910495,inf,22,44
2007103920477_Node0_Node8_Zero,"[0, 1, 2, 3, 4, 5, 6, 7, 8]",2007.10392,2008.708509,inf,4,5,4639.5,"0.15943536375336315,0.060875320705829565,0.03840967607115694,0.10728881216032335,0.02450233940998833",0.078102,1.910495,inf,22,44
2007109386512_Node0_Node8_Zero,"[0, 1, 2, 3, 4, 5, 6, 7, 8]",2007.109387,2008.708509,inf,4,5,4639.5,"0.15943536375336315,0.060875320705829565,0.10059677066255387,0.060875320705829565,0.0171500548249466",0.079787,3.724047,inf,22,44
2007114849278_Node0_Node8_Zero,"[0, 1, 2, 3, 4, 5, 6, 7, 8]",2007.114849,2008.708509,inf,5,5,4639.5,"0.15943536375336315,0.060875320705829565,0.10059677066255387,0.060875320705829565,0.0171500548249466,0.07350852870592",0.07874,3.724047,inf,22,44
2007120310708_Node0_Node8_Zero,"[0, 1, 2, 3, 4, 5, 6, 7, 8]",2007.120311,2008.716909,inf,5,2,4639.5,"0.060875320705829565,0.060875320705829565,0.03840967607115694,0.060875320705829565,0.02500410297604003,0.07350852870592",0.053258,0.524292,inf,22,44
2007125779562_Node0_Node8_Zero,"[0, 1, 2, 3, 4, 5, 6, 7, 8]",2007.12578,2008.716909,inf,5,2,4639.5,"0.060875320705829565,0.060875320705829565,0.03840967607115694,0.060875320705829565,0.02500410297604003,0.07350852870592",0.053258,0.524292,inf,22,44
2007131248513_Node0_Node8_Zero,"[0, 1, 2, 3, 4, 5, 6, 7, 8]",2007.131249,2008.716909,inf,5,6,4639.5,"0.060875320705829565,0.060875320705829565,0.03840967607115694,0.060875320705829565,0.03006653103452393,0.060875320705829565",0.051996,6.528794,inf,22,44
2007136715618_Node0_Node8_Zero,"[0, 1, 2, 3, 4, 5, 6, 7, 8]",2007.136716,2008.716909,inf,5,5,4639.5,"0.060875320705829565,0.060875320705829565,0.03840967607115694,0.060875320705829565,0.017181732681014066,0.060875320705829565",0.049849,3.730926,inf,22,44
2007142179324_Node0_Node8_Zero,"[0, 1, 2, 3, 4, 5, 6, 7, 8]",2007.142179,2008.720323,inf,5,9,4639.5,"0.060875320705829565,0.060875320705829565,0.03840967607115694,0.060875320705829565,0.016309115227854176,0.06485375944363161",0.050366,0.257567,inf,22,44
2007147644925_Node0_Node8_Zero,"[0, 1, 2, 3, 4, 5, 6, 7, 8]",2007.147645,2008.720323,inf,5,8,4639.5,"0.060875320705829565,0.060875320705829565,0.10059677066255387,0.060875320705829565,0.03315350278487944,0.06824541968953347",0.064104,0.524292,inf,22,44
2007153109027_Node0_Node8_Zero,"[0, 1, 2, 3, 4, 5, 6, 7, 8]",2007.153109,2008.720323,inf,5,4,4639.5,"0.060875320705829565,0.060875320705829565,0.03840967607115694,0.060875320705829565,0.03006653103452393,0.07350852870592",0.054102,6.528794,inf,22,44
2007158571181_Node0_Node8_Zero,"[0, 1, 2, 3, 4, 5, 6, 7, 8]",2007.158571,2008.720323,2.990191,6,8,4639.5,"0.060875320705829565,0.060875320705829565,0.10059677066255387,0.060875320705829565,0.015291241504138024,0.07350852870592,0.06500044984871624,0.007663753805745297",0.055586,0.343354,1.664145,11,44
2007164033665_Node0_Node8_Zero,"[0, 1, 2, 3, 4, 5, 6, 7, 8]",2007.164034,2008.720482,inf,4,4,4639.5,"0.15943536375336315,0.060875320705829565,0.10059677066255387,0.060875320705829565,0.021866272121377914,0.060875320705829565",0.077421,4.748149,inf,22,44
2007169502051_Node0_Node8_Zero,"[0, 1, 2, 3, 4, 5, 6, 7, 8]",2007.169502,2008.720482,3.022812,6,7,4639.5,"0.15943536375336315,0.060875320705829565,0.10059677066255387,0.060875320705829565,0.021866272121377914,0.06824541968953347,0.0820509836393145,0.007663753805745297",0.070201,1.664145,1.664145,11,44
2007174965193_Node0_Node8_Zero,"[0, 1, 2, 3, 4, 5, 6, 7, 8]",2007.174965,2008.720482,inf,6,8,4639.5,"0.15943536375336315,0.060875320705829565,0.03840967607115694,0.060875320705829565,0.015291241504138024,0.06368935849960741,0.060875320705829565",0.065636,3.320415,inf,22,44
2007180430124_Node0_Node8_Zero,"[0, 1, 2, 3, 4, 5, 6, 7, 8]",2007.18043,2008.720482,inf,6,8,4639.5,"0.15943536375336315,0.060875320705829565,0.03840967607115694,0.060875320705829565,0.015291241504138024,0.06485375944363161,0.06377686695224973",0.066217,3.320415,inf,22,44
2007185892063_Node0_Node8_Zero,"[0, 1, 2, 3, 4, 5, 6, 7, 8]",2007.185892,2008.734464,3.019883,6,4,4639.5,"0.060875320705829565,0.060875320705829565,0.10059677066255387,0.060875320705829565,0.016910854789008913,0.07350852870592,0.06896057382588745,0.009401707991827756",0.056501,2.041533,2.041533,11,44
2007191360438_Node0_Node8_Zero,"[0, 1, 2, 3, 4, 5, 6, 7, 8]",2007.19136,2008.734464,inf,6,6,4639.5,"0.060875320705829565,0.060875320705829565,0.10059677066255387,0.0796264755101638,0.016309115227854176,0.06485375944363161,0.06377686695224973",0.063845,0.257567,inf,22,44
2007196824585_Node0_Node8_Zero,"[0, 1, 2, 3, 4, 5, 6, 7, 8]",2007.196825,2008.734464,inf,6,5,4639.5,"0.060875320705829565,0.060875320705829565,0.10059677066255387,0.0796264755101638,0.016782838366741295,0.06485375944363161,0.06377686695224973",0.063912,3.644308,inf,22,44
2007202287012_Node0_Node8_Zero,"[0, 1, 2, 3, 4, 5, 6, 7, 8]",2007.202287,2008.734464,inf,6,5,4639.5,"0.060875320705829565,0.060875320705829565,0.10059677066255387,0.0796264755101638,0.016782838366741295,0.0648246475412348,0.06408805035008079",0.063953,3.644308,inf,22,44
2007207748198_Node0_Node8_Zero,"[0, 1, 2, 3, 4, 5, 6, 7, 8]",2007.207748,2008.734723,3.150878,6,10,4639.5,"0.15943536375336315,0.060875320705829565,0.10059677066255387,0.060875320705829565,0.03315350278487944,0.06824541968953347,0.06375630757846867,0.01021573262463513",0.069644,0.524292,2.218294,11,44
2007213207819_Node0_Node8_Zero,"[0, 1, 2, 3, 4, 5, 6, 7, 8]",2007.213208,2008.734723,2.990687,6,8,4639.5,"0.15943536375336315,0.060875320705829565,0.10059677066255387,0.060875320705829565,0.02480932957445636,0.06824541968953347,0.06375630757846867,0.007663753805745297",0.068282,0.674084,1.664145,11,44
2007218674507_Node0_Node8_Zero,"[0, 1, 2, 3, 4, 5, 6, 7, 8]",2007.218675,2008.734723,2.979986,6,3,4639.5,"0.15943536375336315,0.060875320705829565,0.10059677066255387,0.060875320705829565,0.02480932957445636,0.07350852870592,0.06896057382588745,0.011297993467887018",0.070045,2.453302,2.453302,11,44
2007224136533_Node0_Node8_Zero,"[0, 1, 2, 3, 4, 5, 6, 7, 8]",2007.224137,2008.734723,3.016097,6,3,4639.5,"0.15943536375336315,0.060875320705829565,0.10059677066255387,0.060875320705829565,0.016910854789008913,0.07350852870592,0.06896057382588745,0.009398474815654492",0.06882,2.040831,2.040831,11,44
2007229600605_Node0_Node8_Zero,"[0, 1, 2, 3, 4, 5, 6, 7, 8]",2007.229601,2008.743242,2.980315,6,5,4639.5,"0.15943536375336315,0.060875320705829565,0.10059677066255387,0.060875320705829565,0.017181732681014066,0.060875320705829565,0.06377686695224973,0.009409321090359088",0.066628,0.398057,2.043186,11,44
2007235067907_Node0_Node8_Zero,"[0, 1, 2, 3, 4, 5, 6, 7, 8]",2007.235068,2008.743242,2.982828,6,7,4639.5,"0.15943536375336315,0.060875320705829565,0.10059677066255387,0.060875320705829565,0.023189716289585466,0.060875320705829565,0.06377686695224973,0.009409321090359088",0.067379,1.172293,2.043186,11,44
2007240530081_Node0_Node8_Zero,"[0, 1, 2, 3, 4, 5, 6, 7, 8]",2007.24053,2008.743242,2.979505,6,7,4639.5,"0.15943536375336315,0.060875320705829565,0.10059677066255387,0.060875320705829565,0.023189716289585466,0.06368935849960741,0.06377686695224973,0.008370610558325957",0.067601,1.817635,1.817635,11,44
2007245995401_Node0_Node8_Zero,"[0, 1, 2, 3, 4, 5, 6, 7, 8]",2007.245995,2008.743242,inf,6,8,4639.5,"0.15943536375336315,0.060875320705829565,0.048227399000643226,0.060875320705829565,0.016709641874547772,0.06485375944363161,0.06416500160961909",0.067877,0.257567,inf,22,44
2007251462643_Node0_Node8_Zero,"[0, 1, 2, 3, 4, 5, 6, 7, 8]",2007.251463,2008.743482,2.976259,6,9,4639.5,"0.15943536375336315,0.060875320705829565,0.048227399000643226,0.060875320705829565,0.016782838366741295,0.06368935849960741,0.06377686695224973,0.009657419799710597",0.060415,0.524292,2.097059,11,44
2007256926913_Node0_Node8_Zero,"[0, 1, 2, 3, 4, 5, 6, 7, 8]",2007.256927,2008.743482,2.987059,6,10,4639.5,"0.15943536375336315,0.060875320705829565,0.048227399000643226,0.060875320705829565,0.016782838366741295,0.06368935849960741,0.060875320705829565,0.011862214494525208",0.060328,0.524292,2.575819,11,44
2007262390739_Node0_Node8_Zero,"[0, 1, 2, 3, 4, 5, 6, 7, 8]",2007.262391,2008.743482,inf,2,7,4639.5,"0.15943536375336315,0.060875320705829565,0.03840967607115694",0.08624,0.632226,inf,33,44
2007267853844_Node0_Node8_Zero,"[0, 1, 2, 3, 4, 5, 6, 7, 8]",2007.267854,2008.743482,inf,3,9,4639.5,"0.15943536375336315,0.060875320705829565,0.03840967607115694,0.07505967213235416",0.083445,0.632226,inf,33,44
2007273321598_Node0_Node8_Zero,"[0, 1, 2, 3, 4, 5, 6, 7, 8]",2007.273322,2008.750549,3.055286,6,9,4639.5,"0.15943536375336315,0.060875320705829565,0.03840967607115694,0.0796264755101638,0.015291241504138024,0.0648246475412348,0.06408805035008079,0.009074840107274712",0.061453,0.257567,1.970555,11,44
2007278790131_Node0_Node8_Zero,"[0, 1, 2, 3, 4, 5, 6, 7, 8]",2007.27879,2008.750549,3.100666,6,11,4639.5,"0.15943536375336315,0.060875320705829565,0.10059677066255387,0.060875320705829565,0.015291241504138024,0.0648246475412348,0.06408805035008079,0.007663753805745297",0.066706,0.257567,1.664145,11,44
2007284253073_Node0_Node8_Zero,"[0, 1, 2, 3, 4, 5, 6, 7, 8]",2007.284253,2008.750549,3.106762,6,11,4639.5,"0.15943536375336315,0.060875320705829565,0.10059677066255387,0.060875320705829565,0.016309115227854176,0.0648246475412348,0.06408805035008079,0.01007569445666606",0.067135,0.464545,2.187886,11,44
2007289713796_Node0_Node8_Zero,"[0, 1, 2, 3, 4, 5, 6, 7, 8]",2007.289714,2008.750549,3.016389,6,9,4639.5,"0.15943536375336315,0.060875320705829565,0.10059677066255387,0.060875320705829565,0.016309115227854176,0.06485375944363161,0.06416500160961909,0.009682080849245144",0.067099,0.464545,2.102414,11,44
2007295176894_Node0_Node8_Zero,"[0, 1, 2, 3, 4, 5, 6, 7, 8]",2007.295177,2008.75261,inf,3,7,4639.5,"0.060875320705829565,0.060875320705829565,0.10059677066255387,0.08553011175299527",0.076969,13.218765,inf,33,44
2007300646158_Node0_Node8_Zero,"[0, 1, 2, 3, 4, 5, 6, 7, 8]",2007.300646,2008.75261,inf,3,7,4639.5,"0.060875320705829565,0.060875320705829565,0.10059677066255387,0.08553011175299527",0.076969,13.218765,inf,33,44
2007306115491_Node0_Node8_Zero,"[0, 1, 2, 3, 4, 5, 6, 7, 8]",2007.306115,2008.75261,inf,3,7,4639.5,"0.060875320705829565,0.060875320705829565,0.10059677066255387,0.08553011175299527",0.076969,13.218765,inf,33,44
2007311575800_Node0_Node8_Zero,"[0, 1, 2, 3, 4, 5, 6, 7, 8]",2007.311576,2008.75261,3.034251,6,11,4639.5,"0.060875320705829565,0.060875320705829565,0.03840967607115694,0.060875320705829565,0.01672127578218953,0.06485375944363161,0.060875320705829565,0.007945485355552884",0.046429,0.989916,1.725322,11,44
2007317038121_Node0_Node8_Zero,"[0, 1, 2, 3, 4, 5, 6, 7, 8]",2007.317038,2008.75459,3.077106,6,10,4639.5,"0.060875320705829565,0.060875320705829565,0.03840967607115694,0.060875320705829565,0.01672127578218953,0.06485375944363161,0.060875320705829565,0.008968228711570513",0.046557,1.822857,1.947405,11,44
2007322507480_Node0_Node8_Zero,"[0, 1, 2, 3, 4, 5, 6, 7, 8]",2007.322507,2008.75459,inf,4,6,4639.5,"0.060875320705829565,0.060875320705829565,0.03840967607115694,0.060875320705829565,0.016709641874547772",0.047549,0.257567,inf,22,44
2007327975343_Node0_Node8_Zero,"[0, 1, 2, 3, 4, 5, 6, 7, 8]",2007.327975,2008.75459,3.010632,6,11,4639.5,"0.060875320705829565,0.060875320705829565,0.10059677066255387,0.060875320705829565,0.015291241504138024,0.08284427395250428,0.07613153823824256,0.010136190618034327",0.058453,1.020001,2.201022,11,44
2007333444066_Node0_Node8_Zero,"[0, 1, 2, 3, 4, 5, 6, 7, 8]",2007.333444,2008.75459,3.037601,6,12,4639.5,"0.060875320705829565,0.060875320705829565,0.10059677066255387,0.060875320705829565,0.015291241504138024,0.08284427395250428,0.07613153823824256,0.009728578493098928",0.058402,1.06674,2.112511,11,44
2007338913179_Node0_Node8_Zero,"[0, 1, 2, 3, 4, 5, 6, 7, 8]",2007.338913,2008.760571,3.003294,6,9,4639.5,"0.060875320705829565,0.15943536375336315,0.10059677066255387,0.060875320705829565,0.016591207479302716,0.15943536375336315,0.06419003055670212,0.014280120054552755",0.079535,0.524292,3.100855,11,44
2007344378988_Node0_Node8_Zero,"[0, 1, 2, 3, 4, 5, 6, 7, 8]",2007.344379,2008.760571,2.970751,6,8,4639.5,"0.060875320705829565,0.15943536375336315,0.03840967607115694,0.060875320705829565,0.016591207479302716,0.15943536375336315,0.06419003055670212,0.007980834764322702",0.070974,0.524292,1.732998,11,44
2007349839196_Node0_Node8_Zero,"[0, 1, 2, 3, 4, 5, 6, 7, 8]",2007.349839,2008.760571,inf,4,1,4639.5,"0.060875320705829565,0.15943536375336315,0.03840967607115694,0.060875320705829565,0.022824300307837168",0.068484,0.86372,inf,22,44
2007355304275_Node0_Node8_Zero,"[0, 1, 2, 3, 4, 5, 6, 7, 8]",2007.355304,2008.760571,2.979884,6,6,4639.5,"0.060875320705829565,0.15943536375336315,0.03840967607115694,0.060875320705829565,0.022824300307837168,0.06446923741622776,0.060875320705829565,0.010212219156834988",0.059747,0.86372,2.217531,11,44
2007360772877_Node0_Node8_Zero,"[0, 1, 2, 3, 4, 5, 6, 7, 8]",2007.360773,2008.76245,inf,4,0,4639.5,"0.060875320705829565,0.060875320705829565,0.03840967607115694,0.060875320705829565,0.031399653668084185",0.050487,6.818274,inf,22,44
2007366236834_Node0_Node8_Zero,"[0, 1, 2, 3, 4, 5, 6, 7, 8]",2007.366237,2008.76245,inf,4,0,4639.5,"0.060875320705829565,0.060875320705829565,0.03840967607115694,0.060875320705829565,0.031399653668084185",0.050487,6.818274,inf,22,44
2007371698105_Node0_Node8_Zero,"[0, 1, 2, 3, 4, 5, 6, 7, 8]",2007.371698,2008.76245,inf,4,0,4639.5,"0.060875320705829565,0.060875320705829565,0.03840967607115694,0.060875320705829565",0.055259,8.340465,inf,33,44
2007377166732_Node0_Node8_Zero,"[0, 1, 2, 3, 4, 5, 6, 7, 8]",2007.377167,2008.76245,inf,4,3,4639.5,"0.060875320705829565,0.060875320705829565,0.04855201897031159,0.060875320705829565",0.057794,8.199282,inf,33,44
2007382631265_Node0_Node8_Zero,"[0, 1, 2, 3, 4, 5, 6, 7, 8]",2007.382631,2008.769076,inf,4,5,4639.5,"0.060875320705829565,0.060875320705829565,0.03840967607115694,0.060875320705829565",0.055259,12.995004,inf,33,44
2007388095592_Node0_Node8_Zero,"[0, 1, 2, 3, 4, 5, 6, 7, 8]",2007.388096,2008.769076,inf,4,5,4639.5,"0.060875320705829565,0.060875320705829565,0.03840967607115694,0.060875320705829565",0.055259,12.995004,inf,33,44
2007393559140_Node0_Node8_Zero,"[0, 1, 2, 3, 4, 5, 6, 7, 8]",2007.393559,2008.769076,inf,4,4,4639.5,"0.060875320705829565,0.060875320705829565,0.03840967607115694,0.060875320705829565",0.055259,8.340465,inf,33,44
2007399019826_Node0_Node8_Zero,"[0, 1, 2, 3, 4, 5, 6, 7, 8]",2007.39902,2008.769076,inf,4,1,4639.5,"0.060875320705829565,0.060875320705829565,0.10059677066255387,0.060875320705829565",0.070806,13.218765,inf,33,44
2007404487172_Node0_Node8_Zero,"[0, 1, 2, 3, 4, 5, 6, 7, 8]",2007.404487,2008.769335,inf,4,3,4639.5,"0.15943536375336315,0.060875320705829565,0.04855201897031159,0.060875320705829565",0.082435,12.995004,inf,33,44
2007409949133_Node0_Node8_Zero,"[0, 1, 2, 3, 4, 5, 6, 7, 8]",2007.409949,2008.769335,inf,4,1,4639.5,"0.15943536375336315,0.060875320705829565,0.04855201897031159,0.060875320705829565",0.082435,10.542823,inf,33,44
2007415418559_Node0_Node8_Zero,"[0, 1, 2, 3, 4, 5, 6, 7, 8]",2007.415419,2008.769335,inf,4,0,4639.5,"0.15943536375336315,0.060875320705829565,0.10059677066255387,0.060875320705829565",0.095446,12.995004,inf,33,44
2007420879929_Node0_Node8_Zero,"[0, 1, 2, 3, 4, 5, 6, 7, 8]",2007.42088,2008.769335,inf,4,0,4639.5,"0.15943536375336315,0.060875320705829565,0.10059677066255387,0.060875320705829565",0.095446,13.218765,inf,33,44
2007426346258_Node0_Node8_Zero,"[0, 1, 2, 3, 4, 5, 6, 7, 8]",2007.426346,2008.778554,inf,4,1,4639.5,"0.15943536375336315,0.060875320705829565,0.04855201897031159,0.060875320705829565",0.082435,10.542823,inf,33,44
2007431810448_Node0_Node8_Zero,"[0, 1, 2, 3, 4, 5, 6, 7, 8]",2007.43181,2008.778554,inf,4,1,4639.5,"0.15943536375336315,0.060875320705829565,0.04855201897031159,0.060875320705829565",0.082435,10.542823,inf,33,44
2007437275353_Node0_Node8_Zero,"[0, 1, 2, 3, 4, 5, 6, 7, 8]",2007.437275,2008.778554,inf,4,1,4639.5,"0.15943536375336315,0.060875320705829565,0.04855201897031159,0.060875320705829565",0.082435,10.542823,inf,33,44
2007442738344_Node0_Node8_Zero,"[0, 1, 2, 3, 4, 5, 6, 7, 8]",2007.442738,2008.778554,inf,3,8,4639.5,"0.15943536375336315,0.060875320705829565,0.03840967607115694",0.08624,4.809943,inf,33,44
2007448200018_Node0_Node8_Zero,"[0, 1, 2, 3, 4, 5, 6, 7, 8]",2007.4482,2008.80731,inf,4,6,4639.5,"0.15943536375336315,0.060875320705829565,0.04004848965369483,0.060875320705829565",0.080309,8.696325,inf,33,44
2007453661957_Node0_Node8_Zero,"[0, 1, 2, 3, 4, 5, 6, 7, 8]",2007.453662,2008.80731,inf,4,6,4639.5,"0.15943536375336315,0.060875320705829565,0.10059677066255387,0.06837764747291135",0.097321,8.199282,inf,33,44
2007459127081_Node0_Node8_Zero,"[0, 1, 2, 3, 4, 5, 6, 7, 8]",2007.459127,2008.80731,inf,4,6,4639.5,"0.15943536375336315,0.060875320705829565,0.10059677066255387,0.06837764747291135",0.097321,13.218765,inf,33,44
2007464593396_Node0_Node8_Zero,"[0, 1, 2, 3, 4, 5, 6, 7, 8]",2007.464593,2008.80731,inf,4,4,4639.5,"0.15943536375336315,0.060875320705829565,0.10059677066255387,0.060875320705829565",0.095446,13.218765,inf,33,44
2007470056075_Node0_Node8_Zero,"[0, 1, 2, 3, 4, 5, 6, 7, 8]",2007.470056,2008.807389,inf,4,3,3483.5,"0.060875320705829565,0.060875320705829565,0.03840967607115694,0.060875320705829565",0.055259,8.340465,inf,33,33
2007475522794_Node0_Node8_Zero,"[0, 1, 2, 3, 4, 5, 6, 7, 8]",2007.475523,2008.807389,inf,4,3,3483.5,"0.060875320705829565,0.060875320705829565,0.03840967607115694,0.060875320705829565",0.055259,8.340465,inf,33,33
2007480986818_Node0_Node8_Zero,"[0, 1, 2, 3, 4, 5, 6, 7, 8]",2007.480987,2008.807389,inf,4,3,3483.5,"0.060875320705829565,0.060875320705829565,0.04004848965369483,0.08476467988103144",0.061641,8.199282,inf,33,33
2007486446433_Node0_Node8_Zero,"[0, 1, 2, 3, 4, 5, 6, 7, 8]",2007.486446,2008.810069,inf,3,11,3483.5,"0.03840967607115694,0.060875320705829565,0.04748009574681994",0.048922,4.71956,inf,33,33
2007491909585_Node0_Node8_Zero,"[0, 1, 2, 3, 4, 5, 6, 7, 8]",2007.49191,2008.810069,inf,4,6,3483.5,"0.03840967607115694,0.060875320705829565,0.04748009574681994,0.060875320705829565,0.009080820203196631",0.043344,1.971854,inf,11,33
2007497378992_Node0_Node8_Zero,"[0, 1, 2, 3, 4, 5, 6, 7, 8]",2007.497379,2008.810069,inf,4,2,3483.5,"0.03840967607115694,0.060875320705829565,0.04004848965369483,0.060875320705829565,0.016591207479302716",0.04336,3.602696,inf,11,33
2007502847162_Node0_Node8_Zero,"[0, 1, 2, 3, 4, 5, 6, 7, 8]",2007.502847,2008.823176,inf,4,3,3483.5,"0.15943536375336315,0.060875320705829565,0.04748009574681994,0.060875320705829565,0.007663753805745297",0.067266,1.664145,inf,11,33
2007508307639_Node0_Node8_Zero,"[0, 1, 2, 3, 4, 5, 6, 7, 8]",2007.508308,2008.823176,inf,4,5,3483.5,"0.15943536375336315,0.060875320705829565,0.10059677066255387,0.060875320705829565,0.009080820203196631",0.078173,8.199282,inf,11,33
2007513772027_Node0_Node8_Zero,"[0, 1, 2, 3, 4, 5, 6, 7, 8]",2007.513772,2008.823176,inf,4,5,3483.5,"0.15943536375336315,0.060875320705829565,0.10059677066255387,0.060875320705829565,0.008173897708827777",0.077991,8.199282,inf,11,33
2007519240356_Node0_Node8_Zero,"[0, 1, 2, 3, 4, 5, 6, 7, 8]",2007.51924,2008.830189,inf,4,2,3483.5,"0.10059677066255387,0.060875320705829565,0.10059677066255387,0.07350852870592,0.015291241504138024",0.070174,3.320415,inf,11,33
2007524703064_Node0_Node8_Zero,"[0, 1, 2, 3, 4, 5, 6, 7, 8]",2007.524703,2008.830189,inf,2,8,3483.5,"0.10059677066255387,0.060875320705829565,0.047568410073040246",0.06968,8.199282,inf,22,33
2007530172370_Node0_Node8_Zero,"[0, 1, 2, 3, 4, 5, 6, 7, 8]",2007.530172,2008.830189,inf,3,8,3483.5,"0.10059677066255387,0.060875320705829565,0.047568410073040246,0.060875320705829565,0.0108521532000108",0.056154,2.35649,inf,11,33
2007535640589_Node0_Node8_Zero,"[0, 1, 2, 3, 4, 5, 6, 7, 8]",2007.535641,2008.833349,3.011863,6,9,3483.5,"0.10059677066255387,0.060875320705829565,0.10059677066255387,0.060875320705829565,0.009080820203196631,0.08118445997425944,0.08396158955192394,0.007663753805745297",0.063104,0.594479,1.664145,11,33
2007541109327_Node0_Node8_Zero,"[0, 1, 2, 3, 4, 5, 6, 7, 8]",2007.541109,2008.833349,inf,4,2,3483.5,"0.10059677066255387,0.060875320705829565,0.10059677066255387,0.07350852870592,0.02007173615790435",0.07113,0.828378,inf,11,33
2007546572249_Node0_Node8_Zero,"[0, 1, 2, 3, 4, 5, 6, 7, 8]",2007.546572,2008.833349,3.009545,6,4,3483.5,"0.10059677066255387,0.060875320705829565,0.10059677066255387,0.07350852870592,0.007663753805745297,0.060875320705829565,0.0660938978838098,0.009608448098414617",0.059977,1.034672,2.086425,11,33
2007552040683_Node0_Node8_Zero,"[0, 1, 2, 3, 4, 5, 6, 7, 8]",2007.552041,2008.844634,3.001756,5,11,3483.5,"0.10059677066255387,0.060875320705829565,0.04004848965369483,0.06904036585181098,0.010497886600647967,0.0701341298769544,0.08576109017032131,0.009269117607442798",0.055778,0.148487,2.012742,11,33
2007557500465_Node0_Node8_Zero,"[0, 1, 2, 3, 4, 5, 6, 7, 8]",2007.5575,2008.844634,3.003948,5,15,3483.5,"0.10059677066255387,0.060875320705829565,0.04004848965369483,0.06904036585181098,0.012269219597462131,0.07457700472553364,0.07034230172914194,0.008018020405108132",0.054471,0.353713,1.741072,11,33
2007562962532_Node0_Node8_Zero,"[0, 1, 2, 3, 4, 5, 6, 7, 8]",2007.562963,2008.844634,inf,4,12,3483.5,"0.10059677066255387,0.060875320705829565,0.015291241504138024,0.060875320705829565,0.01041691137793646,0.06824541968953347",0.052717,0.343901,inf,11,33
2007568427083_Node0_Node8_Zero,"[0, 1, 2, 3, 4, 5, 6, 7, 8]",2007.568427,2008.844873,inf,3,6,3483.5,"0.10059677066255387,0.060875320705829565,0.015291241504138024,0.07213147188094098,0.012188244374750629",0.052217,0.343901,inf,11,33
2007573894593_Node0_Node8_Zero,"[0, 1, 2, 3, 4, 5, 6, 7, 8]",2007.573895,2008.844873,inf,4,6,3483.5,"0.10059677066255387,0.060875320705829565,0.043661924631564264,0.07259718506731981,0.009080820203196631,0.06720690574182973",0.059003,0.743239,inf,11,33
2007579360479_Node0_Node8_Zero,"[0, 1, 2, 3, 4, 5, 6, 7, 8]",2007.57936,2008.844873,inf,4,6,3483.5,"0.10059677066255387,0.060875320705829565,0.043661924631564264,0.07259718506731981,0.00820532159882519,0.06720690574182973",0.058857,0.743239,inf,11,33
2007584822737_Node0_Node8_Zero,"[0, 1, 2, 3, 4, 5, 6, 7, 8]",2007.584823,2008.851549,3.001556,5,6,3483.5,"0.10059677066255387,0.060875320705829565,0.015291241504138024,0.07259718506731981,0.009080820203196631,0.06720690574182973,0.06629008730610182,0.008119990173654118",0.050007,0.796387,1.763214,11,33
2007590288137_Node0_Node8_Zero,"[0, 1, 2, 3, 4, 5, 6, 7, 8]",2007.590288,2008.851549,inf,3,6,3483.5,"0.10059677066255387,0.060875320705829565,0.015291241504138024,0.07259718506731981,0.009080820203196631",0.051688,0.128088,inf,11,33
2007595749969_Node0_Node8_Zero,"[0, 1, 2, 3, 4, 5, 6, 7, 8]",2007.59575,2008.851549,inf,2,3,3483.5,"0.10059677066255387,0.060875320705829565,0.037750277948743256",0.066407,8.19728,inf,22,33
2007601214352_Node0_Node8_Zero,"[0, 1, 2, 3, 4, 5, 6, 7, 8]",2007.601214,2008.851888,inf,2,3,3483.5,"0.10059677066255387,0.060875320705829565,0.037750277948743256",0.066407,8.19728,inf,22,33
2007606674894_Node0_Node8_Zero,"[0, 1, 2, 3, 4, 5, 6, 7, 8]",2007.606675,2008.851888,2.999283,5,10,3483.5,"0.10059677066255387,0.060875320705829565,0.04004848965369483,0.060875320705829565,0.008671063366538837,0.06643180615430602,0.07829510635367194,0.008608241401810839",0.05305,0.66431,1.869236,11,33
2007612137172_Node0_Node8_Zero,"[0, 1, 2, 3, 4, 5, 6, 7, 8]",2007.612137,2008.851888,2.995896,5,8,3483.5,"0.10059677066255387,0.060875320705829565,0.04004848965369483,0.060875320705829565,0.008999844980485127,0.060875320705829565,0.060875320705829565,0.008842754326690103",0.050249,0.682408,1.920159,11,33
2007617604062_Node0_Node8_Zero,"[0, 1, 2, 3, 4, 5, 6, 7, 8]",2007.617604,2008.856349,3.005078,5,11,3483.5,"0.10059677066255387,0.060875320705829565,0.04004848965369483,0.060875320705829565,0.007663753805745297,0.06720690574182973,0.07002808552911248,0.008591594899314624",0.051986,0.796387,1.865621,11,33
2007623066145_Node0_Node8_Zero,"[0, 1, 2, 3, 4, 5, 6, 7, 8]",2007.623066,2008.856349,2.996668,5,11,3483.5,"0.10059677066255387,0.060875320705829565,0.04004848965369483,0.060875320705829565,0.008999844980485127,0.07517651574220914,0.060875320705829565,0.007663753805745297",0.051889,0.628793,1.664145,11,33
2007628534354_Node0_Node8_Zero,"[0, 1, 2, 3, 4, 5, 6, 7, 8]",2007.628534,2008.856349,inf,4,7,3483.5,"0.10059677066255387,0.060875320705829565,0.019977202649124212,0.07213147188094098,0.012006078551902846,0.06824541968953347",0.055639,1.62827,inf,11,33
2007634002642_Node0_Node8_Zero,"[0, 1, 2, 3, 4, 5, 6, 7, 8]",2007.634003,2008.865084,inf,3,5,3483.5,"0.03840967607115694,0.060875320705829565,0.019977202649124212,0.07213147188094098,0.009952091711977676",0.040269,1.007726,inf,11,33
2007639469420_Node0_Node8_Zero,"[0, 1, 2, 3, 4, 5, 6, 7, 8]",2007.639469,2008.865084,inf,5,7,3483.5,"0.03840967607115694,0.060875320705829565,0.017310173876460715,0.07213147188094098,0.008999844980485127,0.06824541968953347,0.06305012601936043",0.047003,0.870789,inf,11,33
2007644934031_Node0_Node8_Zero,"[0, 1, 2, 3, 4, 5, 6, 7, 8]",2007.644934,2008.865084,2.99928,5,10,3483.5,"0.03840967607115694,0.060875320705829565,0.017310173876460715,0.07213147188094098,0.013286195498506861,0.06824541968953347,0.06305012601936043,0.009158963675495789",0.042808,0.751471,1.988822,11,33
2007650398023_Node0_Node8_Zero,"[0, 1, 2, 3, 4, 5, 6, 7, 8]",2007.650398,2008.869103,inf,4,9,3483.5,"0.03840967607115694,0.060875320705829565,0.015291241504138024,0.060875320705829565,0.008999844980485127,0.06824541968953347",0.042116,0.866916,inf,11,33
2007655865817_Node0_Node8_Zero,"[0, 1, 2, 3, 4, 5, 6, 7, 8]",2007.655866,2008.869103,2.998034,5,11,3483.5,"0.03840967607115694,0.060875320705829565,0.015291241504138024,0.060875320705829565,0.008337428843213894,0.06824541968953347,0.06343920682434957,0.009308553500334469",0.040598,0.771045,2.021305,11,33
2007661333970_Node0_Node8_Zero,"[0, 1, 2, 3, 4, 5, 6, 7, 8]",2007.661334,2008.869103,inf,4,10,3483.5,"0.03840967607115694,0.060875320705829565,0.016940135801441658,0.07259718506731981,0.010796069616110869,0.06720690574182973",0.044471,0.796387,inf,11,33
2007666798413_Node0_Node8_Zero,"[0, 1, 2, 3, 4, 5, 6, 7, 8]",2007.666798,2008.872943,inf,3,8,3483.5,"0.03840967607115694,0.060875320705829565,0.015291241504138024,0.07011949329865459,0.007663753805745297",0.038472,0.11264,inf,11,33
2007672262349_Node0_Node8_Zero,"[0, 1, 2, 3, 4, 5, 6, 7, 8]",2007.672262,2008.872943,inf,3,8,3483.5,"0.03840967607115694,0.060875320705829565,0.017310173876460715,0.060875320705829565,0.011514277677823601",0.037797,0.796387,inf,11,33
2007677728263_Node0_Node8_Zero,"[0, 1, 2, 3, 4, 5, 6, 7, 8]",2007.677728,2008.872943,inf,3,7,3483.5,"0.03840967607115694,0.060875320705829565,0.016940135801441658,0.07259718506731981,0.013299160178820062",0.040424,1.308862,inf,11,33
2007683197621_Node0_Node8_Zero,"[0, 1, 2, 3, 4, 5, 6, 7, 8]",2007.683198,2008.873322,inf,3,12,3483.5,"0.10059677066255387,0.060875320705829565,0.017411270994314765,0.08511870720562124,0.007663753805745297",0.054333,0.796387,inf,11,33
2007688665941_Node0_Node8_Zero,"[0, 1, 2, 3, 4, 5, 6, 7, 8]",2007.688666,2008.873322,inf,3,10,3483.5,"0.10059677066255387,0.060875320705829565,0.017411270994314765,0.07011949329865459,0.008999844980485127",0.051601,0.796387,inf,11,33
2007694134525_Node0_Node8_Zero,"[0, 1, 2, 3, 4, 5, 6, 7, 8]",2007.694135,2008.873322,3.004135,5,11,3483.5,"0.10059677066255387,0.060875320705829565,0.015291241504138024,0.07011949329865459,0.008999844980485127,0.06824541968953347,0.06343240903359117,0.009255260502127646",0.049602,1.035292,2.009733,11,33
2007699594929_Node0_Node8_Zero,"[0, 1, 2, 3, 4, 5, 6, 7, 8]",2007.699595,2008.883203,inf,4,9,3483.5,"0.10059677066255387,0.060875320705829565,0.017310173876460715,0.060875320705829565,0.011375118180022601,0.06459142317163681",0.052604,0.599447,inf,11,33
2007705061067_Node0_Node8_Zero,"[0, 1, 2, 3, 4, 5, 6, 7, 8]",2007.705061,2008.883203,3.002193,5,9,3483.5,"0.10059677066255387,0.060875320705829565,0.01688166919744451,0.060875320705829565,0.015225642052100901,0.08298590600236681,0.07754623848121324,0.008846869183476155",0.052979,0.828378,1.921052,11,33
2007710528487_Node0_Node8_Zero,"[0, 1, 2, 3, 4, 5, 6, 7, 8]",2007.710528,2008.883203,3.000543,5,10,3483.5,"0.10059677066255387,0.060875320705829565,0.01688166919744451,0.060875320705829565,0.015605551998642518,0.060875320705829565,0.0636055184358104,0.008444130066483669",0.04847,0.721841,1.8336,11,33
2007715991312_Node0_Node8_Zero,"[0, 1, 2, 3, 4, 5, 6, 7, 8]",2007.715991,2008.883323,inf,3,6,3483.5,"0.10059677066255387,0.060875320705829565,0.015291241504138024,0.060875320705829565,0.012593884410568749",0.050047,0.721407,inf,11,33
2007721458405_Node0_Node8_Zero,"[0, 1, 2, 3, 4, 5, 6, 7, 8]",2007.721458,2008.883323,3.004354,5,10,3483.5,"0.10059677066255387,0.060875320705829565,0.02007173615790435,0.060875320705829565,0.014465877128032757,0.06383547238257992,0.060875320705829565,0.00952260272343501",0.04889,1.475314,2.067785,11,33
2007726926936_Node0_Node8_Zero,"[0, 1, 2, 3, 4, 5, 6, 7, 8]",2007.726927,2008.883323,inf,3,4,3483.5,"0.10059677066255387,0.060875320705829565,0.007663753805745297,0.0724378891586049,0.011625501733042986",0.05064,0.385182,inf,11,33
2007732394313_Node0_Node8_Zero,"[0, 1, 2, 3, 4, 5, 6, 7, 8]",2007.732394,2008.894407,inf,3,8,3483.5,"0.10059677066255387,0.060875320705829565,0.007663753805745297,0.0707314187269429,0.00874844618535255",0.049723,0.328094,inf,11,33
2007737862935_Node0_Node8_Zero,"[0, 1, 2, 3, 4, 5, 6, 7, 8]",2007.737863,2008.894407,inf,3,6,3483.5,"0.10059677066255387,0.060875320705829565,0.009869638309592923,0.060875320705829565,0.009323737178160568",0.048308,0.400014,inf,11,33
2007743329387_Node0_Node8_Zero,"[0, 1, 2, 3, 4, 5, 6, 7, 8]",2007.743329,2008.894407,inf,3,7,3483.5,"0.10059677066255387,0.060875320705829565,0.007663753805745297,0.06982680786588419",0.059741,0.353713,inf,11,33
2007748792407_Node0_Node8_Zero,"[0, 1, 2, 3, 4, 5, 6, 7, 8]",2007.748792,2008.894747,3.01082,5,16,3483.5,"0.10059677066255387,0.060875320705829565,0.007663753805745297,0.06765993404505402,0.007663753805745297,0.060875320705829565,0.060875320705829565,0.012631008499336342",0.047355,0.798348,2.742759,11,33
2007754261700_Node0_Node8_Zero,"[0, 1, 2, 3, 4, 5, 6, 7, 8]",2007.754262,2008.894747,3.009646,5,10,3483.5,"0.10059677066255387,0.060875320705829565,0.007663753805745297,0.060875320705829565,0.007663753805745297,0.060875320705829565,0.06629008730610182,0.008459397622372534",0.046662,0.358003,1.836915,11,33
2007759729855_Node0_Node8_Zero,"[0, 1, 2, 3, 4, 5, 6, 7, 8]",2007.75973,2008.894747,3.00203,5,8,3483.5,"0.10059677066255387,0.060875320705829565,0.007663753805745297,0.060875320705829565,0.012918711215527316,0.07737994240433896,0.07143827859287558,0.008460853654311672",0.050026,0.379192,1.837231,11,33
2007765191251_Node0_Node8_Zero,"[0, 1, 2, 3, 4, 5, 6, 7, 8]",2007.765191,2008.897209,inf,3,8,3483.5,"0.10059677066255387,0.060875320705829565,0.007663753805745297,0.060875320705829565,0.015499612067643175",0.049102,0.359465,inf,11,33
2007770657497_Node0_Node8_Zero,"[0, 1, 2, 3, 4, 5, 6, 7, 8]",2007.770657,2008.897209,inf,3,11,3483.5,"0.10059677066255387,0.060875320705829565,0.007663753805745297,0.060875320705829565,0.007663753805745297",0.047535,0.346169,inf,11,33
2007776118607_Node0_Node8_Zero,"[0, 1, 2, 3, 4, 5, 6, 7, 8]",2007.776119,2008.897209,inf,3,10,3483.5,"0.10059677066255387,0.060875320705829565,0.007663753805745297,0.060875320705829565,0.010950388469420454",0.048192,0.341417,inf,11,33
2007781578895_Node0_Node8_Zero,"[0, 1, 2, 3, 4, 5, 6, 7, 8]",2007.781579,2008.900109,3.004919,5,13,3483.5,"0.10059677066255387,0.060875320705829565,0.009869638309592923,0.060875320705829565,0.007663753805745297,0.06685866252839003,0.06527124531015971,0.008460853654311672",0.047559,0.455524,1.837231,11,33
2007787040102_Node0_Node8_Zero,"[0, 1, 2, 3, 4, 5, 6, 7, 8]",2007.78704,2008.900109,3.001486,5,11,3483.5,"0.10059677066255387,0.060875320705829565,0.007663753805745297,0.060875320705829565,0.007663753805745297,0.06720690574182973,0.06492753512886967,0.007899875704761682",0.047214,0.353713,1.715418,11,33
2007792500472_Node0_Node8_Zero,"[0, 1, 2, 3, 4, 5, 6, 7, 8]",2007.7925,2008.900109,3.002654,5,11,3483.5,"0.10059677066255387,0.060875320705829565,0.01120686741446704,0.060875320705829565,0.015405283909243703,0.060875320705829565,0.06332506005834607,0.008459397622372534",0.047702,0.565317,1.836915,11,33
2007797969485_Node0_Node8_Zero,"[0, 1, 2, 3, 4, 5, 6, 7, 8]",2007.797969,2008.904149,inf,2,4,3483.5,"0.10059677066255387,0.060875320705829565,0.02007173615790435",0.060515,1.121052,inf,11,33
2007803432660_Node0_Node8_Zero,"[0, 1, 2, 3, 4, 5, 6, 7, 8]",2007.803433,2008.904149,inf,2,6,3483.5,"0.10059677066255387,0.060875320705829565,0.02007173615790435",0.060515,1.245184,inf,11,33
2007808894991_Node0_Node8_Zero,"[0, 1, 2, 3, 4, 5, 6, 7, 8]",2007.808895,2008.904149,inf,2,8,3483.5,"0.10059677066255387,0.060875320705829565,0.017211948116648786",0.059561,0.860146,inf,11,33
2007814360059_Node0_Node8_Zero,"[0, 1, 2, 3, 4, 5, 6, 7, 8]",2007.81436,2008.916432,inf,2,5,3483.5,"0.10059677066255387,0.060875320705829565,0.007663753805745297",0.056379,0.279398,inf,11,33
2007819828332_Node0_Node8_Zero,"[0, 1, 2, 3, 4, 5, 6, 7, 8]",2007.819828,2008.916432,inf,2,5,3483.5,"0.10059677066255387,0.060875320705829565,0.009473544213253297",0.056982,0.442545,inf,11,33
2007825288854_Node0_Node8_Zero,"[0, 1, 2, 3, 4, 5, 6, 7, 8]",2007.825289,2008.916432,3.005122,5,13,3483.5,"0.10059677066255387,0.060875320705829565,0.04004848965369483,0.09157046757778997,0.011813672236391109,0.0802720812129412,0.07148826324236318,0.007910043792688667",0.058072,1.717626,1.717626,11,33
2007830751256_Node0_Node8_Zero,"[0, 1, 2, 3, 4, 5, 6, 7, 8]",2007.830751,2008.92043,inf,2,4,3483.5,"0.10059677066255387,0.060875320705829565,0.007663753805745297",0.056379,1.664145,inf,11,33
2007836215900_Node0_Node8_Zero,"[0, 1, 2, 3, 4, 5, 6, 7, 8]",2007.836216,2008.92043,inf,2,4,3483.5,"0.10059677066255387,0.060875320705829565,0.00850834618940964",0.05666,1.847544,inf,11,33
2007841679936_Node0_Node8_Zero,"[0, 1, 2, 3, 4, 5, 6, 7, 8]",2007.84168,2008.92043,inf,2,4,3483.5,"0.10059677066255387,0.060875320705829565",0.080736,13.218765,inf,33,33
2007847140735_Node0_Node8_Zero,"[0, 1, 2, 3, 4, 5, 6, 7, 8]",2007.847141,2008.920509,inf,2,6,3483.5,"0.10059677066255387,0.060875320705829565,0.008977493158190802",0.056817,0.470738,inf,11,33
2007852606431_Node0_Node8_Zero,"[0, 1, 2, 3, 4, 5, 6, 7, 8]",2007.852606,2008.920509,3.004236,5,23,3483.5,"0.10059677066255387,0.060875320705829565,0.02007173615790435,0.07745804341916335,0.007663753805745297,0.07501268936898417,0.04170237098650969,0.00786302876788689",0.048905,0.937627,1.707417,11,33
2007858073554_Node0_Node8_Zero,"[0, 1, 2, 3, 4, 5, 6, 7, 8]",2007.858074,2008.920509,3.003024,5,12,3483.5,"0.10059677066255387,0.060875320705829565,0.009877920051763007,0.06837764747291135,0.02007173615790435,0.060875320705829565,0.04096644688657435,0.008120373007538107",0.04622,0.522275,1.763298,11,33
2007863540207_Node0_Node8_Zero,"[0, 1, 2, 3, 4, 5, 6, 7, 8]",2007.86354,2008.925533,inf,2,6,3483.5,"0.10059677066255387,0.060875320705829565,0.01067678819354322",0.057383,0.432662,inf,11,33
2007869007599_Node0_Node8_Zero,"[0, 1, 2, 3, 4, 5, 6, 7, 8]",2007.869008,2008.925533,inf,2,6,3483.5,"0.10059677066255387,0.060875320705829565,0.007663753805745297",0.056379,0.466764,inf,11,33
2007874474167_Node0_Node8_Zero,"[0, 1, 2, 3, 4, 5, 6, 7, 8]",2007.874474,2008.925533,3.005165,5,17,3483.5,"0.10059677066255387,0.060875320705829565,0.008481580056303744,0.07242415731371137,0.007663753805745297,0.060875320705829565,0.03840967607115694,0.009751396266276281",0.044885,0.691303,2.117466,11,33
2007879938764_Node0_Node8_Zero,"[0, 1, 2, 3, 4, 5, 6, 7, 8]",2007.879939,2008.941123,inf,2,2,3483.5,"0.10059677066255387,0.060875320705829565",0.080736,8.199282,inf,33,33
2007885401563_Node0_Node8_Zero,"[0, 1, 2, 3, 4, 5, 6, 7, 8]",2007.885402,2008.941123,inf,2,2,3483.5,"0.10059677066255387,0.060875320705829565",0.080736,8.199282,inf,33,33
2007890865252_Node0_Node8_Zero,"[0, 1, 2, 3, 4, 5, 6, 7, 8]",2007.890865,2008.941123,inf,2,2,3483.5,"0.10059677066255387,0.060875320705829565",0.080736,13.218765,inf,33,33
2007896327618_Node0_Node8_Zero,"[0, 1, 2, 3, 4, 5, 6, 7, 8]",2007.896328,2008.941442,inf,2,0,3483.5,"0.10059677066255387,0.060875320705829565",0.080736,8.199282,inf,33,33
2007901790352_Node0_Node8_Zero,"[0, 1, 2, 3, 4, 5, 6, 7, 8]",2007.90179,2008.941442,inf,2,0,3483.5,"0.10059677066255387,0.060875320705829565",0.080736,8.199282,inf,33,33
2007907257085_Node0_Node8_Zero,"[0, 1, 2, 3, 4, 5, 6, 7, 8]",2007.907257,2008.941442,inf,2,0,3483.5,"0.10059677066255387,0.060875320705829565",0.080736,13.218765,inf,33,33
2007912723785_Node0_Node8_Zero,"[0, 1, 2, 3, 4, 5, 6, 7, 8]",2007.912724,2008.943809,inf,2,1,3483.5,"0.10059677066255387,0.060875320705829565",0.080736,13.218765,inf,33,33
2007918183551_Node0_Node8_Zero,"[0, 1, 2, 3, 4, 5, 6, 7, 8]",2007.918184,2008.943809,inf,2,1,3483.5,"0.10059677066255387,0.060875320705829565",0.080736,13.218765,inf,33,33
2007923647437_Node0_Node8_Zero,"[0, 1, 2, 3, 4, 5, 6, 7, 8]",2007.923647,2008.943809,inf,2,1,3483.5,"0.10059677066255387,0.060875320705829565",0.080736,13.218765,inf,33,33
2007929110826_Node0_Node8_Zero,"[0, 1, 2, 3, 4, 5, 6, 7, 8]",2007.929111,2008.95365,inf,2,0,3483.5,"0.10059677066255387,0.060875320705829565",0.080736,13.218765,inf,33,33
2007934574496_Node0_Node8_Zero,"[0, 1, 2, 3, 4, 5, 6, 7, 8]",2007.934574,2008.95365,inf,2,0,3483.5,"0.10059677066255387,0.060875320705829565",0.080736,13.218765,inf,33,33
2007940040982_Node0_Node8_Zero,"[0, 1, 2, 3, 4, 5, 6, 7, 8]",2007.940041,2008.95365,inf,2,0,3483.5,"0.10059677066255387,0.060875320705829565",0.080736,13.218765,inf,33,33
2007945503533_Node0_Node8_Zero,"[0, 1, 2, 3, 4, 5, 6, 7, 8]",2007.945504,2008.95553,inf,2,0,3483.5,"0.03840967607115694,0.060875320705829565",0.049642,8.340465,inf,33,33
2007950967646_Node0_Node8_Zero,"[0, 1, 2, 3, 4, 5, 6, 7, 8]",2007.950968,2008.95553,inf,2,0,3483.5,"0.03840967607115694,0.060875320705829565",0.049642,8.340465,inf,33,33
2007956429534_Node0_Node8_Zero,"[0, 1, 2, 3, 4, 5, 6, 7, 8]",2007.95643,2008.95553,inf,2,0,3483.5,"0.03840967607115694,0.060875320705829565",0.049642,8.340465,inf,33,33
2007961894915_Node0_Node8_Zero,"[0, 1, 2, 3, 4, 5, 6, 7, 8]",2007.961895,2008.95759,inf,2,5,3483.5,"0.03840967607115694,0.060875320705829565",0.049642,8.199282,inf,33,33
2007967364217_Node0_Node8_Zero,"[0, 1, 2, 3, 4, 5, 6, 7, 8]",2007.967364,2008.95759,inf,2,5,3483.5,"0.03840967607115694,0.060875320705829565",0.049642,8.199282,inf,33,33
2007972828584_Node0_Node8_Zero,"[0, 1, 2, 3, 4, 5, 6, 7, 8]",2007.972829,2008.95759,inf,2,1,3483.5,"0.03840967607115694,0.060875320705829565",0.049642,8.340465,inf,33,33
2007978293404_Node0_Node8_Zero,"[0, 1, 2, 3, 4, 5, 6, 7, 8]",2007.978293,2008.957869,inf,2,2,3483.5,"0.10059677066255387,0.060875320705829565",0.080736,13.218765,inf,33,33
2007983759642_Node0_Node8_Zero,"[0, 1, 2, 3, 4, 5, 6, 7, 8]",2007.98376,2008.957869,inf,2,2,3483.5,"0.10059677066255387,0.060875320705829565",0.080736,13.218765,inf,33,33
2007989227600_Node0_Node8_Zero,"[0, 1, 2, 3, 4, 5, 6, 7, 8]",2007.989228,2008.957869,inf,2,2,3483.5,"0.10059677066255387,0.060875320705829565",0.080736,13.218765,inf,33,33
2007994687081_Node0_Node8_Zero,"[0, 1, 2, 3, 4, 5, 6, 7, 8]",2007.994687,2008.964633,inf,2,3,3483.5,"0.03840967607115694,0.060875320705829565",0.049642,13.218765,inf,33,33
2008000152154_Node0_Node8_Zero,"[0, 1, 2, 3, 4, 5, 6, 7, 8]",2008.000152,2008.964633,inf,2,3,3483.5,"0.03840967607115694,0.060875320705829565",0.049642,13.218765,inf,33,33
2008005613634_Node0_Node8_Zero,"[0, 1, 2, 3, 4, 5, 6, 7, 8]",2008.005614,2008.964633,inf,2,1,3483.5,"0.03840967607115694,0.060875320705829565",0.049642,8.340465,inf,33,33
2008011080822_Node0_Node8_Zero,"[0, 1, 2, 3, 4, 5, 6, 7, 8]",2008.011081,2008.984069,inf,2,0,3483.5,"0.10059677066255387,0.060875320705829565",0.080736,13.218765,inf,33,33
2008016548083_Node0_Node8_Zero,"[0, 1, 2, 3, 4, 5, 6, 7, 8]",2008.016548,2008.984069,inf,2,0,3483.5,"0.10059677066255387,0.060875320705829565",0.080736,13.218765,inf,33,33
2008022016687_Node0_Node8_Zero,"[0, 1, 2, 3, 4, 5, 6, 7, 8]",2008.022017,2008.984069,inf,2,0,3483.5,"0.10059677066255387,0.060875320705829565",0.080736,13.218765,inf,33,33
2008027477037_Node0_Node8_Zero,"[0, 1, 2, 3, 4, 5, 6, 7, 8]",2008.027477,2008.986009,inf,2,0,3483.5,"0.03840967607115694,0.060875320705829565",0.049642,8.340465,inf,33,33
2008032945199_Node0_Node8_Zero,"[0, 1, 2, 3, 4, 5, 6, 7, 8]",2008.032945,2008.986009,inf,2,0,3483.5,"0.03840967607115694,0.060875320705829565",0.049642,8.340465,inf,33,33
2008038406842_Node0_Node8_Zero,"[0, 1, 2, 3, 4, 5, 6, 7, 8]",2008.038407,2008.986009,inf,2,0,3483.5,"0.03840967607115694,0.060875320705829565",0.049642,8.340465,inf,33,33
2008043870410_Node0_Node8_Zero,"[0, 1, 2, 3, 4, 5, 6, 7, 8]",2008.04387,2008.992641,inf,2,0,3483.5,"0.03840967607115694,0.060875320705829565",0.049642,8.340465,inf,33,33
2008049336860_Node0_Node8_Zero,"[0, 1, 2, 3, 4, 5, 6, 7, 8]",2008.049337,2008.992641,inf,2,0,3483.5,"0.03840967607115694,0.060875320705829565",0.049642,8.340465,inf,33,33
2008054805728_Node0_Node8_Zero,"[0, 1, 2, 3, 4, 5, 6, 7, 8]",2008.054806,2008.992641,inf,2,0,3483.5,"0.03840967607115694,0.060875320705829565",0.049642,8.340465,inf,33,33
2008060270143_Node0_Node8_Zero,"[0, 1, 2, 3, 4, 5, 6, 7, 8]",2008.06027,2008.996683,inf,2,0,3483.5,"0.03840967607115694,0.060875320705829565",0.049642,8.340465,inf,33,33
2008065729764_Node0_Node8_Zero,"[0, 1, 2, 3, 4, 5, 6, 7, 8]",2008.06573,2008.996683,inf,2,0,3483.5,"0.03840967607115694,0.060875320705829565",0.049642,8.340465,inf,33,33
2008071191115_Node0_Node8_Zero,"[0, 1, 2, 3, 4, 5, 6, 7, 8]",2008.071191,2008.996683,inf,2,0,3483.5,"0.03840967607115694,0.060875320705829565",0.049642,8.340465,inf,33,33
2008076652645_Node0_Node8_Zero,"[0, 1, 2, 3, 4, 5, 6, 7, 8]",2008.076653,2008.998689,inf,2,0,3483.5,"0.03840967607115694,0.060875320705829565",0.049642,8.340465,inf,33,33
2008082114083_Node0_Node8_Zero,"[0, 1, 2, 3, 4, 5, 6, 7, 8]",2008.082114,2008.998689,inf,2,0,3483.5,"0.03840967607115694,0.060875320705829565",0.049642,8.340465,inf,33,33
2008087578763_Node0_Node8_Zero,"[0, 1, 2, 3, 4, 5, 6, 7, 8]",2008.087579,2008.998689,inf,2,0,3483.5,"0.03840967607115694,0.060875320705829565",0.049642,8.340465,inf,33,33
2008093048023_Node0_Node8_Zero,"[0, 1, 2, 3, 4, 5, 6, 7, 8]",2008.093048,2009.00071,inf,2,2,3483.5,"0.03840967607115694,0.060875320705829565",0.049642,8.199282,inf,33,33
2008098509350_Node0_Node8_Zero,"[0, 1, 2, 3, 4, 5, 6, 7, 8]",2008.098509,2009.00071,inf,2,2,3483.5,"0.03840967607115694,0.060875320705829565",0.049642,8.199282,inf,33,33
2008103970543_Node0_Node8_Zero,"[0, 1, 2, 3, 4, 5, 6, 7, 8]",2008.103971,2009.00071,inf,2,1,3483.5,"0.03840967607115694,0.060875320705829565",0.049642,8.340465,inf,33,33
2008109430689_Node0_Node8_Zero,"[0, 1, 2, 3, 4, 5, 6, 7, 8]",2008.109431,2009.001049,inf,2,3,3483.5,"0.03840967607115694,0.060875320705829565",0.049642,8.199282,inf,33,33
2008114895353_Node0_Node8_Zero,"[0, 1, 2, 3, 4, 5, 6, 7, 8]",2008.114895,2009.001049,inf,2,3,3483.5,"0.03840967607115694,0.060875320705829565",0.049642,8.199282,inf,33,33
2008120363759_Node0_Node8_Zero,"[0, 1, 2, 3, 4, 5, 6, 7, 8]",2008.120364,2009.001049,inf,2,2,3483.5,"0.03840967607115694,0.060875320705829565",0.049642,8.340465,inf,33,33
2008125825158_Node0_Node8_Zero,"[0, 1, 2, 3, 4, 5, 6, 7, 8]",2008.125825,2009.012649,inf,2,2,3483.5,"0.10059677066255387,0.060875320705829565",0.080736,8.199282,inf,33,33
2008131293503_Node0_Node8_Zero,"[0, 1, 2, 3, 4, 5, 6, 7, 8]",2008.131294,2009.012649,inf,2,2,3483.5,"0.10059677066255387,0.060875320705829565",0.080736,13.218765,inf,33,33
2008136756068_Node0_Node8_Zero,"[0, 1, 2, 3, 4, 5, 6, 7, 8]",2008.136756,2009.012649,inf,2,2,3483.5,"0.10059677066255387,0.060875320705829565",0.080736,13.218765,inf,33,33
2008142222557_Node0_Node8_Zero,"[0, 1, 2, 3, 4, 5, 6, 7, 8]",2008.142223,2009.019069,inf,2,0,3483.5,"0.10059677066255387,0.060875320705829565",0.080736,8.199282,inf,33,33
2008147685487_Node0_Node8_Zero,"[0, 1, 2, 3, 4, 5, 6, 7, 8]",2008.147685,2009.019069,inf,2,0,3483.5,"0.10059677066255387,0.060875320705829565",0.080736,8.199282,inf,33,33
2008153153466_Node0_Node8_Zero,"[0, 1, 2, 3, 4, 5, 6, 7, 8]",2008.153153,2009.019069,inf,2,0,3483.5,"0.10059677066255387,0.060875320705829565",0.080736,13.218765,inf,33,33
2008158616843_Node0_Node8_Zero,"[0, 1, 2, 3, 4, 5, 6, 7, 8]",2008.158617,2009.02707,inf,2,2,3483.5,"0.10059677066255387,0.060875320705829565",0.080736,8.199282,inf,33,33
2008164078055_Node0_Node8_Zero,"[0, 1, 2, 3, 4, 5, 6, 7, 8]",2008.164078,2009.02707,inf,2,2,3483.5,"0.10059677066255387,0.060875320705829565",0.080736,13.218765,inf,33,33
2008169541349_Node0_Node8_Zero,"[0, 1, 2, 3, 4, 5, 6, 7, 8]",2008.169541,2009.02707,inf,2,2,3483.5,"0.10059677066255387,0.060875320705829565",0.080736,13.218765,inf,33,33
2008175005726_Node0_Node8_Zero,"[0, 1, 2, 3, 4, 5, 6, 7, 8]",2008.175006,2009.027429,inf,2,2,3483.5,"0.10059677066255387,0.060875320705829565",0.080736,13.218765,inf,33,33
2008180471116_Node0_Node8_Zero,"[0, 1, 2, 3, 4, 5, 6, 7, 8]",2008.180471,2009.027429,inf,2,2,3483.5,"0.10059677066255387,0.060875320705829565",0.080736,13.218765,inf,33,33
2008185933826_Node0_Node8_Zero,"[0, 1, 2, 3, 4, 5, 6, 7, 8]",2008.185934,2009.027429,inf,2,2,3483.5,"0.10059677066255387,0.060875320705829565",0.080736,13.218765,inf,33,33
2008191397325_Node0_Node8_Zero,"[0, 1, 2, 3, 4, 5, 6, 7, 8]",2008.191397,2009.032629,inf,2,0,3483.5,"0.10059677066255387,0.060875320705829565",0.080736,13.218765,inf,33,33
2008196865443_Node0_Node8_Zero,"[0, 1, 2, 3, 4, 5, 6, 7, 8]",2008.196865,2009.032629,inf,2,0,3483.5,"0.10059677066255387,0.060875320705829565",0.080736,13.218765,inf,33,33
2008202326896_Node0_Node8_Zero,"[0, 1, 2, 3, 4, 5, 6, 7, 8]",2008.202327,2009.032629,inf,2,0,3483.5,"0.10059677066255387,0.060875320705829565",0.080736,13.218765,inf,33,33
2008207790903_Node0_Node8_Zero,"[0, 1, 2, 3, 4, 5, 6, 7, 8]",2008.207791,2009.036543,inf,2,1,3483.5,"0.03840967607115694,0.060875320705829565",0.049642,8.340465,inf,33,33
2008213252486_Node0_Node8_Zero,"[0, 1, 2, 3, 4, 5, 6, 7, 8]",2008.213252,2009.036543,inf,2,1,3483.5,"0.03840967607115694,0.060875320705829565",0.049642,8.340465,inf,33,33
2008218721568_Node0_Node8_Zero,"[0, 1, 2, 3, 4, 5, 6, 7, 8]",2008.218722,2009.036543,inf,2,1,3483.5,"0.03840967607115694,0.060875320705829565",0.049642,8.340465,inf,33,33
2008224186201_Node0_Node8_Zero,"[0, 1, 2, 3, 4, 5, 6, 7, 8]",2008.224186,2009.036802,inf,2,0,3483.5,"0.10059677066255387,0.060875320705829565",0.080736,8.199282,inf,33,33
2008229646848_Node0_Node8_Zero,"[0, 1, 2, 3, 4, 5, 6, 7, 8]",2008.229647,2009.036802,inf,2,0,3483.5,"0.10059677066255387,0.060875320705829565",0.080736,8.199282,inf,33,33
2008235108621_Node0_Node8_Zero,"[0, 1, 2, 3, 4, 5, 6, 7, 8]",2008.235109,2009.036802,inf,2,0,3483.5,"0.10059677066255387,0.060875320705829565",0.080736,13.218765,inf,33,33
2008240570948_Node0_Node8_Zero,"[0, 1, 2, 3, 4, 5, 6, 7, 8]",2008.240571,2009.043244,inf,2,1,3483.5,"0.10059677066255387,0.060875320705829565",0.080736,8.199282,inf,33,33
2008246037976_Node0_Node8_Zero,"[0, 1, 2, 3, 4, 5, 6, 7, 8]",2008.246038,2009.043244,inf,2,1,3483.5,"0.10059677066255387,0.060875320705829565",0.080736,8.199282,inf,33,33
2008251498249_Node0_Node8_Zero,"[0, 1, 2, 3, 4, 5, 6, 7, 8]",2008.251498,2009.043244,inf,2,1,3483.5,"0.10059677066255387,0.060875320705829565",0.080736,13.218765,inf,33,33
2008256965069_Node0_Node8_Zero,"[0, 1, 2, 3, 4, 5, 6, 7, 8]",2008.256965,2009.043603,inf,2,0,3483.5,"0.10059677066255387,0.060875320705829565",0.080736,8.199282,inf,33,33
2008262432659_Node0_Node8_Zero,"[0, 1, 2, 3, 4, 5, 6, 7, 8]",2008.262433,2009.043603,inf,2,0,3483.5,"0.10059677066255387,0.060875320705829565",0.080736,8.199282,inf,33,33
2008267894930_Node0_Node8_Zero,"[0, 1, 2, 3, 4, 5, 6, 7, 8]",2008.267895,2009.043603,inf,2,0,3483.5,"0.10059677066255387,0.060875320705829565",0.080736,13.218765,inf,33,33
2008273359927_Node0_Node8_Zero,"[0, 1, 2, 3, 4, 5, 6, 7, 8]",2008.27336,2009.052843,inf,2,2,3483.5,"0.10059677066255387,0.060875320705829565",0.080736,8.199282,inf,33,33
2008278820380_Node0_Node8_Zero,"[0, 1, 2, 3, 4, 5, 6, 7, 8]",2008.27882,2009.052843,inf,2,2,3483.5,"0.10059677066255387,0.060875320705829565",0.080736,13.218765,inf,33,33
2008284285334_Node0_Node8_Zero,"[0, 1, 2, 3, 4, 5, 6, 7, 8]",2008.284285,2009.052843,inf,2,2,3483.5,"0.10059677066255387,0.060875320705829565",0.080736,13.218765,inf,33,33
2008289750466_Node0_Node8_Zero,"[0, 1, 2, 3, 4, 5, 6, 7, 8]",2008.28975,2009.052963,inf,2,0,3483.5,"0.10059677066255387,0.060875320705829565",0.080736,8.199282,inf,33,33
2008295214459_Node0_Node8_Zero,"[0, 1, 2, 3, 4, 5, 6, 7, 8]",2008.295214,2009.052963,inf,2,0,3483.5,"0.10059677066255387,0.060875320705829565",0.080736,8.199282,inf,33,33
2008300681954_Node0_Node8_Zero,"[0, 1, 2, 3, 4, 5, 6, 7, 8]",2008.300682,2009.052963,inf,2,0,3483.5,"0.10059677066255387,0.060875320705829565",0.080736,13.218765,inf,33,33
2008306149707_Node0_Node8_Zero,"[0, 1, 2, 3, 4, 5, 6, 7, 8]",2008.30615,2009.061611,inf,2,2,3483.5,"0.10059677066255387,0.060875320705829565",0.080736,13.218765,inf,33,33
2008311610153_Node0_Node8_Zero,"[0, 1, 2, 3, 4, 5, 6, 7, 8]",2008.31161,2009.061611,inf,2,2,3483.5,"0.10059677066255387,0.060875320705829565",0.080736,13.218765,inf,33,33
2008317075666_Node0_Node8_Zero,"[0, 1, 2, 3, 4, 5, 6, 7, 8]",2008.317076,2009.061611,inf,2,2,3483.5,"0.10059677066255387,0.060875320705829565",0.080736,13.218765,inf,33,33
2008322545051_Node0_Node8_Zero,"[0, 1, 2, 3, 4, 5, 6, 7, 8]",2008.322545,2009.064849,inf,2,0,3483.5,"0.10059677066255387,0.060875320705829565",0.080736,8.199282,inf,33,33
2008328012905_Node0_Node8_Zero,"[0, 1, 2, 3, 4, 5, 6, 7, 8]",2008.328013,2009.064849,inf,2,0,3483.5,"0.10059677066255387,0.060875320705829565",0.080736,8.199282,inf,33,33
2008333481628_Node0_Node8_Zero,"[0, 1, 2, 3, 4, 5, 6, 7, 8]",2008.333482,2009.064849,inf,2,0,3483.5,"0.10059677066255387,0.060875320705829565",0.080736,13.218765,inf,33,33
2008338947394_Node0_Node8_Zero,"[0, 1, 2, 3, 4, 5, 6, 7, 8]",2008.338947,2009.0739,inf,2,2,3483.5,"0.10059677066255387,0.060875320705829565",0.080736,8.199282,inf,33,33
2008344415245_Node0_Node8_Zero,"[0, 1, 2, 3, 4, 5, 6, 7, 8]",2008.344415,2009.0739,inf,2,2,3483.5,"0.10059677066255387,0.060875320705829565",0.080736,13.218765,inf,33,33
2008349881876_Node0_Node8_Zero,"[0, 1, 2, 3, 4, 5, 6, 7, 8]",2008.349882,2009.0739,inf,2,2,3483.5,"0.10059677066255387,0.060875320705829565",0.080736,13.218765,inf,33,33
2008355346377_Node0_Node8_Zero,"[0, 1, 2, 3, 4, 5, 6, 7, 8]",2008.355346,2009.075698,inf,2,4,3483.5,"0.03840967607115694,0.060875320705829565",0.049642,8.340465,inf,33,33
2008360807661_Node0_Node8_Zero,"[0, 1, 2, 3, 4, 5, 6, 7, 8]",2008.360808,2009.075698,inf,2,4,3483.5,"0.03840967607115694,0.060875320705829565",0.049642,8.340465,inf,33,33
2008366268896_Node0_Node8_Zero,"[0, 1, 2, 3, 4, 5, 6, 7, 8]",2008.366269,2009.075698,inf,2,4,3483.5,"0.03840967607115694,0.060875320705829565",0.049642,8.340465,inf,33,33
2008371735516_Node0_Node8_Zero,"[0, 1, 2, 3, 4, 5, 6, 7, 8]",2008.371736,2009.081129,inf,2,1,3483.5,"0.10059677066255387,0.060875320705829565",0.080736,8.199282,inf,33,33
2008377199469_Node0_Node8_Zero,"[0, 1, 2, 3, 4, 5, 6, 7, 8]",2008.377199,2009.081129,inf,2,1,3483.5,"0.10059677066255387,0.060875320705829565",0.080736,8.199282,inf,33,33
2008382659881_Node0_Node8_Zero,"[0, 1, 2, 3, 4, 5, 6, 7, 8]",2008.38266,2009.081129,inf,2,1,3483.5,"0.10059677066255387,0.060875320705829565",0.080736,13.218765,inf,33,33
2008388122864_Node0_Node8_Zero,"[0, 1, 2, 3, 4, 5, 6, 7, 8]",2008.388123,2009.08567,inf,2,0,3483.5,"0.10059677066255387,0.060875320705829565",0.080736,13.218765,inf,33,33
2008393584612_Node0_Node8_Zero,"[0, 1, 2, 3, 4, 5, 6, 7, 8]",2008.393585,2009.08567,inf,2,0,3483.5,"0.10059677066255387,0.060875320705829565",0.080736,13.218765,inf,33,33
2008399050965_Node0_Node8_Zero,"[0, 1, 2, 3, 4, 5, 6, 7, 8]",2008.399051,2009.08567,inf,2,0,3483.5,"0.10059677066255387,0.060875320705829565",0.080736,13.218765,inf,33,33
2008404510520_Node0_Node8_Zero,"[0, 1, 2, 3, 4, 5, 6, 7, 8]",2008.404511,2009.087589,inf,2,2,3483.5,"0.03840967607115694,0.060875320705829565",0.049642,8.199282,inf,33,33
2008409970325_Node0_Node8_Zero,"[0, 1, 2, 3, 4, 5, 6, 7, 8]",2008.40997,2009.087589,inf,2,2,3483.5,"0.03840967607115694,0.060875320705829565",0.049642,13.218765,inf,33,33
2008415430169_Node0_Node8_Zero,"[0, 1, 2, 3, 4, 5, 6, 7, 8]",2008.41543,2009.087589,inf,2,1,3483.5,"0.03840967607115694,0.060875320705829565",0.049642,8.340465,inf,33,33
2008420896675_Node0_Node8_Zero,"[0, 1, 2, 3, 4, 5, 6, 7, 8]",2008.420897,2009.087768,inf,2,2,3483.5,"0.03840967607115694,0.060875320705829565",0.049642,8.199282,inf,33,33
2008426365813_Node0_Node8_Zero,"[0, 1, 2, 3, 4, 5, 6, 7, 8]",2008.426366,2009.087768,inf,2,2,3483.5,"0.03840967607115694,0.060875320705829565",0.049642,8.199282,inf,33,33
2008431835051_Node0_Node8_Zero,"[0, 1, 2, 3, 4, 5, 6, 7, 8]",2008.431835,2009.087768,inf,2,1,3483.5,"0.03840967607115694,0.060875320705829565",0.049642,8.340465,inf,33,33
2008437300057_Node0_Node8_Zero,"[0, 1, 2, 3, 4, 5, 6, 7, 8]",2008.4373,2009.10327,inf,2,2,3483.5,"0.10059677066255387,0.060875320705829565",0.080736,13.218765,inf,33,33
2008442762161_Node0_Node8_Zero,"[0, 1, 2, 3, 4, 5, 6, 7, 8]",2008.442762,2009.10327,inf,2,2,3483.5,"0.10059677066255387,0.060875320705829565",0.080736,13.218765,inf,33,33
2008448225393_Node0_Node8_Zero,"[0, 1, 2, 3, 4, 5, 6, 7, 8]",2008.448225,2009.10327,inf,2,2,3483.5,"0.10059677066255387,0.060875320705829565",0.080736,13.218765,inf,33,33
2008453687935_Node0_Node8_Zero,"[0, 1, 2, 3, 4, 5, 6, 7, 8]",2008.453688,2009.103469,inf,2,2,3483.5,"0.10059677066255387,0.060875320705829565",0.080736,8.199282,inf,33,33
2008459157380_Node0_Node8_Zero,"[0, 1, 2, 3, 4, 5, 6, 7, 8]",2008.459157,2009.103469,inf,2,2,3483.5,"0.10059677066255387,0.060875320705829565",0.080736,8.199282,inf,33,33
2008464617705_Node0_Node8_Zero,"[0, 1, 2, 3, 4, 5, 6, 7, 8]",2008.464618,2009.103469,inf,2,2,3483.5,"0.10059677066255387,0.060875320705829565",0.080736,13.218765,inf,33,33
2008470079485_Node0_Node8_Zero,"[0, 1, 2, 3, 4, 5, 6, 7, 8]",2008.470079,2009.113583,inf,2,2,3483.5,"0.10059677066255387,0.060875320705829565",0.080736,8.199282,inf,33,33
2008475543075_Node0_Node8_Zero,"[0, 1, 2, 3, 4, 5, 6, 7, 8]",2008.475543,2009.113583,inf,2,2,3483.5,"0.10059677066255387,0.060875320705829565",0.080736,8.199282,inf,33,33
2008481006924_Node0_Node8_Zero,"[0, 1, 2, 3, 4, 5, 6, 7, 8]",2008.481007,2009.113583,inf,2,2,3483.5,"0.10059677066255387,0.060875320705829565",0.080736,13.218765,inf,33,33
2008486474490_Node0_Node8_Zero,"[0, 1, 2, 3, 4, 5, 6, 7, 8]",2008.486474,2009.113763,inf,2,0,3483.5,"0.10059677066255387,0.060875320705829565",0.080736,8.199282,inf,33,33
2008491936152_Node0_Node8_Zero,"[0, 1, 2, 3, 4, 5, 6, 7, 8]",2008.491936,2009.113763,inf,2,0,3483.5,"0.10059677066255387,0.060875320705829565",0.080736,8.199282,inf,33,33
2008497405055_Node0_Node8_Zero,"[0, 1, 2, 3, 4, 5, 6, 7, 8]",2008.497405,2009.113763,inf,2,0,3483.5,"0.10059677066255387,0.060875320705829565",0.080736,13.218765,inf,33,33
2008502871903_Node0_Node8_Zero,"[0, 1, 2, 3, 4, 5, 6, 7, 8]",2008.502872,2009.119666,inf,2,2,3483.5,"0.10059677066255387,0.060875320705829565",0.080736,8.199282,inf,33,33
2008508338171_Node0_Node8_Zero,"[0, 1, 2, 3, 4, 5, 6, 7, 8]",2008.508338,2009.119666,inf,2,2,3483.5,"0.10059677066255387,0.060875320705829565",0.080736,13.218765,inf,33,33
2008513801464_Node0_Node8_Zero,"[0, 1, 2, 3, 4, 5, 6, 7, 8]",2008.513801,2009.119666,inf,2,2,3483.5,"0.10059677066255387,0.060875320705829565",0.080736,13.218765,inf,33,33
2008519262561_Node0_Node8_Zero,"[0, 1, 2, 3, 4, 5, 6, 7, 8]",2008.519263,2009.124172,inf,2,2,3483.5,"0.10059677066255387,0.060875320705829565",0.080736,8.199282,inf,33,33
2008524723715_Node0_Node8_Zero,"[0, 1, 2, 3, 4, 5, 6, 7, 8]",2008.524724,2009.124172,inf,2,2,3483.5,"0.10059677066255387,0.060875320705829565",0.080736,8.199282,inf,33,33
2008530190665_Node0_Node8_Zero,"[0, 1, 2, 3, 4, 5, 6, 7, 8]",2008.530191,2009.124172,inf,2,2,3483.5,"0.10059677066255387,0.060875320705829565",0.080736,13.218765,inf,33,33
2008535659390_Node0_Node8_Zero,"[0, 1, 2, 3, 4, 5, 6, 7, 8]",2008.535659,2009.127089,inf,2,1,3483.5,"0.10059677066255387,0.060875320705829565",0.080736,13.218765,inf,33,33
2008541127819_Node0_Node8_Zero,"[0, 1, 2, 3, 4, 5, 6, 7, 8]",2008.541128,2009.127089,inf,2,1,3483.5,"0.10059677066255387,0.060875320705829565",0.080736,13.218765,inf,33,33
2008546596110_Node0_Node8_Zero,"[0, 1, 2, 3, 4, 5, 6, 7, 8]",2008.546596,2009.127089,inf,2,1,3483.5,"0.10059677066255387,0.060875320705829565",0.080736,13.218765,inf,33,33
2008552056426_Node0_Node8_Zero,"[0, 1, 2, 3, 4, 5, 6, 7, 8]",2008.552056,2009.131749,inf,2,1,3483.5,"0.10059677066255387,0.060875320705829565",0.080736,8.199282,inf,33,33
2008557522999_Node0_Node8_Zero,"[0, 1, 2, 3, 4, 5, 6, 7, 8]",2008.557523,2009.131749,inf,2,1,3483.5,"0.10059677066255387,0.060875320705829565",0.080736,13.218765,inf,33,33
2008562990756_Node0_Node8_Zero,"[0, 1, 2, 3, 4, 5, 6, 7, 8]",2008.562991,2009.131749,inf,2,1,3483.5,"0.10059677066255387,0.060875320705829565",0.080736,13.218765,inf,33,33
2008568459677_Node0_Node8_Zero,"[0, 1, 2, 3, 4, 5, 6, 7, 8]",2008.56846,2009.132109,inf,2,2,3483.5,"0.10059677066255387,0.060875320705829565",0.080736,8.199282,inf,33,33
2008573926130_Node0_Node8_Zero,"[0, 1, 2, 3, 4, 5, 6, 7, 8]",2008.573926,2009.132109,inf,2,2,3483.5,"0.10059677066255387,0.060875320705829565",0.080736,13.218765,inf,33,33
2008579386079_Node0_Node8_Zero,"[0, 1, 2, 3, 4, 5, 6, 7, 8]",2008.579386,2009.132109,inf,2,2,3483.5,"0.10059677066255387,0.060875320705829565",0.080736,13.218765,inf,33,33
2008584851672_Node0_Node8_Zero,"[0, 1, 2, 3, 4, 5, 6, 7, 8]",2008.584852,2009.137032,inf,2,2,3483.5,"0.10059677066255387,0.060875320705829565",0.080736,8.199282,inf,33,33
2008590318718_Node0_Node8_Zero,"[0, 1, 2, 3, 4, 5, 6, 7, 8]",2008.590319,2009.137032,inf,2,2,3483.5,"0.10059677066255387,0.060875320705829565",0.080736,8.199282,inf,33,33
2008595780347_Node0_Node8_Zero,"[0, 1, 2, 3, 4, 5, 6, 7, 8]",2008.59578,2009.137032,inf,2,2,3483.5,"0.10059677066255387,0.060875320705829565",0.080736,13.218765,inf,33,33
2008601246776_Node0_Node8_Zero,"[0, 1, 2, 3, 4, 5, 6, 7, 8]",2008.601247,2009.142333,inf,2,0,3483.5,"0.10059677066255387,0.060875320705829565",0.080736,8.199282,inf,33,33
2008606707807_Node0_Node8_Zero,"[0, 1, 2, 3, 4, 5, 6, 7, 8]",2008.606708,2009.142333,inf,2,0,3483.5,"0.10059677066255387,0.060875320705829565",0.080736,8.199282,inf,33,33
2008612171652_Node0_Node8_Zero,"[0, 1, 2, 3, 4, 5, 6, 7, 8]",2008.612172,2009.142333,inf,2,0,3483.5,"0.10059677066255387,0.060875320705829565",0.080736,13.218765,inf,33,33
2008617637901_Node0_Node8_Zero,"[0, 1, 2, 3, 4, 5, 6, 7, 8]",2008.617638,2009.147149,inf,2,0,3483.5,"0.10059677066255387,0.060875320705829565",0.080736,13.218765,inf,33,33
2008623103648_Node0_Node8_Zero,"[0, 1, 2, 3, 4, 5, 6, 7, 8]",2008.623104,2009.147149,inf,2,0,3483.5,"0.10059677066255387,0.060875320705829565",0.080736,13.218765,inf,33,33
2008628564206_Node0_Node8_Zero,"[0, 1, 2, 3, 4, 5, 6, 7, 8]",2008.628564,2009.147149,inf,2,0,3483.5,"0.10059677066255387,0.060875320705829565",0.080736,13.218765,inf,33,33
2008634024254_Node0_Node8_Zero,"[0, 1, 2, 3, 4, 5, 6, 7, 8]",2008.634024,2009.149049,inf,2,0,3483.5,"0.03840967607115694,0.060875320705829565",0.049642,8.340465,inf,33,33
2008639487488_Node0_Node8_Zero,"[0, 1, 2, 3, 4, 5, 6, 7, 8]",2008.639487,2009.149049,inf,2,0,3483.5,"0.03840967607115694,0.060875320705829565",0.049642,8.340465,inf,33,33
2008644954984_Node0_Node8_Zero,"[0, 1, 2, 3, 4, 5, 6, 7, 8]",2008.644955,2009.149049,inf,2,0,3483.5,"0.03840967607115694,0.060875320705829565",0.049642,8.340465,inf,33,33
2008650416909_Node0_Node8_Zero,"[0, 1, 2, 3, 4, 5, 6, 7, 8]",2008.650417,2009.153483,inf,2,2,3483.5,"0.03840967607115694,0.060875320705829565",0.049642,8.340465,inf,33,33
2008655879188_Node0_Node8_Zero,"[0, 1, 2, 3, 4, 5, 6, 7, 8]",2008.655879,2009.153483,inf,2,2,3483.5,"0.03840967607115694,0.060875320705829565",0.049642,8.340465,inf,33,33
2008661342429_Node0_Node8_Zero,"[0, 1, 2, 3, 4, 5, 6, 7, 8]",2008.661342,2009.153483,inf,2,3,3483.5,"0.03840967607115694,0.060875320705829565",0.049642,8.340465,inf,33,33
2008666803763_Node0_Node8_Zero,"[0, 1, 2, 3, 4, 5, 6, 7, 8]",2008.666804,2009.153643,inf,2,0,3483.5,"0.10059677066255387,0.060875320705829565",0.080736,8.199282,inf,33,33
2008672265755_Node0_Node8_Zero,"[0, 1, 2, 3, 4, 5, 6, 7, 8]",2008.672266,2009.153643,inf,2,0,3483.5,"0.10059677066255387,0.060875320705829565",0.080736,8.199282,inf,33,33
2008677730067_Node0_Node8_Zero,"[0, 1, 2, 3, 4, 5, 6, 7, 8]",2008.67773,2009.153643,inf,2,0,3483.5,"0.10059677066255387,0.060875320705829565",0.080736,13.218765,inf,33,33
2008683193033_Node0_Node8_Zero,"[0, 1, 2, 3, 4, 5, 6, 7, 8]",2008.683193,2009.158413,inf,2,0,3483.5,"0.10059677066255387,0.060875320705829565",0.080736,8.199282,inf,33,33
2008688655205_Node0_Node8_Zero,"[0, 1, 2, 3, 4, 5, 6, 7, 8]",2008.688655,2009.158413,inf,2,0,3483.5,"0.10059677066255387,0.060875320705829565",0.080736,8.199282,inf,33,33
2008694123704_Node0_Node8_Zero,"[0, 1, 2, 3, 4, 5, 6, 7, 8]",2008.694124,2009.158413,inf,2,0,3483.5,"0.10059677066255387,0.060875320705829565,0.009080820203196631",0.056851,1.971854,inf,11,33
2008699589588_Node0_Node8_Zero,"[0, 1, 2, 3, 4, 5, 6, 7, 8]",2008.69959,2009.16241,inf,2,2,3483.5,"0.10059677066255387,0.060875320705829565,0.009080820203196631",0.056851,1.971854,inf,11,33
2008705049771_Node0_Node8_Zero,"[0, 1, 2, 3, 4, 5, 6, 7, 8]",2008.70505,2009.16241,inf,2,2,3483.5,"0.10059677066255387,0.060875320705829565,0.009080820203196631",0.056851,1.971854,inf,11,33
2008710515342_Node0_Node8_Zero,"[0, 1, 2, 3, 4, 5, 6, 7, 8]",2008.710515,2009.16241,inf,3,3,3483.5,"0.10059677066255387,0.060875320705829565,0.009080820203196631,0.06837764747291135",0.059733,0.710598,inf,11,33
2008715977121_Node0_Node8_Zero,"[0, 1, 2, 3, 4, 5, 6, 7, 8]",2008.715977,2009.162729,inf,3,4,3483.5,"0.10059677066255387,0.060875320705829565,0.009080820203196631,0.06720690574182973,0.008420947647493047",0.049236,1.828566,inf,11,33
2008721439403_Node0_Node8_Zero,"[0, 1, 2, 3, 4, 5, 6, 7, 8]",2008.721439,2009.162729,inf,4,5,3483.5,"0.10059677066255387,0.060875320705829565,0.009080820203196631,0.06720690574182973,0.007663753805745297,0.06459142317163681",0.051669,0.697121,inf,11,33
2008726906519_Node0_Node8_Zero,"[0, 1, 2, 3, 4, 5, 6, 7, 8]",2008.726907,2009.162729,inf,2,3,3483.5,"0.10059677066255387,0.060875320705829565,0.009080820203196631",0.056851,0.697121,inf,11,33
2008732372600_Node0_Node8_Zero,"[0, 1, 2, 3, 4, 5, 6, 7, 8]",2008.732373,2009.167653,inf,2,2,3483.5,"0.10059677066255387,0.060875320705829565,0.009080820203196631",0.056851,0.437565,inf,11,33
2008737835512_Node0_Node8_Zero,"[0, 1, 2, 3, 4, 5, 6, 7, 8]",2008.737836,2009.167653,inf,3,5,3483.5,"0.10059677066255387,0.060875320705829565,0.02007173615790435,0.06720690574182973,0.008173897708827777",0.051385,1.77492,inf,11,33
2008743298255_Node0_Node8_Zero,"[0, 1, 2, 3, 4, 5, 6, 7, 8]",2008.743298,2009.167653,3.002329,4,15,3483.5,"0.10059677066255387,0.060875320705829565,0.02007173615790435,0.06720690574182973,0.008173897708827777,0.06837764747291135,0.04013231193085976,0.007663753805745297",0.046637,0.182708,1.664145,11,33
2008748759772_Node0_Node8_Zero,"[0, 1, 2, 3, 4, 5, 6, 7, 8]",2008.74876,2009.172189,inf,2,4,3483.5,"0.10059677066255387,0.060875320705829565,0.009080820203196631",0.056851,0.418478,inf,11,33
2008754219944_Node0_Node8_Zero,"[0, 1, 2, 3, 4, 5, 6, 7, 8]",2008.75422,2009.172189,inf,3,2,3483.5,"0.10059677066255387,0.060875320705829565,0.009080820203196631,0.07846305691694114",0.062254,1.971854,inf,11,33
2008759679967_Node0_Node8_Zero,"[0, 1, 2, 3, 4, 5, 6, 7, 8]",2008.75968,2009.172189,inf,3,4,3483.5,"0.10059677066255387,0.060875320705829565,0.009080820203196631,0.06720690574182973,0.008173897708827777",0.049187,0.796387,inf,11,33
2008765145736_Node0_Node8_Zero,"[0, 1, 2, 3, 4, 5, 6, 7, 8]",2008.765146,2009.172429,inf,2,3,3483.5,"0.03840967607115694,0.060875320705829565,0.009080820203196631",0.036122,8.340465,inf,11,33
2008770607498_Node0_Node8_Zero,"[0, 1, 2, 3, 4, 5, 6, 7, 8]",2008.770607,2009.172429,inf,2,3,3483.5,"0.03840967607115694,0.060875320705829565,0.02007173615790435",0.039786,8.340465,inf,11,33
2008776075194_Node0_Node8_Zero,"[0, 1, 2, 3, 4, 5, 6, 7, 8]",2008.776075,2009.172429,3.002645,4,7,3483.5,"0.03840967607115694,0.060875320705829565,0.009080820203196631,0.06720690574182973,0.008173897708827777,0.06837764747291135,0.0183068784553444,0.00786302876788689",0.034787,0.710598,1.707417,11,33
2008781540459_Node0_Node8_Zero,"[0, 1, 2, 3, 4, 5, 6, 7, 8]",2008.78154,2009.178072,inf,2,2,3483.5,"0.10059677066255387,0.060875320705829565,0.009080820203196631",0.056851,1.971854,inf,11,33
2008787006591_Node0_Node8_Zero,"[0, 1, 2, 3, 4, 5, 6, 7, 8]",2008.787007,2009.178072,inf,2,2,3483.5,"0.10059677066255387,0.060875320705829565,0.02007173615790435",0.060515,1.570667,inf,11,33
2008792471137_Node0_Node8_Zero,"[0, 1, 2, 3, 4, 5, 6, 7, 8]",2008.792471,2009.178072,inf,2,3,3483.5,"0.10059677066255387,0.060875320705829565,0.02007173615790435",0.060515,1.570667,inf,11,33
2008797937382_Node0_Node8_Zero,"[0, 1, 2, 3, 4, 5, 6, 7, 8]",2008.797937,2009.184892,inf,3,6,3483.5,"0.10059677066255387,0.060875320705829565,0.02007173615790435,0.07213147188094098",0.063419,0.813502,inf,11,33
2008803405293_Node0_Node8_Zero,"[0, 1, 2, 3, 4, 5, 6, 7, 8]",2008.803405,2009.184892,2.99544,4,18,3483.5,"0.10059677066255387,0.060875320705829565,0.02007173615790435,0.06720690574182973,0.013124291770733635,0.0802720812129412,0.015810564832564634,0.007663753805745297",0.045703,0.64285,1.664145,11,33
2008808873023_Node0_Node8_Zero,"[0, 1, 2, 3, 4, 5, 6, 7, 8]",2008.808873,2009.184892,inf,3,5,3483.5,"0.10059677066255387,0.060875320705829565,0.012465853563982087,0.06720690574182973,0.008173897708827777",0.049864,1.77492,inf,11,33
2008814338330_Node0_Node8_Zero,"[0, 1, 2, 3, 4, 5, 6, 7, 8]",2008.814338,2009.196049,inf,3,4,3483.5,"0.03840967607115694,0.060875320705829565,0.012004272693561996,0.07213147188094098,0.00934284286541737",0.038553,2.028751,inf,11,33
2008819806896_Node0_Node8_Zero,"[0, 1, 2, 3, 4, 5, 6, 7, 8]",2008.819807,2009.196049,inf,2,4,3483.5,"0.03840967607115694,0.060875320705829565,0.02007173615790435",0.039786,1.132109,inf,11,33
2008825275799_Node0_Node8_Zero,"[0, 1, 2, 3, 4, 5, 6, 7, 8]",2008.825276,2009.196049,inf,4,3,3483.5,"0.03840967607115694,0.060875320705829565,0.009877920051763007,0.07846305691694114,0.009852986768499852,0.07745804341916335",0.045823,0.708193,inf,11,33
2008830742109_Node0_Node8_Zero,"[0, 1, 2, 3, 4, 5, 6, 7, 8]",2008.830742,2009.213989,3.001181,4,5,3483.5,"0.10059677066255387,0.060875320705829565,0.009080820203196631,0.06720690574182973,0.00934284286541737,0.07119168526668919,0.01712251658891162,0.008120373007538107",0.042942,0.429996,1.763298,11,33
2008836210393_Node0_Node8_Zero,"[0, 1, 2, 3, 4, 5, 6, 7, 8]",2008.83621,2009.213989,inf,3,6,3483.5,"0.10059677066255387,0.060875320705829565,0.009080820203196631,0.06720690574182973,0.012868600147573912",0.050126,0.378845,inf,11,33
2008841675934_Node0_Node8_Zero,"[0, 1, 2, 3, 4, 5, 6, 7, 8]",2008.841676,2009.213989,inf,2,2,3483.5,"0.10059677066255387,0.060875320705829565,0.009080820203196631",0.056851,0.628074,inf,11,33
2008847139767_Node0_Node8_Zero,"[0, 1, 2, 3, 4, 5, 6, 7, 8]",2008.84714,2009.215889,inf,3,13,2327.5,"0.03840967607115694,0.060875320705829565,0.009080820203196631,0.060875320705829565,0.009852986768499852,0.07119168526668919",0.041714,0.519681,inf,11,22
2008852603008_Node0_Node8_Zero,"[0, 1, 2, 3, 4, 5, 6, 7, 8]",2008.852603,2009.215889,inf,1,7,2327.5,"0.03840967607115694,0.060875320705829565,0.010829792735618002",0.036705,2.351634,inf,11,22
2008858069568_Node0_Node8_Zero,"[0, 1, 2, 3, 4, 5, 6, 7, 8]",2008.85807,2009.222032,inf,1,7,2327.5,"0.015291241504138024,0.060875320705829565,0.007663753805745297",0.027943,1.664145,inf,11,22
2008863530539_Node0_Node8_Zero,"[0, 1, 2, 3, 4, 5, 6, 7, 8]",2008.863531,2009.222032,inf,1,6,2327.5,"0.015291241504138024,0.0950115042479413,0.007663753805745297",0.039322,1.664145,inf,11,22
2008868995982_Node0_Node8_Zero,"[0, 1, 2, 3, 4, 5, 6, 7, 8]",2008.868996,2009.222172,inf,1,5,2327.5,"0.04004848965369483,0.060875320705829565,0.009080820203196631",0.036668,1.971854,inf,11,22
2008874459554_Node0_Node8_Zero,"[0, 1, 2, 3, 4, 5, 6, 7, 8]",2008.87446,2009.222172,inf,1,5,2327.5,"0.04004848965369483,0.060875320705829565,0.007663753805745297",0.036196,1.664145,inf,11,22
2008879920562_Node0_Node8_Zero,"[0, 1, 2, 3, 4, 5, 6, 7, 8]",2008.879921,2009.23528,inf,1,6,2327.5,"0.04004848965369483,0.060875320705829565,0.009080820203196631",0.036668,0.909317,inf,11,22
2008885389938_Node0_Node8_Zero,"[0, 1, 2, 3, 4, 5, 6, 7, 8]",2008.88539,2009.23528,inf,1,6,2327.5,"0.04004848965369483,0.0950115042479413,0.009080820203196631",0.048047,0.909317,inf,11,22
2008890852023_Node0_Node8_Zero,"[0, 1, 2, 3, 4, 5, 6, 7, 8]",2008.890852,2009.28692,inf,1,2,2327.5,"0.01864147390580437,0.09088462777415669,0.009080820203196631",0.039536,1.971854,inf,11,22
2008896317459_Node0_Node8_Zero,"[0, 1, 2, 3, 4, 5, 6, 7, 8]",2008.896317,2009.28692,inf,1,2,2327.5,"0.01864147390580437,0.09088462777415669,0.009080820203196631",0.039536,1.971854,inf,11,22
2008901781478_Node0_Node8_Zero,"[0, 1, 2, 3, 4, 5, 6, 7, 8]",2008.901781,2009.290961,inf,2,7,2327.5,"0.015291241504138024,0.060875320705829565,0.007663753805745297,0.06720690574182973",0.037759,0.909317,inf,11,22
2008907247235_Node0_Node8_Zero,"[0, 1, 2, 3, 4, 5, 6, 7, 8]",2008.907247,2009.290961,inf,0,5,2327.5,0.015291241504138024,0.015291241504138024,0.771348,inf,22,22
2008912714528_Node0_Node8_Zero,"[0, 1, 2, 3, 4, 5, 6, 7, 8]",2008.912715,2009.291759,3.002618,3,13,2327.5,"0.04004848965369483,0.060875320705829565,0.009080820203196631,0.06720690574182973,0.00934284286541737,0.06368935849960741,0.018738143236690784,0.008083526070663316",0.034633,0.405337,1.755296,11,22
2008918178334_Node0_Node8_Zero,"[0, 1, 2, 3, 4, 5, 6, 7, 8]",2008.918178,2009.291759,inf,1,9,2327.5,"0.04004848965369483,0.060875320705829565,0.009080820203196631",0.036668,0.651045,inf,11,22
2008923639303_Node0_Node8_Zero,"[0, 1, 2, 3, 4, 5, 6, 7, 8]",2008.923639,2009.302652,3.002263,3,9,2327.5,"0.021652952277363968,0.0950115042479413,0.02007173615790435,0.060875320705829565,0.012705882738633373,0.07119168526668919,0.015810564832564634,0.008834769095403766",0.038269,0.524292,1.918425,11,22
2008929099453_Node0_Node8_Zero,"[0, 1, 2, 3, 4, 5, 6, 7, 8]",2008.929099,2009.302652,inf,1,5,2327.5,"0.021652952277363968,0.0950115042479413,0.011128530180925609",0.042598,0.524292,inf,11,22
2008934562629_Node0_Node8_Zero,"[0, 1, 2, 3, 4, 5, 6, 7, 8]",2008.934563,2009.334287,inf,1,7,2327.5,"0.019102197482282427,0.060875320705829565,0.009898646453755076",0.029959,0.909317,inf,11,22
2008940025662_Node0_Node8_Zero,"[0, 1, 2, 3, 4, 5, 6, 7, 8]",2008.940026,2009.334287,inf,0,6,2327.5,0.019102197482282427,0.019102197482282427,0.909317,inf,22,22
2008945492846_Node0_Node8_Zero,"[0, 1, 2, 3, 4, 5, 6, 7, 8]",2008.945493,2009.345885,3.00662,3,21,2327.5,"0.015291241504138024,0.0950115042479413,0.02007173615790435,0.06720690574182973,0.011849481912895454,0.06368935849960741,0.017957101256727944,0.00786302876788689",0.037368,0.524292,1.707417,11,22
2008950959466_Node0_Node8_Zero,"[0, 1, 2, 3, 4, 5, 6, 7, 8]",2008.950959,2009.345885,inf,3,13,2327.5,"0.015291241504138024,0.08620166084983023,0.007663753805745297,0.06720690574182973,0.012862269108512894,0.06368935849960741,0.016309115227854176,0.009095482272757855",0.03479,0.353174,inf,11,22
2008956424654_Node0_Node8_Zero,"[0, 1, 2, 3, 4, 5, 6, 7, 8]",2008.956425,2009.3742,inf,1,10,2327.5,"0.01916180529851405,0.09554543415085714,0.009080820203196631",0.041263,0.442372,inf,11,22
2008961886425_Node0_Node8_Zero,"[0, 1, 2, 3, 4, 5, 6, 7, 8]",2008.961886,2009.3742,3.001388,3,12,2327.5,"0.01916180529851405,0.09554543415085714,0.010984111613620577,0.07875574234971154,0.008173897708827777,0.06837764747291135,0.015810564832564634,0.008171508095224427",0.038123,0.400371,1.774401,11,22
2008967347602_Node0_Node8_Zero,"[0, 1, 2, 3, 4, 5, 6, 7, 8]",2008.967348,2009.422819,inf,1,7,2327.5,"0.021226222667335887,0.08620166084983023",0.053714,0.892541,inf,22,22
2008972810928_Node0_Node8_Zero,"[0, 1, 2, 3, 4, 5, 6, 7, 8]",2008.972811,2009.422819,inf,1,7,2327.5,"0.021226222667335887,0.09028781280380621",0.055757,0.892541,inf,22,22
2008978276085_Node0_Node8_Zero,"[0, 1, 2, 3, 4, 5, 6, 7, 8]",2008.978276,2009.432513,inf,2,8,2327.5,"0.04004848965369483,0.08118445997425944,0.02007173615790435,0.06720690574182973,0.008173897708827777",0.043337,1.4236,inf,11,22
2008983741121_Node0_Node8_Zero,"[0, 1, 2, 3, 4, 5, 6, 7, 8]",2008.983741,2009.432513,3.003883,3,18,2327.5,"0.04004848965369483,0.08118445997425944,0.02007173615790435,0.07423432545307979,0.009694770963661808,0.07002094353560759,0.02097273820793432,0.00786302876788689",0.040511,0.379028,1.707417,11,22
2008989210109_Node0_Node8_Zero,"[0, 1, 2, 3, 4, 5, 6, 7, 8]",2008.98921,2009.432891,inf,1,9,2327.5,"0.04004848965369483,0.09040375111175786,0.009080820203196631",0.046511,0.56825,inf,11,22
2008994674614_Node0_Node8_Zero,"[0, 1, 2, 3, 4, 5, 6, 7, 8]",2008.994675,2009.432891,inf,3,11,2327.5,"0.04004848965369483,0.09040375111175786,0.02007173615790435,0.06720690574182973,0.00949406302827688,0.0802720812129412",0.05125,0.796387,inf,11,22
2009000142799_Node0_Node8_Zero,"[0, 1, 2, 3, 4, 5, 6, 7, 8]",2009.000143,2009.44323,inf,1,7,2327.5,"0.018587788941606245,0.0950115042479413,0.009080820203196631",0.040893,0.694884,inf,11,22
2009005605603_Node0_Node8_Zero,"[0, 1, 2, 3, 4, 5, 6, 7, 8]",2009.005606,2009.44323,3.001476,3,15,2327.5,"0.018587788941606245,0.0950115042479413,0.011541717964083393,0.07875574234971154,0.008173897708827777,0.0802720812129412,0.016824173242286505,0.008871372806969577",0.039755,0.381434,1.926373,11,22
2009011065205_Node0_Node8_Zero,"[0, 1, 2, 3, 4, 5, 6, 7, 8]",2009.011065,2009.455956,inf,1,12,2327.5,"0.01811866851446067,0.0950115042479413,0.02007173615790435",0.044401,0.545743,inf,11,22
2009016531483_Node0_Node8_Zero,"[0, 1, 2, 3, 4, 5, 6, 7, 8]",2009.016531,2009.455956,inf,0,6,2327.5,0.01811866851446067,0.01811866851446067,0.545743,inf,22,22
2009021992752_Node0_Node8_Zero,"[0, 1, 2, 3, 4, 5, 6, 7, 8]",2009.021993,2009.459265,inf,1,11,2327.5,"0.018575155863419658,0.060875320705829565,0.009898646453755076",0.029783,0.524292,inf,11,22
2009027456233_Node0_Node8_Zero,"[0, 1, 2, 3, 4, 5, 6, 7, 8]",2009.027456,2009.459265,inf,1,14,2327.5,"0.018575155863419658,0.09028781280380621,0.02007173615790435",0.042978,0.524292,inf,11,22
2009032925336_Node0_Node8_Zero,"[0, 1, 2, 3, 4, 5, 6, 7, 8]",2009.032925,2009.518442,3.002873,3,14,2327.5,"0.02085069342507667,0.09028781280380621,0.02007173615790435,0.06720690574182973,0.011864710383791374,0.06368935849960741,0.02097273820793432,0.008513913243411372",0.037932,0.524292,1.848753,11,22
2009038386824_Node0_Node8_Zero,"[0, 1, 2, 3, 4, 5, 6, 7, 8]",2009.038387,2009.518442,inf,0,2,2327.5,0.02085069342507667,0.02085069342507667,0.524292,inf,22,22
2009043854807_Node0_Node8_Zero,"[0, 1, 2, 3, 4, 5, 6, 7, 8]",2009.043855,2009.537919,inf,3,17,2327.5,"0.015291241504138024,0.08620166084983023,0.02007173615790435,0.06720690574182973,0.007663753805745297,0.06720690574182973,0.007663753805745297,0.008897791209597453",0.035025,0.299623,inf,11,22
2009049321691_Node0_Node8_Zero,"[0, 1, 2, 3, 4, 5, 6, 7, 8]",2009.049322,2009.537919,inf,3,14,2327.5,"0.015291241504138024,0.08620166084983023,0.007663753805745297,0.06720690574182973,0.02007173615790435,0.07745804341916335",0.045649,0.37334,inf,11,22
2009054781421_Node0_Node8_Zero,"[0, 1, 2, 3, 4, 5, 6, 7, 8]",2009.054781,2009.553185,inf,1,8,2327.5,"0.01858925281738482,0.08620166084983023,0.009080820203196631",0.037957,0.551358,inf,11,22
2009060248329_Node0_Node8_Zero,"[0, 1, 2, 3, 4, 5, 6, 7, 8]",2009.060248,2009.553185,inf,3,10,2327.5,"0.01858925281738482,0.08620166084983023,0.02007173615790435,0.06720690574182973,0.02007173615790435,0.07158151602837973",0.047287,0.796387,inf,11,22
2009065708324_Node0_Node8_Zero,"[0, 1, 2, 3, 4, 5, 6, 7, 8]",2009.065708,2009.559612,inf,3,14,2327.5,"0.01811866851446067,0.08956541923819993,0.011541717964083393,0.07338014497194541,0.011875701396951668,0.07158151602837973",0.046011,0.467712,inf,11,22
2009071173697_Node0_Node8_Zero,"[0, 1, 2, 3, 4, 5, 6, 7, 8]",2009.071174,2009.559612,inf,1,9,2327.5,"0.01811866851446067,0.08956541923819993,0.009080820203196631",0.038922,0.524292,inf,11,22
2009076641912_Node0_Node8_Zero,"[0, 1, 2, 3, 4, 5, 6, 7, 8]",2009.076642,2009.566133,inf,0,7,2327.5,0.018575191813944784,0.018575191813944784,0.415983,inf,22,22
2009082102264_Node0_Node8_Zero,"[0, 1, 2, 3, 4, 5, 6, 7, 8]",2009.082102,2009.566133,inf,1,8,2327.5,"0.018575191813944784,0.060875320705829565,0.007663753805745297",0.029038,0.808237,inf,11,22
2009087566306_Node0_Node8_Zero,"[0, 1, 2, 3, 4, 5, 6, 7, 8]",2009.087566,2009.571442,inf,1,11,2327.5,"0.04004848965369483,0.060875320705829565,0.012958784361534727",0.037961,0.540631,inf,11,22
2009093035490_Node0_Node8_Zero,"[0, 1, 2, 3, 4, 5, 6, 7, 8]",2009.093035,2009.571442,3.002204,3,24,2327.5,"0.04004848965369483,0.060875320705829565,0.02007173615790435,0.08620166084983023,0.011375118180022601,0.06368935849960741,0.008526365653798346,0.008460853654311672",0.037406,0.866241,1.837231,11,22
2009098495423_Node0_Node8_Zero,"[0, 1, 2, 3, 4, 5, 6, 7, 8]",2009.098495,2009.58107,inf,1,7,2327.5,"0.022696407483554466,0.060875320705829565,0.009080820203196631",0.030884,1.144893,inf,11,22
2009103956000_Node0_Node8_Zero,"[0, 1, 2, 3, 4, 5, 6, 7, 8]",2009.103956,2009.58107,inf,1,7,2327.5,"0.022696407483554466,0.060875320705829565,0.009080820203196631",0.030884,1.144893,inf,11,22
2009109415903_Node0_Node8_Zero,"[0, 1, 2, 3, 4, 5, 6, 7, 8]",2009.109416,2009.585012,inf,1,7,2327.5,"0.022696407483554466,0.060875320705829565,0.007663753805745297",0.030412,0.600004,inf,11,22
2009114877134_Node0_Node8_Zero,"[0, 1, 2, 3, 4, 5, 6, 7, 8]",2009.114877,2009.585012,inf,1,7,2327.5,"0.022696407483554466,0.08620166084983023,0.007663753805745297",0.038854,0.600004,inf,11,22
2009120344053_Node0_Node8_Zero,"[0, 1, 2, 3, 4, 5, 6, 7, 8]",2009.120344,2009.587364,inf,1,7,2327.5,"0.022696407483554466,0.08620166084983023,0.007663753805745297",0.038854,0.674084,inf,11,22
2009125811985_Node0_Node8_Zero,"[0, 1, 2, 3, 4, 5, 6, 7, 8]",2009.125812,2009.587364,inf,1,7,2327.5,"0.022696407483554466,0.08620166084983023,0.009080820203196631",0.039326,0.674084,inf,11,22
2009131277289_Node0_Node8_Zero,"[0, 1, 2, 3, 4, 5, 6, 7, 8]",2009.131277,2009.599216,inf,1,7,2327.5,"0.022696407483554466,0.06368935849960741,0.02007173615790435",0.035486,0.987558,inf,11,22
2009136738385_Node0_Node8_Zero,"[0, 1, 2, 3, 4, 5, 6, 7, 8]",2009.136738,2009.599216,inf,1,7,2327.5,"0.022696407483554466,0.060875320705829565,0.009080820203196631",0.030884,0.987558,inf,11,22
2009142204047_Node0_Node8_Zero,"[0, 1, 2, 3, 4, 5, 6, 7, 8]",2009.142204,2009.62474,3.001142,3,14,2327.5,"0.015291241504138024,0.060875320705829565,0.007663753805745297,0.06720690574182973,0.011183775631883922,0.060875320705829565,0.007663753805745297,0.007663753805745297",0.029803,0.386589,1.664145,11,22
2009147668885_Node0_Node8_Zero,"[0, 1, 2, 3, 4, 5, 6, 7, 8]",2009.147669,2009.62474,inf,1,8,2327.5,"0.015291241504138024,0.060875320705829565,0.009080820203196631",0.028416,0.145351,inf,11,22
2009153130596_Node0_Node8_Zero,"[0, 1, 2, 3, 4, 5, 6, 7, 8]",2009.153131,2009.629761,inf,1,9,2343.0,"0.02792444950422847,0.08620166084983023,0.02007173615790435",0.044733,0.649181,inf,11,11
2009158596951_Node0_Node8_Zero,"[0, 1, 2, 3, 4, 5, 6, 7, 8]",2009.158597,2009.896751,inf,1,8,2343.0,"0.015291241504138024,0.060875320705829565,0.009080820203196631",0.028416,0.367988,inf,11,11
2009164058812_Node0_Node8_Zero,"[0, 1, 2, 3, 4, 5, 6, 7, 8]",2009.164059,2009.967162,3.002715,3,15,2343.0,"0.009080820203196631,0.08620166084983023,0.02007173615790435,0.060875320705829565,0.00934284286541737,0.06720690574182973,0.008173897708827777,0.009026242786569482",0.033747,0.203361,1.960003,11,11
2009169526024_Node0_Node8_Zero,"[0, 1, 2, 3, 4, 5, 6, 7, 8]",2009.169526,2009.972109,inf,1,8,2343.0,"0.009787676955777293,0.05438949366751579",0.032089,0.093037,inf,11,11
2009174994736_Node0_Node8_Zero,"[0, 1, 2, 3, 4, 5, 6, 7, 8]",2009.174995,2010.000692,inf,0,14,2343.0,"0.01044534227460371,0.05438949366751579",0.032417,0.233919,inf,11,11
2009180463124_Node0_Node8_Zero,"[0, 1, 2, 3, 4, 5, 6, 7, 8]",2009.180463,2010.002772,inf,1,8,2343.0,"0.013995338841745468,0.08620166084983023,0.009080820203196631",0.036426,0.313419,inf,11,11
2009185924263_Node0_Node8_Zero,"[0, 1, 2, 3, 4, 5, 6, 7, 8]",2009.185924,2010.008714,inf,1,9,2343.0,"0.009882974872138402,0.07679235690291283,0.008602564855873776",0.031759,0.093943,inf,11,11
2009191387519_Node0_Node8_Zero,"[0, 1, 2, 3, 4, 5, 6, 7, 8]",2009.191388,2010.017029,2.994986,3,19,2343.0,"0.009080820203196631,0.07679235690291283,0.010592214759047432,0.060875320705829565,0.010132451178849443,0.07745804341916335,0.008368833054953097,0.008591594899314624",0.032736,0.339476,1.865621,11,11
2009196854871_Node0_Node8_Zero,"[0, 1, 2, 3, 4, 5, 6, 7, 8]",2009.196855,2010.054791,inf,1,4,2343.0,"0.007663753805745297,0.07679235690291283,0.02007173615790435",0.034843,0.385182,inf,11,11
2009202316470_Node0_Node8_Zero,"[0, 1, 2, 3, 4, 5, 6, 7, 8]",2009.202316,2010.065832,inf,2,9,2343.0,"0.007663753805745297,0.07308628358972348,0.008557357536602793,0.094863315111244,0.00936694942554924",0.038708,0.171626,inf,11,11
2009207785237_Node0_Node8_Zero,"[0, 1, 2, 3, 4, 5, 6, 7, 8]",2009.207785,2010.067791,inf,3,13,2343.0,"0.01219435887434919,0.07308628358972348,0.02007173615790435,0.060875320705829565,0.008173897708827777,0.07244035835769363,0.008276904228874716",0.036446,0.469235,inf,11,11
2009213254495_Node0_Node8_Zero,"[0, 1, 2, 3, 4, 5, 6, 7, 8]",2009.213254,2010.0767,inf,1,6,2343.0,"0.01228713746652998,0.041791297794478675",0.027039,0.843322,inf,11,11
2009218718720_Node0_Node8_Zero,"[0, 1, 2, 3, 4, 5, 6, 7, 8]",2009.218719,2010.082739,3.003491,3,16,2343.0,"0.014233847101010262,0.07308628358972348,0.0092111928817714,0.07982582506952292,0.02007173615790435,0.06848535783544261,0.010771517037908622,0.00786302876788689",0.035444,0.130723,1.707417,11,11
2009224187522_Node0_Node8_Zero,"[0, 1, 2, 3, 4, 5, 6, 7, 8]",2009.224188,2010.096577,inf,1,8,2343.0,"0.011230500273333823,0.04154880060027301,0.007663753805745297",0.020148,0.310563,inf,11,11
2009229650836_Node0_Node8_Zero,"[0, 1, 2, 3, 4, 5, 6, 7, 8]",2009.229651,2010.101489,inf,0,13,2343.0,"0.007663753805745297,0.04154880060027301",0.024606,0.146889,inf,11,11
2009235119598_Node0_Node8_Zero,"[0, 1, 2, 3, 4, 5, 6, 7, 8]",2009.23512,2010.105672,3.005677,3,22,2343.0,"0.010766984533947598,0.08855776635332563,0.02007173615790435,0.094863315111244,0.02007173615790435,0.07002094353560759,0.007663753805745297,0.009950671228417874",0.040246,0.102346,2.160737,11,11
2009240585540_Node0_Node8_Zero,"[0, 1, 2, 3, 4, 5, 6, 7, 8]",2009.240586,2010.107511,inf,0,13,2343.0,"0.010679390756951674,0.04154880060027301",0.026114,0.23916,inf,11,11
2009246054900_Node0_Node8_Zero,"[0, 1, 2, 3, 4, 5, 6, 7, 8]",2009.246055,2010.116519,inf,2,10,2343.0,"0.010679390756951674,0.08855776635332563,0.00965546116363979,0.07549038565702038",0.046096,0.204689,inf,11,11
2009251516014_Node0_Node8_Zero,"[0, 1, 2, 3, 4, 5, 6, 7, 8]",2009.251516,2010.127055,inf,1,7,2343.0,"0.010679390756951674,0.041791297794478675,0.010115780188910097",0.020862,0.409928,inf,11,11
2009256984786_Node0_Node8_Zero,"[0, 1, 2, 3, 4, 5, 6, 7, 8]",2009.256985,2010.128634,3.008649,3,23,2343.0,"0.02007173615790435,0.08855776635332563,0.010497886600647967,0.07875574234971154,0.02007173615790435,0.06720690574182973,0.00830647730247191,0.01039700699003358",0.037983,0.425413,2.257657,11,11
2009262452563_Node0_Node8_Zero,"[0, 1, 2, 3, 4, 5, 6, 7, 8]",2009.262453,2010.139366,inf,0,6,2343.0,0.010755601304251053,0.010755601304251053,0.240867,inf,11,11
2009267920246_Node0_Node8_Zero,"[0, 1, 2, 3, 4, 5, 6, 7, 8]",2009.26792,2010.159557,inf,1,8,2343.0,"0.01083488469315205,0.041791297794478675,0.009199662991358866",0.020609,0.372804,inf,11,11
2009273384523_Node0_Node8_Zero,"[0, 1, 2, 3, 4, 5, 6, 7, 8]",2009.273385,2010.168409,inf,0,3,2343.0,0.01190911197591536,0.01190911197591536,0.458259,inf,11,11
2009278853163_Node0_Node8_Zero,"[0, 1, 2, 3, 4, 5, 6, 7, 8]",2009.278853,2010.179528,inf,0,6,2343.0,0.011929826147738706,0.011929826147738706,0.510473,inf,11,11
2009284322185_Node0_Node8_Zero,"[0, 1, 2, 3, 4, 5, 6, 7, 8]",2009.284322,2010.263675,inf,1,9,2343.0,"0.011189151292514883,0.05438949366751579,0.009199662991358866",0.024926,0.372804,inf,11,11
2009289784717_Node0_Node8_Zero,"[0, 1, 2, 3, 4, 5, 6, 7, 8]",2009.289785,2010.288354,inf,0,7,2343.0,0.008212099498522845,0.008212099498522845,0.170138,inf,11,11
2009295253386_Node0_Node8_Zero,"[0, 1, 2, 3, 4, 5, 6, 7, 8]",2009.295253,2010.365816,inf,0,6,2343.0,0.008135826401543941,0.008135826401543941,0.514532,inf,11,11
2009300716001_Node0_Node8_Zero,"[0, 1, 2, 3, 4, 5, 6, 7, 8]",2009.300716,2010.525895,3.021643,3,24,2343.0,"0.02007173615790435,0.11119136677103945,0.008745136755584637,0.08247752708678653,0.02007173615790435,0.15943536375336315,0.00836255402562671,0.0080890197270996",0.052306,0.621198,1.756489,11,11
2009306179672_Node0_Node8_Zero,"[0, 1, 2, 3, 4, 5, 6, 7, 8]",2009.30618,2010.526275,inf,0,13,2343.0,"0.02007173615790435,0.0418166623291534",0.030944,1.012494,inf,11,11
2009311640580_Node0_Node8_Zero,"[0, 1, 2, 3, 4, 5, 6, 7, 8]",2009.311641,2010.531356,inf,1,9,2343.0,"0.02007173615790435,0.11119136677103945,0.009080820203196631",0.046781,0.204228,inf,11,11
2009317101009_Node0_Node8_Zero,"[0, 1, 2, 3, 4, 5, 6, 7, 8]",2009.317101,2010.551578,inf,0,2,2343.0,0.011375118180022601,0.011375118180022601,0.785854,inf,11,11
2009322565713_Node0_Node8_Zero,"[0, 1, 2, 3, 4, 5, 6, 7, 8]",2009.322566,2010.553857,inf,1,13,2343.0,"0.015132538943324345,0.09846657422306618,0.008505085164104932",0.040701,0.344657,inf,11,11
2009328026322_Node0_Node8_Zero,"[0, 1, 2, 3, 4, 5, 6, 7, 8]",2009.328026,2010.598409,inf,0,1,2343.0,0.00934284286541737,0.00934284286541737,0.434816,inf,11,11
2009333490850_Node0_Node8_Zero,"[0, 1, 2, 3, 4, 5, 6, 7, 8]",2009.333491,2010.608132,inf,1,9,2343.0,"0.009478746922297089,0.09067534229605974,0.007663753805745297",0.035939,0.319726,inf,11,11
2009338950383_Node0_Node8_Zero,"[0, 1, 2, 3, 4, 5, 6, 7, 8]",2009.33895,2010.610152,3.005706,3,23,2343.0,"0.02007173615790435,0.11119136677103945,0.02007173615790435,0.060875320705829565,0.007663753805745297,0.06837764747291135,0.00926012248205782,0.008810877997651023",0.03829,0.552727,1.913237,11,11
2009344412644_Node0_Node8_Zero,"[0, 1, 2, 3, 4, 5, 6, 7, 8]",2009.344413,2010.614289,3.040933,3,24,2343.0,"0.008061680524845755,0.09846657422306618,0.02007173615790435,0.0948425648579706,0.011029079239183838,0.07574774645661524,0.00852387688305409,0.008018020405108132",0.040595,0.180538,1.741072,11,11
2009349880371_Node0_Node8_Zero,"[0, 1, 2, 3, 4, 5, 6, 7, 8]",2009.34988,2010.627989,inf,0,6,2343.0,0.007663753805745297,0.007663753805745297,0.171626,inf,11,11
2009355348620_Node0_Node8_Zero,"[0, 1, 2, 3, 4, 5, 6, 7, 8]",2009.355349,2010.630089,inf,1,9,2343.0,"0.02007173615790435,0.11119136677103945,0.009080820203196631",0.046781,0.367988,inf,11,11
2009360812300_Node0_Node8_Zero,"[0, 1, 2, 3, 4, 5, 6, 7, 8]",2009.360812,2010.633989,inf,0,6,2343.0,0.010120437784396709,0.010120437784396709,0.226643,inf,11,11
2009366272975_Node0_Node8_Zero,"[0, 1, 2, 3, 4, 5, 6, 7, 8]",2009.366273,2010.638988,inf,2,18,2343.0,"0.00950394532374853,0.09061702966419517,0.02007173615790435,0.07745804341916335,0.012779363500544615,0.0686215143134862",0.046509,0.385134,inf,11,11
2009371736954_Node0_Node8_Zero,"[0, 1, 2, 3, 4, 5, 6, 7, 8]",2009.371737,2010.701854,inf,0,3,2343.0,0.010120437784396709,0.010120437784396709,0.463875,inf,11,11
2009377204104_Node0_Node8_Zero,"[0, 1, 2, 3, 4, 5, 6, 7, 8]",2009.377204,2010.733119,inf,1,11,2343.0,"0.016295040089764592,0.06591040260940746,0.01292139623213111",0.031709,0.548862,inf,11,11
2009382665145_Node0_Node8_Zero,"[0, 1, 2, 3, 4, 5, 6, 7, 8]",2009.382665,2010.735545,2.979476,3,24,2343.0,"0.02007173615790435,0.09067534229605974,0.007663753805745297,0.09147716644621431,0.01041691137793646,0.07745804341916335,0.008245880829990193,0.007663753805745297",0.039209,0.490189,1.664145,11,11
2009388125099_Node0_Node8_Zero,"[0, 1, 2, 3, 4, 5, 6, 7, 8]",2009.388125,2010.755289,inf,3,12,2343.0,"0.009080820203196631,0.06603137733246091,0.009375996753290199,0.08812541093324089,0.011375118180022601,0.15943536375336315,0.01092598397882247",0.050621,0.210867,inf,11,11
2009393588787_Node0_Node8_Zero,"[0, 1, 2, 3, 4, 5, 6, 7, 8]",2009.393589,2010.757848,3.001774,3,23,2343.0,"0.007663753805745297,0.09067534229605974,0.011375118180022601,0.07381631244967615,0.011509684850592446,0.06720690574182973,0.007924031307317992,0.009788706430295196",0.034995,0.269077,2.125568,11,11
2009399048363_Node0_Node8_Zero,"[0, 1, 2, 3, 4, 5, 6, 7, 8]",2009.399048,2010.76819,inf,0,4,2343.0,0.00947186643253783,0.00947186643253783,0.653993,inf,11,11
2009404517428_Node0_Node8_Zero,"[0, 1, 2, 3, 4, 5, 6, 7, 8]",2009.404517,2010.772709,inf,0,7,2343.0,0.009080820203196631,0.009080820203196631,0.314461,inf,11,11
2009409982409_Node0_Node8_Zero,"[0, 1, 2, 3, 4, 5, 6, 7, 8]",2009.409982,2010.801749,inf,1,5,2343.0,"0.007663753805745297,0.060875320705829565,0.007663753805745297",0.025401,0.158778,inf,11,11
2009415443024_Node0_Node8_Zero,"[0, 1, 2, 3, 4, 5, 6, 7, 8]",2009.415443,2010.921643,inf,3,16,2343.0,"0.008460853654311672,0.060875320705829565,0.007663753805745297,0.060875320705829565,0.007663753805745297,0.07745804341916335,0.008999844980485127",0.033142,0.425244,inf,11,11
2009420903082_Node0_Node8_Zero,"[0, 1, 2, 3, 4, 5, 6, 7, 8]",2009.420903,2010.943205,inf,1,6,2343.0,"0.007663753805745297,0.060875320705829565,0.009080820203196631",0.025873,0.310563,inf,11,11
2009426363513_Node0_Node8_Zero,"[0, 1, 2, 3, 4, 5, 6, 7, 8]",2009.426364,2010.943464,inf,1,10,2343.0,"0.02007173615790435,0.060875320705829565,0.02007173615790435",0.033673,0.81338,inf,11,11
2009431826027_Node0_Node8_Zero,"[0, 1, 2, 3, 4, 5, 6, 7, 8]",2009.431826,2010.953337,inf,3,22,2343.0,"0.02007173615790435,0.060875320705829565,0.02007173615790435,0.060875320705829565,0.02007173615790435,0.0686215143134862,0.00926012248205782,0.008591594899314624",0.033555,0.796387,inf,11,11
2009437286608_Node0_Node8_Zero,"[0, 1, 2, 3, 4, 5, 6, 7, 8]",2009.437287,2010.969369,inf,3,12,2343.0,"0.007663753805745297,0.060875320705829565,0.009914766988637799,0.060875320705829565,0.00961376437872426,0.06368935849960741,0.00921804749605942",0.031693,0.171626,inf,11,11
2009442746459_Node0_Node8_Zero,"[0, 1, 2, 3, 4, 5, 6, 7, 8]",2009.442746,2010.972184,inf,1,9,2343.0,"0.007663753805745297,0.060875320705829565,0.010546013212076264",0.026362,0.355703,inf,11,11
2009448206834_Node0_Node8_Zero,"[0, 1, 2, 3, 4, 5, 6, 7, 8]",2009.448207,2010.974865,inf,1,8,2343.0,"0.007663753805745297,0.060875320705829565,0.02007173615790435",0.029537,0.624645,inf,11,11
2009453671788_Node0_Node8_Zero,"[0, 1, 2, 3, 4, 5, 6, 7, 8]",2009.453672,2010.977724,3.004695,3,20,2343.0,"0.007663753805745297,0.060875320705829565,0.02007173615790435,0.09339338266784955,0.02007173615790435,0.07745804341916335,0.00868122514906574,0.019456647367559775",0.038459,0.310563,4.224912,11,11
2009459131509_Node0_Node8_Zero,"[0, 1, 2, 3, 4, 5, 6, 7, 8]",2009.459132,2010.982522,inf,1,8,2343.0,"0.007663753805745297,0.060875320705829565,0.02007173615790435",0.029537,0.310563,inf,11,11
2009464594638_Node0_Node8_Zero,"[0, 1, 2, 3, 4, 5, 6, 7, 8]",2009.464595,2010.985424,inf,2,10,2343.0,"0.007663753805745297,0.060875320705829565,0.011375118180022601,0.09147716644621431,0.009388523634326271",0.036156,0.460961,inf,11,11
2009470055757_Node0_Node8_Zero,"[0, 1, 2, 3, 4, 5, 6, 7, 8]",2009.470056,2010.99209,inf,1,9,2343.0,"0.007663753805745297,0.060875320705829565,0.009375996753290199",0.025972,0.310563,inf,11,11
2009475522488_Node0_Node8_Zero,"[0, 1, 2, 3, 4, 5, 6, 7, 8]",2009.475522,2010.99925,3.00095,3,23,2343.0,"0.007663753805745297,0.060875320705829565,0.0093278701418619,0.09133812160814153,0.007663753805745297,0.06368935849960741,0.010062304046482458,0.01811866851446067",0.033592,0.377999,3.934376,11,11
2009480991883_Node0_Node8_Zero,"[0, 1, 2, 3, 4, 5, 6, 7, 8]",2009.480992,2011.00299,inf,1,5,2343.0,"0.007663753805745297,0.060875320705829565,0.009687421457838285",0.026075,0.310563,inf,11,11
2009486454246_Node0_Node8_Zero,"[0, 1, 2, 3, 4, 5, 6, 7, 8]",2009.486454,2011.005009,inf,2,12,2343.0,"0.007663753805745297,0.060875320705829565,0.009368216878004165,0.08956408949522707,0.02007173615790435",0.037509,0.310563,inf,11,11
2009491919822_Node0_Node8_Zero,"[0, 1, 2, 3, 4, 5, 6, 7, 8]",2009.49192,2011.0267,inf,1,4,2343.0,"0.007663753805745297,0.060875320705829565",0.03427,1.664145,inf,11,11
2009497382667_Node0_Node8_Zero,"[0, 1, 2, 3, 4, 5, 6, 7, 8]",2009.497383,2011.111969,inf,1,6,2343.0,"0.02007173615790435,0.060875320705829565,0.009080820203196631",0.030009,1.503461,inf,11,11
2009502848449_Node0_Node8_Zero,"[0, 1, 2, 3, 4, 5, 6, 7, 8]",2009.502848,2011.113891,inf,1,6,2343.0,"0.02007173615790435,0.060875320705829565,0.007663753805745297",0.029537,1.269392,inf,11,11
2009508309259_Node0_Node8_Zero,"[0, 1, 2, 3, 4, 5, 6, 7, 8]",2009.508309,2011.11956,inf,1,7,2343.0,"0.007663753805745297,0.060875320705829565,0.007663753805745297",0.025401,0.260573,inf,11,11
2009513771069_Node0_Node8_Zero,"[0, 1, 2, 3, 4, 5, 6, 7, 8]",2009.513771,2011.122484,inf,1,5,2343.0,"0.007663753805745297,0.060875320705829565,0.009080820203196631",0.025873,1.664145,inf,11,11
2009519238359_Node0_Node8_Zero,"[0, 1, 2, 3, 4, 5, 6, 7, 8]",2009.519238,2011.12832,inf,1,4,2343.0,"0.007663753805745297,0.060875320705829565,0.007663753805745297",0.025401,0.358003,inf,11,11
2009524706807_Node0_Node8_Zero,"[0, 1, 2, 3, 4, 5, 6, 7, 8]",2009.524707,2011.131835,inf,2,10,2343.0,"0.007663753805745297,0.060875320705829565,0.007663753805745297,0.10045971387907991,0.007663753805745297",0.036865,0.319726,inf,11,11
2009530170485_Node0_Node8_Zero,"[0, 1, 2, 3, 4, 5, 6, 7, 8]",2009.53017,2011.133871,inf,1,5,2343.0,"0.007663753805745297,0.060875320705829565,0.009080820203196631",0.025873,0.171626,inf,11,11
2009535639163_Node0_Node8_Zero,"[0, 1, 2, 3, 4, 5, 6, 7, 8]",2009.535639,2011.137518,inf,3,11,2343.0,"0.007663753805745297,0.060875320705829565,0.02007173615790435,0.060875320705829565,0.00934284286541737,0.07745804341916335,0.007663753805745297",0.03485,0.264579,inf,11,11
2009541102091_Node0_Node8_Zero,"[0, 1, 2, 3, 4, 5, 6, 7, 8]",2009.541102,2011.139412,inf,1,7,2343.0,"0.007663753805745297,0.060875320705829565,0.02007173615790435",0.029537,0.55004,inf,11,11
2009546565117_Node0_Node8_Zero,"[0, 1, 2, 3, 4, 5, 6, 7, 8]",2009.546565,2011.141311,inf,2,7,2343.0,"0.007663753805745297,0.060875320705829565,0.02007173615790435,0.060875320705829565,0.008173897708827777",0.031532,0.310563,inf,11,11
2009552034106_Node0_Node8_Zero,"[0, 1, 2, 3, 4, 5, 6, 7, 8]",2009.552034,2011.149432,inf,1,8,2343.0,"0.007663753805745297,0.060875320705829565,0.007663753805745297",0.025401,0.310563,inf,11,11
2009557500708_Node0_Node8_Zero,"[0, 1, 2, 3, 4, 5, 6, 7, 8]",2009.557501,2011.15853,inf,1,9,2343.0,"0.007663753805745297,0.060875320705829565,0.007663753805745297",0.025401,0.310563,inf,11,11
2009562961298_Node0_Node8_Zero,"[0, 1, 2, 3, 4, 5, 6, 7, 8]",2009.562961,2011.161245,inf,3,11,2343.0,"0.007663753805745297,0.060875320705829565,0.009080820203196631,0.06720690574182973,0.009080820203196631,0.06720690574182973,0.008999844980485127",0.032873,0.293006,inf,11,11
2009568421632_Node0_Node8_Zero,"[0, 1, 2, 3, 4, 5, 6, 7, 8]",2009.568422,2011.172099,inf,2,9,2343.0,"0.007663753805745297,0.060875320705829565,0.007663753805745297,0.060875320705829565,0.02007173615790435",0.03143,0.484677,inf,11,11
2009573883540_Node0_Node8_Zero,"[0, 1, 2, 3, 4, 5, 6, 7, 8]",2009.573884,2011.17605,inf,1,6,2343.0,"0.007663753805745297,0.060875320705829565,0.007663753805745297",0.025401,0.171626,inf,11,11
2009579345467_Node0_Node8_Zero,"[0, 1, 2, 3, 4, 5, 6, 7, 8]",2009.579345,2011.181649,inf,1,7,2343.0,"0.007663753805745297,0.060875320705829565,0.009080820203196631",0.025873,0.310563,inf,11,11
2009584808647_Node0_Node8_Zero,"[0, 1, 2, 3, 4, 5, 6, 7, 8]",2009.584809,2011.189009,3.006383,3,17,2343.0,"0.007663753805745297,0.060875320705829565,0.02007173615790435,0.09061702966419517,0.02007173615790435,0.06837764747291135,0.008268225867227245,0.015291241504138024",0.036405,0.796387,3.320415,11,11
2009590272931_Node0_Node8_Zero,"[0, 1, 2, 3, 4, 5, 6, 7, 8]",2009.590273,2011.218511,inf,1,4,2343.0,"0.007663753805745297,0.060875320705829565,0.02007173615790435",0.029537,0.310563,inf,11,11
2009595732771_Node0_Node8_Zero,"[0, 1, 2, 3, 4, 5, 6, 7, 8]",2009.595733,2011.218711,inf,2,9,2343.0,"0.02007173615790435,0.060875320705829565,0.0093278701418619,0.060875320705829565",0.037788,0.377999,inf,11,11
2009601193349_Node0_Node8_Zero,"[0, 1, 2, 3, 4, 5, 6, 7, 8]",2009.601193,2011.224609,inf,2,4,2343.0,"0.02007173615790435,0.060875320705829565,0.007663753805745297,0.06720690574182973,0.008173897708827777",0.032798,0.796387,inf,11,11
2009606658643_Node0_Node8_Zero,"[0, 1, 2, 3, 4, 5, 6, 7, 8]",2009.606659,2011.318303,inf,1,8,2343.0,"0.007663753805745297,0.060875320705829565,0.02007173615790435",0.029537,0.26312,inf,11,11
2009612119908_Node0_Node8_Zero,"[0, 1, 2, 3, 4, 5, 6, 7, 8]",2009.61212,2011.323222,inf,3,11,2343.0,"0.007663753805745297,0.060875320705829565,0.02007173615790435,0.060875320705829565,0.007663753805745297,0.06858175341556638,0.008999844980485127",0.033533,0.310563,inf,11,11
2009617586317_Node0_Node8_Zero,"[0, 1, 2, 3, 4, 5, 6, 7, 8]",2009.617586,2011.326124,inf,1,8,2343.0,"0.007663753805745297,0.060875320705829565,0.02007173615790435",0.029537,0.436333,inf,11,11
2009623049071_Node0_Node8_Zero,"[0, 1, 2, 3, 4, 5, 6, 7, 8]",2009.623049,2011.330882,inf,1,7,2343.0,"0.007663753805745297,0.060875320705829565,0.009080820203196631",0.025873,0.310563,inf,11,11
2009628511395_Node0_Node8_Zero,"[0, 1, 2, 3, 4, 5, 6, 7, 8]",2009.628511,2011.333745,3.000262,3,14,2343.0,"0.007663753805745297,0.060875320705829565,0.0093278701418619,0.060875320705829565,0.009852986768499852,0.07745804341916335,0.009685292264678578,0.020294205467976358",0.032004,0.310563,4.406783,11,11
2009633978352_Node0_Node8_Zero,"[0, 1, 2, 3, 4, 5, 6, 7, 8]",2009.633978,2011.335731,inf,1,8,2343.0,"0.007663753805745297,0.060875320705829565,0.008460853654311672",0.025667,0.310563,inf,11,11
2009639441353_Node0_Node8_Zero,"[0, 1, 2, 3, 4, 5, 6, 7, 8]",2009.639441,2011.337652,inf,2,9,2343.0,"0.007663753805745297,0.060875320705829565,0.02007173615790435,0.09288222130660555,0.007663753805745297",0.037831,0.310563,inf,11,11
2009644905598_Node0_Node8_Zero,"[0, 1, 2, 3, 4, 5, 6, 7, 8]",2009.644906,2011.345823,3.004868,3,18,2343.0,"0.007663753805745297,0.060875320705829565,0.02007173615790435,0.060875320705829565,0.009228207950695799,0.07745804341916335,0.009485620324174764,0.018338727559036424",0.033,0.310563,3.982161,11,11
2009650365692_Node0_Node8_Zero,"[0, 1, 2, 3, 4, 5, 6, 7, 8]",2009.650366,2011.349749,inf,1,8,2343.0,"0.007663753805745297,0.060875320705829565,0.010871679169397025",0.02647,0.365148,inf,11,11
2009655828532_Node0_Node8_Zero,"[0, 1, 2, 3, 4, 5, 6, 7, 8]",2009.655829,2011.355521,inf,1,7,2343.0,"0.007663753805745297,0.060875320705829565,0.007663753805745297",0.025401,0.310563,inf,11,11
2009661293623_Node0_Node8_Zero,"[0, 1, 2, 3, 4, 5, 6, 7, 8]",2009.661294,2011.358345,inf,3,11,2343.0,"0.007663753805745297,0.060875320705829565,0.02007173615790435,0.060875320705829565,0.007663753805745297,0.07745804341916335",0.039101,0.310563,inf,11,11
2009666756454_Node0_Node8_Zero,"[0, 1, 2, 3, 4, 5, 6, 7, 8]",2009.666756,2011.365433,inf,2,9,2343.0,"0.007663753805745297,0.060875320705829565,0.02007173615790435,0.060875320705829565,0.007663753805745297",0.03143,0.310563,inf,11,11
2009672222953_Node0_Node8_Zero,"[0, 1, 2, 3, 4, 5, 6, 7, 8]",2009.672223,2011.368365,inf,1,12,2343.0,"0.007663753805745297,0.060875320705829565,0.02007173615790435",0.029537,0.310563,inf,11,11
2009677685997_Node0_Node8_Zero,"[0, 1, 2, 3, 4, 5, 6, 7, 8]",2009.677686,2011.373162,inf,1,8,2343.0,"0.007663753805745297,0.060875320705829565,0.02007173615790435",0.029537,0.310563,inf,11,11
2009683153494_Node0_Node8_Zero,"[0, 1, 2, 3, 4, 5, 6, 7, 8]",2009.683153,2011.375844,3.000354,3,16,2343.0,"0.007663753805745297,0.060875320705829565,0.02007173615790435,0.060875320705829565,0.007663753805745297,0.07745804341916335,0.008226957297927476,0.015291241504138024",0.032266,0.548452,3.320415,11,11
2009688615221_Node0_Node8_Zero,"[0, 1, 2, 3, 4, 5, 6, 7, 8]",2009.688615,2011.380642,inf,1,7,2343.0,"0.007663753805745297,0.060875320705829565,0.02007173615790435",0.029537,0.310563,inf,11,11
2009694076972_Node0_Node8_Zero,"[0, 1, 2, 3, 4, 5, 6, 7, 8]",2009.694077,2011.385343,inf,1,7,2343.0,"0.007663753805745297,0.060875320705829565,0.010602025742369911",0.02638,0.310563,inf,11,11
2009699540438_Node0_Node8_Zero,"[0, 1, 2, 3, 4, 5, 6, 7, 8]",2009.69954,2011.388184,3.004402,3,17,2343.0,"0.007663753805745297,0.060875320705829565,0.02007173615790435,0.060875320705829565,0.009362098713417467,0.07745804341916335,0.009692224369958613,0.017142532998992134",0.032893,0.283882,3.722413,11,11
2009705005323_Node0_Node8_Zero,"[0, 1, 2, 3, 4, 5, 6, 7, 8]",2009.705005,2011.393165,inf,1,9,2343.0,"0.007663753805745297,0.060875320705829565,0.009184959344918578",0.025908,0.310563,inf,11,11
2009710473066_Node0_Node8_Zero,"[0, 1, 2, 3, 4, 5, 6, 7, 8]",2009.710473,2011.395924,inf,3,10,2343.0,"0.007663753805745297,0.060875320705829565,0.009254181499051783,0.06720690574182973,0.008173897708827777,0.07745804341916335,0.008999844980485127",0.034233,0.432418,inf,11,11
2009715932930_Node0_Node8_Zero,"[0, 1, 2, 3, 4, 5, 6, 7, 8]",2009.715933,2011.398625,inf,1,6,2343.0,"0.007663753805745297,0.060875320705829565,0.007663753805745297",0.025401,0.310563,inf,11,11
2009721399775_Node0_Node8_Zero,"[0, 1, 2, 3, 4, 5, 6, 7, 8]",2009.7214,2011.402557,3.003328,3,14,2343.0,"0.007663753805745297,0.060875320705829565,0.009455894552872495,0.06720690574182973,0.009412195988044185,0.06868752370327967,0.010033555090542205,0.01616339411835403",0.031187,0.310563,3.509798,11,11
2009726864806_Node0_Node8_Zero,"[0, 1, 2, 3, 4, 5, 6, 7, 8]",2009.726865,2011.405305,inf,1,8,2343.0,"0.007663753805745297,0.060875320705829565,0.009455894552872495",0.025998,0.310563,inf,11,11
2009732330661_Node0_Node8_Zero,"[0, 1, 2, 3, 4, 5, 6, 7, 8]",2009.732331,2011.408165,inf,1,8,2343.0,"0.007663753805745297,0.060875320705829565,0.02007173615790435",0.029537,0.310563,inf,11,11
2009737799100_Node0_Node8_Zero,"[0, 1, 2, 3, 4, 5, 6, 7, 8]",2009.737799,2011.424114,inf,1,8,2343.0,"0.007663753805745297,0.060875320705829565,0.009519008309762003",0.026019,0.310563,inf,11,11
2009743267180_Node0_Node8_Zero,"[0, 1, 2, 3, 4, 5, 6, 7, 8]",2009.743267,2011.426853,2.999467,3,15,2343.0,"0.007663753805745297,0.060875320705829565,0.009080820203196631,0.09238502965498777,0.016658567816616388,0.07745804341916335,0.007663753805745297,0.016566822260155156",0.036044,0.310563,3.597401,11,11
2009748732907_Node0_Node8_Zero,"[0, 1, 2, 3, 4, 5, 6, 7, 8]",2009.748733,2011.431562,inf,3,9,2343.0,"0.007663753805745297,0.060875320705829565,0.011375118180022601,0.08620166084983023,0.02007173615790435,0.07745804341916335",0.043941,0.310563,inf,11,11
2009754196345_Node0_Node8_Zero,"[0, 1, 2, 3, 4, 5, 6, 7, 8]",2009.754196,2011.435549,inf,3,13,2343.0,"0.007663753805745297,0.060875320705829565,0.02007173615790435,0.060875320705829565,0.00934284286541737,0.07027313408513872,0.007663753805745297",0.033824,0.310563,inf,11,11
2009759665499_Node0_Node8_Zero,"[0, 1, 2, 3, 4, 5, 6, 7, 8]",2009.759665,2011.439094,inf,2,8,2343.0,"0.007663753805745297,0.060875320705829565,0.009080820203196631,0.08520786851180288",0.040707,0.310563,inf,11,11
2009765131995_Node0_Node8_Zero,"[0, 1, 2, 3, 4, 5, 6, 7, 8]",2009.765132,2011.448062,inf,1,6,2343.0,"0.007663753805745297,0.060875320705829565,0.02007173615790435",0.029537,0.310563,inf,11,11
2009770594145_Node0_Node8_Zero,"[0, 1, 2, 3, 4, 5, 6, 7, 8]",2009.770594,2011.45181,inf,1,8,2343.0,"0.007663753805745297,0.060875320705829565,0.02007173615790435",0.029537,0.310563,inf,11,11
2009776057857_Node0_Node8_Zero,"[0, 1, 2, 3, 4, 5, 6, 7, 8]",2009.776058,2011.455457,3.00241,3,14,2343.0,"0.007663753805745297,0.060875320705829565,0.007663753805745297,0.060875320705829565,0.008173897708827777,0.07745804341916335,0.010727383340515125,0.016340411310574683",0.031222,0.259629,3.548237,11,11
2009781526938_Node0_Node8_Zero,"[0, 1, 2, 3, 4, 5, 6, 7, 8]",2009.781527,2011.457392,inf,2,8,2343.0,"0.007663753805745297,0.060875320705829565,0.009080820203196631,0.060875320705829565,0.015879023648305707",0.030875,0.310563,inf,11,11
2009786990710_Node0_Node8_Zero,"[0, 1, 2, 3, 4, 5, 6, 7, 8]",2009.786991,2011.464162,inf,1,9,2343.0,"0.007663753805745297,0.060875320705829565,0.007663753805745297",0.025401,0.555148,inf,11,11
2009792457056_Node0_Node8_Zero,"[0, 1, 2, 3, 4, 5, 6, 7, 8]",2009.792457,2011.467697,inf,1,9,2343.0,"0.007663753805745297,0.060875320705829565,0.02007173615790435",0.029537,0.310563,inf,11,11
2009797924605_Node0_Node8_Zero,"[0, 1, 2, 3, 4, 5, 6, 7, 8]",2009.797925,2011.469592,inf,3,12,2343.0,"0.007663753805745297,0.060875320705829565,0.02007173615790435,0.060875320705829565,0.02007173615790435,0.07745804341916335,0.010511239536335927",0.03679,0.259629,inf,11,11
2009803391359_Node0_Node8_Zero,"[0, 1, 2, 3, 4, 5, 6, 7, 8]",2009.803391,2011.475348,inf,2,8,2343.0,"0.007663753805745297,0.060875320705829565,0.007663753805745297,0.060875320705829565,0.007663753805745297",0.028948,0.259629,inf,11,11
2009808850874_Node0_Node8_Zero,"[0, 1, 2, 3, 4, 5, 6, 7, 8]",2009.808851,2011.479598,inf,3,16,2343.0,"0.007663753805745297,0.060875320705829565,0.007663753805745297,0.060875320705829565,0.02007173615790435,0.07745804341916335,0.008999844980485127,0.015998098256718687",0.032451,0.264719,inf,11,11
2009814313122_Node0_Node8_Zero,"[0, 1, 2, 3, 4, 5, 6, 7, 8]",2009.814313,2011.483513,inf,1,7,2343.0,"0.007663753805745297,0.060875320705829565,0.007663753805745297",0.025401,0.310563,inf,11,11
2009819778780_Node0_Node8_Zero,"[0, 1, 2, 3, 4, 5, 6, 7, 8]",2009.819779,2011.485532,inf,3,11,2343.0,"0.007663753805745297,0.060875320705829565,0.02007173615790435,0.06720690574182973,0.009080820203196631,0.06720690574182973,0.007663753805745297",0.034253,0.26364,inf,11,11
2009825247665_Node0_Node8_Zero,"[0, 1, 2, 3, 4, 5, 6, 7, 8]",2009.825248,2011.494338,inf,2,10,2343.0,"0.007663753805745297,0.060875320705829565,0.0093278701418619,0.060875320705829565,0.009388523634326271",0.029626,0.310563,inf,11,11
2009830715598_Node0_Node8_Zero,"[0, 1, 2, 3, 4, 5, 6, 7, 8]",2009.830716,2011.498406,inf,2,10,2343.0,"0.007663753805745297,0.060875320705829565,0.0093278701418619,0.060875320705829565,0.02007173615790435",0.031763,0.310563,inf,11,11
2009836177402_Node0_Node8_Zero,"[0, 1, 2, 3, 4, 5, 6, 7, 8]",2009.836177,2011.503321,inf,2,9,2343.0,"0.007663753805745297,0.060875320705829565,0.02007173615790435,0.060875320705829565",0.037372,0.310563,inf,11,11
2009841640600_Node0_Node8_Zero,"[0, 1, 2, 3, 4, 5, 6, 7, 8]",2009.841641,2011.506204,inf,1,9,2343.0,"0.007663753805745297,0.060875320705829565,0.009080820203196631",0.025873,0.310563,inf,11,11
2009847104975_Node0_Node8_Zero,"[0, 1, 2, 3, 4, 5, 6, 7, 8]",2009.847105,2011.508905,2.997984,4,14,2343.0,"0.007663753805745297,0.060875320705829565,0.0108521532000108,0.060875320705829565,0.007663753805745297,0.07745804341916335,0.009399738768350397,0.04018521135964125",0.034372,0.310563,8.726013,11,11
2009852567405_Node0_Node8_Zero,"[0, 1, 2, 3, 4, 5, 6, 7, 8]",2009.852567,2011.511804,inf,3,9,2343.0,"0.007663753805745297,0.060875320705829565,0.007663753805745297,0.060875320705829565,0.02007173615790435,0.07745804341916335",0.039101,0.310563,inf,11,11
2009858028065_Node0_Node8_Zero,"[0, 1, 2, 3, 4, 5, 6, 7, 8]",2009.858028,2011.516542,inf,1,10,2343.0,"0.007663753805745297,0.060875320705829565,0.02007173615790435",0.029537,0.310563,inf,11,11
2009863496395_Node0_Node8_Zero,"[0, 1, 2, 3, 4, 5, 6, 7, 8]",2009.863496,2011.52351,inf,1,8,2343.0,"0.007663753805745297,0.060875320705829565,0.009401812502707128",0.02598,0.310563,inf,11,11
2009868959719_Node0_Node8_Zero,"[0, 1, 2, 3, 4, 5, 6, 7, 8]",2009.86896,2011.525411,2.999583,4,13,2343.0,"0.007663753805745297,0.060875320705829565,0.02007173615790435,0.060875320705829565,0.009670371193193293,0.06368935849960741,0.008386136065226577,0.04491885280189465",0.034519,0.270603,9.753899,11,11
2009874427469_Node0_Node8_Zero,"[0, 1, 2, 3, 4, 5, 6, 7, 8]",2009.874427,2011.527351,inf,1,9,2343.0,"0.007663753805745297,0.060875320705829565,0.007663753805745297",0.025401,0.310563,inf,11,11
2009879892630_Node0_Node8_Zero,"[0, 1, 2, 3, 4, 5, 6, 7, 8]",2009.879893,2011.529392,inf,1,7,2343.0,"0.007663753805745297,0.060875320705829565,0.02007173615790435",0.029537,0.263783,inf,11,11
2009885352284_Node0_Node8_Zero,"[0, 1, 2, 3, 4, 5, 6, 7, 8]",2009.885352,2011.533998,2.999636,4,13,2343.0,"0.007663753805745297,0.060875320705829565,0.009214392294886018,0.060875320705829565,0.009367541013031198,0.06720690574182973,0.008549870478010693,0.04058788407436225",0.033043,0.258091,8.813452,11,11
2009890821150_Node0_Node8_Zero,"[0, 1, 2, 3, 4, 5, 6, 7, 8]",2009.890821,2011.538622,inf,1,11,2343.0,"0.007663753805745297,0.060875320705829565,0.007663753805745297",0.025401,0.310563,inf,11,11
2009896290016_Node0_Node8_Zero,"[0, 1, 2, 3, 4, 5, 6, 7, 8]",2009.89629,2011.541484,inf,1,7,2343.0,"0.007663753805745297,0.060875320705829565,0.007663753805745297",0.025401,0.310563,inf,11,11
2009901751271_Node0_Node8_Zero,"[0, 1, 2, 3, 4, 5, 6, 7, 8]",2009.901751,2011.548421,2.995966,4,16,2343.0,"0.007663753805745297,0.060875320705829565,0.02007173615790435,0.060875320705829565,0.02007173615790435,0.06720690574182973,0.010166280381415005,0.04429151766813256",0.036403,0.386589,9.617677,11,11
2009907217769_Node0_Node8_Zero,"[0, 1, 2, 3, 4, 5, 6, 7, 8]",2009.907218,2011.553261,inf,1,8,2343.0,"0.007663753805745297,0.060875320705829565,0.02007173615790435",0.029537,0.310563,inf,11,11
2009912678419_Node0_Node8_Zero,"[0, 1, 2, 3, 4, 5, 6, 7, 8]",2009.912678,2011.556164,inf,1,7,2343.0,"0.007663753805745297,0.060875320705829565,0.007663753805745297",0.025401,0.279239,inf,11,11
2009918142196_Node0_Node8_Zero,"[0, 1, 2, 3, 4, 5, 6, 7, 8]",2009.918142,2011.565147,inf,2,9,2343.0,"0.007663753805745297,0.060875320705829565,0.02007173615790435,0.060875320705829565,0.02007173615790435",0.033912,0.310563,inf,11,11
2009923603730_Node0_Node8_Zero,"[0, 1, 2, 3, 4, 5, 6, 7, 8]",2009.923604,2011.568024,2.99142,4,17,2343.0,"0.007663753805745297,0.060875320705829565,0.02007173615790435,0.060875320705829565,0.02007173615790435,0.07002094353560759,0.008173897708827777,0.04018521135964125",0.035992,0.310563,8.726013,11,11
2009929068723_Node0_Node8_Zero,"[0, 1, 2, 3, 4, 5, 6, 7, 8]",2009.929069,2011.570052,inf,1,8,2343.0,"0.007663753805745297,0.060875320705829565,0.009543549879670838",0.026028,0.310563,inf,11,11
2009934528408_Node0_Node8_Zero,"[0, 1, 2, 3, 4, 5, 6, 7, 8]",2009.934528,2011.572864,inf,1,8,2343.0,"0.007663753805745297,0.060875320705829565,0.009175148361596098",0.025905,0.310563,inf,11,11
2009939991472_Node0_Node8_Zero,"[0, 1, 2, 3, 4, 5, 6, 7, 8]",2009.939991,2011.575604,2.998501,4,10,2343.0,"0.007663753805745297,0.060875320705829565,0.009080820203196631,0.09421911397858794,0.007663753805745297,0.07745804341916335,0.008299027838325491,0.04305988754099681",0.03854,0.270603,9.350235,11,11
2009945454634_Node0_Node8_Zero,"[0, 1, 2, 3, 4, 5, 6, 7, 8]",2009.945455,2011.585603,inf,3,10,2343.0,"0.007663753805745297,0.060875320705829565,0.009175148361596098,0.060875320705829565,0.009360284613546226,0.06845557883283418",0.036068,0.310563,inf,11,11
2009950917665_Node0_Node8_Zero,"[0, 1, 2, 3, 4, 5, 6, 7, 8]",2009.950918,2011.590463,inf,1,9,2343.0,"0.007663753805745297,0.060875320705829565,0.02007173615790435",0.029537,0.265389,inf,11,11
2009956379070_Node0_Node8_Zero,"[0, 1, 2, 3, 4, 5, 6, 7, 8]",2009.956379,2011.595402,2.996646,4,14,2343.0,"0.007663753805745297,0.060875320705829565,0.02007173615790435,0.12411960229814788,0.007663753805745297,0.06837764747291135,0.009080820203196631,0.040535370620593036",0.042299,0.310563,8.802049,11,11
2009961843983_Node0_Node8_Zero,"[0, 1, 2, 3, 4, 5, 6, 7, 8]",2009.961844,2011.600122,inf,1,7,2343.0,"0.007663753805745297,0.060875320705829565,0.02007173615790435",0.029537,0.310563,inf,11,11
2009967312463_Node0_Node8_Zero,"[0, 1, 2, 3, 4, 5, 6, 7, 8]",2009.967312,2011.602072,inf,1,8,2343.0,"0.007663753805745297,0.060875320705829565,0.02007173615790435",0.029537,0.310563,inf,11,11
2009972774515_Node0_Node8_Zero,"[0, 1, 2, 3, 4, 5, 6, 7, 8]",2009.972775,2011.605708,inf,1,8,2343.0,"0.007663753805745297,0.060875320705829565,0.00934284286541737",0.025961,0.548146,inf,11,11
2009978238085_Node0_Node8_Zero,"[0, 1, 2, 3, 4, 5, 6, 7, 8]",2009.978238,2011.608625,2.991777,4,17,2343.0,"0.007663753805745297,0.060875320705829565,0.02007173615790435,0.060875320705829565,0.011362297103093279,0.07745804341916335,0.01041691137793646,0.04793920792907937",0.037083,0.310563,10.409754,11,11
2009983702454_Node0_Node8_Zero,"[0, 1, 2, 3, 4, 5, 6, 7, 8]",2009.983702,2011.611565,inf,1,6,2343.0,"0.007663753805745297,0.060875320705829565,0.007663753805745297",0.025401,0.310563,inf,11,11
2009989170417_Node0_Node8_Zero,"[0, 1, 2, 3, 4, 5, 6, 7, 8]",2009.98917,2011.614384,inf,1,6,2343.0,"0.007663753805745297,0.060875320705829565,0.007663753805745297",0.025401,0.310563,inf,11,11
2009994631162_Node0_Node8_Zero,"[0, 1, 2, 3, 4, 5, 6, 7, 8]",2009.994631,2011.617304,inf,1,6,2343.0,"0.007663753805745297,0.060875320705829565,0.007663753805745297",0.025401,0.258091,inf,11,11
2010000093763_Node0_Node8_Zero,"[0, 1, 2, 3, 4, 5, 6, 7, 8]",2010.000094,2011.619212,inf,1,5,2343.0,"0.007663753805745297,0.060875320705829565,0.007663753805745297",0.025401,0.310563,inf,11,11
