Packet ID,Enqueue Time (in s),Dequeue Time (in s),Dropped?,Drop Reason,Freezes,Tx INTF,Rx INTF
2000065582711_Node0_Node8_Zero,2000.565863,2000.682327,1,RetryLimit,3237,6.557819625e-14,nan
2000071048241_Node0_Node8_Zero,2000.565863,2000.682327,1,RetryLimit,3237,6.557819625e-14,nan
2000076512254_Node0_Node8_Zero,2000.569865,2000.69651,0,,3150,5.88824319367304e-14,4.089057773384056e-14
2000081981330_Node0_Node8_Zero,2000.569865,2000.69651,0,,3150,5.88824319367304e-14,4.089057773384056e-14
2000087444074_Node0_Node8_Zero,2000.571823,2000.702917,0,,3242,5.2586982e-13,0
2000092913530_Node0_Node8_Zero,2000.571823,2000.702917,0,,3242,5.2586982e-13,0
2000098380972_Node0_Node8_Zero,2000.575617,2000.704848,0,,3155,6.882042365047937e-13,0
2000103844188_Node0_Node8_Zero,2000.575617,2000.704848,0,,3155,6.882042365047937e-13,0
2000109310439_Node0_Node8_Zero,2000.577564,2000.708633,0,,3157,9.298566510090618e-14,0
2000114776527_Node0_Node8_Zero,2000.577564,2000.708633,0,,3157,9.298566510090618e-14,0
2000120236071_Node0_Node8_Zero,2000.579524,2000.710588,0,,3071,6.201984700493668e-13,0
2000125705306_Node0_Node8_Zero,2000.579524,2000.710588,0,,3071,6.201984700493668e-13,0
2000131168562_Node0_Node8_Zero,2000.581484,2000.712788,0,,2984,5.773530829144109e-13,0
2000136637730_Node0_Node8_Zero,2000.581484,2000.712788,0,,2984,5.773530829144109e-13,0
2000142106269_Node0_Node8_Zero,2000.583684,2000.714748,0,,2897,5.563629890419563e-13,2.2403144602253577e-14
2000147572554_Node0_Node8_Zero,2000.583684,2000.714748,0,,2897,5.563629890419563e-13,2.2403144602253577e-14
2000153038993_Node0_Node8_Zero,2000.585684,2000.716828,0,,2811,5.2586982e-13,0
2000158503603_Node0_Node8_Zero,2000.585684,2000.716828,0,,2811,5.2586982e-13,0
2000163965729_Node0_Node8_Zero,2000.589658,2000.719008,0,,2724,5.2586982e-13,0
2000169430529_Node0_Node8_Zero,2000.589658,2000.719008,0,,2724,5.2586982e-13,0
2000174898234_Node0_Node8_Zero,2000.591764,2000.722916,0,,2726,5.2586982e-13,0
2000180362139_Node0_Node8_Zero,2000.591764,2000.722916,0,,2726,5.2586982e-13,0
2000185824101_Node0_Node8_Zero,2000.593764,2000.724847,0,,2639,5.2586982e-13,0
2000191292605_Node0_Node8_Zero,2000.593764,2000.724847,0,,2639,5.2586982e-13,0
2000196752181_Node0_Node8_Zero,2000.595824,2000.726987,0,,2553,6.201751430010972e-13,0
2000202215711_Node0_Node8_Zero,2000.595824,2000.726987,0,,2553,6.201751430010972e-13,0
2000207679121_Node0_Node8_Zero,2000.597884,2000.729087,0,,2467,6.156421080834938e-13,5.745426437343601e-14
2000213145240_Node0_Node8_Zero,2000.597884,2000.729087,0,,2467,6.156421080834938e-13,5.745426437343601e-14
2000218611716_Node0_Node8_Zero,2000.600064,2000.731067,0,,2381,6.156421080834938e-13,5.745426437343601e-14
2000224077137_Node0_Node8_Zero,2000.600064,2000.731067,0,,2381,6.156421080834938e-13,5.745426437343601e-14
2000229537710_Node0_Node8_Zero,2000.602244,2000.733247,0,,2295,5.2586982e-13,0
2000235001804_Node0_Node8_Zero,2000.602244,2000.733247,0,,2295,5.2586982e-13,0
2000240463190_Node0_Node8_Zero,2000.604364,2000.735367,0,,2209,5.842998e-13,0
2000245926877_Node0_Node8_Zero,2000.604364,2000.735367,0,,2209,5.842998e-13,0
2000251390215_Node0_Node8_Zero,2000.606444,2000.737547,0,,2123,5.78190028967772e-13,3.633347844984171e-14
2000256852681_Node0_Node8_Zero,2000.606444,2000.737547,0,,2123,5.78190028967772e-13,3.633347844984171e-14
2000262317324_Node0_Node8_Zero,2000.608564,2000.739507,0,,2036,5.2586982e-13,0
2000267778054_Node0_Node8_Zero,2000.608564,2000.739507,0,,2036,5.2586982e-13,0
2000273244506_Node0_Node8_Zero,2000.612466,2000.741587,0,,1950,5.9144801625e-13,0
2000278710052_Node0_Node8_Zero,2000.612466,2000.741587,0,,1950,5.9144801625e-13,0
2000284176061_Node0_Node8_Zero,2000.614624,2000.743747,0,,1863,5.2586982e-13,0
2000289645433_Node0_Node8_Zero,2000.614624,2000.743747,0,,1863,5.2586982e-13,0
2000295111285_Node0_Node8_Zero,2000.616524,2000.745647,0,,1777,5.2586982e-13,0
2000300579382_Node0_Node8_Zero,2000.616524,2000.745647,0,,1777,5.2586982e-13,0
2000306040006_Node0_Node8_Zero,2000.618624,2000.747647,0,,1690,5.2586982e-13,0
2000311507044_Node0_Node8_Zero,2000.618624,2000.747647,0,,1690,5.2586982e-13,0
2000316970961_Node0_Node8_Zero,2000.620664,2000.749547,0,,1604,6.184239293311068e-13,0
2000333366414_Node0_Node8_Zero,2000.620664,2000.749547,0,,1604,6.184239293311068e-13,0
2000327903708_Node0_Node8_Zero,2000.622864,2000.751707,0,,1517,5.2586982e-13,0
2000344299361_Node0_Node8_Zero,2000.622864,2000.751707,0,,1517,5.2586982e-13,0
2000338833379_Node0_Node8_Zero,2000.624944,2000.755521,0,,1519,5.982687429624035e-13,0
2000349766239_Node0_Node8_Zero,2000.624944,2000.755521,0,,1519,5.982687429624035e-13,0
2000355229293_Node0_Node8_Zero,2000.627044,2000.757428,0,,1432,5.2586982e-13,0
2000360690588_Node0_Node8_Zero,2000.627044,2000.757428,0,,1432,5.2586982e-13,0
2000366152889_Node0_Node8_Zero,2000.629084,2000.759468,0,,1345,5.596123741628594e-13,2.4790447956386533e-14
2000371612448_Node0_Node8_Zero,2000.629084,2000.759468,0,,1345,5.596123741628594e-13,2.4790447956386533e-14
2000377073806_Node0_Node8_Zero,2000.631064,2000.763413,0,,1348,5.2586982e-13,0
2000388002862_Node0_Node8_Zero,2000.631064,2000.763413,0,,1348,5.2586982e-13,0
2000382541465_Node0_Node8_Zero,2000.633204,2000.765388,0,,1261,5.2586982e-13,0
2000393462448_Node0_Node8_Zero,2000.633204,2000.765388,0,,1261,5.2586982e-13,0
2000398924563_Node0_Node8_Zero,2000.635284,2000.769322,0,,1263,5.2586982e-13,0
2000404390448_Node0_Node8_Zero,2000.635284,2000.769322,0,,1263,5.2586982e-13,0
2000409857178_Node0_Node8_Zero,2000.637344,2000.771328,0,,1176,5.2586982e-13,0
2000415322154_Node0_Node8_Zero,2000.637344,2000.771328,0,,1176,5.2586982e-13,0
2000420788730_Node0_Node8_Zero,2000.639324,2000.773468,0,,1089,5.2586982e-13,0
2000426250118_Node0_Node8_Zero,2000.639324,2000.773468,0,,1089,5.2586982e-13,0
2000431715378_Node0_Node8_Zero,2000.641304,2000.775588,0,,1003,6.175243615450356e-13,0
2000437178142_Node0_Node8_Zero,2000.641304,2000.775588,0,,1003,6.175243615450356e-13,0
2000442644108_Node0_Node8_Zero,2000.645217,2000.777508,0,,917,5.2586982e-13,0
2000448104910_Node0_Node8_Zero,2000.645217,2000.777508,0,,917,5.2586982e-13,0
2000453570798_Node0_Node8_Zero,2000.647163,2000.779648,0,,830,5.706336352614005e-13,3.1085982820417e-14
2000459035517_Node0_Node8_Zero,2000.647163,2000.779648,0,,830,5.706336352614005e-13,3.1085982820417e-14
2000464500164_Node0_Node8_Zero,2000.648403,2000.781788,0,,785,6.175409268409473e-13,0
2000469967484_Node0_Node8_Zero,2000.679418,2000.781788,0,,694,6.175409268409473e-13,0
2000475435021_Node0_Node8_Zero,2000.679418,2000.783988,0,,696,5.2586982e-13,0
2000480903959_Node0_Node8_Zero,2000.694598,2000.783988,0,,695,5.2586982e-13,0
2000486368144_Node0_Node8_Zero,2000.694598,2000.785928,0,,697,6.156421080834938e-13,0
2000491829329_Node0_Node8_Zero,2000.761336,2000.785928,0,,111,6.156421080834938e-13,0
2000497294173_Node0_Node8_Zero,2000.761336,2000.787208,0,,113,6.156421080834938e-13,0
2000508222598_Node0_Node8_Zero,2000.830141,2000.832134,0,,1,5.2586982e-13,0
2000502760490_Node0_Node8_Zero,2000.830141,2000.832134,0,,1,5.2586982e-13,0
2000513691204_Node0_Node8_Zero,2000.924393,2000.930284,0,,92,5.2586982e-13,0
2000519160297_Node0_Node8_Zero,2000.924393,2000.930284,0,,92,5.2586982e-13,0
2000524626696_Node0_Node8_Zero,2000.928348,2000.938215,0,,96,5.9144801625e-13,0
2000530087456_Node0_Node8_Zero,2000.928348,2000.938215,0,,96,5.9144801625e-13,0
2000535549365_Node0_Node8_Zero,2000.940068,2000.94204,0,,1,5.2586982e-13,0
2000541014569_Node0_Node8_Zero,2000.940068,2000.94204,0,,1,5.2586982e-13,0
2000546483995_Node0_Node8_Zero,2000.9439,2000.947782,0,,90,5.9144801625e-13,0
2000551945809_Node0_Node8_Zero,2000.9439,2000.947782,0,,90,5.9144801625e-13,0
2000557409721_Node0_Node8_Zero,2000.955411,2000.957584,0,,1,6.960948300419715e-13,0
2000562876160_Node0_Node8_Zero,2000.955411,2000.957584,0,,1,6.960948300419715e-13,0
2000568344208_Node0_Node8_Zero,2000.965893,2000.967906,0,,1,5.2586982e-13,0
2000573813138_Node0_Node8_Zero,2000.965893,2000.967906,0,,1,5.2586982e-13,0
2000584749661_Node0_Node8_Zero,2000.973037,2000.97425,0,,1,5.9144801625e-13,4.19700456e-14
2000579280497_Node0_Node8_Zero,2000.983645,2000.986743,0,,89,6.200801277291977e-13,0
2000590211383_Node0_Node8_Zero,2000.985563,2000.990746,0,,3,6.424532800000001e-13,0
2000595674658_Node0_Node8_Zero,2000.985563,2000.990746,0,,3,6.424532800000001e-13,0
2000601142245_Node0_Node8_Zero,2000.99589,2001.001756,0,,5,6.531148211645389e-13,8.143680074530488e-14
2000606610069_Node0_Node8_Zero,2000.99589,2001.001756,0,,5,6.531148211645389e-13,8.143680074530488e-14
2000612079020_Node0_Node8_Zero,2001.005553,2001.007586,0,,1,6.068647174786347e-13,5.183673438632623e-14
2000617543304_Node0_Node8_Zero,2001.005553,2001.007586,0,,1,6.068647174786347e-13,5.183673438632623e-14
2000623005757_Node0_Node8_Zero,2001.009461,2001.018063,0,,226,5.2586982e-13,0
2000628474251_Node0_Node8_Zero,2001.009461,2001.018063,0,,226,5.2586982e-13,0
2000639397339_Node0_Node8_Zero,2001.015981,2001.021334,0,,96,5.779785088383896e-13,3.6186589471103823e-14
2000633937461_Node0_Node8_Zero,2001.022288,2001.023441,0,,1,5.2586982e-13,0
2000644857755_Node0_Node8_Zero,2001.029235,2001.031268,0,,1,5.765497386600578e-13,3.5194387958373437e-14
2000650326643_Node0_Node8_Zero,2001.029235,2001.031268,0,,1,5.765497386600578e-13,3.5194387958373437e-14
2000655789965_Node0_Node8_Zero,2001.041465,2001.043418,0,,1,5.2586982e-13,4.1623344079549164e-14
2000661258996_Node0_Node8_Zero,2001.041465,2001.043418,0,,1,5.2586982e-13,4.1623344079549164e-14
2000666720284_Node0_Node8_Zero,2001.049339,2001.05507,0,,92,5.68955447010983e-13,3.1654746375416065e-14
2000672181175_Node0_Node8_Zero,2001.049339,2001.05507,0,,92,5.68955447010983e-13,3.1654746375416065e-14
2000677647347_Node0_Node8_Zero,2001.053149,2001.062951,0,,183,5.2586982e-13,0
2000683112645_Node0_Node8_Zero,2001.053149,2001.062951,0,,183,5.2586982e-13,0
2000688573604_Node0_Node8_Zero,2001.060982,2001.066938,0,,92,5.2586982e-13,0
2000694036438_Node0_Node8_Zero,2001.060982,2001.066938,0,,92,5.2586982e-13,0
2000699500605_Node0_Node8_Zero,2001.075593,2001.081427,0,,91,6.731744356913132e-13,0
2000704965159_Node0_Node8_Zero,2001.075593,2001.081427,0,,91,6.731744356913132e-13,0
2000710426525_Node0_Node8_Zero,2001.077544,2001.100025,0,,367,5.610642079583735e-13,2.585710135717232e-14
2000715886970_Node0_Node8_Zero,2001.077544,2001.100025,0,,367,5.610642079583735e-13,2.585710135717232e-14
2000721349762_Node0_Node8_Zero,2001.089738,2001.114456,0,,185,5.9144801625e-13,4.19700456e-14
2000726817691_Node0_Node8_Zero,2001.089738,2001.114456,0,,185,5.9144801625e-13,4.19700456e-14
2000732281730_Node0_Node8_Zero,2001.095593,2001.118465,0,,182,6.196342533918908e-13,0
2000737749752_Node0_Node8_Zero,2001.095593,2001.118465,0,,182,6.196342533918908e-13,0
2000743213554_Node0_Node8_Zero,2001.110618,2001.123064,0,,270,5.2586982e-13,0
2000748681390_Node0_Node8_Zero,2001.110618,2001.123064,0,,270,5.2586982e-13,0
2000754150573_Node0_Node8_Zero,2001.112523,2001.12693,0,,273,5.2586982e-13,0
2000759611212_Node0_Node8_Zero,2001.112523,2001.12693,0,,273,5.2586982e-13,0
2000765078125_Node0_Node8_Zero,2001.133077,2001.140831,0,,93,6.097753369106585e-13,5.826772007684622e-14
2000770543550_Node0_Node8_Zero,2001.133077,2001.140831,0,,93,6.097753369106585e-13,5.826772007684622e-14
2000776004111_Node0_Node8_Zero,2001.13687,2001.142727,0,,6,5.778432547301223e-13,0
2000781468279_Node0_Node8_Zero,2001.13687,2001.142727,0,,6,5.778432547301223e-13,0
2000786937251_Node0_Node8_Zero,2001.144529,2001.153057,0,,227,5.2586982e-13,4.1667360178827986e-14
2000792403102_Node0_Node8_Zero,2001.144529,2001.153057,0,,227,5.2586982e-13,4.1667360178827986e-14
2000803326273_Node0_Node8_Zero,2001.151091,2001.154147,0,,3,5.858708186575124e-13,0
2000797865418_Node0_Node8_Zero,2001.164328,2001.1657,0,,1,5.2586982e-13,0
2000814253035_Node0_Node8_Zero,2001.168703,2001.169935,0,,1,6.557819625e-14,4.19700456e-14
2000808791021_Node0_Node8_Zero,2001.178577,2001.18175,0,,3,5.616220859127854e-13,2.6266970874699414e-14
2000825179097_Node0_Node8_Zero,2001.183605,2001.185537,0,,1,5.2586982e-13,0
2000830645974_Node0_Node8_Zero,2001.183605,2001.185537,0,,1,5.2586982e-13,0
2000836105568_Node0_Node8_Zero,2001.188582,2001.192634,0,,90,3.3531060016144987e-14,6.557819625e-14
2000841568678_Node0_Node8_Zero,2001.188582,2001.192634,0,,90,3.3531060016144987e-14,6.557819625e-14
2000847033264_Node0_Node8_Zero,2001.202094,2001.206096,0,,2,5.9144801625e-13,4.19700456e-14
2000852494538_Node0_Node8_Zero,2001.202094,2001.206096,0,,2,5.9144801625e-13,4.19700456e-14
2000857955507_Node0_Node8_Zero,2001.211596,2001.213809,0,,1,5.2586982e-13,0
2000863417240_Node0_Node8_Zero,2001.211596,2001.213809,0,,1,5.2586982e-13,0
2000868879718_Node0_Node8_Zero,2001.220636,2001.221849,0,,1,5.2586982e-13,0
2000874349135_Node0_Node8_Zero,2001.232333,2001.233426,0,,1,5.2586982e-13,0
2000879815632_Node0_Node8_Zero,2001.235298,2001.239252,0,,48,5.2586982e-13,0
2000885279654_Node0_Node8_Zero,2001.235298,2001.239252,0,,48,5.2586982e-13,0
2000901671387_Node0_Node8_Zero,2001.243296,2001.244429,0,,1,5.2586982e-13,0
2000896204103_Node0_Node8_Zero,2001.252508,2001.255625,0,,90,5.2586982e-13,0
2000907138903_Node0_Node8_Zero,2001.254484,2001.258798,0,,53,5.2586982e-13,0
2000890739613_Node0_Node8_Zero,2001.263155,2001.274791,0,,187,5.2586982e-13,0
2000918067778_Node0_Node8_Zero,2001.265044,2001.288112,0,,506,5.2586982e-13,0
2000912603011_Node0_Node8_Zero,2001.265044,2001.288112,0,,506,5.2586982e-13,0
2000928994499_Node0_Node8_Zero,2001.267976,2001.294397,0,,595,9.667933844812831e-14,6.187477660680211e-14
2000923532048_Node0_Node8_Zero,2001.267976,2001.294397,0,,595,9.667933844812831e-14,6.187477660680211e-14
2000939926432_Node0_Node8_Zero,2001.276695,2001.296348,0,,500,6.966199924956322e-13,0
2000934463292_Node0_Node8_Zero,2001.276695,2001.296348,0,,500,6.966199924956322e-13,0
2000945386793_Node0_Node8_Zero,2001.280433,2001.300165,0,,454,5.2586982e-13,0
2000950856118_Node0_Node8_Zero,2001.280433,2001.300165,0,,454,5.2586982e-13,0
2000956322058_Node0_Node8_Zero,2001.284198,2001.30618,0,,543,5.2586982e-13,3.989879470377501e-14
2000961789361_Node0_Node8_Zero,2001.284198,2001.30618,0,,543,5.2586982e-13,3.989879470377501e-14
2000967253139_Node0_Node8_Zero,2001.286104,2001.308148,0,,456,5.2586982e-13,0
2000978175732_Node0_Node8_Zero,2001.286104,2001.308148,0,,456,5.2586982e-13,0
2000983642260_Node0_Node8_Zero,2001.28998,2001.31428,0,,544,5.332725073022773e-14,3.703281300710259e-14
2000989102376_Node0_Node8_Zero,2001.28998,2001.31428,0,,544,5.332725073022773e-14,3.703281300710259e-14
2000994567030_Node0_Node8_Zero,2001.336187,2001.34204,0,,91,5.2586982e-13,0
2001000027366_Node0_Node8_Zero,2001.336187,2001.34204,0,,91,5.2586982e-13,0
2001005490327_Node0_Node8_Zero,2001.338144,2001.345795,0,,93,5.847522519367304e-13,4.089057773384056e-14
2001010954121_Node0_Node8_Zero,2001.338144,2001.345795,0,,93,5.847522519367304e-13,4.089057773384056e-14
2001016422873_Node0_Node8_Zero,2001.343842,2001.353645,0,,269,6.666473718334937e-13,0
2001021891095_Node0_Node8_Zero,2001.343842,2001.353645,0,,269,6.666473718334937e-13,0
2001027351921_Node0_Node8_Zero,2001.3517,2001.355628,0,,3,6.188554851009062e-13,0
2001032816448_Node0_Node8_Zero,2001.3517,2001.355628,0,,3,6.188554851009062e-13,0
2001038280729_Node0_Node8_Zero,2001.365215,2001.36924,0,,2,5.2586982e-13,0
2001043747095_Node0_Node8_Zero,2001.365215,2001.36924,0,,2,5.2586982e-13,0
2001049207181_Node0_Node8_Zero,2001.371046,2001.375136,0,,90,5.148788066834312e-14,3.575547268634939e-14
2001054670557_Node0_Node8_Zero,2001.371046,2001.375136,0,,90,5.148788066834312e-14,3.575547268634939e-14
2001060131935_Node0_Node8_Zero,2001.381503,2001.385409,0,,2,5.2586982e-13,0
2001065598706_Node0_Node8_Zero,2001.381503,2001.385409,0,,2,5.2586982e-13,0
2001071064392_Node0_Node8_Zero,2001.387224,2001.395118,0,,92,5.2586982e-13,0
2001076532079_Node0_Node8_Zero,2001.387224,2001.395118,0,,92,5.2586982e-13,0
2001087456541_Node0_Node8_Zero,2001.396295,2001.402403,0,,236,5.2586982e-13,0
2001081992112_Node0_Node8_Zero,2001.399413,2001.404744,0,,139,5.678398656000001e-13,0
2001092923796_Node0_Node8_Zero,2001.417635,2001.419588,0,,1,5.2586982e-13,0
2001098387018_Node0_Node8_Zero,2001.417635,2001.419588,0,,1,5.2586982e-13,0
2001103852928_Node0_Node8_Zero,2001.425192,2001.426304,0,,1,5.2586982e-13,0
2001109320458_Node0_Node8_Zero,2001.447636,2001.449809,0,,1,6.424532800000001e-13,0
2001114783256_Node0_Node8_Zero,2001.447636,2001.449809,0,,1,6.424532800000001e-13,0
2001125712915_Node0_Node8_Zero,2001.454442,2001.460998,0,,141,5.2586982e-13,0
2001120249749_Node0_Node8_Zero,2001.46592,2001.468938,0,,89,1.5233016379452033e-13,8.568571713441769e-14
2001131180551_Node0_Node8_Zero,2001.467794,2001.471907,0,,49,5.678398656000001e-13,0
2001136645351_Node0_Node8_Zero,2001.467794,2001.471907,0,,49,5.678398656000001e-13,0
2001142107224_Node0_Node8_Zero,2001.476244,2001.477437,0,,1,6.07583250509864e-14,4.46387694252145e-14
2001147575055_Node0_Node8_Zero,2001.484522,2001.489403,0,,91,5.9144801625e-13,0
2001153037469_Node0_Node8_Zero,2001.488327,2001.494331,0,,137,5.2586982e-13,0
2001158500133_Node0_Node8_Zero,2001.488327,2001.494331,0,,137,5.2586982e-13,0
2001163962383_Node0_Node8_Zero,2001.491276,2001.498124,0,,139,6.854649988151001e-13,0
2001169428502_Node0_Node8_Zero,2001.491276,2001.498124,0,,139,6.854649988151001e-13,0
2001174895480_Node0_Node8_Zero,2001.504128,2001.505441,0,,1,6.06312418303767e-13,0
2001180356506_Node0_Node8_Zero,2001.515298,2001.517431,0,,1,3.5826361365905264e-14,0
2001191285889_Node0_Node8_Zero,2001.515298,2001.517431,0,,1,3.5826361365905264e-14,0
2001185817685_Node0_Node8_Zero,2001.518448,2001.521517,0,,89,5.2586982e-13,0
2001196753257_Node0_Node8_Zero,2001.524962,2001.526334,0,,1,8.043316076611345e-14,5.5856361643134346e-14
2001202213728_Node0_Node8_Zero,2001.560105,2001.561418,0,,1,1.1658346e-13,6.557819625e-14
2001207679274_Node0_Node8_Zero,2001.569744,2001.571957,0,,1,1.1658346e-13,6.557819625e-14
2001213148127_Node0_Node8_Zero,2001.569744,2001.571957,0,,1,1.1658346e-13,6.557819625e-14
2001224069639_Node0_Node8_Zero,2001.590602,2001.592734,0,,1,7.680953784023101e-14,5.3339956833493764e-14
2001218608233_Node0_Node8_Zero,2001.590602,2001.592734,0,,1,7.680953784023101e-14,5.3339956833493764e-14
2001234995352_Node0_Node8_Zero,2001.608702,2001.610855,0,,1,5.2586982e-13,0
2001229531949_Node0_Node8_Zero,2001.608702,2001.610855,0,,1,5.2586982e-13,0
2001245920217_Node0_Node8_Zero,2001.622489,2001.624442,0,,1,6.424532800000001e-13,0
2001240455718_Node0_Node8_Zero,2001.622489,2001.624442,0,,1,6.424532800000001e-13,0
2001251388994_Node0_Node8_Zero,2001.632733,2001.638492,0,,92,3.5194387958373437e-14,2.585710135717232e-14
2001256854403_Node0_Node8_Zero,2001.632733,2001.638492,0,,92,3.5194387958373437e-14,2.585710135717232e-14
2001262318123_Node0_Node8_Zero,2001.634743,2001.6445,0,,184,5.2586982e-13,2.6352029430576902e-14
2001267786464_Node0_Node8_Zero,2001.634743,2001.6445,0,,184,5.2586982e-13,2.6352029430576902e-14
2001278717466_Node0_Node8_Zero,2001.642353,2001.648618,0,,93,5.2586982e-13,0
2001273249852_Node0_Node8_Zero,2001.642353,2001.648618,0,,93,5.2586982e-13,0
2001289648907_Node0_Node8_Zero,2001.653154,2001.654506,0,,1,5.2586982e-13,0
2001284183961_Node0_Node8_Zero,2001.658644,2001.66167,0,,50,6.424532800000001e-13,0
2001295110547_Node0_Node8_Zero,2001.670362,2001.672275,0,,1,3.6010841130919844e-14,2.6456944504349274e-14
2001300576658_Node0_Node8_Zero,2001.670362,2001.672275,0,,1,3.6010841130919844e-14,2.6456944504349274e-14
2001311504568_Node0_Node8_Zero,2001.685145,2001.687078,0,,1,6.666473718334937e-13,2.4521153083540616e-14
2001306041595_Node0_Node8_Zero,2001.685145,2001.687078,0,,1,6.666473718334937e-13,2.4521153083540616e-14
2001322431594_Node0_Node8_Zero,2001.691593,2001.693646,0,,1,5.2586982e-13,0
2001316968130_Node0_Node8_Zero,2001.691593,2001.693646,0,,1,5.2586982e-13,0
2001333358767_Node0_Node8_Zero,2001.69548,2001.701338,0,,92,1.4077755183349375e-13,7.918737290634024e-14
2001327898468_Node0_Node8_Zero,2001.69548,2001.701338,0,,92,1.4077755183349375e-13,7.918737290634024e-14
2001338821723_Node0_Node8_Zero,2001.70527,2001.707443,0,,1,6.991973405657324e-13,0
2001344281370_Node0_Node8_Zero,2001.70527,2001.707443,0,,1,6.991973405657324e-13,0
2001349743776_Node0_Node8_Zero,2001.753035,2001.754288,0,,1,5.9144801625e-13,0
2001355208078_Node0_Node8_Zero,2001.761068,2001.763201,0,,1,6.923631963181967e-13,0
2001360669655_Node0_Node8_Zero,2001.761068,2001.763201,0,,1,6.923631963181967e-13,0
2001366138881_Node0_Node8_Zero,2001.777424,2001.779516,0,,1,6.767589463540029e-13,0
2001371600508_Node0_Node8_Zero,2001.777424,2001.779516,0,,1,6.767589463540029e-13,0
2001377065459_Node0_Node8_Zero,2001.78555,2001.787743,0,,1,6.424532800000001e-13,0
2001382533802_Node0_Node8_Zero,2001.78555,2001.787743,0,,1,6.424532800000001e-13,0
2001387998596_Node0_Node8_Zero,2001.813605,2001.815637,0,,1,5.2586982e-13,4.134343123437773e-14
2001393459677_Node0_Node8_Zero,2001.813605,2001.815637,0,,1,5.2586982e-13,4.134343123437773e-14
2001398924523_Node0_Node8_Zero,2001.825539,2001.827671,0,,1,5.9144801625e-13,4.19700456e-14
2001404390476_Node0_Node8_Zero,2001.825539,2001.827671,0,,1,5.9144801625e-13,4.19700456e-14
2001409851320_Node0_Node8_Zero,2001.841567,2001.843499,0,,1,1.1658346e-13,6.557819625e-14
2001415312079_Node0_Node8_Zero,2001.841567,2001.843499,0,,1,1.1658346e-13,6.557819625e-14
2001426239351_Node0_Node8_Zero,2001.848721,2001.851759,0,,47,3.6192587990504945e-14,2.659047280935057e-14
2001420778231_Node0_Node8_Zero,2001.848721,2001.851759,0,,47,3.6192587990504945e-14,2.659047280935057e-14
2001442635830_Node0_Node8_Zero,2001.849844,2001.853945,0,,50,5.2586982e-13,0
2001431699612_Node0_Node8_Zero,2001.870811,2001.874677,0,,3,5.2586982e-13,0
2001437168812_Node0_Node8_Zero,2001.870811,2001.874677,0,,3,5.2586982e-13,0
2001448102116_Node0_Node8_Zero,2001.876686,2001.893776,0,,406,5.842998e-14,0
2001464495017_Node0_Node8_Zero,2001.876686,2001.893776,0,,406,5.842998e-14,0
2001453568456_Node0_Node8_Zero,2001.880505,2001.896751,0,,231,2.9145865e-14,0
2001459032265_Node0_Node8_Zero,2001.880505,2001.896751,0,,231,2.9145865e-14,0
2001475425009_Node0_Node8_Zero,2001.882423,2001.898747,0,,144,5.2586982e-13,0
2001480890530_Node0_Node8_Zero,2001.882423,2001.898747,0,,144,5.2586982e-13,0
2001491818336_Node0_Node8_Zero,2001.891814,2001.899847,0,,7,5.2586982e-13,0
2001486350282_Node0_Node8_Zero,2001.910251,2001.911443,0,,1,5.2586982e-13,0
2001497282543_Node0_Node8_Zero,2001.915107,2001.916279,0,,1,5.2586982e-13,5.872128024135171e-14
2001502744125_Node0_Node8_Zero,2001.919861,2001.922969,0,,2,5.2586982e-13,0
2001513676188_Node0_Node8_Zero,2001.926639,2001.928592,0,,1,5.950936914812696e-14,4.1325950797310384e-14
2001508212964_Node0_Node8_Zero,2001.926639,2001.928592,0,,1,5.950936914812696e-14,4.1325950797310384e-14
2001524606631_Node0_Node8_Zero,2001.935478,2001.937671,0,,1,5.2586982e-13,0
2001519143625_Node0_Node8_Zero,2001.935478,2001.937671,0,,1,5.2586982e-13,0
2001535536016_Node0_Node8_Zero,2001.942456,2001.943569,0,,1,5.2586982e-13,0
2001530074251_Node0_Node8_Zero,2001.947033,2001.948126,0,,1,6.035737526276063e-13,0
2001546465857_Node0_Node8_Zero,2001.966301,2001.968313,0,,1,6.424532800000001e-13,6.557819625e-14
2001541001487_Node0_Node8_Zero,2001.966301,2001.968313,0,,1,6.424532800000001e-13,6.557819625e-14
2001557399252_Node0_Node8_Zero,2001.976355,2001.977667,0,,1,5.2586982e-13,0
2001551933976_Node0_Node8_Zero,2001.992308,2001.994281,0,,1,6.911776690682777e-13,0
2001562861262_Node0_Node8_Zero,2001.992308,2001.994281,0,,1,6.911776690682777e-13,0
2001568325108_Node0_Node8_Zero,2002.010974,2002.013047,0,,1,6.424532800000001e-13,0
2001579255667_Node0_Node8_Zero,2002.010974,2002.013047,0,,1,6.424532800000001e-13,0
2001584722277_Node0_Node8_Zero,2002.016997,2002.025772,0,,148,6.531148211645389e-13,0
2001573788569_Node0_Node8_Zero,2002.024618,2002.029974,0,,4,9.298566510090618e-14,5.951082566457996e-14
2001590184562_Node0_Node8_Zero,2002.027901,2002.029974,0,,1,9.298566510090618e-14,5.951082566457996e-14
2001595647005_Node0_Node8_Zero,2002.027901,2002.033125,0,,92,6.911776690682777e-13,0
2001601115411_Node0_Node8_Zero,2002.056349,2002.058401,0,,1,5.9144801625e-13,0
2001606582824_Node0_Node8_Zero,2002.056349,2002.058401,0,,1,5.9144801625e-13,0
2001612051254_Node0_Node8_Zero,2002.069453,2002.073498,0,,3,5.2586982e-13,0
2001617512375_Node0_Node8_Zero,2002.069453,2002.073498,0,,3,5.2586982e-13,0
2001622977053_Node0_Node8_Zero,2002.075315,2002.077288,0,,1,6.716682734232006e-13,8.201163005055036e-14
2001633907698_Node0_Node8_Zero,2002.075315,2002.077288,0,,1,6.716682734232006e-13,8.201163005055036e-14
2001628444606_Node0_Node8_Zero,2002.116971,2002.118884,0,,1,6.424532800000001e-13,0
2001639367390_Node0_Node8_Zero,2002.116971,2002.118884,0,,1,6.424532800000001e-13,0
2001650299087_Node0_Node8_Zero,2002.131359,2002.153887,0,,457,5.2586982e-13,0
2001644835902_Node0_Node8_Zero,2002.131359,2002.153887,0,,457,5.2586982e-13,0
2001655759573_Node0_Node8_Zero,2002.140751,2002.165309,0,,279,5.2586982e-13,0
2001666693191_Node0_Node8_Zero,2002.140751,2002.165309,0,,279,5.2586982e-13,0
2001661228883_Node0_Node8_Zero,2002.144696,2002.171298,0,,370,6.557819625e-14,4.19700456e-14
2001672157499_Node0_Node8_Zero,2002.144696,2002.171298,0,,370,6.557819625e-14,4.19700456e-14
2001688553143_Node0_Node8_Zero,2002.145764,2002.175458,0,,417,5.2586982e-13,0
2001677625421_Node0_Node8_Zero,2002.149962,2002.175458,0,,367,5.2586982e-13,0
2001683090155_Node0_Node8_Zero,2002.151884,2002.177388,0,,281,5.58886739693359e-13,2.4257328754304573e-14
2001699480019_Node0_Node8_Zero,2002.151884,2002.177388,0,,281,5.58886739693359e-13,2.4257328754304573e-14
2001694014392_Node0_Node8_Zero,2002.161465,2002.179428,0,,280,6.156421080834938e-13,0
2001704946789_Node0_Node8_Zero,2002.161465,2002.179428,0,,280,6.156421080834938e-13,0
2001710411962_Node0_Node8_Zero,2002.169157,2002.187454,0,,370,1.439909288509062e-13,8.099489747863473e-14
2001715880736_Node0_Node8_Zero,2002.169157,2002.187454,0,,370,1.439909288509062e-13,8.099489747863473e-14
2001721342754_Node0_Node8_Zero,2002.204833,2002.20891,0,,90,6.424532800000001e-13,0
2001726803853_Node0_Node8_Zero,2002.204833,2002.20891,0,,90,6.424532800000001e-13,0
2001732264958_Node0_Node8_Zero,2002.206763,2002.210888,0,,4,5.84934583451606e-13,4.1017196841393045e-14
2001737724947_Node0_Node8_Zero,2002.206763,2002.210888,0,,4,5.84934583451606e-13,4.1017196841393045e-14
2001743184698_Node0_Node8_Zero,2002.212759,2002.214771,0,,1,9.432619736708073e-14,0
2001759586211_Node0_Node8_Zero,2002.212759,2002.214771,0,,1,9.432619736708073e-14,0
2001748652460_Node0_Node8_Zero,2002.218612,2002.226151,0,,266,4.828389219443604e-14,3.3530480690580586e-14
2001770511268_Node0_Node8_Zero,2002.218612,2002.226151,0,,266,4.828389219443604e-14,3.3530480690580586e-14
2001765045929_Node0_Node8_Zero,2002.220524,2002.229272,0,,227,5.782136762910557e-13,3.634990020212201e-14
2001781443805_Node0_Node8_Zero,2002.220524,2002.229272,0,,227,5.782136762910557e-13,3.634990020212201e-14
2001775980173_Node0_Node8_Zero,2002.224232,2002.235206,0,,230,5.2586982e-13,0
2001786910268_Node0_Node8_Zero,2002.224232,2002.235206,0,,230,5.2586982e-13,0
2001792370567_Node0_Node8_Zero,2002.227185,2002.238232,0,,273,2.10347928e-14,0
2001803297367_Node0_Node8_Zero,2002.251594,2002.252967,0,,1,5.2586982e-13,0
2001797835543_Node0_Node8_Zero,2002.264097,2002.268142,0,,2,5.678398656000001e-13,0
2001808757440_Node0_Node8_Zero,2002.264097,2002.268142,0,,2,5.678398656000001e-13,0
2001819685244_Node0_Node8_Zero,2002.270087,2002.274015,0,,90,5.183673438632623e-14,3.599773221272655e-14
2001814222312_Node0_Node8_Zero,2002.270087,2002.274015,0,,90,5.183673438632623e-14,3.599773221272655e-14
2001825150619_Node0_Node8_Zero,2002.281003,2002.282955,0,,1,4.19700456e-14,2.9145865e-14
2001830610273_Node0_Node8_Zero,2002.281003,2002.282955,0,,1,4.19700456e-14,2.9145865e-14
2001836075522_Node0_Node8_Zero,2002.288897,2002.29099,0,,1,7.918737290634024e-14,0
2001841539014_Node0_Node8_Zero,2002.288897,2002.29099,0,,1,7.918737290634024e-14,0
2001847006093_Node0_Node8_Zero,2002.306523,2002.308516,0,,1,6.557819625e-14,4.19700456e-14
2001852467181_Node0_Node8_Zero,2002.306523,2002.308516,0,,1,6.557819625e-14,4.19700456e-14
2001857931627_Node0_Node8_Zero,2002.324744,2002.326817,0,,1,1.1658346e-13,6.557819625e-14
2001863395814_Node0_Node8_Zero,2002.324744,2002.326817,0,,1,1.1658346e-13,6.557819625e-14
2001868863142_Node0_Node8_Zero,2002.340647,2002.34278,0,,1,1.5214093162484224e-13,1.1489267422950235e-13
2001874331249_Node0_Node8_Zero,2002.340647,2002.34278,0,,1,1.5214093162484224e-13,1.1489267422950235e-13
2001885260104_Node0_Node8_Zero,2002.347323,2002.349626,0,,1,6.755734191040838e-13,0
2001879797720_Node0_Node8_Zero,2002.352975,2002.358015,0,,92,5.2586982e-13,0
2001890729154_Node0_Node8_Zero,2002.356719,2002.360028,0,,4,5.2586982e-13,0
2001896192054_Node0_Node8_Zero,2002.356719,2002.360028,0,,4,5.2586982e-13,0
2001901660291_Node0_Node8_Zero,2002.370358,2002.374284,0,,2,5.2586982e-13,0
2001907121987_Node0_Node8_Zero,2002.370358,2002.374284,0,,2,5.2586982e-13,0
2001912588748_Node0_Node8_Zero,2002.378909,2002.380981,0,,1,5.2586982e-13,0
2001918051737_Node0_Node8_Zero,2002.378909,2002.380981,0,,1,5.2586982e-13,0
2001923517971_Node0_Node8_Zero,2002.38278,2002.384693,0,,1,3.5826361365905264e-14,2.632140835046101e-14
2001928982421_Node0_Node8_Zero,2002.38278,2002.384693,0,,1,3.5826361365905264e-14,2.632140835046101e-14
2001945381472_Node0_Node8_Zero,2002.393777,2002.395749,0,,1,5.2586982e-13,0
2001934446624_Node0_Node8_Zero,2002.393777,2002.395749,0,,1,5.2586982e-13,0
2001939914052_Node0_Node8_Zero,2002.39682,2002.40001,0,,89,5.83324084373436e-13,0
2001950844377_Node0_Node8_Zero,2002.407682,2002.409654,0,,1,5.132803989258255e-14,3.5644472147626776e-14
2001956309966_Node0_Node8_Zero,2002.407682,2002.409654,0,,1,5.132803989258255e-14,3.5644472147626776e-14
2001961778837_Node0_Node8_Zero,2002.413851,2002.415163,0,,1,5.2586982e-13,0
2001967243339_Node0_Node8_Zero,2002.4259,2002.427053,0,,1,6.557819625e-14,4.19700456e-14
2001978172439_Node0_Node8_Zero,2002.430655,2002.431887,0,,1,5.2586982e-13,0
2001972712061_Node0_Node8_Zero,2002.434867,2002.43616,0,,1,5.2586982e-13,0
2001983635267_Node0_Node8_Zero,2002.439617,2002.440969,0,,1,5.2586982e-13,0
2001994559892_Node0_Node8_Zero,2002.448541,2002.451487,0,,2,5.2586982e-13,0
2002005480896_Node0_Node8_Zero,2002.448541,2002.451487,0,,2,5.2586982e-13,0
2002000021404_Node0_Node8_Zero,2002.45258,2002.455569,0,,89,5.2586982e-13,0
2002016405997_Node0_Node8_Zero,2002.459392,2002.460644,0,,1,5.2586982e-13,0
2002010944566_Node0_Node8_Zero,2002.471045,2002.473038,0,,1,5.2586982e-13,4.1541453837144547e-14
2002021874502_Node0_Node8_Zero,2002.471045,2002.473038,0,,1,5.2586982e-13,4.1541453837144547e-14
2002027338672_Node0_Node8_Zero,2002.479702,2002.480915,0,,1,5.2586982e-13,0
2002032805835_Node0_Node8_Zero,2002.500273,2002.502246,0,,1,5.2586982e-13,0
2002038273873_Node0_Node8_Zero,2002.500273,2002.502246,0,,1,5.2586982e-13,0
2002049208238_Node0_Node8_Zero,2002.516033,2002.518186,0,,1,5.2586982e-13,0
2002043741245_Node0_Node8_Zero,2002.516033,2002.518186,0,,1,5.2586982e-13,0
2002054673956_Node0_Node8_Zero,2002.529882,2002.532055,0,,1,1.1658346e-13,6.557819625e-14
2002060139788_Node0_Node8_Zero,2002.529882,2002.532055,0,,1,1.1658346e-13,6.557819625e-14
2002071069136_Node0_Node8_Zero,2002.538239,2002.539451,0,,1,6.571817514522014e-13,0
2002065604673_Node0_Node8_Zero,2002.550545,2002.552618,0,,1,5.2586982e-13,0
2002076533608_Node0_Node8_Zero,2002.550545,2002.552618,0,,1,5.2586982e-13,0
2002081997011_Node0_Node8_Zero,2002.563824,2002.565977,0,,1,5.2586982e-13,2.585710135717232e-14
2002092931913_Node0_Node8_Zero,2002.563824,2002.565977,0,,1,5.2586982e-13,2.585710135717232e-14
2002087463446_Node0_Node8_Zero,2002.567801,2002.57169,0,,90,5.2586982e-13,0
2002098392074_Node0_Node8_Zero,2002.567801,2002.57169,0,,90,5.2586982e-13,0
2002103854881_Node0_Node8_Zero,2002.574622,2002.575995,0,,1,3.1995934959920005e-14,2.350721752157388e-14
2002109318420_Node0_Node8_Zero,2002.596632,2002.598645,0,,1,5.55015685e-13,0
2002114784768_Node0_Node8_Zero,2002.596632,2002.598645,0,,1,5.55015685e-13,0
2002120248013_Node0_Node8_Zero,2002.606294,2002.608387,0,,1,6.424532800000001e-13,0
2002125711687_Node0_Node8_Zero,2002.606294,2002.608387,0,,1,6.424532800000001e-13,0
2002136642075_Node0_Node8_Zero,2002.61265,2002.613743,0,,1,5.2586982e-13,0
2002131173465_Node0_Node8_Zero,2002.618101,2002.619173,0,,1,5.2586982e-13,0
2002147569222_Node0_Node8_Zero,2002.626392,2002.628445,0,,1,5.842998e-13,0
2002142105648_Node0_Node8_Zero,2002.626392,2002.628445,0,,1,5.842998e-13,0
2002158499085_Node0_Node8_Zero,2002.68131,2002.683502,0,,1,6.424532800000001e-13,0
2002153029976_Node0_Node8_Zero,2002.68131,2002.683502,0,,1,6.424532800000001e-13,0
2002163961793_Node0_Node8_Zero,2002.700652,2002.702825,0,,1,5.8538064566458e-13,0
2002169427967_Node0_Node8_Zero,2002.700652,2002.702825,0,,1,5.8538064566458e-13,0
2002174889066_Node0_Node8_Zero,2002.711064,2002.713077,0,,1,1.1658346e-13,6.557819625e-14
2002180349001_Node0_Node8_Zero,2002.711064,2002.713077,0,,1,1.1658346e-13,6.557819625e-14
2002191274132_Node0_Node8_Zero,2002.717232,2002.72806,0,,102,5.2586982e-13,0
2002185812818_Node0_Node8_Zero,2002.724117,2002.742484,0,,6,6.424532800000001e-13,0
2002196739479_Node0_Node8_Zero,2002.740452,2002.742484,0,,1,6.424532800000001e-13,0
2002202201366_Node0_Node8_Zero,2002.740452,2002.747158,0,,94,5.2586982e-13,6.042438854426517e-14
2002213127983_Node0_Node8_Zero,2002.748228,2002.74938,0,,1,5.2586982e-13,0
2002207666906_Node0_Node8_Zero,2002.761459,2002.762532,0,,1,5.2586982e-13,0
2002224055324_Node0_Node8_Zero,2002.765555,2002.767588,0,,1,5.865374613908484e-13,4.2130306521422507e-14
2002218587713_Node0_Node8_Zero,2002.765555,2002.767588,0,,1,5.865374613908484e-13,4.2130306521422507e-14
2002234985380_Node0_Node8_Zero,2002.772722,2002.774848,0,,50,6.854649988151001e-13,0
2002229523200_Node0_Node8_Zero,2002.778895,2002.780268,0,,1,5.2586982e-13,0
2002245914314_Node0_Node8_Zero,2002.783458,2002.785431,0,,1,5.777065543863262e-13,3.599773221272655e-14
2002240451574_Node0_Node8_Zero,2002.783458,2002.785431,0,,1,5.777065543863262e-13,3.599773221272655e-14
2002251378636_Node0_Node8_Zero,2002.796763,2002.800597,0,,3,6.666473718334937e-13,1.0592010231780021e-13
2002256847639_Node0_Node8_Zero,2002.796763,2002.800597,0,,3,6.666473718334937e-13,1.0592010231780021e-13
2002262313242_Node0_Node8_Zero,2002.806519,2002.808472,0,,1,3.3016919693359006e-14,2.4257328754304573e-14
2002267782558_Node0_Node8_Zero,2002.806519,2002.808472,0,,1,3.3016919693359006e-14,2.4257328754304573e-14
2002273245121_Node0_Node8_Zero,2002.826133,2002.828165,0,,1,5.2586982e-13,0
2002278707229_Node0_Node8_Zero,2002.826133,2002.828165,0,,1,5.2586982e-13,0
2002284170335_Node0_Node8_Zero,2002.833808,2002.835761,0,,1,6.698607488509062e-13,0
2002289630420_Node0_Node8_Zero,2002.833808,2002.835761,0,,1,6.698607488509062e-13,0
2002295093289_Node0_Node8_Zero,2002.846934,2002.850839,0,,3,5.2586982e-13,3.0952878260636945e-14
2002300559682_Node0_Node8_Zero,2002.846934,2002.850839,0,,3,5.2586982e-13,3.0952878260636945e-14
2002306024942_Node0_Node8_Zero,2002.854745,2002.867649,0,,183,5.680001265214225e-13,3.0952878260636945e-14
2002311489917_Node0_Node8_Zero,2002.854745,2002.867649,0,,183,5.680001265214225e-13,3.0952878260636945e-14
2002322418420_Node0_Node8_Zero,2002.860852,2002.875478,0,,6,5.2586982e-13,0
2002316954768_Node0_Node8_Zero,2002.860852,2002.875478,0,,6,5.2586982e-13,0
2002327886851_Node0_Node8_Zero,2002.873525,2002.877338,0,,3,5.2586982e-13,4.262279200251859e-14
2002333353185_Node0_Node8_Zero,2002.873525,2002.877338,0,,3,5.2586982e-13,4.262279200251859e-14
2002344275152_Node0_Node8_Zero,2002.885468,2002.899944,0,,274,5.9144801625e-13,0
2002338814368_Node0_Node8_Zero,2002.885468,2002.899944,0,,274,5.9144801625e-13,0
2002355208189_Node0_Node8_Zero,2002.893773,2002.91499,0,,186,3.989879470377501e-14,0
2002349742426_Node0_Node8_Zero,2002.893773,2002.91499,0,,186,3.989879470377501e-14,0
2002360668875_Node0_Node8_Zero,2002.897939,2002.917087,0,,97,6.080716444212914e-13,0
2002366135507_Node0_Node8_Zero,2002.897939,2002.917087,0,,97,6.080716444212914e-13,0
2002371598806_Node0_Node8_Zero,2002.904994,2002.921084,0,,185,6.206630096732007e-13,0
2002377063995_Node0_Node8_Zero,2002.904994,2002.921084,0,,185,6.206630096732007e-13,0
2002382526078_Node0_Node8_Zero,2002.922899,2002.924972,0,,1,6.206630096732007e-13,6.066764139084842e-14
2002387987243_Node0_Node8_Zero,2002.922899,2002.924972,0,,1,6.206630096732007e-13,6.066764139084842e-14
2002393453853_Node0_Node8_Zero,2002.944439,2002.946392,0,,1,3.989879470377501e-14,2.931340019052858e-14
2002398915025_Node0_Node8_Zero,2002.944439,2002.946392,0,,1,3.989879470377501e-14,2.931340019052858e-14
2002404375965_Node0_Node8_Zero,2002.948245,2002.950258,0,,1,1.1658346e-13,6.557819625e-14
2002409844038_Node0_Node8_Zero,2002.948245,2002.950258,0,,1,1.1658346e-13,6.557819625e-14
2002420776009_Node0_Node8_Zero,2002.958537,2002.964402,0,,91,5.2586982e-13,0
2002415308374_Node0_Node8_Zero,2002.958537,2002.964402,0,,91,5.2586982e-13,0
2002431710013_Node0_Node8_Zero,2002.962289,2002.966427,0,,4,6.911776690682777e-13,0
2002426243725_Node0_Node8_Zero,2002.962289,2002.966427,0,,4,6.911776690682777e-13,0
2002437175050_Node0_Node8_Zero,2002.974874,2002.976047,0,,1,5.2586982e-13,0
2002442635672_Node0_Node8_Zero,2002.979094,2002.980346,0,,1,5.9144801625e-13,0
2002453565514_Node0_Node8_Zero,2003.007332,2003.009285,0,,1,5.2586982e-13,0
2002448098936_Node0_Node8_Zero,2003.007332,2003.009285,0,,1,5.2586982e-13,0
2002464491742_Node0_Node8_Zero,2003.014835,2003.016748,0,,1,5.83324084373436e-13,3.989879470377501e-14
2002459027637_Node0_Node8_Zero,2003.014835,2003.016748,0,,1,5.83324084373436e-13,3.989879470377501e-14
2002469957932_Node0_Node8_Zero,2003.024452,2003.026644,0,,1,6.894549346584846e-13,0
2002475425276_Node0_Node8_Zero,2003.024452,2003.026644,0,,1,6.894549346584846e-13,0
2002486357106_Node0_Node8_Zero,2003.034659,2003.036031,0,,1,6.557819625e-14,0
2002480890083_Node0_Node8_Zero,2003.051467,2003.05276,0,,1,6.557819625e-14,4.19700456e-14
2002491822620_Node0_Node8_Zero,2003.059216,2003.061189,0,,1,5.2586982e-13,0
2002497290034_Node0_Node8_Zero,2003.059216,2003.061189,0,,1,5.2586982e-13,0
2002502754838_Node0_Node8_Zero,2003.082129,2003.084222,0,,1,6.424532800000001e-13,0
2002508222852_Node0_Node8_Zero,2003.082129,2003.084222,0,,1,6.424532800000001e-13,0
2002513684625_Node0_Node8_Zero,2003.088069,2003.093942,0,,90,6.424532800000001e-13,0
2002519147405_Node0_Node8_Zero,2003.088069,2003.093942,0,,90,6.424532800000001e-13,0
2002530073399_Node0_Node8_Zero,2003.091986,2003.097864,0,,91,6.424532800000001e-13,6.557819625e-14
2002524607056_Node0_Node8_Zero,2003.091986,2003.097864,0,,91,6.424532800000001e-13,6.557819625e-14
2002541006074_Node0_Node8_Zero,2003.107911,2003.109164,0,,1,6.424532800000001e-13,0
2002535539797_Node0_Node8_Zero,2003.113859,2003.116996,0,,89,1.1658346e-13,6.557819625e-14
2002551934906_Node0_Node8_Zero,2003.115884,2003.118907,0,,3,6.424532800000001e-13,0
2002546466270_Node0_Node8_Zero,2003.115884,2003.118907,0,,3,6.424532800000001e-13,0
2002562866088_Node0_Node8_Zero,2003.124275,2003.127954,0,,50,5.2586982e-13,0
2002557400598_Node0_Node8_Zero,2003.137875,2003.138948,0,,1,6.666473718334937e-13,7.918737290634024e-14
2002573788770_Node0_Node8_Zero,2003.144779,2003.146954,0,,50,1.7173495606746672e-13,1.0179009944504362e-13
2002568327237_Node0_Node8_Zero,2003.150897,2003.159948,0,,147,6.767992093998257e-13,0
2002579252392_Node0_Node8_Zero,2003.152044,2003.161168,0,,103,6.767992093998257e-13,0
2002584719211_Node0_Node8_Zero,2003.163536,2003.164768,0,,1,5.83324084373436e-13,3.989879470377501e-14
2002590181156_Node0_Node8_Zero,2003.168331,2003.169643,0,,1,5.678398656000001e-13,0
2002595644785_Node0_Node8_Zero,2003.172078,2003.174589,0,,48,6.894549346584846e-13,0
2002601105720_Node0_Node8_Zero,2003.184271,2003.186343,0,,1,6.424532800000001e-13,0
2002606573780_Node0_Node8_Zero,2003.184271,2003.186343,0,,1,6.424532800000001e-13,0
2002617502781_Node0_Node8_Zero,2003.191016,2003.192988,0,,1,6.424532800000001e-13,0
2002612037258_Node0_Node8_Zero,2003.191016,2003.192988,0,,1,6.424532800000001e-13,0
2002628432754_Node0_Node8_Zero,2003.199308,2003.20058,0,,1,6.424532800000001e-13,0
2002622964140_Node0_Node8_Zero,2003.203349,2003.20641,0,,92,6.424532800000001e-13,0
2002639366373_Node0_Node8_Zero,2003.214232,2003.216165,0,,1,6.424532800000001e-13,6.557819625e-14
2002633897714_Node0_Node8_Zero,2003.214232,2003.216165,0,,1,6.424532800000001e-13,6.557819625e-14
2002650299283_Node0_Node8_Zero,2003.221283,2003.223316,0,,1,1.1658346e-13,0
2002644833844_Node0_Node8_Zero,2003.221283,2003.223316,0,,1,1.1658346e-13,0
2002661224443_Node0_Node8_Zero,2003.228577,2003.231754,0,,47,5.83324084373436e-13,3.989879470377501e-14
2002655759447_Node0_Node8_Zero,2003.228577,2003.231754,0,,47,5.83324084373436e-13,3.989879470377501e-14
2002666690992_Node0_Node8_Zero,2003.229704,2003.23591,0,,139,5.2586982e-13,0
2002672157684_Node0_Node8_Zero,2003.234797,2003.238044,0,,51,5.2586982e-13,0
2002683084665_Node0_Node8_Zero,2003.250435,2003.258187,0,,178,5.2586982e-13,0
2002677618152_Node0_Node8_Zero,2003.250435,2003.258187,0,,178,5.2586982e-13,0
2002688552145_Node0_Node8_Zero,2003.254321,2003.261968,0,,5,5.86238728405389e-13,0
2002694016749_Node0_Node8_Zero,2003.254321,2003.261968,0,,5,5.86238728405389e-13,0
2002704950348_Node0_Node8_Zero,2003.260035,2003.263868,0,,2,5.2586982e-13,0
2002699485998_Node0_Node8_Zero,2003.260035,2003.263868,0,,2,5.2586982e-13,0
2002715882414_Node0_Node8_Zero,2003.274764,2003.277942,0,,47,5.2586982e-13,0
2002710418756_Node0_Node8_Zero,2003.274764,2003.277942,0,,47,5.2586982e-13,0
2002726809311_Node0_Node8_Zero,2003.275864,2003.279168,0,,3,5.850486337492101e-13,0
2002721345417_Node0_Node8_Zero,2003.411974,2003.413126,0,,1,5.9144801625e-13,0
2002732269281_Node0_Node8_Zero,2003.418492,2003.420504,0,,1,5.8538064566458e-13,0
2002737735926_Node0_Node8_Zero,2003.418492,2003.420504,0,,1,5.8538064566458e-13,0
2002748666597_Node0_Node8_Zero,2003.428728,2003.430801,0,,1,6.666473718334937e-13,0
2002754126343_Node0_Node8_Zero,2003.428728,2003.430801,0,,1,6.666473718334937e-13,0
2002759590712_Node0_Node8_Zero,2003.468106,2003.470298,0,,1,5.2586982e-13,0
2002765051120_Node0_Node8_Zero,2003.468106,2003.470298,0,,1,5.2586982e-13,0
2002781451013_Node0_Node8_Zero,2003.475987,2003.477259,0,,1,8.005942501713844e-14,5.12380320109686e-14
2002770518892_Node0_Node8_Zero,2003.484964,2003.486217,0,,1,6.557819625e-14,4.19700456e-14
2002775984808_Node0_Node8_Zero,2003.502088,2003.50428,0,,1,6.424532800000001e-13,0
2002786916105_Node0_Node8_Zero,2003.502088,2003.50428,0,,1,6.424532800000001e-13,0
2002792376070_Node0_Node8_Zero,2003.519544,2003.521476,0,,1,1.1658346e-13,6.557819625e-14
2002797844754_Node0_Node8_Zero,2003.519544,2003.521476,0,,1,1.1658346e-13,6.557819625e-14
2002803307375_Node0_Node8_Zero,2003.527628,2003.529741,0,,1,5.2586982e-13,0
2002808771313_Node0_Node8_Zero,2003.527628,2003.529741,0,,1,5.2586982e-13,0
2002819698233_Node0_Node8_Zero,2003.535319,2003.537531,0,,1,5.2586982e-13,0
2002814235862_Node0_Node8_Zero,2003.535319,2003.537531,0,,1,5.2586982e-13,0
2002830629727_Node0_Node8_Zero,2003.541368,2003.543301,0,,1,6.640101446713001e-13,0
2002825161674_Node0_Node8_Zero,2003.541368,2003.543301,0,,1,6.640101446713001e-13,0
2002841560874_Node0_Node8_Zero,2003.551788,2003.55288,0,,1,5.2586982e-13,0
2002836097226_Node0_Node8_Zero,2003.554873,2003.557842,0,,48,6.640101446713001e-13,0
2002847028187_Node0_Node8_Zero,2003.554873,2003.557842,0,,48,6.640101446713001e-13,0
2002852491299_Node0_Node8_Zero,2003.56178,2003.563693,0,,1,5.9144801625e-13,0
2002857954712_Node0_Node8_Zero,2003.56178,2003.563693,0,,1,5.9144801625e-13,0
2002863418854_Node0_Node8_Zero,2003.564865,2003.567886,0,,90,5.2586982e-13,0
2002879812231_Node0_Node8_Zero,2003.589023,2003.590956,0,,1,1.8210451410056316e-13,0
2002874344819_Node0_Node8_Zero,2003.589023,2003.590956,0,,1,1.8210451410056316e-13,0
2002890743806_Node0_Node8_Zero,2003.598917,2003.600889,0,,1,5.2586982e-13,0
2002885275614_Node0_Node8_Zero,2003.598917,2003.600889,0,,1,5.2586982e-13,0
2002901673818_Node0_Node8_Zero,2003.612768,2003.61392,0,,1,6.767589463540029e-13,0
2002896205287_Node0_Node8_Zero,2003.616621,2003.617813,0,,1,5.83324084373436e-13,0
2002912611664_Node0_Node8_Zero,2003.628777,2003.63095,0,,1,5.2586982e-13,0
2002907143188_Node0_Node8_Zero,2003.628777,2003.63095,0,,1,5.2586982e-13,0
2002918079448_Node0_Node8_Zero,2003.638949,2003.640902,0,,1,6.840019448408974e-13,0
2002923539740_Node0_Node8_Zero,2003.638949,2003.640902,0,,1,6.840019448408974e-13,0
2002929002176_Node0_Node8_Zero,2003.647591,2003.649804,0,,1,5.2586982e-13,0
2002934470373_Node0_Node8_Zero,2003.647591,2003.649804,0,,1,5.2586982e-13,0
2002945400450_Node0_Node8_Zero,2003.650898,2003.653968,0,,90,6.769429824919221e-13,0
2002939931120_Node0_Node8_Zero,2003.657212,2003.660299,0,,52,1.2991243747685673e-13,8.31439599851883e-14
2002956323892_Node0_Node8_Zero,2003.666464,2003.668556,0,,1,1.51073162491922e-13,8.497865390170612e-14
2002950861949_Node0_Node8_Zero,2003.666464,2003.668556,0,,1,1.51073162491922e-13,8.497865390170612e-14
2002961784534_Node0_Node8_Zero,2003.671485,2003.680577,0,,226,5.2586982e-13,0
2002967247591_Node0_Node8_Zero,2003.671485,2003.680577,0,,226,5.2586982e-13,0
2002972715145_Node0_Node8_Zero,2003.685494,2003.687447,0,,1,5.2586982e-13,0
2002978178101_Node0_Node8_Zero,2003.685494,2003.687447,0,,1,5.2586982e-13,0
2002989103412_Node0_Node8_Zero,2003.68862,2003.69179,0,,89,5.2586982e-13,0
2002983643212_Node0_Node8_Zero,2003.699113,2003.700386,0,,1,5.2586982e-13,0
2003000027208_Node0_Node8_Zero,2003.711832,2003.715729,0,,89,5.2586982e-13,0
2002994562978_Node0_Node8_Zero,2003.711832,2003.715729,0,,89,5.2586982e-13,0
2003005496581_Node0_Node8_Zero,2003.713744,2003.719524,0,,92,6.883796264952927e-13,0
2003010957927_Node0_Node8_Zero,2003.713744,2003.719524,0,,92,6.883796264952927e-13,0
2003021890162_Node0_Node8_Zero,2003.744711,2003.748728,0,,89,5.2586982e-13,0
2003016426187_Node0_Node8_Zero,2003.744711,2003.748728,0,,89,5.2586982e-13,0
2003027355105_Node0_Node8_Zero,2003.746684,2003.752653,0,,92,1.4077755183349375e-13,0
2003032819159_Node0_Node8_Zero,2003.746684,2003.752653,0,,92,1.4077755183349375e-13,0
2003038279674_Node0_Node8_Zero,2003.750714,2003.75851,0,,182,5.2586982e-13,0
2003043742207_Node0_Node8_Zero,2003.750714,2003.75851,0,,182,5.2586982e-13,0
2003049202989_Node0_Node8_Zero,2003.756429,2003.762385,0,,93,6.666473718334937e-13,0
2003054663344_Node0_Node8_Zero,2003.756429,2003.762385,0,,93,6.666473718334937e-13,0
2003060124686_Node0_Node8_Zero,2003.774308,2003.77546,0,,1,5.2586982e-13,0
2003065589315_Node0_Node8_Zero,2003.777413,2003.780325,0,,47,5.2586982e-13,0
2003071054069_Node0_Node8_Zero,2003.777413,2003.780325,0,,47,5.2586982e-13,0
2003076519984_Node0_Node8_Zero,2003.785836,2003.788029,0,,1,5.2586982e-13,0
2003081986486_Node0_Node8_Zero,2003.785836,2003.788029,0,,1,5.2586982e-13,0
2003087450764_Node0_Node8_Zero,2003.800152,2003.801285,0,,1,5.2586982e-13,0
2003092916783_Node0_Node8_Zero,2003.808961,2003.816696,0,,180,1.6952354782216464e-13,9.53569956499676e-14
2003098378624_Node0_Node8_Zero,2003.808961,2003.816696,0,,180,1.6952354782216464e-13,9.53569956499676e-14
2003103844854_Node0_Node8_Zero,2003.812828,2003.820685,0,,181,6.953933678221646e-13,0
2003109304891_Node0_Node8_Zero,2003.812828,2003.820685,0,,181,6.953933678221646e-13,0
2003114774302_Node0_Node8_Zero,2003.814763,2003.825741,0,,184,6.06312418303767e-13,0
2003120236518_Node0_Node8_Zero,2003.814763,2003.825741,0,,184,6.06312418303767e-13,0
2003131166054_Node0_Node8_Zero,2003.833673,2003.835606,0,,1,5.675325285041846e-13,0
2003125699870_Node0_Node8_Zero,2003.833673,2003.835606,0,,1,5.675325285041846e-13,0
2003136627513_Node0_Node8_Zero,2003.849706,2003.851638,0,,1,1.4077755183349375e-13,7.918737290634024e-14
2003142093150_Node0_Node8_Zero,2003.849706,2003.851638,0,,1,1.4077755183349375e-13,7.918737290634024e-14
2003147556985_Node0_Node8_Zero,2003.859704,2003.863565,0,,3,5.2586982e-13,0
2003153017091_Node0_Node8_Zero,2003.859704,2003.863565,0,,3,5.2586982e-13,0
2003158480420_Node0_Node8_Zero,2003.86551,2003.869399,0,,89,5.2586982e-13,2.384534162517649e-14
2003163948628_Node0_Node8_Zero,2003.86551,2003.869399,0,,89,5.2586982e-13,2.384534162517649e-14
2003169415001_Node0_Node8_Zero,2003.885331,2003.887363,0,,1,6.424532800000001e-13,0
2003174876277_Node0_Node8_Zero,2003.885331,2003.887363,0,,1,6.424532800000001e-13,0
2003180336681_Node0_Node8_Zero,2003.896158,2003.898371,0,,1,5.678398656000001e-13,0
2003185802615_Node0_Node8_Zero,2003.896158,2003.898371,0,,1,5.678398656000001e-13,0
2003191271438_Node0_Node8_Zero,2003.907608,2003.90976,0,,1,5.8538064566458e-13,0
2003196739042_Node0_Node8_Zero,2003.907608,2003.90976,0,,1,5.8538064566458e-13,0
2003202200819_Node0_Node8_Zero,2003.938038,2003.940151,0,,1,4.19700456e-14,0
2003207661551_Node0_Node8_Zero,2003.938038,2003.940151,0,,1,4.19700456e-14,0
2003218589844_Node0_Node8_Zero,2003.945955,2003.948148,0,,1,6.424532800000001e-13,6.557819625e-14
2003213129532_Node0_Node8_Zero,2003.945955,2003.948148,0,,1,6.424532800000001e-13,6.557819625e-14
2003224049421_Node0_Node8_Zero,2003.958657,2003.964543,0,,92,5.2586982e-13,0
2003229513990_Node0_Node8_Zero,2003.958657,2003.964543,0,,92,5.2586982e-13,0
2003234982344_Node0_Node8_Zero,2003.962531,2003.966548,0,,4,5.2586982e-13,0
2003240447879_Node0_Node8_Zero,2003.962531,2003.966548,0,,4,5.2586982e-13,0
2003251377707_Node0_Node8_Zero,2003.972452,2003.973685,0,,1,5.9144801625e-13,0
2003245912469_Node0_Node8_Zero,2003.979387,2003.980619,0,,1,5.2586982e-13,3.128842809530358e-14
2003262308482_Node0_Node8_Zero,2003.98907,2003.991063,0,,1,6.424532800000001e-13,0
2003256839339_Node0_Node8_Zero,2003.98907,2003.991063,0,,1,6.424532800000001e-13,0
2003267777237_Node0_Node8_Zero,2003.997949,2004.000101,0,,1,5.9144801625e-13,0
2003273244175_Node0_Node8_Zero,2003.997949,2004.000101,0,,1,5.9144801625e-13,0
2003278711534_Node0_Node8_Zero,2004.006368,2004.00854,0,,1,6.188554851009062e-13,0
2003284178889_Node0_Node8_Zero,2004.006368,2004.00854,0,,1,6.188554851009062e-13,0
2003289647102_Node0_Node8_Zero,2004.018813,2004.020726,0,,1,5.2586982e-13,0
2003295106619_Node0_Node8_Zero,2004.018813,2004.020726,0,,1,5.2586982e-13,0
2003300575037_Node0_Node8_Zero,2004.027254,2004.031288,0,,3,5.2586982e-13,0
2003306042176_Node0_Node8_Zero,2004.027254,2004.031288,0,,3,5.2586982e-13,0
2003311507603_Node0_Node8_Zero,2004.035927,2004.039034,0,,3,5.2586982e-13,0
2003316972860_Node0_Node8_Zero,2004.035927,2004.039034,0,,3,5.2586982e-13,0
2003327903058_Node0_Node8_Zero,2004.040044,2004.041156,0,,1,5.842998e-13,0
2003322440710_Node0_Node8_Zero,2004.048706,2004.049919,0,,1,5.9144801625e-13,4.19700456e-14
2003333363614_Node0_Node8_Zero,2004.058234,2004.060227,0,,1,5.2586982e-13,0
2003338830596_Node0_Node8_Zero,2004.058234,2004.060227,0,,1,5.2586982e-13,0
2003349759396_Node0_Node8_Zero,2004.068195,2004.072213,0,,89,5.858641202460259e-13,4.166270850418457e-14
2003344295117_Node0_Node8_Zero,2004.068195,2004.072213,0,,89,5.858641202460259e-13,4.166270850418457e-14
2003360689615_Node0_Node8_Zero,2004.070243,2004.074268,0,,3,6.894321309353622e-13,0
2003355227371_Node0_Node8_Zero,2004.070243,2004.074268,0,,3,6.894321309353622e-13,0
2003377074937_Node0_Node8_Zero,2004.081199,2004.082532,0,,1,5.2586982e-13,0
2003366151040_Node0_Node8_Zero,2004.087049,2004.088402,0,,1,5.678398656000001e-13,0
2003382540629_Node0_Node8_Zero,2004.120967,2004.122979,0,,1,5.2586982e-13,4.132696226706941e-14
2003371612740_Node0_Node8_Zero,2004.120967,2004.122979,0,,1,5.2586982e-13,4.132696226706941e-14
2003388000766_Node0_Node8_Zero,2004.134685,2004.136818,0,,1,5.2586982e-13,0
2003393463510_Node0_Node8_Zero,2004.134685,2004.136818,0,,1,5.2586982e-13,0
2003404398393_Node0_Node8_Zero,2004.14158,2004.142933,0,,1,5.2586982e-13,0
2003398929797_Node0_Node8_Zero,2004.152348,2004.15366,0,,1,7.137918452661657e-13,0
2003415326762_Node0_Node8_Zero,2004.165133,2004.167086,0,,1,5.2586982e-13,0
2003409858739_Node0_Node8_Zero,2004.165133,2004.167086,0,,1,5.2586982e-13,0
2003420795256_Node0_Node8_Zero,2004.179978,2004.182151,0,,1,1.1658346e-13,6.557819625e-14
2003426258264_Node0_Node8_Zero,2004.179978,2004.182151,0,,1,1.1658346e-13,6.557819625e-14
2003442649585_Node0_Node8_Zero,2004.187962,2004.190075,0,,1,5.2586982e-13,0
2003431721345_Node0_Node8_Zero,2004.187962,2004.190075,0,,1,5.2586982e-13,0
2003437189371_Node0_Node8_Zero,2004.203489,2004.205402,0,,1,5.9144801625e-13,0
2003448118493_Node0_Node8_Zero,2004.203489,2004.205402,0,,1,5.9144801625e-13,0
2003459043855_Node0_Node8_Zero,2004.209812,2004.210905,0,,1,5.2586982e-13,3.286686375e-14
2003453578289_Node0_Node8_Zero,2004.217162,2004.218515,0,,1,1.1658346e-13,0
2003469975033_Node0_Node8_Zero,2004.222984,2004.224076,0,,1,5.858074354745508e-13,0
2003464512053_Node0_Node8_Zero,2004.229132,2004.230324,0,,1,5.9144801625e-13,0
2003475443779_Node0_Node8_Zero,2004.240324,2004.246141,0,,91,6.188554851009062e-13,0
2003480910052_Node0_Node8_Zero,2004.240324,2004.246141,0,,91,6.188554851009062e-13,0
2003491833979_Node0_Node8_Zero,2004.244204,2004.248148,0,,2,5.83324084373436e-13,0
2003486374021_Node0_Node8_Zero,2004.244204,2004.248148,0,,2,5.83324084373436e-13,0
2003497301423_Node0_Node8_Zero,2004.2569,2004.259113,0,,1,6.188554851009062e-13,5.951082566457996e-14
2003502765669_Node0_Node8_Zero,2004.2569,2004.259113,0,,1,6.188554851009062e-13,5.951082566457996e-14
2003513694585_Node0_Node8_Zero,2004.272599,2004.274752,0,,1,6.424532800000001e-13,0
2003508225823_Node0_Node8_Zero,2004.272599,2004.274752,0,,1,6.424532800000001e-13,0
2003519163107_Node0_Node8_Zero,2004.280944,2004.282937,0,,1,8.096720179925942e-14,5.1819009151526027e-14
2003524627340_Node0_Node8_Zero,2004.280944,2004.282937,0,,1,8.096720179925942e-14,5.1819009151526027e-14
2003530095150_Node0_Node8_Zero,2004.299317,2004.30131,0,,1,6.59116552867254e-13,0
2003541024007_Node0_Node8_Zero,2004.299317,2004.30131,0,,1,6.59116552867254e-13,0
2003535556982_Node0_Node8_Zero,2004.305722,2004.307634,0,,1,5.2586982e-13,0
2003546490766_Node0_Node8_Zero,2004.305722,2004.307634,0,,1,5.2586982e-13,0
2003551950711_Node0_Node8_Zero,2004.315049,2004.318949,0,,3,5.2586982e-13,0
2003562879612_Node0_Node8_Zero,2004.315049,2004.318949,0,,3,5.2586982e-13,0
2003573805351_Node0_Node8_Zero,2004.320871,2004.325173,0,,90,5.2586982e-13,0
2003579268064_Node0_Node8_Zero,2004.320871,2004.325173,0,,90,5.2586982e-13,0
2003568339768_Node0_Node8_Zero,2004.35909,2004.360263,0,,1,5.9144801625e-13,0
2003584732569_Node0_Node8_Zero,2004.373173,2004.375086,0,,1,5.9144801625e-13,4.19700456e-14
2003601129536_Node0_Node8_Zero,2004.373173,2004.375086,0,,1,5.9144801625e-13,4.19700456e-14
2003595666797_Node0_Node8_Zero,2004.388714,2004.390766,0,,1,5.2586982e-13,0
2003612050964_Node0_Node8_Zero,2004.388714,2004.390766,0,,1,5.2586982e-13,0
2003606590487_Node0_Node8_Zero,2004.39271,2004.396784,0,,90,6.424532800000001e-13,0
2003617516690_Node0_Node8_Zero,2004.39271,2004.396784,0,,90,6.424532800000001e-13,0
2003622985242_Node0_Node8_Zero,2004.409426,2004.417069,0,,94,6.666473718334937e-13,0
2003628446560_Node0_Node8_Zero,2004.409426,2004.417069,0,,94,6.666473718334937e-13,0
2003633910943_Node0_Node8_Zero,2004.413195,2004.423361,0,,185,5.9144801625e-13,0
2003639374159_Node0_Node8_Zero,2004.413195,2004.423361,0,,185,5.9144801625e-13,0
2003644843468_Node0_Node8_Zero,2004.421388,2004.425328,0,,2,6.178864469953976e-13,0
2003650309065_Node0_Node8_Zero,2004.421388,2004.425328,0,,2,6.178864469953976e-13,0
2003661237840_Node0_Node8_Zero,2004.431587,2004.432959,0,,1,6.666473718334937e-13,2.3643921829254466e-14
2003655770675_Node0_Node8_Zero,2004.436485,2004.437658,0,,1,5.2586982e-13,0
2003666702827_Node0_Node8_Zero,2004.448635,2004.454499,0,,92,5.2586982e-13,0
2003672166626_Node0_Node8_Zero,2004.448635,2004.454499,0,,92,5.2586982e-13,0
2003677626996_Node0_Node8_Zero,2004.452395,2004.461343,0,,142,5.2586982e-13,0
2003683095970_Node0_Node8_Zero,2004.452395,2004.461343,0,,142,5.2586982e-13,0
2003694031319_Node0_Node8_Zero,2004.459429,2004.468185,0,,186,5.2586982e-13,0
2003688564887_Node0_Node8_Zero,2004.46926,2004.47233,0,,50,4.153522661725464e-14,0
2003699498799_Node0_Node8_Zero,2004.477021,2004.481079,0,,89,5.2586982e-13,2.6328114294174125e-14
2003704963055_Node0_Node8_Zero,2004.477021,2004.481079,0,,89,5.2586982e-13,2.6328114294174125e-14
2003710424149_Node0_Node8_Zero,2004.479143,2004.48601,0,,139,5.2586982e-13,0
2003715885294_Node0_Node8_Zero,2004.479143,2004.48601,0,,139,5.2586982e-13,0
2003732270046_Node0_Node8_Zero,2004.482132,2004.492086,0,,322,5.2586982e-13,0
2003721348143_Node0_Node8_Zero,2004.488924,2004.493167,0,,95,5.2586982e-13,0
2003726809054_Node0_Node8_Zero,2004.4993,2004.501312,0,,1,3.5194387958373437e-14,2.585710135717232e-14
2003737732587_Node0_Node8_Zero,2004.4993,2004.501312,0,,1,3.5194387958373437e-14,2.585710135717232e-14
2003743198951_Node0_Node8_Zero,2004.507197,2004.514882,0,,94,5.765497386600578e-13,0
2003748661691_Node0_Node8_Zero,2004.507197,2004.514882,0,,94,5.765497386600578e-13,0
2003754126896_Node0_Node8_Zero,2004.511068,2004.518978,0,,97,5.067991866005775e-14,3.5194387958373437e-14
2003765054896_Node0_Node8_Zero,2004.511068,2004.518978,0,,97,5.067991866005775e-14,3.5194387958373437e-14
2003759594859_Node0_Node8_Zero,2004.523002,2004.528858,0,,91,5.2586982e-13,4.0614572071850543e-14
2003770515640_Node0_Node8_Zero,2004.523002,2004.528858,0,,91,5.2586982e-13,4.0614572071850543e-14
2003775981757_Node0_Node8_Zero,2004.524984,2004.53467,0,,181,5.2586982e-13,0
2003786909091_Node0_Node8_Zero,2004.524984,2004.53467,0,,181,5.2586982e-13,0
2003781443618_Node0_Node8_Zero,2004.530791,2004.538665,0,,179,5.2586982e-13,0
2003797843006_Node0_Node8_Zero,2004.530791,2004.538665,0,,179,5.2586982e-13,0
2003792375902_Node0_Node8_Zero,2004.635263,2004.636475,0,,1,6.557819625e-14,0
2003808764983_Node0_Node8_Zero,2004.64617,2004.647362,0,,1,5.9144801625e-13,0
2003803302719_Node0_Node8_Zero,2004.652317,2004.65547,0,,48,5.2586982e-13,0
2003819693640_Node0_Node8_Zero,2004.652317,2004.65547,0,,48,5.2586982e-13,0
2003814231886_Node0_Node8_Zero,2004.656459,2004.657552,0,,1,1.4077755183349375e-13,0
2003830617572_Node0_Node8_Zero,2004.663337,2004.664489,0,,1,5.2586982e-13,0
2003825157028_Node0_Node8_Zero,2004.68198,2004.683072,0,,1,6.557819625e-14,0
2003836082069_Node0_Node8_Zero,2004.692359,2004.698202,0,,90,6.424532800000001e-13,0
2003841543544_Node0_Node8_Zero,2004.692359,2004.698202,0,,90,6.424532800000001e-13,0
2003852478128_Node0_Node8_Zero,2004.696208,2004.702185,0,,90,5.2586982e-13,0
2003847011317_Node0_Node8_Zero,2004.696208,2004.702185,0,,90,5.2586982e-13,0
2003857946249_Node0_Node8_Zero,2004.716087,2004.7181,0,,1,1.1658346e-13,6.557819625e-14
2003863409421_Node0_Node8_Zero,2004.716087,2004.7181,0,,1,1.1658346e-13,6.557819625e-14
2003868869396_Node0_Node8_Zero,2004.733652,2004.735865,0,,1,5.2586982e-13,0
2003874335573_Node0_Node8_Zero,2004.733652,2004.735865,0,,1,5.2586982e-13,0
2003885267463_Node0_Node8_Zero,2004.741981,2004.743953,0,,1,1.4077755183349375e-13,0
2003879801165_Node0_Node8_Zero,2004.741981,2004.743953,0,,1,1.4077755183349375e-13,0
2003890729684_Node0_Node8_Zero,2004.750353,2004.758431,0,,94,4.185386326703343e-14,0
2003896197234_Node0_Node8_Zero,2004.750353,2004.758431,0,,94,4.185386326703343e-14,0
2003901663643_Node0_Node8_Zero,2004.760415,2004.762607,0,,1,5.678398656000001e-13,2.9145865e-14
2003907129920_Node0_Node8_Zero,2004.760415,2004.762607,0,,1,5.678398656000001e-13,2.9145865e-14
2003918058876_Node0_Node8_Zero,2004.773183,2004.777228,0,,3,5.2586982e-13,0
2003912597406_Node0_Node8_Zero,2004.773183,2004.777228,0,,3,5.2586982e-13,0
2003923528168_Node0_Node8_Zero,2004.79286,2004.794772,0,,1,5.83324084373436e-13,3.989879470377501e-14
2003928991258_Node0_Node8_Zero,2004.79286,2004.794772,0,,1,5.83324084373436e-13,3.989879470377501e-14
2003934453571_Node0_Node8_Zero,2004.801812,2004.803725,0,,1,5.854192982760464e-13,0
2003939922326_Node0_Node8_Zero,2004.801812,2004.803725,0,,1,5.854192982760464e-13,0
2003945390777_Node0_Node8_Zero,2004.805538,2004.812066,0,,180,5.2586982e-13,0
2003950850717_Node0_Node8_Zero,2004.805538,2004.812066,0,,180,5.2586982e-13,0
2003956314338_Node0_Node8_Zero,2004.809905,2004.817955,0,,180,4.834390646255217e-14,3.5517972094936294e-14
2003961781418_Node0_Node8_Zero,2004.809905,2004.817955,0,,180,4.834390646255217e-14,3.5517972094936294e-14
2003967244281_Node0_Node8_Zero,2004.813861,2004.822081,0,,181,5.2586982e-13,0
2003972709253_Node0_Node8_Zero,2004.813861,2004.822081,0,,181,5.2586982e-13,0
2003978173698_Node0_Node8_Zero,2004.826761,2004.827834,0,,1,3.206543384060848e-14,2.355827792371235e-14
2003983634828_Node0_Node8_Zero,2004.848312,2004.849445,0,,1,5.2586982e-13,0
2003989097152_Node0_Node8_Zero,2004.857548,2004.85952,0,,1,5.2586982e-13,0
2003994563114_Node0_Node8_Zero,2004.857548,2004.85952,0,,1,5.2586982e-13,0
2004000031041_Node0_Node8_Zero,2004.869989,2004.872001,0,,1,6.06312418303767e-13,0
2004005495798_Node0_Node8_Zero,2004.869989,2004.872001,0,,1,6.06312418303767e-13,0
2004010961756_Node0_Node8_Zero,2004.877804,2004.879937,0,,1,5.2586982e-13,0
2004016429991_Node0_Node8_Zero,2004.877804,2004.879937,0,,1,5.2586982e-13,0
2004021895410_Node0_Node8_Zero,2004.88599,2004.888143,0,,1,5.2586982e-13,0
2004027361570_Node0_Node8_Zero,2004.88599,2004.888143,0,,1,5.2586982e-13,0
2004032824837_Node0_Node8_Zero,2004.907691,2004.909604,0,,1,5.2586982e-13,0
2004038287737_Node0_Node8_Zero,2004.907691,2004.909604,0,,1,5.2586982e-13,0
2004049209774_Node0_Node8_Zero,2004.914653,2004.915986,0,,1,5.2586982e-13,0
2004043747408_Node0_Node8_Zero,2004.920593,2004.921766,0,,1,5.9144801625e-13,0
2004060143517_Node0_Node8_Zero,2004.92558,2004.926773,0,,1,4.132696226706941e-14,0
2004054676655_Node0_Node8_Zero,2004.932003,2004.933275,0,,1,6.994346134593826e-14,4.476381526140049e-14
2004065610258_Node0_Node8_Zero,2004.939559,2004.941531,0,,1,6.458847228753609e-13,7.680953784023101e-14
2004071071704_Node0_Node8_Zero,2004.939559,2004.941531,0,,1,6.458847228753609e-13,7.680953784023101e-14
2004081995699_Node0_Node8_Zero,2004.947706,2004.948838,0,,1,6.059630986378109e-13,5.125969832819895e-14
2004076534254_Node0_Node8_Zero,2004.961067,2004.9631,0,,1,6.723351325012802e-13,8.238673828197007e-14
2004087455317_Node0_Node8_Zero,2004.961067,2004.9631,0,,1,6.723351325012802e-13,8.238673828197007e-14
2004092915660_Node0_Node8_Zero,2004.971049,2004.989875,0,,187,5.9144801625e-13,0
2004098383601_Node0_Node8_Zero,2004.971049,2004.989875,0,,187,5.9144801625e-13,0
2004103847133_Node0_Node8_Zero,2004.977029,2004.998296,0,,10,5.2586982e-13,0
2004120236722_Node0_Node8_Zero,2004.977029,2004.998296,0,,10,5.2586982e-13,0
2004109311421_Node0_Node8_Zero,2004.996304,2005.003008,0,,92,5.2586982e-13,2.10347928e-14
2004131162159_Node0_Node8_Zero,2004.996304,2005.003008,0,,92,5.2586982e-13,2.10347928e-14
2004114775757_Node0_Node8_Zero,2005.015124,2005.019105,0,,3,6.424532800000001e-13,0
2004136626311_Node0_Node8_Zero,2005.015124,2005.019105,0,,3,6.424532800000001e-13,0
2004125702535_Node0_Node8_Zero,2005.022827,2005.026884,0,,90,5.8538064566458e-13,0
2004142093603_Node0_Node8_Zero,2005.022827,2005.026884,0,,90,5.8538064566458e-13,0
2004147553302_Node0_Node8_Zero,2005.024904,2005.028867,0,,3,5.765497386600578e-13,0
2004153012934_Node0_Node8_Zero,2005.024904,2005.028867,0,,3,5.765497386600578e-13,0
2004158481185_Node0_Node8_Zero,2005.05217,2005.053363,0,,1,6.715991450000001e-13,0
2004163941078_Node0_Node8_Zero,2005.0634,2005.071163,0,,92,5.9144801625e-13,0
2004169406674_Node0_Node8_Zero,2005.0634,2005.071163,0,,92,5.9144801625e-13,0
2004174874640_Node0_Node8_Zero,2005.067249,2005.075012,0,,94,5.2586982e-13,0
2004180336865_Node0_Node8_Zero,2005.067249,2005.075012,0,,94,5.2586982e-13,0
2004185803600_Node0_Node8_Zero,2005.073065,2005.08113,0,,182,5.2586982e-13,0
2004191264518_Node0_Node8_Zero,2005.073065,2005.08113,0,,182,5.2586982e-13,0
2004196728008_Node0_Node8_Zero,2005.089029,2005.091122,0,,1,6.424532800000001e-13,0
2004202197066_Node0_Node8_Zero,2005.089029,2005.091122,0,,1,6.424532800000001e-13,0
2004213123461_Node0_Node8_Zero,2005.096194,2005.097567,0,,1,5.9144801625e-13,0
2004207662039_Node0_Node8_Zero,2005.10315,2005.106285,0,,3,6.755734191040838e-13,0
2004218589481_Node0_Node8_Zero,2005.110164,2005.112116,0,,1,5.2586982e-13,3.736729446348342e-14
2004224052244_Node0_Node8_Zero,2005.110164,2005.112116,0,,1,5.2586982e-13,3.736729446348342e-14
2004234975228_Node0_Node8_Zero,2005.124434,2005.125546,0,,1,5.2586982e-13,0
2004229513600_Node0_Node8_Zero,2005.131332,2005.133345,0,,1,5.865374613908484e-13,0
2004240444163_Node0_Node8_Zero,2005.131332,2005.133345,0,,1,5.865374613908484e-13,0
2004245908009_Node0_Node8_Zero,2005.139047,2005.140979,0,,1,1.6333196105769874e-13,9.187422809495554e-14
2004251372410_Node0_Node8_Zero,2005.139047,2005.140979,0,,1,1.6333196105769874e-13,9.187422809495554e-14
2004256837200_Node0_Node8_Zero,2005.148199,2005.149332,0,,1,2.9145865e-14,0
2004267766187_Node0_Node8_Zero,2005.173192,2005.175304,0,,1,5.2586982e-13,0
2004262300400_Node0_Node8_Zero,2005.173192,2005.175304,0,,1,5.2586982e-13,0
2004273226266_Node0_Node8_Zero,2005.185448,2005.187361,0,,1,6.837802422670694e-13,0
2004278690734_Node0_Node8_Zero,2005.185448,2005.187361,0,,1,6.837802422670694e-13,0
2004284158856_Node0_Node8_Zero,2005.205934,2005.209971,0,,90,5.2586982e-13,0
2004289621101_Node0_Node8_Zero,2005.205934,2005.209971,0,,90,5.2586982e-13,0
2004295086020_Node0_Node8_Zero,2005.207984,2005.214023,0,,93,5.2586982e-13,0
2004300551877_Node0_Node8_Zero,2005.207984,2005.214023,0,,93,5.2586982e-13,0
2004306012784_Node0_Node8_Zero,2005.229821,2005.231734,0,,1,6.557819625e-14,4.19700456e-14
2004311477612_Node0_Node8_Zero,2005.229821,2005.231734,0,,1,6.557819625e-14,4.19700456e-14
2004316938646_Node0_Node8_Zero,2005.24004,2005.242153,0,,1,6.666473718334937e-13,0
2004322398861_Node0_Node8_Zero,2005.24004,2005.242153,0,,1,6.666473718334937e-13,0
2004327864351_Node0_Node8_Zero,2005.249901,2005.251874,0,,1,5.2586982e-13,0
2004333328547_Node0_Node8_Zero,2005.249901,2005.251874,0,,1,5.2586982e-13,0
2004338790027_Node0_Node8_Zero,2005.266526,2005.268639,0,,1,5.2586982e-13,4.19700456e-14
2004344259364_Node0_Node8_Zero,2005.266526,2005.268639,0,,1,5.2586982e-13,4.19700456e-14
2004349719236_Node0_Node8_Zero,2005.286159,2005.288111,0,,1,1.4077755183349375e-13,1.0850077309686881e-13
2004360644789_Node0_Node8_Zero,2005.286159,2005.288111,0,,1,1.4077755183349375e-13,1.0850077309686881e-13
2004366114156_Node0_Node8_Zero,2005.294295,2005.298373,0,,89,1.6852122608569003e-13,0
2004355183338_Node0_Node8_Zero,2005.294295,2005.298373,0,,89,1.6852122608569003e-13,0
2004377041727_Node0_Node8_Zero,2005.296244,2005.302225,0,,92,6.95417990948288e-13,0
2004371575282_Node0_Node8_Zero,2005.296244,2005.302225,0,,92,6.95417990948288e-13,0
2004382503115_Node0_Node8_Zero,2005.322645,2005.324618,0,,1,7.680953784023101e-14,0
2004387964660_Node0_Node8_Zero,2005.322645,2005.324618,0,,1,7.680953784023101e-14,0
2004398891678_Node0_Node8_Zero,2005.332893,2005.336807,0,,3,6.424532800000001e-13,0
2004393431348_Node0_Node8_Zero,2005.332893,2005.336807,0,,3,6.424532800000001e-13,0
2004404359385_Node0_Node8_Zero,2005.340587,2005.34278,0,,1,5.2586982e-13,6.557819625e-14
2004409826046_Node0_Node8_Zero,2005.340587,2005.34278,0,,1,5.2586982e-13,6.557819625e-14
2004420750443_Node0_Node8_Zero,2005.349059,2005.351172,0,,1,6.458847228753609e-13,0
2004415287151_Node0_Node8_Zero,2005.349059,2005.351172,0,,1,6.458847228753609e-13,0
2004426210694_Node0_Node8_Zero,2005.365369,2005.371136,0,,5,5.2586982e-13,0
2004431670366_Node0_Node8_Zero,2005.365369,2005.371136,0,,5,5.2586982e-13,0
2004437134228_Node0_Node8_Zero,2005.376929,2005.378982,0,,1,5.689106135903461e-13,0
2004442595317_Node0_Node8_Zero,2005.376929,2005.378982,0,,1,5.689106135903461e-13,0
2004453523715_Node0_Node8_Zero,2005.386884,2005.388936,0,,1,5.2586982e-13,0
2004448059584_Node0_Node8_Zero,2005.386884,2005.388936,0,,1,5.2586982e-13,0
2004458989560_Node0_Node8_Zero,2005.398277,2005.40035,0,,1,6.424532800000001e-13,0
2004464458793_Node0_Node8_Zero,2005.398277,2005.40035,0,,1,6.424532800000001e-13,0
2004469925599_Node0_Node8_Zero,2005.411699,2005.413752,0,,1,3.5892066196368355e-14,2.636968128712777e-14
2004475385260_Node0_Node8_Zero,2005.411699,2005.413752,0,,1,3.5892066196368355e-14,2.636968128712777e-14
2004480845186_Node0_Node8_Zero,2005.417519,2005.419452,0,,1,3.598844282792686e-14,2.6440488608272796e-14
2004486307408_Node0_Node8_Zero,2005.417519,2005.419452,0,,1,3.598844282792686e-14,2.6440488608272796e-14
2004497239190_Node0_Node8_Zero,2005.422424,2005.423537,0,,1,5.2586982e-13,3.013508339367652e-14
2004491772334_Node0_Node8_Zero,2005.442194,2005.443506,0,,1,5.2586982e-13,0
2004502703600_Node0_Node8_Zero,2005.450694,2005.454668,0,,3,5.2586982e-13,0
2004508168807_Node0_Node8_Zero,2005.450694,2005.454668,0,,3,5.2586982e-13,0
2004513630208_Node0_Node8_Zero,2005.459591,2005.470449,0,,229,6.17519535392248e-13,0
2004519095791_Node0_Node8_Zero,2005.459591,2005.470449,0,,229,6.17519535392248e-13,0
2004530023319_Node0_Node8_Zero,2005.464588,2005.4742,0,,7,5.2586982e-13,0
2004524557490_Node0_Node8_Zero,2005.464588,2005.4742,0,,7,5.2586982e-13,0
2004535485089_Node0_Node8_Zero,2005.472247,2005.478211,0,,94,9.164971539224802e-14,0
2004540947683_Node0_Node8_Zero,2005.472247,2005.478211,0,,94,9.164971539224802e-14,0
2004546407165_Node0_Node8_Zero,2005.485575,2005.487487,0,,1,5.2586982e-13,0
2004551869788_Node0_Node8_Zero,2005.485575,2005.487487,0,,1,5.2586982e-13,0
2004562805049_Node0_Node8_Zero,2005.504079,2005.506132,0,,1,5.2586982e-13,0
2004557336601_Node0_Node8_Zero,2005.504079,2005.506132,0,,1,5.2586982e-13,0
2004568265048_Node0_Node8_Zero,2005.51175,2005.513903,0,,1,5.2586982e-13,0
2004573732151_Node0_Node8_Zero,2005.51175,2005.513903,0,,1,5.2586982e-13,0
2004579194703_Node0_Node8_Zero,2005.518146,2005.522989,0,,96,5.2586982e-13,0
2004584661386_Node0_Node8_Zero,2005.52151,2005.532827,0,,5,5.2586982e-13,0
2004590124343_Node0_Node8_Zero,2005.528793,2005.532827,0,,3,5.2586982e-13,0
2004595591968_Node0_Node8_Zero,2005.528793,2005.535732,0,,93,4.19700456e-14,0
2004601056391_Node0_Node8_Zero,2005.537569,2005.541386,0,,48,5.9144801625e-13,0
2004606522366_Node0_Node8_Zero,2005.537569,2005.541386,0,,48,5.9144801625e-13,0
2004611988079_Node0_Node8_Zero,2005.545524,2005.546697,0,,1,5.2586982e-13,0
2004617454350_Node0_Node8_Zero,2005.552567,2005.553819,0,,1,5.2586982e-13,3.0952878260636945e-14
2004622921516_Node0_Node8_Zero,2005.564207,2005.566139,0,,1,5.2586982e-13,0
2004633846899_Node0_Node8_Zero,2005.564207,2005.566139,0,,1,5.2586982e-13,0
2004639315966_Node0_Node8_Zero,2005.568053,2005.574188,0,,90,6.184559638613739e-13,5.925513207127926e-14
2004650244577_Node0_Node8_Zero,2005.568053,2005.574188,0,,90,6.184559638613739e-13,5.925513207127926e-14
2004655707655_Node0_Node8_Zero,2005.571899,2005.579607,0,,4,6.886906459826714e-13,0
2004644781434_Node0_Node8_Zero,2005.577554,2005.579607,0,,1,6.886906459826714e-13,0
2004661175095_Node0_Node8_Zero,2005.589013,2005.591026,0,,1,6.068293746049883e-13,5.181411494719251e-14
2004666634596_Node0_Node8_Zero,2005.589013,2005.591026,0,,1,6.068293746049883e-13,5.181411494719251e-14
2004677556658_Node0_Node8_Zero,2005.593001,2005.596875,0,,90,1.7032659191677396e-13,9.580870795318535e-14
2004672095563_Node0_Node8_Zero,2005.593001,2005.596875,0,,90,1.7032659191677396e-13,9.580870795318535e-14
2004683023061_Node0_Node8_Zero,2005.605503,2005.609463,0,,3,6.96196411916774e-13,0
2004688488859_Node0_Node8_Zero,2005.605503,2005.609463,0,,3,6.96196411916774e-13,0
2004693954144_Node0_Node8_Zero,2005.614529,2005.616601,0,,1,5.852791529366945e-13,0
2004699414176_Node0_Node8_Zero,2005.614529,2005.616601,0,,1,5.852791529366945e-13,0
2004704873840_Node0_Node8_Zero,2005.624297,2005.630211,0,,177,3.2177299094401566e-14,2.3640464640784824e-14
2004710336167_Node0_Node8_Zero,2005.624297,2005.630211,0,,177,3.2177299094401566e-14,2.3640464640784824e-14
2004715804230_Node0_Node8_Zero,2005.626264,2005.632107,0,,91,5.2586982e-13,0
2004721270682_Node0_Node8_Zero,2005.626264,2005.632107,0,,91,5.2586982e-13,0
2004732194505_Node0_Node8_Zero,2005.635914,2005.638047,0,,1,5.2586982e-13,0
2004726733091_Node0_Node8_Zero,2005.635914,2005.638047,0,,1,5.2586982e-13,0
2004737657005_Node0_Node8_Zero,2005.661805,2005.663098,0,,1,4.19700456e-14,2.9145865e-14
2004743116979_Node0_Node8_Zero,2005.673018,2005.674971,0,,1,5.2586982e-13,0
2004754040902_Node0_Node8_Zero,2005.673018,2005.674971,0,,1,5.2586982e-13,0
2004748579068_Node0_Node8_Zero,2005.682746,2005.684718,0,,1,5.148326291441085e-14,3.575226591278531e-14
2004759508182_Node0_Node8_Zero,2005.682746,2005.684718,0,,1,5.148326291441085e-14,3.575226591278531e-14
2004770432184_Node0_Node8_Zero,2005.701603,2005.707516,0,,90,5.2586982e-13,0
2004764971408_Node0_Node8_Zero,2005.701603,2005.707516,0,,90,5.2586982e-13,0
2004775901286_Node0_Node8_Zero,2005.705588,2005.713409,0,,180,6.424532800000001e-13,0
2004786834703_Node0_Node8_Zero,2005.705588,2005.713409,0,,180,6.424532800000001e-13,0
2004781367721_Node0_Node8_Zero,2005.70941,2005.715308,0,,92,5.858641202460259e-13,0
2004792302348_Node0_Node8_Zero,2005.70941,2005.715308,0,,92,5.858641202460259e-13,0
2004797769975_Node0_Node8_Zero,2005.735035,2005.737088,0,,1,6.424532800000001e-13,0
2004803230509_Node0_Node8_Zero,2005.735035,2005.737088,0,,1,6.424532800000001e-13,0
2004808698587_Node0_Node8_Zero,2005.749527,2005.751659,0,,1,1.1658346e-13,6.557819625e-14
2004819623260_Node0_Node8_Zero,2005.749527,2005.751659,0,,1,1.1658346e-13,6.557819625e-14
2004814160277_Node0_Node8_Zero,2005.762231,2005.764283,0,,1,6.424532800000001e-13,0
2004825086119_Node0_Node8_Zero,2005.762231,2005.764283,0,,1,6.424532800000001e-13,0
2004830554599_Node0_Node8_Zero,2005.770421,2005.772394,0,,1,6.911776690682777e-13,0
2004836019408_Node0_Node8_Zero,2005.770421,2005.772394,0,,1,6.911776690682777e-13,0
2004846950045_Node0_Node8_Zero,2005.783111,2005.785144,0,,1,5.893213513540028e-13,0
2004841484754_Node0_Node8_Zero,2005.783111,2005.785144,0,,1,5.893213513540028e-13,0
2004852419187_Node0_Node8_Zero,2005.79475,2005.796903,0,,1,5.2586982e-13,0
2004857887883_Node0_Node8_Zero,2005.79475,2005.796903,0,,1,5.2586982e-13,0
2004863354020_Node0_Node8_Zero,2005.809935,2005.815803,0,,91,5.2586982e-13,0
2004868817329_Node0_Node8_Zero,2005.809935,2005.815803,0,,91,5.2586982e-13,0
2004879747685_Node0_Node8_Zero,2005.813705,2005.817868,0,,4,5.2586982e-13,0
2004874283984_Node0_Node8_Zero,2005.813705,2005.817868,0,,4,5.2586982e-13,0
2004890677410_Node0_Node8_Zero,2005.819704,2005.823553,0,,89,6.666473718334937e-13,0
2004885209150_Node0_Node8_Zero,2005.819704,2005.823553,0,,89,6.666473718334937e-13,0
2004896144657_Node0_Node8_Zero,2005.829395,2005.831528,0,,1,6.188554851009062e-13,5.951082566457996e-14
2004907075514_Node0_Node8_Zero,2005.829395,2005.831528,0,,1,6.188554851009062e-13,5.951082566457996e-14
2004912539600_Node0_Node8_Zero,2005.848838,2005.850891,0,,1,6.02679357840231e-13,5.3339956833493764e-14
2004923464785_Node0_Node8_Zero,2005.848838,2005.850891,0,,1,6.02679357840231e-13,5.3339956833493764e-14
2004917999970_Node0_Node8_Zero,2005.862352,2005.864565,0,,1,6.424532800000001e-13,0
2004939857159_Node0_Node8_Zero,2005.862352,2005.864565,0,,1,6.424532800000001e-13,0
2004945316704_Node0_Node8_Zero,2005.870968,2005.872881,0,,1,6.067449263236736e-13,0
2004950779874_Node0_Node8_Zero,2005.870968,2005.872881,0,,1,6.067449263236736e-13,0
2004956245061_Node0_Node8_Zero,2005.892111,2005.894143,0,,1,6.424532800000001e-13,0
2004961711337_Node0_Node8_Zero,2005.892111,2005.894143,0,,1,6.424532800000001e-13,0
2004972641088_Node0_Node8_Zero,2005.899093,2005.900326,0,,1,5.2586982e-13,0
2004967172300_Node0_Node8_Zero,2005.910403,2005.913581,0,,89,5.2586982e-13,0
2004983568183_Node0_Node8_Zero,2005.912484,2005.915548,0,,3,6.424532800000001e-13,0
2004978107652_Node0_Node8_Zero,2005.912484,2005.915548,0,,3,6.424532800000001e-13,0
2004989030335_Node0_Node8_Zero,2005.929032,2005.933008,0,,3,5.9144801625e-13,0
2004994495643_Node0_Node8_Zero,2005.929032,2005.933008,0,,3,5.9144801625e-13,0
2004999959475_Node0_Node8_Zero,2005.9368,2005.938893,0,,1,1.6852122608569003e-13,9.479318967320064e-14
2005005427201_Node0_Node8_Zero,2005.9368,2005.938893,0,,1,1.6852122608569003e-13,9.479318967320064e-14
2005010889598_Node0_Node8_Zero,2005.947564,2005.949697,0,,1,5.2586982e-13,0
2005021815672_Node0_Node8_Zero,2005.947564,2005.949697,0,,1,5.2586982e-13,0
2005027280041_Node0_Node8_Zero,2005.955292,2005.957385,0,,1,5.2586982e-13,0
2005016352944_Node0_Node8_Zero,2005.955292,2005.957385,0,,1,5.2586982e-13,0
2005043668372_Node0_Node8_Zero,2005.965184,2005.966316,0,,1,5.2586982e-13,0
2005032743135_Node0_Node8_Zero,2005.969145,2005.970377,0,,1,1.3814032467130003e-13,7.770393262760627e-14
2005049128696_Node0_Node8_Zero,2005.982961,2005.985154,0,,1,1.1658346e-13,0
2005038203731_Node0_Node8_Zero,2005.982961,2005.985154,0,,1,1.1658346e-13,0
2005060051374_Node0_Node8_Zero,2005.989223,2005.993161,0,,90,6.071989378096748e-13,0
2005054588952_Node0_Node8_Zero,2005.989223,2005.993161,0,,90,6.071989378096748e-13,0
2005065519169_Node0_Node8_Zero,2005.991243,2005.998698,0,,94,6.57337275e-13,1.2724500116453886e-13
2005070978942_Node0_Node8_Zero,2005.991243,2005.998698,0,,94,6.57337275e-13,1.2724500116453886e-13
2005081916389_Node0_Node8_Zero,2006.001684,2006.002836,0,,1,6.725966632316454e-13,8.253384931780053e-14
2005076447614_Node0_Node8_Zero,2006.009753,2006.011086,0,,1,7.089094533276369e-13,2.6678784560320275e-14
2005087381025_Node0_Node8_Zero,2006.020457,2006.023461,0,,1,6.424532800000001e-13,0
2005098314753_Node0_Node8_Zero,2006.020457,2006.023461,0,,1,6.424532800000001e-13,0
2005109236837_Node0_Node8_Zero,2006.031068,2006.035025,0,,90,6.954349529886673e-13,0
2005092845673_Node0_Node8_Zero,2006.031068,2006.035025,0,,90,6.954349529886673e-13,0
2005103776847_Node0_Node8_Zero,2006.033024,2006.039834,0,,94,8.358152703459991e-14,5.804272710736105e-14
2005114704199_Node0_Node8_Zero,2006.033024,2006.039834,0,,94,8.358152703459991e-14,5.804272710736105e-14
2005131098087_Node0_Node8_Zero,2006.041679,2006.046387,0,,90,5.2586982e-13,0
2005120173322_Node0_Node8_Zero,2006.041679,2006.046387,0,,90,5.2586982e-13,0
2005136562656_Node0_Node8_Zero,2006.055717,2006.058797,0,,3,5.2586982e-13,0
2005125634788_Node0_Node8_Zero,2006.063628,2006.068576,0,,90,5.2586982e-13,0
2005147489313_Node0_Node8_Zero,2006.063628,2006.068576,0,,90,5.2586982e-13,0
2005142025594_Node0_Node8_Zero,2006.066633,2006.070528,0,,4,5.2586982e-13,0
2005152951452_Node0_Node8_Zero,2006.066633,2006.070528,0,,4,5.2586982e-13,0
2005163884293_Node0_Node8_Zero,2006.079243,2006.086911,0,,270,5.2586982e-13,0
2005169350059_Node0_Node8_Zero,2006.079243,2006.086911,0,,270,5.2586982e-13,0
2005158415463_Node0_Node8_Zero,2006.084878,2006.090796,0,,93,5.2586982e-13,0
2005185740133_Node0_Node8_Zero,2006.084878,2006.090796,0,,93,5.2586982e-13,0
2005174811487_Node0_Node8_Zero,2006.09268,2006.094593,0,,1,1.5177784795837343e-13,9.143529760717232e-14
2005196670681_Node0_Node8_Zero,2006.09268,2006.094593,0,,1,1.5177784795837343e-13,9.143529760717232e-14
2005180272098_Node0_Node8_Zero,2006.101648,2006.10376,0,,1,5.2586982e-13,0
2005191204971_Node0_Node8_Zero,2006.101648,2006.10376,0,,1,5.2586982e-13,0
2005202132397_Node0_Node8_Zero,2006.105755,2006.111201,0,,156,5.856259027948908e-13,0
2005207592714_Node0_Node8_Zero,2006.105755,2006.111201,0,,156,5.856259027948908e-13,0
2005213056494_Node0_Node8_Zero,2006.109276,2006.114393,0,,92,3.20162616559558e-14,2.352215142070222e-14
2005218518083_Node0_Node8_Zero,2006.127747,2006.129759,0,,1,5.2586982e-13,0
2005229448912_Node0_Node8_Zero,2006.127747,2006.129759,0,,1,5.2586982e-13,0
2005223984517_Node0_Node8_Zero,2006.136449,2006.138502,0,,1,6.891720551524167e-13,0
2005234909752_Node0_Node8_Zero,2006.136449,2006.138502,0,,1,6.891720551524167e-13,0
2005240370375_Node0_Node8_Zero,2006.149682,2006.151795,0,,1,1.4313623967886664e-13,8.051413481936249e-14
2005245839447_Node0_Node8_Zero,2006.149682,2006.151795,0,,1,1.4313623967886664e-13,8.051413481936249e-14
2005251301999_Node0_Node8_Zero,2006.163718,2006.165771,0,,1,6.424532800000001e-13,0
2005256768645_Node0_Node8_Zero,2006.163718,2006.165771,0,,1,6.424532800000001e-13,0
2005262233313_Node0_Node8_Zero,2006.172284,2006.174197,0,,1,1.5959517881510003e-13,0
2005273161394_Node0_Node8_Zero,2006.172284,2006.174197,0,,1,1.5959517881510003e-13,0
2005278628014_Node0_Node8_Zero,2006.180911,2006.182103,0,,1,6.424532800000001e-13,0
2005289564908_Node0_Node8_Zero,2006.19614,2006.198173,0,,1,1.1658346e-13,6.557819625e-14
2005267697772_Node0_Node8_Zero,2006.19614,2006.198173,0,,1,1.1658346e-13,6.557819625e-14
2005284095476_Node0_Node8_Zero,2006.211801,2006.213814,0,,1,1.1658346e-13,0
2005295025775_Node0_Node8_Zero,2006.211801,2006.213814,0,,1,1.1658346e-13,0
2005300488749_Node0_Node8_Zero,2006.225857,2006.22787,0,,1,6.424532800000001e-13,0
2005305954938_Node0_Node8_Zero,2006.225857,2006.22787,0,,1,6.424532800000001e-13,0
2005316880572_Node0_Node8_Zero,2006.232282,2006.236284,0,,3,5.2586982e-13,0
2005311419789_Node0_Node8_Zero,2006.232282,2006.236284,0,,3,5.2586982e-13,0
2005322348008_Node0_Node8_Zero,2006.237259,2006.238412,0,,1,5.83324084373436e-13,3.989879470377501e-14
2005327811394_Node0_Node8_Zero,2006.247126,2006.249139,0,,1,1.6530784906827765e-13,9.298566510090618e-14
2005333276585_Node0_Node8_Zero,2006.247126,2006.249139,0,,1,1.6530784906827765e-13,9.298566510090618e-14
2005338738046_Node0_Node8_Zero,2006.258793,2006.26304,0,,48,5.2586982e-13,2.931340019052858e-14
2005344200089_Node0_Node8_Zero,2006.258793,2006.26304,0,,48,5.2586982e-13,2.931340019052858e-14
2005349663259_Node0_Node8_Zero,2006.260928,2006.265272,0,,49,5.2586982e-13,0
2005355130920_Node0_Node8_Zero,2006.264081,2006.269438,0,,138,4.476381526140049e-14,3.1085982820417e-14
2005360593715_Node0_Node8_Zero,2006.295757,2006.297089,0,,1,5.678398656000001e-13,2.9145865e-14
2005371529397_Node0_Node8_Zero,2006.300452,2006.301565,0,,1,6.424532800000001e-13,0
2005366060191_Node0_Node8_Zero,2006.307072,2006.310651,0,,50,6.557819625e-14,0
2005382462757_Node0_Node8_Zero,2006.319737,2006.32173,0,,1,6.666473718334937e-13,2.1413288571428573e-14
2005376994225_Node0_Node8_Zero,2006.319737,2006.32173,0,,1,6.666473718334937e-13,2.1413288571428573e-14
2005387926842_Node0_Node8_Zero,2006.328139,2006.330232,0,,1,5.2586982e-13,2.1413288571428573e-14
2005393391213_Node0_Node8_Zero,2006.328139,2006.330232,0,,1,5.2586982e-13,2.1413288571428573e-14
2005398857094_Node0_Node8_Zero,2006.336517,2006.338729,0,,1,5.5873668375e-13,0
2005404322416_Node0_Node8_Zero,2006.336517,2006.338729,0,,1,5.5873668375e-13,0
2005409785611_Node0_Node8_Zero,2006.360511,2006.362624,0,,1,5.2586982e-13,0
2005415253759_Node0_Node8_Zero,2006.360511,2006.362624,0,,1,5.2586982e-13,0
2005420719163_Node0_Node8_Zero,2006.372444,2006.374376,0,,1,5.2586982e-13,0
2005426179449_Node0_Node8_Zero,2006.372444,2006.374376,0,,1,5.2586982e-13,0
2005431639921_Node0_Node8_Zero,2006.380677,2006.38267,0,,1,6.424532800000001e-13,0
2005437103946_Node0_Node8_Zero,2006.380677,2006.38267,0,,1,6.424532800000001e-13,0
2005442566313_Node0_Node8_Zero,2006.386941,2006.388094,0,,1,5.2586982e-13,0
2005448034143_Node0_Node8_Zero,2006.399858,2006.403076,0,,89,5.2586982e-13,2.931340019052858e-14
2005453501147_Node0_Node8_Zero,2006.401923,2006.406163,0,,50,5.2586982e-13,0
2005458963069_Node0_Node8_Zero,2006.401923,2006.406163,0,,50,5.2586982e-13,0
2005464430256_Node0_Node8_Zero,2006.421771,2006.423764,0,,1,7.103643331980806e-13,0
2005469894226_Node0_Node8_Zero,2006.421771,2006.423764,0,,1,7.103643331980806e-13,0
2005480830479_Node0_Node8_Zero,2006.432123,2006.434335,0,,1,6.688788836511413e-13,0
2005475362702_Node0_Node8_Zero,2006.432123,2006.434335,0,,1,6.688788836511413e-13,0
2005491764583_Node0_Node8_Zero,2006.440378,2006.442371,0,,1,3.575226591278531e-14,0
2005486297573_Node0_Node8_Zero,2006.440378,2006.442371,0,,1,3.575226591278531e-14,0
2005508157564_Node0_Node8_Zero,2006.448157,2006.449389,0,,1,6.057632571923928e-13,5.113179980313138e-14
2005497225787_Node0_Node8_Zero,2006.456282,2006.458435,0,,1,1.2874543409021765e-13,0
2005513622377_Node0_Node8_Zero,2006.456282,2006.458435,0,,1,1.2874543409021765e-13,0
2005502691664_Node0_Node8_Zero,2006.462999,2006.464111,0,,1,6.195569418178253e-13,5.995975796340822e-14
2005519089884_Node0_Node8_Zero,2006.47754,2006.479452,0,,1,6.768939979124632e-13,0
2005524559155_Node0_Node8_Zero,2006.47754,2006.479452,0,,1,6.768939979124632e-13,0
2005535494896_Node0_Node8_Zero,2006.485519,2006.489416,0,,89,5.2586982e-13,2.931340019052858e-14
2005530027831_Node0_Node8_Zero,2006.485519,2006.489416,0,,89,5.2586982e-13,2.931340019052858e-14
2005540958909_Node0_Node8_Zero,2006.487464,2006.491348,0,,3,5.2586982e-13,0
2005546420099_Node0_Node8_Zero,2006.487464,2006.491348,0,,3,5.2586982e-13,0
2005551880596_Node0_Node8_Zero,2006.505523,2006.507515,0,,1,5.2586982e-13,2.585710135717232e-14
2005557349197_Node0_Node8_Zero,2006.505523,2006.507515,0,,1,5.2586982e-13,2.585710135717232e-14
2005562809996_Node0_Node8_Zero,2006.519357,2006.52137,0,,1,5.9144801625e-13,0
2005568277691_Node0_Node8_Zero,2006.519357,2006.52137,0,,1,5.9144801625e-13,0
2005573745467_Node0_Node8_Zero,2006.527406,2006.529339,0,,1,5.2586982e-13,2.4257328754304573e-14
2005579207098_Node0_Node8_Zero,2006.527406,2006.529339,0,,1,5.2586982e-13,2.4257328754304573e-14
2005584670648_Node0_Node8_Zero,2006.535636,2006.537769,0,,1,5.2586982e-13,0
2005590134061_Node0_Node8_Zero,2006.535636,2006.537769,0,,1,5.2586982e-13,0
2005595595458_Node0_Node8_Zero,2006.550912,2006.553104,0,,1,5.9144801625e-13,0
2005601061950_Node0_Node8_Zero,2006.550912,2006.553104,0,,1,5.9144801625e-13,0
2005611991784_Node0_Node8_Zero,2006.568459,2006.570631,0,,1,6.424532800000001e-13,6.557819625e-14
2005606526620_Node0_Node8_Zero,2006.568459,2006.570631,0,,1,6.424532800000001e-13,6.557819625e-14
2005617457068_Node0_Node8_Zero,2006.578989,2006.580962,0,,1,5.2586982e-13,0
2005628385956_Node0_Node8_Zero,2006.578989,2006.580962,0,,1,5.2586982e-13,0
2005622920499_Node0_Node8_Zero,2006.58925,2006.591202,0,,1,5.9144801625e-13,0
2005633850533_Node0_Node8_Zero,2006.58925,2006.591202,0,,1,5.9144801625e-13,0
2005644773052_Node0_Node8_Zero,2006.605303,2006.611048,0,,91,5.854983628528407e-13,0
2005639312986_Node0_Node8_Zero,2006.605303,2006.611048,0,,91,5.854983628528407e-13,0
2005661175302_Node0_Node8_Zero,2006.609134,2006.615095,0,,93,6.557819625e-14,4.19700456e-14
2005655710937_Node0_Node8_Zero,2006.609134,2006.615095,0,,93,6.557819625e-14,4.19700456e-14
2005666635533_Node0_Node8_Zero,2006.621161,2006.622434,0,,1,6.188554851009062e-13,5.951082566457996e-14
2005672096682_Node0_Node8_Zero,2006.629839,2006.632865,0,,3,5.2586982e-13,0
2005677558362_Node0_Node8_Zero,2006.634664,2006.636656,0,,1,4.132696226706941e-14,3.036266615539793e-14
2005683026498_Node0_Node8_Zero,2006.634664,2006.636656,0,,1,4.132696226706941e-14,3.036266615539793e-14
2005688488683_Node0_Node8_Zero,2006.63848,2006.646599,0,,137,9.214732566240733e-14,5.897428842394069e-14
2005693955761_Node0_Node8_Zero,2006.63848,2006.646599,0,,137,9.214732566240733e-14,5.897428842394069e-14
2005699424500_Node0_Node8_Zero,2006.652757,2006.654689,0,,1,5.2586982e-13,0
2005704884896_Node0_Node8_Zero,2006.652757,2006.654689,0,,1,5.2586982e-13,0
2005710348539_Node0_Node8_Zero,2006.660817,2006.666728,0,,91,5.2586982e-13,0
2005715812378_Node0_Node8_Zero,2006.660817,2006.666728,0,,91,5.2586982e-13,0
2005721272790_Node0_Node8_Zero,2006.664688,2006.670704,0,,93,7.029456785190138e-13,0
2005726741311_Node0_Node8_Zero,2006.664688,2006.670704,0,,93,7.029456785190138e-13,0
2005732203476_Node0_Node8_Zero,2006.679601,2006.681554,0,,1,5.2586982e-13,0
2005737666132_Node0_Node8_Zero,2006.679601,2006.681554,0,,1,5.2586982e-13,0
2005743126629_Node0_Node8_Zero,2006.691776,2006.693749,0,,1,5.2586982e-13,0
2005748588753_Node0_Node8_Zero,2006.691776,2006.693749,0,,1,5.2586982e-13,0
2005754049814_Node0_Node8_Zero,2006.699584,2006.701776,0,,1,5.2586982e-13,2.585710135717232e-14
2005759516929_Node0_Node8_Zero,2006.699584,2006.701776,0,,1,5.2586982e-13,2.585710135717232e-14
2005764978865_Node0_Node8_Zero,2006.716259,2006.718352,0,,1,6.557819625e-14,0
2005770443628_Node0_Node8_Zero,2006.716259,2006.718352,0,,1,6.557819625e-14,0
2005775908635_Node0_Node8_Zero,2006.724821,2006.726934,0,,1,6.881596072147472e-13,9.128800530829526e-14
2005781373849_Node0_Node8_Zero,2006.724821,2006.726934,0,,1,6.881596072147472e-13,9.128800530829526e-14
2005786833500_Node0_Node8_Zero,2006.743871,2006.747889,0,,89,5.8538064566458e-13,4.132696226706941e-14
2005797752902_Node0_Node8_Zero,2006.743871,2006.747889,0,,89,5.8538064566458e-13,4.132696226706941e-14
2005803215162_Node0_Node8_Zero,2006.745824,2006.749788,0,,3,5.9144801625e-13,0
2005808680922_Node0_Node8_Zero,2006.745824,2006.749788,0,,3,5.9144801625e-13,0
2005814145324_Node0_Node8_Zero,2006.758802,2006.760875,0,,1,1.675474907452504e-13,9.424546354420335e-14
2005825075352_Node0_Node8_Zero,2006.758802,2006.760875,0,,1,1.675474907452504e-13,9.424546354420335e-14
2005819614530_Node0_Node8_Zero,2006.780872,2006.786755,0,,5,3.989879470377501e-14,2.931340019052858e-14
2005830534876_Node0_Node8_Zero,2006.780872,2006.786755,0,,5,3.989879470377501e-14,2.931340019052858e-14
2005836000740_Node0_Node8_Zero,2006.788633,2006.796926,0,,178,6.424532800000001e-13,0
2005841465260_Node0_Node8_Zero,2006.788633,2006.796926,0,,178,6.424532800000001e-13,0
2005846932757_Node0_Node8_Zero,2006.790544,2006.798968,0,,92,6.076548701973412e-13,0
2005863319276_Node0_Node8_Zero,2006.790544,2006.798968,0,,92,6.076548701973412e-13,0
2005868780014_Node0_Node8_Zero,2006.806829,2006.808802,0,,1,5.2586982e-13,0
2005874245771_Node0_Node8_Zero,2006.806829,2006.808802,0,,1,5.2586982e-13,0
2005879707352_Node0_Node8_Zero,2006.822467,2006.824459,0,,1,1.1658346e-13,6.557819625e-14
2005885173010_Node0_Node8_Zero,2006.822467,2006.824459,0,,1,1.1658346e-13,6.557819625e-14
2005896096182_Node0_Node8_Zero,2006.82925,2006.830503,0,,1,5.2586982e-13,0
2005890634268_Node0_Node8_Zero,2006.835476,2006.838637,0,,2,5.2586982e-13,3.918853971440358e-14
2005901557303_Node0_Node8_Zero,2006.848594,2006.852658,0,,3,5.2586982e-13,2.1413288571428573e-14
2005907021163_Node0_Node8_Zero,2006.848594,2006.852658,0,,3,5.2586982e-13,2.1413288571428573e-14
2005917944895_Node0_Node8_Zero,2006.868065,2006.869997,0,,1,5.2586982e-13,0
2005912484352_Node0_Node8_Zero,2006.868065,2006.869997,0,,1,5.2586982e-13,0
2005923412423_Node0_Node8_Zero,2006.884664,2006.886636,0,,1,5.2586982e-13,0
2005928881772_Node0_Node8_Zero,2006.884664,2006.886636,0,,1,5.2586982e-13,0
2005934342407_Node0_Node8_Zero,2006.891131,2006.893124,0,,1,5.2586982e-13,0
2005945267089_Node0_Node8_Zero,2006.891131,2006.893124,0,,1,5.2586982e-13,0
2005939803971_Node0_Node8_Zero,2006.89502,2006.898809,0,,89,5.2586982e-13,0
2005950733331_Node0_Node8_Zero,2006.89502,2006.898809,0,,89,5.2586982e-13,0
2005956202158_Node0_Node8_Zero,2006.901828,2006.903,0,,1,5.737919201057899e-13,0
2005961664265_Node0_Node8_Zero,2006.937266,2006.939178,0,,1,1.1658346e-13,6.557819625e-14
2005967132667_Node0_Node8_Zero,2006.937266,2006.939178,0,,1,1.1658346e-13,6.557819625e-14
2005978062628_Node0_Node8_Zero,2006.945822,2006.949788,0,,3,5.2586982e-13,0
2005972599168_Node0_Node8_Zero,2006.945822,2006.949788,0,,3,5.2586982e-13,0
2005983524312_Node0_Node8_Zero,2006.951681,2006.953673,0,,1,5.183673438632623e-14,3.599773221272655e-14
2005988991633_Node0_Node8_Zero,2006.951681,2006.953673,0,,1,5.183673438632623e-14,3.599773221272655e-14
2005994453350_Node0_Node8_Zero,2006.96631,2006.968463,0,,1,6.424532800000001e-13,0
2005999917291_Node0_Node8_Zero,2006.96631,2006.968463,0,,1,6.424532800000001e-13,0
2006016314380_Node0_Node8_Zero,2006.975289,2006.977442,0,,1,6.889844873370882e-13,0
2006010849594_Node0_Node8_Zero,2006.975289,2006.977442,0,,1,6.889844873370882e-13,0
2006027244770_Node0_Node8_Zero,2006.98364,2006.984852,0,,1,5.2586982e-13,0
2006021782994_Node0_Node8_Zero,2006.993029,2006.995162,0,,1,6.424532800000001e-13,0
2006032712057_Node0_Node8_Zero,2006.993029,2006.995162,0,,1,6.424532800000001e-13,0
2006038181442_Node0_Node8_Zero,2007.015705,2007.019588,0,,2,6.90956225510425e-13,9.286110309961408e-14
2006043650413_Node0_Node8_Zero,2007.015705,2007.019588,0,,2,6.90956225510425e-13,9.286110309961408e-14
2006049114141_Node0_Node8_Zero,2007.023898,2007.027846,0,,3,6.911776690682777e-13,0
2006054578916_Node0_Node8_Zero,2007.023898,2007.027846,0,,3,6.911776690682777e-13,0
2006060040529_Node0_Node8_Zero,2007.031813,2007.036876,0,,136,5.2586982e-13,0
2006070976041_Node0_Node8_Zero,2007.031813,2007.036876,0,,136,5.2586982e-13,0
2006065509140_Node0_Node8_Zero,2007.033783,2007.040785,0,,138,7.215141741188223e-13,0
2006076438516_Node0_Node8_Zero,2007.033783,2007.040785,0,,138,7.215141741188223e-13,0
2006081902473_Node0_Node8_Zero,2007.034863,2007.043965,0,,182,5.2586982e-13,0
2006098307648_Node0_Node8_Zero,2007.053207,2007.05444,0,,1,6.036642971204263e-14,1.2247950419374092e-13
2006087371784_Node0_Node8_Zero,2007.061745,2007.067742,0,,91,6.755734191040838e-13,0
2006092839249_Node0_Node8_Zero,2007.061745,2007.067742,0,,91,6.755734191040838e-13,0
2006103772404_Node0_Node8_Zero,2007.065798,2007.07392,0,,138,6.924826272991303e-13,9.37197041057608e-14
2006114696840_Node0_Node8_Zero,2007.065798,2007.07392,0,,138,6.924826272991303e-13,9.37197041057608e-14
2006109235176_Node0_Node8_Zero,2007.071918,2007.074988,0,,4,5.2586982e-13,0
2006131091591_Node0_Node8_Zero,2007.081322,2007.082394,0,,1,1.6693075881414558e-13,0
2006120162691_Node0_Node8_Zero,2007.086842,2007.088195,0,,1,6.557819625e-14,4.19700456e-14
2006142027230_Node0_Node8_Zero,2007.092633,2007.094565,0,,1,7.185232911170211e-13,3.036266615539793e-14
2006125627302_Node0_Node8_Zero,2007.092633,2007.094565,0,,1,7.185232911170211e-13,3.036266615539793e-14
2006147487561_Node0_Node8_Zero,2007.099258,2007.100611,0,,1,1.5088912635400283e-13,0
2006136560618_Node0_Node8_Zero,2007.103073,2007.104326,0,,1,5.2586982e-13,0
2006158413956_Node0_Node8_Zero,2007.11368,2007.115813,0,,1,1.1658346e-13,6.557819625e-14
2006152948114_Node0_Node8_Zero,2007.11368,2007.115813,0,,1,1.1658346e-13,6.557819625e-14
2006163879118_Node0_Node8_Zero,2007.12174,2007.123692,0,,1,1.5177784795837343e-13,2.585710135717232e-14
2006169344359_Node0_Node8_Zero,2007.12174,2007.123692,0,,1,1.5177784795837343e-13,2.585710135717232e-14
2006180280718_Node0_Node8_Zero,2007.135986,2007.138019,0,,1,5.2586982e-13,0
2006174812355_Node0_Node8_Zero,2007.135986,2007.138019,0,,1,5.2586982e-13,0
2006185744063_Node0_Node8_Zero,2007.148352,2007.150284,0,,1,6.701809676135794e-13,0
2006191209842_Node0_Node8_Zero,2007.148352,2007.150284,0,,1,6.701809676135794e-13,0
2006202134449_Node0_Node8_Zero,2007.160174,2007.162247,0,,1,6.424532800000001e-13,0
2006196669952_Node0_Node8_Zero,2007.160174,2007.162247,0,,1,6.424532800000001e-13,0
2006207595981_Node0_Node8_Zero,2007.167949,2007.169942,0,,1,6.424532800000001e-13,0
2006213056376_Node0_Node8_Zero,2007.167949,2007.169942,0,,1,6.424532800000001e-13,0
2006223986314_Node0_Node8_Zero,2007.181711,2007.183623,0,,1,6.424532800000001e-13,0
2006218525848_Node0_Node8_Zero,2007.181711,2007.183623,0,,1,6.424532800000001e-13,0
2006229446023_Node0_Node8_Zero,2007.189503,2007.191616,0,,1,5.2586982e-13,0
2006234914048_Node0_Node8_Zero,2007.189503,2007.191616,0,,1,5.2586982e-13,0
2006240374694_Node0_Node8_Zero,2007.198121,2007.200053,0,,1,3.5194387958373437e-14,1.156293894406661e-13
2006245839410_Node0_Node8_Zero,2007.198121,2007.200053,0,,1,3.5194387958373437e-14,1.156293894406661e-13
2006251304312_Node0_Node8_Zero,2007.206647,2007.208599,0,,1,5.2586982e-13,2.585710135717232e-14
2006256773761_Node0_Node8_Zero,2007.206647,2007.208599,0,,1,5.2586982e-13,2.585710135717232e-14
2006262234907_Node0_Node8_Zero,2007.214529,2007.216722,0,,1,5.2586982e-13,0
2006267701519_Node0_Node8_Zero,2007.214529,2007.216722,0,,1,5.2586982e-13,0
2006273167413_Node0_Node8_Zero,2007.239978,2007.24191,0,,1,4.19700456e-14,0
2006278632244_Node0_Node8_Zero,2007.239978,2007.24191,0,,1,4.19700456e-14,0
2006284093556_Node0_Node8_Zero,2007.254216,2007.256129,0,,1,5.2586982e-13,0
2006289562830_Node0_Node8_Zero,2007.254216,2007.256129,0,,1,5.2586982e-13,0
2006295032192_Node0_Node8_Zero,2007.262235,2007.264148,0,,1,5.2586982e-13,0
2006300496063_Node0_Node8_Zero,2007.262235,2007.264148,0,,1,5.2586982e-13,0
2006311426474_Node0_Node8_Zero,2007.269307,2007.27064,0,,1,5.2586982e-13,0
2006305959976_Node0_Node8_Zero,2007.275791,2007.277084,0,,1,5.842998e-13,0
2006322351979_Node0_Node8_Zero,2007.287572,2007.288864,0,,1,6.424532800000001e-13,0
2006316886469_Node0_Node8_Zero,2007.293122,2007.294255,0,,1,5.2586982e-13,0
2006327817237_Node0_Node8_Zero,2007.299217,2007.30035,0,,1,1.1658346e-13,0
2006333278882_Node0_Node8_Zero,2007.306668,2007.314594,0,,94,5.2586982e-13,0
2006344206353_Node0_Node8_Zero,2007.306668,2007.314594,0,,94,5.2586982e-13,0
2006338745847_Node0_Node8_Zero,2007.317081,2007.323795,0,,98,8.354529404827616e-14,0
2006355137249_Node0_Node8_Zero,2007.322677,2007.331691,0,,3,2.10347928e-14,0
2006349670933_Node0_Node8_Zero,2007.329519,2007.331691,0,,1,2.10347928e-14,0
2006366061239_Node0_Node8_Zero,2007.336714,2007.339059,0,,2,5.2586982e-13,5.809097839939522e-14
2006360599217_Node0_Node8_Zero,2007.366093,2007.372036,0,,178,6.557819625e-14,0
2006371522317_Node0_Node8_Zero,2007.366093,2007.372036,0,,178,6.557819625e-14,0
2006376986680_Node0_Node8_Zero,2007.367984,2007.374148,0,,92,6.742873774259438e-13,2.338831647620357e-14
2006387914953_Node0_Node8_Zero,2007.367984,2007.374148,0,,92,6.742873774259438e-13,2.338831647620357e-14
2006382450993_Node0_Node8_Zero,2007.369964,2007.377887,0,,94,6.068952537393532e-13,0
2006393383716_Node0_Node8_Zero,2007.369964,2007.377887,0,,94,6.068952537393532e-13,0
2006404311833_Node0_Node8_Zero,2007.386354,2007.388486,0,,1,5.865374613908484e-13,0
2006398850784_Node0_Node8_Zero,2007.386354,2007.388486,0,,1,5.865374613908484e-13,0
2006409775042_Node0_Node8_Zero,2007.417441,2007.419433,0,,1,5.2586982e-13,0
2006415241396_Node0_Node8_Zero,2007.417441,2007.419433,0,,1,5.2586982e-13,0
2006420701922_Node0_Node8_Zero,2007.430944,2007.434961,0,,89,6.424532800000001e-13,0
2006431635540_Node0_Node8_Zero,2007.430944,2007.434961,0,,89,6.424532800000001e-13,0
2006426171035_Node0_Node8_Zero,2007.432944,2007.436927,0,,3,6.424532800000001e-13,0
2006437098900_Node0_Node8_Zero,2007.432944,2007.436927,0,,3,6.424532800000001e-13,0
2006448026619_Node0_Node8_Zero,2007.454032,2007.455105,0,,1,6.424532800000001e-13,0
2006442562520_Node0_Node8_Zero,2007.461571,2007.463743,0,,1,5.2586982e-13,0
2006453490469_Node0_Node8_Zero,2007.461571,2007.463743,0,,1,5.2586982e-13,0
2006458956450_Node0_Node8_Zero,2007.474289,2007.476422,0,,1,5.2586982e-13,0
2006464420050_Node0_Node8_Zero,2007.474289,2007.476422,0,,1,5.2586982e-13,0
2006469882667_Node0_Node8_Zero,2007.486556,2007.490433,0,,89,1.1658346e-13,6.557819625e-14
2006475346754_Node0_Node8_Zero,2007.486556,2007.490433,0,,89,1.1658346e-13,6.557819625e-14
2006486272455_Node0_Node8_Zero,2007.488484,2007.492327,0,,3,6.424532800000001e-13,0
2006480806825_Node0_Node8_Zero,2007.488484,2007.492327,0,,3,6.424532800000001e-13,0
2006491740799_Node0_Node8_Zero,2007.499319,2007.502404,0,,2,6.424532800000001e-13,0
2006497201068_Node0_Node8_Zero,2007.506358,2007.50833,0,,1,5.2586982e-13,0
2006502663033_Node0_Node8_Zero,2007.506358,2007.50833,0,,1,5.2586982e-13,0
2006519055189_Node0_Node8_Zero,2007.512531,2007.513684,0,,1,6.089882868690844e-13,0
2006508124439_Node0_Node8_Zero,2007.520532,2007.521604,0,,1,6.837802422670694e-13,0
2006529982692_Node0_Node8_Zero,2007.525639,2007.533327,0,,146,5.2586982e-13,0
2006513588669_Node0_Node8_Zero,2007.528877,2007.53757,0,,98,3.588318117772376e-14,0
2006524522229_Node0_Node8_Zero,2007.531941,2007.53757,0,,3,3.588318117772376e-14,0
2006535443215_Node0_Node8_Zero,2007.535478,2007.538668,0,,3,5.2586982e-13,0
2006540904195_Node0_Node8_Zero,2007.58403,2007.585103,0,,1,5.2586982e-13,0
2006546366933_Node0_Node8_Zero,2007.59386,2007.595973,0,,1,5.2586982e-13,0
2006551831145_Node0_Node8_Zero,2007.59386,2007.595973,0,,1,5.2586982e-13,0
2006568215944_Node0_Node8_Zero,2007.618127,2007.620119,0,,1,6.557819625e-14,4.19700456e-14
2006557294792_Node0_Node8_Zero,2007.618127,2007.620119,0,,1,6.557819625e-14,4.19700456e-14
2006562754293_Node0_Node8_Zero,2007.624232,2007.625344,0,,1,5.842998e-13,0
2006573682531_Node0_Node8_Zero,2007.62883,2007.630083,0,,1,6.424532800000001e-13,0
2006579146686_Node0_Node8_Zero,2007.639931,2007.641904,0,,1,6.424532800000001e-13,0
2006590081105_Node0_Node8_Zero,2007.639931,2007.641904,0,,1,6.424532800000001e-13,0
2006584615615_Node0_Node8_Zero,2007.647642,2007.648794,0,,1,5.2586982e-13,0
2006606477282_Node0_Node8_Zero,2007.651781,2007.654863,0,,2,6.424532800000001e-13,0
2006595549157_Node0_Node8_Zero,2007.651781,2007.654863,0,,2,6.424532800000001e-13,0
2006611941127_Node0_Node8_Zero,2007.658099,2007.659452,0,,1,5.2586982e-13,0
2006622864956_Node0_Node8_Zero,2007.669644,2007.670896,0,,1,4.19700456e-14,2.9145865e-14
2006617404539_Node0_Node8_Zero,2007.684903,2007.688847,0,,2,6.666473718334937e-13,0
2006628331802_Node0_Node8_Zero,2007.684903,2007.688847,0,,2,6.666473718334937e-13,0
2006639265619_Node0_Node8_Zero,2007.69313,2007.695043,0,,1,6.666473718334937e-13,0
2006644732476_Node0_Node8_Zero,2007.69313,2007.695043,0,,1,6.666473718334937e-13,0
2006650197602_Node0_Node8_Zero,2007.71077,2007.712843,0,,1,5.865374613908484e-13,0
2006655664403_Node0_Node8_Zero,2007.71077,2007.712843,0,,1,5.865374613908484e-13,0
2006661124184_Node0_Node8_Zero,2007.714681,2007.716653,0,,1,5.8538064566458e-13,4.132696226706941e-14
2006677519780_Node0_Node8_Zero,2007.714681,2007.716653,0,,1,5.8538064566458e-13,4.132696226706941e-14
2006666586668_Node0_Node8_Zero,2007.744545,2007.745617,0,,1,5.2586982e-13,2.1413288571428573e-14
2006672050931_Node0_Node8_Zero,2007.757389,2007.759542,0,,1,7.036666946141813e-13,0
2006682987725_Node0_Node8_Zero,2007.757389,2007.759542,0,,1,7.036666946141813e-13,0
2006688453263_Node0_Node8_Zero,2007.771196,2007.773369,0,,1,5.2586982e-13,0
2006693919312_Node0_Node8_Zero,2007.771196,2007.773369,0,,1,5.2586982e-13,0
2006699383425_Node0_Node8_Zero,2007.78518,2007.787333,0,,1,6.424532800000001e-13,6.557819625e-14
2006710315327_Node0_Node8_Zero,2007.78518,2007.787333,0,,1,6.424532800000001e-13,6.557819625e-14
2006715784616_Node0_Node8_Zero,2007.794013,2007.795223,0,,1,5.2586982e-13,0
2006704852012_Node0_Node8_Zero,2007.824883,2007.826036,0,,1,6.557819625e-14,0
2006721247939_Node0_Node8_Zero,2007.835162,2007.837355,0,,1,5.2586982e-13,0
2006726709431_Node0_Node8_Zero,2007.835162,2007.837355,0,,1,5.2586982e-13,0
2006732178082_Node0_Node8_Zero,2007.84622,2007.848213,0,,1,5.85672300456096e-13,4.152950031673333e-14
2006737645645_Node0_Node8_Zero,2007.84622,2007.848213,0,,1,5.85672300456096e-13,4.152950031673333e-14
2006743106368_Node0_Node8_Zero,2007.864701,2007.868679,0,,90,6.424532800000001e-13,9.21642619838722e-14
2006754037894_Node0_Node8_Zero,2007.864701,2007.868679,0,,90,6.424532800000001e-13,9.21642619838722e-14
2006748573590_Node0_Node8_Zero,2007.866764,2007.870568,0,,4,5.2586982e-13,0
2006764965891_Node0_Node8_Zero,2007.866764,2007.870568,0,,4,5.2586982e-13,0
2006770431875_Node0_Node8_Zero,2007.879514,2007.881587,0,,1,6.424532800000001e-13,0
2006775899227_Node0_Node8_Zero,2007.879514,2007.881587,0,,1,6.424532800000001e-13,0
2006786832492_Node0_Node8_Zero,2007.886783,2007.89227,0,,50,5.9144801625e-13,0
2006781366648_Node0_Node8_Zero,2007.899974,2007.901246,0,,1,6.773162323716745e-13,0
2006792297841_Node0_Node8_Zero,2007.906606,2007.916069,0,,94,5.2586982e-13,0
2006797762022_Node0_Node8_Zero,2007.906606,2007.916069,0,,94,5.2586982e-13,0
2006808688641_Node0_Node8_Zero,2007.919865,2007.921798,0,,1,9.378404947485076e-14,6.002179166390448e-14
2006803226036_Node0_Node8_Zero,2007.919865,2007.921798,0,,1,9.378404947485076e-14,6.002179166390448e-14
2006819618884_Node0_Node8_Zero,2007.926602,2007.928554,0,,1,2.0285659310336416e-13,2.6331748334096677e-14
2006814154321_Node0_Node8_Zero,2007.926602,2007.928554,0,,1,2.0285659310336416e-13,2.6331748334096677e-14
2006830552759_Node0_Node8_Zero,2007.931761,2007.933034,0,,1,5.2586982e-13,0
2006825085066_Node0_Node8_Zero,2007.93511,2007.936263,0,,1,5.2586982e-13,0
2006836016446_Node0_Node8_Zero,2007.941388,2007.94262,0,,1,6.911384350532909e-13,0
2006841479251_Node0_Node8_Zero,2007.949042,2007.951243,0,,2,5.2586982e-13,0
2006852416062_Node0_Node8_Zero,2007.954124,2007.957304,0,,48,5.2586982e-13,0
2006846946720_Node0_Node8_Zero,2007.954124,2007.957304,0,,48,5.2586982e-13,0
2006863344160_Node0_Node8_Zero,2007.95832,2007.963492,0,,139,3.989879470377501e-14,2.931340019052858e-14
2006857876352_Node0_Node8_Zero,2007.962364,2007.965843,0,,51,5.2586982e-13,0
2006874270024_Node0_Node8_Zero,2007.981392,2007.983365,0,,1,5.2586982e-13,0
2006868810316_Node0_Node8_Zero,2007.981392,2007.983365,0,,1,5.2586982e-13,0
2006885202778_Node0_Node8_Zero,2007.991159,2007.993211,0,,1,3.644961335580016e-14,0
2006879738519_Node0_Node8_Zero,2007.991159,2007.993211,0,,1,3.644961335580016e-14,0
2006890671511_Node0_Node8_Zero,2007.997591,2007.999564,0,,1,6.068647174786347e-13,0
2006896135870_Node0_Node8_Zero,2007.997591,2007.999564,0,,1,6.068647174786347e-13,0
2006907059970_Node0_Node8_Zero,2008.004763,2008.006136,0,,1,6.188554851009062e-13,5.951082566457996e-14
2006901597906_Node0_Node8_Zero,2008.011707,2008.01366,0,,1,5.2586982e-13,2.636968128712777e-14
2006912523059_Node0_Node8_Zero,2008.011707,2008.01366,0,,1,5.2586982e-13,2.636968128712777e-14
2006917990542_Node0_Node8_Zero,2008.021339,2008.023452,0,,1,6.854649988151001e-13,8.977228808349377e-14
2006928926195_Node0_Node8_Zero,2008.021339,2008.023452,0,,1,6.854649988151001e-13,8.977228808349377e-14
2006923457518_Node0_Node8_Zero,2008.02797,2008.029223,0,,1,5.9144801625e-13,0
2006939847849_Node0_Node8_Zero,2008.038087,2008.040259,0,,1,5.2586982e-13,0
2006934386381_Node0_Node8_Zero,2008.038087,2008.040259,0,,1,5.2586982e-13,0
2006945312049_Node0_Node8_Zero,2008.046271,2008.048424,0,,1,6.843071432670335e-13,0
2006950773457_Node0_Node8_Zero,2008.046271,2008.048424,0,,1,6.843071432670335e-13,0
2006956241136_Node0_Node8_Zero,2008.052476,2008.053748,0,,1,5.2586982e-13,0
2006961702354_Node0_Node8_Zero,2008.058319,2008.059571,0,,1,5.2586982e-13,0
2006972629531_Node0_Node8_Zero,2008.069558,2008.071591,0,,1,5.722051306959383e-13,3.2177299094401566e-14
2006967165498_Node0_Node8_Zero,2008.069558,2008.071591,0,,1,5.722051306959383e-13,3.2177299094401566e-14
2006978090900_Node0_Node8_Zero,2008.081073,2008.083065,0,,1,5.2586982e-13,0
2006983556955_Node0_Node8_Zero,2008.081073,2008.083065,0,,1,5.2586982e-13,0
2006989025484_Node0_Node8_Zero,2008.093191,2008.095203,0,,1,6.70157130663386e-13,0
2006994492463_Node0_Node8_Zero,2008.093191,2008.095203,0,,1,6.70157130663386e-13,0
2006999955151_Node0_Node8_Zero,2008.107359,2008.109371,0,,1,6.557819625e-14,4.19700456e-14
2007005421713_Node0_Node8_Zero,2008.107359,2008.109371,0,,1,6.557819625e-14,4.19700456e-14
2007010890801_Node0_Node8_Zero,2008.11863,2008.120703,0,,1,6.424532800000001e-13,0
2007016352445_Node0_Node8_Zero,2008.11863,2008.120703,0,,1,6.424532800000001e-13,0
2007021818766_Node0_Node8_Zero,2008.129814,2008.135632,0,,91,5.83324084373436e-13,3.989879470377501e-14
2007027279229_Node0_Node8_Zero,2008.129814,2008.135632,0,,91,5.83324084373436e-13,3.989879470377501e-14
2007032741662_Node0_Node8_Zero,2008.133681,2008.139746,0,,92,5.780043039989624e-13,3.620450277705721e-14
2007038203869_Node0_Node8_Zero,2008.133681,2008.139746,0,,92,5.780043039989624e-13,3.620450277705721e-14
2007049131482_Node0_Node8_Zero,2008.146412,2008.147725,0,,1,6.063196335442862e-13,0
2007043663781_Node0_Node8_Zero,2008.152585,2008.153817,0,,1,8.033292218725768e-14,5.141307019984492e-14
2007054593744_Node0_Node8_Zero,2008.163934,2008.166026,0,,1,6.424532800000001e-13,0
2007060063220_Node0_Node8_Zero,2008.163934,2008.166026,0,,1,6.424532800000001e-13,0
2007070991943_Node0_Node8_Zero,2008.175388,2008.176641,0,,1,6.094972545666341e-13,0
2007065532043_Node0_Node8_Zero,2008.183992,2008.186165,0,,1,6.911776690682777e-13,0
2007081918929_Node0_Node8_Zero,2008.183992,2008.186165,0,,1,6.911776690682777e-13,0
2007076452330_Node0_Node8_Zero,2008.193768,2008.19592,0,,1,6.912725416025068e-13,0
2007087386470_Node0_Node8_Zero,2008.193768,2008.19592,0,,1,6.912725416025068e-13,0
2007092850297_Node0_Node8_Zero,2008.202428,2008.204381,0,,1,6.93565197865541e-13,0
2007098310774_Node0_Node8_Zero,2008.202428,2008.204381,0,,1,6.93565197865541e-13,0
2007103778829_Node0_Node8_Zero,2008.218222,2008.220135,0,,1,1.6769537786554101e-13,0
2007114705886_Node0_Node8_Zero,2008.218222,2008.220135,0,,1,1.6769537786554101e-13,0
2007109243991_Node0_Node8_Zero,2008.224204,2008.226136,0,,1,5.2586982e-13,0
2007125641089_Node0_Node8_Zero,2008.224204,2008.226136,0,,1,5.2586982e-13,0
2007120174958_Node0_Node8_Zero,2008.229238,2008.23045,0,,1,6.076571630577851e-13,0
2007136569042_Node0_Node8_Zero,2008.235739,2008.237092,0,,1,6.196497445164203e-13,0
2007131101544_Node0_Node8_Zero,2008.245509,2008.247722,0,,1,5.9144801625e-13,0
2007158430979_Node0_Node8_Zero,2008.245509,2008.247722,0,,1,5.9144801625e-13,0
2007152965744_Node0_Node8_Zero,2008.255161,2008.257294,0,,1,6.545790163776063e-13,0
2007169360852_Node0_Node8_Zero,2008.255161,2008.257294,0,,1,6.545790163776063e-13,0
2007163892051_Node0_Node8_Zero,2008.273017,2008.27521,0,,1,5.9144801625e-13,4.19700456e-14
2007174829178_Node0_Node8_Zero,2008.273017,2008.27521,0,,1,5.9144801625e-13,4.19700456e-14
2007180298066_Node0_Node8_Zero,2008.28385,2008.285822,0,,1,6.424532800000001e-13,0
2007185758686_Node0_Node8_Zero,2008.28385,2008.285822,0,,1,6.424532800000001e-13,0
2007196680646_Node0_Node8_Zero,2008.290661,2008.292013,0,,1,8.044259830376695e-14,5.148326291441085e-14
2007191220499_Node0_Node8_Zero,2008.301054,2008.302267,0,,1,6.07831273592062e-13,0
2007202148133_Node0_Node8_Zero,2008.312997,2008.31501,0,,1,5.2586982e-13,0
2007213084023_Node0_Node8_Zero,2008.312997,2008.31501,0,,1,5.2586982e-13,0
2007207614880_Node0_Node8_Zero,2008.337606,2008.339619,0,,1,5.2586982e-13,0
2007224007527_Node0_Node8_Zero,2008.337606,2008.339619,0,,1,5.2586982e-13,0
2007229467141_Node0_Node8_Zero,2008.344625,2008.345917,0,,1,1.1658346e-13,6.557819625e-14
2007218543916_Node0_Node8_Zero,2008.349497,2008.350729,0,,1,5.2586982e-13,0
2007234936323_Node0_Node8_Zero,2008.361901,2008.363853,0,,1,1.1658346e-13,6.557819625e-14
2007245857448_Node0_Node8_Zero,2008.361901,2008.363853,0,,1,1.1658346e-13,6.557819625e-14
2007240397766_Node0_Node8_Zero,2008.369087,2008.372052,0,,50,1.5648225470377502e-13,2.931340019052858e-14
2007251322100_Node0_Node8_Zero,2008.369087,2008.372052,0,,50,1.5648225470377502e-13,2.931340019052858e-14
2007267713672_Node0_Node8_Zero,2008.376503,2008.377656,0,,1,5.2586982e-13,3.1557739102432374e-14
2007256788373_Node0_Node8_Zero,2008.380624,2008.384674,0,,50,3.5958086615896257e-14,2.641818608514827e-14
2007273178440_Node0_Node8_Zero,2008.380624,2008.384674,0,,50,3.5958086615896257e-14,2.641818608514827e-14
2007262251447_Node0_Node8_Zero,2008.398939,2008.40206,0,,3,5.2586982e-13,0
2007289565483_Node0_Node8_Zero,2008.410044,2008.411977,0,,1,5.2586982e-13,2.585710135717232e-14
2007278641432_Node0_Node8_Zero,2008.410044,2008.411977,0,,1,5.2586982e-13,2.585710135717232e-14
2007284101712_Node0_Node8_Zero,2008.41586,2008.417933,0,,1,5.2586982e-13,2.3989079081708186e-14
2007300488660_Node0_Node8_Zero,2008.41586,2008.417933,0,,1,5.2586982e-13,2.3989079081708186e-14
2007305953621_Node0_Node8_Zero,2008.42741,2008.431428,0,,89,5.2586982e-13,0
2007295026907_Node0_Node8_Zero,2008.42741,2008.431428,0,,89,5.2586982e-13,0
2007311416193_Node0_Node8_Zero,2008.429443,2008.435454,0,,92,6.557819625e-14,4.19700456e-14
2007316875981_Node0_Node8_Zero,2008.429443,2008.435454,0,,92,6.557819625e-14,4.19700456e-14
2007333273723_Node0_Node8_Zero,2008.43729,2008.441473,0,,90,6.23880634270307e-13,0
2007322344625_Node0_Node8_Zero,2008.43729,2008.441473,0,,90,6.23880634270307e-13,0
2007338737062_Node0_Node8_Zero,2008.443366,2008.447256,0,,89,1.6780778798642863e-13,0
2007327811705_Node0_Node8_Zero,2008.443366,2008.447256,0,,89,1.6780778798642863e-13,0
2007344204538_Node0_Node8_Zero,2008.45141,2008.454627,0,,48,5.859377791866494e-13,4.171386054628434e-14
2007355139060_Node0_Node8_Zero,2008.45141,2008.454627,0,,48,5.859377791866494e-13,4.171386054628434e-14
2007349673684_Node0_Node8_Zero,2008.452584,2008.455807,0,,4,5.788661138584774e-13,3.680298184616483e-14
2007360599676_Node0_Node8_Zero,2008.464123,2008.465336,0,,1,8.035185870660398e-14,5.1425189572226546e-14
2007366061644_Node0_Node8_Zero,2008.475471,2008.476784,0,,1,5.2586982e-13,0
2007371530539_Node0_Node8_Zero,2008.488288,2008.490321,0,,1,5.9144801625e-13,0
2007376995918_Node0_Node8_Zero,2008.488288,2008.490321,0,,1,5.9144801625e-13,0
2007387924387_Node0_Node8_Zero,2008.498079,2008.500231,0,,1,5.9144801625e-13,0
2007382458304_Node0_Node8_Zero,2008.498079,2008.500231,0,,1,5.9144801625e-13,0
2007393389488_Node0_Node8_Zero,2008.531332,2008.533444,0,,1,5.2586982e-13,0
2007398855705_Node0_Node8_Zero,2008.531332,2008.533444,0,,1,5.2586982e-13,0
2007409783123_Node0_Node8_Zero,2008.552612,2008.55667,0,,89,6.424532800000001e-13,0
2007404322448_Node0_Node8_Zero,2008.552612,2008.55667,0,,89,6.424532800000001e-13,0
2007415248221_Node0_Node8_Zero,2008.554623,2008.558828,0,,3,6.424532800000001e-13,0
2007420717689_Node0_Node8_Zero,2008.554623,2008.558828,0,,3,6.424532800000001e-13,0
2007426182293_Node0_Node8_Zero,2008.57286,2008.574833,0,,1,1.4970359910408377e-13,0
2007431642425_Node0_Node8_Zero,2008.57286,2008.574833,0,,1,1.4970359910408377e-13,0
2007437108577_Node0_Node8_Zero,2008.578896,2008.580249,0,,1,6.068647174786347e-13,5.183673438632623e-14
2007442568224_Node0_Node8_Zero,2008.593085,2008.594217,0,,1,5.9144801625e-13,4.19700456e-14
2007448033091_Node0_Node8_Zero,2008.596239,2008.598152,0,,1,1.1658346e-13,0
2007453500570_Node0_Node8_Zero,2008.596239,2008.598152,0,,1,1.1658346e-13,0
2007458961325_Node0_Node8_Zero,2008.613173,2008.617131,0,,90,5.2586982e-13,0
2007464422669_Node0_Node8_Zero,2008.613173,2008.617131,0,,90,5.2586982e-13,0
2007469887541_Node0_Node8_Zero,2008.615163,2008.620984,0,,93,5.678398656000001e-13,0
2007475351109_Node0_Node8_Zero,2008.615163,2008.620984,0,,93,5.678398656000001e-13,0
2007480819950_Node0_Node8_Zero,2008.622811,2008.624784,0,,1,6.424532800000001e-13,0
2007486281362_Node0_Node8_Zero,2008.622811,2008.624784,0,,1,6.424532800000001e-13,0
2007497214777_Node0_Node8_Zero,2008.641946,2008.643859,0,,1,5.2586982e-13,0
2007491746494_Node0_Node8_Zero,2008.641946,2008.643859,0,,1,5.2586982e-13,0
2007502680369_Node0_Node8_Zero,2008.656623,2008.658635,0,,1,5.9144801625e-13,4.19700456e-14
2007508148115_Node0_Node8_Zero,2008.656623,2008.658635,0,,1,5.9144801625e-13,4.19700456e-14
2007513608508_Node0_Node8_Zero,2008.673343,2008.675296,0,,1,5.2586982e-13,6.557819625e-14
2007519073849_Node0_Node8_Zero,2008.673343,2008.675296,0,,1,5.2586982e-13,6.557819625e-14
2007524538216_Node0_Node8_Zero,2008.677287,2008.67928,0,,1,5.2586982e-13,0
2007530007457_Node0_Node8_Zero,2008.677287,2008.67928,0,,1,5.2586982e-13,0
2007546405945_Node0_Node8_Zero,2008.697463,2008.699475,0,,1,4.23624039735337e-14,3.112339883769823e-14
2007551866220_Node0_Node8_Zero,2008.697463,2008.699475,0,,1,4.23624039735337e-14,3.112339883769823e-14
2007557328141_Node0_Node8_Zero,2008.705185,2008.709011,0,,3,1.4430854133111847e-13,0
2007562788090_Node0_Node8_Zero,2008.705185,2008.709011,0,,3,1.4430854133111847e-13,0
2007568249776_Node0_Node8_Zero,2008.713096,2008.715308,0,,1,5.2586982e-13,0
2007573714490_Node0_Node8_Zero,2008.713096,2008.715308,0,,1,5.2586982e-13,0
2007584646799_Node0_Node8_Zero,2008.720795,2008.73219,0,,186,5.2586982e-13,0
2007579182935_Node0_Node8_Zero,2008.721943,2008.737904,0,,232,6.424532800000001e-13,0
2007590112357_Node0_Node8_Zero,2008.728874,2008.737904,0,,93,6.424532800000001e-13,0
2007595573928_Node0_Node8_Zero,2008.728874,2008.74171,0,,183,2.9145865e-14,0
2007601042924_Node0_Node8_Zero,2008.73599,2008.74171,0,,91,2.9145865e-14,0
2007606504703_Node0_Node8_Zero,2008.73599,2008.742787,0,,93,5.2586982e-13,0
2007611972983_Node0_Node8_Zero,2008.752516,2008.755733,0,,47,5.8538064566458e-13,4.132696226706941e-14
2007617438642_Node0_Node8_Zero,2008.752516,2008.755733,0,,47,5.8538064566458e-13,4.132696226706941e-14
2007622906024_Node0_Node8_Zero,2008.753684,2008.758685,0,,91,6.943910460856901e-13,0
2007628366513_Node0_Node8_Zero,2008.785776,2008.787088,0,,1,5.2586982e-13,0
2007633831021_Node0_Node8_Zero,2008.798142,2008.800315,0,,1,5.9144801625e-13,0
2007639297492_Node0_Node8_Zero,2008.798142,2008.800315,0,,1,5.9144801625e-13,0
2007644765872_Node0_Node8_Zero,2008.82231,2008.825427,0,,48,5.2586982e-13,0
2007650231865_Node0_Node8_Zero,2008.82231,2008.825427,0,,48,5.2586982e-13,0
2007661153884_Node0_Node8_Zero,2008.823444,2008.826587,0,,4,6.099094561294089e-13,5.836085842320063e-14
2007655691876_Node0_Node8_Zero,2008.837702,2008.838954,0,,1,6.557819625e-14,4.19700456e-14
2007666614191_Node0_Node8_Zero,2008.845469,2008.847682,0,,1,6.890648228975685e-13,0
2007672082539_Node0_Node8_Zero,2008.845469,2008.847682,0,,1,6.890648228975685e-13,0
2007677551818_Node0_Node8_Zero,2008.852125,2008.853357,0,,1,4.805850468122295e-14,3.337396158418261e-14
2007683018855_Node0_Node8_Zero,2008.863716,2008.864869,0,,1,6.075873886803637e-13,0
2007688478640_Node0_Node8_Zero,2008.871207,2008.87316,0,,1,5.2586982e-13,3.918853971440358e-14
2007693940899_Node0_Node8_Zero,2008.871207,2008.87316,0,,1,5.2586982e-13,3.918853971440358e-14
2007704867753_Node0_Node8_Zero,2008.887918,2008.890091,0,,1,6.557819625e-14,0
2007699404243_Node0_Node8_Zero,2008.887918,2008.890091,0,,1,6.557819625e-14,0
2007710328674_Node0_Node8_Zero,2008.897846,2008.899978,0,,1,5.2586982e-13,2.472802860032763e-14
2007715796730_Node0_Node8_Zero,2008.897846,2008.899978,0,,1,5.2586982e-13,2.472802860032763e-14
2007726727935_Node0_Node8_Zero,2008.908467,2008.91042,0,,1,5.2586982e-13,0
2007721262268_Node0_Node8_Zero,2008.908467,2008.91042,0,,1,5.2586982e-13,0
2007732191294_Node0_Node8_Zero,2008.925543,2008.927476,0,,1,1.445227553969645e-13,8.129404991079253e-14
2007737659276_Node0_Node8_Zero,2008.925543,2008.927476,0,,1,1.445227553969645e-13,8.129404991079253e-14
2007743126793_Node0_Node8_Zero,2008.931454,2008.933366,0,,1,5.2586982e-13,0
2007748591083_Node0_Node8_Zero,2008.931454,2008.933366,0,,1,5.2586982e-13,0
2007759523176_Node0_Node8_Zero,2008.945356,2008.949359,0,,3,5.2586982e-13,0
2007754054909_Node0_Node8_Zero,2008.945356,2008.949359,0,,3,5.2586982e-13,0
2007764991882_Node0_Node8_Zero,2008.953327,2008.955399,0,,1,1.445227553969645e-13,8.129404991079253e-14
2007770456695_Node0_Node8_Zero,2008.953327,2008.955399,0,,1,1.445227553969645e-13,8.129404991079253e-14
2007781389546_Node0_Node8_Zero,2008.959291,2008.96822,0,,100,8.142807181539406e-14,5.21139659618522e-14
2007775925831_Node0_Node8_Zero,2008.966447,2008.975055,0,,3,9.298566510090618e-14,5.951082566457996e-14
2007792313950_Node0_Node8_Zero,2008.973003,2008.975055,0,,1,9.298566510090618e-14,5.951082566457996e-14
2007786849904_Node0_Node8_Zero,2008.973003,2008.978244,0,,92,6.050571929063402e-13,0
2007797782429_Node0_Node8_Zero,2008.981719,2008.982792,0,,1,3.989879470377501e-14,0
2007803248798_Node0_Node8_Zero,2008.991497,2008.992609,0,,1,6.704449963594187e-13,8.132353670217298e-14
2007814171742_Node0_Node8_Zero,2009.007304,2009.011093,0,,3,6.557819625e-14,4.19700456e-14
2007808710497_Node0_Node8_Zero,2009.007304,2009.011093,0,,3,6.557819625e-14,4.19700456e-14
2007819635266_Node0_Node8_Zero,2009.023126,2009.027063,0,,89,6.02679357840231e-13,0
2007825104033_Node0_Node8_Zero,2009.023126,2009.027063,0,,89,6.02679357840231e-13,0
2007836036039_Node0_Node8_Zero,2009.025024,2009.029007,0,,3,5.765497386600578e-13,0
2007830571327_Node0_Node8_Zero,2009.025024,2009.029007,0,,3,5.765497386600578e-13,0
2007841505425_Node0_Node8_Zero,2009.05758,2009.059593,0,,1,1.1658346e-13,0
2007846972093_Node0_Node8_Zero,2009.05758,2009.059593,0,,1,1.1658346e-13,0
2007857901410_Node0_Node8_Zero,2009.063965,2009.065958,0,,1,5.2586982e-13,9.179718912988228e-14
2007852432280_Node0_Node8_Zero,2009.063965,2009.065958,0,,1,5.2586982e-13,9.179718912988228e-14
2007863365090_Node0_Node8_Zero,2009.07184,2009.073953,0,,1,1.631950028975685e-13,0
2007868827830_Node0_Node8_Zero,2009.07184,2009.073953,0,,1,1.631950028975685e-13,0
2007874287374_Node0_Node8_Zero,2009.080301,2009.082253,0,,1,1.7114427227514035e-13,9.626865315476646e-14
2007879753015_Node0_Node8_Zero,2009.080301,2009.082253,0,,1,1.7114427227514035e-13,9.626865315476646e-14
2007885221636_Node0_Node8_Zero,2009.086447,2009.08858,0,,1,6.970140922751404e-13,1.2212575451193877e-13
2007890687928_Node0_Node8_Zero,2009.086447,2009.08858,0,,1,6.970140922751404e-13,1.2212575451193877e-13
2007896156547_Node0_Node8_Zero,2009.095371,2009.097583,0,,1,5.2586982e-13,0
2007901621591_Node0_Node8_Zero,2009.095371,2009.097583,0,,1,5.2586982e-13,0
2007907082839_Node0_Node8_Zero,2009.107596,2009.111534,0,,89,1.1658346e-13,0
2007912547663_Node0_Node8_Zero,2009.107596,2009.111534,0,,89,1.1658346e-13,0
2007918011196_Node0_Node8_Zero,2009.109563,2009.113608,0,,3,5.2586982e-13,0
2007923477905_Node0_Node8_Zero,2009.109563,2009.113608,0,,3,5.2586982e-13,0
2007934401789_Node0_Node8_Zero,2009.123825,2009.129644,0,,90,6.424532800000001e-13,0
2007928938871_Node0_Node8_Zero,2009.123825,2009.129644,0,,90,6.424532800000001e-13,0
2007939865334_Node0_Node8_Zero,2009.127679,2009.133465,0,,92,6.424532800000001e-13,0
2007945325102_Node0_Node8_Zero,2009.127679,2009.133465,0,,92,6.424532800000001e-13,0
2007950791389_Node0_Node8_Zero,2009.146489,2009.148442,0,,1,6.424532800000001e-13,0
2007956257859_Node0_Node8_Zero,2009.146489,2009.148442,0,,1,6.424532800000001e-13,0
2007961717448_Node0_Node8_Zero,2009.157948,2009.159921,0,,1,6.911776690682777e-13,0
2007967183701_Node0_Node8_Zero,2009.157948,2009.159921,0,,1,6.911776690682777e-13,0
2007972650775_Node0_Node8_Zero,2009.164178,2009.16617,0,,1,4.828472642324878e-14,3.3531060016144987e-14
2007978111817_Node0_Node8_Zero,2009.164178,2009.16617,0,,1,4.828472642324878e-14,3.3531060016144987e-14
2007983572033_Node0_Node8_Zero,2009.172135,2009.174308,0,,1,5.2586982e-13,0
2007989032874_Node0_Node8_Zero,2009.172135,2009.174308,0,,1,5.2586982e-13,0
2007999961096_Node0_Node8_Zero,2009.184306,2009.186238,0,,1,5.2586982e-13,4.2166642915756165e-14
2007994493306_Node0_Node8_Zero,2009.184306,2009.186238,0,,1,5.2586982e-13,4.2166642915756165e-14
2008005425782_Node0_Node8_Zero,2009.198104,2009.200197,0,,1,1.1658346e-13,6.557819625e-14
2008010893490_Node0_Node8_Zero,2009.198104,2009.200197,0,,1,1.1658346e-13,6.557819625e-14
2008016356233_Node0_Node8_Zero,2009.212413,2009.21641,0,,89,6.424532800000001e-13,0
2008021825012_Node0_Node8_Zero,2009.212413,2009.21641,0,,89,6.424532800000001e-13,0
2008027293863_Node0_Node8_Zero,2009.214444,2009.220958,0,,92,5.745426437343601e-14,3.989879470377501e-14
2008032762351_Node0_Node8_Zero,2009.214444,2009.220958,0,,92,5.745426437343601e-14,3.989879470377501e-14
2008038224685_Node0_Node8_Zero,2009.227812,2009.229925,0,,1,6.911776690682777e-13,0
2008043688327_Node0_Node8_Zero,2009.227812,2009.229925,0,,1,6.911776690682777e-13,0
2008049147897_Node0_Node8_Zero,2009.234017,2009.236403,0,,50,6.911776690682777e-13,0
2008054609716_Node0_Node8_Zero,2009.239123,2009.244187,0,,5,5.2586982e-13,0
2008065541313_Node0_Node8_Zero,2009.246033,2009.258167,0,,230,5.2586982e-13,0
2008060072237_Node0_Node8_Zero,2009.246033,2009.258167,0,,230,5.2586982e-13,0
2008076474337_Node0_Node8_Zero,2009.249227,2009.260188,0,,97,5.2586982e-13,0
2008071008911_Node0_Node8_Zero,2009.249227,2009.260188,0,,97,5.2586982e-13,0
2008087405411_Node0_Node8_Zero,2009.265682,2009.266814,0,,1,2.9145865e-14,2.1413288571428573e-14
2008081937250_Node0_Node8_Zero,2009.307077,2009.308989,0,,1,5.2586982e-13,0
2008092872465_Node0_Node8_Zero,2009.307077,2009.308989,0,,1,5.2586982e-13,0
2008098341298_Node0_Node8_Zero,2009.314818,2009.31681,0,,1,5.85387531985086e-13,0
2008103801862_Node0_Node8_Zero,2009.314818,2009.31681,0,,1,5.85387531985086e-13,0
2008109271169_Node0_Node8_Zero,2009.318641,2009.322838,0,,90,1.4077755183349375e-13,7.918737290634024e-14
2008114737061_Node0_Node8_Zero,2009.318641,2009.322838,0,,90,1.4077755183349375e-13,7.918737290634024e-14
2008120202915_Node0_Node8_Zero,2009.33078,2009.332813,0,,1,6.72482900894922e-13,8.246985800339366e-14
2008125668627_Node0_Node8_Zero,2009.33078,2009.332813,0,,1,6.72482900894922e-13,8.246985800339366e-14
2008131132301_Node0_Node8_Zero,2009.336836,2009.338848,0,,1,5.2586982e-13,0
2008136591787_Node0_Node8_Zero,2009.336836,2009.338848,0,,1,5.2586982e-13,0
2008152980770_Node0_Node8_Zero,2009.344458,2009.34567,0,,1,5.200190507627486e-14,0
2008142056724_Node0_Node8_Zero,2009.346719,2009.349048,0,,48,5.2586982e-13,0
2008147516894_Node0_Node8_Zero,2009.360173,2009.362126,0,,1,7.089103541672254e-13,8.051722844819088e-14
2008158448719_Node0_Node8_Zero,2009.360173,2009.362126,0,,1,7.089103541672254e-13,8.051722844819088e-14
2008163916144_Node0_Node8_Zero,2009.366051,2009.368198,0,,3,5.2586982e-13,2.351491887829453e-14
2008174849536_Node0_Node8_Zero,2009.370229,2009.371342,0,,1,5.2586982e-13,0
2008169384678_Node0_Node8_Zero,2009.376354,2009.377667,0,,1,6.058325546334287e-13,0
2008180318618_Node0_Node8_Zero,2009.386423,2009.388336,0,,1,1.641171971385599e-13,9.231592339043995e-14
2008185778889_Node0_Node8_Zero,2009.386423,2009.388336,0,,1,1.641171971385599e-13,9.231592339043995e-14
2008191241973_Node0_Node8_Zero,2009.398558,2009.400711,0,,1,1.4636978891134175e-13,0
2008196710249_Node0_Node8_Zero,2009.398558,2009.400711,0,,1,1.4636978891134175e-13,0
2008207636497_Node0_Node8_Zero,2009.406972,2009.410631,0,,50,5.9144801625e-13,0
2008202175748_Node0_Node8_Zero,2009.412976,2009.414249,0,,1,5.2586982e-13,0
2008213105541_Node0_Node8_Zero,2009.433013,2009.438832,0,,91,6.02679357840231e-13,5.3339956833493764e-14
2008218567527_Node0_Node8_Zero,2009.433013,2009.438832,0,,91,6.02679357840231e-13,5.3339956833493764e-14
2008229491373_Node0_Node8_Zero,2009.4369,2009.440907,0,,4,6.424532800000001e-13,6.557819625e-14
2008224029691_Node0_Node8_Zero,2009.4369,2009.440907,0,,4,6.424532800000001e-13,6.557819625e-14
2008240425873_Node0_Node8_Zero,2009.45822,2009.460172,0,,1,6.424532800000001e-13,6.557819625e-14
2008234957105_Node0_Node8_Zero,2009.45822,2009.460172,0,,1,6.424532800000001e-13,6.557819625e-14
2008245892528_Node0_Node8_Zero,2009.471351,2009.473483,0,,1,6.98011386774262e-13,0
2008251357612_Node0_Node8_Zero,2009.471351,2009.473483,0,,1,6.98011386774262e-13,0
2008262286464_Node0_Node8_Zero,2009.47917,2009.481223,0,,1,5.2586982e-13,0
2008256825526_Node0_Node8_Zero,2009.47917,2009.481223,0,,1,5.2586982e-13,0
2008267750892_Node0_Node8_Zero,2009.484997,2009.48709,0,,1,5.2586982e-13,0
2008273216081_Node0_Node8_Zero,2009.484997,2009.48709,0,,1,5.2586982e-13,0
2008278684387_Node0_Node8_Zero,2009.496105,2009.498238,0,,1,1.464739313542078e-13,8.239158638674188e-14
2008284150477_Node0_Node8_Zero,2009.496105,2009.498238,0,,1,1.464739313542078e-13,8.239158638674188e-14
2008300546485_Node0_Node8_Zero,2009.508052,2009.510265,0,,1,5.2586982e-13,0
2008306012329_Node0_Node8_Zero,2009.508052,2009.510265,0,,1,5.2586982e-13,0
2008316941277_Node0_Node8_Zero,2009.512167,2009.514139,0,,1,5.2586982e-13,8.140297244414826e-14
2008311475924_Node0_Node8_Zero,2009.512167,2009.514139,0,,1,5.2586982e-13,8.140297244414826e-14
2008322403719_Node0_Node8_Zero,2009.53136,2009.533352,0,,1,8.31439599851883e-14,5.773886110082521e-14
2008327870946_Node0_Node8_Zero,2009.53136,2009.533352,0,,1,8.31439599851883e-14,5.773886110082521e-14
2008338793467_Node0_Node8_Zero,2009.551836,2009.553808,0,,1,5.9144801625e-13,4.19700456e-14
2008333332858_Node0_Node8_Zero,2009.551836,2009.553808,0,,1,5.9144801625e-13,4.19700456e-14
2008349727651_Node0_Node8_Zero,2009.555612,2009.559636,0,,90,5.2586982e-13,0
2008344261090_Node0_Node8_Zero,2009.555612,2009.559636,0,,90,5.2586982e-13,0
2008360661214_Node0_Node8_Zero,2009.566485,2009.568458,0,,1,1.1658346e-13,6.557819625e-14
2008355192591_Node0_Node8_Zero,2009.566485,2009.568458,0,,1,1.1658346e-13,6.557819625e-14
2008366122709_Node0_Node8_Zero,2009.578394,2009.580587,0,,1,5.2586982e-13,0
2008371584123_Node0_Node8_Zero,2009.578394,2009.580587,0,,1,5.2586982e-13,0
2008377053322_Node0_Node8_Zero,2009.588043,2009.591238,0,,3,5.2586982e-13,0
2008382518783_Node0_Node8_Zero,2009.588043,2009.591238,0,,3,5.2586982e-13,0
2008393454363_Node0_Node8_Zero,2009.592215,2009.593367,0,,1,5.2586982e-13,0
2008387986784_Node0_Node8_Zero,2009.601226,2009.602518,0,,1,1.415992350366417e-13,7.964956970811096e-14
2008404391948_Node0_Node8_Zero,2009.605995,2009.61167,0,,50,6.787731082111001e-13,2.1413288571428573e-14
2008398922621_Node0_Node8_Zero,2009.620461,2009.62355,0,,3,1.1658346e-13,0
2008409851813_Node0_Node8_Zero,2009.628235,2009.631417,0,,50,5.2586982e-13,2.6266970874699414e-14
2008415311537_Node0_Node8_Zero,2009.628235,2009.631417,0,,50,5.2586982e-13,2.6266970874699414e-14
2008426243562_Node0_Node8_Zero,2009.633392,2009.637361,0,,89,5.2586982e-13,0
2008420776254_Node0_Node8_Zero,2009.633392,2009.637361,0,,89,5.2586982e-13,0
2008431705923_Node0_Node8_Zero,2009.64145,2009.645241,0,,1,6.70794714512928e-13,0
2008437173465_Node0_Node8_Zero,2009.64145,2009.645241,0,,1,6.70794714512928e-13,0
2008448099214_Node0_Node8_Zero,2009.660365,2009.661598,0,,1,8.187636066179673e-14,5.2400870823549906e-14
2008442635793_Node0_Node8_Zero,2009.670705,2009.672637,0,,1,5.2586982e-13,5.3339956833493764e-14
2008453561627_Node0_Node8_Zero,2009.670705,2009.672637,0,,1,5.2586982e-13,5.3339956833493764e-14
2008459023978_Node0_Node8_Zero,2009.686487,2009.690544,0,,90,5.2586982e-13,0
2008464489595_Node0_Node8_Zero,2009.686487,2009.690544,0,,90,5.2586982e-13,0
2008469956173_Node0_Node8_Zero,2009.688384,2009.700231,0,,272,4.147385655232979e-14,0
2008475422685_Node0_Node8_Zero,2009.688384,2009.700231,0,,272,4.147385655232979e-14,0
2008480889750_Node0_Node8_Zero,2009.692361,2009.706682,0,,361,5.2586982e-13,0
2008486357782_Node0_Node8_Zero,2009.692361,2009.706682,0,,361,5.2586982e-13,0
2008491820064_Node0_Node8_Zero,2009.696433,2009.708748,0,,186,5.2586982e-13,0
2008497280254_Node0_Node8_Zero,2009.696433,2009.708748,0,,186,5.2586982e-13,0
2008508204639_Node0_Node8_Zero,2009.704699,2009.717336,0,,184,5.2586982e-13,3.0609819321472705e-14
2008513669231_Node0_Node8_Zero,2009.704699,2009.717336,0,,184,5.2586982e-13,3.0609819321472705e-14
2008530058953_Node0_Node8_Zero,2009.723916,2009.725069,0,,1,5.2586982e-13,2.1413288571428573e-14
2008524598862_Node0_Node8_Zero,2009.743604,2009.745577,0,,1,6.557819625e-14,4.19700456e-14
2008546453426_Node0_Node8_Zero,2009.743604,2009.745577,0,,1,6.557819625e-14,4.19700456e-14
2008540993630_Node0_Node8_Zero,2009.74656,2009.74971,0,,89,5.2586982e-13,2.9145865e-14
2008551915348_Node0_Node8_Zero,2009.760673,2009.762626,0,,1,6.424532800000001e-13,0
2008557381798_Node0_Node8_Zero,2009.760673,2009.762626,0,,1,6.424532800000001e-13,0
2008562846271_Node0_Node8_Zero,2009.774702,2009.776794,0,,1,4.19700456e-14,0
2008568315020_Node0_Node8_Zero,2009.774702,2009.776794,0,,1,4.19700456e-14,0
2008579250951_Node0_Node8_Zero,2009.788484,2009.790516,0,,1,6.424532800000001e-13,0
2008573783485_Node0_Node8_Zero,2009.788484,2009.790516,0,,1,6.424532800000001e-13,0
2008584719301_Node0_Node8_Zero,2009.798831,2009.800864,0,,1,5.848908112882206e-13,0
2008590185395_Node0_Node8_Zero,2009.798831,2009.800864,0,,1,5.848908112882206e-13,0
2008595650463_Node0_Node8_Zero,2009.813852,2009.817749,0,,90,5.2586982e-13,0
2008601113705_Node0_Node8_Zero,2009.813852,2009.817749,0,,90,5.2586982e-13,0
2008606579989_Node0_Node8_Zero,2009.815804,2009.821744,0,,93,5.8538064566458e-13,0
2008612042443_Node0_Node8_Zero,2009.815804,2009.821744,0,,93,5.8538064566458e-13,0
2008617506231_Node0_Node8_Zero,2009.843658,2009.84479,0,,1,6.557819625e-14,4.19700456e-14
2008622971985_Node0_Node8_Zero,2009.85099,2009.853083,0,,1,5.2586982e-13,0
2008628438776_Node0_Node8_Zero,2009.85099,2009.853083,0,,1,5.2586982e-13,0
2008633905360_Node0_Node8_Zero,2009.862756,2009.864929,0,,1,6.689946577966412e-13,8.050772126061067e-14
2008639374451_Node0_Node8_Zero,2009.862756,2009.864929,0,,1,6.689946577966412e-13,8.050772126061067e-14
2008644836255_Node0_Node8_Zero,2009.873166,2009.875118,0,,1,5.2586982e-13,0
2008650301833_Node0_Node8_Zero,2009.873166,2009.875118,0,,1,5.2586982e-13,0
2008655763079_Node0_Node8_Zero,2009.880938,2009.883941,0,,1,5.2586982e-13,0
2008661231272_Node0_Node8_Zero,2009.880938,2009.883941,0,,1,5.2586982e-13,0
2008666692433_Node0_Node8_Zero,2009.89006,2009.891993,0,,1,3.5194387958373437e-14,2.585710135717232e-14
2008672160717_Node0_Node8_Zero,2009.89006,2009.891993,0,,1,3.5194387958373437e-14,2.585710135717232e-14
2008677625988_Node0_Node8_Zero,2009.901493,2009.903426,0,,1,5.2586982e-13,0
2008688549929_Node0_Node8_Zero,2009.901493,2009.903426,0,,1,5.2586982e-13,0
2008683088163_Node0_Node8_Zero,2009.907295,2009.911138,0,,3,5.2586982e-13,2.641818608514827e-14
2008694017483_Node0_Node8_Zero,2009.907295,2009.911138,0,,3,5.2586982e-13,2.641818608514827e-14
2008699484475_Node0_Node8_Zero,2009.915421,2009.919622,0,,49,5.678398656000001e-13,0
2008704950343_Node0_Node8_Zero,2009.915421,2009.919622,0,,49,5.678398656000001e-13,0
2008710414751_Node0_Node8_Zero,2009.917567,2009.922663,0,,92,5.2586982e-13,0
2008715879496_Node0_Node8_Zero,2009.933787,2009.9359,0,,1,7.034139648189663e-13,0
2008726808042_Node0_Node8_Zero,2009.933787,2009.9359,0,,1,7.034139648189663e-13,0
2008732275227_Node0_Node8_Zero,2009.940306,2009.941678,0,,1,5.2586982e-13,0
2008737740038_Node0_Node8_Zero,2009.957432,2009.959404,0,,1,6.424532800000001e-13,0
2008743205226_Node0_Node8_Zero,2009.957432,2009.959404,0,,1,6.424532800000001e-13,0
2008748667633_Node0_Node8_Zero,2009.972641,2009.974654,0,,1,5.2586982e-13,0
2008754135925_Node0_Node8_Zero,2009.972641,2009.974654,0,,1,5.2586982e-13,0
2008759602172_Node0_Node8_Zero,2010.009113,2010.011146,0,,1,5.2586982e-13,0
2008765069448_Node0_Node8_Zero,2010.009113,2010.011146,0,,1,5.2586982e-13,0
2008770532649_Node0_Node8_Zero,2010.016881,2010.019073,0,,1,5.2586982e-13,0
2008775994140_Node0_Node8_Zero,2010.016881,2010.019073,0,,1,5.2586982e-13,0
2008781462678_Node0_Node8_Zero,2010.038752,2010.040825,0,,1,5.9144801625e-13,0
2008786925190_Node0_Node8_Zero,2010.038752,2010.040825,0,,1,5.9144801625e-13,0
2008792387335_Node0_Node8_Zero,2010.048408,2010.050521,0,,1,5.2586982e-13,0
2008797847295_Node0_Node8_Zero,2010.048408,2010.050521,0,,1,5.2586982e-13,0
2008803311241_Node0_Node8_Zero,2010.060186,2010.062139,0,,1,6.219448441927254e-13,6.148801548334424e-14
2008808771596_Node0_Node8_Zero,2010.060186,2010.062139,0,,1,6.219448441927254e-13,6.148801548334424e-14
2008819694407_Node0_Node8_Zero,2010.072187,2010.0741,0,,1,5.2586982e-13,4.316806046780304e-14
2008814232732_Node0_Node8_Zero,2010.072187,2010.0741,0,,1,5.2586982e-13,4.316806046780304e-14
2008825156571_Node0_Node8_Zero,2010.083846,2010.089606,0,,91,6.424532800000001e-13,0
2008830620621_Node0_Node8_Zero,2010.083846,2010.089606,0,,91,6.424532800000001e-13,0
2008836080156_Node0_Node8_Zero,2010.085823,2010.091548,0,,5,6.424532800000001e-13,0
2008841548328_Node0_Node8_Zero,2010.085823,2010.091548,0,,5,6.424532800000001e-13,0
2008847014313_Node0_Node8_Zero,2010.097486,2010.099479,0,,1,5.2586982e-13,0
2008852482234_Node0_Node8_Zero,2010.097486,2010.099479,0,,1,5.2586982e-13,0
2008857948807_Node0_Node8_Zero,2010.106601,2010.108633,0,,1,3.5194387958373437e-14,2.585710135717232e-14
2008863412003_Node0_Node8_Zero,2010.106601,2010.108633,0,,1,3.5194387958373437e-14,2.585710135717232e-14
2008874347147_Node0_Node8_Zero,2010.138445,2010.140417,0,,1,5.2586982e-13,0
2008868879995_Node0_Node8_Zero,2010.138445,2010.140417,0,,1,5.2586982e-13,0
2008885279945_Node0_Node8_Zero,2010.148435,2010.150468,0,,1,6.059097838452912e-13,0
2008879812629_Node0_Node8_Zero,2010.148435,2010.150468,0,,1,6.059097838452912e-13,0
2008890743091_Node0_Node8_Zero,2010.158852,2010.160765,0,,1,6.88639224426125e-13,0
2008896205212_Node0_Node8_Zero,2010.158852,2010.160765,0,,1,6.88639224426125e-13,0
2008901672274_Node0_Node8_Zero,2010.171251,2010.173264,0,,1,5.9144801625e-13,0
2008907140182_Node0_Node8_Zero,2010.171251,2010.173264,0,,1,5.9144801625e-13,0
2008912609473_Node0_Node8_Zero,2010.179992,2010.182024,0,,1,6.843071432670335e-13,0
2008918069208_Node0_Node8_Zero,2010.179992,2010.182024,0,,1,6.843071432670335e-13,0
2008923528974_Node0_Node8_Zero,2010.192732,2010.194645,0,,1,6.771963288499517e-13,0
2008928991687_Node0_Node8_Zero,2010.192732,2010.194645,0,,1,6.771963288499517e-13,0
2008934452110_Node0_Node8_Zero,2010.223637,2010.227615,0,,89,5.2586982e-13,0
2008939914930_Node0_Node8_Zero,2010.223637,2010.227615,0,,89,5.2586982e-13,0
2008950847447_Node0_Node8_Zero,2010.225543,2010.232228,0,,92,6.772758525510737e-13,0
2008945382143_Node0_Node8_Zero,2010.225543,2010.232228,0,,92,6.772758525510737e-13,0
2008956310230_Node0_Node8_Zero,2010.236555,2010.239793,0,,47,6.928839992316785e-13,9.394547581781914e-14
2008961775159_Node0_Node8_Zero,2010.236555,2010.239793,0,,47,6.928839992316785e-13,9.394547581781914e-14
2008967238439_Node0_Node8_Zero,2010.237604,2010.240888,0,,3,6.928839992316785e-13,9.394547581781914e-14
2008972704975_Node0_Node8_Zero,2010.255033,2010.256946,0,,1,5.2586982e-13,0
2008978170508_Node0_Node8_Zero,2010.255033,2010.256946,0,,1,5.2586982e-13,0
2008983637327_Node0_Node8_Zero,2010.267604,2010.269696,0,,1,5.2586982e-13,2.641818608514827e-14
2008989105522_Node0_Node8_Zero,2010.267604,2010.269696,0,,1,5.2586982e-13,2.641818608514827e-14
2008994571284_Node0_Node8_Zero,2010.271581,2010.273493,0,,1,3.599743632614301e-14,2.6447096076349965e-14
2009000035283_Node0_Node8_Zero,2010.271581,2010.273493,0,,1,3.599743632614301e-14,2.6447096076349965e-14
2009010955995_Node0_Node8_Zero,2010.277317,2010.281186,0,,89,5.737713739670438e-13,0
2009021891256_Node0_Node8_Zero,2010.277317,2010.281186,0,,89,5.737713739670438e-13,0
2009016425079_Node0_Node8_Zero,2010.311385,2010.312578,0,,1,5.9144801625e-13,4.19700456e-14
2009032816379_Node0_Node8_Zero,2010.318502,2010.319774,0,,1,6.458847228753609e-13,0
2009027353314_Node0_Node8_Zero,2010.327507,2010.32864,0,,1,9.298566510090618e-14,5.951082566457996e-14
2009043744516_Node0_Node8_Zero,2010.332714,2010.333967,0,,1,6.927252621851373e-13,0
2009038284364_Node0_Node8_Zero,2010.349082,2010.350375,0,,1,5.9144801625e-13,4.19700456e-14
2009049208084_Node0_Node8_Zero,2010.359986,2010.361899,0,,1,1.1658346e-13,6.557819625e-14
2009054674283_Node0_Node8_Zero,2010.359986,2010.361899,0,,1,1.1658346e-13,6.557819625e-14
2009060141664_Node0_Node8_Zero,2010.383888,2010.387826,0,,90,5.2586982e-13,0
2009065606178_Node0_Node8_Zero,2010.383888,2010.387826,0,,90,5.2586982e-13,0
2009076543975_Node0_Node8_Zero,2010.385783,2010.391804,0,,93,6.424532800000001e-13,0
2009071075657_Node0_Node8_Zero,2010.385783,2010.391804,0,,93,6.424532800000001e-13,0
2009082007079_Node0_Node8_Zero,2010.39813,2010.401977,0,,3,5.2586982e-13,0
2009087473494_Node0_Node8_Zero,2010.39813,2010.401977,0,,3,5.2586982e-13,0
2009098400683_Node0_Node8_Zero,2010.403773,2010.409607,0,,92,5.2586982e-13,2.10347928e-14
2009092939320_Node0_Node8_Zero,2010.403773,2010.409607,0,,92,5.2586982e-13,2.10347928e-14
2009109329543_Node0_Node8_Zero,2010.415329,2010.417242,0,,1,6.059630986378109e-13,0
2009103866315_Node0_Node8_Zero,2010.415329,2010.417242,0,,1,6.059630986378109e-13,0
2009114796401_Node0_Node8_Zero,2010.419134,2010.421127,0,,1,5.2586982e-13,0
2009125719530_Node0_Node8_Zero,2010.419134,2010.421127,0,,1,5.2586982e-13,0
2009120257983_Node0_Node8_Zero,2010.432781,2010.434874,0,,1,1.1658346e-13,0
2009131185999_Node0_Node8_Zero,2010.432781,2010.434874,0,,1,1.1658346e-13,0
2009136648713_Node0_Node8_Zero,2010.452319,2010.456372,0,,3,6.557819625e-14,0
2009142115363_Node0_Node8_Zero,2010.452319,2010.456372,0,,3,6.557819625e-14,0
2009147582440_Node0_Node8_Zero,2010.458285,2010.462181,0,,90,6.424532800000001e-13,0
2009153050427_Node0_Node8_Zero,2010.458285,2010.462181,0,,90,6.424532800000001e-13,0
2009163978705_Node0_Node8_Zero,2010.4664,2010.467592,0,,1,6.557819625e-14,0
2009158513550_Node0_Node8_Zero,2010.474584,2010.477622,0,,89,5.9144801625e-13,0
2009169438396_Node0_Node8_Zero,2010.476523,2010.479628,0,,2,6.911776690682777e-13,0
2009174900684_Node0_Node8_Zero,2010.476523,2010.479628,0,,2,6.911776690682777e-13,0
2009185825144_Node0_Node8_Zero,2010.488189,2010.489401,0,,1,5.2586982e-13,0
2009180363411_Node0_Node8_Zero,2010.49044,2010.491513,0,,1,5.2586982e-13,0
2009196757031_Node0_Node8_Zero,2010.510916,2010.514796,0,,3,1.1658346e-13,6.557819625e-14
2009191287737_Node0_Node8_Zero,2010.510916,2010.514796,0,,3,1.1658346e-13,6.557819625e-14
2009202221286_Node0_Node8_Zero,2010.51664,2010.518713,0,,1,6.557819625e-14,0
2009207684416_Node0_Node8_Zero,2010.51664,2010.518713,0,,1,6.557819625e-14,0
2009218611797_Node0_Node8_Zero,2010.52697,2010.530908,0,,3,6.078814500505504e-13,0
2009213149068_Node0_Node8_Zero,2010.52697,2010.530908,0,,3,6.078814500505504e-13,0
2009229537924_Node0_Node8_Zero,2010.538914,2010.540866,0,,1,5.2586982e-13,0
2009224076204_Node0_Node8_Zero,2010.538914,2010.540866,0,,1,5.2586982e-13,0
2009235001057_Node0_Node8_Zero,2010.546476,2010.549758,0,,46,5.2586982e-13,0
2009240463925_Node0_Node8_Zero,2010.546476,2010.549758,0,,46,5.2586982e-13,0
2009245924696_Node0_Node8_Zero,2010.555893,2010.557205,0,,1,6.156421080834938e-13,0
2009251390906_Node0_Node8_Zero,2010.563391,2010.565523,0,,1,6.458847228753609e-13,0
2009262325667_Node0_Node8_Zero,2010.563391,2010.565523,0,,1,6.458847228753609e-13,0
2009256858242_Node0_Node8_Zero,2010.577187,2010.580172,0,,2,4.19700456e-14,0
2009267788096_Node0_Node8_Zero,2010.583968,2010.586161,0,,1,6.424532800000001e-13,0
2009273247672_Node0_Node8_Zero,2010.583968,2010.586161,0,,1,6.424532800000001e-13,0
2009284185193_Node0_Node8_Zero,2010.590574,2010.591886,0,,1,6.424532800000001e-13,0
2009278716477_Node0_Node8_Zero,2010.595802,2010.602719,0,,92,5.2586982e-13,5.067991866005775e-14
2009289648169_Node0_Node8_Zero,2010.599608,2010.607599,0,,139,5.2586982e-13,4.1981936122396686e-14
2009295108302_Node0_Node8_Zero,2010.599608,2010.607599,0,,139,5.2586982e-13,4.1981936122396686e-14
2009306036123_Node0_Node8_Zero,2010.604531,2010.611404,0,,137,5.765497386600578e-13,0
2009311499371_Node0_Node8_Zero,2010.604531,2010.611404,0,,137,5.765497386600578e-13,0
2009300568172_Node0_Node8_Zero,2010.679302,2010.680515,0,,1,5.2586982e-13,0
2009316965747_Node0_Node8_Zero,2010.686525,2010.688637,0,,1,5.2586982e-13,2.9145865e-14
2009322434329_Node0_Node8_Zero,2010.686525,2010.688637,0,,1,5.2586982e-13,2.9145865e-14
2009327894369_Node0_Node8_Zero,2010.697135,2010.699288,0,,1,5.2586982e-13,0
2009338823823_Node0_Node8_Zero,2010.697135,2010.699288,0,,1,5.2586982e-13,0
2009349752211_Node0_Node8_Zero,2010.709036,2010.710969,0,,1,6.424532800000001e-13,0
2009344285702_Node0_Node8_Zero,2010.709036,2010.710969,0,,1,6.424532800000001e-13,0
2009355213174_Node0_Node8_Zero,2010.728385,2010.73235,0,,2,1.1658346e-13,0
2009360680471_Node0_Node8_Zero,2010.728385,2010.73235,0,,2,1.1658346e-13,0
2009366145550_Node0_Node8_Zero,2010.736562,2010.738615,0,,1,1.1658346e-13,0
2009371608863_Node0_Node8_Zero,2010.736562,2010.738615,0,,1,1.1658346e-13,0
2009377078169_Node0_Node8_Zero,2010.759004,2010.760957,0,,1,5.2586982e-13,0
2009388011996_Node0_Node8_Zero,2010.759004,2010.760957,0,,1,5.2586982e-13,0
2009382547433_Node0_Node8_Zero,2010.76715,2010.769303,0,,1,6.424532800000001e-13,0
2009393472499_Node0_Node8_Zero,2010.76715,2010.769303,0,,1,6.424532800000001e-13,0
2009404401957_Node0_Node8_Zero,2010.774683,2010.775895,0,,1,5.9144801625e-13,4.19700456e-14
2009398935114_Node0_Node8_Zero,2010.795111,2010.796383,0,,1,5.9144801625e-13,0
2009409870163_Node0_Node8_Zero,2010.805678,2010.807631,0,,1,1.1658346e-13,0
2009415338888_Node0_Node8_Zero,2010.805678,2010.807631,0,,1,1.1658346e-13,0
2009420804446_Node0_Node8_Zero,2010.814347,2010.816339,0,,1,1.1658346e-13,6.557819625e-14
2009426264122_Node0_Node8_Zero,2010.814347,2010.816339,0,,1,1.1658346e-13,6.557819625e-14
2009431724890_Node0_Node8_Zero,2010.84112,2010.843153,0,,1,1.1658346e-13,6.557819625e-14
2009437187006_Node0_Node8_Zero,2010.84112,2010.843153,0,,1,1.1658346e-13,6.557819625e-14
2009442649880_Node0_Node8_Zero,2010.847755,2010.849808,0,,1,6.424532800000001e-13,0
2009448118247_Node0_Node8_Zero,2010.847755,2010.849808,0,,1,6.424532800000001e-13,0
2009453584864_Node0_Node8_Zero,2010.856028,2010.85802,0,,1,5.2586982e-13,0
2009459048220_Node0_Node8_Zero,2010.856028,2010.85802,0,,1,5.2586982e-13,0
2009464510301_Node0_Node8_Zero,2010.869523,2010.871536,0,,1,6.557819625e-14,4.19700456e-14
2009469973390_Node0_Node8_Zero,2010.869523,2010.871536,0,,1,6.557819625e-14,4.19700456e-14
2009475438850_Node0_Node8_Zero,2010.886415,2010.890393,0,,90,5.83324084373436e-13,3.989879470377501e-14
2009480906478_Node0_Node8_Zero,2010.886415,2010.890393,0,,90,5.83324084373436e-13,3.989879470377501e-14
2009486370560_Node0_Node8_Zero,2010.888394,2010.896229,0,,180,6.854649988151001e-13,0
2009491834580_Node0_Node8_Zero,2010.888394,2010.896229,0,,180,6.854649988151001e-13,0
2009497302644_Node0_Node8_Zero,2010.894232,2010.900185,0,,91,5.83324084373436e-13,0
2009502769048_Node0_Node8_Zero,2010.894232,2010.900185,0,,91,5.83324084373436e-13,0
2009508238508_Node0_Node8_Zero,2010.93176,2010.933812,0,,1,1.1658346e-13,0
2009513700630_Node0_Node8_Zero,2010.93176,2010.933812,0,,1,1.1658346e-13,0
2009519163517_Node0_Node8_Zero,2010.960752,2010.964538,0,,3,1.1658346e-13,6.557819625e-14
2009524629944_Node0_Node8_Zero,2010.960752,2010.964538,0,,3,1.1658346e-13,6.557819625e-14
2009535563379_Node0_Node8_Zero,2010.969002,2010.981022,0,,271,5.2586982e-13,0
2009530097800_Node0_Node8_Zero,2010.969002,2010.981022,0,,271,5.2586982e-13,0
2009541030838_Node0_Node8_Zero,2010.975966,2010.984148,0,,94,5.2586982e-13,0
2009546497768_Node0_Node8_Zero,2010.975966,2010.984148,0,,94,5.2586982e-13,0
2009551958660_Node0_Node8_Zero,2010.979068,2010.997273,0,,237,5.2586982e-13,0
2009557421101_Node0_Node8_Zero,2010.979068,2010.997273,0,,237,5.2586982e-13,0
2009568345137_Node0_Node8_Zero,2010.982116,2011.003118,0,,240,5.2586982e-13,0
2009573805930_Node0_Node8_Zero,2010.988373,2011.003118,0,,101,5.2586982e-13,0
2009562883340_Node0_Node8_Zero,2011.004095,2011.005347,0,,1,6.458847228753609e-13,7.680953784023101e-14
2009579271629_Node0_Node8_Zero,2011.011624,2011.013556,0,,1,5.2586982e-13,4.9730516881668013e-14
2009590202728_Node0_Node8_Zero,2011.011624,2011.013556,0,,1,5.2586982e-13,4.9730516881668013e-14
2009584739309_Node0_Node8_Zero,2011.015471,2011.021598,0,,138,5.2586982e-13,4.19700456e-14
2009595668100_Node0_Node8_Zero,2011.015471,2011.021598,0,,138,5.2586982e-13,4.19700456e-14
2009606598861_Node0_Node8_Zero,2011.019675,2011.022708,0,,4,5.9144801625e-13,4.19700456e-14
2009601136900_Node0_Node8_Zero,2011.032591,2011.033783,0,,1,6.424532800000001e-13,0
2009617531218_Node0_Node8_Zero,2011.041599,2011.043551,0,,1,1.1658346e-13,0
2009612067235_Node0_Node8_Zero,2011.041599,2011.043551,0,,1,1.1658346e-13,0
2009622999622_Node0_Node8_Zero,2011.051863,2011.057562,0,,92,6.424532800000001e-13,0
2009633931443_Node0_Node8_Zero,2011.051863,2011.057562,0,,92,6.424532800000001e-13,0
2009639397032_Node0_Node8_Zero,2011.055617,2011.06358,0,,141,5.2586982e-13,0
2009644860279_Node0_Node8_Zero,2011.055617,2011.06358,0,,141,5.2586982e-13,0
2009655791087_Node0_Node8_Zero,2011.061638,2011.066784,0,,91,6.640101446713001e-13,0
2009650325398_Node0_Node8_Zero,2011.084436,2011.085729,0,,1,5.2586982e-13,0
2009661251344_Node0_Node8_Zero,2011.090256,2011.094254,0,,90,5.2586982e-13,0
2009666718265_Node0_Node8_Zero,2011.090256,2011.094254,0,,90,5.2586982e-13,0
2009672185271_Node0_Node8_Zero,2011.092303,2011.101199,0,,186,5.2586982e-13,0
2009677654446_Node0_Node8_Zero,2011.092303,2011.101199,0,,186,5.2586982e-13,0
2009683119698_Node0_Node8_Zero,2011.111539,2011.113571,0,,1,5.2586982e-13,0
2009688585486_Node0_Node8_Zero,2011.111539,2011.113571,0,,1,5.2586982e-13,0
2009699506568_Node0_Node8_Zero,2011.119668,2011.12166,0,,1,6.854649988151001e-13,0
2009694046972_Node0_Node8_Zero,2011.119668,2011.12166,0,,1,6.854649988151001e-13,0
2009704974926_Node0_Node8_Zero,2011.12799,2011.130202,0,,1,5.2586982e-13,0
2009710439888_Node0_Node8_Zero,2011.12799,2011.130202,0,,1,5.2586982e-13,0
2009715900991_Node0_Node8_Zero,2011.136019,2011.137972,0,,1,5.2586982e-13,0
2009721362451_Node0_Node8_Zero,2011.136019,2011.137972,0,,1,5.2586982e-13,0
2009726831491_Node0_Node8_Zero,2011.139929,2011.141882,0,,1,6.424532800000001e-13,0
2009737760470_Node0_Node8_Zero,2011.139929,2011.141882,0,,1,6.424532800000001e-13,0
2009732294663_Node0_Node8_Zero,2011.148041,2011.149214,0,,1,1.6530784906827765e-13,0
2009743229352_Node0_Node8_Zero,2011.169334,2011.171407,0,,1,5.2586982e-13,0
2009748698606_Node0_Node8_Zero,2011.169334,2011.171407,0,,1,5.2586982e-13,0
2009759632095_Node0_Node8_Zero,2011.181399,2011.183331,0,,1,1.1658346e-13,0
2009754162666_Node0_Node8_Zero,2011.181399,2011.183331,0,,1,1.1658346e-13,0
2009765095349_Node0_Node8_Zero,2011.187614,2011.189726,0,,1,6.424532800000001e-13,6.557819625e-14
2009770564433_Node0_Node8_Zero,2011.187614,2011.189726,0,,1,6.424532800000001e-13,6.557819625e-14
2009776027137_Node0_Node8_Zero,2011.194031,2011.195124,0,,1,5.2586982e-13,0
2009781495880_Node0_Node8_Zero,2011.211912,2011.216927,0,,5,5.2586982e-13,0
2009786961406_Node0_Node8_Zero,2011.218782,2011.220695,0,,1,5.2586982e-13,0
2009792420960_Node0_Node8_Zero,2011.218782,2011.220695,0,,1,5.2586982e-13,0
2009797886086_Node0_Node8_Zero,2011.222607,2011.2292,0,,139,5.2586982e-13,0
2009803351240_Node0_Node8_Zero,2011.222607,2011.2292,0,,139,5.2586982e-13,0
2009814282950_Node0_Node8_Zero,2011.232101,2011.233394,0,,1,5.2586982e-13,0
2009808815587_Node0_Node8_Zero,2011.241223,2011.242295,0,,1,5.2586982e-13,0
2009819746311_Node0_Node8_Zero,2011.244127,2011.247965,0,,48,5.2586982e-13,0
2009825212287_Node0_Node8_Zero,2011.244127,2011.247965,0,,48,5.2586982e-13,0
2009836139128_Node0_Node8_Zero,2011.252219,2011.254391,0,,1,5.2586982e-13,0
2009830679424_Node0_Node8_Zero,2011.252219,2011.254391,0,,1,5.2586982e-13,0
2009841607795_Node0_Node8_Zero,2011.262853,2011.264785,0,,1,5.2586982e-13,0
2009847076697_Node0_Node8_Zero,2011.262853,2011.264785,0,,1,5.2586982e-13,0
2009852541896_Node0_Node8_Zero,2011.2724,2011.276326,0,,3,5.2586982e-13,0
2009858006971_Node0_Node8_Zero,2011.2724,2011.276326,0,,3,5.2586982e-13,0
2009863475803_Node0_Node8_Zero,2011.27814,2011.283901,0,,179,5.2586982e-13,0
2009868939416_Node0_Node8_Zero,2011.27814,2011.283901,0,,179,5.2586982e-13,0
2009879863940_Node0_Node8_Zero,2011.280064,2011.287834,0,,182,5.2586982e-13,0
2009874399300_Node0_Node8_Zero,2011.280064,2011.287834,0,,182,5.2586982e-13,0
2009885324516_Node0_Node8_Zero,2011.285741,2011.294277,0,,182,5.2586982e-13,0
2009890787749_Node0_Node8_Zero,2011.285741,2011.294277,0,,182,5.2586982e-13,0
2009896255125_Node0_Node8_Zero,2011.301761,2011.303694,0,,1,5.2586982e-13,0
2009901721847_Node0_Node8_Zero,2011.301761,2011.303694,0,,1,5.2586982e-13,0
2009912657815_Node0_Node8_Zero,2011.309655,2011.313457,0,,3,5.2586982e-13,0
2009907189432_Node0_Node8_Zero,2011.309655,2011.313457,0,,3,5.2586982e-13,0
2009918123965_Node0_Node8_Zero,2011.317201,2011.319253,0,,1,5.2586982e-13,0
2009923583552_Node0_Node8_Zero,2011.317201,2011.319253,0,,1,5.2586982e-13,0
2009929048920_Node0_Node8_Zero,2011.327282,2011.331239,0,,90,5.2586982e-13,1.1658346e-13
2009934516804_Node0_Node8_Zero,2011.327282,2011.331239,0,,90,5.2586982e-13,1.1658346e-13
2009945450215_Node0_Node8_Zero,2011.329284,2011.333287,0,,4,5.2586982e-13,0
2009939984651_Node0_Node8_Zero,2011.329284,2011.333287,0,,4,5.2586982e-13,0
2009956382601_Node0_Node8_Zero,2011.33973,2011.341083,0,,1,5.2586982e-13,0
2009950914281_Node0_Node8_Zero,2011.346283,2011.347415,0,,1,5.2586982e-13,0
2009961849035_Node0_Node8_Zero,2011.351164,2011.353197,0,,1,5.2586982e-13,0
2009967310511_Node0_Node8_Zero,2011.351164,2011.353197,0,,1,5.2586982e-13,0
2009978239166_Node0_Node8_Zero,2011.36124,2011.365097,0,,3,5.2586982e-13,0
2009972772842_Node0_Node8_Zero,2011.36124,2011.365097,0,,3,5.2586982e-13,0
2009983705895_Node0_Node8_Zero,2011.36878,2011.374674,0,,92,5.2586982e-13,0
2009989169508_Node0_Node8_Zero,2011.36878,2011.374674,0,,92,5.2586982e-13,0
2009994630969_Node0_Node8_Zero,2011.372745,2011.378663,0,,93,5.2586982e-13,0
2010000100401_Node0_Node8_Zero,2011.372745,2011.378663,0,,93,5.2586982e-13,0
