Transmitting_Power = 0.007663753805745297, Maximum_Transmitting_Power = 0.10059677066255387
MAX_Transmission_Range = 1223.8180011750112, MAX_Transmission_Range_Squared = 1497730.4999999998
parameters.py INITIALIZED
mobility parameters INITIALIZED
Seed: 7447
Traffic flows: 1
Trajectory Run No./ Mobility Model : TCPIPE_BSCAP_
Seed value: 7447
Mobility Model: TCPIPE_BSCAP_
Number of Nodes: 8 UAVs + 1 BS; Node Speed: 40 m/s
Data Rate: [3] Mbps
Percentage Node Failure: 0
TC_PIPE_mobility_ON: True
Transmitting_Power = 0.007663753805745297, Maximum_Transmitting_Power = 0.10059677066255387
MAX_Transmission_Range = 1223.8180011750112, MAX_Transmission_Range_Squared = 1497730.4999999998
parameters.py INITIALIZED
mobility parameters INITIALIZED
node.py: Node0 created with coordinates 0 2000 with routing power 0.007664
node.py: Node1 created with coordinates 500 2000 with routing power 0.007664
node.py: Node2 created with coordinates 1000 2000 with routing power 0.007664
node.py: Node3 created with coordinates 1500 2000 with routing power 0.007664
node.py: Node4 created with coordinates 2000 2000 with routing power 0.007664
node.py: Node5 created with coordinates 2500 2000 with routing power 0.007664
node.py: Node6 created with coordinates 3000 2000 with routing power 0.007664
node.py: Node7 created with coordinates 3500 2000 with routing power 0.007664
node.py: Node8 created with coordinates 4000 2000 with routing power 0.007664
node.py: Node9 created with coordinates 0 0 with routing power 0.007664
SIM_TIME_MOBILITY =  2014
MAX TRANSMISSION RANGE for all nodes - mobility.py =  1223.8180011750112
DATA_RATE =  [3]  No._Nodes =  9  Map_Size =  4000 x 4000
MOBILITY PROCESS (^) and NETWORK UPDATE (rf.updateNetworkTopology(env,nodes) HAS BEEN STARTED 
Multiple Targets located at  [[2000 4000]]
main.py: Progress: 0 / 2014
main.py: Progress: 1 / 2014
main.py: Progress: 2 / 2014
main.py: Progress: 3 / 2014
main.py: Progress: 4 / 2014
main.py: Progress: 5 / 2014
main.py: Progress: 6 / 2014
main.py: Progress: 7 / 2014
main.py: Progress: 8 / 2014
main.py: Progress: 9 / 2014
main.py: Progress: 10 / 2014
main.py: Progress: 11 / 2014
main.py: Progress: 12 / 2014
main.py: Progress: 13 / 2014
main.py: Progress: 14 / 2014
main.py: Progress: 15 / 2014
main.py: Progress: 16 / 2014
main.py: Progress: 17 / 2014
main.py: Progress: 18 / 2014
main.py: Progress: 19 / 2014
main.py: Progress: 20 / 2014
main.py: Progress: 21 / 2014
main.py: Progress: 22 / 2014
main.py: Progress: 23 / 2014
main.py: Progress: 24 / 2014
main.py: Progress: 25 / 2014
main.py: Progress: 26 / 2014
main.py: Progress: 27 / 2014
main.py: Progress: 28 / 2014
main.py: Progress: 29 / 2014
main.py: Progress: 30 / 2014
main.py: Progress: 31 / 2014
main.py: Progress: 32 / 2014
main.py: Progress: 33 / 2014
main.py: Progress: 34 / 2014
main.py: Progress: 35 / 2014
main.py: Progress: 36 / 2014
main.py: Progress: 37 / 2014
main.py: Progress: 38 / 2014
main.py: Progress: 39 / 2014
main.py: Progress: 40 / 2014
main.py: Progress: 41 / 2014
main.py: Progress: 42 / 2014
main.py: Progress: 43 / 2014
main.py: Progress: 44 / 2014
main.py: Progress: 45 / 2014
main.py: Progress: 46 / 2014
main.py: Progress: 47 / 2014
main.py: Progress: 48 / 2014
main.py: Progress: 49 / 2014
main.py: Progress: 50 / 2014
main.py: Progress: 51 / 2014
main.py: Progress: 52 / 2014
main.py: Progress: 53 / 2014
main.py: Progress: 54 / 2014
main.py: Progress: 55 / 2014
main.py: Progress: 56 / 2014
main.py: Progress: 57 / 2014
main.py: Progress: 58 / 2014
main.py: Progress: 59 / 2014
main.py: Progress: 60 / 2014
main.py: Progress: 61 / 2014
main.py: Progress: 62 / 2014
main.py: Progress: 63 / 2014
main.py: Progress: 64 / 2014
main.py: Progress: 65 / 2014
main.py: Progress: 66 / 2014
main.py: Progress: 67 / 2014
main.py: Progress: 68 / 2014
main.py: Progress: 69 / 2014
main.py: Progress: 70 / 2014
main.py: Progress: 71 / 2014
main.py: Progress: 72 / 2014
main.py: Progress: 73 / 2014
main.py: Progress: 74 / 2014
main.py: Progress: 75 / 2014
main.py: Progress: 76 / 2014
main.py: Progress: 77 / 2014
main.py: Progress: 78 / 2014
main.py: Progress: 79 / 2014
main.py: Progress: 80 / 2014
main.py: Progress: 81 / 2014
main.py: Progress: 82 / 2014
main.py: Progress: 83 / 2014
main.py: Progress: 84 / 2014
main.py: Progress: 85 / 2014
main.py: Progress: 86 / 2014
main.py: Progress: 87 / 2014
main.py: Progress: 88 / 2014
main.py: Progress: 89 / 2014
main.py: Progress: 90 / 2014
main.py: Progress: 91 / 2014
main.py: Progress: 92 / 2014
main.py: Progress: 93 / 2014
main.py: Progress: 94 / 2014
main.py: Progress: 95 / 2014
main.py: Progress: 96 / 2014
main.py: Progress: 97 / 2014
main.py: Progress: 98 / 2014
main.py: Progress: 99 / 2014
main.py: Progress: 100 / 2014
main.py: Progress: 101 / 2014
main.py: Progress: 102 / 2014
main.py: Progress: 103 / 2014
main.py: Progress: 104 / 2014
main.py: Progress: 105 / 2014
main.py: Progress: 106 / 2014
main.py: Progress: 107 / 2014
main.py: Progress: 108 / 2014
main.py: Progress: 109 / 2014
main.py: Progress: 110 / 2014
main.py: Progress: 111 / 2014
main.py: Progress: 112 / 2014
main.py: Progress: 113 / 2014
main.py: Progress: 114 / 2014
main.py: Progress: 115 / 2014
main.py: Progress: 116 / 2014
main.py: Progress: 117 / 2014
main.py: Progress: 118 / 2014
main.py: Progress: 119 / 2014
main.py: Progress: 120 / 2014
main.py: Progress: 121 / 2014
main.py: Progress: 122 / 2014
main.py: Progress: 123 / 2014
main.py: Progress: 124 / 2014
main.py: Progress: 125 / 2014
main.py: Progress: 126 / 2014
main.py: Progress: 127 / 2014
main.py: Progress: 128 / 2014
main.py: Progress: 129 / 2014
main.py: Progress: 130 / 2014
main.py: Progress: 131 / 2014
main.py: Progress: 132 / 2014
main.py: Progress: 133 / 2014
main.py: Progress: 134 / 2014
main.py: Progress: 135 / 2014
main.py: Progress: 136 / 2014
main.py: Progress: 137 / 2014
main.py: Progress: 138 / 2014
main.py: Progress: 139 / 2014
main.py: Progress: 140 / 2014
main.py: Progress: 141 / 2014
main.py: Progress: 142 / 2014
main.py: Progress: 143 / 2014
main.py: Progress: 144 / 2014
main.py: Progress: 145 / 2014
main.py: Progress: 146 / 2014
main.py: Progress: 147 / 2014
main.py: Progress: 148 / 2014
main.py: Progress: 149 / 2014
main.py: Progress: 150 / 2014
main.py: Progress: 151 / 2014
main.py: Progress: 152 / 2014
main.py: Progress: 153 / 2014
main.py: Progress: 154 / 2014
main.py: Progress: 155 / 2014
main.py: Progress: 156 / 2014
main.py: Progress: 157 / 2014
main.py: Progress: 158 / 2014
main.py: Progress: 159 / 2014
main.py: Progress: 160 / 2014
main.py: Progress: 161 / 2014
main.py: Progress: 162 / 2014
main.py: Progress: 163 / 2014
main.py: Progress: 164 / 2014
main.py: Progress: 165 / 2014
main.py: Progress: 166 / 2014
main.py: Progress: 167 / 2014
main.py: Progress: 168 / 2014
main.py: Progress: 169 / 2014
main.py: Progress: 170 / 2014
main.py: Progress: 171 / 2014
main.py: Progress: 172 / 2014
main.py: Progress: 173 / 2014
main.py: Progress: 174 / 2014
main.py: Progress: 175 / 2014
main.py: Progress: 176 / 2014
main.py: Progress: 177 / 2014
main.py: Progress: 178 / 2014
main.py: Progress: 179 / 2014
main.py: Progress: 180 / 2014
main.py: Progress: 181 / 2014
main.py: Progress: 182 / 2014
main.py: Progress: 183 / 2014
main.py: Progress: 184 / 2014
main.py: Progress: 185 / 2014
main.py: Progress: 186 / 2014
main.py: Progress: 187 / 2014
main.py: Progress: 188 / 2014
main.py: Progress: 189 / 2014
main.py: Progress: 190 / 2014
main.py: Progress: 191 / 2014
main.py: Progress: 192 / 2014
main.py: Progress: 193 / 2014
main.py: Progress: 194 / 2014
main.py: Progress: 195 / 2014
main.py: Progress: 196 / 2014
main.py: Progress: 197 / 2014
main.py: Progress: 198 / 2014
main.py: Progress: 199 / 2014
main.py: Progress: 200 / 2014
main.py: Progress: 201 / 2014
main.py: Progress: 202 / 2014
main.py: Progress: 203 / 2014
main.py: Progress: 204 / 2014
main.py: Progress: 205 / 2014
main.py: Progress: 206 / 2014
main.py: Progress: 207 / 2014
main.py: Progress: 208 / 2014
main.py: Progress: 209 / 2014
main.py: Progress: 210 / 2014
main.py: Progress: 211 / 2014
main.py: Progress: 212 / 2014
main.py: Progress: 213 / 2014
main.py: Progress: 214 / 2014
main.py: Progress: 215 / 2014
main.py: Progress: 216 / 2014
main.py: Progress: 217 / 2014
main.py: Progress: 218 / 2014
main.py: Progress: 219 / 2014
main.py: Progress: 220 / 2014
main.py: Progress: 221 / 2014
main.py: Progress: 222 / 2014
main.py: Progress: 223 / 2014
main.py: Progress: 224 / 2014
main.py: Progress: 225 / 2014
main.py: Progress: 226 / 2014
main.py: Progress: 227 / 2014
main.py: Progress: 228 / 2014
main.py: Progress: 229 / 2014
main.py: Progress: 230 / 2014
main.py: Progress: 231 / 2014
main.py: Progress: 232 / 2014
main.py: Progress: 233 / 2014
main.py: Progress: 234 / 2014
main.py: Progress: 235 / 2014
main.py: Progress: 236 / 2014
main.py: Progress: 237 / 2014
main.py: Progress: 238 / 2014
main.py: Progress: 239 / 2014
main.py: Progress: 240 / 2014
main.py: Progress: 241 / 2014
main.py: Progress: 242 / 2014
main.py: Progress: 243 / 2014
main.py: Progress: 244 / 2014
main.py: Progress: 245 / 2014
main.py: Progress: 246 / 2014
main.py: Progress: 247 / 2014
main.py: Progress: 248 / 2014
main.py: Progress: 249 / 2014
main.py: Progress: 250 / 2014
main.py: Progress: 251 / 2014
main.py: Progress: 252 / 2014
main.py: Progress: 253 / 2014
main.py: Progress: 254 / 2014
main.py: Progress: 255 / 2014
main.py: Progress: 256 / 2014
main.py: Progress: 257 / 2014
main.py: Progress: 258 / 2014
main.py: Progress: 259 / 2014
main.py: Progress: 260 / 2014
main.py: Progress: 261 / 2014
main.py: Progress: 262 / 2014
main.py: Progress: 263 / 2014
main.py: Progress: 264 / 2014
main.py: Progress: 265 / 2014
main.py: Progress: 266 / 2014
main.py: Progress: 267 / 2014
main.py: Progress: 268 / 2014
main.py: Progress: 269 / 2014
main.py: Progress: 270 / 2014
main.py: Progress: 271 / 2014
main.py: Progress: 272 / 2014
main.py: Progress: 273 / 2014
main.py: Progress: 274 / 2014
main.py: Progress: 275 / 2014
main.py: Progress: 276 / 2014
main.py: Progress: 277 / 2014
main.py: Progress: 278 / 2014
main.py: Progress: 279 / 2014
main.py: Progress: 280 / 2014
main.py: Progress: 281 / 2014
main.py: Progress: 282 / 2014
main.py: Progress: 283 / 2014
main.py: Progress: 284 / 2014
main.py: Progress: 285 / 2014
main.py: Progress: 286 / 2014
main.py: Progress: 287 / 2014
main.py: Progress: 288 / 2014
main.py: Progress: 289 / 2014
main.py: Progress: 290 / 2014
main.py: Progress: 291 / 2014
main.py: Progress: 292 / 2014
main.py: Progress: 293 / 2014
main.py: Progress: 294 / 2014
main.py: Progress: 295 / 2014
main.py: Progress: 296 / 2014
main.py: Progress: 297 / 2014
main.py: Progress: 298 / 2014
main.py: Progress: 299 / 2014
main.py: Progress: 300 / 2014
main.py: Progress: 301 / 2014
main.py: Progress: 302 / 2014
main.py: Progress: 303 / 2014
main.py: Progress: 304 / 2014
main.py: Progress: 305 / 2014
main.py: Progress: 306 / 2014
main.py: Progress: 307 / 2014
main.py: Progress: 308 / 2014
main.py: Progress: 309 / 2014
main.py: Progress: 310 / 2014
main.py: Progress: 311 / 2014
main.py: Progress: 312 / 2014
main.py: Progress: 313 / 2014
main.py: Progress: 314 / 2014
main.py: Progress: 315 / 2014
main.py: Progress: 316 / 2014
main.py: Progress: 317 / 2014
main.py: Progress: 318 / 2014
main.py: Progress: 319 / 2014
main.py: Progress: 320 / 2014
main.py: Progress: 321 / 2014
main.py: Progress: 322 / 2014
main.py: Progress: 323 / 2014
main.py: Progress: 324 / 2014
main.py: Progress: 325 / 2014
main.py: Progress: 326 / 2014
main.py: Progress: 327 / 2014
main.py: Progress: 328 / 2014
main.py: Progress: 329 / 2014
main.py: Progress: 330 / 2014
main.py: Progress: 331 / 2014
main.py: Progress: 332 / 2014
main.py: Progress: 333 / 2014
main.py: Progress: 334 / 2014
main.py: Progress: 335 / 2014
main.py: Progress: 336 / 2014
main.py: Progress: 337 / 2014
main.py: Progress: 338 / 2014
main.py: Progress: 339 / 2014
main.py: Progress: 340 / 2014
main.py: Progress: 341 / 2014
main.py: Progress: 342 / 2014
main.py: Progress: 343 / 2014
main.py: Progress: 344 / 2014
main.py: Progress: 345 / 2014
main.py: Progress: 346 / 2014
main.py: Progress: 347 / 2014
main.py: Progress: 348 / 2014
main.py: Progress: 349 / 2014
main.py: Progress: 350 / 2014
main.py: Progress: 351 / 2014
main.py: Progress: 352 / 2014
main.py: Progress: 353 / 2014
main.py: Progress: 354 / 2014
main.py: Progress: 355 / 2014
main.py: Progress: 356 / 2014
main.py: Progress: 357 / 2014
main.py: Progress: 358 / 2014
main.py: Progress: 359 / 2014
main.py: Progress: 360 / 2014
main.py: Progress: 361 / 2014
main.py: Progress: 362 / 2014
main.py: Progress: 363 / 2014
main.py: Progress: 364 / 2014
main.py: Progress: 365 / 2014
main.py: Progress: 366 / 2014
main.py: Progress: 367 / 2014
main.py: Progress: 368 / 2014
main.py: Progress: 369 / 2014
main.py: Progress: 370 / 2014
main.py: Progress: 371 / 2014
main.py: Progress: 372 / 2014
main.py: Progress: 373 / 2014
main.py: Progress: 374 / 2014
main.py: Progress: 375 / 2014
main.py: Progress: 376 / 2014
main.py: Progress: 377 / 2014
main.py: Progress: 378 / 2014
main.py: Progress: 379 / 2014
main.py: Progress: 380 / 2014
main.py: Progress: 381 / 2014
main.py: Progress: 382 / 2014
main.py: Progress: 383 / 2014
main.py: Progress: 384 / 2014
main.py: Progress: 385 / 2014
main.py: Progress: 386 / 2014
main.py: Progress: 387 / 2014
main.py: Progress: 388 / 2014
main.py: Progress: 389 / 2014
main.py: Progress: 390 / 2014
main.py: Progress: 391 / 2014
main.py: Progress: 392 / 2014
main.py: Progress: 393 / 2014
main.py: Progress: 394 / 2014
main.py: Progress: 395 / 2014
main.py: Progress: 396 / 2014
main.py: Progress: 397 / 2014
main.py: Progress: 398 / 2014
main.py: Progress: 399 / 2014
main.py: Progress: 400 / 2014
main.py: Progress: 401 / 2014
main.py: Progress: 402 / 2014
main.py: Progress: 403 / 2014
main.py: Progress: 404 / 2014
main.py: Progress: 405 / 2014
main.py: Progress: 406 / 2014
main.py: Progress: 407 / 2014
main.py: Progress: 408 / 2014
main.py: Progress: 409 / 2014
main.py: Progress: 410 / 2014
main.py: Progress: 411 / 2014
main.py: Progress: 412 / 2014
main.py: Progress: 413 / 2014
main.py: Progress: 414 / 2014
main.py: Progress: 415 / 2014
main.py: Progress: 416 / 2014
main.py: Progress: 417 / 2014
main.py: Progress: 418 / 2014
main.py: Progress: 419 / 2014
main.py: Progress: 420 / 2014
main.py: Progress: 421 / 2014
main.py: Progress: 422 / 2014
main.py: Progress: 423 / 2014
main.py: Progress: 424 / 2014
main.py: Progress: 425 / 2014
main.py: Progress: 426 / 2014
main.py: Progress: 427 / 2014
main.py: Progress: 428 / 2014
main.py: Progress: 429 / 2014
main.py: Progress: 430 / 2014
main.py: Progress: 431 / 2014
main.py: Progress: 432 / 2014
main.py: Progress: 433 / 2014
main.py: Progress: 434 / 2014
main.py: Progress: 435 / 2014
main.py: Progress: 436 / 2014
main.py: Progress: 437 / 2014
main.py: Progress: 438 / 2014
main.py: Progress: 439 / 2014
main.py: Progress: 440 / 2014
main.py: Progress: 441 / 2014
main.py: Progress: 442 / 2014
main.py: Progress: 443 / 2014
main.py: Progress: 444 / 2014
main.py: Progress: 445 / 2014
main.py: Progress: 446 / 2014
main.py: Progress: 447 / 2014
main.py: Progress: 448 / 2014
main.py: Progress: 449 / 2014
main.py: Progress: 450 / 2014
main.py: Progress: 451 / 2014
main.py: Progress: 452 / 2014
main.py: Progress: 453 / 2014
main.py: Progress: 454 / 2014
main.py: Progress: 455 / 2014
main.py: Progress: 456 / 2014
main.py: Progress: 457 / 2014
main.py: Progress: 458 / 2014
main.py: Progress: 459 / 2014
main.py: Progress: 460 / 2014
main.py: Progress: 461 / 2014
main.py: Progress: 462 / 2014
main.py: Progress: 463 / 2014
main.py: Progress: 464 / 2014
main.py: Progress: 465 / 2014
main.py: Progress: 466 / 2014
main.py: Progress: 467 / 2014
main.py: Progress: 468 / 2014
main.py: Progress: 469 / 2014
main.py: Progress: 470 / 2014
main.py: Progress: 471 / 2014
main.py: Progress: 472 / 2014
main.py: Progress: 473 / 2014
main.py: Progress: 474 / 2014
main.py: Progress: 475 / 2014
main.py: Progress: 476 / 2014
main.py: Progress: 477 / 2014
main.py: Progress: 478 / 2014
main.py: Progress: 479 / 2014
main.py: Progress: 480 / 2014
main.py: Progress: 481 / 2014
main.py: Progress: 482 / 2014
main.py: Progress: 483 / 2014
main.py: Progress: 484 / 2014
main.py: Progress: 485 / 2014
main.py: Progress: 486 / 2014
main.py: Progress: 487 / 2014
main.py: Progress: 488 / 2014
main.py: Progress: 489 / 2014
main.py: Progress: 490 / 2014
main.py: Progress: 491 / 2014
main.py: Progress: 492 / 2014
main.py: Progress: 493 / 2014
main.py: Progress: 494 / 2014
main.py: Progress: 495 / 2014
main.py: Progress: 496 / 2014
main.py: Progress: 497 / 2014
main.py: Progress: 498 / 2014
main.py: Progress: 499 / 2014
main.py: Progress: 500 / 2014
main.py: Progress: 501 / 2014
main.py: Progress: 502 / 2014
main.py: Progress: 503 / 2014
main.py: Progress: 504 / 2014
main.py: Progress: 505 / 2014
main.py: Progress: 506 / 2014
main.py: Progress: 507 / 2014
main.py: Progress: 508 / 2014
main.py: Progress: 509 / 2014
main.py: Progress: 510 / 2014
main.py: Progress: 511 / 2014
main.py: Progress: 512 / 2014
main.py: Progress: 513 / 2014
main.py: Progress: 514 / 2014
main.py: Progress: 515 / 2014
main.py: Progress: 516 / 2014
main.py: Progress: 517 / 2014
main.py: Progress: 518 / 2014
main.py: Progress: 519 / 2014
main.py: Progress: 520 / 2014
main.py: Progress: 521 / 2014
main.py: Progress: 522 / 2014
main.py: Progress: 523 / 2014
main.py: Progress: 524 / 2014
main.py: Progress: 525 / 2014
main.py: Progress: 526 / 2014
main.py: Progress: 527 / 2014
main.py: Progress: 528 / 2014
main.py: Progress: 529 / 2014
main.py: Progress: 530 / 2014
main.py: Progress: 531 / 2014
main.py: Progress: 532 / 2014
main.py: Progress: 533 / 2014
main.py: Progress: 534 / 2014
main.py: Progress: 535 / 2014
main.py: Progress: 536 / 2014
main.py: Progress: 537 / 2014
main.py: Progress: 538 / 2014
main.py: Progress: 539 / 2014
main.py: Progress: 540 / 2014
main.py: Progress: 541 / 2014
main.py: Progress: 542 / 2014
main.py: Progress: 543 / 2014
main.py: Progress: 544 / 2014
main.py: Progress: 545 / 2014
main.py: Progress: 546 / 2014
main.py: Progress: 547 / 2014
main.py: Progress: 548 / 2014
main.py: Progress: 549 / 2014
main.py: Progress: 550 / 2014
main.py: Progress: 551 / 2014
main.py: Progress: 552 / 2014
main.py: Progress: 553 / 2014
main.py: Progress: 554 / 2014
main.py: Progress: 555 / 2014
main.py: Progress: 556 / 2014
main.py: Progress: 557 / 2014
main.py: Progress: 558 / 2014
main.py: Progress: 559 / 2014
main.py: Progress: 560 / 2014
main.py: Progress: 561 / 2014
main.py: Progress: 562 / 2014
main.py: Progress: 563 / 2014
main.py: Progress: 564 / 2014
main.py: Progress: 565 / 2014
main.py: Progress: 566 / 2014
main.py: Progress: 567 / 2014
main.py: Progress: 568 / 2014
main.py: Progress: 569 / 2014
main.py: Progress: 570 / 2014
main.py: Progress: 571 / 2014
main.py: Progress: 572 / 2014
main.py: Progress: 573 / 2014
main.py: Progress: 574 / 2014
main.py: Progress: 575 / 2014
main.py: Progress: 576 / 2014
main.py: Progress: 577 / 2014
main.py: Progress: 578 / 2014
main.py: Progress: 579 / 2014
main.py: Progress: 580 / 2014
main.py: Progress: 581 / 2014
main.py: Progress: 582 / 2014
main.py: Progress: 583 / 2014
main.py: Progress: 584 / 2014
main.py: Progress: 585 / 2014
main.py: Progress: 586 / 2014
main.py: Progress: 587 / 2014
main.py: Progress: 588 / 2014
main.py: Progress: 589 / 2014
main.py: Progress: 590 / 2014
main.py: Progress: 591 / 2014
main.py: Progress: 592 / 2014
main.py: Progress: 593 / 2014
main.py: Progress: 594 / 2014
main.py: Progress: 595 / 2014
main.py: Progress: 596 / 2014
main.py: Progress: 597 / 2014
main.py: Progress: 598 / 2014
main.py: Progress: 599 / 2014
main.py: Progress: 600 / 2014
main.py: Progress: 601 / 2014
main.py: Progress: 602 / 2014
main.py: Progress: 603 / 2014
main.py: Progress: 604 / 2014
main.py: Progress: 605 / 2014
main.py: Progress: 606 / 2014
main.py: Progress: 607 / 2014
main.py: Progress: 608 / 2014
main.py: Progress: 609 / 2014
main.py: Progress: 610 / 2014
main.py: Progress: 611 / 2014
main.py: Progress: 612 / 2014
main.py: Progress: 613 / 2014
main.py: Progress: 614 / 2014
main.py: Progress: 615 / 2014
main.py: Progress: 616 / 2014
main.py: Progress: 617 / 2014
main.py: Progress: 618 / 2014
main.py: Progress: 619 / 2014
main.py: Progress: 620 / 2014
main.py: Progress: 621 / 2014
main.py: Progress: 622 / 2014
main.py: Progress: 623 / 2014
main.py: Progress: 624 / 2014
main.py: Progress: 625 / 2014
main.py: Progress: 626 / 2014
main.py: Progress: 627 / 2014
main.py: Progress: 628 / 2014
main.py: Progress: 629 / 2014
main.py: Progress: 630 / 2014
main.py: Progress: 631 / 2014
main.py: Progress: 632 / 2014
main.py: Progress: 633 / 2014
main.py: Progress: 634 / 2014
main.py: Progress: 635 / 2014
main.py: Progress: 636 / 2014
main.py: Progress: 637 / 2014
main.py: Progress: 638 / 2014
main.py: Progress: 639 / 2014
main.py: Progress: 640 / 2014
main.py: Progress: 641 / 2014
main.py: Progress: 642 / 2014
main.py: Progress: 643 / 2014
main.py: Progress: 644 / 2014
main.py: Progress: 645 / 2014
main.py: Progress: 646 / 2014
main.py: Progress: 647 / 2014
main.py: Progress: 648 / 2014
main.py: Progress: 649 / 2014
main.py: Progress: 650 / 2014
main.py: Progress: 651 / 2014
main.py: Progress: 652 / 2014
main.py: Progress: 653 / 2014
main.py: Progress: 654 / 2014
main.py: Progress: 655 / 2014
main.py: Progress: 656 / 2014
main.py: Progress: 657 / 2014
main.py: Progress: 658 / 2014
main.py: Progress: 659 / 2014
main.py: Progress: 660 / 2014
main.py: Progress: 661 / 2014
main.py: Progress: 662 / 2014
main.py: Progress: 663 / 2014
main.py: Progress: 664 / 2014
main.py: Progress: 665 / 2014
main.py: Progress: 666 / 2014
main.py: Progress: 667 / 2014
main.py: Progress: 668 / 2014
main.py: Progress: 669 / 2014
main.py: Progress: 670 / 2014
main.py: Progress: 671 / 2014
main.py: Progress: 672 / 2014
main.py: Progress: 673 / 2014
main.py: Progress: 674 / 2014
main.py: Progress: 675 / 2014
main.py: Progress: 676 / 2014
main.py: Progress: 677 / 2014
main.py: Progress: 678 / 2014
main.py: Progress: 679 / 2014
main.py: Progress: 680 / 2014
main.py: Progress: 681 / 2014
main.py: Progress: 682 / 2014
main.py: Progress: 683 / 2014
main.py: Progress: 684 / 2014
main.py: Progress: 685 / 2014
main.py: Progress: 686 / 2014
main.py: Progress: 687 / 2014
main.py: Progress: 688 / 2014
main.py: Progress: 689 / 2014
main.py: Progress: 690 / 2014
main.py: Progress: 691 / 2014
main.py: Progress: 692 / 2014
main.py: Progress: 693 / 2014
main.py: Progress: 694 / 2014
main.py: Progress: 695 / 2014
main.py: Progress: 696 / 2014
main.py: Progress: 697 / 2014
main.py: Progress: 698 / 2014
main.py: Progress: 699 / 2014
main.py: Progress: 700 / 2014
main.py: Progress: 701 / 2014
main.py: Progress: 702 / 2014
main.py: Progress: 703 / 2014
main.py: Progress: 704 / 2014
main.py: Progress: 705 / 2014
main.py: Progress: 706 / 2014
main.py: Progress: 707 / 2014
main.py: Progress: 708 / 2014
main.py: Progress: 709 / 2014
main.py: Progress: 710 / 2014
main.py: Progress: 711 / 2014
main.py: Progress: 712 / 2014
main.py: Progress: 713 / 2014
main.py: Progress: 714 / 2014
main.py: Progress: 715 / 2014
main.py: Progress: 716 / 2014
main.py: Progress: 717 / 2014
main.py: Progress: 718 / 2014
main.py: Progress: 719 / 2014
main.py: Progress: 720 / 2014
main.py: Progress: 721 / 2014
main.py: Progress: 722 / 2014
main.py: Progress: 723 / 2014
main.py: Progress: 724 / 2014
main.py: Progress: 725 / 2014
main.py: Progress: 726 / 2014
main.py: Progress: 727 / 2014
main.py: Progress: 728 / 2014
main.py: Progress: 729 / 2014
main.py: Progress: 730 / 2014
main.py: Progress: 731 / 2014
main.py: Progress: 732 / 2014
main.py: Progress: 733 / 2014
main.py: Progress: 734 / 2014
main.py: Progress: 735 / 2014
main.py: Progress: 736 / 2014
main.py: Progress: 737 / 2014
main.py: Progress: 738 / 2014
main.py: Progress: 739 / 2014
main.py: Progress: 740 / 2014
main.py: Progress: 741 / 2014
main.py: Progress: 742 / 2014
main.py: Progress: 743 / 2014
main.py: Progress: 744 / 2014
main.py: Progress: 745 / 2014
main.py: Progress: 746 / 2014
main.py: Progress: 747 / 2014
main.py: Progress: 748 / 2014
main.py: Progress: 749 / 2014
main.py: Progress: 750 / 2014
main.py: Progress: 751 / 2014
main.py: Progress: 752 / 2014
main.py: Progress: 753 / 2014
main.py: Progress: 754 / 2014
main.py: Progress: 755 / 2014
main.py: Progress: 756 / 2014
main.py: Progress: 757 / 2014
main.py: Progress: 758 / 2014
main.py: Progress: 759 / 2014
main.py: Progress: 760 / 2014
main.py: Progress: 761 / 2014
main.py: Progress: 762 / 2014
main.py: Progress: 763 / 2014
main.py: Progress: 764 / 2014
main.py: Progress: 765 / 2014
main.py: Progress: 766 / 2014
main.py: Progress: 767 / 2014
main.py: Progress: 768 / 2014
main.py: Progress: 769 / 2014
main.py: Progress: 770 / 2014
main.py: Progress: 771 / 2014
main.py: Progress: 772 / 2014
main.py: Progress: 773 / 2014
main.py: Progress: 774 / 2014
main.py: Progress: 775 / 2014
main.py: Progress: 776 / 2014
main.py: Progress: 777 / 2014
main.py: Progress: 778 / 2014
main.py: Progress: 779 / 2014
main.py: Progress: 780 / 2014
main.py: Progress: 781 / 2014
main.py: Progress: 782 / 2014
main.py: Progress: 783 / 2014
main.py: Progress: 784 / 2014
main.py: Progress: 785 / 2014
main.py: Progress: 786 / 2014
main.py: Progress: 787 / 2014
main.py: Progress: 788 / 2014
main.py: Progress: 789 / 2014
main.py: Progress: 790 / 2014
main.py: Progress: 791 / 2014
main.py: Progress: 792 / 2014
main.py: Progress: 793 / 2014
main.py: Progress: 794 / 2014
main.py: Progress: 795 / 2014
main.py: Progress: 796 / 2014
main.py: Progress: 797 / 2014
main.py: Progress: 798 / 2014
main.py: Progress: 799 / 2014
main.py: Progress: 800 / 2014
main.py: Progress: 801 / 2014
main.py: Progress: 802 / 2014
main.py: Progress: 803 / 2014
main.py: Progress: 804 / 2014
main.py: Progress: 805 / 2014
main.py: Progress: 806 / 2014
main.py: Progress: 807 / 2014
main.py: Progress: 808 / 2014
main.py: Progress: 809 / 2014
main.py: Progress: 810 / 2014
main.py: Progress: 811 / 2014
main.py: Progress: 812 / 2014
main.py: Progress: 813 / 2014
main.py: Progress: 814 / 2014
main.py: Progress: 815 / 2014
main.py: Progress: 816 / 2014
main.py: Progress: 817 / 2014
main.py: Progress: 818 / 2014
main.py: Progress: 819 / 2014
main.py: Progress: 820 / 2014
main.py: Progress: 821 / 2014
main.py: Progress: 822 / 2014
main.py: Progress: 823 / 2014
main.py: Progress: 824 / 2014
main.py: Progress: 825 / 2014
main.py: Progress: 826 / 2014
main.py: Progress: 827 / 2014
main.py: Progress: 828 / 2014
main.py: Progress: 829 / 2014
main.py: Progress: 830 / 2014
main.py: Progress: 831 / 2014
main.py: Progress: 832 / 2014
main.py: Progress: 833 / 2014
main.py: Progress: 834 / 2014
main.py: Progress: 835 / 2014
main.py: Progress: 836 / 2014
main.py: Progress: 837 / 2014
main.py: Progress: 838 / 2014
main.py: Progress: 839 / 2014
main.py: Progress: 840 / 2014
main.py: Progress: 841 / 2014
main.py: Progress: 842 / 2014
main.py: Progress: 843 / 2014
main.py: Progress: 844 / 2014
main.py: Progress: 845 / 2014
main.py: Progress: 846 / 2014
main.py: Progress: 847 / 2014
main.py: Progress: 848 / 2014
main.py: Progress: 849 / 2014
main.py: Progress: 850 / 2014
main.py: Progress: 851 / 2014
main.py: Progress: 852 / 2014
main.py: Progress: 853 / 2014
main.py: Progress: 854 / 2014
main.py: Progress: 855 / 2014
main.py: Progress: 856 / 2014
main.py: Progress: 857 / 2014
main.py: Progress: 858 / 2014
main.py: Progress: 859 / 2014
main.py: Progress: 860 / 2014
main.py: Progress: 861 / 2014
main.py: Progress: 862 / 2014
main.py: Progress: 863 / 2014
main.py: Progress: 864 / 2014
main.py: Progress: 865 / 2014
main.py: Progress: 866 / 2014
main.py: Progress: 867 / 2014
main.py: Progress: 868 / 2014
main.py: Progress: 869 / 2014
main.py: Progress: 870 / 2014
main.py: Progress: 871 / 2014
main.py: Progress: 872 / 2014
main.py: Progress: 873 / 2014
main.py: Progress: 874 / 2014
main.py: Progress: 875 / 2014
main.py: Progress: 876 / 2014
main.py: Progress: 877 / 2014
main.py: Progress: 878 / 2014
main.py: Progress: 879 / 2014
main.py: Progress: 880 / 2014
main.py: Progress: 881 / 2014
main.py: Progress: 882 / 2014
main.py: Progress: 883 / 2014
main.py: Progress: 884 / 2014
main.py: Progress: 885 / 2014
main.py: Progress: 886 / 2014
main.py: Progress: 887 / 2014
main.py: Progress: 888 / 2014
main.py: Progress: 889 / 2014
main.py: Progress: 890 / 2014
main.py: Progress: 891 / 2014
main.py: Progress: 892 / 2014
main.py: Progress: 893 / 2014
main.py: Progress: 894 / 2014
main.py: Progress: 895 / 2014
main.py: Progress: 896 / 2014
main.py: Progress: 897 / 2014
main.py: Progress: 898 / 2014
main.py: Progress: 899 / 2014
main.py: Progress: 900 / 2014
main.py: Progress: 901 / 2014
main.py: Progress: 902 / 2014
main.py: Progress: 903 / 2014
main.py: Progress: 904 / 2014
main.py: Progress: 905 / 2014
main.py: Progress: 906 / 2014
main.py: Progress: 907 / 2014
main.py: Progress: 908 / 2014
main.py: Progress: 909 / 2014
main.py: Progress: 910 / 2014
main.py: Progress: 911 / 2014
main.py: Progress: 912 / 2014
main.py: Progress: 913 / 2014
main.py: Progress: 914 / 2014
main.py: Progress: 915 / 2014
main.py: Progress: 916 / 2014
main.py: Progress: 917 / 2014
main.py: Progress: 918 / 2014
main.py: Progress: 919 / 2014
main.py: Progress: 920 / 2014
main.py: Progress: 921 / 2014
main.py: Progress: 922 / 2014
main.py: Progress: 923 / 2014
main.py: Progress: 924 / 2014
main.py: Progress: 925 / 2014
main.py: Progress: 926 / 2014
main.py: Progress: 927 / 2014
main.py: Progress: 928 / 2014
main.py: Progress: 929 / 2014
main.py: Progress: 930 / 2014
main.py: Progress: 931 / 2014
main.py: Progress: 932 / 2014
main.py: Progress: 933 / 2014
main.py: Progress: 934 / 2014
main.py: Progress: 935 / 2014
main.py: Progress: 936 / 2014
main.py: Progress: 937 / 2014
main.py: Progress: 938 / 2014
main.py: Progress: 939 / 2014
main.py: Progress: 940 / 2014
main.py: Progress: 941 / 2014
main.py: Progress: 942 / 2014
main.py: Progress: 943 / 2014
main.py: Progress: 944 / 2014
main.py: Progress: 945 / 2014
main.py: Progress: 946 / 2014
main.py: Progress: 947 / 2014
main.py: Progress: 948 / 2014
main.py: Progress: 949 / 2014
main.py: Progress: 950 / 2014
main.py: Progress: 951 / 2014
main.py: Progress: 952 / 2014
main.py: Progress: 953 / 2014
main.py: Progress: 954 / 2014
main.py: Progress: 955 / 2014
main.py: Progress: 956 / 2014
main.py: Progress: 957 / 2014
main.py: Progress: 958 / 2014
main.py: Progress: 959 / 2014
main.py: Progress: 960 / 2014
main.py: Progress: 961 / 2014
main.py: Progress: 962 / 2014
main.py: Progress: 963 / 2014
main.py: Progress: 964 / 2014
main.py: Progress: 965 / 2014
main.py: Progress: 966 / 2014
main.py: Progress: 967 / 2014
main.py: Progress: 968 / 2014
main.py: Progress: 969 / 2014
main.py: Progress: 970 / 2014
main.py: Progress: 971 / 2014
main.py: Progress: 972 / 2014
main.py: Progress: 973 / 2014
main.py: Progress: 974 / 2014
main.py: Progress: 975 / 2014
main.py: Progress: 976 / 2014
main.py: Progress: 977 / 2014
main.py: Progress: 978 / 2014
main.py: Progress: 979 / 2014
main.py: Progress: 980 / 2014
main.py: Progress: 981 / 2014
main.py: Progress: 982 / 2014
main.py: Progress: 983 / 2014
main.py: Progress: 984 / 2014
main.py: Progress: 985 / 2014
main.py: Progress: 986 / 2014
main.py: Progress: 987 / 2014
main.py: Progress: 988 / 2014
main.py: Progress: 989 / 2014
main.py: Progress: 990 / 2014
main.py: Progress: 991 / 2014
main.py: Progress: 992 / 2014
main.py: Progress: 993 / 2014
main.py: Progress: 994 / 2014
main.py: Progress: 995 / 2014
main.py: Progress: 996 / 2014
main.py: Progress: 997 / 2014
main.py: Progress: 998 / 2014
main.py: Progress: 999 / 2014
main.py: Progress: 1000 / 2014
main.py: Progress: 1001 / 2014
main.py: Progress: 1002 / 2014
main.py: Progress: 1003 / 2014
main.py: Progress: 1004 / 2014
main.py: Progress: 1005 / 2014
main.py: Progress: 1006 / 2014
main.py: Progress: 1007 / 2014
main.py: Progress: 1008 / 2014
main.py: Progress: 1009 / 2014
main.py: Progress: 1010 / 2014
main.py: Progress: 1011 / 2014
main.py: Progress: 1012 / 2014
main.py: Progress: 1013 / 2014
main.py: Progress: 1014 / 2014
main.py: Progress: 1015 / 2014
main.py: Progress: 1016 / 2014
main.py: Progress: 1017 / 2014
main.py: Progress: 1018 / 2014
main.py: Progress: 1019 / 2014
main.py: Progress: 1020 / 2014
main.py: Progress: 1021 / 2014
main.py: Progress: 1022 / 2014
main.py: Progress: 1023 / 2014
main.py: Progress: 1024 / 2014
main.py: Progress: 1025 / 2014
main.py: Progress: 1026 / 2014
main.py: Progress: 1027 / 2014
main.py: Progress: 1028 / 2014
main.py: Progress: 1029 / 2014
main.py: Progress: 1030 / 2014
main.py: Progress: 1031 / 2014
main.py: Progress: 1032 / 2014
main.py: Progress: 1033 / 2014
main.py: Progress: 1034 / 2014
main.py: Progress: 1035 / 2014
main.py: Progress: 1036 / 2014
main.py: Progress: 1037 / 2014
main.py: Progress: 1038 / 2014
main.py: Progress: 1039 / 2014
main.py: Progress: 1040 / 2014
main.py: Progress: 1041 / 2014
main.py: Progress: 1042 / 2014
main.py: Progress: 1043 / 2014
main.py: Progress: 1044 / 2014
main.py: Progress: 1045 / 2014
main.py: Progress: 1046 / 2014
main.py: Progress: 1047 / 2014
main.py: Progress: 1048 / 2014
main.py: Progress: 1049 / 2014
main.py: Progress: 1050 / 2014
main.py: Progress: 1051 / 2014
main.py: Progress: 1052 / 2014
main.py: Progress: 1053 / 2014
main.py: Progress: 1054 / 2014
main.py: Progress: 1055 / 2014
main.py: Progress: 1056 / 2014
main.py: Progress: 1057 / 2014
main.py: Progress: 1058 / 2014
main.py: Progress: 1059 / 2014
main.py: Progress: 1060 / 2014
main.py: Progress: 1061 / 2014
main.py: Progress: 1062 / 2014
main.py: Progress: 1063 / 2014
main.py: Progress: 1064 / 2014
main.py: Progress: 1065 / 2014
main.py: Progress: 1066 / 2014
main.py: Progress: 1067 / 2014
main.py: Progress: 1068 / 2014
main.py: Progress: 1069 / 2014
main.py: Progress: 1070 / 2014
main.py: Progress: 1071 / 2014
main.py: Progress: 1072 / 2014
main.py: Progress: 1073 / 2014
main.py: Progress: 1074 / 2014
main.py: Progress: 1075 / 2014
main.py: Progress: 1076 / 2014
main.py: Progress: 1077 / 2014
main.py: Progress: 1078 / 2014
main.py: Progress: 1079 / 2014
main.py: Progress: 1080 / 2014
main.py: Progress: 1081 / 2014
main.py: Progress: 1082 / 2014
main.py: Progress: 1083 / 2014
main.py: Progress: 1084 / 2014
main.py: Progress: 1085 / 2014
main.py: Progress: 1086 / 2014
main.py: Progress: 1087 / 2014
main.py: Progress: 1088 / 2014
main.py: Progress: 1089 / 2014
main.py: Progress: 1090 / 2014
main.py: Progress: 1091 / 2014
main.py: Progress: 1092 / 2014
main.py: Progress: 1093 / 2014
main.py: Progress: 1094 / 2014
main.py: Progress: 1095 / 2014
main.py: Progress: 1096 / 2014
main.py: Progress: 1097 / 2014
main.py: Progress: 1098 / 2014
main.py: Progress: 1099 / 2014
main.py: Progress: 1100 / 2014
main.py: Progress: 1101 / 2014
main.py: Progress: 1102 / 2014
main.py: Progress: 1103 / 2014
main.py: Progress: 1104 / 2014
main.py: Progress: 1105 / 2014
main.py: Progress: 1106 / 2014
main.py: Progress: 1107 / 2014
main.py: Progress: 1108 / 2014
main.py: Progress: 1109 / 2014
main.py: Progress: 1110 / 2014
main.py: Progress: 1111 / 2014
main.py: Progress: 1112 / 2014
main.py: Progress: 1113 / 2014
main.py: Progress: 1114 / 2014
main.py: Progress: 1115 / 2014
main.py: Progress: 1116 / 2014
main.py: Progress: 1117 / 2014
main.py: Progress: 1118 / 2014
main.py: Progress: 1119 / 2014
main.py: Progress: 1120 / 2014
main.py: Progress: 1121 / 2014
main.py: Progress: 1122 / 2014
main.py: Progress: 1123 / 2014
main.py: Progress: 1124 / 2014
main.py: Progress: 1125 / 2014
main.py: Progress: 1126 / 2014
main.py: Progress: 1127 / 2014
main.py: Progress: 1128 / 2014
main.py: Progress: 1129 / 2014
main.py: Progress: 1130 / 2014
main.py: Progress: 1131 / 2014
main.py: Progress: 1132 / 2014
main.py: Progress: 1133 / 2014
main.py: Progress: 1134 / 2014
main.py: Progress: 1135 / 2014
main.py: Progress: 1136 / 2014
main.py: Progress: 1137 / 2014
main.py: Progress: 1138 / 2014
main.py: Progress: 1139 / 2014
main.py: Progress: 1140 / 2014
main.py: Progress: 1141 / 2014
main.py: Progress: 1142 / 2014
main.py: Progress: 1143 / 2014
main.py: Progress: 1144 / 2014
main.py: Progress: 1145 / 2014
main.py: Progress: 1146 / 2014
main.py: Progress: 1147 / 2014
main.py: Progress: 1148 / 2014
main.py: Progress: 1149 / 2014
main.py: Progress: 1150 / 2014
main.py: Progress: 1151 / 2014
main.py: Progress: 1152 / 2014
main.py: Progress: 1153 / 2014
main.py: Progress: 1154 / 2014
main.py: Progress: 1155 / 2014
main.py: Progress: 1156 / 2014
main.py: Progress: 1157 / 2014
main.py: Progress: 1158 / 2014
main.py: Progress: 1159 / 2014
main.py: Progress: 1160 / 2014
main.py: Progress: 1161 / 2014
main.py: Progress: 1162 / 2014
main.py: Progress: 1163 / 2014
main.py: Progress: 1164 / 2014
main.py: Progress: 1165 / 2014
main.py: Progress: 1166 / 2014
main.py: Progress: 1167 / 2014
main.py: Progress: 1168 / 2014
main.py: Progress: 1169 / 2014
main.py: Progress: 1170 / 2014
main.py: Progress: 1171 / 2014
main.py: Progress: 1172 / 2014
main.py: Progress: 1173 / 2014
main.py: Progress: 1174 / 2014
main.py: Progress: 1175 / 2014
main.py: Progress: 1176 / 2014
main.py: Progress: 1177 / 2014
main.py: Progress: 1178 / 2014
main.py: Progress: 1179 / 2014
main.py: Progress: 1180 / 2014
main.py: Progress: 1181 / 2014
main.py: Progress: 1182 / 2014
main.py: Progress: 1183 / 2014
main.py: Progress: 1184 / 2014
main.py: Progress: 1185 / 2014
main.py: Progress: 1186 / 2014
main.py: Progress: 1187 / 2014
main.py: Progress: 1188 / 2014
main.py: Progress: 1189 / 2014
main.py: Progress: 1190 / 2014
main.py: Progress: 1191 / 2014
main.py: Progress: 1192 / 2014
main.py: Progress: 1193 / 2014
main.py: Progress: 1194 / 2014
main.py: Progress: 1195 / 2014
main.py: Progress: 1196 / 2014
main.py: Progress: 1197 / 2014
main.py: Progress: 1198 / 2014
main.py: Progress: 1199 / 2014
main.py: Progress: 1200 / 2014
main.py: Progress: 1201 / 2014
main.py: Progress: 1202 / 2014
main.py: Progress: 1203 / 2014
main.py: Progress: 1204 / 2014
main.py: Progress: 1205 / 2014
main.py: Progress: 1206 / 2014
main.py: Progress: 1207 / 2014
main.py: Progress: 1208 / 2014
main.py: Progress: 1209 / 2014
main.py: Progress: 1210 / 2014
main.py: Progress: 1211 / 2014
main.py: Progress: 1212 / 2014
main.py: Progress: 1213 / 2014
main.py: Progress: 1214 / 2014
main.py: Progress: 1215 / 2014
main.py: Progress: 1216 / 2014
main.py: Progress: 1217 / 2014
main.py: Progress: 1218 / 2014
main.py: Progress: 1219 / 2014
main.py: Progress: 1220 / 2014
main.py: Progress: 1221 / 2014
main.py: Progress: 1222 / 2014
main.py: Progress: 1223 / 2014
main.py: Progress: 1224 / 2014
main.py: Progress: 1225 / 2014
main.py: Progress: 1226 / 2014
main.py: Progress: 1227 / 2014
main.py: Progress: 1228 / 2014
main.py: Progress: 1229 / 2014
main.py: Progress: 1230 / 2014
main.py: Progress: 1231 / 2014
main.py: Progress: 1232 / 2014
main.py: Progress: 1233 / 2014
main.py: Progress: 1234 / 2014
main.py: Progress: 1235 / 2014
main.py: Progress: 1236 / 2014
main.py: Progress: 1237 / 2014
main.py: Progress: 1238 / 2014
main.py: Progress: 1239 / 2014
main.py: Progress: 1240 / 2014
main.py: Progress: 1241 / 2014
main.py: Progress: 1242 / 2014
main.py: Progress: 1243 / 2014
main.py: Progress: 1244 / 2014
main.py: Progress: 1245 / 2014
main.py: Progress: 1246 / 2014
main.py: Progress: 1247 / 2014
main.py: Progress: 1248 / 2014
main.py: Progress: 1249 / 2014
main.py: Progress: 1250 / 2014
main.py: Progress: 1251 / 2014
main.py: Progress: 1252 / 2014
main.py: Progress: 1253 / 2014
main.py: Progress: 1254 / 2014
main.py: Progress: 1255 / 2014
main.py: Progress: 1256 / 2014
main.py: Progress: 1257 / 2014
main.py: Progress: 1258 / 2014
main.py: Progress: 1259 / 2014
main.py: Progress: 1260 / 2014
main.py: Progress: 1261 / 2014
main.py: Progress: 1262 / 2014
main.py: Progress: 1263 / 2014
main.py: Progress: 1264 / 2014
main.py: Progress: 1265 / 2014
main.py: Progress: 1266 / 2014
main.py: Progress: 1267 / 2014
main.py: Progress: 1268 / 2014
main.py: Progress: 1269 / 2014
main.py: Progress: 1270 / 2014
main.py: Progress: 1271 / 2014
main.py: Progress: 1272 / 2014
main.py: Progress: 1273 / 2014
main.py: Progress: 1274 / 2014
main.py: Progress: 1275 / 2014
main.py: Progress: 1276 / 2014
main.py: Progress: 1277 / 2014
main.py: Progress: 1278 / 2014
main.py: Progress: 1279 / 2014
main.py: Progress: 1280 / 2014
main.py: Progress: 1281 / 2014
main.py: Progress: 1282 / 2014
main.py: Progress: 1283 / 2014
main.py: Progress: 1284 / 2014
main.py: Progress: 1285 / 2014
main.py: Progress: 1286 / 2014
main.py: Progress: 1287 / 2014
main.py: Progress: 1288 / 2014
main.py: Progress: 1289 / 2014
main.py: Progress: 1290 / 2014
main.py: Progress: 1291 / 2014
main.py: Progress: 1292 / 2014
main.py: Progress: 1293 / 2014
main.py: Progress: 1294 / 2014
main.py: Progress: 1295 / 2014
main.py: Progress: 1296 / 2014
main.py: Progress: 1297 / 2014
main.py: Progress: 1298 / 2014
main.py: Progress: 1299 / 2014
main.py: Progress: 1300 / 2014
main.py: Progress: 1301 / 2014
main.py: Progress: 1302 / 2014
main.py: Progress: 1303 / 2014
main.py: Progress: 1304 / 2014
main.py: Progress: 1305 / 2014
main.py: Progress: 1306 / 2014
main.py: Progress: 1307 / 2014
main.py: Progress: 1308 / 2014
main.py: Progress: 1309 / 2014
main.py: Progress: 1310 / 2014
main.py: Progress: 1311 / 2014
main.py: Progress: 1312 / 2014
main.py: Progress: 1313 / 2014
main.py: Progress: 1314 / 2014
main.py: Progress: 1315 / 2014
main.py: Progress: 1316 / 2014
main.py: Progress: 1317 / 2014
main.py: Progress: 1318 / 2014
main.py: Progress: 1319 / 2014
main.py: Progress: 1320 / 2014
main.py: Progress: 1321 / 2014
main.py: Progress: 1322 / 2014
main.py: Progress: 1323 / 2014
main.py: Progress: 1324 / 2014
main.py: Progress: 1325 / 2014
main.py: Progress: 1326 / 2014
main.py: Progress: 1327 / 2014
main.py: Progress: 1328 / 2014
main.py: Progress: 1329 / 2014
main.py: Progress: 1330 / 2014
main.py: Progress: 1331 / 2014
main.py: Progress: 1332 / 2014
main.py: Progress: 1333 / 2014
main.py: Progress: 1334 / 2014
main.py: Progress: 1335 / 2014
main.py: Progress: 1336 / 2014
main.py: Progress: 1337 / 2014
main.py: Progress: 1338 / 2014
main.py: Progress: 1339 / 2014
main.py: Progress: 1340 / 2014
main.py: Progress: 1341 / 2014
main.py: Progress: 1342 / 2014
main.py: Progress: 1343 / 2014
main.py: Progress: 1344 / 2014
main.py: Progress: 1345 / 2014
main.py: Progress: 1346 / 2014
main.py: Progress: 1347 / 2014
main.py: Progress: 1348 / 2014
main.py: Progress: 1349 / 2014
main.py: Progress: 1350 / 2014
main.py: Progress: 1351 / 2014
main.py: Progress: 1352 / 2014
main.py: Progress: 1353 / 2014
main.py: Progress: 1354 / 2014
main.py: Progress: 1355 / 2014
main.py: Progress: 1356 / 2014
main.py: Progress: 1357 / 2014
main.py: Progress: 1358 / 2014
main.py: Progress: 1359 / 2014
main.py: Progress: 1360 / 2014
main.py: Progress: 1361 / 2014
main.py: Progress: 1362 / 2014
main.py: Progress: 1363 / 2014
main.py: Progress: 1364 / 2014
main.py: Progress: 1365 / 2014
main.py: Progress: 1366 / 2014
main.py: Progress: 1367 / 2014
main.py: Progress: 1368 / 2014
main.py: Progress: 1369 / 2014
main.py: Progress: 1370 / 2014
main.py: Progress: 1371 / 2014
main.py: Progress: 1372 / 2014
main.py: Progress: 1373 / 2014
main.py: Progress: 1374 / 2014
main.py: Progress: 1375 / 2014
main.py: Progress: 1376 / 2014
main.py: Progress: 1377 / 2014
main.py: Progress: 1378 / 2014
main.py: Progress: 1379 / 2014
main.py: Progress: 1380 / 2014
main.py: Progress: 1381 / 2014
main.py: Progress: 1382 / 2014
main.py: Progress: 1383 / 2014
main.py: Progress: 1384 / 2014
main.py: Progress: 1385 / 2014
main.py: Progress: 1386 / 2014
main.py: Progress: 1387 / 2014
main.py: Progress: 1388 / 2014
main.py: Progress: 1389 / 2014
main.py: Progress: 1390 / 2014
main.py: Progress: 1391 / 2014
main.py: Progress: 1392 / 2014
main.py: Progress: 1393 / 2014
main.py: Progress: 1394 / 2014
main.py: Progress: 1395 / 2014
main.py: Progress: 1396 / 2014
main.py: Progress: 1397 / 2014
main.py: Progress: 1398 / 2014
main.py: Progress: 1399 / 2014
main.py: Progress: 1400 / 2014
main.py: Progress: 1401 / 2014
main.py: Progress: 1402 / 2014
main.py: Progress: 1403 / 2014
main.py: Progress: 1404 / 2014
main.py: Progress: 1405 / 2014
main.py: Progress: 1406 / 2014
main.py: Progress: 1407 / 2014
main.py: Progress: 1408 / 2014
main.py: Progress: 1409 / 2014
main.py: Progress: 1410 / 2014
main.py: Progress: 1411 / 2014
main.py: Progress: 1412 / 2014
main.py: Progress: 1413 / 2014
main.py: Progress: 1414 / 2014
main.py: Progress: 1415 / 2014
main.py: Progress: 1416 / 2014
main.py: Progress: 1417 / 2014
main.py: Progress: 1418 / 2014
main.py: Progress: 1419 / 2014
main.py: Progress: 1420 / 2014
main.py: Progress: 1421 / 2014
main.py: Progress: 1422 / 2014
main.py: Progress: 1423 / 2014
main.py: Progress: 1424 / 2014
main.py: Progress: 1425 / 2014
main.py: Progress: 1426 / 2014
main.py: Progress: 1427 / 2014
main.py: Progress: 1428 / 2014
main.py: Progress: 1429 / 2014
main.py: Progress: 1430 / 2014
main.py: Progress: 1431 / 2014
main.py: Progress: 1432 / 2014
main.py: Progress: 1433 / 2014
main.py: Progress: 1434 / 2014
main.py: Progress: 1435 / 2014
main.py: Progress: 1436 / 2014
main.py: Progress: 1437 / 2014
main.py: Progress: 1438 / 2014
main.py: Progress: 1439 / 2014
main.py: Progress: 1440 / 2014
main.py: Progress: 1441 / 2014
main.py: Progress: 1442 / 2014
main.py: Progress: 1443 / 2014
main.py: Progress: 1444 / 2014
main.py: Progress: 1445 / 2014
main.py: Progress: 1446 / 2014
main.py: Progress: 1447 / 2014
main.py: Progress: 1448 / 2014
main.py: Progress: 1449 / 2014
main.py: Progress: 1450 / 2014
main.py: Progress: 1451 / 2014
main.py: Progress: 1452 / 2014
main.py: Progress: 1453 / 2014
main.py: Progress: 1454 / 2014
main.py: Progress: 1455 / 2014
main.py: Progress: 1456 / 2014
main.py: Progress: 1457 / 2014
main.py: Progress: 1458 / 2014
main.py: Progress: 1459 / 2014
main.py: Progress: 1460 / 2014
main.py: Progress: 1461 / 2014
main.py: Progress: 1462 / 2014
main.py: Progress: 1463 / 2014
main.py: Progress: 1464 / 2014
main.py: Progress: 1465 / 2014
main.py: Progress: 1466 / 2014
main.py: Progress: 1467 / 2014
main.py: Progress: 1468 / 2014
main.py: Progress: 1469 / 2014
main.py: Progress: 1470 / 2014
main.py: Progress: 1471 / 2014
main.py: Progress: 1472 / 2014
main.py: Progress: 1473 / 2014
main.py: Progress: 1474 / 2014
main.py: Progress: 1475 / 2014
main.py: Progress: 1476 / 2014
main.py: Progress: 1477 / 2014
main.py: Progress: 1478 / 2014
main.py: Progress: 1479 / 2014
main.py: Progress: 1480 / 2014
main.py: Progress: 1481 / 2014
main.py: Progress: 1482 / 2014
main.py: Progress: 1483 / 2014
main.py: Progress: 1484 / 2014
main.py: Progress: 1485 / 2014
main.py: Progress: 1486 / 2014
main.py: Progress: 1487 / 2014
main.py: Progress: 1488 / 2014
main.py: Progress: 1489 / 2014
main.py: Progress: 1490 / 2014
main.py: Progress: 1491 / 2014
main.py: Progress: 1492 / 2014
main.py: Progress: 1493 / 2014
main.py: Progress: 1494 / 2014
main.py: Progress: 1495 / 2014
main.py: Progress: 1496 / 2014
main.py: Progress: 1497 / 2014
main.py: Progress: 1498 / 2014
main.py: Progress: 1499 / 2014
main.py: Progress: 1500 / 2014
main.py: Progress: 1501 / 2014
main.py: Progress: 1502 / 2014
main.py: Progress: 1503 / 2014
main.py: Progress: 1504 / 2014
main.py: Progress: 1505 / 2014
main.py: Progress: 1506 / 2014
main.py: Progress: 1507 / 2014
main.py: Progress: 1508 / 2014
main.py: Progress: 1509 / 2014
main.py: Progress: 1510 / 2014
main.py: Progress: 1511 / 2014
main.py: Progress: 1512 / 2014
main.py: Progress: 1513 / 2014
main.py: Progress: 1514 / 2014
main.py: Progress: 1515 / 2014
main.py: Progress: 1516 / 2014
main.py: Progress: 1517 / 2014
main.py: Progress: 1518 / 2014
main.py: Progress: 1519 / 2014
main.py: Progress: 1520 / 2014
main.py: Progress: 1521 / 2014
main.py: Progress: 1522 / 2014
main.py: Progress: 1523 / 2014
main.py: Progress: 1524 / 2014
main.py: Progress: 1525 / 2014
main.py: Progress: 1526 / 2014
main.py: Progress: 1527 / 2014
main.py: Progress: 1528 / 2014
main.py: Progress: 1529 / 2014
main.py: Progress: 1530 / 2014
main.py: Progress: 1531 / 2014
main.py: Progress: 1532 / 2014
main.py: Progress: 1533 / 2014
main.py: Progress: 1534 / 2014
main.py: Progress: 1535 / 2014
main.py: Progress: 1536 / 2014
main.py: Progress: 1537 / 2014
main.py: Progress: 1538 / 2014
main.py: Progress: 1539 / 2014
main.py: Progress: 1540 / 2014
main.py: Progress: 1541 / 2014
main.py: Progress: 1542 / 2014
main.py: Progress: 1543 / 2014
main.py: Progress: 1544 / 2014
main.py: Progress: 1545 / 2014
main.py: Progress: 1546 / 2014
main.py: Progress: 1547 / 2014
main.py: Progress: 1548 / 2014
main.py: Progress: 1549 / 2014
main.py: Progress: 1550 / 2014
main.py: Progress: 1551 / 2014
main.py: Progress: 1552 / 2014
main.py: Progress: 1553 / 2014
main.py: Progress: 1554 / 2014
main.py: Progress: 1555 / 2014
main.py: Progress: 1556 / 2014
main.py: Progress: 1557 / 2014
main.py: Progress: 1558 / 2014
main.py: Progress: 1559 / 2014
main.py: Progress: 1560 / 2014
main.py: Progress: 1561 / 2014
main.py: Progress: 1562 / 2014
main.py: Progress: 1563 / 2014
main.py: Progress: 1564 / 2014
main.py: Progress: 1565 / 2014
main.py: Progress: 1566 / 2014
main.py: Progress: 1567 / 2014
main.py: Progress: 1568 / 2014
main.py: Progress: 1569 / 2014
main.py: Progress: 1570 / 2014
main.py: Progress: 1571 / 2014
main.py: Progress: 1572 / 2014
main.py: Progress: 1573 / 2014
main.py: Progress: 1574 / 2014
main.py: Progress: 1575 / 2014
main.py: Progress: 1576 / 2014
main.py: Progress: 1577 / 2014
main.py: Progress: 1578 / 2014
main.py: Progress: 1579 / 2014
main.py: Progress: 1580 / 2014
main.py: Progress: 1581 / 2014
main.py: Progress: 1582 / 2014
main.py: Progress: 1583 / 2014
main.py: Progress: 1584 / 2014
main.py: Progress: 1585 / 2014
main.py: Progress: 1586 / 2014
main.py: Progress: 1587 / 2014
main.py: Progress: 1588 / 2014
main.py: Progress: 1589 / 2014
main.py: Progress: 1590 / 2014
main.py: Progress: 1591 / 2014
main.py: Progress: 1592 / 2014
main.py: Progress: 1593 / 2014
main.py: Progress: 1594 / 2014
main.py: Progress: 1595 / 2014
main.py: Progress: 1596 / 2014
main.py: Progress: 1597 / 2014
main.py: Progress: 1598 / 2014
main.py: Progress: 1599 / 2014
main.py: Progress: 1600 / 2014
main.py: Progress: 1601 / 2014
main.py: Progress: 1602 / 2014
main.py: Progress: 1603 / 2014
main.py: Progress: 1604 / 2014
main.py: Progress: 1605 / 2014
main.py: Progress: 1606 / 2014
main.py: Progress: 1607 / 2014
main.py: Progress: 1608 / 2014
main.py: Progress: 1609 / 2014
main.py: Progress: 1610 / 2014
main.py: Progress: 1611 / 2014
main.py: Progress: 1612 / 2014
main.py: Progress: 1613 / 2014
main.py: Progress: 1614 / 2014
main.py: Progress: 1615 / 2014
main.py: Progress: 1616 / 2014
main.py: Progress: 1617 / 2014
main.py: Progress: 1618 / 2014
main.py: Progress: 1619 / 2014
main.py: Progress: 1620 / 2014
main.py: Progress: 1621 / 2014
main.py: Progress: 1622 / 2014
main.py: Progress: 1623 / 2014
main.py: Progress: 1624 / 2014
main.py: Progress: 1625 / 2014
main.py: Progress: 1626 / 2014
main.py: Progress: 1627 / 2014
main.py: Progress: 1628 / 2014
main.py: Progress: 1629 / 2014
main.py: Progress: 1630 / 2014
main.py: Progress: 1631 / 2014
main.py: Progress: 1632 / 2014
main.py: Progress: 1633 / 2014
main.py: Progress: 1634 / 2014
main.py: Progress: 1635 / 2014
main.py: Progress: 1636 / 2014
main.py: Progress: 1637 / 2014
main.py: Progress: 1638 / 2014
main.py: Progress: 1639 / 2014
main.py: Progress: 1640 / 2014
main.py: Progress: 1641 / 2014
main.py: Progress: 1642 / 2014
main.py: Progress: 1643 / 2014
main.py: Progress: 1644 / 2014
main.py: Progress: 1645 / 2014
main.py: Progress: 1646 / 2014
main.py: Progress: 1647 / 2014
main.py: Progress: 1648 / 2014
main.py: Progress: 1649 / 2014
main.py: Progress: 1650 / 2014
main.py: Progress: 1651 / 2014
main.py: Progress: 1652 / 2014
main.py: Progress: 1653 / 2014
main.py: Progress: 1654 / 2014
main.py: Progress: 1655 / 2014
main.py: Progress: 1656 / 2014
main.py: Progress: 1657 / 2014
main.py: Progress: 1658 / 2014
main.py: Progress: 1659 / 2014
main.py: Progress: 1660 / 2014
main.py: Progress: 1661 / 2014
main.py: Progress: 1662 / 2014
main.py: Progress: 1663 / 2014
main.py: Progress: 1664 / 2014
main.py: Progress: 1665 / 2014
main.py: Progress: 1666 / 2014
main.py: Progress: 1667 / 2014
main.py: Progress: 1668 / 2014
main.py: Progress: 1669 / 2014
main.py: Progress: 1670 / 2014
main.py: Progress: 1671 / 2014
main.py: Progress: 1672 / 2014
main.py: Progress: 1673 / 2014
main.py: Progress: 1674 / 2014
main.py: Progress: 1675 / 2014
main.py: Progress: 1676 / 2014
main.py: Progress: 1677 / 2014
main.py: Progress: 1678 / 2014
main.py: Progress: 1679 / 2014
main.py: Progress: 1680 / 2014
main.py: Progress: 1681 / 2014
main.py: Progress: 1682 / 2014
main.py: Progress: 1683 / 2014
main.py: Progress: 1684 / 2014
main.py: Progress: 1685 / 2014
main.py: Progress: 1686 / 2014
main.py: Progress: 1687 / 2014
main.py: Progress: 1688 / 2014
main.py: Progress: 1689 / 2014
main.py: Progress: 1690 / 2014
main.py: Progress: 1691 / 2014
main.py: Progress: 1692 / 2014
main.py: Progress: 1693 / 2014
main.py: Progress: 1694 / 2014
main.py: Progress: 1695 / 2014
main.py: Progress: 1696 / 2014
main.py: Progress: 1697 / 2014
main.py: Progress: 1698 / 2014
main.py: Progress: 1699 / 2014
main.py: Progress: 1700 / 2014
main.py: Progress: 1701 / 2014
main.py: Progress: 1702 / 2014
main.py: Progress: 1703 / 2014
main.py: Progress: 1704 / 2014
main.py: Progress: 1705 / 2014
main.py: Progress: 1706 / 2014
main.py: Progress: 1707 / 2014
main.py: Progress: 1708 / 2014
main.py: Progress: 1709 / 2014
main.py: Progress: 1710 / 2014
main.py: Progress: 1711 / 2014
main.py: Progress: 1712 / 2014
main.py: Progress: 1713 / 2014
main.py: Progress: 1714 / 2014
main.py: Progress: 1715 / 2014
main.py: Progress: 1716 / 2014
main.py: Progress: 1717 / 2014
main.py: Progress: 1718 / 2014
main.py: Progress: 1719 / 2014
main.py: Progress: 1720 / 2014
main.py: Progress: 1721 / 2014
main.py: Progress: 1722 / 2014
main.py: Progress: 1723 / 2014
main.py: Progress: 1724 / 2014
main.py: Progress: 1725 / 2014
main.py: Progress: 1726 / 2014
main.py: Progress: 1727 / 2014
main.py: Progress: 1728 / 2014
main.py: Progress: 1729 / 2014
main.py: Progress: 1730 / 2014
main.py: Progress: 1731 / 2014
main.py: Progress: 1732 / 2014
main.py: Progress: 1733 / 2014
main.py: Progress: 1734 / 2014
main.py: Progress: 1735 / 2014
main.py: Progress: 1736 / 2014
main.py: Progress: 1737 / 2014
main.py: Progress: 1738 / 2014
main.py: Progress: 1739 / 2014
main.py: Progress: 1740 / 2014
main.py: Progress: 1741 / 2014
main.py: Progress: 1742 / 2014
main.py: Progress: 1743 / 2014
main.py: Progress: 1744 / 2014
main.py: Progress: 1745 / 2014
main.py: Progress: 1746 / 2014
main.py: Progress: 1747 / 2014
main.py: Progress: 1748 / 2014
main.py: Progress: 1749 / 2014
main.py: Progress: 1750 / 2014
main.py: Progress: 1751 / 2014
main.py: Progress: 1752 / 2014
main.py: Progress: 1753 / 2014
main.py: Progress: 1754 / 2014
main.py: Progress: 1755 / 2014
main.py: Progress: 1756 / 2014
main.py: Progress: 1757 / 2014
main.py: Progress: 1758 / 2014
main.py: Progress: 1759 / 2014
main.py: Progress: 1760 / 2014
main.py: Progress: 1761 / 2014
main.py: Progress: 1762 / 2014
main.py: Progress: 1763 / 2014
main.py: Progress: 1764 / 2014
main.py: Progress: 1765 / 2014
main.py: Progress: 1766 / 2014
main.py: Progress: 1767 / 2014
main.py: Progress: 1768 / 2014
main.py: Progress: 1769 / 2014
main.py: Progress: 1770 / 2014
main.py: Progress: 1771 / 2014
main.py: Progress: 1772 / 2014
main.py: Progress: 1773 / 2014
main.py: Progress: 1774 / 2014
main.py: Progress: 1775 / 2014
main.py: Progress: 1776 / 2014
main.py: Progress: 1777 / 2014
main.py: Progress: 1778 / 2014
main.py: Progress: 1779 / 2014
main.py: Progress: 1780 / 2014
main.py: Progress: 1781 / 2014
main.py: Progress: 1782 / 2014
main.py: Progress: 1783 / 2014
main.py: Progress: 1784 / 2014
main.py: Progress: 1785 / 2014
main.py: Progress: 1786 / 2014
main.py: Progress: 1787 / 2014
main.py: Progress: 1788 / 2014
main.py: Progress: 1789 / 2014
main.py: Progress: 1790 / 2014
main.py: Progress: 1791 / 2014
main.py: Progress: 1792 / 2014
main.py: Progress: 1793 / 2014
main.py: Progress: 1794 / 2014
main.py: Progress: 1795 / 2014
main.py: Progress: 1796 / 2014
main.py: Progress: 1797 / 2014
main.py: Progress: 1798 / 2014
main.py: Progress: 1799 / 2014
main.py: Progress: 1800 / 2014
main.py: Progress: 1801 / 2014
main.py: Progress: 1802 / 2014
main.py: Progress: 1803 / 2014
main.py: Progress: 1804 / 2014
main.py: Progress: 1805 / 2014
main.py: Progress: 1806 / 2014
main.py: Progress: 1807 / 2014
main.py: Progress: 1808 / 2014
main.py: Progress: 1809 / 2014
main.py: Progress: 1810 / 2014
main.py: Progress: 1811 / 2014
main.py: Progress: 1812 / 2014
main.py: Progress: 1813 / 2014
main.py: Progress: 1814 / 2014
main.py: Progress: 1815 / 2014
main.py: Progress: 1816 / 2014
main.py: Progress: 1817 / 2014
main.py: Progress: 1818 / 2014
main.py: Progress: 1819 / 2014
main.py: Progress: 1820 / 2014
main.py: Progress: 1821 / 2014
main.py: Progress: 1822 / 2014
main.py: Progress: 1823 / 2014
main.py: Progress: 1824 / 2014
main.py: Progress: 1825 / 2014
main.py: Progress: 1826 / 2014
main.py: Progress: 1827 / 2014
main.py: Progress: 1828 / 2014
main.py: Progress: 1829 / 2014
main.py: Progress: 1830 / 2014
main.py: Progress: 1831 / 2014
main.py: Progress: 1832 / 2014
main.py: Progress: 1833 / 2014
main.py: Progress: 1834 / 2014
main.py: Progress: 1835 / 2014
main.py: Progress: 1836 / 2014
main.py: Progress: 1837 / 2014
main.py: Progress: 1838 / 2014
main.py: Progress: 1839 / 2014
main.py: Progress: 1840 / 2014
main.py: Progress: 1841 / 2014
main.py: Progress: 1842 / 2014
main.py: Progress: 1843 / 2014
main.py: Progress: 1844 / 2014
main.py: Progress: 1845 / 2014
main.py: Progress: 1846 / 2014
main.py: Progress: 1847 / 2014
main.py: Progress: 1848 / 2014
main.py: Progress: 1849 / 2014
main.py: Progress: 1850 / 2014
main.py: Progress: 1851 / 2014
main.py: Progress: 1852 / 2014
main.py: Progress: 1853 / 2014
main.py: Progress: 1854 / 2014
main.py: Progress: 1855 / 2014
main.py: Progress: 1856 / 2014
main.py: Progress: 1857 / 2014
main.py: Progress: 1858 / 2014
main.py: Progress: 1859 / 2014
main.py: Progress: 1860 / 2014
main.py: Progress: 1861 / 2014
main.py: Progress: 1862 / 2014
main.py: Progress: 1863 / 2014
main.py: Progress: 1864 / 2014
main.py: Progress: 1865 / 2014
main.py: Progress: 1866 / 2014
main.py: Progress: 1867 / 2014
main.py: Progress: 1868 / 2014
main.py: Progress: 1869 / 2014
main.py: Progress: 1870 / 2014
main.py: Progress: 1871 / 2014
main.py: Progress: 1872 / 2014
main.py: Progress: 1873 / 2014
main.py: Progress: 1874 / 2014
main.py: Progress: 1875 / 2014
main.py: Progress: 1876 / 2014
main.py: Progress: 1877 / 2014
main.py: Progress: 1878 / 2014
main.py: Progress: 1879 / 2014
main.py: Progress: 1880 / 2014
main.py: Progress: 1881 / 2014
main.py: Progress: 1882 / 2014
main.py: Progress: 1883 / 2014
main.py: Progress: 1884 / 2014
main.py: Progress: 1885 / 2014
main.py: Progress: 1886 / 2014
main.py: Progress: 1887 / 2014
main.py: Progress: 1888 / 2014
main.py: Progress: 1889 / 2014
main.py: Progress: 1890 / 2014
main.py: Progress: 1891 / 2014
main.py: Progress: 1892 / 2014
main.py: Progress: 1893 / 2014
main.py: Progress: 1894 / 2014
main.py: Progress: 1895 / 2014
main.py: Progress: 1896 / 2014
main.py: Progress: 1897 / 2014
main.py: Progress: 1898 / 2014
main.py: Progress: 1899 / 2014
main.py: Progress: 1900 / 2014
main.py: Progress: 1901 / 2014
main.py: Progress: 1902 / 2014
main.py: Progress: 1903 / 2014
main.py: Progress: 1904 / 2014
main.py: Progress: 1905 / 2014
main.py: Progress: 1906 / 2014
main.py: Progress: 1907 / 2014
main.py: Progress: 1908 / 2014
main.py: Progress: 1909 / 2014
main.py: Progress: 1910 / 2014
main.py: Progress: 1911 / 2014
main.py: Progress: 1912 / 2014
main.py: Progress: 1913 / 2014
main.py: Progress: 1914 / 2014
main.py: Progress: 1915 / 2014
main.py: Progress: 1916 / 2014
main.py: Progress: 1917 / 2014
main.py: Progress: 1918 / 2014
main.py: Progress: 1919 / 2014
main.py: Progress: 1920 / 2014
main.py: Progress: 1921 / 2014
main.py: Progress: 1922 / 2014
main.py: Progress: 1923 / 2014
main.py: Progress: 1924 / 2014
main.py: Progress: 1925 / 2014
main.py: Progress: 1926 / 2014
main.py: Progress: 1927 / 2014
main.py: Progress: 1928 / 2014
main.py: Progress: 1929 / 2014
main.py: Progress: 1930 / 2014
main.py: Progress: 1931 / 2014
main.py: Progress: 1932 / 2014
main.py: Progress: 1933 / 2014
main.py: Progress: 1934 / 2014
main.py: Progress: 1935 / 2014
main.py: Progress: 1936 / 2014
main.py: Progress: 1937 / 2014
main.py: Progress: 1938 / 2014
main.py: Progress: 1939 / 2014
main.py: Progress: 1940 / 2014
main.py: Progress: 1941 / 2014
main.py: Progress: 1942 / 2014
main.py: Progress: 1943 / 2014
main.py: Progress: 1944 / 2014
main.py: Progress: 1945 / 2014
main.py: Progress: 1946 / 2014
main.py: Progress: 1947 / 2014
main.py: Progress: 1948 / 2014
main.py: Progress: 1949 / 2014
main.py: Progress: 1950 / 2014
main.py: Progress: 1951 / 2014
main.py: Progress: 1952 / 2014
main.py: Progress: 1953 / 2014
main.py: Progress: 1954 / 2014
main.py: Progress: 1955 / 2014
main.py: Progress: 1956 / 2014
main.py: Progress: 1957 / 2014
main.py: Progress: 1958 / 2014
main.py: Progress: 1959 / 2014
main.py: Progress: 1960 / 2014
main.py: Progress: 1961 / 2014
main.py: Progress: 1962 / 2014
main.py: Progress: 1963 / 2014
main.py: Progress: 1964 / 2014
main.py: Progress: 1965 / 2014
main.py: Progress: 1966 / 2014
main.py: Progress: 1967 / 2014
main.py: Progress: 1968 / 2014
main.py: Progress: 1969 / 2014
main.py: Progress: 1970 / 2014
main.py: Progress: 1971 / 2014
main.py: Progress: 1972 / 2014
main.py: Progress: 1973 / 2014
main.py: Progress: 1974 / 2014
main.py: Progress: 1975 / 2014
main.py: Progress: 1976 / 2014
main.py: Progress: 1977 / 2014
main.py: Progress: 1978 / 2014
main.py: Progress: 1979 / 2014
main.py: Progress: 1980 / 2014
main.py: Progress: 1981 / 2014
main.py: Progress: 1982 / 2014
main.py: Progress: 1983 / 2014
main.py: Progress: 1984 / 2014
main.py: Progress: 1985 / 2014
main.py: Progress: 1986 / 2014
main.py: Progress: 1987 / 2014
main.py: Progress: 1988 / 2014
main.py: Progress: 1989 / 2014
main.py: Progress: 1990 / 2014
main.py: Progress: 1991 / 2014
main.py: Progress: 1992 / 2014
main.py: Progress: 1993 / 2014
main.py: Progress: 1994 / 2014
main.py: Progress: 1995 / 2014
main.py: Progress: 1996 / 2014
main.py: Progress: 1997 / 2014
main.py: Progress: 1998 / 2014
main.py: Progress: 1999 / 2014
time 2000 ( all targets found and t>1000s) and set up src_dst pairs = [([0, 8], (-1, -1))]
Route initialization:  {0: {'Route': [0, 8], 'MCS_Index': [2], 'Priority': 1, 'ValidRoute': False, 'HQRoute': False, 'RouteNodeDensity': [None, None], 'InterferingLinks': 0, 'Target': (-1, -1)}}
node.py: Inside packet generation function at node: Node0. Curr time: 2000.000000, Packet inter arrival time: 0.005467
Called Update: UpdateRouteCalls = 0, force = False
Called Update: UpdateRouteCalls = 1, force = False
Called Update: UpdateRouteCalls = 2, force = False
Called Update: UpdateRouteCalls = 3, force = False
Called Update: UpdateRouteCalls = 4, force = False
Called Update: UpdateRouteCalls = 5, force = False
Called Update: UpdateRouteCalls = 6, force = False
Called Update: UpdateRouteCalls = 7, force = False
Called Update: UpdateRouteCalls = 8, force = False
Called Update: UpdateRouteCalls = 9, force = False
!! UPDATING !!
routeNo, updatedMCSIndex =  0 [2]
Path | HC | IL | Max Data Rate Supported | HQ Path | Tangled Path | Cost
------------------------------
[0, 1, 3, 4, 6, 8] | 5 | 10 | 11 | True | False | 1.0795454545454546
[0, 1, 3, 5, 6, 8] | 5 | 10 | 11 | True | False | 1.0795454545454546
[0, 1, 3, 5, 7, 8] | 5 | 10 | 11 | True | False | 1.0795454545454546
[0, 2, 3, 5, 6, 8] | 5 | 10 | 11 | True | False | 1.0795454545454546
[0, 2, 3, 5, 7, 8] | 5 | 10 | 11 | True | False | 1.0795454545454546
[0, 2, 4, 5, 7, 8] | 5 | 10 | 11 | True | False | 1.0795454545454546
[0, 2, 4, 6, 8] | 4 | 8 | 11 | True | False | 0.8846153846153846
Found Route:
 {'Path': [0, 2, 4, 6, 8], 'HC': 4, 'IL': 8, 'Max Data Rate Supported': 11, 'HQ Path': np.True_, 'Tangled Path': False, 'Cost': 0.8846153846153846}
Called Update: UpdateRouteCalls = 0, force = True
!! UPDATING !!
routeNo, updatedMCSIndex =  0 [2, 2, 2, 2]

rf.py: Time: 2000 Route details: {0: {'Route': [0, 2, 4, 6, 8], 'MCS_Index': [2, 2, 2, 2], 'Priority': 1, 'ValidRoute': True, 'HQRoute': np.True_, 'RouteNodeDensity': [1, 2, 2, 2, 1], 'InterferingLinks': 8, 'Target': (-1, -1)}}
main.py: Progress: 2000 / 2014
Node.py: (Node0)@2000400000000.0: Updated MCS from 2 to 1, hist=deque([1.0], maxlen=5), packets_serviced=73, packets_received=73
Called Update: UpdateRouteCalls = 0, force = False
Called Update: UpdateRouteCalls = 1, force = False
Node.py: (Node2)@2000400000000.0: Updated MCS from 2 to 1, hist=deque([1.0], maxlen=5), packets_serviced=72, packets_received=72
Called Update: UpdateRouteCalls = 2, force = False
Called Update: UpdateRouteCalls = 3, force = False
Node.py: (Node4)@2000400000000.0: Updated MCS from 2 to 1, hist=deque([1.0], maxlen=5), packets_serviced=68, packets_received=68
Called Update: UpdateRouteCalls = 4, force = False
Called Update: UpdateRouteCalls = 5, force = False
Node.py: (Node6)@2000400000000.0: Updated MCS from 2 to 1, hist=deque([1.0], maxlen=5), packets_serviced=65, packets_received=65
Called Update: UpdateRouteCalls = 6, force = False
Called Update: UpdateRouteCalls = 7, force = False
Called Update: UpdateRouteCalls = 8, force = False
Called Update: UpdateRouteCalls = 9, force = False
!! UPDATING !!
routeNo, updatedMCSIndex =  0 [1, 1, 1, 1]
Node.py: (Node0)@2000800000000.0: Updated MCS from 1 to 0, hist=deque([1.0, 0.726027397260274], maxlen=5), packets_serviced=53, packets_received=73
Called Update: UpdateRouteCalls = 0, force = False
Called Update: UpdateRouteCalls = 1, force = False
Node.py: (Node2)@2000800000000.0: Updated MCS from 1 to 1, hist=deque([1.0, 0.125], maxlen=5), packets_serviced=17, packets_received=136
Called Update: UpdateRouteCalls = 2, force = False
Called Update: UpdateRouteCalls = 3, force = False
Node.py: (Node4)@2000800000000.0: Updated MCS from 1 to 1, hist=deque([1.0, 0.24390243902439024], maxlen=5), packets_serviced=10, packets_received=41
Called Update: UpdateRouteCalls = 4, force = False
Called Update: UpdateRouteCalls = 5, force = False
Node.py: (Node6)@2000800000000.0: Updated MCS from 1 to 1, hist=deque([1.0, 0.1956521739130435], maxlen=5), packets_serviced=9, packets_received=46
Called Update: UpdateRouteCalls = 6, force = False
Called Update: UpdateRouteCalls = 7, force = False
Called Update: UpdateRouteCalls = 8, force = False
Called Update: UpdateRouteCalls = 9, force = False
!! UPDATING !!
routeNo, updatedMCSIndex =  0 [0, 1, 1, 1]
main.py: Progress: 2001 / 2014
Called Update: UpdateRouteCalls = 0, force = True
!! UPDATING !!
routeNo, updatedMCSIndex =  0 [0, 1, 1, 1]

rf.py: Time: 2001 Route details: {0: {'Route': [0, 2, 4, 6, 8], 'MCS_Index': [0, 1, 1, 1], 'Priority': 1, 'ValidRoute': True, 'HQRoute': True, 'RouteNodeDensity': [1, 2, 2, 2, 1], 'InterferingLinks': 8, 'Target': (-1, -1)}}
Node.py: (Node0)@2001200000000.0: Updated MCS from 0 to 0, hist=deque([1.0, 0.726027397260274, 0.0410958904109589], maxlen=5), packets_serviced=3, packets_received=73
Called Update: UpdateRouteCalls = 0, force = False
Called Update: UpdateRouteCalls = 1, force = False
Node.py: (Node2)@2001200000000.0: Updated MCS from 1 to 2, hist=deque([1.0, 0.125, 0.375], maxlen=5), packets_serviced=12, packets_received=32
Called Update: UpdateRouteCalls = 2, force = False
Called Update: UpdateRouteCalls = 3, force = False
Node.py: (Node4)@2001200000000.0: Updated MCS from 1 to 1, hist=deque([1.0, 0.24390243902439024, 0.3389830508474576], maxlen=5), packets_serviced=20, packets_received=59
Called Update: UpdateRouteCalls = 4, force = False
Called Update: UpdateRouteCalls = 5, force = False
Node.py: (Node6)@2001200000000.0: Updated MCS from 1 to 1, hist=deque([1.0, 0.1956521739130435, 0.3125], maxlen=5), packets_serviced=20, packets_received=64
Called Update: UpdateRouteCalls = 6, force = False
Called Update: UpdateRouteCalls = 7, force = False
Called Update: UpdateRouteCalls = 8, force = False
Called Update: UpdateRouteCalls = 9, force = False
!! UPDATING !!
routeNo, updatedMCSIndex =  0 [0, 2, 1, 1]
Node.py: (Node0)@2001600000000.0: Updated MCS from 0 to 1, hist=deque([1.0, 0.726027397260274, 0.0410958904109589, 0.0], maxlen=5), packets_serviced=0, packets_received=73
Called Update: UpdateRouteCalls = 0, force = False
Called Update: UpdateRouteCalls = 1, force = False
Node.py: (Node2)@2001600000000.0: Updated MCS from 2 to 3, hist=deque([1.0, 0.125, 0.375, 0.4117647058823529], maxlen=5), packets_serviced=14, packets_received=34
Called Update: UpdateRouteCalls = 2, force = False
Called Update: UpdateRouteCalls = 3, force = False
Node.py: (Node4)@2001600000000.0: Updated MCS from 1 to 2, hist=deque([1.0, 0.24390243902439024, 0.3389830508474576, 0.1951219512195122], maxlen=5), packets_serviced=8, packets_received=41
Called Update: UpdateRouteCalls = 4, force = False
Called Update: UpdateRouteCalls = 5, force = False
Node.py: (Node6)@2001600000000.0: Updated MCS from 1 to 2, hist=deque([1.0, 0.1956521739130435, 0.3125, 0.12307692307692308], maxlen=5), packets_serviced=8, packets_received=65
Called Update: UpdateRouteCalls = 6, force = False
Called Update: UpdateRouteCalls = 7, force = False
Called Update: UpdateRouteCalls = 8, force = False
Called Update: UpdateRouteCalls = 9, force = False
!! UPDATING !!
routeNo, updatedMCSIndex =  0 [1, 3, 2, 2]
main.py: Progress: 2002 / 2014
Node.py: (Node0)@2002000000000.0: Updated MCS from 1 to 1, hist=deque([1.0, 0.726027397260274, 0.0410958904109589, 0.0, 0.7972972972972973], maxlen=5), packets_serviced=59, packets_received=74
Called Update: UpdateRouteCalls = 0, force = False
Called Update: UpdateRouteCalls = 1, force = False
Node.py: (Node2)@2002000000000.0: Updated MCS from 3 to 3, hist=deque([1.0, 0.125, 0.375, 0.4117647058823529, 0.5504587155963303], maxlen=5), packets_serviced=60, packets_received=109
Called Update: UpdateRouteCalls = 2, force = False
Called Update: UpdateRouteCalls = 3, force = False
Node.py: (Node4)@2002000000000.0: Updated MCS from 2 to 3, hist=deque([1.0, 0.24390243902439024, 0.3389830508474576, 0.1951219512195122, 0.5925925925925926], maxlen=5), packets_serviced=32, packets_received=54
Called Update: UpdateRouteCalls = 4, force = False
Called Update: UpdateRouteCalls = 5, force = False
Node.py: (Node6)@2002000000000.0: Updated MCS from 2 to 3, hist=deque([1.0, 0.1956521739130435, 0.3125, 0.12307692307692308, 0.6153846153846154], maxlen=5), packets_serviced=32, packets_received=52
Called Update: UpdateRouteCalls = 6, force = False
Called Update: UpdateRouteCalls = 7, force = False
Called Update: UpdateRouteCalls = 8, force = False
Called Update: UpdateRouteCalls = 9, force = False
!! UPDATING !!
routeNo, updatedMCSIndex =  0 [1, 3, 3, 3]
Called Update: UpdateRouteCalls = 0, force = True
!! UPDATING !!
routeNo, updatedMCSIndex =  0 [1, 3, 3, 3]

rf.py: Time: 2002 Route details: {0: {'Route': [0, 2, 4, 6, 8], 'MCS_Index': [1, 3, 3, 3], 'Priority': 1, 'ValidRoute': True, 'HQRoute': True, 'RouteNodeDensity': [1, 2, 2, 2, 1], 'InterferingLinks': 8, 'Target': (-1, -1)}}
Node.py: (Node0)@2002400000000.0: Updated MCS from 1 to 2, hist=deque([0.726027397260274, 0.0410958904109589, 0.0, 0.7972972972972973, 0.3013698630136986], maxlen=5), packets_serviced=22, packets_received=73
Called Update: UpdateRouteCalls = 0, force = False
Called Update: UpdateRouteCalls = 1, force = False
Node.py: (Node2)@2002400000000.0: Updated MCS from 3 to 3, hist=deque([0.125, 0.375, 0.4117647058823529, 0.5504587155963303, 0.1696969696969697], maxlen=5), packets_serviced=28, packets_received=165
Called Update: UpdateRouteCalls = 2, force = False
Called Update: UpdateRouteCalls = 3, force = False
Node.py: (Node4)@2002400000000.0: Updated MCS from 3 to 3, hist=deque([0.24390243902439024, 0.3389830508474576, 0.1951219512195122, 0.5925925925925926, 1.7142857142857142], maxlen=5), packets_serviced=48, packets_received=28
Called Update: UpdateRouteCalls = 4, force = False
Called Update: UpdateRouteCalls = 5, force = False
Node.py: (Node6)@2002400000000.0: Updated MCS from 3 to 3, hist=deque([0.1956521739130435, 0.3125, 0.12307692307692308, 0.6153846153846154, 1.0], maxlen=5), packets_serviced=40, packets_received=40
Called Update: UpdateRouteCalls = 6, force = False
Called Update: UpdateRouteCalls = 7, force = False
Called Update: UpdateRouteCalls = 8, force = False
Called Update: UpdateRouteCalls = 9, force = False
!! UPDATING !!
routeNo, updatedMCSIndex =  0 [2, 3, 3, 3]
Node.py: (Node0)@2002800000000.0: Updated MCS from 2 to 3, hist=deque([0.0410958904109589, 0.0, 0.7972972972972973, 0.3013698630136986, 0.273972602739726], maxlen=5), packets_serviced=20, packets_received=73
Called Update: UpdateRouteCalls = 0, force = False
Called Update: UpdateRouteCalls = 1, force = False
Node.py: (Node2)@2002800000000.0: Updated MCS from 3 to 3, hist=deque([0.375, 0.4117647058823529, 0.5504587155963303, 0.1696969696969697, 0.1588785046728972], maxlen=5), packets_serviced=17, packets_received=107
Called Update: UpdateRouteCalls = 2, force = False
Called Update: UpdateRouteCalls = 3, force = False
Node.py: (Node4)@2002800000000.0: Updated MCS from 3 to 3, hist=deque([0.3389830508474576, 0.1951219512195122, 0.5925925925925926, 1.7142857142857142, 1.0], maxlen=5), packets_serviced=17, packets_received=17
Called Update: UpdateRouteCalls = 4, force = False
Called Update: UpdateRouteCalls = 5, force = False
Node.py: (Node6)@2002800000000.0: Updated MCS from 3 to 3, hist=deque([0.3125, 0.12307692307692308, 0.6153846153846154, 1.0, 1.0], maxlen=5), packets_serviced=17, packets_received=17
Called Update: UpdateRouteCalls = 6, force = False
Called Update: UpdateRouteCalls = 7, force = False
Called Update: UpdateRouteCalls = 8, force = False
Called Update: UpdateRouteCalls = 9, force = False
!! UPDATING !!
routeNo, updatedMCSIndex =  0 [3, 3, 3, 3]
main.py: Progress: 2003 / 2014
Called Update: UpdateRouteCalls = 0, force = True
!! UPDATING !!
routeNo, updatedMCSIndex =  0 [3, 3, 3, 3]

rf.py: Time: 2003 Route details: {0: {'Route': [0, 2, 4, 6, 8], 'MCS_Index': [3, 3, 3, 3], 'Priority': 1, 'ValidRoute': True, 'HQRoute': True, 'RouteNodeDensity': [1, 2, 2, 2, 1], 'InterferingLinks': 8, 'Target': (-1, -1)}}
Node.py: (Node0)@2003200000000.0: Updated MCS from 3 to 3, hist=deque([0.0, 0.7972972972972973, 0.3013698630136986, 0.273972602739726, 0.0], maxlen=5), packets_serviced=0, packets_received=73
Called Update: UpdateRouteCalls = 0, force = False
Called Update: UpdateRouteCalls = 1, force = False
Node.py: (Node2)@2003200000000.0: Updated MCS from 3 to 3, hist=deque([0.4117647058823529, 0.5504587155963303, 0.1696969696969697, 0.1588785046728972, 0.0], maxlen=5), packets_serviced=0, packets_received=77
Called Update: UpdateRouteCalls = 2, force = False
Called Update: UpdateRouteCalls = 3, force = False
Node.py: (Node4)@2003200000000.0: Updated MCS from 3 to 3, hist=deque([0.1951219512195122, 0.5925925925925926, 1.7142857142857142, 1.0, 0.0], maxlen=5), packets_serviced=0, packets_received=3
Called Update: UpdateRouteCalls = 4, force = False
Called Update: UpdateRouteCalls = 5, force = False
Called Update: UpdateRouteCalls = 6, force = False
Called Update: UpdateRouteCalls = 7, force = False
Called Update: UpdateRouteCalls = 8, force = False
Called Update: UpdateRouteCalls = 9, force = False
!! UPDATING !!
routeNo, updatedMCSIndex =  0 [3, 3, 3, 3]
DUPE: 2000437180690_Node0_Node8_Zero, Node2 id 2000437180690_Node0_Node8_Zero was a dupe; retransmit: 0, pkt_enqueue_time=2003556917922.3926, pkt_dequeue_time=2003556917922.3926, forwarded_or_dropped=1, reason_for_drop='Expiry'
Node.py: (Node0)@2003600000000.0: Updated MCS from 3 to 3, hist=deque([0.7972972972972973, 0.3013698630136986, 0.273972602739726, 0.0, 0.0], maxlen=5), packets_serviced=0, packets_received=73
Called Update: UpdateRouteCalls = 0, force = False
Called Update: UpdateRouteCalls = 1, force = False
Node.py: (Node2)@2003600000000.0: Updated MCS from 3 to 3, hist=deque([0.5504587155963303, 0.1696969696969697, 0.1588785046728972, 0.0, 0.0], maxlen=5), packets_serviced=0, packets_received=41
Called Update: UpdateRouteCalls = 2, force = False
Called Update: UpdateRouteCalls = 3, force = False
Called Update: UpdateRouteCalls = 4, force = False
Called Update: UpdateRouteCalls = 5, force = False
Called Update: UpdateRouteCalls = 6, force = False
Called Update: UpdateRouteCalls = 7, force = False
Called Update: UpdateRouteCalls = 8, force = False
Called Update: UpdateRouteCalls = 9, force = False
!! UPDATING !!
routeNo, updatedMCSIndex =  0 [3, 3, 3, 3]
DUPE: 2000584731619_Node0_Node8_Zero, Node2 id 2000584731619_Node0_Node8_Zero was a dupe; retransmit: 0, pkt_enqueue_time=2003707609103.484, pkt_dequeue_time=2003707609103.484, forwarded_or_dropped=1, reason_for_drop='Expiry'
DUPE: 2000590198749_Node0_Node8_Zero, Node2 id 2000590198749_Node0_Node8_Zero was a dupe; retransmit: 0, pkt_enqueue_time=2003707609103.484, pkt_dequeue_time=2003707609103.484, forwarded_or_dropped=1, reason_for_drop='Expiry'
DUPE: 2000666700882_Node0_Node8_Zero, Node2 id 2000666700882_Node0_Node8_Zero was a dupe; retransmit: 0, pkt_enqueue_time=2003774979666.3933, pkt_dequeue_time=2003774979666.3933, forwarded_or_dropped=1, reason_for_drop='Expiry'
main.py: Progress: 2004 / 2014
Node.py: (Node0)@2004000000000.0: Updated MCS from 3 to 3, hist=deque([0.3013698630136986, 0.273972602739726, 0.0, 0.0, 1.0675675675675675], maxlen=5), packets_serviced=79, packets_received=74
Called Update: UpdateRouteCalls = 0, force = False
Called Update: UpdateRouteCalls = 1, force = False
Node.py: (Node2)@2004000000000.0: Updated MCS from 3 to 3, hist=deque([0.1696969696969697, 0.1588785046728972, 0.0, 0.0, 0.8241758241758241], maxlen=5), packets_serviced=75, packets_received=91
Called Update: UpdateRouteCalls = 2, force = False
Called Update: UpdateRouteCalls = 3, force = False
Node.py: (Node4)@2004000000000.0: Updated MCS from 3 to 2, hist=deque([0.5925925925925926, 1.7142857142857142, 1.0, 0.0, 1.0], maxlen=5), packets_serviced=75, packets_received=75
Called Update: UpdateRouteCalls = 4, force = False
Called Update: UpdateRouteCalls = 5, force = False
Node.py: (Node6)@2004000000000.0: Updated MCS from 3 to 3, hist=deque([0.12307692307692308, 0.6153846153846154, 1.0, 1.0, 1.0], maxlen=5), packets_serviced=75, packets_received=75
Called Update: UpdateRouteCalls = 6, force = False
Called Update: UpdateRouteCalls = 7, force = False
Called Update: UpdateRouteCalls = 8, force = False
Called Update: UpdateRouteCalls = 9, force = False
!! UPDATING !!
routeNo, updatedMCSIndex =  0 [3, 3, 2, 3]
Called Update: UpdateRouteCalls = 0, force = True
!! UPDATING !!
routeNo, updatedMCSIndex =  0 [3, 3, 2, 3]

rf.py: Time: 2004 Route details: {0: {'Route': [0, 2, 4, 6, 8], 'MCS_Index': [3, 3, 2, 3], 'Priority': 1, 'ValidRoute': True, 'HQRoute': True, 'RouteNodeDensity': [1, 2, 2, 2, 1], 'InterferingLinks': 8, 'Target': (-1, -1)}}
Node.py: (Node0)@2004400000000.0: Updated MCS from 3 to 3, hist=deque([0.273972602739726, 0.0, 0.0, 1.0675675675675675, 2.4657534246575343], maxlen=5), packets_serviced=180, packets_received=73
Called Update: UpdateRouteCalls = 0, force = False
Called Update: UpdateRouteCalls = 1, force = False
Node.py: (Node2)@2004400000000.0: Updated MCS from 3 to 3, hist=deque([0.1588785046728972, 0.0, 0.0, 0.8241758241758241, 1.0], maxlen=5), packets_serviced=176, packets_received=176
Called Update: UpdateRouteCalls = 2, force = False
Called Update: UpdateRouteCalls = 3, force = False
Node.py: (Node4)@2004400000000.0: Updated MCS from 2 to 1, hist=deque([1.7142857142857142, 1.0, 0.0, 1.0, 0.9772727272727273], maxlen=5), packets_serviced=172, packets_received=176
Called Update: UpdateRouteCalls = 4, force = False
Called Update: UpdateRouteCalls = 5, force = False
Node.py: (Node6)@2004400000000.0: Updated MCS from 3 to 2, hist=deque([0.6153846153846154, 1.0, 1.0, 1.0, 0.9647058823529412], maxlen=5), packets_serviced=164, packets_received=170
Called Update: UpdateRouteCalls = 6, force = False
Called Update: UpdateRouteCalls = 7, force = False
Called Update: UpdateRouteCalls = 8, force = False
Called Update: UpdateRouteCalls = 9, force = False
!! UPDATING !!
routeNo, updatedMCSIndex =  0 [3, 3, 1, 2]
Node.py: (Node0)@2004800000000.0: Updated MCS from 3 to 2, hist=deque([0.0, 0.0, 1.0675675675675675, 2.4657534246575343, 5.328767123287672], maxlen=5), packets_serviced=389, packets_received=73
Called Update: UpdateRouteCalls = 0, force = False
Called Update: UpdateRouteCalls = 1, force = False
Node.py: (Node2)@2004800000000.0: Updated MCS from 3 to 3, hist=deque([0.0, 0.0, 0.8241758241758241, 1.0, 0.10101010101010101], maxlen=5), packets_serviced=40, packets_received=396
Called Update: UpdateRouteCalls = 2, force = False
Called Update: UpdateRouteCalls = 3, force = False
Node.py: (Node4)@2004800000000.0: Updated MCS from 1 to 1, hist=deque([1.0, 0.0, 1.0, 0.9772727272727273, 1.1111111111111112], maxlen=5), packets_serviced=40, packets_received=36
Called Update: UpdateRouteCalls = 4, force = False
Called Update: UpdateRouteCalls = 5, force = False
Node.py: (Node6)@2004800000000.0: Updated MCS from 2 to 1, hist=deque([1.0, 1.0, 1.0, 0.9647058823529412, 0.42857142857142855], maxlen=5), packets_serviced=48, packets_received=112
Called Update: UpdateRouteCalls = 6, force = False
Called Update: UpdateRouteCalls = 7, force = False
Called Update: UpdateRouteCalls = 8, force = False
Called Update: UpdateRouteCalls = 9, force = False
!! UPDATING !!
routeNo, updatedMCSIndex =  0 [2, 3, 1, 1]
main.py: Progress: 2005 / 2014
Called Update: UpdateRouteCalls = 0, force = True
!! UPDATING !!
routeNo, updatedMCSIndex =  0 [2, 3, 1, 1]

rf.py: Time: 2005 Route details: {0: {'Route': [0, 2, 4, 6, 8], 'MCS_Index': [2, 3, 1, 1], 'Priority': 1, 'ValidRoute': True, 'HQRoute': True, 'RouteNodeDensity': [1, 2, 2, 2, 1], 'InterferingLinks': 8, 'Target': (-1, -1)}}
Node.py: (Node0)@2005200000000.0: Updated MCS from 2 to 1, hist=deque([0.0, 1.0675675675675675, 2.4657534246575343, 5.328767123287672, 1.0], maxlen=5), packets_serviced=73, packets_received=73
Called Update: UpdateRouteCalls = 0, force = False
Called Update: UpdateRouteCalls = 1, force = False
Node.py: (Node2)@2005200000000.0: Updated MCS from 3 to 2, hist=deque([0.0, 0.8241758241758241, 1.0, 0.10101010101010101, 5.756756756756757], maxlen=5), packets_serviced=426, packets_received=74
Called Update: UpdateRouteCalls = 2, force = False
Called Update: UpdateRouteCalls = 3, force = False
Node.py: (Node4)@2005200000000.0: Updated MCS from 1 to 1, hist=deque([0.0, 1.0, 0.9772727272727273, 1.1111111111111112, 0.00468384074941452], maxlen=5), packets_serviced=2, packets_received=427
Called Update: UpdateRouteCalls = 4, force = False
Called Update: UpdateRouteCalls = 5, force = False
Node.py: (Node6)@2005200000000.0: Updated MCS from 1 to 1, hist=deque([1.0, 1.0, 0.9647058823529412, 0.42857142857142855, 0.0625], maxlen=5), packets_serviced=2, packets_received=32
Called Update: UpdateRouteCalls = 6, force = False
Called Update: UpdateRouteCalls = 7, force = False
Called Update: UpdateRouteCalls = 8, force = False
Called Update: UpdateRouteCalls = 9, force = False
!! UPDATING !!
routeNo, updatedMCSIndex =  0 [1, 2, 1, 1]
Node.py: (Node0)@2005600000000.0: Updated MCS from 1 to 0, hist=deque([1.0675675675675675, 2.4657534246575343, 5.328767123287672, 1.0, 0.547945205479452], maxlen=5), packets_serviced=40, packets_received=73
Called Update: UpdateRouteCalls = 0, force = False
Called Update: UpdateRouteCalls = 1, force = False
Node.py: (Node2)@2005600000000.0: Updated MCS from 2 to 1, hist=deque([0.8241758241758241, 1.0, 0.10101010101010101, 5.756756756756757, 0.2185792349726776], maxlen=5), packets_serviced=40, packets_received=183
Called Update: UpdateRouteCalls = 2, force = False
Called Update: UpdateRouteCalls = 3, force = False
Node.py: (Node4)@2005600000000.0: Updated MCS from 1 to 1, hist=deque([1.0, 0.9772727272727273, 1.1111111111111112, 0.00468384074941452, 0.0], maxlen=5), packets_serviced=0, packets_received=40
Called Update: UpdateRouteCalls = 4, force = False
Called Update: UpdateRouteCalls = 5, force = False
Node.py: (Node6)@2005600000000.0: Updated MCS from 1 to 2, hist=deque([1.0, 0.9647058823529412, 0.42857142857142855, 0.0625, 0.0], maxlen=5), packets_serviced=0, packets_received=54
Called Update: UpdateRouteCalls = 6, force = False
Called Update: UpdateRouteCalls = 7, force = False
Called Update: UpdateRouteCalls = 8, force = False
Called Update: UpdateRouteCalls = 9, force = False
!! UPDATING !!
routeNo, updatedMCSIndex =  0 [0, 1, 1, 2]
main.py: Progress: 2006 / 2014
Node.py: (Node0)@2006000000000.0: Updated MCS from 0 to 0, hist=deque([2.4657534246575343, 5.328767123287672, 1.0, 0.547945205479452, 0.0945945945945946], maxlen=5), packets_serviced=7, packets_received=74
Called Update: UpdateRouteCalls = 0, force = False
Called Update: UpdateRouteCalls = 1, force = False
Node.py: (Node2)@2006000000000.0: Updated MCS from 1 to 0, hist=deque([1.0, 0.10101010101010101, 5.756756756756757, 0.2185792349726776, 0.09090909090909091], maxlen=5), packets_serviced=1, packets_received=11
Called Update: UpdateRouteCalls = 2, force = False
Called Update: UpdateRouteCalls = 3, force = False
Called Update: UpdateRouteCalls = 4, force = False
Called Update: UpdateRouteCalls = 5, force = False
Node.py: (Node6)@2006000000000.0: Updated MCS from 2 to 3, hist=deque([0.9647058823529412, 0.42857142857142855, 0.0625, 0.0, 0.005747126436781609], maxlen=5), packets_serviced=2, packets_received=348
Called Update: UpdateRouteCalls = 6, force = False
Called Update: UpdateRouteCalls = 7, force = False
Called Update: UpdateRouteCalls = 8, force = False
Called Update: UpdateRouteCalls = 9, force = False
!! UPDATING !!
routeNo, updatedMCSIndex =  0 [0, 0, 1, 3]
Called Update: UpdateRouteCalls = 0, force = True
!! UPDATING !!
routeNo, updatedMCSIndex =  0 [0, 0, 1, 3]

rf.py: Time: 2006 Route details: {0: {'Route': [0, 2, 4, 6, 8], 'MCS_Index': [0, 0, 1, 3], 'Priority': 1, 'ValidRoute': True, 'HQRoute': True, 'RouteNodeDensity': [1, 2, 2, 2, 1], 'InterferingLinks': 8, 'Target': (-1, -1)}}
DUPE: 2002950733936_Node0_Node8_Zero, Node6 id 2002950733936_Node0_Node8_Zero was a dupe; retransmit: 0, pkt_enqueue_time=2006015332166.5952, pkt_dequeue_time=2006015332166.5952, forwarded_or_dropped=1, reason_for_drop='Expiry'
DUPE: 2002956196166_Node0_Node8_Zero, Node6 id 2002956196166_Node0_Node8_Zero was a dupe; retransmit: 0, pkt_enqueue_time=2006015332166.5952, pkt_dequeue_time=2006015332166.5952, forwarded_or_dropped=1, reason_for_drop='Expiry'
DUPE: 2002923417508_Node0_Node8_Zero, Node6 id 2002923417508_Node0_Node8_Zero was a dupe; retransmit: 0, pkt_enqueue_time=2006021097510.2317, pkt_dequeue_time=2006021097510.2317, forwarded_or_dropped=1, reason_for_drop='Expiry'
DUPE: 2003049092547_Node0_Node8_Zero, Node6 id 2003049092547_Node0_Node8_Zero was a dupe; retransmit: 0, pkt_enqueue_time=2006092145124.7776, pkt_dequeue_time=2006092145124.7776, forwarded_or_dropped=1, reason_for_drop='Expiry'
DUPE: 2003054557844_Node0_Node8_Zero, Node6 id 2003054557844_Node0_Node8_Zero was a dupe; retransmit: 0, pkt_enqueue_time=2006092145124.7776, pkt_dequeue_time=2006092145124.7776, forwarded_or_dropped=1, reason_for_drop='Expiry'
DUPE: 2003294994649_Node0_Node8_Zero, Node6 id 2003294994649_Node0_Node8_Zero was a dupe; retransmit: 0, pkt_enqueue_time=2006318677625.2395, pkt_dequeue_time=2006318677625.2395, forwarded_or_dropped=1, reason_for_drop='Expiry'
DUPE: 2002983509222_Node0_Node8_Zero, Node6 id 2002983509222_Node0_Node8_Zero was a dupe; retransmit: 0, pkt_enqueue_time=2006329691879.7854, pkt_dequeue_time=2006329691879.7854, forwarded_or_dropped=1, reason_for_drop='Expiry'
DUPE: 2002988977464_Node0_Node8_Zero, Node6 id 2002988977464_Node0_Node8_Zero was a dupe; retransmit: 0, pkt_enqueue_time=2006329691879.7854, pkt_dequeue_time=2006329691879.7854, forwarded_or_dropped=1, reason_for_drop='Expiry'
DUPE: 2002939806717_Node0_Node8_Zero, Node6 id 2002939806717_Node0_Node8_Zero was a dupe; retransmit: 0, pkt_enqueue_time=2006338022570.6948, pkt_dequeue_time=2006338022570.6948, forwarded_or_dropped=1, reason_for_drop='Expiry'
DUPE: 2002945267945_Node0_Node8_Zero, Node6 id 2002945267945_Node0_Node8_Zero was a dupe; retransmit: 0, pkt_enqueue_time=2006338022570.6948, pkt_dequeue_time=2006338022570.6948, forwarded_or_dropped=1, reason_for_drop='Expiry'
DUPE: 2003322322553_Node0_Node8_Zero, Node6 id 2003322322553_Node0_Node8_Zero was a dupe; retransmit: 0, pkt_enqueue_time=2006346264569.9678, pkt_dequeue_time=2006346264569.9678, forwarded_or_dropped=1, reason_for_drop='Expiry'
DUPE: 2003327782463_Node0_Node8_Zero, Node6 id 2003327782463_Node0_Node8_Zero was a dupe; retransmit: 0, pkt_enqueue_time=2006346264569.9678, pkt_dequeue_time=2006346264569.9678, forwarded_or_dropped=1, reason_for_drop='Expiry'
DUPE: 2003158381003_Node0_Node8_Zero, Node6 id 2003158381003_Node0_Node8_Zero was a dupe; retransmit: 0, pkt_enqueue_time=2006349107133.6042, pkt_dequeue_time=2006349107133.6042, forwarded_or_dropped=1, reason_for_drop='Expiry'
DUPE: 2003163844953_Node0_Node8_Zero, Node6 id 2003163844953_Node0_Node8_Zero was a dupe; retransmit: 0, pkt_enqueue_time=2006349107133.6042, pkt_dequeue_time=2006349107133.6042, forwarded_or_dropped=1, reason_for_drop='Expiry'
DUPE: 2003081880212_Node0_Node8_Zero, Node6 id 2003081880212_Node0_Node8_Zero was a dupe; retransmit: 0, pkt_enqueue_time=2006357654824.5137, pkt_dequeue_time=2006357654824.5137, forwarded_or_dropped=1, reason_for_drop='Expiry'
DUPE: 2003087346890_Node0_Node8_Zero, Node6 id 2003087346890_Node0_Node8_Zero was a dupe; retransmit: 0, pkt_enqueue_time=2006357654824.5137, pkt_dequeue_time=2006357654824.5137, forwarded_or_dropped=1, reason_for_drop='Expiry'
DUPE: 2002907027356_Node0_Node8_Zero, Node6 id 2002907027356_Node0_Node8_Zero was a dupe; retransmit: 0, pkt_enqueue_time=2006360517388.1501, pkt_dequeue_time=2006360517388.1501, forwarded_or_dropped=1, reason_for_drop='Expiry'
DUPE: 2002912492392_Node0_Node8_Zero, Node6 id 2002912492392_Node0_Node8_Zero was a dupe; retransmit: 0, pkt_enqueue_time=2006360517388.1501, pkt_dequeue_time=2006360517388.1501, forwarded_or_dropped=1, reason_for_drop='Expiry'
DUPE: 2003169311592_Node0_Node8_Zero, Node6 id 2003169311592_Node0_Node8_Zero was a dupe; retransmit: 0, pkt_enqueue_time=2006369978366.0596, pkt_dequeue_time=2006369978366.0596, forwarded_or_dropped=1, reason_for_drop='Expiry'
DUPE: 2003174776746_Node0_Node8_Zero, Node6 id 2003174776746_Node0_Node8_Zero was a dupe; retransmit: 0, pkt_enqueue_time=2006369978366.0596, pkt_dequeue_time=2006369978366.0596, forwarded_or_dropped=1, reason_for_drop='Expiry'
DUPE: 2003366025202_Node0_Node8_Zero, Node6 id 2003366025202_Node0_Node8_Zero was a dupe; retransmit: 0, pkt_enqueue_time=2006377800365.3325, pkt_dequeue_time=2006377800365.3325, forwarded_or_dropped=1, reason_for_drop='Expiry'
DUPE: 2003371492372_Node0_Node8_Zero, Node6 id 2003371492372_Node0_Node8_Zero was a dupe; retransmit: 0, pkt_enqueue_time=2006377800365.3325, pkt_dequeue_time=2006377800365.3325, forwarded_or_dropped=1, reason_for_drop='Expiry'
DUPE: 2003355101960_Node0_Node8_Zero, Node6 id 2003355101960_Node0_Node8_Zero was a dupe; retransmit: 0, pkt_enqueue_time=2006380742928.969, pkt_dequeue_time=2006380742928.969, forwarded_or_dropped=1, reason_for_drop='Expiry'
DUPE: 2003360561781_Node0_Node8_Zero, Node6 id 2003360561781_Node0_Node8_Zero was a dupe; retransmit: 0, pkt_enqueue_time=2006380742928.969, pkt_dequeue_time=2006380742928.969, forwarded_or_dropped=1, reason_for_drop='Expiry'
DUPE: 2003256739270_Node0_Node8_Zero, Node6 id 2003256739270_Node0_Node8_Zero was a dupe; retransmit: 0, pkt_enqueue_time=2006383705492.6055, pkt_dequeue_time=2006383705492.6055, forwarded_or_dropped=1, reason_for_drop='Expiry'
DUPE: 2003262203202_Node0_Node8_Zero, Node6 id 2003262203202_Node0_Node8_Zero was a dupe; retransmit: 0, pkt_enqueue_time=2006383705492.6055, pkt_dequeue_time=2006383705492.6055, forwarded_or_dropped=1, reason_for_drop='Expiry'
DUPE: 2003016303607_Node0_Node8_Zero, Node6 id 2003016303607_Node0_Node8_Zero was a dupe; retransmit: 0, pkt_enqueue_time=2006386668056.242, pkt_dequeue_time=2006386668056.242, forwarded_or_dropped=1, reason_for_drop='Expiry'
DUPE: 2003021764762_Node0_Node8_Zero, Node6 id 2003021764762_Node0_Node8_Zero was a dupe; retransmit: 0, pkt_enqueue_time=2006386668056.242, pkt_dequeue_time=2006386668056.242, forwarded_or_dropped=1, reason_for_drop='Expiry'
DUPE: 2002961660729_Node0_Node8_Zero, Node6 id 2002961660729_Node0_Node8_Zero was a dupe; retransmit: 0, pkt_enqueue_time=2006389630619.8784, pkt_dequeue_time=2006389630619.8784, forwarded_or_dropped=1, reason_for_drop='Expiry'
DUPE: 2002967122982_Node0_Node8_Zero, Node6 id 2002967122982_Node0_Node8_Zero was a dupe; retransmit: 0, pkt_enqueue_time=2006389630619.8784, pkt_dequeue_time=2006389630619.8784, forwarded_or_dropped=1, reason_for_drop='Expiry'
DUPE: 2003376952769_Node0_Node8_Zero, Node6 id 2003376952769_Node0_Node8_Zero was a dupe; retransmit: 0, pkt_enqueue_time=2006397732619.1514, pkt_dequeue_time=2006397732619.1514, forwarded_or_dropped=1, reason_for_drop='Expiry'
DUPE: 2003382412851_Node0_Node8_Zero, Node6 id 2003382412851_Node0_Node8_Zero was a dupe; retransmit: 0, pkt_enqueue_time=2006397732619.1514, pkt_dequeue_time=2006397732619.1514, forwarded_or_dropped=1, reason_for_drop='Expiry'
Node.py: (Node0)@2006400000000.0: Updated MCS from 0 to 0, hist=deque([5.328767123287672, 1.0, 0.547945205479452, 0.0945945945945946, 0.0136986301369863], maxlen=5), packets_serviced=1, packets_received=73
Called Update: UpdateRouteCalls = 0, force = False
Called Update: UpdateRouteCalls = 1, force = False
Node.py: (Node2)@2006400000000.0: Updated MCS from 0 to 0, hist=deque([0.10101010101010101, 5.756756756756757, 0.2185792349726776, 0.09090909090909091, 1.0], maxlen=5), packets_serviced=2, packets_received=2
Called Update: UpdateRouteCalls = 2, force = False
Called Update: UpdateRouteCalls = 3, force = False
Node.py: (Node4)@2006400000000.0: Updated MCS from 1 to 0, hist=deque([0.9772727272727273, 1.1111111111111112, 0.00468384074941452, 0.0, 18.0], maxlen=5), packets_serviced=54, packets_received=3
Called Update: UpdateRouteCalls = 4, force = False
Called Update: UpdateRouteCalls = 5, force = False
Node.py: (Node6)@2006400000000.0: Updated MCS from 3 to 3, hist=deque([0.42857142857142855, 0.0625, 0.0, 0.005747126436781609, 0.7063829787234043], maxlen=5), packets_serviced=166, packets_received=235
Called Update: UpdateRouteCalls = 6, force = False
Called Update: UpdateRouteCalls = 7, force = False
Called Update: UpdateRouteCalls = 8, force = False
Called Update: UpdateRouteCalls = 9, force = False
!! UPDATING !!
routeNo, updatedMCSIndex =  0 [0, 0, 0, 3]
DUPE: 2003333246701_Node0_Node8_Zero, Node6 id 2003333246701_Node0_Node8_Zero was a dupe; retransmit: 0, pkt_enqueue_time=2006400715182.7878, pkt_dequeue_time=2006400715182.7878, forwarded_or_dropped=1, reason_for_drop='Expiry'
DUPE: 2003338710928_Node0_Node8_Zero, Node6 id 2003338710928_Node0_Node8_Zero was a dupe; retransmit: 0, pkt_enqueue_time=2006400715182.7878, pkt_dequeue_time=2006400715182.7878, forwarded_or_dropped=1, reason_for_drop='Expiry'
DUPE: 2003234885492_Node0_Node8_Zero, Node6 id 2003234885492_Node0_Node8_Zero was a dupe; retransmit: 0, pkt_enqueue_time=2006403717746.4243, pkt_dequeue_time=2006403717746.4243, forwarded_or_dropped=1, reason_for_drop='Expiry'
DUPE: 2003240353371_Node0_Node8_Zero, Node6 id 2003240353371_Node0_Node8_Zero was a dupe; retransmit: 0, pkt_enqueue_time=2006403717746.4243, pkt_dequeue_time=2006403717746.4243, forwarded_or_dropped=1, reason_for_drop='Expiry'
DUPE: 2003103750439_Node0_Node8_Zero, Node6 id 2003103750439_Node0_Node8_Zero was a dupe; retransmit: 0, pkt_enqueue_time=2006415862000.9702, pkt_dequeue_time=2006415862000.9702, forwarded_or_dropped=1, reason_for_drop='Expiry'
DUPE: 2003109216904_Node0_Node8_Zero, Node6 id 2003109216904_Node0_Node8_Zero was a dupe; retransmit: 0, pkt_enqueue_time=2006415862000.9702, pkt_dequeue_time=2006415862000.9702, forwarded_or_dropped=1, reason_for_drop='Expiry'
DUPE: 2002885172503_Node0_Node8_Zero, Node6 id 2002885172503_Node0_Node8_Zero was a dupe; retransmit: 0, pkt_enqueue_time=2006418904564.6067, pkt_dequeue_time=2006418904564.6067, forwarded_or_dropped=1, reason_for_drop='Expiry'
DUPE: 2002890640680_Node0_Node8_Zero, Node6 id 2002890640680_Node0_Node8_Zero was a dupe; retransmit: 0, pkt_enqueue_time=2006418904564.6067, pkt_dequeue_time=2006418904564.6067, forwarded_or_dropped=1, reason_for_drop='Expiry'
DUPE: 2003191175285_Node0_Node8_Zero, Node6 id 2003191175285_Node0_Node8_Zero was a dupe; retransmit: 0, pkt_enqueue_time=2006428622096.8796, pkt_dequeue_time=2006428622096.8796, forwarded_or_dropped=1, reason_for_drop='Expiry'
DUPE: 2003196636800_Node0_Node8_Zero, Node6 id 2003196636800_Node0_Node8_Zero was a dupe; retransmit: 0, pkt_enqueue_time=2006428622096.8796, pkt_dequeue_time=2006428622096.8796, forwarded_or_dropped=1, reason_for_drop='Expiry'
DUPE: 2003027233405_Node0_Node8_Zero, Node6 id 2003027233405_Node0_Node8_Zero was a dupe; retransmit: 0, pkt_enqueue_time=2006431684660.516, pkt_dequeue_time=2006431684660.516, forwarded_or_dropped=1, reason_for_drop='Expiry'
DUPE: 2003032701183_Node0_Node8_Zero, Node6 id 2003032701183_Node0_Node8_Zero was a dupe; retransmit: 0, pkt_enqueue_time=2006431684660.516, pkt_dequeue_time=2006431684660.516, forwarded_or_dropped=1, reason_for_drop='Expiry'
DUPE: 2002972588232_Node0_Node8_Zero, Node6 id 2002972588232_Node0_Node8_Zero was a dupe; retransmit: 0, pkt_enqueue_time=2006434747224.1526, pkt_dequeue_time=2006434747224.1526, forwarded_or_dropped=1, reason_for_drop='Expiry'
DUPE: 2002978048353_Node0_Node8_Zero, Node6 id 2002978048353_Node0_Node8_Zero was a dupe; retransmit: 0, pkt_enqueue_time=2006434747224.1526, pkt_dequeue_time=2006434747224.1526, forwarded_or_dropped=1, reason_for_drop='Expiry'
DUPE: 2003278602975_Node0_Node8_Zero, Node6 id 2003278602975_Node0_Node8_Zero was a dupe; retransmit: 0, pkt_enqueue_time=2006454272024.0625, pkt_dequeue_time=2006454272024.0625, forwarded_or_dropped=1, reason_for_drop='Expiry'
DUPE: 2003284065612_Node0_Node8_Zero, Node6 id 2003284065612_Node0_Node8_Zero was a dupe; retransmit: 0, pkt_enqueue_time=2006454272024.0625, pkt_dequeue_time=2006454272024.0625, forwarded_or_dropped=1, reason_for_drop='Expiry'
DUPE: 2003136529682_Node0_Node8_Zero, Node6 id 2003136529682_Node0_Node8_Zero was a dupe; retransmit: 0, pkt_enqueue_time=2006457534587.699, pkt_dequeue_time=2006457534587.699, forwarded_or_dropped=1, reason_for_drop='Expiry'
DUPE: 2003141996330_Node0_Node8_Zero, Node6 id 2003141996330_Node0_Node8_Zero was a dupe; retransmit: 0, pkt_enqueue_time=2006457534587.699, pkt_dequeue_time=2006457534587.699, forwarded_or_dropped=1, reason_for_drop='Expiry'
DUPE: 2003060018226_Node0_Node8_Zero, Node6 id 2003060018226_Node0_Node8_Zero was a dupe; retransmit: 0, pkt_enqueue_time=2006473069846.7888, pkt_dequeue_time=2006473069846.7888, forwarded_or_dropped=1, reason_for_drop='Expiry'
DUPE: 2003065478370_Node0_Node8_Zero, Node6 id 2003065478370_Node0_Node8_Zero was a dupe; retransmit: 0, pkt_enqueue_time=2006473069846.7888, pkt_dequeue_time=2006473069846.7888, forwarded_or_dropped=1, reason_for_drop='Expiry'
DUPE: 2003245819705_Node0_Node8_Zero, Node6 id 2003245819705_Node0_Node8_Zero was a dupe; retransmit: 0, pkt_enqueue_time=2006481805846.0618, pkt_dequeue_time=2006481805846.0618, forwarded_or_dropped=1, reason_for_drop='Expiry'
DUPE: 2003251279411_Node0_Node8_Zero, Node6 id 2003251279411_Node0_Node8_Zero was a dupe; retransmit: 0, pkt_enqueue_time=2006481805846.0618, pkt_dequeue_time=2006481805846.0618, forwarded_or_dropped=1, reason_for_drop='Expiry'
DUPE: 2003125601753_Node0_Node8_Zero, Node6 id 2003125601753_Node0_Node8_Zero was a dupe; retransmit: 0, pkt_enqueue_time=2006485268409.6982, pkt_dequeue_time=2006485268409.6982, forwarded_or_dropped=1, reason_for_drop='Expiry'
DUPE: 2003131069101_Node0_Node8_Zero, Node6 id 2003131069101_Node0_Node8_Zero was a dupe; retransmit: 0, pkt_enqueue_time=2006485268409.6982, pkt_dequeue_time=2006485268409.6982, forwarded_or_dropped=1, reason_for_drop='Expiry'
DUPE: 2003781368179_Node0_Node8_Zero, Node6 id 2003781368179_Node0_Node8_Zero was a dupe; retransmit: 0, pkt_enqueue_time=2006781818582.4258, pkt_dequeue_time=2006781818582.4258, forwarded_or_dropped=1, reason_for_drop='Expiry'
Node.py: (Node0)@2006800000000.0: Updated MCS from 0 to 1, hist=deque([1.0, 0.547945205479452, 0.0945945945945946, 0.0136986301369863, 0.2876712328767123], maxlen=5), packets_serviced=21, packets_received=73
Called Update: UpdateRouteCalls = 0, force = False
Called Update: UpdateRouteCalls = 1, force = False
Node.py: (Node2)@2006800000000.0: Updated MCS from 0 to 0, hist=deque([5.756756756756757, 0.2185792349726776, 0.09090909090909091, 1.0, 0.05], maxlen=5), packets_serviced=2, packets_received=40
Called Update: UpdateRouteCalls = 2, force = False
Called Update: UpdateRouteCalls = 3, force = False
Called Update: UpdateRouteCalls = 4, force = False
Called Update: UpdateRouteCalls = 5, force = False
Node.py: (Node6)@2006800000000.0: Updated MCS from 3 to 3, hist=deque([0.0625, 0.0, 0.005747126436781609, 0.7063829787234043, 0.18633540372670807], maxlen=5), packets_serviced=30, packets_received=161
Called Update: UpdateRouteCalls = 6, force = False
Called Update: UpdateRouteCalls = 7, force = False
Called Update: UpdateRouteCalls = 8, force = False
Called Update: UpdateRouteCalls = 9, force = False
!! UPDATING !!
routeNo, updatedMCSIndex =  0 [1, 0, 0, 3]
DUPE: 2002874235511_Node0_Node8_Zero, Node6 id 2002874235511_Node0_Node8_Zero was a dupe; retransmit: 0, pkt_enqueue_time=2006806952758.9717, pkt_dequeue_time=2006806952758.9717, forwarded_or_dropped=1, reason_for_drop='Expiry'
DUPE: 2002879703812_Node0_Node8_Zero, Node6 id 2002879703812_Node0_Node8_Zero was a dupe; retransmit: 0, pkt_enqueue_time=2006806952758.9717, pkt_dequeue_time=2006806952758.9717, forwarded_or_dropped=1, reason_for_drop='Expiry'
DUPE: 2003480774474_Node0_Node8_Zero, Node6 id 2003480774474_Node0_Node8_Zero was a dupe; retransmit: 0, pkt_enqueue_time=2006817237617.2446, pkt_dequeue_time=2006817237617.2446, forwarded_or_dropped=1, reason_for_drop='Expiry'
DUPE: 2003409732141_Node0_Node8_Zero, Node6 id 2003409732141_Node0_Node8_Zero was a dupe; retransmit: 0, pkt_enqueue_time=2006829820837.5176, pkt_dequeue_time=2006829820837.5176, forwarded_or_dropped=1, reason_for_drop='Expiry'
DUPE: 2003415199462_Node0_Node8_Zero, Node6 id 2003415199462_Node0_Node8_Zero was a dupe; retransmit: 0, pkt_enqueue_time=2006829820837.5176, pkt_dequeue_time=2006829820837.5176, forwarded_or_dropped=1, reason_for_drop='Expiry'
DUPE: 2003551828159_Node0_Node8_Zero, Node6 id 2003551828159_Node0_Node8_Zero was a dupe; retransmit: 0, pkt_enqueue_time=2006859872508.064, pkt_dequeue_time=2006859872508.064, forwarded_or_dropped=1, reason_for_drop='Expiry'
DUPE: 2003590086427_Node0_Node8_Zero, Node6 id 2003590086427_Node0_Node8_Zero was a dupe; retransmit: 0, pkt_enqueue_time=2006864992630.7004, pkt_dequeue_time=2006864992630.7004, forwarded_or_dropped=1, reason_for_drop='Expiry'
DUPE: 2003458920560_Node0_Node8_Zero, Node6 id 2003458920560_Node0_Node8_Zero was a dupe; retransmit: 0, pkt_enqueue_time=2006876702304.8823, pkt_dequeue_time=2006876702304.8823, forwarded_or_dropped=1, reason_for_drop='Expiry'
DUPE: 2003655665921_Node0_Node8_Zero, Node6 id 2003655665921_Node0_Node8_Zero was a dupe; retransmit: 0, pkt_enqueue_time=2006893810648.246, pkt_dequeue_time=2006893810648.246, forwarded_or_dropped=1, reason_for_drop='Expiry'
DUPE: 2003005373507_Node0_Node8_Zero, Node6 id 2003005373507_Node0_Node8_Zero was a dupe; retransmit: 0, pkt_enqueue_time=2006900364578.8826, pkt_dequeue_time=2006900364578.8826, forwarded_or_dropped=1, reason_for_drop='Expiry'
DUPE: 2003010834402_Node0_Node8_Zero, Node6 id 2003010834402_Node0_Node8_Zero was a dupe; retransmit: 0, pkt_enqueue_time=2006900364578.8826, pkt_dequeue_time=2006900364578.8826, forwarded_or_dropped=1, reason_for_drop='Expiry'
DUPE: 2003147456620_Node0_Node8_Zero, Node6 id 2003147456620_Node0_Node8_Zero was a dupe; retransmit: 0, pkt_enqueue_time=2006905620706.519, pkt_dequeue_time=2006905620706.519, forwarded_or_dropped=1, reason_for_drop='Expiry'
DUPE: 2003152919410_Node0_Node8_Zero, Node6 id 2003152919410_Node0_Node8_Zero was a dupe; retransmit: 0, pkt_enqueue_time=2006905620706.519, pkt_dequeue_time=2006905620706.519, forwarded_or_dropped=1, reason_for_drop='Expiry'
DUPE: 2003464384741_Node0_Node8_Zero, Node6 id 2003464384741_Node0_Node8_Zero was a dupe; retransmit: 0, pkt_enqueue_time=2006912213868.1555, pkt_dequeue_time=2006912213868.1555, forwarded_or_dropped=1, reason_for_drop='Expiry'
DUPE: 2003469846112_Node0_Node8_Zero, Node6 id 2003469846112_Node0_Node8_Zero was a dupe; retransmit: 0, pkt_enqueue_time=2006912213868.1555, pkt_dequeue_time=2006912213868.1555, forwarded_or_dropped=1, reason_for_drop='Expiry'
DUPE: 2003273137311_Node0_Node8_Zero, Node6 id 2003273137311_Node0_Node8_Zero was a dupe; retransmit: 0, pkt_enqueue_time=2006917490268.792, pkt_dequeue_time=2006917490268.792, forwarded_or_dropped=1, reason_for_drop='Expiry'
DUPE: 2003912522185_Node0_Node8_Zero, Node6 id 2003912522185_Node0_Node8_Zero was a dupe; retransmit: 0, pkt_enqueue_time=2006922789331.4285, pkt_dequeue_time=2006922789331.4285, forwarded_or_dropped=1, reason_for_drop='Expiry'
DUPE: 2003917983873_Node0_Node8_Zero, Node6 id 2003917983873_Node0_Node8_Zero was a dupe; retransmit: 0, pkt_enqueue_time=2006922789331.4285, pkt_dequeue_time=2006922789331.4285, forwarded_or_dropped=1, reason_for_drop='Expiry'
DUPE: 2003868804684_Node0_Node8_Zero, Node6 id 2003868804684_Node0_Node8_Zero was a dupe; retransmit: 0, pkt_enqueue_time=2006930716518.065, pkt_dequeue_time=2006930716518.065, forwarded_or_dropped=1, reason_for_drop='Expiry'
DUPE: 2003890664974_Node0_Node8_Zero, Node6 id 2003890664974_Node0_Node8_Zero was a dupe; retransmit: 0, pkt_enqueue_time=2006933225081.7014, pkt_dequeue_time=2006933225081.7014, forwarded_or_dropped=1, reason_for_drop='Expiry'
DUPE: 2003896126839_Node0_Node8_Zero, Node6 id 2003896126839_Node0_Node8_Zero was a dupe; retransmit: 0, pkt_enqueue_time=2006933225081.7014, pkt_dequeue_time=2006933225081.7014, forwarded_or_dropped=1, reason_for_drop='Expiry'
DUPE: 2003857874060_Node0_Node8_Zero, Node6 id 2003857874060_Node0_Node8_Zero was a dupe; retransmit: 0, pkt_enqueue_time=2006938541390.338, pkt_dequeue_time=2006938541390.338, forwarded_or_dropped=1, reason_for_drop='Expiry'
DUPE: 2003863343483_Node0_Node8_Zero, Node6 id 2003863343483_Node0_Node8_Zero was a dupe; retransmit: 0, pkt_enqueue_time=2006938541390.338, pkt_dequeue_time=2006938541390.338, forwarded_or_dropped=1, reason_for_drop='Expiry'
main.py: Progress: 2007 / 2014
Called Update: UpdateRouteCalls = 0, force = True
!! UPDATING !!
routeNo, updatedMCSIndex =  0 [1, 0, 0, 3]

rf.py: Time: 2007 Route details: {0: {'Route': [0, 2, 4, 6, 8], 'MCS_Index': [1, 0, 0, 3], 'Priority': 1, 'ValidRoute': True, 'HQRoute': True, 'RouteNodeDensity': [1, 2, 2, 2, 1], 'InterferingLinks': 8, 'Target': (-1, -1)}}
Node.py: (Node0)@2007200000000.0: Updated MCS from 1 to 2, hist=deque([0.547945205479452, 0.0945945945945946, 0.0136986301369863, 0.2876712328767123, 0.684931506849315], maxlen=5), packets_serviced=50, packets_received=73
Called Update: UpdateRouteCalls = 0, force = False
Called Update: UpdateRouteCalls = 1, force = False
Node.py: (Node2)@2007200000000.0: Updated MCS from 0 to 1, hist=deque([0.2185792349726776, 0.09090909090909091, 1.0, 0.05, 0.0], maxlen=5), packets_serviced=0, packets_received=109
Called Update: UpdateRouteCalls = 2, force = False
Called Update: UpdateRouteCalls = 3, force = False
Called Update: UpdateRouteCalls = 4, force = False
Called Update: UpdateRouteCalls = 5, force = False
Node.py: (Node6)@2007200000000.0: Updated MCS from 3 to 3, hist=deque([0.0, 0.005747126436781609, 0.7063829787234043, 0.18633540372670807, 0.3394495412844037], maxlen=5), packets_serviced=37, packets_received=109
Called Update: UpdateRouteCalls = 6, force = False
Called Update: UpdateRouteCalls = 7, force = False
Called Update: UpdateRouteCalls = 8, force = False
Called Update: UpdateRouteCalls = 9, force = False
!! UPDATING !!
routeNo, updatedMCSIndex =  0 [2, 1, 0, 3]
DUPE: 2004120158761_Node0_Node8_Zero, Node6 id 2004120158761_Node0_Node8_Zero was a dupe; retransmit: 0, pkt_enqueue_time=2007252387713.5186, pkt_dequeue_time=2007252387713.5186, forwarded_or_dropped=1, reason_for_drop='Expiry'
DUPE: 2004245853864_Node0_Node8_Zero, Node6 id 2004245853864_Node0_Node8_Zero was a dupe; retransmit: 0, pkt_enqueue_time=2007318763768.064, pkt_dequeue_time=2007318763768.064, forwarded_or_dropped=1, reason_for_drop='Expiry'
DUPE: 2003672069640_Node0_Node8_Zero, Node6 id 2003672069640_Node0_Node8_Zero was a dupe; retransmit: 0, pkt_enqueue_time=2007446546821.065, pkt_dequeue_time=2007446546821.065, forwarded_or_dropped=1, reason_for_drop='Expiry'
DUPE: 2003677537273_Node0_Node8_Zero, Node6 id 2003677537273_Node0_Node8_Zero was a dupe; retransmit: 0, pkt_enqueue_time=2007446546821.065, pkt_dequeue_time=2007446546821.065, forwarded_or_dropped=1, reason_for_drop='Expiry'
DUPE: 2004180267280_Node0_Node8_Zero, Node6 id 2004180267280_Node0_Node8_Zero was a dupe; retransmit: 0, pkt_enqueue_time=2007505111548.3381, pkt_dequeue_time=2007505111548.3381, forwarded_or_dropped=1, reason_for_drop='Expiry'
DUPE: 2004273176770_Node0_Node8_Zero, Node6 id 2004273176770_Node0_Node8_Zero was a dupe; retransmit: 0, pkt_enqueue_time=2007512804954.9744, pkt_dequeue_time=2007512804954.9744, forwarded_or_dropped=1, reason_for_drop='Expiry'
DUPE: 2003426127077_Node0_Node8_Zero, Node6 id 2003426127077_Node0_Node8_Zero was a dupe; retransmit: 0, pkt_enqueue_time=2007521515987.429, pkt_dequeue_time=2007521515987.429, forwarded_or_dropped=1, reason_for_drop='Expiry'
DUPE: 2003781368179_Node0_Node8_Zero, Node6 id 2003781368179_Node0_Node8_Zero was a dupe; retransmit: 0, pkt_enqueue_time=2007536108897.52, pkt_dequeue_time=2007536108897.52, forwarded_or_dropped=1, reason_for_drop='Expiry'
DUPE: 2003786832120_Node0_Node8_Zero, Node6 id 2003786832120_Node0_Node8_Zero was a dupe; retransmit: 0, pkt_enqueue_time=2007536108897.52, pkt_dequeue_time=2007536108897.52, forwarded_or_dropped=1, reason_for_drop='Expiry'
DUPE: 2003213025521_Node0_Node8_Zero, Node6 id 2003213025521_Node0_Node8_Zero was a dupe; retransmit: 0, pkt_enqueue_time=2007541860094.1565, pkt_dequeue_time=2007541860094.1565, forwarded_or_dropped=1, reason_for_drop='Expiry'
DUPE: 2003218487179_Node0_Node8_Zero, Node6 id 2003218487179_Node0_Node8_Zero was a dupe; retransmit: 0, pkt_enqueue_time=2007541860094.1565, pkt_dequeue_time=2007541860094.1565, forwarded_or_dropped=1, reason_for_drop='Expiry'
DUPE: 2003961679431_Node0_Node8_Zero, Node6 id 2003961679431_Node0_Node8_Zero was a dupe; retransmit: 0, pkt_enqueue_time=2007546122657.793, pkt_dequeue_time=2007546122657.793, forwarded_or_dropped=1, reason_for_drop='Expiry'
DUPE: 2003814150538_Node0_Node8_Zero, Node6 id 2003814150538_Node0_Node8_Zero was a dupe; retransmit: 0, pkt_enqueue_time=2007551192431.3384, pkt_dequeue_time=2007551192431.3384, forwarded_or_dropped=1, reason_for_drop='Expiry'
DUPE: 2003819611887_Node0_Node8_Zero, Node6 id 2003819611887_Node0_Node8_Zero was a dupe; retransmit: 0, pkt_enqueue_time=2007551192431.3384, pkt_dequeue_time=2007551192431.3384, forwarded_or_dropped=1, reason_for_drop='Expiry'
DUPE: 2003398802368_Node0_Node8_Zero, Node6 id 2003398802368_Node0_Node8_Zero was a dupe; retransmit: 0, pkt_enqueue_time=2007556265298.9749, pkt_dequeue_time=2007556265298.9749, forwarded_or_dropped=1, reason_for_drop='Expiry'
DUPE: 2003404267715_Node0_Node8_Zero, Node6 id 2003404267715_Node0_Node8_Zero was a dupe; retransmit: 0, pkt_enqueue_time=2007556265298.9749, pkt_dequeue_time=2007556265298.9749, forwarded_or_dropped=1, reason_for_drop='Expiry'
DUPE: 2003300459790_Node0_Node8_Zero, Node6 id 2003300459790_Node0_Node8_Zero was a dupe; retransmit: 0, pkt_enqueue_time=2007561338166.6113, pkt_dequeue_time=2007561338166.6113, forwarded_or_dropped=1, reason_for_drop='Expiry'
DUPE: 2003305929108_Node0_Node8_Zero, Node6 id 2003305929108_Node0_Node8_Zero was a dupe; retransmit: 0, pkt_enqueue_time=2007561338166.6113, pkt_dequeue_time=2007561338166.6113, forwarded_or_dropped=1, reason_for_drop='Expiry'
DUPE: 2003704863683_Node0_Node8_Zero, Node6 id 2003704863683_Node0_Node8_Zero was a dupe; retransmit: 0, pkt_enqueue_time=2007565680730.2478, pkt_dequeue_time=2007565680730.2478, forwarded_or_dropped=1, reason_for_drop='Expiry'
DUPE: 2003710329155_Node0_Node8_Zero, Node6 id 2003710329155_Node0_Node8_Zero was a dupe; retransmit: 0, pkt_enqueue_time=2007565680730.2478, pkt_dequeue_time=2007565680730.2478, forwarded_or_dropped=1, reason_for_drop='Expiry'
DUPE: 2003486240983_Node0_Node8_Zero, Node6 id 2003486240983_Node0_Node8_Zero was a dupe; retransmit: 0, pkt_enqueue_time=2007570795751.8843, pkt_dequeue_time=2007570795751.8843, forwarded_or_dropped=1, reason_for_drop='Expiry'
DUPE: 2003491706563_Node0_Node8_Zero, Node6 id 2003491706563_Node0_Node8_Zero was a dupe; retransmit: 0, pkt_enqueue_time=2007570795751.8843, pkt_dequeue_time=2007570795751.8843, forwarded_or_dropped=1, reason_for_drop='Expiry'
DUPE: 2004060039533_Node0_Node8_Zero, Node6 id 2004060039533_Node0_Node8_Zero was a dupe; retransmit: 0, pkt_enqueue_time=2007575199315.5208, pkt_dequeue_time=2007575199315.5208, forwarded_or_dropped=1, reason_for_drop='Expiry'
DUPE: 2004076435949_Node0_Node8_Zero, Node6 id 2004076435949_Node0_Node8_Zero was a dupe; retransmit: 0, pkt_enqueue_time=2007577146187.5208, pkt_dequeue_time=2007577146187.5208, forwarded_or_dropped=1, reason_for_drop='Expiry'
Node.py: (Node0)@2007600000000.0: Updated MCS from 2 to 1, hist=deque([0.0945945945945946, 0.0136986301369863, 0.2876712328767123, 0.684931506849315, 4.2465753424657535], maxlen=5), packets_serviced=310, packets_received=73
Called Update: UpdateRouteCalls = 0, force = False
Called Update: UpdateRouteCalls = 1, force = False
Node.py: (Node2)@2007600000000.0: Updated MCS from 1 to 2, hist=deque([0.09090909090909091, 1.0, 0.05, 0.0, 0.025157232704402517], maxlen=5), packets_serviced=8, packets_received=318
Called Update: UpdateRouteCalls = 2, force = False
Called Update: UpdateRouteCalls = 3, force = False
Node.py: (Node4)@2007600000000.0: Updated MCS from 0 to 0, hist=deque([1.1111111111111112, 0.00468384074941452, 0.0, 18.0, 1.3333333333333333], maxlen=5), packets_serviced=8, packets_received=6
Called Update: UpdateRouteCalls = 4, force = False
Called Update: UpdateRouteCalls = 5, force = False
Node.py: (Node6)@2007600000000.0: Updated MCS from 3 to 3, hist=deque([0.005747126436781609, 0.7063829787234043, 0.18633540372670807, 0.3394495412844037, 0.029411764705882353], maxlen=5), packets_serviced=1, packets_received=34
Called Update: UpdateRouteCalls = 6, force = False
Called Update: UpdateRouteCalls = 7, force = False
Called Update: UpdateRouteCalls = 8, force = False
Called Update: UpdateRouteCalls = 9, force = False
!! UPDATING !!
routeNo, updatedMCSIndex =  0 [1, 2, 0, 3]
DUPE: 2004622878584_Node0_Node8_Zero, Node6 id 2004622878584_Node0_Node8_Zero was a dupe; retransmit: 0, pkt_enqueue_time=2007632229167.8835, pkt_dequeue_time=2007632229167.8835, forwarded_or_dropped=1, reason_for_drop='Expiry'
DUPE: 2004644732392_Node0_Node8_Zero, Node6 id 2004644732392_Node0_Node8_Zero was a dupe; retransmit: 0, pkt_enqueue_time=2007649375029.4294, pkt_dequeue_time=2007649375029.4294, forwarded_or_dropped=1, reason_for_drop='Expiry'
DUPE: 2004655669900_Node0_Node8_Zero, Node6 id 2004655669900_Node0_Node8_Zero was a dupe; retransmit: 0, pkt_enqueue_time=2007659753886.9749, pkt_dequeue_time=2007659753886.9749, forwarded_or_dropped=1, reason_for_drop='Expiry'
DUPE: 2004688453218_Node0_Node8_Zero, Node6 id 2004688453218_Node0_Node8_Zero was a dupe; retransmit: 0, pkt_enqueue_time=2007696351007.036, pkt_dequeue_time=2007696351007.036, forwarded_or_dropped=1, reason_for_drop='Expiry'
DUPE: 2004732167168_Node0_Node8_Zero, Node6 id 2004732167168_Node0_Node8_Zero was a dupe; retransmit: 0, pkt_enqueue_time=2007736583949.6116, pkt_dequeue_time=2007736583949.6116, forwarded_or_dropped=1, reason_for_drop='Expiry'
DUPE: 2004754026430_Node0_Node8_Zero, Node6 id 2004754026430_Node0_Node8_Zero was a dupe; retransmit: 0, pkt_enqueue_time=2007762515381.8843, pkt_dequeue_time=2007762515381.8843, forwarded_or_dropped=1, reason_for_drop='Expiry'
DUPE: 2004770425224_Node0_Node8_Zero, Node6 id 2004770425224_Node0_Node8_Zero was a dupe; retransmit: 0, pkt_enqueue_time=2007771189099.4297, pkt_dequeue_time=2007771189099.4297, forwarded_or_dropped=1, reason_for_drop='Expiry'
DUPE: 2004770425224_Node0_Node8_Zero, Node6 id 2004770425224_Node0_Node8_Zero was a dupe; retransmit: 0, pkt_enqueue_time=2007781667096.5205, pkt_dequeue_time=2007781667096.5205, forwarded_or_dropped=1, reason_for_drop='Expiry'
DUPE: 2004786817469_Node0_Node8_Zero, Node6 id 2004786817469_Node0_Node8_Zero was a dupe; retransmit: 0, pkt_enqueue_time=2007790094073.3389, pkt_dequeue_time=2007790094073.3389, forwarded_or_dropped=1, reason_for_drop='Expiry'
DUPE: 2004792278531_Node0_Node8_Zero, Node6 id 2004792278531_Node0_Node8_Zero was a dupe; retransmit: 0, pkt_enqueue_time=2007795660451.7026, pkt_dequeue_time=2007795660451.7026, forwarded_or_dropped=1, reason_for_drop='Expiry'
DUPE: 2004803208696_Node0_Node8_Zero, Node6 id 2004803208696_Node0_Node8_Zero was a dupe; retransmit: 0, pkt_enqueue_time=2007825954298.793, pkt_dequeue_time=2007825954298.793, forwarded_or_dropped=1, reason_for_drop='Expiry'
DUPE: 2004836008154_Node0_Node8_Zero, Node6 id 2004836008154_Node0_Node8_Zero was a dupe; retransmit: 0, pkt_enqueue_time=2007839813667.52, pkt_dequeue_time=2007839813667.52, forwarded_or_dropped=1, reason_for_drop='Expiry'
DUPE: 2004841474416_Node0_Node8_Zero, Node6 id 2004841474416_Node0_Node8_Zero was a dupe; retransmit: 0, pkt_enqueue_time=2007841925322.0654, pkt_dequeue_time=2007841925322.0654, forwarded_or_dropped=1, reason_for_drop='Expiry'
DUPE: 2004852407282_Node0_Node8_Zero, Node6 id 2004852407282_Node0_Node8_Zero was a dupe; retransmit: 0, pkt_enqueue_time=2007854248362.7925, pkt_dequeue_time=2007854248362.7925, forwarded_or_dropped=1, reason_for_drop='Expiry'
DUPE: 2004896137402_Node0_Node8_Zero, Node6 id 2004896137402_Node0_Node8_Zero was a dupe; retransmit: 0, pkt_enqueue_time=2007913144964.246, pkt_dequeue_time=2007913144964.246, forwarded_or_dropped=1, reason_for_drop='Expiry'
DUPE: 2004857868837_Node0_Node8_Zero, Node6 id 2004857868837_Node0_Node8_Zero was a dupe; retransmit: 0, pkt_enqueue_time=2007915418618.7915, pkt_dequeue_time=2007915418618.7915, forwarded_or_dropped=1, reason_for_drop='Expiry'
DUPE: 2004841474416_Node0_Node8_Zero, Node6 id 2004841474416_Node0_Node8_Zero was a dupe; retransmit: 0, pkt_enqueue_time=2007918450962.337, pkt_dequeue_time=2007918450962.337, forwarded_or_dropped=1, reason_for_drop='Expiry'
DUPE: 2004907060139_Node0_Node8_Zero, Node6 id 2004907060139_Node0_Node8_Zero was a dupe; retransmit: 0, pkt_enqueue_time=2007920770616.8823, pkt_dequeue_time=2007920770616.8823, forwarded_or_dropped=1, reason_for_drop='Expiry'
DUPE: 2004868802035_Node0_Node8_Zero, Node6 id 2004868802035_Node0_Node8_Zero was a dupe; retransmit: 0, pkt_enqueue_time=2007923151271.4277, pkt_dequeue_time=2007923151271.4277, forwarded_or_dropped=1, reason_for_drop='Expiry'
DUPE: 2004912525784_Node0_Node8_Zero, Node6 id 2004912525784_Node0_Node8_Zero was a dupe; retransmit: 0, pkt_enqueue_time=2007925550925.9731, pkt_dequeue_time=2007925550925.9731, forwarded_or_dropped=1, reason_for_drop='Expiry'
DUPE: 2004808672110_Node0_Node8_Zero, Node6 id 2004808672110_Node0_Node8_Zero was a dupe; retransmit: 0, pkt_enqueue_time=2007927970580.5186, pkt_dequeue_time=2007927970580.5186, forwarded_or_dropped=1, reason_for_drop='Expiry'
DUPE: 2004814137971_Node0_Node8_Zero, Node6 id 2004814137971_Node0_Node8_Zero was a dupe; retransmit: 0, pkt_enqueue_time=2007932889889.6094, pkt_dequeue_time=2007932889889.6094, forwarded_or_dropped=1, reason_for_drop='Expiry'
DUPE: 2004901597010_Node0_Node8_Zero, Node6 id 2004901597010_Node0_Node8_Zero was a dupe; retransmit: 0, pkt_enqueue_time=2007936136360.1548, pkt_dequeue_time=2007936136360.1548, forwarded_or_dropped=1, reason_for_drop='Expiry'
DUPE: 2004830539447_Node0_Node8_Zero, Node6 id 2004830539447_Node0_Node8_Zero was a dupe; retransmit: 0, pkt_enqueue_time=2007938710014.7002, pkt_dequeue_time=2007938710014.7002, forwarded_or_dropped=1, reason_for_drop='Expiry'
DUPE: 2004928913991_Node0_Node8_Zero, Node6 id 2004928913991_Node0_Node8_Zero was a dupe; retransmit: 0, pkt_enqueue_time=2007945792978.3364, pkt_dequeue_time=2007945792978.3364, forwarded_or_dropped=1, reason_for_drop='Expiry'
DUPE: 2004950773289_Node0_Node8_Zero, Node6 id 2004950773289_Node0_Node8_Zero was a dupe; retransmit: 0, pkt_enqueue_time=2007959335686.7002, pkt_dequeue_time=2007959335686.7002, forwarded_or_dropped=1, reason_for_drop='Expiry'
DUPE: 2004961703287_Node0_Node8_Zero, Node6 id 2004961703287_Node0_Node8_Zero was a dupe; retransmit: 0, pkt_enqueue_time=2007963164995.791, pkt_dequeue_time=2007963164995.791, forwarded_or_dropped=1, reason_for_drop='Expiry'
DUPE: 2004967172129_Node0_Node8_Zero, Node6 id 2004967172129_Node0_Node8_Zero was a dupe; retransmit: 0, pkt_enqueue_time=2007972681495.9727, pkt_dequeue_time=2007972681495.9727, forwarded_or_dropped=1, reason_for_drop='Expiry'
main.py: Progress: 2008 / 2014
Node.py: (Node0)@2008000000000.0: Updated MCS from 1 to 0, hist=deque([0.0136986301369863, 0.2876712328767123, 0.684931506849315, 4.2465753424657535, 0.0], maxlen=5), packets_serviced=0, packets_received=73
Called Update: UpdateRouteCalls = 0, force = False
Called Update: UpdateRouteCalls = 1, force = False
Node.py: (Node2)@2008000000000.0: Updated MCS from 2 to 1, hist=deque([1.0, 0.05, 0.0, 0.025157232704402517, 3.3636363636363638], maxlen=5), packets_serviced=74, packets_received=22
Called Update: UpdateRouteCalls = 2, force = False
Called Update: UpdateRouteCalls = 3, force = False
Node.py: (Node4)@2008000000000.0: Updated MCS from 0 to 0, hist=deque([0.00468384074941452, 0.0, 18.0, 1.3333333333333333, 1.171875], maxlen=5), packets_serviced=75, packets_received=64
Called Update: UpdateRouteCalls = 4, force = False
Called Update: UpdateRouteCalls = 5, force = False
Node.py: (Node6)@2008000000000.0: Updated MCS from 3 to 3, hist=deque([0.7063829787234043, 0.18633540372670807, 0.3394495412844037, 0.029411764705882353, 0.44761904761904764], maxlen=5), packets_serviced=47, packets_received=105
Called Update: UpdateRouteCalls = 6, force = False
Called Update: UpdateRouteCalls = 7, force = False
Called Update: UpdateRouteCalls = 8, force = False
Called Update: UpdateRouteCalls = 9, force = False
!! UPDATING !!
routeNo, updatedMCSIndex =  0 [0, 1, 0, 3]
Called Update: UpdateRouteCalls = 0, force = True
!! UPDATING !!
routeNo, updatedMCSIndex =  0 [0, 1, 0, 3]

rf.py: Time: 2008 Route details: {0: {'Route': [0, 2, 4, 6, 8], 'MCS_Index': [0, 1, 0, 3], 'Priority': 1, 'ValidRoute': True, 'HQRoute': True, 'RouteNodeDensity': [1, 2, 2, 2, 1], 'InterferingLinks': 8, 'Target': (-1, -1)}}
DUPE: 2004863337019_Node0_Node8_Zero, Node6 id 2004863337019_Node0_Node8_Zero was a dupe; retransmit: 0, pkt_enqueue_time=2008005103535.0034, pkt_dequeue_time=2008005103535.0034, forwarded_or_dropped=1, reason_for_drop='Expiry'
DUPE: 2005016342430_Node0_Node8_Zero, Node6 id 2005016342430_Node0_Node8_Zero was a dupe; retransmit: 0, pkt_enqueue_time=2008025815673.7305, pkt_dequeue_time=2008025815673.7305, forwarded_or_dropped=1, reason_for_drop='Expiry'
DUPE: 2005021808499_Node0_Node8_Zero, Node6 id 2005021808499_Node0_Node8_Zero was a dupe; retransmit: 0, pkt_enqueue_time=2008044121115.0938, pkt_dequeue_time=2008044121115.0938, forwarded_or_dropped=1, reason_for_drop='Expiry'
DUPE: 2005049130571_Node0_Node8_Zero, Node6 id 2005049130571_Node0_Node8_Zero was a dupe; retransmit: 0, pkt_enqueue_time=2008049279862.4277, pkt_dequeue_time=2008049279862.4277, forwarded_or_dropped=1, reason_for_drop='Expiry'
DUPE: 2005049130571_Node0_Node8_Zero, Node6 id 2005049130571_Node0_Node8_Zero was a dupe; retransmit: 0, pkt_enqueue_time=2008054254115.5186, pkt_dequeue_time=2008054254115.5186, forwarded_or_dropped=1, reason_for_drop='Expiry'
DUPE: 2005054599774_Node0_Node8_Zero, Node6 id 2005054599774_Node0_Node8_Zero was a dupe; retransmit: 0, pkt_enqueue_time=2008056422770.064, pkt_dequeue_time=2008056422770.064, forwarded_or_dropped=1, reason_for_drop='Expiry'
DUPE: 2005060061509_Node0_Node8_Zero, Node6 id 2005060061509_Node0_Node8_Zero was a dupe; retransmit: 0, pkt_enqueue_time=2008064347707.1548, pkt_dequeue_time=2008064347707.1548, forwarded_or_dropped=1, reason_for_drop='Expiry'
DUPE: 2005070987816_Node0_Node8_Zero, Node6 id 2005070987816_Node0_Node8_Zero was a dupe; retransmit: 0, pkt_enqueue_time=2008074299345.791, pkt_dequeue_time=2008074299345.791, forwarded_or_dropped=1, reason_for_drop='Expiry'
DUPE: 2005076456207_Node0_Node8_Zero, Node6 id 2005076456207_Node0_Node8_Zero was a dupe; retransmit: 0, pkt_enqueue_time=2008079078308.8818, pkt_dequeue_time=2008079078308.8818, forwarded_or_dropped=1, reason_for_drop='Expiry'
DUPE: 2005065523877_Node0_Node8_Zero, Node6 id 2005065523877_Node0_Node8_Zero was a dupe; retransmit: 0, pkt_enqueue_time=2008084083561.9727, pkt_dequeue_time=2008084083561.9727, forwarded_or_dropped=1, reason_for_drop='Expiry'
DUPE: 2005087385847_Node0_Node8_Zero, Node6 id 2005087385847_Node0_Node8_Zero was a dupe; retransmit: 0, pkt_enqueue_time=2008090985061.791, pkt_dequeue_time=2008090985061.791, forwarded_or_dropped=1, reason_for_drop='Expiry'
DUPE: 2005103775646_Node0_Node8_Zero, Node6 id 2005103775646_Node0_Node8_Zero was a dupe; retransmit: 0, pkt_enqueue_time=2008112140101.9724, pkt_dequeue_time=2008112140101.9724, forwarded_or_dropped=1, reason_for_drop='Expiry'
DUPE: 2005114699482_Node0_Node8_Zero, Node6 id 2005114699482_Node0_Node8_Zero was a dupe; retransmit: 0, pkt_enqueue_time=2008118203065.6086, pkt_dequeue_time=2008118203065.6086, forwarded_or_dropped=1, reason_for_drop='Expiry'
DUPE: 2005131098884_Node0_Node8_Zero, Node6 id 2005131098884_Node0_Node8_Zero was a dupe; retransmit: 0, pkt_enqueue_time=2008135466998.1538, pkt_dequeue_time=2008135466998.1538, forwarded_or_dropped=1, reason_for_drop='Expiry'
DUPE: 2005136566658_Node0_Node8_Zero, Node6 id 2005136566658_Node0_Node8_Zero was a dupe; retransmit: 0, pkt_enqueue_time=2008137553870.1538, pkt_dequeue_time=2008137553870.1538, forwarded_or_dropped=1, reason_for_drop='Expiry'
DUPE: 2005120165959_Node0_Node8_Zero, Node6 id 2005120165959_Node0_Node8_Zero was a dupe; retransmit: 0, pkt_enqueue_time=2008150574457.8809, pkt_dequeue_time=2008150574457.8809, forwarded_or_dropped=1, reason_for_drop='Expiry'
DUPE: 2005147492963_Node0_Node8_Zero, Node6 id 2005147492963_Node0_Node8_Zero was a dupe; retransmit: 0, pkt_enqueue_time=2008152994112.4263, pkt_dequeue_time=2008152994112.4263, forwarded_or_dropped=1, reason_for_drop='Expiry'
DUPE: 2005158419730_Node0_Node8_Zero, Node6 id 2005158419730_Node0_Node8_Zero was a dupe; retransmit: 0, pkt_enqueue_time=2008173672651.6077, pkt_dequeue_time=2008173672651.6077, forwarded_or_dropped=1, reason_for_drop='Expiry'
DUPE: 2005163882156_Node0_Node8_Zero, Node6 id 2005163882156_Node0_Node8_Zero was a dupe; retransmit: 0, pkt_enqueue_time=2008176859062.153, pkt_dequeue_time=2008176859062.153, forwarded_or_dropped=1, reason_for_drop='Expiry'
DUPE: 2005180271525_Node0_Node8_Zero, Node6 id 2005180271525_Node0_Node8_Zero was a dupe; retransmit: 0, pkt_enqueue_time=2008184631195.244, pkt_dequeue_time=2008184631195.244, forwarded_or_dropped=1, reason_for_drop='Expiry'
DUPE: 2005185733613_Node0_Node8_Zero, Node6 id 2005185733613_Node0_Node8_Zero was a dupe; retransmit: 0, pkt_enqueue_time=2008187658793.7893, pkt_dequeue_time=2008187658793.7893, forwarded_or_dropped=1, reason_for_drop='Expiry'
DUPE: 2005174808883_Node0_Node8_Zero, Node6 id 2005174808883_Node0_Node8_Zero was a dupe; retransmit: 0, pkt_enqueue_time=2008190038448.3347, pkt_dequeue_time=2008190038448.3347, forwarded_or_dropped=1, reason_for_drop='Expiry'
DUPE: 2005196669132_Node0_Node8_Zero, Node6 id 2005196669132_Node0_Node8_Zero was a dupe; retransmit: 0, pkt_enqueue_time=2008203997521.0618, pkt_dequeue_time=2008203997521.0618, forwarded_or_dropped=1, reason_for_drop='Expiry'
DUPE: 2005202136371_Node0_Node8_Zero, Node6 id 2005202136371_Node0_Node8_Zero was a dupe; retransmit: 0, pkt_enqueue_time=2008219629627.1526, pkt_dequeue_time=2008219629627.1526, forwarded_or_dropped=1, reason_for_drop='Expiry'
DUPE: 2005136566658_Node0_Node8_Zero, Node6 id 2005136566658_Node0_Node8_Zero was a dupe; retransmit: 0, pkt_enqueue_time=2008229848245.3342, pkt_dequeue_time=2008229848245.3342, forwarded_or_dropped=1, reason_for_drop='Expiry'
DUPE: 2005229453215_Node0_Node8_Zero, Node6 id 2005229453215_Node0_Node8_Zero was a dupe; retransmit: 0, pkt_enqueue_time=2008234736554.425, pkt_dequeue_time=2008234736554.425, forwarded_or_dropped=1, reason_for_drop='Expiry'
DUPE: 2005251310485_Node0_Node8_Zero, Node6 id 2005251310485_Node0_Node8_Zero was a dupe; retransmit: 0, pkt_enqueue_time=2008255542230.6982, pkt_dequeue_time=2008255542230.6982, forwarded_or_dropped=1, reason_for_drop='Expiry'
DUPE: 2005245849995_Node0_Node8_Zero, Node6 id 2005245849995_Node0_Node8_Zero was a dupe; retransmit: 0, pkt_enqueue_time=2008257921885.2437, pkt_dequeue_time=2008257921885.2437, forwarded_or_dropped=1, reason_for_drop='Expiry'
DUPE: 2005256774022_Node0_Node8_Zero, Node6 id 2005256774022_Node0_Node8_Zero was a dupe; retransmit: 0, pkt_enqueue_time=2008261252030.789, pkt_dequeue_time=2008261252030.789, forwarded_or_dropped=1, reason_for_drop='Expiry'
DUPE: 2005267698013_Node0_Node8_Zero, Node6 id 2005267698013_Node0_Node8_Zero was a dupe; retransmit: 0, pkt_enqueue_time=2008269416448.062, pkt_dequeue_time=2008269416448.062, forwarded_or_dropped=1, reason_for_drop='Expiry'
DUPE: 2005278619216_Node0_Node8_Zero, Node6 id 2005278619216_Node0_Node8_Zero was a dupe; retransmit: 0, pkt_enqueue_time=2008281057368.789, pkt_dequeue_time=2008281057368.789, forwarded_or_dropped=1, reason_for_drop='Expiry'
DUPE: 2005327800561_Node0_Node8_Zero, Node6 id 2005327800561_Node0_Node8_Zero was a dupe; retransmit: 0, pkt_enqueue_time=2008330915310.5168, pkt_dequeue_time=2008330915310.5168, forwarded_or_dropped=1, reason_for_drop='Expiry'
DUPE: 2005344191180_Node0_Node8_Zero, Node6 id 2005344191180_Node0_Node8_Zero was a dupe; retransmit: 0, pkt_enqueue_time=2008355923341.5168, pkt_dequeue_time=2008355923341.5168, forwarded_or_dropped=1, reason_for_drop='Expiry'
DUPE: 2005316873927_Node0_Node8_Zero, Node6 id 2005316873927_Node0_Node8_Zero was a dupe; retransmit: 0, pkt_enqueue_time=2008358302996.0623, pkt_dequeue_time=2008358302996.0623, forwarded_or_dropped=1, reason_for_drop='Expiry'
DUPE: 2005371511614_Node0_Node8_Zero, Node6 id 2005371511614_Node0_Node8_Zero was a dupe; retransmit: 0, pkt_enqueue_time=2008374831224.9712, pkt_dequeue_time=2008374831224.9712, forwarded_or_dropped=1, reason_for_drop='Expiry'
DUPE: 2005393364255_Node0_Node8_Zero, Node6 id 2005393364255_Node0_Node8_Zero was a dupe; retransmit: 0, pkt_enqueue_time=2008394340370.8801, pkt_dequeue_time=2008394340370.8801, forwarded_or_dropped=1, reason_for_drop='Expiry'
Node.py: (Node0)@2008400000000.0: Updated MCS from 0 to 0, hist=deque([0.2876712328767123, 0.684931506849315, 4.2465753424657535, 0.0, 0.28378378378378377], maxlen=5), packets_serviced=21, packets_received=74
Called Update: UpdateRouteCalls = 0, force = False
Called Update: UpdateRouteCalls = 1, force = False
Node.py: (Node2)@2008400000000.0: Updated MCS from 1 to 1, hist=deque([0.05, 0.0, 0.025157232704402517, 3.3636363636363638, 0.4444444444444444], maxlen=5), packets_serviced=16, packets_received=36
Called Update: UpdateRouteCalls = 2, force = False
Called Update: UpdateRouteCalls = 3, force = False
Node.py: (Node4)@2008400000000.0: Updated MCS from 0 to 0, hist=deque([0.0, 18.0, 1.3333333333333333, 1.171875, 4.8], maxlen=5), packets_serviced=72, packets_received=15
Called Update: UpdateRouteCalls = 4, force = False
Called Update: UpdateRouteCalls = 5, force = False
Node.py: (Node6)@2008400000000.0: Updated MCS from 3 to 3, hist=deque([0.18633540372670807, 0.3394495412844037, 0.029411764705882353, 0.44761904761904764, 0.44339622641509435], maxlen=5), packets_serviced=47, packets_received=106
Called Update: UpdateRouteCalls = 6, force = False
Called Update: UpdateRouteCalls = 7, force = False
Called Update: UpdateRouteCalls = 8, force = False
Called Update: UpdateRouteCalls = 9, force = False
!! UPDATING !!
routeNo, updatedMCSIndex =  0 [0, 1, 0, 3]
DUPE: 2005431618066_Node0_Node8_Zero, Node6 id 2005431618066_Node0_Node8_Zero was a dupe; retransmit: 0, pkt_enqueue_time=2008437372543.7893, pkt_dequeue_time=2008437372543.7893, forwarded_or_dropped=1, reason_for_drop='Expiry'
DUPE: 2005535460065_Node0_Node8_Zero, Node6 id 2005535460065_Node0_Node8_Zero was a dupe; retransmit: 0, pkt_enqueue_time=2008560593650.5154, pkt_dequeue_time=2008560593650.5154, forwarded_or_dropped=1, reason_for_drop='Expiry'
DUPE: 2005579178727_Node0_Node8_Zero, Node2 id 2005579178727_Node0_Node8_Zero was a dupe; retransmit: 0, pkt_enqueue_time=2008605944075.3337, pkt_dequeue_time=2008605944075.3337, forwarded_or_dropped=1, reason_for_drop='Expiry'
DUPE: 2005573714398_Node0_Node8_Zero, Node6 id 2005573714398_Node0_Node8_Zero was a dupe; retransmit: 0, pkt_enqueue_time=2008616760868.6968, pkt_dequeue_time=2008616760868.6968, forwarded_or_dropped=1, reason_for_drop='Expiry'
DUPE: 2005568250113_Node0_Node8_Zero, Node6 id 2005568250113_Node0_Node8_Zero was a dupe; retransmit: 0, pkt_enqueue_time=2008637232194.5146, pkt_dequeue_time=2008637232194.5146, forwarded_or_dropped=1, reason_for_drop='Expiry'
DUPE: 2005524523934_Node0_Node8_Zero, Node6 id 2005524523934_Node0_Node8_Zero was a dupe; retransmit: 0, pkt_enqueue_time=2008645805275.6055, pkt_dequeue_time=2008645805275.6055, forwarded_or_dropped=1, reason_for_drop='Expiry'
DUPE: 2005606500965_Node0_Node8_Zero, Node6 id 2005606500965_Node0_Node8_Zero was a dupe; retransmit: 0, pkt_enqueue_time=2008650904584.6963, pkt_dequeue_time=2008650904584.6963, forwarded_or_dropped=1, reason_for_drop='Expiry'
DUPE: 2005611969765_Node0_Node8_Zero, Node6 id 2005611969765_Node0_Node8_Zero was a dupe; retransmit: 0, pkt_enqueue_time=2008657180342.787, pkt_dequeue_time=2008657180342.787, forwarded_or_dropped=1, reason_for_drop='Expiry'
DUPE: 2005633822367_Node0_Node8_Zero, Node6 id 2005633822367_Node0_Node8_Zero was a dupe; retransmit: 0, pkt_enqueue_time=2008670386542.787, pkt_dequeue_time=2008670386542.787, forwarded_or_dropped=1, reason_for_drop='Expiry'
DUPE: 2005644746525_Node0_Node8_Zero, Node6 id 2005644746525_Node0_Node8_Zero was a dupe; retransmit: 0, pkt_enqueue_time=2008673452197.3325, pkt_dequeue_time=2008673452197.3325, forwarded_or_dropped=1, reason_for_drop='Expiry'
DUPE: 2005584643696_Node0_Node8_Zero, Node6 id 2005584643696_Node0_Node8_Zero was a dupe; retransmit: 0, pkt_enqueue_time=2008676691851.878, pkt_dequeue_time=2008676691851.878, forwarded_or_dropped=1, reason_for_drop='Expiry'
DUPE: 2005693937773_Node0_Node8_Zero, Node6 id 2005693937773_Node0_Node8_Zero was a dupe; retransmit: 0, pkt_enqueue_time=2008695132929.2415, pkt_dequeue_time=2008695132929.2415, forwarded_or_dropped=1, reason_for_drop='Expiry'
DUPE: 2005759502322_Node0_Node8_Zero, Node6 id 2005759502322_Node0_Node8_Zero was a dupe; retransmit: 0, pkt_enqueue_time=2008763994386.0586, pkt_dequeue_time=2008763994386.0586, forwarded_or_dropped=1, reason_for_drop='Expiry'
DUPE: 2005748579054_Node0_Node8_Zero, Node6 id 2005748579054_Node0_Node8_Zero was a dupe; retransmit: 0, pkt_enqueue_time=2008789097038.5127, pkt_dequeue_time=2008789097038.5127, forwarded_or_dropped=1, reason_for_drop='Expiry'
DUPE: 2005786821686_Node0_Node8_Zero, Node6 id 2005786821686_Node0_Node8_Zero was a dupe; retransmit: 0, pkt_enqueue_time=2008794806220.331, pkt_dequeue_time=2008794806220.331, forwarded_or_dropped=1, reason_for_drop='Expiry'
DUPE: 2005775894981_Node0_Node8_Zero, Node6 id 2005775894981_Node0_Node8_Zero was a dupe; retransmit: 0, pkt_enqueue_time=2008797321874.8765, pkt_dequeue_time=2008797321874.8765, forwarded_or_dropped=1, reason_for_drop='Expiry'
Node.py: (Node0)@2008800000000.0: Updated MCS from 0 to 0, hist=deque([0.684931506849315, 4.2465753424657535, 0.0, 0.28378378378378377, 0.0273972602739726], maxlen=5), packets_serviced=2, packets_received=73
Called Update: UpdateRouteCalls = 0, force = False
Called Update: UpdateRouteCalls = 1, force = False
Node.py: (Node2)@2008800000000.0: Updated MCS from 1 to 1, hist=deque([0.0, 0.025157232704402517, 3.3636363636363638, 0.4444444444444444, 0.1], maxlen=5), packets_serviced=2, packets_received=20
Called Update: UpdateRouteCalls = 2, force = False
Called Update: UpdateRouteCalls = 3, force = False
Node.py: (Node4)@2008800000000.0: Updated MCS from 0 to 0, hist=deque([18.0, 1.3333333333333333, 1.171875, 4.8, 27.0], maxlen=5), packets_serviced=54, packets_received=2
Called Update: UpdateRouteCalls = 4, force = False
Called Update: UpdateRouteCalls = 5, force = False
Node.py: (Node6)@2008800000000.0: Updated MCS from 3 to 3, hist=deque([0.3394495412844037, 0.029411764705882353, 0.44761904761904764, 0.44339622641509435, 0.40869565217391307], maxlen=5), packets_serviced=47, packets_received=115
Called Update: UpdateRouteCalls = 6, force = False
Called Update: UpdateRouteCalls = 7, force = False
Called Update: UpdateRouteCalls = 8, force = False
Called Update: UpdateRouteCalls = 9, force = False
!! UPDATING !!
routeNo, updatedMCSIndex =  0 [0, 1, 0, 3]
DUPE: 2005792283198_Node0_Node8_Zero, Node6 id 2005792283198_Node0_Node8_Zero was a dupe; retransmit: 0, pkt_enqueue_time=2008805480838.5127, pkt_dequeue_time=2008805480838.5127, forwarded_or_dropped=1, reason_for_drop='Expiry'
DUPE: 2005754041731_Node0_Node8_Zero, Node6 id 2005754041731_Node0_Node8_Zero was a dupe; retransmit: 0, pkt_enqueue_time=2008828328665.4224, pkt_dequeue_time=2008828328665.4224, forwarded_or_dropped=1, reason_for_drop='Expiry'
DUPE: 2005797743004_Node0_Node8_Zero, Node6 id 2005797743004_Node0_Node8_Zero was a dupe; retransmit: 0, pkt_enqueue_time=2008835096974.5132, pkt_dequeue_time=2008835096974.5132, forwarded_or_dropped=1, reason_for_drop='Expiry'
DUPE: 2005841464891_Node0_Node8_Zero, Node6 id 2005841464891_Node0_Node8_Zero was a dupe; retransmit: 0, pkt_enqueue_time=2008885963011.6943, pkt_dequeue_time=2008885963011.6943, forwarded_or_dropped=1, reason_for_drop='Expiry'
DUPE: 2005846926608_Node0_Node8_Zero, Node6 id 2005846926608_Node0_Node8_Zero was a dupe; retransmit: 0, pkt_enqueue_time=2008888889883.6943, pkt_dequeue_time=2008888889883.6943, forwarded_or_dropped=1, reason_for_drop='Expiry'
DUPE: 2005879715386_Node0_Node8_Zero, Node6 id 2005879715386_Node0_Node8_Zero was a dupe; retransmit: 0, pkt_enqueue_time=2008891922538.2397, pkt_dequeue_time=2008891922538.2397, forwarded_or_dropped=1, reason_for_drop='Expiry'
DUPE: 2005901576767_Node0_Node8_Zero, Node6 id 2005901576767_Node0_Node8_Zero was a dupe; retransmit: 0, pkt_enqueue_time=2008925303446.6028, pkt_dequeue_time=2008925303446.6028, forwarded_or_dropped=1, reason_for_drop='Expiry'
DUPE: 2005978085182_Node0_Node8_Zero, Node6 id 2005978085182_Node0_Node8_Zero was a dupe; retransmit: 0, pkt_enqueue_time=2008987475318.6926, pkt_dequeue_time=2008987475318.6926, forwarded_or_dropped=1, reason_for_drop='Expiry'
DUPE: 2005989014632_Node0_Node8_Zero, Node6 id 2005989014632_Node0_Node8_Zero was a dupe; retransmit: 0, pkt_enqueue_time=2008990856191.238, pkt_dequeue_time=2008990856191.238, forwarded_or_dropped=1, reason_for_drop='Expiry'
DUPE: 2005928892253_Node0_Node8_Zero, Node6 id 2005928892253_Node0_Node8_Zero was a dupe; retransmit: 0, pkt_enqueue_time=2008996155500.3289, pkt_dequeue_time=2008996155500.3289, forwarded_or_dropped=1, reason_for_drop='Expiry'
main.py: Progress: 2009 / 2014
Called Update: UpdateRouteCalls = 0, force = True
!! UPDATING !!
routeNo, updatedMCSIndex =  0 [0, 1, 0, 3]

rf.py: Time: 2009 Route details: {0: {'Route': [0, 2, 4, 6, 8], 'MCS_Index': [0, 1, 0, 3], 'Priority': 1, 'ValidRoute': True, 'HQRoute': True, 'RouteNodeDensity': [1, 2, 2, 2, 1], 'InterferingLinks': 8, 'Target': (-1, -1)}}
DUPE: 2005764966197_Node0_Node8_Zero, Node6 id 2005764966197_Node0_Node8_Zero was a dupe; retransmit: 0, pkt_enqueue_time=2009007461335.965, pkt_dequeue_time=2009007461335.965, forwarded_or_dropped=1, reason_for_drop='Expiry'
DUPE: 2005699397336_Node0_Node8_Zero, Node6 id 2005699397336_Node0_Node8_Zero was a dupe; retransmit: 0, pkt_enqueue_time=2009010797990.5105, pkt_dequeue_time=2009010797990.5105, forwarded_or_dropped=1, reason_for_drop='Expiry'
DUPE: 2005557319793_Node0_Node8_Zero, Node6 id 2005557319793_Node0_Node8_Zero was a dupe; retransmit: 0, pkt_enqueue_time=2009014137645.056, pkt_dequeue_time=2009014137645.056, forwarded_or_dropped=1, reason_for_drop='Expiry'
DUPE: 2005497205805_Node0_Node8_Zero, Node6 id 2005497205805_Node0_Node8_Zero was a dupe; retransmit: 0, pkt_enqueue_time=2009017526299.6013, pkt_dequeue_time=2009017526299.6013, forwarded_or_dropped=1, reason_for_drop='Expiry'
DUPE: 2006010877315_Node0_Node8_Zero, Node6 id 2006010877315_Node0_Node8_Zero was a dupe; retransmit: 0, pkt_enqueue_time=2009026071988.6921, pkt_dequeue_time=2009026071988.6921, forwarded_or_dropped=1, reason_for_drop='Expiry'
DUPE: 2004874270436_Node0_Node8_Zero, Node6 id 2004874270436_Node0_Node8_Zero was a dupe; retransmit: 0, pkt_enqueue_time=2009030484298.2375, pkt_dequeue_time=2009030484298.2375, forwarded_or_dropped=1, reason_for_drop='Expiry'
DUPE: 2004879736214_Node0_Node8_Zero, Node6 id 2004879736214_Node0_Node8_Zero was a dupe; retransmit: 0, pkt_enqueue_time=2009033602797.2388, pkt_dequeue_time=2009033602797.2388, forwarded_or_dropped=1, reason_for_drop='Expiry'
DUPE: 2005972617806_Node0_Node8_Zero, Node6 id 2005972617806_Node0_Node8_Zero was a dupe; retransmit: 0, pkt_enqueue_time=2009038034551.7842, pkt_dequeue_time=2009038034551.7842, forwarded_or_dropped=1, reason_for_drop='Expiry'
DUPE: 2005983545599_Node0_Node8_Zero, Node6 id 2005983545599_Node0_Node8_Zero was a dupe; retransmit: 0, pkt_enqueue_time=2009042045930.7842, pkt_dequeue_time=2009042045930.7842, forwarded_or_dropped=1, reason_for_drop='Expiry'
DUPE: 2005994474714_Node0_Node8_Zero, Node6 id 2005994474714_Node0_Node8_Zero was a dupe; retransmit: 0, pkt_enqueue_time=2009046676240.3296, pkt_dequeue_time=2009046676240.3296, forwarded_or_dropped=1, reason_for_drop='Expiry'
DUPE: 2005999943397_Node0_Node8_Zero, Node6 id 2005999943397_Node0_Node8_Zero was a dupe; retransmit: 0, pkt_enqueue_time=2009049583112.3296, pkt_dequeue_time=2009049583112.3296, forwarded_or_dropped=1, reason_for_drop='Expiry'
DUPE: 2005715794815_Node0_Node8_Zero, Node6 id 2005715794815_Node0_Node8_Zero was a dupe; retransmit: 0, pkt_enqueue_time=2009054273076.875, pkt_dequeue_time=2009054273076.875, forwarded_or_dropped=1, reason_for_drop='Expiry'
DUPE: 2005890646931_Node0_Node8_Zero, Node6 id 2005890646931_Node0_Node8_Zero was a dupe; retransmit: 0, pkt_enqueue_time=2009059034386.4204, pkt_dequeue_time=2009059034386.4204, forwarded_or_dropped=1, reason_for_drop='Expiry'
DUPE: 2005825063986_Node0_Node8_Zero, Node6 id 2005825063986_Node0_Node8_Zero was a dupe; retransmit: 0, pkt_enqueue_time=2009063074040.9658, pkt_dequeue_time=2009063074040.9658, forwarded_or_dropped=1, reason_for_drop='Expiry'
DUPE: 2005710329923_Node0_Node8_Zero, Node6 id 2005710329923_Node0_Node8_Zero was a dupe; retransmit: 0, pkt_enqueue_time=2009070223671.4204, pkt_dequeue_time=2009070223671.4204, forwarded_or_dropped=1, reason_for_drop='Expiry'
DUPE: 2005628355925_Node0_Node8_Zero, Node6 id 2005628355925_Node0_Node8_Zero was a dupe; retransmit: 0, pkt_enqueue_time=2009075076254.9658, pkt_dequeue_time=2009075076254.9658, forwarded_or_dropped=1, reason_for_drop='Expiry'
DUPE: 2006016343696_Node0_Node8_Zero, Node6 id 2006016343696_Node0_Node8_Zero was a dupe; retransmit: 0, pkt_enqueue_time=2009079195909.5112, pkt_dequeue_time=2009079195909.5112, forwarded_or_dropped=1, reason_for_drop='Expiry'
DUPE: 2005655679375_Node0_Node8_Zero, Node6 id 2005655679375_Node0_Node8_Zero was a dupe; retransmit: 0, pkt_enqueue_time=2009084201855.0566, pkt_dequeue_time=2009084201855.0566, forwarded_or_dropped=1, reason_for_drop='Expiry'
DUPE: 2005650211328_Node0_Node8_Zero, Node6 id 2005650211328_Node0_Node8_Zero was a dupe; retransmit: 0, pkt_enqueue_time=2009089035354.784, pkt_dequeue_time=2009089035354.784, forwarded_or_dropped=1, reason_for_drop='Expiry'
DUPE: 2005934359713_Node0_Node8_Zero, Node6 id 2005934359713_Node0_Node8_Zero was a dupe; retransmit: 0, pkt_enqueue_time=2009093355009.3293, pkt_dequeue_time=2009093355009.3293, forwarded_or_dropped=1, reason_for_drop='Expiry'
DUPE: 2005683004840_Node0_Node8_Zero, Node6 id 2005683004840_Node0_Node8_Zero was a dupe; retransmit: 0, pkt_enqueue_time=2009098425105.8748, pkt_dequeue_time=2009098425105.8748, forwarded_or_dropped=1, reason_for_drop='Expiry'
DUPE: 2005622896335_Node0_Node8_Zero, Node6 id 2005622896335_Node0_Node8_Zero was a dupe; retransmit: 0, pkt_enqueue_time=2009103757971.4202, pkt_dequeue_time=2009103757971.4202, forwarded_or_dropped=1, reason_for_drop='Expiry'
DUPE: 2003387880760_Node0_Node8_Zero, Node6 id 2003387880760_Node0_Node8_Zero was a dupe; retransmit: 0, pkt_enqueue_time=2009109070344.9656, pkt_dequeue_time=2009109070344.9656, forwarded_or_dropped=1, reason_for_drop='Expiry'
DUPE: 2003393342153_Node0_Node8_Zero, Node6 id 2003393342153_Node0_Node8_Zero was a dupe; retransmit: 0, pkt_enqueue_time=2009109070344.9656, pkt_dequeue_time=2009109070344.9656, forwarded_or_dropped=1, reason_for_drop='Expiry'
DUPE: 2005732189473_Node0_Node8_Zero, Node6 id 2005732189473_Node0_Node8_Zero was a dupe; retransmit: 0, pkt_enqueue_time=2009114444999.602, pkt_dequeue_time=2009114444999.602, forwarded_or_dropped=1, reason_for_drop='Expiry'
DUPE: 2003825078299_Node0_Node8_Zero, Node6 id 2003825078299_Node0_Node8_Zero was a dupe; retransmit: 0, pkt_enqueue_time=2009122716817.1475, pkt_dequeue_time=2009122716817.1475, forwarded_or_dropped=1, reason_for_drop='Expiry'
DUPE: 2003830541081_Node0_Node8_Zero, Node6 id 2003830541081_Node0_Node8_Zero was a dupe; retransmit: 0, pkt_enqueue_time=2009122716817.1475, pkt_dequeue_time=2009122716817.1475, forwarded_or_dropped=1, reason_for_drop='Expiry'
DUPE: 2005677538319_Node0_Node8_Zero, Node6 id 2005677538319_Node0_Node8_Zero was a dupe; retransmit: 0, pkt_enqueue_time=2009128249486.784, pkt_dequeue_time=2009128249486.784, forwarded_or_dropped=1, reason_for_drop='Expiry'
DUPE: 2003972602447_Node0_Node8_Zero, Node6 id 2003972602447_Node0_Node8_Zero was a dupe; retransmit: 0, pkt_enqueue_time=2009133808235.3293, pkt_dequeue_time=2009133808235.3293, forwarded_or_dropped=1, reason_for_drop='Expiry'
DUPE: 2003967139053_Node0_Node8_Zero, Node6 id 2003967139053_Node0_Node8_Zero was a dupe; retransmit: 0, pkt_enqueue_time=2009140130849.8748, pkt_dequeue_time=2009140130849.8748, forwarded_or_dropped=1, reason_for_drop='Expiry'
DUPE: 2002994442486_Node0_Node8_Zero, Node6 id 2002994442486_Node0_Node8_Zero was a dupe; retransmit: 0, pkt_enqueue_time=2009146654459.4202, pkt_dequeue_time=2009146654459.4202, forwarded_or_dropped=1, reason_for_drop='Expiry'
DUPE: 2002999909152_Node0_Node8_Zero, Node6 id 2002999909152_Node0_Node8_Zero was a dupe; retransmit: 0, pkt_enqueue_time=2009146654459.4202, pkt_dequeue_time=2009146654459.4202, forwarded_or_dropped=1, reason_for_drop='Expiry'
DUPE: 2005513599644_Node0_Node8_Zero, Node6 id 2005513599644_Node0_Node8_Zero was a dupe; retransmit: 0, pkt_enqueue_time=2009153241721.0566, pkt_dequeue_time=2009153241721.0566, forwarded_or_dropped=1, reason_for_drop='Expiry'
DUPE: 2006027278642_Node0_Node8_Zero, Node6 id 2006027278642_Node0_Node8_Zero was a dupe; retransmit: 0, pkt_enqueue_time=2009159967894.602, pkt_dequeue_time=2009159967894.602, forwarded_or_dropped=1, reason_for_drop='Expiry'
DUPE: 2006032741011_Node0_Node8_Zero, Node6 id 2006032741011_Node0_Node8_Zero was a dupe; retransmit: 0, pkt_enqueue_time=2009162454766.602, pkt_dequeue_time=2009162454766.602, forwarded_or_dropped=1, reason_for_drop='Expiry'
DUPE: 2004065506995_Node0_Node8_Zero, Node6 id 2004065506995_Node0_Node8_Zero was a dupe; retransmit: 0, pkt_enqueue_time=2009169216029.1475, pkt_dequeue_time=2009169216029.1475, forwarded_or_dropped=1, reason_for_drop='Expiry'
DUPE: 2004284105472_Node0_Node8_Zero, Node6 id 2004284105472_Node0_Node8_Zero was a dupe; retransmit: 0, pkt_enqueue_time=2009176057554.6929, pkt_dequeue_time=2009176057554.6929, forwarded_or_dropped=1, reason_for_drop='Expiry'
DUPE: 2003519043825_Node0_Node8_Zero, Node6 id 2003519043825_Node0_Node8_Zero was a dupe; retransmit: 0, pkt_enqueue_time=2009182941027.2383, pkt_dequeue_time=2009182941027.2383, forwarded_or_dropped=1, reason_for_drop='Expiry'
DUPE: 2003524503585_Node0_Node8_Zero, Node6 id 2003524503585_Node0_Node8_Zero was a dupe; retransmit: 0, pkt_enqueue_time=2009182941027.2383, pkt_dequeue_time=2009182941027.2383, forwarded_or_dropped=1, reason_for_drop='Expiry'
DUPE: 2003207565766_Node0_Node8_Zero, Node6 id 2003207565766_Node0_Node8_Zero was a dupe; retransmit: 0, pkt_enqueue_time=2009189074681.8748, pkt_dequeue_time=2009189074681.8748, forwarded_or_dropped=1, reason_for_drop='Expiry'
Node.py: (Node0)@2009200000000.0: Updated MCS from 0 to 0, hist=deque([4.2465753424657535, 0.0, 0.28378378378378377, 0.0273972602739726, 0.4246575342465753], maxlen=5), packets_serviced=31, packets_received=73
Called Update: UpdateRouteCalls = 0, force = False
Called Update: UpdateRouteCalls = 1, force = False
Node.py: (Node2)@2009200000000.0: Updated MCS from 1 to 1, hist=deque([0.025157232704402517, 3.3636363636363638, 0.4444444444444444, 0.1, 0.0], maxlen=5), packets_serviced=0, packets_received=53
Called Update: UpdateRouteCalls = 2, force = False
Called Update: UpdateRouteCalls = 3, force = False
Node.py: (Node4)@2009200000000.0: Updated MCS from 0 to 0, hist=deque([1.3333333333333333, 1.171875, 4.8, 27.0, 8.0], maxlen=5), packets_serviced=24, packets_received=3
Called Update: UpdateRouteCalls = 4, force = False
Called Update: UpdateRouteCalls = 5, force = False
Node.py: (Node6)@2009200000000.0: Updated MCS from 3 to 3, hist=deque([0.029411764705882353, 0.44761904761904764, 0.44339622641509435, 0.40869565217391307, 0.1834862385321101], maxlen=5), packets_serviced=20, packets_received=109
Called Update: UpdateRouteCalls = 6, force = False
Called Update: UpdateRouteCalls = 7, force = False
Called Update: UpdateRouteCalls = 8, force = False
Called Update: UpdateRouteCalls = 9, force = False
!! UPDATING !!
routeNo, updatedMCSIndex =  0 [0, 1, 0, 3]
DUPE: 2004109226377_Node0_Node8_Zero, Node6 id 2004109226377_Node0_Node8_Zero was a dupe; retransmit: 0, pkt_enqueue_time=2009202966137.0566, pkt_dequeue_time=2009202966137.0566, forwarded_or_dropped=1, reason_for_drop='Expiry'
DUPE: 2004114694916_Node0_Node8_Zero, Node6 id 2004114694916_Node0_Node8_Zero was a dupe; retransmit: 0, pkt_enqueue_time=2009207507315.784, pkt_dequeue_time=2009207507315.784, forwarded_or_dropped=1, reason_for_drop='Expiry'
DUPE: 2003639275091_Node0_Node8_Zero, Node6 id 2003639275091_Node0_Node8_Zero was a dupe; retransmit: 0, pkt_enqueue_time=2009214508788.3293, pkt_dequeue_time=2009214508788.3293, forwarded_or_dropped=1, reason_for_drop='Expiry'
DUPE: 2003644740505_Node0_Node8_Zero, Node6 id 2003644740505_Node0_Node8_Zero was a dupe; retransmit: 0, pkt_enqueue_time=2009214508788.3293, pkt_dequeue_time=2009214508788.3293, forwarded_or_dropped=1, reason_for_drop='Expiry'
DUPE: 2004027240164_Node0_Node8_Zero, Node6 id 2004027240164_Node0_Node8_Zero was a dupe; retransmit: 0, pkt_enqueue_time=2009220819317.9658, pkt_dequeue_time=2009220819317.9658, forwarded_or_dropped=1, reason_for_drop='Expiry'
DUPE: 2003983527158_Node0_Node8_Zero, Node6 id 2003983527158_Node0_Node8_Zero was a dupe; retransmit: 0, pkt_enqueue_time=2009227231134.5112, pkt_dequeue_time=2009227231134.5112, forwarded_or_dropped=1, reason_for_drop='Expiry'
DUPE: 2003999921423_Node0_Node8_Zero, Node6 id 2003999921423_Node0_Node8_Zero was a dupe; retransmit: 0, pkt_enqueue_time=2009229518006.5112, pkt_dequeue_time=2009229518006.5112, forwarded_or_dropped=1, reason_for_drop='Expiry'
DUPE: 2003344179426_Node0_Node8_Zero, Node6 id 2003344179426_Node0_Node8_Zero was a dupe; retransmit: 0, pkt_enqueue_time=2009243139206.602, pkt_dequeue_time=2009243139206.602, forwarded_or_dropped=1, reason_for_drop='Expiry'
DUPE: 2003349641800_Node0_Node8_Zero, Node6 id 2003349641800_Node0_Node8_Zero was a dupe; retransmit: 0, pkt_enqueue_time=2009243139206.602, pkt_dequeue_time=2009243139206.602, forwarded_or_dropped=1, reason_for_drop='Expiry'
DUPE: 2003595553645_Node0_Node8_Zero, Node6 id 2003595553645_Node0_Node8_Zero was a dupe; retransmit: 0, pkt_enqueue_time=2009250384586.2385, pkt_dequeue_time=2009250384586.2385, forwarded_or_dropped=1, reason_for_drop='Expiry'
DUPE: 2003601017439_Node0_Node8_Zero, Node6 id 2003601017439_Node0_Node8_Zero was a dupe; retransmit: 0, pkt_enqueue_time=2009250384586.2385, pkt_dequeue_time=2009250384586.2385, forwarded_or_dropped=1, reason_for_drop='Expiry'
DUPE: 2003770438548_Node0_Node8_Zero, Node6 id 2003770438548_Node0_Node8_Zero was a dupe; retransmit: 0, pkt_enqueue_time=2009257648549.875, pkt_dequeue_time=2009257648549.875, forwarded_or_dropped=1, reason_for_drop='Expiry'
DUPE: 2003775903954_Node0_Node8_Zero, Node6 id 2003775903954_Node0_Node8_Zero was a dupe; retransmit: 0, pkt_enqueue_time=2009257648549.875, pkt_dequeue_time=2009257648549.875, forwarded_or_dropped=1, reason_for_drop='Expiry'
DUPE: 2004278636840_Node0_Node8_Zero, Node6 id 2004278636840_Node0_Node8_Zero was a dupe; retransmit: 0, pkt_enqueue_time=2009264954385.5115, pkt_dequeue_time=2009264954385.5115, forwarded_or_dropped=1, reason_for_drop='Expiry'
DUPE: 2003836009786_Node0_Node8_Zero, Node6 id 2003836009786_Node0_Node8_Zero was a dupe; retransmit: 0, pkt_enqueue_time=2009271484695.057, pkt_dequeue_time=2009271484695.057, forwarded_or_dropped=1, reason_for_drop='Expiry'
DUPE: 2003841476754_Node0_Node8_Zero, Node6 id 2003841476754_Node0_Node8_Zero was a dupe; retransmit: 0, pkt_enqueue_time=2009271484695.057, pkt_dequeue_time=2009271484695.057, forwarded_or_dropped=1, reason_for_drop='Expiry'
DUPE: 2003792297676_Node0_Node8_Zero, Node6 id 2003792297676_Node0_Node8_Zero was a dupe; retransmit: 0, pkt_enqueue_time=2009278790224.6934, pkt_dequeue_time=2009278790224.6934, forwarded_or_dropped=1, reason_for_drop='Expiry'
DUPE: 2003797760979_Node0_Node8_Zero, Node6 id 2003797760979_Node0_Node8_Zero was a dupe; retransmit: 0, pkt_enqueue_time=2009278790224.6934, pkt_dequeue_time=2009278790224.6934, forwarded_or_dropped=1, reason_for_drop='Expiry'
DUPE: 2003038164280_Node0_Node8_Zero, Node6 id 2003038164280_Node0_Node8_Zero was a dupe; retransmit: 0, pkt_enqueue_time=2009286253605.3298, pkt_dequeue_time=2009286253605.3298, forwarded_or_dropped=1, reason_for_drop='Expiry'
DUPE: 2003043624472_Node0_Node8_Zero, Node6 id 2003043624472_Node0_Node8_Zero was a dupe; retransmit: 0, pkt_enqueue_time=2009286253605.3298, pkt_dequeue_time=2009286253605.3298, forwarded_or_dropped=1, reason_for_drop='Expiry'
DUPE: 2003748584875_Node0_Node8_Zero, Node6 id 2003748584875_Node0_Node8_Zero was a dupe; retransmit: 0, pkt_enqueue_time=2009293736344.9663, pkt_dequeue_time=2009293736344.9663, forwarded_or_dropped=1, reason_for_drop='Expiry'
DUPE: 2003754044771_Node0_Node8_Zero, Node6 id 2003754044771_Node0_Node8_Zero was a dupe; retransmit: 0, pkt_enqueue_time=2009293736344.9663, pkt_dequeue_time=2009293736344.9663, forwarded_or_dropped=1, reason_for_drop='Expiry'
DUPE: 2003726726951_Node0_Node8_Zero, Node6 id 2003726726951_Node0_Node8_Zero was a dupe; retransmit: 0, pkt_enqueue_time=2009299798908.6028, pkt_dequeue_time=2009299798908.6028, forwarded_or_dropped=1, reason_for_drop='Expiry'
DUPE: 2003732196292_Node0_Node8_Zero, Node6 id 2003732196292_Node0_Node8_Zero was a dupe; retransmit: 0, pkt_enqueue_time=2009299798908.6028, pkt_dequeue_time=2009299798908.6028, forwarded_or_dropped=1, reason_for_drop='Expiry'
DUPE: 2003617416810_Node0_Node8_Zero, Node6 id 2003617416810_Node0_Node8_Zero was a dupe; retransmit: 0, pkt_enqueue_time=2009307364600.2393, pkt_dequeue_time=2009307364600.2393, forwarded_or_dropped=1, reason_for_drop='Expiry'
DUPE: 2003622880640_Node0_Node8_Zero, Node6 id 2003622880640_Node0_Node8_Zero was a dupe; retransmit: 0, pkt_enqueue_time=2009307364600.2393, pkt_dequeue_time=2009307364600.2393, forwarded_or_dropped=1, reason_for_drop='Expiry'
DUPE: 2003628347693_Node0_Node8_Zero, Node6 id 2003628347693_Node0_Node8_Zero was a dupe; retransmit: 0, pkt_enqueue_time=2009309801472.2393, pkt_dequeue_time=2009309801472.2393, forwarded_or_dropped=1, reason_for_drop='Expiry'
DUPE: 2003633813958_Node0_Node8_Zero, Node6 id 2003633813958_Node0_Node8_Zero was a dupe; retransmit: 0, pkt_enqueue_time=2009309801472.2393, pkt_dequeue_time=2009309801472.2393, forwarded_or_dropped=1, reason_for_drop='Expiry'
DUPE: 2004021779215_Node0_Node8_Zero, Node6 id 2004021779215_Node0_Node8_Zero was a dupe; retransmit: 0, pkt_enqueue_time=2009315924035.8757, pkt_dequeue_time=2009315924035.8757, forwarded_or_dropped=1, reason_for_drop='Expiry'
DUPE: 2003661131795_Node0_Node8_Zero, Node6 id 2003661131795_Node0_Node8_Zero was a dupe; retransmit: 0, pkt_enqueue_time=2009322027690.4211, pkt_dequeue_time=2009322027690.4211, forwarded_or_dropped=1, reason_for_drop='Expiry'
DUPE: 2003666600721_Node0_Node8_Zero, Node6 id 2003666600721_Node0_Node8_Zero was a dupe; retransmit: 0, pkt_enqueue_time=2009322027690.4211, pkt_dequeue_time=2009322027690.4211, forwarded_or_dropped=1, reason_for_drop='Expiry'
DUPE: 2005983545599_Node0_Node8_Zero, Node4 id 2005983545599_Node0_Node8_Zero was a dupe; retransmit: 0, pkt_enqueue_time=2009327098978.148, pkt_dequeue_time=2009327098978.148, forwarded_or_dropped=1, reason_for_drop='Expiry'
DUPE: 2005989014632_Node0_Node8_Zero, Node4 id 2005989014632_Node0_Node8_Zero was a dupe; retransmit: 0, pkt_enqueue_time=2009327098978.148, pkt_dequeue_time=2009327098978.148, forwarded_or_dropped=1, reason_for_drop='Expiry'
DUPE: 2006344214962_Node0_Node8_Zero, Node4 id 2006344214962_Node0_Node8_Zero was a dupe; retransmit: 0, pkt_enqueue_time=2009353625125.6943, pkt_dequeue_time=2009353625125.6943, forwarded_or_dropped=1, reason_for_drop='Expiry'
DUPE: 2006349681787_Node0_Node8_Zero, Node6 id 2006349681787_Node0_Node8_Zero was a dupe; retransmit: 0, pkt_enqueue_time=2009355599943.5125, pkt_dequeue_time=2009355599943.5125, forwarded_or_dropped=1, reason_for_drop='Expiry'
DUPE: 2006431647599_Node0_Node8_Zero, Node6 id 2006431647599_Node0_Node8_Zero was a dupe; retransmit: 0, pkt_enqueue_time=2009436381916.9692, pkt_dequeue_time=2009436381916.9692, forwarded_or_dropped=1, reason_for_drop='Expiry'
DUPE: 2006475372423_Node0_Node8_Zero, Node6 id 2006475372423_Node0_Node8_Zero was a dupe; retransmit: 0, pkt_enqueue_time=2009476045579.3352, pkt_dequeue_time=2009476045579.3352, forwarded_or_dropped=1, reason_for_drop='Expiry'
DUPE: 2006475372423_Node0_Node8_Zero, Node6 id 2006475372423_Node0_Node8_Zero was a dupe; retransmit: 0, pkt_enqueue_time=2009492411092.9714, pkt_dequeue_time=2009492411092.9714, forwarded_or_dropped=1, reason_for_drop='Expiry'
DUPE: 2006480840920_Node0_Node8_Zero, Node6 id 2006480840920_Node0_Node8_Zero was a dupe; retransmit: 0, pkt_enqueue_time=2009494337964.9714, pkt_dequeue_time=2009494337964.9714, forwarded_or_dropped=1, reason_for_drop='Expiry'
DUPE: 2006377004586_Node0_Node8_Zero, Node4 id 2006377004586_Node0_Node8_Zero was a dupe; retransmit: 0, pkt_enqueue_time=2009552550407.518, pkt_dequeue_time=2009552550407.518, forwarded_or_dropped=1, reason_for_drop='Expiry'
DUPE: 2006404333808_Node0_Node8_Zero, Node4 id 2006404333808_Node0_Node8_Zero was a dupe; retransmit: 0, pkt_enqueue_time=2009579843780.8818, pkt_dequeue_time=2009579843780.8818, forwarded_or_dropped=1, reason_for_drop='Expiry'
DUPE: 2006409798423_Node0_Node8_Zero, Node4 id 2006409798423_Node0_Node8_Zero was a dupe; retransmit: 0, pkt_enqueue_time=2009579843780.8818, pkt_dequeue_time=2009579843780.8818, forwarded_or_dropped=1, reason_for_drop='Expiry'
DUPE: 2006568258625_Node0_Node8_Zero, Node6 id 2006568258625_Node0_Node8_Zero was a dupe; retransmit: 0, pkt_enqueue_time=2009585044253.2454, pkt_dequeue_time=2009585044253.2454, forwarded_or_dropped=1, reason_for_drop='Expiry'
DUPE: 2006562794378_Node0_Node8_Zero, Node6 id 2006562794378_Node0_Node8_Zero was a dupe; retransmit: 0, pkt_enqueue_time=2009595448797.8816, pkt_dequeue_time=2009595448797.8816, forwarded_or_dropped=1, reason_for_drop='Expiry'
Node.py: (Node0)@2009600000000.0: Updated MCS from 0 to 1, hist=deque([0.0, 0.28378378378378377, 0.0273972602739726, 0.4246575342465753, 0.3150684931506849], maxlen=5), packets_serviced=23, packets_received=73
Called Update: UpdateRouteCalls = 0, force = False
Called Update: UpdateRouteCalls = 1, force = False
Node.py: (Node2)@2009600000000.0: Updated MCS from 1 to 0, hist=deque([3.3636363636363638, 0.4444444444444444, 0.1, 0.0, 1.6756756756756757], maxlen=5), packets_serviced=62, packets_received=37
Called Update: UpdateRouteCalls = 2, force = False
Called Update: UpdateRouteCalls = 3, force = False
Node.py: (Node4)@2009600000000.0: Updated MCS from 0 to 0, hist=deque([1.171875, 4.8, 27.0, 8.0, 0.5492957746478874], maxlen=5), packets_serviced=39, packets_received=71
Called Update: UpdateRouteCalls = 4, force = False
Called Update: UpdateRouteCalls = 5, force = False
Node.py: (Node6)@2009600000000.0: Updated MCS from 3 to 3, hist=deque([0.44761904761904764, 0.44339622641509435, 0.40869565217391307, 0.1834862385321101, 0.20588235294117646], maxlen=5), packets_serviced=14, packets_received=68
Called Update: UpdateRouteCalls = 6, force = False
Called Update: UpdateRouteCalls = 7, force = False
Called Update: UpdateRouteCalls = 8, force = False
Called Update: UpdateRouteCalls = 9, force = False
!! UPDATING !!
routeNo, updatedMCSIndex =  0 [1, 0, 0, 3]
DUPE: 2006601052815_Node0_Node8_Zero, Node6 id 2006601052815_Node0_Node8_Zero was a dupe; retransmit: 0, pkt_enqueue_time=2009619070446.2463, pkt_dequeue_time=2009619070446.2463, forwarded_or_dropped=1, reason_for_drop='Expiry'
DUPE: 2006644763080_Node0_Node8_Zero, Node6 id 2006644763080_Node0_Node8_Zero was a dupe; retransmit: 0, pkt_enqueue_time=2009650651619.0642, pkt_dequeue_time=2009650651619.0642, forwarded_or_dropped=1, reason_for_drop='Expiry'
DUPE: 2006650228587_Node0_Node8_Zero, Node6 id 2006650228587_Node0_Node8_Zero was a dupe; retransmit: 0, pkt_enqueue_time=2009654774273.6096, pkt_dequeue_time=2009654774273.6096, forwarded_or_dropped=1, reason_for_drop='Expiry'
DUPE: 2006661160114_Node0_Node8_Zero, Node6 id 2006661160114_Node0_Node8_Zero was a dupe; retransmit: 0, pkt_enqueue_time=2009664402534.0645, pkt_dequeue_time=2009664402534.0645, forwarded_or_dropped=1, reason_for_drop='Expiry'
DUPE: 2006672079580_Node0_Node8_Zero, Node4 id 2006672079580_Node0_Node8_Zero was a dupe; retransmit: 0, pkt_enqueue_time=2009685283364.2468, pkt_dequeue_time=2009685283364.2468, forwarded_or_dropped=1, reason_for_drop='Expiry'
DUPE: 2006693927562_Node0_Node8_Zero, Node6 id 2006693927562_Node0_Node8_Zero was a dupe; retransmit: 0, pkt_enqueue_time=2009694278187.4285, pkt_dequeue_time=2009694278187.4285, forwarded_or_dropped=1, reason_for_drop='Expiry'
DUPE: 2003846943198_Node0_Node8_Zero, Node6 id 2003846943198_Node0_Node8_Zero was a dupe; retransmit: 0, pkt_enqueue_time=2009701705434.9739, pkt_dequeue_time=2009701705434.9739, forwarded_or_dropped=1, reason_for_drop='Expiry'
DUPE: 2003852406495_Node0_Node8_Zero, Node6 id 2003852406495_Node0_Node8_Zero was a dupe; retransmit: 0, pkt_enqueue_time=2009701705434.9739, pkt_dequeue_time=2009701705434.9739, forwarded_or_dropped=1, reason_for_drop='Expiry'
DUPE: 2003070945799_Node0_Node8_Zero, Node6 id 2003070945799_Node0_Node8_Zero was a dupe; retransmit: 0, pkt_enqueue_time=2009712949251.338, pkt_dequeue_time=2009712949251.338, forwarded_or_dropped=1, reason_for_drop='Expiry'
DUPE: 2003076412624_Node0_Node8_Zero, Node6 id 2003076412624_Node0_Node8_Zero was a dupe; retransmit: 0, pkt_enqueue_time=2009712949251.338, pkt_dequeue_time=2009712949251.338, forwarded_or_dropped=1, reason_for_drop='Expiry'
DUPE: 2006721246169_Node0_Node8_Zero, Node6 id 2006721246169_Node0_Node8_Zero was a dupe; retransmit: 0, pkt_enqueue_time=2009723923672.7014, pkt_dequeue_time=2009723923672.7014, forwarded_or_dropped=1, reason_for_drop='Expiry'
DUPE: 2006726708243_Node0_Node8_Zero, Node4 id 2006726708243_Node0_Node8_Zero was a dupe; retransmit: 0, pkt_enqueue_time=2009731527825.156, pkt_dequeue_time=2009731527825.156, forwarded_or_dropped=1, reason_for_drop='Expiry'
DUPE: 2006759492823_Node0_Node8_Zero, Node4 id 2006759492823_Node0_Node8_Zero was a dupe; retransmit: 0, pkt_enqueue_time=2009761193969.8838, pkt_dequeue_time=2009761193969.8838, forwarded_or_dropped=1, reason_for_drop='Expiry'
DUPE: 2003508105455_Node0_Node8_Zero, Node6 id 2003508105455_Node0_Node8_Zero was a dupe; retransmit: 0, pkt_enqueue_time=2009770793088.2473, pkt_dequeue_time=2009770793088.2473, forwarded_or_dropped=1, reason_for_drop='Expiry'
DUPE: 2003513574649_Node0_Node8_Zero, Node6 id 2003513574649_Node0_Node8_Zero was a dupe; retransmit: 0, pkt_enqueue_time=2009770793088.2473, pkt_dequeue_time=2009770793088.2473, forwarded_or_dropped=1, reason_for_drop='Expiry'
DUPE: 2005885182382_Node0_Node8_Zero, Node6 id 2005885182382_Node0_Node8_Zero was a dupe; retransmit: 0, pkt_enqueue_time=2009792980209.3394, pkt_dequeue_time=2009792980209.3394, forwarded_or_dropped=1, reason_for_drop='Expiry'
DUPE: 2003715793926_Node0_Node8_Zero, Node6 id 2003715793926_Node0_Node8_Zero was a dupe; retransmit: 0, pkt_enqueue_time=2009804743395.8848, pkt_dequeue_time=2009804743395.8848, forwarded_or_dropped=1, reason_for_drop='Expiry'
DUPE: 2003721261807_Node0_Node8_Zero, Node6 id 2003721261807_Node0_Node8_Zero was a dupe; retransmit: 0, pkt_enqueue_time=2009804743395.8848, pkt_dequeue_time=2009804743395.8848, forwarded_or_dropped=1, reason_for_drop='Expiry'
DUPE: 2003529971841_Node0_Node8_Zero, Node6 id 2003529971841_Node0_Node8_Zero was a dupe; retransmit: 0, pkt_enqueue_time=2009855435396.4326, pkt_dequeue_time=2009855435396.4326, forwarded_or_dropped=1, reason_for_drop='Expiry'
DUPE: 2003535434682_Node0_Node8_Zero, Node6 id 2003535434682_Node0_Node8_Zero was a dupe; retransmit: 0, pkt_enqueue_time=2009855435396.4326, pkt_dequeue_time=2009855435396.4326, forwarded_or_dropped=1, reason_for_drop='Expiry'
DUPE: 2004016319394_Node0_Node8_Zero, Node6 id 2004016319394_Node0_Node8_Zero was a dupe; retransmit: 0, pkt_enqueue_time=2009865862598.0698, pkt_dequeue_time=2009865862598.0698, forwarded_or_dropped=1, reason_for_drop='Expiry'
DUPE: 2006879736145_Node0_Node8_Zero, Node4 id 2006879736145_Node0_Node8_Zero was a dupe; retransmit: 0, pkt_enqueue_time=2009882836977.889, pkt_dequeue_time=2009882836977.889, forwarded_or_dropped=1, reason_for_drop='Expiry'
DUPE: 2006879736145_Node0_Node8_Zero, Node6 id 2006879736145_Node0_Node8_Zero was a dupe; retransmit: 0, pkt_enqueue_time=2009886629068.4343, pkt_dequeue_time=2009886629068.4343, forwarded_or_dropped=1, reason_for_drop='Expiry'
DUPE: 2003978062997_Node0_Node8_Zero, Node6 id 2003978062997_Node0_Node8_Zero was a dupe; retransmit: 0, pkt_enqueue_time=2009927626329.434, pkt_dequeue_time=2009927626329.434, forwarded_or_dropped=1, reason_for_drop='Expiry'
DUPE: 2006972624944_Node0_Node8_Zero, Node6 id 2006972624944_Node0_Node8_Zero was a dupe; retransmit: 0, pkt_enqueue_time=2009976057334.1626, pkt_dequeue_time=2009976057334.1626, forwarded_or_dropped=1, reason_for_drop='Expiry'
DUPE: 2006978092628_Node0_Node8_Zero, Node4 id 2006978092628_Node0_Node8_Zero was a dupe; retransmit: 0, pkt_enqueue_time=2009980228424.708, pkt_dequeue_time=2009980228424.708, forwarded_or_dropped=1, reason_for_drop='Expiry'
main.py: Progress: 2010 / 2014
Node.py: (Node0)@2010000000000.0: Updated MCS from 1 to 2, hist=deque([0.28378378378378377, 0.0273972602739726, 0.4246575342465753, 0.3150684931506849, 0.684931506849315], maxlen=5), packets_serviced=50, packets_received=73
Called Update: UpdateRouteCalls = 0, force = False
Called Update: UpdateRouteCalls = 1, force = False
Node.py: (Node2)@2010000000000.0: Updated MCS from 0 to 0, hist=deque([0.4444444444444444, 0.1, 0.0, 1.6756756756756757, 0.9210526315789473], maxlen=5), packets_serviced=70, packets_received=76
Called Update: UpdateRouteCalls = 2, force = False
Called Update: UpdateRouteCalls = 3, force = False
Node.py: (Node4)@2010000000000.0: Updated MCS from 0 to 0, hist=deque([4.8, 27.0, 8.0, 0.5492957746478874, 0.5106382978723404], maxlen=5), packets_serviced=24, packets_received=47
Called Update: UpdateRouteCalls = 4, force = False
Called Update: UpdateRouteCalls = 5, force = False
Node.py: (Node6)@2010000000000.0: Updated MCS from 3 to 3, hist=deque([0.44339622641509435, 0.40869565217391307, 0.1834862385321101, 0.20588235294117646, 0.25], maxlen=5), packets_serviced=12, packets_received=48
Called Update: UpdateRouteCalls = 6, force = False
Called Update: UpdateRouteCalls = 7, force = False
Called Update: UpdateRouteCalls = 8, force = False
Called Update: UpdateRouteCalls = 9, force = False
!! UPDATING !!
routeNo, updatedMCSIndex =  0 [2, 0, 0, 3]
Called Update: UpdateRouteCalls = 0, force = True
!! UPDATING !!
routeNo, updatedMCSIndex =  0 [2, 0, 0, 3]

rf.py: Time: 2010 Route details: {0: {'Route': [0, 2, 4, 6, 8], 'MCS_Index': [2, 0, 0, 3], 'Priority': 1, 'ValidRoute': True, 'HQRoute': True, 'RouteNodeDensity': [1, 2, 2, 2, 1], 'InterferingLinks': 8, 'Target': (-1, -1)}}
node.py: Packet generation complete at node: Node0.
DUPE: 2006989023597_Node0_Node8_Zero, Node6 id 2006989023597_Node0_Node8_Zero was a dupe; retransmit: 0, pkt_enqueue_time=2010002662626.708, pkt_dequeue_time=2010002662626.708, forwarded_or_dropped=1, reason_for_drop='Expiry'
DUPE: 2007016346161_Node0_Node8_Zero, Node6 id 2007016346161_Node0_Node8_Zero was a dupe; retransmit: 0, pkt_enqueue_time=2010023983280.1628, pkt_dequeue_time=2010023983280.1628, forwarded_or_dropped=1, reason_for_drop='Expiry'
DUPE: 2007032744981_Node0_Node8_Zero, Node4 id 2007032744981_Node0_Node8_Zero was a dupe; retransmit: 0, pkt_enqueue_time=2010034240237.618, pkt_dequeue_time=2010034240237.618, forwarded_or_dropped=1, reason_for_drop='Expiry'
DUPE: 2003934373654_Node0_Node8_Zero, Node6 id 2003934373654_Node0_Node8_Zero was a dupe; retransmit: 0, pkt_enqueue_time=2010041738055.436, pkt_dequeue_time=2010041738055.436, forwarded_or_dropped=1, reason_for_drop='Expiry'
DUPE: 2003939835402_Node0_Node8_Zero, Node6 id 2003939835402_Node0_Node8_Zero was a dupe; retransmit: 0, pkt_enqueue_time=2010041738055.436, pkt_dequeue_time=2010041738055.436, forwarded_or_dropped=1, reason_for_drop='Expiry'
DUPE: 2007060066802_Node0_Node8_Zero, Node6 id 2007060066802_Node0_Node8_Zero was a dupe; retransmit: 0, pkt_enqueue_time=2010061818279.2544, pkt_dequeue_time=2010061818279.2544, forwarded_or_dropped=1, reason_for_drop='Expiry'
DUPE: 2007081931256_Node0_Node8_Zero, Node6 id 2007081931256_Node0_Node8_Zero was a dupe; retransmit: 0, pkt_enqueue_time=2010093406305.5276, pkt_dequeue_time=2010093406305.5276, forwarded_or_dropped=1, reason_for_drop='Expiry'
DUPE: 2007098328280_Node0_Node8_Zero, Node6 id 2007098328280_Node0_Node8_Zero was a dupe; retransmit: 0, pkt_enqueue_time=2010103814522.6184, pkt_dequeue_time=2010103814522.6184, forwarded_or_dropped=1, reason_for_drop='Expiry'
DUPE: 2007120191020_Node0_Node8_Zero, Node6 id 2007120191020_Node0_Node8_Zero was a dupe; retransmit: 0, pkt_enqueue_time=2010127689838.5273, pkt_dequeue_time=2010127689838.5273, forwarded_or_dropped=1, reason_for_drop='Expiry'
DUPE: 2007103797024_Node0_Node8_Zero, Node4 id 2007103797024_Node0_Node8_Zero was a dupe; retransmit: 0, pkt_enqueue_time=2010131482516.0728, pkt_dequeue_time=2010131482516.0728, forwarded_or_dropped=1, reason_for_drop='Expiry'
DUPE: 2007131125047_Node0_Node8_Zero, Node6 id 2007131125047_Node0_Node8_Zero was a dupe; retransmit: 0, pkt_enqueue_time=2010139353514.9817, pkt_dequeue_time=2010139353514.9817, forwarded_or_dropped=1, reason_for_drop='Expiry'
DUPE: 2007076469305_Node0_Node8_Zero, Node4 id 2007076469305_Node0_Node8_Zero was a dupe; retransmit: 0, pkt_enqueue_time=2010187991084.5278, pkt_dequeue_time=2010187991084.5278, forwarded_or_dropped=1, reason_for_drop='Expiry'
DUPE: 2007087400472_Node0_Node8_Zero, Node4 id 2007087400472_Node0_Node8_Zero was a dupe; retransmit: 0, pkt_enqueue_time=2010195199923.6187, pkt_dequeue_time=2010195199923.6187, forwarded_or_dropped=1, reason_for_drop='Expiry'
DUPE: 2007131125047_Node0_Node8_Zero, Node4 id 2007131125047_Node0_Node8_Zero was a dupe; retransmit: 0, pkt_enqueue_time=2010197639578.164, pkt_dequeue_time=2010197639578.164, forwarded_or_dropped=1, reason_for_drop='Expiry'
DUPE: 2007180309965_Node0_Node8_Zero, Node6 id 2007180309965_Node0_Node8_Zero was a dupe; retransmit: 0, pkt_enqueue_time=2010202509395.9822, pkt_dequeue_time=2010202509395.9822, forwarded_or_dropped=1, reason_for_drop='Expiry'
DUPE: 2007191242795_Node0_Node8_Zero, Node6 id 2007191242795_Node0_Node8_Zero was a dupe; retransmit: 0, pkt_enqueue_time=2010204706050.5276, pkt_dequeue_time=2010204706050.5276, forwarded_or_dropped=1, reason_for_drop='Expiry'
DUPE: 2007185776872_Node0_Node8_Zero, Node6 id 2007185776872_Node0_Node8_Zero was a dupe; retransmit: 0, pkt_enqueue_time=2010207325705.073, pkt_dequeue_time=2010207325705.073, forwarded_or_dropped=1, reason_for_drop='Expiry'
DUPE: 2007224019306_Node0_Node8_Zero, Node4 id 2007224019306_Node0_Node8_Zero was a dupe; retransmit: 0, pkt_enqueue_time=2010226560732.7097, pkt_dequeue_time=2010226560732.7097, forwarded_or_dropped=1, reason_for_drop='Expiry'
DUPE: 2007224019306_Node0_Node8_Zero, Node6 id 2007224019306_Node0_Node8_Zero was a dupe; retransmit: 0, pkt_enqueue_time=2010236463168.7095, pkt_dequeue_time=2010236463168.7095, forwarded_or_dropped=1, reason_for_drop='Expiry'
DUPE: 2007256796577_Node0_Node8_Zero, Node6 id 2007256796577_Node0_Node8_Zero was a dupe; retransmit: 0, pkt_enqueue_time=2010262124854.9824, pkt_dequeue_time=2010262124854.9824, forwarded_or_dropped=1, reason_for_drop='Expiry'
DUPE: 2007267727668_Node0_Node8_Zero, Node6 id 2007267727668_Node0_Node8_Zero was a dupe; retransmit: 0, pkt_enqueue_time=2010268572164.0732, pkt_dequeue_time=2010268572164.0732, forwarded_or_dropped=1, reason_for_drop='Expiry'
DUPE: 2007251335728_Node0_Node8_Zero, Node4 id 2007251335728_Node0_Node8_Zero was a dupe; retransmit: 0, pkt_enqueue_time=2010275706194.2551, pkt_dequeue_time=2010275706194.2551, forwarded_or_dropped=1, reason_for_drop='Expiry'
DUPE: 2007267727668_Node0_Node8_Zero, Node6 id 2007267727668_Node0_Node8_Zero was a dupe; retransmit: 0, pkt_enqueue_time=2010278805012.0732, pkt_dequeue_time=2010278805012.0732, forwarded_or_dropped=1, reason_for_drop='Expiry'
DUPE: 2007289592092_Node0_Node8_Zero, Node6 id 2007289592092_Node0_Node8_Zero was a dupe; retransmit: 0, pkt_enqueue_time=2010297224531.3462, pkt_dequeue_time=2010297224531.3462, forwarded_or_dropped=1, reason_for_drop='Expiry'
DUPE: 2007185776872_Node0_Node8_Zero, Node4 id 2007185776872_Node0_Node8_Zero was a dupe; retransmit: 0, pkt_enqueue_time=2010301371500.0735, pkt_dequeue_time=2010301371500.0735, forwarded_or_dropped=1, reason_for_drop='Expiry'
DUPE: 2007152980707_Node0_Node8_Zero, Node6 id 2007152980707_Node0_Node8_Zero was a dupe; retransmit: 0, pkt_enqueue_time=2010307349317.8916, pkt_dequeue_time=2010307349317.8916, forwarded_or_dropped=1, reason_for_drop='Expiry'
DUPE: 2006601052815_Node0_Node8_Zero, Node4 id 2006601052815_Node0_Node8_Zero was a dupe; retransmit: 0, pkt_enqueue_time=2010310818809.1643, pkt_dequeue_time=2010310818809.1643, forwarded_or_dropped=1, reason_for_drop='Expiry'
DUPE: 2006606518428_Node0_Node8_Zero, Node4 id 2006606518428_Node0_Node8_Zero was a dupe; retransmit: 0, pkt_enqueue_time=2010310818809.1643, pkt_dequeue_time=2010310818809.1643, forwarded_or_dropped=1, reason_for_drop='Expiry'
DUPE: 2006617439174_Node0_Node8_Zero, Node4 id 2006617439174_Node0_Node8_Zero was a dupe; retransmit: 0, pkt_enqueue_time=2010320841027.3462, pkt_dequeue_time=2010320841027.3462, forwarded_or_dropped=1, reason_for_drop='Expiry'
DUPE: 2004032705540_Node0_Node8_Zero, Node6 id 2004032705540_Node0_Node8_Zero was a dupe; retransmit: 0, pkt_enqueue_time=2010335943499.7097, pkt_dequeue_time=2010335943499.7097, forwarded_or_dropped=1, reason_for_drop='Expiry'
DUPE: 2003994459549_Node0_Node8_Zero, Node6 id 2003994459549_Node0_Node8_Zero was a dupe; retransmit: 0, pkt_enqueue_time=2010353463638.1643, pkt_dequeue_time=2010353463638.1643, forwarded_or_dropped=1, reason_for_drop='Expiry'
DUPE: 2007289592092_Node0_Node8_Zero, Node4 id 2007289592092_Node0_Node8_Zero was a dupe; retransmit: 0, pkt_enqueue_time=2010355755004.528, pkt_dequeue_time=2010355755004.528, forwarded_or_dropped=1, reason_for_drop='Expiry'
DUPE: 2007382505432_Node0_Node8_Zero, Node4 id 2007382505432_Node0_Node8_Zero was a dupe; retransmit: 0, pkt_enqueue_time=2010385243988.2554, pkt_dequeue_time=2010385243988.2554, forwarded_or_dropped=1, reason_for_drop='Expiry'
DUPE: 2007393434627_Node0_Node8_Zero, Node6 id 2007393434627_Node0_Node8_Zero was a dupe; retransmit: 0, pkt_enqueue_time=2010396134846.7097, pkt_dequeue_time=2010396134846.7097, forwarded_or_dropped=1, reason_for_drop='Expiry'
Node.py: (Node0)@2010400000000.0: Updated MCS from 2 to 2, hist=deque([0.0273972602739726, 0.4246575342465753, 0.3150684931506849, 0.684931506849315, 2.0], maxlen=5), packets_serviced=2, packets_received=1
Called Update: UpdateRouteCalls = 0, force = False
Called Update: UpdateRouteCalls = 1, force = False
Node.py: (Node2)@2010400000000.0: Updated MCS from 0 to 0, hist=deque([0.1, 0.0, 1.6756756756756757, 0.9210526315789473, 10.0], maxlen=5), packets_serviced=70, packets_received=7
Called Update: UpdateRouteCalls = 2, force = False
Called Update: UpdateRouteCalls = 3, force = False
Node.py: (Node4)@2010400000000.0: Updated MCS from 0 to 0, hist=deque([27.0, 8.0, 0.5492957746478874, 0.5106382978723404, 0.49230769230769234], maxlen=5), packets_serviced=32, packets_received=65
Called Update: UpdateRouteCalls = 4, force = False
Called Update: UpdateRouteCalls = 5, force = False
Node.py: (Node6)@2010400000000.0: Updated MCS from 3 to 3, hist=deque([0.40869565217391307, 0.1834862385321101, 0.20588235294117646, 0.25, 0.25757575757575757], maxlen=5), packets_serviced=17, packets_received=66
Called Update: UpdateRouteCalls = 6, force = False
Called Update: UpdateRouteCalls = 7, force = False
Called Update: UpdateRouteCalls = 8, force = False
Called Update: UpdateRouteCalls = 9, force = False
!! UPDATING !!
routeNo, updatedMCSIndex =  0 [2, 0, 0, 3]
DUPE: 2007404364120_Node0_Node8_Zero, Node4 id 2007404364120_Node0_Node8_Zero was a dupe; retransmit: 0, pkt_enqueue_time=2010411931752.8916, pkt_dequeue_time=2010411931752.8916, forwarded_or_dropped=1, reason_for_drop='Expiry'
DUPE: 2007415287180_Node0_Node8_Zero, Node6 id 2007415287180_Node0_Node8_Zero was a dupe; retransmit: 0, pkt_enqueue_time=2010424744278.346, pkt_dequeue_time=2010424744278.346, forwarded_or_dropped=1, reason_for_drop='Expiry'
DUPE: 2007437141634_Node0_Node8_Zero, Node6 id 2007437141634_Node0_Node8_Zero was a dupe; retransmit: 0, pkt_enqueue_time=2010442098957.5278, pkt_dequeue_time=2010442098957.5278, forwarded_or_dropped=1, reason_for_drop='Expiry'
DUPE: 2007448070336_Node0_Node8_Zero, Node6 id 2007448070336_Node0_Node8_Zero was a dupe; retransmit: 0, pkt_enqueue_time=2010449231641.346, pkt_dequeue_time=2010449231641.346, forwarded_or_dropped=1, reason_for_drop='Expiry'
DUPE: 2007458993337_Node0_Node8_Zero, Node6 id 2007458993337_Node0_Node8_Zero was a dupe; retransmit: 0, pkt_enqueue_time=2010459357590.6187, pkt_dequeue_time=2010459357590.6187, forwarded_or_dropped=1, reason_for_drop='Expiry'
DUPE: 2007458993337_Node0_Node8_Zero, Node6 id 2007458993337_Node0_Node8_Zero was a dupe; retransmit: 0, pkt_enqueue_time=2010471270393.255, pkt_dequeue_time=2010471270393.255, forwarded_or_dropped=1, reason_for_drop='Expiry'
DUPE: 2007469930644_Node0_Node8_Zero, Node6 id 2007469930644_Node0_Node8_Zero was a dupe; retransmit: 0, pkt_enqueue_time=2010475449702.3457, pkt_dequeue_time=2010475449702.3457, forwarded_or_dropped=1, reason_for_drop='Expiry'
DUPE: 2007409825934_Node0_Node8_Zero, Node4 id 2007409825934_Node0_Node8_Zero was a dupe; retransmit: 0, pkt_enqueue_time=2010478055608.6187, pkt_dequeue_time=2010478055608.6187, forwarded_or_dropped=1, reason_for_drop='Expiry'
DUPE: 2007415287180_Node0_Node8_Zero, Node4 id 2007415287180_Node0_Node8_Zero was a dupe; retransmit: 0, pkt_enqueue_time=2010480762480.6187, pkt_dequeue_time=2010480762480.6187, forwarded_or_dropped=1, reason_for_drop='Expiry'
DUPE: 2007458993337_Node0_Node8_Zero, Node4 id 2007458993337_Node0_Node8_Zero was a dupe; retransmit: 0, pkt_enqueue_time=2010484949135.164, pkt_dequeue_time=2010484949135.164, forwarded_or_dropped=1, reason_for_drop='Expiry'
DUPE: 2007497254403_Node0_Node8_Zero, Node4 id 2007497254403_Node0_Node8_Zero was a dupe; retransmit: 0, pkt_enqueue_time=2010499117700.5276, pkt_dequeue_time=2010499117700.5276, forwarded_or_dropped=1, reason_for_drop='Expiry'
DUPE: 2007508192375_Node0_Node8_Zero, Node6 id 2007508192375_Node0_Node8_Zero was a dupe; retransmit: 0, pkt_enqueue_time=2010510001562.9822, pkt_dequeue_time=2010510001562.9822, forwarded_or_dropped=1, reason_for_drop='Expiry'
DUPE: 2007530062731_Node0_Node8_Zero, Node4 id 2007530062731_Node0_Node8_Zero was a dupe; retransmit: 0, pkt_enqueue_time=2010547000269.3457, pkt_dequeue_time=2010547000269.3457, forwarded_or_dropped=1, reason_for_drop='Expiry'
DUPE: 2007573791890_Node0_Node8_Zero, Node6 id 2007573791890_Node0_Node8_Zero was a dupe; retransmit: 0, pkt_enqueue_time=2010578014227.1643, pkt_dequeue_time=2010578014227.1643, forwarded_or_dropped=1, reason_for_drop='Expiry'
DUPE: 2007590183308_Node0_Node8_Zero, Node6 id 2007590183308_Node0_Node8_Zero was a dupe; retransmit: 0, pkt_enqueue_time=2010594373055.4368, pkt_dequeue_time=2010594373055.4368, forwarded_or_dropped=1, reason_for_drop='Expiry'
DUPE: 2007612032138_Node0_Node8_Zero, Node6 id 2007612032138_Node0_Node8_Zero was a dupe; retransmit: 0, pkt_enqueue_time=2010619405138.8018, pkt_dequeue_time=2010619405138.8018, forwarded_or_dropped=1, reason_for_drop='Expiry'
DUPE: 2007633891646_Node0_Node8_Zero, Node4 id 2007633891646_Node0_Node8_Zero was a dupe; retransmit: 0, pkt_enqueue_time=2010640345027.4382, pkt_dequeue_time=2010640345027.4382, forwarded_or_dropped=1, reason_for_drop='Expiry'
DUPE: 2007644828215_Node0_Node8_Zero, Node6 id 2007644828215_Node0_Node8_Zero was a dupe; retransmit: 0, pkt_enqueue_time=2010650501589.2563, pkt_dequeue_time=2010650501589.2563, forwarded_or_dropped=1, reason_for_drop='Expiry'
DUPE: 2007650288345_Node0_Node8_Zero, Node6 id 2007650288345_Node0_Node8_Zero was a dupe; retransmit: 0, pkt_enqueue_time=2010652928461.2563, pkt_dequeue_time=2010652928461.2563, forwarded_or_dropped=1, reason_for_drop='Expiry'
DUPE: 2007683083876_Node0_Node8_Zero, Node4 id 2007683083876_Node0_Node8_Zero was a dupe; retransmit: 0, pkt_enqueue_time=2010687975111.2566, pkt_dequeue_time=2010687975111.2566, forwarded_or_dropped=1, reason_for_drop='Expiry'
DUPE: 2007672149183_Node0_Node8_Zero, Node6 id 2007672149183_Node0_Node8_Zero was a dupe; retransmit: 0, pkt_enqueue_time=2010696947183.62, pkt_dequeue_time=2010696947183.62, forwarded_or_dropped=1, reason_for_drop='Expiry'
DUPE: 2007688550056_Node0_Node8_Zero, Node6 id 2007688550056_Node0_Node8_Zero was a dupe; retransmit: 0, pkt_enqueue_time=2010717259327.3472, pkt_dequeue_time=2010717259327.3472, forwarded_or_dropped=1, reason_for_drop='Expiry'
DUPE: 2007715880043_Node0_Node8_Zero, Node6 id 2007715880043_Node0_Node8_Zero was a dupe; retransmit: 0, pkt_enqueue_time=2010720191014.8926, pkt_dequeue_time=2010720191014.8926, forwarded_or_dropped=1, reason_for_drop='Expiry'
DUPE: 2007704945196_Node0_Node8_Zero, Node6 id 2007704945196_Node0_Node8_Zero was a dupe; retransmit: 0, pkt_enqueue_time=2010722370669.438, pkt_dequeue_time=2010722370669.438, forwarded_or_dropped=1, reason_for_drop='Expiry'
DUPE: 2007732270805_Node0_Node8_Zero, Node6 id 2007732270805_Node0_Node8_Zero was a dupe; retransmit: 0, pkt_enqueue_time=2010733527183.44, pkt_dequeue_time=2010733527183.44, forwarded_or_dropped=1, reason_for_drop='Expiry'
DUPE: 2007737739294_Node0_Node8_Zero, Node6 id 2007737739294_Node0_Node8_Zero was a dupe; retransmit: 0, pkt_enqueue_time=2010738408534.258, pkt_dequeue_time=2010738408534.258, forwarded_or_dropped=1, reason_for_drop='Expiry'
DUPE: 2007737739294_Node0_Node8_Zero, Node6 id 2007737739294_Node0_Node8_Zero was a dupe; retransmit: 0, pkt_enqueue_time=2010740615406.258, pkt_dequeue_time=2010740615406.258, forwarded_or_dropped=1, reason_for_drop='Expiry'
DUPE: 2007699479394_Node0_Node8_Zero, Node4 id 2007699479394_Node0_Node8_Zero was a dupe; retransmit: 0, pkt_enqueue_time=2010756773524.6216, pkt_dequeue_time=2010756773524.6216, forwarded_or_dropped=1, reason_for_drop='Expiry'
DUPE: 2003879730791_Node0_Node8_Zero, Node6 id 2003879730791_Node0_Node8_Zero was a dupe; retransmit: 0, pkt_enqueue_time=2010772295563.985, pkt_dequeue_time=2010772295563.985, forwarded_or_dropped=1, reason_for_drop='Expiry'
DUPE: 2003885195592_Node0_Node8_Zero, Node6 id 2003885195592_Node0_Node8_Zero was a dupe; retransmit: 0, pkt_enqueue_time=2010772295563.985, pkt_dequeue_time=2010772295563.985, forwarded_or_dropped=1, reason_for_drop='Expiry'
DUPE: 2003606479492_Node0_Node8_Zero, Node6 id 2003606479492_Node0_Node8_Zero was a dupe; retransmit: 0, pkt_enqueue_time=2010782811622.6216, pkt_dequeue_time=2010782811622.6216, forwarded_or_dropped=1, reason_for_drop='Expiry'
DUPE: 2003611948415_Node0_Node8_Zero, Node6 id 2003611948415_Node0_Node8_Zero was a dupe; retransmit: 0, pkt_enqueue_time=2010782811622.6216, pkt_dequeue_time=2010782811622.6216, forwarded_or_dropped=1, reason_for_drop='Expiry'
DUPE: 2006928906871_Node0_Node8_Zero, Node4 id 2006928906871_Node0_Node8_Zero was a dupe; retransmit: 0, pkt_enqueue_time=2010784905058.6216, pkt_dequeue_time=2010784905058.6216, forwarded_or_dropped=1, reason_for_drop='Expiry'
DUPE: 2004010854684_Node0_Node8_Zero, Node6 id 2004010854684_Node0_Node8_Zero was a dupe; retransmit: 0, pkt_enqueue_time=2010795776783.4397, pkt_dequeue_time=2010795776783.4397, forwarded_or_dropped=1, reason_for_drop='Expiry'
DUPE: 2004081903194_Node0_Node8_Zero, Node6 id 2004081903194_Node0_Node8_Zero was a dupe; retransmit: 0, pkt_enqueue_time=2010797923655.4397, pkt_dequeue_time=2010797923655.4397, forwarded_or_dropped=1, reason_for_drop='Expiry'
Called Update: UpdateRouteCalls = 0, force = False
Called Update: UpdateRouteCalls = 1, force = False
Node.py: (Node2)@2010800000000.0: Updated MCS from 0 to 0, hist=deque([0.0, 1.6756756756756757, 0.9210526315789473, 10.0, 3.2666666666666666], maxlen=5), packets_serviced=49, packets_received=15
Called Update: UpdateRouteCalls = 2, force = False
Called Update: UpdateRouteCalls = 3, force = False
Node.py: (Node4)@2010800000000.0: Updated MCS from 0 to 0, hist=deque([8.0, 0.5492957746478874, 0.5106382978723404, 0.49230769230769234, 0.5862068965517241], maxlen=5), packets_serviced=34, packets_received=58
Called Update: UpdateRouteCalls = 4, force = False
Called Update: UpdateRouteCalls = 5, force = False
Node.py: (Node6)@2010800000000.0: Updated MCS from 3 to 3, hist=deque([0.1834862385321101, 0.20588235294117646, 0.25, 0.25757575757575757, 0.2972972972972973], maxlen=5), packets_serviced=22, packets_received=74
Called Update: UpdateRouteCalls = 6, force = False
Called Update: UpdateRouteCalls = 7, force = False
Called Update: UpdateRouteCalls = 8, force = False
Called Update: UpdateRouteCalls = 9, force = False
!! UPDATING !!
routeNo, updatedMCSIndex =  0 [2, 0, 0, 3]
DUPE: 2004163872449_Node0_Node8_Zero, Node6 id 2004163872449_Node0_Node8_Zero was a dupe; retransmit: 0, pkt_enqueue_time=2010813426151.8035, pkt_dequeue_time=2010813426151.8035, forwarded_or_dropped=1, reason_for_drop='Expiry'
DUPE: 2004005390105_Node0_Node8_Zero, Node6 id 2004005390105_Node0_Node8_Zero was a dupe; retransmit: 0, pkt_enqueue_time=2010823084806.3489, pkt_dequeue_time=2010823084806.3489, forwarded_or_dropped=1, reason_for_drop='Expiry'
DUPE: 2003956216663_Node0_Node8_Zero, Node6 id 2003956216663_Node0_Node8_Zero was a dupe; retransmit: 0, pkt_enqueue_time=2010833657316.8943, pkt_dequeue_time=2010833657316.8943, forwarded_or_dropped=1, reason_for_drop='Expiry'
DUPE: 2007448070336_Node0_Node8_Zero, Node4 id 2007448070336_Node0_Node8_Zero was a dupe; retransmit: 0, pkt_enqueue_time=2010837676413.9854, pkt_dequeue_time=2010837676413.9854, forwarded_or_dropped=1, reason_for_drop='Expiry'
DUPE: 2004043642853_Node0_Node8_Zero, Node6 id 2004043642853_Node0_Node8_Zero was a dupe; retransmit: 0, pkt_enqueue_time=2010848306876.8035, pkt_dequeue_time=2010848306876.8035, forwarded_or_dropped=1, reason_for_drop='Expiry'
DUPE: 2007672149183_Node0_Node8_Zero, Node4 id 2007672149183_Node0_Node8_Zero was a dupe; retransmit: 0, pkt_enqueue_time=2010851576553.8035, pkt_dequeue_time=2010851576553.8035, forwarded_or_dropped=1, reason_for_drop='Expiry'
DUPE: 2003945295740_Node0_Node8_Zero, Node6 id 2003945295740_Node0_Node8_Zero was a dupe; retransmit: 0, pkt_enqueue_time=2010862627016.6216, pkt_dequeue_time=2010862627016.6216, forwarded_or_dropped=1, reason_for_drop='Expiry'
DUPE: 2003950756570_Node0_Node8_Zero, Node6 id 2003950756570_Node0_Node8_Zero was a dupe; retransmit: 0, pkt_enqueue_time=2010867433888.6216, pkt_dequeue_time=2010867433888.6216, forwarded_or_dropped=1, reason_for_drop='Expiry'
DUPE: 2003683005291_Node0_Node8_Zero, Node6 id 2003683005291_Node0_Node8_Zero was a dupe; retransmit: 0, pkt_enqueue_time=2010878294543.167, pkt_dequeue_time=2010878294543.167, forwarded_or_dropped=1, reason_for_drop='Expiry'
DUPE: 2006579186142_Node0_Node8_Zero, Node4 id 2006579186142_Node0_Node8_Zero was a dupe; retransmit: 0, pkt_enqueue_time=2010882207979.167, pkt_dequeue_time=2010882207979.167, forwarded_or_dropped=1, reason_for_drop='Expiry'
DUPE: 2006584652013_Node0_Node8_Zero, Node4 id 2006584652013_Node0_Node8_Zero was a dupe; retransmit: 0, pkt_enqueue_time=2010882207979.167, pkt_dequeue_time=2010882207979.167, forwarded_or_dropped=1, reason_for_drop='Expiry'
DUPE: 2007683083876_Node0_Node8_Zero, Node2 id 2007683083876_Node0_Node8_Zero was a dupe; retransmit: 0, pkt_enqueue_time=2010888638138.9854, pkt_dequeue_time=2010888638138.9854, forwarded_or_dropped=1, reason_for_drop='Expiry'
DUPE: 2003573696499_Node0_Node8_Zero, Node6 id 2003573696499_Node0_Node8_Zero was a dupe; retransmit: 0, pkt_enqueue_time=2010895061165.985, pkt_dequeue_time=2010895061165.985, forwarded_or_dropped=1, reason_for_drop='Expiry'
DUPE: 2003579159070_Node0_Node8_Zero, Node6 id 2003579159070_Node0_Node8_Zero was a dupe; retransmit: 0, pkt_enqueue_time=2010895061165.985, pkt_dequeue_time=2010895061165.985, forwarded_or_dropped=1, reason_for_drop='Expiry'
DUPE: 2007590183308_Node0_Node8_Zero, Node4 id 2007590183308_Node0_Node8_Zero was a dupe; retransmit: 0, pkt_enqueue_time=2010900072453.8035, pkt_dequeue_time=2010900072453.8035, forwarded_or_dropped=1, reason_for_drop='Expiry'
DUPE: 2007885274860_Node0_Node8_Zero, Node2 id 2007885274860_Node0_Node8_Zero was a dupe; retransmit: 0, pkt_enqueue_time=2010904493550.5308, pkt_dequeue_time=2010904493550.5308, forwarded_or_dropped=1, reason_for_drop='Expiry'
DUPE: 2007890742892_Node0_Node8_Zero, Node2 id 2007890742892_Node0_Node8_Zero was a dupe; retransmit: 0, pkt_enqueue_time=2010909840422.5308, pkt_dequeue_time=2010909840422.5308, forwarded_or_dropped=1, reason_for_drop='Expiry'
DUPE: 2002715759344_Node0_Node8_Zero, Node6 id 2002715759344_Node0_Node8_Zero was a dupe; retransmit: 0, pkt_enqueue_time=2010913079449.6216, pkt_dequeue_time=2010913079449.6216, forwarded_or_dropped=1, reason_for_drop='Expiry'
DUPE: 2002677516457_Node0_Node8_Zero, Node6 id 2002677516457_Node0_Node8_Zero was a dupe; retransmit: 0, pkt_enqueue_time=2010913079449.6216, pkt_dequeue_time=2010913079449.6216, forwarded_or_dropped=1, reason_for_drop='Expiry'
DUPE: 2007267727668_Node0_Node8_Zero, Node4 id 2007267727668_Node0_Node8_Zero was a dupe; retransmit: 0, pkt_enqueue_time=2010921611738.3489, pkt_dequeue_time=2010921611738.3489, forwarded_or_dropped=1, reason_for_drop='Expiry'
DUPE: 2007841568394_Node0_Node8_Zero, Node2 id 2007841568394_Node0_Node8_Zero was a dupe; retransmit: 0, pkt_enqueue_time=2010926525707.0762, pkt_dequeue_time=2010926525707.0762, forwarded_or_dropped=1, reason_for_drop='Expiry'
DUPE: 2003759508851_Node0_Node8_Zero, Node6 id 2003759508851_Node0_Node8_Zero was a dupe; retransmit: 0, pkt_enqueue_time=2010935886804.167, pkt_dequeue_time=2010935886804.167, forwarded_or_dropped=1, reason_for_drop='Expiry'
DUPE: 2003764970011_Node0_Node8_Zero, Node6 id 2003764970011_Node0_Node8_Zero was a dupe; retransmit: 0, pkt_enqueue_time=2010935886804.167, pkt_dequeue_time=2010935886804.167, forwarded_or_dropped=1, reason_for_drop='Expiry'
DUPE: 2007732270805_Node0_Node8_Zero, Node4 id 2007732270805_Node0_Node8_Zero was a dupe; retransmit: 0, pkt_enqueue_time=2010939097091.8943, pkt_dequeue_time=2010939097091.8943, forwarded_or_dropped=1, reason_for_drop='Expiry'
main.py: Progress: 2011 / 2014
Called Update: UpdateRouteCalls = 0, force = True
!! UPDATING !!
routeNo, updatedMCSIndex =  0 [2, 0, 0, 3]

rf.py: Time: 2011 Route details: {0: {'Route': [0, 2, 4, 6, 8], 'MCS_Index': [2, 0, 0, 3], 'Priority': 1, 'ValidRoute': True, 'HQRoute': True, 'RouteNodeDensity': [1, 2, 2, 2, 1], 'InterferingLinks': 8, 'Target': (-1, -1)}}
DUPE: 2007989115095_Node0_Node8_Zero, Node6 id 2007989115095_Node0_Node8_Zero was a dupe; retransmit: 0, pkt_enqueue_time=2011006010496.6213, pkt_dequeue_time=2011006010496.6213, forwarded_or_dropped=1, reason_for_drop='Expiry'
DUPE: 2008016440180_Node0_Node8_Zero, Node6 id 2008016440180_Node0_Node8_Zero was a dupe; retransmit: 0, pkt_enqueue_time=2011017688205.5303, pkt_dequeue_time=2011017688205.5303, forwarded_or_dropped=1, reason_for_drop='Expiry'
DUPE: 2008032835800_Node0_Node8_Zero, Node6 id 2008032835800_Node0_Node8_Zero was a dupe; retransmit: 0, pkt_enqueue_time=2011034482652.8027, pkt_dequeue_time=2011034482652.8027, forwarded_or_dropped=1, reason_for_drop='Expiry'
DUPE: 2008043767015_Node0_Node8_Zero, Node6 id 2008043767015_Node0_Node8_Zero was a dupe; retransmit: 0, pkt_enqueue_time=2011048228028.0757, pkt_dequeue_time=2011048228028.0757, forwarded_or_dropped=1, reason_for_drop='Expiry'
DUPE: 2008049231735_Node0_Node8_Zero, Node6 id 2008049231735_Node0_Node8_Zero was a dupe; retransmit: 0, pkt_enqueue_time=2011050225682.621, pkt_dequeue_time=2011050225682.621, forwarded_or_dropped=1, reason_for_drop='Expiry'
DUPE: 2008038300124_Node0_Node8_Zero, Node6 id 2008038300124_Node0_Node8_Zero was a dupe; retransmit: 0, pkt_enqueue_time=2011053344628.0757, pkt_dequeue_time=2011053344628.0757, forwarded_or_dropped=1, reason_for_drop='Expiry'
DUPE: 2008049231735_Node0_Node8_Zero, Node6 id 2008049231735_Node0_Node8_Zero was a dupe; retransmit: 0, pkt_enqueue_time=2011055985282.621, pkt_dequeue_time=2011055985282.621, forwarded_or_dropped=1, reason_for_drop='Expiry'
DUPE: 2008054700836_Node0_Node8_Zero, Node6 id 2008054700836_Node0_Node8_Zero was a dupe; retransmit: 0, pkt_enqueue_time=2011059985228.0757, pkt_dequeue_time=2011059985228.0757, forwarded_or_dropped=1, reason_for_drop='Expiry'
DUPE: 2008098423096_Node0_Node8_Zero, Node6 id 2008098423096_Node0_Node8_Zero was a dupe; retransmit: 0, pkt_enqueue_time=2011144834341.6199, pkt_dequeue_time=2011144834341.6199, forwarded_or_dropped=1, reason_for_drop='Expiry'
Called Update: UpdateRouteCalls = 0, force = False
Called Update: UpdateRouteCalls = 1, force = False
Node.py: (Node2)@2011200000000.0: Updated MCS from 0 to 0, hist=deque([1.6756756756756757, 0.9210526315789473, 10.0, 3.2666666666666666, 5.555555555555555], maxlen=5), packets_serviced=50, packets_received=9
Called Update: UpdateRouteCalls = 2, force = False
Called Update: UpdateRouteCalls = 3, force = False
Node.py: (Node4)@2011200000000.0: Updated MCS from 0 to 0, hist=deque([0.5492957746478874, 0.5106382978723404, 0.49230769230769234, 0.5862068965517241, 0.4626865671641791], maxlen=5), packets_serviced=31, packets_received=67
Called Update: UpdateRouteCalls = 4, force = False
Called Update: UpdateRouteCalls = 5, force = False
Node.py: (Node6)@2011200000000.0: Updated MCS from 3 to 3, hist=deque([0.20588235294117646, 0.25, 0.25757575757575757, 0.2972972972972973, 0.3384615384615385], maxlen=5), packets_serviced=22, packets_received=65
Called Update: UpdateRouteCalls = 6, force = False
Called Update: UpdateRouteCalls = 7, force = False
Called Update: UpdateRouteCalls = 8, force = False
Called Update: UpdateRouteCalls = 9, force = False
!! UPDATING !!
routeNo, updatedMCSIndex =  0 [2, 0, 0, 3]
DUPE: 2008196781798_Node0_Node8_Zero, Node6 id 2008196781798_Node0_Node8_Zero was a dupe; retransmit: 0, pkt_enqueue_time=2011208731092.7114, pkt_dequeue_time=2011208731092.7114, forwarded_or_dropped=1, reason_for_drop='Expiry'
DUPE: 2008174925694_Node0_Node8_Zero, Node6 id 2008174925694_Node0_Node8_Zero was a dupe; retransmit: 0, pkt_enqueue_time=2011213657038.166, pkt_dequeue_time=2011213657038.166, forwarded_or_dropped=1, reason_for_drop='Expiry'
DUPE: 2008180386703_Node0_Node8_Zero, Node6 id 2008180386703_Node0_Node8_Zero was a dupe; retransmit: 0, pkt_enqueue_time=2011217996692.7114, pkt_dequeue_time=2011217996692.7114, forwarded_or_dropped=1, reason_for_drop='Expiry'
DUPE: 2008191315564_Node0_Node8_Zero, Node6 id 2008191315564_Node0_Node8_Zero was a dupe; retransmit: 0, pkt_enqueue_time=2011221878898.1663, pkt_dequeue_time=2011221878898.1663, forwarded_or_dropped=1, reason_for_drop='Expiry'
DUPE: 2008224097012_Node0_Node8_Zero, Node6 id 2008224097012_Node0_Node8_Zero was a dupe; retransmit: 0, pkt_enqueue_time=2011226258552.7117, pkt_dequeue_time=2011226258552.7117, forwarded_or_dropped=1, reason_for_drop='Expiry'
DUPE: 2008213171301_Node0_Node8_Zero, Node6 id 2008213171301_Node0_Node8_Zero was a dupe; retransmit: 0, pkt_enqueue_time=2011230600468.257, pkt_dequeue_time=2011230600468.257, forwarded_or_dropped=1, reason_for_drop='Expiry'
DUPE: 2008060166997_Node0_Node8_Zero, Node4 id 2008060166997_Node0_Node8_Zero was a dupe; retransmit: 0, pkt_enqueue_time=2011232758144.9844, pkt_dequeue_time=2011232758144.9844, forwarded_or_dropped=1, reason_for_drop='Expiry'
DUPE: 2008213171301_Node0_Node8_Zero, Node4 id 2008213171301_Node0_Node8_Zero was a dupe; retransmit: 0, pkt_enqueue_time=2011236497799.5298, pkt_dequeue_time=2011236497799.5298, forwarded_or_dropped=1, reason_for_drop='Expiry'
DUPE: 2008098423096_Node0_Node8_Zero, Node4 id 2008098423096_Node0_Node8_Zero was a dupe; retransmit: 0, pkt_enqueue_time=2011247664980.6206, pkt_dequeue_time=2011247664980.6206, forwarded_or_dropped=1, reason_for_drop='Expiry'
DUPE: 2008103888086_Node0_Node8_Zero, Node4 id 2008103888086_Node0_Node8_Zero was a dupe; retransmit: 0, pkt_enqueue_time=2011249791852.6206, pkt_dequeue_time=2011249791852.6206, forwarded_or_dropped=1, reason_for_drop='Expiry'
DUPE: 2008032835800_Node0_Node8_Zero, Node4 id 2008032835800_Node0_Node8_Zero was a dupe; retransmit: 0, pkt_enqueue_time=2011255131507.166, pkt_dequeue_time=2011255131507.166, forwarded_or_dropped=1, reason_for_drop='Expiry'
DUPE: 2008169465156_Node0_Node8_Zero, Node4 id 2008169465156_Node0_Node8_Zero was a dupe; retransmit: 0, pkt_enqueue_time=2011260471161.7114, pkt_dequeue_time=2011260471161.7114, forwarded_or_dropped=1, reason_for_drop='Expiry'
DUPE: 2008180386703_Node0_Node8_Zero, Node4 id 2008180386703_Node0_Node8_Zero was a dupe; retransmit: 0, pkt_enqueue_time=2011274536730.8955, pkt_dequeue_time=2011274536730.8955, forwarded_or_dropped=1, reason_for_drop='Expiry'
DUPE: 2007737739294_Node0_Node8_Zero, Node2 id 2007737739294_Node0_Node8_Zero was a dupe; retransmit: 0, pkt_enqueue_time=2011283210482.0774, pkt_dequeue_time=2011283210482.0774, forwarded_or_dropped=1, reason_for_drop='Expiry'
DUPE: 2008224097012_Node0_Node8_Zero, Node4 id 2008224097012_Node0_Node8_Zero was a dupe; retransmit: 0, pkt_enqueue_time=2011295971826.441, pkt_dequeue_time=2011295971826.441, forwarded_or_dropped=1, reason_for_drop='Expiry'
DUPE: 2008174925694_Node0_Node8_Zero, Node4 id 2008174925694_Node0_Node8_Zero was a dupe; retransmit: 0, pkt_enqueue_time=2011302174480.9863, pkt_dequeue_time=2011302174480.9863, forwarded_or_dropped=1, reason_for_drop='Expiry'
DUPE: 2007737739294_Node0_Node8_Zero, Node4 id 2007737739294_Node0_Node8_Zero was a dupe; retransmit: 0, pkt_enqueue_time=2011312087395.441, pkt_dequeue_time=2011312087395.441, forwarded_or_dropped=1, reason_for_drop='Expiry'
DUPE: 2008218636910_Node0_Node8_Zero, Node6 id 2008218636910_Node0_Node8_Zero was a dupe; retransmit: 0, pkt_enqueue_time=2011331471434.8044, pkt_dequeue_time=2011331471434.8044, forwarded_or_dropped=1, reason_for_drop='Expiry'
DUPE: 2005775894981_Node0_Node8_Zero, Node2 id 2005775894981_Node0_Node8_Zero was a dupe; retransmit: 0, pkt_enqueue_time=2011334476514.441, pkt_dequeue_time=2011334476514.441, forwarded_or_dropped=1, reason_for_drop='Expiry'
DUPE: 2005781357273_Node0_Node8_Zero, Node2 id 2005781357273_Node0_Node8_Zero was a dupe; retransmit: 0, pkt_enqueue_time=2011334476514.441, pkt_dequeue_time=2011334476514.441, forwarded_or_dropped=1, reason_for_drop='Expiry'
DUPE: 2003311394182_Node0_Node8_Zero, Node6 id 2003311394182_Node0_Node8_Zero was a dupe; retransmit: 0, pkt_enqueue_time=2011344704802.3499, pkt_dequeue_time=2011344704802.3499, forwarded_or_dropped=1, reason_for_drop='Expiry'
DUPE: 2003316858131_Node0_Node8_Zero, Node6 id 2003316858131_Node0_Node8_Zero was a dupe; retransmit: 0, pkt_enqueue_time=2011344704802.3499, pkt_dequeue_time=2011344704802.3499, forwarded_or_dropped=1, reason_for_drop='Expiry'
DUPE: 2006469909539_Node0_Node8_Zero, Node4 id 2006469909539_Node0_Node8_Zero was a dupe; retransmit: 0, pkt_enqueue_time=2011350790090.259, pkt_dequeue_time=2011350790090.259, forwarded_or_dropped=1, reason_for_drop='Expiry'
DUPE: 2006475372423_Node0_Node8_Zero, Node4 id 2006475372423_Node0_Node8_Zero was a dupe; retransmit: 0, pkt_enqueue_time=2011350790090.259, pkt_dequeue_time=2011350790090.259, forwarded_or_dropped=1, reason_for_drop='Expiry'
DUPE: 2005573714398_Node0_Node8_Zero, Node2 id 2005573714398_Node0_Node8_Zero was a dupe; retransmit: 0, pkt_enqueue_time=2011353656378.0774, pkt_dequeue_time=2011353656378.0774, forwarded_or_dropped=1, reason_for_drop='Expiry'
DUPE: 2003540896643_Node0_Node8_Zero, Node6 id 2003540896643_Node0_Node8_Zero was a dupe; retransmit: 0, pkt_enqueue_time=2011365470405.0771, pkt_dequeue_time=2011365470405.0771, forwarded_or_dropped=1, reason_for_drop='Expiry'
DUPE: 2003546365135_Node0_Node8_Zero, Node6 id 2003546365135_Node0_Node8_Zero was a dupe; retransmit: 0, pkt_enqueue_time=2011365470405.0771, pkt_dequeue_time=2011365470405.0771, forwarded_or_dropped=1, reason_for_drop='Expiry'
DUPE: 2007907133808_Node0_Node8_Zero, Node2 id 2007907133808_Node0_Node8_Zero was a dupe; retransmit: 0, pkt_enqueue_time=2011371523032.6228, pkt_dequeue_time=2011371523032.6228, forwarded_or_dropped=1, reason_for_drop='Expiry'
DUPE: 2002797721590_Node0_Node8_Zero, Node6 id 2002797721590_Node0_Node8_Zero was a dupe; retransmit: 0, pkt_enqueue_time=2011380912059.7136, pkt_dequeue_time=2011380912059.7136, forwarded_or_dropped=1, reason_for_drop='Expiry'
DUPE: 2002803188307_Node0_Node8_Zero, Node6 id 2002803188307_Node0_Node8_Zero was a dupe; retransmit: 0, pkt_enqueue_time=2011380912059.7136, pkt_dequeue_time=2011380912059.7136, forwarded_or_dropped=1, reason_for_drop='Expiry'
DUPE: 2002786787810_Node0_Node8_Zero, Node6 id 2002786787810_Node0_Node8_Zero was a dupe; retransmit: 0, pkt_enqueue_time=2011388928931.7136, pkt_dequeue_time=2011388928931.7136, forwarded_or_dropped=1, reason_for_drop='Expiry'
DUPE: 2002792254671_Node0_Node8_Zero, Node6 id 2002792254671_Node0_Node8_Zero was a dupe; retransmit: 0, pkt_enqueue_time=2011388928931.7136, pkt_dequeue_time=2011388928931.7136, forwarded_or_dropped=1, reason_for_drop='Expiry'
DUPE: 2005972617806_Node0_Node8_Zero, Node4 id 2005972617806_Node0_Node8_Zero was a dupe; retransmit: 0, pkt_enqueue_time=2011394758220.441, pkt_dequeue_time=2011394758220.441, forwarded_or_dropped=1, reason_for_drop='Expiry'
DUPE: 2005978085182_Node0_Node8_Zero, Node4 id 2005978085182_Node0_Node8_Zero was a dupe; retransmit: 0, pkt_enqueue_time=2011394758220.441, pkt_dequeue_time=2011394758220.441, forwarded_or_dropped=1, reason_for_drop='Expiry'
DUPE: 2008120287363_Node0_Node8_Zero, Node2 id 2008120287363_Node0_Node8_Zero was a dupe; retransmit: 0, pkt_enqueue_time=2011407310508.0774, pkt_dequeue_time=2011407310508.0774, forwarded_or_dropped=1, reason_for_drop='Expiry'
DUPE: 2008125751691_Node0_Node8_Zero, Node2 id 2008125751691_Node0_Node8_Zero was a dupe; retransmit: 0, pkt_enqueue_time=2011407310508.0774, pkt_dequeue_time=2011407310508.0774, forwarded_or_dropped=1, reason_for_drop='Expiry'
DUPE: 2003901592987_Node0_Node8_Zero, Node6 id 2003901592987_Node0_Node8_Zero was a dupe; retransmit: 0, pkt_enqueue_time=2011420518076.259, pkt_dequeue_time=2011420518076.259, forwarded_or_dropped=1, reason_for_drop='Expiry'
DUPE: 2003907059287_Node0_Node8_Zero, Node6 id 2003907059287_Node0_Node8_Zero was a dupe; retransmit: 0, pkt_enqueue_time=2011420518076.259, pkt_dequeue_time=2011420518076.259, forwarded_or_dropped=1, reason_for_drop='Expiry'
DUPE: 2003923447262_Node0_Node8_Zero, Node6 id 2003923447262_Node0_Node8_Zero was a dupe; retransmit: 0, pkt_enqueue_time=2011424477763.259, pkt_dequeue_time=2011424477763.259, forwarded_or_dropped=1, reason_for_drop='Expiry'
DUPE: 2003928913345_Node0_Node8_Zero, Node6 id 2003928913345_Node0_Node8_Zero was a dupe; retransmit: 0, pkt_enqueue_time=2011424477763.259, pkt_dequeue_time=2011424477763.259, forwarded_or_dropped=1, reason_for_drop='Expiry'
DUPE: 2008459084875_Node0_Node8_Zero, Node4 id 2008459084875_Node0_Node8_Zero was a dupe; retransmit: 0, pkt_enqueue_time=2011459461377.0771, pkt_dequeue_time=2011459461377.0771, forwarded_or_dropped=1, reason_for_drop='Expiry'
DUPE: 2008464549381_Node0_Node8_Zero, Node4 id 2008464549381_Node0_Node8_Zero was a dupe; retransmit: 0, pkt_enqueue_time=2011467357647.6226, pkt_dequeue_time=2011467357647.6226, forwarded_or_dropped=1, reason_for_drop='Expiry'
DUPE: 2008491867385_Node0_Node8_Zero, Node6 id 2008491867385_Node0_Node8_Zero was a dupe; retransmit: 0, pkt_enqueue_time=2011493294267.8047, pkt_dequeue_time=2011493294267.8047, forwarded_or_dropped=1, reason_for_drop='Expiry'
DUPE: 2008502799052_Node0_Node8_Zero, Node6 id 2008502799052_Node0_Node8_Zero was a dupe; retransmit: 0, pkt_enqueue_time=2011505041254.441, pkt_dequeue_time=2011505041254.441, forwarded_or_dropped=1, reason_for_drop='Expiry'
DUPE: 2008513730448_Node0_Node8_Zero, Node4 id 2008513730448_Node0_Node8_Zero was a dupe; retransmit: 0, pkt_enqueue_time=2011543164891.8052, pkt_dequeue_time=2011543164891.8052, forwarded_or_dropped=1, reason_for_drop='Expiry'
DUPE: 2008524657671_Node0_Node8_Zero, Node4 id 2008524657671_Node0_Node8_Zero was a dupe; retransmit: 0, pkt_enqueue_time=2011545432546.3506, pkt_dequeue_time=2011545432546.3506, forwarded_or_dropped=1, reason_for_drop='Expiry'
DUPE: 2008541050009_Node0_Node8_Zero, Node6 id 2008541050009_Node0_Node8_Zero was a dupe; retransmit: 0, pkt_enqueue_time=2011553632762.714, pkt_dequeue_time=2011553632762.714, forwarded_or_dropped=1, reason_for_drop='Expiry'
Called Update: UpdateRouteCalls = 0, force = False
Called Update: UpdateRouteCalls = 1, force = False
Node.py: (Node2)@2011600000000.0: Updated MCS from 0 to 0, hist=deque([0.9210526315789473, 10.0, 3.2666666666666666, 5.555555555555555, 0.5964912280701754], maxlen=5), packets_serviced=34, packets_received=57
Called Update: UpdateRouteCalls = 2, force = False
Called Update: UpdateRouteCalls = 3, force = False
Node.py: (Node4)@2011600000000.0: Updated MCS from 0 to 1, hist=deque([0.5106382978723404, 0.49230769230769234, 0.5862068965517241, 0.4626865671641791, 0.34], maxlen=5), packets_serviced=17, packets_received=50
Called Update: UpdateRouteCalls = 4, force = False
Called Update: UpdateRouteCalls = 5, force = False
Node.py: (Node6)@2011600000000.0: Updated MCS from 3 to 3, hist=deque([0.25, 0.25757575757575757, 0.2972972972972973, 0.3384615384615385, 0.1794871794871795], maxlen=5), packets_serviced=7, packets_received=39
Called Update: UpdateRouteCalls = 6, force = False
Called Update: UpdateRouteCalls = 7, force = False
Called Update: UpdateRouteCalls = 8, force = False
Called Update: UpdateRouteCalls = 9, force = False
!! UPDATING !!
routeNo, updatedMCSIndex =  0 [2, 0, 1, 3]
DUPE: 2008562900563_Node0_Node8_Zero, Node6 id 2008562900563_Node0_Node8_Zero was a dupe; retransmit: 0, pkt_enqueue_time=2011622380497.7156, pkt_dequeue_time=2011622380497.7156, forwarded_or_dropped=1, reason_for_drop='Expiry'
DUPE: 2008661238400_Node0_Node8_Zero, Node4 id 2008661238400_Node0_Node8_Zero was a dupe; retransmit: 0, pkt_enqueue_time=2011665881513.4731, pkt_dequeue_time=2011665881513.4731, forwarded_or_dropped=1, reason_for_drop='Expiry'
DUPE: 2008666701474_Node0_Node8_Zero, Node4 id 2008666701474_Node0_Node8_Zero was a dupe; retransmit: 0, pkt_enqueue_time=2011683134581.1096, pkt_dequeue_time=2011683134581.1096, forwarded_or_dropped=1, reason_for_drop='Expiry'
DUPE: 2008694016713_Node0_Node8_Zero, Node6 id 2008694016713_Node0_Node8_Zero was a dupe; retransmit: 0, pkt_enqueue_time=2011696850460.2307, pkt_dequeue_time=2011696850460.2307, forwarded_or_dropped=1, reason_for_drop='Expiry'
DUPE: 2008704937304_Node0_Node8_Zero, Node6 id 2008704937304_Node0_Node8_Zero was a dupe; retransmit: 0, pkt_enqueue_time=2011717078581.867, pkt_dequeue_time=2011717078581.867, forwarded_or_dropped=1, reason_for_drop='Expiry'
DUPE: 2008726800172_Node0_Node8_Zero, Node4 id 2008726800172_Node0_Node8_Zero was a dupe; retransmit: 0, pkt_enqueue_time=2011731227580.8972, pkt_dequeue_time=2011731227580.8972, forwarded_or_dropped=1, reason_for_drop='Expiry'
DUPE: 2008743189930_Node0_Node8_Zero, Node6 id 2008743189930_Node0_Node8_Zero was a dupe; retransmit: 0, pkt_enqueue_time=2011747766543.4424, pkt_dequeue_time=2011747766543.4424, forwarded_or_dropped=1, reason_for_drop='Expiry'
DUPE: 2008743189930_Node0_Node8_Zero, Node4 id 2008743189930_Node0_Node8_Zero was a dupe; retransmit: 0, pkt_enqueue_time=2011757389905.2607, pkt_dequeue_time=2011757389905.2607, forwarded_or_dropped=1, reason_for_drop='Expiry'
DUPE: 2008754122160_Node0_Node8_Zero, Node6 id 2008754122160_Node0_Node8_Zero was a dupe; retransmit: 0, pkt_enqueue_time=2011764971249.6243, pkt_dequeue_time=2011764971249.6243, forwarded_or_dropped=1, reason_for_drop='Expiry'
DUPE: 2008770510769_Node0_Node8_Zero, Node6 id 2008770510769_Node0_Node8_Zero was a dupe; retransmit: 0, pkt_enqueue_time=2011776335556.5332, pkt_dequeue_time=2011776335556.5332, forwarded_or_dropped=1, reason_for_drop='Expiry'
DUPE: 2008218636910_Node0_Node8_Zero, Node2 id 2008218636910_Node0_Node8_Zero was a dupe; retransmit: 0, pkt_enqueue_time=2011788492398.9275, pkt_dequeue_time=2011788492398.9275, forwarded_or_dropped=1, reason_for_drop='Expiry'
DUPE: 2008224097012_Node0_Node8_Zero, Node2 id 2008224097012_Node0_Node8_Zero was a dupe; retransmit: 0, pkt_enqueue_time=2011788492398.9275, pkt_dequeue_time=2011788492398.9275, forwarded_or_dropped=1, reason_for_drop='Expiry'
DUPE: 2008830626045_Node0_Node8_Zero, Node4 id 2008830626045_Node0_Node8_Zero was a dupe; retransmit: 0, pkt_enqueue_time=2011834906632.2905, pkt_dequeue_time=2011834906632.2905, forwarded_or_dropped=1, reason_for_drop='Expiry'
DUPE: 2008830626045_Node0_Node8_Zero, Node6 id 2008830626045_Node0_Node8_Zero was a dupe; retransmit: 0, pkt_enqueue_time=2011842696413.7449, pkt_dequeue_time=2011842696413.7449, forwarded_or_dropped=1, reason_for_drop='Expiry'
DUPE: 2008863414626_Node0_Node8_Zero, Node4 id 2008863414626_Node0_Node8_Zero was a dupe; retransmit: 0, pkt_enqueue_time=2011868158773.7446, pkt_dequeue_time=2011868158773.7446, forwarded_or_dropped=1, reason_for_drop='Expiry'
DUPE: 2008737724142_Node0_Node8_Zero, Node4 id 2008737724142_Node0_Node8_Zero was a dupe; retransmit: 0, pkt_enqueue_time=2011875959954.8354, pkt_dequeue_time=2011875959954.8354, forwarded_or_dropped=1, reason_for_drop='Expiry'
DUPE: 2008754122160_Node0_Node8_Zero, Node4 id 2008754122160_Node0_Node8_Zero was a dupe; retransmit: 0, pkt_enqueue_time=2011878801609.3809, pkt_dequeue_time=2011878801609.3809, forwarded_or_dropped=1, reason_for_drop='Expiry'
DUPE: 2008803299827_Node0_Node8_Zero, Node4 id 2008803299827_Node0_Node8_Zero was a dupe; retransmit: 0, pkt_enqueue_time=2011881844263.9263, pkt_dequeue_time=2011881844263.9263, forwarded_or_dropped=1, reason_for_drop='Expiry'
DUPE: 2008868878046_Node0_Node8_Zero, Node6 id 2008868878046_Node0_Node8_Zero was a dupe; retransmit: 0, pkt_enqueue_time=2011886211064.7444, pkt_dequeue_time=2011886211064.7444, forwarded_or_dropped=1, reason_for_drop='Expiry'
DUPE: 2008907128763_Node0_Node8_Zero, Node6 id 2008907128763_Node0_Node8_Zero was a dupe; retransmit: 0, pkt_enqueue_time=2011924712120.6836, pkt_dequeue_time=2011924712120.6836, forwarded_or_dropped=1, reason_for_drop='Expiry'
DUPE: 2008912595010_Node0_Node8_Zero, Node4 id 2008912595010_Node0_Node8_Zero was a dupe; retransmit: 0, pkt_enqueue_time=2011937931955.0474, pkt_dequeue_time=2011937931955.0474, forwarded_or_dropped=1, reason_for_drop='Expiry'
DUPE: 2008972708337_Node0_Node8_Zero, Node6 id 2008972708337_Node0_Node8_Zero was a dupe; retransmit: 0, pkt_enqueue_time=2011976953832.775, pkt_dequeue_time=2011976953832.775, forwarded_or_dropped=1, reason_for_drop='Expiry'
DUPE: 2008978171172_Node0_Node8_Zero, Node6 id 2008978171172_Node0_Node8_Zero was a dupe; retransmit: 0, pkt_enqueue_time=2011995947156.6235, pkt_dequeue_time=2011995947156.6235, forwarded_or_dropped=1, reason_for_drop='Expiry'
main.py: Progress: 2012 / 2014
Called Update: UpdateRouteCalls = 0, force = False
Called Update: UpdateRouteCalls = 1, force = False
Node.py: (Node2)@2012000000000.0: Updated MCS from 0 to 0, hist=deque([10.0, 3.2666666666666666, 5.555555555555555, 0.5964912280701754, 0.8983050847457628], maxlen=5), packets_serviced=53, packets_received=59
Called Update: UpdateRouteCalls = 2, force = False
Called Update: UpdateRouteCalls = 3, force = False
Node.py: (Node4)@2012000000000.0: Updated MCS from 1 to 2, hist=deque([0.49230769230769234, 0.5862068965517241, 0.4626865671641791, 0.34, 0.410958904109589], maxlen=5), packets_serviced=30, packets_received=73
Called Update: UpdateRouteCalls = 4, force = False
Called Update: UpdateRouteCalls = 5, force = False
Node.py: (Node6)@2012000000000.0: Updated MCS from 3 to 3, hist=deque([0.25757575757575757, 0.2972972972972973, 0.3384615384615385, 0.1794871794871795, 0.31746031746031744], maxlen=5), packets_serviced=20, packets_received=63
Called Update: UpdateRouteCalls = 6, force = False
Called Update: UpdateRouteCalls = 7, force = False
Called Update: UpdateRouteCalls = 8, force = False
Called Update: UpdateRouteCalls = 9, force = False
!! UPDATING !!
routeNo, updatedMCSIndex =  0 [2, 0, 2, 3]
Called Update: UpdateRouteCalls = 0, force = True
!! UPDATING !!
routeNo, updatedMCSIndex =  0 [2, 0, 2, 3]

rf.py: Time: 2012 Route details: {0: {'Route': [0, 2, 4, 6, 8], 'MCS_Index': [2, 0, 2, 3], 'Priority': 1, 'ValidRoute': True, 'HQRoute': True, 'RouteNodeDensity': [1, 2, 2, 2, 1], 'InterferingLinks': 8, 'Target': (-1, -1)}}
DUPE: 2009005487608_Node0_Node8_Zero, Node6 id 2009005487608_Node0_Node8_Zero was a dupe; retransmit: 0, pkt_enqueue_time=2012013144644.6233, pkt_dequeue_time=2012013144644.6233, forwarded_or_dropped=1, reason_for_drop='Expiry'
DUPE: 2008983631239_Node0_Node8_Zero, Node6 id 2008983631239_Node0_Node8_Zero was a dupe; retransmit: 0, pkt_enqueue_time=2012028446064.1687, pkt_dequeue_time=2012028446064.1687, forwarded_or_dropped=1, reason_for_drop='Expiry'
DUPE: 2009180352447_Node0_Node8_Zero, Node4 id 2009180352447_Node0_Node8_Zero was a dupe; retransmit: 0, pkt_enqueue_time=2012185113800.775, pkt_dequeue_time=2012185113800.775, forwarded_or_dropped=1, reason_for_drop='Expiry'
DUPE: 2009185820822_Node0_Node8_Zero, Node4 id 2009185820822_Node0_Node8_Zero was a dupe; retransmit: 0, pkt_enqueue_time=2012186993455.3203, pkt_dequeue_time=2012186993455.3203, forwarded_or_dropped=1, reason_for_drop='Expiry'
DUPE: 2009213145545_Node0_Node8_Zero, Node4 id 2009213145545_Node0_Node8_Zero was a dupe; retransmit: 0, pkt_enqueue_time=2012219971369.5925, pkt_dequeue_time=2012219971369.5925, forwarded_or_dropped=1, reason_for_drop='Expiry'
DUPE: 2009202219678_Node0_Node8_Zero, Node4 id 2009202219678_Node0_Node8_Zero was a dupe; retransmit: 0, pkt_enqueue_time=2012244925595.4104, pkt_dequeue_time=2012244925595.4104, forwarded_or_dropped=1, reason_for_drop='Expiry'
DUPE: 2009251402574_Node0_Node8_Zero, Node4 id 2009251402574_Node0_Node8_Zero was a dupe; retransmit: 0, pkt_enqueue_time=2012251560776.5012, pkt_dequeue_time=2012251560776.5012, forwarded_or_dropped=1, reason_for_drop='Expiry'
DUPE: 2009196750311_Node0_Node8_Zero, Node4 id 2009196750311_Node0_Node8_Zero was a dupe; retransmit: 0, pkt_enqueue_time=2012253878431.0466, pkt_dequeue_time=2012253878431.0466, forwarded_or_dropped=1, reason_for_drop='Expiry'
DUPE: 2009218611330_Node0_Node8_Zero, Node4 id 2009218611330_Node0_Node8_Zero was a dupe; retransmit: 0, pkt_enqueue_time=2012256218085.592, pkt_dequeue_time=2012256218085.592, forwarded_or_dropped=1, reason_for_drop='Expiry'
DUPE: 2009235012205_Node0_Node8_Zero, Node4 id 2009235012205_Node0_Node8_Zero was a dupe; retransmit: 0, pkt_enqueue_time=2012258617740.1375, pkt_dequeue_time=2012258617740.1375, forwarded_or_dropped=1, reason_for_drop='Expiry'
DUPE: 2009224079636_Node0_Node8_Zero, Node4 id 2009224079636_Node0_Node8_Zero was a dupe; retransmit: 0, pkt_enqueue_time=2012261017394.6829, pkt_dequeue_time=2012261017394.6829, forwarded_or_dropped=1, reason_for_drop='Expiry'
DUPE: 2009191281726_Node0_Node8_Zero, Node4 id 2009191281726_Node0_Node8_Zero was a dupe; retransmit: 0, pkt_enqueue_time=2012263537049.2283, pkt_dequeue_time=2012263537049.2283, forwarded_or_dropped=1, reason_for_drop='Expiry'
DUPE: 2009207683921_Node0_Node8_Zero, Node4 id 2009207683921_Node0_Node8_Zero was a dupe; retransmit: 0, pkt_enqueue_time=2012266116703.7737, pkt_dequeue_time=2012266116703.7737, forwarded_or_dropped=1, reason_for_drop='Expiry'
DUPE: 2009262341057_Node0_Node8_Zero, Node4 id 2009262341057_Node0_Node8_Zero was a dupe; retransmit: 0, pkt_enqueue_time=2012268749358.319, pkt_dequeue_time=2012268749358.319, forwarded_or_dropped=1, reason_for_drop='Expiry'
DUPE: 2009284196544_Node0_Node8_Zero, Node4 id 2009284196544_Node0_Node8_Zero was a dupe; retransmit: 0, pkt_enqueue_time=2012285003200.5007, pkt_dequeue_time=2012285003200.5007, forwarded_or_dropped=1, reason_for_drop='Expiry'
DUPE: 2009284196544_Node0_Node8_Zero, Node4 id 2009284196544_Node0_Node8_Zero was a dupe; retransmit: 0, pkt_enqueue_time=2012289145509.5916, pkt_dequeue_time=2012289145509.5916, forwarded_or_dropped=1, reason_for_drop='Expiry'
DUPE: 2009273270140_Node0_Node8_Zero, Node4 id 2009273270140_Node0_Node8_Zero was a dupe; retransmit: 0, pkt_enqueue_time=2012296305583.2278, pkt_dequeue_time=2012296305583.2278, forwarded_or_dropped=1, reason_for_drop='Expiry'
DUPE: 2009278734055_Node0_Node8_Zero, Node4 id 2009278734055_Node0_Node8_Zero was a dupe; retransmit: 0, pkt_enqueue_time=2012298539237.7732, pkt_dequeue_time=2012298539237.7732, forwarded_or_dropped=1, reason_for_drop='Expiry'
DUPE: 2009267808200_Node0_Node8_Zero, Node4 id 2009267808200_Node0_Node8_Zero was a dupe; retransmit: 0, pkt_enqueue_time=2012300858892.3186, pkt_dequeue_time=2012300858892.3186, forwarded_or_dropped=1, reason_for_drop='Expiry'
DUPE: 2009295133206_Node0_Node8_Zero, Node4 id 2009295133206_Node0_Node8_Zero was a dupe; retransmit: 0, pkt_enqueue_time=2012303187546.864, pkt_dequeue_time=2012303187546.864, forwarded_or_dropped=1, reason_for_drop='Expiry'
DUPE: 2008623005379_Node0_Node8_Zero, Node6 id 2008623005379_Node0_Node8_Zero was a dupe; retransmit: 0, pkt_enqueue_time=2012311150931.6821, pkt_dequeue_time=2012311150931.6821, forwarded_or_dropped=1, reason_for_drop='Expiry'
DUPE: 2009316994580_Node0_Node8_Zero, Node4 id 2009316994580_Node0_Node8_Zero was a dupe; retransmit: 0, pkt_enqueue_time=2012319068329.8335, pkt_dequeue_time=2012319068329.8335, forwarded_or_dropped=1, reason_for_drop='Expiry'
DUPE: 2009322462518_Node0_Node8_Zero, Node4 id 2009322462518_Node0_Node8_Zero was a dupe; retransmit: 0, pkt_enqueue_time=2012322834856.379, pkt_dequeue_time=2012322834856.379, forwarded_or_dropped=1, reason_for_drop='Expiry'
DUPE: 2009327925336_Node0_Node8_Zero, Node4 id 2009327925336_Node0_Node8_Zero was a dupe; retransmit: 0, pkt_enqueue_time=2012345410616.7422, pkt_dequeue_time=2012345410616.7422, forwarded_or_dropped=1, reason_for_drop='Expiry'
DUPE: 2009333385117_Node0_Node8_Zero, Node4 id 2009333385117_Node0_Node8_Zero was a dupe; retransmit: 0, pkt_enqueue_time=2012355323329.833, pkt_dequeue_time=2012355323329.833, forwarded_or_dropped=1, reason_for_drop='Expiry'
DUPE: 2009322462518_Node0_Node8_Zero, Node4 id 2009322462518_Node0_Node8_Zero was a dupe; retransmit: 0, pkt_enqueue_time=2012357742984.3784, pkt_dequeue_time=2012357742984.3784, forwarded_or_dropped=1, reason_for_drop='Expiry'
DUPE: 2009344318440_Node0_Node8_Zero, Node4 id 2009344318440_Node0_Node8_Zero was a dupe; retransmit: 0, pkt_enqueue_time=2012363000293.4692, pkt_dequeue_time=2012363000293.4692, forwarded_or_dropped=1, reason_for_drop='Expiry'
DUPE: 2009355245974_Node0_Node8_Zero, Node4 id 2009355245974_Node0_Node8_Zero was a dupe; retransmit: 0, pkt_enqueue_time=2012365999948.0146, pkt_dequeue_time=2012365999948.0146, forwarded_or_dropped=1, reason_for_drop='Expiry'
Called Update: UpdateRouteCalls = 0, force = False
Called Update: UpdateRouteCalls = 1, force = False
Node.py: (Node2)@2012400000000.0: Updated MCS from 0 to 0, hist=deque([3.2666666666666666, 5.555555555555555, 0.5964912280701754, 0.8983050847457628, 0.3107344632768362], maxlen=5), packets_serviced=55, packets_received=177
Called Update: UpdateRouteCalls = 2, force = False
Called Update: UpdateRouteCalls = 3, force = False
Node.py: (Node4)@2012400000000.0: Updated MCS from 2 to 3, hist=deque([0.5862068965517241, 0.4626865671641791, 0.34, 0.410958904109589, 0.4069767441860465], maxlen=5), packets_serviced=35, packets_received=86
Called Update: UpdateRouteCalls = 4, force = False
Called Update: UpdateRouteCalls = 5, force = False
Node.py: (Node6)@2012400000000.0: Updated MCS from 3 to 3, hist=deque([0.2972972972972973, 0.3384615384615385, 0.1794871794871795, 0.31746031746031744, 0.5882352941176471], maxlen=5), packets_serviced=20, packets_received=34
Called Update: UpdateRouteCalls = 6, force = False
Called Update: UpdateRouteCalls = 7, force = False
Called Update: UpdateRouteCalls = 8, force = False
Called Update: UpdateRouteCalls = 9, force = False
!! UPDATING !!
routeNo, updatedMCSIndex =  0 [2, 0, 3, 3]
DUPE: 2009377107360_Node0_Node8_Zero, Node4 id 2009377107360_Node0_Node8_Zero was a dupe; retransmit: 0, pkt_enqueue_time=2012400392952.8652, pkt_dequeue_time=2012400392952.8652, forwarded_or_dropped=1, reason_for_drop='Expiry'
DUPE: 2009442683723_Node0_Node8_Zero, Node4 id 2009442683723_Node0_Node8_Zero was a dupe; retransmit: 0, pkt_enqueue_time=2012483229792.4094, pkt_dequeue_time=2012483229792.4094, forwarded_or_dropped=1, reason_for_drop='Expiry'
DUPE: 2009393498455_Node0_Node8_Zero, Node4 id 2009393498455_Node0_Node8_Zero was a dupe; retransmit: 0, pkt_enqueue_time=2012529294419.3179, pkt_dequeue_time=2012529294419.3179, forwarded_or_dropped=1, reason_for_drop='Expiry'
DUPE: 2009502788905_Node0_Node8_Zero, Node4 id 2009502788905_Node0_Node8_Zero was a dupe; retransmit: 0, pkt_enqueue_time=2012535868382.954, pkt_dequeue_time=2012535868382.954, forwarded_or_dropped=1, reason_for_drop='Expiry'
DUPE: 2009398959448_Node0_Node8_Zero, Node4 id 2009398959448_Node0_Node8_Zero was a dupe; retransmit: 0, pkt_enqueue_time=2012547397285.1357, pkt_dequeue_time=2012547397285.1357, forwarded_or_dropped=1, reason_for_drop='Expiry'
DUPE: 2009420829980_Node0_Node8_Zero, Node4 id 2009420829980_Node0_Node8_Zero was a dupe; retransmit: 0, pkt_enqueue_time=2012549616939.6812, pkt_dequeue_time=2012549616939.6812, forwarded_or_dropped=1, reason_for_drop='Expiry'
DUPE: 2009535581284_Node0_Node8_Zero, Node4 id 2009535581284_Node0_Node8_Zero was a dupe; retransmit: 0, pkt_enqueue_time=2012554096248.772, pkt_dequeue_time=2012554096248.772, forwarded_or_dropped=1, reason_for_drop='Expiry'
DUPE: 2009459079163_Node0_Node8_Zero, Node4 id 2009459079163_Node0_Node8_Zero was a dupe; retransmit: 0, pkt_enqueue_time=2012556335903.3174, pkt_dequeue_time=2012556335903.3174, forwarded_or_dropped=1, reason_for_drop='Expiry'
DUPE: 2009409893870_Node0_Node8_Zero, Node4 id 2009409893870_Node0_Node8_Zero was a dupe; retransmit: 0, pkt_enqueue_time=2012558593557.8628, pkt_dequeue_time=2012558593557.8628, forwarded_or_dropped=1, reason_for_drop='Expiry'
DUPE: 2009448152965_Node0_Node8_Zero, Node4 id 2009448152965_Node0_Node8_Zero was a dupe; retransmit: 0, pkt_enqueue_time=2012560853212.4082, pkt_dequeue_time=2012560853212.4082, forwarded_or_dropped=1, reason_for_drop='Expiry'
DUPE: 2009508256149_Node0_Node8_Zero, Node4 id 2009508256149_Node0_Node8_Zero was a dupe; retransmit: 0, pkt_enqueue_time=2012565361521.499, pkt_dequeue_time=2012565361521.499, forwarded_or_dropped=1, reason_for_drop='Expiry'
DUPE: 2009470008384_Node0_Node8_Zero, Node4 id 2009470008384_Node0_Node8_Zero was a dupe; retransmit: 0, pkt_enqueue_time=2012567650176.0444, pkt_dequeue_time=2012567650176.0444, forwarded_or_dropped=1, reason_for_drop='Expiry'
DUPE: 2009519190657_Node0_Node8_Zero, Node4 id 2009519190657_Node0_Node8_Zero was a dupe; retransmit: 0, pkt_enqueue_time=2012572272485.1353, pkt_dequeue_time=2012572272485.1353, forwarded_or_dropped=1, reason_for_drop='Expiry'
DUPE: 2009513723756_Node0_Node8_Zero, Node4 id 2009513723756_Node0_Node8_Zero was a dupe; retransmit: 0, pkt_enqueue_time=2012574419357.1353, pkt_dequeue_time=2012574419357.1353, forwarded_or_dropped=1, reason_for_drop='Expiry'
DUPE: 2009431758024_Node0_Node8_Zero, Node4 id 2009431758024_Node0_Node8_Zero was a dupe; retransmit: 0, pkt_enqueue_time=2012576808011.6807, pkt_dequeue_time=2012576808011.6807, forwarded_or_dropped=1, reason_for_drop='Expiry'
DUPE: 2009437223903_Node0_Node8_Zero, Node4 id 2009437223903_Node0_Node8_Zero was a dupe; retransmit: 0, pkt_enqueue_time=2012579227666.226, pkt_dequeue_time=2012579227666.226, forwarded_or_dropped=1, reason_for_drop='Expiry'
DUPE: 2009426296797_Node0_Node8_Zero, Node4 id 2009426296797_Node0_Node8_Zero was a dupe; retransmit: 0, pkt_enqueue_time=2012581667320.7715, pkt_dequeue_time=2012581667320.7715, forwarded_or_dropped=1, reason_for_drop='Expiry'
DUPE: 2009388035655_Node0_Node8_Zero, Node4 id 2009388035655_Node0_Node8_Zero was a dupe; retransmit: 0, pkt_enqueue_time=2012584146975.317, pkt_dequeue_time=2012584146975.317, forwarded_or_dropped=1, reason_for_drop='Expiry'
DUPE: 2009382572377_Node0_Node8_Zero, Node4 id 2009382572377_Node0_Node8_Zero was a dupe; retransmit: 0, pkt_enqueue_time=2012586839629.8623, pkt_dequeue_time=2012586839629.8623, forwarded_or_dropped=1, reason_for_drop='Expiry'
DUPE: 2009491866322_Node0_Node8_Zero, Node4 id 2009491866322_Node0_Node8_Zero was a dupe; retransmit: 0, pkt_enqueue_time=2012589659284.4077, pkt_dequeue_time=2012589659284.4077, forwarded_or_dropped=1, reason_for_drop='Expiry'
DUPE: 2009551979342_Node0_Node8_Zero, Node4 id 2009551979342_Node0_Node8_Zero was a dupe; retransmit: 0, pkt_enqueue_time=2012592486938.9531, pkt_dequeue_time=2012592486938.9531, forwarded_or_dropped=1, reason_for_drop='Expiry'
DUPE: 2009612084553_Node0_Node8_Zero, Node4 id 2009612084553_Node0_Node8_Zero was a dupe; retransmit: 0, pkt_enqueue_time=2012623191701.6802, pkt_dequeue_time=2012623191701.6802, forwarded_or_dropped=1, reason_for_drop='Expiry'
DUPE: 2009628478473_Node0_Node8_Zero, Node4 id 2009628478473_Node0_Node8_Zero was a dupe; retransmit: 0, pkt_enqueue_time=2012661330704.9521, pkt_dequeue_time=2012661330704.9521, forwarded_or_dropped=1, reason_for_drop='Expiry'
DUPE: 2009655797872_Node0_Node8_Zero, Node4 id 2009655797872_Node0_Node8_Zero was a dupe; retransmit: 0, pkt_enqueue_time=2012665670014.043, pkt_dequeue_time=2012665670014.043, forwarded_or_dropped=1, reason_for_drop='Expiry'
DUPE: 2009562905106_Node0_Node8_Zero, Node4 id 2009562905106_Node0_Node8_Zero was a dupe; retransmit: 0, pkt_enqueue_time=2012670089323.1338, pkt_dequeue_time=2012670089323.1338, forwarded_or_dropped=1, reason_for_drop='Expiry'
DUPE: 2009672183455_Node0_Node8_Zero, Node4 id 2009672183455_Node0_Node8_Zero was a dupe; retransmit: 0, pkt_enqueue_time=2012672428977.6792, pkt_dequeue_time=2012672428977.6792, forwarded_or_dropped=1, reason_for_drop='Expiry'
DUPE: 2009688582123_Node0_Node8_Zero, Node4 id 2009688582123_Node0_Node8_Zero was a dupe; retransmit: 0, pkt_enqueue_time=2012702628562.406, pkt_dequeue_time=2012702628562.406, forwarded_or_dropped=1, reason_for_drop='Expiry'
DUPE: 2009677651259_Node0_Node8_Zero, Node4 id 2009677651259_Node0_Node8_Zero was a dupe; retransmit: 0, pkt_enqueue_time=2012730713790.3147, pkt_dequeue_time=2012730713790.3147, forwarded_or_dropped=1, reason_for_drop='Expiry'
DUPE: 2009732302080_Node0_Node8_Zero, Node4 id 2009732302080_Node0_Node8_Zero was a dupe; retransmit: 0, pkt_enqueue_time=2012732902444.86, pkt_dequeue_time=2012732902444.86, forwarded_or_dropped=1, reason_for_drop='Expiry'
DUPE: 2009754166481_Node0_Node8_Zero, Node4 id 2009754166481_Node0_Node8_Zero was a dupe; retransmit: 0, pkt_enqueue_time=2012755037509.678, pkt_dequeue_time=2012755037509.678, forwarded_or_dropped=1, reason_for_drop='Expiry'
DUPE: 2009743239174_Node0_Node8_Zero, Node4 id 2009743239174_Node0_Node8_Zero was a dupe; retransmit: 0, pkt_enqueue_time=2012758710806.2234, pkt_dequeue_time=2012758710806.2234, forwarded_or_dropped=1, reason_for_drop='Expiry'
DUPE: 2009776020013_Node0_Node8_Zero, Node4 id 2009776020013_Node0_Node8_Zero was a dupe; retransmit: 0, pkt_enqueue_time=2012778796993.6775, pkt_dequeue_time=2012778796993.6775, forwarded_or_dropped=1, reason_for_drop='Expiry'
Called Update: UpdateRouteCalls = 0, force = False
Called Update: UpdateRouteCalls = 1, force = False
Called Update: UpdateRouteCalls = 2, force = False
Called Update: UpdateRouteCalls = 3, force = False
Node.py: (Node4)@2012800000000.0: Updated MCS from 3 to 3, hist=deque([0.4626865671641791, 0.34, 0.410958904109589, 0.4069767441860465, 0.4316546762589928], maxlen=5), packets_serviced=60, packets_received=139
Called Update: UpdateRouteCalls = 4, force = False
Called Update: UpdateRouteCalls = 5, force = False
Node.py: (Node6)@2012800000000.0: Updated MCS from 3 to 3, hist=deque([0.3384615384615385, 0.1794871794871795, 0.31746031746031744, 0.5882352941176471, 0.864406779661017], maxlen=5), packets_serviced=51, packets_received=59
Called Update: UpdateRouteCalls = 6, force = False
Called Update: UpdateRouteCalls = 7, force = False
Called Update: UpdateRouteCalls = 8, force = False
Called Update: UpdateRouteCalls = 9, force = False
!! UPDATING !!
routeNo, updatedMCSIndex =  0 [2, 0, 3, 3]
DUPE: 2009694047523_Node0_Node8_Zero, Node4 id 2009694047523_Node0_Node8_Zero was a dupe; retransmit: 0, pkt_enqueue_time=2012832667593.7673, pkt_dequeue_time=2012832667593.7673, forwarded_or_dropped=1, reason_for_drop='Expiry'
DUPE: 2009770556434_Node0_Node8_Zero, Node4 id 2009770556434_Node0_Node8_Zero was a dupe; retransmit: 0, pkt_enqueue_time=2012837126902.8582, pkt_dequeue_time=2012837126902.8582, forwarded_or_dropped=1, reason_for_drop='Expiry'
DUPE: 2009765096416_Node0_Node8_Zero, Node4 id 2009765096416_Node0_Node8_Zero was a dupe; retransmit: 0, pkt_enqueue_time=2012839366557.4036, pkt_dequeue_time=2012839366557.4036, forwarded_or_dropped=1, reason_for_drop='Expiry'
DUPE: 2009699512512_Node0_Node8_Zero, Node4 id 2009699512512_Node0_Node8_Zero was a dupe; retransmit: 0, pkt_enqueue_time=2012841606211.949, pkt_dequeue_time=2012841606211.949, forwarded_or_dropped=1, reason_for_drop='Expiry'
DUPE: 2009814271690_Node0_Node8_Zero, Node4 id 2009814271690_Node0_Node8_Zero was a dupe; retransmit: 0, pkt_enqueue_time=2012843869866.4944, pkt_dequeue_time=2012843869866.4944, forwarded_or_dropped=1, reason_for_drop='Expiry'
DUPE: 2009803340668_Node0_Node8_Zero, Node4 id 2009803340668_Node0_Node8_Zero was a dupe; retransmit: 0, pkt_enqueue_time=2012846158521.0398, pkt_dequeue_time=2012846158521.0398, forwarded_or_dropped=1, reason_for_drop='Expiry'
DUPE: 2009748698996_Node0_Node8_Zero, Node4 id 2009748698996_Node0_Node8_Zero was a dupe; retransmit: 0, pkt_enqueue_time=2012848472175.5852, pkt_dequeue_time=2012848472175.5852, forwarded_or_dropped=1, reason_for_drop='Expiry'
DUPE: 2009819735072_Node0_Node8_Zero, Node4 id 2009819735072_Node0_Node8_Zero was a dupe; retransmit: 0, pkt_enqueue_time=2012853110484.676, pkt_dequeue_time=2012853110484.676, forwarded_or_dropped=1, reason_for_drop='Expiry'
DUPE: 2009808809576_Node0_Node8_Zero, Node4 id 2009808809576_Node0_Node8_Zero was a dupe; retransmit: 0, pkt_enqueue_time=2012855510139.2214, pkt_dequeue_time=2012855510139.2214, forwarded_or_dropped=1, reason_for_drop='Expiry'
DUPE: 2009683119141_Node0_Node8_Zero, Node4 id 2009683119141_Node0_Node8_Zero was a dupe; retransmit: 0, pkt_enqueue_time=2012857950793.7668, pkt_dequeue_time=2012857950793.7668, forwarded_or_dropped=1, reason_for_drop='Expiry'
DUPE: 2009797876132_Node0_Node8_Zero, Node4 id 2009797876132_Node0_Node8_Zero was a dupe; retransmit: 0, pkt_enqueue_time=2012860454448.3123, pkt_dequeue_time=2012860454448.3123, forwarded_or_dropped=1, reason_for_drop='Expiry'
DUPE: 2009661260043_Node0_Node8_Zero, Node4 id 2009661260043_Node0_Node8_Zero was a dupe; retransmit: 0, pkt_enqueue_time=2012863079102.8577, pkt_dequeue_time=2012863079102.8577, forwarded_or_dropped=1, reason_for_drop='Expiry'
DUPE: 2009726837684_Node0_Node8_Zero, Node4 id 2009726837684_Node0_Node8_Zero was a dupe; retransmit: 0, pkt_enqueue_time=2012865806757.403, pkt_dequeue_time=2012865806757.403, forwarded_or_dropped=1, reason_for_drop='Expiry'
DUPE: 2009792412636_Node0_Node8_Zero, Node4 id 2009792412636_Node0_Node8_Zero was a dupe; retransmit: 0, pkt_enqueue_time=2012868546411.9485, pkt_dequeue_time=2012868546411.9485, forwarded_or_dropped=1, reason_for_drop='Expiry'
DUPE: 2009633945654_Node0_Node8_Zero, Node4 id 2009633945654_Node0_Node8_Zero was a dupe; retransmit: 0, pkt_enqueue_time=2012871366066.494, pkt_dequeue_time=2012871366066.494, forwarded_or_dropped=1, reason_for_drop='Expiry'
DUPE: 2009530115392_Node0_Node8_Zero, Node4 id 2009530115392_Node0_Node8_Zero was a dupe; retransmit: 0, pkt_enqueue_time=2012874225721.0393, pkt_dequeue_time=2012874225721.0393, forwarded_or_dropped=1, reason_for_drop='Expiry'
DUPE: 2009732302080_Node0_Node8_Zero, Node4 id 2009732302080_Node0_Node8_Zero was a dupe; retransmit: 0, pkt_enqueue_time=2012879993030.1301, pkt_dequeue_time=2012879993030.1301, forwarded_or_dropped=1, reason_for_drop='Expiry'
DUPE: 2009737770639_Node0_Node8_Zero, Node4 id 2009737770639_Node0_Node8_Zero was a dupe; retransmit: 0, pkt_enqueue_time=2012882459902.1301, pkt_dequeue_time=2012882459902.1301, forwarded_or_dropped=1, reason_for_drop='Expiry'
DUPE: 2009710447792_Node0_Node8_Zero, Node4 id 2009710447792_Node0_Node8_Zero was a dupe; retransmit: 0, pkt_enqueue_time=2012885439556.6755, pkt_dequeue_time=2012885439556.6755, forwarded_or_dropped=1, reason_for_drop='Expiry'
DUPE: 2009541049238_Node0_Node8_Zero, Node4 id 2009541049238_Node0_Node8_Zero was a dupe; retransmit: 0, pkt_enqueue_time=2012888419211.221, pkt_dequeue_time=2012888419211.221, forwarded_or_dropped=1, reason_for_drop='Expiry'
DUPE: 2009524653273_Node0_Node8_Zero, Node4 id 2009524653273_Node0_Node8_Zero was a dupe; retransmit: 0, pkt_enqueue_time=2012891418865.7664, pkt_dequeue_time=2012891418865.7664, forwarded_or_dropped=1, reason_for_drop='Expiry'
DUPE: 2009486405890_Node0_Node8_Zero, Node4 id 2009486405890_Node0_Node8_Zero was a dupe; retransmit: 0, pkt_enqueue_time=2012894458520.3118, pkt_dequeue_time=2012894458520.3118, forwarded_or_dropped=1, reason_for_drop='Expiry'
DUPE: 2009480942835_Node0_Node8_Zero, Node4 id 2009480942835_Node0_Node8_Zero was a dupe; retransmit: 0, pkt_enqueue_time=2012897518174.8572, pkt_dequeue_time=2012897518174.8572, forwarded_or_dropped=1, reason_for_drop='Expiry'
DUPE: 2009475475213_Node0_Node8_Zero, Node4 id 2009475475213_Node0_Node8_Zero was a dupe; retransmit: 0, pkt_enqueue_time=2012900617829.4026, pkt_dequeue_time=2012900617829.4026, forwarded_or_dropped=1, reason_for_drop='Expiry'
DUPE: 2009251402574_Node0_Node8_Zero, Node4 id 2009251402574_Node0_Node8_Zero was a dupe; retransmit: 0, pkt_enqueue_time=2012903897483.948, pkt_dequeue_time=2012903897483.948, forwarded_or_dropped=1, reason_for_drop='Expiry'
DUPE: 2009715907313_Node0_Node8_Zero, Node4 id 2009715907313_Node0_Node8_Zero was a dupe; retransmit: 0, pkt_enqueue_time=2012907257138.4934, pkt_dequeue_time=2012907257138.4934, forwarded_or_dropped=1, reason_for_drop='Expiry'
DUPE: 2009836128209_Node0_Node8_Zero, Node4 id 2009836128209_Node0_Node8_Zero was a dupe; retransmit: 0, pkt_enqueue_time=2012910625793.0388, pkt_dequeue_time=2012910625793.0388, forwarded_or_dropped=1, reason_for_drop='Expiry'
DUPE: 2009934503758_Node0_Node8_Zero, Node4 id 2009934503758_Node0_Node8_Zero was a dupe; retransmit: 0, pkt_enqueue_time=2012935727993.7659, pkt_dequeue_time=2012935727993.7659, forwarded_or_dropped=1, reason_for_drop='Expiry'
DUPE: 2009841589678_Node0_Node8_Zero, Node4 id 2009841589678_Node0_Node8_Zero was a dupe; retransmit: 0, pkt_enqueue_time=2012948365420.9475, pkt_dequeue_time=2012948365420.9475, forwarded_or_dropped=1, reason_for_drop='Expiry'
DUPE: 2009929036078_Node0_Node8_Zero, Node4 id 2009929036078_Node0_Node8_Zero was a dupe; retransmit: 0, pkt_enqueue_time=2012956386006.0383, pkt_dequeue_time=2012956386006.0383, forwarded_or_dropped=1, reason_for_drop='Expiry'
DUPE: 2009961833466_Node0_Node8_Zero, Node4 id 2009961833466_Node0_Node8_Zero was a dupe; retransmit: 0, pkt_enqueue_time=2012967075483.6746, pkt_dequeue_time=2012967075483.6746, forwarded_or_dropped=1, reason_for_drop='Expiry'
DUPE: 2009759633438_Node0_Node8_Zero, Node4 id 2009759633438_Node0_Node8_Zero was a dupe; retransmit: 0, pkt_enqueue_time=2012973034792.7654, pkt_dequeue_time=2012973034792.7654, forwarded_or_dropped=1, reason_for_drop='Expiry'
DUPE: 2009825201242_Node0_Node8_Zero, Node4 id 2009825201242_Node0_Node8_Zero was a dupe; retransmit: 0, pkt_enqueue_time=2012976474447.3108, pkt_dequeue_time=2012976474447.3108, forwarded_or_dropped=1, reason_for_drop='Expiry'
DUPE: 2009644870549_Node0_Node8_Zero, Node4 id 2009644870549_Node0_Node8_Zero was a dupe; retransmit: 0, pkt_enqueue_time=2012980034101.8562, pkt_dequeue_time=2012980034101.8562, forwarded_or_dropped=1, reason_for_drop='Expiry'
DUPE: 2009754166481_Node0_Node8_Zero, Node4 id 2009754166481_Node0_Node8_Zero was a dupe; retransmit: 0, pkt_enqueue_time=2012983743756.4016, pkt_dequeue_time=2012983743756.4016, forwarded_or_dropped=1, reason_for_drop='Expiry'
DUPE: 2009557439275_Node0_Node8_Zero, Node4 id 2009557439275_Node0_Node8_Zero was a dupe; retransmit: 0, pkt_enqueue_time=2012987483410.947, pkt_dequeue_time=2012987483410.947, forwarded_or_dropped=1, reason_for_drop='Expiry'
DUPE: 2009950900320_Node0_Node8_Zero, Node4 id 2009950900320_Node0_Node8_Zero was a dupe; retransmit: 0, pkt_enqueue_time=2012991411065.4924, pkt_dequeue_time=2012991411065.4924, forwarded_or_dropped=1, reason_for_drop='Expiry'
main.py: Progress: 2013 / 2014
Called Update: UpdateRouteCalls = 0, force = True
!! UPDATING !!
routeNo, updatedMCSIndex =  0 [2, 0, 3, 3]

rf.py: Time: 2013 Route details: {0: {'Route': [0, 2, 4, 6, 8], 'MCS_Index': [2, 0, 3, 3], 'Priority': 1, 'ValidRoute': True, 'HQRoute': True, 'RouteNodeDensity': [1, 2, 2, 2, 1], 'InterferingLinks': 8, 'Target': (-1, -1)}}
DUPE: 2009497326368_Node0_Node8_Zero, Node4 id 2009497326368_Node0_Node8_Zero was a dupe; retransmit: 0, pkt_enqueue_time=2013009977171.674, pkt_dequeue_time=2013009977171.674, forwarded_or_dropped=1, reason_for_drop='Expiry'
DUPE: 2009617548429_Node0_Node8_Zero, Node4 id 2009617548429_Node0_Node8_Zero was a dupe; retransmit: 0, pkt_enqueue_time=2013014296826.2195, pkt_dequeue_time=2013014296826.2195, forwarded_or_dropped=1, reason_for_drop='Expiry'
DUPE: 2009546517872_Node0_Node8_Zero, Node4 id 2009546517872_Node0_Node8_Zero was a dupe; retransmit: 0, pkt_enqueue_time=2013019496480.765, pkt_dequeue_time=2013019496480.765, forwarded_or_dropped=1, reason_for_drop='Expiry'
DUPE: 2001098364411_Node0_Node8_Zero, Node2 id 2001098364411_Node0_Node8_Zero was a dupe; retransmit: 0, pkt_enqueue_time=2013022899577.9863, pkt_dequeue_time=2013022899577.9863, forwarded_or_dropped=1, reason_for_drop='Expiry'
DUPE: 2001103825557_Node0_Node8_Zero, Node2 id 2001103825557_Node0_Node8_Zero was a dupe; retransmit: 0, pkt_enqueue_time=2013022899577.9863, pkt_dequeue_time=2013022899577.9863, forwarded_or_dropped=1, reason_for_drop='Expiry'
DUPE: 2001142079086_Node0_Node8_Zero, Node2 id 2001142079086_Node0_Node8_Zero was a dupe; retransmit: 0, pkt_enqueue_time=2013027056449.9863, pkt_dequeue_time=2013027056449.9863, forwarded_or_dropped=1, reason_for_drop='Expiry'
DUPE: 2001147542343_Node0_Node8_Zero, Node2 id 2001147542343_Node0_Node8_Zero was a dupe; retransmit: 0, pkt_enqueue_time=2013027056449.9863, pkt_dequeue_time=2013027056449.9863, forwarded_or_dropped=1, reason_for_drop='Expiry'
DUPE: 2009038284323_Node0_Node8_Zero, Node4 id 2009038284323_Node0_Node8_Zero was a dupe; retransmit: 0, pkt_enqueue_time=2013033378267.8044, pkt_dequeue_time=2013033378267.8044, forwarded_or_dropped=1, reason_for_drop='Expiry'
DUPE: 2008672168737_Node0_Node8_Zero, Node4 id 2008672168737_Node0_Node8_Zero was a dupe; retransmit: 0, pkt_enqueue_time=2013040371922.3499, pkt_dequeue_time=2013040371922.3499, forwarded_or_dropped=1, reason_for_drop='Expiry'
DUPE: 2001032785027_Node0_Node8_Zero, Node2 id 2001032785027_Node0_Node8_Zero was a dupe; retransmit: 0, pkt_enqueue_time=2013051215247.6228, pkt_dequeue_time=2013051215247.6228, forwarded_or_dropped=1, reason_for_drop='Expiry'
DUPE: 2001038245955_Node0_Node8_Zero, Node2 id 2001038245955_Node0_Node8_Zero was a dupe; retransmit: 0, pkt_enqueue_time=2013051215247.6228, pkt_dequeue_time=2013051215247.6228, forwarded_or_dropped=1, reason_for_drop='Expiry'
DUPE: 2009005487608_Node0_Node8_Zero, Node4 id 2009005487608_Node0_Node8_Zero was a dupe; retransmit: 0, pkt_enqueue_time=2013058369065.441, pkt_dequeue_time=2013058369065.441, forwarded_or_dropped=1, reason_for_drop='Expiry'
DUPE: 2009010953790_Node0_Node8_Zero, Node4 id 2009010953790_Node0_Node8_Zero was a dupe; retransmit: 0, pkt_enqueue_time=2013064255937.441, pkt_dequeue_time=2013064255937.441, forwarded_or_dropped=1, reason_for_drop='Expiry'
DUPE: 2008978171172_Node0_Node8_Zero, Node4 id 2008978171172_Node0_Node8_Zero was a dupe; retransmit: 0, pkt_enqueue_time=2013072955591.9863, pkt_dequeue_time=2013072955591.9863, forwarded_or_dropped=1, reason_for_drop='Expiry'
DUPE: 2007945391959_Node0_Node8_Zero, Node2 id 2007945391959_Node0_Node8_Zero was a dupe; retransmit: 0, pkt_enqueue_time=2013075432565.2593, pkt_dequeue_time=2013075432565.2593, forwarded_or_dropped=1, reason_for_drop='Expiry'
DUPE: 2008623005379_Node0_Node8_Zero, Node4 id 2008623005379_Node0_Node8_Zero was a dupe; retransmit: 0, pkt_enqueue_time=2013084890383.0774, pkt_dequeue_time=2013084890383.0774, forwarded_or_dropped=1, reason_for_drop='Expiry'
DUPE: 2009016421231_Node0_Node8_Zero, Node4 id 2009016421231_Node0_Node8_Zero was a dupe; retransmit: 0, pkt_enqueue_time=2013095031037.6228, pkt_dequeue_time=2013095031037.6228, forwarded_or_dropped=1, reason_for_drop='Expiry'
DUPE: 2000655768423_Node0_Node8_Zero, Node2 id 2000655768423_Node0_Node8_Zero was a dupe; retransmit: 0, pkt_enqueue_time=2013098053134.8047, pkt_dequeue_time=2013098053134.8047, forwarded_or_dropped=1, reason_for_drop='Expiry'
DUPE: 2002704829931_Node0_Node8_Zero, Node6 id 2002704829931_Node0_Node8_Zero was a dupe; retransmit: 0, pkt_enqueue_time=2013112471810.441, pkt_dequeue_time=2013112471810.441, forwarded_or_dropped=1, reason_for_drop='Expiry'
DUPE: 2002710299292_Node0_Node8_Zero, Node6 id 2002710299292_Node0_Node8_Zero was a dupe; retransmit: 0, pkt_enqueue_time=2013112471810.441, pkt_dequeue_time=2013112471810.441, forwarded_or_dropped=1, reason_for_drop='Expiry'
DUPE: 2000770520691_Node0_Node8_Zero, Node2 id 2000770520691_Node0_Node8_Zero was a dupe; retransmit: 0, pkt_enqueue_time=2013122722922.1682, pkt_dequeue_time=2013122722922.1682, forwarded_or_dropped=1, reason_for_drop='Expiry'
DUPE: 2000775983908_Node0_Node8_Zero, Node2 id 2000775983908_Node0_Node8_Zero was a dupe; retransmit: 0, pkt_enqueue_time=2013122722922.1682, pkt_dequeue_time=2013122722922.1682, forwarded_or_dropped=1, reason_for_drop='Expiry'
DUPE: 2002808651603_Node0_Node8_Zero, Node6 id 2002808651603_Node0_Node8_Zero was a dupe; retransmit: 0, pkt_enqueue_time=2013129864210.0774, pkt_dequeue_time=2013129864210.0774, forwarded_or_dropped=1, reason_for_drop='Expiry'
DUPE: 2002814118821_Node0_Node8_Zero, Node6 id 2002814118821_Node0_Node8_Zero was a dupe; retransmit: 0, pkt_enqueue_time=2013129864210.0774, pkt_dequeue_time=2013129864210.0774, forwarded_or_dropped=1, reason_for_drop='Expiry'
DUPE: 2002655657131_Node0_Node8_Zero, Node6 id 2002655657131_Node0_Node8_Zero was a dupe; retransmit: 0, pkt_enqueue_time=2013148046773.7139, pkt_dequeue_time=2013148046773.7139, forwarded_or_dropped=1, reason_for_drop='Expiry'
DUPE: 2002661125726_Node0_Node8_Zero, Node6 id 2002661125726_Node0_Node8_Zero was a dupe; retransmit: 0, pkt_enqueue_time=2013148046773.7139, pkt_dequeue_time=2013148046773.7139, forwarded_or_dropped=1, reason_for_drop='Expiry'
DUPE: 2002693905249_Node0_Node8_Zero, Node6 id 2002693905249_Node0_Node8_Zero was a dupe; retransmit: 0, pkt_enqueue_time=2013154843645.7139, pkt_dequeue_time=2013154843645.7139, forwarded_or_dropped=1, reason_for_drop='Expiry'
DUPE: 2002699368983_Node0_Node8_Zero, Node6 id 2002699368983_Node0_Node8_Zero was a dupe; retransmit: 0, pkt_enqueue_time=2013154843645.7139, pkt_dequeue_time=2013154843645.7139, forwarded_or_dropped=1, reason_for_drop='Expiry'
DUPE: 2002633801405_Node0_Node8_Zero, Node6 id 2002633801405_Node0_Node8_Zero was a dupe; retransmit: 0, pkt_enqueue_time=2013173212209.3503, pkt_dequeue_time=2013173212209.3503, forwarded_or_dropped=1, reason_for_drop='Expiry'
DUPE: 2002639270809_Node0_Node8_Zero, Node6 id 2002639270809_Node0_Node8_Zero was a dupe; retransmit: 0, pkt_enqueue_time=2013173212209.3503, pkt_dequeue_time=2013173212209.3503, forwarded_or_dropped=1, reason_for_drop='Expiry'
DUPE: 2002644732842_Node0_Node8_Zero, Node6 id 2002644732842_Node0_Node8_Zero was a dupe; retransmit: 0, pkt_enqueue_time=2013176509081.3503, pkt_dequeue_time=2013176509081.3503, forwarded_or_dropped=1, reason_for_drop='Expiry'
DUPE: 2002650194520_Node0_Node8_Zero, Node6 id 2002650194520_Node0_Node8_Zero was a dupe; retransmit: 0, pkt_enqueue_time=2013176509081.3503, pkt_dequeue_time=2013176509081.3503, forwarded_or_dropped=1, reason_for_drop='Expiry'
DUPE: 2009010953790_Node0_Node8_Zero, Node6 id 2009010953790_Node0_Node8_Zero was a dupe; retransmit: 0, pkt_enqueue_time=2013196448644.9868, pkt_dequeue_time=2013196448644.9868, forwarded_or_dropped=1, reason_for_drop='Expiry'
DUPE: 2009016421231_Node0_Node8_Zero, Node6 id 2009016421231_Node0_Node8_Zero was a dupe; retransmit: 0, pkt_enqueue_time=2013196448644.9868, pkt_dequeue_time=2013196448644.9868, forwarded_or_dropped=1, reason_for_drop='Expiry'
Called Update: UpdateRouteCalls = 0, force = False
Called Update: UpdateRouteCalls = 1, force = False
Node.py: (Node2)@2013200000000.0: Updated MCS from 0 to 0, hist=deque([5.555555555555555, 0.5964912280701754, 0.8983050847457628, 0.3107344632768362, 2.272727272727273], maxlen=5), packets_serviced=25, packets_received=11
Called Update: UpdateRouteCalls = 2, force = False
Called Update: UpdateRouteCalls = 3, force = False
Node.py: (Node4)@2013200000000.0: Updated MCS from 3 to 3, hist=deque([0.34, 0.410958904109589, 0.4069767441860465, 0.4316546762589928, 0.14814814814814814], maxlen=5), packets_serviced=12, packets_received=81
Called Update: UpdateRouteCalls = 4, force = False
Called Update: UpdateRouteCalls = 5, force = False
Node.py: (Node6)@2013200000000.0: Updated MCS from 3 to 3, hist=deque([0.1794871794871795, 0.31746031746031744, 0.5882352941176471, 0.864406779661017, 0.38461538461538464], maxlen=5), packets_serviced=10, packets_received=26
Called Update: UpdateRouteCalls = 6, force = False
Called Update: UpdateRouteCalls = 7, force = False
Called Update: UpdateRouteCalls = 8, force = False
Called Update: UpdateRouteCalls = 9, force = False
!! UPDATING !!
routeNo, updatedMCSIndex =  0 [2, 0, 3, 3]
DUPE: 2002666588483_Node0_Node8_Zero, Node6 id 2002666588483_Node0_Node8_Zero was a dupe; retransmit: 0, pkt_enqueue_time=2013217379208.6233, pkt_dequeue_time=2013217379208.6233, forwarded_or_dropped=1, reason_for_drop='Expiry'
DUPE: 2002672050940_Node0_Node8_Zero, Node6 id 2002672050940_Node0_Node8_Zero was a dupe; retransmit: 0, pkt_enqueue_time=2013217379208.6233, pkt_dequeue_time=2013217379208.6233, forwarded_or_dropped=1, reason_for_drop='Expiry'
DUPE: 2002819585742_Node0_Node8_Zero, Node6 id 2002819585742_Node0_Node8_Zero was a dupe; retransmit: 0, pkt_enqueue_time=2013238481772.2598, pkt_dequeue_time=2013238481772.2598, forwarded_or_dropped=1, reason_for_drop='Expiry'
DUPE: 2002825049814_Node0_Node8_Zero, Node6 id 2002825049814_Node0_Node8_Zero was a dupe; retransmit: 0, pkt_enqueue_time=2013238481772.2598, pkt_dequeue_time=2013238481772.2598, forwarded_or_dropped=1, reason_for_drop='Expiry'
Called Update: UpdateRouteCalls = 0, force = False
Called Update: UpdateRouteCalls = 1, force = False
Called Update: UpdateRouteCalls = 2, force = False
Called Update: UpdateRouteCalls = 3, force = False
Called Update: UpdateRouteCalls = 4, force = False
Called Update: UpdateRouteCalls = 5, force = False
Node.py: (Node6)@2013600000000.0: Updated MCS from 3 to 3, hist=deque([0.31746031746031744, 0.5882352941176471, 0.864406779661017, 0.38461538461538464, 0.0], maxlen=5), packets_serviced=0, packets_received=4
Called Update: UpdateRouteCalls = 6, force = False
Called Update: UpdateRouteCalls = 7, force = False
Called Update: UpdateRouteCalls = 8, force = False
Called Update: UpdateRouteCalls = 9, force = False
!! UPDATING !!
routeNo, updatedMCSIndex =  0 [2, 0, 3, 3]

Total number of generated packets: 3205
Total number of delivered packets: 3125 # Use all_stats.csv to check PDR
Average number of packets genetated every second: 228.92857142857142
Average number of packets delivered every second: 223.21428571428572
Standard deviation of packets genetated every second: 124.37125545588688
Standard deviation of packets delivered every second: 115.03240448513911
Average number of packets genetated every millisecond: 0.22892857142857143
Average number of packets delivered every millisecond: 0.22321428571428573
Standard deviation of packets genetated every millisecond: 0.4528705214337465
Standard deviation of packets delivered every millisecond: 0.4305690053491391
Average delay: 244.3274448182352
Standard deviation of delay: 916.8695916723876
Minimum delay: 0.5034359998535365
Maximum delay: 12439.244682618184
Total number of retransmissions: 7713
Node0
Avg Received Power: 3.27e-13, Node2: [Avg:1.33e-12, Max:6.68e-12, Min:5.26e-13], Node4: [Avg:2.75e-13, Max:1.04e-12, Min:1.31e-13], Node6: [Avg:3.54e-13, Max:9.73e-13, Min:8.41e-14], 
Avg INTF: 7.09e-13, Node2: [Avg:1.33e-12, Max:6.68e-12, Min:5.26e-13], Node4: [Avg:2.75e-13, Max:1.04e-12, Min:1.31e-13], Node6: [Avg:3.54e-13, Max:9.73e-13, Min:8.41e-14], 
Self Tx power: RTS: (Avg: 0.0234, Min: 0.0077, Max: 0.1006), CTS: (Avg: 0.0102, Min: 0.0077, Max: 0.0201), ACK: (Avg: nan, Min: inf, Max: -inf), Data: (Avg: 0.0224, Min: 0.0053, Max: 0.1006)
CTS retry: 705, ACK retry: 1283, # Receiver Drops: 32, # Pkts Receiver Drops: 32, # Sent ACKs: 0, # Pkts ACK sent for: 0, # Retransmissions: 1988, # Pkts Retransmitted: 3267, # Receptions: 0, # Pkts Received: 0, # Forwards: 499, # Pkts Forwarded: 1395

Node1
Avg Received Power: 2.89e-12, Node0: [Avg:7.69e-12, Max:3.54e-11, Min:2.10e-12], Node2: [Avg:5.29e-12, Max:2.67e-11, Min:2.10e-12], Node4: [Avg:4.63e-13, Max:1.86e-12, Min:2.34e-13], Node6: [Avg:4.90e-13, Max:1.40e-12, Min:1.21e-13], 
Avg INTF: 3.92e-12, Node0: [Avg:7.69e-12, Max:3.54e-11, Min:2.10e-12], Node2: [Avg:5.29e-12, Max:2.67e-11, Min:2.10e-12], Node4: [Avg:4.63e-13, Max:1.86e-12, Min:2.34e-13], Node6: [Avg:4.90e-13, Max:1.40e-12, Min:1.21e-13], 
Self Tx power: RTS: (Avg: nan, Min: inf, Max: -inf), CTS: (Avg: nan, Min: inf, Max: -inf), ACK: (Avg: nan, Min: inf, Max: -inf), Data: (Avg: nan, Min: inf, Max: -inf)
CTS retry: 0, ACK retry: 0, # Receiver Drops: 0, # Pkts Receiver Drops: 0, # Sent ACKs: 0, # Pkts ACK sent for: 0, # Retransmissions: 0, # Pkts Retransmitted: 0, # Receptions: 0, # Pkts Received: 0, # Forwards: 0, # Pkts Forwarded: 0

Node2
Avg Received Power: 7.40e-13, Node0: [Avg:1.93e-12, Max:8.85e-12, Min:5.26e-13], Node4: [Avg:1.05e-12, Max:4.18e-12, Min:5.26e-13], Node6: [Avg:7.60e-13, Max:2.19e-12, Min:1.89e-13], 
Avg INTF: 9.99e-13, Node4: [Avg:1.05e-12, Max:4.18e-12, Min:5.26e-13], Node6: [Avg:7.60e-13, Max:2.19e-12, Min:1.89e-13], 
Self Tx power: RTS: (Avg: 0.0154, Min: 0.0077, Max: 0.1594), CTS: (Avg: 0.0117, Min: 0.0077, Max: 0.0201), ACK: (Avg: 0.0077, Min: 0.0077, Max: 0.0077), Data: (Avg: 0.0139, Min: 0.0053, Max: 0.1594)
CTS retry: 510, ACK retry: 832, # Receiver Drops: 404, # Pkts Receiver Drops: 547, # Sent ACKs: 1419, # Pkts ACK sent for: 2860, # Retransmissions: 1342, # Pkts Retransmitted: 1821, # Receptions: 1419, # Pkts Received: 2752, # Forwards: 355, # Pkts Forwarded: 988

Node3
Avg Received Power: 2.37e-12, Node0: [Avg:8.54e-13, Max:3.93e-12, Min:2.34e-13], Node2: [Avg:5.29e-12, Max:2.67e-11, Min:2.10e-12], Node4: [Avg:4.17e-12, Max:1.67e-11, Min:2.10e-12], Node6: [Avg:1.36e-12, Max:3.89e-12, Min:3.37e-13], 
Avg INTF: 3.22e-12, Node0: [Avg:8.54e-13, Max:3.93e-12, Min:2.34e-13], Node2: [Avg:5.29e-12, Max:2.67e-11, Min:2.10e-12], Node4: [Avg:4.17e-12, Max:1.67e-11, Min:2.10e-12], Node6: [Avg:1.36e-12, Max:3.89e-12, Min:3.37e-13], 
Self Tx power: RTS: (Avg: nan, Min: inf, Max: -inf), CTS: (Avg: nan, Min: inf, Max: -inf), ACK: (Avg: nan, Min: inf, Max: -inf), Data: (Avg: nan, Min: inf, Max: -inf)
CTS retry: 0, ACK retry: 0, # Receiver Drops: 0, # Pkts Receiver Drops: 0, # Sent ACKs: 0, # Pkts ACK sent for: 0, # Retransmissions: 0, # Pkts Retransmitted: 0, # Receptions: 0, # Pkts Received: 0, # Forwards: 0, # Pkts Forwarded: 0

Node4
Avg Received Power: 5.18e-13, Node0: [Avg:4.99e-13, Max:2.21e-12, Min:1.31e-13], Node2: [Avg:1.34e-12, Max:6.68e-12, Min:5.26e-13], Node6: [Avg:3.06e-12, Max:8.76e-12, Min:7.57e-13], 
Avg INTF: 1.10e-12, Node0: [Avg:4.99e-13, Max:2.21e-12, Min:1.31e-13], Node6: [Avg:3.06e-12, Max:8.76e-12, Min:7.57e-13], 
Self Tx power: RTS: (Avg: 0.0135, Min: 0.0077, Max: 0.0609), CTS: (Avg: 0.0108, Min: 0.0077, Max: 0.0201), ACK: (Avg: 0.0077, Min: 0.0077, Max: 0.0077), Data: (Avg: 0.0119, Min: 0.0053, Max: 0.0609)
CTS retry: 202, ACK retry: 1406, # Receiver Drops: 461, # Pkts Receiver Drops: 550, # Sent ACKs: 1161, # Pkts ACK sent for: 1914, # Retransmissions: 1608, # Pkts Retransmitted: 2255, # Receptions: 1161, # Pkts Received: 1895, # Forwards: 248, # Pkts Forwarded: 501

Node5
Avg Received Power: 1.99e-12, Node0: [Avg:3.08e-13, Max:1.42e-12, Min:8.41e-14], Node2: [Avg:5.87e-13, Max:2.97e-12, Min:2.34e-13], Node4: [Avg:4.17e-12, Max:1.67e-11, Min:2.10e-12], Node6: [Avg:1.22e-11, Max:3.50e-11, Min:3.03e-12], 
Avg INTF: 2.71e-12, Node0: [Avg:3.08e-13, Max:1.42e-12, Min:8.41e-14], Node2: [Avg:5.87e-13, Max:2.97e-12, Min:2.34e-13], Node4: [Avg:4.17e-12, Max:1.67e-11, Min:2.10e-12], Node6: [Avg:1.22e-11, Max:3.50e-11, Min:3.03e-12], 
Self Tx power: RTS: (Avg: nan, Min: inf, Max: -inf), CTS: (Avg: nan, Min: inf, Max: -inf), ACK: (Avg: nan, Min: inf, Max: -inf), Data: (Avg: nan, Min: inf, Max: -inf)
CTS retry: 0, ACK retry: 0, # Receiver Drops: 0, # Pkts Receiver Drops: 0, # Sent ACKs: 0, # Pkts ACK sent for: 0, # Retransmissions: 0, # Pkts Retransmitted: 0, # Receptions: 0, # Pkts Received: 0, # Forwards: 0, # Pkts Forwarded: 0

Node6
Avg Received Power: 3.82e-13, Node0: [Avg:2.17e-13, Max:9.83e-13, Min:5.84e-14], Node2: [Avg:3.33e-13, Max:1.67e-12, Min:1.31e-13], Node4: [Avg:1.04e-12, Max:4.18e-12, Min:5.26e-13], 
Avg INTF: 2.71e-13, Node0: [Avg:2.17e-13, Max:9.83e-13, Min:5.84e-14], Node2: [Avg:3.33e-13, Max:1.67e-12, Min:1.31e-13], 
Self Tx power: RTS: (Avg: 0.0359, Min: 0.0106, Max: 0.0886), CTS: (Avg: 0.0090, Min: 0.0077, Max: 0.0201), ACK: (Avg: 0.0077, Min: 0.0077, Max: 0.0077), Data: (Avg: 0.0359, Min: 0.0106, Max: 0.0886)
CTS retry: 21, ACK retry: 190, # Receiver Drops: 352, # Pkts Receiver Drops: 426, # Sent ACKs: 1843, # Pkts ACK sent for: 2711, # Retransmissions: 211, # Pkts Retransmitted: 370, # Receptions: 1843, # Pkts Received: 2660, # Forwards: 611, # Pkts Forwarded: 1020

Node7
Avg Received Power: 9.15e-13, Node0: [Avg:1.57e-13, Max:7.22e-13, Min:4.29e-14], Node2: [Avg:2.11e-13, Max:1.07e-12, Min:8.41e-14], Node4: [Avg:4.63e-13, Max:1.86e-12, Min:2.34e-13], Node6: [Avg:1.22e-11, Max:3.50e-11, Min:3.03e-12], 
Avg INTF: 1.24e-12, Node0: [Avg:1.57e-13, Max:7.22e-13, Min:4.29e-14], Node2: [Avg:2.11e-13, Max:1.07e-12, Min:8.41e-14], Node4: [Avg:4.63e-13, Max:1.86e-12, Min:2.34e-13], Node6: [Avg:1.22e-11, Max:3.50e-11, Min:3.03e-12], 
Self Tx power: RTS: (Avg: nan, Min: inf, Max: -inf), CTS: (Avg: nan, Min: inf, Max: -inf), ACK: (Avg: nan, Min: inf, Max: -inf), Data: (Avg: nan, Min: inf, Max: -inf)
CTS retry: 0, ACK retry: 0, # Receiver Drops: 0, # Pkts Receiver Drops: 0, # Sent ACKs: 0, # Pkts ACK sent for: 0, # Retransmissions: 0, # Pkts Retransmitted: 0, # Receptions: 0, # Pkts Received: 0, # Forwards: 0, # Pkts Forwarded: 0

Node8
Avg Received Power: 3.03e-13, Node0: [Avg:1.20e-13, Max:5.53e-13, Min:3.29e-14], Node2: [Avg:1.47e-13, Max:7.42e-13, Min:5.84e-14], Node4: [Avg:2.61e-13, Max:1.04e-12, Min:1.31e-13], Node6: [Avg:3.06e-12, Max:8.76e-12, Min:7.57e-13], 
Avg INTF: 1.82e-13, Node0: [Avg:1.20e-13, Max:5.53e-13, Min:3.29e-14], Node2: [Avg:1.47e-13, Max:7.42e-13, Min:5.84e-14], Node4: [Avg:2.61e-13, Max:1.04e-12, Min:1.31e-13], 
Self Tx power: RTS: (Avg: nan, Min: inf, Max: -inf), CTS: (Avg: nan, Min: inf, Max: -inf), ACK: (Avg: 0.0077, Min: 0.0077, Max: 0.0077), Data: (Avg: nan, Min: inf, Max: -inf)
CTS retry: 0, ACK retry: 0, # Receiver Drops: 54, # Pkts Receiver Drops: 112, # Sent ACKs: 770, # Pkts ACK sent for: 1294, # Retransmissions: 0, # Pkts Retransmitted: 0, # Receptions: 770, # Pkts Received: 1278, # Forwards: 0, # Pkts Forwarded: 0

Node9
Avg Received Power: 2.07e-13, Node0: [Avg:4.80e-13, Max:2.21e-12, Min:1.31e-13], Node2: [Avg:2.64e-13, Max:1.34e-12, Min:1.05e-13], Node4: [Avg:1.30e-13, Max:5.22e-13, Min:6.57e-14], Node6: [Avg:2.35e-13, Max:6.74e-13, Min:5.83e-14], 
Avg INTF: 2.80e-13, Node0: [Avg:4.80e-13, Max:2.21e-12, Min:1.31e-13], Node2: [Avg:2.64e-13, Max:1.34e-12, Min:1.05e-13], Node4: [Avg:1.30e-13, Max:5.22e-13, Min:6.57e-14], Node6: [Avg:2.35e-13, Max:6.74e-13, Min:5.83e-14], 
Self Tx power: RTS: (Avg: nan, Min: inf, Max: -inf), CTS: (Avg: nan, Min: inf, Max: -inf), ACK: (Avg: nan, Min: inf, Max: -inf), Data: (Avg: nan, Min: inf, Max: -inf)
CTS retry: 0, ACK retry: 0, # Receiver Drops: 0, # Pkts Receiver Drops: 0, # Sent ACKs: 0, # Pkts ACK sent for: 0, # Retransmissions: 0, # Pkts Retransmitted: 0, # Receptions: 0, # Pkts Received: 0, # Forwards: 0, # Pkts Forwarded: 0

