Transmitting_Power = 0.007663753805745297, Maximum_Transmitting_Power = 0.10059677066255387
MAX_Transmission_Range = 1223.8180011750112, MAX_Transmission_Range_Squared = 1497730.4999999998
parameters.py INITIALIZED
mobility parameters INITIALIZED
Seed: 7447
Traffic flows: 1
Trajectory Run No./ Mobility Model : TCPIPE_BSCAP_
Seed value: 7447
Mobility Model: TCPIPE_BSCAP_
Number of Nodes: 8 UAVs + 1 BS; Node Speed: 40 m/s
Data Rate: [2] Mbps
Percentage Node Failure: 0
TC_PIPE_mobility_ON: True
Transmitting_Power = 0.007663753805745297, Maximum_Transmitting_Power = 0.10059677066255387
MAX_Transmission_Range = 1223.8180011750112, MAX_Transmission_Range_Squared = 1497730.4999999998
parameters.py INITIALIZED
mobility parameters INITIALIZED
node.py: Node0 created with coordinates 0 2000 with routing power 0.007664
node.py: Node1 created with coordinates 1000 2000 with routing power 0.007664
node.py: Node2 created with coordinates 2000 2000 with routing power 0.007664
node.py: Node3 created with coordinates 3000 2000 with routing power 0.007664
node.py: Node4 created with coordinates 4000 2000 with routing power 0.007664
node.py: Node5 created with coordinates 5000 2000 with routing power 0.007664
node.py: Node6 created with coordinates 6000 2000 with routing power 0.007664
node.py: Node7 created with coordinates 7000 2000 with routing power 0.007664
node.py: Node8 created with coordinates 8000 2000 with routing power 0.007664
node.py: Node9 created with coordinates 0 0 with routing power 0.007664
SIM_TIME_MOBILITY =  2014
MAX TRANSMISSION RANGE for all nodes - mobility.py =  1223.8180011750112
DATA_RATE =  [2]  No._Nodes =  9  Map_Size =  4000 x 4000
MOBILITY PROCESS (^) and NETWORK UPDATE (rf.updateNetworkTopology(env,nodes) HAS BEEN STARTED 
Multiple Targets located at  [[2000 4000]]
main.py: Progress: 0 / 2014
main.py: Progress: 1 / 2014
main.py: Progress: 2 / 2014
main.py: Progress: 3 / 2014
main.py: Progress: 4 / 2014
main.py: Progress: 5 / 2014
main.py: Progress: 6 / 2014
main.py: Progress: 7 / 2014
main.py: Progress: 8 / 2014
main.py: Progress: 9 / 2014
main.py: Progress: 10 / 2014
main.py: Progress: 11 / 2014
main.py: Progress: 12 / 2014
main.py: Progress: 13 / 2014
main.py: Progress: 14 / 2014
main.py: Progress: 15 / 2014
main.py: Progress: 16 / 2014
main.py: Progress: 17 / 2014
main.py: Progress: 18 / 2014
main.py: Progress: 19 / 2014
main.py: Progress: 20 / 2014
main.py: Progress: 21 / 2014
main.py: Progress: 22 / 2014
main.py: Progress: 23 / 2014
main.py: Progress: 24 / 2014
main.py: Progress: 25 / 2014
main.py: Progress: 26 / 2014
main.py: Progress: 27 / 2014
main.py: Progress: 28 / 2014
main.py: Progress: 29 / 2014
main.py: Progress: 30 / 2014
main.py: Progress: 31 / 2014
main.py: Progress: 32 / 2014
main.py: Progress: 33 / 2014
main.py: Progress: 34 / 2014
main.py: Progress: 35 / 2014
main.py: Progress: 36 / 2014
main.py: Progress: 37 / 2014
main.py: Progress: 38 / 2014
main.py: Progress: 39 / 2014
main.py: Progress: 40 / 2014
main.py: Progress: 41 / 2014
main.py: Progress: 42 / 2014
main.py: Progress: 43 / 2014
main.py: Progress: 44 / 2014
main.py: Progress: 45 / 2014
main.py: Progress: 46 / 2014
main.py: Progress: 47 / 2014
main.py: Progress: 48 / 2014
main.py: Progress: 49 / 2014
main.py: Progress: 50 / 2014
main.py: Progress: 51 / 2014
main.py: Progress: 52 / 2014
main.py: Progress: 53 / 2014
main.py: Progress: 54 / 2014
main.py: Progress: 55 / 2014
main.py: Progress: 56 / 2014
main.py: Progress: 57 / 2014
main.py: Progress: 58 / 2014
main.py: Progress: 59 / 2014
main.py: Progress: 60 / 2014
main.py: Progress: 61 / 2014
main.py: Progress: 62 / 2014
main.py: Progress: 63 / 2014
main.py: Progress: 64 / 2014
main.py: Progress: 65 / 2014
main.py: Progress: 66 / 2014
main.py: Progress: 67 / 2014
main.py: Progress: 68 / 2014
main.py: Progress: 69 / 2014
main.py: Progress: 70 / 2014
main.py: Progress: 71 / 2014
main.py: Progress: 72 / 2014
main.py: Progress: 73 / 2014
main.py: Progress: 74 / 2014
main.py: Progress: 75 / 2014
main.py: Progress: 76 / 2014
main.py: Progress: 77 / 2014
main.py: Progress: 78 / 2014
main.py: Progress: 79 / 2014
main.py: Progress: 80 / 2014
main.py: Progress: 81 / 2014
main.py: Progress: 82 / 2014
main.py: Progress: 83 / 2014
main.py: Progress: 84 / 2014
main.py: Progress: 85 / 2014
main.py: Progress: 86 / 2014
main.py: Progress: 87 / 2014
main.py: Progress: 88 / 2014
main.py: Progress: 89 / 2014
main.py: Progress: 90 / 2014
main.py: Progress: 91 / 2014
main.py: Progress: 92 / 2014
main.py: Progress: 93 / 2014
main.py: Progress: 94 / 2014
main.py: Progress: 95 / 2014
main.py: Progress: 96 / 2014
main.py: Progress: 97 / 2014
main.py: Progress: 98 / 2014
main.py: Progress: 99 / 2014
main.py: Progress: 100 / 2014
main.py: Progress: 101 / 2014
main.py: Progress: 102 / 2014
main.py: Progress: 103 / 2014
main.py: Progress: 104 / 2014
main.py: Progress: 105 / 2014
main.py: Progress: 106 / 2014
main.py: Progress: 107 / 2014
main.py: Progress: 108 / 2014
main.py: Progress: 109 / 2014
main.py: Progress: 110 / 2014
main.py: Progress: 111 / 2014
main.py: Progress: 112 / 2014
main.py: Progress: 113 / 2014
main.py: Progress: 114 / 2014
main.py: Progress: 115 / 2014
main.py: Progress: 116 / 2014
main.py: Progress: 117 / 2014
main.py: Progress: 118 / 2014
main.py: Progress: 119 / 2014
main.py: Progress: 120 / 2014
main.py: Progress: 121 / 2014
main.py: Progress: 122 / 2014
main.py: Progress: 123 / 2014
main.py: Progress: 124 / 2014
main.py: Progress: 125 / 2014
main.py: Progress: 126 / 2014
main.py: Progress: 127 / 2014
main.py: Progress: 128 / 2014
main.py: Progress: 129 / 2014
main.py: Progress: 130 / 2014
main.py: Progress: 131 / 2014
main.py: Progress: 132 / 2014
main.py: Progress: 133 / 2014
main.py: Progress: 134 / 2014
main.py: Progress: 135 / 2014
main.py: Progress: 136 / 2014
main.py: Progress: 137 / 2014
main.py: Progress: 138 / 2014
main.py: Progress: 139 / 2014
main.py: Progress: 140 / 2014
main.py: Progress: 141 / 2014
main.py: Progress: 142 / 2014
main.py: Progress: 143 / 2014
main.py: Progress: 144 / 2014
main.py: Progress: 145 / 2014
main.py: Progress: 146 / 2014
main.py: Progress: 147 / 2014
main.py: Progress: 148 / 2014
main.py: Progress: 149 / 2014
main.py: Progress: 150 / 2014
main.py: Progress: 151 / 2014
main.py: Progress: 152 / 2014
main.py: Progress: 153 / 2014
main.py: Progress: 154 / 2014
main.py: Progress: 155 / 2014
main.py: Progress: 156 / 2014
main.py: Progress: 157 / 2014
main.py: Progress: 158 / 2014
main.py: Progress: 159 / 2014
main.py: Progress: 160 / 2014
main.py: Progress: 161 / 2014
main.py: Progress: 162 / 2014
main.py: Progress: 163 / 2014
main.py: Progress: 164 / 2014
main.py: Progress: 165 / 2014
main.py: Progress: 166 / 2014
main.py: Progress: 167 / 2014
main.py: Progress: 168 / 2014
main.py: Progress: 169 / 2014
main.py: Progress: 170 / 2014
main.py: Progress: 171 / 2014
main.py: Progress: 172 / 2014
main.py: Progress: 173 / 2014
main.py: Progress: 174 / 2014
main.py: Progress: 175 / 2014
main.py: Progress: 176 / 2014
main.py: Progress: 177 / 2014
main.py: Progress: 178 / 2014
main.py: Progress: 179 / 2014
main.py: Progress: 180 / 2014
main.py: Progress: 181 / 2014
main.py: Progress: 182 / 2014
main.py: Progress: 183 / 2014
main.py: Progress: 184 / 2014
main.py: Progress: 185 / 2014
main.py: Progress: 186 / 2014
main.py: Progress: 187 / 2014
main.py: Progress: 188 / 2014
main.py: Progress: 189 / 2014
main.py: Progress: 190 / 2014
main.py: Progress: 191 / 2014
main.py: Progress: 192 / 2014
main.py: Progress: 193 / 2014
main.py: Progress: 194 / 2014
main.py: Progress: 195 / 2014
main.py: Progress: 196 / 2014
main.py: Progress: 197 / 2014
main.py: Progress: 198 / 2014
main.py: Progress: 199 / 2014
main.py: Progress: 200 / 2014
main.py: Progress: 201 / 2014
main.py: Progress: 202 / 2014
main.py: Progress: 203 / 2014
main.py: Progress: 204 / 2014
main.py: Progress: 205 / 2014
main.py: Progress: 206 / 2014
main.py: Progress: 207 / 2014
main.py: Progress: 208 / 2014
main.py: Progress: 209 / 2014
main.py: Progress: 210 / 2014
main.py: Progress: 211 / 2014
main.py: Progress: 212 / 2014
main.py: Progress: 213 / 2014
main.py: Progress: 214 / 2014
main.py: Progress: 215 / 2014
main.py: Progress: 216 / 2014
main.py: Progress: 217 / 2014
main.py: Progress: 218 / 2014
main.py: Progress: 219 / 2014
main.py: Progress: 220 / 2014
main.py: Progress: 221 / 2014
main.py: Progress: 222 / 2014
main.py: Progress: 223 / 2014
main.py: Progress: 224 / 2014
main.py: Progress: 225 / 2014
main.py: Progress: 226 / 2014
main.py: Progress: 227 / 2014
main.py: Progress: 228 / 2014
main.py: Progress: 229 / 2014
main.py: Progress: 230 / 2014
main.py: Progress: 231 / 2014
main.py: Progress: 232 / 2014
main.py: Progress: 233 / 2014
main.py: Progress: 234 / 2014
main.py: Progress: 235 / 2014
main.py: Progress: 236 / 2014
main.py: Progress: 237 / 2014
main.py: Progress: 238 / 2014
main.py: Progress: 239 / 2014
main.py: Progress: 240 / 2014
main.py: Progress: 241 / 2014
main.py: Progress: 242 / 2014
main.py: Progress: 243 / 2014
main.py: Progress: 244 / 2014
main.py: Progress: 245 / 2014
main.py: Progress: 246 / 2014
main.py: Progress: 247 / 2014
main.py: Progress: 248 / 2014
main.py: Progress: 249 / 2014
main.py: Progress: 250 / 2014
main.py: Progress: 251 / 2014
main.py: Progress: 252 / 2014
main.py: Progress: 253 / 2014
main.py: Progress: 254 / 2014
main.py: Progress: 255 / 2014
main.py: Progress: 256 / 2014
main.py: Progress: 257 / 2014
main.py: Progress: 258 / 2014
main.py: Progress: 259 / 2014
main.py: Progress: 260 / 2014
main.py: Progress: 261 / 2014
main.py: Progress: 262 / 2014
main.py: Progress: 263 / 2014
main.py: Progress: 264 / 2014
main.py: Progress: 265 / 2014
main.py: Progress: 266 / 2014
main.py: Progress: 267 / 2014
main.py: Progress: 268 / 2014
main.py: Progress: 269 / 2014
main.py: Progress: 270 / 2014
main.py: Progress: 271 / 2014
main.py: Progress: 272 / 2014
main.py: Progress: 273 / 2014
main.py: Progress: 274 / 2014
main.py: Progress: 275 / 2014
main.py: Progress: 276 / 2014
main.py: Progress: 277 / 2014
main.py: Progress: 278 / 2014
main.py: Progress: 279 / 2014
main.py: Progress: 280 / 2014
main.py: Progress: 281 / 2014
main.py: Progress: 282 / 2014
main.py: Progress: 283 / 2014
main.py: Progress: 284 / 2014
main.py: Progress: 285 / 2014
main.py: Progress: 286 / 2014
main.py: Progress: 287 / 2014
main.py: Progress: 288 / 2014
main.py: Progress: 289 / 2014
main.py: Progress: 290 / 2014
main.py: Progress: 291 / 2014
main.py: Progress: 292 / 2014
main.py: Progress: 293 / 2014
main.py: Progress: 294 / 2014
main.py: Progress: 295 / 2014
main.py: Progress: 296 / 2014
main.py: Progress: 297 / 2014
main.py: Progress: 298 / 2014
main.py: Progress: 299 / 2014
main.py: Progress: 300 / 2014
main.py: Progress: 301 / 2014
main.py: Progress: 302 / 2014
main.py: Progress: 303 / 2014
main.py: Progress: 304 / 2014
main.py: Progress: 305 / 2014
main.py: Progress: 306 / 2014
main.py: Progress: 307 / 2014
main.py: Progress: 308 / 2014
main.py: Progress: 309 / 2014
main.py: Progress: 310 / 2014
main.py: Progress: 311 / 2014
main.py: Progress: 312 / 2014
main.py: Progress: 313 / 2014
main.py: Progress: 314 / 2014
main.py: Progress: 315 / 2014
main.py: Progress: 316 / 2014
main.py: Progress: 317 / 2014
main.py: Progress: 318 / 2014
main.py: Progress: 319 / 2014
main.py: Progress: 320 / 2014
main.py: Progress: 321 / 2014
main.py: Progress: 322 / 2014
main.py: Progress: 323 / 2014
main.py: Progress: 324 / 2014
main.py: Progress: 325 / 2014
main.py: Progress: 326 / 2014
main.py: Progress: 327 / 2014
main.py: Progress: 328 / 2014
main.py: Progress: 329 / 2014
main.py: Progress: 330 / 2014
main.py: Progress: 331 / 2014
main.py: Progress: 332 / 2014
main.py: Progress: 333 / 2014
main.py: Progress: 334 / 2014
main.py: Progress: 335 / 2014
main.py: Progress: 336 / 2014
main.py: Progress: 337 / 2014
main.py: Progress: 338 / 2014
main.py: Progress: 339 / 2014
main.py: Progress: 340 / 2014
main.py: Progress: 341 / 2014
main.py: Progress: 342 / 2014
main.py: Progress: 343 / 2014
main.py: Progress: 344 / 2014
main.py: Progress: 345 / 2014
main.py: Progress: 346 / 2014
main.py: Progress: 347 / 2014
main.py: Progress: 348 / 2014
main.py: Progress: 349 / 2014
main.py: Progress: 350 / 2014
main.py: Progress: 351 / 2014
main.py: Progress: 352 / 2014
main.py: Progress: 353 / 2014
main.py: Progress: 354 / 2014
main.py: Progress: 355 / 2014
main.py: Progress: 356 / 2014
main.py: Progress: 357 / 2014
main.py: Progress: 358 / 2014
main.py: Progress: 359 / 2014
main.py: Progress: 360 / 2014
main.py: Progress: 361 / 2014
main.py: Progress: 362 / 2014
main.py: Progress: 363 / 2014
main.py: Progress: 364 / 2014
main.py: Progress: 365 / 2014
main.py: Progress: 366 / 2014
main.py: Progress: 367 / 2014
main.py: Progress: 368 / 2014
main.py: Progress: 369 / 2014
main.py: Progress: 370 / 2014
main.py: Progress: 371 / 2014
main.py: Progress: 372 / 2014
main.py: Progress: 373 / 2014
main.py: Progress: 374 / 2014
main.py: Progress: 375 / 2014
main.py: Progress: 376 / 2014
main.py: Progress: 377 / 2014
main.py: Progress: 378 / 2014
main.py: Progress: 379 / 2014
main.py: Progress: 380 / 2014
main.py: Progress: 381 / 2014
main.py: Progress: 382 / 2014
main.py: Progress: 383 / 2014
main.py: Progress: 384 / 2014
main.py: Progress: 385 / 2014
main.py: Progress: 386 / 2014
main.py: Progress: 387 / 2014
main.py: Progress: 388 / 2014
main.py: Progress: 389 / 2014
main.py: Progress: 390 / 2014
main.py: Progress: 391 / 2014
main.py: Progress: 392 / 2014
main.py: Progress: 393 / 2014
main.py: Progress: 394 / 2014
main.py: Progress: 395 / 2014
main.py: Progress: 396 / 2014
main.py: Progress: 397 / 2014
main.py: Progress: 398 / 2014
main.py: Progress: 399 / 2014
main.py: Progress: 400 / 2014
main.py: Progress: 401 / 2014
main.py: Progress: 402 / 2014
main.py: Progress: 403 / 2014
main.py: Progress: 404 / 2014
main.py: Progress: 405 / 2014
main.py: Progress: 406 / 2014
main.py: Progress: 407 / 2014
main.py: Progress: 408 / 2014
main.py: Progress: 409 / 2014
main.py: Progress: 410 / 2014
main.py: Progress: 411 / 2014
main.py: Progress: 412 / 2014
main.py: Progress: 413 / 2014
main.py: Progress: 414 / 2014
main.py: Progress: 415 / 2014
main.py: Progress: 416 / 2014
main.py: Progress: 417 / 2014
main.py: Progress: 418 / 2014
main.py: Progress: 419 / 2014
main.py: Progress: 420 / 2014
main.py: Progress: 421 / 2014
main.py: Progress: 422 / 2014
main.py: Progress: 423 / 2014
main.py: Progress: 424 / 2014
main.py: Progress: 425 / 2014
main.py: Progress: 426 / 2014
main.py: Progress: 427 / 2014
main.py: Progress: 428 / 2014
main.py: Progress: 429 / 2014
main.py: Progress: 430 / 2014
main.py: Progress: 431 / 2014
main.py: Progress: 432 / 2014
main.py: Progress: 433 / 2014
main.py: Progress: 434 / 2014
main.py: Progress: 435 / 2014
main.py: Progress: 436 / 2014
main.py: Progress: 437 / 2014
main.py: Progress: 438 / 2014
main.py: Progress: 439 / 2014
main.py: Progress: 440 / 2014
main.py: Progress: 441 / 2014
main.py: Progress: 442 / 2014
main.py: Progress: 443 / 2014
main.py: Progress: 444 / 2014
main.py: Progress: 445 / 2014
main.py: Progress: 446 / 2014
main.py: Progress: 447 / 2014
main.py: Progress: 448 / 2014
main.py: Progress: 449 / 2014
main.py: Progress: 450 / 2014
main.py: Progress: 451 / 2014
main.py: Progress: 452 / 2014
main.py: Progress: 453 / 2014
main.py: Progress: 454 / 2014
main.py: Progress: 455 / 2014
main.py: Progress: 456 / 2014
main.py: Progress: 457 / 2014
main.py: Progress: 458 / 2014
main.py: Progress: 459 / 2014
main.py: Progress: 460 / 2014
main.py: Progress: 461 / 2014
main.py: Progress: 462 / 2014
main.py: Progress: 463 / 2014
main.py: Progress: 464 / 2014
main.py: Progress: 465 / 2014
main.py: Progress: 466 / 2014
main.py: Progress: 467 / 2014
main.py: Progress: 468 / 2014
main.py: Progress: 469 / 2014
main.py: Progress: 470 / 2014
main.py: Progress: 471 / 2014
main.py: Progress: 472 / 2014
main.py: Progress: 473 / 2014
main.py: Progress: 474 / 2014
main.py: Progress: 475 / 2014
main.py: Progress: 476 / 2014
main.py: Progress: 477 / 2014
main.py: Progress: 478 / 2014
main.py: Progress: 479 / 2014
main.py: Progress: 480 / 2014
main.py: Progress: 481 / 2014
main.py: Progress: 482 / 2014
main.py: Progress: 483 / 2014
main.py: Progress: 484 / 2014
main.py: Progress: 485 / 2014
main.py: Progress: 486 / 2014
main.py: Progress: 487 / 2014
main.py: Progress: 488 / 2014
main.py: Progress: 489 / 2014
main.py: Progress: 490 / 2014
main.py: Progress: 491 / 2014
main.py: Progress: 492 / 2014
main.py: Progress: 493 / 2014
main.py: Progress: 494 / 2014
main.py: Progress: 495 / 2014
main.py: Progress: 496 / 2014
main.py: Progress: 497 / 2014
main.py: Progress: 498 / 2014
main.py: Progress: 499 / 2014
main.py: Progress: 500 / 2014
main.py: Progress: 501 / 2014
main.py: Progress: 502 / 2014
main.py: Progress: 503 / 2014
main.py: Progress: 504 / 2014
main.py: Progress: 505 / 2014
main.py: Progress: 506 / 2014
main.py: Progress: 507 / 2014
main.py: Progress: 508 / 2014
main.py: Progress: 509 / 2014
main.py: Progress: 510 / 2014
main.py: Progress: 511 / 2014
main.py: Progress: 512 / 2014
main.py: Progress: 513 / 2014
main.py: Progress: 514 / 2014
main.py: Progress: 515 / 2014
main.py: Progress: 516 / 2014
main.py: Progress: 517 / 2014
main.py: Progress: 518 / 2014
main.py: Progress: 519 / 2014
main.py: Progress: 520 / 2014
main.py: Progress: 521 / 2014
main.py: Progress: 522 / 2014
main.py: Progress: 523 / 2014
main.py: Progress: 524 / 2014
main.py: Progress: 525 / 2014
main.py: Progress: 526 / 2014
main.py: Progress: 527 / 2014
main.py: Progress: 528 / 2014
main.py: Progress: 529 / 2014
main.py: Progress: 530 / 2014
main.py: Progress: 531 / 2014
main.py: Progress: 532 / 2014
main.py: Progress: 533 / 2014
main.py: Progress: 534 / 2014
main.py: Progress: 535 / 2014
main.py: Progress: 536 / 2014
main.py: Progress: 537 / 2014
main.py: Progress: 538 / 2014
main.py: Progress: 539 / 2014
main.py: Progress: 540 / 2014
main.py: Progress: 541 / 2014
main.py: Progress: 542 / 2014
main.py: Progress: 543 / 2014
main.py: Progress: 544 / 2014
main.py: Progress: 545 / 2014
main.py: Progress: 546 / 2014
main.py: Progress: 547 / 2014
main.py: Progress: 548 / 2014
main.py: Progress: 549 / 2014
main.py: Progress: 550 / 2014
main.py: Progress: 551 / 2014
main.py: Progress: 552 / 2014
main.py: Progress: 553 / 2014
main.py: Progress: 554 / 2014
main.py: Progress: 555 / 2014
main.py: Progress: 556 / 2014
main.py: Progress: 557 / 2014
main.py: Progress: 558 / 2014
main.py: Progress: 559 / 2014
main.py: Progress: 560 / 2014
main.py: Progress: 561 / 2014
main.py: Progress: 562 / 2014
main.py: Progress: 563 / 2014
main.py: Progress: 564 / 2014
main.py: Progress: 565 / 2014
main.py: Progress: 566 / 2014
main.py: Progress: 567 / 2014
main.py: Progress: 568 / 2014
main.py: Progress: 569 / 2014
main.py: Progress: 570 / 2014
main.py: Progress: 571 / 2014
main.py: Progress: 572 / 2014
main.py: Progress: 573 / 2014
main.py: Progress: 574 / 2014
main.py: Progress: 575 / 2014
main.py: Progress: 576 / 2014
main.py: Progress: 577 / 2014
main.py: Progress: 578 / 2014
main.py: Progress: 579 / 2014
main.py: Progress: 580 / 2014
main.py: Progress: 581 / 2014
main.py: Progress: 582 / 2014
main.py: Progress: 583 / 2014
main.py: Progress: 584 / 2014
main.py: Progress: 585 / 2014
main.py: Progress: 586 / 2014
main.py: Progress: 587 / 2014
main.py: Progress: 588 / 2014
main.py: Progress: 589 / 2014
main.py: Progress: 590 / 2014
main.py: Progress: 591 / 2014
main.py: Progress: 592 / 2014
main.py: Progress: 593 / 2014
main.py: Progress: 594 / 2014
main.py: Progress: 595 / 2014
main.py: Progress: 596 / 2014
main.py: Progress: 597 / 2014
main.py: Progress: 598 / 2014
main.py: Progress: 599 / 2014
main.py: Progress: 600 / 2014
main.py: Progress: 601 / 2014
main.py: Progress: 602 / 2014
main.py: Progress: 603 / 2014
main.py: Progress: 604 / 2014
main.py: Progress: 605 / 2014
main.py: Progress: 606 / 2014
main.py: Progress: 607 / 2014
main.py: Progress: 608 / 2014
main.py: Progress: 609 / 2014
main.py: Progress: 610 / 2014
main.py: Progress: 611 / 2014
main.py: Progress: 612 / 2014
main.py: Progress: 613 / 2014
main.py: Progress: 614 / 2014
main.py: Progress: 615 / 2014
main.py: Progress: 616 / 2014
main.py: Progress: 617 / 2014
main.py: Progress: 618 / 2014
main.py: Progress: 619 / 2014
main.py: Progress: 620 / 2014
main.py: Progress: 621 / 2014
main.py: Progress: 622 / 2014
main.py: Progress: 623 / 2014
main.py: Progress: 624 / 2014
main.py: Progress: 625 / 2014
main.py: Progress: 626 / 2014
main.py: Progress: 627 / 2014
main.py: Progress: 628 / 2014
main.py: Progress: 629 / 2014
main.py: Progress: 630 / 2014
main.py: Progress: 631 / 2014
main.py: Progress: 632 / 2014
main.py: Progress: 633 / 2014
main.py: Progress: 634 / 2014
main.py: Progress: 635 / 2014
main.py: Progress: 636 / 2014
main.py: Progress: 637 / 2014
main.py: Progress: 638 / 2014
main.py: Progress: 639 / 2014
main.py: Progress: 640 / 2014
main.py: Progress: 641 / 2014
main.py: Progress: 642 / 2014
main.py: Progress: 643 / 2014
main.py: Progress: 644 / 2014
main.py: Progress: 645 / 2014
main.py: Progress: 646 / 2014
main.py: Progress: 647 / 2014
main.py: Progress: 648 / 2014
main.py: Progress: 649 / 2014
main.py: Progress: 650 / 2014
main.py: Progress: 651 / 2014
main.py: Progress: 652 / 2014
main.py: Progress: 653 / 2014
main.py: Progress: 654 / 2014
main.py: Progress: 655 / 2014
main.py: Progress: 656 / 2014
main.py: Progress: 657 / 2014
main.py: Progress: 658 / 2014
main.py: Progress: 659 / 2014
main.py: Progress: 660 / 2014
main.py: Progress: 661 / 2014
main.py: Progress: 662 / 2014
main.py: Progress: 663 / 2014
main.py: Progress: 664 / 2014
main.py: Progress: 665 / 2014
main.py: Progress: 666 / 2014
main.py: Progress: 667 / 2014
main.py: Progress: 668 / 2014
main.py: Progress: 669 / 2014
main.py: Progress: 670 / 2014
main.py: Progress: 671 / 2014
main.py: Progress: 672 / 2014
main.py: Progress: 673 / 2014
main.py: Progress: 674 / 2014
main.py: Progress: 675 / 2014
main.py: Progress: 676 / 2014
main.py: Progress: 677 / 2014
main.py: Progress: 678 / 2014
main.py: Progress: 679 / 2014
main.py: Progress: 680 / 2014
main.py: Progress: 681 / 2014
main.py: Progress: 682 / 2014
main.py: Progress: 683 / 2014
main.py: Progress: 684 / 2014
main.py: Progress: 685 / 2014
main.py: Progress: 686 / 2014
main.py: Progress: 687 / 2014
main.py: Progress: 688 / 2014
main.py: Progress: 689 / 2014
main.py: Progress: 690 / 2014
main.py: Progress: 691 / 2014
main.py: Progress: 692 / 2014
main.py: Progress: 693 / 2014
main.py: Progress: 694 / 2014
main.py: Progress: 695 / 2014
main.py: Progress: 696 / 2014
main.py: Progress: 697 / 2014
main.py: Progress: 698 / 2014
main.py: Progress: 699 / 2014
main.py: Progress: 700 / 2014
main.py: Progress: 701 / 2014
main.py: Progress: 702 / 2014
main.py: Progress: 703 / 2014
main.py: Progress: 704 / 2014
main.py: Progress: 705 / 2014
main.py: Progress: 706 / 2014
main.py: Progress: 707 / 2014
main.py: Progress: 708 / 2014
main.py: Progress: 709 / 2014
main.py: Progress: 710 / 2014
main.py: Progress: 711 / 2014
main.py: Progress: 712 / 2014
main.py: Progress: 713 / 2014
main.py: Progress: 714 / 2014
main.py: Progress: 715 / 2014
main.py: Progress: 716 / 2014
main.py: Progress: 717 / 2014
main.py: Progress: 718 / 2014
main.py: Progress: 719 / 2014
main.py: Progress: 720 / 2014
main.py: Progress: 721 / 2014
main.py: Progress: 722 / 2014
main.py: Progress: 723 / 2014
main.py: Progress: 724 / 2014
main.py: Progress: 725 / 2014
main.py: Progress: 726 / 2014
main.py: Progress: 727 / 2014
main.py: Progress: 728 / 2014
main.py: Progress: 729 / 2014
main.py: Progress: 730 / 2014
main.py: Progress: 731 / 2014
main.py: Progress: 732 / 2014
main.py: Progress: 733 / 2014
main.py: Progress: 734 / 2014
main.py: Progress: 735 / 2014
main.py: Progress: 736 / 2014
main.py: Progress: 737 / 2014
main.py: Progress: 738 / 2014
main.py: Progress: 739 / 2014
main.py: Progress: 740 / 2014
main.py: Progress: 741 / 2014
main.py: Progress: 742 / 2014
main.py: Progress: 743 / 2014
main.py: Progress: 744 / 2014
main.py: Progress: 745 / 2014
main.py: Progress: 746 / 2014
main.py: Progress: 747 / 2014
main.py: Progress: 748 / 2014
main.py: Progress: 749 / 2014
main.py: Progress: 750 / 2014
main.py: Progress: 751 / 2014
main.py: Progress: 752 / 2014
main.py: Progress: 753 / 2014
main.py: Progress: 754 / 2014
main.py: Progress: 755 / 2014
main.py: Progress: 756 / 2014
main.py: Progress: 757 / 2014
main.py: Progress: 758 / 2014
main.py: Progress: 759 / 2014
main.py: Progress: 760 / 2014
main.py: Progress: 761 / 2014
main.py: Progress: 762 / 2014
main.py: Progress: 763 / 2014
main.py: Progress: 764 / 2014
main.py: Progress: 765 / 2014
main.py: Progress: 766 / 2014
main.py: Progress: 767 / 2014
main.py: Progress: 768 / 2014
main.py: Progress: 769 / 2014
main.py: Progress: 770 / 2014
main.py: Progress: 771 / 2014
main.py: Progress: 772 / 2014
main.py: Progress: 773 / 2014
main.py: Progress: 774 / 2014
main.py: Progress: 775 / 2014
main.py: Progress: 776 / 2014
main.py: Progress: 777 / 2014
main.py: Progress: 778 / 2014
main.py: Progress: 779 / 2014
main.py: Progress: 780 / 2014
main.py: Progress: 781 / 2014
main.py: Progress: 782 / 2014
main.py: Progress: 783 / 2014
main.py: Progress: 784 / 2014
main.py: Progress: 785 / 2014
main.py: Progress: 786 / 2014
main.py: Progress: 787 / 2014
main.py: Progress: 788 / 2014
main.py: Progress: 789 / 2014
main.py: Progress: 790 / 2014
main.py: Progress: 791 / 2014
main.py: Progress: 792 / 2014
main.py: Progress: 793 / 2014
main.py: Progress: 794 / 2014
main.py: Progress: 795 / 2014
main.py: Progress: 796 / 2014
main.py: Progress: 797 / 2014
main.py: Progress: 798 / 2014
main.py: Progress: 799 / 2014
main.py: Progress: 800 / 2014
main.py: Progress: 801 / 2014
main.py: Progress: 802 / 2014
main.py: Progress: 803 / 2014
main.py: Progress: 804 / 2014
main.py: Progress: 805 / 2014
main.py: Progress: 806 / 2014
main.py: Progress: 807 / 2014
main.py: Progress: 808 / 2014
main.py: Progress: 809 / 2014
main.py: Progress: 810 / 2014
main.py: Progress: 811 / 2014
main.py: Progress: 812 / 2014
main.py: Progress: 813 / 2014
main.py: Progress: 814 / 2014
main.py: Progress: 815 / 2014
main.py: Progress: 816 / 2014
main.py: Progress: 817 / 2014
main.py: Progress: 818 / 2014
main.py: Progress: 819 / 2014
main.py: Progress: 820 / 2014
main.py: Progress: 821 / 2014
main.py: Progress: 822 / 2014
main.py: Progress: 823 / 2014
main.py: Progress: 824 / 2014
main.py: Progress: 825 / 2014
main.py: Progress: 826 / 2014
main.py: Progress: 827 / 2014
main.py: Progress: 828 / 2014
main.py: Progress: 829 / 2014
main.py: Progress: 830 / 2014
main.py: Progress: 831 / 2014
main.py: Progress: 832 / 2014
main.py: Progress: 833 / 2014
main.py: Progress: 834 / 2014
main.py: Progress: 835 / 2014
main.py: Progress: 836 / 2014
main.py: Progress: 837 / 2014
main.py: Progress: 838 / 2014
main.py: Progress: 839 / 2014
main.py: Progress: 840 / 2014
main.py: Progress: 841 / 2014
main.py: Progress: 842 / 2014
main.py: Progress: 843 / 2014
main.py: Progress: 844 / 2014
main.py: Progress: 845 / 2014
main.py: Progress: 846 / 2014
main.py: Progress: 847 / 2014
main.py: Progress: 848 / 2014
main.py: Progress: 849 / 2014
main.py: Progress: 850 / 2014
main.py: Progress: 851 / 2014
main.py: Progress: 852 / 2014
main.py: Progress: 853 / 2014
main.py: Progress: 854 / 2014
main.py: Progress: 855 / 2014
main.py: Progress: 856 / 2014
main.py: Progress: 857 / 2014
main.py: Progress: 858 / 2014
main.py: Progress: 859 / 2014
main.py: Progress: 860 / 2014
main.py: Progress: 861 / 2014
main.py: Progress: 862 / 2014
main.py: Progress: 863 / 2014
main.py: Progress: 864 / 2014
main.py: Progress: 865 / 2014
main.py: Progress: 866 / 2014
main.py: Progress: 867 / 2014
main.py: Progress: 868 / 2014
main.py: Progress: 869 / 2014
main.py: Progress: 870 / 2014
main.py: Progress: 871 / 2014
main.py: Progress: 872 / 2014
main.py: Progress: 873 / 2014
main.py: Progress: 874 / 2014
main.py: Progress: 875 / 2014
main.py: Progress: 876 / 2014
main.py: Progress: 877 / 2014
main.py: Progress: 878 / 2014
main.py: Progress: 879 / 2014
main.py: Progress: 880 / 2014
main.py: Progress: 881 / 2014
main.py: Progress: 882 / 2014
main.py: Progress: 883 / 2014
main.py: Progress: 884 / 2014
main.py: Progress: 885 / 2014
main.py: Progress: 886 / 2014
main.py: Progress: 887 / 2014
main.py: Progress: 888 / 2014
main.py: Progress: 889 / 2014
main.py: Progress: 890 / 2014
main.py: Progress: 891 / 2014
main.py: Progress: 892 / 2014
main.py: Progress: 893 / 2014
main.py: Progress: 894 / 2014
main.py: Progress: 895 / 2014
main.py: Progress: 896 / 2014
main.py: Progress: 897 / 2014
main.py: Progress: 898 / 2014
main.py: Progress: 899 / 2014
main.py: Progress: 900 / 2014
main.py: Progress: 901 / 2014
main.py: Progress: 902 / 2014
main.py: Progress: 903 / 2014
main.py: Progress: 904 / 2014
main.py: Progress: 905 / 2014
main.py: Progress: 906 / 2014
main.py: Progress: 907 / 2014
main.py: Progress: 908 / 2014
main.py: Progress: 909 / 2014
main.py: Progress: 910 / 2014
main.py: Progress: 911 / 2014
main.py: Progress: 912 / 2014
main.py: Progress: 913 / 2014
main.py: Progress: 914 / 2014
main.py: Progress: 915 / 2014
main.py: Progress: 916 / 2014
main.py: Progress: 917 / 2014
main.py: Progress: 918 / 2014
main.py: Progress: 919 / 2014
main.py: Progress: 920 / 2014
main.py: Progress: 921 / 2014
main.py: Progress: 922 / 2014
main.py: Progress: 923 / 2014
main.py: Progress: 924 / 2014
main.py: Progress: 925 / 2014
main.py: Progress: 926 / 2014
main.py: Progress: 927 / 2014
main.py: Progress: 928 / 2014
main.py: Progress: 929 / 2014
main.py: Progress: 930 / 2014
main.py: Progress: 931 / 2014
main.py: Progress: 932 / 2014
main.py: Progress: 933 / 2014
main.py: Progress: 934 / 2014
main.py: Progress: 935 / 2014
main.py: Progress: 936 / 2014
main.py: Progress: 937 / 2014
main.py: Progress: 938 / 2014
main.py: Progress: 939 / 2014
main.py: Progress: 940 / 2014
main.py: Progress: 941 / 2014
main.py: Progress: 942 / 2014
main.py: Progress: 943 / 2014
main.py: Progress: 944 / 2014
main.py: Progress: 945 / 2014
main.py: Progress: 946 / 2014
main.py: Progress: 947 / 2014
main.py: Progress: 948 / 2014
main.py: Progress: 949 / 2014
main.py: Progress: 950 / 2014
main.py: Progress: 951 / 2014
main.py: Progress: 952 / 2014
main.py: Progress: 953 / 2014
main.py: Progress: 954 / 2014
main.py: Progress: 955 / 2014
main.py: Progress: 956 / 2014
main.py: Progress: 957 / 2014
main.py: Progress: 958 / 2014
main.py: Progress: 959 / 2014
main.py: Progress: 960 / 2014
main.py: Progress: 961 / 2014
main.py: Progress: 962 / 2014
main.py: Progress: 963 / 2014
main.py: Progress: 964 / 2014
main.py: Progress: 965 / 2014
main.py: Progress: 966 / 2014
main.py: Progress: 967 / 2014
main.py: Progress: 968 / 2014
main.py: Progress: 969 / 2014
main.py: Progress: 970 / 2014
main.py: Progress: 971 / 2014
main.py: Progress: 972 / 2014
main.py: Progress: 973 / 2014
main.py: Progress: 974 / 2014
main.py: Progress: 975 / 2014
main.py: Progress: 976 / 2014
main.py: Progress: 977 / 2014
main.py: Progress: 978 / 2014
main.py: Progress: 979 / 2014
main.py: Progress: 980 / 2014
main.py: Progress: 981 / 2014
main.py: Progress: 982 / 2014
main.py: Progress: 983 / 2014
main.py: Progress: 984 / 2014
main.py: Progress: 985 / 2014
main.py: Progress: 986 / 2014
main.py: Progress: 987 / 2014
main.py: Progress: 988 / 2014
main.py: Progress: 989 / 2014
main.py: Progress: 990 / 2014
main.py: Progress: 991 / 2014
main.py: Progress: 992 / 2014
main.py: Progress: 993 / 2014
main.py: Progress: 994 / 2014
main.py: Progress: 995 / 2014
main.py: Progress: 996 / 2014
main.py: Progress: 997 / 2014
main.py: Progress: 998 / 2014
main.py: Progress: 999 / 2014
main.py: Progress: 1000 / 2014
main.py: Progress: 1001 / 2014
main.py: Progress: 1002 / 2014
main.py: Progress: 1003 / 2014
main.py: Progress: 1004 / 2014
main.py: Progress: 1005 / 2014
main.py: Progress: 1006 / 2014
main.py: Progress: 1007 / 2014
main.py: Progress: 1008 / 2014
main.py: Progress: 1009 / 2014
main.py: Progress: 1010 / 2014
main.py: Progress: 1011 / 2014
main.py: Progress: 1012 / 2014
main.py: Progress: 1013 / 2014
main.py: Progress: 1014 / 2014
main.py: Progress: 1015 / 2014
main.py: Progress: 1016 / 2014
main.py: Progress: 1017 / 2014
main.py: Progress: 1018 / 2014
main.py: Progress: 1019 / 2014
main.py: Progress: 1020 / 2014
main.py: Progress: 1021 / 2014
main.py: Progress: 1022 / 2014
main.py: Progress: 1023 / 2014
main.py: Progress: 1024 / 2014
main.py: Progress: 1025 / 2014
main.py: Progress: 1026 / 2014
main.py: Progress: 1027 / 2014
main.py: Progress: 1028 / 2014
main.py: Progress: 1029 / 2014
main.py: Progress: 1030 / 2014
main.py: Progress: 1031 / 2014
main.py: Progress: 1032 / 2014
main.py: Progress: 1033 / 2014
main.py: Progress: 1034 / 2014
main.py: Progress: 1035 / 2014
main.py: Progress: 1036 / 2014
main.py: Progress: 1037 / 2014
main.py: Progress: 1038 / 2014
main.py: Progress: 1039 / 2014
main.py: Progress: 1040 / 2014
main.py: Progress: 1041 / 2014
main.py: Progress: 1042 / 2014
main.py: Progress: 1043 / 2014
main.py: Progress: 1044 / 2014
main.py: Progress: 1045 / 2014
main.py: Progress: 1046 / 2014
main.py: Progress: 1047 / 2014
main.py: Progress: 1048 / 2014
main.py: Progress: 1049 / 2014
main.py: Progress: 1050 / 2014
main.py: Progress: 1051 / 2014
main.py: Progress: 1052 / 2014
main.py: Progress: 1053 / 2014
main.py: Progress: 1054 / 2014
main.py: Progress: 1055 / 2014
main.py: Progress: 1056 / 2014
main.py: Progress: 1057 / 2014
main.py: Progress: 1058 / 2014
main.py: Progress: 1059 / 2014
main.py: Progress: 1060 / 2014
main.py: Progress: 1061 / 2014
main.py: Progress: 1062 / 2014
main.py: Progress: 1063 / 2014
main.py: Progress: 1064 / 2014
main.py: Progress: 1065 / 2014
main.py: Progress: 1066 / 2014
main.py: Progress: 1067 / 2014
main.py: Progress: 1068 / 2014
main.py: Progress: 1069 / 2014
main.py: Progress: 1070 / 2014
main.py: Progress: 1071 / 2014
main.py: Progress: 1072 / 2014
main.py: Progress: 1073 / 2014
main.py: Progress: 1074 / 2014
main.py: Progress: 1075 / 2014
main.py: Progress: 1076 / 2014
main.py: Progress: 1077 / 2014
main.py: Progress: 1078 / 2014
main.py: Progress: 1079 / 2014
main.py: Progress: 1080 / 2014
main.py: Progress: 1081 / 2014
main.py: Progress: 1082 / 2014
main.py: Progress: 1083 / 2014
main.py: Progress: 1084 / 2014
main.py: Progress: 1085 / 2014
main.py: Progress: 1086 / 2014
main.py: Progress: 1087 / 2014
main.py: Progress: 1088 / 2014
main.py: Progress: 1089 / 2014
main.py: Progress: 1090 / 2014
main.py: Progress: 1091 / 2014
main.py: Progress: 1092 / 2014
main.py: Progress: 1093 / 2014
main.py: Progress: 1094 / 2014
main.py: Progress: 1095 / 2014
main.py: Progress: 1096 / 2014
main.py: Progress: 1097 / 2014
main.py: Progress: 1098 / 2014
main.py: Progress: 1099 / 2014
main.py: Progress: 1100 / 2014
main.py: Progress: 1101 / 2014
main.py: Progress: 1102 / 2014
main.py: Progress: 1103 / 2014
main.py: Progress: 1104 / 2014
main.py: Progress: 1105 / 2014
main.py: Progress: 1106 / 2014
main.py: Progress: 1107 / 2014
main.py: Progress: 1108 / 2014
main.py: Progress: 1109 / 2014
main.py: Progress: 1110 / 2014
main.py: Progress: 1111 / 2014
main.py: Progress: 1112 / 2014
main.py: Progress: 1113 / 2014
main.py: Progress: 1114 / 2014
main.py: Progress: 1115 / 2014
main.py: Progress: 1116 / 2014
main.py: Progress: 1117 / 2014
main.py: Progress: 1118 / 2014
main.py: Progress: 1119 / 2014
main.py: Progress: 1120 / 2014
main.py: Progress: 1121 / 2014
main.py: Progress: 1122 / 2014
main.py: Progress: 1123 / 2014
main.py: Progress: 1124 / 2014
main.py: Progress: 1125 / 2014
main.py: Progress: 1126 / 2014
main.py: Progress: 1127 / 2014
main.py: Progress: 1128 / 2014
main.py: Progress: 1129 / 2014
main.py: Progress: 1130 / 2014
main.py: Progress: 1131 / 2014
main.py: Progress: 1132 / 2014
main.py: Progress: 1133 / 2014
main.py: Progress: 1134 / 2014
main.py: Progress: 1135 / 2014
main.py: Progress: 1136 / 2014
main.py: Progress: 1137 / 2014
main.py: Progress: 1138 / 2014
main.py: Progress: 1139 / 2014
main.py: Progress: 1140 / 2014
main.py: Progress: 1141 / 2014
main.py: Progress: 1142 / 2014
main.py: Progress: 1143 / 2014
main.py: Progress: 1144 / 2014
main.py: Progress: 1145 / 2014
main.py: Progress: 1146 / 2014
main.py: Progress: 1147 / 2014
main.py: Progress: 1148 / 2014
main.py: Progress: 1149 / 2014
main.py: Progress: 1150 / 2014
main.py: Progress: 1151 / 2014
main.py: Progress: 1152 / 2014
main.py: Progress: 1153 / 2014
main.py: Progress: 1154 / 2014
main.py: Progress: 1155 / 2014
main.py: Progress: 1156 / 2014
main.py: Progress: 1157 / 2014
main.py: Progress: 1158 / 2014
main.py: Progress: 1159 / 2014
main.py: Progress: 1160 / 2014
main.py: Progress: 1161 / 2014
main.py: Progress: 1162 / 2014
main.py: Progress: 1163 / 2014
main.py: Progress: 1164 / 2014
main.py: Progress: 1165 / 2014
main.py: Progress: 1166 / 2014
main.py: Progress: 1167 / 2014
main.py: Progress: 1168 / 2014
main.py: Progress: 1169 / 2014
main.py: Progress: 1170 / 2014
main.py: Progress: 1171 / 2014
main.py: Progress: 1172 / 2014
main.py: Progress: 1173 / 2014
main.py: Progress: 1174 / 2014
main.py: Progress: 1175 / 2014
main.py: Progress: 1176 / 2014
main.py: Progress: 1177 / 2014
main.py: Progress: 1178 / 2014
main.py: Progress: 1179 / 2014
main.py: Progress: 1180 / 2014
main.py: Progress: 1181 / 2014
main.py: Progress: 1182 / 2014
main.py: Progress: 1183 / 2014
main.py: Progress: 1184 / 2014
main.py: Progress: 1185 / 2014
main.py: Progress: 1186 / 2014
main.py: Progress: 1187 / 2014
main.py: Progress: 1188 / 2014
main.py: Progress: 1189 / 2014
main.py: Progress: 1190 / 2014
main.py: Progress: 1191 / 2014
main.py: Progress: 1192 / 2014
main.py: Progress: 1193 / 2014
main.py: Progress: 1194 / 2014
main.py: Progress: 1195 / 2014
main.py: Progress: 1196 / 2014
main.py: Progress: 1197 / 2014
main.py: Progress: 1198 / 2014
main.py: Progress: 1199 / 2014
main.py: Progress: 1200 / 2014
main.py: Progress: 1201 / 2014
main.py: Progress: 1202 / 2014
main.py: Progress: 1203 / 2014
main.py: Progress: 1204 / 2014
main.py: Progress: 1205 / 2014
main.py: Progress: 1206 / 2014
main.py: Progress: 1207 / 2014
main.py: Progress: 1208 / 2014
main.py: Progress: 1209 / 2014
main.py: Progress: 1210 / 2014
main.py: Progress: 1211 / 2014
main.py: Progress: 1212 / 2014
main.py: Progress: 1213 / 2014
main.py: Progress: 1214 / 2014
main.py: Progress: 1215 / 2014
main.py: Progress: 1216 / 2014
main.py: Progress: 1217 / 2014
main.py: Progress: 1218 / 2014
main.py: Progress: 1219 / 2014
main.py: Progress: 1220 / 2014
main.py: Progress: 1221 / 2014
main.py: Progress: 1222 / 2014
main.py: Progress: 1223 / 2014
main.py: Progress: 1224 / 2014
main.py: Progress: 1225 / 2014
main.py: Progress: 1226 / 2014
main.py: Progress: 1227 / 2014
main.py: Progress: 1228 / 2014
main.py: Progress: 1229 / 2014
main.py: Progress: 1230 / 2014
main.py: Progress: 1231 / 2014
main.py: Progress: 1232 / 2014
main.py: Progress: 1233 / 2014
main.py: Progress: 1234 / 2014
main.py: Progress: 1235 / 2014
main.py: Progress: 1236 / 2014
main.py: Progress: 1237 / 2014
main.py: Progress: 1238 / 2014
main.py: Progress: 1239 / 2014
main.py: Progress: 1240 / 2014
main.py: Progress: 1241 / 2014
main.py: Progress: 1242 / 2014
main.py: Progress: 1243 / 2014
main.py: Progress: 1244 / 2014
main.py: Progress: 1245 / 2014
main.py: Progress: 1246 / 2014
main.py: Progress: 1247 / 2014
main.py: Progress: 1248 / 2014
main.py: Progress: 1249 / 2014
main.py: Progress: 1250 / 2014
main.py: Progress: 1251 / 2014
main.py: Progress: 1252 / 2014
main.py: Progress: 1253 / 2014
main.py: Progress: 1254 / 2014
main.py: Progress: 1255 / 2014
main.py: Progress: 1256 / 2014
main.py: Progress: 1257 / 2014
main.py: Progress: 1258 / 2014
main.py: Progress: 1259 / 2014
main.py: Progress: 1260 / 2014
main.py: Progress: 1261 / 2014
main.py: Progress: 1262 / 2014
main.py: Progress: 1263 / 2014
main.py: Progress: 1264 / 2014
main.py: Progress: 1265 / 2014
main.py: Progress: 1266 / 2014
main.py: Progress: 1267 / 2014
main.py: Progress: 1268 / 2014
main.py: Progress: 1269 / 2014
main.py: Progress: 1270 / 2014
main.py: Progress: 1271 / 2014
main.py: Progress: 1272 / 2014
main.py: Progress: 1273 / 2014
main.py: Progress: 1274 / 2014
main.py: Progress: 1275 / 2014
main.py: Progress: 1276 / 2014
main.py: Progress: 1277 / 2014
main.py: Progress: 1278 / 2014
main.py: Progress: 1279 / 2014
main.py: Progress: 1280 / 2014
main.py: Progress: 1281 / 2014
main.py: Progress: 1282 / 2014
main.py: Progress: 1283 / 2014
main.py: Progress: 1284 / 2014
main.py: Progress: 1285 / 2014
main.py: Progress: 1286 / 2014
main.py: Progress: 1287 / 2014
main.py: Progress: 1288 / 2014
main.py: Progress: 1289 / 2014
main.py: Progress: 1290 / 2014
main.py: Progress: 1291 / 2014
main.py: Progress: 1292 / 2014
main.py: Progress: 1293 / 2014
main.py: Progress: 1294 / 2014
main.py: Progress: 1295 / 2014
main.py: Progress: 1296 / 2014
main.py: Progress: 1297 / 2014
main.py: Progress: 1298 / 2014
main.py: Progress: 1299 / 2014
main.py: Progress: 1300 / 2014
main.py: Progress: 1301 / 2014
main.py: Progress: 1302 / 2014
main.py: Progress: 1303 / 2014
main.py: Progress: 1304 / 2014
main.py: Progress: 1305 / 2014
main.py: Progress: 1306 / 2014
main.py: Progress: 1307 / 2014
main.py: Progress: 1308 / 2014
main.py: Progress: 1309 / 2014
main.py: Progress: 1310 / 2014
main.py: Progress: 1311 / 2014
main.py: Progress: 1312 / 2014
main.py: Progress: 1313 / 2014
main.py: Progress: 1314 / 2014
main.py: Progress: 1315 / 2014
main.py: Progress: 1316 / 2014
main.py: Progress: 1317 / 2014
main.py: Progress: 1318 / 2014
main.py: Progress: 1319 / 2014
main.py: Progress: 1320 / 2014
main.py: Progress: 1321 / 2014
main.py: Progress: 1322 / 2014
main.py: Progress: 1323 / 2014
main.py: Progress: 1324 / 2014
main.py: Progress: 1325 / 2014
main.py: Progress: 1326 / 2014
main.py: Progress: 1327 / 2014
main.py: Progress: 1328 / 2014
main.py: Progress: 1329 / 2014
main.py: Progress: 1330 / 2014
main.py: Progress: 1331 / 2014
main.py: Progress: 1332 / 2014
main.py: Progress: 1333 / 2014
main.py: Progress: 1334 / 2014
main.py: Progress: 1335 / 2014
main.py: Progress: 1336 / 2014
main.py: Progress: 1337 / 2014
main.py: Progress: 1338 / 2014
main.py: Progress: 1339 / 2014
main.py: Progress: 1340 / 2014
main.py: Progress: 1341 / 2014
main.py: Progress: 1342 / 2014
main.py: Progress: 1343 / 2014
main.py: Progress: 1344 / 2014
main.py: Progress: 1345 / 2014
main.py: Progress: 1346 / 2014
main.py: Progress: 1347 / 2014
main.py: Progress: 1348 / 2014
main.py: Progress: 1349 / 2014
main.py: Progress: 1350 / 2014
main.py: Progress: 1351 / 2014
main.py: Progress: 1352 / 2014
main.py: Progress: 1353 / 2014
main.py: Progress: 1354 / 2014
main.py: Progress: 1355 / 2014
main.py: Progress: 1356 / 2014
main.py: Progress: 1357 / 2014
main.py: Progress: 1358 / 2014
main.py: Progress: 1359 / 2014
main.py: Progress: 1360 / 2014
main.py: Progress: 1361 / 2014
main.py: Progress: 1362 / 2014
main.py: Progress: 1363 / 2014
main.py: Progress: 1364 / 2014
main.py: Progress: 1365 / 2014
main.py: Progress: 1366 / 2014
main.py: Progress: 1367 / 2014
main.py: Progress: 1368 / 2014
main.py: Progress: 1369 / 2014
main.py: Progress: 1370 / 2014
main.py: Progress: 1371 / 2014
main.py: Progress: 1372 / 2014
main.py: Progress: 1373 / 2014
main.py: Progress: 1374 / 2014
main.py: Progress: 1375 / 2014
main.py: Progress: 1376 / 2014
main.py: Progress: 1377 / 2014
main.py: Progress: 1378 / 2014
main.py: Progress: 1379 / 2014
main.py: Progress: 1380 / 2014
main.py: Progress: 1381 / 2014
main.py: Progress: 1382 / 2014
main.py: Progress: 1383 / 2014
main.py: Progress: 1384 / 2014
main.py: Progress: 1385 / 2014
main.py: Progress: 1386 / 2014
main.py: Progress: 1387 / 2014
main.py: Progress: 1388 / 2014
main.py: Progress: 1389 / 2014
main.py: Progress: 1390 / 2014
main.py: Progress: 1391 / 2014
main.py: Progress: 1392 / 2014
main.py: Progress: 1393 / 2014
main.py: Progress: 1394 / 2014
main.py: Progress: 1395 / 2014
main.py: Progress: 1396 / 2014
main.py: Progress: 1397 / 2014
main.py: Progress: 1398 / 2014
main.py: Progress: 1399 / 2014
main.py: Progress: 1400 / 2014
main.py: Progress: 1401 / 2014
main.py: Progress: 1402 / 2014
main.py: Progress: 1403 / 2014
main.py: Progress: 1404 / 2014
main.py: Progress: 1405 / 2014
main.py: Progress: 1406 / 2014
main.py: Progress: 1407 / 2014
main.py: Progress: 1408 / 2014
main.py: Progress: 1409 / 2014
main.py: Progress: 1410 / 2014
main.py: Progress: 1411 / 2014
main.py: Progress: 1412 / 2014
main.py: Progress: 1413 / 2014
main.py: Progress: 1414 / 2014
main.py: Progress: 1415 / 2014
main.py: Progress: 1416 / 2014
main.py: Progress: 1417 / 2014
main.py: Progress: 1418 / 2014
main.py: Progress: 1419 / 2014
main.py: Progress: 1420 / 2014
main.py: Progress: 1421 / 2014
main.py: Progress: 1422 / 2014
main.py: Progress: 1423 / 2014
main.py: Progress: 1424 / 2014
main.py: Progress: 1425 / 2014
main.py: Progress: 1426 / 2014
main.py: Progress: 1427 / 2014
main.py: Progress: 1428 / 2014
main.py: Progress: 1429 / 2014
main.py: Progress: 1430 / 2014
main.py: Progress: 1431 / 2014
main.py: Progress: 1432 / 2014
main.py: Progress: 1433 / 2014
main.py: Progress: 1434 / 2014
main.py: Progress: 1435 / 2014
main.py: Progress: 1436 / 2014
main.py: Progress: 1437 / 2014
main.py: Progress: 1438 / 2014
main.py: Progress: 1439 / 2014
main.py: Progress: 1440 / 2014
main.py: Progress: 1441 / 2014
main.py: Progress: 1442 / 2014
main.py: Progress: 1443 / 2014
main.py: Progress: 1444 / 2014
main.py: Progress: 1445 / 2014
main.py: Progress: 1446 / 2014
main.py: Progress: 1447 / 2014
main.py: Progress: 1448 / 2014
main.py: Progress: 1449 / 2014
main.py: Progress: 1450 / 2014
main.py: Progress: 1451 / 2014
main.py: Progress: 1452 / 2014
main.py: Progress: 1453 / 2014
main.py: Progress: 1454 / 2014
main.py: Progress: 1455 / 2014
main.py: Progress: 1456 / 2014
main.py: Progress: 1457 / 2014
main.py: Progress: 1458 / 2014
main.py: Progress: 1459 / 2014
main.py: Progress: 1460 / 2014
main.py: Progress: 1461 / 2014
main.py: Progress: 1462 / 2014
main.py: Progress: 1463 / 2014
main.py: Progress: 1464 / 2014
main.py: Progress: 1465 / 2014
main.py: Progress: 1466 / 2014
main.py: Progress: 1467 / 2014
main.py: Progress: 1468 / 2014
main.py: Progress: 1469 / 2014
main.py: Progress: 1470 / 2014
main.py: Progress: 1471 / 2014
main.py: Progress: 1472 / 2014
main.py: Progress: 1473 / 2014
main.py: Progress: 1474 / 2014
main.py: Progress: 1475 / 2014
main.py: Progress: 1476 / 2014
main.py: Progress: 1477 / 2014
main.py: Progress: 1478 / 2014
main.py: Progress: 1479 / 2014
main.py: Progress: 1480 / 2014
main.py: Progress: 1481 / 2014
main.py: Progress: 1482 / 2014
main.py: Progress: 1483 / 2014
main.py: Progress: 1484 / 2014
main.py: Progress: 1485 / 2014
main.py: Progress: 1486 / 2014
main.py: Progress: 1487 / 2014
main.py: Progress: 1488 / 2014
main.py: Progress: 1489 / 2014
main.py: Progress: 1490 / 2014
main.py: Progress: 1491 / 2014
main.py: Progress: 1492 / 2014
main.py: Progress: 1493 / 2014
main.py: Progress: 1494 / 2014
main.py: Progress: 1495 / 2014
main.py: Progress: 1496 / 2014
main.py: Progress: 1497 / 2014
main.py: Progress: 1498 / 2014
main.py: Progress: 1499 / 2014
main.py: Progress: 1500 / 2014
main.py: Progress: 1501 / 2014
main.py: Progress: 1502 / 2014
main.py: Progress: 1503 / 2014
main.py: Progress: 1504 / 2014
main.py: Progress: 1505 / 2014
main.py: Progress: 1506 / 2014
main.py: Progress: 1507 / 2014
main.py: Progress: 1508 / 2014
main.py: Progress: 1509 / 2014
main.py: Progress: 1510 / 2014
main.py: Progress: 1511 / 2014
main.py: Progress: 1512 / 2014
main.py: Progress: 1513 / 2014
main.py: Progress: 1514 / 2014
main.py: Progress: 1515 / 2014
main.py: Progress: 1516 / 2014
main.py: Progress: 1517 / 2014
main.py: Progress: 1518 / 2014
main.py: Progress: 1519 / 2014
main.py: Progress: 1520 / 2014
main.py: Progress: 1521 / 2014
main.py: Progress: 1522 / 2014
main.py: Progress: 1523 / 2014
main.py: Progress: 1524 / 2014
main.py: Progress: 1525 / 2014
main.py: Progress: 1526 / 2014
main.py: Progress: 1527 / 2014
main.py: Progress: 1528 / 2014
main.py: Progress: 1529 / 2014
main.py: Progress: 1530 / 2014
main.py: Progress: 1531 / 2014
main.py: Progress: 1532 / 2014
main.py: Progress: 1533 / 2014
main.py: Progress: 1534 / 2014
main.py: Progress: 1535 / 2014
main.py: Progress: 1536 / 2014
main.py: Progress: 1537 / 2014
main.py: Progress: 1538 / 2014
main.py: Progress: 1539 / 2014
main.py: Progress: 1540 / 2014
main.py: Progress: 1541 / 2014
main.py: Progress: 1542 / 2014
main.py: Progress: 1543 / 2014
main.py: Progress: 1544 / 2014
main.py: Progress: 1545 / 2014
main.py: Progress: 1546 / 2014
main.py: Progress: 1547 / 2014
main.py: Progress: 1548 / 2014
main.py: Progress: 1549 / 2014
main.py: Progress: 1550 / 2014
main.py: Progress: 1551 / 2014
main.py: Progress: 1552 / 2014
main.py: Progress: 1553 / 2014
main.py: Progress: 1554 / 2014
main.py: Progress: 1555 / 2014
main.py: Progress: 1556 / 2014
main.py: Progress: 1557 / 2014
main.py: Progress: 1558 / 2014
main.py: Progress: 1559 / 2014
main.py: Progress: 1560 / 2014
main.py: Progress: 1561 / 2014
main.py: Progress: 1562 / 2014
main.py: Progress: 1563 / 2014
main.py: Progress: 1564 / 2014
main.py: Progress: 1565 / 2014
main.py: Progress: 1566 / 2014
main.py: Progress: 1567 / 2014
main.py: Progress: 1568 / 2014
main.py: Progress: 1569 / 2014
main.py: Progress: 1570 / 2014
main.py: Progress: 1571 / 2014
main.py: Progress: 1572 / 2014
main.py: Progress: 1573 / 2014
main.py: Progress: 1574 / 2014
main.py: Progress: 1575 / 2014
main.py: Progress: 1576 / 2014
main.py: Progress: 1577 / 2014
main.py: Progress: 1578 / 2014
main.py: Progress: 1579 / 2014
main.py: Progress: 1580 / 2014
main.py: Progress: 1581 / 2014
main.py: Progress: 1582 / 2014
main.py: Progress: 1583 / 2014
main.py: Progress: 1584 / 2014
main.py: Progress: 1585 / 2014
main.py: Progress: 1586 / 2014
main.py: Progress: 1587 / 2014
main.py: Progress: 1588 / 2014
main.py: Progress: 1589 / 2014
main.py: Progress: 1590 / 2014
main.py: Progress: 1591 / 2014
main.py: Progress: 1592 / 2014
main.py: Progress: 1593 / 2014
main.py: Progress: 1594 / 2014
main.py: Progress: 1595 / 2014
main.py: Progress: 1596 / 2014
main.py: Progress: 1597 / 2014
main.py: Progress: 1598 / 2014
main.py: Progress: 1599 / 2014
main.py: Progress: 1600 / 2014
main.py: Progress: 1601 / 2014
main.py: Progress: 1602 / 2014
main.py: Progress: 1603 / 2014
main.py: Progress: 1604 / 2014
main.py: Progress: 1605 / 2014
main.py: Progress: 1606 / 2014
main.py: Progress: 1607 / 2014
main.py: Progress: 1608 / 2014
main.py: Progress: 1609 / 2014
main.py: Progress: 1610 / 2014
main.py: Progress: 1611 / 2014
main.py: Progress: 1612 / 2014
main.py: Progress: 1613 / 2014
main.py: Progress: 1614 / 2014
main.py: Progress: 1615 / 2014
main.py: Progress: 1616 / 2014
main.py: Progress: 1617 / 2014
main.py: Progress: 1618 / 2014
main.py: Progress: 1619 / 2014
main.py: Progress: 1620 / 2014
main.py: Progress: 1621 / 2014
main.py: Progress: 1622 / 2014
main.py: Progress: 1623 / 2014
main.py: Progress: 1624 / 2014
main.py: Progress: 1625 / 2014
main.py: Progress: 1626 / 2014
main.py: Progress: 1627 / 2014
main.py: Progress: 1628 / 2014
main.py: Progress: 1629 / 2014
main.py: Progress: 1630 / 2014
main.py: Progress: 1631 / 2014
main.py: Progress: 1632 / 2014
main.py: Progress: 1633 / 2014
main.py: Progress: 1634 / 2014
main.py: Progress: 1635 / 2014
main.py: Progress: 1636 / 2014
main.py: Progress: 1637 / 2014
main.py: Progress: 1638 / 2014
main.py: Progress: 1639 / 2014
main.py: Progress: 1640 / 2014
main.py: Progress: 1641 / 2014
main.py: Progress: 1642 / 2014
main.py: Progress: 1643 / 2014
main.py: Progress: 1644 / 2014
main.py: Progress: 1645 / 2014
main.py: Progress: 1646 / 2014
main.py: Progress: 1647 / 2014
main.py: Progress: 1648 / 2014
main.py: Progress: 1649 / 2014
main.py: Progress: 1650 / 2014
main.py: Progress: 1651 / 2014
main.py: Progress: 1652 / 2014
main.py: Progress: 1653 / 2014
main.py: Progress: 1654 / 2014
main.py: Progress: 1655 / 2014
main.py: Progress: 1656 / 2014
main.py: Progress: 1657 / 2014
main.py: Progress: 1658 / 2014
main.py: Progress: 1659 / 2014
main.py: Progress: 1660 / 2014
main.py: Progress: 1661 / 2014
main.py: Progress: 1662 / 2014
main.py: Progress: 1663 / 2014
main.py: Progress: 1664 / 2014
main.py: Progress: 1665 / 2014
main.py: Progress: 1666 / 2014
main.py: Progress: 1667 / 2014
main.py: Progress: 1668 / 2014
main.py: Progress: 1669 / 2014
main.py: Progress: 1670 / 2014
main.py: Progress: 1671 / 2014
main.py: Progress: 1672 / 2014
main.py: Progress: 1673 / 2014
main.py: Progress: 1674 / 2014
main.py: Progress: 1675 / 2014
main.py: Progress: 1676 / 2014
main.py: Progress: 1677 / 2014
main.py: Progress: 1678 / 2014
main.py: Progress: 1679 / 2014
main.py: Progress: 1680 / 2014
main.py: Progress: 1681 / 2014
main.py: Progress: 1682 / 2014
main.py: Progress: 1683 / 2014
main.py: Progress: 1684 / 2014
main.py: Progress: 1685 / 2014
main.py: Progress: 1686 / 2014
main.py: Progress: 1687 / 2014
main.py: Progress: 1688 / 2014
main.py: Progress: 1689 / 2014
main.py: Progress: 1690 / 2014
main.py: Progress: 1691 / 2014
main.py: Progress: 1692 / 2014
main.py: Progress: 1693 / 2014
main.py: Progress: 1694 / 2014
main.py: Progress: 1695 / 2014
main.py: Progress: 1696 / 2014
main.py: Progress: 1697 / 2014
main.py: Progress: 1698 / 2014
main.py: Progress: 1699 / 2014
main.py: Progress: 1700 / 2014
main.py: Progress: 1701 / 2014
main.py: Progress: 1702 / 2014
main.py: Progress: 1703 / 2014
main.py: Progress: 1704 / 2014
main.py: Progress: 1705 / 2014
main.py: Progress: 1706 / 2014
main.py: Progress: 1707 / 2014
main.py: Progress: 1708 / 2014
main.py: Progress: 1709 / 2014
main.py: Progress: 1710 / 2014
main.py: Progress: 1711 / 2014
main.py: Progress: 1712 / 2014
main.py: Progress: 1713 / 2014
main.py: Progress: 1714 / 2014
main.py: Progress: 1715 / 2014
main.py: Progress: 1716 / 2014
main.py: Progress: 1717 / 2014
main.py: Progress: 1718 / 2014
main.py: Progress: 1719 / 2014
main.py: Progress: 1720 / 2014
main.py: Progress: 1721 / 2014
main.py: Progress: 1722 / 2014
main.py: Progress: 1723 / 2014
main.py: Progress: 1724 / 2014
main.py: Progress: 1725 / 2014
main.py: Progress: 1726 / 2014
main.py: Progress: 1727 / 2014
main.py: Progress: 1728 / 2014
main.py: Progress: 1729 / 2014
main.py: Progress: 1730 / 2014
main.py: Progress: 1731 / 2014
main.py: Progress: 1732 / 2014
main.py: Progress: 1733 / 2014
main.py: Progress: 1734 / 2014
main.py: Progress: 1735 / 2014
main.py: Progress: 1736 / 2014
main.py: Progress: 1737 / 2014
main.py: Progress: 1738 / 2014
main.py: Progress: 1739 / 2014
main.py: Progress: 1740 / 2014
main.py: Progress: 1741 / 2014
main.py: Progress: 1742 / 2014
main.py: Progress: 1743 / 2014
main.py: Progress: 1744 / 2014
main.py: Progress: 1745 / 2014
main.py: Progress: 1746 / 2014
main.py: Progress: 1747 / 2014
main.py: Progress: 1748 / 2014
main.py: Progress: 1749 / 2014
main.py: Progress: 1750 / 2014
main.py: Progress: 1751 / 2014
main.py: Progress: 1752 / 2014
main.py: Progress: 1753 / 2014
main.py: Progress: 1754 / 2014
main.py: Progress: 1755 / 2014
main.py: Progress: 1756 / 2014
main.py: Progress: 1757 / 2014
main.py: Progress: 1758 / 2014
main.py: Progress: 1759 / 2014
main.py: Progress: 1760 / 2014
main.py: Progress: 1761 / 2014
main.py: Progress: 1762 / 2014
main.py: Progress: 1763 / 2014
main.py: Progress: 1764 / 2014
main.py: Progress: 1765 / 2014
main.py: Progress: 1766 / 2014
main.py: Progress: 1767 / 2014
main.py: Progress: 1768 / 2014
main.py: Progress: 1769 / 2014
main.py: Progress: 1770 / 2014
main.py: Progress: 1771 / 2014
main.py: Progress: 1772 / 2014
main.py: Progress: 1773 / 2014
main.py: Progress: 1774 / 2014
main.py: Progress: 1775 / 2014
main.py: Progress: 1776 / 2014
main.py: Progress: 1777 / 2014
main.py: Progress: 1778 / 2014
main.py: Progress: 1779 / 2014
main.py: Progress: 1780 / 2014
main.py: Progress: 1781 / 2014
main.py: Progress: 1782 / 2014
main.py: Progress: 1783 / 2014
main.py: Progress: 1784 / 2014
main.py: Progress: 1785 / 2014
main.py: Progress: 1786 / 2014
main.py: Progress: 1787 / 2014
main.py: Progress: 1788 / 2014
main.py: Progress: 1789 / 2014
main.py: Progress: 1790 / 2014
main.py: Progress: 1791 / 2014
main.py: Progress: 1792 / 2014
main.py: Progress: 1793 / 2014
main.py: Progress: 1794 / 2014
main.py: Progress: 1795 / 2014
main.py: Progress: 1796 / 2014
main.py: Progress: 1797 / 2014
main.py: Progress: 1798 / 2014
main.py: Progress: 1799 / 2014
main.py: Progress: 1800 / 2014
main.py: Progress: 1801 / 2014
main.py: Progress: 1802 / 2014
main.py: Progress: 1803 / 2014
main.py: Progress: 1804 / 2014
main.py: Progress: 1805 / 2014
main.py: Progress: 1806 / 2014
main.py: Progress: 1807 / 2014
main.py: Progress: 1808 / 2014
main.py: Progress: 1809 / 2014
main.py: Progress: 1810 / 2014
main.py: Progress: 1811 / 2014
main.py: Progress: 1812 / 2014
main.py: Progress: 1813 / 2014
main.py: Progress: 1814 / 2014
main.py: Progress: 1815 / 2014
main.py: Progress: 1816 / 2014
main.py: Progress: 1817 / 2014
main.py: Progress: 1818 / 2014
main.py: Progress: 1819 / 2014
main.py: Progress: 1820 / 2014
main.py: Progress: 1821 / 2014
main.py: Progress: 1822 / 2014
main.py: Progress: 1823 / 2014
main.py: Progress: 1824 / 2014
main.py: Progress: 1825 / 2014
main.py: Progress: 1826 / 2014
main.py: Progress: 1827 / 2014
main.py: Progress: 1828 / 2014
main.py: Progress: 1829 / 2014
main.py: Progress: 1830 / 2014
main.py: Progress: 1831 / 2014
main.py: Progress: 1832 / 2014
main.py: Progress: 1833 / 2014
main.py: Progress: 1834 / 2014
main.py: Progress: 1835 / 2014
main.py: Progress: 1836 / 2014
main.py: Progress: 1837 / 2014
main.py: Progress: 1838 / 2014
main.py: Progress: 1839 / 2014
main.py: Progress: 1840 / 2014
main.py: Progress: 1841 / 2014
main.py: Progress: 1842 / 2014
main.py: Progress: 1843 / 2014
main.py: Progress: 1844 / 2014
main.py: Progress: 1845 / 2014
main.py: Progress: 1846 / 2014
main.py: Progress: 1847 / 2014
main.py: Progress: 1848 / 2014
main.py: Progress: 1849 / 2014
main.py: Progress: 1850 / 2014
main.py: Progress: 1851 / 2014
main.py: Progress: 1852 / 2014
main.py: Progress: 1853 / 2014
main.py: Progress: 1854 / 2014
main.py: Progress: 1855 / 2014
main.py: Progress: 1856 / 2014
main.py: Progress: 1857 / 2014
main.py: Progress: 1858 / 2014
main.py: Progress: 1859 / 2014
main.py: Progress: 1860 / 2014
main.py: Progress: 1861 / 2014
main.py: Progress: 1862 / 2014
main.py: Progress: 1863 / 2014
main.py: Progress: 1864 / 2014
main.py: Progress: 1865 / 2014
main.py: Progress: 1866 / 2014
main.py: Progress: 1867 / 2014
main.py: Progress: 1868 / 2014
main.py: Progress: 1869 / 2014
main.py: Progress: 1870 / 2014
main.py: Progress: 1871 / 2014
main.py: Progress: 1872 / 2014
main.py: Progress: 1873 / 2014
main.py: Progress: 1874 / 2014
main.py: Progress: 1875 / 2014
main.py: Progress: 1876 / 2014
main.py: Progress: 1877 / 2014
main.py: Progress: 1878 / 2014
main.py: Progress: 1879 / 2014
main.py: Progress: 1880 / 2014
main.py: Progress: 1881 / 2014
main.py: Progress: 1882 / 2014
main.py: Progress: 1883 / 2014
main.py: Progress: 1884 / 2014
main.py: Progress: 1885 / 2014
main.py: Progress: 1886 / 2014
main.py: Progress: 1887 / 2014
main.py: Progress: 1888 / 2014
main.py: Progress: 1889 / 2014
main.py: Progress: 1890 / 2014
main.py: Progress: 1891 / 2014
main.py: Progress: 1892 / 2014
main.py: Progress: 1893 / 2014
main.py: Progress: 1894 / 2014
main.py: Progress: 1895 / 2014
main.py: Progress: 1896 / 2014
main.py: Progress: 1897 / 2014
main.py: Progress: 1898 / 2014
main.py: Progress: 1899 / 2014
main.py: Progress: 1900 / 2014
main.py: Progress: 1901 / 2014
main.py: Progress: 1902 / 2014
main.py: Progress: 1903 / 2014
main.py: Progress: 1904 / 2014
main.py: Progress: 1905 / 2014
main.py: Progress: 1906 / 2014
main.py: Progress: 1907 / 2014
main.py: Progress: 1908 / 2014
main.py: Progress: 1909 / 2014
main.py: Progress: 1910 / 2014
main.py: Progress: 1911 / 2014
main.py: Progress: 1912 / 2014
main.py: Progress: 1913 / 2014
main.py: Progress: 1914 / 2014
main.py: Progress: 1915 / 2014
main.py: Progress: 1916 / 2014
main.py: Progress: 1917 / 2014
main.py: Progress: 1918 / 2014
main.py: Progress: 1919 / 2014
main.py: Progress: 1920 / 2014
main.py: Progress: 1921 / 2014
main.py: Progress: 1922 / 2014
main.py: Progress: 1923 / 2014
main.py: Progress: 1924 / 2014
main.py: Progress: 1925 / 2014
main.py: Progress: 1926 / 2014
main.py: Progress: 1927 / 2014
main.py: Progress: 1928 / 2014
main.py: Progress: 1929 / 2014
main.py: Progress: 1930 / 2014
main.py: Progress: 1931 / 2014
main.py: Progress: 1932 / 2014
main.py: Progress: 1933 / 2014
main.py: Progress: 1934 / 2014
main.py: Progress: 1935 / 2014
main.py: Progress: 1936 / 2014
main.py: Progress: 1937 / 2014
main.py: Progress: 1938 / 2014
main.py: Progress: 1939 / 2014
main.py: Progress: 1940 / 2014
main.py: Progress: 1941 / 2014
main.py: Progress: 1942 / 2014
main.py: Progress: 1943 / 2014
main.py: Progress: 1944 / 2014
main.py: Progress: 1945 / 2014
main.py: Progress: 1946 / 2014
main.py: Progress: 1947 / 2014
main.py: Progress: 1948 / 2014
main.py: Progress: 1949 / 2014
main.py: Progress: 1950 / 2014
main.py: Progress: 1951 / 2014
main.py: Progress: 1952 / 2014
main.py: Progress: 1953 / 2014
main.py: Progress: 1954 / 2014
main.py: Progress: 1955 / 2014
main.py: Progress: 1956 / 2014
main.py: Progress: 1957 / 2014
main.py: Progress: 1958 / 2014
main.py: Progress: 1959 / 2014
main.py: Progress: 1960 / 2014
main.py: Progress: 1961 / 2014
main.py: Progress: 1962 / 2014
main.py: Progress: 1963 / 2014
main.py: Progress: 1964 / 2014
main.py: Progress: 1965 / 2014
main.py: Progress: 1966 / 2014
main.py: Progress: 1967 / 2014
main.py: Progress: 1968 / 2014
main.py: Progress: 1969 / 2014
main.py: Progress: 1970 / 2014
main.py: Progress: 1971 / 2014
main.py: Progress: 1972 / 2014
main.py: Progress: 1973 / 2014
main.py: Progress: 1974 / 2014
main.py: Progress: 1975 / 2014
main.py: Progress: 1976 / 2014
main.py: Progress: 1977 / 2014
main.py: Progress: 1978 / 2014
main.py: Progress: 1979 / 2014
main.py: Progress: 1980 / 2014
main.py: Progress: 1981 / 2014
main.py: Progress: 1982 / 2014
main.py: Progress: 1983 / 2014
main.py: Progress: 1984 / 2014
main.py: Progress: 1985 / 2014
main.py: Progress: 1986 / 2014
main.py: Progress: 1987 / 2014
main.py: Progress: 1988 / 2014
main.py: Progress: 1989 / 2014
main.py: Progress: 1990 / 2014
main.py: Progress: 1991 / 2014
main.py: Progress: 1992 / 2014
main.py: Progress: 1993 / 2014
main.py: Progress: 1994 / 2014
main.py: Progress: 1995 / 2014
main.py: Progress: 1996 / 2014
main.py: Progress: 1997 / 2014
main.py: Progress: 1998 / 2014
main.py: Progress: 1999 / 2014
time 2000 ( all targets found and t>1000s) and set up src_dst pairs = [([0, 8], (-1, -1))]
Route initialization:  {0: {'Route': [0, 8], 'MCS_Index': [2], 'Priority': 1, 'ValidRoute': False, 'HQRoute': False, 'RouteNodeDensity': [None, None], 'InterferingLinks': 0, 'Target': (-1, -1)}}
node.py: Inside packet generation function at node: Node0. Curr time: 2000.000000, Packet inter arrival time: 0.008199
Called Update: UpdateRouteCalls = 0, force = False
Called Update: UpdateRouteCalls = 1, force = False
Called Update: UpdateRouteCalls = 2, force = False
Called Update: UpdateRouteCalls = 3, force = False
Called Update: UpdateRouteCalls = 4, force = False
Called Update: UpdateRouteCalls = 5, force = False
Called Update: UpdateRouteCalls = 6, force = False
Called Update: UpdateRouteCalls = 7, force = False
Called Update: UpdateRouteCalls = 8, force = False
Called Update: UpdateRouteCalls = 9, force = False
!! UPDATING !!
routeNo, updatedMCSIndex =  0 [2]
Path | HC | IL | Max Data Rate Supported | HQ Path | Tangled Path | Cost
------------------------------
[0, 1, 2, 3, 4, 5, 6, 7, 8] | 8 | 16 | 11 | True | False | 0.8846153846153846
Found Route:
 {'Path': [0, 1, 2, 3, 4, 5, 6, 7, 8], 'HC': 8, 'IL': 16, 'Max Data Rate Supported': 11, 'HQ Path': np.True_, 'Tangled Path': False, 'Cost': 0.8846153846153846}
Called Update: UpdateRouteCalls = 0, force = True
!! UPDATING !!
routeNo, updatedMCSIndex =  0 [2, 2, 2, 2, 2, 2, 2, 2]

rf.py: Time: 2000 Route details: {0: {'Route': [0, 1, 2, 3, 4, 5, 6, 7, 8], 'MCS_Index': [2, 2, 2, 2, 2, 2, 2, 2], 'Priority': 1, 'ValidRoute': True, 'HQRoute': np.True_, 'RouteNodeDensity': [0, 0, 0, 0, 0, 0, 0, 0, 0], 'InterferingLinks': 16, 'Target': (-1, -1)}}
main.py: Progress: 2000 / 2014
Node.py: (Node0)@2000400000000.0: Updated MCS from 2 to 1, hist=deque([1.0], maxlen=5), packets_serviced=48, packets_received=48
Called Update: UpdateRouteCalls = 0, force = False
Node.py: (Node1)@2000400000000.0: Updated MCS from 2 to 1, hist=deque([1.0], maxlen=5), packets_serviced=47, packets_received=47
Called Update: UpdateRouteCalls = 1, force = False
Node.py: (Node2)@2000400000000.0: Updated MCS from 2 to 1, hist=deque([1.0], maxlen=5), packets_serviced=43, packets_received=43
Called Update: UpdateRouteCalls = 2, force = False
Node.py: (Node3)@2000400000000.0: Updated MCS from 2 to 1, hist=deque([0.975609756097561], maxlen=5), packets_serviced=40, packets_received=41
Called Update: UpdateRouteCalls = 3, force = False
Node.py: (Node4)@2000400000000.0: Updated MCS from 2 to 2, hist=deque([0.9166666666666666], maxlen=5), packets_serviced=33, packets_received=36
Called Update: UpdateRouteCalls = 4, force = False
Node.py: (Node5)@2000400000000.0: Updated MCS from 2 to 1, hist=deque([1.0], maxlen=5), packets_serviced=30, packets_received=30
Called Update: UpdateRouteCalls = 5, force = False
Node.py: (Node6)@2000400000000.0: Updated MCS from 2 to 1, hist=deque([1.0], maxlen=5), packets_serviced=27, packets_received=27
Called Update: UpdateRouteCalls = 6, force = False
Node.py: (Node7)@2000400000000.0: Updated MCS from 2 to 3, hist=deque([0.14285714285714285], maxlen=5), packets_serviced=3, packets_received=21
Called Update: UpdateRouteCalls = 7, force = False
Called Update: UpdateRouteCalls = 8, force = False
Called Update: UpdateRouteCalls = 9, force = False
!! UPDATING !!
routeNo, updatedMCSIndex =  0 [1, 1, 1, 1, 2, 1, 1, 3]
Node.py: (Node0)@2000800000000.0: Updated MCS from 1 to 1, hist=deque([1.0, 0.6122448979591837], maxlen=5), packets_serviced=30, packets_received=49
Called Update: UpdateRouteCalls = 0, force = False
Node.py: (Node1)@2000800000000.0: Updated MCS from 1 to 2, hist=deque([1.0, 0.3625], maxlen=5), packets_serviced=29, packets_received=80
Called Update: UpdateRouteCalls = 1, force = False
Node.py: (Node2)@2000800000000.0: Updated MCS from 1 to 2, hist=deque([1.0, 0.15625], maxlen=5), packets_serviced=10, packets_received=64
Called Update: UpdateRouteCalls = 2, force = False
Node.py: (Node3)@2000800000000.0: Updated MCS from 1 to 2, hist=deque([0.975609756097561, 0.29411764705882354], maxlen=5), packets_serviced=10, packets_received=34
Called Update: UpdateRouteCalls = 3, force = False
Node.py: (Node4)@2000800000000.0: Updated MCS from 2 to 3, hist=deque([0.9166666666666666, 0.3111111111111111], maxlen=5), packets_serviced=14, packets_received=45
Called Update: UpdateRouteCalls = 4, force = False
Node.py: (Node5)@2000800000000.0: Updated MCS from 1 to 0, hist=deque([1.0, 0.9333333333333333], maxlen=5), packets_serviced=14, packets_received=15
Called Update: UpdateRouteCalls = 5, force = False
Node.py: (Node6)@2000800000000.0: Updated MCS from 1 to 2, hist=deque([1.0, 0.21212121212121213], maxlen=5), packets_serviced=14, packets_received=66
Called Update: UpdateRouteCalls = 6, force = False
Node.py: (Node7)@2000800000000.0: Updated MCS from 3 to 3, hist=deque([0.14285714285714285, 0.38461538461538464], maxlen=5), packets_serviced=35, packets_received=91
Called Update: UpdateRouteCalls = 7, force = False
Called Update: UpdateRouteCalls = 8, force = False
Called Update: UpdateRouteCalls = 9, force = False
!! UPDATING !!
routeNo, updatedMCSIndex =  0 [1, 2, 2, 2, 3, 0, 2, 3]
main.py: Progress: 2001 / 2014
Called Update: UpdateRouteCalls = 0, force = True
!! UPDATING !!
routeNo, updatedMCSIndex =  0 [1, 2, 2, 2, 3, 0, 2, 3]

rf.py: Time: 2001 Route details: {0: {'Route': [0, 1, 2, 3, 4, 5, 6, 7, 8], 'MCS_Index': [1, 2, 2, 2, 3, 0, 2, 3], 'Priority': 1, 'ValidRoute': True, 'HQRoute': True, 'RouteNodeDensity': [0, 0, 0, 0, 0, 0, 0, 0, 0], 'InterferingLinks': 16, 'Target': (-1, -1)}}
Node.py: (Node0)@2001200000000.0: Updated MCS from 1 to 2, hist=deque([1.0, 0.6122448979591837, 0.30612244897959184], maxlen=5), packets_serviced=15, packets_received=49
Called Update: UpdateRouteCalls = 0, force = False
Node.py: (Node1)@2001200000000.0: Updated MCS from 2 to 3, hist=deque([1.0, 0.3625, 0.16129032258064516], maxlen=5), packets_serviced=10, packets_received=62
Called Update: UpdateRouteCalls = 1, force = False
Node.py: (Node2)@2001200000000.0: Updated MCS from 2 to 3, hist=deque([1.0, 0.15625, 0.3448275862068966], maxlen=5), packets_serviced=20, packets_received=58
Called Update: UpdateRouteCalls = 2, force = False
Node.py: (Node3)@2001200000000.0: Updated MCS from 2 to 3, hist=deque([0.975609756097561, 0.29411764705882354, 0.48484848484848486], maxlen=5), packets_serviced=16, packets_received=33
Called Update: UpdateRouteCalls = 3, force = False
Node.py: (Node4)@2001200000000.0: Updated MCS from 3 to 3, hist=deque([0.9166666666666666, 0.3111111111111111, 0.7058823529411765], maxlen=5), packets_serviced=12, packets_received=17
Called Update: UpdateRouteCalls = 4, force = False
Node.py: (Node5)@2001200000000.0: Updated MCS from 0 to 0, hist=deque([1.0, 0.9333333333333333, 1.0], maxlen=5), packets_serviced=9, packets_received=9
Called Update: UpdateRouteCalls = 5, force = False
Node.py: (Node6)@2001200000000.0: Updated MCS from 2 to 3, hist=deque([1.0, 0.21212121212121213, 0.014705882352941176], maxlen=5), packets_serviced=1, packets_received=68
Called Update: UpdateRouteCalls = 6, force = False
Node.py: (Node7)@2001200000000.0: Updated MCS from 3 to 3, hist=deque([0.14285714285714285, 0.38461538461538464, 0.0], maxlen=5), packets_serviced=0, packets_received=2
Called Update: UpdateRouteCalls = 7, force = False
Called Update: UpdateRouteCalls = 8, force = False
Called Update: UpdateRouteCalls = 9, force = False
!! UPDATING !!
routeNo, updatedMCSIndex =  0 [2, 3, 3, 3, 3, 0, 3, 3]
Node.py: (Node0)@2001600000000.0: Updated MCS from 2 to 3, hist=deque([1.0, 0.6122448979591837, 0.30612244897959184, 0.5306122448979592], maxlen=5), packets_serviced=26, packets_received=49
Called Update: UpdateRouteCalls = 0, force = False
Node.py: (Node1)@2001600000000.0: Updated MCS from 3 to 3, hist=deque([1.0, 0.3625, 0.16129032258064516, 0.2676056338028169], maxlen=5), packets_serviced=19, packets_received=71
Called Update: UpdateRouteCalls = 1, force = False
Node.py: (Node2)@2001600000000.0: Updated MCS from 3 to 3, hist=deque([1.0, 0.15625, 0.3448275862068966, 0.05405405405405406], maxlen=5), packets_serviced=2, packets_received=37
Called Update: UpdateRouteCalls = 2, force = False
Node.py: (Node3)@2001600000000.0: Updated MCS from 3 to 3, hist=deque([0.975609756097561, 0.29411764705882354, 0.48484848484848486, 0.0], maxlen=5), packets_serviced=0, packets_received=1
Called Update: UpdateRouteCalls = 3, force = False
Called Update: UpdateRouteCalls = 4, force = False
Called Update: UpdateRouteCalls = 5, force = False
Node.py: (Node6)@2001600000000.0: Updated MCS from 3 to 3, hist=deque([1.0, 0.21212121212121213, 0.014705882352941176, 0.0], maxlen=5), packets_serviced=0, packets_received=13
Called Update: UpdateRouteCalls = 6, force = False
Called Update: UpdateRouteCalls = 7, force = False
Called Update: UpdateRouteCalls = 8, force = False
Called Update: UpdateRouteCalls = 9, force = False
!! UPDATING !!
routeNo, updatedMCSIndex =  0 [3, 3, 3, 3, 3, 0, 3, 3]
main.py: Progress: 2002 / 2014
Node.py: (Node0)@2002000000000.0: Updated MCS from 3 to 2, hist=deque([1.0, 0.6122448979591837, 0.30612244897959184, 0.5306122448979592, 2.5306122448979593], maxlen=5), packets_serviced=124, packets_received=49
Called Update: UpdateRouteCalls = 0, force = False
Node.py: (Node1)@2002000000000.0: Updated MCS from 3 to 3, hist=deque([1.0, 0.3625, 0.16129032258064516, 0.2676056338028169, 0.7657657657657657], maxlen=5), packets_serviced=85, packets_received=111
Called Update: UpdateRouteCalls = 1, force = False
Node.py: (Node2)@2002000000000.0: Updated MCS from 3 to 3, hist=deque([1.0, 0.15625, 0.3448275862068966, 0.05405405405405406, 0.9736842105263158], maxlen=5), packets_serviced=74, packets_received=76
Called Update: UpdateRouteCalls = 2, force = False
Node.py: (Node3)@2002000000000.0: Updated MCS from 3 to 3, hist=deque([0.975609756097561, 0.29411764705882354, 0.48484848484848486, 0.0, 0.8918918918918919], maxlen=5), packets_serviced=66, packets_received=74
Called Update: UpdateRouteCalls = 3, force = False
Node.py: (Node4)@2002000000000.0: Updated MCS from 3 to 3, hist=deque([0.9166666666666666, 0.3111111111111111, 0.7058823529411765, 1.0], maxlen=5), packets_serviced=62, packets_received=62
Called Update: UpdateRouteCalls = 4, force = False
Node.py: (Node5)@2002000000000.0: Updated MCS from 0 to 0, hist=deque([1.0, 0.9333333333333333, 1.0, 0.20967741935483872], maxlen=5), packets_serviced=13, packets_received=62
Called Update: UpdateRouteCalls = 5, force = False
Node.py: (Node6)@2002000000000.0: Updated MCS from 3 to 3, hist=deque([1.0, 0.21212121212121213, 0.014705882352941176, 0.0, 0.45454545454545453], maxlen=5), packets_serviced=20, packets_received=44
Called Update: UpdateRouteCalls = 6, force = False
Node.py: (Node7)@2002000000000.0: Updated MCS from 3 to 3, hist=deque([0.14285714285714285, 0.38461538461538464, 0.0, 0.8], maxlen=5), packets_serviced=16, packets_received=20
Called Update: UpdateRouteCalls = 7, force = False
Called Update: UpdateRouteCalls = 8, force = False
Called Update: UpdateRouteCalls = 9, force = False
!! UPDATING !!
routeNo, updatedMCSIndex =  0 [2, 3, 3, 3, 3, 0, 3, 3]
Called Update: UpdateRouteCalls = 0, force = True
!! UPDATING !!
routeNo, updatedMCSIndex =  0 [2, 3, 3, 3, 3, 0, 3, 3]

rf.py: Time: 2002 Route details: {0: {'Route': [0, 1, 2, 3, 4, 5, 6, 7, 8], 'MCS_Index': [2, 3, 3, 3, 3, 0, 3, 3], 'Priority': 1, 'ValidRoute': True, 'HQRoute': True, 'RouteNodeDensity': [0, 0, 0, 0, 0, 0, 0, 0, 0], 'InterferingLinks': 16, 'Target': (-1, -1)}}
Node.py: (Node0)@2002400000000.0: Updated MCS from 2 to 1, hist=deque([0.6122448979591837, 0.30612244897959184, 0.5306122448979592, 2.5306122448979593, 1.0208333333333333], maxlen=5), packets_serviced=49, packets_received=48
Called Update: UpdateRouteCalls = 0, force = False
Node.py: (Node1)@2002400000000.0: Updated MCS from 3 to 3, hist=deque([0.3625, 0.16129032258064516, 0.2676056338028169, 0.7657657657657657, 1.6862745098039216], maxlen=5), packets_serviced=86, packets_received=51
Called Update: UpdateRouteCalls = 1, force = False
Node.py: (Node2)@2002400000000.0: Updated MCS from 3 to 3, hist=deque([0.15625, 0.3448275862068966, 0.05405405405405406, 0.9736842105263158, 1.053191489361702], maxlen=5), packets_serviced=99, packets_received=94
Called Update: UpdateRouteCalls = 2, force = False
Node.py: (Node3)@2002400000000.0: Updated MCS from 3 to 3, hist=deque([0.29411764705882354, 0.48484848484848486, 0.0, 0.8918918918918919, 1.0594059405940595], maxlen=5), packets_serviced=107, packets_received=101
Called Update: UpdateRouteCalls = 3, force = False
Node.py: (Node4)@2002400000000.0: Updated MCS from 3 to 3, hist=deque([0.9166666666666666, 0.3111111111111111, 0.7058823529411765, 1.0, 1.0], maxlen=5), packets_serviced=107, packets_received=107
Called Update: UpdateRouteCalls = 4, force = False
Node.py: (Node5)@2002400000000.0: Updated MCS from 0 to 1, hist=deque([1.0, 0.9333333333333333, 1.0, 0.20967741935483872, 0.037383177570093455], maxlen=5), packets_serviced=4, packets_received=107
Called Update: UpdateRouteCalls = 5, force = False
Node.py: (Node6)@2002400000000.0: Updated MCS from 3 to 3, hist=deque([0.21212121212121213, 0.014705882352941176, 0.0, 0.45454545454545453, 0.25], maxlen=5), packets_serviced=3, packets_received=12
Called Update: UpdateRouteCalls = 6, force = False
Node.py: (Node7)@2002400000000.0: Updated MCS from 3 to 3, hist=deque([0.14285714285714285, 0.38461538461538464, 0.0, 0.8, 1.0], maxlen=5), packets_serviced=3, packets_received=3
Called Update: UpdateRouteCalls = 7, force = False
Called Update: UpdateRouteCalls = 8, force = False
Called Update: UpdateRouteCalls = 9, force = False
!! UPDATING !!
routeNo, updatedMCSIndex =  0 [1, 3, 3, 3, 3, 1, 3, 3]
Node.py: (Node0)@2002800000000.0: Updated MCS from 1 to 0, hist=deque([0.30612244897959184, 0.5306122448979592, 2.5306122448979593, 1.0208333333333333, 0.8163265306122449], maxlen=5), packets_serviced=40, packets_received=49
Called Update: UpdateRouteCalls = 0, force = False
Node.py: (Node1)@2002800000000.0: Updated MCS from 3 to 3, hist=deque([0.16129032258064516, 0.2676056338028169, 0.7657657657657657, 1.6862745098039216, 0.24242424242424243], maxlen=5), packets_serviced=40, packets_received=165
Called Update: UpdateRouteCalls = 1, force = False
Node.py: (Node2)@2002800000000.0: Updated MCS from 3 to 3, hist=deque([0.3448275862068966, 0.05405405405405406, 0.9736842105263158, 1.053191489361702, 0.775], maxlen=5), packets_serviced=31, packets_received=40
Called Update: UpdateRouteCalls = 2, force = False
Node.py: (Node3)@2002800000000.0: Updated MCS from 3 to 3, hist=deque([0.48484848484848486, 0.0, 0.8918918918918919, 1.0594059405940595, 0.9615384615384616], maxlen=5), packets_serviced=25, packets_received=26
Called Update: UpdateRouteCalls = 3, force = False
Node.py: (Node4)@2002800000000.0: Updated MCS from 3 to 3, hist=deque([0.3111111111111111, 0.7058823529411765, 1.0, 1.0, 0.8636363636363636], maxlen=5), packets_serviced=19, packets_received=22
Called Update: UpdateRouteCalls = 4, force = False
Node.py: (Node5)@2002800000000.0: Updated MCS from 1 to 1, hist=deque([0.9333333333333333, 1.0, 0.20967741935483872, 0.037383177570093455, 2.3333333333333335], maxlen=5), packets_serviced=35, packets_received=15
Called Update: UpdateRouteCalls = 5, force = False
Node.py: (Node6)@2002800000000.0: Updated MCS from 3 to 3, hist=deque([0.014705882352941176, 0.0, 0.45454545454545453, 0.25, 0.30927835051546393], maxlen=5), packets_serviced=30, packets_received=97
Called Update: UpdateRouteCalls = 6, force = False
Node.py: (Node7)@2002800000000.0: Updated MCS from 3 to 3, hist=deque([0.38461538461538464, 0.0, 0.8, 1.0, 1.0], maxlen=5), packets_serviced=30, packets_received=30
Called Update: UpdateRouteCalls = 7, force = False
Called Update: UpdateRouteCalls = 8, force = False
Called Update: UpdateRouteCalls = 9, force = False
!! UPDATING !!
routeNo, updatedMCSIndex =  0 [0, 3, 3, 3, 3, 1, 3, 3]
main.py: Progress: 2003 / 2014
Called Update: UpdateRouteCalls = 0, force = True
!! UPDATING !!
routeNo, updatedMCSIndex =  0 [0, 3, 3, 3, 3, 1, 3, 3]

rf.py: Time: 2003 Route details: {0: {'Route': [0, 1, 2, 3, 4, 5, 6, 7, 8], 'MCS_Index': [0, 3, 3, 3, 3, 1, 3, 3], 'Priority': 1, 'ValidRoute': True, 'HQRoute': True, 'RouteNodeDensity': [0, 0, 0, 0, 0, 0, 0, 0, 0], 'InterferingLinks': 16, 'Target': (-1, -1)}}
Node.py: (Node0)@2003200000000.0: Updated MCS from 0 to 0, hist=deque([0.5306122448979592, 2.5306122448979593, 1.0208333333333333, 0.8163265306122449, 0.02040816326530612], maxlen=5), packets_serviced=1, packets_received=49
Called Update: UpdateRouteCalls = 0, force = False
Node.py: (Node1)@2003200000000.0: Updated MCS from 3 to 3, hist=deque([0.2676056338028169, 0.7657657657657657, 1.6862745098039216, 0.24242424242424243, 0.015384615384615385], maxlen=5), packets_serviced=1, packets_received=65
Called Update: UpdateRouteCalls = 1, force = False
Called Update: UpdateRouteCalls = 2, force = False
Node.py: (Node3)@2003200000000.0: Updated MCS from 3 to 3, hist=deque([0.0, 0.8918918918918919, 1.0594059405940595, 0.9615384615384616, 0.8125], maxlen=5), packets_serviced=13, packets_received=16
Called Update: UpdateRouteCalls = 3, force = False
Node.py: (Node4)@2003200000000.0: Updated MCS from 3 to 3, hist=deque([0.7058823529411765, 1.0, 1.0, 0.8636363636363636, 0.375], maxlen=5), packets_serviced=6, packets_received=16
Called Update: UpdateRouteCalls = 4, force = False
Node.py: (Node5)@2003200000000.0: Updated MCS from 1 to 0, hist=deque([1.0, 0.20967741935483872, 0.037383177570093455, 2.3333333333333335, 10.444444444444445], maxlen=5), packets_serviced=94, packets_received=9
Called Update: UpdateRouteCalls = 5, force = False
Node.py: (Node6)@2003200000000.0: Updated MCS from 3 to 3, hist=deque([0.0, 0.45454545454545453, 0.25, 0.30927835051546393, 0.3821138211382114], maxlen=5), packets_serviced=94, packets_received=246
Called Update: UpdateRouteCalls = 6, force = False
Node.py: (Node7)@2003200000000.0: Updated MCS from 3 to 3, hist=deque([0.0, 0.8, 1.0, 1.0, 1.0], maxlen=5), packets_serviced=94, packets_received=94
Called Update: UpdateRouteCalls = 7, force = False
Called Update: UpdateRouteCalls = 8, force = False
Called Update: UpdateRouteCalls = 9, force = False
!! UPDATING !!
routeNo, updatedMCSIndex =  0 [0, 3, 3, 3, 3, 0, 3, 3]
Node.py: (Node0)@2003600000000.0: Updated MCS from 0 to 0, hist=deque([2.5306122448979593, 1.0208333333333333, 0.8163265306122449, 0.02040816326530612, 0.12244897959183673], maxlen=5), packets_serviced=6, packets_received=49
Called Update: UpdateRouteCalls = 0, force = False
Node.py: (Node1)@2003600000000.0: Updated MCS from 3 to 3, hist=deque([0.7657657657657657, 1.6862745098039216, 0.24242424242424243, 0.015384615384615385, 0.05555555555555555], maxlen=5), packets_serviced=3, packets_received=54
Called Update: UpdateRouteCalls = 1, force = False
Node.py: (Node2)@2003600000000.0: Updated MCS from 3 to 3, hist=deque([0.05405405405405406, 0.9736842105263158, 1.053191489361702, 0.775, 1.0], maxlen=5), packets_serviced=3, packets_received=3
Called Update: UpdateRouteCalls = 2, force = False
Node.py: (Node3)@2003600000000.0: Updated MCS from 3 to 3, hist=deque([0.8918918918918919, 1.0594059405940595, 0.9615384615384616, 0.8125, 1.0], maxlen=5), packets_serviced=3, packets_received=3
Called Update: UpdateRouteCalls = 3, force = False
Node.py: (Node4)@2003600000000.0: Updated MCS from 3 to 2, hist=deque([1.0, 1.0, 0.8636363636363636, 0.375, 4.0], maxlen=5), packets_serviced=4, packets_received=1
Called Update: UpdateRouteCalls = 4, force = False
Called Update: UpdateRouteCalls = 5, force = False
Node.py: (Node6)@2003600000000.0: Updated MCS from 3 to 3, hist=deque([0.45454545454545453, 0.25, 0.30927835051546393, 0.3821138211382114, 0.27647058823529413], maxlen=5), packets_serviced=47, packets_received=170
Called Update: UpdateRouteCalls = 6, force = False
Node.py: (Node7)@2003600000000.0: Updated MCS from 3 to 2, hist=deque([0.8, 1.0, 1.0, 1.0, 1.0], maxlen=5), packets_serviced=47, packets_received=47
Called Update: UpdateRouteCalls = 7, force = False
Called Update: UpdateRouteCalls = 8, force = False
Called Update: UpdateRouteCalls = 9, force = False
!! UPDATING !!
routeNo, updatedMCSIndex =  0 [0, 3, 3, 3, 2, 0, 3, 2]
main.py: Progress: 2004 / 2014
Node.py: (Node0)@2004000000000.0: Updated MCS from 0 to 1, hist=deque([1.0208333333333333, 0.8163265306122449, 0.02040816326530612, 0.12244897959183673, 0.7142857142857143], maxlen=5), packets_serviced=35, packets_received=49
Called Update: UpdateRouteCalls = 0, force = False
Node.py: (Node1)@2004000000000.0: Updated MCS from 3 to 3, hist=deque([1.6862745098039216, 0.24242424242424243, 0.015384615384615385, 0.05555555555555555, 0.38823529411764707], maxlen=5), packets_serviced=33, packets_received=85
Called Update: UpdateRouteCalls = 1, force = False
Node.py: (Node2)@2004000000000.0: Updated MCS from 3 to 2, hist=deque([0.9736842105263158, 1.053191489361702, 0.775, 1.0, 1.0], maxlen=5), packets_serviced=33, packets_received=33
Called Update: UpdateRouteCalls = 2, force = False
Node.py: (Node3)@2004000000000.0: Updated MCS from 3 to 2, hist=deque([1.0594059405940595, 0.9615384615384616, 0.8125, 1.0, 0.9696969696969697], maxlen=5), packets_serviced=32, packets_received=33
Called Update: UpdateRouteCalls = 3, force = False
Node.py: (Node4)@2004000000000.0: Updated MCS from 2 to 1, hist=deque([1.0, 0.8636363636363636, 0.375, 4.0, 1.2941176470588236], maxlen=5), packets_serviced=44, packets_received=34
Called Update: UpdateRouteCalls = 4, force = False
Node.py: (Node5)@2004000000000.0: Updated MCS from 0 to 0, hist=deque([0.20967741935483872, 0.037383177570093455, 2.3333333333333335, 10.444444444444445, 0.024390243902439025], maxlen=5), packets_serviced=1, packets_received=41
Called Update: UpdateRouteCalls = 5, force = False
Node.py: (Node6)@2004000000000.0: Updated MCS from 3 to 3, hist=deque([0.25, 0.30927835051546393, 0.3821138211382114, 0.27647058823529413, 0.0297029702970297], maxlen=5), packets_serviced=3, packets_received=101
Called Update: UpdateRouteCalls = 6, force = False
Node.py: (Node7)@2004000000000.0: Updated MCS from 2 to 1, hist=deque([1.0, 1.0, 1.0, 1.0, 1.0], maxlen=5), packets_serviced=3, packets_received=3
Called Update: UpdateRouteCalls = 7, force = False
Called Update: UpdateRouteCalls = 8, force = False
Called Update: UpdateRouteCalls = 9, force = False
!! UPDATING !!
routeNo, updatedMCSIndex =  0 [1, 3, 2, 2, 1, 0, 3, 1]
Called Update: UpdateRouteCalls = 0, force = True
!! UPDATING !!
routeNo, updatedMCSIndex =  0 [1, 3, 2, 2, 1, 0, 3, 1]

rf.py: Time: 2004 Route details: {0: {'Route': [0, 1, 2, 3, 4, 5, 6, 7, 8], 'MCS_Index': [1, 3, 2, 2, 1, 0, 3, 1], 'Priority': 1, 'ValidRoute': True, 'HQRoute': True, 'RouteNodeDensity': [0, 0, 0, 0, 0, 0, 0, 0, 0], 'InterferingLinks': 16, 'Target': (-1, -1)}}
DUPE: 2001319642647_Node0_Node8_Zero, Node6 id 2001319642647_Node0_Node8_Zero was a dupe; retransmit: 0, pkt_enqueue_time=2004323106209.2827, pkt_dequeue_time=2004323106209.2827, forwarded_or_dropped=1, reason_for_drop='Expiry'
Node.py: (Node0)@2004400000000.0: Updated MCS from 1 to 2, hist=deque([0.8163265306122449, 0.02040816326530612, 0.12244897959183673, 0.7142857142857143, 0.9791666666666666], maxlen=5), packets_serviced=47, packets_received=48
Called Update: UpdateRouteCalls = 0, force = False
Node.py: (Node1)@2004400000000.0: Updated MCS from 3 to 3, hist=deque([0.24242424242424243, 0.015384615384615385, 0.05555555555555555, 0.38823529411764707, 0.3898305084745763], maxlen=5), packets_serviced=46, packets_received=118
Called Update: UpdateRouteCalls = 1, force = False
Node.py: (Node2)@2004400000000.0: Updated MCS from 2 to 1, hist=deque([1.053191489361702, 0.775, 1.0, 1.0, 0.9787234042553191], maxlen=5), packets_serviced=46, packets_received=47
Called Update: UpdateRouteCalls = 2, force = False
Node.py: (Node3)@2004400000000.0: Updated MCS from 2 to 2, hist=deque([0.9615384615384616, 0.8125, 1.0, 0.9696969696969697, 0.9782608695652174], maxlen=5), packets_serviced=45, packets_received=46
Called Update: UpdateRouteCalls = 3, force = False
Node.py: (Node4)@2004400000000.0: Updated MCS from 1 to 0, hist=deque([0.8636363636363636, 0.375, 4.0, 1.2941176470588236, 0.26666666666666666], maxlen=5), packets_serviced=12, packets_received=45
Called Update: UpdateRouteCalls = 4, force = False
Node.py: (Node5)@2004400000000.0: Updated MCS from 0 to 0, hist=deque([0.037383177570093455, 2.3333333333333335, 10.444444444444445, 0.024390243902439025, 0.0], maxlen=5), packets_serviced=0, packets_received=46
Called Update: UpdateRouteCalls = 5, force = False
Node.py: (Node6)@2004400000000.0: Updated MCS from 3 to 3, hist=deque([0.30927835051546393, 0.3821138211382114, 0.27647058823529413, 0.0297029702970297, 0.013513513513513514], maxlen=5), packets_serviced=1, packets_received=74
Called Update: UpdateRouteCalls = 6, force = False
Node.py: (Node7)@2004400000000.0: Updated MCS from 1 to 0, hist=deque([1.0, 1.0, 1.0, 1.0, 1.0], maxlen=5), packets_serviced=1, packets_received=1
Called Update: UpdateRouteCalls = 7, force = False
Called Update: UpdateRouteCalls = 8, force = False
Called Update: UpdateRouteCalls = 9, force = False
!! UPDATING !!
routeNo, updatedMCSIndex =  0 [2, 3, 1, 2, 0, 0, 3, 0]
DUPE: 2001303252112_Node0_Node8_Zero, Node6 id 2001303252112_Node0_Node8_Zero was a dupe; retransmit: 0, pkt_enqueue_time=2004401219371.4646, pkt_dequeue_time=2004401219371.4646, forwarded_or_dropped=1, reason_for_drop='Expiry'
DUPE: 2001311446036_Node0_Node8_Zero, Node6 id 2001311446036_Node0_Node8_Zero was a dupe; retransmit: 0, pkt_enqueue_time=2004401219371.4646, pkt_dequeue_time=2004401219371.4646, forwarded_or_dropped=1, reason_for_drop='Expiry'
DUPE: 2001434404568_Node0_Node8_Zero, Node6 id 2001434404568_Node0_Node8_Zero was a dupe; retransmit: 0, pkt_enqueue_time=2004462882541.6167, pkt_dequeue_time=2004462882541.6167, forwarded_or_dropped=1, reason_for_drop='Expiry'
DUPE: 2001442604824_Node0_Node8_Zero, Node6 id 2001442604824_Node0_Node8_Zero was a dupe; retransmit: 0, pkt_enqueue_time=2004462882541.6167, pkt_dequeue_time=2004462882541.6167, forwarded_or_dropped=1, reason_for_drop='Expiry'
DUPE: 2001467197657_Node0_Node8_Zero, Node6 id 2001467197657_Node0_Node8_Zero was a dupe; retransmit: 0, pkt_enqueue_time=2004474186907.5264, pkt_dequeue_time=2004474186907.5264, forwarded_or_dropped=1, reason_for_drop='Expiry'
DUPE: 2001336040154_Node0_Node8_Zero, Node6 id 2001336040154_Node0_Node8_Zero was a dupe; retransmit: 0, pkt_enqueue_time=2004604835979.074, pkt_dequeue_time=2004604835979.074, forwarded_or_dropped=1, reason_for_drop='Expiry'
DUPE: 2001344236655_Node0_Node8_Zero, Node6 id 2001344236655_Node0_Node8_Zero was a dupe; retransmit: 0, pkt_enqueue_time=2004604835979.074, pkt_dequeue_time=2004604835979.074, forwarded_or_dropped=1, reason_for_drop='Expiry'
DUPE: 2001352436012_Node0_Node8_Zero, Node6 id 2001352436012_Node0_Node8_Zero was a dupe; retransmit: 0, pkt_enqueue_time=2004718543498.8635, pkt_dequeue_time=2004718543498.8635, forwarded_or_dropped=1, reason_for_drop='Expiry'
DUPE: 2001360632826_Node0_Node8_Zero, Node6 id 2001360632826_Node0_Node8_Zero was a dupe; retransmit: 0, pkt_enqueue_time=2004718543498.8635, pkt_dequeue_time=2004718543498.8635, forwarded_or_dropped=1, reason_for_drop='Expiry'
DUPE: 2001368828198_Node0_Node8_Zero, Node6 id 2001368828198_Node0_Node8_Zero was a dupe; retransmit: 0, pkt_enqueue_time=2004720760370.8635, pkt_dequeue_time=2004720760370.8635, forwarded_or_dropped=1, reason_for_drop='Expiry'
DUPE: 2001377024098_Node0_Node8_Zero, Node6 id 2001377024098_Node0_Node8_Zero was a dupe; retransmit: 0, pkt_enqueue_time=2004720760370.8635, pkt_dequeue_time=2004720760370.8635, forwarded_or_dropped=1, reason_for_drop='Expiry'
DUPE: 2001401611244_Node0_Node8_Zero, Node6 id 2001401611244_Node0_Node8_Zero was a dupe; retransmit: 0, pkt_enqueue_time=2004727362934.5, pkt_dequeue_time=2004727362934.5, forwarded_or_dropped=1, reason_for_drop='Expiry'
DUPE: 2001409809640_Node0_Node8_Zero, Node6 id 2001409809640_Node0_Node8_Zero was a dupe; retransmit: 0, pkt_enqueue_time=2004727362934.5, pkt_dequeue_time=2004727362934.5, forwarded_or_dropped=1, reason_for_drop='Expiry'
DUPE: 2001418010439_Node0_Node8_Zero, Node6 id 2001418010439_Node0_Node8_Zero was a dupe; retransmit: 0, pkt_enqueue_time=2004732399806.5, pkt_dequeue_time=2004732399806.5, forwarded_or_dropped=1, reason_for_drop='Expiry'
DUPE: 2001426205472_Node0_Node8_Zero, Node6 id 2001426205472_Node0_Node8_Zero was a dupe; retransmit: 0, pkt_enqueue_time=2004732399806.5, pkt_dequeue_time=2004732399806.5, forwarded_or_dropped=1, reason_for_drop='Expiry'
Node.py: (Node0)@2004800000000.0: Updated MCS from 2 to 3, hist=deque([0.02040816326530612, 0.12244897959183673, 0.7142857142857143, 0.9791666666666666, 0.46938775510204084], maxlen=5), packets_serviced=23, packets_received=49
Called Update: UpdateRouteCalls = 0, force = False
Node.py: (Node1)@2004800000000.0: Updated MCS from 3 to 3, hist=deque([0.015384615384615385, 0.05555555555555555, 0.38823529411764707, 0.3898305084745763, 0.25], maxlen=5), packets_serviced=22, packets_received=88
Called Update: UpdateRouteCalls = 1, force = False
Node.py: (Node2)@2004800000000.0: Updated MCS from 1 to 0, hist=deque([0.775, 1.0, 1.0, 0.9787234042553191, 1.0], maxlen=5), packets_serviced=22, packets_received=22
Called Update: UpdateRouteCalls = 2, force = False
Node.py: (Node3)@2004800000000.0: Updated MCS from 2 to 2, hist=deque([0.8125, 1.0, 0.9696969696969697, 0.9782608695652174, 0.27848101265822783], maxlen=5), packets_serviced=22, packets_received=79
Called Update: UpdateRouteCalls = 3, force = False
Node.py: (Node4)@2004800000000.0: Updated MCS from 0 to 0, hist=deque([0.375, 4.0, 1.2941176470588236, 0.26666666666666666, 0.4782608695652174], maxlen=5), packets_serviced=11, packets_received=23
Called Update: UpdateRouteCalls = 4, force = False
Node.py: (Node5)@2004800000000.0: Updated MCS from 0 to 0, hist=deque([2.3333333333333335, 10.444444444444445, 0.024390243902439025, 0.0, 0.0], maxlen=5), packets_serviced=0, packets_received=43
Called Update: UpdateRouteCalls = 5, force = False
Node.py: (Node6)@2004800000000.0: Updated MCS from 3 to 3, hist=deque([0.3821138211382114, 0.27647058823529413, 0.0297029702970297, 0.013513513513513514, 0.0], maxlen=5), packets_serviced=0, packets_received=84
Called Update: UpdateRouteCalls = 6, force = False
Called Update: UpdateRouteCalls = 7, force = False
Called Update: UpdateRouteCalls = 8, force = False
Called Update: UpdateRouteCalls = 9, force = False
!! UPDATING !!
routeNo, updatedMCSIndex =  0 [3, 3, 0, 2, 0, 0, 3, 0]
main.py: Progress: 2005 / 2014
Called Update: UpdateRouteCalls = 0, force = True
!! UPDATING !!
routeNo, updatedMCSIndex =  0 [3, 3, 0, 2, 0, 0, 3, 0]

rf.py: Time: 2005 Route details: {0: {'Route': [0, 1, 2, 3, 4, 5, 6, 7, 8], 'MCS_Index': [3, 3, 0, 2, 0, 0, 3, 0], 'Priority': 1, 'ValidRoute': True, 'HQRoute': True, 'RouteNodeDensity': [0, 0, 0, 0, 0, 0, 0, 0, 0], 'InterferingLinks': 16, 'Target': (-1, -1)}}
DUPE: 2001926207943_Node0_Node8_Zero, Node6 id 2001926207943_Node0_Node8_Zero was a dupe; retransmit: 0, pkt_enqueue_time=2005091585849.5579, pkt_dequeue_time=2005091585849.5579, forwarded_or_dropped=1, reason_for_drop='Expiry'
DUPE: 2001934402766_Node0_Node8_Zero, Node6 id 2001934402766_Node0_Node8_Zero was a dupe; retransmit: 0, pkt_enqueue_time=2005091585849.5579, pkt_dequeue_time=2005091585849.5579, forwarded_or_dropped=1, reason_for_drop='Expiry'
DUPE: 2001721297761_Node0_Node8_Zero, Node6 id 2001721297761_Node0_Node8_Zero was a dupe; retransmit: 0, pkt_enqueue_time=2005147195649.5586, pkt_dequeue_time=2005147195649.5586, forwarded_or_dropped=1, reason_for_drop='Expiry'
Node.py: (Node0)@2005200000000.0: Updated MCS from 3 to 2, hist=deque([0.12244897959183673, 0.7142857142857143, 0.9791666666666666, 0.46938775510204084, 3.2448979591836733], maxlen=5), packets_serviced=159, packets_received=49
Called Update: UpdateRouteCalls = 0, force = False
Node.py: (Node1)@2005200000000.0: Updated MCS from 3 to 3, hist=deque([0.05555555555555555, 0.38823529411764707, 0.3898305084745763, 0.25, 0.84], maxlen=5), packets_serviced=147, packets_received=175
Called Update: UpdateRouteCalls = 1, force = False
Node.py: (Node2)@2005200000000.0: Updated MCS from 0 to 0, hist=deque([1.0, 1.0, 0.9787234042553191, 1.0, 0.047619047619047616], maxlen=5), packets_serviced=7, packets_received=147
Called Update: UpdateRouteCalls = 2, force = False
Node.py: (Node3)@2005200000000.0: Updated MCS from 2 to 2, hist=deque([1.0, 0.9696969696969697, 0.9782608695652174, 0.27848101265822783, 0.42105263157894735], maxlen=5), packets_serviced=8, packets_received=19
Called Update: UpdateRouteCalls = 3, force = False
Node.py: (Node4)@2005200000000.0: Updated MCS from 0 to 0, hist=deque([4.0, 1.2941176470588236, 0.26666666666666666, 0.4782608695652174, 4.0], maxlen=5), packets_serviced=32, packets_received=8
Called Update: UpdateRouteCalls = 4, force = False
Node.py: (Node5)@2005200000000.0: Updated MCS from 0 to 0, hist=deque([10.444444444444445, 0.024390243902439025, 0.0, 0.0, 0.0], maxlen=5), packets_serviced=0, packets_received=87
Called Update: UpdateRouteCalls = 5, force = False
Node.py: (Node6)@2005200000000.0: Updated MCS from 3 to 3, hist=deque([0.27647058823529413, 0.0297029702970297, 0.013513513513513514, 0.0, 0.0], maxlen=5), packets_serviced=0, packets_received=8
Called Update: UpdateRouteCalls = 6, force = False
Called Update: UpdateRouteCalls = 7, force = False
Called Update: UpdateRouteCalls = 8, force = False
Called Update: UpdateRouteCalls = 9, force = False
!! UPDATING !!
routeNo, updatedMCSIndex =  0 [2, 3, 0, 2, 0, 0, 3, 0]
DUPE: 2001147523479_Node0_Node8_Zero, Node6 id 2001147523479_Node0_Node8_Zero was a dupe; retransmit: 0, pkt_enqueue_time=2005352183069.2952, pkt_dequeue_time=2005352183069.2952, forwarded_or_dropped=1, reason_for_drop='Expiry'
DUPE: 2001221291726_Node0_Node8_Zero, Node6 id 2001221291726_Node0_Node8_Zero was a dupe; retransmit: 0, pkt_enqueue_time=2005352183069.2952, pkt_dequeue_time=2005352183069.2952, forwarded_or_dropped=1, reason_for_drop='Expiry'
DUPE: 2001262266044_Node0_Node8_Zero, Node6 id 2001262266044_Node0_Node8_Zero was a dupe; retransmit: 0, pkt_enqueue_time=2005369199632.204, pkt_dequeue_time=2005369199632.204, forwarded_or_dropped=1, reason_for_drop='Expiry'
DUPE: 2001278659075_Node0_Node8_Zero, Node6 id 2001278659075_Node0_Node8_Zero was a dupe; retransmit: 0, pkt_enqueue_time=2005369199632.204, pkt_dequeue_time=2005369199632.204, forwarded_or_dropped=1, reason_for_drop='Expiry'
DUPE: 2001639328210_Node0_Node8_Zero, Node6 id 2001639328210_Node0_Node8_Zero was a dupe; retransmit: 0, pkt_enqueue_time=2005429063861.5674, pkt_dequeue_time=2005429063861.5674, forwarded_or_dropped=1, reason_for_drop='Expiry'
DUPE: 2002139332279_Node0_Node8_Zero, Node6 id 2002139332279_Node0_Node8_Zero was a dupe; retransmit: 0, pkt_enqueue_time=2005451730991.3323, pkt_dequeue_time=2005451730991.3323, forwarded_or_dropped=1, reason_for_drop='Expiry'
DUPE: 2002147529218_Node0_Node8_Zero, Node6 id 2002147529218_Node0_Node8_Zero was a dupe; retransmit: 0, pkt_enqueue_time=2005451730991.3323, pkt_dequeue_time=2005451730991.3323, forwarded_or_dropped=1, reason_for_drop='Expiry'
DUPE: 2001844239697_Node0_Node8_Zero, Node6 id 2001844239697_Node0_Node8_Zero was a dupe; retransmit: 0, pkt_enqueue_time=2005498647758.0151, pkt_dequeue_time=2005498647758.0151, forwarded_or_dropped=1, reason_for_drop='Expiry'
DUPE: 2001852441189_Node0_Node8_Zero, Node6 id 2001852441189_Node0_Node8_Zero was a dupe; retransmit: 0, pkt_enqueue_time=2005498647758.0151, pkt_dequeue_time=2005498647758.0151, forwarded_or_dropped=1, reason_for_drop='Expiry'
DUPE: 2001729492746_Node0_Node8_Zero, Node6 id 2001729492746_Node0_Node8_Zero was a dupe; retransmit: 0, pkt_enqueue_time=2005508430321.6516, pkt_dequeue_time=2005508430321.6516, forwarded_or_dropped=1, reason_for_drop='Expiry'
DUPE: 2001737686293_Node0_Node8_Zero, Node6 id 2001737686293_Node0_Node8_Zero was a dupe; retransmit: 0, pkt_enqueue_time=2005508430321.6516, pkt_dequeue_time=2005508430321.6516, forwarded_or_dropped=1, reason_for_drop='Expiry'
DUPE: 2001245875247_Node0_Node8_Zero, Node6 id 2001245875247_Node0_Node8_Zero was a dupe; retransmit: 0, pkt_enqueue_time=2005546833482.209, pkt_dequeue_time=2005546833482.209, forwarded_or_dropped=1, reason_for_drop='Expiry'
DUPE: 2001254073522_Node0_Node8_Zero, Node6 id 2001254073522_Node0_Node8_Zero was a dupe; retransmit: 0, pkt_enqueue_time=2005546833482.209, pkt_dequeue_time=2005546833482.209, forwarded_or_dropped=1, reason_for_drop='Expiry'
DUPE: 2002532765524_Node0_Node8_Zero, Node6 id 2002532765524_Node0_Node8_Zero was a dupe; retransmit: 0, pkt_enqueue_time=2005582491445.7883, pkt_dequeue_time=2005582491445.7883, forwarded_or_dropped=1, reason_for_drop='Expiry'
Node.py: (Node0)@2005600000000.0: Updated MCS from 2 to 1, hist=deque([0.7142857142857143, 0.9791666666666666, 0.46938775510204084, 3.2448979591836733, 1.5510204081632653], maxlen=5), packets_serviced=76, packets_received=49
Called Update: UpdateRouteCalls = 0, force = False
Node.py: (Node1)@2005600000000.0: Updated MCS from 3 to 3, hist=deque([0.38823529411764707, 0.3898305084745763, 0.25, 0.84, 1.1066666666666667], maxlen=5), packets_serviced=83, packets_received=75
Called Update: UpdateRouteCalls = 1, force = False
Node.py: (Node2)@2005600000000.0: Updated MCS from 0 to 1, hist=deque([1.0, 0.9787234042553191, 1.0, 0.047619047619047616, 0.20481927710843373], maxlen=5), packets_serviced=17, packets_received=83
Called Update: UpdateRouteCalls = 2, force = False
Node.py: (Node3)@2005600000000.0: Updated MCS from 2 to 3, hist=deque([0.9696969696969697, 0.9782608695652174, 0.27848101265822783, 0.42105263157894735, 0.5263157894736842], maxlen=5), packets_serviced=10, packets_received=19
Called Update: UpdateRouteCalls = 3, force = False
Node.py: (Node4)@2005600000000.0: Updated MCS from 0 to 0, hist=deque([1.2941176470588236, 0.26666666666666666, 0.4782608695652174, 4.0, 1.5], maxlen=5), packets_serviced=15, packets_received=10
Called Update: UpdateRouteCalls = 4, force = False
Node.py: (Node5)@2005600000000.0: Updated MCS from 0 to 1, hist=deque([0.024390243902439025, 0.0, 0.0, 0.0, 0.0], maxlen=5), packets_serviced=0, packets_received=53
Called Update: UpdateRouteCalls = 5, force = False
Node.py: (Node6)@2005600000000.0: Updated MCS from 3 to 3, hist=deque([0.0297029702970297, 0.013513513513513514, 0.0, 0.0, 0.0], maxlen=5), packets_serviced=0, packets_received=19
Called Update: UpdateRouteCalls = 6, force = False
Called Update: UpdateRouteCalls = 7, force = False
Called Update: UpdateRouteCalls = 8, force = False
Called Update: UpdateRouteCalls = 9, force = False
!! UPDATING !!
routeNo, updatedMCSIndex =  0 [1, 3, 1, 3, 0, 1, 3, 0]
DUPE: 2001475393912_Node0_Node8_Zero, Node6 id 2001475393912_Node0_Node8_Zero was a dupe; retransmit: 0, pkt_enqueue_time=2005633717176.6975, pkt_dequeue_time=2005633717176.6975, forwarded_or_dropped=1, reason_for_drop='Expiry'
DUPE: 2002213094681_Node0_Node8_Zero, Node6 id 2002213094681_Node0_Node8_Zero was a dupe; retransmit: 0, pkt_enqueue_time=2005646268430.5156, pkt_dequeue_time=2005646268430.5156, forwarded_or_dropped=1, reason_for_drop='Expiry'
DUPE: 2002221290472_Node0_Node8_Zero, Node6 id 2002221290472_Node0_Node8_Zero was a dupe; retransmit: 0, pkt_enqueue_time=2005646268430.5156, pkt_dequeue_time=2005646268430.5156, forwarded_or_dropped=1, reason_for_drop='Expiry'
DUPE: 2002254070664_Node0_Node8_Zero, Node6 id 2002254070664_Node0_Node8_Zero was a dupe; retransmit: 0, pkt_enqueue_time=2005656685994.152, pkt_dequeue_time=2005656685994.152, forwarded_or_dropped=1, reason_for_drop='Expiry'
DUPE: 2002418014358_Node0_Node8_Zero, Node6 id 2002418014358_Node0_Node8_Zero was a dupe; retransmit: 0, pkt_enqueue_time=2005722901694.0688, pkt_dequeue_time=2005722901694.0688, forwarded_or_dropped=1, reason_for_drop='Expiry'
DUPE: 2002426206867_Node0_Node8_Zero, Node6 id 2002426206867_Node0_Node8_Zero was a dupe; retransmit: 0, pkt_enqueue_time=2005737917844.5234, pkt_dequeue_time=2005737917844.5234, forwarded_or_dropped=1, reason_for_drop='Expiry'
DUPE: 2002303262154_Node0_Node8_Zero, Node6 id 2002303262154_Node0_Node8_Zero was a dupe; retransmit: 0, pkt_enqueue_time=2005770384482.887, pkt_dequeue_time=2005770384482.887, forwarded_or_dropped=1, reason_for_drop='Expiry'
DUPE: 2002393425432_Node0_Node8_Zero, Node6 id 2002393425432_Node0_Node8_Zero was a dupe; retransmit: 0, pkt_enqueue_time=2005788298126.4324, pkt_dequeue_time=2005788298126.4324, forwarded_or_dropped=1, reason_for_drop='Expiry'
DUPE: 2002327858277_Node0_Node8_Zero, Node6 id 2002327858277_Node0_Node8_Zero was a dupe; retransmit: 0, pkt_enqueue_time=2005799077780.9778, pkt_dequeue_time=2005799077780.9778, forwarded_or_dropped=1, reason_for_drop='Expiry'
DUPE: 2001745878220_Node0_Node8_Zero, Node6 id 2001745878220_Node0_Node8_Zero was a dupe; retransmit: 0, pkt_enqueue_time=2005811285118.5232, pkt_dequeue_time=2005811285118.5232, forwarded_or_dropped=1, reason_for_drop='Expiry'
DUPE: 2001754078001_Node0_Node8_Zero, Node6 id 2001754078001_Node0_Node8_Zero was a dupe; retransmit: 0, pkt_enqueue_time=2005811285118.5232, pkt_dequeue_time=2005811285118.5232, forwarded_or_dropped=1, reason_for_drop='Expiry'
DUPE: 2002450803179_Node0_Node8_Zero, Node6 id 2002450803179_Node0_Node8_Zero was a dupe; retransmit: 0, pkt_enqueue_time=2005825797682.1597, pkt_dequeue_time=2005825797682.1597, forwarded_or_dropped=1, reason_for_drop='Expiry'
DUPE: 2002458995870_Node0_Node8_Zero, Node6 id 2002458995870_Node0_Node8_Zero was a dupe; retransmit: 0, pkt_enqueue_time=2005837547336.705, pkt_dequeue_time=2005837547336.705, forwarded_or_dropped=1, reason_for_drop='Expiry'
DUPE: 2002278662500_Node0_Node8_Zero, Node6 id 2002278662500_Node0_Node8_Zero was a dupe; retransmit: 0, pkt_enqueue_time=2005848686991.2505, pkt_dequeue_time=2005848686991.2505, forwarded_or_dropped=1, reason_for_drop='Expiry'
DUPE: 2001213098930_Node0_Node8_Zero, Node6 id 2001213098930_Node0_Node8_Zero was a dupe; retransmit: 0, pkt_enqueue_time=2005863796645.796, pkt_dequeue_time=2005863796645.796, forwarded_or_dropped=1, reason_for_drop='Expiry'
DUPE: 2001237676410_Node0_Node8_Zero, Node6 id 2001237676410_Node0_Node8_Zero was a dupe; retransmit: 0, pkt_enqueue_time=2005863796645.796, pkt_dequeue_time=2005863796645.796, forwarded_or_dropped=1, reason_for_drop='Expiry'
DUPE: 2002106538802_Node0_Node8_Zero, Node6 id 2002106538802_Node0_Node8_Zero was a dupe; retransmit: 0, pkt_enqueue_time=2005875566209.4324, pkt_dequeue_time=2005875566209.4324, forwarded_or_dropped=1, reason_for_drop='Expiry'
DUPE: 2002114736672_Node0_Node8_Zero, Node6 id 2002114736672_Node0_Node8_Zero was a dupe; retransmit: 0, pkt_enqueue_time=2005875566209.4324, pkt_dequeue_time=2005875566209.4324, forwarded_or_dropped=1, reason_for_drop='Expiry'
DUPE: 2002122938329_Node0_Node8_Zero, Node6 id 2002122938329_Node0_Node8_Zero was a dupe; retransmit: 0, pkt_enqueue_time=2005882177463.2505, pkt_dequeue_time=2005882177463.2505, forwarded_or_dropped=1, reason_for_drop='Expiry'
DUPE: 2002131135061_Node0_Node8_Zero, Node6 id 2002131135061_Node0_Node8_Zero was a dupe; retransmit: 0, pkt_enqueue_time=2005882177463.2505, pkt_dequeue_time=2005882177463.2505, forwarded_or_dropped=1, reason_for_drop='Expiry'
DUPE: 2001508174140_Node0_Node8_Zero, Node6 id 2001508174140_Node0_Node8_Zero was a dupe; retransmit: 0, pkt_enqueue_time=2005893534026.887, pkt_dequeue_time=2005893534026.887, forwarded_or_dropped=1, reason_for_drop='Expiry'
DUPE: 2002680316896_Node0_Node8_Zero, Node6 id 2002680316896_Node0_Node8_Zero was a dupe; retransmit: 0, pkt_enqueue_time=2005895470898.887, pkt_dequeue_time=2005895470898.887, forwarded_or_dropped=1, reason_for_drop='Expiry'
DUPE: 2002909813534_Node0_Node8_Zero, Node7 id 2002909813534_Node0_Node8_Zero was a dupe; retransmit: 0, pkt_enqueue_time=2005913479358.1614, pkt_dequeue_time=2005913479358.1614, forwarded_or_dropped=1, reason_for_drop='Expiry'
DUPE: 2002918009388_Node0_Node8_Zero, Node6 id 2002918009388_Node0_Node8_Zero was a dupe; retransmit: 0, pkt_enqueue_time=2005967050539.9807, pkt_dequeue_time=2005967050539.9807, forwarded_or_dropped=1, reason_for_drop='Expiry'
main.py: Progress: 2006 / 2014
Node.py: (Node0)@2006000000000.0: Updated MCS from 1 to 0, hist=deque([0.9791666666666666, 0.46938775510204084, 3.2448979591836733, 1.5510204081632653, 0.375], maxlen=5), packets_serviced=18, packets_received=48
Called Update: UpdateRouteCalls = 0, force = False
Node.py: (Node1)@2006000000000.0: Updated MCS from 3 to 3, hist=deque([0.3898305084745763, 0.25, 0.84, 1.1066666666666667, 0.24324324324324326], maxlen=5), packets_serviced=18, packets_received=74
Called Update: UpdateRouteCalls = 1, force = False
Node.py: (Node2)@2006000000000.0: Updated MCS from 1 to 1, hist=deque([0.9787234042553191, 1.0, 0.047619047619047616, 0.20481927710843373, 2.2777777777777777], maxlen=5), packets_serviced=41, packets_received=18
Called Update: UpdateRouteCalls = 2, force = False
Node.py: (Node3)@2006000000000.0: Updated MCS from 3 to 3, hist=deque([0.9782608695652174, 0.27848101265822783, 0.42105263157894735, 0.5263157894736842, 0.32954545454545453], maxlen=5), packets_serviced=29, packets_received=88
Called Update: UpdateRouteCalls = 3, force = False
Node.py: (Node4)@2006000000000.0: Updated MCS from 0 to 0, hist=deque([0.26666666666666666, 0.4782608695652174, 4.0, 1.5, 0.0], maxlen=5), packets_serviced=0, packets_received=29
Called Update: UpdateRouteCalls = 4, force = False
Node.py: (Node5)@2006000000000.0: Updated MCS from 1 to 2, hist=deque([0.0, 0.0, 0.0, 0.0, 1.24], maxlen=5), packets_serviced=31, packets_received=25
Called Update: UpdateRouteCalls = 5, force = False
Node.py: (Node6)@2006000000000.0: Updated MCS from 3 to 3, hist=deque([0.013513513513513514, 0.0, 0.0, 0.0, 0.3076923076923077], maxlen=5), packets_serviced=20, packets_received=65
Called Update: UpdateRouteCalls = 6, force = False
Node.py: (Node7)@2006000000000.0: Updated MCS from 0 to 0, hist=deque([1.0, 1.0, 1.0, 1.0, 0.391304347826087], maxlen=5), packets_serviced=9, packets_received=23
Called Update: UpdateRouteCalls = 7, force = False
Called Update: UpdateRouteCalls = 8, force = False
Called Update: UpdateRouteCalls = 9, force = False
!! UPDATING !!
routeNo, updatedMCSIndex =  0 [0, 3, 1, 3, 0, 2, 3, 0]
Called Update: UpdateRouteCalls = 0, force = True
!! UPDATING !!
routeNo, updatedMCSIndex =  0 [0, 3, 1, 3, 0, 2, 3, 0]

rf.py: Time: 2006 Route details: {0: {'Route': [0, 1, 2, 3, 4, 5, 6, 7, 8], 'MCS_Index': [0, 3, 1, 3, 0, 2, 3, 0], 'Priority': 1, 'ValidRoute': True, 'HQRoute': True, 'RouteNodeDensity': [0, 0, 0, 0, 0, 0, 0, 0, 0], 'InterferingLinks': 16, 'Target': (-1, -1)}}
DUPE: 2002942601247_Node0_Node8_Zero, Node6 id 2002942601247_Node0_Node8_Zero was a dupe; retransmit: 0, pkt_enqueue_time=2006029438406.255, pkt_dequeue_time=2006029438406.255, forwarded_or_dropped=1, reason_for_drop='Expiry'
DUPE: 2002950801046_Node0_Node8_Zero, Node6 id 2002950801046_Node0_Node8_Zero was a dupe; retransmit: 0, pkt_enqueue_time=2006029438406.255, pkt_dequeue_time=2006029438406.255, forwarded_or_dropped=1, reason_for_drop='Expiry'
DUPE: 2003024556826_Node0_Node8_Zero, Node6 id 2003024556826_Node0_Node8_Zero was a dupe; retransmit: 0, pkt_enqueue_time=2006031974969.8914, pkt_dequeue_time=2006031974969.8914, forwarded_or_dropped=1, reason_for_drop='Expiry'
DUPE: 2003040947927_Node0_Node8_Zero, Node6 id 2003040947927_Node0_Node8_Zero was a dupe; retransmit: 0, pkt_enqueue_time=2006063925751.7095, pkt_dequeue_time=2006063925751.7095, forwarded_or_dropped=1, reason_for_drop='Expiry'
DUPE: 2001696700975_Node0_Node8_Zero, Node6 id 2001696700975_Node0_Node8_Zero was a dupe; retransmit: 0, pkt_enqueue_time=2006092407003.6184, pkt_dequeue_time=2006092407003.6184, forwarded_or_dropped=1, reason_for_drop='Expiry'
DUPE: 2001704902570_Node0_Node8_Zero, Node6 id 2001704902570_Node0_Node8_Zero was a dupe; retransmit: 0, pkt_enqueue_time=2006092407003.6184, pkt_dequeue_time=2006092407003.6184, forwarded_or_dropped=1, reason_for_drop='Expiry'
DUPE: 2001877024264_Node0_Node8_Zero, Node6 id 2001877024264_Node0_Node8_Zero was a dupe; retransmit: 0, pkt_enqueue_time=2006115688858.164, pkt_dequeue_time=2006115688858.164, forwarded_or_dropped=1, reason_for_drop='Expiry'
DUPE: 2001885224775_Node0_Node8_Zero, Node6 id 2001885224775_Node0_Node8_Zero was a dupe; retransmit: 0, pkt_enqueue_time=2006115688858.164, pkt_dequeue_time=2006115688858.164, forwarded_or_dropped=1, reason_for_drop='Expiry'
DUPE: 2002573741094_Node0_Node8_Zero, Node6 id 2002573741094_Node0_Node8_Zero was a dupe; retransmit: 0, pkt_enqueue_time=2006130516913.7114, pkt_dequeue_time=2006130516913.7114, forwarded_or_dropped=1, reason_for_drop='Expiry'
DUPE: 2003065532300_Node0_Node8_Zero, Node6 id 2003065532300_Node0_Node8_Zero was a dupe; retransmit: 0, pkt_enqueue_time=2006144236568.2568, pkt_dequeue_time=2006144236568.2568, forwarded_or_dropped=1, reason_for_drop='Expiry'
DUPE: 2003057338176_Node0_Node8_Zero, Node6 id 2003057338176_Node0_Node8_Zero was a dupe; retransmit: 0, pkt_enqueue_time=2006144236568.2568, pkt_dequeue_time=2006144236568.2568, forwarded_or_dropped=1, reason_for_drop='Expiry'
DUPE: 2003073730340_Node0_Node8_Zero, Node6 id 2003073730340_Node0_Node8_Zero was a dupe; retransmit: 0, pkt_enqueue_time=2006146059131.8933, pkt_dequeue_time=2006146059131.8933, forwarded_or_dropped=1, reason_for_drop='Expiry'
DUPE: 2003098322308_Node0_Node8_Zero, Node6 id 2003098322308_Node0_Node8_Zero was a dupe; retransmit: 0, pkt_enqueue_time=2006146059131.8933, pkt_dequeue_time=2006146059131.8933, forwarded_or_dropped=1, reason_for_drop='Expiry'
DUPE: 2003155710491_Node0_Node8_Zero, Node6 id 2003155710491_Node0_Node8_Zero was a dupe; retransmit: 0, pkt_enqueue_time=2006156549696.6511, pkt_dequeue_time=2006156549696.6511, forwarded_or_dropped=1, reason_for_drop='Expiry'
DUPE: 2002819659402_Node0_Node8_Zero, Node1 id 2002819659402_Node0_Node8_Zero was a dupe; retransmit: 0, pkt_enqueue_time=2006182654049.4392, pkt_dequeue_time=2006182654049.4392, forwarded_or_dropped=1, reason_for_drop='Expiry'
DUPE: 2003114714640_Node0_Node8_Zero, Node1 id 2003114714640_Node0_Node8_Zero was a dupe; retransmit: 0, pkt_enqueue_time=2006196857703.9846, pkt_dequeue_time=2006196857703.9846, forwarded_or_dropped=1, reason_for_drop='Expiry'
DUPE: 2003122915468_Node0_Node8_Zero, Node1 id 2003122915468_Node0_Node8_Zero was a dupe; retransmit: 0, pkt_enqueue_time=2006196857703.9846, pkt_dequeue_time=2006196857703.9846, forwarded_or_dropped=1, reason_for_drop='Expiry'
DUPE: 2002950801046_Node0_Node8_Zero, Node1 id 2002950801046_Node0_Node8_Zero was a dupe; retransmit: 0, pkt_enqueue_time=2006224096532.107, pkt_dequeue_time=2006224096532.107, forwarded_or_dropped=1, reason_for_drop='Expiry'
DUPE: 2003204893634_Node0_Node8_Zero, Node5 id 2003204893634_Node0_Node8_Zero was a dupe; retransmit: 0, pkt_enqueue_time=2006329956659.5315, pkt_dequeue_time=2006329956659.5315, forwarded_or_dropped=1, reason_for_drop='Expiry'
DUPE: 2003016364590_Node0_Node8_Zero, Node1 id 2003016364590_Node0_Node8_Zero was a dupe; retransmit: 0, pkt_enqueue_time=2006350010822.2278, pkt_dequeue_time=2006350010822.2278, forwarded_or_dropped=1, reason_for_drop='Expiry'
DUPE: 2003114714640_Node0_Node8_Zero, Node6 id 2003114714640_Node0_Node8_Zero was a dupe; retransmit: 0, pkt_enqueue_time=2006379829965.3184, pkt_dequeue_time=2006379829965.3184, forwarded_or_dropped=1, reason_for_drop='Expiry'
DUPE: 2003122915468_Node0_Node8_Zero, Node6 id 2003122915468_Node0_Node8_Zero was a dupe; retransmit: 0, pkt_enqueue_time=2006379829965.3184, pkt_dequeue_time=2006379829965.3184, forwarded_or_dropped=1, reason_for_drop='Expiry'
DUPE: 2002770483912_Node0_Node8_Zero, Node1 id 2002770483912_Node0_Node8_Zero was a dupe; retransmit: 0, pkt_enqueue_time=2006399071330.3792, pkt_dequeue_time=2006399071330.3792, forwarded_or_dropped=1, reason_for_drop='Expiry'
Node.py: (Node0)@2006400000000.0: Updated MCS from 0 to 0, hist=deque([0.46938775510204084, 3.2448979591836733, 1.5510204081632653, 0.375, 0.0], maxlen=5), packets_serviced=0, packets_received=49
Called Update: UpdateRouteCalls = 0, force = False
Node.py: (Node1)@2006400000000.0: Updated MCS from 3 to 3, hist=deque([0.25, 0.84, 1.1066666666666667, 0.24324324324324326, 0.043478260869565216], maxlen=5), packets_serviced=1, packets_received=23
Called Update: UpdateRouteCalls = 1, force = False
Node.py: (Node2)@2006400000000.0: Updated MCS from 1 to 0, hist=deque([1.0, 0.047619047619047616, 0.20481927710843373, 2.2777777777777777, 36.0], maxlen=5), packets_serviced=36, packets_received=1
Called Update: UpdateRouteCalls = 2, force = False
Node.py: (Node3)@2006400000000.0: Updated MCS from 3 to 3, hist=deque([0.27848101265822783, 0.42105263157894735, 0.5263157894736842, 0.32954545454545453, 0.3418803418803419], maxlen=5), packets_serviced=40, packets_received=117
Called Update: UpdateRouteCalls = 3, force = False
Node.py: (Node4)@2006400000000.0: Updated MCS from 0 to 0, hist=deque([0.4782608695652174, 4.0, 1.5, 0.0, 0.075], maxlen=5), packets_serviced=3, packets_received=40
Called Update: UpdateRouteCalls = 4, force = False
Node.py: (Node5)@2006400000000.0: Updated MCS from 2 to 1, hist=deque([0.0, 0.0, 0.0, 1.24, 6.666666666666667], maxlen=5), packets_serviced=60, packets_received=9
Called Update: UpdateRouteCalls = 5, force = False
Node.py: (Node6)@2006400000000.0: Updated MCS from 3 to 3, hist=deque([0.0, 0.0, 0.0, 0.3076923076923077, 0.7105263157894737], maxlen=5), packets_serviced=54, packets_received=76
Called Update: UpdateRouteCalls = 6, force = False
Node.py: (Node7)@2006400000000.0: Updated MCS from 0 to 0, hist=deque([1.0, 1.0, 1.0, 0.391304347826087, 0.8461538461538461], maxlen=5), packets_serviced=44, packets_received=52
Called Update: UpdateRouteCalls = 7, force = False
Called Update: UpdateRouteCalls = 8, force = False
Called Update: UpdateRouteCalls = 9, force = False
!! UPDATING !!
routeNo, updatedMCSIndex =  0 [0, 3, 0, 3, 0, 1, 3, 0]
DUPE: 2002975386123_Node0_Node8_Zero, Node1 id 2002975386123_Node0_Node8_Zero was a dupe; retransmit: 0, pkt_enqueue_time=2006421731620.5, pkt_dequeue_time=2006421731620.5, forwarded_or_dropped=1, reason_for_drop='Expiry'
DUPE: 2003172110400_Node0_Node8_Zero, Node1 id 2003172110400_Node0_Node8_Zero was a dupe; retransmit: 0, pkt_enqueue_time=2006458458934.5908, pkt_dequeue_time=2006458458934.5908, forwarded_or_dropped=1, reason_for_drop='Expiry'
DUPE: 2001540962163_Node0_Node8_Zero, Node6 id 2001540962163_Node0_Node8_Zero was a dupe; retransmit: 0, pkt_enqueue_time=2006565433793.56, pkt_dequeue_time=2006565433793.56, forwarded_or_dropped=1, reason_for_drop='Expiry'
DUPE: 2001549157397_Node0_Node8_Zero, Node6 id 2001549157397_Node0_Node8_Zero was a dupe; retransmit: 0, pkt_enqueue_time=2006579136419.3164, pkt_dequeue_time=2006579136419.3164, forwarded_or_dropped=1, reason_for_drop='Expiry'
DUPE: 2001557351861_Node0_Node8_Zero, Node6 id 2001557351861_Node0_Node8_Zero was a dupe; retransmit: 0, pkt_enqueue_time=2006579136419.3164, pkt_dequeue_time=2006579136419.3164, forwarded_or_dropped=1, reason_for_drop='Expiry'
DUPE: 2002155724989_Node0_Node8_Zero, Node6 id 2002155724989_Node0_Node8_Zero was a dupe; retransmit: 0, pkt_enqueue_time=2006594699641.953, pkt_dequeue_time=2006594699641.953, forwarded_or_dropped=1, reason_for_drop='Expiry'
DUPE: 2002163921262_Node0_Node8_Zero, Node6 id 2002163921262_Node0_Node8_Zero was a dupe; retransmit: 0, pkt_enqueue_time=2006594699641.953, pkt_dequeue_time=2006594699641.953, forwarded_or_dropped=1, reason_for_drop='Expiry'
DUPE: 2003762284341_Node0_Node8_Zero, Node5 id 2003762284341_Node0_Node8_Zero was a dupe; retransmit: 0, pkt_enqueue_time=2006779754021.8308, pkt_dequeue_time=2006779754021.8308, forwarded_or_dropped=1, reason_for_drop='Expiry'
Node.py: (Node0)@2006800000000.0: Updated MCS from 0 to 0, hist=deque([3.2448979591836733, 1.5510204081632653, 0.375, 0.0, 0.6530612244897959], maxlen=5), packets_serviced=32, packets_received=49
Called Update: UpdateRouteCalls = 0, force = False
Node.py: (Node1)@2006800000000.0: Updated MCS from 3 to 3, hist=deque([0.84, 1.1066666666666667, 0.24324324324324326, 0.043478260869565216, 0.37209302325581395], maxlen=5), packets_serviced=32, packets_received=86
Called Update: UpdateRouteCalls = 1, force = False
Node.py: (Node2)@2006800000000.0: Updated MCS from 0 to 0, hist=deque([0.047619047619047616, 0.20481927710843373, 2.2777777777777777, 36.0, 0.1875], maxlen=5), packets_serviced=6, packets_received=32
Called Update: UpdateRouteCalls = 2, force = False
Node.py: (Node3)@2006800000000.0: Updated MCS from 3 to 3, hist=deque([0.42105263157894735, 0.5263157894736842, 0.32954545454545453, 0.3418803418803419, 0.15384615384615385], maxlen=5), packets_serviced=4, packets_received=26
Called Update: UpdateRouteCalls = 3, force = False
Node.py: (Node4)@2006800000000.0: Updated MCS from 0 to 0, hist=deque([4.0, 1.5, 0.0, 0.075, 6.2], maxlen=5), packets_serviced=31, packets_received=5
Called Update: UpdateRouteCalls = 4, force = False
Node.py: (Node5)@2006800000000.0: Updated MCS from 1 to 0, hist=deque([0.0, 0.0, 1.24, 6.666666666666667, 0.0125], maxlen=5), packets_serviced=1, packets_received=80
Called Update: UpdateRouteCalls = 5, force = False
Node.py: (Node6)@2006800000000.0: Updated MCS from 3 to 3, hist=deque([0.0, 0.0, 0.3076923076923077, 0.7105263157894737, 0.2], maxlen=5), packets_serviced=2, packets_received=10
Called Update: UpdateRouteCalls = 6, force = False
Node.py: (Node7)@2006800000000.0: Updated MCS from 0 to 0, hist=deque([1.0, 1.0, 0.391304347826087, 0.8461538461538461, 3.75], maxlen=5), packets_serviced=15, packets_received=4
Called Update: UpdateRouteCalls = 7, force = False
Called Update: UpdateRouteCalls = 8, force = False
Called Update: UpdateRouteCalls = 9, force = False
!! UPDATING !!
routeNo, updatedMCSIndex =  0 [0, 3, 0, 3, 0, 0, 3, 0]
main.py: Progress: 2007 / 2014
Called Update: UpdateRouteCalls = 0, force = True
!! UPDATING !!
routeNo, updatedMCSIndex =  0 [0, 3, 0, 3, 0, 0, 3, 0]

rf.py: Time: 2007 Route details: {0: {'Route': [0, 1, 2, 3, 4, 5, 6, 7, 8], 'MCS_Index': [0, 3, 0, 3, 0, 0, 3, 0], 'Priority': 1, 'ValidRoute': True, 'HQRoute': True, 'RouteNodeDensity': [0, 0, 0, 0, 0, 0, 0, 0, 0], 'InterferingLinks': 16, 'Target': (-1, -1)}}
DUPE: 2004081966013_Node0_Node8_Zero, Node3 id 2004081966013_Node0_Node8_Zero was a dupe; retransmit: 0, pkt_enqueue_time=2007124707136.9185, pkt_dequeue_time=2007124707136.9185, forwarded_or_dropped=1, reason_for_drop='Expiry'
Node.py: (Node0)@2007200000000.0: Updated MCS from 0 to 0, hist=deque([1.5510204081632653, 0.375, 0.0, 0.6530612244897959, 1.0408163265306123], maxlen=5), packets_serviced=51, packets_received=49
Called Update: UpdateRouteCalls = 0, force = False
Node.py: (Node1)@2007200000000.0: Updated MCS from 3 to 3, hist=deque([1.1066666666666667, 0.24324324324324326, 0.043478260869565216, 0.37209302325581395, 0.3464566929133858], maxlen=5), packets_serviced=44, packets_received=127
Called Update: UpdateRouteCalls = 1, force = False
Node.py: (Node2)@2007200000000.0: Updated MCS from 0 to 0, hist=deque([0.20481927710843373, 2.2777777777777777, 36.0, 0.1875, 0.2], maxlen=5), packets_serviced=9, packets_received=45
Called Update: UpdateRouteCalls = 2, force = False
Node.py: (Node3)@2007200000000.0: Updated MCS from 3 to 3, hist=deque([0.5263157894736842, 0.32954545454545453, 0.3418803418803419, 0.15384615384615385, 0.06666666666666667], maxlen=5), packets_serviced=1, packets_received=15
Called Update: UpdateRouteCalls = 3, force = False
Called Update: UpdateRouteCalls = 4, force = False
Node.py: (Node5)@2007200000000.0: Updated MCS from 0 to 0, hist=deque([0.0, 1.24, 6.666666666666667, 0.0125, 0.0], maxlen=5), packets_serviced=0, packets_received=135
Called Update: UpdateRouteCalls = 5, force = False
Called Update: UpdateRouteCalls = 6, force = False
Called Update: UpdateRouteCalls = 7, force = False
Called Update: UpdateRouteCalls = 8, force = False
Called Update: UpdateRouteCalls = 9, force = False
!! UPDATING !!
routeNo, updatedMCSIndex =  0 [0, 3, 0, 3, 0, 0, 3, 0]
DUPE: 2004188524816_Node0_Node8_Zero, Node5 id 2004188524816_Node0_Node8_Zero was a dupe; retransmit: 0, pkt_enqueue_time=2007242284459.0085, pkt_dequeue_time=2007242284459.0085, forwarded_or_dropped=1, reason_for_drop='Expiry'
DUPE: 2001860636498_Node0_Node8_Zero, Node6 id 2001860636498_Node0_Node8_Zero was a dupe; retransmit: 0, pkt_enqueue_time=2007261168539.372, pkt_dequeue_time=2007261168539.372, forwarded_or_dropped=1, reason_for_drop='Expiry'
DUPE: 2001868831049_Node0_Node8_Zero, Node6 id 2001868831049_Node0_Node8_Zero was a dupe; retransmit: 0, pkt_enqueue_time=2007261168539.372, pkt_dequeue_time=2007261168539.372, forwarded_or_dropped=1, reason_for_drop='Expiry'
DUPE: 2004270497049_Node0_Node8_Zero, Node5 id 2004270497049_Node0_Node8_Zero was a dupe; retransmit: 0, pkt_enqueue_time=2007274693961.9177, pkt_dequeue_time=2007274693961.9177, forwarded_or_dropped=1, reason_for_drop='Expiry'
DUPE: 2003999994736_Node0_Node8_Zero, Node5 id 2003999994736_Node0_Node8_Zero was a dupe; retransmit: 0, pkt_enqueue_time=2007314200804.5535, pkt_dequeue_time=2007314200804.5535, forwarded_or_dropped=1, reason_for_drop='Expiry'
DUPE: 2004024581002_Node0_Node8_Zero, Node5 id 2004024581002_Node0_Node8_Zero was a dupe; retransmit: 0, pkt_enqueue_time=2007319113210.0989, pkt_dequeue_time=2007319113210.0989, forwarded_or_dropped=1, reason_for_drop='Expiry'
DUPE: 2003934433550_Node0_Node8_Zero, Node5 id 2003934433550_Node0_Node8_Zero was a dupe; retransmit: 0, pkt_enqueue_time=2007324045868.6443, pkt_dequeue_time=2007324045868.6443, forwarded_or_dropped=1, reason_for_drop='Expiry'
DUPE: 2004295083300_Node0_Node8_Zero, Node5 id 2004295083300_Node0_Node8_Zero was a dupe; retransmit: 0, pkt_enqueue_time=2007328233523.1897, pkt_dequeue_time=2007328233523.1897, forwarded_or_dropped=1, reason_for_drop='Expiry'
DUPE: 2004319682181_Node0_Node8_Zero, Node5 id 2004319682181_Node0_Node8_Zero was a dupe; retransmit: 0, pkt_enqueue_time=2007332493177.735, pkt_dequeue_time=2007332493177.735, forwarded_or_dropped=1, reason_for_drop='Expiry'
DUPE: 2004278691031_Node0_Node8_Zero, Node5 id 2004278691031_Node0_Node8_Zero was a dupe; retransmit: 0, pkt_enqueue_time=2007356993276.462, pkt_dequeue_time=2007356993276.462, forwarded_or_dropped=1, reason_for_drop='Expiry'
DUPE: 2004311482997_Node0_Node8_Zero, Node5 id 2004311482997_Node0_Node8_Zero was a dupe; retransmit: 0, pkt_enqueue_time=2007360684817.3708, pkt_dequeue_time=2007360684817.3708, forwarded_or_dropped=1, reason_for_drop='Expiry'
DUPE: 2004106551007_Node0_Node8_Zero, Node5 id 2004106551007_Node0_Node8_Zero was a dupe; retransmit: 0, pkt_enqueue_time=2007365835745.9163, pkt_dequeue_time=2007365835745.9163, forwarded_or_dropped=1, reason_for_drop='Expiry'
DUPE: 2003909848042_Node0_Node8_Zero, Node5 id 2003909848042_Node0_Node8_Zero was a dupe; retransmit: 0, pkt_enqueue_time=2007370235400.4617, pkt_dequeue_time=2007370235400.4617, forwarded_or_dropped=1, reason_for_drop='Expiry'
DUPE: 2004286887086_Node0_Node8_Zero, Node5 id 2004286887086_Node0_Node8_Zero was a dupe; retransmit: 0, pkt_enqueue_time=2007375446936.007, pkt_dequeue_time=2007375446936.007, forwarded_or_dropped=1, reason_for_drop='Expiry'
DUPE: 2004327879273_Node0_Node8_Zero, Node5 id 2004327879273_Node0_Node8_Zero was a dupe; retransmit: 0, pkt_enqueue_time=2007378333808.007, pkt_dequeue_time=2007378333808.007, forwarded_or_dropped=1, reason_for_drop='Expiry'
DUPE: 2004016382467_Node0_Node8_Zero, Node5 id 2004016382467_Node0_Node8_Zero was a dupe; retransmit: 0, pkt_enqueue_time=2007383604232.5525, pkt_dequeue_time=2007383604232.5525, forwarded_or_dropped=1, reason_for_drop='Expiry'
DUPE: 2004032776926_Node0_Node8_Zero, Node5 id 2004032776926_Node0_Node8_Zero was a dupe; retransmit: 0, pkt_enqueue_time=2007385831104.5525, pkt_dequeue_time=2007385831104.5525, forwarded_or_dropped=1, reason_for_drop='Expiry'
DUPE: 2004401640053_Node0_Node8_Zero, Node5 id 2004401640053_Node0_Node8_Zero was a dupe; retransmit: 0, pkt_enqueue_time=2007403659310.2795, pkt_dequeue_time=2007403659310.2795, forwarded_or_dropped=1, reason_for_drop='Expiry'
DUPE: 2004418033270_Node0_Node8_Zero, Node5 id 2004418033270_Node0_Node8_Zero was a dupe; retransmit: 0, pkt_enqueue_time=2007423104372.0977, pkt_dequeue_time=2007423104372.0977, forwarded_or_dropped=1, reason_for_drop='Expiry'
DUPE: 2001975377020_Node0_Node8_Zero, Node6 id 2001975377020_Node0_Node8_Zero was a dupe; retransmit: 0, pkt_enqueue_time=2007438223488.9158, pkt_dequeue_time=2007438223488.9158, forwarded_or_dropped=1, reason_for_drop='Expiry'
DUPE: 2001983577564_Node0_Node8_Zero, Node6 id 2001983577564_Node0_Node8_Zero was a dupe; retransmit: 0, pkt_enqueue_time=2007438223488.9158, pkt_dequeue_time=2007438223488.9158, forwarded_or_dropped=1, reason_for_drop='Expiry'
DUPE: 2003926236747_Node0_Node8_Zero, Node5 id 2003926236747_Node0_Node8_Zero was a dupe; retransmit: 0, pkt_enqueue_time=2007440172974.734, pkt_dequeue_time=2007440172974.734, forwarded_or_dropped=1, reason_for_drop='Expiry'
DUPE: 2003918042364_Node0_Node8_Zero, Node5 id 2003918042364_Node0_Node8_Zero was a dupe; retransmit: 0, pkt_enqueue_time=2007454103246.6426, pkt_dequeue_time=2007454103246.6426, forwarded_or_dropped=1, reason_for_drop='Expiry'
DUPE: 2004221315761_Node0_Node8_Zero, Node5 id 2004221315761_Node0_Node8_Zero was a dupe; retransmit: 0, pkt_enqueue_time=2007460498017.188, pkt_dequeue_time=2007460498017.188, forwarded_or_dropped=1, reason_for_drop='Expiry'
DUPE: 2003959017894_Node0_Node8_Zero, Node5 id 2003959017894_Node0_Node8_Zero was a dupe; retransmit: 0, pkt_enqueue_time=2007470741634.7334, pkt_dequeue_time=2007470741634.7334, forwarded_or_dropped=1, reason_for_drop='Expiry'
DUPE: 2003991798788_Node0_Node8_Zero, Node5 id 2003991798788_Node0_Node8_Zero was a dupe; retransmit: 0, pkt_enqueue_time=2007476721249.2788, pkt_dequeue_time=2007476721249.2788, forwarded_or_dropped=1, reason_for_drop='Expiry'
DUPE: 2003983606128_Node0_Node8_Zero, Node5 id 2003983606128_Node0_Node8_Zero was a dupe; retransmit: 0, pkt_enqueue_time=2007490275517.3696, pkt_dequeue_time=2007490275517.3696, forwarded_or_dropped=1, reason_for_drop='Expiry'
DUPE: 2002475386458_Node0_Node8_Zero, Node6 id 2002475386458_Node0_Node8_Zero was a dupe; retransmit: 0, pkt_enqueue_time=2007506740426.1877, pkt_dequeue_time=2007506740426.1877, forwarded_or_dropped=1, reason_for_drop='Expiry'
DUPE: 2004491801685_Node0_Node8_Zero, Node5 id 2004491801685_Node0_Node8_Zero was a dupe; retransmit: 0, pkt_enqueue_time=2007511884307.6423, pkt_dequeue_time=2007511884307.6423, forwarded_or_dropped=1, reason_for_drop='Expiry'
DUPE: 2004254101650_Node0_Node8_Zero, Node5 id 2004254101650_Node0_Node8_Zero was a dupe; retransmit: 0, pkt_enqueue_time=2007523739064.6423, pkt_dequeue_time=2007523739064.6423, forwarded_or_dropped=1, reason_for_drop='Expiry'
DUPE: 2004393441270_Node0_Node8_Zero, Node5 id 2004393441270_Node0_Node8_Zero was a dupe; retransmit: 0, pkt_enqueue_time=2007537542647.9148, pkt_dequeue_time=2007537542647.9148, forwarded_or_dropped=1, reason_for_drop='Expiry'
DUPE: 2002508175700_Node0_Node8_Zero, Node6 id 2002508175700_Node0_Node8_Zero was a dupe; retransmit: 0, pkt_enqueue_time=2007554517465.733, pkt_dequeue_time=2007554517465.733, forwarded_or_dropped=1, reason_for_drop='Expiry'
DUPE: 2001581946344_Node0_Node8_Zero, Node6 id 2001581946344_Node0_Node8_Zero was a dupe; retransmit: 0, pkt_enqueue_time=2007572083250.2783, pkt_dequeue_time=2007572083250.2783, forwarded_or_dropped=1, reason_for_drop='Expiry'
DUPE: 2001590147372_Node0_Node8_Zero, Node6 id 2001590147372_Node0_Node8_Zero was a dupe; retransmit: 0, pkt_enqueue_time=2007572083250.2783, pkt_dequeue_time=2007572083250.2783, forwarded_or_dropped=1, reason_for_drop='Expiry'
DUPE: 2004377048307_Node0_Node8_Zero, Node5 id 2004377048307_Node0_Node8_Zero was a dupe; retransmit: 0, pkt_enqueue_time=2007585060504.8232, pkt_dequeue_time=2007585060504.8232, forwarded_or_dropped=1, reason_for_drop='Expiry'
DUPE: 2004008187076_Node0_Node8_Zero, Node5 id 2004008187076_Node0_Node8_Zero was a dupe; retransmit: 0, pkt_enqueue_time=2007592343811.3687, pkt_dequeue_time=2007592343811.3687, forwarded_or_dropped=1, reason_for_drop='Expiry'
DUPE: 2004483605398_Node0_Node8_Zero, Node5 id 2004483605398_Node0_Node8_Zero was a dupe; retransmit: 0, pkt_enqueue_time=2007599725288.914, pkt_dequeue_time=2007599725288.914, forwarded_or_dropped=1, reason_for_drop='Expiry'
Node.py: (Node0)@2007600000000.0: Updated MCS from 0 to 1, hist=deque([0.375, 0.0, 0.6530612244897959, 1.0408163265306123, 0.04081632653061224], maxlen=5), packets_serviced=2, packets_received=49
Called Update: UpdateRouteCalls = 0, force = False
Node.py: (Node1)@2007600000000.0: Updated MCS from 3 to 3, hist=deque([0.24324324324324326, 0.043478260869565216, 0.37209302325581395, 0.3464566929133858, 0.0], maxlen=5), packets_serviced=0, packets_received=16
Called Update: UpdateRouteCalls = 1, force = False
Called Update: UpdateRouteCalls = 2, force = False
Node.py: (Node3)@2007600000000.0: Updated MCS from 3 to 3, hist=deque([0.32954545454545453, 0.3418803418803419, 0.15384615384615385, 0.06666666666666667, 0.5616438356164384], maxlen=5), packets_serviced=41, packets_received=73
Called Update: UpdateRouteCalls = 3, force = False
Node.py: (Node4)@2007600000000.0: Updated MCS from 0 to 0, hist=deque([1.5, 0.0, 0.075, 6.2, 0.09302325581395349], maxlen=5), packets_serviced=4, packets_received=43
Called Update: UpdateRouteCalls = 4, force = False
Node.py: (Node5)@2007600000000.0: Updated MCS from 0 to 0, hist=deque([1.24, 6.666666666666667, 0.0125, 0.0, 0.0], maxlen=5), packets_serviced=0, packets_received=58
Called Update: UpdateRouteCalls = 5, force = False
Node.py: (Node6)@2007600000000.0: Updated MCS from 3 to 3, hist=deque([0.0, 0.3076923076923077, 0.7105263157894737, 0.2, 0.0], maxlen=5), packets_serviced=0, packets_received=8
Called Update: UpdateRouteCalls = 6, force = False
Called Update: UpdateRouteCalls = 7, force = False
Called Update: UpdateRouteCalls = 8, force = False
Called Update: UpdateRouteCalls = 9, force = False
!! UPDATING !!
routeNo, updatedMCSIndex =  0 [1, 3, 0, 3, 0, 0, 3, 0]
DUPE: 2004122942687_Node0_Node8_Zero, Node5 id 2004122942687_Node0_Node8_Zero was a dupe; retransmit: 0, pkt_enqueue_time=2007607901125.4595, pkt_dequeue_time=2007607901125.4595, forwarded_or_dropped=1, reason_for_drop='Expiry'
DUPE: 2004360656080_Node0_Node8_Zero, Node5 id 2004360656080_Node0_Node8_Zero was a dupe; retransmit: 0, pkt_enqueue_time=2007620507498.8228, pkt_dequeue_time=2007620507498.8228, forwarded_or_dropped=1, reason_for_drop='Expiry'
DUPE: 2002237680767_Node0_Node8_Zero, Node6 id 2002237680767_Node0_Node8_Zero was a dupe; retransmit: 0, pkt_enqueue_time=2007637192883.6409, pkt_dequeue_time=2007637192883.6409, forwarded_or_dropped=1, reason_for_drop='Expiry'
DUPE: 2004098356190_Node0_Node8_Zero, Node5 id 2004098356190_Node0_Node8_Zero was a dupe; retransmit: 0, pkt_enqueue_time=2007643403437.4604, pkt_dequeue_time=2007643403437.4604, forwarded_or_dropped=1, reason_for_drop='Expiry'
DUPE: 2001762279004_Node0_Node8_Zero, Node6 id 2001762279004_Node0_Node8_Zero was a dupe; retransmit: 0, pkt_enqueue_time=2007657706255.2786, pkt_dequeue_time=2007657706255.2786, forwarded_or_dropped=1, reason_for_drop='Expiry'
DUPE: 2001770475727_Node0_Node8_Zero, Node6 id 2001770475727_Node0_Node8_Zero was a dupe; retransmit: 0, pkt_enqueue_time=2007657706255.2786, pkt_dequeue_time=2007657706255.2786, forwarded_or_dropped=1, reason_for_drop='Expiry'
DUPE: 2004434428493_Node0_Node8_Zero, Node5 id 2004434428493_Node0_Node8_Zero was a dupe; retransmit: 0, pkt_enqueue_time=2007662030159.5513, pkt_dequeue_time=2007662030159.5513, forwarded_or_dropped=1, reason_for_drop='Expiry'
DUPE: 2002483582385_Node0_Node8_Zero, Node6 id 2002483582385_Node0_Node8_Zero was a dupe; retransmit: 0, pkt_enqueue_time=2007676447977.3694, pkt_dequeue_time=2007676447977.3694, forwarded_or_dropped=1, reason_for_drop='Expiry'
DUPE: 2004303283475_Node0_Node8_Zero, Node5 id 2004303283475_Node0_Node8_Zero was a dupe; retransmit: 0, pkt_enqueue_time=2007678334487.642, pkt_dequeue_time=2007678334487.642, forwarded_or_dropped=1, reason_for_drop='Expiry'
DUPE: 2000909819142_Node0_Node8_Zero, Node6 id 2000909819142_Node0_Node8_Zero was a dupe; retransmit: 0, pkt_enqueue_time=2007693739305.4602, pkt_dequeue_time=2007693739305.4602, forwarded_or_dropped=1, reason_for_drop='Expiry'
DUPE: 2004352458309_Node0_Node8_Zero, Node5 id 2004352458309_Node0_Node8_Zero was a dupe; retransmit: 0, pkt_enqueue_time=2007695698741.4602, pkt_dequeue_time=2007695698741.4602, forwarded_or_dropped=1, reason_for_drop='Expiry'
DUPE: 2000991799551_Node0_Node8_Zero, Node6 id 2000991799551_Node0_Node8_Zero was a dupe; retransmit: 0, pkt_enqueue_time=2007713543213.8237, pkt_dequeue_time=2007713543213.8237, forwarded_or_dropped=1, reason_for_drop='Expiry'
DUPE: 2003729506037_Node0_Node8_Zero, Node5 id 2003729506037_Node0_Node8_Zero was a dupe; retransmit: 0, pkt_enqueue_time=2007718151893.6418, pkt_dequeue_time=2007718151893.6418, forwarded_or_dropped=1, reason_for_drop='Expiry'
DUPE: 2003737698949_Node0_Node8_Zero, Node5 id 2003737698949_Node0_Node8_Zero was a dupe; retransmit: 0, pkt_enqueue_time=2007720338765.6418, pkt_dequeue_time=2007720338765.6418, forwarded_or_dropped=1, reason_for_drop='Expiry'
DUPE: 2004245900960_Node0_Node8_Zero, Node5 id 2004245900960_Node0_Node8_Zero was a dupe; retransmit: 0, pkt_enqueue_time=2007729431986.1873, pkt_dequeue_time=2007729431986.1873, forwarded_or_dropped=1, reason_for_drop='Expiry'
DUPE: 2000860646832_Node0_Node8_Zero, Node6 id 2000860646832_Node0_Node8_Zero was a dupe; retransmit: 0, pkt_enqueue_time=2007766224713.5508, pkt_dequeue_time=2007766224713.5508, forwarded_or_dropped=1, reason_for_drop='Expiry'
DUPE: 2003795073468_Node0_Node8_Zero, Node5 id 2003795073468_Node0_Node8_Zero was a dupe; retransmit: 0, pkt_enqueue_time=2007772429747.1868, pkt_dequeue_time=2007772429747.1868, forwarded_or_dropped=1, reason_for_drop='Expiry'
DUPE: 2001827841167_Node0_Node8_Zero, Node6 id 2001827841167_Node0_Node8_Zero was a dupe; retransmit: 0, pkt_enqueue_time=2007791387565.005, pkt_dequeue_time=2007791387565.005, forwarded_or_dropped=1, reason_for_drop='Expiry'
DUPE: 2001836039934_Node0_Node8_Zero, Node6 id 2001836039934_Node0_Node8_Zero was a dupe; retransmit: 0, pkt_enqueue_time=2007791387565.005, pkt_dequeue_time=2007791387565.005, forwarded_or_dropped=1, reason_for_drop='Expiry'
DUPE: 2003893446176_Node0_Node8_Zero, Node5 id 2003893446176_Node0_Node8_Zero was a dupe; retransmit: 0, pkt_enqueue_time=2007799944866.732, pkt_dequeue_time=2007799944866.732, forwarded_or_dropped=1, reason_for_drop='Expiry'
DUPE: 2004459014379_Node0_Node8_Zero, Node5 id 2004459014379_Node0_Node8_Zero was a dupe; retransmit: 0, pkt_enqueue_time=2007810105744.2773, pkt_dequeue_time=2007810105744.2773, forwarded_or_dropped=1, reason_for_drop='Expiry'
DUPE: 2004827893410_Node0_Node8_Zero, Node5 id 2004827893410_Node0_Node8_Zero was a dupe; retransmit: 0, pkt_enqueue_time=2007829096814.459, pkt_dequeue_time=2007829096814.459, forwarded_or_dropped=1, reason_for_drop='Expiry'
DUPE: 2004811497260_Node0_Node8_Zero, Node3 id 2004811497260_Node0_Node8_Zero was a dupe; retransmit: 0, pkt_enqueue_time=2007830772090.0957, pkt_dequeue_time=2007830772090.0957, forwarded_or_dropped=1, reason_for_drop='Expiry'
DUPE: 2002081944752_Node0_Node8_Zero, Node6 id 2002081944752_Node0_Node8_Zero was a dupe; retransmit: 0, pkt_enqueue_time=2007867227702.095, pkt_dequeue_time=2007867227702.095, forwarded_or_dropped=1, reason_for_drop='Expiry'
DUPE: 2004581984702_Node0_Node8_Zero, Node5 id 2004581984702_Node0_Node8_Zero was a dupe; retransmit: 0, pkt_enqueue_time=2007884332813.2766, pkt_dequeue_time=2007884332813.2766, forwarded_or_dropped=1, reason_for_drop='Expiry'
DUPE: 2004852477754_Node0_Node8_Zero, Node5 id 2004852477754_Node0_Node8_Zero was a dupe; retransmit: 0, pkt_enqueue_time=2007887662680.822, pkt_dequeue_time=2007887662680.822, forwarded_or_dropped=1, reason_for_drop='Expiry'
DUPE: 2004868879053_Node0_Node8_Zero, Node5 id 2004868879053_Node0_Node8_Zero was a dupe; retransmit: 0, pkt_enqueue_time=2007917304934.0037, pkt_dequeue_time=2007917304934.0037, forwarded_or_dropped=1, reason_for_drop='Expiry'
DUPE: 2004991826852_Node0_Node8_Zero, Node5 id 2004991826852_Node0_Node8_Zero was a dupe; retransmit: 0, pkt_enqueue_time=2007994114309.912, pkt_dequeue_time=2007994114309.912, forwarded_or_dropped=1, reason_for_drop='Expiry'
main.py: Progress: 2008 / 2014
Node.py: (Node0)@2008000000000.0: Updated MCS from 1 to 2, hist=deque([0.0, 0.6530612244897959, 1.0408163265306123, 0.04081632653061224, 0.14583333333333334], maxlen=5), packets_serviced=7, packets_received=48
Called Update: UpdateRouteCalls = 0, force = False
Node.py: (Node1)@2008000000000.0: Updated MCS from 3 to 3, hist=deque([0.043478260869565216, 0.37209302325581395, 0.3464566929133858, 0.0, 0.9230769230769231], maxlen=5), packets_serviced=12, packets_received=13
Called Update: UpdateRouteCalls = 1, force = False
Node.py: (Node2)@2008000000000.0: Updated MCS from 0 to 0, hist=deque([2.2777777777777777, 36.0, 0.1875, 0.2, 4.375], maxlen=5), packets_serviced=35, packets_received=8
Called Update: UpdateRouteCalls = 2, force = False
Node.py: (Node3)@2008000000000.0: Updated MCS from 3 to 3, hist=deque([0.3418803418803419, 0.15384615384615385, 0.06666666666666667, 0.5616438356164384, 0.4461538461538462], maxlen=5), packets_serviced=29, packets_received=65
Called Update: UpdateRouteCalls = 3, force = False
Node.py: (Node4)@2008000000000.0: Updated MCS from 0 to 0, hist=deque([0.0, 0.075, 6.2, 0.09302325581395349, 1.1851851851851851], maxlen=5), packets_serviced=32, packets_received=27
Called Update: UpdateRouteCalls = 4, force = False
Node.py: (Node5)@2008000000000.0: Updated MCS from 0 to 0, hist=deque([6.666666666666667, 0.0125, 0.0, 0.0, 0.0], maxlen=5), packets_serviced=0, packets_received=72
Called Update: UpdateRouteCalls = 5, force = False
Node.py: (Node6)@2008000000000.0: Updated MCS from 3 to 3, hist=deque([0.3076923076923077, 0.7105263157894737, 0.2, 0.0, 0.0], maxlen=5), packets_serviced=0, packets_received=10
Called Update: UpdateRouteCalls = 6, force = False
Called Update: UpdateRouteCalls = 7, force = False
Called Update: UpdateRouteCalls = 8, force = False
Called Update: UpdateRouteCalls = 9, force = False
!! UPDATING !!
routeNo, updatedMCSIndex =  0 [2, 3, 0, 3, 0, 0, 3, 0]
Called Update: UpdateRouteCalls = 0, force = True
!! UPDATING !!
routeNo, updatedMCSIndex =  0 [2, 3, 0, 3, 0, 0, 3, 0]

rf.py: Time: 2008 Route details: {0: {'Route': [0, 1, 2, 3, 4, 5, 6, 7, 8], 'MCS_Index': [2, 3, 0, 3, 0, 0, 3, 0], 'Priority': 1, 'ValidRoute': True, 'HQRoute': True, 'RouteNodeDensity': [0, 0, 0, 0, 0, 0, 0, 0, 0], 'InterferingLinks': 16, 'Target': (-1, -1)}}
DUPE: 2004967244726_Node0_Node8_Zero, Node5 id 2004967244726_Node0_Node8_Zero was a dupe; retransmit: 0, pkt_enqueue_time=2008002988981.8213, pkt_dequeue_time=2008002988981.8213, forwarded_or_dropped=1, reason_for_drop='Expiry'
DUPE: 2004983633553_Node0_Node8_Zero, Node5 id 2004983633553_Node0_Node8_Zero was a dupe; retransmit: 0, pkt_enqueue_time=2008010140980.912, pkt_dequeue_time=2008010140980.912, forwarded_or_dropped=1, reason_for_drop='Expiry'
DUPE: 2004942657509_Node0_Node8_Zero, Node5 id 2004942657509_Node0_Node8_Zero was a dupe; retransmit: 0, pkt_enqueue_time=2008015932289.7302, pkt_dequeue_time=2008015932289.7302, forwarded_or_dropped=1, reason_for_drop='Expiry'
DUPE: 2005024606268_Node0_Node8_Zero, Node5 id 2005024606268_Node0_Node8_Zero was a dupe; retransmit: 0, pkt_enqueue_time=2008031046371.427, pkt_dequeue_time=2008031046371.427, forwarded_or_dropped=1, reason_for_drop='Expiry'
DUPE: 2004729515783_Node0_Node8_Zero, Node3 id 2004729515783_Node0_Node8_Zero was a dupe; retransmit: 0, pkt_enqueue_time=2008035285402.5483, pkt_dequeue_time=2008035285402.5483, forwarded_or_dropped=1, reason_for_drop='Expiry'
DUPE: 2005008214602_Node0_Node8_Zero, Node5 id 2005008214602_Node0_Node8_Zero was a dupe; retransmit: 0, pkt_enqueue_time=2008037863579.5178, pkt_dequeue_time=2008037863579.5178, forwarded_or_dropped=1, reason_for_drop='Expiry'
DUPE: 2005016412564_Node0_Node8_Zero, Node5 id 2005016412564_Node0_Node8_Zero was a dupe; retransmit: 0, pkt_enqueue_time=2008040910451.5178, pkt_dequeue_time=2008040910451.5178, forwarded_or_dropped=1, reason_for_drop='Expiry'
DUPE: 2005106582388_Node0_Node8_Zero, Node5 id 2005106582388_Node0_Node8_Zero was a dupe; retransmit: 0, pkt_enqueue_time=2008107982902.6985, pkt_dequeue_time=2008107982902.6985, forwarded_or_dropped=1, reason_for_drop='Expiry'
DUPE: 2005081984454_Node0_Node8_Zero, Node5 id 2005081984454_Node0_Node8_Zero was a dupe; retransmit: 0, pkt_enqueue_time=2008110362557.244, pkt_dequeue_time=2008110362557.244, forwarded_or_dropped=1, reason_for_drop='Expiry'
DUPE: 2005065589012_Node0_Node8_Zero, Node5 id 2005065589012_Node0_Node8_Zero was a dupe; retransmit: 0, pkt_enqueue_time=2008112802211.7893, pkt_dequeue_time=2008112802211.7893, forwarded_or_dropped=1, reason_for_drop='Expiry'
DUPE: 2005073786768_Node0_Node8_Zero, Node5 id 2005073786768_Node0_Node8_Zero was a dupe; retransmit: 0, pkt_enqueue_time=2008115261866.3347, pkt_dequeue_time=2008115261866.3347, forwarded_or_dropped=1, reason_for_drop='Expiry'
DUPE: 2005090184790_Node0_Node8_Zero, Node5 id 2005090184790_Node0_Node8_Zero was a dupe; retransmit: 0, pkt_enqueue_time=2008137979508.1526, pkt_dequeue_time=2008137979508.1526, forwarded_or_dropped=1, reason_for_drop='Expiry'
DUPE: 2005131175910_Node0_Node8_Zero, Node5 id 2005131175910_Node0_Node8_Zero was a dupe; retransmit: 0, pkt_enqueue_time=2008147707255.2434, pkt_dequeue_time=2008147707255.2434, forwarded_or_dropped=1, reason_for_drop='Expiry'
DUPE: 2004975440824_Node0_Node8_Zero, Node3 id 2004975440824_Node0_Node8_Zero was a dupe; retransmit: 0, pkt_enqueue_time=2008152767812.3662, pkt_dequeue_time=2008152767812.3662, forwarded_or_dropped=1, reason_for_drop='Expiry'
DUPE: 2004852477754_Node0_Node8_Zero, Node3 id 2004852477754_Node0_Node8_Zero was a dupe; retransmit: 0, pkt_enqueue_time=2008166258351.3662, pkt_dequeue_time=2008166258351.3662, forwarded_or_dropped=1, reason_for_drop='Expiry'
DUPE: 2005147569676_Node0_Node8_Zero, Node5 id 2005147569676_Node0_Node8_Zero was a dupe; retransmit: 0, pkt_enqueue_time=2008168206448.425, pkt_dequeue_time=2008168206448.425, forwarded_or_dropped=1, reason_for_drop='Expiry'
DUPE: 2005155770854_Node0_Node8_Zero, Node5 id 2005155770854_Node0_Node8_Zero was a dupe; retransmit: 0, pkt_enqueue_time=2008172166102.9705, pkt_dequeue_time=2008172166102.9705, forwarded_or_dropped=1, reason_for_drop='Expiry'
DUPE: 2005057392389_Node0_Node8_Zero, Node5 id 2005057392389_Node0_Node8_Zero was a dupe; retransmit: 0, pkt_enqueue_time=2008177116732.5159, pkt_dequeue_time=2008177116732.5159, forwarded_or_dropped=1, reason_for_drop='Expiry'
DUPE: 2005041001888_Node0_Node8_Zero, Node5 id 2005041001888_Node0_Node8_Zero was a dupe; retransmit: 0, pkt_enqueue_time=2008186589544.6067, pkt_dequeue_time=2008186589544.6067, forwarded_or_dropped=1, reason_for_drop='Expiry'
DUPE: 2005049199068_Node0_Node8_Zero, Node5 id 2005049199068_Node0_Node8_Zero was a dupe; retransmit: 0, pkt_enqueue_time=2008191158199.152, pkt_dequeue_time=2008191158199.152, forwarded_or_dropped=1, reason_for_drop='Expiry'
DUPE: 2005180356352_Node0_Node8_Zero, Node5 id 2005180356352_Node0_Node8_Zero was a dupe; retransmit: 0, pkt_enqueue_time=2008195803853.6975, pkt_dequeue_time=2008195803853.6975, forwarded_or_dropped=1, reason_for_drop='Expiry'
DUPE: 2004827893410_Node0_Node8_Zero, Node3 id 2004827893410_Node0_Node8_Zero was a dupe; retransmit: 0, pkt_enqueue_time=2008198547162.0933, pkt_dequeue_time=2008198547162.0933, forwarded_or_dropped=1, reason_for_drop='Expiry'
DUPE: 2005139368554_Node0_Node8_Zero, Node5 id 2005139368554_Node0_Node8_Zero was a dupe; retransmit: 0, pkt_enqueue_time=2008201514259.243, pkt_dequeue_time=2008201514259.243, forwarded_or_dropped=1, reason_for_drop='Expiry'
DUPE: 2004614765188_Node0_Node8_Zero, Node3 id 2004614765188_Node0_Node8_Zero was a dupe; retransmit: 0, pkt_enqueue_time=2008205738696.6387, pkt_dequeue_time=2008205738696.6387, forwarded_or_dropped=1, reason_for_drop='Expiry'
DUPE: 2004959052589_Node0_Node8_Zero, Node5 id 2004959052589_Node0_Node8_Zero was a dupe; retransmit: 0, pkt_enqueue_time=2008207538011.7883, pkt_dequeue_time=2008207538011.7883, forwarded_or_dropped=1, reason_for_drop='Expiry'
DUPE: 2005188549347_Node0_Node8_Zero, Node5 id 2005188549347_Node0_Node8_Zero was a dupe; retransmit: 0, pkt_enqueue_time=2008214769954.3337, pkt_dequeue_time=2008214769954.3337, forwarded_or_dropped=1, reason_for_drop='Expiry'
DUPE: 2005032800964_Node0_Node8_Zero, Node3 id 2005032800964_Node0_Node8_Zero was a dupe; retransmit: 0, pkt_enqueue_time=2008216765492.3337, pkt_dequeue_time=2008216765492.3337, forwarded_or_dropped=1, reason_for_drop='Expiry'
DUPE: 2005204945403_Node0_Node8_Zero, Node5 id 2005204945403_Node0_Node8_Zero was a dupe; retransmit: 0, pkt_enqueue_time=2008222260588.8792, pkt_dequeue_time=2008222260588.8792, forwarded_or_dropped=1, reason_for_drop='Expiry'
DUPE: 2005147569676_Node0_Node8_Zero, Node3 id 2005147569676_Node0_Node8_Zero was a dupe; retransmit: 0, pkt_enqueue_time=2008224096850.8792, pkt_dequeue_time=2008224096850.8792, forwarded_or_dropped=1, reason_for_drop='Expiry'
DUPE: 2005172158822_Node0_Node8_Zero, Node3 id 2005172158822_Node0_Node8_Zero was a dupe; retransmit: 0, pkt_enqueue_time=2008227394988.8792, pkt_dequeue_time=2008227394988.8792, forwarded_or_dropped=1, reason_for_drop='Expiry'
DUPE: 2004049169854_Node0_Node8_Zero, Node5 id 2004049169854_Node0_Node8_Zero was a dupe; retransmit: 0, pkt_enqueue_time=2008232107146.4246, pkt_dequeue_time=2008232107146.4246, forwarded_or_dropped=1, reason_for_drop='Expiry'
DUPE: 2004778705776_Node0_Node8_Zero, Node3 id 2004778705776_Node0_Node8_Zero was a dupe; retransmit: 0, pkt_enqueue_time=2008234054643.4246, pkt_dequeue_time=2008234054643.4246, forwarded_or_dropped=1, reason_for_drop='Expiry'
DUPE: 2004065567996_Node0_Node8_Zero, Node5 id 2004065567996_Node0_Node8_Zero was a dupe; retransmit: 0, pkt_enqueue_time=2008236815515.4246, pkt_dequeue_time=2008236815515.4246, forwarded_or_dropped=1, reason_for_drop='Expiry'
DUPE: 2004983633553_Node0_Node8_Zero, Node3 id 2004983633553_Node0_Node8_Zero was a dupe; retransmit: 0, pkt_enqueue_time=2008241562372.97, pkt_dequeue_time=2008241562372.97, forwarded_or_dropped=1, reason_for_drop='Expiry'
DUPE: 2004991826852_Node0_Node8_Zero, Node3 id 2004991826852_Node0_Node8_Zero was a dupe; retransmit: 0, pkt_enqueue_time=2008244209244.97, pkt_dequeue_time=2008244209244.97, forwarded_or_dropped=1, reason_for_drop='Expiry'
DUPE: 2004344263687_Node0_Node8_Zero, Node5 id 2004344263687_Node0_Node8_Zero was a dupe; retransmit: 0, pkt_enqueue_time=2008246817247.97, pkt_dequeue_time=2008246817247.97, forwarded_or_dropped=1, reason_for_drop='Expiry'
DUPE: 2005049199068_Node0_Node8_Zero, Node3 id 2005049199068_Node0_Node8_Zero was a dupe; retransmit: 0, pkt_enqueue_time=2008251759899.5154, pkt_dequeue_time=2008251759899.5154, forwarded_or_dropped=1, reason_for_drop='Expiry'
DUPE: 2005090184790_Node0_Node8_Zero, Node3 id 2005090184790_Node0_Node8_Zero was a dupe; retransmit: 0, pkt_enqueue_time=2008254186771.5154, pkt_dequeue_time=2008254186771.5154, forwarded_or_dropped=1, reason_for_drop='Expiry'
DUPE: 2004368854474_Node0_Node8_Zero, Node5 id 2004368854474_Node0_Node8_Zero was a dupe; retransmit: 0, pkt_enqueue_time=2008256998868.5154, pkt_dequeue_time=2008256998868.5154, forwarded_or_dropped=1, reason_for_drop='Expiry'
DUPE: 2005131175910_Node0_Node8_Zero, Node3 id 2005131175910_Node0_Node8_Zero was a dupe; retransmit: 0, pkt_enqueue_time=2008261996663.0608, pkt_dequeue_time=2008261996663.0608, forwarded_or_dropped=1, reason_for_drop='Expiry'
DUPE: 2005139368554_Node0_Node8_Zero, Node3 id 2005139368554_Node0_Node8_Zero was a dupe; retransmit: 0, pkt_enqueue_time=2008265135045.0608, pkt_dequeue_time=2008265135045.0608, forwarded_or_dropped=1, reason_for_drop='Expiry'
DUPE: 2003229485691_Node0_Node8_Zero, Node5 id 2003229485691_Node0_Node8_Zero was a dupe; retransmit: 0, pkt_enqueue_time=2008267405044.0608, pkt_dequeue_time=2008267405044.0608, forwarded_or_dropped=1, reason_for_drop='Expiry'
DUPE: 2003180305622_Node0_Node8_Zero, Node5 id 2003180305622_Node0_Node8_Zero was a dupe; retransmit: 0, pkt_enqueue_time=2008270111916.0608, pkt_dequeue_time=2008270111916.0608, forwarded_or_dropped=1, reason_for_drop='Expiry'
DUPE: 2004918061105_Node0_Node8_Zero, Node3 id 2004918061105_Node0_Node8_Zero was a dupe; retransmit: 0, pkt_enqueue_time=2008272294699.6062, pkt_dequeue_time=2008272294699.6062, forwarded_or_dropped=1, reason_for_drop='Expiry'
DUPE: 2003131113391_Node0_Node8_Zero, Node5 id 2003131113391_Node0_Node8_Zero was a dupe; retransmit: 0, pkt_enqueue_time=2008279776796.6062, pkt_dequeue_time=2008279776796.6062, forwarded_or_dropped=1, reason_for_drop='Expiry'
DUPE: 2003139313370_Node0_Node8_Zero, Node5 id 2003139313370_Node0_Node8_Zero was a dupe; retransmit: 0, pkt_enqueue_time=2008279776796.6062, pkt_dequeue_time=2008279776796.6062, forwarded_or_dropped=1, reason_for_drop='Expiry'
DUPE: 2005188549347_Node0_Node8_Zero, Node3 id 2005188549347_Node0_Node8_Zero was a dupe; retransmit: 0, pkt_enqueue_time=2008286531139.0608, pkt_dequeue_time=2008286531139.0608, forwarded_or_dropped=1, reason_for_drop='Expiry'
DUPE: 2002344247872_Node0_Node8_Zero, Node6 id 2002344247872_Node0_Node8_Zero was a dupe; retransmit: 0, pkt_enqueue_time=2008295944614.4243, pkt_dequeue_time=2008295944614.4243, forwarded_or_dropped=1, reason_for_drop='Expiry'
DUPE: 2003524577968_Node0_Node8_Zero, Node5 id 2003524577968_Node0_Node8_Zero was a dupe; retransmit: 0, pkt_enqueue_time=2008300159641.788, pkt_dequeue_time=2008300159641.788, forwarded_or_dropped=1, reason_for_drop='Expiry'
DUPE: 2003549170262_Node0_Node8_Zero, Node5 id 2003549170262_Node0_Node8_Zero was a dupe; retransmit: 0, pkt_enqueue_time=2008303226513.788, pkt_dequeue_time=2008303226513.788, forwarded_or_dropped=1, reason_for_drop='Expiry'
DUPE: 2005041001888_Node0_Node8_Zero, Node3 id 2005041001888_Node0_Node8_Zero was a dupe; retransmit: 0, pkt_enqueue_time=2008308450969.1516, pkt_dequeue_time=2008308450969.1516, forwarded_or_dropped=1, reason_for_drop='Expiry'
DUPE: 2003450800084_Node0_Node8_Zero, Node5 id 2003450800084_Node0_Node8_Zero was a dupe; retransmit: 0, pkt_enqueue_time=2008313362388.3335, pkt_dequeue_time=2008313362388.3335, forwarded_or_dropped=1, reason_for_drop='Expiry'
DUPE: 2005155770854_Node0_Node8_Zero, Node3 id 2005155770854_Node0_Node8_Zero was a dupe; retransmit: 0, pkt_enqueue_time=2008317224642.697, pkt_dequeue_time=2008317224642.697, forwarded_or_dropped=1, reason_for_drop='Expiry'
DUPE: 2003163912098_Node0_Node8_Zero, Node5 id 2003163912098_Node0_Node8_Zero was a dupe; retransmit: 0, pkt_enqueue_time=2008326589227.879, pkt_dequeue_time=2008326589227.879, forwarded_or_dropped=1, reason_for_drop='Expiry'
DUPE: 2003721307701_Node0_Node8_Zero, Node5 id 2003721307701_Node0_Node8_Zero was a dupe; retransmit: 0, pkt_enqueue_time=2008340774847.4243, pkt_dequeue_time=2008340774847.4243, forwarded_or_dropped=1, reason_for_drop='Expiry'
DUPE: 2005352486802_Node0_Node8_Zero, Node5 id 2005352486802_Node0_Node8_Zero was a dupe; retransmit: 0, pkt_enqueue_time=2008354617833.5151, pkt_dequeue_time=2008354617833.5151, forwarded_or_dropped=1, reason_for_drop='Expiry'
DUPE: 2005368873470_Node0_Node8_Zero, Node5 id 2005368873470_Node0_Node8_Zero was a dupe; retransmit: 0, pkt_enqueue_time=2008374273484.4243, pkt_dequeue_time=2008374273484.4243, forwarded_or_dropped=1, reason_for_drop='Expiry'
DUPE: 2005368873470_Node0_Node8_Zero, Node3 id 2005368873470_Node0_Node8_Zero was a dupe; retransmit: 0, pkt_enqueue_time=2008379263365.6973, pkt_dequeue_time=2008379263365.6973, forwarded_or_dropped=1, reason_for_drop='Expiry'
Node.py: (Node0)@2008400000000.0: Updated MCS from 2 to 3, hist=deque([0.6530612244897959, 1.0408163265306123, 0.04081632653061224, 0.14583333333333334, 0.40816326530612246], maxlen=5), packets_serviced=20, packets_received=49
Called Update: UpdateRouteCalls = 0, force = False
Node.py: (Node1)@2008400000000.0: Updated MCS from 3 to 3, hist=deque([0.37209302325581395, 0.3464566929133858, 0.0, 0.9230769230769231, 0.4166666666666667], maxlen=5), packets_serviced=15, packets_received=36
Called Update: UpdateRouteCalls = 1, force = False
Node.py: (Node2)@2008400000000.0: Updated MCS from 0 to 0, hist=deque([36.0, 0.1875, 0.2, 4.375, 1.125], maxlen=5), packets_serviced=18, packets_received=16
Called Update: UpdateRouteCalls = 2, force = False
Node.py: (Node3)@2008400000000.0: Updated MCS from 3 to 3, hist=deque([0.15384615384615385, 0.06666666666666667, 0.5616438356164384, 0.4461538461538462, 0.13157894736842105], maxlen=5), packets_serviced=5, packets_received=38
Called Update: UpdateRouteCalls = 3, force = False
Node.py: (Node4)@2008400000000.0: Updated MCS from 0 to 0, hist=deque([0.075, 6.2, 0.09302325581395349, 1.1851851851851851, 2.125], maxlen=5), packets_serviced=17, packets_received=8
Called Update: UpdateRouteCalls = 4, force = False
Node.py: (Node5)@2008400000000.0: Updated MCS from 0 to 1, hist=deque([0.0125, 0.0, 0.0, 0.0, 0.0], maxlen=5), packets_serviced=0, packets_received=91
Called Update: UpdateRouteCalls = 5, force = False
Node.py: (Node6)@2008400000000.0: Updated MCS from 3 to 3, hist=deque([0.7105263157894737, 0.2, 0.0, 0.0, 0.0], maxlen=5), packets_serviced=0, packets_received=1
Called Update: UpdateRouteCalls = 6, force = False
Called Update: UpdateRouteCalls = 7, force = False
Called Update: UpdateRouteCalls = 8, force = False
Called Update: UpdateRouteCalls = 9, force = False
!! UPDATING !!
routeNo, updatedMCSIndex =  0 [3, 3, 0, 3, 0, 1, 3, 0]
DUPE: 2000868838814_Node0_Node8_Zero, Node6 id 2000868838814_Node0_Node8_Zero was a dupe; retransmit: 0, pkt_enqueue_time=2008420411719.97, pkt_dequeue_time=2008420411719.97, forwarded_or_dropped=1, reason_for_drop='Expiry'
DUPE: 2003811463579_Node0_Node8_Zero, Node5 id 2003811463579_Node0_Node8_Zero was a dupe; retransmit: 0, pkt_enqueue_time=2008426562817.2427, pkt_dequeue_time=2008426562817.2427, forwarded_or_dropped=1, reason_for_drop='Expiry'
DUPE: 2002434405977_Node0_Node8_Zero, Node6 id 2002434405977_Node0_Node8_Zero was a dupe; retransmit: 0, pkt_enqueue_time=2008443960635.0608, pkt_dequeue_time=2008443960635.0608, forwarded_or_dropped=1, reason_for_drop='Expiry'
DUPE: 2005450838177_Node0_Node8_Zero, Node5 id 2005450838177_Node0_Node8_Zero was a dupe; retransmit: 0, pkt_enqueue_time=2008451603197.3943, pkt_dequeue_time=2008451603197.3943, forwarded_or_dropped=1, reason_for_drop='Expiry'
DUPE: 2005450838177_Node0_Node8_Zero, Node5 id 2005450838177_Node0_Node8_Zero was a dupe; retransmit: 0, pkt_enqueue_time=2008454630069.3943, pkt_dequeue_time=2008454630069.3943, forwarded_or_dropped=1, reason_for_drop='Expiry'
DUPE: 2003196693050_Node0_Node8_Zero, Node5 id 2003196693050_Node0_Node8_Zero was a dupe; retransmit: 0, pkt_enqueue_time=2008468180210.9397, pkt_dequeue_time=2008468180210.9397, forwarded_or_dropped=1, reason_for_drop='Expiry'
DUPE: 2002311459486_Node0_Node8_Zero, Node6 id 2002311459486_Node0_Node8_Zero was a dupe; retransmit: 0, pkt_enqueue_time=2008485916028.7578, pkt_dequeue_time=2008485916028.7578, forwarded_or_dropped=1, reason_for_drop='Expiry'
DUPE: 2002024561212_Node0_Node8_Zero, Node6 id 2002024561212_Node0_Node8_Zero was a dupe; retransmit: 0, pkt_enqueue_time=2008518254834.6672, pkt_dequeue_time=2008518254834.6672, forwarded_or_dropped=1, reason_for_drop='Expiry'
DUPE: 2002040954401_Node0_Node8_Zero, Node6 id 2002040954401_Node0_Node8_Zero was a dupe; retransmit: 0, pkt_enqueue_time=2008518254834.6672, pkt_dequeue_time=2008518254834.6672, forwarded_or_dropped=1, reason_for_drop='Expiry'
DUPE: 2003713109914_Node0_Node8_Zero, Node6 id 2003713109914_Node0_Node8_Zero was a dupe; retransmit: 0, pkt_enqueue_time=2008535907398.3037, pkt_dequeue_time=2008535907398.3037, forwarded_or_dropped=1, reason_for_drop='Expiry'
DUPE: 2001909811070_Node0_Node8_Zero, Node6 id 2001909811070_Node0_Node8_Zero was a dupe; retransmit: 0, pkt_enqueue_time=2008574776554.849, pkt_dequeue_time=2008574776554.849, forwarded_or_dropped=1, reason_for_drop='Expiry'
DUPE: 2001918012700_Node0_Node8_Zero, Node6 id 2001918012700_Node0_Node8_Zero was a dupe; retransmit: 0, pkt_enqueue_time=2008574776554.849, pkt_dequeue_time=2008574776554.849, forwarded_or_dropped=1, reason_for_drop='Expiry'
DUPE: 2004975440824_Node0_Node8_Zero, Node5 id 2004975440824_Node0_Node8_Zero was a dupe; retransmit: 0, pkt_enqueue_time=2008579518012.0308, pkt_dequeue_time=2008579518012.0308, forwarded_or_dropped=1, reason_for_drop='Expiry'
DUPE: 2002262267699_Node0_Node8_Zero, Node6 id 2002262267699_Node0_Node8_Zero was a dupe; retransmit: 0, pkt_enqueue_time=2008612334168.3035, pkt_dequeue_time=2008612334168.3035, forwarded_or_dropped=1, reason_for_drop='Expiry'
DUPE: 2005590163155_Node0_Node8_Zero, Node3 id 2005590163155_Node0_Node8_Zero was a dupe; retransmit: 0, pkt_enqueue_time=2008613450729.3943, pkt_dequeue_time=2008613450729.3943, forwarded_or_dropped=1, reason_for_drop='Expiry'
DUPE: 2005622948352_Node0_Node8_Zero, Node3 id 2005622948352_Node0_Node8_Zero was a dupe; retransmit: 0, pkt_enqueue_time=2008630217322.758, pkt_dequeue_time=2008630217322.758, forwarded_or_dropped=1, reason_for_drop='Expiry'
DUPE: 2003286859289_Node0_Node8_Zero, Node5 id 2003286859289_Node0_Node8_Zero was a dupe; retransmit: 0, pkt_enqueue_time=2008665525900.5762, pkt_dequeue_time=2008665525900.5762, forwarded_or_dropped=1, reason_for_drop='Expiry'
DUPE: 2003278659672_Node0_Node8_Zero, Node5 id 2003278659672_Node0_Node8_Zero was a dupe; retransmit: 0, pkt_enqueue_time=2008679774001.4856, pkt_dequeue_time=2008679774001.4856, forwarded_or_dropped=1, reason_for_drop='Expiry'
DUPE: 2003754085456_Node0_Node8_Zero, Node5 id 2003754085456_Node0_Node8_Zero was a dupe; retransmit: 0, pkt_enqueue_time=2008691378923.031, pkt_dequeue_time=2008691378923.031, forwarded_or_dropped=1, reason_for_drop='Expiry'
DUPE: 2003622935774_Node0_Node8_Zero, Node5 id 2003622935774_Node0_Node8_Zero was a dupe; retransmit: 0, pkt_enqueue_time=2008706925607.5764, pkt_dequeue_time=2008706925607.5764, forwarded_or_dropped=1, reason_for_drop='Expiry'
DUPE: 2000959001267_Node0_Node8_Zero, Node6 id 2000959001267_Node0_Node8_Zero was a dupe; retransmit: 0, pkt_enqueue_time=2008725828425.3945, pkt_dequeue_time=2008725828425.3945, forwarded_or_dropped=1, reason_for_drop='Expiry'
DUPE: 2002549157666_Node0_Node8_Zero, Node6 id 2002549157666_Node0_Node8_Zero was a dupe; retransmit: 0, pkt_enqueue_time=2008750987866.7583, pkt_dequeue_time=2008750987866.7583, forwarded_or_dropped=1, reason_for_drop='Expiry'
DUPE: 2005754086325_Node0_Node8_Zero, Node3 id 2005754086325_Node0_Node8_Zero was a dupe; retransmit: 0, pkt_enqueue_time=2008759060196.0015, pkt_dequeue_time=2008759060196.0015, forwarded_or_dropped=1, reason_for_drop='Expiry'
DUPE: 2005762283100_Node0_Node8_Zero, Node3 id 2005762283100_Node0_Node8_Zero was a dupe; retransmit: 0, pkt_enqueue_time=2008766898349.0015, pkt_dequeue_time=2008766898349.0015, forwarded_or_dropped=1, reason_for_drop='Expiry'
DUPE: 2001483586045_Node0_Node8_Zero, Node6 id 2001483586045_Node0_Node8_Zero was a dupe; retransmit: 0, pkt_enqueue_time=2008789765812.213, pkt_dequeue_time=2008789765812.213, forwarded_or_dropped=1, reason_for_drop='Expiry'
DUPE: 2001491780545_Node0_Node8_Zero, Node6 id 2001491780545_Node0_Node8_Zero was a dupe; retransmit: 0, pkt_enqueue_time=2008789765812.213, pkt_dequeue_time=2008789765812.213, forwarded_or_dropped=1, reason_for_drop='Expiry'
Node.py: (Node0)@2008800000000.0: Updated MCS from 3 to 2, hist=deque([1.0408163265306123, 0.04081632653061224, 0.14583333333333334, 0.40816326530612246, 5.326530612244898], maxlen=5), packets_serviced=261, packets_received=49
Called Update: UpdateRouteCalls = 0, force = False
Node.py: (Node1)@2008800000000.0: Updated MCS from 3 to 3, hist=deque([0.3464566929133858, 0.0, 0.9230769230769231, 0.4166666666666667, 0.6259541984732825], maxlen=5), packets_serviced=164, packets_received=262
Called Update: UpdateRouteCalls = 1, force = False
Node.py: (Node2)@2008800000000.0: Updated MCS from 0 to 0, hist=deque([0.1875, 0.2, 4.375, 1.125, 0.27485380116959063], maxlen=5), packets_serviced=47, packets_received=171
Called Update: UpdateRouteCalls = 2, force = False
Node.py: (Node3)@2008800000000.0: Updated MCS from 3 to 3, hist=deque([0.06666666666666667, 0.5616438356164384, 0.4461538461538462, 0.13157894736842105, 0.4642857142857143], maxlen=5), packets_serviced=13, packets_received=28
Called Update: UpdateRouteCalls = 3, force = False
Node.py: (Node4)@2008800000000.0: Updated MCS from 0 to 0, hist=deque([6.2, 0.09302325581395349, 1.1851851851851851, 2.125, 0.6153846153846154], maxlen=5), packets_serviced=8, packets_received=13
Called Update: UpdateRouteCalls = 4, force = False
Node.py: (Node5)@2008800000000.0: Updated MCS from 1 to 2, hist=deque([0.0, 0.0, 0.0, 0.0, 0.15384615384615385], maxlen=5), packets_serviced=2, packets_received=13
Called Update: UpdateRouteCalls = 5, force = False
Node.py: (Node6)@2008800000000.0: Updated MCS from 3 to 3, hist=deque([0.2, 0.0, 0.0, 0.0, 0.0], maxlen=5), packets_serviced=0, packets_received=16
Called Update: UpdateRouteCalls = 6, force = False
Called Update: UpdateRouteCalls = 7, force = False
Called Update: UpdateRouteCalls = 8, force = False
Called Update: UpdateRouteCalls = 9, force = False
!! UPDATING !!
routeNo, updatedMCSIndex =  0 [2, 3, 0, 3, 0, 2, 3, 0]
DUPE: 2002270463269_Node0_Node8_Zero, Node6 id 2002270463269_Node0_Node8_Zero was a dupe; retransmit: 0, pkt_enqueue_time=2008809778375.8494, pkt_dequeue_time=2008809778375.8494, forwarded_or_dropped=1, reason_for_drop='Expiry'
DUPE: 2005811469323_Node0_Node8_Zero, Node3 id 2005811469323_Node0_Node8_Zero was a dupe; retransmit: 0, pkt_enqueue_time=2008819635631.7585, pkt_dequeue_time=2008819635631.7585, forwarded_or_dropped=1, reason_for_drop='Expiry'
DUPE: 2005827859641_Node0_Node8_Zero, Node5 id 2005827859641_Node0_Node8_Zero was a dupe; retransmit: 0, pkt_enqueue_time=2008831463224.3289, pkt_dequeue_time=2008831463224.3289, forwarded_or_dropped=1, reason_for_drop='Expiry'
DUPE: 2001663924317_Node0_Node8_Zero, Node6 id 2001663924317_Node0_Node8_Zero was a dupe; retransmit: 0, pkt_enqueue_time=2008851662042.147, pkt_dequeue_time=2008851662042.147, forwarded_or_dropped=1, reason_for_drop='Expiry'
DUPE: 2001672119065_Node0_Node8_Zero, Node6 id 2001672119065_Node0_Node8_Zero was a dupe; retransmit: 0, pkt_enqueue_time=2008851662042.147, pkt_dequeue_time=2008851662042.147, forwarded_or_dropped=1, reason_for_drop='Expiry'
DUPE: 2000934406575_Node0_Node8_Zero, Node6 id 2000934406575_Node0_Node8_Zero was a dupe; retransmit: 0, pkt_enqueue_time=2008872373605.7834, pkt_dequeue_time=2008872373605.7834, forwarded_or_dropped=1, reason_for_drop='Expiry'
DUPE: 2005885239677_Node0_Node8_Zero, Node5 id 2005885239677_Node0_Node8_Zero was a dupe; retransmit: 0, pkt_enqueue_time=2008887063346.6929, pkt_dequeue_time=2008887063346.6929, forwarded_or_dropped=1, reason_for_drop='Expiry'
DUPE: 2005844252251_Node0_Node8_Zero, Node3 id 2005844252251_Node0_Node8_Zero was a dupe; retransmit: 0, pkt_enqueue_time=2008890398913.3296, pkt_dequeue_time=2008890398913.3296, forwarded_or_dropped=1, reason_for_drop='Expiry'
DUPE: 2002557350434_Node0_Node8_Zero, Node6 id 2002557350434_Node0_Node8_Zero was a dupe; retransmit: 0, pkt_enqueue_time=2008909361164.511, pkt_dequeue_time=2008909361164.511, forwarded_or_dropped=1, reason_for_drop='Expiry'
DUPE: 2000942604748_Node0_Node8_Zero, Node6 id 2000942604748_Node0_Node8_Zero was a dupe; retransmit: 0, pkt_enqueue_time=2008925088819.0564, pkt_dequeue_time=2008925088819.0564, forwarded_or_dropped=1, reason_for_drop='Expiry'
DUPE: 2005934421968_Node0_Node8_Zero, Node5 id 2005934421968_Node0_Node8_Zero was a dupe; retransmit: 0, pkt_enqueue_time=2008938464799.8745, pkt_dequeue_time=2008938464799.8745, forwarded_or_dropped=1, reason_for_drop='Expiry'
DUPE: 2005942619739_Node0_Node8_Zero, Node5 id 2005942619739_Node0_Node8_Zero was a dupe; retransmit: 0, pkt_enqueue_time=2008943242925.6926, pkt_dequeue_time=2008943242925.6926, forwarded_or_dropped=1, reason_for_drop='Expiry'
DUPE: 2005942619739_Node0_Node8_Zero, Node5 id 2005942619739_Node0_Node8_Zero was a dupe; retransmit: 0, pkt_enqueue_time=2008948184911.7834, pkt_dequeue_time=2008948184911.7834, forwarded_or_dropped=1, reason_for_drop='Expiry'
DUPE: 2005959016450_Node0_Node8_Zero, Node5 id 2005959016450_Node0_Node8_Zero was a dupe; retransmit: 0, pkt_enqueue_time=2008961337875.784, pkt_dequeue_time=2008961337875.784, forwarded_or_dropped=1, reason_for_drop='Expiry'
DUPE: 2005959016450_Node0_Node8_Zero, Node6 id 2005959016450_Node0_Node8_Zero was a dupe; retransmit: 0, pkt_enqueue_time=2008963178693.602, pkt_dequeue_time=2008963178693.602, forwarded_or_dropped=1, reason_for_drop='Expiry'
DUPE: 2002172115563_Node0_Node8_Zero, Node6 id 2002172115563_Node0_Node8_Zero was a dupe; retransmit: 0, pkt_enqueue_time=2008983994590.5718, pkt_dequeue_time=2008983994590.5718, forwarded_or_dropped=1, reason_for_drop='Expiry'
DUPE: 2005942619739_Node0_Node8_Zero, Node3 id 2005942619739_Node0_Node8_Zero was a dupe; retransmit: 0, pkt_enqueue_time=2008997268346.8142, pkt_dequeue_time=2008997268346.8142, forwarded_or_dropped=1, reason_for_drop='Expiry'
main.py: Progress: 2009 / 2014
Called Update: UpdateRouteCalls = 0, force = True
!! UPDATING !!
routeNo, updatedMCSIndex =  0 [2, 3, 0, 3, 0, 2, 3, 0]

rf.py: Time: 2009 Route details: {0: {'Route': [0, 1, 2, 3, 4, 5, 6, 7, 8], 'MCS_Index': [2, 3, 0, 3, 0, 2, 3, 0], 'Priority': 1, 'ValidRoute': True, 'HQRoute': True, 'RouteNodeDensity': [0, 0, 0, 0, 0, 0, 0, 0, 0], 'InterferingLinks': 16, 'Target': (-1, -1)}}
DUPE: 2005959016450_Node0_Node8_Zero, Node3 id 2005959016450_Node0_Node8_Zero was a dupe; retransmit: 0, pkt_enqueue_time=2009001074873.3596, pkt_dequeue_time=2009001074873.3596, forwarded_or_dropped=1, reason_for_drop='Expiry'
DUPE: 2002409814788_Node0_Node8_Zero, Node6 id 2002409814788_Node0_Node8_Zero was a dupe; retransmit: 0, pkt_enqueue_time=2009005746426.9353, pkt_dequeue_time=2009005746426.9353, forwarded_or_dropped=1, reason_for_drop='Expiry'
DUPE: 2006008206288_Node0_Node8_Zero, Node3 id 2006008206288_Node0_Node8_Zero was a dupe; retransmit: 0, pkt_enqueue_time=2009010054824.1777, pkt_dequeue_time=2009010054824.1777, forwarded_or_dropped=1, reason_for_drop='Expiry'
DUPE: 2006024593052_Node0_Node8_Zero, Node3 id 2006024593052_Node0_Node8_Zero was a dupe; retransmit: 0, pkt_enqueue_time=2009025065492.9053, pkt_dequeue_time=2009025065492.9053, forwarded_or_dropped=1, reason_for_drop='Expiry'
DUPE: 2006024593052_Node0_Node8_Zero, Node5 id 2006024593052_Node0_Node8_Zero was a dupe; retransmit: 0, pkt_enqueue_time=2009027401364.9053, pkt_dequeue_time=2009027401364.9053, forwarded_or_dropped=1, reason_for_drop='Expiry'
DUPE: 2006016398076_Node0_Node8_Zero, Node3 id 2006016398076_Node0_Node8_Zero was a dupe; retransmit: 0, pkt_enqueue_time=2009028225147.4507, pkt_dequeue_time=2009028225147.4507, forwarded_or_dropped=1, reason_for_drop='Expiry'
DUPE: 2006040992798_Node0_Node8_Zero, Node5 id 2006040992798_Node0_Node8_Zero was a dupe; retransmit: 0, pkt_enqueue_time=2009044578295.9055, pkt_dequeue_time=2009044578295.9055, forwarded_or_dropped=1, reason_for_drop='Expiry'
DUPE: 2006065583031_Node0_Node8_Zero, Node5 id 2006065583031_Node0_Node8_Zero was a dupe; retransmit: 0, pkt_enqueue_time=2009073220330.7847, pkt_dequeue_time=2009073220330.7847, forwarded_or_dropped=1, reason_for_drop='Expiry'
DUPE: 2006065583031_Node0_Node8_Zero, Node3 id 2006065583031_Node0_Node8_Zero was a dupe; retransmit: 0, pkt_enqueue_time=2009074815113.33, pkt_dequeue_time=2009074815113.33, forwarded_or_dropped=1, reason_for_drop='Expiry'
DUPE: 2006081974186_Node0_Node8_Zero, Node3 id 2006081974186_Node0_Node8_Zero was a dupe; retransmit: 0, pkt_enqueue_time=2009082821639.8755, pkt_dequeue_time=2009082821639.8755, forwarded_or_dropped=1, reason_for_drop='Expiry'
DUPE: 2005737697966_Node0_Node8_Zero, Node1 id 2005737697966_Node0_Node8_Zero was a dupe; retransmit: 0, pkt_enqueue_time=2009084462406.451, pkt_dequeue_time=2009084462406.451, forwarded_or_dropped=1, reason_for_drop='Expiry'
DUPE: 2006081974186_Node0_Node8_Zero, Node5 id 2006081974186_Node0_Node8_Zero was a dupe; retransmit: 0, pkt_enqueue_time=2009084761511.8755, pkt_dequeue_time=2009084761511.8755, forwarded_or_dropped=1, reason_for_drop='Expiry'
DUPE: 2006024593052_Node0_Node8_Zero, Node3 id 2006024593052_Node0_Node8_Zero was a dupe; retransmit: 0, pkt_enqueue_time=2009088901294.421, pkt_dequeue_time=2009088901294.421, forwarded_or_dropped=1, reason_for_drop='Expiry'
DUPE: 2003786872208_Node0_Node8_Zero, Node5 id 2003786872208_Node0_Node8_Zero was a dupe; retransmit: 0, pkt_enqueue_time=2009100825355.421, pkt_dequeue_time=2009100825355.421, forwarded_or_dropped=1, reason_for_drop='Expiry'
DUPE: 2006098367799_Node0_Node8_Zero, Node3 id 2006098367799_Node0_Node8_Zero was a dupe; retransmit: 0, pkt_enqueue_time=2009107033336.6025, pkt_dequeue_time=2009107033336.6025, forwarded_or_dropped=1, reason_for_drop='Expiry'
DUPE: 2006122958650_Node0_Node8_Zero, Node5 id 2006122958650_Node0_Node8_Zero was a dupe; retransmit: 0, pkt_enqueue_time=2009125034244.1477, pkt_dequeue_time=2009125034244.1477, forwarded_or_dropped=1, reason_for_drop='Expiry'
DUPE: 2006139348179_Node0_Node8_Zero, Node5 id 2006139348179_Node0_Node8_Zero was a dupe; retransmit: 0, pkt_enqueue_time=2009144282448.7842, pkt_dequeue_time=2009144282448.7842, forwarded_or_dropped=1, reason_for_drop='Expiry'
DUPE: 2006147541566_Node0_Node8_Zero, Node5 id 2006147541566_Node0_Node8_Zero was a dupe; retransmit: 0, pkt_enqueue_time=2009156930334.0566, pkt_dequeue_time=2009156930334.0566, forwarded_or_dropped=1, reason_for_drop='Expiry'
DUPE: 2006172135758_Node0_Node8_Zero, Node5 id 2006172135758_Node0_Node8_Zero was a dupe; retransmit: 0, pkt_enqueue_time=2009182381376.784, pkt_dequeue_time=2009182381376.784, forwarded_or_dropped=1, reason_for_drop='Expiry'
DUPE: 2006196722153_Node0_Node8_Zero, Node5 id 2006196722153_Node0_Node8_Zero was a dupe; retransmit: 0, pkt_enqueue_time=2009199434895.329, pkt_dequeue_time=2009199434895.329, forwarded_or_dropped=1, reason_for_drop='Expiry'
Node.py: (Node0)@2009200000000.0: Updated MCS from 2 to 1, hist=deque([0.04081632653061224, 0.14583333333333334, 0.40816326530612246, 5.326530612244898, 0.5102040816326531], maxlen=5), packets_serviced=25, packets_received=49
Called Update: UpdateRouteCalls = 0, force = False
Node.py: (Node1)@2009200000000.0: Updated MCS from 3 to 2, hist=deque([0.0, 0.9230769230769231, 0.4166666666666667, 0.6259541984732825, 4.8], maxlen=5), packets_serviced=120, packets_received=25
Called Update: UpdateRouteCalls = 1, force = False
Node.py: (Node2)@2009200000000.0: Updated MCS from 0 to 0, hist=deque([0.2, 4.375, 1.125, 0.27485380116959063, 0.4166666666666667], maxlen=5), packets_serviced=50, packets_received=120
Called Update: UpdateRouteCalls = 2, force = False
Node.py: (Node3)@2009200000000.0: Updated MCS from 3 to 3, hist=deque([0.5616438356164384, 0.4461538461538462, 0.13157894736842105, 0.4642857142857143, 0.48214285714285715], maxlen=5), packets_serviced=27, packets_received=56
Called Update: UpdateRouteCalls = 3, force = False
Node.py: (Node4)@2009200000000.0: Updated MCS from 0 to 0, hist=deque([0.09302325581395349, 1.1851851851851851, 2.125, 0.6153846153846154, 0.9230769230769231], maxlen=5), packets_serviced=24, packets_received=26
Called Update: UpdateRouteCalls = 4, force = False
Node.py: (Node5)@2009200000000.0: Updated MCS from 2 to 3, hist=deque([0.0, 0.0, 0.0, 0.15384615384615385, 0.2830188679245283], maxlen=5), packets_serviced=15, packets_received=53
Called Update: UpdateRouteCalls = 5, force = False
Node.py: (Node6)@2009200000000.0: Updated MCS from 3 to 3, hist=deque([0.0, 0.0, 0.0, 0.0, 0.5], maxlen=5), packets_serviced=10, packets_received=20
Called Update: UpdateRouteCalls = 6, force = False
Node.py: (Node7)@2009200000000.0: Updated MCS from 0 to 0, hist=deque([1.0, 0.391304347826087, 0.8461538461538461, 3.75, 0.9], maxlen=5), packets_serviced=9, packets_received=10
Called Update: UpdateRouteCalls = 7, force = False
Called Update: UpdateRouteCalls = 8, force = False
Called Update: UpdateRouteCalls = 9, force = False
!! UPDATING !!
routeNo, updatedMCSIndex =  0 [1, 2, 0, 3, 0, 3, 3, 0]
DUPE: 2006213118187_Node0_Node8_Zero, Node5 id 2006213118187_Node0_Node8_Zero was a dupe; retransmit: 0, pkt_enqueue_time=2009213762693.3289, pkt_dequeue_time=2009213762693.3289, forwarded_or_dropped=1, reason_for_drop='Expiry'
DUPE: 2006221315602_Node0_Node8_Zero, Node5 id 2006221315602_Node0_Node8_Zero was a dupe; retransmit: 0, pkt_enqueue_time=2009221438381.8743, pkt_dequeue_time=2009221438381.8743, forwarded_or_dropped=1, reason_for_drop='Expiry'
DUPE: 2006213118187_Node0_Node8_Zero, Node5 id 2006213118187_Node0_Node8_Zero was a dupe; retransmit: 0, pkt_enqueue_time=2009223279036.4197, pkt_dequeue_time=2009223279036.4197, forwarded_or_dropped=1, reason_for_drop='Expiry'
DUPE: 2006221315602_Node0_Node8_Zero, Node5 id 2006221315602_Node0_Node8_Zero was a dupe; retransmit: 0, pkt_enqueue_time=2009226878690.965, pkt_dequeue_time=2009226878690.965, forwarded_or_dropped=1, reason_for_drop='Expiry'
DUPE: 2006229514769_Node0_Node8_Zero, Node5 id 2006229514769_Node0_Node8_Zero was a dupe; retransmit: 0, pkt_enqueue_time=2009231359757.5105, pkt_dequeue_time=2009231359757.5105, forwarded_or_dropped=1, reason_for_drop='Expiry'
DUPE: 2006254105054_Node0_Node8_Zero, Node5 id 2006254105054_Node0_Node8_Zero was a dupe; retransmit: 0, pkt_enqueue_time=2009259636036.1465, pkt_dequeue_time=2009259636036.1465, forwarded_or_dropped=1, reason_for_drop='Expiry'
DUPE: 2006262306144_Node0_Node8_Zero, Node3 id 2006262306144_Node0_Node8_Zero was a dupe; retransmit: 0, pkt_enqueue_time=2009264919679.1465, pkt_dequeue_time=2009264919679.1465, forwarded_or_dropped=1, reason_for_drop='Expiry'
DUPE: 2006270505513_Node0_Node8_Zero, Node3 id 2006270505513_Node0_Node8_Zero was a dupe; retransmit: 0, pkt_enqueue_time=2009271544135.9646, pkt_dequeue_time=2009271544135.9646, forwarded_or_dropped=1, reason_for_drop='Expiry'
DUPE: 2006262306144_Node0_Node8_Zero, Node5 id 2006262306144_Node0_Node8_Zero was a dupe; retransmit: 0, pkt_enqueue_time=2009275751104.9646, pkt_dequeue_time=2009275751104.9646, forwarded_or_dropped=1, reason_for_drop='Expiry'
DUPE: 2006254105054_Node0_Node8_Zero, Node3 id 2006254105054_Node0_Node8_Zero was a dupe; retransmit: 0, pkt_enqueue_time=2009284471317.0554, pkt_dequeue_time=2009284471317.0554, forwarded_or_dropped=1, reason_for_drop='Expiry'
DUPE: 2006295099956_Node0_Node8_Zero, Node5 id 2006295099956_Node0_Node8_Zero was a dupe; retransmit: 0, pkt_enqueue_time=2009297628752.6006, pkt_dequeue_time=2009297628752.6006, forwarded_or_dropped=1, reason_for_drop='Expiry'
DUPE: 2006319698560_Node0_Node8_Zero, Node5 id 2006319698560_Node0_Node8_Zero was a dupe; retransmit: 0, pkt_enqueue_time=2009325753508.146, pkt_dequeue_time=2009325753508.146, forwarded_or_dropped=1, reason_for_drop='Expiry'
DUPE: 2006336083267_Node0_Node8_Zero, Node5 id 2006336083267_Node0_Node8_Zero was a dupe; retransmit: 0, pkt_enqueue_time=2009336467279.7822, pkt_dequeue_time=2009336467279.7822, forwarded_or_dropped=1, reason_for_drop='Expiry'
DUPE: 2006336083267_Node0_Node8_Zero, Node3 id 2006336083267_Node0_Node8_Zero was a dupe; retransmit: 0, pkt_enqueue_time=2009338134911.2368, pkt_dequeue_time=2009338134911.2368, forwarded_or_dropped=1, reason_for_drop='Expiry'
DUPE: 2006336083267_Node0_Node8_Zero, Node5 id 2006336083267_Node0_Node8_Zero was a dupe; retransmit: 0, pkt_enqueue_time=2009343938154.873, pkt_dequeue_time=2009343938154.873, forwarded_or_dropped=1, reason_for_drop='Expiry'
DUPE: 2006360677162_Node0_Node8_Zero, Node5 id 2006360677162_Node0_Node8_Zero was a dupe; retransmit: 0, pkt_enqueue_time=2009365126843.7822, pkt_dequeue_time=2009365126843.7822, forwarded_or_dropped=1, reason_for_drop='Expiry'
DUPE: 2006409867759_Node0_Node8_Zero, Node3 id 2006409867759_Node0_Node8_Zero was a dupe; retransmit: 0, pkt_enqueue_time=2009418985626.6914, pkt_dequeue_time=2009418985626.6914, forwarded_or_dropped=1, reason_for_drop='Expiry'
DUPE: 2006434461998_Node0_Node8_Zero, Node3 id 2006434461998_Node0_Node8_Zero was a dupe; retransmit: 0, pkt_enqueue_time=2009469962983.8733, pkt_dequeue_time=2009469962983.8733, forwarded_or_dropped=1, reason_for_drop='Expiry'
DUPE: 2006426260542_Node0_Node8_Zero, Node3 id 2006426260542_Node0_Node8_Zero was a dupe; retransmit: 0, pkt_enqueue_time=2009498695154.0547, pkt_dequeue_time=2009498695154.0547, forwarded_or_dropped=1, reason_for_drop='Expiry'
DUPE: 2006500036036_Node0_Node8_Zero, Node5 id 2006500036036_Node0_Node8_Zero was a dupe; retransmit: 0, pkt_enqueue_time=2009555379791.509, pkt_dequeue_time=2009555379791.509, forwarded_or_dropped=1, reason_for_drop='Expiry'
DUPE: 2006524623728_Node0_Node8_Zero, Node5 id 2006524623728_Node0_Node8_Zero was a dupe; retransmit: 0, pkt_enqueue_time=2009557386663.509, pkt_dequeue_time=2009557386663.509, forwarded_or_dropped=1, reason_for_drop='Expiry'
DUPE: 2001286853764_Node0_Node8_Zero, Node6 id 2001286853764_Node0_Node8_Zero was a dupe; retransmit: 0, pkt_enqueue_time=2009586027283.6907, pkt_dequeue_time=2009586027283.6907, forwarded_or_dropped=1, reason_for_drop='Expiry'
DUPE: 2001295051471_Node0_Node8_Zero, Node6 id 2001295051471_Node0_Node8_Zero was a dupe; retransmit: 0, pkt_enqueue_time=2009586027283.6907, pkt_dequeue_time=2009586027283.6907, forwarded_or_dropped=1, reason_for_drop='Expiry'
DUPE: 2006557417234_Node0_Node8_Zero, Node3 id 2006557417234_Node0_Node8_Zero was a dupe; retransmit: 0, pkt_enqueue_time=2009596798515.3271, pkt_dequeue_time=2009596798515.3271, forwarded_or_dropped=1, reason_for_drop='Expiry'
Node.py: (Node0)@2009600000000.0: Updated MCS from 1 to 0, hist=deque([0.14583333333333334, 0.40816326530612246, 5.326530612244898, 0.5102040816326531, 0.0], maxlen=5), packets_serviced=0, packets_received=49
Called Update: UpdateRouteCalls = 0, force = False
Called Update: UpdateRouteCalls = 1, force = False
Called Update: UpdateRouteCalls = 2, force = False
Node.py: (Node3)@2009600000000.0: Updated MCS from 3 to 3, hist=deque([0.4461538461538462, 0.13157894736842105, 0.4642857142857143, 0.48214285714285715, 0.4528301886792453], maxlen=5), packets_serviced=24, packets_received=53
Called Update: UpdateRouteCalls = 3, force = False
Node.py: (Node4)@2009600000000.0: Updated MCS from 0 to 0, hist=deque([1.1851851851851851, 2.125, 0.6153846153846154, 0.9230769230769231, 0.76], maxlen=5), packets_serviced=19, packets_received=25
Called Update: UpdateRouteCalls = 4, force = False
Node.py: (Node5)@2009600000000.0: Updated MCS from 3 to 3, hist=deque([0.0, 0.0, 0.15384615384615385, 0.2830188679245283, 0.273972602739726], maxlen=5), packets_serviced=20, packets_received=73
Called Update: UpdateRouteCalls = 5, force = False
Node.py: (Node6)@2009600000000.0: Updated MCS from 3 to 3, hist=deque([0.0, 0.0, 0.0, 0.5, 0.8095238095238095], maxlen=5), packets_serviced=17, packets_received=21
Called Update: UpdateRouteCalls = 6, force = False
Node.py: (Node7)@2009600000000.0: Updated MCS from 0 to 0, hist=deque([0.391304347826087, 0.8461538461538461, 3.75, 0.9, 0.9411764705882353], maxlen=5), packets_serviced=16, packets_received=17
Called Update: UpdateRouteCalls = 7, force = False
Called Update: UpdateRouteCalls = 8, force = False
Called Update: UpdateRouteCalls = 9, force = False
!! UPDATING !!
routeNo, updatedMCSIndex =  0 [0, 2, 0, 3, 0, 3, 3, 0]
DUPE: 2006557417234_Node0_Node8_Zero, Node5 id 2006557417234_Node0_Node8_Zero was a dupe; retransmit: 0, pkt_enqueue_time=2009614588113.4177, pkt_dequeue_time=2009614588113.4177, forwarded_or_dropped=1, reason_for_drop='Expiry'
DUPE: 2006631214426_Node0_Node8_Zero, Node3 id 2006631214426_Node0_Node8_Zero was a dupe; retransmit: 0, pkt_enqueue_time=2009631497445.7817, pkt_dequeue_time=2009631497445.7817, forwarded_or_dropped=1, reason_for_drop='Expiry'
DUPE: 2006631214426_Node0_Node8_Zero, Node5 id 2006631214426_Node0_Node8_Zero was a dupe; retransmit: 0, pkt_enqueue_time=2009638647953.418, pkt_dequeue_time=2009638647953.418, forwarded_or_dropped=1, reason_for_drop='Expiry'
DUPE: 2006442663320_Node0_Node8_Zero, Node3 id 2006442663320_Node0_Node8_Zero was a dupe; retransmit: 0, pkt_enqueue_time=2009645532425.8726, pkt_dequeue_time=2009645532425.8726, forwarded_or_dropped=1, reason_for_drop='Expiry'
DUPE: 2006442663320_Node0_Node8_Zero, Node5 id 2006442663320_Node0_Node8_Zero was a dupe; retransmit: 0, pkt_enqueue_time=2009650321136.9634, pkt_dequeue_time=2009650321136.9634, forwarded_or_dropped=1, reason_for_drop='Expiry'
DUPE: 2006639414485_Node0_Node8_Zero, Node3 id 2006639414485_Node0_Node8_Zero was a dupe; retransmit: 0, pkt_enqueue_time=2009656971734.9634, pkt_dequeue_time=2009656971734.9634, forwarded_or_dropped=1, reason_for_drop='Expiry'
DUPE: 2006541018076_Node0_Node8_Zero, Node5 id 2006541018076_Node0_Node8_Zero was a dupe; retransmit: 0, pkt_enqueue_time=2009662013985.5088, pkt_dequeue_time=2009662013985.5088, forwarded_or_dropped=1, reason_for_drop='Expiry'
DUPE: 2006647615950_Node0_Node8_Zero, Node3 id 2006647615950_Node0_Node8_Zero was a dupe; retransmit: 0, pkt_enqueue_time=2009665449044.0542, pkt_dequeue_time=2009665449044.0542, forwarded_or_dropped=1, reason_for_drop='Expiry'
DUPE: 2003401618756_Node0_Node8_Zero, Node5 id 2003401618756_Node0_Node8_Zero was a dupe; retransmit: 0, pkt_enqueue_time=2009677276796.0542, pkt_dequeue_time=2009677276796.0542, forwarded_or_dropped=1, reason_for_drop='Expiry'
DUPE: 2005827859641_Node0_Node8_Zero, Node3 id 2005827859641_Node0_Node8_Zero was a dupe; retransmit: 0, pkt_enqueue_time=2009685837007.6904, pkt_dequeue_time=2009685837007.6904, forwarded_or_dropped=1, reason_for_drop='Expiry'
DUPE: 2003360631832_Node0_Node8_Zero, Node5 id 2003360631832_Node0_Node8_Zero was a dupe; retransmit: 0, pkt_enqueue_time=2009689069879.6904, pkt_dequeue_time=2009689069879.6904, forwarded_or_dropped=1, reason_for_drop='Expiry'
DUPE: 2006631214426_Node0_Node8_Zero, Node3 id 2006631214426_Node0_Node8_Zero was a dupe; retransmit: 0, pkt_enqueue_time=2009702572188.7812, pkt_dequeue_time=2009702572188.7812, forwarded_or_dropped=1, reason_for_drop='Expiry'
DUPE: 2003409814093_Node0_Node8_Zero, Node5 id 2003409814093_Node0_Node8_Zero was a dupe; retransmit: 0, pkt_enqueue_time=2009705864820.2358, pkt_dequeue_time=2009705864820.2358, forwarded_or_dropped=1, reason_for_drop='Expiry'
DUPE: 2006655813811_Node0_Node8_Zero, Node3 id 2006655813811_Node0_Node8_Zero was a dupe; retransmit: 0, pkt_enqueue_time=2009708711152.4175, pkt_dequeue_time=2009708711152.4175, forwarded_or_dropped=1, reason_for_drop='Expiry'
DUPE: 2002057350049_Node0_Node8_Zero, Node6 id 2002057350049_Node0_Node8_Zero was a dupe; retransmit: 0, pkt_enqueue_time=2009731692638.054, pkt_dequeue_time=2009731692638.054, forwarded_or_dropped=1, reason_for_drop='Expiry'
DUPE: 2002065548724_Node0_Node8_Zero, Node6 id 2002065548724_Node0_Node8_Zero was a dupe; retransmit: 0, pkt_enqueue_time=2009731692638.054, pkt_dequeue_time=2009731692638.054, forwarded_or_dropped=1, reason_for_drop='Expiry'
DUPE: 2006713191813_Node0_Node8_Zero, Node3 id 2006713191813_Node0_Node8_Zero was a dupe; retransmit: 0, pkt_enqueue_time=2009736207144.5989, pkt_dequeue_time=2009736207144.5989, forwarded_or_dropped=1, reason_for_drop='Expiry'
DUPE: 2006737774952_Node0_Node8_Zero, Node3 id 2006737774952_Node0_Node8_Zero was a dupe; retransmit: 0, pkt_enqueue_time=2009739236977.1443, pkt_dequeue_time=2009739236977.1443, forwarded_or_dropped=1, reason_for_drop='Expiry'
DUPE: 2002368830665_Node0_Node8_Zero, Node6 id 2002368830665_Node0_Node8_Zero was a dupe; retransmit: 0, pkt_enqueue_time=2009755235201.6904, pkt_dequeue_time=2009755235201.6904, forwarded_or_dropped=1, reason_for_drop='Expiry'
DUPE: 2006754166978_Node0_Node8_Zero, Node3 id 2006754166978_Node0_Node8_Zero was a dupe; retransmit: 0, pkt_enqueue_time=2009760617430.4167, pkt_dequeue_time=2009760617430.4167, forwarded_or_dropped=1, reason_for_drop='Expiry'
DUPE: 2006885327934_Node0_Node8_Zero, Node3 id 2006885327934_Node0_Node8_Zero was a dupe; retransmit: 0, pkt_enqueue_time=2009944027885.4136, pkt_dequeue_time=2009944027885.4136, forwarded_or_dropped=1, reason_for_drop='Expiry'
DUPE: 2006778760702_Node0_Node8_Zero, Node3 id 2006778760702_Node0_Node8_Zero was a dupe; retransmit: 0, pkt_enqueue_time=2009946207539.959, pkt_dequeue_time=2009946207539.959, forwarded_or_dropped=1, reason_for_drop='Expiry'
DUPE: 2006606619156_Node0_Node8_Zero, Node5 id 2006606619156_Node0_Node8_Zero was a dupe; retransmit: 0, pkt_enqueue_time=2009951477163.8682, pkt_dequeue_time=2009951477163.8682, forwarded_or_dropped=1, reason_for_drop='Expiry'
DUPE: 2005606556139_Node0_Node8_Zero, Node1 id 2005606556139_Node0_Node8_Zero was a dupe; retransmit: 0, pkt_enqueue_time=2009960952372.75, pkt_dequeue_time=2009960952372.75, forwarded_or_dropped=1, reason_for_drop='Expiry'
main.py: Progress: 2010 / 2014
Node.py: (Node0)@2010000000000.0: Updated MCS from 0 to 0, hist=deque([0.40816326530612246, 5.326530612244898, 0.5102040816326531, 0.0, 0.0], maxlen=5), packets_serviced=0, packets_received=48
Called Update: UpdateRouteCalls = 0, force = False
Node.py: (Node1)@2010000000000.0: Updated MCS from 2 to 1, hist=deque([0.9230769230769231, 0.4166666666666667, 0.6259541984732825, 4.8, 0.0], maxlen=5), packets_serviced=0, packets_received=1
Called Update: UpdateRouteCalls = 1, force = False
Called Update: UpdateRouteCalls = 2, force = False
Node.py: (Node3)@2010000000000.0: Updated MCS from 3 to 3, hist=deque([0.13157894736842105, 0.4642857142857143, 0.48214285714285715, 0.4528301886792453, 0.46846846846846846], maxlen=5), packets_serviced=52, packets_received=111
Called Update: UpdateRouteCalls = 3, force = False
Node.py: (Node4)@2010000000000.0: Updated MCS from 0 to 0, hist=deque([2.125, 0.6153846153846154, 0.9230769230769231, 0.76, 0.3076923076923077], maxlen=5), packets_serviced=16, packets_received=52
Called Update: UpdateRouteCalls = 4, force = False
Node.py: (Node5)@2010000000000.0: Updated MCS from 3 to 3, hist=deque([0.0, 0.15384615384615385, 0.2830188679245283, 0.273972602739726, 0.27586206896551724], maxlen=5), packets_serviced=8, packets_received=29
Called Update: UpdateRouteCalls = 5, force = False
Node.py: (Node6)@2010000000000.0: Updated MCS from 3 to 3, hist=deque([0.0, 0.0, 0.5, 0.8095238095238095, 0.6], maxlen=5), packets_serviced=6, packets_received=10
Called Update: UpdateRouteCalls = 6, force = False
Node.py: (Node7)@2010000000000.0: Updated MCS from 0 to 0, hist=deque([0.8461538461538461, 3.75, 0.9, 0.9411764705882353, 0.16666666666666666], maxlen=5), packets_serviced=1, packets_received=6
Called Update: UpdateRouteCalls = 7, force = False
Called Update: UpdateRouteCalls = 8, force = False
Called Update: UpdateRouteCalls = 9, force = False
!! UPDATING !!
routeNo, updatedMCSIndex =  0 [0, 1, 0, 3, 0, 3, 3, 0]
Called Update: UpdateRouteCalls = 0, force = True
!! UPDATING !!
routeNo, updatedMCSIndex =  0 [0, 1, 0, 3, 0, 3, 3, 0]

rf.py: Time: 2010 Route details: {0: {'Route': [0, 1, 2, 3, 4, 5, 6, 7, 8], 'MCS_Index': [0, 1, 0, 3, 0, 3, 3, 0], 'Priority': 1, 'ValidRoute': True, 'HQRoute': True, 'RouteNodeDensity': [0, 0, 0, 0, 0, 0, 0, 0, 0], 'InterferingLinks': 16, 'Target': (-1, -1)}}
node.py: Packet generation complete at node: Node0.
DUPE: 2007000086795_Node0_Node8_Zero, Node5 id 2007000086795_Node0_Node8_Zero was a dupe; retransmit: 0, pkt_enqueue_time=2010000366314.6858, pkt_dequeue_time=2010000366314.6858, forwarded_or_dropped=1, reason_for_drop='Expiry'
DUPE: 2006967295447_Node0_Node8_Zero, Node5 id 2006967295447_Node0_Node8_Zero was a dupe; retransmit: 0, pkt_enqueue_time=2010033858198.4124, pkt_dequeue_time=2010033858198.4124, forwarded_or_dropped=1, reason_for_drop='Expiry'
DUPE: 2007024681917_Node0_Node8_Zero, Node5 id 2007024681917_Node0_Node8_Zero was a dupe; retransmit: 0, pkt_enqueue_time=2010064700599.4119, pkt_dequeue_time=2010064700599.4119, forwarded_or_dropped=1, reason_for_drop='Expiry'
DUPE: 2007016488738_Node0_Node8_Zero, Node5 id 2007016488738_Node0_Node8_Zero was a dupe; retransmit: 0, pkt_enqueue_time=2010073589167.9573, pkt_dequeue_time=2010073589167.9573, forwarded_or_dropped=1, reason_for_drop='Expiry'
DUPE: 2006623019991_Node0_Node8_Zero, Node5 id 2006623019991_Node0_Node8_Zero was a dupe; retransmit: 0, pkt_enqueue_time=2010075948822.5027, pkt_dequeue_time=2010075948822.5027, forwarded_or_dropped=1, reason_for_drop='Expiry'
DUPE: 2006983689514_Node0_Node8_Zero, Node5 id 2006983689514_Node0_Node8_Zero was a dupe; retransmit: 0, pkt_enqueue_time=2010114674930.5945, pkt_dequeue_time=2010114674930.5945, forwarded_or_dropped=1, reason_for_drop='Expiry'
DUPE: 2007131233798_Node0_Node8_Zero, Node5 id 2007131233798_Node0_Node8_Zero was a dupe; retransmit: 0, pkt_enqueue_time=2010131548416.8672, pkt_dequeue_time=2010131548416.8672, forwarded_or_dropped=1, reason_for_drop='Expiry'
DUPE: 2007123035921_Node0_Node8_Zero, Node5 id 2007123035921_Node0_Node8_Zero was a dupe; retransmit: 0, pkt_enqueue_time=2010140445325.2307, pkt_dequeue_time=2010140445325.2307, forwarded_or_dropped=1, reason_for_drop='Expiry'
DUPE: 2007139433886_Node0_Node8_Zero, Node5 id 2007139433886_Node0_Node8_Zero was a dupe; retransmit: 0, pkt_enqueue_time=2010143606979.7761, pkt_dequeue_time=2010143606979.7761, forwarded_or_dropped=1, reason_for_drop='Expiry'
DUPE: 2007188617801_Node0_Node8_Zero, Node3 id 2007188617801_Node0_Node8_Zero was a dupe; retransmit: 0, pkt_enqueue_time=2010192823408.3218, pkt_dequeue_time=2010192823408.3218, forwarded_or_dropped=1, reason_for_drop='Expiry'
DUPE: 2007147630635_Node0_Node8_Zero, Node5 id 2007147630635_Node0_Node8_Zero was a dupe; retransmit: 0, pkt_enqueue_time=2010206944404.5034, pkt_dequeue_time=2010206944404.5034, forwarded_or_dropped=1, reason_for_drop='Expiry'
DUPE: 2007123035921_Node0_Node8_Zero, Node3 id 2007123035921_Node0_Node8_Zero was a dupe; retransmit: 0, pkt_enqueue_time=2010210180342.8672, pkt_dequeue_time=2010210180342.8672, forwarded_or_dropped=1, reason_for_drop='Expiry'
DUPE: 2007188617801_Node0_Node8_Zero, Node5 id 2007188617801_Node0_Node8_Zero was a dupe; retransmit: 0, pkt_enqueue_time=2010224317797.958, pkt_dequeue_time=2010224317797.958, forwarded_or_dropped=1, reason_for_drop='Expiry'
DUPE: 2007155829556_Node0_Node8_Zero, Node3 id 2007155829556_Node0_Node8_Zero was a dupe; retransmit: 0, pkt_enqueue_time=2010225270399.5942, pkt_dequeue_time=2010225270399.5942, forwarded_or_dropped=1, reason_for_drop='Expiry'
DUPE: 2007180423950_Node0_Node8_Zero, Node5 id 2007180423950_Node0_Node8_Zero was a dupe; retransmit: 0, pkt_enqueue_time=2010241562950.0488, pkt_dequeue_time=2010241562950.0488, forwarded_or_dropped=1, reason_for_drop='Expiry'
DUPE: 2007229591778_Node0_Node8_Zero, Node3 id 2007229591778_Node0_Node8_Zero was a dupe; retransmit: 0, pkt_enqueue_time=2010244593720.6848, pkt_dequeue_time=2010244593720.6848, forwarded_or_dropped=1, reason_for_drop='Expiry'
DUPE: 2007155829556_Node0_Node8_Zero, Node5 id 2007155829556_Node0_Node8_Zero was a dupe; retransmit: 0, pkt_enqueue_time=2010257451569.5942, pkt_dequeue_time=2010257451569.5942, forwarded_or_dropped=1, reason_for_drop='Expiry'
DUPE: 2007278769017_Node0_Node8_Zero, Node5 id 2007278769017_Node0_Node8_Zero was a dupe; retransmit: 0, pkt_enqueue_time=2010280049708.5942, pkt_dequeue_time=2010280049708.5942, forwarded_or_dropped=1, reason_for_drop='Expiry'
DUPE: 2007286965126_Node0_Node8_Zero, Node5 id 2007286965126_Node0_Node8_Zero was a dupe; retransmit: 0, pkt_enqueue_time=2010294327395.776, pkt_dequeue_time=2010294327395.776, forwarded_or_dropped=1, reason_for_drop='Expiry'
DUPE: 2007295157102_Node0_Node8_Zero, Node5 id 2007295157102_Node0_Node8_Zero was a dupe; retransmit: 0, pkt_enqueue_time=2010299966704.8667, pkt_dequeue_time=2010299966704.8667, forwarded_or_dropped=1, reason_for_drop='Expiry'
DUPE: 2007303351350_Node0_Node8_Zero, Node5 id 2007303351350_Node0_Node8_Zero was a dupe; retransmit: 0, pkt_enqueue_time=2010315047589.6846, pkt_dequeue_time=2010315047589.6846, forwarded_or_dropped=1, reason_for_drop='Expiry'
DUPE: 2007336121834_Node0_Node8_Zero, Node5 id 2007336121834_Node0_Node8_Zero was a dupe; retransmit: 0, pkt_enqueue_time=2010352715253.1392, pkt_dequeue_time=2010352715253.1392, forwarded_or_dropped=1, reason_for_drop='Expiry'
DUPE: 2007352521692_Node0_Node8_Zero, Node5 id 2007352521692_Node0_Node8_Zero was a dupe; retransmit: 0, pkt_enqueue_time=2010354674907.6846, pkt_dequeue_time=2010354674907.6846, forwarded_or_dropped=1, reason_for_drop='Expiry'
DUPE: 2007360719349_Node0_Node8_Zero, Node5 id 2007360719349_Node0_Node8_Zero was a dupe; retransmit: 0, pkt_enqueue_time=2010365655421.8662, pkt_dequeue_time=2010365655421.8662, forwarded_or_dropped=1, reason_for_drop='Expiry'
DUPE: 2007368915153_Node0_Node8_Zero, Node5 id 2007368915153_Node0_Node8_Zero was a dupe; retransmit: 0, pkt_enqueue_time=2010369421525.4116, pkt_dequeue_time=2010369421525.4116, forwarded_or_dropped=1, reason_for_drop='Expiry'
DUPE: 2007368915153_Node0_Node8_Zero, Node5 id 2007368915153_Node0_Node8_Zero was a dupe; retransmit: 0, pkt_enqueue_time=2010374580834.5024, pkt_dequeue_time=2010374580834.5024, forwarded_or_dropped=1, reason_for_drop='Expiry'
DUPE: 2007385311770_Node0_Node8_Zero, Node5 id 2007385311770_Node0_Node8_Zero was a dupe; retransmit: 0, pkt_enqueue_time=2010390166169.866, pkt_dequeue_time=2010390166169.866, forwarded_or_dropped=1, reason_for_drop='Expiry'
DUPE: 2007352521692_Node0_Node8_Zero, Node3 id 2007352521692_Node0_Node8_Zero was a dupe; retransmit: 0, pkt_enqueue_time=2010398924800.5024, pkt_dequeue_time=2010398924800.5024, forwarded_or_dropped=1, reason_for_drop='Expiry'
Node.py: (Node0)@2010400000000.0: Updated MCS from 0 to 0, hist=deque([5.326530612244898, 0.5102040816326531, 0.0, 0.0, 10.0], maxlen=5), packets_serviced=10, packets_received=1
Called Update: UpdateRouteCalls = 0, force = False
Node.py: (Node1)@2010400000000.0: Updated MCS from 1 to 0, hist=deque([0.4166666666666667, 0.6259541984732825, 4.8, 0.0, 0.5555555555555556], maxlen=5), packets_serviced=5, packets_received=9
Called Update: UpdateRouteCalls = 1, force = False
Node.py: (Node2)@2010400000000.0: Updated MCS from 0 to 0, hist=deque([4.375, 1.125, 0.27485380116959063, 0.4166666666666667, 1.8333333333333333], maxlen=5), packets_serviced=33, packets_received=18
Called Update: UpdateRouteCalls = 2, force = False
Node.py: (Node3)@2010400000000.0: Updated MCS from 3 to 3, hist=deque([0.4642857142857143, 0.48214285714285715, 0.4528301886792453, 0.46846846846846846, 0.40476190476190477], maxlen=5), packets_serviced=17, packets_received=42
Called Update: UpdateRouteCalls = 3, force = False
Node.py: (Node4)@2010400000000.0: Updated MCS from 0 to 0, hist=deque([0.6153846153846154, 0.9230769230769231, 0.76, 0.3076923076923077, 1.6470588235294117], maxlen=5), packets_serviced=28, packets_received=17
Called Update: UpdateRouteCalls = 4, force = False
Node.py: (Node5)@2010400000000.0: Updated MCS from 3 to 3, hist=deque([0.15384615384615385, 0.2830188679245283, 0.273972602739726, 0.27586206896551724, 0.3023255813953488], maxlen=5), packets_serviced=26, packets_received=86
Called Update: UpdateRouteCalls = 5, force = False
Node.py: (Node6)@2010400000000.0: Updated MCS from 3 to 3, hist=deque([0.0, 0.5, 0.8095238095238095, 0.6, 0.8846153846153846], maxlen=5), packets_serviced=23, packets_received=26
Called Update: UpdateRouteCalls = 6, force = False
Node.py: (Node7)@2010400000000.0: Updated MCS from 0 to 0, hist=deque([3.75, 0.9, 0.9411764705882353, 0.16666666666666666, 1.173913043478261], maxlen=5), packets_serviced=27, packets_received=23
Called Update: UpdateRouteCalls = 7, force = False
Called Update: UpdateRouteCalls = 8, force = False
Called Update: UpdateRouteCalls = 9, force = False
!! UPDATING !!
routeNo, updatedMCSIndex =  0 [0, 0, 0, 3, 0, 3, 3, 0]
DUPE: 2007409900609_Node0_Node8_Zero, Node5 id 2007409900609_Node0_Node8_Zero was a dupe; retransmit: 0, pkt_enqueue_time=2010410718710.5933, pkt_dequeue_time=2010410718710.5933, forwarded_or_dropped=1, reason_for_drop='Expiry'
DUPE: 2007409900609_Node0_Node8_Zero, Node5 id 2007409900609_Node0_Node8_Zero was a dupe; retransmit: 0, pkt_enqueue_time=2010418527882.775, pkt_dequeue_time=2010418527882.775, forwarded_or_dropped=1, reason_for_drop='Expiry'
DUPE: 2003180305622_Node0_Node8_Zero, Node1 id 2003180305622_Node0_Node8_Zero was a dupe; retransmit: 0, pkt_enqueue_time=2010430582155.5933, pkt_dequeue_time=2010430582155.5933, forwarded_or_dropped=1, reason_for_drop='Expiry'
DUPE: 2007426284183_Node0_Node8_Zero, Node5 id 2007426284183_Node0_Node8_Zero was a dupe; retransmit: 0, pkt_enqueue_time=2010434949722.8657, pkt_dequeue_time=2010434949722.8657, forwarded_or_dropped=1, reason_for_drop='Expiry'
DUPE: 2007442670521_Node0_Node8_Zero, Node5 id 2007442670521_Node0_Node8_Zero was a dupe; retransmit: 0, pkt_enqueue_time=2010442980203.4111, pkt_dequeue_time=2010442980203.4111, forwarded_or_dropped=1, reason_for_drop='Expiry'
DUPE: 2007139433886_Node0_Node8_Zero, Node3 id 2007139433886_Node0_Node8_Zero was a dupe; retransmit: 0, pkt_enqueue_time=2010446052760.139, pkt_dequeue_time=2010446052760.139, forwarded_or_dropped=1, reason_for_drop='Expiry'
DUPE: 2005696714853_Node0_Node8_Zero, Node1 id 2005696714853_Node0_Node8_Zero was a dupe; retransmit: 0, pkt_enqueue_time=2010448270719.2297, pkt_dequeue_time=2010448270719.2297, forwarded_or_dropped=1, reason_for_drop='Expiry'
DUPE: 2007442670521_Node0_Node8_Zero, Node5 id 2007442670521_Node0_Node8_Zero was a dupe; retransmit: 0, pkt_enqueue_time=2010448848632.139, pkt_dequeue_time=2010448848632.139, forwarded_or_dropped=1, reason_for_drop='Expiry'
DUPE: 2006877135199_Node0_Node8_Zero, Node3 id 2006877135199_Node0_Node8_Zero was a dupe; retransmit: 0, pkt_enqueue_time=2010455506626.2297, pkt_dequeue_time=2010455506626.2297, forwarded_or_dropped=1, reason_for_drop='Expiry'
DUPE: 2005704908100_Node0_Node8_Zero, Node1 id 2005704908100_Node0_Node8_Zero was a dupe; retransmit: 0, pkt_enqueue_time=2010458857742.6843, pkt_dequeue_time=2010458857742.6843, forwarded_or_dropped=1, reason_for_drop='Expiry'
DUPE: 2007221396815_Node0_Node8_Zero, Node5 id 2007221396815_Node0_Node8_Zero was a dupe; retransmit: 0, pkt_enqueue_time=2010460825722.6843, pkt_dequeue_time=2010460825722.6843, forwarded_or_dropped=1, reason_for_drop='Expiry'
DUPE: 2007229591778_Node0_Node8_Zero, Node5 id 2007229591778_Node0_Node8_Zero was a dupe; retransmit: 0, pkt_enqueue_time=2010463072594.6843, pkt_dequeue_time=2010463072594.6843, forwarded_or_dropped=1, reason_for_drop='Expiry'
DUPE: 2007385311770_Node0_Node8_Zero, Node3 id 2007385311770_Node0_Node8_Zero was a dupe; retransmit: 0, pkt_enqueue_time=2010468989038.2297, pkt_dequeue_time=2010468989038.2297, forwarded_or_dropped=1, reason_for_drop='Expiry'
DUPE: 2003327844783_Node0_Node8_Zero, Node5 id 2003327844783_Node0_Node8_Zero was a dupe; retransmit: 0, pkt_enqueue_time=2010479696620.2297, pkt_dequeue_time=2010479696620.2297, forwarded_or_dropped=1, reason_for_drop='Expiry'
DUPE: 2007221396815_Node0_Node8_Zero, Node3 id 2007221396815_Node0_Node8_Zero was a dupe; retransmit: 0, pkt_enqueue_time=2010483562327.3206, pkt_dequeue_time=2010483562327.3206, forwarded_or_dropped=1, reason_for_drop='Expiry'
DUPE: 2007016488738_Node0_Node8_Zero, Node3 id 2007016488738_Node0_Node8_Zero was a dupe; retransmit: 0, pkt_enqueue_time=2010488761981.866, pkt_dequeue_time=2010488761981.866, forwarded_or_dropped=1, reason_for_drop='Expiry'
DUPE: 2007172225525_Node0_Node8_Zero, Node3 id 2007172225525_Node0_Node8_Zero was a dupe; retransmit: 0, pkt_enqueue_time=2010494272636.4114, pkt_dequeue_time=2010494272636.4114, forwarded_or_dropped=1, reason_for_drop='Expiry'
DUPE: 2002795075298_Node0_Node8_Zero, Node1 id 2002795075298_Node0_Node8_Zero was a dupe; retransmit: 0, pkt_enqueue_time=2010496159960.8662, pkt_dequeue_time=2010496159960.8662, forwarded_or_dropped=1, reason_for_drop='Expiry'
DUPE: 2003819661567_Node0_Node8_Zero, Node5 id 2003819661567_Node0_Node8_Zero was a dupe; retransmit: 0, pkt_enqueue_time=2010496392942.7751, pkt_dequeue_time=2010496392942.7751, forwarded_or_dropped=1, reason_for_drop='Expiry'
DUPE: 2007303351350_Node0_Node8_Zero, Node3 id 2007303351350_Node0_Node8_Zero was a dupe; retransmit: 0, pkt_enqueue_time=2010500663057.9568, pkt_dequeue_time=2010500663057.9568, forwarded_or_dropped=1, reason_for_drop='Expiry'
DUPE: 2004532793143_Node0_Node8_Zero, Node5 id 2004532793143_Node0_Node8_Zero was a dupe; retransmit: 0, pkt_enqueue_time=2010513363862.3206, pkt_dequeue_time=2010513363862.3206, forwarded_or_dropped=1, reason_for_drop='Expiry'
DUPE: 2002778680319_Node0_Node8_Zero, Node1 id 2002778680319_Node0_Node8_Zero was a dupe; retransmit: 0, pkt_enqueue_time=2010523497483.5022, pkt_dequeue_time=2010523497483.5022, forwarded_or_dropped=1, reason_for_drop='Expiry'
DUPE: 2007147630635_Node0_Node8_Zero, Node3 id 2007147630635_Node0_Node8_Zero was a dupe; retransmit: 0, pkt_enqueue_time=2010525996511.1384, pkt_dequeue_time=2010525996511.1384, forwarded_or_dropped=1, reason_for_drop='Expiry'
DUPE: 2002786880396_Node0_Node8_Zero, Node1 id 2002786880396_Node0_Node8_Zero was a dupe; retransmit: 0, pkt_enqueue_time=2010529064355.5022, pkt_dequeue_time=2010529064355.5022, forwarded_or_dropped=1, reason_for_drop='Expiry'
DUPE: 2003434405587_Node0_Node8_Zero, Node5 id 2003434405587_Node0_Node8_Zero was a dupe; retransmit: 0, pkt_enqueue_time=2010530426607.866, pkt_dequeue_time=2010530426607.866, forwarded_or_dropped=1, reason_for_drop='Expiry'
DUPE: 2007213199935_Node0_Node8_Zero, Node3 id 2007213199935_Node0_Node8_Zero was a dupe; retransmit: 0, pkt_enqueue_time=2010533247606.6838, pkt_dequeue_time=2010533247606.6838, forwarded_or_dropped=1, reason_for_drop='Expiry'
DUPE: 2007278769017_Node0_Node8_Zero, Node3 id 2007278769017_Node0_Node8_Zero was a dupe; retransmit: 0, pkt_enqueue_time=2010539786261.2292, pkt_dequeue_time=2010539786261.2292, forwarded_or_dropped=1, reason_for_drop='Expiry'
DUPE: 2006762365574_Node0_Node8_Zero, Node3 id 2006762365574_Node0_Node8_Zero was a dupe; retransmit: 0, pkt_enqueue_time=2010546705915.7747, pkt_dequeue_time=2010546705915.7747, forwarded_or_dropped=1, reason_for_drop='Expiry'
DUPE: 2003319645282_Node0_Node8_Zero, Node1 id 2003319645282_Node0_Node8_Zero was a dupe; retransmit: 0, pkt_enqueue_time=2010547809010.0476, pkt_dequeue_time=2010547809010.0476, forwarded_or_dropped=1, reason_for_drop='Expiry'
DUPE: 2003319645282_Node0_Node8_Zero, Node5 id 2003319645282_Node0_Node8_Zero was a dupe; retransmit: 0, pkt_enqueue_time=2010548775013.4114, pkt_dequeue_time=2010548775013.4114, forwarded_or_dropped=1, reason_for_drop='Expiry'
DUPE: 2005934421968_Node0_Node8_Zero, Node3 id 2005934421968_Node0_Node8_Zero was a dupe; retransmit: 0, pkt_enqueue_time=2010561313224.8655, pkt_dequeue_time=2010561313224.8655, forwarded_or_dropped=1, reason_for_drop='Expiry'
DUPE: 2003196693050_Node0_Node8_Zero, Node1 id 2003196693050_Node0_Node8_Zero was a dupe; retransmit: 0, pkt_enqueue_time=2010566571573.684, pkt_dequeue_time=2010566571573.684, forwarded_or_dropped=1, reason_for_drop='Expiry'
DUPE: 2003204893634_Node0_Node8_Zero, Node1 id 2003204893634_Node0_Node8_Zero was a dupe; retransmit: 0, pkt_enqueue_time=2010566571573.684, pkt_dequeue_time=2010566571573.684, forwarded_or_dropped=1, reason_for_drop='Expiry'
DUPE: 2003860650973_Node0_Node8_Zero, Node5 id 2003860650973_Node0_Node8_Zero was a dupe; retransmit: 0, pkt_enqueue_time=2010567217689.9568, pkt_dequeue_time=2010567217689.9568, forwarded_or_dropped=1, reason_for_drop='Expiry'
DUPE: 2003213090058_Node0_Node8_Zero, Node1 id 2003213090058_Node0_Node8_Zero was a dupe; retransmit: 0, pkt_enqueue_time=2010573048445.684, pkt_dequeue_time=2010573048445.684, forwarded_or_dropped=1, reason_for_drop='Expiry'
DUPE: 2003221291357_Node0_Node8_Zero, Node1 id 2003221291357_Node0_Node8_Zero was a dupe; retransmit: 0, pkt_enqueue_time=2010573048445.684, pkt_dequeue_time=2010573048445.684, forwarded_or_dropped=1, reason_for_drop='Expiry'
DUPE: 2004959052589_Node0_Node8_Zero, Node3 id 2004959052589_Node0_Node8_Zero was a dupe; retransmit: 0, pkt_enqueue_time=2010578996611.5022, pkt_dequeue_time=2010578996611.5022, forwarded_or_dropped=1, reason_for_drop='Expiry'
DUPE: 2004770506395_Node0_Node8_Zero, Node3 id 2004770506395_Node0_Node8_Zero was a dupe; retransmit: 0, pkt_enqueue_time=2010587384266.0476, pkt_dequeue_time=2010587384266.0476, forwarded_or_dropped=1, reason_for_drop='Expiry'
DUPE: 2004795105061_Node0_Node8_Zero, Node3 id 2004795105061_Node0_Node8_Zero was a dupe; retransmit: 0, pkt_enqueue_time=2010590211138.0476, pkt_dequeue_time=2010590211138.0476, forwarded_or_dropped=1, reason_for_drop='Expiry'
DUPE: 2004622962535_Node0_Node8_Zero, Node3 id 2004622962535_Node0_Node8_Zero was a dupe; retransmit: 0, pkt_enqueue_time=2010607150447.1384, pkt_dequeue_time=2010607150447.1384, forwarded_or_dropped=1, reason_for_drop='Expiry'
DUPE: 2004647555351_Node0_Node8_Zero, Node3 id 2004647555351_Node0_Node8_Zero was a dupe; retransmit: 0, pkt_enqueue_time=2010610137319.1384, pkt_dequeue_time=2010610137319.1384, forwarded_or_dropped=1, reason_for_drop='Expiry'
DUPE: 2006606619156_Node0_Node8_Zero, Node3 id 2006606619156_Node0_Node8_Zero was a dupe; retransmit: 0, pkt_enqueue_time=2010618673973.6838, pkt_dequeue_time=2010618673973.6838, forwarded_or_dropped=1, reason_for_drop='Expiry'
DUPE: 2005106582388_Node0_Node8_Zero, Node3 id 2005106582388_Node0_Node8_Zero was a dupe; retransmit: 0, pkt_enqueue_time=2010627508628.2292, pkt_dequeue_time=2010627508628.2292, forwarded_or_dropped=1, reason_for_drop='Expiry'
DUPE: 2004877078236_Node0_Node8_Zero, Node3 id 2004877078236_Node0_Node8_Zero was a dupe; retransmit: 0, pkt_enqueue_time=2010636788282.7747, pkt_dequeue_time=2010636788282.7747, forwarded_or_dropped=1, reason_for_drop='Expiry'
DUPE: 2003344236974_Node0_Node8_Zero, Node5 id 2003344236974_Node0_Node8_Zero was a dupe; retransmit: 0, pkt_enqueue_time=2010648259103.1384, pkt_dequeue_time=2010648259103.1384, forwarded_or_dropped=1, reason_for_drop='Expiry'
DUPE: 2004639359292_Node0_Node8_Zero, Node3 id 2004639359292_Node0_Node8_Zero was a dupe; retransmit: 0, pkt_enqueue_time=2010656198630.8655, pkt_dequeue_time=2010656198630.8655, forwarded_or_dropped=1, reason_for_drop='Expiry'
DUPE: 2006245904813_Node0_Node8_Zero, Node1 id 2006245904813_Node0_Node8_Zero was a dupe; retransmit: 0, pkt_enqueue_time=2010664203263.8662, pkt_dequeue_time=2010664203263.8662, forwarded_or_dropped=1, reason_for_drop='Expiry'
DUPE: 2003598345809_Node0_Node8_Zero, Node5 id 2003598345809_Node0_Node8_Zero was a dupe; retransmit: 0, pkt_enqueue_time=2010668138747.6838, pkt_dequeue_time=2010668138747.6838, forwarded_or_dropped=1, reason_for_drop='Expiry'
DUPE: 2007409900609_Node0_Node8_Zero, Node3 id 2007409900609_Node0_Node8_Zero was a dupe; retransmit: 0, pkt_enqueue_time=2010676849305.9563, pkt_dequeue_time=2010676849305.9563, forwarded_or_dropped=1, reason_for_drop='Expiry'
DUPE: 2003368824283_Node0_Node8_Zero, Node5 id 2003368824283_Node0_Node8_Zero was a dupe; retransmit: 0, pkt_enqueue_time=2010692551290.2292, pkt_dequeue_time=2010692551290.2292, forwarded_or_dropped=1, reason_for_drop='Expiry'
DUPE: 2007704949690_Node0_Node8_Zero, Node5 id 2007704949690_Node0_Node8_Zero was a dupe; retransmit: 0, pkt_enqueue_time=2010709633919.9563, pkt_dequeue_time=2010709633919.9563, forwarded_or_dropped=1, reason_for_drop='Expiry'
DUPE: 2007721335490_Node0_Node8_Zero, Node5 id 2007721335490_Node0_Node8_Zero was a dupe; retransmit: 0, pkt_enqueue_time=2010724429545.6833, pkt_dequeue_time=2010724429545.6833, forwarded_or_dropped=1, reason_for_drop='Expiry'
DUPE: 2007721335490_Node0_Node8_Zero, Node3 id 2007721335490_Node0_Node8_Zero was a dupe; retransmit: 0, pkt_enqueue_time=2010725717659.9563, pkt_dequeue_time=2010725717659.9563, forwarded_or_dropped=1, reason_for_drop='Expiry'
DUPE: 2007729535810_Node0_Node8_Zero, Node5 id 2007729535810_Node0_Node8_Zero was a dupe; retransmit: 0, pkt_enqueue_time=2010736008778.1377, pkt_dequeue_time=2010736008778.1377, forwarded_or_dropped=1, reason_for_drop='Expiry'
DUPE: 2007754125560_Node0_Node8_Zero, Node5 id 2007754125560_Node0_Node8_Zero was a dupe; retransmit: 0, pkt_enqueue_time=2010756972729.1375, pkt_dequeue_time=2010756972729.1375, forwarded_or_dropped=1, reason_for_drop='Expiry'
DUPE: 2007770516616_Node0_Node8_Zero, Node5 id 2007770516616_Node0_Node8_Zero was a dupe; retransmit: 0, pkt_enqueue_time=2010770734709.7737, pkt_dequeue_time=2010770734709.7737, forwarded_or_dropped=1, reason_for_drop='Expiry'
DUPE: 2007770516616_Node0_Node8_Zero, Node5 id 2007770516616_Node0_Node8_Zero was a dupe; retransmit: 0, pkt_enqueue_time=2010773341581.7737, pkt_dequeue_time=2010773341581.7737, forwarded_or_dropped=1, reason_for_drop='Expiry'
DUPE: 2002885223846_Node0_Node8_Zero, Node1 id 2002885223846_Node0_Node8_Zero was a dupe; retransmit: 0, pkt_enqueue_time=2010774683585.9558, pkt_dequeue_time=2010774683585.9558, forwarded_or_dropped=1, reason_for_drop='Expiry'
DUPE: 2007754125560_Node0_Node8_Zero, Node3 id 2007754125560_Node0_Node8_Zero was a dupe; retransmit: 0, pkt_enqueue_time=2010778633081.2283, pkt_dequeue_time=2010778633081.2283, forwarded_or_dropped=1, reason_for_drop='Expiry'
Called Update: UpdateRouteCalls = 0, force = False
Node.py: (Node1)@2010800000000.0: Updated MCS from 0 to 0, hist=deque([0.6259541984732825, 4.8, 0.0, 0.5555555555555556, 0.0], maxlen=5), packets_serviced=0, packets_received=14
Called Update: UpdateRouteCalls = 1, force = False
Node.py: (Node2)@2010800000000.0: Updated MCS from 0 to 0, hist=deque([1.125, 0.27485380116959063, 0.4166666666666667, 1.8333333333333333, 27.0], maxlen=5), packets_serviced=27, packets_received=1
Called Update: UpdateRouteCalls = 2, force = False
Node.py: (Node3)@2010800000000.0: Updated MCS from 3 to 3, hist=deque([0.48214285714285715, 0.4528301886792453, 0.46846846846846846, 0.40476190476190477, 0.19298245614035087], maxlen=5), packets_serviced=11, packets_received=57
Called Update: UpdateRouteCalls = 3, force = False
Node.py: (Node4)@2010800000000.0: Updated MCS from 0 to 0, hist=deque([0.9230769230769231, 0.76, 0.3076923076923077, 1.6470588235294117, 0.7272727272727273], maxlen=5), packets_serviced=8, packets_received=11
Called Update: UpdateRouteCalls = 4, force = False
Node.py: (Node5)@2010800000000.0: Updated MCS from 3 to 3, hist=deque([0.2830188679245283, 0.273972602739726, 0.27586206896551724, 0.3023255813953488, 0.15555555555555556], maxlen=5), packets_serviced=7, packets_received=45
Called Update: UpdateRouteCalls = 5, force = False
Node.py: (Node6)@2010800000000.0: Updated MCS from 3 to 3, hist=deque([0.5, 0.8095238095238095, 0.6, 0.8846153846153846, 1.0], maxlen=5), packets_serviced=7, packets_received=7
Called Update: UpdateRouteCalls = 6, force = False
Node.py: (Node7)@2010800000000.0: Updated MCS from 0 to 0, hist=deque([0.9, 0.9411764705882353, 0.16666666666666666, 1.173913043478261, 1.0], maxlen=5), packets_serviced=7, packets_received=7
Called Update: UpdateRouteCalls = 7, force = False
Called Update: UpdateRouteCalls = 8, force = False
Called Update: UpdateRouteCalls = 9, force = False
!! UPDATING !!
routeNo, updatedMCSIndex =  0 [0, 0, 0, 3, 0, 3, 3, 0]
DUPE: 2007803312629_Node0_Node8_Zero, Node5 id 2007803312629_Node0_Node8_Zero was a dupe; retransmit: 0, pkt_enqueue_time=2010812561762.7734, pkt_dequeue_time=2010812561762.7734, forwarded_or_dropped=1, reason_for_drop='Expiry'
DUPE: 2007811509960_Node0_Node8_Zero, Node5 id 2007811509960_Node0_Node8_Zero was a dupe; retransmit: 0, pkt_enqueue_time=2010814888634.7734, pkt_dequeue_time=2010814888634.7734, forwarded_or_dropped=1, reason_for_drop='Expiry'
DUPE: 2007803312629_Node0_Node8_Zero, Node3 id 2007803312629_Node0_Node8_Zero was a dupe; retransmit: 0, pkt_enqueue_time=2010817469611.501, pkt_dequeue_time=2010817469611.501, forwarded_or_dropped=1, reason_for_drop='Expiry'
DUPE: 2007811509960_Node0_Node8_Zero, Node3 id 2007811509960_Node0_Node8_Zero was a dupe; retransmit: 0, pkt_enqueue_time=2010820689266.0464, pkt_dequeue_time=2010820689266.0464, forwarded_or_dropped=1, reason_for_drop='Expiry'
DUPE: 2007836094002_Node0_Node8_Zero, Node5 id 2007836094002_Node0_Node8_Zero was a dupe; retransmit: 0, pkt_enqueue_time=2010836248225.4097, pkt_dequeue_time=2010836248225.4097, forwarded_or_dropped=1, reason_for_drop='Expiry'
DUPE: 2007836094002_Node0_Node8_Zero, Node5 id 2007836094002_Node0_Node8_Zero was a dupe; retransmit: 0, pkt_enqueue_time=2010841838200.046, pkt_dequeue_time=2010841838200.046, forwarded_or_dropped=1, reason_for_drop='Expiry'
DUPE: 2004581984702_Node0_Node8_Zero, Node3 id 2004581984702_Node0_Node8_Zero was a dupe; retransmit: 0, pkt_enqueue_time=2010851385919.1372, pkt_dequeue_time=2010851385919.1372, forwarded_or_dropped=1, reason_for_drop='Expiry'
DUPE: 2004606570770_Node0_Node8_Zero, Node3 id 2004606570770_Node0_Node8_Zero was a dupe; retransmit: 0, pkt_enqueue_time=2010855803482.1372, pkt_dequeue_time=2010855803482.1372, forwarded_or_dropped=1, reason_for_drop='Expiry'
DUPE: 2007868880356_Node0_Node8_Zero, Node5 id 2007868880356_Node0_Node8_Zero was a dupe; retransmit: 0, pkt_enqueue_time=2010881312098.1372, pkt_dequeue_time=2010881312098.1372, forwarded_or_dropped=1, reason_for_drop='Expiry'
DUPE: 2004442627336_Node0_Node8_Zero, Node5 id 2004442627336_Node0_Node8_Zero was a dupe; retransmit: 0, pkt_enqueue_time=2010899789752.6826, pkt_dequeue_time=2010899789752.6826, forwarded_or_dropped=1, reason_for_drop='Expiry'
DUPE: 2003532777887_Node0_Node8_Zero, Node5 id 2003532777887_Node0_Node8_Zero was a dupe; retransmit: 0, pkt_enqueue_time=2010919106407.228, pkt_dequeue_time=2010919106407.228, forwarded_or_dropped=1, reason_for_drop='Expiry'
DUPE: 2003631134750_Node0_Node8_Zero, Node5 id 2003631134750_Node0_Node8_Zero was a dupe; retransmit: 0, pkt_enqueue_time=2010938666061.7734, pkt_dequeue_time=2010938666061.7734, forwarded_or_dropped=1, reason_for_drop='Expiry'
DUPE: 2004262299856_Node0_Node8_Zero, Node5 id 2004262299856_Node0_Node8_Zero was a dupe; retransmit: 0, pkt_enqueue_time=2010958665716.3188, pkt_dequeue_time=2010958665716.3188, forwarded_or_dropped=1, reason_for_drop='Expiry'
DUPE: 2003647524050_Node0_Node8_Zero, Node5 id 2003647524050_Node0_Node8_Zero was a dupe; retransmit: 0, pkt_enqueue_time=2010979327370.8643, pkt_dequeue_time=2010979327370.8643, forwarded_or_dropped=1, reason_for_drop='Expiry'
DUPE: 2003713109914_Node0_Node8_Zero, Node5 id 2003713109914_Node0_Node8_Zero was a dupe; retransmit: 0, pkt_enqueue_time=2010982174242.8643, pkt_dequeue_time=2010982174242.8643, forwarded_or_dropped=1, reason_for_drop='Expiry'
main.py: Progress: 2011 / 2014
Called Update: UpdateRouteCalls = 0, force = True
!! UPDATING !!
routeNo, updatedMCSIndex =  0 [0, 0, 0, 3, 0, 3, 3, 0]

rf.py: Time: 2011 Route details: {0: {'Route': [0, 1, 2, 3, 4, 5, 6, 7, 8], 'MCS_Index': [0, 0, 0, 3, 0, 3, 3, 0], 'Priority': 1, 'ValidRoute': True, 'HQRoute': True, 'RouteNodeDensity': [0, 0, 0, 0, 0, 0, 0, 0, 0], 'InterferingLinks': 16, 'Target': (-1, -1)}}
DUPE: 2003385222572_Node0_Node8_Zero, Node5 id 2003385222572_Node0_Node8_Zero was a dupe; retransmit: 0, pkt_enqueue_time=2011003033897.4097, pkt_dequeue_time=2011003033897.4097, forwarded_or_dropped=1, reason_for_drop='Expiry'
DUPE: 2003245882721_Node0_Node8_Zero, Node5 id 2003245882721_Node0_Node8_Zero was a dupe; retransmit: 0, pkt_enqueue_time=2011024553551.955, pkt_dequeue_time=2011024553551.955, forwarded_or_dropped=1, reason_for_drop='Expiry'
DUPE: 2006541018076_Node0_Node8_Zero, Node3 id 2006541018076_Node0_Node8_Zero was a dupe; retransmit: 0, pkt_enqueue_time=2011026580361.6812, pkt_dequeue_time=2011026580361.6812, forwarded_or_dropped=1, reason_for_drop='Expiry'
DUPE: 2005180356352_Node0_Node8_Zero, Node3 id 2005180356352_Node0_Node8_Zero was a dupe; retransmit: 0, pkt_enqueue_time=2011043575915.2266, pkt_dequeue_time=2011043575915.2266, forwarded_or_dropped=1, reason_for_drop='Expiry'
DUPE: 2003303252553_Node0_Node8_Zero, Node5 id 2003303252553_Node0_Node8_Zero was a dupe; retransmit: 0, pkt_enqueue_time=2011049284153.5005, pkt_dequeue_time=2011049284153.5005, forwarded_or_dropped=1, reason_for_drop='Expiry'
DUPE: 2003311446627_Node0_Node8_Zero, Node5 id 2003311446627_Node0_Node8_Zero was a dupe; retransmit: 0, pkt_enqueue_time=2011053871025.5005, pkt_dequeue_time=2011053871025.5005, forwarded_or_dropped=1, reason_for_drop='Expiry'
DUPE: 2004655748729_Node0_Node8_Zero, Node3 id 2004655748729_Node0_Node8_Zero was a dupe; retransmit: 0, pkt_enqueue_time=2011074030673.7717, pkt_dequeue_time=2011074030673.7717, forwarded_or_dropped=1, reason_for_drop='Expiry'
DUPE: 2003458996195_Node0_Node8_Zero, Node5 id 2003458996195_Node0_Node8_Zero was a dupe; retransmit: 0, pkt_enqueue_time=2011076602869.046, pkt_dequeue_time=2011076602869.046, forwarded_or_dropped=1, reason_for_drop='Expiry'
DUPE: 2004885273382_Node0_Node8_Zero, Node3 id 2004885273382_Node0_Node8_Zero was a dupe; retransmit: 0, pkt_enqueue_time=2011087002666.3171, pkt_dequeue_time=2011087002666.3171, forwarded_or_dropped=1, reason_for_drop='Expiry'
DUPE: 2005024606268_Node0_Node8_Zero, Node3 id 2005024606268_Node0_Node8_Zero was a dupe; retransmit: 0, pkt_enqueue_time=2011106169846.4993, pkt_dequeue_time=2011106169846.4993, forwarded_or_dropped=1, reason_for_drop='Expiry'
DUPE: 2006213118187_Node0_Node8_Zero, Node3 id 2006213118187_Node0_Node8_Zero was a dupe; retransmit: 0, pkt_enqueue_time=2011119270775.0447, pkt_dequeue_time=2011119270775.0447, forwarded_or_dropped=1, reason_for_drop='Expiry'
DUPE: 2006229514769_Node0_Node8_Zero, Node3 id 2006229514769_Node0_Node8_Zero was a dupe; retransmit: 0, pkt_enqueue_time=2011144160461.4993, pkt_dequeue_time=2011144160461.4993, forwarded_or_dropped=1, reason_for_drop='Expiry'
DUPE: 2007836094002_Node0_Node8_Zero, Node3 id 2007836094002_Node0_Node8_Zero was a dupe; retransmit: 0, pkt_enqueue_time=2011158395514.0447, pkt_dequeue_time=2011158395514.0447, forwarded_or_dropped=1, reason_for_drop='Expiry'
DUPE: 2008172169664_Node0_Node8_Zero, Node5 id 2008172169664_Node0_Node8_Zero was a dupe; retransmit: 0, pkt_enqueue_time=2011173233164.2263, pkt_dequeue_time=2011173233164.2263, forwarded_or_dropped=1, reason_for_drop='Expiry'
DUPE: 2008172169664_Node0_Node8_Zero, Node5 id 2008172169664_Node0_Node8_Zero was a dupe; retransmit: 0, pkt_enqueue_time=2011176071579.4084, pkt_dequeue_time=2011176071579.4084, forwarded_or_dropped=1, reason_for_drop='Expiry'
Called Update: UpdateRouteCalls = 0, force = False
Node.py: (Node1)@2011200000000.0: Updated MCS from 0 to 0, hist=deque([4.8, 0.0, 0.5555555555555556, 0.0, 0.17857142857142858], maxlen=5), packets_serviced=10, packets_received=56
Called Update: UpdateRouteCalls = 1, force = False
Node.py: (Node2)@2011200000000.0: Updated MCS from 0 to 0, hist=deque([0.27485380116959063, 0.4166666666666667, 1.8333333333333333, 27.0, 0.35], maxlen=5), packets_serviced=14, packets_received=40
Called Update: UpdateRouteCalls = 2, force = False
Node.py: (Node3)@2011200000000.0: Updated MCS from 3 to 3, hist=deque([0.4528301886792453, 0.46846846846846846, 0.40476190476190477, 0.19298245614035087, 0.18518518518518517], maxlen=5), packets_serviced=5, packets_received=27
Called Update: UpdateRouteCalls = 3, force = False
Node.py: (Node4)@2011200000000.0: Updated MCS from 0 to 0, hist=deque([0.76, 0.3076923076923077, 1.6470588235294117, 0.7272727272727273, 1.0], maxlen=5), packets_serviced=5, packets_received=5
Called Update: UpdateRouteCalls = 4, force = False
Node.py: (Node5)@2011200000000.0: Updated MCS from 3 to 3, hist=deque([0.273972602739726, 0.27586206896551724, 0.3023255813953488, 0.15555555555555556, 0.18181818181818182], maxlen=5), packets_serviced=6, packets_received=33
Called Update: UpdateRouteCalls = 5, force = False
Node.py: (Node6)@2011200000000.0: Updated MCS from 3 to 3, hist=deque([0.8095238095238095, 0.6, 0.8846153846153846, 1.0, 0.8333333333333334], maxlen=5), packets_serviced=5, packets_received=6
Called Update: UpdateRouteCalls = 6, force = False
Node.py: (Node7)@2011200000000.0: Updated MCS from 0 to 0, hist=deque([0.9411764705882353, 0.16666666666666666, 1.173913043478261, 1.0, 0.8], maxlen=5), packets_serviced=4, packets_received=5
Called Update: UpdateRouteCalls = 7, force = False
Called Update: UpdateRouteCalls = 8, force = False
Called Update: UpdateRouteCalls = 9, force = False
!! UPDATING !!
routeNo, updatedMCSIndex =  0 [0, 0, 0, 3, 0, 3, 3, 0]
DUPE: 2008196759525_Node0_Node8_Zero, Node5 id 2008196759525_Node0_Node8_Zero was a dupe; retransmit: 0, pkt_enqueue_time=2011207214814.6812, pkt_dequeue_time=2011207214814.6812, forwarded_or_dropped=1, reason_for_drop='Expiry'
DUPE: 2008229550775_Node0_Node8_Zero, Node5 id 2008229550775_Node0_Node8_Zero was a dupe; retransmit: 0, pkt_enqueue_time=2011230999133.4082, pkt_dequeue_time=2011230999133.4082, forwarded_or_dropped=1, reason_for_drop='Expiry'
DUPE: 2008237745440_Node0_Node8_Zero, Node4 id 2008237745440_Node0_Node8_Zero was a dupe; retransmit: 0, pkt_enqueue_time=2011243400459.0447, pkt_dequeue_time=2011243400459.0447, forwarded_or_dropped=1, reason_for_drop='Expiry'
DUPE: 2008237745440_Node0_Node8_Zero, Node5 id 2008237745440_Node0_Node8_Zero was a dupe; retransmit: 0, pkt_enqueue_time=2011249303140.772, pkt_dequeue_time=2011249303140.772, forwarded_or_dropped=1, reason_for_drop='Expiry'
DUPE: 2008270530092_Node0_Node8_Zero, Node5 id 2008270530092_Node0_Node8_Zero was a dupe; retransmit: 0, pkt_enqueue_time=2011272063636.2266, pkt_dequeue_time=2011272063636.2266, forwarded_or_dropped=1, reason_for_drop='Expiry'
DUPE: 2008278721930_Node0_Node8_Zero, Node5 id 2008278721930_Node0_Node8_Zero was a dupe; retransmit: 0, pkt_enqueue_time=2011280224879.3174, pkt_dequeue_time=2011280224879.3174, forwarded_or_dropped=1, reason_for_drop='Expiry'
DUPE: 2008295115683_Node0_Node8_Zero, Node3 id 2008295115683_Node0_Node8_Zero was a dupe; retransmit: 0, pkt_enqueue_time=2011295726789.5898, pkt_dequeue_time=2011295726789.5898, forwarded_or_dropped=1, reason_for_drop='Expiry'
DUPE: 2008295115683_Node0_Node8_Zero, Node5 id 2008295115683_Node0_Node8_Zero was a dupe; retransmit: 0, pkt_enqueue_time=2011300652670.1353, pkt_dequeue_time=2011300652670.1353, forwarded_or_dropped=1, reason_for_drop='Expiry'
DUPE: 2008311511163_Node0_Node8_Zero, Node5 id 2008311511163_Node0_Node8_Zero was a dupe; retransmit: 0, pkt_enqueue_time=2011311651612.6807, pkt_dequeue_time=2011311651612.6807, forwarded_or_dropped=1, reason_for_drop='Expiry'
DUPE: 2008311511163_Node0_Node8_Zero, Node5 id 2008311511163_Node0_Node8_Zero was a dupe; retransmit: 0, pkt_enqueue_time=2011314503674.5898, pkt_dequeue_time=2011314503674.5898, forwarded_or_dropped=1, reason_for_drop='Expiry'
DUPE: 2008319708544_Node0_Node8_Zero, Node3 id 2008319708544_Node0_Node8_Zero was a dupe; retransmit: 0, pkt_enqueue_time=2011322143643.8628, pkt_dequeue_time=2011322143643.8628, forwarded_or_dropped=1, reason_for_drop='Expiry'
DUPE: 2008311511163_Node0_Node8_Zero, Node3 id 2008311511163_Node0_Node8_Zero was a dupe; retransmit: 0, pkt_enqueue_time=2011357163205.287, pkt_dequeue_time=2011357163205.287, forwarded_or_dropped=1, reason_for_drop='Expiry'
DUPE: 2008393479877_Node0_Node8_Zero, Node5 id 2008393479877_Node0_Node8_Zero was a dupe; retransmit: 0, pkt_enqueue_time=2011399543153.7412, pkt_dequeue_time=2011399543153.7412, forwarded_or_dropped=1, reason_for_drop='Expiry'
DUPE: 2008377094488_Node0_Node8_Zero, Node5 id 2008377094488_Node0_Node8_Zero was a dupe; retransmit: 0, pkt_enqueue_time=2011418843808.2866, pkt_dequeue_time=2011418843808.2866, forwarded_or_dropped=1, reason_for_drop='Expiry'
DUPE: 2008368892846_Node0_Node8_Zero, Node5 id 2008368892846_Node0_Node8_Zero was a dupe; retransmit: 0, pkt_enqueue_time=2011420790680.2866, pkt_dequeue_time=2011420790680.2866, forwarded_or_dropped=1, reason_for_drop='Expiry'
DUPE: 2008393479877_Node0_Node8_Zero, Node3 id 2008393479877_Node0_Node8_Zero was a dupe; retransmit: 0, pkt_enqueue_time=2011456187888.2258, pkt_dequeue_time=2011456187888.2258, forwarded_or_dropped=1, reason_for_drop='Expiry'
DUPE: 2008573795394_Node0_Node8_Zero, Node5 id 2008573795394_Node0_Node8_Zero was a dupe; retransmit: 0, pkt_enqueue_time=2011577152808.2253, pkt_dequeue_time=2011577152808.2253, forwarded_or_dropped=1, reason_for_drop='Expiry'
DUPE: 2008581994972_Node0_Node8_Zero, Node5 id 2008581994972_Node0_Node8_Zero was a dupe; retransmit: 0, pkt_enqueue_time=2011586492458.6802, pkt_dequeue_time=2011586492458.6802, forwarded_or_dropped=1, reason_for_drop='Expiry'
Called Update: UpdateRouteCalls = 0, force = False
Node.py: (Node1)@2011600000000.0: Updated MCS from 0 to 0, hist=deque([0.0, 0.5555555555555556, 0.0, 0.17857142857142858, 4.0], maxlen=5), packets_serviced=16, packets_received=4
Called Update: UpdateRouteCalls = 1, force = False
Node.py: (Node2)@2011600000000.0: Updated MCS from 0 to 0, hist=deque([0.4166666666666667, 1.8333333333333333, 27.0, 0.35, 0.47619047619047616], maxlen=5), packets_serviced=30, packets_received=63
Called Update: UpdateRouteCalls = 2, force = False
Node.py: (Node3)@2011600000000.0: Updated MCS from 3 to 3, hist=deque([0.46846846846846846, 0.40476190476190477, 0.19298245614035087, 0.18518518518518517, 0.4166666666666667], maxlen=5), packets_serviced=15, packets_received=36
Called Update: UpdateRouteCalls = 3, force = False
Node.py: (Node4)@2011600000000.0: Updated MCS from 0 to 0, hist=deque([0.3076923076923077, 1.6470588235294117, 0.7272727272727273, 1.0, 0.875], maxlen=5), packets_serviced=14, packets_received=16
Called Update: UpdateRouteCalls = 4, force = False
Node.py: (Node5)@2011600000000.0: Updated MCS from 3 to 3, hist=deque([0.27586206896551724, 0.3023255813953488, 0.15555555555555556, 0.18181818181818182, 0.2553191489361702], maxlen=5), packets_serviced=12, packets_received=47
Called Update: UpdateRouteCalls = 5, force = False
Node.py: (Node6)@2011600000000.0: Updated MCS from 3 to 3, hist=deque([0.6, 0.8846153846153846, 1.0, 0.8333333333333334, 1.0], maxlen=5), packets_serviced=12, packets_received=12
Called Update: UpdateRouteCalls = 6, force = False
Node.py: (Node7)@2011600000000.0: Updated MCS from 0 to 0, hist=deque([0.16666666666666666, 1.173913043478261, 1.0, 0.8, 0.9166666666666666], maxlen=5), packets_serviced=11, packets_received=12
Called Update: UpdateRouteCalls = 7, force = False
Called Update: UpdateRouteCalls = 8, force = False
Called Update: UpdateRouteCalls = 9, force = False
!! UPDATING !!
routeNo, updatedMCSIndex =  0 [0, 0, 0, 3, 0, 3, 3, 0]
DUPE: 2008598388761_Node0_Node8_Zero, Node5 id 2008598388761_Node0_Node8_Zero was a dupe; retransmit: 0, pkt_enqueue_time=2011602363706.044, pkt_dequeue_time=2011602363706.044, forwarded_or_dropped=1, reason_for_drop='Expiry'
DUPE: 2008606584896_Node0_Node8_Zero, Node5 id 2008606584896_Node0_Node8_Zero was a dupe; retransmit: 0, pkt_enqueue_time=2011610796696.044, pkt_dequeue_time=2011610796696.044, forwarded_or_dropped=1, reason_for_drop='Expiry'
DUPE: 2008606584896_Node0_Node8_Zero, Node3 id 2008606584896_Node0_Node8_Zero was a dupe; retransmit: 0, pkt_enqueue_time=2011630096062.044, pkt_dequeue_time=2011630096062.044, forwarded_or_dropped=1, reason_for_drop='Expiry'
DUPE: 2008631176977_Node0_Node8_Zero, Node5 id 2008631176977_Node0_Node8_Zero was a dupe; retransmit: 0, pkt_enqueue_time=2011631987403.2256, pkt_dequeue_time=2011631987403.2256, forwarded_or_dropped=1, reason_for_drop='Expiry'
DUPE: 2008631176977_Node0_Node8_Zero, Node5 id 2008631176977_Node0_Node8_Zero was a dupe; retransmit: 0, pkt_enqueue_time=2011634314275.2256, pkt_dequeue_time=2011634314275.2256, forwarded_or_dropped=1, reason_for_drop='Expiry'
DUPE: 2008663964557_Node0_Node8_Zero, Node5 id 2008663964557_Node0_Node8_Zero was a dupe; retransmit: 0, pkt_enqueue_time=2011668947874.1348, pkt_dequeue_time=2011668947874.1348, forwarded_or_dropped=1, reason_for_drop='Expiry'
DUPE: 2008680354999_Node0_Node8_Zero, Node5 id 2008680354999_Node0_Node8_Zero was a dupe; retransmit: 0, pkt_enqueue_time=2011690367247.68, pkt_dequeue_time=2011690367247.68, forwarded_or_dropped=1, reason_for_drop='Expiry'
DUPE: 2008696747964_Node0_Node8_Zero, Node5 id 2008696747964_Node0_Node8_Zero was a dupe; retransmit: 0, pkt_enqueue_time=2011697616758.1345, pkt_dequeue_time=2011697616758.1345, forwarded_or_dropped=1, reason_for_drop='Expiry'
DUPE: 2008688551609_Node0_Node8_Zero, Node5 id 2008688551609_Node0_Node8_Zero was a dupe; retransmit: 0, pkt_enqueue_time=2011701199412.68, pkt_dequeue_time=2011701199412.68, forwarded_or_dropped=1, reason_for_drop='Expiry'
DUPE: 2008696747964_Node0_Node8_Zero, Node5 id 2008696747964_Node0_Node8_Zero was a dupe; retransmit: 0, pkt_enqueue_time=2011707811864.2253, pkt_dequeue_time=2011707811864.2253, forwarded_or_dropped=1, reason_for_drop='Expiry'
DUPE: 2008729538903_Node0_Node8_Zero, Node5 id 2008729538903_Node0_Node8_Zero was a dupe; retransmit: 0, pkt_enqueue_time=2011730020028.5886, pkt_dequeue_time=2011730020028.5886, forwarded_or_dropped=1, reason_for_drop='Expiry'
DUPE: 2008729538903_Node0_Node8_Zero, Node5 id 2008729538903_Node0_Node8_Zero was a dupe; retransmit: 0, pkt_enqueue_time=2011737118511.0432, pkt_dequeue_time=2011737118511.0432, forwarded_or_dropped=1, reason_for_drop='Expiry'
DUPE: 2008713144687_Node0_Node8_Zero, Node3 id 2008713144687_Node0_Node8_Zero was a dupe; retransmit: 0, pkt_enqueue_time=2011740693068.5886, pkt_dequeue_time=2011740693068.5886, forwarded_or_dropped=1, reason_for_drop='Expiry'
DUPE: 2008729538903_Node0_Node8_Zero, Node3 id 2008729538903_Node0_Node8_Zero was a dupe; retransmit: 0, pkt_enqueue_time=2011742599940.5886, pkt_dequeue_time=2011742599940.5886, forwarded_or_dropped=1, reason_for_drop='Expiry'
DUPE: 2008778733662_Node0_Node8_Zero, Node5 id 2008778733662_Node0_Node8_Zero was a dupe; retransmit: 0, pkt_enqueue_time=2011794608814.5886, pkt_dequeue_time=2011794608814.5886, forwarded_or_dropped=1, reason_for_drop='Expiry'
DUPE: 2008819708707_Node0_Node8_Zero, Node5 id 2008819708707_Node0_Node8_Zero was a dupe; retransmit: 0, pkt_enqueue_time=2011820318274.7708, pkt_dequeue_time=2011820318274.7708, forwarded_or_dropped=1, reason_for_drop='Expiry'
DUPE: 2008803319017_Node0_Node8_Zero, Node5 id 2008803319017_Node0_Node8_Zero was a dupe; retransmit: 0, pkt_enqueue_time=2011822746929.3162, pkt_dequeue_time=2011822746929.3162, forwarded_or_dropped=1, reason_for_drop='Expiry'
DUPE: 2008795122042_Node0_Node8_Zero, Node3 id 2008795122042_Node0_Node8_Zero was a dupe; retransmit: 0, pkt_enqueue_time=2011829460868.1345, pkt_dequeue_time=2011829460868.1345, forwarded_or_dropped=1, reason_for_drop='Expiry'
DUPE: 2008827905864_Node0_Node8_Zero, Node5 id 2008827905864_Node0_Node8_Zero was a dupe; retransmit: 0, pkt_enqueue_time=2011831729740.1345, pkt_dequeue_time=2011831729740.1345, forwarded_or_dropped=1, reason_for_drop='Expiry'
DUPE: 2008836103739_Node0_Node8_Zero, Node5 id 2008836103739_Node0_Node8_Zero was a dupe; retransmit: 0, pkt_enqueue_time=2011839123529.9526, pkt_dequeue_time=2011839123529.9526, forwarded_or_dropped=1, reason_for_drop='Expiry'
DUPE: 2008836103739_Node0_Node8_Zero, Node3 id 2008836103739_Node0_Node8_Zero was a dupe; retransmit: 0, pkt_enqueue_time=2011842780894.7708, pkt_dequeue_time=2011842780894.7708, forwarded_or_dropped=1, reason_for_drop='Expiry'
DUPE: 2008819708707_Node0_Node8_Zero, Node5 id 2008819708707_Node0_Node8_Zero was a dupe; retransmit: 0, pkt_enqueue_time=2011844802986.498, pkt_dequeue_time=2011844802986.498, forwarded_or_dropped=1, reason_for_drop='Expiry'
DUPE: 2008770536590_Node0_Node8_Zero, Node3 id 2008770536590_Node0_Node8_Zero was a dupe; retransmit: 0, pkt_enqueue_time=2011847416549.3162, pkt_dequeue_time=2011847416549.3162, forwarded_or_dropped=1, reason_for_drop='Expiry'
DUPE: 2008860694289_Node0_Node8_Zero, Node5 id 2008860694289_Node0_Node8_Zero was a dupe; retransmit: 0, pkt_enqueue_time=2011863198258.7705, pkt_dequeue_time=2011863198258.7705, forwarded_or_dropped=1, reason_for_drop='Expiry'
DUPE: 2008631176977_Node0_Node8_Zero, Node3 id 2008631176977_Node0_Node8_Zero was a dupe; retransmit: 0, pkt_enqueue_time=2011880502123.407, pkt_dequeue_time=2011880502123.407, forwarded_or_dropped=1, reason_for_drop='Expiry'
DUPE: 2008778733662_Node0_Node8_Zero, Node3 id 2008778733662_Node0_Node8_Zero was a dupe; retransmit: 0, pkt_enqueue_time=2011886661777.9524, pkt_dequeue_time=2011886661777.9524, forwarded_or_dropped=1, reason_for_drop='Expiry'
DUPE: 2008918065101_Node0_Node8_Zero, Node5 id 2008918065101_Node0_Node8_Zero was a dupe; retransmit: 0, pkt_enqueue_time=2011934460228.6792, pkt_dequeue_time=2011934460228.6792, forwarded_or_dropped=1, reason_for_drop='Expiry'
DUPE: 2008926258629_Node0_Node8_Zero, Node5 id 2008926258629_Node0_Node8_Zero was a dupe; retransmit: 0, pkt_enqueue_time=2011937007100.6792, pkt_dequeue_time=2011937007100.6792, forwarded_or_dropped=1, reason_for_drop='Expiry'
DUPE: 2008950849845_Node0_Node8_Zero, Node5 id 2008950849845_Node0_Node8_Zero was a dupe; retransmit: 0, pkt_enqueue_time=2011954946232.1335, pkt_dequeue_time=2011954946232.1335, forwarded_or_dropped=1, reason_for_drop='Expiry'
DUPE: 2008967250774_Node0_Node8_Zero, Node5 id 2008967250774_Node0_Node8_Zero was a dupe; retransmit: 0, pkt_enqueue_time=2011968693625.2253, pkt_dequeue_time=2011968693625.2253, forwarded_or_dropped=1, reason_for_drop='Expiry'
DUPE: 2008983639962_Node0_Node8_Zero, Node5 id 2008983639962_Node0_Node8_Zero was a dupe; retransmit: 0, pkt_enqueue_time=2011984113076.8616, pkt_dequeue_time=2011984113076.8616, forwarded_or_dropped=1, reason_for_drop='Expiry'
DUPE: 2008983639962_Node0_Node8_Zero, Node5 id 2008983639962_Node0_Node8_Zero was a dupe; retransmit: 0, pkt_enqueue_time=2011990054852.3162, pkt_dequeue_time=2011990054852.3162, forwarded_or_dropped=1, reason_for_drop='Expiry'
main.py: Progress: 2012 / 2014
Called Update: UpdateRouteCalls = 0, force = False
Node.py: (Node1)@2012000000000.0: Updated MCS from 0 to 0, hist=deque([0.5555555555555556, 0.0, 0.17857142857142858, 4.0, 0.16666666666666666], maxlen=5), packets_serviced=1, packets_received=6
Called Update: UpdateRouteCalls = 1, force = False
Node.py: (Node2)@2012000000000.0: Updated MCS from 0 to 0, hist=deque([1.8333333333333333, 27.0, 0.35, 0.47619047619047616, 4.3], maxlen=5), packets_serviced=43, packets_received=10
Called Update: UpdateRouteCalls = 2, force = False
Node.py: (Node3)@2012000000000.0: Updated MCS from 3 to 3, hist=deque([0.40476190476190477, 0.19298245614035087, 0.18518518518518517, 0.4166666666666667, 0.48], maxlen=5), packets_serviced=24, packets_received=50
Called Update: UpdateRouteCalls = 3, force = False
Node.py: (Node4)@2012000000000.0: Updated MCS from 0 to 0, hist=deque([1.6470588235294117, 0.7272727272727273, 1.0, 0.875, 1.0833333333333333], maxlen=5), packets_serviced=26, packets_received=24
Called Update: UpdateRouteCalls = 4, force = False
Node.py: (Node5)@2012000000000.0: Updated MCS from 3 to 3, hist=deque([0.3023255813953488, 0.15555555555555556, 0.18181818181818182, 0.2553191489361702, 0.275], maxlen=5), packets_serviced=22, packets_received=80
Called Update: UpdateRouteCalls = 5, force = False
Node.py: (Node6)@2012000000000.0: Updated MCS from 3 to 3, hist=deque([0.8846153846153846, 1.0, 0.8333333333333334, 1.0, 0.8181818181818182], maxlen=5), packets_serviced=18, packets_received=22
Called Update: UpdateRouteCalls = 6, force = False
Node.py: (Node7)@2012000000000.0: Updated MCS from 0 to 0, hist=deque([1.173913043478261, 1.0, 0.8, 0.9166666666666666, 0.9444444444444444], maxlen=5), packets_serviced=17, packets_received=18
Called Update: UpdateRouteCalls = 7, force = False
Called Update: UpdateRouteCalls = 8, force = False
Called Update: UpdateRouteCalls = 9, force = False
!! UPDATING !!
routeNo, updatedMCSIndex =  0 [0, 0, 0, 3, 0, 3, 3, 0]
Called Update: UpdateRouteCalls = 0, force = True
!! UPDATING !!
routeNo, updatedMCSIndex =  0 [0, 0, 0, 3, 0, 3, 3, 0]

rf.py: Time: 2012 Route details: {0: {'Route': [0, 1, 2, 3, 4, 5, 6, 7, 8], 'MCS_Index': [0, 0, 0, 3, 0, 3, 3, 0], 'Priority': 1, 'ValidRoute': True, 'HQRoute': True, 'RouteNodeDensity': [0, 0, 0, 0, 0, 0, 0, 0, 0], 'InterferingLinks': 16, 'Target': (-1, -1)}}
DUPE: 2009057420301_Node0_Node8_Zero, Node5 id 2009057420301_Node0_Node8_Zero was a dupe; retransmit: 0, pkt_enqueue_time=2012072219452.4072, pkt_dequeue_time=2012072219452.4072, forwarded_or_dropped=1, reason_for_drop='Expiry'
DUPE: 2008967250774_Node0_Node8_Zero, Node3 id 2008967250774_Node0_Node8_Zero was a dupe; retransmit: 0, pkt_enqueue_time=2012074895124.499, pkt_dequeue_time=2012074895124.499, forwarded_or_dropped=1, reason_for_drop='Expiry'
DUPE: 2009065617051_Node0_Node8_Zero, Node5 id 2009065617051_Node0_Node8_Zero was a dupe; retransmit: 0, pkt_enqueue_time=2012077444030.9526, pkt_dequeue_time=2012077444030.9526, forwarded_or_dropped=1, reason_for_drop='Expiry'
DUPE: 2009073816536_Node0_Node8_Zero, Node3 id 2009073816536_Node0_Node8_Zero was a dupe; retransmit: 0, pkt_enqueue_time=2012088906559.5898, pkt_dequeue_time=2012088906559.5898, forwarded_or_dropped=1, reason_for_drop='Expiry'
DUPE: 2009090207185_Node0_Node8_Zero, Node5 id 2009090207185_Node0_Node8_Zero was a dupe; retransmit: 0, pkt_enqueue_time=2012092722192.5898, pkt_dequeue_time=2012092722192.5898, forwarded_or_dropped=1, reason_for_drop='Expiry'
DUPE: 2009065617051_Node0_Node8_Zero, Node3 id 2009065617051_Node0_Node8_Zero was a dupe; retransmit: 0, pkt_enqueue_time=2012097421611.1353, pkt_dequeue_time=2012097421611.1353, forwarded_or_dropped=1, reason_for_drop='Expiry'
DUPE: 2008377094488_Node0_Node8_Zero, Node3 id 2008377094488_Node0_Node8_Zero was a dupe; retransmit: 0, pkt_enqueue_time=2012123459544.1353, pkt_dequeue_time=2012123459544.1353, forwarded_or_dropped=1, reason_for_drop='Expiry'
DUPE: 2009114796599_Node0_Node8_Zero, Node5 id 2009114796599_Node0_Node8_Zero was a dupe; retransmit: 0, pkt_enqueue_time=2012128134416.1353, pkt_dequeue_time=2012128134416.1353, forwarded_or_dropped=1, reason_for_drop='Expiry'
DUPE: 2008934454049_Node0_Node8_Zero, Node3 id 2008934454049_Node0_Node8_Zero was a dupe; retransmit: 0, pkt_enqueue_time=2012130730516.6807, pkt_dequeue_time=2012130730516.6807, forwarded_or_dropped=1, reason_for_drop='Expiry'
DUPE: 2009073816536_Node0_Node8_Zero, Node5 id 2009073816536_Node0_Node8_Zero was a dupe; retransmit: 0, pkt_enqueue_time=2012145039451.6807, pkt_dequeue_time=2012145039451.6807, forwarded_or_dropped=1, reason_for_drop='Expiry'
DUPE: 2008827905864_Node0_Node8_Zero, Node3 id 2008827905864_Node0_Node8_Zero was a dupe; retransmit: 0, pkt_enqueue_time=2012149489530.7715, pkt_dequeue_time=2012149489530.7715, forwarded_or_dropped=1, reason_for_drop='Expiry'
DUPE: 2008270530092_Node0_Node8_Zero, Node3 id 2008270530092_Node0_Node8_Zero was a dupe; retransmit: 0, pkt_enqueue_time=2012163166839.8623, pkt_dequeue_time=2012163166839.8623, forwarded_or_dropped=1, reason_for_drop='Expiry'
DUPE: 2008278721930_Node0_Node8_Zero, Node3 id 2008278721930_Node0_Node8_Zero was a dupe; retransmit: 0, pkt_enqueue_time=2012165873711.8623, pkt_dequeue_time=2012165873711.8623, forwarded_or_dropped=1, reason_for_drop='Expiry'
DUPE: 2008295115683_Node0_Node8_Zero, Node3 id 2008295115683_Node0_Node8_Zero was a dupe; retransmit: 0, pkt_enqueue_time=2012172793366.4077, pkt_dequeue_time=2012172793366.4077, forwarded_or_dropped=1, reason_for_drop='Expiry'
DUPE: 2009057420301_Node0_Node8_Zero, Node3 id 2009057420301_Node0_Node8_Zero was a dupe; retransmit: 0, pkt_enqueue_time=2012182837892.9531, pkt_dequeue_time=2012182837892.9531, forwarded_or_dropped=1, reason_for_drop='Expiry'
DUPE: 2009204956859_Node0_Node8_Zero, Node5 id 2009204956859_Node0_Node8_Zero was a dupe; retransmit: 0, pkt_enqueue_time=2012206099887.2256, pkt_dequeue_time=2012206099887.2256, forwarded_or_dropped=1, reason_for_drop='Expiry'
DUPE: 2009213156885_Node0_Node8_Zero, Node5 id 2009213156885_Node0_Node8_Zero was a dupe; retransmit: 0, pkt_enqueue_time=2012213873213.2258, pkt_dequeue_time=2012213873213.2258, forwarded_or_dropped=1, reason_for_drop='Expiry'
DUPE: 2009213156885_Node0_Node8_Zero, Node5 id 2009213156885_Node0_Node8_Zero was a dupe; retransmit: 0, pkt_enqueue_time=2012216609828.044, pkt_dequeue_time=2012216609828.044, forwarded_or_dropped=1, reason_for_drop='Expiry'
DUPE: 2009204956859_Node0_Node8_Zero, Node3 id 2009204956859_Node0_Node8_Zero was a dupe; retransmit: 0, pkt_enqueue_time=2012219263094.408, pkt_dequeue_time=2012219263094.408, forwarded_or_dropped=1, reason_for_drop='Expiry'
DUPE: 2009237736942_Node0_Node8_Zero, Node3 id 2009237736942_Node0_Node8_Zero was a dupe; retransmit: 0, pkt_enqueue_time=2012243320185.408, pkt_dequeue_time=2012243320185.408, forwarded_or_dropped=1, reason_for_drop='Expiry'
DUPE: 2009213156885_Node0_Node8_Zero, Node2 id 2009213156885_Node0_Node8_Zero was a dupe; retransmit: 0, pkt_enqueue_time=2012246236282.3171, pkt_dequeue_time=2012246236282.3171, forwarded_or_dropped=1, reason_for_drop='Expiry'
DUPE: 2009237736942_Node0_Node8_Zero, Node5 id 2009237736942_Node0_Node8_Zero was a dupe; retransmit: 0, pkt_enqueue_time=2012250242057.408, pkt_dequeue_time=2012250242057.408, forwarded_or_dropped=1, reason_for_drop='Expiry'
DUPE: 2009262324133_Node0_Node8_Zero, Node5 id 2009262324133_Node0_Node8_Zero was a dupe; retransmit: 0, pkt_enqueue_time=2012263377246.6804, pkt_dequeue_time=2012263377246.6804, forwarded_or_dropped=1, reason_for_drop='Expiry'
DUPE: 2009262324133_Node0_Node8_Zero, Node5 id 2009262324133_Node0_Node8_Zero was a dupe; retransmit: 0, pkt_enqueue_time=2012267184118.6804, pkt_dequeue_time=2012267184118.6804, forwarded_or_dropped=1, reason_for_drop='Expiry'
DUPE: 2009237736942_Node0_Node8_Zero, Node2 id 2009237736942_Node0_Node8_Zero was a dupe; retransmit: 0, pkt_enqueue_time=2012268687422.8625, pkt_dequeue_time=2012268687422.8625, forwarded_or_dropped=1, reason_for_drop='Expiry'
DUPE: 2009262324133_Node0_Node8_Zero, Node3 id 2009262324133_Node0_Node8_Zero was a dupe; retransmit: 0, pkt_enqueue_time=2012280885928.7715, pkt_dequeue_time=2012280885928.7715, forwarded_or_dropped=1, reason_for_drop='Expiry'
DUPE: 2009311496942_Node0_Node8_Zero, Node5 id 2009311496942_Node0_Node8_Zero was a dupe; retransmit: 0, pkt_enqueue_time=2012316984267.4993, pkt_dequeue_time=2012316984267.4993, forwarded_or_dropped=1, reason_for_drop='Expiry'
DUPE: 2009090207185_Node0_Node8_Zero, Node3 id 2009090207185_Node0_Node8_Zero was a dupe; retransmit: 0, pkt_enqueue_time=2012339890592.1355, pkt_dequeue_time=2012339890592.1355, forwarded_or_dropped=1, reason_for_drop='Expiry'
DUPE: 2008950849845_Node0_Node8_Zero, Node3 id 2008950849845_Node0_Node8_Zero was a dupe; retransmit: 0, pkt_enqueue_time=2012369290818.3167, pkt_dequeue_time=2012369290818.3167, forwarded_or_dropped=1, reason_for_drop='Expiry'
DUPE: 2006500036036_Node0_Node8_Zero, Node3 id 2006500036036_Node0_Node8_Zero was a dupe; retransmit: 0, pkt_enqueue_time=2012386028004.862, pkt_dequeue_time=2012386028004.862, forwarded_or_dropped=1, reason_for_drop='Expiry'
Called Update: UpdateRouteCalls = 0, force = False
Node.py: (Node1)@2012400000000.0: Updated MCS from 0 to 0, hist=deque([0.0, 0.17857142857142858, 4.0, 0.16666666666666666, 0.0], maxlen=5), packets_serviced=0, packets_received=51
Called Update: UpdateRouteCalls = 1, force = False
Node.py: (Node2)@2012400000000.0: Updated MCS from 0 to 0, hist=deque([27.0, 0.35, 0.47619047619047616, 4.3, 11.5], maxlen=5), packets_serviced=23, packets_received=2
Called Update: UpdateRouteCalls = 2, force = False
Node.py: (Node3)@2012400000000.0: Updated MCS from 3 to 3, hist=deque([0.19298245614035087, 0.18518518518518517, 0.4166666666666667, 0.48, 0.21568627450980393], maxlen=5), packets_serviced=11, packets_received=51
Called Update: UpdateRouteCalls = 3, force = False
Node.py: (Node4)@2012400000000.0: Updated MCS from 0 to 0, hist=deque([0.7272727272727273, 1.0, 0.875, 1.0833333333333333, 1.0], maxlen=5), packets_serviced=11, packets_received=11
Called Update: UpdateRouteCalls = 4, force = False
Node.py: (Node5)@2012400000000.0: Updated MCS from 3 to 3, hist=deque([0.15555555555555556, 0.18181818181818182, 0.2553191489361702, 0.275, 0.1956521739130435], maxlen=5), packets_serviced=9, packets_received=46
Called Update: UpdateRouteCalls = 5, force = False
Node.py: (Node6)@2012400000000.0: Updated MCS from 3 to 3, hist=deque([1.0, 0.8333333333333334, 1.0, 0.8181818181818182, 0.8888888888888888], maxlen=5), packets_serviced=8, packets_received=9
Called Update: UpdateRouteCalls = 6, force = False
Node.py: (Node7)@2012400000000.0: Updated MCS from 0 to 0, hist=deque([1.0, 0.8, 0.9166666666666666, 0.9444444444444444, 1.125], maxlen=5), packets_serviced=9, packets_received=8
Called Update: UpdateRouteCalls = 7, force = False
Called Update: UpdateRouteCalls = 8, force = False
Called Update: UpdateRouteCalls = 9, force = False
!! UPDATING !!
routeNo, updatedMCSIndex =  0 [0, 0, 0, 3, 0, 3, 3, 0]
DUPE: 2003713109914_Node0_Node8_Zero, Node3 id 2003713109914_Node0_Node8_Zero was a dupe; retransmit: 0, pkt_enqueue_time=2012401454150.4075, pkt_dequeue_time=2012401454150.4075, forwarded_or_dropped=1, reason_for_drop='Expiry'
DUPE: 2003721307701_Node0_Node8_Zero, Node3 id 2003721307701_Node0_Node8_Zero was a dupe; retransmit: 0, pkt_enqueue_time=2012405711750.4075, pkt_dequeue_time=2012405711750.4075, forwarded_or_dropped=1, reason_for_drop='Expiry'
DUPE: 2003983606128_Node0_Node8_Zero, Node3 id 2003983606128_Node0_Node8_Zero was a dupe; retransmit: 0, pkt_enqueue_time=2012423482858.953, pkt_dequeue_time=2012423482858.953, forwarded_or_dropped=1, reason_for_drop='Expiry'
DUPE: 2003991798788_Node0_Node8_Zero, Node3 id 2003991798788_Node0_Node8_Zero was a dupe; retransmit: 0, pkt_enqueue_time=2012423482858.953, pkt_dequeue_time=2012423482858.953, forwarded_or_dropped=1, reason_for_drop='Expiry'
DUPE: 2004565590816_Node0_Node8_Zero, Node3 id 2004565590816_Node0_Node8_Zero was a dupe; retransmit: 0, pkt_enqueue_time=2012439969456.5894, pkt_dequeue_time=2012439969456.5894, forwarded_or_dropped=1, reason_for_drop='Expiry'
DUPE: 2003950825171_Node0_Node8_Zero, Node3 id 2003950825171_Node0_Node8_Zero was a dupe; retransmit: 0, pkt_enqueue_time=2012456480466.1348, pkt_dequeue_time=2012456480466.1348, forwarded_or_dropped=1, reason_for_drop='Expiry'
DUPE: 2003959017894_Node0_Node8_Zero, Node3 id 2003959017894_Node0_Node8_Zero was a dupe; retransmit: 0, pkt_enqueue_time=2012456480466.1348, pkt_dequeue_time=2012456480466.1348, forwarded_or_dropped=1, reason_for_drop='Expiry'
DUPE: 2003819661567_Node0_Node8_Zero, Node3 id 2003819661567_Node0_Node8_Zero was a dupe; retransmit: 0, pkt_enqueue_time=2012479099001.1338, pkt_dequeue_time=2012479099001.1338, forwarded_or_dropped=1, reason_for_drop='Expiry'
DUPE: 2004180328571_Node0_Node8_Zero, Node3 id 2004180328571_Node0_Node8_Zero was a dupe; retransmit: 0, pkt_enqueue_time=2012495085580.6792, pkt_dequeue_time=2012495085580.6792, forwarded_or_dropped=1, reason_for_drop='Expiry'
DUPE: 2004188524816_Node0_Node8_Zero, Node3 id 2004188524816_Node0_Node8_Zero was a dupe; retransmit: 0, pkt_enqueue_time=2012495085580.6792, pkt_dequeue_time=2012495085580.6792, forwarded_or_dropped=1, reason_for_drop='Expiry'
DUPE: 2009459064172_Node0_Node8_Zero, Node1 id 2009459064172_Node0_Node8_Zero was a dupe; retransmit: 0, pkt_enqueue_time=2012497292429.2244, pkt_dequeue_time=2012497292429.2244, forwarded_or_dropped=1, reason_for_drop='Expiry'
DUPE: 2004213121820_Node0_Node8_Zero, Node3 id 2004213121820_Node0_Node8_Zero was a dupe; retransmit: 0, pkt_enqueue_time=2012500024301.2244, pkt_dequeue_time=2012500024301.2244, forwarded_or_dropped=1, reason_for_drop='Expiry'
DUPE: 2004221315761_Node0_Node8_Zero, Node3 id 2004221315761_Node0_Node8_Zero was a dupe; retransmit: 0, pkt_enqueue_time=2012500024301.2244, pkt_dequeue_time=2012500024301.2244, forwarded_or_dropped=1, reason_for_drop='Expiry'
DUPE: 2009450863604_Node0_Node8_Zero, Node1 id 2009450863604_Node0_Node8_Zero was a dupe; retransmit: 0, pkt_enqueue_time=2012504131029.2244, pkt_dequeue_time=2012504131029.2244, forwarded_or_dropped=1, reason_for_drop='Expiry'
DUPE: 2009491845381_Node0_Node8_Zero, Node1 id 2009491845381_Node0_Node8_Zero was a dupe; retransmit: 0, pkt_enqueue_time=2012510230338.3152, pkt_dequeue_time=2012510230338.3152, forwarded_or_dropped=1, reason_for_drop='Expiry'
DUPE: 2004098356190_Node0_Node8_Zero, Node3 id 2004098356190_Node0_Node8_Zero was a dupe; retransmit: 0, pkt_enqueue_time=2012515419089.8608, pkt_dequeue_time=2012515419089.8608, forwarded_or_dropped=1, reason_for_drop='Expiry'
DUPE: 2004106551007_Node0_Node8_Zero, Node3 id 2004106551007_Node0_Node8_Zero was a dupe; retransmit: 0, pkt_enqueue_time=2012515419089.8608, pkt_dequeue_time=2012515419089.8608, forwarded_or_dropped=1, reason_for_drop='Expiry'
DUPE: 2009467257303_Node0_Node8_Zero, Node1 id 2009467257303_Node0_Node8_Zero was a dupe; retransmit: 0, pkt_enqueue_time=2012523868956.4968, pkt_dequeue_time=2012523868956.4968, forwarded_or_dropped=1, reason_for_drop='Expiry'
DUPE: 2004688529247_Node0_Node8_Zero, Node3 id 2004688529247_Node0_Node8_Zero was a dupe; retransmit: 0, pkt_enqueue_time=2012534682235.4973, pkt_dequeue_time=2012534682235.4973, forwarded_or_dropped=1, reason_for_drop='Expiry'
DUPE: 2009508236454_Node0_Node8_Zero, Node1 id 2009508236454_Node0_Node8_Zero was a dupe; retransmit: 0, pkt_enqueue_time=2012537154792.133, pkt_dequeue_time=2012537154792.133, forwarded_or_dropped=1, reason_for_drop='Expiry'
DUPE: 2009475451296_Node0_Node8_Zero, Node1 id 2009475451296_Node0_Node8_Zero was a dupe; retransmit: 0, pkt_enqueue_time=2012541214446.6785, pkt_dequeue_time=2012541214446.6785, forwarded_or_dropped=1, reason_for_drop='Expiry'
DUPE: 2009541019499_Node0_Node8_Zero, Node1 id 2009541019499_Node0_Node8_Zero was a dupe; retransmit: 0, pkt_enqueue_time=2012545354101.2239, pkt_dequeue_time=2012545354101.2239, forwarded_or_dropped=1, reason_for_drop='Expiry'
DUPE: 2009483650633_Node0_Node8_Zero, Node1 id 2009483650633_Node0_Node8_Zero was a dupe; retransmit: 0, pkt_enqueue_time=2012554940440.4966, pkt_dequeue_time=2012554940440.4966, forwarded_or_dropped=1, reason_for_drop='Expiry'
DUPE: 2009557409093_Node0_Node8_Zero, Node1 id 2009557409093_Node0_Node8_Zero was a dupe; retransmit: 0, pkt_enqueue_time=2012559560095.042, pkt_dequeue_time=2012559560095.042, forwarded_or_dropped=1, reason_for_drop='Expiry'
DUPE: 2003893446176_Node0_Node8_Zero, Node3 id 2003893446176_Node0_Node8_Zero was a dupe; retransmit: 0, pkt_enqueue_time=2012563837191.5881, pkt_dequeue_time=2012563837191.5881, forwarded_or_dropped=1, reason_for_drop='Expiry'
DUPE: 2003918042364_Node0_Node8_Zero, Node3 id 2003918042364_Node0_Node8_Zero was a dupe; retransmit: 0, pkt_enqueue_time=2012566334063.5881, pkt_dequeue_time=2012566334063.5881, forwarded_or_dropped=1, reason_for_drop='Expiry'
DUPE: 2003926236747_Node0_Node8_Zero, Node3 id 2003926236747_Node0_Node8_Zero was a dupe; retransmit: 0, pkt_enqueue_time=2012566334063.5881, pkt_dequeue_time=2012566334063.5881, forwarded_or_dropped=1, reason_for_drop='Expiry'
DUPE: 2003877048077_Node0_Node8_Zero, Node3 id 2003877048077_Node0_Node8_Zero was a dupe; retransmit: 0, pkt_enqueue_time=2012580859083.2246, pkt_dequeue_time=2012580859083.2246, forwarded_or_dropped=1, reason_for_drop='Expiry'
DUPE: 2009418065800_Node0_Node8_Zero, Node1 id 2009418065800_Node0_Node8_Zero was a dupe; retransmit: 0, pkt_enqueue_time=2012581957640.4966, pkt_dequeue_time=2012581957640.4966, forwarded_or_dropped=1, reason_for_drop='Expiry'
DUPE: 2009426267077_Node0_Node8_Zero, Node1 id 2009426267077_Node0_Node8_Zero was a dupe; retransmit: 0, pkt_enqueue_time=2012584264512.4966, pkt_dequeue_time=2012584264512.4966, forwarded_or_dropped=1, reason_for_drop='Expiry'
DUPE: 2009565601045_Node0_Node8_Zero, Node1 id 2009565601045_Node0_Node8_Zero was a dupe; retransmit: 0, pkt_enqueue_time=2012590624167.042, pkt_dequeue_time=2012590624167.042, forwarded_or_dropped=1, reason_for_drop='Expiry'
DUPE: 2004163933088_Node0_Node8_Zero, Node3 id 2004163933088_Node0_Node8_Zero was a dupe; retransmit: 0, pkt_enqueue_time=2012595484263.77, pkt_dequeue_time=2012595484263.77, forwarded_or_dropped=1, reason_for_drop='Expiry'
DUPE: 2004172132541_Node0_Node8_Zero, Node3 id 2004172132541_Node0_Node8_Zero was a dupe; retransmit: 0, pkt_enqueue_time=2012595484263.77, pkt_dequeue_time=2012595484263.77, forwarded_or_dropped=1, reason_for_drop='Expiry'
DUPE: 2009598383277_Node0_Node8_Zero, Node1 id 2009598383277_Node0_Node8_Zero was a dupe; retransmit: 0, pkt_enqueue_time=2012599203821.5874, pkt_dequeue_time=2012599203821.5874, forwarded_or_dropped=1, reason_for_drop='Expiry'
DUPE: 2004532793143_Node0_Node8_Zero, Node3 id 2004532793143_Node0_Node8_Zero was a dupe; retransmit: 0, pkt_enqueue_time=2012610920831.4065, pkt_dequeue_time=2012610920831.4065, forwarded_or_dropped=1, reason_for_drop='Expiry'
DUPE: 2009262324133_Node0_Node8_Zero, Node2 id 2009262324133_Node0_Node8_Zero was a dupe; retransmit: 0, pkt_enqueue_time=2012620893028.4055, pkt_dequeue_time=2012620893028.4055, forwarded_or_dropped=1, reason_for_drop='Expiry'
DUPE: 2009581994542_Node0_Node8_Zero, Node1 id 2009581994542_Node0_Node8_Zero was a dupe; retransmit: 0, pkt_enqueue_time=2012630399416.1328, pkt_dequeue_time=2012630399416.1328, forwarded_or_dropped=1, reason_for_drop='Expiry'
DUPE: 2003803267364_Node0_Node8_Zero, Node3 id 2003803267364_Node0_Node8_Zero was a dupe; retransmit: 0, pkt_enqueue_time=2012635517513.2236, pkt_dequeue_time=2012635517513.2236, forwarded_or_dropped=1, reason_for_drop='Expiry'
DUPE: 2009549215629_Node0_Node8_Zero, Node1 id 2009549215629_Node0_Node8_Zero was a dupe; retransmit: 0, pkt_enqueue_time=2012640099070.6782, pkt_dequeue_time=2012640099070.6782, forwarded_or_dropped=1, reason_for_drop='Expiry'
DUPE: 2003786872208_Node0_Node8_Zero, Node3 id 2003786872208_Node0_Node8_Zero was a dupe; retransmit: 0, pkt_enqueue_time=2012650938821.769, pkt_dequeue_time=2012650938821.769, forwarded_or_dropped=1, reason_for_drop='Expiry'
DUPE: 2007770516616_Node0_Node8_Zero, Node3 id 2007770516616_Node0_Node8_Zero was a dupe; retransmit: 0, pkt_enqueue_time=2012672005237.3145, pkt_dequeue_time=2012672005237.3145, forwarded_or_dropped=1, reason_for_drop='Expiry'
DUPE: 2009663955027_Node0_Node8_Zero, Node1 id 2009663955027_Node0_Node8_Zero was a dupe; retransmit: 0, pkt_enqueue_time=2012681627429.9507, pkt_dequeue_time=2012681627429.9507, forwarded_or_dropped=1, reason_for_drop='Expiry'
DUPE: 2009688539111_Node0_Node8_Zero, Node1 id 2009688539111_Node0_Node8_Zero was a dupe; retransmit: 0, pkt_enqueue_time=2012689380828.496, pkt_dequeue_time=2012689380828.496, forwarded_or_dropped=1, reason_for_drop='Expiry'
DUPE: 2003729506037_Node0_Node8_Zero, Node3 id 2003729506037_Node0_Node8_Zero was a dupe; retransmit: 0, pkt_enqueue_time=2012691615924.8599, pkt_dequeue_time=2012691615924.8599, forwarded_or_dropped=1, reason_for_drop='Expiry'
DUPE: 2009688539111_Node0_Node8_Zero, Node1 id 2009688539111_Node0_Node8_Zero was a dupe; retransmit: 0, pkt_enqueue_time=2012696813009.587, pkt_dequeue_time=2012696813009.587, forwarded_or_dropped=1, reason_for_drop='Expiry'
DUPE: 2009680345615_Node0_Node8_Zero, Node1 id 2009680345615_Node0_Node8_Zero was a dupe; retransmit: 0, pkt_enqueue_time=2012700532664.1323, pkt_dequeue_time=2012700532664.1323, forwarded_or_dropped=1, reason_for_drop='Expiry'
DUPE: 2009713126759_Node0_Node8_Zero, Node1 id 2009713126759_Node0_Node8_Zero was a dupe; retransmit: 0, pkt_enqueue_time=2012717828482.314, pkt_dequeue_time=2012717828482.314, forwarded_or_dropped=1, reason_for_drop='Expiry'
DUPE: 2009721319450_Node0_Node8_Zero, Node1 id 2009721319450_Node0_Node8_Zero was a dupe; retransmit: 0, pkt_enqueue_time=2012722315008.8594, pkt_dequeue_time=2012722315008.8594, forwarded_or_dropped=1, reason_for_drop='Expiry'
DUPE: 2009704929672_Node0_Node8_Zero, Node1 id 2009704929672_Node0_Node8_Zero was a dupe; retransmit: 0, pkt_enqueue_time=2012727214317.9502, pkt_dequeue_time=2012727214317.9502, forwarded_or_dropped=1, reason_for_drop='Expiry'
DUPE: 2003934433550_Node0_Node8_Zero, Node3 id 2003934433550_Node0_Node8_Zero was a dupe; retransmit: 0, pkt_enqueue_time=2012732185068.9507, pkt_dequeue_time=2012732185068.9507, forwarded_or_dropped=1, reason_for_drop='Expiry'
DUPE: 2003532777887_Node0_Node8_Zero, Node3 id 2003532777887_Node0_Node8_Zero was a dupe; retransmit: 0, pkt_enqueue_time=2012753869487.5872, pkt_dequeue_time=2012753869487.5872, forwarded_or_dropped=1, reason_for_drop='Expiry'
DUPE: 2009737713014_Node0_Node8_Zero, Node1 id 2009737713014_Node0_Node8_Zero was a dupe; retransmit: 0, pkt_enqueue_time=2012768414079.4048, pkt_dequeue_time=2012768414079.4048, forwarded_or_dropped=1, reason_for_drop='Expiry'
DUPE: 2009770505032_Node0_Node8_Zero, Node1 id 2009770505032_Node0_Node8_Zero was a dupe; retransmit: 0, pkt_enqueue_time=2012770733733.9502, pkt_dequeue_time=2012770733733.9502, forwarded_or_dropped=1, reason_for_drop='Expiry'
DUPE: 2009770505032_Node0_Node8_Zero, Node1 id 2009770505032_Node0_Node8_Zero was a dupe; retransmit: 0, pkt_enqueue_time=2012772800605.9502, pkt_dequeue_time=2012772800605.9502, forwarded_or_dropped=1, reason_for_drop='Expiry'
DUPE: 2004032776926_Node0_Node8_Zero, Node3 id 2004032776926_Node0_Node8_Zero was a dupe; retransmit: 0, pkt_enqueue_time=2012774926579.2236, pkt_dequeue_time=2012774926579.2236, forwarded_or_dropped=1, reason_for_drop='Expiry'
DUPE: 2009778704173_Node0_Node8_Zero, Node1 id 2009778704173_Node0_Node8_Zero was a dupe; retransmit: 0, pkt_enqueue_time=2012783697805.9502, pkt_dequeue_time=2012783697805.9502, forwarded_or_dropped=1, reason_for_drop='Expiry'
DUPE: 2008860694289_Node0_Node8_Zero, Node3 id 2008860694289_Node0_Node8_Zero was a dupe; retransmit: 0, pkt_enqueue_time=2012795468738.86, pkt_dequeue_time=2012795468738.86, forwarded_or_dropped=1, reason_for_drop='Expiry'
Called Update: UpdateRouteCalls = 0, force = False
Node.py: (Node1)@2012800000000.0: Updated MCS from 0 to 0, hist=deque([0.17857142857142858, 4.0, 0.16666666666666666, 0.0, 0.0], maxlen=5), packets_serviced=0, packets_received=103
Called Update: UpdateRouteCalls = 1, force = False
Node.py: (Node2)@2012800000000.0: Updated MCS from 0 to 0, hist=deque([0.35, 0.47619047619047616, 4.3, 11.5, 0.0], maxlen=5), packets_serviced=0, packets_received=1
Called Update: UpdateRouteCalls = 2, force = False
Node.py: (Node3)@2012800000000.0: Updated MCS from 3 to 3, hist=deque([0.18518518518518517, 0.4166666666666667, 0.48, 0.21568627450980393, 0.0], maxlen=5), packets_serviced=0, packets_received=37
Called Update: UpdateRouteCalls = 3, force = False
Called Update: UpdateRouteCalls = 4, force = False
Called Update: UpdateRouteCalls = 5, force = False
Called Update: UpdateRouteCalls = 6, force = False
Called Update: UpdateRouteCalls = 7, force = False
Called Update: UpdateRouteCalls = 8, force = False
Called Update: UpdateRouteCalls = 9, force = False
!! UPDATING !!
routeNo, updatedMCSIndex =  0 [0, 0, 0, 3, 0, 3, 3, 0]
DUPE: 2004377048307_Node0_Node8_Zero, Node3 id 2004377048307_Node0_Node8_Zero was a dupe; retransmit: 0, pkt_enqueue_time=2012818389156.4055, pkt_dequeue_time=2012818389156.4055, forwarded_or_dropped=1, reason_for_drop='Expiry'
DUPE: 2004385240441_Node0_Node8_Zero, Node3 id 2004385240441_Node0_Node8_Zero was a dupe; retransmit: 0, pkt_enqueue_time=2012818389156.4055, pkt_dequeue_time=2012818389156.4055, forwarded_or_dropped=1, reason_for_drop='Expiry'
DUPE: 2003549170262_Node0_Node8_Zero, Node3 id 2003549170262_Node0_Node8_Zero was a dupe; retransmit: 0, pkt_enqueue_time=2012839903990.042, pkt_dequeue_time=2012839903990.042, forwarded_or_dropped=1, reason_for_drop='Expiry'
DUPE: 2003557362798_Node0_Node8_Zero, Node3 id 2003557362798_Node0_Node8_Zero was a dupe; retransmit: 0, pkt_enqueue_time=2012839903990.042, pkt_dequeue_time=2012839903990.042, forwarded_or_dropped=1, reason_for_drop='Expiry'
DUPE: 2009803298833_Node0_Node8_Zero, Node1 id 2009803298833_Node0_Node8_Zero was a dupe; retransmit: 0, pkt_enqueue_time=2012846743147.7676, pkt_dequeue_time=2012846743147.7676, forwarded_or_dropped=1, reason_for_drop='Expiry'
DUPE: 2009729514592_Node0_Node8_Zero, Node1 id 2009729514592_Node0_Node8_Zero was a dupe; retransmit: 0, pkt_enqueue_time=2012849842802.313, pkt_dequeue_time=2012849842802.313, forwarded_or_dropped=1, reason_for_drop='Expiry'
DUPE: 2009754110638_Node0_Node8_Zero, Node1 id 2009754110638_Node0_Node8_Zero was a dupe; retransmit: 0, pkt_enqueue_time=2012856442111.4038, pkt_dequeue_time=2012856442111.4038, forwarded_or_dropped=1, reason_for_drop='Expiry'
DUPE: 2003639329526_Node0_Node8_Zero, Node3 id 2003639329526_Node0_Node8_Zero was a dupe; retransmit: 0, pkt_enqueue_time=2012858508207.6785, pkt_dequeue_time=2012858508207.6785, forwarded_or_dropped=1, reason_for_drop='Expiry'
DUPE: 2009860680728_Node0_Node8_Zero, Node1 id 2009860680728_Node0_Node8_Zero was a dupe; retransmit: 0, pkt_enqueue_time=2012861604978.6785, pkt_dequeue_time=2012861604978.6785, forwarded_or_dropped=1, reason_for_drop='Expiry'
DUPE: 2009860680728_Node0_Node8_Zero, Node1 id 2009860680728_Node0_Node8_Zero was a dupe; retransmit: 0, pkt_enqueue_time=2012865071850.6785, pkt_dequeue_time=2012865071850.6785, forwarded_or_dropped=1, reason_for_drop='Expiry'
DUPE: 2009827888278_Node0_Node8_Zero, Node1 id 2009827888278_Node0_Node8_Zero was a dupe; retransmit: 0, pkt_enqueue_time=2012872771159.7693, pkt_dequeue_time=2012872771159.7693, forwarded_or_dropped=1, reason_for_drop='Expiry'
DUPE: 2003647524050_Node0_Node8_Zero, Node3 id 2003647524050_Node0_Node8_Zero was a dupe; retransmit: 0, pkt_enqueue_time=2012878004911.042, pkt_dequeue_time=2012878004911.042, forwarded_or_dropped=1, reason_for_drop='Expiry'
DUPE: 2006623019991_Node0_Node8_Zero, Node3 id 2006623019991_Node0_Node8_Zero was a dupe; retransmit: 0, pkt_enqueue_time=2012901480763.5874, pkt_dequeue_time=2012901480763.5874, forwarded_or_dropped=1, reason_for_drop='Expiry'
DUPE: 2003622935774_Node0_Node8_Zero, Node3 id 2003622935774_Node0_Node8_Zero was a dupe; retransmit: 0, pkt_enqueue_time=2012926054488.1328, pkt_dequeue_time=2012926054488.1328, forwarded_or_dropped=1, reason_for_drop='Expiry'
DUPE: 2003631134750_Node0_Node8_Zero, Node3 id 2003631134750_Node0_Node8_Zero was a dupe; retransmit: 0, pkt_enqueue_time=2012926054488.1328, pkt_dequeue_time=2012926054488.1328, forwarded_or_dropped=1, reason_for_drop='Expiry'
DUPE: 2002999971722_Node0_Node8_Zero, Node3 id 2002999971722_Node0_Node8_Zero was a dupe; retransmit: 0, pkt_enqueue_time=2012927751360.1328, pkt_dequeue_time=2012927751360.1328, forwarded_or_dropped=1, reason_for_drop='Expiry'
DUPE: 2009934454428_Node0_Node8_Zero, Node1 id 2009934454428_Node0_Node8_Zero was a dupe; retransmit: 0, pkt_enqueue_time=2012938536408.4958, pkt_dequeue_time=2012938536408.4958, forwarded_or_dropped=1, reason_for_drop='Expiry'
DUPE: 2009942651323_Node0_Node8_Zero, Node1 id 2009942651323_Node0_Node8_Zero was a dupe; retransmit: 0, pkt_enqueue_time=2012947962244.132, pkt_dequeue_time=2012947962244.132, forwarded_or_dropped=1, reason_for_drop='Expiry'
DUPE: 2004418033270_Node0_Node8_Zero, Node3 id 2004418033270_Node0_Node8_Zero was a dupe; retransmit: 0, pkt_enqueue_time=2012951884872.4963, pkt_dequeue_time=2012951884872.4963, forwarded_or_dropped=1, reason_for_drop='Expiry'
DUPE: 2004491801685_Node0_Node8_Zero, Node3 id 2004491801685_Node0_Node8_Zero was a dupe; retransmit: 0, pkt_enqueue_time=2012953981744.4963, pkt_dequeue_time=2012953981744.4963, forwarded_or_dropped=1, reason_for_drop='Expiry'
DUPE: 2004499999925_Node0_Node8_Zero, Node3 id 2004499999925_Node0_Node8_Zero was a dupe; retransmit: 0, pkt_enqueue_time=2012953981744.4963, pkt_dequeue_time=2012953981744.4963, forwarded_or_dropped=1, reason_for_drop='Expiry'
DUPE: 2009926255156_Node0_Node8_Zero, Node1 id 2009926255156_Node0_Node8_Zero was a dupe; retransmit: 0, pkt_enqueue_time=2012955961207.7683, pkt_dequeue_time=2012955961207.7683, forwarded_or_dropped=1, reason_for_drop='Expiry'
DUPE: 2009950850737_Node0_Node8_Zero, Node1 id 2009950850737_Node0_Node8_Zero was a dupe; retransmit: 0, pkt_enqueue_time=2012961040516.8591, pkt_dequeue_time=2012961040516.8591, forwarded_or_dropped=1, reason_for_drop='Expiry'
DUPE: 2009909861151_Node0_Node8_Zero, Node1 id 2009909861151_Node0_Node8_Zero was a dupe; retransmit: 0, pkt_enqueue_time=2012973759135.0408, pkt_dequeue_time=2012973759135.0408, forwarded_or_dropped=1, reason_for_drop='Expiry'
DUPE: 2005204945403_Node0_Node8_Zero, Node3 id 2005204945403_Node0_Node8_Zero was a dupe; retransmit: 0, pkt_enqueue_time=2012975939232.1328, pkt_dequeue_time=2012975939232.1328, forwarded_or_dropped=1, reason_for_drop='Expiry'
DUPE: 2009844283004_Node0_Node8_Zero, Node1 id 2009844283004_Node0_Node8_Zero was a dupe; retransmit: 0, pkt_enqueue_time=2012981480444.1316, pkt_dequeue_time=2012981480444.1316, forwarded_or_dropped=1, reason_for_drop='Expiry'
DUPE: 2009696734165_Node0_Node8_Zero, Node1 id 2009696734165_Node0_Node8_Zero was a dupe; retransmit: 0, pkt_enqueue_time=2012985540098.677, pkt_dequeue_time=2012985540098.677, forwarded_or_dropped=1, reason_for_drop='Expiry'
DUPE: 2009959043978_Node0_Node8_Zero, Node1 id 2009959043978_Node0_Node8_Zero was a dupe; retransmit: 0, pkt_enqueue_time=2012989659753.2224, pkt_dequeue_time=2012989659753.2224, forwarded_or_dropped=1, reason_for_drop='Expiry'
DUPE: 2003999994736_Node0_Node8_Zero, Node3 id 2003999994736_Node0_Node8_Zero was a dupe; retransmit: 0, pkt_enqueue_time=2012995643504.6782, pkt_dequeue_time=2012995643504.6782, forwarded_or_dropped=1, reason_for_drop='Expiry'
DUPE: 2004008187076_Node0_Node8_Zero, Node3 id 2004008187076_Node0_Node8_Zero was a dupe; retransmit: 0, pkt_enqueue_time=2012995643504.6782, pkt_dequeue_time=2012995643504.6782, forwarded_or_dropped=1, reason_for_drop='Expiry'
main.py: Progress: 2013 / 2014
Called Update: UpdateRouteCalls = 0, force = True
!! UPDATING !!
routeNo, updatedMCSIndex =  0 [0, 0, 0, 3, 0, 3, 3, 0]

rf.py: Time: 2013 Route details: {0: {'Route': [0, 1, 2, 3, 4, 5, 6, 7, 8], 'MCS_Index': [0, 0, 0, 3, 0, 3, 3, 0], 'Priority': 1, 'ValidRoute': True, 'HQRoute': True, 'RouteNodeDensity': [0, 0, 0, 0, 0, 0, 0, 0, 0], 'InterferingLinks': 16, 'Target': (-1, -1)}}
DUPE: 2009721319450_Node0_Node8_Zero, Node1 id 2009721319450_Node0_Node8_Zero was a dupe; retransmit: 0, pkt_enqueue_time=2013002538716.8586, pkt_dequeue_time=2013002538716.8586, forwarded_or_dropped=1, reason_for_drop='Expiry'
DUPE: 2009819692707_Node0_Node8_Zero, Node1 id 2009819692707_Node0_Node8_Zero was a dupe; retransmit: 0, pkt_enqueue_time=2013006878371.404, pkt_dequeue_time=2013006878371.404, forwarded_or_dropped=1, reason_for_drop='Expiry'
DUPE: 2009983638785_Node0_Node8_Zero, Node1 id 2009983638785_Node0_Node8_Zero was a dupe; retransmit: 0, pkt_enqueue_time=2013011978025.9495, pkt_dequeue_time=2013011978025.9495, forwarded_or_dropped=1, reason_for_drop='Expiry'
DUPE: 2009967244087_Node0_Node8_Zero, Node1 id 2009967244087_Node0_Node8_Zero was a dupe; retransmit: 0, pkt_enqueue_time=2013017097680.4949, pkt_dequeue_time=2013017097680.4949, forwarded_or_dropped=1, reason_for_drop='Expiry'
DUPE: 2009795097720_Node0_Node8_Zero, Node1 id 2009795097720_Node0_Node8_Zero was a dupe; retransmit: 0, pkt_enqueue_time=2013022277335.0403, pkt_dequeue_time=2013022277335.0403, forwarded_or_dropped=1, reason_for_drop='Expiry'
DUPE: 2009811494600_Node0_Node8_Zero, Node1 id 2009811494600_Node0_Node8_Zero was a dupe; retransmit: 0, pkt_enqueue_time=2013027556989.5857, pkt_dequeue_time=2013027556989.5857, forwarded_or_dropped=1, reason_for_drop='Expiry'
DUPE: 2009745909670_Node0_Node8_Zero, Node1 id 2009745909670_Node0_Node8_Zero was a dupe; retransmit: 0, pkt_enqueue_time=2013032976644.131, pkt_dequeue_time=2013032976644.131, forwarded_or_dropped=1, reason_for_drop='Expiry'
DUPE: 2009991831034_Node0_Node8_Zero, Node1 id 2009991831034_Node0_Node8_Zero was a dupe; retransmit: 0, pkt_enqueue_time=2013038436298.6765, pkt_dequeue_time=2013038436298.6765, forwarded_or_dropped=1, reason_for_drop='Expiry'
DUPE: 2003663918555_Node0_Node8_Zero, Node3 id 2003663918555_Node0_Node8_Zero was a dupe; retransmit: 0, pkt_enqueue_time=2013040696395.86, pkt_dequeue_time=2013040696395.86, forwarded_or_dropped=1, reason_for_drop='Expiry'
DUPE: 2009975437130_Node0_Node8_Zero, Node1 id 2009975437130_Node0_Node8_Zero was a dupe; retransmit: 0, pkt_enqueue_time=2013044295953.222, pkt_dequeue_time=2013044295953.222, forwarded_or_dropped=1, reason_for_drop='Expiry'
DUPE: 2010000028131_Node0_Node8_Zero, Node1 id 2010000028131_Node0_Node8_Zero was a dupe; retransmit: 0, pkt_enqueue_time=2013050235607.7673, pkt_dequeue_time=2013050235607.7673, forwarded_or_dropped=1, reason_for_drop='Expiry'
DUPE: 2009893465532_Node0_Node8_Zero, Node1 id 2009893465532_Node0_Node8_Zero was a dupe; retransmit: 0, pkt_enqueue_time=2013056695262.3127, pkt_dequeue_time=2013056695262.3127, forwarded_or_dropped=1, reason_for_drop='Expiry'
DUPE: 2009901667174_Node0_Node8_Zero, Node1 id 2009901667174_Node0_Node8_Zero was a dupe; retransmit: 0, pkt_enqueue_time=2013059262134.3127, pkt_dequeue_time=2013059262134.3127, forwarded_or_dropped=1, reason_for_drop='Expiry'
DUPE: 2006081974186_Node0_Node8_Zero, Node3 id 2006081974186_Node0_Node8_Zero was a dupe; retransmit: 0, pkt_enqueue_time=2013061602231.4055, pkt_dequeue_time=2013061602231.4055, forwarded_or_dropped=1, reason_for_drop='Expiry'
DUPE: 2009877068515_Node0_Node8_Zero, Node1 id 2009877068515_Node0_Node8_Zero was a dupe; retransmit: 0, pkt_enqueue_time=2013065961788.8582, pkt_dequeue_time=2013065961788.8582, forwarded_or_dropped=1, reason_for_drop='Expiry'
DUPE: 2009868874825_Node0_Node8_Zero, Node1 id 2009868874825_Node0_Node8_Zero was a dupe; retransmit: 0, pkt_enqueue_time=2013072861443.4036, pkt_dequeue_time=2013072861443.4036, forwarded_or_dropped=1, reason_for_drop='Expiry'
DUPE: 2004598375872_Node0_Node8_Zero, Node3 id 2004598375872_Node0_Node8_Zero was a dupe; retransmit: 0, pkt_enqueue_time=2013081026539.951, pkt_dequeue_time=2013081026539.951, forwarded_or_dropped=1, reason_for_drop='Expiry'
DUPE: 2009516430801_Node0_Node8_Zero, Node1 id 2009516430801_Node0_Node8_Zero was a dupe; retransmit: 0, pkt_enqueue_time=2013082953097.949, pkt_dequeue_time=2013082953097.949, forwarded_or_dropped=1, reason_for_drop='Expiry'
DUPE: 2004590183966_Node0_Node8_Zero, Node3 id 2004590183966_Node0_Node8_Zero was a dupe; retransmit: 0, pkt_enqueue_time=2013094445848.949, pkt_dequeue_time=2013094445848.949, forwarded_or_dropped=1, reason_for_drop='Expiry'
DUPE: 2009393472355_Node0_Node8_Zero, Node1 id 2009393472355_Node0_Node8_Zero was a dupe; retransmit: 0, pkt_enqueue_time=2013110182274.4944, pkt_dequeue_time=2013110182274.4944, forwarded_or_dropped=1, reason_for_drop='Expiry'
DUPE: 2009573793510_Node0_Node8_Zero, Node1 id 2009573793510_Node0_Node8_Zero was a dupe; retransmit: 0, pkt_enqueue_time=2013128888801.0398, pkt_dequeue_time=2013128888801.0398, forwarded_or_dropped=1, reason_for_drop='Expiry'
DUPE: 2009598383277_Node0_Node8_Zero, Node1 id 2009598383277_Node0_Node8_Zero was a dupe; retransmit: 0, pkt_enqueue_time=2013147328455.5852, pkt_dequeue_time=2013147328455.5852, forwarded_or_dropped=1, reason_for_drop='Expiry'
DUPE: 2009606581403_Node0_Node8_Zero, Node1 id 2009606581403_Node0_Node8_Zero was a dupe; retransmit: 0, pkt_enqueue_time=2013151655327.5852, pkt_dequeue_time=2013151655327.5852, forwarded_or_dropped=1, reason_for_drop='Expiry'
DUPE: 2003844253686_Node0_Node8_Zero, Node3 id 2003844253686_Node0_Node8_Zero was a dupe; retransmit: 0, pkt_enqueue_time=2013156271300.6763, pkt_dequeue_time=2013156271300.6763, forwarded_or_dropped=1, reason_for_drop='Expiry'
DUPE: 2009180369545_Node0_Node8_Zero, Node2 id 2009180369545_Node0_Node8_Zero was a dupe; retransmit: 0, pkt_enqueue_time=2013172483270.4033, pkt_dequeue_time=2013172483270.4033, forwarded_or_dropped=1, reason_for_drop='Expiry'
DUPE: 2009188566063_Node0_Node8_Zero, Node2 id 2009188566063_Node0_Node8_Zero was a dupe; retransmit: 0, pkt_enqueue_time=2013176629796.9487, pkt_dequeue_time=2013176629796.9487, forwarded_or_dropped=1, reason_for_drop='Expiry'
DUPE: 2009122989535_Node0_Node8_Zero, Node1 id 2009122989535_Node0_Node8_Zero was a dupe; retransmit: 0, pkt_enqueue_time=2013192576893.676, pkt_dequeue_time=2013192576893.676, forwarded_or_dropped=1, reason_for_drop='Expiry'
DUPE: 2003852454887_Node0_Node8_Zero, Node3 id 2003852454887_Node0_Node8_Zero was a dupe; retransmit: 0, pkt_enqueue_time=2013196070990.7668, pkt_dequeue_time=2013196070990.7668, forwarded_or_dropped=1, reason_for_drop='Expiry'
Called Update: UpdateRouteCalls = 0, force = False
Node.py: (Node1)@2013200000000.0: Updated MCS from 0 to 0, hist=deque([4.0, 0.16666666666666666, 0.0, 0.0, 0.011904761904761904], maxlen=5), packets_serviced=1, packets_received=84
Called Update: UpdateRouteCalls = 1, force = False
Node.py: (Node2)@2013200000000.0: Updated MCS from 0 to 0, hist=deque([0.47619047619047616, 4.3, 11.5, 0.0, 0.0], maxlen=5), packets_serviced=0, packets_received=3
Called Update: UpdateRouteCalls = 2, force = False
Node.py: (Node3)@2013200000000.0: Updated MCS from 3 to 3, hist=deque([0.4166666666666667, 0.48, 0.21568627450980393, 0.0, 0.0], maxlen=5), packets_serviced=0, packets_received=30
Called Update: UpdateRouteCalls = 3, force = False
Called Update: UpdateRouteCalls = 4, force = False
Called Update: UpdateRouteCalls = 5, force = False
Called Update: UpdateRouteCalls = 6, force = False
Called Update: UpdateRouteCalls = 7, force = False
Called Update: UpdateRouteCalls = 8, force = False
Called Update: UpdateRouteCalls = 9, force = False
!! UPDATING !!
routeNo, updatedMCSIndex =  0 [0, 0, 0, 3, 0, 3, 3, 0]
DUPE: 2003860650973_Node0_Node8_Zero, Node3 id 2003860650973_Node0_Node8_Zero was a dupe; retransmit: 0, pkt_enqueue_time=2013205517862.7668, pkt_dequeue_time=2013205517862.7668, forwarded_or_dropped=1, reason_for_drop='Expiry'
DUPE: 2006409867759_Node0_Node8_Zero, Node1 id 2006409867759_Node0_Node8_Zero was a dupe; retransmit: 0, pkt_enqueue_time=2013212776548.2214, pkt_dequeue_time=2013212776548.2214, forwarded_or_dropped=1, reason_for_drop='Expiry'
DUPE: 2003458996195_Node0_Node8_Zero, Node3 id 2003458996195_Node0_Node8_Zero was a dupe; retransmit: 0, pkt_enqueue_time=2013224929575.3123, pkt_dequeue_time=2013224929575.3123, forwarded_or_dropped=1, reason_for_drop='Expiry'
DUPE: 2003467188548_Node0_Node8_Zero, Node3 id 2003467188548_Node0_Node8_Zero was a dupe; retransmit: 0, pkt_enqueue_time=2013224929575.3123, pkt_dequeue_time=2013224929575.3123, forwarded_or_dropped=1, reason_for_drop='Expiry'
DUPE: 2006032794135_Node0_Node8_Zero, Node1 id 2006032794135_Node0_Node8_Zero was a dupe; retransmit: 0, pkt_enqueue_time=2013232996202.7668, pkt_dequeue_time=2013232996202.7668, forwarded_or_dropped=1, reason_for_drop='Expiry'
DUPE: 2003737698949_Node0_Node8_Zero, Node3 id 2003737698949_Node0_Node8_Zero was a dupe; retransmit: 0, pkt_enqueue_time=2013245253461.9487, pkt_dequeue_time=2013245253461.9487, forwarded_or_dropped=1, reason_for_drop='Expiry'
DUPE: 2009073816536_Node0_Node8_Zero, Node1 id 2009073816536_Node0_Node8_Zero was a dupe; retransmit: 0, pkt_enqueue_time=2013255762729.3123, pkt_dequeue_time=2013255762729.3123, forwarded_or_dropped=1, reason_for_drop='Expiry'
DUPE: 2009114796599_Node0_Node8_Zero, Node3 id 2009114796599_Node0_Node8_Zero was a dupe; retransmit: 0, pkt_enqueue_time=2013265514756.4941, pkt_dequeue_time=2013265514756.4941, forwarded_or_dropped=1, reason_for_drop='Expiry'
DUPE: 2002663916552_Node0_Node8_Zero, Node1 id 2002663916552_Node0_Node8_Zero was a dupe; retransmit: 0, pkt_enqueue_time=2013276162383.8577, pkt_dequeue_time=2013276162383.8577, forwarded_or_dropped=1, reason_for_drop='Expiry'
DUPE: 2002672117883_Node0_Node8_Zero, Node1 id 2002672117883_Node0_Node8_Zero was a dupe; retransmit: 0, pkt_enqueue_time=2013276162383.8577, pkt_dequeue_time=2013276162383.8577, forwarded_or_dropped=1, reason_for_drop='Expiry'
DUPE: 2002680316896_Node0_Node8_Zero, Node1 id 2002680316896_Node0_Node8_Zero was a dupe; retransmit: 0, pkt_enqueue_time=2013281599255.8577, pkt_dequeue_time=2013281599255.8577, forwarded_or_dropped=1, reason_for_drop='Expiry'
DUPE: 2004016382467_Node0_Node8_Zero, Node3 id 2004016382467_Node0_Node8_Zero was a dupe; retransmit: 0, pkt_enqueue_time=2013287263059.0396, pkt_dequeue_time=2013287263059.0396, forwarded_or_dropped=1, reason_for_drop='Expiry'
DUPE: 2004024581002_Node0_Node8_Zero, Node3 id 2004024581002_Node0_Node8_Zero was a dupe; retransmit: 0, pkt_enqueue_time=2013287263059.0396, pkt_dequeue_time=2013287263059.0396, forwarded_or_dropped=1, reason_for_drop='Expiry'
DUPE: 2005827859641_Node0_Node8_Zero, Node1 id 2005827859641_Node0_Node8_Zero was a dupe; retransmit: 0, pkt_enqueue_time=2013302181092.2212, pkt_dequeue_time=2013302181092.2212, forwarded_or_dropped=1, reason_for_drop='Expiry'
DUPE: 2004245900960_Node0_Node8_Zero, Node3 id 2004245900960_Node0_Node8_Zero was a dupe; retransmit: 0, pkt_enqueue_time=2013308227632.676, pkt_dequeue_time=2013308227632.676, forwarded_or_dropped=1, reason_for_drop='Expiry'
DUPE: 2004254101650_Node0_Node8_Zero, Node3 id 2004254101650_Node0_Node8_Zero was a dupe; retransmit: 0, pkt_enqueue_time=2013308227632.676, pkt_dequeue_time=2013308227632.676, forwarded_or_dropped=1, reason_for_drop='Expiry'
DUPE: 2000524576362_Node0_Node8_Zero, Node1 id 2000524576362_Node0_Node8_Zero was a dupe; retransmit: 0, pkt_enqueue_time=2013322080746.7666, pkt_dequeue_time=2013322080746.7666, forwarded_or_dropped=1, reason_for_drop='Expiry'
DUPE: 2000557359047_Node0_Node8_Zero, Node1 id 2000557359047_Node0_Node8_Zero was a dupe; retransmit: 0, pkt_enqueue_time=2013324097618.7666, pkt_dequeue_time=2013324097618.7666, forwarded_or_dropped=1, reason_for_drop='Expiry'
DUPE: 2000565560315_Node0_Node8_Zero, Node1 id 2000565560315_Node0_Node8_Zero was a dupe; retransmit: 0, pkt_enqueue_time=2013324097618.7666, pkt_dequeue_time=2013324097618.7666, forwarded_or_dropped=1, reason_for_drop='Expiry'
DUPE: 2004680333265_Node0_Node8_Zero, Node3 id 2004680333265_Node0_Node8_Zero was a dupe; retransmit: 0, pkt_enqueue_time=2013330679835.3125, pkt_dequeue_time=2013330679835.3125, forwarded_or_dropped=1, reason_for_drop='Expiry'
DUPE: 2002983583438_Node0_Node8_Zero, Node1 id 2002983583438_Node0_Node8_Zero was a dupe; retransmit: 0, pkt_enqueue_time=2013344940182.403, pkt_dequeue_time=2013344940182.403, forwarded_or_dropped=1, reason_for_drop='Expiry'
DUPE: 2003795073468_Node0_Node8_Zero, Node3 id 2003795073468_Node0_Node8_Zero was a dupe; retransmit: 0, pkt_enqueue_time=2013354899116.858, pkt_dequeue_time=2013354899116.858, forwarded_or_dropped=1, reason_for_drop='Expiry'
DUPE: 2002467192690_Node0_Node8_Zero, Node1 id 2002467192690_Node0_Node8_Zero was a dupe; retransmit: 0, pkt_enqueue_time=2013364939836.9485, pkt_dequeue_time=2013364939836.9485, forwarded_or_dropped=1, reason_for_drop='Expiry'
DUPE: 2004557394242_Node0_Node8_Zero, Node3 id 2004557394242_Node0_Node8_Zero was a dupe; retransmit: 0, pkt_enqueue_time=2013378174640.4033, pkt_dequeue_time=2013378174640.4033, forwarded_or_dropped=1, reason_for_drop='Expiry'
DUPE: 2009106604058_Node0_Node8_Zero, Node2 id 2009106604058_Node0_Node8_Zero was a dupe; retransmit: 0, pkt_enqueue_time=2013387409996.7666, pkt_dequeue_time=2013387409996.7666, forwarded_or_dropped=1, reason_for_drop='Expiry'
DUPE: 2004573789832_Node0_Node8_Zero, Node3 id 2004573789832_Node0_Node8_Zero was a dupe; retransmit: 0, pkt_enqueue_time=2013390386814.5847, pkt_dequeue_time=2013390386814.5847, forwarded_or_dropped=1, reason_for_drop='Expiry'
DUPE: 2000409829172_Node0_Node8_Zero, Node1 id 2000409829172_Node0_Node8_Zero was a dupe; retransmit: 0, pkt_enqueue_time=2013405911327.8574, pkt_dequeue_time=2013405911327.8574, forwarded_or_dropped=1, reason_for_drop='Expiry'
DUPE: 2000426224713_Node0_Node8_Zero, Node1 id 2000426224713_Node0_Node8_Zero was a dupe; retransmit: 0, pkt_enqueue_time=2013407068199.8574, pkt_dequeue_time=2013407068199.8574, forwarded_or_dropped=1, reason_for_drop='Expiry'
DUPE: 2004393441270_Node0_Node8_Zero, Node3 id 2004393441270_Node0_Node8_Zero was a dupe; retransmit: 0, pkt_enqueue_time=2013412714003.1301, pkt_dequeue_time=2013412714003.1301, forwarded_or_dropped=1, reason_for_drop='Expiry'
DUPE: 2004401640053_Node0_Node8_Zero, Node3 id 2004401640053_Node0_Node8_Zero was a dupe; retransmit: 0, pkt_enqueue_time=2013412714003.1301, pkt_dequeue_time=2013412714003.1301, forwarded_or_dropped=1, reason_for_drop='Expiry'
DUPE: 2002909813534_Node0_Node8_Zero, Node1 id 2002909813534_Node0_Node8_Zero was a dupe; retransmit: 0, pkt_enqueue_time=2013428184036.221, pkt_dequeue_time=2013428184036.221, forwarded_or_dropped=1, reason_for_drop='Expiry'
DUPE: 2004901665852_Node0_Node8_Zero, Node3 id 2004901665852_Node0_Node8_Zero was a dupe; retransmit: 0, pkt_enqueue_time=2013434767132.7666, pkt_dequeue_time=2013434767132.7666, forwarded_or_dropped=1, reason_for_drop='Expiry'
DUPE: 2009082011528_Node0_Node8_Zero, Node1 id 2009082011528_Node0_Node8_Zero was a dupe; retransmit: 0, pkt_enqueue_time=2013449316690.7664, pkt_dequeue_time=2013449316690.7664, forwarded_or_dropped=1, reason_for_drop='Expiry'
DUPE: 2006065583031_Node0_Node8_Zero, Node1 id 2006065583031_Node0_Node8_Zero was a dupe; retransmit: 0, pkt_enqueue_time=2013470516345.3118, pkt_dequeue_time=2013470516345.3118, forwarded_or_dropped=1, reason_for_drop='Expiry'
DUPE: 2005770484200_Node0_Node8_Zero, Node1 id 2005770484200_Node0_Node8_Zero was a dupe; retransmit: 0, pkt_enqueue_time=2013491895999.8572, pkt_dequeue_time=2013491895999.8572, forwarded_or_dropped=1, reason_for_drop='Expiry'
DUPE: 2005778683032_Node0_Node8_Zero, Node1 id 2005778683032_Node0_Node8_Zero was a dupe; retransmit: 0, pkt_enqueue_time=2013497322871.8572, pkt_dequeue_time=2013497322871.8572, forwarded_or_dropped=1, reason_for_drop='Expiry'
DUPE: 2000475403345_Node0_Node8_Zero, Node1 id 2000475403345_Node0_Node8_Zero was a dupe; retransmit: 0, pkt_enqueue_time=2013518737526.4026, pkt_dequeue_time=2013518737526.4026, forwarded_or_dropped=1, reason_for_drop='Expiry'
DUPE: 2000483598218_Node0_Node8_Zero, Node1 id 2000483598218_Node0_Node8_Zero was a dupe; retransmit: 0, pkt_enqueue_time=2013518737526.4026, pkt_dequeue_time=2013518737526.4026, forwarded_or_dropped=1, reason_for_drop='Expiry'
DUPE: 2000672117093_Node0_Node8_Zero, Node1 id 2000672117093_Node0_Node8_Zero was a dupe; retransmit: 0, pkt_enqueue_time=2013540289090.039, pkt_dequeue_time=2013540289090.039, forwarded_or_dropped=1, reason_for_drop='Expiry'
DUPE: 2000680312800_Node0_Node8_Zero, Node1 id 2000680312800_Node0_Node8_Zero was a dupe; retransmit: 0, pkt_enqueue_time=2013540289090.039, pkt_dequeue_time=2013540289090.039, forwarded_or_dropped=1, reason_for_drop='Expiry'
DUPE: 2002745887853_Node0_Node8_Zero, Node1 id 2002745887853_Node0_Node8_Zero was a dupe; retransmit: 0, pkt_enqueue_time=2013562071653.6755, pkt_dequeue_time=2013562071653.6755, forwarded_or_dropped=1, reason_for_drop='Expiry'
DUPE: 2006008206288_Node0_Node8_Zero, Node1 id 2006008206288_Node0_Node8_Zero was a dupe; retransmit: 0, pkt_enqueue_time=2013583951308.221, pkt_dequeue_time=2013583951308.221, forwarded_or_dropped=1, reason_for_drop='Expiry'
Called Update: UpdateRouteCalls = 0, force = False
Node.py: (Node1)@2013600000000.0: Updated MCS from 0 to 1, hist=deque([0.16666666666666666, 0.0, 0.0, 0.011904761904761904, 0.0], maxlen=5), packets_serviced=0, packets_received=26
Called Update: UpdateRouteCalls = 1, force = False
Node.py: (Node2)@2013600000000.0: Updated MCS from 0 to 0, hist=deque([4.3, 11.5, 0.0, 0.0, 0.0], maxlen=5), packets_serviced=0, packets_received=1
Called Update: UpdateRouteCalls = 2, force = False
Node.py: (Node3)@2013600000000.0: Updated MCS from 3 to 3, hist=deque([0.48, 0.21568627450980393, 0.0, 0.0, 0.0], maxlen=5), packets_serviced=0, packets_received=18
Called Update: UpdateRouteCalls = 3, force = False
Called Update: UpdateRouteCalls = 4, force = False
Called Update: UpdateRouteCalls = 5, force = False
Called Update: UpdateRouteCalls = 6, force = False
Called Update: UpdateRouteCalls = 7, force = False
Called Update: UpdateRouteCalls = 8, force = False
Called Update: UpdateRouteCalls = 9, force = False
!! UPDATING !!
routeNo, updatedMCSIndex =  0 [0, 1, 0, 3, 0, 3, 3, 0]
DUPE: 2002926203767_Node0_Node8_Zero, Node1 id 2002926203767_Node0_Node8_Zero was a dupe; retransmit: 0, pkt_enqueue_time=2013605850962.7664, pkt_dequeue_time=2013605850962.7664, forwarded_or_dropped=1, reason_for_drop='Expiry'
DUPE: 2002540962328_Node0_Node8_Zero, Node1 id 2002540962328_Node0_Node8_Zero was a dupe; retransmit: 0, pkt_enqueue_time=2013627890617.3118, pkt_dequeue_time=2013627890617.3118, forwarded_or_dropped=1, reason_for_drop='Expiry'
DUPE: 2002549157666_Node0_Node8_Zero, Node1 id 2002549157666_Node0_Node8_Zero was a dupe; retransmit: 0, pkt_enqueue_time=2013627890617.3118, pkt_dequeue_time=2013627890617.3118, forwarded_or_dropped=1, reason_for_drop='Expiry'
DUPE: 2006196722153_Node0_Node8_Zero, Node1 id 2006196722153_Node0_Node8_Zero was a dupe; retransmit: 0, pkt_enqueue_time=2013650013180.9482, pkt_dequeue_time=2013650013180.9482, forwarded_or_dropped=1, reason_for_drop='Expiry'

Total number of generated packets: 3702
Total number of delivered packets: 3677 # Use all_stats.csv to check PDR
Average number of packets genetated every second: 264.42857142857144
Average number of packets delivered every second: 262.64285714285717
Standard deviation of packets genetated every second: 107.00047682518208
Standard deviation of packets delivered every second: 94.08097359103346
Average number of packets genetated every millisecond: 0.2644285714285714
Average number of packets delivered every millisecond: 0.2626428571428571
Standard deviation of packets genetated every millisecond: 0.5015038405045532
Standard deviation of packets delivered every millisecond: 0.4842713388089746
Average delay: 539.2470534203883
Standard deviation of delay: 1530.296747177213
Minimum delay: 0.5034359998535365
Maximum delay: 12995.372447579866
Total number of retransmissions: 10449
Node0
Avg Received Power: 3.55e-13, Node1: [Avg:3.08e-12, Max:1.58e-11, Min:5.26e-13], Node2: [Avg:3.25e-13, Max:2.02e-12, Min:1.31e-13], Node3: [Avg:4.23e-13, Max:1.55e-12, Min:8.41e-14], Node4: [Avg:6.09e-14, Max:8.87e-13, Min:3.29e-14], Node5: [Avg:5.49e-14, Max:5.10e-13, Min:2.10e-14], Node6: [Avg:9.66e-14, Max:1.73e-13, Min:2.10e-14], Node7: [Avg:1.90e-14, Max:1.22e-13, Min:1.07e-14], 
Avg INTF: 5.39e-13, Node1: [Avg:3.08e-12, Max:1.58e-11, Min:5.26e-13], Node2: [Avg:3.25e-13, Max:2.02e-12, Min:1.31e-13], Node3: [Avg:4.23e-13, Max:1.55e-12, Min:8.41e-14], Node4: [Avg:6.09e-14, Max:8.87e-13, Min:3.29e-14], Node5: [Avg:5.49e-14, Max:5.10e-13, Min:2.10e-14], Node6: [Avg:9.66e-14, Max:1.73e-13, Min:2.10e-14], Node7: [Avg:1.90e-14, Max:1.22e-13, Min:1.07e-14], 
Self Tx power: RTS: (Avg: 0.0204, Min: 0.0077, Max: 0.1594), CTS: (Avg: 0.0101, Min: 0.0077, Max: 0.0201), ACK: (Avg: nan, Min: inf, Max: -inf), Data: (Avg: 0.0190, Min: 0.0053, Max: 0.1594)
CTS retry: 503, ACK retry: 1731, # Receiver Drops: 31, # Pkts Receiver Drops: 31, # Sent ACKs: 0, # Pkts ACK sent for: 0, # Retransmissions: 2234, # Pkts Retransmitted: 2937, # Receptions: 0, # Pkts Received: 0, # Forwards: 324, # Pkts Forwarded: 775

Node1
Avg Received Power: 7.44e-13, Node0: [Avg:1.35e-12, Max:1.40e-11, Min:5.26e-13], Node2: [Avg:1.26e-12, Max:8.09e-12, Min:5.26e-13], Node3: [Avg:9.39e-13, Max:3.49e-12, Min:1.89e-13], Node4: [Avg:1.08e-13, Max:1.58e-12, Min:5.84e-14], Node5: [Avg:8.41e-14, Max:7.96e-13, Min:3.29e-14], Node6: [Avg:1.40e-13, Max:2.78e-13, Min:3.03e-14], Node7: [Avg:2.70e-14, Max:1.66e-13, Min:1.46e-14], 
Avg INTF: 5.42e-13, Node2: [Avg:1.26e-12, Max:8.09e-12, Min:5.26e-13], Node3: [Avg:9.39e-13, Max:3.49e-12, Min:1.89e-13], Node4: [Avg:1.08e-13, Max:1.58e-12, Min:5.84e-14], Node5: [Avg:8.41e-14, Max:7.96e-13, Min:3.29e-14], Node6: [Avg:1.40e-13, Max:2.78e-13, Min:3.03e-14], Node7: [Avg:2.70e-14, Max:1.66e-13, Min:1.46e-14], 
Self Tx power: RTS: (Avg: 0.0366, Min: 0.0077, Max: 0.1594), CTS: (Avg: 0.0100, Min: 0.0077, Max: 0.0201), ACK: (Avg: 0.0077, Min: 0.0077, Max: 0.0077), Data: (Avg: 0.0360, Min: 0.0053, Max: 0.1594)
CTS retry: 118, ACK retry: 462, # Receiver Drops: 719, # Pkts Receiver Drops: 926, # Sent ACKs: 1562, # Pkts ACK sent for: 2349, # Retransmissions: 580, # Pkts Retransmitted: 988, # Receptions: 1562, # Pkts Received: 2267, # Forwards: 443, # Pkts Forwarded: 999

Node2
Avg Received Power: 5.46e-13, Node0: [Avg:3.45e-13, Max:3.51e-12, Min:1.31e-13], Node1: [Avg:3.06e-12, Max:1.58e-11, Min:5.26e-13], Node3: [Avg:3.75e-12, Max:1.39e-11, Min:7.57e-13], Node4: [Avg:2.57e-13, Max:3.55e-12, Min:1.31e-13], Node5: [Avg:1.39e-13, Max:1.42e-12, Min:5.84e-14], Node6: [Avg:2.06e-13, Max:3.90e-13, Min:4.73e-14], Node7: [Avg:4.82e-14, Max:2.39e-13, Min:2.10e-14], 
Avg INTF: 4.69e-13, Node0: [Avg:3.45e-13, Max:3.51e-12, Min:1.31e-13], Node3: [Avg:3.75e-12, Max:1.39e-11, Min:7.57e-13], Node4: [Avg:2.57e-13, Max:3.55e-12, Min:1.31e-13], Node5: [Avg:1.39e-13, Max:1.42e-12, Min:5.84e-14], Node6: [Avg:2.06e-13, Max:3.90e-13, Min:4.73e-14], Node7: [Avg:4.82e-14, Max:2.39e-13, Min:2.10e-14], 
Self Tx power: RTS: (Avg: 0.0178, Min: 0.0077, Max: 0.0884), CTS: (Avg: 0.0108, Min: 0.0077, Max: 0.0201), ACK: (Avg: 0.0077, Min: 0.0077, Max: 0.0077), Data: (Avg: 0.0157, Min: 0.0053, Max: 0.0884)
CTS retry: 541, ACK retry: 1423, # Receiver Drops: 247, # Pkts Receiver Drops: 412, # Sent ACKs: 674, # Pkts ACK sent for: 1354, # Retransmissions: 1964, # Pkts Retransmitted: 2410, # Receptions: 674, # Pkts Received: 1297, # Forwards: 175, # Pkts Forwarded: 346

Node3
Avg Received Power: 6.75e-13, Node0: [Avg:1.50e-13, Max:1.56e-12, Min:5.84e-14], Node1: [Avg:7.60e-13, Max:3.94e-12, Min:1.31e-13], Node2: [Avg:1.26e-12, Max:8.09e-12, Min:5.26e-13], Node4: [Avg:9.51e-13, Max:1.42e-11, Min:5.26e-13], Node5: [Avg:3.32e-13, Max:3.19e-12, Min:1.31e-13], Node6: [Avg:3.88e-13, Max:7.73e-13, Min:8.41e-14], Node7: [Avg:6.15e-14, Max:3.73e-13, Min:3.29e-14], 
Avg INTF: 4.54e-13, Node0: [Avg:1.50e-13, Max:1.56e-12, Min:5.84e-14], Node1: [Avg:7.60e-13, Max:3.94e-12, Min:1.31e-13], Node4: [Avg:9.51e-13, Max:1.42e-11, Min:5.26e-13], Node5: [Avg:3.32e-13, Max:3.19e-12, Min:1.31e-13], Node6: [Avg:3.88e-13, Max:7.73e-13, Min:8.41e-14], Node7: [Avg:6.15e-14, Max:3.73e-13, Min:3.29e-14], 
Self Tx power: RTS: (Avg: 0.0460, Min: 0.0106, Max: 0.1411), CTS: (Avg: 0.0090, Min: 0.0077, Max: 0.0201), ACK: (Avg: 0.0077, Min: 0.0077, Max: 0.0077), Data: (Avg: 0.0460, Min: 0.0106, Max: 0.1411)
CTS retry: 54, ACK retry: 158, # Receiver Drops: 816, # Pkts Receiver Drops: 971, # Sent ACKs: 1221, # Pkts ACK sent for: 1632, # Retransmissions: 212, # Pkts Retransmitted: 376, # Receptions: 1221, # Pkts Received: 1543, # Forwards: 474, # Pkts Forwarded: 721

Node4
Avg Received Power: 4.46e-13, Node0: [Avg:8.54e-14, Max:8.76e-13, Min:3.29e-14], Node1: [Avg:3.10e-13, Max:1.75e-12, Min:5.84e-14], Node2: [Avg:3.37e-13, Max:2.02e-12, Min:1.31e-13], Node3: [Avg:3.75e-12, Max:1.39e-11, Min:7.57e-13], Node5: [Avg:1.32e-12, Max:1.27e-11, Min:5.26e-13], Node6: [Avg:8.48e-13, Max:1.74e-12, Min:1.89e-13], Node7: [Avg:1.35e-13, Max:6.63e-13, Min:5.84e-14], 
Avg INTF: 4.50e-13, Node0: [Avg:8.54e-14, Max:8.76e-13, Min:3.29e-14], Node1: [Avg:3.10e-13, Max:1.75e-12, Min:5.84e-14], Node2: [Avg:3.37e-13, Max:2.02e-12, Min:1.31e-13], Node5: [Avg:1.32e-12, Max:1.27e-11, Min:5.26e-13], Node6: [Avg:8.48e-13, Max:1.74e-12, Min:1.89e-13], Node7: [Avg:1.35e-13, Max:6.63e-13, Min:5.84e-14], 
Self Tx power: RTS: (Avg: 0.0132, Min: 0.0077, Max: 0.1436), CTS: (Avg: 0.0108, Min: 0.0077, Max: 0.0201), ACK: (Avg: 0.0077, Min: 0.0077, Max: 0.0077), Data: (Avg: 0.0107, Min: 0.0053, Max: 0.1436)
CTS retry: 77, ACK retry: 1265, # Receiver Drops: 282, # Pkts Receiver Drops: 346, # Sent ACKs: 518, # Pkts ACK sent for: 791, # Retransmissions: 1342, # Pkts Retransmitted: 1480, # Receptions: 518, # Pkts Received: 778, # Forwards: 123, # Pkts Forwarded: 287

Node5
Avg Received Power: 3.96e-13, Node0: [Avg:5.31e-14, Max:5.61e-13, Min:2.10e-14], Node1: [Avg:1.87e-13, Max:9.85e-13, Min:3.29e-14], Node2: [Avg:1.33e-13, Max:8.99e-13, Min:5.84e-14], Node3: [Avg:9.29e-13, Max:3.49e-12, Min:1.89e-13], Node4: [Avg:9.49e-13, Max:1.42e-11, Min:5.26e-13], Node6: [Avg:3.42e-12, Max:6.96e-12, Min:7.57e-13], Node7: [Avg:2.48e-13, Max:1.49e-12, Min:1.31e-13], 
Avg INTF: 2.87e-13, Node0: [Avg:5.31e-14, Max:5.61e-13, Min:2.10e-14], Node1: [Avg:1.87e-13, Max:9.85e-13, Min:3.29e-14], Node2: [Avg:1.33e-13, Max:8.99e-13, Min:5.84e-14], Node3: [Avg:9.29e-13, Max:3.49e-12, Min:1.89e-13], Node6: [Avg:3.42e-12, Max:6.96e-12, Min:7.57e-13], Node7: [Avg:2.48e-13, Max:1.49e-12, Min:1.31e-13], 
Self Tx power: RTS: (Avg: 0.0211, Min: 0.0077, Max: 0.1448), CTS: (Avg: 0.0106, Min: 0.0077, Max: 0.0201), ACK: (Avg: 0.0077, Min: 0.0077, Max: 0.0077), Data: (Avg: 0.0201, Min: 0.0053, Max: 0.1448)
CTS retry: 161, ACK retry: 856, # Receiver Drops: 383, # Pkts Receiver Drops: 414, # Sent ACKs: 1309, # Pkts ACK sent for: 1493, # Retransmissions: 1017, # Pkts Retransmitted: 1488, # Receptions: 1309, # Pkts Received: 1492, # Forwards: 141, # Pkts Forwarded: 199

Node6
Avg Received Power: 3.68e-13, Node0: [Avg:3.72e-14, Max:3.89e-13, Min:1.46e-14], Node1: [Avg:1.22e-13, Max:6.30e-13, Min:2.10e-14], Node2: [Avg:7.87e-14, Max:5.06e-13, Min:3.29e-14], Node3: [Avg:4.22e-13, Max:1.55e-12, Min:8.41e-14], Node4: [Avg:2.38e-13, Max:3.55e-12, Min:1.31e-13], Node5: [Avg:1.32e-12, Max:1.27e-11, Min:5.26e-13], Node7: [Avg:9.80e-13, Max:5.97e-12, Min:5.26e-13], 
Avg INTF: 2.11e-13, Node0: [Avg:3.72e-14, Max:3.89e-13, Min:1.46e-14], Node1: [Avg:1.22e-13, Max:6.30e-13, Min:2.10e-14], Node2: [Avg:7.87e-14, Max:5.06e-13, Min:3.29e-14], Node3: [Avg:4.22e-13, Max:1.55e-12, Min:8.41e-14], Node4: [Avg:2.38e-13, Max:3.55e-12, Min:1.31e-13], Node7: [Avg:9.80e-13, Max:5.97e-12, Min:5.26e-13], 
Self Tx power: RTS: (Avg: 0.0381, Min: 0.0106, Max: 0.0704), CTS: (Avg: 0.0092, Min: 0.0077, Max: 0.0201), ACK: (Avg: 0.0077, Min: 0.0077, Max: 0.0077), Data: (Avg: 0.0381, Min: 0.0106, Max: 0.0704)
CTS retry: 7, ACK retry: 94, # Receiver Drops: 198, # Pkts Receiver Drops: 248, # Sent ACKs: 938, # Pkts ACK sent for: 1394, # Retransmissions: 101, # Pkts Retransmitted: 192, # Receptions: 938, # Pkts Received: 1348, # Forwards: 249, # Pkts Forwarded: 399

Node7
Avg Received Power: 1.74e-13, Node0: [Avg:2.80e-14, Max:2.86e-13, Min:1.07e-14], Node1: [Avg:8.54e-14, Max:4.38e-13, Min:1.46e-14], Node2: [Avg:5.06e-14, Max:3.24e-13, Min:2.10e-14], Node3: [Avg:2.31e-13, Max:8.72e-13, Min:4.73e-14], Node4: [Avg:1.11e-13, Max:1.58e-12, Min:5.84e-14], Node5: [Avg:3.17e-13, Max:3.19e-12, Min:1.31e-13], Node6: [Avg:3.40e-12, Max:6.96e-12, Min:7.57e-13], 
Avg INTF: 1.05e-13, Node0: [Avg:2.80e-14, Max:2.86e-13, Min:1.07e-14], Node1: [Avg:8.54e-14, Max:4.38e-13, Min:1.46e-14], Node2: [Avg:5.06e-14, Max:3.24e-13, Min:2.10e-14], Node3: [Avg:2.31e-13, Max:8.72e-13, Min:4.73e-14], Node4: [Avg:1.11e-13, Max:1.58e-12, Min:5.84e-14], Node5: [Avg:3.17e-13, Max:3.19e-12, Min:1.31e-13], 
Self Tx power: RTS: (Avg: 0.0147, Min: 0.0077, Max: 0.0604), CTS: (Avg: 0.0093, Min: 0.0077, Max: 0.0201), ACK: (Avg: 0.0077, Min: 0.0077, Max: 0.0077), Data: (Avg: 0.0126, Min: 0.0053, Max: 0.0604)
CTS retry: 34, ACK retry: 501, # Receiver Drops: 52, # Pkts Receiver Drops: 92, # Sent ACKs: 315, # Pkts ACK sent for: 506, # Retransmissions: 535, # Pkts Retransmitted: 578, # Receptions: 315, # Pkts Received: 497, # Forwards: 116, # Pkts Forwarded: 224

Node8
Avg Received Power: 1.69e-13, Node0: [Avg:2.10e-14, Max:2.19e-13, Min:8.22e-15], Node1: [Avg:6.20e-14, Max:3.22e-13, Min:1.07e-14], Node2: [Avg:3.51e-14, Max:2.25e-13, Min:1.46e-14], Node3: [Avg:1.50e-13, Max:5.58e-13, Min:3.03e-14], Node4: [Avg:5.94e-14, Max:8.87e-13, Min:3.29e-14], Node5: [Avg:1.47e-13, Max:1.42e-12, Min:5.84e-14], Node6: [Avg:8.51e-13, Max:1.74e-12, Min:1.89e-13], Node7: [Avg:9.80e-13, Max:5.97e-12, Min:5.26e-13], 
Avg INTF: 7.72e-14, Node0: [Avg:2.10e-14, Max:2.19e-13, Min:8.22e-15], Node1: [Avg:6.20e-14, Max:3.22e-13, Min:1.07e-14], Node2: [Avg:3.51e-14, Max:2.25e-13, Min:1.46e-14], Node3: [Avg:1.50e-13, Max:5.58e-13, Min:3.03e-14], Node4: [Avg:5.94e-14, Max:8.87e-13, Min:3.29e-14], Node5: [Avg:1.47e-13, Max:1.42e-12, Min:5.84e-14], Node6: [Avg:8.51e-13, Max:1.74e-12, Min:1.89e-13], 
Self Tx power: RTS: (Avg: nan, Min: inf, Max: -inf), CTS: (Avg: nan, Min: inf, Max: -inf), ACK: (Avg: 0.0077, Min: 0.0077, Max: 0.0077), Data: (Avg: nan, Min: inf, Max: -inf)
CTS retry: 0, ACK retry: 0, # Receiver Drops: 122, # Pkts Receiver Drops: 162, # Sent ACKs: 663, # Pkts ACK sent for: 780, # Retransmissions: 0, # Pkts Retransmitted: 0, # Receptions: 663, # Pkts Received: 774, # Forwards: 0, # Pkts Forwarded: 0

Node9
Avg Received Power: 2.12e-13, Node0: [Avg:3.36e-13, Max:3.51e-12, Min:1.31e-13], Node1: [Avg:6.08e-13, Max:3.15e-12, Min:1.05e-13], Node2: [Avg:1.58e-13, Max:1.01e-12, Min:6.57e-14], Node3: [Avg:2.89e-13, Max:1.07e-12, Min:5.83e-14], Node4: [Avg:4.75e-14, Max:7.09e-13, Min:2.63e-14], Node5: [Avg:4.56e-14, Max:4.39e-13, Min:1.81e-14], Node6: [Avg:8.51e-14, Max:1.74e-13, Min:1.89e-14], Node7: [Avg:1.85e-14, Max:1.13e-13, Min:9.92e-15], 
Avg INTF: 1.92e-13, Node0: [Avg:3.36e-13, Max:3.51e-12, Min:1.31e-13], Node1: [Avg:6.08e-13, Max:3.15e-12, Min:1.05e-13], Node2: [Avg:1.58e-13, Max:1.01e-12, Min:6.57e-14], Node3: [Avg:2.89e-13, Max:1.07e-12, Min:5.83e-14], Node4: [Avg:4.75e-14, Max:7.09e-13, Min:2.63e-14], Node5: [Avg:4.56e-14, Max:4.39e-13, Min:1.81e-14], Node6: [Avg:8.51e-14, Max:1.74e-13, Min:1.89e-14], Node7: [Avg:1.85e-14, Max:1.13e-13, Min:9.92e-15], 
Self Tx power: RTS: (Avg: nan, Min: inf, Max: -inf), CTS: (Avg: nan, Min: inf, Max: -inf), ACK: (Avg: nan, Min: inf, Max: -inf), Data: (Avg: nan, Min: inf, Max: -inf)
CTS retry: 0, ACK retry: 0, # Receiver Drops: 0, # Pkts Receiver Drops: 0, # Sent ACKs: 0, # Pkts ACK sent for: 0, # Retransmissions: 0, # Pkts Retransmitted: 0, # Receptions: 0, # Pkts Received: 0, # Forwards: 0, # Pkts Forwarded: 0

