Transmitting_Power = 0.007663753805745297, Maximum_Transmitting_Power = 0.10059677066255387
MAX_Transmission_Range = 1223.8180011750112, MAX_Transmission_Range_Squared = 1497730.4999999998
parameters.py INITIALIZED
mobility parameters INITIALIZED
Seed: 7447
Traffic flows: 1
Trajectory Run No./ Mobility Model : TCPIPE_BSCAP_
Seed value: 7447
Mobility Model: TCPIPE_BSCAP_
Number of Nodes: 8 UAVs + 1 BS; Node Speed: 40 m/s
Data Rate: [1] Mbps
Percentage Node Failure: 0
TC_PIPE_mobility_ON: True
Transmitting_Power = 0.007663753805745297, Maximum_Transmitting_Power = 0.10059677066255387
MAX_Transmission_Range = 1223.8180011750112, MAX_Transmission_Range_Squared = 1497730.4999999998
parameters.py INITIALIZED
mobility parameters INITIALIZED
node.py: Node0 created with coordinates 0 4800 with routing power 0.007664
node.py: Node1 created with coordinates 1200 4800 with routing power 0.007664
node.py: Node2 created with coordinates 2400 4800 with routing power 0.007664
node.py: Node3 created with coordinates 3600 4800 with routing power 0.007664
node.py: Node4 created with coordinates 4800 4800 with routing power 0.007664
node.py: Node5 created with coordinates 6000 4800 with routing power 0.007664
node.py: Node6 created with coordinates 7200 4800 with routing power 0.007664
node.py: Node7 created with coordinates 8400 4800 with routing power 0.007664
node.py: Node8 created with coordinates 9600 4800 with routing power 0.007664
node.py: Node9 created with coordinates 4800 0 with routing power 0.007664
node.py: Node10 created with coordinates 4800 1200 with routing power 0.007664
node.py: Node11 created with coordinates 4800 2400 with routing power 0.007664
node.py: Node12 created with coordinates 4800 3600 with routing power 0.007664
node.py: Node13 created with coordinates 4800 6000 with routing power 0.007664
node.py: Node14 created with coordinates 4800 7200 with routing power 0.007664
node.py: Node15 created with coordinates 4800 8400 with routing power 0.007664
node.py: Node16 created with coordinates 4800 9600 with routing power 0.007664
node.py: Node17 created with coordinates 0 0 with routing power 0.007664
SIM_TIME_MOBILITY =  2014
MAX TRANSMISSION RANGE for all nodes - mobility.py =  1223.8180011750112
DATA_RATE =  [1]  No._Nodes =  17  Map_Size =  4000 x 4000
MOBILITY PROCESS (^) and NETWORK UPDATE (rf.updateNetworkTopology(env,nodes) HAS BEEN STARTED 
Multiple Targets located at  [[2000 4000]]
main.py: Progress: 0 / 2014
main.py: Progress: 1 / 2014
main.py: Progress: 2 / 2014
main.py: Progress: 3 / 2014
main.py: Progress: 4 / 2014
main.py: Progress: 5 / 2014
main.py: Progress: 6 / 2014
main.py: Progress: 7 / 2014
main.py: Progress: 8 / 2014
main.py: Progress: 9 / 2014
main.py: Progress: 10 / 2014
main.py: Progress: 11 / 2014
main.py: Progress: 12 / 2014
main.py: Progress: 13 / 2014
main.py: Progress: 14 / 2014
main.py: Progress: 15 / 2014
main.py: Progress: 16 / 2014
main.py: Progress: 17 / 2014
main.py: Progress: 18 / 2014
main.py: Progress: 19 / 2014
main.py: Progress: 20 / 2014
main.py: Progress: 21 / 2014
main.py: Progress: 22 / 2014
main.py: Progress: 23 / 2014
main.py: Progress: 24 / 2014
main.py: Progress: 25 / 2014
main.py: Progress: 26 / 2014
main.py: Progress: 27 / 2014
main.py: Progress: 28 / 2014
main.py: Progress: 29 / 2014
main.py: Progress: 30 / 2014
main.py: Progress: 31 / 2014
main.py: Progress: 32 / 2014
main.py: Progress: 33 / 2014
main.py: Progress: 34 / 2014
main.py: Progress: 35 / 2014
main.py: Progress: 36 / 2014
main.py: Progress: 37 / 2014
main.py: Progress: 38 / 2014
main.py: Progress: 39 / 2014
main.py: Progress: 40 / 2014
main.py: Progress: 41 / 2014
main.py: Progress: 42 / 2014
main.py: Progress: 43 / 2014
main.py: Progress: 44 / 2014
main.py: Progress: 45 / 2014
main.py: Progress: 46 / 2014
main.py: Progress: 47 / 2014
main.py: Progress: 48 / 2014
main.py: Progress: 49 / 2014
main.py: Progress: 50 / 2014
main.py: Progress: 51 / 2014
main.py: Progress: 52 / 2014
main.py: Progress: 53 / 2014
main.py: Progress: 54 / 2014
main.py: Progress: 55 / 2014
main.py: Progress: 56 / 2014
main.py: Progress: 57 / 2014
main.py: Progress: 58 / 2014
main.py: Progress: 59 / 2014
main.py: Progress: 60 / 2014
main.py: Progress: 61 / 2014
main.py: Progress: 62 / 2014
main.py: Progress: 63 / 2014
main.py: Progress: 64 / 2014
main.py: Progress: 65 / 2014
main.py: Progress: 66 / 2014
main.py: Progress: 67 / 2014
main.py: Progress: 68 / 2014
main.py: Progress: 69 / 2014
main.py: Progress: 70 / 2014
main.py: Progress: 71 / 2014
main.py: Progress: 72 / 2014
main.py: Progress: 73 / 2014
main.py: Progress: 74 / 2014
main.py: Progress: 75 / 2014
main.py: Progress: 76 / 2014
main.py: Progress: 77 / 2014
main.py: Progress: 78 / 2014
main.py: Progress: 79 / 2014
main.py: Progress: 80 / 2014
main.py: Progress: 81 / 2014
main.py: Progress: 82 / 2014
main.py: Progress: 83 / 2014
main.py: Progress: 84 / 2014
main.py: Progress: 85 / 2014
main.py: Progress: 86 / 2014
main.py: Progress: 87 / 2014
main.py: Progress: 88 / 2014
main.py: Progress: 89 / 2014
main.py: Progress: 90 / 2014
main.py: Progress: 91 / 2014
main.py: Progress: 92 / 2014
main.py: Progress: 93 / 2014
main.py: Progress: 94 / 2014
main.py: Progress: 95 / 2014
main.py: Progress: 96 / 2014
main.py: Progress: 97 / 2014
main.py: Progress: 98 / 2014
main.py: Progress: 99 / 2014
main.py: Progress: 100 / 2014
main.py: Progress: 101 / 2014
main.py: Progress: 102 / 2014
main.py: Progress: 103 / 2014
main.py: Progress: 104 / 2014
main.py: Progress: 105 / 2014
main.py: Progress: 106 / 2014
main.py: Progress: 107 / 2014
main.py: Progress: 108 / 2014
main.py: Progress: 109 / 2014
main.py: Progress: 110 / 2014
main.py: Progress: 111 / 2014
main.py: Progress: 112 / 2014
main.py: Progress: 113 / 2014
main.py: Progress: 114 / 2014
main.py: Progress: 115 / 2014
main.py: Progress: 116 / 2014
main.py: Progress: 117 / 2014
main.py: Progress: 118 / 2014
main.py: Progress: 119 / 2014
main.py: Progress: 120 / 2014
main.py: Progress: 121 / 2014
main.py: Progress: 122 / 2014
main.py: Progress: 123 / 2014
main.py: Progress: 124 / 2014
main.py: Progress: 125 / 2014
main.py: Progress: 126 / 2014
main.py: Progress: 127 / 2014
main.py: Progress: 128 / 2014
main.py: Progress: 129 / 2014
main.py: Progress: 130 / 2014
main.py: Progress: 131 / 2014
main.py: Progress: 132 / 2014
main.py: Progress: 133 / 2014
main.py: Progress: 134 / 2014
main.py: Progress: 135 / 2014
main.py: Progress: 136 / 2014
main.py: Progress: 137 / 2014
main.py: Progress: 138 / 2014
main.py: Progress: 139 / 2014
main.py: Progress: 140 / 2014
main.py: Progress: 141 / 2014
main.py: Progress: 142 / 2014
main.py: Progress: 143 / 2014
main.py: Progress: 144 / 2014
main.py: Progress: 145 / 2014
main.py: Progress: 146 / 2014
main.py: Progress: 147 / 2014
main.py: Progress: 148 / 2014
main.py: Progress: 149 / 2014
main.py: Progress: 150 / 2014
main.py: Progress: 151 / 2014
main.py: Progress: 152 / 2014
main.py: Progress: 153 / 2014
main.py: Progress: 154 / 2014
main.py: Progress: 155 / 2014
main.py: Progress: 156 / 2014
main.py: Progress: 157 / 2014
main.py: Progress: 158 / 2014
main.py: Progress: 159 / 2014
main.py: Progress: 160 / 2014
main.py: Progress: 161 / 2014
main.py: Progress: 162 / 2014
main.py: Progress: 163 / 2014
main.py: Progress: 164 / 2014
main.py: Progress: 165 / 2014
main.py: Progress: 166 / 2014
main.py: Progress: 167 / 2014
main.py: Progress: 168 / 2014
main.py: Progress: 169 / 2014
main.py: Progress: 170 / 2014
main.py: Progress: 171 / 2014
main.py: Progress: 172 / 2014
main.py: Progress: 173 / 2014
main.py: Progress: 174 / 2014
main.py: Progress: 175 / 2014
main.py: Progress: 176 / 2014
main.py: Progress: 177 / 2014
main.py: Progress: 178 / 2014
main.py: Progress: 179 / 2014
main.py: Progress: 180 / 2014
main.py: Progress: 181 / 2014
main.py: Progress: 182 / 2014
main.py: Progress: 183 / 2014
main.py: Progress: 184 / 2014
main.py: Progress: 185 / 2014
main.py: Progress: 186 / 2014
main.py: Progress: 187 / 2014
main.py: Progress: 188 / 2014
main.py: Progress: 189 / 2014
main.py: Progress: 190 / 2014
main.py: Progress: 191 / 2014
main.py: Progress: 192 / 2014
main.py: Progress: 193 / 2014
main.py: Progress: 194 / 2014
main.py: Progress: 195 / 2014
main.py: Progress: 196 / 2014
main.py: Progress: 197 / 2014
main.py: Progress: 198 / 2014
main.py: Progress: 199 / 2014
main.py: Progress: 200 / 2014
main.py: Progress: 201 / 2014
main.py: Progress: 202 / 2014
main.py: Progress: 203 / 2014
main.py: Progress: 204 / 2014
main.py: Progress: 205 / 2014
main.py: Progress: 206 / 2014
main.py: Progress: 207 / 2014
main.py: Progress: 208 / 2014
main.py: Progress: 209 / 2014
main.py: Progress: 210 / 2014
main.py: Progress: 211 / 2014
main.py: Progress: 212 / 2014
main.py: Progress: 213 / 2014
main.py: Progress: 214 / 2014
main.py: Progress: 215 / 2014
main.py: Progress: 216 / 2014
main.py: Progress: 217 / 2014
main.py: Progress: 218 / 2014
main.py: Progress: 219 / 2014
main.py: Progress: 220 / 2014
main.py: Progress: 221 / 2014
main.py: Progress: 222 / 2014
main.py: Progress: 223 / 2014
main.py: Progress: 224 / 2014
main.py: Progress: 225 / 2014
main.py: Progress: 226 / 2014
main.py: Progress: 227 / 2014
main.py: Progress: 228 / 2014
main.py: Progress: 229 / 2014
main.py: Progress: 230 / 2014
main.py: Progress: 231 / 2014
main.py: Progress: 232 / 2014
main.py: Progress: 233 / 2014
main.py: Progress: 234 / 2014
main.py: Progress: 235 / 2014
main.py: Progress: 236 / 2014
main.py: Progress: 237 / 2014
main.py: Progress: 238 / 2014
main.py: Progress: 239 / 2014
main.py: Progress: 240 / 2014
main.py: Progress: 241 / 2014
main.py: Progress: 242 / 2014
main.py: Progress: 243 / 2014
main.py: Progress: 244 / 2014
main.py: Progress: 245 / 2014
main.py: Progress: 246 / 2014
main.py: Progress: 247 / 2014
main.py: Progress: 248 / 2014
main.py: Progress: 249 / 2014
main.py: Progress: 250 / 2014
main.py: Progress: 251 / 2014
main.py: Progress: 252 / 2014
main.py: Progress: 253 / 2014
main.py: Progress: 254 / 2014
main.py: Progress: 255 / 2014
main.py: Progress: 256 / 2014
main.py: Progress: 257 / 2014
main.py: Progress: 258 / 2014
main.py: Progress: 259 / 2014
main.py: Progress: 260 / 2014
main.py: Progress: 261 / 2014
main.py: Progress: 262 / 2014
main.py: Progress: 263 / 2014
main.py: Progress: 264 / 2014
main.py: Progress: 265 / 2014
main.py: Progress: 266 / 2014
main.py: Progress: 267 / 2014
main.py: Progress: 268 / 2014
main.py: Progress: 269 / 2014
main.py: Progress: 270 / 2014
main.py: Progress: 271 / 2014
main.py: Progress: 272 / 2014
main.py: Progress: 273 / 2014
main.py: Progress: 274 / 2014
main.py: Progress: 275 / 2014
main.py: Progress: 276 / 2014
main.py: Progress: 277 / 2014
main.py: Progress: 278 / 2014
main.py: Progress: 279 / 2014
main.py: Progress: 280 / 2014
main.py: Progress: 281 / 2014
main.py: Progress: 282 / 2014
main.py: Progress: 283 / 2014
main.py: Progress: 284 / 2014
main.py: Progress: 285 / 2014
main.py: Progress: 286 / 2014
main.py: Progress: 287 / 2014
main.py: Progress: 288 / 2014
main.py: Progress: 289 / 2014
main.py: Progress: 290 / 2014
main.py: Progress: 291 / 2014
main.py: Progress: 292 / 2014
main.py: Progress: 293 / 2014
main.py: Progress: 294 / 2014
main.py: Progress: 295 / 2014
main.py: Progress: 296 / 2014
main.py: Progress: 297 / 2014
main.py: Progress: 298 / 2014
main.py: Progress: 299 / 2014
main.py: Progress: 300 / 2014
main.py: Progress: 301 / 2014
main.py: Progress: 302 / 2014
main.py: Progress: 303 / 2014
main.py: Progress: 304 / 2014
main.py: Progress: 305 / 2014
main.py: Progress: 306 / 2014
main.py: Progress: 307 / 2014
main.py: Progress: 308 / 2014
main.py: Progress: 309 / 2014
main.py: Progress: 310 / 2014
main.py: Progress: 311 / 2014
main.py: Progress: 312 / 2014
main.py: Progress: 313 / 2014
main.py: Progress: 314 / 2014
main.py: Progress: 315 / 2014
main.py: Progress: 316 / 2014
main.py: Progress: 317 / 2014
main.py: Progress: 318 / 2014
main.py: Progress: 319 / 2014
main.py: Progress: 320 / 2014
main.py: Progress: 321 / 2014
main.py: Progress: 322 / 2014
main.py: Progress: 323 / 2014
main.py: Progress: 324 / 2014
main.py: Progress: 325 / 2014
main.py: Progress: 326 / 2014
main.py: Progress: 327 / 2014
main.py: Progress: 328 / 2014
main.py: Progress: 329 / 2014
main.py: Progress: 330 / 2014
main.py: Progress: 331 / 2014
main.py: Progress: 332 / 2014
main.py: Progress: 333 / 2014
main.py: Progress: 334 / 2014
main.py: Progress: 335 / 2014
main.py: Progress: 336 / 2014
main.py: Progress: 337 / 2014
main.py: Progress: 338 / 2014
main.py: Progress: 339 / 2014
main.py: Progress: 340 / 2014
main.py: Progress: 341 / 2014
main.py: Progress: 342 / 2014
main.py: Progress: 343 / 2014
main.py: Progress: 344 / 2014
main.py: Progress: 345 / 2014
main.py: Progress: 346 / 2014
main.py: Progress: 347 / 2014
main.py: Progress: 348 / 2014
main.py: Progress: 349 / 2014
main.py: Progress: 350 / 2014
main.py: Progress: 351 / 2014
main.py: Progress: 352 / 2014
main.py: Progress: 353 / 2014
main.py: Progress: 354 / 2014
main.py: Progress: 355 / 2014
main.py: Progress: 356 / 2014
main.py: Progress: 357 / 2014
main.py: Progress: 358 / 2014
main.py: Progress: 359 / 2014
main.py: Progress: 360 / 2014
main.py: Progress: 361 / 2014
main.py: Progress: 362 / 2014
main.py: Progress: 363 / 2014
main.py: Progress: 364 / 2014
main.py: Progress: 365 / 2014
main.py: Progress: 366 / 2014
main.py: Progress: 367 / 2014
main.py: Progress: 368 / 2014
main.py: Progress: 369 / 2014
main.py: Progress: 370 / 2014
main.py: Progress: 371 / 2014
main.py: Progress: 372 / 2014
main.py: Progress: 373 / 2014
main.py: Progress: 374 / 2014
main.py: Progress: 375 / 2014
main.py: Progress: 376 / 2014
main.py: Progress: 377 / 2014
main.py: Progress: 378 / 2014
main.py: Progress: 379 / 2014
main.py: Progress: 380 / 2014
main.py: Progress: 381 / 2014
main.py: Progress: 382 / 2014
main.py: Progress: 383 / 2014
main.py: Progress: 384 / 2014
main.py: Progress: 385 / 2014
main.py: Progress: 386 / 2014
main.py: Progress: 387 / 2014
main.py: Progress: 388 / 2014
main.py: Progress: 389 / 2014
main.py: Progress: 390 / 2014
main.py: Progress: 391 / 2014
main.py: Progress: 392 / 2014
main.py: Progress: 393 / 2014
main.py: Progress: 394 / 2014
main.py: Progress: 395 / 2014
main.py: Progress: 396 / 2014
main.py: Progress: 397 / 2014
main.py: Progress: 398 / 2014
main.py: Progress: 399 / 2014
main.py: Progress: 400 / 2014
main.py: Progress: 401 / 2014
main.py: Progress: 402 / 2014
main.py: Progress: 403 / 2014
main.py: Progress: 404 / 2014
main.py: Progress: 405 / 2014
main.py: Progress: 406 / 2014
main.py: Progress: 407 / 2014
main.py: Progress: 408 / 2014
main.py: Progress: 409 / 2014
main.py: Progress: 410 / 2014
main.py: Progress: 411 / 2014
main.py: Progress: 412 / 2014
main.py: Progress: 413 / 2014
main.py: Progress: 414 / 2014
main.py: Progress: 415 / 2014
main.py: Progress: 416 / 2014
main.py: Progress: 417 / 2014
main.py: Progress: 418 / 2014
main.py: Progress: 419 / 2014
main.py: Progress: 420 / 2014
main.py: Progress: 421 / 2014
main.py: Progress: 422 / 2014
main.py: Progress: 423 / 2014
main.py: Progress: 424 / 2014
main.py: Progress: 425 / 2014
main.py: Progress: 426 / 2014
main.py: Progress: 427 / 2014
main.py: Progress: 428 / 2014
main.py: Progress: 429 / 2014
main.py: Progress: 430 / 2014
main.py: Progress: 431 / 2014
main.py: Progress: 432 / 2014
main.py: Progress: 433 / 2014
main.py: Progress: 434 / 2014
main.py: Progress: 435 / 2014
main.py: Progress: 436 / 2014
main.py: Progress: 437 / 2014
main.py: Progress: 438 / 2014
main.py: Progress: 439 / 2014
main.py: Progress: 440 / 2014
main.py: Progress: 441 / 2014
main.py: Progress: 442 / 2014
main.py: Progress: 443 / 2014
main.py: Progress: 444 / 2014
main.py: Progress: 445 / 2014
main.py: Progress: 446 / 2014
main.py: Progress: 447 / 2014
main.py: Progress: 448 / 2014
main.py: Progress: 449 / 2014
main.py: Progress: 450 / 2014
main.py: Progress: 451 / 2014
main.py: Progress: 452 / 2014
main.py: Progress: 453 / 2014
main.py: Progress: 454 / 2014
main.py: Progress: 455 / 2014
main.py: Progress: 456 / 2014
main.py: Progress: 457 / 2014
main.py: Progress: 458 / 2014
main.py: Progress: 459 / 2014
main.py: Progress: 460 / 2014
main.py: Progress: 461 / 2014
main.py: Progress: 462 / 2014
main.py: Progress: 463 / 2014
main.py: Progress: 464 / 2014
main.py: Progress: 465 / 2014
main.py: Progress: 466 / 2014
main.py: Progress: 467 / 2014
main.py: Progress: 468 / 2014
main.py: Progress: 469 / 2014
main.py: Progress: 470 / 2014
main.py: Progress: 471 / 2014
main.py: Progress: 472 / 2014
main.py: Progress: 473 / 2014
main.py: Progress: 474 / 2014
main.py: Progress: 475 / 2014
main.py: Progress: 476 / 2014
main.py: Progress: 477 / 2014
main.py: Progress: 478 / 2014
main.py: Progress: 479 / 2014
main.py: Progress: 480 / 2014
main.py: Progress: 481 / 2014
main.py: Progress: 482 / 2014
main.py: Progress: 483 / 2014
main.py: Progress: 484 / 2014
main.py: Progress: 485 / 2014
main.py: Progress: 486 / 2014
main.py: Progress: 487 / 2014
main.py: Progress: 488 / 2014
main.py: Progress: 489 / 2014
main.py: Progress: 490 / 2014
main.py: Progress: 491 / 2014
main.py: Progress: 492 / 2014
main.py: Progress: 493 / 2014
main.py: Progress: 494 / 2014
main.py: Progress: 495 / 2014
main.py: Progress: 496 / 2014
main.py: Progress: 497 / 2014
main.py: Progress: 498 / 2014
main.py: Progress: 499 / 2014
main.py: Progress: 500 / 2014
main.py: Progress: 501 / 2014
main.py: Progress: 502 / 2014
main.py: Progress: 503 / 2014
main.py: Progress: 504 / 2014
main.py: Progress: 505 / 2014
main.py: Progress: 506 / 2014
main.py: Progress: 507 / 2014
main.py: Progress: 508 / 2014
main.py: Progress: 509 / 2014
main.py: Progress: 510 / 2014
main.py: Progress: 511 / 2014
main.py: Progress: 512 / 2014
main.py: Progress: 513 / 2014
main.py: Progress: 514 / 2014
main.py: Progress: 515 / 2014
main.py: Progress: 516 / 2014
main.py: Progress: 517 / 2014
main.py: Progress: 518 / 2014
main.py: Progress: 519 / 2014
main.py: Progress: 520 / 2014
main.py: Progress: 521 / 2014
main.py: Progress: 522 / 2014
main.py: Progress: 523 / 2014
main.py: Progress: 524 / 2014
main.py: Progress: 525 / 2014
main.py: Progress: 526 / 2014
main.py: Progress: 527 / 2014
main.py: Progress: 528 / 2014
main.py: Progress: 529 / 2014
main.py: Progress: 530 / 2014
main.py: Progress: 531 / 2014
main.py: Progress: 532 / 2014
main.py: Progress: 533 / 2014
main.py: Progress: 534 / 2014
main.py: Progress: 535 / 2014
main.py: Progress: 536 / 2014
main.py: Progress: 537 / 2014
main.py: Progress: 538 / 2014
main.py: Progress: 539 / 2014
main.py: Progress: 540 / 2014
main.py: Progress: 541 / 2014
main.py: Progress: 542 / 2014
main.py: Progress: 543 / 2014
main.py: Progress: 544 / 2014
main.py: Progress: 545 / 2014
main.py: Progress: 546 / 2014
main.py: Progress: 547 / 2014
main.py: Progress: 548 / 2014
main.py: Progress: 549 / 2014
main.py: Progress: 550 / 2014
main.py: Progress: 551 / 2014
main.py: Progress: 552 / 2014
main.py: Progress: 553 / 2014
main.py: Progress: 554 / 2014
main.py: Progress: 555 / 2014
main.py: Progress: 556 / 2014
main.py: Progress: 557 / 2014
main.py: Progress: 558 / 2014
main.py: Progress: 559 / 2014
main.py: Progress: 560 / 2014
main.py: Progress: 561 / 2014
main.py: Progress: 562 / 2014
main.py: Progress: 563 / 2014
main.py: Progress: 564 / 2014
main.py: Progress: 565 / 2014
main.py: Progress: 566 / 2014
main.py: Progress: 567 / 2014
main.py: Progress: 568 / 2014
main.py: Progress: 569 / 2014
main.py: Progress: 570 / 2014
main.py: Progress: 571 / 2014
main.py: Progress: 572 / 2014
main.py: Progress: 573 / 2014
main.py: Progress: 574 / 2014
main.py: Progress: 575 / 2014
main.py: Progress: 576 / 2014
main.py: Progress: 577 / 2014
main.py: Progress: 578 / 2014
main.py: Progress: 579 / 2014
main.py: Progress: 580 / 2014
main.py: Progress: 581 / 2014
main.py: Progress: 582 / 2014
main.py: Progress: 583 / 2014
main.py: Progress: 584 / 2014
main.py: Progress: 585 / 2014
main.py: Progress: 586 / 2014
main.py: Progress: 587 / 2014
main.py: Progress: 588 / 2014
main.py: Progress: 589 / 2014
main.py: Progress: 590 / 2014
main.py: Progress: 591 / 2014
main.py: Progress: 592 / 2014
main.py: Progress: 593 / 2014
main.py: Progress: 594 / 2014
main.py: Progress: 595 / 2014
main.py: Progress: 596 / 2014
main.py: Progress: 597 / 2014
main.py: Progress: 598 / 2014
main.py: Progress: 599 / 2014
main.py: Progress: 600 / 2014
main.py: Progress: 601 / 2014
main.py: Progress: 602 / 2014
main.py: Progress: 603 / 2014
main.py: Progress: 604 / 2014
main.py: Progress: 605 / 2014
main.py: Progress: 606 / 2014
main.py: Progress: 607 / 2014
main.py: Progress: 608 / 2014
main.py: Progress: 609 / 2014
main.py: Progress: 610 / 2014
main.py: Progress: 611 / 2014
main.py: Progress: 612 / 2014
main.py: Progress: 613 / 2014
main.py: Progress: 614 / 2014
main.py: Progress: 615 / 2014
main.py: Progress: 616 / 2014
main.py: Progress: 617 / 2014
main.py: Progress: 618 / 2014
main.py: Progress: 619 / 2014
main.py: Progress: 620 / 2014
main.py: Progress: 621 / 2014
main.py: Progress: 622 / 2014
main.py: Progress: 623 / 2014
main.py: Progress: 624 / 2014
main.py: Progress: 625 / 2014
main.py: Progress: 626 / 2014
main.py: Progress: 627 / 2014
main.py: Progress: 628 / 2014
main.py: Progress: 629 / 2014
main.py: Progress: 630 / 2014
main.py: Progress: 631 / 2014
main.py: Progress: 632 / 2014
main.py: Progress: 633 / 2014
main.py: Progress: 634 / 2014
main.py: Progress: 635 / 2014
main.py: Progress: 636 / 2014
main.py: Progress: 637 / 2014
main.py: Progress: 638 / 2014
main.py: Progress: 639 / 2014
main.py: Progress: 640 / 2014
main.py: Progress: 641 / 2014
main.py: Progress: 642 / 2014
main.py: Progress: 643 / 2014
main.py: Progress: 644 / 2014
main.py: Progress: 645 / 2014
main.py: Progress: 646 / 2014
main.py: Progress: 647 / 2014
main.py: Progress: 648 / 2014
main.py: Progress: 649 / 2014
main.py: Progress: 650 / 2014
main.py: Progress: 651 / 2014
main.py: Progress: 652 / 2014
main.py: Progress: 653 / 2014
main.py: Progress: 654 / 2014
main.py: Progress: 655 / 2014
main.py: Progress: 656 / 2014
main.py: Progress: 657 / 2014
main.py: Progress: 658 / 2014
main.py: Progress: 659 / 2014
main.py: Progress: 660 / 2014
main.py: Progress: 661 / 2014
main.py: Progress: 662 / 2014
main.py: Progress: 663 / 2014
main.py: Progress: 664 / 2014
main.py: Progress: 665 / 2014
main.py: Progress: 666 / 2014
main.py: Progress: 667 / 2014
main.py: Progress: 668 / 2014
main.py: Progress: 669 / 2014
main.py: Progress: 670 / 2014
main.py: Progress: 671 / 2014
main.py: Progress: 672 / 2014
main.py: Progress: 673 / 2014
main.py: Progress: 674 / 2014
main.py: Progress: 675 / 2014
main.py: Progress: 676 / 2014
main.py: Progress: 677 / 2014
main.py: Progress: 678 / 2014
main.py: Progress: 679 / 2014
main.py: Progress: 680 / 2014
main.py: Progress: 681 / 2014
main.py: Progress: 682 / 2014
main.py: Progress: 683 / 2014
main.py: Progress: 684 / 2014
main.py: Progress: 685 / 2014
main.py: Progress: 686 / 2014
main.py: Progress: 687 / 2014
main.py: Progress: 688 / 2014
main.py: Progress: 689 / 2014
main.py: Progress: 690 / 2014
main.py: Progress: 691 / 2014
main.py: Progress: 692 / 2014
main.py: Progress: 693 / 2014
main.py: Progress: 694 / 2014
main.py: Progress: 695 / 2014
main.py: Progress: 696 / 2014
main.py: Progress: 697 / 2014
main.py: Progress: 698 / 2014
main.py: Progress: 699 / 2014
main.py: Progress: 700 / 2014
main.py: Progress: 701 / 2014
main.py: Progress: 702 / 2014
main.py: Progress: 703 / 2014
main.py: Progress: 704 / 2014
main.py: Progress: 705 / 2014
main.py: Progress: 706 / 2014
main.py: Progress: 707 / 2014
main.py: Progress: 708 / 2014
main.py: Progress: 709 / 2014
main.py: Progress: 710 / 2014
main.py: Progress: 711 / 2014
main.py: Progress: 712 / 2014
main.py: Progress: 713 / 2014
main.py: Progress: 714 / 2014
main.py: Progress: 715 / 2014
main.py: Progress: 716 / 2014
main.py: Progress: 717 / 2014
main.py: Progress: 718 / 2014
main.py: Progress: 719 / 2014
main.py: Progress: 720 / 2014
main.py: Progress: 721 / 2014
main.py: Progress: 722 / 2014
main.py: Progress: 723 / 2014
main.py: Progress: 724 / 2014
main.py: Progress: 725 / 2014
main.py: Progress: 726 / 2014
main.py: Progress: 727 / 2014
main.py: Progress: 728 / 2014
main.py: Progress: 729 / 2014
main.py: Progress: 730 / 2014
main.py: Progress: 731 / 2014
main.py: Progress: 732 / 2014
main.py: Progress: 733 / 2014
main.py: Progress: 734 / 2014
main.py: Progress: 735 / 2014
main.py: Progress: 736 / 2014
main.py: Progress: 737 / 2014
main.py: Progress: 738 / 2014
main.py: Progress: 739 / 2014
main.py: Progress: 740 / 2014
main.py: Progress: 741 / 2014
main.py: Progress: 742 / 2014
main.py: Progress: 743 / 2014
main.py: Progress: 744 / 2014
main.py: Progress: 745 / 2014
main.py: Progress: 746 / 2014
main.py: Progress: 747 / 2014
main.py: Progress: 748 / 2014
main.py: Progress: 749 / 2014
main.py: Progress: 750 / 2014
main.py: Progress: 751 / 2014
main.py: Progress: 752 / 2014
main.py: Progress: 753 / 2014
main.py: Progress: 754 / 2014
main.py: Progress: 755 / 2014
main.py: Progress: 756 / 2014
main.py: Progress: 757 / 2014
main.py: Progress: 758 / 2014
main.py: Progress: 759 / 2014
main.py: Progress: 760 / 2014
main.py: Progress: 761 / 2014
main.py: Progress: 762 / 2014
main.py: Progress: 763 / 2014
main.py: Progress: 764 / 2014
main.py: Progress: 765 / 2014
main.py: Progress: 766 / 2014
main.py: Progress: 767 / 2014
main.py: Progress: 768 / 2014
main.py: Progress: 769 / 2014
main.py: Progress: 770 / 2014
main.py: Progress: 771 / 2014
main.py: Progress: 772 / 2014
main.py: Progress: 773 / 2014
main.py: Progress: 774 / 2014
main.py: Progress: 775 / 2014
main.py: Progress: 776 / 2014
main.py: Progress: 777 / 2014
main.py: Progress: 778 / 2014
main.py: Progress: 779 / 2014
main.py: Progress: 780 / 2014
main.py: Progress: 781 / 2014
main.py: Progress: 782 / 2014
main.py: Progress: 783 / 2014
main.py: Progress: 784 / 2014
main.py: Progress: 785 / 2014
main.py: Progress: 786 / 2014
main.py: Progress: 787 / 2014
main.py: Progress: 788 / 2014
main.py: Progress: 789 / 2014
main.py: Progress: 790 / 2014
main.py: Progress: 791 / 2014
main.py: Progress: 792 / 2014
main.py: Progress: 793 / 2014
main.py: Progress: 794 / 2014
main.py: Progress: 795 / 2014
main.py: Progress: 796 / 2014
main.py: Progress: 797 / 2014
main.py: Progress: 798 / 2014
main.py: Progress: 799 / 2014
main.py: Progress: 800 / 2014
main.py: Progress: 801 / 2014
main.py: Progress: 802 / 2014
main.py: Progress: 803 / 2014
main.py: Progress: 804 / 2014
main.py: Progress: 805 / 2014
main.py: Progress: 806 / 2014
main.py: Progress: 807 / 2014
main.py: Progress: 808 / 2014
main.py: Progress: 809 / 2014
main.py: Progress: 810 / 2014
main.py: Progress: 811 / 2014
main.py: Progress: 812 / 2014
main.py: Progress: 813 / 2014
main.py: Progress: 814 / 2014
main.py: Progress: 815 / 2014
main.py: Progress: 816 / 2014
main.py: Progress: 817 / 2014
main.py: Progress: 818 / 2014
main.py: Progress: 819 / 2014
main.py: Progress: 820 / 2014
main.py: Progress: 821 / 2014
main.py: Progress: 822 / 2014
main.py: Progress: 823 / 2014
main.py: Progress: 824 / 2014
main.py: Progress: 825 / 2014
main.py: Progress: 826 / 2014
main.py: Progress: 827 / 2014
main.py: Progress: 828 / 2014
main.py: Progress: 829 / 2014
main.py: Progress: 830 / 2014
main.py: Progress: 831 / 2014
main.py: Progress: 832 / 2014
main.py: Progress: 833 / 2014
main.py: Progress: 834 / 2014
main.py: Progress: 835 / 2014
main.py: Progress: 836 / 2014
main.py: Progress: 837 / 2014
main.py: Progress: 838 / 2014
main.py: Progress: 839 / 2014
main.py: Progress: 840 / 2014
main.py: Progress: 841 / 2014
main.py: Progress: 842 / 2014
main.py: Progress: 843 / 2014
main.py: Progress: 844 / 2014
main.py: Progress: 845 / 2014
main.py: Progress: 846 / 2014
main.py: Progress: 847 / 2014
main.py: Progress: 848 / 2014
main.py: Progress: 849 / 2014
main.py: Progress: 850 / 2014
main.py: Progress: 851 / 2014
main.py: Progress: 852 / 2014
main.py: Progress: 853 / 2014
main.py: Progress: 854 / 2014
main.py: Progress: 855 / 2014
main.py: Progress: 856 / 2014
main.py: Progress: 857 / 2014
main.py: Progress: 858 / 2014
main.py: Progress: 859 / 2014
main.py: Progress: 860 / 2014
main.py: Progress: 861 / 2014
main.py: Progress: 862 / 2014
main.py: Progress: 863 / 2014
main.py: Progress: 864 / 2014
main.py: Progress: 865 / 2014
main.py: Progress: 866 / 2014
main.py: Progress: 867 / 2014
main.py: Progress: 868 / 2014
main.py: Progress: 869 / 2014
main.py: Progress: 870 / 2014
main.py: Progress: 871 / 2014
main.py: Progress: 872 / 2014
main.py: Progress: 873 / 2014
main.py: Progress: 874 / 2014
main.py: Progress: 875 / 2014
main.py: Progress: 876 / 2014
main.py: Progress: 877 / 2014
main.py: Progress: 878 / 2014
main.py: Progress: 879 / 2014
main.py: Progress: 880 / 2014
main.py: Progress: 881 / 2014
main.py: Progress: 882 / 2014
main.py: Progress: 883 / 2014
main.py: Progress: 884 / 2014
main.py: Progress: 885 / 2014
main.py: Progress: 886 / 2014
main.py: Progress: 887 / 2014
main.py: Progress: 888 / 2014
main.py: Progress: 889 / 2014
main.py: Progress: 890 / 2014
main.py: Progress: 891 / 2014
main.py: Progress: 892 / 2014
main.py: Progress: 893 / 2014
main.py: Progress: 894 / 2014
main.py: Progress: 895 / 2014
main.py: Progress: 896 / 2014
main.py: Progress: 897 / 2014
main.py: Progress: 898 / 2014
main.py: Progress: 899 / 2014
main.py: Progress: 900 / 2014
main.py: Progress: 901 / 2014
main.py: Progress: 902 / 2014
main.py: Progress: 903 / 2014
main.py: Progress: 904 / 2014
main.py: Progress: 905 / 2014
main.py: Progress: 906 / 2014
main.py: Progress: 907 / 2014
main.py: Progress: 908 / 2014
main.py: Progress: 909 / 2014
main.py: Progress: 910 / 2014
main.py: Progress: 911 / 2014
main.py: Progress: 912 / 2014
main.py: Progress: 913 / 2014
main.py: Progress: 914 / 2014
main.py: Progress: 915 / 2014
main.py: Progress: 916 / 2014
main.py: Progress: 917 / 2014
main.py: Progress: 918 / 2014
main.py: Progress: 919 / 2014
main.py: Progress: 920 / 2014
main.py: Progress: 921 / 2014
main.py: Progress: 922 / 2014
main.py: Progress: 923 / 2014
main.py: Progress: 924 / 2014
main.py: Progress: 925 / 2014
main.py: Progress: 926 / 2014
main.py: Progress: 927 / 2014
main.py: Progress: 928 / 2014
main.py: Progress: 929 / 2014
main.py: Progress: 930 / 2014
main.py: Progress: 931 / 2014
main.py: Progress: 932 / 2014
main.py: Progress: 933 / 2014
main.py: Progress: 934 / 2014
main.py: Progress: 935 / 2014
main.py: Progress: 936 / 2014
main.py: Progress: 937 / 2014
main.py: Progress: 938 / 2014
main.py: Progress: 939 / 2014
main.py: Progress: 940 / 2014
main.py: Progress: 941 / 2014
main.py: Progress: 942 / 2014
main.py: Progress: 943 / 2014
main.py: Progress: 944 / 2014
main.py: Progress: 945 / 2014
main.py: Progress: 946 / 2014
main.py: Progress: 947 / 2014
main.py: Progress: 948 / 2014
main.py: Progress: 949 / 2014
main.py: Progress: 950 / 2014
main.py: Progress: 951 / 2014
main.py: Progress: 952 / 2014
main.py: Progress: 953 / 2014
main.py: Progress: 954 / 2014
main.py: Progress: 955 / 2014
main.py: Progress: 956 / 2014
main.py: Progress: 957 / 2014
main.py: Progress: 958 / 2014
main.py: Progress: 959 / 2014
main.py: Progress: 960 / 2014
main.py: Progress: 961 / 2014
main.py: Progress: 962 / 2014
main.py: Progress: 963 / 2014
main.py: Progress: 964 / 2014
main.py: Progress: 965 / 2014
main.py: Progress: 966 / 2014
main.py: Progress: 967 / 2014
main.py: Progress: 968 / 2014
main.py: Progress: 969 / 2014
main.py: Progress: 970 / 2014
main.py: Progress: 971 / 2014
main.py: Progress: 972 / 2014
main.py: Progress: 973 / 2014
main.py: Progress: 974 / 2014
main.py: Progress: 975 / 2014
main.py: Progress: 976 / 2014
main.py: Progress: 977 / 2014
main.py: Progress: 978 / 2014
main.py: Progress: 979 / 2014
main.py: Progress: 980 / 2014
main.py: Progress: 981 / 2014
main.py: Progress: 982 / 2014
main.py: Progress: 983 / 2014
main.py: Progress: 984 / 2014
main.py: Progress: 985 / 2014
main.py: Progress: 986 / 2014
main.py: Progress: 987 / 2014
main.py: Progress: 988 / 2014
main.py: Progress: 989 / 2014
main.py: Progress: 990 / 2014
main.py: Progress: 991 / 2014
main.py: Progress: 992 / 2014
main.py: Progress: 993 / 2014
main.py: Progress: 994 / 2014
main.py: Progress: 995 / 2014
main.py: Progress: 996 / 2014
main.py: Progress: 997 / 2014
main.py: Progress: 998 / 2014
main.py: Progress: 999 / 2014
main.py: Progress: 1000 / 2014
main.py: Progress: 1001 / 2014
main.py: Progress: 1002 / 2014
main.py: Progress: 1003 / 2014
main.py: Progress: 1004 / 2014
main.py: Progress: 1005 / 2014
main.py: Progress: 1006 / 2014
main.py: Progress: 1007 / 2014
main.py: Progress: 1008 / 2014
main.py: Progress: 1009 / 2014
main.py: Progress: 1010 / 2014
main.py: Progress: 1011 / 2014
main.py: Progress: 1012 / 2014
main.py: Progress: 1013 / 2014
main.py: Progress: 1014 / 2014
main.py: Progress: 1015 / 2014
main.py: Progress: 1016 / 2014
main.py: Progress: 1017 / 2014
main.py: Progress: 1018 / 2014
main.py: Progress: 1019 / 2014
main.py: Progress: 1020 / 2014
main.py: Progress: 1021 / 2014
main.py: Progress: 1022 / 2014
main.py: Progress: 1023 / 2014
main.py: Progress: 1024 / 2014
main.py: Progress: 1025 / 2014
main.py: Progress: 1026 / 2014
main.py: Progress: 1027 / 2014
main.py: Progress: 1028 / 2014
main.py: Progress: 1029 / 2014
main.py: Progress: 1030 / 2014
main.py: Progress: 1031 / 2014
main.py: Progress: 1032 / 2014
main.py: Progress: 1033 / 2014
main.py: Progress: 1034 / 2014
main.py: Progress: 1035 / 2014
main.py: Progress: 1036 / 2014
main.py: Progress: 1037 / 2014
main.py: Progress: 1038 / 2014
main.py: Progress: 1039 / 2014
main.py: Progress: 1040 / 2014
main.py: Progress: 1041 / 2014
main.py: Progress: 1042 / 2014
main.py: Progress: 1043 / 2014
main.py: Progress: 1044 / 2014
main.py: Progress: 1045 / 2014
main.py: Progress: 1046 / 2014
main.py: Progress: 1047 / 2014
main.py: Progress: 1048 / 2014
main.py: Progress: 1049 / 2014
main.py: Progress: 1050 / 2014
main.py: Progress: 1051 / 2014
main.py: Progress: 1052 / 2014
main.py: Progress: 1053 / 2014
main.py: Progress: 1054 / 2014
main.py: Progress: 1055 / 2014
main.py: Progress: 1056 / 2014
main.py: Progress: 1057 / 2014
main.py: Progress: 1058 / 2014
main.py: Progress: 1059 / 2014
main.py: Progress: 1060 / 2014
main.py: Progress: 1061 / 2014
main.py: Progress: 1062 / 2014
main.py: Progress: 1063 / 2014
main.py: Progress: 1064 / 2014
main.py: Progress: 1065 / 2014
main.py: Progress: 1066 / 2014
main.py: Progress: 1067 / 2014
main.py: Progress: 1068 / 2014
main.py: Progress: 1069 / 2014
main.py: Progress: 1070 / 2014
main.py: Progress: 1071 / 2014
main.py: Progress: 1072 / 2014
main.py: Progress: 1073 / 2014
main.py: Progress: 1074 / 2014
main.py: Progress: 1075 / 2014
main.py: Progress: 1076 / 2014
main.py: Progress: 1077 / 2014
main.py: Progress: 1078 / 2014
main.py: Progress: 1079 / 2014
main.py: Progress: 1080 / 2014
main.py: Progress: 1081 / 2014
main.py: Progress: 1082 / 2014
main.py: Progress: 1083 / 2014
main.py: Progress: 1084 / 2014
main.py: Progress: 1085 / 2014
main.py: Progress: 1086 / 2014
main.py: Progress: 1087 / 2014
main.py: Progress: 1088 / 2014
main.py: Progress: 1089 / 2014
main.py: Progress: 1090 / 2014
main.py: Progress: 1091 / 2014
main.py: Progress: 1092 / 2014
main.py: Progress: 1093 / 2014
main.py: Progress: 1094 / 2014
main.py: Progress: 1095 / 2014
main.py: Progress: 1096 / 2014
main.py: Progress: 1097 / 2014
main.py: Progress: 1098 / 2014
main.py: Progress: 1099 / 2014
main.py: Progress: 1100 / 2014
main.py: Progress: 1101 / 2014
main.py: Progress: 1102 / 2014
main.py: Progress: 1103 / 2014
main.py: Progress: 1104 / 2014
main.py: Progress: 1105 / 2014
main.py: Progress: 1106 / 2014
main.py: Progress: 1107 / 2014
main.py: Progress: 1108 / 2014
main.py: Progress: 1109 / 2014
main.py: Progress: 1110 / 2014
main.py: Progress: 1111 / 2014
main.py: Progress: 1112 / 2014
main.py: Progress: 1113 / 2014
main.py: Progress: 1114 / 2014
main.py: Progress: 1115 / 2014
main.py: Progress: 1116 / 2014
main.py: Progress: 1117 / 2014
main.py: Progress: 1118 / 2014
main.py: Progress: 1119 / 2014
main.py: Progress: 1120 / 2014
main.py: Progress: 1121 / 2014
main.py: Progress: 1122 / 2014
main.py: Progress: 1123 / 2014
main.py: Progress: 1124 / 2014
main.py: Progress: 1125 / 2014
main.py: Progress: 1126 / 2014
main.py: Progress: 1127 / 2014
main.py: Progress: 1128 / 2014
main.py: Progress: 1129 / 2014
main.py: Progress: 1130 / 2014
main.py: Progress: 1131 / 2014
main.py: Progress: 1132 / 2014
main.py: Progress: 1133 / 2014
main.py: Progress: 1134 / 2014
main.py: Progress: 1135 / 2014
main.py: Progress: 1136 / 2014
main.py: Progress: 1137 / 2014
main.py: Progress: 1138 / 2014
main.py: Progress: 1139 / 2014
main.py: Progress: 1140 / 2014
main.py: Progress: 1141 / 2014
main.py: Progress: 1142 / 2014
main.py: Progress: 1143 / 2014
main.py: Progress: 1144 / 2014
main.py: Progress: 1145 / 2014
main.py: Progress: 1146 / 2014
main.py: Progress: 1147 / 2014
main.py: Progress: 1148 / 2014
main.py: Progress: 1149 / 2014
main.py: Progress: 1150 / 2014
main.py: Progress: 1151 / 2014
main.py: Progress: 1152 / 2014
main.py: Progress: 1153 / 2014
main.py: Progress: 1154 / 2014
main.py: Progress: 1155 / 2014
main.py: Progress: 1156 / 2014
main.py: Progress: 1157 / 2014
main.py: Progress: 1158 / 2014
main.py: Progress: 1159 / 2014
main.py: Progress: 1160 / 2014
main.py: Progress: 1161 / 2014
main.py: Progress: 1162 / 2014
main.py: Progress: 1163 / 2014
main.py: Progress: 1164 / 2014
main.py: Progress: 1165 / 2014
main.py: Progress: 1166 / 2014
main.py: Progress: 1167 / 2014
main.py: Progress: 1168 / 2014
main.py: Progress: 1169 / 2014
main.py: Progress: 1170 / 2014
main.py: Progress: 1171 / 2014
main.py: Progress: 1172 / 2014
main.py: Progress: 1173 / 2014
main.py: Progress: 1174 / 2014
main.py: Progress: 1175 / 2014
main.py: Progress: 1176 / 2014
main.py: Progress: 1177 / 2014
main.py: Progress: 1178 / 2014
main.py: Progress: 1179 / 2014
main.py: Progress: 1180 / 2014
main.py: Progress: 1181 / 2014
main.py: Progress: 1182 / 2014
main.py: Progress: 1183 / 2014
main.py: Progress: 1184 / 2014
main.py: Progress: 1185 / 2014
main.py: Progress: 1186 / 2014
main.py: Progress: 1187 / 2014
main.py: Progress: 1188 / 2014
main.py: Progress: 1189 / 2014
main.py: Progress: 1190 / 2014
main.py: Progress: 1191 / 2014
main.py: Progress: 1192 / 2014
main.py: Progress: 1193 / 2014
main.py: Progress: 1194 / 2014
main.py: Progress: 1195 / 2014
main.py: Progress: 1196 / 2014
main.py: Progress: 1197 / 2014
main.py: Progress: 1198 / 2014
main.py: Progress: 1199 / 2014
main.py: Progress: 1200 / 2014
main.py: Progress: 1201 / 2014
main.py: Progress: 1202 / 2014
main.py: Progress: 1203 / 2014
main.py: Progress: 1204 / 2014
main.py: Progress: 1205 / 2014
main.py: Progress: 1206 / 2014
main.py: Progress: 1207 / 2014
main.py: Progress: 1208 / 2014
main.py: Progress: 1209 / 2014
main.py: Progress: 1210 / 2014
main.py: Progress: 1211 / 2014
main.py: Progress: 1212 / 2014
main.py: Progress: 1213 / 2014
main.py: Progress: 1214 / 2014
main.py: Progress: 1215 / 2014
main.py: Progress: 1216 / 2014
main.py: Progress: 1217 / 2014
main.py: Progress: 1218 / 2014
main.py: Progress: 1219 / 2014
main.py: Progress: 1220 / 2014
main.py: Progress: 1221 / 2014
main.py: Progress: 1222 / 2014
main.py: Progress: 1223 / 2014
main.py: Progress: 1224 / 2014
main.py: Progress: 1225 / 2014
main.py: Progress: 1226 / 2014
main.py: Progress: 1227 / 2014
main.py: Progress: 1228 / 2014
main.py: Progress: 1229 / 2014
main.py: Progress: 1230 / 2014
main.py: Progress: 1231 / 2014
main.py: Progress: 1232 / 2014
main.py: Progress: 1233 / 2014
main.py: Progress: 1234 / 2014
main.py: Progress: 1235 / 2014
main.py: Progress: 1236 / 2014
main.py: Progress: 1237 / 2014
main.py: Progress: 1238 / 2014
main.py: Progress: 1239 / 2014
main.py: Progress: 1240 / 2014
main.py: Progress: 1241 / 2014
main.py: Progress: 1242 / 2014
main.py: Progress: 1243 / 2014
main.py: Progress: 1244 / 2014
main.py: Progress: 1245 / 2014
main.py: Progress: 1246 / 2014
main.py: Progress: 1247 / 2014
main.py: Progress: 1248 / 2014
main.py: Progress: 1249 / 2014
main.py: Progress: 1250 / 2014
main.py: Progress: 1251 / 2014
main.py: Progress: 1252 / 2014
main.py: Progress: 1253 / 2014
main.py: Progress: 1254 / 2014
main.py: Progress: 1255 / 2014
main.py: Progress: 1256 / 2014
main.py: Progress: 1257 / 2014
main.py: Progress: 1258 / 2014
main.py: Progress: 1259 / 2014
main.py: Progress: 1260 / 2014
main.py: Progress: 1261 / 2014
main.py: Progress: 1262 / 2014
main.py: Progress: 1263 / 2014
main.py: Progress: 1264 / 2014
main.py: Progress: 1265 / 2014
main.py: Progress: 1266 / 2014
main.py: Progress: 1267 / 2014
main.py: Progress: 1268 / 2014
main.py: Progress: 1269 / 2014
main.py: Progress: 1270 / 2014
main.py: Progress: 1271 / 2014
main.py: Progress: 1272 / 2014
main.py: Progress: 1273 / 2014
main.py: Progress: 1274 / 2014
main.py: Progress: 1275 / 2014
main.py: Progress: 1276 / 2014
main.py: Progress: 1277 / 2014
main.py: Progress: 1278 / 2014
main.py: Progress: 1279 / 2014
main.py: Progress: 1280 / 2014
main.py: Progress: 1281 / 2014
main.py: Progress: 1282 / 2014
main.py: Progress: 1283 / 2014
main.py: Progress: 1284 / 2014
main.py: Progress: 1285 / 2014
main.py: Progress: 1286 / 2014
main.py: Progress: 1287 / 2014
main.py: Progress: 1288 / 2014
main.py: Progress: 1289 / 2014
main.py: Progress: 1290 / 2014
main.py: Progress: 1291 / 2014
main.py: Progress: 1292 / 2014
main.py: Progress: 1293 / 2014
main.py: Progress: 1294 / 2014
main.py: Progress: 1295 / 2014
main.py: Progress: 1296 / 2014
main.py: Progress: 1297 / 2014
main.py: Progress: 1298 / 2014
main.py: Progress: 1299 / 2014
main.py: Progress: 1300 / 2014
main.py: Progress: 1301 / 2014
main.py: Progress: 1302 / 2014
main.py: Progress: 1303 / 2014
main.py: Progress: 1304 / 2014
main.py: Progress: 1305 / 2014
main.py: Progress: 1306 / 2014
main.py: Progress: 1307 / 2014
main.py: Progress: 1308 / 2014
main.py: Progress: 1309 / 2014
main.py: Progress: 1310 / 2014
main.py: Progress: 1311 / 2014
main.py: Progress: 1312 / 2014
main.py: Progress: 1313 / 2014
main.py: Progress: 1314 / 2014
main.py: Progress: 1315 / 2014
main.py: Progress: 1316 / 2014
main.py: Progress: 1317 / 2014
main.py: Progress: 1318 / 2014
main.py: Progress: 1319 / 2014
main.py: Progress: 1320 / 2014
main.py: Progress: 1321 / 2014
main.py: Progress: 1322 / 2014
main.py: Progress: 1323 / 2014
main.py: Progress: 1324 / 2014
main.py: Progress: 1325 / 2014
main.py: Progress: 1326 / 2014
main.py: Progress: 1327 / 2014
main.py: Progress: 1328 / 2014
main.py: Progress: 1329 / 2014
main.py: Progress: 1330 / 2014
main.py: Progress: 1331 / 2014
main.py: Progress: 1332 / 2014
main.py: Progress: 1333 / 2014
main.py: Progress: 1334 / 2014
main.py: Progress: 1335 / 2014
main.py: Progress: 1336 / 2014
main.py: Progress: 1337 / 2014
main.py: Progress: 1338 / 2014
main.py: Progress: 1339 / 2014
main.py: Progress: 1340 / 2014
main.py: Progress: 1341 / 2014
main.py: Progress: 1342 / 2014
main.py: Progress: 1343 / 2014
main.py: Progress: 1344 / 2014
main.py: Progress: 1345 / 2014
main.py: Progress: 1346 / 2014
main.py: Progress: 1347 / 2014
main.py: Progress: 1348 / 2014
main.py: Progress: 1349 / 2014
main.py: Progress: 1350 / 2014
main.py: Progress: 1351 / 2014
main.py: Progress: 1352 / 2014
main.py: Progress: 1353 / 2014
main.py: Progress: 1354 / 2014
main.py: Progress: 1355 / 2014
main.py: Progress: 1356 / 2014
main.py: Progress: 1357 / 2014
main.py: Progress: 1358 / 2014
main.py: Progress: 1359 / 2014
main.py: Progress: 1360 / 2014
main.py: Progress: 1361 / 2014
main.py: Progress: 1362 / 2014
main.py: Progress: 1363 / 2014
main.py: Progress: 1364 / 2014
main.py: Progress: 1365 / 2014
main.py: Progress: 1366 / 2014
main.py: Progress: 1367 / 2014
main.py: Progress: 1368 / 2014
main.py: Progress: 1369 / 2014
main.py: Progress: 1370 / 2014
main.py: Progress: 1371 / 2014
main.py: Progress: 1372 / 2014
main.py: Progress: 1373 / 2014
main.py: Progress: 1374 / 2014
main.py: Progress: 1375 / 2014
main.py: Progress: 1376 / 2014
main.py: Progress: 1377 / 2014
main.py: Progress: 1378 / 2014
main.py: Progress: 1379 / 2014
main.py: Progress: 1380 / 2014
main.py: Progress: 1381 / 2014
main.py: Progress: 1382 / 2014
main.py: Progress: 1383 / 2014
main.py: Progress: 1384 / 2014
main.py: Progress: 1385 / 2014
main.py: Progress: 1386 / 2014
main.py: Progress: 1387 / 2014
main.py: Progress: 1388 / 2014
main.py: Progress: 1389 / 2014
main.py: Progress: 1390 / 2014
main.py: Progress: 1391 / 2014
main.py: Progress: 1392 / 2014
main.py: Progress: 1393 / 2014
main.py: Progress: 1394 / 2014
main.py: Progress: 1395 / 2014
main.py: Progress: 1396 / 2014
main.py: Progress: 1397 / 2014
main.py: Progress: 1398 / 2014
main.py: Progress: 1399 / 2014
main.py: Progress: 1400 / 2014
main.py: Progress: 1401 / 2014
main.py: Progress: 1402 / 2014
main.py: Progress: 1403 / 2014
main.py: Progress: 1404 / 2014
main.py: Progress: 1405 / 2014
main.py: Progress: 1406 / 2014
main.py: Progress: 1407 / 2014
main.py: Progress: 1408 / 2014
main.py: Progress: 1409 / 2014
main.py: Progress: 1410 / 2014
main.py: Progress: 1411 / 2014
main.py: Progress: 1412 / 2014
main.py: Progress: 1413 / 2014
main.py: Progress: 1414 / 2014
main.py: Progress: 1415 / 2014
main.py: Progress: 1416 / 2014
main.py: Progress: 1417 / 2014
main.py: Progress: 1418 / 2014
main.py: Progress: 1419 / 2014
main.py: Progress: 1420 / 2014
main.py: Progress: 1421 / 2014
main.py: Progress: 1422 / 2014
main.py: Progress: 1423 / 2014
main.py: Progress: 1424 / 2014
main.py: Progress: 1425 / 2014
main.py: Progress: 1426 / 2014
main.py: Progress: 1427 / 2014
main.py: Progress: 1428 / 2014
main.py: Progress: 1429 / 2014
main.py: Progress: 1430 / 2014
main.py: Progress: 1431 / 2014
main.py: Progress: 1432 / 2014
main.py: Progress: 1433 / 2014
main.py: Progress: 1434 / 2014
main.py: Progress: 1435 / 2014
main.py: Progress: 1436 / 2014
main.py: Progress: 1437 / 2014
main.py: Progress: 1438 / 2014
main.py: Progress: 1439 / 2014
main.py: Progress: 1440 / 2014
main.py: Progress: 1441 / 2014
main.py: Progress: 1442 / 2014
main.py: Progress: 1443 / 2014
main.py: Progress: 1444 / 2014
main.py: Progress: 1445 / 2014
main.py: Progress: 1446 / 2014
main.py: Progress: 1447 / 2014
main.py: Progress: 1448 / 2014
main.py: Progress: 1449 / 2014
main.py: Progress: 1450 / 2014
main.py: Progress: 1451 / 2014
main.py: Progress: 1452 / 2014
main.py: Progress: 1453 / 2014
main.py: Progress: 1454 / 2014
main.py: Progress: 1455 / 2014
main.py: Progress: 1456 / 2014
main.py: Progress: 1457 / 2014
main.py: Progress: 1458 / 2014
main.py: Progress: 1459 / 2014
main.py: Progress: 1460 / 2014
main.py: Progress: 1461 / 2014
main.py: Progress: 1462 / 2014
main.py: Progress: 1463 / 2014
main.py: Progress: 1464 / 2014
main.py: Progress: 1465 / 2014
main.py: Progress: 1466 / 2014
main.py: Progress: 1467 / 2014
main.py: Progress: 1468 / 2014
main.py: Progress: 1469 / 2014
main.py: Progress: 1470 / 2014
main.py: Progress: 1471 / 2014
main.py: Progress: 1472 / 2014
main.py: Progress: 1473 / 2014
main.py: Progress: 1474 / 2014
main.py: Progress: 1475 / 2014
main.py: Progress: 1476 / 2014
main.py: Progress: 1477 / 2014
main.py: Progress: 1478 / 2014
main.py: Progress: 1479 / 2014
main.py: Progress: 1480 / 2014
main.py: Progress: 1481 / 2014
main.py: Progress: 1482 / 2014
main.py: Progress: 1483 / 2014
main.py: Progress: 1484 / 2014
main.py: Progress: 1485 / 2014
main.py: Progress: 1486 / 2014
main.py: Progress: 1487 / 2014
main.py: Progress: 1488 / 2014
main.py: Progress: 1489 / 2014
main.py: Progress: 1490 / 2014
main.py: Progress: 1491 / 2014
main.py: Progress: 1492 / 2014
main.py: Progress: 1493 / 2014
main.py: Progress: 1494 / 2014
main.py: Progress: 1495 / 2014
main.py: Progress: 1496 / 2014
main.py: Progress: 1497 / 2014
main.py: Progress: 1498 / 2014
main.py: Progress: 1499 / 2014
main.py: Progress: 1500 / 2014
main.py: Progress: 1501 / 2014
main.py: Progress: 1502 / 2014
main.py: Progress: 1503 / 2014
main.py: Progress: 1504 / 2014
main.py: Progress: 1505 / 2014
main.py: Progress: 1506 / 2014
main.py: Progress: 1507 / 2014
main.py: Progress: 1508 / 2014
main.py: Progress: 1509 / 2014
main.py: Progress: 1510 / 2014
main.py: Progress: 1511 / 2014
main.py: Progress: 1512 / 2014
main.py: Progress: 1513 / 2014
main.py: Progress: 1514 / 2014
main.py: Progress: 1515 / 2014
main.py: Progress: 1516 / 2014
main.py: Progress: 1517 / 2014
main.py: Progress: 1518 / 2014
main.py: Progress: 1519 / 2014
main.py: Progress: 1520 / 2014
main.py: Progress: 1521 / 2014
main.py: Progress: 1522 / 2014
main.py: Progress: 1523 / 2014
main.py: Progress: 1524 / 2014
main.py: Progress: 1525 / 2014
main.py: Progress: 1526 / 2014
main.py: Progress: 1527 / 2014
main.py: Progress: 1528 / 2014
main.py: Progress: 1529 / 2014
main.py: Progress: 1530 / 2014
main.py: Progress: 1531 / 2014
main.py: Progress: 1532 / 2014
main.py: Progress: 1533 / 2014
main.py: Progress: 1534 / 2014
main.py: Progress: 1535 / 2014
main.py: Progress: 1536 / 2014
main.py: Progress: 1537 / 2014
main.py: Progress: 1538 / 2014
main.py: Progress: 1539 / 2014
main.py: Progress: 1540 / 2014
main.py: Progress: 1541 / 2014
main.py: Progress: 1542 / 2014
main.py: Progress: 1543 / 2014
main.py: Progress: 1544 / 2014
main.py: Progress: 1545 / 2014
main.py: Progress: 1546 / 2014
main.py: Progress: 1547 / 2014
main.py: Progress: 1548 / 2014
main.py: Progress: 1549 / 2014
main.py: Progress: 1550 / 2014
main.py: Progress: 1551 / 2014
main.py: Progress: 1552 / 2014
main.py: Progress: 1553 / 2014
main.py: Progress: 1554 / 2014
main.py: Progress: 1555 / 2014
main.py: Progress: 1556 / 2014
main.py: Progress: 1557 / 2014
main.py: Progress: 1558 / 2014
main.py: Progress: 1559 / 2014
main.py: Progress: 1560 / 2014
main.py: Progress: 1561 / 2014
main.py: Progress: 1562 / 2014
main.py: Progress: 1563 / 2014
main.py: Progress: 1564 / 2014
main.py: Progress: 1565 / 2014
main.py: Progress: 1566 / 2014
main.py: Progress: 1567 / 2014
main.py: Progress: 1568 / 2014
main.py: Progress: 1569 / 2014
main.py: Progress: 1570 / 2014
main.py: Progress: 1571 / 2014
main.py: Progress: 1572 / 2014
main.py: Progress: 1573 / 2014
main.py: Progress: 1574 / 2014
main.py: Progress: 1575 / 2014
main.py: Progress: 1576 / 2014
main.py: Progress: 1577 / 2014
main.py: Progress: 1578 / 2014
main.py: Progress: 1579 / 2014
main.py: Progress: 1580 / 2014
main.py: Progress: 1581 / 2014
main.py: Progress: 1582 / 2014
main.py: Progress: 1583 / 2014
main.py: Progress: 1584 / 2014
main.py: Progress: 1585 / 2014
main.py: Progress: 1586 / 2014
main.py: Progress: 1587 / 2014
main.py: Progress: 1588 / 2014
main.py: Progress: 1589 / 2014
main.py: Progress: 1590 / 2014
main.py: Progress: 1591 / 2014
main.py: Progress: 1592 / 2014
main.py: Progress: 1593 / 2014
main.py: Progress: 1594 / 2014
main.py: Progress: 1595 / 2014
main.py: Progress: 1596 / 2014
main.py: Progress: 1597 / 2014
main.py: Progress: 1598 / 2014
main.py: Progress: 1599 / 2014
main.py: Progress: 1600 / 2014
main.py: Progress: 1601 / 2014
main.py: Progress: 1602 / 2014
main.py: Progress: 1603 / 2014
main.py: Progress: 1604 / 2014
main.py: Progress: 1605 / 2014
main.py: Progress: 1606 / 2014
main.py: Progress: 1607 / 2014
main.py: Progress: 1608 / 2014
main.py: Progress: 1609 / 2014
main.py: Progress: 1610 / 2014
main.py: Progress: 1611 / 2014
main.py: Progress: 1612 / 2014
main.py: Progress: 1613 / 2014
main.py: Progress: 1614 / 2014
main.py: Progress: 1615 / 2014
main.py: Progress: 1616 / 2014
main.py: Progress: 1617 / 2014
main.py: Progress: 1618 / 2014
main.py: Progress: 1619 / 2014
main.py: Progress: 1620 / 2014
main.py: Progress: 1621 / 2014
main.py: Progress: 1622 / 2014
main.py: Progress: 1623 / 2014
main.py: Progress: 1624 / 2014
main.py: Progress: 1625 / 2014
main.py: Progress: 1626 / 2014
main.py: Progress: 1627 / 2014
main.py: Progress: 1628 / 2014
main.py: Progress: 1629 / 2014
main.py: Progress: 1630 / 2014
main.py: Progress: 1631 / 2014
main.py: Progress: 1632 / 2014
main.py: Progress: 1633 / 2014
main.py: Progress: 1634 / 2014
main.py: Progress: 1635 / 2014
main.py: Progress: 1636 / 2014
main.py: Progress: 1637 / 2014
main.py: Progress: 1638 / 2014
main.py: Progress: 1639 / 2014
main.py: Progress: 1640 / 2014
main.py: Progress: 1641 / 2014
main.py: Progress: 1642 / 2014
main.py: Progress: 1643 / 2014
main.py: Progress: 1644 / 2014
main.py: Progress: 1645 / 2014
main.py: Progress: 1646 / 2014
main.py: Progress: 1647 / 2014
main.py: Progress: 1648 / 2014
main.py: Progress: 1649 / 2014
main.py: Progress: 1650 / 2014
main.py: Progress: 1651 / 2014
main.py: Progress: 1652 / 2014
main.py: Progress: 1653 / 2014
main.py: Progress: 1654 / 2014
main.py: Progress: 1655 / 2014
main.py: Progress: 1656 / 2014
main.py: Progress: 1657 / 2014
main.py: Progress: 1658 / 2014
main.py: Progress: 1659 / 2014
main.py: Progress: 1660 / 2014
main.py: Progress: 1661 / 2014
main.py: Progress: 1662 / 2014
main.py: Progress: 1663 / 2014
main.py: Progress: 1664 / 2014
main.py: Progress: 1665 / 2014
main.py: Progress: 1666 / 2014
main.py: Progress: 1667 / 2014
main.py: Progress: 1668 / 2014
main.py: Progress: 1669 / 2014
main.py: Progress: 1670 / 2014
main.py: Progress: 1671 / 2014
main.py: Progress: 1672 / 2014
main.py: Progress: 1673 / 2014
main.py: Progress: 1674 / 2014
main.py: Progress: 1675 / 2014
main.py: Progress: 1676 / 2014
main.py: Progress: 1677 / 2014
main.py: Progress: 1678 / 2014
main.py: Progress: 1679 / 2014
main.py: Progress: 1680 / 2014
main.py: Progress: 1681 / 2014
main.py: Progress: 1682 / 2014
main.py: Progress: 1683 / 2014
main.py: Progress: 1684 / 2014
main.py: Progress: 1685 / 2014
main.py: Progress: 1686 / 2014
main.py: Progress: 1687 / 2014
main.py: Progress: 1688 / 2014
main.py: Progress: 1689 / 2014
main.py: Progress: 1690 / 2014
main.py: Progress: 1691 / 2014
main.py: Progress: 1692 / 2014
main.py: Progress: 1693 / 2014
main.py: Progress: 1694 / 2014
main.py: Progress: 1695 / 2014
main.py: Progress: 1696 / 2014
main.py: Progress: 1697 / 2014
main.py: Progress: 1698 / 2014
main.py: Progress: 1699 / 2014
main.py: Progress: 1700 / 2014
main.py: Progress: 1701 / 2014
main.py: Progress: 1702 / 2014
main.py: Progress: 1703 / 2014
main.py: Progress: 1704 / 2014
main.py: Progress: 1705 / 2014
main.py: Progress: 1706 / 2014
main.py: Progress: 1707 / 2014
main.py: Progress: 1708 / 2014
main.py: Progress: 1709 / 2014
main.py: Progress: 1710 / 2014
main.py: Progress: 1711 / 2014
main.py: Progress: 1712 / 2014
main.py: Progress: 1713 / 2014
main.py: Progress: 1714 / 2014
main.py: Progress: 1715 / 2014
main.py: Progress: 1716 / 2014
main.py: Progress: 1717 / 2014
main.py: Progress: 1718 / 2014
main.py: Progress: 1719 / 2014
main.py: Progress: 1720 / 2014
main.py: Progress: 1721 / 2014
main.py: Progress: 1722 / 2014
main.py: Progress: 1723 / 2014
main.py: Progress: 1724 / 2014
main.py: Progress: 1725 / 2014
main.py: Progress: 1726 / 2014
main.py: Progress: 1727 / 2014
main.py: Progress: 1728 / 2014
main.py: Progress: 1729 / 2014
main.py: Progress: 1730 / 2014
main.py: Progress: 1731 / 2014
main.py: Progress: 1732 / 2014
main.py: Progress: 1733 / 2014
main.py: Progress: 1734 / 2014
main.py: Progress: 1735 / 2014
main.py: Progress: 1736 / 2014
main.py: Progress: 1737 / 2014
main.py: Progress: 1738 / 2014
main.py: Progress: 1739 / 2014
main.py: Progress: 1740 / 2014
main.py: Progress: 1741 / 2014
main.py: Progress: 1742 / 2014
main.py: Progress: 1743 / 2014
main.py: Progress: 1744 / 2014
main.py: Progress: 1745 / 2014
main.py: Progress: 1746 / 2014
main.py: Progress: 1747 / 2014
main.py: Progress: 1748 / 2014
main.py: Progress: 1749 / 2014
main.py: Progress: 1750 / 2014
main.py: Progress: 1751 / 2014
main.py: Progress: 1752 / 2014
main.py: Progress: 1753 / 2014
main.py: Progress: 1754 / 2014
main.py: Progress: 1755 / 2014
main.py: Progress: 1756 / 2014
main.py: Progress: 1757 / 2014
main.py: Progress: 1758 / 2014
main.py: Progress: 1759 / 2014
main.py: Progress: 1760 / 2014
main.py: Progress: 1761 / 2014
main.py: Progress: 1762 / 2014
main.py: Progress: 1763 / 2014
main.py: Progress: 1764 / 2014
main.py: Progress: 1765 / 2014
main.py: Progress: 1766 / 2014
main.py: Progress: 1767 / 2014
main.py: Progress: 1768 / 2014
main.py: Progress: 1769 / 2014
main.py: Progress: 1770 / 2014
main.py: Progress: 1771 / 2014
main.py: Progress: 1772 / 2014
main.py: Progress: 1773 / 2014
main.py: Progress: 1774 / 2014
main.py: Progress: 1775 / 2014
main.py: Progress: 1776 / 2014
main.py: Progress: 1777 / 2014
main.py: Progress: 1778 / 2014
main.py: Progress: 1779 / 2014
main.py: Progress: 1780 / 2014
main.py: Progress: 1781 / 2014
main.py: Progress: 1782 / 2014
main.py: Progress: 1783 / 2014
main.py: Progress: 1784 / 2014
main.py: Progress: 1785 / 2014
main.py: Progress: 1786 / 2014
main.py: Progress: 1787 / 2014
main.py: Progress: 1788 / 2014
main.py: Progress: 1789 / 2014
main.py: Progress: 1790 / 2014
main.py: Progress: 1791 / 2014
main.py: Progress: 1792 / 2014
main.py: Progress: 1793 / 2014
main.py: Progress: 1794 / 2014
main.py: Progress: 1795 / 2014
main.py: Progress: 1796 / 2014
main.py: Progress: 1797 / 2014
main.py: Progress: 1798 / 2014
main.py: Progress: 1799 / 2014
main.py: Progress: 1800 / 2014
main.py: Progress: 1801 / 2014
main.py: Progress: 1802 / 2014
main.py: Progress: 1803 / 2014
main.py: Progress: 1804 / 2014
main.py: Progress: 1805 / 2014
main.py: Progress: 1806 / 2014
main.py: Progress: 1807 / 2014
main.py: Progress: 1808 / 2014
main.py: Progress: 1809 / 2014
main.py: Progress: 1810 / 2014
main.py: Progress: 1811 / 2014
main.py: Progress: 1812 / 2014
main.py: Progress: 1813 / 2014
main.py: Progress: 1814 / 2014
main.py: Progress: 1815 / 2014
main.py: Progress: 1816 / 2014
main.py: Progress: 1817 / 2014
main.py: Progress: 1818 / 2014
main.py: Progress: 1819 / 2014
main.py: Progress: 1820 / 2014
main.py: Progress: 1821 / 2014
main.py: Progress: 1822 / 2014
main.py: Progress: 1823 / 2014
main.py: Progress: 1824 / 2014
main.py: Progress: 1825 / 2014
main.py: Progress: 1826 / 2014
main.py: Progress: 1827 / 2014
main.py: Progress: 1828 / 2014
main.py: Progress: 1829 / 2014
main.py: Progress: 1830 / 2014
main.py: Progress: 1831 / 2014
main.py: Progress: 1832 / 2014
main.py: Progress: 1833 / 2014
main.py: Progress: 1834 / 2014
main.py: Progress: 1835 / 2014
main.py: Progress: 1836 / 2014
main.py: Progress: 1837 / 2014
main.py: Progress: 1838 / 2014
main.py: Progress: 1839 / 2014
main.py: Progress: 1840 / 2014
main.py: Progress: 1841 / 2014
main.py: Progress: 1842 / 2014
main.py: Progress: 1843 / 2014
main.py: Progress: 1844 / 2014
main.py: Progress: 1845 / 2014
main.py: Progress: 1846 / 2014
main.py: Progress: 1847 / 2014
main.py: Progress: 1848 / 2014
main.py: Progress: 1849 / 2014
main.py: Progress: 1850 / 2014
main.py: Progress: 1851 / 2014
main.py: Progress: 1852 / 2014
main.py: Progress: 1853 / 2014
main.py: Progress: 1854 / 2014
main.py: Progress: 1855 / 2014
main.py: Progress: 1856 / 2014
main.py: Progress: 1857 / 2014
main.py: Progress: 1858 / 2014
main.py: Progress: 1859 / 2014
main.py: Progress: 1860 / 2014
main.py: Progress: 1861 / 2014
main.py: Progress: 1862 / 2014
main.py: Progress: 1863 / 2014
main.py: Progress: 1864 / 2014
main.py: Progress: 1865 / 2014
main.py: Progress: 1866 / 2014
main.py: Progress: 1867 / 2014
main.py: Progress: 1868 / 2014
main.py: Progress: 1869 / 2014
main.py: Progress: 1870 / 2014
main.py: Progress: 1871 / 2014
main.py: Progress: 1872 / 2014
main.py: Progress: 1873 / 2014
main.py: Progress: 1874 / 2014
main.py: Progress: 1875 / 2014
main.py: Progress: 1876 / 2014
main.py: Progress: 1877 / 2014
main.py: Progress: 1878 / 2014
main.py: Progress: 1879 / 2014
main.py: Progress: 1880 / 2014
main.py: Progress: 1881 / 2014
main.py: Progress: 1882 / 2014
main.py: Progress: 1883 / 2014
main.py: Progress: 1884 / 2014
main.py: Progress: 1885 / 2014
main.py: Progress: 1886 / 2014
main.py: Progress: 1887 / 2014
main.py: Progress: 1888 / 2014
main.py: Progress: 1889 / 2014
main.py: Progress: 1890 / 2014
main.py: Progress: 1891 / 2014
main.py: Progress: 1892 / 2014
main.py: Progress: 1893 / 2014
main.py: Progress: 1894 / 2014
main.py: Progress: 1895 / 2014
main.py: Progress: 1896 / 2014
main.py: Progress: 1897 / 2014
main.py: Progress: 1898 / 2014
main.py: Progress: 1899 / 2014
main.py: Progress: 1900 / 2014
main.py: Progress: 1901 / 2014
main.py: Progress: 1902 / 2014
main.py: Progress: 1903 / 2014
main.py: Progress: 1904 / 2014
main.py: Progress: 1905 / 2014
main.py: Progress: 1906 / 2014
main.py: Progress: 1907 / 2014
main.py: Progress: 1908 / 2014
main.py: Progress: 1909 / 2014
main.py: Progress: 1910 / 2014
main.py: Progress: 1911 / 2014
main.py: Progress: 1912 / 2014
main.py: Progress: 1913 / 2014
main.py: Progress: 1914 / 2014
main.py: Progress: 1915 / 2014
main.py: Progress: 1916 / 2014
main.py: Progress: 1917 / 2014
main.py: Progress: 1918 / 2014
main.py: Progress: 1919 / 2014
main.py: Progress: 1920 / 2014
main.py: Progress: 1921 / 2014
main.py: Progress: 1922 / 2014
main.py: Progress: 1923 / 2014
main.py: Progress: 1924 / 2014
main.py: Progress: 1925 / 2014
main.py: Progress: 1926 / 2014
main.py: Progress: 1927 / 2014
main.py: Progress: 1928 / 2014
main.py: Progress: 1929 / 2014
main.py: Progress: 1930 / 2014
main.py: Progress: 1931 / 2014
main.py: Progress: 1932 / 2014
main.py: Progress: 1933 / 2014
main.py: Progress: 1934 / 2014
main.py: Progress: 1935 / 2014
main.py: Progress: 1936 / 2014
main.py: Progress: 1937 / 2014
main.py: Progress: 1938 / 2014
main.py: Progress: 1939 / 2014
main.py: Progress: 1940 / 2014
main.py: Progress: 1941 / 2014
main.py: Progress: 1942 / 2014
main.py: Progress: 1943 / 2014
main.py: Progress: 1944 / 2014
main.py: Progress: 1945 / 2014
main.py: Progress: 1946 / 2014
main.py: Progress: 1947 / 2014
main.py: Progress: 1948 / 2014
main.py: Progress: 1949 / 2014
main.py: Progress: 1950 / 2014
main.py: Progress: 1951 / 2014
main.py: Progress: 1952 / 2014
main.py: Progress: 1953 / 2014
main.py: Progress: 1954 / 2014
main.py: Progress: 1955 / 2014
main.py: Progress: 1956 / 2014
main.py: Progress: 1957 / 2014
main.py: Progress: 1958 / 2014
main.py: Progress: 1959 / 2014
main.py: Progress: 1960 / 2014
main.py: Progress: 1961 / 2014
main.py: Progress: 1962 / 2014
main.py: Progress: 1963 / 2014
main.py: Progress: 1964 / 2014
main.py: Progress: 1965 / 2014
main.py: Progress: 1966 / 2014
main.py: Progress: 1967 / 2014
main.py: Progress: 1968 / 2014
main.py: Progress: 1969 / 2014
main.py: Progress: 1970 / 2014
main.py: Progress: 1971 / 2014
main.py: Progress: 1972 / 2014
main.py: Progress: 1973 / 2014
main.py: Progress: 1974 / 2014
main.py: Progress: 1975 / 2014
main.py: Progress: 1976 / 2014
main.py: Progress: 1977 / 2014
main.py: Progress: 1978 / 2014
main.py: Progress: 1979 / 2014
main.py: Progress: 1980 / 2014
main.py: Progress: 1981 / 2014
main.py: Progress: 1982 / 2014
main.py: Progress: 1983 / 2014
main.py: Progress: 1984 / 2014
main.py: Progress: 1985 / 2014
main.py: Progress: 1986 / 2014
main.py: Progress: 1987 / 2014
main.py: Progress: 1988 / 2014
main.py: Progress: 1989 / 2014
main.py: Progress: 1990 / 2014
main.py: Progress: 1991 / 2014
main.py: Progress: 1992 / 2014
main.py: Progress: 1993 / 2014
main.py: Progress: 1994 / 2014
main.py: Progress: 1995 / 2014
main.py: Progress: 1996 / 2014
main.py: Progress: 1997 / 2014
main.py: Progress: 1998 / 2014
main.py: Progress: 1999 / 2014
time 2000 ( all targets found and t>1000s) and set up src_dst pairs = [([0, 8], (-1, -1))]
Route initialization:  {0: {'Route': [0, 8], 'MCS_Index': [2], 'Priority': 1, 'ValidRoute': False, 'HQRoute': False, 'RouteNodeDensity': [None, None], 'InterferingLinks': 0, 'Target': (-1, -1)}}
node.py: Inside packet generation function at node: Node0. Curr time: 2000.000000, Packet inter arrival time: 0.016396
Called Update: UpdateRouteCalls = 0, force = False
Called Update: UpdateRouteCalls = 1, force = False
Called Update: UpdateRouteCalls = 2, force = False
Called Update: UpdateRouteCalls = 3, force = False
Called Update: UpdateRouteCalls = 4, force = False
Called Update: UpdateRouteCalls = 5, force = False
Called Update: UpdateRouteCalls = 6, force = False
Called Update: UpdateRouteCalls = 7, force = False
Called Update: UpdateRouteCalls = 8, force = False
Called Update: UpdateRouteCalls = 9, force = False
Called Update: UpdateRouteCalls = 10, force = False
Called Update: UpdateRouteCalls = 11, force = False
Called Update: UpdateRouteCalls = 12, force = False
Called Update: UpdateRouteCalls = 13, force = False
Called Update: UpdateRouteCalls = 14, force = False
Called Update: UpdateRouteCalls = 15, force = False
Called Update: UpdateRouteCalls = 16, force = False
Called Update: UpdateRouteCalls = 17, force = False
!! UPDATING !!
routeNo, updatedMCSIndex =  0 [2]
Path | HC | IL | Max Data Rate Supported | HQ Path | Tangled Path | Cost
------------------------------
[0, 1, 2, 3, 4, 5, 6, 7, 8] | 8 | 16 | 33 | True | False | 0.8846153846153846
Found Route:
 {'Path': [0, 1, 2, 3, 4, 5, 6, 7, 8], 'HC': 8, 'IL': 16, 'Max Data Rate Supported': 33, 'HQ Path': np.True_, 'Tangled Path': False, 'Cost': 0.8846153846153846}
Called Update: UpdateRouteCalls = 0, force = True
!! UPDATING !!
routeNo, updatedMCSIndex =  0 [2, 2, 2, 2, 2, 2, 2, 2]

rf.py: Time: 2000 Route details: {0: {'Route': [0, 1, 2, 3, 4, 5, 6, 7, 8], 'MCS_Index': [2, 2, 2, 2, 2, 2, 2, 2], 'Priority': 1, 'ValidRoute': True, 'HQRoute': np.True_, 'RouteNodeDensity': [0, 0, 0, 0, 2, 0, 0, 0, 0], 'InterferingLinks': 16, 'Target': (-1, -1)}}
main.py: Progress: 2000 / 2014
Node.py: (Node0)@2000400000000.0: Updated MCS from 2 to 1, hist=deque([1.0], maxlen=5), packets_serviced=24, packets_received=24
Called Update: UpdateRouteCalls = 0, force = False
Node.py: (Node1)@2000400000000.0: Updated MCS from 2 to 1, hist=deque([1.0], maxlen=5), packets_serviced=23, packets_received=23
Called Update: UpdateRouteCalls = 1, force = False
Node.py: (Node2)@2000400000000.0: Updated MCS from 2 to 1, hist=deque([1.0], maxlen=5), packets_serviced=21, packets_received=21
Called Update: UpdateRouteCalls = 2, force = False
Node.py: (Node3)@2000400000000.0: Updated MCS from 2 to 1, hist=deque([1.0], maxlen=5), packets_serviced=19, packets_received=19
Called Update: UpdateRouteCalls = 3, force = False
Node.py: (Node4)@2000400000000.0: Updated MCS from 2 to 1, hist=deque([1.0], maxlen=5), packets_serviced=16, packets_received=16
Called Update: UpdateRouteCalls = 4, force = False
Node.py: (Node5)@2000400000000.0: Updated MCS from 2 to 1, hist=deque([1.0], maxlen=5), packets_serviced=13, packets_received=13
Called Update: UpdateRouteCalls = 5, force = False
Node.py: (Node6)@2000400000000.0: Updated MCS from 2 to 1, hist=deque([0.3333333333333333], maxlen=5), packets_serviced=3, packets_received=9
Called Update: UpdateRouteCalls = 6, force = False
Called Update: UpdateRouteCalls = 7, force = False
Called Update: UpdateRouteCalls = 8, force = False
Called Update: UpdateRouteCalls = 9, force = False
Called Update: UpdateRouteCalls = 10, force = False
Called Update: UpdateRouteCalls = 11, force = False
Called Update: UpdateRouteCalls = 12, force = False
Called Update: UpdateRouteCalls = 13, force = False
Called Update: UpdateRouteCalls = 14, force = False
Called Update: UpdateRouteCalls = 15, force = False
Called Update: UpdateRouteCalls = 16, force = False
Called Update: UpdateRouteCalls = 17, force = False
!! UPDATING !!
routeNo, updatedMCSIndex =  0 [1, 1, 1, 1, 1, 1, 1, 2]
Node.py: (Node0)@2000800000000.0: Updated MCS from 1 to 0, hist=deque([1.0, 0.75], maxlen=5), packets_serviced=18, packets_received=24
Called Update: UpdateRouteCalls = 0, force = False
Node.py: (Node1)@2000800000000.0: Updated MCS from 1 to 1, hist=deque([1.0, 0.06542056074766354], maxlen=5), packets_serviced=7, packets_received=107
Called Update: UpdateRouteCalls = 1, force = False
Node.py: (Node2)@2000800000000.0: Updated MCS from 1 to 1, hist=deque([1.0, 0.2777777777777778], maxlen=5), packets_serviced=5, packets_received=18
Called Update: UpdateRouteCalls = 2, force = False
Node.py: (Node3)@2000800000000.0: Updated MCS from 1 to 1, hist=deque([1.0, 0.13043478260869565], maxlen=5), packets_serviced=3, packets_received=23
Called Update: UpdateRouteCalls = 3, force = False
Node.py: (Node4)@2000800000000.0: Updated MCS from 1 to 1, hist=deque([1.0, 0.2], maxlen=5), packets_serviced=3, packets_received=15
Called Update: UpdateRouteCalls = 4, force = False
Node.py: (Node5)@2000800000000.0: Updated MCS from 1 to 1, hist=deque([1.0, 0.15789473684210525], maxlen=5), packets_serviced=3, packets_received=19
Called Update: UpdateRouteCalls = 5, force = False
Node.py: (Node6)@2000800000000.0: Updated MCS from 1 to 1, hist=deque([0.3333333333333333, 0.4166666666666667], maxlen=5), packets_serviced=10, packets_received=24
Called Update: UpdateRouteCalls = 6, force = False
Node.py: (Node7)@2000800000000.0: Updated MCS from 2 to 1, hist=deque([0.12658227848101267], maxlen=5), packets_serviced=10, packets_received=79
Called Update: UpdateRouteCalls = 7, force = False
Called Update: UpdateRouteCalls = 8, force = False
Called Update: UpdateRouteCalls = 9, force = False
Called Update: UpdateRouteCalls = 10, force = False
Called Update: UpdateRouteCalls = 11, force = False
Called Update: UpdateRouteCalls = 12, force = False
Called Update: UpdateRouteCalls = 13, force = False
Called Update: UpdateRouteCalls = 14, force = False
Called Update: UpdateRouteCalls = 15, force = False
Called Update: UpdateRouteCalls = 16, force = False
Called Update: UpdateRouteCalls = 17, force = False
!! UPDATING !!
routeNo, updatedMCSIndex =  0 [0, 1, 1, 1, 1, 1, 1, 1]
main.py: Progress: 2001 / 2014
Called Update: UpdateRouteCalls = 0, force = True
!! UPDATING !!
routeNo, updatedMCSIndex =  0 [0, 1, 1, 1, 1, 1, 1, 1]

rf.py: Time: 2001 Route details: {0: {'Route': [0, 1, 2, 3, 4, 5, 6, 7, 8], 'MCS_Index': [0, 1, 1, 1, 1, 1, 1, 1], 'Priority': 1, 'ValidRoute': True, 'HQRoute': True, 'RouteNodeDensity': [0, 0, 0, 0, 2, 0, 0, 0, 0], 'InterferingLinks': 16, 'Target': (-1, -1)}}
Node.py: (Node0)@2001200000000.0: Updated MCS from 0 to 0, hist=deque([1.0, 0.75, 0.52], maxlen=5), packets_serviced=13, packets_received=25
Called Update: UpdateRouteCalls = 0, force = False
Node.py: (Node1)@2001200000000.0: Updated MCS from 1 to 1, hist=deque([1.0, 0.06542056074766354, 0.6875], maxlen=5), packets_serviced=22, packets_received=32
Called Update: UpdateRouteCalls = 1, force = False
Node.py: (Node2)@2001200000000.0: Updated MCS from 1 to 1, hist=deque([1.0, 0.2777777777777778, 0.3484848484848485], maxlen=5), packets_serviced=23, packets_received=66
Called Update: UpdateRouteCalls = 2, force = False
Node.py: (Node3)@2001200000000.0: Updated MCS from 1 to 1, hist=deque([1.0, 0.13043478260869565, 0.48936170212765956], maxlen=5), packets_serviced=23, packets_received=47
Called Update: UpdateRouteCalls = 3, force = False
Node.py: (Node4)@2001200000000.0: Updated MCS from 1 to 1, hist=deque([1.0, 0.2, 0.1568627450980392], maxlen=5), packets_serviced=8, packets_received=51
Called Update: UpdateRouteCalls = 4, force = False
Node.py: (Node5)@2001200000000.0: Updated MCS from 1 to 1, hist=deque([1.0, 0.15789473684210525, 0.2], maxlen=5), packets_serviced=7, packets_received=35
Called Update: UpdateRouteCalls = 5, force = False
Node.py: (Node6)@2001200000000.0: Updated MCS from 1 to 1, hist=deque([0.3333333333333333, 0.4166666666666667, 0.12244897959183673], maxlen=5), packets_serviced=6, packets_received=49
Called Update: UpdateRouteCalls = 6, force = False
Node.py: (Node7)@2001200000000.0: Updated MCS from 1 to 1, hist=deque([0.12658227848101267, 0.13043478260869565], maxlen=5), packets_serviced=6, packets_received=46
Called Update: UpdateRouteCalls = 7, force = False
Called Update: UpdateRouteCalls = 8, force = False
Called Update: UpdateRouteCalls = 9, force = False
Called Update: UpdateRouteCalls = 10, force = False
Called Update: UpdateRouteCalls = 11, force = False
Called Update: UpdateRouteCalls = 12, force = False
Called Update: UpdateRouteCalls = 13, force = False
Called Update: UpdateRouteCalls = 14, force = False
Called Update: UpdateRouteCalls = 15, force = False
Called Update: UpdateRouteCalls = 16, force = False
Called Update: UpdateRouteCalls = 17, force = False
!! UPDATING !!
routeNo, updatedMCSIndex =  0 [0, 1, 1, 1, 1, 1, 1, 1]
Node.py: (Node0)@2001600000000.0: Updated MCS from 0 to 1, hist=deque([1.0, 0.75, 0.52, 0.4166666666666667], maxlen=5), packets_serviced=10, packets_received=24
Called Update: UpdateRouteCalls = 0, force = False
Node.py: (Node1)@2001600000000.0: Updated MCS from 1 to 1, hist=deque([1.0, 0.06542056074766354, 0.6875, 0.3181818181818182], maxlen=5), packets_serviced=7, packets_received=22
Called Update: UpdateRouteCalls = 1, force = False
Node.py: (Node2)@2001600000000.0: Updated MCS from 1 to 1, hist=deque([1.0, 0.2777777777777778, 0.3484848484848485, 0.1111111111111111], maxlen=5), packets_serviced=4, packets_received=36
Called Update: UpdateRouteCalls = 2, force = False
Node.py: (Node3)@2001600000000.0: Updated MCS from 1 to 1, hist=deque([1.0, 0.13043478260869565, 0.48936170212765956, 0.10344827586206896], maxlen=5), packets_serviced=3, packets_received=29
Called Update: UpdateRouteCalls = 3, force = False
Node.py: (Node4)@2001600000000.0: Updated MCS from 1 to 1, hist=deque([1.0, 0.2, 0.1568627450980392, 0.5], maxlen=5), packets_serviced=15, packets_received=30
Called Update: UpdateRouteCalls = 4, force = False
Node.py: (Node5)@2001600000000.0: Updated MCS from 1 to 1, hist=deque([1.0, 0.15789473684210525, 0.2, 0.3018867924528302], maxlen=5), packets_serviced=16, packets_received=53
Called Update: UpdateRouteCalls = 5, force = False
Node.py: (Node6)@2001600000000.0: Updated MCS from 1 to 1, hist=deque([0.3333333333333333, 0.4166666666666667, 0.12244897959183673, 0.29310344827586204], maxlen=5), packets_serviced=17, packets_received=58
Called Update: UpdateRouteCalls = 6, force = False
Node.py: (Node7)@2001600000000.0: Updated MCS from 1 to 1, hist=deque([0.12658227848101267, 0.13043478260869565, 0.29310344827586204], maxlen=5), packets_serviced=17, packets_received=58
Called Update: UpdateRouteCalls = 7, force = False
Called Update: UpdateRouteCalls = 8, force = False
Called Update: UpdateRouteCalls = 9, force = False
Called Update: UpdateRouteCalls = 10, force = False
Called Update: UpdateRouteCalls = 11, force = False
Called Update: UpdateRouteCalls = 12, force = False
Called Update: UpdateRouteCalls = 13, force = False
Called Update: UpdateRouteCalls = 14, force = False
Called Update: UpdateRouteCalls = 15, force = False
Called Update: UpdateRouteCalls = 16, force = False
Called Update: UpdateRouteCalls = 17, force = False
!! UPDATING !!
routeNo, updatedMCSIndex =  0 [1, 1, 1, 1, 1, 1, 1, 1]
main.py: Progress: 2002 / 2014
Node.py: (Node0)@2002000000000.0: Updated MCS from 1 to 1, hist=deque([1.0, 0.75, 0.52, 0.4166666666666667, 0.72], maxlen=5), packets_serviced=18, packets_received=25
Called Update: UpdateRouteCalls = 0, force = False
Node.py: (Node1)@2002000000000.0: Updated MCS from 1 to 1, hist=deque([1.0, 0.06542056074766354, 0.6875, 0.3181818181818182, 0.375], maxlen=5), packets_serviced=12, packets_received=32
Called Update: UpdateRouteCalls = 1, force = False
Node.py: (Node2)@2002000000000.0: Updated MCS from 1 to 1, hist=deque([1.0, 0.2777777777777778, 0.3484848484848485, 0.1111111111111111, 0.35714285714285715], maxlen=5), packets_serviced=15, packets_received=42
Called Update: UpdateRouteCalls = 2, force = False
Node.py: (Node3)@2002000000000.0: Updated MCS from 1 to 1, hist=deque([1.0, 0.13043478260869565, 0.48936170212765956, 0.10344827586206896, 0.2391304347826087], maxlen=5), packets_serviced=11, packets_received=46
Called Update: UpdateRouteCalls = 3, force = False
Node.py: (Node4)@2002000000000.0: Updated MCS from 1 to 1, hist=deque([1.0, 0.2, 0.1568627450980392, 0.5, 0.30952380952380953], maxlen=5), packets_serviced=13, packets_received=42
Called Update: UpdateRouteCalls = 4, force = False
Node.py: (Node5)@2002000000000.0: Updated MCS from 1 to 1, hist=deque([1.0, 0.15789473684210525, 0.2, 0.3018867924528302, 0.1836734693877551], maxlen=5), packets_serviced=9, packets_received=49
Called Update: UpdateRouteCalls = 5, force = False
Node.py: (Node6)@2002000000000.0: Updated MCS from 1 to 1, hist=deque([0.3333333333333333, 0.4166666666666667, 0.12244897959183673, 0.29310344827586204, 0.17777777777777778], maxlen=5), packets_serviced=8, packets_received=45
Called Update: UpdateRouteCalls = 6, force = False
Node.py: (Node7)@2002000000000.0: Updated MCS from 1 to 1, hist=deque([0.12658227848101267, 0.13043478260869565, 0.29310344827586204, 0.16], maxlen=5), packets_serviced=8, packets_received=50
Called Update: UpdateRouteCalls = 7, force = False
Called Update: UpdateRouteCalls = 8, force = False
Called Update: UpdateRouteCalls = 9, force = False
Called Update: UpdateRouteCalls = 10, force = False
Called Update: UpdateRouteCalls = 11, force = False
Called Update: UpdateRouteCalls = 12, force = False
Called Update: UpdateRouteCalls = 13, force = False
Called Update: UpdateRouteCalls = 14, force = False
Called Update: UpdateRouteCalls = 15, force = False
Called Update: UpdateRouteCalls = 16, force = False
Called Update: UpdateRouteCalls = 17, force = False
!! UPDATING !!
routeNo, updatedMCSIndex =  0 [1, 1, 1, 1, 1, 1, 1, 1]
Called Update: UpdateRouteCalls = 0, force = True
!! UPDATING !!
routeNo, updatedMCSIndex =  0 [1, 1, 1, 1, 1, 1, 1, 1]

rf.py: Time: 2002 Route details: {0: {'Route': [0, 1, 2, 3, 4, 5, 6, 7, 8], 'MCS_Index': [1, 1, 1, 1, 1, 1, 1, 1], 'Priority': 1, 'ValidRoute': True, 'HQRoute': True, 'RouteNodeDensity': [0, 0, 0, 0, 2, 0, 0, 0, 0], 'InterferingLinks': 16, 'Target': (-1, -1)}}
Node.py: (Node0)@2002400000000.0: Updated MCS from 1 to 0, hist=deque([0.75, 0.52, 0.4166666666666667, 0.72, 2.25], maxlen=5), packets_serviced=54, packets_received=24
Called Update: UpdateRouteCalls = 0, force = False
Node.py: (Node1)@2002400000000.0: Updated MCS from 1 to 1, hist=deque([0.06542056074766354, 0.6875, 0.3181818181818182, 0.375, 0.14035087719298245], maxlen=5), packets_serviced=16, packets_received=114
Called Update: UpdateRouteCalls = 1, force = False
Node.py: (Node2)@2002400000000.0: Updated MCS from 1 to 1, hist=deque([0.2777777777777778, 0.3484848484848485, 0.1111111111111111, 0.35714285714285715, 0.18604651162790697], maxlen=5), packets_serviced=8, packets_received=43
Called Update: UpdateRouteCalls = 2, force = False
Node.py: (Node3)@2002400000000.0: Updated MCS from 1 to 1, hist=deque([0.13043478260869565, 0.48936170212765956, 0.10344827586206896, 0.2391304347826087, 0.20588235294117646], maxlen=5), packets_serviced=7, packets_received=34
Called Update: UpdateRouteCalls = 3, force = False
Node.py: (Node4)@2002400000000.0: Updated MCS from 1 to 1, hist=deque([0.2, 0.1568627450980392, 0.5, 0.30952380952380953, 0.2413793103448276], maxlen=5), packets_serviced=7, packets_received=29
Called Update: UpdateRouteCalls = 4, force = False
Node.py: (Node5)@2002400000000.0: Updated MCS from 1 to 1, hist=deque([0.15789473684210525, 0.2, 0.3018867924528302, 0.1836734693877551, 0.4583333333333333], maxlen=5), packets_serviced=11, packets_received=24
Called Update: UpdateRouteCalls = 5, force = False
Node.py: (Node6)@2002400000000.0: Updated MCS from 1 to 1, hist=deque([0.4166666666666667, 0.12244897959183673, 0.29310344827586204, 0.17777777777777778, 0.19672131147540983], maxlen=5), packets_serviced=12, packets_received=61
Called Update: UpdateRouteCalls = 6, force = False
Node.py: (Node7)@2002400000000.0: Updated MCS from 1 to 1, hist=deque([0.12658227848101267, 0.13043478260869565, 0.29310344827586204, 0.16, 0.1875], maxlen=5), packets_serviced=12, packets_received=64
Called Update: UpdateRouteCalls = 7, force = False
Called Update: UpdateRouteCalls = 8, force = False
Called Update: UpdateRouteCalls = 9, force = False
Called Update: UpdateRouteCalls = 10, force = False
Called Update: UpdateRouteCalls = 11, force = False
Called Update: UpdateRouteCalls = 12, force = False
Called Update: UpdateRouteCalls = 13, force = False
Called Update: UpdateRouteCalls = 14, force = False
Called Update: UpdateRouteCalls = 15, force = False
Called Update: UpdateRouteCalls = 16, force = False
Called Update: UpdateRouteCalls = 17, force = False
!! UPDATING !!
routeNo, updatedMCSIndex =  0 [0, 1, 1, 1, 1, 1, 1, 1]
Node.py: (Node0)@2002800000000.0: Updated MCS from 0 to 0, hist=deque([0.52, 0.4166666666666667, 0.72, 2.25, 1.0833333333333333], maxlen=5), packets_serviced=26, packets_received=24
Called Update: UpdateRouteCalls = 0, force = False
Node.py: (Node1)@2002800000000.0: Updated MCS from 1 to 1, hist=deque([0.6875, 0.3181818181818182, 0.375, 0.14035087719298245, 0.676056338028169], maxlen=5), packets_serviced=48, packets_received=71
Called Update: UpdateRouteCalls = 1, force = False
Node.py: (Node2)@2002800000000.0: Updated MCS from 1 to 1, hist=deque([0.3484848484848485, 0.1111111111111111, 0.35714285714285715, 0.18604651162790697, 0.0], maxlen=5), packets_serviced=0, packets_received=111
Called Update: UpdateRouteCalls = 2, force = False
Node.py: (Node3)@2002800000000.0: Updated MCS from 1 to 1, hist=deque([0.48936170212765956, 0.10344827586206896, 0.2391304347826087, 0.20588235294117646, 0.625], maxlen=5), packets_serviced=5, packets_received=8
Called Update: UpdateRouteCalls = 3, force = False
Node.py: (Node4)@2002800000000.0: Updated MCS from 1 to 1, hist=deque([0.1568627450980392, 0.5, 0.30952380952380953, 0.2413793103448276, 0.14705882352941177], maxlen=5), packets_serviced=5, packets_received=34
Called Update: UpdateRouteCalls = 4, force = False
Node.py: (Node5)@2002800000000.0: Updated MCS from 1 to 1, hist=deque([0.2, 0.3018867924528302, 0.1836734693877551, 0.4583333333333333, 0.16129032258064516], maxlen=5), packets_serviced=5, packets_received=31
Called Update: UpdateRouteCalls = 5, force = False
Node.py: (Node6)@2002800000000.0: Updated MCS from 1 to 1, hist=deque([0.12244897959183673, 0.29310344827586204, 0.17777777777777778, 0.19672131147540983, 0.11904761904761904], maxlen=5), packets_serviced=5, packets_received=42
Called Update: UpdateRouteCalls = 6, force = False
Node.py: (Node7)@2002800000000.0: Updated MCS from 1 to 1, hist=deque([0.13043478260869565, 0.29310344827586204, 0.16, 0.1875, 0.11904761904761904], maxlen=5), packets_serviced=5, packets_received=42
Called Update: UpdateRouteCalls = 7, force = False
Called Update: UpdateRouteCalls = 8, force = False
Called Update: UpdateRouteCalls = 9, force = False
Called Update: UpdateRouteCalls = 10, force = False
Called Update: UpdateRouteCalls = 11, force = False
Called Update: UpdateRouteCalls = 12, force = False
Called Update: UpdateRouteCalls = 13, force = False
Called Update: UpdateRouteCalls = 14, force = False
Called Update: UpdateRouteCalls = 15, force = False
Called Update: UpdateRouteCalls = 16, force = False
Called Update: UpdateRouteCalls = 17, force = False
!! UPDATING !!
routeNo, updatedMCSIndex =  0 [0, 1, 1, 1, 1, 1, 1, 1]
main.py: Progress: 2003 / 2014
Called Update: UpdateRouteCalls = 0, force = True
!! UPDATING !!
routeNo, updatedMCSIndex =  0 [0, 1, 1, 1, 1, 1, 1, 1]

rf.py: Time: 2003 Route details: {0: {'Route': [0, 1, 2, 3, 4, 5, 6, 7, 8], 'MCS_Index': [0, 1, 1, 1, 1, 1, 1, 1], 'Priority': 1, 'ValidRoute': True, 'HQRoute': True, 'RouteNodeDensity': [0, 0, 0, 0, 2, 0, 0, 0, 0], 'InterferingLinks': 16, 'Target': (-1, -1)}}
Node.py: (Node0)@2003200000000.0: Updated MCS from 0 to 0, hist=deque([0.4166666666666667, 0.72, 2.25, 1.0833333333333333, 0.0], maxlen=5), packets_serviced=0, packets_received=25
Called Update: UpdateRouteCalls = 0, force = False
Node.py: (Node1)@2003200000000.0: Updated MCS from 1 to 1, hist=deque([0.3181818181818182, 0.375, 0.14035087719298245, 0.676056338028169, 0.5], maxlen=5), packets_serviced=16, packets_received=32
Called Update: UpdateRouteCalls = 1, force = False
Node.py: (Node2)@2003200000000.0: Updated MCS from 1 to 1, hist=deque([0.1111111111111111, 0.35714285714285715, 0.18604651162790697, 0.0, 0.1896551724137931], maxlen=5), packets_serviced=22, packets_received=116
Called Update: UpdateRouteCalls = 2, force = False
Node.py: (Node3)@2003200000000.0: Updated MCS from 1 to 1, hist=deque([0.10344827586206896, 0.2391304347826087, 0.20588235294117646, 0.625, 0.04], maxlen=5), packets_serviced=2, packets_received=50
Called Update: UpdateRouteCalls = 3, force = False
Node.py: (Node4)@2003200000000.0: Updated MCS from 1 to 1, hist=deque([0.5, 0.30952380952380953, 0.2413793103448276, 0.14705882352941177, 0.18181818181818182], maxlen=5), packets_serviced=2, packets_received=11
Called Update: UpdateRouteCalls = 4, force = False
Node.py: (Node5)@2003200000000.0: Updated MCS from 1 to 1, hist=deque([0.3018867924528302, 0.1836734693877551, 0.4583333333333333, 0.16129032258064516, 0.3333333333333333], maxlen=5), packets_serviced=2, packets_received=6
Called Update: UpdateRouteCalls = 5, force = False
Node.py: (Node6)@2003200000000.0: Updated MCS from 1 to 1, hist=deque([0.29310344827586204, 0.17777777777777778, 0.19672131147540983, 0.11904761904761904, 0.125], maxlen=5), packets_serviced=2, packets_received=16
Called Update: UpdateRouteCalls = 6, force = False
Node.py: (Node7)@2003200000000.0: Updated MCS from 1 to 1, hist=deque([0.29310344827586204, 0.16, 0.1875, 0.11904761904761904, 0.07142857142857142], maxlen=5), packets_serviced=2, packets_received=28
Called Update: UpdateRouteCalls = 7, force = False
Called Update: UpdateRouteCalls = 8, force = False
Called Update: UpdateRouteCalls = 9, force = False
Called Update: UpdateRouteCalls = 10, force = False
Called Update: UpdateRouteCalls = 11, force = False
Called Update: UpdateRouteCalls = 12, force = False
Called Update: UpdateRouteCalls = 13, force = False
Called Update: UpdateRouteCalls = 14, force = False
Called Update: UpdateRouteCalls = 15, force = False
Called Update: UpdateRouteCalls = 16, force = False
Called Update: UpdateRouteCalls = 17, force = False
!! UPDATING !!
routeNo, updatedMCSIndex =  0 [0, 1, 1, 1, 1, 1, 1, 1]
Node.py: (Node0)@2003600000000.0: Updated MCS from 0 to 0, hist=deque([0.72, 2.25, 1.0833333333333333, 0.0, 0.041666666666666664], maxlen=5), packets_serviced=1, packets_received=24
Called Update: UpdateRouteCalls = 0, force = False
Node.py: (Node1)@2003600000000.0: Updated MCS from 1 to 1, hist=deque([0.375, 0.14035087719298245, 0.676056338028169, 0.5, 0.0], maxlen=5), packets_serviced=0, packets_received=13
Called Update: UpdateRouteCalls = 1, force = False
Node.py: (Node2)@2003600000000.0: Updated MCS from 1 to 0, hist=deque([0.35714285714285715, 0.18604651162790697, 0.0, 0.1896551724137931, 8.166666666666666], maxlen=5), packets_serviced=49, packets_received=6
Called Update: UpdateRouteCalls = 2, force = False
Node.py: (Node3)@2003600000000.0: Updated MCS from 1 to 1, hist=deque([0.2391304347826087, 0.20588235294117646, 0.625, 0.04, 0.08839779005524862], maxlen=5), packets_serviced=16, packets_received=181
Called Update: UpdateRouteCalls = 3, force = False
Node.py: (Node4)@2003600000000.0: Updated MCS from 1 to 1, hist=deque([0.30952380952380953, 0.2413793103448276, 0.14705882352941177, 0.18181818181818182, 0.09090909090909091], maxlen=5), packets_serviced=4, packets_received=44
Called Update: UpdateRouteCalls = 4, force = False
Node.py: (Node5)@2003600000000.0: Updated MCS from 1 to 1, hist=deque([0.1836734693877551, 0.4583333333333333, 0.16129032258064516, 0.3333333333333333, 0.23076923076923078], maxlen=5), packets_serviced=3, packets_received=13
Called Update: UpdateRouteCalls = 5, force = False
Node.py: (Node6)@2003600000000.0: Updated MCS from 1 to 1, hist=deque([0.17777777777777778, 0.19672131147540983, 0.11904761904761904, 0.125, 0.1875], maxlen=5), packets_serviced=3, packets_received=16
Called Update: UpdateRouteCalls = 6, force = False
Node.py: (Node7)@2003600000000.0: Updated MCS from 1 to 1, hist=deque([0.16, 0.1875, 0.11904761904761904, 0.07142857142857142, 0.15789473684210525], maxlen=5), packets_serviced=3, packets_received=19
Called Update: UpdateRouteCalls = 7, force = False
Called Update: UpdateRouteCalls = 8, force = False
Called Update: UpdateRouteCalls = 9, force = False
Called Update: UpdateRouteCalls = 10, force = False
Called Update: UpdateRouteCalls = 11, force = False
Called Update: UpdateRouteCalls = 12, force = False
Called Update: UpdateRouteCalls = 13, force = False
Called Update: UpdateRouteCalls = 14, force = False
Called Update: UpdateRouteCalls = 15, force = False
Called Update: UpdateRouteCalls = 16, force = False
Called Update: UpdateRouteCalls = 17, force = False
!! UPDATING !!
routeNo, updatedMCSIndex =  0 [0, 1, 0, 1, 1, 1, 1, 1]
main.py: Progress: 2004 / 2014
Node.py: (Node0)@2004000000000.0: Updated MCS from 0 to 0, hist=deque([2.25, 1.0833333333333333, 0.0, 0.041666666666666664, 0.6], maxlen=5), packets_serviced=15, packets_received=25
Called Update: UpdateRouteCalls = 0, force = False
Node.py: (Node1)@2004000000000.0: Updated MCS from 1 to 1, hist=deque([0.14035087719298245, 0.676056338028169, 0.5, 0.0, 0.34285714285714286], maxlen=5), packets_serviced=12, packets_received=35
Called Update: UpdateRouteCalls = 1, force = False
Node.py: (Node2)@2004000000000.0: Updated MCS from 0 to 0, hist=deque([0.18604651162790697, 0.0, 0.1896551724137931, 8.166666666666666, 0.14634146341463414], maxlen=5), packets_serviced=6, packets_received=41
Called Update: UpdateRouteCalls = 2, force = False
Node.py: (Node3)@2004000000000.0: Updated MCS from 1 to 1, hist=deque([0.20588235294117646, 0.625, 0.04, 0.08839779005524862, 0.8275862068965517], maxlen=5), packets_serviced=24, packets_received=29
Called Update: UpdateRouteCalls = 3, force = False
Node.py: (Node4)@2004000000000.0: Updated MCS from 1 to 1, hist=deque([0.2413793103448276, 0.14705882352941177, 0.18181818181818182, 0.09090909090909091, 0.1896551724137931], maxlen=5), packets_serviced=11, packets_received=58
Called Update: UpdateRouteCalls = 4, force = False
Node.py: (Node5)@2004000000000.0: Updated MCS from 1 to 1, hist=deque([0.4583333333333333, 0.16129032258064516, 0.3333333333333333, 0.23076923076923078, 0.3870967741935484], maxlen=5), packets_serviced=12, packets_received=31
Called Update: UpdateRouteCalls = 5, force = False
Node.py: (Node6)@2004000000000.0: Updated MCS from 1 to 1, hist=deque([0.19672131147540983, 0.11904761904761904, 0.125, 0.1875, 0.18518518518518517], maxlen=5), packets_serviced=10, packets_received=54
Called Update: UpdateRouteCalls = 6, force = False
Node.py: (Node7)@2004000000000.0: Updated MCS from 1 to 1, hist=deque([0.1875, 0.11904761904761904, 0.07142857142857142, 0.15789473684210525, 0.15625], maxlen=5), packets_serviced=10, packets_received=64
Called Update: UpdateRouteCalls = 7, force = False
Called Update: UpdateRouteCalls = 8, force = False
Called Update: UpdateRouteCalls = 9, force = False
Called Update: UpdateRouteCalls = 10, force = False
Called Update: UpdateRouteCalls = 11, force = False
Called Update: UpdateRouteCalls = 12, force = False
Called Update: UpdateRouteCalls = 13, force = False
Called Update: UpdateRouteCalls = 14, force = False
Called Update: UpdateRouteCalls = 15, force = False
Called Update: UpdateRouteCalls = 16, force = False
Called Update: UpdateRouteCalls = 17, force = False
!! UPDATING !!
routeNo, updatedMCSIndex =  0 [0, 1, 0, 1, 1, 1, 1, 1]
Called Update: UpdateRouteCalls = 0, force = True
!! UPDATING !!
routeNo, updatedMCSIndex =  0 [0, 1, 0, 1, 1, 1, 1, 1]

rf.py: Time: 2004 Route details: {0: {'Route': [0, 1, 2, 3, 4, 5, 6, 7, 8], 'MCS_Index': [0, 1, 0, 1, 1, 1, 1, 1], 'Priority': 1, 'ValidRoute': True, 'HQRoute': True, 'RouteNodeDensity': [0, 0, 0, 0, 2, 0, 0, 0, 0], 'InterferingLinks': 16, 'Target': (-1, -1)}}
Node.py: (Node0)@2004400000000.0: Updated MCS from 0 to 1, hist=deque([1.0833333333333333, 0.0, 0.041666666666666664, 0.6, 0.041666666666666664], maxlen=5), packets_serviced=1, packets_received=24
Called Update: UpdateRouteCalls = 0, force = False
Node.py: (Node1)@2004400000000.0: Updated MCS from 1 to 1, hist=deque([0.676056338028169, 0.5, 0.0, 0.34285714285714286, 0.08695652173913043], maxlen=5), packets_serviced=2, packets_received=23
Called Update: UpdateRouteCalls = 1, force = False
Node.py: (Node2)@2004400000000.0: Updated MCS from 0 to 0, hist=deque([0.0, 0.1896551724137931, 8.166666666666666, 0.14634146341463414, 0.36363636363636365], maxlen=5), packets_serviced=8, packets_received=22
Called Update: UpdateRouteCalls = 2, force = False
Node.py: (Node3)@2004400000000.0: Updated MCS from 1 to 1, hist=deque([0.625, 0.04, 0.08839779005524862, 0.8275862068965517, 0.38461538461538464], maxlen=5), packets_serviced=10, packets_received=26
Called Update: UpdateRouteCalls = 3, force = False
Node.py: (Node4)@2004400000000.0: Updated MCS from 1 to 1, hist=deque([0.14705882352941177, 0.18181818181818182, 0.09090909090909091, 0.1896551724137931, 0.3114754098360656], maxlen=5), packets_serviced=19, packets_received=61
Called Update: UpdateRouteCalls = 4, force = False
Node.py: (Node5)@2004400000000.0: Updated MCS from 1 to 1, hist=deque([0.16129032258064516, 0.3333333333333333, 0.23076923076923078, 0.3870967741935484, 0.3870967741935484], maxlen=5), packets_serviced=12, packets_received=31
Called Update: UpdateRouteCalls = 5, force = False
Node.py: (Node6)@2004400000000.0: Updated MCS from 1 to 1, hist=deque([0.11904761904761904, 0.125, 0.1875, 0.18518518518518517, 0.4666666666666667], maxlen=5), packets_serviced=14, packets_received=30
Called Update: UpdateRouteCalls = 6, force = False
Node.py: (Node7)@2004400000000.0: Updated MCS from 1 to 1, hist=deque([0.11904761904761904, 0.07142857142857142, 0.15789473684210525, 0.15625, 0.17543859649122806], maxlen=5), packets_serviced=10, packets_received=57
Called Update: UpdateRouteCalls = 7, force = False
Called Update: UpdateRouteCalls = 8, force = False
Called Update: UpdateRouteCalls = 9, force = False
Called Update: UpdateRouteCalls = 10, force = False
Called Update: UpdateRouteCalls = 11, force = False
Called Update: UpdateRouteCalls = 12, force = False
Called Update: UpdateRouteCalls = 13, force = False
Called Update: UpdateRouteCalls = 14, force = False
Called Update: UpdateRouteCalls = 15, force = False
Called Update: UpdateRouteCalls = 16, force = False
Called Update: UpdateRouteCalls = 17, force = False
!! UPDATING !!
routeNo, updatedMCSIndex =  0 [1, 1, 0, 1, 1, 1, 1, 1]
DUPE: 2001377010499_Node0_Node8_Zero, Node1 id 2001377010499_Node0_Node8_Zero was a dupe; retransmit: 0, pkt_enqueue_time=2004411511950.874, pkt_dequeue_time=2004411511950.874, forwarded_or_dropped=1, reason_for_drop='Expiry'
DUPE: 2001393403791_Node0_Node8_Zero, Node1 id 2001393403791_Node0_Node8_Zero was a dupe; retransmit: 0, pkt_enqueue_time=2004411511950.874, pkt_dequeue_time=2004411511950.874, forwarded_or_dropped=1, reason_for_drop='Expiry'
DUPE: 2001491761981_Node0_Node8_Zero, Node5 id 2001491761981_Node0_Node8_Zero was a dupe; retransmit: 0, pkt_enqueue_time=2004525211536.2388, pkt_dequeue_time=2004525211536.2388, forwarded_or_dropped=1, reason_for_drop='Expiry'
DUPE: 2000655725951_Node0_Node8_Zero, Node2 id 2000655725951_Node0_Node8_Zero was a dupe; retransmit: 0, pkt_enqueue_time=2004529385527.5103, pkt_dequeue_time=2004529385527.5103, forwarded_or_dropped=1, reason_for_drop='Expiry'
DUPE: 2000672118019_Node0_Node8_Zero, Node2 id 2000672118019_Node0_Node8_Zero was a dupe; retransmit: 0, pkt_enqueue_time=2004529385527.5103, pkt_dequeue_time=2004529385527.5103, forwarded_or_dropped=1, reason_for_drop='Expiry'
DUPE: 2001442586383_Node0_Node8_Zero, Node3 id 2001442586383_Node0_Node8_Zero was a dupe; retransmit: 0, pkt_enqueue_time=2004612117277.5103, pkt_dequeue_time=2004612117277.5103, forwarded_or_dropped=1, reason_for_drop='Expiry'
DUPE: 2001426192527_Node0_Node8_Zero, Node3 id 2001426192527_Node0_Node8_Zero was a dupe; retransmit: 0, pkt_enqueue_time=2004613895483.5103, pkt_dequeue_time=2004613895483.5103, forwarded_or_dropped=1, reason_for_drop='Expiry'
DUPE: 2001622898296_Node0_Node8_Zero, Node3 id 2001622898296_Node0_Node8_Zero was a dupe; retransmit: 0, pkt_enqueue_time=2004632830030.3284, pkt_dequeue_time=2004632830030.3284, forwarded_or_dropped=1, reason_for_drop='Expiry'
DUPE: 2001540935070_Node0_Node8_Zero, Node3 id 2001540935070_Node0_Node8_Zero was a dupe; retransmit: 0, pkt_enqueue_time=2004643041415.239, pkt_dequeue_time=2004643041415.239, forwarded_or_dropped=1, reason_for_drop='Expiry'
DUPE: 2001557331698_Node0_Node8_Zero, Node3 id 2001557331698_Node0_Node8_Zero was a dupe; retransmit: 0, pkt_enqueue_time=2004643041415.239, pkt_dequeue_time=2004643041415.239, forwarded_or_dropped=1, reason_for_drop='Expiry'
DUPE: 2001655687448_Node0_Node8_Zero, Node3 id 2001655687448_Node0_Node8_Zero was a dupe; retransmit: 0, pkt_enqueue_time=2004666099467.6936, pkt_dequeue_time=2004666099467.6936, forwarded_or_dropped=1, reason_for_drop='Expiry'
DUPE: 2001442586383_Node0_Node8_Zero, Node2 id 2001442586383_Node0_Node8_Zero was a dupe; retransmit: 0, pkt_enqueue_time=2004673316567.239, pkt_dequeue_time=2004673316567.239, forwarded_or_dropped=1, reason_for_drop='Expiry'
DUPE: 2001458976811_Node0_Node8_Zero, Node2 id 2001458976811_Node0_Node8_Zero was a dupe; retransmit: 0, pkt_enqueue_time=2004673316567.239, pkt_dequeue_time=2004673316567.239, forwarded_or_dropped=1, reason_for_drop='Expiry'
DUPE: 2001475366133_Node0_Node8_Zero, Node2 id 2001475366133_Node0_Node8_Zero was a dupe; retransmit: 0, pkt_enqueue_time=2004675654773.239, pkt_dequeue_time=2004675654773.239, forwarded_or_dropped=1, reason_for_drop='Expiry'
DUPE: 2001491761981_Node0_Node8_Zero, Node2 id 2001491761981_Node0_Node8_Zero was a dupe; retransmit: 0, pkt_enqueue_time=2004675654773.239, pkt_dequeue_time=2004675654773.239, forwarded_or_dropped=1, reason_for_drop='Expiry'
DUPE: 2001672076014_Node0_Node8_Zero, Node1 id 2001672076014_Node0_Node8_Zero was a dupe; retransmit: 0, pkt_enqueue_time=2004721150062.7832, pkt_dequeue_time=2004721150062.7832, forwarded_or_dropped=1, reason_for_drop='Expiry'
DUPE: 2001688464991_Node0_Node8_Zero, Node1 id 2001688464991_Node0_Node8_Zero was a dupe; retransmit: 0, pkt_enqueue_time=2004721150062.7832, pkt_dequeue_time=2004721150062.7832, forwarded_or_dropped=1, reason_for_drop='Expiry'
Node.py: (Node0)@2004800000000.0: Updated MCS from 1 to 1, hist=deque([0.0, 0.041666666666666664, 0.6, 0.041666666666666664, 0.0], maxlen=5), packets_serviced=0, packets_received=24
Called Update: UpdateRouteCalls = 0, force = False
Node.py: (Node1)@2004800000000.0: Updated MCS from 1 to 1, hist=deque([0.5, 0.0, 0.34285714285714286, 0.08695652173913043, 0.0625], maxlen=5), packets_serviced=2, packets_received=32
Called Update: UpdateRouteCalls = 1, force = False
Node.py: (Node2)@2004800000000.0: Updated MCS from 0 to 0, hist=deque([0.1896551724137931, 8.166666666666666, 0.14634146341463414, 0.36363636363636365, 0.10526315789473684], maxlen=5), packets_serviced=2, packets_received=19
Called Update: UpdateRouteCalls = 2, force = False
Node.py: (Node3)@2004800000000.0: Updated MCS from 1 to 1, hist=deque([0.04, 0.08839779005524862, 0.8275862068965517, 0.38461538461538464, 0.0], maxlen=5), packets_serviced=0, packets_received=41
Called Update: UpdateRouteCalls = 3, force = False
Node.py: (Node4)@2004800000000.0: Updated MCS from 1 to 1, hist=deque([0.18181818181818182, 0.09090909090909091, 0.1896551724137931, 0.3114754098360656, 2.3333333333333335], maxlen=5), packets_serviced=14, packets_received=6
Called Update: UpdateRouteCalls = 4, force = False
Node.py: (Node5)@2004800000000.0: Updated MCS from 1 to 1, hist=deque([0.3333333333333333, 0.23076923076923078, 0.3870967741935484, 0.3870967741935484, 0.1724137931034483], maxlen=5), packets_serviced=10, packets_received=58
Called Update: UpdateRouteCalls = 5, force = False
Node.py: (Node6)@2004800000000.0: Updated MCS from 1 to 1, hist=deque([0.125, 0.1875, 0.18518518518518517, 0.4666666666666667, 0.09090909090909091], maxlen=5), packets_serviced=4, packets_received=44
Called Update: UpdateRouteCalls = 6, force = False
Node.py: (Node7)@2004800000000.0: Updated MCS from 1 to 1, hist=deque([0.07142857142857142, 0.15789473684210525, 0.15625, 0.17543859649122806, 0.1702127659574468], maxlen=5), packets_serviced=8, packets_received=47
Called Update: UpdateRouteCalls = 7, force = False
Called Update: UpdateRouteCalls = 8, force = False
Called Update: UpdateRouteCalls = 9, force = False
Called Update: UpdateRouteCalls = 10, force = False
Called Update: UpdateRouteCalls = 11, force = False
Called Update: UpdateRouteCalls = 12, force = False
Called Update: UpdateRouteCalls = 13, force = False
Called Update: UpdateRouteCalls = 14, force = False
Called Update: UpdateRouteCalls = 15, force = False
Called Update: UpdateRouteCalls = 16, force = False
Called Update: UpdateRouteCalls = 17, force = False
!! UPDATING !!
routeNo, updatedMCSIndex =  0 [1, 1, 0, 1, 1, 1, 1, 1]
DUPE: 2001901573654_Node0_Node8_Zero, Node3 id 2001901573654_Node0_Node8_Zero was a dupe; retransmit: 0, pkt_enqueue_time=2004914157239.512, pkt_dequeue_time=2004914157239.512, forwarded_or_dropped=1, reason_for_drop='Expiry'
DUPE: 2001688464991_Node0_Node8_Zero, Node3 id 2001688464991_Node0_Node8_Zero was a dupe; retransmit: 0, pkt_enqueue_time=2004954324653.9666, pkt_dequeue_time=2004954324653.9666, forwarded_or_dropped=1, reason_for_drop='Expiry'
DUPE: 2001754032351_Node0_Node8_Zero, Node3 id 2001754032351_Node0_Node8_Zero was a dupe; retransmit: 0, pkt_enqueue_time=2004954324653.9666, pkt_dequeue_time=2004954324653.9666, forwarded_or_dropped=1, reason_for_drop='Expiry'
DUPE: 2001983546778_Node0_Node8_Zero, Node7 id 2001983546778_Node0_Node8_Zero was a dupe; retransmit: 0, pkt_enqueue_time=2004996746268.7861, pkt_dequeue_time=2004996746268.7861, forwarded_or_dropped=1, reason_for_drop='Expiry'
main.py: Progress: 2005 / 2014
Called Update: UpdateRouteCalls = 0, force = True
!! UPDATING !!
routeNo, updatedMCSIndex =  0 [1, 1, 0, 1, 1, 1, 1, 1]

rf.py: Time: 2005 Route details: {0: {'Route': [0, 1, 2, 3, 4, 5, 6, 7, 8], 'MCS_Index': [1, 1, 0, 1, 1, 1, 1, 1], 'Priority': 1, 'ValidRoute': True, 'HQRoute': True, 'RouteNodeDensity': [0, 0, 0, 0, 2, 0, 0, 0, 0], 'InterferingLinks': 16, 'Target': (-1, -1)}}
DUPE: 2001934360602_Node0_Node8_Zero, Node4 id 2001934360602_Node0_Node8_Zero was a dupe; retransmit: 0, pkt_enqueue_time=2005015037500.8757, pkt_dequeue_time=2005015037500.8757, forwarded_or_dropped=1, reason_for_drop='Expiry'
DUPE: 2002049123106_Node0_Node8_Zero, Node4 id 2002049123106_Node0_Node8_Zero was a dupe; retransmit: 0, pkt_enqueue_time=2005190332870.0603, pkt_dequeue_time=2005190332870.0603, forwarded_or_dropped=1, reason_for_drop='Expiry'
Node.py: (Node0)@2005200000000.0: Updated MCS from 1 to 1, hist=deque([0.041666666666666664, 0.6, 0.041666666666666664, 0.0, 1.16], maxlen=5), packets_serviced=29, packets_received=25
Called Update: UpdateRouteCalls = 0, force = False
Node.py: (Node1)@2005200000000.0: Updated MCS from 1 to 1, hist=deque([0.0, 0.34285714285714286, 0.08695652173913043, 0.0625, 0.27906976744186046], maxlen=5), packets_serviced=12, packets_received=43
Called Update: UpdateRouteCalls = 1, force = False
Node.py: (Node2)@2005200000000.0: Updated MCS from 0 to 0, hist=deque([8.166666666666666, 0.14634146341463414, 0.36363636363636365, 0.10526315789473684, 0.16129032258064516], maxlen=5), packets_serviced=5, packets_received=31
Called Update: UpdateRouteCalls = 2, force = False
Node.py: (Node3)@2005200000000.0: Updated MCS from 1 to 1, hist=deque([0.08839779005524862, 0.8275862068965517, 0.38461538461538464, 0.0, 1.3333333333333333], maxlen=5), packets_serviced=20, packets_received=15
Called Update: UpdateRouteCalls = 3, force = False
Node.py: (Node4)@2005200000000.0: Updated MCS from 1 to 1, hist=deque([0.09090909090909091, 0.1896551724137931, 0.3114754098360656, 2.3333333333333335, 0.3783783783783784], maxlen=5), packets_serviced=14, packets_received=37
Called Update: UpdateRouteCalls = 4, force = False
Node.py: (Node5)@2005200000000.0: Updated MCS from 1 to 1, hist=deque([0.23076923076923078, 0.3870967741935484, 0.3870967741935484, 0.1724137931034483, 0.4090909090909091], maxlen=5), packets_serviced=18, packets_received=44
Called Update: UpdateRouteCalls = 5, force = False
Node.py: (Node6)@2005200000000.0: Updated MCS from 1 to 1, hist=deque([0.1875, 0.18518518518518517, 0.4666666666666667, 0.09090909090909091, 0.4666666666666667], maxlen=5), packets_serviced=21, packets_received=45
Called Update: UpdateRouteCalls = 6, force = False
Node.py: (Node7)@2005200000000.0: Updated MCS from 1 to 1, hist=deque([0.15789473684210525, 0.15625, 0.17543859649122806, 0.1702127659574468, 0.2714285714285714], maxlen=5), packets_serviced=19, packets_received=70
Called Update: UpdateRouteCalls = 7, force = False
Called Update: UpdateRouteCalls = 8, force = False
Called Update: UpdateRouteCalls = 9, force = False
Called Update: UpdateRouteCalls = 10, force = False
Called Update: UpdateRouteCalls = 11, force = False
Called Update: UpdateRouteCalls = 12, force = False
Called Update: UpdateRouteCalls = 13, force = False
Called Update: UpdateRouteCalls = 14, force = False
Called Update: UpdateRouteCalls = 15, force = False
Called Update: UpdateRouteCalls = 16, force = False
Called Update: UpdateRouteCalls = 17, force = False
!! UPDATING !!
routeNo, updatedMCSIndex =  0 [1, 1, 0, 1, 1, 1, 1, 1]
DUPE: 2002196674032_Node0_Node8_Zero, Node6 id 2002196674032_Node0_Node8_Zero was a dupe; retransmit: 0, pkt_enqueue_time=2005257392481.152, pkt_dequeue_time=2005257392481.152, forwarded_or_dropped=1, reason_for_drop='Expiry'
DUPE: 2002229461705_Node0_Node8_Zero, Node6 id 2002229461705_Node0_Node8_Zero was a dupe; retransmit: 0, pkt_enqueue_time=2005293012960.9705, pkt_dequeue_time=2005293012960.9705, forwarded_or_dropped=1, reason_for_drop='Expiry'
DUPE: 2002229461705_Node0_Node8_Zero, Node5 id 2002229461705_Node0_Node8_Zero was a dupe; retransmit: 0, pkt_enqueue_time=2005302137858.1523, pkt_dequeue_time=2005302137858.1523, forwarded_or_dropped=1, reason_for_drop='Expiry'
DUPE: 2002426179251_Node0_Node8_Zero, Node5 id 2002426179251_Node0_Node8_Zero was a dupe; retransmit: 0, pkt_enqueue_time=2005434345494.5166, pkt_dequeue_time=2005434345494.5166, forwarded_or_dropped=1, reason_for_drop='Expiry'
DUPE: 2002426179251_Node0_Node8_Zero, Node7 id 2002426179251_Node0_Node8_Zero was a dupe; retransmit: 0, pkt_enqueue_time=2005471205253.88, pkt_dequeue_time=2005471205253.88, forwarded_or_dropped=1, reason_for_drop='Expiry'
DUPE: 2001917968328_Node0_Node8_Zero, Node3 id 2001917968328_Node0_Node8_Zero was a dupe; retransmit: 0, pkt_enqueue_time=2005536556226.9714, pkt_dequeue_time=2005536556226.9714, forwarded_or_dropped=1, reason_for_drop='Expiry'
DUPE: 2002557318238_Node0_Node8_Zero, Node7 id 2002557318238_Node0_Node8_Zero was a dupe; retransmit: 0, pkt_enqueue_time=2005575390657.6077, pkt_dequeue_time=2005575390657.6077, forwarded_or_dropped=1, reason_for_drop='Expiry'
Node.py: (Node0)@2005600000000.0: Updated MCS from 1 to 1, hist=deque([0.6, 0.041666666666666664, 0.0, 1.16, 1.5833333333333333], maxlen=5), packets_serviced=38, packets_received=24
Called Update: UpdateRouteCalls = 0, force = False
Node.py: (Node1)@2005600000000.0: Updated MCS from 1 to 1, hist=deque([0.34285714285714286, 0.08695652173913043, 0.0625, 0.27906976744186046, 0.10784313725490197], maxlen=5), packets_serviced=11, packets_received=102
Called Update: UpdateRouteCalls = 1, force = False
Node.py: (Node2)@2005600000000.0: Updated MCS from 0 to 1, hist=deque([0.14634146341463414, 0.36363636363636365, 0.10526315789473684, 0.16129032258064516, 0.018518518518518517], maxlen=5), packets_serviced=1, packets_received=54
Called Update: UpdateRouteCalls = 2, force = False
Node.py: (Node3)@2005600000000.0: Updated MCS from 1 to 0, hist=deque([0.8275862068965517, 0.38461538461538464, 0.0, 1.3333333333333333, 2.0], maxlen=5), packets_serviced=14, packets_received=7
Called Update: UpdateRouteCalls = 3, force = False
Node.py: (Node4)@2005600000000.0: Updated MCS from 1 to 1, hist=deque([0.1896551724137931, 0.3114754098360656, 2.3333333333333335, 0.3783783783783784, 0.05555555555555555], maxlen=5), packets_serviced=4, packets_received=72
Called Update: UpdateRouteCalls = 4, force = False
Node.py: (Node5)@2005600000000.0: Updated MCS from 1 to 1, hist=deque([0.3870967741935484, 0.3870967741935484, 0.1724137931034483, 0.4090909090909091, 0.3], maxlen=5), packets_serviced=6, packets_received=20
Called Update: UpdateRouteCalls = 5, force = False
Node.py: (Node6)@2005600000000.0: Updated MCS from 1 to 1, hist=deque([0.18518518518518517, 0.4666666666666667, 0.09090909090909091, 0.4666666666666667, 0.14893617021276595], maxlen=5), packets_serviced=7, packets_received=47
Called Update: UpdateRouteCalls = 6, force = False
Node.py: (Node7)@2005600000000.0: Updated MCS from 1 to 1, hist=deque([0.15625, 0.17543859649122806, 0.1702127659574468, 0.2714285714285714, 0.13432835820895522], maxlen=5), packets_serviced=9, packets_received=67
Called Update: UpdateRouteCalls = 7, force = False
Called Update: UpdateRouteCalls = 8, force = False
Called Update: UpdateRouteCalls = 9, force = False
Called Update: UpdateRouteCalls = 10, force = False
Called Update: UpdateRouteCalls = 11, force = False
Called Update: UpdateRouteCalls = 12, force = False
Called Update: UpdateRouteCalls = 13, force = False
Called Update: UpdateRouteCalls = 14, force = False
Called Update: UpdateRouteCalls = 15, force = False
Called Update: UpdateRouteCalls = 16, force = False
Called Update: UpdateRouteCalls = 17, force = False
!! UPDATING !!
routeNo, updatedMCSIndex =  0 [1, 1, 1, 0, 1, 1, 1, 1]
DUPE: 2002295037096_Node0_Node8_Zero, Node7 id 2002295037096_Node0_Node8_Zero was a dupe; retransmit: 0, pkt_enqueue_time=2005605551456.2441, pkt_dequeue_time=2005605551456.2441, forwarded_or_dropped=1, reason_for_drop='Expiry'
DUPE: 2002311427562_Node0_Node8_Zero, Node7 id 2002311427562_Node0_Node8_Zero was a dupe; retransmit: 0, pkt_enqueue_time=2005605551456.2441, pkt_dequeue_time=2005605551456.2441, forwarded_or_dropped=1, reason_for_drop='Expiry'
DUPE: 2002229461705_Node0_Node8_Zero, Node7 id 2002229461705_Node0_Node8_Zero was a dupe; retransmit: 0, pkt_enqueue_time=2005638857890.8806, pkt_dequeue_time=2005638857890.8806, forwarded_or_dropped=1, reason_for_drop='Expiry'
DUPE: 2002639271277_Node0_Node8_Zero, Node7 id 2002639271277_Node0_Node8_Zero was a dupe; retransmit: 0, pkt_enqueue_time=2005724265302.6113, pkt_dequeue_time=2005724265302.6113, forwarded_or_dropped=1, reason_for_drop='Expiry'
DUPE: 2002622878335_Node0_Node8_Zero, Node3 id 2002622878335_Node0_Node8_Zero was a dupe; retransmit: 0, pkt_enqueue_time=2005787158717.9788, pkt_dequeue_time=2005787158717.9788, forwarded_or_dropped=1, reason_for_drop='Expiry'
DUPE: 2002655660540_Node0_Node8_Zero, Node3 id 2002655660540_Node0_Node8_Zero was a dupe; retransmit: 0, pkt_enqueue_time=2005795415164.0706, pkt_dequeue_time=2005795415164.0706, forwarded_or_dropped=1, reason_for_drop='Expiry'
DUPE: 2001639292594_Node0_Node8_Zero, Node3 id 2001639292594_Node0_Node8_Zero was a dupe; retransmit: 0, pkt_enqueue_time=2005795415164.0706, pkt_dequeue_time=2005795415164.0706, forwarded_or_dropped=1, reason_for_drop='Expiry'
DUPE: 2002590099112_Node0_Node8_Zero, Node4 id 2002590099112_Node0_Node8_Zero was a dupe; retransmit: 0, pkt_enqueue_time=2005838990162.5251, pkt_dequeue_time=2005838990162.5251, forwarded_or_dropped=1, reason_for_drop='Expiry'
DUPE: 2002803188301_Node0_Node8_Zero, Node7 id 2002803188301_Node0_Node8_Zero was a dupe; retransmit: 0, pkt_enqueue_time=2005853857774.7036, pkt_dequeue_time=2005853857774.7036, forwarded_or_dropped=1, reason_for_drop='Expiry'
DUPE: 2002655660540_Node0_Node8_Zero, Node4 id 2002655660540_Node0_Node8_Zero was a dupe; retransmit: 0, pkt_enqueue_time=2005871567551.707, pkt_dequeue_time=2005871567551.707, forwarded_or_dropped=1, reason_for_drop='Expiry'
DUPE: 2002688444749_Node0_Node8_Zero, Node3 id 2002688444749_Node0_Node8_Zero was a dupe; retransmit: 0, pkt_enqueue_time=2005874055675.4343, pkt_dequeue_time=2005874055675.4343, forwarded_or_dropped=1, reason_for_drop='Expiry'
DUPE: 2002639271277_Node0_Node8_Zero, Node5 id 2002639271277_Node0_Node8_Zero was a dupe; retransmit: 0, pkt_enqueue_time=2005890334217.5251, pkt_dequeue_time=2005890334217.5251, forwarded_or_dropped=1, reason_for_drop='Expiry'
DUPE: 2002622878335_Node0_Node8_Zero, Node5 id 2002622878335_Node0_Node8_Zero was a dupe; retransmit: 0, pkt_enqueue_time=2005890334217.5251, pkt_dequeue_time=2005890334217.5251, forwarded_or_dropped=1, reason_for_drop='Expiry'
DUPE: 2002770405749_Node0_Node8_Zero, Node4 id 2002770405749_Node0_Node8_Zero was a dupe; retransmit: 0, pkt_enqueue_time=2005895430478.2524, pkt_dequeue_time=2005895430478.2524, forwarded_or_dropped=1, reason_for_drop='Expiry'
DUPE: 2002868764155_Node0_Node8_Zero, Node7 id 2002868764155_Node0_Node8_Zero was a dupe; retransmit: 0, pkt_enqueue_time=2005898819237.7976, pkt_dequeue_time=2005898819237.7976, forwarded_or_dropped=1, reason_for_drop='Expiry'
DUPE: 2000557362476_Node0_Node8_Zero, Node3 id 2000557362476_Node0_Node8_Zero was a dupe; retransmit: 0, pkt_enqueue_time=2005902508472.9797, pkt_dequeue_time=2005902508472.9797, forwarded_or_dropped=1, reason_for_drop='Expiry'
DUPE: 2002327819953_Node0_Node8_Zero, Node6 id 2002327819953_Node0_Node8_Zero was a dupe; retransmit: 0, pkt_enqueue_time=2005911063948.3433, pkt_dequeue_time=2005911063948.3433, forwarded_or_dropped=1, reason_for_drop='Expiry'
DUPE: 2002524538582_Node0_Node8_Zero, Node6 id 2002524538582_Node0_Node8_Zero was a dupe; retransmit: 0, pkt_enqueue_time=2005911063948.3433, pkt_dequeue_time=2005911063948.3433, forwarded_or_dropped=1, reason_for_drop='Expiry'
DUPE: 2002360611478_Node0_Node8_Zero, Node5 id 2002360611478_Node0_Node8_Zero was a dupe; retransmit: 0, pkt_enqueue_time=2005915576020.0706, pkt_dequeue_time=2005915576020.0706, forwarded_or_dropped=1, reason_for_drop='Expiry'
DUPE: 2001983546778_Node0_Node8_Zero, Node5 id 2001983546778_Node0_Node8_Zero was a dupe; retransmit: 0, pkt_enqueue_time=2005915576020.0706, pkt_dequeue_time=2005915576020.0706, forwarded_or_dropped=1, reason_for_drop='Expiry'
DUPE: 2001278652014_Node0_Node8_Zero, Node3 id 2001278652014_Node0_Node8_Zero was a dupe; retransmit: 0, pkt_enqueue_time=2005927230820.3433, pkt_dequeue_time=2005927230820.3433, forwarded_or_dropped=1, reason_for_drop='Expiry'
DUPE: 2002786798317_Node0_Node8_Zero, Node5 id 2002786798317_Node0_Node8_Zero was a dupe; retransmit: 0, pkt_enqueue_time=2005932557606.707, pkt_dequeue_time=2005932557606.707, forwarded_or_dropped=1, reason_for_drop='Expiry'
DUPE: 2002393393676_Node0_Node8_Zero, Node7 id 2002393393676_Node0_Node8_Zero was a dupe; retransmit: 0, pkt_enqueue_time=2005942809732.7979, pkt_dequeue_time=2005942809732.7979, forwarded_or_dropped=1, reason_for_drop='Expiry'
DUPE: 2002868764155_Node0_Node8_Zero, Node6 id 2002868764155_Node0_Node8_Zero was a dupe; retransmit: 0, pkt_enqueue_time=2005953820644.5251, pkt_dequeue_time=2005953820644.5251, forwarded_or_dropped=1, reason_for_drop='Expiry'
DUPE: 2002803188301_Node0_Node8_Zero, Node3 id 2002803188301_Node0_Node8_Zero was a dupe; retransmit: 0, pkt_enqueue_time=2005972018357.3433, pkt_dequeue_time=2005972018357.3433, forwarded_or_dropped=1, reason_for_drop='Expiry'
DUPE: 2002524538582_Node0_Node8_Zero, Node7 id 2002524538582_Node0_Node8_Zero was a dupe; retransmit: 0, pkt_enqueue_time=2005972525989.3433, pkt_dequeue_time=2005972525989.3433, forwarded_or_dropped=1, reason_for_drop='Expiry'
DUPE: 2002442574832_Node0_Node8_Zero, Node7 id 2002442574832_Node0_Node8_Zero was a dupe; retransmit: 0, pkt_enqueue_time=2005972525989.3433, pkt_dequeue_time=2005972525989.3433, forwarded_or_dropped=1, reason_for_drop='Expiry'
DUPE: 2002360611478_Node0_Node8_Zero, Node6 id 2002360611478_Node0_Node8_Zero was a dupe; retransmit: 0, pkt_enqueue_time=2005974457439.1616, pkt_dequeue_time=2005974457439.1616, forwarded_or_dropped=1, reason_for_drop='Expiry'
DUPE: 2002393393676_Node0_Node8_Zero, Node6 id 2002393393676_Node0_Node8_Zero was a dupe; retransmit: 0, pkt_enqueue_time=2005976755645.1616, pkt_dequeue_time=2005976755645.1616, forwarded_or_dropped=1, reason_for_drop='Expiry'
DUPE: 2002934349094_Node0_Node8_Zero, Node7 id 2002934349094_Node0_Node8_Zero was a dupe; retransmit: 0, pkt_enqueue_time=2005995615958.9797, pkt_dequeue_time=2005995615958.9797, forwarded_or_dropped=1, reason_for_drop='Expiry'
DUPE: 2002835978005_Node0_Node8_Zero, Node7 id 2002835978005_Node0_Node8_Zero was a dupe; retransmit: 0, pkt_enqueue_time=2005995615958.9797, pkt_dequeue_time=2005995615958.9797, forwarded_or_dropped=1, reason_for_drop='Expiry'
DUPE: 2002508143462_Node0_Node8_Zero, Node6 id 2002508143462_Node0_Node8_Zero was a dupe; retransmit: 0, pkt_enqueue_time=2005997867030.798, pkt_dequeue_time=2005997867030.798, forwarded_or_dropped=1, reason_for_drop='Expiry'
DUPE: 2002442574832_Node0_Node8_Zero, Node6 id 2002442574832_Node0_Node8_Zero was a dupe; retransmit: 0, pkt_enqueue_time=2005997867030.798, pkt_dequeue_time=2005997867030.798, forwarded_or_dropped=1, reason_for_drop='Expiry'
main.py: Progress: 2006 / 2014
Node.py: (Node0)@2006000000000.0: Updated MCS from 1 to 0, hist=deque([0.041666666666666664, 0.0, 1.16, 1.5833333333333333, 2.0], maxlen=5), packets_serviced=50, packets_received=25
Called Update: UpdateRouteCalls = 0, force = False
Node.py: (Node1)@2006000000000.0: Updated MCS from 1 to 1, hist=deque([0.08695652173913043, 0.0625, 0.27906976744186046, 0.10784313725490197, 0.0], maxlen=5), packets_serviced=0, packets_received=219
Called Update: UpdateRouteCalls = 1, force = False
Called Update: UpdateRouteCalls = 2, force = False
Node.py: (Node3)@2006000000000.0: Updated MCS from 0 to 0, hist=deque([0.38461538461538464, 0.0, 1.3333333333333333, 2.0, 0.0], maxlen=5), packets_serviced=0, packets_received=10
Called Update: UpdateRouteCalls = 3, force = False
Node.py: (Node4)@2006000000000.0: Updated MCS from 1 to 0, hist=deque([0.3114754098360656, 2.3333333333333335, 0.3783783783783784, 0.05555555555555555, 3.0], maxlen=5), packets_serviced=12, packets_received=4
Called Update: UpdateRouteCalls = 4, force = False
Node.py: (Node5)@2006000000000.0: Updated MCS from 1 to 1, hist=deque([0.3870967741935484, 0.1724137931034483, 0.4090909090909091, 0.3, 0.26666666666666666], maxlen=5), packets_serviced=12, packets_received=45
Called Update: UpdateRouteCalls = 5, force = False
Node.py: (Node6)@2006000000000.0: Updated MCS from 1 to 1, hist=deque([0.4666666666666667, 0.09090909090909091, 0.4666666666666667, 0.14893617021276595, 0.23404255319148937], maxlen=5), packets_serviced=11, packets_received=47
Called Update: UpdateRouteCalls = 6, force = False
Node.py: (Node7)@2006000000000.0: Updated MCS from 1 to 1, hist=deque([0.17543859649122806, 0.1702127659574468, 0.2714285714285714, 0.13432835820895522, 0.2391304347826087], maxlen=5), packets_serviced=11, packets_received=46
Called Update: UpdateRouteCalls = 7, force = False
Called Update: UpdateRouteCalls = 8, force = False
Called Update: UpdateRouteCalls = 9, force = False
Called Update: UpdateRouteCalls = 10, force = False
Called Update: UpdateRouteCalls = 11, force = False
Called Update: UpdateRouteCalls = 12, force = False
Called Update: UpdateRouteCalls = 13, force = False
Called Update: UpdateRouteCalls = 14, force = False
Called Update: UpdateRouteCalls = 15, force = False
Called Update: UpdateRouteCalls = 16, force = False
Called Update: UpdateRouteCalls = 17, force = False
!! UPDATING !!
routeNo, updatedMCSIndex =  0 [0, 1, 1, 0, 0, 1, 1, 1]
Called Update: UpdateRouteCalls = 0, force = True
!! UPDATING !!
routeNo, updatedMCSIndex =  0 [0, 1, 1, 0, 0, 1, 1, 1]

rf.py: Time: 2006 Route details: {0: {'Route': [0, 1, 2, 3, 4, 5, 6, 7, 8], 'MCS_Index': [0, 1, 1, 0, 0, 1, 1, 1], 'Priority': 1, 'ValidRoute': True, 'HQRoute': True, 'RouteNodeDensity': [0, 0, 0, 0, 2, 0, 0, 0, 0], 'InterferingLinks': 16, 'Target': (-1, -1)}}
DUPE: 2000590148963_Node0_Node8_Zero, Node3 id 2000590148963_Node0_Node8_Zero was a dupe; retransmit: 0, pkt_enqueue_time=2006015713281.5288, pkt_dequeue_time=2006015713281.5288, forwarded_or_dropped=1, reason_for_drop='Expiry'
DUPE: 2000868826814_Node0_Node8_Zero, Node3 id 2000868826814_Node0_Node8_Zero was a dupe; retransmit: 0, pkt_enqueue_time=2006015713281.5288, pkt_dequeue_time=2006015713281.5288, forwarded_or_dropped=1, reason_for_drop='Expiry'
DUPE: 2002704841896_Node0_Node8_Zero, Node7 id 2002704841896_Node0_Node8_Zero was a dupe; retransmit: 0, pkt_enqueue_time=2006040260024.7068, pkt_dequeue_time=2006040260024.7068, forwarded_or_dropped=1, reason_for_drop='Expiry'
DUPE: 2002786798317_Node0_Node8_Zero, Node7 id 2002786798317_Node0_Node8_Zero was a dupe; retransmit: 0, pkt_enqueue_time=2006040260024.7068, pkt_dequeue_time=2006040260024.7068, forwarded_or_dropped=1, reason_for_drop='Expiry'
DUPE: 2001803208775_Node0_Node8_Zero, Node3 id 2001803208775_Node0_Node8_Zero was a dupe; retransmit: 0, pkt_enqueue_time=2006042262561.1653, pkt_dequeue_time=2006042262561.1653, forwarded_or_dropped=1, reason_for_drop='Expiry'
DUPE: 2001819600293_Node0_Node8_Zero, Node3 id 2001819600293_Node0_Node8_Zero was a dupe; retransmit: 0, pkt_enqueue_time=2006042262561.1653, pkt_dequeue_time=2006042262561.1653, forwarded_or_dropped=1, reason_for_drop='Expiry'
DUPE: 2002622878335_Node0_Node8_Zero, Node6 id 2002622878335_Node0_Node8_Zero was a dupe; retransmit: 0, pkt_enqueue_time=2006062767368.9802, pkt_dequeue_time=2006062767368.9802, forwarded_or_dropped=1, reason_for_drop='Expiry'
DUPE: 2002344215293_Node0_Node8_Zero, Node6 id 2002344215293_Node0_Node8_Zero was a dupe; retransmit: 0, pkt_enqueue_time=2006062767368.9802, pkt_dequeue_time=2006062767368.9802, forwarded_or_dropped=1, reason_for_drop='Expiry'
DUPE: 2002360611478_Node0_Node8_Zero, Node3 id 2002360611478_Node0_Node8_Zero was a dupe; retransmit: 0, pkt_enqueue_time=2006069514037.8018, pkt_dequeue_time=2006069514037.8018, forwarded_or_dropped=1, reason_for_drop='Expiry'
DUPE: 2002295037096_Node0_Node8_Zero, Node3 id 2002295037096_Node0_Node8_Zero was a dupe; retransmit: 0, pkt_enqueue_time=2006069514037.8018, pkt_dequeue_time=2006069514037.8018, forwarded_or_dropped=1, reason_for_drop='Expiry'
DUPE: 2003065492940_Node0_Node8_Zero, Node3 id 2003065492940_Node0_Node8_Zero was a dupe; retransmit: 0, pkt_enqueue_time=2006098167177.4382, pkt_dequeue_time=2006098167177.4382, forwarded_or_dropped=1, reason_for_drop='Expiry'
DUPE: 2002950740247_Node0_Node8_Zero, Node3 id 2002950740247_Node0_Node8_Zero was a dupe; retransmit: 0, pkt_enqueue_time=2006126172225.9836, pkt_dequeue_time=2006126172225.9836, forwarded_or_dropped=1, reason_for_drop='Expiry'
DUPE: 2001934360602_Node0_Node8_Zero, Node3 id 2001934360602_Node0_Node8_Zero was a dupe; retransmit: 0, pkt_enqueue_time=2006152970055.529, pkt_dequeue_time=2006152970055.529, forwarded_or_dropped=1, reason_for_drop='Expiry'
DUPE: 2001950757781_Node0_Node8_Zero, Node3 id 2001950757781_Node0_Node8_Zero was a dupe; retransmit: 0, pkt_enqueue_time=2006152970055.529, pkt_dequeue_time=2006152970055.529, forwarded_or_dropped=1, reason_for_drop='Expiry'
DUPE: 2002835978005_Node0_Node8_Zero, Node3 id 2002835978005_Node0_Node8_Zero was a dupe; retransmit: 0, pkt_enqueue_time=2006156920400.892, pkt_dequeue_time=2006156920400.892, forwarded_or_dropped=1, reason_for_drop='Expiry'
DUPE: 2001508155642_Node0_Node8_Zero, Node3 id 2001508155642_Node0_Node8_Zero was a dupe; retransmit: 0, pkt_enqueue_time=2006182425553.4375, pkt_dequeue_time=2006182425553.4375, forwarded_or_dropped=1, reason_for_drop='Expiry'
DUPE: 2001524546586_Node0_Node8_Zero, Node3 id 2001524546586_Node0_Node8_Zero was a dupe; retransmit: 0, pkt_enqueue_time=2006182425553.4375, pkt_dequeue_time=2006182425553.4375, forwarded_or_dropped=1, reason_for_drop='Expiry'
DUPE: 2001721246794_Node0_Node8_Zero, Node3 id 2001721246794_Node0_Node8_Zero was a dupe; retransmit: 0, pkt_enqueue_time=2006187574596.4375, pkt_dequeue_time=2006187574596.4375, forwarded_or_dropped=1, reason_for_drop='Expiry'
DUPE: 2001672076014_Node0_Node8_Zero, Node3 id 2001672076014_Node0_Node8_Zero was a dupe; retransmit: 0, pkt_enqueue_time=2006187574596.4375, pkt_dequeue_time=2006187574596.4375, forwarded_or_dropped=1, reason_for_drop='Expiry'
DUPE: 2001016369810_Node0_Node8_Zero, Node3 id 2001016369810_Node0_Node8_Zero was a dupe; retransmit: 0, pkt_enqueue_time=2006216296062.074, pkt_dequeue_time=2006216296062.074, forwarded_or_dropped=1, reason_for_drop='Expiry'
DUPE: 2000999975636_Node0_Node8_Zero, Node3 id 2000999975636_Node0_Node8_Zero was a dupe; retransmit: 0, pkt_enqueue_time=2006216296062.074, pkt_dequeue_time=2006216296062.074, forwarded_or_dropped=1, reason_for_drop='Expiry'
DUPE: 2001737637757_Node0_Node8_Zero, Node3 id 2001737637757_Node0_Node8_Zero was a dupe; retransmit: 0, pkt_enqueue_time=2006242962675.7104, pkt_dequeue_time=2006242962675.7104, forwarded_or_dropped=1, reason_for_drop='Expiry'
DUPE: 2001704857143_Node0_Node8_Zero, Node3 id 2001704857143_Node0_Node8_Zero was a dupe; retransmit: 0, pkt_enqueue_time=2006242962675.7104, pkt_dequeue_time=2006242962675.7104, forwarded_or_dropped=1, reason_for_drop='Expiry'
DUPE: 2002098306897_Node0_Node8_Zero, Node3 id 2002098306897_Node0_Node8_Zero was a dupe; retransmit: 0, pkt_enqueue_time=2006270791704.347, pkt_dequeue_time=2006270791704.347, forwarded_or_dropped=1, reason_for_drop='Expiry'
DUPE: 2002114698335_Node0_Node8_Zero, Node3 id 2002114698335_Node0_Node8_Zero was a dupe; retransmit: 0, pkt_enqueue_time=2006270791704.347, pkt_dequeue_time=2006270791704.347, forwarded_or_dropped=1, reason_for_drop='Expiry'
DUPE: 2002065516784_Node0_Node8_Zero, Node3 id 2002065516784_Node0_Node8_Zero was a dupe; retransmit: 0, pkt_enqueue_time=2006291792306.5286, pkt_dequeue_time=2006291792306.5286, forwarded_or_dropped=1, reason_for_drop='Expiry'
DUPE: 2002081910129_Node0_Node8_Zero, Node3 id 2002081910129_Node0_Node8_Zero was a dupe; retransmit: 0, pkt_enqueue_time=2006291792306.5286, pkt_dequeue_time=2006291792306.5286, forwarded_or_dropped=1, reason_for_drop='Expiry'
DUPE: 2000606543027_Node0_Node8_Zero, Node3 id 2000606543027_Node0_Node8_Zero was a dupe; retransmit: 0, pkt_enqueue_time=2006316539839.165, pkt_dequeue_time=2006316539839.165, forwarded_or_dropped=1, reason_for_drop='Expiry'
DUPE: 2000836049054_Node0_Node8_Zero, Node3 id 2000836049054_Node0_Node8_Zero was a dupe; retransmit: 0, pkt_enqueue_time=2006316539839.165, pkt_dequeue_time=2006316539839.165, forwarded_or_dropped=1, reason_for_drop='Expiry'
DUPE: 2002229461705_Node0_Node8_Zero, Node3 id 2002229461705_Node0_Node8_Zero was a dupe; retransmit: 0, pkt_enqueue_time=2006341421115.8015, pkt_dequeue_time=2006341421115.8015, forwarded_or_dropped=1, reason_for_drop='Expiry'
DUPE: 2002573709801_Node0_Node8_Zero, Node3 id 2002573709801_Node0_Node8_Zero was a dupe; retransmit: 0, pkt_enqueue_time=2006341421115.8015, pkt_dequeue_time=2006341421115.8015, forwarded_or_dropped=1, reason_for_drop='Expiry'
DUPE: 2002770405749_Node0_Node8_Zero, Node3 id 2002770405749_Node0_Node8_Zero was a dupe; retransmit: 0, pkt_enqueue_time=2006368396619.438, pkt_dequeue_time=2006368396619.438, forwarded_or_dropped=1, reason_for_drop='Expiry'
Node.py: (Node0)@2006400000000.0: Updated MCS from 0 to 0, hist=deque([0.0, 1.16, 1.5833333333333333, 2.0, 1.4583333333333333], maxlen=5), packets_serviced=35, packets_received=24
Called Update: UpdateRouteCalls = 0, force = False
Node.py: (Node1)@2006400000000.0: Updated MCS from 1 to 1, hist=deque([0.0625, 0.27906976744186046, 0.10784313725490197, 0.0, 0.0], maxlen=5), packets_serviced=0, packets_received=146
Called Update: UpdateRouteCalls = 1, force = False
Called Update: UpdateRouteCalls = 2, force = False
Node.py: (Node3)@2006400000000.0: Updated MCS from 0 to 1, hist=deque([0.0, 1.3333333333333333, 2.0, 0.0, 0.0], maxlen=5), packets_serviced=0, packets_received=31
Called Update: UpdateRouteCalls = 3, force = False
Called Update: UpdateRouteCalls = 4, force = False
Called Update: UpdateRouteCalls = 5, force = False
Node.py: (Node6)@2006400000000.0: Updated MCS from 1 to 1, hist=deque([0.09090909090909091, 0.4666666666666667, 0.14893617021276595, 0.23404255319148937, 0.0], maxlen=5), packets_serviced=0, packets_received=2
Called Update: UpdateRouteCalls = 6, force = False
Node.py: (Node7)@2006400000000.0: Updated MCS from 1 to 1, hist=deque([0.1702127659574468, 0.2714285714285714, 0.13432835820895522, 0.2391304347826087, 0.0], maxlen=5), packets_serviced=0, packets_received=5
Called Update: UpdateRouteCalls = 7, force = False
Called Update: UpdateRouteCalls = 8, force = False
Called Update: UpdateRouteCalls = 9, force = False
Called Update: UpdateRouteCalls = 10, force = False
Called Update: UpdateRouteCalls = 11, force = False
Called Update: UpdateRouteCalls = 12, force = False
Called Update: UpdateRouteCalls = 13, force = False
Called Update: UpdateRouteCalls = 14, force = False
Called Update: UpdateRouteCalls = 15, force = False
Called Update: UpdateRouteCalls = 16, force = False
Called Update: UpdateRouteCalls = 17, force = False
!! UPDATING !!
routeNo, updatedMCSIndex =  0 [0, 1, 1, 1, 0, 1, 1, 1]
DUPE: 2001180288354_Node0_Node8_Zero, Node3 id 2001180288354_Node0_Node8_Zero was a dupe; retransmit: 0, pkt_enqueue_time=2006401570036.9834, pkt_dequeue_time=2006401570036.9834, forwarded_or_dropped=1, reason_for_drop='Expiry'
DUPE: 2001196683598_Node0_Node8_Zero, Node3 id 2001196683598_Node0_Node8_Zero was a dupe; retransmit: 0, pkt_enqueue_time=2006401570036.9834, pkt_dequeue_time=2006401570036.9834, forwarded_or_dropped=1, reason_for_drop='Expiry'
DUPE: 2001229468740_Node0_Node8_Zero, Node3 id 2001229468740_Node0_Node8_Zero was a dupe; retransmit: 0, pkt_enqueue_time=2006404468242.9834, pkt_dequeue_time=2006404468242.9834, forwarded_or_dropped=1, reason_for_drop='Expiry'
DUPE: 2001213075957_Node0_Node8_Zero, Node3 id 2001213075957_Node0_Node8_Zero was a dupe; retransmit: 0, pkt_enqueue_time=2006404468242.9834, pkt_dequeue_time=2006404468242.9834, forwarded_or_dropped=1, reason_for_drop='Expiry'
DUPE: 2002754015723_Node0_Node8_Zero, Node3 id 2002754015723_Node0_Node8_Zero was a dupe; retransmit: 0, pkt_enqueue_time=2006433681206.6199, pkt_dequeue_time=2006433681206.6199, forwarded_or_dropped=1, reason_for_drop='Expiry'
DUPE: 2003049101986_Node0_Node8_Zero, Node3 id 2003049101986_Node0_Node8_Zero was a dupe; retransmit: 0, pkt_enqueue_time=2006464646576.1653, pkt_dequeue_time=2006464646576.1653, forwarded_or_dropped=1, reason_for_drop='Expiry'
DUPE: 2003098287665_Node0_Node8_Zero, Node3 id 2003098287665_Node0_Node8_Zero was a dupe; retransmit: 0, pkt_enqueue_time=2006472378836.7107, pkt_dequeue_time=2006472378836.7107, forwarded_or_dropped=1, reason_for_drop='Expiry'
DUPE: 2001458976811_Node0_Node8_Zero, Node3 id 2001458976811_Node0_Node8_Zero was a dupe; retransmit: 0, pkt_enqueue_time=2006501293036.256, pkt_dequeue_time=2006501293036.256, forwarded_or_dropped=1, reason_for_drop='Expiry'
Node.py: (Node0)@2006800000000.0: Updated MCS from 0 to 0, hist=deque([1.16, 1.5833333333333333, 2.0, 1.4583333333333333, 3.4166666666666665], maxlen=5), packets_serviced=82, packets_received=24
Called Update: UpdateRouteCalls = 0, force = False
Node.py: (Node1)@2006800000000.0: Updated MCS from 1 to 1, hist=deque([0.27906976744186046, 0.10784313725490197, 0.0, 0.0, 0.0], maxlen=5), packets_serviced=0, packets_received=170
Called Update: UpdateRouteCalls = 1, force = False
Called Update: UpdateRouteCalls = 2, force = False
Node.py: (Node3)@2006800000000.0: Updated MCS from 1 to 1, hist=deque([1.3333333333333333, 2.0, 0.0, 0.0, 0.0], maxlen=5), packets_serviced=0, packets_received=10
Called Update: UpdateRouteCalls = 3, force = False
Called Update: UpdateRouteCalls = 4, force = False
Called Update: UpdateRouteCalls = 5, force = False
Called Update: UpdateRouteCalls = 6, force = False
Called Update: UpdateRouteCalls = 7, force = False
Called Update: UpdateRouteCalls = 8, force = False
Called Update: UpdateRouteCalls = 9, force = False
Called Update: UpdateRouteCalls = 10, force = False
Called Update: UpdateRouteCalls = 11, force = False
Called Update: UpdateRouteCalls = 12, force = False
Called Update: UpdateRouteCalls = 13, force = False
Called Update: UpdateRouteCalls = 14, force = False
Called Update: UpdateRouteCalls = 15, force = False
Called Update: UpdateRouteCalls = 16, force = False
Called Update: UpdateRouteCalls = 17, force = False
!! UPDATING !!
routeNo, updatedMCSIndex =  0 [0, 1, 1, 1, 0, 1, 1, 1]
main.py: Progress: 2007 / 2014
Called Update: UpdateRouteCalls = 0, force = True
!! UPDATING !!
routeNo, updatedMCSIndex =  0 [0, 1, 1, 1, 0, 1, 1, 1]

rf.py: Time: 2007 Route details: {0: {'Route': [0, 1, 2, 3, 4, 5, 6, 7, 8], 'MCS_Index': [0, 1, 1, 1, 0, 1, 1, 1], 'Priority': 1, 'ValidRoute': True, 'HQRoute': True, 'RouteNodeDensity': [0, 0, 0, 0, 2, 0, 0, 0, 0], 'InterferingLinks': 16, 'Target': (-1, -1)}}
Node.py: (Node0)@2007200000000.0: Updated MCS from 0 to 0, hist=deque([1.5833333333333333, 2.0, 1.4583333333333333, 3.4166666666666665, 0.2], maxlen=5), packets_serviced=5, packets_received=25
Called Update: UpdateRouteCalls = 0, force = False
Node.py: (Node1)@2007200000000.0: Updated MCS from 1 to 1, hist=deque([0.10784313725490197, 0.0, 0.0, 0.0, 0.0], maxlen=5), packets_serviced=0, packets_received=160
Called Update: UpdateRouteCalls = 1, force = False
Called Update: UpdateRouteCalls = 2, force = False
Called Update: UpdateRouteCalls = 3, force = False
Called Update: UpdateRouteCalls = 4, force = False
Called Update: UpdateRouteCalls = 5, force = False
Called Update: UpdateRouteCalls = 6, force = False
Called Update: UpdateRouteCalls = 7, force = False
Called Update: UpdateRouteCalls = 8, force = False
Called Update: UpdateRouteCalls = 9, force = False
Called Update: UpdateRouteCalls = 10, force = False
Called Update: UpdateRouteCalls = 11, force = False
Called Update: UpdateRouteCalls = 12, force = False
Called Update: UpdateRouteCalls = 13, force = False
Called Update: UpdateRouteCalls = 14, force = False
Called Update: UpdateRouteCalls = 15, force = False
Called Update: UpdateRouteCalls = 16, force = False
Called Update: UpdateRouteCalls = 17, force = False
!! UPDATING !!
routeNo, updatedMCSIndex =  0 [0, 1, 1, 1, 0, 1, 1, 1]
Node.py: (Node0)@2007600000000.0: Updated MCS from 0 to 0, hist=deque([2.0, 1.4583333333333333, 3.4166666666666665, 0.2, 0.9583333333333334], maxlen=5), packets_serviced=23, packets_received=24
Called Update: UpdateRouteCalls = 0, force = False
Node.py: (Node1)@2007600000000.0: Updated MCS from 1 to 1, hist=deque([0.0, 0.0, 0.0, 0.0, 0.0], maxlen=5), packets_serviced=0, packets_received=123
Called Update: UpdateRouteCalls = 1, force = False
Called Update: UpdateRouteCalls = 2, force = False
Called Update: UpdateRouteCalls = 3, force = False
Called Update: UpdateRouteCalls = 4, force = False
Called Update: UpdateRouteCalls = 5, force = False
Called Update: UpdateRouteCalls = 6, force = False
Called Update: UpdateRouteCalls = 7, force = False
Called Update: UpdateRouteCalls = 8, force = False
Called Update: UpdateRouteCalls = 9, force = False
Called Update: UpdateRouteCalls = 10, force = False
Called Update: UpdateRouteCalls = 11, force = False
Called Update: UpdateRouteCalls = 12, force = False
Called Update: UpdateRouteCalls = 13, force = False
Called Update: UpdateRouteCalls = 14, force = False
Called Update: UpdateRouteCalls = 15, force = False
Called Update: UpdateRouteCalls = 16, force = False
Called Update: UpdateRouteCalls = 17, force = False
!! UPDATING !!
routeNo, updatedMCSIndex =  0 [0, 1, 1, 1, 0, 1, 1, 1]
main.py: Progress: 2008 / 2014
Node.py: (Node0)@2008000000000.0: Updated MCS from 0 to 0, hist=deque([1.4583333333333333, 3.4166666666666665, 0.2, 0.9583333333333334, 1.52], maxlen=5), packets_serviced=38, packets_received=25
Called Update: UpdateRouteCalls = 0, force = False
Node.py: (Node1)@2008000000000.0: Updated MCS from 1 to 1, hist=deque([0.0, 0.0, 0.0, 0.0, 0.0], maxlen=5), packets_serviced=0, packets_received=174
Called Update: UpdateRouteCalls = 1, force = False
Called Update: UpdateRouteCalls = 2, force = False
Called Update: UpdateRouteCalls = 3, force = False
Called Update: UpdateRouteCalls = 4, force = False
Called Update: UpdateRouteCalls = 5, force = False
Called Update: UpdateRouteCalls = 6, force = False
Called Update: UpdateRouteCalls = 7, force = False
Called Update: UpdateRouteCalls = 8, force = False
Called Update: UpdateRouteCalls = 9, force = False
Called Update: UpdateRouteCalls = 10, force = False
Called Update: UpdateRouteCalls = 11, force = False
Called Update: UpdateRouteCalls = 12, force = False
Called Update: UpdateRouteCalls = 13, force = False
Called Update: UpdateRouteCalls = 14, force = False
Called Update: UpdateRouteCalls = 15, force = False
Called Update: UpdateRouteCalls = 16, force = False
Called Update: UpdateRouteCalls = 17, force = False
!! UPDATING !!
routeNo, updatedMCSIndex =  0 [0, 1, 1, 1, 0, 1, 1, 1]
Called Update: UpdateRouteCalls = 0, force = True
!! UPDATING !!
routeNo, updatedMCSIndex =  0 [0, 1, 1, 1, 0, 1, 1, 1]

rf.py: Time: 2008 Route details: {0: {'Route': [0, 1, 2, 3, 4, 5, 6, 7, 8], 'MCS_Index': [0, 1, 1, 1, 0, 1, 1, 1], 'Priority': 1, 'ValidRoute': True, 'HQRoute': True, 'RouteNodeDensity': [0, 0, 0, 0, 2, 0, 0, 0, 0], 'InterferingLinks': 16, 'Target': (-1, -1)}}
DUPE: 2005295024160_Node0_Node8_Zero, Node1 id 2005295024160_Node0_Node8_Zero was a dupe; retransmit: 0, pkt_enqueue_time=2008316095160.869, pkt_dequeue_time=2008316095160.869, forwarded_or_dropped=1, reason_for_drop='Expiry'
Node.py: (Node0)@2008400000000.0: Updated MCS from 0 to 0, hist=deque([3.4166666666666665, 0.2, 0.9583333333333334, 1.52, 0.041666666666666664], maxlen=5), packets_serviced=1, packets_received=24
Called Update: UpdateRouteCalls = 0, force = False
Node.py: (Node1)@2008400000000.0: Updated MCS from 1 to 1, hist=deque([0.0, 0.0, 0.0, 0.0, 0.0], maxlen=5), packets_serviced=0, packets_received=108
Called Update: UpdateRouteCalls = 1, force = False
Called Update: UpdateRouteCalls = 2, force = False
Called Update: UpdateRouteCalls = 3, force = False
Called Update: UpdateRouteCalls = 4, force = False
Called Update: UpdateRouteCalls = 5, force = False
Called Update: UpdateRouteCalls = 6, force = False
Called Update: UpdateRouteCalls = 7, force = False
Called Update: UpdateRouteCalls = 8, force = False
Called Update: UpdateRouteCalls = 9, force = False
Called Update: UpdateRouteCalls = 10, force = False
Called Update: UpdateRouteCalls = 11, force = False
Called Update: UpdateRouteCalls = 12, force = False
Called Update: UpdateRouteCalls = 13, force = False
Called Update: UpdateRouteCalls = 14, force = False
Called Update: UpdateRouteCalls = 15, force = False
Called Update: UpdateRouteCalls = 16, force = False
Called Update: UpdateRouteCalls = 17, force = False
!! UPDATING !!
routeNo, updatedMCSIndex =  0 [0, 1, 1, 1, 0, 1, 1, 1]
DUPE: 2005426170506_Node0_Node8_Zero, Node1 id 2005426170506_Node0_Node8_Zero was a dupe; retransmit: 0, pkt_enqueue_time=2008607070256.867, pkt_dequeue_time=2008607070256.867, forwarded_or_dropped=1, reason_for_drop='Expiry'
DUPE: 2005278628393_Node0_Node8_Zero, Node1 id 2005278628393_Node0_Node8_Zero was a dupe; retransmit: 0, pkt_enqueue_time=2008636868529.594, pkt_dequeue_time=2008636868529.594, forwarded_or_dropped=1, reason_for_drop='Expiry'
DUPE: 2005590097067_Node0_Node8_Zero, Node1 id 2005590097067_Node0_Node8_Zero was a dupe; retransmit: 0, pkt_enqueue_time=2008661287147.7756, pkt_dequeue_time=2008661287147.7756, forwarded_or_dropped=1, reason_for_drop='Expiry'
DUPE: 2005065517469_Node0_Node8_Zero, Node1 id 2005065517469_Node0_Node8_Zero was a dupe; retransmit: 0, pkt_enqueue_time=2008707352935.5935, pkt_dequeue_time=2008707352935.5935, forwarded_or_dropped=1, reason_for_drop='Expiry'
DUPE: 2005081912440_Node0_Node8_Zero, Node1 id 2005081912440_Node0_Node8_Zero was a dupe; retransmit: 0, pkt_enqueue_time=2008713612590.139, pkt_dequeue_time=2008713612590.139, forwarded_or_dropped=1, reason_for_drop='Expiry'
DUPE: 2004393386702_Node0_Node8_Zero, Node1 id 2004393386702_Node0_Node8_Zero was a dupe; retransmit: 0, pkt_enqueue_time=2008726351899.2297, pkt_dequeue_time=2008726351899.2297, forwarded_or_dropped=1, reason_for_drop='Expiry'
DUPE: 2004409784589_Node0_Node8_Zero, Node1 id 2004409784589_Node0_Node8_Zero was a dupe; retransmit: 0, pkt_enqueue_time=2008726351899.2297, pkt_dequeue_time=2008726351899.2297, forwarded_or_dropped=1, reason_for_drop='Expiry'
DUPE: 2005163870187_Node0_Node8_Zero, Node1 id 2005163870187_Node0_Node8_Zero was a dupe; retransmit: 0, pkt_enqueue_time=2008791473765.5933, pkt_dequeue_time=2008791473765.5933, forwarded_or_dropped=1, reason_for_drop='Expiry'
Node.py: (Node0)@2008800000000.0: Updated MCS from 0 to 1, hist=deque([0.2, 0.9583333333333334, 1.52, 0.041666666666666664, 0.0], maxlen=5), packets_serviced=0, packets_received=24
Called Update: UpdateRouteCalls = 0, force = False
Node.py: (Node1)@2008800000000.0: Updated MCS from 1 to 1, hist=deque([0.0, 0.0, 0.0, 0.0, 0.0], maxlen=5), packets_serviced=0, packets_received=75
Called Update: UpdateRouteCalls = 1, force = False
Called Update: UpdateRouteCalls = 2, force = False
Called Update: UpdateRouteCalls = 3, force = False
Called Update: UpdateRouteCalls = 4, force = False
Called Update: UpdateRouteCalls = 5, force = False
Called Update: UpdateRouteCalls = 6, force = False
Called Update: UpdateRouteCalls = 7, force = False
Called Update: UpdateRouteCalls = 8, force = False
Called Update: UpdateRouteCalls = 9, force = False
Called Update: UpdateRouteCalls = 10, force = False
Called Update: UpdateRouteCalls = 11, force = False
Called Update: UpdateRouteCalls = 12, force = False
Called Update: UpdateRouteCalls = 13, force = False
Called Update: UpdateRouteCalls = 14, force = False
Called Update: UpdateRouteCalls = 15, force = False
Called Update: UpdateRouteCalls = 16, force = False
Called Update: UpdateRouteCalls = 17, force = False
!! UPDATING !!
routeNo, updatedMCSIndex =  0 [1, 1, 1, 1, 0, 1, 1, 1]
DUPE: 2005245837621_Node0_Node8_Zero, Node1 id 2005245837621_Node0_Node8_Zero was a dupe; retransmit: 0, pkt_enqueue_time=2008822440589.775, pkt_dequeue_time=2008822440589.775, forwarded_or_dropped=1, reason_for_drop='Expiry'
DUPE: 2005229442224_Node0_Node8_Zero, Node1 id 2005229442224_Node0_Node8_Zero was a dupe; retransmit: 0, pkt_enqueue_time=2008825488795.775, pkt_dequeue_time=2008825488795.775, forwarded_or_dropped=1, reason_for_drop='Expiry'
DUPE: 2004786829558_Node0_Node8_Zero, Node1 id 2004786829558_Node0_Node8_Zero was a dupe; retransmit: 0, pkt_enqueue_time=2008841716310.8657, pkt_dequeue_time=2008841716310.8657, forwarded_or_dropped=1, reason_for_drop='Expiry'
DUPE: 2004803224815_Node0_Node8_Zero, Node1 id 2004803224815_Node0_Node8_Zero was a dupe; retransmit: 0, pkt_enqueue_time=2008841716310.8657, pkt_dequeue_time=2008841716310.8657, forwarded_or_dropped=1, reason_for_drop='Expiry'
DUPE: 2004655694078_Node0_Node8_Zero, Node1 id 2004655694078_Node0_Node8_Zero was a dupe; retransmit: 0, pkt_enqueue_time=2008848198874.5022, pkt_dequeue_time=2008848198874.5022, forwarded_or_dropped=1, reason_for_drop='Expiry'
DUPE: 2004672085974_Node0_Node8_Zero, Node1 id 2004672085974_Node0_Node8_Zero was a dupe; retransmit: 0, pkt_enqueue_time=2008848198874.5022, pkt_dequeue_time=2008848198874.5022, forwarded_or_dropped=1, reason_for_drop='Expiry'
DUPE: 2003999948169_Node0_Node8_Zero, Node1 id 2003999948169_Node0_Node8_Zero was a dupe; retransmit: 0, pkt_enqueue_time=2008854681438.1387, pkt_dequeue_time=2008854681438.1387, forwarded_or_dropped=1, reason_for_drop='Expiry'
DUPE: 2004016337725_Node0_Node8_Zero, Node1 id 2004016337725_Node0_Node8_Zero was a dupe; retransmit: 0, pkt_enqueue_time=2008854681438.1387, pkt_dequeue_time=2008854681438.1387, forwarded_or_dropped=1, reason_for_drop='Expiry'
DUPE: 2004098314001_Node0_Node8_Zero, Node1 id 2004098314001_Node0_Node8_Zero was a dupe; retransmit: 0, pkt_enqueue_time=2008872051862.3206, pkt_dequeue_time=2008872051862.3206, forwarded_or_dropped=1, reason_for_drop='Expiry'
DUPE: 2004114709890_Node0_Node8_Zero, Node1 id 2004114709890_Node0_Node8_Zero was a dupe; retransmit: 0, pkt_enqueue_time=2008872051862.3206, pkt_dequeue_time=2008872051862.3206, forwarded_or_dropped=1, reason_for_drop='Expiry'
DUPE: 2005409777742_Node0_Node8_Zero, Node1 id 2005409777742_Node0_Node8_Zero was a dupe; retransmit: 0, pkt_enqueue_time=2008893681941.0479, pkt_dequeue_time=2008893681941.0479, forwarded_or_dropped=1, reason_for_drop='Expiry'
DUPE: 2005491740862_Node0_Node8_Zero, Node1 id 2005491740862_Node0_Node8_Zero was a dupe; retransmit: 0, pkt_enqueue_time=2008895590147.0479, pkt_dequeue_time=2008895590147.0479, forwarded_or_dropped=1, reason_for_drop='Expiry'
DUPE: 2003737656198_Node0_Node8_Zero, Node1 id 2003737656198_Node0_Node8_Zero was a dupe; retransmit: 0, pkt_enqueue_time=2008902173801.5933, pkt_dequeue_time=2008902173801.5933, forwarded_or_dropped=1, reason_for_drop='Expiry'
DUPE: 2003754052223_Node0_Node8_Zero, Node1 id 2003754052223_Node0_Node8_Zero was a dupe; retransmit: 0, pkt_enqueue_time=2008902173801.5933, pkt_dequeue_time=2008902173801.5933, forwarded_or_dropped=1, reason_for_drop='Expiry'
DUPE: 2005917954812_Node0_Node8_Zero, Node1 id 2005917954812_Node0_Node8_Zero was a dupe; retransmit: 0, pkt_enqueue_time=2008918144225.7751, pkt_dequeue_time=2008918144225.7751, forwarded_or_dropped=1, reason_for_drop='Expiry'
DUPE: 2005458956546_Node0_Node8_Zero, Node1 id 2005458956546_Node0_Node8_Zero was a dupe; retransmit: 0, pkt_enqueue_time=2008924803880.3206, pkt_dequeue_time=2008924803880.3206, forwarded_or_dropped=1, reason_for_drop='Expiry'
DUPE: 2005475345616_Node0_Node8_Zero, Node1 id 2005475345616_Node0_Node8_Zero was a dupe; retransmit: 0, pkt_enqueue_time=2008927892086.3206, pkt_dequeue_time=2008927892086.3206, forwarded_or_dropped=1, reason_for_drop='Expiry'
DUPE: 2005819592527_Node0_Node8_Zero, Node1 id 2005819592527_Node0_Node8_Zero was a dupe; retransmit: 0, pkt_enqueue_time=2008973046771.0476, pkt_dequeue_time=2008973046771.0476, forwarded_or_dropped=1, reason_for_drop='Expiry'
DUPE: 2004983559252_Node0_Node8_Zero, Node1 id 2004983559252_Node0_Node8_Zero was a dupe; retransmit: 0, pkt_enqueue_time=2008979806425.593, pkt_dequeue_time=2008979806425.593, forwarded_or_dropped=1, reason_for_drop='Expiry'
DUPE: 2004967165849_Node0_Node8_Zero, Node1 id 2004967165849_Node0_Node8_Zero was a dupe; retransmit: 0, pkt_enqueue_time=2008986566080.1384, pkt_dequeue_time=2008986566080.1384, forwarded_or_dropped=1, reason_for_drop='Expiry'
DUPE: 2004819617372_Node0_Node8_Zero, Node1 id 2004819617372_Node0_Node8_Zero was a dupe; retransmit: 0, pkt_enqueue_time=2008993345734.6838, pkt_dequeue_time=2008993345734.6838, forwarded_or_dropped=1, reason_for_drop='Expiry'
DUPE: 2004836013080_Node0_Node8_Zero, Node1 id 2004836013080_Node0_Node8_Zero was a dupe; retransmit: 0, pkt_enqueue_time=2008993345734.6838, pkt_dequeue_time=2008993345734.6838, forwarded_or_dropped=1, reason_for_drop='Expiry'
main.py: Progress: 2009 / 2014
Called Update: UpdateRouteCalls = 0, force = True
!! UPDATING !!
routeNo, updatedMCSIndex =  0 [1, 1, 1, 1, 0, 1, 1, 1]

rf.py: Time: 2009 Route details: {0: {'Route': [0, 1, 2, 3, 4, 5, 6, 7, 8], 'MCS_Index': [1, 1, 1, 1, 0, 1, 1, 1], 'Priority': 1, 'ValidRoute': True, 'HQRoute': True, 'RouteNodeDensity': [0, 0, 0, 0, 2, 0, 0, 0, 0], 'InterferingLinks': 16, 'Target': (-1, -1)}}
DUPE: 2005983522826_Node0_Node8_Zero, Node1 id 2005983522826_Node0_Node8_Zero was a dupe; retransmit: 0, pkt_enqueue_time=2009000148298.3203, pkt_dequeue_time=2009000148298.3203, forwarded_or_dropped=1, reason_for_drop='Expiry'
DUPE: 2005885166062_Node0_Node8_Zero, Node1 id 2005885166062_Node0_Node8_Zero was a dupe; retransmit: 0, pkt_enqueue_time=2009006947952.8657, pkt_dequeue_time=2009006947952.8657, forwarded_or_dropped=1, reason_for_drop='Expiry'
DUPE: 2006032699848_Node0_Node8_Zero, Node1 id 2006032699848_Node0_Node8_Zero was a dupe; retransmit: 0, pkt_enqueue_time=2009053862637.5928, pkt_dequeue_time=2009053862637.5928, forwarded_or_dropped=1, reason_for_drop='Expiry'
DUPE: 2004524548536_Node0_Node8_Zero, Node1 id 2004524548536_Node0_Node8_Zero was a dupe; retransmit: 0, pkt_enqueue_time=2009060702292.1382, pkt_dequeue_time=2009060702292.1382, forwarded_or_dropped=1, reason_for_drop='Expiry'
DUPE: 2004540941041_Node0_Node8_Zero, Node1 id 2004540941041_Node0_Node8_Zero was a dupe; retransmit: 0, pkt_enqueue_time=2009060702292.1382, pkt_dequeue_time=2009060702292.1382, forwarded_or_dropped=1, reason_for_drop='Expiry'
DUPE: 2004622900427_Node0_Node8_Zero, Node1 id 2004622900427_Node0_Node8_Zero was a dupe; retransmit: 0, pkt_enqueue_time=2009063640498.1382, pkt_dequeue_time=2009063640498.1382, forwarded_or_dropped=1, reason_for_drop='Expiry'
DUPE: 2004639295852_Node0_Node8_Zero, Node1 id 2004639295852_Node0_Node8_Zero was a dupe; retransmit: 0, pkt_enqueue_time=2009063640498.1382, pkt_dequeue_time=2009063640498.1382, forwarded_or_dropped=1, reason_for_drop='Expiry'
DUPE: 2005016345739_Node0_Node8_Zero, Node1 id 2005016345739_Node0_Node8_Zero was a dupe; retransmit: 0, pkt_enqueue_time=2009084362370.8655, pkt_dequeue_time=2009084362370.8655, forwarded_or_dropped=1, reason_for_drop='Expiry'
DUPE: 2005852379069_Node0_Node8_Zero, Node1 id 2005852379069_Node0_Node8_Zero was a dupe; retransmit: 0, pkt_enqueue_time=2009117509195.047, pkt_dequeue_time=2009117509195.047, forwarded_or_dropped=1, reason_for_drop='Expiry'
DUPE: 2004917976395_Node0_Node8_Zero, Node1 id 2004917976395_Node0_Node8_Zero was a dupe; retransmit: 0, pkt_enqueue_time=2009136456710.138, pkt_dequeue_time=2009136456710.138, forwarded_or_dropped=1, reason_for_drop='Expiry'
DUPE: 2005754019002_Node0_Node8_Zero, Node1 id 2005754019002_Node0_Node8_Zero was a dupe; retransmit: 0, pkt_enqueue_time=2009143856364.6833, pkt_dequeue_time=2009143856364.6833, forwarded_or_dropped=1, reason_for_drop='Expiry'
DUPE: 2005622876324_Node0_Node8_Zero, Node1 id 2005622876324_Node0_Node8_Zero was a dupe; retransmit: 0, pkt_enqueue_time=2009166455328.3196, pkt_dequeue_time=2009166455328.3196, forwarded_or_dropped=1, reason_for_drop='Expiry'
DUPE: 2005442563270_Node0_Node8_Zero, Node1 id 2005442563270_Node0_Node8_Zero was a dupe; retransmit: 0, pkt_enqueue_time=2009174034982.865, pkt_dequeue_time=2009174034982.865, forwarded_or_dropped=1, reason_for_drop='Expiry'
Node.py: (Node0)@2009200000000.0: Updated MCS from 1 to 1, hist=deque([0.9583333333333334, 1.52, 0.041666666666666664, 0.0, 0.0], maxlen=5), packets_serviced=0, packets_received=25
Called Update: UpdateRouteCalls = 0, force = False
Node.py: (Node1)@2009200000000.0: Updated MCS from 1 to 1, hist=deque([0.0, 0.0, 0.0, 0.0, 0.0], maxlen=5), packets_serviced=0, packets_received=72
Called Update: UpdateRouteCalls = 1, force = False
Called Update: UpdateRouteCalls = 2, force = False
Called Update: UpdateRouteCalls = 3, force = False
Called Update: UpdateRouteCalls = 4, force = False
Called Update: UpdateRouteCalls = 5, force = False
Called Update: UpdateRouteCalls = 6, force = False
Called Update: UpdateRouteCalls = 7, force = False
Called Update: UpdateRouteCalls = 8, force = False
Called Update: UpdateRouteCalls = 9, force = False
Called Update: UpdateRouteCalls = 10, force = False
Called Update: UpdateRouteCalls = 11, force = False
Called Update: UpdateRouteCalls = 12, force = False
Called Update: UpdateRouteCalls = 13, force = False
Called Update: UpdateRouteCalls = 14, force = False
Called Update: UpdateRouteCalls = 15, force = False
Called Update: UpdateRouteCalls = 16, force = False
Called Update: UpdateRouteCalls = 17, force = False
!! UPDATING !!
routeNo, updatedMCSIndex =  0 [1, 1, 1, 1, 0, 1, 1, 1]
DUPE: 2005508131220_Node0_Node8_Zero, Node1 id 2005508131220_Node0_Node8_Zero was a dupe; retransmit: 0, pkt_enqueue_time=2009201042152.5012, pkt_dequeue_time=2009201042152.5012, forwarded_or_dropped=1, reason_for_drop='Expiry'
DUPE: 2005606485703_Node0_Node8_Zero, Node1 id 2005606485703_Node0_Node8_Zero was a dupe; retransmit: 0, pkt_enqueue_time=2009203030358.5012, pkt_dequeue_time=2009203030358.5012, forwarded_or_dropped=1, reason_for_drop='Expiry'
DUPE: 2004131100544_Node0_Node8_Zero, Node1 id 2004131100544_Node0_Node8_Zero was a dupe; retransmit: 0, pkt_enqueue_time=2009210710013.0466, pkt_dequeue_time=2009210710013.0466, forwarded_or_dropped=1, reason_for_drop='Expiry'
DUPE: 2004147493679_Node0_Node8_Zero, Node1 id 2004147493679_Node0_Node8_Zero was a dupe; retransmit: 0, pkt_enqueue_time=2009210710013.0466, pkt_dequeue_time=2009210710013.0466, forwarded_or_dropped=1, reason_for_drop='Expiry'
DUPE: 2004163891713_Node0_Node8_Zero, Node1 id 2004163891713_Node0_Node8_Zero was a dupe; retransmit: 0, pkt_enqueue_time=2009213168219.0466, pkt_dequeue_time=2009213168219.0466, forwarded_or_dropped=1, reason_for_drop='Expiry'
DUPE: 2004180282007_Node0_Node8_Zero, Node1 id 2004180282007_Node0_Node8_Zero was a dupe; retransmit: 0, pkt_enqueue_time=2009213168219.0466, pkt_dequeue_time=2009213168219.0466, forwarded_or_dropped=1, reason_for_drop='Expiry'
DUPE: 2005131084151_Node0_Node8_Zero, Node1 id 2005131084151_Node0_Node8_Zero was a dupe; retransmit: 0, pkt_enqueue_time=2009220890782.683, pkt_dequeue_time=2009220890782.683, forwarded_or_dropped=1, reason_for_drop='Expiry'
DUPE: 2005147473492_Node0_Node8_Zero, Node1 id 2005147473492_Node0_Node8_Zero was a dupe; retransmit: 0, pkt_enqueue_time=2009226158988.683, pkt_dequeue_time=2009226158988.683, forwarded_or_dropped=1, reason_for_drop='Expiry'
DUPE: 2004065528245_Node0_Node8_Zero, Node1 id 2004065528245_Node0_Node8_Zero was a dupe; retransmit: 0, pkt_enqueue_time=2009233878643.2285, pkt_dequeue_time=2009233878643.2285, forwarded_or_dropped=1, reason_for_drop='Expiry'
DUPE: 2004081920277_Node0_Node8_Zero, Node1 id 2004081920277_Node0_Node8_Zero was a dupe; retransmit: 0, pkt_enqueue_time=2009233878643.2285, pkt_dequeue_time=2009233878643.2285, forwarded_or_dropped=1, reason_for_drop='Expiry'
DUPE: 2003901593068_Node0_Node8_Zero, Node1 id 2003901593068_Node0_Node8_Zero was a dupe; retransmit: 0, pkt_enqueue_time=2009241661206.865, pkt_dequeue_time=2009241661206.865, forwarded_or_dropped=1, reason_for_drop='Expiry'
DUPE: 2003917984636_Node0_Node8_Zero, Node1 id 2003917984636_Node0_Node8_Zero was a dupe; retransmit: 0, pkt_enqueue_time=2009241661206.865, pkt_dequeue_time=2009241661206.865, forwarded_or_dropped=1, reason_for_drop='Expiry'
DUPE: 2005639268732_Node0_Node8_Zero, Node1 id 2005639268732_Node0_Node8_Zero was a dupe; retransmit: 0, pkt_enqueue_time=2009269751285.5923, pkt_dequeue_time=2009269751285.5923, forwarded_or_dropped=1, reason_for_drop='Expiry'
DUPE: 2005196663084_Node0_Node8_Zero, Node1 id 2005196663084_Node0_Node8_Zero was a dupe; retransmit: 0, pkt_enqueue_time=2009277830940.1377, pkt_dequeue_time=2009277830940.1377, forwarded_or_dropped=1, reason_for_drop='Expiry'
DUPE: 2005262230159_Node0_Node8_Zero, Node1 id 2005262230159_Node0_Node8_Zero was a dupe; retransmit: 0, pkt_enqueue_time=2009279899146.1377, pkt_dequeue_time=2009279899146.1377, forwarded_or_dropped=1, reason_for_drop='Expiry'
DUPE: 2005049123873_Node0_Node8_Zero, Node1 id 2005049123873_Node0_Node8_Zero was a dupe; retransmit: 0, pkt_enqueue_time=2009304418109.774, pkt_dequeue_time=2009304418109.774, forwarded_or_dropped=1, reason_for_drop='Expiry'
DUPE: 2005786806075_Node0_Node8_Zero, Node1 id 2005786806075_Node0_Node8_Zero was a dupe; retransmit: 0, pkt_enqueue_time=2009312677764.3193, pkt_dequeue_time=2009312677764.3193, forwarded_or_dropped=1, reason_for_drop='Expiry'
DUPE: 2004458970257_Node0_Node8_Zero, Node1 id 2004458970257_Node0_Node8_Zero was a dupe; retransmit: 0, pkt_enqueue_time=2009362424243.0464, pkt_dequeue_time=2009362424243.0464, forwarded_or_dropped=1, reason_for_drop='Expiry'
DUPE: 2004475368399_Node0_Node8_Zero, Node1 id 2004475368399_Node0_Node8_Zero was a dupe; retransmit: 0, pkt_enqueue_time=2009362424243.0464, pkt_dequeue_time=2009362424243.0464, forwarded_or_dropped=1, reason_for_drop='Expiry'
DUPE: 2004491763385_Node0_Node8_Zero, Node1 id 2004491763385_Node0_Node8_Zero was a dupe; retransmit: 0, pkt_enqueue_time=2009365322449.0464, pkt_dequeue_time=2009365322449.0464, forwarded_or_dropped=1, reason_for_drop='Expiry'
DUPE: 2004508155740_Node0_Node8_Zero, Node1 id 2004508155740_Node0_Node8_Zero was a dupe; retransmit: 0, pkt_enqueue_time=2009365322449.0464, pkt_dequeue_time=2009365322449.0464, forwarded_or_dropped=1, reason_for_drop='Expiry'
DUPE: 2005540919239_Node0_Node8_Zero, Node1 id 2005540919239_Node0_Node8_Zero was a dupe; retransmit: 0, pkt_enqueue_time=2009373745012.6829, pkt_dequeue_time=2009373745012.6829, forwarded_or_dropped=1, reason_for_drop='Expiry'
DUPE: 2005360590866_Node0_Node8_Zero, Node1 id 2005360590866_Node0_Node8_Zero was a dupe; retransmit: 0, pkt_enqueue_time=2009382164667.2283, pkt_dequeue_time=2009382164667.2283, forwarded_or_dropped=1, reason_for_drop='Expiry'
DUPE: 2005672053436_Node0_Node8_Zero, Node1 id 2005672053436_Node0_Node8_Zero was a dupe; retransmit: 0, pkt_enqueue_time=2009390644321.7737, pkt_dequeue_time=2009390644321.7737, forwarded_or_dropped=1, reason_for_drop='Expiry'
DUPE: 2005573707952_Node0_Node8_Zero, Node1 id 2005573707952_Node0_Node8_Zero was a dupe; retransmit: 0, pkt_enqueue_time=2009416183285.41, pkt_dequeue_time=2009416183285.41, forwarded_or_dropped=1, reason_for_drop='Expiry'
DUPE: 2005344200628_Node0_Node8_Zero, Node1 id 2005344200628_Node0_Node8_Zero was a dupe; retransmit: 0, pkt_enqueue_time=2009424742939.9553, pkt_dequeue_time=2009424742939.9553, forwarded_or_dropped=1, reason_for_drop='Expiry'
DUPE: 2006426172192_Node0_Node8_Zero, Node1 id 2006426172192_Node0_Node8_Zero was a dupe; retransmit: 0, pkt_enqueue_time=2009450661903.5916, pkt_dequeue_time=2009450661903.5916, forwarded_or_dropped=1, reason_for_drop='Expiry'
DUPE: 2003934378134_Node0_Node8_Zero, Node1 id 2003934378134_Node0_Node8_Zero was a dupe; retransmit: 0, pkt_enqueue_time=2009476826867.2278, pkt_dequeue_time=2009476826867.2278, forwarded_or_dropped=1, reason_for_drop='Expiry'
DUPE: 2003950774224_Node0_Node8_Zero, Node1 id 2003950774224_Node0_Node8_Zero was a dupe; retransmit: 0, pkt_enqueue_time=2009476826867.2278, pkt_dequeue_time=2009476826867.2278, forwarded_or_dropped=1, reason_for_drop='Expiry'
DUPE: 2004032735463_Node0_Node8_Zero, Node1 id 2004032735463_Node0_Node8_Zero was a dupe; retransmit: 0, pkt_enqueue_time=2009478985073.2278, pkt_dequeue_time=2009478985073.2278, forwarded_or_dropped=1, reason_for_drop='Expiry'
DUPE: 2004049133710_Node0_Node8_Zero, Node1 id 2004049133710_Node0_Node8_Zero was a dupe; retransmit: 0, pkt_enqueue_time=2009478985073.2278, pkt_dequeue_time=2009478985073.2278, forwarded_or_dropped=1, reason_for_drop='Expiry'
DUPE: 2006131059677_Node0_Node8_Zero, Node1 id 2006131059677_Node0_Node8_Zero was a dupe; retransmit: 0, pkt_enqueue_time=2009496587291.4097, pkt_dequeue_time=2009496587291.4097, forwarded_or_dropped=1, reason_for_drop='Expiry'
DUPE: 2006229431101_Node0_Node8_Zero, Node1 id 2006229431101_Node0_Node8_Zero was a dupe; retransmit: 0, pkt_enqueue_time=2009505446945.955, pkt_dequeue_time=2009505446945.955, forwarded_or_dropped=1, reason_for_drop='Expiry'
DUPE: 2005688445714_Node0_Node8_Zero, Node1 id 2005688445714_Node0_Node8_Zero was a dupe; retransmit: 0, pkt_enqueue_time=2009514326600.5005, pkt_dequeue_time=2009514326600.5005, forwarded_or_dropped=1, reason_for_drop='Expiry'
DUPE: 2004721258946_Node0_Node8_Zero, Node1 id 2004721258946_Node0_Node8_Zero was a dupe; retransmit: 0, pkt_enqueue_time=2009523206255.046, pkt_dequeue_time=2009523206255.046, forwarded_or_dropped=1, reason_for_drop='Expiry'
DUPE: 2004737654593_Node0_Node8_Zero, Node1 id 2004737654593_Node0_Node8_Zero was a dupe; retransmit: 0, pkt_enqueue_time=2009523206255.046, pkt_dequeue_time=2009523206255.046, forwarded_or_dropped=1, reason_for_drop='Expiry'
DUPE: 2003606505784_Node0_Node8_Zero, Node1 id 2003606505784_Node0_Node8_Zero was a dupe; retransmit: 0, pkt_enqueue_time=2009532088818.6824, pkt_dequeue_time=2009532088818.6824, forwarded_or_dropped=1, reason_for_drop='Expiry'
DUPE: 2003622896653_Node0_Node8_Zero, Node1 id 2003622896653_Node0_Node8_Zero was a dupe; retransmit: 0, pkt_enqueue_time=2009532088818.6824, pkt_dequeue_time=2009532088818.6824, forwarded_or_dropped=1, reason_for_drop='Expiry'
DUPE: 2006311410870_Node0_Node8_Zero, Node1 id 2006311410870_Node0_Node8_Zero was a dupe; retransmit: 0, pkt_enqueue_time=2009541011382.3188, pkt_dequeue_time=2009541011382.3188, forwarded_or_dropped=1, reason_for_drop='Expiry'
DUPE: 2006081871470_Node0_Node8_Zero, Node1 id 2006081871470_Node0_Node8_Zero was a dupe; retransmit: 0, pkt_enqueue_time=2009561398897.4097, pkt_dequeue_time=2009561398897.4097, forwarded_or_dropped=1, reason_for_drop='Expiry'
DUPE: 2005704835155_Node0_Node8_Zero, Node1 id 2005704835155_Node0_Node8_Zero was a dupe; retransmit: 0, pkt_enqueue_time=2009570518551.955, pkt_dequeue_time=2009570518551.955, forwarded_or_dropped=1, reason_for_drop='Expiry'
DUPE: 2005393382354_Node0_Node8_Zero, Node1 id 2005393382354_Node0_Node8_Zero was a dupe; retransmit: 0, pkt_enqueue_time=2009579738206.5005, pkt_dequeue_time=2009579738206.5005, forwarded_or_dropped=1, reason_for_drop='Expiry'
DUPE: 2006442562672_Node0_Node8_Zero, Node1 id 2006442562672_Node0_Node8_Zero was a dupe; retransmit: 0, pkt_enqueue_time=2009588957861.046, pkt_dequeue_time=2009588957861.046, forwarded_or_dropped=1, reason_for_drop='Expiry'
DUPE: 2005213053336_Node0_Node8_Zero, Node1 id 2005213053336_Node0_Node8_Zero was a dupe; retransmit: 0, pkt_enqueue_time=2009598197515.5913, pkt_dequeue_time=2009598197515.5913, forwarded_or_dropped=1, reason_for_drop='Expiry'
Node.py: (Node0)@2009600000000.0: Updated MCS from 1 to 1, hist=deque([1.52, 0.041666666666666664, 0.0, 0.0, 0.0], maxlen=5), packets_serviced=0, packets_received=24
Called Update: UpdateRouteCalls = 0, force = False
Node.py: (Node1)@2009600000000.0: Updated MCS from 1 to 1, hist=deque([0.0, 0.0, 0.0, 0.0, 0.0], maxlen=5), packets_serviced=0, packets_received=63
Called Update: UpdateRouteCalls = 1, force = False
Called Update: UpdateRouteCalls = 2, force = False
Called Update: UpdateRouteCalls = 3, force = False
Called Update: UpdateRouteCalls = 4, force = False
Called Update: UpdateRouteCalls = 5, force = False
Called Update: UpdateRouteCalls = 6, force = False
Called Update: UpdateRouteCalls = 7, force = False
Called Update: UpdateRouteCalls = 8, force = False
Called Update: UpdateRouteCalls = 9, force = False
Called Update: UpdateRouteCalls = 10, force = False
Called Update: UpdateRouteCalls = 11, force = False
Called Update: UpdateRouteCalls = 12, force = False
Called Update: UpdateRouteCalls = 13, force = False
Called Update: UpdateRouteCalls = 14, force = False
Called Update: UpdateRouteCalls = 15, force = False
Called Update: UpdateRouteCalls = 16, force = False
Called Update: UpdateRouteCalls = 17, force = False
!! UPDATING !!
routeNo, updatedMCSIndex =  0 [1, 1, 1, 1, 0, 1, 1, 1]
DUPE: 2004934373497_Node0_Node8_Zero, Node1 id 2004934373497_Node0_Node8_Zero was a dupe; retransmit: 0, pkt_enqueue_time=2009637192891.2275, pkt_dequeue_time=2009637192891.2275, forwarded_or_dropped=1, reason_for_drop='Expiry'
DUPE: 2004950771217_Node0_Node8_Zero, Node1 id 2004950771217_Node0_Node8_Zero was a dupe; retransmit: 0, pkt_enqueue_time=2009640641097.2275, pkt_dequeue_time=2009640641097.2275, forwarded_or_dropped=1, reason_for_drop='Expiry'
DUPE: 2005901557322_Node0_Node8_Zero, Node1 id 2005901557322_Node0_Node8_Zero was a dupe; retransmit: 0, pkt_enqueue_time=2009650060751.773, pkt_dequeue_time=2009650060751.773, forwarded_or_dropped=1, reason_for_drop='Expiry'
DUPE: 2006065482457_Node0_Node8_Zero, Node1 id 2006065482457_Node0_Node8_Zero was a dupe; retransmit: 0, pkt_enqueue_time=2009668980060.8638, pkt_dequeue_time=2009668980060.8638, forwarded_or_dropped=1, reason_for_drop='Expiry'
DUPE: 2004885188844_Node0_Node8_Zero, Node1 id 2004885188844_Node0_Node8_Zero was a dupe; retransmit: 0, pkt_enqueue_time=2009678459715.4092, pkt_dequeue_time=2009678459715.4092, forwarded_or_dropped=1, reason_for_drop='Expiry'
DUPE: 2004901586794_Node0_Node8_Zero, Node1 id 2004901586794_Node0_Node8_Zero was a dupe; retransmit: 0, pkt_enqueue_time=2009678459715.4092, pkt_dequeue_time=2009678459715.4092, forwarded_or_dropped=1, reason_for_drop='Expiry'
DUPE: 2006655678101_Node0_Node8_Zero, Node1 id 2006655678101_Node0_Node8_Zero was a dupe; retransmit: 0, pkt_enqueue_time=2009687962279.0457, pkt_dequeue_time=2009687962279.0457, forwarded_or_dropped=1, reason_for_drop='Expiry'
DUPE: 2006114662136_Node0_Node8_Zero, Node1 id 2006114662136_Node0_Node8_Zero was a dupe; retransmit: 0, pkt_enqueue_time=2009716878000.1365, pkt_dequeue_time=2009716878000.1365, forwarded_or_dropped=1, reason_for_drop='Expiry'
DUPE: 2006475356828_Node0_Node8_Zero, Node1 id 2006475356828_Node0_Node8_Zero was a dupe; retransmit: 0, pkt_enqueue_time=2009726497654.682, pkt_dequeue_time=2009726497654.682, forwarded_or_dropped=1, reason_for_drop='Expiry'
DUPE: 2004360605366_Node0_Node8_Zero, Node1 id 2004360605366_Node0_Node8_Zero was a dupe; retransmit: 0, pkt_enqueue_time=2009749845169.7727, pkt_dequeue_time=2009749845169.7727, forwarded_or_dropped=1, reason_for_drop='Expiry'
DUPE: 2004376996980_Node0_Node8_Zero, Node1 id 2004376996980_Node0_Node8_Zero was a dupe; retransmit: 0, pkt_enqueue_time=2009749845169.7727, pkt_dequeue_time=2009749845169.7727, forwarded_or_dropped=1, reason_for_drop='Expiry'
DUPE: 2004852405650_Node0_Node8_Zero, Node1 id 2004852405650_Node0_Node8_Zero was a dupe; retransmit: 0, pkt_enqueue_time=2009779047042.5, pkt_dequeue_time=2009779047042.5, forwarded_or_dropped=1, reason_for_drop='Expiry'
DUPE: 2004868799872_Node0_Node8_Zero, Node1 id 2004868799872_Node0_Node8_Zero was a dupe; retransmit: 0, pkt_enqueue_time=2009779047042.5, pkt_dequeue_time=2009779047042.5, forwarded_or_dropped=1, reason_for_drop='Expiry'
DUPE: 2006393386655_Node0_Node8_Zero, Node1 id 2006393386655_Node0_Node8_Zero was a dupe; retransmit: 0, pkt_enqueue_time=2009788829606.1365, pkt_dequeue_time=2009788829606.1365, forwarded_or_dropped=1, reason_for_drop='Expiry'
DUPE: 2005770411391_Node0_Node8_Zero, Node1 id 2005770411391_Node0_Node8_Zero was a dupe; retransmit: 0, pkt_enqueue_time=2009798629260.682, pkt_dequeue_time=2009798629260.682, forwarded_or_dropped=1, reason_for_drop='Expiry'
DUPE: 2004426182697_Node0_Node8_Zero, Node1 id 2004426182697_Node0_Node8_Zero was a dupe; retransmit: 0, pkt_enqueue_time=2009818268569.7727, pkt_dequeue_time=2009818268569.7727, forwarded_or_dropped=1, reason_for_drop='Expiry'
DUPE: 2004442578527_Node0_Node8_Zero, Node1 id 2004442578527_Node0_Node8_Zero was a dupe; retransmit: 0, pkt_enqueue_time=2009818268569.7727, pkt_dequeue_time=2009818268569.7727, forwarded_or_dropped=1, reason_for_drop='Expiry'
DUPE: 2006360596962_Node0_Node8_Zero, Node1 id 2006360596962_Node0_Node8_Zero was a dupe; retransmit: 0, pkt_enqueue_time=2009828151133.4092, pkt_dequeue_time=2009828151133.4092, forwarded_or_dropped=1, reason_for_drop='Expiry'
DUPE: 2006016305861_Node0_Node8_Zero, Node1 id 2006016305861_Node0_Node8_Zero was a dupe; retransmit: 0, pkt_enqueue_time=2009838050787.9546, pkt_dequeue_time=2009838050787.9546, forwarded_or_dropped=1, reason_for_drop='Expiry'
DUPE: 2004754043170_Node0_Node8_Zero, Node1 id 2004754043170_Node0_Node8_Zero was a dupe; retransmit: 0, pkt_enqueue_time=2009848010442.5, pkt_dequeue_time=2009848010442.5, forwarded_or_dropped=1, reason_for_drop='Expiry'
DUPE: 2004770433573_Node0_Node8_Zero, Node1 id 2004770433573_Node0_Node8_Zero was a dupe; retransmit: 0, pkt_enqueue_time=2009848010442.5, pkt_dequeue_time=2009848010442.5, forwarded_or_dropped=1, reason_for_drop='Expiry'
DUPE: 2005114695449_Node0_Node8_Zero, Node1 id 2005114695449_Node0_Node8_Zero was a dupe; retransmit: 0, pkt_enqueue_time=2009857993006.1365, pkt_dequeue_time=2009857993006.1365, forwarded_or_dropped=1, reason_for_drop='Expiry'
DUPE: 2005655661298_Node0_Node8_Zero, Node1 id 2005655661298_Node0_Node8_Zero was a dupe; retransmit: 0, pkt_enqueue_time=2009878012315.2273, pkt_dequeue_time=2009878012315.2273, forwarded_or_dropped=1, reason_for_drop='Expiry'
DUPE: 2003573717891_Node0_Node8_Zero, Node1 id 2003573717891_Node0_Node8_Zero was a dupe; retransmit: 0, pkt_enqueue_time=2009888011969.7727, pkt_dequeue_time=2009888011969.7727, forwarded_or_dropped=1, reason_for_drop='Expiry'
DUPE: 2003590110394_Node0_Node8_Zero, Node1 id 2003590110394_Node0_Node8_Zero was a dupe; retransmit: 0, pkt_enqueue_time=2009888011969.7727, pkt_dequeue_time=2009888011969.7727, forwarded_or_dropped=1, reason_for_drop='Expiry'
DUPE: 2005737621645_Node0_Node8_Zero, Node1 id 2005737621645_Node0_Node8_Zero was a dupe; retransmit: 0, pkt_enqueue_time=2009918413842.5, pkt_dequeue_time=2009918413842.5, forwarded_or_dropped=1, reason_for_drop='Expiry'
DUPE: 2006803218084_Node0_Node8_Zero, Node1 id 2006803218084_Node0_Node8_Zero was a dupe; retransmit: 0, pkt_enqueue_time=2009928753497.0454, pkt_dequeue_time=2009928753497.0454, forwarded_or_dropped=1, reason_for_drop='Expiry'
DUPE: 2005524521282_Node0_Node8_Zero, Node1 id 2005524521282_Node0_Node8_Zero was a dupe; retransmit: 0, pkt_enqueue_time=2009939113151.5908, pkt_dequeue_time=2009939113151.5908, forwarded_or_dropped=1, reason_for_drop='Expiry'
DUPE: 2005934344134_Node0_Node8_Zero, Node1 id 2005934344134_Node0_Node8_Zero was a dupe; retransmit: 0, pkt_enqueue_time=2009972168872.6816, pkt_dequeue_time=2009972168872.6816, forwarded_or_dropped=1, reason_for_drop='Expiry'
DUPE: 2004557335225_Node0_Node8_Zero, Node1 id 2004557335225_Node0_Node8_Zero was a dupe; retransmit: 0, pkt_enqueue_time=2009982628527.227, pkt_dequeue_time=2009982628527.227, forwarded_or_dropped=1, reason_for_drop='Expiry'
DUPE: 2004573724823_Node0_Node8_Zero, Node1 id 2004573724823_Node0_Node8_Zero was a dupe; retransmit: 0, pkt_enqueue_time=2009982628527.227, pkt_dequeue_time=2009982628527.227, forwarded_or_dropped=1, reason_for_drop='Expiry'
DUPE: 2005032734924_Node0_Node8_Zero, Node1 id 2005032734924_Node0_Node8_Zero was a dupe; retransmit: 0, pkt_enqueue_time=2009993188090.8635, pkt_dequeue_time=2009993188090.8635, forwarded_or_dropped=1, reason_for_drop='Expiry'
main.py: Progress: 2010 / 2014
Node.py: (Node0)@2010000000000.0: Updated MCS from 1 to 1, hist=deque([0.041666666666666664, 0.0, 0.0, 0.0, 0.0], maxlen=5), packets_serviced=0, packets_received=25
Called Update: UpdateRouteCalls = 0, force = False
Node.py: (Node1)@2010000000000.0: Updated MCS from 1 to 1, hist=deque([0.0, 0.0, 0.0, 0.0, 0.0], maxlen=5), packets_serviced=0, packets_received=51
Called Update: UpdateRouteCalls = 1, force = False
Called Update: UpdateRouteCalls = 2, force = False
Called Update: UpdateRouteCalls = 3, force = False
Called Update: UpdateRouteCalls = 4, force = False
Called Update: UpdateRouteCalls = 5, force = False
Called Update: UpdateRouteCalls = 6, force = False
Called Update: UpdateRouteCalls = 7, force = False
Called Update: UpdateRouteCalls = 8, force = False
Called Update: UpdateRouteCalls = 9, force = False
Called Update: UpdateRouteCalls = 10, force = False
Called Update: UpdateRouteCalls = 11, force = False
Called Update: UpdateRouteCalls = 12, force = False
Called Update: UpdateRouteCalls = 13, force = False
Called Update: UpdateRouteCalls = 14, force = False
Called Update: UpdateRouteCalls = 15, force = False
Called Update: UpdateRouteCalls = 16, force = False
Called Update: UpdateRouteCalls = 17, force = False
!! UPDATING !!
routeNo, updatedMCSIndex =  0 [1, 1, 1, 1, 0, 1, 1, 1]
Called Update: UpdateRouteCalls = 0, force = True
!! UPDATING !!
routeNo, updatedMCSIndex =  0 [1, 1, 1, 1, 0, 1, 1, 1]

rf.py: Time: 2010 Route details: {0: {'Route': [0, 1, 2, 3, 4, 5, 6, 7, 8], 'MCS_Index': [1, 1, 1, 1, 0, 1, 1, 1], 'Priority': 1, 'ValidRoute': True, 'HQRoute': True, 'RouteNodeDensity': [0, 0, 0, 0, 2, 0, 0, 0, 0], 'InterferingLinks': 16, 'Target': (-1, -1)}}
DUPE: 2003442562860_Node0_Node8_Zero, Node1 id 2003442562860_Node0_Node8_Zero was a dupe; retransmit: 0, pkt_enqueue_time=2010014367399.9543, pkt_dequeue_time=2010014367399.9543, forwarded_or_dropped=1, reason_for_drop='Expiry'
DUPE: 2003458960492_Node0_Node8_Zero, Node1 id 2003458960492_Node0_Node8_Zero was a dupe; retransmit: 0, pkt_enqueue_time=2010014367399.9543, pkt_dequeue_time=2010014367399.9543, forwarded_or_dropped=1, reason_for_drop='Expiry'
node.py: Packet generation complete at node: Node0.
DUPE: 2006327805781_Node0_Node8_Zero, Node1 id 2006327805781_Node0_Node8_Zero was a dupe; retransmit: 0, pkt_enqueue_time=2010025029963.5908, pkt_dequeue_time=2010025029963.5908, forwarded_or_dropped=1, reason_for_drop='Expiry'
DUPE: 2005950734377_Node0_Node8_Zero, Node1 id 2005950734377_Node0_Node8_Zero was a dupe; retransmit: 0, pkt_enqueue_time=2010035689618.1362, pkt_dequeue_time=2010035689618.1362, forwarded_or_dropped=1, reason_for_drop='Expiry'
DUPE: 2004196675892_Node0_Node8_Zero, Node1 id 2004196675892_Node0_Node8_Zero was a dupe; retransmit: 0, pkt_enqueue_time=2010046329272.6816, pkt_dequeue_time=2010046329272.6816, forwarded_or_dropped=1, reason_for_drop='Expiry'
DUPE: 2004213070307_Node0_Node8_Zero, Node1 id 2004213070307_Node0_Node8_Zero was a dupe; retransmit: 0, pkt_enqueue_time=2010046329272.6816, pkt_dequeue_time=2010046329272.6816, forwarded_or_dropped=1, reason_for_drop='Expiry'
DUPE: 2007065506681_Node0_Node8_Zero, Node1 id 2007065506681_Node0_Node8_Zero was a dupe; retransmit: 0, pkt_enqueue_time=2010087939351.409, pkt_dequeue_time=2010087939351.409, forwarded_or_dropped=1, reason_for_drop='Expiry'
DUPE: 2007032718207_Node0_Node8_Zero, Node1 id 2007032718207_Node0_Node8_Zero was a dupe; retransmit: 0, pkt_enqueue_time=2010098879005.9543, pkt_dequeue_time=2010098879005.9543, forwarded_or_dropped=1, reason_for_drop='Expiry'
DUPE: 2005376989057_Node0_Node8_Zero, Node1 id 2005376989057_Node0_Node8_Zero was a dupe; retransmit: 0, pkt_enqueue_time=2010109818660.4998, pkt_dequeue_time=2010109818660.4998, forwarded_or_dropped=1, reason_for_drop='Expiry'
DUPE: 2006721253854_Node0_Node8_Zero, Node1 id 2006721253854_Node0_Node8_Zero was a dupe; retransmit: 0, pkt_enqueue_time=2010149885830.136, pkt_dequeue_time=2010149885830.136, forwarded_or_dropped=1, reason_for_drop='Expiry'
DUPE: 2005917954812_Node0_Node8_Zero, Node1 id 2005917954812_Node0_Node8_Zero was a dupe; retransmit: 0, pkt_enqueue_time=2010160925484.6814, pkt_dequeue_time=2010160925484.6814, forwarded_or_dropped=1, reason_for_drop='Expiry'
DUPE: 2004295037197_Node0_Node8_Zero, Node1 id 2004295037197_Node0_Node8_Zero was a dupe; retransmit: 0, pkt_enqueue_time=2010172005139.2268, pkt_dequeue_time=2010172005139.2268, forwarded_or_dropped=1, reason_for_drop='Expiry'
DUPE: 2004311426480_Node0_Node8_Zero, Node1 id 2004311426480_Node0_Node8_Zero was a dupe; retransmit: 0, pkt_enqueue_time=2010172005139.2268, pkt_dequeue_time=2010172005139.2268, forwarded_or_dropped=1, reason_for_drop='Expiry'
DUPE: 2004327824364_Node0_Node8_Zero, Node1 id 2004327824364_Node0_Node8_Zero was a dupe; retransmit: 0, pkt_enqueue_time=2010183167702.8633, pkt_dequeue_time=2010183167702.8633, forwarded_or_dropped=1, reason_for_drop='Expiry'
DUPE: 2004344215654_Node0_Node8_Zero, Node1 id 2004344215654_Node0_Node8_Zero was a dupe; retransmit: 0, pkt_enqueue_time=2010183167702.8633, pkt_dequeue_time=2010183167702.8633, forwarded_or_dropped=1, reason_for_drop='Expiry'
DUPE: 2006590105256_Node0_Node8_Zero, Node1 id 2006590105256_Node0_Node8_Zero was a dupe; retransmit: 0, pkt_enqueue_time=2010205749921.0452, pkt_dequeue_time=2010205749921.0452, forwarded_or_dropped=1, reason_for_drop='Expiry'
DUPE: 2006180242868_Node0_Node8_Zero, Node1 id 2006180242868_Node0_Node8_Zero was a dupe; retransmit: 0, pkt_enqueue_time=2010217149575.5906, pkt_dequeue_time=2010217149575.5906, forwarded_or_dropped=1, reason_for_drop='Expiry'
DUPE: 2003836017044_Node0_Node8_Zero, Node1 id 2003836017044_Node0_Node8_Zero was a dupe; retransmit: 0, pkt_enqueue_time=2010228529230.136, pkt_dequeue_time=2010228529230.136, forwarded_or_dropped=1, reason_for_drop='Expiry'
DUPE: 2003852413953_Node0_Node8_Zero, Node1 id 2003852413953_Node0_Node8_Zero was a dupe; retransmit: 0, pkt_enqueue_time=2010228529230.136, pkt_dequeue_time=2010228529230.136, forwarded_or_dropped=1, reason_for_drop='Expiry'
Node.py: (Node0)@2010400000000.0: Updated MCS from 1 to 0, hist=deque([0.0, 0.0, 0.0, 0.0, 85.0], maxlen=5), packets_serviced=85, packets_received=1
Called Update: UpdateRouteCalls = 0, force = False
Node.py: (Node1)@2010400000000.0: Updated MCS from 1 to 1, hist=deque([0.0, 0.0, 0.0, 0.0, 0.0], maxlen=5), packets_serviced=0, packets_received=174
Called Update: UpdateRouteCalls = 1, force = False
Node.py: (Node2)@2010400000000.0: Updated MCS from 1 to 1, hist=deque([0.36363636363636365, 0.10526315789473684, 0.16129032258064516, 0.018518518518518517, 0.0], maxlen=5), packets_serviced=0, packets_received=1
Called Update: UpdateRouteCalls = 2, force = False
Called Update: UpdateRouteCalls = 3, force = False
Called Update: UpdateRouteCalls = 4, force = False
Called Update: UpdateRouteCalls = 5, force = False
Called Update: UpdateRouteCalls = 6, force = False
Called Update: UpdateRouteCalls = 7, force = False
Called Update: UpdateRouteCalls = 8, force = False
Called Update: UpdateRouteCalls = 9, force = False
Called Update: UpdateRouteCalls = 10, force = False
Called Update: UpdateRouteCalls = 11, force = False
Called Update: UpdateRouteCalls = 12, force = False
Called Update: UpdateRouteCalls = 13, force = False
Called Update: UpdateRouteCalls = 14, force = False
Called Update: UpdateRouteCalls = 15, force = False
Called Update: UpdateRouteCalls = 16, force = False
Called Update: UpdateRouteCalls = 17, force = False
!! UPDATING !!
routeNo, updatedMCSIndex =  0 [0, 1, 1, 1, 0, 1, 1, 1]
Called Update: UpdateRouteCalls = 0, force = False
Node.py: (Node1)@2010800000000.0: Updated MCS from 1 to 1, hist=deque([0.0, 0.0, 0.0, 0.0, 0.0], maxlen=5), packets_serviced=0, packets_received=232
Called Update: UpdateRouteCalls = 1, force = False
Called Update: UpdateRouteCalls = 2, force = False
Called Update: UpdateRouteCalls = 3, force = False
Called Update: UpdateRouteCalls = 4, force = False
Called Update: UpdateRouteCalls = 5, force = False
Called Update: UpdateRouteCalls = 6, force = False
Called Update: UpdateRouteCalls = 7, force = False
Called Update: UpdateRouteCalls = 8, force = False
Called Update: UpdateRouteCalls = 9, force = False
Called Update: UpdateRouteCalls = 10, force = False
Called Update: UpdateRouteCalls = 11, force = False
Called Update: UpdateRouteCalls = 12, force = False
Called Update: UpdateRouteCalls = 13, force = False
Called Update: UpdateRouteCalls = 14, force = False
Called Update: UpdateRouteCalls = 15, force = False
Called Update: UpdateRouteCalls = 16, force = False
Called Update: UpdateRouteCalls = 17, force = False
!! UPDATING !!
routeNo, updatedMCSIndex =  0 [0, 1, 1, 1, 0, 1, 1, 1]
DUPE: 2007901576206_Node0_Node8_Zero, Node1 id 2007901576206_Node0_Node8_Zero was a dupe; retransmit: 0, pkt_enqueue_time=2010996223818.688, pkt_dequeue_time=2010996223818.688, forwarded_or_dropped=1, reason_for_drop='Expiry'
main.py: Progress: 2011 / 2014
Called Update: UpdateRouteCalls = 0, force = True
!! UPDATING !!
routeNo, updatedMCSIndex =  0 [0, 1, 1, 1, 0, 1, 1, 1]

rf.py: Time: 2011 Route details: {0: {'Route': [0, 1, 2, 3, 4, 5, 6, 7, 8], 'MCS_Index': [0, 1, 1, 1, 0, 1, 1, 1], 'Priority': 1, 'ValidRoute': True, 'HQRoute': True, 'RouteNodeDensity': [0, 0, 0, 0, 2, 0, 0, 0, 0], 'InterferingLinks': 16, 'Target': (-1, -1)}}
DUPE: 2008016346204_Node0_Node8_Zero, Node1 id 2008016346204_Node0_Node8_Zero was a dupe; retransmit: 0, pkt_enqueue_time=2011080968303.2336, pkt_dequeue_time=2011080968303.2336, forwarded_or_dropped=1, reason_for_drop='Expiry'
DUPE: 2008032735662_Node0_Node8_Zero, Node1 id 2008032735662_Node0_Node8_Zero was a dupe; retransmit: 0, pkt_enqueue_time=2011080968303.2336, pkt_dequeue_time=2011080968303.2336, forwarded_or_dropped=1, reason_for_drop='Expiry'
DUPE: 2008180265419_Node0_Node8_Zero, Node1 id 2008180265419_Node0_Node8_Zero was a dupe; retransmit: 0, pkt_enqueue_time=2011186752533.0522, pkt_dequeue_time=2011186752533.0522, forwarded_or_dropped=1, reason_for_drop='Expiry'
Called Update: UpdateRouteCalls = 0, force = False
Node.py: (Node1)@2011200000000.0: Updated MCS from 1 to 1, hist=deque([0.0, 0.0, 0.0, 0.0, 0.0], maxlen=5), packets_serviced=0, packets_received=185
Called Update: UpdateRouteCalls = 1, force = False
Called Update: UpdateRouteCalls = 2, force = False
Called Update: UpdateRouteCalls = 3, force = False
Called Update: UpdateRouteCalls = 4, force = False
Called Update: UpdateRouteCalls = 5, force = False
Called Update: UpdateRouteCalls = 6, force = False
Called Update: UpdateRouteCalls = 7, force = False
Called Update: UpdateRouteCalls = 8, force = False
Called Update: UpdateRouteCalls = 9, force = False
Called Update: UpdateRouteCalls = 10, force = False
Called Update: UpdateRouteCalls = 11, force = False
Called Update: UpdateRouteCalls = 12, force = False
Called Update: UpdateRouteCalls = 13, force = False
Called Update: UpdateRouteCalls = 14, force = False
Called Update: UpdateRouteCalls = 15, force = False
Called Update: UpdateRouteCalls = 16, force = False
Called Update: UpdateRouteCalls = 17, force = False
!! UPDATING !!
routeNo, updatedMCSIndex =  0 [0, 1, 1, 1, 0, 1, 1, 1]
DUPE: 2008114695047_Node0_Node8_Zero, Node1 id 2008114695047_Node0_Node8_Zero was a dupe; retransmit: 0, pkt_enqueue_time=2011200754793.5977, pkt_dequeue_time=2011200754793.5977, forwarded_or_dropped=1, reason_for_drop='Expiry'
DUPE: 2008131083994_Node0_Node8_Zero, Node1 id 2008131083994_Node0_Node8_Zero was a dupe; retransmit: 0, pkt_enqueue_time=2011200754793.5977, pkt_dequeue_time=2011200754793.5977, forwarded_or_dropped=1, reason_for_drop='Expiry'
DUPE: 2008147475973_Node0_Node8_Zero, Node1 id 2008147475973_Node0_Node8_Zero was a dupe; retransmit: 0, pkt_enqueue_time=2011220107435.9614, pkt_dequeue_time=2011220107435.9614, forwarded_or_dropped=1, reason_for_drop='Expiry'
DUPE: 2008163873676_Node0_Node8_Zero, Node1 id 2008163873676_Node0_Node8_Zero was a dupe; retransmit: 0, pkt_enqueue_time=2011220107435.9614, pkt_dequeue_time=2011220107435.9614, forwarded_or_dropped=1, reason_for_drop='Expiry'
DUPE: 2008278618937_Node0_Node8_Zero, Node1 id 2008278618937_Node0_Node8_Zero was a dupe; retransmit: 0, pkt_enqueue_time=2011324891774.8716, pkt_dequeue_time=2011324891774.8716, forwarded_or_dropped=1, reason_for_drop='Expiry'
DUPE: 2008295015030_Node0_Node8_Zero, Node1 id 2008295015030_Node0_Node8_Zero was a dupe; retransmit: 0, pkt_enqueue_time=2011324891774.8716, pkt_dequeue_time=2011324891774.8716, forwarded_or_dropped=1, reason_for_drop='Expiry'
DUPE: 2008049125332_Node0_Node8_Zero, Node1 id 2008049125332_Node0_Node8_Zero was a dupe; retransmit: 0, pkt_enqueue_time=2011388144750.5085, pkt_dequeue_time=2011388144750.5085, forwarded_or_dropped=1, reason_for_drop='Expiry'
DUPE: 2008065522378_Node0_Node8_Zero, Node1 id 2008065522378_Node0_Node8_Zero was a dupe; retransmit: 0, pkt_enqueue_time=2011388144750.5085, pkt_dequeue_time=2011388144750.5085, forwarded_or_dropped=1, reason_for_drop='Expiry'
DUPE: 2008213047818_Node0_Node8_Zero, Node1 id 2008213047818_Node0_Node8_Zero was a dupe; retransmit: 0, pkt_enqueue_time=2011393587314.145, pkt_dequeue_time=2011393587314.145, forwarded_or_dropped=1, reason_for_drop='Expiry'
DUPE: 2008229439203_Node0_Node8_Zero, Node1 id 2008229439203_Node0_Node8_Zero was a dupe; retransmit: 0, pkt_enqueue_time=2011393587314.145, pkt_dequeue_time=2011393587314.145, forwarded_or_dropped=1, reason_for_drop='Expiry'
DUPE: 2007950766639_Node0_Node8_Zero, Node1 id 2007950766639_Node0_Node8_Zero was a dupe; retransmit: 0, pkt_enqueue_time=2011399109877.7815, pkt_dequeue_time=2011399109877.7815, forwarded_or_dropped=1, reason_for_drop='Expiry'
DUPE: 2007967162642_Node0_Node8_Zero, Node1 id 2007967162642_Node0_Node8_Zero was a dupe; retransmit: 0, pkt_enqueue_time=2011399109877.7815, pkt_dequeue_time=2011399109877.7815, forwarded_or_dropped=1, reason_for_drop='Expiry'
DUPE: 2007983560244_Node0_Node8_Zero, Node1 id 2007983560244_Node0_Node8_Zero was a dupe; retransmit: 0, pkt_enqueue_time=2011403248083.7815, pkt_dequeue_time=2011403248083.7815, forwarded_or_dropped=1, reason_for_drop='Expiry'
DUPE: 2007999953024_Node0_Node8_Zero, Node1 id 2007999953024_Node0_Node8_Zero was a dupe; retransmit: 0, pkt_enqueue_time=2011403248083.7815, pkt_dequeue_time=2011403248083.7815, forwarded_or_dropped=1, reason_for_drop='Expiry'
Called Update: UpdateRouteCalls = 0, force = False
Node.py: (Node1)@2011600000000.0: Updated MCS from 1 to 1, hist=deque([0.0, 0.0, 0.0, 0.0, 0.0], maxlen=5), packets_serviced=0, packets_received=130
Called Update: UpdateRouteCalls = 1, force = False
Called Update: UpdateRouteCalls = 2, force = False
Called Update: UpdateRouteCalls = 3, force = False
Called Update: UpdateRouteCalls = 4, force = False
Called Update: UpdateRouteCalls = 5, force = False
Called Update: UpdateRouteCalls = 6, force = False
Called Update: UpdateRouteCalls = 7, force = False
Called Update: UpdateRouteCalls = 8, force = False
Called Update: UpdateRouteCalls = 9, force = False
Called Update: UpdateRouteCalls = 10, force = False
Called Update: UpdateRouteCalls = 11, force = False
Called Update: UpdateRouteCalls = 12, force = False
Called Update: UpdateRouteCalls = 13, force = False
Called Update: UpdateRouteCalls = 14, force = False
Called Update: UpdateRouteCalls = 15, force = False
Called Update: UpdateRouteCalls = 16, force = False
Called Update: UpdateRouteCalls = 17, force = False
!! UPDATING !!
routeNo, updatedMCSIndex =  0 [0, 1, 1, 1, 0, 1, 1, 1]
DUPE: 2008081910991_Node0_Node8_Zero, Node1 id 2008081910991_Node0_Node8_Zero was a dupe; retransmit: 0, pkt_enqueue_time=2011673880931.0544, pkt_dequeue_time=2011673880931.0544, forwarded_or_dropped=1, reason_for_drop='Expiry'
DUPE: 2008098304812_Node0_Node8_Zero, Node1 id 2008098304812_Node0_Node8_Zero was a dupe; retransmit: 0, pkt_enqueue_time=2011673880931.0544, pkt_dequeue_time=2011673880931.0544, forwarded_or_dropped=1, reason_for_drop='Expiry'
DUPE: 2008245828223_Node0_Node8_Zero, Node1 id 2008245828223_Node0_Node8_Zero was a dupe; retransmit: 0, pkt_enqueue_time=2011739668961.0547, pkt_dequeue_time=2011739668961.0547, forwarded_or_dropped=1, reason_for_drop='Expiry'
DUPE: 2008262221786_Node0_Node8_Zero, Node1 id 2008262221786_Node0_Node8_Zero was a dupe; retransmit: 0, pkt_enqueue_time=2011739668961.0547, pkt_dequeue_time=2011739668961.0547, forwarded_or_dropped=1, reason_for_drop='Expiry'
DUPE: 2008344198755_Node0_Node8_Zero, Node1 id 2008344198755_Node0_Node8_Zero was a dupe; retransmit: 0, pkt_enqueue_time=2011763850833.782, pkt_dequeue_time=2011763850833.782, forwarded_or_dropped=1, reason_for_drop='Expiry'
DUPE: 2008360591594_Node0_Node8_Zero, Node1 id 2008360591594_Node0_Node8_Zero was a dupe; retransmit: 0, pkt_enqueue_time=2011763850833.782, pkt_dequeue_time=2011763850833.782, forwarded_or_dropped=1, reason_for_drop='Expiry'
DUPE: 2008311412462_Node0_Node8_Zero, Node1 id 2008311412462_Node0_Node8_Zero was a dupe; retransmit: 0, pkt_enqueue_time=2011795552027.6003, pkt_dequeue_time=2011795552027.6003, forwarded_or_dropped=1, reason_for_drop='Expiry'
DUPE: 2008327805375_Node0_Node8_Zero, Node1 id 2008327805375_Node0_Node8_Zero was a dupe; retransmit: 0, pkt_enqueue_time=2011795552027.6003, pkt_dequeue_time=2011795552027.6003, forwarded_or_dropped=1, reason_for_drop='Expiry'
DUPE: 2008770420680_Node0_Node8_Zero, Node1 id 2008770420680_Node0_Node8_Zero was a dupe; retransmit: 0, pkt_enqueue_time=2011820539718.5098, pkt_dequeue_time=2011820539718.5098, forwarded_or_dropped=1, reason_for_drop='Expiry'
DUPE: 2008786813160_Node0_Node8_Zero, Node1 id 2008786813160_Node0_Node8_Zero was a dupe; retransmit: 0, pkt_enqueue_time=2011820539718.5098, pkt_dequeue_time=2011820539718.5098, forwarded_or_dropped=1, reason_for_drop='Expiry'
DUPE: 2008803205217_Node0_Node8_Zero, Node1 id 2008803205217_Node0_Node8_Zero was a dupe; retransmit: 0, pkt_enqueue_time=2011825877924.5098, pkt_dequeue_time=2011825877924.5098, forwarded_or_dropped=1, reason_for_drop='Expiry'
DUPE: 2008819597756_Node0_Node8_Zero, Node1 id 2008819597756_Node0_Node8_Zero was a dupe; retransmit: 0, pkt_enqueue_time=2011825877924.5098, pkt_dequeue_time=2011825877924.5098, forwarded_or_dropped=1, reason_for_drop='Expiry'
DUPE: 2008442556930_Node0_Node8_Zero, Node1 id 2008442556930_Node0_Node8_Zero was a dupe; retransmit: 0, pkt_enqueue_time=2011879658427.419, pkt_dequeue_time=2011879658427.419, forwarded_or_dropped=1, reason_for_drop='Expiry'
DUPE: 2008458945484_Node0_Node8_Zero, Node1 id 2008458945484_Node0_Node8_Zero was a dupe; retransmit: 0, pkt_enqueue_time=2011879658427.419, pkt_dequeue_time=2011879658427.419, forwarded_or_dropped=1, reason_for_drop='Expiry'
DUPE: 2008508124386_Node0_Node8_Zero, Node1 id 2008508124386_Node0_Node8_Zero was a dupe; retransmit: 0, pkt_enqueue_time=2011888720991.0554, pkt_dequeue_time=2011888720991.0554, forwarded_or_dropped=1, reason_for_drop='Expiry'
DUPE: 2008524521033_Node0_Node8_Zero, Node1 id 2008524521033_Node0_Node8_Zero was a dupe; retransmit: 0, pkt_enqueue_time=2011888720991.0554, pkt_dequeue_time=2011888720991.0554, forwarded_or_dropped=1, reason_for_drop='Expiry'
DUPE: 2007803224425_Node0_Node8_Zero, Node1 id 2007803224425_Node0_Node8_Zero was a dupe; retransmit: 0, pkt_enqueue_time=2011897903554.692, pkt_dequeue_time=2011897903554.692, forwarded_or_dropped=1, reason_for_drop='Expiry'
DUPE: 2007885180286_Node0_Node8_Zero, Node1 id 2007885180286_Node0_Node8_Zero was a dupe; retransmit: 0, pkt_enqueue_time=2011900271760.692, pkt_dequeue_time=2011900271760.692, forwarded_or_dropped=1, reason_for_drop='Expiry'
DUPE: 2008376983299_Node0_Node8_Zero, Node1 id 2008376983299_Node0_Node8_Zero was a dupe; retransmit: 0, pkt_enqueue_time=2011961594651.419, pkt_dequeue_time=2011961594651.419, forwarded_or_dropped=1, reason_for_drop='Expiry'
DUPE: 2008393373803_Node0_Node8_Zero, Node1 id 2008393373803_Node0_Node8_Zero was a dupe; retransmit: 0, pkt_enqueue_time=2011961594651.419, pkt_dequeue_time=2011961594651.419, forwarded_or_dropped=1, reason_for_drop='Expiry'
DUPE: 2008835992271_Node0_Node8_Zero, Node1 id 2008835992271_Node0_Node8_Zero was a dupe; retransmit: 0, pkt_enqueue_time=2011999644730.1462, pkt_dequeue_time=2011999644730.1462, forwarded_or_dropped=1, reason_for_drop='Expiry'
DUPE: 2008852386219_Node0_Node8_Zero, Node1 id 2008852386219_Node0_Node8_Zero was a dupe; retransmit: 0, pkt_enqueue_time=2011999644730.1462, pkt_dequeue_time=2011999644730.1462, forwarded_or_dropped=1, reason_for_drop='Expiry'
main.py: Progress: 2012 / 2014
Called Update: UpdateRouteCalls = 0, force = False
Node.py: (Node1)@2012000000000.0: Updated MCS from 1 to 1, hist=deque([0.0, 0.0, 0.0, 0.0, 0.0], maxlen=5), packets_serviced=0, packets_received=76
Called Update: UpdateRouteCalls = 1, force = False
Called Update: UpdateRouteCalls = 2, force = False
Called Update: UpdateRouteCalls = 3, force = False
Called Update: UpdateRouteCalls = 4, force = False
Called Update: UpdateRouteCalls = 5, force = False
Called Update: UpdateRouteCalls = 6, force = False
Called Update: UpdateRouteCalls = 7, force = False
Called Update: UpdateRouteCalls = 8, force = False
Called Update: UpdateRouteCalls = 9, force = False
Called Update: UpdateRouteCalls = 10, force = False
Called Update: UpdateRouteCalls = 11, force = False
Called Update: UpdateRouteCalls = 12, force = False
Called Update: UpdateRouteCalls = 13, force = False
Called Update: UpdateRouteCalls = 14, force = False
Called Update: UpdateRouteCalls = 15, force = False
Called Update: UpdateRouteCalls = 16, force = False
Called Update: UpdateRouteCalls = 17, force = False
!! UPDATING !!
routeNo, updatedMCSIndex =  0 [0, 1, 1, 1, 0, 1, 1, 1]
Called Update: UpdateRouteCalls = 0, force = True
!! UPDATING !!
routeNo, updatedMCSIndex =  0 [0, 1, 1, 1, 0, 1, 1, 1]

rf.py: Time: 2012 Route details: {0: {'Route': [0, 1, 2, 3, 4, 5, 6, 7, 8], 'MCS_Index': [0, 1, 1, 1, 0, 1, 1, 1], 'Priority': 1, 'ValidRoute': True, 'HQRoute': True, 'RouteNodeDensity': [0, 0, 0, 0, 2, 0, 0, 0, 0], 'InterferingLinks': 16, 'Target': (-1, -1)}}
DUPE: 2008934365344_Node0_Node8_Zero, Node1 id 2008934365344_Node0_Node8_Zero was a dupe; retransmit: 0, pkt_enqueue_time=2012037566269.4192, pkt_dequeue_time=2012037566269.4192, forwarded_or_dropped=1, reason_for_drop='Expiry'
DUPE: 2008950757699_Node0_Node8_Zero, Node1 id 2008950757699_Node0_Node8_Zero was a dupe; retransmit: 0, pkt_enqueue_time=2012037566269.4192, pkt_dequeue_time=2012037566269.4192, forwarded_or_dropped=1, reason_for_drop='Expiry'
DUPE: 2008196656983_Node0_Node8_Zero, Node1 id 2008196656983_Node0_Node8_Zero was a dupe; retransmit: 0, pkt_enqueue_time=2012080938911.783, pkt_dequeue_time=2012080938911.783, forwarded_or_dropped=1, reason_for_drop='Expiry'
DUPE: 2008540916060_Node0_Node8_Zero, Node1 id 2008540916060_Node0_Node8_Zero was a dupe; retransmit: 0, pkt_enqueue_time=2012134019366.3281, pkt_dequeue_time=2012134019366.3281, forwarded_or_dropped=1, reason_for_drop='Expiry'
DUPE: 2008557306944_Node0_Node8_Zero, Node1 id 2008557306944_Node0_Node8_Zero was a dupe; retransmit: 0, pkt_enqueue_time=2012134019366.3281, pkt_dequeue_time=2012134019366.3281, forwarded_or_dropped=1, reason_for_drop='Expiry'
DUPE: 2009098300949_Node0_Node8_Zero, Node1 id 2009098300949_Node0_Node8_Zero was a dupe; retransmit: 0, pkt_enqueue_time=2012177500893.6008, pkt_dequeue_time=2012177500893.6008, forwarded_or_dropped=1, reason_for_drop='Expiry'
DUPE: 2009114698755_Node0_Node8_Zero, Node1 id 2009114698755_Node0_Node8_Zero was a dupe; retransmit: 0, pkt_enqueue_time=2012177500893.6008, pkt_dequeue_time=2012177500893.6008, forwarded_or_dropped=1, reason_for_drop='Expiry'
DUPE: 2007360592016_Node0_Node8_Zero, Node1 id 2007360592016_Node0_Node8_Zero was a dupe; retransmit: 0, pkt_enqueue_time=2012255901051.0554, pkt_dequeue_time=2012255901051.0554, forwarded_or_dropped=1, reason_for_drop='Expiry'
DUPE: 2005721232728_Node0_Node8_Zero, Node1 id 2005721232728_Node0_Node8_Zero was a dupe; retransmit: 0, pkt_enqueue_time=2012296608220.6917, pkt_dequeue_time=2012296608220.6917, forwarded_or_dropped=1, reason_for_drop='Expiry'
DUPE: 2007229441500_Node0_Node8_Zero, Node1 id 2007229441500_Node0_Node8_Zero was a dupe; retransmit: 0, pkt_enqueue_time=2012308187875.237, pkt_dequeue_time=2012308187875.237, forwarded_or_dropped=1, reason_for_drop='Expiry'
DUPE: 2007278625125_Node0_Node8_Zero, Node1 id 2007278625125_Node0_Node8_Zero was a dupe; retransmit: 0, pkt_enqueue_time=2012319787529.7825, pkt_dequeue_time=2012319787529.7825, forwarded_or_dropped=1, reason_for_drop='Expiry'
DUPE: 2007573710231_Node0_Node8_Zero, Node1 id 2007573710231_Node0_Node8_Zero was a dupe; retransmit: 0, pkt_enqueue_time=2012359354699.4187, pkt_dequeue_time=2012359354699.4187, forwarded_or_dropped=1, reason_for_drop='Expiry'
DUPE: 2007311412441_Node0_Node8_Zero, Node1 id 2007311412441_Node0_Node8_Zero was a dupe; retransmit: 0, pkt_enqueue_time=2012371054353.964, pkt_dequeue_time=2012371054353.964, forwarded_or_dropped=1, reason_for_drop='Expiry'
DUPE: 2006278617949_Node0_Node8_Zero, Node1 id 2006278617949_Node0_Node8_Zero was a dupe; retransmit: 0, pkt_enqueue_time=2012382774008.5095, pkt_dequeue_time=2012382774008.5095, forwarded_or_dropped=1, reason_for_drop='Expiry'
DUPE: 2004262250285_Node0_Node8_Zero, Node1 id 2004262250285_Node0_Node8_Zero was a dupe; retransmit: 0, pkt_enqueue_time=2012394478663.055, pkt_dequeue_time=2012394478663.055, forwarded_or_dropped=1, reason_for_drop='Expiry'
DUPE: 2004278642780_Node0_Node8_Zero, Node1 id 2004278642780_Node0_Node8_Zero was a dupe; retransmit: 0, pkt_enqueue_time=2012394478663.055, pkt_dequeue_time=2012394478663.055, forwarded_or_dropped=1, reason_for_drop='Expiry'
Called Update: UpdateRouteCalls = 0, force = False
Node.py: (Node1)@2012400000000.0: Updated MCS from 1 to 1, hist=deque([0.0, 0.0, 0.0, 0.0, 0.0], maxlen=5), packets_serviced=0, packets_received=48
Called Update: UpdateRouteCalls = 1, force = False
Called Update: UpdateRouteCalls = 2, force = False
Called Update: UpdateRouteCalls = 3, force = False
Called Update: UpdateRouteCalls = 4, force = False
Called Update: UpdateRouteCalls = 5, force = False
Called Update: UpdateRouteCalls = 6, force = False
Called Update: UpdateRouteCalls = 7, force = False
Called Update: UpdateRouteCalls = 8, force = False
Called Update: UpdateRouteCalls = 9, force = False
Called Update: UpdateRouteCalls = 10, force = False
Called Update: UpdateRouteCalls = 11, force = False
Called Update: UpdateRouteCalls = 12, force = False
Called Update: UpdateRouteCalls = 13, force = False
Called Update: UpdateRouteCalls = 14, force = False
Called Update: UpdateRouteCalls = 15, force = False
Called Update: UpdateRouteCalls = 16, force = False
Called Update: UpdateRouteCalls = 17, force = False
!! UPDATING !!
routeNo, updatedMCSIndex =  0 [0, 1, 1, 1, 0, 1, 1, 1]
DUPE: 2006836005790_Node0_Node8_Zero, Node1 id 2006836005790_Node0_Node8_Zero was a dupe; retransmit: 0, pkt_enqueue_time=2012406221226.6914, pkt_dequeue_time=2012406221226.6914, forwarded_or_dropped=1, reason_for_drop='Expiry'
DUPE: 2007606494476_Node0_Node8_Zero, Node1 id 2007606494476_Node0_Node8_Zero was a dupe; retransmit: 0, pkt_enqueue_time=2012417960881.2368, pkt_dequeue_time=2012417960881.2368, forwarded_or_dropped=1, reason_for_drop='Expiry'
DUPE: 2008901571854_Node0_Node8_Zero, Node1 id 2008901571854_Node0_Node8_Zero was a dupe; retransmit: 0, pkt_enqueue_time=2012429680535.7822, pkt_dequeue_time=2012429680535.7822, forwarded_or_dropped=1, reason_for_drop='Expiry'
DUPE: 2008917967662_Node0_Node8_Zero, Node1 id 2008917967662_Node0_Node8_Zero was a dupe; retransmit: 0, pkt_enqueue_time=2012429680535.7822, pkt_dequeue_time=2012429680535.7822, forwarded_or_dropped=1, reason_for_drop='Expiry'
DUPE: 2007098292104_Node0_Node8_Zero, Node1 id 2007098292104_Node0_Node8_Zero was a dupe; retransmit: 0, pkt_enqueue_time=2012453262753.964, pkt_dequeue_time=2012453262753.964, forwarded_or_dropped=1, reason_for_drop='Expiry'
DUPE: 2006409780635_Node0_Node8_Zero, Node1 id 2006409780635_Node0_Node8_Zero was a dupe; retransmit: 0, pkt_enqueue_time=2012465062408.5095, pkt_dequeue_time=2012465062408.5095, forwarded_or_dropped=1, reason_for_drop='Expiry'
DUPE: 2007442559748_Node0_Node8_Zero, Node1 id 2007442559748_Node0_Node8_Zero was a dupe; retransmit: 0, pkt_enqueue_time=2012476862063.055, pkt_dequeue_time=2012476862063.055, forwarded_or_dropped=1, reason_for_drop='Expiry'
DUPE: 2007704861311_Node0_Node8_Zero, Node1 id 2007704861311_Node0_Node8_Zero was a dupe; retransmit: 0, pkt_enqueue_time=2012488681717.6003, pkt_dequeue_time=2012488681717.6003, forwarded_or_dropped=1, reason_for_drop='Expiry'
DUPE: 2008737633052_Node0_Node8_Zero, Node1 id 2008737633052_Node0_Node8_Zero was a dupe; retransmit: 0, pkt_enqueue_time=2012500501372.1458, pkt_dequeue_time=2012500501372.1458, forwarded_or_dropped=1, reason_for_drop='Expiry'
DUPE: 2008754031467_Node0_Node8_Zero, Node1 id 2008754031467_Node0_Node8_Zero was a dupe; retransmit: 0, pkt_enqueue_time=2012500501372.1458, pkt_dequeue_time=2012500501372.1458, forwarded_or_dropped=1, reason_for_drop='Expiry'
DUPE: 2007081903261_Node0_Node8_Zero, Node1 id 2007081903261_Node0_Node8_Zero was a dupe; retransmit: 0, pkt_enqueue_time=2012512343935.7822, pkt_dequeue_time=2012512343935.7822, forwarded_or_dropped=1, reason_for_drop='Expiry'
DUPE: 2006147452978_Node0_Node8_Zero, Node1 id 2006147452978_Node0_Node8_Zero was a dupe; retransmit: 0, pkt_enqueue_time=2012524183590.3276, pkt_dequeue_time=2012524183590.3276, forwarded_or_dropped=1, reason_for_drop='Expiry'
DUPE: 2007672078461_Node0_Node8_Zero, Node1 id 2007672078461_Node0_Node8_Zero was a dupe; retransmit: 0, pkt_enqueue_time=2012536103244.873, pkt_dequeue_time=2012536103244.873, forwarded_or_dropped=1, reason_for_drop='Expiry'
DUPE: 2006917968818_Node0_Node8_Zero, Node1 id 2006917968818_Node0_Node8_Zero was a dupe; retransmit: 0, pkt_enqueue_time=2012560022553.9639, pkt_dequeue_time=2012560022553.9639, forwarded_or_dropped=1, reason_for_drop='Expiry'
DUPE: 2006606497555_Node0_Node8_Zero, Node1 id 2006606497555_Node0_Node8_Zero was a dupe; retransmit: 0, pkt_enqueue_time=2012572042208.5093, pkt_dequeue_time=2012572042208.5093, forwarded_or_dropped=1, reason_for_drop='Expiry'
DUPE: 2006885186975_Node0_Node8_Zero, Node1 id 2006885186975_Node0_Node8_Zero was a dupe; retransmit: 0, pkt_enqueue_time=2012584261863.0547, pkt_dequeue_time=2012584261863.0547, forwarded_or_dropped=1, reason_for_drop='Expiry'
DUPE: 2005999916857_Node0_Node8_Zero, Node1 id 2005999916857_Node0_Node8_Zero was a dupe; retransmit: 0, pkt_enqueue_time=2012596561517.6, pkt_dequeue_time=2012596561517.6, forwarded_or_dropped=1, reason_for_drop='Expiry'
DUPE: 2006213036296_Node0_Node8_Zero, Node1 id 2006213036296_Node0_Node8_Zero was a dupe; retransmit: 0, pkt_enqueue_time=2012609041172.1455, pkt_dequeue_time=2012609041172.1455, forwarded_or_dropped=1, reason_for_drop='Expiry'
DUPE: 2009573708652_Node0_Node8_Zero, Node1 id 2009573708652_Node0_Node8_Zero was a dupe; retransmit: 0, pkt_enqueue_time=2012621600826.691, pkt_dequeue_time=2012621600826.691, forwarded_or_dropped=1, reason_for_drop='Expiry'
DUPE: 2003803224930_Node0_Node8_Zero, Node1 id 2003803224930_Node0_Node8_Zero was a dupe; retransmit: 0, pkt_enqueue_time=2012634220481.2363, pkt_dequeue_time=2012634220481.2363, forwarded_or_dropped=1, reason_for_drop='Expiry'
DUPE: 2003819619668_Node0_Node8_Zero, Node1 id 2003819619668_Node0_Node8_Zero was a dupe; retransmit: 0, pkt_enqueue_time=2012634220481.2363, pkt_dequeue_time=2012634220481.2363, forwarded_or_dropped=1, reason_for_drop='Expiry'
DUPE: 2003868803091_Node0_Node8_Zero, Node1 id 2003868803091_Node0_Node8_Zero was a dupe; retransmit: 0, pkt_enqueue_time=2012638698687.2363, pkt_dequeue_time=2012638698687.2363, forwarded_or_dropped=1, reason_for_drop='Expiry'
DUPE: 2003885200557_Node0_Node8_Zero, Node1 id 2003885200557_Node0_Node8_Zero was a dupe; retransmit: 0, pkt_enqueue_time=2012638698687.2363, pkt_dequeue_time=2012638698687.2363, forwarded_or_dropped=1, reason_for_drop='Expiry'
DUPE: 2005557311305_Node0_Node8_Zero, Node1 id 2005557311305_Node0_Node8_Zero was a dupe; retransmit: 0, pkt_enqueue_time=2012651481250.8728, pkt_dequeue_time=2012651481250.8728, forwarded_or_dropped=1, reason_for_drop='Expiry'
DUPE: 2006262219693_Node0_Node8_Zero, Node1 id 2006262219693_Node0_Node8_Zero was a dupe; retransmit: 0, pkt_enqueue_time=2012716368075.0544, pkt_dequeue_time=2012716368075.0544, forwarded_or_dropped=1, reason_for_drop='Expiry'
DUPE: 2003049101986_Node0_Node8_Zero, Node1 id 2003049101986_Node0_Node8_Zero was a dupe; retransmit: 0, pkt_enqueue_time=2012729627729.5999, pkt_dequeue_time=2012729627729.5999, forwarded_or_dropped=1, reason_for_drop='Expiry'
DUPE: 2003065492940_Node0_Node8_Zero, Node1 id 2003065492940_Node0_Node8_Zero was a dupe; retransmit: 0, pkt_enqueue_time=2012729627729.5999, pkt_dequeue_time=2012729627729.5999, forwarded_or_dropped=1, reason_for_drop='Expiry'
DUPE: 2003114676582_Node0_Node8_Zero, Node1 id 2003114676582_Node0_Node8_Zero was a dupe; retransmit: 0, pkt_enqueue_time=2012732285935.5999, pkt_dequeue_time=2012732285935.5999, forwarded_or_dropped=1, reason_for_drop='Expiry'
DUPE: 2003131066190_Node0_Node8_Zero, Node1 id 2003131066190_Node0_Node8_Zero was a dupe; retransmit: 0, pkt_enqueue_time=2012732285935.5999, pkt_dequeue_time=2012732285935.5999, forwarded_or_dropped=1, reason_for_drop='Expiry'
DUPE: 2007688470839_Node0_Node8_Zero, Node1 id 2007688470839_Node0_Node8_Zero was a dupe; retransmit: 0, pkt_enqueue_time=2012745688499.2363, pkt_dequeue_time=2012745688499.2363, forwarded_or_dropped=1, reason_for_drop='Expiry'
DUPE: 2005803197304_Node0_Node8_Zero, Node1 id 2005803197304_Node0_Node8_Zero was a dupe; retransmit: 0, pkt_enqueue_time=2012759128153.7817, pkt_dequeue_time=2012759128153.7817, forwarded_or_dropped=1, reason_for_drop='Expiry'
DUPE: 2006967148703_Node0_Node8_Zero, Node1 id 2006967148703_Node0_Node8_Zero was a dupe; retransmit: 0, pkt_enqueue_time=2012772687808.3271, pkt_dequeue_time=2012772687808.3271, forwarded_or_dropped=1, reason_for_drop='Expiry'
DUPE: 2002967134228_Node0_Node8_Zero, Node1 id 2002967134228_Node0_Node8_Zero was a dupe; retransmit: 0, pkt_enqueue_time=2012786298462.8726, pkt_dequeue_time=2012786298462.8726, forwarded_or_dropped=1, reason_for_drop='Expiry'
DUPE: 2007409774055_Node0_Node8_Zero, Node1 id 2007409774055_Node0_Node8_Zero was a dupe; retransmit: 0, pkt_enqueue_time=2012799918117.418, pkt_dequeue_time=2012799918117.418, forwarded_or_dropped=1, reason_for_drop='Expiry'
Called Update: UpdateRouteCalls = 0, force = False
Node.py: (Node1)@2012800000000.0: Updated MCS from 1 to 1, hist=deque([0.0, 0.0, 0.0, 0.0, 0.0], maxlen=5), packets_serviced=0, packets_received=40
Called Update: UpdateRouteCalls = 1, force = False
Called Update: UpdateRouteCalls = 2, force = False
Called Update: UpdateRouteCalls = 3, force = False
Called Update: UpdateRouteCalls = 4, force = False
Called Update: UpdateRouteCalls = 5, force = False
Called Update: UpdateRouteCalls = 6, force = False
Called Update: UpdateRouteCalls = 7, force = False
Called Update: UpdateRouteCalls = 8, force = False
Called Update: UpdateRouteCalls = 9, force = False
Called Update: UpdateRouteCalls = 10, force = False
Called Update: UpdateRouteCalls = 11, force = False
Called Update: UpdateRouteCalls = 12, force = False
Called Update: UpdateRouteCalls = 13, force = False
Called Update: UpdateRouteCalls = 14, force = False
Called Update: UpdateRouteCalls = 15, force = False
Called Update: UpdateRouteCalls = 16, force = False
Called Update: UpdateRouteCalls = 17, force = False
!! UPDATING !!
routeNo, updatedMCSIndex =  0 [0, 1, 1, 1, 0, 1, 1, 1]
DUPE: 2007327810396_Node0_Node8_Zero, Node1 id 2007327810396_Node0_Node8_Zero was a dupe; retransmit: 0, pkt_enqueue_time=2012813557771.9634, pkt_dequeue_time=2012813557771.9634, forwarded_or_dropped=1, reason_for_drop='Expiry'
DUPE: 2007213050203_Node0_Node8_Zero, Node1 id 2007213050203_Node0_Node8_Zero was a dupe; retransmit: 0, pkt_enqueue_time=2012827217426.5088, pkt_dequeue_time=2012827217426.5088, forwarded_or_dropped=1, reason_for_drop='Expiry'
DUPE: 2003442562860_Node0_Node8_Zero, Node2 id 2003442562860_Node0_Node8_Zero was a dupe; retransmit: 0, pkt_enqueue_time=2012841847911.327, pkt_dequeue_time=2012841847911.327, forwarded_or_dropped=1, reason_for_drop='Expiry'
DUPE: 2004590118928_Node0_Node8_Zero, Node1 id 2004590118928_Node0_Node8_Zero was a dupe; retransmit: 0, pkt_enqueue_time=2012854836735.5996, pkt_dequeue_time=2012854836735.5996, forwarded_or_dropped=1, reason_for_drop='Expiry'
DUPE: 2004606511752_Node0_Node8_Zero, Node1 id 2004606511752_Node0_Node8_Zero was a dupe; retransmit: 0, pkt_enqueue_time=2012854836735.5996, pkt_dequeue_time=2012854836735.5996, forwarded_or_dropped=1, reason_for_drop='Expiry'
DUPE: 2003393376174_Node0_Node8_Zero, Node2 id 2003393376174_Node0_Node8_Zero was a dupe; retransmit: 0, pkt_enqueue_time=2012870345220.4177, pkt_dequeue_time=2012870345220.4177, forwarded_or_dropped=1, reason_for_drop='Expiry'
DUPE: 2003426169915_Node0_Node8_Zero, Node2 id 2003426169915_Node0_Node8_Zero was a dupe; retransmit: 0, pkt_enqueue_time=2012870345220.4177, pkt_dequeue_time=2012870345220.4177, forwarded_or_dropped=1, reason_for_drop='Expiry'
DUPE: 2007163871240_Node0_Node8_Zero, Node1 id 2007163871240_Node0_Node8_Zero was a dupe; retransmit: 0, pkt_enqueue_time=2012882918953.7815, pkt_dequeue_time=2012882918953.7815, forwarded_or_dropped=1, reason_for_drop='Expiry'
DUPE: 2003295009823_Node0_Node8_Zero, Node2 id 2003295009823_Node0_Node8_Zero was a dupe; retransmit: 0, pkt_enqueue_time=2012884878438.5996, pkt_dequeue_time=2012884878438.5996, forwarded_or_dropped=1, reason_for_drop='Expiry'
DUPE: 2003409772522_Node0_Node8_Zero, Node2 id 2003409772522_Node0_Node8_Zero was a dupe; retransmit: 0, pkt_enqueue_time=2012884878438.5996, pkt_dequeue_time=2012884878438.5996, forwarded_or_dropped=1, reason_for_drop='Expiry'
DUPE: 2007770433628_Node0_Node8_Zero, Node1 id 2007770433628_Node0_Node8_Zero was a dupe; retransmit: 0, pkt_enqueue_time=2012888580541.5996, pkt_dequeue_time=2012888580541.5996, forwarded_or_dropped=1, reason_for_drop='Expiry'
DUPE: 2006786826218_Node0_Node8_Zero, Node1 id 2006786826218_Node0_Node8_Zero was a dupe; retransmit: 0, pkt_enqueue_time=2012902680196.145, pkt_dequeue_time=2012902680196.145, forwarded_or_dropped=1, reason_for_drop='Expiry'
DUPE: 2007262230533_Node0_Node8_Zero, Node1 id 2007262230533_Node0_Node8_Zero was a dupe; retransmit: 0, pkt_enqueue_time=2012916799850.6904, pkt_dequeue_time=2012916799850.6904, forwarded_or_dropped=1, reason_for_drop='Expiry'
DUPE: 2004688475545_Node0_Node8_Zero, Node1 id 2004688475545_Node0_Node8_Zero was a dupe; retransmit: 0, pkt_enqueue_time=2012931019505.2358, pkt_dequeue_time=2012931019505.2358, forwarded_or_dropped=1, reason_for_drop='Expiry'
DUPE: 2004704869846_Node0_Node8_Zero, Node1 id 2004704869846_Node0_Node8_Zero was a dupe; retransmit: 0, pkt_enqueue_time=2012931019505.2358, pkt_dequeue_time=2012931019505.2358, forwarded_or_dropped=1, reason_for_drop='Expiry'
DUPE: 2007852396769_Node0_Node8_Zero, Node1 id 2007852396769_Node0_Node8_Zero was a dupe; retransmit: 0, pkt_enqueue_time=2012945342068.8723, pkt_dequeue_time=2012945342068.8723, forwarded_or_dropped=1, reason_for_drop='Expiry'
DUPE: 2005967130475_Node0_Node8_Zero, Node1 id 2005967130475_Node0_Node8_Zero was a dupe; retransmit: 0, pkt_enqueue_time=2012959741723.4177, pkt_dequeue_time=2012959741723.4177, forwarded_or_dropped=1, reason_for_drop='Expiry'
DUPE: 2009229457739_Node0_Node8_Zero, Node1 id 2009229457739_Node0_Node8_Zero was a dupe; retransmit: 0, pkt_enqueue_time=2012974141377.9631, pkt_dequeue_time=2012974141377.9631, forwarded_or_dropped=1, reason_for_drop='Expiry'
DUPE: 2009245849509_Node0_Node8_Zero, Node1 id 2009245849509_Node0_Node8_Zero was a dupe; retransmit: 0, pkt_enqueue_time=2012974141377.9631, pkt_dequeue_time=2012974141377.9631, forwarded_or_dropped=1, reason_for_drop='Expiry'
DUPE: 2007836004272_Node0_Node8_Zero, Node1 id 2007836004272_Node0_Node8_Zero was a dupe; retransmit: 0, pkt_enqueue_time=2012988723941.5996, pkt_dequeue_time=2012988723941.5996, forwarded_or_dropped=1, reason_for_drop='Expiry'
main.py: Progress: 2013 / 2014
Called Update: UpdateRouteCalls = 0, force = True
!! UPDATING !!
routeNo, updatedMCSIndex =  0 [0, 1, 1, 1, 0, 1, 1, 1]

rf.py: Time: 2013 Route details: {0: {'Route': [0, 1, 2, 3, 4, 5, 6, 7, 8], 'MCS_Index': [0, 1, 1, 1, 0, 1, 1, 1], 'Priority': 1, 'ValidRoute': True, 'HQRoute': True, 'RouteNodeDensity': [0, 0, 0, 0, 2, 0, 0, 0, 0], 'InterferingLinks': 16, 'Target': (-1, -1)}}
DUPE: 2007639286174_Node0_Node8_Zero, Node1 id 2007639286174_Node0_Node8_Zero was a dupe; retransmit: 0, pkt_enqueue_time=2013003503596.145, pkt_dequeue_time=2013003503596.145, forwarded_or_dropped=1, reason_for_drop='Expiry'
DUPE: 2009540922059_Node0_Node8_Zero, Node1 id 2009540922059_Node0_Node8_Zero was a dupe; retransmit: 0, pkt_enqueue_time=2013018363250.6904, pkt_dequeue_time=2013018363250.6904, forwarded_or_dropped=1, reason_for_drop='Expiry'
DUPE: 2003147458525_Node0_Node8_Zero, Node1 id 2003147458525_Node0_Node8_Zero was a dupe; retransmit: 0, pkt_enqueue_time=2013033268905.2358, pkt_dequeue_time=2013033268905.2358, forwarded_or_dropped=1, reason_for_drop='Expiry'
DUPE: 2003163856701_Node0_Node8_Zero, Node1 id 2003163856701_Node0_Node8_Zero was a dupe; retransmit: 0, pkt_enqueue_time=2013033268905.2358, pkt_dequeue_time=2013033268905.2358, forwarded_or_dropped=1, reason_for_drop='Expiry'
DUPE: 2006754046735_Node0_Node8_Zero, Node1 id 2006754046735_Node0_Node8_Zero was a dupe; retransmit: 0, pkt_enqueue_time=2013048211468.8723, pkt_dequeue_time=2013048211468.8723, forwarded_or_dropped=1, reason_for_drop='Expiry'
DUPE: 2006770435242_Node0_Node8_Zero, Node1 id 2006770435242_Node0_Node8_Zero was a dupe; retransmit: 0, pkt_enqueue_time=2013063271123.4177, pkt_dequeue_time=2013063271123.4177, forwarded_or_dropped=1, reason_for_drop='Expiry'
DUPE: 2007458951470_Node0_Node8_Zero, Node1 id 2007458951470_Node0_Node8_Zero was a dupe; retransmit: 0, pkt_enqueue_time=2013078390777.9631, pkt_dequeue_time=2013078390777.9631, forwarded_or_dropped=1, reason_for_drop='Expiry'
DUPE: 2007196655351_Node0_Node8_Zero, Node1 id 2007196655351_Node0_Node8_Zero was a dupe; retransmit: 0, pkt_enqueue_time=2013093510432.5085, pkt_dequeue_time=2013093510432.5085, forwarded_or_dropped=1, reason_for_drop='Expiry'
DUPE: 2007475340761_Node0_Node8_Zero, Node1 id 2007475340761_Node0_Node8_Zero was a dupe; retransmit: 0, pkt_enqueue_time=2013108710087.054, pkt_dequeue_time=2013108710087.054, forwarded_or_dropped=1, reason_for_drop='Expiry'
DUPE: 2009409785021_Node0_Node8_Zero, Node1 id 2009409785021_Node0_Node8_Zero was a dupe; retransmit: 0, pkt_enqueue_time=2013124009741.5994, pkt_dequeue_time=2013124009741.5994, forwarded_or_dropped=1, reason_for_drop='Expiry'
DUPE: 2005868775189_Node0_Node8_Zero, Node1 id 2005868775189_Node0_Node8_Zero was a dupe; retransmit: 0, pkt_enqueue_time=2013139309396.1448, pkt_dequeue_time=2013139309396.1448, forwarded_or_dropped=1, reason_for_drop='Expiry'
DUPE: 2006639283017_Node0_Node8_Zero, Node1 id 2006639283017_Node0_Node8_Zero was a dupe; retransmit: 0, pkt_enqueue_time=2013154729050.6902, pkt_dequeue_time=2013154729050.6902, forwarded_or_dropped=1, reason_for_drop='Expiry'
DUPE: 2007180266818_Node0_Node8_Zero, Node1 id 2007180266818_Node0_Node8_Zero was a dupe; retransmit: 0, pkt_enqueue_time=2013170308705.2356, pkt_dequeue_time=2013170308705.2356, forwarded_or_dropped=1, reason_for_drop='Expiry'
DUPE: 2003311405007_Node0_Node8_Zero, Node2 id 2003311405007_Node0_Node8_Zero was a dupe; retransmit: 0, pkt_enqueue_time=2013187827190.0537, pkt_dequeue_time=2013187827190.0537, forwarded_or_dropped=1, reason_for_drop='Expiry'
DUPE: 2003327799023_Node0_Node8_Zero, Node2 id 2003327799023_Node0_Node8_Zero was a dupe; retransmit: 0, pkt_enqueue_time=2013187827190.0537, pkt_dequeue_time=2013187827190.0537, forwarded_or_dropped=1, reason_for_drop='Expiry'
Called Update: UpdateRouteCalls = 0, force = False
Node.py: (Node1)@2013200000000.0: Updated MCS from 1 to 1, hist=deque([0.0, 0.0, 0.0, 0.0, 0.03571428571428571], maxlen=5), packets_serviced=1, packets_received=28
Called Update: UpdateRouteCalls = 1, force = False
Node.py: (Node2)@2013200000000.0: Updated MCS from 1 to 1, hist=deque([0.10526315789473684, 0.16129032258064516, 0.018518518518518517, 0.0, 0.0], maxlen=5), packets_serviced=0, packets_received=8
Called Update: UpdateRouteCalls = 2, force = False
Called Update: UpdateRouteCalls = 3, force = False
Called Update: UpdateRouteCalls = 4, force = False
Called Update: UpdateRouteCalls = 5, force = False
Called Update: UpdateRouteCalls = 6, force = False
Called Update: UpdateRouteCalls = 7, force = False
Called Update: UpdateRouteCalls = 8, force = False
Called Update: UpdateRouteCalls = 9, force = False
Called Update: UpdateRouteCalls = 10, force = False
Called Update: UpdateRouteCalls = 11, force = False
Called Update: UpdateRouteCalls = 12, force = False
Called Update: UpdateRouteCalls = 13, force = False
Called Update: UpdateRouteCalls = 14, force = False
Called Update: UpdateRouteCalls = 15, force = False
Called Update: UpdateRouteCalls = 16, force = False
Called Update: UpdateRouteCalls = 17, force = False
!! UPDATING !!
routeNo, updatedMCSIndex =  0 [0, 1, 1, 1, 0, 1, 1, 1]
DUPE: 2007147478708_Node0_Node8_Zero, Node1 id 2007147478708_Node0_Node8_Zero was a dupe; retransmit: 0, pkt_enqueue_time=2013203267183.3264, pkt_dequeue_time=2013203267183.3264, forwarded_or_dropped=1, reason_for_drop='Expiry'
DUPE: 2001704857143_Node0_Node8_Zero, Node2 id 2001704857143_Node0_Node8_Zero was a dupe; retransmit: 0, pkt_enqueue_time=2013221105668.1445, pkt_dequeue_time=2013221105668.1445, forwarded_or_dropped=1, reason_for_drop='Expiry'
DUPE: 2001721246794_Node0_Node8_Zero, Node2 id 2001721246794_Node0_Node8_Zero was a dupe; retransmit: 0, pkt_enqueue_time=2013221105668.1445, pkt_dequeue_time=2013221105668.1445, forwarded_or_dropped=1, reason_for_drop='Expiry'
DUPE: 2009590104720_Node0_Node8_Zero, Node1 id 2009590104720_Node0_Node8_Zero was a dupe; retransmit: 0, pkt_enqueue_time=2013236246492.4172, pkt_dequeue_time=2013236246492.4172, forwarded_or_dropped=1, reason_for_drop='Expiry'
DUPE: 2001639292594_Node0_Node8_Zero, Node2 id 2001639292594_Node0_Node8_Zero was a dupe; retransmit: 0, pkt_enqueue_time=2013254201977.2354, pkt_dequeue_time=2013254201977.2354, forwarded_or_dropped=1, reason_for_drop='Expiry'
DUPE: 2009704856471_Node0_Node8_Zero, Node1 id 2009704856471_Node0_Node8_Zero was a dupe; retransmit: 0, pkt_enqueue_time=2013269608710.599, pkt_dequeue_time=2013269608710.599, forwarded_or_dropped=1, reason_for_drop='Expiry'
DUPE: 2003032711682_Node0_Node8_Zero, Node2 id 2003032711682_Node0_Node8_Zero was a dupe; retransmit: 0, pkt_enqueue_time=2013288007195.4172, pkt_dequeue_time=2013288007195.4172, forwarded_or_dropped=1, reason_for_drop='Expiry'
DUPE: 2006508142530_Node0_Node8_Zero, Node1 id 2006508142530_Node0_Node8_Zero was a dupe; retransmit: 0, pkt_enqueue_time=2013303065928.781, pkt_dequeue_time=2013303065928.781, forwarded_or_dropped=1, reason_for_drop='Expiry'
DUPE: 2008606484577_Node0_Node8_Zero, Node1 id 2008606484577_Node0_Node8_Zero was a dupe; retransmit: 0, pkt_enqueue_time=2013319885583.3264, pkt_dequeue_time=2013319885583.3264, forwarded_or_dropped=1, reason_for_drop='Expiry'
DUPE: 2008622881605_Node0_Node8_Zero, Node1 id 2008622881605_Node0_Node8_Zero was a dupe; retransmit: 0, pkt_enqueue_time=2013319885583.3264, pkt_dequeue_time=2013319885583.3264, forwarded_or_dropped=1, reason_for_drop='Expiry'
DUPE: 2001180288354_Node0_Node8_Zero, Node2 id 2001180288354_Node0_Node8_Zero was a dupe; retransmit: 0, pkt_enqueue_time=2013338569068.1445, pkt_dequeue_time=2013338569068.1445, forwarded_or_dropped=1, reason_for_drop='Expiry'
DUPE: 2001196683598_Node0_Node8_Zero, Node2 id 2001196683598_Node0_Node8_Zero was a dupe; retransmit: 0, pkt_enqueue_time=2013338569068.1445, pkt_dequeue_time=2013338569068.1445, forwarded_or_dropped=1, reason_for_drop='Expiry'
DUPE: 2007131080339_Node0_Node8_Zero, Node1 id 2007131080339_Node0_Node8_Zero was a dupe; retransmit: 0, pkt_enqueue_time=2013354547801.5083, pkt_dequeue_time=2013354547801.5083, forwarded_or_dropped=1, reason_for_drop='Expiry'
DUPE: 2001229468740_Node0_Node8_Zero, Node2 id 2001229468740_Node0_Node8_Zero was a dupe; retransmit: 0, pkt_enqueue_time=2013373504286.3264, pkt_dequeue_time=2013373504286.3264, forwarded_or_dropped=1, reason_for_drop='Expiry'
DUPE: 2001213075957_Node0_Node8_Zero, Node2 id 2001213075957_Node0_Node8_Zero was a dupe; retransmit: 0, pkt_enqueue_time=2013373504286.3264, pkt_dequeue_time=2013373504286.3264, forwarded_or_dropped=1, reason_for_drop='Expiry'
DUPE: 2001278652014_Node0_Node8_Zero, Node2 id 2001278652014_Node0_Node8_Zero was a dupe; retransmit: 0, pkt_enqueue_time=2013377562492.3264, pkt_dequeue_time=2013377562492.3264, forwarded_or_dropped=1, reason_for_drop='Expiry'
DUPE: 2006458958834_Node0_Node8_Zero, Node1 id 2006458958834_Node0_Node8_Zero was a dupe; retransmit: 0, pkt_enqueue_time=2013390263078.599, pkt_dequeue_time=2013390263078.599, forwarded_or_dropped=1, reason_for_drop='Expiry'
DUPE: 2006868788776_Node0_Node8_Zero, Node1 id 2006868788776_Node0_Node8_Zero was a dupe; retransmit: 0, pkt_enqueue_time=2013394271284.599, pkt_dequeue_time=2013394271284.599, forwarded_or_dropped=1, reason_for_drop='Expiry'
DUPE: 2002245856202_Node0_Node8_Zero, Node2 id 2002245856202_Node0_Node8_Zero was a dupe; retransmit: 0, pkt_enqueue_time=2013413462769.4172, pkt_dequeue_time=2013413462769.4172, forwarded_or_dropped=1, reason_for_drop='Expiry'
DUPE: 2002262244836_Node0_Node8_Zero, Node2 id 2002262244836_Node0_Node8_Zero was a dupe; retransmit: 0, pkt_enqueue_time=2013420040975.4172, pkt_dequeue_time=2013420040975.4172, forwarded_or_dropped=1, reason_for_drop='Expiry'
DUPE: 2002278641465_Node0_Node8_Zero, Node2 id 2002278641465_Node0_Node8_Zero was a dupe; retransmit: 0, pkt_enqueue_time=2013420040975.4172, pkt_dequeue_time=2013420040975.4172, forwarded_or_dropped=1, reason_for_drop='Expiry'
DUPE: 2003540932314_Node0_Node8_Zero, Node1 id 2003540932314_Node0_Node8_Zero was a dupe; retransmit: 0, pkt_enqueue_time=2013430748564.69, pkt_dequeue_time=2013430748564.69, forwarded_or_dropped=1, reason_for_drop='Expiry'
DUPE: 2003557321819_Node0_Node8_Zero, Node1 id 2003557321819_Node0_Node8_Zero was a dupe; retransmit: 0, pkt_enqueue_time=2013430748564.69, pkt_dequeue_time=2013430748564.69, forwarded_or_dropped=1, reason_for_drop='Expiry'
DUPE: 2006344199943_Node0_Node8_Zero, Node1 id 2006344199943_Node0_Node8_Zero was a dupe; retransmit: 0, pkt_enqueue_time=2013448411128.3264, pkt_dequeue_time=2013448411128.3264, forwarded_or_dropped=1, reason_for_drop='Expiry'
DUPE: 2001901573654_Node0_Node8_Zero, Node2 id 2001901573654_Node0_Node8_Zero was a dupe; retransmit: 0, pkt_enqueue_time=2013467867613.1445, pkt_dequeue_time=2013467867613.1445, forwarded_or_dropped=1, reason_for_drop='Expiry'
DUPE: 2001917968328_Node0_Node8_Zero, Node2 id 2001917968328_Node0_Node8_Zero was a dupe; retransmit: 0, pkt_enqueue_time=2013467867613.1445, pkt_dequeue_time=2013467867613.1445, forwarded_or_dropped=1, reason_for_drop='Expiry'
DUPE: 2003376982708_Node0_Node8_Zero, Node1 id 2003376982708_Node0_Node8_Zero was a dupe; retransmit: 0, pkt_enqueue_time=2013484067437.4172, pkt_dequeue_time=2013484067437.4172, forwarded_or_dropped=1, reason_for_drop='Expiry'
DUPE: 2003393376174_Node0_Node8_Zero, Node1 id 2003393376174_Node0_Node8_Zero was a dupe; retransmit: 0, pkt_enqueue_time=2013484067437.4172, pkt_dequeue_time=2013484067437.4172, forwarded_or_dropped=1, reason_for_drop='Expiry'
DUPE: 2003409772522_Node0_Node8_Zero, Node1 id 2003409772522_Node0_Node8_Zero was a dupe; retransmit: 0, pkt_enqueue_time=2013492045643.4172, pkt_dequeue_time=2013492045643.4172, forwarded_or_dropped=1, reason_for_drop='Expiry'
DUPE: 2003426169915_Node0_Node8_Zero, Node1 id 2003426169915_Node0_Node8_Zero was a dupe; retransmit: 0, pkt_enqueue_time=2013492045643.4172, pkt_dequeue_time=2013492045643.4172, forwarded_or_dropped=1, reason_for_drop='Expiry'
DUPE: 2006540932195_Node0_Node8_Zero, Node1 id 2006540932195_Node0_Node8_Zero was a dupe; retransmit: 0, pkt_enqueue_time=2013509948207.0537, pkt_dequeue_time=2013509948207.0537, forwarded_or_dropped=1, reason_for_drop='Expiry'
DUPE: 2008967153348_Node0_Node8_Zero, Node1 id 2008967153348_Node0_Node8_Zero was a dupe; retransmit: 0, pkt_enqueue_time=2013527927861.599, pkt_dequeue_time=2013527927861.599, forwarded_or_dropped=1, reason_for_drop='Expiry'
DUPE: 2008983548079_Node0_Node8_Zero, Node1 id 2008983548079_Node0_Node8_Zero was a dupe; retransmit: 0, pkt_enqueue_time=2013527927861.599, pkt_dequeue_time=2013527927861.599, forwarded_or_dropped=1, reason_for_drop='Expiry'
DUPE: 2001803208775_Node0_Node8_Zero, Node2 id 2001803208775_Node0_Node8_Zero was a dupe; retransmit: 0, pkt_enqueue_time=2013529706691.8718, pkt_dequeue_time=2013529706691.8718, forwarded_or_dropped=1, reason_for_drop='Expiry'
DUPE: 2001819600293_Node0_Node8_Zero, Node2 id 2001819600293_Node0_Node8_Zero was a dupe; retransmit: 0, pkt_enqueue_time=2013529706691.8718, pkt_dequeue_time=2013529706691.8718, forwarded_or_dropped=1, reason_for_drop='Expiry'
DUPE: 2001835996573_Node0_Node8_Zero, Node2 id 2001835996573_Node0_Node8_Zero was a dupe; retransmit: 0, pkt_enqueue_time=2013539684897.8718, pkt_dequeue_time=2013539684897.8718, forwarded_or_dropped=1, reason_for_drop='Expiry'
DUPE: 2001852389289_Node0_Node8_Zero, Node2 id 2001852389289_Node0_Node8_Zero was a dupe; retransmit: 0, pkt_enqueue_time=2013539684897.8718, pkt_dequeue_time=2013539684897.8718, forwarded_or_dropped=1, reason_for_drop='Expiry'
DUPE: 2006737651134_Node0_Node8_Zero, Node1 id 2006737651134_Node0_Node8_Zero was a dupe; retransmit: 0, pkt_enqueue_time=2013548631418.2356, pkt_dequeue_time=2013548631418.2356, forwarded_or_dropped=1, reason_for_drop='Expiry'
DUPE: 2002819586116_Node0_Node8_Zero, Node2 id 2002819586116_Node0_Node8_Zero was a dupe; retransmit: 0, pkt_enqueue_time=2013567618903.0537, pkt_dequeue_time=2013567618903.0537, forwarded_or_dropped=1, reason_for_drop='Expiry'
DUPE: 2008704854361_Node0_Node8_Zero, Node1 id 2008704854361_Node0_Node8_Zero was a dupe; retransmit: 0, pkt_enqueue_time=2013584870727.3264, pkt_dequeue_time=2013584870727.3264, forwarded_or_dropped=1, reason_for_drop='Expiry'
DUPE: 2008721242904_Node0_Node8_Zero, Node1 id 2008721242904_Node0_Node8_Zero was a dupe; retransmit: 0, pkt_enqueue_time=2013584870727.3264, pkt_dequeue_time=2013584870727.3264, forwarded_or_dropped=1, reason_for_drop='Expiry'
Called Update: UpdateRouteCalls = 0, force = False
Node.py: (Node1)@2013600000000.0: Updated MCS from 1 to 1, hist=deque([0.0, 0.0, 0.0, 0.03571428571428571, 0.0], maxlen=5), packets_serviced=0, packets_received=22
Called Update: UpdateRouteCalls = 1, force = False
Node.py: (Node2)@2013600000000.0: Updated MCS from 1 to 1, hist=deque([0.16129032258064516, 0.018518518518518517, 0.0, 0.0, 0.0], maxlen=5), packets_serviced=0, packets_received=20
Called Update: UpdateRouteCalls = 2, force = False
Called Update: UpdateRouteCalls = 3, force = False
Called Update: UpdateRouteCalls = 4, force = False
Called Update: UpdateRouteCalls = 5, force = False
Called Update: UpdateRouteCalls = 6, force = False
Called Update: UpdateRouteCalls = 7, force = False
Called Update: UpdateRouteCalls = 8, force = False
Called Update: UpdateRouteCalls = 9, force = False
Called Update: UpdateRouteCalls = 10, force = False
Called Update: UpdateRouteCalls = 11, force = False
Called Update: UpdateRouteCalls = 12, force = False
Called Update: UpdateRouteCalls = 13, force = False
Called Update: UpdateRouteCalls = 14, force = False
Called Update: UpdateRouteCalls = 15, force = False
Called Update: UpdateRouteCalls = 16, force = False
Called Update: UpdateRouteCalls = 17, force = False
!! UPDATING !!
routeNo, updatedMCSIndex =  0 [0, 1, 1, 1, 0, 1, 1, 1]
DUPE: 2000868826814_Node0_Node8_Zero, Node2 id 2000868826814_Node0_Node8_Zero was a dupe; retransmit: 0, pkt_enqueue_time=2013604716212.1445, pkt_dequeue_time=2013604716212.1445, forwarded_or_dropped=1, reason_for_drop='Expiry'
DUPE: 2000885221538_Node0_Node8_Zero, Node2 id 2000885221538_Node0_Node8_Zero was a dupe; retransmit: 0, pkt_enqueue_time=2013604716212.1445, pkt_dequeue_time=2013604716212.1445, forwarded_or_dropped=1, reason_for_drop='Expiry'
DUPE: 2009032732818_Node0_Node8_Zero, Node1 id 2009032732818_Node0_Node8_Zero was a dupe; retransmit: 0, pkt_enqueue_time=2013621352945.5083, pkt_dequeue_time=2013621352945.5083, forwarded_or_dropped=1, reason_for_drop='Expiry'
DUPE: 2009049124234_Node0_Node8_Zero, Node1 id 2009049124234_Node0_Node8_Zero was a dupe; retransmit: 0, pkt_enqueue_time=2013621352945.5083, pkt_dequeue_time=2013621352945.5083, forwarded_or_dropped=1, reason_for_drop='Expiry'
DUPE: 2000819657157_Node0_Node8_Zero, Node2 id 2000819657157_Node0_Node8_Zero was a dupe; retransmit: 0, pkt_enqueue_time=2013641247430.3264, pkt_dequeue_time=2013641247430.3264, forwarded_or_dropped=1, reason_for_drop='Expiry'
DUPE: 2000836049054_Node0_Node8_Zero, Node2 id 2000836049054_Node0_Node8_Zero was a dupe; retransmit: 0, pkt_enqueue_time=2013641247430.3264, pkt_dequeue_time=2013641247430.3264, forwarded_or_dropped=1, reason_for_drop='Expiry'
DUPE: 2000901614124_Node0_Node8_Zero, Node2 id 2000901614124_Node0_Node8_Zero was a dupe; retransmit: 0, pkt_enqueue_time=2013643145636.3264, pkt_dequeue_time=2013643145636.3264, forwarded_or_dropped=1, reason_for_drop='Expiry'
DUPE: 2009901565148_Node0_Node8_Zero, Node1 id 2009901565148_Node0_Node8_Zero was a dupe; retransmit: 0, pkt_enqueue_time=2013659412819.6902, pkt_dequeue_time=2013659412819.6902, forwarded_or_dropped=1, reason_for_drop='Expiry'
DUPE: 2001770426836_Node0_Node8_Zero, Node2 id 2001770426836_Node0_Node8_Zero was a dupe; retransmit: 0, pkt_enqueue_time=2013679431304.5083, pkt_dequeue_time=2013679431304.5083, forwarded_or_dropped=1, reason_for_drop='Expiry'
DUPE: 2001786817356_Node0_Node8_Zero, Node2 id 2001786817356_Node0_Node8_Zero was a dupe; retransmit: 0, pkt_enqueue_time=2013679431304.5083, pkt_dequeue_time=2013679431304.5083, forwarded_or_dropped=1, reason_for_drop='Expiry'
DUPE: 2009868778210_Node0_Node8_Zero, Node1 id 2009868778210_Node0_Node8_Zero was a dupe; retransmit: 0, pkt_enqueue_time=2013696373037.872, pkt_dequeue_time=2013696373037.872, forwarded_or_dropped=1, reason_for_drop='Expiry'
DUPE: 2006819610456_Node0_Node8_Zero, Node1 id 2006819610456_Node0_Node8_Zero was a dupe; retransmit: 0, pkt_enqueue_time=2013714932692.4175, pkt_dequeue_time=2013714932692.4175, forwarded_or_dropped=1, reason_for_drop='Expiry'
DUPE: 2007295017323_Node0_Node8_Zero, Node1 id 2007295017323_Node0_Node8_Zero was a dupe; retransmit: 0, pkt_enqueue_time=2013733492346.963, pkt_dequeue_time=2013733492346.963, forwarded_or_dropped=1, reason_for_drop='Expiry'
DUPE: 2007245832575_Node0_Node8_Zero, Node1 id 2007245832575_Node0_Node8_Zero was a dupe; retransmit: 0, pkt_enqueue_time=2013752092001.5083, pkt_dequeue_time=2013752092001.5083, forwarded_or_dropped=1, reason_for_drop='Expiry'
DUPE: 2003967166329_Node0_Node8_Zero, Node1 id 2003967166329_Node0_Node8_Zero was a dupe; retransmit: 0, pkt_enqueue_time=2013770671656.0537, pkt_dequeue_time=2013770671656.0537, forwarded_or_dropped=1, reason_for_drop='Expiry'
DUPE: 2003983559033_Node0_Node8_Zero, Node1 id 2003983559033_Node0_Node8_Zero was a dupe; retransmit: 0, pkt_enqueue_time=2013770671656.0537, pkt_dequeue_time=2013770671656.0537, forwarded_or_dropped=1, reason_for_drop='Expiry'
DUPE: 2005180268211_Node0_Node8_Zero, Node1 id 2005180268211_Node0_Node8_Zero was a dupe; retransmit: 0, pkt_enqueue_time=2013789294219.6902, pkt_dequeue_time=2013789294219.6902, forwarded_or_dropped=1, reason_for_drop='Expiry'
DUPE: 2006573712061_Node0_Node8_Zero, Node1 id 2006573712061_Node0_Node8_Zero was a dupe; retransmit: 0, pkt_enqueue_time=2013807993874.2356, pkt_dequeue_time=2013807993874.2356, forwarded_or_dropped=1, reason_for_drop='Expiry'
DUPE: 2007590100268_Node0_Node8_Zero, Node1 id 2007590100268_Node0_Node8_Zero was a dupe; retransmit: 0, pkt_enqueue_time=2013826733528.781, pkt_dequeue_time=2013826733528.781, forwarded_or_dropped=1, reason_for_drop='Expiry'
DUPE: 2009442575737_Node0_Node8_Zero, Node1 id 2009442575737_Node0_Node8_Zero was a dupe; retransmit: 0, pkt_enqueue_time=2013845613183.3264, pkt_dequeue_time=2013845613183.3264, forwarded_or_dropped=1, reason_for_drop='Expiry'
DUPE: 2003639292767_Node0_Node8_Zero, Node1 id 2003639292767_Node0_Node8_Zero was a dupe; retransmit: 0, pkt_enqueue_time=2013864472837.8718, pkt_dequeue_time=2013864472837.8718, forwarded_or_dropped=1, reason_for_drop='Expiry'
DUPE: 2003655691198_Node0_Node8_Zero, Node1 id 2003655691198_Node0_Node8_Zero was a dupe; retransmit: 0, pkt_enqueue_time=2013864472837.8718, pkt_dequeue_time=2013864472837.8718, forwarded_or_dropped=1, reason_for_drop='Expiry'
DUPE: 2002917954239_Node0_Node8_Zero, Node1 id 2002917954239_Node0_Node8_Zero was a dupe; retransmit: 0, pkt_enqueue_time=2013883416401.5083, pkt_dequeue_time=2013883416401.5083, forwarded_or_dropped=1, reason_for_drop='Expiry'
DUPE: 2003508143817_Node0_Node8_Zero, Node1 id 2003508143817_Node0_Node8_Zero was a dupe; retransmit: 0, pkt_enqueue_time=2013902366056.0537, pkt_dequeue_time=2013902366056.0537, forwarded_or_dropped=1, reason_for_drop='Expiry'
DUPE: 2003524542128_Node0_Node8_Zero, Node1 id 2003524542128_Node0_Node8_Zero was a dupe; retransmit: 0, pkt_enqueue_time=2013902366056.0537, pkt_dequeue_time=2013902366056.0537, forwarded_or_dropped=1, reason_for_drop='Expiry'
DUPE: 2002737622586_Node0_Node8_Zero, Node1 id 2002737622586_Node0_Node8_Zero was a dupe; retransmit: 0, pkt_enqueue_time=2013921388619.6902, pkt_dequeue_time=2013921388619.6902, forwarded_or_dropped=1, reason_for_drop='Expiry'
DUPE: 2000606543027_Node0_Node8_Zero, Node1 id 2000606543027_Node0_Node8_Zero was a dupe; retransmit: 0, pkt_enqueue_time=2013940388274.2356, pkt_dequeue_time=2013940388274.2356, forwarded_or_dropped=1, reason_for_drop='Expiry'
DUPE: 2000622939072_Node0_Node8_Zero, Node1 id 2000622939072_Node0_Node8_Zero was a dupe; retransmit: 0, pkt_enqueue_time=2013940388274.2356, pkt_dequeue_time=2013940388274.2356, forwarded_or_dropped=1, reason_for_drop='Expiry'
DUPE: 2009721250927_Node0_Node8_Zero, Node1 id 2009721250927_Node0_Node8_Zero was a dupe; retransmit: 0, pkt_enqueue_time=2013959430837.872, pkt_dequeue_time=2013959430837.872, forwarded_or_dropped=1, reason_for_drop='Expiry'
DUPE: 2001770426836_Node0_Node8_Zero, Node1 id 2001770426836_Node0_Node8_Zero was a dupe; retransmit: 0, pkt_enqueue_time=2013978450492.4175, pkt_dequeue_time=2013978450492.4175, forwarded_or_dropped=1, reason_for_drop='Expiry'
DUPE: 2001786817356_Node0_Node8_Zero, Node1 id 2001786817356_Node0_Node8_Zero was a dupe; retransmit: 0, pkt_enqueue_time=2013978450492.4175, pkt_dequeue_time=2013978450492.4175, forwarded_or_dropped=1, reason_for_drop='Expiry'
DUPE: 2008999942375_Node0_Node8_Zero, Node1 id 2008999942375_Node0_Node8_Zero was a dupe; retransmit: 0, pkt_enqueue_time=2013997553056.054, pkt_dequeue_time=2013997553056.054, forwarded_or_dropped=1, reason_for_drop='Expiry'
DUPE: 2009016336083_Node0_Node8_Zero, Node1 id 2009016336083_Node0_Node8_Zero was a dupe; retransmit: 0, pkt_enqueue_time=2013997553056.054, pkt_dequeue_time=2013997553056.054, forwarded_or_dropped=1, reason_for_drop='Expiry'

Total number of generated packets: 1120
Total number of delivered packets: 1120 # Use all_stats.csv to check PDR
Average number of packets genetated every second: 80.0
Average number of packets delivered every second: 80.0
Standard deviation of packets genetated every second: 65.41952526359607
Standard deviation of packets delivered every second: 45.48155041960892
Average number of packets genetated every millisecond: 0.08
Average number of packets delivered every millisecond: 0.08
Standard deviation of packets genetated every millisecond: 0.28364968333693386
Standard deviation of packets delivered every millisecond: 0.2777974596201854
Average delay: 1495.4545375094847
Standard deviation of delay: 2183.650605547538
Minimum delay: 0.6441029999405146
Maximum delay: 13304.083355026552
Total number of retransmissions: 10010
Node0
Avg Received Power: 1.20e-13, Node1: [Avg:1.45e-12, Max:3.12e-12, Min:5.26e-13], Node2: [Avg:3.28e-13, Max:7.81e-13, Min:1.31e-13], Node3: [Avg:1.69e-13, Max:3.05e-13, Min:5.84e-14], Node4: [Avg:7.99e-14, Max:1.72e-13, Min:3.29e-14], Node5: [Avg:5.06e-14, Max:1.10e-13, Min:2.10e-14], Node6: [Avg:3.57e-14, Max:8.28e-14, Min:1.46e-14], Node7: [Avg:2.75e-14, Max:6.30e-14, Min:1.07e-14], 
Avg INTF: 3.96e-13, Node1: [Avg:1.45e-12, Max:3.12e-12, Min:5.26e-13], Node2: [Avg:3.28e-13, Max:7.81e-13, Min:1.31e-13], Node3: [Avg:1.69e-13, Max:3.05e-13, Min:5.84e-14], Node4: [Avg:7.99e-14, Max:1.72e-13, Min:3.29e-14], Node5: [Avg:5.06e-14, Max:1.10e-13, Min:2.10e-14], Node6: [Avg:3.57e-14, Max:8.28e-14, Min:1.46e-14], Node7: [Avg:2.75e-14, Max:6.30e-14, Min:1.07e-14], 
Self Tx power: RTS: (Avg: 0.0132, Min: 0.0077, Max: 0.0410), CTS: (Avg: 0.0089, Min: 0.0077, Max: 0.0201), ACK: (Avg: nan, Min: inf, Max: -inf), Data: (Avg: 0.0132, Min: 0.0077, Max: 0.0410)
CTS retry: 216, ACK retry: 2453, # Receiver Drops: 17, # Pkts Receiver Drops: 17, # Sent ACKs: 0, # Pkts ACK sent for: 0, # Retransmissions: 2669, # Pkts Retransmitted: 3483, # Receptions: 0, # Pkts Received: 0, # Forwards: 22, # Pkts Forwarded: 23

Node1
Avg Received Power: 4.11e-13, Node0: [Avg:8.10e-13, Max:2.81e-12, Min:5.26e-13], Node2: [Avg:1.30e-12, Max:3.12e-12, Min:5.26e-13], Node3: [Avg:3.73e-13, Max:6.87e-13, Min:1.31e-13], Node4: [Avg:1.43e-13, Max:3.05e-13, Min:5.84e-14], Node5: [Avg:7.89e-14, Max:1.72e-13, Min:3.29e-14], Node6: [Avg:5.23e-14, Max:1.19e-13, Min:2.10e-14], Node7: [Avg:3.84e-14, Max:8.57e-14, Min:1.46e-14], 
Avg INTF: 4.01e-13, Node2: [Avg:1.30e-12, Max:3.12e-12, Min:5.26e-13], Node3: [Avg:3.73e-13, Max:6.87e-13, Min:1.31e-13], Node4: [Avg:1.43e-13, Max:3.05e-13, Min:5.84e-14], Node5: [Avg:7.89e-14, Max:1.72e-13, Min:3.29e-14], Node6: [Avg:5.23e-14, Max:1.19e-13, Min:2.10e-14], Node7: [Avg:3.84e-14, Max:8.57e-14, Min:1.46e-14], 
Self Tx power: RTS: (Avg: 0.0245, Min: 0.0153, Max: 0.0544), CTS: (Avg: 0.0120, Min: 0.0077, Max: 0.0201), ACK: (Avg: 0.0077, Min: 0.0077, Max: 0.0077), Data: (Avg: 0.0245, Min: 0.0153, Max: 0.0544)
CTS retry: 171, ACK retry: 476, # Receiver Drops: 351, # Pkts Receiver Drops: 465, # Sent ACKs: 2404, # Pkts ACK sent for: 3085, # Retransmissions: 647, # Pkts Retransmitted: 1120, # Receptions: 2404, # Pkts Received: 3003, # Forwards: 20, # Pkts Forwarded: 21

Node2
Avg Received Power: 2.71e-13, Node0: [Avg:2.02e-13, Max:7.03e-13, Min:1.31e-13], Node1: [Avg:1.45e-12, Max:3.12e-12, Min:5.26e-13], Node3: [Avg:1.49e-12, Max:2.75e-12, Min:5.26e-13], Node4: [Avg:3.20e-13, Max:6.87e-13, Min:1.31e-13], Node5: [Avg:1.41e-13, Max:3.05e-13, Min:5.84e-14], Node6: [Avg:8.10e-14, Max:1.86e-13, Min:3.29e-14], Node7: [Avg:5.48e-14, Max:1.23e-13, Min:2.10e-14], 
Avg INTF: 3.07e-13, Node0: [Avg:2.02e-13, Max:7.03e-13, Min:1.31e-13], Node3: [Avg:1.49e-12, Max:2.75e-12, Min:5.26e-13], Node4: [Avg:3.20e-13, Max:6.87e-13, Min:1.31e-13], Node5: [Avg:1.41e-13, Max:3.05e-13, Min:5.84e-14], Node6: [Avg:8.10e-14, Max:1.86e-13, Min:3.29e-14], Node7: [Avg:5.48e-14, Max:1.23e-13, Min:2.10e-14], 
Self Tx power: RTS: (Avg: 0.0207, Min: 0.0077, Max: 0.0544), CTS: (Avg: 0.0110, Min: 0.0077, Max: 0.0201), ACK: (Avg: 0.0077, Min: 0.0077, Max: 0.0077), Data: (Avg: 0.0207, Min: 0.0077, Max: 0.0544)
CTS retry: 112, ACK retry: 515, # Receiver Drops: 153, # Pkts Receiver Drops: 210, # Sent ACKs: 434, # Pkts ACK sent for: 734, # Retransmissions: 627, # Pkts Retransmitted: 971, # Receptions: 434, # Pkts Received: 663, # Forwards: 17, # Pkts Forwarded: 19

Node3
Avg Received Power: 2.34e-13, Node0: [Avg:8.84e-14, Max:3.12e-13, Min:5.84e-14], Node1: [Avg:3.62e-13, Max:7.81e-13, Min:1.31e-13], Node2: [Avg:1.31e-12, Max:3.12e-12, Min:5.26e-13], Node4: [Avg:1.28e-12, Max:2.75e-12, Min:5.26e-13], Node5: [Avg:3.17e-13, Max:6.87e-13, Min:1.31e-13], Node6: [Avg:1.46e-13, Max:3.31e-13, Min:5.84e-14], Node7: [Avg:8.49e-14, Max:1.93e-13, Min:3.29e-14], 
Avg INTF: 2.47e-13, Node0: [Avg:8.84e-14, Max:3.12e-13, Min:5.84e-14], Node1: [Avg:3.62e-13, Max:7.81e-13, Min:1.31e-13], Node4: [Avg:1.28e-12, Max:2.75e-12, Min:5.26e-13], Node5: [Avg:3.17e-13, Max:6.87e-13, Min:1.31e-13], Node6: [Avg:1.46e-13, Max:3.31e-13, Min:5.84e-14], Node7: [Avg:8.49e-14, Max:1.93e-13, Min:3.29e-14], 
Self Tx power: RTS: (Avg: 0.0247, Min: 0.0153, Max: 0.0544), CTS: (Avg: 0.0121, Min: 0.0077, Max: 0.0201), ACK: (Avg: 0.0077, Min: 0.0077, Max: 0.0077), Data: (Avg: 0.0247, Min: 0.0153, Max: 0.0544)
CTS retry: 106, ACK retry: 427, # Receiver Drops: 163, # Pkts Receiver Drops: 213, # Sent ACKs: 427, # Pkts ACK sent for: 657, # Retransmissions: 533, # Pkts Retransmitted: 947, # Receptions: 427, # Pkts Received: 606, # Forwards: 13, # Pkts Forwarded: 16

Node4
Avg Received Power: 2.18e-13, Node0: [Avg:4.97e-14, Max:1.76e-13, Min:3.29e-14], Node1: [Avg:1.60e-13, Max:3.47e-13, Min:5.84e-14], Node2: [Avg:3.27e-13, Max:7.81e-13, Min:1.31e-13], Node3: [Avg:1.49e-12, Max:2.75e-12, Min:5.26e-13], Node5: [Avg:1.27e-12, Max:2.75e-12, Min:5.26e-13], Node6: [Avg:3.25e-13, Max:7.45e-13, Min:1.31e-13], Node7: [Avg:1.54e-13, Max:3.43e-13, Min:5.84e-14], 
Avg INTF: 2.22e-13, Node0: [Avg:4.97e-14, Max:1.76e-13, Min:3.29e-14], Node1: [Avg:1.60e-13, Max:3.47e-13, Min:5.84e-14], Node2: [Avg:3.27e-13, Max:7.81e-13, Min:1.31e-13], Node5: [Avg:1.27e-12, Max:2.75e-12, Min:5.26e-13], Node6: [Avg:3.25e-13, Max:7.45e-13, Min:1.31e-13], Node7: [Avg:1.54e-13, Max:3.43e-13, Min:5.84e-14], 
Self Tx power: RTS: (Avg: 0.0229, Min: 0.0153, Max: 0.0512), CTS: (Avg: 0.0116, Min: 0.0077, Max: 0.0201), ACK: (Avg: 0.0077, Min: 0.0077, Max: 0.0077), Data: (Avg: 0.0229, Min: 0.0153, Max: 0.0512)
CTS retry: 97, ACK retry: 423, # Receiver Drops: 170, # Pkts Receiver Drops: 263, # Sent ACKs: 337, # Pkts ACK sent for: 594, # Retransmissions: 520, # Pkts Retransmitted: 898, # Receptions: 337, # Pkts Received: 510, # Forwards: 9, # Pkts Forwarded: 13

Node5
Avg Received Power: 2.04e-13, Node0: [Avg:3.18e-14, Max:1.12e-13, Min:2.10e-14], Node1: [Avg:9.14e-14, Max:1.95e-13, Min:3.29e-14], Node2: [Avg:1.47e-13, Max:3.47e-13, Min:5.84e-14], Node3: [Avg:3.73e-13, Max:6.87e-13, Min:1.31e-13], Node4: [Avg:1.28e-12, Max:2.75e-12, Min:5.26e-13], Node6: [Avg:1.30e-12, Max:2.98e-12, Min:5.26e-13], Node7: [Avg:3.42e-13, Max:7.71e-13, Min:1.31e-13], 
Avg INTF: 2.20e-13, Node0: [Avg:3.18e-14, Max:1.12e-13, Min:2.10e-14], Node1: [Avg:9.14e-14, Max:1.95e-13, Min:3.29e-14], Node2: [Avg:1.47e-13, Max:3.47e-13, Min:5.84e-14], Node3: [Avg:3.73e-13, Max:6.87e-13, Min:1.31e-13], Node6: [Avg:1.30e-12, Max:2.98e-12, Min:5.26e-13], Node7: [Avg:3.42e-13, Max:7.71e-13, Min:1.31e-13], 
Self Tx power: RTS: (Avg: 0.0214, Min: 0.0153, Max: 0.0400), CTS: (Avg: 0.0115, Min: 0.0077, Max: 0.0201), ACK: (Avg: 0.0077, Min: 0.0077, Max: 0.0077), Data: (Avg: 0.0214, Min: 0.0153, Max: 0.0400)
CTS retry: 119, ACK retry: 405, # Receiver Drops: 156, # Pkts Receiver Drops: 251, # Sent ACKs: 317, # Pkts ACK sent for: 526, # Retransmissions: 524, # Pkts Retransmitted: 876, # Receptions: 317, # Pkts Received: 472, # Forwards: 4, # Pkts Forwarded: 10

Node6
Avg Received Power: 1.77e-13, Node0: [Avg:2.19e-14, Max:7.81e-14, Min:1.46e-14], Node1: [Avg:5.78e-14, Max:1.25e-13, Min:2.10e-14], Node2: [Avg:8.21e-14, Max:1.95e-13, Min:3.29e-14], Node3: [Avg:1.69e-13, Max:3.05e-13, Min:5.84e-14], Node4: [Avg:3.20e-13, Max:6.87e-13, Min:1.31e-13], Node5: [Avg:1.27e-12, Max:2.75e-12, Min:5.26e-13], Node7: [Avg:1.37e-12, Max:3.09e-12, Min:5.26e-13], 
Avg INTF: 1.89e-13, Node0: [Avg:2.19e-14, Max:7.81e-14, Min:1.46e-14], Node1: [Avg:5.78e-14, Max:1.25e-13, Min:2.10e-14], Node2: [Avg:8.21e-14, Max:1.95e-13, Min:3.29e-14], Node3: [Avg:1.69e-13, Max:3.05e-13, Min:5.84e-14], Node4: [Avg:3.20e-13, Max:6.87e-13, Min:1.31e-13], Node7: [Avg:1.37e-12, Max:3.09e-12, Min:5.26e-13], 
Self Tx power: RTS: (Avg: 0.0192, Min: 0.0153, Max: 0.0434), CTS: (Avg: 0.0110, Min: 0.0077, Max: 0.0201), ACK: (Avg: 0.0077, Min: 0.0077, Max: 0.0077), Data: (Avg: 0.0192, Min: 0.0153, Max: 0.0434)
CTS retry: 85, ACK retry: 481, # Receiver Drops: 68, # Pkts Receiver Drops: 91, # Sent ACKs: 395, # Pkts ACK sent for: 639, # Retransmissions: 566, # Pkts Retransmitted: 915, # Receptions: 395, # Pkts Received: 589, # Forwards: 0, # Pkts Forwarded: 0

Node7
Avg Received Power: 1.10e-13, Node0: [Avg:1.62e-14, Max:5.74e-14, Min:1.07e-14], Node1: [Avg:4.06e-14, Max:8.67e-14, Min:1.46e-14], Node2: [Avg:5.21e-14, Max:1.25e-13, Min:2.10e-14], Node3: [Avg:9.32e-14, Max:1.72e-13, Min:3.29e-14], Node4: [Avg:1.45e-13, Max:3.05e-13, Min:5.84e-14], Node5: [Avg:3.17e-13, Max:6.87e-13, Min:1.31e-13], Node6: [Avg:1.30e-12, Max:2.98e-12, Min:5.26e-13], 
Avg INTF: 6.26e-14, Node0: [Avg:1.62e-14, Max:5.74e-14, Min:1.07e-14], Node1: [Avg:4.06e-14, Max:8.67e-14, Min:1.46e-14], Node2: [Avg:5.21e-14, Max:1.25e-13, Min:2.10e-14], Node3: [Avg:9.32e-14, Max:1.72e-13, Min:3.29e-14], Node4: [Avg:1.45e-13, Max:3.05e-13, Min:5.84e-14], Node5: [Avg:3.17e-13, Max:6.87e-13, Min:1.31e-13], 
Self Tx power: RTS: (Avg: 0.0189, Min: 0.0153, Max: 0.0450), CTS: (Avg: 0.0103, Min: 0.0077, Max: 0.0201), ACK: (Avg: 0.0077, Min: 0.0077, Max: 0.0077), Data: (Avg: 0.0189, Min: 0.0153, Max: 0.0450)
CTS retry: 41, ACK retry: 471, # Receiver Drops: 63, # Pkts Receiver Drops: 85, # Sent ACKs: 485, # Pkts ACK sent for: 761, # Retransmissions: 512, # Pkts Retransmitted: 800, # Receptions: 485, # Pkts Received: 742, # Forwards: 3, # Pkts Forwarded: 8

Node8
Avg Received Power: 1.17e-13, Node0: [Avg:1.26e-14, Max:4.39e-14, Min:8.22e-15], Node1: [Avg:2.96e-14, Max:6.37e-14, Min:1.07e-14], Node2: [Avg:3.62e-14, Max:8.67e-14, Min:1.46e-14], Node3: [Avg:5.97e-14, Max:1.10e-13, Min:2.10e-14], Node4: [Avg:7.99e-14, Max:1.72e-13, Min:3.29e-14], Node5: [Avg:1.41e-13, Max:3.05e-13, Min:5.84e-14], Node6: [Avg:3.24e-13, Max:7.45e-13, Min:1.31e-13], Node7: [Avg:1.37e-12, Max:3.09e-12, Min:5.26e-13], 
Avg INTF: 5.96e-14, Node0: [Avg:1.26e-14, Max:4.39e-14, Min:8.22e-15], Node1: [Avg:2.96e-14, Max:6.37e-14, Min:1.07e-14], Node2: [Avg:3.62e-14, Max:8.67e-14, Min:1.46e-14], Node3: [Avg:5.97e-14, Max:1.10e-13, Min:2.10e-14], Node4: [Avg:7.99e-14, Max:1.72e-13, Min:3.29e-14], Node5: [Avg:1.41e-13, Max:3.05e-13, Min:5.84e-14], Node6: [Avg:3.24e-13, Max:7.45e-13, Min:1.31e-13], 
Self Tx power: RTS: (Avg: nan, Min: inf, Max: -inf), CTS: (Avg: nan, Min: inf, Max: -inf), ACK: (Avg: 0.0077, Min: 0.0077, Max: 0.0077), Data: (Avg: nan, Min: inf, Max: -inf)
CTS retry: 0, ACK retry: 0, # Receiver Drops: 18, # Pkts Receiver Drops: 27, # Sent ACKs: 531, # Pkts ACK sent for: 827, # Retransmissions: 0, # Pkts Retransmitted: 0, # Receptions: 531, # Pkts Received: 796, # Forwards: 0, # Pkts Forwarded: 0

Node9
Avg Received Power: 3.68e-14, Node0: [Avg:2.53e-14, Max:8.78e-14, Min:1.64e-14], Node1: [Avg:5.80e-14, Max:1.25e-13, Min:2.10e-14], Node2: [Avg:6.52e-14, Max:1.56e-13, Min:2.63e-14], Node3: [Avg:8.78e-14, Max:1.62e-13, Min:3.09e-14], Node4: [Avg:7.98e-14, Max:1.72e-13, Min:3.29e-14], Node5: [Avg:7.46e-14, Max:1.62e-13, Min:3.09e-14], Node6: [Avg:6.49e-14, Max:1.49e-13, Min:2.63e-14], Node7: [Avg:5.47e-14, Max:1.23e-13, Min:2.10e-14], 
Avg INTF: 4.84e-14, Node0: [Avg:2.53e-14, Max:8.78e-14, Min:1.64e-14], Node1: [Avg:5.80e-14, Max:1.25e-13, Min:2.10e-14], Node2: [Avg:6.52e-14, Max:1.56e-13, Min:2.63e-14], Node3: [Avg:8.78e-14, Max:1.62e-13, Min:3.09e-14], Node4: [Avg:7.98e-14, Max:1.72e-13, Min:3.29e-14], Node5: [Avg:7.46e-14, Max:1.62e-13, Min:3.09e-14], Node6: [Avg:6.49e-14, Max:1.49e-13, Min:2.63e-14], Node7: [Avg:5.47e-14, Max:1.23e-13, Min:2.10e-14], 
Self Tx power: RTS: (Avg: nan, Min: inf, Max: -inf), CTS: (Avg: nan, Min: inf, Max: -inf), ACK: (Avg: nan, Min: inf, Max: -inf), Data: (Avg: nan, Min: inf, Max: -inf)
CTS retry: 0, ACK retry: 0, # Receiver Drops: 0, # Pkts Receiver Drops: 0, # Sent ACKs: 0, # Pkts ACK sent for: 0, # Retransmissions: 0, # Pkts Retransmitted: 0, # Receptions: 0, # Pkts Received: 0, # Forwards: 0, # Pkts Forwarded: 0

Node10
Avg Received Power: 5.57e-14, Node0: [Avg:3.24e-14, Max:1.12e-13, Min:2.10e-14], Node1: [Avg:8.06e-14, Max:1.73e-13, Min:2.92e-14], Node2: [Avg:1.00e-13, Max:2.40e-13, Min:4.05e-14], Node3: [Avg:1.49e-13, Max:2.75e-13, Min:5.26e-14], Node4: [Avg:1.42e-13, Max:3.05e-13, Min:5.84e-14], Node5: [Avg:1.27e-13, Max:2.75e-13, Min:5.26e-14], Node6: [Avg:9.98e-14, Max:2.29e-13, Min:4.05e-14], Node7: [Avg:7.59e-14, Max:1.71e-13, Min:2.92e-14], 
Avg INTF: 7.33e-14, Node0: [Avg:3.24e-14, Max:1.12e-13, Min:2.10e-14], Node1: [Avg:8.06e-14, Max:1.73e-13, Min:2.92e-14], Node2: [Avg:1.00e-13, Max:2.40e-13, Min:4.05e-14], Node3: [Avg:1.49e-13, Max:2.75e-13, Min:5.26e-14], Node4: [Avg:1.42e-13, Max:3.05e-13, Min:5.84e-14], Node5: [Avg:1.27e-13, Max:2.75e-13, Min:5.26e-14], Node6: [Avg:9.98e-14, Max:2.29e-13, Min:4.05e-14], Node7: [Avg:7.59e-14, Max:1.71e-13, Min:2.92e-14], 
Self Tx power: RTS: (Avg: nan, Min: inf, Max: -inf), CTS: (Avg: nan, Min: inf, Max: -inf), ACK: (Avg: nan, Min: inf, Max: -inf), Data: (Avg: nan, Min: inf, Max: -inf)
CTS retry: 0, ACK retry: 0, # Receiver Drops: 0, # Pkts Receiver Drops: 0, # Sent ACKs: 0, # Pkts ACK sent for: 0, # Retransmissions: 0, # Pkts Retransmitted: 0, # Receptions: 0, # Pkts Received: 0, # Forwards: 0, # Pkts Forwarded: 0

Node11
Avg Received Power: 9.43e-14, Node0: [Avg:4.05e-14, Max:1.41e-13, Min:2.63e-14], Node1: [Avg:1.12e-13, Max:2.40e-13, Min:4.05e-14], Node2: [Avg:1.63e-13, Max:3.90e-13, Min:6.57e-14], Node3: [Avg:2.99e-13, Max:5.50e-13, Min:1.05e-13], Node4: [Avg:3.19e-13, Max:6.87e-13, Min:1.31e-13], Node5: [Avg:2.54e-13, Max:5.50e-13, Min:1.05e-13], Node6: [Avg:1.62e-13, Max:3.72e-13, Min:6.57e-14], Node7: [Avg:1.05e-13, Max:2.37e-13, Min:4.05e-14], 
Avg INTF: 1.24e-13, Node0: [Avg:4.05e-14, Max:1.41e-13, Min:2.63e-14], Node1: [Avg:1.12e-13, Max:2.40e-13, Min:4.05e-14], Node2: [Avg:1.63e-13, Max:3.90e-13, Min:6.57e-14], Node3: [Avg:2.99e-13, Max:5.50e-13, Min:1.05e-13], Node4: [Avg:3.19e-13, Max:6.87e-13, Min:1.31e-13], Node5: [Avg:2.54e-13, Max:5.50e-13, Min:1.05e-13], Node6: [Avg:1.62e-13, Max:3.72e-13, Min:6.57e-14], Node7: [Avg:1.05e-13, Max:2.37e-13, Min:4.05e-14], 
Self Tx power: RTS: (Avg: nan, Min: inf, Max: -inf), CTS: (Avg: nan, Min: inf, Max: -inf), ACK: (Avg: nan, Min: inf, Max: -inf), Data: (Avg: nan, Min: inf, Max: -inf)
CTS retry: 0, ACK retry: 0, # Receiver Drops: 0, # Pkts Receiver Drops: 0, # Sent ACKs: 0, # Pkts ACK sent for: 0, # Retransmissions: 0, # Pkts Retransmitted: 0, # Receptions: 0, # Pkts Received: 0, # Forwards: 0, # Pkts Forwarded: 0

Node12
Avg Received Power: 2.09e-13, Node0: [Avg:4.76e-14, Max:1.65e-13, Min:3.09e-14], Node1: [Avg:1.45e-13, Max:3.12e-13, Min:5.26e-14], Node2: [Avg:2.61e-13, Max:6.25e-13, Min:1.05e-13], Node3: [Avg:7.46e-13, Max:1.37e-12, Min:2.63e-13], Node4: [Avg:1.28e-12, Max:2.75e-12, Min:5.26e-13], Node5: [Avg:6.34e-13, Max:1.37e-12, Min:2.63e-13], Node6: [Avg:2.60e-13, Max:5.96e-13, Min:1.05e-13], Node7: [Avg:1.37e-13, Max:3.09e-13, Min:5.26e-14], 
Avg INTF: 2.75e-13, Node0: [Avg:4.76e-14, Max:1.65e-13, Min:3.09e-14], Node1: [Avg:1.45e-13, Max:3.12e-13, Min:5.26e-14], Node2: [Avg:2.61e-13, Max:6.25e-13, Min:1.05e-13], Node3: [Avg:7.46e-13, Max:1.37e-12, Min:2.63e-13], Node4: [Avg:1.28e-12, Max:2.75e-12, Min:5.26e-13], Node5: [Avg:6.34e-13, Max:1.37e-12, Min:2.63e-13], Node6: [Avg:2.60e-13, Max:5.96e-13, Min:1.05e-13], Node7: [Avg:1.37e-13, Max:3.09e-13, Min:5.26e-14], 
Self Tx power: RTS: (Avg: nan, Min: inf, Max: -inf), CTS: (Avg: nan, Min: inf, Max: -inf), ACK: (Avg: nan, Min: inf, Max: -inf), Data: (Avg: nan, Min: inf, Max: -inf)
CTS retry: 0, ACK retry: 0, # Receiver Drops: 0, # Pkts Receiver Drops: 0, # Sent ACKs: 0, # Pkts ACK sent for: 0, # Retransmissions: 0, # Pkts Retransmitted: 0, # Receptions: 0, # Pkts Received: 0, # Forwards: 0, # Pkts Forwarded: 0

Node13
Avg Received Power: 2.09e-13, Node0: [Avg:4.76e-14, Max:1.65e-13, Min:3.09e-14], Node1: [Avg:1.45e-13, Max:3.12e-13, Min:5.26e-14], Node2: [Avg:2.61e-13, Max:6.25e-13, Min:1.05e-13], Node3: [Avg:7.46e-13, Max:1.37e-12, Min:2.63e-13], Node4: [Avg:1.28e-12, Max:2.75e-12, Min:5.26e-13], Node5: [Avg:6.34e-13, Max:1.37e-12, Min:2.63e-13], Node6: [Avg:2.60e-13, Max:5.96e-13, Min:1.05e-13], Node7: [Avg:1.37e-13, Max:3.09e-13, Min:5.26e-14], 
Avg INTF: 2.75e-13, Node0: [Avg:4.76e-14, Max:1.65e-13, Min:3.09e-14], Node1: [Avg:1.45e-13, Max:3.12e-13, Min:5.26e-14], Node2: [Avg:2.61e-13, Max:6.25e-13, Min:1.05e-13], Node3: [Avg:7.46e-13, Max:1.37e-12, Min:2.63e-13], Node4: [Avg:1.28e-12, Max:2.75e-12, Min:5.26e-13], Node5: [Avg:6.34e-13, Max:1.37e-12, Min:2.63e-13], Node6: [Avg:2.60e-13, Max:5.96e-13, Min:1.05e-13], Node7: [Avg:1.37e-13, Max:3.09e-13, Min:5.26e-14], 
Self Tx power: RTS: (Avg: nan, Min: inf, Max: -inf), CTS: (Avg: nan, Min: inf, Max: -inf), ACK: (Avg: nan, Min: inf, Max: -inf), Data: (Avg: nan, Min: inf, Max: -inf)
CTS retry: 0, ACK retry: 0, # Receiver Drops: 0, # Pkts Receiver Drops: 0, # Sent ACKs: 0, # Pkts ACK sent for: 0, # Retransmissions: 0, # Pkts Retransmitted: 0, # Receptions: 0, # Pkts Received: 0, # Forwards: 0, # Pkts Forwarded: 0

Node14
Avg Received Power: 9.43e-14, Node0: [Avg:4.05e-14, Max:1.41e-13, Min:2.63e-14], Node1: [Avg:1.12e-13, Max:2.40e-13, Min:4.05e-14], Node2: [Avg:1.63e-13, Max:3.90e-13, Min:6.57e-14], Node3: [Avg:2.99e-13, Max:5.50e-13, Min:1.05e-13], Node4: [Avg:3.19e-13, Max:6.87e-13, Min:1.31e-13], Node5: [Avg:2.54e-13, Max:5.50e-13, Min:1.05e-13], Node6: [Avg:1.62e-13, Max:3.72e-13, Min:6.57e-14], Node7: [Avg:1.05e-13, Max:2.37e-13, Min:4.05e-14], 
Avg INTF: 1.24e-13, Node0: [Avg:4.05e-14, Max:1.41e-13, Min:2.63e-14], Node1: [Avg:1.12e-13, Max:2.40e-13, Min:4.05e-14], Node2: [Avg:1.63e-13, Max:3.90e-13, Min:6.57e-14], Node3: [Avg:2.99e-13, Max:5.50e-13, Min:1.05e-13], Node4: [Avg:3.19e-13, Max:6.87e-13, Min:1.31e-13], Node5: [Avg:2.54e-13, Max:5.50e-13, Min:1.05e-13], Node6: [Avg:1.62e-13, Max:3.72e-13, Min:6.57e-14], Node7: [Avg:1.05e-13, Max:2.37e-13, Min:4.05e-14], 
Self Tx power: RTS: (Avg: nan, Min: inf, Max: -inf), CTS: (Avg: nan, Min: inf, Max: -inf), ACK: (Avg: nan, Min: inf, Max: -inf), Data: (Avg: nan, Min: inf, Max: -inf)
CTS retry: 0, ACK retry: 0, # Receiver Drops: 0, # Pkts Receiver Drops: 0, # Sent ACKs: 0, # Pkts ACK sent for: 0, # Retransmissions: 0, # Pkts Retransmitted: 0, # Receptions: 0, # Pkts Received: 0, # Forwards: 0, # Pkts Forwarded: 0

Node15
Avg Received Power: 5.57e-14, Node0: [Avg:3.24e-14, Max:1.12e-13, Min:2.10e-14], Node1: [Avg:8.06e-14, Max:1.73e-13, Min:2.92e-14], Node2: [Avg:1.00e-13, Max:2.40e-13, Min:4.05e-14], Node3: [Avg:1.49e-13, Max:2.75e-13, Min:5.26e-14], Node4: [Avg:1.42e-13, Max:3.05e-13, Min:5.84e-14], Node5: [Avg:1.27e-13, Max:2.75e-13, Min:5.26e-14], Node6: [Avg:9.98e-14, Max:2.29e-13, Min:4.05e-14], Node7: [Avg:7.59e-14, Max:1.71e-13, Min:2.92e-14], 
Avg INTF: 7.33e-14, Node0: [Avg:3.24e-14, Max:1.12e-13, Min:2.10e-14], Node1: [Avg:8.06e-14, Max:1.73e-13, Min:2.92e-14], Node2: [Avg:1.00e-13, Max:2.40e-13, Min:4.05e-14], Node3: [Avg:1.49e-13, Max:2.75e-13, Min:5.26e-14], Node4: [Avg:1.42e-13, Max:3.05e-13, Min:5.84e-14], Node5: [Avg:1.27e-13, Max:2.75e-13, Min:5.26e-14], Node6: [Avg:9.98e-14, Max:2.29e-13, Min:4.05e-14], Node7: [Avg:7.59e-14, Max:1.71e-13, Min:2.92e-14], 
Self Tx power: RTS: (Avg: nan, Min: inf, Max: -inf), CTS: (Avg: nan, Min: inf, Max: -inf), ACK: (Avg: nan, Min: inf, Max: -inf), Data: (Avg: nan, Min: inf, Max: -inf)
CTS retry: 0, ACK retry: 0, # Receiver Drops: 0, # Pkts Receiver Drops: 0, # Sent ACKs: 0, # Pkts ACK sent for: 0, # Retransmissions: 0, # Pkts Retransmitted: 0, # Receptions: 0, # Pkts Received: 0, # Forwards: 0, # Pkts Forwarded: 0

Node16
Avg Received Power: 3.68e-14, Node0: [Avg:2.53e-14, Max:8.78e-14, Min:1.64e-14], Node1: [Avg:5.80e-14, Max:1.25e-13, Min:2.10e-14], Node2: [Avg:6.52e-14, Max:1.56e-13, Min:2.63e-14], Node3: [Avg:8.78e-14, Max:1.62e-13, Min:3.09e-14], Node4: [Avg:7.98e-14, Max:1.72e-13, Min:3.29e-14], Node5: [Avg:7.46e-14, Max:1.62e-13, Min:3.09e-14], Node6: [Avg:6.49e-14, Max:1.49e-13, Min:2.63e-14], Node7: [Avg:5.47e-14, Max:1.23e-13, Min:2.10e-14], 
Avg INTF: 4.84e-14, Node0: [Avg:2.53e-14, Max:8.78e-14, Min:1.64e-14], Node1: [Avg:5.80e-14, Max:1.25e-13, Min:2.10e-14], Node2: [Avg:6.52e-14, Max:1.56e-13, Min:2.63e-14], Node3: [Avg:8.78e-14, Max:1.62e-13, Min:3.09e-14], Node4: [Avg:7.98e-14, Max:1.72e-13, Min:3.29e-14], Node5: [Avg:7.46e-14, Max:1.62e-13, Min:3.09e-14], Node6: [Avg:6.49e-14, Max:1.49e-13, Min:2.63e-14], Node7: [Avg:5.47e-14, Max:1.23e-13, Min:2.10e-14], 
Self Tx power: RTS: (Avg: nan, Min: inf, Max: -inf), CTS: (Avg: nan, Min: inf, Max: -inf), ACK: (Avg: nan, Min: inf, Max: -inf), Data: (Avg: nan, Min: inf, Max: -inf)
CTS retry: 0, ACK retry: 0, # Receiver Drops: 0, # Pkts Receiver Drops: 0, # Sent ACKs: 0, # Pkts ACK sent for: 0, # Retransmissions: 0, # Pkts Retransmitted: 0, # Receptions: 0, # Pkts Received: 0, # Forwards: 0, # Pkts Forwarded: 0

Node17
Avg Received Power: 3.75e-14, Node0: [Avg:5.06e-14, Max:1.76e-13, Min:3.29e-14], Node1: [Avg:8.53e-14, Max:1.84e-13, Min:3.09e-14], Node2: [Avg:6.52e-14, Max:1.56e-13, Min:2.63e-14], Node3: [Avg:5.97e-14, Max:1.10e-13, Min:2.10e-14], Node4: [Avg:3.99e-14, Max:8.59e-14, Min:1.64e-14], Node5: [Avg:3.09e-14, Max:6.70e-14, Min:1.28e-14], Node6: [Avg:2.50e-14, Max:5.73e-14, Min:1.01e-14], Node7: [Avg:2.10e-14, Max:4.75e-14, Min:8.09e-15], 
Avg INTF: 4.93e-14, Node0: [Avg:5.06e-14, Max:1.76e-13, Min:3.29e-14], Node1: [Avg:8.53e-14, Max:1.84e-13, Min:3.09e-14], Node2: [Avg:6.52e-14, Max:1.56e-13, Min:2.63e-14], Node3: [Avg:5.97e-14, Max:1.10e-13, Min:2.10e-14], Node4: [Avg:3.99e-14, Max:8.59e-14, Min:1.64e-14], Node5: [Avg:3.09e-14, Max:6.70e-14, Min:1.28e-14], Node6: [Avg:2.50e-14, Max:5.73e-14, Min:1.01e-14], Node7: [Avg:2.10e-14, Max:4.75e-14, Min:8.09e-15], 
Self Tx power: RTS: (Avg: nan, Min: inf, Max: -inf), CTS: (Avg: nan, Min: inf, Max: -inf), ACK: (Avg: nan, Min: inf, Max: -inf), Data: (Avg: nan, Min: inf, Max: -inf)
CTS retry: 0, ACK retry: 0, # Receiver Drops: 0, # Pkts Receiver Drops: 0, # Sent ACKs: 0, # Pkts ACK sent for: 0, # Retransmissions: 0, # Pkts Retransmitted: 0, # Receptions: 0, # Pkts Received: 0, # Forwards: 0, # Pkts Forwarded: 0

