Packet ID,Enqueue Time (in s),Dequeue Time (in s),Dropped?,Drop Reason,Freezes,Tx INTF,Rx INTF
2000005463450_Node0_Node8_Zero,2000.009255,2000.011466,0,,0,7.572525408e-13,0
2000010932556_Node0_Node8_Zero,2000.016278,2000.018209,0,,0,7.572525408e-13,0
2000016398958_Node0_Node8_Zero,2000.022291,2000.024403,0,,0,7.572525408e-13,0
2000021862032_Node0_Node8_Zero,2000.030551,2000.032722,0,,0,7.82149718615633e-13,0
2000027323339_Node0_Node8_Zero,2000.036679,2000.040729,0,,0,7.572525408e-13,0
2000032787549_Node0_Node8_Zero,2000.045327,2000.047498,0,,0,7.572525408e-13,6.319513607602496e-14
2000038253191_Node0_Node8_Zero,2000.05789,2000.060022,0,,0,7.572525408e-13,0
2000043719312_Node0_Node8_Zero,2000.067961,2000.070052,0,,0,7.572525408e-13,3.286686375000001e-14
2000049182560_Node0_Node8_Zero,2000.07199,2000.073941,0,,0,7.572525408e-13,0
2000054649841_Node0_Node8_Zero,2000.082617,2000.084628,0,,0,7.917525489483959e-13,0
2000060116286_Node0_Node8_Zero,2000.086628,2000.092364,0,,0,7.572525408e-13,3.410495968777456e-14
2000065580836_Node0_Node8_Zero,2000.088578,2000.116075,0,,14,7.572525408e-13,0
2000071044325_Node0_Node8_Zero,2000.090448,2000.122742,0,,62,7.572525408e-13,0
2000076508123_Node0_Node8_Zero,2000.104419,2000.132254,0,,57,7.572525408e-13,3.5054672829009745e-14
2000081976664_Node0_Node8_Zero,2000.108276,2000.139076,0,,97,3.420322815561154e-14,0
2000087438257_Node0_Node8_Zero,2000.110206,2000.147143,0,,101,7.572525408e-13,0
2000092901218_Node0_Node8_Zero,2000.158192,2000.165942,0,,1,7.572525408e-13,0
2000098365787_Node0_Node8_Zero,2000.160169,2000.168012,0,,1,7.572525408e-13,0
2000103829797_Node0_Node8_Zero,2000.162079,2000.191667,0,,13,7.572525408e-13,0
2000109297061_Node0_Node8_Zero,2000.176109,2000.199497,0,,2,7.572525408e-13,6.063452261156781e-14
2000114757334_Node0_Node8_Zero,2000.177994,2000.201487,0,,2,7.572525408e-13,0
2000120223046_Node0_Node8_Zero,2000.183913,2000.203377,0,,1,7.572525408e-13,0
2000125691292_Node0_Node8_Zero,2000.185783,2000.205347,0,,1,7.572525408e-13,0
2000131153340_Node0_Node8_Zero,2000.187773,2000.207237,0,,1,7.572525408e-13,0
2000136618834_Node0_Node8_Zero,2000.19555,2000.22258,0,,10,7.923072136290097e-13,0
2000142078975_Node0_Node8_Zero,2000.19754,2000.236662,0,,10,7.572525408e-13,0
2000147540686_Node0_Node8_Zero,2000.209107,2000.244825,0,,10,7.572525408e-13,0
2000153000377_Node0_Node8_Zero,2000.210997,2000.254201,0,,12,7.572525408e-13,0
2000158465522_Node0_Node8_Zero,2000.216808,2000.279057,0,,18,7.572525408e-13,1.4415091436566727e-13
2000163927870_Node0_Node8_Zero,2000.220631,2000.284944,0,,14,7.791428460770632e-13,0
2000169395040_Node0_Node8_Zero,2000.224545,2000.286894,0,,14,3.4694206825453873e-14,0
2000174859308_Node0_Node8_Zero,2000.226435,2000.290839,0,,14,7.572525408e-13,0
2000180326612_Node0_Node8_Zero,2000.230552,2000.306282,0,,22,7.572525408e-13,0
2000185795342_Node0_Node8_Zero,2000.232462,2000.317177,0,,29,6.16304070577334e-14,0
2000191261106_Node0_Node8_Zero,2000.252238,2000.319134,0,,27,3.4386175610423446e-14,6.113097886297502e-14
2000196725024_Node0_Node8_Zero,2000.269049,2000.325073,0,,21,7.572525408e-13,0
2000202189966_Node0_Node8_Zero,2000.275236,2000.376078,0,,203,7.572525408e-13,3.286686375000001e-14
2000207649759_Node0_Node8_Zero,2000.2811,2000.380078,0,,206,7.572525408e-13,0
2000213112490_Node0_Node8_Zero,2000.28301,2000.382068,0,,206,7.572525408e-13,0
2000218572699_Node0_Node8_Zero,2000.288898,2000.391022,0,,214,7.932594970111984e-13,0
2000224032506_Node0_Node8_Zero,2000.295928,2000.393081,0,,206,7.793664499718703e-13,0
2000229501868_Node0_Node8_Zero,2000.297878,2000.39697,0,,206,7.572525408e-13,0
2000234961814_Node0_Node8_Zero,2000.299968,2000.400939,0,,208,7.572525408e-13,0
2000240426797_Node0_Node8_Zero,2000.301858,2000.424118,0,,288,7.572525408e-13,0
2000245894977_Node0_Node8_Zero,2000.303728,2000.426079,0,,288,7.572525408e-13,0
2000251360723_Node0_Node8_Zero,2000.336355,2000.507574,0,,270,7.572525408e-13,0
2000256824958_Node0_Node8_Zero,2000.340795,2000.50954,0,,268,7.572525408e-13,0
2000262290029_Node0_Node8_Zero,2000.342745,2000.517194,0,,261,7.572525408e-13,0
2000267752393_Node0_Node8_Zero,2000.346789,2000.52487,0,,262,7.916387164104235e-13,0
2000273216601_Node0_Node8_Zero,2000.350654,2000.529064,0,,261,7.572525408e-13,0
2000278678941_Node0_Node8_Zero,2000.356454,2000.530934,0,,260,7.572525408e-13,0
2000284139071_Node0_Node8_Zero,2000.362374,2000.538757,0,,262,7.572525408e-13,6.2319418362684e-14
2000289605525_Node0_Node8_Zero,2000.368274,2000.540627,0,,261,7.572525408e-13,0
2000295072185_Node0_Node8_Zero,2000.372078,2000.549142,0,,269,8.198308627388467e-13,0
2000300539917_Node0_Node8_Zero,2000.437624,2000.551279,0,,96,7.572525408e-13,6.308646752888647e-14
2000306000085_Node0_Node8_Zero,2000.439613,2000.557509,0,,143,7.572525408e-13,3.6659102285577716e-14
2000311468182_Node0_Node8_Zero,2000.444226,2000.563687,0,,80,7.572525408e-13,8.41391712e-14
2000316932140_Node0_Node8_Zero,2000.446189,2000.587695,0,,143,6.247463486716053e-14,1.4056792845111118e-13
2000322398199_Node0_Node8_Zero,2000.448279,2000.589906,0,,143,7.572525408e-13,0
2000327866186_Node0_Node8_Zero,2000.454199,2000.591776,0,,142,2.1726593091838398e-14,3.394780170599749e-14
2000333327704_Node0_Node8_Zero,2000.456129,2000.597577,0,,228,7.572525408e-13,0
2000338795976_Node0_Node8_Zero,2000.460154,2000.599567,0,,227,7.572525408e-13,0
2000344264911_Node0_Node8_Zero,2000.464159,2000.601497,0,,227,7.572525408e-13,0
2000349732144_Node0_Node8_Zero,2000.466169,2000.622312,0,,317,3.5096836675754696e-14,6.239437631245279e-14
2000355199353_Node0_Node8_Zero,2000.468339,2000.627377,0,,360,7.572525408e-13,0
2000360659369_Node0_Node8_Zero,2000.472264,2000.631327,0,,361,7.572525408e-13,0
2000366128826_Node0_Node8_Zero,2000.474394,2000.633197,0,,361,7.572525408e-13,0
2000371592246_Node0_Node8_Zero,2000.476344,2000.635107,0,,361,7.572525408e-13,0
2000377052500_Node0_Node8_Zero,2000.478354,2000.637217,0,,361,7.572525408e-13,0
2000382515672_Node0_Node8_Zero,2000.480244,2000.639307,0,,361,7.572525408e-13,0
2000387977541_Node0_Node8_Zero,2000.482254,2000.641317,0,,361,7.572525408e-13,0
2000393442145_Node0_Node8_Zero,2000.488128,2000.646368,0,,393,7.572525408e-13,0
2000398908248_Node0_Node8_Zero,2000.491973,2000.648458,0,,393,6.413871068993204e-14,1.4431209905234707e-13
2000404368383_Node0_Node8_Zero,2000.497812,2000.650428,0,,392,7.572525408e-13,0
2000409831929_Node0_Node8_Zero,2000.499762,2000.654397,0,,392,2.21991453343778e-14,3.468616458496531e-14
2000415293562_Node0_Node8_Zero,2000.501672,2000.656267,0,,392,7.572525408e-13,0
2000420756657_Node0_Node8_Zero,2000.503662,2000.664824,0,,549,7.572525408e-13,0
2000426218858_Node0_Node8_Zero,2000.511422,2000.666752,0,,548,7.572525408e-13,0
2000431682199_Node0_Node8_Zero,2000.532827,2000.668842,0,,539,7.572525408e-13,0
2000437143909_Node0_Node8_Zero,2000.574211,2000.670712,0,,422,2.2451213319669146e-14,3.508002081198304e-14
2000442612164_Node0_Node8_Zero,2000.610583,2000.672622,0,,242,7.794581875617802e-13,0
2000448071687_Node0_Node8_Zero,2000.612461,2000.678401,0,,242,7.572525408e-13,0
2000453538503_Node0_Node8_Zero,2000.614371,2000.704557,0,,330,2.22046539833658e-14,3.469477184900906e-14
2000459003656_Node0_Node8_Zero,2000.618355,2000.706476,0,,329,7.572525408e-13,0
2000464467274_Node0_Node8_Zero,2000.660078,2000.712316,0,,157,6.167969733790254e-14,1.3877931901028073e-13
2000469930998_Node0_Node8_Zero,2000.662361,2000.718176,0,,88,2.1890293843664473e-14,3.420358413072574e-14
2000475393420_Node0_Node8_Zero,2000.674509,2000.720126,0,,88,7.572525408e-13,0
2000480854650_Node0_Node8_Zero,2000.676441,2000.721996,0,,88,7.572525408e-13,0
2000486317270_Node0_Node8_Zero,2000.702549,2000.723866,0,,0,7.572525408e-13,0
2000491781370_Node0_Node8_Zero,2000.708351,2000.725756,0,,0,7.572525408e-13,0
2000497247209_Node0_Node8_Zero,2000.710381,2000.727686,0,,0,7.572525408e-13,0
2000502711778_Node0_Node8_Zero,2000.714331,2000.729616,0,,0,7.572525408e-13,0
2000508173740_Node0_Node8_Zero,2000.716241,2000.731566,0,,0,7.572525408e-13,0
2000513638452_Node0_Node8_Zero,2000.733494,2000.767642,0,,109,7.572525408e-13,0
2000519100351_Node0_Node8_Zero,2000.794041,2000.809967,0,,11,7.572525408e-13,6.242299429014754e-14
2000524564631_Node0_Node8_Zero,2000.796074,2000.841439,0,,145,7.572525408e-13,0
2000530031873_Node0_Node8_Zero,2000.800153,2000.847437,0,,144,2.4432995399151438e-14,0
2000535497509_Node0_Node8_Zero,2000.802123,2000.856606,0,,167,8.213199529855852e-13,0
2000540962443_Node0_Node8_Zero,2000.804053,2000.858552,0,,167,7.918055017168042e-13,0
2000546425896_Node0_Node8_Zero,2000.807938,2000.860482,0,,163,8.22972679243344e-13,0
2000551889174_Node0_Node8_Zero,2000.814331,2000.862452,0,,159,7.572525408e-13,0
2000557350559_Node0_Node8_Zero,2000.825699,2000.87235,0,,249,7.572525408e-13,0
2000562811592_Node0_Node8_Zero,2000.827568,2000.874412,0,,164,7.572525408e-13,0
2000568272185_Node0_Node8_Zero,2000.831512,2000.876282,0,,126,8.246035798627406e-13,0
2000573739245_Node0_Node8_Zero,2000.833442,2000.878399,0,,126,7.572525408e-13,6.2319418362684e-14
2000579199524_Node0_Node8_Zero,2000.837387,2000.884336,0,,124,6.450722744169376e-14,1.4514126174381096e-13
2000584663272_Node0_Node8_Zero,2000.839457,2000.886346,0,,122,7.572525408e-13,0
2000590125878_Node0_Node8_Zero,2000.843468,2000.888396,0,,122,6.450722744169376e-14,1.4514126174381096e-13
2000595588087_Node0_Node8_Zero,2000.845468,2000.923776,0,,201,7.572525408e-13,0
2000601056657_Node0_Node8_Zero,2000.849319,2000.92596,0,,201,7.914584978752204e-13,0
2000606517814_Node0_Node8_Zero,2000.962183,2000.966162,0,,1,7.572525408e-13,0
2000611981339_Node0_Node8_Zero,2000.968045,2001.010688,0,,253,7.572525408e-13,6.050981049659316e-14
2000622902549_Node0_Node8_Zero,2000.969915,2001.030372,0,,257,7.572525408e-13,6.041438732790001e-14
2000628362630_Node0_Node8_Zero,2000.972052,2001.034288,0,,172,7.572525408e-13,3.4199500637137044e-14
2000633826736_Node0_Node8_Zero,2000.976077,2001.048329,0,,99,7.925439227268492e-13,0
2000639292116_Node0_Node8_Zero,2000.98472,2001.050239,0,,19,3.5290785988313976e-14,6.273917509033596e-14
2000644751640_Node0_Node8_Zero,2000.986787,2001.054282,0,,21,7.572525408e-13,0
2000650213645_Node0_Node8_Zero,2000.988697,2001.056152,0,,21,6.166726949890326e-14,1.3875135637253233e-13
2000655674970_Node0_Node8_Zero,2000.992621,2001.058142,0,,20,7.932845260273384e-13,0
2000661138273_Node0_Node8_Zero,2000.994571,2001.086847,0,,192,7.572525408e-13,0
2000666602111_Node0_Node8_Zero,2000.996681,2001.088802,0,,192,7.919383449909713e-13,0
2000672065323_Node0_Node8_Zero,2001.000706,2001.092767,0,,192,7.572525408e-13,3.505328504519125e-14
2000677532909_Node0_Node8_Zero,2001.004631,2001.094677,0,,191,7.572525408e-13,3.4556544384828763e-14
2000682992582_Node0_Node8_Zero,2001.008635,2001.096667,0,,191,7.572525408e-13,0
2000688457037_Node0_Node8_Zero,2001.012684,2001.098757,0,,191,7.572525408e-13,1.4412999436801144e-13
2000693917372_Node0_Node8_Zero,2001.018566,2001.100827,0,,188,7.572525408e-13,0
2000699386365_Node0_Node8_Zero,2001.020436,2001.104712,0,,188,7.572525408e-13,0
2000704850758_Node0_Node8_Zero,2001.022406,2001.108783,0,,194,8.217597682416938e-13,0
2000710318794_Node0_Node8_Zero,2001.02641,2001.110673,0,,193,2.2702687106968857e-14,3.547294860463884e-14
2000715785255_Node0_Node8_Zero,2001.032314,2001.137543,0,,284,7.572525408e-13,0
2000721247404_Node0_Node8_Zero,2001.044479,2001.139553,0,,272,6.30964190422093e-14,0
2000726715598_Node0_Node8_Zero,2001.074864,2001.145542,0,,114,7.790760229225295e-13,0
2000732182348_Node0_Node8_Zero,2001.076753,2001.151239,0,,100,7.572525408e-13,3.468268085440699e-14
2000737651145_Node0_Node8_Zero,2001.078703,2001.171921,0,,234,7.572525408e-13,0
2000743114476_Node0_Node8_Zero,2001.080873,2001.222501,0,,268,7.572525408e-13,0
2000748576438_Node0_Node8_Zero,2001.082983,2001.224386,0,,268,7.572525408e-13,0
2000754038362_Node0_Node8_Zero,2001.084933,2001.230292,0,,270,7.572525408e-13,4.73282838e-14
2000759500396_Node0_Node8_Zero,2001.090744,2001.234211,0,,273,6.125930592765044e-14,1.378334383372135e-13
2000764967880_Node0_Node8_Zero,2001.102769,2001.236101,0,,273,8.230589996526575e-13,0
2000770430946_Node0_Node8_Zero,2001.120595,2001.238344,0,,186,7.9011940455e-13,0
2000775895278_Node0_Node8_Zero,2001.123242,2001.245003,0,,184,7.9326149605871e-13,0
2000781363399_Node0_Node8_Zero,2001.125365,2001.251394,0,,188,7.572525408e-13,0
2000786823842_Node0_Node8_Zero,2001.127355,2001.257363,0,,190,7.572525408e-13,0
2000792292709_Node0_Node8_Zero,2001.129385,2001.259393,0,,190,7.572525408e-13,0
2000797755633_Node0_Node8_Zero,2001.131475,2001.261303,0,,190,8.31240274250736e-13,0
2000803218359_Node0_Node8_Zero,2001.133485,2001.263453,0,,190,2.247246494666308e-14,3.5113226479161063e-14
2000808680153_Node0_Node8_Zero,2001.141575,2001.293691,0,,270,7.572525408e-13,0
2000814145319_Node0_Node8_Zero,2001.228214,2001.297604,0,,185,8.189347138595909e-13,0
2000819605903_Node0_Node8_Zero,2001.334577,2001.342436,0,,0,7.572525408e-13,3.378049765191155e-14
2000825072133_Node0_Node8_Zero,2001.338443,2001.344426,0,,0,7.917427538530034e-13,0
2000830533180_Node0_Node8_Zero,2001.340473,2001.358072,0,,62,7.572525408e-13,0
2000835999777_Node0_Node8_Zero,2001.35405,2001.365894,0,,3,7.572525408e-13,0
2000841463944_Node0_Node8_Zero,2001.356092,2001.388305,0,,4,7.921658969622081e-13,0
2000846924084_Node0_Node8_Zero,2001.361854,2001.390243,0,,5,9.161471643339738e-13,0
2000852387157_Node0_Node8_Zero,2001.367777,2001.392176,0,,4,7.572525408e-13,3.286686375000001e-14
2000857851111_Node0_Node8_Zero,2001.372663,2001.41532,0,,46,7.572525408e-13,0
2000863312756_Node0_Node8_Zero,2001.374657,2001.421398,0,,47,3.5054672829009745e-14,0
2000868772635_Node0_Node8_Zero,2001.376647,2001.423308,0,,47,7.572525408e-13,0
2000874240996_Node0_Node8_Zero,2001.380552,2001.425198,0,,47,7.572525408e-13,0
2000879705282_Node0_Node8_Zero,2001.382462,2001.427228,0,,47,7.927386787849986e-13,0
2000885167901_Node0_Node8_Zero,2001.386287,2001.431258,0,,51,7.572525408e-13,0
2000890636817_Node0_Node8_Zero,2001.4074,2001.553612,0,,18,7.572525408e-13,1.4194455193999456e-13
2000896097136_Node0_Node8_Zero,2001.409392,2001.55568,0,,18,7.572525408e-13,6.113097886297502e-14
2000901565542_Node0_Node8_Zero,2001.411362,2001.55755,0,,18,7.572525408e-13,6.401754935200293e-14
2000907032701_Node0_Node8_Zero,2001.413252,2001.567557,0,,155,7.572525408e-13,0
2000912499422_Node0_Node8_Zero,2001.417223,2001.579733,0,,237,2.293545548144519e-14,0
2000917960020_Node0_Node8_Zero,2001.419093,2001.586549,0,,240,7.572525408e-13,6.081768186946887e-14
2000923427963_Node0_Node8_Zero,2001.4489,2001.588539,0,,229,7.572525408e-13,0
2000928888755_Node0_Node8_Zero,2001.451073,2001.605266,0,,234,7.572525408e-13,0
2000934349481_Node0_Node8_Zero,2001.45343,2001.612052,0,,237,6.403077124226496e-14,0
2000939817667_Node0_Node8_Zero,2001.455513,2001.614022,0,,237,7.92728281592802e-13,0
2000945287039_Node0_Node8_Zero,2001.457443,2001.621987,0,,310,7.572525408e-13,0
2000950755489_Node0_Node8_Zero,2001.459373,2001.623877,0,,310,7.572525408e-13,0
2000956219467_Node0_Node8_Zero,2001.461263,2001.625767,0,,310,8.224339513208593e-13,0
2000961682301_Node0_Node8_Zero,2001.463373,2001.627777,0,,310,7.572525408e-13,0
2000967143225_Node0_Node8_Zero,2001.465423,2001.629707,0,,310,7.572525408e-13,0
2000972611581_Node0_Node8_Zero,2001.467453,2001.631688,0,,310,7.572525408e-13,1.4514126174381096e-13
2000978074488_Node0_Node8_Zero,2001.469383,2001.635669,0,,310,7.572525408e-13,0
2000983535949_Node0_Node8_Zero,2001.471553,2001.637739,0,,310,7.572525408e-13,0
2000988998727_Node0_Node8_Zero,2001.473503,2001.666956,0,,333,7.572525408e-13,1.4514126174381096e-13
2000994465708_Node0_Node8_Zero,2001.475473,2001.668846,0,,333,8.224344967040921e-13,0
2000999933209_Node0_Node8_Zero,2001.477563,2001.670796,0,,333,7.572525408e-13,0
2001005401863_Node0_Node8_Zero,2001.479513,2001.672933,0,,333,3.286686375000001e-14,5.842998000000001e-14
2001010866982_Node0_Node8_Zero,2001.481683,2001.690792,0,,593,2.190875568911346e-14,3.423243076423978e-14
2001016326640_Node0_Node8_Zero,2001.483653,2001.698474,0,,666,7.572525408e-13,0
2001021794873_Node0_Node8_Zero,2001.485563,2001.712796,0,,751,7.572525408e-13,0
2001027255075_Node0_Node8_Zero,2001.487653,2001.716855,0,,751,6.723993248613687e-14,2.0971982809380798e-13
2001032719537_Node0_Node8_Zero,2001.489703,2001.721287,0,,752,7.941876699419784e-13,0
2001038185082_Node0_Node8_Zero,2001.491773,2001.725378,0,,752,7.572525408e-13,3.633242221991881e-14
2001043645809_Node0_Node8_Zero,2001.493803,2001.731366,0,,835,7.923072136290097e-13,0
2001049113294_Node0_Node8_Zero,2001.495693,2001.733356,0,,835,7.572525408e-13,3.5120350963134806e-14
2001054580774_Node0_Node8_Zero,2001.501007,2001.740152,0,,888,7.572525408e-13,0
2001060044960_Node0_Node8_Zero,2001.503073,2001.742022,0,,887,8.197092821985308e-13,0
2001065504860_Node0_Node8_Zero,2001.505163,2001.743992,0,,887,6.450722744169376e-14,0
2001076433200_Node0_Node8_Zero,2001.507253,2001.747984,0,,887,7.572525408e-13,0
2001081900386_Node0_Node8_Zero,2001.509243,2001.750012,0,,887,7.572525408e-13,6.404908198138108e-14
2001087366016_Node0_Node8_Zero,2001.511313,2001.752102,0,,887,7.796921090953453e-13,0
2001092833453_Node0_Node8_Zero,2001.513483,2001.755972,0,,887,8.217597682416938e-13,0
2001098302233_Node0_Node8_Zero,2001.515453,2001.758314,0,,887,7.572525408e-13,0
2001103764484_Node0_Node8_Zero,2001.517383,2001.760324,0,,887,7.572525408e-13,0
2001109233469_Node0_Node8_Zero,2001.519533,2001.764194,0,,887,6.57390063012323e-14,1.4791276417777268e-13
2001114701150_Node0_Node8_Zero,2001.521643,2001.76631,0,,887,8.252689448911e-13,0
2001120161314_Node0_Node8_Zero,2001.523733,2001.76822,0,,887,7.572525408e-13,0
2001125624665_Node0_Node8_Zero,2001.525823,2001.77033,0,,887,2.1034792800000005e-14,3.286686375000001e-14
2001131089730_Node0_Node8_Zero,2001.527973,2001.7722,0,,887,7.933312797314451e-13,0
2001136556030_Node0_Node8_Zero,2001.529863,2001.778151,0,,887,8.217597682416938e-13,0
2001142025231_Node0_Node8_Zero,2001.531733,2001.780348,0,,887,7.572525408e-13,0
2001147487352_Node0_Node8_Zero,2001.533903,2001.782318,0,,887,7.572525408e-13,0
2001152955569_Node0_Node8_Zero,2001.536013,2001.868054,0,,1039,7.572525408e-13,0
2001158420152_Node0_Node8_Zero,2001.543801,2001.870038,0,,1038,7.572525408e-13,1.3146745500000003e-13
2001163883840_Node0_Node8_Zero,2001.545871,2001.872315,0,,1038,6.563094087990014e-14,1.476696169797753e-13
2001169345030_Node0_Node8_Zero,2001.551692,2001.874385,0,,1037,7.914420300177367e-13,0
2001174804748_Node0_Node8_Zero,2001.876288,2001.887575,0,,4,8.223918570506848e-13,0
2001180267768_Node0_Node8_Zero,2001.878321,2001.889545,0,,4,7.572525408e-13,0
2001185735819_Node0_Node8_Zero,2001.89611,2001.902166,0,,91,7.572525408e-13,0
2001191197259_Node0_Node8_Zero,2001.898187,2001.909909,0,,91,7.572525408e-13,0
2001196657355_Node0_Node8_Zero,2001.905943,2001.915828,0,,0,7.950419749777719e-13,0
2001202118101_Node0_Node8_Zero,2001.907873,2001.921629,0,,0,7.572525408e-13,0
2001207578270_Node0_Node8_Zero,2001.911783,2001.949633,0,,525,2.1034792800000005e-14,3.286686375000001e-14
2001213042623_Node0_Node8_Zero,2001.913753,2001.951523,0,,525,7.572525408e-13,0
2001218503676_Node0_Node8_Zero,2001.917723,2001.966444,0,,580,7.914567443763147e-13,0
2001223966172_Node0_Node8_Zero,2001.919693,2001.972316,0,,640,8.199929564460851e-13,0
2001229432198_Node0_Node8_Zero,2001.923702,2001.980376,0,,644,7.572525408e-13,3.650181069228254e-14
2001234891770_Node0_Node8_Zero,2001.925879,2001.988425,0,,727,7.572525408e-13,0
2001240351358_Node0_Node8_Zero,2001.927769,2002.02765,0,,677,6.167959456306782e-14,0
2001245812131_Node0_Node8_Zero,2001.929699,2002.033624,0,,597,7.919352687508215e-13,0
2001251279398_Node0_Node8_Zero,2001.931569,2002.039358,0,,511,3.6102043224860166e-14,0
2001256741108_Node0_Node8_Zero,2001.933746,2002.047169,0,,433,7.572525408e-13,0
2001262204507_Node0_Node8_Zero,2001.935816,2002.104943,0,,620,7.572525408e-13,0
2001267665198_Node0_Node8_Zero,2001.9398,2002.108884,0,,537,7.572525408e-13,0
2001273129790_Node0_Node8_Zero,2001.943805,2002.110754,0,,501,6.258505401840541e-14,0
2001278597861_Node0_Node8_Zero,2001.945715,2002.120428,0,,507,7.572525408e-13,0
2001284061218_Node0_Node8_Zero,2001.947645,2002.128564,0,,508,7.572525408e-13,0
2001289523823_Node0_Node8_Zero,2001.953425,2002.148301,0,,685,7.96294781143983e-13,0
2001294985444_Node0_Node8_Zero,2001.961736,2002.155944,0,,678,7.572525408e-13,1.3787921940612267e-13
2001300445990_Node0_Node8_Zero,2001.963969,2002.158004,0,,636,7.933120913827503e-13,0
2001305907170_Node0_Node8_Zero,2001.968361,2002.161985,0,,578,7.572525408e-13,0
2001311375048_Node0_Node8_Zero,2001.970309,2002.163955,0,,578,7.572525408e-13,0
2001316844044_Node0_Node8_Zero,2001.97432,2002.1679,0,,578,7.796839595873285e-13,0
2001322306884_Node0_Node8_Zero,2001.97621,2002.16977,0,,578,2.211143493429544e-14,3.454911708483662e-14
2001327766677_Node0_Node8_Zero,2002.019477,2002.175608,0,,462,8.19571959162684e-13,0
2001333234089_Node0_Node8_Zero,2002.023379,2002.179677,0,,465,7.572525408e-13,3.469475684739106e-14
2001338701200_Node0_Node8_Zero,2002.029583,2002.183557,0,,466,6.518128441577828e-14,1.4665788993550113e-13
2001344161595_Node0_Node8_Zero,2002.031459,2002.209364,0,,652,9.540217368772318e-13,0
2001349624633_Node0_Node8_Zero,2002.03553,2002.211336,0,,652,7.572525408e-13,6.741819811231857e-14
2001355084540_Node0_Node8_Zero,2002.0374,2002.213317,0,,652,7.572525408e-13,0
2001360549272_Node0_Node8_Zero,2002.041329,2002.215187,0,,652,7.572525408e-13,0
2001366015808_Node0_Node8_Zero,2002.043219,2002.217117,0,,652,3.79227364381792e-14,0
2001371481568_Node0_Node8_Zero,2002.050047,2002.221029,0,,646,7.572525408e-13,1.5083006102473078e-13
2001376945881_Node0_Node8_Zero,2002.053994,2002.222919,0,,556,3.563720587537595e-14,0
2001382411932_Node0_Node8_Zero,2002.060416,2002.231235,0,,483,7.572525408e-13,1.4514126174381096e-13
2001387875870_Node0_Node8_Zero,2002.062299,2002.233285,0,,409,7.95178831455105e-13,0
2001393344119_Node0_Node8_Zero,2002.064229,2002.237256,0,,409,7.572525408e-13,0
2001398809552_Node0_Node8_Zero,2002.066159,2002.239165,0,,409,8.246605011609756e-13,0
2001404269895_Node0_Node8_Zero,2002.068029,2002.243075,0,,409,7.572525408e-13,0
2001409736661_Node0_Node8_Zero,2002.069939,2002.651451,0,,746,7.572525408e-13,0
2001415198374_Node0_Node8_Zero,2002.073864,2002.653386,0,,745,7.572525408e-13,0
2001420664580_Node0_Node8_Zero,2002.07783,2002.673664,0,,804,7.789421521587496e-13,0
2001426130238_Node0_Node8_Zero,2002.08363,2002.685041,0,,807,7.79259693190671e-13,0
2001431597931_Node0_Node8_Zero,2002.091364,2002.688911,0,,805,7.572525408e-13,0
2001437061993_Node0_Node8_Zero,2002.097184,2002.690841,0,,804,7.572525408e-13,0
2001442530779_Node0_Node8_Zero,2002.101069,2002.694749,0,,810,7.572525408e-13,0
2001447995260_Node0_Node8_Zero,2002.106892,2002.696719,0,,809,7.572525408e-13,0
2001453456241_Node0_Node8_Zero,2002.112671,2002.788943,0,,829,7.572525408e-13,0
2001458917530_Node0_Node8_Zero,2002.116562,2002.790899,0,,823,7.572525408e-13,0
2001464377460_Node0_Node8_Zero,2002.118491,2002.792769,0,,823,7.572525408e-13,0
2001469845312_Node0_Node8_Zero,2002.122612,2002.794639,0,,822,7.572525408e-13,0
2001475305649_Node0_Node8_Zero,2002.126641,2002.821042,0,,912,7.572525408e-13,0
2001480769983_Node0_Node8_Zero,2002.159879,2002.827014,0,,733,7.572525408e-13,0
2001486239348_Node0_Node8_Zero,2002.165914,2002.851708,0,,739,7.572525408e-13,0
2001491701947_Node0_Node8_Zero,2002.258546,2002.855845,0,,529,7.572525408e-13,0
2001497169876_Node0_Node8_Zero,2002.2625,2002.85981,0,,451,8.198595835621273e-13,0
2001502633720_Node0_Node8_Zero,2002.26439,2002.977424,0,,394,7.572525408e-13,0
2001508097271_Node0_Node8_Zero,2002.2663,2002.984973,0,,387,7.572525408e-13,6.132274115452562e-14
2001513563243_Node0_Node8_Zero,2002.296138,2002.986943,0,,285,7.788342858697524e-13,0
2001519029080_Node0_Node8_Zero,2002.303309,2002.992823,0,,264,7.572525408e-13,0
2001524494922_Node0_Node8_Zero,2002.305199,2002.994793,0,,264,7.572525408e-13,0
2001529963355_Node0_Node8_Zero,2002.309064,2003.003467,0,,270,7.572525408e-13,6.2319418362684e-14
2001535431151_Node0_Node8_Zero,2002.311094,2003.005453,0,,270,2.243186038722075e-14,3.504978185503243e-14
2001540892749_Node0_Node8_Zero,2002.312984,2003.007383,0,,270,7.572525408e-13,0
2001546359816_Node0_Node8_Zero,2002.314894,2003.009273,0,,270,7.572525408e-13,0
2001551824048_Node0_Node8_Zero,2002.316824,2003.011303,0,,270,7.572525408e-13,0
2001557291450_Node0_Node8_Zero,2002.320768,2003.028068,0,,279,7.572525408e-13,0
2001562756442_Node0_Node8_Zero,2002.324632,2003.030191,0,,279,8.188829478577334e-13,0
2001568219054_Node0_Node8_Zero,2002.326522,2003.118803,0,,293,7.572525408e-13,0
2001573686846_Node0_Node8_Zero,2002.328452,2003.120679,0,,293,7.572525408e-13,0
2001579151786_Node0_Node8_Zero,2002.332457,2003.144012,0,,302,7.572525408e-13,6.253568329129724e-14
2001584614161_Node0_Node8_Zero,2002.336381,2003.147846,0,,301,7.572525408e-13,0
2001590076855_Node0_Node8_Zero,2002.338331,2003.161813,0,,313,7.572525408e-13,0
2001595537160_Node0_Node8_Zero,2002.342156,2003.169855,0,,315,6.113097886297502e-14,1.3754470244169378e-13
2001601000013_Node0_Node8_Zero,2002.344146,2003.172069,0,,315,7.572525408e-13,0
2001606460265_Node0_Node8_Zero,2002.34805,2003.174139,0,,314,7.572525408e-13,0
2001611921302_Node0_Node8_Zero,2002.351956,2003.176009,0,,314,7.572525408e-13,0
2001617387536_Node0_Node8_Zero,2002.353906,2003.178216,0,,315,2.42229879437312e-14,3.784841866208e-14
2001622853742_Node0_Node8_Zero,2002.355856,2003.180366,0,,315,7.925430230855264e-13,0
2001628318242_Node0_Node8_Zero,2002.363586,2003.182436,0,,314,3.610075735152694e-14,6.417912418049234e-14
2001633785773_Node0_Node8_Zero,2002.365556,2003.184346,0,,314,7.572525408e-13,0
2001639253047_Node0_Node8_Zero,2002.367466,2003.186356,0,,314,7.572525408e-13,0
2001644721077_Node0_Node8_Zero,2002.369436,2003.188286,0,,314,7.572525408e-13,0
2001650188977_Node0_Node8_Zero,2002.373281,2003.195997,0,,403,7.572525408e-13,0
2001655648638_Node0_Node8_Zero,2002.377265,2003.198027,0,,403,7.572525408e-13,0
2001661113807_Node0_Node8_Zero,2002.379235,2003.200084,0,,403,8.217597682416938e-13,0
2001666575040_Node0_Node8_Zero,2002.385096,2003.268114,0,,784,7.572525408e-13,0
2001672034862_Node0_Node8_Zero,2002.386966,2003.274122,0,,868,7.572525408e-13,0
2001677500504_Node0_Node8_Zero,2002.390991,2003.276012,0,,868,7.572525408e-13,0
2001688436468_Node0_Node8_Zero,2002.394855,2003.302571,0,,958,7.572525408e-13,6.403077124226496e-14
2001693903329_Node0_Node8_Zero,2002.396745,2003.304482,0,,958,8.21283312042265e-13,0
2001699367453_Node0_Node8_Zero,2002.398655,2003.311541,0,,959,7.572525408e-13,0
2001704830312_Node0_Node8_Zero,2002.400565,2003.313538,0,,959,2.1034792800000005e-14,3.286686375000001e-14
2001710293310_Node0_Node8_Zero,2002.406285,2003.318694,0,,958,5.842998000000001e-14,1.3146745500000003e-13
2001715758591_Node0_Node8_Zero,2002.41009,2003.320664,0,,958,7.926348884675907e-13,0
2001721220802_Node0_Node8_Zero,2002.41601,2003.322754,0,,957,7.572525408e-13,3.420980013901017e-14
2001726684823_Node0_Node8_Zero,2002.420014,2003.324844,0,,956,7.572525408e-13,0
2001732147706_Node0_Node8_Zero,2002.421964,2003.326794,0,,956,7.572525408e-13,0
2001737613066_Node0_Node8_Zero,2002.427864,2003.334513,0,,957,8.22945976832266e-13,0
2001743074161_Node0_Node8_Zero,2002.429734,2003.336807,0,,957,7.923072136290097e-13,0
2001748543528_Node0_Node8_Zero,2002.443139,2003.35232,0,,962,7.572525408e-13,0
2001754006062_Node0_Node8_Zero,2002.447024,2003.360125,0,,971,7.572525408e-13,0
2001759469976_Node0_Node8_Zero,2002.454774,2003.362008,0,,970,7.572525408e-13,6.113097886297502e-14
2001764933348_Node0_Node8_Zero,2002.456664,2003.370269,0,,1054,7.572525408e-13,0
2001770401343_Node0_Node8_Zero,2002.458674,2003.384634,0,,1204,2.4417989798469935e-14,3.815310906010927e-14
2001775866235_Node0_Node8_Zero,2002.462558,2003.392993,0,,1284,6.418248746161786e-14,1.4441059678864018e-13
2001781325991_Node0_Node8_Zero,2002.464488,2003.395168,0,,1284,7.572525408e-13,5.842998000000001e-14
2001786790403_Node0_Node8_Zero,2002.468513,2003.397198,0,,1284,7.572525408e-13,0
2001792257540_Node0_Node8_Zero,2002.470583,2003.399108,0,,1284,7.572525408e-13,0
2001797720851_Node0_Node8_Zero,2002.474548,2003.404976,0,,1285,6.572565848661777e-14,0
2001803183644_Node0_Node8_Zero,2002.480468,2003.41287,0,,1284,7.572525408e-13,0
2001808650348_Node0_Node8_Zero,2002.482398,2003.416759,0,,1290,7.572525408e-13,6.450722744169376e-14
2001814118944_Node0_Node8_Zero,2002.488318,2003.420748,0,,1291,7.572525408e-13,3.5054672829009745e-14
2001819586357_Node0_Node8_Zero,2002.492203,2003.422658,0,,1290,7.572525408e-13,0
2001825054960_Node0_Node8_Zero,2002.498123,2003.434464,0,,1297,7.951079777261725e-13,0
2001830514462_Node0_Node8_Zero,2002.500053,2003.443213,0,,1297,3.52973719792535e-14,6.275088351867289e-14
2001835983394_Node0_Node8_Zero,2002.502123,2003.445289,0,,1297,7.572525408e-13,3.54813676521236e-14
2001841443192_Node0_Node8_Zero,2002.508023,2003.447159,0,,1296,7.572525408e-13,0
2001846908386_Node0_Node8_Zero,2002.513903,2003.45303,0,,1464,7.572525408e-13,0
2001852370103_Node0_Node8_Zero,2002.519702,2003.459249,0,,1545,7.572525408e-13,0
2001857834568_Node0_Node8_Zero,2002.521632,2003.463193,0,,1634,7.572525408e-13,1.3146745500000003e-13
2001863299292_Node0_Node8_Zero,2002.523642,2003.467183,0,,1716,7.950419749777719e-13,0
2001868767322_Node0_Node8_Zero,2002.531514,2003.471146,0,,1717,8.156825208e-13,0
2001874234297_Node0_Node8_Zero,2002.533511,2003.479288,0,,1801,7.572525408e-13,0
2001879701925_Node0_Node8_Zero,2002.535601,2003.485042,0,,1803,8.246674895730163e-13,0
2001885171299_Node0_Node8_Zero,2002.539486,2003.486972,0,,1803,5.842998000000001e-14,1.3146745500000003e-13
2001890636403_Node0_Node8_Zero,2002.541616,2003.489266,0,,1803,7.922708052194145e-13,0
2001896103123_Node0_Node8_Zero,2002.54554,2003.491336,0,,1802,7.572525408e-13,0
2001901566547_Node0_Node8_Zero,2002.54749,2003.493306,0,,1802,7.572525408e-13,0
2001907034871_Node0_Node8_Zero,2002.551455,2003.495236,0,,1802,7.572525408e-13,0
2001912503681_Node0_Node8_Zero,2002.555399,2003.501425,0,,1879,7.572525408e-13,0
2001917967165_Node0_Node8_Zero,2002.561298,2003.813709,0,,2606,7.572525408e-13,0
2001923427258_Node0_Node8_Zero,2002.563188,2003.821511,0,,2607,6.113097886297502e-14,0
2001928888913_Node0_Node8_Zero,2002.568983,2003.827388,0,,2608,7.572525408e-13,0
2001934353498_Node0_Node8_Zero,2002.570953,2003.829278,0,,2608,7.572525408e-13,0
2001939820032_Node0_Node8_Zero,2002.574837,2003.835138,0,,2613,7.572525408e-13,0
2001945286678_Node0_Node8_Zero,2002.576867,2003.839165,0,,2615,7.572525408e-13,0
2001950748127_Node0_Node8_Zero,2002.582647,2003.841035,0,,2614,7.572525408e-13,0
2001956215075_Node0_Node8_Zero,2002.584697,2003.851373,0,,2622,7.572525408e-13,0
2001961684203_Node0_Node8_Zero,2002.586727,2003.853255,0,,2622,7.572525408e-13,0
2001967149563_Node0_Node8_Zero,2002.588677,2003.870466,0,,2630,7.923816017675247e-13,0
2001972611808_Node0_Node8_Zero,2002.596466,2003.882525,0,,2716,7.572525408e-13,0
2001978074346_Node0_Node8_Zero,2002.598436,2003.884573,0,,2716,2.3055655131704138e-14,3.6024461143287716e-14
2001983543215_Node0_Node8_Zero,2002.600366,2003.930859,0,,2734,7.572525408e-13,0
2001989004711_Node0_Node8_Zero,2002.602356,2003.93883,0,,2785,7.572525408e-13,0
2001994465179_Node0_Node8_Zero,2002.606161,2003.952663,0,,2788,7.572525408e-13,0
2001999931423_Node0_Node8_Zero,2002.608051,2003.960302,0,,2791,7.915088564448967e-13,0
2002005397138_Node0_Node8_Zero,2002.612411,2003.962255,0,,2791,7.572525408e-13,3.381036416025256e-14
2002010865133_Node0_Node8_Zero,2002.614511,2003.968131,0,,2794,7.572525408e-13,0
2002016332957_Node0_Node8_Zero,2002.622305,2003.973599,0,,2795,3.5054672829009745e-14,6.2319418362684e-14
2002021793634_Node0_Node8_Zero,2002.624235,2003.975994,0,,2795,7.572525408e-13,0
2002027258943_Node0_Node8_Zero,2002.628219,2003.977861,0,,2794,7.572525408e-13,0
2002032727490_Node0_Node8_Zero,2002.630089,2003.979731,0,,2794,7.572525408e-13,0
2002038194660_Node0_Node8_Zero,2002.632099,2003.98371,0,,2796,6.225469230118138e-14,1.400730576776581e-13
2002043659227_Node0_Node8_Zero,2002.634009,2003.98586,0,,2796,7.572525408e-13,0
2002049127835_Node0_Node8_Zero,2002.635899,2003.98801,0,,2796,7.572525408e-13,0
2002054588187_Node0_Node8_Zero,2002.641699,2003.9899,0,,2795,7.572525408e-13,0
2002060052276_Node0_Node8_Zero,2002.645623,2003.996309,0,,2795,7.572525408e-13,0
2002065516583_Node0_Node8_Zero,2002.65534,2004.006877,0,,2889,7.572525408e-13,0
2002070980356_Node0_Node8_Zero,2002.662209,2004.010988,0,,2884,7.572525408e-13,0
2002076440472_Node0_Node8_Zero,2002.6641,2004.020793,0,,2839,7.572525408e-13,0
2002081901425_Node0_Node8_Zero,2002.667944,2004.026643,0,,2838,7.572525408e-13,0
2002087367207_Node0_Node8_Zero,2002.680981,2004.028883,0,,2833,7.572525408e-13,0
2002092836184_Node0_Node8_Zero,2002.683023,2004.030993,0,,2833,7.572525408e-13,0
2002098298013_Node0_Node8_Zero,2002.686993,2004.055962,0,,2952,7.572525408e-13,0
2002103765237_Node0_Node8_Zero,2002.700508,2004.059946,0,,2948,7.572525408e-13,0
2002109225379_Node0_Node8_Zero,2002.70259,2004.061816,0,,2948,7.572525408e-13,0
2002114690297_Node0_Node8_Zero,2002.70454,2004.069613,0,,2954,7.572525408e-13,0
2002120150403_Node0_Node8_Zero,2002.70655,2004.073477,0,,2954,7.572525408e-13,0
2002125610598_Node0_Node8_Zero,2002.70846,2004.085391,0,,2967,7.572525408e-13,0
2002131075890_Node0_Node8_Zero,2002.723683,2004.087321,0,,2954,7.572525408e-13,0
2002136544515_Node0_Node8_Zero,2002.727615,2004.089231,0,,2953,7.572525408e-13,0
2002142011120_Node0_Node8_Zero,2002.729525,2004.098986,0,,2960,7.572525408e-13,0
2002147480268_Node0_Node8_Zero,2002.731435,2004.102993,0,,2962,7.572525408e-13,0
2002152947916_Node0_Node8_Zero,2002.737314,2004.109795,0,,2961,6.310826159365461e-14,0
2002158409648_Node0_Node8_Zero,2002.741239,2004.113839,0,,2961,7.572525408e-13,0
2002163869793_Node0_Node8_Zero,2002.749014,2004.115749,0,,2959,7.572525408e-13,0
2002169331836_Node0_Node8_Zero,2002.75298,2004.119717,0,,2965,7.572525408e-13,0
2002174796639_Node0_Node8_Zero,2002.75497,2004.121587,0,,2965,7.572525408e-13,0
2002180258003_Node0_Node8_Zero,2002.758954,2004.125605,0,,2965,7.572525408e-13,0
2002185727104_Node0_Node8_Zero,2002.761064,2004.131542,0,,2966,7.572525408e-13,0
2002191190937_Node0_Node8_Zero,2002.765069,2004.133412,0,,2965,7.572525408e-13,0
2002196653983_Node0_Node8_Zero,2002.769113,2004.135322,0,,2965,7.572525408e-13,0
2002202119758_Node0_Node8_Zero,2002.771243,2004.137232,0,,2965,7.572525408e-13,0
2002207579388_Node0_Node8_Zero,2002.775288,2004.141202,0,,2968,7.572525408e-13,0
2002213044150_Node0_Node8_Zero,2002.777218,2004.143092,0,,2968,7.572525408e-13,0
2002218513332_Node0_Node8_Zero,2002.779108,2004.145022,0,,2968,7.572525408e-13,0
2002223975189_Node0_Node8_Zero,2002.781018,2004.179555,0,,2985,5.842998000000001e-14,1.3146745500000003e-13
2002229441750_Node0_Node8_Zero,2002.784902,2004.181681,0,,2984,7.9011940455e-13,0
2002234904925_Node0_Node8_Zero,2002.786872,2004.186285,0,,3049,7.932770019432877e-13,0
2002240369363_Node0_Node8_Zero,2002.803217,2004.192807,0,,3095,8.217597682416938e-13,0
2002245829962_Node0_Node8_Zero,2002.809059,2004.195207,0,,3014,7.572525408e-13,0
2002251293202_Node0_Node8_Zero,2002.811202,2004.197317,0,,3014,3.5964880713956925e-14,0
2002256756851_Node0_Node8_Zero,2002.813292,2004.201387,0,,3014,7.572525408e-13,0
2002262225570_Node0_Node8_Zero,2002.834078,2004.203277,0,,3007,3.628531543595274e-14,0
2002267693870_Node0_Node8_Zero,2002.836072,2004.22773,0,,3097,7.572525408e-13,0
2002273159302_Node0_Node8_Zero,2002.838062,2004.229691,0,,3097,7.572525408e-13,0
2002278623302_Node0_Node8_Zero,2002.839992,2004.235972,0,,3101,7.572525408e-13,0
2002284090733_Node0_Node8_Zero,2002.841902,2004.237922,0,,3101,7.572525408e-13,0
2002289551959_Node0_Node8_Zero,2002.847803,2004.243961,0,,3102,7.572525408e-13,0
2002295012663_Node0_Node8_Zero,2002.849793,2004.401642,0,,4349,7.572525408e-13,0
2002300479675_Node0_Node8_Zero,2002.857719,2004.41505,0,,4346,7.572525408e-13,0
2002305941335_Node0_Node8_Zero,2002.86934,2004.421291,0,,4337,3.286686375000001e-14,5.842998000000001e-14
2002311405322_Node0_Node8_Zero,2002.875125,2004.425085,0,,4337,8.214392069182029e-13,0
2002316865108_Node0_Node8_Zero,2002.879035,2004.427241,0,,4336,7.782873336e-13,0
2002322326643_Node0_Node8_Zero,2002.883,2004.433041,0,,4336,7.572525408e-13,0
2002327791942_Node0_Node8_Zero,2002.886925,2004.437026,0,,4335,7.572525408e-13,1.5120874049990463e-13
2002333254109_Node0_Node8_Zero,2002.892705,2004.440911,0,,4334,2.1034792800000005e-14,3.286686375000001e-14
2002338720694_Node0_Node8_Zero,2002.894575,2004.442881,0,,4334,7.572525408e-13,0
2002344186365_Node0_Node8_Zero,2002.896625,2004.446995,0,,4334,7.572525408e-13,0
2002349652844_Node0_Node8_Zero,2002.900469,2004.449105,0,,4333,7.572525408e-13,0
2002355114432_Node0_Node8_Zero,2002.904514,2004.450975,0,,4333,7.572525408e-13,4.73282838e-14
2002360577814_Node0_Node8_Zero,2002.906684,2004.454959,0,,4333,7.572525408e-13,0
2002366040537_Node0_Node8_Zero,2002.908734,2004.458944,0,,4333,7.572525408e-13,0
2002371503745_Node0_Node8_Zero,2002.910684,2004.462949,0,,4333,7.572525408e-13,1.4082815268063981e-13
2002376964758_Node0_Node8_Zero,2002.916463,2004.464939,0,,4332,3.5282224800246547e-14,6.272395520043831e-14
2002382428911_Node0_Node8_Zero,2002.918373,2004.470811,0,,4334,8.453372335451014e-14,3.398309287194375e-14
2002387896393_Node0_Node8_Zero,2002.922318,2004.474796,0,,4334,7.572525408e-13,0
2002393362594_Node0_Node8_Zero,2002.924228,2004.480695,0,,4334,7.572525408e-13,0
2002398827690_Node0_Node8_Zero,2002.926238,2004.48887,0,,4338,8.200062251078071e-13,0
2002404292857_Node0_Node8_Zero,2002.928128,2004.490955,0,,4338,6.517433763727662e-14,1.4664225968387238e-13
2002409758066_Node0_Node8_Zero,2002.933902,2004.49492,0,,4337,7.572525408e-13,0
2002415224933_Node0_Node8_Zero,2002.935852,2004.500785,0,,4343,7.790524518465497e-13,0
2002420684873_Node0_Node8_Zero,2002.937902,2004.502715,0,,4343,2.245376472566684e-14,3.508400738385444e-14
2002426149097_Node0_Node8_Zero,2002.941926,2004.504605,0,,4343,7.794495127196193e-13,0
2002431613975_Node0_Node8_Zero,2002.947781,2004.506515,0,,4342,7.572525408e-13,0
2002437075195_Node0_Node8_Zero,2002.949771,2004.638617,0,,4928,7.572525408e-13,0
2002442540033_Node0_Node8_Zero,2002.951681,2004.640695,0,,4928,7.572525408e-13,0
2002448000238_Node0_Node8_Zero,2002.955565,2004.645249,0,,4929,7.572525408e-13,0
2002453469460_Node0_Node8_Zero,2002.957575,2004.647159,0,,4929,6.2319418362684e-14,1.4021869131603898e-13
2002458929345_Node0_Node8_Zero,2002.959545,2004.649069,0,,4929,7.572525408e-13,0
2002464388985_Node0_Node8_Zero,2002.961575,2004.651119,0,,4929,3.5054672829009745e-14,6.2319418362684e-14
2002469855576_Node0_Node8_Zero,2002.963525,2004.657092,0,,5004,7.572525408e-13,0
2002475323365_Node0_Node8_Zero,2002.965655,2004.685806,0,,5006,7.572525408e-13,0
2002480786848_Node0_Node8_Zero,2002.96952,2004.695039,0,,5011,7.572525408e-13,3.671191545123479e-14
2002486253248_Node0_Node8_Zero,2002.975399,2004.698973,0,,5010,7.572525408e-13,0
2002491720426_Node0_Node8_Zero,2003.042964,2004.700883,0,,4979,7.572525408e-13,0
2002497187146_Node0_Node8_Zero,2003.044858,2004.704688,0,,4977,7.796966068628519e-13,0
2002502652079_Node0_Node8_Zero,2003.046948,2004.712783,0,,5215,7.572525408e-13,0
2002508121324_Node0_Node8_Zero,2003.064928,2004.716767,0,,5293,7.572525408e-13,0
2002513590256_Node0_Node8_Zero,2003.067088,2004.718677,0,,5293,7.572525408e-13,0
2002519055232_Node0_Node8_Zero,2003.069138,2004.796755,0,,5406,3.4491430149444866e-14,0
2002524520599_Node0_Node8_Zero,2003.073082,2004.802347,0,,5411,7.572525408e-13,0
2002529985235_Node0_Node8_Zero,2003.075112,2004.809235,0,,5449,7.572525408e-13,0
2002535450392_Node0_Node8_Zero,2003.077162,2004.813318,0,,5451,7.572525408e-13,0
2002540910027_Node0_Node8_Zero,2003.083002,2004.819131,0,,5455,7.572525408e-13,0
2002546370341_Node0_Node8_Zero,2003.086986,2004.82952,0,,5459,7.572525408e-13,0
2002551835341_Node0_Node8_Zero,2003.088976,2004.831471,0,,5459,1.5814122216045786e-13,0
2002557303303_Node0_Node8_Zero,2003.090906,2004.833396,0,,5460,7.572525408e-13,0
2002562764228_Node0_Node8_Zero,2003.09493,2004.841349,0,,5464,7.572525408e-13,0
2002568225280_Node0_Node8_Zero,2003.09682,2004.888663,0,,5469,7.572525408e-13,0
2002573688809_Node0_Node8_Zero,2003.09893,2004.890556,0,,5469,7.572525408e-13,3.4386175610423446e-14
2002579154844_Node0_Node8_Zero,2003.101,2004.892446,0,,5470,9.514626512214345e-13,0
2002584624316_Node0_Node8_Zero,2003.104965,2004.894496,0,,5470,7.572525408e-13,0
2002590088589_Node0_Node8_Zero,2003.108989,2004.898487,0,,5470,8.19571959162684e-13,0
2002595551916_Node0_Node8_Zero,2003.112894,2004.900734,0,,5470,6.722219878608053e-14,0
2002601016841_Node0_Node8_Zero,2003.114944,2004.906493,0,,5470,2.1826173578272143e-14,3.410339621605022e-14
2002606484476_Node0_Node8_Zero,2003.116854,2004.908403,0,,5470,7.919619173088393e-13,0
2002611951403_Node0_Node8_Zero,2003.128334,2004.910333,0,,5465,3.5489068244111643e-14,6.30916768784207e-14
2002617414855_Node0_Node8_Zero,2003.130555,2004.916088,0,,5462,7.572525408e-13,0
2002622882635_Node0_Node8_Zero,2003.132445,2004.918018,0,,5462,7.572525408e-13,0
2002628347691_Node0_Node8_Zero,2003.136269,2004.919908,0,,5461,7.572525408e-13,0
2002633808686_Node0_Node8_Zero,2003.138199,2004.923872,0,,5461,6.73266853635252e-14,1.514850420679317e-13
2002639269795_Node0_Node8_Zero,2003.140069,2004.927717,0,,5461,6.450722744169376e-14,0
2002644735059_Node0_Node8_Zero,2003.145923,2004.931602,0,,5461,7.572525408e-13,0
2002650196412_Node0_Node8_Zero,2003.165724,2004.939321,0,,5457,8.217597682416938e-13,0
2002655660767_Node0_Node8_Zero,2003.167874,2004.941724,0,,5457,7.572525408e-13,0
2002661129482_Node0_Node8_Zero,2003.234394,2004.943814,0,,5068,7.572525408e-13,1.4514126174381096e-13
2002666595637_Node0_Node8_Zero,2003.241448,2004.945744,0,,4989,7.572525408e-13,0
2002672056292_Node0_Node8_Zero,2003.245302,2004.947694,0,,4989,2.2607552190392375e-14,3.5324300297488084e-14
2002677518776_Node0_Node8_Zero,2003.247432,2004.951593,0,,4989,7.572525408e-13,0
2002682983304_Node0_Node8_Zero,2003.249442,2004.953668,0,,4989,7.572525408e-13,0
2002688446541_Node0_Node8_Zero,2003.251452,2004.955718,0,,4989,3.286686375000001e-14,0
2002693913132_Node0_Node8_Zero,2003.261773,2004.957708,0,,4986,7.572525408e-13,0
2002699379799_Node0_Node8_Zero,2003.270123,2004.959825,0,,4984,7.572525408e-13,0
2002704839851_Node0_Node8_Zero,2003.284447,2004.961775,0,,4895,7.572525408e-13,0
2002710301997_Node0_Node8_Zero,2003.288515,2005.020926,0,,5379,8.186869656467159e-13,0
2002715766165_Node0_Node8_Zero,2003.290485,2005.02317,0,,5379,7.572525408e-13,0
2002721231578_Node0_Node8_Zero,2003.292495,2005.02508,0,,5379,7.572525408e-13,0
2002726697087_Node0_Node8_Zero,2003.294425,2005.040897,0,,5355,7.572525408e-13,8.41391712e-14
2002732159006_Node0_Node8_Zero,2003.29843,2005.04282,0,,5355,5.842998000000001e-14,1.3146745500000003e-13
2002737626345_Node0_Node8_Zero,2003.340668,2005.050647,0,,5438,8.156825208e-13,0
2002743090146_Node0_Node8_Zero,2003.34451,2005.052617,0,,5432,7.572525408e-13,0
2002748555323_Node0_Node8_Zero,2003.348351,2005.058842,0,,5434,7.572525408e-13,0
2002754017481_Node0_Node8_Zero,2003.350281,2005.060976,0,,5434,7.572525408e-13,0
2002759482615_Node0_Node8_Zero,2003.368351,2005.105592,0,,5467,3.469420715635151e-14,0
2002764947620_Node0_Node8_Zero,2003.372162,2005.10962,0,,5444,1.4021869131603898e-13,9.651958700547778e-14
2002770416454_Node0_Node8_Zero,2003.374092,2005.118273,0,,5448,2.188365646349478e-14,3.4193213224210595e-14
2002775881212_Node0_Node8_Zero,2003.376269,2005.126236,0,,5483,7.572525408e-13,0
2002781346515_Node0_Node8_Zero,2003.382462,2005.128126,0,,5407,7.572525408e-13,0
2002786809831_Node0_Node8_Zero,2003.386528,2005.143422,0,,5680,8.214284282310244e-13,0
2002792273222_Node0_Node8_Zero,2003.40298,2005.145305,0,,5597,7.572525408e-13,0
2002797734960_Node0_Node8_Zero,2003.406874,2005.185322,0,,5744,7.917531890110348e-13,0
2002803199952_Node0_Node8_Zero,2003.408824,2005.193942,0,,5837,8.185700865280921e-13,0
2002808660173_Node0_Node8_Zero,2003.410954,2005.197902,0,,5844,8.198492882758478e-13,0
2002814123946_Node0_Node8_Zero,2003.426412,2005.199992,0,,5836,3.60543890494021e-14,0
2002819593384_Node0_Node8_Zero,2003.430283,2005.202082,0,,5836,7.572525408e-13,0
2002825054926_Node0_Node8_Zero,2003.440538,2005.204132,0,,5828,7.572525408e-13,6.412385966158527e-14
2002830517522_Node0_Node8_Zero,2003.449055,2005.206202,0,,5741,7.572525408e-13,0
2002835982167_Node0_Node8_Zero,2003.451053,2005.208152,0,,5659,2.244053761992461e-14,3.50633400311322e-14
2002841446636_Node0_Node8_Zero,2003.49946,2005.210242,0,,5240,7.794570079056481e-13,0
2002846912931_Node0_Node8_Zero,2003.50341,2005.212192,0,,5232,7.572525408e-13,0
2002852380417_Node0_Node8_Zero,2003.555567,2005.214282,0,,4864,8.224747512513852e-13,0
2002857842243_Node0_Node8_Zero,2003.564091,2005.216312,0,,4771,3.528855510651948e-14,6.273520907825686e-14
2002863306989_Node0_Node8_Zero,2003.566014,2005.218222,0,,4771,8.224270053901904e-13,0
2002868771724_Node0_Node8_Zero,2003.574813,2005.220152,0,,4672,7.572525408e-13,0
2002874231755_Node0_Node8_Zero,2003.576714,2005.222062,0,,4629,7.572525408e-13,0
2002879697469_Node0_Node8_Zero,2003.578744,2005.223972,0,,4628,2.220019410655706e-14,3.468780329149541e-14
2002885166616_Node0_Node8_Zero,2003.580714,2005.227977,0,,4628,6.732949295155581e-14,0
2002890636047_Node0_Node8_Zero,2003.612614,2005.230104,0,,4616,7.572525408e-13,0
2002896097489_Node0_Node8_Zero,2003.616569,2005.240237,0,,4615,7.572525408e-13,0
2002901559462_Node0_Node8_Zero,2003.618579,2005.280449,0,,4628,7.572525408e-13,1.3786529808654405e-13
2002907025516_Node0_Node8_Zero,2003.624501,2005.284258,0,,4628,6.516524698383628e-14,1.4662180571363165e-13
2002912487851_Node0_Node8_Zero,2003.630381,2005.286248,0,,4625,7.572525408e-13,0
2002917952590_Node0_Node8_Zero,2003.634226,2005.288178,0,,4550,3.430272843568461e-14,0
2002923416176_Node0_Node8_Zero,2003.638151,2005.290471,0,,4548,7.572525408e-13,0
2002928875955_Node0_Node8_Zero,2003.64397,2005.292478,0,,4547,7.572525408e-13,0
2002934340054_Node0_Node8_Zero,2003.64604,2005.294388,0,,4547,7.572525408e-13,0
2002939803836_Node0_Node8_Zero,2003.649885,2005.296478,0,,4546,7.572525408e-13,3.4679376972770676e-14
2002945266105_Node0_Node8_Zero,2003.651795,2005.298548,0,,4546,7.572525408e-13,0
2002950732760_Node0_Node8_Zero,2003.65749,2005.300598,0,,4545,7.572525408e-13,0
2002956199951_Node0_Node8_Zero,2003.6594,2005.302588,0,,4545,7.572525408e-13,0
2002961664271_Node0_Node8_Zero,2003.66129,2005.304558,0,,4545,7.572525408e-13,0
2002967132657_Node0_Node8_Zero,2003.6633,2005.306795,0,,4545,3.5294761935760376e-14,6.274624344135178e-14
2002972595177_Node0_Node8_Zero,2003.66517,2005.308685,0,,4545,7.933303368989232e-13,0
2002978061065_Node0_Node8_Zero,2003.66708,2005.310615,0,,4545,7.3987733450736e-14,1.66472400264156e-13
2002983524839_Node0_Node8_Zero,2003.670964,2005.312765,0,,4544,7.572525408e-13,0
2002988987104_Node0_Node8_Zero,2003.672874,2005.327146,0,,4732,8.229664911765984e-13,0
2002994452671_Node0_Node8_Zero,2003.6768,2005.32935,0,,4732,6.770879063352274e-14,1.5234477892542618e-13
2002999914810_Node0_Node8_Zero,2003.682639,2005.33128,0,,4731,7.927512717435294e-13,0
2003005382187_Node0_Node8_Zero,2003.686505,2005.33341,0,,4730,7.572525408e-13,0
2003010842488_Node0_Node8_Zero,2003.690549,2005.335793,0,,4730,6.450722744169376e-14,1.4514126174381096e-13
2003016303883_Node0_Node8_Zero,2003.692419,2005.337823,0,,4730,7.572525408e-13,0
2003021765945_Node0_Node8_Zero,2003.694289,2005.34004,0,,4730,8.224468094625613e-13,0
2003027235115_Node0_Node8_Zero,2003.700049,2005.342223,0,,4729,8.245510953354177e-13,0
2003032697647_Node0_Node8_Zero,2003.702099,2005.344153,0,,4729,3.6059550582750394e-14,0
2003038161727_Node0_Node8_Zero,2003.703989,2005.346283,0,,4729,7.572525408e-13,0
2003043631184_Node0_Node8_Zero,2003.709809,2005.348253,0,,4728,7.572525408e-13,0
2003049100326_Node0_Node8_Zero,2003.713735,2005.47399,0,,5098,7.572525408e-13,0
2003054567304_Node0_Node8_Zero,2003.717699,2005.479838,0,,5098,7.572525408e-13,6.142347654154416e-14
2003060027255_Node0_Node8_Zero,2003.721684,2005.483823,0,,5097,7.572525408e-13,0
2003065494669_Node0_Node8_Zero,2003.723734,2005.487868,0,,5097,7.572525408e-13,0
2003070957141_Node0_Node8_Zero,2003.72762,2005.489858,0,,5097,7.572525408e-13,0
2003076418943_Node0_Node8_Zero,2003.72963,2005.491788,0,,5097,7.572525408e-13,0
2003081886741_Node0_Node8_Zero,2003.737219,2005.495572,0,,5095,7.572525408e-13,0
2003087348525_Node0_Node8_Zero,2003.739089,2005.497462,0,,5095,7.572525408e-13,0
2003092816358_Node0_Node8_Zero,2003.740979,2005.499552,0,,5095,7.572525408e-13,0
2003098279526_Node0_Node8_Zero,2003.746839,2005.501482,0,,5094,7.572525408e-13,0
2003103740787_Node0_Node8_Zero,2003.748789,2005.503392,0,,5094,7.572525408e-13,0
2003109203349_Node0_Node8_Zero,2003.752833,2005.521087,0,,5094,8.203484494379152e-13,0
2003114672098_Node0_Node8_Zero,2003.760488,2005.522962,0,,5093,7.572525408e-13,0
2003120134265_Node0_Node8_Zero,2003.764532,2005.540383,0,,5550,7.572525408e-13,0
2003125598116_Node0_Node8_Zero,2003.766682,2005.565111,0,,5821,6.242803575601026e-14,1.4046308045102307e-13
2003131060006_Node0_Node8_Zero,2003.768552,2005.567295,0,,5821,3.4072787238383047e-14,6.057384397934764e-14
2003136520813_Node0_Node8_Zero,2003.772416,2005.569165,0,,5820,8.230451134335969e-13,0
2003141983161_Node0_Node8_Zero,2003.778336,2005.571055,0,,5819,6.720858470853997e-14,1.5121931559421496e-13
2003147444647_Node0_Node8_Zero,2003.780226,2005.573085,0,,5819,7.572525408e-13,0
2003152912323_Node0_Node8_Zero,2003.78427,2005.69032,0,,6605,7.9011940455e-13,0
2003158380430_Node0_Node8_Zero,2003.78618,2005.692305,0,,6605,7.572525408e-13,0
2003163847038_Node0_Node8_Zero,2003.790065,2005.694175,0,,6604,6.142579033999628e-14,1.3820802826499166e-13
2003169314499_Node0_Node8_Zero,2003.793989,2005.696292,0,,6604,7.572525408e-13,0
2003174776777_Node0_Node8_Zero,2003.795899,2005.7003,0,,6604,7.923072136290097e-13,0
2003180243387_Node0_Node8_Zero,2003.797929,2005.702212,0,,6604,7.572525408e-13,0
2003185705354_Node0_Node8_Zero,2003.801814,2005.704302,0,,6604,7.950419749777719e-13,0
2003191171151_Node0_Node8_Zero,2003.805858,2005.710166,0,,6607,7.572525408e-13,0
2003196634475_Node0_Node8_Zero,2003.807848,2005.717963,0,,6611,8.344134669865587e-13,0
2003202101665_Node0_Node8_Zero,2003.809758,2005.720346,0,,6611,7.927386787849986e-13,0
2003207564160_Node0_Node8_Zero,2003.815642,2005.722356,0,,6611,4.73282838e-14,0
2003213027146_Node0_Node8_Zero,2003.819467,2005.724406,0,,6610,7.572525408e-13,0
2003218491970_Node0_Node8_Zero,2003.825454,2005.726576,0,,6608,7.572525408e-13,0
2003223954423_Node0_Node8_Zero,2003.843671,2005.728666,0,,6601,7.572525408e-13,0
2003229420122_Node0_Node8_Zero,2003.845563,2005.730776,0,,6601,7.572525408e-13,0
2003234888924_Node0_Node8_Zero,2003.856364,2005.732646,0,,6593,7.572525408e-13,0
2003240355948_Node0_Node8_Zero,2003.858283,2005.751566,0,,6680,7.572525408e-13,0
2003245823483_Node0_Node8_Zero,2003.860153,2005.755677,0,,6680,7.572525408e-13,3.454419781267121e-14
2003251286684_Node0_Node8_Zero,2003.862203,2005.757606,0,,6680,7.923072136290097e-13,0
2003256750798_Node0_Node8_Zero,2003.864353,2005.765409,0,,6681,8.242881234776581e-13,0
2003262217133_Node0_Node8_Zero,2004.037231,2005.767279,0,,6402,6.517157439670141e-14,0
2003267677330_Node0_Node8_Zero,2004.039459,2005.769169,0,,6354,7.572525408e-13,0
2003273145783_Node0_Node8_Zero,2004.045835,2005.773019,0,,6287,7.572525408e-13,0
2003278612386_Node0_Node8_Zero,2004.047863,2005.776871,0,,6287,7.572525408e-13,0
2003284076384_Node0_Node8_Zero,2004.049973,2005.778761,0,,6287,8.217597682416938e-13,0
2003289544487_Node0_Node8_Zero,2004.051963,2005.781063,0,,6287,7.572525408e-13,0
2003295010603_Node0_Node8_Zero,2004.071492,2005.782973,0,,6277,2.3073536657748282e-14,3.605240102773169e-14
2003300478703_Node0_Node8_Zero,2004.075409,2005.784983,0,,6277,8.224339325479264e-13,0
2003305943760_Node0_Node8_Zero,2004.107874,2005.787013,0,,6255,7.572525408e-13,6.2319418362684e-14
2003311407340_Node0_Node8_Zero,2004.111868,2005.791085,0,,6255,7.572525408e-13,0
2003316874180_Node0_Node8_Zero,2004.24752,2005.795081,0,,6007,7.572525408e-13,0
2003327807225_Node0_Node8_Zero,2004.249465,2005.797131,0,,5999,8.150478899161736e-14,3.60543890494021e-14
2003333275778_Node0_Node8_Zero,2004.257907,2005.799201,0,,5906,8.156825208e-13,0
2003338742514_Node0_Node8_Zero,2004.259967,2005.801131,0,,5906,7.572525408e-13,0
2003344207985_Node0_Node8_Zero,2004.263932,2005.803121,0,,5905,7.797148436914155e-13,0
2003349669100_Node0_Node8_Zero,2004.265842,2005.80705,0,,5901,8.229668165875138e-13,0
2003355138250_Node0_Node8_Zero,2004.267892,2005.813019,0,,5901,7.572525408e-13,0
2003360598868_Node0_Node8_Zero,2004.269842,2005.818826,0,,5901,7.572525408e-13,0
2003366067757_Node0_Node8_Zero,2004.271952,2005.820736,0,,5901,7.572525408e-13,0
2003371529080_Node0_Node8_Zero,2004.275977,2005.853815,0,,5938,7.572525408e-13,0
2003376991036_Node0_Node8_Zero,2004.277967,2005.855685,0,,5938,7.572525408e-13,0
2003382456497_Node0_Node8_Zero,2004.280057,2005.859714,0,,5942,7.572525408e-13,0
2003387925125_Node0_Node8_Zero,2004.282027,2005.861624,0,,5942,7.572525408e-13,0
2003393386192_Node0_Node8_Zero,2004.289737,2005.869369,0,,5940,7.572525408e-13,0
2003398846550_Node0_Node8_Zero,2004.291607,2005.873397,0,,5940,7.572525408e-13,0
2003404306279_Node0_Node8_Zero,2004.293617,2005.875287,0,,5940,7.572525408e-13,0
2003409772249_Node0_Node8_Zero,2004.301411,2005.881234,0,,5941,7.572525408e-13,0
2003415239581_Node0_Node8_Zero,2004.303481,2005.883304,0,,5941,7.572525408e-13,0
2003420708960_Node0_Node8_Zero,2004.311823,2005.885254,0,,5939,7.572525408e-13,0
2003426171050_Node0_Node8_Zero,2004.313838,2005.890972,0,,5850,7.572525408e-13,0
2003431640018_Node0_Node8_Zero,2004.317743,2005.892862,0,,5766,7.572525408e-13,0
2003437104774_Node0_Node8_Zero,2004.319613,2005.902029,0,,5756,7.572525408e-13,0
2003442564776_Node0_Node8_Zero,2004.321603,2005.903899,0,,5756,7.572525408e-13,0
2003448027214_Node0_Node8_Zero,2004.325507,2005.907952,0,,5756,7.572525408e-13,0
2003453495742_Node0_Node8_Zero,2004.327677,2005.909862,0,,5677,7.572525408e-13,0
2003458958729_Node0_Node8_Zero,2004.329607,2005.911752,0,,5676,7.572525408e-13,0
2003464421560_Node0_Node8_Zero,2004.335407,2005.917678,0,,5599,7.572525408e-13,0
2003469889179_Node0_Node8_Zero,2004.337317,2005.919568,0,,5528,7.572525408e-13,0
2003475350011_Node0_Node8_Zero,2004.339227,2005.921638,0,,5456,7.572525408e-13,0
2003480819464_Node0_Node8_Zero,2004.345067,2005.923508,0,,5370,7.572525408e-13,0
2003486283142_Node0_Node8_Zero,2004.346957,2005.953104,0,,5311,8.189320607989927e-13,0
2003491747759_Node0_Node8_Zero,2004.348827,2005.955097,0,,5235,7.572525408e-13,0
2003497208759_Node0_Node8_Zero,2004.352852,2005.961008,0,,5242,7.572525408e-13,0
2003502669838_Node0_Node8_Zero,2004.354722,2005.966767,0,,5170,7.572525408e-13,0
2003508135695_Node0_Node8_Zero,2004.356652,2005.969316,0,,5089,3.741042806265753e-14,6.650742766694672e-14
2003513603083_Node0_Node8_Zero,2004.358602,2005.971446,0,,5008,7.572525408e-13,0
2003519068719_Node0_Node8_Zero,2004.362713,2005.973596,0,,5008,7.572525408e-13,0
2003524536629_Node0_Node8_Zero,2004.364623,2005.975486,0,,5008,7.572525408e-13,0
2003529999087_Node0_Node8_Zero,2004.368488,2005.977656,0,,5007,7.572525408e-13,0
2003535466543_Node0_Node8_Zero,2004.370418,2005.979626,0,,5007,7.572525408e-13,0
2003540929576_Node0_Node8_Zero,2004.374382,2005.981716,0,,5007,7.572525408e-13,0
2003546396099_Node0_Node8_Zero,2004.376272,2005.983586,0,,5007,7.572525408e-13,0
2003551865181_Node0_Node8_Zero,2004.378162,2005.985476,0,,5007,7.572525408e-13,0
2003557329761_Node0_Node8_Zero,2004.380192,2005.987506,0,,5007,7.572525408e-13,0
2003562791831_Node0_Node8_Zero,2004.384117,2005.989416,0,,5006,7.572525408e-13,0
2003568252776_Node0_Node8_Zero,2004.388101,2005.991306,0,,5005,7.572525408e-13,0
2003573721077_Node0_Node8_Zero,2004.393815,2005.995234,0,,5006,7.572525408e-13,0
2003579181185_Node0_Node8_Zero,2004.395805,2006.003142,0,,5006,7.572525408e-13,0
2003584649391_Node0_Node8_Zero,2004.397675,2006.009289,0,,5072,7.572525408e-13,6.2319418362684e-14
2003590117265_Node0_Node8_Zero,2004.403518,2006.013137,0,,5077,7.572525408e-13,0
2003595582661_Node0_Node8_Zero,2004.405488,2006.018935,0,,5162,7.572525408e-13,0
2003601049848_Node0_Node8_Zero,2004.407378,2006.075861,0,,5202,7.572525408e-13,0
2003606517061_Node0_Node8_Zero,2004.409348,2006.103661,0,,5367,7.572525408e-13,0
2003611979215_Node0_Node8_Zero,2004.411218,2006.123783,0,,5459,8.202911357631361e-13,0
2003617447662_Node0_Node8_Zero,2004.417207,2006.125707,0,,5458,7.572525408e-13,0
2003622914685_Node0_Node8_Zero,2004.419317,2006.127617,0,,5458,7.572525408e-13,1.5114165769384944e-13
2003628381988_Node0_Node8_Zero,2004.423167,2006.131641,0,,5458,7.572525408e-13,0
2003633851369_Node0_Node8_Zero,2004.429118,2006.135646,0,,5458,8.203987610777812e-13,0
2003639319120_Node0_Node8_Zero,2004.431108,2006.13955,0,,5458,7.917967386126712e-13,0
2003644787810_Node0_Node8_Zero,2004.435018,2006.143555,0,,5458,7.572525408e-13,0
2003650253811_Node0_Node8_Zero,2004.438987,2006.147606,0,,5464,7.572525408e-13,0
2003655714879_Node0_Node8_Zero,2004.444754,2006.228231,0,,5742,2.3049833055910534e-14,3.601536414986021e-14
2003661183248_Node0_Node8_Zero,2004.452955,2006.230266,0,,5742,7.572525408e-13,0
2003666651425_Node0_Node8_Zero,2004.456913,2006.310606,0,,6274,7.914730886509028e-13,0
2003672116804_Node0_Node8_Zero,2004.460984,2006.320105,0,,6301,7.572525408e-13,0
2003677576899_Node0_Node8_Zero,2004.466874,2006.321978,0,,6301,3.654750770658753e-14,0
2003683042012_Node0_Node8_Zero,2004.472724,2006.335304,0,,6500,7.572525408e-13,0
2003688507183_Node0_Node8_Zero,2004.476734,2006.339235,0,,6500,7.572525408e-13,0
2003693968023_Node0_Node8_Zero,2004.478764,2006.341225,0,,6500,7.933063597325868e-13,0
2003699431630_Node0_Node8_Zero,2004.492908,2006.345211,0,,6496,7.572525408e-13,0
2003704895902_Node0_Node8_Zero,2004.496821,2006.356981,0,,6513,7.572525408e-13,0
2003710361375_Node0_Node8_Zero,2004.509729,2006.358991,0,,6507,7.572525408e-13,0
2003715821116_Node0_Node8_Zero,2004.513531,2006.360941,0,,6423,7.572525408e-13,0
2003721290505_Node0_Node8_Zero,2004.515601,2006.553158,0,,6899,3.454419781267121e-14,0
2003726751366_Node0_Node8_Zero,2004.520318,2006.555068,0,,6893,7.572525408e-13,0
2003732213567_Node0_Node8_Zero,2004.5361,2006.617899,0,,7157,7.572525408e-13,0
2003737676056_Node0_Node8_Zero,2004.558512,2006.629781,0,,7152,7.935378562359527e-13,0
2003743141458_Node0_Node8_Zero,2004.562488,2006.633571,0,,7240,7.572525408e-13,0
2003748609789_Node0_Node8_Zero,2004.566393,2006.730488,0,,8381,7.572525408e-13,3.4059528544043393e-14
2003754069534_Node0_Node8_Zero,2004.568383,2006.73439,0,,8381,7.918054938554292e-13,0
2003759529356_Node0_Node8_Zero,2004.612305,2006.849693,0,,8245,7.572525408e-13,0
2003764992669_Node0_Node8_Zero,2004.618172,2006.775956,1,Expiry,8233,5.258698200000001e-13,nan
2003770458154_Node0_Node8_Zero,2004.620122,2006.775956,1,Expiry,8233,5.258698200000001e-13,nan
2003775926350_Node0_Node8_Zero,2004.63012,2006.775956,1,Expiry,8144,5.258698200000001e-13,nan
2003781390712_Node0_Node8_Zero,2004.632197,2006.830601,1,Expiry,8151,5.258698200000001e-13,nan
2003786859859_Node0_Node8_Zero,2004.664911,2006.830601,1,Expiry,8070,5.258698200000001e-13,nan
2003792322660_Node0_Node8_Zero,2004.667072,2006.830601,1,Expiry,8070,5.258698200000001e-13,nan
2003797791174_Node0_Node8_Zero,2004.669002,2006.830601,1,Expiry,8070,5.258698200000001e-13,nan
2003803257093_Node0_Node8_Zero,2004.670992,2006.830601,1,Expiry,8070,5.258698200000001e-13,nan
2003808722796_Node0_Node8_Zero,2004.673102,2006.830601,1,Expiry,8070,5.258698200000001e-13,nan
2003814192137_Node0_Node8_Zero,2004.675435,2006.830601,1,Expiry,8070,5.258698200000001e-13,nan
2003819655966_Node0_Node8_Zero,2004.677402,2006.830601,1,Expiry,8070,5.258698200000001e-13,nan
2003825120180_Node0_Node8_Zero,2004.679552,2006.830601,1,Expiry,8070,5.258698200000001e-13,nan
2003830588321_Node0_Node8_Zero,2004.681642,2006.830601,1,Expiry,8070,5.258698200000001e-13,nan
2003836051404_Node0_Node8_Zero,2004.683752,2006.853459,0,,8073,7.572525408e-13,0
2003841516307_Node0_Node8_Zero,2004.691055,2006.855329,0,,8067,7.572525408e-13,0
2003846980463_Node0_Node8_Zero,2004.692951,2006.859153,0,,8067,7.572525408e-13,0
2003852448989_Node0_Node8_Zero,2004.696942,2006.863038,0,,8067,7.572525408e-13,0
2003857912636_Node0_Node8_Zero,2004.702751,2006.867002,0,,8067,7.572525408e-13,0
2003863376042_Node0_Node8_Zero,2004.725281,2006.870967,0,,7740,7.572525408e-13,0
2003868839622_Node0_Node8_Zero,2004.73118,2006.872917,0,,7658,7.572525408e-13,0
2003874308761_Node0_Node8_Zero,2004.761338,2006.876881,0,,7636,7.572525408e-13,0
2003879769211_Node0_Node8_Zero,2004.763236,2006.882735,0,,7636,7.572525408e-13,0
2003885232018_Node0_Node8_Zero,2004.768996,2006.884625,0,,7635,7.572525408e-13,0
2003890695400_Node0_Node8_Zero,2004.771066,2006.886495,0,,7635,7.572525408e-13,0
2003896158883_Node0_Node8_Zero,2004.772996,2006.892396,0,,7641,7.572525408e-13,0
2003901624022_Node0_Node8_Zero,2004.778896,2006.898633,0,,7641,7.572525408e-13,8.273896976677502e-14
2003907091463_Node0_Node8_Zero,2004.780846,2006.912178,0,,7643,7.572525408e-13,0
2003912551082_Node0_Node8_Zero,2004.782856,2006.914149,0,,7643,7.572525408e-13,0
2003918012787_Node0_Node8_Zero,2004.785006,2006.916179,0,,7643,7.572525408e-13,0
2003923473767_Node0_Node8_Zero,2004.792796,2006.920187,0,,7644,7.572525408e-13,0
2003928942060_Node0_Node8_Zero,2004.794786,2006.922157,0,,7644,7.572525408e-13,0
2003934404811_Node0_Node8_Zero,2004.851213,2006.931576,0,,7583,7.572525408e-13,0
2003939872267_Node0_Node8_Zero,2004.853155,2006.938189,0,,7586,7.572525408e-13,0
2003945338885_Node0_Node8_Zero,2004.857179,2006.944228,0,,7589,7.572525408e-13,0
2003950801158_Node0_Node8_Zero,2004.859289,2006.946118,0,,7589,7.572525408e-13,0
2003956263713_Node0_Node8_Zero,2004.861299,2006.948048,0,,7589,7.572525408e-13,0
2003961731978_Node0_Node8_Zero,2004.865264,2006.953995,0,,7591,7.572525408e-13,0
2003967192945_Node0_Node8_Zero,2004.867174,2006.957923,0,,7591,7.572525408e-13,0
2003972660365_Node0_Node8_Zero,2004.869184,2006.9637,0,,7591,7.572525408e-13,0
2003978123968_Node0_Node8_Zero,2004.872988,2007.009203,0,,7591,7.572525408e-13,0
2003983592277_Node0_Node8_Zero,2004.874898,2006.994536,1,Expiry,7591,5.258698200000001e-13,nan
2003989059355_Node0_Node8_Zero,2004.876868,2006.994536,1,Expiry,7591,5.258698200000001e-13,nan
2003994526802_Node0_Node8_Zero,2004.880893,2006.994536,1,Expiry,7591,5.258698200000001e-13,nan
2003999993754_Node0_Node8_Zero,2004.882883,2007.011088,0,,7591,7.572525408e-13,0
2004005462349_Node0_Node8_Zero,2004.896364,2007.015073,0,,7589,7.572525408e-13,0
2004010925780_Node0_Node8_Zero,2004.902683,2007.019017,0,,7588,7.572525408e-13,0
2004016390305_Node0_Node8_Zero,2004.904565,2007.022882,0,,7588,7.572525408e-13,0
2004021853509_Node0_Node8_Zero,2004.912274,2007.024752,0,,7588,7.572525408e-13,0
2004027322971_Node0_Node8_Zero,2004.914144,2007.026642,0,,7588,7.572525408e-13,0
2004032784253_Node0_Node8_Zero,2004.921901,2007.032585,0,,7588,7.572525408e-13,0
2004038251091_Node0_Node8_Zero,2004.925769,2007.038328,0,,7594,7.572525408e-13,0
2004043715307_Node0_Node8_Zero,2004.929659,2007.040278,0,,7594,7.572525408e-13,0
2004054645247_Node0_Node8_Zero,2005.089968,2007.042148,0,,6823,7.572525408e-13,0
2004060107922_Node0_Node8_Zero,2005.097742,2007.044318,0,,6821,7.572525408e-13,0
2004065569233_Node0_Node8_Zero,2005.099632,2007.050246,0,,6823,7.572525408e-13,0
2004071037084_Node0_Node8_Zero,2005.101722,2007.065953,0,,6830,7.572525408e-13,0
2004076502316_Node0_Node8_Zero,2005.133038,2007.067939,0,,6740,7.572525408e-13,0
2004081962366_Node0_Node8_Zero,2005.134982,2007.069889,0,,6667,7.572525408e-13,0
2004087425325_Node0_Node8_Zero,2005.136932,2007.071919,0,,6590,7.572525408e-13,0
2004092894081_Node0_Node8_Zero,2005.139062,2007.075803,0,,6517,7.572525408e-13,0
2004098359278_Node0_Node8_Zero,2005.141112,2007.081663,0,,6467,7.572525408e-13,0
2004103820113_Node0_Node8_Zero,2005.147254,2007.085667,0,,6415,7.572525408e-13,0
2004109284842_Node0_Node8_Zero,2005.14968,2007.091422,0,,6415,7.572525408e-13,0
2004114753334_Node0_Node8_Zero,2005.153645,2007.093352,0,,6331,7.572525408e-13,0
2004120217889_Node0_Node8_Zero,2005.15763,2007.097336,0,,6330,7.572525408e-13,0
2004125681872_Node0_Node8_Zero,2005.15952,2007.103195,0,,6330,7.572525408e-13,0
2004131142803_Node0_Node8_Zero,2005.225895,2007.107184,0,,6220,7.572525408e-13,0
2004136610145_Node0_Node8_Zero,2005.232066,2007.111069,0,,6218,7.572525408e-13,0
2004142073829_Node0_Node8_Zero,2005.233949,2007.115053,0,,6218,7.572525408e-13,0
2004147539589_Node0_Node8_Zero,2005.235959,2007.118918,0,,6218,7.572525408e-13,0
2004158466342_Node0_Node8_Zero,2005.415591,2007.12272,0,,5743,7.572525408e-13,0
2004163926064_Node0_Node8_Zero,2005.425895,2007.126645,0,,5736,7.572525408e-13,0
2004169391534_Node0_Node8_Zero,2005.434143,2007.134616,0,,5740,7.572525408e-13,0
2004174860118_Node0_Node8_Zero,2005.436255,2007.169922,0,,5710,7.572525408e-13,0
2004180325275_Node0_Node8_Zero,2005.438225,2007.184152,0,,5712,7.572525408e-13,0
2004185788461_Node0_Node8_Zero,2005.44211,2007.186044,0,,5710,7.572525408e-13,0
2004191256459_Node0_Node8_Zero,2005.44404,2007.187994,0,,5710,7.572525408e-13,0
2004196717475_Node0_Node8_Zero,2005.44619,2007.19432,0,,5704,7.572525408e-13,0
2004202181919_Node0_Node8_Zero,2005.456146,2007.196253,0,,5700,7.572525408e-13,0
2004207647917_Node0_Node8_Zero,2005.460045,2007.205011,0,,5706,7.572525408e-13,0
2004213114068_Node0_Node8_Zero,2005.46409,2007.212443,0,,5709,7.572525408e-13,0
2004218577870_Node0_Node8_Zero,2005.467935,2007.222294,0,,5713,7.572525408e-13,0
2004224038985_Node0_Node8_Zero,2005.470065,2007.224364,0,,5713,7.572525408e-13,0
2004229501529_Node0_Node8_Zero,2005.472055,2007.226434,0,,5713,7.572525408e-13,0
2004234964854_Node0_Node8_Zero,2005.475904,2007.230483,0,,5713,7.572525408e-13,0
2004240430574_Node0_Node8_Zero,2005.477774,2007.232353,0,,5713,7.572525408e-13,0
2004245894207_Node0_Node8_Zero,2005.481844,2007.246285,0,,5725,7.572525408e-13,0
2004251358719_Node0_Node8_Zero,2005.485873,2007.250268,0,,5725,7.572525408e-13,0
2004256826052_Node0_Node8_Zero,2005.493658,2007.254253,0,,5725,7.572525408e-13,0
2004262286447_Node0_Node8_Zero,2005.505271,2007.260079,0,,5733,7.572525408e-13,0
2004267751185_Node0_Node8_Zero,2005.507181,2007.272059,0,,5737,7.572525408e-13,0
2004273215264_Node0_Node8_Zero,2005.511101,2007.274028,0,,5736,7.572525408e-13,0
2004278676708_Node0_Node8_Zero,2005.512971,2007.275958,0,,5736,7.572525408e-13,0
2004284141080_Node0_Node8_Zero,2005.515041,2007.279847,0,,5736,7.572525408e-13,0
2004289607669_Node0_Node8_Zero,2005.517111,2007.28565,0,,5737,7.572525408e-13,0
2004295070099_Node0_Node8_Zero,2005.519061,2007.303374,0,,5741,7.572525408e-13,0
2004300530833_Node0_Node8_Zero,2005.533867,2007.307371,0,,5444,7.572525408e-13,0
2004305991987_Node0_Node8_Zero,2005.613328,2007.31329,0,,4728,7.572525408e-13,0
2004311454286_Node0_Node8_Zero,2005.615247,2007.31526,0,,4728,7.572525408e-13,0
2004316920842_Node0_Node8_Zero,2005.617157,2007.319164,0,,4724,7.572525408e-13,0
2004322384466_Node0_Node8_Zero,2005.619087,2007.321134,0,,4724,7.572525408e-13,0
2004327851276_Node0_Node8_Zero,2005.620997,2007.323044,0,,4724,7.572525408e-13,0
2004333320006_Node0_Node8_Zero,2005.625068,2007.324934,0,,4721,7.572525408e-13,0
2004338788194_Node0_Node8_Zero,2005.628856,2007.330713,0,,4723,7.572525408e-13,0
2004344256539_Node0_Node8_Zero,2005.630986,2007.332603,0,,4723,7.572525408e-13,0
2004349722658_Node0_Node8_Zero,2005.632856,2007.338401,0,,4725,7.572525408e-13,0
2004355189511_Node0_Node8_Zero,2005.637851,2007.340291,0,,4685,7.572525408e-13,0
2004360658179_Node0_Node8_Zero,2005.639881,2007.344923,0,,4685,7.572525408e-13,0
2004366119538_Node0_Node8_Zero,2005.643726,2007.350623,0,,4690,7.572525408e-13,0
2004371583554_Node0_Node8_Zero,2005.651951,2007.354532,0,,4598,7.572525408e-13,0
2004377044783_Node0_Node8_Zero,2005.653841,2007.356402,0,,4598,7.572525408e-13,0
2004382505527_Node0_Node8_Zero,2005.706204,2007.384123,0,,4341,7.572525408e-13,0
2004398905859_Node0_Node8_Zero,2005.958906,2007.386138,0,,4007,7.572525408e-13,0
2004404374311_Node0_Node8_Zero,2005.999169,2007.388108,0,,3996,7.572525408e-13,0
2004409842830_Node0_Node8_Zero,2006.001059,2007.392077,0,,3996,7.572525408e-13,0
2004415311867_Node0_Node8_Zero,2006.005108,2007.41374,0,,3940,7.572525408e-13,0
2004420780243_Node0_Node8_Zero,2006.007366,2007.415697,0,,3939,7.572525408e-13,0
2004426241194_Node0_Node8_Zero,2006.077732,2007.419506,0,,3810,7.572525408e-13,0
2004431701242_Node0_Node8_Zero,2006.079647,2007.423355,0,,3810,7.572525408e-13,0
2004437167584_Node0_Node8_Zero,2006.087683,2007.471815,0,,3818,7.572525408e-13,0
2004442628209_Node0_Node8_Zero,2006.091722,2007.473993,0,,3740,7.572525408e-13,0
2004448097582_Node0_Node8_Zero,2006.093632,2007.476023,0,,3740,7.572525408e-13,0
2004453561675_Node0_Node8_Zero,2006.097774,2007.477893,0,,3657,7.572525408e-13,0
2004459022669_Node0_Node8_Zero,2006.101679,2007.480063,0,,3656,7.572525408e-13,0
2004464486118_Node0_Node8_Zero,2006.105607,2007.482093,0,,3656,7.572525408e-13,0
2004469955500_Node0_Node8_Zero,2006.109737,2007.484023,0,,3656,7.572525408e-13,0
2004475420100_Node0_Node8_Zero,2006.111667,2007.485893,0,,3568,7.572525408e-13,0
2004480889573_Node0_Node8_Zero,2006.117772,2007.489762,0,,3565,7.572525408e-13,0
2004486357839_Node0_Node8_Zero,2006.121778,2007.491852,0,,3564,7.572525408e-13,0
2004491821002_Node0_Node8_Zero,2006.12963,2007.493762,0,,3564,7.572525408e-13,0
2004497290199_Node0_Node8_Zero,2006.133702,2007.495772,0,,3564,7.572525408e-13,0
2004502758517_Node0_Node8_Zero,2006.137553,2007.497782,0,,3564,7.572525408e-13,0
2004508227630_Node0_Node8_Zero,2006.141544,2007.505542,0,,3570,7.572525408e-13,0
2004513693314_Node0_Node8_Zero,2006.151574,2007.519457,0,,3569,7.572525408e-13,0
2004519155082_Node0_Node8_Zero,2006.153444,2007.521536,0,,3569,7.572525408e-13,0
2004524617165_Node0_Node8_Zero,2006.155334,2007.523706,0,,3568,7.572525408e-13,0
2004530078573_Node0_Node8_Zero,2006.15745,2007.525756,0,,3567,7.572525408e-13,0
2004535544891_Node0_Node8_Zero,2006.1634,2007.529605,0,,3561,7.572525408e-13,0
2004541011834_Node0_Node8_Zero,2006.170848,2007.533513,0,,3485,7.572525408e-13,0
2004546475818_Node0_Node8_Zero,2006.17283,2007.550926,0,,3402,7.572525408e-13,0
2004551945116_Node0_Node8_Zero,2006.17482,2007.552952,0,,3319,7.572525408e-13,0
2004557413517_Node0_Node8_Zero,2006.17695,2007.555082,0,,3318,7.572525408e-13,0
2004562880644_Node0_Node8_Zero,2006.236754,2007.56539,0,,3306,7.572525408e-13,0
2004568346493_Node0_Node8_Zero,2006.241027,2007.571123,0,,3304,7.572525408e-13,0
2004573809808_Node0_Node8_Zero,2006.242906,2007.573033,0,,3215,7.572525408e-13,0
2004579275163_Node0_Node8_Zero,2006.249634,2007.574903,0,,3111,7.572525408e-13,0
2004584737076_Node0_Node8_Zero,2006.251566,2007.578811,0,,3080,7.572525408e-13,0
2004590198261_Node0_Node8_Zero,2006.253556,2007.580741,0,,3080,7.572525408e-13,0
2004595665881_Node0_Node8_Zero,2006.255466,2007.588846,0,,3049,7.572525408e-13,0
2004601132142_Node0_Node8_Zero,2006.257476,2007.611777,0,,3054,7.572525408e-13,0
2004606596882_Node0_Node8_Zero,2006.259526,2007.617478,0,,3054,7.572525408e-13,0
2004612064353_Node0_Node8_Zero,2006.261576,2007.619388,0,,3054,7.572525408e-13,0
2004617529576_Node0_Node8_Zero,2006.263566,2007.625307,0,,3054,7.572525408e-13,0
2004622992153_Node0_Node8_Zero,2006.265456,2007.629212,0,,3054,7.572525408e-13,0
2004628454761_Node0_Node8_Zero,2006.269568,2007.631162,0,,3053,7.572525408e-13,0
2004633923746_Node0_Node8_Zero,2006.271518,2007.637001,0,,2999,7.572525408e-13,0
2004639393012_Node0_Node8_Zero,2006.277297,2007.640886,0,,2997,7.572525408e-13,0
2004644857512_Node0_Node8_Zero,2006.285072,2007.646685,0,,2995,7.572525408e-13,0
2004650320697_Node0_Node8_Zero,2006.290952,2007.652444,0,,2994,7.572525408e-13,0
2004655781031_Node0_Node8_Zero,2006.294776,2007.662089,0,,2993,7.572525408e-13,0
2004661240854_Node0_Node8_Zero,2006.298621,2007.666013,0,,2907,7.572525408e-13,0
2004666710021_Node0_Node8_Zero,2006.300691,2007.667923,0,,2874,7.572525408e-13,0
2004672173213_Node0_Node8_Zero,2006.302741,2007.677528,0,,2874,7.572525408e-13,0
2004677633551_Node0_Node8_Zero,2006.304731,2007.683367,0,,2874,7.572525408e-13,0
2004683095229_Node0_Node8_Zero,2006.316241,2007.687232,0,,2868,7.572525408e-13,0
2004688560452_Node0_Node8_Zero,2006.31811,2007.689102,0,,2846,7.572525408e-13,0
2004694020512_Node0_Node8_Zero,2006.323875,2007.691072,0,,2790,7.572525408e-13,0
2004699489951_Node0_Node8_Zero,2006.325745,2007.6949,0,,2794,7.572525408e-13,0
2004704954180_Node0_Node8_Zero,2006.332811,2007.705101,0,,2656,7.572525408e-13,0
2004710417517_Node0_Node8_Zero,2006.337313,2007.707239,0,,2656,7.572525408e-13,0
2004715880160_Node0_Node8_Zero,2006.343276,2007.709109,0,,2656,7.572525408e-13,0
2004721347206_Node0_Node8_Zero,2006.386512,2007.711079,0,,2624,7.572525408e-13,0
2004726811779_Node0_Node8_Zero,2006.388495,2007.713029,0,,2593,7.572525408e-13,0
2004732278506_Node0_Node8_Zero,2006.39236,2007.725428,0,,2672,7.572525408e-13,0
2004737739645_Node0_Node8_Zero,2006.39439,2007.727432,0,,2672,7.572525408e-13,0
2004743201975_Node0_Node8_Zero,2006.398355,2007.729402,0,,2671,7.572525408e-13,0
2004748669875_Node0_Node8_Zero,2006.400245,2007.731532,0,,2671,7.572525408e-13,0
2004754137430_Node0_Node8_Zero,2006.406164,2007.737612,0,,2670,7.572525408e-13,0
2004759600163_Node0_Node8_Zero,2006.408054,2007.739572,0,,2670,7.572525408e-13,0
2004765065752_Node0_Node8_Zero,2006.409924,2007.755468,0,,2670,7.572525408e-13,0
2004770531239_Node0_Node8_Zero,2006.415844,2007.757372,0,,2669,7.572525408e-13,0
2004775998706_Node0_Node8_Zero,2006.417974,2007.759482,0,,2669,7.572525408e-13,0
2004781465893_Node0_Node8_Zero,2006.421818,2007.761392,0,,2667,7.572525408e-13,0
2004786931937_Node0_Node8_Zero,2006.423768,2007.763362,0,,2667,7.572525408e-13,0
2004792399020_Node0_Node8_Zero,2006.425698,2007.765232,0,,2667,7.572525408e-13,0
2004797860095_Node0_Node8_Zero,2006.427568,2007.769061,0,,2669,7.572525408e-13,0
2004803319904_Node0_Node8_Zero,2006.433562,2007.770951,0,,2603,7.572525408e-13,0
2004808785854_Node0_Node8_Zero,2006.435432,2007.796194,0,,2703,7.572525408e-13,0
2004814245361_Node0_Node8_Zero,2006.437362,2007.798095,0,,2703,7.572525408e-13,0
2004819712740_Node0_Node8_Zero,2006.441207,2007.800085,0,,2629,7.572525408e-13,0
2004825172890_Node0_Node8_Zero,2006.443237,2007.802255,0,,2629,7.572525408e-13,0
2004830637455_Node0_Node8_Zero,2006.447102,2007.804305,0,,2628,7.572525408e-13,0
2004836103398_Node0_Node8_Zero,2006.460098,2007.806255,0,,2623,7.572525408e-13,0
2004841567192_Node0_Node8_Zero,2006.462037,2007.808145,0,,2623,7.572525408e-13,0
2004847031387_Node0_Node8_Zero,2006.465902,2007.810255,0,,2622,7.572525408e-13,0
2004852493558_Node0_Node8_Zero,2006.467932,2007.812365,0,,2622,7.572525408e-13,0
2004857956753_Node0_Node8_Zero,2006.471856,2007.814395,0,,2621,7.572525408e-13,0
2004863416406_Node0_Node8_Zero,2006.474006,2007.816465,0,,2621,7.572525408e-13,0
2004868877146_Node0_Node8_Zero,2006.475916,2007.818435,0,,2621,7.572525408e-13,0
2004874343224_Node0_Node8_Zero,2006.477826,2007.820505,0,,2621,7.572525408e-13,0
2004879808302_Node0_Node8_Zero,2006.481871,2007.822455,0,,2619,7.572525408e-13,0
2004890738750_Node0_Node8_Zero,2006.491826,2007.824385,0,,2617,7.572525408e-13,0
2004896208156_Node0_Node8_Zero,2006.495757,2007.826295,0,,2616,7.572525408e-13,0
2004901676079_Node0_Node8_Zero,2006.497727,2007.828205,0,,2616,7.572525408e-13,0
2004907145137_Node0_Node8_Zero,2006.499677,2007.830115,0,,2616,7.572525408e-13,0
2004912606338_Node0_Node8_Zero,2006.505974,2007.832105,0,,2615,7.572525408e-13,0
2004918067017_Node0_Node8_Zero,2006.507977,2007.834215,0,,2615,7.572525408e-13,0
2004923535905_Node0_Node8_Zero,2006.510027,2007.836325,0,,2615,7.572525408e-13,0
2004929004145_Node0_Node8_Zero,2006.513972,2007.838375,0,,2614,7.572525408e-13,0
2004934467103_Node0_Node8_Zero,2006.515922,2007.840445,0,,2526,7.572525408e-13,0
2004939933993_Node0_Node8_Zero,2006.519926,2007.842555,0,,2441,7.572525408e-13,0
2004945395033_Node0_Node8_Zero,2006.521796,2007.844705,0,,2354,7.572525408e-13,0
2004950859959_Node0_Node8_Zero,2006.525802,2007.846835,0,,2352,7.572525408e-13,0
2004956327180_Node0_Node8_Zero,2006.529563,2007.848905,0,,2350,7.572525408e-13,0
2004961790089_Node0_Node8_Zero,2006.531582,2007.850975,0,,2350,7.572525408e-13,0
2004967253785_Node0_Node8_Zero,2006.535447,2007.853065,0,,2349,7.572525408e-13,0
2004972716527_Node0_Node8_Zero,2006.537557,2007.855055,0,,2349,7.572525408e-13,0
2004978179241_Node0_Node8_Zero,2006.541442,2007.857225,0,,2348,7.572525408e-13,0
2004983639607_Node0_Node8_Zero,2006.543332,2007.859335,0,,2348,7.572525408e-13,0
2004989107741_Node0_Node8_Zero,2006.545442,2007.861445,0,,2348,7.572525408e-13,0
2004994567758_Node0_Node8_Zero,2006.551162,2007.86922,0,,2347,7.572525408e-13,0
2005000034391_Node0_Node8_Zero,2006.55703,2007.875139,0,,2347,7.572525408e-13,0
2005005501054_Node0_Node8_Zero,2006.564927,2007.879184,0,,2345,7.572525408e-13,0
2005010965248_Node0_Node8_Zero,2006.568751,2007.883048,0,,2345,7.572525408e-13,0
2005016428170_Node0_Node8_Zero,2006.570701,2007.886833,0,,2345,7.572525408e-13,0
2005021892723_Node0_Node8_Zero,2006.572591,2007.888843,0,,2345,7.572525408e-13,0
2005027357602_Node0_Node8_Zero,2006.574541,2007.890813,0,,2345,7.572525408e-13,0
2005032824543_Node0_Node8_Zero,2006.580316,2007.894657,0,,2343,7.572525408e-13,0
2005038286735_Node0_Node8_Zero,2006.582186,2007.898501,0,,2343,7.572525408e-13,0
2005043755972_Node0_Node8_Zero,2006.584256,2007.900411,0,,2343,7.572525408e-13,0
2005049220171_Node0_Node8_Zero,2006.58814,2007.904436,0,,2343,7.572525408e-13,0
2005054679748_Node0_Node8_Zero,2006.59396,2007.906426,0,,2340,7.572525408e-13,0
2005060144884_Node0_Node8_Zero,2006.597965,2007.956115,0,,2365,7.572525408e-13,0
2005065609697_Node0_Node8_Zero,2006.599855,2008.007244,0,,2411,7.572525408e-13,0
2005071069665_Node0_Node8_Zero,2006.601845,2008.009111,0,,2398,7.572525408e-13,0
2005076531008_Node0_Node8_Zero,2006.613837,2008.011001,0,,2223,7.572525408e-13,0
2005082000342_Node0_Node8_Zero,2006.619725,2008.017272,0,,2226,7.572525408e-13,0
2005087468976_Node0_Node8_Zero,2006.623874,2008.087915,0,,2278,7.572525408e-13,0
2005092937352_Node0_Node8_Zero,2006.639311,2008.091826,0,,2093,7.572525408e-13,0
2005098397386_Node0_Node8_Zero,2006.641329,2008.093776,0,,2016,7.572525408e-13,0
2005103857236_Node0_Node8_Zero,2006.643279,2008.103713,0,,2020,7.572525408e-13,0
2005109317496_Node0_Node8_Zero,2006.647791,2008.105665,0,,1854,7.572525408e-13,0
2005114780552_Node0_Node8_Zero,2006.649879,2008.109483,0,,1780,7.572525408e-13,0
2005120244604_Node0_Node8_Zero,2006.651929,2008.111473,0,,1702,7.572525408e-13,0
2005125711424_Node0_Node8_Zero,2006.654099,2008.117339,0,,1627,7.572525408e-13,0
2005131176467_Node0_Node8_Zero,2006.656089,2008.128142,0,,1554,7.572525408e-13,0
2005136642663_Node0_Node8_Zero,2006.658199,2008.130015,0,,1469,7.572525408e-13,0
2005142107258_Node0_Node8_Zero,2006.660369,2008.131905,0,,1385,7.572525408e-13,0
2005147570137_Node0_Node8_Zero,2006.662439,2008.148356,0,,1312,7.572525408e-13,0
2005153038570_Node0_Node8_Zero,2006.664676,2008.150299,0,,1235,7.572525408e-13,0
2005158506826_Node0_Node8_Zero,2006.666566,2008.152229,0,,1159,7.572525408e-13,0
2005163973252_Node0_Node8_Zero,2006.668716,2008.154139,0,,1084,7.572525408e-13,0
2005169436872_Node0_Node8_Zero,2006.670846,2008.158128,0,,1057,7.572525408e-13,0
2005174899159_Node0_Node8_Zero,2006.672756,2008.159998,0,,1057,7.572525408e-13,0
2005180368571_Node0_Node8_Zero,2006.674626,2008.167814,0,,1059,7.572525408e-13,0
2005185834244_Node0_Node8_Zero,2006.676576,2008.225102,0,,1075,7.572525408e-13,0
2005191297043_Node0_Node8_Zero,2006.678646,2008.196721,1,Expiry,1068,1.3146745500000003e-13,nan
2005196758902_Node0_Node8_Zero,2006.680736,2008.227093,0,,1075,7.572525408e-13,0
2005202226314_Node0_Node8_Zero,2006.682786,2008.229163,0,,1075,7.572525408e-13,0
2005207691160_Node0_Node8_Zero,2006.684776,2008.231133,0,,1075,7.572525408e-13,0
2005213159031_Node0_Node8_Zero,2006.686666,2008.233183,0,,1075,7.572525408e-13,0
2005218622102_Node0_Node8_Zero,2006.688676,2008.235093,0,,1075,7.572525408e-13,0
2005224087251_Node0_Node8_Zero,2006.690626,2008.237243,0,,1075,7.572525408e-13,0
2005229550891_Node0_Node8_Zero,2006.692796,2008.239133,0,,1075,7.572525408e-13,0
2005235017494_Node0_Node8_Zero,2006.694686,2008.241183,0,,1075,7.572525408e-13,0
2005240483476_Node0_Node8_Zero,2006.696756,2008.243353,0,,1075,7.572525408e-13,0
2005245947526_Node0_Node8_Zero,2006.698646,2008.245223,0,,1075,7.572525408e-13,0
2005251411177_Node0_Node8_Zero,2006.700596,2008.249232,0,,1075,7.572525408e-13,0
2005256871981_Node0_Node8_Zero,2006.702566,2008.2533,0,,1075,7.572525408e-13,0
2005262332702_Node0_Node8_Zero,2006.704496,2008.263759,0,,1134,7.572525408e-13,0
2005267794090_Node0_Node8_Zero,2006.706626,2008.267654,0,,1134,7.572525408e-13,0
2005278721235_Node0_Node8_Zero,2006.708736,2008.273496,0,,1142,7.572525408e-13,0
2005284187519_Node0_Node8_Zero,2006.710866,2008.275406,0,,1142,7.572525408e-13,0
2005289648307_Node0_Node8_Zero,2006.712796,2008.277276,0,,1142,7.572525408e-13,0
2005295109950_Node0_Node8_Zero,2006.714746,2008.28713,0,,1236,7.572525408e-13,0
2005300573084_Node0_Node8_Zero,2006.716636,2008.293045,0,,1239,7.572525408e-13,0
2005306035695_Node0_Node8_Zero,2006.718506,2008.295095,0,,1239,7.572525408e-13,0
2005311499229_Node0_Node8_Zero,2006.720496,2008.297005,0,,1239,7.572525408e-13,0
2005316966273_Node0_Node8_Zero,2006.722386,2008.298955,0,,1239,7.572525408e-13,0
2005322432965_Node0_Node8_Zero,2006.724316,2008.304801,0,,1241,7.572525408e-13,0
2005327900821_Node0_Node8_Zero,2006.726366,2008.310627,0,,1243,7.572525408e-13,0
2005333361732_Node0_Node8_Zero,2006.728516,2008.339993,0,,1249,7.572525408e-13,0
2005338828258_Node0_Node8_Zero,2006.732406,2008.342167,0,,1249,7.572525408e-13,0
2005344287871_Node0_Node8_Zero,2006.739727,2008.344197,0,,1243,7.572525408e-13,0
2005349752848_Node0_Node8_Zero,2006.745499,2008.349261,0,,1171,7.572525408e-13,0
2005355213281_Node0_Node8_Zero,2006.747376,2008.355357,0,,1118,7.572525408e-13,0
2005360673037_Node0_Node8_Zero,2006.749426,2008.357347,0,,1118,7.572525408e-13,0
2005366136034_Node0_Node8_Zero,2006.751356,2008.359357,0,,1118,7.572525408e-13,0
2005371599679_Node0_Node8_Zero,2006.753266,2008.367724,0,,1122,7.572525408e-13,0
2005377059566_Node0_Node8_Zero,2006.761061,2008.369737,0,,1120,7.572525408e-13,0
2005382522382_Node0_Node8_Zero,2006.765065,2008.384633,0,,1125,7.572525408e-13,0
2005387983677_Node0_Node8_Zero,2006.766935,2008.386742,0,,1125,7.572525408e-13,0
2005393451671_Node0_Node8_Zero,2006.768845,2008.388872,0,,1125,7.572525408e-13,0
2005398914547_Node0_Node8_Zero,2006.770735,2008.401294,0,,1128,7.572525408e-13,0
2005404376716_Node0_Node8_Zero,2006.77466,2008.40318,0,,1127,7.572525408e-13,0
2005409845960_Node0_Node8_Zero,2006.77667,2008.408521,0,,1128,7.572525408e-13,0
2005415308557_Node0_Node8_Zero,2006.780674,2008.410631,0,,1127,7.572525408e-13,0
2005420772229_Node0_Node8_Zero,2006.782664,2008.414579,0,,1127,7.572525408e-13,0
2005426232935_Node0_Node8_Zero,2006.786489,2008.418528,0,,1127,7.572525408e-13,0
2005431702014_Node0_Node8_Zero,2006.788619,2008.431163,0,,1172,7.572525408e-13,0
2005437167531_Node0_Node8_Zero,2006.792503,2008.433156,0,,1172,7.572525408e-13,0
2005442632766_Node0_Node8_Zero,2006.796547,2008.438992,0,,1179,7.572525408e-13,0
2005448094907_Node0_Node8_Zero,2006.798497,2008.451067,0,,1184,7.572525408e-13,0
2005453554417_Node0_Node8_Zero,2006.804357,2008.452951,0,,1183,7.572525408e-13,0
2005459015908_Node0_Node8_Zero,2006.810136,2008.456977,0,,1184,7.572525408e-13,0
2005469945248_Node0_Node8_Zero,2006.812126,2008.464977,0,,1187,7.572525408e-13,0
2005475406493_Node0_Node8_Zero,2006.816031,2008.468886,0,,1188,7.572525408e-13,0
2005480873744_Node0_Node8_Zero,2006.819995,2008.470796,0,,1188,7.572525408e-13,0
2005486334360_Node0_Node8_Zero,2006.825835,2008.496158,0,,1197,7.572525408e-13,0
2005491795233_Node0_Node8_Zero,2006.827825,2008.498136,0,,1197,7.572525408e-13,0
2005497255145_Node0_Node8_Zero,2006.831849,2008.50206,0,,1196,7.572525408e-13,0
2005502715126_Node0_Node8_Zero,2006.833799,2008.506045,0,,1196,7.572525408e-13,0
2005508184086_Node0_Node8_Zero,2006.835749,2008.510029,0,,1196,7.572525408e-13,0
2005513652143_Node0_Node8_Zero,2006.839773,2008.512119,0,,1195,7.572525408e-13,0
2005519111966_Node0_Node8_Zero,2006.841783,2008.518062,0,,1201,7.572525408e-13,0
2005524573138_Node0_Node8_Zero,2006.843773,2008.522131,0,,1203,7.572525408e-13,0
2005530033951_Node0_Node8_Zero,2006.857219,2008.529615,0,,1201,7.572525408e-13,0
2005535499214_Node0_Node8_Zero,2006.861028,2008.535377,0,,1203,7.572525408e-13,0
2005540958997_Node0_Node8_Zero,2006.865056,2008.537247,0,,1203,7.572525408e-13,0
2005546418525_Node0_Node8_Zero,2006.868924,2008.546014,0,,1213,7.572525408e-13,0
2005551881540_Node0_Node8_Zero,2006.874851,2008.552797,0,,1215,7.572525408e-13,0
2005557345498_Node0_Node8_Zero,2006.878839,2008.554787,0,,1215,7.572525408e-13,0
2005562807222_Node0_Node8_Zero,2006.880709,2008.556737,0,,1215,7.572525408e-13,0
2005568274458_Node0_Node8_Zero,2006.975337,2008.560566,0,,1198,7.572525408e-13,0
2005573743865_Node0_Node8_Zero,2006.977439,2008.577408,0,,1286,7.572525408e-13,0
2005579205327_Node0_Node8_Zero,2006.979509,2008.581299,0,,1286,7.572525408e-13,0
2005584671145_Node0_Node8_Zero,2006.981379,2008.583189,0,,1286,7.572525408e-13,0
2005590137416_Node0_Node8_Zero,2006.983549,2008.585159,0,,1286,7.572525408e-13,0
2005595601596_Node0_Node8_Zero,2006.985659,2008.609582,0,,1294,7.572525408e-13,0
2005601069486_Node0_Node8_Zero,2006.987629,2008.61349,0,,1294,7.572525408e-13,0
2005606535676_Node0_Node8_Zero,2006.989779,2008.621283,0,,1295,7.572525408e-13,0
2005611996040_Node0_Node8_Zero,2006.991709,2008.629012,0,,1295,7.572525408e-13,0
2005617463746_Node0_Node8_Zero,2006.993599,2008.630922,0,,1295,7.572525408e-13,0
2005622923948_Node0_Node8_Zero,2006.995529,2008.632832,0,,1295,7.572525408e-13,0
2005628392421_Node0_Node8_Zero,2006.997479,2008.636677,0,,1295,7.572525408e-13,0
2005633854209_Node0_Node8_Zero,2006.999389,2008.63388,1,Expiry,1295,5.258698200000001e-13,nan
2005639320533_Node0_Node8_Zero,2007.001379,2008.638607,0,,1295,7.572525408e-13,0
2005644788251_Node0_Node8_Zero,2007.003249,2008.640517,0,,1295,7.572525408e-13,0
2005650255316_Node0_Node8_Zero,2007.005319,2008.642447,0,,1295,7.572525408e-13,0
2005655715009_Node0_Node8_Zero,2007.007269,2008.650241,0,,1305,7.572525408e-13,0
2005661174965_Node0_Node8_Zero,2007.013002,2008.656087,0,,1309,7.572525408e-13,0
2005666641804_Node0_Node8_Zero,2007.016921,2008.682166,0,,1309,7.572525408e-13,0
2005672106029_Node0_Node8_Zero,2007.020889,2008.686021,0,,1309,7.572525408e-13,0
2005677572550_Node0_Node8_Zero,2007.028698,2008.688091,0,,1309,7.572525408e-13,0
2005683036802_Node0_Node8_Zero,2007.034484,2008.69383,0,,1309,7.572525408e-13,0
2005693959229_Node0_Node8_Zero,2007.073848,2008.699745,0,,1294,7.572525408e-13,0
2005699423293_Node0_Node8_Zero,2007.077801,2008.705604,0,,1294,7.572525408e-13,0
2005704884797_Node0_Node8_Zero,2007.079691,2008.707554,0,,1294,7.572525408e-13,0
2005710352989_Node0_Node8_Zero,2007.08362,2008.71157,1,Expiry,1295,0,nan
2005715816586_Node0_Node8_Zero,2007.087608,2008.723028,0,,1295,7.572525408e-13,0
2005721279693_Node0_Node8_Zero,2007.089478,2008.726912,0,,1295,7.572525408e-13,0
2005726739757_Node0_Node8_Zero,2007.095365,2008.732792,0,,1295,7.572525408e-13,0
2005732202702_Node0_Node8_Zero,2007.099213,2008.734702,0,,1295,7.572525408e-13,0
2005737670274_Node0_Node8_Zero,2007.101143,2008.736572,0,,1295,7.572525408e-13,0
2005743135079_Node0_Node8_Zero,2007.105164,2008.742374,0,,1301,7.572525408e-13,0
2005748600037_Node0_Node8_Zero,2007.109093,2008.746403,0,,1303,7.572525408e-13,0
2005754063779_Node0_Node8_Zero,2007.113001,2008.748353,0,,1303,7.572525408e-13,0
2005759524240_Node0_Node8_Zero,2007.116989,2008.757654,0,,1388,7.572525408e-13,0
2005764992790_Node0_Node8_Zero,2007.124636,2008.761616,0,,1387,7.572525408e-13,0
2005770460717_Node0_Node8_Zero,2007.132693,2008.763486,0,,1383,7.572525408e-13,0
2005775923030_Node0_Node8_Zero,2007.182139,2008.769273,0,,1341,7.572525408e-13,0
2005781387653_Node0_Node8_Zero,2007.240179,2008.771203,0,,1320,7.572525408e-13,0
2005786850265_Node0_Node8_Zero,2007.242087,2008.787909,0,,1312,7.572525408e-13,0
2005792319360_Node0_Node8_Zero,2007.244217,2008.789823,0,,1312,7.572525408e-13,0
2005797781559_Node0_Node8_Zero,2007.248185,2008.801479,0,,1313,7.572525408e-13,0
2005803242420_Node0_Node8_Zero,2007.252254,2008.805852,0,,1313,7.572525408e-13,0
2005808706808_Node0_Node8_Zero,2007.293535,2008.807791,0,,1297,7.572525408e-13,0
2005814171729_Node0_Node8_Zero,2007.295452,2008.81176,0,,1297,7.572525408e-13,0
2005819638076_Node0_Node8_Zero,2007.297362,2008.81377,0,,1297,7.572525408e-13,0
2005830568161_Node0_Node8_Zero,2007.299392,2008.81572,0,,1297,7.572525408e-13,0
2005836037350_Node0_Node8_Zero,2007.305254,2008.821518,0,,1296,7.572525408e-13,0
2005841499153_Node0_Node8_Zero,2007.309303,2008.83956,0,,1390,7.572525408e-13,0
2005846967299_Node0_Node8_Zero,2007.311333,2008.841558,0,,1390,7.572525408e-13,0
2005852435009_Node0_Node8_Zero,2007.317199,2008.845442,0,,1390,7.572525408e-13,0
2005857903340_Node0_Node8_Zero,2007.34289,2008.847332,0,,1380,7.572525408e-13,0
2005863370610_Node0_Node8_Zero,2007.346801,2008.851141,0,,1386,7.572525408e-13,0
2005874301506_Node0_Node8_Zero,2007.559542,2008.8857,0,,1240,7.572525408e-13,0
2005879769371_Node0_Node8_Zero,2007.561472,2008.887661,0,,1239,7.572525408e-13,0
2005885231015_Node0_Node8_Zero,2007.569162,2008.889531,0,,1237,7.572525408e-13,0
2005890699530_Node0_Node8_Zero,2007.600153,2008.891481,0,,1223,7.572525408e-13,0
2005896165672_Node0_Node8_Zero,2007.602109,2008.895486,0,,1223,7.572525408e-13,0
2005901629942_Node0_Node8_Zero,2007.609738,2008.89945,0,,1222,7.572525408e-13,0
2005907094513_Node0_Node8_Zero,2007.615481,2008.903319,0,,1229,7.572525408e-13,0
2005912563202_Node0_Node8_Zero,2007.621447,2008.905269,0,,1229,7.572525408e-13,0
2005923492601_Node0_Node8_Zero,2007.623357,2008.920791,0,,1238,7.572525408e-13,0
2005928961723_Node0_Node8_Zero,2007.627285,2008.927647,0,,1240,7.572525408e-13,0
2005934424001_Node0_Node8_Zero,2007.633052,2008.931702,0,,1242,7.572525408e-13,0
2005939886362_Node0_Node8_Zero,2007.635042,2008.933692,0,,1242,7.572525408e-13,0
2005945354167_Node0_Node8_Zero,2007.63887,2008.94167,0,,1246,8.195072331011814e-13,0
2005950815567_Node0_Node8_Zero,2007.642779,2008.943746,0,,1246,7.572525408e-13,0
2005956280615_Node0_Node8_Zero,2007.644729,2008.945636,0,,1246,7.572525408e-13,0
2005961747853_Node0_Node8_Zero,2007.648557,2008.949485,0,,1246,7.572525408e-13,0
2005967213578_Node0_Node8_Zero,2007.650447,2008.951415,0,,1246,7.572525408e-13,0
2005972674237_Node0_Node8_Zero,2007.654376,2008.953285,0,,1246,7.572525408e-13,0
2005978141961_Node0_Node8_Zero,2007.656246,2008.957213,0,,1248,7.572525408e-13,0
2005983602408_Node0_Node8_Zero,2007.658216,2008.959223,0,,1248,7.572525408e-13,0
2005989068322_Node0_Node8_Zero,2007.660126,2008.963152,0,,1248,7.572525408e-13,0
2005994531420_Node0_Node8_Zero,2007.664034,2009.014556,0,,1273,7.572525408e-13,0
2005999992587_Node0_Node8_Zero,2007.669881,2009.020186,0,,1274,7.572525408e-13,0
2006005461545_Node0_Node8_Zero,2007.671791,2009.016393,1,Expiry,1273,7.572525408e-13,nan
2006010922715_Node0_Node8_Zero,2007.673701,2009.016393,1,Expiry,1273,7.572525408e-13,nan
2006016386014_Node0_Node8_Zero,2007.675571,2009.016393,1,Expiry,1273,7.572525408e-13,nan
2006021851812_Node0_Node8_Zero,2007.6794,2009.022276,0,,1274,7.572525408e-13,0
2006027320105_Node0_Node8_Zero,2007.68139,2009.024246,0,,1274,7.572525408e-13,0
2006032780767_Node0_Node8_Zero,2007.685278,2009.028215,0,,1274,7.572525408e-13,0
2006038242046_Node0_Node8_Zero,2007.86332,2009.041011,0,,1081,7.572525408e-13,0
2006043708220_Node0_Node8_Zero,2007.865385,2009.043155,0,,1081,7.572525408e-13,0
2006049174503_Node0_Node8_Zero,2007.867275,2009.045065,0,,1081,7.572525408e-13,0
2006054642436_Node0_Node8_Zero,2007.871143,2009.046975,0,,1081,7.572525408e-13,0
2006060111645_Node0_Node8_Zero,2007.873153,2009.049025,0,,1081,7.572525408e-13,0
2006065579751_Node0_Node8_Zero,2007.877222,2009.054972,0,,1081,7.572525408e-13,0
2006071045317_Node0_Node8_Zero,2007.88105,2009.060918,0,,1083,7.572525408e-13,0
2006076504929_Node0_Node8_Zero,2007.884918,2009.138133,0,,1105,7.572525408e-13,0
2006081972715_Node0_Node8_Zero,2007.892703,2009.125683,1,Expiry,1102,1.3146745500000003e-13,nan
2006087432243_Node0_Node8_Zero,2007.896531,2009.125683,1,Expiry,1102,1.3146745500000003e-13,nan
2006092896092_Node0_Node8_Zero,2007.902498,2009.125683,1,Expiry,1102,1.3146745500000003e-13,nan
2006098362551_Node0_Node8_Zero,2007.908324,2009.125683,1,Expiry,1102,1.3146745500000003e-13,nan
2006103825825_Node0_Node8_Zero,2007.94598,2009.125683,1,Expiry,991,1.3146745500000003e-13,nan
2006109287740_Node0_Node8_Zero,2007.948004,2009.125683,1,Expiry,991,1.3146745500000003e-13,nan
2006114753626_Node0_Node8_Zero,2007.952007,2009.125683,1,Expiry,991,1.3146745500000003e-13,nan
2006120222248_Node0_Node8_Zero,2007.954192,2009.125683,1,Expiry,991,1.3146745500000003e-13,nan
2006125691180_Node0_Node8_Zero,2007.962566,2009.140018,0,,989,7.572525408e-13,0
2006131160041_Node0_Node8_Zero,2007.976735,2009.141988,0,,892,7.572525408e-13,0
2006136623044_Node0_Node8_Zero,2007.980647,2009.144158,0,,892,7.572525408e-13,0
2006142085957_Node0_Node8_Zero,2008.072239,2009.146308,0,,815,7.572525408e-13,0
2006147549216_Node0_Node8_Zero,2008.084098,2009.148478,0,,808,7.572525408e-13,0
2006153012373_Node0_Node8_Zero,2008.089906,2009.152346,0,,807,7.572525408e-13,0
2006158475244_Node0_Node8_Zero,2008.095682,2009.159014,0,,811,7.572525408e-13,0
2006163942730_Node0_Node8_Zero,2008.097572,2009.162938,0,,901,7.572525408e-13,0
2006169410499_Node0_Node8_Zero,2008.257686,2009.164808,0,,863,7.572525408e-13,0
2006174877817_Node0_Node8_Zero,2008.259838,2009.174347,0,,812,7.572525408e-13,0
2006180342757_Node0_Node8_Zero,2008.261748,2009.180019,0,,814,7.572525408e-13,0
2006185808012_Node0_Node8_Zero,2008.265736,2009.183944,0,,814,7.572525408e-13,0
2006191274237_Node0_Node8_Zero,2008.269565,2009.191434,0,,825,7.572525408e-13,0
2006196734380_Node0_Node8_Zero,2008.424953,2009.193544,0,,695,7.572525408e-13,0
2006202199819_Node0_Node8_Zero,2008.427171,2009.195614,0,,650,7.572525408e-13,0
2006207667471_Node0_Node8_Zero,2008.429161,2009.199642,0,,650,7.572525408e-13,0
2006213127321_Node0_Node8_Zero,2008.486422,2009.201552,0,,622,7.572525408e-13,0
2006218594517_Node0_Node8_Zero,2008.490333,2009.21424,0,,627,7.572525408e-13,0
2006224054516_Node0_Node8_Zero,2008.500024,2009.221429,0,,631,7.572525408e-13,0
2006229523895_Node0_Node8_Zero,2008.504033,2009.223339,0,,631,7.572525408e-13,0
2006234987040_Node0_Node8_Zero,2008.508101,2009.233043,0,,635,7.572525408e-13,0
2006240453581_Node0_Node8_Zero,2008.514067,2009.242286,0,,637,7.572525408e-13,0
2006245919747_Node0_Node8_Zero,2008.527561,2009.244251,0,,629,7.572525408e-13,0
2006251380031_Node0_Node8_Zero,2008.533436,2009.246121,0,,627,7.572525408e-13,0
2006256840896_Node0_Node8_Zero,2008.550835,2009.248031,0,,615,7.572525408e-13,0
2006262308775_Node0_Node8_Zero,2008.565278,2009.249941,0,,607,7.572525408e-13,0
2006267778013_Node0_Node8_Zero,2008.569163,2009.251951,0,,522,7.572525408e-13,0
2006273239703_Node0_Node8_Zero,2008.571259,2009.25982,0,,525,7.572525408e-13,0
2006278708079_Node0_Node8_Zero,2008.573289,2009.263708,0,,529,7.572525408e-13,0
2006284173341_Node0_Node8_Zero,2008.575399,2009.265618,0,,529,7.572525408e-13,0
2006289638732_Node0_Node8_Zero,2008.579367,2009.288643,0,,546,7.572525408e-13,0
2006295102832_Node0_Node8_Zero,2008.59355,2009.29074,0,,538,7.572525408e-13,0
2006300567473_Node0_Node8_Zero,2008.595513,2009.301039,0,,540,7.572525408e-13,0
2006306032650_Node0_Node8_Zero,2008.597483,2009.303193,0,,540,7.572525408e-13,0
2006311499191_Node0_Node8_Zero,2008.599573,2009.309716,0,,541,7.572525408e-13,0
2006316962160_Node0_Node8_Zero,2008.601683,2009.315058,0,,541,7.572525408e-13,0
2006322428863_Node0_Node8_Zero,2008.603593,2009.316968,0,,541,7.572525408e-13,0
2006327895926_Node0_Node8_Zero,2008.605463,2009.332259,0,,548,7.572525408e-13,0
2006333358247_Node0_Node8_Zero,2008.607633,2009.335987,0,,549,7.572525408e-13,0
2006338820664_Node0_Node8_Zero,2008.611462,2009.337997,0,,549,7.572525408e-13,0
2006344289444_Node0_Node8_Zero,2008.617285,2009.341966,0,,549,7.572525408e-13,0
2006349749936_Node0_Node8_Zero,2008.623168,2009.344036,0,,548,7.572525408e-13,0
2006355213626_Node0_Node8_Zero,2008.625038,2009.347984,0,,548,7.572525408e-13,0
2006360676608_Node0_Node8_Zero,2008.627088,2009.353891,0,,548,7.572525408e-13,0
2006366136459_Node0_Node8_Zero,2008.634733,2009.355902,0,,548,7.572525408e-13,0
2006371602880_Node0_Node8_Zero,2008.646209,2009.361704,0,,630,7.572525408e-13,0
2006377069914_Node0_Node8_Zero,2008.661855,2009.363614,0,,620,7.572525408e-13,0
2006382537868_Node0_Node8_Zero,2008.663755,2009.379561,0,,631,8.887199958e-13,0
2006387999244_Node0_Node8_Zero,2008.665865,2009.381477,0,,631,7.572525408e-13,0
2006393465517_Node0_Node8_Zero,2008.667895,2009.390286,0,,635,7.572525408e-13,0
2006398930802_Node0_Node8_Zero,2008.669845,2009.394217,0,,637,7.572525408e-13,0
2006404391324_Node0_Node8_Zero,2008.671775,2009.413343,0,,644,7.572525408e-13,0
2006409851106_Node0_Node8_Zero,2008.673905,2009.415517,0,,644,7.572525408e-13,0
2006415317127_Node0_Node8_Zero,2008.675955,2009.421405,0,,645,7.572525408e-13,0
2006420777043_Node0_Node8_Zero,2008.677925,2009.425363,0,,646,7.572525408e-13,0
2006426241724_Node0_Node8_Zero,2008.680095,2009.427493,0,,646,7.572525408e-13,0
2006431702546_Node0_Node8_Zero,2008.684103,2009.429643,0,,646,7.572525408e-13,0
2006437164131_Node0_Node8_Zero,2008.68997,2009.431533,0,,646,7.572525408e-13,0
2006442626686_Node0_Node8_Zero,2008.69186,2009.437652,0,,648,7.572525408e-13,0
2006448094285_Node0_Node8_Zero,2008.695788,2009.439562,0,,648,7.572525408e-13,0
2006453561905_Node0_Node8_Zero,2008.697658,2009.441472,0,,648,7.572525408e-13,0
2006459025051_Node0_Node8_Zero,2008.701627,2009.447281,0,,650,7.572525408e-13,0
2006464485193_Node0_Node8_Zero,2008.703657,2009.449272,0,,650,7.572525408e-13,0
2006469947006_Node0_Node8_Zero,2008.709463,2009.471227,0,,657,7.572525408e-13,0
2006475412023_Node0_Node8_Zero,2008.713382,2009.473206,0,,656,7.572525408e-13,0
2006480874141_Node0_Node8_Zero,2008.715332,2009.475336,0,,656,7.572525408e-13,0
2006486335217_Node0_Node8_Zero,2008.717242,2009.490749,0,,659,7.572525408e-13,0
2006491796630_Node0_Node8_Zero,2008.719112,2009.492825,0,,659,7.572525408e-13,0
2006497260078_Node0_Node8_Zero,2008.721042,2009.494935,0,,659,7.572525408e-13,0
2006502724663_Node0_Node8_Zero,2008.72495,2009.501372,0,,661,7.572525408e-13,0
2006508193403_Node0_Node8_Zero,2008.728838,2009.503408,0,,661,7.572525408e-13,0
2006513656793_Node0_Node8_Zero,2008.730768,2009.514473,0,,757,7.572525408e-13,0
2006519123089_Node0_Node8_Zero,2008.738465,2009.516369,0,,757,7.572525408e-13,0
2006530047249_Node0_Node8_Zero,2008.829292,2009.522952,0,,571,7.572525408e-13,0
2006535511982_Node0_Node8_Zero,2008.831275,2009.528773,0,,573,8.189300237525133e-13,0
2006540973762_Node0_Node8_Zero,2008.833365,2009.530843,0,,573,7.914585127812816e-13,0
2006546441580_Node0_Node8_Zero,2008.835515,2009.544774,0,,658,7.572525408e-13,0
2006551909913_Node0_Node8_Zero,2008.837545,2009.546733,0,,658,7.572525408e-13,0
2006557377911_Node0_Node8_Zero,2008.843511,2009.548623,0,,658,7.572525408e-13,0
2006562842166_Node0_Node8_Zero,2008.858019,2009.552571,0,,573,7.572525408e-13,0
2006568306841_Node0_Node8_Zero,2008.86014,2009.569071,0,,581,7.572525408e-13,0
2006573771797_Node0_Node8_Zero,2008.866145,2009.576794,0,,581,7.572525408e-13,0
2006579234518_Node0_Node8_Zero,2008.87015,2009.580659,0,,580,7.572525408e-13,0
2006584703563_Node0_Node8_Zero,2008.874115,2009.582529,0,,580,7.572525408e-13,0
2006590164983_Node0_Node8_Zero,2008.879914,2009.590089,0,,583,7.572525408e-13,0
2006595627259_Node0_Node8_Zero,2008.883779,2009.598149,0,,586,7.572525408e-13,0
2006601094374_Node0_Node8_Zero,2008.893494,2009.602048,0,,587,7.572525408e-13,0
2006606561999_Node0_Node8_Zero,2008.897422,2009.603958,0,,587,7.572525408e-13,0
2006617490957_Node0_Node8_Zero,2009.160915,2009.605968,0,,414,7.572525408e-13,0
2006622955713_Node0_Node8_Zero,2009.166698,2009.614399,0,,418,7.572525408e-13,6.168235211605628e-14
2006628417428_Node0_Node8_Zero,2009.181909,2009.616311,0,,408,7.572525408e-13,0
2006639344142_Node0_Node8_Zero,2009.512423,2009.62221,0,,123,7.572525408e-13,0
2006644806763_Node0_Node8_Zero,2009.536949,2009.727519,0,,120,7.572525408e-13,0
2006650267206_Node0_Node8_Zero,2009.53898,2009.672131,1,Expiry,31,1.3146745500000003e-13,nan
2006655726781_Node0_Node8_Zero,2009.54093,2009.672131,1,Expiry,31,1.3146745500000003e-13,nan
2006661191267_Node0_Node8_Zero,2009.54286,2009.672131,1,Expiry,31,1.3146745500000003e-13,nan
2006666655033_Node0_Node8_Zero,2009.566979,2009.672131,1,Expiry,17,1.3146745500000003e-13,nan
2006672117405_Node0_Node8_Zero,2009.571045,2009.672131,1,Expiry,17,1.3146745500000003e-13,nan
2006677578390_Node0_Node8_Zero,2009.572975,2009.726776,1,Expiry,23,0,nan
2006683044333_Node0_Node8_Zero,2009.574865,2009.726776,1,Expiry,23,0,nan
2006688507176_Node0_Node8_Zero,2009.578714,2009.726776,1,Expiry,23,0,nan
2006693970303_Node0_Node8_Zero,2009.584532,2009.726776,1,Expiry,23,0,nan
2006699437764_Node0_Node8_Zero,2009.630443,2009.726776,1,Expiry,6,0,nan
2006704905151_Node0_Node8_Zero,2009.632572,2009.726776,1,Expiry,6,0,nan
2006710373099_Node0_Node8_Zero,2009.634482,2009.726776,1,Expiry,6,0,nan
2006715833201_Node0_Node8_Zero,2009.636552,2009.726776,1,Expiry,6,0,nan
2006721297948_Node0_Node8_Zero,2009.638502,2009.726776,1,Expiry,6,0,nan
2006726763667_Node0_Node8_Zero,2009.640532,2009.726776,1,Expiry,6,0,nan
2006732223194_Node0_Node8_Zero,2009.642502,2009.733441,0,,6,7.572525408e-13,0
2006737688302_Node0_Node8_Zero,2009.644452,2009.735551,0,,6,7.572525408e-13,0
2006743156568_Node0_Node8_Zero,2009.646622,2009.786041,0,,17,7.572525408e-13,0
2006748619237_Node0_Node8_Zero,2009.648712,2009.781421,1,Expiry,16,5.258698200000001e-13,nan
2006754086515_Node0_Node8_Zero,2009.650722,2009.781421,1,Expiry,16,5.258698200000001e-13,nan
2006759552515_Node0_Node8_Zero,2009.652872,2009.781421,1,Expiry,16,5.258698200000001e-13,nan
2006765019143_Node0_Node8_Zero,2009.654962,2009.781421,1,Expiry,16,5.258698200000001e-13,nan
2006770483453_Node0_Node8_Zero,2009.656852,2009.781421,1,Expiry,16,5.258698200000001e-13,nan
2006775946603_Node0_Node8_Zero,2009.658902,2009.781421,1,Expiry,16,5.258698200000001e-13,nan
2006781410307_Node0_Node8_Zero,2009.660832,2009.781421,1,Expiry,16,5.258698200000001e-13,nan
2006786874161_Node0_Node8_Zero,2009.662822,2009.789984,0,,17,7.572525408e-13,0
2006792339790_Node0_Node8_Zero,2009.664912,2009.799632,0,,17,7.572525408e-13,0
2006797805982_Node0_Node8_Zero,2009.670831,2009.803491,0,,18,7.572525408e-13,0
2006803269403_Node0_Node8_Zero,2009.674736,2009.805401,0,,17,7.572525408e-13,0
2006808736430_Node0_Node8_Zero,2009.676666,2009.807371,0,,17,7.572525408e-13,0
2006814200445_Node0_Node8_Zero,2009.68071,2009.813313,0,,23,1.3146745500000003e-13,0
2006819660543_Node0_Node8_Zero,2009.684734,2009.817315,0,,25,7.572525408e-13,0
2006825129348_Node0_Node8_Zero,2009.688679,2009.819245,0,,25,7.572525408e-13,0
2006841527902_Node0_Node8_Zero,2009.690609,2009.825211,0,,29,7.572525408e-13,0
2006846994059_Node0_Node8_Zero,2009.692619,2009.829215,0,,29,7.572525408e-13,0
2006852461201_Node0_Node8_Zero,2009.698398,2009.831091,0,,28,7.572525408e-13,0
2006857920709_Node0_Node8_Zero,2009.704238,2009.838952,0,,117,6.39375657137012e-14,0
2006863383998_Node0_Node8_Zero,2009.706108,2009.841188,0,,117,7.87542642432e-13,0
2006868851231_Node0_Node8_Zero,2009.711962,2009.848864,0,,118,7.782873336e-13,0
2006874311526_Node0_Node8_Zero,2009.713892,2009.866542,0,,126,7.572525408e-13,0
2006885242809_Node0_Node8_Zero,2009.717717,2009.870571,0,,126,7.572525408e-13,0
2006890710891_Node0_Node8_Zero,2009.719847,2009.878929,0,,130,7.572525408e-13,0
2006896174351_Node0_Node8_Zero,2009.725586,2009.880889,0,,129,7.572525408e-13,0
2006901637934_Node0_Node8_Zero,2009.729494,2009.884798,0,,131,7.572525408e-13,0
2006907104033_Node0_Node8_Zero,2009.731524,2009.903706,0,,146,7.572525408e-13,0
2006912570838_Node0_Node8_Zero,2009.740918,2009.909904,0,,140,7.572525408e-13,0
2006918037777_Node0_Node8_Zero,2009.742961,2009.913714,0,,140,7.572525408e-13,0
2006923497795_Node0_Node8_Zero,2009.744851,2009.915644,0,,140,7.572525408e-13,0
2006928961446_Node0_Node8_Zero,2009.746781,2009.917514,0,,140,7.572525408e-13,0
2006934427027_Node0_Node8_Zero,2009.748731,2009.93022,0,,152,7.572525408e-13,0
2006939895930_Node0_Node8_Zero,2009.750761,2009.941351,0,,162,7.572525408e-13,0
2006945360524_Node0_Node8_Zero,2009.752631,2009.945339,0,,162,7.572525408e-13,0
2006950825359_Node0_Node8_Zero,2009.754641,2009.947329,0,,162,7.572525408e-13,0
2006956290489_Node0_Node8_Zero,2009.756731,2009.953276,0,,168,7.572525408e-13,0
2006961753963_Node0_Node8_Zero,2009.758641,2009.957144,0,,172,7.572525408e-13,0
2006967220892_Node0_Node8_Zero,2009.760811,2009.959094,0,,172,7.572525408e-13,0
2006972684135_Node0_Node8_Zero,2009.762761,2010.021716,0,,185,7.572525408e-13,0
2006978148029_Node0_Node8_Zero,2009.764791,2010.0,1,Expiry,183,1.3146745500000003e-13,nan
2006983615584_Node0_Node8_Zero,2009.768635,2010.0,1,Expiry,182,1.3146745500000003e-13,nan
2006989076902_Node0_Node8_Zero,2009.770505,2010.0,1,Expiry,182,1.3146745500000003e-13,nan
2006994541446_Node0_Node8_Zero,2009.772595,2010.0,1,Expiry,182,1.3146745500000003e-13,nan
2007000005565_Node0_Node8_Zero,2009.774505,2010.023654,0,,185,8.887199958e-13,5.842998000000001e-14
2007005466176_Node0_Node8_Zero,2009.7822,2010.025616,0,,184,7.572525408e-13,0
2007010929505_Node0_Node8_Zero,2009.787942,2010.029461,0,,183,7.572525408e-13,0
2007016396074_Node0_Node8_Zero,2009.793766,2010.031471,0,,183,7.572525408e-13,0
2007021860523_Node0_Node8_Zero,2009.795636,2010.03737,0,,183,7.572525408e-13,0
2007027321716_Node0_Node8_Zero,2009.797626,2010.03924,0,,183,7.572525408e-13,0
2007032785221_Node0_Node8_Zero,2009.809253,2010.043205,0,,182,7.572525408e-13,0
2007038252053_Node0_Node8_Zero,2009.85444,2010.049004,0,,77,7.572525408e-13,0
2007043713060_Node0_Node8_Zero,2009.864579,2010.052908,0,,69,7.572525408e-13,0
2007049178995_Node0_Node8_Zero,2009.868561,2010.060658,0,,69,7.572525408e-13,0
2007054645561_Node0_Node8_Zero,2009.911801,2010.062568,0,,46,7.572525408e-13,0
2007060111595_Node0_Node8_Zero,2009.932173,2010.066452,0,,34,7.572525408e-13,0
2007065580747_Node0_Node8_Zero,2009.943407,2010.070457,0,,24,7.572525408e-13,0
2007071041181_Node0_Node8_Zero,2009.962965,2010.074421,0,,14,7.572525408e-13,0
2007076501969_Node0_Node8_Zero,2009.97028,2010.078346,0,,6,7.572525408e-13,0
2007081963644_Node0_Node8_Zero,2009.972202,2010.080336,0,,6,7.572525408e-13,0
2007087432793_Node0_Node8_Zero,2009.974252,2010.084224,0,,10,7.572525408e-13,0
2007092893606_Node0_Node8_Zero,2009.976202,2010.086114,0,,10,7.572525408e-13,0
2007098355513_Node0_Node8_Zero,2009.980402,2010.088084,0,,10,7.572525408e-13,0
2007103820537_Node0_Node8_Zero,2009.984376,2010.092093,0,,98,7.572525408e-13,0
2007109284809_Node0_Node8_Zero,2009.990256,2010.106177,0,,190,7.572525408e-13,0
2007114751921_Node0_Node8_Zero,2009.992266,2010.113204,0,,196,9.148269283364565e-13,0
2007125677335_Node0_Node8_Zero,2009.99631,2010.120281,0,,196,7.572525408e-13,0
2007131138076_Node0_Node8_Zero,2009.99826,2010.122251,0,,196,7.572525408e-13,0
2007136607414_Node0_Node8_Zero,2010.002144,2010.13333,0,,203,7.572525408e-13,0
2007142070038_Node0_Node8_Zero,2010.004014,2010.140129,0,,203,7.572525408e-13,0
2007147530586_Node0_Node8_Zero,2010.005884,2010.144134,0,,205,7.572525408e-13,0
2007152990769_Node0_Node8_Zero,2010.011801,2010.148182,0,,204,7.572525408e-13,0
2007158453109_Node0_Node8_Zero,2010.013959,2010.180488,0,,204,7.572525408e-13,0
2007163915824_Node0_Node8_Zero,2010.017863,2010.163934,1,Expiry,203,5.258698200000001e-13,nan
2007169375844_Node0_Node8_Zero,2010.019773,2010.184535,0,,203,7.572525408e-13,0
2007174843386_Node0_Node8_Zero,2010.027507,2010.18852,0,,202,7.572525408e-13,0
2007180311663_Node0_Node8_Zero,2010.033414,2010.192424,0,,202,7.572525408e-13,0
2007185777104_Node0_Node8_Zero,2010.035324,2010.194354,0,,202,7.572525408e-13,0
2007191237845_Node0_Node8_Zero,2010.041142,2010.196244,0,,202,7.572525408e-13,0
2007196698121_Node0_Node8_Zero,2010.045091,2010.198234,0,,202,7.572525408e-13,0
2007202160132_Node0_Node8_Zero,2010.047041,2010.204034,0,,202,7.572525408e-13,0
2007207625523_Node0_Node8_Zero,2010.050929,2010.207818,0,,202,7.572525408e-13,0
2007213089774_Node0_Node8_Zero,2010.054818,2010.209768,0,,202,7.572525408e-13,0
2007218552856_Node0_Node8_Zero,2010.056688,2010.215607,0,,202,7.572525408e-13,0
2007224014700_Node0_Node8_Zero,2010.058698,2010.221574,0,,210,7.572525408e-13,0
2007229479234_Node0_Node8_Zero,2010.064484,2010.223544,0,,210,7.572525408e-13,0
2007234939957_Node0_Node8_Zero,2010.068512,2010.22951,0,,212,7.572525408e-13,0
2007240406560_Node0_Node8_Zero,2010.072481,2010.237902,0,,218,7.572525408e-13,0
2007245873528_Node0_Node8_Zero,2010.076289,2010.241768,0,,220,7.572525408e-13,0
2007251334693_Node0_Node8_Zero,2010.160518,2010.252344,0,,18,7.572525408e-13,0
2007256794250_Node0_Node8_Zero,2010.162406,2010.254528,0,,18,7.572525408e-13,0
2007262262593_Node0_Node8_Zero,2010.164436,2010.256458,0,,18,7.572525408e-13,0
2007267731171_Node0_Node8_Zero,2010.166406,2010.258508,0,,18,7.572525408e-13,0
2007273195006_Node0_Node8_Zero,2010.168576,2010.260418,0,,18,7.572525408e-13,0
2007278655406_Node0_Node8_Zero,2010.170646,2010.266384,0,,18,7.572525408e-13,0
2007284124462_Node0_Node8_Zero,2010.172616,2010.274221,0,,22,7.572525408e-13,0
2007289586407_Node0_Node8_Zero,2010.174546,2010.28025,0,,22,7.572525408e-13,0
2007295053449_Node0_Node8_Zero,2010.176616,2010.291466,0,,22,7.572525408e-13,0
2007300516650_Node0_Node8_Zero,2010.178486,2010.298782,0,,22,7.572525408e-13,0
2007305976632_Node0_Node8_Zero,2010.182494,2010.300736,0,,22,7.572525408e-13,0
2007311443314_Node0_Node8_Zero,2010.186483,2010.304621,0,,22,7.572525408e-13,0
2007316910090_Node0_Node8_Zero,2010.190411,2010.308589,0,,28,7.572525408e-13,0
2007322377149_Node0_Node8_Zero,2010.200145,2010.310459,0,,28,7.572525408e-13,0
2007327837666_Node0_Node8_Zero,2010.202075,2010.31615,0,,28,7.572525408e-13,0
2007333303957_Node0_Node8_Zero,2010.205904,2010.330988,0,,40,7.572525408e-13,0
2007338765997_Node0_Node8_Zero,2010.21167,2010.334994,0,,42,7.572525408e-13,0
2007344234709_Node0_Node8_Zero,2010.21368,2010.336904,0,,42,7.572525408e-13,0
2007349700746_Node0_Node8_Zero,2010.231991,2010.340933,0,,32,7.572525408e-13,0
2007355160526_Node0_Node8_Zero,2010.233999,2010.344761,0,,36,7.572525408e-13,0
2007360620565_Node0_Node8_Zero,2010.296795,2010.357875,0,,24,7.572525408e-13,0
2007366080814_Node0_Node8_Zero,2010.302615,2010.417104,0,,26,7.572525408e-13,0
2007371546465_Node0_Node8_Zero,2010.314213,2010.382514,1,Expiry,20,5.258698200000001e-13,nan
2007377011825_Node0_Node8_Zero,2010.32509,2010.382514,1,Expiry,14,5.258698200000001e-13,nan
2007382472289_Node0_Node8_Zero,2010.327002,2010.382514,1,Expiry,14,5.258698200000001e-13,nan
2007387932014_Node0_Node8_Zero,2010.364281,2010.423012,0,,0,7.572525408e-13,0
2007393394876_Node0_Node8_Zero,2010.366342,2010.424902,0,,0,7.572525408e-13,0
2007398862707_Node0_Node8_Zero,2010.368252,2010.426772,0,,0,7.572525408e-13,0
2007404324372_Node0_Node8_Zero,2010.370342,2010.430796,0,,0,7.572525408e-13,0
2007409790188_Node0_Node8_Zero,2010.372312,2010.436711,0,,0,7.572525408e-13,0
2007415258343_Node0_Node8_Zero,2010.374422,2010.440615,0,,0,7.572525408e-13,0
2007420720097_Node0_Node8_Zero,2010.376512,2010.437158,1,Expiry,0,5.258698200000001e-13,nan
2007426185353_Node0_Node8_Zero,2010.378622,2010.437158,1,Expiry,0,5.258698200000001e-13,nan
2007431651117_Node0_Node8_Zero,2010.380492,2010.437158,1,Expiry,0,5.258698200000001e-13,nan
2007437115634_Node0_Node8_Zero,2010.382602,2010.437158,1,Expiry,0,5.258698200000001e-13,nan
2007442581178_Node0_Node8_Zero,2010.384652,2010.446409,0,,0,7.572525408e-13,0
2007448047192_Node0_Node8_Zero,2010.386822,2010.450314,0,,0,7.572525408e-13,0
2007453512698_Node0_Node8_Zero,2010.388832,2010.452184,0,,0,7.572525408e-13,0
2007458978091_Node0_Node8_Zero,2010.390802,2010.461877,0,,6,7.572525408e-13,0
2007464447075_Node0_Node8_Zero,2010.392732,2010.463847,0,,6,7.572525408e-13,0
2007469915543_Node0_Node8_Zero,2010.394902,2010.465877,0,,6,7.572525408e-13,0
2007475379269_Node0_Node8_Zero,2010.396852,2010.473584,0,,8,7.572525408e-13,0
2007480840117_Node0_Node8_Zero,2010.398882,2010.475473,0,,8,7.572525408e-13,0
2007486307391_Node0_Node8_Zero,2010.400892,2010.481439,0,,8,7.572525408e-13,0
2007491771522_Node0_Node8_Zero,2010.402902,2010.487387,0,,10,7.572525408e-13,0
2007502696728_Node0_Node8_Zero,2010.404832,2010.489298,0,,10,7.572525408e-13,0
2007508156976_Node0_Node8_Zero,2010.406802,2010.498459,0,,16,7.572525408e-13,0
2007513617253_Node0_Node8_Zero,2010.408852,2010.504307,0,,18,7.572525408e-13,0
2007519083316_Node0_Node8_Zero,2010.411002,2010.506524,0,,18,7.572525408e-13,0
2007524550549_Node0_Node8_Zero,2010.413172,2010.508554,0,,18,7.572525408e-13,0
2007535479960_Node0_Node8_Zero,2010.415102,2010.510504,0,,18,7.572525408e-13,0
2007540945523_Node0_Node8_Zero,2010.419091,2010.516371,0,,20,7.572525408e-13,0
2007546411551_Node0_Node8_Zero,2010.421081,2010.535386,0,,38,7.572525408e-13,0
2007551875549_Node0_Node8_Zero,2010.42881,2010.556698,0,,44,7.572525408e-13,0
2007557340177_Node0_Node8_Zero,2010.432858,2010.560732,0,,44,7.572525408e-13,0
2007562803386_Node0_Node8_Zero,2010.434728,2010.568406,0,,44,7.572525408e-13,0
2007568268495_Node0_Node8_Zero,2010.438637,2010.570356,0,,44,7.572525408e-13,0
2007573731351_Node0_Node8_Zero,2010.442625,2010.572326,0,,44,7.572525408e-13,0
2007579199841_Node0_Node8_Zero,2010.444495,2010.576375,0,,50,7.572525408e-13,0
2007584663681_Node0_Node8_Zero,2010.448304,2010.578405,0,,50,7.572525408e-13,0
2007590129098_Node0_Node8_Zero,2010.454142,2010.580375,0,,50,7.572525408e-13,0
2007611979890_Node0_Node8_Zero,2010.456072,2010.587964,0,,52,7.572525408e-13,0
2007617448704_Node0_Node8_Zero,2010.458002,2010.621281,0,,154,7.572525408e-13,0
2007622915712_Node0_Node8_Zero,2010.492576,2010.623203,0,,144,7.572525408e-13,0
2007628381156_Node0_Node8_Zero,2010.494462,2010.625113,0,,144,7.572525408e-13,0
2007633843124_Node0_Node8_Zero,2010.523769,2010.627143,0,,134,7.572525408e-13,0
2007639312552_Node0_Node8_Zero,2010.525742,2010.63482,0,,130,7.572525408e-13,0
2007644773420_Node0_Node8_Zero,2010.527712,2010.638689,0,,136,7.572525408e-13,0
2007650237075_Node0_Node8_Zero,2010.529622,2010.640599,0,,136,7.572525408e-13,0
2007655706265_Node0_Node8_Zero,2010.539297,2010.644387,0,,130,7.572525408e-13,0
2007661172391_Node0_Node8_Zero,2010.544449,2010.648275,0,,126,7.572525408e-13,0
2007666641644_Node0_Node8_Zero,2010.546372,2010.658074,0,,128,7.572525408e-13,0
2007672102722_Node0_Node8_Zero,2010.548462,2010.660034,0,,128,7.572525408e-13,0
2007677571063_Node0_Node8_Zero,2010.550632,2010.69083,0,,128,7.572525408e-13,0
2007683031200_Node0_Node8_Zero,2010.552742,2010.693104,1,Expiry,128,5.258698200000001e-13,nan
2007688493309_Node0_Node8_Zero,2010.554712,2010.69672,0,,128,7.572525408e-13,0
2007693962542_Node0_Node8_Zero,2010.55878,2010.69867,0,,128,7.572525408e-13,0
2007699422271_Node0_Node8_Zero,2010.562669,2010.704529,0,,128,7.572525408e-13,0
2007704890069_Node0_Node8_Zero,2010.564559,2010.710448,0,,128,7.572525408e-13,0
2007710355867_Node0_Node8_Zero,2010.566449,2010.710383,1,Expiry,128,0,nan
2007715819661_Node0_Node8_Zero,2010.593036,2010.714473,0,,120,7.572525408e-13,0
2007721287691_Node0_Node8_Zero,2010.595143,2010.718337,0,,50,7.572525408e-13,0
2007726753216_Node0_Node8_Zero,2010.597133,2010.722386,0,,24,7.572525408e-13,0
2007732212762_Node0_Node8_Zero,2010.599103,2010.726314,0,,26,7.572525408e-13,0
2007737682215_Node0_Node8_Zero,2010.601253,2010.730243,0,,26,7.572525408e-13,0
2007743149532_Node0_Node8_Zero,2010.603403,2010.73807,0,,30,7.572525408e-13,0
2007748609549_Node0_Node8_Zero,2010.605393,2010.741955,0,,30,7.572525408e-13,0
2007754077861_Node0_Node8_Zero,2010.607403,2010.745769,0,,30,7.572525408e-13,0
2007759544702_Node0_Node8_Zero,2010.609273,2010.76192,0,,30,7.572525408e-13,0
2007765004673_Node0_Node8_Zero,2010.611183,2010.763998,0,,30,7.572525408e-13,0
2007770472846_Node0_Node8_Zero,2010.613313,2010.768046,0,,32,7.572525408e-13,0
2007775932579_Node0_Node8_Zero,2010.615323,2010.770056,0,,32,7.572525408e-13,0
2007781398398_Node0_Node8_Zero,2010.617333,2010.773885,0,,38,7.572525408e-13,0
2007786867104_Node0_Node8_Zero,2010.619363,2010.800385,0,,132,7.572525408e-13,0
2007792328250_Node0_Node8_Zero,2010.629026,2010.802303,0,,132,7.572525408e-13,0
2007797794238_Node0_Node8_Zero,2010.632857,2010.806228,0,,126,7.572525408e-13,0
2007803258410_Node0_Node8_Zero,2010.67462,2010.812087,0,,114,7.572525408e-13,0
2007808722160_Node0_Node8_Zero,2010.676514,2010.816131,0,,114,7.572525408e-13,0
2007814189270_Node0_Node8_Zero,2010.678564,2010.820116,0,,114,7.572525408e-13,0
2007819648799_Node0_Node8_Zero,2010.680734,2010.819672,1,Expiry,114,0,nan
2007825117049_Node0_Node8_Zero,2010.682864,2010.82406,0,,114,7.572525408e-13,0
2007830579086_Node0_Node8_Zero,2010.684734,2010.828069,0,,118,7.572525408e-13,0
2007836044804_Node0_Node8_Zero,2010.686644,2010.89014,0,,122,7.572525408e-13,0
2007841505996_Node0_Node8_Zero,2010.688694,2010.874317,1,Expiry,122,5.258698200000001e-13,nan
2007846973186_Node0_Node8_Zero,2010.692763,2010.874317,1,Expiry,122,5.258698200000001e-13,nan
2007852440020_Node0_Node8_Zero,2010.700543,2010.874317,1,Expiry,122,5.258698200000001e-13,nan
2007857905433_Node0_Node8_Zero,2010.702543,2010.874317,1,Expiry,122,5.258698200000001e-13,nan
2007863373527_Node0_Node8_Zero,2010.706531,2010.874317,1,Expiry,122,5.258698200000001e-13,nan
2007868840683_Node0_Node8_Zero,2010.708481,2010.874317,1,Expiry,122,5.258698200000001e-13,nan
2007874306316_Node0_Node8_Zero,2010.71243,2010.874317,1,Expiry,122,5.258698200000001e-13,nan
2007879772632_Node0_Node8_Zero,2010.716378,2010.892087,0,,122,7.572525408e-13,0
2007890693282_Node0_Node8_Zero,2010.782122,2010.895952,0,,9,7.572525408e-13,0
2007896155415_Node0_Node8_Zero,2010.784306,2010.897842,0,,8,7.572525408e-13,0
2007901621465_Node0_Node8_Zero,2010.786396,2010.899832,0,,8,7.572525408e-13,0
2007907081357_Node0_Node8_Zero,2010.788346,2010.901802,0,,8,7.572525408e-13,0
2007912550076_Node0_Node8_Zero,2010.790356,2010.903672,0,,8,7.572525408e-13,0
2007918010143_Node0_Node8_Zero,2010.792346,2010.905582,0,,8,7.572525408e-13,0
2007923476577_Node0_Node8_Zero,2010.794416,2010.915284,0,,16,7.572525408e-13,0
2007928938990_Node0_Node8_Zero,2010.796286,2010.919213,0,,18,7.572525408e-13,0
2007934407850_Node0_Node8_Zero,2010.798436,2010.925139,0,,20,7.572525408e-13,0
2007939871561_Node0_Node8_Zero,2010.804303,2010.92889,0,,20,7.572525408e-13,0
2007945333712_Node0_Node8_Zero,2010.808112,2010.934756,0,,20,7.572525408e-13,0
2007950802824_Node0_Node8_Zero,2010.810022,2011.071586,0,,20,7.572525408e-13,0
2007956265426_Node0_Node8_Zero,2010.81407,2010.983607,1,Expiry,20,5.258698200000001e-13,nan
2007961730572_Node0_Node8_Zero,2010.817999,2010.983607,1,Expiry,20,5.258698200000001e-13,nan
2007967199756_Node0_Node8_Zero,2010.822047,2010.983607,1,Expiry,20,5.258698200000001e-13,nan
2007972661227_Node0_Node8_Zero,2010.833727,2010.983607,1,Expiry,12,5.258698200000001e-13,nan
2007978123686_Node0_Node8_Zero,2010.835665,2010.983607,1,Expiry,12,5.258698200000001e-13,nan
2007983593089_Node0_Node8_Zero,2010.837595,2010.983607,1,Expiry,12,5.258698200000001e-13,nan
2007989058616_Node0_Node8_Zero,2010.839645,2011.038251,1,Expiry,12,5.258698200000001e-13,nan
2007994521709_Node0_Node8_Zero,2010.841555,2011.038251,1,Expiry,12,5.258698200000001e-13,nan
2007999987970_Node0_Node8_Zero,2010.843565,2011.038251,1,Expiry,12,5.258698200000001e-13,nan
2008005454752_Node0_Node8_Zero,2010.845495,2011.038251,1,Expiry,12,5.258698200000001e-13,nan
2008010922095_Node0_Node8_Zero,2010.847565,2011.038251,1,Expiry,12,5.258698200000001e-13,nan
2008016386304_Node0_Node8_Zero,2010.849615,2011.038251,1,Expiry,12,5.258698200000001e-13,nan
2008021852566_Node0_Node8_Zero,2010.851545,2011.038251,1,Expiry,12,5.258698200000001e-13,nan
2008027318335_Node0_Node8_Zero,2010.853475,2011.038251,1,Expiry,12,5.258698200000001e-13,nan
2008032785223_Node0_Node8_Zero,2010.855625,2011.038251,1,Expiry,12,5.258698200000001e-13,nan
2008038253144_Node0_Node8_Zero,2010.857795,2011.073456,0,,12,7.572525408e-13,0
2008043719982_Node0_Node8_Zero,2010.859665,2011.075406,0,,12,7.572525408e-13,0
2008049183609_Node0_Node8_Zero,2010.861555,2011.07939,0,,12,7.572525408e-13,0
2008054644769_Node0_Node8_Zero,2010.863685,2011.08138,0,,12,7.572525408e-13,0
2008060112868_Node0_Node8_Zero,2010.865715,2011.085325,0,,12,7.572525408e-13,0
2008065581362_Node0_Node8_Zero,2010.867725,2011.089209,0,,12,7.572525408e-13,0
2008071047880_Node0_Node8_Zero,2010.869775,2011.089614,1,Expiry,12,5.258698200000001e-13,nan
2008076508355_Node0_Node8_Zero,2010.871905,2011.093411,0,,12,7.572525408e-13,0
2008081975850_Node0_Node8_Zero,2010.873875,2011.092896,1,Expiry,12,0,nan
2008087441874_Node0_Node8_Zero,2010.876045,2011.092896,1,Expiry,12,0,nan
2008092904175_Node0_Node8_Zero,2010.878015,2011.097415,0,,12,7.572525408e-13,0
2008098366405_Node0_Node8_Zero,2010.879945,2011.099325,0,,12,7.572525408e-13,0
2008103833845_Node0_Node8_Zero,2010.881955,2011.10323,0,,12,7.572525408e-13,0
2008109302894_Node0_Node8_Zero,2010.884025,2011.111035,0,,16,7.572525408e-13,0
2008114771071_Node0_Node8_Zero,2010.886095,2011.112965,0,,16,7.572525408e-13,0
2008120234151_Node0_Node8_Zero,2010.888045,2011.116933,0,,16,7.572525408e-13,0
2008125694243_Node0_Node8_Zero,2010.893972,2011.130802,0,,18,7.572525408e-13,0
2008131158698_Node0_Node8_Zero,2010.907475,2011.132732,0,,18,7.572525408e-13,0
2008136627216_Node0_Node8_Zero,2010.909345,2011.134702,0,,18,7.572525408e-13,0
2008142087758_Node0_Node8_Zero,2010.946397,2011.140521,0,,6,7.572525408e-13,0
2008147555836_Node0_Node8_Zero,2010.948365,2011.142411,0,,6,7.572525408e-13,0
2008153016051_Node0_Node8_Zero,2010.950355,2011.14628,0,,12,7.572525408e-13,0
2008158484296_Node0_Node8_Zero,2010.952485,2011.154124,0,,16,7.572525408e-13,0
2008163945600_Node0_Node8_Zero,2010.954475,2011.156054,0,,16,7.572525408e-13,0
2008169412856_Node0_Node8_Zero,2010.956345,2011.175583,0,,16,7.572525408e-13,0
2008174876584_Node0_Node8_Zero,2010.958275,2011.177474,0,,16,7.572525408e-13,0
2008180345152_Node0_Node8_Zero,2010.960245,2011.181438,0,,16,7.572525408e-13,0
2008185811939_Node0_Node8_Zero,2010.962295,2011.183508,0,,16,7.572525408e-13,0
2008191276627_Node0_Node8_Zero,2010.964465,2011.189411,0,,20,7.572525408e-13,0
2008196746005_Node0_Node8_Zero,2010.966515,2011.195274,0,,26,7.572525408e-13,0
2008202209468_Node0_Node8_Zero,2010.968625,2011.199343,0,,30,7.572525408e-13,0
2008213142650_Node0_Node8_Zero,2010.970515,2011.201293,0,,30,7.572525408e-13,0
2008218611956_Node0_Node8_Zero,2010.972665,2011.205321,0,,30,7.572525408e-13,0
2008224075986_Node0_Node8_Zero,2010.974755,2011.230413,1,Expiry,41,5.258698200000001e-13,nan
2008229542584_Node0_Node8_Zero,2010.976845,2011.234068,0,,41,7.572525408e-13,0
2008235004283_Node0_Node8_Zero,2010.978715,2011.236198,0,,41,7.572525408e-13,0
2008240468633_Node0_Node8_Zero,2010.980865,2011.241998,0,,41,7.572525408e-13,0
2008245935642_Node0_Node8_Zero,2010.982915,2011.243988,0,,41,7.572525408e-13,0
2008251400999_Node0_Node8_Zero,2010.984865,2011.245998,0,,41,7.572525408e-13,0
2008256869220_Node0_Node8_Zero,2010.986955,2011.251941,0,,47,7.572525408e-13,0
2008262335684_Node0_Node8_Zero,2010.988945,2011.255989,0,,49,7.572525408e-13,0
2008267803428_Node0_Node8_Zero,2010.991115,2011.259797,0,,49,7.572525408e-13,0
2008273269609_Node0_Node8_Zero,2010.993265,2011.261747,0,,49,7.572525408e-13,0
2008278737863_Node0_Node8_Zero,2010.995335,2011.265696,0,,51,7.572525408e-13,0
2008284205444_Node0_Node8_Zero,2010.997265,2011.267626,0,,51,7.572525408e-13,0
2008289668087_Node0_Node8_Zero,2010.999375,2011.269516,0,,51,7.572525408e-13,0
2008295130729_Node0_Node8_Zero,2011.001445,2011.275402,0,,53,7.572525408e-13,0
2008300593489_Node0_Node8_Zero,2011.003595,2011.277292,0,,53,7.572525408e-13,0
2008306055934_Node0_Node8_Zero,2011.005505,2011.281181,0,,53,7.572525408e-13,0
2008311521642_Node0_Node8_Zero,2011.007675,2011.375072,0,,153,7.572525408e-13,0
2008316986292_Node0_Node8_Zero,2011.009685,2011.36612,1,Expiry,153,5.258698200000001e-13,nan
2008322455214_Node0_Node8_Zero,2011.011695,2011.36612,1,Expiry,153,5.258698200000001e-13,nan
2008327915832_Node0_Node8_Zero,2011.013625,2011.36612,1,Expiry,153,5.258698200000001e-13,nan
2008333380375_Node0_Node8_Zero,2011.015695,2011.36612,1,Expiry,153,5.258698200000001e-13,nan
2008338849818_Node0_Node8_Zero,2011.017585,2011.36612,1,Expiry,153,5.258698200000001e-13,nan
2008344310114_Node0_Node8_Zero,2011.019455,2011.36612,1,Expiry,153,5.258698200000001e-13,nan
2008349774382_Node0_Node8_Zero,2011.021625,2011.36612,1,Expiry,153,5.258698200000001e-13,nan
2008355243429_Node0_Node8_Zero,2011.023535,2011.36612,1,Expiry,153,5.258698200000001e-13,nan
2008360708805_Node0_Node8_Zero,2011.025545,2011.36612,1,Expiry,153,5.258698200000001e-13,nan
2008366173007_Node0_Node8_Zero,2011.027435,2011.377059,0,,153,7.572525408e-13,0
2008371638831_Node0_Node8_Zero,2011.029585,2011.380984,0,,153,7.572525408e-13,0
2008377100935_Node0_Node8_Zero,2011.031475,2011.382914,0,,153,7.572525408e-13,0
2008382568565_Node0_Node8_Zero,2011.033485,2011.390583,0,,153,7.572525408e-13,0
2008388036557_Node0_Node8_Zero,2011.035575,2011.392693,0,,153,7.572525408e-13,0
2008393497260_Node0_Node8_Zero,2011.037465,2011.394603,0,,153,7.572525408e-13,0
2008398960085_Node0_Node8_Zero,2011.039635,2011.398427,0,,153,7.572525408e-13,0
2008404420905_Node0_Node8_Zero,2011.041625,2011.40437,0,,159,7.572525408e-13,0
2008409881382_Node0_Node8_Zero,2011.043755,2011.4064,0,,159,7.572525408e-13,0
2008415347040_Node0_Node8_Zero,2011.045745,2011.414141,0,,165,7.572525408e-13,0
2008420814917_Node0_Node8_Zero,2011.047675,2011.416031,0,,165,7.572525408e-13,0
2008426274665_Node0_Node8_Zero,2011.049705,2011.418041,0,,165,7.572525408e-13,0
2008431743754_Node0_Node8_Zero,2011.051595,2011.422009,0,,165,7.572525408e-13,0
2008437206649_Node0_Node8_Zero,2011.053465,2011.423899,0,,165,7.572525408e-13,0
2008442670995_Node0_Node8_Zero,2011.055355,2011.427867,0,,167,7.572525408e-13,0
2008448138112_Node0_Node8_Zero,2011.057265,2011.429757,0,,167,7.572525408e-13,0
2008453604388_Node0_Node8_Zero,2011.059335,2011.431667,0,,167,7.572525408e-13,0
2008459065025_Node0_Node8_Zero,2011.061425,2011.435636,0,,167,7.572525408e-13,0
2008464524826_Node0_Node8_Zero,2011.063435,2011.445348,0,,175,7.572525408e-13,0
2008469987038_Node0_Node8_Zero,2011.065405,2011.485111,0,,274,7.572525408e-13,0
2008475449765_Node0_Node8_Zero,2011.067455,2011.496571,0,,274,7.572525408e-13,0
2008480918879_Node0_Node8_Zero,2011.069585,2011.502371,0,,274,7.572525408e-13,0
2008486385676_Node0_Node8_Zero,2011.077421,2011.50827,0,,274,7.572525408e-13,0
2008491854165_Node0_Node8_Zero,2011.083327,2011.51028,0,,274,7.572525408e-13,0
2008497313843_Node0_Node8_Zero,2011.087276,2011.51227,0,,274,7.572525408e-13,0
2008502776383_Node0_Node8_Zero,2011.095441,2011.516095,0,,274,7.572525408e-13,0
2008508240812_Node0_Node8_Zero,2011.101291,2011.518065,0,,274,7.572525408e-13,0
2008513709699_Node0_Node8_Zero,2011.105179,2011.521909,0,,274,7.572525408e-13,0
2008519171121_Node0_Node8_Zero,2011.107149,2011.523839,0,,274,7.572525408e-13,0
2008524632990_Node0_Node8_Zero,2011.122742,2011.525769,0,,268,7.572525408e-13,0
2008541033636_Node0_Node8_Zero,2011.124849,2011.533503,0,,268,7.572525408e-13,0
2008546495817_Node0_Node8_Zero,2011.126759,2011.539447,0,,272,7.572525408e-13,0
2008551958146_Node0_Node8_Zero,2011.128869,2011.541437,0,,272,7.572525408e-13,0
2008557424770_Node0_Node8_Zero,2011.136634,2011.570195,0,,280,7.572525408e-13,0
2008562884604_Node0_Node8_Zero,2011.138544,2011.576087,0,,280,7.572525408e-13,0
2008568348606_Node0_Node8_Zero,2011.165517,2011.579972,0,,270,7.572525408e-13,0
2008573817167_Node0_Node8_Zero,2011.167532,2011.583796,0,,270,7.572525408e-13,0
2008579283060_Node0_Node8_Zero,2011.169582,2011.585766,0,,270,7.572525408e-13,0
2008584745654_Node0_Node8_Zero,2011.171712,2011.587696,0,,270,7.572525408e-13,0
2008590212236_Node0_Node8_Zero,2011.173622,2011.59158,0,,270,7.572525408e-13,0
2008595676679_Node0_Node8_Zero,2011.179482,2011.595505,0,,270,7.572525408e-13,0
2008606608334_Node0_Node8_Zero,2011.185409,2011.599433,0,,274,7.572525408e-13,0
2008612068677_Node0_Node8_Zero,2011.19139,2011.607107,0,,270,7.572525408e-13,0
2008617532638_Node0_Node8_Zero,2011.211664,2011.618885,0,,268,7.572525408e-13,0
2008623001739_Node0_Node8_Zero,2011.213619,2011.622919,0,,258,7.572525408e-13,0
2008628461351_Node0_Node8_Zero,2011.215982,2011.628742,0,,263,7.572525408e-13,0
2008633921382_Node0_Node8_Zero,2011.217912,2011.632766,0,,263,7.572525408e-13,0
2008639384068_Node0_Node8_Zero,2011.219822,2011.636675,0,,269,7.572525408e-13,0
2008644848736_Node0_Node8_Zero,2011.221832,2011.638545,0,,269,7.572525408e-13,0
2008650311444_Node0_Node8_Zero,2011.224002,2011.644491,0,,271,7.572525408e-13,0
2008655779004_Node0_Node8_Zero,2011.225952,2011.656048,0,,273,7.572525408e-13,0
2008661244957_Node0_Node8_Zero,2011.228002,2011.65793,0,,273,7.572525408e-13,0
2008666710886_Node0_Node8_Zero,2011.230092,2011.661978,0,,275,7.572525408e-13,0
2008672177603_Node0_Node8_Zero,2011.238137,2011.671374,0,,275,7.572525408e-13,0
2008677645318_Node0_Node8_Zero,2011.240032,2011.675235,0,,277,7.572525408e-13,0
2008683111406_Node0_Node8_Zero,2011.247876,2011.6836,0,,277,7.572525408e-13,0
2008688572957_Node0_Node8_Zero,2011.286713,2011.689483,0,,265,7.572525408e-13,0
2008694040322_Node0_Node8_Zero,2011.304185,2011.693448,0,,255,7.572525408e-13,0
2008699503383_Node0_Node8_Zero,2011.306066,2011.697456,0,,174,7.572525408e-13,0
2008704963117_Node0_Node8_Zero,2011.308196,2011.708143,0,,173,7.572525408e-13,0
2008710424688_Node0_Node8_Zero,2011.310366,2011.715859,0,,173,7.572525408e-13,0
2008715887759_Node0_Node8_Zero,2011.312356,2011.717749,0,,173,7.572525408e-13,0
2008721356958_Node0_Node8_Zero,2011.314266,2011.721774,0,,173,7.572525408e-13,0
2008726821780_Node0_Node8_Zero,2011.316296,2011.723724,0,,173,7.572525408e-13,0
2008732284023_Node0_Node8_Zero,2011.318406,2011.727608,0,,173,7.572525408e-13,0
2008737745370_Node0_Node8_Zero,2011.320416,2011.765316,0,,181,7.572525408e-13,0
2008743207960_Node0_Node8_Zero,2011.322526,2011.748634,1,Expiry,181,5.258698200000001e-13,nan
2008748669078_Node0_Node8_Zero,2011.324436,2011.769219,0,,181,7.572525408e-13,0
2008754134228_Node0_Node8_Zero,2011.326566,2011.773083,0,,181,7.572525408e-13,0
2008759602884_Node0_Node8_Zero,2011.328536,2011.775053,0,,181,7.572525408e-13,0
2008765062710_Node0_Node8_Zero,2011.330426,2011.779078,0,,181,7.572525408e-13,0
2008770531357_Node0_Node8_Zero,2011.332496,2011.780948,0,,181,7.572525408e-13,0
2008775991358_Node0_Node8_Zero,2011.334466,2011.784872,0,,181,7.572525408e-13,0
2008781460003_Node0_Node8_Zero,2011.336596,2011.786762,0,,181,7.572525408e-13,0
2008786924126_Node0_Node8_Zero,2011.338706,2011.788772,0,,181,7.572525408e-13,0
2008792384374_Node0_Node8_Zero,2011.340676,2011.794632,0,,181,7.572525408e-13,0
2008797853638_Node0_Node8_Zero,2011.342666,2011.796502,0,,181,7.572525408e-13,0
2008803319348_Node0_Node8_Zero,2011.344596,2011.80033,0,,187,7.572525408e-13,0
2008808782460_Node0_Node8_Zero,2011.346726,2011.807447,0,,189,7.572525408e-13,0
2008814242030_Node0_Node8_Zero,2011.348636,2011.813402,0,,195,7.572525408e-13,0
2008819703186_Node0_Node8_Zero,2011.350626,2011.815332,0,,195,7.572525408e-13,0
2008825163951_Node0_Node8_Zero,2011.352656,2011.817322,0,,195,7.572525408e-13,0
2008830631266_Node0_Node8_Zero,2011.354826,2011.819272,0,,195,7.572525408e-13,0
2008836100492_Node0_Node8_Zero,2011.356876,2011.82312,0,,197,7.572525408e-13,0
2008841569426_Node0_Node8_Zero,2011.359046,2011.827028,0,,199,7.572525408e-13,0
2008847037395_Node0_Node8_Zero,2011.361216,2011.829018,0,,199,7.572525408e-13,0
2008852499782_Node0_Node8_Zero,2011.363246,2011.836567,0,,199,7.572525408e-13,0
2008857963615_Node0_Node8_Zero,2011.365156,2011.838537,0,,199,7.572525408e-13,0
2008863428380_Node0_Node8_Zero,2011.367246,2011.840427,0,,199,7.572525408e-13,0
2008868895100_Node0_Node8_Zero,2011.369136,2011.842337,0,,199,7.572525408e-13,0
2008874360009_Node0_Node8_Zero,2011.371006,2011.846285,0,,201,7.572525408e-13,0
2008879821008_Node0_Node8_Zero,2011.373076,2011.859005,0,,201,7.572525408e-13,0
2008885287849_Node0_Node8_Zero,2011.379002,2011.860962,0,,201,7.572525408e-13,0
2008890751851_Node0_Node8_Zero,2011.384869,2011.862832,0,,201,7.572525408e-13,0
2008896218754_Node0_Node8_Zero,2011.386739,2011.865002,0,,201,7.572525408e-13,0
2008901678370_Node0_Node8_Zero,2011.388669,2011.866892,0,,201,7.572525408e-13,0
2008907146575_Node0_Node8_Zero,2011.396473,2011.87084,0,,201,7.572525408e-13,0
2008912609142_Node0_Node8_Zero,2011.400302,2011.876647,0,,203,7.572525408e-13,0
2008918069108_Node0_Node8_Zero,2011.408268,2011.882613,0,,197,7.572525408e-13,0
2008923538276_Node0_Node8_Zero,2011.439474,2011.908777,0,,243,7.572525408e-13,0
2008929000062_Node0_Node8_Zero,2011.458437,2011.924623,0,,233,7.572525408e-13,0
2008934464520_Node0_Node8_Zero,2011.460622,2011.928598,0,,153,7.572525408e-13,0
2008939930567_Node0_Node8_Zero,2011.462792,2011.936514,0,,140,7.572525408e-13,0
2008945393152_Node0_Node8_Zero,2011.464762,2011.942384,0,,140,7.572525408e-13,0
2008950860292_Node0_Node8_Zero,2011.466832,2011.946304,0,,140,7.572525408e-13,0
2008956327825_Node0_Node8_Zero,2011.468942,2011.952251,0,,140,7.572525408e-13,0
2008961793374_Node0_Node8_Zero,2011.471072,2011.961336,0,,140,7.572525408e-13,0
2008967258378_Node0_Node8_Zero,2011.473042,2011.967288,0,,144,7.572525408e-13,0
2008972721344_Node0_Node8_Zero,2011.474932,2011.969198,0,,144,7.572525408e-13,0
2008978187622_Node0_Node8_Zero,2011.476882,2011.971088,0,,144,7.572525408e-13,0
2008983654268_Node0_Node8_Zero,2011.478892,2011.972998,0,,144,7.572525408e-13,0
2008989118052_Node0_Node8_Zero,2011.480942,2011.97892,0,,146,7.572525408e-13,0
2008994580617_Node0_Node8_Zero,2011.483112,2011.982737,0,,148,7.572525408e-13,0
2009000044343_Node0_Node8_Zero,2011.487,2011.99608,0,,148,7.572525408e-13,1.3146745500000003e-13
2009005513730_Node0_Node8_Zero,2011.48887,2012.000143,0,,148,7.572525408e-13,0
2009010975259_Node0_Node8_Zero,2011.49074,2012.002033,0,,148,7.572525408e-13,0
2009016436908_Node0_Node8_Zero,2011.49265,2012.003903,0,,148,7.572525408e-13,0
2009021899703_Node0_Node8_Zero,2011.49458,2012.010073,0,,152,7.572525408e-13,0
2009027364722_Node0_Node8_Zero,2011.498508,2012.015936,0,,158,7.572525408e-13,0
2009032826689_Node0_Node8_Zero,2011.500458,2012.017926,0,,158,7.572525408e-13,0
2009038295185_Node0_Node8_Zero,2011.504287,2012.023852,0,,162,7.572525408e-13,0
2009043762582_Node0_Node8_Zero,2011.506357,2012.025842,0,,162,7.572525408e-13,0
2009049231045_Node0_Node8_Zero,2011.514141,2012.077298,0,,237,7.572525408e-13,0
2009054697386_Node0_Node8_Zero,2011.519988,2012.076503,1,Expiry,237,0,nan
2009060162325_Node0_Node8_Zero,2011.527732,2012.076503,1,Expiry,237,0,nan
2009065622248_Node0_Node8_Zero,2011.529642,2012.076503,1,Expiry,237,0,nan
2009071087247_Node0_Node8_Zero,2011.531552,2012.076503,1,Expiry,237,0,nan
2009076553093_Node0_Node8_Zero,2011.535521,2012.079197,0,,237,7.572525408e-13,0
2009082013637_Node0_Node8_Zero,2011.545181,2012.081187,0,,233,7.572525408e-13,0
2009087482028_Node0_Node8_Zero,2011.552169,2012.085255,0,,233,7.572525408e-13,0
2009092941633_Node0_Node8_Zero,2011.554351,2012.087125,0,,233,7.572525408e-13,0
2009098408619_Node0_Node8_Zero,2011.556361,2012.089135,0,,233,7.572525408e-13,0
2009103874523_Node0_Node8_Zero,2011.558371,2012.10364,0,,236,7.572525408e-13,0
2009109337946_Node0_Node8_Zero,2011.560361,2012.105544,0,,236,7.572525408e-13,0
2009114799816_Node0_Node8_Zero,2011.562311,2012.107434,0,,236,7.572525408e-13,0
2009120266488_Node0_Node8_Zero,2011.564381,2012.111362,0,,236,7.572525408e-13,0
2009125733722_Node0_Node8_Zero,2011.566271,2012.115331,0,,238,7.572525408e-13,0
2009131193977_Node0_Node8_Zero,2011.568281,2012.119239,0,,238,7.572525408e-13,0
2009136662853_Node0_Node8_Zero,2011.572249,2012.125125,0,,238,7.572525408e-13,0
2009142129736_Node0_Node8_Zero,2011.574159,2012.127055,0,,238,7.572525408e-13,0
2009147591728_Node0_Node8_Zero,2011.578007,2012.128985,0,,238,7.572525408e-13,0
2009153055601_Node0_Node8_Zero,2011.581876,2012.167189,0,,388,7.572525408e-13,0
2009158519685_Node0_Node8_Zero,2011.58958,2012.171079,0,,388,7.572525408e-13,0
2009163984847_Node0_Node8_Zero,2011.593449,2012.173049,0,,388,7.572525408e-13,0
2009169452273_Node0_Node8_Zero,2011.601349,2012.176933,0,,384,7.572525408e-13,0
2009174917544_Node0_Node8_Zero,2011.603247,2012.180958,0,,384,7.572525408e-13,0
2009180377459_Node0_Node8_Zero,2011.605137,2012.182868,0,,384,7.572525408e-13,0
2009185843372_Node0_Node8_Zero,2011.616847,2012.186832,0,,376,7.572525408e-13,0
2009191310214_Node0_Node8_Zero,2011.620914,2012.192731,0,,376,7.572525408e-13,0
2009196776265_Node0_Node8_Zero,2011.624842,2012.196736,0,,376,7.572525408e-13,0
2009202245311_Node0_Node8_Zero,2011.630831,2012.20062,0,,370,7.572525408e-13,0
2009207710632_Node0_Node8_Zero,2011.679727,2012.206427,0,,362,7.572525408e-13,0
2009213174048_Node0_Node8_Zero,2011.68163,2012.208437,0,,362,7.572525408e-13,0
2009218640416_Node0_Node8_Zero,2011.685579,2012.214275,0,,364,7.572525408e-13,0
2009224102472_Node0_Node8_Zero,2011.687509,2012.2302,0,,364,7.572525408e-13,0
2009229571032_Node0_Node8_Zero,2011.691477,2012.236083,0,,364,7.572525408e-13,0
2009235035981_Node0_Node8_Zero,2011.702045,2012.239927,0,,356,7.572525408e-13,0
2009240504847_Node0_Node8_Zero,2011.704216,2012.242057,0,,356,7.572525408e-13,0
2009245970548_Node0_Node8_Zero,2011.706186,2012.245922,0,,356,7.572525408e-13,0
2009251430276_Node0_Node8_Zero,2011.710054,2012.24983,0,,362,7.572525408e-13,0
2009256893914_Node0_Node8_Zero,2011.712044,2012.253759,0,,362,7.572525408e-13,0
2009262358194_Node0_Node8_Zero,2011.713934,2012.257567,0,,364,7.572525408e-13,0
2009267822342_Node0_Node8_Zero,2011.719673,2012.265157,0,,366,7.572525408e-13,0
2009273283107_Node0_Node8_Zero,2011.725599,2012.269084,0,,366,7.572525408e-13,0
2009278751746_Node0_Node8_Zero,2011.735369,2012.270994,0,,358,7.572525408e-13,0
2009284215017_Node0_Node8_Zero,2011.737477,2012.28249,0,,358,7.572525408e-13,0
2009289676801_Node0_Node8_Zero,2011.739487,2012.286532,0,,360,7.572525408e-13,0
2009300603466_Node0_Node8_Zero,2011.741457,2012.288462,0,,360,7.572525408e-13,0
2009306064197_Node0_Node8_Zero,2011.743567,2012.290472,0,,360,7.572525408e-13,0
2009311532204_Node0_Node8_Zero,2011.745557,2012.294421,0,,360,7.572525408e-13,0
2009316995098_Node0_Node8_Zero,2011.747447,2012.296371,0,,360,7.572525408e-13,0
2009322456757_Node0_Node8_Zero,2011.749477,2012.305925,0,,360,7.572525408e-13,0
2009327920728_Node0_Node8_Zero,2011.751487,2012.413002,0,,411,7.572525408e-13,0
2009333382677_Node0_Node8_Zero,2011.753517,2012.349727,1,Expiry,411,5.258698200000001e-13,nan
2009338843729_Node0_Node8_Zero,2011.755407,2012.349727,1,Expiry,411,5.258698200000001e-13,nan
2009344311181_Node0_Node8_Zero,2011.757417,2012.349727,1,Expiry,411,5.258698200000001e-13,nan
2009349771827_Node0_Node8_Zero,2011.759427,2012.404372,1,Expiry,411,5.258698200000001e-13,nan
2009355234675_Node0_Node8_Zero,2011.761357,2012.404372,1,Expiry,411,5.258698200000001e-13,nan
2009360701243_Node0_Node8_Zero,2011.763247,2012.404372,1,Expiry,411,5.258698200000001e-13,nan
2009366167066_Node0_Node8_Zero,2011.767196,2012.404372,1,Expiry,411,5.258698200000001e-13,nan
2009371634839_Node0_Node8_Zero,2011.771144,2012.404372,1,Expiry,411,5.258698200000001e-13,nan
2009377103998_Node0_Node8_Zero,2011.777071,2012.404372,1,Expiry,411,5.258698200000001e-13,nan
2009382569033_Node0_Node8_Zero,2011.782949,2012.404372,1,Expiry,411,5.258698200000001e-13,nan
2009388029774_Node0_Node8_Zero,2011.790805,2012.404372,1,Expiry,411,5.258698200000001e-13,nan
2009393493940_Node0_Node8_Zero,2011.792695,2012.404372,1,Expiry,411,5.258698200000001e-13,nan
2009398959690_Node0_Node8_Zero,2011.805253,2012.404372,1,Expiry,403,5.258698200000001e-13,nan
2009404428417_Node0_Node8_Zero,2011.809322,2012.414984,0,,403,7.572525408e-13,0
2009409889252_Node0_Node8_Zero,2011.889604,2012.417114,0,,389,7.572525408e-13,0
2009415356174_Node0_Node8_Zero,2011.891522,2012.419124,0,,352,7.572525408e-13,0
2009420817627_Node0_Node8_Zero,2011.893592,2012.421274,0,,352,7.572525408e-13,0
2009426286071_Node0_Node8_Zero,2011.895502,2012.423384,0,,352,7.572525408e-13,0
2009431747919_Node0_Node8_Zero,2011.90276,2012.438007,0,,344,7.572525408e-13,0
2009437213390_Node0_Node8_Zero,2011.904822,2012.440022,0,,343,7.572525408e-13,0
2009442680732_Node0_Node8_Zero,2011.955434,2012.442012,0,,331,7.572525408e-13,0
2009448143794_Node0_Node8_Zero,2011.957322,2012.44606,0,,331,7.572525408e-13,0
2009453613132_Node0_Node8_Zero,2011.959352,2012.45269,0,,331,7.572525408e-13,0
2009459074658_Node0_Node8_Zero,2012.006162,2012.454599,0,,323,7.572525408e-13,0
2009464537745_Node0_Node8_Zero,2012.012102,2012.456609,0,,319,7.572525408e-13,0
2009470007038_Node0_Node8_Zero,2012.038807,2012.460437,0,,305,7.572525408e-13,0
2009475467575_Node0_Node8_Zero,2012.04099,2012.468262,0,,235,7.572525408e-13,0
2009480936491_Node0_Node8_Zero,2012.04306,2012.485014,0,,234,7.572525408e-13,0
2009486398355_Node0_Node8_Zero,2012.04497,2012.486962,0,,234,7.572525408e-13,0
2009491867801_Node0_Node8_Zero,2012.0469,2012.489072,0,,234,7.572525408e-13,0
2009497327350_Node0_Node8_Zero,2012.04903,2012.491022,0,,234,7.572525408e-13,0
2009502789994_Node0_Node8_Zero,2012.05112,2012.496888,0,,234,7.572525408e-13,0
2009508249682_Node0_Node8_Zero,2012.05317,2012.500797,0,,234,7.572525408e-13,0
2009513714835_Node0_Node8_Zero,2012.05508,2012.515859,0,,234,7.572525408e-13,0
2009519182287_Node0_Node8_Zero,2012.05725,2012.517797,0,,234,7.572525408e-13,0
2009524650506_Node0_Node8_Zero,2012.05922,2012.521785,0,,234,7.572525408e-13,0
2009530111506_Node0_Node8_Zero,2012.06115,2012.525813,0,,234,7.572525408e-13,0
2009535572481_Node0_Node8_Zero,2012.06308,2012.535269,0,,234,7.572525408e-13,0
2009541037932_Node0_Node8_Zero,2012.06503,2012.539252,0,,234,7.572525408e-13,0
2009546497676_Node0_Node8_Zero,2012.06692,2012.54324,0,,234,7.572525408e-13,0
2009551959699_Node0_Node8_Zero,2012.06905,2012.54517,0,,234,7.572525408e-13,0
2009557421669_Node0_Node8_Zero,2012.0711,2012.54714,0,,234,7.572525408e-13,0
2009562882386_Node0_Node8_Zero,2012.07323,2012.54903,0,,234,7.572525408e-13,0
2009568342947_Node0_Node8_Zero,2012.07526,2012.552939,0,,234,7.572525408e-13,0
2009573804172_Node0_Node8_Zero,2012.142837,2012.554949,0,,221,7.572525408e-13,0
2009579270746_Node0_Node8_Zero,2012.145015,2012.556819,0,,141,7.572525408e-13,0
2009584733451_Node0_Node8_Zero,2012.146945,2012.562685,0,,71,7.572525408e-13,0
2009590196076_Node0_Node8_Zero,2012.148955,2012.57028,0,,71,7.572525408e-13,0
2009595655816_Node0_Node8_Zero,2012.150845,2012.57418,0,,71,7.572525408e-13,0
2009601118241_Node0_Node8_Zero,2012.152955,2012.596585,0,,71,8.156825208e-13,0
2009606583978_Node0_Node8_Zero,2012.154825,2012.598658,0,,71,7.572525408e-13,0
2009612046587_Node0_Node8_Zero,2012.156975,2012.602567,0,,71,7.572525408e-13,0
2009617507562_Node0_Node8_Zero,2012.158965,2012.620468,0,,71,7.572525408e-13,0
2009622969220_Node0_Node8_Zero,2012.161115,2012.622447,0,,71,7.572525408e-13,0
2009628433360_Node0_Node8_Zero,2012.163245,2012.626395,0,,71,7.572525408e-13,0
2009633894757_Node0_Node8_Zero,2012.165215,2012.633705,0,,71,7.572525408e-13,0
2009639355153_Node0_Node8_Zero,2012.169103,2012.635754,0,,71,7.572525408e-13,0
2009644822160_Node0_Node8_Zero,2012.17493,2012.6417,0,,71,7.572525408e-13,0
2009650285142_Node0_Node8_Zero,2012.178958,2012.64799,0,,71,7.572525408e-13,0
2009655752578_Node0_Node8_Zero,2012.184745,2012.649858,0,,71,7.572525408e-13,0
2009661216744_Node0_Node8_Zero,2012.188733,2012.653807,0,,71,7.572525408e-13,0
2009666684389_Node0_Node8_Zero,2012.190763,2012.659633,0,,71,7.572525408e-13,0
2009672149779_Node0_Node8_Zero,2012.194772,2012.661503,0,,71,7.572525408e-13,0
2009677616980_Node0_Node8_Zero,2012.1987,2012.663533,0,,71,7.572525408e-13,0
2009683081775_Node0_Node8_Zero,2012.220134,2012.685053,0,,63,7.572525408e-13,0
2009688542484_Node0_Node8_Zero,2012.222198,2012.687013,0,,63,7.572525408e-13,0
2009694005871_Node0_Node8_Zero,2012.224308,2012.690902,0,,63,7.572525408e-13,0
2009699470430_Node0_Node8_Zero,2012.226238,2012.692832,0,,63,7.572525408e-13,0
2009704934719_Node0_Node8_Zero,2012.228128,2012.69666,0,,63,7.572525408e-13,0
2009710398664_Node0_Node8_Zero,2012.232077,2012.700469,0,,63,7.572525408e-13,0
2009715867973_Node0_Node8_Zero,2012.234107,2012.702439,0,,63,7.572525408e-13,0
2009726795719_Node0_Node8_Zero,2012.238015,2012.714113,0,,63,7.572525408e-13,0
2009732256300_Node0_Node8_Zero,2012.243942,2012.720033,0,,63,7.572525408e-13,0
2009737721832_Node0_Node8_Zero,2012.31659,2012.723997,0,,51,5.842998000000001e-14,1.3146745500000003e-13
2009743187281_Node0_Node8_Zero,2012.31874,2012.72628,0,,0,7.572525408e-13,0
2009748648315_Node0_Node8_Zero,2012.32063,2012.72831,0,,0,7.572525408e-13,0
2009754113566_Node0_Node8_Zero,2012.32272,2012.7302,0,,0,7.572525408e-13,0
2009759577554_Node0_Node8_Zero,2012.32463,2012.73211,0,,0,7.572525408e-13,0
2009765041682_Node0_Node8_Zero,2012.3265,2012.73398,0,,0,7.572525408e-13,0
2009770509564_Node0_Node8_Zero,2012.32841,2012.738048,0,,0,7.572525408e-13,0
2009775976838_Node0_Node8_Zero,2012.33036,2012.743887,0,,0,7.572525408e-13,0
2009781442934_Node0_Node8_Zero,2012.33253,2012.745817,0,,0,7.572525408e-13,0
2009786903000_Node0_Node8_Zero,2012.33454,2012.764358,0,,0,7.572525408e-13,0
2009792367552_Node0_Node8_Zero,2012.33653,2012.787871,0,,0,7.572525408e-13,0
2009797833589_Node0_Node8_Zero,2012.33852,2012.789807,0,,0,7.572525408e-13,0
2009803297599_Node0_Node8_Zero,2012.34065,2012.802481,0,,0,7.572525408e-13,0
2009808765145_Node0_Node8_Zero,2012.34258,2012.806503,0,,0,7.572525408e-13,0
2009814228304_Node0_Node8_Zero,2012.34457,2012.808393,0,,0,7.572525408e-13,0
2009819697583_Node0_Node8_Zero,2012.34644,2012.810263,0,,0,7.572525408e-13,0
2009825164260_Node0_Node8_Zero,2012.34833,2012.812153,0,,0,7.572525408e-13,0
2009830626982_Node0_Node8_Zero,2012.35046,2012.814223,0,,0,7.572525408e-13,0
2009836095574_Node0_Node8_Zero,2012.35259,2012.818131,0,,0,7.572525408e-13,0
2009841560901_Node0_Node8_Zero,2012.3547,2012.82212,0,,0,7.572525408e-13,0
2009847021408_Node0_Node8_Zero,2012.35659,2012.82403,0,,0,7.572525408e-13,0
2009852484501_Node0_Node8_Zero,2012.35866,2012.82592,0,,0,7.572525408e-13,0
2009857944190_Node0_Node8_Zero,2012.36063,2012.831766,0,,0,7.572525408e-13,0
2009863413107_Node0_Node8_Zero,2012.36276,2012.833716,0,,0,7.572525408e-13,0
2009868882156_Node0_Node8_Zero,2012.36483,2012.855255,0,,0,4.73282838e-14,8.41391712e-14
2009874345137_Node0_Node8_Zero,2012.36696,2012.857243,0,,0,7.572525408e-13,0
2009885274279_Node0_Node8_Zero,2012.36903,2012.859233,0,,0,7.572525408e-13,0
2009890735017_Node0_Node8_Zero,2012.37112,2012.861123,0,,0,7.572525408e-13,0
2009896196499_Node0_Node8_Zero,2012.37313,2012.863013,0,,0,7.572525408e-13,0
2009901657696_Node0_Node8_Zero,2012.37526,2012.865183,0,,0,7.572525408e-13,0
2009907120492_Node0_Node8_Zero,2012.37727,2012.867113,0,,0,7.572525408e-13,0
2009912582453_Node0_Node8_Zero,2012.37918,2012.869163,0,,0,7.572525408e-13,0
2009918046051_Node0_Node8_Zero,2012.38105,2012.871133,0,,0,7.572525408e-13,0
2009928971373_Node0_Node8_Zero,2012.38322,2012.873243,0,,0,7.572525408e-13,0
2009934432934_Node0_Node8_Zero,2012.38511,2012.875193,0,,0,7.572525408e-13,0
2009939896802_Node0_Node8_Zero,2012.38718,2012.877083,0,,0,7.572525408e-13,0
2009945357118_Node0_Node8_Zero,2012.38921,2012.878973,0,,0,7.572525408e-13,0
2009950825120_Node0_Node8_Zero,2012.39122,2012.881103,0,,0,7.572525408e-13,0
2009956286840_Node0_Node8_Zero,2012.39325,2012.883033,0,,0,7.572525408e-13,0
2009961752605_Node0_Node8_Zero,2012.39528,2012.885043,0,,0,7.572525408e-13,0
2009967212347_Node0_Node8_Zero,2012.39739,2012.887073,0,,0,7.572525408e-13,0
2009972674495_Node0_Node8_Zero,2012.3993,2012.889143,0,,0,7.572525408e-13,0
2009978137038_Node0_Node8_Zero,2012.40131,2012.891013,0,,0,7.572525408e-13,0
2009983603406_Node0_Node8_Zero,2012.40328,2012.893143,0,,0,7.572525408e-13,0
2009989069611_Node0_Node8_Zero,2012.40543,2012.895253,0,,0,7.572525408e-13,0
2009994535121_Node0_Node8_Zero,2012.4073,2012.901039,0,,0,7.572525408e-13,0
2010000002181_Node0_Node8_Zero,2012.40923,2012.932381,0,,0,7.572525408e-13,0
