Pkt ID,Route,Generation Time (in s),First Tx At (in s),Delay (in s),Times Packet Forwarded,Retransmissions,Packet Size (in bytes),Tx Power (in watt),Average Transmission Power in the route (in watt),Min. SINR Along Route,SINR at Flow Dest,Min. Data Rate Along Route (in Mbps),Data Rate at Flow Src (in Mbps)
2000008195690_Node0_Node8_Zero,"[0, 1, 2, 3, 4, 5, 6, 7, 8]",2000.008196,2000.008266,inf,0,7,2343.0,0.007663753805745297,0.007663753805745297,2.396369,inf,33,33
2000016397037_Node0_Node8_Zero,"[0, 1, 2, 3, 4, 5, 6, 7, 8]",2000.016397,2000.032944,inf,1,7,3483.5,"0.02667338616052565,0.007663753805745297",0.017169,2.396369,inf,33,33
2000024594458_Node0_Node8_Zero,"[0, 1, 2, 3, 4, 5, 6, 7, 8]",2000.024594,2000.032944,inf,1,7,3483.5,"0.02667338616052565,0.007663753805745297",0.017169,2.396369,inf,33,33
2000032793798_Node0_Node8_Zero,"[0, 1, 2, 3, 4, 5, 6, 7, 8]",2000.032794,2000.032944,inf,1,7,3483.5,"0.02667338616052565,0.007663753805745297",0.017169,2.396369,inf,33,33
2000040988557_Node0_Node8_Zero,"[0, 1, 2, 3, 4, 5, 6, 7, 8]",2000.040989,2000.041341,inf,2,7,2343.0,"0.02667338616052565,0.02667338616052565,0.007663753805745297",0.020337,2.396369,inf,33,33
2000049188875_Node0_Node8_Zero,"[0, 1, 2, 3, 4, 5, 6, 7, 8]",2000.049189,2000.049479,inf,2,7,2343.0,"0.02667338616052565,0.02667338616052565,0.007663753805745297",0.020337,2.396369,inf,33,33
2000057386382_Node0_Node8_Zero,"[0, 1, 2, 3, 4, 5, 6, 7, 8]",2000.057386,2000.057676,inf,2,7,2343.0,"0.02667338616052565,0.02667338616052565,0.007663753805745297",0.020337,2.396369,inf,33,33
2000065582685_Node0_Node8_Zero,"[0, 1, 2, 3, 4, 5, 6, 7, 8]",2000.065583,2000.065653,inf,3,7,2343.0,"0.02667338616052565,0.02667338616052565,0.02667338616052565,0.007663753805745297",0.021921,2.396369,inf,33,33
2000073777485_Node0_Node8_Zero,"[0, 1, 2, 3, 4, 5, 6, 7, 8]",2000.073777,2000.074127,inf,3,7,2343.0,"0.02667338616052565,0.02667338616052565,0.02667338616052565,0.007663753805745297",0.021921,2.396369,inf,33,33
2000081969293_Node0_Node8_Zero,"[0, 1, 2, 3, 4, 5, 6, 7, 8]",2000.081969,2000.084436,inf,3,7,2343.0,"0.02667338616052565,0.02667338616052565,0.02667338616052565,0.007663753805745297",0.021921,2.396369,inf,33,33
2000090163359_Node0_Node8_Zero,"[0, 1, 2, 3, 4, 5, 6, 7, 8]",2000.090163,2000.090493,inf,4,7,2343.0,"0.02667338616052565,0.02667338616052565,0.02667338616052565,0.02667338616052565,0.007663753805745297",0.022871,2.396369,inf,33,33
2000098356826_Node0_Node8_Zero,"[0, 1, 2, 3, 4, 5, 6, 7, 8]",2000.098357,2000.100008,inf,4,7,2343.0,"0.02667338616052565,0.02667338616052565,0.02667338616052565,0.02667338616052565,0.007663753805745297",0.022871,2.396369,inf,33,33
2000106549924_Node0_Node8_Zero,"[0, 1, 2, 3, 4, 5, 6, 7, 8]",2000.10655,2000.10674,inf,4,7,2343.0,"0.02667338616052565,0.02667338616052565,0.02667338616052565,0.02667338616052565,0.007663753805745297",0.022871,2.396369,inf,33,33
2000114751214_Node0_Node8_Zero,"[0, 1, 2, 3, 4, 5, 6, 7, 8]",2000.114751,2000.116541,inf,5,11,2343.0,"0.02667338616052565,0.02667338616052565,0.02667338616052565,0.02667338616052565,0.02667338616052565,0.007663753805745297",0.023505,2.396369,inf,33,33
2000122945266_Node0_Node8_Zero,"[0, 1, 2, 3, 4, 5, 6, 7, 8]",2000.122945,2000.131473,inf,5,7,2327.5,"0.02667338616052565,0.02667338616052565,0.02667338616052565,0.02667338616052565,0.02667338616052565,0.007663753805745297",0.023505,2.396369,inf,33,33
2000131142995_Node0_Node8_Zero,"[0, 1, 2, 3, 4, 5, 6, 7, 8]",2000.131143,2000.131473,inf,5,7,2327.5,"0.02667338616052565,0.02667338616052565,0.02667338616052565,0.02667338616052565,0.02667338616052565,0.007663753805745297",0.023505,2.396369,inf,33,33
2000139340303_Node0_Node8_Zero,"[0, 1, 2, 3, 4, 5, 6, 7, 8]",2000.13934,2000.13947,inf,6,10,2343.0,"0.02667338616052565,0.02667338616052565,0.02667338616052565,0.02667338616052565,0.02667338616052565,0.02667338616052565,0.007663753805745297",0.023958,2.396369,inf,33,33
2000147541308_Node0_Node8_Zero,"[0, 1, 2, 3, 4, 5, 6, 7, 8]",2000.147541,2000.147591,inf,6,8,2343.0,"0.02667338616052565,0.02667338616052565,0.02667338616052565,0.02667338616052565,0.02667338616052565,0.02667338616052565,0.007663753805745297",0.023958,2.396369,inf,33,33
2000155737790_Node0_Node8_Zero,"[0, 1, 2, 3, 4, 5, 6, 7, 8]",2000.155738,2000.157878,inf,6,12,2343.0,"0.02667338616052565,0.02667338616052565,0.02667338616052565,0.02667338616052565,0.02667338616052565,0.02667338616052565,0.007663753805745297",0.023958,2.396369,inf,33,33
2000163931896_Node0_Node8_Zero,"[0, 1, 2, 3, 4, 5, 6, 7, 8]",2000.163932,2000.165533,inf,7,7,2343.0,"0.02667338616052565,0.02667338616052565,0.02667338616052565,0.02667338616052565,0.02667338616052565,0.03285306515228533,0.03121355848100215,0.007663753805745297",0.025637,2.396369,inf,33,33
2000172127626_Node0_Node8_Zero,"[0, 1, 2, 3, 4, 5, 6, 7, 8]",2000.172128,2000.172438,inf,7,7,2343.0,"0.02667338616052565,0.02667338616052565,0.02667338616052565,0.02667338616052565,0.02667338616052565,0.03285306515228533,0.03121355848100215,0.007663753805745297",0.025637,2.396369,inf,33,33
2000180323661_Node0_Node8_Zero,"[0, 1, 2, 3, 4, 5, 6, 7, 8]",2000.180324,2000.180414,inf,7,10,2343.0,"0.02667338616052565,0.02667338616052565,0.02667338616052565,0.02667338616052565,0.02667338616052565,0.03285306515228533,0.03121355848100215,0.007663753805745297",0.025637,2.396369,inf,33,33
2000188525368_Node0_Node8_Zero,"[0, 1, 2, 3, 4, 5, 6, 7, 8]",2000.188525,2000.188855,inf,7,7,2343.0,"0.02667338616052565,0.02667338616052565,0.02667338616052565,0.02667338616052565,0.02667338616052565,0.02667338616052565,0.0337786145229021,0.0391156747210712",0.029117,8.340465,inf,33,33
2000196722048_Node0_Node8_Zero,"[0, 1, 2, 3, 4, 5, 6, 7, 8]",2000.196722,2000.196872,inf,7,7,2343.0,"0.02667338616052565,0.02667338616052565,0.02667338616052565,0.02667338616052565,0.02667338616052565,0.02667338616052565,0.0337786145229021,0.0391156747210712",0.029117,8.340465,inf,33,33
2000204918668_Node0_Node8_Zero,"[0, 1, 2, 3, 4, 5, 6, 7, 8]",2000.204919,2000.204969,inf,7,7,2343.0,"0.03377552731446292,0.02667338616052565,0.02667338616052565,0.02667338616052565,0.02667338616052565,0.02667338616052565,0.0337786145229021,0.0391156747210712",0.030005,8.340465,inf,33,33
2000213117677_Node0_Node8_Zero,"[0, 1, 2, 3, 4, 5, 6, 7, 8]",2000.213118,2000.213208,inf,7,8,2343.0,"0.02667338616052565,0.02667338616052565,0.02667338616052565,0.02667338616052565,0.03377552731446292,0.035572123908659596,0.0337786145229021,0.0391156747210712",0.031117,8.340465,inf,33,33
2000221318115_Node0_Node8_Zero,"[0, 1, 2, 3, 4, 5, 6, 7, 8]",2000.221318,2000.221448,0.309866,8,5,2343.0,"0.03377552731446292,0.02667338616052565,0.02667338616052565,0.02667338616052565,0.03377552731446292,0.035572123908659596,0.0337786145229021,0.042274528267937206",0.0324,5.481457,13.218765,33,33
2000229511590_Node0_Node8_Zero,"[0, 1, 2, 3, 4, 5, 6, 7, 8]",2000.229512,2000.229562,0.301672,8,0,2343.0,"0.030668340559615363,0.02667338616052565,0.02667338616052565,0.02667338616052565,0.02667338616052565,0.035572123908659596,0.0337786145229021,0.042274528267937206",0.031123,8.340465,13.218765,33,33
2000237709730_Node0_Node8_Zero,"[0, 1, 2, 3, 4, 5, 6, 7, 8]",2000.23771,2000.23806,0.293474,8,0,2343.0,"0.030668340559615363,0.03377552731446292,0.02667338616052565,0.02667338616052565,0.02667338616052565,0.035572123908659596,0.03344541674948007,0.042274528267937206",0.03197,8.340465,13.218765,33,33
2000245905276_Node0_Node8_Zero,"[0, 1, 2, 3, 4, 5, 6, 7, 8]",2000.245905,2000.246035,0.285279,8,0,2343.0,"0.02667338616052565,0.03377552731446292,0.02667338616052565,0.02667338616052565,0.02667338616052565,0.035572123908659596,0.03344541674948007,0.042274528267937206",0.03147,8.340465,13.218765,33,33
2000254098879_Node0_Node8_Zero,"[0, 1, 2, 3, 4, 5, 6, 7, 8]",2000.254099,2000.254409,0.279175,8,0,2343.0,"0.02667338616052565,0.02667338616052565,0.02667338616052565,0.02667338616052565,0.02667338616052565,0.035572123908659596,0.03344541674948007,0.042274528267937206",0.030582,8.340465,13.218765,33,33
2000262291769_Node0_Node8_Zero,"[0, 1, 2, 3, 4, 5, 6, 7, 8]",2000.262292,2000.262582,0.270982,8,0,2343.0,"0.030668340559615363,0.03377552731446292,0.02667338616052565,0.02667338616052565,0.02667338616052565,0.0337786145229021,0.03121355848100215,0.042274528267937206",0.031466,8.340465,13.218765,33,33
2000270484450_Node0_Node8_Zero,"[0, 1, 2, 3, 4, 5, 6, 7, 8]",2000.270484,2000.270754,0.26279,8,0,2343.0,"0.02667338616052565,0.02667338616052565,0.02667338616052565,0.02667338616052565,0.02667338616052565,0.0337786145229021,0.03121355848100215,0.042274528267937206",0.030079,8.340465,13.218765,33,33
2000278686066_Node0_Node8_Zero,"[0, 1, 2, 3, 4, 5, 6, 7, 8]",2000.278686,2000.278836,0.254588,8,0,2343.0,"0.02667338616052565,0.02667338616052565,0.02667338616052565,0.02667338616052565,0.02667338616052565,0.0337786145229021,0.03121355848100215,0.042274528267937206",0.030079,8.340465,13.218765,33,33
2000286885239_Node0_Node8_Zero,"[0, 1, 2, 3, 4, 5, 6, 7, 8]",2000.286885,2000.287095,0.248579,8,0,2343.0,"0.02667338616052565,0.02667338616052565,0.02667338616052565,0.02667338616052565,0.02667338616052565,0.0337786145229021,0.03690491500234774,0.042274528267937206",0.030791,8.340465,13.218765,33,33
2000295080767_Node0_Node8_Zero,"[0, 1, 2, 3, 4, 5, 6, 7, 8]",2000.295081,2000.295391,0.240383,8,0,2343.0,"0.02667338616052565,0.02667338616052565,0.02667338616052565,0.02667338616052565,0.02667338616052565,0.0337786145229021,0.03690491500234774,0.042274528267937206",0.030791,8.340465,13.218765,33,33
2000303277216_Node0_Node8_Zero,"[0, 1, 2, 3, 4, 5, 6, 7, 8]",2000.303277,2000.303407,0.232187,8,4,2343.0,"0.02667338616052565,0.02667338616052565,0.02667338616052565,0.02667338616052565,0.02667338616052565,0.02667338616052565,0.03690491500234774,0.042274528267937206",0.029902,3.730268,13.218765,33,33
2000311470579_Node0_Node8_Zero,"[0, 1, 2, 3, 4, 5, 6, 7, 8]",2000.311471,2000.312167,0.223993,8,6,2343.0,"0.030668340559615363,0.030668340559615363,0.02667338616052565,0.02667338616052565,0.02667338616052565,0.0337786145229021,0.03690491500234774,0.042274528267937206",0.031789,4.977189,13.218765,33,33
2000319669707_Node0_Node8_Zero,"[0, 1, 2, 3, 4, 5, 6, 7, 8]",2000.31967,2000.35261,0.217744,8,0,3483.5,"0.02667338616052565,0.030668340559615363,0.03377552731446292,0.02667338616052565,0.02667338616052565,0.02667338616052565,0.03344541674948007,0.05419282715449744",0.032347,8.340465,16.945482,33,33
2000327870796_Node0_Node8_Zero,"[0, 1, 2, 3, 4, 5, 6, 7, 8]",2000.327871,2000.35261,0.209543,8,6,3483.5,"0.02667338616052565,0.030668340559615363,0.030668340559615363,0.03377552731446292,0.02667338616052565,0.03570554265875067,0.02667338616052565,0.05419282715449744",0.033129,1.392239,16.945482,33,33
2000336065160_Node0_Node8_Zero,"[0, 1, 2, 3, 4, 5, 6, 7, 8]",2000.336065,2000.35261,0.201349,8,5,3483.5,"0.02667338616052565,0.030668340559615363,0.030668340559615363,0.02667338616052565,0.02667338616052565,0.02667338616052565,0.03690491500234774,0.05419282715449744",0.032391,1.392239,16.945482,33,33
2000344259632_Node0_Node8_Zero,"[0, 1, 2, 3, 4, 5, 6, 7, 8]",2000.34426,2000.35452,0.195124,8,6,2327.5,"0.02667338616052565,0.029230156975943066,0.030668340559615363,0.02667338616052565,0.02667338616052565,0.02667338616052565,0.03690491500234774,0.045212957090855106",0.031089,4.977189,14.137578,33,33
2000352460455_Node0_Node8_Zero,"[0, 1, 2, 3, 4, 5, 6, 7, 8]",2000.35246,2000.35452,0.184954,8,4,2327.5,"0.02667338616052565,0.029230156975943066,0.02667338616052565,0.03377552731446292,0.02667338616052565,0.02667338616052565,0.03690491500234774,0.05419282715449744",0.0326,5.310107,16.945482,33,33
2000360657406_Node0_Node8_Zero,"[0, 1, 2, 3, 4, 5, 6, 7, 8]",2000.360657,2000.364026,0.178727,6,14,2343.0,"0.02667338616052565,0.029230156975943066,0.030668340559615363,0.02667338616052565,0.035572123908659596,0.02667338616052565,0.02667338616052565,0.045212957090855106",0.030922,1.029628,14.137578,22,33
2000368850813_Node0_Node8_Zero,"[0, 1, 2, 3, 4, 5, 6, 7, 8]",2000.368851,2000.370845,0.170533,6,14,2343.0,"0.037942560247595916,0.029230156975943066,0.030668340559615363,0.02667338616052565,0.035572123908659596,0.02667338616052565,0.02667338616052565,0.045212957090855106",0.032331,1.029628,14.137578,22,33
2000377052323_Node0_Node8_Zero,"[0, 1, 2, 3, 4, 5, 6, 7, 8]",2000.377052,2000.377321,0.162332,6,14,2343.0,"0.0389855522367279,0.029230156975943066,0.030668340559615363,0.02667338616052565,0.035572123908659596,0.014361547818204326,0.014361547818204326,0.045212957090855106",0.029383,1.160179,14.137578,22,33
2000385244413_Node0_Node8_Zero,"[0, 1, 2, 3, 4, 5, 6, 7, 8]",2000.385244,2000.385334,0.15573,5,22,2343.0,"0.02667338616052565,0.02667338616052565,0.02667338616052565,0.02667338616052565,0.02667338616052565,0.010618917711206962,0.011578557367283646,0.04513920128383072",0.025088,1.243757,14.114516,22,33
2000393438285_Node0_Node8_Zero,"[0, 1, 2, 3, 4, 5, 6, 7, 8]",2000.393438,2000.393508,0.147536,3,39,2343.0,"0.02667338616052565,0.029230156975943066,0.030668340559615363,0.02667338616052565,0.010618917711206962,0.010618917711206962,0.011578557367283646,0.04513920128383072",0.0239,0.818288,14.114516,22,33
2000401635474_Node0_Node8_Zero,"[0, 1, 2, 3, 4, 5, 6, 7, 8]",2000.401635,2000.403456,0.201505,1,49,2343.0,"0.04057766389198493,0.04057766389198493,0.020459663434340494,0.02667338616052565,0.010618917711206962,0.010618917711206962,0.012822618564460542,0.04519950763713676",0.025944,0.818288,14.133373,22,22
2000409829172_Node0_Node8_Zero,"[0, 1, 2, 3, 4, 5, 6, 7, 8]",2000.409829,2000.410539,0.131145,1,49,2343.0,"0.014161586171535035,0.04057766389198493,0.020459663434340494,0.022540492410902696,0.016980628484432908,0.012029286257289253,0.012606414112334957,0.04513920128383072",0.023062,0.41816,14.114516,22,22
2000418023838_Node0_Node8_Zero,"[0, 1, 2, 3, 4, 5, 6, 7, 8]",2000.418024,2000.424739,0.153493,1,49,2343.0,"0.016154337180469575,0.020459663434340494,0.020459663434340494,0.010618917711206962,0.010618917711206962,0.026472438837868,0.010618917711206962,0.045212957090855106",0.020077,1.289296,14.137578,22,22
2000426224713_Node0_Node8_Zero,"[0, 1, 2, 3, 4, 5, 6, 7, 8]",2000.426225,2000.43336,inf,0,35,2343.0,"0.010618917711206962,0.020459663434340494,0.010618917711206962,0.021686480496029066,0.010618917711206962",0.014801,1.076269,inf,22,22
2000434425219_Node0_Node8_Zero,"[0, 1, 2, 3, 4, 5, 6, 7, 8]",2000.434425,2000.485453,1.652156,6,13,2327.5,"0.014161586171535035,0.010618917711206962,0.042274528267937206,0.042274528267937206,0.042274528267937206,0.04617366653957006,0.04619107460046789,0.045314916314765974",0.03616,0.614073,14.16946,22,22
2000442621827_Node0_Node8_Zero,"[0, 1, 2, 3, 4, 5, 6, 7, 8]",2000.442622,2000.485453,inf,0,6,2327.5,0.014161586171535035,0.014161586171535035,1.343913,inf,22,22
2000450819421_Node0_Node8_Zero,"[0, 1, 2, 3, 4, 5, 6, 7, 8]",2000.450819,2000.493762,inf,0,35,2327.5,"0.014161586171535035,0.013235075618382506,0.0212523635467317,0.013446344721529602,0.010618917711206962",0.014543,0.580139,inf,22,22
2000459021119_Node0_Node8_Zero,"[0, 1, 2, 3, 4, 5, 6, 7, 8]",2000.459021,2000.493762,0.221991,1,49,2327.5,"0.014161586171535035,0.013235075618382506,0.0212523635467317,0.020230321601379244,0.012255480444618857,0.012029286257289253,0.011434065109737516,0.042274528267937206",0.018359,0.580139,13.218765,22,22
2000467220107_Node0_Node8_Zero,"[0, 1, 2, 3, 4, 5, 6, 7, 8]",2000.46722,2000.497762,inf,1,15,2327.5,"0.014226703074511562,0.02667338616052565,0.010618917711206962",0.017173,1.441932,inf,22,22
2000475414417_Node0_Node8_Zero,"[0, 1, 2, 3, 4, 5, 6, 7, 8]",2000.475414,2000.497762,inf,1,14,2327.5,"0.014226703074511562,0.02667338616052565,0.010618917711206962",0.017173,1.441932,inf,22,22
2000483612732_Node0_Node8_Zero,"[0, 1, 2, 3, 4, 5, 6, 7, 8]",2000.483613,2000.503349,0.269656,1,49,2327.5,"0.02932986498834383,0.010618917711206962,0.03233327383187014,0.02108354933990913,0.012255480444618857,0.010618917711206962,0.013332746400461514,0.046099388889548266",0.021959,0.775228,14.414755,22,22
2000491813975_Node0_Node8_Zero,"[0, 1, 2, 3, 4, 5, 6, 7, 8]",2000.491814,2000.503349,0.261455,1,49,2327.5,"0.02932986498834383,0.010618917711206962,0.03233327383187014,0.02108354933990913,0.012255480444618857,0.010618917711206962,0.013332746400461514,0.046099388889548266",0.021959,0.775228,14.414755,22,22
2000500010075_Node0_Node8_Zero,"[0, 1, 2, 3, 4, 5, 6, 7, 8]",2000.50001,2000.507263,inf,1,36,2343.0,"0.01252636966315828,0.013235075618382506,0.010618917711206962,0.013446344721529602,0.02667338616052565,0.01943372112422128",0.015989,0.687151,inf,22,22
2000508208182_Node0_Node8_Zero,"[0, 1, 2, 3, 4, 5, 6, 7, 8]",2000.508208,2000.510942,inf,0,14,2343.0,"0.012156742333634526,0.013235075618382506",0.012696,1.341427,inf,22,22
2000516404103_Node0_Node8_Zero,"[0, 1, 2, 3, 4, 5, 6, 7, 8]",2000.516404,2000.602777,inf,2,31,2343.0,"0.01229325877179931,0.010618917711206962,0.010618917711206962,0.017788697614171543,0.02667338616052565,0.030668340559615363,0.010618917711206962",0.01704,0.426727,inf,22,22
2000524600653_Node0_Node8_Zero,"[0, 1, 2, 3, 4, 5, 6, 7, 8]",2000.524601,2000.613521,inf,0,42,2327.5,"0.014787837798733727,0.013279943650001543,0.014536608116991104,0.017788697614171543,0.010618917711206962,0.010618917711206962",0.013605,1.121707,inf,22,22
2000532795439_Node0_Node8_Zero,"[0, 1, 2, 3, 4, 5, 6, 7, 8]",2000.532795,2000.613521,1.443996,5,21,2327.5,"0.014787837798733727,0.013279943650001543,0.010618917711206962,0.042274528267937206,0.042274528267937206,0.042274528267937206,0.05242874268630579,0.042274528267937206",0.032527,1.132477,13.218765,22,22
2000540995532_Node0_Node8_Zero,"[0, 1, 2, 3, 4, 5, 6, 7, 8]",2000.540996,2000.615603,inf,0,33,2327.5,"0.018518453106860473,0.010618917711206962,0.014536608116991104,0.021686480496029066,0.010618917711206962",0.015196,0.521186,inf,22,22
2000549189545_Node0_Node8_Zero,"[0, 1, 2, 3, 4, 5, 6, 7, 8]",2000.54919,2000.615603,inf,2,26,2327.5,"0.018518453106860473,0.010618917711206962,0.010618917711206962,0.02667338616052565,0.03955659024860239,0.012029286257289253",0.019669,1.318056,inf,22,22
2000557384929_Node0_Node8_Zero,"[0, 1, 2, 3, 4, 5, 6, 7, 8]",2000.557385,2000.617566,inf,0,20,2327.5,"0.012321974312035492,0.010618917711206962,0.010618917711206962",0.011187,0.503957,inf,22,22
2000565585562_Node0_Node8_Zero,"[0, 1, 2, 3, 4, 5, 6, 7, 8]",2000.565586,2000.617566,inf,0,20,2327.5,"0.012321974312035492,0.010618917711206962,0.010618917711206962",0.011187,0.891799,inf,22,22
2000573782869_Node0_Node8_Zero,"[0, 1, 2, 3, 4, 5, 6, 7, 8]",2000.573783,2000.619528,inf,1,36,2327.5,"0.012822618564460542,0.024714601093491533,0.02675092249287727,0.03745888956881923,0.02667338616052565,0.01943372112422128",0.024642,0.904923,inf,22,22
2000581978324_Node0_Node8_Zero,"[0, 1, 2, 3, 4, 5, 6, 7, 8]",2000.581978,2000.619528,inf,1,36,2327.5,"0.012822618564460542,0.024714601093491533,0.02675092249287727,0.03745888956881923,0.02667338616052565,0.01943372112422128",0.024642,0.904923,inf,22,22
2000590178223_Node0_Node8_Zero,"[0, 1, 2, 3, 4, 5, 6, 7, 8]",2000.590178,2000.621391,inf,0,28,2327.5,"0.014536608116991104,0.01943372112422128,0.010618917711206962,0.010618917711206962",0.013802,1.168316,inf,22,22
2000598370844_Node0_Node8_Zero,"[0, 1, 2, 3, 4, 5, 6, 7, 8]",2000.598371,2000.621391,inf,0,21,2327.5,"0.014536608116991104,0.01943372112422128,0.010618917711206962",0.014863,1.168316,inf,22,22
2000606563425_Node0_Node8_Zero,"[0, 1, 2, 3, 4, 5, 6, 7, 8]",2000.606563,2000.623373,inf,0,28,2327.5,"0.012029286257289253,0.014536608116991104,0.010618917711206962,0.010618917711206962",0.011951,0.584162,inf,22,22
2000614761719_Node0_Node8_Zero,"[0, 1, 2, 3, 4, 5, 6, 7, 8]",2000.614762,2000.623373,inf,0,14,2327.5,"0.012029286257289253,0.010618917711206962",0.011324,0.921902,inf,22,22
2000622955182_Node0_Node8_Zero,"[0, 1, 2, 3, 4, 5, 6, 7, 8]",2000.622955,2000.626503,inf,0,28,2343.0,"0.012321974312035492,0.014536608116991104,0.02675092249287727,0.010618917711206962",0.016057,0.411432,inf,22,22
2000631153236_Node0_Node8_Zero,"[0, 1, 2, 3, 4, 5, 6, 7, 8]",2000.631153,2000.633053,inf,0,21,2343.0,"0.04004848965369483,0.01338580840741249,0.010618917711206962",0.021351,0.537916,inf,22,22
2000639349894_Node0_Node8_Zero,"[0, 1, 2, 3, 4, 5, 6, 7, 8]",2000.63935,2000.68559,inf,0,14,2343.0,"0.010618917711206962,0.010618917711206962",0.010619,0.298861,inf,22,22
2000647547623_Node0_Node8_Zero,"[0, 1, 2, 3, 4, 5, 6, 7, 8]",2000.647548,2000.699681,inf,0,21,2327.5,"0.04004848965369483,0.01338580840741249,0.010618917711206962",0.021351,0.804222,inf,22,22
2000655741317_Node0_Node8_Zero,"[0, 1, 2, 3, 4, 5, 6, 7, 8]",2000.655741,2000.699681,inf,0,14,2327.5,"0.04004848965369483,0.01943372112422128",0.029741,6.076704,inf,22,22
2000663936047_Node0_Node8_Zero,"[0, 1, 2, 3, 4, 5, 6, 7, 8]",2000.663936,2000.726516,inf,0,9,2327.5,"0.01514039338904242,0.01943372112422128",0.017287,1.205177,inf,22,22
2000672134242_Node0_Node8_Zero,"[0, 1, 2, 3, 4, 5, 6, 7, 8]",2000.672134,2000.726516,inf,0,9,2327.5,"0.01514039338904242,0.01943372112422128",0.017287,1.205177,inf,22,22
2000680330288_Node0_Node8_Zero,"[0, 1, 2, 3, 4, 5, 6, 7, 8]",2000.68033,2001.125257,inf,1,14,2327.5,"0.010618917711206962,0.02667338616052565,0.010618917711206962",0.01597,1.309417,inf,22,22
2000688523465_Node0_Node8_Zero,"[0, 1, 2, 3, 4, 5, 6, 7, 8]",2000.688523,2001.125257,inf,1,14,2327.5,"0.010618917711206962,0.02667338616052565,0.010618917711206962",0.01597,1.309417,inf,22,22
2000696719462_Node0_Node8_Zero,"[0, 1, 2, 3, 4, 5, 6, 7, 8]",2000.696719,2001.12728,inf,0,7,3483.5,0.010618917711206962,0.010618917711206962,0.845267,inf,33,33
2000704912396_Node0_Node8_Zero,"[0, 1, 2, 3, 4, 5, 6, 7, 8]",2000.704912,2001.12728,inf,0,7,3483.5,0.010618917711206962,0.010618917711206962,0.845267,inf,33,33
2000713111201_Node0_Node8_Zero,"[0, 1, 2, 3, 4, 5, 6, 7, 8]",2000.713111,2001.12728,inf,0,7,3483.5,0.010618917711206962,0.010618917711206962,0.845267,inf,33,33
2000721310572_Node0_Node8_Zero,"[0, 1, 2, 3, 4, 5, 6, 7, 8]",2000.721311,2001.131282,inf,2,7,3483.5,"0.02667338616052565,0.02667338616052565,0.010618917711206962",0.021322,3.320415,inf,33,33
2000729504317_Node0_Node8_Zero,"[0, 1, 2, 3, 4, 5, 6, 7, 8]",2000.729504,2001.131282,inf,2,7,3483.5,"0.02667338616052565,0.02667338616052565,0.010618917711206962",0.021322,3.320415,inf,33,33
2000737702335_Node0_Node8_Zero,"[0, 1, 2, 3, 4, 5, 6, 7, 8]",2000.737702,2001.131282,inf,2,7,3483.5,"0.02667338616052565,0.02667338616052565,0.010618917711206962",0.021322,3.320415,inf,33,33
2000745903396_Node0_Node8_Zero,"[0, 1, 2, 3, 4, 5, 6, 7, 8]",2000.745903,2001.13903,inf,2,7,3483.5,"0.02667338616052565,0.02667338616052565,0.02667338616052565",0.026673,8.340465,inf,33,33
2000754105042_Node0_Node8_Zero,"[0, 1, 2, 3, 4, 5, 6, 7, 8]",2000.754105,2001.13903,inf,2,7,3483.5,"0.02667338616052565,0.02667338616052565,0.02667338616052565",0.026673,8.340465,inf,33,33
2000762299570_Node0_Node8_Zero,"[0, 1, 2, 3, 4, 5, 6, 7, 8]",2000.7623,2001.13903,inf,2,7,3483.5,"0.02667338616052565,0.02667338616052565,0.02667338616052565",0.026673,8.340465,inf,33,33
2000770493048_Node0_Node8_Zero,"[0, 1, 2, 3, 4, 5, 6, 7, 8]",2000.770493,2001.152752,inf,2,8,3483.5,"0.02667338616052565,0.02667338616052565,0.02667338616052565",0.026673,1.383178,inf,33,33
2000778690023_Node0_Node8_Zero,"[0, 1, 2, 3, 4, 5, 6, 7, 8]",2000.77869,2001.152752,inf,3,8,3483.5,"0.02667338616052565,0.02667338616052565,0.042274528267937206,0.010618917711206962",0.02656,1.383178,inf,33,33
2000786889548_Node0_Node8_Zero,"[0, 1, 2, 3, 4, 5, 6, 7, 8]",2000.78689,2001.152752,1.170922,8,1,3483.5,"0.02667338616052565,0.042274528267937206,0.042274528267937206,0.042274528267937206,0.042274528267937206,0.042274528267937206,0.04513920128383072,0.04973476743245289",0.041615,1.383178,15.551497,33,33
2000795089056_Node0_Node8_Zero,"[0, 1, 2, 3, 4, 5, 6, 7, 8]",2000.795089,2001.173773,inf,3,7,3483.5,"0.02667338616052565,0.02667338616052565,0.042274528267937206,0.010618917711206962",0.02656,3.320415,inf,33,33
2000803286519_Node0_Node8_Zero,"[0, 1, 2, 3, 4, 5, 6, 7, 8]",2000.803287,2001.173773,inf,3,7,3483.5,"0.02667338616052565,0.02667338616052565,0.042274528267937206,0.010618917711206962",0.02656,3.320415,inf,33,33
2000811485117_Node0_Node8_Zero,"[0, 1, 2, 3, 4, 5, 6, 7, 8]",2000.811485,2001.173773,inf,3,7,3483.5,"0.02667338616052565,0.02667338616052565,0.042274528267937206,0.010618917711206962",0.02656,3.320415,inf,33,33
2000819680049_Node0_Node8_Zero,"[0, 1, 2, 3, 4, 5, 6, 7, 8]",2000.81968,2001.177703,inf,4,7,3483.5,"0.02667338616052565,0.02667338616052565,0.042274528267937206,0.042274528267937206,0.02812045108157556",0.033203,8.340465,inf,33,33
2000827876166_Node0_Node8_Zero,"[0, 1, 2, 3, 4, 5, 6, 7, 8]",2000.827876,2001.177703,inf,4,7,3483.5,"0.02667338616052565,0.02667338616052565,0.042274528267937206,0.042274528267937206,0.02812045108157556",0.033203,8.340465,inf,33,33
2000836071532_Node0_Node8_Zero,"[0, 1, 2, 3, 4, 5, 6, 7, 8]",2000.836072,2001.177703,inf,4,7,3483.5,"0.02667338616052565,0.02667338616052565,0.042274528267937206,0.042274528267937206,0.02812045108157556",0.033203,8.340465,inf,33,33
2000844267962_Node0_Node8_Zero,"[0, 1, 2, 3, 4, 5, 6, 7, 8]",2000.844268,2001.183031,inf,4,7,3483.5,"0.02667338616052565,0.02667338616052565,0.042274528267937206,0.042274528267937206,0.02812045108157556",0.033203,8.340465,inf,33,33
2000852464658_Node0_Node8_Zero,"[0, 1, 2, 3, 4, 5, 6, 7, 8]",2000.852465,2001.183031,inf,5,7,3483.5,"0.02667338616052565,0.02667338616052565,0.042274528267937206,0.042274528267937206,0.042274528267937206,0.011598340312652996",0.031961,3.626669,inf,33,33
2000860664012_Node0_Node8_Zero,"[0, 1, 2, 3, 4, 5, 6, 7, 8]",2000.860664,2001.183031,inf,5,7,3483.5,"0.02667338616052565,0.02667338616052565,0.042274528267937206,0.042274528267937206,0.042274528267937206,0.011598340312652996",0.031961,1.98594,inf,33,33
2000868863232_Node0_Node8_Zero,"[0, 1, 2, 3, 4, 5, 6, 7, 8]",2000.868863,2001.187061,inf,5,7,3483.5,"0.02667338616052565,0.02667338616052565,0.042274528267937206,0.042274528267937206,0.042274528267937206,0.011598340312652996",0.031961,3.626669,inf,33,33
2000877063424_Node0_Node8_Zero,"[0, 1, 2, 3, 4, 5, 6, 7, 8]",2000.877063,2001.187061,inf,5,7,3483.5,"0.02667338616052565,0.02667338616052565,0.042274528267937206,0.042274528267937206,0.042274528267937206,0.011598340312652996",0.031961,1.98594,inf,33,33
2000885256526_Node0_Node8_Zero,"[0, 1, 2, 3, 4, 5, 6, 7, 8]",2000.885257,2001.187061,inf,6,7,3483.5,"0.02667338616052565,0.02667338616052565,0.042274528267937206,0.042274528267937206,0.05637809720434683,0.042274528267937206,0.029774604674934802",0.038046,8.340465,inf,33,33
2000893449187_Node0_Node8_Zero,"[0, 1, 2, 3, 4, 5, 6, 7, 8]",2000.893449,2001.189068,inf,6,7,3483.5,"0.02667338616052565,0.02667338616052565,0.042274528267937206,0.042274528267937206,0.05637809720434683,0.042274528267937206,0.029774604674934802",0.038046,8.340465,inf,33,33
2000901649229_Node0_Node8_Zero,"[0, 1, 2, 3, 4, 5, 6, 7, 8]",2000.901649,2001.189068,inf,6,7,3483.5,"0.02667338616052565,0.02667338616052565,0.042274528267937206,0.042274528267937206,0.05637809720434683,0.042274528267937206,0.029774604674934802",0.038046,8.340465,inf,33,33
2000909850110_Node0_Node8_Zero,"[0, 1, 2, 3, 4, 5, 6, 7, 8]",2000.90985,2001.189068,inf,6,7,3483.5,"0.02667338616052565,0.02667338616052565,0.042274528267937206,0.042274528267937206,0.05637809720434683,0.042274528267937206,0.029774604674934802",0.038046,8.340465,inf,33,33
2000918043303_Node0_Node8_Zero,"[0, 1, 2, 3, 4, 5, 6, 7, 8]",2000.918043,2001.194833,1.033263,8,0,3483.5,"0.02667338616052565,0.02667338616052565,0.042274528267937206,0.042274528267937206,0.042274528267937206,0.05428868121262249,0.05242874268630579,0.047517177096847746",0.041801,8.340465,14.858082,33,33
2000926235872_Node0_Node8_Zero,"[0, 1, 2, 3, 4, 5, 6, 7, 8]",2000.926236,2001.194833,1.02507,8,0,3483.5,"0.02667338616052565,0.02667338616052565,0.042274528267937206,0.042274528267937206,0.042274528267937206,0.05428868121262249,0.05242874268630579,0.047517177096847746",0.041801,8.340465,14.858082,33,33
2000934430789_Node0_Node8_Zero,"[0, 1, 2, 3, 4, 5, 6, 7, 8]",2000.934431,2001.194833,1.016875,8,0,3483.5,"0.02667338616052565,0.02667338616052565,0.042274528267937206,0.042274528267937206,0.042274528267937206,0.05428868121262249,0.05242874268630579,0.047517177096847746",0.041801,8.340465,14.858082,33,33
2000942629531_Node0_Node8_Zero,"[0, 1, 2, 3, 4, 5, 6, 7, 8]",2000.94263,2001.198783,inf,1,7,3483.5,"0.02667338616052565,0.02667338616052565",0.026673,8.340465,inf,33,33
2000950825993_Node0_Node8_Zero,"[0, 1, 2, 3, 4, 5, 6, 7, 8]",2000.950826,2001.198783,inf,1,7,3483.5,"0.02667338616052565,0.02667338616052565",0.026673,8.340465,inf,33,33
2000959025132_Node0_Node8_Zero,"[0, 1, 2, 3, 4, 5, 6, 7, 8]",2000.959025,2001.198783,inf,1,7,3483.5,"0.02667338616052565,0.02667338616052565",0.026673,8.340465,inf,33,33
2000967220745_Node0_Node8_Zero,"[0, 1, 2, 3, 4, 5, 6, 7, 8]",2000.967221,2001.202733,inf,1,7,3483.5,"0.02667338616052565,0.010618917711206962",0.018646,3.320415,inf,33,33
2000975416845_Node0_Node8_Zero,"[0, 1, 2, 3, 4, 5, 6, 7, 8]",2000.975417,2001.202733,inf,1,7,3483.5,"0.02667338616052565,0.010618917711206962",0.018646,3.320415,inf,33,33
2000983615768_Node0_Node8_Zero,"[0, 1, 2, 3, 4, 5, 6, 7, 8]",2000.983616,2001.202733,inf,1,7,3483.5,"0.02667338616052565,0.010618917711206962",0.018646,3.320415,inf,33,33
2000991810361_Node0_Node8_Zero,"[0, 1, 2, 3, 4, 5, 6, 7, 8]",2000.99181,2001.20464,inf,0,7,4639.5,0.02667338616052565,0.02667338616052565,1.090917,inf,44,44
2001000006934_Node0_Node8_Zero,"[0, 1, 2, 3, 4, 5, 6, 7, 8]",2001.000007,2001.20464,inf,0,7,4639.5,0.02667338616052565,0.02667338616052565,8.340465,inf,44,44
2001008203602_Node0_Node8_Zero,"[0, 1, 2, 3, 4, 5, 6, 7, 8]",2001.008204,2001.20464,inf,0,7,4639.5,0.02667338616052565,0.02667338616052565,8.340465,inf,44,44
2001016403215_Node0_Node8_Zero,"[0, 1, 2, 3, 4, 5, 6, 7, 8]",2001.016403,2001.20464,inf,0,7,4639.5,0.02667338616052565,0.02667338616052565,8.340465,inf,44,44
2001024602032_Node0_Node8_Zero,"[0, 1, 2, 3, 4, 5, 6, 7, 8]",2001.024602,2001.206836,inf,1,7,4639.5,"0.042274528267937206,0.010618917711206962",0.026447,3.320415,inf,44,44
2001032800041_Node0_Node8_Zero,"[0, 1, 2, 3, 4, 5, 6, 7, 8]",2001.0328,2001.206836,0.918506,8,0,4639.5,"0.042274528267937206,0.042274528267937206,0.042274528267937206,0.042274528267937206,0.042274528267937206,0.05428868121262249,0.05242874268630579,0.047517177096847746",0.045701,13.218765,14.858082,44,44
2001040999939_Node0_Node8_Zero,"[0, 1, 2, 3, 4, 5, 6, 7, 8]",2001.041,2001.206836,0.912356,8,0,4639.5,"0.042274528267937206,0.042274528267937206,0.042274528267937206,0.042274528267937206,0.042274528267937206,0.042274528267937206,0.042274528267937206,0.04778373488372222",0.042963,13.218765,14.941431,44,44
2001049196851_Node0_Node8_Zero,"[0, 1, 2, 3, 4, 5, 6, 7, 8]",2001.049197,2001.206836,0.904159,8,0,4639.5,"0.042274528267937206,0.042274528267937206,0.042274528267937206,0.042274528267937206,0.042274528267937206,0.042274528267937206,0.042274528267937206,0.04778373488372222",0.042963,13.218765,14.941431,44,44
2001057396631_Node0_Node8_Zero,"[0, 1, 2, 3, 4, 5, 6, 7, 8]",2001.057397,2001.210807,0.895959,8,0,4639.5,"0.042274528267937206,0.042274528267937206,0.042274528267937206,0.042274528267937206,0.042274528267937206,0.042274528267937206,0.042274528267937206,0.04778373488372222",0.042963,13.218765,14.941431,44,44
2001065591979_Node0_Node8_Zero,"[0, 1, 2, 3, 4, 5, 6, 7, 8]",2001.065592,2001.210807,0.887764,8,0,4639.5,"0.042274528267937206,0.042274528267937206,0.042274528267937206,0.042274528267937206,0.042274528267937206,0.042274528267937206,0.042274528267937206,0.04778373488372222",0.042963,13.218765,14.941431,44,44
2001073788570_Node0_Node8_Zero,"[0, 1, 2, 3, 4, 5, 6, 7, 8]",2001.073789,2001.210807,0.884023,8,0,4639.5,"0.042274528267937206,0.042274528267937206,0.042274528267937206,0.042274528267937206,0.042274528267937206,0.042274528267937206,0.04513920128383072,0.04973476743245289",0.043565,13.218765,15.551497,44,44
2001081989126_Node0_Node8_Zero,"[0, 1, 2, 3, 4, 5, 6, 7, 8]",2001.081989,2001.210807,0.875823,8,0,4639.5,"0.042274528267937206,0.042274528267937206,0.042274528267937206,0.042274528267937206,0.042274528267937206,0.042274528267937206,0.04513920128383072,0.04973476743245289",0.043565,13.218765,15.551497,44,44
2001090188555_Node0_Node8_Zero,"[0, 1, 2, 3, 4, 5, 6, 7, 8]",2001.090189,2001.220827,0.867623,8,0,4639.5,"0.042274528267937206,0.042274528267937206,0.042274528267937206,0.042274528267937206,0.042274528267937206,0.042274528267937206,0.04513920128383072,0.04973476743245289",0.043565,13.218765,15.551497,44,44
2001098381663_Node0_Node8_Zero,"[0, 1, 2, 3, 4, 5, 6, 7, 8]",2001.098382,2001.220827,0.865865,8,1,4639.5,"0.042274528267937206,0.042274528267937206,0.042274528267937206,0.042274528267937206,0.042274528267937206,0.042274528267937206,0.04994921412789479,0.042274528267937206",0.043234,13.218765,13.218765,44,44
2001106579771_Node0_Node8_Zero,"[0, 1, 2, 3, 4, 5, 6, 7, 8]",2001.10658,2001.220827,0.857667,8,0,4639.5,"0.042274528267937206,0.042274528267937206,0.042274528267937206,0.042274528267937206,0.042274528267937206,0.042274528267937206,0.04994921412789479,0.042274528267937206",0.043234,13.218765,13.218765,44,44
2001114780900_Node0_Node8_Zero,"[0, 1, 2, 3, 4, 5, 6, 7, 8]",2001.114781,2001.220827,0.849466,8,0,4639.5,"0.042274528267937206,0.042274528267937206,0.042274528267937206,0.042274528267937206,0.042274528267937206,0.042274528267937206,0.04994921412789479,0.042274528267937206",0.043234,13.218765,13.218765,44,44
2001122976613_Node0_Node8_Zero,"[0, 1, 2, 3, 4, 5, 6, 7, 8]",2001.122977,2001.222701,0.84127,8,0,4639.5,"0.042274528267937206,0.042274528267937206,0.042274528267937206,0.042274528267937206,0.042274528267937206,0.042274528267937206,0.04994921412789479,0.042274528267937206",0.043234,13.218765,13.218765,44,44
2001131169689_Node0_Node8_Zero,"[0, 1, 2, 3, 4, 5, 6, 7, 8]",2001.13117,2001.222701,0.835267,8,0,4639.5,"0.042274528267937206,0.042274528267937206,0.042274528267937206,0.042274528267937206,0.05637809720434683,0.05571608383421258,0.04617366653957006,0.042274528267937206",0.046205,13.218765,13.218765,44,44
2001139367748_Node0_Node8_Zero,"[0, 1, 2, 3, 4, 5, 6, 7, 8]",2001.139368,2001.222701,0.827069,8,0,4639.5,"0.042274528267937206,0.042274528267937206,0.042274528267937206,0.042274528267937206,0.05637809720434683,0.05571608383421258,0.04617366653957006,0.042274528267937206",0.046205,13.218765,13.218765,44,44
2001147560048_Node0_Node8_Zero,"[0, 1, 2, 3, 4, 5, 6, 7, 8]",2001.14756,2001.222701,0.818877,8,0,4639.5,"0.042274528267937206,0.042274528267937206,0.042274528267937206,0.042274528267937206,0.05637809720434683,0.05571608383421258,0.04617366653957006,0.042274528267937206",0.046205,13.218765,13.218765,44,44
2001155756597_Node0_Node8_Zero,"[0, 1, 2, 3, 4, 5, 6, 7, 8]",2001.155757,2001.226629,0.81068,8,0,4639.5,"0.042274528267937206,0.042274528267937206,0.042274528267937206,0.042274528267937206,0.05637809720434683,0.05571608383421258,0.04617366653957006,0.042274528267937206",0.046205,13.218765,13.218765,44,44
2001163949144_Node0_Node8_Zero,"[0, 1, 2, 3, 4, 5, 6, 7, 8]",2001.163949,2001.226629,0.810832,8,0,4639.5,"0.042274528267937206,0.042274528267937206,0.042274528267937206,0.042274528267937206,0.042274528267937206,0.042274528267937206,0.042274528267937206,0.042274528267937206",0.042275,13.218765,13.218765,44,44
2001172145595_Node0_Node8_Zero,"[0, 1, 2, 3, 4, 5, 6, 7, 8]",2001.172146,2001.226629,0.802635,8,0,4639.5,"0.042274528267937206,0.042274528267937206,0.042274528267937206,0.042274528267937206,0.042274528267937206,0.042274528267937206,0.042274528267937206,0.042274528267937206",0.042275,13.218765,13.218765,44,44
2001180345439_Node0_Node8_Zero,"[0, 1, 2, 3, 4, 5, 6, 7, 8]",2001.180345,2001.226629,0.794436,8,0,4639.5,"0.042274528267937206,0.042274528267937206,0.042274528267937206,0.042274528267937206,0.042274528267937206,0.042274528267937206,0.042274528267937206,0.042274528267937206",0.042275,13.218765,13.218765,44,44
2001188546344_Node0_Node8_Zero,"[0, 1, 2, 3, 4, 5, 6, 7, 8]",2001.188546,2001.228543,0.786235,8,0,4639.5,"0.042274528267937206,0.042274528267937206,0.042274528267937206,0.042274528267937206,0.042274528267937206,0.042274528267937206,0.042274528267937206,0.042274528267937206",0.042275,13.218765,13.218765,44,44
2001196744446_Node0_Node8_Zero,"[0, 1, 2, 3, 4, 5, 6, 7, 8]",2001.196744,2001.228543,0.780047,8,0,4639.5,"0.042274528267937206,0.042274528267937206,0.042274528267937206,0.042274528267937206,0.042274528267937206,0.042274528267937206,0.05242874268630579,0.042274528267937206",0.043544,13.218765,13.218765,44,44
2001204936337_Node0_Node8_Zero,"[0, 1, 2, 3, 4, 5, 6, 7, 8]",2001.204936,2001.228543,0.771855,8,0,4639.5,"0.042274528267937206,0.042274528267937206,0.042274528267937206,0.042274528267937206,0.042274528267937206,0.042274528267937206,0.05242874268630579,0.042274528267937206",0.043544,13.218765,13.218765,44,44
2001213131671_Node0_Node8_Zero,"[0, 1, 2, 3, 4, 5, 6, 7, 8]",2001.213132,2001.228543,0.763659,8,0,4639.5,"0.042274528267937206,0.042274528267937206,0.042274528267937206,0.042274528267937206,0.042274528267937206,0.042274528267937206,0.05242874268630579,0.042274528267937206",0.043544,13.218765,13.218765,44,44
2001221327263_Node0_Node8_Zero,"[0, 1, 2, 3, 4, 5, 6, 7, 8]",2001.221327,2001.23062,inf,2,7,2343.0,"0.042274528267937206,0.042274528267937206,0.010618917711206962",0.031723,1.632083,inf,44,44
2001229520021_Node0_Node8_Zero,"[0, 1, 2, 3, 4, 5, 6, 7, 8]",2001.22952,2001.231517,inf,2,7,2343.0,"0.042274528267937206,0.042274528267937206,0.010618917711206962",0.031723,3.320415,inf,44,44
2001237713882_Node0_Node8_Zero,"[0, 1, 2, 3, 4, 5, 6, 7, 8]",2001.237714,2001.238207,inf,2,7,2343.0,"0.042274528267937206,0.042274528267937206,0.010618917711206962",0.031723,1.632083,inf,44,44
2001245912511_Node0_Node8_Zero,"[0, 1, 2, 3, 4, 5, 6, 7, 8]",2001.245913,2001.246945,inf,0,7,2343.0,0.010618917711206962,0.010618917711206962,3.320415,inf,44,44
2001254111246_Node0_Node8_Zero,"[0, 1, 2, 3, 4, 5, 6, 7, 8]",2001.254111,2001.25739,inf,2,7,2343.0,"0.15943536375336315,0.042274528267937206,0.010618917711206962",0.070776,1.632083,inf,44,44
2001262310023_Node0_Node8_Zero,"[0, 1, 2, 3, 4, 5, 6, 7, 8]",2001.26231,2001.273753,0.716611,8,0,2343.0,"0.042274528267937206,0.042274528267937206,0.042274528267937206,0.042274528267937206,0.042274528267937206,0.042274528267937206,0.042274528267937206,0.042274528267937206",0.042275,13.218765,13.218765,44,44
2001270506270_Node0_Node8_Zero,"[0, 1, 2, 3, 4, 5, 6, 7, 8]",2001.270506,2001.378428,0.708415,8,0,2343.0,"0.042274528267937206,0.042274528267937206,0.042274528267937206,0.042274528267937206,0.042274528267937206,0.042274528267937206,0.042274528267937206,0.042274528267937206",0.042275,13.218765,13.218765,44,44
2001278699948_Node0_Node8_Zero,"[0, 1, 2, 3, 4, 5, 6, 7, 8]",2001.2787,2001.405357,0.700221,8,0,4639.5,"0.042274528267937206,0.042274528267937206,0.042274528267937206,0.042274528267937206,0.042274528267937206,0.042274528267937206,0.042274528267937206,0.042274528267937206",0.042275,13.218765,13.218765,44,44
2001286895988_Node0_Node8_Zero,"[0, 1, 2, 3, 4, 5, 6, 7, 8]",2001.286896,2001.405357,0.692025,8,0,4639.5,"0.042274528267937206,0.042274528267937206,0.042274528267937206,0.042274528267937206,0.042274528267937206,0.042274528267937206,0.042274528267937206,0.042274528267937206",0.042275,13.218765,13.218765,44,44
2001295089151_Node0_Node8_Zero,"[0, 1, 2, 3, 4, 5, 6, 7, 8]",2001.295089,2001.405357,0.688291,8,1,4639.5,"0.042274528267937206,0.042274528267937206,0.042274528267937206,0.042274528267937206,0.05637809720434683,0.05571608383421258,0.042274528267937206,0.042274528267937206",0.045718,13.218765,13.218765,44,44
2001303288230_Node0_Node8_Zero,"[0, 1, 2, 3, 4, 5, 6, 7, 8]",2001.303288,2001.405357,0.680092,8,1,4639.5,"0.042274528267937206,0.042274528267937206,0.042274528267937206,0.042274528267937206,0.05637809720434683,0.05571608383421258,0.042274528267937206,0.042274528267937206",0.045718,13.218765,13.218765,44,44
2001311486410_Node0_Node8_Zero,"[0, 1, 2, 3, 4, 5, 6, 7, 8]",2001.311486,2001.407434,0.671894,8,1,4639.5,"0.042274528267937206,0.042274528267937206,0.042274528267937206,0.042274528267937206,0.05637809720434683,0.05571608383421258,0.042274528267937206,0.042274528267937206",0.045718,13.218765,13.218765,44,44
2001319684434_Node0_Node8_Zero,"[0, 1, 2, 3, 4, 5, 6, 7, 8]",2001.319684,2001.407434,0.663696,8,1,4639.5,"0.042274528267937206,0.042274528267937206,0.042274528267937206,0.042274528267937206,0.05637809720434683,0.05571608383421258,0.042274528267937206,0.042274528267937206",0.045718,13.218765,13.218765,44,44
2001327885055_Node0_Node8_Zero,"[0, 1, 2, 3, 4, 5, 6, 7, 8]",2001.327885,2001.407434,0.66392,8,4,4639.5,"0.042274528267937206,0.042274528267937206,0.042274528267937206,0.042274528267937206,0.042274528267937206,0.042274528267937206,0.05211240022290384,0.042274528267937206",0.043504,6.497417,13.218765,44,44
2001336085969_Node0_Node8_Zero,"[0, 1, 2, 3, 4, 5, 6, 7, 8]",2001.336086,2001.407434,0.655719,8,4,4639.5,"0.042274528267937206,0.042274528267937206,0.042274528267937206,0.042274528267937206,0.042274528267937206,0.042274528267937206,0.05211240022290384,0.042274528267937206",0.043504,6.497417,13.218765,44,44
2001344287531_Node0_Node8_Zero,"[0, 1, 2, 3, 4, 5, 6, 7, 8]",2001.344288,2001.409451,0.647517,8,4,4639.5,"0.042274528267937206,0.042274528267937206,0.042274528267937206,0.042274528267937206,0.042274528267937206,0.042274528267937206,0.05211240022290384,0.042274528267937206",0.043504,6.497417,13.218765,44,44
2001352485672_Node0_Node8_Zero,"[0, 1, 2, 3, 4, 5, 6, 7, 8]",2001.352486,2001.409451,0.639319,8,4,4639.5,"0.042274528267937206,0.042274528267937206,0.042274528267937206,0.042274528267937206,0.042274528267937206,0.042274528267937206,0.05211240022290384,0.042274528267937206",0.043504,6.497417,13.218765,44,44
2001360682152_Node0_Node8_Zero,"[0, 1, 2, 3, 4, 5, 6, 7, 8]",2001.360682,2001.409451,0.629033,8,0,4639.5,"0.042274528267937206,0.042274528267937206,0.042274528267937206,0.042274528267937206,0.051047589379111115,0.05571608383421258,0.042274528267937206,0.04973476743245289",0.045984,13.218765,15.551497,44,44
2001368875101_Node0_Node8_Zero,"[0, 1, 2, 3, 4, 5, 6, 7, 8]",2001.368875,2001.409451,0.62084,8,0,4639.5,"0.042274528267937206,0.042274528267937206,0.042274528267937206,0.042274528267937206,0.051047589379111115,0.05571608383421258,0.042274528267937206,0.04973476743245289",0.045984,13.218765,15.551497,44,44
2001377070714_Node0_Node8_Zero,"[0, 1, 2, 3, 4, 5, 6, 7, 8]",2001.377071,2001.411368,0.612644,8,0,4639.5,"0.042274528267937206,0.042274528267937206,0.042274528267937206,0.042274528267937206,0.051047589379111115,0.05571608383421258,0.042274528267937206,0.04973476743245289",0.045984,13.218765,15.551497,44,44
2001385267480_Node0_Node8_Zero,"[0, 1, 2, 3, 4, 5, 6, 7, 8]",2001.385267,2001.411368,0.604448,8,0,4639.5,"0.042274528267937206,0.042274528267937206,0.042274528267937206,0.042274528267937206,0.051047589379111115,0.05571608383421258,0.042274528267937206,0.04973476743245289",0.045984,13.218765,15.551497,44,44
2001393461393_Node0_Node8_Zero,"[0, 1, 2, 3, 4, 5, 6, 7, 8]",2001.393461,2001.411368,0.603864,8,4,4639.5,"0.042274528267937206,0.042274528267937206,0.042274528267937206,0.042274528267937206,0.042274528267937206,0.042274528267937206,0.042274528267937206,0.04973476743245289",0.043207,1.21916,15.551497,44,44
2001401660504_Node0_Node8_Zero,"[0, 1, 2, 3, 4, 5, 6, 7, 8]",2001.401661,2001.411368,0.595664,8,4,4639.5,"0.042274528267937206,0.042274528267937206,0.042274528267937206,0.042274528267937206,0.042274528267937206,0.042274528267937206,0.042274528267937206,0.04973476743245289",0.043207,1.21916,15.551497,44,44
2001409857637_Node0_Node8_Zero,"[0, 1, 2, 3, 4, 5, 6, 7, 8]",2001.409858,2001.413485,0.587467,8,4,2343.0,"0.042274528267937206,0.042274528267937206,0.042274528267937206,0.042274528267937206,0.042274528267937206,0.042274528267937206,0.042274528267937206,0.04973476743245289",0.043207,1.21916,15.551497,44,44
2001418052780_Node0_Node8_Zero,"[0, 1, 2, 3, 4, 5, 6, 7, 8]",2001.418053,2001.418103,0.579272,8,4,2343.0,"0.042274528267937206,0.042274528267937206,0.042274528267937206,0.042274528267937206,0.042274528267937206,0.042274528267937206,0.042274528267937206,0.04973476743245289",0.043207,1.21916,15.551497,44,44
2001426248762_Node0_Node8_Zero,"[0, 1, 2, 3, 4, 5, 6, 7, 8]",2001.426249,2001.426559,0.636861,8,4,2343.0,"0.042274528267937206,0.042274528267937206,0.042274528267937206,0.042274528267937206,0.042274528267937206,0.04788928737908851,0.05779722423070717,0.05779722423070717",0.046857,13.218765,18.072536,44,44
2001434443712_Node0_Node8_Zero,"[0, 1, 2, 3, 4, 5, 6, 7, 8]",2001.434444,2001.435406,0.628666,8,4,2343.0,"0.042274528267937206,0.042274528267937206,0.042274528267937206,0.042274528267937206,0.042274528267937206,0.04788928737908851,0.05779722423070717,0.05779722423070717",0.046857,13.218765,18.072536,44,44
2001442638220_Node0_Node8_Zero,"[0, 1, 2, 3, 4, 5, 6, 7, 8]",2001.442638,2001.442728,0.620472,8,4,2343.0,"0.042274528267937206,0.042274528267937206,0.042274528267937206,0.042274528267937206,0.042274528267937206,0.04788928737908851,0.05779722423070717,0.05779722423070717",0.046857,13.218765,18.072536,44,44
2001450838763_Node0_Node8_Zero,"[0, 1, 2, 3, 4, 5, 6, 7, 8]",2001.450839,2001.451169,0.612271,8,4,2343.0,"0.042274528267937206,0.042274528267937206,0.042274528267937206,0.042274528267937206,0.042274528267937206,0.04788928737908851,0.05779722423070717,0.05779722423070717",0.046857,13.218765,18.072536,44,44
2001459036892_Node0_Node8_Zero,"[0, 1, 2, 3, 4, 5, 6, 7, 8]",2001.459037,2001.459227,0.597179,8,0,2343.0,"0.042274528267937206,0.042274528267937206,0.042274528267937206,0.042274528267937206,0.042274528267937206,0.042274528267937206,0.042274528267937206,0.05970905699449389",0.044454,13.218765,18.670344,44,44
2001467236175_Node0_Node8_Zero,"[0, 1, 2, 3, 4, 5, 6, 7, 8]",2001.467236,2001.467346,0.58898,8,0,2343.0,"0.042274528267937206,0.042274528267937206,0.042274528267937206,0.042274528267937206,0.042274528267937206,0.042274528267937206,0.042274528267937206,0.05970905699449389",0.044454,13.218765,18.670344,44,44
2001475429742_Node0_Node8_Zero,"[0, 1, 2, 3, 4, 5, 6, 7, 8]",2001.47543,2001.47554,0.580786,8,0,2343.0,"0.042274528267937206,0.042274528267937206,0.042274528267937206,0.042274528267937206,0.042274528267937206,0.042274528267937206,0.042274528267937206,0.05970905699449389",0.044454,13.218765,18.670344,44,44
2001483627184_Node0_Node8_Zero,"[0, 1, 2, 3, 4, 5, 6, 7, 8]",2001.483627,2001.483877,0.572589,8,0,2343.0,"0.042274528267937206,0.042274528267937206,0.042274528267937206,0.042274528267937206,0.042274528267937206,0.042274528267937206,0.042274528267937206,0.05970905699449389",0.044454,13.218765,18.670344,44,44
2001491821953_Node0_Node8_Zero,"[0, 1, 2, 3, 4, 5, 6, 7, 8]",2001.491822,2001.491892,0.566561,8,1,2343.0,"0.042274528267937206,0.042274528267937206,0.042274528267937206,0.042274528267937206,0.042274528267937206,0.042274528267937206,0.042274528267937206,0.044467793545730674",0.042549,13.218765,13.904574,44,44
2001500020421_Node0_Node8_Zero,"[0, 1, 2, 3, 4, 5, 6, 7, 8]",2001.50002,2001.50029,0.558363,8,1,2343.0,"0.042274528267937206,0.042274528267937206,0.042274528267937206,0.042274528267937206,0.042274528267937206,0.042274528267937206,0.042274528267937206,0.044467793545730674",0.042549,13.218765,13.904574,44,44
2001508212402_Node0_Node8_Zero,"[0, 1, 2, 3, 4, 5, 6, 7, 8]",2001.508212,2001.508262,0.550171,8,1,2343.0,"0.042274528267937206,0.042274528267937206,0.042274528267937206,0.042274528267937206,0.042274528267937206,0.042274528267937206,0.042274528267937206,0.044467793545730674",0.042549,13.218765,13.904574,44,44
2001516410631_Node0_Node8_Zero,"[0, 1, 2, 3, 4, 5, 6, 7, 8]",2001.516411,2001.517176,0.541972,8,1,2343.0,"0.042274528267937206,0.042274528267937206,0.042274528267937206,0.042274528267937206,0.042274528267937206,0.042274528267937206,0.042274528267937206,0.044467793545730674",0.042549,13.218765,13.904574,44,44
2001524610863_Node0_Node8_Zero,"[0, 1, 2, 3, 4, 5, 6, 7, 8]",2001.524611,2001.524921,0.546771,8,2,2343.0,"0.042274528267937206,0.042274528267937206,0.042274528267937206,0.042274528267937206,0.042274528267937206,0.042274528267937206,0.05779722423070717,0.042274528267937206",0.044215,13.218765,13.218765,44,44
2001532805813_Node0_Node8_Zero,"[0, 1, 2, 3, 4, 5, 6, 7, 8]",2001.532806,2001.533116,0.538576,8,2,2343.0,"0.042274528267937206,0.042274528267937206,0.042274528267937206,0.042274528267937206,0.042274528267937206,0.042274528267937206,0.05779722423070717,0.042274528267937206",0.044215,13.218765,13.218765,44,44
2001541001463_Node0_Node8_Zero,"[0, 1, 2, 3, 4, 5, 6, 7, 8]",2001.541001,2001.541311,0.530381,8,2,2343.0,"0.042274528267937206,0.042274528267937206,0.042274528267937206,0.042274528267937206,0.042274528267937206,0.042274528267937206,0.05779722423070717,0.042274528267937206",0.044215,13.218765,13.218765,44,44
2001549196196_Node0_Node8_Zero,"[0, 1, 2, 3, 4, 5, 6, 7, 8]",2001.549196,2001.549266,0.522186,8,2,2343.0,"0.042274528267937206,0.042274528267937206,0.042274528267937206,0.042274528267937206,0.042274528267937206,0.042274528267937206,0.05779722423070717,0.042274528267937206",0.044215,13.218765,13.218765,44,44
2001557393233_Node0_Node8_Zero,"[0, 1, 2, 3, 4, 5, 6, 7, 8]",2001.557393,2001.557683,0.516019,8,1,2343.0,"0.042274528267937206,0.042274528267937206,0.042274528267937206,0.042274528267937206,0.042274528267937206,0.042274528267937206,0.046326742690977314,0.042274528267937206",0.042781,13.218765,13.218765,44,44
2001565590159_Node0_Node8_Zero,"[0, 1, 2, 3, 4, 5, 6, 7, 8]",2001.56559,2001.56582,0.507822,8,1,2343.0,"0.042274528267937206,0.042274528267937206,0.042274528267937206,0.042274528267937206,0.042274528267937206,0.042274528267937206,0.046326742690977314,0.042274528267937206",0.042781,13.218765,13.218765,44,44
2001573785262_Node0_Node8_Zero,"[0, 1, 2, 3, 4, 5, 6, 7, 8]",2001.573785,2001.574095,0.499627,8,1,2343.0,"0.042274528267937206,0.042274528267937206,0.042274528267937206,0.042274528267937206,0.042274528267937206,0.042274528267937206,0.046326742690977314,0.042274528267937206",0.042781,13.218765,13.218765,44,44
2001581979977_Node0_Node8_Zero,"[0, 1, 2, 3, 4, 5, 6, 7, 8]",2001.58198,2001.58231,0.491432,8,1,2343.0,"0.042274528267937206,0.042274528267937206,0.042274528267937206,0.042274528267937206,0.042274528267937206,0.042274528267937206,0.046326742690977314,0.042274528267937206",0.042781,13.218765,13.218765,44,44
2001590181208_Node0_Node8_Zero,"[0, 1, 2, 3, 4, 5, 6, 7, 8]",2001.590181,2001.590391,0.485282,8,0,2343.0,"0.042274528267937206,0.042274528267937206,0.042274528267937206,0.042274528267937206,0.042274528267937206,0.042274528267937206,0.04513920128383072,0.044467793545730674",0.042907,13.218765,13.904574,44,44
2001598378605_Node0_Node8_Zero,"[0, 1, 2, 3, 4, 5, 6, 7, 8]",2001.598379,2001.602091,0.477084,8,5,2343.0,"0.042274528267937206,0.042274528267937206,0.042274528267937206,0.042274528267937206,0.042274528267937206,0.042274528267937206,0.04513920128383072,0.044467793545730674",0.042907,6.686295,13.904574,44,44
2001606575890_Node0_Node8_Zero,"[0, 1, 2, 3, 4, 5, 6, 7, 8]",2001.606576,2001.615981,0.468887,8,3,2327.5,"0.042274528267937206,0.042274528267937206,0.042274528267937206,0.042274528267937206,0.042274528267937206,0.042274528267937206,0.04513920128383072,0.044467793545730674",0.042907,6.686295,13.904574,33,33
2001614775976_Node0_Node8_Zero,"[0, 1, 2, 3, 4, 5, 6, 7, 8]",2001.614776,2001.615981,0.460687,8,2,2327.5,"0.042274528267937206,0.042274528267937206,0.042274528267937206,0.042274528267937206,0.042274528267937206,0.042274528267937206,0.04513920128383072,0.044467793545730674",0.042907,6.686295,13.904574,33,33
2001622972682_Node0_Node8_Zero,"[0, 1, 2, 3, 4, 5, 6, 7, 8]",2001.622973,2001.624821,0.457052,8,6,2343.0,"0.02667338616052565,0.042274528267937206,0.042274528267937206,0.042274528267937206,0.042274528267937206,0.04617366653957006,0.042274528267937206,0.05779722423070717",0.042752,4.218761,18.072536,33,33
2001631171836_Node0_Node8_Zero,"[0, 1, 2, 3, 4, 5, 6, 7, 8]",2001.631172,2001.639674,0.448853,8,3,2327.5,"0.02667338616052565,0.042274528267937206,0.042274528267937206,0.042274528267937206,0.042274528267937206,0.04617366653957006,0.042274528267937206,0.05779722423070717",0.042752,8.340465,18.072536,33,33
2001639363669_Node0_Node8_Zero,"[0, 1, 2, 3, 4, 5, 6, 7, 8]",2001.639364,2001.639674,0.440661,8,3,2327.5,"0.02667338616052565,0.042274528267937206,0.042274528267937206,0.042274528267937206,0.042274528267937206,0.04617366653957006,0.042274528267937206,0.05779722423070717",0.042752,8.340465,18.072536,33,33
2001647563901_Node0_Node8_Zero,"[0, 1, 2, 3, 4, 5, 6, 7, 8]",2001.647564,2001.647654,0.432461,8,6,2343.0,"0.02667338616052565,0.042274528267937206,0.042274528267937206,0.042274528267937206,0.042274528267937206,0.04617366653957006,0.042274528267937206,0.05779722423070717",0.042752,4.218761,18.072536,33,33
2001655764429_Node0_Node8_Zero,"[0, 1, 2, 3, 4, 5, 6, 7, 8]",2001.655764,2001.66144,0.432827,8,5,2343.0,"0.02667338616052565,0.042274528267937206,0.042274528267937206,0.042274528267937206,0.042274528267937206,0.04617366653957006,0.04624564734950948,0.04434198460622297",0.041567,4.218761,13.865235,33,33
2001663958221_Node0_Node8_Zero,"[0, 1, 2, 3, 4, 5, 6, 7, 8]",2001.663958,2001.699597,0.424633,8,4,3483.5,"0.02667338616052565,0.042274528267937206,0.042274528267937206,0.042274528267937206,0.042274528267937206,0.04617366653957006,0.04624564734950948,0.04434198460622297",0.041567,8.340465,13.865235,33,33
2001672150480_Node0_Node8_Zero,"[0, 1, 2, 3, 4, 5, 6, 7, 8]",2001.67215,2001.699597,0.416441,8,4,3483.5,"0.02667338616052565,0.042274528267937206,0.042274528267937206,0.042274528267937206,0.042274528267937206,0.04617366653957006,0.04624564734950948,0.04434198460622297",0.041567,8.340465,13.865235,33,33
2001680343447_Node0_Node8_Zero,"[0, 1, 2, 3, 4, 5, 6, 7, 8]",2001.680343,2001.699597,0.408248,8,4,3483.5,"0.02667338616052565,0.042274528267937206,0.042274528267937206,0.042274528267937206,0.042274528267937206,0.04617366653957006,0.04624564734950948,0.04434198460622297",0.041567,8.340465,13.865235,33,33
2001688537310_Node0_Node8_Zero,"[0, 1, 2, 3, 4, 5, 6, 7, 8]",2001.688537,2001.704967,0.398044,8,0,2327.5,"0.02667338616052565,0.042274528267937206,0.042274528267937206,0.042274528267937206,0.042274528267937206,0.04617366653957006,0.04619107460046789,0.045314916314765974",0.041681,8.340465,14.16946,33,33
2001696737973_Node0_Node8_Zero,"[0, 1, 2, 3, 4, 5, 6, 7, 8]",2001.696738,2001.704967,0.389843,8,0,2327.5,"0.02667338616052565,0.042274528267937206,0.042274528267937206,0.042274528267937206,0.042274528267937206,0.04617366653957006,0.04619107460046789,0.045314916314765974",0.041681,8.340465,14.16946,33,33
2001704936519_Node0_Node8_Zero,"[0, 1, 2, 3, 4, 5, 6, 7, 8]",2001.704937,2001.706277,0.381644,8,0,2343.0,"0.02667338616052565,0.042274528267937206,0.042274528267937206,0.042274528267937206,0.042274528267937206,0.04617366653957006,0.04619107460046789,0.045314916314765974",0.041681,8.340465,14.16946,33,33
2001713133879_Node0_Node8_Zero,"[0, 1, 2, 3, 4, 5, 6, 7, 8]",2001.713134,2001.714541,inf,1,14,2343.0,"0.02667338616052565,0.010618917711206962",0.018646,1.814332,inf,33,33
2001721334297_Node0_Node8_Zero,"[0, 1, 2, 3, 4, 5, 6, 7, 8]",2001.721334,2001.770819,inf,1,7,3483.5,"0.02667338616052565,0.010618917711206962",0.018646,1.006535,inf,33,33
2001729535413_Node0_Node8_Zero,"[0, 1, 2, 3, 4, 5, 6, 7, 8]",2001.729535,2001.770819,inf,1,7,3483.5,"0.02667338616052565,0.010618917711206962",0.018646,1.680236,inf,33,33
2001737727570_Node0_Node8_Zero,"[0, 1, 2, 3, 4, 5, 6, 7, 8]",2001.737728,2001.770819,inf,1,7,3483.5,"0.02667338616052565,0.010618917711206962",0.018646,1.680236,inf,33,33
2001745919678_Node0_Node8_Zero,"[0, 1, 2, 3, 4, 5, 6, 7, 8]",2001.74592,2001.772789,inf,1,7,3483.5,"0.02667338616052565,0.010618917711206962",0.018646,1.680236,inf,33,33
2001754114147_Node0_Node8_Zero,"[0, 1, 2, 3, 4, 5, 6, 7, 8]",2001.754114,2001.772789,inf,1,7,3483.5,"0.02667338616052565,0.02765399937598324",0.027164,4.735089,inf,33,33
2001762310331_Node0_Node8_Zero,"[0, 1, 2, 3, 4, 5, 6, 7, 8]",2001.76231,2001.772789,inf,1,7,3483.5,"0.02667338616052565,0.02765399937598324",0.027164,4.735089,inf,33,33
2001770509424_Node0_Node8_Zero,"[0, 1, 2, 3, 4, 5, 6, 7, 8]",2001.770509,2001.774679,inf,1,7,2343.0,"0.02667338616052565,0.02765399937598324",0.027164,4.735089,inf,33,33
2001778705687_Node0_Node8_Zero,"[0, 1, 2, 3, 4, 5, 6, 7, 8]",2001.778706,2001.778996,inf,1,9,2343.0,"0.03271935812526136,0.02765399937598324",0.030187,4.735089,inf,33,33
2001786901167_Node0_Node8_Zero,"[0, 1, 2, 3, 4, 5, 6, 7, 8]",2001.786901,2001.786971,0.306045,8,3,2343.0,"0.03660674808773086,0.06857181638870712,0.042274528267937206,0.042274528267937206,0.042274528267937206,0.042274528267937206,0.04619107460046789,0.045734924009742425",0.045775,6.268035,14.300791,33,33
2001795094598_Node0_Node8_Zero,"[0, 1, 2, 3, 4, 5, 6, 7, 8]",2001.795095,2001.805368,0.297851,8,3,2327.5,"0.03660674808773086,0.06857181638870712,0.042274528267937206,0.042274528267937206,0.042274528267937206,0.042274528267937206,0.04619107460046789,0.045734924009742425",0.045775,6.268035,14.300791,33,33
2001803295979_Node0_Node8_Zero,"[0, 1, 2, 3, 4, 5, 6, 7, 8]",2001.803296,2001.805368,0.28965,8,3,2327.5,"0.03660674808773086,0.06857181638870712,0.042274528267937206,0.042274528267937206,0.042274528267937206,0.042274528267937206,0.04619107460046789,0.045734924009742425",0.045775,5.479786,14.300791,33,33
2001811494609_Node0_Node8_Zero,"[0, 1, 2, 3, 4, 5, 6, 7, 8]",2001.811495,2001.820017,0.281451,8,0,2327.5,"0.02667338616052565,0.06857181638870712,0.042274528267937206,0.042274528267937206,0.042274528267937206,0.042274528267937206,0.04619107460046789,0.045734924009742425",0.044534,8.340465,14.300791,33,33
2001819687448_Node0_Node8_Zero,"[0, 1, 2, 3, 4, 5, 6, 7, 8]",2001.819687,2001.820017,0.280495,8,3,2327.5,"0.02667338616052565,0.06462721045432596,0.042274528267937206,0.042274528267937206,0.042274528267937206,0.042274528267937206,0.04513920128383072,0.042274528267937206",0.043477,1.253997,13.218765,33,33
2001827882143_Node0_Node8_Zero,"[0, 1, 2, 3, 4, 5, 6, 7, 8]",2001.827882,2001.828192,0.2723,8,3,2343.0,"0.02667338616052565,0.06462721045432596,0.042274528267937206,0.042274528267937206,0.042274528267937206,0.042274528267937206,0.04513920128383072,0.042274528267937206",0.043477,1.253997,13.218765,33,33
2001836081580_Node0_Node8_Zero,"[0, 1, 2, 3, 4, 5, 6, 7, 8]",2001.836082,2001.836232,inf,0,7,2343.0,0.02667338616052565,0.02667338616052565,3.378414,inf,33,33
2001844282479_Node0_Node8_Zero,"[0, 1, 2, 3, 4, 5, 6, 7, 8]",2001.844282,2001.911651,inf,0,6,3483.5,0.010618917711206962,0.010618917711206962,1.344977,inf,33,33
2001852475354_Node0_Node8_Zero,"[0, 1, 2, 3, 4, 5, 6, 7, 8]",2001.852475,2001.911651,inf,0,6,3483.5,0.010618917711206962,0.010618917711206962,1.344977,inf,33,33
2001860669024_Node0_Node8_Zero,"[0, 1, 2, 3, 4, 5, 6, 7, 8]",2001.860669,2001.911651,inf,0,6,3483.5,0.010618917711206962,0.010618917711206962,1.344977,inf,33,33
2001868865347_Node0_Node8_Zero,"[0, 1, 2, 3, 4, 5, 6, 7, 8]",2001.868865,2001.917583,0.232167,8,3,3483.5,"0.05074275176646035,0.06462721045432596,0.042274528267937206,0.042274528267937206,0.042274528267937206,0.042274528267937206,0.04513920128383072,0.045734924009742425",0.046918,1.253997,14.300791,33,33
2001877061644_Node0_Node8_Zero,"[0, 1, 2, 3, 4, 5, 6, 7, 8]",2001.877062,2001.917583,0.22312,8,2,3483.5,"0.05074275176646035,0.06462721045432596,0.046326742690977314,0.042274528267937206,0.042274528267937206,0.042274528267937206,0.04513920128383072,0.042274528267937206",0.046992,1.253997,13.218765,33,33
2001885257909_Node0_Node8_Zero,"[0, 1, 2, 3, 4, 5, 6, 7, 8]",2001.885258,2001.917583,0.222051,8,1,3483.5,"0.05074275176646035,0.07720059418416962,0.042274528267937206,0.042274528267937206,0.042274528267937206,0.056299607220038746,0.042274528267937206,0.04570606863594303",0.049881,13.218765,14.291769,33,33
2001893451158_Node0_Node8_Zero,"[0, 1, 2, 3, 4, 5, 6, 7, 8]",2001.893451,2001.919733,0.213858,8,1,3483.5,"0.02667338616052565,0.07720059418416962,0.042274528267937206,0.042274528267937206,0.042274528267937206,0.056299607220038746,0.042274528267937206,0.04570606863594303",0.046872,8.340465,14.291769,33,33
2001901650485_Node0_Node8_Zero,"[0, 1, 2, 3, 4, 5, 6, 7, 8]",2001.90165,2001.919733,0.205659,8,1,3483.5,"0.02667338616052565,0.07720059418416962,0.042274528267937206,0.042274528267937206,0.042274528267937206,0.056299607220038746,0.042274528267937206,0.04570606863594303",0.046872,8.340465,14.291769,33,33
2001909847936_Node0_Node8_Zero,"[0, 1, 2, 3, 4, 5, 6, 7, 8]",2001.909848,2001.919733,0.197461,8,1,3483.5,"0.02667338616052565,0.07720059418416962,0.042274528267937206,0.042274528267937206,0.042274528267937206,0.056299607220038746,0.042274528267937206,0.04570606863594303",0.046872,8.340465,14.291769,33,33
2001918047839_Node0_Node8_Zero,"[0, 1, 2, 3, 4, 5, 6, 7, 8]",2001.918048,2001.921723,0.191431,8,2,2343.0,"0.02667338616052565,0.07720059418416962,0.042274528267937206,0.042274528267937206,0.042274528267937206,0.042274528267937206,0.04679422882866239,0.045734924009742425",0.045688,1.372126,14.300791,33,33
2001926247882_Node0_Node8_Zero,"[0, 1, 2, 3, 4, 5, 6, 7, 8]",2001.926248,2001.928614,0.183231,8,6,2343.0,"0.02667338616052565,0.07720059418416962,0.042274528267937206,0.042274528267937206,0.042274528267937206,0.042274528267937206,0.04679422882866239,0.045734924009742425",0.045688,1.372126,14.300791,33,33
2001934446863_Node0_Node8_Zero,"[0, 1, 2, 3, 4, 5, 6, 7, 8]",2001.934447,2001.953012,0.175032,8,2,3483.5,"0.028448921449009967,0.07720059418416962,0.042274528267937206,0.042274528267937206,0.042274528267937206,0.042274528267937206,0.04679422882866239,0.045734924009742425",0.04591,1.372126,14.300791,33,33
2001942647982_Node0_Node8_Zero,"[0, 1, 2, 3, 4, 5, 6, 7, 8]",2001.942648,2001.953012,0.166831,8,2,3483.5,"0.028448921449009967,0.07720059418416962,0.042274528267937206,0.042274528267937206,0.042274528267937206,0.042274528267937206,0.04679422882866239,0.045734924009742425",0.04591,1.372126,14.300791,33,33
2001950840463_Node0_Node8_Zero,"[0, 1, 2, 3, 4, 5, 6, 7, 8]",2001.95084,2001.953012,0.174027,8,5,3483.5,"0.028448921449009967,0.042274528267937206,0.042274528267937206,0.042274528267937206,0.05252804870545839,0.056299607220038746,0.04675654017716932,0.04533850576995604",0.044524,6.100321,14.176836,33,33
2001959039192_Node0_Node8_Zero,"[0, 1, 2, 3, 4, 5, 6, 7, 8]",2001.959039,2001.960955,0.165828,8,5,2343.0,"0.037743901948496875,0.042274528267937206,0.042274528267937206,0.042274528267937206,0.05252804870545839,0.056299607220038746,0.04675654017716932,0.04533850576995604",0.045686,6.100321,14.176836,33,33
2001967238643_Node0_Node8_Zero,"[0, 1, 2, 3, 4, 5, 6, 7, 8]",2001.967239,2001.969447,0.157628,8,5,2343.0,"0.042077780148323855,0.042274528267937206,0.042274528267937206,0.042274528267937206,0.05252804870545839,0.056299607220038746,0.04675654017716932,0.04533850576995604",0.046228,6.980024,14.176836,33,33
2001975434891_Node0_Node8_Zero,"[0, 1, 2, 3, 4, 5, 6, 7, 8]",2001.975435,2001.975525,0.149432,8,5,2343.0,"0.04416458989529123,0.042274528267937206,0.042274528267937206,0.042274528267937206,0.05252804870545839,0.056299607220038746,0.04675654017716932,0.04533850576995604",0.046489,6.980024,14.176836,33,33
2001983628224_Node0_Node8_Zero,"[0, 1, 2, 3, 4, 5, 6, 7, 8]",2001.983628,2001.983718,0.23678,8,6,2343.0,"0.036467531255254565,0.042274528267937206,0.042274528267937206,0.042274528267937206,0.042274528267937206,0.04617366653957006,0.04619107460046789,0.045273134053781",0.0429,1.390891,14.156395,33,33
2001991821756_Node0_Node8_Zero,"[0, 1, 2, 3, 4, 5, 6, 7, 8]",2001.991822,2001.996238,0.228586,8,5,2343.0,"0.02667338616052565,0.042274528267937206,0.042274528267937206,0.042274528267937206,0.042274528267937206,0.04617366653957006,0.04619107460046789,0.045273134053781",0.041676,1.390891,14.156395,33,33
2002000018718_Node0_Node8_Zero,"[0, 1, 2, 3, 4, 5, 6, 7, 8]",2002.000019,2002.004866,0.226628,7,13,2343.0,"0.038195916356456576,0.042274528267937206,0.042274528267937206,0.042274528267937206,0.042274528267937206,0.042274528267937206,0.05307843792787848,0.044467793545730674",0.043389,1.390891,13.904574,22,22
2002008212656_Node0_Node8_Zero,"[0, 1, 2, 3, 4, 5, 6, 7, 8]",2002.008213,2002.020249,0.23363,7,9,2327.5,"0.010618917711206962,0.042274528267937206,0.042274528267937206,0.042274528267937206,0.042274528267937206,0.04617366653957006,0.04513920128383072,0.042274528267937206",0.039163,1.344259,13.218765,22,22
2002016409628_Node0_Node8_Zero,"[0, 1, 2, 3, 4, 5, 6, 7, 8]",2002.01641,2002.020249,0.203998,7,10,2327.5,"0.010618917711206962,0.042274528267937206,0.042274528267937206,0.042274528267937206,0.042274528267937206,0.04617366653957006,0.04619107460046789,0.045273134053781",0.039669,1.390891,14.156395,22,22
2002024604864_Node0_Node8_Zero,"[0, 1, 2, 3, 4, 5, 6, 7, 8]",2002.024605,2002.04344,0.256355,7,12,2343.0,"0.01939197882238088,0.042274528267937206,0.042274528267937206,0.042274528267937206,0.042274528267937206,0.04939502857177135,0.042274528267937206,0.044467793545730674",0.040578,2.120287,13.904574,22,22
2002032798768_Node0_Node8_Zero,"[0, 1, 2, 3, 4, 5, 6, 7, 8]",2002.032799,2002.070703,0.209044,7,9,2327.5,"0.010618917711206962,0.042274528267937206,0.042274528267937206,0.042274528267937206,0.042274528267937206,0.04617366653957006,0.04513920128383072,0.042274528267937206",0.039163,1.175372,13.218765,22,22
2002040997280_Node0_Node8_Zero,"[0, 1, 2, 3, 4, 5, 6, 7, 8]",2002.040997,2002.070703,0.200846,7,8,2327.5,"0.010618917711206962,0.042274528267937206,0.042274528267937206,0.042274528267937206,0.042274528267937206,0.04617366653957006,0.04513920128383072,0.042274528267937206",0.039163,1.175372,13.218765,22,22
2002049194036_Node0_Node8_Zero,"[0, 1, 2, 3, 4, 5, 6, 7, 8]",2002.049194,2002.075281,0.192649,7,8,2327.5,"0.014518055982839817,0.042274528267937206,0.042274528267937206,0.042274528267937206,0.042274528267937206,0.04617366653957006,0.04513920128383072,0.042274528267937206",0.03965,1.344259,13.218765,22,22
2002057392380_Node0_Node8_Zero,"[0, 1, 2, 3, 4, 5, 6, 7, 8]",2002.057392,2002.075281,0.210197,7,9,2327.5,"0.014518055982839817,0.042274528267937206,0.042274528267937206,0.042274528267937206,0.05353067944304861,0.056979849749523956,0.04513920128383072,0.05367895795487024",0.043834,4.539631,16.784801,22,22
2002065590987_Node0_Node8_Zero,"[0, 1, 2, 3, 4, 5, 6, 7, 8]",2002.065591,2002.077143,0.201998,7,8,2327.5,"0.014720349064155498,0.042274528267937206,0.042274528267937206,0.042274528267937206,0.05353067944304861,0.056979849749523956,0.04513920128383072,0.05367895795487024",0.043859,4.602886,16.784801,22,22
2002073785075_Node0_Node8_Zero,"[0, 1, 2, 3, 4, 5, 6, 7, 8]",2002.073785,2002.077143,0.193804,7,8,2327.5,"0.014720349064155498,0.042274528267937206,0.042274528267937206,0.042274528267937206,0.05353067944304861,0.056979849749523956,0.04513920128383072,0.05367895795487024",0.043859,4.602886,16.784801,22,22
2002081978946_Node0_Node8_Zero,"[0, 1, 2, 3, 4, 5, 6, 7, 8]",2002.081979,2002.085082,0.18561,7,10,2343.0,"0.016753859189987466,0.042274528267937206,0.042274528267937206,0.042274528267937206,0.05353067944304861,0.056979849749523956,0.04513920128383072,0.05367895795487024",0.044113,1.966388,16.784801,22,22
2002090174862_Node0_Node8_Zero,"[0, 1, 2, 3, 4, 5, 6, 7, 8]",2002.090175,2002.098594,0.190785,7,12,2343.0,"0.016753859189987466,0.042274528267937206,0.042274528267937206,0.042274528267937206,0.042274528267937206,0.04939502857177135,0.042274528267937206,0.044467793545730674",0.040249,5.238742,13.904574,22,22
2002098371618_Node0_Node8_Zero,"[0, 1, 2, 3, 4, 5, 6, 7, 8]",2002.098372,2002.099575,0.182588,7,12,2343.0,"0.01661415295244099,0.042274528267937206,0.042274528267937206,0.042274528267937206,0.042274528267937206,0.04939502857177135,0.042274528267937206,0.044467793545730674",0.040231,5.195057,13.904574,22,22
2002106564034_Node0_Node8_Zero,"[0, 1, 2, 3, 4, 5, 6, 7, 8]",2002.106564,2002.107377,0.174396,7,10,2343.0,"0.014834559819257374,0.042274528267937206,0.042274528267937206,0.042274528267937206,0.042274528267937206,0.04939502857177135,0.042274528267937206,0.044467793545730674",0.040009,4.638598,13.904574,22,22
2002114762784_Node0_Node8_Zero,"[0, 1, 2, 3, 4, 5, 6, 7, 8]",2002.114763,2002.2003,0.177706,7,7,2343.0,"0.010618917711206962,0.042274528267937206,0.042274528267937206,0.042274528267937206,0.042274528267937206,0.04617366653957006,0.04675654017716932,0.05367895795487024",0.040791,1.246334,16.784801,22,22
2002122963716_Node0_Node8_Zero,"[0, 1, 2, 3, 4, 5, 6, 7, 8]",2002.122964,2002.201342,0.169505,7,7,2327.5,"0.010618917711206962,0.042274528267937206,0.042274528267937206,0.042274528267937206,0.042274528267937206,0.04617366653957006,0.04675654017716932,0.05367895795487024",0.040791,3.320415,16.784801,22,22
2002131157082_Node0_Node8_Zero,"[0, 1, 2, 3, 4, 5, 6, 7, 8]",2002.131157,2002.201342,0.161312,7,7,2327.5,"0.010618917711206962,0.042274528267937206,0.042274528267937206,0.042274528267937206,0.042274528267937206,0.04617366653957006,0.04675654017716932,0.05367895795487024",0.040791,3.320415,16.784801,22,22
2002139357173_Node0_Node8_Zero,"[0, 1, 2, 3, 4, 5, 6, 7, 8]",2002.139357,2002.212642,0.166367,7,9,2327.5,"0.010618917711206962,0.042274528267937206,0.042274528267937206,0.042274528267937206,0.042274528267937206,0.042274528267937206,0.04772420724243069,0.046446938732783785",0.03952,1.344977,14.52343,22,22
2002147555668_Node0_Node8_Zero,"[0, 1, 2, 3, 4, 5, 6, 7, 8]",2002.147556,2002.212642,0.152904,7,8,2327.5,"0.010618917711206962,0.042274528267937206,0.042274528267937206,0.042274528267937206,0.042274528267937206,0.042274528267937206,0.04513920128383072,0.05367895795487024",0.040101,1.818237,16.784801,22,22
2002155750110_Node0_Node8_Zero,"[0, 1, 2, 3, 4, 5, 6, 7, 8]",2002.15575,2002.213501,0.136719,7,7,2327.5,"0.04004848965369483,0.042274528267937206,0.042274528267937206,0.042274528267937206,0.042274528267937206,0.04617366653957006,0.04675654017716932,0.05367895795487024",0.044469,5.072486,16.784801,22,22
2002163946474_Node0_Node8_Zero,"[0, 1, 2, 3, 4, 5, 6, 7, 8]",2002.163946,2002.213501,0.141778,7,9,2327.5,"0.04004848965369483,0.042274528267937206,0.042274528267937206,0.042274528267937206,0.042274528267937206,0.042274528267937206,0.04772420724243069,0.046446938732783785",0.043199,5.072486,14.52343,22,22
2002172144686_Node0_Node8_Zero,"[0, 1, 2, 3, 4, 5, 6, 7, 8]",2002.172145,2002.223792,0.252692,7,5,2327.5,"0.02020115114764362,0.042274528267937206,0.042274528267937206,0.042274528267937206,0.042274528267937206,0.042274528267937206,0.042274528267937206,0.042274528267937206",0.039515,3.458967,13.218765,22,22
2002180343118_Node0_Node8_Zero,"[0, 1, 2, 3, 4, 5, 6, 7, 8]",2002.180343,2002.223792,0.244494,7,5,2327.5,"0.02020115114764362,0.042274528267937206,0.042274528267937206,0.042274528267937206,0.042274528267937206,0.042274528267937206,0.042274528267937206,0.042274528267937206",0.039515,3.458967,13.218765,22,22
2002188541185_Node0_Node8_Zero,"[0, 1, 2, 3, 4, 5, 6, 7, 8]",2002.188541,2002.226134,0.111919,7,8,2327.5,"0.010618917711206962,0.042274528267937206,0.042274528267937206,0.042274528267937206,0.042274528267937206,0.042274528267937206,0.04513920128383072,0.05367895795487024",0.040101,1.344977,16.784801,22,22
2002196733128_Node0_Node8_Zero,"[0, 1, 2, 3, 4, 5, 6, 7, 8]",2002.196733,2002.226134,0.119243,7,8,2327.5,"0.010618917711206962,0.042274528267937206,0.042274528267937206,0.042274528267937206,0.042274528267937206,0.042274528267937206,0.042274528267937206,0.044467793545730674",0.038592,1.344977,13.904574,22,22
2002204927606_Node0_Node8_Zero,"[0, 1, 2, 3, 4, 5, 6, 7, 8]",2002.204928,2002.233969,0.111048,7,7,2327.5,"0.010618917711206962,0.042274528267937206,0.042274528267937206,0.042274528267937206,0.042274528267937206,0.042274528267937206,0.042274528267937206,0.044467793545730674",0.038592,0.97068,13.904574,22,22
2002213120047_Node0_Node8_Zero,"[0, 1, 2, 3, 4, 5, 6, 7, 8]",2002.21312,2002.233969,0.102856,7,8,2327.5,"0.010618917711206962,0.042274528267937206,0.042274528267937206,0.042274528267937206,0.042274528267937206,0.042274528267937206,0.042274528267937206,0.044467793545730674",0.038592,0.97068,13.904574,22,22
2002221320095_Node0_Node8_Zero,"[0, 1, 2, 3, 4, 5, 6, 7, 8]",2002.22132,2002.245277,0.203517,7,7,2327.5,"0.026215470797738376,0.042274528267937206,0.042274528267937206,0.042274528267937206,0.042274528267937206,0.042274528267937206,0.042274528267937206,0.042274528267937206",0.040267,3.07689,13.218765,22,22
2002229518205_Node0_Node8_Zero,"[0, 1, 2, 3, 4, 5, 6, 7, 8]",2002.229518,2002.245277,0.195319,7,7,2327.5,"0.026215470797738376,0.042274528267937206,0.042274528267937206,0.042274528267937206,0.042274528267937206,0.042274528267937206,0.042274528267937206,0.042274528267937206",0.040267,3.07689,13.218765,22,22
2002237710721_Node0_Node8_Zero,"[0, 1, 2, 3, 4, 5, 6, 7, 8]",2002.237711,2002.276928,0.086845,7,13,2327.5,"0.01661415295244099,0.042274528267937206,0.042274528267937206,0.042274528267937206,0.042274528267937206,0.04617366653957006,0.04772420724243069,0.042274528267937206",0.040236,5.195057,13.218765,22,22
2002245910567_Node0_Node8_Zero,"[0, 1, 2, 3, 4, 5, 6, 7, 8]",2002.245911,2002.276928,0.070065,7,10,2327.5,"0.01661415295244099,0.042274528267937206,0.042274528267937206,0.042274528267937206,0.042274528267937206,0.042274528267937206,0.042274528267937206,0.044467793545730674",0.039341,5.195057,13.904574,22,22
2002254104520_Node0_Node8_Zero,"[0, 1, 2, 3, 4, 5, 6, 7, 8]",2002.254105,2002.478813,0.234926,7,7,2327.5,"0.010618917711206962,0.042274528267937206,0.042274528267937206,0.042274528267937206,0.042274528267937206,0.042274528267937206,0.04617366653957006,0.042274528267937206",0.038805,1.246334,13.218765,22,22
2002262300382_Node0_Node8_Zero,"[0, 1, 2, 3, 4, 5, 6, 7, 8]",2002.2623,2002.478813,0.226731,7,7,2327.5,"0.010618917711206962,0.042274528267937206,0.042274528267937206,0.042274528267937206,0.042274528267937206,0.042274528267937206,0.04617366653957006,0.042274528267937206",0.038805,1.246334,13.218765,22,22
2002270498829_Node0_Node8_Zero,"[0, 1, 2, 3, 4, 5, 6, 7, 8]",2002.270499,2002.501495,0.238104,7,7,2343.0,"0.010618917711206962,0.042274528267937206,0.042274528267937206,0.042274528267937206,0.042274528267937206,0.042274528267937206,0.04675654017716932,0.042274528267937206",0.038878,0.771348,13.218765,11,11
2002278695008_Node0_Node8_Zero,"[0, 1, 2, 3, 4, 5, 6, 7, 8]",2002.278695,2002.508935,0.237608,7,7,2343.0,"0.0053220512539897905,0.042274528267937206,0.042274528267937206,0.051047589379111115,0.04788928737908851,0.04617366653957006,0.04513920128383072,0.044467793545730674",0.040574,0.62472,13.904574,11,11
2002286887794_Node0_Node8_Zero,"[0, 1, 2, 3, 4, 5, 6, 7, 8]",2002.286888,2002.512609,0.237775,7,7,2343.0,"0.0053220512539897905,0.042274528267937206,0.042274528267937206,0.042274528267937206,0.042274528267937206,0.04422872118028293,0.04371026183619121,0.04337376178113168",0.038217,0.874773,13.562483,11,11
2002295082403_Node0_Node8_Zero,"[0, 1, 2, 3, 4, 5, 6, 7, 8]",2002.295082,2002.513009,0.236343,7,7,2343.0,"0.02007173615790435,0.042274528267937206,0.042274528267937206,0.042274528267937206,0.042274528267937206,0.04617366653957006,0.04513920128383072,0.042274528267937206",0.040345,6.276204,13.218765,11,11
2002303279288_Node0_Node8_Zero,"[0, 1, 2, 3, 4, 5, 6, 7, 8]",2002.303279,2002.551552,0.274073,7,7,2343.0,"0.008326778298809009,0.042274528267937206,0.042274528267937206,0.042274528267937206,0.042274528267937206,0.04422872118028293,0.04371026183619121,0.042274528267937206",0.038455,2.603689,13.218765,11,11
2002311473893_Node0_Node8_Zero,"[0, 1, 2, 3, 4, 5, 6, 7, 8]",2002.311474,2002.555518,0.283741,7,9,2343.0,"0.0053220512539897905,0.042274528267937206,0.042274528267937206,0.0466714623207151,0.042274528267937206,0.04422872118028293,0.05779722423070717,0.042274528267937206",0.04039,1.664145,13.218765,11,11
2002319665927_Node0_Node8_Zero,"[0, 1, 2, 3, 4, 5, 6, 7, 8]",2002.319666,2002.557398,0.275549,7,9,2343.0,"0.0053220512539897905,0.042274528267937206,0.042274528267937206,0.0466714623207151,0.042274528267937206,0.04422872118028293,0.05779722423070717,0.042274528267937206",0.04039,0.386589,13.218765,11,11
2002327859565_Node0_Node8_Zero,"[0, 1, 2, 3, 4, 5, 6, 7, 8]",2002.32786,2002.559237,0.256937,7,6,2343.0,"0.0053220512539897905,0.042274528267937206,0.042274528267937206,0.042274528267937206,0.05288747080447082,0.042274528267937206,0.04371026183619121,0.05889645774390164",0.041239,0.624645,18.416254,11,11
2002336053273_Node0_Node8_Zero,"[0, 1, 2, 3, 4, 5, 6, 7, 8]",2002.336053,2002.561097,0.248744,7,7,2343.0,"0.0053220512539897905,0.042274528267937206,0.042274528267937206,0.042274528267937206,0.05288747080447082,0.042274528267937206,0.04371026183619121,0.05889645774390164",0.041239,0.648405,18.416254,11,11
2002344254050_Node0_Node8_Zero,"[0, 1, 2, 3, 4, 5, 6, 7, 8]",2002.344254,2002.562937,0.267169,7,8,2343.0,"0.0053220512539897905,0.042274528267937206,0.042274528267937206,0.042274528267937206,0.042274528267937206,0.045228413188510876,0.04371026183619121,0.04337376178113168",0.038342,0.965897,13.562483,11,11
2002352449132_Node0_Node8_Zero,"[0, 1, 2, 3, 4, 5, 6, 7, 8]",2002.352449,2002.566696,0.258974,7,8,2343.0,"0.0053220512539897905,0.042274528267937206,0.042274528267937206,0.042274528267937206,0.042274528267937206,0.045228413188510876,0.04371026183619121,0.04337376178113168",0.038342,0.117039,13.562483,11,11
2002360642304_Node0_Node8_Zero,"[0, 1, 2, 3, 4, 5, 6, 7, 8]",2002.360642,2002.568596,0.250781,7,8,2343.0,"0.0053220512539897905,0.042274528267937206,0.042274528267937206,0.042274528267937206,0.042274528267937206,0.045228413188510876,0.04371026183619121,0.04337376178113168",0.038342,0.586487,13.562483,11,11
2002368834911_Node0_Node8_Zero,"[0, 1, 2, 3, 4, 5, 6, 7, 8]",2002.368835,2002.574055,0.24709,7,8,2343.0,"0.0053220512539897905,0.042274528267937206,0.042274528267937206,0.042274528267937206,0.042274528267937206,0.045228413188510876,0.04371026183619121,0.04337376178113168",0.038342,1.664145,13.562483,11,11
2002377032846_Node0_Node8_Zero,"[0, 1, 2, 3, 4, 5, 6, 7, 8]",2002.377033,2002.574494,0.23439,7,7,2343.0,"0.02007173615790435,0.042274528267937206,0.042274528267937206,0.042274528267937206,0.042274528267937206,0.045228413188510876,0.04371026183619121,0.04337376178113168",0.040185,3.366405,13.562483,11,11
2002385226782_Node0_Node8_Zero,"[0, 1, 2, 3, 4, 5, 6, 7, 8]",2002.385227,2002.590569,0.236483,7,7,2343.0,"0.008044613633773824,0.042274528267937206,0.042274528267937206,0.0466714623207151,0.04508856606171505,0.042274528267937206,0.04444472943407295,0.04393608853575989",0.039376,1.01892,13.738316,11,11
2002393423315_Node0_Node8_Zero,"[0, 1, 2, 3, 4, 5, 6, 7, 8]",2002.393423,2002.603175,0.250453,7,6,2343.0,"0.0053220512539897905,0.042274528267937206,0.042274528267937206,0.042274528267937206,0.042274528267937206,0.04422872118028293,0.04371026183619121,0.04337376178113168",0.038217,0.648405,13.562483,11,11
2002401616868_Node0_Node8_Zero,"[0, 1, 2, 3, 4, 5, 6, 7, 8]",2002.401617,2002.621113,0.226844,7,6,2343.0,"0.0053220512539897905,0.042274528267937206,0.042274528267937206,0.042274528267937206,0.04508856606171505,0.04422872118028293,0.04371026183619121,0.04337376178113168",0.038568,0.476789,13.562483,11,11
2002409815761_Node0_Node8_Zero,"[0, 1, 2, 3, 4, 5, 6, 7, 8]",2002.409816,2002.634082,0.236165,7,3,2343.0,"0.005676317853352623,0.042274528267937206,0.042274528267937206,0.042274528267937206,0.042274528267937206,0.04422872118028293,0.04371026183619121,0.042274528267937206",0.038123,0.124829,13.218765,11,11
2002418013658_Node0_Node8_Zero,"[0, 1, 2, 3, 4, 5, 6, 7, 8]",2002.418014,2002.697939,0.295705,7,7,2343.0,"0.0053220512539897905,0.042274528267937206,0.042274528267937206,0.042274528267937206,0.042274528267937206,0.042274528267937206,0.047689294868209456,0.04642020894627064",0.038851,0.646765,14.515072,11,11
2002426208656_Node0_Node8_Zero,"[0, 1, 2, 3, 4, 5, 6, 7, 8]",2002.426209,2002.701726,0.289815,7,6,2343.0,"0.0053220512539897905,0.042274528267937206,0.042274528267937206,0.042274528267937206,0.04527588473868811,0.04422872118028293,0.04371026183619121,0.042274528267937206",0.038454,0.284178,13.218765,11,11
2002434403781_Node0_Node8_Zero,"[0, 1, 2, 3, 4, 5, 6, 7, 8]",2002.434404,2002.707996,0.334792,7,7,2343.0,"0.0053220512539897905,0.042274528267937206,0.042274528267937206,0.042274528267937206,0.042274528267937206,0.044946277204531926,0.044237445854006796,0.042274528267937206",0.038235,0.385182,13.218765,11,11
2002442602853_Node0_Node8_Zero,"[0, 1, 2, 3, 4, 5, 6, 7, 8]",2002.442603,2002.710595,0.280018,7,7,2343.0,"0.02007173615790435,0.042274528267937206,0.05061162957557862,0.0469641477534855,0.042274528267937206,0.04422872118028293,0.04371026183619121,0.042274528267937206",0.041551,6.276204,13.218765,11,11
2002450801266_Node0_Node8_Zero,"[0, 1, 2, 3, 4, 5, 6, 7, 8]",2002.450801,2002.721835,0.278902,7,7,2343.0,"0.007276244166335523,0.042274528267937206,0.042274528267937206,0.042274528267937206,0.042274528267937206,0.04422872118028293,0.04371026183619121,0.043777387044771736",0.038511,0.921599,13.688692,11,11
2002458997585_Node0_Node8_Zero,"[0, 1, 2, 3, 4, 5, 6, 7, 8]",2002.458998,2002.730364,0.278495,7,4,2343.0,"0.008231659801325328,0.042274528267937206,0.042274528267937206,0.042274528267937206,0.042274528267937206,0.04422872118028293,0.042274528267937206,0.043777387044771736",0.038451,2.573947,13.688692,11,11
2002467197325_Node0_Node8_Zero,"[0, 1, 2, 3, 4, 5, 6, 7, 8]",2002.467197,2002.760378,0.312475,7,7,2343.0,"0.0053220512539897905,0.042274528267937206,0.042274528267937206,0.042274528267937206,0.042274528267937206,0.04422872118028293,0.04371026183619121,0.04337376178113168",0.038217,0.624645,13.562483,11,11
2002475395850_Node0_Node8_Zero,"[0, 1, 2, 3, 4, 5, 6, 7, 8]",2002.475396,2002.766524,0.305206,7,7,2343.0,"0.0053220512539897905,0.042274528267937206,0.042274528267937206,0.042274528267937206,0.042274528267937206,0.04422872118028293,0.04371026183619121,0.04642020894627064",0.038597,0.386589,14.515072,11,11
2002483595370_Node0_Node8_Zero,"[0, 1, 2, 3, 4, 5, 6, 7, 8]",2002.483595,2002.773354,0.462806,7,7,2343.0,"0.0053220512539897905,0.042274528267937206,0.042274528267937206,0.0466714623207151,0.04508856606171505,0.04422872118028293,0.04371026183619121,0.04337376178113168",0.039118,0.358003,13.562483,11,11
2002491793613_Node0_Node8_Zero,"[0, 1, 2, 3, 4, 5, 6, 7, 8]",2002.491794,2002.773793,0.294446,7,7,2343.0,"0.02007173615790435,0.042274528267937206,0.042274528267937206,0.0466714623207151,0.04508856606171505,0.04422872118028293,0.042274528267937206,0.04642020894627064",0.041163,6.276204,14.515072,11,11
2002499992133_Node0_Node8_Zero,"[0, 1, 2, 3, 4, 5, 6, 7, 8]",2002.499992,2002.785914,0.293151,7,7,2343.0,"0.0053220512539897905,0.04508856606171505,0.042274528267937206,0.042274528267937206,0.042274528267937206,0.04422872118028293,0.04371026183619121,0.042274528267937206",0.038431,0.386589,13.218765,11,11
2002508187466_Node0_Node8_Zero,"[0, 1, 2, 3, 4, 5, 6, 7, 8]",2002.508187,2002.792287,0.291688,7,7,2343.0,"0.007467883437792334,0.042274528267937206,0.042274528267937206,0.042274528267937206,0.042274528267937206,0.04422872118028293,0.04371026183619121,0.04381696883374296",0.03854,0.250001,13.701069,11,11
2002516382146_Node0_Node8_Zero,"[0, 1, 2, 3, 4, 5, 6, 7, 8]",2002.516382,2002.939455,0.44038,7,8,2343.0,"0.008231659801325328,0.042274528267937206,0.02667338616052565,0.042274528267937206,0.04508856606171505,0.04422872118028293,0.04449518901229774,0.04397472165033823",0.037155,2.573947,13.750396,11,11
2002524579084_Node0_Node8_Zero,"[0, 1, 2, 3, 4, 5, 6, 7, 8]",2002.524579,2002.946752,0.450492,7,7,2343.0,"0.0053220512539897905,0.042274528267937206,0.02667338616052565,0.042274528267937206,0.042274528267937206,0.042274528267937206,0.04371026183619121,0.04337376178113168",0.036022,0.887765,13.562483,11,11
2002532774858_Node0_Node8_Zero,"[0, 1, 2, 3, 4, 5, 6, 7, 8]",2002.532775,2002.94713,0.442296,7,7,2343.0,"0.0053220512539897905,0.042274528267937206,0.02667338616052565,0.042274528267937206,0.042274528267937206,0.042274528267937206,0.04371026183619121,0.04337376178113168",0.036022,0.624645,13.562483,11,11
2002540973537_Node0_Node8_Zero,"[0, 1, 2, 3, 4, 5, 6, 7, 8]",2002.540974,2002.953596,1.058792,6,14,2343.0,"0.0053220512539897905,0.042274528267937206,0.010618917711206962,0.02667338616052565,0.042274528267937206,0.042274528267937206,0.04449518901229774,0.04397472165033823",0.032238,0.386589,13.750396,11,11
2002549166106_Node0_Node8_Zero,"[0, 1, 2, 3, 4, 5, 6, 7, 8]",2002.549166,2002.962393,0.431122,7,8,2343.0,"0.006739117651441124,0.042274528267937206,0.02667338616052565,0.042274528267937206,0.042274528267937206,0.04474905083854142,0.05819611378683157,0.04642020894627064",0.0387,0.225604,14.515072,11,11
2002557360222_Node0_Node8_Zero,"[0, 1, 2, 3, 4, 5, 6, 7, 8]",2002.55736,2002.969733,0.433844,7,6,2343.0,"0.0053220512539897905,0.042274528267937206,0.02667338616052565,0.0466714623207151,0.04508856606171505,0.04422872118028293,0.04371026183619121,0.04337376178113168",0.037168,0.674084,13.562483,11,11
2002565559730_Node0_Node8_Zero,"[0, 1, 2, 3, 4, 5, 6, 7, 8]",2002.56556,2002.970376,0.419917,7,8,2343.0,"0.02007173615790435,0.042274528267937206,0.02667338616052565,0.042274528267937206,0.042274528267937206,0.042274528267937206,0.04371026183619121,0.04337376178113168",0.037866,6.276204,13.562483,11,11
2002573761294_Node0_Node8_Zero,"[0, 1, 2, 3, 4, 5, 6, 7, 8]",2002.573761,2002.988478,inf,0,4,2343.0,0.008231659801325328,0.008231659801325328,0.59794,inf,11,11
2002581961533_Node0_Node8_Zero,"[0, 1, 2, 3, 4, 5, 6, 7, 8]",2002.581962,2002.996117,0.426834,7,7,2343.0,"0.013659152561631215,0.042274528267937206,0.02667338616052565,0.042274528267937206,0.042274528267937206,0.04529709428109459,0.04449518901229774,0.04642020894627064",0.037921,1.603164,14.515072,11,11
2002590156903_Node0_Node8_Zero,"[0, 1, 2, 3, 4, 5, 6, 7, 8]",2002.590157,2002.997957,0.420067,7,7,2343.0,"0.0053220512539897905,0.042274528267937206,0.02667338616052565,0.04907530179754133,0.04662702332688385,0.04529709428109459,0.04371026183619121,0.04337376178113168",0.037794,1.664145,13.562483,11,11
2002598353761_Node0_Node8_Zero,"[0, 1, 2, 3, 4, 5, 6, 7, 8]",2002.598354,2003.004948,0.420131,7,7,2343.0,"0.0053220512539897905,0.042274528267937206,0.02667338616052565,0.0466714623207151,0.04508856606171505,0.04422872118028293,0.045959367611025995,0.04509573338998957",0.037664,0.344093,14.100924,11,11
2002606546579_Node0_Node8_Zero,"[0, 1, 2, 3, 4, 5, 6, 7, 8]",2002.606547,2003.006828,0.421604,7,6,2343.0,"0.0053220512539897905,0.042274528267937206,0.02667338616052565,0.042274528267937206,0.04508856606171505,0.04422872118028293,0.04371026183619121,0.042274528267937206",0.036481,0.385182,13.218765,11,11
2002614745033_Node0_Node8_Zero,"[0, 1, 2, 3, 4, 5, 6, 7, 8]",2002.614745,2003.031409,0.423962,7,5,2343.0,"0.0053220512539897905,0.042274528267937206,0.02667338616052565,0.042274528267937206,0.042274528267937206,0.04422872118028293,0.04371026183619121,0.04337376178113168",0.036266,0.624645,13.562483,11,11
2002622939672_Node0_Node8_Zero,"[0, 1, 2, 3, 4, 5, 6, 7, 8]",2002.62294,2003.039998,0.424336,7,7,2343.0,"0.0053220512539897905,0.042274528267937206,0.02667338616052565,0.042274528267937206,0.042274528267937206,0.04422872118028293,0.04371026183619121,0.04509573338998957",0.036482,0.892607,14.100924,11,11
2002631138525_Node0_Node8_Zero,"[0, 1, 2, 3, 4, 5, 6, 7, 8]",2002.631139,2003.043526,0.434905,7,7,2343.0,"0.0053220512539897905,0.042274528267937206,0.02667338616052565,0.042274528267937206,0.042274528267937206,0.04422872118028293,0.04371026183619121,0.05462991295624309",0.037673,0.385182,17.082154,11,11
2002639340116_Node0_Node8_Zero,"[0, 1, 2, 3, 4, 5, 6, 7, 8]",2002.63934,2003.044368,0.423068,7,7,2343.0,"0.02007173615790435,0.042274528267937206,0.02667338616052565,0.042274528267937206,0.042274528267937206,0.0496446272516411,0.047689294868209456,0.04337376178113168",0.039285,2.355804,13.562483,11,11
2002647540579_Node0_Node8_Zero,"[0, 1, 2, 3, 4, 5, 6, 7, 8]",2002.647541,2003.049874,0.418503,7,7,2343.0,"0.01313882290337272,0.042274528267937206,0.02667338616052565,0.042274528267937206,0.042274528267937206,0.04422872118028293,0.04371026183619121,0.05462991295624309",0.038651,1.542094,17.082154,11,11
2002655732456_Node0_Node8_Zero,"[0, 1, 2, 3, 4, 5, 6, 7, 8]",2002.655732,2003.056984,0.43115,7,7,2343.0,"0.0053220512539897905,0.042274528267937206,0.02667338616052565,0.042274528267937206,0.05288747080447082,0.0496446272516411,0.047689294868209456,0.042274528267937206",0.03863,0.385182,13.218765,11,11
2002663928229_Node0_Node8_Zero,"[0, 1, 2, 3, 4, 5, 6, 7, 8]",2002.663928,2003.057523,0.407919,7,8,2343.0,"0.02007173615790435,0.042274528267937206,0.02667338616052565,0.042274528267937206,0.04508856606171505,0.04422872118028293,0.047689294868209456,0.04642020894627064",0.03934,3.185556,14.515072,11,11
2002672123521_Node0_Node8_Zero,"[0, 1, 2, 3, 4, 5, 6, 7, 8]",2002.672124,2003.073399,0.415648,7,7,2343.0,"0.0053220512539897905,0.042274528267937206,0.02667338616052565,0.042274528267937206,0.042274528267937206,0.042274528267937206,0.047689294868209456,0.042274528267937206",0.036382,0.385182,13.218765,11,11
2002680323676_Node0_Node8_Zero,"[0, 1, 2, 3, 4, 5, 6, 7, 8]",2002.680324,2003.098551,0.430746,7,7,2343.0,"0.0053220512539897905,0.042274528267937206,0.02667338616052565,0.04907530179754133,0.04662702332688385,0.0496446272516411,0.047689294868209456,0.04642020894627064",0.039216,0.344093,14.515072,11,11
2002688520999_Node0_Node8_Zero,"[0, 1, 2, 3, 4, 5, 6, 7, 8]",2002.688521,2003.10051,0.424113,7,6,2343.0,"0.0053220512539897905,0.042274528267937206,0.02667338616052565,0.042274528267937206,0.04508856606171505,0.04422872118028293,0.04371026183619121,0.04337376178113168",0.036618,1.664145,13.562483,11,11
2002696718076_Node0_Node8_Zero,"[0, 1, 2, 3, 4, 5, 6, 7, 8]",2002.696718,2003.109531,0.431156,7,7,2343.0,"0.0053220512539897905,0.042274528267937206,0.02667338616052565,0.0466714623207151,0.04508856606171505,0.04422872118028293,0.04371026183619121,0.04337376178113168",0.037168,0.385182,13.562483,11,11
2002704915483_Node0_Node8_Zero,"[0, 1, 2, 3, 4, 5, 6, 7, 8]",2002.704915,2003.11325,0.430396,7,8,2343.0,"0.013659152561631215,0.042274528267937206,0.03160542862853764,0.042274528267937206,0.042274528267937206,0.0496446272516411,0.047689294868209456,0.05367895795487024",0.040388,0.992188,16.784801,11,11
2002713111438_Node0_Node8_Zero,"[0, 1, 2, 3, 4, 5, 6, 7, 8]",2002.713111,2003.117077,0.4222,7,8,2343.0,"0.0053220512539897905,0.042274528267937206,0.03160542862853764,0.042274528267937206,0.042274528267937206,0.0496446272516411,0.047689294868209456,0.05367895795487024",0.039345,0.178165,16.784801,11,11
2002721313127_Node0_Node8_Zero,"[0, 1, 2, 3, 4, 5, 6, 7, 8]",2002.721313,2003.124441,0.456485,7,6,2343.0,"0.0053220512539897905,0.06520843083396764,0.02667338616052565,0.042274528267937206,0.04949681338039123,0.0496446272516411,0.047689294868209456,0.042274528267937206",0.041073,0.178165,13.218765,11,11
2002729507288_Node0_Node8_Zero,"[0, 1, 2, 3, 4, 5, 6, 7, 8]",2002.729507,2003.125145,0.410718,7,8,2343.0,"0.02007173615790435,0.042274528267937206,0.02667338616052565,0.0466714623207151,0.04508856606171505,0.0496446272516411,0.045959367611025995,0.04509573338998957",0.040185,2.445414,14.100924,11,11
2002737704520_Node0_Node8_Zero,"[0, 1, 2, 3, 4, 5, 6, 7, 8]",2002.737705,2003.132935,0.414447,7,5,2343.0,"0.013659152561631215,0.042274528267937206,0.03160542862853764,0.042274528267937206,0.042274528267937206,0.0496446272516411,0.047689294868209456,0.04337376178113168",0.039099,0.992188,13.562483,11,11
2002745896744_Node0_Node8_Zero,"[0, 1, 2, 3, 4, 5, 6, 7, 8]",2002.745897,2003.136781,0.414472,7,7,2343.0,"0.0053220512539897905,0.042274528267937206,0.02667338616052565,0.042274528267937206,0.042274528267937206,0.0496446272516411,0.047689294868209456,0.04337376178113168",0.037441,1.664145,13.562483,11,11
2002754092349_Node0_Node8_Zero,"[0, 1, 2, 3, 4, 5, 6, 7, 8]",2002.754092,2003.137501,0.406277,7,7,2343.0,"0.02007173615790435,0.042274528267937206,0.02667338616052565,0.042274528267937206,0.042274528267937206,0.0496446272516411,0.047689294868209456,0.04337376178113168",0.039285,2.445414,13.562483,11,11
2002762291024_Node0_Node8_Zero,"[0, 1, 2, 3, 4, 5, 6, 7, 8]",2002.762291,2003.141397,0.398078,7,7,2343.0,"0.013659152561631215,0.042274528267937206,0.02667338616052565,0.042274528267937206,0.042274528267937206,0.0496446272516411,0.047689294868209456,0.04337376178113168",0.038483,4.271062,13.562483,11,11
2002770486098_Node0_Node8_Zero,"[0, 1, 2, 3, 4, 5, 6, 7, 8]",2002.770486,2003.149109,0.395004,7,7,2343.0,"0.0053220512539897905,0.042274528267937206,0.02667338616052565,0.04860611330393737,0.042274528267937206,0.044358803594847555,0.04371026183619121,0.04337376178113168",0.037074,1.664145,13.562483,11,11
2002778683218_Node0_Node8_Zero,"[0, 1, 2, 3, 4, 5, 6, 7, 8]",2002.778683,2003.151522,0.413885,7,7,2343.0,"0.0053220512539897905,0.042274528267937206,0.02667338616052565,0.053559348756146645,0.04949681338039123,0.047290004040474724,0.042274528267937206,0.04337376178113168",0.038783,0.279895,13.562483,11,11
2002786884525_Node0_Node8_Zero,"[0, 1, 2, 3, 4, 5, 6, 7, 8]",2002.786885,2003.154094,0.548806,6,14,2343.0,"0.005676317853352623,0.042274528267937206,0.010618917711206962,0.02667338616052565,0.04508856606171505,0.04422872118028293,0.04371026183619121,0.04337376178113168",0.032706,0.718955,13.562483,11,11
2002795082033_Node0_Node8_Zero,"[0, 1, 2, 3, 4, 5, 6, 7, 8]",2002.795082,2003.181635,0.399074,7,7,2343.0,"0.008496527318328048,0.042274528267937206,0.02667338616052565,0.042274528267937206,0.042274528267937206,0.042274528267937206,0.045959367611025995,0.04509573338998957",0.036915,2.656768,14.100924,11,11
2002803283271_Node0_Node8_Zero,"[0, 1, 2, 3, 4, 5, 6, 7, 8]",2002.803283,2003.229064,0.436832,6,14,2343.0,"0.0053220512539897905,0.042274528267937206,0.02667338616052565,0.053559348756146645,0.04949681338039123,0.042274528267937206,0.045959367611025995,0.042274528267937206",0.038479,0.178165,13.218765,11,11
2002811482112_Node0_Node8_Zero,"[0, 1, 2, 3, 4, 5, 6, 7, 8]",2002.811482,2003.230943,0.437147,6,14,2343.0,"0.0053220512539897905,0.042274528267937206,0.012582408690597686,0.02667338616052565,0.042274528267937206,0.04422872118028293,0.04371026183619121,0.046894636701686324",0.032995,0.228711,14.66342,11,11
2002819677463_Node0_Node8_Zero,"[0, 1, 2, 3, 4, 5, 6, 7, 8]",2002.819677,2003.23377,1.090895,5,21,2343.0,"0.0053220512539897905,0.042274528267937206,0.010618917711206962,0.02667338616052565,0.042274528267937206,0.042274528267937206,0.042274528267937206,0.04617366653957006",0.032236,0.178165,14.437981,11,11
2002827875766_Node0_Node8_Zero,"[0, 1, 2, 3, 4, 5, 6, 7, 8]",2002.827876,2003.236497,inf,0,14,2343.0,"0.0053220512539897905,0.04004848965369483",0.022685,0.178165,inf,11,11
2002836068777_Node0_Node8_Zero,"[0, 1, 2, 3, 4, 5, 6, 7, 8]",2002.836069,2003.313353,0.504578,6,9,2343.0,"0.0053220512539897905,0.042274528267937206,0.010618917711206962,0.02667338616052565,0.042274528267937206,0.042274528267937206,0.04788928737908851,0.042274528267937206",0.03245,0.386589,13.218765,11,11
2002844262185_Node0_Node8_Zero,"[0, 1, 2, 3, 4, 5, 6, 7, 8]",2002.844262,2004.523683,inf,1,21,2343.0,"0.0053220512539897905,0.042274528267937206,0.0053220512539897905,0.010618917711206962",0.015884,0.451236,inf,11,11
2002852455213_Node0_Node8_Zero,"[0, 1, 2, 3, 4, 5, 6, 7, 8]",2002.852455,2004.525523,inf,0,7,4639.5,0.0053220512539897905,0.0053220512539897905,0.337255,inf,44,44
2002860650901_Node0_Node8_Zero,"[0, 1, 2, 3, 4, 5, 6, 7, 8]",2002.860651,2004.525523,inf,0,7,4639.5,0.0053220512539897905,0.0053220512539897905,0.385182,inf,44,44
2002868852620_Node0_Node8_Zero,"[0, 1, 2, 3, 4, 5, 6, 7, 8]",2002.868853,2004.525523,inf,0,7,4639.5,0.0053220512539897905,0.0053220512539897905,0.385182,inf,44,44
2002877048627_Node0_Node8_Zero,"[0, 1, 2, 3, 4, 5, 6, 7, 8]",2002.877049,2004.525523,inf,0,7,4639.5,0.0053220512539897905,0.0053220512539897905,0.385182,inf,44,44
2002885245434_Node0_Node8_Zero,"[0, 1, 2, 3, 4, 5, 6, 7, 8]",2002.885245,2004.527417,inf,2,8,4639.5,"0.042274528267937206,0.042274528267937206,0.0053220512539897905",0.029957,0.451236,inf,11,44
2002893441169_Node0_Node8_Zero,"[0, 1, 2, 3, 4, 5, 6, 7, 8]",2002.893441,2004.527417,inf,2,7,4639.5,"0.042274528267937206,0.042274528267937206,0.0053220512539897905",0.029957,0.338725,inf,11,44
2002901638442_Node0_Node8_Zero,"[0, 1, 2, 3, 4, 5, 6, 7, 8]",2002.901638,2004.527417,inf,2,7,4639.5,"0.042274528267937206,0.042274528267937206,0.0053220512539897905",0.029957,1.664145,inf,11,44
2002909833925_Node0_Node8_Zero,"[0, 1, 2, 3, 4, 5, 6, 7, 8]",2002.909834,2004.527417,inf,2,7,4639.5,"0.042274528267937206,0.042274528267937206,0.0053220512539897905,0.02667338616052565",0.029136,0.451236,inf,11,44
2002918031682_Node0_Node8_Zero,"[0, 1, 2, 3, 4, 5, 6, 7, 8]",2002.918032,2004.537812,inf,2,9,4639.5,"0.042274528267937206,0.042274528267937206,0.0053220512539897905,0.02667338616052565",0.029136,0.980434,inf,11,44
2002926227105_Node0_Node8_Zero,"[0, 1, 2, 3, 4, 5, 6, 7, 8]",2002.926227,2004.537812,inf,3,9,4639.5,"0.042274528267937206,0.042274528267937206,0.0053220512539897905,0.05353067944304861",0.03585,0.870911,inf,11,44
2002934423326_Node0_Node8_Zero,"[0, 1, 2, 3, 4, 5, 6, 7, 8]",2002.934423,2004.537812,inf,2,8,4639.5,"0.042274528267937206,0.042274528267937206,0.0053220512539897905,0.02667338616052565",0.029136,0.980434,inf,11,44
2002942622108_Node0_Node8_Zero,"[0, 1, 2, 3, 4, 5, 6, 7, 8]",2002.942622,2004.537812,inf,3,10,4639.5,"0.042274528267937206,0.042274528267937206,0.0053220512539897905,0.02667338616052565,0.02667338616052565",0.028644,0.451236,inf,11,44
2002950815742_Node0_Node8_Zero,"[0, 1, 2, 3, 4, 5, 6, 7, 8]",2002.950816,2004.538791,inf,0,7,4639.5,0.07736677271263287,0.07736677271263287,inf,inf,44,44
2002959007590_Node0_Node8_Zero,"[0, 1, 2, 3, 4, 5, 6, 7, 8]",2002.959008,2004.538791,inf,0,7,4639.5,0.07736677271263287,0.07736677271263287,inf,inf,44,44
2002967203496_Node0_Node8_Zero,"[0, 1, 2, 3, 4, 5, 6, 7, 8]",2002.967203,2004.538791,inf,0,7,4639.5,0.07736677271263287,0.07736677271263287,inf,inf,44,44
2002975405178_Node0_Node8_Zero,"[0, 1, 2, 3, 4, 5, 6, 7, 8]",2002.975405,2004.538791,inf,0,7,4639.5,0.07736677271263287,0.07736677271263287,inf,inf,44,44
2002983601560_Node0_Node8_Zero,"[0, 1, 2, 3, 4, 5, 6, 7, 8]",2002.983602,2004.555588,3.002252,4,18,4639.5,"0.11262547311238358,0.042274528267937206,0.0053220512539897905,0.05353067944304861,0.042274528267937206,0.02667338616052565,0.02667338616052565,0.035572123908659596",0.043118,0.451236,11.122999,11,44
2002991798625_Node0_Node8_Zero,"[0, 1, 2, 3, 4, 5, 6, 7, 8]",2002.991799,2004.555588,3.034922,4,21,4639.5,"0.11262547311238358,0.042274528267937206,0.0053220512539897905,0.05353067944304861,0.042274528267937206,0.02667338616052565,0.02667338616052565,0.035572123908659596",0.043118,1.158917,4.216166,11,44
2002999991233_Node0_Node8_Zero,"[0, 1, 2, 3, 4, 5, 6, 7, 8]",2002.999991,2004.555588,3.036413,4,11,4639.5,"0.11262547311238358,0.042274528267937206,0.0053220512539897905,0.05353067944304861,0.042274528267937206,0.010618917711206962,0.010618917711206962,0.010618917711206962",0.035986,0.725735,3.320415,11,44
2003008189029_Node0_Node8_Zero,"[0, 1, 2, 3, 4, 5, 6, 7, 8]",2003.008189,2004.555588,inf,4,8,4639.5,"0.11262547311238358,0.042274528267937206,0.0053220512539897905,0.042274528267937206,0.05009129991732013,0.010618917711206962",0.043868,0.870911,inf,11,44
2003016389811_Node0_Node8_Zero,"[0, 1, 2, 3, 4, 5, 6, 7, 8]",2003.01639,2004.562218,inf,4,13,4639.5,"0.042274528267937206,0.042274528267937206,0.0053220512539897905,0.042274528267937206,0.042274528267937206,0.010618917711206962,0.010618917711206962,0.010618917711206962",0.025785,0.725735,inf,11,44
2003024584174_Node0_Node8_Zero,"[0, 1, 2, 3, 4, 5, 6, 7, 8]",2003.024584,2004.562218,inf,4,9,4639.5,"0.042274528267937206,0.042274528267937206,0.0053220512539897905,0.042274528267937206,0.05009129991732013,0.010618917711206962,0.011980831575444585",0.029262,1.664145,inf,11,44
2003032784125_Node0_Node8_Zero,"[0, 1, 2, 3, 4, 5, 6, 7, 8]",2003.032784,2004.562218,inf,5,10,4639.5,"0.042274528267937206,0.042274528267937206,0.0053220512539897905,0.042274528267937206,0.05009129991732013,0.010618917711206962,0.011980831575444585",0.029262,1.04246,inf,11,44
2003040981947_Node0_Node8_Zero,"[0, 1, 2, 3, 4, 5, 6, 7, 8]",2003.040982,2004.562218,inf,6,11,4639.5,"0.042274528267937206,0.042274528267937206,0.0053220512539897905,0.042274528267937206,0.042274528267937206,0.010618917711206962,0.02992279995023813",0.030709,0.909317,inf,11,44
2003049176412_Node0_Node8_Zero,"[0, 1, 2, 3, 4, 5, 6, 7, 8]",2003.049176,2005.523364,inf,1,7,4639.5,"0.042274528267937206,0.010618917711206962",0.026447,3.320415,inf,44,44
2003057378004_Node0_Node8_Zero,"[0, 1, 2, 3, 4, 5, 6, 7, 8]",2003.057378,2005.523364,inf,1,7,4639.5,"0.042274528267937206,0.010618917711206962",0.026447,3.320415,inf,44,44
2003065576542_Node0_Node8_Zero,"[0, 1, 2, 3, 4, 5, 6, 7, 8]",2003.065577,2005.523364,inf,1,7,4639.5,"0.042274528267937206,0.010618917711206962",0.026447,3.320415,inf,44,44
2003073769561_Node0_Node8_Zero,"[0, 1, 2, 3, 4, 5, 6, 7, 8]",2003.07377,2005.523364,inf,1,7,4639.5,"0.042274528267937206,0.010618917711206962",0.026447,3.320415,inf,44,44
2003081970152_Node0_Node8_Zero,"[0, 1, 2, 3, 4, 5, 6, 7, 8]",2003.08197,2005.527863,2.974644,7,10,4639.5,"0.042274528267937206,0.042274528267937206,0.0053220512539897905,0.042274528267937206,0.042274528267937206,0.010618917711206962,0.030094342552328672,0.02667338616052565",0.030226,0.338725,8.340465,11,44
2003090164501_Node0_Node8_Zero,"[0, 1, 2, 3, 4, 5, 6, 7, 8]",2003.090165,2005.527863,inf,6,11,4639.5,"0.042274528267937206,0.042274528267937206,0.0053220512539897905,0.042274528267937206,0.042274528267937206,0.0294476600487824,0.02667338616052565,0.010618917711206962",0.030145,0.117039,inf,11,44
2003098359928_Node0_Node8_Zero,"[0, 1, 2, 3, 4, 5, 6, 7, 8]",2003.09836,2005.527863,inf,6,11,4639.5,"0.042274528267937206,0.042274528267937206,0.0053220512539897905,0.042274528267937206,0.042274528267937206,0.0294476600487824,0.02667338616052565,0.010618917711206962",0.030145,0.399929,inf,11,44
2003106559416_Node0_Node8_Zero,"[0, 1, 2, 3, 4, 5, 6, 7, 8]",2003.106559,2005.527863,2.999208,7,5,4639.5,"0.042274528267937206,0.042274528267937206,0.0053220512539897905,0.05787108135446862,0.042274528267937206,0.02667338616052565,0.03776835630664314,0.02667338616052565",0.035141,0.117039,8.340465,11,44
2003114751726_Node0_Node8_Zero,"[0, 1, 2, 3, 4, 5, 6, 7, 8]",2003.114752,2005.5299,3.011081,7,12,4639.5,"0.042274528267937206,0.042274528267937206,0.02007173615790435,0.042274528267937206,0.05009129991732013,0.0294476600487824,0.02667338616052565,0.010618917711206962",0.032966,1.818237,9.083308,11,44
2003122952051_Node0_Node8_Zero,"[0, 1, 2, 3, 4, 5, 6, 7, 8]",2003.122952,2005.5299,3.003788,7,4,4639.5,"0.042274528267937206,0.042274528267937206,0.0053220512539897905,0.05787108135446862,0.05009129991732013,0.0294476600487824,0.03121355848100215,0.02667338616052565",0.035646,0.117039,8.340465,11,44
2003131151480_Node0_Node8_Zero,"[0, 1, 2, 3, 4, 5, 6, 7, 8]",2003.131151,2005.5299,2.925463,7,5,4639.5,"0.042274528267937206,0.042274528267937206,0.01641914680701678,0.042274528267937206,0.042274528267937206,0.0294476600487824,0.030094342552328672,0.02667338616052565",0.033967,2.509849,8.340465,11,44
2003139349839_Node0_Node8_Zero,"[0, 1, 2, 3, 4, 5, 6, 7, 8]",2003.13935,2005.5299,2.929345,7,8,4639.5,"0.042274528267937206,0.042274528267937206,0.010254093722001787,0.042274528267937206,0.042274528267937206,0.0294476600487824,0.032151118931477055,0.03132359763036553",0.034034,0.971033,9.794533,11,44
2003147543997_Node0_Node8_Zero,"[0, 1, 2, 3, 4, 5, 6, 7, 8]",2003.147544,2005.532017,inf,2,6,4639.5,"0.042274528267937206,0.042274528267937206,0.009739905957618917",0.03143,1.580697,inf,11,44
2003155737056_Node0_Node8_Zero,"[0, 1, 2, 3, 4, 5, 6, 7, 8]",2003.155737,2005.532017,2.894144,7,6,4639.5,"0.042274528267937206,0.042274528267937206,0.010254093722001787,0.05353067944304861,0.042274528267937206,0.02667338616052565,0.02992279995023813,0.031175782573201433",0.034798,3.206339,9.748313,11,44
2003163934027_Node0_Node8_Zero,"[0, 1, 2, 3, 4, 5, 6, 7, 8]",2003.163934,2005.532017,inf,2,6,4639.5,"0.042274528267937206,0.042274528267937206,0.0053220512539897905",0.029957,0.503983,inf,11,44
2003172130813_Node0_Node8_Zero,"[0, 1, 2, 3, 4, 5, 6, 7, 8]",2003.172131,2005.532017,2.87775,7,5,4639.5,"0.042274528267937206,0.042274528267937206,0.02007173615790435,0.05353067944304861,0.042274528267937206,0.02667338616052565,0.02992279995023813,0.031175782573201433",0.036025,3.429425,9.748313,22,44
2003180326349_Node0_Node8_Zero,"[0, 1, 2, 3, 4, 5, 6, 7, 8]",2003.180326,2005.536538,2.876288,7,5,4639.5,"0.042274528267937206,0.042274528267937206,0.02007173615790435,0.05353067944304861,0.042274528267937206,0.02667338616052565,0.030094342552328672,0.02667338616052565",0.035483,3.429425,8.340465,22,44
2003188520337_Node0_Node8_Zero,"[0, 1, 2, 3, 4, 5, 6, 7, 8]",2003.18852,2005.536538,2.89346,7,9,4639.5,"0.042274528267937206,0.042274528267937206,0.01943372112422128,0.042274528267937206,0.042274528267937206,0.02667338616052565,0.02667338616052565,0.02667338616052565",0.033569,1.237856,8.340465,22,44
2003196713829_Node0_Node8_Zero,"[0, 1, 2, 3, 4, 5, 6, 7, 8]",2003.196714,2005.536538,2.885266,7,9,4639.5,"0.042274528267937206,0.042274528267937206,0.01943372112422128,0.042274528267937206,0.042274528267937206,0.02667338616052565,0.02667338616052565,0.02667338616052565",0.033569,1.237856,8.340465,22,44
2003204906739_Node0_Node8_Zero,"[0, 1, 2, 3, 4, 5, 6, 7, 8]",2003.204907,2005.536538,inf,2,2,4639.5,"0.042274528267937206,0.042274528267937206,0.010618917711206962",0.031723,0.374601,inf,22,44
2003213108081_Node0_Node8_Zero,"[0, 1, 2, 3, 4, 5, 6, 7, 8]",2003.213108,2005.538695,inf,2,2,4639.5,"0.042274528267937206,0.042274528267937206,0.010618917711206962",0.031723,0.374601,inf,22,44
2003221300527_Node0_Node8_Zero,"[0, 1, 2, 3, 4, 5, 6, 7, 8]",2003.221301,2005.538695,2.907026,7,3,4639.5,"0.042274528267937206,0.042274528267937206,0.012822618564460542,0.042274528267937206,0.042274528267937206,0.02667338616052565,0.02667338616052565,0.02667338616052565",0.032743,1.312236,8.340465,22,44
2003229496791_Node0_Node8_Zero,"[0, 1, 2, 3, 4, 5, 6, 7, 8]",2003.229497,2005.538695,2.89883,7,3,4639.5,"0.042274528267937206,0.042274528267937206,0.012822618564460542,0.042274528267937206,0.042274528267937206,0.02667338616052565,0.02667338616052565,0.02667338616052565",0.032743,1.312236,8.340465,22,44
2003237692996_Node0_Node8_Zero,"[0, 1, 2, 3, 4, 5, 6, 7, 8]",2003.237693,2005.538695,2.948183,7,7,4639.5,"0.042274528267937206,0.042274528267937206,0.010618917711206962,0.042274528267937206,0.042274528267937206,0.02667338616052565,0.02667338616052565,0.02667338616052565",0.032467,1.312236,8.340465,22,44
2003245885483_Node0_Node8_Zero,"[0, 1, 2, 3, 4, 5, 6, 7, 8]",2003.245885,2005.540852,2.939991,7,7,4639.5,"0.042274528267937206,0.042274528267937206,0.010618917711206962,0.042274528267937206,0.042274528267937206,0.02667338616052565,0.02667338616052565,0.02667338616052565",0.032467,1.312236,8.340465,22,44
2003254083336_Node0_Node8_Zero,"[0, 1, 2, 3, 4, 5, 6, 7, 8]",2003.254083,2005.540852,2.941645,7,6,4639.5,"0.042274528267937206,0.042274528267937206,0.010618917711206962,0.042274528267937206,0.042274528267937206,0.02667338616052565,0.036467531255254565,0.02964412508678213",0.034063,3.320415,9.269381,22,44
2003262276338_Node0_Node8_Zero,"[0, 1, 2, 3, 4, 5, 6, 7, 8]",2003.262276,2005.540852,2.935038,7,5,4639.5,"0.042274528267937206,0.042274528267937206,0.010618917711206962,0.042274528267937206,0.042274528267937206,0.02667338616052565,0.036467531255254565,0.02667338616052565",0.033691,3.320415,8.340465,22,44
2003270474403_Node0_Node8_Zero,"[0, 1, 2, 3, 4, 5, 6, 7, 8]",2003.270474,2005.540852,2.925254,7,6,4639.5,"0.042274528267937206,0.042274528267937206,0.010618917711206962,0.042274528267937206,0.042274528267937206,0.02667338616052565,0.03121355848100215,0.02964412508678213",0.033406,3.320415,9.269381,22,44
2003278672103_Node0_Node8_Zero,"[0, 1, 2, 3, 4, 5, 6, 7, 8]",2003.278672,2005.542809,2.917056,7,6,4639.5,"0.042274528267937206,0.042274528267937206,0.010618917711206962,0.042274528267937206,0.042274528267937206,0.02667338616052565,0.03121355848100215,0.02964412508678213",0.033406,3.320415,9.269381,22,44
2003286870158_Node0_Node8_Zero,"[0, 1, 2, 3, 4, 5, 6, 7, 8]",2003.28687,2005.542809,2.92724,7,8,4639.5,"0.042274528267937206,0.042274528267937206,0.010618917711206962,0.042274528267937206,0.042274528267937206,0.02667338616052565,0.03358025525180859,0.029133572591309033",0.033638,1.136592,9.109737,22,44
2003295066917_Node0_Node8_Zero,"[0, 1, 2, 3, 4, 5, 6, 7, 8]",2003.295067,2005.542809,2.919043,7,8,4639.5,"0.042274528267937206,0.042274528267937206,0.010618917711206962,0.042274528267937206,0.042274528267937206,0.02667338616052565,0.03358025525180859,0.029133572591309033",0.033638,1.136592,9.109737,22,44
2003303265314_Node0_Node8_Zero,"[0, 1, 2, 3, 4, 5, 6, 7, 8]",2003.303265,2005.542809,2.910845,7,8,4639.5,"0.042274528267937206,0.042274528267937206,0.010618917711206962,0.042274528267937206,0.042274528267937206,0.02667338616052565,0.03358025525180859,0.029133572591309033",0.033638,1.312236,9.109737,22,44
2003311458663_Node0_Node8_Zero,"[0, 1, 2, 3, 4, 5, 6, 7, 8]",2003.311459,2005.544926,2.885855,7,5,4639.5,"0.042274528267937206,0.042274528267937206,0.010618917711206962,0.042274528267937206,0.042274528267937206,0.02667338616052565,0.036467531255254565,0.02667338616052565",0.033691,3.320415,8.340465,22,44
2003319653044_Node0_Node8_Zero,"[0, 1, 2, 3, 4, 5, 6, 7, 8]",2003.319653,2005.544926,2.897271,7,4,4639.5,"0.042274528267937206,0.042274528267937206,0.010618917711206962,0.042274528267937206,0.042274528267937206,0.02667338616052565,0.030216054620853722,0.02667338616052565",0.03291,3.320415,8.340465,22,44
2003327849944_Node0_Node8_Zero,"[0, 1, 2, 3, 4, 5, 6, 7, 8]",2003.32785,2005.544926,2.889074,7,4,4639.5,"0.042274528267937206,0.042274528267937206,0.010618917711206962,0.042274528267937206,0.042274528267937206,0.02667338616052565,0.030216054620853722,0.02667338616052565",0.03291,3.320415,8.340465,22,44
2003336048046_Node0_Node8_Zero,"[0, 1, 2, 3, 4, 5, 6, 7, 8]",2003.336048,2005.544926,inf,2,4,4639.5,"0.042274528267937206,0.042274528267937206,0.012582408690597686",0.032377,1.7355,inf,22,44
2003344242946_Node0_Node8_Zero,"[0, 1, 2, 3, 4, 5, 6, 7, 8]",2003.344243,2005.549447,inf,2,4,4639.5,"0.042274528267937206,0.042274528267937206,0.012582408690597686",0.032377,1.7355,inf,22,44
2003352437321_Node0_Node8_Zero,"[0, 1, 2, 3, 4, 5, 6, 7, 8]",2003.352437,2005.549447,2.922699,7,5,4639.5,"0.042274528267937206,0.042274528267937206,0.016770842561208695,0.08506451156737665,0.042274528267937206,0.02667338616052565,0.036467531255254565,0.029133572591309033",0.040117,1.312236,9.109737,22,44
2003360630143_Node0_Node8_Zero,"[0, 1, 2, 3, 4, 5, 6, 7, 8]",2003.36063,2005.549447,2.91104,7,4,4639.5,"0.042274528267937206,0.042274528267937206,0.016770842561208695,0.08506451156737665,0.042274528267937206,0.02667338616052565,0.030216054620853722,0.03386908459746934",0.039927,1.312236,10.590478,22,44
2003368830343_Node0_Node8_Zero,"[0, 1, 2, 3, 4, 5, 6, 7, 8]",2003.36883,2005.549447,2.93268,7,6,4639.5,"0.042274528267937206,0.042274528267937206,0.04004848965369483,0.042274528267937206,0.042274528267937206,0.032208805629788256,0.02667338616052565,0.029133572591309033",0.037145,8.340465,9.109737,22,44
2003377022398_Node0_Node8_Zero,"[0, 1, 2, 3, 4, 5, 6, 7, 8]",2003.377022,2005.551404,2.924488,7,5,4639.5,"0.042274528267937206,0.042274528267937206,0.04004848965369483,0.042274528267937206,0.042274528267937206,0.032208805629788256,0.02667338616052565,0.029133572591309033",0.037145,8.340465,9.109737,22,44
2003385217240_Node0_Node8_Zero,"[0, 1, 2, 3, 4, 5, 6, 7, 8]",2003.385217,2005.551404,2.904661,7,4,4639.5,"0.042274528267937206,0.042274528267937206,0.04004848965369483,0.042274528267937206,0.042274528267937206,0.032208805629788256,0.02667338616052565,0.035951803556622974",0.037998,5.523916,11.241721,22,44
2003393415734_Node0_Node8_Zero,"[0, 1, 2, 3, 4, 5, 6, 7, 8]",2003.393416,2005.551404,2.897292,7,5,4639.5,"0.042274528267937206,0.042274528267937206,0.04004848965369483,0.042274528267937206,0.042274528267937206,0.032208805629788256,0.030216054620853722,0.029133572591309033",0.037588,9.109737,9.109737,22,44
2003401610853_Node0_Node8_Zero,"[0, 1, 2, 3, 4, 5, 6, 7, 8]",2003.401611,2005.551404,inf,2,1,4639.5,"0.042274528267937206,0.042274528267937206,0.010618917711206962",0.031723,1.619871,inf,22,44
2003409810577_Node0_Node8_Zero,"[0, 1, 2, 3, 4, 5, 6, 7, 8]",2003.409811,2005.553521,inf,2,1,4639.5,"0.042274528267937206,0.042274528267937206,0.010618917711206962",0.031723,1.076269,inf,22,44
2003418011862_Node0_Node8_Zero,"[0, 1, 2, 3, 4, 5, 6, 7, 8]",2003.418012,2005.553521,2.890615,7,4,4639.5,"0.042274528267937206,0.042274528267937206,0.024073066354864305,0.042274528267937206,0.042274528267937206,0.02667338616052565,0.02667338616052565,0.030534300856944016",0.034632,1.312236,9.547729,22,44
2003426210327_Node0_Node8_Zero,"[0, 1, 2, 3, 4, 5, 6, 7, 8]",2003.42621,2005.553521,2.882417,7,4,4639.5,"0.042274528267937206,0.042274528267937206,0.024073066354864305,0.042274528267937206,0.042274528267937206,0.02667338616052565,0.02667338616052565,0.030534300856944016",0.034632,1.312236,9.547729,22,44
2003434405594_Node0_Node8_Zero,"[0, 1, 2, 3, 4, 5, 6, 7, 8]",2003.434406,2005.553521,2.880693,7,6,4639.5,"0.042274528267937206,0.042274528267937206,0.010618917711206962,0.0676008684119379,0.042274528267937206,0.02667338616052565,0.03272824441431827,0.02667338616052565",0.03639,0.869215,8.340465,22,44
2003442601623_Node0_Node8_Zero,"[0, 1, 2, 3, 4, 5, 6, 7, 8]",2003.442602,2005.555598,2.872497,7,6,4639.5,"0.042274528267937206,0.042274528267937206,0.010618917711206962,0.0676008684119379,0.042274528267937206,0.02667338616052565,0.03272824441431827,0.02667338616052565",0.03639,1.460985,8.340465,22,44
2003450797177_Node0_Node8_Zero,"[0, 1, 2, 3, 4, 5, 6, 7, 8]",2003.450797,2005.555598,inf,2,3,4639.5,"0.042274528267937206,0.042274528267937206,0.010618917711206962",0.031723,1.619871,inf,22,44
2003458995117_Node0_Node8_Zero,"[0, 1, 2, 3, 4, 5, 6, 7, 8]",2003.458995,2005.555598,2.877551,7,3,4639.5,"0.042274528267937206,0.042274528267937206,0.010618917711206962,0.042274528267937206,0.042274528267937206,0.02667338616052565,0.033499110431961514,0.03141347246013389",0.033913,1.950194,9.822636,22,44
2003467191372_Node0_Node8_Zero,"[0, 1, 2, 3, 4, 5, 6, 7, 8]",2003.467191,2005.555598,inf,2,3,4639.5,"0.042274528267937206,0.042274528267937206,0.016664889675942676",0.033738,3.135511,inf,22,44
2003475387523_Node0_Node8_Zero,"[0, 1, 2, 3, 4, 5, 6, 7, 8]",2003.475388,2005.557575,2.84719,7,4,4639.5,"0.042274528267937206,0.042274528267937206,0.016664889675942676,0.042274528267937206,0.042274528267937206,0.02667338616052565,0.02667338616052565,0.03426334729616497",0.034172,3.135511,10.71376,22,44
2003483579470_Node0_Node8_Zero,"[0, 1, 2, 3, 4, 5, 6, 7, 8]",2003.483579,2005.557575,2.857006,7,3,4639.5,"0.042274528267937206,0.042274528267937206,0.020459663434340494,0.042274528267937206,0.042274528267937206,0.02667338616052565,0.036467531255254565,0.03141347246013389",0.035514,2.956516,9.822636,22,44
2003491771358_Node0_Node8_Zero,"[0, 1, 2, 3, 4, 5, 6, 7, 8]",2003.491771,2005.557575,2.858836,7,7,4639.5,"0.042274528267937206,0.042274528267937206,0.020459663434340494,0.042274528267937206,0.042274528267937206,0.02667338616052565,0.03358025525180859,0.02667338616052565",0.034561,1.344259,8.340465,22,44
2003499972122_Node0_Node8_Zero,"[0, 1, 2, 3, 4, 5, 6, 7, 8]",2003.499972,2005.557575,2.836574,7,4,4639.5,"0.042274528267937206,0.042274528267937206,0.032760595588257405,0.042274528267937206,0.042274528267937206,0.02667338616052565,0.033499110431961514,0.03141347246013389",0.036681,4.283606,9.822636,22,44
2003508167827_Node0_Node8_Zero,"[0, 1, 2, 3, 4, 5, 6, 7, 8]",2003.508168,2005.559632,2.828378,7,4,4639.5,"0.042274528267937206,0.042274528267937206,0.032760595588257405,0.042274528267937206,0.042274528267937206,0.02667338616052565,0.033499110431961514,0.03141347246013389",0.036681,4.793386,9.822636,22,44
2003516363031_Node0_Node8_Zero,"[0, 1, 2, 3, 4, 5, 6, 7, 8]",2003.516363,2005.559632,2.886991,7,6,4639.5,"0.042274528267937206,0.042274528267937206,0.022693512564203475,0.042274528267937206,0.042274528267937206,0.02667338616052565,0.036467531255254565,0.03426334729616497",0.036149,1.114186,10.71376,22,44
2003524560563_Node0_Node8_Zero,"[0, 1, 2, 3, 4, 5, 6, 7, 8]",2003.524561,2005.559632,2.878793,7,6,4639.5,"0.042274528267937206,0.042274528267937206,0.022693512564203475,0.042274528267937206,0.042274528267937206,0.02667338616052565,0.036467531255254565,0.03426334729616497",0.036149,1.114186,10.71376,22,44
2003532761799_Node0_Node8_Zero,"[0, 1, 2, 3, 4, 5, 6, 7, 8]",2003.532762,2005.559632,inf,2,5,4639.5,"0.042274528267937206,0.042274528267937206,0.010618917711206962",0.031723,3.320415,inf,22,44
2003540959719_Node0_Node8_Zero,"[0, 1, 2, 3, 4, 5, 6, 7, 8]",2003.54096,2005.561649,2.956548,7,5,4639.5,"0.042274528267937206,0.042274528267937206,0.010618917711206962,0.051047589379111115,0.042274528267937206,0.04617366653957006,0.045981930648454405,0.05367895795487024",0.041791,3.320415,16.784801,22,44
2003549152367_Node0_Node8_Zero,"[0, 1, 2, 3, 4, 5, 6, 7, 8]",2003.549152,2005.561649,2.854202,7,12,4639.5,"0.042274528267937206,0.042274528267937206,0.032760595588257405,0.05353067944304861,0.042274528267937206,0.02667338616052565,0.036467531255254565,0.03426334729616497",0.038815,1.114186,10.71376,22,44
2003557350646_Node0_Node8_Zero,"[0, 1, 2, 3, 4, 5, 6, 7, 8]",2003.557351,2005.561649,inf,6,13,4639.5,"0.042274528267937206,0.042274528267937206,0.032760595588257405,0.05353067944304861,0.042274528267937206,0.03285306515228533,0.03121355848100215,0.03386908459746934",0.038881,9.760125,inf,22,44
2003565543508_Node0_Node8_Zero,"[0, 1, 2, 3, 4, 5, 6, 7, 8]",2003.565544,2005.561649,2.934954,7,4,4639.5,"0.042274528267937206,0.042274528267937206,0.010618917711206962,0.042274528267937206,0.042274528267937206,0.048206205682364694,0.045981930648454405,0.042274528267937206",0.039522,1.309417,13.218765,22,44
2003573736538_Node0_Node8_Zero,"[0, 1, 2, 3, 4, 5, 6, 7, 8]",2003.573737,2005.563545,2.926761,7,4,4639.5,"0.042274528267937206,0.042274528267937206,0.010618917711206962,0.042274528267937206,0.042274528267937206,0.048206205682364694,0.045981930648454405,0.042274528267937206",0.039522,1.309417,13.218765,22,44
2003581932808_Node0_Node8_Zero,"[0, 1, 2, 3, 4, 5, 6, 7, 8]",2003.581933,2005.563545,inf,5,11,4639.5,"0.042274528267937206,0.042274528267937206,0.04004848965369483,0.042274528267937206,0.042274528267937206,0.032208805629788256,0.02667338616052565",0.03829,5.779663,inf,22,44
2003590125003_Node0_Node8_Zero,"[0, 1, 2, 3, 4, 5, 6, 7, 8]",2003.590125,2005.563545,inf,5,11,4639.5,"0.042274528267937206,0.042274528267937206,0.04004848965369483,0.042274528267937206,0.042274528267937206,0.032208805629788256,0.02667338616052565",0.03829,8.340465,inf,22,44
2003598318282_Node0_Node8_Zero,"[0, 1, 2, 3, 4, 5, 6, 7, 8]",2003.598318,2005.563545,inf,6,12,4639.5,"0.042274528267937206,0.042274528267937206,0.032760595588257405,0.042274528267937206,0.042274528267937206,0.03285306515228533,0.03121355848100215,0.03386908459746934",0.037474,9.760125,inf,22,44
2003606517388_Node0_Node8_Zero,"[0, 1, 2, 3, 4, 5, 6, 7, 8]",2003.606517,2005.565642,inf,6,12,4639.5,"0.042274528267937206,0.042274528267937206,0.032760595588257405,0.042274528267937206,0.042274528267937206,0.03285306515228533,0.03121355848100215,0.03386908459746934",0.037474,9.760125,inf,22,44
2003614714999_Node0_Node8_Zero,"[0, 1, 2, 3, 4, 5, 6, 7, 8]",2003.614715,2005.565642,inf,5,12,4639.5,"0.042274528267937206,0.042274528267937206,0.010618917711206962,0.042274528267937206,0.042274528267937206,0.032208805629788256,0.02667338616052565",0.034086,0.60687,inf,22,44
2003622912715_Node0_Node8_Zero,"[0, 1, 2, 3, 4, 5, 6, 7, 8]",2003.622913,2005.565642,inf,4,12,4639.5,"0.042274528267937206,0.042274528267937206,0.010618917711206962,0.042274528267937206,0.042274528267937206,0.02667338616052565",0.034398,0.60687,inf,22,44
2003631106494_Node0_Node8_Zero,"[0, 1, 2, 3, 4, 5, 6, 7, 8]",2003.631106,2005.565642,inf,4,11,4639.5,"0.042274528267937206,0.042274528267937206,0.023007849182532968,0.042274528267937206,0.042274528267937206,0.02667338616052565",0.036463,4.328944,inf,22,44
2003639300182_Node0_Node8_Zero,"[0, 1, 2, 3, 4, 5, 6, 7, 8]",2003.6393,2005.567819,2.858208,7,4,4639.5,"0.042274528267937206,0.042274528267937206,0.023007849182532968,0.042274528267937206,0.042274528267937206,0.042274528267937206,0.045981930648454405,0.05367895795487024",0.041755,7.194293,16.784801,22,44
2003647493507_Node0_Node8_Zero,"[0, 1, 2, 3, 4, 5, 6, 7, 8]",2003.647494,2005.567819,inf,4,12,4639.5,"0.042274528267937206,0.042274528267937206,0.04004848965369483,0.042274528267937206,0.042274528267937206,0.02667338616052565",0.039303,7.535153,inf,22,44
2003655694518_Node0_Node8_Zero,"[0, 1, 2, 3, 4, 5, 6, 7, 8]",2003.655695,2005.567819,inf,4,12,4639.5,"0.042274528267937206,0.042274528267937206,0.04004848965369483,0.042274528267937206,0.042274528267937206,0.02667338616052565",0.039303,7.535153,inf,22,44
2003663892659_Node0_Node8_Zero,"[0, 1, 2, 3, 4, 5, 6, 7, 8]",2003.663893,2005.567819,2.888012,7,5,4639.5,"0.042274528267937206,0.042274528267937206,0.010618917711206962,0.042274528267937206,0.042274528267937206,0.042274528267937206,0.0530925875846428,0.05054627160132975",0.040704,0.930559,15.805245,22,44
2003672084997_Node0_Node8_Zero,"[0, 1, 2, 3, 4, 5, 6, 7, 8]",2003.672085,2005.569876,2.87982,7,5,4639.5,"0.042274528267937206,0.042274528267937206,0.010618917711206962,0.042274528267937206,0.042274528267937206,0.042274528267937206,0.0530925875846428,0.05054627160132975",0.040704,0.930559,15.805245,22,44
2003680278356_Node0_Node8_Zero,"[0, 1, 2, 3, 4, 5, 6, 7, 8]",2003.680278,2005.569876,2.81723,7,6,4639.5,"0.042274528267937206,0.042274528267937206,0.04004848965369483,0.042274528267937206,0.042274528267937206,0.042274528267937206,0.045981930648454405,0.05367895795487024",0.043885,6.499501,16.784801,22,44
2003688475168_Node0_Node8_Zero,"[0, 1, 2, 3, 4, 5, 6, 7, 8]",2003.688475,2005.569876,2.809033,7,6,4639.5,"0.042274528267937206,0.042274528267937206,0.04004848965369483,0.042274528267937206,0.042274528267937206,0.042274528267937206,0.045981930648454405,0.05367895795487024",0.043885,6.499501,16.784801,22,44
2003696676661_Node0_Node8_Zero,"[0, 1, 2, 3, 4, 5, 6, 7, 8]",2003.696677,2005.569876,inf,2,2,4639.5,"0.042274528267937206,0.042274528267937206,0.010618917711206962",0.031723,1.145509,inf,33,44
2003704872214_Node0_Node8_Zero,"[0, 1, 2, 3, 4, 5, 6, 7, 8]",2003.704872,2005.571913,inf,2,3,4639.5,"0.042274528267937206,0.042274528267937206,0.010618917711206962",0.031723,1.737701,inf,33,44
2003713069266_Node0_Node8_Zero,"[0, 1, 2, 3, 4, 5, 6, 7, 8]",2003.713069,2005.571913,inf,2,3,4639.5,"0.042274528267937206,0.042274528267937206,0.010618917711206962",0.031723,3.320415,inf,33,44
2003721263907_Node0_Node8_Zero,"[0, 1, 2, 3, 4, 5, 6, 7, 8]",2003.721264,2005.571913,2.859408,8,2,4639.5,"0.042274528267937206,0.042274528267937206,0.02667338616052565,0.042274528267937206,0.042274528267937206,0.042274528267937206,0.04934669455037937,0.044467793545730674",0.041483,8.340465,13.904574,33,44
2003729459218_Node0_Node8_Zero,"[0, 1, 2, 3, 4, 5, 6, 7, 8]",2003.729459,2005.571913,2.851213,8,2,4639.5,"0.042274528267937206,0.042274528267937206,0.02667338616052565,0.042274528267937206,0.042274528267937206,0.042274528267937206,0.04934669455037937,0.044467793545730674",0.041483,8.340465,13.904574,33,44
2003737659281_Node0_Node8_Zero,"[0, 1, 2, 3, 4, 5, 6, 7, 8]",2003.737659,2005.57397,2.843013,8,1,4639.5,"0.042274528267937206,0.042274528267937206,0.02667338616052565,0.042274528267937206,0.042274528267937206,0.042274528267937206,0.04934669455037937,0.044467793545730674",0.041483,8.340465,13.904574,33,44
2003745857200_Node0_Node8_Zero,"[0, 1, 2, 3, 4, 5, 6, 7, 8]",2003.745857,2005.57397,2.823601,8,0,4639.5,"0.042274528267937206,0.042274528267937206,0.07587526043931984,0.042274528267937206,0.042274528267937206,0.04760538299832619,0.04619107460046789,0.04768915557793198",0.048307,13.218765,14.911857,33,44
2003754052538_Node0_Node8_Zero,"[0, 1, 2, 3, 4, 5, 6, 7, 8]",2003.754053,2005.57397,2.815405,8,0,4639.5,"0.042274528267937206,0.042274528267937206,0.07587526043931984,0.042274528267937206,0.042274528267937206,0.04760538299832619,0.04619107460046789,0.04768915557793198",0.048307,13.218765,14.911857,33,44
2003762245436_Node0_Node8_Zero,"[0, 1, 2, 3, 4, 5, 6, 7, 8]",2003.762245,2005.57397,2.807213,8,0,4639.5,"0.042274528267937206,0.042274528267937206,0.07587526043931984,0.042274528267937206,0.042274528267937206,0.04760538299832619,0.04619107460046789,0.04768915557793198",0.048307,13.218765,14.911857,33,44
2003770439866_Node0_Node8_Zero,"[0, 1, 2, 3, 4, 5, 6, 7, 8]",2003.77044,2005.578371,2.823525,8,3,4639.5,"0.042274528267937206,0.042274528267937206,0.02667338616052565,0.042274528267937206,0.042274528267937206,0.042274528267937206,0.042274528267937206,0.04768915557793198",0.041001,8.340465,14.911857,33,44
2003778640734_Node0_Node8_Zero,"[0, 1, 2, 3, 4, 5, 6, 7, 8]",2003.778641,2005.578371,2.815324,8,3,4639.5,"0.042274528267937206,0.042274528267937206,0.02667338616052565,0.042274528267937206,0.042274528267937206,0.042274528267937206,0.042274528267937206,0.04768915557793198",0.041001,8.340465,14.911857,33,44
2003786835454_Node0_Node8_Zero,"[0, 1, 2, 3, 4, 5, 6, 7, 8]",2003.786835,2005.578371,2.80713,8,3,4639.5,"0.042274528267937206,0.042274528267937206,0.02667338616052565,0.042274528267937206,0.042274528267937206,0.042274528267937206,0.042274528267937206,0.04768915557793198",0.041001,8.340465,14.911857,33,44
2003795034345_Node0_Node8_Zero,"[0, 1, 2, 3, 4, 5, 6, 7, 8]",2003.795034,2005.578371,2.798931,8,3,4639.5,"0.042274528267937206,0.042274528267937206,0.051532744471606676,0.042274528267937206,0.042274528267937206,0.042274528267937206,0.042274528267937206,0.04768915557793198",0.044109,13.218765,14.911857,33,44
2003803231094_Node0_Node8_Zero,"[0, 1, 2, 3, 4, 5, 6, 7, 8]",2003.803231,2005.582893,2.802287,8,1,4639.5,"0.042274528267937206,0.042274528267937206,0.051532744471606676,0.05611611123515812,0.042274528267937206,0.042274528267937206,0.042274528267937206,0.042274528267937206",0.045162,13.218765,13.218765,33,44
2003811425969_Node0_Node8_Zero,"[0, 1, 2, 3, 4, 5, 6, 7, 8]",2003.811426,2005.582893,2.793362,8,1,4639.5,"0.042274528267937206,0.042274528267937206,0.051532744471606676,0.05611611123515812,0.042274528267937206,0.042274528267937206,0.04679422882866239,0.042274528267937206",0.045727,8.897291,13.218765,33,44
2003819618672_Node0_Node8_Zero,"[0, 1, 2, 3, 4, 5, 6, 7, 8]",2003.819619,2005.582893,inf,3,4,4639.5,"0.042274528267937206,0.042274528267937206,0.02667338616052565",0.037074,4.317031,inf,33,44
2003827811588_Node0_Node8_Zero,"[0, 1, 2, 3, 4, 5, 6, 7, 8]",2003.827812,2005.582893,inf,3,4,4639.5,"0.042274528267937206,0.042274528267937206,0.02667338616052565",0.037074,4.317031,inf,33,44
2003836012552_Node0_Node8_Zero,"[0, 1, 2, 3, 4, 5, 6, 7, 8]",2003.836013,2005.587495,inf,3,4,4639.5,"0.042274528267937206,0.042274528267937206,0.02667338616052565",0.037074,4.317031,inf,33,44
2003844212329_Node0_Node8_Zero,"[0, 1, 2, 3, 4, 5, 6, 7, 8]",2003.844212,2005.587495,2.768281,8,1,4639.5,"0.042274528267937206,0.042274528267937206,0.02667338616052565,0.042274528267937206,0.05113314136695859,0.042274528267937206,0.04860611330393737,0.04698283886483279",0.042812,8.340465,14.691,33,44
2003852408334_Node0_Node8_Zero,"[0, 1, 2, 3, 4, 5, 6, 7, 8]",2003.852408,2005.587495,2.760085,8,1,4639.5,"0.042274528267937206,0.042274528267937206,0.02667338616052565,0.042274528267937206,0.05113314136695859,0.042274528267937206,0.04860611330393737,0.04698283886483279",0.042812,8.340465,14.691,33,44
2003860602492_Node0_Node8_Zero,"[0, 1, 2, 3, 4, 5, 6, 7, 8]",2003.860602,2005.587495,2.751891,8,1,4639.5,"0.042274528267937206,0.042274528267937206,0.02667338616052565,0.042274528267937206,0.05113314136695859,0.042274528267937206,0.04860611330393737,0.04698283886483279",0.042812,8.340465,14.691,33,44
2003868799135_Node0_Node8_Zero,"[0, 1, 2, 3, 4, 5, 6, 7, 8]",2003.868799,2005.589512,2.769971,8,2,4639.5,"0.042274528267937206,0.042274528267937206,0.051532744471606676,0.042274528267937206,0.042274528267937206,0.042274528267937206,0.042274528267937206,0.042274528267937206",0.043432,13.218765,13.218765,33,44
2003876993204_Node0_Node8_Zero,"[0, 1, 2, 3, 4, 5, 6, 7, 8]",2003.876993,2005.589512,2.761777,8,2,4639.5,"0.042274528267937206,0.042274528267937206,0.051532744471606676,0.042274528267937206,0.042274528267937206,0.042274528267937206,0.042274528267937206,0.042274528267937206",0.043432,13.218765,13.218765,33,44
2003885187509_Node0_Node8_Zero,"[0, 1, 2, 3, 4, 5, 6, 7, 8]",2003.885188,2005.589512,2.753582,8,2,4639.5,"0.042274528267937206,0.042274528267937206,0.051532744471606676,0.042274528267937206,0.042274528267937206,0.042274528267937206,0.042274528267937206,0.042274528267937206",0.043432,13.218765,13.218765,33,44
2003893382074_Node0_Node8_Zero,"[0, 1, 2, 3, 4, 5, 6, 7, 8]",2003.893382,2005.589512,2.732955,8,2,4639.5,"0.042274528267937206,0.042274528267937206,0.10059677066255387,0.042274528267937206,0.042274528267937206,0.048426342920035385,0.042274528267937206,0.042274528267937206",0.050334,13.218765,13.218765,33,44
2003901582166_Node0_Node8_Zero,"[0, 1, 2, 3, 4, 5, 6, 7, 8]",2003.901582,2005.591468,2.724755,8,2,4639.5,"0.042274528267937206,0.042274528267937206,0.10059677066255387,0.042274528267937206,0.042274528267937206,0.048426342920035385,0.042274528267937206,0.042274528267937206",0.050334,13.218765,13.218765,33,44
2003909782827_Node0_Node8_Zero,"[0, 1, 2, 3, 4, 5, 6, 7, 8]",2003.909783,2005.591468,2.716554,8,2,4639.5,"0.042274528267937206,0.042274528267937206,0.10059677066255387,0.042274528267937206,0.042274528267937206,0.048426342920035385,0.042274528267937206,0.042274528267937206",0.050334,13.218765,13.218765,33,44
2003917977525_Node0_Node8_Zero,"[0, 1, 2, 3, 4, 5, 6, 7, 8]",2003.917978,2005.591468,2.720792,8,0,4639.5,"0.042274528267937206,0.042274528267937206,0.02667338616052565,0.042274528267937206,0.042274528267937206,0.042274528267937206,0.042274528267937206,0.042274528267937206",0.040324,8.340465,13.218765,33,44
2003926172109_Node0_Node8_Zero,"[0, 1, 2, 3, 4, 5, 6, 7, 8]",2003.926172,2005.591468,2.723759,8,1,4639.5,"0.042274528267937206,0.042274528267937206,0.02667338616052565,0.042274528267937206,0.042274528267937206,0.042274528267937206,0.042274528267937206,0.042274528267937206",0.040324,8.340465,13.218765,33,44
2003934367828_Node0_Node8_Zero,"[0, 1, 2, 3, 4, 5, 6, 7, 8]",2003.934368,2005.593505,2.715563,8,1,4639.5,"0.042274528267937206,0.042274528267937206,0.02667338616052565,0.042274528267937206,0.042274528267937206,0.042274528267937206,0.042274528267937206,0.042274528267937206",0.040324,8.340465,13.218765,33,44
2003942568814_Node0_Node8_Zero,"[0, 1, 2, 3, 4, 5, 6, 7, 8]",2003.942569,2005.593505,2.707362,8,1,4639.5,"0.042274528267937206,0.042274528267937206,0.02667338616052565,0.042274528267937206,0.042274528267937206,0.042274528267937206,0.042274528267937206,0.042274528267937206",0.040324,8.340465,13.218765,33,44
2003950766106_Node0_Node8_Zero,"[0, 1, 2, 3, 4, 5, 6, 7, 8]",2003.950766,2005.593505,2.699165,8,1,4639.5,"0.042274528267937206,0.042274528267937206,0.02667338616052565,0.042274528267937206,0.042274528267937206,0.042274528267937206,0.042274528267937206,0.042274528267937206",0.040324,8.340465,13.218765,33,44
2003958959279_Node0_Node8_Zero,"[0, 1, 2, 3, 4, 5, 6, 7, 8]",2003.958959,2005.593505,2.702554,8,0,4639.5,"0.042274528267937206,0.042274528267937206,0.02667338616052565,0.042274528267937206,0.042274528267937206,0.042274528267937206,0.05637809720434683,0.042274528267937206",0.042087,8.340465,13.218765,33,44
2003967159982_Node0_Node8_Zero,"[0, 1, 2, 3, 4, 5, 6, 7, 8]",2003.96716,2005.595622,2.694353,8,1,4639.5,"0.042274528267937206,0.042274528267937206,0.02667338616052565,0.042274528267937206,0.042274528267937206,0.042274528267937206,0.05637809720434683,0.042274528267937206",0.042087,8.340465,13.218765,33,44
2003975354915_Node0_Node8_Zero,"[0, 1, 2, 3, 4, 5, 6, 7, 8]",2003.975355,2005.595622,2.686158,8,1,4639.5,"0.042274528267937206,0.042274528267937206,0.02667338616052565,0.042274528267937206,0.042274528267937206,0.042274528267937206,0.05637809720434683,0.042274528267937206",0.042087,8.340465,13.218765,33,44
2003983547714_Node0_Node8_Zero,"[0, 1, 2, 3, 4, 5, 6, 7, 8]",2003.983548,2005.595622,2.677965,8,1,4639.5,"0.042274528267937206,0.042274528267937206,0.02667338616052565,0.042274528267937206,0.042274528267937206,0.042274528267937206,0.05637809720434683,0.042274528267937206",0.042087,8.340465,13.218765,33,44
2003991749008_Node0_Node8_Zero,"[0, 1, 2, 3, 4, 5, 6, 7, 8]",2003.991749,2005.595622,2.678375,8,3,4639.5,"0.042274528267937206,0.042274528267937206,0.02667338616052565,0.04860611330393737,0.042274528267937206,0.04617366653957006,0.042274528267937206,0.042274528267937206",0.041603,4.567183,13.218765,33,44
2003999945352_Node0_Node8_Zero,"[0, 1, 2, 3, 4, 5, 6, 7, 8]",2003.999945,2005.597579,2.670179,8,3,4639.5,"0.042274528267937206,0.042274528267937206,0.02667338616052565,0.04860611330393737,0.042274528267937206,0.04617366653957006,0.042274528267937206,0.042274528267937206",0.041603,4.567183,13.218765,33,44
2004008141364_Node0_Node8_Zero,"[0, 1, 2, 3, 4, 5, 6, 7, 8]",2004.008141,2005.597579,2.661983,8,2,4639.5,"0.042274528267937206,0.042274528267937206,0.02667338616052565,0.04860611330393737,0.042274528267937206,0.04617366653957006,0.042274528267937206,0.042274528267937206",0.041603,4.567183,13.218765,33,44
2004016335302_Node0_Node8_Zero,"[0, 1, 2, 3, 4, 5, 6, 7, 8]",2004.016335,2005.597579,2.707541,8,4,4639.5,"0.042274528267937206,0.042274528267937206,0.02667338616052565,0.042274528267937206,0.042274528267937206,0.042274528267937206,0.04513920128383072,0.04434198460622297",0.040941,4.567183,13.865235,33,44
2004024533979_Node0_Node8_Zero,"[0, 1, 2, 3, 4, 5, 6, 7, 8]",2004.024534,2005.597579,2.699342,8,4,4639.5,"0.042274528267937206,0.042274528267937206,0.02667338616052565,0.042274528267937206,0.042274528267937206,0.042274528267937206,0.04513920128383072,0.04434198460622297",0.040941,4.567183,13.865235,33,44
2004032735441_Node0_Node8_Zero,"[0, 1, 2, 3, 4, 5, 6, 7, 8]",2004.032735,2005.599496,2.691141,8,4,4639.5,"0.042274528267937206,0.042274528267937206,0.02667338616052565,0.042274528267937206,0.042274528267937206,0.042274528267937206,0.04513920128383072,0.04434198460622297",0.040941,4.567183,13.865235,33,44
2004040928957_Node0_Node8_Zero,"[0, 1, 2, 3, 4, 5, 6, 7, 8]",2004.040929,2005.599496,2.641168,8,0,4639.5,"0.042274528267937206,0.042274528267937206,0.0487102126236657,0.042274528267937206,0.042274528267937206,0.042274528267937206,0.042274528267937206,0.042274528267937206",0.043079,13.218765,13.218765,33,44
2004049129057_Node0_Node8_Zero,"[0, 1, 2, 3, 4, 5, 6, 7, 8]",2004.049129,2005.599496,2.632968,8,0,4639.5,"0.042274528267937206,0.042274528267937206,0.0487102126236657,0.042274528267937206,0.042274528267937206,0.042274528267937206,0.042274528267937206,0.042274528267937206",0.043079,13.218765,13.218765,33,44
2004057321931_Node0_Node8_Zero,"[0, 1, 2, 3, 4, 5, 6, 7, 8]",2004.057322,2005.599496,2.624775,8,0,4639.5,"0.042274528267937206,0.042274528267937206,0.0487102126236657,0.042274528267937206,0.042274528267937206,0.042274528267937206,0.042274528267937206,0.042274528267937206",0.043079,13.218765,13.218765,33,44
2004065519266_Node0_Node8_Zero,"[0, 1, 2, 3, 4, 5, 6, 7, 8]",2004.065519,2005.601553,2.695828,8,3,4639.5,"0.042274528267937206,0.042274528267937206,0.02667338616052565,0.042274528267937206,0.042274528267937206,0.04617366653957006,0.04934669455037937,0.05367895795487024",0.043121,13.218765,16.784801,33,44
2004073711271_Node0_Node8_Zero,"[0, 1, 2, 3, 4, 5, 6, 7, 8]",2004.073711,2005.601553,2.613584,8,0,4639.5,"0.042274528267937206,0.042274528267937206,0.02667338616052565,0.042274528267937206,0.042274528267937206,0.04617366653957006,0.04513920128383072,0.04627980968884391",0.041671,8.340465,14.471171,33,44
2004081909125_Node0_Node8_Zero,"[0, 1, 2, 3, 4, 5, 6, 7, 8]",2004.081909,2005.601553,2.605386,8,0,4639.5,"0.042274528267937206,0.042274528267937206,0.02667338616052565,0.042274528267937206,0.042274528267937206,0.04617366653957006,0.04513920128383072,0.04627980968884391",0.041671,8.340465,14.471171,33,44
2004090102238_Node0_Node8_Zero,"[0, 1, 2, 3, 4, 5, 6, 7, 8]",2004.090102,2005.601553,2.644761,8,0,4639.5,"0.042274528267937206,0.042274528267937206,0.02667338616052565,0.051047589379111115,0.042274528267937206,0.04617366653957006,0.04513920128383072,0.05367895795487024",0.043692,8.340465,16.784801,33,44
2004098294380_Node0_Node8_Zero,"[0, 1, 2, 3, 4, 5, 6, 7, 8]",2004.098294,2005.60373,2.636569,8,0,4639.5,"0.042274528267937206,0.042274528267937206,0.02667338616052565,0.051047589379111115,0.042274528267937206,0.04617366653957006,0.04513920128383072,0.05367895795487024",0.043692,8.340465,16.784801,33,44
2004106495721_Node0_Node8_Zero,"[0, 1, 2, 3, 4, 5, 6, 7, 8]",2004.106496,2005.60373,2.628367,8,0,4639.5,"0.042274528267937206,0.042274528267937206,0.02667338616052565,0.051047589379111115,0.042274528267937206,0.04617366653957006,0.04513920128383072,0.05367895795487024",0.043692,8.340465,16.784801,33,44
2004114693261_Node0_Node8_Zero,"[0, 1, 2, 3, 4, 5, 6, 7, 8]",2004.114693,2005.60373,2.633715,8,0,4639.5,"0.042274528267937206,0.042274528267937206,0.02667338616052565,0.051047589379111115,0.04788928737908851,0.042274528267937206,0.04513920128383072,0.042274528267937206",0.042481,8.340465,13.218765,33,44
2004122893450_Node0_Node8_Zero,"[0, 1, 2, 3, 4, 5, 6, 7, 8]",2004.122893,2005.60373,2.625515,8,0,4639.5,"0.042274528267937206,0.042274528267937206,0.02667338616052565,0.051047589379111115,0.04788928737908851,0.042274528267937206,0.04513920128383072,0.042274528267937206",0.042481,8.340465,13.218765,33,44
2004131092263_Node0_Node8_Zero,"[0, 1, 2, 3, 4, 5, 6, 7, 8]",2004.131092,2005.605807,2.617316,8,0,4639.5,"0.042274528267937206,0.042274528267937206,0.02667338616052565,0.051047589379111115,0.04788928737908851,0.042274528267937206,0.04513920128383072,0.042274528267937206",0.042481,8.340465,13.218765,33,44
2004139293471_Node0_Node8_Zero,"[0, 1, 2, 3, 4, 5, 6, 7, 8]",2004.139293,2005.605807,2.627913,8,0,4639.5,"0.042274528267937206,0.042274528267937206,0.02667338616052565,0.042274528267937206,0.042274528267937206,0.04617366653957006,0.04513920128383072,0.05206867336266611",0.042394,8.340465,16.281283,33,44
2004147486671_Node0_Node8_Zero,"[0, 1, 2, 3, 4, 5, 6, 7, 8]",2004.147487,2005.605807,2.619719,8,0,4639.5,"0.042274528267937206,0.042274528267937206,0.02667338616052565,0.042274528267937206,0.042274528267937206,0.04617366653957006,0.04513920128383072,0.05206867336266611",0.042394,8.340465,16.281283,33,44
2004155686862_Node0_Node8_Zero,"[0, 1, 2, 3, 4, 5, 6, 7, 8]",2004.155687,2005.605807,2.611519,8,0,4639.5,"0.042274528267937206,0.042274528267937206,0.02667338616052565,0.042274528267937206,0.042274528267937206,0.04617366653957006,0.04513920128383072,0.05206867336266611",0.042394,8.340465,16.281283,33,44
2004163884556_Node0_Node8_Zero,"[0, 1, 2, 3, 4, 5, 6, 7, 8]",2004.163885,2005.607963,2.622412,8,1,4639.5,"0.042274528267937206,0.042274528267937206,0.02667338616052565,0.042274528267937206,0.042274528267937206,0.042274528267937206,0.042274528267937206,0.04627980968884391",0.040825,8.340465,14.471171,33,44
2004172076840_Node0_Node8_Zero,"[0, 1, 2, 3, 4, 5, 6, 7, 8]",2004.172077,2005.607963,2.61422,8,1,4639.5,"0.042274528267937206,0.042274528267937206,0.02667338616052565,0.042274528267937206,0.042274528267937206,0.042274528267937206,0.042274528267937206,0.04627980968884391",0.040825,8.340465,14.471171,33,44
2004180272083_Node0_Node8_Zero,"[0, 1, 2, 3, 4, 5, 6, 7, 8]",2004.180272,2005.607963,2.592553,8,1,4639.5,"0.042274528267937206,0.042274528267937206,0.02667338616052565,0.051047589379111115,0.042274528267937206,0.05353067944304861,0.04513920128383072,0.05206867336266611",0.04441,8.340465,16.281283,33,44
2004188473538_Node0_Node8_Zero,"[0, 1, 2, 3, 4, 5, 6, 7, 8]",2004.188474,2005.607963,2.620909,8,3,4639.5,"0.042274528267937206,0.042274528267937206,0.02667338616052565,0.042274528267937206,0.042274528267937206,0.042274528267937206,0.05779722423070717,0.042274528267937206",0.042265,4.133895,13.218765,33,44
2004196667984_Node0_Node8_Zero,"[0, 1, 2, 3, 4, 5, 6, 7, 8]",2004.196668,2005.61006,2.621284,8,3,4639.5,"0.042274528267937206,0.042274528267937206,0.02667338616052565,0.042274528267937206,0.042274528267937206,0.042274528267937206,0.04750591624626434,0.042274528267937206",0.040978,4.133895,13.218765,33,44
2004204860173_Node0_Node8_Zero,"[0, 1, 2, 3, 4, 5, 6, 7, 8]",2004.20486,2005.61006,2.613092,8,3,4639.5,"0.042274528267937206,0.042274528267937206,0.02667338616052565,0.042274528267937206,0.042274528267937206,0.042274528267937206,0.04750591624626434,0.042274528267937206",0.040978,4.133895,13.218765,33,44
2004213057054_Node0_Node8_Zero,"[0, 1, 2, 3, 4, 5, 6, 7, 8]",2004.213057,2005.61006,2.57324,8,0,4639.5,"0.042274528267937206,0.042274528267937206,0.02667338616052565,0.042274528267937206,0.042274528267937206,0.042274528267937206,0.042274528267937206,0.04627980968884391",0.040825,8.340465,14.471171,33,44
2004221251503_Node0_Node8_Zero,"[0, 1, 2, 3, 4, 5, 6, 7, 8]",2004.221252,2005.61006,2.565045,8,0,4639.5,"0.042274528267937206,0.042274528267937206,0.02667338616052565,0.042274528267937206,0.042274528267937206,0.042274528267937206,0.042274528267937206,0.04627980968884391",0.040825,8.340465,14.471171,33,44
2004229443767_Node0_Node8_Zero,"[0, 1, 2, 3, 4, 5, 6, 7, 8]",2004.229444,2005.612117,2.563135,8,1,4639.5,"0.042274528267937206,0.042274528267937206,0.02667338616052565,0.042274528267937206,0.042274528267937206,0.04617366653957006,0.042274528267937206,0.042274528267937206",0.040812,8.340465,13.218765,33,44
2004237643174_Node0_Node8_Zero,"[0, 1, 2, 3, 4, 5, 6, 7, 8]",2004.237643,2005.612117,2.57174,8,0,4639.5,"0.042274528267937206,0.042274528267937206,0.02667338616052565,0.042274528267937206,0.042274528267937206,0.042274528267937206,0.05779722423070717,0.042274528267937206",0.042265,8.340465,13.218765,33,44
2004245842778_Node0_Node8_Zero,"[0, 1, 2, 3, 4, 5, 6, 7, 8]",2004.245843,2005.612117,2.56354,8,0,4639.5,"0.042274528267937206,0.042274528267937206,0.02667338616052565,0.042274528267937206,0.042274528267937206,0.042274528267937206,0.05779722423070717,0.042274528267937206",0.042265,8.340465,13.218765,33,44
2004254036391_Node0_Node8_Zero,"[0, 1, 2, 3, 4, 5, 6, 7, 8]",2004.254036,2005.612117,2.555347,8,0,4639.5,"0.042274528267937206,0.042274528267937206,0.02667338616052565,0.042274528267937206,0.042274528267937206,0.042274528267937206,0.05779722423070717,0.042274528267937206",0.042265,8.340465,13.218765,33,44
2004262229449_Node0_Node8_Zero,"[0, 1, 2, 3, 4, 5, 6, 7, 8]",2004.262229,2005.614134,2.555723,8,0,4639.5,"0.042274528267937206,0.042274528267937206,0.02667338616052565,0.042274528267937206,0.042274528267937206,0.042274528267937206,0.04750591624626434,0.042274528267937206",0.040978,8.340465,13.218765,33,44
2004270427871_Node0_Node8_Zero,"[0, 1, 2, 3, 4, 5, 6, 7, 8]",2004.270428,2005.614134,2.547524,8,0,4639.5,"0.042274528267937206,0.042274528267937206,0.02667338616052565,0.042274528267937206,0.042274528267937206,0.042274528267937206,0.04750591624626434,0.042274528267937206",0.040978,8.340465,13.218765,33,44
2004278625596_Node0_Node8_Zero,"[0, 1, 2, 3, 4, 5, 6, 7, 8]",2004.278626,2005.614134,2.545287,8,0,4639.5,"0.042274528267937206,0.042274528267937206,0.02667338616052565,0.042274528267937206,0.042274528267937206,0.042274528267937206,0.04750591624626434,0.04562748387732315",0.041397,8.340465,14.267196,33,44
2004286825273_Node0_Node8_Zero,"[0, 1, 2, 3, 4, 5, 6, 7, 8]",2004.286825,2005.614134,2.565941,8,3,4639.5,"0.042274528267937206,0.042274528267937206,0.02667338616052565,0.042274528267937206,0.04788928737908851,0.04617366653957006,0.05307843792787848,0.05054627160132975",0.043898,4.567183,15.805245,33,44
2004295026606_Node0_Node8_Zero,"[0, 1, 2, 3, 4, 5, 6, 7, 8]",2004.295027,2005.616271,2.549739,8,2,4639.5,"0.042274528267937206,0.042274528267937206,0.02667338616052565,0.042274528267937206,0.042274528267937206,0.042274528267937206,0.042274528267937206,0.04939502857177135",0.041214,4.567183,15.445265,33,44
2004303223343_Node0_Node8_Zero,"[0, 1, 2, 3, 4, 5, 6, 7, 8]",2004.303223,2005.616271,2.541543,8,2,4639.5,"0.042274528267937206,0.042274528267937206,0.02667338616052565,0.042274528267937206,0.042274528267937206,0.042274528267937206,0.042274528267937206,0.04939502857177135",0.041214,4.567183,15.445265,33,44
2004311419572_Node0_Node8_Zero,"[0, 1, 2, 3, 4, 5, 6, 7, 8]",2004.31142,2005.616271,2.526875,7,6,4639.5,"0.042274528267937206,0.042274528267937206,0.02667338616052565,0.042274528267937206,0.042274528267937206,0.04617366653957006,0.04513920128383072,0.042274528267937206",0.04117,1.469168,13.218765,22,44
2004319617257_Node0_Node8_Zero,"[0, 1, 2, 3, 4, 5, 6, 7, 8]",2004.319617,2005.616271,2.518678,7,6,4639.5,"0.042274528267937206,0.042274528267937206,0.02667338616052565,0.042274528267937206,0.042274528267937206,0.04617366653957006,0.04513920128383072,0.042274528267937206",0.04117,1.469168,13.218765,22,44
2004327813542_Node0_Node8_Zero,"[0, 1, 2, 3, 4, 5, 6, 7, 8]",2004.327814,2005.620853,2.516952,7,6,4639.5,"0.042274528267937206,0.042274528267937206,0.01939197882238088,0.042274528267937206,0.04788928737908851,0.051047589379111115,0.04788928737908851,0.04939502857177135",0.042805,0.580139,15.445265,22,44
2004336014061_Node0_Node8_Zero,"[0, 1, 2, 3, 4, 5, 6, 7, 8]",2004.336014,2005.620853,2.508752,7,6,4639.5,"0.042274528267937206,0.042274528267937206,0.01939197882238088,0.042274528267937206,0.04788928737908851,0.051047589379111115,0.04788928737908851,0.04939502857177135",0.042805,0.580139,15.445265,22,44
2004344214101_Node0_Node8_Zero,"[0, 1, 2, 3, 4, 5, 6, 7, 8]",2004.344214,2005.620853,2.563189,7,10,4639.5,"0.042274528267937206,0.042274528267937206,0.010618917711206962,0.042274528267937206,0.042274528267937206,0.04617366653957006,0.042274528267937206,0.042274528267937206",0.038805,0.771348,13.218765,22,44
2004352414460_Node0_Node8_Zero,"[0, 1, 2, 3, 4, 5, 6, 7, 8]",2004.352414,2005.620853,2.515512,7,7,4639.5,"0.042274528267937206,0.042274528267937206,0.010618917711206962,0.05398719670200848,0.04977063606574282,0.04748015868307998,0.0443262419710265,0.043845371571864945",0.041822,0.582927,13.70995,22,44
2004360611255_Node0_Node8_Zero,"[0, 1, 2, 3, 4, 5, 6, 7, 8]",2004.360611,2005.622869,2.500884,7,7,4639.5,"0.042274528267937206,0.042274528267937206,0.010618917711206962,0.051047589379111115,0.042274528267937206,0.04506713858603097,0.0443262419710265,0.045202695376455014",0.040386,0.901488,14.13437,22,44
2004368807505_Node0_Node8_Zero,"[0, 1, 2, 3, 4, 5, 6, 7, 8]",2004.368808,2005.622869,2.511033,7,8,4639.5,"0.042274528267937206,0.042274528267937206,0.010618917711206962,0.042274528267937206,0.042274528267937206,0.042274528267937206,0.04513920128383072,0.044467793545730674",0.03895,0.901488,13.904574,22,44
2004377000123_Node0_Node8_Zero,"[0, 1, 2, 3, 4, 5, 6, 7, 8]",2004.377,2005.622869,2.521669,7,2,4639.5,"0.042274528267937206,0.042274528267937206,0.01844499439963887,0.042274528267937206,0.042274528267937206,0.042274528267937206,0.05307843792787848,0.05054627160132975",0.04168,5.76754,15.805245,22,44
2004385197767_Node0_Node8_Zero,"[0, 1, 2, 3, 4, 5, 6, 7, 8]",2004.385198,2005.622869,2.513471,7,2,4639.5,"0.042274528267937206,0.042274528267937206,0.01844499439963887,0.042274528267937206,0.042274528267937206,0.042274528267937206,0.05307843792787848,0.05054627160132975",0.04168,5.76754,15.805245,22,44
2004393399418_Node0_Node8_Zero,"[0, 1, 2, 3, 4, 5, 6, 7, 8]",2004.393399,2005.625026,2.619348,7,6,4639.5,"0.042274528267937206,0.042274528267937206,0.010618917711206962,0.042274528267937206,0.053490711998552036,0.056979849749523956,0.05307843792787848,0.042274528267937206",0.042908,1.10384,13.218765,22,44
2004401593058_Node0_Node8_Zero,"[0, 1, 2, 3, 4, 5, 6, 7, 8]",2004.401593,2005.625026,2.611154,7,6,4639.5,"0.042274528267937206,0.042274528267937206,0.010618917711206962,0.042274528267937206,0.053490711998552036,0.056979849749523956,0.05307843792787848,0.042274528267937206",0.042908,1.344259,13.218765,22,44
2004409787580_Node0_Node8_Zero,"[0, 1, 2, 3, 4, 5, 6, 7, 8]",2004.409788,2005.625026,2.609408,7,7,4639.5,"0.042274528267937206,0.042274528267937206,0.012582408690597686,0.042274528267937206,0.042274528267937206,0.04422872118028293,0.05779722423070717,0.056979849749523956",0.042586,3.934376,17.816952,22,44
2004417987414_Node0_Node8_Zero,"[0, 1, 2, 3, 4, 5, 6, 7, 8]",2004.417987,2005.625026,2.601209,7,7,4639.5,"0.042274528267937206,0.042274528267937206,0.012582408690597686,0.042274528267937206,0.042274528267937206,0.04422872118028293,0.05779722423070717,0.056979849749523956",0.042586,3.934376,17.816952,22,44
2004426183735_Node0_Node8_Zero,"[0, 1, 2, 3, 4, 5, 6, 7, 8]",2004.426184,2005.627203,2.714953,7,6,4639.5,"0.042274528267937206,0.042274528267937206,0.012582408690597686,0.0466714623207151,0.042274528267937206,0.042274528267937206,0.042274528267937206,0.04337376178113168",0.03925,1.307945,13.562483,22,44
2004434380204_Node0_Node8_Zero,"[0, 1, 2, 3, 4, 5, 6, 7, 8]",2004.43438,2005.627203,2.706757,7,6,4639.5,"0.042274528267937206,0.042274528267937206,0.012582408690597686,0.0466714623207151,0.042274528267937206,0.042274528267937206,0.042274528267937206,0.04337376178113168",0.03925,1.861493,13.562483,22,44
2004442581573_Node0_Node8_Zero,"[0, 1, 2, 3, 4, 5, 6, 7, 8]",2004.442582,2005.627203,2.582723,7,7,4639.5,"0.042274528267937206,0.042274528267937206,0.04004848965369483,0.042274528267937206,0.04508856606171505,0.042274528267937206,0.04371026183619121,0.04337376178113168",0.042665,1.344259,13.562483,22,44
2004450773718_Node0_Node8_Zero,"[0, 1, 2, 3, 4, 5, 6, 7, 8]",2004.450774,2005.627203,2.574531,7,7,4639.5,"0.042274528267937206,0.042274528267937206,0.04004848965369483,0.042274528267937206,0.04508856606171505,0.042274528267937206,0.04371026183619121,0.04337376178113168",0.042665,1.344259,13.562483,22,44
2004458974941_Node0_Node8_Zero,"[0, 1, 2, 3, 4, 5, 6, 7, 8]",2004.458975,2005.62924,2.689854,7,4,4639.5,"0.042274528267937206,0.042274528267937206,0.030201411208128814,0.0466714623207151,0.04508856606171505,0.0496446272516411,0.047689294868209456,0.042274528267937206",0.043265,5.111148,13.218765,22,44
2004467170296_Node0_Node8_Zero,"[0, 1, 2, 3, 4, 5, 6, 7, 8]",2004.46717,2005.62924,2.681659,7,4,4639.5,"0.042274528267937206,0.042274528267937206,0.030201411208128814,0.0466714623207151,0.04508856606171505,0.0496446272516411,0.047689294868209456,0.042274528267937206",0.043265,9.443638,13.218765,22,44
2004475365828_Node0_Node8_Zero,"[0, 1, 2, 3, 4, 5, 6, 7, 8]",2004.475366,2005.62924,2.567495,7,6,4639.5,"0.042274528267937206,0.042274528267937206,0.028708654141132894,0.0466714623207151,0.04508856606171505,0.042274528267937206,0.05779722423070717,0.058079083262718434",0.045396,4.718773,18.16067,22,44
2004483563528_Node0_Node8_Zero,"[0, 1, 2, 3, 4, 5, 6, 7, 8]",2004.483564,2005.62924,2.559297,7,6,4639.5,"0.042274528267937206,0.042274528267937206,0.028708654141132894,0.0466714623207151,0.04508856606171505,0.042274528267937206,0.05779722423070717,0.058079083262718434",0.045396,5.288737,18.16067,22,44
2004491759936_Node0_Node8_Zero,"[0, 1, 2, 3, 4, 5, 6, 7, 8]",2004.49176,2005.631397,2.564038,7,7,4639.5,"0.042274528267937206,0.042274528267937206,0.010618917711206962,0.042274528267937206,0.042274528267937206,0.04422872118028293,0.04371026183619121,0.04617366653957006",0.039229,3.320415,14.437981,22,44
2004499959754_Node0_Node8_Zero,"[0, 1, 2, 3, 4, 5, 6, 7, 8]",2004.49996,2005.631397,2.555838,7,7,4639.5,"0.042274528267937206,0.042274528267937206,0.010618917711206962,0.042274528267937206,0.042274528267937206,0.04422872118028293,0.04371026183619121,0.04617366653957006",0.039229,3.320415,14.437981,22,44
2004508157383_Node0_Node8_Zero,"[0, 1, 2, 3, 4, 5, 6, 7, 8]",2004.508157,2005.631397,2.589283,7,10,4639.5,"0.042274528267937206,0.042274528267937206,0.010618917711206962,0.042274528267937206,0.042274528267937206,0.04422872118028293,0.042274528267937206,0.04617366653957006",0.039049,1.249743,14.437981,22,44
2004516349507_Node0_Node8_Zero,"[0, 1, 2, 3, 4, 5, 6, 7, 8]",2004.51635,2005.631397,2.58109,7,10,4639.5,"0.042274528267937206,0.042274528267937206,0.010618917711206962,0.042274528267937206,0.042274528267937206,0.04422872118028293,0.042274528267937206,0.04617366653957006",0.039049,1.411825,14.437981,22,44
2004524546611_Node0_Node8_Zero,"[0, 1, 2, 3, 4, 5, 6, 7, 8]",2004.524547,2005.633394,2.551958,7,6,4639.5,"0.042274528267937206,0.042274528267937206,0.04004848965369483,0.042274528267937206,0.042274528267937206,0.042274528267937206,0.04371026183619121,0.04727290005276453",0.042801,6.509171,14.781699,22,44
2004532745023_Node0_Node8_Zero,"[0, 1, 2, 3, 4, 5, 6, 7, 8]",2004.532745,2005.633394,2.54376,7,6,4639.5,"0.042274528267937206,0.042274528267937206,0.04004848965369483,0.042274528267937206,0.042274528267937206,0.042274528267937206,0.04371026183619121,0.04727290005276453",0.042801,12.522708,14.781699,22,44
2004540937646_Node0_Node8_Zero,"[0, 1, 2, 3, 4, 5, 6, 7, 8]",2004.540938,2005.633394,2.526406,7,1,4639.5,"0.042274528267937206,0.042274528267937206,0.022164642127034343,0.0466714623207151,0.04508856606171505,0.0496446272516411,0.047689294868209456,0.04337376178113168",0.042398,6.930632,13.562483,22,44
2004549131864_Node0_Node8_Zero,"[0, 1, 2, 3, 4, 5, 6, 7, 8]",2004.549132,2005.633394,2.518212,7,1,4639.5,"0.042274528267937206,0.042274528267937206,0.022164642127034343,0.0466714623207151,0.04508856606171505,0.0496446272516411,0.047689294868209456,0.04337376178113168",0.042398,6.930632,13.562483,22,44
2004557330100_Node0_Node8_Zero,"[0, 1, 2, 3, 4, 5, 6, 7, 8]",2004.55733,2005.635331,inf,2,0,4639.5,"0.042274528267937206,0.042274528267937206,0.010618917711206962",0.031723,3.320415,inf,22,44
2004565526629_Node0_Node8_Zero,"[0, 1, 2, 3, 4, 5, 6, 7, 8]",2004.565527,2005.635331,inf,2,0,4639.5,"0.042274528267937206,0.042274528267937206,0.010618917711206962",0.031723,3.320415,inf,22,44
2004573725415_Node0_Node8_Zero,"[0, 1, 2, 3, 4, 5, 6, 7, 8]",2004.573725,2005.635331,inf,2,0,4639.5,"0.042274528267937206,0.042274528267937206",0.042275,13.218765,inf,44,44
2004581925694_Node0_Node8_Zero,"[0, 1, 2, 3, 4, 5, 6, 7, 8]",2004.581926,2005.635331,inf,2,0,4639.5,"0.042274528267937206,0.042274528267937206",0.042275,13.218765,inf,44,44
2004590124931_Node0_Node8_Zero,"[0, 1, 2, 3, 4, 5, 6, 7, 8]",2004.590125,2005.637447,inf,2,0,4639.5,"0.042274528267937206,0.042274528267937206",0.042275,13.218765,inf,44,44
2004598320576_Node0_Node8_Zero,"[0, 1, 2, 3, 4, 5, 6, 7, 8]",2004.598321,2005.637447,inf,2,0,4639.5,"0.042274528267937206,0.042274528267937206",0.042275,13.218765,inf,44,44
2004606515518_Node0_Node8_Zero,"[0, 1, 2, 3, 4, 5, 6, 7, 8]",2004.606516,2005.637447,inf,2,0,4639.5,"0.042274528267937206,0.042274528267937206",0.042275,13.218765,inf,44,44
2004614712054_Node0_Node8_Zero,"[0, 1, 2, 3, 4, 5, 6, 7, 8]",2004.614712,2005.637447,inf,2,0,4639.5,"0.042274528267937206,0.042274528267937206",0.042275,13.218765,inf,44,44
2004622907160_Node0_Node8_Zero,"[0, 1, 2, 3, 4, 5, 6, 7, 8]",2004.622907,2005.639564,inf,2,0,4639.5,"0.042274528267937206,0.042274528267937206",0.042275,13.218765,inf,44,44
2004631108410_Node0_Node8_Zero,"[0, 1, 2, 3, 4, 5, 6, 7, 8]",2004.631108,2005.639564,inf,2,0,4639.5,"0.042274528267937206,0.042274528267937206",0.042275,13.218765,inf,44,44
2004639310016_Node0_Node8_Zero,"[0, 1, 2, 3, 4, 5, 6, 7, 8]",2004.63931,2005.639564,inf,2,0,4639.5,"0.042274528267937206,0.042274528267937206",0.042275,13.218765,inf,44,44
2004647503502_Node0_Node8_Zero,"[0, 1, 2, 3, 4, 5, 6, 7, 8]",2004.647504,2005.639564,inf,2,0,4639.5,"0.042274528267937206,0.042274528267937206",0.042275,13.218765,inf,44,44
2004655703986_Node0_Node8_Zero,"[0, 1, 2, 3, 4, 5, 6, 7, 8]",2004.655704,2005.641521,inf,2,0,4639.5,"0.042274528267937206,0.042274528267937206",0.042275,13.218765,inf,44,44
2004663897271_Node0_Node8_Zero,"[0, 1, 2, 3, 4, 5, 6, 7, 8]",2004.663897,2005.641521,inf,2,0,4639.5,"0.042274528267937206,0.042274528267937206",0.042275,13.218765,inf,44,44
2004672093358_Node0_Node8_Zero,"[0, 1, 2, 3, 4, 5, 6, 7, 8]",2004.672093,2005.641521,inf,2,0,4639.5,"0.042274528267937206,0.042274528267937206",0.042275,13.218765,inf,44,44
2004680287129_Node0_Node8_Zero,"[0, 1, 2, 3, 4, 5, 6, 7, 8]",2004.680287,2005.641521,inf,2,0,4639.5,"0.042274528267937206,0.042274528267937206",0.042275,13.218765,inf,44,44
2004688484210_Node0_Node8_Zero,"[0, 1, 2, 3, 4, 5, 6, 7, 8]",2004.688484,2005.646003,inf,2,0,4639.5,"0.042274528267937206,0.042274528267937206",0.042275,13.218765,inf,44,44
2004696676081_Node0_Node8_Zero,"[0, 1, 2, 3, 4, 5, 6, 7, 8]",2004.696676,2005.646003,inf,2,0,4639.5,"0.042274528267937206,0.042274528267937206",0.042275,13.218765,inf,44,44
2004704868500_Node0_Node8_Zero,"[0, 1, 2, 3, 4, 5, 6, 7, 8]",2004.704868,2005.646003,inf,2,0,4639.5,"0.042274528267937206,0.042274528267937206",0.042275,13.218765,inf,44,44
2004713069401_Node0_Node8_Zero,"[0, 1, 2, 3, 4, 5, 6, 7, 8]",2004.713069,2005.646003,inf,2,0,4639.5,"0.042274528267937206,0.042274528267937206",0.042275,13.218765,inf,44,44
2004721268308_Node0_Node8_Zero,"[0, 1, 2, 3, 4, 5, 6, 7, 8]",2004.721268,2005.64808,inf,2,0,4639.5,"0.042274528267937206,0.042274528267937206",0.042275,13.218765,inf,44,44
2004729467082_Node0_Node8_Zero,"[0, 1, 2, 3, 4, 5, 6, 7, 8]",2004.729467,2005.64808,inf,2,0,4639.5,"0.042274528267937206,0.042274528267937206",0.042275,13.218765,inf,44,44
2004737665504_Node0_Node8_Zero,"[0, 1, 2, 3, 4, 5, 6, 7, 8]",2004.737666,2005.64808,inf,2,0,4639.5,"0.042274528267937206,0.042274528267937206",0.042275,13.218765,inf,44,44
2004745861109_Node0_Node8_Zero,"[0, 1, 2, 3, 4, 5, 6, 7, 8]",2004.745861,2005.64808,inf,2,0,4639.5,"0.042274528267937206,0.042274528267937206",0.042275,13.218765,inf,44,44
2004754054856_Node0_Node8_Zero,"[0, 1, 2, 3, 4, 5, 6, 7, 8]",2004.754055,2005.652526,inf,2,2,4639.5,"0.042274528267937206,0.042274528267937206",0.042275,13.218765,inf,44,44
2004762248867_Node0_Node8_Zero,"[0, 1, 2, 3, 4, 5, 6, 7, 8]",2004.762249,2005.652526,inf,2,2,4639.5,"0.042274528267937206,0.042274528267937206",0.042275,13.218765,inf,44,44
2004770443456_Node0_Node8_Zero,"[0, 1, 2, 3, 4, 5, 6, 7, 8]",2004.770443,2005.652526,inf,2,1,4639.5,"0.042274528267937206,0.042274528267937206",0.042275,13.218765,inf,44,44
2004778644688_Node0_Node8_Zero,"[0, 1, 2, 3, 4, 5, 6, 7, 8]",2004.778645,2005.652526,inf,2,1,4639.5,"0.042274528267937206,0.042274528267937206",0.042275,13.218765,inf,44,44
2004786837381_Node0_Node8_Zero,"[0, 1, 2, 3, 4, 5, 6, 7, 8]",2004.786837,2005.652685,inf,2,3,4639.5,"0.11262547311238358,0.042274528267937206",0.07745,13.218765,inf,44,44
2004795030787_Node0_Node8_Zero,"[0, 1, 2, 3, 4, 5, 6, 7, 8]",2004.795031,2005.652685,inf,2,3,4639.5,"0.11262547311238358,0.042274528267937206",0.07745,13.218765,inf,44,44
2004803228365_Node0_Node8_Zero,"[0, 1, 2, 3, 4, 5, 6, 7, 8]",2004.803228,2005.652685,inf,2,3,4639.5,"0.11262547311238358,0.042274528267937206",0.07745,13.218765,inf,44,44
2004811420165_Node0_Node8_Zero,"[0, 1, 2, 3, 4, 5, 6, 7, 8]",2004.81142,2005.652685,inf,2,3,4639.5,"0.11262547311238358,0.042274528267937206",0.07745,13.218765,inf,44,44
2004819615776_Node0_Node8_Zero,"[0, 1, 2, 3, 4, 5, 6, 7, 8]",2004.819616,2005.666615,inf,2,0,4639.5,"0.11262547311238358,0.042274528267937206",0.07745,13.218765,inf,44,44
2004827816376_Node0_Node8_Zero,"[0, 1, 2, 3, 4, 5, 6, 7, 8]",2004.827816,2005.666615,inf,2,0,4639.5,"0.11262547311238358,0.042274528267937206",0.07745,13.218765,inf,44,44
2004836014961_Node0_Node8_Zero,"[0, 1, 2, 3, 4, 5, 6, 7, 8]",2004.836015,2005.666615,inf,2,0,4639.5,"0.11262547311238358,0.042274528267937206",0.07745,13.218765,inf,44,44
2004844208165_Node0_Node8_Zero,"[0, 1, 2, 3, 4, 5, 6, 7, 8]",2004.844208,2005.666615,inf,2,0,4639.5,"0.11262547311238358,0.042274528267937206",0.07745,13.218765,inf,44,44
2004852404989_Node0_Node8_Zero,"[0, 1, 2, 3, 4, 5, 6, 7, 8]",2004.852405,2005.701008,inf,2,0,4639.5,"0.11262547311238358,0.042274528267937206",0.07745,13.218765,inf,44,44
2004860601976_Node0_Node8_Zero,"[0, 1, 2, 3, 4, 5, 6, 7, 8]",2004.860602,2005.701008,inf,2,0,4639.5,"0.11262547311238358,0.042274528267937206",0.07745,13.218765,inf,44,44
2004868803359_Node0_Node8_Zero,"[0, 1, 2, 3, 4, 5, 6, 7, 8]",2004.868803,2005.701008,inf,2,0,4639.5,"0.11262547311238358,0.042274528267937206",0.07745,13.218765,inf,44,44
2004877003643_Node0_Node8_Zero,"[0, 1, 2, 3, 4, 5, 6, 7, 8]",2004.877004,2005.701008,inf,2,0,4639.5,"0.11262547311238358,0.042274528267937206",0.07745,13.218765,inf,44,44
2004885197668_Node0_Node8_Zero,"[0, 1, 2, 3, 4, 5, 6, 7, 8]",2004.885198,2005.702904,inf,2,0,4639.5,"0.042274528267937206,0.042274528267937206",0.042275,13.218765,inf,44,44
2004893389521_Node0_Node8_Zero,"[0, 1, 2, 3, 4, 5, 6, 7, 8]",2004.89339,2005.702904,inf,2,0,4639.5,"0.042274528267937206,0.042274528267937206",0.042275,13.218765,inf,44,44
2004901591098_Node0_Node8_Zero,"[0, 1, 2, 3, 4, 5, 6, 7, 8]",2004.901591,2005.702904,inf,2,0,4639.5,"0.042274528267937206,0.042274528267937206",0.042275,13.218765,inf,44,44
2004909791536_Node0_Node8_Zero,"[0, 1, 2, 3, 4, 5, 6, 7, 8]",2004.909792,2005.702904,inf,2,0,4639.5,"0.042274528267937206,0.042274528267937206",0.042275,13.218765,inf,44,44
2004917985866_Node0_Node8_Zero,"[0, 1, 2, 3, 4, 5, 6, 7, 8]",2004.917986,2005.705041,inf,2,0,4639.5,"0.042274528267937206,0.042274528267937206",0.042275,13.218765,inf,44,44
2004926179110_Node0_Node8_Zero,"[0, 1, 2, 3, 4, 5, 6, 7, 8]",2004.926179,2005.705041,inf,2,0,4639.5,"0.042274528267937206,0.042274528267937206",0.042275,13.218765,inf,44,44
2004934377237_Node0_Node8_Zero,"[0, 1, 2, 3, 4, 5, 6, 7, 8]",2004.934377,2005.705041,inf,2,0,4639.5,"0.042274528267937206,0.042274528267937206",0.042275,13.218765,inf,44,44
2004942577285_Node0_Node8_Zero,"[0, 1, 2, 3, 4, 5, 6, 7, 8]",2004.942577,2005.705041,inf,2,0,4639.5,"0.042274528267937206,0.042274528267937206",0.042275,13.218765,inf,44,44
2004950773512_Node0_Node8_Zero,"[0, 1, 2, 3, 4, 5, 6, 7, 8]",2004.950774,2005.784873,inf,2,1,4639.5,"0.042274528267937206,0.042274528267937206",0.042275,13.218765,inf,44,44
2004958968528_Node0_Node8_Zero,"[0, 1, 2, 3, 4, 5, 6, 7, 8]",2004.958969,2005.784873,inf,2,1,4639.5,"0.042274528267937206,0.042274528267937206",0.042275,13.218765,inf,44,44
2004967162033_Node0_Node8_Zero,"[0, 1, 2, 3, 4, 5, 6, 7, 8]",2004.967162,2005.784873,inf,2,1,4639.5,"0.042274528267937206,0.042274528267937206",0.042275,13.218765,inf,44,44
2004975358379_Node0_Node8_Zero,"[0, 1, 2, 3, 4, 5, 6, 7, 8]",2004.975358,2005.784873,inf,2,1,4639.5,"0.042274528267937206,0.042274528267937206",0.042275,13.218765,inf,44,44
2004983559906_Node0_Node8_Zero,"[0, 1, 2, 3, 4, 5, 6, 7, 8]",2004.98356,2005.785092,inf,2,0,4639.5,"0.11262547311238358,0.042274528267937206",0.07745,13.218765,inf,44,44
2004991755409_Node0_Node8_Zero,"[0, 1, 2, 3, 4, 5, 6, 7, 8]",2004.991755,2005.785092,inf,2,0,4639.5,"0.11262547311238358,0.042274528267937206",0.07745,13.218765,inf,44,44
2004999952140_Node0_Node8_Zero,"[0, 1, 2, 3, 4, 5, 6, 7, 8]",2004.999952,2005.785092,inf,2,0,4639.5,"0.11262547311238358,0.042274528267937206",0.07745,13.218765,inf,44,44
2005008153023_Node0_Node8_Zero,"[0, 1, 2, 3, 4, 5, 6, 7, 8]",2005.008153,2005.785092,inf,2,0,4639.5,"0.11262547311238358,0.042274528267937206",0.07745,13.218765,inf,44,44
2005016349056_Node0_Node8_Zero,"[0, 1, 2, 3, 4, 5, 6, 7, 8]",2005.016349,2005.791525,inf,2,0,4639.5,"0.11262547311238358,0.042274528267937206",0.07745,13.218765,inf,44,44
2005024542817_Node0_Node8_Zero,"[0, 1, 2, 3, 4, 5, 6, 7, 8]",2005.024543,2005.791525,inf,2,0,4639.5,"0.11262547311238358,0.042274528267937206",0.07745,13.218765,inf,44,44
2005032735854_Node0_Node8_Zero,"[0, 1, 2, 3, 4, 5, 6, 7, 8]",2005.032736,2005.791525,inf,2,0,4639.5,"0.11262547311238358,0.042274528267937206",0.07745,13.218765,inf,44,44
2005040934150_Node0_Node8_Zero,"[0, 1, 2, 3, 4, 5, 6, 7, 8]",2005.040934,2005.791525,inf,2,0,4639.5,"0.11262547311238358,0.042274528267937206",0.07745,13.218765,inf,44,44
2005049128335_Node0_Node8_Zero,"[0, 1, 2, 3, 4, 5, 6, 7, 8]",2005.049128,2005.798081,inf,2,0,4639.5,"0.042274528267937206,0.042274528267937206",0.042275,13.218765,inf,44,44
2005057323981_Node0_Node8_Zero,"[0, 1, 2, 3, 4, 5, 6, 7, 8]",2005.057324,2005.798081,inf,2,0,4639.5,"0.042274528267937206,0.042274528267937206",0.042275,13.218765,inf,44,44
2005065524556_Node0_Node8_Zero,"[0, 1, 2, 3, 4, 5, 6, 7, 8]",2005.065525,2005.798081,inf,2,0,4639.5,"0.042274528267937206,0.042274528267937206",0.042275,13.218765,inf,44,44
2005073718566_Node0_Node8_Zero,"[0, 1, 2, 3, 4, 5, 6, 7, 8]",2005.073719,2005.798081,inf,2,0,4639.5,"0.042274528267937206,0.042274528267937206",0.042275,13.218765,inf,44,44
2005081912239_Node0_Node8_Zero,"[0, 1, 2, 3, 4, 5, 6, 7, 8]",2005.081912,2005.800158,inf,2,0,4639.5,"0.042274528267937206,0.042274528267937206",0.042275,13.218765,inf,44,44
2005090108416_Node0_Node8_Zero,"[0, 1, 2, 3, 4, 5, 6, 7, 8]",2005.090108,2005.800158,inf,2,0,4639.5,"0.042274528267937206,0.042274528267937206",0.042275,13.218765,inf,44,44
2005098305167_Node0_Node8_Zero,"[0, 1, 2, 3, 4, 5, 6, 7, 8]",2005.098305,2005.800158,inf,2,0,4639.5,"0.042274528267937206,0.042274528267937206",0.042275,13.218765,inf,44,44
2005106501374_Node0_Node8_Zero,"[0, 1, 2, 3, 4, 5, 6, 7, 8]",2005.106501,2005.800158,inf,2,0,4639.5,"0.042274528267937206,0.042274528267937206",0.042275,13.218765,inf,44,44
2005114699425_Node0_Node8_Zero,"[0, 1, 2, 3, 4, 5, 6, 7, 8]",2005.114699,2005.806733,inf,2,0,4639.5,"0.042274528267937206,0.042274528267937206",0.042275,13.218765,inf,44,44
2005122891334_Node0_Node8_Zero,"[0, 1, 2, 3, 4, 5, 6, 7, 8]",2005.122891,2005.806733,inf,2,0,4639.5,"0.042274528267937206,0.042274528267937206,0.012582408690597686",0.032377,3.934376,inf,11,44
2005131088150_Node0_Node8_Zero,"[0, 1, 2, 3, 4, 5, 6, 7, 8]",2005.131088,2005.806733,inf,2,0,4639.5,"0.042274528267937206,0.042274528267937206,0.006306125141108773",0.030285,1.971854,inf,11,44
2005139286131_Node0_Node8_Zero,"[0, 1, 2, 3, 4, 5, 6, 7, 8]",2005.139286,2005.806733,inf,2,0,4639.5,"0.042274528267937206,0.042274528267937206,0.006306125141108773",0.030285,1.971854,inf,11,44
2005147483201_Node0_Node8_Zero,"[0, 1, 2, 3, 4, 5, 6, 7, 8]",2005.147483,2005.80883,inf,2,0,4639.5,"0.042274528267937206,0.042274528267937206,0.006306125141108773",0.030285,1.971854,inf,11,44
2005155676827_Node0_Node8_Zero,"[0, 1, 2, 3, 4, 5, 6, 7, 8]",2005.155677,2005.80883,inf,2,0,4639.5,"0.042274528267937206,0.042274528267937206,0.006306125141108773",0.030285,1.971854,inf,11,44
2005163874209_Node0_Node8_Zero,"[0, 1, 2, 3, 4, 5, 6, 7, 8]",2005.163874,2005.80883,inf,2,0,4639.5,"0.042274528267937206,0.042274528267937206,0.006306125141108773",0.030285,1.971854,inf,11,44
2005172070906_Node0_Node8_Zero,"[0, 1, 2, 3, 4, 5, 6, 7, 8]",2005.172071,2005.80883,inf,3,1,4639.5,"0.042274528267937206,0.042274528267937206,0.006306125141108773,0.0466714623207151",0.034382,1.971854,inf,11,44
2005180271079_Node0_Node8_Zero,"[0, 1, 2, 3, 4, 5, 6, 7, 8]",2005.180271,2005.815386,inf,5,1,4639.5,"0.042274528267937206,0.042274528267937206,0.0053220512539897905,0.0466714623207151,0.04508856606171505,0.04422872118028293",0.037643,1.664145,inf,11,44
2005188468754_Node0_Node8_Zero,"[0, 1, 2, 3, 4, 5, 6, 7, 8]",2005.188469,2005.815386,2.997845,7,2,4639.5,"0.042274528267937206,0.042274528267937206,0.006306125141108773,0.0466714623207151,0.04508856606171505,0.04943867032408972,0.04371026183619121,0.05367895795487024",0.04118,1.971854,16.784801,11,44
2005196669590_Node0_Node8_Zero,"[0, 1, 2, 3, 4, 5, 6, 7, 8]",2005.19667,2005.815386,inf,2,3,4639.5,"0.042274528267937206,0.042274528267937206,0.006306125141108773",0.030285,0.130598,inf,11,44
2005204867418_Node0_Node8_Zero,"[0, 1, 2, 3, 4, 5, 6, 7, 8]",2005.204867,2005.815386,inf,2,2,4639.5,"0.042274528267937206,0.042274528267937206,0.0053220512539897905",0.029957,0.660733,inf,11,44
2005213067941_Node0_Node8_Zero,"[0, 1, 2, 3, 4, 5, 6, 7, 8]",2005.213068,2005.817283,2.981294,7,3,4639.5,"0.042274528267937206,0.042274528267937206,0.006306125141108773,0.0466714623207151,0.05435069787292713,0.04943867032408972,0.04371026183619121,0.04422872118028293",0.041157,1.06722,13.829819,11,44
2005221260328_Node0_Node8_Zero,"[0, 1, 2, 3, 4, 5, 6, 7, 8]",2005.22126,2005.817283,2.991366,7,3,4639.5,"0.042274528267937206,0.042274528267937206,0.006306125141108773,0.0466714623207151,0.04508856606171505,0.042274528267937206,0.04371026183619121,0.04337376178113168",0.038997,1.971854,13.562483,11,44
2005229461090_Node0_Node8_Zero,"[0, 1, 2, 3, 4, 5, 6, 7, 8]",2005.229461,2005.817283,2.975974,7,3,4639.5,"0.042274528267937206,0.042274528267937206,0.02007173615790435,0.042274528267937206,0.04508856606171505,0.04422872118028293,0.042274528267937206,0.04337376178113168",0.040233,2.542258,13.562483,11,44
2005237656497_Node0_Node8_Zero,"[0, 1, 2, 3, 4, 5, 6, 7, 8]",2005.237656,2005.817283,2.97497,7,1,4639.5,"0.042274528267937206,0.042274528267937206,0.006306125141108773,0.0466714623207151,0.04508856606171505,0.042274528267937206,0.04371026183619121,0.04337376178113168",0.038997,1.041706,13.562483,11,44
2005245848717_Node0_Node8_Zero,"[0, 1, 2, 3, 4, 5, 6, 7, 8]",2005.245849,2005.81926,2.993373,7,4,4639.5,"0.042274528267937206,0.042274528267937206,0.0053220512539897905,0.0466714623207151,0.042274528267937206,0.04422872118028293,0.042274528267937206,0.04337376178113168",0.038587,0.624645,13.562483,11,44
2005254047043_Node0_Node8_Zero,"[0, 1, 2, 3, 4, 5, 6, 7, 8]",2005.254047,2005.81926,2.987498,7,3,4639.5,"0.042274528267937206,0.042274528267937206,0.006306125141108773,0.0466714623207151,0.042274528267937206,0.04422872118028293,0.04371026183619121,0.044590061220740225",0.039041,0.442372,13.942806,11,44
2005262245130_Node0_Node8_Zero,"[0, 1, 2, 3, 4, 5, 6, 7, 8]",2005.262245,2005.81926,2.994535,7,3,4639.5,"0.042274528267937206,0.042274528267937206,0.006306125141108773,0.0466714623207151,0.04508856606171505,0.04422872118028293,0.04371026183619121,0.04337376178113168",0.039241,0.782906,13.562483,11,44
2005270440879_Node0_Node8_Zero,"[0, 1, 2, 3, 4, 5, 6, 7, 8]",2005.270441,2005.81926,2.977373,7,5,4639.5,"0.042274528267937206,0.042274528267937206,0.02007173615790435,0.0466714623207151,0.04508856606171505,0.04943867032408972,0.04371026183619121,0.045689294733934696",0.041902,3.396848,14.286524,11,44
2005278638836_Node0_Node8_Zero,"[0, 1, 2, 3, 4, 5, 6, 7, 8]",2005.278639,2005.828046,inf,2,1,4639.5,"0.042274528267937206,0.042274528267937206,0.006306125141108773",0.030285,0.130598,inf,11,44
2005286838626_Node0_Node8_Zero,"[0, 1, 2, 3, 4, 5, 6, 7, 8]",2005.286839,2005.828046,2.99419,7,2,4639.5,"0.042274528267937206,0.042274528267937206,0.006306125141108773,0.0466714623207151,0.05153666007914928,0.04748447741174399,0.04371026183619121,0.04337376178113168",0.040454,1.971854,13.562483,11,44
2005295037876_Node0_Node8_Zero,"[0, 1, 2, 3, 4, 5, 6, 7, 8]",2005.295038,2005.828046,2.994079,7,3,4639.5,"0.042274528267937206,0.042274528267937206,0.006306125141108773,0.042274528267937206,0.042274528267937206,0.04422872118028293,0.04560889571997355,0.044590061220740225",0.038729,1.971854,13.942806,11,44
2005303231420_Node0_Node8_Zero,"[0, 1, 2, 3, 4, 5, 6, 7, 8]",2005.303231,2005.828046,3.000541,7,3,4639.5,"0.042274528267937206,0.042274528267937206,0.006306125141108773,0.0466714623207151,0.04508856606171505,0.042274528267937206,0.04371026183619121,0.04337376178113168",0.038997,0.782906,13.562483,11,44
2005311424736_Node0_Node8_Zero,"[0, 1, 2, 3, 4, 5, 6, 7, 8]",2005.311425,2005.832572,2.989436,7,2,4639.5,"0.042274528267937206,0.042274528267937206,0.006306125141108773,0.042274528267937206,0.042274528267937206,0.04422872118028293,0.047044629288227564,0.04337376178113168",0.038756,1.971854,13.562483,11,44
2005319620908_Node0_Node8_Zero,"[0, 1, 2, 3, 4, 5, 6, 7, 8]",2005.319621,2005.832572,2.992522,7,4,4639.5,"0.042274528267937206,0.042274528267937206,0.0053220512539897905,0.0466714623207151,0.05009129991732013,0.0466714623207151,0.047044629288227564,0.04337376178113168",0.040465,0.110218,13.562483,11,44
2005327817528_Node0_Node8_Zero,"[0, 1, 2, 3, 4, 5, 6, 7, 8]",2005.327818,2005.832572,inf,5,5,4639.5,"0.042274528267937206,0.042274528267937206,0.006306125141108773,0.042274528267937206,0.042274528267937206,0.04422872118028293",0.036605,1.06722,inf,11,44
2005336014326_Node0_Node8_Zero,"[0, 1, 2, 3, 4, 5, 6, 7, 8]",2005.336014,2005.832572,2.986608,7,1,4639.5,"0.042274528267937206,0.042274528267937206,0.0053220512539897905,0.0466714623207151,0.04508856606171505,0.042274528267937206,0.042274528267937206,0.04337376178113168",0.038694,0.844655,13.562483,11,44
2005344210208_Node0_Node8_Zero,"[0, 1, 2, 3, 4, 5, 6, 7, 8]",2005.34421,2005.834489,2.99615,7,2,4639.5,"0.042274528267937206,0.042274528267937206,0.006306125141108773,0.0466714623207151,0.04508856606171505,0.042274528267937206,0.04371026183619121,0.042274528267937206",0.038859,1.971854,13.218765,11,44
2005352406901_Node0_Node8_Zero,"[0, 1, 2, 3, 4, 5, 6, 7, 8]",2005.352407,2005.834489,2.993484,7,2,4639.5,"0.042274528267937206,0.042274528267937206,0.006306125141108773,0.0466714623207151,0.04508856606171505,0.042274528267937206,0.042274528267937206,0.050743860764835585",0.039739,0.694932,15.867029,11,44
2005360602748_Node0_Node8_Zero,"[0, 1, 2, 3, 4, 5, 6, 7, 8]",2005.360603,2005.834489,inf,2,2,4639.5,"0.042274528267937206,0.042274528267937206,0.006306125141108773",0.030285,1.971854,inf,11,44
2005368796205_Node0_Node8_Zero,"[0, 1, 2, 3, 4, 5, 6, 7, 8]",2005.368796,2005.834489,2.978614,7,4,4639.5,"0.042274528267937206,0.042274528267937206,0.02007173615790435,0.0466714623207151,0.04508856606171505,0.04422872118028293,0.042274528267937206,0.0496446272516411",0.041566,2.491908,15.523311,11,44
2005376988044_Node0_Node8_Zero,"[0, 1, 2, 3, 4, 5, 6, 7, 8]",2005.376988,2005.841105,2.994682,7,3,4639.5,"0.042274528267937206,0.042274528267937206,0.0053220512539897905,0.0466714623207151,0.04508856606171505,0.04422872118028293,0.04371026183619121,0.044590061220740225",0.03927,1.664145,13.942806,11,44
2005385184272_Node0_Node8_Zero,"[0, 1, 2, 3, 4, 5, 6, 7, 8]",2005.385184,2005.841105,2.972561,7,1,4639.5,"0.042274528267937206,0.042274528267937206,0.01313882290337272,0.042274528267937206,0.04508856606171505,0.04422872118028293,0.05288747080447082,0.04337376178113168",0.040693,4.108361,13.562483,11,44
2005393377146_Node0_Node8_Zero,"[0, 1, 2, 3, 4, 5, 6, 7, 8]",2005.393377,2005.841105,inf,3,1,4639.5,"0.042274528267937206,0.042274528267937206,0.0053220512539897905,0.0466714623207151",0.034136,1.664145,inf,11,44
2005401572171_Node0_Node8_Zero,"[0, 1, 2, 3, 4, 5, 6, 7, 8]",2005.401572,2005.841105,2.999945,7,3,4639.5,"0.042274528267937206,0.042274528267937206,0.006306125141108773,0.0466714623207151,0.04508856606171505,0.042274528267937206,0.04371026183619121,0.04337376178113168",0.038997,1.971854,13.562483,11,44
2005409765802_Node0_Node8_Zero,"[0, 1, 2, 3, 4, 5, 6, 7, 8]",2005.409766,2005.843022,inf,2,2,4639.5,"0.042274528267937206,0.042274528267937206,0.006306125141108773",0.030285,0.199265,inf,11,44
2005417966688_Node0_Node8_Zero,"[0, 1, 2, 3, 4, 5, 6, 7, 8]",2005.417967,2005.843022,2.998741,7,2,4639.5,"0.042274528267937206,0.042274528267937206,0.02007173615790435,0.0466714623207151,0.04508856606171505,0.04422872118028293,0.042274528267937206,0.044590061220740225",0.040934,6.276204,13.942806,11,44
2005426165458_Node0_Node8_Zero,"[0, 1, 2, 3, 4, 5, 6, 7, 8]",2005.426165,2005.843022,2.99564,7,2,4639.5,"0.042274528267937206,0.042274528267937206,0.006306125141108773,0.0466714623207151,0.02667338616052565,0.04748447741174399,0.04560889571997355,0.045689294733934696",0.037873,0.211109,14.286524,11,44
2005434362144_Node0_Node8_Zero,"[0, 1, 2, 3, 4, 5, 6, 7, 8]",2005.434362,2005.843022,2.987443,7,3,4639.5,"0.042274528267937206,0.042274528267937206,0.006306125141108773,0.0466714623207151,0.02667338616052565,0.04748447741174399,0.04560889571997355,0.045689294733934696",0.037873,0.442372,14.286524,11,44
2005442556028_Node0_Node8_Zero,"[0, 1, 2, 3, 4, 5, 6, 7, 8]",2005.442556,2005.849597,2.985491,7,3,4639.5,"0.042274528267937206,0.042274528267937206,0.0053220512539897905,0.042274528267937206,0.03429292322956972,0.0466714623207151,0.04508856606171505,0.04532795469347741",0.037941,0.353174,14.173537,11,44
2005450755262_Node0_Node8_Zero,"[0, 1, 2, 3, 4, 5, 6, 7, 8]",2005.450755,2005.849597,2.991007,7,5,4639.5,"0.042274528267937206,0.042274528267937206,0.0053220512539897905,0.0466714623207151,0.028448921449009967,0.042274528267937206,0.04371026183619121,0.044590061220740225",0.036946,0.64387,13.942806,11,44
2005458949679_Node0_Node8_Zero,"[0, 1, 2, 3, 4, 5, 6, 7, 8]",2005.45895,2005.849597,2.979109,7,1,4639.5,"0.042274528267937206,0.042274528267937206,0.0053220512539897905,0.0466714623207151,0.02667338616052565,0.04422872118028293,0.04371026183619121,0.04532795469347741",0.03706,1.664145,14.173537,11,44
2005467145292_Node0_Node8_Zero,"[0, 1, 2, 3, 4, 5, 6, 7, 8]",2005.467145,2005.849597,inf,5,2,4639.5,"0.042274528267937206,0.042274528267937206,0.006306125141108773,0.042274528267937206,0.03429292322956972,0.04943867032408972",0.036144,0.782906,inf,11,44
2005475337093_Node0_Node8_Zero,"[0, 1, 2, 3, 4, 5, 6, 7, 8]",2005.475337,2005.851494,2.996639,7,1,4639.5,"0.042274528267937206,0.042274528267937206,0.0053220512539897905,0.0466714623207151,0.02667338616052565,0.04862565523306083,0.04560889571997355,0.044590061220740225",0.037755,0.37334,13.942806,11,44
2005483529742_Node0_Node8_Zero,"[0, 1, 2, 3, 4, 5, 6, 7, 8]",2005.48353,2005.851494,2.988446,7,2,4639.5,"0.042274528267937206,0.042274528267937206,0.006306125141108773,0.0466714623207151,0.02667338616052565,0.04862565523306083,0.04560889571997355,0.044590061220740225",0.037878,0.762925,13.942806,11,44
2005491724647_Node0_Node8_Zero,"[0, 1, 2, 3, 4, 5, 6, 7, 8]",2005.491725,2005.851494,inf,5,3,4639.5,"0.042274528267937206,0.042274528267937206,0.0053220512539897905,0.0466714623207151,0.028448921449009967,0.04862565523306083",0.035603,0.342084,inf,11,44
2005499919916_Node0_Node8_Zero,"[0, 1, 2, 3, 4, 5, 6, 7, 8]",2005.49992,2005.851494,2.983654,7,3,4639.5,"0.042274528267937206,0.042274528267937206,0.006306125141108773,0.0466714623207151,0.02667338616052565,0.0466714623207151,0.04371026183619121,0.045689294733934696",0.037534,1.971854,14.286524,11,44
2005508116981_Node0_Node8_Zero,"[0, 1, 2, 3, 4, 5, 6, 7, 8]",2005.508117,2005.853571,2.977949,7,1,4639.5,"0.042274528267937206,0.042274528267937206,0.0053220512539897905,0.0466714623207151,0.02667338616052565,0.04422872118028293,0.04371026183619121,0.04422872118028293",0.036923,1.664145,13.829819,11,44
2005516310199_Node0_Node8_Zero,"[0, 1, 2, 3, 4, 5, 6, 7, 8]",2005.51631,2005.853571,2.985836,7,2,4639.5,"0.042274528267937206,0.042274528267937206,0.0053220512539897905,0.042274528267937206,0.02667338616052565,0.042274528267937206,0.047044629288227564,0.045689294733934696",0.036728,0.386589,14.286524,11,44
2005524503878_Node0_Node8_Zero,"[0, 1, 2, 3, 4, 5, 6, 7, 8]",2005.524504,2005.853571,2.984615,7,2,4639.5,"0.042274528267937206,0.042274528267937206,0.0053220512539897905,0.042274528267937206,0.02667338616052565,0.0466714623207151,0.04508856606171505,0.04532795469347741",0.036988,0.358003,14.173537,11,44
2005532700402_Node0_Node8_Zero,"[0, 1, 2, 3, 4, 5, 6, 7, 8]",2005.5327,2005.853571,2.978855,7,2,4639.5,"0.042274528267937206,0.042274528267937206,0.0053220512539897905,0.042274528267937206,0.02667338616052565,0.0466714623207151,0.04508856606171505,0.04422872118028293",0.036851,1.664145,13.829819,11,44
2005540897524_Node0_Node8_Zero,"[0, 1, 2, 3, 4, 5, 6, 7, 8]",2005.540898,2005.861837,inf,2,3,4639.5,"0.042274528267937206,0.042274528267937206,0.006306125141108773",0.030285,0.768299,inf,11,44
2005549092019_Node0_Node8_Zero,"[0, 1, 2, 3, 4, 5, 6, 7, 8]",2005.549092,2005.861837,2.972276,7,3,4639.5,"0.042274528267937206,0.042274528267937206,0.0053220512539897905,0.0466714623207151,0.028448921449009967,0.0466714623207151,0.04508856606171505,0.042274528267937206",0.037378,0.358003,13.218765,11,44
2005557290370_Node0_Node8_Zero,"[0, 1, 2, 3, 4, 5, 6, 7, 8]",2005.55729,2005.861837,inf,2,0,4639.5,"0.042274528267937206,0.042274528267937206,0.0053220512539897905",0.029957,0.980434,inf,11,44
2005565482619_Node0_Node8_Zero,"[0, 1, 2, 3, 4, 5, 6, 7, 8]",2005.565483,2005.861837,inf,2,2,4639.5,"0.042274528267937206,0.042274528267937206,0.0053220512539897905",0.029957,0.64387,inf,11,44
2005573674801_Node0_Node8_Zero,"[0, 1, 2, 3, 4, 5, 6, 7, 8]",2005.573675,2005.866383,2.998189,7,2,4639.5,"0.042274528267937206,0.042274528267937206,0.0053220512539897905,0.042274528267937206,0.02667338616052565,0.04422872118028293,0.04560889571997355,0.044590061220740225",0.036656,0.980434,13.942806,11,44
2005581868537_Node0_Node8_Zero,"[0, 1, 2, 3, 4, 5, 6, 7, 8]",2005.581869,2005.866383,2.996418,7,1,4639.5,"0.042274528267937206,0.042274528267937206,0.006306125141108773,0.0466714623207151,0.02667338616052565,0.04422872118028293,0.04371026183619121,0.04422872118028293",0.037046,0.798725,13.829819,11,44
2005590066476_Node0_Node8_Zero,"[0, 1, 2, 3, 4, 5, 6, 7, 8]",2005.590066,2005.866383,inf,3,4,4639.5,"0.042274528267937206,0.042274528267937206,0.0053220512539897905,0.042274528267937206",0.033036,0.37334,inf,11,44
2005598265449_Node0_Node8_Zero,"[0, 1, 2, 3, 4, 5, 6, 7, 8]",2005.598265,2005.866383,2.98817,7,3,4639.5,"0.042274528267937206,0.042274528267937206,0.0053220512539897905,0.042274528267937206,0.02667338616052565,0.0466714623207151,0.04508856606171505,0.04532795469347741",0.036988,0.178165,14.173537,11,44
2005606458650_Node0_Node8_Zero,"[0, 1, 2, 3, 4, 5, 6, 7, 8]",2005.606459,2005.86834,inf,2,1,4639.5,"0.042274528267937206,0.042274528267937206,0.0053220512539897905",0.029957,0.329671,inf,11,44
2005614656889_Node0_Node8_Zero,"[0, 1, 2, 3, 4, 5, 6, 7, 8]",2005.614657,2005.86834,2.986913,7,2,4639.5,"0.042274528267937206,0.042274528267937206,0.006306125141108773,0.042274528267937206,0.02667338616052565,0.04422872118028293,0.042274528267937206,0.04422872118028293",0.036317,1.045607,13.829819,11,44
2005622853441_Node0_Node8_Zero,"[0, 1, 2, 3, 4, 5, 6, 7, 8]",2005.622853,2005.86834,2.995887,7,3,4639.5,"0.042274528267937206,0.042274528267937206,0.0053220512539897905,0.0466714623207151,0.028448921449009967,0.042274528267937206,0.042274528267937206,0.044590061220740225",0.036766,0.648405,13.942806,11,44
2005631048627_Node0_Node8_Zero,"[0, 1, 2, 3, 4, 5, 6, 7, 8]",2005.631049,2005.86834,2.988861,7,3,4639.5,"0.042274528267937206,0.042274528267937206,0.02007173615790435,0.042274528267937206,0.02667338616052565,0.0466714623207151,0.04508856606171505,0.04422872118028293",0.038695,6.276204,13.829819,11,44
2005639247862_Node0_Node8_Zero,"[0, 1, 2, 3, 4, 5, 6, 7, 8]",2005.639248,2005.875036,2.980662,7,4,4639.5,"0.042274528267937206,0.042274528267937206,0.01313882290337272,0.042274528267937206,0.02667338616052565,0.0466714623207151,0.04508856606171505,0.04422872118028293",0.037828,4.108361,13.829819,11,44
2005647447473_Node0_Node8_Zero,"[0, 1, 2, 3, 4, 5, 6, 7, 8]",2005.647447,2005.875036,2.982221,7,3,4639.5,"0.042274528267937206,0.042274528267937206,0.0053220512539897905,0.0466714623207151,0.02667338616052565,0.0466714623207151,0.04371026183619121,0.04422872118028293",0.037228,0.358003,13.829819,11,44
2005655642721_Node0_Node8_Zero,"[0, 1, 2, 3, 4, 5, 6, 7, 8]",2005.655643,2005.875036,2.980061,7,3,4639.5,"0.042274528267937206,0.042274528267937206,0.0053220512539897905,0.042274528267937206,0.02667338616052565,0.0466714623207151,0.04652429962996906,0.04532795469347741",0.037168,0.892607,14.173537,11,44
2005663841823_Node0_Node8_Zero,"[0, 1, 2, 3, 4, 5, 6, 7, 8]",2005.663842,2005.875036,2.985947,7,3,4639.5,"0.042274528267937206,0.042274528267937206,0.006306125141108773,0.042274528267937206,0.02667338616052565,0.042274528267937206,0.042274528267937206,0.04337376178113168",0.035966,1.971854,13.562483,11,44
2005672037342_Node0_Node8_Zero,"[0, 1, 2, 3, 4, 5, 6, 7, 8]",2005.672037,2005.879462,2.98539,7,3,4639.5,"0.042274528267937206,0.042274528267937206,0.0053220512539897905,0.0466714623207151,0.02667338616052565,0.042274528267937206,0.05288747080447082,0.04337376178113168",0.037719,1.664145,13.562483,11,44
2005680237423_Node0_Node8_Zero,"[0, 1, 2, 3, 4, 5, 6, 7, 8]",2005.680237,2005.879462,2.984182,7,4,4639.5,"0.042274528267937206,0.042274528267937206,0.02007173615790435,0.042274528267937206,0.02667338616052565,0.04422872118028293,0.04731436818306876,0.04477737989771328",0.038736,6.276204,14.001378,11,44
2005688438011_Node0_Node8_Zero,"[0, 1, 2, 3, 4, 5, 6, 7, 8]",2005.688438,2005.879462,inf,2,3,4639.5,"0.042274528267937206,0.042274528267937206,0.006816269044191253",0.030455,0.751149,inf,11,44
2005696638191_Node0_Node8_Zero,"[0, 1, 2, 3, 4, 5, 6, 7, 8]",2005.696638,2005.879462,2.976443,7,3,4639.5,"0.042274528267937206,0.042274528267937206,0.006306125141108773,0.042274528267937206,0.03429292322956972,0.04748447741174399,0.04560889571997355,0.04477737989771328",0.038162,0.211109,14.001378,11,44
2005704836715_Node0_Node8_Zero,"[0, 1, 2, 3, 4, 5, 6, 7, 8]",2005.704837,2005.884088,2.977126,7,4,4639.5,"0.042274528267937206,0.042274528267937206,0.006306125141108773,0.0466714623207151,0.028448921449009967,0.042274528267937206,0.04560889571997355,0.04337376178113168",0.037154,1.06722,13.562483,11,44
2005713036512_Node0_Node8_Zero,"[0, 1, 2, 3, 4, 5, 6, 7, 8]",2005.713037,2005.884088,inf,2,1,4639.5,"0.042274528267937206,0.042274528267937206,0.006306125141108773",0.030285,13.218765,inf,11,44
2005721237949_Node0_Node8_Zero,"[0, 1, 2, 3, 4, 5, 6, 7, 8]",2005.721238,2005.884088,2.982073,7,4,4639.5,"0.042274528267937206,0.042274528267937206,0.0053220512539897905,0.042274528267937206,0.02667338616052565,0.04422872118028293,0.04371026183619121,0.044590061220740225",0.036419,0.37334,13.942806,11,44
2005729432328_Node0_Node8_Zero,"[0, 1, 2, 3, 4, 5, 6, 7, 8]",2005.729432,2005.884088,2.98226,7,2,4639.5,"0.042274528267937206,0.042274528267937206,0.0053220512539897905,0.0466714623207151,0.028448921449009967,0.04422872118028293,0.04652429962996906,0.04532795469347741",0.037634,0.64387,14.173537,11,44
2005737633285_Node0_Node8_Zero,"[0, 1, 2, 3, 4, 5, 6, 7, 8]",2005.737633,2005.886065,2.980598,7,2,4639.5,"0.042274528267937206,0.042274528267937206,0.0053220512539897905,0.042274528267937206,0.02667338616052565,0.04422872118028293,0.04371026183619121,0.045689294733934696",0.036556,1.664145,14.286524,11,44
2005745830485_Node0_Node8_Zero,"[0, 1, 2, 3, 4, 5, 6, 7, 8]",2005.74583,2005.886065,2.978186,7,3,4639.5,"0.042274528267937206,0.042274528267937206,0.006306125141108773,0.042274528267937206,0.02667338616052565,0.0466714623207151,0.04508856606171505,0.04422872118028293",0.036974,0.399616,13.829819,11,44
2005754022353_Node0_Node8_Zero,"[0, 1, 2, 3, 4, 5, 6, 7, 8]",2005.754022,2005.886065,2.99675,7,2,4639.5,"0.042274528267937206,0.042274528267937206,0.0053220512539897905,0.0466714623207151,0.02667338616052565,0.042274528267937206,0.04560889571997355,0.04337376178113168",0.036809,1.664145,13.562483,11,44
2005762221967_Node0_Node8_Zero,"[0, 1, 2, 3, 4, 5, 6, 7, 8]",2005.762222,2005.886065,2.969069,7,3,4639.5,"0.042274528267937206,0.042274528267937206,0.006306125141108773,0.042274528267937206,0.02667338616052565,0.04422872118028293,0.04652429962996906,0.04337376178113168",0.036741,1.971854,13.562483,11,44
2005770417428_Node0_Node8_Zero,"[0, 1, 2, 3, 4, 5, 6, 7, 8]",2005.770417,2005.892781,2.990375,7,3,4639.5,"0.042274528267937206,0.042274528267937206,0.006306125141108773,0.042274528267937206,0.02667338616052565,0.04422872118028293,0.04371026183619121,0.04422872118028293",0.036496,0.753651,13.829819,11,44
2005778613890_Node0_Node8_Zero,"[0, 1, 2, 3, 4, 5, 6, 7, 8]",2005.778614,2005.892781,2.961741,7,4,4639.5,"0.042274528267937206,0.042274528267937206,0.006306125141108773,0.042274528267937206,0.02667338616052565,0.04422872118028293,0.04371026183619121,0.045689294733934696",0.036679,0.782906,14.286524,11,44
2005786806765_Node0_Node8_Zero,"[0, 1, 2, 3, 4, 5, 6, 7, 8]",2005.786807,2005.892781,2.989461,7,3,4639.5,"0.042274528267937206,0.042274528267937206,0.006306125141108773,0.0466714623207151,0.028448921449009967,0.04748447741174399,0.042274528267937206,0.04422872118028293",0.037495,0.442372,13.829819,11,44
2005795004071_Node0_Node8_Zero,"[0, 1, 2, 3, 4, 5, 6, 7, 8]",2005.795004,2005.892781,2.972279,7,4,4639.5,"0.042274528267937206,0.042274528267937206,0.0053220512539897905,0.0466714623207151,0.028448921449009967,0.04422872118028293,0.042274528267937206,0.044590061220740225",0.037011,0.674084,13.942806,11,44
2005803201448_Node0_Node8_Zero,"[0, 1, 2, 3, 4, 5, 6, 7, 8]",2005.803201,2005.897127,inf,2,3,4639.5,"0.042274528267937206,0.042274528267937206,0.006306125141108773",0.030285,0.442372,inf,11,44
2005811403091_Node0_Node8_Zero,"[0, 1, 2, 3, 4, 5, 6, 7, 8]",2005.811403,2005.897127,inf,2,2,4639.5,"0.042274528267937206,0.042274528267937206,0.02007173615790435",0.034874,6.276204,inf,11,44
2005819595765_Node0_Node8_Zero,"[0, 1, 2, 3, 4, 5, 6, 7, 8]",2005.819596,2005.897127,2.964074,7,2,4639.5,"0.042274528267937206,0.042274528267937206,0.006306125141108773,0.042274528267937206,0.02667338616052565,0.04422872118028293,0.04371026183619121,0.042274528267937206",0.036252,1.971854,13.218765,11,44
2005827792060_Node0_Node8_Zero,"[0, 1, 2, 3, 4, 5, 6, 7, 8]",2005.827792,2005.897127,2.970095,7,4,4639.5,"0.042274528267937206,0.042274528267937206,0.006306125141108773,0.042274528267937206,0.02667338616052565,0.04422872118028293,0.04371026183619121,0.045689294733934696",0.036679,0.211109,14.286524,11,44
2005835990013_Node0_Node8_Zero,"[0, 1, 2, 3, 4, 5, 6, 7, 8]",2005.83599,2005.899063,2.970536,6,8,4639.5,"0.042274528267937206,0.042274528267937206,0.0053220512539897905,0.0466714623207151,0.02667338616052565,0.0466714623207151,0.04508856606171505,0.04422872118028293",0.037401,0.337255,13.829819,11,44
2005844184474_Node0_Node8_Zero,"[0, 1, 2, 3, 4, 5, 6, 7, 8]",2005.844184,2005.899063,2.962342,7,3,4639.5,"0.042274528267937206,0.042274528267937206,0.006306125141108773,0.0466714623207151,0.028448921449009967,0.04748447741174399,0.04560889571997355,0.04422872118028293",0.037912,0.442372,13.829819,11,44
2005852383926_Node0_Node8_Zero,"[0, 1, 2, 3, 4, 5, 6, 7, 8]",2005.852384,2005.899063,2.97124,6,7,4639.5,"0.042274528267937206,0.042274528267937206,0.0053220512539897905,0.042274528267937206,0.012945467990141929,0.02790639677752865,0.02757927151179316,0.028134386605665588",0.028589,0.329671,8.797303,11,44
2005860578032_Node0_Node8_Zero,"[0, 1, 2, 3, 4, 5, 6, 7, 8]",2005.860578,2005.899063,2.980398,6,8,4639.5,"0.042274528267937206,0.042274528267937206,0.0053220512539897905,0.042274528267937206,0.012582408690597686,0.0294476600487824,0.028448921449009967,0.028599965249592837",0.028903,1.664145,8.942884,11,44
2005868775079_Node0_Node8_Zero,"[0, 1, 2, 3, 4, 5, 6, 7, 8]",2005.868775,2005.905559,2.954849,6,10,4639.5,"0.042274528267937206,0.042274528267937206,0.02007173615790435,0.042274528267937206,0.012945467990141929,0.02790639677752865,0.02757927151179316,0.028134386605665588",0.030433,1.271935,8.797303,11,44
2005876971239_Node0_Node8_Zero,"[0, 1, 2, 3, 4, 5, 6, 7, 8]",2005.876971,2005.905559,inf,2,2,4639.5,"0.042274528267937206,0.042274528267937206,0.0053220512539897905",0.029957,1.664145,inf,11,44
2005885170459_Node0_Node8_Zero,"[0, 1, 2, 3, 4, 5, 6, 7, 8]",2005.88517,2005.905559,inf,3,2,4639.5,"0.042274528267937206,0.042274528267937206,0.02007173615790435,0.042274528267937206",0.036724,6.276204,inf,11,44
2005893370099_Node0_Node8_Zero,"[0, 1, 2, 3, 4, 5, 6, 7, 8]",2005.89337,2005.905559,inf,3,4,4639.5,"0.042274528267937206,0.042274528267937206,0.0053220512539897905,0.0466714623207151,0.011325774463787621",0.029574,1.664145,inf,11,44
2005901569929_Node0_Node8_Zero,"[0, 1, 2, 3, 4, 5, 6, 7, 8]",2005.90157,2005.907676,inf,2,3,2343.0,"0.042274528267937206,0.042274528267937206,0.0053220512539897905",0.029957,13.218765,inf,11,44
2005909768154_Node0_Node8_Zero,"[0, 1, 2, 3, 4, 5, 6, 7, 8]",2005.909768,2005.912405,inf,2,2,2343.0,"0.042274528267937206,0.042274528267937206,0.02007173615790435",0.034874,0.477077,inf,11,44
2005917966721_Node0_Node8_Zero,"[0, 1, 2, 3, 4, 5, 6, 7, 8]",2005.917967,2005.918097,inf,3,6,2343.0,"0.042274528267937206,0.042274528267937206,0.02007173615790435,0.042274528267937206,0.012945467990141929",0.031968,4.961729,inf,11,44
2005926159854_Node0_Node8_Zero,"[0, 1, 2, 3, 4, 5, 6, 7, 8]",2005.92616,2005.92627,2.979572,6,8,2343.0,"0.042274528267937206,0.042274528267937206,0.006306125141108773,0.0466714623207151,0.011325774463787621,0.02790639677752865,0.02667338616052565,0.02790639677752865",0.028917,0.434191,8.726013,11,44
2005934355302_Node0_Node8_Zero,"[0, 1, 2, 3, 4, 5, 6, 7, 8]",2005.934355,2005.935708,2.985149,6,8,2343.0,"0.042274528267937206,0.042274528267937206,0.0053220512539897905,0.0466714623207151,0.012945467990141929,0.02996063716209051,0.02877722680152716,0.034038275700235245",0.030283,1.664145,10.643382,11,44
2005942553892_Node0_Node8_Zero,"[0, 1, 2, 3, 4, 5, 6, 7, 8]",2005.942554,2005.943984,inf,2,7,2343.0,"0.042274528267937206,0.042274528267937206,0.006306125141108773",0.030285,0.390628,inf,11,44
2005950752736_Node0_Node8_Zero,"[0, 1, 2, 3, 4, 5, 6, 7, 8]",2005.950753,2005.959222,inf,2,9,2327.5,"0.06431135473107726,0.06431135473107726,0.006306125141108773",0.044976,0.345145,inf,11,44
2005958952055_Node0_Node8_Zero,"[0, 1, 2, 3, 4, 5, 6, 7, 8]",2005.958952,2005.959222,2.989396,6,15,2327.5,"0.06431135473107726,0.06431135473107726,0.0053220512539897905,0.0466714623207151,0.03887421801350612,0.02790639677752865,0.02877722680152716,0.028134386605665588",0.038039,0.385182,8.797303,11,44
2005967147370_Node0_Node8_Zero,"[0, 1, 2, 3, 4, 5, 6, 7, 8]",2005.967147,2005.975694,3.003585,6,8,2327.5,"0.055336182337366445,0.042274528267937206,0.006306125141108773,0.042274528267937206,0.010618917711206962,0.02667338616052565,0.02968311215279467,0.03685901709962814",0.031253,0.341847,11.525396,11,44
2005975349083_Node0_Node8_Zero,"[0, 1, 2, 3, 4, 5, 6, 7, 8]",2005.975349,2005.975694,inf,2,6,2327.5,"0.055336182337366445,0.042274528267937206,0.006306125141108773",0.034639,0.149888,inf,11,44
2005983546163_Node0_Node8_Zero,"[0, 1, 2, 3, 4, 5, 6, 7, 8]",2005.983546,2005.984702,2.987186,6,7,2343.0,"0.05637809720434683,0.06431135473107726,0.02007173615790435,0.042274528267937206,0.012945467990141929,0.0294476600487824,0.033369690677095075,0.03685901709962814",0.036957,1.452685,11.525396,11,44
2005991738881_Node0_Node8_Zero,"[0, 1, 2, 3, 4, 5, 6, 7, 8]",2005.991739,2005.99228,2.98064,6,6,2343.0,"0.055336182337366445,0.06108331012791532,0.006306125141108773,0.042274528267937206,0.011325774463787621,0.02996063716209051,0.02667338616052565,0.028827955077729776",0.032723,1.07153,9.014174,11,44
2005999938908_Node0_Node8_Zero,"[0, 1, 2, 3, 4, 5, 6, 7, 8]",2005.999939,2006.000511,2.981915,6,7,2343.0,"0.042274528267937206,0.051047589379111115,0.006306125141108773,0.042274528267937206,0.010618917711206962,0.02996063716209051,0.02757927151179316,0.028134386605665588",0.029774,0.149888,8.797303,11,44
2006008136164_Node0_Node8_Zero,"[0, 1, 2, 3, 4, 5, 6, 7, 8]",2006.008136,2006.010127,2.98269,6,9,2343.0,"0.042274528267937206,0.05787108135446862,0.006306125141108773,0.042274528267937206,0.010618917711206962,0.02790639677752865,0.02667338616052565,0.028134386605665588",0.030257,0.390628,8.797303,11,33
2006016332474_Node0_Node8_Zero,"[0, 1, 2, 3, 4, 5, 6, 7, 8]",2006.016332,2006.019461,inf,2,4,2343.0,"0.032208805629788256,0.05787108135446862,0.011492273908638056",0.033857,3.593504,inf,11,33
2006024527785_Node0_Node8_Zero,"[0, 1, 2, 3, 4, 5, 6, 7, 8]",2006.024528,2006.024638,inf,2,3,2343.0,"0.02667338616052565,0.04788928737908851,0.006306125141108773",0.026956,1.971854,inf,11,33
2006032722394_Node0_Node8_Zero,"[0, 1, 2, 3, 4, 5, 6, 7, 8]",2006.032722,2006.033567,inf,2,3,2343.0,"0.02667338616052565,0.04788928737908851,0.0053220512539897905",0.026628,1.664145,inf,11,33
2006040919918_Node0_Node8_Zero,"[0, 1, 2, 3, 4, 5, 6, 7, 8]",2006.04092,2006.041308,inf,2,3,2343.0,"0.035572123908659596,0.04788928737908851,0.006306125141108773",0.029923,1.971854,inf,11,33
2006049111913_Node0_Node8_Zero,"[0, 1, 2, 3, 4, 5, 6, 7, 8]",2006.049112,2006.051197,inf,2,3,2343.0,"0.029133572591309033,0.04788928737908851,0.0053220512539897905",0.027448,1.664145,inf,11,33
2006057308227_Node0_Node8_Zero,"[0, 1, 2, 3, 4, 5, 6, 7, 8]",2006.057308,2006.058471,inf,2,0,2343.0,"0.03671341859075397,0.042274528267937206,0.0053220512539897905",0.028103,1.664145,inf,11,33
2006065505836_Node0_Node8_Zero,"[0, 1, 2, 3, 4, 5, 6, 7, 8]",2006.065506,2006.067073,inf,3,1,2343.0,"0.04057766389198493,0.042274528267937206,0.006306125141108773,0.042274528267937206",0.032858,1.971854,inf,11,33
2006073699397_Node0_Node8_Zero,"[0, 1, 2, 3, 4, 5, 6, 7, 8]",2006.073699,2006.073849,2.999461,6,3,2343.0,"0.029133572591309033,0.05883689930915156,0.0053220512539897905,0.042274528267937206,0.012719592588805385,0.02790639677752865,0.02757927151179316,0.028134386605665588",0.028988,0.334349,8.797303,11,33
2006081896603_Node0_Node8_Zero,"[0, 1, 2, 3, 4, 5, 6, 7, 8]",2006.081897,2006.081947,inf,2,5,2343.0,"0.02667338616052565,0.042274528267937206,0.0053220512539897905",0.024757,0.385182,inf,11,33
2006090094014_Node0_Node8_Zero,"[0, 1, 2, 3, 4, 5, 6, 7, 8]",2006.090094,2006.090164,2.990915,6,7,2343.0,"0.029230156975943066,0.042274528267937206,0.02007173615790435,0.042274528267937206,0.010618917711206962,0.0294476600487824,0.028448921449009967,0.03132359763036553",0.029211,2.018804,9.794533,11,33
2006098293181_Node0_Node8_Zero,"[0, 1, 2, 3, 4, 5, 6, 7, 8]",2006.098293,2006.098383,inf,2,3,2343.0,"0.02667338616052565,0.042274528267937206,0.010421596452877902",0.026457,0.632097,inf,11,33
2006106492332_Node0_Node8_Zero,"[0, 1, 2, 3, 4, 5, 6, 7, 8]",2006.106492,2006.106702,inf,2,6,2343.0,"0.02667338616052565,0.042274528267937206,0.01855741919907902",0.029168,1.343087,inf,11,33
2006114687324_Node0_Node8_Zero,"[0, 1, 2, 3, 4, 5, 6, 7, 8]",2006.114687,2006.123031,2.983738,6,8,2327.5,"0.02667338616052565,0.06431135473107726,0.02007173615790435,0.0466714623207151,0.013289265443178346,0.02790639677752865,0.02757927151179316,0.03132359763036553",0.032228,1.204942,9.794533,11,33
2006122881129_Node0_Node8_Zero,"[0, 1, 2, 3, 4, 5, 6, 7, 8]",2006.122881,2006.123031,inf,3,3,2327.5,"0.02667338616052565,0.06431135473107726,0.0053220512539897905,0.042274528267937206,0.010618917711206962",0.02984,0.322796,inf,11,33
2006131077323_Node0_Node8_Zero,"[0, 1, 2, 3, 4, 5, 6, 7, 8]",2006.131077,2006.132226,2.982981,6,8,2343.0,"0.02667338616052565,0.042274528267937206,0.006306125141108773,0.042274528267937206,0.013289265443178346,0.02667338616052565,0.02877722680152716,0.035061802437199245",0.027666,0.341887,10.963428,11,33
2006139274183_Node0_Node8_Zero,"[0, 1, 2, 3, 4, 5, 6, 7, 8]",2006.139274,2006.141275,inf,2,1,2343.0,"0.02667338616052565,0.042274528267937206,0.0053220512539897905",0.024757,0.322796,inf,11,33
2006147473723_Node0_Node8_Zero,"[0, 1, 2, 3, 4, 5, 6, 7, 8]",2006.147474,2006.147644,inf,2,0,2343.0,"0.02667338616052565,0.042274528267937206,0.006306125141108773",0.025085,1.971854,inf,11,33
2006155670873_Node0_Node8_Zero,"[0, 1, 2, 3, 4, 5, 6, 7, 8]",2006.155671,2006.155961,inf,3,9,2343.0,"0.02667338616052565,0.042274528267937206,0.006306125141108773,0.042274528267937206",0.029382,1.971854,inf,11,33
2006163867834_Node0_Node8_Zero,"[0, 1, 2, 3, 4, 5, 6, 7, 8]",2006.163868,2006.172244,2.996733,6,5,2327.5,"0.02667338616052565,0.042274528267937206,0.0053220512539897905,0.0466714623207151,0.011325774463787621,0.02667338616052565,0.02667338616052565,0.03097276130831027",0.027073,0.366435,9.684831,11,33
2006172064275_Node0_Node8_Zero,"[0, 1, 2, 3, 4, 5, 6, 7, 8]",2006.172064,2006.172244,inf,2,3,2327.5,"0.02667338616052565,0.042274528267937206,0.0053220512539897905",0.024757,8.340465,inf,11,33
2006180262550_Node0_Node8_Zero,"[0, 1, 2, 3, 4, 5, 6, 7, 8]",2006.180263,2006.181723,inf,2,3,2343.0,"0.04057766389198493,0.042274528267937206,0.006306125141108773",0.029719,0.399616,inf,11,33
2006188462464_Node0_Node8_Zero,"[0, 1, 2, 3, 4, 5, 6, 7, 8]",2006.188462,2006.189497,2.983934,6,10,2343.0,"0.04057766389198493,0.042274528267937206,0.02007173615790435,0.0466714623207151,0.012582408690597686,0.0294476600487824,0.028448921449009967,0.02790639677752865",0.030998,1.381985,8.726013,11,33
2006196656325_Node0_Node8_Zero,"[0, 1, 2, 3, 4, 5, 6, 7, 8]",2006.196656,2006.196806,inf,2,2,2343.0,"0.04057766389198493,0.042274528267937206,0.0053220512539897905",0.029391,0.337255,inf,11,33
2006204855352_Node0_Node8_Zero,"[0, 1, 2, 3, 4, 5, 6, 7, 8]",2006.204855,2006.204905,2.988441,6,6,2343.0,"0.03285306515228533,0.042274528267937206,0.02007173615790435,0.042274528267937206,0.011325774463787621,0.02790639677752865,0.02757927151179316,0.02667338616052565",0.02887,3.205102,8.340465,11,33
2006213057032_Node0_Node8_Zero,"[0, 1, 2, 3, 4, 5, 6, 7, 8]",2006.213057,2006.214489,inf,2,3,2343.0,"0.03787638390527668,0.042274528267937206,0.0053220512539897905",0.028491,0.337255,inf,11,33
2006221254171_Node0_Node8_Zero,"[0, 1, 2, 3, 4, 5, 6, 7, 8]",2006.221254,2006.222942,inf,3,14,2343.0,"0.03675402400065841,0.042274528267937206,0.02007173615790435,0.0466714623207151,0.012582408690597686,0.02667338616052565",0.030838,2.317944,inf,11,33
2006229447157_Node0_Node8_Zero,"[0, 1, 2, 3, 4, 5, 6, 7, 8]",2006.229447,2006.231011,inf,2,3,2343.0,"0.02667338616052565,0.042274528267937206,0.0053220512539897905",0.024757,0.337255,inf,11,33
2006237641640_Node0_Node8_Zero,"[0, 1, 2, 3, 4, 5, 6, 7, 8]",2006.237642,2006.23856,inf,4,6,2343.0,"0.02667338616052565,0.042274528267937206,0.0053220512539897905,0.042274528267937206,0.011325774463787621,0.04943867032408972",0.029551,0.337255,inf,11,33
2006245842981_Node0_Node8_Zero,"[0, 1, 2, 3, 4, 5, 6, 7, 8]",2006.245843,2006.246093,inf,2,3,2343.0,"0.02667338616052565,0.042274528267937206,0.0053220512539897905",0.024757,0.366435,inf,11,33
2006254039088_Node0_Node8_Zero,"[0, 1, 2, 3, 4, 5, 6, 7, 8]",2006.254039,2006.25443,3.000472,4,6,2343.0,"0.02667338616052565,0.042274528267937206,0.02007173615790435,0.042274528267937206,0.006306125141108773,0.0466714623207151,0.02757927151179316,0.03201716610242972",0.030484,0.204895,10.011404,11,33
2006262233748_Node0_Node8_Zero,"[0, 1, 2, 3, 4, 5, 6, 7, 8]",2006.262234,2006.262504,inf,2,4,2343.0,"0.02667338616052565,0.042274528267937206,0.006306125141108773",0.025085,0.639151,inf,11,33
2006270428140_Node0_Node8_Zero,"[0, 1, 2, 3, 4, 5, 6, 7, 8]",2006.270428,2006.272446,inf,2,4,2343.0,"0.02667338616052565,0.046326742690977314,0.0053220512539897905",0.026107,0.342084,inf,11,33
2006278625953_Node0_Node8_Zero,"[0, 1, 2, 3, 4, 5, 6, 7, 8]",2006.278626,2006.280059,inf,2,8,2343.0,"0.04057766389198493,0.046326742690977314,0.006306125141108773",0.03107,0.434191,inf,11,33
2006286822980_Node0_Node8_Zero,"[0, 1, 2, 3, 4, 5, 6, 7, 8]",2006.286823,2006.303327,3.019395,4,19,3483.5,"0.035572123908659596,0.06431135473107726,0.010421596452877902,0.0466714623207151,0.006306125141108773,0.04422872118028293,0.013306109190438183,0.012418474987955562",0.029154,0.382093,3.883116,11,33
2006295023207_Node0_Node8_Zero,"[0, 1, 2, 3, 4, 5, 6, 7, 8]",2006.295023,2006.303327,inf,2,3,3483.5,"0.035572123908659596,0.06431135473107726,0.0053220512539897905",0.035069,0.559969,inf,11,33
2006303217352_Node0_Node8_Zero,"[0, 1, 2, 3, 4, 5, 6, 7, 8]",2006.303217,2006.303327,inf,2,4,3483.5,"0.035572123908659596,0.06431135473107726,0.006613685195166747",0.035499,0.678812,inf,11,33
2006311409375_Node0_Node8_Zero,"[0, 1, 2, 3, 4, 5, 6, 7, 8]",2006.311409,2006.311519,3.002526,4,15,2343.0,"0.04057766389198493,0.06431135473107726,0.0077824173738477624,0.042274528267937206,0.006544954715002098,0.050884567920151356,0.012719592588805385,0.011385906375031465",0.02956,0.411176,3.560244,11,33
2006319602306_Node0_Node8_Zero,"[0, 1, 2, 3, 4, 5, 6, 7, 8]",2006.319602,2006.320194,inf,4,8,2343.0,"0.04057766389198493,0.05637809720434683,0.0053220512539897905,0.0466714623207151,0.005676317853352623,0.04870414991773787,0.01303358057898626",0.030909,0.356605,inf,11,33
2006327794067_Node0_Node8_Zero,"[0, 1, 2, 3, 4, 5, 6, 7, 8]",2006.327794,2006.329092,inf,2,7,2343.0,"0.04057766389198493,0.042274528267937206,0.0077824173738477624",0.030212,0.48887,inf,11,33
2006335989518_Node0_Node8_Zero,"[0, 1, 2, 3, 4, 5, 6, 7, 8]",2006.33599,2006.33768,inf,3,9,2343.0,"0.04057766389198493,0.05888442067931647,0.015816357876940253,0.09064404493390074,0.0053220512539897905",0.042249,0.358372,inf,11,33
2006344187080_Node0_Node8_Zero,"[0, 1, 2, 3, 4, 5, 6, 7, 8]",2006.344187,2006.344591,3.003119,4,18,2343.0,"0.04057766389198493,0.05888442067931647,0.015816357876940253,0.042274528267937206,0.0053220512539897905,0.04422872118028293,0.011652551926582351,0.010895033630183782",0.028706,0.898718,3.406753,11,33
2006352383893_Node0_Node8_Zero,"[0, 1, 2, 3, 4, 5, 6, 7, 8]",2006.352384,2006.354745,inf,2,1,2343.0,"0.04057766389198493,0.042274528267937206,0.01856572118582002",0.033806,5.80529,inf,11,33
2006360583909_Node0_Node8_Zero,"[0, 1, 2, 3, 4, 5, 6, 7, 8]",2006.360584,2006.361652,inf,2,1,2343.0,"0.04057766389198493,0.042274528267937206,0.0053220512539897905",0.029391,1.664145,inf,11,33
2006368781734_Node0_Node8_Zero,"[0, 1, 2, 3, 4, 5, 6, 7, 8]",2006.368782,2006.370102,inf,2,1,2343.0,"0.02667338616052565,0.042274528267937206,0.0053220512539897905",0.024757,1.664145,inf,11,33
2006376975394_Node0_Node8_Zero,"[0, 1, 2, 3, 4, 5, 6, 7, 8]",2006.376975,2006.382347,inf,2,2,2343.0,"0.02667338616052565,0.042274528267937206,0.0053220512539897905",0.024757,1.664145,inf,11,33
2006385167729_Node0_Node8_Zero,"[0, 1, 2, 3, 4, 5, 6, 7, 8]",2006.385168,2006.39466,inf,2,3,2327.5,"0.02667338616052565,0.042274528267937206,0.0053220512539897905",0.024757,1.664145,inf,11,33
2006393364617_Node0_Node8_Zero,"[0, 1, 2, 3, 4, 5, 6, 7, 8]",2006.393365,2006.39466,inf,2,2,2327.5,"0.02667338616052565,0.042274528267937206,0.006306125141108773",0.025085,1.971854,inf,11,33
2006401561343_Node0_Node8_Zero,"[0, 1, 2, 3, 4, 5, 6, 7, 8]",2006.401561,2006.402465,inf,1,10,2343.0,"0.03883963288335992,0.042274528267937206,0.006306125141108773",0.02914,1.971854,inf,11,22
2006409762443_Node0_Node8_Zero,"[0, 1, 2, 3, 4, 5, 6, 7, 8]",2006.409762,2006.411825,inf,1,10,2343.0,"0.010618917711206962,0.042274528267937206,0.0053220512539897905",0.019405,0.672955,inf,11,22
2006417960338_Node0_Node8_Zero,"[0, 1, 2, 3, 4, 5, 6, 7, 8]",2006.41796,2006.443048,inf,1,6,2343.0,"0.016154337180469575,0.042274528267937206,0.0053220512539897905",0.02125,1.664145,inf,11,22
2006426156613_Node0_Node8_Zero,"[0, 1, 2, 3, 4, 5, 6, 7, 8]",2006.426157,2006.443841,inf,1,6,2327.5,"0.04004848965369483,0.06431135473107726,0.006306125141108773",0.036889,0.710598,inf,11,22
2006434356580_Node0_Node8_Zero,"[0, 1, 2, 3, 4, 5, 6, 7, 8]",2006.434357,2006.443841,inf,3,8,2327.5,"0.04004848965369483,0.06431135473107726,0.0053220512539897905,0.042274528267937206,0.005676317853352623,0.04943867032408972,0.011686415664083879",0.031251,0.316469,inf,11,22
2006442550982_Node0_Node8_Zero,"[0, 1, 2, 3, 4, 5, 6, 7, 8]",2006.442551,2006.461093,inf,1,10,2343.0,"0.010618917711206962,0.042274528267937206,0.0053220512539897905",0.019405,0.41013,inf,11,22
2006450743009_Node0_Node8_Zero,"[0, 1, 2, 3, 4, 5, 6, 7, 8]",2006.450743,2006.470631,inf,2,10,2327.5,"0.010618917711206962,0.042274528267937206,0.014768267228057292,0.042274528267937206,0.006306125141108773",0.023248,0.399667,inf,11,22
2006458943916_Node0_Node8_Zero,"[0, 1, 2, 3, 4, 5, 6, 7, 8]",2006.458944,2006.470631,3.026452,3,25,2327.5,"0.010618917711206962,0.042274528267937206,0.014768267228057292,0.042274528267937206,0.0064880853232065095,0.05447566913949287,0.012580388752328957,0.010895033630183782",0.024297,0.41013,3.406753,11,22
2006467144237_Node0_Node8_Zero,"[0, 1, 2, 3, 4, 5, 6, 7, 8]",2006.467144,2006.471009,inf,2,10,2343.0,"0.04004848965369483,0.042274528267937206,0.008467001829476201,0.0466714623207151,0.0053220512539897905",0.028557,0.75693,inf,11,22
2006475339013_Node0_Node8_Zero,"[0, 1, 2, 3, 4, 5, 6, 7, 8]",2006.475339,2006.479611,inf,3,10,2343.0,"0.0137427903926988,0.042274528267937206,0.015816357876940253,0.04860611330393737,0.010209046788478173,0.0466714623207151",0.029553,1.344259,inf,11,22
2006483534869_Node0_Node8_Zero,"[0, 1, 2, 3, 4, 5, 6, 7, 8]",2006.483535,2006.486325,3.002898,3,11,2343.0,"0.04004848965369483,0.042274528267937206,0.0053220512539897905,0.0466714623207151,0.00798791100657971,0.04862565523306083,0.012719592588805385,0.011981050378652791",0.026954,0.358003,3.746338,11,22
2006491726797_Node0_Node8_Zero,"[0, 1, 2, 3, 4, 5, 6, 7, 8]",2006.491727,2006.500105,inf,0,2,2343.0,0.010618917711206962,0.010618917711206962,0.768541,inf,22,22
2006499926590_Node0_Node8_Zero,"[0, 1, 2, 3, 4, 5, 6, 7, 8]",2006.499927,2006.54774,inf,1,7,2343.0,"0.014518055982839817,0.06462721045432596,0.0053220512539897905",0.028156,1.664145,inf,11,22
2006508121532_Node0_Node8_Zero,"[0, 1, 2, 3, 4, 5, 6, 7, 8]",2006.508122,2006.550202,inf,1,9,2327.5,"0.026215470797738376,0.042274528267937206,0.0053220512539897905",0.024604,0.475779,inf,11,22
2006516320277_Node0_Node8_Zero,"[0, 1, 2, 3, 4, 5, 6, 7, 8]",2006.51632,2006.550202,3.003753,3,29,2327.5,"0.026215470797738376,0.042274528267937206,0.017103239891296272,0.042274528267937206,0.006660391740471606,0.05447566913949287,0.012890511882553302,0.011399861041196412",0.026662,0.413983,3.564607,11,22
2006524516050_Node0_Node8_Zero,"[0, 1, 2, 3, 4, 5, 6, 7, 8]",2006.524516,2006.567584,inf,2,6,2327.5,"0.010618917711206962,0.06462721045432596,0.017103239891296272,0.042274528267937206,0.006306125141108773",0.028186,1.799546,inf,11,22
2006532712637_Node0_Node8_Zero,"[0, 1, 2, 3, 4, 5, 6, 7, 8]",2006.532713,2006.567584,inf,1,4,2327.5,"0.010618917711206962,0.06462721045432596,0.0053220512539897905",0.026856,0.539846,inf,11,22
2006540907908_Node0_Node8_Zero,"[0, 1, 2, 3, 4, 5, 6, 7, 8]",2006.540908,2006.580141,inf,0,6,2327.5,0.016753859189987466,0.016753859189987466,1.216984,inf,22,22
2006549102919_Node0_Node8_Zero,"[0, 1, 2, 3, 4, 5, 6, 7, 8]",2006.549103,2006.580141,3.001918,3,20,2327.5,"0.016753859189987466,0.06462721045432596,0.007705571353633309,0.042274528267937206,0.0053220512539897905,0.05835895298413737,0.012890511882553302,0.012127664179770795",0.027508,0.78162,3.792183,11,22
2006557304494_Node0_Node8_Zero,"[0, 1, 2, 3, 4, 5, 6, 7, 8]",2006.557304,2006.581964,inf,1,8,2327.5,"0.010618917711206962,0.06462721045432596,0.0053220512539897905",0.026856,0.476564,inf,11,22
2006565499898_Node0_Node8_Zero,"[0, 1, 2, 3, 4, 5, 6, 7, 8]",2006.5655,2006.581964,inf,0,6,2327.5,0.010618917711206962,0.010618917711206962,0.476564,inf,22,22
2006573701038_Node0_Node8_Zero,"[0, 1, 2, 3, 4, 5, 6, 7, 8]",2006.573701,2006.655514,inf,0,2,2327.5,0.010618917711206962,0.010618917711206962,0.998161,inf,22,22
2006581901939_Node0_Node8_Zero,"[0, 1, 2, 3, 4, 5, 6, 7, 8]",2006.581902,2006.655514,inf,1,4,2327.5,"0.010618917711206962,0.06674500540879923,0.0053220512539897905",0.027562,0.539846,inf,11,22
2006590097821_Node0_Node8_Zero,"[0, 1, 2, 3, 4, 5, 6, 7, 8]",2006.590098,2006.67788,inf,2,9,2327.5,"0.010618917711206962,0.042274528267937206,0.015816357876940253,0.05353067944304861",0.03056,1.031489,inf,11,22
2006598295710_Node0_Node8_Zero,"[0, 1, 2, 3, 4, 5, 6, 7, 8]",2006.598296,2006.67788,inf,2,8,2327.5,"0.010618917711206962,0.042274528267937206,0.0065834382356425815,0.042274528267937206,0.006697820434031504",0.02169,0.772693,inf,11,22
2006606492724_Node0_Node8_Zero,"[0, 1, 2, 3, 4, 5, 6, 7, 8]",2006.606493,2006.679982,3.002449,3,31,2327.5,"0.01939197882238088,0.06462721045432596,0.007705571353633309,0.042274528267937206,0.006306125141108773,0.0466714623207151,0.01145647581162355,0.011723381387114245",0.02627,0.391963,3.665768,11,22
2006614690859_Node0_Node8_Zero,"[0, 1, 2, 3, 4, 5, 6, 7, 8]",2006.614691,2006.679982,3.000687,3,19,2327.5,"0.01939197882238088,0.06462721045432596,0.006507740113514903,0.042274528267937206,0.006306125141108773,0.0466714623207151,0.010618917711206962,0.012418474987955562",0.026102,0.430319,3.883116,11,22
2006622886320_Node0_Node8_Zero,"[0, 1, 2, 3, 4, 5, 6, 7, 8]",2006.622886,2006.690947,inf,3,11,2327.5,"0.016233676822358274,0.042274528267937206,0.0053220512539897905,0.042274528267937206,0.006306125141108773,0.04422872118028293,0.011325774463787621",0.023995,0.290495,inf,11,22
2006631085387_Node0_Node8_Zero,"[0, 1, 2, 3, 4, 5, 6, 7, 8]",2006.631085,2006.690947,inf,2,13,2327.5,"0.016233676822358274,0.042274528267937206,0.0053220512539897905,0.05353067944304861,0.006306125141108773",0.024733,0.381806,inf,11,22
2006639282179_Node0_Node8_Zero,"[0, 1, 2, 3, 4, 5, 6, 7, 8]",2006.639282,2006.700539,inf,3,19,2327.5,"0.010618917711206962,0.042274528267937206,0.006306125141108773,0.05353067944304861,0.011195443771278278,0.0466714623207151,0.006921278250054719,0.012942262675570023",0.023808,0.282938,inf,11,22
2006647483415_Node0_Node8_Zero,"[0, 1, 2, 3, 4, 5, 6, 7, 8]",2006.647483,2006.700539,inf,2,13,2327.5,"0.010618917711206962,0.042274528267937206,0.0053220512539897905,0.053003047356715266,0.005676317853352623",0.023379,0.358003,inf,11,22
2006655683827_Node0_Node8_Zero,"[0, 1, 2, 3, 4, 5, 6, 7, 8]",2006.655684,2006.703789,2.990043,4,20,2327.5,"0.010618917711206962,0.042274528267937206,0.0053220512539897905,0.05353067944304861,0.006306125141108773,0.0466714623207151,0.007681924143823521,0.03411574504823787",0.025815,0.358003,10.667606,11,22
2006663884601_Node0_Node8_Zero,"[0, 1, 2, 3, 4, 5, 6, 7, 8]",2006.663885,2006.703789,inf,1,10,2327.5,"0.010618917711206962,0.042274528267937206,0.007440410913938043",0.020111,0.406123,inf,11,22
2006672077443_Node0_Node8_Zero,"[0, 1, 2, 3, 4, 5, 6, 7, 8]",2006.672077,2006.705711,inf,1,10,2327.5,"0.010618917711206962,0.042274528267937206,0.0053220512539897905",0.019405,0.290495,inf,11,22
2006680274245_Node0_Node8_Zero,"[0, 1, 2, 3, 4, 5, 6, 7, 8]",2006.680274,2006.705711,3.002548,4,20,2327.5,"0.010618917711206962,0.042274528267937206,0.0179347175368885,0.05398859813997517,0.01908996079543197,0.042274528267937206,0.006012972854627199,0.02996063716209051",0.027769,0.771348,9.368351,11,22
2006688468255_Node0_Node8_Zero,"[0, 1, 2, 3, 4, 5, 6, 7, 8]",2006.688468,2006.720194,inf,2,12,2327.5,"0.010618917711206962,0.042274528267937206,0.006306125141108773,0.042274528267937206",0.025369,0.282938,inf,11,22
2006696663664_Node0_Node8_Zero,"[0, 1, 2, 3, 4, 5, 6, 7, 8]",2006.696664,2006.720194,3.000784,4,21,2327.5,"0.010618917711206962,0.042274528267937206,0.017910550204166903,0.042274528267937206,0.0064880853232065095,0.0485417959902312,0.005676317853352623,0.02667338616052565",0.025057,0.657593,8.340465,11,22
2006704857540_Node0_Node8_Zero,"[0, 1, 2, 3, 4, 5, 6, 7, 8]",2006.704858,2006.72894,inf,1,8,2327.5,"0.01939197882238088,0.042274528267937206,0.010379528235781877",0.024015,1.0921,inf,11,22
2006713050368_Node0_Node8_Zero,"[0, 1, 2, 3, 4, 5, 6, 7, 8]",2006.71305,2006.72894,2.993753,4,22,2327.5,"0.01939197882238088,0.042274528267937206,0.007585904095935141,0.042274528267937206,0.015122533827420126,0.05534157313863546,0.005502799518970827,0.030749057667290934",0.02728,0.340358,9.614881,11,22
2006721249396_Node0_Node8_Zero,"[0, 1, 2, 3, 4, 5, 6, 7, 8]",2006.721249,2006.729739,inf,2,12,2343.0,"0.026215470797738376,0.042274528267937206,0.0053220512539897905,0.042274528267937206,0.015463581446606478",0.02631,0.320148,inf,11,22
2006729445836_Node0_Node8_Zero,"[0, 1, 2, 3, 4, 5, 6, 7, 8]",2006.729446,2006.741369,inf,1,5,2343.0,"0.010618917711206962,0.042274528267937206",0.026447,0.768541,inf,22,22
2006737643954_Node0_Node8_Zero,"[0, 1, 2, 3, 4, 5, 6, 7, 8]",2006.737644,2006.835629,2.986506,4,21,2343.0,"0.04004848965369483,0.042274528267937206,0.0067424774378034786,0.042274528267937206,0.014768267228057292,0.0466714623207151,0.005676317853352623,0.03437177465591683",0.029103,0.302516,10.747664,11,22
2006745836183_Node0_Node8_Zero,"[0, 1, 2, 3, 4, 5, 6, 7, 8]",2006.745836,2006.83727,inf,1,5,2343.0,"0.04004848965369483,0.042274528267937206,0.0053220512539897905",0.029215,1.340694,inf,11,11
2006754034928_Node0_Node8_Zero,"[0, 1, 2, 3, 4, 5, 6, 7, 8]",2006.754035,2006.844606,inf,1,4,2343.0,"0.02121261655422204,0.042274528267937206",0.031744,0.939025,inf,11,11
2006762231151_Node0_Node8_Zero,"[0, 1, 2, 3, 4, 5, 6, 7, 8]",2006.762231,2006.850087,inf,1,7,2343.0,"0.007605398193505636,0.042274528267937206,0.0053220512539897905",0.018401,0.298533,inf,11,11
2006770428689_Node0_Node8_Zero,"[0, 1, 2, 3, 4, 5, 6, 7, 8]",2006.770429,2006.852107,inf,1,6,2343.0,"0.01417701993682015,0.042274528267937206",0.028226,0.609245,inf,11,11
2006778622472_Node0_Node8_Zero,"[0, 1, 2, 3, 4, 5, 6, 7, 8]",2006.778622,2006.875589,inf,0,5,2343.0,0.010618917711206962,0.010618917711206962,0.714312,inf,11,11
2006786815857_Node0_Node8_Zero,"[0, 1, 2, 3, 4, 5, 6, 7, 8]",2006.786816,2006.880678,inf,3,10,2343.0,"0.0053220512539897905,0.042274528267937206,0.006306125141108773,0.0610330062101304,0.005676317853352623,0.04422872118028293",0.027473,0.442372,inf,11,11
2006795014091_Node0_Node8_Zero,"[0, 1, 2, 3, 4, 5, 6, 7, 8]",2006.795014,2006.891708,inf,0,7,2343.0,0.0053220512539897905,0.0053220512539897905,0.296224,inf,11,11
2006803214726_Node0_Node8_Zero,"[0, 1, 2, 3, 4, 5, 6, 7, 8]",2006.803215,2006.923213,inf,1,5,2343.0,"0.0053220512539897905,0.042274528267937206,0.014768267228057292",0.020788,0.203086,inf,11,11
2006811412544_Node0_Node8_Zero,"[0, 1, 2, 3, 4, 5, 6, 7, 8]",2006.811413,2006.935779,inf,1,8,2343.0,"0.0053220512539897905,0.042274528267937206,0.014768267228057292",0.020788,0.385182,inf,11,11
2006819605057_Node0_Node8_Zero,"[0, 1, 2, 3, 4, 5, 6, 7, 8]",2006.819605,2006.938685,2.983104,4,18,2343.0,"0.0053220512539897905,0.042274528267937206,0.014768267228057292,0.042274528267937206,0.005676317853352623,0.04943867032408972,0.005502799518970827,0.03473422739990507",0.024999,0.385182,10.860999,11,11
2006827803055_Node0_Node8_Zero,"[0, 1, 2, 3, 4, 5, 6, 7, 8]",2006.827803,2006.941552,inf,1,9,2343.0,"0.0053220512539897905,0.042274528267937206,0.0053220512539897905",0.01764,0.203086,inf,11,11
2006835999574_Node0_Node8_Zero,"[0, 1, 2, 3, 4, 5, 6, 7, 8]",2006.836,2006.949094,inf,2,12,2343.0,"0.0053220512539897905,0.042274528267937206,0.006306125141108773,0.051047589379111115,0.006374879769154621",0.022265,0.159345,inf,11,11
2006844191463_Node0_Node8_Zero,"[0, 1, 2, 3, 4, 5, 6, 7, 8]",2006.844191,2006.953081,2.993368,4,18,2343.0,"0.0053220512539897905,0.042274528267937206,0.02007173615790435,0.0466714623207151,0.0053220512539897905,0.042274528267937206,0.0053220512539897905,0.02667338616052565",0.024241,0.228711,8.340465,11,11
2006852383900_Node0_Node8_Zero,"[0, 1, 2, 3, 4, 5, 6, 7, 8]",2006.852384,2006.953819,inf,3,13,2343.0,"0.02007173615790435,0.042274528267937206,0.01578576237311259,0.042274528267937206,0.0053220512539897905,0.042274528267937206,0.006306125141108773",0.024901,0.624645,inf,11,11
2006860575684_Node0_Node8_Zero,"[0, 1, 2, 3, 4, 5, 6, 7, 8]",2006.860576,2006.96172,inf,2,6,2343.0,"0.0053220512539897905,0.042274528267937206,0.014178716238060633,0.042274528267937206",0.026012,0.154044,inf,11,11
2006868771363_Node0_Node8_Zero,"[0, 1, 2, 3, 4, 5, 6, 7, 8]",2006.868771,2006.974711,inf,2,8,2343.0,"0.0053220512539897905,0.042274528267937206,0.0053220512539897905,0.0466714623207151,0.0053220512539897905",0.020982,0.1668,inf,11,11
2006876967020_Node0_Node8_Zero,"[0, 1, 2, 3, 4, 5, 6, 7, 8]",2006.876967,2006.976509,2.99204,4,15,2343.0,"0.02007173615790435,0.042274528267937206,0.0053220512539897905,0.0466714623207151,0.015816357876940253,0.042274528267937206,0.0053220512539897905,0.03312342304434897",0.02636,0.932784,10.357318,11,11
2006885168193_Node0_Node8_Zero,"[0, 1, 2, 3, 4, 5, 6, 7, 8]",2006.885168,2006.98668,inf,1,7,2343.0,"0.0053220512539897905,0.042274528267937206,0.006306125141108773",0.017968,0.265851,inf,11,11
2006893363744_Node0_Node8_Zero,"[0, 1, 2, 3, 4, 5, 6, 7, 8]",2006.893364,2006.993801,inf,3,18,2343.0,"0.0053220512539897905,0.042274528267937206,0.02007173615790435,0.0466714623207151,0.015344750307277347,0.0466714623207151,0.006739117651441124",0.026156,0.123063,inf,11,11
2006901558781_Node0_Node8_Zero,"[0, 1, 2, 3, 4, 5, 6, 7, 8]",2006.901559,2006.99582,inf,0,6,2343.0,0.0053220512539897905,0.0053220512539897905,0.235593,inf,11,11
2006909758067_Node0_Node8_Zero,"[0, 1, 2, 3, 4, 5, 6, 7, 8]",2006.909758,2006.9978,inf,0,7,2343.0,0.0053220512539897905,0.0053220512539897905,0.275159,inf,11,11
2006917953462_Node0_Node8_Zero,"[0, 1, 2, 3, 4, 5, 6, 7, 8]",2006.917953,2007.054561,inf,0,2,2343.0,0.0053220512539897905,0.0053220512539897905,0.1668,inf,11,11
2006926151307_Node0_Node8_Zero,"[0, 1, 2, 3, 4, 5, 6, 7, 8]",2006.926151,2007.110582,2.978972,4,23,2343.0,"0.008231659801325328,0.042274528267937206,0.006846884187210308,0.042274528267937206,0.0053220512539897905,0.0553162959651883,0.005741823518907809,0.03132359763036553",0.024666,0.190343,9.794533,11,11
2006934352431_Node0_Node8_Zero,"[0, 1, 2, 3, 4, 5, 6, 7, 8]",2006.934352,2007.111586,inf,3,13,2343.0,"0.02007173615790435,0.042274528267937206,0.006306125141108773,0.042274528267937206,0.014877278153862626,0.04943867032408972,0.0053220512539897905",0.025795,0.331649,inf,11,11
2006942549808_Node0_Node8_Zero,"[0, 1, 2, 3, 4, 5, 6, 7, 8]",2006.94255,2007.125208,inf,1,5,2343.0,"0.0053220512539897905,0.042274528267937206,0.006306125141108773",0.017968,1.664145,inf,11,11
2006950743208_Node0_Node8_Zero,"[0, 1, 2, 3, 4, 5, 6, 7, 8]",2006.950743,2007.130063,inf,2,12,2343.0,"0.0053220512539897905,0.042274528267937206,0.01524040811582428,0.06124948220991604,0.006306125141108773",0.026079,0.123063,inf,11,11
2006958939442_Node0_Node8_Zero,"[0, 1, 2, 3, 4, 5, 6, 7, 8]",2006.958939,2007.132082,inf,2,10,2343.0,"0.0053220512539897905,0.042274528267937206,0.02007173615790435,0.042274528267937206,0.006588074374625912",0.023306,0.337255,inf,11,11
2006967135531_Node0_Node8_Zero,"[0, 1, 2, 3, 4, 5, 6, 7, 8]",2006.967136,2007.134561,inf,0,6,2343.0,0.0053220512539897905,0.0053220512539897905,0.159345,inf,11,11
2006975330203_Node0_Node8_Zero,"[0, 1, 2, 3, 4, 5, 6, 7, 8]",2006.97533,2007.158264,inf,2,5,2343.0,"0.01313882290337272,0.042274528267937206,0.0053220512539897905,0.0466714623207151,0.006842351922569343",0.02285,0.559969,inf,11,11
2006983528789_Node0_Node8_Zero,"[0, 1, 2, 3, 4, 5, 6, 7, 8]",2006.983529,2007.163686,2.999537,4,14,2343.0,"0.0053220512539897905,0.042274528267937206,0.0053220512539897905,0.05986226447904879,0.006306125141108773,0.05486573910463557,0.005857066118333662,0.028259669436150124",0.026009,0.507429,8.836478,11,11
2006991724139_Node0_Node8_Zero,"[0, 1, 2, 3, 4, 5, 6, 7, 8]",2006.991724,2007.167593,inf,2,11,2343.0,"0.0053220512539897905,0.042274528267937206,0.006383743131753439,0.0466714623207151,0.016053132436603144",0.023341,0.331602,inf,11,11
2006999920959_Node0_Node8_Zero,"[0, 1, 2, 3, 4, 5, 6, 7, 8]",2006.999921,2007.168491,2.995315,4,15,2343.0,"0.02007173615790435,0.042274528267937206,0.006306125141108773,0.042274528267937206,0.006660391740471606,0.0466714623207151,0.005676317853352623,0.030654205634154698",0.025074,0.329605,9.585222,11,11
2007008115021_Node0_Node8_Zero,"[0, 1, 2, 3, 4, 5, 6, 7, 8]",2007.008115,2007.174718,inf,2,11,2343.0,"0.0053220512539897905,0.042274528267937206,0.0053220512539897905,0.042274528267937206,0.006306125141108773",0.0203,0.555369,inf,11,11
2007016314833_Node0_Node8_Zero,"[0, 1, 2, 3, 4, 5, 6, 7, 8]",2007.016315,2007.324204,inf,2,8,2343.0,"0.0053220512539897905,0.042274528267937206,0.0053220512539897905,0.042274528267937206,0.0064880853232065095",0.020336,0.27817,inf,11,11
2007024506995_Node0_Node8_Zero,"[0, 1, 2, 3, 4, 5, 6, 7, 8]",2007.024507,2007.324403,inf,3,15,2343.0,"0.014178716238060633,0.042274528267937206,0.006306125141108773,0.042274528267937206,0.01593430129727401,0.047548603285375496,0.0064880853232065095",0.025001,0.329605,inf,11,11
2007032708188_Node0_Node8_Zero,"[0, 1, 2, 3, 4, 5, 6, 7, 8]",2007.032708,2007.331625,inf,3,11,2343.0,"0.014178716238060633,0.042274528267937206,0.0053220512539897905,0.042274528267937206,0.0064880853232065095,0.042274528267937206,0.005741823518907809",0.022651,0.276453,inf,11,11
2007040908008_Node0_Node8_Zero,"[0, 1, 2, 3, 4, 5, 6, 7, 8]",2007.040908,2007.335492,inf,3,17,2343.0,"0.0053220512539897905,0.042274528267937206,0.0053220512539897905,0.042274528267937206,0.03216205353966171,0.042274528267937206,0.0053220512539897905",0.024993,0.15051,inf,11,11
2007049103630_Node0_Node8_Zero,"[0, 1, 2, 3, 4, 5, 6, 7, 8]",2007.049104,2007.337371,inf,1,12,2343.0,"0.0053220512539897905,0.042274528267937206,0.0053220512539897905",0.01764,0.276453,inf,11,11
2007057295872_Node0_Node8_Zero,"[0, 1, 2, 3, 4, 5, 6, 7, 8]",2007.057296,2007.339251,inf,3,26,2343.0,"0.0053220512539897905,0.042274528267937206,0.006306125141108773,0.042274528267937206,0.03216205353966171,0.042274528267937206,0.005676317853352623,0.03014530892288143",0.025804,0.458071,inf,11,11
2007065494646_Node0_Node8_Zero,"[0, 1, 2, 3, 4, 5, 6, 7, 8]",2007.065495,2007.360947,3.001253,4,13,2343.0,"0.0053220512539897905,0.042274528267937206,0.0053220512539897905,0.0610330062101304,0.028290336525723474,0.042274528267937206,0.0053220512539897905,0.04422872118028293",0.029258,0.294437,13.829819,11,11
2007073687321_Node0_Node8_Zero,"[0, 1, 2, 3, 4, 5, 6, 7, 8]",2007.073687,2007.392443,inf,1,6,2343.0,"0.0053220512539897905,0.042274528267937206,0.01689935868755074",0.021499,0.410606,inf,11,11
2007081881334_Node0_Node8_Zero,"[0, 1, 2, 3, 4, 5, 6, 7, 8]",2007.081881,2007.392802,inf,1,5,2343.0,"0.02007173615790435,0.042274528267937206",0.031173,1.452685,inf,11,11
2007090074527_Node0_Node8_Zero,"[0, 1, 2, 3, 4, 5, 6, 7, 8]",2007.090075,2007.402152,inf,1,7,2343.0,"0.0053220512539897905,0.042274528267937206,0.0053220512539897905",0.01764,0.228711,inf,11,11
2007098275557_Node0_Node8_Zero,"[0, 1, 2, 3, 4, 5, 6, 7, 8]",2007.098276,2007.408454,inf,1,7,2343.0,"0.0053220512539897905,0.042274528267937206,0.0053220512539897905",0.01764,0.252127,inf,11,11
2007106473442_Node0_Node8_Zero,"[0, 1, 2, 3, 4, 5, 6, 7, 8]",2007.106473,2007.415355,inf,1,6,2343.0,"0.0053220512539897905,0.042274528267937206,0.0053220512539897905",0.01764,0.420797,inf,11,11
2007114666566_Node0_Node8_Zero,"[0, 1, 2, 3, 4, 5, 6, 7, 8]",2007.114667,2007.418261,inf,1,6,2343.0,"0.0053220512539897905,0.042274528267937206,0.006306125141108773",0.017968,0.224502,inf,11,11
2007122861735_Node0_Node8_Zero,"[0, 1, 2, 3, 4, 5, 6, 7, 8]",2007.122862,2007.424904,inf,1,5,2343.0,"0.0053220512539897905,0.042274528267937206,0.0053220512539897905",0.01764,0.228711,inf,11,11
2007131062523_Node0_Node8_Zero,"[0, 1, 2, 3, 4, 5, 6, 7, 8]",2007.131063,2007.435925,inf,1,5,2343.0,"0.0053220512539897905,0.042274528267937206,0.0053220512539897905",0.01764,0.549872,inf,11,11
2007139256375_Node0_Node8_Zero,"[0, 1, 2, 3, 4, 5, 6, 7, 8]",2007.139256,2007.438752,inf,1,6,2343.0,"0.0053220512539897905,0.042274528267937206,0.0053220512539897905",0.01764,0.559969,inf,11,11
2007147452249_Node0_Node8_Zero,"[0, 1, 2, 3, 4, 5, 6, 7, 8]",2007.147452,2007.440691,inf,3,11,2343.0,"0.0053220512539897905,0.042274528267937206,0.0053220512539897905,0.0466714623207151,0.028290336525723474,0.0466714623207151,0.0053220512539897905",0.025696,0.169016,inf,11,11
2007155646824_Node0_Node8_Zero,"[0, 1, 2, 3, 4, 5, 6, 7, 8]",2007.155647,2007.448227,inf,1,9,2343.0,"0.0053220512539897905,0.042274528267937206,0.0053220512539897905",0.01764,0.385182,inf,11,11
2007163846768_Node0_Node8_Zero,"[0, 1, 2, 3, 4, 5, 6, 7, 8]",2007.163847,2007.451014,2.991493,4,17,2343.0,"0.0053220512539897905,0.042274528267937206,0.02007173615790435,0.042274528267937206,0.012582408690597686,0.0466714623207151,0.00665814242872962,0.051047589379111115",0.028363,0.476789,15.962002,11,11
2007172039415_Node0_Node8_Zero,"[0, 1, 2, 3, 4, 5, 6, 7, 8]",2007.172039,2007.452893,inf,3,12,2343.0,"0.0053220512539897905,0.042274528267937206,0.0053220512539897905,0.042274528267937206,0.03272671370369722,0.042274528267937206,0.00665814242872962",0.025265,0.148144,inf,11,11
2007180231970_Node0_Node8_Zero,"[0, 1, 2, 3, 4, 5, 6, 7, 8]",2007.180232,2007.462538,inf,1,8,2343.0,"0.0053220512539897905,0.042274528267937206,0.006553175079774041",0.01805,0.182414,inf,11,11
2007188426259_Node0_Node8_Zero,"[0, 1, 2, 3, 4, 5, 6, 7, 8]",2007.188426,2007.464457,inf,1,8,2343.0,"0.0053220512539897905,0.042274528267937206,0.006553175079774041",0.01805,0.123063,inf,11,11
2007196620823_Node0_Node8_Zero,"[0, 1, 2, 3, 4, 5, 6, 7, 8]",2007.196621,2007.470161,2.98778,4,19,2343.0,"0.0053220512539897905,0.042274528267937206,0.0053220512539897905,0.06867456734619162,0.012582408690597686,0.04422872118028293,0.005758268595715014,0.05266977224387273",0.029604,0.113237,16.46924,11,11
2007204818283_Node0_Node8_Zero,"[0, 1, 2, 3, 4, 5, 6, 7, 8]",2007.204818,2007.472041,inf,1,8,2343.0,"0.0053220512539897905,0.042274528267937206,0.006306125141108773",0.017968,0.386589,inf,11,11
2007213015548_Node0_Node8_Zero,"[0, 1, 2, 3, 4, 5, 6, 7, 8]",2007.213016,2007.475715,inf,2,8,2343.0,"0.0053220512539897905,0.042274528267937206,0.006386783908680475,0.042274528267937206,0.012582408690597686",0.021768,0.157728,inf,11,11
2007221214131_Node0_Node8_Zero,"[0, 1, 2, 3, 4, 5, 6, 7, 8]",2007.221214,2007.479681,2.993113,4,15,2343.0,"0.0053220512539897905,0.042274528267937206,0.0053220512539897905,0.042274528267937206,0.029738759130448038,0.0466714623207151,0.005803590840397696,0.04468077497303135",0.027761,0.178165,13.971171,11,11
2007229408967_Node0_Node8_Zero,"[0, 1, 2, 3, 4, 5, 6, 7, 8]",2007.229409,2007.483138,inf,3,13,2343.0,"0.0053220512539897905,0.042274528267937206,0.0053220512539897905,0.042274528267937206,0.012582408690597686,0.042274528267937206,0.005803533230372638",0.022265,0.123063,inf,11,11
2007237602319_Node0_Node8_Zero,"[0, 1, 2, 3, 4, 5, 6, 7, 8]",2007.237602,2007.485077,inf,1,9,2343.0,"0.0053220512539897905,0.042274528267937206,0.0053220512539897905",0.01764,0.123063,inf,11,11
2007245800303_Node0_Node8_Zero,"[0, 1, 2, 3, 4, 5, 6, 7, 8]",2007.2458,2007.488631,inf,2,14,2343.0,"0.0053220512539897905,0.042274528267937206,0.02007173615790435,0.042274528267937206,0.010618917711206962",0.024112,0.148005,inf,11,11
2007253999771_Node0_Node8_Zero,"[0, 1, 2, 3, 4, 5, 6, 7, 8]",2007.254,2007.499691,2.984451,4,23,2343.0,"0.0053220512539897905,0.042274528267937206,0.02007173615790435,0.042274528267937206,0.04004848965369483,0.042274528267937206,0.0053220512539897905,0.06003987122757663",0.032203,0.386589,18.773786,11,11
2007262193298_Node0_Node8_Zero,"[0, 1, 2, 3, 4, 5, 6, 7, 8]",2007.262193,2007.502477,inf,1,9,2343.0,"0.0053220512539897905,0.042274528267937206,0.009016566089751257",0.018871,0.228711,inf,11,11
2007270393510_Node0_Node8_Zero,"[0, 1, 2, 3, 4, 5, 6, 7, 8]",2007.270394,2007.504477,inf,3,14,2343.0,"0.0053220512539897905,0.042274528267937206,0.0053220512539897905,0.042274528267937206,0.028290336525723474,0.042274528267937206,0.005676317853352623",0.024491,0.153691,inf,11,11
2007278594338_Node0_Node8_Zero,"[0, 1, 2, 3, 4, 5, 6, 7, 8]",2007.278594,2007.514016,inf,2,14,2343.0,"0.0053220512539897905,0.042274528267937206,0.006306125141108773,0.042274528267937206,0.01328477746379688",0.021892,0.178165,inf,11,11
2007286786280_Node0_Node8_Zero,"[0, 1, 2, 3, 4, 5, 6, 7, 8]",2007.286786,2007.515975,inf,3,14,2343.0,"0.0053220512539897905,0.042274528267937206,0.0053220512539897905,0.042274528267937206,0.01328477746379688,0.04422872118028293,0.005676317853352623",0.022626,0.682295,inf,11,11
2007294984470_Node0_Node8_Zero,"[0, 1, 2, 3, 4, 5, 6, 7, 8]",2007.294984,2007.517975,2.980757,4,18,2343.0,"0.0053220512539897905,0.042274528267937206,0.0053220512539897905,0.05986226447904879,0.0321369963882182,0.0466714623207151,0.00665814242872962,0.04337376178113168",0.030203,0.150617,13.562483,11,11
2007303183148_Node0_Node8_Zero,"[0, 1, 2, 3, 4, 5, 6, 7, 8]",2007.303183,2007.519835,inf,3,13,2343.0,"0.0053220512539897905,0.042274528267937206,0.02007173615790435,0.042274528267937206,0.03143013963563754,0.04422872118028293,0.00665814242872962",0.027466,0.228711,inf,11,11
2007311377195_Node0_Node8_Zero,"[0, 1, 2, 3, 4, 5, 6, 7, 8]",2007.311377,2007.521834,inf,1,11,2343.0,"0.0053220512539897905,0.042274528267937206,0.0053220512539897905",0.01764,0.123063,inf,11,11
2007319574161_Node0_Node8_Zero,"[0, 1, 2, 3, 4, 5, 6, 7, 8]",2007.319574,2007.679951,inf,3,6,2343.0,"0.0053220512539897905,0.042274528267937206,0.0053220512539897905,0.042274528267937206,0.012582408690597686,0.042274528267937206",0.025008,0.123063,inf,11,11
2007327770607_Node0_Node8_Zero,"[0, 1, 2, 3, 4, 5, 6, 7, 8]",2007.327771,2007.689703,2.985088,4,23,2343.0,"0.0053220512539897905,0.042274528267937206,0.02007173615790435,0.0654299402629083,0.04004848965369483,0.042274528267937206,0.005502799518970827,0.053250050228638886",0.034272,0.228711,16.650686,11,11
2007335969920_Node0_Node8_Zero,"[0, 1, 2, 3, 4, 5, 6, 7, 8]",2007.33597,2007.691563,inf,1,6,2343.0,"0.0053220512539897905,0.042274528267937206,0.006553175079774041",0.01805,0.189244,inf,11,11
2007344163796_Node0_Node8_Zero,"[0, 1, 2, 3, 4, 5, 6, 7, 8]",2007.344164,2007.693403,inf,1,7,2343.0,"0.0053220512539897905,0.042274528267937206,0.006553175079774041",0.01805,0.324833,inf,11,11
2007352357109_Node0_Node8_Zero,"[0, 1, 2, 3, 4, 5, 6, 7, 8]",2007.352357,2007.695322,inf,1,6,2343.0,"0.0053220512539897905,0.042274528267937206,0.0053220512539897905",0.01764,0.228711,inf,11,11
2007360557159_Node0_Node8_Zero,"[0, 1, 2, 3, 4, 5, 6, 7, 8]",2007.360557,2007.697182,inf,1,7,2343.0,"0.0053220512539897905,0.042274528267937206,0.0053220512539897905",0.01764,0.24463,inf,11,11
2007368756777_Node0_Node8_Zero,"[0, 1, 2, 3, 4, 5, 6, 7, 8]",2007.368757,2007.699082,inf,1,6,2343.0,"0.0053220512539897905,0.042274528267937206",0.023798,0.385182,inf,11,11
2007376958420_Node0_Node8_Zero,"[0, 1, 2, 3, 4, 5, 6, 7, 8]",2007.376958,2007.707298,2.997835,4,13,2343.0,"0.0053220512539897905,0.042274528267937206,0.0053220512539897905,0.06485651574156219,0.011325774463787621,0.042274528267937206,0.005741823518907809,0.04422872118028293",0.027668,0.624645,13.829819,11,11
2007385154865_Node0_Node8_Zero,"[0, 1, 2, 3, 4, 5, 6, 7, 8]",2007.385155,2007.712389,inf,1,7,2343.0,"0.0053220512539897905,0.042274528267937206,0.0053220512539897905",0.01764,0.366435,inf,11,11
2007393347030_Node0_Node8_Zero,"[0, 1, 2, 3, 4, 5, 6, 7, 8]",2007.393347,2007.732552,2.99615,4,16,2343.0,"0.0053220512539897905,0.042274528267937206,0.02007173615790435,0.042274528267937206,0.010618917711206962,0.04422872118028293,0.00665814242872962,0.042274528267937206",0.026715,0.386589,13.218765,11,11
2007401546314_Node0_Node8_Zero,"[0, 1, 2, 3, 4, 5, 6, 7, 8]",2007.401546,2007.733191,2.99826,4,11,2343.0,"0.02007173615790435,0.042274528267937206,0.006383743131753439,0.0466714623207151,0.010618917711206962,0.042274528267937206,0.005746990222549463,0.0496446272516411",0.027961,0.462021,15.523311,11,11
2007409740273_Node0_Node8_Zero,"[0, 1, 2, 3, 4, 5, 6, 7, 8]",2007.40974,2007.739476,inf,1,8,2343.0,"0.0053220512539897905,0.042274528267937206,0.006383743131753439",0.017993,0.306274,inf,11,11
2007417935623_Node0_Node8_Zero,"[0, 1, 2, 3, 4, 5, 6, 7, 8]",2007.417936,2007.746397,2.991245,4,17,2343.0,"0.0053220512539897905,0.042274528267937206,0.02007173615790435,0.0466714623207151,0.012974103983520419,0.047548603285375496,0.005927738487530501,0.042274528267937206",0.027883,0.358003,13.218765,11,11
2007426128989_Node0_Node8_Zero,"[0, 1, 2, 3, 4, 5, 6, 7, 8]",2007.426129,2007.748357,inf,3,13,2343.0,"0.0053220512539897905,0.042274528267937206,0.006553175079774041,0.042274528267937206,0.013036613359263396,0.0466714623207151",0.026022,0.405213,inf,11,11
2007434329726_Node0_Node8_Zero,"[0, 1, 2, 3, 4, 5, 6, 7, 8]",2007.43433,2007.750197,inf,1,9,2343.0,"0.0053220512539897905,0.042274528267937206,0.0053220512539897905",0.01764,0.32782,inf,11,11
2007442529242_Node0_Node8_Zero,"[0, 1, 2, 3, 4, 5, 6, 7, 8]",2007.442529,2007.760206,3.000434,4,13,2343.0,"0.0053220512539897905,0.042274528267937206,0.02007173615790435,0.061863873779967486,0.0053220512539897905,0.0466714623207151,0.005758268595715014,0.04461856160902089",0.028988,0.228711,13.951718,11,11
2007450727651_Node0_Node8_Zero,"[0, 1, 2, 3, 4, 5, 6, 7, 8]",2007.450728,2007.762066,inf,1,9,2343.0,"0.0053220512539897905,0.042274528267937206,0.0053220512539897905",0.01764,0.228711,inf,11,11
2007458920034_Node0_Node8_Zero,"[0, 1, 2, 3, 4, 5, 6, 7, 8]",2007.45892,2007.763906,inf,1,8,2343.0,"0.0053220512539897905,0.042274528267937206,0.02007173615790435",0.022556,0.262153,inf,11,11
2007467120608_Node0_Node8_Zero,"[0, 1, 2, 3, 4, 5, 6, 7, 8]",2007.467121,2007.767772,2.988363,4,20,2343.0,"0.0053220512539897905,0.042274528267937206,0.014178716238060633,0.042274528267937206,0.006502999532624354,0.0466714623207151,0.006265868843349287,0.04748078154439852",0.026371,0.228711,14.846701,11,11
2007475313552_Node0_Node8_Zero,"[0, 1, 2, 3, 4, 5, 6, 7, 8]",2007.475314,2007.776466,inf,2,10,2343.0,"0.0053220512539897905,0.042274528267937206,0.006386783908680475,0.0466714623207151,0.00670231449562976",0.021471,0.429625,inf,11,11
2007483514028_Node0_Node8_Zero,"[0, 1, 2, 3, 4, 5, 6, 7, 8]",2007.483514,2007.778306,3.000277,4,15,2343.0,"0.0053220512539897905,0.042274528267937206,0.014178716238060633,0.042274528267937206,0.005676317853352623,0.04422872118028293,0.005502799518970827,0.042274528267937206",0.025217,0.412322,13.218765,11,11
2007491708583_Node0_Node8_Zero,"[0, 1, 2, 3, 4, 5, 6, 7, 8]",2007.491709,2007.781192,inf,0,6,2343.0,0.0053220512539897905,0.0053220512539897905,0.296224,inf,11,11
2007499906312_Node0_Node8_Zero,"[0, 1, 2, 3, 4, 5, 6, 7, 8]",2007.499906,2007.786007,2.997101,4,16,2343.0,"0.0053220512539897905,0.042274528267937206,0.007464715619588272,0.042274528267937206,0.006306125141108773,0.05447566913949287,0.006371630806663957,0.048918340665831235",0.026676,0.624645,15.29621,11,11
2007508104182_Node0_Node8_Zero,"[0, 1, 2, 3, 4, 5, 6, 7, 8]",2007.508104,2007.787847,inf,1,12,2343.0,"0.0053220512539897905,0.042274528267937206,0.0053220512539897905",0.01764,0.243152,inf,11,11
2007516300630_Node0_Node8_Zero,"[0, 1, 2, 3, 4, 5, 6, 7, 8]",2007.516301,2007.790653,2.990759,4,19,2343.0,"0.0053220512539897905,0.042274528267937206,0.014768267228057292,0.042274528267937206,0.01592536880274558,0.0466714623207151,0.006305112776639207,0.04422872118028293",0.027221,0.228711,13.829819,11,11
2007524494057_Node0_Node8_Zero,"[0, 1, 2, 3, 4, 5, 6, 7, 8]",2007.524494,2007.799475,inf,1,9,2343.0,"0.0053220512539897905,0.042274528267937206,0.0053220512539897905",0.01764,0.316469,inf,11,11
2007532690560_Node0_Node8_Zero,"[0, 1, 2, 3, 4, 5, 6, 7, 8]",2007.532691,2007.80481,inf,1,9,2343.0,"0.0053220512539897905,0.042274528267937206,0.00650019764829599",0.018032,0.228711,inf,11,11
2007540891571_Node0_Node8_Zero,"[0, 1, 2, 3, 4, 5, 6, 7, 8]",2007.540892,2007.806709,inf,2,12,2343.0,"0.0053220512539897905,0.042274528267937206,0.007471972019073245,0.042274528267937206,0.007057922839539363",0.02088,0.296224,inf,11,11
2007549089477_Node0_Node8_Zero,"[0, 1, 2, 3, 4, 5, 6, 7, 8]",2007.549089,2007.810323,2.993117,4,16,2343.0,"0.0053220512539897905,0.042274528267937206,0.02007173615790435,0.06333080084295002,0.015814673155670044,0.05398859813997517,0.005819429049017016,0.055431635001801274",0.032757,0.559969,17.332843,11,11
2007557283488_Node0_Node8_Zero,"[0, 1, 2, 3, 4, 5, 6, 7, 8]",2007.557283,2007.812163,3.001202,4,17,2343.0,"0.0053220512539897905,0.042274528267937206,0.0053220512539897905,0.042274528267937206,0.006521696058078793,0.05637519825900607,0.00665814242872962,0.047662576242510316",0.026551,0.228711,14.903546,11,11
2007565480532_Node0_Node8_Zero,"[0, 1, 2, 3, 4, 5, 6, 7, 8]",2007.565481,2007.821749,inf,1,9,2343.0,"0.0053220512539897905,0.042274528267937206,0.006487898131954262",0.018028,0.341239,inf,11,11
2007573672589_Node0_Node8_Zero,"[0, 1, 2, 3, 4, 5, 6, 7, 8]",2007.573673,2007.823589,inf,3,11,2343.0,"0.0053220512539897905,0.042274528267937206,0.02007173615790435,0.042274528267937206,0.00847790962314738,0.05637519825900607,0.0064581602668865225",0.025893,0.366683,inf,11,11
2007581866084_Node0_Node8_Zero,"[0, 1, 2, 3, 4, 5, 6, 7, 8]",2007.581866,2007.825428,inf,1,9,2343.0,"0.0053220512539897905,0.042274528267937206,0.017067458257795026",0.021555,0.458401,inf,11,11
2007590060941_Node0_Node8_Zero,"[0, 1, 2, 3, 4, 5, 6, 7, 8]",2007.590061,2007.827288,2.98827,4,16,2343.0,"0.0053220512539897905,0.042274528267937206,0.017067458257795026,0.06590287857899745,0.006505090599900654,0.0466714623207151,0.005676317853352623,0.051628049064785825",0.030131,0.228711,16.143505,11,11
2007598253178_Node0_Node8_Zero,"[0, 1, 2, 3, 4, 5, 6, 7, 8]",2007.598253,2007.829148,inf,2,14,2343.0,"0.0053220512539897905,0.042274528267937206,0.006398092782298282,0.05534157313863546,0.006521696058078793",0.023172,0.228711,inf,11,11
2007606448061_Node0_Node8_Zero,"[0, 1, 2, 3, 4, 5, 6, 7, 8]",2007.606448,2007.836362,inf,1,11,2343.0,"0.0053220512539897905,0.042274528267937206,0.0053220512539897905",0.01764,0.262798,inf,11,11
2007614644770_Node0_Node8_Zero,"[0, 1, 2, 3, 4, 5, 6, 7, 8]",2007.614645,2007.838222,2.976306,4,20,2343.0,"0.0053220512539897905,0.042274528267937206,0.02007173615790435,0.06427763329341372,0.017053440258446646,0.0466714623207151,0.007864036638348679,0.042274528267937206",0.030726,0.296224,13.218765,11,11
2007622840997_Node0_Node8_Zero,"[0, 1, 2, 3, 4, 5, 6, 7, 8]",2007.622841,2007.840141,inf,1,10,2343.0,"0.0053220512539897905,0.042274528267937206,0.016175099140561325",0.021257,0.228711,inf,11,11
2007631042112_Node0_Node8_Zero,"[0, 1, 2, 3, 4, 5, 6, 7, 8]",2007.631042,2007.848245,3.000606,4,17,2343.0,"0.0053220512539897905,0.042274528267937206,0.02007173615790435,0.042274528267937206,0.018408948505514555,0.0466714623207151,0.0053220512539897905,0.04422872118028293",0.028072,0.228711,13.829819,11,11
2007639238674_Node0_Node8_Zero,"[0, 1, 2, 3, 4, 5, 6, 7, 8]",2007.639239,2007.85508,inf,2,11,2343.0,"0.0053220512539897905,0.042274528267937206,0.01722467869323549,0.0466714623207151,0.0053220512539897905",0.023363,0.306274,inf,11,11
2007647433033_Node0_Node8_Zero,"[0, 1, 2, 3, 4, 5, 6, 7, 8]",2007.647433,2007.857099,2.980257,4,20,2343.0,"0.0053220512539897905,0.042274528267937206,0.016175099140561325,0.042274528267937206,0.0053220512539897905,0.055637955417361086,0.0053220512539897905,0.0496446272516411",0.027747,0.228711,15.523311,11,11
2007655627789_Node0_Node8_Zero,"[0, 1, 2, 3, 4, 5, 6, 7, 8]",2007.655628,2007.860713,inf,1,9,2343.0,"0.0053220512539897905,0.042274528267937206,0.006371630806663957",0.017989,0.228711,inf,11,11
2007663821047_Node0_Node8_Zero,"[0, 1, 2, 3, 4, 5, 6, 7, 8]",2007.663821,2007.862693,2.991775,4,16,2343.0,"0.0053220512539897905,0.042274528267937206,0.014178716238060633,0.042274528267937206,0.02007173615790435,0.046326742690977314,0.006306125141108773,0.056485572556629254",0.029155,0.228711,17.662397,11,11
2007672016068_Node0_Node8_Zero,"[0, 1, 2, 3, 4, 5, 6, 7, 8]",2007.672016,2007.866246,inf,3,13,2343.0,"0.0053220512539897905,0.042274528267937206,0.014178716238060633,0.042274528267937206,0.0053220512539897905,0.05398859813997517,0.005753935843997291",0.024159,0.1668,inf,11,11
2007680217569_Node0_Node8_Zero,"[0, 1, 2, 3, 4, 5, 6, 7, 8]",2007.680218,2007.868146,inf,2,10,2343.0,"0.0053220512539897905,0.042274528267937206,0.0053220512539897905,0.042274528267937206",0.023798,0.228711,inf,11,11
2007688415420_Node0_Node8_Zero,"[0, 1, 2, 3, 4, 5, 6, 7, 8]",2007.688415,2007.87365,inf,3,11,2343.0,"0.0053220512539897905,0.042274528267937206,0.0064880853232065095,0.042274528267937206,0.015816357876940253,0.047634807967150694",0.026635,0.27882,inf,11,11
2007696616864_Node0_Node8_Zero,"[0, 1, 2, 3, 4, 5, 6, 7, 8]",2007.696617,2007.875509,inf,1,9,2343.0,"0.0053220512539897905,0.042274528267937206,0.0064880853232065095",0.018028,0.228711,inf,11,11
2007704814267_Node0_Node8_Zero,"[0, 1, 2, 3, 4, 5, 6, 7, 8]",2007.704814,2007.88909,inf,1,7,2343.0,"0.0053220512539897905,0.042274528267937206,0.0064880853232065095",0.018028,0.311691,inf,11,11
2007713009593_Node0_Node8_Zero,"[0, 1, 2, 3, 4, 5, 6, 7, 8]",2007.71301,2007.891817,2.979419,4,21,2343.0,"0.0053220512539897905,0.042274528267937206,0.015344750307277347,0.042274528267937206,0.0053220512539897905,0.054951943786410766,0.006660391740471606,0.05753596086395533",0.028711,0.251839,17.990842,11,11
2007721204249_Node0_Node8_Zero,"[0, 1, 2, 3, 4, 5, 6, 7, 8]",2007.721204,2007.893777,inf,2,10,2343.0,"0.0053220512539897905,0.042274528267937206,0.006385982761224109,0.0466714623207151,0.006306125141108773",0.021392,0.251839,inf,11,11
2007729402473_Node0_Node8_Zero,"[0, 1, 2, 3, 4, 5, 6, 7, 8]",2007.729402,2007.901168,inf,3,12,2343.0,"0.0053220512539897905,0.042274528267937206,0.0053220512539897905,0.0466714623207151,0.005676317853352623,0.05398859813997517",0.026543,0.203234,inf,11,11
2007737602748_Node0_Node8_Zero,"[0, 1, 2, 3, 4, 5, 6, 7, 8]",2007.737603,2007.903127,inf,3,13,2343.0,"0.0053220512539897905,0.042274528267937206,0.014178716238060633,0.042274528267937206,0.017617700608713892,0.054951943786410766,0.005747139305276883",0.026052,0.559969,inf,11,11
2007745795847_Node0_Node8_Zero,"[0, 1, 2, 3, 4, 5, 6, 7, 8]",2007.745796,2007.905027,inf,1,9,2343.0,"0.0053220512539897905,0.042274528267937206,0.006553590988761693",0.01805,0.228711,inf,11,11
2007753995268_Node0_Node8_Zero,"[0, 1, 2, 3, 4, 5, 6, 7, 8]",2007.753995,2007.907007,inf,1,11,2343.0,"0.0053220512539897905,0.042274528267937206,0.006553590988761693",0.01805,0.306274,inf,11,11
2007762194563_Node0_Node8_Zero,"[0, 1, 2, 3, 4, 5, 6, 7, 8]",2007.762195,2007.911584,inf,3,15,2343.0,"0.0053220512539897905,0.042274528267937206,0.014768267228057292,0.042274528267937206,0.008052777705793724,0.0476889269670971,0.005758296281029503",0.023734,0.430242,inf,11,11
2007770387064_Node0_Node8_Zero,"[0, 1, 2, 3, 4, 5, 6, 7, 8]",2007.770387,2007.913624,2.979799,4,17,2343.0,"0.0053220512539897905,0.042274528267937206,0.014768267228057292,0.042274528267937206,0.017617700608713892,0.04964311987944284,0.005502799518970827,0.062075213548929295",0.029935,0.228711,19.410214,11,11
2007778582625_Node0_Node8_Zero,"[0, 1, 2, 3, 4, 5, 6, 7, 8]",2007.778583,2007.915563,inf,1,6,2343.0,"0.0053220512539897905,0.042274528267937206,0.0053220512539897905",0.01764,0.228711,inf,11,11
2007786777068_Node0_Node8_Zero,"[0, 1, 2, 3, 4, 5, 6, 7, 8]",2007.786777,2007.917423,inf,1,6,2343.0,"0.0053220512539897905,0.042274528267937206,0.0053220512539897905",0.01764,0.624645,inf,11,11
2007794977609_Node0_Node8_Zero,"[0, 1, 2, 3, 4, 5, 6, 7, 8]",2007.794978,2007.928158,inf,1,6,2343.0,"0.0053220512539897905,0.042274528267937206,0.0053220512539897905",0.01764,0.358003,inf,11,11
2007803173890_Node0_Node8_Zero,"[0, 1, 2, 3, 4, 5, 6, 7, 8]",2007.803174,2007.930018,inf,2,9,2343.0,"0.0053220512539897905,0.042274528267937206,0.0053220512539897905,0.0466714623207151,0.0053220512539897905",0.020982,0.309714,inf,11,11
2007811368309_Node0_Node8_Zero,"[0, 1, 2, 3, 4, 5, 6, 7, 8]",2007.811368,2007.931858,inf,1,8,2343.0,"0.0053220512539897905,0.042274528267937206,0.006306125141108773",0.017968,0.624645,inf,11,11
2007819564475_Node0_Node8_Zero,"[0, 1, 2, 3, 4, 5, 6, 7, 8]",2007.819564,2007.937681,inf,1,8,2343.0,"0.0053220512539897905,0.042274528267937206,0.014178716238060633",0.020592,0.279895,inf,11,11
2007827762635_Node0_Node8_Zero,"[0, 1, 2, 3, 4, 5, 6, 7, 8]",2007.827763,2007.939581,2.988937,4,18,2343.0,"0.0053220512539897905,0.042274528267937206,0.014178716238060633,0.042274528267937206,0.0053220512539897905,0.042274528267937206,0.006265868843349287,0.0489275142735701",0.025855,0.358003,15.299078,11,11
2007835963129_Node0_Node8_Zero,"[0, 1, 2, 3, 4, 5, 6, 7, 8]",2007.835963,2007.941541,2.999904,4,13,2343.0,"0.0053220512539897905,0.042274528267937206,0.0053220512539897905,0.042274528267937206,0.01673343944742427,0.0559427910523209,0.006306125141108773,0.04748078154439852",0.027707,0.386589,14.846701,11,11
2007844158692_Node0_Node8_Zero,"[0, 1, 2, 3, 4, 5, 6, 7, 8]",2007.844159,2007.947505,inf,2,11,2343.0,"0.0053220512539897905,0.042274528267937206,0.0053220512539897905,0.06737822426097911,0.006306125141108773",0.025321,0.267017,inf,11,11
2007852355159_Node0_Node8_Zero,"[0, 1, 2, 3, 4, 5, 6, 7, 8]",2007.852355,2007.950371,inf,2,8,2343.0,"0.0053220512539897905,0.042274528267937206,0.006480641732469291,0.06311432484316437,0.0053220512539897905",0.024503,0.191996,inf,11,11
2007860550425_Node0_Node8_Zero,"[0, 1, 2, 3, 4, 5, 6, 7, 8]",2007.86055,2007.953178,inf,1,8,2343.0,"0.0053220512539897905,0.042274528267937206,0.006306125141108773",0.017968,0.288638,inf,11,11
2007868744910_Node0_Node8_Zero,"[0, 1, 2, 3, 4, 5, 6, 7, 8]",2007.868745,2007.957892,inf,2,10,2343.0,"0.0053220512539897905,0.042274528267937206,0.014178716238060633,0.042274528267937206,0.006306125141108773",0.022071,0.325769,inf,11,11
2007876937580_Node0_Node8_Zero,"[0, 1, 2, 3, 4, 5, 6, 7, 8]",2007.876938,2007.960598,2.989468,4,18,2343.0,"0.0053220512539897905,0.042274528267937206,0.014178716238060633,0.042274528267937206,0.0053220512539897905,0.0466714623207151,0.005676317853352623,0.04642020894627064",0.026017,0.228711,14.515072,11,11
2007885134677_Node0_Node8_Zero,"[0, 1, 2, 3, 4, 5, 6, 7, 8]",2007.885135,2007.96744,inf,3,12,2343.0,"0.0053220512539897905,0.042274528267937206,0.014178716238060633,0.042274528267937206,0.014768267228057292,0.05398859813997517,0.006265868843349287",0.025582,0.559969,inf,11,11
2007893326474_Node0_Node8_Zero,"[0, 1, 2, 3, 4, 5, 6, 7, 8]",2007.893326,2007.970227,inf,1,10,2343.0,"0.0053220512539897905,0.042274528267937206,0.0053220512539897905",0.01764,0.228711,inf,11,11
2007901519812_Node0_Node8_Zero,"[0, 1, 2, 3, 4, 5, 6, 7, 8]",2007.90152,2007.972126,2.997419,4,14,2343.0,"0.0053220512539897905,0.042274528267937206,0.014178716238060633,0.042274528267937206,0.0053220512539897905,0.042274528267937206,0.006265868843349287,0.04860611330393737",0.025815,0.386589,15.19858,11,11
2007909712992_Node0_Node8_Zero,"[0, 1, 2, 3, 4, 5, 6, 7, 8]",2007.909713,2007.975543,inf,2,8,2343.0,"0.0053220512539897905,0.042274528267937206,0.014178716238060633,0.0629812902082012",0.031189,0.278806,inf,11,11
2007917911659_Node0_Node8_Zero,"[0, 1, 2, 3, 4, 5, 6, 7, 8]",2007.917912,2007.980323,inf,2,11,2343.0,"0.0053220512539897905,0.042274528267937206,0.015228295790734798,0.0610330062101304,0.0053220512539897905",0.025836,0.306274,inf,11,11
2007926112251_Node0_Node8_Zero,"[0, 1, 2, 3, 4, 5, 6, 7, 8]",2007.926112,2007.991584,inf,1,10,2343.0,"0.0053220512539897905,0.042274528267937206,0.006480641732469291",0.018026,0.358003,inf,11,11
2007934304746_Node0_Node8_Zero,"[0, 1, 2, 3, 4, 5, 6, 7, 8]",2007.934305,2007.993424,inf,1,10,2343.0,"0.0053220512539897905,0.042274528267937206,0.0053220512539897905",0.01764,0.123063,inf,11,11
2007942496804_Node0_Node8_Zero,"[0, 1, 2, 3, 4, 5, 6, 7, 8]",2007.942497,2007.997383,2.983059,4,18,2343.0,"0.0053220512539897905,0.042274528267937206,0.014178716238060633,0.042274528267937206,0.005676317853352623,0.04422872118028293,0.006306125141108773,0.04786617447372088",0.026016,0.279895,14.967209,11,11
2007950696552_Node0_Node8_Zero,"[0, 1, 2, 3, 4, 5, 6, 7, 8]",2007.950697,2007.999223,inf,2,11,2343.0,"0.0053220512539897905,0.042274528267937206,0.0053220512539897905,0.06311432484316437,0.0053220512539897905",0.024271,0.228711,inf,11,11
2007958891258_Node0_Node8_Zero,"[0, 1, 2, 3, 4, 5, 6, 7, 8]",2007.958891,2008.012201,2.991099,4,18,2343.0,"0.0053220512539897905,0.042274528267937206,0.014178716238060633,0.042274528267937206,0.006374879769154621,0.0466714623207151,0.006371630806663957,0.04934376108989395",0.026601,0.358003,15.429234,11,11
2007967087477_Node0_Node8_Zero,"[0, 1, 2, 3, 4, 5, 6, 7, 8]",2007.967087,2008.016976,inf,3,12,2343.0,"0.0053220512539897905,0.042274528267937206,0.014178716238060633,0.042274528267937206,0.016909442689864565,0.042274528267937206,0.006265868843349287",0.024214,0.386589,inf,11,11
2007975288821_Node0_Node8_Zero,"[0, 1, 2, 3, 4, 5, 6, 7, 8]",2007.975289,2008.019842,inf,3,15,2343.0,"0.0053220512539897905,0.042274528267937206,0.0053220512539897905,0.042274528267937206,0.0065217306706772905,0.047644814840835784,0.006265868843349287",0.022232,0.228711,inf,11,11
2007983485862_Node0_Node8_Zero,"[0, 1, 2, 3, 4, 5, 6, 7, 8]",2007.983486,2008.026344,inf,1,11,2343.0,"0.0053220512539897905,0.042274528267937206,0.0064880853232065095",0.018028,0.228711,inf,11,11
2007991684359_Node0_Node8_Zero,"[0, 1, 2, 3, 4, 5, 6, 7, 8]",2007.991684,2008.028284,inf,1,11,2343.0,"0.0053220512539897905,0.042274528267937206,0.00650019764829599",0.018032,0.323272,inf,11,11
2007999881756_Node0_Node8_Zero,"[0, 1, 2, 3, 4, 5, 6, 7, 8]",2007.999882,2008.030123,2.985452,4,20,2343.0,"0.0053220512539897905,0.042274528267937206,0.00650019764829599,0.06333080084295002,0.006523970300147961,0.047644814840835784,0.0053220512539897905,0.04465687480092098",0.027697,0.228711,13.963698,11,11
2008008078491_Node0_Node8_Zero,"[0, 1, 2, 3, 4, 5, 6, 7, 8]",2008.008078,2008.031983,inf,1,10,2343.0,"0.0053220512539897905,0.042274528267937206,0.006480641732469291",0.018026,0.358003,inf,11,11
2008016279063_Node0_Node8_Zero,"[0, 1, 2, 3, 4, 5, 6, 7, 8]",2008.016279,2008.033963,inf,1,8,2343.0,"0.0053220512539897905,0.042274528267937206,0.0053220512539897905",0.01764,0.559969,inf,11,11
2008024472489_Node0_Node8_Zero,"[0, 1, 2, 3, 4, 5, 6, 7, 8]",2008.024472,2008.035882,2.986246,4,19,2343.0,"0.0053220512539897905,0.042274528267937206,0.007290199028227755,0.042274528267937206,0.014178716238060633,0.047644814840835784,0.005807329184462994,0.04466132230033657",0.026182,0.19004,13.965088,11,11
2008032665746_Node0_Node8_Zero,"[0, 1, 2, 3, 4, 5, 6, 7, 8]",2008.032666,2008.049772,inf,1,9,2343.0,"0.0053220512539897905,0.042274528267937206,0.007290199028227755",0.018296,0.386589,inf,11,11
2008040860489_Node0_Node8_Zero,"[0, 1, 2, 3, 4, 5, 6, 7, 8]",2008.04086,2008.051651,2.987946,4,17,2343.0,"0.0053220512539897905,0.042274528267937206,0.0053220512539897905,0.042274528267937206,0.014986289079667963,0.05564108220763645,0.006399011597851545,0.04860611330393737",0.027603,0.292672,15.19858,11,11
2008049059263_Node0_Node8_Zero,"[0, 1, 2, 3, 4, 5, 6, 7, 8]",2008.049059,2008.053611,inf,2,14,2343.0,"0.0053220512539897905,0.042274528267937206,0.006306125141108773,0.042274528267937206,0.006306125141108773",0.020497,0.228711,inf,11,11
2008057258898_Node0_Node8_Zero,"[0, 1, 2, 3, 4, 5, 6, 7, 8]",2008.057259,2008.057445,2.987929,4,19,2343.0,"0.0053220512539897905,0.042274528267937206,0.01617888380912952,0.042274528267937206,0.006504676907237331,0.0519005323745946,0.005747796489158905,0.0449514012611975",0.026894,0.123063,14.055793,11,11
2008065459739_Node0_Node8_Zero,"[0, 1, 2, 3, 4, 5, 6, 7, 8]",2008.06546,2008.06643,inf,1,8,2343.0,"0.0053220512539897905,0.042274528267937206,0.006395855456842921",0.017997,0.303162,inf,11,11
2008073656125_Node0_Node8_Zero,"[0, 1, 2, 3, 4, 5, 6, 7, 8]",2008.073656,2008.07539,inf,3,14,2343.0,"0.0053220512539897905,0.042274528267937206,0.006395855456842921,0.06146595820970171,0.014887218042441136,0.0466714623207151,0.0053220512539897905",0.026048,0.35365,inf,11,11
2008081857440_Node0_Node8_Zero,"[0, 1, 2, 3, 4, 5, 6, 7, 8]",2008.081857,2008.082641,inf,1,11,2343.0,"0.0053220512539897905,0.042274528267937206,0.0053220512539897905",0.01764,0.292672,inf,11,11
2008090054762_Node0_Node8_Zero,"[0, 1, 2, 3, 4, 5, 6, 7, 8]",2008.090055,2008.093556,inf,1,9,2343.0,"0.0053220512539897905,0.042274528267937206,0.00650526049349053",0.018034,0.357739,inf,11,11
2008098254732_Node0_Node8_Zero,"[0, 1, 2, 3, 4, 5, 6, 7, 8]",2008.098255,2008.100504,2.993492,4,17,2343.0,"0.0053220512539897905,0.042274528267937206,0.006384847563817717,0.061269221032441354,0.006502641492777505,0.04748447741174399,0.0053220512539897905,0.047648515482793266",0.027776,0.353041,14.89915,11,11
2008106452627_Node0_Node8_Zero,"[0, 1, 2, 3, 4, 5, 6, 7, 8]",2008.106453,2008.107731,inf,3,18,2343.0,"0.0053220512539897905,0.042274528267937206,0.006306125141108773,0.05986226447904879,0.006520354313532024,0.042274528267937206",0.027093,0.348688,inf,11,11
2008114651470_Node0_Node8_Zero,"[0, 1, 2, 3, 4, 5, 6, 7, 8]",2008.114651,2008.372299,inf,0,7,2343.0,0.0053220512539897905,0.0053220512539897905,0.296224,inf,11,11
2008122844008_Node0_Node8_Zero,"[0, 1, 2, 3, 4, 5, 6, 7, 8]",2008.122844,2008.375058,inf,0,7,2343.0,0.015816357876940253,0.015816357876940253,0.664861,inf,11,11
2008131038157_Node0_Node8_Zero,"[0, 1, 2, 3, 4, 5, 6, 7, 8]",2008.131038,2009.004385,inf,0,3,2343.0,0.0053220512539897905,0.0053220512539897905,0.337255,inf,11,11
2008139232111_Node0_Node8_Zero,"[0, 1, 2, 3, 4, 5, 6, 7, 8]",2008.139232,2009.007244,inf,0,7,3483.5,0.015816357876940253,0.015816357876940253,1.664145,inf,33,33
2008147430915_Node0_Node8_Zero,"[0, 1, 2, 3, 4, 5, 6, 7, 8]",2008.147431,2009.007244,inf,0,7,3483.5,0.015816357876940253,0.015816357876940253,1.664145,inf,33,33
2008155632614_Node0_Node8_Zero,"[0, 1, 2, 3, 4, 5, 6, 7, 8]",2008.155633,2009.007244,inf,0,7,3483.5,0.015816357876940253,0.015816357876940253,1.856354,inf,33,33
2008163829009_Node0_Node8_Zero,"[0, 1, 2, 3, 4, 5, 6, 7, 8]",2008.163829,2009.739551,inf,0,6,3483.5,0.0053220512539897905,0.0053220512539897905,0.624645,inf,33,33
2008172026645_Node0_Node8_Zero,"[0, 1, 2, 3, 4, 5, 6, 7, 8]",2008.172027,2009.739551,inf,0,6,3483.5,0.0053220512539897905,0.0053220512539897905,1.664145,inf,33,33
2008180222198_Node0_Node8_Zero,"[0, 1, 2, 3, 4, 5, 6, 7, 8]",2008.180222,2009.739551,inf,0,6,3483.5,0.0053220512539897905,0.0053220512539897905,1.664145,inf,33,33
2008188418711_Node0_Node8_Zero,"[0, 1, 2, 3, 4, 5, 6, 7, 8]",2008.188419,2009.741427,inf,0,6,4639.5,0.02667338616052565,0.02667338616052565,8.340465,inf,44,44
2008196613167_Node0_Node8_Zero,"[0, 1, 2, 3, 4, 5, 6, 7, 8]",2008.196613,2009.741427,inf,0,6,4639.5,0.02667338616052565,0.02667338616052565,8.340465,inf,44,44
2008204812695_Node0_Node8_Zero,"[0, 1, 2, 3, 4, 5, 6, 7, 8]",2008.204813,2009.741427,inf,0,6,4639.5,0.02667338616052565,0.02667338616052565,8.340465,inf,44,44
2008213010147_Node0_Node8_Zero,"[0, 1, 2, 3, 4, 5, 6, 7, 8]",2008.21301,2009.741427,inf,0,6,4639.5,0.02667338616052565,0.02667338616052565,8.340465,inf,44,44
2008221207512_Node0_Node8_Zero,"[0, 1, 2, 3, 4, 5, 6, 7, 8]",2008.221208,2009.803993,inf,0,7,4639.5,0.006927684333334652,0.006927684333334652,0.364926,inf,44,44
2008229403190_Node0_Node8_Zero,"[0, 1, 2, 3, 4, 5, 6, 7, 8]",2008.229403,2009.803993,inf,0,7,4639.5,0.006927684333334652,0.006927684333334652,0.364926,inf,44,44
2008237603459_Node0_Node8_Zero,"[0, 1, 2, 3, 4, 5, 6, 7, 8]",2008.237603,2009.803993,inf,0,7,4639.5,0.006927684333334652,0.006927684333334652,2.166208,inf,44,44
2008245797532_Node0_Node8_Zero,"[0, 1, 2, 3, 4, 5, 6, 7, 8]",2008.245798,2009.803993,inf,0,7,4639.5,0.006927684333334652,0.006927684333334652,0.813097,inf,44,44
2008253992736_Node0_Node8_Zero,"[0, 1, 2, 3, 4, 5, 6, 7, 8]",2008.253993,2009.809783,inf,0,6,4639.5,0.015816357876940253,0.015816357876940253,1.490063,inf,44,44
2008262186591_Node0_Node8_Zero,"[0, 1, 2, 3, 4, 5, 6, 7, 8]",2008.262187,2009.809783,inf,0,6,4639.5,0.015816357876940253,0.015816357876940253,1.664145,inf,44,44
2008270388113_Node0_Node8_Zero,"[0, 1, 2, 3, 4, 5, 6, 7, 8]",2008.270388,2009.809783,inf,0,6,4639.5,0.015816357876940253,0.015816357876940253,0.790877,inf,44,44
2008278581658_Node0_Node8_Zero,"[0, 1, 2, 3, 4, 5, 6, 7, 8]",2008.278582,2009.809783,inf,0,6,4639.5,0.015816357876940253,0.015816357876940253,4.945596,inf,44,44
2008286779998_Node0_Node8_Zero,"[0, 1, 2, 3, 4, 5, 6, 7, 8]",2008.28678,2009.835973,inf,0,6,4639.5,0.014532982837423464,0.014532982837423464,1.705725,inf,44,44
2008294972957_Node0_Node8_Zero,"[0, 1, 2, 3, 4, 5, 6, 7, 8]",2008.294973,2009.835973,inf,0,6,4639.5,0.014532982837423464,0.014532982837423464,1.705725,inf,44,44
2008303165022_Node0_Node8_Zero,"[0, 1, 2, 3, 4, 5, 6, 7, 8]",2008.303165,2009.835973,inf,0,6,4639.5,0.014532982837423464,0.014532982837423464,4.544299,inf,44,44
2008311365556_Node0_Node8_Zero,"[0, 1, 2, 3, 4, 5, 6, 7, 8]",2008.311366,2009.835973,inf,0,6,4639.5,0.014532982837423464,0.014532982837423464,4.544299,inf,44,44
2008319565176_Node0_Node8_Zero,"[0, 1, 2, 3, 4, 5, 6, 7, 8]",2008.319565,2009.871663,inf,0,6,4639.5,0.008246574907225428,0.008246574907225428,0.820967,inf,44,44
2008327763359_Node0_Node8_Zero,"[0, 1, 2, 3, 4, 5, 6, 7, 8]",2008.327763,2009.871663,inf,0,6,4639.5,0.008246574907225428,0.008246574907225428,0.820967,inf,44,44
2008335963463_Node0_Node8_Zero,"[0, 1, 2, 3, 4, 5, 6, 7, 8]",2008.335963,2009.871663,inf,0,6,4639.5,0.008246574907225428,0.008246574907225428,0.820967,inf,44,44
2008344161489_Node0_Node8_Zero,"[0, 1, 2, 3, 4, 5, 6, 7, 8]",2008.344161,2009.871663,inf,0,6,4639.5,0.008246574907225428,0.008246574907225428,0.820967,inf,44,44
2008352358923_Node0_Node8_Zero,"[0, 1, 2, 3, 4, 5, 6, 7, 8]",2008.352359,2010.149692,inf,0,1,4639.5,0.005704260329984704,0.005704260329984704,0.412844,inf,44,44
2008360554554_Node0_Node8_Zero,"[0, 1, 2, 3, 4, 5, 6, 7, 8]",2008.360555,2010.149692,inf,0,1,4639.5,0.005704260329984704,0.005704260329984704,0.412844,inf,44,44
2008368750235_Node0_Node8_Zero,"[0, 1, 2, 3, 4, 5, 6, 7, 8]",2008.36875,2010.149692,inf,0,1,4639.5,0.005704260329984704,0.005704260329984704,0.412844,inf,44,44
2008376942863_Node0_Node8_Zero,"[0, 1, 2, 3, 4, 5, 6, 7, 8]",2008.376943,2010.149692,inf,0,1,4639.5,0.005704260329984704,0.005704260329984704,1.783657,inf,44,44
2008385138666_Node0_Node8_Zero,"[0, 1, 2, 3, 4, 5, 6, 7, 8]",2008.385139,2012.278657,inf,1,0,4639.5,0.042274528267937206,0.042274528267937206,13.218765,inf,44,44
2008393333532_Node0_Node8_Zero,"[0, 1, 2, 3, 4, 5, 6, 7, 8]",2008.393334,2012.278657,inf,1,0,4639.5,0.042274528267937206,0.042274528267937206,13.218765,inf,44,44
2008401526025_Node0_Node8_Zero,"[0, 1, 2, 3, 4, 5, 6, 7, 8]",2008.401526,2012.278657,inf,1,0,4639.5,0.042274528267937206,0.042274528267937206,13.218765,inf,44,44
2008409727358_Node0_Node8_Zero,"[0, 1, 2, 3, 4, 5, 6, 7, 8]",2008.409727,2012.278657,inf,1,0,4639.5,0.042274528267937206,0.042274528267937206,13.218765,inf,44,44
2009221153567_Node0_Node8_Zero,"[0, 1, 2, 3, 4, 5, 6, 7, 8]",2009.221154,2012.280574,inf,1,0,3483.5,0.042274528267937206,0.042274528267937206,13.218765,inf,33,33
2009229350124_Node0_Node8_Zero,"[0, 1, 2, 3, 4, 5, 6, 7, 8]",2009.22935,2012.280574,inf,1,0,3483.5,0.042274528267937206,0.042274528267937206,13.218765,inf,33,33
2009237549481_Node0_Node8_Zero,"[0, 1, 2, 3, 4, 5, 6, 7, 8]",2009.237549,2012.280574,inf,1,0,3483.5,0.042274528267937206,0.042274528267937206,13.218765,inf,33,33
2009245744080_Node0_Node8_Zero,"[0, 1, 2, 3, 4, 5, 6, 7, 8]",2009.245744,2012.282621,inf,1,0,3483.5,0.02667338616052565,0.02667338616052565,8.340465,inf,33,33
2009253943215_Node0_Node8_Zero,"[0, 1, 2, 3, 4, 5, 6, 7, 8]",2009.253943,2012.282621,inf,1,0,3483.5,0.02667338616052565,0.02667338616052565,8.340465,inf,33,33
2009262142269_Node0_Node8_Zero,"[0, 1, 2, 3, 4, 5, 6, 7, 8]",2009.262142,2012.282621,inf,1,0,3483.5,0.02667338616052565,0.02667338616052565,8.340465,inf,33,33
2009270342161_Node0_Node8_Zero,"[0, 1, 2, 3, 4, 5, 6, 7, 8]",2009.270342,2012.284627,inf,1,0,3483.5,0.02667338616052565,0.02667338616052565,8.340465,inf,33,33
2009278534331_Node0_Node8_Zero,"[0, 1, 2, 3, 4, 5, 6, 7, 8]",2009.278534,2012.284627,inf,1,0,3483.5,0.02667338616052565,0.02667338616052565,8.340465,inf,33,33
2009286729963_Node0_Node8_Zero,"[0, 1, 2, 3, 4, 5, 6, 7, 8]",2009.28673,2012.284627,inf,2,0,3483.5,"0.02667338616052565,0.042274528267937206",0.034474,8.340465,inf,33,33
2009294921807_Node0_Node8_Zero,"[0, 1, 2, 3, 4, 5, 6, 7, 8]",2009.294922,2012.286734,inf,3,2,3483.5,"0.02667338616052565,0.042274528267937206,0.010618917711206962,0.05986226447904879",0.034857,3.320415,inf,11,33
2009303121906_Node0_Node8_Zero,"[0, 1, 2, 3, 4, 5, 6, 7, 8]",2009.303122,2012.286734,inf,2,2,3483.5,"0.02667338616052565,0.042274528267937206,0.0053220512539897905",0.024757,0.479731,inf,11,33
2009311319025_Node0_Node8_Zero,"[0, 1, 2, 3, 4, 5, 6, 7, 8]",2009.311319,2012.286734,inf,2,1,3483.5,"0.02667338616052565,0.042274528267937206,0.0053220512539897905",0.024757,0.86372,inf,11,33
2009319520608_Node0_Node8_Zero,"[0, 1, 2, 3, 4, 5, 6, 7, 8]",2009.319521,2012.293525,inf,2,2,3483.5,"0.02667338616052565,0.042274528267937206,0.0053220512539897905",0.024757,0.479731,inf,11,33
2009327712706_Node0_Node8_Zero,"[0, 1, 2, 3, 4, 5, 6, 7, 8]",2009.327713,2012.293525,inf,2,1,3483.5,"0.02667338616052565,0.042274528267937206,0.02007173615790435",0.029673,6.276204,inf,11,33
2009335906923_Node0_Node8_Zero,"[0, 1, 2, 3, 4, 5, 6, 7, 8]",2009.335907,2012.293525,inf,2,3,3483.5,"0.02667338616052565,0.042274528267937206,0.0053220512539897905",0.024757,0.479731,inf,11,33
2009344101881_Node0_Node8_Zero,"[0, 1, 2, 3, 4, 5, 6, 7, 8]",2009.344102,2012.299549,inf,2,4,3483.5,"0.02667338616052565,0.042274528267937206,0.0053220512539897905",0.024757,8.340465,inf,11,33
2009352302935_Node0_Node8_Zero,"[0, 1, 2, 3, 4, 5, 6, 7, 8]",2009.352303,2012.299549,inf,2,2,3483.5,"0.02667338616052565,0.042274528267937206,0.02007173615790435",0.029673,6.276204,inf,11,33
2009360504572_Node0_Node8_Zero,"[0, 1, 2, 3, 4, 5, 6, 7, 8]",2009.360505,2012.299549,inf,2,2,3483.5,"0.02667338616052565,0.042274528267937206,0.0053220512539897905",0.024757,0.419499,inf,11,33
2009368698362_Node0_Node8_Zero,"[0, 1, 2, 3, 4, 5, 6, 7, 8]",2009.368698,2012.299849,2.994786,5,7,3483.5,"0.02667338616052565,0.042274528267937206,0.0053220512539897905,0.042274528267937206,0.006524906445538658,0.0476489976258894,0.006524422179211815,0.04766146772964446",0.028113,0.431729,14.9032,11,33
2009376890938_Node0_Node8_Zero,"[0, 1, 2, 3, 4, 5, 6, 7, 8]",2009.376891,2012.299849,inf,3,3,3483.5,"0.02667338616052565,0.042274528267937206,0.02007173615790435,0.042274528267937206,0.016179635801414235",0.029495,1.717931,inf,11,33
2009385091969_Node0_Node8_Zero,"[0, 1, 2, 3, 4, 5, 6, 7, 8]",2009.385092,2012.299849,inf,2,2,3483.5,"0.02667338616052565,0.042274528267937206,0.0053220512539897905",0.024757,8.340465,inf,11,33
2009393284629_Node0_Node8_Zero,"[0, 1, 2, 3, 4, 5, 6, 7, 8]",2009.393285,2012.302455,inf,3,6,3483.5,"0.02667338616052565,0.042274528267937206,0.02007173615790435,0.042274528267937206",0.032824,6.276204,inf,11,33
2009401481349_Node0_Node8_Zero,"[0, 1, 2, 3, 4, 5, 6, 7, 8]",2009.401481,2012.302455,2.996486,5,12,3483.5,"0.02667338616052565,0.042274528267937206,0.02007173615790435,0.042274528267937206,0.0053220512539897905,0.04860611330393737,0.00665814242872962,0.053174435193132266",0.030632,0.322711,16.627042,11,33
2009409679479_Node0_Node8_Zero,"[0, 1, 2, 3, 4, 5, 6, 7, 8]",2009.409679,2012.302455,inf,2,4,3483.5,"0.02667338616052565,0.042274528267937206,0.0053220512539897905",0.024757,0.463439,inf,11,33
2009417873566_Node0_Node8_Zero,"[0, 1, 2, 3, 4, 5, 6, 7, 8]",2009.417874,2012.313935,inf,3,6,3483.5,"0.07106176837263362,0.042274528267937206,0.0053220512539897905,0.042274528267937206",0.040233,0.394046,inf,11,33
2009426072950_Node0_Node8_Zero,"[0, 1, 2, 3, 4, 5, 6, 7, 8]",2009.426073,2012.313935,2.992459,5,12,3483.5,"0.07106176837263362,0.042274528267937206,0.02007173615790435,0.06427763329341372,0.007097586542474109,0.05206867336266611,0.00665814242872962,0.052180668936500106",0.039461,0.720113,16.316303,11,33
2009434271347_Node0_Node8_Zero,"[0, 1, 2, 3, 4, 5, 6, 7, 8]",2009.434271,2012.313935,inf,2,4,3483.5,"0.07106176837263362,0.042274528267937206,0.0053220512539897905",0.039553,0.516922,inf,11,33
2009442470232_Node0_Node8_Zero,"[0, 1, 2, 3, 4, 5, 6, 7, 8]",2009.44247,2012.317941,inf,3,5,3483.5,"0.02667338616052565,0.042274528267937206,0.014178716238060633,0.042274528267937206,0.0053220512539897905",0.026145,0.728431,inf,11,33
2009450664082_Node0_Node8_Zero,"[0, 1, 2, 3, 4, 5, 6, 7, 8]",2009.450664,2012.317941,inf,4,9,3483.5,"0.02667338616052565,0.042274528267937206,0.02007173615790435,0.042274528267937206,0.008510450648255292,0.052884300595360825,0.006265868843349287",0.028422,1.408889,inf,11,33
2009458864862_Node0_Node8_Zero,"[0, 1, 2, 3, 4, 5, 6, 7, 8]",2009.458865,2012.317941,inf,2,3,3483.5,"0.02667338616052565,0.042274528267937206,0.0053220512539897905",0.024757,0.516922,inf,11,33
2009467063624_Node0_Node8_Zero,"[0, 1, 2, 3, 4, 5, 6, 7, 8]",2009.467064,2012.323541,inf,2,3,3483.5,"0.07106176837263362,0.042274528267937206,0.006553175079774041",0.039963,0.535621,inf,11,33
2009475260125_Node0_Node8_Zero,"[0, 1, 2, 3, 4, 5, 6, 7, 8]",2009.47526,2012.323541,inf,2,3,3483.5,"0.07106176837263362,0.042274528267937206,0.0053220512539897905",0.039553,0.559969,inf,11,33
2009483453508_Node0_Node8_Zero,"[0, 1, 2, 3, 4, 5, 6, 7, 8]",2009.483454,2012.323541,inf,2,0,3483.5,"0.07106176837263362,0.042274528267937206,0.0053220512539897905",0.039553,13.218765,inf,11,33
2009491646356_Node0_Node8_Zero,"[0, 1, 2, 3, 4, 5, 6, 7, 8]",2009.491646,2012.328037,inf,2,4,3483.5,"0.02667338616052565,0.042274528267937206",0.034474,13.218765,inf,33,33
2009499838995_Node0_Node8_Zero,"[0, 1, 2, 3, 4, 5, 6, 7, 8]",2009.499839,2012.328037,inf,2,4,3483.5,"0.02667338616052565,0.042274528267937206,0.0053220512539897905",0.024757,0.559969,inf,11,33
2009508031806_Node0_Node8_Zero,"[0, 1, 2, 3, 4, 5, 6, 7, 8]",2009.508032,2012.328037,inf,2,4,3483.5,"0.02667338616052565,0.042274528267937206,0.01017630629547144",0.026375,1.650492,inf,11,33
2009516227011_Node0_Node8_Zero,"[0, 1, 2, 3, 4, 5, 6, 7, 8]",2009.516227,2012.328317,inf,3,7,3483.5,"0.07106176837263362,0.042274528267937206,0.0053220512539897905,0.042274528267937206,0.0053220512539897905",0.033251,0.314185,inf,11,33
2009524426604_Node0_Node8_Zero,"[0, 1, 2, 3, 4, 5, 6, 7, 8]",2009.524427,2012.328317,2.980361,5,15,3483.5,"0.07106176837263362,0.042274528267937206,0.0053220512539897905,0.06427763329341372,0.0053220512539897905,0.0549646075871987,0.00649578891568,0.04860611330393737",0.037291,0.549013,15.19858,11,33
2009532625998_Node0_Node8_Zero,"[0, 1, 2, 3, 4, 5, 6, 7, 8]",2009.532626,2012.328317,2.998169,5,8,3483.5,"0.07106176837263362,0.042274528267937206,0.0053220512539897905,0.042274528267937206,0.006306125141108773,0.0466714623207151,0.006660391740471606,0.0466714623207151",0.033405,0.624645,14.593636,11,33
2009540820356_Node0_Node8_Zero,"[0, 1, 2, 3, 4, 5, 6, 7, 8]",2009.54082,2012.332942,inf,2,4,3483.5,"0.07106176837263362,0.042274528267937206,0.0053220512539897905",0.039553,0.559969,inf,11,33
2009549019912_Node0_Node8_Zero,"[0, 1, 2, 3, 4, 5, 6, 7, 8]",2009.54902,2012.332942,inf,2,4,3483.5,"0.07106176837263362,0.042274528267937206,0.006523155103443601",0.039953,0.686345,inf,11,33
2009557220978_Node0_Node8_Zero,"[0, 1, 2, 3, 4, 5, 6, 7, 8]",2009.557221,2012.332942,2.987506,5,15,3483.5,"0.07106176837263362,0.042274528267937206,0.014178716238060633,0.06374110505943188,0.006306125141108773,0.05398859813997517,0.006265868843349287,0.04748078154439852",0.038162,0.639666,14.846701,11,33
2009565421926_Node0_Node8_Zero,"[0, 1, 2, 3, 4, 5, 6, 7, 8]",2009.565422,2012.343077,inf,3,2,3483.5,"0.07106176837263362,0.042274528267937206,0.010260482829189984,0.06374110505943188,0.005676317853352623",0.038603,1.77492,inf,11,33
2009573618653_Node0_Node8_Zero,"[0, 1, 2, 3, 4, 5, 6, 7, 8]",2009.573619,2012.343077,inf,2,1,3483.5,"0.07106176837263362,0.042274528267937206,0.0053220512539897905",0.039553,1.664145,inf,11,33
2009581811052_Node0_Node8_Zero,"[0, 1, 2, 3, 4, 5, 6, 7, 8]",2009.581811,2012.343077,inf,2,1,3483.5,"0.07106176837263362,0.042274528267937206,0.0053220512539897905",0.039553,1.664145,inf,11,33
2009590009310_Node0_Node8_Zero,"[0, 1, 2, 3, 4, 5, 6, 7, 8]",2009.590009,2012.3548,inf,2,0,3483.5,"0.02667338616052565,0.042274528267937206,0.0053220512539897905",0.024757,1.664145,inf,11,33
2009598205982_Node0_Node8_Zero,"[0, 1, 2, 3, 4, 5, 6, 7, 8]",2009.598206,2012.3548,inf,2,0,3483.5,"0.02667338616052565,0.042274528267937206,0.0053220512539897905",0.024757,1.664145,inf,11,33
2009606397960_Node0_Node8_Zero,"[0, 1, 2, 3, 4, 5, 6, 7, 8]",2009.606398,2012.3548,inf,2,0,3483.5,"0.02667338616052565,0.042274528267937206,0.0053220512539897905",0.024757,1.664145,inf,11,33
2009614593556_Node0_Node8_Zero,"[0, 1, 2, 3, 4, 5, 6, 7, 8]",2009.614594,2012.360745,inf,2,1,3483.5,"0.032720136586891164,0.042274528267937206,0.0053220512539897905",0.026772,1.664145,inf,11,33
2009622793457_Node0_Node8_Zero,"[0, 1, 2, 3, 4, 5, 6, 7, 8]",2009.622793,2012.360745,inf,3,2,3483.5,"0.032720136586891164,0.042274528267937206,0.0053220512539897905,0.0629812902082012",0.035825,0.358003,inf,11,33
2009630985858_Node0_Node8_Zero,"[0, 1, 2, 3, 4, 5, 6, 7, 8]",2009.630986,2012.360745,inf,4,5,3483.5,"0.032720136586891164,0.042274528267937206,0.0053220512539897905,0.042274528267937206,0.0053220512539897905,0.042274528267937206",0.028365,1.136592,inf,11,33
2009639182581_Node0_Node8_Zero,"[0, 1, 2, 3, 4, 5, 6, 7, 8]",2009.639183,2012.362652,inf,2,4,3483.5,"0.02667338616052565,0.06383732950557741,0.0053220512539897905",0.031944,0.386589,inf,11,33
2009647375199_Node0_Node8_Zero,"[0, 1, 2, 3, 4, 5, 6, 7, 8]",2009.647375,2012.362652,inf,2,4,3483.5,"0.02667338616052565,0.06383732950557741,0.0053220512539897905",0.031944,0.34788,inf,11,33
2009655575435_Node0_Node8_Zero,"[0, 1, 2, 3, 4, 5, 6, 7, 8]",2009.655575,2012.362652,2.985049,5,13,3483.5,"0.02667338616052565,0.06383732950557741,0.014178716238060633,0.042274528267937206,0.006306125141108773,0.0466714623207151,0.006005048501901086,0.04748078154439852",0.031678,0.685216,14.846701,11,33
2009663767646_Node0_Node8_Zero,"[0, 1, 2, 3, 4, 5, 6, 7, 8]",2009.663768,2012.366489,inf,2,2,3483.5,"0.034896805180128755,0.06383732950557741,0.014178716238060633",0.037638,10.911835,inf,11,33
2009671966320_Node0_Node8_Zero,"[0, 1, 2, 3, 4, 5, 6, 7, 8]",2009.671966,2012.366489,3.00083,5,10,3483.5,"0.034896805180128755,0.05986226447904879,0.015816357876940253,0.042274528267937206,0.0053220512539897905,0.04862565523306083,0.006916264156787924,0.042274528267937206",0.031999,0.526189,13.218765,11,33
2009680158211_Node0_Node8_Zero,"[0, 1, 2, 3, 4, 5, 6, 7, 8]",2009.680158,2012.366489,inf,2,3,3483.5,"0.034896805180128755,0.05986226447904879,0.007416488634352793",0.034059,0.483018,inf,11,33
2009688353161_Node0_Node8_Zero,"[0, 1, 2, 3, 4, 5, 6, 7, 8]",2009.688353,2012.372867,inf,2,6,3483.5,"0.02667338616052565,0.04777530452430633",0.037224,1.490332,inf,33,33
2009696549711_Node0_Node8_Zero,"[0, 1, 2, 3, 4, 5, 6, 7, 8]",2009.69655,2012.372867,2.994721,5,16,3483.5,"0.02667338616052565,0.042274528267937206,0.016800431764059234,0.062119359507995325,0.006511436902827058,0.04840182954185473,0.005750230087571206,0.044636433238109924",0.031646,0.453532,13.957306,11,33
2009704742764_Node0_Node8_Zero,"[0, 1, 2, 3, 4, 5, 6, 7, 8]",2009.704743,2012.372867,inf,2,6,3483.5,"0.02667338616052565,0.04777530452430633",0.037224,1.490332,inf,33,33
2009712944010_Node0_Node8_Zero,"[0, 1, 2, 3, 4, 5, 6, 7, 8]",2009.712944,2012.373207,2.996907,5,16,3483.5,"0.02667338616052565,0.04777530452430633,0.0053220512539897905,0.062119359507995325,0.005676317853352623,0.0466714623207151,0.006526048494507028,0.047654100407362114",0.031052,0.559969,14.900896,11,33
2009721144762_Node0_Node8_Zero,"[0, 1, 2, 3, 4, 5, 6, 7, 8]",2009.721145,2012.373207,inf,2,9,3483.5,"0.02667338616052565,0.04777530452430633,0.00643241474723381",0.02696,0.514623,inf,11,33
2009729343486_Node0_Node8_Zero,"[0, 1, 2, 3, 4, 5, 6, 7, 8]",2009.729343,2012.373207,inf,4,10,3483.5,"0.02667338616052565,0.04777530452430633,0.00643241474723381,0.0466714623207151,0.0053220512539897905,0.04766840422480575,0.005756642737438927",0.026614,0.305677,inf,11,33
2009737538249_Node0_Node8_Zero,"[0, 1, 2, 3, 4, 5, 6, 7, 8]",2009.737538,2012.400698,inf,2,4,3483.5,"0.028894666316199025,0.05986226447904879,0.0053220512539897905",0.03136,1.664145,inf,11,33
2009745737614_Node0_Node8_Zero,"[0, 1, 2, 3, 4, 5, 6, 7, 8]",2009.745738,2012.400698,inf,2,7,3483.5,"0.028894666316199025,0.042274528267937206,0.006528750250866613",0.025899,0.310255,inf,11,33
2009753938882_Node0_Node8_Zero,"[0, 1, 2, 3, 4, 5, 6, 7, 8]",2009.753939,2012.400698,2.970458,5,17,3483.5,"0.028894666316199025,0.042274528267937206,0.006528750250866613,0.06384110362481024,0.01618234222588119,0.056154588229664355,0.006799809640245373,0.04467180647098989",0.033168,0.310255,13.968367,11,33
2009762140292_Node0_Node8_Zero,"[0, 1, 2, 3, 4, 5, 6, 7, 8]",2009.76214,2012.433577,inf,4,14,3483.5,"0.033250849731856345,0.06572986041096915,0.0053220512539897905,0.06384110362481024,0.017845119032892418,0.042274528267937206,0.0053220512539897905",0.033369,0.252911,inf,11,33
2009770334898_Node0_Node8_Zero,"[0, 1, 2, 3, 4, 5, 6, 7, 8]",2009.770335,2012.433577,inf,3,3,3483.5,"0.033250849731856345,0.06572986041096915,0.007370557166474917,0.042274528267937206",0.037156,0.38031,inf,11,33
2009778529977_Node0_Node8_Zero,"[0, 1, 2, 3, 4, 5, 6, 7, 8]",2009.77853,2012.433577,inf,2,6,3483.5,"0.033250849731856345,0.06572986041096915,0.006579370055519361",0.035187,0.31266,inf,11,33
2009786730605_Node0_Node8_Zero,"[0, 1, 2, 3, 4, 5, 6, 7, 8]",2009.786731,2012.447763,inf,2,1,3483.5,"0.03456017680119238,0.047451218753003205",0.041006,10.806575,inf,33,33
2009794929505_Node0_Node8_Zero,"[0, 1, 2, 3, 4, 5, 6, 7, 8]",2009.79493,2012.447763,inf,2,1,3483.5,"0.03456017680119238,0.047451218753003205,0.006387106325590517",0.029466,1.997176,inf,11,33
2009803130412_Node0_Node8_Zero,"[0, 1, 2, 3, 4, 5, 6, 7, 8]",2009.80313,2012.447763,2.984031,5,15,3483.5,"0.03456017680119238,0.047451218753003205,0.0053220512539897905,0.05986226447904879,0.01663792046775593,0.04836388221185581,0.005760012285231481,0.04422872118028293",0.032773,0.268303,13.829819,11,33
2009811330848_Node0_Node8_Zero,"[0, 1, 2, 3, 4, 5, 6, 7, 8]",2009.811331,2012.44971,inf,3,4,3483.5,"0.03456017680119238,0.047451218753003205,0.006306125141108773,0.06130959046683418,0.006306125141108773",0.031187,0.317913,inf,11,33
2009819528550_Node0_Node8_Zero,"[0, 1, 2, 3, 4, 5, 6, 7, 8]",2009.819529,2012.44971,2.987897,5,9,3483.5,"0.03456017680119238,0.047451218753003205,0.02007173615790435,0.042274528267937206,0.015891620785515318,0.042274528267937206,0.005676317853352623,0.042274528267937206",0.031309,1.011885,13.218765,11,33
2009827729324_Node0_Node8_Zero,"[0, 1, 2, 3, 4, 5, 6, 7, 8]",2009.827729,2012.44971,inf,2,1,3483.5,"0.03456017680119238,0.047451218753003205,0.0053220512539897905",0.029111,0.278792,inf,11,33
2009835921984_Node0_Node8_Zero,"[0, 1, 2, 3, 4, 5, 6, 7, 8]",2009.835922,2012.456545,2.99937,5,8,3483.5,"0.028763796551827456,0.042274528267937206,0.0053220512539897905,0.042274528267937206,0.006306125141108773,0.04862565523306083,0.0064880853232065095,0.042274528267937206",0.027791,0.268303,13.218765,11,33
2009844118462_Node0_Node8_Zero,"[0, 1, 2, 3, 4, 5, 6, 7, 8]",2009.844118,2012.456545,inf,4,6,3483.5,"0.028763796551827456,0.042274528267937206,0.006119151102556166,0.042274528267937206,0.016119166004177288,0.04733000454444851,0.0053220512539897905",0.026886,0.308487,inf,11,33
2009852311270_Node0_Node8_Zero,"[0, 1, 2, 3, 4, 5, 6, 7, 8]",2009.852311,2012.456545,inf,2,1,3483.5,"0.028763796551827456,0.042274528267937206,0.0053220512539897905",0.025453,0.306274,inf,11,33
2009860511336_Node0_Node8_Zero,"[0, 1, 2, 3, 4, 5, 6, 7, 8]",2009.860511,2012.46165,inf,2,1,3483.5,"0.03456017680119238,0.042274528267937206,0.01701603729362775",0.031284,5.320722,inf,11,33
2009868712498_Node0_Node8_Zero,"[0, 1, 2, 3, 4, 5, 6, 7, 8]",2009.868712,2012.46165,inf,3,1,3483.5,"0.03456017680119238,0.042274528267937206,0.0053220512539897905,0.042274528267937206",0.031108,0.306274,inf,11,33
2009876913086_Node0_Node8_Zero,"[0, 1, 2, 3, 4, 5, 6, 7, 8]",2009.876913,2012.46165,2.999728,5,4,3483.5,"0.03456017680119238,0.042274528267937206,0.0053220512539897905,0.0466714623207151,0.014178716238060633,0.042274528267937206,0.006682183780821382,0.04748447741174399",0.029931,0.306274,14.847857,11,33
2009885109316_Node0_Node8_Zero,"[0, 1, 2, 3, 4, 5, 6, 7, 8]",2009.885109,2012.463537,inf,4,4,3483.5,"0.02667338616052565,0.042274528267937206,0.0053220512539897905,0.0466714623207151,0.0053220512539897905,0.0466714623207151",0.028822,0.281212,inf,11,33
2009893302592_Node0_Node8_Zero,"[0, 1, 2, 3, 4, 5, 6, 7, 8]",2009.893303,2012.463537,inf,2,3,3483.5,"0.02667338616052565,0.042274528267937206,0.0053220512539897905",0.024757,0.358003,inf,11,33
2009901502079_Node0_Node8_Zero,"[0, 1, 2, 3, 4, 5, 6, 7, 8]",2009.901502,2012.463537,2.989539,5,10,3483.5,"0.02667338616052565,0.042274528267937206,0.02007173615790435,0.0466714623207151,0.006306125141108773,0.0466714623207151,0.006306125141108773,0.05398859813997517",0.03112,0.66351,16.881622,11,33
2009909699574_Node0_Node8_Zero,"[0, 1, 2, 3, 4, 5, 6, 7, 8]",2009.9097,2012.468982,inf,2,3,3483.5,"0.02667338616052565,0.042274528267937206,0.0053220512539897905",0.024757,0.265782,inf,11,33
2009917891555_Node0_Node8_Zero,"[0, 1, 2, 3, 4, 5, 6, 7, 8]",2009.917892,2012.468982,2.990354,5,11,3483.5,"0.02667338616052565,0.042274528267937206,0.014178716238060633,0.042274528267937206,0.016800431764059234,0.0466714623207151,0.0064880853232065095,0.0466714623207151",0.030254,0.61874,14.593636,11,33
2009926083969_Node0_Node8_Zero,"[0, 1, 2, 3, 4, 5, 6, 7, 8]",2009.926084,2012.468982,2.998997,5,3,3483.5,"0.02667338616052565,0.042274528267937206,0.0064880853232065095,0.06311432484316437,0.016826022756757947,0.0466714623207151,0.0053220512539897905,0.056154588229664355",0.032941,0.324014,17.558902,11,33
2009934285258_Node0_Node8_Zero,"[0, 1, 2, 3, 4, 5, 6, 7, 8]",2009.934285,2012.471029,inf,2,3,3483.5,"0.02667338616052565,0.042274528267937206,0.0065217306706772905",0.025157,0.325694,inf,11,33
2009942481750_Node0_Node8_Zero,"[0, 1, 2, 3, 4, 5, 6, 7, 8]",2009.942482,2012.471029,inf,2,3,3483.5,"0.02667338616052565,0.042274528267937206,0.0053220512539897905",0.024757,0.286398,inf,11,33
2009950678752_Node0_Node8_Zero,"[0, 1, 2, 3, 4, 5, 6, 7, 8]",2009.950679,2012.471029,2.987293,5,13,3483.5,"0.02667338616052565,0.042274528267937206,0.02007173615790435,0.042274528267937206,0.015384616847722214,0.0466714623207151,0.00575617547346796,0.04748078154439852",0.030823,1.087949,14.846701,11,33
2009958873646_Node0_Node8_Zero,"[0, 1, 2, 3, 4, 5, 6, 7, 8]",2009.958874,2012.472956,inf,3,3,3483.5,"0.02667338616052565,0.042274528267937206,0.0053220512539897905,0.042274528267937206,0.0064880853232065095",0.024607,0.286398,inf,11,33
2009967066603_Node0_Node8_Zero,"[0, 1, 2, 3, 4, 5, 6, 7, 8]",2009.967067,2012.472956,inf,4,4,3483.5,"0.02667338616052565,0.042274528267937206,0.006306125141108773,0.042274528267937206,0.015885235774403112,0.0466714623207151,0.005747166871418595",0.026547,0.330452,inf,11,33
2009975263550_Node0_Node8_Zero,"[0, 1, 2, 3, 4, 5, 6, 7, 8]",2009.975264,2012.472956,inf,3,5,3483.5,"0.02667338616052565,0.042274528267937206,0.006386396879911384,0.042274528267937206,0.005676317853352623",0.024657,0.334659,inf,11,33
2009983462011_Node0_Node8_Zero,"[0, 1, 2, 3, 4, 5, 6, 7, 8]",2009.983462,2012.479891,inf,2,7,3483.5,"0.02667338616052565,0.042274528267937206,0.006386396879911384",0.025111,0.334659,inf,11,33
2009991656206_Node0_Node8_Zero,"[0, 1, 2, 3, 4, 5, 6, 7, 8]",2009.991656,2012.479891,inf,2,7,3483.5,"0.02667338616052565,0.042274528267937206,0.02007173615790435",0.029673,1.051796,inf,11,33
2009999848523_Node0_Node8_Zero,"[0, 1, 2, 3, 4, 5, 6, 7, 8]",2009.999849,2012.479891,inf,2,4,3483.5,"0.02667338616052565,0.042274528267937206,0.0053220512539897905",0.024757,1.664145,inf,11,33
2010008044285_Node0_Node8_Zero,"[0, 1, 2, 3, 4, 5, 6, 7, 8]",2010.008044,2012.48007,2.968452,5,18,2343.0,"0.08132991355225326,0.042274528267937206,0.0053220512539897905,0.042274528267937206,0.009033415628267094,0.0466714623207151,0.005676317853352623,0.04422872118028293",0.034601,0.278885,13.829819,11,33
