Pkt ID,Route,Generation Time (in s),First Tx At (in s),Delay (in s),Times Packet Forwarded,Retransmissions,Packet Size (in bytes),Tx Power (in watt),Average Transmission Power in the route (in watt),Min. SINR Along Route,SINR at Flow Dest,Min. Data Rate Along Route (in Mbps),Data Rate at Flow Src (in Mbps)
2000008195690_Node0_Node8_Zero,"[0, 1, 2, 3, 4, 5, 6, 7, 8]",2000.008196,2000.008266,inf,0,7,2343.0,0.007663753805745297,0.007663753805745297,2.396369,inf,33,33
2000016397037_Node0_Node8_Zero,"[0, 1, 2, 3, 4, 5, 6, 7, 8]",2000.016397,2000.024866,inf,1,7,2327.5,"0.02667338616052565,0.007663753805745297",0.017169,2.396369,inf,33,33
2000024596198_Node0_Node8_Zero,"[0, 1, 2, 3, 4, 5, 6, 7, 8]",2000.024596,2000.024866,inf,1,7,2327.5,"0.02667338616052565,0.007663753805745297",0.017169,2.396369,inf,33,33
2000032790607_Node0_Node8_Zero,"[0, 1, 2, 3, 4, 5, 6, 7, 8]",2000.032791,2000.034001,inf,2,7,2343.0,"0.02667338616052565,0.02667338616052565,0.007663753805745297",0.020337,2.396369,inf,33,33
2000040984976_Node0_Node8_Zero,"[0, 1, 2, 3, 4, 5, 6, 7, 8]",2000.040985,2000.041294,inf,2,7,2343.0,"0.02667338616052565,0.02667338616052565,0.007663753805745297",0.020337,2.396369,inf,33,33
2000049177878_Node0_Node8_Zero,"[0, 1, 2, 3, 4, 5, 6, 7, 8]",2000.049178,2000.049368,inf,2,7,2343.0,"0.02667338616052565,0.02667338616052565,0.007663753805745297",0.020337,2.396369,inf,33,33
2000057373905_Node0_Node8_Zero,"[0, 1, 2, 3, 4, 5, 6, 7, 8]",2000.057374,2000.057444,inf,3,7,2343.0,"0.02667338616052565,0.02667338616052565,0.02667338616052565,0.007663753805745297",0.021921,2.396369,inf,33,33
2000065573076_Node0_Node8_Zero,"[0, 1, 2, 3, 4, 5, 6, 7, 8]",2000.065573,2000.065623,inf,3,7,2343.0,"0.02667338616052565,0.02667338616052565,0.02667338616052565,0.007663753805745297",0.021921,2.396369,inf,33,33
2000073766496_Node0_Node8_Zero,"[0, 1, 2, 3, 4, 5, 6, 7, 8]",2000.073766,2000.074076,inf,3,7,2343.0,"0.02667338616052565,0.02667338616052565,0.02667338616052565,0.007663753805745297",0.021921,2.396369,inf,33,33
2000081964533_Node0_Node8_Zero,"[0, 1, 2, 3, 4, 5, 6, 7, 8]",2000.081965,2000.082315,inf,4,7,2343.0,"0.02667338616052565,0.02667338616052565,0.02667338616052565,0.02667338616052565,0.007663753805745297",0.022871,2.396369,inf,33,33
2000090158351_Node0_Node8_Zero,"[0, 1, 2, 3, 4, 5, 6, 7, 8]",2000.090158,2000.091979,inf,4,7,2343.0,"0.02667338616052565,0.02667338616052565,0.02667338616052565,0.02667338616052565,0.007663753805745297",0.022871,2.396369,inf,33,33
2000098355859_Node0_Node8_Zero,"[0, 1, 2, 3, 4, 5, 6, 7, 8]",2000.098356,2000.099296,inf,4,7,2343.0,"0.02667338616052565,0.02667338616052565,0.02667338616052565,0.02667338616052565,0.007663753805745297",0.022871,2.396369,inf,33,33
2000106555149_Node0_Node8_Zero,"[0, 1, 2, 3, 4, 5, 6, 7, 8]",2000.106555,2000.106932,inf,5,7,2343.0,"0.02667338616052565,0.02667338616052565,0.02667338616052565,0.02667338616052565,0.02667338616052565,0.007663753805745297",0.023505,2.396369,inf,33,33
2000114753997_Node0_Node8_Zero,"[0, 1, 2, 3, 4, 5, 6, 7, 8]",2000.114754,2000.114844,inf,5,7,2343.0,"0.02667338616052565,0.02667338616052565,0.02667338616052565,0.02667338616052565,0.02667338616052565,0.007663753805745297",0.023505,2.396369,inf,33,33
2000122950683_Node0_Node8_Zero,"[0, 1, 2, 3, 4, 5, 6, 7, 8]",2000.122951,2000.123583,inf,5,7,2343.0,"0.02667338616052565,0.02667338616052565,0.02667338616052565,0.02667338616052565,0.02667338616052565,0.007663753805745297",0.023505,2.396369,inf,33,33
2000131150733_Node0_Node8_Zero,"[0, 1, 2, 3, 4, 5, 6, 7, 8]",2000.131151,2000.131301,inf,6,8,2343.0,"0.02667338616052565,0.02667338616052565,0.02667338616052565,0.02667338616052565,0.02667338616052565,0.035572123908659596,0.007663753805745297",0.025229,2.396369,inf,33,33
2000139343190_Node0_Node8_Zero,"[0, 1, 2, 3, 4, 5, 6, 7, 8]",2000.139343,2000.139393,inf,6,8,2343.0,"0.02667338616052565,0.02667338616052565,0.02667338616052565,0.02667338616052565,0.02667338616052565,0.035572123908659596,0.007663753805745297",0.025229,2.396369,inf,33,33
2000147541523_Node0_Node8_Zero,"[0, 1, 2, 3, 4, 5, 6, 7, 8]",2000.147542,2000.147612,inf,6,13,2343.0,"0.02667338616052565,0.02667338616052565,0.02667338616052565,0.02667338616052565,0.02667338616052565,0.035572123908659596,0.007663753805745297",0.025229,2.396369,inf,33,33
2000155736963_Node0_Node8_Zero,"[0, 1, 2, 3, 4, 5, 6, 7, 8]",2000.155737,2000.155887,inf,6,16,2343.0,"0.02667338616052565,0.02667338616052565,0.02667338616052565,0.02667338616052565,0.02667338616052565,0.02667338616052565,0.029133572591309033,0.007663753805745297",0.024605,2.396369,inf,22,33
2000163937010_Node0_Node8_Zero,"[0, 1, 2, 3, 4, 5, 6, 7, 8]",2000.163937,2000.164067,inf,6,13,2343.0,"0.02667338616052565,0.02667338616052565,0.02667338616052565,0.02667338616052565,0.02667338616052565,0.02667338616052565,0.029133572591309033,0.007663753805745297",0.024605,2.396369,inf,22,33
2000172131095_Node0_Node8_Zero,"[0, 1, 2, 3, 4, 5, 6, 7, 8]",2000.172131,2000.172261,2.449633,6,12,2343.0,"0.02667338616052565,0.02667338616052565,0.02667338616052565,0.02667338616052565,0.02667338616052565,0.02667338616052565,0.012029286257289253,0.028855969861448786",0.025116,3.761421,9.022934,22,33
2000180323156_Node0_Node8_Zero,"[0, 1, 2, 3, 4, 5, 6, 7, 8]",2000.180323,2000.180553,2.441441,6,15,2343.0,"0.02667338616052565,0.02667338616052565,0.02667338616052565,0.02667338616052565,0.02667338616052565,0.035572123908659596,0.012029286257289253,0.028855969861448786",0.026228,3.761421,9.022934,22,33
2000188517564_Node0_Node8_Zero,"[0, 1, 2, 3, 4, 5, 6, 7, 8]",2000.188518,2000.188768,2.495165,6,15,2343.0,"0.02667338616052565,0.02667338616052565,0.02667338616052565,0.02667338616052565,0.02667338616052565,0.035572123908659596,0.010618917711206962,0.010618917711206962",0.023772,1.668632,3.320415,22,33
2000196714709_Node0_Node8_Zero,"[0, 1, 2, 3, 4, 5, 6, 7, 8]",2000.196715,2000.196885,2.486968,6,15,2343.0,"0.02667338616052565,0.02667338616052565,0.02667338616052565,0.02667338616052565,0.02667338616052565,0.035572123908659596,0.010618917711206962,0.010618917711206962",0.023772,1.658241,3.320415,22,33
2000204912468_Node0_Node8_Zero,"[0, 1, 2, 3, 4, 5, 6, 7, 8]",2000.204912,2000.205812,1.763825,6,16,2343.0,"0.02667338616052565,0.02667338616052565,0.02667338616052565,0.02667338616052565,0.02667338616052565,0.02667338616052565,0.010618917711206962,0.010618917711206962",0.02266,1.862609,3.320415,22,33
2000213104285_Node0_Node8_Zero,"[0, 1, 2, 3, 4, 5, 6, 7, 8]",2000.213104,2000.213254,1.755633,6,19,2343.0,"0.02667338616052565,0.02667338616052565,0.02667338616052565,0.02667338616052565,0.02667338616052565,0.02667338616052565,0.010618917711206962,0.010618917711206962",0.02266,1.862609,3.320415,22,33
2000221300138_Node0_Node8_Zero,"[0, 1, 2, 3, 4, 5, 6, 7, 8]",2000.2213,2000.221464,1.772565,6,14,2343.0,"0.03377552731446292,0.02667338616052565,0.02667338616052565,0.02667338616052565,0.02667338616052565,0.02667338616052565,0.013008708858735287,0.011598340312652996",0.023969,3.626669,3.626669,22,33
2000229497524_Node0_Node8_Zero,"[0, 1, 2, 3, 4, 5, 6, 7, 8]",2000.229498,2000.229583,1.764367,6,14,2343.0,"0.03377552731446292,0.02667338616052565,0.02667338616052565,0.02667338616052565,0.02667338616052565,0.03344541674948007,0.013008708858735287,0.011598340312652996",0.024815,3.626669,3.626669,22,33
2000237698360_Node0_Node8_Zero,"[0, 1, 2, 3, 4, 5, 6, 7, 8]",2000.237698,2000.237988,2.169232,6,14,2343.0,"0.02667338616052565,0.02667338616052565,0.02667338616052565,0.02667338616052565,0.02667338616052565,0.03344541674948007,0.010618917711206962,0.015288750637935661",0.02409,0.522629,4.780619,22,33
2000245898201_Node0_Node8_Zero,"[0, 1, 2, 3, 4, 5, 6, 7, 8]",2000.245898,2000.245968,2.161032,6,17,2343.0,"0.02667338616052565,0.02667338616052565,0.02667338616052565,0.02667338616052565,0.02667338616052565,0.03344541674948007,0.010618917711206962,0.015288750637935661",0.02409,0.522629,4.780619,22,33
2000254090613_Node0_Node8_Zero,"[0, 1, 2, 3, 4, 5, 6, 7, 8]",2000.254091,2000.254301,0.915575,6,14,2343.0,"0.02667338616052565,0.02667338616052565,0.02667338616052565,0.02667338616052565,0.02667338616052565,0.02667338616052565,0.014142838556778102,0.02507276972208761",0.024907,1.430506,7.83997,22,33
2000262284861_Node0_Node8_Zero,"[0, 1, 2, 3, 4, 5, 6, 7, 8]",2000.262285,2000.262475,0.907381,6,14,2343.0,"0.02667338616052565,0.02667338616052565,0.02667338616052565,0.02667338616052565,0.02667338616052565,0.02667338616052565,0.014142838556778102,0.02507276972208761",0.024907,1.430506,7.83997,22,33
2000270478438_Node0_Node8_Zero,"[0, 1, 2, 3, 4, 5, 6, 7, 8]",2000.270478,2000.270608,1.542741,6,14,2343.0,"0.02667338616052565,0.02667338616052565,0.02667338616052565,0.02667338616052565,0.02667338616052565,0.02667338616052565,0.013295224427857473,0.014311130098338645",0.023456,2.445177,4.474928,22,33
2000278678957_Node0_Node8_Zero,"[0, 1, 2, 3, 4, 5, 6, 7, 8]",2000.278679,2000.278909,1.53454,6,19,2343.0,"0.02667338616052565,0.02667338616052565,0.02667338616052565,0.02667338616052565,0.03690491500234774,0.02667338616052565,0.013295224427857473,0.014311130098338645",0.024735,2.445177,4.474928,22,33
2000286875329_Node0_Node8_Zero,"[0, 1, 2, 3, 4, 5, 6, 7, 8]",2000.286875,2000.286985,2.150319,6,14,2343.0,"0.030668340559615363,0.03377552731446292,0.02667338616052565,0.02667338616052565,0.03690491500234774,0.02667338616052565,0.010618917711206962,0.01486910500533874",0.025857,1.658241,4.6494,22,33
2000295068954_Node0_Node8_Zero,"[0, 1, 2, 3, 4, 5, 6, 7, 8]",2000.295069,2000.295419,2.142125,6,15,2343.0,"0.030668340559615363,0.03377552731446292,0.02667338616052565,0.02667338616052565,0.03690491500234774,0.02667338616052565,0.010618917711206962,0.01486910500533874",0.025857,1.668632,4.6494,22,33
2000303262792_Node0_Node8_Zero,"[0, 1, 2, 3, 4, 5, 6, 7, 8]",2000.303263,2000.304415,4.137324,6,16,2343.0,"0.030668340559615363,0.03377552731446292,0.02667338616052565,0.02667338616052565,0.02667338616052565,0.02667338616052565,0.011998003278663077,0.010618917711206962",0.024219,1.301656,3.320415,22,33
2000311454803_Node0_Node8_Zero,"[0, 1, 2, 3, 4, 5, 6, 7, 8]",2000.311455,2000.312335,4.129132,6,18,2343.0,"0.02667338616052565,0.02667338616052565,0.02667338616052565,0.02667338616052565,0.035572123908659596,0.02667338616052565,0.011998003278663077,0.010618917711206962",0.023944,1.301656,3.320415,22,33
2000319656241_Node0_Node8_Zero,"[0, 1, 2, 3, 4, 5, 6, 7, 8]",2000.319656,2000.320393,0.958538,6,14,2343.0,"0.02667338616052565,0.02667338616052565,0.02667338616052565,0.02667338616052565,0.02667338616052565,0.02667338616052565,0.010618917711206962,0.010618917711206962",0.02266,3.320415,3.320415,22,33
2000327854111_Node0_Node8_Zero,"[0, 1, 2, 3, 4, 5, 6, 7, 8]",2000.327854,2000.328164,0.95034,6,14,2343.0,"0.02667338616052565,0.02667338616052565,0.02667338616052565,0.02667338616052565,0.02667338616052565,0.036074402423660765,0.010618917711206962,0.010618917711206962",0.023835,3.320415,3.320415,22,33
2000336046421_Node0_Node8_Zero,"[0, 1, 2, 3, 4, 5, 6, 7, 8]",2000.336046,2000.336356,1.030196,6,14,2343.0,"0.02667338616052565,0.02667338616052565,0.02667338616052565,0.02667338616052565,0.02667338616052565,0.036074402423660765,0.010618917711206962,0.010618917711206962",0.023835,1.430506,3.320415,22,33
2000344241303_Node0_Node8_Zero,"[0, 1, 2, 3, 4, 5, 6, 7, 8]",2000.344241,2000.344311,1.022001,6,14,2343.0,"0.02667338616052565,0.02667338616052565,0.02667338616052565,0.02667338616052565,0.02667338616052565,0.036074402423660765,0.010618917711206962,0.010618917711206962",0.023835,1.430506,3.320415,22,33
2000352442882_Node0_Node8_Zero,"[0, 1, 2, 3, 4, 5, 6, 7, 8]",2000.352443,2000.352793,0.763961,6,14,2343.0,"0.02667338616052565,0.02667338616052565,0.02667338616052565,0.02667338616052565,0.02667338616052565,0.02667338616052565,0.012029286257289253,0.011169842924520357",0.022905,2.083283,3.492683,22,33
2000360641782_Node0_Node8_Zero,"[0, 1, 2, 3, 4, 5, 6, 7, 8]",2000.360642,2000.360732,0.755762,6,14,2343.0,"0.02667338616052565,0.02667338616052565,0.02667338616052565,0.02667338616052565,0.02667338616052565,0.02667338616052565,0.012029286257289253,0.011169842924520357",0.022905,2.083283,3.492683,22,33
2000368836414_Node0_Node8_Zero,"[0, 1, 2, 3, 4, 5, 6, 7, 8]",2000.368836,2000.369106,0.593554,6,18,2343.0,"0.02667338616052565,0.02667338616052565,0.02667338616052565,0.02667338616052565,0.02667338616052565,0.02667338616052565,0.015938021942145886,0.010618917711206962",0.023325,3.320415,3.320415,22,33
2000377036117_Node0_Node8_Zero,"[0, 1, 2, 3, 4, 5, 6, 7, 8]",2000.377036,2000.377206,0.74689,2,47,2343.0,"0.02667338616052565,0.02667338616052565,0.02667338616052565,0.02667338616052565,0.02667338616052565,0.02667338616052565,0.015938021942145886,0.010618917711206962",0.023325,1.243757,3.320415,22,33
2000385236951_Node0_Node8_Zero,"[0, 1, 2, 3, 4, 5, 6, 7, 8]",2000.385237,2000.385407,0.746554,1,47,2343.0,"0.029230156975943066,0.02667338616052565,0.013446344721529602,0.016980628484432908,0.014161586171535035,0.011745031422910505,0.010618917711206962,0.010618917711206962",0.016684,1.309417,3.320415,22,33
2000393429104_Node0_Node8_Zero,"[0, 1, 2, 3, 4, 5, 6, 7, 8]",2000.393429,2000.393759,0.514149,1,44,2343.0,"0.04057766389198493,0.02667338616052565,0.013446344721529602,0.016980628484432908,0.014161586171535035,0.011745031422910505,0.01133849350002446,0.010618917711206962",0.018193,1.179388,3.320415,22,33
2000401627465_Node0_Node8_Zero,"[0, 1, 2, 3, 4, 5, 6, 7, 8]",2000.401627,2000.403984,2.496449,0,56,2343.0,"0.02667338616052565,0.010618917711206962,0.010618917711206962,0.010618917711206962,0.012822618564460542,0.010618917711206962,0.010618917711206962,0.010618917711206962",0.012901,0.710623,3.320415,22,22
2000409823845_Node0_Node8_Zero,"[0, 1, 2, 3, 4, 5, 6, 7, 8]",2000.409824,2000.418217,4.149907,0,54,2343.0,"0.020459663434340494,0.010618917711206962,0.04004848965369483,0.01390688032503666,0.013446344721529602,0.012663100881328139,0.01133849350002446,0.010618917711206962",0.016638,1.179388,3.320415,22,22
2000418016849_Node0_Node8_Zero,"[0, 1, 2, 3, 4, 5, 6, 7, 8]",2000.418017,2000.431389,inf,0,42,2343.0,"0.012209345404513447,0.01943372112422128,0.01943372112422128,0.010618917711206962,0.04004848965369483,0.012822618564460542",0.019094,0.40873,inf,22,22
2000426212831_Node0_Node8_Zero,"[0, 1, 2, 3, 4, 5, 6, 7, 8]",2000.426213,2000.432591,inf,0,42,2343.0,"0.010618917711206962,0.01943372112422128,0.01943372112422128,0.010618917711206962,0.04004848965369483,0.012822618564460542",0.018829,0.637987,inf,22,22
2000434406650_Node0_Node8_Zero,"[0, 1, 2, 3, 4, 5, 6, 7, 8]",2000.434407,2000.473608,4.180899,0,55,2327.5,"0.01943372112422128,0.014536608116991104,0.01943372112422128,0.010618917711206962,0.013782596698302105,0.012029286257289253,0.015411878653298794,0.011135314917799899",0.014548,0.650695,3.481887,22,22
2000442602070_Node0_Node8_Zero,"[0, 1, 2, 3, 4, 5, 6, 7, 8]",2000.442602,2000.473608,4.178268,0,53,2327.5,"0.01943372112422128,0.014536608116991104,0.010618917711206962,0.024243420786640654,0.013782596698302105,0.012029286257289253,0.01104005535009412,0.012262797655523355",0.014743,0.760908,3.834438,22,22
2000450800517_Node0_Node8_Zero,"[0, 1, 2, 3, 4, 5, 6, 7, 8]",2000.450801,2000.493107,inf,0,14,2327.5,"0.01584362250540224,0.010618917711206962",0.013231,0.70006,inf,22,22
2000458998324_Node0_Node8_Zero,"[0, 1, 2, 3, 4, 5, 6, 7, 8]",2000.458998,2000.493107,inf,0,34,2327.5,"0.01584362250540224,0.010618917711206962,0.010618917711206962,0.012822618564460542,0.013509021590293739",0.012683,0.70006,inf,22,22
2000467197354_Node0_Node8_Zero,"[0, 1, 2, 3, 4, 5, 6, 7, 8]",2000.467197,2000.49493,0.830808,0,56,2327.5,"0.010618917711206962,0.02237450349814634,0.010618917711206962,0.014536608116991104,0.024206614711909047,0.013303670354281334,0.010618917711206962,0.022848556762784997",0.016141,0.245544,7.144484,22,22
2000475397182_Node0_Node8_Zero,"[0, 1, 2, 3, 4, 5, 6, 7, 8]",2000.475397,2000.49493,2.599139,0,56,2327.5,"0.010618917711206962,0.02237450349814634,0.010618917711206962,0.014536608116991104,0.024206614711909047,0.013303670354281334,0.010618917711206962,0.010618917711206962",0.014612,0.469204,3.320415,22,22
2000483590988_Node0_Node8_Zero,"[0, 1, 2, 3, 4, 5, 6, 7, 8]",2000.483591,2000.510068,1.646598,0,56,2327.5,"0.010618917711206962,0.029016566242297544,0.026213779208263382,0.013446344721529602,0.034617364338381106,0.011598340312652996,0.021625829065972504,0.010618917711206962",0.01972,0.809586,3.320415,22,22
2000491783256_Node0_Node8_Zero,"[0, 1, 2, 3, 4, 5, 6, 7, 8]",2000.491783,2000.510068,1.638406,0,56,2327.5,"0.010618917711206962,0.029016566242297544,0.026213779208263382,0.013446344721529602,0.034617364338381106,0.011598340312652996,0.021625829065972504,0.010618917711206962",0.01972,0.809586,3.320415,22,22
2000499975509_Node0_Node8_Zero,"[0, 1, 2, 3, 4, 5, 6, 7, 8]",2000.499976,2000.519413,0.702217,0,55,2327.5,"0.010618917711206962,0.010618917711206962,0.010618917711206962,0.012822618564460542,0.012263817329839364,0.012657603444315928,0.011465780845452956,0.010618917711206962",0.011461,0.855451,3.320415,22,22
2000508170579_Node0_Node8_Zero,"[0, 1, 2, 3, 4, 5, 6, 7, 8]",2000.508171,2000.519413,inf,0,34,2327.5,"0.010618917711206962,0.014952070879218451,0.010618917711206962,0.014536608116991104,0.013142302336076233",0.012774,1.07051,inf,22,22
2000516366473_Node0_Node8_Zero,"[0, 1, 2, 3, 4, 5, 6, 7, 8]",2000.516366,2000.523338,inf,0,14,2343.0,"0.022163071219821116,0.010618917711206962",0.016391,1.618822,inf,22,22
2000524568184_Node0_Node8_Zero,"[0, 1, 2, 3, 4, 5, 6, 7, 8]",2000.524568,2000.536989,inf,0,9,2327.5,"0.022163071219821116,0.010618917711206962",0.016391,1.637801,inf,22,22
2000532763687_Node0_Node8_Zero,"[0, 1, 2, 3, 4, 5, 6, 7, 8]",2000.532764,2000.536989,inf,0,9,2327.5,"0.022163071219821116,0.010618917711206962",0.016391,1.148025,inf,22,22
2000540957191_Node0_Node8_Zero,"[0, 1, 2, 3, 4, 5, 6, 7, 8]",2000.540957,2000.552085,2.832934,0,55,2327.5,"0.01584362250540224,0.01392647065664636,0.012822618564460542,0.014536608116991104,0.015938021942145886,0.01696140382829511,0.013260885205255103,0.012611045011623977",0.014488,1.146677,3.943331,22,22
2000549156930_Node0_Node8_Zero,"[0, 1, 2, 3, 4, 5, 6, 7, 8]",2000.549157,2000.552085,2.824734,0,54,2327.5,"0.01584362250540224,0.01392647065664636,0.020246743498516385,0.014536608116991104,0.015938021942145886,0.01696140382829511,0.013260885205255103,0.012611045011623977",0.015416,1.146677,3.943331,22,22
2000557355376_Node0_Node8_Zero,"[0, 1, 2, 3, 4, 5, 6, 7, 8]",2000.557355,2000.558282,1.933231,0,56,2343.0,"0.010618917711206962,0.012971949204637194,0.012822618564460542,0.010618917711206962,0.04004848965369483,0.012822618564460542,0.012029286257289253,0.01564241812299718",0.015947,0.662825,4.891207,22,22
2000565549456_Node0_Node8_Zero,"[0, 1, 2, 3, 4, 5, 6, 7, 8]",2000.565549,2000.566847,0.976951,0,55,2343.0,"0.024714601093491533,0.012971949204637194,0.020246743498516385,0.010618917711206962,0.024206614711909047,0.010618917711206962,0.011692538156539109,0.013036712869257127",0.016013,0.554662,4.076432,22,22
2000573743463_Node0_Node8_Zero,"[0, 1, 2, 3, 4, 5, 6, 7, 8]",2000.573743,2000.677086,inf,0,1,2343.0,0.01584362250540224,0.01584362250540224,0.70006,inf,22,22
2000581940521_Node0_Node8_Zero,"[0, 1, 2, 3, 4, 5, 6, 7, 8]",2000.581941,2000.682089,0.970903,0,56,2327.5,"0.023508551369348492,0.012822618564460542,0.010618917711206962,0.010618917711206962,0.01943372112422128,0.010618917711206962,0.010618917711206962,0.011598340312652996",0.01373,0.554662,3.626669,22,22
2000590142153_Node0_Node8_Zero,"[0, 1, 2, 3, 4, 5, 6, 7, 8]",2000.590142,2000.682089,inf,0,18,2327.5,"0.023508551369348492,0.013115306619206782,0.012822618564460542",0.016482,0.818648,inf,22,22
2000598337969_Node0_Node8_Zero,"[0, 1, 2, 3, 4, 5, 6, 7, 8]",2000.598338,2000.686049,2.249083,0,55,2327.5,"0.01943372112422128,0.013115306619206782,0.012936949835845792,0.010618917711206962,0.013509021590293739,0.011109790456054643,0.01185505139425506,0.012778789513672902",0.01317,0.774339,3.995782,22,22
2000606536036_Node0_Node8_Zero,"[0, 1, 2, 3, 4, 5, 6, 7, 8]",2000.606536,2000.686049,0.935964,0,55,2327.5,"0.01943372112422128,0.012822618564460542,0.010618917711206962,0.010618917711206962,0.01943372112422128,0.012029286257289253,0.011692538156539109,0.013036712869257127",0.013711,0.554662,4.076432,22,22
2000614733617_Node0_Node8_Zero,"[0, 1, 2, 3, 4, 5, 6, 7, 8]",2000.614734,2000.698958,inf,0,17,2327.5,"0.02178077888834139,0.01943372112422128,0.012822618564460542",0.018012,0.740544,inf,22,22
2000622928317_Node0_Node8_Zero,"[0, 1, 2, 3, 4, 5, 6, 7, 8]",2000.622928,2000.698958,inf,0,32,2327.5,"0.02178077888834139,0.01943372112422128,0.010618917711206962,0.010618917711206962,0.010618917711206962",0.014614,0.906436,inf,22,22
2000631121233_Node0_Node8_Zero,"[0, 1, 2, 3, 4, 5, 6, 7, 8]",2000.631121,2000.702978,inf,0,35,2327.5,"0.012497321442667138,0.013115306619206782,0.010618917711206962,0.014897951394455594,0.010618917711206962",0.01235,0.785904,inf,22,22
2000639318826_Node0_Node8_Zero,"[0, 1, 2, 3, 4, 5, 6, 7, 8]",2000.639319,2000.702978,1.252363,0,54,2327.5,"0.012497321442667138,0.015349630491286211,0.010618917711206962,0.010618917711206962,0.010618917711206962,0.04004848965369483,0.010618917711206962,0.011598340312652996",0.015246,0.713129,3.626669,22,22
2000647514631_Node0_Node8_Zero,"[0, 1, 2, 3, 4, 5, 6, 7, 8]",2000.647515,2000.705145,0.849928,0,56,2327.5,"0.01238474421595194,0.04004848965369483,0.010618917711206962,0.014897951394455594,0.01943372112422128,0.012029286257289253,0.012822618564460542,0.02185151628227144",0.018011,0.262389,6.832721,22,22
2000655707514_Node0_Node8_Zero,"[0, 1, 2, 3, 4, 5, 6, 7, 8]",2000.655708,2000.705145,1.044606,0,54,2327.5,"0.01238474421595194,0.04004848965369483,0.012936949835845792,0.010618917711206962,0.010618917711206962,0.02797582469515748,0.013411654770021101,0.022069534042892948",0.018758,0.472071,6.900893,22,22
2000663904120_Node0_Node8_Zero,"[0, 1, 2, 3, 4, 5, 6, 7, 8]",2000.663904,2000.745362,3.807686,0,48,2327.5,"0.020939661280016626,0.015349630491286211,0.010618917711206962,0.010618917711206962,0.010618917711206962,0.010618917711206962,0.010618917711206962,0.012029286257289253",0.012677,1.002073,3.761421,22,22
2000672098620_Node0_Node8_Zero,"[0, 1, 2, 3, 4, 5, 6, 7, 8]",2000.672099,2000.745362,inf,0,25,2327.5,"0.020939661280016626,0.01392647065664636,0.010618917711206962,0.014536608116991104,0.01943372112422128",0.015891,0.336133,inf,22,22
2000680295815_Node0_Node8_Zero,"[0, 1, 2, 3, 4, 5, 6, 7, 8]",2000.680296,2000.755879,2.167125,0,55,2327.5,"0.012497321442667138,0.01215936983717647,0.010618917711206962,0.010618917711206962,0.013509021590293739,0.011109790456054643,0.01185505139425506,0.012778789513672902",0.011893,0.956522,3.995782,22,22
2000688495863_Node0_Node8_Zero,"[0, 1, 2, 3, 4, 5, 6, 7, 8]",2000.688496,2000.755879,0.884104,0,55,2327.5,"0.012497321442667138,0.01215936983717647,0.014536608116991104,0.010618917711206962,0.03143191788039835,0.010618917711206962,0.017788697614171543,0.011598340312652996",0.015156,0.768541,3.626669,22,22
2000696688758_Node0_Node8_Zero,"[0, 1, 2, 3, 4, 5, 6, 7, 8]",2000.696689,2000.75627,0.800754,0,51,2327.5,"0.010618917711206962,0.014451469517907062,0.010618917711206962,0.014897951394455594,0.010618917711206962,0.04004848965369483,0.012822618564460542,0.02185151628227144",0.016991,0.662825,6.832721,22,22
2000704882785_Node0_Node8_Zero,"[0, 1, 2, 3, 4, 5, 6, 7, 8]",2000.704883,2000.75627,1.331395,0,50,2327.5,"0.010618917711206962,0.014451469517907062,0.010618917711206962,0.014536608116991104,0.01943372112422128,0.01253831275757902,0.010979558911503219,0.012029286257289253",0.013151,0.974982,3.761421,22,22
2000713077302_Node0_Node8_Zero,"[0, 1, 2, 3, 4, 5, 6, 7, 8]",2000.713077,2000.815279,1.178605,0,51,2343.0,"0.013280412021415366,0.025162887219211384,0.010618917711206962,0.014897951394455594,0.01943372112422128,0.010618917711206962,0.017788697614171543,0.011598340312652996",0.015425,0.502107,3.626669,11,11
2000721277830_Node0_Node8_Zero,"[0, 1, 2, 3, 4, 5, 6, 7, 8]",2000.721278,2001.412011,2.171647,0,55,2343.0,"0.005812923998837471,0.013521161808662896,0.023251293325350218,0.010618917711206962,0.022147598704231226,0.013230093870731395,0.011072804950946983,0.013054905432649724",0.014089,0.30791,4.082121,11,11
2000729474283_Node0_Node8_Zero,"[0, 1, 2, 3, 4, 5, 6, 7, 8]",2000.729474,2001.414071,2.184185,0,54,2343.0,"0.0053220512539897905,0.01215936983717647,0.01302587415803432,0.04004848965369483,0.022147598704231226,0.013230093870731395,0.011072804950946983,0.013054905432649724",0.016258,0.281164,4.082121,11,11
2000737672564_Node0_Node8_Zero,"[0, 1, 2, 3, 4, 5, 6, 7, 8]",2000.737673,2001.432893,3.877633,0,50,2343.0,"0.00602890800657045,0.01524474012842438,0.021027018149946154,0.010618917711206962,0.01147246557404513,0.012029286257289253,0.01104005535009412,0.011135314917799899",0.012325,0.340635,3.481887,11,11
2000745865444_Node0_Node8_Zero,"[0, 1, 2, 3, 4, 5, 6, 7, 8]",2000.745865,2001.469609,inf,0,13,2343.0,"0.0066261494092373745,0.010618917711206962",0.008623,0.596372,inf,11,11
2000754057195_Node0_Node8_Zero,"[0, 1, 2, 3, 4, 5, 6, 7, 8]",2000.754057,2001.525671,3.547164,0,54,2343.0,"0.006426514929897072,0.010618917711206962,0.023782694855456234,0.010618917711206962,0.04004848965369483,0.012822618564460542,0.011019587904752434,0.011284174195905609",0.015828,0.465117,3.528433,11,11
2000762258396_Node0_Node8_Zero,"[0, 1, 2, 3, 4, 5, 6, 7, 8]",2000.762258,2001.525989,1.322223,0,54,2343.0,"0.02007173615790435,0.02425905113412126,0.023782694855456234,0.010618917711206962,0.04004848965369483,0.012822618564460542,0.012051042914836073,0.010618917711206962",0.019284,0.527667,3.320415,11,11
2000770450228_Node0_Node8_Zero,"[0, 1, 2, 3, 4, 5, 6, 7, 8]",2000.77045,2001.531118,inf,0,7,2343.0,0.0053220512539897905,0.0053220512539897905,0.201217,inf,11,11
2000778646017_Node0_Node8_Zero,"[0, 1, 2, 3, 4, 5, 6, 7, 8]",2000.778646,2001.539782,3.868009,0,46,2343.0,"0.0053220512539897905,0.010618917711206962,0.012582408690597686,0.01626206214031934,0.012822618564460542,0.010618917711206962,0.011598340312652996,0.012054409584439",0.011485,0.751653,3.769277,11,11
2000786846338_Node0_Node8_Zero,"[0, 1, 2, 3, 4, 5, 6, 7, 8]",2000.786846,2001.556,1.128679,0,56,2343.0,"0.006120707940636621,0.013402183940781938,0.012582408690597686,0.010618917711206962,0.012822618564460542,0.012029286257289253,0.012229678594840743,0.013311597222735875",0.01164,0.207304,4.162385,11,11
2000795044841_Node0_Node8_Zero,"[0, 1, 2, 3, 4, 5, 6, 7, 8]",2000.795045,2001.55635,1.070582,0,51,2343.0,"0.0053220512539897905,0.010618917711206962,0.012582408690597686,0.021100228643098542,0.01147924655398067,0.04004848965369483,0.012229678594840743,0.012054409584439",0.015679,0.219692,3.769277,11,11
2000803244823_Node0_Node8_Zero,"[0, 1, 2, 3, 4, 5, 6, 7, 8]",2000.803245,2001.560776,3.838107,0,55,2343.0,"0.0053220512539897905,0.013402183940781938,0.012582408690597686,0.021100228643098542,0.04004848965369483,0.010618917711206962,0.011598340312652996,0.01092935581982739",0.0157,0.219692,3.417485,11,11
2000811445999_Node0_Node8_Zero,"[0, 1, 2, 3, 4, 5, 6, 7, 8]",2000.811446,2001.571369,inf,0,3,2343.0,0.006573206040154579,0.006573206040154579,0.41654,inf,11,11
2000819643237_Node0_Node8_Zero,"[0, 1, 2, 3, 4, 5, 6, 7, 8]",2000.819643,2001.618275,2.9862,0,54,2343.0,"0.00995340077127344,0.015537722863288276,0.010618917711206962,0.011963181528040883,0.010618917711206962,0.010618917711206962,0.010618917711206962,0.012321974312035492",0.011531,0.586788,3.852941,11,11
2000827840298_Node0_Node8_Zero,"[0, 1, 2, 3, 4, 5, 6, 7, 8]",2000.82784,2001.620375,2.978003,0,54,2343.0,"0.019451698491333564,0.021000353866073483,0.010618917711206962,0.018038534516575975,0.013841199419372464,0.010618917711206962,0.010618917711206962,0.012321974312035492",0.014564,0.83468,3.852941,11,11
2000836039111_Node0_Node8_Zero,"[0, 1, 2, 3, 4, 5, 6, 7, 8]",2000.836039,2001.635198,2.440448,0,52,2343.0,"0.006477570143895481,0.010618917711206962,0.010618917711206962,0.010618917711206962,0.010618917711206962,0.011162074370127362,0.010618917711206962,0.010618917711206962",0.010169,0.240081,3.320415,11,11
2000844239086_Node0_Node8_Zero,"[0, 1, 2, 3, 4, 5, 6, 7, 8]",2000.844239,2001.649542,3.746002,0,54,2343.0,"0.006698100914271559,0.010618917711206962,0.010618917711206962,0.011963181528040883,0.04004848965369483,0.012822618564460542,0.012029286257289253,0.013838216103712197",0.01483,0.429342,4.327053,11,11
2000852433692_Node0_Node8_Zero,"[0, 1, 2, 3, 4, 5, 6, 7, 8]",2000.852434,2001.651622,inf,0,7,2343.0,0.0062148087830800605,0.0062148087830800605,0.230342,inf,11,11
2000860634286_Node0_Node8_Zero,"[0, 1, 2, 3, 4, 5, 6, 7, 8]",2000.860634,2001.653582,1.407344,0,55,2343.0,"0.006111192234089494,0.015537722863288276,0.010618917711206962,0.018038534516575975,0.013841199419372464,0.01164393413588469,0.010618917711206962,0.010618917711206962",0.012129,0.721244,3.320415,11,11
2000868826296_Node0_Node8_Zero,"[0, 1, 2, 3, 4, 5, 6, 7, 8]",2000.868826,2001.673896,3.658132,0,53,2343.0,"0.0060591213737935384,0.010618917711206962,0.01943372112422128,0.020847434795031292,0.010618917711206962,0.018763138951291336,0.010979558911503219,0.011627168010061356",0.013618,0.768541,3.635683,11,11
2000877022351_Node0_Node8_Zero,"[0, 1, 2, 3, 4, 5, 6, 7, 8]",2000.877022,2001.699417,inf,0,1,2343.0,0.0053220512539897905,0.0053220512539897905,0.628109,inf,11,11
2000885214515_Node0_Node8_Zero,"[0, 1, 2, 3, 4, 5, 6, 7, 8]",2000.885215,2001.706225,3.612901,0,55,2343.0,"0.01208765860411522,0.010618917711206962,0.010618917711206962,0.010618917711206962,0.010618917711206962,0.011162074370127362,0.010618917711206962,0.010618917711206962",0.01087,1.002073,3.320415,11,11
2000893412611_Node0_Node8_Zero,"[0, 1, 2, 3, 4, 5, 6, 7, 8]",2000.893413,2001.715439,inf,0,27,2343.0,"0.005836795105208738,0.010618917711206962,0.010618917711206962,0.010618917711206962,0.011325774463787621",0.009804,0.691031,inf,11,11
2000901610033_Node0_Node8_Zero,"[0, 1, 2, 3, 4, 5, 6, 7, 8]",2000.90161,2001.723272,3.271388,0,54,2343.0,"0.005912766772746212,0.010618917711206962,0.02187730675549807,0.03165075591491882,0.04004848965369483,0.012822618564460542,0.012029286257289253,0.011169842924520357",0.018266,0.374689,3.492683,11,11
2000909804208_Node0_Node8_Zero,"[0, 1, 2, 3, 4, 5, 6, 7, 8]",2000.909804,2001.725251,2.297009,0,55,2343.0,"0.005912766772746212,0.015527127582138988,0.010618917711206962,0.01943372112422128,0.010618917711206962,0.011109790456054643,0.010618917711206962,0.015516030718437138",0.01242,0.478963,4.851687,11,11
2000917998929_Node0_Node8_Zero,"[0, 1, 2, 3, 4, 5, 6, 7, 8]",2000.917999,2001.727171,3.603282,0,54,2343.0,"0.00787052229648934,0.01943372112422128,0.01943372112422128,0.012163869733719038,0.012822618564460542,0.010618917711206962,0.010979558911503219,0.013676115402863518",0.013375,0.491272,4.276366,11,11
2000926194291_Node0_Node8_Zero,"[0, 1, 2, 3, 4, 5, 6, 7, 8]",2000.926194,2001.748389,3.424033,0,55,2343.0,"0.005912766772746212,0.010618917711206962,0.02187730675549807,0.03165075591491882,0.0154439327673985,0.014651918906624537,0.010618917711206962,0.011487824140201112",0.015283,0.261259,3.592112,11,11
2000934389300_Node0_Node8_Zero,"[0, 1, 2, 3, 4, 5, 6, 7, 8]",2000.934389,2001.758414,3.415838,0,51,2343.0,"0.005888914404113426,0.021183828463722104,0.010618917711206962,0.010618917711206962,0.0154439327673985,0.014651918906624537,0.010618917711206962,0.011487824140201112",0.012564,0.199454,3.592112,11,11
2000942588655_Node0_Node8_Zero,"[0, 1, 2, 3, 4, 5, 6, 7, 8]",2000.942589,2001.766613,2.491755,0,55,2343.0,"0.02007173615790435,0.015527127582138988,0.010618917711206962,0.011952586246891599,0.01142366961106155,0.014651918906624537,0.013200038476274212,0.012549620576838122",0.013749,0.554662,3.924124,11,11
2000950784250_Node0_Node8_Zero,"[0, 1, 2, 3, 4, 5, 6, 7, 8]",2000.950784,2001.772872,3.547332,0,54,2343.0,"0.005925530576245815,0.021183828463722104,0.014897951394455594,0.010618917711206962,0.03457236650308259,0.010618917711206962,0.014898628335614231,0.010618917711206962",0.015417,0.428858,3.320415,11,11
2000958981886_Node0_Node8_Zero,"[0, 1, 2, 3, 4, 5, 6, 7, 8]",2000.958982,2001.774712,inf,0,14,2343.0,"0.0053220512539897905,0.010618917711206962",0.00797,0.695884,inf,11,11
2000967182808_Node0_Node8_Zero,"[0, 1, 2, 3, 4, 5, 6, 7, 8]",2000.967183,2001.776611,2.309304,0,54,2343.0,"0.0053220512539897905,0.010618917711206962,0.014897951394455594,0.04004848965369483,0.011325774463787621,0.010618917711206962,0.012029286257289253,0.010618917711206962",0.014435,0.337255,3.320415,11,11
2000975376718_Node0_Node8_Zero,"[0, 1, 2, 3, 4, 5, 6, 7, 8]",2000.975377,2001.78249,2.451958,0,54,2343.0,"0.005912766772746212,0.04004848965369483,0.012822618564460542,0.010618917711206962,0.010618917711206962,0.010618917711206962,0.010618917711206962,0.010618917711206962",0.013985,0.427935,3.320415,11,11
2000983573690_Node0_Node8_Zero,"[0, 1, 2, 3, 4, 5, 6, 7, 8]",2000.983574,2001.793233,3.189424,0,53,2343.0,"0.012727217233406233,0.017463898883367333,0.04004848965369483,0.010618917711206962,0.03457236650308259,0.010618917711206962,0.014898628335614231,0.011169842924520357",0.019015,0.471714,3.492683,11,11
2000991773422_Node0_Node8_Zero,"[0, 1, 2, 3, 4, 5, 6, 7, 8]",2000.991773,2001.801791,2.442571,0,55,2343.0,"0.007444621338053586,0.012822618564460542,0.010618917711206962,0.011952586246891599,0.01142366961106155,0.014651918906624537,0.013200038476274212,0.012549620576838122",0.011833,0.262681,3.924124,11,11
2000999971458_Node0_Node8_Zero,"[0, 1, 2, 3, 4, 5, 6, 7, 8]",2000.999971,2001.810764,3.30125,0,48,2343.0,"0.005983601131698117,0.015056942436539971,0.01943372112422128,0.020622533626223315,0.04004848965369483,0.02210854925372587,0.012321974312035492,0.011284174195905609",0.018357,0.686444,3.528433,11,11
2001008165446_Node0_Node8_Zero,"[0, 1, 2, 3, 4, 5, 6, 7, 8]",2001.008165,2001.976108,inf,0,14,2343.0,"0.005827274388456086,0.010618917711206962",0.008223,0.224051,inf,11,11
2001016366729_Node0_Node8_Zero,"[0, 1, 2, 3, 4, 5, 6, 7, 8]",2001.016367,2001.994641,3.504914,0,54,2343.0,"0.00613612959339824,0.012822618564460542,0.015004045173763665,0.022074948812350063,0.010618917711206962,0.011170807682087724,0.010618917711206962,0.013676115402863518",0.012765,0.346942,4.276366,11,11
2001024561909_Node0_Node8_Zero,"[0, 1, 2, 3, 4, 5, 6, 7, 8]",2001.024562,2002.016389,inf,0,1,2343.0,0.0060569413704130845,0.0060569413704130845,1.034879,inf,11,11
2001032759641_Node0_Node8_Zero,"[0, 1, 2, 3, 4, 5, 6, 7, 8]",2001.03276,2002.033385,3.171798,0,55,2343.0,"0.01111324677439364,0.01984406553330653,0.010618917711206962,0.01943372112422128,0.010618917711206962,0.011109790456054643,0.010618917711206962,0.015516030718437138",0.013609,0.478963,4.851687,11,11
2001040958788_Node0_Node8_Zero,"[0, 1, 2, 3, 4, 5, 6, 7, 8]",2001.040959,2002.035364,3.485999,0,53,2343.0,"0.0053220512539897905,0.020101748694110196,0.01943372112422128,0.012163869733719038,0.012822618564460542,0.010618917711206962,0.011598340312652996,0.011627168010061356",0.012961,0.402875,3.635683,11,11
2001049155912_Node0_Node8_Zero,"[0, 1, 2, 3, 4, 5, 6, 7, 8]",2001.049156,2002.037224,inf,0,9,2343.0,"0.0053220512539897905,0.01943372112422128",0.012378,0.385182,inf,11,11
2001057348240_Node0_Node8_Zero,"[0, 1, 2, 3, 4, 5, 6, 7, 8]",2001.057348,2002.166894,2.369987,0,55,2343.0,"0.0053220512539897905,0.015349630491286211,0.010618917711206962,0.010618917711206962,0.010618917711206962,0.010618917711206962,0.010618917711206962,0.010618917711206962",0.010548,0.385182,3.320415,11,11
2001065549949_Node0_Node8_Zero,"[0, 1, 2, 3, 4, 5, 6, 7, 8]",2001.06555,2002.660173,2.713859,0,54,2343.0,"0.0053220512539897905,0.010618917711206962,0.019891847058636787,0.010618917711206962,0.022637007353049805,0.014312740093803438,0.01133849350002446,0.012259635999778057",0.013375,0.385182,3.833449,11,11
2001073749265_Node0_Node8_Zero,"[0, 1, 2, 3, 4, 5, 6, 7, 8]",2001.073749,2002.662312,inf,0,7,2327.5,0.007693017539651367,0.007693017539651367,0.55678,inf,22,22
2001081949120_Node0_Node8_Zero,"[0, 1, 2, 3, 4, 5, 6, 7, 8]",2001.081949,2002.662312,inf,0,7,2327.5,0.007693017539651367,0.007693017539651367,0.582355,inf,22,22
2001090147290_Node0_Node8_Zero,"[0, 1, 2, 3, 4, 5, 6, 7, 8]",2001.090147,2002.666255,inf,0,11,2327.5,"0.012029286257289253,0.014536608116991104,0.010618917711206962",0.012395,1.346066,inf,22,22
2001098339322_Node0_Node8_Zero,"[0, 1, 2, 3, 4, 5, 6, 7, 8]",2001.098339,2002.666255,2.68107,0,52,2327.5,"0.012029286257289253,0.014536608116991104,0.010618917711206962,0.010618917711206962,0.02268581062140172,0.02945049417982237,0.010618917711206962,0.012259635999778057",0.015352,1.005513,3.833449,22,22
2001106538661_Node0_Node8_Zero,"[0, 1, 2, 3, 4, 5, 6, 7, 8]",2001.106539,2002.671279,2.863207,0,55,2327.5,"0.012822618564460542,0.01681515137343729,0.010618917711206962,0.012822618564460542,0.010618917711206962,0.010618917711206962,0.010618917711206962,0.010618917711206962",0.011944,0.586788,3.320415,22,22
2001114737739_Node0_Node8_Zero,"[0, 1, 2, 3, 4, 5, 6, 7, 8]",2001.114738,2002.671279,2.977321,0,53,2327.5,"0.012822618564460542,0.04004848965369483,0.010618917711206962,0.010618917711206962,0.022450444351769964,0.013379832896167046,0.011864411050936484,0.010618917711206962",0.016553,0.554662,3.320415,22,22
2001122934866_Node0_Node8_Zero,"[0, 1, 2, 3, 4, 5, 6, 7, 8]",2001.122935,2002.699437,2.846811,0,54,2327.5,"0.014512755712516466,0.021126222351878374,0.0218730331676337,0.010618917711206962,0.022637007353049805,0.014312740093803438,0.01133849350002446,0.010618917711206962",0.01588,0.554662,3.320415,22,22
2001131128090_Node0_Node8_Zero,"[0, 1, 2, 3, 4, 5, 6, 7, 8]",2001.131128,2002.699437,2.639613,0,55,2327.5,"0.014512755712516466,0.04004848965369483,0.012960676540125584,0.014536608116991104,0.032052845937076205,0.010618917711206962,0.010618917711206962,0.01133849350002446",0.018336,0.937918,3.545418,22,22
2001139319828_Node0_Node8_Zero,"[0, 1, 2, 3, 4, 5, 6, 7, 8]",2001.13932,2002.701313,3.189082,0,53,2327.5,"0.010618917711206962,0.012822618564460542,0.024698642634339095,0.010618917711206962,0.010618917711206962,0.010618917711206962,0.010618917711206962,0.02085151195736531",0.013933,0.683575,6.520031,22,22
2001147519140_Node0_Node8_Zero,"[0, 1, 2, 3, 4, 5, 6, 7, 8]",2001.147519,2002.701313,2.750524,0,55,2327.5,"0.010618917711206962,0.012822618564460542,0.024698642634339095,0.010618917711206962,0.010618917711206962,0.010618917711206962,0.011598340312652996,0.010618917711206962",0.012777,0.637711,3.320415,22,22
2001155712265_Node0_Node8_Zero,"[0, 1, 2, 3, 4, 5, 6, 7, 8]",2001.155712,2002.706907,2.615029,0,56,2327.5,"0.04004848965369483,0.04004848965369483,0.012960676540125584,0.014536608116991104,0.032052845937076205,0.010618917711206962,0.010618917711206962,0.01133849350002446",0.021528,1.002073,3.545418,22,22
2001163906317_Node0_Node8_Zero,"[0, 1, 2, 3, 4, 5, 6, 7, 8]",2001.163906,2002.706907,2.568389,0,55,2327.5,"0.04004848965369483,0.04004848965369483,0.010618917711206962,0.035039043987665865,0.01943372112422128,0.010618917711206962,0.011864411050936484,0.012938308706370116",0.022576,1.27037,4.045662,22,22
2001172104139_Node0_Node8_Zero,"[0, 1, 2, 3, 4, 5, 6, 7, 8]",2001.172104,2002.715668,3.054491,0,55,2327.5,"0.010618917711206962,0.010618917711206962,0.013176046982163046,0.01634332450431357,0.024309063983614532,0.011328473567704783,0.012029286257289253,0.012938308706370116",0.01392,0.373779,4.045662,22,22
2001180302113_Node0_Node8_Zero,"[0, 1, 2, 3, 4, 5, 6, 7, 8]",2001.180302,2002.715668,3.046293,0,55,2327.5,"0.010618917711206962,0.010618917711206962,0.013176046982163046,0.01634332450431357,0.024309063983614532,0.011328473567704783,0.012029286257289253,0.012938308706370116",0.01392,0.373779,4.045662,22,22
2001188496881_Node0_Node8_Zero,"[0, 1, 2, 3, 4, 5, 6, 7, 8]",2001.188497,2002.717691,inf,0,6,2327.5,0.010618917711206962,0.010618917711206962,1.554241,inf,22,22
2001196696154_Node0_Node8_Zero,"[0, 1, 2, 3, 4, 5, 6, 7, 8]",2001.196696,2002.717691,inf,0,6,2327.5,0.010618917711206962,0.010618917711206962,1.554241,inf,22,22
2001204889318_Node0_Node8_Zero,"[0, 1, 2, 3, 4, 5, 6, 7, 8]",2001.204889,2002.719773,2.527406,0,52,2327.5,"0.012029286257289253,0.010618917711206962,0.013031856652964958,0.01302587415803432,0.01943372112422128,0.010618917711206962,0.011864411050936484,0.012938308706370116",0.012945,0.906184,4.045662,22,22
2001213085532_Node0_Node8_Zero,"[0, 1, 2, 3, 4, 5, 6, 7, 8]",2001.213086,2002.719773,2.430941,0,54,2327.5,"0.012029286257289253,0.04004848965369483,0.013223289486684584,0.01634332450431357,0.021036404813117453,0.010618917711206962,0.010618917711206962,0.012896966141281935",0.017102,1.206733,4.032735,22,22
2001221285902_Node0_Node8_Zero,"[0, 1, 2, 3, 4, 5, 6, 7, 8]",2001.221286,2002.727646,inf,0,45,2327.5,"0.01207718539533252,0.010618917711206962,0.015074614105033966,0.01845429852277524,0.01943372112422128,0.015744526678875655,0.011598340312652996",0.014715,1.242472,inf,22,22
2001229482969_Node0_Node8_Zero,"[0, 1, 2, 3, 4, 5, 6, 7, 8]",2001.229483,2002.727646,3.173401,0,50,2327.5,"0.01207718539533252,0.04004848965369483,0.013223289486684584,0.01634332450431357,0.021036404813117453,0.015744526678875655,0.011598340312652996,0.01133849350002446",0.017676,1.289681,3.545418,22,22
2001237680673_Node0_Node8_Zero,"[0, 1, 2, 3, 4, 5, 6, 7, 8]",2001.237681,2002.846455,3.090721,0,54,2327.5,"0.010618917711206962,0.024714191890728654,0.017788697614171543,0.014715674626041137,0.023498832995696824,0.010618917711206962,0.013332746400461514,0.02085151195736531",0.017017,0.734024,6.520031,22,22
2001245882237_Node0_Node8_Zero,"[0, 1, 2, 3, 4, 5, 6, 7, 8]",2001.245882,2002.846455,2.940894,0,55,2327.5,"0.010618917711206962,0.010618917711206962,0.015074614105033966,0.01845429852277524,0.01943372112422128,0.010618917711206962,0.013332746400461514,0.011169842924520357",0.013665,0.82901,3.492683,22,22
2001254074625_Node0_Node8_Zero,"[0, 1, 2, 3, 4, 5, 6, 7, 8]",2001.254075,2002.84665,3.000674,0,53,2327.5,"0.010618917711206962,0.010618917711206962,0.013031856652964958,0.01302587415803432,0.02418557266970455,0.04004848965369483,0.011487824140201112,0.015535442554992068",0.017319,0.380651,4.857756,22,22
2001262275509_Node0_Node8_Zero,"[0, 1, 2, 3, 4, 5, 6, 7, 8]",2001.262276,2002.84665,2.606603,0,54,2327.5,"0.010618917711206962,0.01943372112422128,0.017736100064793037,0.014536608116991104,0.03043421566191559,0.012029286257289253,0.011423970428978818,0.015056942436539971",0.016409,0.693173,4.708135,22,22
2001270474006_Node0_Node8_Zero,"[0, 1, 2, 3, 4, 5, 6, 7, 8]",2001.270474,2002.923297,2.373553,0,54,2327.5,"0.01943372112422128,0.010618917711206962,0.017788697614171543,0.014715674626041137,0.023498832995696824,0.010618917711206962,0.010618917711206962,0.012896966141281935",0.015024,0.666321,4.032735,22,22
2001278672169_Node0_Node8_Zero,"[0, 1, 2, 3, 4, 5, 6, 7, 8]",2001.278672,2002.923297,2.590207,0,55,2327.5,"0.01943372112422128,0.01392647065664636,0.017736100064793037,0.014536608116991104,0.03043421566191559,0.012029286257289253,0.011423970428978818,0.015056942436539971",0.016822,0.693173,4.708135,22,22
2001286872593_Node0_Node8_Zero,"[0, 1, 2, 3, 4, 5, 6, 7, 8]",2001.286873,2003.10591,inf,0,6,2327.5,0.01207718539533252,0.01207718539533252,0.575467,inf,22,22
2001295067161_Node0_Node8_Zero,"[0, 1, 2, 3, 4, 5, 6, 7, 8]",2001.295067,2003.10591,inf,0,6,2327.5,0.01207718539533252,0.01207718539533252,0.735456,inf,22,22
2001303264303_Node0_Node8_Zero,"[0, 1, 2, 3, 4, 5, 6, 7, 8]",2001.303264,2003.106509,inf,0,6,2327.5,0.011598340312652996,0.011598340312652996,0.55265,inf,22,22
2001311459135_Node0_Node8_Zero,"[0, 1, 2, 3, 4, 5, 6, 7, 8]",2001.311459,2003.106509,inf,0,6,2327.5,0.011598340312652996,0.011598340312652996,0.634737,inf,22,22
2001319660446_Node0_Node8_Zero,"[0, 1, 2, 3, 4, 5, 6, 7, 8]",2001.31966,2003.181624,inf,0,6,2327.5,0.0061003744104103415,0.0061003744104103415,0.902489,inf,22,22
2001327858229_Node0_Node8_Zero,"[0, 1, 2, 3, 4, 5, 6, 7, 8]",2001.327858,2003.181624,inf,0,6,2327.5,0.0061003744104103415,0.0061003744104103415,0.902489,inf,22,22
2001336056330_Node0_Node8_Zero,"[0, 1, 2, 3, 4, 5, 6, 7, 8]",2001.336056,2003.240169,3.037755,0,53,2327.5,"0.013188768005959483,0.020922610825471477,0.03025138150360107,0.017463110749433068,0.013218581178095564,0.010618917711206962,0.01133849350002446,0.015169287692793425",0.016521,0.283717,4.743264,22,22
2001344254675_Node0_Node8_Zero,"[0, 1, 2, 3, 4, 5, 6, 7, 8]",2001.344255,2003.240169,2.747804,0,53,2327.5,"0.013188768005959483,0.020922610825471477,0.03025138150360107,0.017463110749433068,0.021431744696819344,0.013379832896167046,0.011864411050936484,0.010618917711206962",0.01739,0.283717,3.320415,22,22
2001352448472_Node0_Node8_Zero,"[0, 1, 2, 3, 4, 5, 6, 7, 8]",2001.352448,2003.24564,2.595726,0,54,2327.5,"0.012822618564460542,0.010618917711206962,0.015349630491286211,0.010618917711206962,0.010618917711206962,0.012822618564460542,0.014312740093803438,0.020246743498516385",0.013426,0.496465,6.330927,22,22
2001360644610_Node0_Node8_Zero,"[0, 1, 2, 3, 4, 5, 6, 7, 8]",2001.360645,2003.24564,inf,0,40,2327.5,"0.012822618564460542,0.010618917711206962,0.013303952355160832,0.020218384845008285,0.010618917711206962,0.012189934900560718,0.011598340312652996",0.013053,0.697292,inf,22,22
2001368844696_Node0_Node8_Zero,"[0, 1, 2, 3, 4, 5, 6, 7, 8]",2001.368845,2003.252362,2.690163,0,50,2327.5,"0.012822618564460542,0.012144691454906396,0.015349630491286211,0.01471036918201038,0.012238577425260907,0.010618917711206962,0.011644462258627492,0.011935816060731068",0.012683,0.580139,3.732194,22,22
2001377037880_Node0_Node8_Zero,"[0, 1, 2, 3, 4, 5, 6, 7, 8]",2001.377038,2003.252362,2.571136,0,53,2327.5,"0.012822618564460542,0.012144691454906396,0.013303952355160832,0.010618917711206962,0.010618917711206962,0.012822618564460542,0.014312740093803438,0.020246743498516385",0.013361,0.496465,6.330927,22,22
2001385230988_Node0_Node8_Zero,"[0, 1, 2, 3, 4, 5, 6, 7, 8]",2001.385231,2003.268588,inf,0,6,2327.5,0.012969869808788868,0.012969869808788868,1.898339,inf,22,22
2001393427178_Node0_Node8_Zero,"[0, 1, 2, 3, 4, 5, 6, 7, 8]",2001.393427,2003.268588,inf,0,6,2327.5,0.012969869808788868,0.012969869808788868,1.898339,inf,22,22
2001401623673_Node0_Node8_Zero,"[0, 1, 2, 3, 4, 5, 6, 7, 8]",2001.401624,2003.269347,inf,0,39,2327.5,"0.04004848965369483,0.016427624661477954,0.010618917711206962,0.020218384845008285,0.010618917711206962,0.012189934900560718,0.011598340312652996",0.017389,1.133776,inf,22,22
2001409825385_Node0_Node8_Zero,"[0, 1, 2, 3, 4, 5, 6, 7, 8]",2001.409825,2003.269347,inf,0,35,2327.5,"0.04004848965369483,0.016427624661477954,0.021472957865354383,0.04004848965369483,0.03402495385371552,0.03186620449921118",0.030648,0.775228,inf,22,22
2001418025254_Node0_Node8_Zero,"[0, 1, 2, 3, 4, 5, 6, 7, 8]",2001.418025,2003.277374,2.692449,0,54,2327.5,"0.012822618564460542,0.014536608116991104,0.010618917711206962,0.01471036918201038,0.012238577425260907,0.010618917711206962,0.021787151538226048,0.0150875333303045",0.014053,1.183245,4.7177,22,22
2001426220485_Node0_Node8_Zero,"[0, 1, 2, 3, 4, 5, 6, 7, 8]",2001.42622,2003.277374,inf,0,39,2327.5,"0.012822618564460542,0.014536608116991104,0.010618917711206962,0.012822618564460542,0.012029286257289253,0.011738285927671644",0.012428,0.727689,inf,22,22
2001434412552_Node0_Node8_Zero,"[0, 1, 2, 3, 4, 5, 6, 7, 8]",2001.434413,2003.282511,inf,0,2,2327.5,0.012822618564460542,0.012822618564460542,1.2842,inf,22,22
2001442613962_Node0_Node8_Zero,"[0, 1, 2, 3, 4, 5, 6, 7, 8]",2001.442614,2003.282511,inf,0,2,2327.5,0.012822618564460542,0.012822618564460542,1.357868,inf,22,22
2001450806321_Node0_Node8_Zero,"[0, 1, 2, 3, 4, 5, 6, 7, 8]",2001.450806,2003.303949,inf,0,42,2327.5,"0.011678482810998238,0.010618917711206962,0.030003011990057706,0.010618917711206962,0.025595941215786837,0.013743623806233453",0.017043,0.266158,inf,22,22
2001459007725_Node0_Node8_Zero,"[0, 1, 2, 3, 4, 5, 6, 7, 8]",2001.459008,2003.303949,inf,0,31,2327.5,"0.011678482810998238,0.010618917711206962,0.04004848965369483,0.010618917711206962,0.010618917711206962,0.012822618564460542",0.016068,1.17331,inf,22,22
2001467206187_Node0_Node8_Zero,"[0, 1, 2, 3, 4, 5, 6, 7, 8]",2001.467206,2003.307785,inf,0,40,2327.5,"0.017788697614171543,0.010618917711206962,0.015056942436539971,0.010618917711206962,0.01215936983717647,0.012618729612023916,0.02158750937742691",0.01435,0.803843,inf,22,22
2001475398376_Node0_Node8_Zero,"[0, 1, 2, 3, 4, 5, 6, 7, 8]",2001.475398,2003.307785,inf,0,40,2327.5,"0.017788697614171543,0.010618917711206962,0.015056942436539971,0.010618917711206962,0.01215936983717647,0.012618729612023916,0.02158750937742691",0.01435,1.099542,inf,22,22
2001483593937_Node0_Node8_Zero,"[0, 1, 2, 3, 4, 5, 6, 7, 8]",2001.483594,2003.31149,inf,0,37,2327.5,"0.023813877003509596,0.010618917711206962,0.010618917711206962,0.012822618564460542,0.012029286257289253,0.011738285927671644",0.013607,0.951122,inf,22,22
2001491794537_Node0_Node8_Zero,"[0, 1, 2, 3, 4, 5, 6, 7, 8]",2001.491795,2003.31149,inf,0,34,2327.5,"0.023813877003509596,0.010618917711206962,0.021472957865354383,0.04004848965369483,0.03402495385371552,0.03186620449921118",0.026974,0.775228,inf,22,22
2001499988997_Node0_Node8_Zero,"[0, 1, 2, 3, 4, 5, 6, 7, 8]",2001.499989,2003.313493,inf,0,30,2327.5,"0.019541821964104415,0.010618917711206962,0.04004848965369483,0.010618917711206962,0.010618917711206962,0.012822618564460542",0.017378,1.17331,inf,22,22
2001508186129_Node0_Node8_Zero,"[0, 1, 2, 3, 4, 5, 6, 7, 8]",2001.508186,2003.313493,inf,0,41,2327.5,"0.019541821964104415,0.010618917711206962,0.030003011990057706,0.010618917711206962,0.025595941215786837,0.013743623806233453",0.018354,0.266158,inf,22,22
2001516384175_Node0_Node8_Zero,"[0, 1, 2, 3, 4, 5, 6, 7, 8]",2001.516384,2003.317438,inf,0,7,2327.5,0.011755419609409668,0.011755419609409668,1.221815,inf,22,22
2001524575950_Node0_Node8_Zero,"[0, 1, 2, 3, 4, 5, 6, 7, 8]",2001.524576,2003.317438,inf,0,7,2327.5,0.011755419609409668,0.011755419609409668,1.554159,inf,22,22
2001532771587_Node0_Node8_Zero,"[0, 1, 2, 3, 4, 5, 6, 7, 8]",2001.532772,2003.446811,inf,0,7,2327.5,0.011880317120245825,0.011880317120245825,1.474625,inf,22,22
2001540965094_Node0_Node8_Zero,"[0, 1, 2, 3, 4, 5, 6, 7, 8]",2001.540965,2003.446811,inf,0,19,2327.5,"0.011880317120245825,0.012822618564460542,0.012936949835845792",0.012547,0.807396,inf,22,22
2001549164470_Node0_Node8_Zero,"[0, 1, 2, 3, 4, 5, 6, 7, 8]",2001.549164,2003.54535,inf,0,18,2327.5,"0.010618917711206962,0.016042548272786453,0.012936949835845792",0.013199,1.158745,inf,22,22
2001557362857_Node0_Node8_Zero,"[0, 1, 2, 3, 4, 5, 6, 7, 8]",2001.557363,2003.54535,inf,0,37,2327.5,"0.010618917711206962,0.010618917711206962,0.010618917711206962,0.013152673562539931,0.020488269301116642,0.03132012927167025",0.016136,0.503289,inf,22,22
2001565556784_Node0_Node8_Zero,"[0, 1, 2, 3, 4, 5, 6, 7, 8]",2001.565557,2003.545769,inf,0,35,2327.5,"0.04004848965369483,0.016042548272786453,0.02675092249287727,0.013446344721529602,0.010618917711206962,0.011598340312652996",0.019751,0.718666,inf,22,22
2001573757861_Node0_Node8_Zero,"[0, 1, 2, 3, 4, 5, 6, 7, 8]",2001.573758,2003.545769,inf,0,36,2327.5,"0.04004848965369483,0.010618917711206962,0.02675092249287727,0.013446344721529602,0.010618917711206962,0.011598340312652996",0.018847,0.503289,inf,22,22
2001581950741_Node0_Node8_Zero,"[0, 1, 2, 3, 4, 5, 6, 7, 8]",2001.581951,2003.556023,inf,0,38,2327.5,"0.019573332451580615,0.013081090737437918,0.010618917711206962,0.010618917711206962,0.010618917711206962,0.021364423989852444",0.014313,0.7376,inf,22,22
2001590151092_Node0_Node8_Zero,"[0, 1, 2, 3, 4, 5, 6, 7, 8]",2001.590151,2003.556023,inf,0,33,2327.5,"0.019573332451580615,0.013081090737437918,0.010618917711206962,0.013753583471036687,0.010618917711206962,0.04004848965369483",0.017949,0.768541,inf,22,22
2001598346692_Node0_Node8_Zero,"[0, 1, 2, 3, 4, 5, 6, 7, 8]",2001.598347,2003.563844,inf,0,32,2327.5,"0.018379983720934454,0.012337339883337439,0.010618917711206962,0.010618917711206962,0.010618917711206962,0.013200038476274212,0.010618917711206962",0.012342,0.554662,inf,22,22
2001606548058_Node0_Node8_Zero,"[0, 1, 2, 3, 4, 5, 6, 7, 8]",2001.606548,2003.563844,inf,0,34,2327.5,"0.018379983720934454,0.012337339883337439,0.010618917711206962,0.010618917711206962,0.010618917711206962,0.013200038476274212,0.010618917711206962",0.012342,0.554662,inf,22,22
2001614745367_Node0_Node8_Zero,"[0, 1, 2, 3, 4, 5, 6, 7, 8]",2001.614745,2003.564363,inf,0,40,2327.5,"0.04004848965369483,0.012337339883337439,0.010618917711206962,0.010618917711206962,0.010618917711206962,0.021364423989852444,0.010618917711206962",0.016604,1.226121,inf,22,22
2001622940706_Node0_Node8_Zero,"[0, 1, 2, 3, 4, 5, 6, 7, 8]",2001.622941,2003.564363,inf,0,17,2327.5,"0.04004848965369483,0.012337339883337439,0.010618917711206962",0.021002,1.137265,inf,22,22
2001631134150_Node0_Node8_Zero,"[0, 1, 2, 3, 4, 5, 6, 7, 8]",2001.631134,2003.580519,inf,0,0,2327.5,0.010618917711206962,0.010618917711206962,1.403904,inf,22,22
2001639330367_Node0_Node8_Zero,"[0, 1, 2, 3, 4, 5, 6, 7, 8]",2001.63933,2003.580519,inf,0,0,2327.5,0.010618917711206962,0.010618917711206962,1.403904,inf,22,22
2001647527743_Node0_Node8_Zero,"[0, 1, 2, 3, 4, 5, 6, 7, 8]",2001.647528,2003.591925,inf,0,39,2327.5,"0.012029286257289253,0.010618917711206962,0.010618917711206962,0.013753583471036687,0.010618917711206962,0.04004848965369483,0.010618917711206962",0.015472,0.728958,inf,22,22
2001655722824_Node0_Node8_Zero,"[0, 1, 2, 3, 4, 5, 6, 7, 8]",2001.655723,2003.591925,inf,0,43,2327.5,"0.012029286257289253,0.010618917711206962,0.010618917711206962,0.017070363968324075,0.010618917711206962,0.010618917711206962,0.013542194353278036,0.011500043309501046",0.012077,0.768541,inf,22,22
2001663921747_Node0_Node8_Zero,"[0, 1, 2, 3, 4, 5, 6, 7, 8]",2001.663922,2003.608466,inf,0,3,2327.5,"0.010618917711206962,0.013115306619206782",0.011867,1.403904,inf,22,22
2001672113677_Node0_Node8_Zero,"[0, 1, 2, 3, 4, 5, 6, 7, 8]",2001.672114,2003.608466,inf,0,3,2327.5,"0.010618917711206962,0.013115306619206782,0.010618917711206962",0.011451,1.403904,inf,22,22
2001680315255_Node0_Node8_Zero,"[0, 1, 2, 3, 4, 5, 6, 7, 8]",2001.680315,2003.623863,inf,0,13,2327.5,"0.01971537399176147,0.04004848965369483,0.010618917711206962",0.023461,1.114621,inf,22,22
2001688515182_Node0_Node8_Zero,"[0, 1, 2, 3, 4, 5, 6, 7, 8]",2001.688515,2003.623863,3.018084,0,53,2327.5,"0.01971537399176147,0.04004848965369483,0.010618917711206962,0.017070363968324075,0.010618917711206962,0.010618917711206962,0.013542194353278036,0.011500043309501046",0.016717,0.803843,3.320415,22,22
2001696712081_Node0_Node8_Zero,"[0, 1, 2, 3, 4, 5, 6, 7, 8]",2001.696712,2003.625685,3.01444,0,41,2327.5,"0.012194708447994774,0.04004848965369483,0.014536608116991104,0.010618917711206962,0.010618917711206962,0.012822618564460542,0.010618917711206962,0.01133849350002446",0.01535,1.309417,3.545418,22,22
2001704911338_Node0_Node8_Zero,"[0, 1, 2, 3, 4, 5, 6, 7, 8]",2001.704911,2003.625685,3.006241,0,41,2327.5,"0.012194708447994774,0.04004848965369483,0.014536608116991104,0.010618917711206962,0.010618917711206962,0.012822618564460542,0.010618917711206962,0.01133849350002446",0.01535,1.309417,3.545418,22,22
2001713111266_Node0_Node8_Zero,"[0, 1, 2, 3, 4, 5, 6, 7, 8]",2001.713111,2003.631682,inf,0,14,2327.5,"0.010618917711206962,0.013002939185737328",0.011811,1.457861,inf,22,22
2001721306858_Node0_Node8_Zero,"[0, 1, 2, 3, 4, 5, 6, 7, 8]",2001.721307,2003.631682,inf,0,13,2327.5,"0.010618917711206962,0.012102458270975813",0.011361,1.457861,inf,22,22
2001729505227_Node0_Node8_Zero,"[0, 1, 2, 3, 4, 5, 6, 7, 8]",2001.729505,2003.633524,inf,0,12,2327.5,"0.010618917711206962,0.012102458270975813",0.011361,1.403904,inf,22,22
2001737699898_Node0_Node8_Zero,"[0, 1, 2, 3, 4, 5, 6, 7, 8]",2001.7377,2003.633524,inf,0,13,2327.5,"0.010618917711206962,0.015056942436539971",0.012838,0.507378,inf,22,22
2001745900640_Node0_Node8_Zero,"[0, 1, 2, 3, 4, 5, 6, 7, 8]",2001.745901,2003.649729,inf,0,8,2327.5,"0.012124857867002313,0.015056942436539971",0.013591,1.145467,inf,22,22
2001754095986_Node0_Node8_Zero,"[0, 1, 2, 3, 4, 5, 6, 7, 8]",2001.754096,2003.649729,inf,0,8,2327.5,"0.012124857867002313,0.013002939185737328",0.012564,3.791305,inf,22,22
2001762288882_Node0_Node8_Zero,"[0, 1, 2, 3, 4, 5, 6, 7, 8]",2001.762289,2003.83651,inf,0,6,2327.5,0.011598340312652996,0.011598340312652996,3.626669,inf,22,22
2001770484449_Node0_Node8_Zero,"[0, 1, 2, 3, 4, 5, 6, 7, 8]",2001.770484,2003.83651,inf,0,12,2327.5,"0.011598340312652996,0.029593010139595706",0.020596,0.378811,inf,22,22
2001778683067_Node0_Node8_Zero,"[0, 1, 2, 3, 4, 5, 6, 7, 8]",2001.778683,2003.838392,inf,0,7,2327.5,"0.014536608116991104,0.03040603251389081",0.022471,1.407599,inf,22,22
2001786883231_Node0_Node8_Zero,"[0, 1, 2, 3, 4, 5, 6, 7, 8]",2001.786883,2003.838392,inf,0,7,2327.5,"0.014536608116991104,0.03040603251389081",0.022471,1.407599,inf,22,22
2001795078408_Node0_Node8_Zero,"[0, 1, 2, 3, 4, 5, 6, 7, 8]",2001.795078,2003.848825,inf,0,12,2327.5,"0.015134157273595596,0.029593010139595706",0.022364,0.378811,inf,22,22
2001803276503_Node0_Node8_Zero,"[0, 1, 2, 3, 4, 5, 6, 7, 8]",2001.803277,2003.848825,inf,0,12,2327.5,"0.015134157273595596,0.010618917711206962",0.012877,2.76446,inf,22,22
2001811477258_Node0_Node8_Zero,"[0, 1, 2, 3, 4, 5, 6, 7, 8]",2001.811477,2003.857259,inf,0,13,2327.5,"0.014536608116991104,0.010618917711206962",0.012578,1.190349,inf,22,22
2001819672603_Node0_Node8_Zero,"[0, 1, 2, 3, 4, 5, 6, 7, 8]",2001.819673,2003.857259,inf,0,10,2327.5,"0.014536608116991104,0.013308021343752014",0.013922,1.190349,inf,22,22
2001827868131_Node0_Node8_Zero,"[0, 1, 2, 3, 4, 5, 6, 7, 8]",2001.827868,2003.860702,inf,0,10,2327.5,"0.014536608116991104,0.013308021343752014",0.013922,2.241146,inf,22,22
2001836063171_Node0_Node8_Zero,"[0, 1, 2, 3, 4, 5, 6, 7, 8]",2001.836063,2003.860702,inf,0,14,2327.5,"0.014536608116991104,0.023157580750525857",0.018847,2.241146,inf,22,22
2001844259151_Node0_Node8_Zero,"[0, 1, 2, 3, 4, 5, 6, 7, 8]",2001.844259,2003.861009,inf,0,14,2327.5,"0.010618917711206962,0.023157580750525857",0.016888,1.309417,inf,22,22
2001852458398_Node0_Node8_Zero,"[0, 1, 2, 3, 4, 5, 6, 7, 8]",2001.852458,2003.861009,inf,0,14,2327.5,"0.010618917711206962,0.010618917711206962",0.010619,0.524478,inf,22,22
2001860655131_Node0_Node8_Zero,"[0, 1, 2, 3, 4, 5, 6, 7, 8]",2001.860655,2003.869276,inf,0,13,2327.5,"0.012209345404513447,0.010618917711206962",0.011414,0.407671,inf,22,22
2001868850525_Node0_Node8_Zero,"[0, 1, 2, 3, 4, 5, 6, 7, 8]",2001.868851,2003.869276,inf,0,12,2327.5,"0.012209345404513447,0.012822618564460542",0.012516,0.407671,inf,22,22
2001877043475_Node0_Node8_Zero,"[0, 1, 2, 3, 4, 5, 6, 7, 8]",2001.877043,2003.879166,inf,0,13,2327.5,"0.010618917711206962,0.012822618564460542",0.011721,1.082885,inf,22,22
2001885243383_Node0_Node8_Zero,"[0, 1, 2, 3, 4, 5, 6, 7, 8]",2001.885243,2003.879166,inf,0,14,2327.5,"0.010618917711206962,0.015056942436539971",0.012838,2.059695,inf,22,22
2001893436468_Node0_Node8_Zero,"[0, 1, 2, 3, 4, 5, 6, 7, 8]",2001.893436,2003.879625,inf,0,14,2327.5,"0.04004848965369483,0.015056942436539971",0.027553,4.708135,inf,22,22
2001901631332_Node0_Node8_Zero,"[0, 1, 2, 3, 4, 5, 6, 7, 8]",2001.901631,2003.879625,inf,0,13,2327.5,"0.04004848965369483,0.02335141153000542",0.0317,3.588397,inf,22,22
2001909823261_Node0_Node8_Zero,"[0, 1, 2, 3, 4, 5, 6, 7, 8]",2001.909823,2003.886281,inf,0,6,2327.5,0.012209345404513447,0.012209345404513447,0.883647,inf,22,22
2001918021836_Node0_Node8_Zero,"[0, 1, 2, 3, 4, 5, 6, 7, 8]",2001.918022,2003.886281,inf,0,6,2327.5,0.012209345404513447,0.012209345404513447,0.883647,inf,22,22
2001926222343_Node0_Node8_Zero,"[0, 1, 2, 3, 4, 5, 6, 7, 8]",2001.926222,2003.890186,inf,0,13,2327.5,"0.015104934822085664,0.015098885833047523",0.015102,2.023255,inf,22,22
2001934424058_Node0_Node8_Zero,"[0, 1, 2, 3, 4, 5, 6, 7, 8]",2001.934424,2003.890186,inf,0,7,2327.5,0.015104934822085664,0.015104934822085664,2.023255,inf,22,22
2001942622558_Node0_Node8_Zero,"[0, 1, 2, 3, 4, 5, 6, 7, 8]",2001.942623,2003.892128,inf,0,13,2327.5,"0.010618917711206962,0.02335141153000542",0.016985,1.554241,inf,22,22
2001950816731_Node0_Node8_Zero,"[0, 1, 2, 3, 4, 5, 6, 7, 8]",2001.950817,2003.892128,inf,0,14,2327.5,"0.010618917711206962,0.014536608116991104",0.012578,0.768541,inf,22,22
2001959011557_Node0_Node8_Zero,"[0, 1, 2, 3, 4, 5, 6, 7, 8]",2001.959012,2003.905223,inf,0,13,2327.5,"0.010618917711206962,0.010618917711206962",0.010619,1.080727,inf,22,22
2001967209564_Node0_Node8_Zero,"[0, 1, 2, 3, 4, 5, 6, 7, 8]",2001.96721,2003.905223,inf,0,13,2327.5,"0.010618917711206962,0.04004848965369483",0.025334,1.080727,inf,22,22
2001975406658_Node0_Node8_Zero,"[0, 1, 2, 3, 4, 5, 6, 7, 8]",2001.975407,2003.907392,inf,0,13,2327.5,"0.010618917711206962,0.014536608116991104",0.012578,1.486498,inf,22,22
2001983606650_Node0_Node8_Zero,"[0, 1, 2, 3, 4, 5, 6, 7, 8]",2001.983607,2003.907392,inf,0,13,2327.5,"0.010618917711206962,0.013035445658112",0.011827,2.0831,inf,22,22
2001991805878_Node0_Node8_Zero,"[0, 1, 2, 3, 4, 5, 6, 7, 8]",2001.991806,2003.913633,inf,0,11,2327.5,"0.015104934822085664,0.013035445658112",0.01407,0.943436,inf,22,22
2001999999595_Node0_Node8_Zero,"[0, 1, 2, 3, 4, 5, 6, 7, 8]",2002.0,2003.913633,inf,0,11,2327.5,"0.015104934822085664,0.010618917711206962",0.012862,3.320415,inf,22,22
2002008196329_Node0_Node8_Zero,"[0, 1, 2, 3, 4, 5, 6, 7, 8]",2002.008196,2003.917772,inf,0,13,2327.5,"0.012136210622084469,0.010618917711206962",0.011378,1.765097,inf,22,22
2002016391391_Node0_Node8_Zero,"[0, 1, 2, 3, 4, 5, 6, 7, 8]",2002.016391,2003.917772,inf,0,13,2327.5,"0.012136210622084469,0.010618917711206962",0.011378,1.765097,inf,22,22
2002024592069_Node0_Node8_Zero,"[0, 1, 2, 3, 4, 5, 6, 7, 8]",2002.024592,2003.921672,inf,0,14,2327.5,"0.017032997024990924,0.021011723014836812",0.019022,2.626021,inf,22,22
2002032792495_Node0_Node8_Zero,"[0, 1, 2, 3, 4, 5, 6, 7, 8]",2002.032792,2003.921672,inf,0,14,2327.5,"0.017032997024990924,0.021011723014836812",0.019022,2.44074,inf,22,22
2002040992398_Node0_Node8_Zero,"[0, 1, 2, 3, 4, 5, 6, 7, 8]",2002.040992,2003.931614,inf,0,11,2327.5,"0.012519887187149617,0.01943372112422128",0.015977,3.320415,inf,22,22
2002049187938_Node0_Node8_Zero,"[0, 1, 2, 3, 4, 5, 6, 7, 8]",2002.049188,2003.931614,inf,0,11,2327.5,"0.012519887187149617,0.01943372112422128",0.015977,3.487812,inf,22,22
2002057381897_Node0_Node8_Zero,"[0, 1, 2, 3, 4, 5, 6, 7, 8]",2002.057382,2003.943595,inf,0,13,2327.5,"0.015134157273595596,0.01943372112422128",0.017284,2.585798,inf,22,22
2002065583593_Node0_Node8_Zero,"[0, 1, 2, 3, 4, 5, 6, 7, 8]",2002.065584,2003.943595,inf,0,13,2327.5,"0.015134157273595596,0.01943372112422128",0.017284,2.585798,inf,22,22
2002073775781_Node0_Node8_Zero,"[0, 1, 2, 3, 4, 5, 6, 7, 8]",2002.073776,2003.94403,inf,0,14,2327.5,"0.010618917711206962,0.04004848965369483",0.025334,3.320415,inf,22,22
2002081973177_Node0_Node8_Zero,"[0, 1, 2, 3, 4, 5, 6, 7, 8]",2002.081973,2003.94403,inf,0,7,2327.5,0.010618917711206962,0.010618917711206962,3.320415,inf,22,22
2002090166017_Node0_Node8_Zero,"[0, 1, 2, 3, 4, 5, 6, 7, 8]",2002.090166,2003.968062,inf,0,13,2327.5,"0.010618917711206962,0.015098885833047523",0.012859,3.320415,inf,22,22
2002098363741_Node0_Node8_Zero,"[0, 1, 2, 3, 4, 5, 6, 7, 8]",2002.098364,2003.968062,inf,0,7,2327.5,0.010618917711206962,0.010618917711206962,3.320415,inf,22,22
2002106559251_Node0_Node8_Zero,"[0, 1, 2, 3, 4, 5, 6, 7, 8]",2002.106559,2003.994809,inf,0,1,2327.5,0.012519887187149617,0.012519887187149617,1.955095,inf,22,22
2002114752960_Node0_Node8_Zero,"[0, 1, 2, 3, 4, 5, 6, 7, 8]",2002.114753,2003.994809,inf,0,1,2327.5,0.012519887187149617,0.012519887187149617,1.955095,inf,22,22
2002122945271_Node0_Node8_Zero,"[0, 1, 2, 3, 4, 5, 6, 7, 8]",2002.122945,2004.051554,inf,0,13,2327.5,"0.013237631404001237,0.021607525180786156",0.017423,0.958069,inf,22,22
2002131143839_Node0_Node8_Zero,"[0, 1, 2, 3, 4, 5, 6, 7, 8]",2002.131144,2004.051554,inf,0,13,2327.5,"0.013237631404001237,0.021607525180786156",0.017423,2.261761,inf,22,22
2002139341325_Node0_Node8_Zero,"[0, 1, 2, 3, 4, 5, 6, 7, 8]",2002.139341,2004.059623,inf,0,5,2327.5,"0.010618917711206962,0.010618917711206962",0.010619,1.658241,inf,22,22
2002147538256_Node0_Node8_Zero,"[0, 1, 2, 3, 4, 5, 6, 7, 8]",2002.147538,2004.059623,inf,0,5,2327.5,"0.010618917711206962,0.010618917711206962",0.010619,1.658241,inf,22,22
2002155736432_Node0_Node8_Zero,"[0, 1, 2, 3, 4, 5, 6, 7, 8]",2002.155736,2004.066111,inf,0,6,2327.5,0.010618917711206962,0.010618917711206962,1.309417,inf,22,22
2002163933190_Node0_Node8_Zero,"[0, 1, 2, 3, 4, 5, 6, 7, 8]",2002.163933,2004.066111,inf,0,6,2327.5,0.010618917711206962,0.010618917711206962,1.309417,inf,22,22
2002172132097_Node0_Node8_Zero,"[0, 1, 2, 3, 4, 5, 6, 7, 8]",2002.172132,2004.067953,inf,0,7,2327.5,0.010618917711206962,0.010618917711206962,0.581699,inf,22,22
2002180330054_Node0_Node8_Zero,"[0, 1, 2, 3, 4, 5, 6, 7, 8]",2002.18033,2004.067953,inf,0,7,2327.5,0.010618917711206962,0.010618917711206962,1.814332,inf,22,22
2002188526986_Node0_Node8_Zero,"[0, 1, 2, 3, 4, 5, 6, 7, 8]",2002.188527,2004.069856,inf,0,7,2327.5,0.013279943650001543,0.013279943650001543,2.26899,inf,22,22
2002196724580_Node0_Node8_Zero,"[0, 1, 2, 3, 4, 5, 6, 7, 8]",2002.196725,2004.069856,inf,0,7,2327.5,0.013279943650001543,0.013279943650001543,0.961132,inf,22,22
2002204921905_Node0_Node8_Zero,"[0, 1, 2, 3, 4, 5, 6, 7, 8]",2002.204922,2004.079789,inf,0,7,2327.5,0.010618917711206962,0.010618917711206962,1.658241,inf,22,22
2002213117315_Node0_Node8_Zero,"[0, 1, 2, 3, 4, 5, 6, 7, 8]",2002.213117,2004.079789,inf,0,7,2327.5,0.010618917711206962,0.010618917711206962,1.658241,inf,22,22
2002221314801_Node0_Node8_Zero,"[0, 1, 2, 3, 4, 5, 6, 7, 8]",2002.221315,2004.081811,inf,0,7,2327.5,0.010618917711206962,0.010618917711206962,0.319837,inf,22,22
2002229506772_Node0_Node8_Zero,"[0, 1, 2, 3, 4, 5, 6, 7, 8]",2002.229507,2004.081811,inf,0,7,2327.5,0.010618917711206962,0.010618917711206962,1.457861,inf,22,22
2002237701680_Node0_Node8_Zero,"[0, 1, 2, 3, 4, 5, 6, 7, 8]",2002.237702,2004.085752,inf,0,7,2327.5,0.02418557266970455,0.02418557266970455,1.10075,inf,22,22
2002245895523_Node0_Node8_Zero,"[0, 1, 2, 3, 4, 5, 6, 7, 8]",2002.245896,2004.085752,inf,0,7,2327.5,0.02418557266970455,0.02418557266970455,1.10075,inf,22,22
2002254093228_Node0_Node8_Zero,"[0, 1, 2, 3, 4, 5, 6, 7, 8]",2002.254093,2004.11847,inf,0,6,2327.5,0.020062156283653286,0.020062156283653286,3.320415,inf,22,22
2002262294263_Node0_Node8_Zero,"[0, 1, 2, 3, 4, 5, 6, 7, 8]",2002.262294,2004.11847,inf,0,6,2327.5,0.020062156283653286,0.020062156283653286,3.320415,inf,22,22
2002270494056_Node0_Node8_Zero,"[0, 1, 2, 3, 4, 5, 6, 7, 8]",2002.270494,2004.12523,inf,0,6,2327.5,0.016087178936379454,0.016087178936379454,0.371987,inf,22,22
2002278688722_Node0_Node8_Zero,"[0, 1, 2, 3, 4, 5, 6, 7, 8]",2002.278689,2004.12523,inf,0,6,2327.5,0.016087178936379454,0.016087178936379454,0.371987,inf,22,22
2002286881053_Node0_Node8_Zero,"[0, 1, 2, 3, 4, 5, 6, 7, 8]",2002.286881,2004.128612,inf,0,6,2327.5,0.04004848965369483,0.04004848965369483,7.315402,inf,22,22
2002295080949_Node0_Node8_Zero,"[0, 1, 2, 3, 4, 5, 6, 7, 8]",2002.295081,2004.128612,inf,0,6,2327.5,0.04004848965369483,0.04004848965369483,7.315402,inf,22,22
2002303278265_Node0_Node8_Zero,"[0, 1, 2, 3, 4, 5, 6, 7, 8]",2002.303278,2004.133022,inf,0,6,2327.5,0.015056942436539971,0.015056942436539971,0.580139,inf,22,22
2002311472623_Node0_Node8_Zero,"[0, 1, 2, 3, 4, 5, 6, 7, 8]",2002.311473,2004.133022,inf,0,6,2327.5,0.015056942436539971,0.015056942436539971,0.580139,inf,22,22
2002319672327_Node0_Node8_Zero,"[0, 1, 2, 3, 4, 5, 6, 7, 8]",2002.319672,2004.159479,inf,0,2,2327.5,0.01305491650299008,0.01305491650299008,1.002073,inf,22,22
2002327870046_Node0_Node8_Zero,"[0, 1, 2, 3, 4, 5, 6, 7, 8]",2002.32787,2004.159479,inf,0,2,2327.5,0.01305491650299008,0.01305491650299008,1.002073,inf,22,22
2002336066112_Node0_Node8_Zero,"[0, 1, 2, 3, 4, 5, 6, 7, 8]",2002.336066,2004.168824,inf,0,7,2327.5,0.01347107612624288,0.01347107612624288,0.546028,inf,22,22
2002344259199_Node0_Node8_Zero,"[0, 1, 2, 3, 4, 5, 6, 7, 8]",2002.344259,2004.168824,inf,0,7,2327.5,0.01347107612624288,0.01347107612624288,0.743164,inf,22,22
2002352459889_Node0_Node8_Zero,"[0, 1, 2, 3, 4, 5, 6, 7, 8]",2002.35246,2004.170726,inf,0,7,2327.5,0.04004848965369483,0.04004848965369483,6.253937,inf,22,22
2002360657962_Node0_Node8_Zero,"[0, 1, 2, 3, 4, 5, 6, 7, 8]",2002.360658,2004.170726,inf,0,7,2327.5,0.04004848965369483,0.04004848965369483,6.253937,inf,22,22
2002368853044_Node0_Node8_Zero,"[0, 1, 2, 3, 4, 5, 6, 7, 8]",2002.368853,2004.176782,inf,0,7,2327.5,0.02109239278349276,0.02109239278349276,1.596676,inf,22,22
2002377050682_Node0_Node8_Zero,"[0, 1, 2, 3, 4, 5, 6, 7, 8]",2002.377051,2004.176782,inf,0,7,2327.5,0.02109239278349276,0.02109239278349276,1.596676,inf,22,22
2002385245960_Node0_Node8_Zero,"[0, 1, 2, 3, 4, 5, 6, 7, 8]",2002.385246,2004.183491,inf,0,7,2327.5,0.010618917711206962,0.010618917711206962,1.814332,inf,22,22
2002393439490_Node0_Node8_Zero,"[0, 1, 2, 3, 4, 5, 6, 7, 8]",2002.393439,2004.183491,inf,0,7,2327.5,0.010618917711206962,0.010618917711206962,1.814332,inf,22,22
2002401636292_Node0_Node8_Zero,"[0, 1, 2, 3, 4, 5, 6, 7, 8]",2002.401636,2004.185354,inf,0,7,2327.5,0.010618917711206962,0.010618917711206962,0.580139,inf,22,22
2002409835527_Node0_Node8_Zero,"[0, 1, 2, 3, 4, 5, 6, 7, 8]",2002.409836,2004.185354,inf,0,7,2327.5,0.010618917711206962,0.010618917711206962,0.580139,inf,22,22
2002418035246_Node0_Node8_Zero,"[0, 1, 2, 3, 4, 5, 6, 7, 8]",2002.418035,2004.223817,inf,0,7,2327.5,0.010618917711206962,0.010618917711206962,0.332458,inf,22,22
2002426233884_Node0_Node8_Zero,"[0, 1, 2, 3, 4, 5, 6, 7, 8]",2002.426234,2004.223817,inf,0,7,2327.5,0.010618917711206962,0.010618917711206962,0.354567,inf,22,22
2002434429921_Node0_Node8_Zero,"[0, 1, 2, 3, 4, 5, 6, 7, 8]",2002.43443,2004.275402,inf,0,1,2327.5,0.014536608116991104,0.014536608116991104,inf,inf,22,22
2002442624219_Node0_Node8_Zero,"[0, 1, 2, 3, 4, 5, 6, 7, 8]",2002.442624,2004.275402,inf,0,1,2327.5,0.014536608116991104,0.014536608116991104,inf,inf,22,22
2002450818767_Node0_Node8_Zero,"[0, 1, 2, 3, 4, 5, 6, 7, 8]",2002.450819,2004.645408,inf,0,2,2327.5,0.010618917711206962,0.010618917711206962,3.320415,inf,22,22
2002459016802_Node0_Node8_Zero,"[0, 1, 2, 3, 4, 5, 6, 7, 8]",2002.459017,2004.645408,inf,0,2,2327.5,0.010618917711206962,0.010618917711206962,3.320415,inf,22,22
2002467218308_Node0_Node8_Zero,"[0, 1, 2, 3, 4, 5, 6, 7, 8]",2002.467218,2005.449122,inf,0,2,2327.5,0.011730741111215711,0.011730741111215711,3.66807,inf,22,22
2002475419907_Node0_Node8_Zero,"[0, 1, 2, 3, 4, 5, 6, 7, 8]",2002.47542,2005.449122,inf,0,2,2327.5,0.011730741111215711,0.011730741111215711,3.66807,inf,22,22
2002483615889_Node0_Node8_Zero,"[0, 1, 2, 3, 4, 5, 6, 7, 8]",2002.483616,2005.451025,inf,0,3,2327.5,0.010618917711206962,0.010618917711206962,3.320415,inf,22,22
2002491811156_Node0_Node8_Zero,"[0, 1, 2, 3, 4, 5, 6, 7, 8]",2002.491811,2005.451025,inf,0,3,2327.5,0.010618917711206962,0.010618917711206962,3.320415,inf,22,22
2002500008921_Node0_Node8_Zero,"[0, 1, 2, 3, 4, 5, 6, 7, 8]",2002.500009,2005.453027,inf,0,3,2327.5,0.010618917711206962,0.010618917711206962,3.320415,inf,22,22
2002508205548_Node0_Node8_Zero,"[0, 1, 2, 3, 4, 5, 6, 7, 8]",2002.508206,2005.453027,inf,0,3,2327.5,0.010618917711206962,0.010618917711206962,3.320415,inf,22,22
2002516397743_Node0_Node8_Zero,"[0, 1, 2, 3, 4, 5, 6, 7, 8]",2002.516398,2005.456463,inf,0,4,2327.5,0.010618917711206962,0.010618917711206962,3.320415,inf,22,22
2002524590037_Node0_Node8_Zero,"[0, 1, 2, 3, 4, 5, 6, 7, 8]",2002.52459,2005.456463,inf,0,4,2327.5,0.010618917711206962,0.010618917711206962,3.320415,inf,22,22
2002532786171_Node0_Node8_Zero,"[0, 1, 2, 3, 4, 5, 6, 7, 8]",2002.532786,2005.457149,inf,0,2,2327.5,0.010618917711206962,0.010618917711206962,3.320415,inf,22,22
2002540983868_Node0_Node8_Zero,"[0, 1, 2, 3, 4, 5, 6, 7, 8]",2002.540984,2005.457149,inf,0,2,2327.5,0.010618917711206962,0.010618917711206962,3.320415,inf,22,22
2002549177045_Node0_Node8_Zero,"[0, 1, 2, 3, 4, 5, 6, 7, 8]",2002.549177,2005.468171,inf,0,2,2327.5,0.010618917711206962,0.010618917711206962,3.320415,inf,22,22
2002557378315_Node0_Node8_Zero,"[0, 1, 2, 3, 4, 5, 6, 7, 8]",2002.557378,2005.468171,inf,0,2,2327.5,0.010618917711206962,0.010618917711206962,3.320415,inf,22,22
2002565576455_Node0_Node8_Zero,"[0, 1, 2, 3, 4, 5, 6, 7, 8]",2002.565576,2005.484644,inf,0,2,2327.5,0.010618917711206962,0.010618917711206962,3.320415,inf,22,22
2002573775976_Node0_Node8_Zero,"[0, 1, 2, 3, 4, 5, 6, 7, 8]",2002.573776,2005.484644,inf,0,2,2327.5,0.010618917711206962,0.010618917711206962,3.320415,inf,22,22
2002581974544_Node0_Node8_Zero,"[0, 1, 2, 3, 4, 5, 6, 7, 8]",2002.581975,2005.486506,inf,0,3,2327.5,0.010618917711206962,0.010618917711206962,3.320415,inf,22,22
2002590167578_Node0_Node8_Zero,"[0, 1, 2, 3, 4, 5, 6, 7, 8]",2002.590168,2005.486506,inf,0,3,2327.5,0.010618917711206962,0.010618917711206962,3.320415,inf,22,22
2002598365871_Node0_Node8_Zero,"[0, 1, 2, 3, 4, 5, 6, 7, 8]",2002.598366,2005.492463,inf,0,2,2327.5,0.010618917711206962,0.010618917711206962,3.320415,inf,22,22
2002606558224_Node0_Node8_Zero,"[0, 1, 2, 3, 4, 5, 6, 7, 8]",2002.606558,2005.492463,inf,0,2,2327.5,0.010618917711206962,0.010618917711206962,3.320415,inf,22,22
2002614752336_Node0_Node8_Zero,"[0, 1, 2, 3, 4, 5, 6, 7, 8]",2002.614752,2005.500727,inf,0,3,2327.5,0.010618917711206962,0.010618917711206962,3.320415,inf,22,22
2002622948947_Node0_Node8_Zero,"[0, 1, 2, 3, 4, 5, 6, 7, 8]",2002.622949,2005.500727,inf,0,3,2327.5,0.010618917711206962,0.010618917711206962,3.320415,inf,22,22
2002631146740_Node0_Node8_Zero,"[0, 1, 2, 3, 4, 5, 6, 7, 8]",2002.631147,2005.506603,inf,0,1,2327.5,0.010618917711206962,0.010618917711206962,3.320415,inf,22,22
2002639342364_Node0_Node8_Zero,"[0, 1, 2, 3, 4, 5, 6, 7, 8]",2002.639342,2005.506603,inf,0,1,2327.5,0.010618917711206962,0.010618917711206962,3.320415,inf,22,22
2002647536784_Node0_Node8_Zero,"[0, 1, 2, 3, 4, 5, 6, 7, 8]",2002.647537,2005.508606,inf,0,1,2327.5,0.010618917711206962,0.010618917711206962,3.320415,inf,22,22
2002655736424_Node0_Node8_Zero,"[0, 1, 2, 3, 4, 5, 6, 7, 8]",2002.655736,2005.508606,inf,0,1,2327.5,0.010618917711206962,0.010618917711206962,3.320415,inf,22,22
2002663929572_Node0_Node8_Zero,"[0, 1, 2, 3, 4, 5, 6, 7, 8]",2002.66393,2005.510689,inf,0,3,2327.5,0.010618917711206962,0.010618917711206962,3.320415,inf,22,22
2002672123875_Node0_Node8_Zero,"[0, 1, 2, 3, 4, 5, 6, 7, 8]",2002.672124,2005.510689,inf,0,3,2327.5,0.010618917711206962,0.010618917711206962,3.320415,inf,22,22
2002680315939_Node0_Node8_Zero,"[0, 1, 2, 3, 4, 5, 6, 7, 8]",2002.680316,2005.516685,inf,0,3,2327.5,0.010618917711206962,0.010618917711206962,3.320415,inf,22,22
2002688508008_Node0_Node8_Zero,"[0, 1, 2, 3, 4, 5, 6, 7, 8]",2002.688508,2005.516685,inf,0,3,2327.5,0.010618917711206962,0.010618917711206962,3.320415,inf,22,22
2002696701370_Node0_Node8_Zero,"[0, 1, 2, 3, 4, 5, 6, 7, 8]",2002.696701,2005.518507,inf,0,2,2327.5,0.010618917711206962,0.010618917711206962,3.320415,inf,22,22
2002704897256_Node0_Node8_Zero,"[0, 1, 2, 3, 4, 5, 6, 7, 8]",2002.704897,2005.518507,inf,0,2,2327.5,0.010618917711206962,0.010618917711206962,3.320415,inf,22,22
2002713093474_Node0_Node8_Zero,"[0, 1, 2, 3, 4, 5, 6, 7, 8]",2002.713093,2005.522427,inf,0,1,2327.5,0.010618917711206962,0.010618917711206962,3.320415,inf,22,22
2002721285703_Node0_Node8_Zero,"[0, 1, 2, 3, 4, 5, 6, 7, 8]",2002.721286,2005.522427,inf,0,1,2327.5,0.010618917711206962,0.010618917711206962,3.320415,inf,22,22
2002729486073_Node0_Node8_Zero,"[0, 1, 2, 3, 4, 5, 6, 7, 8]",2002.729486,2005.524429,inf,0,2,2327.5,0.010618917711206962,0.010618917711206962,3.320415,inf,22,22
2002737678361_Node0_Node8_Zero,"[0, 1, 2, 3, 4, 5, 6, 7, 8]",2002.737678,2005.524429,inf,0,2,2327.5,0.010618917711206962,0.010618917711206962,3.320415,inf,22,22
2002745870564_Node0_Node8_Zero,"[0, 1, 2, 3, 4, 5, 6, 7, 8]",2002.745871,2005.530471,inf,0,1,2327.5,0.010618917711206962,0.010618917711206962,3.320415,inf,22,22
2002754070942_Node0_Node8_Zero,"[0, 1, 2, 3, 4, 5, 6, 7, 8]",2002.754071,2005.530471,inf,0,1,2327.5,0.010618917711206962,0.010618917711206962,3.320415,inf,22,22
2002762270629_Node0_Node8_Zero,"[0, 1, 2, 3, 4, 5, 6, 7, 8]",2002.762271,2005.532314,inf,0,1,2327.5,0.010618917711206962,0.010618917711206962,3.320415,inf,22,22
2002770466700_Node0_Node8_Zero,"[0, 1, 2, 3, 4, 5, 6, 7, 8]",2002.770467,2005.532314,inf,0,1,2327.5,0.010618917711206962,0.010618917711206962,3.320415,inf,22,22
2002778668257_Node0_Node8_Zero,"[0, 1, 2, 3, 4, 5, 6, 7, 8]",2002.778668,2005.534317,inf,0,2,2327.5,0.010618917711206962,0.010618917711206962,3.320415,inf,22,22
2002786864574_Node0_Node8_Zero,"[0, 1, 2, 3, 4, 5, 6, 7, 8]",2002.786865,2005.534317,inf,0,2,2327.5,0.010618917711206962,0.010618917711206962,3.320415,inf,22,22
2002795061078_Node0_Node8_Zero,"[0, 1, 2, 3, 4, 5, 6, 7, 8]",2002.795061,2005.536419,inf,0,1,2327.5,0.010618917711206962,0.010618917711206962,3.320415,inf,22,22
2002803254574_Node0_Node8_Zero,"[0, 1, 2, 3, 4, 5, 6, 7, 8]",2002.803255,2005.536419,inf,0,1,2327.5,0.010618917711206962,0.010618917711206962,3.320415,inf,22,22
2002811454688_Node0_Node8_Zero,"[0, 1, 2, 3, 4, 5, 6, 7, 8]",2002.811455,2005.538482,inf,0,3,2327.5,0.010618917711206962,0.010618917711206962,3.320415,inf,22,22
2002819646948_Node0_Node8_Zero,"[0, 1, 2, 3, 4, 5, 6, 7, 8]",2002.819647,2005.538482,inf,0,3,2327.5,0.010618917711206962,0.010618917711206962,3.320415,inf,22,22
2002827844433_Node0_Node8_Zero,"[0, 1, 2, 3, 4, 5, 6, 7, 8]",2002.827844,2005.540504,inf,0,2,2327.5,0.010618917711206962,0.010618917711206962,3.320415,inf,22,22
2002836046065_Node0_Node8_Zero,"[0, 1, 2, 3, 4, 5, 6, 7, 8]",2002.836046,2005.540504,inf,0,2,2327.5,0.010618917711206962,0.010618917711206962,3.320415,inf,22,22
2002844244810_Node0_Node8_Zero,"[0, 1, 2, 3, 4, 5, 6, 7, 8]",2002.844245,2005.544364,inf,0,2,2327.5,0.010618917711206962,0.010618917711206962,3.320415,inf,22,22
2002852441284_Node0_Node8_Zero,"[0, 1, 2, 3, 4, 5, 6, 7, 8]",2002.852441,2005.544364,inf,0,2,2327.5,0.010618917711206962,0.010618917711206962,3.320415,inf,22,22
2002860635476_Node0_Node8_Zero,"[0, 1, 2, 3, 4, 5, 6, 7, 8]",2002.860635,2005.548163,inf,0,2,2327.5,0.010618917711206962,0.010618917711206962,3.320415,inf,22,22
2002868833292_Node0_Node8_Zero,"[0, 1, 2, 3, 4, 5, 6, 7, 8]",2002.868833,2005.548163,inf,0,2,2327.5,0.010618917711206962,0.010618917711206962,3.320415,inf,22,22
2002877034561_Node0_Node8_Zero,"[0, 1, 2, 3, 4, 5, 6, 7, 8]",2002.877035,2005.558385,inf,0,1,2327.5,0.010618917711206962,0.010618917711206962,3.320415,inf,22,22
2002885232453_Node0_Node8_Zero,"[0, 1, 2, 3, 4, 5, 6, 7, 8]",2002.885232,2005.558385,inf,0,1,2327.5,0.010618917711206962,0.010618917711206962,3.320415,inf,22,22
2002893429044_Node0_Node8_Zero,"[0, 1, 2, 3, 4, 5, 6, 7, 8]",2002.893429,2005.560307,inf,0,2,2327.5,0.010618917711206962,0.010618917711206962,3.320415,inf,22,22
2002901628115_Node0_Node8_Zero,"[0, 1, 2, 3, 4, 5, 6, 7, 8]",2002.901628,2005.560307,inf,0,2,2327.5,0.010618917711206962,0.010618917711206962,3.320415,inf,22,22
2002909827705_Node0_Node8_Zero,"[0, 1, 2, 3, 4, 5, 6, 7, 8]",2002.909828,2005.56213,inf,0,2,2327.5,0.010618917711206962,0.010618917711206962,3.320415,inf,22,22
2002918024687_Node0_Node8_Zero,"[0, 1, 2, 3, 4, 5, 6, 7, 8]",2002.918025,2005.56213,inf,0,2,2327.5,0.010618917711206962,0.010618917711206962,3.320415,inf,22,22
2002926224879_Node0_Node8_Zero,"[0, 1, 2, 3, 4, 5, 6, 7, 8]",2002.926225,2005.563992,inf,0,2,2327.5,0.010618917711206962,0.010618917711206962,3.320415,inf,22,22
2002934423917_Node0_Node8_Zero,"[0, 1, 2, 3, 4, 5, 6, 7, 8]",2002.934424,2005.563992,inf,0,2,2327.5,0.010618917711206962,0.010618917711206962,3.320415,inf,22,22
2002942625572_Node0_Node8_Zero,"[0, 1, 2, 3, 4, 5, 6, 7, 8]",2002.942626,2005.56978,inf,0,3,2327.5,0.010618917711206962,0.010618917711206962,3.320415,inf,22,22
2002950820443_Node0_Node8_Zero,"[0, 1, 2, 3, 4, 5, 6, 7, 8]",2002.95082,2005.56978,inf,0,3,2327.5,0.010618917711206962,0.010618917711206962,3.320415,inf,22,22
2002959020645_Node0_Node8_Zero,"[0, 1, 2, 3, 4, 5, 6, 7, 8]",2002.959021,2005.571623,inf,0,1,2327.5,0.010618917711206962,0.010618917711206962,3.320415,inf,22,22
2002967216589_Node0_Node8_Zero,"[0, 1, 2, 3, 4, 5, 6, 7, 8]",2002.967217,2005.571623,inf,0,1,2327.5,0.010618917711206962,0.010618917711206962,3.320415,inf,22,22
2002975414923_Node0_Node8_Zero,"[0, 1, 2, 3, 4, 5, 6, 7, 8]",2002.975415,2005.577645,inf,0,1,2327.5,0.010618917711206962,0.010618917711206962,3.320415,inf,22,22
2002983612355_Node0_Node8_Zero,"[0, 1, 2, 3, 4, 5, 6, 7, 8]",2002.983612,2005.577645,inf,0,1,2327.5,0.010618917711206962,0.010618917711206962,3.320415,inf,22,22
2002991804353_Node0_Node8_Zero,"[0, 1, 2, 3, 4, 5, 6, 7, 8]",2002.991804,2005.579607,inf,0,1,2327.5,0.010618917711206962,0.010618917711206962,3.320415,inf,22,22
2003000002983_Node0_Node8_Zero,"[0, 1, 2, 3, 4, 5, 6, 7, 8]",2003.000003,2005.579607,inf,0,1,2327.5,0.010618917711206962,0.010618917711206962,3.320415,inf,22,22
2003008204518_Node0_Node8_Zero,"[0, 1, 2, 3, 4, 5, 6, 7, 8]",2003.008205,2005.58153,inf,0,1,2327.5,0.010618917711206962,0.010618917711206962,3.320415,inf,22,22
2003016401321_Node0_Node8_Zero,"[0, 1, 2, 3, 4, 5, 6, 7, 8]",2003.016401,2005.58153,inf,0,1,2327.5,0.010618917711206962,0.010618917711206962,3.320415,inf,22,22
2003024598619_Node0_Node8_Zero,"[0, 1, 2, 3, 4, 5, 6, 7, 8]",2003.024599,2005.583432,inf,0,1,2327.5,0.010618917711206962,0.010618917711206962,3.320415,inf,22,22
2003032794657_Node0_Node8_Zero,"[0, 1, 2, 3, 4, 5, 6, 7, 8]",2003.032795,2005.583432,inf,0,1,2327.5,0.010618917711206962,0.010618917711206962,3.320415,inf,22,22
2003040988845_Node0_Node8_Zero,"[0, 1, 2, 3, 4, 5, 6, 7, 8]",2003.040989,2005.585375,inf,0,1,2327.5,0.010618917711206962,0.010618917711206962,3.320415,inf,22,22
2003049186961_Node0_Node8_Zero,"[0, 1, 2, 3, 4, 5, 6, 7, 8]",2003.049187,2005.585375,inf,0,1,2327.5,0.010618917711206962,0.010618917711206962,3.320415,inf,22,22
2003057387755_Node0_Node8_Zero,"[0, 1, 2, 3, 4, 5, 6, 7, 8]",2003.057388,2005.587217,inf,0,2,2327.5,0.010618917711206962,0.010618917711206962,3.320415,inf,22,22
2003065583181_Node0_Node8_Zero,"[0, 1, 2, 3, 4, 5, 6, 7, 8]",2003.065583,2005.587217,inf,0,2,2327.5,0.010618917711206962,0.010618917711206962,3.320415,inf,22,22
2003073778078_Node0_Node8_Zero,"[0, 1, 2, 3, 4, 5, 6, 7, 8]",2003.073778,2005.5891,inf,0,1,2327.5,0.010618917711206962,0.010618917711206962,3.320415,inf,22,22
2003081969810_Node0_Node8_Zero,"[0, 1, 2, 3, 4, 5, 6, 7, 8]",2003.08197,2005.5891,inf,0,1,2327.5,0.010618917711206962,0.010618917711206962,3.320415,inf,22,22
2003090169643_Node0_Node8_Zero,"[0, 1, 2, 3, 4, 5, 6, 7, 8]",2003.09017,2005.595308,inf,0,1,2327.5,0.010618917711206962,0.010618917711206962,3.320415,inf,22,22
2003098366335_Node0_Node8_Zero,"[0, 1, 2, 3, 4, 5, 6, 7, 8]",2003.098366,2005.595308,inf,0,1,2327.5,0.010618917711206962,0.010618917711206962,3.320415,inf,22,22
2003106561608_Node0_Node8_Zero,"[0, 1, 2, 3, 4, 5, 6, 7, 8]",2003.106562,2005.599553,inf,0,1,2327.5,0.010618917711206962,0.010618917711206962,3.320415,inf,22,22
2003114756163_Node0_Node8_Zero,"[0, 1, 2, 3, 4, 5, 6, 7, 8]",2003.114756,2005.599553,inf,0,1,2327.5,0.010618917711206962,0.010618917711206962,3.320415,inf,22,22
2003122954394_Node0_Node8_Zero,"[0, 1, 2, 3, 4, 5, 6, 7, 8]",2003.122954,2005.601475,inf,0,2,2327.5,0.010618917711206962,0.010618917711206962,3.320415,inf,22,22
2003131155695_Node0_Node8_Zero,"[0, 1, 2, 3, 4, 5, 6, 7, 8]",2003.131156,2005.601475,inf,0,2,2327.5,0.010618917711206962,0.010618917711206962,3.320415,inf,22,22
2003139351208_Node0_Node8_Zero,"[0, 1, 2, 3, 4, 5, 6, 7, 8]",2003.139351,2005.605455,inf,0,2,2327.5,0.010618917711206962,0.010618917711206962,3.320415,inf,22,22
2003147545732_Node0_Node8_Zero,"[0, 1, 2, 3, 4, 5, 6, 7, 8]",2003.147546,2005.605455,inf,0,2,2327.5,0.010618917711206962,0.010618917711206962,3.320415,inf,22,22
2003155744022_Node0_Node8_Zero,"[0, 1, 2, 3, 4, 5, 6, 7, 8]",2003.155744,2005.607537,inf,0,3,2327.5,0.010618917711206962,0.010618917711206962,3.320415,inf,22,22
2003163943795_Node0_Node8_Zero,"[0, 1, 2, 3, 4, 5, 6, 7, 8]",2003.163944,2005.607537,inf,0,3,2327.5,0.010618917711206962,0.010618917711206962,3.320415,inf,22,22
2003172140242_Node0_Node8_Zero,"[0, 1, 2, 3, 4, 5, 6, 7, 8]",2003.17214,2005.60948,inf,0,2,2327.5,0.010618917711206962,0.010618917711206962,3.320415,inf,22,22
2003180338121_Node0_Node8_Zero,"[0, 1, 2, 3, 4, 5, 6, 7, 8]",2003.180338,2005.60948,inf,0,2,2327.5,0.010618917711206962,0.010618917711206962,3.320415,inf,22,22
2003188530639_Node0_Node8_Zero,"[0, 1, 2, 3, 4, 5, 6, 7, 8]",2003.188531,2005.61757,inf,0,3,2327.5,0.010618917711206962,0.010618917711206962,3.320415,inf,22,22
2003196722376_Node0_Node8_Zero,"[0, 1, 2, 3, 4, 5, 6, 7, 8]",2003.196722,2005.61757,inf,0,3,2327.5,0.010618917711206962,0.010618917711206962,3.320415,inf,22,22
2003204920918_Node0_Node8_Zero,"[0, 1, 2, 3, 4, 5, 6, 7, 8]",2003.204921,2005.619393,inf,0,1,2327.5,0.010618917711206962,0.010618917711206962,3.320415,inf,22,22
2003213116271_Node0_Node8_Zero,"[0, 1, 2, 3, 4, 5, 6, 7, 8]",2003.213116,2005.619393,inf,0,1,2327.5,0.010618917711206962,0.010618917711206962,3.320415,inf,22,22
2003221310201_Node0_Node8_Zero,"[0, 1, 2, 3, 4, 5, 6, 7, 8]",2003.22131,2005.621375,inf,0,2,2327.5,0.010618917711206962,0.010618917711206962,3.320415,inf,22,22
2003229511899_Node0_Node8_Zero,"[0, 1, 2, 3, 4, 5, 6, 7, 8]",2003.229512,2005.621375,inf,0,2,2327.5,0.010618917711206962,0.010618917711206962,3.320415,inf,22,22
2003237704734_Node0_Node8_Zero,"[0, 1, 2, 3, 4, 5, 6, 7, 8]",2003.237705,2005.627337,inf,0,2,2327.5,0.010618917711206962,0.010618917711206962,3.320415,inf,22,22
2003245898506_Node0_Node8_Zero,"[0, 1, 2, 3, 4, 5, 6, 7, 8]",2003.245899,2005.627337,inf,0,2,2327.5,0.010618917711206962,0.010618917711206962,3.320415,inf,22,22
2003254096911_Node0_Node8_Zero,"[0, 1, 2, 3, 4, 5, 6, 7, 8]",2003.254097,2005.62938,inf,0,1,2327.5,0.010618917711206962,0.010618917711206962,3.320415,inf,22,22
2003262298074_Node0_Node8_Zero,"[0, 1, 2, 3, 4, 5, 6, 7, 8]",2003.262298,2005.62938,inf,0,1,2327.5,0.010618917711206962,0.010618917711206962,3.320415,inf,22,22
2003270495107_Node0_Node8_Zero,"[0, 1, 2, 3, 4, 5, 6, 7, 8]",2003.270495,2005.633485,inf,0,1,2327.5,0.010618917711206962,0.010618917711206962,3.320415,inf,22,22
2003278692569_Node0_Node8_Zero,"[0, 1, 2, 3, 4, 5, 6, 7, 8]",2003.278693,2005.633485,inf,0,1,2327.5,0.010618917711206962,0.010618917711206962,3.320415,inf,22,22
2003286884850_Node0_Node8_Zero,"[0, 1, 2, 3, 4, 5, 6, 7, 8]",2003.286885,2005.635548,inf,0,1,2327.5,0.010618917711206962,0.010618917711206962,3.320415,inf,22,22
2003295082601_Node0_Node8_Zero,"[0, 1, 2, 3, 4, 5, 6, 7, 8]",2003.295083,2005.635548,inf,0,1,2327.5,0.010618917711206962,0.010618917711206962,3.320415,inf,22,22
2003303278101_Node0_Node8_Zero,"[0, 1, 2, 3, 4, 5, 6, 7, 8]",2003.303278,2005.63737,inf,0,3,2327.5,0.010618917711206962,0.010618917711206962,3.320415,inf,22,22
2003311470432_Node0_Node8_Zero,"[0, 1, 2, 3, 4, 5, 6, 7, 8]",2003.31147,2005.63737,inf,0,3,2327.5,0.010618917711206962,0.010618917711206962,3.320415,inf,22,22
2003319666278_Node0_Node8_Zero,"[0, 1, 2, 3, 4, 5, 6, 7, 8]",2003.319666,2005.645529,inf,0,1,2327.5,0.010618917711206962,0.010618917711206962,3.320415,inf,22,22
2003327862894_Node0_Node8_Zero,"[0, 1, 2, 3, 4, 5, 6, 7, 8]",2003.327863,2005.645529,inf,0,1,2327.5,0.010618917711206962,0.010618917711206962,3.320415,inf,22,22
2003336061878_Node0_Node8_Zero,"[0, 1, 2, 3, 4, 5, 6, 7, 8]",2003.336062,2005.647612,inf,0,1,2327.5,0.010618917711206962,0.010618917711206962,3.320415,inf,22,22
2003344255445_Node0_Node8_Zero,"[0, 1, 2, 3, 4, 5, 6, 7, 8]",2003.344255,2005.647612,inf,0,1,2327.5,0.010618917711206962,0.010618917711206962,3.320415,inf,22,22
2003352456750_Node0_Node8_Zero,"[0, 1, 2, 3, 4, 5, 6, 7, 8]",2003.352457,2005.649434,inf,0,2,2327.5,0.010618917711206962,0.010618917711206962,3.320415,inf,22,22
2003360651951_Node0_Node8_Zero,"[0, 1, 2, 3, 4, 5, 6, 7, 8]",2003.360652,2005.649434,inf,0,2,2327.5,0.010618917711206962,0.010618917711206962,3.320415,inf,22,22
2003368853122_Node0_Node8_Zero,"[0, 1, 2, 3, 4, 5, 6, 7, 8]",2003.368853,2005.651337,inf,0,2,2327.5,0.010618917711206962,0.010618917711206962,3.320415,inf,22,22
2003377045088_Node0_Node8_Zero,"[0, 1, 2, 3, 4, 5, 6, 7, 8]",2003.377045,2005.651337,inf,0,2,2327.5,0.010618917711206962,0.010618917711206962,3.320415,inf,22,22
2003385244721_Node0_Node8_Zero,"[0, 1, 2, 3, 4, 5, 6, 7, 8]",2003.385245,2005.653199,inf,0,1,2327.5,0.010618917711206962,0.010618917711206962,3.320415,inf,22,22
2003393444028_Node0_Node8_Zero,"[0, 1, 2, 3, 4, 5, 6, 7, 8]",2003.393444,2005.653199,inf,0,1,2327.5,0.010618917711206962,0.010618917711206962,3.320415,inf,22,22
2003401640062_Node0_Node8_Zero,"[0, 1, 2, 3, 4, 5, 6, 7, 8]",2003.40164,2005.661489,inf,0,2,2327.5,0.010618917711206962,0.010618917711206962,3.320415,inf,22,22
2003409831810_Node0_Node8_Zero,"[0, 1, 2, 3, 4, 5, 6, 7, 8]",2003.409832,2005.661489,inf,0,2,2327.5,0.010618917711206962,0.010618917711206962,3.320415,inf,22,22
2003418027554_Node0_Node8_Zero,"[0, 1, 2, 3, 4, 5, 6, 7, 8]",2003.418028,2005.663472,inf,0,3,2327.5,0.010618917711206962,0.010618917711206962,3.320415,inf,22,22
2003426227232_Node0_Node8_Zero,"[0, 1, 2, 3, 4, 5, 6, 7, 8]",2003.426227,2005.663472,inf,0,3,2327.5,0.010618917711206962,0.010618917711206962,3.320415,inf,22,22
2003434424346_Node0_Node8_Zero,"[0, 1, 2, 3, 4, 5, 6, 7, 8]",2003.434424,2005.665395,inf,0,2,2327.5,0.010618917711206962,0.010618917711206962,3.320415,inf,22,22
2003442621264_Node0_Node8_Zero,"[0, 1, 2, 3, 4, 5, 6, 7, 8]",2003.442621,2005.665395,inf,0,2,2327.5,0.010618917711206962,0.010618917711206962,3.320415,inf,22,22
2003450820149_Node0_Node8_Zero,"[0, 1, 2, 3, 4, 5, 6, 7, 8]",2003.45082,2005.667357,inf,0,2,2327.5,0.010618917711206962,0.010618917711206962,3.320415,inf,22,22
2003459012154_Node0_Node8_Zero,"[0, 1, 2, 3, 4, 5, 6, 7, 8]",2003.459012,2005.667357,inf,0,2,2327.5,0.010618917711206962,0.010618917711206962,3.320415,inf,22,22
2003467204749_Node0_Node8_Zero,"[0, 1, 2, 3, 4, 5, 6, 7, 8]",2003.467205,2005.66926,inf,0,2,2327.5,0.010618917711206962,0.010618917711206962,3.320415,inf,22,22
2003475398731_Node0_Node8_Zero,"[0, 1, 2, 3, 4, 5, 6, 7, 8]",2003.475399,2005.66926,inf,0,2,2327.5,0.010618917711206962,0.010618917711206962,3.320415,inf,22,22
2003483599979_Node0_Node8_Zero,"[0, 1, 2, 3, 4, 5, 6, 7, 8]",2003.4836,2005.671102,inf,0,1,2327.5,0.010618917711206962,0.010618917711206962,3.320415,inf,22,22
2003491801571_Node0_Node8_Zero,"[0, 1, 2, 3, 4, 5, 6, 7, 8]",2003.491802,2005.671102,inf,0,1,2327.5,0.010618917711206962,0.010618917711206962,3.320415,inf,22,22
2003499998772_Node0_Node8_Zero,"[0, 1, 2, 3, 4, 5, 6, 7, 8]",2003.499999,2005.672925,inf,0,2,2327.5,0.010618917711206962,0.010618917711206962,3.320415,inf,22,22
2003508192279_Node0_Node8_Zero,"[0, 1, 2, 3, 4, 5, 6, 7, 8]",2003.508192,2005.672925,inf,0,2,2327.5,0.010618917711206962,0.010618917711206962,3.320415,inf,22,22
2003516386129_Node0_Node8_Zero,"[0, 1, 2, 3, 4, 5, 6, 7, 8]",2003.516386,2005.676744,inf,0,3,2327.5,0.010618917711206962,0.010618917711206962,3.320415,inf,22,22
2003524582580_Node0_Node8_Zero,"[0, 1, 2, 3, 4, 5, 6, 7, 8]",2003.524583,2005.676744,inf,0,3,2327.5,0.010618917711206962,0.010618917711206962,3.320415,inf,22,22
2003532782703_Node0_Node8_Zero,"[0, 1, 2, 3, 4, 5, 6, 7, 8]",2003.532783,2005.688734,inf,0,1,2327.5,0.010618917711206962,0.010618917711206962,3.320415,inf,22,22
2003540977144_Node0_Node8_Zero,"[0, 1, 2, 3, 4, 5, 6, 7, 8]",2003.540977,2005.688734,inf,0,1,2327.5,0.010618917711206962,0.010618917711206962,3.320415,inf,22,22
2003549175813_Node0_Node8_Zero,"[0, 1, 2, 3, 4, 5, 6, 7, 8]",2003.549176,2005.690797,inf,0,2,2327.5,0.010618917711206962,0.010618917711206962,3.320415,inf,22,22
2003557375955_Node0_Node8_Zero,"[0, 1, 2, 3, 4, 5, 6, 7, 8]",2003.557376,2005.690797,inf,0,2,2327.5,0.010618917711206962,0.010618917711206962,3.320415,inf,22,22
2003565575634_Node0_Node8_Zero,"[0, 1, 2, 3, 4, 5, 6, 7, 8]",2003.565576,2005.692739,inf,0,1,2327.5,0.010618917711206962,0.010618917711206962,3.320415,inf,22,22
2003573768979_Node0_Node8_Zero,"[0, 1, 2, 3, 4, 5, 6, 7, 8]",2003.573769,2005.692739,inf,0,1,2327.5,0.010618917711206962,0.010618917711206962,3.320415,inf,22,22
2003581969794_Node0_Node8_Zero,"[0, 1, 2, 3, 4, 5, 6, 7, 8]",2003.58197,2005.700989,inf,0,1,2327.5,0.010618917711206962,0.010618917711206962,3.320415,inf,22,22
2003590171390_Node0_Node8_Zero,"[0, 1, 2, 3, 4, 5, 6, 7, 8]",2003.590171,2005.700989,inf,0,1,2327.5,0.010618917711206962,0.010618917711206962,3.320415,inf,22,22
2003598369263_Node0_Node8_Zero,"[0, 1, 2, 3, 4, 5, 6, 7, 8]",2003.598369,2005.703072,inf,0,1,2327.5,0.010618917711206962,0.010618917711206962,3.320415,inf,22,22
2003606567130_Node0_Node8_Zero,"[0, 1, 2, 3, 4, 5, 6, 7, 8]",2003.606567,2005.703072,inf,0,1,2327.5,0.010618917711206962,0.010618917711206962,3.320415,inf,22,22
2003614767486_Node0_Node8_Zero,"[0, 1, 2, 3, 4, 5, 6, 7, 8]",2003.614767,2005.705014,inf,0,2,2327.5,0.010618917711206962,0.010618917711206962,3.320415,inf,22,22
2003622963224_Node0_Node8_Zero,"[0, 1, 2, 3, 4, 5, 6, 7, 8]",2003.622963,2005.705014,inf,0,2,2327.5,0.010618917711206962,0.010618917711206962,3.320415,inf,22,22
2003631155459_Node0_Node8_Zero,"[0, 1, 2, 3, 4, 5, 6, 7, 8]",2003.631155,2005.711322,inf,0,1,2327.5,0.010618917711206962,0.010618917711206962,3.320415,inf,22,22
2003639355279_Node0_Node8_Zero,"[0, 1, 2, 3, 4, 5, 6, 7, 8]",2003.639355,2005.711322,inf,0,1,2327.5,0.010618917711206962,0.010618917711206962,3.320415,inf,22,22
2003647550692_Node0_Node8_Zero,"[0, 1, 2, 3, 4, 5, 6, 7, 8]",2003.647551,2005.713225,inf,0,3,2327.5,0.010618917711206962,0.010618917711206962,3.320415,inf,22,22
2003655748137_Node0_Node8_Zero,"[0, 1, 2, 3, 4, 5, 6, 7, 8]",2003.655748,2005.713225,inf,0,3,2327.5,0.010618917711206962,0.010618917711206962,3.320415,inf,22,22
2003663944724_Node0_Node8_Zero,"[0, 1, 2, 3, 4, 5, 6, 7, 8]",2003.663945,2005.715147,inf,0,1,2327.5,0.010618917711206962,0.010618917711206962,3.320415,inf,22,22
2003672139423_Node0_Node8_Zero,"[0, 1, 2, 3, 4, 5, 6, 7, 8]",2003.672139,2005.715147,inf,0,1,2327.5,0.010618917711206962,0.010618917711206962,3.320415,inf,22,22
2003680339418_Node0_Node8_Zero,"[0, 1, 2, 3, 4, 5, 6, 7, 8]",2003.680339,2005.71699,inf,0,1,2327.5,0.010618917711206962,0.010618917711206962,3.320415,inf,22,22
2003688533601_Node0_Node8_Zero,"[0, 1, 2, 3, 4, 5, 6, 7, 8]",2003.688534,2005.71699,inf,0,1,2327.5,0.010618917711206962,0.010618917711206962,3.320415,inf,22,22
2003696733811_Node0_Node8_Zero,"[0, 1, 2, 3, 4, 5, 6, 7, 8]",2003.696734,2005.723052,inf,0,3,2327.5,0.010618917711206962,0.010618917711206962,3.320415,inf,22,22
2003704927545_Node0_Node8_Zero,"[0, 1, 2, 3, 4, 5, 6, 7, 8]",2003.704928,2005.723052,inf,0,3,2327.5,0.010618917711206962,0.010618917711206962,3.320415,inf,22,22
2003713123673_Node0_Node8_Zero,"[0, 1, 2, 3, 4, 5, 6, 7, 8]",2003.713124,2005.724934,inf,0,2,2327.5,0.010618917711206962,0.010618917711206962,3.320415,inf,22,22
2003721320905_Node0_Node8_Zero,"[0, 1, 2, 3, 4, 5, 6, 7, 8]",2003.721321,2005.724934,inf,0,2,2327.5,0.010618917711206962,0.010618917711206962,3.320415,inf,22,22
2003729513523_Node0_Node8_Zero,"[0, 1, 2, 3, 4, 5, 6, 7, 8]",2003.729514,2005.726757,inf,0,2,2327.5,0.010618917711206962,0.010618917711206962,3.320415,inf,22,22
2003737706115_Node0_Node8_Zero,"[0, 1, 2, 3, 4, 5, 6, 7, 8]",2003.737706,2005.726757,inf,0,2,2327.5,0.010618917711206962,0.010618917711206962,3.320415,inf,22,22
2003745907418_Node0_Node8_Zero,"[0, 1, 2, 3, 4, 5, 6, 7, 8]",2003.745907,2005.72862,inf,0,1,2327.5,0.010618917711206962,0.010618917711206962,3.320415,inf,22,22
2003754100937_Node0_Node8_Zero,"[0, 1, 2, 3, 4, 5, 6, 7, 8]",2003.754101,2005.72862,inf,0,1,2327.5,0.010618917711206962,0.010618917711206962,3.320415,inf,22,22
2003762295637_Node0_Node8_Zero,"[0, 1, 2, 3, 4, 5, 6, 7, 8]",2003.762296,2005.730502,inf,0,2,2327.5,0.010618917711206962,0.010618917711206962,3.320415,inf,22,22
2003770495672_Node0_Node8_Zero,"[0, 1, 2, 3, 4, 5, 6, 7, 8]",2003.770496,2005.730502,inf,0,2,2327.5,0.010618917711206962,0.010618917711206962,3.320415,inf,22,22
2003778687529_Node0_Node8_Zero,"[0, 1, 2, 3, 4, 5, 6, 7, 8]",2003.778688,2005.738387,inf,0,2,2327.5,0.010618917711206962,0.010618917711206962,3.320415,inf,22,22
2003786886948_Node0_Node8_Zero,"[0, 1, 2, 3, 4, 5, 6, 7, 8]",2003.786887,2005.738387,inf,0,2,2327.5,0.010618917711206962,0.010618917711206962,3.320415,inf,22,22
2003795080382_Node0_Node8_Zero,"[0, 1, 2, 3, 4, 5, 6, 7, 8]",2003.79508,2005.744689,inf,0,2,2327.5,0.010618917711206962,0.010618917711206962,3.320415,inf,22,22
2003803279508_Node0_Node8_Zero,"[0, 1, 2, 3, 4, 5, 6, 7, 8]",2003.80328,2005.744689,inf,0,2,2327.5,0.010618917711206962,0.010618917711206962,3.320415,inf,22,22
2003811471926_Node0_Node8_Zero,"[0, 1, 2, 3, 4, 5, 6, 7, 8]",2003.811472,2005.748608,inf,0,4,2327.5,0.010618917711206962,0.010618917711206962,3.320415,inf,22,22
2003819668121_Node0_Node8_Zero,"[0, 1, 2, 3, 4, 5, 6, 7, 8]",2003.819668,2005.748608,inf,0,4,2327.5,0.010618917711206962,0.010618917711206962,3.320415,inf,22,22
2003827865258_Node0_Node8_Zero,"[0, 1, 2, 3, 4, 5, 6, 7, 8]",2003.827865,2005.750731,inf,0,4,2327.5,0.010618917711206962,0.010618917711206962,3.320415,inf,22,22
2003836063766_Node0_Node8_Zero,"[0, 1, 2, 3, 4, 5, 6, 7, 8]",2003.836064,2005.750731,inf,0,4,2327.5,0.010618917711206962,0.010618917711206962,3.320415,inf,22,22
2003844256735_Node0_Node8_Zero,"[0, 1, 2, 3, 4, 5, 6, 7, 8]",2003.844257,2005.752693,inf,0,1,2327.5,0.010618917711206962,0.010618917711206962,3.320415,inf,22,22
2003852452153_Node0_Node8_Zero,"[0, 1, 2, 3, 4, 5, 6, 7, 8]",2003.852452,2005.752693,inf,0,1,2327.5,0.010618917711206962,0.010618917711206962,3.320415,inf,22,22
2003860652740_Node0_Node8_Zero,"[0, 1, 2, 3, 4, 5, 6, 7, 8]",2003.860653,2005.754516,inf,0,3,2327.5,0.010618917711206962,0.010618917711206962,3.320415,inf,22,22
2003868851151_Node0_Node8_Zero,"[0, 1, 2, 3, 4, 5, 6, 7, 8]",2003.868851,2005.754516,inf,0,3,2327.5,0.010618917711206962,0.010618917711206962,3.320415,inf,22,22
2003877049999_Node0_Node8_Zero,"[0, 1, 2, 3, 4, 5, 6, 7, 8]",2003.87705,2005.756338,inf,0,3,2327.5,0.010618917711206962,0.010618917711206962,3.320415,inf,22,22
2003885246041_Node0_Node8_Zero,"[0, 1, 2, 3, 4, 5, 6, 7, 8]",2003.885246,2005.756338,inf,0,3,2327.5,0.010618917711206962,0.010618917711206962,3.320415,inf,22,22
2003893444682_Node0_Node8_Zero,"[0, 1, 2, 3, 4, 5, 6, 7, 8]",2003.893445,2005.762126,inf,0,2,2327.5,0.010618917711206962,0.010618917711206962,3.320415,inf,22,22
2003901645745_Node0_Node8_Zero,"[0, 1, 2, 3, 4, 5, 6, 7, 8]",2003.901646,2005.762126,inf,0,2,2327.5,0.010618917711206962,0.010618917711206962,3.320415,inf,22,22
2003909847381_Node0_Node8_Zero,"[0, 1, 2, 3, 4, 5, 6, 7, 8]",2003.909847,2005.768208,inf,0,4,2327.5,0.010618917711206962,0.010618917711206962,3.320415,inf,22,22
2003918041204_Node0_Node8_Zero,"[0, 1, 2, 3, 4, 5, 6, 7, 8]",2003.918041,2005.768208,inf,0,4,2327.5,0.010618917711206962,0.010618917711206962,3.320415,inf,22,22
2003926242415_Node0_Node8_Zero,"[0, 1, 2, 3, 4, 5, 6, 7, 8]",2003.926242,2005.770271,inf,0,1,2327.5,0.010618917711206962,0.010618917711206962,3.320415,inf,22,22
2003934435524_Node0_Node8_Zero,"[0, 1, 2, 3, 4, 5, 6, 7, 8]",2003.934436,2005.770271,inf,0,1,2327.5,0.010618917711206962,0.010618917711206962,3.320415,inf,22,22
2003942633686_Node0_Node8_Zero,"[0, 1, 2, 3, 4, 5, 6, 7, 8]",2003.942634,2005.772353,inf,0,1,2327.5,0.010618917711206962,0.010618917711206962,3.320415,inf,22,22
2003950835348_Node0_Node8_Zero,"[0, 1, 2, 3, 4, 5, 6, 7, 8]",2003.950835,2005.772353,inf,0,1,2327.5,0.010618917711206962,0.010618917711206962,3.320415,inf,22,22
2003959032741_Node0_Node8_Zero,"[0, 1, 2, 3, 4, 5, 6, 7, 8]",2003.959033,2005.774236,inf,0,3,2327.5,0.010618917711206962,0.010618917711206962,3.320415,inf,22,22
2003967233131_Node0_Node8_Zero,"[0, 1, 2, 3, 4, 5, 6, 7, 8]",2003.967233,2005.774236,inf,0,3,2327.5,0.010618917711206962,0.010618917711206962,3.320415,inf,22,22
2003975428449_Node0_Node8_Zero,"[0, 1, 2, 3, 4, 5, 6, 7, 8]",2003.975428,2005.776078,inf,0,3,2327.5,0.010618917711206962,0.010618917711206962,3.320415,inf,22,22
2003983627012_Node0_Node8_Zero,"[0, 1, 2, 3, 4, 5, 6, 7, 8]",2003.983627,2005.776078,inf,0,3,2327.5,0.010618917711206962,0.010618917711206962,3.320415,inf,22,22
2003991819409_Node0_Node8_Zero,"[0, 1, 2, 3, 4, 5, 6, 7, 8]",2003.991819,2005.78614,inf,0,2,2327.5,0.010618917711206962,0.010618917711206962,3.320415,inf,22,22
2004000013528_Node0_Node8_Zero,"[0, 1, 2, 3, 4, 5, 6, 7, 8]",2004.000014,2005.78614,inf,0,2,2327.5,0.010618917711206962,0.010618917711206962,3.320415,inf,22,22
2004008206211_Node0_Node8_Zero,"[0, 1, 2, 3, 4, 5, 6, 7, 8]",2004.008206,2005.788102,inf,0,2,2327.5,0.010618917711206962,0.010618917711206962,3.320415,inf,22,22
2004016398249_Node0_Node8_Zero,"[0, 1, 2, 3, 4, 5, 6, 7, 8]",2004.016398,2005.788102,inf,0,2,2327.5,0.010618917711206962,0.010618917711206962,3.320415,inf,22,22
2004024597314_Node0_Node8_Zero,"[0, 1, 2, 3, 4, 5, 6, 7, 8]",2004.024597,2005.789945,inf,0,1,2327.5,0.010618917711206962,0.010618917711206962,3.320415,inf,22,22
2004032795680_Node0_Node8_Zero,"[0, 1, 2, 3, 4, 5, 6, 7, 8]",2004.032796,2005.789945,inf,0,1,2327.5,0.010618917711206962,0.010618917711206962,3.320415,inf,22,22
2004040987944_Node0_Node8_Zero,"[0, 1, 2, 3, 4, 5, 6, 7, 8]",2004.040988,2005.791847,inf,0,2,2327.5,0.010618917711206962,0.010618917711206962,3.320415,inf,22,22
2004049183446_Node0_Node8_Zero,"[0, 1, 2, 3, 4, 5, 6, 7, 8]",2004.049183,2005.791847,inf,0,2,2327.5,0.010618917711206962,0.010618917711206962,3.320415,inf,22,22
2004057378341_Node0_Node8_Zero,"[0, 1, 2, 3, 4, 5, 6, 7, 8]",2004.057378,2005.795687,inf,0,2,2327.5,0.010618917711206962,0.010618917711206962,3.320415,inf,22,22
2004065577081_Node0_Node8_Zero,"[0, 1, 2, 3, 4, 5, 6, 7, 8]",2004.065577,2005.795687,inf,0,2,2327.5,0.010618917711206962,0.010618917711206962,3.320415,inf,22,22
2004073771773_Node0_Node8_Zero,"[0, 1, 2, 3, 4, 5, 6, 7, 8]",2004.073772,2005.797589,inf,0,3,2327.5,0.010618917711206962,0.010618917711206962,3.320415,inf,22,22
2004081971594_Node0_Node8_Zero,"[0, 1, 2, 3, 4, 5, 6, 7, 8]",2004.081972,2005.797589,inf,0,3,2327.5,0.010618917711206962,0.010618917711206962,3.320415,inf,22,22
2004090166465_Node0_Node8_Zero,"[0, 1, 2, 3, 4, 5, 6, 7, 8]",2004.090166,2005.799672,inf,0,1,2327.5,0.010618917711206962,0.010618917711206962,3.320415,inf,22,22
2004098360287_Node0_Node8_Zero,"[0, 1, 2, 3, 4, 5, 6, 7, 8]",2004.09836,2005.799672,inf,0,1,2327.5,0.010618917711206962,0.010618917711206962,3.320415,inf,22,22
2004106552981_Node0_Node8_Zero,"[0, 1, 2, 3, 4, 5, 6, 7, 8]",2004.106553,2005.80604,inf,0,2,2327.5,0.010618917711206962,0.010618917711206962,3.320415,inf,22,22
2004114752592_Node0_Node8_Zero,"[0, 1, 2, 3, 4, 5, 6, 7, 8]",2004.114753,2005.80604,inf,0,2,2327.5,0.010618917711206962,0.010618917711206962,3.320415,inf,22,22
2004122953414_Node0_Node8_Zero,"[0, 1, 2, 3, 4, 5, 6, 7, 8]",2004.122953,2005.808042,inf,0,1,2327.5,0.010618917711206962,0.010618917711206962,3.320415,inf,22,22
2004131152125_Node0_Node8_Zero,"[0, 1, 2, 3, 4, 5, 6, 7, 8]",2004.131152,2005.808042,inf,0,1,2327.5,0.010618917711206962,0.010618917711206962,3.320415,inf,22,22
2004139346922_Node0_Node8_Zero,"[0, 1, 2, 3, 4, 5, 6, 7, 8]",2004.139347,2005.809885,inf,0,2,2327.5,0.010618917711206962,0.010618917711206962,3.320415,inf,22,22
2004147543567_Node0_Node8_Zero,"[0, 1, 2, 3, 4, 5, 6, 7, 8]",2004.147544,2005.809885,inf,0,2,2327.5,0.010618917711206962,0.010618917711206962,3.320415,inf,22,22
2004155742264_Node0_Node8_Zero,"[0, 1, 2, 3, 4, 5, 6, 7, 8]",2004.155742,2005.811827,inf,0,3,2327.5,0.010618917711206962,0.010618917711206962,3.320415,inf,22,22
2004163942000_Node0_Node8_Zero,"[0, 1, 2, 3, 4, 5, 6, 7, 8]",2004.163942,2005.811827,inf,0,3,2327.5,0.010618917711206962,0.010618917711206962,3.320415,inf,22,22
2004172143383_Node0_Node8_Zero,"[0, 1, 2, 3, 4, 5, 6, 7, 8]",2004.172143,2005.81365,inf,0,2,2327.5,0.010618917711206962,0.010618917711206962,3.320415,inf,22,22
2004180341428_Node0_Node8_Zero,"[0, 1, 2, 3, 4, 5, 6, 7, 8]",2004.180341,2005.81365,inf,0,2,2327.5,0.010618917711206962,0.010618917711206962,3.320415,inf,22,22
2004188540820_Node0_Node8_Zero,"[0, 1, 2, 3, 4, 5, 6, 7, 8]",2004.188541,2005.815512,inf,0,2,2327.5,0.010618917711206962,0.010618917711206962,3.320415,inf,22,22
2004196736918_Node0_Node8_Zero,"[0, 1, 2, 3, 4, 5, 6, 7, 8]",2004.196737,2005.815512,inf,0,2,2327.5,0.010618917711206962,0.010618917711206962,3.320415,inf,22,22
2004204936587_Node0_Node8_Zero,"[0, 1, 2, 3, 4, 5, 6, 7, 8]",2004.204937,2005.82152,inf,0,2,2327.5,0.010618917711206962,0.010618917711206962,3.320415,inf,22,22
2004213134225_Node0_Node8_Zero,"[0, 1, 2, 3, 4, 5, 6, 7, 8]",2004.213134,2005.82152,inf,0,2,2327.5,0.010618917711206962,0.010618917711206962,3.320415,inf,22,22
2004221331483_Node0_Node8_Zero,"[0, 1, 2, 3, 4, 5, 6, 7, 8]",2004.221331,2005.823483,inf,0,2,2327.5,0.010618917711206962,0.010618917711206962,3.320415,inf,22,22
2004229524588_Node0_Node8_Zero,"[0, 1, 2, 3, 4, 5, 6, 7, 8]",2004.229525,2005.823483,inf,0,2,2327.5,0.010618917711206962,0.010618917711206962,3.320415,inf,22,22
2004237722192_Node0_Node8_Zero,"[0, 1, 2, 3, 4, 5, 6, 7, 8]",2004.237722,2005.827602,inf,0,3,2327.5,0.010618917711206962,0.010618917711206962,3.320415,inf,22,22
2004245922951_Node0_Node8_Zero,"[0, 1, 2, 3, 4, 5, 6, 7, 8]",2004.245923,2005.827602,inf,0,3,2327.5,0.010618917711206962,0.010618917711206962,3.320415,inf,22,22
2004254123947_Node0_Node8_Zero,"[0, 1, 2, 3, 4, 5, 6, 7, 8]",2004.254124,2005.829505,inf,0,2,2327.5,0.010618917711206962,0.010618917711206962,3.320415,inf,22,22
2004262317599_Node0_Node8_Zero,"[0, 1, 2, 3, 4, 5, 6, 7, 8]",2004.262318,2005.829505,inf,0,2,2327.5,0.010618917711206962,0.010618917711206962,3.320415,inf,22,22
2004270517228_Node0_Node8_Zero,"[0, 1, 2, 3, 4, 5, 6, 7, 8]",2004.270517,2005.831367,inf,0,3,2327.5,0.010618917711206962,0.010618917711206962,3.320415,inf,22,22
2004278713647_Node0_Node8_Zero,"[0, 1, 2, 3, 4, 5, 6, 7, 8]",2004.278714,2005.831367,inf,0,3,2327.5,0.010618917711206962,0.010618917711206962,3.320415,inf,22,22
2004286914499_Node0_Node8_Zero,"[0, 1, 2, 3, 4, 5, 6, 7, 8]",2004.286914,2005.83335,inf,0,2,2327.5,0.010618917711206962,0.010618917711206962,3.320415,inf,22,22
2004295107188_Node0_Node8_Zero,"[0, 1, 2, 3, 4, 5, 6, 7, 8]",2004.295107,2005.83335,inf,0,2,2327.5,0.010618917711206962,0.010618917711206962,3.320415,inf,22,22
2004303299779_Node0_Node8_Zero,"[0, 1, 2, 3, 4, 5, 6, 7, 8]",2004.3033,2005.835332,inf,0,2,2327.5,0.010618917711206962,0.010618917711206962,3.320415,inf,22,22
2004311494339_Node0_Node8_Zero,"[0, 1, 2, 3, 4, 5, 6, 7, 8]",2004.311494,2005.835332,inf,0,2,2327.5,0.010618917711206962,0.010618917711206962,3.320415,inf,22,22
2004319689650_Node0_Node8_Zero,"[0, 1, 2, 3, 4, 5, 6, 7, 8]",2004.31969,2005.837255,inf,0,2,2327.5,0.010618917711206962,0.010618917711206962,3.320415,inf,22,22
2004327884912_Node0_Node8_Zero,"[0, 1, 2, 3, 4, 5, 6, 7, 8]",2004.327885,2005.837255,inf,0,2,2327.5,0.010618917711206962,0.010618917711206962,3.320415,inf,22,22
2004336077604_Node0_Node8_Zero,"[0, 1, 2, 3, 4, 5, 6, 7, 8]",2004.336078,2005.839138,inf,0,3,2327.5,0.010618917711206962,0.010618917711206962,3.320415,inf,22,22
2004344269339_Node0_Node8_Zero,"[0, 1, 2, 3, 4, 5, 6, 7, 8]",2004.344269,2005.839138,inf,0,3,2327.5,0.010618917711206962,0.010618917711206962,3.320415,inf,22,22
2004352469598_Node0_Node8_Zero,"[0, 1, 2, 3, 4, 5, 6, 7, 8]",2004.35247,2005.841,inf,0,3,2327.5,0.010618917711206962,0.010618917711206962,3.320415,inf,22,22
2004360669284_Node0_Node8_Zero,"[0, 1, 2, 3, 4, 5, 6, 7, 8]",2004.360669,2005.841,inf,0,3,2327.5,0.010618917711206962,0.010618917711206962,3.320415,inf,22,22
2004368867031_Node0_Node8_Zero,"[0, 1, 2, 3, 4, 5, 6, 7, 8]",2004.368867,2005.845065,inf,0,3,2327.5,0.010618917711206962,0.010618917711206962,3.320415,inf,22,22
2004377061303_Node0_Node8_Zero,"[0, 1, 2, 3, 4, 5, 6, 7, 8]",2004.377061,2005.845065,inf,0,3,2327.5,0.010618917711206962,0.010618917711206962,3.320415,inf,22,22
2004385254256_Node0_Node8_Zero,"[0, 1, 2, 3, 4, 5, 6, 7, 8]",2004.385254,2005.846928,inf,0,3,2327.5,0.010618917711206962,0.010618917711206962,3.320415,inf,22,22
2004393454160_Node0_Node8_Zero,"[0, 1, 2, 3, 4, 5, 6, 7, 8]",2004.393454,2005.846928,inf,0,3,2327.5,0.010618917711206962,0.010618917711206962,3.320415,inf,22,22
2004401646175_Node0_Node8_Zero,"[0, 1, 2, 3, 4, 5, 6, 7, 8]",2004.401646,2005.84879,inf,0,3,2327.5,0.010618917711206962,0.010618917711206962,3.320415,inf,22,22
2004409846941_Node0_Node8_Zero,"[0, 1, 2, 3, 4, 5, 6, 7, 8]",2004.409847,2005.84879,inf,0,3,2327.5,0.010618917711206962,0.010618917711206962,3.320415,inf,22,22
2004418045238_Node0_Node8_Zero,"[0, 1, 2, 3, 4, 5, 6, 7, 8]",2004.418045,2005.852596,inf,0,3,2327.5,0.010618917711206962,0.010618917711206962,3.320415,inf,22,22
2004426243641_Node0_Node8_Zero,"[0, 1, 2, 3, 4, 5, 6, 7, 8]",2004.426244,2005.852596,inf,0,3,2327.5,0.010618917711206962,0.010618917711206962,3.320415,inf,22,22
2004434444552_Node0_Node8_Zero,"[0, 1, 2, 3, 4, 5, 6, 7, 8]",2004.434445,2005.854438,inf,0,4,2327.5,0.010618917711206962,0.010618917711206962,3.320415,inf,22,22
2004442645559_Node0_Node8_Zero,"[0, 1, 2, 3, 4, 5, 6, 7, 8]",2004.442646,2005.854438,inf,0,4,2327.5,0.010618917711206962,0.010618917711206962,3.320415,inf,22,22
2004450838845_Node0_Node8_Zero,"[0, 1, 2, 3, 4, 5, 6, 7, 8]",2004.450839,2005.858523,inf,0,4,2327.5,0.010618917711206962,0.010618917711206962,3.320415,inf,22,22
2004459037166_Node0_Node8_Zero,"[0, 1, 2, 3, 4, 5, 6, 7, 8]",2004.459037,2005.858523,inf,0,4,2327.5,0.010618917711206962,0.010618917711206962,3.320415,inf,22,22
2004467236980_Node0_Node8_Zero,"[0, 1, 2, 3, 4, 5, 6, 7, 8]",2004.467237,2005.860506,inf,0,4,2327.5,0.010618917711206962,0.010618917711206962,3.320415,inf,22,22
2004475430050_Node0_Node8_Zero,"[0, 1, 2, 3, 4, 5, 6, 7, 8]",2004.47543,2005.860506,inf,0,4,2327.5,0.010618917711206962,0.010618917711206962,3.320415,inf,22,22
2004483629609_Node0_Node8_Zero,"[0, 1, 2, 3, 4, 5, 6, 7, 8]",2004.48363,2005.862468,inf,0,4,2327.5,0.010618917711206962,0.010618917711206962,3.320415,inf,22,22
2004491824095_Node0_Node8_Zero,"[0, 1, 2, 3, 4, 5, 6, 7, 8]",2004.491824,2005.862468,inf,0,4,2327.5,0.010618917711206962,0.010618917711206962,3.320415,inf,22,22
2004500017162_Node0_Node8_Zero,"[0, 1, 2, 3, 4, 5, 6, 7, 8]",2004.500017,2005.864371,inf,0,3,2327.5,0.010618917711206962,0.010618917711206962,3.320415,inf,22,22
2004508210225_Node0_Node8_Zero,"[0, 1, 2, 3, 4, 5, 6, 7, 8]",2004.50821,2005.864371,inf,0,3,2327.5,0.010618917711206962,0.010618917711206962,3.320415,inf,22,22
2004516410657_Node0_Node8_Zero,"[0, 1, 2, 3, 4, 5, 6, 7, 8]",2004.516411,2005.866333,inf,0,2,2327.5,0.010618917711206962,0.010618917711206962,3.320415,inf,22,22
2004524603530_Node0_Node8_Zero,"[0, 1, 2, 3, 4, 5, 6, 7, 8]",2004.524604,2005.866333,inf,0,2,2327.5,0.010618917711206962,0.010618917711206962,3.320415,inf,22,22
2004532801120_Node0_Node8_Zero,"[0, 1, 2, 3, 4, 5, 6, 7, 8]",2004.532801,2005.884691,inf,0,3,2327.5,0.010618917711206962,0.010618917711206962,3.320415,inf,22,22
2004541000324_Node0_Node8_Zero,"[0, 1, 2, 3, 4, 5, 6, 7, 8]",2004.541,2005.884691,inf,0,3,2327.5,0.010618917711206962,0.010618917711206962,3.320415,inf,22,22
2004549195900_Node0_Node8_Zero,"[0, 1, 2, 3, 4, 5, 6, 7, 8]",2004.549196,2005.886513,inf,0,3,2327.5,0.010618917711206962,0.010618917711206962,3.320415,inf,22,22
2004557391778_Node0_Node8_Zero,"[0, 1, 2, 3, 4, 5, 6, 7, 8]",2004.557392,2005.886513,inf,0,3,2327.5,0.010618917711206962,0.010618917711206962,3.320415,inf,22,22
2004565589311_Node0_Node8_Zero,"[0, 1, 2, 3, 4, 5, 6, 7, 8]",2004.565589,2005.890453,inf,0,4,2327.5,0.010618917711206962,0.010618917711206962,3.320415,inf,22,22
2004573781988_Node0_Node8_Zero,"[0, 1, 2, 3, 4, 5, 6, 7, 8]",2004.573782,2005.890453,inf,0,4,2327.5,0.010618917711206962,0.010618917711206962,3.320415,inf,22,22
2004581978400_Node0_Node8_Zero,"[0, 1, 2, 3, 4, 5, 6, 7, 8]",2004.581978,2005.892395,inf,0,3,2327.5,0.010618917711206962,0.010618917711206962,3.320415,inf,22,22
2004590179855_Node0_Node8_Zero,"[0, 1, 2, 3, 4, 5, 6, 7, 8]",2004.59018,2005.892395,inf,0,3,2327.5,0.010618917711206962,0.010618917711206962,3.320415,inf,22,22
2004598376684_Node0_Node8_Zero,"[0, 1, 2, 3, 4, 5, 6, 7, 8]",2004.598377,2005.894378,inf,0,4,2327.5,0.010618917711206962,0.010618917711206962,3.320415,inf,22,22
2004606569771_Node0_Node8_Zero,"[0, 1, 2, 3, 4, 5, 6, 7, 8]",2004.60657,2005.894378,inf,0,4,2327.5,0.010618917711206962,0.010618917711206962,3.320415,inf,22,22
2004614771111_Node0_Node8_Zero,"[0, 1, 2, 3, 4, 5, 6, 7, 8]",2004.614771,2005.896401,inf,0,4,2327.5,0.010618917711206962,0.010618917711206962,3.320415,inf,22,22
2004622969918_Node0_Node8_Zero,"[0, 1, 2, 3, 4, 5, 6, 7, 8]",2004.62297,2005.896401,inf,0,4,2327.5,0.010618917711206962,0.010618917711206962,3.320415,inf,22,22
2004631171407_Node0_Node8_Zero,"[0, 1, 2, 3, 4, 5, 6, 7, 8]",2004.631171,2005.898443,inf,0,4,2327.5,0.010618917711206962,0.010618917711206962,3.320415,inf,22,22
2004639364978_Node0_Node8_Zero,"[0, 1, 2, 3, 4, 5, 6, 7, 8]",2004.639365,2005.898443,inf,0,4,2327.5,0.010618917711206962,0.010618917711206962,3.320415,inf,22,22
2004647560984_Node0_Node8_Zero,"[0, 1, 2, 3, 4, 5, 6, 7, 8]",2004.647561,2005.908445,inf,0,4,2327.5,0.010618917711206962,0.010618917711206962,3.320415,inf,22,22
2004655762339_Node0_Node8_Zero,"[0, 1, 2, 3, 4, 5, 6, 7, 8]",2004.655762,2005.908445,inf,0,4,2327.5,0.010618917711206962,0.010618917711206962,3.320415,inf,22,22
2004663956079_Node0_Node8_Zero,"[0, 1, 2, 3, 4, 5, 6, 7, 8]",2004.663956,2005.910507,inf,0,3,2327.5,0.010618917711206962,0.010618917711206962,3.320415,inf,22,22
2004672154722_Node0_Node8_Zero,"[0, 1, 2, 3, 4, 5, 6, 7, 8]",2004.672155,2005.910507,inf,0,3,2327.5,0.010618917711206962,0.010618917711206962,3.320415,inf,22,22
2004680350700_Node0_Node8_Zero,"[0, 1, 2, 3, 4, 5, 6, 7, 8]",2004.680351,2005.91243,inf,0,2,2327.5,0.010618917711206962,0.010618917711206962,3.320415,inf,22,22
2004688544630_Node0_Node8_Zero,"[0, 1, 2, 3, 4, 5, 6, 7, 8]",2004.688545,2005.91243,inf,0,2,2327.5,0.010618917711206962,0.010618917711206962,3.320415,inf,22,22
2004696742242_Node0_Node8_Zero,"[0, 1, 2, 3, 4, 5, 6, 7, 8]",2004.696742,2005.916349,inf,0,2,2327.5,0.010618917711206962,0.010618917711206962,3.320415,inf,22,22
2004704938192_Node0_Node8_Zero,"[0, 1, 2, 3, 4, 5, 6, 7, 8]",2004.704938,2005.916349,inf,0,2,2327.5,0.010618917711206962,0.010618917711206962,3.320415,inf,22,22
2004713132462_Node0_Node8_Zero,"[0, 1, 2, 3, 4, 5, 6, 7, 8]",2004.713132,2005.918392,inf,0,4,2327.5,0.010618917711206962,0.010618917711206962,3.320415,inf,22,22
2004721333831_Node0_Node8_Zero,"[0, 1, 2, 3, 4, 5, 6, 7, 8]",2004.721334,2005.918392,inf,0,4,2327.5,0.010618917711206962,0.010618917711206962,3.320415,inf,22,22
2004729531488_Node0_Node8_Zero,"[0, 1, 2, 3, 4, 5, 6, 7, 8]",2004.729531,2005.922617,inf,0,5,2327.5,0.010618917711206962,0.010618917711206962,3.320415,inf,22,22
2004737729607_Node0_Node8_Zero,"[0, 1, 2, 3, 4, 5, 6, 7, 8]",2004.73773,2005.922617,inf,0,5,2327.5,0.010618917711206962,0.010618917711206962,3.320415,inf,22,22
2004745930744_Node0_Node8_Zero,"[0, 1, 2, 3, 4, 5, 6, 7, 8]",2004.745931,2005.924619,inf,0,3,2327.5,0.010618917711206962,0.010618917711206962,3.320415,inf,22,22
2004754129177_Node0_Node8_Zero,"[0, 1, 2, 3, 4, 5, 6, 7, 8]",2004.754129,2005.924619,inf,0,3,2327.5,0.010618917711206962,0.010618917711206962,3.320415,inf,22,22
2004762324179_Node0_Node8_Zero,"[0, 1, 2, 3, 4, 5, 6, 7, 8]",2004.762324,2005.928679,inf,0,3,2327.5,0.010618917711206962,0.010618917711206962,3.320415,inf,22,22
2004770523722_Node0_Node8_Zero,"[0, 1, 2, 3, 4, 5, 6, 7, 8]",2004.770524,2005.928679,inf,0,3,2327.5,0.010618917711206962,0.010618917711206962,3.320415,inf,22,22
2004778721554_Node0_Node8_Zero,"[0, 1, 2, 3, 4, 5, 6, 7, 8]",2004.778722,2005.930801,inf,0,5,2327.5,0.010618917711206962,0.010618917711206962,3.320415,inf,22,22
2004786923151_Node0_Node8_Zero,"[0, 1, 2, 3, 4, 5, 6, 7, 8]",2004.786923,2005.930801,inf,0,5,2327.5,0.010618917711206962,0.010618917711206962,3.320415,inf,22,22
2004795118550_Node0_Node8_Zero,"[0, 1, 2, 3, 4, 5, 6, 7, 8]",2004.795119,2005.932804,inf,0,3,2327.5,0.010618917711206962,0.010618917711206962,3.320415,inf,22,22
2004803313445_Node0_Node8_Zero,"[0, 1, 2, 3, 4, 5, 6, 7, 8]",2004.803313,2005.932804,inf,0,3,2327.5,0.010618917711206962,0.010618917711206962,3.320415,inf,22,22
2004811505862_Node0_Node8_Zero,"[0, 1, 2, 3, 4, 5, 6, 7, 8]",2004.811506,2005.936703,inf,0,5,2327.5,0.010618917711206962,0.010618917711206962,3.320415,inf,22,22
2004819700100_Node0_Node8_Zero,"[0, 1, 2, 3, 4, 5, 6, 7, 8]",2004.8197,2005.936703,inf,0,5,2327.5,0.010618917711206962,0.010618917711206962,3.320415,inf,22,22
2004827894519_Node0_Node8_Zero,"[0, 1, 2, 3, 4, 5, 6, 7, 8]",2004.827895,2005.938766,inf,0,4,2327.5,0.010618917711206962,0.010618917711206962,3.320415,inf,22,22
2004836092362_Node0_Node8_Zero,"[0, 1, 2, 3, 4, 5, 6, 7, 8]",2004.836092,2005.938766,inf,0,4,2327.5,0.010618917711206962,0.010618917711206962,3.320415,inf,22,22
2004844292193_Node0_Node8_Zero,"[0, 1, 2, 3, 4, 5, 6, 7, 8]",2004.844292,2005.942905,inf,0,2,2327.5,0.010618917711206962,0.010618917711206962,3.320415,inf,22,22
2004852491613_Node0_Node8_Zero,"[0, 1, 2, 3, 4, 5, 6, 7, 8]",2004.852492,2005.942905,inf,0,2,2327.5,0.010618917711206962,0.010618917711206962,3.320415,inf,22,22
2004860693036_Node0_Node8_Zero,"[0, 1, 2, 3, 4, 5, 6, 7, 8]",2004.860693,2005.944948,inf,0,5,2327.5,0.010618917711206962,0.010618917711206962,3.320415,inf,22,22
2004868885761_Node0_Node8_Zero,"[0, 1, 2, 3, 4, 5, 6, 7, 8]",2004.868886,2005.944948,inf,0,5,2327.5,0.010618917711206962,0.010618917711206962,3.320415,inf,22,22
2004877079197_Node0_Node8_Zero,"[0, 1, 2, 3, 4, 5, 6, 7, 8]",2004.877079,2005.94707,inf,0,3,2327.5,0.010618917711206962,0.010618917711206962,3.320415,inf,22,22
2004885275686_Node0_Node8_Zero,"[0, 1, 2, 3, 4, 5, 6, 7, 8]",2004.885276,2005.94707,inf,0,3,2327.5,0.010618917711206962,0.010618917711206962,3.320415,inf,22,22
2004893476024_Node0_Node8_Zero,"[0, 1, 2, 3, 4, 5, 6, 7, 8]",2004.893476,2005.949113,inf,0,3,2327.5,0.010618917711206962,0.010618917711206962,3.320415,inf,22,22
2004901672521_Node0_Node8_Zero,"[0, 1, 2, 3, 4, 5, 6, 7, 8]",2004.901673,2005.949113,inf,0,3,2327.5,0.010618917711206962,0.010618917711206962,3.320415,inf,22,22
2004909873754_Node0_Node8_Zero,"[0, 1, 2, 3, 4, 5, 6, 7, 8]",2004.909874,2005.951036,inf,0,2,2327.5,0.010618917711206962,0.010618917711206962,3.320415,inf,22,22
2004918068917_Node0_Node8_Zero,"[0, 1, 2, 3, 4, 5, 6, 7, 8]",2004.918069,2005.951036,inf,0,2,2327.5,0.010618917711206962,0.010618917711206962,3.320415,inf,22,22
2004926262867_Node0_Node8_Zero,"[0, 1, 2, 3, 4, 5, 6, 7, 8]",2004.926263,2005.952958,inf,0,3,2327.5,0.010618917711206962,0.010618917711206962,3.320415,inf,22,22
2004934459935_Node0_Node8_Zero,"[0, 1, 2, 3, 4, 5, 6, 7, 8]",2004.93446,2005.952958,inf,0,3,2327.5,0.010618917711206962,0.010618917711206962,3.320415,inf,22,22
2004942653279_Node0_Node8_Zero,"[0, 1, 2, 3, 4, 5, 6, 7, 8]",2004.942653,2005.954821,inf,0,3,2327.5,0.010618917711206962,0.010618917711206962,3.320415,inf,22,22
2004950849769_Node0_Node8_Zero,"[0, 1, 2, 3, 4, 5, 6, 7, 8]",2004.95085,2005.954821,inf,0,3,2327.5,0.010618917711206962,0.010618917711206962,3.320415,inf,22,22
2004959051136_Node0_Node8_Zero,"[0, 1, 2, 3, 4, 5, 6, 7, 8]",2004.959051,2005.960677,inf,0,3,2327.5,0.010618917711206962,0.010618917711206962,3.320415,inf,22,22
2004967244457_Node0_Node8_Zero,"[0, 1, 2, 3, 4, 5, 6, 7, 8]",2004.967244,2005.960677,inf,0,3,2327.5,0.010618917711206962,0.010618917711206962,3.320415,inf,22,22
2004975440609_Node0_Node8_Zero,"[0, 1, 2, 3, 4, 5, 6, 7, 8]",2004.975441,2005.96256,inf,0,4,2327.5,0.010618917711206962,0.010618917711206962,3.320415,inf,22,22
2004983632678_Node0_Node8_Zero,"[0, 1, 2, 3, 4, 5, 6, 7, 8]",2004.983633,2005.96256,inf,0,4,2327.5,0.010618917711206962,0.010618917711206962,3.320415,inf,22,22
2004991825280_Node0_Node8_Zero,"[0, 1, 2, 3, 4, 5, 6, 7, 8]",2004.991825,2005.964562,inf,0,3,2327.5,0.010618917711206962,0.010618917711206962,3.320415,inf,22,22
2005000018313_Node0_Node8_Zero,"[0, 1, 2, 3, 4, 5, 6, 7, 8]",2005.000018,2005.964562,inf,0,3,2327.5,0.010618917711206962,0.010618917711206962,3.320415,inf,22,22
2005008216510_Node0_Node8_Zero,"[0, 1, 2, 3, 4, 5, 6, 7, 8]",2005.008217,2005.966425,inf,0,3,2327.5,0.010618917711206962,0.010618917711206962,3.320415,inf,22,22
2005016414033_Node0_Node8_Zero,"[0, 1, 2, 3, 4, 5, 6, 7, 8]",2005.016414,2005.966425,inf,0,3,2327.5,0.010618917711206962,0.010618917711206962,3.320415,inf,22,22
2005024606814_Node0_Node8_Zero,"[0, 1, 2, 3, 4, 5, 6, 7, 8]",2005.024607,2005.976712,inf,0,4,2327.5,0.010618917711206962,0.010618917711206962,3.320415,inf,22,22
2005032800757_Node0_Node8_Zero,"[0, 1, 2, 3, 4, 5, 6, 7, 8]",2005.032801,2005.976712,inf,0,4,2327.5,0.010618917711206962,0.010618917711206962,3.320415,inf,22,22
2005040996461_Node0_Node8_Zero,"[0, 1, 2, 3, 4, 5, 6, 7, 8]",2005.040996,2005.978714,inf,0,5,2327.5,0.010618917711206962,0.010618917711206962,3.320415,inf,22,22
2005049194378_Node0_Node8_Zero,"[0, 1, 2, 3, 4, 5, 6, 7, 8]",2005.049194,2005.978714,inf,0,5,2327.5,0.010618917711206962,0.010618917711206962,3.320415,inf,22,22
2005057393391_Node0_Node8_Zero,"[0, 1, 2, 3, 4, 5, 6, 7, 8]",2005.057393,2005.980737,inf,0,4,2327.5,0.010618917711206962,0.010618917711206962,3.320415,inf,22,22
2005065586228_Node0_Node8_Zero,"[0, 1, 2, 3, 4, 5, 6, 7, 8]",2005.065586,2005.980737,inf,0,4,2327.5,0.010618917711206962,0.010618917711206962,3.320415,inf,22,22
2005073786071_Node0_Node8_Zero,"[0, 1, 2, 3, 4, 5, 6, 7, 8]",2005.073786,2005.98264,inf,0,4,2327.5,0.010618917711206962,0.010618917711206962,3.320415,inf,22,22
2005081987243_Node0_Node8_Zero,"[0, 1, 2, 3, 4, 5, 6, 7, 8]",2005.081987,2005.98264,inf,0,4,2327.5,0.010618917711206962,0.010618917711206962,3.320415,inf,22,22
2005090186214_Node0_Node8_Zero,"[0, 1, 2, 3, 4, 5, 6, 7, 8]",2005.090186,2005.984622,inf,0,5,2327.5,0.010618917711206962,0.010618917711206962,3.320415,inf,22,22
2005098382562_Node0_Node8_Zero,"[0, 1, 2, 3, 4, 5, 6, 7, 8]",2005.098383,2005.984622,inf,0,5,2327.5,0.010618917711206962,0.010618917711206962,3.320415,inf,22,22
2005106576757_Node0_Node8_Zero,"[0, 1, 2, 3, 4, 5, 6, 7, 8]",2005.106577,2005.986505,inf,0,4,2327.5,0.010618917711206962,0.010618917711206962,3.320415,inf,22,22
2005114775355_Node0_Node8_Zero,"[0, 1, 2, 3, 4, 5, 6, 7, 8]",2005.114775,2005.986505,inf,0,4,2327.5,0.010618917711206962,0.010618917711206962,3.320415,inf,22,22
2005122975255_Node0_Node8_Zero,"[0, 1, 2, 3, 4, 5, 6, 7, 8]",2005.122975,2005.988367,inf,0,5,2327.5,0.010618917711206962,0.010618917711206962,3.320415,inf,22,22
2005131174161_Node0_Node8_Zero,"[0, 1, 2, 3, 4, 5, 6, 7, 8]",2005.131174,2005.988367,inf,0,5,2327.5,0.010618917711206962,0.010618917711206962,3.320415,inf,22,22
2005139375795_Node0_Node8_Zero,"[0, 1, 2, 3, 4, 5, 6, 7, 8]",2005.139376,2005.99037,inf,0,4,2327.5,0.010618917711206962,0.010618917711206962,3.320415,inf,22,22
2005147574765_Node0_Node8_Zero,"[0, 1, 2, 3, 4, 5, 6, 7, 8]",2005.147575,2005.99037,inf,0,4,2327.5,0.010618917711206962,0.010618917711206962,3.320415,inf,22,22
2005155769264_Node0_Node8_Zero,"[0, 1, 2, 3, 4, 5, 6, 7, 8]",2005.155769,2005.992252,inf,0,4,2327.5,0.010618917711206962,0.010618917711206962,3.320415,inf,22,22
2005163962293_Node0_Node8_Zero,"[0, 1, 2, 3, 4, 5, 6, 7, 8]",2005.163962,2005.992252,inf,0,4,2327.5,0.010618917711206962,0.010618917711206962,3.320415,inf,22,22
2005172157317_Node0_Node8_Zero,"[0, 1, 2, 3, 4, 5, 6, 7, 8]",2005.172157,2005.996232,inf,0,4,2327.5,0.010618917711206962,0.010618917711206962,3.320415,inf,22,22
2005180354553_Node0_Node8_Zero,"[0, 1, 2, 3, 4, 5, 6, 7, 8]",2005.180355,2005.996232,inf,0,4,2327.5,0.010618917711206962,0.010618917711206962,3.320415,inf,22,22
2005188555569_Node0_Node8_Zero,"[0, 1, 2, 3, 4, 5, 6, 7, 8]",2005.188556,2005.998354,inf,0,6,2327.5,0.010618917711206962,0.010618917711206962,3.320415,inf,22,22
2005196748138_Node0_Node8_Zero,"[0, 1, 2, 3, 4, 5, 6, 7, 8]",2005.196748,2005.998354,inf,0,6,2327.5,0.010618917711206962,0.010618917711206962,3.320415,inf,22,22
2005204942514_Node0_Node8_Zero,"[0, 1, 2, 3, 4, 5, 6, 7, 8]",2005.204943,2006.000397,inf,0,4,2327.5,0.010618917711206962,0.010618917711206962,3.320415,inf,22,22
2005213136946_Node0_Node8_Zero,"[0, 1, 2, 3, 4, 5, 6, 7, 8]",2005.213137,2006.000397,inf,0,4,2327.5,0.010618917711206962,0.010618917711206962,3.320415,inf,22,22
2005221334542_Node0_Node8_Zero,"[0, 1, 2, 3, 4, 5, 6, 7, 8]",2005.221335,2006.002459,inf,0,4,2343.0,0.010618917711206962,0.010618917711206962,3.320415,inf,11,11
2005229533196_Node0_Node8_Zero,"[0, 1, 2, 3, 4, 5, 6, 7, 8]",2005.229533,2006.004339,inf,0,4,2343.0,0.0053220512539897905,0.0053220512539897905,1.664145,inf,11,11
2005237728332_Node0_Node8_Zero,"[0, 1, 2, 3, 4, 5, 6, 7, 8]",2005.237728,2006.006219,inf,0,4,2343.0,0.0053220512539897905,0.0053220512539897905,1.664145,inf,11,11
2005245921138_Node0_Node8_Zero,"[0, 1, 2, 3, 4, 5, 6, 7, 8]",2005.245921,2006.008058,inf,0,3,2343.0,0.0053220512539897905,0.0053220512539897905,1.664145,inf,11,11
2005254121935_Node0_Node8_Zero,"[0, 1, 2, 3, 4, 5, 6, 7, 8]",2005.254122,2006.011978,inf,0,6,2343.0,0.0053220512539897905,0.0053220512539897905,1.664145,inf,11,11
2005262323099_Node0_Node8_Zero,"[0, 1, 2, 3, 4, 5, 6, 7, 8]",2005.262323,2006.016057,inf,0,5,2343.0,0.0053220512539897905,0.0053220512539897905,1.664145,inf,11,11
2005270516702_Node0_Node8_Zero,"[0, 1, 2, 3, 4, 5, 6, 7, 8]",2005.270517,2006.019964,inf,0,5,2343.0,0.0053220512539897905,0.0053220512539897905,1.664145,inf,11,11
2005278715919_Node0_Node8_Zero,"[0, 1, 2, 3, 4, 5, 6, 7, 8]",2005.278716,2006.028057,inf,0,5,2343.0,0.0053220512539897905,0.0053220512539897905,1.664145,inf,11,11
2005286915097_Node0_Node8_Zero,"[0, 1, 2, 3, 4, 5, 6, 7, 8]",2005.286915,2006.029996,inf,0,3,2343.0,0.0053220512539897905,0.0053220512539897905,1.664145,inf,11,11
2005295106969_Node0_Node8_Zero,"[0, 1, 2, 3, 4, 5, 6, 7, 8]",2005.295107,2006.031956,inf,0,6,2343.0,0.0053220512539897905,0.0053220512539897905,1.664145,inf,11,11
2005303304546_Node0_Node8_Zero,"[0, 1, 2, 3, 4, 5, 6, 7, 8]",2005.303305,2006.036158,inf,0,3,2343.0,0.0053220512539897905,0.0053220512539897905,1.664145,inf,11,11
2005311503633_Node0_Node8_Zero,"[0, 1, 2, 3, 4, 5, 6, 7, 8]",2005.311504,2006.038078,inf,0,4,2343.0,0.0053220512539897905,0.0053220512539897905,1.664145,inf,11,11
2005319700988_Node0_Node8_Zero,"[0, 1, 2, 3, 4, 5, 6, 7, 8]",2005.319701,2006.039957,inf,0,6,2343.0,0.0053220512539897905,0.0053220512539897905,1.664145,inf,11,11
2005327900755_Node0_Node8_Zero,"[0, 1, 2, 3, 4, 5, 6, 7, 8]",2005.327901,2006.041857,inf,0,3,2343.0,0.0053220512539897905,0.0053220512539897905,1.664145,inf,11,11
2005336093009_Node0_Node8_Zero,"[0, 1, 2, 3, 4, 5, 6, 7, 8]",2005.336093,2006.043797,inf,0,4,2343.0,0.0053220512539897905,0.0053220512539897905,1.664145,inf,11,11
2005344285748_Node0_Node8_Zero,"[0, 1, 2, 3, 4, 5, 6, 7, 8]",2005.344286,2006.047776,inf,0,4,2343.0,0.0053220512539897905,0.0053220512539897905,1.664145,inf,11,11
2005352478111_Node0_Node8_Zero,"[0, 1, 2, 3, 4, 5, 6, 7, 8]",2005.352478,2006.049656,inf,0,4,2343.0,0.0053220512539897905,0.0053220512539897905,1.664145,inf,11,11
2005360669986_Node0_Node8_Zero,"[0, 1, 2, 3, 4, 5, 6, 7, 8]",2005.36067,2006.059881,inf,0,4,2343.0,0.0053220512539897905,0.0053220512539897905,1.664145,inf,11,11
2005368868749_Node0_Node8_Zero,"[0, 1, 2, 3, 4, 5, 6, 7, 8]",2005.368869,2006.063868,inf,0,3,2343.0,0.0053220512539897905,0.0053220512539897905,1.664145,inf,11,11
2005377061953_Node0_Node8_Zero,"[0, 1, 2, 3, 4, 5, 6, 7, 8]",2005.377062,2006.065907,inf,0,4,2343.0,0.0053220512539897905,0.0053220512539897905,1.664145,inf,11,11
2005385260872_Node0_Node8_Zero,"[0, 1, 2, 3, 4, 5, 6, 7, 8]",2005.385261,2006.069934,inf,0,5,2343.0,0.0053220512539897905,0.0053220512539897905,1.664145,inf,11,11
2005393459420_Node0_Node8_Zero,"[0, 1, 2, 3, 4, 5, 6, 7, 8]",2005.393459,2006.07402,inf,0,4,2343.0,0.0053220512539897905,0.0053220512539897905,1.664145,inf,11,11
2005401657562_Node0_Node8_Zero,"[0, 1, 2, 3, 4, 5, 6, 7, 8]",2005.401658,2006.07602,inf,0,3,2343.0,0.0053220512539897905,0.0053220512539897905,1.664145,inf,11,11
2005409851884_Node0_Node8_Zero,"[0, 1, 2, 3, 4, 5, 6, 7, 8]",2005.409852,2006.07798,inf,0,4,2343.0,0.0053220512539897905,0.0053220512539897905,1.664145,inf,11,11
2005418045595_Node0_Node8_Zero,"[0, 1, 2, 3, 4, 5, 6, 7, 8]",2005.418046,2006.082066,inf,0,4,2343.0,0.0053220512539897905,0.0053220512539897905,1.664145,inf,11,11
2005426239756_Node0_Node8_Zero,"[0, 1, 2, 3, 4, 5, 6, 7, 8]",2005.42624,2006.083926,inf,0,3,2343.0,0.0053220512539897905,0.0053220512539897905,1.664145,inf,11,11
2005434435291_Node0_Node8_Zero,"[0, 1, 2, 3, 4, 5, 6, 7, 8]",2005.434435,2006.085826,inf,0,3,2343.0,0.0053220512539897905,0.0053220512539897905,1.664145,inf,11,11
2005442627403_Node0_Node8_Zero,"[0, 1, 2, 3, 4, 5, 6, 7, 8]",2005.442627,2006.092032,inf,0,6,2343.0,0.0053220512539897905,0.0053220512539897905,1.664145,inf,11,11
2005450826000_Node0_Node8_Zero,"[0, 1, 2, 3, 4, 5, 6, 7, 8]",2005.450826,2006.095978,inf,0,4,2343.0,0.0053220512539897905,0.0053220512539897905,1.664145,inf,11,11
2005459022203_Node0_Node8_Zero,"[0, 1, 2, 3, 4, 5, 6, 7, 8]",2005.459022,2006.097818,inf,0,4,2343.0,0.0053220512539897905,0.0053220512539897905,1.664145,inf,11,11
2005467214093_Node0_Node8_Zero,"[0, 1, 2, 3, 4, 5, 6, 7, 8]",2005.467214,2006.103877,inf,0,3,2343.0,0.0053220512539897905,0.0053220512539897905,1.664145,inf,11,11
2005475414081_Node0_Node8_Zero,"[0, 1, 2, 3, 4, 5, 6, 7, 8]",2005.475414,2006.118795,inf,0,4,2343.0,0.0053220512539897905,0.0053220512539897905,1.664145,inf,11,11
2005483608747_Node0_Node8_Zero,"[0, 1, 2, 3, 4, 5, 6, 7, 8]",2005.483609,2006.120714,inf,0,4,2343.0,0.0053220512539897905,0.0053220512539897905,1.664145,inf,11,11
2005491802521_Node0_Node8_Zero,"[0, 1, 2, 3, 4, 5, 6, 7, 8]",2005.491803,2006.1268,inf,0,5,2343.0,0.0053220512539897905,0.0053220512539897905,1.664145,inf,11,11
2005500000234_Node0_Node8_Zero,"[0, 1, 2, 3, 4, 5, 6, 7, 8]",2005.5,2006.130627,inf,0,5,2343.0,0.0053220512539897905,0.0053220512539897905,1.664145,inf,11,11
2005508195962_Node0_Node8_Zero,"[0, 1, 2, 3, 4, 5, 6, 7, 8]",2005.508196,2006.134906,inf,0,6,2343.0,0.0053220512539897905,0.0053220512539897905,1.664145,inf,11,11
2005516392305_Node0_Node8_Zero,"[0, 1, 2, 3, 4, 5, 6, 7, 8]",2005.516392,2006.136906,inf,0,4,2343.0,0.0053220512539897905,0.0053220512539897905,1.664145,inf,11,11
2005524593317_Node0_Node8_Zero,"[0, 1, 2, 3, 4, 5, 6, 7, 8]",2005.524593,2006.140932,inf,0,3,2343.0,0.0053220512539897905,0.0053220512539897905,1.664145,inf,11,11
2005532788575_Node0_Node8_Zero,"[0, 1, 2, 3, 4, 5, 6, 7, 8]",2005.532789,2006.142852,inf,0,4,2343.0,0.0053220512539897905,0.0053220512539897905,1.664145,inf,11,11
2005540981764_Node0_Node8_Zero,"[0, 1, 2, 3, 4, 5, 6, 7, 8]",2005.540982,2006.146771,inf,0,4,2343.0,0.0053220512539897905,0.0053220512539897905,1.664145,inf,11,11
2005549181492_Node0_Node8_Zero,"[0, 1, 2, 3, 4, 5, 6, 7, 8]",2005.549181,2006.148711,inf,0,4,2343.0,0.0053220512539897905,0.0053220512539897905,1.664145,inf,11,11
2005557377252_Node0_Node8_Zero,"[0, 1, 2, 3, 4, 5, 6, 7, 8]",2005.557377,2006.150731,inf,0,5,2343.0,0.0053220512539897905,0.0053220512539897905,1.664145,inf,11,11
2005565572030_Node0_Node8_Zero,"[0, 1, 2, 3, 4, 5, 6, 7, 8]",2005.565572,2006.15279,inf,0,5,2343.0,0.0053220512539897905,0.0053220512539897905,1.664145,inf,11,11
2005573772313_Node0_Node8_Zero,"[0, 1, 2, 3, 4, 5, 6, 7, 8]",2005.573772,2006.15473,inf,0,5,2343.0,0.0053220512539897905,0.0053220512539897905,1.664145,inf,11,11
2005581971470_Node0_Node8_Zero,"[0, 1, 2, 3, 4, 5, 6, 7, 8]",2005.581971,2006.15675,inf,0,4,2343.0,0.0053220512539897905,0.0053220512539897905,1.664145,inf,11,11
2005590166181_Node0_Node8_Zero,"[0, 1, 2, 3, 4, 5, 6, 7, 8]",2005.590166,2006.158729,inf,0,5,2343.0,0.0053220512539897905,0.0053220512539897905,1.664145,inf,11,11
2005598363605_Node0_Node8_Zero,"[0, 1, 2, 3, 4, 5, 6, 7, 8]",2005.598364,2006.160729,inf,0,6,2343.0,0.0053220512539897905,0.0053220512539897905,1.664145,inf,11,11
2005606558577_Node0_Node8_Zero,"[0, 1, 2, 3, 4, 5, 6, 7, 8]",2005.606559,2006.162809,inf,0,4,2343.0,0.0053220512539897905,0.0053220512539897905,1.664145,inf,11,11
2005614759492_Node0_Node8_Zero,"[0, 1, 2, 3, 4, 5, 6, 7, 8]",2005.614759,2006.164728,inf,0,4,2343.0,0.0053220512539897905,0.0053220512539897905,1.664145,inf,11,11
2005622953926_Node0_Node8_Zero,"[0, 1, 2, 3, 4, 5, 6, 7, 8]",2005.622954,2006.166788,inf,0,5,2343.0,0.0053220512539897905,0.0053220512539897905,1.664145,inf,11,11
2005631146539_Node0_Node8_Zero,"[0, 1, 2, 3, 4, 5, 6, 7, 8]",2005.631147,2006.168628,inf,0,4,2343.0,0.0053220512539897905,0.0053220512539897905,1.664145,inf,11,11
2005639339090_Node0_Node8_Zero,"[0, 1, 2, 3, 4, 5, 6, 7, 8]",2005.639339,2006.170667,inf,0,6,2343.0,0.0053220512539897905,0.0053220512539897905,1.664145,inf,11,11
2005647535657_Node0_Node8_Zero,"[0, 1, 2, 3, 4, 5, 6, 7, 8]",2005.647536,2006.172687,inf,0,5,2343.0,0.0053220512539897905,0.0053220512539897905,1.664145,inf,11,11
2005655736373_Node0_Node8_Zero,"[0, 1, 2, 3, 4, 5, 6, 7, 8]",2005.655736,2006.174667,inf,0,4,2343.0,0.0053220512539897905,0.0053220512539897905,1.664145,inf,11,11
2005663932816_Node0_Node8_Zero,"[0, 1, 2, 3, 4, 5, 6, 7, 8]",2005.663933,2006.178633,inf,0,5,2343.0,0.0053220512539897905,0.0053220512539897905,1.664145,inf,11,11
2005672126501_Node0_Node8_Zero,"[0, 1, 2, 3, 4, 5, 6, 7, 8]",2005.672127,2006.180613,inf,0,5,2343.0,0.0053220512539897905,0.0053220512539897905,1.664145,inf,11,11
2005680318252_Node0_Node8_Zero,"[0, 1, 2, 3, 4, 5, 6, 7, 8]",2005.680318,2006.182512,inf,0,4,2343.0,0.0053220512539897905,0.0053220512539897905,1.664145,inf,11,11
2005688511356_Node0_Node8_Zero,"[0, 1, 2, 3, 4, 5, 6, 7, 8]",2005.688511,2006.188631,inf,0,6,2343.0,0.0053220512539897905,0.0053220512539897905,1.664145,inf,11,11
2005696704192_Node0_Node8_Zero,"[0, 1, 2, 3, 4, 5, 6, 7, 8]",2005.696704,2006.190651,inf,0,5,2343.0,0.0053220512539897905,0.0053220512539897905,1.664145,inf,11,11
2005704902587_Node0_Node8_Zero,"[0, 1, 2, 3, 4, 5, 6, 7, 8]",2005.704903,2006.192571,inf,0,4,2343.0,0.0053220512539897905,0.0053220512539897905,1.664145,inf,11,11
2005713097117_Node0_Node8_Zero,"[0, 1, 2, 3, 4, 5, 6, 7, 8]",2005.713097,2006.205096,inf,0,4,2343.0,0.0053220512539897905,0.0053220512539897905,1.664145,inf,11,11
2005721291716_Node0_Node8_Zero,"[0, 1, 2, 3, 4, 5, 6, 7, 8]",2005.721292,2006.206995,inf,0,4,2343.0,0.0053220512539897905,0.0053220512539897905,1.664145,inf,11,11
2005729492190_Node0_Node8_Zero,"[0, 1, 2, 3, 4, 5, 6, 7, 8]",2005.729492,2006.209035,inf,0,5,2343.0,0.0053220512539897905,0.0053220512539897905,1.664145,inf,11,11
2005737691137_Node0_Node8_Zero,"[0, 1, 2, 3, 4, 5, 6, 7, 8]",2005.737691,2006.210875,inf,0,6,2343.0,0.0053220512539897905,0.0053220512539897905,1.664145,inf,11,11
2005745884878_Node0_Node8_Zero,"[0, 1, 2, 3, 4, 5, 6, 7, 8]",2005.745885,2006.214654,inf,0,5,2343.0,0.0053220512539897905,0.0053220512539897905,1.664145,inf,11,11
2005754080941_Node0_Node8_Zero,"[0, 1, 2, 3, 4, 5, 6, 7, 8]",2005.754081,2006.222613,inf,0,5,2343.0,0.0053220512539897905,0.0053220512539897905,1.664145,inf,11,11
2005762282195_Node0_Node8_Zero,"[0, 1, 2, 3, 4, 5, 6, 7, 8]",2005.762282,2006.226699,inf,0,5,2343.0,0.0053220512539897905,0.0053220512539897905,1.664145,inf,11,11
2005770478156_Node0_Node8_Zero,"[0, 1, 2, 3, 4, 5, 6, 7, 8]",2005.770478,2006.228559,inf,0,6,2343.0,0.0053220512539897905,0.0053220512539897905,1.664145,inf,11,11
2005778672630_Node0_Node8_Zero,"[0, 1, 2, 3, 4, 5, 6, 7, 8]",2005.778673,2006.230598,inf,0,4,2343.0,0.0053220512539897905,0.0053220512539897905,1.664145,inf,11,11
2005786873890_Node0_Node8_Zero,"[0, 1, 2, 3, 4, 5, 6, 7, 8]",2005.786874,2006.232498,inf,0,4,2343.0,0.0053220512539897905,0.0053220512539897905,1.664145,inf,11,11
2005795068074_Node0_Node8_Zero,"[0, 1, 2, 3, 4, 5, 6, 7, 8]",2005.795068,2006.234338,inf,0,5,2343.0,0.0053220512539897905,0.0053220512539897905,1.664145,inf,11,11
2005803267132_Node0_Node8_Zero,"[0, 1, 2, 3, 4, 5, 6, 7, 8]",2005.803267,2006.240304,inf,0,6,2343.0,0.0053220512539897905,0.0053220512539897905,1.664145,inf,11,11
2005811459744_Node0_Node8_Zero,"[0, 1, 2, 3, 4, 5, 6, 7, 8]",2005.81146,2006.242244,inf,0,5,2343.0,0.0053220512539897905,0.0053220512539897905,1.664145,inf,11,11
2005819658918_Node0_Node8_Zero,"[0, 1, 2, 3, 4, 5, 6, 7, 8]",2005.819659,2006.250489,inf,0,4,2343.0,0.0053220512539897905,0.0053220512539897905,1.664145,inf,11,11
2005827860083_Node0_Node8_Zero,"[0, 1, 2, 3, 4, 5, 6, 7, 8]",2005.82786,2006.252349,inf,0,5,2343.0,0.0053220512539897905,0.0053220512539897905,1.664145,inf,11,11
2005836053011_Node0_Node8_Zero,"[0, 1, 2, 3, 4, 5, 6, 7, 8]",2005.836053,2006.254229,inf,0,5,2343.0,0.0053220512539897905,0.0053220512539897905,1.664145,inf,11,11
2005844247474_Node0_Node8_Zero,"[0, 1, 2, 3, 4, 5, 6, 7, 8]",2005.844247,2006.258388,inf,0,4,2343.0,0.0053220512539897905,0.0053220512539897905,1.664145,inf,11,11
2005852444913_Node0_Node8_Zero,"[0, 1, 2, 3, 4, 5, 6, 7, 8]",2005.852445,2006.260388,inf,0,4,2343.0,0.0053220512539897905,0.0053220512539897905,1.664145,inf,11,11
2005860641417_Node0_Node8_Zero,"[0, 1, 2, 3, 4, 5, 6, 7, 8]",2005.860641,2006.262227,inf,0,4,2343.0,0.0053220512539897905,0.0053220512539897905,1.664145,inf,11,11
2005868840273_Node0_Node8_Zero,"[0, 1, 2, 3, 4, 5, 6, 7, 8]",2005.86884,2006.264147,inf,0,4,2343.0,0.0053220512539897905,0.0053220512539897905,1.664145,inf,11,11
2005877041510_Node0_Node8_Zero,"[0, 1, 2, 3, 4, 5, 6, 7, 8]",2005.877042,2006.268146,inf,0,6,2343.0,0.0053220512539897905,0.0053220512539897905,1.664145,inf,11,11
2005885235285_Node0_Node8_Zero,"[0, 1, 2, 3, 4, 5, 6, 7, 8]",2005.885235,2006.278692,inf,0,4,2343.0,0.0053220512539897905,0.0053220512539897905,1.664145,inf,11,11
2005893427216_Node0_Node8_Zero,"[0, 1, 2, 3, 4, 5, 6, 7, 8]",2005.893427,2006.280692,inf,0,4,2343.0,0.0053220512539897905,0.0053220512539897905,1.664145,inf,11,11
2005901621681_Node0_Node8_Zero,"[0, 1, 2, 3, 4, 5, 6, 7, 8]",2005.901622,2006.284678,inf,0,5,2343.0,0.0053220512539897905,0.0053220512539897905,1.664145,inf,11,11
2005909821711_Node0_Node8_Zero,"[0, 1, 2, 3, 4, 5, 6, 7, 8]",2005.909822,2006.297243,inf,0,5,2343.0,0.0053220512539897905,0.0053220512539897905,1.664145,inf,11,11
2005918018028_Node0_Node8_Zero,"[0, 1, 2, 3, 4, 5, 6, 7, 8]",2005.918018,2006.299263,inf,0,4,2343.0,0.0053220512539897905,0.0053220512539897905,1.664145,inf,11,11
2005926218056_Node0_Node8_Zero,"[0, 1, 2, 3, 4, 5, 6, 7, 8]",2005.926218,2006.301222,inf,0,5,2343.0,0.0053220512539897905,0.0053220512539897905,1.664145,inf,11,11
2005934419466_Node0_Node8_Zero,"[0, 1, 2, 3, 4, 5, 6, 7, 8]",2005.934419,2006.303062,inf,0,5,2343.0,0.0053220512539897905,0.0053220512539897905,1.664145,inf,11,11
2005942618972_Node0_Node8_Zero,"[0, 1, 2, 3, 4, 5, 6, 7, 8]",2005.942619,2006.311141,inf,0,4,2343.0,0.0053220512539897905,0.0053220512539897905,1.664145,inf,11,11
2005950813533_Node0_Node8_Zero,"[0, 1, 2, 3, 4, 5, 6, 7, 8]",2005.950814,2006.31298,inf,0,4,2343.0,0.0053220512539897905,0.0053220512539897905,1.664145,inf,11,11
2005959011863_Node0_Node8_Zero,"[0, 1, 2, 3, 4, 5, 6, 7, 8]",2005.959012,2006.321313,inf,0,4,2343.0,0.0053220512539897905,0.0053220512539897905,1.664145,inf,11,11
2005967204064_Node0_Node8_Zero,"[0, 1, 2, 3, 4, 5, 6, 7, 8]",2005.967204,2006.323173,inf,0,5,2343.0,0.0053220512539897905,0.0053220512539897905,1.664145,inf,11,11
2005975402904_Node0_Node8_Zero,"[0, 1, 2, 3, 4, 5, 6, 7, 8]",2005.975403,2006.325033,inf,0,4,2343.0,0.0053220512539897905,0.0053220512539897905,1.664145,inf,11,11
2005983600206_Node0_Node8_Zero,"[0, 1, 2, 3, 4, 5, 6, 7, 8]",2005.9836,2006.326952,inf,0,6,2343.0,0.0053220512539897905,0.0053220512539897905,1.664145,inf,11,11
2005991792086_Node0_Node8_Zero,"[0, 1, 2, 3, 4, 5, 6, 7, 8]",2005.991792,2006.328792,inf,0,7,2343.0,0.0053220512539897905,0.0053220512539897905,1.664145,inf,11,11
2005999986848_Node0_Node8_Zero,"[0, 1, 2, 3, 4, 5, 6, 7, 8]",2005.999987,2006.335071,inf,0,4,2343.0,0.0053220512539897905,0.0053220512539897905,1.664145,inf,11,11
2006008184387_Node0_Node8_Zero,"[0, 1, 2, 3, 4, 5, 6, 7, 8]",2006.008184,2006.336911,inf,0,6,2343.0,0.0053220512539897905,0.0053220512539897905,1.664145,inf,11,11
2006016381310_Node0_Node8_Zero,"[0, 1, 2, 3, 4, 5, 6, 7, 8]",2006.016381,2006.33905,inf,0,6,2343.0,0.0053220512539897905,0.0053220512539897905,1.664145,inf,11,11
2006024577327_Node0_Node8_Zero,"[0, 1, 2, 3, 4, 5, 6, 7, 8]",2006.024577,2006.343137,inf,0,5,2343.0,0.0053220512539897905,0.0053220512539897905,1.664145,inf,11,11
2006032771436_Node0_Node8_Zero,"[0, 1, 2, 3, 4, 5, 6, 7, 8]",2006.032771,2006.344997,inf,0,5,2343.0,0.0053220512539897905,0.0053220512539897905,1.664145,inf,11,11
2006040970437_Node0_Node8_Zero,"[0, 1, 2, 3, 4, 5, 6, 7, 8]",2006.04097,2006.346956,inf,0,4,2343.0,0.0053220512539897905,0.0053220512539897905,1.664145,inf,11,11
2006049170553_Node0_Node8_Zero,"[0, 1, 2, 3, 4, 5, 6, 7, 8]",2006.049171,2006.348856,inf,0,6,2343.0,0.0053220512539897905,0.0053220512539897905,1.664145,inf,11,11
2006057364903_Node0_Node8_Zero,"[0, 1, 2, 3, 4, 5, 6, 7, 8]",2006.057365,2006.355035,inf,0,4,2343.0,0.0053220512539897905,0.0053220512539897905,1.664145,inf,11,11
2006065566023_Node0_Node8_Zero,"[0, 1, 2, 3, 4, 5, 6, 7, 8]",2006.065566,2006.357134,inf,0,5,2343.0,0.0053220512539897905,0.0053220512539897905,1.664145,inf,11,11
2006073761515_Node0_Node8_Zero,"[0, 1, 2, 3, 4, 5, 6, 7, 8]",2006.073762,2006.359154,inf,0,4,2343.0,0.0053220512539897905,0.0053220512539897905,1.664145,inf,11,11
2006081960883_Node0_Node8_Zero,"[0, 1, 2, 3, 4, 5, 6, 7, 8]",2006.081961,2006.361294,inf,0,4,2343.0,0.0053220512539897905,0.0053220512539897905,1.664145,inf,11,11
2006090155850_Node0_Node8_Zero,"[0, 1, 2, 3, 4, 5, 6, 7, 8]",2006.090156,2006.363273,inf,0,5,2343.0,0.0053220512539897905,0.0053220512539897905,1.664145,inf,11,11
2006098347711_Node0_Node8_Zero,"[0, 1, 2, 3, 4, 5, 6, 7, 8]",2006.098348,2006.365293,inf,0,7,2343.0,0.0053220512539897905,0.0053220512539897905,1.664145,inf,11,11
2006106540148_Node0_Node8_Zero,"[0, 1, 2, 3, 4, 5, 6, 7, 8]",2006.10654,2006.367353,inf,0,4,2343.0,0.0053220512539897905,0.0053220512539897905,1.664145,inf,11,11
2006114733906_Node0_Node8_Zero,"[0, 1, 2, 3, 4, 5, 6, 7, 8]",2006.114734,2006.369212,inf,0,4,2343.0,0.0053220512539897905,0.0053220512539897905,1.664145,inf,11,11
2006122932503_Node0_Node8_Zero,"[0, 1, 2, 3, 4, 5, 6, 7, 8]",2006.122933,2006.371332,inf,0,5,2343.0,0.0053220512539897905,0.0053220512539897905,1.664145,inf,11,11
2006131127739_Node0_Node8_Zero,"[0, 1, 2, 3, 4, 5, 6, 7, 8]",2006.131128,2006.373212,inf,0,6,2343.0,0.0053220512539897905,0.0053220512539897905,1.664145,inf,11,11
2006139326297_Node0_Node8_Zero,"[0, 1, 2, 3, 4, 5, 6, 7, 8]",2006.139326,2006.385804,inf,0,7,2343.0,0.0053220512539897905,0.0053220512539897905,1.664145,inf,11,11
2006147522891_Node0_Node8_Zero,"[0, 1, 2, 3, 4, 5, 6, 7, 8]",2006.147523,2006.387864,inf,0,4,2343.0,0.0053220512539897905,0.0053220512539897905,1.664145,inf,11,11
2006155717893_Node0_Node8_Zero,"[0, 1, 2, 3, 4, 5, 6, 7, 8]",2006.155718,2006.389783,inf,0,4,2343.0,0.0053220512539897905,0.0053220512539897905,1.664145,inf,11,11
2006163919442_Node0_Node8_Zero,"[0, 1, 2, 3, 4, 5, 6, 7, 8]",2006.163919,2006.391843,inf,0,5,2343.0,0.0053220512539897905,0.0053220512539897905,1.664145,inf,11,11
2006172116645_Node0_Node8_Zero,"[0, 1, 2, 3, 4, 5, 6, 7, 8]",2006.172117,2006.393863,inf,0,6,2343.0,0.0053220512539897905,0.0053220512539897905,1.664145,inf,11,11
2006180310623_Node0_Node8_Zero,"[0, 1, 2, 3, 4, 5, 6, 7, 8]",2006.180311,2006.395882,inf,0,5,2343.0,0.0053220512539897905,0.0053220512539897905,1.664145,inf,11,11
2006188504688_Node0_Node8_Zero,"[0, 1, 2, 3, 4, 5, 6, 7, 8]",2006.188505,2006.402009,inf,0,6,2343.0,0.0053220512539897905,0.0053220512539897905,1.664145,inf,11,11
2006196698323_Node0_Node8_Zero,"[0, 1, 2, 3, 4, 5, 6, 7, 8]",2006.196698,2006.408055,inf,0,4,2343.0,0.0053220512539897905,0.0053220512539897905,1.664145,inf,11,11
2006204895184_Node0_Node8_Zero,"[0, 1, 2, 3, 4, 5, 6, 7, 8]",2006.204895,2006.410134,inf,0,5,2343.0,0.0053220512539897905,0.0053220512539897905,1.664145,inf,11,11
2006213088275_Node0_Node8_Zero,"[0, 1, 2, 3, 4, 5, 6, 7, 8]",2006.213088,2006.414221,inf,0,5,2343.0,0.0053220512539897905,0.0053220512539897905,1.664145,inf,11,11
2006221281627_Node0_Node8_Zero,"[0, 1, 2, 3, 4, 5, 6, 7, 8]",2006.221282,2006.418207,inf,0,4,2343.0,0.0053220512539897905,0.0053220512539897905,1.664145,inf,11,11
2006229478600_Node0_Node8_Zero,"[0, 1, 2, 3, 4, 5, 6, 7, 8]",2006.229479,2006.422347,inf,0,5,2343.0,0.0053220512539897905,0.0053220512539897905,1.664145,inf,11,11
2006237670749_Node0_Node8_Zero,"[0, 1, 2, 3, 4, 5, 6, 7, 8]",2006.237671,2006.424306,inf,0,4,2343.0,0.0053220512539897905,0.0053220512539897905,1.664145,inf,11,11
2006245872421_Node0_Node8_Zero,"[0, 1, 2, 3, 4, 5, 6, 7, 8]",2006.245872,2006.426226,inf,0,5,2343.0,0.0053220512539897905,0.0053220512539897905,1.664145,inf,11,11
2006254066152_Node0_Node8_Zero,"[0, 1, 2, 3, 4, 5, 6, 7, 8]",2006.254066,2006.430245,inf,0,6,2343.0,0.0053220512539897905,0.0053220512539897905,1.664145,inf,11,11
2006262259838_Node0_Node8_Zero,"[0, 1, 2, 3, 4, 5, 6, 7, 8]",2006.26226,2006.432265,inf,0,4,2343.0,0.0053220512539897905,0.0053220512539897905,1.664145,inf,11,11
2006270455355_Node0_Node8_Zero,"[0, 1, 2, 3, 4, 5, 6, 7, 8]",2006.270455,2006.434125,inf,0,4,2343.0,0.0053220512539897905,0.0053220512539897905,1.664145,inf,11,11
2006278653375_Node0_Node8_Zero,"[0, 1, 2, 3, 4, 5, 6, 7, 8]",2006.278653,2006.435964,inf,0,6,2343.0,0.0053220512539897905,0.0053220512539897905,1.664145,inf,11,11
2006286851140_Node0_Node8_Zero,"[0, 1, 2, 3, 4, 5, 6, 7, 8]",2006.286851,2006.439911,inf,0,6,2343.0,0.0053220512539897905,0.0053220512539897905,1.664145,inf,11,11
2006295043928_Node0_Node8_Zero,"[0, 1, 2, 3, 4, 5, 6, 7, 8]",2006.295044,2006.44187,inf,0,4,2343.0,0.0053220512539897905,0.0053220512539897905,1.664145,inf,11,11
2006303239277_Node0_Node8_Zero,"[0, 1, 2, 3, 4, 5, 6, 7, 8]",2006.303239,2006.44393,inf,0,5,2343.0,0.0053220512539897905,0.0053220512539897905,1.664145,inf,11,11
2006311439211_Node0_Node8_Zero,"[0, 1, 2, 3, 4, 5, 6, 7, 8]",2006.311439,2006.456628,inf,0,5,2343.0,0.0053220512539897905,0.0053220512539897905,1.664145,inf,11,11
2006319639610_Node0_Node8_Zero,"[0, 1, 2, 3, 4, 5, 6, 7, 8]",2006.31964,2006.458628,inf,0,6,2343.0,0.0053220512539897905,0.0053220512539897905,1.664145,inf,11,11
2006327838583_Node0_Node8_Zero,"[0, 1, 2, 3, 4, 5, 6, 7, 8]",2006.327839,2006.462647,inf,0,4,2343.0,0.0053220512539897905,0.0053220512539897905,1.664145,inf,11,11
2006336036314_Node0_Node8_Zero,"[0, 1, 2, 3, 4, 5, 6, 7, 8]",2006.336036,2006.464727,inf,0,5,2343.0,0.0053220512539897905,0.0053220512539897905,1.664145,inf,11,11
2006344233860_Node0_Node8_Zero,"[0, 1, 2, 3, 4, 5, 6, 7, 8]",2006.344234,2006.466826,inf,0,5,2343.0,0.0053220512539897905,0.0053220512539897905,1.664145,inf,11,11
2006352428265_Node0_Node8_Zero,"[0, 1, 2, 3, 4, 5, 6, 7, 8]",2006.352428,2006.468906,inf,0,5,2343.0,0.0053220512539897905,0.0053220512539897905,1.664145,inf,11,11
2006360623600_Node0_Node8_Zero,"[0, 1, 2, 3, 4, 5, 6, 7, 8]",2006.360624,2006.470786,inf,0,5,2343.0,0.0053220512539897905,0.0053220512539897905,1.664145,inf,11,11
2006368818313_Node0_Node8_Zero,"[0, 1, 2, 3, 4, 5, 6, 7, 8]",2006.368818,2006.477112,inf,0,5,2343.0,0.0053220512539897905,0.0053220512539897905,1.664145,inf,11,11
2006377010821_Node0_Node8_Zero,"[0, 1, 2, 3, 4, 5, 6, 7, 8]",2006.377011,2006.478951,inf,0,4,2343.0,0.0053220512539897905,0.0053220512539897905,1.664145,inf,11,11
2006385208955_Node0_Node8_Zero,"[0, 1, 2, 3, 4, 5, 6, 7, 8]",2006.385209,2006.481031,inf,0,5,2343.0,0.0053220512539897905,0.0053220512539897905,1.664145,inf,11,11
2006393402061_Node0_Node8_Zero,"[0, 1, 2, 3, 4, 5, 6, 7, 8]",2006.393402,2006.483011,inf,0,5,2343.0,0.0053220512539897905,0.0053220512539897905,1.664145,inf,11,11
2006401599871_Node0_Node8_Zero,"[0, 1, 2, 3, 4, 5, 6, 7, 8]",2006.4016,2006.48493,inf,0,4,2343.0,0.0053220512539897905,0.0053220512539897905,1.664145,inf,11,11
2006409798194_Node0_Node8_Zero,"[0, 1, 2, 3, 4, 5, 6, 7, 8]",2006.409798,2006.490809,inf,0,4,2343.0,0.0053220512539897905,0.0053220512539897905,1.664145,inf,11,11
2006417995844_Node0_Node8_Zero,"[0, 1, 2, 3, 4, 5, 6, 7, 8]",2006.417996,2006.492729,inf,0,4,2343.0,0.0053220512539897905,0.0053220512539897905,1.664145,inf,11,11
2006426190418_Node0_Node8_Zero,"[0, 1, 2, 3, 4, 5, 6, 7, 8]",2006.42619,2006.496948,inf,0,4,2343.0,0.0053220512539897905,0.0053220512539897905,1.664145,inf,11,11
2006434388610_Node0_Node8_Zero,"[0, 1, 2, 3, 4, 5, 6, 7, 8]",2006.434389,2006.501035,inf,0,4,2343.0,0.0053220512539897905,0.0053220512539897905,1.664145,inf,11,11
2006442581185_Node0_Node8_Zero,"[0, 1, 2, 3, 4, 5, 6, 7, 8]",2006.442581,2006.502935,inf,0,6,2343.0,0.0053220512539897905,0.0053220512539897905,1.664145,inf,11,11
2006450774939_Node0_Node8_Zero,"[0, 1, 2, 3, 4, 5, 6, 7, 8]",2006.450775,2006.504774,inf,0,5,2343.0,0.0053220512539897905,0.0053220512539897905,1.664145,inf,11,11
2006458968271_Node0_Node8_Zero,"[0, 1, 2, 3, 4, 5, 6, 7, 8]",2006.458968,2006.512993,inf,0,5,2343.0,0.0053220512539897905,0.0053220512539897905,1.664145,inf,11,11
2006467163771_Node0_Node8_Zero,"[0, 1, 2, 3, 4, 5, 6, 7, 8]",2006.467164,2006.517099,inf,0,6,2343.0,0.0053220512539897905,0.0053220512539897905,1.664145,inf,11,11
2006475358357_Node0_Node8_Zero,"[0, 1, 2, 3, 4, 5, 6, 7, 8]",2006.475358,2006.521166,inf,0,7,2343.0,0.0053220512539897905,0.0053220512539897905,1.664145,inf,11,11
2006483556351_Node0_Node8_Zero,"[0, 1, 2, 3, 4, 5, 6, 7, 8]",2006.483556,2006.525052,inf,0,5,2343.0,0.0053220512539897905,0.0053220512539897905,1.664145,inf,11,11
2006491750009_Node0_Node8_Zero,"[0, 1, 2, 3, 4, 5, 6, 7, 8]",2006.49175,2006.526932,inf,0,5,2343.0,0.0053220512539897905,0.0053220512539897905,1.664145,inf,11,11
2006499947170_Node0_Node8_Zero,"[0, 1, 2, 3, 4, 5, 6, 7, 8]",2006.499947,2006.530999,inf,0,4,2343.0,0.0053220512539897905,0.0053220512539897905,1.664145,inf,11,11
2006508145687_Node0_Node8_Zero,"[0, 1, 2, 3, 4, 5, 6, 7, 8]",2006.508146,2006.532938,inf,0,5,2343.0,0.0053220512539897905,0.0053220512539897905,1.664145,inf,11,11
2006516340009_Node0_Node8_Zero,"[0, 1, 2, 3, 4, 5, 6, 7, 8]",2006.51634,2006.534838,inf,0,7,2343.0,0.0053220512539897905,0.0053220512539897905,1.664145,inf,11,11
2006524540359_Node0_Node8_Zero,"[0, 1, 2, 3, 4, 5, 6, 7, 8]",2006.52454,2006.542991,inf,0,5,2343.0,0.0053220512539897905,0.0053220512539897905,1.664145,inf,11,11
2006532741220_Node0_Node8_Zero,"[0, 1, 2, 3, 4, 5, 6, 7, 8]",2006.532741,2006.545031,inf,0,4,2343.0,0.0053220512539897905,0.0053220512539897905,1.664145,inf,11,11
2006540934945_Node0_Node8_Zero,"[0, 1, 2, 3, 4, 5, 6, 7, 8]",2006.540935,2006.54697,inf,0,5,2343.0,0.0053220512539897905,0.0053220512539897905,1.664145,inf,11,11
2006549129278_Node0_Node8_Zero,"[0, 1, 2, 3, 4, 5, 6, 7, 8]",2006.549129,2006.55111,inf,0,5,2343.0,0.0053220512539897905,0.0053220512539897905,1.664145,inf,11,11
2006557321073_Node0_Node8_Zero,"[0, 1, 2, 3, 4, 5, 6, 7, 8]",2006.557321,2008.160014,inf,0,1,2343.0,0.0053220512539897905,0.0053220512539897905,1.664145,inf,11,11
2006565512810_Node0_Node8_Zero,"[0, 1, 2, 3, 4, 5, 6, 7, 8]",2006.565513,2008.82615,inf,0,2,2343.0,0.0053220512539897905,0.0053220512539897905,1.664145,inf,11,11
2006573710470_Node0_Node8_Zero,"[0, 1, 2, 3, 4, 5, 6, 7, 8]",2006.57371,2008.82811,inf,0,3,2327.5,0.0053220512539897905,0.0053220512539897905,1.664145,inf,22,22
2006581910559_Node0_Node8_Zero,"[0, 1, 2, 3, 4, 5, 6, 7, 8]",2006.581911,2008.82811,inf,0,3,2327.5,0.0053220512539897905,0.0053220512539897905,1.664145,inf,22,22
2006590111210_Node0_Node8_Zero,"[0, 1, 2, 3, 4, 5, 6, 7, 8]",2006.590111,2008.832192,inf,0,2,2327.5,0.010618917711206962,0.010618917711206962,3.320415,inf,22,22
2006598307620_Node0_Node8_Zero,"[0, 1, 2, 3, 4, 5, 6, 7, 8]",2006.598308,2008.832192,inf,0,2,2327.5,0.010618917711206962,0.010618917711206962,3.320415,inf,22,22
2006606501097_Node0_Node8_Zero,"[0, 1, 2, 3, 4, 5, 6, 7, 8]",2006.606501,2008.834194,inf,0,1,2327.5,0.010618917711206962,0.010618917711206962,3.320415,inf,22,22
2006614697753_Node0_Node8_Zero,"[0, 1, 2, 3, 4, 5, 6, 7, 8]",2006.614698,2008.834194,inf,0,1,2327.5,0.010618917711206962,0.010618917711206962,3.320415,inf,22,22
2006622890973_Node0_Node8_Zero,"[0, 1, 2, 3, 4, 5, 6, 7, 8]",2006.622891,2008.836057,inf,0,2,2327.5,0.010618917711206962,0.010618917711206962,3.320415,inf,22,22
2006631091745_Node0_Node8_Zero,"[0, 1, 2, 3, 4, 5, 6, 7, 8]",2006.631092,2008.836057,inf,0,2,2327.5,0.010618917711206962,0.010618917711206962,3.320415,inf,22,22
2006639284480_Node0_Node8_Zero,"[0, 1, 2, 3, 4, 5, 6, 7, 8]",2006.639284,2008.838,inf,0,1,2327.5,0.010618917711206962,0.010618917711206962,3.320415,inf,22,22
2006647477643_Node0_Node8_Zero,"[0, 1, 2, 3, 4, 5, 6, 7, 8]",2006.647478,2008.838,inf,0,1,2327.5,0.010618917711206962,0.010618917711206962,3.320415,inf,22,22
2006655672559_Node0_Node8_Zero,"[0, 1, 2, 3, 4, 5, 6, 7, 8]",2006.655673,2008.848132,inf,0,1,2327.5,0.010618917711206962,0.010618917711206962,3.320415,inf,22,22
2006663871578_Node0_Node8_Zero,"[0, 1, 2, 3, 4, 5, 6, 7, 8]",2006.663872,2008.848132,inf,0,1,2327.5,0.010618917711206962,0.010618917711206962,3.320415,inf,22,22
2006672070785_Node0_Node8_Zero,"[0, 1, 2, 3, 4, 5, 6, 7, 8]",2006.672071,2008.849975,inf,0,2,2327.5,0.010618917711206962,0.010618917711206962,3.320415,inf,22,22
2006680262794_Node0_Node8_Zero,"[0, 1, 2, 3, 4, 5, 6, 7, 8]",2006.680263,2008.849975,inf,0,2,2327.5,0.010618917711206962,0.010618917711206962,3.320415,inf,22,22
2006688460750_Node0_Node8_Zero,"[0, 1, 2, 3, 4, 5, 6, 7, 8]",2006.688461,2008.852078,inf,0,1,2327.5,0.010618917711206962,0.010618917711206962,3.320415,inf,22,22
2006696661302_Node0_Node8_Zero,"[0, 1, 2, 3, 4, 5, 6, 7, 8]",2006.696661,2008.852078,inf,0,1,2327.5,0.010618917711206962,0.010618917711206962,3.320415,inf,22,22
2006704858136_Node0_Node8_Zero,"[0, 1, 2, 3, 4, 5, 6, 7, 8]",2006.704858,2008.85394,inf,0,2,2327.5,0.010618917711206962,0.010618917711206962,3.320415,inf,22,22
2006713053290_Node0_Node8_Zero,"[0, 1, 2, 3, 4, 5, 6, 7, 8]",2006.713053,2008.85394,inf,0,2,2327.5,0.010618917711206962,0.010618917711206962,3.320415,inf,22,22
2006721245815_Node0_Node8_Zero,"[0, 1, 2, 3, 4, 5, 6, 7, 8]",2006.721246,2008.855763,inf,0,3,2327.5,0.010618917711206962,0.010618917711206962,3.320415,inf,22,22
2006729438071_Node0_Node8_Zero,"[0, 1, 2, 3, 4, 5, 6, 7, 8]",2006.729438,2008.855763,inf,0,3,2327.5,0.010618917711206962,0.010618917711206962,3.320415,inf,22,22
2006737630939_Node0_Node8_Zero,"[0, 1, 2, 3, 4, 5, 6, 7, 8]",2006.737631,2008.863902,inf,0,2,2327.5,0.010618917711206962,0.010618917711206962,3.320415,inf,22,22
2006745830400_Node0_Node8_Zero,"[0, 1, 2, 3, 4, 5, 6, 7, 8]",2006.74583,2008.863902,inf,0,2,2327.5,0.010618917711206962,0.010618917711206962,3.320415,inf,22,22
2006754023481_Node0_Node8_Zero,"[0, 1, 2, 3, 4, 5, 6, 7, 8]",2006.754023,2008.865804,inf,0,3,2327.5,0.010618917711206962,0.010618917711206962,3.320415,inf,22,22
2006762222251_Node0_Node8_Zero,"[0, 1, 2, 3, 4, 5, 6, 7, 8]",2006.762222,2008.865804,inf,0,3,2327.5,0.010618917711206962,0.010618917711206962,3.320415,inf,22,22
2006770416896_Node0_Node8_Zero,"[0, 1, 2, 3, 4, 5, 6, 7, 8]",2006.770417,2008.867727,inf,0,2,2327.5,0.010618917711206962,0.010618917711206962,3.320415,inf,22,22
2006778615293_Node0_Node8_Zero,"[0, 1, 2, 3, 4, 5, 6, 7, 8]",2006.778615,2008.867727,inf,0,2,2327.5,0.010618917711206962,0.010618917711206962,3.320415,inf,22,22
2006786813321_Node0_Node8_Zero,"[0, 1, 2, 3, 4, 5, 6, 7, 8]",2006.786813,2008.869649,inf,0,1,2327.5,0.010618917711206962,0.010618917711206962,3.320415,inf,22,22
2006795010617_Node0_Node8_Zero,"[0, 1, 2, 3, 4, 5, 6, 7, 8]",2006.795011,2008.869649,inf,0,1,2327.5,0.010618917711206962,0.010618917711206962,3.320415,inf,22,22
2006803211423_Node0_Node8_Zero,"[0, 1, 2, 3, 4, 5, 6, 7, 8]",2006.803211,2008.871532,inf,0,2,2327.5,0.010618917711206962,0.010618917711206962,3.320415,inf,22,22
2006811411156_Node0_Node8_Zero,"[0, 1, 2, 3, 4, 5, 6, 7, 8]",2006.811411,2008.871532,inf,0,2,2327.5,0.010618917711206962,0.010618917711206962,3.320415,inf,22,22
2006819607241_Node0_Node8_Zero,"[0, 1, 2, 3, 4, 5, 6, 7, 8]",2006.819607,2008.873494,inf,0,1,2327.5,0.010618917711206962,0.010618917711206962,3.320415,inf,22,22
2006827804255_Node0_Node8_Zero,"[0, 1, 2, 3, 4, 5, 6, 7, 8]",2006.827804,2008.873494,inf,0,1,2327.5,0.010618917711206962,0.010618917711206962,3.320415,inf,22,22
2006836003911_Node0_Node8_Zero,"[0, 1, 2, 3, 4, 5, 6, 7, 8]",2006.836004,2008.879442,inf,0,1,2327.5,0.010618917711206962,0.010618917711206962,3.320415,inf,22,22
2006844202898_Node0_Node8_Zero,"[0, 1, 2, 3, 4, 5, 6, 7, 8]",2006.844203,2008.879442,inf,0,1,2327.5,0.010618917711206962,0.010618917711206962,3.320415,inf,22,22
2006852398026_Node0_Node8_Zero,"[0, 1, 2, 3, 4, 5, 6, 7, 8]",2006.852398,2008.881425,inf,0,3,2327.5,0.010618917711206962,0.010618917711206962,3.320415,inf,22,22
2006860595036_Node0_Node8_Zero,"[0, 1, 2, 3, 4, 5, 6, 7, 8]",2006.860595,2008.881425,inf,0,3,2327.5,0.010618917711206962,0.010618917711206962,3.320415,inf,22,22
2006868794689_Node0_Node8_Zero,"[0, 1, 2, 3, 4, 5, 6, 7, 8]",2006.868795,2008.885324,inf,0,2,2327.5,0.010618917711206962,0.010618917711206962,3.320415,inf,22,22
2006876988066_Node0_Node8_Zero,"[0, 1, 2, 3, 4, 5, 6, 7, 8]",2006.876988,2008.885324,inf,0,2,2327.5,0.010618917711206962,0.010618917711206962,3.320415,inf,22,22
2006885186900_Node0_Node8_Zero,"[0, 1, 2, 3, 4, 5, 6, 7, 8]",2006.885187,2008.889209,inf,0,2,2327.5,0.010618917711206962,0.010618917711206962,3.320415,inf,22,22
2006893388618_Node0_Node8_Zero,"[0, 1, 2, 3, 4, 5, 6, 7, 8]",2006.893389,2008.889209,inf,0,2,2327.5,0.010618917711206962,0.010618917711206962,3.320415,inf,22,22
2006901582280_Node0_Node8_Zero,"[0, 1, 2, 3, 4, 5, 6, 7, 8]",2006.901582,2008.891032,inf,0,2,2327.5,0.010618917711206962,0.010618917711206962,3.320415,inf,22,22
2006909778316_Node0_Node8_Zero,"[0, 1, 2, 3, 4, 5, 6, 7, 8]",2006.909778,2008.891032,inf,0,2,2327.5,0.010618917711206962,0.010618917711206962,3.320415,inf,22,22
2006917976468_Node0_Node8_Zero,"[0, 1, 2, 3, 4, 5, 6, 7, 8]",2006.917976,2008.901159,inf,0,1,2327.5,0.010618917711206962,0.010618917711206962,3.320415,inf,22,22
2006926171902_Node0_Node8_Zero,"[0, 1, 2, 3, 4, 5, 6, 7, 8]",2006.926172,2008.901159,inf,0,1,2327.5,0.010618917711206962,0.010618917711206962,3.320415,inf,22,22
2006934367841_Node0_Node8_Zero,"[0, 1, 2, 3, 4, 5, 6, 7, 8]",2006.934368,2008.903181,inf,0,3,2327.5,0.010618917711206962,0.010618917711206962,3.320415,inf,22,22
2006942568236_Node0_Node8_Zero,"[0, 1, 2, 3, 4, 5, 6, 7, 8]",2006.942568,2008.903181,inf,0,3,2327.5,0.010618917711206962,0.010618917711206962,3.320415,inf,22,22
2006950761952_Node0_Node8_Zero,"[0, 1, 2, 3, 4, 5, 6, 7, 8]",2006.950762,2008.909398,inf,0,3,2327.5,0.010618917711206962,0.010618917711206962,3.320415,inf,22,22
2006958958929_Node0_Node8_Zero,"[0, 1, 2, 3, 4, 5, 6, 7, 8]",2006.958959,2008.909398,inf,0,3,2327.5,0.010618917711206962,0.010618917711206962,3.320415,inf,22,22
2006967158644_Node0_Node8_Zero,"[0, 1, 2, 3, 4, 5, 6, 7, 8]",2006.967159,2008.91134,inf,0,3,2327.5,0.010618917711206962,0.010618917711206962,3.320415,inf,22,22
2006975357447_Node0_Node8_Zero,"[0, 1, 2, 3, 4, 5, 6, 7, 8]",2006.975357,2008.91134,inf,0,3,2327.5,0.010618917711206962,0.010618917711206962,3.320415,inf,22,22
2006983557550_Node0_Node8_Zero,"[0, 1, 2, 3, 4, 5, 6, 7, 8]",2006.983558,2008.913263,inf,0,1,2327.5,0.010618917711206962,0.010618917711206962,3.320415,inf,22,22
2006991754919_Node0_Node8_Zero,"[0, 1, 2, 3, 4, 5, 6, 7, 8]",2006.991755,2008.913263,inf,0,1,2327.5,0.010618917711206962,0.010618917711206962,3.320415,inf,22,22
2006999950360_Node0_Node8_Zero,"[0, 1, 2, 3, 4, 5, 6, 7, 8]",2006.99995,2008.915185,inf,0,2,2327.5,0.010618917711206962,0.010618917711206962,3.320415,inf,22,22
2007008144965_Node0_Node8_Zero,"[0, 1, 2, 3, 4, 5, 6, 7, 8]",2007.008145,2008.915185,inf,0,2,2327.5,0.010618917711206962,0.010618917711206962,3.320415,inf,22,22
2007016340872_Node0_Node8_Zero,"[0, 1, 2, 3, 4, 5, 6, 7, 8]",2007.016341,2008.918945,inf,0,3,2327.5,0.010618917711206962,0.010618917711206962,3.320415,inf,22,22
2007024540568_Node0_Node8_Zero,"[0, 1, 2, 3, 4, 5, 6, 7, 8]",2007.024541,2008.918945,inf,0,3,2327.5,0.010618917711206962,0.010618917711206962,3.320415,inf,22,22
2007032733995_Node0_Node8_Zero,"[0, 1, 2, 3, 4, 5, 6, 7, 8]",2007.032734,2008.920907,inf,0,2,2327.5,0.010618917711206962,0.010618917711206962,3.320415,inf,22,22
2007040934011_Node0_Node8_Zero,"[0, 1, 2, 3, 4, 5, 6, 7, 8]",2007.040934,2008.920907,inf,0,2,2327.5,0.010618917711206962,0.010618917711206962,3.320415,inf,22,22
2007049128670_Node0_Node8_Zero,"[0, 1, 2, 3, 4, 5, 6, 7, 8]",2007.049129,2008.927095,inf,0,2,2327.5,0.010618917711206962,0.010618917711206962,3.320415,inf,22,22
2007057329893_Node0_Node8_Zero,"[0, 1, 2, 3, 4, 5, 6, 7, 8]",2007.05733,2008.927095,inf,0,2,2327.5,0.010618917711206962,0.010618917711206962,3.320415,inf,22,22
2007065528163_Node0_Node8_Zero,"[0, 1, 2, 3, 4, 5, 6, 7, 8]",2007.065528,2008.931295,inf,0,3,2327.5,0.010618917711206962,0.010618917711206962,3.320415,inf,22,22
2007073728007_Node0_Node8_Zero,"[0, 1, 2, 3, 4, 5, 6, 7, 8]",2007.073728,2008.931295,inf,0,3,2327.5,0.010618917711206962,0.010618917711206962,3.320415,inf,22,22
2007081919734_Node0_Node8_Zero,"[0, 1, 2, 3, 4, 5, 6, 7, 8]",2007.08192,2008.933157,inf,0,2,2327.5,0.010618917711206962,0.010618917711206962,3.320415,inf,22,22
2007090121231_Node0_Node8_Zero,"[0, 1, 2, 3, 4, 5, 6, 7, 8]",2007.090121,2008.933157,inf,0,2,2327.5,0.010618917711206962,0.010618917711206962,3.320415,inf,22,22
2007098318351_Node0_Node8_Zero,"[0, 1, 2, 3, 4, 5, 6, 7, 8]",2007.098318,2008.93514,inf,0,2,2327.5,0.010618917711206962,0.010618917711206962,3.320415,inf,22,22
2007106513176_Node0_Node8_Zero,"[0, 1, 2, 3, 4, 5, 6, 7, 8]",2007.106513,2008.93514,inf,0,2,2327.5,0.010618917711206962,0.010618917711206962,3.320415,inf,22,22
2007114710374_Node0_Node8_Zero,"[0, 1, 2, 3, 4, 5, 6, 7, 8]",2007.11471,2008.937122,inf,0,3,2327.5,0.010618917711206962,0.010618917711206962,3.320415,inf,22,22
2007122910070_Node0_Node8_Zero,"[0, 1, 2, 3, 4, 5, 6, 7, 8]",2007.12291,2008.937122,inf,0,3,2327.5,0.010618917711206962,0.010618917711206962,3.320415,inf,22,22
2007131104968_Node0_Node8_Zero,"[0, 1, 2, 3, 4, 5, 6, 7, 8]",2007.131105,2008.947204,inf,0,2,2327.5,0.010618917711206962,0.010618917711206962,3.320415,inf,22,22
2007139304609_Node0_Node8_Zero,"[0, 1, 2, 3, 4, 5, 6, 7, 8]",2007.139305,2008.947204,inf,0,2,2327.5,0.010618917711206962,0.010618917711206962,3.320415,inf,22,22
2007147505036_Node0_Node8_Zero,"[0, 1, 2, 3, 4, 5, 6, 7, 8]",2007.147505,2008.949266,inf,0,3,2327.5,0.010618917711206962,0.010618917711206962,3.320415,inf,22,22
2007155704874_Node0_Node8_Zero,"[0, 1, 2, 3, 4, 5, 6, 7, 8]",2007.155705,2008.949266,inf,0,3,2327.5,0.010618917711206962,0.010618917711206962,3.320415,inf,22,22
2007163902774_Node0_Node8_Zero,"[0, 1, 2, 3, 4, 5, 6, 7, 8]",2007.163903,2008.951209,inf,0,3,2327.5,0.010618917711206962,0.010618917711206962,3.320415,inf,22,22
2007172100920_Node0_Node8_Zero,"[0, 1, 2, 3, 4, 5, 6, 7, 8]",2007.172101,2008.951209,inf,0,3,2327.5,0.010618917711206962,0.010618917711206962,3.320415,inf,22,22
2007180298748_Node0_Node8_Zero,"[0, 1, 2, 3, 4, 5, 6, 7, 8]",2007.180299,2008.953311,inf,0,3,2327.5,0.010618917711206962,0.010618917711206962,3.320415,inf,22,22
2007188493749_Node0_Node8_Zero,"[0, 1, 2, 3, 4, 5, 6, 7, 8]",2007.188494,2008.953311,inf,0,3,2327.5,0.010618917711206962,0.010618917711206962,3.320415,inf,22,22
2007196690739_Node0_Node8_Zero,"[0, 1, 2, 3, 4, 5, 6, 7, 8]",2007.196691,2008.955194,inf,0,2,2327.5,0.010618917711206962,0.010618917711206962,3.320415,inf,22,22
2007204883843_Node0_Node8_Zero,"[0, 1, 2, 3, 4, 5, 6, 7, 8]",2007.204884,2008.955194,inf,0,2,2327.5,0.010618917711206962,0.010618917711206962,3.320415,inf,22,22
2007213080795_Node0_Node8_Zero,"[0, 1, 2, 3, 4, 5, 6, 7, 8]",2007.213081,2008.957057,inf,0,2,2327.5,0.010618917711206962,0.010618917711206962,3.320415,inf,22,22
2007221278494_Node0_Node8_Zero,"[0, 1, 2, 3, 4, 5, 6, 7, 8]",2007.221278,2008.957057,inf,0,2,2327.5,0.010618917711206962,0.010618917711206962,3.320415,inf,22,22
2007229478170_Node0_Node8_Zero,"[0, 1, 2, 3, 4, 5, 6, 7, 8]",2007.229478,2008.958919,inf,0,2,2327.5,0.010618917711206962,0.010618917711206962,3.320415,inf,22,22
2007237674997_Node0_Node8_Zero,"[0, 1, 2, 3, 4, 5, 6, 7, 8]",2007.237675,2008.958919,inf,0,2,2327.5,0.010618917711206962,0.010618917711206962,3.320415,inf,22,22
2007245874508_Node0_Node8_Zero,"[0, 1, 2, 3, 4, 5, 6, 7, 8]",2007.245875,2008.964821,inf,0,2,2327.5,0.010618917711206962,0.010618917711206962,3.320415,inf,22,22
2007254074262_Node0_Node8_Zero,"[0, 1, 2, 3, 4, 5, 6, 7, 8]",2007.254074,2008.964821,inf,0,2,2327.5,0.010618917711206962,0.010618917711206962,3.320415,inf,22,22
2007262266285_Node0_Node8_Zero,"[0, 1, 2, 3, 4, 5, 6, 7, 8]",2007.262266,2008.968641,inf,0,2,2327.5,0.010618917711206962,0.010618917711206962,3.320415,inf,22,22
2007270465120_Node0_Node8_Zero,"[0, 1, 2, 3, 4, 5, 6, 7, 8]",2007.270465,2008.968641,inf,0,2,2327.5,0.010618917711206962,0.010618917711206962,3.320415,inf,22,22
2007278661867_Node0_Node8_Zero,"[0, 1, 2, 3, 4, 5, 6, 7, 8]",2007.278662,2008.970743,inf,0,4,2327.5,0.010618917711206962,0.010618917711206962,3.320415,inf,22,22
2007286860422_Node0_Node8_Zero,"[0, 1, 2, 3, 4, 5, 6, 7, 8]",2007.28686,2008.970743,inf,0,4,2327.5,0.010618917711206962,0.010618917711206962,3.320415,inf,22,22
2007295055420_Node0_Node8_Zero,"[0, 1, 2, 3, 4, 5, 6, 7, 8]",2007.295055,2008.972606,inf,0,2,2327.5,0.010618917711206962,0.010618917711206962,3.320415,inf,22,22
2007303256536_Node0_Node8_Zero,"[0, 1, 2, 3, 4, 5, 6, 7, 8]",2007.303257,2008.972606,inf,0,2,2327.5,0.010618917711206962,0.010618917711206962,3.320415,inf,22,22
2007311450249_Node0_Node8_Zero,"[0, 1, 2, 3, 4, 5, 6, 7, 8]",2007.31145,2008.974548,inf,0,5,2327.5,0.010618917711206962,0.010618917711206962,3.320415,inf,22,22
2007319646720_Node0_Node8_Zero,"[0, 1, 2, 3, 4, 5, 6, 7, 8]",2007.319647,2008.974548,inf,0,5,2327.5,0.010618917711206962,0.010618917711206962,3.320415,inf,22,22
2007327844839_Node0_Node8_Zero,"[0, 1, 2, 3, 4, 5, 6, 7, 8]",2007.327845,2008.976391,inf,0,3,2327.5,0.010618917711206962,0.010618917711206962,3.320415,inf,22,22
2007336039630_Node0_Node8_Zero,"[0, 1, 2, 3, 4, 5, 6, 7, 8]",2007.33604,2008.976391,inf,0,3,2327.5,0.010618917711206962,0.010618917711206962,3.320415,inf,22,22
2007344232578_Node0_Node8_Zero,"[0, 1, 2, 3, 4, 5, 6, 7, 8]",2007.344233,2008.980356,inf,0,3,2327.5,0.010618917711206962,0.010618917711206962,3.320415,inf,22,22
2007352424641_Node0_Node8_Zero,"[0, 1, 2, 3, 4, 5, 6, 7, 8]",2007.352425,2008.980356,inf,0,3,2327.5,0.010618917711206962,0.010618917711206962,3.320415,inf,22,22
2007360622954_Node0_Node8_Zero,"[0, 1, 2, 3, 4, 5, 6, 7, 8]",2007.360623,2008.984501,inf,0,3,2327.5,0.010618917711206962,0.010618917711206962,3.320415,inf,22,22
2007368820711_Node0_Node8_Zero,"[0, 1, 2, 3, 4, 5, 6, 7, 8]",2007.368821,2008.984501,inf,0,3,2327.5,0.010618917711206962,0.010618917711206962,3.320415,inf,22,22
2007377014442_Node0_Node8_Zero,"[0, 1, 2, 3, 4, 5, 6, 7, 8]",2007.377014,2008.986384,inf,0,2,2327.5,0.010618917711206962,0.010618917711206962,3.320415,inf,22,22
2007385208115_Node0_Node8_Zero,"[0, 1, 2, 3, 4, 5, 6, 7, 8]",2007.385208,2008.986384,inf,0,2,2327.5,0.010618917711206962,0.010618917711206962,3.320415,inf,22,22
2007393402120_Node0_Node8_Zero,"[0, 1, 2, 3, 4, 5, 6, 7, 8]",2007.393402,2008.988366,inf,0,2,2327.5,0.010618917711206962,0.010618917711206962,3.320415,inf,22,22
2007401597974_Node0_Node8_Zero,"[0, 1, 2, 3, 4, 5, 6, 7, 8]",2007.401598,2008.988366,inf,0,2,2327.5,0.010618917711206962,0.010618917711206962,3.320415,inf,22,22
2007409794795_Node0_Node8_Zero,"[0, 1, 2, 3, 4, 5, 6, 7, 8]",2007.409795,2008.990189,inf,0,2,2327.5,0.010618917711206962,0.010618917711206962,3.320415,inf,22,22
2007417991603_Node0_Node8_Zero,"[0, 1, 2, 3, 4, 5, 6, 7, 8]",2007.417992,2008.990189,inf,0,2,2327.5,0.010618917711206962,0.010618917711206962,3.320415,inf,22,22
2007426187149_Node0_Node8_Zero,"[0, 1, 2, 3, 4, 5, 6, 7, 8]",2007.426187,2008.994208,inf,0,3,2327.5,0.010618917711206962,0.010618917711206962,3.320415,inf,22,22
2007434388381_Node0_Node8_Zero,"[0, 1, 2, 3, 4, 5, 6, 7, 8]",2007.434388,2008.994208,inf,0,3,2327.5,0.010618917711206962,0.010618917711206962,3.320415,inf,22,22
2007442587366_Node0_Node8_Zero,"[0, 1, 2, 3, 4, 5, 6, 7, 8]",2007.442587,2008.996271,inf,0,2,2327.5,0.010618917711206962,0.010618917711206962,3.320415,inf,22,22
2007450784912_Node0_Node8_Zero,"[0, 1, 2, 3, 4, 5, 6, 7, 8]",2007.450785,2008.996271,inf,0,2,2327.5,0.010618917711206962,0.010618917711206962,3.320415,inf,22,22
2007458976881_Node0_Node8_Zero,"[0, 1, 2, 3, 4, 5, 6, 7, 8]",2007.458977,2008.998253,inf,0,3,2327.5,0.010618917711206962,0.010618917711206962,3.320415,inf,22,22
2007467171183_Node0_Node8_Zero,"[0, 1, 2, 3, 4, 5, 6, 7, 8]",2007.467171,2008.998253,inf,0,3,2327.5,0.010618917711206962,0.010618917711206962,3.320415,inf,22,22
2007475363898_Node0_Node8_Zero,"[0, 1, 2, 3, 4, 5, 6, 7, 8]",2007.475364,2009.004141,inf,0,3,2327.5,0.010618917711206962,0.010618917711206962,3.320415,inf,22,22
2007483558321_Node0_Node8_Zero,"[0, 1, 2, 3, 4, 5, 6, 7, 8]",2007.483558,2009.004141,inf,0,3,2327.5,0.010618917711206962,0.010618917711206962,3.320415,inf,22,22
2007491756107_Node0_Node8_Zero,"[0, 1, 2, 3, 4, 5, 6, 7, 8]",2007.491756,2009.00814,inf,0,2,2327.5,0.010618917711206962,0.010618917711206962,3.320415,inf,22,22
2007499954786_Node0_Node8_Zero,"[0, 1, 2, 3, 4, 5, 6, 7, 8]",2007.499955,2009.00814,inf,0,2,2327.5,0.010618917711206962,0.010618917711206962,3.320415,inf,22,22
2007508151298_Node0_Node8_Zero,"[0, 1, 2, 3, 4, 5, 6, 7, 8]",2007.508151,2009.010103,inf,0,5,2327.5,0.010618917711206962,0.010618917711206962,3.320415,inf,22,22
2007516350967_Node0_Node8_Zero,"[0, 1, 2, 3, 4, 5, 6, 7, 8]",2007.516351,2009.010103,inf,0,5,2327.5,0.010618917711206962,0.010618917711206962,3.320415,inf,22,22
2007524547991_Node0_Node8_Zero,"[0, 1, 2, 3, 4, 5, 6, 7, 8]",2007.524548,2009.020696,inf,0,2,2327.5,0.010618917711206962,0.010618917711206962,3.320415,inf,22,22
2007532746428_Node0_Node8_Zero,"[0, 1, 2, 3, 4, 5, 6, 7, 8]",2007.532746,2009.020696,inf,0,2,2327.5,0.010618917711206962,0.010618917711206962,3.320415,inf,22,22
2007540944242_Node0_Node8_Zero,"[0, 1, 2, 3, 4, 5, 6, 7, 8]",2007.540944,2009.022758,inf,0,3,2327.5,0.010618917711206962,0.010618917711206962,3.320415,inf,22,22
2007549137392_Node0_Node8_Zero,"[0, 1, 2, 3, 4, 5, 6, 7, 8]",2007.549137,2009.022758,inf,0,3,2327.5,0.010618917711206962,0.010618917711206962,3.320415,inf,22,22
2007557337753_Node0_Node8_Zero,"[0, 1, 2, 3, 4, 5, 6, 7, 8]",2007.557338,2009.024661,inf,0,3,2327.5,0.010618917711206962,0.010618917711206962,3.320415,inf,22,22
2007565531823_Node0_Node8_Zero,"[0, 1, 2, 3, 4, 5, 6, 7, 8]",2007.565532,2009.024661,inf,0,3,2327.5,0.010618917711206962,0.010618917711206962,3.320415,inf,22,22
2007573727323_Node0_Node8_Zero,"[0, 1, 2, 3, 4, 5, 6, 7, 8]",2007.573727,2009.026523,inf,0,5,2327.5,0.010618917711206962,0.010618917711206962,3.320415,inf,22,22
2007581926983_Node0_Node8_Zero,"[0, 1, 2, 3, 4, 5, 6, 7, 8]",2007.581927,2009.026523,inf,0,5,2327.5,0.010618917711206962,0.010618917711206962,3.320415,inf,22,22
2007590120045_Node0_Node8_Zero,"[0, 1, 2, 3, 4, 5, 6, 7, 8]",2007.59012,2009.028366,inf,0,4,2327.5,0.010618917711206962,0.010618917711206962,3.320415,inf,22,22
2007598319650_Node0_Node8_Zero,"[0, 1, 2, 3, 4, 5, 6, 7, 8]",2007.59832,2009.028366,inf,0,4,2327.5,0.010618917711206962,0.010618917711206962,3.320415,inf,22,22
2007606516755_Node0_Node8_Zero,"[0, 1, 2, 3, 4, 5, 6, 7, 8]",2007.606517,2009.032251,inf,0,3,2327.5,0.010618917711206962,0.010618917711206962,3.320415,inf,22,22
2007614715524_Node0_Node8_Zero,"[0, 1, 2, 3, 4, 5, 6, 7, 8]",2007.614716,2009.032251,inf,0,3,2327.5,0.010618917711206962,0.010618917711206962,3.320415,inf,22,22
2007622912730_Node0_Node8_Zero,"[0, 1, 2, 3, 4, 5, 6, 7, 8]",2007.622913,2009.044507,inf,0,4,2327.5,0.010618917711206962,0.010618917711206962,3.320415,inf,22,22
2007631112710_Node0_Node8_Zero,"[0, 1, 2, 3, 4, 5, 6, 7, 8]",2007.631113,2009.044507,inf,0,4,2327.5,0.010618917711206962,0.010618917711206962,3.320415,inf,22,22
2007639313773_Node0_Node8_Zero,"[0, 1, 2, 3, 4, 5, 6, 7, 8]",2007.639314,2009.046469,inf,0,3,2327.5,0.010618917711206962,0.010618917711206962,3.320415,inf,22,22
2007647512989_Node0_Node8_Zero,"[0, 1, 2, 3, 4, 5, 6, 7, 8]",2007.647513,2009.046469,inf,0,3,2327.5,0.010618917711206962,0.010618917711206962,3.320415,inf,22,22
2007655707989_Node0_Node8_Zero,"[0, 1, 2, 3, 4, 5, 6, 7, 8]",2007.655708,2009.048312,inf,0,3,2327.5,0.010618917711206962,0.010618917711206962,3.320415,inf,22,22
2007663900356_Node0_Node8_Zero,"[0, 1, 2, 3, 4, 5, 6, 7, 8]",2007.6639,2009.048312,inf,0,3,2327.5,0.010618917711206962,0.010618917711206962,3.320415,inf,22,22
2007672099562_Node0_Node8_Zero,"[0, 1, 2, 3, 4, 5, 6, 7, 8]",2007.6721,2009.050174,inf,0,4,2327.5,0.010618917711206962,0.010618917711206962,3.320415,inf,22,22
2007680294589_Node0_Node8_Zero,"[0, 1, 2, 3, 4, 5, 6, 7, 8]",2007.680295,2009.050174,inf,0,4,2327.5,0.010618917711206962,0.010618917711206962,3.320415,inf,22,22
2007688487094_Node0_Node8_Zero,"[0, 1, 2, 3, 4, 5, 6, 7, 8]",2007.688487,2009.054054,inf,0,3,2327.5,0.010618917711206962,0.010618917711206962,3.320415,inf,22,22
2007696681222_Node0_Node8_Zero,"[0, 1, 2, 3, 4, 5, 6, 7, 8]",2007.696681,2009.054054,inf,0,3,2327.5,0.010618917711206962,0.010618917711206962,3.320415,inf,22,22
2007704877521_Node0_Node8_Zero,"[0, 1, 2, 3, 4, 5, 6, 7, 8]",2007.704878,2009.055956,inf,0,3,2327.5,0.010618917711206962,0.010618917711206962,3.320415,inf,22,22
2007713075920_Node0_Node8_Zero,"[0, 1, 2, 3, 4, 5, 6, 7, 8]",2007.713076,2009.055956,inf,0,3,2327.5,0.010618917711206962,0.010618917711206962,3.320415,inf,22,22
2007721270566_Node0_Node8_Zero,"[0, 1, 2, 3, 4, 5, 6, 7, 8]",2007.721271,2009.057939,inf,0,3,2327.5,0.010618917711206962,0.010618917711206962,3.320415,inf,22,22
2007729462738_Node0_Node8_Zero,"[0, 1, 2, 3, 4, 5, 6, 7, 8]",2007.729463,2009.057939,inf,0,3,2327.5,0.010618917711206962,0.010618917711206962,3.320415,inf,22,22
2007737658852_Node0_Node8_Zero,"[0, 1, 2, 3, 4, 5, 6, 7, 8]",2007.737659,2009.065758,inf,0,3,2327.5,0.010618917711206962,0.010618917711206962,3.320415,inf,22,22
2007745859716_Node0_Node8_Zero,"[0, 1, 2, 3, 4, 5, 6, 7, 8]",2007.74586,2009.065758,inf,0,3,2327.5,0.010618917711206962,0.010618917711206962,3.320415,inf,22,22
2007754053142_Node0_Node8_Zero,"[0, 1, 2, 3, 4, 5, 6, 7, 8]",2007.754053,2009.06776,inf,0,5,2327.5,0.010618917711206962,0.010618917711206962,3.320415,inf,22,22
2007762246480_Node0_Node8_Zero,"[0, 1, 2, 3, 4, 5, 6, 7, 8]",2007.762246,2009.06776,inf,0,5,2327.5,0.010618917711206962,0.010618917711206962,3.320415,inf,22,22
2007770439144_Node0_Node8_Zero,"[0, 1, 2, 3, 4, 5, 6, 7, 8]",2007.770439,2009.077816,inf,0,3,2327.5,0.010618917711206962,0.010618917711206962,3.320415,inf,22,22
2007778636364_Node0_Node8_Zero,"[0, 1, 2, 3, 4, 5, 6, 7, 8]",2007.778636,2009.077816,inf,0,3,2327.5,0.010618917711206962,0.010618917711206962,3.320415,inf,22,22
2007786833824_Node0_Node8_Zero,"[0, 1, 2, 3, 4, 5, 6, 7, 8]",2007.786834,2009.079819,inf,0,3,2327.5,0.010618917711206962,0.010618917711206962,3.320415,inf,22,22
2007795026270_Node0_Node8_Zero,"[0, 1, 2, 3, 4, 5, 6, 7, 8]",2007.795026,2009.079819,inf,0,3,2327.5,0.010618917711206962,0.010618917711206962,3.320415,inf,22,22
2007803219492_Node0_Node8_Zero,"[0, 1, 2, 3, 4, 5, 6, 7, 8]",2007.803219,2009.081901,inf,0,4,2327.5,0.010618917711206962,0.010618917711206962,3.320415,inf,22,22
2007811419913_Node0_Node8_Zero,"[0, 1, 2, 3, 4, 5, 6, 7, 8]",2007.81142,2009.081901,inf,0,4,2327.5,0.010618917711206962,0.010618917711206962,3.320415,inf,22,22
2007819620271_Node0_Node8_Zero,"[0, 1, 2, 3, 4, 5, 6, 7, 8]",2007.81962,2009.088143,inf,0,3,2327.5,0.010618917711206962,0.010618917711206962,3.320415,inf,22,22
2007827817280_Node0_Node8_Zero,"[0, 1, 2, 3, 4, 5, 6, 7, 8]",2007.827817,2009.088143,inf,0,3,2327.5,0.010618917711206962,0.010618917711206962,3.320415,inf,22,22
2007836012425_Node0_Node8_Zero,"[0, 1, 2, 3, 4, 5, 6, 7, 8]",2007.836012,2009.090126,inf,0,2,2327.5,0.010618917711206962,0.010618917711206962,3.320415,inf,22,22
2007844206701_Node0_Node8_Zero,"[0, 1, 2, 3, 4, 5, 6, 7, 8]",2007.844207,2009.090126,inf,0,2,2327.5,0.010618917711206962,0.010618917711206962,3.320415,inf,22,22
2007852406124_Node0_Node8_Zero,"[0, 1, 2, 3, 4, 5, 6, 7, 8]",2007.852406,2009.091968,inf,0,3,2327.5,0.010618917711206962,0.010618917711206962,3.320415,inf,22,22
2007860599758_Node0_Node8_Zero,"[0, 1, 2, 3, 4, 5, 6, 7, 8]",2007.8606,2009.091968,inf,0,3,2327.5,0.010618917711206962,0.010618917711206962,3.320415,inf,22,22
2007868801127_Node0_Node8_Zero,"[0, 1, 2, 3, 4, 5, 6, 7, 8]",2007.868801,2009.093791,inf,0,4,2327.5,0.010618917711206962,0.010618917711206962,3.320415,inf,22,22
2007876992921_Node0_Node8_Zero,"[0, 1, 2, 3, 4, 5, 6, 7, 8]",2007.876993,2009.093791,inf,0,4,2327.5,0.010618917711206962,0.010618917711206962,3.320415,inf,22,22
2007885188584_Node0_Node8_Zero,"[0, 1, 2, 3, 4, 5, 6, 7, 8]",2007.885189,2009.095653,inf,0,3,2327.5,0.010618917711206962,0.010618917711206962,3.320415,inf,22,22
2007893387797_Node0_Node8_Zero,"[0, 1, 2, 3, 4, 5, 6, 7, 8]",2007.893388,2009.095653,inf,0,3,2327.5,0.010618917711206962,0.010618917711206962,3.320415,inf,22,22
2007901581261_Node0_Node8_Zero,"[0, 1, 2, 3, 4, 5, 6, 7, 8]",2007.901581,2009.099798,inf,0,3,2327.5,0.010618917711206962,0.010618917711206962,3.320415,inf,22,22
2007909780200_Node0_Node8_Zero,"[0, 1, 2, 3, 4, 5, 6, 7, 8]",2007.90978,2009.099798,inf,0,3,2327.5,0.010618917711206962,0.010618917711206962,3.320415,inf,22,22
2007917973342_Node0_Node8_Zero,"[0, 1, 2, 3, 4, 5, 6, 7, 8]",2007.917973,2009.103698,inf,0,4,2327.5,0.010618917711206962,0.010618917711206962,3.320415,inf,22,22
2007926170503_Node0_Node8_Zero,"[0, 1, 2, 3, 4, 5, 6, 7, 8]",2007.926171,2009.103698,inf,0,4,2327.5,0.010618917711206962,0.010618917711206962,3.320415,inf,22,22
2007934368913_Node0_Node8_Zero,"[0, 1, 2, 3, 4, 5, 6, 7, 8]",2007.934369,2009.10552,inf,0,6,2327.5,0.010618917711206962,0.010618917711206962,3.320415,inf,22,22
2007942563515_Node0_Node8_Zero,"[0, 1, 2, 3, 4, 5, 6, 7, 8]",2007.942564,2009.10552,inf,0,6,2327.5,0.010618917711206962,0.010618917711206962,3.320415,inf,22,22
2007950761048_Node0_Node8_Zero,"[0, 1, 2, 3, 4, 5, 6, 7, 8]",2007.950761,2009.107483,inf,0,3,2327.5,0.010618917711206962,0.010618917711206962,3.320415,inf,22,22
2007958957859_Node0_Node8_Zero,"[0, 1, 2, 3, 4, 5, 6, 7, 8]",2007.958958,2009.107483,inf,0,3,2327.5,0.010618917711206962,0.010618917711206962,3.320415,inf,22,22
2007967151625_Node0_Node8_Zero,"[0, 1, 2, 3, 4, 5, 6, 7, 8]",2007.967152,2009.109506,inf,0,5,2327.5,0.010618917711206962,0.010618917711206962,3.320415,inf,22,22
2007975348896_Node0_Node8_Zero,"[0, 1, 2, 3, 4, 5, 6, 7, 8]",2007.975349,2009.109506,inf,0,5,2327.5,0.010618917711206962,0.010618917711206962,3.320415,inf,22,22
2007983550475_Node0_Node8_Zero,"[0, 1, 2, 3, 4, 5, 6, 7, 8]",2007.98355,2009.113305,inf,0,5,2327.5,0.010618917711206962,0.010618917711206962,3.320415,inf,22,22
2007991748017_Node0_Node8_Zero,"[0, 1, 2, 3, 4, 5, 6, 7, 8]",2007.991748,2009.113305,inf,0,5,2327.5,0.010618917711206962,0.010618917711206962,3.320415,inf,22,22
2007999942634_Node0_Node8_Zero,"[0, 1, 2, 3, 4, 5, 6, 7, 8]",2007.999943,2009.115128,inf,0,5,2327.5,0.010618917711206962,0.010618917711206962,3.320415,inf,22,22
2008008143298_Node0_Node8_Zero,"[0, 1, 2, 3, 4, 5, 6, 7, 8]",2008.008143,2009.115128,inf,0,5,2327.5,0.010618917711206962,0.010618917711206962,3.320415,inf,22,22
2008016341328_Node0_Node8_Zero,"[0, 1, 2, 3, 4, 5, 6, 7, 8]",2008.016341,2009.11705,inf,0,3,2327.5,0.010618917711206962,0.010618917711206962,3.320415,inf,22,22
2008024542819_Node0_Node8_Zero,"[0, 1, 2, 3, 4, 5, 6, 7, 8]",2008.024543,2009.11705,inf,0,3,2327.5,0.010618917711206962,0.010618917711206962,3.320415,inf,22,22
2008032738535_Node0_Node8_Zero,"[0, 1, 2, 3, 4, 5, 6, 7, 8]",2008.032739,2009.118953,inf,0,4,2327.5,0.010618917711206962,0.010618917711206962,3.320415,inf,22,22
2008040939700_Node0_Node8_Zero,"[0, 1, 2, 3, 4, 5, 6, 7, 8]",2008.04094,2009.118953,inf,0,4,2327.5,0.010618917711206962,0.010618917711206962,3.320415,inf,22,22
2008049133439_Node0_Node8_Zero,"[0, 1, 2, 3, 4, 5, 6, 7, 8]",2008.049133,2009.127143,inf,0,3,2327.5,0.010618917711206962,0.010618917711206962,3.320415,inf,22,22
2008057332067_Node0_Node8_Zero,"[0, 1, 2, 3, 4, 5, 6, 7, 8]",2008.057332,2009.127143,inf,0,3,2327.5,0.010618917711206962,0.010618917711206962,3.320415,inf,22,22
2008065525084_Node0_Node8_Zero,"[0, 1, 2, 3, 4, 5, 6, 7, 8]",2008.065525,2009.129266,inf,0,4,2327.5,0.010618917711206962,0.010618917711206962,3.320415,inf,22,22
2008073717249_Node0_Node8_Zero,"[0, 1, 2, 3, 4, 5, 6, 7, 8]",2008.073717,2009.129266,inf,0,4,2327.5,0.010618917711206962,0.010618917711206962,3.320415,inf,22,22
2008081913532_Node0_Node8_Zero,"[0, 1, 2, 3, 4, 5, 6, 7, 8]",2008.081914,2009.131088,inf,0,3,2327.5,0.010618917711206962,0.010618917711206962,3.320415,inf,22,22
2008090111316_Node0_Node8_Zero,"[0, 1, 2, 3, 4, 5, 6, 7, 8]",2008.090111,2009.131088,inf,0,3,2327.5,0.010618917711206962,0.010618917711206962,3.320415,inf,22,22
2008098304897_Node0_Node8_Zero,"[0, 1, 2, 3, 4, 5, 6, 7, 8]",2008.098305,2009.132911,inf,0,3,2327.5,0.010618917711206962,0.010618917711206962,3.320415,inf,22,22
2008106503994_Node0_Node8_Zero,"[0, 1, 2, 3, 4, 5, 6, 7, 8]",2008.106504,2009.132911,inf,0,3,2327.5,0.010618917711206962,0.010618917711206962,3.320415,inf,22,22
2008114701012_Node0_Node8_Zero,"[0, 1, 2, 3, 4, 5, 6, 7, 8]",2008.114701,2009.134813,inf,0,3,2327.5,0.010618917711206962,0.010618917711206962,3.320415,inf,22,22
2008122902353_Node0_Node8_Zero,"[0, 1, 2, 3, 4, 5, 6, 7, 8]",2008.122902,2009.134813,inf,0,3,2327.5,0.010618917711206962,0.010618917711206962,3.320415,inf,22,22
2008131094907_Node0_Node8_Zero,"[0, 1, 2, 3, 4, 5, 6, 7, 8]",2008.131095,2009.138798,inf,0,3,2327.5,0.010618917711206962,0.010618917711206962,3.320415,inf,22,22
2008139287664_Node0_Node8_Zero,"[0, 1, 2, 3, 4, 5, 6, 7, 8]",2008.139288,2009.138798,inf,0,3,2327.5,0.010618917711206962,0.010618917711206962,3.320415,inf,22,22
2008147484909_Node0_Node8_Zero,"[0, 1, 2, 3, 4, 5, 6, 7, 8]",2008.147485,2009.140801,inf,0,3,2327.5,0.010618917711206962,0.010618917711206962,3.320415,inf,22,22
2008155677368_Node0_Node8_Zero,"[0, 1, 2, 3, 4, 5, 6, 7, 8]",2008.155677,2009.140801,inf,0,3,2327.5,0.010618917711206962,0.010618917711206962,3.320415,inf,22,22
2008163875519_Node0_Node8_Zero,"[0, 1, 2, 3, 4, 5, 6, 7, 8]",2008.163876,2009.142843,inf,0,3,2327.5,0.010618917711206962,0.010618917711206962,3.320415,inf,22,22
2008172074973_Node0_Node8_Zero,"[0, 1, 2, 3, 4, 5, 6, 7, 8]",2008.172075,2009.142843,inf,0,3,2327.5,0.010618917711206962,0.010618917711206962,3.320415,inf,22,22
2008180268298_Node0_Node8_Zero,"[0, 1, 2, 3, 4, 5, 6, 7, 8]",2008.180268,2009.144686,inf,0,4,2327.5,0.010618917711206962,0.010618917711206962,3.320415,inf,22,22
2008188468712_Node0_Node8_Zero,"[0, 1, 2, 3, 4, 5, 6, 7, 8]",2008.188469,2009.144686,inf,0,4,2327.5,0.010618917711206962,0.010618917711206962,3.320415,inf,22,22
2008196665741_Node0_Node8_Zero,"[0, 1, 2, 3, 4, 5, 6, 7, 8]",2008.196666,2009.150448,inf,0,4,2327.5,0.010618917711206962,0.010618917711206962,3.320415,inf,22,22
2008204862512_Node0_Node8_Zero,"[0, 1, 2, 3, 4, 5, 6, 7, 8]",2008.204863,2009.150448,inf,0,4,2327.5,0.010618917711206962,0.010618917711206962,3.320415,inf,22,22
2008213057487_Node0_Node8_Zero,"[0, 1, 2, 3, 4, 5, 6, 7, 8]",2008.213057,2009.152431,inf,0,4,2327.5,0.010618917711206962,0.010618917711206962,3.320415,inf,22,22
2008221256396_Node0_Node8_Zero,"[0, 1, 2, 3, 4, 5, 6, 7, 8]",2008.221256,2009.152431,inf,0,4,2327.5,0.010618917711206962,0.010618917711206962,3.320415,inf,22,22
2008229452222_Node0_Node8_Zero,"[0, 1, 2, 3, 4, 5, 6, 7, 8]",2008.229452,2009.15639,inf,0,3,2327.5,0.010618917711206962,0.010618917711206962,3.320415,inf,22,22
2008237653286_Node0_Node8_Zero,"[0, 1, 2, 3, 4, 5, 6, 7, 8]",2008.237653,2009.15639,inf,0,3,2327.5,0.010618917711206962,0.010618917711206962,3.320415,inf,22,22
2008245846583_Node0_Node8_Zero,"[0, 1, 2, 3, 4, 5, 6, 7, 8]",2008.245847,2009.158253,inf,0,3,2327.5,0.010618917711206962,0.010618917711206962,3.320415,inf,22,22
2008254046065_Node0_Node8_Zero,"[0, 1, 2, 3, 4, 5, 6, 7, 8]",2008.254046,2009.158253,inf,0,3,2327.5,0.010618917711206962,0.010618917711206962,3.320415,inf,22,22
2008262241442_Node0_Node8_Zero,"[0, 1, 2, 3, 4, 5, 6, 7, 8]",2008.262241,2009.161998,inf,0,3,2327.5,0.010618917711206962,0.010618917711206962,3.320415,inf,22,22
2008270439515_Node0_Node8_Zero,"[0, 1, 2, 3, 4, 5, 6, 7, 8]",2008.27044,2009.161998,inf,0,3,2327.5,0.010618917711206962,0.010618917711206962,3.320415,inf,22,22
2008278635328_Node0_Node8_Zero,"[0, 1, 2, 3, 4, 5, 6, 7, 8]",2008.278635,2009.1641,inf,0,4,2327.5,0.010618917711206962,0.010618917711206962,3.320415,inf,22,22
2008286829056_Node0_Node8_Zero,"[0, 1, 2, 3, 4, 5, 6, 7, 8]",2008.286829,2009.1641,inf,0,4,2327.5,0.010618917711206962,0.010618917711206962,3.320415,inf,22,22
2008295028163_Node0_Node8_Zero,"[0, 1, 2, 3, 4, 5, 6, 7, 8]",2008.295028,2009.165943,inf,0,3,2327.5,0.010618917711206962,0.010618917711206962,3.320415,inf,22,22
2008303229077_Node0_Node8_Zero,"[0, 1, 2, 3, 4, 5, 6, 7, 8]",2008.303229,2009.165943,inf,0,3,2327.5,0.010618917711206962,0.010618917711206962,3.320415,inf,22,22
2008311428712_Node0_Node8_Zero,"[0, 1, 2, 3, 4, 5, 6, 7, 8]",2008.311429,2009.167845,inf,0,4,2327.5,0.010618917711206962,0.010618917711206962,3.320415,inf,22,22
2008319624634_Node0_Node8_Zero,"[0, 1, 2, 3, 4, 5, 6, 7, 8]",2008.319625,2009.167845,inf,0,4,2327.5,0.010618917711206962,0.010618917711206962,3.320415,inf,22,22
2008327816618_Node0_Node8_Zero,"[0, 1, 2, 3, 4, 5, 6, 7, 8]",2008.327817,2009.175636,inf,0,4,2327.5,0.010618917711206962,0.010618917711206962,3.320415,inf,22,22
2008336008731_Node0_Node8_Zero,"[0, 1, 2, 3, 4, 5, 6, 7, 8]",2008.336009,2009.175636,inf,0,4,2327.5,0.010618917711206962,0.010618917711206962,3.320415,inf,22,22
2008344202185_Node0_Node8_Zero,"[0, 1, 2, 3, 4, 5, 6, 7, 8]",2008.344202,2009.177498,inf,0,5,2327.5,0.010618917711206962,0.010618917711206962,3.320415,inf,22,22
2008352400157_Node0_Node8_Zero,"[0, 1, 2, 3, 4, 5, 6, 7, 8]",2008.3524,2009.177498,inf,0,5,2327.5,0.010618917711206962,0.010618917711206962,3.320415,inf,22,22
2008360595172_Node0_Node8_Zero,"[0, 1, 2, 3, 4, 5, 6, 7, 8]",2008.360595,2009.181458,inf,0,4,2327.5,0.010618917711206962,0.010618917711206962,3.320415,inf,22,22
2008368788388_Node0_Node8_Zero,"[0, 1, 2, 3, 4, 5, 6, 7, 8]",2008.368788,2009.181458,inf,0,4,2327.5,0.010618917711206962,0.010618917711206962,3.320415,inf,22,22
2008376988873_Node0_Node8_Zero,"[0, 1, 2, 3, 4, 5, 6, 7, 8]",2008.376989,2009.18346,inf,0,3,2327.5,0.010618917711206962,0.010618917711206962,3.320415,inf,22,22
2008385184904_Node0_Node8_Zero,"[0, 1, 2, 3, 4, 5, 6, 7, 8]",2008.385185,2009.18346,inf,0,3,2327.5,0.010618917711206962,0.010618917711206962,3.320415,inf,22,22
2008393377936_Node0_Node8_Zero,"[0, 1, 2, 3, 4, 5, 6, 7, 8]",2008.393378,2009.185303,inf,0,4,2327.5,0.010618917711206962,0.010618917711206962,3.320415,inf,22,22
2008401574172_Node0_Node8_Zero,"[0, 1, 2, 3, 4, 5, 6, 7, 8]",2008.401574,2009.185303,inf,0,4,2327.5,0.010618917711206962,0.010618917711206962,3.320415,inf,22,22
2008409769250_Node0_Node8_Zero,"[0, 1, 2, 3, 4, 5, 6, 7, 8]",2008.409769,2009.187265,inf,0,4,2327.5,0.010618917711206962,0.010618917711206962,3.320415,inf,22,22
2008417963065_Node0_Node8_Zero,"[0, 1, 2, 3, 4, 5, 6, 7, 8]",2008.417963,2009.187265,inf,0,4,2327.5,0.010618917711206962,0.010618917711206962,3.320415,inf,22,22
2008426163433_Node0_Node8_Zero,"[0, 1, 2, 3, 4, 5, 6, 7, 8]",2008.426163,2009.197438,inf,0,3,2327.5,0.010618917711206962,0.010618917711206962,3.320415,inf,22,22
2008434356885_Node0_Node8_Zero,"[0, 1, 2, 3, 4, 5, 6, 7, 8]",2008.434357,2009.197438,inf,0,3,2327.5,0.010618917711206962,0.010618917711206962,3.320415,inf,22,22
2008442550844_Node0_Node8_Zero,"[0, 1, 2, 3, 4, 5, 6, 7, 8]",2008.442551,2009.199281,inf,0,3,2327.5,0.010618917711206962,0.010618917711206962,3.320415,inf,22,22
2008450742914_Node0_Node8_Zero,"[0, 1, 2, 3, 4, 5, 6, 7, 8]",2008.450743,2009.199281,inf,0,3,2327.5,0.010618917711206962,0.010618917711206962,3.320415,inf,22,22
2008458940164_Node0_Node8_Zero,"[0, 1, 2, 3, 4, 5, 6, 7, 8]",2008.45894,2009.20332,inf,0,4,2327.5,0.010618917711206962,0.010618917711206962,3.320415,inf,22,22
2008467134862_Node0_Node8_Zero,"[0, 1, 2, 3, 4, 5, 6, 7, 8]",2008.467135,2009.20332,inf,0,4,2327.5,0.010618917711206962,0.010618917711206962,3.320415,inf,22,22
2008475328866_Node0_Node8_Zero,"[0, 1, 2, 3, 4, 5, 6, 7, 8]",2008.475329,2009.20724,inf,0,4,2343.0,0.010618917711206962,0.010618917711206962,3.320415,inf,11,11
2008483528905_Node0_Node8_Zero,"[0, 1, 2, 3, 4, 5, 6, 7, 8]",2008.483529,2009.209179,inf,0,5,2343.0,0.0053220512539897905,0.0053220512539897905,1.664145,inf,11,11
2008491727043_Node0_Node8_Zero,"[0, 1, 2, 3, 4, 5, 6, 7, 8]",2008.491727,2009.211259,inf,0,3,2343.0,0.0053220512539897905,0.0053220512539897905,1.664145,inf,11,11
2008499926400_Node0_Node8_Zero,"[0, 1, 2, 3, 4, 5, 6, 7, 8]",2008.499926,2009.213279,inf,0,5,2343.0,0.0053220512539897905,0.0053220512539897905,1.664145,inf,11,11
2008508122090_Node0_Node8_Zero,"[0, 1, 2, 3, 4, 5, 6, 7, 8]",2008.508122,2009.215158,inf,0,5,2343.0,0.0053220512539897905,0.0053220512539897905,1.664145,inf,11,11
2008516319875_Node0_Node8_Zero,"[0, 1, 2, 3, 4, 5, 6, 7, 8]",2008.51632,2009.217158,inf,0,4,2343.0,0.0053220512539897905,0.0053220512539897905,1.664145,inf,11,11
2008524514496_Node0_Node8_Zero,"[0, 1, 2, 3, 4, 5, 6, 7, 8]",2008.524514,2009.221137,inf,0,3,2343.0,0.0053220512539897905,0.0053220512539897905,1.664145,inf,11,11
2008532710292_Node0_Node8_Zero,"[0, 1, 2, 3, 4, 5, 6, 7, 8]",2008.53271,2009.223217,inf,0,5,2343.0,0.0053220512539897905,0.0053220512539897905,1.664145,inf,11,11
2008540907962_Node0_Node8_Zero,"[0, 1, 2, 3, 4, 5, 6, 7, 8]",2008.540908,2009.225217,inf,0,4,2343.0,0.0053220512539897905,0.0053220512539897905,1.664145,inf,11,11
2008549101261_Node0_Node8_Zero,"[0, 1, 2, 3, 4, 5, 6, 7, 8]",2008.549101,2009.229323,inf,0,3,2343.0,0.0053220512539897905,0.0053220512539897905,1.664145,inf,11,11
2008557297895_Node0_Node8_Zero,"[0, 1, 2, 3, 4, 5, 6, 7, 8]",2008.557298,2009.231203,inf,0,4,2343.0,0.0053220512539897905,0.0053220512539897905,1.664145,inf,11,11
2008565494695_Node0_Node8_Zero,"[0, 1, 2, 3, 4, 5, 6, 7, 8]",2008.565495,2009.239276,inf,0,3,2343.0,0.0053220512539897905,0.0053220512539897905,1.664145,inf,11,11
2008573690000_Node0_Node8_Zero,"[0, 1, 2, 3, 4, 5, 6, 7, 8]",2008.57369,2009.241135,inf,0,4,2343.0,0.0053220512539897905,0.0053220512539897905,1.664145,inf,11,11
2008581883851_Node0_Node8_Zero,"[0, 1, 2, 3, 4, 5, 6, 7, 8]",2008.581884,2009.242975,inf,0,4,2343.0,0.0053220512539897905,0.0053220512539897905,1.664145,inf,11,11
2008590080050_Node0_Node8_Zero,"[0, 1, 2, 3, 4, 5, 6, 7, 8]",2008.59008,2009.247054,inf,0,5,2343.0,0.0053220512539897905,0.0053220512539897905,1.664145,inf,11,11
2008598274582_Node0_Node8_Zero,"[0, 1, 2, 3, 4, 5, 6, 7, 8]",2008.598275,2009.248914,inf,0,6,2343.0,0.0053220512539897905,0.0053220512539897905,1.664145,inf,11,11
2008606469853_Node0_Node8_Zero,"[0, 1, 2, 3, 4, 5, 6, 7, 8]",2008.60647,2009.250874,inf,0,4,2343.0,0.0053220512539897905,0.0053220512539897905,1.664145,inf,11,11
2008614665995_Node0_Node8_Zero,"[0, 1, 2, 3, 4, 5, 6, 7, 8]",2008.614666,2009.252733,inf,0,5,2343.0,0.0053220512539897905,0.0053220512539897905,1.664145,inf,11,11
2008622860524_Node0_Node8_Zero,"[0, 1, 2, 3, 4, 5, 6, 7, 8]",2008.622861,2009.256673,inf,0,4,2343.0,0.0053220512539897905,0.0053220512539897905,1.664145,inf,11,11
2008631058304_Node0_Node8_Zero,"[0, 1, 2, 3, 4, 5, 6, 7, 8]",2008.631058,2009.258592,inf,0,5,2343.0,0.0053220512539897905,0.0053220512539897905,1.664145,inf,11,11
2008639257741_Node0_Node8_Zero,"[0, 1, 2, 3, 4, 5, 6, 7, 8]",2008.639258,2009.260512,inf,0,4,2343.0,0.0053220512539897905,0.0053220512539897905,1.664145,inf,11,11
2008647454031_Node0_Node8_Zero,"[0, 1, 2, 3, 4, 5, 6, 7, 8]",2008.647454,2009.272917,inf,0,5,2343.0,0.0053220512539897905,0.0053220512539897905,1.664145,inf,11,11
2008655652768_Node0_Node8_Zero,"[0, 1, 2, 3, 4, 5, 6, 7, 8]",2008.655653,2009.274777,inf,0,5,2343.0,0.0053220512539897905,0.0053220512539897905,1.664145,inf,11,11
2008663851266_Node0_Node8_Zero,"[0, 1, 2, 3, 4, 5, 6, 7, 8]",2008.663851,2009.276716,inf,0,3,2343.0,0.0053220512539897905,0.0053220512539897905,1.664145,inf,11,11
2008672051679_Node0_Node8_Zero,"[0, 1, 2, 3, 4, 5, 6, 7, 8]",2008.672052,2009.278616,inf,0,4,2343.0,0.0053220512539897905,0.0053220512539897905,1.664145,inf,11,11
2008680245885_Node0_Node8_Zero,"[0, 1, 2, 3, 4, 5, 6, 7, 8]",2008.680246,2009.280596,inf,0,4,2343.0,0.0053220512539897905,0.0053220512539897905,1.664145,inf,11,11
2008688445734_Node0_Node8_Zero,"[0, 1, 2, 3, 4, 5, 6, 7, 8]",2008.688446,2009.282655,inf,0,4,2343.0,0.0053220512539897905,0.0053220512539897905,1.664145,inf,11,11
2008696645767_Node0_Node8_Zero,"[0, 1, 2, 3, 4, 5, 6, 7, 8]",2008.696646,2009.284675,inf,0,4,2343.0,0.0053220512539897905,0.0053220512539897905,1.664145,inf,11,11
2008704844781_Node0_Node8_Zero,"[0, 1, 2, 3, 4, 5, 6, 7, 8]",2008.704845,2009.292648,inf,0,4,2343.0,0.0053220512539897905,0.0053220512539897905,1.664145,inf,11,11
2008713036532_Node0_Node8_Zero,"[0, 1, 2, 3, 4, 5, 6, 7, 8]",2008.713037,2009.294568,inf,0,4,2343.0,0.0053220512539897905,0.0053220512539897905,1.664145,inf,11,11
2008721232565_Node0_Node8_Zero,"[0, 1, 2, 3, 4, 5, 6, 7, 8]",2008.721233,2009.296407,inf,0,4,2343.0,0.0053220512539897905,0.0053220512539897905,1.664145,inf,11,11
2008729433431_Node0_Node8_Zero,"[0, 1, 2, 3, 4, 5, 6, 7, 8]",2008.729433,2009.298247,inf,0,4,2343.0,0.0053220512539897905,0.0053220512539897905,1.664145,inf,11,11
2008737630273_Node0_Node8_Zero,"[0, 1, 2, 3, 4, 5, 6, 7, 8]",2008.73763,2009.300127,inf,0,4,2343.0,0.0053220512539897905,0.0053220512539897905,1.664145,inf,11,11
2008745830640_Node0_Node8_Zero,"[0, 1, 2, 3, 4, 5, 6, 7, 8]",2008.745831,2009.305846,inf,0,4,2343.0,0.0053220512539897905,0.0053220512539897905,1.664145,inf,11,11
2008754032267_Node0_Node8_Zero,"[0, 1, 2, 3, 4, 5, 6, 7, 8]",2008.754032,2009.307705,inf,0,5,2343.0,0.0053220512539897905,0.0053220512539897905,1.664145,inf,11,11
2008762229285_Node0_Node8_Zero,"[0, 1, 2, 3, 4, 5, 6, 7, 8]",2008.762229,2009.313884,inf,0,5,2343.0,0.0053220512539897905,0.0053220512539897905,1.664145,inf,11,11
2008770428625_Node0_Node8_Zero,"[0, 1, 2, 3, 4, 5, 6, 7, 8]",2008.770429,2009.315804,inf,0,4,2343.0,0.0053220512539897905,0.0053220512539897905,1.664145,inf,11,11
2008778627566_Node0_Node8_Zero,"[0, 1, 2, 3, 4, 5, 6, 7, 8]",2008.778628,2009.320003,inf,0,4,2343.0,0.0053220512539897905,0.0053220512539897905,1.664145,inf,11,11
2008786823329_Node0_Node8_Zero,"[0, 1, 2, 3, 4, 5, 6, 7, 8]",2008.786823,2009.322083,inf,0,4,2343.0,0.0053220512539897905,0.0053220512539897905,1.664145,inf,11,11
2008795021779_Node0_Node8_Zero,"[0, 1, 2, 3, 4, 5, 6, 7, 8]",2008.795022,2009.324143,inf,0,5,2343.0,0.0053220512539897905,0.0053220512539897905,1.664145,inf,11,11
2008803219491_Node0_Node8_Zero,"[0, 1, 2, 3, 4, 5, 6, 7, 8]",2008.803219,2009.326082,inf,0,4,2343.0,0.0053220512539897905,0.0053220512539897905,1.664145,inf,11,11
2008811413164_Node0_Node8_Zero,"[0, 1, 2, 3, 4, 5, 6, 7, 8]",2008.811413,2009.328142,inf,0,5,2343.0,0.0053220512539897905,0.0053220512539897905,1.664145,inf,11,11
2008819610695_Node0_Node8_Zero,"[0, 1, 2, 3, 4, 5, 6, 7, 8]",2008.819611,2009.330202,inf,0,3,2343.0,0.0053220512539897905,0.0053220512539897905,1.664145,inf,11,11
2008827812043_Node0_Node8_Zero,"[0, 1, 2, 3, 4, 5, 6, 7, 8]",2008.827812,2009.334441,inf,0,4,2343.0,0.0053220512539897905,0.0053220512539897905,1.664145,inf,11,11
2008836011920_Node0_Node8_Zero,"[0, 1, 2, 3, 4, 5, 6, 7, 8]",2008.836012,2009.33636,inf,0,3,2343.0,0.0053220512539897905,0.0053220512539897905,1.664145,inf,11,11
2008844207393_Node0_Node8_Zero,"[0, 1, 2, 3, 4, 5, 6, 7, 8]",2008.844207,2009.3383,inf,0,7,2343.0,0.0053220512539897905,0.0053220512539897905,1.664145,inf,11,11
2008852403951_Node0_Node8_Zero,"[0, 1, 2, 3, 4, 5, 6, 7, 8]",2008.852404,2009.34016,inf,0,5,2343.0,0.0053220512539897905,0.0053220512539897905,1.664145,inf,11,11
2008860604556_Node0_Node8_Zero,"[0, 1, 2, 3, 4, 5, 6, 7, 8]",2008.860605,2009.342159,inf,0,4,2343.0,0.0053220512539897905,0.0053220512539897905,1.664145,inf,11,11
2008868801696_Node0_Node8_Zero,"[0, 1, 2, 3, 4, 5, 6, 7, 8]",2008.868802,2009.344199,inf,0,5,2343.0,0.0053220512539897905,0.0053220512539897905,1.664145,inf,11,11
2008876993645_Node0_Node8_Zero,"[0, 1, 2, 3, 4, 5, 6, 7, 8]",2008.876994,2009.346099,inf,0,4,2343.0,0.0053220512539897905,0.0053220512539897905,1.664145,inf,11,11
2008885188922_Node0_Node8_Zero,"[0, 1, 2, 3, 4, 5, 6, 7, 8]",2008.885189,2009.352198,inf,0,4,2343.0,0.0053220512539897905,0.0053220512539897905,1.664145,inf,11,11
2008893387730_Node0_Node8_Zero,"[0, 1, 2, 3, 4, 5, 6, 7, 8]",2008.893388,2009.354317,inf,0,4,2343.0,0.0053220512539897905,0.0053220512539897905,1.664145,inf,11,11
2008901585466_Node0_Node8_Zero,"[0, 1, 2, 3, 4, 5, 6, 7, 8]",2008.901585,2009.356217,inf,0,4,2343.0,0.0053220512539897905,0.0053220512539897905,1.664145,inf,11,11
2008909784209_Node0_Node8_Zero,"[0, 1, 2, 3, 4, 5, 6, 7, 8]",2008.909784,2009.358137,inf,0,4,2343.0,0.0053220512539897905,0.0053220512539897905,1.664145,inf,11,11
2008917977620_Node0_Node8_Zero,"[0, 1, 2, 3, 4, 5, 6, 7, 8]",2008.917978,2009.361936,inf,0,5,2343.0,0.0053220512539897905,0.0053220512539897905,1.664145,inf,11,11
2008926171351_Node0_Node8_Zero,"[0, 1, 2, 3, 4, 5, 6, 7, 8]",2008.926171,2009.363856,inf,0,4,2343.0,0.0053220512539897905,0.0053220512539897905,1.664145,inf,11,11
2008934363803_Node0_Node8_Zero,"[0, 1, 2, 3, 4, 5, 6, 7, 8]",2008.934364,2009.365775,inf,0,4,2343.0,0.0053220512539897905,0.0053220512539897905,1.664145,inf,11,11
2008942565497_Node0_Node8_Zero,"[0, 1, 2, 3, 4, 5, 6, 7, 8]",2008.942565,2009.384581,inf,0,5,2343.0,0.0053220512539897905,0.0053220512539897905,1.664145,inf,11,11
2008950763053_Node0_Node8_Zero,"[0, 1, 2, 3, 4, 5, 6, 7, 8]",2008.950763,2009.386421,inf,0,5,2343.0,0.0053220512539897905,0.0053220512539897905,1.664145,inf,11,11
2008958955500_Node0_Node8_Zero,"[0, 1, 2, 3, 4, 5, 6, 7, 8]",2008.958956,2009.38852,inf,0,4,2343.0,0.0053220512539897905,0.0053220512539897905,1.664145,inf,11,11
2008967151939_Node0_Node8_Zero,"[0, 1, 2, 3, 4, 5, 6, 7, 8]",2008.967152,2009.39044,inf,0,5,2343.0,0.0053220512539897905,0.0053220512539897905,1.664145,inf,11,11
2008975351510_Node0_Node8_Zero,"[0, 1, 2, 3, 4, 5, 6, 7, 8]",2008.975352,2009.394459,inf,0,6,2343.0,0.0053220512539897905,0.0053220512539897905,1.664145,inf,11,11
2008983550549_Node0_Node8_Zero,"[0, 1, 2, 3, 4, 5, 6, 7, 8]",2008.983551,2009.396539,inf,0,5,2343.0,0.0053220512539897905,0.0053220512539897905,1.664145,inf,11,11
2008991750317_Node0_Node8_Zero,"[0, 1, 2, 3, 4, 5, 6, 7, 8]",2008.99175,2009.398599,inf,0,4,2343.0,0.0053220512539897905,0.0053220512539897905,1.664145,inf,11,11
2008999944766_Node0_Node8_Zero,"[0, 1, 2, 3, 4, 5, 6, 7, 8]",2008.999945,2009.400658,inf,0,4,2343.0,0.0053220512539897905,0.0053220512539897905,1.664145,inf,11,11
2009008136989_Node0_Node8_Zero,"[0, 1, 2, 3, 4, 5, 6, 7, 8]",2009.008137,2009.402678,inf,0,4,2343.0,0.0053220512539897905,0.0053220512539897905,1.664145,inf,11,11
2009016334244_Node0_Node8_Zero,"[0, 1, 2, 3, 4, 5, 6, 7, 8]",2009.016334,2009.404598,inf,0,7,2343.0,0.0053220512539897905,0.0053220512539897905,1.664145,inf,11,11
2009024532781_Node0_Node8_Zero,"[0, 1, 2, 3, 4, 5, 6, 7, 8]",2009.024533,2009.406477,inf,0,4,2343.0,0.0053220512539897905,0.0053220512539897905,1.664145,inf,11,11
2009032725037_Node0_Node8_Zero,"[0, 1, 2, 3, 4, 5, 6, 7, 8]",2009.032725,2009.412643,inf,0,6,2343.0,0.0053220512539897905,0.0053220512539897905,1.664145,inf,11,11
2009040925286_Node0_Node8_Zero,"[0, 1, 2, 3, 4, 5, 6, 7, 8]",2009.040925,2009.41655,inf,0,5,2343.0,0.0053220512539897905,0.0053220512539897905,1.664145,inf,11,11
2009049126234_Node0_Node8_Zero,"[0, 1, 2, 3, 4, 5, 6, 7, 8]",2009.049126,2009.41843,inf,0,5,2343.0,0.0053220512539897905,0.0053220512539897905,1.664145,inf,11,11
2009057323932_Node0_Node8_Zero,"[0, 1, 2, 3, 4, 5, 6, 7, 8]",2009.057324,2009.420469,inf,0,4,2343.0,0.0053220512539897905,0.0053220512539897905,1.664145,inf,11,11
2009065519654_Node0_Node8_Zero,"[0, 1, 2, 3, 4, 5, 6, 7, 8]",2009.06552,2009.422329,inf,0,6,2343.0,0.0053220512539897905,0.0053220512539897905,1.664145,inf,11,11
2009073712471_Node0_Node8_Zero,"[0, 1, 2, 3, 4, 5, 6, 7, 8]",2009.073712,2009.424369,inf,0,4,2343.0,0.0053220512539897905,0.0053220512539897905,1.664145,inf,11,11
2009081905369_Node0_Node8_Zero,"[0, 1, 2, 3, 4, 5, 6, 7, 8]",2009.081905,2009.428215,inf,0,4,2343.0,0.0053220512539897905,0.0053220512539897905,1.664145,inf,11,11
2009090099127_Node0_Node8_Zero,"[0, 1, 2, 3, 4, 5, 6, 7, 8]",2009.090099,2009.430275,inf,0,6,2343.0,0.0053220512539897905,0.0053220512539897905,1.664145,inf,11,11
2009098296216_Node0_Node8_Zero,"[0, 1, 2, 3, 4, 5, 6, 7, 8]",2009.098296,2009.432214,inf,0,6,2343.0,0.0053220512539897905,0.0053220512539897905,1.664145,inf,11,11
2009106491622_Node0_Node8_Zero,"[0, 1, 2, 3, 4, 5, 6, 7, 8]",2009.106492,2009.434154,inf,0,5,2343.0,0.0053220512539897905,0.0053220512539897905,1.664145,inf,11,11
2009114690473_Node0_Node8_Zero,"[0, 1, 2, 3, 4, 5, 6, 7, 8]",2009.11469,2009.436074,inf,0,4,2343.0,0.0053220512539897905,0.0053220512539897905,1.664145,inf,11,11
2009122888908_Node0_Node8_Zero,"[0, 1, 2, 3, 4, 5, 6, 7, 8]",2009.122889,2009.438013,inf,0,5,2343.0,0.0053220512539897905,0.0053220512539897905,1.664145,inf,11,11
2009131088513_Node0_Node8_Zero,"[0, 1, 2, 3, 4, 5, 6, 7, 8]",2009.131089,2009.439853,inf,0,4,2343.0,0.0053220512539897905,0.0053220512539897905,1.664145,inf,11,11
2009139288421_Node0_Node8_Zero,"[0, 1, 2, 3, 4, 5, 6, 7, 8]",2009.139288,2009.445639,inf,0,4,2343.0,0.0053220512539897905,0.0053220512539897905,1.664145,inf,11,11
2009147486323_Node0_Node8_Zero,"[0, 1, 2, 3, 4, 5, 6, 7, 8]",2009.147486,2009.447479,inf,0,5,2343.0,0.0053220512539897905,0.0053220512539897905,1.664145,inf,11,11
2009155678385_Node0_Node8_Zero,"[0, 1, 2, 3, 4, 5, 6, 7, 8]",2009.155678,2009.453758,inf,0,7,2343.0,0.0053220512539897905,0.0053220512539897905,1.664145,inf,11,11
2009163877489_Node0_Node8_Zero,"[0, 1, 2, 3, 4, 5, 6, 7, 8]",2009.163877,2009.455738,inf,0,4,2343.0,0.0053220512539897905,0.0053220512539897905,1.664145,inf,11,11
2009172074265_Node0_Node8_Zero,"[0, 1, 2, 3, 4, 5, 6, 7, 8]",2009.172074,2009.457597,inf,0,5,2343.0,0.0053220512539897905,0.0053220512539897905,1.664145,inf,11,11
2009180267713_Node0_Node8_Zero,"[0, 1, 2, 3, 4, 5, 6, 7, 8]",2009.180268,2009.459657,inf,0,6,2343.0,0.0053220512539897905,0.0053220512539897905,1.664145,inf,11,11
2009188460014_Node0_Node8_Zero,"[0, 1, 2, 3, 4, 5, 6, 7, 8]",2009.18846,2009.461576,inf,0,4,2343.0,0.0053220512539897905,0.0053220512539897905,1.664145,inf,11,11
2009196658208_Node0_Node8_Zero,"[0, 1, 2, 3, 4, 5, 6, 7, 8]",2009.196658,2009.463436,inf,0,6,2343.0,0.0053220512539897905,0.0053220512539897905,1.664145,inf,11,11
2009204851076_Node0_Node8_Zero,"[0, 1, 2, 3, 4, 5, 6, 7, 8]",2009.204851,2009.467395,inf,0,6,2343.0,0.0053220512539897905,0.0053220512539897905,1.664145,inf,11,11
2009213046525_Node0_Node8_Zero,"[0, 1, 2, 3, 4, 5, 6, 7, 8]",2009.213047,2009.469415,inf,0,5,2343.0,0.0053220512539897905,0.0053220512539897905,1.664145,inf,11,11
2009221246320_Node0_Node8_Zero,"[0, 1, 2, 3, 4, 5, 6, 7, 8]",2009.221246,2009.471355,inf,0,5,2343.0,0.0053220512539897905,0.0053220512539897905,1.664145,inf,11,11
2009229441703_Node0_Node8_Zero,"[0, 1, 2, 3, 4, 5, 6, 7, 8]",2009.229442,2009.473214,inf,0,6,2343.0,0.0053220512539897905,0.0053220512539897905,1.664145,inf,11,11
2009237638626_Node0_Node8_Zero,"[0, 1, 2, 3, 4, 5, 6, 7, 8]",2009.237639,2009.477014,inf,0,5,2343.0,0.0053220512539897905,0.0053220512539897905,1.664145,inf,11,11
2009245835061_Node0_Node8_Zero,"[0, 1, 2, 3, 4, 5, 6, 7, 8]",2009.245835,2009.478973,inf,0,5,2343.0,0.0053220512539897905,0.0053220512539897905,1.664145,inf,11,11
2009254027331_Node0_Node8_Zero,"[0, 1, 2, 3, 4, 5, 6, 7, 8]",2009.254027,2009.480833,inf,0,5,2343.0,0.0053220512539897905,0.0053220512539897905,1.664145,inf,11,11
2009262219642_Node0_Node8_Zero,"[0, 1, 2, 3, 4, 5, 6, 7, 8]",2009.26222,2009.488932,inf,0,5,2343.0,0.0053220512539897905,0.0053220512539897905,1.664145,inf,11,11
2009270415869_Node0_Node8_Zero,"[0, 1, 2, 3, 4, 5, 6, 7, 8]",2009.270416,2009.492878,inf,0,5,2343.0,0.0053220512539897905,0.0053220512539897905,1.664145,inf,11,11
2009278608943_Node0_Node8_Zero,"[0, 1, 2, 3, 4, 5, 6, 7, 8]",2009.278609,2009.494858,inf,0,5,2343.0,0.0053220512539897905,0.0053220512539897905,1.664145,inf,11,11
2009286806931_Node0_Node8_Zero,"[0, 1, 2, 3, 4, 5, 6, 7, 8]",2009.286807,2009.496897,inf,0,4,2343.0,0.0053220512539897905,0.0053220512539897905,1.664145,inf,11,11
2009295005543_Node0_Node8_Zero,"[0, 1, 2, 3, 4, 5, 6, 7, 8]",2009.295006,2009.498817,inf,0,4,2343.0,0.0053220512539897905,0.0053220512539897905,1.664145,inf,11,11
2009303203455_Node0_Node8_Zero,"[0, 1, 2, 3, 4, 5, 6, 7, 8]",2009.303203,2009.500677,inf,0,4,2343.0,0.0053220512539897905,0.0053220512539897905,1.664145,inf,11,11
2009311397862_Node0_Node8_Zero,"[0, 1, 2, 3, 4, 5, 6, 7, 8]",2009.311398,2009.502736,inf,0,5,2343.0,0.0053220512539897905,0.0053220512539897905,1.664145,inf,11,11
2009319596617_Node0_Node8_Zero,"[0, 1, 2, 3, 4, 5, 6, 7, 8]",2009.319597,2009.511135,inf,0,5,2343.0,0.0053220512539897905,0.0053220512539897905,1.664145,inf,11,11
2009327793064_Node0_Node8_Zero,"[0, 1, 2, 3, 4, 5, 6, 7, 8]",2009.327793,2009.513195,inf,0,4,2343.0,0.0053220512539897905,0.0053220512539897905,1.664145,inf,11,11
2009335993337_Node0_Node8_Zero,"[0, 1, 2, 3, 4, 5, 6, 7, 8]",2009.335993,2009.515094,inf,0,4,2343.0,0.0053220512539897905,0.0053220512539897905,1.664145,inf,11,11
2009344185805_Node0_Node8_Zero,"[0, 1, 2, 3, 4, 5, 6, 7, 8]",2009.344186,2009.519034,inf,0,5,2343.0,0.0053220512539897905,0.0053220512539897905,1.664145,inf,11,11
2009352386203_Node0_Node8_Zero,"[0, 1, 2, 3, 4, 5, 6, 7, 8]",2009.352386,2009.521033,inf,0,6,2343.0,0.0053220512539897905,0.0053220512539897905,1.664145,inf,11,11
2009360583250_Node0_Node8_Zero,"[0, 1, 2, 3, 4, 5, 6, 7, 8]",2009.360583,2009.522973,inf,0,5,2343.0,0.0053220512539897905,0.0053220512539897905,1.664145,inf,11,11
2009368781287_Node0_Node8_Zero,"[0, 1, 2, 3, 4, 5, 6, 7, 8]",2009.368781,2009.524933,inf,0,5,2343.0,0.0053220512539897905,0.0053220512539897905,1.664145,inf,11,11
2009376977324_Node0_Node8_Zero,"[0, 1, 2, 3, 4, 5, 6, 7, 8]",2009.376977,2009.526912,inf,0,5,2343.0,0.0053220512539897905,0.0053220512539897905,1.664145,inf,11,11
2009385174210_Node0_Node8_Zero,"[0, 1, 2, 3, 4, 5, 6, 7, 8]",2009.385174,2009.531032,inf,0,5,2343.0,0.0053220512539897905,0.0053220512539897905,1.664145,inf,11,11
2009393370048_Node0_Node8_Zero,"[0, 1, 2, 3, 4, 5, 6, 7, 8]",2009.39337,2009.532871,inf,0,6,2343.0,0.0053220512539897905,0.0053220512539897905,1.664145,inf,11,11
2009401566251_Node0_Node8_Zero,"[0, 1, 2, 3, 4, 5, 6, 7, 8]",2009.401566,2009.54933,inf,0,5,2343.0,0.0053220512539897905,0.0053220512539897905,1.664145,inf,11,11
2009409763468_Node0_Node8_Zero,"[0, 1, 2, 3, 4, 5, 6, 7, 8]",2009.409763,2009.553317,inf,0,4,2343.0,0.0053220512539897905,0.0053220512539897905,1.664145,inf,11,11
2009417957280_Node0_Node8_Zero,"[0, 1, 2, 3, 4, 5, 6, 7, 8]",2009.417957,2009.555176,inf,0,5,2343.0,0.0053220512539897905,0.0053220512539897905,1.664145,inf,11,11
2009426154527_Node0_Node8_Zero,"[0, 1, 2, 3, 4, 5, 6, 7, 8]",2009.426155,2009.557116,inf,0,5,2343.0,0.0053220512539897905,0.0053220512539897905,1.664145,inf,11,11
2009434355211_Node0_Node8_Zero,"[0, 1, 2, 3, 4, 5, 6, 7, 8]",2009.434355,2009.561242,inf,0,4,2343.0,0.0053220512539897905,0.0053220512539897905,1.664145,inf,11,11
2009442551213_Node0_Node8_Zero,"[0, 1, 2, 3, 4, 5, 6, 7, 8]",2009.442551,2009.565309,inf,0,5,2343.0,0.0053220512539897905,0.0053220512539897905,1.664145,inf,11,11
2009450745688_Node0_Node8_Zero,"[0, 1, 2, 3, 4, 5, 6, 7, 8]",2009.450746,2009.567389,inf,0,4,2343.0,0.0053220512539897905,0.0053220512539897905,1.664145,inf,11,11
2009458946750_Node0_Node8_Zero,"[0, 1, 2, 3, 4, 5, 6, 7, 8]",2009.458947,2009.569348,inf,0,5,2343.0,0.0053220512539897905,0.0053220512539897905,1.664145,inf,11,11
2009467142323_Node0_Node8_Zero,"[0, 1, 2, 3, 4, 5, 6, 7, 8]",2009.467142,2009.573455,inf,0,6,2343.0,0.0053220512539897905,0.0053220512539897905,1.664145,inf,11,11
2009475335101_Node0_Node8_Zero,"[0, 1, 2, 3, 4, 5, 6, 7, 8]",2009.475335,2009.575355,inf,0,6,2343.0,0.0053220512539897905,0.0053220512539897905,1.664145,inf,11,11
2009483533317_Node0_Node8_Zero,"[0, 1, 2, 3, 4, 5, 6, 7, 8]",2009.483533,2009.5834,inf,0,5,2343.0,0.0053220512539897905,0.0053220512539897905,1.664145,inf,11,11
2009491729213_Node0_Node8_Zero,"[0, 1, 2, 3, 4, 5, 6, 7, 8]",2009.491729,2009.587387,inf,0,6,2343.0,0.0053220512539897905,0.0053220512539897905,1.664145,inf,11,11
2009499928441_Node0_Node8_Zero,"[0, 1, 2, 3, 4, 5, 6, 7, 8]",2009.499928,2009.589327,inf,0,4,2343.0,0.0053220512539897905,0.0053220512539897905,1.664145,inf,11,11
2009508122949_Node0_Node8_Zero,"[0, 1, 2, 3, 4, 5, 6, 7, 8]",2009.508123,2009.591346,inf,0,4,2343.0,0.0053220512539897905,0.0053220512539897905,1.664145,inf,11,11
2009516316285_Node0_Node8_Zero,"[0, 1, 2, 3, 4, 5, 6, 7, 8]",2009.516316,2009.593206,inf,0,5,2343.0,0.0053220512539897905,0.0053220512539897905,1.664145,inf,11,11
2009524512153_Node0_Node8_Zero,"[0, 1, 2, 3, 4, 5, 6, 7, 8]",2009.524512,2009.595225,inf,0,4,2343.0,0.0053220512539897905,0.0053220512539897905,1.664145,inf,11,11
2009532709174_Node0_Node8_Zero,"[0, 1, 2, 3, 4, 5, 6, 7, 8]",2009.532709,2009.597245,inf,0,4,2343.0,0.0053220512539897905,0.0053220512539897905,1.664145,inf,11,11
2009540906815_Node0_Node8_Zero,"[0, 1, 2, 3, 4, 5, 6, 7, 8]",2009.540907,2009.599105,inf,0,4,2343.0,0.0053220512539897905,0.0053220512539897905,1.664145,inf,11,11
2009549107548_Node0_Node8_Zero,"[0, 1, 2, 3, 4, 5, 6, 7, 8]",2009.549108,2009.602984,inf,0,4,2343.0,0.0053220512539897905,0.0053220512539897905,1.664145,inf,11,11
2009557300176_Node0_Node8_Zero,"[0, 1, 2, 3, 4, 5, 6, 7, 8]",2009.5573,2009.607071,inf,0,6,2343.0,0.0053220512539897905,0.0053220512539897905,1.664145,inf,11,11
2009565496652_Node0_Node8_Zero,"[0, 1, 2, 3, 4, 5, 6, 7, 8]",2009.565497,2009.60915,inf,0,6,2343.0,0.0053220512539897905,0.0053220512539897905,1.664145,inf,11,11
2009573689170_Node0_Node8_Zero,"[0, 1, 2, 3, 4, 5, 6, 7, 8]",2009.573689,2009.61109,inf,0,5,2343.0,0.0053220512539897905,0.0053220512539897905,1.664145,inf,11,11
2009581881482_Node0_Node8_Zero,"[0, 1, 2, 3, 4, 5, 6, 7, 8]",2009.581881,2009.61295,inf,0,4,2343.0,0.0053220512539897905,0.0053220512539897905,1.664145,inf,11,11
2009590076041_Node0_Node8_Zero,"[0, 1, 2, 3, 4, 5, 6, 7, 8]",2009.590076,2009.627634,inf,0,4,2343.0,0.0053220512539897905,0.0053220512539897905,1.664145,inf,11,11
2009598275668_Node0_Node8_Zero,"[0, 1, 2, 3, 4, 5, 6, 7, 8]",2009.598276,2009.629654,inf,0,5,2343.0,0.0053220512539897905,0.0053220512539897905,1.664145,inf,11,11
2009606474260_Node0_Node8_Zero,"[0, 1, 2, 3, 4, 5, 6, 7, 8]",2009.606474,2009.631654,inf,0,5,2343.0,0.0053220512539897905,0.0053220512539897905,1.664145,inf,11,11
2009614669961_Node0_Node8_Zero,"[0, 1, 2, 3, 4, 5, 6, 7, 8]",2009.61467,2009.633493,inf,0,4,2343.0,0.0053220512539897905,0.0053220512539897905,1.664145,inf,11,11
2009622864603_Node0_Node8_Zero,"[0, 1, 2, 3, 4, 5, 6, 7, 8]",2009.622865,2009.635433,inf,0,5,2343.0,0.0053220512539897905,0.0053220512539897905,1.664145,inf,11,11
2009631058411_Node0_Node8_Zero,"[0, 1, 2, 3, 4, 5, 6, 7, 8]",2009.631058,2009.641412,inf,0,5,2343.0,0.0053220512539897905,0.0053220512539897905,1.664145,inf,11,11
2009639251621_Node0_Node8_Zero,"[0, 1, 2, 3, 4, 5, 6, 7, 8]",2009.639252,2009.643352,inf,0,7,2343.0,0.0053220512539897905,0.0053220512539897905,1.664145,inf,11,11
2009647444014_Node0_Node8_Zero,"[0, 1, 2, 3, 4, 5, 6, 7, 8]",2009.647444,2009.649098,inf,0,6,2343.0,0.0053220512539897905,0.0053220512539897905,1.664145,inf,11,11
2009655639824_Node0_Node8_Zero,"[0, 1, 2, 3, 4, 5, 6, 7, 8]",2009.65564,2009.657536,inf,0,6,2343.0,0.0053220512539897905,0.0053220512539897905,1.664145,inf,11,11
2009663837447_Node0_Node8_Zero,"[0, 1, 2, 3, 4, 5, 6, 7, 8]",2009.663837,2010.912628,inf,0,1,2343.0,0.0053220512539897905,0.0053220512539897905,1.664145,inf,11,11
2009672031620_Node0_Node8_Zero,"[0, 1, 2, 3, 4, 5, 6, 7, 8]",2009.672032,2010.917414,inf,0,6,2343.0,0.0053220512539897905,0.0053220512539897905,1.664145,inf,11,11
2009680233201_Node0_Node8_Zero,"[0, 1, 2, 3, 4, 5, 6, 7, 8]",2009.680233,2010.919274,inf,0,5,2343.0,0.0053220512539897905,0.0053220512539897905,1.664145,inf,11,11
2009688431794_Node0_Node8_Zero,"[0, 1, 2, 3, 4, 5, 6, 7, 8]",2009.688432,2010.923413,inf,0,5,2343.0,0.0053220512539897905,0.0053220512539897905,1.664145,inf,11,11
2009696629189_Node0_Node8_Zero,"[0, 1, 2, 3, 4, 5, 6, 7, 8]",2009.696629,2010.925493,inf,0,5,2343.0,0.0053220512539897905,0.0053220512539897905,1.664145,inf,11,11
2009704827992_Node0_Node8_Zero,"[0, 1, 2, 3, 4, 5, 6, 7, 8]",2009.704828,2010.927573,inf,0,7,2343.0,0.0053220512539897905,0.0053220512539897905,1.664145,inf,11,11
2009713024598_Node0_Node8_Zero,"[0, 1, 2, 3, 4, 5, 6, 7, 8]",2009.713025,2010.931559,inf,0,5,2343.0,0.0053220512539897905,0.0053220512539897905,1.664145,inf,11,11
2009721219662_Node0_Node8_Zero,"[0, 1, 2, 3, 4, 5, 6, 7, 8]",2009.72122,2010.933539,inf,0,6,2343.0,0.0053220512539897905,0.0053220512539897905,1.664145,inf,11,11
2009729416990_Node0_Node8_Zero,"[0, 1, 2, 3, 4, 5, 6, 7, 8]",2009.729417,2010.937518,inf,0,4,2343.0,0.0053220512539897905,0.0053220512539897905,1.664145,inf,11,11
2009737614175_Node0_Node8_Zero,"[0, 1, 2, 3, 4, 5, 6, 7, 8]",2009.737614,2010.939418,inf,0,5,2343.0,0.0053220512539897905,0.0053220512539897905,1.664145,inf,11,11
2009745807578_Node0_Node8_Zero,"[0, 1, 2, 3, 4, 5, 6, 7, 8]",2009.745808,2010.941518,inf,0,6,2343.0,0.0053220512539897905,0.0053220512539897905,1.664145,inf,11,11
2009754005856_Node0_Node8_Zero,"[0, 1, 2, 3, 4, 5, 6, 7, 8]",2009.754006,2010.949891,inf,0,5,2343.0,0.0053220512539897905,0.0053220512539897905,1.664145,inf,11,11
2009762199970_Node0_Node8_Zero,"[0, 1, 2, 3, 4, 5, 6, 7, 8]",2009.7622,2010.95195,inf,0,6,2343.0,0.0053220512539897905,0.0053220512539897905,1.664145,inf,11,11
2009770399103_Node0_Node8_Zero,"[0, 1, 2, 3, 4, 5, 6, 7, 8]",2009.770399,2010.95391,inf,0,5,2343.0,0.0053220512539897905,0.0053220512539897905,1.664145,inf,11,11
2009778600131_Node0_Node8_Zero,"[0, 1, 2, 3, 4, 5, 6, 7, 8]",2009.7786,2010.958009,inf,0,6,2343.0,0.0053220512539897905,0.0053220512539897905,1.664145,inf,11,11
2009786801311_Node0_Node8_Zero,"[0, 1, 2, 3, 4, 5, 6, 7, 8]",2009.786801,2010.959909,inf,0,5,2343.0,0.0053220512539897905,0.0053220512539897905,1.664145,inf,11,11
2009795000731_Node0_Node8_Zero,"[0, 1, 2, 3, 4, 5, 6, 7, 8]",2009.795001,2010.961868,inf,0,5,2343.0,0.0053220512539897905,0.0053220512539897905,1.664145,inf,11,11
2009803195789_Node0_Node8_Zero,"[0, 1, 2, 3, 4, 5, 6, 7, 8]",2009.803196,2010.963828,inf,0,5,2343.0,0.0053220512539897905,0.0053220512539897905,1.664145,inf,11,11
2009811396962_Node0_Node8_Zero,"[0, 1, 2, 3, 4, 5, 6, 7, 8]",2009.811397,2010.965668,inf,0,5,2343.0,0.0053220512539897905,0.0053220512539897905,1.664145,inf,11,11
2009819590053_Node0_Node8_Zero,"[0, 1, 2, 3, 4, 5, 6, 7, 8]",2009.81959,2010.967587,inf,0,6,2343.0,0.0053220512539897905,0.0053220512539897905,1.664145,inf,11,11
2009827784846_Node0_Node8_Zero,"[0, 1, 2, 3, 4, 5, 6, 7, 8]",2009.827785,2010.97742,inf,0,4,2343.0,0.0053220512539897905,0.0053220512539897905,1.664145,inf,11,11
2009835980340_Node0_Node8_Zero,"[0, 1, 2, 3, 4, 5, 6, 7, 8]",2009.83598,2010.97942,inf,0,5,2343.0,0.0053220512539897905,0.0053220512539897905,1.664145,inf,11,11
2009844178054_Node0_Node8_Zero,"[0, 1, 2, 3, 4, 5, 6, 7, 8]",2009.844178,2010.981379,inf,0,5,2343.0,0.0053220512539897905,0.0053220512539897905,1.664145,inf,11,11
2009852370582_Node0_Node8_Zero,"[0, 1, 2, 3, 4, 5, 6, 7, 8]",2009.852371,2010.987506,inf,0,4,2343.0,0.0053220512539897905,0.0053220512539897905,1.664145,inf,11,11
2009860563175_Node0_Node8_Zero,"[0, 1, 2, 3, 4, 5, 6, 7, 8]",2009.860563,2010.989545,inf,0,5,2343.0,0.0053220512539897905,0.0053220512539897905,1.664145,inf,11,11
2009868758041_Node0_Node8_Zero,"[0, 1, 2, 3, 4, 5, 6, 7, 8]",2009.868758,2010.993765,inf,0,4,2343.0,0.0053220512539897905,0.0053220512539897905,1.664145,inf,11,11
2009876954164_Node0_Node8_Zero,"[0, 1, 2, 3, 4, 5, 6, 7, 8]",2009.876954,2010.995604,inf,0,5,2343.0,0.0053220512539897905,0.0053220512539897905,1.664145,inf,11,11
2009885155775_Node0_Node8_Zero,"[0, 1, 2, 3, 4, 5, 6, 7, 8]",2009.885156,2010.997464,inf,0,7,2343.0,0.0053220512539897905,0.0053220512539897905,1.664145,inf,11,11
2009893351241_Node0_Node8_Zero,"[0, 1, 2, 3, 4, 5, 6, 7, 8]",2009.893351,2011.001663,inf,0,4,2343.0,0.0053220512539897905,0.0053220512539897905,1.664145,inf,11,11
2009901550524_Node0_Node8_Zero,"[0, 1, 2, 3, 4, 5, 6, 7, 8]",2009.901551,2011.003523,inf,0,7,2343.0,0.0053220512539897905,0.0053220512539897905,1.664145,inf,11,11
2009909751496_Node0_Node8_Zero,"[0, 1, 2, 3, 4, 5, 6, 7, 8]",2009.909751,2011.005503,inf,0,6,2343.0,0.0053220512539897905,0.0053220512539897905,1.664145,inf,11,11
2009917950882_Node0_Node8_Zero,"[0, 1, 2, 3, 4, 5, 6, 7, 8]",2009.917951,2011.007542,inf,0,7,2343.0,0.0053220512539897905,0.0053220512539897905,1.664145,inf,11,11
2009926143633_Node0_Node8_Zero,"[0, 1, 2, 3, 4, 5, 6, 7, 8]",2009.926144,2011.009442,inf,0,4,2343.0,0.0053220512539897905,0.0053220512539897905,1.664145,inf,11,11
2009934342757_Node0_Node8_Zero,"[0, 1, 2, 3, 4, 5, 6, 7, 8]",2009.934343,2011.011482,inf,0,6,2343.0,0.0053220512539897905,0.0053220512539897905,1.664145,inf,11,11
2009942538828_Node0_Node8_Zero,"[0, 1, 2, 3, 4, 5, 6, 7, 8]",2009.942539,2011.013381,inf,0,4,2343.0,0.0053220512539897905,0.0053220512539897905,1.664145,inf,11,11
2009950732202_Node0_Node8_Zero,"[0, 1, 2, 3, 4, 5, 6, 7, 8]",2009.950732,2011.015301,inf,0,6,2343.0,0.0053220512539897905,0.0053220512539897905,1.664145,inf,11,11
2009958928933_Node0_Node8_Zero,"[0, 1, 2, 3, 4, 5, 6, 7, 8]",2009.958929,2011.023254,inf,0,6,2343.0,0.0053220512539897905,0.0053220512539897905,1.664145,inf,11,11
2009967122056_Node0_Node8_Zero,"[0, 1, 2, 3, 4, 5, 6, 7, 8]",2009.967122,2011.029127,inf,0,6,2343.0,0.0053220512539897905,0.0053220512539897905,1.664145,inf,11,11
2009975317272_Node0_Node8_Zero,"[0, 1, 2, 3, 4, 5, 6, 7, 8]",2009.975317,2011.035353,inf,0,6,2343.0,0.0053220512539897905,0.0053220512539897905,1.664145,inf,11,11
2009983514658_Node0_Node8_Zero,"[0, 1, 2, 3, 4, 5, 6, 7, 8]",2009.983515,2011.037433,inf,0,5,2343.0,0.0053220512539897905,0.0053220512539897905,1.664145,inf,11,11
2009991707717_Node0_Node8_Zero,"[0, 1, 2, 3, 4, 5, 6, 7, 8]",2009.991708,2011.039293,inf,0,5,2343.0,0.0053220512539897905,0.0053220512539897905,1.664145,inf,11,11
2009999900218_Node0_Node8_Zero,"[0, 1, 2, 3, 4, 5, 6, 7, 8]",2009.9999,2011.047671,inf,0,6,2343.0,0.0053220512539897905,0.0053220512539897905,1.664145,inf,11,11
2010008098177_Node0_Node8_Zero,"[0, 1, 2, 3, 4, 5, 6, 7, 8]",2010.008098,2011.049631,inf,0,5,2343.0,0.0053220512539897905,0.0053220512539897905,1.664145,inf,11,11
