Transmitting_Power = 0.007663753805745297, Maximum_Transmitting_Power = 0.10059677066255387
MAX_Transmission_Range = 1223.8180011750112, MAX_Transmission_Range_Squared = 1497730.4999999998
parameters.py INITIALIZED
mobility parameters INITIALIZED
Seed: 7447
Traffic flows: 1
Trajectory Run No./ Mobility Model : TCPIPE_BSCAP_
Seed value: 7447
Mobility Model: TCPIPE_BSCAP_
Number of Nodes: 8 UAVs + 1 BS; Node Speed: 40 m/s
Data Rate: [3] Mbps
Percentage Node Failure: 0
TC_PIPE_mobility_ON: True
Transmitting_Power = 0.007663753805745297, Maximum_Transmitting_Power = 0.10059677066255387
MAX_Transmission_Range = 1223.8180011750112, MAX_Transmission_Range_Squared = 1497730.4999999998
parameters.py INITIALIZED
mobility parameters INITIALIZED
node.py: Node0 created with coordinates 0 5000 with routing power 0.007664
node.py: Node1 created with coordinates 1000 5000 with routing power 0.007664
node.py: Node2 created with coordinates 2000 5000 with routing power 0.007664
node.py: Node3 created with coordinates 3000 5000 with routing power 0.007664
node.py: Node4 created with coordinates 4000 5000 with routing power 0.007664
node.py: Node5 created with coordinates 5000 5000 with routing power 0.007664
node.py: Node6 created with coordinates 6000 5000 with routing power 0.007664
node.py: Node7 created with coordinates 7000 5000 with routing power 0.007664
node.py: Node8 created with coordinates 8000 5000 with routing power 0.007664
node.py: Node9 created with coordinates 5000 0 with routing power 0.007664
node.py: Node10 created with coordinates 5000 1000 with routing power 0.007664
node.py: Node11 created with coordinates 5000 2000 with routing power 0.007664
node.py: Node12 created with coordinates 5000 3000 with routing power 0.007664
node.py: Node13 created with coordinates 5000 4000 with routing power 0.007664
node.py: Node14 created with coordinates 5000 6000 with routing power 0.007664
node.py: Node15 created with coordinates 5000 7000 with routing power 0.007664
node.py: Node16 created with coordinates 5000 8000 with routing power 0.007664
node.py: Node17 created with coordinates 0 0 with routing power 0.007664
SIM_TIME_MOBILITY =  2104
MAX TRANSMISSION RANGE for all nodes - mobility.py =  1223.8180011750112
DATA_RATE =  [3]  No._Nodes =  17  Map_Size =  8000 x 8000
MOBILITY PROCESS (^) and NETWORK UPDATE (rf.updateNetworkTopology(env,nodes) HAS BEEN STARTED 
Multiple Targets located at  [[2000 4000]]
main.py: Progress: 0 / 2104
main.py: Progress: 1 / 2104
main.py: Progress: 2 / 2104
main.py: Progress: 3 / 2104
main.py: Progress: 4 / 2104
main.py: Progress: 5 / 2104
main.py: Progress: 6 / 2104
main.py: Progress: 7 / 2104
main.py: Progress: 8 / 2104
main.py: Progress: 9 / 2104
main.py: Progress: 10 / 2104
main.py: Progress: 11 / 2104
main.py: Progress: 12 / 2104
main.py: Progress: 13 / 2104
main.py: Progress: 14 / 2104
main.py: Progress: 15 / 2104
main.py: Progress: 16 / 2104
main.py: Progress: 17 / 2104
main.py: Progress: 18 / 2104
main.py: Progress: 19 / 2104
main.py: Progress: 20 / 2104
main.py: Progress: 21 / 2104
main.py: Progress: 22 / 2104
main.py: Progress: 23 / 2104
main.py: Progress: 24 / 2104
main.py: Progress: 25 / 2104
main.py: Progress: 26 / 2104
main.py: Progress: 27 / 2104
main.py: Progress: 28 / 2104
main.py: Progress: 29 / 2104
main.py: Progress: 30 / 2104
main.py: Progress: 31 / 2104
main.py: Progress: 32 / 2104
main.py: Progress: 33 / 2104
main.py: Progress: 34 / 2104
main.py: Progress: 35 / 2104
main.py: Progress: 36 / 2104
main.py: Progress: 37 / 2104
main.py: Progress: 38 / 2104
main.py: Progress: 39 / 2104
main.py: Progress: 40 / 2104
main.py: Progress: 41 / 2104
main.py: Progress: 42 / 2104
main.py: Progress: 43 / 2104
main.py: Progress: 44 / 2104
main.py: Progress: 45 / 2104
main.py: Progress: 46 / 2104
main.py: Progress: 47 / 2104
main.py: Progress: 48 / 2104
main.py: Progress: 49 / 2104
main.py: Progress: 50 / 2104
main.py: Progress: 51 / 2104
main.py: Progress: 52 / 2104
main.py: Progress: 53 / 2104
main.py: Progress: 54 / 2104
main.py: Progress: 55 / 2104
main.py: Progress: 56 / 2104
main.py: Progress: 57 / 2104
main.py: Progress: 58 / 2104
main.py: Progress: 59 / 2104
main.py: Progress: 60 / 2104
main.py: Progress: 61 / 2104
main.py: Progress: 62 / 2104
main.py: Progress: 63 / 2104
main.py: Progress: 64 / 2104
main.py: Progress: 65 / 2104
main.py: Progress: 66 / 2104
main.py: Progress: 67 / 2104
main.py: Progress: 68 / 2104
main.py: Progress: 69 / 2104
main.py: Progress: 70 / 2104
main.py: Progress: 71 / 2104
main.py: Progress: 72 / 2104
main.py: Progress: 73 / 2104
main.py: Progress: 74 / 2104
main.py: Progress: 75 / 2104
main.py: Progress: 76 / 2104
main.py: Progress: 77 / 2104
main.py: Progress: 78 / 2104
main.py: Progress: 79 / 2104
main.py: Progress: 80 / 2104
main.py: Progress: 81 / 2104
main.py: Progress: 82 / 2104
main.py: Progress: 83 / 2104
main.py: Progress: 84 / 2104
main.py: Progress: 85 / 2104
main.py: Progress: 86 / 2104
main.py: Progress: 87 / 2104
main.py: Progress: 88 / 2104
main.py: Progress: 89 / 2104
main.py: Progress: 90 / 2104
main.py: Progress: 91 / 2104
main.py: Progress: 92 / 2104
main.py: Progress: 93 / 2104
main.py: Progress: 94 / 2104
main.py: Progress: 95 / 2104
main.py: Progress: 96 / 2104
main.py: Progress: 97 / 2104
main.py: Progress: 98 / 2104
main.py: Progress: 99 / 2104
main.py: Progress: 100 / 2104
main.py: Progress: 101 / 2104
main.py: Progress: 102 / 2104
main.py: Progress: 103 / 2104
main.py: Progress: 104 / 2104
main.py: Progress: 105 / 2104
main.py: Progress: 106 / 2104
main.py: Progress: 107 / 2104
main.py: Progress: 108 / 2104
main.py: Progress: 109 / 2104
main.py: Progress: 110 / 2104
main.py: Progress: 111 / 2104
main.py: Progress: 112 / 2104
main.py: Progress: 113 / 2104
main.py: Progress: 114 / 2104
main.py: Progress: 115 / 2104
main.py: Progress: 116 / 2104
main.py: Progress: 117 / 2104
main.py: Progress: 118 / 2104
main.py: Progress: 119 / 2104
main.py: Progress: 120 / 2104
main.py: Progress: 121 / 2104
main.py: Progress: 122 / 2104
main.py: Progress: 123 / 2104
main.py: Progress: 124 / 2104
main.py: Progress: 125 / 2104
main.py: Progress: 126 / 2104
main.py: Progress: 127 / 2104
main.py: Progress: 128 / 2104
main.py: Progress: 129 / 2104
main.py: Progress: 130 / 2104
main.py: Progress: 131 / 2104
main.py: Progress: 132 / 2104
main.py: Progress: 133 / 2104
main.py: Progress: 134 / 2104
main.py: Progress: 135 / 2104
main.py: Progress: 136 / 2104
main.py: Progress: 137 / 2104
main.py: Progress: 138 / 2104
main.py: Progress: 139 / 2104
main.py: Progress: 140 / 2104
main.py: Progress: 141 / 2104
main.py: Progress: 142 / 2104
main.py: Progress: 143 / 2104
main.py: Progress: 144 / 2104
main.py: Progress: 145 / 2104
main.py: Progress: 146 / 2104
main.py: Progress: 147 / 2104
main.py: Progress: 148 / 2104
main.py: Progress: 149 / 2104
main.py: Progress: 150 / 2104
main.py: Progress: 151 / 2104
main.py: Progress: 152 / 2104
main.py: Progress: 153 / 2104
main.py: Progress: 154 / 2104
main.py: Progress: 155 / 2104
main.py: Progress: 156 / 2104
main.py: Progress: 157 / 2104
main.py: Progress: 158 / 2104
main.py: Progress: 159 / 2104
main.py: Progress: 160 / 2104
main.py: Progress: 161 / 2104
main.py: Progress: 162 / 2104
main.py: Progress: 163 / 2104
main.py: Progress: 164 / 2104
main.py: Progress: 165 / 2104
main.py: Progress: 166 / 2104
main.py: Progress: 167 / 2104
main.py: Progress: 168 / 2104
main.py: Progress: 169 / 2104
main.py: Progress: 170 / 2104
main.py: Progress: 171 / 2104
main.py: Progress: 172 / 2104
main.py: Progress: 173 / 2104
main.py: Progress: 174 / 2104
main.py: Progress: 175 / 2104
main.py: Progress: 176 / 2104
main.py: Progress: 177 / 2104
main.py: Progress: 178 / 2104
main.py: Progress: 179 / 2104
main.py: Progress: 180 / 2104
main.py: Progress: 181 / 2104
main.py: Progress: 182 / 2104
main.py: Progress: 183 / 2104
main.py: Progress: 184 / 2104
main.py: Progress: 185 / 2104
main.py: Progress: 186 / 2104
main.py: Progress: 187 / 2104
main.py: Progress: 188 / 2104
main.py: Progress: 189 / 2104
main.py: Progress: 190 / 2104
main.py: Progress: 191 / 2104
main.py: Progress: 192 / 2104
main.py: Progress: 193 / 2104
main.py: Progress: 194 / 2104
main.py: Progress: 195 / 2104
main.py: Progress: 196 / 2104
main.py: Progress: 197 / 2104
main.py: Progress: 198 / 2104
main.py: Progress: 199 / 2104
main.py: Progress: 200 / 2104
main.py: Progress: 201 / 2104
main.py: Progress: 202 / 2104
main.py: Progress: 203 / 2104
main.py: Progress: 204 / 2104
main.py: Progress: 205 / 2104
main.py: Progress: 206 / 2104
main.py: Progress: 207 / 2104
main.py: Progress: 208 / 2104
main.py: Progress: 209 / 2104
main.py: Progress: 210 / 2104
main.py: Progress: 211 / 2104
main.py: Progress: 212 / 2104
main.py: Progress: 213 / 2104
main.py: Progress: 214 / 2104
main.py: Progress: 215 / 2104
main.py: Progress: 216 / 2104
main.py: Progress: 217 / 2104
main.py: Progress: 218 / 2104
main.py: Progress: 219 / 2104
main.py: Progress: 220 / 2104
main.py: Progress: 221 / 2104
main.py: Progress: 222 / 2104
main.py: Progress: 223 / 2104
main.py: Progress: 224 / 2104
main.py: Progress: 225 / 2104
main.py: Progress: 226 / 2104
main.py: Progress: 227 / 2104
main.py: Progress: 228 / 2104
main.py: Progress: 229 / 2104
main.py: Progress: 230 / 2104
main.py: Progress: 231 / 2104
main.py: Progress: 232 / 2104
main.py: Progress: 233 / 2104
main.py: Progress: 234 / 2104
main.py: Progress: 235 / 2104
main.py: Progress: 236 / 2104
main.py: Progress: 237 / 2104
main.py: Progress: 238 / 2104
main.py: Progress: 239 / 2104
main.py: Progress: 240 / 2104
main.py: Progress: 241 / 2104
main.py: Progress: 242 / 2104
main.py: Progress: 243 / 2104
main.py: Progress: 244 / 2104
main.py: Progress: 245 / 2104
main.py: Progress: 246 / 2104
main.py: Progress: 247 / 2104
main.py: Progress: 248 / 2104
main.py: Progress: 249 / 2104
main.py: Progress: 250 / 2104
main.py: Progress: 251 / 2104
main.py: Progress: 252 / 2104
main.py: Progress: 253 / 2104
main.py: Progress: 254 / 2104
main.py: Progress: 255 / 2104
main.py: Progress: 256 / 2104
main.py: Progress: 257 / 2104
main.py: Progress: 258 / 2104
main.py: Progress: 259 / 2104
main.py: Progress: 260 / 2104
main.py: Progress: 261 / 2104
main.py: Progress: 262 / 2104
main.py: Progress: 263 / 2104
main.py: Progress: 264 / 2104
main.py: Progress: 265 / 2104
main.py: Progress: 266 / 2104
main.py: Progress: 267 / 2104
main.py: Progress: 268 / 2104
main.py: Progress: 269 / 2104
main.py: Progress: 270 / 2104
main.py: Progress: 271 / 2104
main.py: Progress: 272 / 2104
main.py: Progress: 273 / 2104
main.py: Progress: 274 / 2104
main.py: Progress: 275 / 2104
main.py: Progress: 276 / 2104
main.py: Progress: 277 / 2104
main.py: Progress: 278 / 2104
main.py: Progress: 279 / 2104
main.py: Progress: 280 / 2104
main.py: Progress: 281 / 2104
main.py: Progress: 282 / 2104
main.py: Progress: 283 / 2104
main.py: Progress: 284 / 2104
main.py: Progress: 285 / 2104
main.py: Progress: 286 / 2104
main.py: Progress: 287 / 2104
main.py: Progress: 288 / 2104
main.py: Progress: 289 / 2104
main.py: Progress: 290 / 2104
main.py: Progress: 291 / 2104
main.py: Progress: 292 / 2104
main.py: Progress: 293 / 2104
main.py: Progress: 294 / 2104
main.py: Progress: 295 / 2104
main.py: Progress: 296 / 2104
main.py: Progress: 297 / 2104
main.py: Progress: 298 / 2104
main.py: Progress: 299 / 2104
main.py: Progress: 300 / 2104
main.py: Progress: 301 / 2104
main.py: Progress: 302 / 2104
main.py: Progress: 303 / 2104
main.py: Progress: 304 / 2104
main.py: Progress: 305 / 2104
main.py: Progress: 306 / 2104
main.py: Progress: 307 / 2104
main.py: Progress: 308 / 2104
main.py: Progress: 309 / 2104
main.py: Progress: 310 / 2104
main.py: Progress: 311 / 2104
main.py: Progress: 312 / 2104
main.py: Progress: 313 / 2104
main.py: Progress: 314 / 2104
main.py: Progress: 315 / 2104
main.py: Progress: 316 / 2104
main.py: Progress: 317 / 2104
main.py: Progress: 318 / 2104
main.py: Progress: 319 / 2104
main.py: Progress: 320 / 2104
main.py: Progress: 321 / 2104
main.py: Progress: 322 / 2104
main.py: Progress: 323 / 2104
main.py: Progress: 324 / 2104
main.py: Progress: 325 / 2104
main.py: Progress: 326 / 2104
main.py: Progress: 327 / 2104
main.py: Progress: 328 / 2104
main.py: Progress: 329 / 2104
main.py: Progress: 330 / 2104
main.py: Progress: 331 / 2104
main.py: Progress: 332 / 2104
main.py: Progress: 333 / 2104
main.py: Progress: 334 / 2104
main.py: Progress: 335 / 2104
main.py: Progress: 336 / 2104
main.py: Progress: 337 / 2104
main.py: Progress: 338 / 2104
main.py: Progress: 339 / 2104
main.py: Progress: 340 / 2104
main.py: Progress: 341 / 2104
main.py: Progress: 342 / 2104
main.py: Progress: 343 / 2104
main.py: Progress: 344 / 2104
main.py: Progress: 345 / 2104
main.py: Progress: 346 / 2104
main.py: Progress: 347 / 2104
main.py: Progress: 348 / 2104
main.py: Progress: 349 / 2104
main.py: Progress: 350 / 2104
main.py: Progress: 351 / 2104
main.py: Progress: 352 / 2104
main.py: Progress: 353 / 2104
main.py: Progress: 354 / 2104
main.py: Progress: 355 / 2104
main.py: Progress: 356 / 2104
main.py: Progress: 357 / 2104
main.py: Progress: 358 / 2104
main.py: Progress: 359 / 2104
main.py: Progress: 360 / 2104
main.py: Progress: 361 / 2104
main.py: Progress: 362 / 2104
main.py: Progress: 363 / 2104
main.py: Progress: 364 / 2104
main.py: Progress: 365 / 2104
main.py: Progress: 366 / 2104
main.py: Progress: 367 / 2104
main.py: Progress: 368 / 2104
main.py: Progress: 369 / 2104
main.py: Progress: 370 / 2104
main.py: Progress: 371 / 2104
main.py: Progress: 372 / 2104
main.py: Progress: 373 / 2104
main.py: Progress: 374 / 2104
main.py: Progress: 375 / 2104
main.py: Progress: 376 / 2104
main.py: Progress: 377 / 2104
main.py: Progress: 378 / 2104
main.py: Progress: 379 / 2104
main.py: Progress: 380 / 2104
main.py: Progress: 381 / 2104
main.py: Progress: 382 / 2104
main.py: Progress: 383 / 2104
main.py: Progress: 384 / 2104
main.py: Progress: 385 / 2104
main.py: Progress: 386 / 2104
main.py: Progress: 387 / 2104
main.py: Progress: 388 / 2104
main.py: Progress: 389 / 2104
main.py: Progress: 390 / 2104
main.py: Progress: 391 / 2104
main.py: Progress: 392 / 2104
main.py: Progress: 393 / 2104
main.py: Progress: 394 / 2104
main.py: Progress: 395 / 2104
main.py: Progress: 396 / 2104
main.py: Progress: 397 / 2104
main.py: Progress: 398 / 2104
main.py: Progress: 399 / 2104
main.py: Progress: 400 / 2104
main.py: Progress: 401 / 2104
main.py: Progress: 402 / 2104
main.py: Progress: 403 / 2104
main.py: Progress: 404 / 2104
main.py: Progress: 405 / 2104
main.py: Progress: 406 / 2104
main.py: Progress: 407 / 2104
main.py: Progress: 408 / 2104
main.py: Progress: 409 / 2104
main.py: Progress: 410 / 2104
main.py: Progress: 411 / 2104
main.py: Progress: 412 / 2104
main.py: Progress: 413 / 2104
main.py: Progress: 414 / 2104
main.py: Progress: 415 / 2104
main.py: Progress: 416 / 2104
main.py: Progress: 417 / 2104
main.py: Progress: 418 / 2104
main.py: Progress: 419 / 2104
main.py: Progress: 420 / 2104
main.py: Progress: 421 / 2104
main.py: Progress: 422 / 2104
main.py: Progress: 423 / 2104
main.py: Progress: 424 / 2104
main.py: Progress: 425 / 2104
main.py: Progress: 426 / 2104
main.py: Progress: 427 / 2104
main.py: Progress: 428 / 2104
main.py: Progress: 429 / 2104
main.py: Progress: 430 / 2104
main.py: Progress: 431 / 2104
main.py: Progress: 432 / 2104
main.py: Progress: 433 / 2104
main.py: Progress: 434 / 2104
main.py: Progress: 435 / 2104
main.py: Progress: 436 / 2104
main.py: Progress: 437 / 2104
main.py: Progress: 438 / 2104
main.py: Progress: 439 / 2104
main.py: Progress: 440 / 2104
main.py: Progress: 441 / 2104
main.py: Progress: 442 / 2104
main.py: Progress: 443 / 2104
main.py: Progress: 444 / 2104
main.py: Progress: 445 / 2104
main.py: Progress: 446 / 2104
main.py: Progress: 447 / 2104
main.py: Progress: 448 / 2104
main.py: Progress: 449 / 2104
main.py: Progress: 450 / 2104
main.py: Progress: 451 / 2104
main.py: Progress: 452 / 2104
main.py: Progress: 453 / 2104
main.py: Progress: 454 / 2104
main.py: Progress: 455 / 2104
main.py: Progress: 456 / 2104
main.py: Progress: 457 / 2104
main.py: Progress: 458 / 2104
main.py: Progress: 459 / 2104
main.py: Progress: 460 / 2104
main.py: Progress: 461 / 2104
main.py: Progress: 462 / 2104
main.py: Progress: 463 / 2104
main.py: Progress: 464 / 2104
main.py: Progress: 465 / 2104
main.py: Progress: 466 / 2104
main.py: Progress: 467 / 2104
main.py: Progress: 468 / 2104
main.py: Progress: 469 / 2104
main.py: Progress: 470 / 2104
main.py: Progress: 471 / 2104
main.py: Progress: 472 / 2104
main.py: Progress: 473 / 2104
main.py: Progress: 474 / 2104
main.py: Progress: 475 / 2104
main.py: Progress: 476 / 2104
main.py: Progress: 477 / 2104
main.py: Progress: 478 / 2104
main.py: Progress: 479 / 2104
main.py: Progress: 480 / 2104
main.py: Progress: 481 / 2104
main.py: Progress: 482 / 2104
main.py: Progress: 483 / 2104
main.py: Progress: 484 / 2104
main.py: Progress: 485 / 2104
main.py: Progress: 486 / 2104
main.py: Progress: 487 / 2104
main.py: Progress: 488 / 2104
main.py: Progress: 489 / 2104
main.py: Progress: 490 / 2104
main.py: Progress: 491 / 2104
main.py: Progress: 492 / 2104
main.py: Progress: 493 / 2104
main.py: Progress: 494 / 2104
main.py: Progress: 495 / 2104
main.py: Progress: 496 / 2104
main.py: Progress: 497 / 2104
main.py: Progress: 498 / 2104
main.py: Progress: 499 / 2104
main.py: Progress: 500 / 2104
main.py: Progress: 501 / 2104
main.py: Progress: 502 / 2104
main.py: Progress: 503 / 2104
main.py: Progress: 504 / 2104
main.py: Progress: 505 / 2104
main.py: Progress: 506 / 2104
main.py: Progress: 507 / 2104
main.py: Progress: 508 / 2104
main.py: Progress: 509 / 2104
main.py: Progress: 510 / 2104
main.py: Progress: 511 / 2104
main.py: Progress: 512 / 2104
main.py: Progress: 513 / 2104
main.py: Progress: 514 / 2104
main.py: Progress: 515 / 2104
main.py: Progress: 516 / 2104
main.py: Progress: 517 / 2104
main.py: Progress: 518 / 2104
main.py: Progress: 519 / 2104
main.py: Progress: 520 / 2104
main.py: Progress: 521 / 2104
main.py: Progress: 522 / 2104
main.py: Progress: 523 / 2104
main.py: Progress: 524 / 2104
main.py: Progress: 525 / 2104
main.py: Progress: 526 / 2104
main.py: Progress: 527 / 2104
main.py: Progress: 528 / 2104
main.py: Progress: 529 / 2104
main.py: Progress: 530 / 2104
main.py: Progress: 531 / 2104
main.py: Progress: 532 / 2104
main.py: Progress: 533 / 2104
main.py: Progress: 534 / 2104
main.py: Progress: 535 / 2104
main.py: Progress: 536 / 2104
main.py: Progress: 537 / 2104
main.py: Progress: 538 / 2104
main.py: Progress: 539 / 2104
main.py: Progress: 540 / 2104
main.py: Progress: 541 / 2104
main.py: Progress: 542 / 2104
main.py: Progress: 543 / 2104
main.py: Progress: 544 / 2104
main.py: Progress: 545 / 2104
main.py: Progress: 546 / 2104
main.py: Progress: 547 / 2104
main.py: Progress: 548 / 2104
main.py: Progress: 549 / 2104
main.py: Progress: 550 / 2104
main.py: Progress: 551 / 2104
main.py: Progress: 552 / 2104
main.py: Progress: 553 / 2104
main.py: Progress: 554 / 2104
main.py: Progress: 555 / 2104
main.py: Progress: 556 / 2104
main.py: Progress: 557 / 2104
main.py: Progress: 558 / 2104
main.py: Progress: 559 / 2104
main.py: Progress: 560 / 2104
main.py: Progress: 561 / 2104
main.py: Progress: 562 / 2104
main.py: Progress: 563 / 2104
main.py: Progress: 564 / 2104
main.py: Progress: 565 / 2104
main.py: Progress: 566 / 2104
main.py: Progress: 567 / 2104
main.py: Progress: 568 / 2104
main.py: Progress: 569 / 2104
main.py: Progress: 570 / 2104
main.py: Progress: 571 / 2104
main.py: Progress: 572 / 2104
main.py: Progress: 573 / 2104
main.py: Progress: 574 / 2104
main.py: Progress: 575 / 2104
main.py: Progress: 576 / 2104
main.py: Progress: 577 / 2104
main.py: Progress: 578 / 2104
main.py: Progress: 579 / 2104
main.py: Progress: 580 / 2104
main.py: Progress: 581 / 2104
main.py: Progress: 582 / 2104
main.py: Progress: 583 / 2104
main.py: Progress: 584 / 2104
main.py: Progress: 585 / 2104
main.py: Progress: 586 / 2104
main.py: Progress: 587 / 2104
main.py: Progress: 588 / 2104
main.py: Progress: 589 / 2104
main.py: Progress: 590 / 2104
main.py: Progress: 591 / 2104
main.py: Progress: 592 / 2104
main.py: Progress: 593 / 2104
main.py: Progress: 594 / 2104
main.py: Progress: 595 / 2104
main.py: Progress: 596 / 2104
main.py: Progress: 597 / 2104
main.py: Progress: 598 / 2104
main.py: Progress: 599 / 2104
main.py: Progress: 600 / 2104
main.py: Progress: 601 / 2104
main.py: Progress: 602 / 2104
main.py: Progress: 603 / 2104
main.py: Progress: 604 / 2104
main.py: Progress: 605 / 2104
main.py: Progress: 606 / 2104
main.py: Progress: 607 / 2104
main.py: Progress: 608 / 2104
main.py: Progress: 609 / 2104
main.py: Progress: 610 / 2104
main.py: Progress: 611 / 2104
main.py: Progress: 612 / 2104
main.py: Progress: 613 / 2104
main.py: Progress: 614 / 2104
main.py: Progress: 615 / 2104
main.py: Progress: 616 / 2104
main.py: Progress: 617 / 2104
main.py: Progress: 618 / 2104
main.py: Progress: 619 / 2104
main.py: Progress: 620 / 2104
main.py: Progress: 621 / 2104
main.py: Progress: 622 / 2104
main.py: Progress: 623 / 2104
main.py: Progress: 624 / 2104
main.py: Progress: 625 / 2104
main.py: Progress: 626 / 2104
main.py: Progress: 627 / 2104
main.py: Progress: 628 / 2104
main.py: Progress: 629 / 2104
main.py: Progress: 630 / 2104
main.py: Progress: 631 / 2104
main.py: Progress: 632 / 2104
main.py: Progress: 633 / 2104
main.py: Progress: 634 / 2104
main.py: Progress: 635 / 2104
main.py: Progress: 636 / 2104
main.py: Progress: 637 / 2104
main.py: Progress: 638 / 2104
main.py: Progress: 639 / 2104
main.py: Progress: 640 / 2104
main.py: Progress: 641 / 2104
main.py: Progress: 642 / 2104
main.py: Progress: 643 / 2104
main.py: Progress: 644 / 2104
main.py: Progress: 645 / 2104
main.py: Progress: 646 / 2104
main.py: Progress: 647 / 2104
main.py: Progress: 648 / 2104
main.py: Progress: 649 / 2104
main.py: Progress: 650 / 2104
main.py: Progress: 651 / 2104
main.py: Progress: 652 / 2104
main.py: Progress: 653 / 2104
main.py: Progress: 654 / 2104
main.py: Progress: 655 / 2104
main.py: Progress: 656 / 2104
main.py: Progress: 657 / 2104
main.py: Progress: 658 / 2104
main.py: Progress: 659 / 2104
main.py: Progress: 660 / 2104
main.py: Progress: 661 / 2104
main.py: Progress: 662 / 2104
main.py: Progress: 663 / 2104
main.py: Progress: 664 / 2104
main.py: Progress: 665 / 2104
main.py: Progress: 666 / 2104
main.py: Progress: 667 / 2104
main.py: Progress: 668 / 2104
main.py: Progress: 669 / 2104
main.py: Progress: 670 / 2104
main.py: Progress: 671 / 2104
main.py: Progress: 672 / 2104
main.py: Progress: 673 / 2104
main.py: Progress: 674 / 2104
main.py: Progress: 675 / 2104
main.py: Progress: 676 / 2104
main.py: Progress: 677 / 2104
main.py: Progress: 678 / 2104
main.py: Progress: 679 / 2104
main.py: Progress: 680 / 2104
main.py: Progress: 681 / 2104
main.py: Progress: 682 / 2104
main.py: Progress: 683 / 2104
main.py: Progress: 684 / 2104
main.py: Progress: 685 / 2104
main.py: Progress: 686 / 2104
main.py: Progress: 687 / 2104
main.py: Progress: 688 / 2104
main.py: Progress: 689 / 2104
main.py: Progress: 690 / 2104
main.py: Progress: 691 / 2104
main.py: Progress: 692 / 2104
main.py: Progress: 693 / 2104
main.py: Progress: 694 / 2104
main.py: Progress: 695 / 2104
main.py: Progress: 696 / 2104
main.py: Progress: 697 / 2104
main.py: Progress: 698 / 2104
main.py: Progress: 699 / 2104
main.py: Progress: 700 / 2104
main.py: Progress: 701 / 2104
main.py: Progress: 702 / 2104
main.py: Progress: 703 / 2104
main.py: Progress: 704 / 2104
main.py: Progress: 705 / 2104
main.py: Progress: 706 / 2104
main.py: Progress: 707 / 2104
main.py: Progress: 708 / 2104
main.py: Progress: 709 / 2104
main.py: Progress: 710 / 2104
main.py: Progress: 711 / 2104
main.py: Progress: 712 / 2104
main.py: Progress: 713 / 2104
main.py: Progress: 714 / 2104
main.py: Progress: 715 / 2104
main.py: Progress: 716 / 2104
main.py: Progress: 717 / 2104
main.py: Progress: 718 / 2104
main.py: Progress: 719 / 2104
main.py: Progress: 720 / 2104
main.py: Progress: 721 / 2104
main.py: Progress: 722 / 2104
main.py: Progress: 723 / 2104
main.py: Progress: 724 / 2104
main.py: Progress: 725 / 2104
main.py: Progress: 726 / 2104
main.py: Progress: 727 / 2104
main.py: Progress: 728 / 2104
main.py: Progress: 729 / 2104
main.py: Progress: 730 / 2104
main.py: Progress: 731 / 2104
main.py: Progress: 732 / 2104
main.py: Progress: 733 / 2104
main.py: Progress: 734 / 2104
main.py: Progress: 735 / 2104
main.py: Progress: 736 / 2104
main.py: Progress: 737 / 2104
main.py: Progress: 738 / 2104
main.py: Progress: 739 / 2104
main.py: Progress: 740 / 2104
main.py: Progress: 741 / 2104
main.py: Progress: 742 / 2104
main.py: Progress: 743 / 2104
main.py: Progress: 744 / 2104
main.py: Progress: 745 / 2104
main.py: Progress: 746 / 2104
main.py: Progress: 747 / 2104
main.py: Progress: 748 / 2104
main.py: Progress: 749 / 2104
main.py: Progress: 750 / 2104
main.py: Progress: 751 / 2104
main.py: Progress: 752 / 2104
main.py: Progress: 753 / 2104
main.py: Progress: 754 / 2104
main.py: Progress: 755 / 2104
main.py: Progress: 756 / 2104
main.py: Progress: 757 / 2104
main.py: Progress: 758 / 2104
main.py: Progress: 759 / 2104
main.py: Progress: 760 / 2104
main.py: Progress: 761 / 2104
main.py: Progress: 762 / 2104
main.py: Progress: 763 / 2104
main.py: Progress: 764 / 2104
main.py: Progress: 765 / 2104
main.py: Progress: 766 / 2104
main.py: Progress: 767 / 2104
main.py: Progress: 768 / 2104
main.py: Progress: 769 / 2104
main.py: Progress: 770 / 2104
main.py: Progress: 771 / 2104
main.py: Progress: 772 / 2104
main.py: Progress: 773 / 2104
main.py: Progress: 774 / 2104
main.py: Progress: 775 / 2104
main.py: Progress: 776 / 2104
main.py: Progress: 777 / 2104
main.py: Progress: 778 / 2104
main.py: Progress: 779 / 2104
main.py: Progress: 780 / 2104
main.py: Progress: 781 / 2104
main.py: Progress: 782 / 2104
main.py: Progress: 783 / 2104
main.py: Progress: 784 / 2104
main.py: Progress: 785 / 2104
main.py: Progress: 786 / 2104
main.py: Progress: 787 / 2104
main.py: Progress: 788 / 2104
main.py: Progress: 789 / 2104
main.py: Progress: 790 / 2104
main.py: Progress: 791 / 2104
main.py: Progress: 792 / 2104
main.py: Progress: 793 / 2104
main.py: Progress: 794 / 2104
main.py: Progress: 795 / 2104
main.py: Progress: 796 / 2104
main.py: Progress: 797 / 2104
main.py: Progress: 798 / 2104
main.py: Progress: 799 / 2104
main.py: Progress: 800 / 2104
main.py: Progress: 801 / 2104
main.py: Progress: 802 / 2104
main.py: Progress: 803 / 2104
main.py: Progress: 804 / 2104
main.py: Progress: 805 / 2104
main.py: Progress: 806 / 2104
main.py: Progress: 807 / 2104
main.py: Progress: 808 / 2104
main.py: Progress: 809 / 2104
main.py: Progress: 810 / 2104
main.py: Progress: 811 / 2104
main.py: Progress: 812 / 2104
main.py: Progress: 813 / 2104
main.py: Progress: 814 / 2104
main.py: Progress: 815 / 2104
main.py: Progress: 816 / 2104
main.py: Progress: 817 / 2104
main.py: Progress: 818 / 2104
main.py: Progress: 819 / 2104
main.py: Progress: 820 / 2104
main.py: Progress: 821 / 2104
main.py: Progress: 822 / 2104
main.py: Progress: 823 / 2104
main.py: Progress: 824 / 2104
main.py: Progress: 825 / 2104
main.py: Progress: 826 / 2104
main.py: Progress: 827 / 2104
main.py: Progress: 828 / 2104
main.py: Progress: 829 / 2104
main.py: Progress: 830 / 2104
main.py: Progress: 831 / 2104
main.py: Progress: 832 / 2104
main.py: Progress: 833 / 2104
main.py: Progress: 834 / 2104
main.py: Progress: 835 / 2104
main.py: Progress: 836 / 2104
main.py: Progress: 837 / 2104
main.py: Progress: 838 / 2104
main.py: Progress: 839 / 2104
main.py: Progress: 840 / 2104
main.py: Progress: 841 / 2104
main.py: Progress: 842 / 2104
main.py: Progress: 843 / 2104
main.py: Progress: 844 / 2104
main.py: Progress: 845 / 2104
main.py: Progress: 846 / 2104
main.py: Progress: 847 / 2104
main.py: Progress: 848 / 2104
main.py: Progress: 849 / 2104
main.py: Progress: 850 / 2104
main.py: Progress: 851 / 2104
main.py: Progress: 852 / 2104
main.py: Progress: 853 / 2104
main.py: Progress: 854 / 2104
main.py: Progress: 855 / 2104
main.py: Progress: 856 / 2104
main.py: Progress: 857 / 2104
main.py: Progress: 858 / 2104
main.py: Progress: 859 / 2104
main.py: Progress: 860 / 2104
main.py: Progress: 861 / 2104
main.py: Progress: 862 / 2104
main.py: Progress: 863 / 2104
main.py: Progress: 864 / 2104
main.py: Progress: 865 / 2104
main.py: Progress: 866 / 2104
main.py: Progress: 867 / 2104
main.py: Progress: 868 / 2104
main.py: Progress: 869 / 2104
main.py: Progress: 870 / 2104
main.py: Progress: 871 / 2104
main.py: Progress: 872 / 2104
main.py: Progress: 873 / 2104
main.py: Progress: 874 / 2104
main.py: Progress: 875 / 2104
main.py: Progress: 876 / 2104
main.py: Progress: 877 / 2104
main.py: Progress: 878 / 2104
main.py: Progress: 879 / 2104
main.py: Progress: 880 / 2104
main.py: Progress: 881 / 2104
main.py: Progress: 882 / 2104
main.py: Progress: 883 / 2104
main.py: Progress: 884 / 2104
main.py: Progress: 885 / 2104
main.py: Progress: 886 / 2104
main.py: Progress: 887 / 2104
main.py: Progress: 888 / 2104
main.py: Progress: 889 / 2104
main.py: Progress: 890 / 2104
main.py: Progress: 891 / 2104
main.py: Progress: 892 / 2104
main.py: Progress: 893 / 2104
main.py: Progress: 894 / 2104
main.py: Progress: 895 / 2104
main.py: Progress: 896 / 2104
main.py: Progress: 897 / 2104
main.py: Progress: 898 / 2104
main.py: Progress: 899 / 2104
main.py: Progress: 900 / 2104
main.py: Progress: 901 / 2104
main.py: Progress: 902 / 2104
main.py: Progress: 903 / 2104
main.py: Progress: 904 / 2104
main.py: Progress: 905 / 2104
main.py: Progress: 906 / 2104
main.py: Progress: 907 / 2104
main.py: Progress: 908 / 2104
main.py: Progress: 909 / 2104
main.py: Progress: 910 / 2104
main.py: Progress: 911 / 2104
main.py: Progress: 912 / 2104
main.py: Progress: 913 / 2104
main.py: Progress: 914 / 2104
main.py: Progress: 915 / 2104
main.py: Progress: 916 / 2104
main.py: Progress: 917 / 2104
main.py: Progress: 918 / 2104
main.py: Progress: 919 / 2104
main.py: Progress: 920 / 2104
main.py: Progress: 921 / 2104
main.py: Progress: 922 / 2104
main.py: Progress: 923 / 2104
main.py: Progress: 924 / 2104
main.py: Progress: 925 / 2104
main.py: Progress: 926 / 2104
main.py: Progress: 927 / 2104
main.py: Progress: 928 / 2104
main.py: Progress: 929 / 2104
main.py: Progress: 930 / 2104
main.py: Progress: 931 / 2104
main.py: Progress: 932 / 2104
main.py: Progress: 933 / 2104
main.py: Progress: 934 / 2104
main.py: Progress: 935 / 2104
main.py: Progress: 936 / 2104
main.py: Progress: 937 / 2104
main.py: Progress: 938 / 2104
main.py: Progress: 939 / 2104
main.py: Progress: 940 / 2104
main.py: Progress: 941 / 2104
main.py: Progress: 942 / 2104
main.py: Progress: 943 / 2104
main.py: Progress: 944 / 2104
main.py: Progress: 945 / 2104
main.py: Progress: 946 / 2104
main.py: Progress: 947 / 2104
main.py: Progress: 948 / 2104
main.py: Progress: 949 / 2104
main.py: Progress: 950 / 2104
main.py: Progress: 951 / 2104
main.py: Progress: 952 / 2104
main.py: Progress: 953 / 2104
main.py: Progress: 954 / 2104
main.py: Progress: 955 / 2104
main.py: Progress: 956 / 2104
main.py: Progress: 957 / 2104
main.py: Progress: 958 / 2104
main.py: Progress: 959 / 2104
main.py: Progress: 960 / 2104
main.py: Progress: 961 / 2104
main.py: Progress: 962 / 2104
main.py: Progress: 963 / 2104
main.py: Progress: 964 / 2104
main.py: Progress: 965 / 2104
main.py: Progress: 966 / 2104
main.py: Progress: 967 / 2104
main.py: Progress: 968 / 2104
main.py: Progress: 969 / 2104
main.py: Progress: 970 / 2104
main.py: Progress: 971 / 2104
main.py: Progress: 972 / 2104
main.py: Progress: 973 / 2104
main.py: Progress: 974 / 2104
main.py: Progress: 975 / 2104
main.py: Progress: 976 / 2104
main.py: Progress: 977 / 2104
main.py: Progress: 978 / 2104
main.py: Progress: 979 / 2104
main.py: Progress: 980 / 2104
main.py: Progress: 981 / 2104
main.py: Progress: 982 / 2104
main.py: Progress: 983 / 2104
main.py: Progress: 984 / 2104
main.py: Progress: 985 / 2104
main.py: Progress: 986 / 2104
main.py: Progress: 987 / 2104
main.py: Progress: 988 / 2104
main.py: Progress: 989 / 2104
main.py: Progress: 990 / 2104
main.py: Progress: 991 / 2104
main.py: Progress: 992 / 2104
main.py: Progress: 993 / 2104
main.py: Progress: 994 / 2104
main.py: Progress: 995 / 2104
main.py: Progress: 996 / 2104
main.py: Progress: 997 / 2104
main.py: Progress: 998 / 2104
main.py: Progress: 999 / 2104
main.py: Progress: 1000 / 2104
main.py: Progress: 1001 / 2104
main.py: Progress: 1002 / 2104
main.py: Progress: 1003 / 2104
main.py: Progress: 1004 / 2104
main.py: Progress: 1005 / 2104
main.py: Progress: 1006 / 2104
main.py: Progress: 1007 / 2104
main.py: Progress: 1008 / 2104
main.py: Progress: 1009 / 2104
main.py: Progress: 1010 / 2104
main.py: Progress: 1011 / 2104
main.py: Progress: 1012 / 2104
main.py: Progress: 1013 / 2104
main.py: Progress: 1014 / 2104
main.py: Progress: 1015 / 2104
main.py: Progress: 1016 / 2104
main.py: Progress: 1017 / 2104
main.py: Progress: 1018 / 2104
main.py: Progress: 1019 / 2104
main.py: Progress: 1020 / 2104
main.py: Progress: 1021 / 2104
main.py: Progress: 1022 / 2104
main.py: Progress: 1023 / 2104
main.py: Progress: 1024 / 2104
main.py: Progress: 1025 / 2104
main.py: Progress: 1026 / 2104
main.py: Progress: 1027 / 2104
main.py: Progress: 1028 / 2104
main.py: Progress: 1029 / 2104
main.py: Progress: 1030 / 2104
main.py: Progress: 1031 / 2104
main.py: Progress: 1032 / 2104
main.py: Progress: 1033 / 2104
main.py: Progress: 1034 / 2104
main.py: Progress: 1035 / 2104
main.py: Progress: 1036 / 2104
main.py: Progress: 1037 / 2104
main.py: Progress: 1038 / 2104
main.py: Progress: 1039 / 2104
main.py: Progress: 1040 / 2104
main.py: Progress: 1041 / 2104
main.py: Progress: 1042 / 2104
main.py: Progress: 1043 / 2104
main.py: Progress: 1044 / 2104
main.py: Progress: 1045 / 2104
main.py: Progress: 1046 / 2104
main.py: Progress: 1047 / 2104
main.py: Progress: 1048 / 2104
main.py: Progress: 1049 / 2104
main.py: Progress: 1050 / 2104
main.py: Progress: 1051 / 2104
main.py: Progress: 1052 / 2104
main.py: Progress: 1053 / 2104
main.py: Progress: 1054 / 2104
main.py: Progress: 1055 / 2104
main.py: Progress: 1056 / 2104
main.py: Progress: 1057 / 2104
main.py: Progress: 1058 / 2104
main.py: Progress: 1059 / 2104
main.py: Progress: 1060 / 2104
main.py: Progress: 1061 / 2104
main.py: Progress: 1062 / 2104
main.py: Progress: 1063 / 2104
main.py: Progress: 1064 / 2104
main.py: Progress: 1065 / 2104
main.py: Progress: 1066 / 2104
main.py: Progress: 1067 / 2104
main.py: Progress: 1068 / 2104
main.py: Progress: 1069 / 2104
main.py: Progress: 1070 / 2104
main.py: Progress: 1071 / 2104
main.py: Progress: 1072 / 2104
main.py: Progress: 1073 / 2104
main.py: Progress: 1074 / 2104
main.py: Progress: 1075 / 2104
main.py: Progress: 1076 / 2104
main.py: Progress: 1077 / 2104
main.py: Progress: 1078 / 2104
main.py: Progress: 1079 / 2104
main.py: Progress: 1080 / 2104
main.py: Progress: 1081 / 2104
main.py: Progress: 1082 / 2104
main.py: Progress: 1083 / 2104
main.py: Progress: 1084 / 2104
main.py: Progress: 1085 / 2104
main.py: Progress: 1086 / 2104
main.py: Progress: 1087 / 2104
main.py: Progress: 1088 / 2104
main.py: Progress: 1089 / 2104
main.py: Progress: 1090 / 2104
main.py: Progress: 1091 / 2104
main.py: Progress: 1092 / 2104
main.py: Progress: 1093 / 2104
main.py: Progress: 1094 / 2104
main.py: Progress: 1095 / 2104
main.py: Progress: 1096 / 2104
main.py: Progress: 1097 / 2104
main.py: Progress: 1098 / 2104
main.py: Progress: 1099 / 2104
main.py: Progress: 1100 / 2104
main.py: Progress: 1101 / 2104
main.py: Progress: 1102 / 2104
main.py: Progress: 1103 / 2104
main.py: Progress: 1104 / 2104
main.py: Progress: 1105 / 2104
main.py: Progress: 1106 / 2104
main.py: Progress: 1107 / 2104
main.py: Progress: 1108 / 2104
main.py: Progress: 1109 / 2104
main.py: Progress: 1110 / 2104
main.py: Progress: 1111 / 2104
main.py: Progress: 1112 / 2104
main.py: Progress: 1113 / 2104
main.py: Progress: 1114 / 2104
main.py: Progress: 1115 / 2104
main.py: Progress: 1116 / 2104
main.py: Progress: 1117 / 2104
main.py: Progress: 1118 / 2104
main.py: Progress: 1119 / 2104
main.py: Progress: 1120 / 2104
main.py: Progress: 1121 / 2104
main.py: Progress: 1122 / 2104
main.py: Progress: 1123 / 2104
main.py: Progress: 1124 / 2104
main.py: Progress: 1125 / 2104
main.py: Progress: 1126 / 2104
main.py: Progress: 1127 / 2104
main.py: Progress: 1128 / 2104
main.py: Progress: 1129 / 2104
main.py: Progress: 1130 / 2104
main.py: Progress: 1131 / 2104
main.py: Progress: 1132 / 2104
main.py: Progress: 1133 / 2104
main.py: Progress: 1134 / 2104
main.py: Progress: 1135 / 2104
main.py: Progress: 1136 / 2104
main.py: Progress: 1137 / 2104
main.py: Progress: 1138 / 2104
main.py: Progress: 1139 / 2104
main.py: Progress: 1140 / 2104
main.py: Progress: 1141 / 2104
main.py: Progress: 1142 / 2104
main.py: Progress: 1143 / 2104
main.py: Progress: 1144 / 2104
main.py: Progress: 1145 / 2104
main.py: Progress: 1146 / 2104
main.py: Progress: 1147 / 2104
main.py: Progress: 1148 / 2104
main.py: Progress: 1149 / 2104
main.py: Progress: 1150 / 2104
main.py: Progress: 1151 / 2104
main.py: Progress: 1152 / 2104
main.py: Progress: 1153 / 2104
main.py: Progress: 1154 / 2104
main.py: Progress: 1155 / 2104
main.py: Progress: 1156 / 2104
main.py: Progress: 1157 / 2104
main.py: Progress: 1158 / 2104
main.py: Progress: 1159 / 2104
main.py: Progress: 1160 / 2104
main.py: Progress: 1161 / 2104
main.py: Progress: 1162 / 2104
main.py: Progress: 1163 / 2104
main.py: Progress: 1164 / 2104
main.py: Progress: 1165 / 2104
main.py: Progress: 1166 / 2104
main.py: Progress: 1167 / 2104
main.py: Progress: 1168 / 2104
main.py: Progress: 1169 / 2104
main.py: Progress: 1170 / 2104
main.py: Progress: 1171 / 2104
main.py: Progress: 1172 / 2104
main.py: Progress: 1173 / 2104
main.py: Progress: 1174 / 2104
main.py: Progress: 1175 / 2104
main.py: Progress: 1176 / 2104
main.py: Progress: 1177 / 2104
main.py: Progress: 1178 / 2104
main.py: Progress: 1179 / 2104
main.py: Progress: 1180 / 2104
main.py: Progress: 1181 / 2104
main.py: Progress: 1182 / 2104
main.py: Progress: 1183 / 2104
main.py: Progress: 1184 / 2104
main.py: Progress: 1185 / 2104
main.py: Progress: 1186 / 2104
main.py: Progress: 1187 / 2104
main.py: Progress: 1188 / 2104
main.py: Progress: 1189 / 2104
main.py: Progress: 1190 / 2104
main.py: Progress: 1191 / 2104
main.py: Progress: 1192 / 2104
main.py: Progress: 1193 / 2104
main.py: Progress: 1194 / 2104
main.py: Progress: 1195 / 2104
main.py: Progress: 1196 / 2104
main.py: Progress: 1197 / 2104
main.py: Progress: 1198 / 2104
main.py: Progress: 1199 / 2104
main.py: Progress: 1200 / 2104
main.py: Progress: 1201 / 2104
main.py: Progress: 1202 / 2104
main.py: Progress: 1203 / 2104
main.py: Progress: 1204 / 2104
main.py: Progress: 1205 / 2104
main.py: Progress: 1206 / 2104
main.py: Progress: 1207 / 2104
main.py: Progress: 1208 / 2104
main.py: Progress: 1209 / 2104
main.py: Progress: 1210 / 2104
main.py: Progress: 1211 / 2104
main.py: Progress: 1212 / 2104
main.py: Progress: 1213 / 2104
main.py: Progress: 1214 / 2104
main.py: Progress: 1215 / 2104
main.py: Progress: 1216 / 2104
main.py: Progress: 1217 / 2104
main.py: Progress: 1218 / 2104
main.py: Progress: 1219 / 2104
main.py: Progress: 1220 / 2104
main.py: Progress: 1221 / 2104
main.py: Progress: 1222 / 2104
main.py: Progress: 1223 / 2104
main.py: Progress: 1224 / 2104
main.py: Progress: 1225 / 2104
main.py: Progress: 1226 / 2104
main.py: Progress: 1227 / 2104
main.py: Progress: 1228 / 2104
main.py: Progress: 1229 / 2104
main.py: Progress: 1230 / 2104
main.py: Progress: 1231 / 2104
main.py: Progress: 1232 / 2104
main.py: Progress: 1233 / 2104
main.py: Progress: 1234 / 2104
main.py: Progress: 1235 / 2104
main.py: Progress: 1236 / 2104
main.py: Progress: 1237 / 2104
main.py: Progress: 1238 / 2104
main.py: Progress: 1239 / 2104
main.py: Progress: 1240 / 2104
main.py: Progress: 1241 / 2104
main.py: Progress: 1242 / 2104
main.py: Progress: 1243 / 2104
main.py: Progress: 1244 / 2104
main.py: Progress: 1245 / 2104
main.py: Progress: 1246 / 2104
main.py: Progress: 1247 / 2104
main.py: Progress: 1248 / 2104
main.py: Progress: 1249 / 2104
main.py: Progress: 1250 / 2104
main.py: Progress: 1251 / 2104
main.py: Progress: 1252 / 2104
main.py: Progress: 1253 / 2104
main.py: Progress: 1254 / 2104
main.py: Progress: 1255 / 2104
main.py: Progress: 1256 / 2104
main.py: Progress: 1257 / 2104
main.py: Progress: 1258 / 2104
main.py: Progress: 1259 / 2104
main.py: Progress: 1260 / 2104
main.py: Progress: 1261 / 2104
main.py: Progress: 1262 / 2104
main.py: Progress: 1263 / 2104
main.py: Progress: 1264 / 2104
main.py: Progress: 1265 / 2104
main.py: Progress: 1266 / 2104
main.py: Progress: 1267 / 2104
main.py: Progress: 1268 / 2104
main.py: Progress: 1269 / 2104
main.py: Progress: 1270 / 2104
main.py: Progress: 1271 / 2104
main.py: Progress: 1272 / 2104
main.py: Progress: 1273 / 2104
main.py: Progress: 1274 / 2104
main.py: Progress: 1275 / 2104
main.py: Progress: 1276 / 2104
main.py: Progress: 1277 / 2104
main.py: Progress: 1278 / 2104
main.py: Progress: 1279 / 2104
main.py: Progress: 1280 / 2104
main.py: Progress: 1281 / 2104
main.py: Progress: 1282 / 2104
main.py: Progress: 1283 / 2104
main.py: Progress: 1284 / 2104
main.py: Progress: 1285 / 2104
main.py: Progress: 1286 / 2104
main.py: Progress: 1287 / 2104
main.py: Progress: 1288 / 2104
main.py: Progress: 1289 / 2104
main.py: Progress: 1290 / 2104
main.py: Progress: 1291 / 2104
main.py: Progress: 1292 / 2104
main.py: Progress: 1293 / 2104
main.py: Progress: 1294 / 2104
main.py: Progress: 1295 / 2104
main.py: Progress: 1296 / 2104
main.py: Progress: 1297 / 2104
main.py: Progress: 1298 / 2104
main.py: Progress: 1299 / 2104
main.py: Progress: 1300 / 2104
main.py: Progress: 1301 / 2104
main.py: Progress: 1302 / 2104
main.py: Progress: 1303 / 2104
main.py: Progress: 1304 / 2104
main.py: Progress: 1305 / 2104
main.py: Progress: 1306 / 2104
main.py: Progress: 1307 / 2104
main.py: Progress: 1308 / 2104
main.py: Progress: 1309 / 2104
main.py: Progress: 1310 / 2104
main.py: Progress: 1311 / 2104
main.py: Progress: 1312 / 2104
main.py: Progress: 1313 / 2104
main.py: Progress: 1314 / 2104
main.py: Progress: 1315 / 2104
main.py: Progress: 1316 / 2104
main.py: Progress: 1317 / 2104
main.py: Progress: 1318 / 2104
main.py: Progress: 1319 / 2104
main.py: Progress: 1320 / 2104
main.py: Progress: 1321 / 2104
main.py: Progress: 1322 / 2104
main.py: Progress: 1323 / 2104
main.py: Progress: 1324 / 2104
main.py: Progress: 1325 / 2104
main.py: Progress: 1326 / 2104
main.py: Progress: 1327 / 2104
main.py: Progress: 1328 / 2104
main.py: Progress: 1329 / 2104
main.py: Progress: 1330 / 2104
main.py: Progress: 1331 / 2104
main.py: Progress: 1332 / 2104
main.py: Progress: 1333 / 2104
main.py: Progress: 1334 / 2104
main.py: Progress: 1335 / 2104
main.py: Progress: 1336 / 2104
main.py: Progress: 1337 / 2104
main.py: Progress: 1338 / 2104
main.py: Progress: 1339 / 2104
main.py: Progress: 1340 / 2104
main.py: Progress: 1341 / 2104
main.py: Progress: 1342 / 2104
main.py: Progress: 1343 / 2104
main.py: Progress: 1344 / 2104
main.py: Progress: 1345 / 2104
main.py: Progress: 1346 / 2104
main.py: Progress: 1347 / 2104
main.py: Progress: 1348 / 2104
main.py: Progress: 1349 / 2104
main.py: Progress: 1350 / 2104
main.py: Progress: 1351 / 2104
main.py: Progress: 1352 / 2104
main.py: Progress: 1353 / 2104
main.py: Progress: 1354 / 2104
main.py: Progress: 1355 / 2104
main.py: Progress: 1356 / 2104
main.py: Progress: 1357 / 2104
main.py: Progress: 1358 / 2104
main.py: Progress: 1359 / 2104
main.py: Progress: 1360 / 2104
main.py: Progress: 1361 / 2104
main.py: Progress: 1362 / 2104
main.py: Progress: 1363 / 2104
main.py: Progress: 1364 / 2104
main.py: Progress: 1365 / 2104
main.py: Progress: 1366 / 2104
main.py: Progress: 1367 / 2104
main.py: Progress: 1368 / 2104
main.py: Progress: 1369 / 2104
main.py: Progress: 1370 / 2104
main.py: Progress: 1371 / 2104
main.py: Progress: 1372 / 2104
main.py: Progress: 1373 / 2104
main.py: Progress: 1374 / 2104
main.py: Progress: 1375 / 2104
main.py: Progress: 1376 / 2104
main.py: Progress: 1377 / 2104
main.py: Progress: 1378 / 2104
main.py: Progress: 1379 / 2104
main.py: Progress: 1380 / 2104
main.py: Progress: 1381 / 2104
main.py: Progress: 1382 / 2104
main.py: Progress: 1383 / 2104
main.py: Progress: 1384 / 2104
main.py: Progress: 1385 / 2104
main.py: Progress: 1386 / 2104
main.py: Progress: 1387 / 2104
main.py: Progress: 1388 / 2104
main.py: Progress: 1389 / 2104
main.py: Progress: 1390 / 2104
main.py: Progress: 1391 / 2104
main.py: Progress: 1392 / 2104
main.py: Progress: 1393 / 2104
main.py: Progress: 1394 / 2104
main.py: Progress: 1395 / 2104
main.py: Progress: 1396 / 2104
main.py: Progress: 1397 / 2104
main.py: Progress: 1398 / 2104
main.py: Progress: 1399 / 2104
main.py: Progress: 1400 / 2104
main.py: Progress: 1401 / 2104
main.py: Progress: 1402 / 2104
main.py: Progress: 1403 / 2104
main.py: Progress: 1404 / 2104
main.py: Progress: 1405 / 2104
main.py: Progress: 1406 / 2104
main.py: Progress: 1407 / 2104
main.py: Progress: 1408 / 2104
main.py: Progress: 1409 / 2104
main.py: Progress: 1410 / 2104
main.py: Progress: 1411 / 2104
main.py: Progress: 1412 / 2104
main.py: Progress: 1413 / 2104
main.py: Progress: 1414 / 2104
main.py: Progress: 1415 / 2104
main.py: Progress: 1416 / 2104
main.py: Progress: 1417 / 2104
main.py: Progress: 1418 / 2104
main.py: Progress: 1419 / 2104
main.py: Progress: 1420 / 2104
main.py: Progress: 1421 / 2104
main.py: Progress: 1422 / 2104
main.py: Progress: 1423 / 2104
main.py: Progress: 1424 / 2104
main.py: Progress: 1425 / 2104
main.py: Progress: 1426 / 2104
main.py: Progress: 1427 / 2104
main.py: Progress: 1428 / 2104
main.py: Progress: 1429 / 2104
main.py: Progress: 1430 / 2104
main.py: Progress: 1431 / 2104
main.py: Progress: 1432 / 2104
main.py: Progress: 1433 / 2104
main.py: Progress: 1434 / 2104
main.py: Progress: 1435 / 2104
main.py: Progress: 1436 / 2104
main.py: Progress: 1437 / 2104
main.py: Progress: 1438 / 2104
main.py: Progress: 1439 / 2104
main.py: Progress: 1440 / 2104
main.py: Progress: 1441 / 2104
main.py: Progress: 1442 / 2104
main.py: Progress: 1443 / 2104
main.py: Progress: 1444 / 2104
main.py: Progress: 1445 / 2104
main.py: Progress: 1446 / 2104
main.py: Progress: 1447 / 2104
main.py: Progress: 1448 / 2104
main.py: Progress: 1449 / 2104
main.py: Progress: 1450 / 2104
main.py: Progress: 1451 / 2104
main.py: Progress: 1452 / 2104
main.py: Progress: 1453 / 2104
main.py: Progress: 1454 / 2104
main.py: Progress: 1455 / 2104
main.py: Progress: 1456 / 2104
main.py: Progress: 1457 / 2104
main.py: Progress: 1458 / 2104
main.py: Progress: 1459 / 2104
main.py: Progress: 1460 / 2104
main.py: Progress: 1461 / 2104
main.py: Progress: 1462 / 2104
main.py: Progress: 1463 / 2104
main.py: Progress: 1464 / 2104
main.py: Progress: 1465 / 2104
main.py: Progress: 1466 / 2104
main.py: Progress: 1467 / 2104
main.py: Progress: 1468 / 2104
main.py: Progress: 1469 / 2104
main.py: Progress: 1470 / 2104
main.py: Progress: 1471 / 2104
main.py: Progress: 1472 / 2104
main.py: Progress: 1473 / 2104
main.py: Progress: 1474 / 2104
main.py: Progress: 1475 / 2104
main.py: Progress: 1476 / 2104
main.py: Progress: 1477 / 2104
main.py: Progress: 1478 / 2104
main.py: Progress: 1479 / 2104
main.py: Progress: 1480 / 2104
main.py: Progress: 1481 / 2104
main.py: Progress: 1482 / 2104
main.py: Progress: 1483 / 2104
main.py: Progress: 1484 / 2104
main.py: Progress: 1485 / 2104
main.py: Progress: 1486 / 2104
main.py: Progress: 1487 / 2104
main.py: Progress: 1488 / 2104
main.py: Progress: 1489 / 2104
main.py: Progress: 1490 / 2104
main.py: Progress: 1491 / 2104
main.py: Progress: 1492 / 2104
main.py: Progress: 1493 / 2104
main.py: Progress: 1494 / 2104
main.py: Progress: 1495 / 2104
main.py: Progress: 1496 / 2104
main.py: Progress: 1497 / 2104
main.py: Progress: 1498 / 2104
main.py: Progress: 1499 / 2104
main.py: Progress: 1500 / 2104
main.py: Progress: 1501 / 2104
main.py: Progress: 1502 / 2104
main.py: Progress: 1503 / 2104
main.py: Progress: 1504 / 2104
main.py: Progress: 1505 / 2104
main.py: Progress: 1506 / 2104
main.py: Progress: 1507 / 2104
main.py: Progress: 1508 / 2104
main.py: Progress: 1509 / 2104
main.py: Progress: 1510 / 2104
main.py: Progress: 1511 / 2104
main.py: Progress: 1512 / 2104
main.py: Progress: 1513 / 2104
main.py: Progress: 1514 / 2104
main.py: Progress: 1515 / 2104
main.py: Progress: 1516 / 2104
main.py: Progress: 1517 / 2104
main.py: Progress: 1518 / 2104
main.py: Progress: 1519 / 2104
main.py: Progress: 1520 / 2104
main.py: Progress: 1521 / 2104
main.py: Progress: 1522 / 2104
main.py: Progress: 1523 / 2104
main.py: Progress: 1524 / 2104
main.py: Progress: 1525 / 2104
main.py: Progress: 1526 / 2104
main.py: Progress: 1527 / 2104
main.py: Progress: 1528 / 2104
main.py: Progress: 1529 / 2104
main.py: Progress: 1530 / 2104
main.py: Progress: 1531 / 2104
main.py: Progress: 1532 / 2104
main.py: Progress: 1533 / 2104
main.py: Progress: 1534 / 2104
main.py: Progress: 1535 / 2104
main.py: Progress: 1536 / 2104
main.py: Progress: 1537 / 2104
main.py: Progress: 1538 / 2104
main.py: Progress: 1539 / 2104
main.py: Progress: 1540 / 2104
main.py: Progress: 1541 / 2104
main.py: Progress: 1542 / 2104
main.py: Progress: 1543 / 2104
main.py: Progress: 1544 / 2104
main.py: Progress: 1545 / 2104
main.py: Progress: 1546 / 2104
main.py: Progress: 1547 / 2104
main.py: Progress: 1548 / 2104
main.py: Progress: 1549 / 2104
main.py: Progress: 1550 / 2104
main.py: Progress: 1551 / 2104
main.py: Progress: 1552 / 2104
main.py: Progress: 1553 / 2104
main.py: Progress: 1554 / 2104
main.py: Progress: 1555 / 2104
main.py: Progress: 1556 / 2104
main.py: Progress: 1557 / 2104
main.py: Progress: 1558 / 2104
main.py: Progress: 1559 / 2104
main.py: Progress: 1560 / 2104
main.py: Progress: 1561 / 2104
main.py: Progress: 1562 / 2104
main.py: Progress: 1563 / 2104
main.py: Progress: 1564 / 2104
main.py: Progress: 1565 / 2104
main.py: Progress: 1566 / 2104
main.py: Progress: 1567 / 2104
main.py: Progress: 1568 / 2104
main.py: Progress: 1569 / 2104
main.py: Progress: 1570 / 2104
main.py: Progress: 1571 / 2104
main.py: Progress: 1572 / 2104
main.py: Progress: 1573 / 2104
main.py: Progress: 1574 / 2104
main.py: Progress: 1575 / 2104
main.py: Progress: 1576 / 2104
main.py: Progress: 1577 / 2104
main.py: Progress: 1578 / 2104
main.py: Progress: 1579 / 2104
main.py: Progress: 1580 / 2104
main.py: Progress: 1581 / 2104
main.py: Progress: 1582 / 2104
main.py: Progress: 1583 / 2104
main.py: Progress: 1584 / 2104
main.py: Progress: 1585 / 2104
main.py: Progress: 1586 / 2104
main.py: Progress: 1587 / 2104
main.py: Progress: 1588 / 2104
main.py: Progress: 1589 / 2104
main.py: Progress: 1590 / 2104
main.py: Progress: 1591 / 2104
main.py: Progress: 1592 / 2104
main.py: Progress: 1593 / 2104
main.py: Progress: 1594 / 2104
main.py: Progress: 1595 / 2104
main.py: Progress: 1596 / 2104
main.py: Progress: 1597 / 2104
main.py: Progress: 1598 / 2104
main.py: Progress: 1599 / 2104
main.py: Progress: 1600 / 2104
main.py: Progress: 1601 / 2104
main.py: Progress: 1602 / 2104
main.py: Progress: 1603 / 2104
main.py: Progress: 1604 / 2104
main.py: Progress: 1605 / 2104
main.py: Progress: 1606 / 2104
main.py: Progress: 1607 / 2104
main.py: Progress: 1608 / 2104
main.py: Progress: 1609 / 2104
main.py: Progress: 1610 / 2104
main.py: Progress: 1611 / 2104
main.py: Progress: 1612 / 2104
main.py: Progress: 1613 / 2104
main.py: Progress: 1614 / 2104
main.py: Progress: 1615 / 2104
main.py: Progress: 1616 / 2104
main.py: Progress: 1617 / 2104
main.py: Progress: 1618 / 2104
main.py: Progress: 1619 / 2104
main.py: Progress: 1620 / 2104
main.py: Progress: 1621 / 2104
main.py: Progress: 1622 / 2104
main.py: Progress: 1623 / 2104
main.py: Progress: 1624 / 2104
main.py: Progress: 1625 / 2104
main.py: Progress: 1626 / 2104
main.py: Progress: 1627 / 2104
main.py: Progress: 1628 / 2104
main.py: Progress: 1629 / 2104
main.py: Progress: 1630 / 2104
main.py: Progress: 1631 / 2104
main.py: Progress: 1632 / 2104
main.py: Progress: 1633 / 2104
main.py: Progress: 1634 / 2104
main.py: Progress: 1635 / 2104
main.py: Progress: 1636 / 2104
main.py: Progress: 1637 / 2104
main.py: Progress: 1638 / 2104
main.py: Progress: 1639 / 2104
main.py: Progress: 1640 / 2104
main.py: Progress: 1641 / 2104
main.py: Progress: 1642 / 2104
main.py: Progress: 1643 / 2104
main.py: Progress: 1644 / 2104
main.py: Progress: 1645 / 2104
main.py: Progress: 1646 / 2104
main.py: Progress: 1647 / 2104
main.py: Progress: 1648 / 2104
main.py: Progress: 1649 / 2104
main.py: Progress: 1650 / 2104
main.py: Progress: 1651 / 2104
main.py: Progress: 1652 / 2104
main.py: Progress: 1653 / 2104
main.py: Progress: 1654 / 2104
main.py: Progress: 1655 / 2104
main.py: Progress: 1656 / 2104
main.py: Progress: 1657 / 2104
main.py: Progress: 1658 / 2104
main.py: Progress: 1659 / 2104
main.py: Progress: 1660 / 2104
main.py: Progress: 1661 / 2104
main.py: Progress: 1662 / 2104
main.py: Progress: 1663 / 2104
main.py: Progress: 1664 / 2104
main.py: Progress: 1665 / 2104
main.py: Progress: 1666 / 2104
main.py: Progress: 1667 / 2104
main.py: Progress: 1668 / 2104
main.py: Progress: 1669 / 2104
main.py: Progress: 1670 / 2104
main.py: Progress: 1671 / 2104
main.py: Progress: 1672 / 2104
main.py: Progress: 1673 / 2104
main.py: Progress: 1674 / 2104
main.py: Progress: 1675 / 2104
main.py: Progress: 1676 / 2104
main.py: Progress: 1677 / 2104
main.py: Progress: 1678 / 2104
main.py: Progress: 1679 / 2104
main.py: Progress: 1680 / 2104
main.py: Progress: 1681 / 2104
main.py: Progress: 1682 / 2104
main.py: Progress: 1683 / 2104
main.py: Progress: 1684 / 2104
main.py: Progress: 1685 / 2104
main.py: Progress: 1686 / 2104
main.py: Progress: 1687 / 2104
main.py: Progress: 1688 / 2104
main.py: Progress: 1689 / 2104
main.py: Progress: 1690 / 2104
main.py: Progress: 1691 / 2104
main.py: Progress: 1692 / 2104
main.py: Progress: 1693 / 2104
main.py: Progress: 1694 / 2104
main.py: Progress: 1695 / 2104
main.py: Progress: 1696 / 2104
main.py: Progress: 1697 / 2104
main.py: Progress: 1698 / 2104
main.py: Progress: 1699 / 2104
main.py: Progress: 1700 / 2104
main.py: Progress: 1701 / 2104
main.py: Progress: 1702 / 2104
main.py: Progress: 1703 / 2104
main.py: Progress: 1704 / 2104
main.py: Progress: 1705 / 2104
main.py: Progress: 1706 / 2104
main.py: Progress: 1707 / 2104
main.py: Progress: 1708 / 2104
main.py: Progress: 1709 / 2104
main.py: Progress: 1710 / 2104
main.py: Progress: 1711 / 2104
main.py: Progress: 1712 / 2104
main.py: Progress: 1713 / 2104
main.py: Progress: 1714 / 2104
main.py: Progress: 1715 / 2104
main.py: Progress: 1716 / 2104
main.py: Progress: 1717 / 2104
main.py: Progress: 1718 / 2104
main.py: Progress: 1719 / 2104
main.py: Progress: 1720 / 2104
main.py: Progress: 1721 / 2104
main.py: Progress: 1722 / 2104
main.py: Progress: 1723 / 2104
main.py: Progress: 1724 / 2104
main.py: Progress: 1725 / 2104
main.py: Progress: 1726 / 2104
main.py: Progress: 1727 / 2104
main.py: Progress: 1728 / 2104
main.py: Progress: 1729 / 2104
main.py: Progress: 1730 / 2104
main.py: Progress: 1731 / 2104
main.py: Progress: 1732 / 2104
main.py: Progress: 1733 / 2104
main.py: Progress: 1734 / 2104
main.py: Progress: 1735 / 2104
main.py: Progress: 1736 / 2104
main.py: Progress: 1737 / 2104
main.py: Progress: 1738 / 2104
main.py: Progress: 1739 / 2104
main.py: Progress: 1740 / 2104
main.py: Progress: 1741 / 2104
main.py: Progress: 1742 / 2104
main.py: Progress: 1743 / 2104
main.py: Progress: 1744 / 2104
main.py: Progress: 1745 / 2104
main.py: Progress: 1746 / 2104
main.py: Progress: 1747 / 2104
main.py: Progress: 1748 / 2104
main.py: Progress: 1749 / 2104
main.py: Progress: 1750 / 2104
main.py: Progress: 1751 / 2104
main.py: Progress: 1752 / 2104
main.py: Progress: 1753 / 2104
main.py: Progress: 1754 / 2104
main.py: Progress: 1755 / 2104
main.py: Progress: 1756 / 2104
main.py: Progress: 1757 / 2104
main.py: Progress: 1758 / 2104
main.py: Progress: 1759 / 2104
main.py: Progress: 1760 / 2104
main.py: Progress: 1761 / 2104
main.py: Progress: 1762 / 2104
main.py: Progress: 1763 / 2104
main.py: Progress: 1764 / 2104
main.py: Progress: 1765 / 2104
main.py: Progress: 1766 / 2104
main.py: Progress: 1767 / 2104
main.py: Progress: 1768 / 2104
main.py: Progress: 1769 / 2104
main.py: Progress: 1770 / 2104
main.py: Progress: 1771 / 2104
main.py: Progress: 1772 / 2104
main.py: Progress: 1773 / 2104
main.py: Progress: 1774 / 2104
main.py: Progress: 1775 / 2104
main.py: Progress: 1776 / 2104
main.py: Progress: 1777 / 2104
main.py: Progress: 1778 / 2104
main.py: Progress: 1779 / 2104
main.py: Progress: 1780 / 2104
main.py: Progress: 1781 / 2104
main.py: Progress: 1782 / 2104
main.py: Progress: 1783 / 2104
main.py: Progress: 1784 / 2104
main.py: Progress: 1785 / 2104
main.py: Progress: 1786 / 2104
main.py: Progress: 1787 / 2104
main.py: Progress: 1788 / 2104
main.py: Progress: 1789 / 2104
main.py: Progress: 1790 / 2104
main.py: Progress: 1791 / 2104
main.py: Progress: 1792 / 2104
main.py: Progress: 1793 / 2104
main.py: Progress: 1794 / 2104
main.py: Progress: 1795 / 2104
main.py: Progress: 1796 / 2104
main.py: Progress: 1797 / 2104
main.py: Progress: 1798 / 2104
main.py: Progress: 1799 / 2104
main.py: Progress: 1800 / 2104
main.py: Progress: 1801 / 2104
main.py: Progress: 1802 / 2104
main.py: Progress: 1803 / 2104
main.py: Progress: 1804 / 2104
main.py: Progress: 1805 / 2104
main.py: Progress: 1806 / 2104
main.py: Progress: 1807 / 2104
main.py: Progress: 1808 / 2104
main.py: Progress: 1809 / 2104
main.py: Progress: 1810 / 2104
main.py: Progress: 1811 / 2104
main.py: Progress: 1812 / 2104
main.py: Progress: 1813 / 2104
main.py: Progress: 1814 / 2104
main.py: Progress: 1815 / 2104
main.py: Progress: 1816 / 2104
main.py: Progress: 1817 / 2104
main.py: Progress: 1818 / 2104
main.py: Progress: 1819 / 2104
main.py: Progress: 1820 / 2104
main.py: Progress: 1821 / 2104
main.py: Progress: 1822 / 2104
main.py: Progress: 1823 / 2104
main.py: Progress: 1824 / 2104
main.py: Progress: 1825 / 2104
main.py: Progress: 1826 / 2104
main.py: Progress: 1827 / 2104
main.py: Progress: 1828 / 2104
main.py: Progress: 1829 / 2104
main.py: Progress: 1830 / 2104
main.py: Progress: 1831 / 2104
main.py: Progress: 1832 / 2104
main.py: Progress: 1833 / 2104
main.py: Progress: 1834 / 2104
main.py: Progress: 1835 / 2104
main.py: Progress: 1836 / 2104
main.py: Progress: 1837 / 2104
main.py: Progress: 1838 / 2104
main.py: Progress: 1839 / 2104
main.py: Progress: 1840 / 2104
main.py: Progress: 1841 / 2104
main.py: Progress: 1842 / 2104
main.py: Progress: 1843 / 2104
main.py: Progress: 1844 / 2104
main.py: Progress: 1845 / 2104
main.py: Progress: 1846 / 2104
main.py: Progress: 1847 / 2104
main.py: Progress: 1848 / 2104
main.py: Progress: 1849 / 2104
main.py: Progress: 1850 / 2104
main.py: Progress: 1851 / 2104
main.py: Progress: 1852 / 2104
main.py: Progress: 1853 / 2104
main.py: Progress: 1854 / 2104
main.py: Progress: 1855 / 2104
main.py: Progress: 1856 / 2104
main.py: Progress: 1857 / 2104
main.py: Progress: 1858 / 2104
main.py: Progress: 1859 / 2104
main.py: Progress: 1860 / 2104
main.py: Progress: 1861 / 2104
main.py: Progress: 1862 / 2104
main.py: Progress: 1863 / 2104
main.py: Progress: 1864 / 2104
main.py: Progress: 1865 / 2104
main.py: Progress: 1866 / 2104
main.py: Progress: 1867 / 2104
main.py: Progress: 1868 / 2104
main.py: Progress: 1869 / 2104
main.py: Progress: 1870 / 2104
main.py: Progress: 1871 / 2104
main.py: Progress: 1872 / 2104
main.py: Progress: 1873 / 2104
main.py: Progress: 1874 / 2104
main.py: Progress: 1875 / 2104
main.py: Progress: 1876 / 2104
main.py: Progress: 1877 / 2104
main.py: Progress: 1878 / 2104
main.py: Progress: 1879 / 2104
main.py: Progress: 1880 / 2104
main.py: Progress: 1881 / 2104
main.py: Progress: 1882 / 2104
main.py: Progress: 1883 / 2104
main.py: Progress: 1884 / 2104
main.py: Progress: 1885 / 2104
main.py: Progress: 1886 / 2104
main.py: Progress: 1887 / 2104
main.py: Progress: 1888 / 2104
main.py: Progress: 1889 / 2104
main.py: Progress: 1890 / 2104
main.py: Progress: 1891 / 2104
main.py: Progress: 1892 / 2104
main.py: Progress: 1893 / 2104
main.py: Progress: 1894 / 2104
main.py: Progress: 1895 / 2104
main.py: Progress: 1896 / 2104
main.py: Progress: 1897 / 2104
main.py: Progress: 1898 / 2104
main.py: Progress: 1899 / 2104
main.py: Progress: 1900 / 2104
main.py: Progress: 1901 / 2104
main.py: Progress: 1902 / 2104
main.py: Progress: 1903 / 2104
main.py: Progress: 1904 / 2104
main.py: Progress: 1905 / 2104
main.py: Progress: 1906 / 2104
main.py: Progress: 1907 / 2104
main.py: Progress: 1908 / 2104
main.py: Progress: 1909 / 2104
main.py: Progress: 1910 / 2104
main.py: Progress: 1911 / 2104
main.py: Progress: 1912 / 2104
main.py: Progress: 1913 / 2104
main.py: Progress: 1914 / 2104
main.py: Progress: 1915 / 2104
main.py: Progress: 1916 / 2104
main.py: Progress: 1917 / 2104
main.py: Progress: 1918 / 2104
main.py: Progress: 1919 / 2104
main.py: Progress: 1920 / 2104
main.py: Progress: 1921 / 2104
main.py: Progress: 1922 / 2104
main.py: Progress: 1923 / 2104
main.py: Progress: 1924 / 2104
main.py: Progress: 1925 / 2104
main.py: Progress: 1926 / 2104
main.py: Progress: 1927 / 2104
main.py: Progress: 1928 / 2104
main.py: Progress: 1929 / 2104
main.py: Progress: 1930 / 2104
main.py: Progress: 1931 / 2104
main.py: Progress: 1932 / 2104
main.py: Progress: 1933 / 2104
main.py: Progress: 1934 / 2104
main.py: Progress: 1935 / 2104
main.py: Progress: 1936 / 2104
main.py: Progress: 1937 / 2104
main.py: Progress: 1938 / 2104
main.py: Progress: 1939 / 2104
main.py: Progress: 1940 / 2104
main.py: Progress: 1941 / 2104
main.py: Progress: 1942 / 2104
main.py: Progress: 1943 / 2104
main.py: Progress: 1944 / 2104
main.py: Progress: 1945 / 2104
main.py: Progress: 1946 / 2104
main.py: Progress: 1947 / 2104
main.py: Progress: 1948 / 2104
main.py: Progress: 1949 / 2104
main.py: Progress: 1950 / 2104
main.py: Progress: 1951 / 2104
main.py: Progress: 1952 / 2104
main.py: Progress: 1953 / 2104
main.py: Progress: 1954 / 2104
main.py: Progress: 1955 / 2104
main.py: Progress: 1956 / 2104
main.py: Progress: 1957 / 2104
main.py: Progress: 1958 / 2104
main.py: Progress: 1959 / 2104
main.py: Progress: 1960 / 2104
main.py: Progress: 1961 / 2104
main.py: Progress: 1962 / 2104
main.py: Progress: 1963 / 2104
main.py: Progress: 1964 / 2104
main.py: Progress: 1965 / 2104
main.py: Progress: 1966 / 2104
main.py: Progress: 1967 / 2104
main.py: Progress: 1968 / 2104
main.py: Progress: 1969 / 2104
main.py: Progress: 1970 / 2104
main.py: Progress: 1971 / 2104
main.py: Progress: 1972 / 2104
main.py: Progress: 1973 / 2104
main.py: Progress: 1974 / 2104
main.py: Progress: 1975 / 2104
main.py: Progress: 1976 / 2104
main.py: Progress: 1977 / 2104
main.py: Progress: 1978 / 2104
main.py: Progress: 1979 / 2104
main.py: Progress: 1980 / 2104
main.py: Progress: 1981 / 2104
main.py: Progress: 1982 / 2104
main.py: Progress: 1983 / 2104
main.py: Progress: 1984 / 2104
main.py: Progress: 1985 / 2104
main.py: Progress: 1986 / 2104
main.py: Progress: 1987 / 2104
main.py: Progress: 1988 / 2104
main.py: Progress: 1989 / 2104
main.py: Progress: 1990 / 2104
main.py: Progress: 1991 / 2104
main.py: Progress: 1992 / 2104
main.py: Progress: 1993 / 2104
main.py: Progress: 1994 / 2104
main.py: Progress: 1995 / 2104
main.py: Progress: 1996 / 2104
main.py: Progress: 1997 / 2104
main.py: Progress: 1998 / 2104
main.py: Progress: 1999 / 2104
time 2000 ( all targets found and t>1000s) and set up src_dst pairs = [([0, 8], (-1, -1))]
Route initialization:  {0: {'Route': [0, 8], 'MCS_Index': [2], 'Priority': 1, 'ValidRoute': False, 'HQRoute': False, 'RouteNodeDensity': [None, None], 'InterferingLinks': 0, 'Target': (-1, -1)}}
node.py: Inside packet generation function at node: Node0. Curr time: 2000.000000, Packet inter arrival time: 0.005467
Called Update: UpdateRouteCalls = 0, force = False
Called Update: UpdateRouteCalls = 1, force = False
Called Update: UpdateRouteCalls = 2, force = False
Called Update: UpdateRouteCalls = 3, force = False
Called Update: UpdateRouteCalls = 4, force = False
Called Update: UpdateRouteCalls = 5, force = False
Called Update: UpdateRouteCalls = 6, force = False
Called Update: UpdateRouteCalls = 7, force = False
Called Update: UpdateRouteCalls = 8, force = False
Called Update: UpdateRouteCalls = 9, force = False
Called Update: UpdateRouteCalls = 10, force = False
Called Update: UpdateRouteCalls = 11, force = False
Called Update: UpdateRouteCalls = 12, force = False
Called Update: UpdateRouteCalls = 13, force = False
Called Update: UpdateRouteCalls = 14, force = False
Called Update: UpdateRouteCalls = 15, force = False
Called Update: UpdateRouteCalls = 16, force = False
Called Update: UpdateRouteCalls = 17, force = False
!! UPDATING !!
routeNo, updatedMCSIndex =  0 [2]
Path | HC | IL | Max Data Rate Supported | HQ Path | Tangled Path | Cost
------------------------------
[0, 1, 2, 3, 4, 5, 6, 7, 8] | 8 | 16 | 11 | True | False | 0.8846153846153846
Found Route:
 {'Path': [0, 1, 2, 3, 4, 5, 6, 7, 8], 'HC': 8, 'IL': 16, 'Max Data Rate Supported': 11, 'HQ Path': np.True_, 'Tangled Path': False, 'Cost': 0.8846153846153846}
Called Update: UpdateRouteCalls = 0, force = True
!! UPDATING !!
routeNo, updatedMCSIndex =  0 [2, 2, 2, 2, 2, 2, 2, 2]

rf.py: Time: 2000 Route details: {0: {'Route': [0, 1, 2, 3, 4, 5, 6, 7, 8], 'MCS_Index': [2, 2, 2, 2, 2, 2, 2, 2], 'Priority': 1, 'ValidRoute': True, 'HQRoute': np.True_, 'RouteNodeDensity': [0, 0, 0, 0, 0, 2, 0, 0, 0], 'InterferingLinks': 16, 'Target': (-1, -1)}}
main.py: Progress: 2000 / 2104
Node.py: (Node0)@2000400000000.0: Updated MCS from 2 to 2, hist=deque([1.0], maxlen=5), packets_serviced=73, packets_received=73
Called Update: UpdateRouteCalls = 0, force = False
Node.py: (Node1)@2000400000000.0: Updated MCS from 2 to 2, hist=deque([1.0], maxlen=5), packets_serviced=71, packets_received=71
Called Update: UpdateRouteCalls = 1, force = False
Node.py: (Node2)@2000400000000.0: Updated MCS from 2 to 2, hist=deque([1.0], maxlen=5), packets_serviced=68, packets_received=68
Called Update: UpdateRouteCalls = 2, force = False
Node.py: (Node3)@2000400000000.0: Updated MCS from 2 to 2, hist=deque([1.0], maxlen=5), packets_serviced=65, packets_received=65
Called Update: UpdateRouteCalls = 3, force = False
Node.py: (Node4)@2000400000000.0: Updated MCS from 2 to 1, hist=deque([0.04838709677419355], maxlen=5), packets_serviced=3, packets_received=62
Called Update: UpdateRouteCalls = 4, force = False
Called Update: UpdateRouteCalls = 5, force = False
Called Update: UpdateRouteCalls = 6, force = False
Called Update: UpdateRouteCalls = 7, force = False
Called Update: UpdateRouteCalls = 8, force = False
Called Update: UpdateRouteCalls = 9, force = False
Called Update: UpdateRouteCalls = 10, force = False
Called Update: UpdateRouteCalls = 11, force = False
Called Update: UpdateRouteCalls = 12, force = False
Called Update: UpdateRouteCalls = 13, force = False
Called Update: UpdateRouteCalls = 14, force = False
Called Update: UpdateRouteCalls = 15, force = False
Called Update: UpdateRouteCalls = 16, force = False
Called Update: UpdateRouteCalls = 17, force = False
!! UPDATING !!
routeNo, updatedMCSIndex =  0 [2, 2, 2, 2, 1, 2, 2, 2]
Node.py: (Node0)@2000800000000.0: Updated MCS from 2 to 2, hist=deque([1.0, 1.0], maxlen=5), packets_serviced=73, packets_received=73
Called Update: UpdateRouteCalls = 0, force = False
Node.py: (Node1)@2000800000000.0: Updated MCS from 2 to 2, hist=deque([1.0, 0.8082191780821918], maxlen=5), packets_serviced=59, packets_received=73
Called Update: UpdateRouteCalls = 1, force = False
Node.py: (Node2)@2000800000000.0: Updated MCS from 2 to 2, hist=deque([1.0, 0.9622641509433962], maxlen=5), packets_serviced=51, packets_received=53
Called Update: UpdateRouteCalls = 2, force = False
Node.py: (Node3)@2000800000000.0: Updated MCS from 2 to 1, hist=deque([1.0, 0.23529411764705882], maxlen=5), packets_serviced=12, packets_received=51
Called Update: UpdateRouteCalls = 3, force = False
Node.py: (Node4)@2000800000000.0: Updated MCS from 1 to 0, hist=deque([0.04838709677419355, 6.2], maxlen=5), packets_serviced=62, packets_received=10
Called Update: UpdateRouteCalls = 4, force = False
Node.py: (Node5)@2000800000000.0: Updated MCS from 2 to 1, hist=deque([0.3719512195121951], maxlen=5), packets_serviced=61, packets_received=164
Called Update: UpdateRouteCalls = 5, force = False
Node.py: (Node6)@2000800000000.0: Updated MCS from 2 to 1, hist=deque([0.05084745762711865], maxlen=5), packets_serviced=3, packets_received=59
Called Update: UpdateRouteCalls = 6, force = False
Called Update: UpdateRouteCalls = 7, force = False
Called Update: UpdateRouteCalls = 8, force = False
Called Update: UpdateRouteCalls = 9, force = False
Called Update: UpdateRouteCalls = 10, force = False
Called Update: UpdateRouteCalls = 11, force = False
Called Update: UpdateRouteCalls = 12, force = False
Called Update: UpdateRouteCalls = 13, force = False
Called Update: UpdateRouteCalls = 14, force = False
Called Update: UpdateRouteCalls = 15, force = False
Called Update: UpdateRouteCalls = 16, force = False
Called Update: UpdateRouteCalls = 17, force = False
!! UPDATING !!
routeNo, updatedMCSIndex =  0 [2, 2, 2, 1, 0, 1, 1, 2]
main.py: Progress: 2001 / 2104
Called Update: UpdateRouteCalls = 0, force = True
!! UPDATING !!
routeNo, updatedMCSIndex =  0 [2, 2, 2, 1, 0, 1, 1, 2]

rf.py: Time: 2001 Route details: {0: {'Route': [0, 1, 2, 3, 4, 5, 6, 7, 8], 'MCS_Index': [2, 2, 2, 1, 0, 1, 1, 2], 'Priority': 1, 'ValidRoute': True, 'HQRoute': True, 'RouteNodeDensity': [0, 0, 0, 0, 0, 2, 0, 0, 0], 'InterferingLinks': 16, 'Target': (-1, -1)}}
Node.py: (Node0)@2001200000000.0: Updated MCS from 2 to 2, hist=deque([1.0, 1.0, 1.0], maxlen=5), packets_serviced=73, packets_received=73
Called Update: UpdateRouteCalls = 0, force = False
Node.py: (Node1)@2001200000000.0: Updated MCS from 2 to 2, hist=deque([1.0, 0.8082191780821918, 1.1891891891891893], maxlen=5), packets_serviced=88, packets_received=74
Called Update: UpdateRouteCalls = 1, force = False
Node.py: (Node2)@2001200000000.0: Updated MCS from 2 to 2, hist=deque([1.0, 0.9622641509433962, 0.9578947368421052], maxlen=5), packets_serviced=91, packets_received=95
Called Update: UpdateRouteCalls = 2, force = False
Node.py: (Node3)@2001200000000.0: Updated MCS from 1 to 1, hist=deque([1.0, 0.23529411764705882, 0.1111111111111111], maxlen=5), packets_serviced=10, packets_received=90
Called Update: UpdateRouteCalls = 3, force = False
Node.py: (Node4)@2001200000000.0: Updated MCS from 0 to 0, hist=deque([0.04838709677419355, 6.2, 1.0], maxlen=5), packets_serviced=6, packets_received=6
Called Update: UpdateRouteCalls = 4, force = False
Node.py: (Node5)@2001200000000.0: Updated MCS from 1 to 1, hist=deque([0.3719512195121951, 0.08823529411764706], maxlen=5), packets_serviced=3, packets_received=34
Called Update: UpdateRouteCalls = 5, force = False
Node.py: (Node6)@2001200000000.0: Updated MCS from 1 to 0, hist=deque([0.05084745762711865, 4.538461538461538], maxlen=5), packets_serviced=59, packets_received=13
Called Update: UpdateRouteCalls = 6, force = False
Node.py: (Node7)@2001200000000.0: Updated MCS from 2 to 1, hist=deque([0.33714285714285713], maxlen=5), packets_serviced=59, packets_received=175
Called Update: UpdateRouteCalls = 7, force = False
Called Update: UpdateRouteCalls = 8, force = False
Called Update: UpdateRouteCalls = 9, force = False
Called Update: UpdateRouteCalls = 10, force = False
Called Update: UpdateRouteCalls = 11, force = False
Called Update: UpdateRouteCalls = 12, force = False
Called Update: UpdateRouteCalls = 13, force = False
Called Update: UpdateRouteCalls = 14, force = False
Called Update: UpdateRouteCalls = 15, force = False
Called Update: UpdateRouteCalls = 16, force = False
Called Update: UpdateRouteCalls = 17, force = False
!! UPDATING !!
routeNo, updatedMCSIndex =  0 [2, 2, 2, 1, 0, 1, 0, 1]
Node.py: (Node0)@2001600000000.0: Updated MCS from 2 to 2, hist=deque([1.0, 1.0, 1.0, 1.0], maxlen=5), packets_serviced=73, packets_received=73
Called Update: UpdateRouteCalls = 0, force = False
Node.py: (Node1)@2001600000000.0: Updated MCS from 2 to 2, hist=deque([1.0, 0.8082191780821918, 1.1891891891891893, 0.9733333333333334], maxlen=5), packets_serviced=73, packets_received=75
Called Update: UpdateRouteCalls = 1, force = False
Node.py: (Node2)@2001600000000.0: Updated MCS from 2 to 2, hist=deque([1.0, 0.9622641509433962, 0.9578947368421052, 0.948051948051948], maxlen=5), packets_serviced=73, packets_received=77
Called Update: UpdateRouteCalls = 2, force = False
Node.py: (Node3)@2001600000000.0: Updated MCS from 1 to 1, hist=deque([1.0, 0.23529411764705882, 0.1111111111111111, 0.40540540540540543], maxlen=5), packets_serviced=30, packets_received=74
Called Update: UpdateRouteCalls = 3, force = False
Node.py: (Node4)@2001600000000.0: Updated MCS from 0 to 0, hist=deque([0.04838709677419355, 6.2, 1.0, 0.13114754098360656], maxlen=5), packets_serviced=8, packets_received=61
Called Update: UpdateRouteCalls = 4, force = False
Node.py: (Node5)@2001600000000.0: Updated MCS from 1 to 1, hist=deque([0.3719512195121951, 0.08823529411764706, 0.25], maxlen=5), packets_serviced=3, packets_received=12
Called Update: UpdateRouteCalls = 5, force = False
Node.py: (Node6)@2001600000000.0: Updated MCS from 0 to 0, hist=deque([0.05084745762711865, 4.538461538461538, 0.42857142857142855], maxlen=5), packets_serviced=3, packets_received=7
Called Update: UpdateRouteCalls = 6, force = False
Node.py: (Node7)@2001600000000.0: Updated MCS from 1 to 1, hist=deque([0.33714285714285713, 0.022727272727272728], maxlen=5), packets_serviced=3, packets_received=132
Called Update: UpdateRouteCalls = 7, force = False
Called Update: UpdateRouteCalls = 8, force = False
Called Update: UpdateRouteCalls = 9, force = False
Called Update: UpdateRouteCalls = 10, force = False
Called Update: UpdateRouteCalls = 11, force = False
Called Update: UpdateRouteCalls = 12, force = False
Called Update: UpdateRouteCalls = 13, force = False
Called Update: UpdateRouteCalls = 14, force = False
Called Update: UpdateRouteCalls = 15, force = False
Called Update: UpdateRouteCalls = 16, force = False
Called Update: UpdateRouteCalls = 17, force = False
!! UPDATING !!
routeNo, updatedMCSIndex =  0 [2, 2, 2, 1, 0, 1, 0, 1]
main.py: Progress: 2002 / 2104
Node.py: (Node0)@2002000000000.0: Updated MCS from 2 to 2, hist=deque([1.0, 1.0, 1.0, 1.0, 0.8513513513513513], maxlen=5), packets_serviced=63, packets_received=74
Called Update: UpdateRouteCalls = 0, force = False
Node.py: (Node1)@2002000000000.0: Updated MCS from 2 to 2, hist=deque([1.0, 0.8082191780821918, 1.1891891891891893, 0.9733333333333334, 1.0], maxlen=5), packets_serviced=62, packets_received=62
Called Update: UpdateRouteCalls = 1, force = False
Node.py: (Node2)@2002000000000.0: Updated MCS from 2 to 2, hist=deque([1.0, 0.9622641509433962, 0.9578947368421052, 0.948051948051948, 0.8548387096774194], maxlen=5), packets_serviced=53, packets_received=62
Called Update: UpdateRouteCalls = 2, force = False
Node.py: (Node3)@2002000000000.0: Updated MCS from 1 to 1, hist=deque([1.0, 0.23529411764705882, 0.1111111111111111, 0.40540540540540543, 0.37735849056603776], maxlen=5), packets_serviced=20, packets_received=53
Called Update: UpdateRouteCalls = 3, force = False
Node.py: (Node4)@2002000000000.0: Updated MCS from 0 to 0, hist=deque([0.04838709677419355, 6.2, 1.0, 0.13114754098360656, 0.046875], maxlen=5), packets_serviced=3, packets_received=64
Called Update: UpdateRouteCalls = 4, force = False
Node.py: (Node5)@2002000000000.0: Updated MCS from 1 to 1, hist=deque([0.3719512195121951, 0.08823529411764706, 0.25, 0.20833333333333334], maxlen=5), packets_serviced=5, packets_received=24
Called Update: UpdateRouteCalls = 5, force = False
Node.py: (Node6)@2002000000000.0: Updated MCS from 0 to 0, hist=deque([0.05084745762711865, 4.538461538461538, 0.42857142857142855, 0.14814814814814814], maxlen=5), packets_serviced=4, packets_received=27
Called Update: UpdateRouteCalls = 6, force = False
Node.py: (Node7)@2002000000000.0: Updated MCS from 1 to 1, hist=deque([0.33714285714285713, 0.022727272727272728, 0.05714285714285714], maxlen=5), packets_serviced=4, packets_received=70
Called Update: UpdateRouteCalls = 7, force = False
Called Update: UpdateRouteCalls = 8, force = False
Called Update: UpdateRouteCalls = 9, force = False
Called Update: UpdateRouteCalls = 10, force = False
Called Update: UpdateRouteCalls = 11, force = False
Called Update: UpdateRouteCalls = 12, force = False
Called Update: UpdateRouteCalls = 13, force = False
Called Update: UpdateRouteCalls = 14, force = False
Called Update: UpdateRouteCalls = 15, force = False
Called Update: UpdateRouteCalls = 16, force = False
Called Update: UpdateRouteCalls = 17, force = False
!! UPDATING !!
routeNo, updatedMCSIndex =  0 [2, 2, 2, 1, 0, 1, 0, 1]
Called Update: UpdateRouteCalls = 0, force = True
!! UPDATING !!
routeNo, updatedMCSIndex =  0 [2, 2, 2, 1, 0, 1, 0, 1]

rf.py: Time: 2002 Route details: {0: {'Route': [0, 1, 2, 3, 4, 5, 6, 7, 8], 'MCS_Index': [2, 2, 2, 1, 0, 1, 0, 1], 'Priority': 1, 'ValidRoute': True, 'HQRoute': True, 'RouteNodeDensity': [0, 0, 0, 0, 0, 2, 0, 0, 0], 'InterferingLinks': 16, 'Target': (-1, -1)}}
Node.py: (Node0)@2002400000000.0: Updated MCS from 2 to 2, hist=deque([1.0, 1.0, 1.0, 0.8513513513513513, 1.1232876712328768], maxlen=5), packets_serviced=82, packets_received=73
Called Update: UpdateRouteCalls = 0, force = False
Node.py: (Node1)@2002400000000.0: Updated MCS from 2 to 2, hist=deque([0.8082191780821918, 1.1891891891891893, 0.9733333333333334, 1.0, 0.9518072289156626], maxlen=5), packets_serviced=79, packets_received=83
Called Update: UpdateRouteCalls = 1, force = False
Node.py: (Node2)@2002400000000.0: Updated MCS from 2 to 1, hist=deque([0.9622641509433962, 0.9578947368421052, 0.948051948051948, 0.8548387096774194, 0.26582278481012656], maxlen=5), packets_serviced=21, packets_received=79
Called Update: UpdateRouteCalls = 2, force = False
Node.py: (Node3)@2002400000000.0: Updated MCS from 1 to 1, hist=deque([0.23529411764705882, 0.1111111111111111, 0.40540540540540543, 0.37735849056603776, 4.666666666666667], maxlen=5), packets_serviced=84, packets_received=18
Called Update: UpdateRouteCalls = 3, force = False
Node.py: (Node4)@2002400000000.0: Updated MCS from 0 to 0, hist=deque([6.2, 1.0, 0.13114754098360656, 0.046875, 0.01282051282051282], maxlen=5), packets_serviced=2, packets_received=156
Called Update: UpdateRouteCalls = 4, force = False
Node.py: (Node5)@2002400000000.0: Updated MCS from 1 to 1, hist=deque([0.3719512195121951, 0.08823529411764706, 0.25, 0.20833333333333334, 0.0], maxlen=5), packets_serviced=0, packets_received=3
Called Update: UpdateRouteCalls = 5, force = False
Node.py: (Node6)@2002400000000.0: Updated MCS from 0 to 0, hist=deque([0.05084745762711865, 4.538461538461538, 0.42857142857142855, 0.14814814814814814, 0.25], maxlen=5), packets_serviced=1, packets_received=4
Called Update: UpdateRouteCalls = 6, force = False
Node.py: (Node7)@2002400000000.0: Updated MCS from 1 to 1, hist=deque([0.33714285714285713, 0.022727272727272728, 0.05714285714285714, 0.016666666666666666], maxlen=5), packets_serviced=1, packets_received=60
Called Update: UpdateRouteCalls = 7, force = False
Called Update: UpdateRouteCalls = 8, force = False
Called Update: UpdateRouteCalls = 9, force = False
Called Update: UpdateRouteCalls = 10, force = False
Called Update: UpdateRouteCalls = 11, force = False
Called Update: UpdateRouteCalls = 12, force = False
Called Update: UpdateRouteCalls = 13, force = False
Called Update: UpdateRouteCalls = 14, force = False
Called Update: UpdateRouteCalls = 15, force = False
Called Update: UpdateRouteCalls = 16, force = False
Called Update: UpdateRouteCalls = 17, force = False
!! UPDATING !!
routeNo, updatedMCSIndex =  0 [2, 2, 1, 1, 0, 1, 0, 1]
Node.py: (Node0)@2002800000000.0: Updated MCS from 2 to 2, hist=deque([1.0, 1.0, 0.8513513513513513, 1.1232876712328768, 1.0136986301369864], maxlen=5), packets_serviced=74, packets_received=73
Called Update: UpdateRouteCalls = 0, force = False
Node.py: (Node1)@2002800000000.0: Updated MCS from 2 to 2, hist=deque([1.1891891891891893, 0.9733333333333334, 1.0, 0.9518072289156626, 0.8607594936708861], maxlen=5), packets_serviced=68, packets_received=79
Called Update: UpdateRouteCalls = 1, force = False
Node.py: (Node2)@2002800000000.0: Updated MCS from 1 to 1, hist=deque([0.9578947368421052, 0.948051948051948, 0.8548387096774194, 0.26582278481012656, 0.3939393939393939], maxlen=5), packets_serviced=26, packets_received=66
Called Update: UpdateRouteCalls = 2, force = False
Node.py: (Node3)@2002800000000.0: Updated MCS from 1 to 1, hist=deque([0.1111111111111111, 0.40540540540540543, 0.37735849056603776, 4.666666666666667, 1.2222222222222223], maxlen=5), packets_serviced=44, packets_received=36
Called Update: UpdateRouteCalls = 3, force = False
Node.py: (Node4)@2002800000000.0: Updated MCS from 0 to 1, hist=deque([1.0, 0.13114754098360656, 0.046875, 0.01282051282051282, 0.05], maxlen=5), packets_serviced=6, packets_received=120
Called Update: UpdateRouteCalls = 4, force = False
Node.py: (Node5)@2002800000000.0: Updated MCS from 1 to 1, hist=deque([0.08823529411764706, 0.25, 0.20833333333333334, 0.0, 0.5], maxlen=5), packets_serviced=5, packets_received=10
Called Update: UpdateRouteCalls = 5, force = False
Node.py: (Node6)@2002800000000.0: Updated MCS from 0 to 0, hist=deque([4.538461538461538, 0.42857142857142855, 0.14814814814814814, 0.25, 0.23809523809523808], maxlen=5), packets_serviced=5, packets_received=21
Called Update: UpdateRouteCalls = 6, force = False
Node.py: (Node7)@2002800000000.0: Updated MCS from 1 to 1, hist=deque([0.33714285714285713, 0.022727272727272728, 0.05714285714285714, 0.016666666666666666, 0.08771929824561403], maxlen=5), packets_serviced=5, packets_received=57
Called Update: UpdateRouteCalls = 7, force = False
Called Update: UpdateRouteCalls = 8, force = False
Called Update: UpdateRouteCalls = 9, force = False
Called Update: UpdateRouteCalls = 10, force = False
Called Update: UpdateRouteCalls = 11, force = False
Called Update: UpdateRouteCalls = 12, force = False
Called Update: UpdateRouteCalls = 13, force = False
Called Update: UpdateRouteCalls = 14, force = False
Called Update: UpdateRouteCalls = 15, force = False
Called Update: UpdateRouteCalls = 16, force = False
Called Update: UpdateRouteCalls = 17, force = False
!! UPDATING !!
routeNo, updatedMCSIndex =  0 [2, 2, 1, 1, 1, 1, 0, 1]
main.py: Progress: 2003 / 2104
Called Update: UpdateRouteCalls = 0, force = True
!! UPDATING !!
routeNo, updatedMCSIndex =  0 [2, 2, 1, 1, 1, 1, 0, 1]

rf.py: Time: 2003 Route details: {0: {'Route': [0, 1, 2, 3, 4, 5, 6, 7, 8], 'MCS_Index': [2, 2, 1, 1, 1, 1, 0, 1], 'Priority': 1, 'ValidRoute': True, 'HQRoute': True, 'RouteNodeDensity': [0, 0, 0, 0, 0, 2, 0, 0, 0], 'InterferingLinks': 16, 'Target': (-1, -1)}}
Node.py: (Node0)@2003200000000.0: Updated MCS from 2 to 2, hist=deque([1.0, 0.8513513513513513, 1.1232876712328768, 1.0136986301369864, 0.8082191780821918], maxlen=5), packets_serviced=59, packets_received=73
Called Update: UpdateRouteCalls = 0, force = False
Node.py: (Node1)@2003200000000.0: Updated MCS from 2 to 2, hist=deque([0.9733333333333334, 1.0, 0.9518072289156626, 0.8607594936708861, 1.0555555555555556], maxlen=5), packets_serviced=57, packets_received=54
Called Update: UpdateRouteCalls = 1, force = False
Node.py: (Node2)@2003200000000.0: Updated MCS from 1 to 1, hist=deque([0.948051948051948, 0.8548387096774194, 0.26582278481012656, 0.3939393939393939, 0.23333333333333334], maxlen=5), packets_serviced=14, packets_received=60
Called Update: UpdateRouteCalls = 2, force = False
Node.py: (Node3)@2003200000000.0: Updated MCS from 1 to 0, hist=deque([0.40540540540540543, 0.37735849056603776, 4.666666666666667, 1.2222222222222223, 4.75], maxlen=5), packets_serviced=76, packets_received=16
Called Update: UpdateRouteCalls = 3, force = False
Node.py: (Node4)@2003200000000.0: Updated MCS from 1 to 1, hist=deque([0.13114754098360656, 0.046875, 0.01282051282051282, 0.05, 0.031055900621118012], maxlen=5), packets_serviced=5, packets_received=161
Called Update: UpdateRouteCalls = 4, force = False
Node.py: (Node5)@2003200000000.0: Updated MCS from 1 to 1, hist=deque([0.25, 0.20833333333333334, 0.0, 0.5, 0.4], maxlen=5), packets_serviced=2, packets_received=5
Called Update: UpdateRouteCalls = 5, force = False
Node.py: (Node6)@2003200000000.0: Updated MCS from 0 to 1, hist=deque([0.42857142857142855, 0.14814814814814814, 0.25, 0.23809523809523808, 0.11764705882352941], maxlen=5), packets_serviced=2, packets_received=17
Called Update: UpdateRouteCalls = 6, force = False
Node.py: (Node7)@2003200000000.0: Updated MCS from 1 to 1, hist=deque([0.022727272727272728, 0.05714285714285714, 0.016666666666666666, 0.08771929824561403, 0.06060606060606061], maxlen=5), packets_serviced=2, packets_received=33
Called Update: UpdateRouteCalls = 7, force = False
Called Update: UpdateRouteCalls = 8, force = False
Called Update: UpdateRouteCalls = 9, force = False
Called Update: UpdateRouteCalls = 10, force = False
Called Update: UpdateRouteCalls = 11, force = False
Called Update: UpdateRouteCalls = 12, force = False
Called Update: UpdateRouteCalls = 13, force = False
Called Update: UpdateRouteCalls = 14, force = False
Called Update: UpdateRouteCalls = 15, force = False
Called Update: UpdateRouteCalls = 16, force = False
Called Update: UpdateRouteCalls = 17, force = False
!! UPDATING !!
routeNo, updatedMCSIndex =  0 [2, 2, 1, 0, 1, 1, 1, 1]
Node.py: (Node0)@2003600000000.0: Updated MCS from 2 to 2, hist=deque([0.8513513513513513, 1.1232876712328768, 1.0136986301369864, 0.8082191780821918, 1.2054794520547945], maxlen=5), packets_serviced=88, packets_received=73
Called Update: UpdateRouteCalls = 0, force = False
Node.py: (Node1)@2003600000000.0: Updated MCS from 2 to 2, hist=deque([1.0, 0.9518072289156626, 0.8607594936708861, 1.0555555555555556, 0.9361702127659575], maxlen=5), packets_serviced=88, packets_received=94
Called Update: UpdateRouteCalls = 1, force = False
Node.py: (Node2)@2003600000000.0: Updated MCS from 1 to 1, hist=deque([0.8548387096774194, 0.26582278481012656, 0.3939393939393939, 0.23333333333333334, 0.08791208791208792], maxlen=5), packets_serviced=8, packets_received=91
Called Update: UpdateRouteCalls = 2, force = False
Node.py: (Node3)@2003600000000.0: Updated MCS from 0 to 0, hist=deque([0.37735849056603776, 4.666666666666667, 1.2222222222222223, 4.75, 1.6666666666666667], maxlen=5), packets_serviced=10, packets_received=6
Called Update: UpdateRouteCalls = 3, force = False
Node.py: (Node4)@2003600000000.0: Updated MCS from 1 to 1, hist=deque([0.046875, 0.01282051282051282, 0.05, 0.031055900621118012, 0.3333333333333333], maxlen=5), packets_serviced=24, packets_received=72
Called Update: UpdateRouteCalls = 4, force = False
Node.py: (Node5)@2003600000000.0: Updated MCS from 1 to 1, hist=deque([0.20833333333333334, 0.0, 0.5, 0.4, 0.26], maxlen=5), packets_serviced=13, packets_received=50
Called Update: UpdateRouteCalls = 5, force = False
Node.py: (Node6)@2003600000000.0: Updated MCS from 1 to 1, hist=deque([0.14814814814814814, 0.25, 0.23809523809523808, 0.11764705882352941, 0.36666666666666664], maxlen=5), packets_serviced=11, packets_received=30
Called Update: UpdateRouteCalls = 6, force = False
Node.py: (Node7)@2003600000000.0: Updated MCS from 1 to 1, hist=deque([0.05714285714285714, 0.016666666666666666, 0.08771929824561403, 0.06060606060606061, 0.23529411764705882], maxlen=5), packets_serviced=8, packets_received=34
Called Update: UpdateRouteCalls = 7, force = False
Called Update: UpdateRouteCalls = 8, force = False
Called Update: UpdateRouteCalls = 9, force = False
Called Update: UpdateRouteCalls = 10, force = False
Called Update: UpdateRouteCalls = 11, force = False
Called Update: UpdateRouteCalls = 12, force = False
Called Update: UpdateRouteCalls = 13, force = False
Called Update: UpdateRouteCalls = 14, force = False
Called Update: UpdateRouteCalls = 15, force = False
Called Update: UpdateRouteCalls = 16, force = False
Called Update: UpdateRouteCalls = 17, force = False
!! UPDATING !!
routeNo, updatedMCSIndex =  0 [2, 2, 1, 0, 1, 1, 1, 1]
DUPE: 2000732273682_Node0_Node8_Zero, Node7 id 2000732273682_Node0_Node8_Zero was a dupe; retransmit: 0, pkt_enqueue_time=2003739714559.4082, pkt_dequeue_time=2003739714559.4082, forwarded_or_dropped=1, reason_for_drop='Expiry'
DUPE: 2000743195051_Node0_Node8_Zero, Node7 id 2000743195051_Node0_Node8_Zero was a dupe; retransmit: 0, pkt_enqueue_time=2003761930068.378, pkt_dequeue_time=2003761930068.378, forwarded_or_dropped=1, reason_for_drop='Expiry'
DUPE: 2000765052041_Node0_Node8_Zero, Node7 id 2000765052041_Node0_Node8_Zero was a dupe; retransmit: 0, pkt_enqueue_time=2003796391367.9236, pkt_dequeue_time=2003796391367.9236, forwarded_or_dropped=1, reason_for_drop='Expiry'
DUPE: 2000803300086_Node0_Node8_Zero, Node7 id 2000803300086_Node0_Node8_Zero was a dupe; retransmit: 0, pkt_enqueue_time=2003812926212.1965, pkt_dequeue_time=2003812926212.1965, forwarded_or_dropped=1, reason_for_drop='Expiry'
DUPE: 2000808763198_Node0_Node8_Zero, Node7 id 2000808763198_Node0_Node8_Zero was a dupe; retransmit: 0, pkt_enqueue_time=2003812926212.1965, pkt_dequeue_time=2003812926212.1965, forwarded_or_dropped=1, reason_for_drop='Expiry'
DUPE: 2000836086168_Node0_Node8_Zero, Node6 id 2000836086168_Node0_Node8_Zero was a dupe; retransmit: 0, pkt_enqueue_time=2003850246047.4695, pkt_dequeue_time=2003850246047.4695, forwarded_or_dropped=1, reason_for_drop='Expiry'
DUPE: 2000852470617_Node0_Node8_Zero, Node7 id 2000852470617_Node0_Node8_Zero was a dupe; retransmit: 0, pkt_enqueue_time=2003857539349.8406, pkt_dequeue_time=2003857539349.8406, forwarded_or_dropped=1, reason_for_drop='Expiry'
DUPE: 2000852470617_Node0_Node8_Zero, Node6 id 2000852470617_Node0_Node8_Zero was a dupe; retransmit: 0, pkt_enqueue_time=2003861092713.833, pkt_dequeue_time=2003861092713.833, forwarded_or_dropped=1, reason_for_drop='Expiry'
DUPE: 2000836086168_Node0_Node8_Zero, Node7 id 2000836086168_Node0_Node8_Zero was a dupe; retransmit: 0, pkt_enqueue_time=2003867667531.6511, pkt_dequeue_time=2003867667531.6511, forwarded_or_dropped=1, reason_for_drop='Expiry'
DUPE: 2000765052041_Node0_Node8_Zero, Node6 id 2000765052041_Node0_Node8_Zero was a dupe; retransmit: 0, pkt_enqueue_time=2003870657731.1965, pkt_dequeue_time=2003870657731.1965, forwarded_or_dropped=1, reason_for_drop='Expiry'
DUPE: 2000808763198_Node0_Node8_Zero, Node5 id 2000808763198_Node0_Node8_Zero was a dupe; retransmit: 0, pkt_enqueue_time=2003876841181.8408, pkt_dequeue_time=2003876841181.8408, forwarded_or_dropped=1, reason_for_drop='Expiry'
DUPE: 2000825156414_Node0_Node8_Zero, Node5 id 2000825156414_Node0_Node8_Zero was a dupe; retransmit: 0, pkt_enqueue_time=2003876841181.8408, pkt_dequeue_time=2003876841181.8408, forwarded_or_dropped=1, reason_for_drop='Expiry'
DUPE: 2000644830687_Node0_Node8_Zero, Node7 id 2000644830687_Node0_Node8_Zero was a dupe; retransmit: 0, pkt_enqueue_time=2003881515626.0146, pkt_dequeue_time=2003881515626.0146, forwarded_or_dropped=1, reason_for_drop='Expiry'
DUPE: 2000677618083_Node0_Node8_Zero, Node7 id 2000677618083_Node0_Node8_Zero was a dupe; retransmit: 0, pkt_enqueue_time=2003881515626.0146, pkt_dequeue_time=2003881515626.0146, forwarded_or_dropped=1, reason_for_drop='Expiry'
DUPE: 2000688550264_Node0_Node8_Zero, Node7 id 2000688550264_Node0_Node8_Zero was a dupe; retransmit: 0, pkt_enqueue_time=2003892848189.6511, pkt_dequeue_time=2003892848189.6511, forwarded_or_dropped=1, reason_for_drop='Expiry'
DUPE: 2000661220643_Node0_Node8_Zero, Node7 id 2000661220643_Node0_Node8_Zero was a dupe; retransmit: 0, pkt_enqueue_time=2003892848189.6511, pkt_dequeue_time=2003892848189.6511, forwarded_or_dropped=1, reason_for_drop='Expiry'
DUPE: 2000683085062_Node0_Node8_Zero, Node7 id 2000683085062_Node0_Node8_Zero was a dupe; retransmit: 0, pkt_enqueue_time=2003896588753.2876, pkt_dequeue_time=2003896588753.2876, forwarded_or_dropped=1, reason_for_drop='Expiry'
DUPE: 2000622966692_Node0_Node8_Zero, Node7 id 2000622966692_Node0_Node8_Zero was a dupe; retransmit: 0, pkt_enqueue_time=2003896588753.2876, pkt_dequeue_time=2003896588753.2876, forwarded_or_dropped=1, reason_for_drop='Expiry'
DUPE: 2000830619151_Node0_Node8_Zero, Node6 id 2000830619151_Node0_Node8_Zero was a dupe; retransmit: 0, pkt_enqueue_time=2003899595212.659, pkt_dequeue_time=2003899595212.659, forwarded_or_dropped=1, reason_for_drop='Expiry'
DUPE: 2000836086168_Node0_Node8_Zero, Node5 id 2000836086168_Node0_Node8_Zero was a dupe; retransmit: 0, pkt_enqueue_time=2003922291143.296, pkt_dequeue_time=2003922291143.296, forwarded_or_dropped=1, reason_for_drop='Expiry'
DUPE: 2000852470617_Node0_Node8_Zero, Node5 id 2000852470617_Node0_Node8_Zero was a dupe; retransmit: 0, pkt_enqueue_time=2003922291143.296, pkt_dequeue_time=2003922291143.296, forwarded_or_dropped=1, reason_for_drop='Expiry'
DUPE: 2000737735452_Node0_Node8_Zero, Node7 id 2000737735452_Node0_Node8_Zero was a dupe; retransmit: 0, pkt_enqueue_time=2003925566947.477, pkt_dequeue_time=2003925566947.477, forwarded_or_dropped=1, reason_for_drop='Expiry'
DUPE: 2000770512735_Node0_Node8_Zero, Node7 id 2000770512735_Node0_Node8_Zero was a dupe; retransmit: 0, pkt_enqueue_time=2003925566947.477, pkt_dequeue_time=2003925566947.477, forwarded_or_dropped=1, reason_for_drop='Expiry'
DUPE: 2000683085062_Node0_Node8_Zero, Node6 id 2000683085062_Node0_Node8_Zero was a dupe; retransmit: 0, pkt_enqueue_time=2003941523291.114, pkt_dequeue_time=2003941523291.114, forwarded_or_dropped=1, reason_for_drop='Expiry'
DUPE: 2000622966692_Node0_Node8_Zero, Node6 id 2000622966692_Node0_Node8_Zero was a dupe; retransmit: 0, pkt_enqueue_time=2003941523291.114, pkt_dequeue_time=2003941523291.114, forwarded_or_dropped=1, reason_for_drop='Expiry'
DUPE: 2000715877423_Node0_Node8_Zero, Node6 id 2000715877423_Node0_Node8_Zero was a dupe; retransmit: 0, pkt_enqueue_time=2003943780163.114, pkt_dequeue_time=2003943780163.114, forwarded_or_dropped=1, reason_for_drop='Expiry'
DUPE: 2000688550264_Node0_Node8_Zero, Node5 id 2000688550264_Node0_Node8_Zero was a dupe; retransmit: 0, pkt_enqueue_time=2003986980248.2024, pkt_dequeue_time=2003986980248.2024, forwarded_or_dropped=1, reason_for_drop='Expiry'
DUPE: 2000661220643_Node0_Node8_Zero, Node5 id 2000661220643_Node0_Node8_Zero was a dupe; retransmit: 0, pkt_enqueue_time=2003986980248.2024, pkt_dequeue_time=2003986980248.2024, forwarded_or_dropped=1, reason_for_drop='Expiry'
main.py: Progress: 2004 / 2104
Node.py: (Node0)@2004000000000.0: Updated MCS from 2 to 2, hist=deque([1.1232876712328768, 1.0136986301369864, 0.8082191780821918, 1.2054794520547945, 0.9864864864864865], maxlen=5), packets_serviced=73, packets_received=74
Called Update: UpdateRouteCalls = 0, force = False
Node.py: (Node1)@2004000000000.0: Updated MCS from 2 to 2, hist=deque([0.9518072289156626, 0.8607594936708861, 1.0555555555555556, 0.9361702127659575, 0.8082191780821918], maxlen=5), packets_serviced=59, packets_received=73
Called Update: UpdateRouteCalls = 1, force = False
Node.py: (Node2)@2004000000000.0: Updated MCS from 1 to 1, hist=deque([0.26582278481012656, 0.3939393939393939, 0.23333333333333334, 0.08791208791208792, 0.7], maxlen=5), packets_serviced=42, packets_received=60
Called Update: UpdateRouteCalls = 2, force = False
Node.py: (Node3)@2004000000000.0: Updated MCS from 0 to 0, hist=deque([4.666666666666667, 1.2222222222222223, 4.75, 1.6666666666666667, 0.0], maxlen=5), packets_serviced=0, packets_received=64
Called Update: UpdateRouteCalls = 3, force = False
Node.py: (Node4)@2004000000000.0: Updated MCS from 1 to 1, hist=deque([0.01282051282051282, 0.05, 0.031055900621118012, 0.3333333333333333, 0.2222222222222222], maxlen=5), packets_serviced=6, packets_received=27
Called Update: UpdateRouteCalls = 4, force = False
Node.py: (Node5)@2004000000000.0: Updated MCS from 1 to 1, hist=deque([0.0, 0.5, 0.4, 0.26, 0.6666666666666666], maxlen=5), packets_serviced=14, packets_received=21
Called Update: UpdateRouteCalls = 5, force = False
Node.py: (Node6)@2004000000000.0: Updated MCS from 1 to 1, hist=deque([0.25, 0.23809523809523808, 0.11764705882352941, 0.36666666666666664, 0.2459016393442623], maxlen=5), packets_serviced=15, packets_received=61
Called Update: UpdateRouteCalls = 6, force = False
Node.py: (Node7)@2004000000000.0: Updated MCS from 1 to 1, hist=deque([0.016666666666666666, 0.08771929824561403, 0.06060606060606061, 0.23529411764705882, 0.24074074074074073], maxlen=5), packets_serviced=13, packets_received=54
Called Update: UpdateRouteCalls = 7, force = False
Called Update: UpdateRouteCalls = 8, force = False
Called Update: UpdateRouteCalls = 9, force = False
Called Update: UpdateRouteCalls = 10, force = False
Called Update: UpdateRouteCalls = 11, force = False
Called Update: UpdateRouteCalls = 12, force = False
Called Update: UpdateRouteCalls = 13, force = False
Called Update: UpdateRouteCalls = 14, force = False
Called Update: UpdateRouteCalls = 15, force = False
Called Update: UpdateRouteCalls = 16, force = False
Called Update: UpdateRouteCalls = 17, force = False
!! UPDATING !!
routeNo, updatedMCSIndex =  0 [2, 2, 1, 0, 1, 1, 1, 1]
Called Update: UpdateRouteCalls = 0, force = True
!! UPDATING !!
routeNo, updatedMCSIndex =  0 [2, 2, 1, 0, 1, 1, 1, 1]

rf.py: Time: 2004 Route details: {0: {'Route': [0, 1, 2, 3, 4, 5, 6, 7, 8], 'MCS_Index': [2, 2, 1, 0, 1, 1, 1, 1], 'Priority': 1, 'ValidRoute': True, 'HQRoute': True, 'RouteNodeDensity': [0, 0, 0, 0, 0, 2, 0, 0, 0], 'InterferingLinks': 16, 'Target': (-1, -1)}}
DUPE: 2000142079206_Node0_Node8_Zero, Node5 id 2000142079206_Node0_Node8_Zero was a dupe; retransmit: 0, pkt_enqueue_time=2004011921747.8389, pkt_dequeue_time=2004011921747.8389, forwarded_or_dropped=1, reason_for_drop='Expiry'
DUPE: 2000147548590_Node0_Node8_Zero, Node5 id 2000147548590_Node0_Node8_Zero was a dupe; retransmit: 0, pkt_enqueue_time=2004011921747.8389, pkt_dequeue_time=2004011921747.8389, forwarded_or_dropped=1, reason_for_drop='Expiry'
DUPE: 2000382530613_Node0_Node8_Zero, Node5 id 2000382530613_Node0_Node8_Zero was a dupe; retransmit: 0, pkt_enqueue_time=2004032938619.4753, pkt_dequeue_time=2004032938619.4753, forwarded_or_dropped=1, reason_for_drop='Expiry'
DUPE: 2000076498594_Node0_Node8_Zero, Node5 id 2000076498594_Node0_Node8_Zero was a dupe; retransmit: 0, pkt_enqueue_time=2004054208908.1118, pkt_dequeue_time=2004054208908.1118, forwarded_or_dropped=1, reason_for_drop='Expiry'
DUPE: 2000081961138_Node0_Node8_Zero, Node5 id 2000081961138_Node0_Node8_Zero was a dupe; retransmit: 0, pkt_enqueue_time=2004054208908.1118, pkt_dequeue_time=2004054208908.1118, forwarded_or_dropped=1, reason_for_drop='Expiry'
DUPE: 2000087428116_Node0_Node8_Zero, Node5 id 2000087428116_Node0_Node8_Zero was a dupe; retransmit: 0, pkt_enqueue_time=2004068115943.1404, pkt_dequeue_time=2004068115943.1404, forwarded_or_dropped=1, reason_for_drop='Expiry'
DUPE: 2000530074741_Node0_Node8_Zero, Node5 id 2000530074741_Node0_Node8_Zero was a dupe; retransmit: 0, pkt_enqueue_time=2004092586824.7769, pkt_dequeue_time=2004092586824.7769, forwarded_or_dropped=1, reason_for_drop='Expiry'
DUPE: 2000120219714_Node0_Node8_Zero, Node5 id 2000120219714_Node0_Node8_Zero was a dupe; retransmit: 0, pkt_enqueue_time=2004130740516.5051, pkt_dequeue_time=2004130740516.5051, forwarded_or_dropped=1, reason_for_drop='Expiry'
DUPE: 2000262289982_Node0_Node8_Zero, Node5 id 2000262289982_Node0_Node8_Zero was a dupe; retransmit: 0, pkt_enqueue_time=2004168859413.871, pkt_dequeue_time=2004168859413.871, forwarded_or_dropped=1, reason_for_drop='Expiry'
DUPE: 2000267754442_Node0_Node8_Zero, Node5 id 2000267754442_Node0_Node8_Zero was a dupe; retransmit: 0, pkt_enqueue_time=2004168859413.871, pkt_dequeue_time=2004168859413.871, forwarded_or_dropped=1, reason_for_drop='Expiry'
DUPE: 2000218572108_Node0_Node8_Zero, Node5 id 2000218572108_Node0_Node8_Zero was a dupe; retransmit: 0, pkt_enqueue_time=2004188307056.5076, pkt_dequeue_time=2004188307056.5076, forwarded_or_dropped=1, reason_for_drop='Expiry'
DUPE: 2000224034455_Node0_Node8_Zero, Node5 id 2000224034455_Node0_Node8_Zero was a dupe; retransmit: 0, pkt_enqueue_time=2004188307056.5076, pkt_dequeue_time=2004188307056.5076, forwarded_or_dropped=1, reason_for_drop='Expiry'
DUPE: 2000229498549_Node0_Node8_Zero, Node5 id 2000229498549_Node0_Node8_Zero was a dupe; retransmit: 0, pkt_enqueue_time=2004196256517.668, pkt_dequeue_time=2004196256517.668, forwarded_or_dropped=1, reason_for_drop='Expiry'
DUPE: 2001202182164_Node0_Node8_Zero, Node4 id 2001202182164_Node0_Node8_Zero was a dupe; retransmit: 0, pkt_enqueue_time=2004213415172.2139, pkt_dequeue_time=2004213415172.2139, forwarded_or_dropped=1, reason_for_drop='Expiry'
DUPE: 2001207647570_Node0_Node8_Zero, Node4 id 2001207647570_Node0_Node8_Zero was a dupe; retransmit: 0, pkt_enqueue_time=2004213415172.2139, pkt_dequeue_time=2004213415172.2139, forwarded_or_dropped=1, reason_for_drop='Expiry'
DUPE: 2000743195051_Node0_Node8_Zero, Node5 id 2000743195051_Node0_Node8_Zero was a dupe; retransmit: 0, pkt_enqueue_time=2004238675811.3965, pkt_dequeue_time=2004238675811.3965, forwarded_or_dropped=1, reason_for_drop='Expiry'
DUPE: 2000775978046_Node0_Node8_Zero, Node5 id 2000775978046_Node0_Node8_Zero was a dupe; retransmit: 0, pkt_enqueue_time=2004238675811.3965, pkt_dequeue_time=2004238675811.3965, forwarded_or_dropped=1, reason_for_drop='Expiry'
DUPE: 2000316943119_Node0_Node8_Zero, Node5 id 2000316943119_Node0_Node8_Zero was a dupe; retransmit: 0, pkt_enqueue_time=2004256314218.033, pkt_dequeue_time=2004256314218.033, forwarded_or_dropped=1, reason_for_drop='Expiry'
DUPE: 2000322408104_Node0_Node8_Zero, Node5 id 2000322408104_Node0_Node8_Zero was a dupe; retransmit: 0, pkt_enqueue_time=2004256314218.033, pkt_dequeue_time=2004256314218.033, forwarded_or_dropped=1, reason_for_drop='Expiry'
DUPE: 2000415310046_Node0_Node8_Zero, Node5 id 2000415310046_Node0_Node8_Zero was a dupe; retransmit: 0, pkt_enqueue_time=2004276741789.6694, pkt_dequeue_time=2004276741789.6694, forwarded_or_dropped=1, reason_for_drop='Expiry'
DUPE: 2000207646192_Node0_Node8_Zero, Node5 id 2000207646192_Node0_Node8_Zero was a dupe; retransmit: 0, pkt_enqueue_time=2004355405267.034, pkt_dequeue_time=2004355405267.034, forwarded_or_dropped=1, reason_for_drop='Expiry'
DUPE: 2000213112333_Node0_Node8_Zero, Node5 id 2000213112333_Node0_Node8_Zero was a dupe; retransmit: 0, pkt_enqueue_time=2004355405267.034, pkt_dequeue_time=2004355405267.034, forwarded_or_dropped=1, reason_for_drop='Expiry'
DUPE: 2000431707214_Node0_Node8_Zero, Node5 id 2000431707214_Node0_Node8_Zero was a dupe; retransmit: 0, pkt_enqueue_time=2004362206452.6704, pkt_dequeue_time=2004362206452.6704, forwarded_or_dropped=1, reason_for_drop='Expiry'
DUPE: 2000568331494_Node0_Node8_Zero, Node5 id 2000568331494_Node0_Node8_Zero was a dupe; retransmit: 0, pkt_enqueue_time=2004383713832.2158, pkt_dequeue_time=2004383713832.2158, forwarded_or_dropped=1, reason_for_drop='Expiry'
Node.py: (Node0)@2004400000000.0: Updated MCS from 2 to 2, hist=deque([1.0136986301369864, 0.8082191780821918, 1.2054794520547945, 0.9864864864864865, 1.0136986301369864], maxlen=5), packets_serviced=74, packets_received=73
Called Update: UpdateRouteCalls = 0, force = False
Node.py: (Node1)@2004400000000.0: Updated MCS from 2 to 1, hist=deque([0.8607594936708861, 1.0555555555555556, 0.9361702127659575, 0.8082191780821918, 0.6575342465753424], maxlen=5), packets_serviced=48, packets_received=73
Called Update: UpdateRouteCalls = 1, force = False
Node.py: (Node2)@2004400000000.0: Updated MCS from 1 to 1, hist=deque([0.3939393939393939, 0.23333333333333334, 0.08791208791208792, 0.7, 1.3777777777777778], maxlen=5), packets_serviced=62, packets_received=45
Called Update: UpdateRouteCalls = 2, force = False
Node.py: (Node3)@2004400000000.0: Updated MCS from 0 to 0, hist=deque([1.2222222222222223, 4.75, 1.6666666666666667, 0.0, 0.0], maxlen=5), packets_serviced=0, packets_received=196
Called Update: UpdateRouteCalls = 3, force = False
Node.py: (Node4)@2004400000000.0: Updated MCS from 1 to 1, hist=deque([0.05, 0.031055900621118012, 0.3333333333333333, 0.2222222222222222, 0.0], maxlen=5), packets_serviced=0, packets_received=10
Called Update: UpdateRouteCalls = 4, force = False
Node.py: (Node5)@2004400000000.0: Updated MCS from 1 to 1, hist=deque([0.5, 0.4, 0.26, 0.6666666666666666, 0.0], maxlen=5), packets_serviced=0, packets_received=25
Called Update: UpdateRouteCalls = 5, force = False
Called Update: UpdateRouteCalls = 6, force = False
Called Update: UpdateRouteCalls = 7, force = False
Called Update: UpdateRouteCalls = 8, force = False
Called Update: UpdateRouteCalls = 9, force = False
Called Update: UpdateRouteCalls = 10, force = False
Called Update: UpdateRouteCalls = 11, force = False
Called Update: UpdateRouteCalls = 12, force = False
Called Update: UpdateRouteCalls = 13, force = False
Called Update: UpdateRouteCalls = 14, force = False
Called Update: UpdateRouteCalls = 15, force = False
Called Update: UpdateRouteCalls = 16, force = False
Called Update: UpdateRouteCalls = 17, force = False
!! UPDATING !!
routeNo, updatedMCSIndex =  0 [2, 1, 1, 0, 1, 1, 1, 1]
DUPE: 2000726805946_Node0_Node8_Zero, Node5 id 2000726805946_Node0_Node8_Zero was a dupe; retransmit: 0, pkt_enqueue_time=2004407945564.51, pkt_dequeue_time=2004407945564.51, forwarded_or_dropped=1, reason_for_drop='Expiry'
DUPE: 2000732273682_Node0_Node8_Zero, Node5 id 2000732273682_Node0_Node8_Zero was a dupe; retransmit: 0, pkt_enqueue_time=2004407945564.51, pkt_dequeue_time=2004407945564.51, forwarded_or_dropped=1, reason_for_drop='Expiry'
DUPE: 2000852470617_Node0_Node8_Zero, Node4 id 2000852470617_Node0_Node8_Zero was a dupe; retransmit: 0, pkt_enqueue_time=2004419076850.3281, pkt_dequeue_time=2004419076850.3281, forwarded_or_dropped=1, reason_for_drop='Expiry'
DUPE: 2000857937143_Node0_Node8_Zero, Node4 id 2000857937143_Node0_Node8_Zero was a dupe; retransmit: 0, pkt_enqueue_time=2004419076850.3281, pkt_dequeue_time=2004419076850.3281, forwarded_or_dropped=1, reason_for_drop='Expiry'
DUPE: 2000743195051_Node0_Node8_Zero, Node4 id 2000743195051_Node0_Node8_Zero was a dupe; retransmit: 0, pkt_enqueue_time=2004453958490.2375, pkt_dequeue_time=2004453958490.2375, forwarded_or_dropped=1, reason_for_drop='Expiry'
DUPE: 2001131131084_Node0_Node8_Zero, Node4 id 2001131131084_Node0_Node8_Zero was a dupe; retransmit: 0, pkt_enqueue_time=2004498321483.2383, pkt_dequeue_time=2004498321483.2383, forwarded_or_dropped=1, reason_for_drop='Expiry'
DUPE: 2000174874923_Node0_Node8_Zero, Node5 id 2000174874923_Node0_Node8_Zero was a dupe; retransmit: 0, pkt_enqueue_time=2004543826359.1477, pkt_dequeue_time=2004543826359.1477, forwarded_or_dropped=1, reason_for_drop='Expiry'
DUPE: 2000180334547_Node0_Node8_Zero, Node5 id 2000180334547_Node0_Node8_Zero was a dupe; retransmit: 0, pkt_enqueue_time=2004543826359.1477, pkt_dequeue_time=2004543826359.1477, forwarded_or_dropped=1, reason_for_drop='Expiry'
DUPE: 2001322391024_Node0_Node8_Zero, Node4 id 2001322391024_Node0_Node8_Zero was a dupe; retransmit: 0, pkt_enqueue_time=2004546332795.1477, pkt_dequeue_time=2004546332795.1477, forwarded_or_dropped=1, reason_for_drop='Expiry'
DUPE: 2001327851375_Node0_Node8_Zero, Node4 id 2001327851375_Node0_Node8_Zero was a dupe; retransmit: 0, pkt_enqueue_time=2004546332795.1477, pkt_dequeue_time=2004546332795.1477, forwarded_or_dropped=1, reason_for_drop='Expiry'
DUPE: 2001027322789_Node0_Node8_Zero, Node4 id 2001027322789_Node0_Node8_Zero was a dupe; retransmit: 0, pkt_enqueue_time=2004566790971.6028, pkt_dequeue_time=2004566790971.6028, forwarded_or_dropped=1, reason_for_drop='Expiry'
DUPE: 2001092886398_Node0_Node8_Zero, Node4 id 2001092886398_Node0_Node8_Zero was a dupe; retransmit: 0, pkt_enqueue_time=2004572525885.6992, pkt_dequeue_time=2004572525885.6992, forwarded_or_dropped=1, reason_for_drop='Expiry'
DUPE: 2001453526505_Node0_Node8_Zero, Node4 id 2001453526505_Node0_Node8_Zero was a dupe; retransmit: 0, pkt_enqueue_time=2004586515636.3357, pkt_dequeue_time=2004586515636.3357, forwarded_or_dropped=1, reason_for_drop='Expiry'
DUPE: 2000830619151_Node0_Node8_Zero, Node5 id 2000830619151_Node0_Node8_Zero was a dupe; retransmit: 0, pkt_enqueue_time=2004588291703.5173, pkt_dequeue_time=2004588291703.5173, forwarded_or_dropped=1, reason_for_drop='Expiry'
DUPE: 2000819691961_Node0_Node8_Zero, Node5 id 2000819691961_Node0_Node8_Zero was a dupe; retransmit: 0, pkt_enqueue_time=2004588291703.5173, pkt_dequeue_time=2004588291703.5173, forwarded_or_dropped=1, reason_for_drop='Expiry'
DUPE: 2001601063835_Node0_Node8_Zero, Node6 id 2001601063835_Node0_Node8_Zero was a dupe; retransmit: 0, pkt_enqueue_time=2004601141647.9736, pkt_dequeue_time=2004601141647.9736, forwarded_or_dropped=1, reason_for_drop='Expiry'
DUPE: 2001606532356_Node0_Node8_Zero, Node6 id 2001606532356_Node0_Node8_Zero was a dupe; retransmit: 0, pkt_enqueue_time=2004613682265.9736, pkt_dequeue_time=2004613682265.9736, forwarded_or_dropped=1, reason_for_drop='Expiry'
DUPE: 2001611994864_Node0_Node8_Zero, Node6 id 2001611994864_Node0_Node8_Zero was a dupe; retransmit: 0, pkt_enqueue_time=2004613682265.9736, pkt_dequeue_time=2004613682265.9736, forwarded_or_dropped=1, reason_for_drop='Expiry'
DUPE: 2001601063835_Node0_Node8_Zero, Node5 id 2001601063835_Node0_Node8_Zero was a dupe; retransmit: 0, pkt_enqueue_time=2004620319161.7915, pkt_dequeue_time=2004620319161.7915, forwarded_or_dropped=1, reason_for_drop='Expiry'
DUPE: 2001628395747_Node0_Node8_Zero, Node7 id 2001628395747_Node0_Node8_Zero was a dupe; retransmit: 0, pkt_enqueue_time=2004632316585.065, pkt_dequeue_time=2004632316585.065, forwarded_or_dropped=1, reason_for_drop='Expiry'
DUPE: 2001628395747_Node0_Node8_Zero, Node6 id 2001628395747_Node0_Node8_Zero was a dupe; retransmit: 0, pkt_enqueue_time=2004645101912.702, pkt_dequeue_time=2004645101912.702, forwarded_or_dropped=1, reason_for_drop='Expiry'
DUPE: 2001639321231_Node0_Node8_Zero, Node5 id 2001639321231_Node0_Node8_Zero was a dupe; retransmit: 0, pkt_enqueue_time=2004647231141.5203, pkt_dequeue_time=2004647231141.5203, forwarded_or_dropped=1, reason_for_drop='Expiry'
DUPE: 2001644786269_Node0_Node8_Zero, Node5 id 2001644786269_Node0_Node8_Zero was a dupe; retransmit: 0, pkt_enqueue_time=2004647231141.5203, pkt_dequeue_time=2004647231141.5203, forwarded_or_dropped=1, reason_for_drop='Expiry'
DUPE: 2001655709149_Node0_Node8_Zero, Node6 id 2001655709149_Node0_Node8_Zero was a dupe; retransmit: 0, pkt_enqueue_time=2004657502365.2476, pkt_dequeue_time=2004657502365.2476, forwarded_or_dropped=1, reason_for_drop='Expiry'
DUPE: 2001655709149_Node0_Node8_Zero, Node7 id 2001655709149_Node0_Node8_Zero was a dupe; retransmit: 0, pkt_enqueue_time=2004658571183.0657, pkt_dequeue_time=2004658571183.0657, forwarded_or_dropped=1, reason_for_drop='Expiry'
DUPE: 2001677568556_Node0_Node8_Zero, Node7 id 2001677568556_Node0_Node8_Zero was a dupe; retransmit: 0, pkt_enqueue_time=2004678243822.6123, pkt_dequeue_time=2004678243822.6123, forwarded_or_dropped=1, reason_for_drop='Expiry'
DUPE: 2001693966617_Node0_Node8_Zero, Node5 id 2001693966617_Node0_Node8_Zero was a dupe; retransmit: 0, pkt_enqueue_time=2004697258779.7947, pkt_dequeue_time=2004697258779.7947, forwarded_or_dropped=1, reason_for_drop='Expiry'
DUPE: 2001683034592_Node0_Node8_Zero, Node7 id 2001683034592_Node0_Node8_Zero was a dupe; retransmit: 0, pkt_enqueue_time=2004698321651.7947, pkt_dequeue_time=2004698321651.7947, forwarded_or_dropped=1, reason_for_drop='Expiry'
DUPE: 2001633857708_Node0_Node8_Zero, Node5 id 2001633857708_Node0_Node8_Zero was a dupe; retransmit: 0, pkt_enqueue_time=2004700601343.4312, pkt_dequeue_time=2004700601343.4312, forwarded_or_dropped=1, reason_for_drop='Expiry'
DUPE: 2001699432614_Node0_Node8_Zero, Node5 id 2001699432614_Node0_Node8_Zero was a dupe; retransmit: 0, pkt_enqueue_time=2004703571179.7947, pkt_dequeue_time=2004703571179.7947, forwarded_or_dropped=1, reason_for_drop='Expiry'
DUPE: 2001688502236_Node0_Node8_Zero, Node5 id 2001688502236_Node0_Node8_Zero was a dupe; retransmit: 0, pkt_enqueue_time=2004710407566.1582, pkt_dequeue_time=2004710407566.1582, forwarded_or_dropped=1, reason_for_drop='Expiry'
DUPE: 2001573752151_Node0_Node8_Zero, Node4 id 2001573752151_Node0_Node8_Zero was a dupe; retransmit: 0, pkt_enqueue_time=2004713801429.1572, pkt_dequeue_time=2004713801429.1572, forwarded_or_dropped=1, reason_for_drop='Expiry'
DUPE: 2001579212043_Node0_Node8_Zero, Node4 id 2001579212043_Node0_Node8_Zero was a dupe; retransmit: 0, pkt_enqueue_time=2004713801429.1572, pkt_dequeue_time=2004713801429.1572, forwarded_or_dropped=1, reason_for_drop='Expiry'
DUPE: 2001748614771_Node0_Node8_Zero, Node7 id 2001748614771_Node0_Node8_Zero was a dupe; retransmit: 0, pkt_enqueue_time=2004756291781.1594, pkt_dequeue_time=2004756291781.1594, forwarded_or_dropped=1, reason_for_drop='Expiry'
DUPE: 2001535502663_Node0_Node8_Zero, Node4 id 2001535502663_Node0_Node8_Zero was a dupe; retransmit: 0, pkt_enqueue_time=2004762258854.9756, pkt_dequeue_time=2004762258854.9756, forwarded_or_dropped=1, reason_for_drop='Expiry'
DUPE: 2001781406477_Node0_Node8_Zero, Node6 id 2001781406477_Node0_Node8_Zero was a dupe; retransmit: 0, pkt_enqueue_time=2004787992729.6125, pkt_dequeue_time=2004787992729.6125, forwarded_or_dropped=1, reason_for_drop='Expiry'
Node.py: (Node0)@2004800000000.0: Updated MCS from 2 to 2, hist=deque([0.8082191780821918, 1.2054794520547945, 0.9864864864864865, 1.0136986301369864, 0.7808219178082192], maxlen=5), packets_serviced=57, packets_received=73
Called Update: UpdateRouteCalls = 0, force = False
Node.py: (Node1)@2004800000000.0: Updated MCS from 1 to 1, hist=deque([1.0555555555555556, 0.9361702127659575, 0.8082191780821918, 0.6575342465753424, 0.9354838709677419], maxlen=5), packets_serviced=58, packets_received=62
Called Update: UpdateRouteCalls = 1, force = False
Node.py: (Node2)@2004800000000.0: Updated MCS from 1 to 1, hist=deque([0.23333333333333334, 0.08791208791208792, 0.7, 1.3777777777777778, 0.022988505747126436], maxlen=5), packets_serviced=2, packets_received=87
Called Update: UpdateRouteCalls = 2, force = False
Node.py: (Node3)@2004800000000.0: Updated MCS from 0 to 0, hist=deque([4.75, 1.6666666666666667, 0.0, 0.0, 0.0], maxlen=5), packets_serviced=0, packets_received=23
Called Update: UpdateRouteCalls = 3, force = False
Node.py: (Node4)@2004800000000.0: Updated MCS from 1 to 1, hist=deque([0.031055900621118012, 0.3333333333333333, 0.2222222222222222, 0.0, 1.8461538461538463], maxlen=5), packets_serviced=48, packets_received=26
Called Update: UpdateRouteCalls = 4, force = False
Node.py: (Node5)@2004800000000.0: Updated MCS from 1 to 1, hist=deque([0.4, 0.26, 0.6666666666666666, 0.0, 0.273972602739726], maxlen=5), packets_serviced=20, packets_received=73
Called Update: UpdateRouteCalls = 5, force = False
Node.py: (Node6)@2004800000000.0: Updated MCS from 1 to 1, hist=deque([0.23809523809523808, 0.11764705882352941, 0.36666666666666664, 0.2459016393442623, 0.3333333333333333], maxlen=5), packets_serviced=10, packets_received=30
Called Update: UpdateRouteCalls = 6, force = False
Node.py: (Node7)@2004800000000.0: Updated MCS from 1 to 1, hist=deque([0.08771929824561403, 0.06060606060606061, 0.23529411764705882, 0.24074074074074073, 0.35], maxlen=5), packets_serviced=7, packets_received=20
Called Update: UpdateRouteCalls = 7, force = False
Called Update: UpdateRouteCalls = 8, force = False
Called Update: UpdateRouteCalls = 9, force = False
Called Update: UpdateRouteCalls = 10, force = False
Called Update: UpdateRouteCalls = 11, force = False
Called Update: UpdateRouteCalls = 12, force = False
Called Update: UpdateRouteCalls = 13, force = False
Called Update: UpdateRouteCalls = 14, force = False
Called Update: UpdateRouteCalls = 15, force = False
Called Update: UpdateRouteCalls = 16, force = False
Called Update: UpdateRouteCalls = 17, force = False
!! UPDATING !!
routeNo, updatedMCSIndex =  0 [2, 1, 1, 0, 1, 1, 1, 1]
DUPE: 2001803258940_Node0_Node8_Zero, Node6 id 2001803258940_Node0_Node8_Zero was a dupe; retransmit: 0, pkt_enqueue_time=2004807715825.5227, pkt_dequeue_time=2004807715825.5227, forwarded_or_dropped=1, reason_for_drop='Expiry'
DUPE: 2001814187556_Node0_Node8_Zero, Node6 id 2001814187556_Node0_Node8_Zero was a dupe; retransmit: 0, pkt_enqueue_time=2004817193952.0686, pkt_dequeue_time=2004817193952.0686, forwarded_or_dropped=1, reason_for_drop='Expiry'
DUPE: 2001819653438_Node0_Node8_Zero, Node6 id 2001819653438_Node0_Node8_Zero was a dupe; retransmit: 0, pkt_enqueue_time=2004820190545.4321, pkt_dequeue_time=2004820190545.4321, forwarded_or_dropped=1, reason_for_drop='Expiry'
DUPE: 2000890726050_Node0_Node8_Zero, Node4 id 2000890726050_Node0_Node8_Zero was a dupe; retransmit: 0, pkt_enqueue_time=2004865677833.614, pkt_dequeue_time=2004865677833.614, forwarded_or_dropped=1, reason_for_drop='Expiry'
DUPE: 2001863367900_Node0_Node8_Zero, Node5 id 2001863367900_Node0_Node8_Zero was a dupe; retransmit: 0, pkt_enqueue_time=2004870460651.4321, pkt_dequeue_time=2004870460651.4321, forwarded_or_dropped=1, reason_for_drop='Expiry'
DUPE: 2001868835830_Node0_Node8_Zero, Node7 id 2001868835830_Node0_Node8_Zero was a dupe; retransmit: 0, pkt_enqueue_time=2004885708881.705, pkt_dequeue_time=2004885708881.705, forwarded_or_dropped=1, reason_for_drop='Expiry'
DUPE: 2001606532356_Node0_Node8_Zero, Node4 id 2001606532356_Node0_Node8_Zero was a dupe; retransmit: 0, pkt_enqueue_time=2004887867967.7693, pkt_dequeue_time=2004887867967.7693, forwarded_or_dropped=1, reason_for_drop='Expiry'
DUPE: 2001611994864_Node0_Node8_Zero, Node4 id 2001611994864_Node0_Node8_Zero was a dupe; retransmit: 0, pkt_enqueue_time=2004887867967.7693, pkt_dequeue_time=2004887867967.7693, forwarded_or_dropped=1, reason_for_drop='Expiry'
DUPE: 2001819653438_Node0_Node8_Zero, Node5 id 2001819653438_Node0_Node8_Zero was a dupe; retransmit: 0, pkt_enqueue_time=2004894174349.2239, pkt_dequeue_time=2004894174349.2239, forwarded_or_dropped=1, reason_for_drop='Expiry'
DUPE: 2001879765573_Node0_Node8_Zero, Node7 id 2001879765573_Node0_Node8_Zero was a dupe; retransmit: 0, pkt_enqueue_time=2004899840414.705, pkt_dequeue_time=2004899840414.705, forwarded_or_dropped=1, reason_for_drop='Expiry'
DUPE: 2001896154875_Node0_Node8_Zero, Node7 id 2001896154875_Node0_Node8_Zero was a dupe; retransmit: 0, pkt_enqueue_time=2004901361251.0686, pkt_dequeue_time=2004901361251.0686, forwarded_or_dropped=1, reason_for_drop='Expiry'
DUPE: 2001901615829_Node0_Node8_Zero, Node5 id 2001901615829_Node0_Node8_Zero was a dupe; retransmit: 0, pkt_enqueue_time=2004903645951.8606, pkt_dequeue_time=2004903645951.8606, forwarded_or_dropped=1, reason_for_drop='Expiry'
DUPE: 2001912548417_Node0_Node8_Zero, Node5 id 2001912548417_Node0_Node8_Zero was a dupe; retransmit: 0, pkt_enqueue_time=2004913751095.8606, pkt_dequeue_time=2004913751095.8606, forwarded_or_dropped=1, reason_for_drop='Expiry'
DUPE: 2001879765573_Node0_Node8_Zero, Node6 id 2001879765573_Node0_Node8_Zero was a dupe; retransmit: 0, pkt_enqueue_time=2004920300913.6787, pkt_dequeue_time=2004920300913.6787, forwarded_or_dropped=1, reason_for_drop='Expiry'
DUPE: 2001890693685_Node0_Node8_Zero, Node6 id 2001890693685_Node0_Node8_Zero was a dupe; retransmit: 0, pkt_enqueue_time=2004920300913.6787, pkt_dequeue_time=2004920300913.6787, forwarded_or_dropped=1, reason_for_drop='Expiry'
DUPE: 2001868835830_Node0_Node8_Zero, Node5 id 2001868835830_Node0_Node8_Zero was a dupe; retransmit: 0, pkt_enqueue_time=2004922150894.224, pkt_dequeue_time=2004922150894.224, forwarded_or_dropped=1, reason_for_drop='Expiry'
DUPE: 2001879765573_Node0_Node8_Zero, Node5 id 2001879765573_Node0_Node8_Zero was a dupe; retransmit: 0, pkt_enqueue_time=2004927813156.497, pkt_dequeue_time=2004927813156.497, forwarded_or_dropped=1, reason_for_drop='Expiry'
DUPE: 2001934414015_Node0_Node8_Zero, Node5 id 2001934414015_Node0_Node8_Zero was a dupe; retransmit: 0, pkt_enqueue_time=2004944062756.3, pkt_dequeue_time=2004944062756.3, forwarded_or_dropped=1, reason_for_drop='Expiry'
DUPE: 2000863404504_Node0_Node8_Zero, Node4 id 2000863404504_Node0_Node8_Zero was a dupe; retransmit: 0, pkt_enqueue_time=2004950827275.7546, pkt_dequeue_time=2004950827275.7546, forwarded_or_dropped=1, reason_for_drop='Expiry'
DUPE: 2000879798255_Node0_Node8_Zero, Node4 id 2000879798255_Node0_Node8_Zero was a dupe; retransmit: 0, pkt_enqueue_time=2004950827275.7546, pkt_dequeue_time=2004950827275.7546, forwarded_or_dropped=1, reason_for_drop='Expiry'
DUPE: 2001950800821_Node0_Node8_Zero, Node5 id 2001950800821_Node0_Node8_Zero was a dupe; retransmit: 0, pkt_enqueue_time=2004957098929.9363, pkt_dequeue_time=2004957098929.9363, forwarded_or_dropped=1, reason_for_drop='Expiry'
DUPE: 2001868835830_Node0_Node8_Zero, Node6 id 2001868835830_Node0_Node8_Zero was a dupe; retransmit: 0, pkt_enqueue_time=2004967990505.7544, pkt_dequeue_time=2004967990505.7544, forwarded_or_dropped=1, reason_for_drop='Expiry'
DUPE: 2001885226593_Node0_Node8_Zero, Node6 id 2001885226593_Node0_Node8_Zero was a dupe; retransmit: 0, pkt_enqueue_time=2004972252505.0273, pkt_dequeue_time=2004972252505.0273, forwarded_or_dropped=1, reason_for_drop='Expiry'
DUPE: 2001841512655_Node0_Node8_Zero, Node4 id 2001841512655_Node0_Node8_Zero was a dupe; retransmit: 0, pkt_enqueue_time=2004981001446.664, pkt_dequeue_time=2004981001446.664, forwarded_or_dropped=1, reason_for_drop='Expiry'
DUPE: 2001978120406_Node0_Node8_Zero, Node5 id 2001978120406_Node0_Node8_Zero was a dupe; retransmit: 0, pkt_enqueue_time=2004990460828.1187, pkt_dequeue_time=2004990460828.1187, forwarded_or_dropped=1, reason_for_drop='Expiry'
DUPE: 2001765002819_Node0_Node8_Zero, Node4 id 2001765002819_Node0_Node8_Zero was a dupe; retransmit: 0, pkt_enqueue_time=2004993486119.3005, pkt_dequeue_time=2004993486119.3005, forwarded_or_dropped=1, reason_for_drop='Expiry'
DUPE: 2001759541341_Node0_Node8_Zero, Node4 id 2001759541341_Node0_Node8_Zero was a dupe; retransmit: 0, pkt_enqueue_time=2004993486119.3005, pkt_dequeue_time=2004993486119.3005, forwarded_or_dropped=1, reason_for_drop='Expiry'
DUPE: 2001803258940_Node0_Node8_Zero, Node4 id 2001803258940_Node0_Node8_Zero was a dupe; retransmit: 0, pkt_enqueue_time=2004999490433.3005, pkt_dequeue_time=2004999490433.3005, forwarded_or_dropped=1, reason_for_drop='Expiry'
DUPE: 2001808723892_Node0_Node8_Zero, Node4 id 2001808723892_Node0_Node8_Zero was a dupe; retransmit: 0, pkt_enqueue_time=2004999490433.3005, pkt_dequeue_time=2004999490433.3005, forwarded_or_dropped=1, reason_for_drop='Expiry'
main.py: Progress: 2005 / 2104
Called Update: UpdateRouteCalls = 0, force = True
!! UPDATING !!
routeNo, updatedMCSIndex =  0 [2, 1, 1, 0, 1, 1, 1, 1]

rf.py: Time: 2005 Route details: {0: {'Route': [0, 1, 2, 3, 4, 5, 6, 7, 8], 'MCS_Index': [2, 1, 1, 0, 1, 1, 1, 1], 'Priority': 1, 'ValidRoute': True, 'HQRoute': True, 'RouteNodeDensity': [0, 0, 0, 0, 0, 2, 0, 0, 0], 'InterferingLinks': 16, 'Target': (-1, -1)}}
DUPE: 2001890693685_Node0_Node8_Zero, Node5 id 2001890693685_Node0_Node8_Zero was a dupe; retransmit: 0, pkt_enqueue_time=2005011752231.4094, pkt_dequeue_time=2005011752231.4094, forwarded_or_dropped=1, reason_for_drop='Expiry'
DUPE: 2001896154875_Node0_Node8_Zero, Node5 id 2001896154875_Node0_Node8_Zero was a dupe; retransmit: 0, pkt_enqueue_time=2005011752231.4094, pkt_dequeue_time=2005011752231.4094, forwarded_or_dropped=1, reason_for_drop='Expiry'
DUPE: 2001311462831_Node0_Node8_Zero, Node4 id 2001311462831_Node0_Node8_Zero was a dupe; retransmit: 0, pkt_enqueue_time=2005013999838.937, pkt_dequeue_time=2005013999838.937, forwarded_or_dropped=1, reason_for_drop='Expiry'
DUPE: 2001316922570_Node0_Node8_Zero, Node4 id 2001316922570_Node0_Node8_Zero was a dupe; retransmit: 0, pkt_enqueue_time=2005013999838.937, pkt_dequeue_time=2005013999838.937, forwarded_or_dropped=1, reason_for_drop='Expiry'
DUPE: 2001945338603_Node0_Node8_Zero, Node5 id 2001945338603_Node0_Node8_Zero was a dupe; retransmit: 0, pkt_enqueue_time=2005023304756.7551, pkt_dequeue_time=2005023304756.7551, forwarded_or_dropped=1, reason_for_drop='Expiry'
DUPE: 2001956266916_Node0_Node8_Zero, Node5 id 2001956266916_Node0_Node8_Zero was a dupe; retransmit: 0, pkt_enqueue_time=2005023304756.7551, pkt_dequeue_time=2005023304756.7551, forwarded_or_dropped=1, reason_for_drop='Expiry'
DUPE: 2001049173249_Node0_Node8_Zero, Node4 id 2001049173249_Node0_Node8_Zero was a dupe; retransmit: 0, pkt_enqueue_time=2005027066044.5735, pkt_dequeue_time=2005027066044.5735, forwarded_or_dropped=1, reason_for_drop='Expiry'
DUPE: 2001054638189_Node0_Node8_Zero, Node4 id 2001054638189_Node0_Node8_Zero was a dupe; retransmit: 0, pkt_enqueue_time=2005027066044.5735, pkt_dequeue_time=2005027066044.5735, forwarded_or_dropped=1, reason_for_drop='Expiry'
DUPE: 2001748614771_Node0_Node8_Zero, Node5 id 2001748614771_Node0_Node8_Zero was a dupe; retransmit: 0, pkt_enqueue_time=2005038879210.3916, pkt_dequeue_time=2005038879210.3916, forwarded_or_dropped=1, reason_for_drop='Expiry'
DUPE: 2000590187692_Node0_Node8_Zero, Node4 id 2000590187692_Node0_Node8_Zero was a dupe; retransmit: 0, pkt_enqueue_time=2005044056694.885, pkt_dequeue_time=2005044056694.885, forwarded_or_dropped=1, reason_for_drop='Expiry'
DUPE: 2000595648356_Node0_Node8_Zero, Node4 id 2000595648356_Node0_Node8_Zero was a dupe; retransmit: 0, pkt_enqueue_time=2005048375956.7368, pkt_dequeue_time=2005048375956.7368, forwarded_or_dropped=1, reason_for_drop='Expiry'
DUPE: 2000601109294_Node0_Node8_Zero, Node4 id 2000601109294_Node0_Node8_Zero was a dupe; retransmit: 0, pkt_enqueue_time=2005048375956.7368, pkt_dequeue_time=2005048375956.7368, forwarded_or_dropped=1, reason_for_drop='Expiry'
DUPE: 2001803258940_Node0_Node8_Zero, Node5 id 2001803258940_Node0_Node8_Zero was a dupe; retransmit: 0, pkt_enqueue_time=2005060345777.555, pkt_dequeue_time=2005060345777.555, forwarded_or_dropped=1, reason_for_drop='Expiry'
DUPE: 2000961754741_Node0_Node8_Zero, Node4 id 2000961754741_Node0_Node8_Zero was a dupe; retransmit: 0, pkt_enqueue_time=2005069873252.1218, pkt_dequeue_time=2005069873252.1218, forwarded_or_dropped=1, reason_for_drop='Expiry'
DUPE: 2000967218041_Node0_Node8_Zero, Node4 id 2000967218041_Node0_Node8_Zero was a dupe; retransmit: 0, pkt_enqueue_time=2005069873252.1218, pkt_dequeue_time=2005069873252.1218, forwarded_or_dropped=1, reason_for_drop='Expiry'
DUPE: 2001628395747_Node0_Node8_Zero, Node4 id 2001628395747_Node0_Node8_Zero was a dupe; retransmit: 0, pkt_enqueue_time=2005090483584.3948, pkt_dequeue_time=2005090483584.3948, forwarded_or_dropped=1, reason_for_drop='Expiry'
DUPE: 2001633857708_Node0_Node8_Zero, Node4 id 2001633857708_Node0_Node8_Zero was a dupe; retransmit: 0, pkt_enqueue_time=2005090483584.3948, pkt_dequeue_time=2005090483584.3948, forwarded_or_dropped=1, reason_for_drop='Expiry'
DUPE: 2001650247265_Node0_Node8_Zero, Node4 id 2001650247265_Node0_Node8_Zero was a dupe; retransmit: 0, pkt_enqueue_time=2005102558743.6677, pkt_dequeue_time=2005102558743.6677, forwarded_or_dropped=1, reason_for_drop='Expiry'
DUPE: 2000579256681_Node0_Node8_Zero, Node5 id 2000579256681_Node0_Node8_Zero was a dupe; retransmit: 0, pkt_enqueue_time=2005136929247.4858, pkt_dequeue_time=2005136929247.4858, forwarded_or_dropped=1, reason_for_drop='Expiry'
DUPE: 2000153015003_Node0_Node8_Zero, Node5 id 2000153015003_Node0_Node8_Zero was a dupe; retransmit: 0, pkt_enqueue_time=2005173352556.0312, pkt_dequeue_time=2005173352556.0312, forwarded_or_dropped=1, reason_for_drop='Expiry'
DUPE: 2000158483139_Node0_Node8_Zero, Node5 id 2000158483139_Node0_Node8_Zero was a dupe; retransmit: 0, pkt_enqueue_time=2005173352556.0312, pkt_dequeue_time=2005173352556.0312, forwarded_or_dropped=1, reason_for_drop='Expiry'
Node.py: (Node0)@2005200000000.0: Updated MCS from 2 to 2, hist=deque([1.2054794520547945, 0.9864864864864865, 1.0136986301369864, 0.7808219178082192, 1.2191780821917808], maxlen=5), packets_serviced=89, packets_received=73
Called Update: UpdateRouteCalls = 0, force = False
Node.py: (Node1)@2005200000000.0: Updated MCS from 1 to 1, hist=deque([0.9361702127659575, 0.8082191780821918, 0.6575342465753424, 0.9354838709677419, 0.021739130434782608], maxlen=5), packets_serviced=2, packets_received=92
Called Update: UpdateRouteCalls = 1, force = False
Node.py: (Node2)@2005200000000.0: Updated MCS from 1 to 1, hist=deque([0.08791208791208792, 0.7, 1.3777777777777778, 0.022988505747126436, 2.0], maxlen=5), packets_serviced=60, packets_received=30
Called Update: UpdateRouteCalls = 2, force = False
Node.py: (Node3)@2005200000000.0: Updated MCS from 0 to 1, hist=deque([1.6666666666666667, 0.0, 0.0, 0.0, 0.0], maxlen=5), packets_serviced=0, packets_received=100
Called Update: UpdateRouteCalls = 3, force = False
Node.py: (Node4)@2005200000000.0: Updated MCS from 1 to 1, hist=deque([0.3333333333333333, 0.2222222222222222, 0.0, 1.8461538461538463, 0.7391304347826086], maxlen=5), packets_serviced=17, packets_received=23
Called Update: UpdateRouteCalls = 4, force = False
Node.py: (Node5)@2005200000000.0: Updated MCS from 1 to 1, hist=deque([0.26, 0.6666666666666666, 0.0, 0.273972602739726, 0.3333333333333333], maxlen=5), packets_serviced=17, packets_received=51
Called Update: UpdateRouteCalls = 5, force = False
Node.py: (Node6)@2005200000000.0: Updated MCS from 1 to 1, hist=deque([0.11764705882352941, 0.36666666666666664, 0.2459016393442623, 0.3333333333333333, 0.28125], maxlen=5), packets_serviced=9, packets_received=32
Called Update: UpdateRouteCalls = 6, force = False
Node.py: (Node7)@2005200000000.0: Updated MCS from 1 to 1, hist=deque([0.06060606060606061, 0.23529411764705882, 0.24074074074074073, 0.35, 0.26666666666666666], maxlen=5), packets_serviced=4, packets_received=15
Called Update: UpdateRouteCalls = 7, force = False
Called Update: UpdateRouteCalls = 8, force = False
Called Update: UpdateRouteCalls = 9, force = False
Called Update: UpdateRouteCalls = 10, force = False
Called Update: UpdateRouteCalls = 11, force = False
Called Update: UpdateRouteCalls = 12, force = False
Called Update: UpdateRouteCalls = 13, force = False
Called Update: UpdateRouteCalls = 14, force = False
Called Update: UpdateRouteCalls = 15, force = False
Called Update: UpdateRouteCalls = 16, force = False
Called Update: UpdateRouteCalls = 17, force = False
!! UPDATING !!
routeNo, updatedMCSIndex =  0 [2, 1, 1, 1, 1, 1, 1, 1]
DUPE: 2000327872529_Node0_Node8_Zero, Node5 id 2000327872529_Node0_Node8_Zero was a dupe; retransmit: 0, pkt_enqueue_time=2005211272636.6677, pkt_dequeue_time=2005211272636.6677, forwarded_or_dropped=1, reason_for_drop='Expiry'
DUPE: 2000786908856_Node0_Node8_Zero, Node5 id 2000786908856_Node0_Node8_Zero was a dupe; retransmit: 0, pkt_enqueue_time=2005244607398.3042, pkt_dequeue_time=2005244607398.3042, forwarded_or_dropped=1, reason_for_drop='Expiry'
DUPE: 2000797839961_Node0_Node8_Zero, Node5 id 2000797839961_Node0_Node8_Zero was a dupe; retransmit: 0, pkt_enqueue_time=2005244607398.3042, pkt_dequeue_time=2005244607398.3042, forwarded_or_dropped=1, reason_for_drop='Expiry'
DUPE: 2000295086353_Node0_Node8_Zero, Node5 id 2000295086353_Node0_Node8_Zero was a dupe; retransmit: 0, pkt_enqueue_time=2005275389662.9407, pkt_dequeue_time=2005275389662.9407, forwarded_or_dropped=1, reason_for_drop='Expiry'
DUPE: 2000300550022_Node0_Node8_Zero, Node5 id 2000300550022_Node0_Node8_Zero was a dupe; retransmit: 0, pkt_enqueue_time=2005275389662.9407, pkt_dequeue_time=2005275389662.9407, forwarded_or_dropped=1, reason_for_drop='Expiry'
DUPE: 2000573792059_Node0_Node8_Zero, Node5 id 2000573792059_Node0_Node8_Zero was a dupe; retransmit: 0, pkt_enqueue_time=2005304652103.5771, pkt_dequeue_time=2005304652103.5771, forwarded_or_dropped=1, reason_for_drop='Expiry'
DUPE: 2000601109294_Node0_Node8_Zero, Node5 id 2000601109294_Node0_Node8_Zero was a dupe; retransmit: 0, pkt_enqueue_time=2005307990406.4314, pkt_dequeue_time=2005307990406.4314, forwarded_or_dropped=1, reason_for_drop='Expiry'
DUPE: 2000770512735_Node0_Node8_Zero, Node5 id 2000770512735_Node0_Node8_Zero was a dupe; retransmit: 0, pkt_enqueue_time=2005336030336.9768, pkt_dequeue_time=2005336030336.9768, forwarded_or_dropped=1, reason_for_drop='Expiry'
DUPE: 2000781445364_Node0_Node8_Zero, Node5 id 2000781445364_Node0_Node8_Zero was a dupe; retransmit: 0, pkt_enqueue_time=2005336030336.9768, pkt_dequeue_time=2005336030336.9768, forwarded_or_dropped=1, reason_for_drop='Expiry'
DUPE: 2000803300086_Node0_Node8_Zero, Node5 id 2000803300086_Node0_Node8_Zero was a dupe; retransmit: 0, pkt_enqueue_time=2005340524066.0686, pkt_dequeue_time=2005340524066.0686, forwarded_or_dropped=1, reason_for_drop='Expiry'
DUPE: 2000814231717_Node0_Node8_Zero, Node5 id 2000814231717_Node0_Node8_Zero was a dupe; retransmit: 0, pkt_enqueue_time=2005340524066.0686, pkt_dequeue_time=2005340524066.0686, forwarded_or_dropped=1, reason_for_drop='Expiry'
DUPE: 2000644830687_Node0_Node8_Zero, Node5 id 2000644830687_Node0_Node8_Zero was a dupe; retransmit: 0, pkt_enqueue_time=2005379095834.705, pkt_dequeue_time=2005379095834.705, forwarded_or_dropped=1, reason_for_drop='Expiry'
DUPE: 2000677618083_Node0_Node8_Zero, Node5 id 2000677618083_Node0_Node8_Zero was a dupe; retransmit: 0, pkt_enqueue_time=2005379095834.705, pkt_dequeue_time=2005379095834.705, forwarded_or_dropped=1, reason_for_drop='Expiry'
DUPE: 2000273221194_Node0_Node8_Zero, Node5 id 2000273221194_Node0_Node8_Zero was a dupe; retransmit: 0, pkt_enqueue_time=2005450084779.887, pkt_dequeue_time=2005450084779.887, forwarded_or_dropped=1, reason_for_drop='Expiry'
DUPE: 2000278690016_Node0_Node8_Zero, Node5 id 2000278690016_Node0_Node8_Zero was a dupe; retransmit: 0, pkt_enqueue_time=2005450084779.887, pkt_dequeue_time=2005450084779.887, forwarded_or_dropped=1, reason_for_drop='Expiry'
DUPE: 2000306012581_Node0_Node8_Zero, Node5 id 2000306012581_Node0_Node8_Zero was a dupe; retransmit: 0, pkt_enqueue_time=2005485389663.5234, pkt_dequeue_time=2005485389663.5234, forwarded_or_dropped=1, reason_for_drop='Expiry'
DUPE: 2000311476650_Node0_Node8_Zero, Node5 id 2000311476650_Node0_Node8_Zero was a dupe; retransmit: 0, pkt_enqueue_time=2005485389663.5234, pkt_dequeue_time=2005485389663.5234, forwarded_or_dropped=1, reason_for_drop='Expiry'
DUPE: 2000240430877_Node0_Node8_Zero, Node5 id 2000240430877_Node0_Node8_Zero was a dupe; retransmit: 0, pkt_enqueue_time=2005518068755.16, pkt_dequeue_time=2005518068755.16, forwarded_or_dropped=1, reason_for_drop='Expiry'
DUPE: 2000245895709_Node0_Node8_Zero, Node5 id 2000245895709_Node0_Node8_Zero was a dupe; retransmit: 0, pkt_enqueue_time=2005518068755.16, pkt_dequeue_time=2005518068755.16, forwarded_or_dropped=1, reason_for_drop='Expiry'
DUPE: 2000622966692_Node0_Node8_Zero, Node5 id 2000622966692_Node0_Node8_Zero was a dupe; retransmit: 0, pkt_enqueue_time=2005556403936.7964, pkt_dequeue_time=2005556403936.7964, forwarded_or_dropped=1, reason_for_drop='Expiry'
DUPE: 2000683085062_Node0_Node8_Zero, Node5 id 2000683085062_Node0_Node8_Zero was a dupe; retransmit: 0, pkt_enqueue_time=2005556403936.7964, pkt_dequeue_time=2005556403936.7964, forwarded_or_dropped=1, reason_for_drop='Expiry'
DUPE: 2000715877423_Node0_Node8_Zero, Node5 id 2000715877423_Node0_Node8_Zero was a dupe; retransmit: 0, pkt_enqueue_time=2005590190439.4546, pkt_dequeue_time=2005590190439.4546, forwarded_or_dropped=1, reason_for_drop='Expiry'
Node.py: (Node0)@2005600000000.0: Updated MCS from 2 to 2, hist=deque([0.9864864864864865, 1.0136986301369864, 0.7808219178082192, 1.2191780821917808, 1.0], maxlen=5), packets_serviced=73, packets_received=73
Called Update: UpdateRouteCalls = 0, force = False
Node.py: (Node1)@2005600000000.0: Updated MCS from 1 to 1, hist=deque([0.8082191780821918, 0.6575342465753424, 0.9354838709677419, 0.021739130434782608, 0.0], maxlen=5), packets_serviced=0, packets_received=73
Called Update: UpdateRouteCalls = 1, force = False
Called Update: UpdateRouteCalls = 2, force = False
Node.py: (Node3)@2005600000000.0: Updated MCS from 1 to 1, hist=deque([0.0, 0.0, 0.0, 0.0, 0.0], maxlen=5), packets_serviced=0, packets_received=283
Called Update: UpdateRouteCalls = 3, force = False
Called Update: UpdateRouteCalls = 4, force = False
Node.py: (Node5)@2005600000000.0: Updated MCS from 1 to 1, hist=deque([0.6666666666666666, 0.0, 0.273972602739726, 0.3333333333333333, 0.0], maxlen=5), packets_serviced=0, packets_received=23
Called Update: UpdateRouteCalls = 5, force = False
Called Update: UpdateRouteCalls = 6, force = False
Called Update: UpdateRouteCalls = 7, force = False
Called Update: UpdateRouteCalls = 8, force = False
Called Update: UpdateRouteCalls = 9, force = False
Called Update: UpdateRouteCalls = 10, force = False
Called Update: UpdateRouteCalls = 11, force = False
Called Update: UpdateRouteCalls = 12, force = False
Called Update: UpdateRouteCalls = 13, force = False
Called Update: UpdateRouteCalls = 14, force = False
Called Update: UpdateRouteCalls = 15, force = False
Called Update: UpdateRouteCalls = 16, force = False
Called Update: UpdateRouteCalls = 17, force = False
!! UPDATING !!
routeNo, updatedMCSIndex =  0 [2, 1, 1, 1, 1, 1, 1, 1]
DUPE: 2000185794070_Node0_Node8_Zero, Node5 id 2000185794070_Node0_Node8_Zero was a dupe; retransmit: 0, pkt_enqueue_time=2005627397008.091, pkt_dequeue_time=2005627397008.091, forwarded_or_dropped=1, reason_for_drop='Expiry'
DUPE: 2000191258959_Node0_Node8_Zero, Node5 id 2000191258959_Node0_Node8_Zero was a dupe; retransmit: 0, pkt_enqueue_time=2005627397008.091, pkt_dequeue_time=2005627397008.091, forwarded_or_dropped=1, reason_for_drop='Expiry'
DUPE: 2000360663932_Node0_Node8_Zero, Node5 id 2000360663932_Node0_Node8_Zero was a dupe; retransmit: 0, pkt_enqueue_time=2005662118141.7275, pkt_dequeue_time=2005662118141.7275, forwarded_or_dropped=1, reason_for_drop='Expiry'
DUPE: 2000366132634_Node0_Node8_Zero, Node5 id 2000366132634_Node0_Node8_Zero was a dupe; retransmit: 0, pkt_enqueue_time=2005662118141.7275, pkt_dequeue_time=2005662118141.7275, forwarded_or_dropped=1, reason_for_drop='Expiry'
DUPE: 2000377061809_Node0_Node8_Zero, Node5 id 2000377061809_Node0_Node8_Zero was a dupe; retransmit: 0, pkt_enqueue_time=2005682061629.8047, pkt_dequeue_time=2005682061629.8047, forwarded_or_dropped=1, reason_for_drop='Expiry'
DUPE: 2000098359046_Node0_Node8_Zero, Node5 id 2000098359046_Node0_Node8_Zero was a dupe; retransmit: 0, pkt_enqueue_time=2005714183317.4412, pkt_dequeue_time=2005714183317.4412, forwarded_or_dropped=1, reason_for_drop='Expiry'
DUPE: 2000103821584_Node0_Node8_Zero, Node5 id 2000103821584_Node0_Node8_Zero was a dupe; retransmit: 0, pkt_enqueue_time=2005714183317.4412, pkt_dequeue_time=2005714183317.4412, forwarded_or_dropped=1, reason_for_drop='Expiry'
DUPE: 2000595648356_Node0_Node8_Zero, Node5 id 2000595648356_Node0_Node8_Zero was a dupe; retransmit: 0, pkt_enqueue_time=2005747070861.0776, pkt_dequeue_time=2005747070861.0776, forwarded_or_dropped=1, reason_for_drop='Expiry'
DUPE: 2002912496369_Node0_Node8_Zero, Node3 id 2002912496369_Node0_Node8_Zero was a dupe; retransmit: 0, pkt_enqueue_time=2005976933297.0356, pkt_dequeue_time=2005976933297.0356, forwarded_or_dropped=1, reason_for_drop='Expiry'
DUPE: 2002917959907_Node0_Node8_Zero, Node3 id 2002917959907_Node0_Node8_Zero was a dupe; retransmit: 0, pkt_enqueue_time=2005976933297.0356, pkt_dequeue_time=2005976933297.0356, forwarded_or_dropped=1, reason_for_drop='Expiry'
DUPE: 2002950748974_Node0_Node8_Zero, Node3 id 2002950748974_Node0_Node8_Zero was a dupe; retransmit: 0, pkt_enqueue_time=2005991850987.945, pkt_dequeue_time=2005991850987.945, forwarded_or_dropped=1, reason_for_drop='Expiry'
DUPE: 2002956214034_Node0_Node8_Zero, Node3 id 2002956214034_Node0_Node8_Zero was a dupe; retransmit: 0, pkt_enqueue_time=2005991850987.945, pkt_dequeue_time=2005991850987.945, forwarded_or_dropped=1, reason_for_drop='Expiry'
main.py: Progress: 2006 / 2104
Node.py: (Node0)@2006000000000.0: Updated MCS from 2 to 2, hist=deque([1.0136986301369864, 0.7808219178082192, 1.2191780821917808, 1.0, 0.9864864864864865], maxlen=5), packets_serviced=73, packets_received=74
Called Update: UpdateRouteCalls = 0, force = False
Node.py: (Node1)@2006000000000.0: Updated MCS from 1 to 1, hist=deque([0.6575342465753424, 0.9354838709677419, 0.021739130434782608, 0.0, 0.0], maxlen=5), packets_serviced=0, packets_received=73
Called Update: UpdateRouteCalls = 1, force = False
Called Update: UpdateRouteCalls = 2, force = False
Node.py: (Node3)@2006000000000.0: Updated MCS from 1 to 1, hist=deque([0.0, 0.0, 0.0, 0.0, 0.0], maxlen=5), packets_serviced=0, packets_received=214
Called Update: UpdateRouteCalls = 3, force = False
Called Update: UpdateRouteCalls = 4, force = False
Node.py: (Node5)@2006000000000.0: Updated MCS from 1 to 1, hist=deque([0.0, 0.273972602739726, 0.3333333333333333, 0.0, 0.0], maxlen=5), packets_serviced=0, packets_received=8
Called Update: UpdateRouteCalls = 5, force = False
Called Update: UpdateRouteCalls = 6, force = False
Called Update: UpdateRouteCalls = 7, force = False
Called Update: UpdateRouteCalls = 8, force = False
Called Update: UpdateRouteCalls = 9, force = False
Called Update: UpdateRouteCalls = 10, force = False
Called Update: UpdateRouteCalls = 11, force = False
Called Update: UpdateRouteCalls = 12, force = False
Called Update: UpdateRouteCalls = 13, force = False
Called Update: UpdateRouteCalls = 14, force = False
Called Update: UpdateRouteCalls = 15, force = False
Called Update: UpdateRouteCalls = 16, force = False
Called Update: UpdateRouteCalls = 17, force = False
!! UPDATING !!
routeNo, updatedMCSIndex =  0 [2, 1, 1, 1, 1, 1, 1, 1]
Called Update: UpdateRouteCalls = 0, force = True
!! UPDATING !!
routeNo, updatedMCSIndex =  0 [2, 1, 1, 1, 1, 1, 1, 1]

rf.py: Time: 2006 Route details: {0: {'Route': [0, 1, 2, 3, 4, 5, 6, 7, 8], 'MCS_Index': [2, 1, 1, 1, 1, 1, 1, 1], 'Priority': 1, 'ValidRoute': True, 'HQRoute': True, 'RouteNodeDensity': [0, 0, 0, 0, 0, 2, 0, 0, 0], 'InterferingLinks': 16, 'Target': (-1, -1)}}
DUPE: 2002874244259_Node0_Node8_Zero, Node3 id 2002874244259_Node0_Node8_Zero was a dupe; retransmit: 0, pkt_enqueue_time=2006013801960.491, pkt_dequeue_time=2006013801960.491, forwarded_or_dropped=1, reason_for_drop='Expiry'
DUPE: 2002879707575_Node0_Node8_Zero, Node3 id 2002879707575_Node0_Node8_Zero was a dupe; retransmit: 0, pkt_enqueue_time=2006013801960.491, pkt_dequeue_time=2006013801960.491, forwarded_or_dropped=1, reason_for_drop='Expiry'
DUPE: 2002901560663_Node0_Node8_Zero, Node3 id 2002901560663_Node0_Node8_Zero was a dupe; retransmit: 0, pkt_enqueue_time=2006019253087.764, pkt_dequeue_time=2006019253087.764, forwarded_or_dropped=1, reason_for_drop='Expiry'
DUPE: 2002907029484_Node0_Node8_Zero, Node3 id 2002907029484_Node0_Node8_Zero was a dupe; retransmit: 0, pkt_enqueue_time=2006019253087.764, pkt_dequeue_time=2006019253087.764, forwarded_or_dropped=1, reason_for_drop='Expiry'
DUPE: 2002961682837_Node0_Node8_Zero, Node3 id 2002961682837_Node0_Node8_Zero was a dupe; retransmit: 0, pkt_enqueue_time=2006058863751.2192, pkt_dequeue_time=2006058863751.2192, forwarded_or_dropped=1, reason_for_drop='Expiry'
DUPE: 2002967149079_Node0_Node8_Zero, Node3 id 2002967149079_Node0_Node8_Zero was a dupe; retransmit: 0, pkt_enqueue_time=2006058863751.2192, pkt_dequeue_time=2006058863751.2192, forwarded_or_dropped=1, reason_for_drop='Expiry'
DUPE: 2003070987153_Node0_Node8_Zero, Node3 id 2003070987153_Node0_Node8_Zero was a dupe; retransmit: 0, pkt_enqueue_time=2006085531569.4016, pkt_dequeue_time=2006085531569.4016, forwarded_or_dropped=1, reason_for_drop='Expiry'
DUPE: 2003076448361_Node0_Node8_Zero, Node3 id 2003076448361_Node0_Node8_Zero was a dupe; retransmit: 0, pkt_enqueue_time=2006085531569.4016, pkt_dequeue_time=2006085531569.4016, forwarded_or_dropped=1, reason_for_drop='Expiry'
DUPE: 2003043663386_Node0_Node8_Zero, Node3 id 2003043663386_Node0_Node8_Zero was a dupe; retransmit: 0, pkt_enqueue_time=2006096294696.6746, pkt_dequeue_time=2006096294696.6746, forwarded_or_dropped=1, reason_for_drop='Expiry'
DUPE: 2003049131885_Node0_Node8_Zero, Node3 id 2003049131885_Node0_Node8_Zero was a dupe; retransmit: 0, pkt_enqueue_time=2006096294696.6746, pkt_dequeue_time=2006096294696.6746, forwarded_or_dropped=1, reason_for_drop='Expiry'
DUPE: 2002819612213_Node0_Node8_Zero, Node3 id 2002819612213_Node0_Node8_Zero was a dupe; retransmit: 0, pkt_enqueue_time=2006113412105.584, pkt_dequeue_time=2006113412105.584, forwarded_or_dropped=1, reason_for_drop='Expiry'
DUPE: 2002825072891_Node0_Node8_Zero, Node3 id 2002825072891_Node0_Node8_Zero was a dupe; retransmit: 0, pkt_enqueue_time=2006113412105.584, pkt_dequeue_time=2006113412105.584, forwarded_or_dropped=1, reason_for_drop='Expiry'
DUPE: 2002863319118_Node0_Node8_Zero, Node3 id 2002863319118_Node0_Node8_Zero was a dupe; retransmit: 0, pkt_enqueue_time=2006116128977.584, pkt_dequeue_time=2006116128977.584, forwarded_or_dropped=1, reason_for_drop='Expiry'
DUPE: 2002868780491_Node0_Node8_Zero, Node3 id 2002868780491_Node0_Node8_Zero was a dupe; retransmit: 0, pkt_enqueue_time=2006116128977.584, pkt_dequeue_time=2006116128977.584, forwarded_or_dropped=1, reason_for_drop='Expiry'
DUPE: 2003092845692_Node0_Node8_Zero, Node3 id 2003092845692_Node0_Node8_Zero was a dupe; retransmit: 0, pkt_enqueue_time=2006148778513.7664, pkt_dequeue_time=2006148778513.7664, forwarded_or_dropped=1, reason_for_drop='Expiry'
DUPE: 2003098307883_Node0_Node8_Zero, Node3 id 2003098307883_Node0_Node8_Zero was a dupe; retransmit: 0, pkt_enqueue_time=2006148778513.7664, pkt_dequeue_time=2006148778513.7664, forwarded_or_dropped=1, reason_for_drop='Expiry'
Node.py: (Node0)@2006400000000.0: Updated MCS from 2 to 2, hist=deque([0.7808219178082192, 1.2191780821917808, 1.0, 0.9864864864864865, 1.0], maxlen=5), packets_serviced=73, packets_received=73
Called Update: UpdateRouteCalls = 0, force = False
Node.py: (Node1)@2006400000000.0: Updated MCS from 1 to 1, hist=deque([0.9354838709677419, 0.021739130434782608, 0.0, 0.0, 0.0], maxlen=5), packets_serviced=0, packets_received=73
Called Update: UpdateRouteCalls = 1, force = False
Called Update: UpdateRouteCalls = 2, force = False
Node.py: (Node3)@2006400000000.0: Updated MCS from 1 to 1, hist=deque([0.0, 0.0, 0.0, 0.0, 0.0], maxlen=5), packets_serviced=0, packets_received=271
Called Update: UpdateRouteCalls = 3, force = False
Called Update: UpdateRouteCalls = 4, force = False
Called Update: UpdateRouteCalls = 5, force = False
Called Update: UpdateRouteCalls = 6, force = False
Called Update: UpdateRouteCalls = 7, force = False
Called Update: UpdateRouteCalls = 8, force = False
Called Update: UpdateRouteCalls = 9, force = False
Called Update: UpdateRouteCalls = 10, force = False
Called Update: UpdateRouteCalls = 11, force = False
Called Update: UpdateRouteCalls = 12, force = False
Called Update: UpdateRouteCalls = 13, force = False
Called Update: UpdateRouteCalls = 14, force = False
Called Update: UpdateRouteCalls = 15, force = False
Called Update: UpdateRouteCalls = 16, force = False
Called Update: UpdateRouteCalls = 17, force = False
!! UPDATING !!
routeNo, updatedMCSIndex =  0 [2, 1, 1, 1, 1, 1, 1, 1]
DUPE: 2003786861507_Node0_Node8_Zero, Node3 id 2003786861507_Node0_Node8_Zero was a dupe; retransmit: 0, pkt_enqueue_time=2006788300852.8123, pkt_dequeue_time=2006788300852.8123, forwarded_or_dropped=1, reason_for_drop='Expiry'
Node.py: (Node0)@2006800000000.0: Updated MCS from 2 to 2, hist=deque([1.2191780821917808, 1.0, 0.9864864864864865, 1.0, 1.0136986301369864], maxlen=5), packets_serviced=74, packets_received=73
Called Update: UpdateRouteCalls = 0, force = False
Node.py: (Node1)@2006800000000.0: Updated MCS from 1 to 1, hist=deque([0.021739130434782608, 0.0, 0.0, 0.0, 0.0], maxlen=5), packets_serviced=0, packets_received=74
Called Update: UpdateRouteCalls = 1, force = False
Called Update: UpdateRouteCalls = 2, force = False
Node.py: (Node3)@2006800000000.0: Updated MCS from 1 to 1, hist=deque([0.0, 0.0, 0.0, 0.0, 0.0], maxlen=5), packets_serviced=0, packets_received=277
Called Update: UpdateRouteCalls = 3, force = False
Called Update: UpdateRouteCalls = 4, force = False
Called Update: UpdateRouteCalls = 5, force = False
Called Update: UpdateRouteCalls = 6, force = False
Called Update: UpdateRouteCalls = 7, force = False
Called Update: UpdateRouteCalls = 8, force = False
Called Update: UpdateRouteCalls = 9, force = False
Called Update: UpdateRouteCalls = 10, force = False
Called Update: UpdateRouteCalls = 11, force = False
Called Update: UpdateRouteCalls = 12, force = False
Called Update: UpdateRouteCalls = 13, force = False
Called Update: UpdateRouteCalls = 14, force = False
Called Update: UpdateRouteCalls = 15, force = False
Called Update: UpdateRouteCalls = 16, force = False
Called Update: UpdateRouteCalls = 17, force = False
!! UPDATING !!
routeNo, updatedMCSIndex =  0 [2, 1, 1, 1, 1, 1, 1, 1]
DUPE: 2003841510775_Node0_Node8_Zero, Node3 id 2003841510775_Node0_Node8_Zero was a dupe; retransmit: 0, pkt_enqueue_time=2006891509432.8147, pkt_dequeue_time=2006891509432.8147, forwarded_or_dropped=1, reason_for_drop='Expiry'
DUPE: 2003846976965_Node0_Node8_Zero, Node3 id 2003846976965_Node0_Node8_Zero was a dupe; retransmit: 0, pkt_enqueue_time=2006891509432.8147, pkt_dequeue_time=2006891509432.8147, forwarded_or_dropped=1, reason_for_drop='Expiry'
DUPE: 2003852446242_Node0_Node8_Zero, Node3 id 2003852446242_Node0_Node8_Zero was a dupe; retransmit: 0, pkt_enqueue_time=2006893426304.8147, pkt_dequeue_time=2006893426304.8147, forwarded_or_dropped=1, reason_for_drop='Expiry'
DUPE: 2003857911511_Node0_Node8_Zero, Node3 id 2003857911511_Node0_Node8_Zero was a dupe; retransmit: 0, pkt_enqueue_time=2006893426304.8147, pkt_dequeue_time=2006893426304.8147, forwarded_or_dropped=1, reason_for_drop='Expiry'
DUPE: 2003923472080_Node0_Node8_Zero, Node3 id 2003923472080_Node0_Node8_Zero was a dupe; retransmit: 0, pkt_enqueue_time=2006938176368.27, pkt_dequeue_time=2006938176368.27, forwarded_or_dropped=1, reason_for_drop='Expiry'
DUPE: 2003928932464_Node0_Node8_Zero, Node3 id 2003928932464_Node0_Node8_Zero was a dupe; retransmit: 0, pkt_enqueue_time=2006938176368.27, pkt_dequeue_time=2006938176368.27, forwarded_or_dropped=1, reason_for_drop='Expiry'
DUPE: 2003775939485_Node0_Node8_Zero, Node3 id 2003775939485_Node0_Node8_Zero was a dupe; retransmit: 0, pkt_enqueue_time=2006943001931.9065, pkt_dequeue_time=2006943001931.9065, forwarded_or_dropped=1, reason_for_drop='Expiry'
DUPE: 2003781399252_Node0_Node8_Zero, Node3 id 2003781399252_Node0_Node8_Zero was a dupe; retransmit: 0, pkt_enqueue_time=2006943001931.9065, pkt_dequeue_time=2006943001931.9065, forwarded_or_dropped=1, reason_for_drop='Expiry'
DUPE: 2003885230555_Node0_Node8_Zero, Node3 id 2003885230555_Node0_Node8_Zero was a dupe; retransmit: 0, pkt_enqueue_time=2006966717750.0889, pkt_dequeue_time=2006966717750.0889, forwarded_or_dropped=1, reason_for_drop='Expiry'
DUPE: 2003890693852_Node0_Node8_Zero, Node3 id 2003890693852_Node0_Node8_Zero was a dupe; retransmit: 0, pkt_enqueue_time=2006966717750.0889, pkt_dequeue_time=2006966717750.0889, forwarded_or_dropped=1, reason_for_drop='Expiry'
DUPE: 2003754087130_Node0_Node8_Zero, Node3 id 2003754087130_Node0_Node8_Zero was a dupe; retransmit: 0, pkt_enqueue_time=2006990212568.2712, pkt_dequeue_time=2006990212568.2712, forwarded_or_dropped=1, reason_for_drop='Expiry'
DUPE: 2003759554048_Node0_Node8_Zero, Node3 id 2003759554048_Node0_Node8_Zero was a dupe; retransmit: 0, pkt_enqueue_time=2006990212568.2712, pkt_dequeue_time=2006990212568.2712, forwarded_or_dropped=1, reason_for_drop='Expiry'
main.py: Progress: 2007 / 2104
Called Update: UpdateRouteCalls = 0, force = True
!! UPDATING !!
routeNo, updatedMCSIndex =  0 [2, 1, 1, 1, 1, 1, 1, 1]

rf.py: Time: 2007 Route details: {0: {'Route': [0, 1, 2, 3, 4, 5, 6, 7, 8], 'MCS_Index': [2, 1, 1, 1, 1, 1, 1, 1], 'Priority': 1, 'ValidRoute': True, 'HQRoute': True, 'RouteNodeDensity': [0, 0, 0, 0, 0, 2, 0, 0, 0], 'InterferingLinks': 16, 'Target': (-1, -1)}}
DUPE: 2003382470281_Node0_Node8_Zero, Node3 id 2003382470281_Node0_Node8_Zero was a dupe; retransmit: 0, pkt_enqueue_time=2007025577668.09, pkt_dequeue_time=2007025577668.09, forwarded_or_dropped=1, reason_for_drop='Expiry'
DUPE: 2003387938665_Node0_Node8_Zero, Node3 id 2003387938665_Node0_Node8_Zero was a dupe; retransmit: 0, pkt_enqueue_time=2007025577668.09, pkt_dequeue_time=2007025577668.09, forwarded_or_dropped=1, reason_for_drop='Expiry'
DUPE: 2003830580991_Node0_Node8_Zero, Node3 id 2003830580991_Node0_Node8_Zero was a dupe; retransmit: 0, pkt_enqueue_time=2007030790231.7266, pkt_dequeue_time=2007030790231.7266, forwarded_or_dropped=1, reason_for_drop='Expiry'
DUPE: 2003836042900_Node0_Node8_Zero, Node3 id 2003836042900_Node0_Node8_Zero was a dupe; retransmit: 0, pkt_enqueue_time=2007030790231.7266, pkt_dequeue_time=2007030790231.7266, forwarded_or_dropped=1, reason_for_drop='Expiry'
DUPE: 2003934397399_Node0_Node8_Zero, Node3 id 2003934397399_Node0_Node8_Zero was a dupe; retransmit: 0, pkt_enqueue_time=2007041308358.9995, pkt_dequeue_time=2007041308358.9995, forwarded_or_dropped=1, reason_for_drop='Expiry'
DUPE: 2003939864878_Node0_Node8_Zero, Node3 id 2003939864878_Node0_Node8_Zero was a dupe; retransmit: 0, pkt_enqueue_time=2007041308358.9995, pkt_dequeue_time=2007041308358.9995, forwarded_or_dropped=1, reason_for_drop='Expiry'
DUPE: 2004032739381_Node0_Node8_Zero, Node3 id 2004032739381_Node0_Node8_Zero was a dupe; retransmit: 0, pkt_enqueue_time=2007068490167.909, pkt_dequeue_time=2007068490167.909, forwarded_or_dropped=1, reason_for_drop='Expiry'
DUPE: 2004038200794_Node0_Node8_Zero, Node3 id 2004038200794_Node0_Node8_Zero was a dupe; retransmit: 0, pkt_enqueue_time=2007068490167.909, pkt_dequeue_time=2007068490167.909, forwarded_or_dropped=1, reason_for_drop='Expiry'
DUPE: 2003808722203_Node0_Node8_Zero, Node3 id 2003808722203_Node0_Node8_Zero was a dupe; retransmit: 0, pkt_enqueue_time=2007073882731.5454, pkt_dequeue_time=2007073882731.5454, forwarded_or_dropped=1, reason_for_drop='Expiry'
DUPE: 2003814188613_Node0_Node8_Zero, Node3 id 2003814188613_Node0_Node8_Zero was a dupe; retransmit: 0, pkt_enqueue_time=2007073882731.5454, pkt_dequeue_time=2007073882731.5454, forwarded_or_dropped=1, reason_for_drop='Expiry'
DUPE: 2003644767179_Node0_Node8_Zero, Node3 id 2003644767179_Node0_Node8_Zero was a dupe; retransmit: 0, pkt_enqueue_time=2007079315295.182, pkt_dequeue_time=2007079315295.182, forwarded_or_dropped=1, reason_for_drop='Expiry'
DUPE: 2003650236227_Node0_Node8_Zero, Node3 id 2003650236227_Node0_Node8_Zero was a dupe; retransmit: 0, pkt_enqueue_time=2007079315295.182, pkt_dequeue_time=2007079315295.182, forwarded_or_dropped=1, reason_for_drop='Expiry'
DUPE: 2003743155846_Node0_Node8_Zero, Node3 id 2003743155846_Node0_Node8_Zero was a dupe; retransmit: 0, pkt_enqueue_time=2007081652167.182, pkt_dequeue_time=2007081652167.182, forwarded_or_dropped=1, reason_for_drop='Expiry'
DUPE: 2003748618358_Node0_Node8_Zero, Node3 id 2003748618358_Node0_Node8_Zero was a dupe; retransmit: 0, pkt_enqueue_time=2007081652167.182, pkt_dequeue_time=2007081652167.182, forwarded_or_dropped=1, reason_for_drop='Expiry'
DUPE: 2003999957396_Node0_Node8_Zero, Node3 id 2003999957396_Node0_Node8_Zero was a dupe; retransmit: 0, pkt_enqueue_time=2007092777294.4548, pkt_dequeue_time=2007092777294.4548, forwarded_or_dropped=1, reason_for_drop='Expiry'
DUPE: 2004005419434_Node0_Node8_Zero, Node3 id 2004005419434_Node0_Node8_Zero was a dupe; retransmit: 0, pkt_enqueue_time=2007092777294.4548, pkt_dequeue_time=2007092777294.4548, forwarded_or_dropped=1, reason_for_drop='Expiry'
DUPE: 2003967190461_Node0_Node8_Zero, Node3 id 2003967190461_Node0_Node8_Zero was a dupe; retransmit: 0, pkt_enqueue_time=2007098389858.0913, pkt_dequeue_time=2007098389858.0913, forwarded_or_dropped=1, reason_for_drop='Expiry'
DUPE: 2003972651013_Node0_Node8_Zero, Node3 id 2003972651013_Node0_Node8_Zero was a dupe; retransmit: 0, pkt_enqueue_time=2007098389858.0913, pkt_dequeue_time=2007098389858.0913, forwarded_or_dropped=1, reason_for_drop='Expiry'
DUPE: 2004054591554_Node0_Node8_Zero, Node3 id 2004054591554_Node0_Node8_Zero was a dupe; retransmit: 0, pkt_enqueue_time=2007104022421.7278, pkt_dequeue_time=2007104022421.7278, forwarded_or_dropped=1, reason_for_drop='Expiry'
DUPE: 2004060058899_Node0_Node8_Zero, Node3 id 2004060058899_Node0_Node8_Zero was a dupe; retransmit: 0, pkt_enqueue_time=2007104022421.7278, pkt_dequeue_time=2007104022421.7278, forwarded_or_dropped=1, reason_for_drop='Expiry'
DUPE: 2003863372550_Node0_Node8_Zero, Node3 id 2003863372550_Node0_Node8_Zero was a dupe; retransmit: 0, pkt_enqueue_time=2007109694985.3643, pkt_dequeue_time=2007109694985.3643, forwarded_or_dropped=1, reason_for_drop='Expiry'
DUPE: 2003868841868_Node0_Node8_Zero, Node3 id 2003868841868_Node0_Node8_Zero was a dupe; retransmit: 0, pkt_enqueue_time=2007109694985.3643, pkt_dequeue_time=2007109694985.3643, forwarded_or_dropped=1, reason_for_drop='Expiry'
DUPE: 2004109236876_Node0_Node8_Zero, Node3 id 2004109236876_Node0_Node8_Zero was a dupe; retransmit: 0, pkt_enqueue_time=2007121040112.6372, pkt_dequeue_time=2007121040112.6372, forwarded_or_dropped=1, reason_for_drop='Expiry'
DUPE: 2004114702257_Node0_Node8_Zero, Node3 id 2004114702257_Node0_Node8_Zero was a dupe; retransmit: 0, pkt_enqueue_time=2007121040112.6372, pkt_dequeue_time=2007121040112.6372, forwarded_or_dropped=1, reason_for_drop='Expiry'
DUPE: 2003819648485_Node0_Node8_Zero, Node3 id 2003819648485_Node0_Node8_Zero was a dupe; retransmit: 0, pkt_enqueue_time=2007132645239.9102, pkt_dequeue_time=2007132645239.9102, forwarded_or_dropped=1, reason_for_drop='Expiry'
DUPE: 2003825113478_Node0_Node8_Zero, Node3 id 2003825113478_Node0_Node8_Zero was a dupe; retransmit: 0, pkt_enqueue_time=2007132645239.9102, pkt_dequeue_time=2007132645239.9102, forwarded_or_dropped=1, reason_for_drop='Expiry'
DUPE: 2003054596585_Node0_Node8_Zero, Node3 id 2003054596585_Node0_Node8_Zero was a dupe; retransmit: 0, pkt_enqueue_time=2007139347803.5466, pkt_dequeue_time=2007139347803.5466, forwarded_or_dropped=1, reason_for_drop='Expiry'
DUPE: 2003060063241_Node0_Node8_Zero, Node3 id 2003060063241_Node0_Node8_Zero was a dupe; retransmit: 0, pkt_enqueue_time=2007139347803.5466, pkt_dequeue_time=2007139347803.5466, forwarded_or_dropped=1, reason_for_drop='Expiry'
DUPE: 2003524539010_Node0_Node8_Zero, Node3 id 2003524539010_Node0_Node8_Zero was a dupe; retransmit: 0, pkt_enqueue_time=2007145300367.183, pkt_dequeue_time=2007145300367.183, forwarded_or_dropped=1, reason_for_drop='Expiry'
DUPE: 2003513608882_Node0_Node8_Zero, Node3 id 2003513608882_Node0_Node8_Zero was a dupe; retransmit: 0, pkt_enqueue_time=2007145300367.183, pkt_dequeue_time=2007145300367.183, forwarded_or_dropped=1, reason_for_drop='Expiry'
DUPE: 2003196679633_Node0_Node8_Zero, Node3 id 2003196679633_Node0_Node8_Zero was a dupe; retransmit: 0, pkt_enqueue_time=2007151272930.8196, pkt_dequeue_time=2007151272930.8196, forwarded_or_dropped=1, reason_for_drop='Expiry'
DUPE: 2003202140961_Node0_Node8_Zero, Node3 id 2003202140961_Node0_Node8_Zero was a dupe; retransmit: 0, pkt_enqueue_time=2007151272930.8196, pkt_dequeue_time=2007151272930.8196, forwarded_or_dropped=1, reason_for_drop='Expiry'
DUPE: 2002983539139_Node0_Node8_Zero, Node3 id 2002983539139_Node0_Node8_Zero was a dupe; retransmit: 0, pkt_enqueue_time=2007157265494.456, pkt_dequeue_time=2007157265494.456, forwarded_or_dropped=1, reason_for_drop='Expiry'
DUPE: 2002999938282_Node0_Node8_Zero, Node3 id 2002999938282_Node0_Node8_Zero was a dupe; retransmit: 0, pkt_enqueue_time=2007157265494.456, pkt_dequeue_time=2007157265494.456, forwarded_or_dropped=1, reason_for_drop='Expiry'
DUPE: 2003251325235_Node0_Node8_Zero, Node3 id 2003251325235_Node0_Node8_Zero was a dupe; retransmit: 0, pkt_enqueue_time=2007163298058.0925, pkt_dequeue_time=2007163298058.0925, forwarded_or_dropped=1, reason_for_drop='Expiry'
DUPE: 2003256788212_Node0_Node8_Zero, Node3 id 2003256788212_Node0_Node8_Zero was a dupe; retransmit: 0, pkt_enqueue_time=2007163298058.0925, pkt_dequeue_time=2007163298058.0925, forwarded_or_dropped=1, reason_for_drop='Expiry'
DUPE: 2003693967283_Node0_Node8_Zero, Node3 id 2003693967283_Node0_Node8_Zero was a dupe; retransmit: 0, pkt_enqueue_time=2007169365621.729, pkt_dequeue_time=2007169365621.729, forwarded_or_dropped=1, reason_for_drop='Expiry'
DUPE: 2003704900864_Node0_Node8_Zero, Node3 id 2003704900864_Node0_Node8_Zero was a dupe; retransmit: 0, pkt_enqueue_time=2007169365621.729, pkt_dequeue_time=2007169365621.729, forwarded_or_dropped=1, reason_for_drop='Expiry'
DUPE: 2003956262867_Node0_Node8_Zero, Node3 id 2003956262867_Node0_Node8_Zero was a dupe; retransmit: 0, pkt_enqueue_time=2007175478185.3655, pkt_dequeue_time=2007175478185.3655, forwarded_or_dropped=1, reason_for_drop='Expiry'
DUPE: 2003961729824_Node0_Node8_Zero, Node3 id 2003961729824_Node0_Node8_Zero was a dupe; retransmit: 0, pkt_enqueue_time=2007175478185.3655, pkt_dequeue_time=2007175478185.3655, forwarded_or_dropped=1, reason_for_drop='Expiry'
DUPE: 2004120167430_Node0_Node8_Zero, Node3 id 2004120167430_Node0_Node8_Zero was a dupe; retransmit: 0, pkt_enqueue_time=2007181604749.002, pkt_dequeue_time=2007181604749.002, forwarded_or_dropped=1, reason_for_drop='Expiry'
DUPE: 2004125631522_Node0_Node8_Zero, Node3 id 2004125631522_Node0_Node8_Zero was a dupe; retransmit: 0, pkt_enqueue_time=2007181604749.002, pkt_dequeue_time=2007181604749.002, forwarded_or_dropped=1, reason_for_drop='Expiry'
DUPE: 2003180288740_Node0_Node8_Zero, Node3 id 2003180288740_Node0_Node8_Zero was a dupe; retransmit: 0, pkt_enqueue_time=2007188487312.6384, pkt_dequeue_time=2007188487312.6384, forwarded_or_dropped=1, reason_for_drop='Expiry'
DUPE: 2003169356285_Node0_Node8_Zero, Node3 id 2003169356285_Node0_Node8_Zero was a dupe; retransmit: 0, pkt_enqueue_time=2007188487312.6384, pkt_dequeue_time=2007188487312.6384, forwarded_or_dropped=1, reason_for_drop='Expiry'
Node.py: (Node0)@2007200000000.0: Updated MCS from 2 to 2, hist=deque([1.0, 0.9864864864864865, 1.0, 1.0136986301369864, 1.0], maxlen=5), packets_serviced=73, packets_received=73
Called Update: UpdateRouteCalls = 0, force = False
Node.py: (Node1)@2007200000000.0: Updated MCS from 1 to 1, hist=deque([0.0, 0.0, 0.0, 0.0, 0.0], maxlen=5), packets_serviced=0, packets_received=73
Called Update: UpdateRouteCalls = 1, force = False
Called Update: UpdateRouteCalls = 2, force = False
Node.py: (Node3)@2007200000000.0: Updated MCS from 1 to 1, hist=deque([0.0, 0.0, 0.0, 0.0, 0.0], maxlen=5), packets_serviced=0, packets_received=166
Called Update: UpdateRouteCalls = 3, force = False
Called Update: UpdateRouteCalls = 4, force = False
Called Update: UpdateRouteCalls = 5, force = False
Called Update: UpdateRouteCalls = 6, force = False
Called Update: UpdateRouteCalls = 7, force = False
Called Update: UpdateRouteCalls = 8, force = False
Called Update: UpdateRouteCalls = 9, force = False
Called Update: UpdateRouteCalls = 10, force = False
Called Update: UpdateRouteCalls = 11, force = False
Called Update: UpdateRouteCalls = 12, force = False
Called Update: UpdateRouteCalls = 13, force = False
Called Update: UpdateRouteCalls = 14, force = False
Called Update: UpdateRouteCalls = 15, force = False
Called Update: UpdateRouteCalls = 16, force = False
Called Update: UpdateRouteCalls = 17, force = False
!! UPDATING !!
routeNo, updatedMCSIndex =  0 [2, 1, 1, 1, 1, 1, 1, 1]
DUPE: 2003360602109_Node0_Node8_Zero, Node3 id 2003360602109_Node0_Node8_Zero was a dupe; retransmit: 0, pkt_enqueue_time=2007200792439.9114, pkt_dequeue_time=2007200792439.9114, forwarded_or_dropped=1, reason_for_drop='Expiry'
DUPE: 2003366069777_Node0_Node8_Zero, Node3 id 2003366069777_Node0_Node8_Zero was a dupe; retransmit: 0, pkt_enqueue_time=2007200792439.9114, pkt_dequeue_time=2007200792439.9114, forwarded_or_dropped=1, reason_for_drop='Expiry'
DUPE: 2003486288527_Node0_Node8_Zero, Node3 id 2003486288527_Node0_Node8_Zero was a dupe; retransmit: 0, pkt_enqueue_time=2007207062003.5479, pkt_dequeue_time=2007207062003.5479, forwarded_or_dropped=1, reason_for_drop='Expiry'
DUPE: 2003502681899_Node0_Node8_Zero, Node3 id 2003502681899_Node0_Node8_Zero was a dupe; retransmit: 0, pkt_enqueue_time=2007207062003.5479, pkt_dequeue_time=2007207062003.5479, forwarded_or_dropped=1, reason_for_drop='Expiry'
DUPE: 2003338753159_Node0_Node8_Zero, Node3 id 2003338753159_Node0_Node8_Zero was a dupe; retransmit: 0, pkt_enqueue_time=2007213354567.1843, pkt_dequeue_time=2007213354567.1843, forwarded_or_dropped=1, reason_for_drop='Expiry'
DUPE: 2003344214902_Node0_Node8_Zero, Node3 id 2003344214902_Node0_Node8_Zero was a dupe; retransmit: 0, pkt_enqueue_time=2007213354567.1843, pkt_dequeue_time=2007213354567.1843, forwarded_or_dropped=1, reason_for_drop='Expiry'
DUPE: 2004131098673_Node0_Node8_Zero, Node3 id 2004131098673_Node0_Node8_Zero was a dupe; retransmit: 0, pkt_enqueue_time=2007225954694.4573, pkt_dequeue_time=2007225954694.4573, forwarded_or_dropped=1, reason_for_drop='Expiry'
DUPE: 2004136560027_Node0_Node8_Zero, Node3 id 2004136560027_Node0_Node8_Zero was a dupe; retransmit: 0, pkt_enqueue_time=2007225954694.4573, pkt_dequeue_time=2007225954694.4573, forwarded_or_dropped=1, reason_for_drop='Expiry'
DUPE: 2003633840586_Node0_Node8_Zero, Node3 id 2003633840586_Node0_Node8_Zero was a dupe; retransmit: 0, pkt_enqueue_time=2007233026258.0938, pkt_dequeue_time=2007233026258.0938, forwarded_or_dropped=1, reason_for_drop='Expiry'
DUPE: 2003639305931_Node0_Node8_Zero, Node3 id 2003639305931_Node0_Node8_Zero was a dupe; retransmit: 0, pkt_enqueue_time=2007233026258.0938, pkt_dequeue_time=2007233026258.0938, forwarded_or_dropped=1, reason_for_drop='Expiry'
DUPE: 2003136556115_Node0_Node8_Zero, Node3 id 2003136556115_Node0_Node8_Zero was a dupe; retransmit: 0, pkt_enqueue_time=2007239378821.7302, pkt_dequeue_time=2007239378821.7302, forwarded_or_dropped=1, reason_for_drop='Expiry'
DUPE: 2003142020304_Node0_Node8_Zero, Node3 id 2003142020304_Node0_Node8_Zero was a dupe; retransmit: 0, pkt_enqueue_time=2007239378821.7302, pkt_dequeue_time=2007239378821.7302, forwarded_or_dropped=1, reason_for_drop='Expiry'
DUPE: 2003081916274_Node0_Node8_Zero, Node3 id 2003081916274_Node0_Node8_Zero was a dupe; retransmit: 0, pkt_enqueue_time=2007245731385.3667, pkt_dequeue_time=2007245731385.3667, forwarded_or_dropped=1, reason_for_drop='Expiry'
DUPE: 2003087377418_Node0_Node8_Zero, Node3 id 2003087377418_Node0_Node8_Zero was a dupe; retransmit: 0, pkt_enqueue_time=2007245731385.3667, pkt_dequeue_time=2007245731385.3667, forwarded_or_dropped=1, reason_for_drop='Expiry'
DUPE: 2003797790987_Node0_Node8_Zero, Node3 id 2003797790987_Node0_Node8_Zero was a dupe; retransmit: 0, pkt_enqueue_time=2007252083949.0032, pkt_dequeue_time=2007252083949.0032, forwarded_or_dropped=1, reason_for_drop='Expiry'
DUPE: 2003803257505_Node0_Node8_Zero, Node3 id 2003803257505_Node0_Node8_Zero was a dupe; retransmit: 0, pkt_enqueue_time=2007252083949.0032, pkt_dequeue_time=2007252083949.0032, forwarded_or_dropped=1, reason_for_drop='Expiry'
DUPE: 2003765014340_Node0_Node8_Zero, Node3 id 2003765014340_Node0_Node8_Zero was a dupe; retransmit: 0, pkt_enqueue_time=2007258536512.6396, pkt_dequeue_time=2007258536512.6396, forwarded_or_dropped=1, reason_for_drop='Expiry'
DUPE: 2003770479028_Node0_Node8_Zero, Node3 id 2003770479028_Node0_Node8_Zero was a dupe; retransmit: 0, pkt_enqueue_time=2007258536512.6396, pkt_dequeue_time=2007258536512.6396, forwarded_or_dropped=1, reason_for_drop='Expiry'
DUPE: 2003677567855_Node0_Node8_Zero, Node3 id 2003677567855_Node0_Node8_Zero was a dupe; retransmit: 0, pkt_enqueue_time=2007265740076.2761, pkt_dequeue_time=2007265740076.2761, forwarded_or_dropped=1, reason_for_drop='Expiry'
DUPE: 2003683033186_Node0_Node8_Zero, Node3 id 2003683033186_Node0_Node8_Zero was a dupe; retransmit: 0, pkt_enqueue_time=2007265740076.2761, pkt_dequeue_time=2007265740076.2761, forwarded_or_dropped=1, reason_for_drop='Expiry'
DUPE: 2003978111118_Node0_Node8_Zero, Node3 id 2003978111118_Node0_Node8_Zero was a dupe; retransmit: 0, pkt_enqueue_time=2007272230639.9126, pkt_dequeue_time=2007272230639.9126, forwarded_or_dropped=1, reason_for_drop='Expiry'
DUPE: 2003983574392_Node0_Node8_Zero, Node3 id 2003983574392_Node0_Node8_Zero was a dupe; retransmit: 0, pkt_enqueue_time=2007272230639.9126, pkt_dequeue_time=2007272230639.9126, forwarded_or_dropped=1, reason_for_drop='Expiry'
DUPE: 2003032734328_Node0_Node8_Zero, Node3 id 2003032734328_Node0_Node8_Zero was a dupe; retransmit: 0, pkt_enqueue_time=2007278743203.549, pkt_dequeue_time=2007278743203.549, forwarded_or_dropped=1, reason_for_drop='Expiry'
DUPE: 2003038195763_Node0_Node8_Zero, Node3 id 2003038195763_Node0_Node8_Zero was a dupe; retransmit: 0, pkt_enqueue_time=2007278743203.549, pkt_dequeue_time=2007278743203.549, forwarded_or_dropped=1, reason_for_drop='Expiry'
DUPE: 2001639321231_Node0_Node8_Zero, Node4 id 2001639321231_Node0_Node8_Zero was a dupe; retransmit: 0, pkt_enqueue_time=2007333142013.0046, pkt_dequeue_time=2007333142013.0046, forwarded_or_dropped=1, reason_for_drop='Expiry'
DUPE: 2001644786269_Node0_Node8_Zero, Node4 id 2001644786269_Node0_Node8_Zero was a dupe; retransmit: 0, pkt_enqueue_time=2007333142013.0046, pkt_dequeue_time=2007333142013.0046, forwarded_or_dropped=1, reason_for_drop='Expiry'
DUPE: 2001562823208_Node0_Node8_Zero, Node4 id 2001562823208_Node0_Node8_Zero was a dupe; retransmit: 0, pkt_enqueue_time=2007374236749.6423, pkt_dequeue_time=2007374236749.6423, forwarded_or_dropped=1, reason_for_drop='Expiry'
DUPE: 2001568285499_Node0_Node8_Zero, Node4 id 2001568285499_Node0_Node8_Zero was a dupe; retransmit: 0, pkt_enqueue_time=2007374236749.6423, pkt_dequeue_time=2007374236749.6423, forwarded_or_dropped=1, reason_for_drop='Expiry'
DUPE: 2001109274108_Node0_Node8_Zero, Node4 id 2001109274108_Node0_Node8_Zero was a dupe; retransmit: 0, pkt_enqueue_time=2007383939313.2788, pkt_dequeue_time=2007383939313.2788, forwarded_or_dropped=1, reason_for_drop='Expiry'
DUPE: 2001715817954_Node0_Node8_Zero, Node4 id 2001715817954_Node0_Node8_Zero was a dupe; retransmit: 0, pkt_enqueue_time=2007404932678.6035, pkt_dequeue_time=2007404932678.6035, forwarded_or_dropped=1, reason_for_drop='Expiry'
DUPE: 2001721278767_Node0_Node8_Zero, Node4 id 2001721278767_Node0_Node8_Zero was a dupe; retransmit: 0, pkt_enqueue_time=2007404932678.6035, pkt_dequeue_time=2007404932678.6035, forwarded_or_dropped=1, reason_for_drop='Expiry'
DUPE: 2001737680093_Node0_Node8_Zero, Node4 id 2001737680093_Node0_Node8_Zero was a dupe; retransmit: 0, pkt_enqueue_time=2007411215788.7854, pkt_dequeue_time=2007411215788.7854, forwarded_or_dropped=1, reason_for_drop='Expiry'
DUPE: 2001743148897_Node0_Node8_Zero, Node4 id 2001743148897_Node0_Node8_Zero was a dupe; retransmit: 0, pkt_enqueue_time=2007411215788.7854, pkt_dequeue_time=2007411215788.7854, forwarded_or_dropped=1, reason_for_drop='Expiry'
DUPE: 2001584676804_Node0_Node8_Zero, Node4 id 2001584676804_Node0_Node8_Zero was a dupe; retransmit: 0, pkt_enqueue_time=2007423679511.4219, pkt_dequeue_time=2007423679511.4219, forwarded_or_dropped=1, reason_for_drop='Expiry'
DUPE: 2001590139279_Node0_Node8_Zero, Node4 id 2001590139279_Node0_Node8_Zero was a dupe; retransmit: 0, pkt_enqueue_time=2007423679511.4219, pkt_dequeue_time=2007423679511.4219, forwarded_or_dropped=1, reason_for_drop='Expiry'
DUPE: 2001846975884_Node0_Node8_Zero, Node4 id 2001846975884_Node0_Node8_Zero was a dupe; retransmit: 0, pkt_enqueue_time=2007458585068.5706, pkt_dequeue_time=2007458585068.5706, forwarded_or_dropped=1, reason_for_drop='Expiry'
DUPE: 2001852439351_Node0_Node8_Zero, Node4 id 2001852439351_Node0_Node8_Zero was a dupe; retransmit: 0, pkt_enqueue_time=2007458585068.5706, pkt_dequeue_time=2007458585068.5706, forwarded_or_dropped=1, reason_for_drop='Expiry'
DUPE: 2001857905505_Node0_Node8_Zero, Node4 id 2001857905505_Node0_Node8_Zero was a dupe; retransmit: 0, pkt_enqueue_time=2007465058235.2068, pkt_dequeue_time=2007465058235.2068, forwarded_or_dropped=1, reason_for_drop='Expiry'
DUPE: 2001863367900_Node0_Node8_Zero, Node4 id 2001863367900_Node0_Node8_Zero was a dupe; retransmit: 0, pkt_enqueue_time=2007465058235.2068, pkt_dequeue_time=2007465058235.2068, forwarded_or_dropped=1, reason_for_drop='Expiry'
DUPE: 2004437137010_Node0_Node8_Zero, Node3 id 2004437137010_Node0_Node8_Zero was a dupe; retransmit: 0, pkt_enqueue_time=2007470721427.8433, pkt_dequeue_time=2007470721427.8433, forwarded_or_dropped=1, reason_for_drop='Expiry'
DUPE: 2004442602557_Node0_Node8_Zero, Node3 id 2004442602557_Node0_Node8_Zero was a dupe; retransmit: 0, pkt_enqueue_time=2007470721427.8433, pkt_dequeue_time=2007470721427.8433, forwarded_or_dropped=1, reason_for_drop='Expiry'
DUPE: 2003305961315_Node0_Node8_Zero, Node3 id 2003305961315_Node0_Node8_Zero was a dupe; retransmit: 0, pkt_enqueue_time=2007503196053.0195, pkt_dequeue_time=2007503196053.0195, forwarded_or_dropped=1, reason_for_drop='Expiry'
DUPE: 2003311428218_Node0_Node8_Zero, Node3 id 2003311428218_Node0_Node8_Zero was a dupe; retransmit: 0, pkt_enqueue_time=2007503196053.0195, pkt_dequeue_time=2007503196053.0195, forwarded_or_dropped=1, reason_for_drop='Expiry'
DUPE: 2003792321962_Node0_Node8_Zero, Node3 id 2003792321962_Node0_Node8_Zero was a dupe; retransmit: 0, pkt_enqueue_time=2007521660471.2017, pkt_dequeue_time=2007521660471.2017, forwarded_or_dropped=1, reason_for_drop='Expiry'
DUPE: 2003207605977_Node0_Node8_Zero, Node3 id 2003207605977_Node0_Node8_Zero was a dupe; retransmit: 0, pkt_enqueue_time=2007528472307.5652, pkt_dequeue_time=2007528472307.5652, forwarded_or_dropped=1, reason_for_drop='Expiry'
DUPE: 2003213070603_Node0_Node8_Zero, Node3 id 2003213070603_Node0_Node8_Zero was a dupe; retransmit: 0, pkt_enqueue_time=2007528472307.5652, pkt_dequeue_time=2007528472307.5652, forwarded_or_dropped=1, reason_for_drop='Expiry'
DUPE: 2004174813072_Node0_Node8_Zero, Node3 id 2004174813072_Node0_Node8_Zero was a dupe; retransmit: 0, pkt_enqueue_time=2007535304871.2017, pkt_dequeue_time=2007535304871.2017, forwarded_or_dropped=1, reason_for_drop='Expiry'
DUPE: 2004180277145_Node0_Node8_Zero, Node3 id 2004180277145_Node0_Node8_Zero was a dupe; retransmit: 0, pkt_enqueue_time=2007535304871.2017, pkt_dequeue_time=2007535304871.2017, forwarded_or_dropped=1, reason_for_drop='Expiry'
DUPE: 2003896153630_Node0_Node8_Zero, Node3 id 2003896153630_Node0_Node8_Zero was a dupe; retransmit: 0, pkt_enqueue_time=2007542177434.8381, pkt_dequeue_time=2007542177434.8381, forwarded_or_dropped=1, reason_for_drop='Expiry'
DUPE: 2003901620634_Node0_Node8_Zero, Node3 id 2003901620634_Node0_Node8_Zero was a dupe; retransmit: 0, pkt_enqueue_time=2007542177434.8381, pkt_dequeue_time=2007542177434.8381, forwarded_or_dropped=1, reason_for_drop='Expiry'
DUPE: 2001967190551_Node0_Node8_Zero, Node4 id 2001967190551_Node0_Node8_Zero was a dupe; retransmit: 0, pkt_enqueue_time=2007554269692.6562, pkt_dequeue_time=2007554269692.6562, forwarded_or_dropped=1, reason_for_drop='Expiry'
DUPE: 2003185753464_Node0_Node8_Zero, Node3 id 2003185753464_Node0_Node8_Zero was a dupe; retransmit: 0, pkt_enqueue_time=2007556828060.3838, pkt_dequeue_time=2007556828060.3838, forwarded_or_dropped=1, reason_for_drop='Expiry'
DUPE: 2003191216287_Node0_Node8_Zero, Node3 id 2003191216287_Node0_Node8_Zero was a dupe; retransmit: 0, pkt_enqueue_time=2007556828060.3838, pkt_dequeue_time=2007556828060.3838, forwarded_or_dropped=1, reason_for_drop='Expiry'
DUPE: 2004142023995_Node0_Node8_Zero, Node3 id 2004142023995_Node0_Node8_Zero was a dupe; retransmit: 0, pkt_enqueue_time=2007564581778.0203, pkt_dequeue_time=2007564581778.0203, forwarded_or_dropped=1, reason_for_drop='Expiry'
DUPE: 2004147490743_Node0_Node8_Zero, Node3 id 2004147490743_Node0_Node8_Zero was a dupe; retransmit: 0, pkt_enqueue_time=2007564581778.0203, pkt_dequeue_time=2007564581778.0203, forwarded_or_dropped=1, reason_for_drop='Expiry'
DUPE: 2003262253673_Node0_Node8_Zero, Node3 id 2003262253673_Node0_Node8_Zero was a dupe; retransmit: 0, pkt_enqueue_time=2007572903341.6567, pkt_dequeue_time=2007572903341.6567, forwarded_or_dropped=1, reason_for_drop='Expiry'
DUPE: 2003267720443_Node0_Node8_Zero, Node3 id 2003267720443_Node0_Node8_Zero was a dupe; retransmit: 0, pkt_enqueue_time=2007572903341.6567, pkt_dequeue_time=2007572903341.6567, forwarded_or_dropped=1, reason_for_drop='Expiry'
DUPE: 2003273183280_Node0_Node8_Zero, Node3 id 2003273183280_Node0_Node8_Zero was a dupe; retransmit: 0, pkt_enqueue_time=2007575100213.6567, pkt_dequeue_time=2007575100213.6567, forwarded_or_dropped=1, reason_for_drop='Expiry'
DUPE: 2003278644021_Node0_Node8_Zero, Node3 id 2003278644021_Node0_Node8_Zero was a dupe; retransmit: 0, pkt_enqueue_time=2007575100213.6567, pkt_dequeue_time=2007575100213.6567, forwarded_or_dropped=1, reason_for_drop='Expiry'
DUPE: 2004431670321_Node0_Node8_Zero, Node3 id 2004431670321_Node0_Node8_Zero was a dupe; retransmit: 0, pkt_enqueue_time=2007582048777.2932, pkt_dequeue_time=2007582048777.2932, forwarded_or_dropped=1, reason_for_drop='Expiry'
DUPE: 2003601051977_Node0_Node8_Zero, Node3 id 2003601051977_Node0_Node8_Zero was a dupe; retransmit: 0, pkt_enqueue_time=2007589140613.6567, pkt_dequeue_time=2007589140613.6567, forwarded_or_dropped=1, reason_for_drop='Expiry'
DUPE: 2003606516761_Node0_Node8_Zero, Node3 id 2003606516761_Node0_Node8_Zero was a dupe; retransmit: 0, pkt_enqueue_time=2007589140613.6567, pkt_dequeue_time=2007589140613.6567, forwarded_or_dropped=1, reason_for_drop='Expiry'
DUPE: 2004557353140_Node0_Node8_Zero, Node3 id 2004557353140_Node0_Node8_Zero was a dupe; retransmit: 0, pkt_enqueue_time=2007596240177.2932, pkt_dequeue_time=2007596240177.2932, forwarded_or_dropped=1, reason_for_drop='Expiry'
DUPE: 2004562817585_Node0_Node8_Zero, Node3 id 2004562817585_Node0_Node8_Zero was a dupe; retransmit: 0, pkt_enqueue_time=2007596240177.2932, pkt_dequeue_time=2007596240177.2932, forwarded_or_dropped=1, reason_for_drop='Expiry'
DUPE: 2004568285359_Node0_Node8_Zero, Node3 id 2004568285359_Node0_Node8_Zero was a dupe; retransmit: 0, pkt_enqueue_time=2007599398895.2932, pkt_dequeue_time=2007599398895.2932, forwarded_or_dropped=1, reason_for_drop='Expiry'
DUPE: 2004573750362_Node0_Node8_Zero, Node3 id 2004573750362_Node0_Node8_Zero was a dupe; retransmit: 0, pkt_enqueue_time=2007599398895.2932, pkt_dequeue_time=2007599398895.2932, forwarded_or_dropped=1, reason_for_drop='Expiry'
Node.py: (Node0)@2007600000000.0: Updated MCS from 2 to 2, hist=deque([0.9864864864864865, 1.0, 1.0136986301369864, 1.0, 1.0], maxlen=5), packets_serviced=73, packets_received=73
Called Update: UpdateRouteCalls = 0, force = False
Node.py: (Node1)@2007600000000.0: Updated MCS from 1 to 1, hist=deque([0.0, 0.0, 0.0, 0.0, 0.2702702702702703], maxlen=5), packets_serviced=20, packets_received=74
Called Update: UpdateRouteCalls = 1, force = False
Node.py: (Node2)@2007600000000.0: Updated MCS from 1 to 1, hist=deque([0.7, 1.3777777777777778, 0.022988505747126436, 2.0, 0.3695652173913043], maxlen=5), packets_serviced=17, packets_received=46
Called Update: UpdateRouteCalls = 2, force = False
Node.py: (Node3)@2007600000000.0: Updated MCS from 1 to 1, hist=deque([0.0, 0.0, 0.0, 0.0, 0.0], maxlen=5), packets_serviced=0, packets_received=100
Called Update: UpdateRouteCalls = 3, force = False
Node.py: (Node4)@2007600000000.0: Updated MCS from 1 to 1, hist=deque([0.2222222222222222, 0.0, 1.8461538461538463, 0.7391304347826086, 0.0], maxlen=5), packets_serviced=0, packets_received=16
Called Update: UpdateRouteCalls = 4, force = False
Called Update: UpdateRouteCalls = 5, force = False
Called Update: UpdateRouteCalls = 6, force = False
Called Update: UpdateRouteCalls = 7, force = False
Called Update: UpdateRouteCalls = 8, force = False
Called Update: UpdateRouteCalls = 9, force = False
Called Update: UpdateRouteCalls = 10, force = False
Called Update: UpdateRouteCalls = 11, force = False
Called Update: UpdateRouteCalls = 12, force = False
Called Update: UpdateRouteCalls = 13, force = False
Called Update: UpdateRouteCalls = 14, force = False
Called Update: UpdateRouteCalls = 15, force = False
Called Update: UpdateRouteCalls = 16, force = False
Called Update: UpdateRouteCalls = 17, force = False
!! UPDATING !!
routeNo, updatedMCSIndex =  0 [2, 1, 1, 1, 1, 1, 1, 1]
DUPE: 2003371532707_Node0_Node8_Zero, Node3 id 2003371532707_Node0_Node8_Zero was a dupe; retransmit: 0, pkt_enqueue_time=2007606511458.9297, pkt_dequeue_time=2007606511458.9297, forwarded_or_dropped=1, reason_for_drop='Expiry'
DUPE: 2003377001561_Node0_Node8_Zero, Node3 id 2003377001561_Node0_Node8_Zero was a dupe; retransmit: 0, pkt_enqueue_time=2007606511458.9297, pkt_dequeue_time=2007606511458.9297, forwarded_or_dropped=1, reason_for_drop='Expiry'
DUPE: 2003404336812_Node0_Node8_Zero, Node3 id 2003404336812_Node0_Node8_Zero was a dupe; retransmit: 0, pkt_enqueue_time=2007613644022.5662, pkt_dequeue_time=2007613644022.5662, forwarded_or_dropped=1, reason_for_drop='Expiry'
DUPE: 2003409801961_Node0_Node8_Zero, Node3 id 2003409801961_Node0_Node8_Zero was a dupe; retransmit: 0, pkt_enqueue_time=2007613644022.5662, pkt_dequeue_time=2007613644022.5662, forwarded_or_dropped=1, reason_for_drop='Expiry'
DUPE: 2004448066476_Node0_Node8_Zero, Node3 id 2004448066476_Node0_Node8_Zero was a dupe; retransmit: 0, pkt_enqueue_time=2007622327741.2026, pkt_dequeue_time=2007622327741.2026, forwarded_or_dropped=1, reason_for_drop='Expiry'
DUPE: 2004469918751_Node0_Node8_Zero, Node3 id 2004469918751_Node0_Node8_Zero was a dupe; retransmit: 0, pkt_enqueue_time=2007622327741.2026, pkt_dequeue_time=2007622327741.2026, forwarded_or_dropped=1, reason_for_drop='Expiry'
DUPE: 2004579217326_Node0_Node8_Zero, Node2 id 2004579217326_Node0_Node8_Zero was a dupe; retransmit: 0, pkt_enqueue_time=2007624397177.2026, pkt_dequeue_time=2007624397177.2026, forwarded_or_dropped=1, reason_for_drop='Expiry'
DUPE: 2004584685047_Node0_Node8_Zero, Node2 id 2004584685047_Node0_Node8_Zero was a dupe; retransmit: 0, pkt_enqueue_time=2007624397177.2026, pkt_dequeue_time=2007624397177.2026, forwarded_or_dropped=1, reason_for_drop='Expiry'
DUPE: 2003611979859_Node0_Node8_Zero, Node3 id 2003611979859_Node0_Node8_Zero was a dupe; retransmit: 0, pkt_enqueue_time=2007632384995.0208, pkt_dequeue_time=2007632384995.0208, forwarded_or_dropped=1, reason_for_drop='Expiry'
DUPE: 2003617446689_Node0_Node8_Zero, Node3 id 2003617446689_Node0_Node8_Zero was a dupe; retransmit: 0, pkt_enqueue_time=2007632384995.0208, pkt_dequeue_time=2007632384995.0208, forwarded_or_dropped=1, reason_for_drop='Expiry'
DUPE: 2003622914588_Node0_Node8_Zero, Node3 id 2003622914588_Node0_Node8_Zero was a dupe; retransmit: 0, pkt_enqueue_time=2007639043416.3518, pkt_dequeue_time=2007639043416.3518, forwarded_or_dropped=1, reason_for_drop='Expiry'
DUPE: 2003628380399_Node0_Node8_Zero, Node3 id 2003628380399_Node0_Node8_Zero was a dupe; retransmit: 0, pkt_enqueue_time=2007639043416.3518, pkt_dequeue_time=2007639043416.3518, forwarded_or_dropped=1, reason_for_drop='Expiry'
DUPE: 2003710365532_Node0_Node8_Zero, Node3 id 2003710365532_Node0_Node8_Zero was a dupe; retransmit: 0, pkt_enqueue_time=2007646275979.9883, pkt_dequeue_time=2007646275979.9883, forwarded_or_dropped=1, reason_for_drop='Expiry'
DUPE: 2003715826734_Node0_Node8_Zero, Node3 id 2003715826734_Node0_Node8_Zero was a dupe; retransmit: 0, pkt_enqueue_time=2007646275979.9883, pkt_dequeue_time=2007646275979.9883, forwarded_or_dropped=1, reason_for_drop='Expiry'
DUPE: 2003289572659_Node0_Node8_Zero, Node3 id 2003289572659_Node0_Node8_Zero was a dupe; retransmit: 0, pkt_enqueue_time=2007654278543.6248, pkt_dequeue_time=2007654278543.6248, forwarded_or_dropped=1, reason_for_drop='Expiry'
DUPE: 2003300501030_Node0_Node8_Zero, Node3 id 2003300501030_Node0_Node8_Zero was a dupe; retransmit: 0, pkt_enqueue_time=2007654278543.6248, pkt_dequeue_time=2007654278543.6248, forwarded_or_dropped=1, reason_for_drop='Expiry'
DUPE: 2003568266731_Node0_Node8_Zero, Node3 id 2003568266731_Node0_Node8_Zero was a dupe; retransmit: 0, pkt_enqueue_time=2007661591107.2612, pkt_dequeue_time=2007661591107.2612, forwarded_or_dropped=1, reason_for_drop='Expiry'
DUPE: 2003573727396_Node0_Node8_Zero, Node3 id 2003573727396_Node0_Node8_Zero was a dupe; retransmit: 0, pkt_enqueue_time=2007661591107.2612, pkt_dequeue_time=2007661591107.2612, forwarded_or_dropped=1, reason_for_drop='Expiry'
DUPE: 2003540934739_Node0_Node8_Zero, Node3 id 2003540934739_Node0_Node8_Zero was a dupe; retransmit: 0, pkt_enqueue_time=2007669673670.8977, pkt_dequeue_time=2007669673670.8977, forwarded_or_dropped=1, reason_for_drop='Expiry'
DUPE: 2003530003627_Node0_Node8_Zero, Node3 id 2003530003627_Node0_Node8_Zero was a dupe; retransmit: 0, pkt_enqueue_time=2007669673670.8977, pkt_dequeue_time=2007669673670.8977, forwarded_or_dropped=1, reason_for_drop='Expiry'
DUPE: 2004087379518_Node0_Node8_Zero, Node3 id 2004087379518_Node0_Node8_Zero was a dupe; retransmit: 0, pkt_enqueue_time=2007677046234.5342, pkt_dequeue_time=2007677046234.5342, forwarded_or_dropped=1, reason_for_drop='Expiry'
DUPE: 2004092847846_Node0_Node8_Zero, Node3 id 2004092847846_Node0_Node8_Zero was a dupe; retransmit: 0, pkt_enqueue_time=2007677046234.5342, pkt_dequeue_time=2007677046234.5342, forwarded_or_dropped=1, reason_for_drop='Expiry'
DUPE: 2003021800991_Node0_Node8_Zero, Node3 id 2003021800991_Node0_Node8_Zero was a dupe; retransmit: 0, pkt_enqueue_time=2007684438798.1707, pkt_dequeue_time=2007684438798.1707, forwarded_or_dropped=1, reason_for_drop='Expiry'
DUPE: 2003027265304_Node0_Node8_Zero, Node3 id 2003027265304_Node0_Node8_Zero was a dupe; retransmit: 0, pkt_enqueue_time=2007684438798.1707, pkt_dequeue_time=2007684438798.1707, forwarded_or_dropped=1, reason_for_drop='Expiry'
DUPE: 2004098309873_Node0_Node8_Zero, Node3 id 2004098309873_Node0_Node8_Zero was a dupe; retransmit: 0, pkt_enqueue_time=2007692681361.8071, pkt_dequeue_time=2007692681361.8071, forwarded_or_dropped=1, reason_for_drop='Expiry'
DUPE: 2004103773877_Node0_Node8_Zero, Node3 id 2004103773877_Node0_Node8_Zero was a dupe; retransmit: 0, pkt_enqueue_time=2007692681361.8071, pkt_dequeue_time=2007692681361.8071, forwarded_or_dropped=1, reason_for_drop='Expiry'
DUPE: 2003426188726_Node0_Node8_Zero, Node3 id 2003426188726_Node0_Node8_Zero was a dupe; retransmit: 0, pkt_enqueue_time=2007700217925.4436, pkt_dequeue_time=2007700217925.4436, forwarded_or_dropped=1, reason_for_drop='Expiry'
DUPE: 2003431649046_Node0_Node8_Zero, Node3 id 2003431649046_Node0_Node8_Zero was a dupe; retransmit: 0, pkt_enqueue_time=2007700217925.4436, pkt_dequeue_time=2007700217925.4436, forwarded_or_dropped=1, reason_for_drop='Expiry'
DUPE: 2003480827898_Node0_Node8_Zero, Node3 id 2003480827898_Node0_Node8_Zero was a dupe; retransmit: 0, pkt_enqueue_time=2007708600489.08, pkt_dequeue_time=2007708600489.08, forwarded_or_dropped=1, reason_for_drop='Expiry'
DUPE: 2003491753687_Node0_Node8_Zero, Node3 id 2003491753687_Node0_Node8_Zero was a dupe; retransmit: 0, pkt_enqueue_time=2007708600489.08, pkt_dequeue_time=2007708600489.08, forwarded_or_dropped=1, reason_for_drop='Expiry'
DUPE: 2003519076229_Node0_Node8_Zero, Node3 id 2003519076229_Node0_Node8_Zero was a dupe; retransmit: 0, pkt_enqueue_time=2007710877361.08, pkt_dequeue_time=2007710877361.08, forwarded_or_dropped=1, reason_for_drop='Expiry'
DUPE: 2004311440264_Node0_Node8_Zero, Node3 id 2004311440264_Node0_Node8_Zero was a dupe; retransmit: 0, pkt_enqueue_time=2007719402924.7166, pkt_dequeue_time=2007719402924.7166, forwarded_or_dropped=1, reason_for_drop='Expiry'
DUPE: 2004295038181_Node0_Node8_Zero, Node3 id 2004295038181_Node0_Node8_Zero was a dupe; retransmit: 0, pkt_enqueue_time=2007719402924.7166, pkt_dequeue_time=2007719402924.7166, forwarded_or_dropped=1, reason_for_drop='Expiry'
DUPE: 2004453532314_Node0_Node8_Zero, Node3 id 2004453532314_Node0_Node8_Zero was a dupe; retransmit: 0, pkt_enqueue_time=2007727192488.353, pkt_dequeue_time=2007727192488.353, forwarded_or_dropped=1, reason_for_drop='Expiry'
DUPE: 2004458994800_Node0_Node8_Zero, Node3 id 2004458994800_Node0_Node8_Zero was a dupe; retransmit: 0, pkt_enqueue_time=2007727192488.353, pkt_dequeue_time=2007727192488.353, forwarded_or_dropped=1, reason_for_drop='Expiry'
DUPE: 2003229467344_Node0_Node8_Zero, Node3 id 2003229467344_Node0_Node8_Zero was a dupe; retransmit: 0, pkt_enqueue_time=2007735775051.9895, pkt_dequeue_time=2007735775051.9895, forwarded_or_dropped=1, reason_for_drop='Expiry'
DUPE: 2003240397661_Node0_Node8_Zero, Node3 id 2003240397661_Node0_Node8_Zero was a dupe; retransmit: 0, pkt_enqueue_time=2007735775051.9895, pkt_dequeue_time=2007735775051.9895, forwarded_or_dropped=1, reason_for_drop='Expiry'
DUPE: 2004185744486_Node0_Node8_Zero, Node3 id 2004185744486_Node0_Node8_Zero was a dupe; retransmit: 0, pkt_enqueue_time=2007743747615.626, pkt_dequeue_time=2007743747615.626, forwarded_or_dropped=1, reason_for_drop='Expiry'
DUPE: 2004191205247_Node0_Node8_Zero, Node3 id 2004191205247_Node0_Node8_Zero was a dupe; retransmit: 0, pkt_enqueue_time=2007743747615.626, pkt_dequeue_time=2007743747615.626, forwarded_or_dropped=1, reason_for_drop='Expiry'
DUPE: 2004546426918_Node0_Node8_Zero, Node3 id 2004546426918_Node0_Node8_Zero was a dupe; retransmit: 0, pkt_enqueue_time=2007752568179.2625, pkt_dequeue_time=2007752568179.2625, forwarded_or_dropped=1, reason_for_drop='Expiry'
DUPE: 2004551887248_Node0_Node8_Zero, Node3 id 2004551887248_Node0_Node8_Zero was a dupe; retransmit: 0, pkt_enqueue_time=2007752568179.2625, pkt_dequeue_time=2007752568179.2625, forwarded_or_dropped=1, reason_for_drop='Expiry'
DUPE: 2003907081694_Node0_Node8_Zero, Node3 id 2003907081694_Node0_Node8_Zero was a dupe; retransmit: 0, pkt_enqueue_time=2007760740742.899, pkt_dequeue_time=2007760740742.899, forwarded_or_dropped=1, reason_for_drop='Expiry'
DUPE: 2003912542603_Node0_Node8_Zero, Node3 id 2003912542603_Node0_Node8_Zero was a dupe; retransmit: 0, pkt_enqueue_time=2007760740742.899, pkt_dequeue_time=2007760740742.899, forwarded_or_dropped=1, reason_for_drop='Expiry'
DUPE: 2000541009115_Node0_Node8_Zero, Node4 id 2000541009115_Node0_Node8_Zero was a dupe; retransmit: 0, pkt_enqueue_time=2007771388560.717, pkt_dequeue_time=2007771388560.717, forwarded_or_dropped=1, reason_for_drop='Expiry'
DUPE: 2000546473368_Node0_Node8_Zero, Node4 id 2000546473368_Node0_Node8_Zero was a dupe; retransmit: 0, pkt_enqueue_time=2007771388560.717, pkt_dequeue_time=2007771388560.717, forwarded_or_dropped=1, reason_for_drop='Expiry'
DUPE: 2004152953898_Node0_Node8_Zero, Node3 id 2004152953898_Node0_Node8_Zero was a dupe; retransmit: 0, pkt_enqueue_time=2007778874870.1719, pkt_dequeue_time=2007778874870.1719, forwarded_or_dropped=1, reason_for_drop='Expiry'
DUPE: 2004158419732_Node0_Node8_Zero, Node3 id 2004158419732_Node0_Node8_Zero was a dupe; retransmit: 0, pkt_enqueue_time=2007778874870.1719, pkt_dequeue_time=2007778874870.1719, forwarded_or_dropped=1, reason_for_drop='Expiry'
DUPE: 2004420739945_Node0_Node8_Zero, Node3 id 2004420739945_Node0_Node8_Zero was a dupe; retransmit: 0, pkt_enqueue_time=2007787427433.8083, pkt_dequeue_time=2007787427433.8083, forwarded_or_dropped=1, reason_for_drop='Expiry'
DUPE: 2004398882980_Node0_Node8_Zero, Node3 id 2004398882980_Node0_Node8_Zero was a dupe; retransmit: 0, pkt_enqueue_time=2007787427433.8083, pkt_dequeue_time=2007787427433.8083, forwarded_or_dropped=1, reason_for_drop='Expiry'
DUPE: 2001699432614_Node0_Node8_Zero, Node4 id 2001699432614_Node0_Node8_Zero was a dupe; retransmit: 0, pkt_enqueue_time=2007798161251.6265, pkt_dequeue_time=2007798161251.6265, forwarded_or_dropped=1, reason_for_drop='Expiry'
DUPE: 2002371547306_Node0_Node8_Zero, Node3 id 2002371547306_Node0_Node8_Zero was a dupe; retransmit: 0, pkt_enqueue_time=2007806942739.0813, pkt_dequeue_time=2007806942739.0813, forwarded_or_dropped=1, reason_for_drop='Expiry'
DUPE: 2002377015891_Node0_Node8_Zero, Node3 id 2002377015891_Node0_Node8_Zero was a dupe; retransmit: 0, pkt_enqueue_time=2007806942739.0813, pkt_dequeue_time=2007806942739.0813, forwarded_or_dropped=1, reason_for_drop='Expiry'
DUPE: 2003945330513_Node0_Node8_Zero, Node3 id 2003945330513_Node0_Node8_Zero was a dupe; retransmit: 0, pkt_enqueue_time=2007815643302.7178, pkt_dequeue_time=2007815643302.7178, forwarded_or_dropped=1, reason_for_drop='Expiry'
DUPE: 2003950793547_Node0_Node8_Zero, Node3 id 2003950793547_Node0_Node8_Zero was a dupe; retransmit: 0, pkt_enqueue_time=2007815643302.7178, pkt_dequeue_time=2007815643302.7178, forwarded_or_dropped=1, reason_for_drop='Expiry'
DUPE: 2000677618083_Node0_Node8_Zero, Node4 id 2000677618083_Node0_Node8_Zero was a dupe; retransmit: 0, pkt_enqueue_time=2007826623120.536, pkt_dequeue_time=2007826623120.536, forwarded_or_dropped=1, reason_for_drop='Expiry'
DUPE: 2004251315773_Node0_Node8_Zero, Node2 id 2004251315773_Node0_Node8_Zero was a dupe; retransmit: 0, pkt_enqueue_time=2007829211153.895, pkt_dequeue_time=2007829211153.895, forwarded_or_dropped=1, reason_for_drop='Expiry'
DUPE: 2004256778362_Node0_Node8_Zero, Node2 id 2004256778362_Node0_Node8_Zero was a dupe; retransmit: 0, pkt_enqueue_time=2007829211153.895, pkt_dequeue_time=2007829211153.895, forwarded_or_dropped=1, reason_for_drop='Expiry'
DUPE: 2001551894627_Node0_Node8_Zero, Node4 id 2001551894627_Node0_Node8_Zero was a dupe; retransmit: 0, pkt_enqueue_time=2007839003106.1724, pkt_dequeue_time=2007839003106.1724, forwarded_or_dropped=1, reason_for_drop='Expiry'
DUPE: 2001557355966_Node0_Node8_Zero, Node4 id 2001557355966_Node0_Node8_Zero was a dupe; retransmit: 0, pkt_enqueue_time=2007839003106.1724, pkt_dequeue_time=2007839003106.1724, forwarded_or_dropped=1, reason_for_drop='Expiry'
DUPE: 2003316890654_Node0_Node8_Zero, Node3 id 2003316890654_Node0_Node8_Zero was a dupe; retransmit: 0, pkt_enqueue_time=2007841259056.7131, pkt_dequeue_time=2007841259056.7131, forwarded_or_dropped=1, reason_for_drop='Expiry'
DUPE: 2003322359088_Node0_Node8_Zero, Node3 id 2003322359088_Node0_Node8_Zero was a dupe; retransmit: 0, pkt_enqueue_time=2007841259056.7131, pkt_dequeue_time=2007841259056.7131, forwarded_or_dropped=1, reason_for_drop='Expiry'
DUPE: 2002939817620_Node0_Node8_Zero, Node3 id 2002939817620_Node0_Node8_Zero was a dupe; retransmit: 0, pkt_enqueue_time=2007855703159.5312, pkt_dequeue_time=2007855703159.5312, forwarded_or_dropped=1, reason_for_drop='Expiry'
DUPE: 2002945284514_Node0_Node8_Zero, Node3 id 2002945284514_Node0_Node8_Zero was a dupe; retransmit: 0, pkt_enqueue_time=2007855703159.5312, pkt_dequeue_time=2007855703159.5312, forwarded_or_dropped=1, reason_for_drop='Expiry'
DUPE: 2000901652447_Node0_Node8_Zero, Node4 id 2000901652447_Node0_Node8_Zero was a dupe; retransmit: 0, pkt_enqueue_time=2007878927164.8042, pkt_dequeue_time=2007878927164.8042, forwarded_or_dropped=1, reason_for_drop='Expiry'
DUPE: 2003125632239_Node0_Node8_Zero, Node3 id 2003125632239_Node0_Node8_Zero was a dupe; retransmit: 0, pkt_enqueue_time=2007885898453.4407, pkt_dequeue_time=2007885898453.4407, forwarded_or_dropped=1, reason_for_drop='Expiry'
DUPE: 2003147488938_Node0_Node8_Zero, Node3 id 2003147488938_Node0_Node8_Zero was a dupe; retransmit: 0, pkt_enqueue_time=2007885898453.4407, pkt_dequeue_time=2007885898453.4407, forwarded_or_dropped=1, reason_for_drop='Expiry'
DUPE: 2001781406477_Node0_Node8_Zero, Node4 id 2001781406477_Node0_Node8_Zero was a dupe; retransmit: 0, pkt_enqueue_time=2007897031271.2588, pkt_dequeue_time=2007897031271.2588, forwarded_or_dropped=1, reason_for_drop='Expiry'
DUPE: 2001786870879_Node0_Node8_Zero, Node4 id 2001786870879_Node0_Node8_Zero was a dupe; retransmit: 0, pkt_enqueue_time=2007897031271.2588, pkt_dequeue_time=2007897031271.2588, forwarded_or_dropped=1, reason_for_drop='Expiry'
DUPE: 2002021831459_Node0_Node8_Zero, Node3 id 2002021831459_Node0_Node8_Zero was a dupe; retransmit: 0, pkt_enqueue_time=2007905287580.7136, pkt_dequeue_time=2007905287580.7136, forwarded_or_dropped=1, reason_for_drop='Expiry'
DUPE: 2002027293591_Node0_Node8_Zero, Node3 id 2002027293591_Node0_Node8_Zero was a dupe; retransmit: 0, pkt_enqueue_time=2007905287580.7136, pkt_dequeue_time=2007905287580.7136, forwarded_or_dropped=1, reason_for_drop='Expiry'
DUPE: 2004021814243_Node0_Node8_Zero, Node3 id 2004021814243_Node0_Node8_Zero was a dupe; retransmit: 0, pkt_enqueue_time=2007914374144.35, pkt_dequeue_time=2007914374144.35, forwarded_or_dropped=1, reason_for_drop='Expiry'
DUPE: 2004027275665_Node0_Node8_Zero, Node3 id 2004027275665_Node0_Node8_Zero was a dupe; retransmit: 0, pkt_enqueue_time=2007914374144.35, pkt_dequeue_time=2007914374144.35, forwarded_or_dropped=1, reason_for_drop='Expiry'
DUPE: 2000907116654_Node0_Node8_Zero, Node4 id 2000907116654_Node0_Node8_Zero was a dupe; retransmit: 0, pkt_enqueue_time=2007925874962.1682, pkt_dequeue_time=2007925874962.1682, forwarded_or_dropped=1, reason_for_drop='Expiry'
DUPE: 2000918040699_Node0_Node8_Zero, Node4 id 2000918040699_Node0_Node8_Zero was a dupe; retransmit: 0, pkt_enqueue_time=2007925874962.1682, pkt_dequeue_time=2007925874962.1682, forwarded_or_dropped=1, reason_for_drop='Expiry'
DUPE: 2003721289735_Node0_Node8_Zero, Node3 id 2003721289735_Node0_Node8_Zero was a dupe; retransmit: 0, pkt_enqueue_time=2007934074271.623, pkt_dequeue_time=2007934074271.623, forwarded_or_dropped=1, reason_for_drop='Expiry'
DUPE: 2003726758042_Node0_Node8_Zero, Node3 id 2003726758042_Node0_Node8_Zero was a dupe; retransmit: 0, pkt_enqueue_time=2007934074271.623, pkt_dequeue_time=2007934074271.623, forwarded_or_dropped=1, reason_for_drop='Expiry'
DUPE: 2002622890467_Node0_Node8_Zero, Node3 id 2002622890467_Node0_Node8_Zero was a dupe; retransmit: 0, pkt_enqueue_time=2007943954835.2595, pkt_dequeue_time=2007943954835.2595, forwarded_or_dropped=1, reason_for_drop='Expiry'
DUPE: 2002628350598_Node0_Node8_Zero, Node3 id 2002628350598_Node0_Node8_Zero was a dupe; retransmit: 0, pkt_enqueue_time=2007943954835.2595, pkt_dequeue_time=2007943954835.2595, forwarded_or_dropped=1, reason_for_drop='Expiry'
DUPE: 2003732226325_Node0_Node8_Zero, Node3 id 2003732226325_Node0_Node8_Zero was a dupe; retransmit: 0, pkt_enqueue_time=2007949658398.896, pkt_dequeue_time=2007949658398.896, forwarded_or_dropped=1, reason_for_drop='Expiry'
DUPE: 2003737689642_Node0_Node8_Zero, Node3 id 2003737689642_Node0_Node8_Zero was a dupe; retransmit: 0, pkt_enqueue_time=2007949658398.896, pkt_dequeue_time=2007949658398.896, forwarded_or_dropped=1, reason_for_drop='Expiry'
DUPE: 2002677529508_Node0_Node8_Zero, Node3 id 2002677529508_Node0_Node8_Zero was a dupe; retransmit: 0, pkt_enqueue_time=2007959577962.5325, pkt_dequeue_time=2007959577962.5325, forwarded_or_dropped=1, reason_for_drop='Expiry'
DUPE: 2002682995374_Node0_Node8_Zero, Node3 id 2002682995374_Node0_Node8_Zero was a dupe; retransmit: 0, pkt_enqueue_time=2007959577962.5325, pkt_dequeue_time=2007959577962.5325, forwarded_or_dropped=1, reason_for_drop='Expiry'
DUPE: 2003109236555_Node0_Node8_Zero, Node3 id 2003109236555_Node0_Node8_Zero was a dupe; retransmit: 0, pkt_enqueue_time=2007968750526.169, pkt_dequeue_time=2007968750526.169, forwarded_or_dropped=1, reason_for_drop='Expiry'
DUPE: 2003103775880_Node0_Node8_Zero, Node3 id 2003103775880_Node0_Node8_Zero was a dupe; retransmit: 0, pkt_enqueue_time=2007968750526.169, pkt_dequeue_time=2007968750526.169, forwarded_or_dropped=1, reason_for_drop='Expiry'
DUPE: 2000644830687_Node0_Node8_Zero, Node4 id 2000644830687_Node0_Node8_Zero was a dupe; retransmit: 0, pkt_enqueue_time=2007980458343.987, pkt_dequeue_time=2007980458343.987, forwarded_or_dropped=1, reason_for_drop='Expiry'
DUPE: 2004196673793_Node0_Node8_Zero, Node2 id 2004196673793_Node0_Node8_Zero was a dupe; retransmit: 0, pkt_enqueue_time=2007991351502.0176, pkt_dequeue_time=2007991351502.0176, forwarded_or_dropped=1, reason_for_drop='Expiry'
DUPE: 2004202136970_Node0_Node8_Zero, Node2 id 2004202136970_Node0_Node8_Zero was a dupe; retransmit: 0, pkt_enqueue_time=2007991351502.0176, pkt_dequeue_time=2007991351502.0176, forwarded_or_dropped=1, reason_for_drop='Expiry'
DUPE: 2001213111967_Node0_Node8_Zero, Node4 id 2001213111967_Node0_Node8_Zero was a dupe; retransmit: 0, pkt_enqueue_time=2007998686790.0176, pkt_dequeue_time=2007998686790.0176, forwarded_or_dropped=1, reason_for_drop='Expiry'
DUPE: 2001218572133_Node0_Node8_Zero, Node4 id 2001218572133_Node0_Node8_Zero was a dupe; retransmit: 0, pkt_enqueue_time=2007998686790.0176, pkt_dequeue_time=2007998686790.0176, forwarded_or_dropped=1, reason_for_drop='Expiry'
main.py: Progress: 2008 / 2104
Node.py: (Node0)@2008000000000.0: Updated MCS from 2 to 2, hist=deque([1.0, 1.0136986301369864, 1.0, 1.0, 1.0], maxlen=5), packets_serviced=73, packets_received=73
Called Update: UpdateRouteCalls = 0, force = False
Node.py: (Node1)@2008000000000.0: Updated MCS from 1 to 1, hist=deque([0.0, 0.0, 0.0, 0.2702702702702703, 0.0], maxlen=5), packets_serviced=0, packets_received=73
Called Update: UpdateRouteCalls = 1, force = False
Node.py: (Node2)@2008000000000.0: Updated MCS from 1 to 1, hist=deque([1.3777777777777778, 0.022988505747126436, 2.0, 0.3695652173913043, 0.0], maxlen=5), packets_serviced=0, packets_received=10
Called Update: UpdateRouteCalls = 2, force = False
Node.py: (Node3)@2008000000000.0: Updated MCS from 1 to 1, hist=deque([0.0, 0.0, 0.0, 0.0, 0.0], maxlen=5), packets_serviced=0, packets_received=70
Called Update: UpdateRouteCalls = 3, force = False
Node.py: (Node4)@2008000000000.0: Updated MCS from 1 to 1, hist=deque([0.0, 1.8461538461538463, 0.7391304347826086, 0.0, 0.0], maxlen=5), packets_serviced=0, packets_received=19
Called Update: UpdateRouteCalls = 4, force = False
Called Update: UpdateRouteCalls = 5, force = False
Called Update: UpdateRouteCalls = 6, force = False
Called Update: UpdateRouteCalls = 7, force = False
Called Update: UpdateRouteCalls = 8, force = False
Called Update: UpdateRouteCalls = 9, force = False
Called Update: UpdateRouteCalls = 10, force = False
Called Update: UpdateRouteCalls = 11, force = False
Called Update: UpdateRouteCalls = 12, force = False
Called Update: UpdateRouteCalls = 13, force = False
Called Update: UpdateRouteCalls = 14, force = False
Called Update: UpdateRouteCalls = 15, force = False
Called Update: UpdateRouteCalls = 16, force = False
Called Update: UpdateRouteCalls = 17, force = False
!! UPDATING !!
routeNo, updatedMCSIndex =  0 [2, 1, 1, 1, 1, 1, 1, 1]
Called Update: UpdateRouteCalls = 0, force = True
!! UPDATING !!
routeNo, updatedMCSIndex =  0 [2, 1, 1, 1, 1, 1, 1, 1]

rf.py: Time: 2008 Route details: {0: {'Route': [0, 1, 2, 3, 4, 5, 6, 7, 8], 'MCS_Index': [2, 1, 1, 1, 1, 1, 1, 1], 'Priority': 1, 'ValidRoute': True, 'HQRoute': True, 'RouteNodeDensity': [0, 0, 0, 0, 0, 2, 0, 0, 0], 'InterferingLinks': 16, 'Target': (-1, -1)}}
DUPE: 2001267744644_Node0_Node8_Zero, Node4 id 2001267744644_Node0_Node8_Zero was a dupe; retransmit: 0, pkt_enqueue_time=2008003073959.9277, pkt_dequeue_time=2008003073959.9277, forwarded_or_dropped=1, reason_for_drop='Expiry'
DUPE: 2001284141376_Node0_Node8_Zero, Node4 id 2001284141376_Node0_Node8_Zero was a dupe; retransmit: 0, pkt_enqueue_time=2008003073959.9277, pkt_dequeue_time=2008003073959.9277, forwarded_or_dropped=1, reason_for_drop='Expiry'
DUPE: 2002043687311_Node0_Node8_Zero, Node3 id 2002043687311_Node0_Node8_Zero was a dupe; retransmit: 0, pkt_enqueue_time=2008005862493.8357, pkt_dequeue_time=2008005862493.8357, forwarded_or_dropped=1, reason_for_drop='Expiry'
DUPE: 2002049148189_Node0_Node8_Zero, Node3 id 2002049148189_Node0_Node8_Zero was a dupe; retransmit: 0, pkt_enqueue_time=2008005862493.8357, pkt_dequeue_time=2008005862493.8357, forwarded_or_dropped=1, reason_for_drop='Expiry'
DUPE: 2002103812742_Node0_Node8_Zero, Node3 id 2002103812742_Node0_Node8_Zero was a dupe; retransmit: 0, pkt_enqueue_time=2008015945057.4722, pkt_dequeue_time=2008015945057.4722, forwarded_or_dropped=1, reason_for_drop='Expiry'
DUPE: 2002109273653_Node0_Node8_Zero, Node3 id 2002109273653_Node0_Node8_Zero was a dupe; retransmit: 0, pkt_enqueue_time=2008015945057.4722, pkt_dequeue_time=2008015945057.4722, forwarded_or_dropped=1, reason_for_drop='Expiry'
DUPE: 2002617429545_Node0_Node8_Zero, Node3 id 2002617429545_Node0_Node8_Zero was a dupe; retransmit: 0, pkt_enqueue_time=2008032250457.4722, pkt_dequeue_time=2008032250457.4722, forwarded_or_dropped=1, reason_for_drop='Expiry'
DUPE: 2002611960459_Node0_Node8_Zero, Node3 id 2002611960459_Node0_Node8_Zero was a dupe; retransmit: 0, pkt_enqueue_time=2008032250457.4722, pkt_dequeue_time=2008032250457.4722, forwarded_or_dropped=1, reason_for_drop='Expiry'
DUPE: 2002601033406_Node0_Node8_Zero, Node3 id 2002601033406_Node0_Node8_Zero was a dupe; retransmit: 0, pkt_enqueue_time=2008041669548.0476, pkt_dequeue_time=2008041669548.0476, forwarded_or_dropped=1, reason_for_drop='Expiry'
DUPE: 2002606498460_Node0_Node8_Zero, Node3 id 2002606498460_Node0_Node8_Zero was a dupe; retransmit: 0, pkt_enqueue_time=2008041669548.0476, pkt_dequeue_time=2008041669548.0476, forwarded_or_dropped=1, reason_for_drop='Expiry'
DUPE: 2002032762812_Node0_Node8_Zero, Node3 id 2002032762812_Node0_Node8_Zero was a dupe; retransmit: 0, pkt_enqueue_time=2008051028111.684, pkt_dequeue_time=2008051028111.684, forwarded_or_dropped=1, reason_for_drop='Expiry'
DUPE: 2002038223983_Node0_Node8_Zero, Node3 id 2002038223983_Node0_Node8_Zero was a dupe; retransmit: 0, pkt_enqueue_time=2008051028111.684, pkt_dequeue_time=2008051028111.684, forwarded_or_dropped=1, reason_for_drop='Expiry'
DUPE: 2002808689447_Node0_Node8_Zero, Node3 id 2002808689447_Node0_Node8_Zero was a dupe; retransmit: 0, pkt_enqueue_time=2008061168675.3206, pkt_dequeue_time=2008061168675.3206, forwarded_or_dropped=1, reason_for_drop='Expiry'
DUPE: 2002814150918_Node0_Node8_Zero, Node3 id 2002814150918_Node0_Node8_Zero was a dupe; retransmit: 0, pkt_enqueue_time=2008061168675.3206, pkt_dequeue_time=2008061168675.3206, forwarded_or_dropped=1, reason_for_drop='Expiry'
DUPE: 2003131096051_Node0_Node8_Zero, Node3 id 2003131096051_Node0_Node8_Zero was a dupe; retransmit: 0, pkt_enqueue_time=2008071338238.957, pkt_dequeue_time=2008071338238.957, forwarded_or_dropped=1, reason_for_drop='Expiry'
DUPE: 2003120165135_Node0_Node8_Zero, Node3 id 2003120165135_Node0_Node8_Zero was a dupe; retransmit: 0, pkt_enqueue_time=2008071338238.957, pkt_dequeue_time=2008071338238.957, forwarded_or_dropped=1, reason_for_drop='Expiry'
DUPE: 2002442577767_Node0_Node8_Zero, Node3 id 2002442577767_Node0_Node8_Zero was a dupe; retransmit: 0, pkt_enqueue_time=2008081540802.5935, pkt_dequeue_time=2008081540802.5935, forwarded_or_dropped=1, reason_for_drop='Expiry'
DUPE: 2002448044455_Node0_Node8_Zero, Node3 id 2002448044455_Node0_Node8_Zero was a dupe; retransmit: 0, pkt_enqueue_time=2008081540802.5935, pkt_dequeue_time=2008081540802.5935, forwarded_or_dropped=1, reason_for_drop='Expiry'
DUPE: 2002431648812_Node0_Node8_Zero, Node3 id 2002431648812_Node0_Node8_Zero was a dupe; retransmit: 0, pkt_enqueue_time=2008091000489.916, pkt_dequeue_time=2008091000489.916, forwarded_or_dropped=1, reason_for_drop='Expiry'
DUPE: 2002437114920_Node0_Node8_Zero, Node3 id 2002437114920_Node0_Node8_Zero was a dupe; retransmit: 0, pkt_enqueue_time=2008091000489.916, pkt_dequeue_time=2008091000489.916, forwarded_or_dropped=1, reason_for_drop='Expiry'
DUPE: 2003448036214_Node0_Node8_Zero, Node3 id 2003448036214_Node0_Node8_Zero was a dupe; retransmit: 0, pkt_enqueue_time=2008101263053.5525, pkt_dequeue_time=2008101263053.5525, forwarded_or_dropped=1, reason_for_drop='Expiry'
DUPE: 2003453501615_Node0_Node8_Zero, Node3 id 2003453501615_Node0_Node8_Zero was a dupe; retransmit: 0, pkt_enqueue_time=2008101263053.5525, pkt_dequeue_time=2008101263053.5525, forwarded_or_dropped=1, reason_for_drop='Expiry'
DUPE: 2004251315773_Node0_Node8_Zero, Node3 id 2004251315773_Node0_Node8_Zero was a dupe; retransmit: 0, pkt_enqueue_time=2008110795617.189, pkt_dequeue_time=2008110795617.189, forwarded_or_dropped=1, reason_for_drop='Expiry'
DUPE: 2004256778362_Node0_Node8_Zero, Node3 id 2004256778362_Node0_Node8_Zero was a dupe; retransmit: 0, pkt_enqueue_time=2008110795617.189, pkt_dequeue_time=2008110795617.189, forwarded_or_dropped=1, reason_for_drop='Expiry'
DUPE: 2001152988390_Node0_Node8_Zero, Node4 id 2001152988390_Node0_Node8_Zero was a dupe; retransmit: 0, pkt_enqueue_time=2008122851435.007, pkt_dequeue_time=2008122851435.007, forwarded_or_dropped=1, reason_for_drop='Expiry'
DUPE: 2001918015753_Node0_Node8_Zero, Node4 id 2001918015753_Node0_Node8_Zero was a dupe; retransmit: 0, pkt_enqueue_time=2008141395884.7844, pkt_dequeue_time=2008141395884.7844, forwarded_or_dropped=1, reason_for_drop='Expiry'
DUPE: 2001928949719_Node0_Node8_Zero, Node4 id 2001928949719_Node0_Node8_Zero was a dupe; retransmit: 0, pkt_enqueue_time=2008141395884.7844, pkt_dequeue_time=2008141395884.7844, forwarded_or_dropped=1, reason_for_drop='Expiry'
DUPE: 2003469896612_Node0_Node8_Zero, Node3 id 2003469896612_Node0_Node8_Zero was a dupe; retransmit: 0, pkt_enqueue_time=2008146208173.0984, pkt_dequeue_time=2008146208173.0984, forwarded_or_dropped=1, reason_for_drop='Expiry'
DUPE: 2003475362824_Node0_Node8_Zero, Node3 id 2003475362824_Node0_Node8_Zero was a dupe; retransmit: 0, pkt_enqueue_time=2008146208173.0984, pkt_dequeue_time=2008146208173.0984, forwarded_or_dropped=1, reason_for_drop='Expiry'
DUPE: 2004366089883_Node0_Node8_Zero, Node3 id 2004366089883_Node0_Node8_Zero was a dupe; retransmit: 0, pkt_enqueue_time=2008156580736.7349, pkt_dequeue_time=2008156580736.7349, forwarded_or_dropped=1, reason_for_drop='Expiry'
DUPE: 2004327838906_Node0_Node8_Zero, Node3 id 2004327838906_Node0_Node8_Zero was a dupe; retransmit: 0, pkt_enqueue_time=2008156580736.7349, pkt_dequeue_time=2008156580736.7349, forwarded_or_dropped=1, reason_for_drop='Expiry'
DUPE: 2003458965814_Node0_Node8_Zero, Node3 id 2003458965814_Node0_Node8_Zero was a dupe; retransmit: 0, pkt_enqueue_time=2008181954937.6665, pkt_dequeue_time=2008181954937.6665, forwarded_or_dropped=1, reason_for_drop='Expiry'
DUPE: 2003464433175_Node0_Node8_Zero, Node3 id 2003464433175_Node0_Node8_Zero was a dupe; retransmit: 0, pkt_enqueue_time=2008181954937.6665, pkt_dequeue_time=2008181954937.6665, forwarded_or_dropped=1, reason_for_drop='Expiry'
DUPE: 2004491779719_Node0_Node8_Zero, Node3 id 2004491779719_Node0_Node8_Zero was a dupe; retransmit: 0, pkt_enqueue_time=2008192558501.303, pkt_dequeue_time=2008192558501.303, forwarded_or_dropped=1, reason_for_drop='Expiry'
DUPE: 2004502704908_Node0_Node8_Zero, Node3 id 2004502704908_Node0_Node8_Zero was a dupe; retransmit: 0, pkt_enqueue_time=2008192558501.303, pkt_dequeue_time=2008192558501.303, forwarded_or_dropped=1, reason_for_drop='Expiry'
DUPE: 2002349701396_Node0_Node8_Zero, Node3 id 2002349701396_Node0_Node8_Zero was a dupe; retransmit: 0, pkt_enqueue_time=2008213915628.576, pkt_dequeue_time=2008213915628.576, forwarded_or_dropped=1, reason_for_drop='Expiry'
DUPE: 2002355161848_Node0_Node8_Zero, Node3 id 2002355161848_Node0_Node8_Zero was a dupe; retransmit: 0, pkt_enqueue_time=2008213915628.576, pkt_dequeue_time=2008213915628.576, forwarded_or_dropped=1, reason_for_drop='Expiry'
DUPE: 2002491759044_Node0_Node8_Zero, Node3 id 2002491759044_Node0_Node8_Zero was a dupe; retransmit: 0, pkt_enqueue_time=2008224610192.2124, pkt_dequeue_time=2008224610192.2124, forwarded_or_dropped=1, reason_for_drop='Expiry'
DUPE: 2002497223098_Node0_Node8_Zero, Node3 id 2002497223098_Node0_Node8_Zero was a dupe; retransmit: 0, pkt_enqueue_time=2008224610192.2124, pkt_dequeue_time=2008224610192.2124, forwarded_or_dropped=1, reason_for_drop='Expiry'
DUPE: 2002721246009_Node0_Node8_Zero, Node3 id 2002721246009_Node0_Node8_Zero was a dupe; retransmit: 0, pkt_enqueue_time=2008235365755.8489, pkt_dequeue_time=2008235365755.8489, forwarded_or_dropped=1, reason_for_drop='Expiry'
DUPE: 2002737639302_Node0_Node8_Zero, Node3 id 2002737639302_Node0_Node8_Zero was a dupe; retransmit: 0, pkt_enqueue_time=2008235365755.8489, pkt_dequeue_time=2008235365755.8489, forwarded_or_dropped=1, reason_for_drop='Expiry'
DUPE: 2002775891095_Node0_Node8_Zero, Node3 id 2002775891095_Node0_Node8_Zero was a dupe; retransmit: 0, pkt_enqueue_time=2008238444473.8489, pkt_dequeue_time=2008238444473.8489, forwarded_or_dropped=1, reason_for_drop='Expiry'
DUPE: 2002781354920_Node0_Node8_Zero, Node3 id 2002781354920_Node0_Node8_Zero was a dupe; retransmit: 0, pkt_enqueue_time=2008238444473.8489, pkt_dequeue_time=2008238444473.8489, forwarded_or_dropped=1, reason_for_drop='Expiry'
DUPE: 2004355160916_Node0_Node8_Zero, Node3 id 2004355160916_Node0_Node8_Zero was a dupe; retransmit: 0, pkt_enqueue_time=2008249227037.4854, pkt_dequeue_time=2008249227037.4854, forwarded_or_dropped=1, reason_for_drop='Expiry'
DUPE: 2004360627004_Node0_Node8_Zero, Node3 id 2004360627004_Node0_Node8_Zero was a dupe; retransmit: 0, pkt_enqueue_time=2008249227037.4854, pkt_dequeue_time=2008249227037.4854, forwarded_or_dropped=1, reason_for_drop='Expiry'
DUPE: 2002409790265_Node0_Node8_Zero, Node3 id 2002409790265_Node0_Node8_Zero was a dupe; retransmit: 0, pkt_enqueue_time=2008260102601.1218, pkt_dequeue_time=2008260102601.1218, forwarded_or_dropped=1, reason_for_drop='Expiry'
DUPE: 2002415258232_Node0_Node8_Zero, Node3 id 2002415258232_Node0_Node8_Zero was a dupe; retransmit: 0, pkt_enqueue_time=2008260102601.1218, pkt_dequeue_time=2008260102601.1218, forwarded_or_dropped=1, reason_for_drop='Expiry'
DUPE: 2002420718989_Node0_Node8_Zero, Node3 id 2002420718989_Node0_Node8_Zero was a dupe; retransmit: 0, pkt_enqueue_time=2008264139473.1218, pkt_dequeue_time=2008264139473.1218, forwarded_or_dropped=1, reason_for_drop='Expiry'
DUPE: 2002426186361_Node0_Node8_Zero, Node3 id 2002426186361_Node0_Node8_Zero was a dupe; retransmit: 0, pkt_enqueue_time=2008264139473.1218, pkt_dequeue_time=2008264139473.1218, forwarded_or_dropped=1, reason_for_drop='Expiry'
DUPE: 2002360622111_Node0_Node8_Zero, Node3 id 2002360622111_Node0_Node8_Zero was a dupe; retransmit: 0, pkt_enqueue_time=2008275033036.7583, pkt_dequeue_time=2008275033036.7583, forwarded_or_dropped=1, reason_for_drop='Expiry'
DUPE: 2002366086093_Node0_Node8_Zero, Node3 id 2002366086093_Node0_Node8_Zero was a dupe; retransmit: 0, pkt_enqueue_time=2008275033036.7583, pkt_dequeue_time=2008275033036.7583, forwarded_or_dropped=1, reason_for_drop='Expiry'
DUPE: 2002382481679_Node0_Node8_Zero, Node3 id 2002382481679_Node0_Node8_Zero was a dupe; retransmit: 0, pkt_enqueue_time=2008279711754.7583, pkt_dequeue_time=2008279711754.7583, forwarded_or_dropped=1, reason_for_drop='Expiry'
DUPE: 2002393403037_Node0_Node8_Zero, Node3 id 2002393403037_Node0_Node8_Zero was a dupe; retransmit: 0, pkt_enqueue_time=2008279711754.7583, pkt_dequeue_time=2008279711754.7583, forwarded_or_dropped=1, reason_for_drop='Expiry'
DUPE: 2004207600238_Node0_Node8_Zero, Node3 id 2004207600238_Node0_Node8_Zero was a dupe; retransmit: 0, pkt_enqueue_time=2008290735318.3948, pkt_dequeue_time=2008290735318.3948, forwarded_or_dropped=1, reason_for_drop='Expiry'
DUPE: 2004213069628_Node0_Node8_Zero, Node3 id 2004213069628_Node0_Node8_Zero was a dupe; retransmit: 0, pkt_enqueue_time=2008290735318.3948, pkt_dequeue_time=2008290735318.3948, forwarded_or_dropped=1, reason_for_drop='Expiry'
DUPE: 2000781445364_Node0_Node8_Zero, Node4 id 2000781445364_Node0_Node8_Zero was a dupe; retransmit: 0, pkt_enqueue_time=2008303543136.213, pkt_dequeue_time=2008303543136.213, forwarded_or_dropped=1, reason_for_drop='Expiry'
DUPE: 2000825156414_Node0_Node8_Zero, Node4 id 2000825156414_Node0_Node8_Zero was a dupe; retransmit: 0, pkt_enqueue_time=2008317878785.8494, pkt_dequeue_time=2008317878785.8494, forwarded_or_dropped=1, reason_for_drop='Expiry'
DUPE: 2000830619151_Node0_Node8_Zero, Node4 id 2000830619151_Node0_Node8_Zero was a dupe; retransmit: 0, pkt_enqueue_time=2008317878785.8494, pkt_dequeue_time=2008317878785.8494, forwarded_or_dropped=1, reason_for_drop='Expiry'
DUPE: 2002557316177_Node0_Node8_Zero, Node3 id 2002557316177_Node0_Node8_Zero was a dupe; retransmit: 0, pkt_enqueue_time=2008326581373.577, pkt_dequeue_time=2008326581373.577, forwarded_or_dropped=1, reason_for_drop='Expiry'
DUPE: 2002568240901_Node0_Node8_Zero, Node3 id 2002568240901_Node0_Node8_Zero was a dupe; retransmit: 0, pkt_enqueue_time=2008326581373.577, pkt_dequeue_time=2008326581373.577, forwarded_or_dropped=1, reason_for_drop='Expiry'
DUPE: 2004240386652_Node0_Node8_Zero, Node3 id 2004240386652_Node0_Node8_Zero was a dupe; retransmit: 0, pkt_enqueue_time=2008337823937.2134, pkt_dequeue_time=2008337823937.2134, forwarded_or_dropped=1, reason_for_drop='Expiry'
DUPE: 2004245853490_Node0_Node8_Zero, Node3 id 2004245853490_Node0_Node8_Zero was a dupe; retransmit: 0, pkt_enqueue_time=2008337823937.2134, pkt_dequeue_time=2008337823937.2134, forwarded_or_dropped=1, reason_for_drop='Expiry'
DUPE: 2002830533070_Node0_Node8_Zero, Node3 id 2002830533070_Node0_Node8_Zero was a dupe; retransmit: 0, pkt_enqueue_time=2008349067500.8499, pkt_dequeue_time=2008349067500.8499, forwarded_or_dropped=1, reason_for_drop='Expiry'
DUPE: 2002835998142_Node0_Node8_Zero, Node3 id 2002835998142_Node0_Node8_Zero was a dupe; retransmit: 0, pkt_enqueue_time=2008349067500.8499, pkt_dequeue_time=2008349067500.8499, forwarded_or_dropped=1, reason_for_drop='Expiry'
DUPE: 2003327819313_Node0_Node8_Zero, Node3 id 2003327819313_Node0_Node8_Zero was a dupe; retransmit: 0, pkt_enqueue_time=2008360492064.4863, pkt_dequeue_time=2008360492064.4863, forwarded_or_dropped=1, reason_for_drop='Expiry'
DUPE: 2003333287430_Node0_Node8_Zero, Node3 id 2003333287430_Node0_Node8_Zero was a dupe; retransmit: 0, pkt_enqueue_time=2008360492064.4863, pkt_dequeue_time=2008360492064.4863, forwarded_or_dropped=1, reason_for_drop='Expiry'
DUPE: 2002743105665_Node0_Node8_Zero, Node3 id 2002743105665_Node0_Node8_Zero was a dupe; retransmit: 0, pkt_enqueue_time=2008371934628.1228, pkt_dequeue_time=2008371934628.1228, forwarded_or_dropped=1, reason_for_drop='Expiry'
DUPE: 2002748565680_Node0_Node8_Zero, Node3 id 2002748565680_Node0_Node8_Zero was a dupe; retransmit: 0, pkt_enqueue_time=2008371934628.1228, pkt_dequeue_time=2008371934628.1228, forwarded_or_dropped=1, reason_for_drop='Expiry'
DUPE: 2003152957145_Node0_Node8_Zero, Node3 id 2003152957145_Node0_Node8_Zero was a dupe; retransmit: 0, pkt_enqueue_time=2008383417191.7593, pkt_dequeue_time=2008383417191.7593, forwarded_or_dropped=1, reason_for_drop='Expiry'
DUPE: 2003174825652_Node0_Node8_Zero, Node3 id 2003174825652_Node0_Node8_Zero was a dupe; retransmit: 0, pkt_enqueue_time=2008383417191.7593, pkt_dequeue_time=2008383417191.7593, forwarded_or_dropped=1, reason_for_drop='Expiry'
DUPE: 2000989069974_Node0_Node8_Zero, Node4 id 2000989069974_Node0_Node8_Zero was a dupe; retransmit: 0, pkt_enqueue_time=2008385186445.941, pkt_dequeue_time=2008385186445.941, forwarded_or_dropped=1, reason_for_drop='Expiry'
DUPE: 2000999994683_Node0_Node8_Zero, Node4 id 2000999994683_Node0_Node8_Zero was a dupe; retransmit: 0, pkt_enqueue_time=2008385186445.941, pkt_dequeue_time=2008385186445.941, forwarded_or_dropped=1, reason_for_drop='Expiry'
DUPE: 2003349681226_Node0_Node8_Zero, Node3 id 2003349681226_Node0_Node8_Zero was a dupe; retransmit: 0, pkt_enqueue_time=2008394951755.3958, pkt_dequeue_time=2008394951755.3958, forwarded_or_dropped=1, reason_for_drop='Expiry'
DUPE: 2003355140901_Node0_Node8_Zero, Node3 id 2003355140901_Node0_Node8_Zero was a dupe; retransmit: 0, pkt_enqueue_time=2008394951755.3958, pkt_dequeue_time=2008394951755.3958, forwarded_or_dropped=1, reason_for_drop='Expiry'
Node.py: (Node0)@2008400000000.0: Updated MCS from 2 to 2, hist=deque([1.0136986301369864, 1.0, 1.0, 1.0, 1.0], maxlen=5), packets_serviced=74, packets_received=74
Called Update: UpdateRouteCalls = 0, force = False
Node.py: (Node1)@2008400000000.0: Updated MCS from 1 to 1, hist=deque([0.0, 0.0, 0.2702702702702703, 0.0, 0.0], maxlen=5), packets_serviced=0, packets_received=73
Called Update: UpdateRouteCalls = 1, force = False
Called Update: UpdateRouteCalls = 2, force = False
Node.py: (Node3)@2008400000000.0: Updated MCS from 1 to 1, hist=deque([0.0, 0.0, 0.0, 0.0, 0.0], maxlen=5), packets_serviced=0, packets_received=71
Called Update: UpdateRouteCalls = 3, force = False
Node.py: (Node4)@2008400000000.0: Updated MCS from 1 to 1, hist=deque([1.8461538461538463, 0.7391304347826086, 0.0, 0.0, 0.0], maxlen=5), packets_serviced=0, packets_received=10
Called Update: UpdateRouteCalls = 4, force = False
Called Update: UpdateRouteCalls = 5, force = False
Called Update: UpdateRouteCalls = 6, force = False
Called Update: UpdateRouteCalls = 7, force = False
Called Update: UpdateRouteCalls = 8, force = False
Called Update: UpdateRouteCalls = 9, force = False
Called Update: UpdateRouteCalls = 10, force = False
Called Update: UpdateRouteCalls = 11, force = False
Called Update: UpdateRouteCalls = 12, force = False
Called Update: UpdateRouteCalls = 13, force = False
Called Update: UpdateRouteCalls = 14, force = False
Called Update: UpdateRouteCalls = 15, force = False
Called Update: UpdateRouteCalls = 16, force = False
Called Update: UpdateRouteCalls = 17, force = False
!! UPDATING !!
routeNo, updatedMCSIndex =  0 [2, 1, 1, 1, 1, 1, 1, 1]
DUPE: 2001005463219_Node0_Node8_Zero, Node4 id 2001005463219_Node0_Node8_Zero was a dupe; retransmit: 0, pkt_enqueue_time=2008400017633.3958, pkt_dequeue_time=2008400017633.3958, forwarded_or_dropped=1, reason_for_drop='Expiry'
DUPE: 2001010925965_Node0_Node8_Zero, Node4 id 2001010925965_Node0_Node8_Zero was a dupe; retransmit: 0, pkt_enqueue_time=2008400017633.3958, pkt_dequeue_time=2008400017633.3958, forwarded_or_dropped=1, reason_for_drop='Expiry'
DUPE: 2003218537859_Node0_Node8_Zero, Node3 id 2003218537859_Node0_Node8_Zero was a dupe; retransmit: 0, pkt_enqueue_time=2008408743431.0322, pkt_dequeue_time=2008408743431.0322, forwarded_or_dropped=1, reason_for_drop='Expiry'
DUPE: 2003224005108_Node0_Node8_Zero, Node3 id 2003224005108_Node0_Node8_Zero was a dupe; retransmit: 0, pkt_enqueue_time=2008408743431.0322, pkt_dequeue_time=2008408743431.0322, forwarded_or_dropped=1, reason_for_drop='Expiry'
DUPE: 2002398863928_Node0_Node8_Zero, Node3 id 2002398863928_Node0_Node8_Zero was a dupe; retransmit: 0, pkt_enqueue_time=2008420320994.6687, pkt_dequeue_time=2008420320994.6687, forwarded_or_dropped=1, reason_for_drop='Expiry'
DUPE: 2002404330276_Node0_Node8_Zero, Node3 id 2002404330276_Node0_Node8_Zero was a dupe; retransmit: 0, pkt_enqueue_time=2008420320994.6687, pkt_dequeue_time=2008420320994.6687, forwarded_or_dropped=1, reason_for_drop='Expiry'
DUPE: 2002562781269_Node0_Node8_Zero, Node3 id 2002562781269_Node0_Node8_Zero was a dupe; retransmit: 0, pkt_enqueue_time=2008435859276.3052, pkt_dequeue_time=2008435859276.3052, forwarded_or_dropped=1, reason_for_drop='Expiry'
DUPE: 2002573701456_Node0_Node8_Zero, Node3 id 2002573701456_Node0_Node8_Zero was a dupe; retransmit: 0, pkt_enqueue_time=2008435859276.3052, pkt_dequeue_time=2008435859276.3052, forwarded_or_dropped=1, reason_for_drop='Expiry'
DUPE: 2002841464242_Node0_Node8_Zero, Node3 id 2002841464242_Node0_Node8_Zero was a dupe; retransmit: 0, pkt_enqueue_time=2008447531839.9417, pkt_dequeue_time=2008447531839.9417, forwarded_or_dropped=1, reason_for_drop='Expiry'
DUPE: 2002846923791_Node0_Node8_Zero, Node3 id 2002846923791_Node0_Node8_Zero was a dupe; retransmit: 0, pkt_enqueue_time=2008447531839.9417, pkt_dequeue_time=2008447531839.9417, forwarded_or_dropped=1, reason_for_drop='Expiry'
DUPE: 2002305984861_Node0_Node8_Zero, Node3 id 2002305984861_Node0_Node8_Zero was a dupe; retransmit: 0, pkt_enqueue_time=2008459214403.5781, pkt_dequeue_time=2008459214403.5781, forwarded_or_dropped=1, reason_for_drop='Expiry'
DUPE: 2002311445231_Node0_Node8_Zero, Node3 id 2002311445231_Node0_Node8_Zero was a dupe; retransmit: 0, pkt_enqueue_time=2008459214403.5781, pkt_dequeue_time=2008459214403.5781, forwarded_or_dropped=1, reason_for_drop='Expiry'
DUPE: 2002852389158_Node0_Node8_Zero, Node3 id 2002852389158_Node0_Node8_Zero was a dupe; retransmit: 0, pkt_enqueue_time=2008471001967.2146, pkt_dequeue_time=2008471001967.2146, forwarded_or_dropped=1, reason_for_drop='Expiry'
DUPE: 2002857853972_Node0_Node8_Zero, Node3 id 2002857853972_Node0_Node8_Zero was a dupe; retransmit: 0, pkt_enqueue_time=2008471001967.2146, pkt_dequeue_time=2008471001967.2146, forwarded_or_dropped=1, reason_for_drop='Expiry'
DUPE: 2001431671635_Node0_Node8_Zero, Node4 id 2001431671635_Node0_Node8_Zero was a dupe; retransmit: 0, pkt_enqueue_time=2008488018966.851, pkt_dequeue_time=2008488018966.851, forwarded_or_dropped=1, reason_for_drop='Expiry'
DUPE: 2001437132888_Node0_Node8_Zero, Node4 id 2001437132888_Node0_Node8_Zero was a dupe; retransmit: 0, pkt_enqueue_time=2008488018966.851, pkt_dequeue_time=2008488018966.851, forwarded_or_dropped=1, reason_for_drop='Expiry'
DUPE: 2003590125612_Node0_Node8_Zero, Node3 id 2003590125612_Node0_Node8_Zero was a dupe; retransmit: 0, pkt_enqueue_time=2008497455424.4875, pkt_dequeue_time=2008497455424.4875, forwarded_or_dropped=1, reason_for_drop='Expiry'
DUPE: 2003595587468_Node0_Node8_Zero, Node3 id 2003595587468_Node0_Node8_Zero was a dupe; retransmit: 0, pkt_enqueue_time=2008497455424.4875, pkt_dequeue_time=2008497455424.4875, forwarded_or_dropped=1, reason_for_drop='Expiry'
DUPE: 2001448061468_Node0_Node8_Zero, Node4 id 2001448061468_Node0_Node8_Zero was a dupe; retransmit: 0, pkt_enqueue_time=2008511210242.3057, pkt_dequeue_time=2008511210242.3057, forwarded_or_dropped=1, reason_for_drop='Expiry'
DUPE: 2001480850037_Node0_Node8_Zero, Node4 id 2001480850037_Node0_Node8_Zero was a dupe; retransmit: 0, pkt_enqueue_time=2008513560186.9119, pkt_dequeue_time=2008513560186.9119, forwarded_or_dropped=1, reason_for_drop='Expiry'
DUPE: 2002786824179_Node0_Node8_Zero, Node3 id 2002786824179_Node0_Node8_Zero was a dupe; retransmit: 0, pkt_enqueue_time=2008525678078.7605, pkt_dequeue_time=2008525678078.7605, forwarded_or_dropped=1, reason_for_drop='Expiry'
DUPE: 2002792293144_Node0_Node8_Zero, Node3 id 2002792293144_Node0_Node8_Zero was a dupe; retransmit: 0, pkt_enqueue_time=2008525678078.7605, pkt_dequeue_time=2008525678078.7605, forwarded_or_dropped=1, reason_for_drop='Expiry'
DUPE: 2001076502180_Node0_Node8_Zero, Node4 id 2001076502180_Node0_Node8_Zero was a dupe; retransmit: 0, pkt_enqueue_time=2008552162187.4878, pkt_dequeue_time=2008552162187.4878, forwarded_or_dropped=1, reason_for_drop='Expiry'
DUPE: 2004273174747_Node0_Node8_Zero, Node3 id 2004273174747_Node0_Node8_Zero was a dupe; retransmit: 0, pkt_enqueue_time=2008563164769.67, pkt_dequeue_time=2008563164769.67, forwarded_or_dropped=1, reason_for_drop='Expiry'
DUPE: 2004278641080_Node0_Node8_Zero, Node3 id 2004278641080_Node0_Node8_Zero was a dupe; retransmit: 0, pkt_enqueue_time=2008563164769.67, pkt_dequeue_time=2008563164769.67, forwarded_or_dropped=1, reason_for_drop='Expiry'
DUPE: 2002595566452_Node0_Node8_Zero, Node3 id 2002595566452_Node0_Node8_Zero was a dupe; retransmit: 0, pkt_enqueue_time=2008575507333.3064, pkt_dequeue_time=2008575507333.3064, forwarded_or_dropped=1, reason_for_drop='Expiry'
DUPE: 2002590100838_Node0_Node8_Zero, Node3 id 2002590100838_Node0_Node8_Zero was a dupe; retransmit: 0, pkt_enqueue_time=2008575507333.3064, pkt_dequeue_time=2008575507333.3064, forwarded_or_dropped=1, reason_for_drop='Expiry'
DUPE: 2001377034063_Node0_Node8_Zero, Node4 id 2001377034063_Node0_Node8_Zero was a dupe; retransmit: 0, pkt_enqueue_time=2008600613976.223, pkt_dequeue_time=2008600613976.223, forwarded_or_dropped=1, reason_for_drop='Expiry'
DUPE: 2001398882287_Node0_Node8_Zero, Node4 id 2001398882287_Node0_Node8_Zero was a dupe; retransmit: 0, pkt_enqueue_time=2008600613976.223, pkt_dequeue_time=2008600613976.223, forwarded_or_dropped=1, reason_for_drop='Expiry'
DUPE: 2004601078012_Node0_Node8_Zero, Node3 id 2004601078012_Node0_Node8_Zero was a dupe; retransmit: 0, pkt_enqueue_time=2008602442263.5793, pkt_dequeue_time=2008602442263.5793, forwarded_or_dropped=1, reason_for_drop='Expiry'
DUPE: 2004606541987_Node0_Node8_Zero, Node3 id 2004606541987_Node0_Node8_Zero was a dupe; retransmit: 0, pkt_enqueue_time=2008602442263.5793, pkt_dequeue_time=2008602442263.5793, forwarded_or_dropped=1, reason_for_drop='Expiry'
DUPE: 2001901615829_Node0_Node8_Zero, Node4 id 2001901615829_Node0_Node8_Zero was a dupe; retransmit: 0, pkt_enqueue_time=2008631967026.852, pkt_dequeue_time=2008631967026.852, forwarded_or_dropped=1, reason_for_drop='Expiry'
DUPE: 2001912548417_Node0_Node8_Zero, Node4 id 2001912548417_Node0_Node8_Zero was a dupe; retransmit: 0, pkt_enqueue_time=2008631967026.852, pkt_dequeue_time=2008631967026.852, forwarded_or_dropped=1, reason_for_drop='Expiry'
DUPE: 2004196673793_Node0_Node8_Zero, Node3 id 2004196673793_Node0_Node8_Zero was a dupe; retransmit: 0, pkt_enqueue_time=2008643266321.4888, pkt_dequeue_time=2008643266321.4888, forwarded_or_dropped=1, reason_for_drop='Expiry'
DUPE: 2004202136970_Node0_Node8_Zero, Node3 id 2004202136970_Node0_Node8_Zero was a dupe; retransmit: 0, pkt_enqueue_time=2008643266321.4888, pkt_dequeue_time=2008643266321.4888, forwarded_or_dropped=1, reason_for_drop='Expiry'
DUPE: 2003442576176_Node0_Node8_Zero, Node3 id 2003442576176_Node0_Node8_Zero was a dupe; retransmit: 0, pkt_enqueue_time=2008655988885.1252, pkt_dequeue_time=2008655988885.1252, forwarded_or_dropped=1, reason_for_drop='Expiry'
DUPE: 2003437113092_Node0_Node8_Zero, Node3 id 2003437113092_Node0_Node8_Zero was a dupe; retransmit: 0, pkt_enqueue_time=2008655988885.1252, pkt_dequeue_time=2008655988885.1252, forwarded_or_dropped=1, reason_for_drop='Expiry'
DUPE: 2001355174396_Node0_Node8_Zero, Node4 id 2001355174396_Node0_Node8_Zero was a dupe; retransmit: 0, pkt_enqueue_time=2008670976702.9434, pkt_dequeue_time=2008670976702.9434, forwarded_or_dropped=1, reason_for_drop='Expiry'
DUPE: 2001360643270_Node0_Node8_Zero, Node4 id 2001360643270_Node0_Node8_Zero was a dupe; retransmit: 0, pkt_enqueue_time=2008670976702.9434, pkt_dequeue_time=2008670976702.9434, forwarded_or_dropped=1, reason_for_drop='Expiry'
DUPE: 2003393406365_Node0_Node8_Zero, Node3 id 2003393406365_Node0_Node8_Zero was a dupe; retransmit: 0, pkt_enqueue_time=2008682567012.3982, pkt_dequeue_time=2008682567012.3982, forwarded_or_dropped=1, reason_for_drop='Expiry'
DUPE: 2003398872567_Node0_Node8_Zero, Node3 id 2003398872567_Node0_Node8_Zero was a dupe; retransmit: 0, pkt_enqueue_time=2008682567012.3982, pkt_dequeue_time=2008682567012.3982, forwarded_or_dropped=1, reason_for_drop='Expiry'
DUPE: 2003415263564_Node0_Node8_Zero, Node3 id 2003415263564_Node0_Node8_Zero was a dupe; retransmit: 0, pkt_enqueue_time=2008695638576.0347, pkt_dequeue_time=2008695638576.0347, forwarded_or_dropped=1, reason_for_drop='Expiry'
DUPE: 2003420727240_Node0_Node8_Zero, Node3 id 2003420727240_Node0_Node8_Zero was a dupe; retransmit: 0, pkt_enqueue_time=2008695638576.0347, pkt_dequeue_time=2008695638576.0347, forwarded_or_dropped=1, reason_for_drop='Expiry'
DUPE: 2000606577897_Node0_Node8_Zero, Node4 id 2000606577897_Node0_Node8_Zero was a dupe; retransmit: 0, pkt_enqueue_time=2008713554733.5825, pkt_dequeue_time=2008713554733.5825, forwarded_or_dropped=1, reason_for_drop='Expiry'
DUPE: 2002890637179_Node0_Node8_Zero, Node3 id 2002890637179_Node0_Node8_Zero was a dupe; retransmit: 0, pkt_enqueue_time=2008724697022.3076, pkt_dequeue_time=2008724697022.3076, forwarded_or_dropped=1, reason_for_drop='Expiry'
DUPE: 2002896101035_Node0_Node8_Zero, Node3 id 2002896101035_Node0_Node8_Zero was a dupe; retransmit: 0, pkt_enqueue_time=2008724697022.3076, pkt_dequeue_time=2008724697022.3076, forwarded_or_dropped=1, reason_for_drop='Expiry'
DUPE: 2004229466023_Node0_Node8_Zero, Node3 id 2004229466023_Node0_Node8_Zero was a dupe; retransmit: 0, pkt_enqueue_time=2008737919585.944, pkt_dequeue_time=2008737919585.944, forwarded_or_dropped=1, reason_for_drop='Expiry'
DUPE: 2004234925804_Node0_Node8_Zero, Node3 id 2004234925804_Node0_Node8_Zero was a dupe; retransmit: 0, pkt_enqueue_time=2008737919585.944, pkt_dequeue_time=2008737919585.944, forwarded_or_dropped=1, reason_for_drop='Expiry'
DUPE: 2002546391098_Node0_Node8_Zero, Node3 id 2002546391098_Node0_Node8_Zero was a dupe; retransmit: 0, pkt_enqueue_time=2008766784408.217, pkt_dequeue_time=2008766784408.217, forwarded_or_dropped=1, reason_for_drop='Expiry'
DUPE: 2002551855580_Node0_Node8_Zero, Node3 id 2002551855580_Node0_Node8_Zero was a dupe; retransmit: 0, pkt_enqueue_time=2008766784408.217, pkt_dequeue_time=2008766784408.217, forwarded_or_dropped=1, reason_for_drop='Expiry'
Node.py: (Node0)@2008800000000.0: Updated MCS from 2 to 2, hist=deque([1.0, 1.0, 1.0, 1.0, 1.0], maxlen=5), packets_serviced=73, packets_received=73
Called Update: UpdateRouteCalls = 0, force = False
Node.py: (Node1)@2008800000000.0: Updated MCS from 1 to 1, hist=deque([0.0, 0.2702702702702703, 0.0, 0.0, 0.0], maxlen=5), packets_serviced=0, packets_received=74
Called Update: UpdateRouteCalls = 1, force = False
Called Update: UpdateRouteCalls = 2, force = False
Node.py: (Node3)@2008800000000.0: Updated MCS from 1 to 1, hist=deque([0.0, 0.0, 0.0, 0.0, 0.0], maxlen=5), packets_serviced=0, packets_received=38
Called Update: UpdateRouteCalls = 3, force = False
Node.py: (Node4)@2008800000000.0: Updated MCS from 1 to 1, hist=deque([0.7391304347826086, 0.0, 0.0, 0.0, 0.0], maxlen=5), packets_serviced=0, packets_received=16
Called Update: UpdateRouteCalls = 4, force = False
Called Update: UpdateRouteCalls = 5, force = False
Called Update: UpdateRouteCalls = 6, force = False
Called Update: UpdateRouteCalls = 7, force = False
Called Update: UpdateRouteCalls = 8, force = False
Called Update: UpdateRouteCalls = 9, force = False
Called Update: UpdateRouteCalls = 10, force = False
Called Update: UpdateRouteCalls = 11, force = False
Called Update: UpdateRouteCalls = 12, force = False
Called Update: UpdateRouteCalls = 13, force = False
Called Update: UpdateRouteCalls = 14, force = False
Called Update: UpdateRouteCalls = 15, force = False
Called Update: UpdateRouteCalls = 16, force = False
Called Update: UpdateRouteCalls = 17, force = False
!! UPDATING !!
routeNo, updatedMCSIndex =  0 [2, 1, 1, 1, 1, 1, 1, 1]
DUPE: 2001393422522_Node0_Node8_Zero, Node4 id 2001393422522_Node0_Node8_Zero was a dupe; retransmit: 0, pkt_enqueue_time=2008843331044.2175, pkt_dequeue_time=2008843331044.2175, forwarded_or_dropped=1, reason_for_drop='Expiry'
DUPE: 2001409802817_Node0_Node8_Zero, Node4 id 2001409802817_Node0_Node8_Zero was a dupe; retransmit: 0, pkt_enqueue_time=2008850866264.4392, pkt_dequeue_time=2008850866264.4392, forwarded_or_dropped=1, reason_for_drop='Expiry'
DUPE: 2001426202746_Node0_Node8_Zero, Node4 id 2001426202746_Node0_Node8_Zero was a dupe; retransmit: 0, pkt_enqueue_time=2008850866264.4392, pkt_dequeue_time=2008850866264.4392, forwarded_or_dropped=1, reason_for_drop='Expiry'
DUPE: 2001885226593_Node0_Node8_Zero, Node4 id 2001885226593_Node0_Node8_Zero was a dupe; retransmit: 0, pkt_enqueue_time=2008876367369.4905, pkt_dequeue_time=2008876367369.4905, forwarded_or_dropped=1, reason_for_drop='Expiry'
DUPE: 2001114737285_Node0_Node8_Zero, Node4 id 2001114737285_Node0_Node8_Zero was a dupe; retransmit: 0, pkt_enqueue_time=2008893245933.127, pkt_dequeue_time=2008893245933.127, forwarded_or_dropped=1, reason_for_drop='Expiry'
DUPE: 2001792331736_Node0_Node8_Zero, Node4 id 2001792331736_Node0_Node8_Zero was a dupe; retransmit: 0, pkt_enqueue_time=2008917519753.9304, pkt_dequeue_time=2008917519753.9304, forwarded_or_dropped=1, reason_for_drop='Expiry'
DUPE: 2001797796816_Node0_Node8_Zero, Node4 id 2001797796816_Node0_Node8_Zero was a dupe; retransmit: 0, pkt_enqueue_time=2008917519753.9304, pkt_dequeue_time=2008917519753.9304, forwarded_or_dropped=1, reason_for_drop='Expiry'
DUPE: 2002185758789_Node0_Node8_Zero, Node3 id 2002185758789_Node0_Node8_Zero was a dupe; retransmit: 0, pkt_enqueue_time=2008928735042.491, pkt_dequeue_time=2008928735042.491, forwarded_or_dropped=1, reason_for_drop='Expiry'
DUPE: 2002180292263_Node0_Node8_Zero, Node3 id 2002180292263_Node0_Node8_Zero was a dupe; retransmit: 0, pkt_enqueue_time=2008928735042.491, pkt_dequeue_time=2008928735042.491, forwarded_or_dropped=1, reason_for_drop='Expiry'
DUPE: 2001748614771_Node0_Node8_Zero, Node4 id 2001748614771_Node0_Node8_Zero was a dupe; retransmit: 0, pkt_enqueue_time=2008962838151.2183, pkt_dequeue_time=2008962838151.2183, forwarded_or_dropped=1, reason_for_drop='Expiry'
DUPE: 2001754080268_Node0_Node8_Zero, Node4 id 2001754080268_Node0_Node8_Zero was a dupe; retransmit: 0, pkt_enqueue_time=2008962838151.2183, pkt_dequeue_time=2008962838151.2183, forwarded_or_dropped=1, reason_for_drop='Expiry'
DUPE: 2004535490231_Node0_Node8_Zero, Node3 id 2004535490231_Node0_Node8_Zero was a dupe; retransmit: 0, pkt_enqueue_time=2008965594500.764, pkt_dequeue_time=2008965594500.764, forwarded_or_dropped=1, reason_for_drop='Expiry'
DUPE: 2004540958915_Node0_Node8_Zero, Node3 id 2004540958915_Node0_Node8_Zero was a dupe; retransmit: 0, pkt_enqueue_time=2008965594500.764, pkt_dequeue_time=2008965594500.764, forwarded_or_dropped=1, reason_for_drop='Expiry'
DUPE: 2004595609575_Node0_Node8_Zero, Node3 id 2004595609575_Node0_Node8_Zero was a dupe; retransmit: 0, pkt_enqueue_time=2008968158900.764, pkt_dequeue_time=2008968158900.764, forwarded_or_dropped=1, reason_for_drop='Expiry'
DUPE: 2001180320092_Node0_Node8_Zero, Node4 id 2001180320092_Node0_Node8_Zero was a dupe; retransmit: 0, pkt_enqueue_time=2008986894718.582, pkt_dequeue_time=2008986894718.582, forwarded_or_dropped=1, reason_for_drop='Expiry'
main.py: Progress: 2009 / 2104
Called Update: UpdateRouteCalls = 0, force = True
!! UPDATING !!
routeNo, updatedMCSIndex =  0 [2, 1, 1, 1, 1, 1, 1, 1]

rf.py: Time: 2009 Route details: {0: {'Route': [0, 1, 2, 3, 4, 5, 6, 7, 8], 'MCS_Index': [2, 1, 1, 1, 1, 1, 1, 1], 'Priority': 1, 'ValidRoute': True, 'HQRoute': True, 'RouteNodeDensity': [0, 0, 0, 0, 0, 2, 0, 0, 0], 'InterferingLinks': 16, 'Target': (-1, -1)}}
DUPE: 2001158457420_Node0_Node8_Zero, Node4 id 2001158457420_Node0_Node8_Zero was a dupe; retransmit: 0, pkt_enqueue_time=2009023656573.1277, pkt_dequeue_time=2009023656573.1277, forwarded_or_dropped=1, reason_for_drop='Expiry'
DUPE: 2001163921504_Node0_Node8_Zero, Node4 id 2001163921504_Node0_Node8_Zero was a dupe; retransmit: 0, pkt_enqueue_time=2009023656573.1277, pkt_dequeue_time=2009023656573.1277, forwarded_or_dropped=1, reason_for_drop='Expiry'
DUPE: 2003579194708_Node0_Node8_Zero, Node3 id 2003579194708_Node0_Node8_Zero was a dupe; retransmit: 0, pkt_enqueue_time=2009027873909.673, pkt_dequeue_time=2009027873909.673, forwarded_or_dropped=1, reason_for_drop='Expiry'
DUPE: 2003584656286_Node0_Node8_Zero, Node3 id 2003584656286_Node0_Node8_Zero was a dupe; retransmit: 0, pkt_enqueue_time=2009027873909.673, pkt_dequeue_time=2009027873909.673, forwarded_or_dropped=1, reason_for_drop='Expiry'
DUPE: 2001169390795_Node0_Node8_Zero, Node4 id 2001169390795_Node0_Node8_Zero was a dupe; retransmit: 0, pkt_enqueue_time=2009030697787.673, pkt_dequeue_time=2009030697787.673, forwarded_or_dropped=1, reason_for_drop='Expiry'
DUPE: 2001174852457_Node0_Node8_Zero, Node4 id 2001174852457_Node0_Node8_Zero was a dupe; retransmit: 0, pkt_enqueue_time=2009030697787.673, pkt_dequeue_time=2009030697787.673, forwarded_or_dropped=1, reason_for_drop='Expiry'
DUPE: 2001704897932_Node0_Node8_Zero, Node4 id 2001704897932_Node0_Node8_Zero was a dupe; retransmit: 0, pkt_enqueue_time=2009055453954.3096, pkt_dequeue_time=2009055453954.3096, forwarded_or_dropped=1, reason_for_drop='Expiry'
DUPE: 2001710358460_Node0_Node8_Zero, Node4 id 2001710358460_Node0_Node8_Zero was a dupe; retransmit: 0, pkt_enqueue_time=2009055453954.3096, pkt_dequeue_time=2009055453954.3096, forwarded_or_dropped=1, reason_for_drop='Expiry'
DUPE: 2002633811038_Node0_Node8_Zero, Node3 id 2002633811038_Node0_Node8_Zero was a dupe; retransmit: 0, pkt_enqueue_time=2009072776038.946, pkt_dequeue_time=2009072776038.946, forwarded_or_dropped=1, reason_for_drop='Expiry'
DUPE: 2002639273023_Node0_Node8_Zero, Node3 id 2002639273023_Node0_Node8_Zero was a dupe; retransmit: 0, pkt_enqueue_time=2009072776038.946, pkt_dequeue_time=2009072776038.946, forwarded_or_dropped=1, reason_for_drop='Expiry'
DUPE: 2002644740071_Node0_Node8_Zero, Node3 id 2002644740071_Node0_Node8_Zero was a dupe; retransmit: 0, pkt_enqueue_time=2009076814756.946, pkt_dequeue_time=2009076814756.946, forwarded_or_dropped=1, reason_for_drop='Expiry'
DUPE: 2002650202806_Node0_Node8_Zero, Node3 id 2002650202806_Node0_Node8_Zero was a dupe; retransmit: 0, pkt_enqueue_time=2009076814756.946, pkt_dequeue_time=2009076814756.946, forwarded_or_dropped=1, reason_for_drop='Expiry'
DUPE: 2000617503267_Node0_Node8_Zero, Node4 id 2000617503267_Node0_Node8_Zero was a dupe; retransmit: 0, pkt_enqueue_time=2009096828574.7642, pkt_dequeue_time=2009096828574.7642, forwarded_or_dropped=1, reason_for_drop='Expiry'
DUPE: 2000622966692_Node0_Node8_Zero, Node4 id 2000622966692_Node0_Node8_Zero was a dupe; retransmit: 0, pkt_enqueue_time=2009096828574.7642, pkt_dequeue_time=2009096828574.7642, forwarded_or_dropped=1, reason_for_drop='Expiry'
DUPE: 2002327839027_Node0_Node8_Zero, Node3 id 2002327839027_Node0_Node8_Zero was a dupe; retransmit: 0, pkt_enqueue_time=2009099427402.5825, pkt_dequeue_time=2009099427402.5825, forwarded_or_dropped=1, reason_for_drop='Expiry'
DUPE: 2002333303031_Node0_Node8_Zero, Node3 id 2002333303031_Node0_Node8_Zero was a dupe; retransmit: 0, pkt_enqueue_time=2009099427402.5825, pkt_dequeue_time=2009099427402.5825, forwarded_or_dropped=1, reason_for_drop='Expiry'
DUPE: 2002338770379_Node0_Node8_Zero, Node3 id 2002338770379_Node0_Node8_Zero was a dupe; retransmit: 0, pkt_enqueue_time=2009103106120.5825, pkt_dequeue_time=2009103106120.5825, forwarded_or_dropped=1, reason_for_drop='Expiry'
DUPE: 2002344236274_Node0_Node8_Zero, Node3 id 2002344236274_Node0_Node8_Zero was a dupe; retransmit: 0, pkt_enqueue_time=2009103106120.5825, pkt_dequeue_time=2009103106120.5825, forwarded_or_dropped=1, reason_for_drop='Expiry'
DUPE: 2001224039093_Node0_Node8_Zero, Node4 id 2001224039093_Node0_Node8_Zero was a dupe; retransmit: 0, pkt_enqueue_time=2009123453938.4006, pkt_dequeue_time=2009123453938.4006, forwarded_or_dropped=1, reason_for_drop='Expiry'
DUPE: 2001229508499_Node0_Node8_Zero, Node4 id 2001229508499_Node0_Node8_Zero was a dupe; retransmit: 0, pkt_enqueue_time=2009123453938.4006, pkt_dequeue_time=2009123453938.4006, forwarded_or_dropped=1, reason_for_drop='Expiry'
DUPE: 2002699385580_Node0_Node8_Zero, Node3 id 2002699385580_Node0_Node8_Zero was a dupe; retransmit: 0, pkt_enqueue_time=2009125782226.219, pkt_dequeue_time=2009125782226.219, forwarded_or_dropped=1, reason_for_drop='Expiry'
DUPE: 2002704853677_Node0_Node8_Zero, Node3 id 2002704853677_Node0_Node8_Zero was a dupe; retransmit: 0, pkt_enqueue_time=2009125782226.219, pkt_dequeue_time=2009125782226.219, forwarded_or_dropped=1, reason_for_drop='Expiry'
DUPE: 2001333319114_Node0_Node8_Zero, Node4 id 2001333319114_Node0_Node8_Zero was a dupe; retransmit: 0, pkt_enqueue_time=2009146263044.037, pkt_dequeue_time=2009146263044.037, forwarded_or_dropped=1, reason_for_drop='Expiry'
DUPE: 2001338783246_Node0_Node8_Zero, Node4 id 2001338783246_Node0_Node8_Zero was a dupe; retransmit: 0, pkt_enqueue_time=2009146263044.037, pkt_dequeue_time=2009146263044.037, forwarded_or_dropped=1, reason_for_drop='Expiry'
DUPE: 2003655701201_Node0_Node8_Zero, Node3 id 2003655701201_Node0_Node8_Zero was a dupe; retransmit: 0, pkt_enqueue_time=2009148518331.8555, pkt_dequeue_time=2009148518331.8555, forwarded_or_dropped=1, reason_for_drop='Expiry'
DUPE: 2003666637187_Node0_Node8_Zero, Node3 id 2003666637187_Node0_Node8_Zero was a dupe; retransmit: 0, pkt_enqueue_time=2009148518331.8555, pkt_dequeue_time=2009148518331.8555, forwarded_or_dropped=1, reason_for_drop='Expiry'
DUPE: 2000475418233_Node0_Node8_Zero, Node4 id 2000475418233_Node0_Node8_Zero was a dupe; retransmit: 0, pkt_enqueue_time=2009169226149.6736, pkt_dequeue_time=2009169226149.6736, forwarded_or_dropped=1, reason_for_drop='Expiry'
DUPE: 2000491817329_Node0_Node8_Zero, Node4 id 2000491817329_Node0_Node8_Zero was a dupe; retransmit: 0, pkt_enqueue_time=2009169226149.6736, pkt_dequeue_time=2009169226149.6736, forwarded_or_dropped=1, reason_for_drop='Expiry'
DUPE: 2002169371045_Node0_Node8_Zero, Node3 id 2002169371045_Node0_Node8_Zero was a dupe; retransmit: 0, pkt_enqueue_time=2009171263768.492, pkt_dequeue_time=2009171263768.492, forwarded_or_dropped=1, reason_for_drop='Expiry'
DUPE: 2002174832435_Node0_Node8_Zero, Node3 id 2002174832435_Node0_Node8_Zero was a dupe; retransmit: 0, pkt_enqueue_time=2009171263768.492, pkt_dequeue_time=2009171263768.492, forwarded_or_dropped=1, reason_for_drop='Expiry'
DUPE: 2004289575269_Node0_Node8_Zero, Node2 id 2004289575269_Node0_Node8_Zero was a dupe; retransmit: 0, pkt_enqueue_time=2009184626421.5876, pkt_dequeue_time=2009184626421.5876, forwarded_or_dropped=1, reason_for_drop='Expiry'
DUPE: 2000934432844_Node0_Node8_Zero, Node4 id 2000934432844_Node0_Node8_Zero was a dupe; retransmit: 0, pkt_enqueue_time=2009198876709.8857, pkt_dequeue_time=2009198876709.8857, forwarded_or_dropped=1, reason_for_drop='Expiry'
DUPE: 2000923505839_Node0_Node8_Zero, Node4 id 2000923505839_Node0_Node8_Zero was a dupe; retransmit: 0, pkt_enqueue_time=2009198876709.8857, pkt_dequeue_time=2009198876709.8857, forwarded_or_dropped=1, reason_for_drop='Expiry'
Node.py: (Node0)@2009200000000.0: Updated MCS from 2 to 2, hist=deque([1.0, 1.0, 1.0, 1.0, 1.0], maxlen=5), packets_serviced=73, packets_received=73
Called Update: UpdateRouteCalls = 0, force = False
Node.py: (Node1)@2009200000000.0: Updated MCS from 1 to 1, hist=deque([0.2702702702702703, 0.0, 0.0, 0.0, 0.0], maxlen=5), packets_serviced=0, packets_received=72
Called Update: UpdateRouteCalls = 1, force = False
Node.py: (Node2)@2009200000000.0: Updated MCS from 1 to 1, hist=deque([0.022988505747126436, 2.0, 0.3695652173913043, 0.0, 0.5], maxlen=5), packets_serviced=1, packets_received=2
Called Update: UpdateRouteCalls = 2, force = False
Node.py: (Node3)@2009200000000.0: Updated MCS from 1 to 1, hist=deque([0.0, 0.0, 0.0, 0.0, 0.0], maxlen=5), packets_serviced=0, packets_received=28
Called Update: UpdateRouteCalls = 3, force = False
Node.py: (Node4)@2009200000000.0: Updated MCS from 1 to 1, hist=deque([0.0, 0.0, 0.0, 0.0, 0.0], maxlen=5), packets_serviced=0, packets_received=28
Called Update: UpdateRouteCalls = 4, force = False
Called Update: UpdateRouteCalls = 5, force = False
Called Update: UpdateRouteCalls = 6, force = False
Called Update: UpdateRouteCalls = 7, force = False
Called Update: UpdateRouteCalls = 8, force = False
Called Update: UpdateRouteCalls = 9, force = False
Called Update: UpdateRouteCalls = 10, force = False
Called Update: UpdateRouteCalls = 11, force = False
Called Update: UpdateRouteCalls = 12, force = False
Called Update: UpdateRouteCalls = 13, force = False
Called Update: UpdateRouteCalls = 14, force = False
Called Update: UpdateRouteCalls = 15, force = False
Called Update: UpdateRouteCalls = 16, force = False
Called Update: UpdateRouteCalls = 17, force = False
!! UPDATING !!
routeNo, updatedMCSIndex =  0 [2, 1, 1, 1, 1, 1, 1, 1]
DUPE: 2000562871418_Node0_Node8_Zero, Node4 id 2000562871418_Node0_Node8_Zero was a dupe; retransmit: 0, pkt_enqueue_time=2009229434369.2239, pkt_dequeue_time=2009229434369.2239, forwarded_or_dropped=1, reason_for_drop='Expiry'
DUPE: 2000568331494_Node0_Node8_Zero, Node4 id 2000568331494_Node0_Node8_Zero was a dupe; retransmit: 0, pkt_enqueue_time=2009229434369.2239, pkt_dequeue_time=2009229434369.2239, forwarded_or_dropped=1, reason_for_drop='Expiry'
DUPE: 2003010866902_Node0_Node8_Zero, Node3 id 2003010866902_Node0_Node8_Zero was a dupe; retransmit: 0, pkt_enqueue_time=2009232619179.0422, pkt_dequeue_time=2009232619179.0422, forwarded_or_dropped=1, reason_for_drop='Expiry'
DUPE: 2003016333135_Node0_Node8_Zero, Node3 id 2003016333135_Node0_Node8_Zero was a dupe; retransmit: 0, pkt_enqueue_time=2009232619179.0422, pkt_dequeue_time=2009232619179.0422, forwarded_or_dropped=1, reason_for_drop='Expiry'
DUPE: 2000770512735_Node0_Node8_Zero, Node4 id 2000770512735_Node0_Node8_Zero was a dupe; retransmit: 0, pkt_enqueue_time=2009254026996.8604, pkt_dequeue_time=2009254026996.8604, forwarded_or_dropped=1, reason_for_drop='Expiry'
DUPE: 2000775978046_Node0_Node8_Zero, Node4 id 2000775978046_Node0_Node8_Zero was a dupe; retransmit: 0, pkt_enqueue_time=2009254026996.8604, pkt_dequeue_time=2009254026996.8604, forwarded_or_dropped=1, reason_for_drop='Expiry'
DUPE: 2000792378247_Node0_Node8_Zero, Node4 id 2000792378247_Node0_Node8_Zero was a dupe; retransmit: 0, pkt_enqueue_time=2009259054928.6787, pkt_dequeue_time=2009259054928.6787, forwarded_or_dropped=1, reason_for_drop='Expiry'
DUPE: 2000803300086_Node0_Node8_Zero, Node4 id 2000803300086_Node0_Node8_Zero was a dupe; retransmit: 0, pkt_enqueue_time=2009259054928.6787, pkt_dequeue_time=2009259054928.6787, forwarded_or_dropped=1, reason_for_drop='Expiry'
DUPE: 2002202158184_Node0_Node8_Zero, Node3 id 2002202158184_Node0_Node8_Zero was a dupe; retransmit: 0, pkt_enqueue_time=2009264014036.2544, pkt_dequeue_time=2009264014036.2544, forwarded_or_dropped=1, reason_for_drop='Expiry'
DUPE: 2001672106292_Node0_Node8_Zero, Node4 id 2001672106292_Node0_Node8_Zero was a dupe; retransmit: 0, pkt_enqueue_time=2009285661854.0725, pkt_dequeue_time=2009285661854.0725, forwarded_or_dropped=1, reason_for_drop='Expiry'
DUPE: 2001677568556_Node0_Node8_Zero, Node4 id 2001677568556_Node0_Node8_Zero was a dupe; retransmit: 0, pkt_enqueue_time=2009285661854.0725, pkt_dequeue_time=2009285661854.0725, forwarded_or_dropped=1, reason_for_drop='Expiry'
DUPE: 2001497248008_Node0_Node8_Zero, Node4 id 2001497248008_Node0_Node8_Zero was a dupe; retransmit: 0, pkt_enqueue_time=2009311603726.7998, pkt_dequeue_time=2009311603726.7998, forwarded_or_dropped=1, reason_for_drop='Expiry'
DUPE: 2001508177027_Node0_Node8_Zero, Node4 id 2001508177027_Node0_Node8_Zero was a dupe; retransmit: 0, pkt_enqueue_time=2009311603726.7998, pkt_dequeue_time=2009311603726.7998, forwarded_or_dropped=1, reason_for_drop='Expiry'
DUPE: 2002136591024_Node0_Node8_Zero, Node3 id 2002136591024_Node0_Node8_Zero was a dupe; retransmit: 0, pkt_enqueue_time=2009315293523.5273, pkt_dequeue_time=2009315293523.5273, forwarded_or_dropped=1, reason_for_drop='Expiry'
DUPE: 2002147514119_Node0_Node8_Zero, Node3 id 2002147514119_Node0_Node8_Zero was a dupe; retransmit: 0, pkt_enqueue_time=2009315293523.5273, pkt_dequeue_time=2009315293523.5273, forwarded_or_dropped=1, reason_for_drop='Expiry'
DUPE: 2001475383359_Node0_Node8_Zero, Node4 id 2001475383359_Node0_Node8_Zero was a dupe; retransmit: 0, pkt_enqueue_time=2009337321341.3455, pkt_dequeue_time=2009337321341.3455, forwarded_or_dropped=1, reason_for_drop='Expiry'
DUPE: 2001491782749_Node0_Node8_Zero, Node4 id 2001491782749_Node0_Node8_Zero was a dupe; retransmit: 0, pkt_enqueue_time=2009337321341.3455, pkt_dequeue_time=2009337321341.3455, forwarded_or_dropped=1, reason_for_drop='Expiry'
DUPE: 2004043669110_Node0_Node8_Zero, Node3 id 2004043669110_Node0_Node8_Zero was a dupe; retransmit: 0, pkt_enqueue_time=2009340191151.1638, pkt_dequeue_time=2009340191151.1638, forwarded_or_dropped=1, reason_for_drop='Expiry'
DUPE: 2004049128801_Node0_Node8_Zero, Node3 id 2004049128801_Node0_Node8_Zero was a dupe; retransmit: 0, pkt_enqueue_time=2009340191151.1638, pkt_dequeue_time=2009340191151.1638, forwarded_or_dropped=1, reason_for_drop='Expiry'
DUPE: 2001502710782_Node0_Node8_Zero, Node4 id 2001502710782_Node0_Node8_Zero was a dupe; retransmit: 0, pkt_enqueue_time=2009344273029.1638, pkt_dequeue_time=2009344273029.1638, forwarded_or_dropped=1, reason_for_drop='Expiry'
DUPE: 2001513644333_Node0_Node8_Zero, Node4 id 2001513644333_Node0_Node8_Zero was a dupe; retransmit: 0, pkt_enqueue_time=2009344273029.1638, pkt_dequeue_time=2009344273029.1638, forwarded_or_dropped=1, reason_for_drop='Expiry'
DUPE: 2002142052500_Node0_Node8_Zero, Node3 id 2002142052500_Node0_Node8_Zero was a dupe; retransmit: 0, pkt_enqueue_time=2009368993034.8003, pkt_dequeue_time=2009368993034.8003, forwarded_or_dropped=1, reason_for_drop='Expiry'
DUPE: 2000530074741_Node0_Node8_Zero, Node4 id 2000530074741_Node0_Node8_Zero was a dupe; retransmit: 0, pkt_enqueue_time=2009391300852.6184, pkt_dequeue_time=2009391300852.6184, forwarded_or_dropped=1, reason_for_drop='Expiry'
DUPE: 2000535541343_Node0_Node8_Zero, Node4 id 2000535541343_Node0_Node8_Zero was a dupe; retransmit: 0, pkt_enqueue_time=2009391300852.6184, pkt_dequeue_time=2009391300852.6184, forwarded_or_dropped=1, reason_for_drop='Expiry'
DUPE: 2002224016402_Node0_Node8_Zero, Node3 id 2002224016402_Node0_Node8_Zero was a dupe; retransmit: 0, pkt_enqueue_time=2009394235021.4368, pkt_dequeue_time=2009394235021.4368, forwarded_or_dropped=1, reason_for_drop='Expiry'
DUPE: 2002803222641_Node0_Node8_Zero, Node3 id 2002803222641_Node0_Node8_Zero was a dupe; retransmit: 0, pkt_enqueue_time=2009419727585.0732, pkt_dequeue_time=2009419727585.0732, forwarded_or_dropped=1, reason_for_drop='Expiry'
DUPE: 2002797761426_Node0_Node8_Zero, Node3 id 2002797761426_Node0_Node8_Zero was a dupe; retransmit: 0, pkt_enqueue_time=2009419727585.0732, pkt_dequeue_time=2009419727585.0732, forwarded_or_dropped=1, reason_for_drop='Expiry'
Node.py: (Node0)@2009600000000.0: Updated MCS from 2 to 2, hist=deque([1.0, 1.0, 1.0, 1.0, 1.0], maxlen=5), packets_serviced=73, packets_received=73
Called Update: UpdateRouteCalls = 0, force = False
Node.py: (Node1)@2009600000000.0: Updated MCS from 1 to 1, hist=deque([0.0, 0.0, 0.0, 0.0, 0.0], maxlen=5), packets_serviced=0, packets_received=74
Called Update: UpdateRouteCalls = 1, force = False
Called Update: UpdateRouteCalls = 2, force = False
Node.py: (Node3)@2009600000000.0: Updated MCS from 1 to 1, hist=deque([0.0, 0.0, 0.0, 0.0, 0.05555555555555555], maxlen=5), packets_serviced=1, packets_received=18
Called Update: UpdateRouteCalls = 3, force = False
Node.py: (Node4)@2009600000000.0: Updated MCS from 1 to 1, hist=deque([0.0, 0.0, 0.0, 0.0, 0.0], maxlen=5), packets_serviced=0, packets_received=18
Called Update: UpdateRouteCalls = 4, force = False
Called Update: UpdateRouteCalls = 5, force = False
Called Update: UpdateRouteCalls = 6, force = False
Called Update: UpdateRouteCalls = 7, force = False
Called Update: UpdateRouteCalls = 8, force = False
Called Update: UpdateRouteCalls = 9, force = False
Called Update: UpdateRouteCalls = 10, force = False
Called Update: UpdateRouteCalls = 11, force = False
Called Update: UpdateRouteCalls = 12, force = False
Called Update: UpdateRouteCalls = 13, force = False
Called Update: UpdateRouteCalls = 14, force = False
Called Update: UpdateRouteCalls = 15, force = False
Called Update: UpdateRouteCalls = 16, force = False
Called Update: UpdateRouteCalls = 17, force = False
!! UPDATING !!
routeNo, updatedMCSIndex =  0 [2, 1, 1, 1, 1, 1, 1, 1]
main.py: Progress: 2010 / 2104
Node.py: (Node0)@2010000000000.0: Updated MCS from 2 to 2, hist=deque([1.0, 1.0, 1.0, 1.0, 1.0], maxlen=5), packets_serviced=73, packets_received=73
Called Update: UpdateRouteCalls = 0, force = False
Node.py: (Node1)@2010000000000.0: Updated MCS from 1 to 1, hist=deque([0.0, 0.0, 0.0, 0.0, 0.0], maxlen=5), packets_serviced=0, packets_received=73
Called Update: UpdateRouteCalls = 1, force = False
Called Update: UpdateRouteCalls = 2, force = False
Called Update: UpdateRouteCalls = 3, force = False
Called Update: UpdateRouteCalls = 4, force = False
Called Update: UpdateRouteCalls = 5, force = False
Called Update: UpdateRouteCalls = 6, force = False
Called Update: UpdateRouteCalls = 7, force = False
Called Update: UpdateRouteCalls = 8, force = False
Called Update: UpdateRouteCalls = 9, force = False
Called Update: UpdateRouteCalls = 10, force = False
Called Update: UpdateRouteCalls = 11, force = False
Called Update: UpdateRouteCalls = 12, force = False
Called Update: UpdateRouteCalls = 13, force = False
Called Update: UpdateRouteCalls = 14, force = False
Called Update: UpdateRouteCalls = 15, force = False
Called Update: UpdateRouteCalls = 16, force = False
Called Update: UpdateRouteCalls = 17, force = False
!! UPDATING !!
routeNo, updatedMCSIndex =  0 [2, 1, 1, 1, 1, 1, 1, 1]
Called Update: UpdateRouteCalls = 0, force = True
!! UPDATING !!
routeNo, updatedMCSIndex =  0 [2, 1, 1, 1, 1, 1, 1, 1]

rf.py: Time: 2010 Route details: {0: {'Route': [0, 1, 2, 3, 4, 5, 6, 7, 8], 'MCS_Index': [2, 1, 1, 1, 1, 1, 1, 1], 'Priority': 1, 'ValidRoute': True, 'HQRoute': True, 'RouteNodeDensity': [0, 0, 0, 0, 0, 2, 0, 0, 0], 'InterferingLinks': 16, 'Target': (-1, -1)}}
Node.py: (Node0)@2010400000000.0: Updated MCS from 2 to 2, hist=deque([1.0, 1.0, 1.0, 1.0, 1.0], maxlen=5), packets_serviced=74, packets_received=74
Called Update: UpdateRouteCalls = 0, force = False
Node.py: (Node1)@2010400000000.0: Updated MCS from 1 to 1, hist=deque([0.0, 0.0, 0.0, 0.0, 0.0], maxlen=5), packets_serviced=0, packets_received=74
Called Update: UpdateRouteCalls = 1, force = False
Called Update: UpdateRouteCalls = 2, force = False
Called Update: UpdateRouteCalls = 3, force = False
Called Update: UpdateRouteCalls = 4, force = False
Called Update: UpdateRouteCalls = 5, force = False
Called Update: UpdateRouteCalls = 6, force = False
Called Update: UpdateRouteCalls = 7, force = False
Called Update: UpdateRouteCalls = 8, force = False
Called Update: UpdateRouteCalls = 9, force = False
Called Update: UpdateRouteCalls = 10, force = False
Called Update: UpdateRouteCalls = 11, force = False
Called Update: UpdateRouteCalls = 12, force = False
Called Update: UpdateRouteCalls = 13, force = False
Called Update: UpdateRouteCalls = 14, force = False
Called Update: UpdateRouteCalls = 15, force = False
Called Update: UpdateRouteCalls = 16, force = False
Called Update: UpdateRouteCalls = 17, force = False
!! UPDATING !!
routeNo, updatedMCSIndex =  0 [2, 1, 1, 1, 1, 1, 1, 1]
Node.py: (Node0)@2010800000000.0: Updated MCS from 2 to 2, hist=deque([1.0, 1.0, 1.0, 1.0, 1.0], maxlen=5), packets_serviced=73, packets_received=73
Called Update: UpdateRouteCalls = 0, force = False
Node.py: (Node1)@2010800000000.0: Updated MCS from 1 to 1, hist=deque([0.0, 0.0, 0.0, 0.0, 0.0], maxlen=5), packets_serviced=0, packets_received=73
Called Update: UpdateRouteCalls = 1, force = False
Called Update: UpdateRouteCalls = 2, force = False
Called Update: UpdateRouteCalls = 3, force = False
Called Update: UpdateRouteCalls = 4, force = False
Called Update: UpdateRouteCalls = 5, force = False
Called Update: UpdateRouteCalls = 6, force = False
Called Update: UpdateRouteCalls = 7, force = False
Called Update: UpdateRouteCalls = 8, force = False
Called Update: UpdateRouteCalls = 9, force = False
Called Update: UpdateRouteCalls = 10, force = False
Called Update: UpdateRouteCalls = 11, force = False
Called Update: UpdateRouteCalls = 12, force = False
Called Update: UpdateRouteCalls = 13, force = False
Called Update: UpdateRouteCalls = 14, force = False
Called Update: UpdateRouteCalls = 15, force = False
Called Update: UpdateRouteCalls = 16, force = False
Called Update: UpdateRouteCalls = 17, force = False
!! UPDATING !!
routeNo, updatedMCSIndex =  0 [2, 1, 1, 1, 1, 1, 1, 1]
main.py: Progress: 2011 / 2104
Called Update: UpdateRouteCalls = 0, force = True
!! UPDATING !!
routeNo, updatedMCSIndex =  0 [2, 1, 1, 1, 1, 1, 1, 1]

rf.py: Time: 2011 Route details: {0: {'Route': [0, 1, 2, 3, 4, 5, 6, 7, 8], 'MCS_Index': [2, 1, 1, 1, 1, 1, 1, 1], 'Priority': 1, 'ValidRoute': True, 'HQRoute': True, 'RouteNodeDensity': [0, 0, 0, 0, 0, 2, 0, 0, 0], 'InterferingLinks': 16, 'Target': (-1, -1)}}
Node.py: (Node0)@2011200000000.0: Updated MCS from 2 to 2, hist=deque([1.0, 1.0, 1.0, 1.0, 1.0], maxlen=5), packets_serviced=73, packets_received=73
Called Update: UpdateRouteCalls = 0, force = False
Node.py: (Node1)@2011200000000.0: Updated MCS from 1 to 1, hist=deque([0.0, 0.0, 0.0, 0.0, 0.0], maxlen=5), packets_serviced=0, packets_received=73
Called Update: UpdateRouteCalls = 1, force = False
Called Update: UpdateRouteCalls = 2, force = False
Called Update: UpdateRouteCalls = 3, force = False
Called Update: UpdateRouteCalls = 4, force = False
Called Update: UpdateRouteCalls = 5, force = False
Called Update: UpdateRouteCalls = 6, force = False
Called Update: UpdateRouteCalls = 7, force = False
Called Update: UpdateRouteCalls = 8, force = False
Called Update: UpdateRouteCalls = 9, force = False
Called Update: UpdateRouteCalls = 10, force = False
Called Update: UpdateRouteCalls = 11, force = False
Called Update: UpdateRouteCalls = 12, force = False
Called Update: UpdateRouteCalls = 13, force = False
Called Update: UpdateRouteCalls = 14, force = False
Called Update: UpdateRouteCalls = 15, force = False
Called Update: UpdateRouteCalls = 16, force = False
Called Update: UpdateRouteCalls = 17, force = False
!! UPDATING !!
routeNo, updatedMCSIndex =  0 [2, 1, 1, 1, 1, 1, 1, 1]
Node.py: (Node0)@2011600000000.0: Updated MCS from 2 to 2, hist=deque([1.0, 1.0, 1.0, 1.0, 1.0], maxlen=5), packets_serviced=73, packets_received=73
Called Update: UpdateRouteCalls = 0, force = False
Node.py: (Node1)@2011600000000.0: Updated MCS from 1 to 1, hist=deque([0.0, 0.0, 0.0, 0.0, 0.0], maxlen=5), packets_serviced=0, packets_received=73
Called Update: UpdateRouteCalls = 1, force = False
Called Update: UpdateRouteCalls = 2, force = False
Called Update: UpdateRouteCalls = 3, force = False
Called Update: UpdateRouteCalls = 4, force = False
Called Update: UpdateRouteCalls = 5, force = False
Called Update: UpdateRouteCalls = 6, force = False
Called Update: UpdateRouteCalls = 7, force = False
Called Update: UpdateRouteCalls = 8, force = False
Called Update: UpdateRouteCalls = 9, force = False
Called Update: UpdateRouteCalls = 10, force = False
Called Update: UpdateRouteCalls = 11, force = False
Called Update: UpdateRouteCalls = 12, force = False
Called Update: UpdateRouteCalls = 13, force = False
Called Update: UpdateRouteCalls = 14, force = False
Called Update: UpdateRouteCalls = 15, force = False
Called Update: UpdateRouteCalls = 16, force = False
Called Update: UpdateRouteCalls = 17, force = False
!! UPDATING !!
routeNo, updatedMCSIndex =  0 [2, 1, 1, 1, 1, 1, 1, 1]
main.py: Progress: 2012 / 2104
Node.py: (Node0)@2012000000000.0: Updated MCS from 2 to 2, hist=deque([1.0, 1.0, 1.0, 1.0, 1.0], maxlen=5), packets_serviced=73, packets_received=73
Called Update: UpdateRouteCalls = 0, force = False
Node.py: (Node1)@2012000000000.0: Updated MCS from 1 to 1, hist=deque([0.0, 0.0, 0.0, 0.0, 0.0], maxlen=5), packets_serviced=0, packets_received=73
Called Update: UpdateRouteCalls = 1, force = False
Called Update: UpdateRouteCalls = 2, force = False
Called Update: UpdateRouteCalls = 3, force = False
Called Update: UpdateRouteCalls = 4, force = False
Called Update: UpdateRouteCalls = 5, force = False
Called Update: UpdateRouteCalls = 6, force = False
Called Update: UpdateRouteCalls = 7, force = False
Called Update: UpdateRouteCalls = 8, force = False
Called Update: UpdateRouteCalls = 9, force = False
Called Update: UpdateRouteCalls = 10, force = False
Called Update: UpdateRouteCalls = 11, force = False
Called Update: UpdateRouteCalls = 12, force = False
Called Update: UpdateRouteCalls = 13, force = False
Called Update: UpdateRouteCalls = 14, force = False
Called Update: UpdateRouteCalls = 15, force = False
Called Update: UpdateRouteCalls = 16, force = False
Called Update: UpdateRouteCalls = 17, force = False
!! UPDATING !!
routeNo, updatedMCSIndex =  0 [2, 1, 1, 1, 1, 1, 1, 1]
Called Update: UpdateRouteCalls = 0, force = True
!! UPDATING !!
routeNo, updatedMCSIndex =  0 [2, 1, 1, 1, 1, 1, 1, 1]

rf.py: Time: 2012 Route details: {0: {'Route': [0, 1, 2, 3, 4, 5, 6, 7, 8], 'MCS_Index': [2, 1, 1, 1, 1, 1, 1, 1], 'Priority': 1, 'ValidRoute': True, 'HQRoute': True, 'RouteNodeDensity': [0, 0, 0, 0, 0, 2, 0, 0, 0], 'InterferingLinks': 16, 'Target': (-1, -1)}}
Node.py: (Node0)@2012400000000.0: Updated MCS from 2 to 2, hist=deque([1.0, 1.0, 1.0, 1.0, 1.0], maxlen=5), packets_serviced=74, packets_received=74
Called Update: UpdateRouteCalls = 0, force = False
Node.py: (Node1)@2012400000000.0: Updated MCS from 1 to 1, hist=deque([0.0, 0.0, 0.0, 0.0, 0.0], maxlen=5), packets_serviced=0, packets_received=74
Called Update: UpdateRouteCalls = 1, force = False
Called Update: UpdateRouteCalls = 2, force = False
Called Update: UpdateRouteCalls = 3, force = False
Called Update: UpdateRouteCalls = 4, force = False
Called Update: UpdateRouteCalls = 5, force = False
Called Update: UpdateRouteCalls = 6, force = False
Called Update: UpdateRouteCalls = 7, force = False
Called Update: UpdateRouteCalls = 8, force = False
Called Update: UpdateRouteCalls = 9, force = False
Called Update: UpdateRouteCalls = 10, force = False
Called Update: UpdateRouteCalls = 11, force = False
Called Update: UpdateRouteCalls = 12, force = False
Called Update: UpdateRouteCalls = 13, force = False
Called Update: UpdateRouteCalls = 14, force = False
Called Update: UpdateRouteCalls = 15, force = False
Called Update: UpdateRouteCalls = 16, force = False
Called Update: UpdateRouteCalls = 17, force = False
!! UPDATING !!
routeNo, updatedMCSIndex =  0 [2, 1, 1, 1, 1, 1, 1, 1]
Node.py: (Node0)@2012800000000.0: Updated MCS from 2 to 2, hist=deque([1.0, 1.0, 1.0, 1.0, 1.0], maxlen=5), packets_serviced=73, packets_received=73
Called Update: UpdateRouteCalls = 0, force = False
Node.py: (Node1)@2012800000000.0: Updated MCS from 1 to 1, hist=deque([0.0, 0.0, 0.0, 0.0, 0.0], maxlen=5), packets_serviced=0, packets_received=73
Called Update: UpdateRouteCalls = 1, force = False
Called Update: UpdateRouteCalls = 2, force = False
Called Update: UpdateRouteCalls = 3, force = False
Called Update: UpdateRouteCalls = 4, force = False
Called Update: UpdateRouteCalls = 5, force = False
Called Update: UpdateRouteCalls = 6, force = False
Called Update: UpdateRouteCalls = 7, force = False
Called Update: UpdateRouteCalls = 8, force = False
Called Update: UpdateRouteCalls = 9, force = False
Called Update: UpdateRouteCalls = 10, force = False
Called Update: UpdateRouteCalls = 11, force = False
Called Update: UpdateRouteCalls = 12, force = False
Called Update: UpdateRouteCalls = 13, force = False
Called Update: UpdateRouteCalls = 14, force = False
Called Update: UpdateRouteCalls = 15, force = False
Called Update: UpdateRouteCalls = 16, force = False
Called Update: UpdateRouteCalls = 17, force = False
!! UPDATING !!
routeNo, updatedMCSIndex =  0 [2, 1, 1, 1, 1, 1, 1, 1]
main.py: Progress: 2013 / 2104
Called Update: UpdateRouteCalls = 0, force = True
!! UPDATING !!
routeNo, updatedMCSIndex =  0 [2, 1, 1, 1, 1, 1, 1, 1]

rf.py: Time: 2013 Route details: {0: {'Route': [0, 1, 2, 3, 4, 5, 6, 7, 8], 'MCS_Index': [2, 1, 1, 1, 1, 1, 1, 1], 'Priority': 1, 'ValidRoute': True, 'HQRoute': True, 'RouteNodeDensity': [0, 0, 0, 0, 0, 2, 0, 0, 0], 'InterferingLinks': 16, 'Target': (-1, -1)}}
Node.py: (Node0)@2013200000000.0: Updated MCS from 2 to 2, hist=deque([1.0, 1.0, 1.0, 1.0, 1.0], maxlen=5), packets_serviced=73, packets_received=73
Called Update: UpdateRouteCalls = 0, force = False
Node.py: (Node1)@2013200000000.0: Updated MCS from 1 to 1, hist=deque([0.0, 0.0, 0.0, 0.0, 0.0], maxlen=5), packets_serviced=0, packets_received=73
Called Update: UpdateRouteCalls = 1, force = False
Called Update: UpdateRouteCalls = 2, force = False
Called Update: UpdateRouteCalls = 3, force = False
Called Update: UpdateRouteCalls = 4, force = False
Called Update: UpdateRouteCalls = 5, force = False
Called Update: UpdateRouteCalls = 6, force = False
Called Update: UpdateRouteCalls = 7, force = False
Called Update: UpdateRouteCalls = 8, force = False
Called Update: UpdateRouteCalls = 9, force = False
Called Update: UpdateRouteCalls = 10, force = False
Called Update: UpdateRouteCalls = 11, force = False
Called Update: UpdateRouteCalls = 12, force = False
Called Update: UpdateRouteCalls = 13, force = False
Called Update: UpdateRouteCalls = 14, force = False
Called Update: UpdateRouteCalls = 15, force = False
Called Update: UpdateRouteCalls = 16, force = False
Called Update: UpdateRouteCalls = 17, force = False
!! UPDATING !!
routeNo, updatedMCSIndex =  0 [2, 1, 1, 1, 1, 1, 1, 1]
Node.py: (Node0)@2013600000000.0: Updated MCS from 2 to 2, hist=deque([1.0, 1.0, 1.0, 1.0, 1.0], maxlen=5), packets_serviced=73, packets_received=73
Called Update: UpdateRouteCalls = 0, force = False
Node.py: (Node1)@2013600000000.0: Updated MCS from 1 to 1, hist=deque([0.0, 0.0, 0.0, 0.0, 0.0], maxlen=5), packets_serviced=0, packets_received=73
Called Update: UpdateRouteCalls = 1, force = False
Called Update: UpdateRouteCalls = 2, force = False
Called Update: UpdateRouteCalls = 3, force = False
Called Update: UpdateRouteCalls = 4, force = False
Called Update: UpdateRouteCalls = 5, force = False
Called Update: UpdateRouteCalls = 6, force = False
Called Update: UpdateRouteCalls = 7, force = False
Called Update: UpdateRouteCalls = 8, force = False
Called Update: UpdateRouteCalls = 9, force = False
Called Update: UpdateRouteCalls = 10, force = False
Called Update: UpdateRouteCalls = 11, force = False
Called Update: UpdateRouteCalls = 12, force = False
Called Update: UpdateRouteCalls = 13, force = False
Called Update: UpdateRouteCalls = 14, force = False
Called Update: UpdateRouteCalls = 15, force = False
Called Update: UpdateRouteCalls = 16, force = False
Called Update: UpdateRouteCalls = 17, force = False
!! UPDATING !!
routeNo, updatedMCSIndex =  0 [2, 1, 1, 1, 1, 1, 1, 1]
main.py: Progress: 2014 / 2104
Node.py: (Node0)@2014000000000.0: Updated MCS from 2 to 2, hist=deque([1.0, 1.0, 1.0, 1.0, 1.0], maxlen=5), packets_serviced=73, packets_received=73
Called Update: UpdateRouteCalls = 0, force = False
Node.py: (Node1)@2014000000000.0: Updated MCS from 1 to 1, hist=deque([0.0, 0.0, 0.0, 0.0, 0.0], maxlen=5), packets_serviced=0, packets_received=73
Called Update: UpdateRouteCalls = 1, force = False
Called Update: UpdateRouteCalls = 2, force = False
Called Update: UpdateRouteCalls = 3, force = False
Called Update: UpdateRouteCalls = 4, force = False
Called Update: UpdateRouteCalls = 5, force = False
Called Update: UpdateRouteCalls = 6, force = False
Called Update: UpdateRouteCalls = 7, force = False
Called Update: UpdateRouteCalls = 8, force = False
Called Update: UpdateRouteCalls = 9, force = False
Called Update: UpdateRouteCalls = 10, force = False
Called Update: UpdateRouteCalls = 11, force = False
Called Update: UpdateRouteCalls = 12, force = False
Called Update: UpdateRouteCalls = 13, force = False
Called Update: UpdateRouteCalls = 14, force = False
Called Update: UpdateRouteCalls = 15, force = False
Called Update: UpdateRouteCalls = 16, force = False
Called Update: UpdateRouteCalls = 17, force = False
!! UPDATING !!
routeNo, updatedMCSIndex =  0 [2, 1, 1, 1, 1, 1, 1, 1]
Called Update: UpdateRouteCalls = 0, force = True
!! UPDATING !!
routeNo, updatedMCSIndex =  0 [2, 1, 1, 1, 1, 1, 1, 1]

rf.py: Time: 2014 Route details: {0: {'Route': [0, 1, 2, 3, 4, 5, 6, 7, 8], 'MCS_Index': [2, 1, 1, 1, 1, 1, 1, 1], 'Priority': 1, 'ValidRoute': True, 'HQRoute': True, 'RouteNodeDensity': [0, 0, 0, 0, 0, 2, 0, 0, 0], 'InterferingLinks': 16, 'Target': (-1, -1)}}
Node.py: (Node0)@2014400000000.0: Updated MCS from 2 to 2, hist=deque([1.0, 1.0, 1.0, 1.0, 1.0], maxlen=5), packets_serviced=74, packets_received=74
Called Update: UpdateRouteCalls = 0, force = False
Node.py: (Node1)@2014400000000.0: Updated MCS from 1 to 1, hist=deque([0.0, 0.0, 0.0, 0.0, 0.0], maxlen=5), packets_serviced=0, packets_received=74
Called Update: UpdateRouteCalls = 1, force = False
Called Update: UpdateRouteCalls = 2, force = False
Called Update: UpdateRouteCalls = 3, force = False
Called Update: UpdateRouteCalls = 4, force = False
Called Update: UpdateRouteCalls = 5, force = False
Called Update: UpdateRouteCalls = 6, force = False
Called Update: UpdateRouteCalls = 7, force = False
Called Update: UpdateRouteCalls = 8, force = False
Called Update: UpdateRouteCalls = 9, force = False
Called Update: UpdateRouteCalls = 10, force = False
Called Update: UpdateRouteCalls = 11, force = False
Called Update: UpdateRouteCalls = 12, force = False
Called Update: UpdateRouteCalls = 13, force = False
Called Update: UpdateRouteCalls = 14, force = False
Called Update: UpdateRouteCalls = 15, force = False
Called Update: UpdateRouteCalls = 16, force = False
Called Update: UpdateRouteCalls = 17, force = False
!! UPDATING !!
routeNo, updatedMCSIndex =  0 [2, 1, 1, 1, 1, 1, 1, 1]
Node.py: (Node0)@2014800000000.0: Updated MCS from 2 to 2, hist=deque([1.0, 1.0, 1.0, 1.0, 1.0], maxlen=5), packets_serviced=73, packets_received=73
Called Update: UpdateRouteCalls = 0, force = False
Node.py: (Node1)@2014800000000.0: Updated MCS from 1 to 1, hist=deque([0.0, 0.0, 0.0, 0.0, 0.0], maxlen=5), packets_serviced=0, packets_received=73
Called Update: UpdateRouteCalls = 1, force = False
Called Update: UpdateRouteCalls = 2, force = False
Called Update: UpdateRouteCalls = 3, force = False
Called Update: UpdateRouteCalls = 4, force = False
Called Update: UpdateRouteCalls = 5, force = False
Called Update: UpdateRouteCalls = 6, force = False
Called Update: UpdateRouteCalls = 7, force = False
Called Update: UpdateRouteCalls = 8, force = False
Called Update: UpdateRouteCalls = 9, force = False
Called Update: UpdateRouteCalls = 10, force = False
Called Update: UpdateRouteCalls = 11, force = False
Called Update: UpdateRouteCalls = 12, force = False
Called Update: UpdateRouteCalls = 13, force = False
Called Update: UpdateRouteCalls = 14, force = False
Called Update: UpdateRouteCalls = 15, force = False
Called Update: UpdateRouteCalls = 16, force = False
Called Update: UpdateRouteCalls = 17, force = False
!! UPDATING !!
routeNo, updatedMCSIndex =  0 [2, 1, 1, 1, 1, 1, 1, 1]
main.py: Progress: 2015 / 2104
Called Update: UpdateRouteCalls = 0, force = True
!! UPDATING !!
routeNo, updatedMCSIndex =  0 [2, 1, 1, 1, 1, 1, 1, 1]

rf.py: Time: 2015 Route details: {0: {'Route': [0, 1, 2, 3, 4, 5, 6, 7, 8], 'MCS_Index': [2, 1, 1, 1, 1, 1, 1, 1], 'Priority': 1, 'ValidRoute': True, 'HQRoute': True, 'RouteNodeDensity': [0, 0, 0, 0, 0, 2, 0, 0, 0], 'InterferingLinks': 16, 'Target': (-1, -1)}}
Node.py: (Node0)@2015200000000.0: Updated MCS from 2 to 2, hist=deque([1.0, 1.0, 1.0, 1.0, 1.0], maxlen=5), packets_serviced=73, packets_received=73
Called Update: UpdateRouteCalls = 0, force = False
Node.py: (Node1)@2015200000000.0: Updated MCS from 1 to 1, hist=deque([0.0, 0.0, 0.0, 0.0, 0.0], maxlen=5), packets_serviced=0, packets_received=73
Called Update: UpdateRouteCalls = 1, force = False
Called Update: UpdateRouteCalls = 2, force = False
Called Update: UpdateRouteCalls = 3, force = False
Called Update: UpdateRouteCalls = 4, force = False
Called Update: UpdateRouteCalls = 5, force = False
Called Update: UpdateRouteCalls = 6, force = False
Called Update: UpdateRouteCalls = 7, force = False
Called Update: UpdateRouteCalls = 8, force = False
Called Update: UpdateRouteCalls = 9, force = False
Called Update: UpdateRouteCalls = 10, force = False
Called Update: UpdateRouteCalls = 11, force = False
Called Update: UpdateRouteCalls = 12, force = False
Called Update: UpdateRouteCalls = 13, force = False
Called Update: UpdateRouteCalls = 14, force = False
Called Update: UpdateRouteCalls = 15, force = False
Called Update: UpdateRouteCalls = 16, force = False
Called Update: UpdateRouteCalls = 17, force = False
!! UPDATING !!
routeNo, updatedMCSIndex =  0 [2, 1, 1, 1, 1, 1, 1, 1]
Node.py: (Node0)@2015600000000.0: Updated MCS from 2 to 2, hist=deque([1.0, 1.0, 1.0, 1.0, 1.0], maxlen=5), packets_serviced=73, packets_received=73
Called Update: UpdateRouteCalls = 0, force = False
Node.py: (Node1)@2015600000000.0: Updated MCS from 1 to 1, hist=deque([0.0, 0.0, 0.0, 0.0, 0.0], maxlen=5), packets_serviced=0, packets_received=73
Called Update: UpdateRouteCalls = 1, force = False
Called Update: UpdateRouteCalls = 2, force = False
Called Update: UpdateRouteCalls = 3, force = False
Called Update: UpdateRouteCalls = 4, force = False
Called Update: UpdateRouteCalls = 5, force = False
Called Update: UpdateRouteCalls = 6, force = False
Called Update: UpdateRouteCalls = 7, force = False
Called Update: UpdateRouteCalls = 8, force = False
Called Update: UpdateRouteCalls = 9, force = False
Called Update: UpdateRouteCalls = 10, force = False
Called Update: UpdateRouteCalls = 11, force = False
Called Update: UpdateRouteCalls = 12, force = False
Called Update: UpdateRouteCalls = 13, force = False
Called Update: UpdateRouteCalls = 14, force = False
Called Update: UpdateRouteCalls = 15, force = False
Called Update: UpdateRouteCalls = 16, force = False
Called Update: UpdateRouteCalls = 17, force = False
!! UPDATING !!
routeNo, updatedMCSIndex =  0 [2, 1, 1, 1, 1, 1, 1, 1]
main.py: Progress: 2016 / 2104
Node.py: (Node0)@2016000000000.0: Updated MCS from 2 to 2, hist=deque([1.0, 1.0, 1.0, 1.0, 1.0], maxlen=5), packets_serviced=73, packets_received=73
Called Update: UpdateRouteCalls = 0, force = False
Node.py: (Node1)@2016000000000.0: Updated MCS from 1 to 1, hist=deque([0.0, 0.0, 0.0, 0.0, 0.0], maxlen=5), packets_serviced=0, packets_received=73
Called Update: UpdateRouteCalls = 1, force = False
Called Update: UpdateRouteCalls = 2, force = False
Called Update: UpdateRouteCalls = 3, force = False
Called Update: UpdateRouteCalls = 4, force = False
Called Update: UpdateRouteCalls = 5, force = False
Called Update: UpdateRouteCalls = 6, force = False
Called Update: UpdateRouteCalls = 7, force = False
Called Update: UpdateRouteCalls = 8, force = False
Called Update: UpdateRouteCalls = 9, force = False
Called Update: UpdateRouteCalls = 10, force = False
Called Update: UpdateRouteCalls = 11, force = False
Called Update: UpdateRouteCalls = 12, force = False
Called Update: UpdateRouteCalls = 13, force = False
Called Update: UpdateRouteCalls = 14, force = False
Called Update: UpdateRouteCalls = 15, force = False
Called Update: UpdateRouteCalls = 16, force = False
Called Update: UpdateRouteCalls = 17, force = False
!! UPDATING !!
routeNo, updatedMCSIndex =  0 [2, 1, 1, 1, 1, 1, 1, 1]
Called Update: UpdateRouteCalls = 0, force = True
!! UPDATING !!
routeNo, updatedMCSIndex =  0 [2, 1, 1, 1, 1, 1, 1, 1]

rf.py: Time: 2016 Route details: {0: {'Route': [0, 1, 2, 3, 4, 5, 6, 7, 8], 'MCS_Index': [2, 1, 1, 1, 1, 1, 1, 1], 'Priority': 1, 'ValidRoute': True, 'HQRoute': True, 'RouteNodeDensity': [0, 0, 0, 0, 0, 2, 0, 0, 0], 'InterferingLinks': 16, 'Target': (-1, -1)}}
Node.py: (Node0)@2016400000000.0: Updated MCS from 2 to 2, hist=deque([1.0, 1.0, 1.0, 1.0, 1.0], maxlen=5), packets_serviced=74, packets_received=74
Called Update: UpdateRouteCalls = 0, force = False
Node.py: (Node1)@2016400000000.0: Updated MCS from 1 to 1, hist=deque([0.0, 0.0, 0.0, 0.0, 0.0], maxlen=5), packets_serviced=0, packets_received=74
Called Update: UpdateRouteCalls = 1, force = False
Called Update: UpdateRouteCalls = 2, force = False
Called Update: UpdateRouteCalls = 3, force = False
Called Update: UpdateRouteCalls = 4, force = False
Called Update: UpdateRouteCalls = 5, force = False
Called Update: UpdateRouteCalls = 6, force = False
Called Update: UpdateRouteCalls = 7, force = False
Called Update: UpdateRouteCalls = 8, force = False
Called Update: UpdateRouteCalls = 9, force = False
Called Update: UpdateRouteCalls = 10, force = False
Called Update: UpdateRouteCalls = 11, force = False
Called Update: UpdateRouteCalls = 12, force = False
Called Update: UpdateRouteCalls = 13, force = False
Called Update: UpdateRouteCalls = 14, force = False
Called Update: UpdateRouteCalls = 15, force = False
Called Update: UpdateRouteCalls = 16, force = False
Called Update: UpdateRouteCalls = 17, force = False
!! UPDATING !!
routeNo, updatedMCSIndex =  0 [2, 1, 1, 1, 1, 1, 1, 1]
Node.py: (Node0)@2016800000000.0: Updated MCS from 2 to 2, hist=deque([1.0, 1.0, 1.0, 1.0, 1.0], maxlen=5), packets_serviced=73, packets_received=73
Called Update: UpdateRouteCalls = 0, force = False
Node.py: (Node1)@2016800000000.0: Updated MCS from 1 to 1, hist=deque([0.0, 0.0, 0.0, 0.0, 0.0], maxlen=5), packets_serviced=0, packets_received=73
Called Update: UpdateRouteCalls = 1, force = False
Called Update: UpdateRouteCalls = 2, force = False
Called Update: UpdateRouteCalls = 3, force = False
Called Update: UpdateRouteCalls = 4, force = False
Called Update: UpdateRouteCalls = 5, force = False
Called Update: UpdateRouteCalls = 6, force = False
Called Update: UpdateRouteCalls = 7, force = False
Called Update: UpdateRouteCalls = 8, force = False
Called Update: UpdateRouteCalls = 9, force = False
Called Update: UpdateRouteCalls = 10, force = False
Called Update: UpdateRouteCalls = 11, force = False
Called Update: UpdateRouteCalls = 12, force = False
Called Update: UpdateRouteCalls = 13, force = False
Called Update: UpdateRouteCalls = 14, force = False
Called Update: UpdateRouteCalls = 15, force = False
Called Update: UpdateRouteCalls = 16, force = False
Called Update: UpdateRouteCalls = 17, force = False
!! UPDATING !!
routeNo, updatedMCSIndex =  0 [2, 1, 1, 1, 1, 1, 1, 1]
main.py: Progress: 2017 / 2104
Called Update: UpdateRouteCalls = 0, force = True
!! UPDATING !!
routeNo, updatedMCSIndex =  0 [2, 1, 1, 1, 1, 1, 1, 1]

rf.py: Time: 2017 Route details: {0: {'Route': [0, 1, 2, 3, 4, 5, 6, 7, 8], 'MCS_Index': [2, 1, 1, 1, 1, 1, 1, 1], 'Priority': 1, 'ValidRoute': True, 'HQRoute': True, 'RouteNodeDensity': [0, 0, 0, 0, 0, 2, 0, 0, 0], 'InterferingLinks': 16, 'Target': (-1, -1)}}
Node.py: (Node0)@2017200000000.0: Updated MCS from 2 to 2, hist=deque([1.0, 1.0, 1.0, 1.0, 1.0], maxlen=5), packets_serviced=73, packets_received=73
Called Update: UpdateRouteCalls = 0, force = False
Node.py: (Node1)@2017200000000.0: Updated MCS from 1 to 1, hist=deque([0.0, 0.0, 0.0, 0.0, 0.0], maxlen=5), packets_serviced=0, packets_received=73
Called Update: UpdateRouteCalls = 1, force = False
Called Update: UpdateRouteCalls = 2, force = False
Called Update: UpdateRouteCalls = 3, force = False
Called Update: UpdateRouteCalls = 4, force = False
Called Update: UpdateRouteCalls = 5, force = False
Called Update: UpdateRouteCalls = 6, force = False
Called Update: UpdateRouteCalls = 7, force = False
Called Update: UpdateRouteCalls = 8, force = False
Called Update: UpdateRouteCalls = 9, force = False
Called Update: UpdateRouteCalls = 10, force = False
Called Update: UpdateRouteCalls = 11, force = False
Called Update: UpdateRouteCalls = 12, force = False
Called Update: UpdateRouteCalls = 13, force = False
Called Update: UpdateRouteCalls = 14, force = False
Called Update: UpdateRouteCalls = 15, force = False
Called Update: UpdateRouteCalls = 16, force = False
Called Update: UpdateRouteCalls = 17, force = False
!! UPDATING !!
routeNo, updatedMCSIndex =  0 [2, 1, 1, 1, 1, 1, 1, 1]
Node.py: (Node0)@2017600000000.0: Updated MCS from 2 to 2, hist=deque([1.0, 1.0, 1.0, 1.0, 1.0], maxlen=5), packets_serviced=73, packets_received=73
Called Update: UpdateRouteCalls = 0, force = False
Node.py: (Node1)@2017600000000.0: Updated MCS from 1 to 1, hist=deque([0.0, 0.0, 0.0, 0.0, 0.0], maxlen=5), packets_serviced=0, packets_received=73
Called Update: UpdateRouteCalls = 1, force = False
Called Update: UpdateRouteCalls = 2, force = False
Called Update: UpdateRouteCalls = 3, force = False
Called Update: UpdateRouteCalls = 4, force = False
Called Update: UpdateRouteCalls = 5, force = False
Called Update: UpdateRouteCalls = 6, force = False
Called Update: UpdateRouteCalls = 7, force = False
Called Update: UpdateRouteCalls = 8, force = False
Called Update: UpdateRouteCalls = 9, force = False
Called Update: UpdateRouteCalls = 10, force = False
Called Update: UpdateRouteCalls = 11, force = False
Called Update: UpdateRouteCalls = 12, force = False
Called Update: UpdateRouteCalls = 13, force = False
Called Update: UpdateRouteCalls = 14, force = False
Called Update: UpdateRouteCalls = 15, force = False
Called Update: UpdateRouteCalls = 16, force = False
Called Update: UpdateRouteCalls = 17, force = False
!! UPDATING !!
routeNo, updatedMCSIndex =  0 [2, 1, 1, 1, 1, 1, 1, 1]
main.py: Progress: 2018 / 2104
Node.py: (Node0)@2018000000000.0: Updated MCS from 2 to 2, hist=deque([1.0, 1.0, 1.0, 1.0, 1.0], maxlen=5), packets_serviced=73, packets_received=73
Called Update: UpdateRouteCalls = 0, force = False
Node.py: (Node1)@2018000000000.0: Updated MCS from 1 to 1, hist=deque([0.0, 0.0, 0.0, 0.0, 0.0], maxlen=5), packets_serviced=0, packets_received=73
Called Update: UpdateRouteCalls = 1, force = False
Called Update: UpdateRouteCalls = 2, force = False
Called Update: UpdateRouteCalls = 3, force = False
Called Update: UpdateRouteCalls = 4, force = False
Called Update: UpdateRouteCalls = 5, force = False
Called Update: UpdateRouteCalls = 6, force = False
Called Update: UpdateRouteCalls = 7, force = False
Called Update: UpdateRouteCalls = 8, force = False
Called Update: UpdateRouteCalls = 9, force = False
Called Update: UpdateRouteCalls = 10, force = False
Called Update: UpdateRouteCalls = 11, force = False
Called Update: UpdateRouteCalls = 12, force = False
Called Update: UpdateRouteCalls = 13, force = False
Called Update: UpdateRouteCalls = 14, force = False
Called Update: UpdateRouteCalls = 15, force = False
Called Update: UpdateRouteCalls = 16, force = False
Called Update: UpdateRouteCalls = 17, force = False
!! UPDATING !!
routeNo, updatedMCSIndex =  0 [2, 1, 1, 1, 1, 1, 1, 1]
Called Update: UpdateRouteCalls = 0, force = True
!! UPDATING !!
routeNo, updatedMCSIndex =  0 [2, 1, 1, 1, 1, 1, 1, 1]

rf.py: Time: 2018 Route details: {0: {'Route': [0, 1, 2, 3, 4, 5, 6, 7, 8], 'MCS_Index': [2, 1, 1, 1, 1, 1, 1, 1], 'Priority': 1, 'ValidRoute': True, 'HQRoute': True, 'RouteNodeDensity': [0, 0, 0, 0, 0, 2, 0, 0, 0], 'InterferingLinks': 16, 'Target': (-1, -1)}}
Node.py: (Node0)@2018400000000.0: Updated MCS from 2 to 2, hist=deque([1.0, 1.0, 1.0, 1.0, 1.0], maxlen=5), packets_serviced=74, packets_received=74
Called Update: UpdateRouteCalls = 0, force = False
Node.py: (Node1)@2018400000000.0: Updated MCS from 1 to 1, hist=deque([0.0, 0.0, 0.0, 0.0, 0.0], maxlen=5), packets_serviced=0, packets_received=74
Called Update: UpdateRouteCalls = 1, force = False
Called Update: UpdateRouteCalls = 2, force = False
Called Update: UpdateRouteCalls = 3, force = False
Called Update: UpdateRouteCalls = 4, force = False
Called Update: UpdateRouteCalls = 5, force = False
Called Update: UpdateRouteCalls = 6, force = False
Called Update: UpdateRouteCalls = 7, force = False
Called Update: UpdateRouteCalls = 8, force = False
Called Update: UpdateRouteCalls = 9, force = False
Called Update: UpdateRouteCalls = 10, force = False
Called Update: UpdateRouteCalls = 11, force = False
Called Update: UpdateRouteCalls = 12, force = False
Called Update: UpdateRouteCalls = 13, force = False
Called Update: UpdateRouteCalls = 14, force = False
Called Update: UpdateRouteCalls = 15, force = False
Called Update: UpdateRouteCalls = 16, force = False
Called Update: UpdateRouteCalls = 17, force = False
!! UPDATING !!
routeNo, updatedMCSIndex =  0 [2, 1, 1, 1, 1, 1, 1, 1]
Node.py: (Node0)@2018800000000.0: Updated MCS from 2 to 2, hist=deque([1.0, 1.0, 1.0, 1.0, 1.0], maxlen=5), packets_serviced=73, packets_received=73
Called Update: UpdateRouteCalls = 0, force = False
Node.py: (Node1)@2018800000000.0: Updated MCS from 1 to 1, hist=deque([0.0, 0.0, 0.0, 0.0, 0.0], maxlen=5), packets_serviced=0, packets_received=73
Called Update: UpdateRouteCalls = 1, force = False
Called Update: UpdateRouteCalls = 2, force = False
Called Update: UpdateRouteCalls = 3, force = False
Called Update: UpdateRouteCalls = 4, force = False
Called Update: UpdateRouteCalls = 5, force = False
Called Update: UpdateRouteCalls = 6, force = False
Called Update: UpdateRouteCalls = 7, force = False
Called Update: UpdateRouteCalls = 8, force = False
Called Update: UpdateRouteCalls = 9, force = False
Called Update: UpdateRouteCalls = 10, force = False
Called Update: UpdateRouteCalls = 11, force = False
Called Update: UpdateRouteCalls = 12, force = False
Called Update: UpdateRouteCalls = 13, force = False
Called Update: UpdateRouteCalls = 14, force = False
Called Update: UpdateRouteCalls = 15, force = False
Called Update: UpdateRouteCalls = 16, force = False
Called Update: UpdateRouteCalls = 17, force = False
!! UPDATING !!
routeNo, updatedMCSIndex =  0 [2, 1, 1, 1, 1, 1, 1, 1]
main.py: Progress: 2019 / 2104
Called Update: UpdateRouteCalls = 0, force = True
!! UPDATING !!
routeNo, updatedMCSIndex =  0 [2, 1, 1, 1, 1, 1, 1, 1]

rf.py: Time: 2019 Route details: {0: {'Route': [0, 1, 2, 3, 4, 5, 6, 7, 8], 'MCS_Index': [2, 1, 1, 1, 1, 1, 1, 1], 'Priority': 1, 'ValidRoute': True, 'HQRoute': True, 'RouteNodeDensity': [0, 0, 0, 0, 0, 2, 0, 0, 0], 'InterferingLinks': 16, 'Target': (-1, -1)}}
Node.py: (Node0)@2019200000000.0: Updated MCS from 2 to 2, hist=deque([1.0, 1.0, 1.0, 1.0, 1.0], maxlen=5), packets_serviced=73, packets_received=73
Called Update: UpdateRouteCalls = 0, force = False
Node.py: (Node1)@2019200000000.0: Updated MCS from 1 to 1, hist=deque([0.0, 0.0, 0.0, 0.0, 0.0], maxlen=5), packets_serviced=0, packets_received=73
Called Update: UpdateRouteCalls = 1, force = False
Called Update: UpdateRouteCalls = 2, force = False
Called Update: UpdateRouteCalls = 3, force = False
Called Update: UpdateRouteCalls = 4, force = False
Called Update: UpdateRouteCalls = 5, force = False
Called Update: UpdateRouteCalls = 6, force = False
Called Update: UpdateRouteCalls = 7, force = False
Called Update: UpdateRouteCalls = 8, force = False
Called Update: UpdateRouteCalls = 9, force = False
Called Update: UpdateRouteCalls = 10, force = False
Called Update: UpdateRouteCalls = 11, force = False
Called Update: UpdateRouteCalls = 12, force = False
Called Update: UpdateRouteCalls = 13, force = False
Called Update: UpdateRouteCalls = 14, force = False
Called Update: UpdateRouteCalls = 15, force = False
Called Update: UpdateRouteCalls = 16, force = False
Called Update: UpdateRouteCalls = 17, force = False
!! UPDATING !!
routeNo, updatedMCSIndex =  0 [2, 1, 1, 1, 1, 1, 1, 1]
Node.py: (Node0)@2019600000000.0: Updated MCS from 2 to 2, hist=deque([1.0, 1.0, 1.0, 1.0, 1.0], maxlen=5), packets_serviced=73, packets_received=73
Called Update: UpdateRouteCalls = 0, force = False
Node.py: (Node1)@2019600000000.0: Updated MCS from 1 to 1, hist=deque([0.0, 0.0, 0.0, 0.0, 0.0], maxlen=5), packets_serviced=0, packets_received=73
Called Update: UpdateRouteCalls = 1, force = False
Called Update: UpdateRouteCalls = 2, force = False
Called Update: UpdateRouteCalls = 3, force = False
Called Update: UpdateRouteCalls = 4, force = False
Called Update: UpdateRouteCalls = 5, force = False
Called Update: UpdateRouteCalls = 6, force = False
Called Update: UpdateRouteCalls = 7, force = False
Called Update: UpdateRouteCalls = 8, force = False
Called Update: UpdateRouteCalls = 9, force = False
Called Update: UpdateRouteCalls = 10, force = False
Called Update: UpdateRouteCalls = 11, force = False
Called Update: UpdateRouteCalls = 12, force = False
Called Update: UpdateRouteCalls = 13, force = False
Called Update: UpdateRouteCalls = 14, force = False
Called Update: UpdateRouteCalls = 15, force = False
Called Update: UpdateRouteCalls = 16, force = False
Called Update: UpdateRouteCalls = 17, force = False
!! UPDATING !!
routeNo, updatedMCSIndex =  0 [2, 1, 1, 1, 1, 1, 1, 1]
main.py: Progress: 2020 / 2104
Node.py: (Node0)@2020000000000.0: Updated MCS from 2 to 2, hist=deque([1.0, 1.0, 1.0, 1.0, 1.0], maxlen=5), packets_serviced=73, packets_received=73
Called Update: UpdateRouteCalls = 0, force = False
Node.py: (Node1)@2020000000000.0: Updated MCS from 1 to 1, hist=deque([0.0, 0.0, 0.0, 0.0, 0.0], maxlen=5), packets_serviced=0, packets_received=73
Called Update: UpdateRouteCalls = 1, force = False
Called Update: UpdateRouteCalls = 2, force = False
Called Update: UpdateRouteCalls = 3, force = False
Called Update: UpdateRouteCalls = 4, force = False
Called Update: UpdateRouteCalls = 5, force = False
Called Update: UpdateRouteCalls = 6, force = False
Called Update: UpdateRouteCalls = 7, force = False
Called Update: UpdateRouteCalls = 8, force = False
Called Update: UpdateRouteCalls = 9, force = False
Called Update: UpdateRouteCalls = 10, force = False
Called Update: UpdateRouteCalls = 11, force = False
Called Update: UpdateRouteCalls = 12, force = False
Called Update: UpdateRouteCalls = 13, force = False
Called Update: UpdateRouteCalls = 14, force = False
Called Update: UpdateRouteCalls = 15, force = False
Called Update: UpdateRouteCalls = 16, force = False
Called Update: UpdateRouteCalls = 17, force = False
!! UPDATING !!
routeNo, updatedMCSIndex =  0 [2, 1, 1, 1, 1, 1, 1, 1]
Called Update: UpdateRouteCalls = 0, force = True
!! UPDATING !!
routeNo, updatedMCSIndex =  0 [2, 1, 1, 1, 1, 1, 1, 1]

rf.py: Time: 2020 Route details: {0: {'Route': [0, 1, 2, 3, 4, 5, 6, 7, 8], 'MCS_Index': [2, 1, 1, 1, 1, 1, 1, 1], 'Priority': 1, 'ValidRoute': True, 'HQRoute': True, 'RouteNodeDensity': [0, 0, 0, 0, 0, 2, 0, 0, 0], 'InterferingLinks': 16, 'Target': (-1, -1)}}
Node.py: (Node0)@2020400000000.0: Updated MCS from 2 to 2, hist=deque([1.0, 1.0, 1.0, 1.0, 1.0], maxlen=5), packets_serviced=74, packets_received=74
Called Update: UpdateRouteCalls = 0, force = False
Node.py: (Node1)@2020400000000.0: Updated MCS from 1 to 1, hist=deque([0.0, 0.0, 0.0, 0.0, 0.0], maxlen=5), packets_serviced=0, packets_received=74
Called Update: UpdateRouteCalls = 1, force = False
Called Update: UpdateRouteCalls = 2, force = False
Called Update: UpdateRouteCalls = 3, force = False
Called Update: UpdateRouteCalls = 4, force = False
Called Update: UpdateRouteCalls = 5, force = False
Called Update: UpdateRouteCalls = 6, force = False
Called Update: UpdateRouteCalls = 7, force = False
Called Update: UpdateRouteCalls = 8, force = False
Called Update: UpdateRouteCalls = 9, force = False
Called Update: UpdateRouteCalls = 10, force = False
Called Update: UpdateRouteCalls = 11, force = False
Called Update: UpdateRouteCalls = 12, force = False
Called Update: UpdateRouteCalls = 13, force = False
Called Update: UpdateRouteCalls = 14, force = False
Called Update: UpdateRouteCalls = 15, force = False
Called Update: UpdateRouteCalls = 16, force = False
Called Update: UpdateRouteCalls = 17, force = False
!! UPDATING !!
routeNo, updatedMCSIndex =  0 [2, 1, 1, 1, 1, 1, 1, 1]
Node.py: (Node0)@2020800000000.0: Updated MCS from 2 to 2, hist=deque([1.0, 1.0, 1.0, 1.0, 1.0], maxlen=5), packets_serviced=73, packets_received=73
Called Update: UpdateRouteCalls = 0, force = False
Node.py: (Node1)@2020800000000.0: Updated MCS from 1 to 1, hist=deque([0.0, 0.0, 0.0, 0.0, 0.0], maxlen=5), packets_serviced=0, packets_received=73
Called Update: UpdateRouteCalls = 1, force = False
Called Update: UpdateRouteCalls = 2, force = False
Called Update: UpdateRouteCalls = 3, force = False
Called Update: UpdateRouteCalls = 4, force = False
Called Update: UpdateRouteCalls = 5, force = False
Called Update: UpdateRouteCalls = 6, force = False
Called Update: UpdateRouteCalls = 7, force = False
Called Update: UpdateRouteCalls = 8, force = False
Called Update: UpdateRouteCalls = 9, force = False
Called Update: UpdateRouteCalls = 10, force = False
Called Update: UpdateRouteCalls = 11, force = False
Called Update: UpdateRouteCalls = 12, force = False
Called Update: UpdateRouteCalls = 13, force = False
Called Update: UpdateRouteCalls = 14, force = False
Called Update: UpdateRouteCalls = 15, force = False
Called Update: UpdateRouteCalls = 16, force = False
Called Update: UpdateRouteCalls = 17, force = False
!! UPDATING !!
routeNo, updatedMCSIndex =  0 [2, 1, 1, 1, 1, 1, 1, 1]
main.py: Progress: 2021 / 2104
Called Update: UpdateRouteCalls = 0, force = True
!! UPDATING !!
routeNo, updatedMCSIndex =  0 [2, 1, 1, 1, 1, 1, 1, 1]

rf.py: Time: 2021 Route details: {0: {'Route': [0, 1, 2, 3, 4, 5, 6, 7, 8], 'MCS_Index': [2, 1, 1, 1, 1, 1, 1, 1], 'Priority': 1, 'ValidRoute': True, 'HQRoute': True, 'RouteNodeDensity': [0, 0, 0, 0, 0, 2, 0, 0, 0], 'InterferingLinks': 16, 'Target': (-1, -1)}}
Node.py: (Node0)@2021200000000.0: Updated MCS from 2 to 2, hist=deque([1.0, 1.0, 1.0, 1.0, 1.0], maxlen=5), packets_serviced=73, packets_received=73
Called Update: UpdateRouteCalls = 0, force = False
Node.py: (Node1)@2021200000000.0: Updated MCS from 1 to 1, hist=deque([0.0, 0.0, 0.0, 0.0, 0.0], maxlen=5), packets_serviced=0, packets_received=73
Called Update: UpdateRouteCalls = 1, force = False
Called Update: UpdateRouteCalls = 2, force = False
Called Update: UpdateRouteCalls = 3, force = False
Called Update: UpdateRouteCalls = 4, force = False
Called Update: UpdateRouteCalls = 5, force = False
Called Update: UpdateRouteCalls = 6, force = False
Called Update: UpdateRouteCalls = 7, force = False
Called Update: UpdateRouteCalls = 8, force = False
Called Update: UpdateRouteCalls = 9, force = False
Called Update: UpdateRouteCalls = 10, force = False
Called Update: UpdateRouteCalls = 11, force = False
Called Update: UpdateRouteCalls = 12, force = False
Called Update: UpdateRouteCalls = 13, force = False
Called Update: UpdateRouteCalls = 14, force = False
Called Update: UpdateRouteCalls = 15, force = False
Called Update: UpdateRouteCalls = 16, force = False
Called Update: UpdateRouteCalls = 17, force = False
!! UPDATING !!
routeNo, updatedMCSIndex =  0 [2, 1, 1, 1, 1, 1, 1, 1]
Node.py: (Node0)@2021600000000.0: Updated MCS from 2 to 2, hist=deque([1.0, 1.0, 1.0, 1.0, 1.0], maxlen=5), packets_serviced=73, packets_received=73
Called Update: UpdateRouteCalls = 0, force = False
Node.py: (Node1)@2021600000000.0: Updated MCS from 1 to 1, hist=deque([0.0, 0.0, 0.0, 0.0, 0.0], maxlen=5), packets_serviced=0, packets_received=73
Called Update: UpdateRouteCalls = 1, force = False
Called Update: UpdateRouteCalls = 2, force = False
Called Update: UpdateRouteCalls = 3, force = False
Called Update: UpdateRouteCalls = 4, force = False
Called Update: UpdateRouteCalls = 5, force = False
Called Update: UpdateRouteCalls = 6, force = False
Called Update: UpdateRouteCalls = 7, force = False
Called Update: UpdateRouteCalls = 8, force = False
Called Update: UpdateRouteCalls = 9, force = False
Called Update: UpdateRouteCalls = 10, force = False
Called Update: UpdateRouteCalls = 11, force = False
Called Update: UpdateRouteCalls = 12, force = False
Called Update: UpdateRouteCalls = 13, force = False
Called Update: UpdateRouteCalls = 14, force = False
Called Update: UpdateRouteCalls = 15, force = False
Called Update: UpdateRouteCalls = 16, force = False
Called Update: UpdateRouteCalls = 17, force = False
!! UPDATING !!
routeNo, updatedMCSIndex =  0 [2, 1, 1, 1, 1, 1, 1, 1]
main.py: Progress: 2022 / 2104
Node.py: (Node0)@2022000000000.0: Updated MCS from 2 to 2, hist=deque([1.0, 1.0, 1.0, 1.0, 1.0], maxlen=5), packets_serviced=73, packets_received=73
Called Update: UpdateRouteCalls = 0, force = False
Node.py: (Node1)@2022000000000.0: Updated MCS from 1 to 1, hist=deque([0.0, 0.0, 0.0, 0.0, 0.0], maxlen=5), packets_serviced=0, packets_received=73
Called Update: UpdateRouteCalls = 1, force = False
Called Update: UpdateRouteCalls = 2, force = False
Called Update: UpdateRouteCalls = 3, force = False
Called Update: UpdateRouteCalls = 4, force = False
Called Update: UpdateRouteCalls = 5, force = False
Called Update: UpdateRouteCalls = 6, force = False
Called Update: UpdateRouteCalls = 7, force = False
Called Update: UpdateRouteCalls = 8, force = False
Called Update: UpdateRouteCalls = 9, force = False
Called Update: UpdateRouteCalls = 10, force = False
Called Update: UpdateRouteCalls = 11, force = False
Called Update: UpdateRouteCalls = 12, force = False
Called Update: UpdateRouteCalls = 13, force = False
Called Update: UpdateRouteCalls = 14, force = False
Called Update: UpdateRouteCalls = 15, force = False
Called Update: UpdateRouteCalls = 16, force = False
Called Update: UpdateRouteCalls = 17, force = False
!! UPDATING !!
routeNo, updatedMCSIndex =  0 [2, 1, 1, 1, 1, 1, 1, 1]
Called Update: UpdateRouteCalls = 0, force = True
!! UPDATING !!
routeNo, updatedMCSIndex =  0 [2, 1, 1, 1, 1, 1, 1, 1]

rf.py: Time: 2022 Route details: {0: {'Route': [0, 1, 2, 3, 4, 5, 6, 7, 8], 'MCS_Index': [2, 1, 1, 1, 1, 1, 1, 1], 'Priority': 1, 'ValidRoute': True, 'HQRoute': True, 'RouteNodeDensity': [0, 0, 0, 0, 0, 2, 0, 0, 0], 'InterferingLinks': 16, 'Target': (-1, -1)}}
Node.py: (Node0)@2022400000000.0: Updated MCS from 2 to 2, hist=deque([1.0, 1.0, 1.0, 1.0, 1.0], maxlen=5), packets_serviced=74, packets_received=74
Called Update: UpdateRouteCalls = 0, force = False
Node.py: (Node1)@2022400000000.0: Updated MCS from 1 to 1, hist=deque([0.0, 0.0, 0.0, 0.0, 0.0], maxlen=5), packets_serviced=0, packets_received=74
Called Update: UpdateRouteCalls = 1, force = False
Called Update: UpdateRouteCalls = 2, force = False
Called Update: UpdateRouteCalls = 3, force = False
Called Update: UpdateRouteCalls = 4, force = False
Called Update: UpdateRouteCalls = 5, force = False
Called Update: UpdateRouteCalls = 6, force = False
Called Update: UpdateRouteCalls = 7, force = False
Called Update: UpdateRouteCalls = 8, force = False
Called Update: UpdateRouteCalls = 9, force = False
Called Update: UpdateRouteCalls = 10, force = False
Called Update: UpdateRouteCalls = 11, force = False
Called Update: UpdateRouteCalls = 12, force = False
Called Update: UpdateRouteCalls = 13, force = False
Called Update: UpdateRouteCalls = 14, force = False
Called Update: UpdateRouteCalls = 15, force = False
Called Update: UpdateRouteCalls = 16, force = False
Called Update: UpdateRouteCalls = 17, force = False
!! UPDATING !!
routeNo, updatedMCSIndex =  0 [2, 1, 1, 1, 1, 1, 1, 1]
Node.py: (Node0)@2022800000000.0: Updated MCS from 2 to 2, hist=deque([1.0, 1.0, 1.0, 1.0, 1.0], maxlen=5), packets_serviced=73, packets_received=73
Called Update: UpdateRouteCalls = 0, force = False
Node.py: (Node1)@2022800000000.0: Updated MCS from 1 to 1, hist=deque([0.0, 0.0, 0.0, 0.0, 0.0], maxlen=5), packets_serviced=0, packets_received=73
Called Update: UpdateRouteCalls = 1, force = False
Called Update: UpdateRouteCalls = 2, force = False
Called Update: UpdateRouteCalls = 3, force = False
Called Update: UpdateRouteCalls = 4, force = False
Called Update: UpdateRouteCalls = 5, force = False
Called Update: UpdateRouteCalls = 6, force = False
Called Update: UpdateRouteCalls = 7, force = False
Called Update: UpdateRouteCalls = 8, force = False
Called Update: UpdateRouteCalls = 9, force = False
Called Update: UpdateRouteCalls = 10, force = False
Called Update: UpdateRouteCalls = 11, force = False
Called Update: UpdateRouteCalls = 12, force = False
Called Update: UpdateRouteCalls = 13, force = False
Called Update: UpdateRouteCalls = 14, force = False
Called Update: UpdateRouteCalls = 15, force = False
Called Update: UpdateRouteCalls = 16, force = False
Called Update: UpdateRouteCalls = 17, force = False
!! UPDATING !!
routeNo, updatedMCSIndex =  0 [2, 1, 1, 1, 1, 1, 1, 1]
main.py: Progress: 2023 / 2104
Called Update: UpdateRouteCalls = 0, force = True
!! UPDATING !!
routeNo, updatedMCSIndex =  0 [2, 1, 1, 1, 1, 1, 1, 1]

rf.py: Time: 2023 Route details: {0: {'Route': [0, 1, 2, 3, 4, 5, 6, 7, 8], 'MCS_Index': [2, 1, 1, 1, 1, 1, 1, 1], 'Priority': 1, 'ValidRoute': True, 'HQRoute': True, 'RouteNodeDensity': [0, 0, 0, 0, 0, 2, 0, 0, 0], 'InterferingLinks': 16, 'Target': (-1, -1)}}
Node.py: (Node0)@2023200000000.0: Updated MCS from 2 to 2, hist=deque([1.0, 1.0, 1.0, 1.0, 1.0], maxlen=5), packets_serviced=73, packets_received=73
Called Update: UpdateRouteCalls = 0, force = False
Node.py: (Node1)@2023200000000.0: Updated MCS from 1 to 1, hist=deque([0.0, 0.0, 0.0, 0.0, 0.0], maxlen=5), packets_serviced=0, packets_received=73
Called Update: UpdateRouteCalls = 1, force = False
Called Update: UpdateRouteCalls = 2, force = False
Called Update: UpdateRouteCalls = 3, force = False
Called Update: UpdateRouteCalls = 4, force = False
Called Update: UpdateRouteCalls = 5, force = False
Called Update: UpdateRouteCalls = 6, force = False
Called Update: UpdateRouteCalls = 7, force = False
Called Update: UpdateRouteCalls = 8, force = False
Called Update: UpdateRouteCalls = 9, force = False
Called Update: UpdateRouteCalls = 10, force = False
Called Update: UpdateRouteCalls = 11, force = False
Called Update: UpdateRouteCalls = 12, force = False
Called Update: UpdateRouteCalls = 13, force = False
Called Update: UpdateRouteCalls = 14, force = False
Called Update: UpdateRouteCalls = 15, force = False
Called Update: UpdateRouteCalls = 16, force = False
Called Update: UpdateRouteCalls = 17, force = False
!! UPDATING !!
routeNo, updatedMCSIndex =  0 [2, 1, 1, 1, 1, 1, 1, 1]
Node.py: (Node0)@2023600000000.0: Updated MCS from 2 to 2, hist=deque([1.0, 1.0, 1.0, 1.0, 1.0], maxlen=5), packets_serviced=73, packets_received=73
Called Update: UpdateRouteCalls = 0, force = False
Node.py: (Node1)@2023600000000.0: Updated MCS from 1 to 1, hist=deque([0.0, 0.0, 0.0, 0.0, 0.0], maxlen=5), packets_serviced=0, packets_received=73
Called Update: UpdateRouteCalls = 1, force = False
Called Update: UpdateRouteCalls = 2, force = False
Called Update: UpdateRouteCalls = 3, force = False
Called Update: UpdateRouteCalls = 4, force = False
Called Update: UpdateRouteCalls = 5, force = False
Called Update: UpdateRouteCalls = 6, force = False
Called Update: UpdateRouteCalls = 7, force = False
Called Update: UpdateRouteCalls = 8, force = False
Called Update: UpdateRouteCalls = 9, force = False
Called Update: UpdateRouteCalls = 10, force = False
Called Update: UpdateRouteCalls = 11, force = False
Called Update: UpdateRouteCalls = 12, force = False
Called Update: UpdateRouteCalls = 13, force = False
Called Update: UpdateRouteCalls = 14, force = False
Called Update: UpdateRouteCalls = 15, force = False
Called Update: UpdateRouteCalls = 16, force = False
Called Update: UpdateRouteCalls = 17, force = False
!! UPDATING !!
routeNo, updatedMCSIndex =  0 [2, 1, 1, 1, 1, 1, 1, 1]
main.py: Progress: 2024 / 2104
Node.py: (Node0)@2024000000000.0: Updated MCS from 2 to 2, hist=deque([1.0, 1.0, 1.0, 1.0, 1.0], maxlen=5), packets_serviced=73, packets_received=73
Called Update: UpdateRouteCalls = 0, force = False
Node.py: (Node1)@2024000000000.0: Updated MCS from 1 to 1, hist=deque([0.0, 0.0, 0.0, 0.0, 0.0], maxlen=5), packets_serviced=0, packets_received=73
Called Update: UpdateRouteCalls = 1, force = False
Called Update: UpdateRouteCalls = 2, force = False
Called Update: UpdateRouteCalls = 3, force = False
Called Update: UpdateRouteCalls = 4, force = False
Called Update: UpdateRouteCalls = 5, force = False
Called Update: UpdateRouteCalls = 6, force = False
Called Update: UpdateRouteCalls = 7, force = False
Called Update: UpdateRouteCalls = 8, force = False
Called Update: UpdateRouteCalls = 9, force = False
Called Update: UpdateRouteCalls = 10, force = False
Called Update: UpdateRouteCalls = 11, force = False
Called Update: UpdateRouteCalls = 12, force = False
Called Update: UpdateRouteCalls = 13, force = False
Called Update: UpdateRouteCalls = 14, force = False
Called Update: UpdateRouteCalls = 15, force = False
Called Update: UpdateRouteCalls = 16, force = False
Called Update: UpdateRouteCalls = 17, force = False
!! UPDATING !!
routeNo, updatedMCSIndex =  0 [2, 1, 1, 1, 1, 1, 1, 1]
Called Update: UpdateRouteCalls = 0, force = True
!! UPDATING !!
routeNo, updatedMCSIndex =  0 [2, 1, 1, 1, 1, 1, 1, 1]

rf.py: Time: 2024 Route details: {0: {'Route': [0, 1, 2, 3, 4, 5, 6, 7, 8], 'MCS_Index': [2, 1, 1, 1, 1, 1, 1, 1], 'Priority': 1, 'ValidRoute': True, 'HQRoute': True, 'RouteNodeDensity': [0, 0, 0, 0, 0, 2, 0, 0, 0], 'InterferingLinks': 16, 'Target': (-1, -1)}}
Node.py: (Node0)@2024400000000.0: Updated MCS from 2 to 2, hist=deque([1.0, 1.0, 1.0, 1.0, 1.0], maxlen=5), packets_serviced=74, packets_received=74
Called Update: UpdateRouteCalls = 0, force = False
Node.py: (Node1)@2024400000000.0: Updated MCS from 1 to 1, hist=deque([0.0, 0.0, 0.0, 0.0, 0.0], maxlen=5), packets_serviced=0, packets_received=73
Called Update: UpdateRouteCalls = 1, force = False
Called Update: UpdateRouteCalls = 2, force = False
Called Update: UpdateRouteCalls = 3, force = False
Called Update: UpdateRouteCalls = 4, force = False
Called Update: UpdateRouteCalls = 5, force = False
Called Update: UpdateRouteCalls = 6, force = False
Called Update: UpdateRouteCalls = 7, force = False
Called Update: UpdateRouteCalls = 8, force = False
Called Update: UpdateRouteCalls = 9, force = False
Called Update: UpdateRouteCalls = 10, force = False
Called Update: UpdateRouteCalls = 11, force = False
Called Update: UpdateRouteCalls = 12, force = False
Called Update: UpdateRouteCalls = 13, force = False
Called Update: UpdateRouteCalls = 14, force = False
Called Update: UpdateRouteCalls = 15, force = False
Called Update: UpdateRouteCalls = 16, force = False
Called Update: UpdateRouteCalls = 17, force = False
!! UPDATING !!
routeNo, updatedMCSIndex =  0 [2, 1, 1, 1, 1, 1, 1, 1]
Node.py: (Node0)@2024800000000.0: Updated MCS from 2 to 2, hist=deque([1.0, 1.0, 1.0, 1.0, 1.0], maxlen=5), packets_serviced=73, packets_received=73
Called Update: UpdateRouteCalls = 0, force = False
Node.py: (Node1)@2024800000000.0: Updated MCS from 1 to 1, hist=deque([0.0, 0.0, 0.0, 0.0, 0.0], maxlen=5), packets_serviced=0, packets_received=74
Called Update: UpdateRouteCalls = 1, force = False
Called Update: UpdateRouteCalls = 2, force = False
Called Update: UpdateRouteCalls = 3, force = False
Called Update: UpdateRouteCalls = 4, force = False
Called Update: UpdateRouteCalls = 5, force = False
Called Update: UpdateRouteCalls = 6, force = False
Called Update: UpdateRouteCalls = 7, force = False
Called Update: UpdateRouteCalls = 8, force = False
Called Update: UpdateRouteCalls = 9, force = False
Called Update: UpdateRouteCalls = 10, force = False
Called Update: UpdateRouteCalls = 11, force = False
Called Update: UpdateRouteCalls = 12, force = False
Called Update: UpdateRouteCalls = 13, force = False
Called Update: UpdateRouteCalls = 14, force = False
Called Update: UpdateRouteCalls = 15, force = False
Called Update: UpdateRouteCalls = 16, force = False
Called Update: UpdateRouteCalls = 17, force = False
!! UPDATING !!
routeNo, updatedMCSIndex =  0 [2, 1, 1, 1, 1, 1, 1, 1]
main.py: Progress: 2025 / 2104
Called Update: UpdateRouteCalls = 0, force = True
!! UPDATING !!
routeNo, updatedMCSIndex =  0 [2, 1, 1, 1, 1, 1, 1, 1]

rf.py: Time: 2025 Route details: {0: {'Route': [0, 1, 2, 3, 4, 5, 6, 7, 8], 'MCS_Index': [2, 1, 1, 1, 1, 1, 1, 1], 'Priority': 1, 'ValidRoute': True, 'HQRoute': True, 'RouteNodeDensity': [0, 0, 0, 0, 0, 2, 0, 0, 0], 'InterferingLinks': 16, 'Target': (-1, -1)}}
Node.py: (Node0)@2025200000000.0: Updated MCS from 2 to 2, hist=deque([1.0, 1.0, 1.0, 1.0, 1.0], maxlen=5), packets_serviced=73, packets_received=73
Called Update: UpdateRouteCalls = 0, force = False
Node.py: (Node1)@2025200000000.0: Updated MCS from 1 to 1, hist=deque([0.0, 0.0, 0.0, 0.0, 0.0], maxlen=5), packets_serviced=0, packets_received=73
Called Update: UpdateRouteCalls = 1, force = False
Called Update: UpdateRouteCalls = 2, force = False
Called Update: UpdateRouteCalls = 3, force = False
Called Update: UpdateRouteCalls = 4, force = False
Called Update: UpdateRouteCalls = 5, force = False
Called Update: UpdateRouteCalls = 6, force = False
Called Update: UpdateRouteCalls = 7, force = False
Called Update: UpdateRouteCalls = 8, force = False
Called Update: UpdateRouteCalls = 9, force = False
Called Update: UpdateRouteCalls = 10, force = False
Called Update: UpdateRouteCalls = 11, force = False
Called Update: UpdateRouteCalls = 12, force = False
Called Update: UpdateRouteCalls = 13, force = False
Called Update: UpdateRouteCalls = 14, force = False
Called Update: UpdateRouteCalls = 15, force = False
Called Update: UpdateRouteCalls = 16, force = False
Called Update: UpdateRouteCalls = 17, force = False
!! UPDATING !!
routeNo, updatedMCSIndex =  0 [2, 1, 1, 1, 1, 1, 1, 1]
Node.py: (Node0)@2025600000000.0: Updated MCS from 2 to 2, hist=deque([1.0, 1.0, 1.0, 1.0, 1.0], maxlen=5), packets_serviced=73, packets_received=73
Called Update: UpdateRouteCalls = 0, force = False
Node.py: (Node1)@2025600000000.0: Updated MCS from 1 to 1, hist=deque([0.0, 0.0, 0.0, 0.0, 0.0], maxlen=5), packets_serviced=0, packets_received=73
Called Update: UpdateRouteCalls = 1, force = False
Called Update: UpdateRouteCalls = 2, force = False
Called Update: UpdateRouteCalls = 3, force = False
Called Update: UpdateRouteCalls = 4, force = False
Called Update: UpdateRouteCalls = 5, force = False
Called Update: UpdateRouteCalls = 6, force = False
Called Update: UpdateRouteCalls = 7, force = False
Called Update: UpdateRouteCalls = 8, force = False
Called Update: UpdateRouteCalls = 9, force = False
Called Update: UpdateRouteCalls = 10, force = False
Called Update: UpdateRouteCalls = 11, force = False
Called Update: UpdateRouteCalls = 12, force = False
Called Update: UpdateRouteCalls = 13, force = False
Called Update: UpdateRouteCalls = 14, force = False
Called Update: UpdateRouteCalls = 15, force = False
Called Update: UpdateRouteCalls = 16, force = False
Called Update: UpdateRouteCalls = 17, force = False
!! UPDATING !!
routeNo, updatedMCSIndex =  0 [2, 1, 1, 1, 1, 1, 1, 1]
main.py: Progress: 2026 / 2104
Node.py: (Node0)@2026000000000.0: Updated MCS from 2 to 2, hist=deque([1.0, 1.0, 1.0, 1.0, 1.0], maxlen=5), packets_serviced=73, packets_received=73
Called Update: UpdateRouteCalls = 0, force = False
Node.py: (Node1)@2026000000000.0: Updated MCS from 1 to 1, hist=deque([0.0, 0.0, 0.0, 0.0, 0.0], maxlen=5), packets_serviced=0, packets_received=73
Called Update: UpdateRouteCalls = 1, force = False
Called Update: UpdateRouteCalls = 2, force = False
Called Update: UpdateRouteCalls = 3, force = False
Called Update: UpdateRouteCalls = 4, force = False
Called Update: UpdateRouteCalls = 5, force = False
Called Update: UpdateRouteCalls = 6, force = False
Called Update: UpdateRouteCalls = 7, force = False
Called Update: UpdateRouteCalls = 8, force = False
Called Update: UpdateRouteCalls = 9, force = False
Called Update: UpdateRouteCalls = 10, force = False
Called Update: UpdateRouteCalls = 11, force = False
Called Update: UpdateRouteCalls = 12, force = False
Called Update: UpdateRouteCalls = 13, force = False
Called Update: UpdateRouteCalls = 14, force = False
Called Update: UpdateRouteCalls = 15, force = False
Called Update: UpdateRouteCalls = 16, force = False
Called Update: UpdateRouteCalls = 17, force = False
!! UPDATING !!
routeNo, updatedMCSIndex =  0 [2, 1, 1, 1, 1, 1, 1, 1]
Called Update: UpdateRouteCalls = 0, force = True
!! UPDATING !!
routeNo, updatedMCSIndex =  0 [2, 1, 1, 1, 1, 1, 1, 1]

rf.py: Time: 2026 Route details: {0: {'Route': [0, 1, 2, 3, 4, 5, 6, 7, 8], 'MCS_Index': [2, 1, 1, 1, 1, 1, 1, 1], 'Priority': 1, 'ValidRoute': True, 'HQRoute': True, 'RouteNodeDensity': [0, 0, 0, 0, 0, 2, 0, 0, 0], 'InterferingLinks': 16, 'Target': (-1, -1)}}
Node.py: (Node0)@2026400000000.0: Updated MCS from 2 to 2, hist=deque([1.0, 1.0, 1.0, 1.0, 1.0], maxlen=5), packets_serviced=74, packets_received=74
Called Update: UpdateRouteCalls = 0, force = False
Node.py: (Node1)@2026400000000.0: Updated MCS from 1 to 1, hist=deque([0.0, 0.0, 0.0, 0.0, 0.0], maxlen=5), packets_serviced=0, packets_received=74
Called Update: UpdateRouteCalls = 1, force = False
Called Update: UpdateRouteCalls = 2, force = False
Called Update: UpdateRouteCalls = 3, force = False
Called Update: UpdateRouteCalls = 4, force = False
Called Update: UpdateRouteCalls = 5, force = False
Called Update: UpdateRouteCalls = 6, force = False
Called Update: UpdateRouteCalls = 7, force = False
Called Update: UpdateRouteCalls = 8, force = False
Called Update: UpdateRouteCalls = 9, force = False
Called Update: UpdateRouteCalls = 10, force = False
Called Update: UpdateRouteCalls = 11, force = False
Called Update: UpdateRouteCalls = 12, force = False
Called Update: UpdateRouteCalls = 13, force = False
Called Update: UpdateRouteCalls = 14, force = False
Called Update: UpdateRouteCalls = 15, force = False
Called Update: UpdateRouteCalls = 16, force = False
Called Update: UpdateRouteCalls = 17, force = False
!! UPDATING !!
routeNo, updatedMCSIndex =  0 [2, 1, 1, 1, 1, 1, 1, 1]
Node.py: (Node0)@2026800000000.0: Updated MCS from 2 to 2, hist=deque([1.0, 1.0, 1.0, 1.0, 1.0], maxlen=5), packets_serviced=73, packets_received=73
Called Update: UpdateRouteCalls = 0, force = False
Node.py: (Node1)@2026800000000.0: Updated MCS from 1 to 1, hist=deque([0.0, 0.0, 0.0, 0.0, 0.0], maxlen=5), packets_serviced=0, packets_received=73
Called Update: UpdateRouteCalls = 1, force = False
Called Update: UpdateRouteCalls = 2, force = False
Called Update: UpdateRouteCalls = 3, force = False
Called Update: UpdateRouteCalls = 4, force = False
Called Update: UpdateRouteCalls = 5, force = False
Called Update: UpdateRouteCalls = 6, force = False
Called Update: UpdateRouteCalls = 7, force = False
Called Update: UpdateRouteCalls = 8, force = False
Called Update: UpdateRouteCalls = 9, force = False
Called Update: UpdateRouteCalls = 10, force = False
Called Update: UpdateRouteCalls = 11, force = False
Called Update: UpdateRouteCalls = 12, force = False
Called Update: UpdateRouteCalls = 13, force = False
Called Update: UpdateRouteCalls = 14, force = False
Called Update: UpdateRouteCalls = 15, force = False
Called Update: UpdateRouteCalls = 16, force = False
Called Update: UpdateRouteCalls = 17, force = False
!! UPDATING !!
routeNo, updatedMCSIndex =  0 [2, 1, 1, 1, 1, 1, 1, 1]
main.py: Progress: 2027 / 2104
Called Update: UpdateRouteCalls = 0, force = True
!! UPDATING !!
routeNo, updatedMCSIndex =  0 [2, 1, 1, 1, 1, 1, 1, 1]

rf.py: Time: 2027 Route details: {0: {'Route': [0, 1, 2, 3, 4, 5, 6, 7, 8], 'MCS_Index': [2, 1, 1, 1, 1, 1, 1, 1], 'Priority': 1, 'ValidRoute': True, 'HQRoute': True, 'RouteNodeDensity': [0, 0, 0, 0, 0, 2, 0, 0, 0], 'InterferingLinks': 16, 'Target': (-1, -1)}}
Node.py: (Node0)@2027200000000.0: Updated MCS from 2 to 2, hist=deque([1.0, 1.0, 1.0, 1.0, 1.0], maxlen=5), packets_serviced=73, packets_received=73
Called Update: UpdateRouteCalls = 0, force = False
Node.py: (Node1)@2027200000000.0: Updated MCS from 1 to 1, hist=deque([0.0, 0.0, 0.0, 0.0, 0.0], maxlen=5), packets_serviced=0, packets_received=73
Called Update: UpdateRouteCalls = 1, force = False
Called Update: UpdateRouteCalls = 2, force = False
Called Update: UpdateRouteCalls = 3, force = False
Called Update: UpdateRouteCalls = 4, force = False
Called Update: UpdateRouteCalls = 5, force = False
Called Update: UpdateRouteCalls = 6, force = False
Called Update: UpdateRouteCalls = 7, force = False
Called Update: UpdateRouteCalls = 8, force = False
Called Update: UpdateRouteCalls = 9, force = False
Called Update: UpdateRouteCalls = 10, force = False
Called Update: UpdateRouteCalls = 11, force = False
Called Update: UpdateRouteCalls = 12, force = False
Called Update: UpdateRouteCalls = 13, force = False
Called Update: UpdateRouteCalls = 14, force = False
Called Update: UpdateRouteCalls = 15, force = False
Called Update: UpdateRouteCalls = 16, force = False
Called Update: UpdateRouteCalls = 17, force = False
!! UPDATING !!
routeNo, updatedMCSIndex =  0 [2, 1, 1, 1, 1, 1, 1, 1]
Node.py: (Node0)@2027600000000.0: Updated MCS from 2 to 2, hist=deque([1.0, 1.0, 1.0, 1.0, 1.0], maxlen=5), packets_serviced=73, packets_received=73
Called Update: UpdateRouteCalls = 0, force = False
Node.py: (Node1)@2027600000000.0: Updated MCS from 1 to 1, hist=deque([0.0, 0.0, 0.0, 0.0, 0.0], maxlen=5), packets_serviced=0, packets_received=73
Called Update: UpdateRouteCalls = 1, force = False
Called Update: UpdateRouteCalls = 2, force = False
Called Update: UpdateRouteCalls = 3, force = False
Called Update: UpdateRouteCalls = 4, force = False
Called Update: UpdateRouteCalls = 5, force = False
Called Update: UpdateRouteCalls = 6, force = False
Called Update: UpdateRouteCalls = 7, force = False
Called Update: UpdateRouteCalls = 8, force = False
Called Update: UpdateRouteCalls = 9, force = False
Called Update: UpdateRouteCalls = 10, force = False
Called Update: UpdateRouteCalls = 11, force = False
Called Update: UpdateRouteCalls = 12, force = False
Called Update: UpdateRouteCalls = 13, force = False
Called Update: UpdateRouteCalls = 14, force = False
Called Update: UpdateRouteCalls = 15, force = False
Called Update: UpdateRouteCalls = 16, force = False
Called Update: UpdateRouteCalls = 17, force = False
!! UPDATING !!
routeNo, updatedMCSIndex =  0 [2, 1, 1, 1, 1, 1, 1, 1]
main.py: Progress: 2028 / 2104
Node.py: (Node0)@2028000000000.0: Updated MCS from 2 to 2, hist=deque([1.0, 1.0, 1.0, 1.0, 1.0], maxlen=5), packets_serviced=73, packets_received=73
Called Update: UpdateRouteCalls = 0, force = False
Node.py: (Node1)@2028000000000.0: Updated MCS from 1 to 1, hist=deque([0.0, 0.0, 0.0, 0.0, 0.0], maxlen=5), packets_serviced=0, packets_received=73
Called Update: UpdateRouteCalls = 1, force = False
Called Update: UpdateRouteCalls = 2, force = False
Called Update: UpdateRouteCalls = 3, force = False
Called Update: UpdateRouteCalls = 4, force = False
Called Update: UpdateRouteCalls = 5, force = False
Called Update: UpdateRouteCalls = 6, force = False
Called Update: UpdateRouteCalls = 7, force = False
Called Update: UpdateRouteCalls = 8, force = False
Called Update: UpdateRouteCalls = 9, force = False
Called Update: UpdateRouteCalls = 10, force = False
Called Update: UpdateRouteCalls = 11, force = False
Called Update: UpdateRouteCalls = 12, force = False
Called Update: UpdateRouteCalls = 13, force = False
Called Update: UpdateRouteCalls = 14, force = False
Called Update: UpdateRouteCalls = 15, force = False
Called Update: UpdateRouteCalls = 16, force = False
Called Update: UpdateRouteCalls = 17, force = False
!! UPDATING !!
routeNo, updatedMCSIndex =  0 [2, 1, 1, 1, 1, 1, 1, 1]
Called Update: UpdateRouteCalls = 0, force = True
!! UPDATING !!
routeNo, updatedMCSIndex =  0 [2, 1, 1, 1, 1, 1, 1, 1]

rf.py: Time: 2028 Route details: {0: {'Route': [0, 1, 2, 3, 4, 5, 6, 7, 8], 'MCS_Index': [2, 1, 1, 1, 1, 1, 1, 1], 'Priority': 1, 'ValidRoute': True, 'HQRoute': True, 'RouteNodeDensity': [0, 0, 0, 0, 0, 2, 0, 0, 0], 'InterferingLinks': 16, 'Target': (-1, -1)}}
Node.py: (Node0)@2028400000000.0: Updated MCS from 2 to 2, hist=deque([1.0, 1.0, 1.0, 1.0, 1.0], maxlen=5), packets_serviced=74, packets_received=74
Called Update: UpdateRouteCalls = 0, force = False
Node.py: (Node1)@2028400000000.0: Updated MCS from 1 to 1, hist=deque([0.0, 0.0, 0.0, 0.0, 0.0], maxlen=5), packets_serviced=0, packets_received=74
Called Update: UpdateRouteCalls = 1, force = False
Called Update: UpdateRouteCalls = 2, force = False
Called Update: UpdateRouteCalls = 3, force = False
Called Update: UpdateRouteCalls = 4, force = False
Called Update: UpdateRouteCalls = 5, force = False
Called Update: UpdateRouteCalls = 6, force = False
Called Update: UpdateRouteCalls = 7, force = False
Called Update: UpdateRouteCalls = 8, force = False
Called Update: UpdateRouteCalls = 9, force = False
Called Update: UpdateRouteCalls = 10, force = False
Called Update: UpdateRouteCalls = 11, force = False
Called Update: UpdateRouteCalls = 12, force = False
Called Update: UpdateRouteCalls = 13, force = False
Called Update: UpdateRouteCalls = 14, force = False
Called Update: UpdateRouteCalls = 15, force = False
Called Update: UpdateRouteCalls = 16, force = False
Called Update: UpdateRouteCalls = 17, force = False
!! UPDATING !!
routeNo, updatedMCSIndex =  0 [2, 1, 1, 1, 1, 1, 1, 1]
Node.py: (Node0)@2028800000000.0: Updated MCS from 2 to 2, hist=deque([1.0, 1.0, 1.0, 1.0, 1.0], maxlen=5), packets_serviced=73, packets_received=73
Called Update: UpdateRouteCalls = 0, force = False
Node.py: (Node1)@2028800000000.0: Updated MCS from 1 to 1, hist=deque([0.0, 0.0, 0.0, 0.0, 0.0], maxlen=5), packets_serviced=0, packets_received=73
Called Update: UpdateRouteCalls = 1, force = False
Called Update: UpdateRouteCalls = 2, force = False
Called Update: UpdateRouteCalls = 3, force = False
Called Update: UpdateRouteCalls = 4, force = False
Called Update: UpdateRouteCalls = 5, force = False
Called Update: UpdateRouteCalls = 6, force = False
Called Update: UpdateRouteCalls = 7, force = False
Called Update: UpdateRouteCalls = 8, force = False
Called Update: UpdateRouteCalls = 9, force = False
Called Update: UpdateRouteCalls = 10, force = False
Called Update: UpdateRouteCalls = 11, force = False
Called Update: UpdateRouteCalls = 12, force = False
Called Update: UpdateRouteCalls = 13, force = False
Called Update: UpdateRouteCalls = 14, force = False
Called Update: UpdateRouteCalls = 15, force = False
Called Update: UpdateRouteCalls = 16, force = False
Called Update: UpdateRouteCalls = 17, force = False
!! UPDATING !!
routeNo, updatedMCSIndex =  0 [2, 1, 1, 1, 1, 1, 1, 1]
main.py: Progress: 2029 / 2104
Called Update: UpdateRouteCalls = 0, force = True
!! UPDATING !!
routeNo, updatedMCSIndex =  0 [2, 1, 1, 1, 1, 1, 1, 1]

rf.py: Time: 2029 Route details: {0: {'Route': [0, 1, 2, 3, 4, 5, 6, 7, 8], 'MCS_Index': [2, 1, 1, 1, 1, 1, 1, 1], 'Priority': 1, 'ValidRoute': True, 'HQRoute': True, 'RouteNodeDensity': [0, 0, 0, 0, 0, 2, 0, 0, 0], 'InterferingLinks': 16, 'Target': (-1, -1)}}
Node.py: (Node0)@2029200000000.0: Updated MCS from 2 to 2, hist=deque([1.0, 1.0, 1.0, 1.0, 1.0], maxlen=5), packets_serviced=73, packets_received=73
Called Update: UpdateRouteCalls = 0, force = False
Node.py: (Node1)@2029200000000.0: Updated MCS from 1 to 1, hist=deque([0.0, 0.0, 0.0, 0.0, 0.0], maxlen=5), packets_serviced=0, packets_received=73
Called Update: UpdateRouteCalls = 1, force = False
Called Update: UpdateRouteCalls = 2, force = False
Called Update: UpdateRouteCalls = 3, force = False
Called Update: UpdateRouteCalls = 4, force = False
Called Update: UpdateRouteCalls = 5, force = False
Called Update: UpdateRouteCalls = 6, force = False
Called Update: UpdateRouteCalls = 7, force = False
Called Update: UpdateRouteCalls = 8, force = False
Called Update: UpdateRouteCalls = 9, force = False
Called Update: UpdateRouteCalls = 10, force = False
Called Update: UpdateRouteCalls = 11, force = False
Called Update: UpdateRouteCalls = 12, force = False
Called Update: UpdateRouteCalls = 13, force = False
Called Update: UpdateRouteCalls = 14, force = False
Called Update: UpdateRouteCalls = 15, force = False
Called Update: UpdateRouteCalls = 16, force = False
Called Update: UpdateRouteCalls = 17, force = False
!! UPDATING !!
routeNo, updatedMCSIndex =  0 [2, 1, 1, 1, 1, 1, 1, 1]
Node.py: (Node0)@2029600000000.0: Updated MCS from 2 to 2, hist=deque([1.0, 1.0, 1.0, 1.0, 1.0], maxlen=5), packets_serviced=73, packets_received=73
Called Update: UpdateRouteCalls = 0, force = False
Node.py: (Node1)@2029600000000.0: Updated MCS from 1 to 1, hist=deque([0.0, 0.0, 0.0, 0.0, 0.0], maxlen=5), packets_serviced=0, packets_received=73
Called Update: UpdateRouteCalls = 1, force = False
Called Update: UpdateRouteCalls = 2, force = False
Called Update: UpdateRouteCalls = 3, force = False
Called Update: UpdateRouteCalls = 4, force = False
Called Update: UpdateRouteCalls = 5, force = False
Called Update: UpdateRouteCalls = 6, force = False
Called Update: UpdateRouteCalls = 7, force = False
Called Update: UpdateRouteCalls = 8, force = False
Called Update: UpdateRouteCalls = 9, force = False
Called Update: UpdateRouteCalls = 10, force = False
Called Update: UpdateRouteCalls = 11, force = False
Called Update: UpdateRouteCalls = 12, force = False
Called Update: UpdateRouteCalls = 13, force = False
Called Update: UpdateRouteCalls = 14, force = False
Called Update: UpdateRouteCalls = 15, force = False
Called Update: UpdateRouteCalls = 16, force = False
Called Update: UpdateRouteCalls = 17, force = False
!! UPDATING !!
routeNo, updatedMCSIndex =  0 [2, 1, 1, 1, 1, 1, 1, 1]
main.py: Progress: 2030 / 2104
Node.py: (Node0)@2030000000000.0: Updated MCS from 2 to 2, hist=deque([1.0, 1.0, 1.0, 1.0, 1.0], maxlen=5), packets_serviced=73, packets_received=73
Called Update: UpdateRouteCalls = 0, force = False
Node.py: (Node1)@2030000000000.0: Updated MCS from 1 to 1, hist=deque([0.0, 0.0, 0.0, 0.0, 0.0], maxlen=5), packets_serviced=0, packets_received=73
Called Update: UpdateRouteCalls = 1, force = False
Called Update: UpdateRouteCalls = 2, force = False
Called Update: UpdateRouteCalls = 3, force = False
Called Update: UpdateRouteCalls = 4, force = False
Called Update: UpdateRouteCalls = 5, force = False
Called Update: UpdateRouteCalls = 6, force = False
Called Update: UpdateRouteCalls = 7, force = False
Called Update: UpdateRouteCalls = 8, force = False
Called Update: UpdateRouteCalls = 9, force = False
Called Update: UpdateRouteCalls = 10, force = False
Called Update: UpdateRouteCalls = 11, force = False
Called Update: UpdateRouteCalls = 12, force = False
Called Update: UpdateRouteCalls = 13, force = False
Called Update: UpdateRouteCalls = 14, force = False
Called Update: UpdateRouteCalls = 15, force = False
Called Update: UpdateRouteCalls = 16, force = False
Called Update: UpdateRouteCalls = 17, force = False
!! UPDATING !!
routeNo, updatedMCSIndex =  0 [2, 1, 1, 1, 1, 1, 1, 1]
Called Update: UpdateRouteCalls = 0, force = True
!! UPDATING !!
routeNo, updatedMCSIndex =  0 [2, 1, 1, 1, 1, 1, 1, 1]

rf.py: Time: 2030 Route details: {0: {'Route': [0, 1, 2, 3, 4, 5, 6, 7, 8], 'MCS_Index': [2, 1, 1, 1, 1, 1, 1, 1], 'Priority': 1, 'ValidRoute': True, 'HQRoute': True, 'RouteNodeDensity': [0, 0, 0, 0, 0, 2, 0, 0, 0], 'InterferingLinks': 16, 'Target': (-1, -1)}}
Node.py: (Node0)@2030400000000.0: Updated MCS from 2 to 2, hist=deque([1.0, 1.0, 1.0, 1.0, 1.0], maxlen=5), packets_serviced=74, packets_received=74
Called Update: UpdateRouteCalls = 0, force = False
Node.py: (Node1)@2030400000000.0: Updated MCS from 1 to 1, hist=deque([0.0, 0.0, 0.0, 0.0, 0.0], maxlen=5), packets_serviced=0, packets_received=74
Called Update: UpdateRouteCalls = 1, force = False
Called Update: UpdateRouteCalls = 2, force = False
Called Update: UpdateRouteCalls = 3, force = False
Called Update: UpdateRouteCalls = 4, force = False
Called Update: UpdateRouteCalls = 5, force = False
Called Update: UpdateRouteCalls = 6, force = False
Called Update: UpdateRouteCalls = 7, force = False
Called Update: UpdateRouteCalls = 8, force = False
Called Update: UpdateRouteCalls = 9, force = False
Called Update: UpdateRouteCalls = 10, force = False
Called Update: UpdateRouteCalls = 11, force = False
Called Update: UpdateRouteCalls = 12, force = False
Called Update: UpdateRouteCalls = 13, force = False
Called Update: UpdateRouteCalls = 14, force = False
Called Update: UpdateRouteCalls = 15, force = False
Called Update: UpdateRouteCalls = 16, force = False
Called Update: UpdateRouteCalls = 17, force = False
!! UPDATING !!
routeNo, updatedMCSIndex =  0 [2, 1, 1, 1, 1, 1, 1, 1]
Node.py: (Node0)@2030800000000.0: Updated MCS from 2 to 2, hist=deque([1.0, 1.0, 1.0, 1.0, 1.0], maxlen=5), packets_serviced=73, packets_received=73
Called Update: UpdateRouteCalls = 0, force = False
Node.py: (Node1)@2030800000000.0: Updated MCS from 1 to 1, hist=deque([0.0, 0.0, 0.0, 0.0, 0.0], maxlen=5), packets_serviced=0, packets_received=73
Called Update: UpdateRouteCalls = 1, force = False
Called Update: UpdateRouteCalls = 2, force = False
Called Update: UpdateRouteCalls = 3, force = False
Called Update: UpdateRouteCalls = 4, force = False
Called Update: UpdateRouteCalls = 5, force = False
Called Update: UpdateRouteCalls = 6, force = False
Called Update: UpdateRouteCalls = 7, force = False
Called Update: UpdateRouteCalls = 8, force = False
Called Update: UpdateRouteCalls = 9, force = False
Called Update: UpdateRouteCalls = 10, force = False
Called Update: UpdateRouteCalls = 11, force = False
Called Update: UpdateRouteCalls = 12, force = False
Called Update: UpdateRouteCalls = 13, force = False
Called Update: UpdateRouteCalls = 14, force = False
Called Update: UpdateRouteCalls = 15, force = False
Called Update: UpdateRouteCalls = 16, force = False
Called Update: UpdateRouteCalls = 17, force = False
!! UPDATING !!
routeNo, updatedMCSIndex =  0 [2, 1, 1, 1, 1, 1, 1, 1]
main.py: Progress: 2031 / 2104
Called Update: UpdateRouteCalls = 0, force = True
!! UPDATING !!
routeNo, updatedMCSIndex =  0 [2, 1, 1, 1, 1, 1, 1, 1]

rf.py: Time: 2031 Route details: {0: {'Route': [0, 1, 2, 3, 4, 5, 6, 7, 8], 'MCS_Index': [2, 1, 1, 1, 1, 1, 1, 1], 'Priority': 1, 'ValidRoute': True, 'HQRoute': True, 'RouteNodeDensity': [0, 0, 0, 0, 0, 2, 0, 0, 0], 'InterferingLinks': 16, 'Target': (-1, -1)}}
Node.py: (Node0)@2031200000000.0: Updated MCS from 2 to 2, hist=deque([1.0, 1.0, 1.0, 1.0, 1.0], maxlen=5), packets_serviced=73, packets_received=73
Called Update: UpdateRouteCalls = 0, force = False
Node.py: (Node1)@2031200000000.0: Updated MCS from 1 to 1, hist=deque([0.0, 0.0, 0.0, 0.0, 0.0], maxlen=5), packets_serviced=0, packets_received=73
Called Update: UpdateRouteCalls = 1, force = False
Called Update: UpdateRouteCalls = 2, force = False
Called Update: UpdateRouteCalls = 3, force = False
Called Update: UpdateRouteCalls = 4, force = False
Called Update: UpdateRouteCalls = 5, force = False
Called Update: UpdateRouteCalls = 6, force = False
Called Update: UpdateRouteCalls = 7, force = False
Called Update: UpdateRouteCalls = 8, force = False
Called Update: UpdateRouteCalls = 9, force = False
Called Update: UpdateRouteCalls = 10, force = False
Called Update: UpdateRouteCalls = 11, force = False
Called Update: UpdateRouteCalls = 12, force = False
Called Update: UpdateRouteCalls = 13, force = False
Called Update: UpdateRouteCalls = 14, force = False
Called Update: UpdateRouteCalls = 15, force = False
Called Update: UpdateRouteCalls = 16, force = False
Called Update: UpdateRouteCalls = 17, force = False
!! UPDATING !!
routeNo, updatedMCSIndex =  0 [2, 1, 1, 1, 1, 1, 1, 1]
Node.py: (Node0)@2031600000000.0: Updated MCS from 2 to 2, hist=deque([1.0, 1.0, 1.0, 1.0, 1.0], maxlen=5), packets_serviced=73, packets_received=73
Called Update: UpdateRouteCalls = 0, force = False
Node.py: (Node1)@2031600000000.0: Updated MCS from 1 to 1, hist=deque([0.0, 0.0, 0.0, 0.0, 0.0], maxlen=5), packets_serviced=0, packets_received=73
Called Update: UpdateRouteCalls = 1, force = False
Called Update: UpdateRouteCalls = 2, force = False
Called Update: UpdateRouteCalls = 3, force = False
Called Update: UpdateRouteCalls = 4, force = False
Called Update: UpdateRouteCalls = 5, force = False
Called Update: UpdateRouteCalls = 6, force = False
Called Update: UpdateRouteCalls = 7, force = False
Called Update: UpdateRouteCalls = 8, force = False
Called Update: UpdateRouteCalls = 9, force = False
Called Update: UpdateRouteCalls = 10, force = False
Called Update: UpdateRouteCalls = 11, force = False
Called Update: UpdateRouteCalls = 12, force = False
Called Update: UpdateRouteCalls = 13, force = False
Called Update: UpdateRouteCalls = 14, force = False
Called Update: UpdateRouteCalls = 15, force = False
Called Update: UpdateRouteCalls = 16, force = False
Called Update: UpdateRouteCalls = 17, force = False
!! UPDATING !!
routeNo, updatedMCSIndex =  0 [2, 1, 1, 1, 1, 1, 1, 1]
main.py: Progress: 2032 / 2104
Node.py: (Node0)@2032000000000.0: Updated MCS from 2 to 2, hist=deque([1.0, 1.0, 1.0, 1.0, 1.0], maxlen=5), packets_serviced=73, packets_received=73
Called Update: UpdateRouteCalls = 0, force = False
Node.py: (Node1)@2032000000000.0: Updated MCS from 1 to 1, hist=deque([0.0, 0.0, 0.0, 0.0, 0.0], maxlen=5), packets_serviced=0, packets_received=73
Called Update: UpdateRouteCalls = 1, force = False
Called Update: UpdateRouteCalls = 2, force = False
Called Update: UpdateRouteCalls = 3, force = False
Called Update: UpdateRouteCalls = 4, force = False
Called Update: UpdateRouteCalls = 5, force = False
Called Update: UpdateRouteCalls = 6, force = False
Called Update: UpdateRouteCalls = 7, force = False
Called Update: UpdateRouteCalls = 8, force = False
Called Update: UpdateRouteCalls = 9, force = False
Called Update: UpdateRouteCalls = 10, force = False
Called Update: UpdateRouteCalls = 11, force = False
Called Update: UpdateRouteCalls = 12, force = False
Called Update: UpdateRouteCalls = 13, force = False
Called Update: UpdateRouteCalls = 14, force = False
Called Update: UpdateRouteCalls = 15, force = False
Called Update: UpdateRouteCalls = 16, force = False
Called Update: UpdateRouteCalls = 17, force = False
!! UPDATING !!
routeNo, updatedMCSIndex =  0 [2, 1, 1, 1, 1, 1, 1, 1]
Called Update: UpdateRouteCalls = 0, force = True
!! UPDATING !!
routeNo, updatedMCSIndex =  0 [2, 1, 1, 1, 1, 1, 1, 1]

rf.py: Time: 2032 Route details: {0: {'Route': [0, 1, 2, 3, 4, 5, 6, 7, 8], 'MCS_Index': [2, 1, 1, 1, 1, 1, 1, 1], 'Priority': 1, 'ValidRoute': True, 'HQRoute': True, 'RouteNodeDensity': [0, 0, 0, 0, 0, 2, 0, 0, 0], 'InterferingLinks': 16, 'Target': (-1, -1)}}
Node.py: (Node0)@2032400000000.0: Updated MCS from 2 to 2, hist=deque([1.0, 1.0, 1.0, 1.0, 1.0], maxlen=5), packets_serviced=74, packets_received=74
Called Update: UpdateRouteCalls = 0, force = False
Node.py: (Node1)@2032400000000.0: Updated MCS from 1 to 1, hist=deque([0.0, 0.0, 0.0, 0.0, 0.0], maxlen=5), packets_serviced=0, packets_received=74
Called Update: UpdateRouteCalls = 1, force = False
Called Update: UpdateRouteCalls = 2, force = False
Called Update: UpdateRouteCalls = 3, force = False
Called Update: UpdateRouteCalls = 4, force = False
Called Update: UpdateRouteCalls = 5, force = False
Called Update: UpdateRouteCalls = 6, force = False
Called Update: UpdateRouteCalls = 7, force = False
Called Update: UpdateRouteCalls = 8, force = False
Called Update: UpdateRouteCalls = 9, force = False
Called Update: UpdateRouteCalls = 10, force = False
Called Update: UpdateRouteCalls = 11, force = False
Called Update: UpdateRouteCalls = 12, force = False
Called Update: UpdateRouteCalls = 13, force = False
Called Update: UpdateRouteCalls = 14, force = False
Called Update: UpdateRouteCalls = 15, force = False
Called Update: UpdateRouteCalls = 16, force = False
Called Update: UpdateRouteCalls = 17, force = False
!! UPDATING !!
routeNo, updatedMCSIndex =  0 [2, 1, 1, 1, 1, 1, 1, 1]
Node.py: (Node0)@2032800000000.0: Updated MCS from 2 to 2, hist=deque([1.0, 1.0, 1.0, 1.0, 1.0], maxlen=5), packets_serviced=73, packets_received=73
Called Update: UpdateRouteCalls = 0, force = False
Node.py: (Node1)@2032800000000.0: Updated MCS from 1 to 1, hist=deque([0.0, 0.0, 0.0, 0.0, 0.0], maxlen=5), packets_serviced=0, packets_received=73
Called Update: UpdateRouteCalls = 1, force = False
Called Update: UpdateRouteCalls = 2, force = False
Called Update: UpdateRouteCalls = 3, force = False
Called Update: UpdateRouteCalls = 4, force = False
Called Update: UpdateRouteCalls = 5, force = False
Called Update: UpdateRouteCalls = 6, force = False
Called Update: UpdateRouteCalls = 7, force = False
Called Update: UpdateRouteCalls = 8, force = False
Called Update: UpdateRouteCalls = 9, force = False
Called Update: UpdateRouteCalls = 10, force = False
Called Update: UpdateRouteCalls = 11, force = False
Called Update: UpdateRouteCalls = 12, force = False
Called Update: UpdateRouteCalls = 13, force = False
Called Update: UpdateRouteCalls = 14, force = False
Called Update: UpdateRouteCalls = 15, force = False
Called Update: UpdateRouteCalls = 16, force = False
Called Update: UpdateRouteCalls = 17, force = False
!! UPDATING !!
routeNo, updatedMCSIndex =  0 [2, 1, 1, 1, 1, 1, 1, 1]
main.py: Progress: 2033 / 2104
Called Update: UpdateRouteCalls = 0, force = True
!! UPDATING !!
routeNo, updatedMCSIndex =  0 [2, 1, 1, 1, 1, 1, 1, 1]

rf.py: Time: 2033 Route details: {0: {'Route': [0, 1, 2, 3, 4, 5, 6, 7, 8], 'MCS_Index': [2, 1, 1, 1, 1, 1, 1, 1], 'Priority': 1, 'ValidRoute': True, 'HQRoute': True, 'RouteNodeDensity': [0, 0, 0, 0, 0, 2, 0, 0, 0], 'InterferingLinks': 16, 'Target': (-1, -1)}}
Node.py: (Node0)@2033200000000.0: Updated MCS from 2 to 2, hist=deque([1.0, 1.0, 1.0, 1.0, 1.0], maxlen=5), packets_serviced=73, packets_received=73
Called Update: UpdateRouteCalls = 0, force = False
Node.py: (Node1)@2033200000000.0: Updated MCS from 1 to 1, hist=deque([0.0, 0.0, 0.0, 0.0, 0.0], maxlen=5), packets_serviced=0, packets_received=73
Called Update: UpdateRouteCalls = 1, force = False
Called Update: UpdateRouteCalls = 2, force = False
Called Update: UpdateRouteCalls = 3, force = False
Called Update: UpdateRouteCalls = 4, force = False
Called Update: UpdateRouteCalls = 5, force = False
Called Update: UpdateRouteCalls = 6, force = False
Called Update: UpdateRouteCalls = 7, force = False
Called Update: UpdateRouteCalls = 8, force = False
Called Update: UpdateRouteCalls = 9, force = False
Called Update: UpdateRouteCalls = 10, force = False
Called Update: UpdateRouteCalls = 11, force = False
Called Update: UpdateRouteCalls = 12, force = False
Called Update: UpdateRouteCalls = 13, force = False
Called Update: UpdateRouteCalls = 14, force = False
Called Update: UpdateRouteCalls = 15, force = False
Called Update: UpdateRouteCalls = 16, force = False
Called Update: UpdateRouteCalls = 17, force = False
!! UPDATING !!
routeNo, updatedMCSIndex =  0 [2, 1, 1, 1, 1, 1, 1, 1]
Node.py: (Node0)@2033600000000.0: Updated MCS from 2 to 2, hist=deque([1.0, 1.0, 1.0, 1.0, 1.0], maxlen=5), packets_serviced=73, packets_received=73
Called Update: UpdateRouteCalls = 0, force = False
Node.py: (Node1)@2033600000000.0: Updated MCS from 1 to 1, hist=deque([0.0, 0.0, 0.0, 0.0, 0.0], maxlen=5), packets_serviced=0, packets_received=73
Called Update: UpdateRouteCalls = 1, force = False
Called Update: UpdateRouteCalls = 2, force = False
Called Update: UpdateRouteCalls = 3, force = False
Called Update: UpdateRouteCalls = 4, force = False
Called Update: UpdateRouteCalls = 5, force = False
Called Update: UpdateRouteCalls = 6, force = False
Called Update: UpdateRouteCalls = 7, force = False
Called Update: UpdateRouteCalls = 8, force = False
Called Update: UpdateRouteCalls = 9, force = False
Called Update: UpdateRouteCalls = 10, force = False
Called Update: UpdateRouteCalls = 11, force = False
Called Update: UpdateRouteCalls = 12, force = False
Called Update: UpdateRouteCalls = 13, force = False
Called Update: UpdateRouteCalls = 14, force = False
Called Update: UpdateRouteCalls = 15, force = False
Called Update: UpdateRouteCalls = 16, force = False
Called Update: UpdateRouteCalls = 17, force = False
!! UPDATING !!
routeNo, updatedMCSIndex =  0 [2, 1, 1, 1, 1, 1, 1, 1]
main.py: Progress: 2034 / 2104
Node.py: (Node0)@2034000000000.0: Updated MCS from 2 to 2, hist=deque([1.0, 1.0, 1.0, 1.0, 1.0], maxlen=5), packets_serviced=73, packets_received=73
Called Update: UpdateRouteCalls = 0, force = False
Node.py: (Node1)@2034000000000.0: Updated MCS from 1 to 1, hist=deque([0.0, 0.0, 0.0, 0.0, 0.0], maxlen=5), packets_serviced=0, packets_received=73
Called Update: UpdateRouteCalls = 1, force = False
Called Update: UpdateRouteCalls = 2, force = False
Called Update: UpdateRouteCalls = 3, force = False
Called Update: UpdateRouteCalls = 4, force = False
Called Update: UpdateRouteCalls = 5, force = False
Called Update: UpdateRouteCalls = 6, force = False
Called Update: UpdateRouteCalls = 7, force = False
Called Update: UpdateRouteCalls = 8, force = False
Called Update: UpdateRouteCalls = 9, force = False
Called Update: UpdateRouteCalls = 10, force = False
Called Update: UpdateRouteCalls = 11, force = False
Called Update: UpdateRouteCalls = 12, force = False
Called Update: UpdateRouteCalls = 13, force = False
Called Update: UpdateRouteCalls = 14, force = False
Called Update: UpdateRouteCalls = 15, force = False
Called Update: UpdateRouteCalls = 16, force = False
Called Update: UpdateRouteCalls = 17, force = False
!! UPDATING !!
routeNo, updatedMCSIndex =  0 [2, 1, 1, 1, 1, 1, 1, 1]
Called Update: UpdateRouteCalls = 0, force = True
!! UPDATING !!
routeNo, updatedMCSIndex =  0 [2, 1, 1, 1, 1, 1, 1, 1]

rf.py: Time: 2034 Route details: {0: {'Route': [0, 1, 2, 3, 4, 5, 6, 7, 8], 'MCS_Index': [2, 1, 1, 1, 1, 1, 1, 1], 'Priority': 1, 'ValidRoute': True, 'HQRoute': True, 'RouteNodeDensity': [0, 0, 0, 0, 0, 2, 0, 0, 0], 'InterferingLinks': 16, 'Target': (-1, -1)}}
Node.py: (Node0)@2034400000000.0: Updated MCS from 2 to 2, hist=deque([1.0, 1.0, 1.0, 1.0, 1.0], maxlen=5), packets_serviced=74, packets_received=74
Called Update: UpdateRouteCalls = 0, force = False
Node.py: (Node1)@2034400000000.0: Updated MCS from 1 to 1, hist=deque([0.0, 0.0, 0.0, 0.0, 0.0], maxlen=5), packets_serviced=0, packets_received=74
Called Update: UpdateRouteCalls = 1, force = False
Called Update: UpdateRouteCalls = 2, force = False
Called Update: UpdateRouteCalls = 3, force = False
Called Update: UpdateRouteCalls = 4, force = False
Called Update: UpdateRouteCalls = 5, force = False
Called Update: UpdateRouteCalls = 6, force = False
Called Update: UpdateRouteCalls = 7, force = False
Called Update: UpdateRouteCalls = 8, force = False
Called Update: UpdateRouteCalls = 9, force = False
Called Update: UpdateRouteCalls = 10, force = False
Called Update: UpdateRouteCalls = 11, force = False
Called Update: UpdateRouteCalls = 12, force = False
Called Update: UpdateRouteCalls = 13, force = False
Called Update: UpdateRouteCalls = 14, force = False
Called Update: UpdateRouteCalls = 15, force = False
Called Update: UpdateRouteCalls = 16, force = False
Called Update: UpdateRouteCalls = 17, force = False
!! UPDATING !!
routeNo, updatedMCSIndex =  0 [2, 1, 1, 1, 1, 1, 1, 1]
Node.py: (Node0)@2034800000000.0: Updated MCS from 2 to 2, hist=deque([1.0, 1.0, 1.0, 1.0, 1.0], maxlen=5), packets_serviced=73, packets_received=73
Called Update: UpdateRouteCalls = 0, force = False
Node.py: (Node1)@2034800000000.0: Updated MCS from 1 to 1, hist=deque([0.0, 0.0, 0.0, 0.0, 0.0], maxlen=5), packets_serviced=0, packets_received=73
Called Update: UpdateRouteCalls = 1, force = False
Called Update: UpdateRouteCalls = 2, force = False
Called Update: UpdateRouteCalls = 3, force = False
Called Update: UpdateRouteCalls = 4, force = False
Called Update: UpdateRouteCalls = 5, force = False
Called Update: UpdateRouteCalls = 6, force = False
Called Update: UpdateRouteCalls = 7, force = False
Called Update: UpdateRouteCalls = 8, force = False
Called Update: UpdateRouteCalls = 9, force = False
Called Update: UpdateRouteCalls = 10, force = False
Called Update: UpdateRouteCalls = 11, force = False
Called Update: UpdateRouteCalls = 12, force = False
Called Update: UpdateRouteCalls = 13, force = False
Called Update: UpdateRouteCalls = 14, force = False
Called Update: UpdateRouteCalls = 15, force = False
Called Update: UpdateRouteCalls = 16, force = False
Called Update: UpdateRouteCalls = 17, force = False
!! UPDATING !!
routeNo, updatedMCSIndex =  0 [2, 1, 1, 1, 1, 1, 1, 1]
main.py: Progress: 2035 / 2104
Called Update: UpdateRouteCalls = 0, force = True
!! UPDATING !!
routeNo, updatedMCSIndex =  0 [2, 1, 1, 1, 1, 1, 1, 1]

rf.py: Time: 2035 Route details: {0: {'Route': [0, 1, 2, 3, 4, 5, 6, 7, 8], 'MCS_Index': [2, 1, 1, 1, 1, 1, 1, 1], 'Priority': 1, 'ValidRoute': True, 'HQRoute': True, 'RouteNodeDensity': [0, 0, 0, 0, 0, 2, 0, 0, 0], 'InterferingLinks': 16, 'Target': (-1, -1)}}
Node.py: (Node0)@2035200000000.0: Updated MCS from 2 to 2, hist=deque([1.0, 1.0, 1.0, 1.0, 1.0], maxlen=5), packets_serviced=73, packets_received=73
Called Update: UpdateRouteCalls = 0, force = False
Node.py: (Node1)@2035200000000.0: Updated MCS from 1 to 1, hist=deque([0.0, 0.0, 0.0, 0.0, 0.0], maxlen=5), packets_serviced=0, packets_received=73
Called Update: UpdateRouteCalls = 1, force = False
Called Update: UpdateRouteCalls = 2, force = False
Called Update: UpdateRouteCalls = 3, force = False
Called Update: UpdateRouteCalls = 4, force = False
Called Update: UpdateRouteCalls = 5, force = False
Called Update: UpdateRouteCalls = 6, force = False
Called Update: UpdateRouteCalls = 7, force = False
Called Update: UpdateRouteCalls = 8, force = False
Called Update: UpdateRouteCalls = 9, force = False
Called Update: UpdateRouteCalls = 10, force = False
Called Update: UpdateRouteCalls = 11, force = False
Called Update: UpdateRouteCalls = 12, force = False
Called Update: UpdateRouteCalls = 13, force = False
Called Update: UpdateRouteCalls = 14, force = False
Called Update: UpdateRouteCalls = 15, force = False
Called Update: UpdateRouteCalls = 16, force = False
Called Update: UpdateRouteCalls = 17, force = False
!! UPDATING !!
routeNo, updatedMCSIndex =  0 [2, 1, 1, 1, 1, 1, 1, 1]
Node.py: (Node0)@2035600000000.0: Updated MCS from 2 to 2, hist=deque([1.0, 1.0, 1.0, 1.0, 1.0], maxlen=5), packets_serviced=73, packets_received=73
Called Update: UpdateRouteCalls = 0, force = False
Node.py: (Node1)@2035600000000.0: Updated MCS from 1 to 1, hist=deque([0.0, 0.0, 0.0, 0.0, 0.0], maxlen=5), packets_serviced=0, packets_received=73
Called Update: UpdateRouteCalls = 1, force = False
Called Update: UpdateRouteCalls = 2, force = False
Called Update: UpdateRouteCalls = 3, force = False
Called Update: UpdateRouteCalls = 4, force = False
Called Update: UpdateRouteCalls = 5, force = False
Called Update: UpdateRouteCalls = 6, force = False
Called Update: UpdateRouteCalls = 7, force = False
Called Update: UpdateRouteCalls = 8, force = False
Called Update: UpdateRouteCalls = 9, force = False
Called Update: UpdateRouteCalls = 10, force = False
Called Update: UpdateRouteCalls = 11, force = False
Called Update: UpdateRouteCalls = 12, force = False
Called Update: UpdateRouteCalls = 13, force = False
Called Update: UpdateRouteCalls = 14, force = False
Called Update: UpdateRouteCalls = 15, force = False
Called Update: UpdateRouteCalls = 16, force = False
Called Update: UpdateRouteCalls = 17, force = False
!! UPDATING !!
routeNo, updatedMCSIndex =  0 [2, 1, 1, 1, 1, 1, 1, 1]
main.py: Progress: 2036 / 2104
Node.py: (Node0)@2036000000000.0: Updated MCS from 2 to 2, hist=deque([1.0, 1.0, 1.0, 1.0, 1.0], maxlen=5), packets_serviced=73, packets_received=73
Called Update: UpdateRouteCalls = 0, force = False
Node.py: (Node1)@2036000000000.0: Updated MCS from 1 to 1, hist=deque([0.0, 0.0, 0.0, 0.0, 0.0], maxlen=5), packets_serviced=0, packets_received=73
Called Update: UpdateRouteCalls = 1, force = False
Called Update: UpdateRouteCalls = 2, force = False
Called Update: UpdateRouteCalls = 3, force = False
Called Update: UpdateRouteCalls = 4, force = False
Called Update: UpdateRouteCalls = 5, force = False
Called Update: UpdateRouteCalls = 6, force = False
Called Update: UpdateRouteCalls = 7, force = False
Called Update: UpdateRouteCalls = 8, force = False
Called Update: UpdateRouteCalls = 9, force = False
Called Update: UpdateRouteCalls = 10, force = False
Called Update: UpdateRouteCalls = 11, force = False
Called Update: UpdateRouteCalls = 12, force = False
Called Update: UpdateRouteCalls = 13, force = False
Called Update: UpdateRouteCalls = 14, force = False
Called Update: UpdateRouteCalls = 15, force = False
Called Update: UpdateRouteCalls = 16, force = False
Called Update: UpdateRouteCalls = 17, force = False
!! UPDATING !!
routeNo, updatedMCSIndex =  0 [2, 1, 1, 1, 1, 1, 1, 1]
Called Update: UpdateRouteCalls = 0, force = True
!! UPDATING !!
routeNo, updatedMCSIndex =  0 [2, 1, 1, 1, 1, 1, 1, 1]

rf.py: Time: 2036 Route details: {0: {'Route': [0, 1, 2, 3, 4, 5, 6, 7, 8], 'MCS_Index': [2, 1, 1, 1, 1, 1, 1, 1], 'Priority': 1, 'ValidRoute': True, 'HQRoute': True, 'RouteNodeDensity': [0, 0, 0, 0, 0, 2, 0, 0, 0], 'InterferingLinks': 16, 'Target': (-1, -1)}}
Node.py: (Node0)@2036400000000.0: Updated MCS from 2 to 2, hist=deque([1.0, 1.0, 1.0, 1.0, 1.0], maxlen=5), packets_serviced=74, packets_received=74
Called Update: UpdateRouteCalls = 0, force = False
Node.py: (Node1)@2036400000000.0: Updated MCS from 1 to 1, hist=deque([0.0, 0.0, 0.0, 0.0, 0.0], maxlen=5), packets_serviced=0, packets_received=74
Called Update: UpdateRouteCalls = 1, force = False
Called Update: UpdateRouteCalls = 2, force = False
Called Update: UpdateRouteCalls = 3, force = False
Called Update: UpdateRouteCalls = 4, force = False
Called Update: UpdateRouteCalls = 5, force = False
Called Update: UpdateRouteCalls = 6, force = False
Called Update: UpdateRouteCalls = 7, force = False
Called Update: UpdateRouteCalls = 8, force = False
Called Update: UpdateRouteCalls = 9, force = False
Called Update: UpdateRouteCalls = 10, force = False
Called Update: UpdateRouteCalls = 11, force = False
Called Update: UpdateRouteCalls = 12, force = False
Called Update: UpdateRouteCalls = 13, force = False
Called Update: UpdateRouteCalls = 14, force = False
Called Update: UpdateRouteCalls = 15, force = False
Called Update: UpdateRouteCalls = 16, force = False
Called Update: UpdateRouteCalls = 17, force = False
!! UPDATING !!
routeNo, updatedMCSIndex =  0 [2, 1, 1, 1, 1, 1, 1, 1]
Node.py: (Node0)@2036800000000.0: Updated MCS from 2 to 2, hist=deque([1.0, 1.0, 1.0, 1.0, 1.0], maxlen=5), packets_serviced=73, packets_received=73
Called Update: UpdateRouteCalls = 0, force = False
Node.py: (Node1)@2036800000000.0: Updated MCS from 1 to 1, hist=deque([0.0, 0.0, 0.0, 0.0, 0.0], maxlen=5), packets_serviced=0, packets_received=73
Called Update: UpdateRouteCalls = 1, force = False
Called Update: UpdateRouteCalls = 2, force = False
Called Update: UpdateRouteCalls = 3, force = False
Called Update: UpdateRouteCalls = 4, force = False
Called Update: UpdateRouteCalls = 5, force = False
Called Update: UpdateRouteCalls = 6, force = False
Called Update: UpdateRouteCalls = 7, force = False
Called Update: UpdateRouteCalls = 8, force = False
Called Update: UpdateRouteCalls = 9, force = False
Called Update: UpdateRouteCalls = 10, force = False
Called Update: UpdateRouteCalls = 11, force = False
Called Update: UpdateRouteCalls = 12, force = False
Called Update: UpdateRouteCalls = 13, force = False
Called Update: UpdateRouteCalls = 14, force = False
Called Update: UpdateRouteCalls = 15, force = False
Called Update: UpdateRouteCalls = 16, force = False
Called Update: UpdateRouteCalls = 17, force = False
!! UPDATING !!
routeNo, updatedMCSIndex =  0 [2, 1, 1, 1, 1, 1, 1, 1]
main.py: Progress: 2037 / 2104
Called Update: UpdateRouteCalls = 0, force = True
!! UPDATING !!
routeNo, updatedMCSIndex =  0 [2, 1, 1, 1, 1, 1, 1, 1]

rf.py: Time: 2037 Route details: {0: {'Route': [0, 1, 2, 3, 4, 5, 6, 7, 8], 'MCS_Index': [2, 1, 1, 1, 1, 1, 1, 1], 'Priority': 1, 'ValidRoute': True, 'HQRoute': True, 'RouteNodeDensity': [0, 0, 0, 0, 0, 2, 0, 0, 0], 'InterferingLinks': 16, 'Target': (-1, -1)}}
Node.py: (Node0)@2037200000000.0: Updated MCS from 2 to 2, hist=deque([1.0, 1.0, 1.0, 1.0, 1.0], maxlen=5), packets_serviced=73, packets_received=73
Called Update: UpdateRouteCalls = 0, force = False
Node.py: (Node1)@2037200000000.0: Updated MCS from 1 to 1, hist=deque([0.0, 0.0, 0.0, 0.0, 0.0], maxlen=5), packets_serviced=0, packets_received=73
Called Update: UpdateRouteCalls = 1, force = False
Called Update: UpdateRouteCalls = 2, force = False
Called Update: UpdateRouteCalls = 3, force = False
Called Update: UpdateRouteCalls = 4, force = False
Called Update: UpdateRouteCalls = 5, force = False
Called Update: UpdateRouteCalls = 6, force = False
Called Update: UpdateRouteCalls = 7, force = False
Called Update: UpdateRouteCalls = 8, force = False
Called Update: UpdateRouteCalls = 9, force = False
Called Update: UpdateRouteCalls = 10, force = False
Called Update: UpdateRouteCalls = 11, force = False
Called Update: UpdateRouteCalls = 12, force = False
Called Update: UpdateRouteCalls = 13, force = False
Called Update: UpdateRouteCalls = 14, force = False
Called Update: UpdateRouteCalls = 15, force = False
Called Update: UpdateRouteCalls = 16, force = False
Called Update: UpdateRouteCalls = 17, force = False
!! UPDATING !!
routeNo, updatedMCSIndex =  0 [2, 1, 1, 1, 1, 1, 1, 1]
Node.py: (Node0)@2037600000000.0: Updated MCS from 2 to 2, hist=deque([1.0, 1.0, 1.0, 1.0, 1.0], maxlen=5), packets_serviced=73, packets_received=73
Called Update: UpdateRouteCalls = 0, force = False
Node.py: (Node1)@2037600000000.0: Updated MCS from 1 to 1, hist=deque([0.0, 0.0, 0.0, 0.0, 0.0], maxlen=5), packets_serviced=0, packets_received=73
Called Update: UpdateRouteCalls = 1, force = False
Called Update: UpdateRouteCalls = 2, force = False
Called Update: UpdateRouteCalls = 3, force = False
Called Update: UpdateRouteCalls = 4, force = False
Called Update: UpdateRouteCalls = 5, force = False
Called Update: UpdateRouteCalls = 6, force = False
Called Update: UpdateRouteCalls = 7, force = False
Called Update: UpdateRouteCalls = 8, force = False
Called Update: UpdateRouteCalls = 9, force = False
Called Update: UpdateRouteCalls = 10, force = False
Called Update: UpdateRouteCalls = 11, force = False
Called Update: UpdateRouteCalls = 12, force = False
Called Update: UpdateRouteCalls = 13, force = False
Called Update: UpdateRouteCalls = 14, force = False
Called Update: UpdateRouteCalls = 15, force = False
Called Update: UpdateRouteCalls = 16, force = False
Called Update: UpdateRouteCalls = 17, force = False
!! UPDATING !!
routeNo, updatedMCSIndex =  0 [2, 1, 1, 1, 1, 1, 1, 1]
main.py: Progress: 2038 / 2104
Node.py: (Node0)@2038000000000.0: Updated MCS from 2 to 2, hist=deque([1.0, 1.0, 1.0, 1.0, 1.0], maxlen=5), packets_serviced=73, packets_received=73
Called Update: UpdateRouteCalls = 0, force = False
Node.py: (Node1)@2038000000000.0: Updated MCS from 1 to 1, hist=deque([0.0, 0.0, 0.0, 0.0, 0.0], maxlen=5), packets_serviced=0, packets_received=73
Called Update: UpdateRouteCalls = 1, force = False
Called Update: UpdateRouteCalls = 2, force = False
Called Update: UpdateRouteCalls = 3, force = False
Called Update: UpdateRouteCalls = 4, force = False
Called Update: UpdateRouteCalls = 5, force = False
Called Update: UpdateRouteCalls = 6, force = False
Called Update: UpdateRouteCalls = 7, force = False
Called Update: UpdateRouteCalls = 8, force = False
Called Update: UpdateRouteCalls = 9, force = False
Called Update: UpdateRouteCalls = 10, force = False
Called Update: UpdateRouteCalls = 11, force = False
Called Update: UpdateRouteCalls = 12, force = False
Called Update: UpdateRouteCalls = 13, force = False
Called Update: UpdateRouteCalls = 14, force = False
Called Update: UpdateRouteCalls = 15, force = False
Called Update: UpdateRouteCalls = 16, force = False
Called Update: UpdateRouteCalls = 17, force = False
!! UPDATING !!
routeNo, updatedMCSIndex =  0 [2, 1, 1, 1, 1, 1, 1, 1]
Called Update: UpdateRouteCalls = 0, force = True
!! UPDATING !!
routeNo, updatedMCSIndex =  0 [2, 1, 1, 1, 1, 1, 1, 1]

rf.py: Time: 2038 Route details: {0: {'Route': [0, 1, 2, 3, 4, 5, 6, 7, 8], 'MCS_Index': [2, 1, 1, 1, 1, 1, 1, 1], 'Priority': 1, 'ValidRoute': True, 'HQRoute': True, 'RouteNodeDensity': [0, 0, 0, 0, 0, 2, 0, 0, 0], 'InterferingLinks': 16, 'Target': (-1, -1)}}
Node.py: (Node0)@2038400000000.0: Updated MCS from 2 to 2, hist=deque([1.0, 1.0, 1.0, 1.0, 1.0], maxlen=5), packets_serviced=74, packets_received=74
Called Update: UpdateRouteCalls = 0, force = False
Node.py: (Node1)@2038400000000.0: Updated MCS from 1 to 1, hist=deque([0.0, 0.0, 0.0, 0.0, 0.0], maxlen=5), packets_serviced=0, packets_received=74
Called Update: UpdateRouteCalls = 1, force = False
Called Update: UpdateRouteCalls = 2, force = False
Called Update: UpdateRouteCalls = 3, force = False
Called Update: UpdateRouteCalls = 4, force = False
Called Update: UpdateRouteCalls = 5, force = False
Called Update: UpdateRouteCalls = 6, force = False
Called Update: UpdateRouteCalls = 7, force = False
Called Update: UpdateRouteCalls = 8, force = False
Called Update: UpdateRouteCalls = 9, force = False
Called Update: UpdateRouteCalls = 10, force = False
Called Update: UpdateRouteCalls = 11, force = False
Called Update: UpdateRouteCalls = 12, force = False
Called Update: UpdateRouteCalls = 13, force = False
Called Update: UpdateRouteCalls = 14, force = False
Called Update: UpdateRouteCalls = 15, force = False
Called Update: UpdateRouteCalls = 16, force = False
Called Update: UpdateRouteCalls = 17, force = False
!! UPDATING !!
routeNo, updatedMCSIndex =  0 [2, 1, 1, 1, 1, 1, 1, 1]
Node.py: (Node0)@2038800000000.0: Updated MCS from 2 to 2, hist=deque([1.0, 1.0, 1.0, 1.0, 1.0], maxlen=5), packets_serviced=73, packets_received=73
Called Update: UpdateRouteCalls = 0, force = False
Node.py: (Node1)@2038800000000.0: Updated MCS from 1 to 1, hist=deque([0.0, 0.0, 0.0, 0.0, 0.0], maxlen=5), packets_serviced=0, packets_received=73
Called Update: UpdateRouteCalls = 1, force = False
Called Update: UpdateRouteCalls = 2, force = False
Called Update: UpdateRouteCalls = 3, force = False
Called Update: UpdateRouteCalls = 4, force = False
Called Update: UpdateRouteCalls = 5, force = False
Called Update: UpdateRouteCalls = 6, force = False
Called Update: UpdateRouteCalls = 7, force = False
Called Update: UpdateRouteCalls = 8, force = False
Called Update: UpdateRouteCalls = 9, force = False
Called Update: UpdateRouteCalls = 10, force = False
Called Update: UpdateRouteCalls = 11, force = False
Called Update: UpdateRouteCalls = 12, force = False
Called Update: UpdateRouteCalls = 13, force = False
Called Update: UpdateRouteCalls = 14, force = False
Called Update: UpdateRouteCalls = 15, force = False
Called Update: UpdateRouteCalls = 16, force = False
Called Update: UpdateRouteCalls = 17, force = False
!! UPDATING !!
routeNo, updatedMCSIndex =  0 [2, 1, 1, 1, 1, 1, 1, 1]
main.py: Progress: 2039 / 2104
Called Update: UpdateRouteCalls = 0, force = True
!! UPDATING !!
routeNo, updatedMCSIndex =  0 [2, 1, 1, 1, 1, 1, 1, 1]

rf.py: Time: 2039 Route details: {0: {'Route': [0, 1, 2, 3, 4, 5, 6, 7, 8], 'MCS_Index': [2, 1, 1, 1, 1, 1, 1, 1], 'Priority': 1, 'ValidRoute': True, 'HQRoute': True, 'RouteNodeDensity': [0, 0, 0, 0, 0, 2, 0, 0, 0], 'InterferingLinks': 16, 'Target': (-1, -1)}}
Node.py: (Node0)@2039200000000.0: Updated MCS from 2 to 2, hist=deque([1.0, 1.0, 1.0, 1.0, 1.0], maxlen=5), packets_serviced=73, packets_received=73
Called Update: UpdateRouteCalls = 0, force = False
Node.py: (Node1)@2039200000000.0: Updated MCS from 1 to 1, hist=deque([0.0, 0.0, 0.0, 0.0, 0.0], maxlen=5), packets_serviced=0, packets_received=73
Called Update: UpdateRouteCalls = 1, force = False
Called Update: UpdateRouteCalls = 2, force = False
Called Update: UpdateRouteCalls = 3, force = False
Called Update: UpdateRouteCalls = 4, force = False
Called Update: UpdateRouteCalls = 5, force = False
Called Update: UpdateRouteCalls = 6, force = False
Called Update: UpdateRouteCalls = 7, force = False
Called Update: UpdateRouteCalls = 8, force = False
Called Update: UpdateRouteCalls = 9, force = False
Called Update: UpdateRouteCalls = 10, force = False
Called Update: UpdateRouteCalls = 11, force = False
Called Update: UpdateRouteCalls = 12, force = False
Called Update: UpdateRouteCalls = 13, force = False
Called Update: UpdateRouteCalls = 14, force = False
Called Update: UpdateRouteCalls = 15, force = False
Called Update: UpdateRouteCalls = 16, force = False
Called Update: UpdateRouteCalls = 17, force = False
!! UPDATING !!
routeNo, updatedMCSIndex =  0 [2, 1, 1, 1, 1, 1, 1, 1]
Node.py: (Node0)@2039600000000.0: Updated MCS from 2 to 2, hist=deque([1.0, 1.0, 1.0, 1.0, 1.0], maxlen=5), packets_serviced=73, packets_received=73
Called Update: UpdateRouteCalls = 0, force = False
Node.py: (Node1)@2039600000000.0: Updated MCS from 1 to 1, hist=deque([0.0, 0.0, 0.0, 0.0, 0.0], maxlen=5), packets_serviced=0, packets_received=73
Called Update: UpdateRouteCalls = 1, force = False
Called Update: UpdateRouteCalls = 2, force = False
Called Update: UpdateRouteCalls = 3, force = False
Called Update: UpdateRouteCalls = 4, force = False
Called Update: UpdateRouteCalls = 5, force = False
Called Update: UpdateRouteCalls = 6, force = False
Called Update: UpdateRouteCalls = 7, force = False
Called Update: UpdateRouteCalls = 8, force = False
Called Update: UpdateRouteCalls = 9, force = False
Called Update: UpdateRouteCalls = 10, force = False
Called Update: UpdateRouteCalls = 11, force = False
Called Update: UpdateRouteCalls = 12, force = False
Called Update: UpdateRouteCalls = 13, force = False
Called Update: UpdateRouteCalls = 14, force = False
Called Update: UpdateRouteCalls = 15, force = False
Called Update: UpdateRouteCalls = 16, force = False
Called Update: UpdateRouteCalls = 17, force = False
!! UPDATING !!
routeNo, updatedMCSIndex =  0 [2, 1, 1, 1, 1, 1, 1, 1]
main.py: Progress: 2040 / 2104
Node.py: (Node0)@2040000000000.0: Updated MCS from 2 to 2, hist=deque([1.0, 1.0, 1.0, 1.0, 0.9864864864864865], maxlen=5), packets_serviced=73, packets_received=74
Called Update: UpdateRouteCalls = 0, force = False
Node.py: (Node1)@2040000000000.0: Updated MCS from 1 to 1, hist=deque([0.0, 0.0, 0.0, 0.0, 0.0], maxlen=5), packets_serviced=0, packets_received=73
Called Update: UpdateRouteCalls = 1, force = False
Called Update: UpdateRouteCalls = 2, force = False
Called Update: UpdateRouteCalls = 3, force = False
Called Update: UpdateRouteCalls = 4, force = False
Called Update: UpdateRouteCalls = 5, force = False
Called Update: UpdateRouteCalls = 6, force = False
Called Update: UpdateRouteCalls = 7, force = False
Called Update: UpdateRouteCalls = 8, force = False
Called Update: UpdateRouteCalls = 9, force = False
Called Update: UpdateRouteCalls = 10, force = False
Called Update: UpdateRouteCalls = 11, force = False
Called Update: UpdateRouteCalls = 12, force = False
Called Update: UpdateRouteCalls = 13, force = False
Called Update: UpdateRouteCalls = 14, force = False
Called Update: UpdateRouteCalls = 15, force = False
Called Update: UpdateRouteCalls = 16, force = False
Called Update: UpdateRouteCalls = 17, force = False
!! UPDATING !!
routeNo, updatedMCSIndex =  0 [2, 1, 1, 1, 1, 1, 1, 1]
Called Update: UpdateRouteCalls = 0, force = True
!! UPDATING !!
routeNo, updatedMCSIndex =  0 [2, 1, 1, 1, 1, 1, 1, 1]

rf.py: Time: 2040 Route details: {0: {'Route': [0, 1, 2, 3, 4, 5, 6, 7, 8], 'MCS_Index': [2, 1, 1, 1, 1, 1, 1, 1], 'Priority': 1, 'ValidRoute': True, 'HQRoute': True, 'RouteNodeDensity': [0, 0, 0, 0, 0, 2, 0, 0, 0], 'InterferingLinks': 16, 'Target': (-1, -1)}}
Node.py: (Node0)@2040400000000.0: Updated MCS from 2 to 2, hist=deque([1.0, 1.0, 1.0, 0.9864864864864865, 1.0136986301369864], maxlen=5), packets_serviced=74, packets_received=73
Called Update: UpdateRouteCalls = 0, force = False
Node.py: (Node1)@2040400000000.0: Updated MCS from 1 to 1, hist=deque([0.0, 0.0, 0.0, 0.0, 0.0], maxlen=5), packets_serviced=0, packets_received=74
Called Update: UpdateRouteCalls = 1, force = False
Called Update: UpdateRouteCalls = 2, force = False
Called Update: UpdateRouteCalls = 3, force = False
Called Update: UpdateRouteCalls = 4, force = False
Called Update: UpdateRouteCalls = 5, force = False
Called Update: UpdateRouteCalls = 6, force = False
Called Update: UpdateRouteCalls = 7, force = False
Called Update: UpdateRouteCalls = 8, force = False
Called Update: UpdateRouteCalls = 9, force = False
Called Update: UpdateRouteCalls = 10, force = False
Called Update: UpdateRouteCalls = 11, force = False
Called Update: UpdateRouteCalls = 12, force = False
Called Update: UpdateRouteCalls = 13, force = False
Called Update: UpdateRouteCalls = 14, force = False
Called Update: UpdateRouteCalls = 15, force = False
Called Update: UpdateRouteCalls = 16, force = False
Called Update: UpdateRouteCalls = 17, force = False
!! UPDATING !!
routeNo, updatedMCSIndex =  0 [2, 1, 1, 1, 1, 1, 1, 1]
Node.py: (Node0)@2040800000000.0: Updated MCS from 2 to 2, hist=deque([1.0, 1.0, 0.9864864864864865, 1.0136986301369864, 1.0], maxlen=5), packets_serviced=73, packets_received=73
Called Update: UpdateRouteCalls = 0, force = False
Node.py: (Node1)@2040800000000.0: Updated MCS from 1 to 1, hist=deque([0.0, 0.0, 0.0, 0.0, 0.0], maxlen=5), packets_serviced=0, packets_received=73
Called Update: UpdateRouteCalls = 1, force = False
Called Update: UpdateRouteCalls = 2, force = False
Called Update: UpdateRouteCalls = 3, force = False
Called Update: UpdateRouteCalls = 4, force = False
Called Update: UpdateRouteCalls = 5, force = False
Called Update: UpdateRouteCalls = 6, force = False
Called Update: UpdateRouteCalls = 7, force = False
Called Update: UpdateRouteCalls = 8, force = False
Called Update: UpdateRouteCalls = 9, force = False
Called Update: UpdateRouteCalls = 10, force = False
Called Update: UpdateRouteCalls = 11, force = False
Called Update: UpdateRouteCalls = 12, force = False
Called Update: UpdateRouteCalls = 13, force = False
Called Update: UpdateRouteCalls = 14, force = False
Called Update: UpdateRouteCalls = 15, force = False
Called Update: UpdateRouteCalls = 16, force = False
Called Update: UpdateRouteCalls = 17, force = False
!! UPDATING !!
routeNo, updatedMCSIndex =  0 [2, 1, 1, 1, 1, 1, 1, 1]
main.py: Progress: 2041 / 2104
Called Update: UpdateRouteCalls = 0, force = True
!! UPDATING !!
routeNo, updatedMCSIndex =  0 [2, 1, 1, 1, 1, 1, 1, 1]

rf.py: Time: 2041 Route details: {0: {'Route': [0, 1, 2, 3, 4, 5, 6, 7, 8], 'MCS_Index': [2, 1, 1, 1, 1, 1, 1, 1], 'Priority': 1, 'ValidRoute': True, 'HQRoute': True, 'RouteNodeDensity': [0, 0, 0, 0, 0, 2, 0, 0, 0], 'InterferingLinks': 16, 'Target': (-1, -1)}}
Node.py: (Node0)@2041200000000.0: Updated MCS from 2 to 2, hist=deque([1.0, 0.9864864864864865, 1.0136986301369864, 1.0, 1.0], maxlen=5), packets_serviced=73, packets_received=73
Called Update: UpdateRouteCalls = 0, force = False
Node.py: (Node1)@2041200000000.0: Updated MCS from 1 to 1, hist=deque([0.0, 0.0, 0.0, 0.0, 0.0], maxlen=5), packets_serviced=0, packets_received=73
Called Update: UpdateRouteCalls = 1, force = False
Called Update: UpdateRouteCalls = 2, force = False
Called Update: UpdateRouteCalls = 3, force = False
Called Update: UpdateRouteCalls = 4, force = False
Called Update: UpdateRouteCalls = 5, force = False
Called Update: UpdateRouteCalls = 6, force = False
Called Update: UpdateRouteCalls = 7, force = False
Called Update: UpdateRouteCalls = 8, force = False
Called Update: UpdateRouteCalls = 9, force = False
Called Update: UpdateRouteCalls = 10, force = False
Called Update: UpdateRouteCalls = 11, force = False
Called Update: UpdateRouteCalls = 12, force = False
Called Update: UpdateRouteCalls = 13, force = False
Called Update: UpdateRouteCalls = 14, force = False
Called Update: UpdateRouteCalls = 15, force = False
Called Update: UpdateRouteCalls = 16, force = False
Called Update: UpdateRouteCalls = 17, force = False
!! UPDATING !!
routeNo, updatedMCSIndex =  0 [2, 1, 1, 1, 1, 1, 1, 1]
Node.py: (Node0)@2041600000000.0: Updated MCS from 2 to 2, hist=deque([0.9864864864864865, 1.0136986301369864, 1.0, 1.0, 1.0], maxlen=5), packets_serviced=73, packets_received=73
Called Update: UpdateRouteCalls = 0, force = False
Node.py: (Node1)@2041600000000.0: Updated MCS from 1 to 1, hist=deque([0.0, 0.0, 0.0, 0.0, 0.0], maxlen=5), packets_serviced=0, packets_received=73
Called Update: UpdateRouteCalls = 1, force = False
Called Update: UpdateRouteCalls = 2, force = False
Called Update: UpdateRouteCalls = 3, force = False
Called Update: UpdateRouteCalls = 4, force = False
Called Update: UpdateRouteCalls = 5, force = False
Called Update: UpdateRouteCalls = 6, force = False
Called Update: UpdateRouteCalls = 7, force = False
Called Update: UpdateRouteCalls = 8, force = False
Called Update: UpdateRouteCalls = 9, force = False
Called Update: UpdateRouteCalls = 10, force = False
Called Update: UpdateRouteCalls = 11, force = False
Called Update: UpdateRouteCalls = 12, force = False
Called Update: UpdateRouteCalls = 13, force = False
Called Update: UpdateRouteCalls = 14, force = False
Called Update: UpdateRouteCalls = 15, force = False
Called Update: UpdateRouteCalls = 16, force = False
Called Update: UpdateRouteCalls = 17, force = False
!! UPDATING !!
routeNo, updatedMCSIndex =  0 [2, 1, 1, 1, 1, 1, 1, 1]
main.py: Progress: 2042 / 2104
Node.py: (Node0)@2042000000000.0: Updated MCS from 2 to 2, hist=deque([1.0136986301369864, 1.0, 1.0, 1.0, 0.9864864864864865], maxlen=5), packets_serviced=73, packets_received=74
Called Update: UpdateRouteCalls = 0, force = False
Node.py: (Node1)@2042000000000.0: Updated MCS from 1 to 1, hist=deque([0.0, 0.0, 0.0, 0.0, 0.0], maxlen=5), packets_serviced=0, packets_received=73
Called Update: UpdateRouteCalls = 1, force = False
Called Update: UpdateRouteCalls = 2, force = False
Called Update: UpdateRouteCalls = 3, force = False
Called Update: UpdateRouteCalls = 4, force = False
Called Update: UpdateRouteCalls = 5, force = False
Called Update: UpdateRouteCalls = 6, force = False
Called Update: UpdateRouteCalls = 7, force = False
Called Update: UpdateRouteCalls = 8, force = False
Called Update: UpdateRouteCalls = 9, force = False
Called Update: UpdateRouteCalls = 10, force = False
Called Update: UpdateRouteCalls = 11, force = False
Called Update: UpdateRouteCalls = 12, force = False
Called Update: UpdateRouteCalls = 13, force = False
Called Update: UpdateRouteCalls = 14, force = False
Called Update: UpdateRouteCalls = 15, force = False
Called Update: UpdateRouteCalls = 16, force = False
Called Update: UpdateRouteCalls = 17, force = False
!! UPDATING !!
routeNo, updatedMCSIndex =  0 [2, 1, 1, 1, 1, 1, 1, 1]
Called Update: UpdateRouteCalls = 0, force = True
!! UPDATING !!
routeNo, updatedMCSIndex =  0 [2, 1, 1, 1, 1, 1, 1, 1]

rf.py: Time: 2042 Route details: {0: {'Route': [0, 1, 2, 3, 4, 5, 6, 7, 8], 'MCS_Index': [2, 1, 1, 1, 1, 1, 1, 1], 'Priority': 1, 'ValidRoute': True, 'HQRoute': True, 'RouteNodeDensity': [0, 0, 0, 0, 0, 2, 0, 0, 0], 'InterferingLinks': 16, 'Target': (-1, -1)}}
Node.py: (Node0)@2042400000000.0: Updated MCS from 2 to 2, hist=deque([1.0, 1.0, 1.0, 0.9864864864864865, 1.0136986301369864], maxlen=5), packets_serviced=74, packets_received=73
Called Update: UpdateRouteCalls = 0, force = False
Node.py: (Node1)@2042400000000.0: Updated MCS from 1 to 1, hist=deque([0.0, 0.0, 0.0, 0.0, 0.0], maxlen=5), packets_serviced=0, packets_received=74
Called Update: UpdateRouteCalls = 1, force = False
Called Update: UpdateRouteCalls = 2, force = False
Called Update: UpdateRouteCalls = 3, force = False
Called Update: UpdateRouteCalls = 4, force = False
Called Update: UpdateRouteCalls = 5, force = False
Called Update: UpdateRouteCalls = 6, force = False
Called Update: UpdateRouteCalls = 7, force = False
Called Update: UpdateRouteCalls = 8, force = False
Called Update: UpdateRouteCalls = 9, force = False
Called Update: UpdateRouteCalls = 10, force = False
Called Update: UpdateRouteCalls = 11, force = False
Called Update: UpdateRouteCalls = 12, force = False
Called Update: UpdateRouteCalls = 13, force = False
Called Update: UpdateRouteCalls = 14, force = False
Called Update: UpdateRouteCalls = 15, force = False
Called Update: UpdateRouteCalls = 16, force = False
Called Update: UpdateRouteCalls = 17, force = False
!! UPDATING !!
routeNo, updatedMCSIndex =  0 [2, 1, 1, 1, 1, 1, 1, 1]
Node.py: (Node0)@2042800000000.0: Updated MCS from 2 to 2, hist=deque([1.0, 1.0, 0.9864864864864865, 1.0136986301369864, 1.0], maxlen=5), packets_serviced=73, packets_received=73
Called Update: UpdateRouteCalls = 0, force = False
Node.py: (Node1)@2042800000000.0: Updated MCS from 1 to 1, hist=deque([0.0, 0.0, 0.0, 0.0, 0.0], maxlen=5), packets_serviced=0, packets_received=73
Called Update: UpdateRouteCalls = 1, force = False
Called Update: UpdateRouteCalls = 2, force = False
Called Update: UpdateRouteCalls = 3, force = False
Called Update: UpdateRouteCalls = 4, force = False
Called Update: UpdateRouteCalls = 5, force = False
Called Update: UpdateRouteCalls = 6, force = False
Called Update: UpdateRouteCalls = 7, force = False
Called Update: UpdateRouteCalls = 8, force = False
Called Update: UpdateRouteCalls = 9, force = False
Called Update: UpdateRouteCalls = 10, force = False
Called Update: UpdateRouteCalls = 11, force = False
Called Update: UpdateRouteCalls = 12, force = False
Called Update: UpdateRouteCalls = 13, force = False
Called Update: UpdateRouteCalls = 14, force = False
Called Update: UpdateRouteCalls = 15, force = False
Called Update: UpdateRouteCalls = 16, force = False
Called Update: UpdateRouteCalls = 17, force = False
!! UPDATING !!
routeNo, updatedMCSIndex =  0 [2, 1, 1, 1, 1, 1, 1, 1]
main.py: Progress: 2043 / 2104
Called Update: UpdateRouteCalls = 0, force = True
!! UPDATING !!
routeNo, updatedMCSIndex =  0 [2, 1, 1, 1, 1, 1, 1, 1]

rf.py: Time: 2043 Route details: {0: {'Route': [0, 1, 2, 3, 4, 5, 6, 7, 8], 'MCS_Index': [2, 1, 1, 1, 1, 1, 1, 1], 'Priority': 1, 'ValidRoute': True, 'HQRoute': True, 'RouteNodeDensity': [0, 0, 0, 0, 0, 2, 0, 0, 0], 'InterferingLinks': 16, 'Target': (-1, -1)}}
Node.py: (Node0)@2043200000000.0: Updated MCS from 2 to 2, hist=deque([1.0, 0.9864864864864865, 1.0136986301369864, 1.0, 1.0], maxlen=5), packets_serviced=73, packets_received=73
Called Update: UpdateRouteCalls = 0, force = False
Node.py: (Node1)@2043200000000.0: Updated MCS from 1 to 1, hist=deque([0.0, 0.0, 0.0, 0.0, 0.0], maxlen=5), packets_serviced=0, packets_received=73
Called Update: UpdateRouteCalls = 1, force = False
Called Update: UpdateRouteCalls = 2, force = False
Called Update: UpdateRouteCalls = 3, force = False
Called Update: UpdateRouteCalls = 4, force = False
Called Update: UpdateRouteCalls = 5, force = False
Called Update: UpdateRouteCalls = 6, force = False
Called Update: UpdateRouteCalls = 7, force = False
Called Update: UpdateRouteCalls = 8, force = False
Called Update: UpdateRouteCalls = 9, force = False
Called Update: UpdateRouteCalls = 10, force = False
Called Update: UpdateRouteCalls = 11, force = False
Called Update: UpdateRouteCalls = 12, force = False
Called Update: UpdateRouteCalls = 13, force = False
Called Update: UpdateRouteCalls = 14, force = False
Called Update: UpdateRouteCalls = 15, force = False
Called Update: UpdateRouteCalls = 16, force = False
Called Update: UpdateRouteCalls = 17, force = False
!! UPDATING !!
routeNo, updatedMCSIndex =  0 [2, 1, 1, 1, 1, 1, 1, 1]
Node.py: (Node0)@2043600000000.0: Updated MCS from 2 to 2, hist=deque([0.9864864864864865, 1.0136986301369864, 1.0, 1.0, 1.0], maxlen=5), packets_serviced=73, packets_received=73
Called Update: UpdateRouteCalls = 0, force = False
Node.py: (Node1)@2043600000000.0: Updated MCS from 1 to 1, hist=deque([0.0, 0.0, 0.0, 0.0, 0.0], maxlen=5), packets_serviced=0, packets_received=73
Called Update: UpdateRouteCalls = 1, force = False
Called Update: UpdateRouteCalls = 2, force = False
Called Update: UpdateRouteCalls = 3, force = False
Called Update: UpdateRouteCalls = 4, force = False
Called Update: UpdateRouteCalls = 5, force = False
Called Update: UpdateRouteCalls = 6, force = False
Called Update: UpdateRouteCalls = 7, force = False
Called Update: UpdateRouteCalls = 8, force = False
Called Update: UpdateRouteCalls = 9, force = False
Called Update: UpdateRouteCalls = 10, force = False
Called Update: UpdateRouteCalls = 11, force = False
Called Update: UpdateRouteCalls = 12, force = False
Called Update: UpdateRouteCalls = 13, force = False
Called Update: UpdateRouteCalls = 14, force = False
Called Update: UpdateRouteCalls = 15, force = False
Called Update: UpdateRouteCalls = 16, force = False
Called Update: UpdateRouteCalls = 17, force = False
!! UPDATING !!
routeNo, updatedMCSIndex =  0 [2, 1, 1, 1, 1, 1, 1, 1]
main.py: Progress: 2044 / 2104
Node.py: (Node0)@2044000000000.0: Updated MCS from 2 to 2, hist=deque([1.0136986301369864, 1.0, 1.0, 1.0, 0.9864864864864865], maxlen=5), packets_serviced=73, packets_received=74
Called Update: UpdateRouteCalls = 0, force = False
Node.py: (Node1)@2044000000000.0: Updated MCS from 1 to 1, hist=deque([0.0, 0.0, 0.0, 0.0, 0.0], maxlen=5), packets_serviced=0, packets_received=73
Called Update: UpdateRouteCalls = 1, force = False
Called Update: UpdateRouteCalls = 2, force = False
Called Update: UpdateRouteCalls = 3, force = False
Called Update: UpdateRouteCalls = 4, force = False
Called Update: UpdateRouteCalls = 5, force = False
Called Update: UpdateRouteCalls = 6, force = False
Called Update: UpdateRouteCalls = 7, force = False
Called Update: UpdateRouteCalls = 8, force = False
Called Update: UpdateRouteCalls = 9, force = False
Called Update: UpdateRouteCalls = 10, force = False
Called Update: UpdateRouteCalls = 11, force = False
Called Update: UpdateRouteCalls = 12, force = False
Called Update: UpdateRouteCalls = 13, force = False
Called Update: UpdateRouteCalls = 14, force = False
Called Update: UpdateRouteCalls = 15, force = False
Called Update: UpdateRouteCalls = 16, force = False
Called Update: UpdateRouteCalls = 17, force = False
!! UPDATING !!
routeNo, updatedMCSIndex =  0 [2, 1, 1, 1, 1, 1, 1, 1]
Called Update: UpdateRouteCalls = 0, force = True
!! UPDATING !!
routeNo, updatedMCSIndex =  0 [2, 1, 1, 1, 1, 1, 1, 1]

rf.py: Time: 2044 Route details: {0: {'Route': [0, 1, 2, 3, 4, 5, 6, 7, 8], 'MCS_Index': [2, 1, 1, 1, 1, 1, 1, 1], 'Priority': 1, 'ValidRoute': True, 'HQRoute': True, 'RouteNodeDensity': [0, 0, 0, 0, 0, 2, 0, 0, 0], 'InterferingLinks': 16, 'Target': (-1, -1)}}
Node.py: (Node0)@2044400000000.0: Updated MCS from 2 to 2, hist=deque([1.0, 1.0, 1.0, 0.9864864864864865, 1.0136986301369864], maxlen=5), packets_serviced=74, packets_received=73
Called Update: UpdateRouteCalls = 0, force = False
Node.py: (Node1)@2044400000000.0: Updated MCS from 1 to 1, hist=deque([0.0, 0.0, 0.0, 0.0, 0.0], maxlen=5), packets_serviced=0, packets_received=74
Called Update: UpdateRouteCalls = 1, force = False
Called Update: UpdateRouteCalls = 2, force = False
Called Update: UpdateRouteCalls = 3, force = False
Called Update: UpdateRouteCalls = 4, force = False
Called Update: UpdateRouteCalls = 5, force = False
Called Update: UpdateRouteCalls = 6, force = False
Called Update: UpdateRouteCalls = 7, force = False
Called Update: UpdateRouteCalls = 8, force = False
Called Update: UpdateRouteCalls = 9, force = False
Called Update: UpdateRouteCalls = 10, force = False
Called Update: UpdateRouteCalls = 11, force = False
Called Update: UpdateRouteCalls = 12, force = False
Called Update: UpdateRouteCalls = 13, force = False
Called Update: UpdateRouteCalls = 14, force = False
Called Update: UpdateRouteCalls = 15, force = False
Called Update: UpdateRouteCalls = 16, force = False
Called Update: UpdateRouteCalls = 17, force = False
!! UPDATING !!
routeNo, updatedMCSIndex =  0 [2, 1, 1, 1, 1, 1, 1, 1]
Node.py: (Node0)@2044800000000.0: Updated MCS from 2 to 2, hist=deque([1.0, 1.0, 0.9864864864864865, 1.0136986301369864, 1.0], maxlen=5), packets_serviced=73, packets_received=73
Called Update: UpdateRouteCalls = 0, force = False
Node.py: (Node1)@2044800000000.0: Updated MCS from 1 to 1, hist=deque([0.0, 0.0, 0.0, 0.0, 0.0], maxlen=5), packets_serviced=0, packets_received=73
Called Update: UpdateRouteCalls = 1, force = False
Called Update: UpdateRouteCalls = 2, force = False
Called Update: UpdateRouteCalls = 3, force = False
Called Update: UpdateRouteCalls = 4, force = False
Called Update: UpdateRouteCalls = 5, force = False
Called Update: UpdateRouteCalls = 6, force = False
Called Update: UpdateRouteCalls = 7, force = False
Called Update: UpdateRouteCalls = 8, force = False
Called Update: UpdateRouteCalls = 9, force = False
Called Update: UpdateRouteCalls = 10, force = False
Called Update: UpdateRouteCalls = 11, force = False
Called Update: UpdateRouteCalls = 12, force = False
Called Update: UpdateRouteCalls = 13, force = False
Called Update: UpdateRouteCalls = 14, force = False
Called Update: UpdateRouteCalls = 15, force = False
Called Update: UpdateRouteCalls = 16, force = False
Called Update: UpdateRouteCalls = 17, force = False
!! UPDATING !!
routeNo, updatedMCSIndex =  0 [2, 1, 1, 1, 1, 1, 1, 1]
main.py: Progress: 2045 / 2104
Called Update: UpdateRouteCalls = 0, force = True
!! UPDATING !!
routeNo, updatedMCSIndex =  0 [2, 1, 1, 1, 1, 1, 1, 1]

rf.py: Time: 2045 Route details: {0: {'Route': [0, 1, 2, 3, 4, 5, 6, 7, 8], 'MCS_Index': [2, 1, 1, 1, 1, 1, 1, 1], 'Priority': 1, 'ValidRoute': True, 'HQRoute': True, 'RouteNodeDensity': [0, 0, 0, 0, 0, 2, 0, 0, 0], 'InterferingLinks': 16, 'Target': (-1, -1)}}
Node.py: (Node0)@2045200000000.0: Updated MCS from 2 to 2, hist=deque([1.0, 0.9864864864864865, 1.0136986301369864, 1.0, 1.0], maxlen=5), packets_serviced=73, packets_received=73
Called Update: UpdateRouteCalls = 0, force = False
Node.py: (Node1)@2045200000000.0: Updated MCS from 1 to 1, hist=deque([0.0, 0.0, 0.0, 0.0, 0.0], maxlen=5), packets_serviced=0, packets_received=73
Called Update: UpdateRouteCalls = 1, force = False
Called Update: UpdateRouteCalls = 2, force = False
Called Update: UpdateRouteCalls = 3, force = False
Called Update: UpdateRouteCalls = 4, force = False
Called Update: UpdateRouteCalls = 5, force = False
Called Update: UpdateRouteCalls = 6, force = False
Called Update: UpdateRouteCalls = 7, force = False
Called Update: UpdateRouteCalls = 8, force = False
Called Update: UpdateRouteCalls = 9, force = False
Called Update: UpdateRouteCalls = 10, force = False
Called Update: UpdateRouteCalls = 11, force = False
Called Update: UpdateRouteCalls = 12, force = False
Called Update: UpdateRouteCalls = 13, force = False
Called Update: UpdateRouteCalls = 14, force = False
Called Update: UpdateRouteCalls = 15, force = False
Called Update: UpdateRouteCalls = 16, force = False
Called Update: UpdateRouteCalls = 17, force = False
!! UPDATING !!
routeNo, updatedMCSIndex =  0 [2, 1, 1, 1, 1, 1, 1, 1]
Node.py: (Node0)@2045600000000.0: Updated MCS from 2 to 2, hist=deque([0.9864864864864865, 1.0136986301369864, 1.0, 1.0, 1.0], maxlen=5), packets_serviced=73, packets_received=73
Called Update: UpdateRouteCalls = 0, force = False
Node.py: (Node1)@2045600000000.0: Updated MCS from 1 to 1, hist=deque([0.0, 0.0, 0.0, 0.0, 0.0], maxlen=5), packets_serviced=0, packets_received=73
Called Update: UpdateRouteCalls = 1, force = False
Called Update: UpdateRouteCalls = 2, force = False
Called Update: UpdateRouteCalls = 3, force = False
Called Update: UpdateRouteCalls = 4, force = False
Called Update: UpdateRouteCalls = 5, force = False
Called Update: UpdateRouteCalls = 6, force = False
Called Update: UpdateRouteCalls = 7, force = False
Called Update: UpdateRouteCalls = 8, force = False
Called Update: UpdateRouteCalls = 9, force = False
Called Update: UpdateRouteCalls = 10, force = False
Called Update: UpdateRouteCalls = 11, force = False
Called Update: UpdateRouteCalls = 12, force = False
Called Update: UpdateRouteCalls = 13, force = False
Called Update: UpdateRouteCalls = 14, force = False
Called Update: UpdateRouteCalls = 15, force = False
Called Update: UpdateRouteCalls = 16, force = False
Called Update: UpdateRouteCalls = 17, force = False
!! UPDATING !!
routeNo, updatedMCSIndex =  0 [2, 1, 1, 1, 1, 1, 1, 1]
main.py: Progress: 2046 / 2104
Node.py: (Node0)@2046000000000.0: Updated MCS from 2 to 2, hist=deque([1.0136986301369864, 1.0, 1.0, 1.0, 1.0], maxlen=5), packets_serviced=74, packets_received=74
Called Update: UpdateRouteCalls = 0, force = False
Node.py: (Node1)@2046000000000.0: Updated MCS from 1 to 1, hist=deque([0.0, 0.0, 0.0, 0.0, 0.0], maxlen=5), packets_serviced=0, packets_received=73
Called Update: UpdateRouteCalls = 1, force = False
Called Update: UpdateRouteCalls = 2, force = False
Called Update: UpdateRouteCalls = 3, force = False
Called Update: UpdateRouteCalls = 4, force = False
Called Update: UpdateRouteCalls = 5, force = False
Called Update: UpdateRouteCalls = 6, force = False
Called Update: UpdateRouteCalls = 7, force = False
Called Update: UpdateRouteCalls = 8, force = False
Called Update: UpdateRouteCalls = 9, force = False
Called Update: UpdateRouteCalls = 10, force = False
Called Update: UpdateRouteCalls = 11, force = False
Called Update: UpdateRouteCalls = 12, force = False
Called Update: UpdateRouteCalls = 13, force = False
Called Update: UpdateRouteCalls = 14, force = False
Called Update: UpdateRouteCalls = 15, force = False
Called Update: UpdateRouteCalls = 16, force = False
Called Update: UpdateRouteCalls = 17, force = False
!! UPDATING !!
routeNo, updatedMCSIndex =  0 [2, 1, 1, 1, 1, 1, 1, 1]
Called Update: UpdateRouteCalls = 0, force = True
!! UPDATING !!
routeNo, updatedMCSIndex =  0 [2, 1, 1, 1, 1, 1, 1, 1]

rf.py: Time: 2046 Route details: {0: {'Route': [0, 1, 2, 3, 4, 5, 6, 7, 8], 'MCS_Index': [2, 1, 1, 1, 1, 1, 1, 1], 'Priority': 1, 'ValidRoute': True, 'HQRoute': True, 'RouteNodeDensity': [0, 0, 0, 0, 0, 2, 0, 0, 0], 'InterferingLinks': 16, 'Target': (-1, -1)}}
Node.py: (Node0)@2046400000000.0: Updated MCS from 2 to 2, hist=deque([1.0, 1.0, 1.0, 1.0, 1.0], maxlen=5), packets_serviced=73, packets_received=73
Called Update: UpdateRouteCalls = 0, force = False
Node.py: (Node1)@2046400000000.0: Updated MCS from 1 to 1, hist=deque([0.0, 0.0, 0.0, 0.0, 0.0], maxlen=5), packets_serviced=0, packets_received=74
Called Update: UpdateRouteCalls = 1, force = False
Called Update: UpdateRouteCalls = 2, force = False
Called Update: UpdateRouteCalls = 3, force = False
Called Update: UpdateRouteCalls = 4, force = False
Called Update: UpdateRouteCalls = 5, force = False
Called Update: UpdateRouteCalls = 6, force = False
Called Update: UpdateRouteCalls = 7, force = False
Called Update: UpdateRouteCalls = 8, force = False
Called Update: UpdateRouteCalls = 9, force = False
Called Update: UpdateRouteCalls = 10, force = False
Called Update: UpdateRouteCalls = 11, force = False
Called Update: UpdateRouteCalls = 12, force = False
Called Update: UpdateRouteCalls = 13, force = False
Called Update: UpdateRouteCalls = 14, force = False
Called Update: UpdateRouteCalls = 15, force = False
Called Update: UpdateRouteCalls = 16, force = False
Called Update: UpdateRouteCalls = 17, force = False
!! UPDATING !!
routeNo, updatedMCSIndex =  0 [2, 1, 1, 1, 1, 1, 1, 1]
Node.py: (Node0)@2046800000000.0: Updated MCS from 2 to 2, hist=deque([1.0, 1.0, 1.0, 1.0, 1.0], maxlen=5), packets_serviced=73, packets_received=73
Called Update: UpdateRouteCalls = 0, force = False
Node.py: (Node1)@2046800000000.0: Updated MCS from 1 to 1, hist=deque([0.0, 0.0, 0.0, 0.0, 0.0], maxlen=5), packets_serviced=0, packets_received=73
Called Update: UpdateRouteCalls = 1, force = False
Called Update: UpdateRouteCalls = 2, force = False
Called Update: UpdateRouteCalls = 3, force = False
Called Update: UpdateRouteCalls = 4, force = False
Called Update: UpdateRouteCalls = 5, force = False
Called Update: UpdateRouteCalls = 6, force = False
Called Update: UpdateRouteCalls = 7, force = False
Called Update: UpdateRouteCalls = 8, force = False
Called Update: UpdateRouteCalls = 9, force = False
Called Update: UpdateRouteCalls = 10, force = False
Called Update: UpdateRouteCalls = 11, force = False
Called Update: UpdateRouteCalls = 12, force = False
Called Update: UpdateRouteCalls = 13, force = False
Called Update: UpdateRouteCalls = 14, force = False
Called Update: UpdateRouteCalls = 15, force = False
Called Update: UpdateRouteCalls = 16, force = False
Called Update: UpdateRouteCalls = 17, force = False
!! UPDATING !!
routeNo, updatedMCSIndex =  0 [2, 1, 1, 1, 1, 1, 1, 1]
main.py: Progress: 2047 / 2104
Called Update: UpdateRouteCalls = 0, force = True
!! UPDATING !!
routeNo, updatedMCSIndex =  0 [2, 1, 1, 1, 1, 1, 1, 1]

rf.py: Time: 2047 Route details: {0: {'Route': [0, 1, 2, 3, 4, 5, 6, 7, 8], 'MCS_Index': [2, 1, 1, 1, 1, 1, 1, 1], 'Priority': 1, 'ValidRoute': True, 'HQRoute': True, 'RouteNodeDensity': [0, 0, 0, 0, 0, 2, 0, 0, 0], 'InterferingLinks': 16, 'Target': (-1, -1)}}
Node.py: (Node0)@2047200000000.0: Updated MCS from 2 to 2, hist=deque([1.0, 1.0, 1.0, 1.0, 1.0], maxlen=5), packets_serviced=73, packets_received=73
Called Update: UpdateRouteCalls = 0, force = False
Node.py: (Node1)@2047200000000.0: Updated MCS from 1 to 1, hist=deque([0.0, 0.0, 0.0, 0.0, 0.0], maxlen=5), packets_serviced=0, packets_received=73
Called Update: UpdateRouteCalls = 1, force = False
Called Update: UpdateRouteCalls = 2, force = False
Called Update: UpdateRouteCalls = 3, force = False
Called Update: UpdateRouteCalls = 4, force = False
Called Update: UpdateRouteCalls = 5, force = False
Called Update: UpdateRouteCalls = 6, force = False
Called Update: UpdateRouteCalls = 7, force = False
Called Update: UpdateRouteCalls = 8, force = False
Called Update: UpdateRouteCalls = 9, force = False
Called Update: UpdateRouteCalls = 10, force = False
Called Update: UpdateRouteCalls = 11, force = False
Called Update: UpdateRouteCalls = 12, force = False
Called Update: UpdateRouteCalls = 13, force = False
Called Update: UpdateRouteCalls = 14, force = False
Called Update: UpdateRouteCalls = 15, force = False
Called Update: UpdateRouteCalls = 16, force = False
Called Update: UpdateRouteCalls = 17, force = False
!! UPDATING !!
routeNo, updatedMCSIndex =  0 [2, 1, 1, 1, 1, 1, 1, 1]
Node.py: (Node0)@2047600000000.0: Updated MCS from 2 to 2, hist=deque([1.0, 1.0, 1.0, 1.0, 1.0], maxlen=5), packets_serviced=73, packets_received=73
Called Update: UpdateRouteCalls = 0, force = False
Node.py: (Node1)@2047600000000.0: Updated MCS from 1 to 1, hist=deque([0.0, 0.0, 0.0, 0.0, 0.0], maxlen=5), packets_serviced=0, packets_received=73
Called Update: UpdateRouteCalls = 1, force = False
Called Update: UpdateRouteCalls = 2, force = False
Called Update: UpdateRouteCalls = 3, force = False
Called Update: UpdateRouteCalls = 4, force = False
Called Update: UpdateRouteCalls = 5, force = False
Called Update: UpdateRouteCalls = 6, force = False
Called Update: UpdateRouteCalls = 7, force = False
Called Update: UpdateRouteCalls = 8, force = False
Called Update: UpdateRouteCalls = 9, force = False
Called Update: UpdateRouteCalls = 10, force = False
Called Update: UpdateRouteCalls = 11, force = False
Called Update: UpdateRouteCalls = 12, force = False
Called Update: UpdateRouteCalls = 13, force = False
Called Update: UpdateRouteCalls = 14, force = False
Called Update: UpdateRouteCalls = 15, force = False
Called Update: UpdateRouteCalls = 16, force = False
Called Update: UpdateRouteCalls = 17, force = False
!! UPDATING !!
routeNo, updatedMCSIndex =  0 [2, 1, 1, 1, 1, 1, 1, 1]
main.py: Progress: 2048 / 2104
Node.py: (Node0)@2048000000000.0: Updated MCS from 2 to 2, hist=deque([1.0, 1.0, 1.0, 1.0, 1.0], maxlen=5), packets_serviced=74, packets_received=74
Called Update: UpdateRouteCalls = 0, force = False
Node.py: (Node1)@2048000000000.0: Updated MCS from 1 to 1, hist=deque([0.0, 0.0, 0.0, 0.0, 0.0], maxlen=5), packets_serviced=0, packets_received=73
Called Update: UpdateRouteCalls = 1, force = False
Called Update: UpdateRouteCalls = 2, force = False
Called Update: UpdateRouteCalls = 3, force = False
Called Update: UpdateRouteCalls = 4, force = False
Called Update: UpdateRouteCalls = 5, force = False
Called Update: UpdateRouteCalls = 6, force = False
Called Update: UpdateRouteCalls = 7, force = False
Called Update: UpdateRouteCalls = 8, force = False
Called Update: UpdateRouteCalls = 9, force = False
Called Update: UpdateRouteCalls = 10, force = False
Called Update: UpdateRouteCalls = 11, force = False
Called Update: UpdateRouteCalls = 12, force = False
Called Update: UpdateRouteCalls = 13, force = False
Called Update: UpdateRouteCalls = 14, force = False
Called Update: UpdateRouteCalls = 15, force = False
Called Update: UpdateRouteCalls = 16, force = False
Called Update: UpdateRouteCalls = 17, force = False
!! UPDATING !!
routeNo, updatedMCSIndex =  0 [2, 1, 1, 1, 1, 1, 1, 1]
Called Update: UpdateRouteCalls = 0, force = True
!! UPDATING !!
routeNo, updatedMCSIndex =  0 [2, 1, 1, 1, 1, 1, 1, 1]

rf.py: Time: 2048 Route details: {0: {'Route': [0, 1, 2, 3, 4, 5, 6, 7, 8], 'MCS_Index': [2, 1, 1, 1, 1, 1, 1, 1], 'Priority': 1, 'ValidRoute': True, 'HQRoute': True, 'RouteNodeDensity': [0, 0, 0, 0, 0, 2, 0, 0, 0], 'InterferingLinks': 16, 'Target': (-1, -1)}}
Node.py: (Node0)@2048400000000.0: Updated MCS from 2 to 2, hist=deque([1.0, 1.0, 1.0, 1.0, 1.0], maxlen=5), packets_serviced=73, packets_received=73
Called Update: UpdateRouteCalls = 0, force = False
Node.py: (Node1)@2048400000000.0: Updated MCS from 1 to 1, hist=deque([0.0, 0.0, 0.0, 0.0, 0.0], maxlen=5), packets_serviced=0, packets_received=74
Called Update: UpdateRouteCalls = 1, force = False
Called Update: UpdateRouteCalls = 2, force = False
Called Update: UpdateRouteCalls = 3, force = False
Called Update: UpdateRouteCalls = 4, force = False
Called Update: UpdateRouteCalls = 5, force = False
Called Update: UpdateRouteCalls = 6, force = False
Called Update: UpdateRouteCalls = 7, force = False
Called Update: UpdateRouteCalls = 8, force = False
Called Update: UpdateRouteCalls = 9, force = False
Called Update: UpdateRouteCalls = 10, force = False
Called Update: UpdateRouteCalls = 11, force = False
Called Update: UpdateRouteCalls = 12, force = False
Called Update: UpdateRouteCalls = 13, force = False
Called Update: UpdateRouteCalls = 14, force = False
Called Update: UpdateRouteCalls = 15, force = False
Called Update: UpdateRouteCalls = 16, force = False
Called Update: UpdateRouteCalls = 17, force = False
!! UPDATING !!
routeNo, updatedMCSIndex =  0 [2, 1, 1, 1, 1, 1, 1, 1]
Node.py: (Node0)@2048800000000.0: Updated MCS from 2 to 2, hist=deque([1.0, 1.0, 1.0, 1.0, 1.0], maxlen=5), packets_serviced=73, packets_received=73
Called Update: UpdateRouteCalls = 0, force = False
Node.py: (Node1)@2048800000000.0: Updated MCS from 1 to 1, hist=deque([0.0, 0.0, 0.0, 0.0, 0.0], maxlen=5), packets_serviced=0, packets_received=73
Called Update: UpdateRouteCalls = 1, force = False
Called Update: UpdateRouteCalls = 2, force = False
Called Update: UpdateRouteCalls = 3, force = False
Called Update: UpdateRouteCalls = 4, force = False
Called Update: UpdateRouteCalls = 5, force = False
Called Update: UpdateRouteCalls = 6, force = False
Called Update: UpdateRouteCalls = 7, force = False
Called Update: UpdateRouteCalls = 8, force = False
Called Update: UpdateRouteCalls = 9, force = False
Called Update: UpdateRouteCalls = 10, force = False
Called Update: UpdateRouteCalls = 11, force = False
Called Update: UpdateRouteCalls = 12, force = False
Called Update: UpdateRouteCalls = 13, force = False
Called Update: UpdateRouteCalls = 14, force = False
Called Update: UpdateRouteCalls = 15, force = False
Called Update: UpdateRouteCalls = 16, force = False
Called Update: UpdateRouteCalls = 17, force = False
!! UPDATING !!
routeNo, updatedMCSIndex =  0 [2, 1, 1, 1, 1, 1, 1, 1]
main.py: Progress: 2049 / 2104
Called Update: UpdateRouteCalls = 0, force = True
!! UPDATING !!
routeNo, updatedMCSIndex =  0 [2, 1, 1, 1, 1, 1, 1, 1]

rf.py: Time: 2049 Route details: {0: {'Route': [0, 1, 2, 3, 4, 5, 6, 7, 8], 'MCS_Index': [2, 1, 1, 1, 1, 1, 1, 1], 'Priority': 1, 'ValidRoute': True, 'HQRoute': True, 'RouteNodeDensity': [0, 0, 0, 0, 0, 2, 0, 0, 0], 'InterferingLinks': 16, 'Target': (-1, -1)}}
Node.py: (Node0)@2049200000000.0: Updated MCS from 2 to 2, hist=deque([1.0, 1.0, 1.0, 1.0, 1.0], maxlen=5), packets_serviced=73, packets_received=73
Called Update: UpdateRouteCalls = 0, force = False
Node.py: (Node1)@2049200000000.0: Updated MCS from 1 to 1, hist=deque([0.0, 0.0, 0.0, 0.0, 0.0], maxlen=5), packets_serviced=0, packets_received=73
Called Update: UpdateRouteCalls = 1, force = False
Called Update: UpdateRouteCalls = 2, force = False
Called Update: UpdateRouteCalls = 3, force = False
Called Update: UpdateRouteCalls = 4, force = False
Called Update: UpdateRouteCalls = 5, force = False
Called Update: UpdateRouteCalls = 6, force = False
Called Update: UpdateRouteCalls = 7, force = False
Called Update: UpdateRouteCalls = 8, force = False
Called Update: UpdateRouteCalls = 9, force = False
Called Update: UpdateRouteCalls = 10, force = False
Called Update: UpdateRouteCalls = 11, force = False
Called Update: UpdateRouteCalls = 12, force = False
Called Update: UpdateRouteCalls = 13, force = False
Called Update: UpdateRouteCalls = 14, force = False
Called Update: UpdateRouteCalls = 15, force = False
Called Update: UpdateRouteCalls = 16, force = False
Called Update: UpdateRouteCalls = 17, force = False
!! UPDATING !!
routeNo, updatedMCSIndex =  0 [2, 1, 1, 1, 1, 1, 1, 1]
Node.py: (Node0)@2049600000000.0: Updated MCS from 2 to 2, hist=deque([1.0, 1.0, 1.0, 1.0, 1.0], maxlen=5), packets_serviced=73, packets_received=73
Called Update: UpdateRouteCalls = 0, force = False
Node.py: (Node1)@2049600000000.0: Updated MCS from 1 to 1, hist=deque([0.0, 0.0, 0.0, 0.0, 0.0], maxlen=5), packets_serviced=0, packets_received=73
Called Update: UpdateRouteCalls = 1, force = False
Called Update: UpdateRouteCalls = 2, force = False
Called Update: UpdateRouteCalls = 3, force = False
Called Update: UpdateRouteCalls = 4, force = False
Called Update: UpdateRouteCalls = 5, force = False
Called Update: UpdateRouteCalls = 6, force = False
Called Update: UpdateRouteCalls = 7, force = False
Called Update: UpdateRouteCalls = 8, force = False
Called Update: UpdateRouteCalls = 9, force = False
Called Update: UpdateRouteCalls = 10, force = False
Called Update: UpdateRouteCalls = 11, force = False
Called Update: UpdateRouteCalls = 12, force = False
Called Update: UpdateRouteCalls = 13, force = False
Called Update: UpdateRouteCalls = 14, force = False
Called Update: UpdateRouteCalls = 15, force = False
Called Update: UpdateRouteCalls = 16, force = False
Called Update: UpdateRouteCalls = 17, force = False
!! UPDATING !!
routeNo, updatedMCSIndex =  0 [2, 1, 1, 1, 1, 1, 1, 1]
main.py: Progress: 2050 / 2104
Node.py: (Node0)@2050000000000.0: Updated MCS from 2 to 2, hist=deque([1.0, 1.0, 1.0, 1.0, 0.9864864864864865], maxlen=5), packets_serviced=73, packets_received=74
Called Update: UpdateRouteCalls = 0, force = False
Node.py: (Node1)@2050000000000.0: Updated MCS from 1 to 1, hist=deque([0.0, 0.0, 0.0, 0.0, 0.0], maxlen=5), packets_serviced=0, packets_received=73
Called Update: UpdateRouteCalls = 1, force = False
Called Update: UpdateRouteCalls = 2, force = False
Called Update: UpdateRouteCalls = 3, force = False
Called Update: UpdateRouteCalls = 4, force = False
Called Update: UpdateRouteCalls = 5, force = False
Called Update: UpdateRouteCalls = 6, force = False
Called Update: UpdateRouteCalls = 7, force = False
Called Update: UpdateRouteCalls = 8, force = False
Called Update: UpdateRouteCalls = 9, force = False
Called Update: UpdateRouteCalls = 10, force = False
Called Update: UpdateRouteCalls = 11, force = False
Called Update: UpdateRouteCalls = 12, force = False
Called Update: UpdateRouteCalls = 13, force = False
Called Update: UpdateRouteCalls = 14, force = False
Called Update: UpdateRouteCalls = 15, force = False
Called Update: UpdateRouteCalls = 16, force = False
Called Update: UpdateRouteCalls = 17, force = False
!! UPDATING !!
routeNo, updatedMCSIndex =  0 [2, 1, 1, 1, 1, 1, 1, 1]
Called Update: UpdateRouteCalls = 0, force = True
!! UPDATING !!
routeNo, updatedMCSIndex =  0 [2, 1, 1, 1, 1, 1, 1, 1]

rf.py: Time: 2050 Route details: {0: {'Route': [0, 1, 2, 3, 4, 5, 6, 7, 8], 'MCS_Index': [2, 1, 1, 1, 1, 1, 1, 1], 'Priority': 1, 'ValidRoute': True, 'HQRoute': True, 'RouteNodeDensity': [0, 0, 0, 0, 0, 2, 0, 0, 0], 'InterferingLinks': 16, 'Target': (-1, -1)}}
Node.py: (Node0)@2050400000000.0: Updated MCS from 2 to 2, hist=deque([1.0, 1.0, 1.0, 0.9864864864864865, 1.0136986301369864], maxlen=5), packets_serviced=74, packets_received=73
Called Update: UpdateRouteCalls = 0, force = False
Node.py: (Node1)@2050400000000.0: Updated MCS from 1 to 1, hist=deque([0.0, 0.0, 0.0, 0.0, 0.0], maxlen=5), packets_serviced=0, packets_received=74
Called Update: UpdateRouteCalls = 1, force = False
Called Update: UpdateRouteCalls = 2, force = False
Called Update: UpdateRouteCalls = 3, force = False
Called Update: UpdateRouteCalls = 4, force = False
Called Update: UpdateRouteCalls = 5, force = False
Called Update: UpdateRouteCalls = 6, force = False
Called Update: UpdateRouteCalls = 7, force = False
Called Update: UpdateRouteCalls = 8, force = False
Called Update: UpdateRouteCalls = 9, force = False
Called Update: UpdateRouteCalls = 10, force = False
Called Update: UpdateRouteCalls = 11, force = False
Called Update: UpdateRouteCalls = 12, force = False
Called Update: UpdateRouteCalls = 13, force = False
Called Update: UpdateRouteCalls = 14, force = False
Called Update: UpdateRouteCalls = 15, force = False
Called Update: UpdateRouteCalls = 16, force = False
Called Update: UpdateRouteCalls = 17, force = False
!! UPDATING !!
routeNo, updatedMCSIndex =  0 [2, 1, 1, 1, 1, 1, 1, 1]
Node.py: (Node0)@2050800000000.0: Updated MCS from 2 to 2, hist=deque([1.0, 1.0, 0.9864864864864865, 1.0136986301369864, 1.0], maxlen=5), packets_serviced=73, packets_received=73
Called Update: UpdateRouteCalls = 0, force = False
Node.py: (Node1)@2050800000000.0: Updated MCS from 1 to 1, hist=deque([0.0, 0.0, 0.0, 0.0, 0.0], maxlen=5), packets_serviced=0, packets_received=73
Called Update: UpdateRouteCalls = 1, force = False
Called Update: UpdateRouteCalls = 2, force = False
Called Update: UpdateRouteCalls = 3, force = False
Called Update: UpdateRouteCalls = 4, force = False
Called Update: UpdateRouteCalls = 5, force = False
Called Update: UpdateRouteCalls = 6, force = False
Called Update: UpdateRouteCalls = 7, force = False
Called Update: UpdateRouteCalls = 8, force = False
Called Update: UpdateRouteCalls = 9, force = False
Called Update: UpdateRouteCalls = 10, force = False
Called Update: UpdateRouteCalls = 11, force = False
Called Update: UpdateRouteCalls = 12, force = False
Called Update: UpdateRouteCalls = 13, force = False
Called Update: UpdateRouteCalls = 14, force = False
Called Update: UpdateRouteCalls = 15, force = False
Called Update: UpdateRouteCalls = 16, force = False
Called Update: UpdateRouteCalls = 17, force = False
!! UPDATING !!
routeNo, updatedMCSIndex =  0 [2, 1, 1, 1, 1, 1, 1, 1]
main.py: Progress: 2051 / 2104
Called Update: UpdateRouteCalls = 0, force = True
!! UPDATING !!
routeNo, updatedMCSIndex =  0 [2, 1, 1, 1, 1, 1, 1, 1]

rf.py: Time: 2051 Route details: {0: {'Route': [0, 1, 2, 3, 4, 5, 6, 7, 8], 'MCS_Index': [2, 1, 1, 1, 1, 1, 1, 1], 'Priority': 1, 'ValidRoute': True, 'HQRoute': True, 'RouteNodeDensity': [0, 0, 0, 0, 0, 2, 0, 0, 0], 'InterferingLinks': 16, 'Target': (-1, -1)}}
Node.py: (Node0)@2051200000000.0: Updated MCS from 2 to 2, hist=deque([1.0, 0.9864864864864865, 1.0136986301369864, 1.0, 1.0], maxlen=5), packets_serviced=73, packets_received=73
Called Update: UpdateRouteCalls = 0, force = False
Node.py: (Node1)@2051200000000.0: Updated MCS from 1 to 1, hist=deque([0.0, 0.0, 0.0, 0.0, 0.0], maxlen=5), packets_serviced=0, packets_received=73
Called Update: UpdateRouteCalls = 1, force = False
Called Update: UpdateRouteCalls = 2, force = False
Called Update: UpdateRouteCalls = 3, force = False
Called Update: UpdateRouteCalls = 4, force = False
Called Update: UpdateRouteCalls = 5, force = False
Called Update: UpdateRouteCalls = 6, force = False
Called Update: UpdateRouteCalls = 7, force = False
Called Update: UpdateRouteCalls = 8, force = False
Called Update: UpdateRouteCalls = 9, force = False
Called Update: UpdateRouteCalls = 10, force = False
Called Update: UpdateRouteCalls = 11, force = False
Called Update: UpdateRouteCalls = 12, force = False
Called Update: UpdateRouteCalls = 13, force = False
Called Update: UpdateRouteCalls = 14, force = False
Called Update: UpdateRouteCalls = 15, force = False
Called Update: UpdateRouteCalls = 16, force = False
Called Update: UpdateRouteCalls = 17, force = False
!! UPDATING !!
routeNo, updatedMCSIndex =  0 [2, 1, 1, 1, 1, 1, 1, 1]
Node.py: (Node0)@2051600000000.0: Updated MCS from 2 to 2, hist=deque([0.9864864864864865, 1.0136986301369864, 1.0, 1.0, 1.0], maxlen=5), packets_serviced=73, packets_received=73
Called Update: UpdateRouteCalls = 0, force = False
Node.py: (Node1)@2051600000000.0: Updated MCS from 1 to 1, hist=deque([0.0, 0.0, 0.0, 0.0, 0.0], maxlen=5), packets_serviced=0, packets_received=73
Called Update: UpdateRouteCalls = 1, force = False
Called Update: UpdateRouteCalls = 2, force = False
Called Update: UpdateRouteCalls = 3, force = False
Called Update: UpdateRouteCalls = 4, force = False
Called Update: UpdateRouteCalls = 5, force = False
Called Update: UpdateRouteCalls = 6, force = False
Called Update: UpdateRouteCalls = 7, force = False
Called Update: UpdateRouteCalls = 8, force = False
Called Update: UpdateRouteCalls = 9, force = False
Called Update: UpdateRouteCalls = 10, force = False
Called Update: UpdateRouteCalls = 11, force = False
Called Update: UpdateRouteCalls = 12, force = False
Called Update: UpdateRouteCalls = 13, force = False
Called Update: UpdateRouteCalls = 14, force = False
Called Update: UpdateRouteCalls = 15, force = False
Called Update: UpdateRouteCalls = 16, force = False
Called Update: UpdateRouteCalls = 17, force = False
!! UPDATING !!
routeNo, updatedMCSIndex =  0 [2, 1, 1, 1, 1, 1, 1, 1]
main.py: Progress: 2052 / 2104
Node.py: (Node0)@2052000000000.0: Updated MCS from 2 to 2, hist=deque([1.0136986301369864, 1.0, 1.0, 1.0, 1.0], maxlen=5), packets_serviced=74, packets_received=74
Called Update: UpdateRouteCalls = 0, force = False
Node.py: (Node1)@2052000000000.0: Updated MCS from 1 to 1, hist=deque([0.0, 0.0, 0.0, 0.0, 0.0], maxlen=5), packets_serviced=0, packets_received=73
Called Update: UpdateRouteCalls = 1, force = False
Called Update: UpdateRouteCalls = 2, force = False
Called Update: UpdateRouteCalls = 3, force = False
Called Update: UpdateRouteCalls = 4, force = False
Called Update: UpdateRouteCalls = 5, force = False
Called Update: UpdateRouteCalls = 6, force = False
Called Update: UpdateRouteCalls = 7, force = False
Called Update: UpdateRouteCalls = 8, force = False
Called Update: UpdateRouteCalls = 9, force = False
Called Update: UpdateRouteCalls = 10, force = False
Called Update: UpdateRouteCalls = 11, force = False
Called Update: UpdateRouteCalls = 12, force = False
Called Update: UpdateRouteCalls = 13, force = False
Called Update: UpdateRouteCalls = 14, force = False
Called Update: UpdateRouteCalls = 15, force = False
Called Update: UpdateRouteCalls = 16, force = False
Called Update: UpdateRouteCalls = 17, force = False
!! UPDATING !!
routeNo, updatedMCSIndex =  0 [2, 1, 1, 1, 1, 1, 1, 1]
Called Update: UpdateRouteCalls = 0, force = True
!! UPDATING !!
routeNo, updatedMCSIndex =  0 [2, 1, 1, 1, 1, 1, 1, 1]

rf.py: Time: 2052 Route details: {0: {'Route': [0, 1, 2, 3, 4, 5, 6, 7, 8], 'MCS_Index': [2, 1, 1, 1, 1, 1, 1, 1], 'Priority': 1, 'ValidRoute': True, 'HQRoute': True, 'RouteNodeDensity': [0, 0, 0, 0, 0, 2, 0, 0, 0], 'InterferingLinks': 16, 'Target': (-1, -1)}}
Node.py: (Node0)@2052400000000.0: Updated MCS from 2 to 2, hist=deque([1.0, 1.0, 1.0, 1.0, 1.0], maxlen=5), packets_serviced=73, packets_received=73
Called Update: UpdateRouteCalls = 0, force = False
Node.py: (Node1)@2052400000000.0: Updated MCS from 1 to 1, hist=deque([0.0, 0.0, 0.0, 0.0, 0.0], maxlen=5), packets_serviced=0, packets_received=74
Called Update: UpdateRouteCalls = 1, force = False
Called Update: UpdateRouteCalls = 2, force = False
Called Update: UpdateRouteCalls = 3, force = False
Called Update: UpdateRouteCalls = 4, force = False
Called Update: UpdateRouteCalls = 5, force = False
Called Update: UpdateRouteCalls = 6, force = False
Called Update: UpdateRouteCalls = 7, force = False
Called Update: UpdateRouteCalls = 8, force = False
Called Update: UpdateRouteCalls = 9, force = False
Called Update: UpdateRouteCalls = 10, force = False
Called Update: UpdateRouteCalls = 11, force = False
Called Update: UpdateRouteCalls = 12, force = False
Called Update: UpdateRouteCalls = 13, force = False
Called Update: UpdateRouteCalls = 14, force = False
Called Update: UpdateRouteCalls = 15, force = False
Called Update: UpdateRouteCalls = 16, force = False
Called Update: UpdateRouteCalls = 17, force = False
!! UPDATING !!
routeNo, updatedMCSIndex =  0 [2, 1, 1, 1, 1, 1, 1, 1]
Node.py: (Node0)@2052800000000.0: Updated MCS from 2 to 2, hist=deque([1.0, 1.0, 1.0, 1.0, 1.0], maxlen=5), packets_serviced=73, packets_received=73
Called Update: UpdateRouteCalls = 0, force = False
Node.py: (Node1)@2052800000000.0: Updated MCS from 1 to 1, hist=deque([0.0, 0.0, 0.0, 0.0, 0.0], maxlen=5), packets_serviced=0, packets_received=73
Called Update: UpdateRouteCalls = 1, force = False
Called Update: UpdateRouteCalls = 2, force = False
Called Update: UpdateRouteCalls = 3, force = False
Called Update: UpdateRouteCalls = 4, force = False
Called Update: UpdateRouteCalls = 5, force = False
Called Update: UpdateRouteCalls = 6, force = False
Called Update: UpdateRouteCalls = 7, force = False
Called Update: UpdateRouteCalls = 8, force = False
Called Update: UpdateRouteCalls = 9, force = False
Called Update: UpdateRouteCalls = 10, force = False
Called Update: UpdateRouteCalls = 11, force = False
Called Update: UpdateRouteCalls = 12, force = False
Called Update: UpdateRouteCalls = 13, force = False
Called Update: UpdateRouteCalls = 14, force = False
Called Update: UpdateRouteCalls = 15, force = False
Called Update: UpdateRouteCalls = 16, force = False
Called Update: UpdateRouteCalls = 17, force = False
!! UPDATING !!
routeNo, updatedMCSIndex =  0 [2, 1, 1, 1, 1, 1, 1, 1]
main.py: Progress: 2053 / 2104
Called Update: UpdateRouteCalls = 0, force = True
!! UPDATING !!
routeNo, updatedMCSIndex =  0 [2, 1, 1, 1, 1, 1, 1, 1]

rf.py: Time: 2053 Route details: {0: {'Route': [0, 1, 2, 3, 4, 5, 6, 7, 8], 'MCS_Index': [2, 1, 1, 1, 1, 1, 1, 1], 'Priority': 1, 'ValidRoute': True, 'HQRoute': True, 'RouteNodeDensity': [0, 0, 0, 0, 0, 2, 0, 0, 0], 'InterferingLinks': 16, 'Target': (-1, -1)}}
Node.py: (Node0)@2053200000000.0: Updated MCS from 2 to 2, hist=deque([1.0, 1.0, 1.0, 1.0, 1.0], maxlen=5), packets_serviced=73, packets_received=73
Called Update: UpdateRouteCalls = 0, force = False
Node.py: (Node1)@2053200000000.0: Updated MCS from 1 to 1, hist=deque([0.0, 0.0, 0.0, 0.0, 0.0], maxlen=5), packets_serviced=0, packets_received=73
Called Update: UpdateRouteCalls = 1, force = False
Called Update: UpdateRouteCalls = 2, force = False
Called Update: UpdateRouteCalls = 3, force = False
Called Update: UpdateRouteCalls = 4, force = False
Called Update: UpdateRouteCalls = 5, force = False
Called Update: UpdateRouteCalls = 6, force = False
Called Update: UpdateRouteCalls = 7, force = False
Called Update: UpdateRouteCalls = 8, force = False
Called Update: UpdateRouteCalls = 9, force = False
Called Update: UpdateRouteCalls = 10, force = False
Called Update: UpdateRouteCalls = 11, force = False
Called Update: UpdateRouteCalls = 12, force = False
Called Update: UpdateRouteCalls = 13, force = False
Called Update: UpdateRouteCalls = 14, force = False
Called Update: UpdateRouteCalls = 15, force = False
Called Update: UpdateRouteCalls = 16, force = False
Called Update: UpdateRouteCalls = 17, force = False
!! UPDATING !!
routeNo, updatedMCSIndex =  0 [2, 1, 1, 1, 1, 1, 1, 1]
Node.py: (Node0)@2053600000000.0: Updated MCS from 2 to 2, hist=deque([1.0, 1.0, 1.0, 1.0, 1.0], maxlen=5), packets_serviced=73, packets_received=73
Called Update: UpdateRouteCalls = 0, force = False
Node.py: (Node1)@2053600000000.0: Updated MCS from 1 to 1, hist=deque([0.0, 0.0, 0.0, 0.0, 0.0], maxlen=5), packets_serviced=0, packets_received=73
Called Update: UpdateRouteCalls = 1, force = False
Called Update: UpdateRouteCalls = 2, force = False
Called Update: UpdateRouteCalls = 3, force = False
Called Update: UpdateRouteCalls = 4, force = False
Called Update: UpdateRouteCalls = 5, force = False
Called Update: UpdateRouteCalls = 6, force = False
Called Update: UpdateRouteCalls = 7, force = False
Called Update: UpdateRouteCalls = 8, force = False
Called Update: UpdateRouteCalls = 9, force = False
Called Update: UpdateRouteCalls = 10, force = False
Called Update: UpdateRouteCalls = 11, force = False
Called Update: UpdateRouteCalls = 12, force = False
Called Update: UpdateRouteCalls = 13, force = False
Called Update: UpdateRouteCalls = 14, force = False
Called Update: UpdateRouteCalls = 15, force = False
Called Update: UpdateRouteCalls = 16, force = False
Called Update: UpdateRouteCalls = 17, force = False
!! UPDATING !!
routeNo, updatedMCSIndex =  0 [2, 1, 1, 1, 1, 1, 1, 1]
main.py: Progress: 2054 / 2104
Node.py: (Node0)@2054000000000.0: Updated MCS from 2 to 2, hist=deque([1.0, 1.0, 1.0, 1.0, 0.9864864864864865], maxlen=5), packets_serviced=73, packets_received=74
Called Update: UpdateRouteCalls = 0, force = False
Node.py: (Node1)@2054000000000.0: Updated MCS from 1 to 1, hist=deque([0.0, 0.0, 0.0, 0.0, 0.0], maxlen=5), packets_serviced=0, packets_received=73
Called Update: UpdateRouteCalls = 1, force = False
Called Update: UpdateRouteCalls = 2, force = False
Called Update: UpdateRouteCalls = 3, force = False
Called Update: UpdateRouteCalls = 4, force = False
Called Update: UpdateRouteCalls = 5, force = False
Called Update: UpdateRouteCalls = 6, force = False
Called Update: UpdateRouteCalls = 7, force = False
Called Update: UpdateRouteCalls = 8, force = False
Called Update: UpdateRouteCalls = 9, force = False
Called Update: UpdateRouteCalls = 10, force = False
Called Update: UpdateRouteCalls = 11, force = False
Called Update: UpdateRouteCalls = 12, force = False
Called Update: UpdateRouteCalls = 13, force = False
Called Update: UpdateRouteCalls = 14, force = False
Called Update: UpdateRouteCalls = 15, force = False
Called Update: UpdateRouteCalls = 16, force = False
Called Update: UpdateRouteCalls = 17, force = False
!! UPDATING !!
routeNo, updatedMCSIndex =  0 [2, 1, 1, 1, 1, 1, 1, 1]
Called Update: UpdateRouteCalls = 0, force = True
!! UPDATING !!
routeNo, updatedMCSIndex =  0 [2, 1, 1, 1, 1, 1, 1, 1]

rf.py: Time: 2054 Route details: {0: {'Route': [0, 1, 2, 3, 4, 5, 6, 7, 8], 'MCS_Index': [2, 1, 1, 1, 1, 1, 1, 1], 'Priority': 1, 'ValidRoute': True, 'HQRoute': True, 'RouteNodeDensity': [0, 0, 0, 0, 0, 2, 0, 0, 0], 'InterferingLinks': 16, 'Target': (-1, -1)}}
Node.py: (Node0)@2054400000000.0: Updated MCS from 2 to 2, hist=deque([1.0, 1.0, 1.0, 0.9864864864864865, 1.0136986301369864], maxlen=5), packets_serviced=74, packets_received=73
Called Update: UpdateRouteCalls = 0, force = False
Node.py: (Node1)@2054400000000.0: Updated MCS from 1 to 1, hist=deque([0.0, 0.0, 0.0, 0.0, 0.0], maxlen=5), packets_serviced=0, packets_received=74
Called Update: UpdateRouteCalls = 1, force = False
Called Update: UpdateRouteCalls = 2, force = False
Called Update: UpdateRouteCalls = 3, force = False
Called Update: UpdateRouteCalls = 4, force = False
Called Update: UpdateRouteCalls = 5, force = False
Called Update: UpdateRouteCalls = 6, force = False
Called Update: UpdateRouteCalls = 7, force = False
Called Update: UpdateRouteCalls = 8, force = False
Called Update: UpdateRouteCalls = 9, force = False
Called Update: UpdateRouteCalls = 10, force = False
Called Update: UpdateRouteCalls = 11, force = False
Called Update: UpdateRouteCalls = 12, force = False
Called Update: UpdateRouteCalls = 13, force = False
Called Update: UpdateRouteCalls = 14, force = False
Called Update: UpdateRouteCalls = 15, force = False
Called Update: UpdateRouteCalls = 16, force = False
Called Update: UpdateRouteCalls = 17, force = False
!! UPDATING !!
routeNo, updatedMCSIndex =  0 [2, 1, 1, 1, 1, 1, 1, 1]
Node.py: (Node0)@2054800000000.0: Updated MCS from 2 to 2, hist=deque([1.0, 1.0, 0.9864864864864865, 1.0136986301369864, 1.0], maxlen=5), packets_serviced=73, packets_received=73
Called Update: UpdateRouteCalls = 0, force = False
Node.py: (Node1)@2054800000000.0: Updated MCS from 1 to 1, hist=deque([0.0, 0.0, 0.0, 0.0, 0.0], maxlen=5), packets_serviced=0, packets_received=73
Called Update: UpdateRouteCalls = 1, force = False
Called Update: UpdateRouteCalls = 2, force = False
Called Update: UpdateRouteCalls = 3, force = False
Called Update: UpdateRouteCalls = 4, force = False
Called Update: UpdateRouteCalls = 5, force = False
Called Update: UpdateRouteCalls = 6, force = False
Called Update: UpdateRouteCalls = 7, force = False
Called Update: UpdateRouteCalls = 8, force = False
Called Update: UpdateRouteCalls = 9, force = False
Called Update: UpdateRouteCalls = 10, force = False
Called Update: UpdateRouteCalls = 11, force = False
Called Update: UpdateRouteCalls = 12, force = False
Called Update: UpdateRouteCalls = 13, force = False
Called Update: UpdateRouteCalls = 14, force = False
Called Update: UpdateRouteCalls = 15, force = False
Called Update: UpdateRouteCalls = 16, force = False
Called Update: UpdateRouteCalls = 17, force = False
!! UPDATING !!
routeNo, updatedMCSIndex =  0 [2, 1, 1, 1, 1, 1, 1, 1]
main.py: Progress: 2055 / 2104
Called Update: UpdateRouteCalls = 0, force = True
!! UPDATING !!
routeNo, updatedMCSIndex =  0 [2, 1, 1, 1, 1, 1, 1, 1]

rf.py: Time: 2055 Route details: {0: {'Route': [0, 1, 2, 3, 4, 5, 6, 7, 8], 'MCS_Index': [2, 1, 1, 1, 1, 1, 1, 1], 'Priority': 1, 'ValidRoute': True, 'HQRoute': True, 'RouteNodeDensity': [0, 0, 0, 0, 0, 2, 0, 0, 0], 'InterferingLinks': 16, 'Target': (-1, -1)}}
Node.py: (Node0)@2055200000000.0: Updated MCS from 2 to 2, hist=deque([1.0, 0.9864864864864865, 1.0136986301369864, 1.0, 1.0], maxlen=5), packets_serviced=73, packets_received=73
Called Update: UpdateRouteCalls = 0, force = False
Node.py: (Node1)@2055200000000.0: Updated MCS from 1 to 1, hist=deque([0.0, 0.0, 0.0, 0.0, 0.0], maxlen=5), packets_serviced=0, packets_received=73
Called Update: UpdateRouteCalls = 1, force = False
Called Update: UpdateRouteCalls = 2, force = False
Called Update: UpdateRouteCalls = 3, force = False
Called Update: UpdateRouteCalls = 4, force = False
Called Update: UpdateRouteCalls = 5, force = False
Called Update: UpdateRouteCalls = 6, force = False
Called Update: UpdateRouteCalls = 7, force = False
Called Update: UpdateRouteCalls = 8, force = False
Called Update: UpdateRouteCalls = 9, force = False
Called Update: UpdateRouteCalls = 10, force = False
Called Update: UpdateRouteCalls = 11, force = False
Called Update: UpdateRouteCalls = 12, force = False
Called Update: UpdateRouteCalls = 13, force = False
Called Update: UpdateRouteCalls = 14, force = False
Called Update: UpdateRouteCalls = 15, force = False
Called Update: UpdateRouteCalls = 16, force = False
Called Update: UpdateRouteCalls = 17, force = False
!! UPDATING !!
routeNo, updatedMCSIndex =  0 [2, 1, 1, 1, 1, 1, 1, 1]
Node.py: (Node0)@2055600000000.0: Updated MCS from 2 to 2, hist=deque([0.9864864864864865, 1.0136986301369864, 1.0, 1.0, 1.0], maxlen=5), packets_serviced=73, packets_received=73
Called Update: UpdateRouteCalls = 0, force = False
Node.py: (Node1)@2055600000000.0: Updated MCS from 1 to 1, hist=deque([0.0, 0.0, 0.0, 0.0, 0.0], maxlen=5), packets_serviced=0, packets_received=73
Called Update: UpdateRouteCalls = 1, force = False
Called Update: UpdateRouteCalls = 2, force = False
Called Update: UpdateRouteCalls = 3, force = False
Called Update: UpdateRouteCalls = 4, force = False
Called Update: UpdateRouteCalls = 5, force = False
Called Update: UpdateRouteCalls = 6, force = False
Called Update: UpdateRouteCalls = 7, force = False
Called Update: UpdateRouteCalls = 8, force = False
Called Update: UpdateRouteCalls = 9, force = False
Called Update: UpdateRouteCalls = 10, force = False
Called Update: UpdateRouteCalls = 11, force = False
Called Update: UpdateRouteCalls = 12, force = False
Called Update: UpdateRouteCalls = 13, force = False
Called Update: UpdateRouteCalls = 14, force = False
Called Update: UpdateRouteCalls = 15, force = False
Called Update: UpdateRouteCalls = 16, force = False
Called Update: UpdateRouteCalls = 17, force = False
!! UPDATING !!
routeNo, updatedMCSIndex =  0 [2, 1, 1, 1, 1, 1, 1, 1]
main.py: Progress: 2056 / 2104
Node.py: (Node0)@2056000000000.0: Updated MCS from 2 to 2, hist=deque([1.0136986301369864, 1.0, 1.0, 1.0, 1.0], maxlen=5), packets_serviced=74, packets_received=74
Called Update: UpdateRouteCalls = 0, force = False
Node.py: (Node1)@2056000000000.0: Updated MCS from 1 to 1, hist=deque([0.0, 0.0, 0.0, 0.0, 0.0], maxlen=5), packets_serviced=0, packets_received=73
Called Update: UpdateRouteCalls = 1, force = False
Called Update: UpdateRouteCalls = 2, force = False
Called Update: UpdateRouteCalls = 3, force = False
Called Update: UpdateRouteCalls = 4, force = False
Called Update: UpdateRouteCalls = 5, force = False
Called Update: UpdateRouteCalls = 6, force = False
Called Update: UpdateRouteCalls = 7, force = False
Called Update: UpdateRouteCalls = 8, force = False
Called Update: UpdateRouteCalls = 9, force = False
Called Update: UpdateRouteCalls = 10, force = False
Called Update: UpdateRouteCalls = 11, force = False
Called Update: UpdateRouteCalls = 12, force = False
Called Update: UpdateRouteCalls = 13, force = False
Called Update: UpdateRouteCalls = 14, force = False
Called Update: UpdateRouteCalls = 15, force = False
Called Update: UpdateRouteCalls = 16, force = False
Called Update: UpdateRouteCalls = 17, force = False
!! UPDATING !!
routeNo, updatedMCSIndex =  0 [2, 1, 1, 1, 1, 1, 1, 1]
Called Update: UpdateRouteCalls = 0, force = True
!! UPDATING !!
routeNo, updatedMCSIndex =  0 [2, 1, 1, 1, 1, 1, 1, 1]

rf.py: Time: 2056 Route details: {0: {'Route': [0, 1, 2, 3, 4, 5, 6, 7, 8], 'MCS_Index': [2, 1, 1, 1, 1, 1, 1, 1], 'Priority': 1, 'ValidRoute': True, 'HQRoute': True, 'RouteNodeDensity': [0, 0, 0, 0, 0, 2, 0, 0, 0], 'InterferingLinks': 16, 'Target': (-1, -1)}}
Node.py: (Node0)@2056400000000.0: Updated MCS from 2 to 2, hist=deque([1.0, 1.0, 1.0, 1.0, 1.0], maxlen=5), packets_serviced=73, packets_received=73
Called Update: UpdateRouteCalls = 0, force = False
Node.py: (Node1)@2056400000000.0: Updated MCS from 1 to 1, hist=deque([0.0, 0.0, 0.0, 0.0, 0.0], maxlen=5), packets_serviced=0, packets_received=74
Called Update: UpdateRouteCalls = 1, force = False
Called Update: UpdateRouteCalls = 2, force = False
Called Update: UpdateRouteCalls = 3, force = False
Called Update: UpdateRouteCalls = 4, force = False
Called Update: UpdateRouteCalls = 5, force = False
Called Update: UpdateRouteCalls = 6, force = False
Called Update: UpdateRouteCalls = 7, force = False
Called Update: UpdateRouteCalls = 8, force = False
Called Update: UpdateRouteCalls = 9, force = False
Called Update: UpdateRouteCalls = 10, force = False
Called Update: UpdateRouteCalls = 11, force = False
Called Update: UpdateRouteCalls = 12, force = False
Called Update: UpdateRouteCalls = 13, force = False
Called Update: UpdateRouteCalls = 14, force = False
Called Update: UpdateRouteCalls = 15, force = False
Called Update: UpdateRouteCalls = 16, force = False
Called Update: UpdateRouteCalls = 17, force = False
!! UPDATING !!
routeNo, updatedMCSIndex =  0 [2, 1, 1, 1, 1, 1, 1, 1]
Node.py: (Node0)@2056800000000.0: Updated MCS from 2 to 2, hist=deque([1.0, 1.0, 1.0, 1.0, 1.0], maxlen=5), packets_serviced=73, packets_received=73
Called Update: UpdateRouteCalls = 0, force = False
Node.py: (Node1)@2056800000000.0: Updated MCS from 1 to 1, hist=deque([0.0, 0.0, 0.0, 0.0, 0.0], maxlen=5), packets_serviced=0, packets_received=73
Called Update: UpdateRouteCalls = 1, force = False
Called Update: UpdateRouteCalls = 2, force = False
Called Update: UpdateRouteCalls = 3, force = False
Called Update: UpdateRouteCalls = 4, force = False
Called Update: UpdateRouteCalls = 5, force = False
Called Update: UpdateRouteCalls = 6, force = False
Called Update: UpdateRouteCalls = 7, force = False
Called Update: UpdateRouteCalls = 8, force = False
Called Update: UpdateRouteCalls = 9, force = False
Called Update: UpdateRouteCalls = 10, force = False
Called Update: UpdateRouteCalls = 11, force = False
Called Update: UpdateRouteCalls = 12, force = False
Called Update: UpdateRouteCalls = 13, force = False
Called Update: UpdateRouteCalls = 14, force = False
Called Update: UpdateRouteCalls = 15, force = False
Called Update: UpdateRouteCalls = 16, force = False
Called Update: UpdateRouteCalls = 17, force = False
!! UPDATING !!
routeNo, updatedMCSIndex =  0 [2, 1, 1, 1, 1, 1, 1, 1]
main.py: Progress: 2057 / 2104
Called Update: UpdateRouteCalls = 0, force = True
!! UPDATING !!
routeNo, updatedMCSIndex =  0 [2, 1, 1, 1, 1, 1, 1, 1]

rf.py: Time: 2057 Route details: {0: {'Route': [0, 1, 2, 3, 4, 5, 6, 7, 8], 'MCS_Index': [2, 1, 1, 1, 1, 1, 1, 1], 'Priority': 1, 'ValidRoute': True, 'HQRoute': True, 'RouteNodeDensity': [0, 0, 0, 0, 0, 2, 0, 0, 0], 'InterferingLinks': 16, 'Target': (-1, -1)}}
Node.py: (Node0)@2057200000000.0: Updated MCS from 2 to 2, hist=deque([1.0, 1.0, 1.0, 1.0, 1.0], maxlen=5), packets_serviced=73, packets_received=73
Called Update: UpdateRouteCalls = 0, force = False
Node.py: (Node1)@2057200000000.0: Updated MCS from 1 to 1, hist=deque([0.0, 0.0, 0.0, 0.0, 0.0], maxlen=5), packets_serviced=0, packets_received=73
Called Update: UpdateRouteCalls = 1, force = False
Called Update: UpdateRouteCalls = 2, force = False
Called Update: UpdateRouteCalls = 3, force = False
Called Update: UpdateRouteCalls = 4, force = False
Called Update: UpdateRouteCalls = 5, force = False
Called Update: UpdateRouteCalls = 6, force = False
Called Update: UpdateRouteCalls = 7, force = False
Called Update: UpdateRouteCalls = 8, force = False
Called Update: UpdateRouteCalls = 9, force = False
Called Update: UpdateRouteCalls = 10, force = False
Called Update: UpdateRouteCalls = 11, force = False
Called Update: UpdateRouteCalls = 12, force = False
Called Update: UpdateRouteCalls = 13, force = False
Called Update: UpdateRouteCalls = 14, force = False
Called Update: UpdateRouteCalls = 15, force = False
Called Update: UpdateRouteCalls = 16, force = False
Called Update: UpdateRouteCalls = 17, force = False
!! UPDATING !!
routeNo, updatedMCSIndex =  0 [2, 1, 1, 1, 1, 1, 1, 1]
Node.py: (Node0)@2057600000000.0: Updated MCS from 2 to 2, hist=deque([1.0, 1.0, 1.0, 1.0, 1.0], maxlen=5), packets_serviced=73, packets_received=73
Called Update: UpdateRouteCalls = 0, force = False
Node.py: (Node1)@2057600000000.0: Updated MCS from 1 to 1, hist=deque([0.0, 0.0, 0.0, 0.0, 0.0], maxlen=5), packets_serviced=0, packets_received=73
Called Update: UpdateRouteCalls = 1, force = False
Called Update: UpdateRouteCalls = 2, force = False
Called Update: UpdateRouteCalls = 3, force = False
Called Update: UpdateRouteCalls = 4, force = False
Called Update: UpdateRouteCalls = 5, force = False
Called Update: UpdateRouteCalls = 6, force = False
Called Update: UpdateRouteCalls = 7, force = False
Called Update: UpdateRouteCalls = 8, force = False
Called Update: UpdateRouteCalls = 9, force = False
Called Update: UpdateRouteCalls = 10, force = False
Called Update: UpdateRouteCalls = 11, force = False
Called Update: UpdateRouteCalls = 12, force = False
Called Update: UpdateRouteCalls = 13, force = False
Called Update: UpdateRouteCalls = 14, force = False
Called Update: UpdateRouteCalls = 15, force = False
Called Update: UpdateRouteCalls = 16, force = False
Called Update: UpdateRouteCalls = 17, force = False
!! UPDATING !!
routeNo, updatedMCSIndex =  0 [2, 1, 1, 1, 1, 1, 1, 1]
main.py: Progress: 2058 / 2104
Node.py: (Node0)@2058000000000.0: Updated MCS from 2 to 2, hist=deque([1.0, 1.0, 1.0, 1.0, 1.0], maxlen=5), packets_serviced=74, packets_received=74
Called Update: UpdateRouteCalls = 0, force = False
Node.py: (Node1)@2058000000000.0: Updated MCS from 1 to 1, hist=deque([0.0, 0.0, 0.0, 0.0, 0.0], maxlen=5), packets_serviced=0, packets_received=73
Called Update: UpdateRouteCalls = 1, force = False
Called Update: UpdateRouteCalls = 2, force = False
Called Update: UpdateRouteCalls = 3, force = False
Called Update: UpdateRouteCalls = 4, force = False
Called Update: UpdateRouteCalls = 5, force = False
Called Update: UpdateRouteCalls = 6, force = False
Called Update: UpdateRouteCalls = 7, force = False
Called Update: UpdateRouteCalls = 8, force = False
Called Update: UpdateRouteCalls = 9, force = False
Called Update: UpdateRouteCalls = 10, force = False
Called Update: UpdateRouteCalls = 11, force = False
Called Update: UpdateRouteCalls = 12, force = False
Called Update: UpdateRouteCalls = 13, force = False
Called Update: UpdateRouteCalls = 14, force = False
Called Update: UpdateRouteCalls = 15, force = False
Called Update: UpdateRouteCalls = 16, force = False
Called Update: UpdateRouteCalls = 17, force = False
!! UPDATING !!
routeNo, updatedMCSIndex =  0 [2, 1, 1, 1, 1, 1, 1, 1]
Called Update: UpdateRouteCalls = 0, force = True
!! UPDATING !!
routeNo, updatedMCSIndex =  0 [2, 1, 1, 1, 1, 1, 1, 1]

rf.py: Time: 2058 Route details: {0: {'Route': [0, 1, 2, 3, 4, 5, 6, 7, 8], 'MCS_Index': [2, 1, 1, 1, 1, 1, 1, 1], 'Priority': 1, 'ValidRoute': True, 'HQRoute': True, 'RouteNodeDensity': [0, 0, 0, 0, 0, 2, 0, 0, 0], 'InterferingLinks': 16, 'Target': (-1, -1)}}
Node.py: (Node0)@2058400000000.0: Updated MCS from 2 to 2, hist=deque([1.0, 1.0, 1.0, 1.0, 1.0], maxlen=5), packets_serviced=73, packets_received=73
Called Update: UpdateRouteCalls = 0, force = False
Node.py: (Node1)@2058400000000.0: Updated MCS from 1 to 1, hist=deque([0.0, 0.0, 0.0, 0.0, 0.0], maxlen=5), packets_serviced=0, packets_received=74
Called Update: UpdateRouteCalls = 1, force = False
Called Update: UpdateRouteCalls = 2, force = False
Called Update: UpdateRouteCalls = 3, force = False
Called Update: UpdateRouteCalls = 4, force = False
Called Update: UpdateRouteCalls = 5, force = False
Called Update: UpdateRouteCalls = 6, force = False
Called Update: UpdateRouteCalls = 7, force = False
Called Update: UpdateRouteCalls = 8, force = False
Called Update: UpdateRouteCalls = 9, force = False
Called Update: UpdateRouteCalls = 10, force = False
Called Update: UpdateRouteCalls = 11, force = False
Called Update: UpdateRouteCalls = 12, force = False
Called Update: UpdateRouteCalls = 13, force = False
Called Update: UpdateRouteCalls = 14, force = False
Called Update: UpdateRouteCalls = 15, force = False
Called Update: UpdateRouteCalls = 16, force = False
Called Update: UpdateRouteCalls = 17, force = False
!! UPDATING !!
routeNo, updatedMCSIndex =  0 [2, 1, 1, 1, 1, 1, 1, 1]
Node.py: (Node0)@2058800000000.0: Updated MCS from 2 to 2, hist=deque([1.0, 1.0, 1.0, 1.0, 1.0], maxlen=5), packets_serviced=73, packets_received=73
Called Update: UpdateRouteCalls = 0, force = False
Node.py: (Node1)@2058800000000.0: Updated MCS from 1 to 1, hist=deque([0.0, 0.0, 0.0, 0.0, 0.0], maxlen=5), packets_serviced=0, packets_received=73
Called Update: UpdateRouteCalls = 1, force = False
Called Update: UpdateRouteCalls = 2, force = False
Called Update: UpdateRouteCalls = 3, force = False
Called Update: UpdateRouteCalls = 4, force = False
Called Update: UpdateRouteCalls = 5, force = False
Called Update: UpdateRouteCalls = 6, force = False
Called Update: UpdateRouteCalls = 7, force = False
Called Update: UpdateRouteCalls = 8, force = False
Called Update: UpdateRouteCalls = 9, force = False
Called Update: UpdateRouteCalls = 10, force = False
Called Update: UpdateRouteCalls = 11, force = False
Called Update: UpdateRouteCalls = 12, force = False
Called Update: UpdateRouteCalls = 13, force = False
Called Update: UpdateRouteCalls = 14, force = False
Called Update: UpdateRouteCalls = 15, force = False
Called Update: UpdateRouteCalls = 16, force = False
Called Update: UpdateRouteCalls = 17, force = False
!! UPDATING !!
routeNo, updatedMCSIndex =  0 [2, 1, 1, 1, 1, 1, 1, 1]
main.py: Progress: 2059 / 2104
Called Update: UpdateRouteCalls = 0, force = True
!! UPDATING !!
routeNo, updatedMCSIndex =  0 [2, 1, 1, 1, 1, 1, 1, 1]

rf.py: Time: 2059 Route details: {0: {'Route': [0, 1, 2, 3, 4, 5, 6, 7, 8], 'MCS_Index': [2, 1, 1, 1, 1, 1, 1, 1], 'Priority': 1, 'ValidRoute': True, 'HQRoute': True, 'RouteNodeDensity': [0, 0, 0, 0, 0, 2, 0, 0, 0], 'InterferingLinks': 16, 'Target': (-1, -1)}}
Node.py: (Node0)@2059200000000.0: Updated MCS from 2 to 2, hist=deque([1.0, 1.0, 1.0, 1.0, 1.0], maxlen=5), packets_serviced=73, packets_received=73
Called Update: UpdateRouteCalls = 0, force = False
Node.py: (Node1)@2059200000000.0: Updated MCS from 1 to 1, hist=deque([0.0, 0.0, 0.0, 0.0, 0.0], maxlen=5), packets_serviced=0, packets_received=73
Called Update: UpdateRouteCalls = 1, force = False
Called Update: UpdateRouteCalls = 2, force = False
Called Update: UpdateRouteCalls = 3, force = False
Called Update: UpdateRouteCalls = 4, force = False
Called Update: UpdateRouteCalls = 5, force = False
Called Update: UpdateRouteCalls = 6, force = False
Called Update: UpdateRouteCalls = 7, force = False
Called Update: UpdateRouteCalls = 8, force = False
Called Update: UpdateRouteCalls = 9, force = False
Called Update: UpdateRouteCalls = 10, force = False
Called Update: UpdateRouteCalls = 11, force = False
Called Update: UpdateRouteCalls = 12, force = False
Called Update: UpdateRouteCalls = 13, force = False
Called Update: UpdateRouteCalls = 14, force = False
Called Update: UpdateRouteCalls = 15, force = False
Called Update: UpdateRouteCalls = 16, force = False
Called Update: UpdateRouteCalls = 17, force = False
!! UPDATING !!
routeNo, updatedMCSIndex =  0 [2, 1, 1, 1, 1, 1, 1, 1]
Node.py: (Node0)@2059600000000.0: Updated MCS from 2 to 2, hist=deque([1.0, 1.0, 1.0, 1.0, 1.0], maxlen=5), packets_serviced=73, packets_received=73
Called Update: UpdateRouteCalls = 0, force = False
Node.py: (Node1)@2059600000000.0: Updated MCS from 1 to 1, hist=deque([0.0, 0.0, 0.0, 0.0, 0.0], maxlen=5), packets_serviced=0, packets_received=73
Called Update: UpdateRouteCalls = 1, force = False
Called Update: UpdateRouteCalls = 2, force = False
Called Update: UpdateRouteCalls = 3, force = False
Called Update: UpdateRouteCalls = 4, force = False
Called Update: UpdateRouteCalls = 5, force = False
Called Update: UpdateRouteCalls = 6, force = False
Called Update: UpdateRouteCalls = 7, force = False
Called Update: UpdateRouteCalls = 8, force = False
Called Update: UpdateRouteCalls = 9, force = False
Called Update: UpdateRouteCalls = 10, force = False
Called Update: UpdateRouteCalls = 11, force = False
Called Update: UpdateRouteCalls = 12, force = False
Called Update: UpdateRouteCalls = 13, force = False
Called Update: UpdateRouteCalls = 14, force = False
Called Update: UpdateRouteCalls = 15, force = False
Called Update: UpdateRouteCalls = 16, force = False
Called Update: UpdateRouteCalls = 17, force = False
!! UPDATING !!
routeNo, updatedMCSIndex =  0 [2, 1, 1, 1, 1, 1, 1, 1]
main.py: Progress: 2060 / 2104
Node.py: (Node0)@2060000000000.0: Updated MCS from 2 to 2, hist=deque([1.0, 1.0, 1.0, 1.0, 1.0], maxlen=5), packets_serviced=74, packets_received=74
Called Update: UpdateRouteCalls = 0, force = False
Node.py: (Node1)@2060000000000.0: Updated MCS from 1 to 1, hist=deque([0.0, 0.0, 0.0, 0.0, 0.0], maxlen=5), packets_serviced=0, packets_received=73
Called Update: UpdateRouteCalls = 1, force = False
Called Update: UpdateRouteCalls = 2, force = False
Called Update: UpdateRouteCalls = 3, force = False
Called Update: UpdateRouteCalls = 4, force = False
Called Update: UpdateRouteCalls = 5, force = False
Called Update: UpdateRouteCalls = 6, force = False
Called Update: UpdateRouteCalls = 7, force = False
Called Update: UpdateRouteCalls = 8, force = False
Called Update: UpdateRouteCalls = 9, force = False
Called Update: UpdateRouteCalls = 10, force = False
Called Update: UpdateRouteCalls = 11, force = False
Called Update: UpdateRouteCalls = 12, force = False
Called Update: UpdateRouteCalls = 13, force = False
Called Update: UpdateRouteCalls = 14, force = False
Called Update: UpdateRouteCalls = 15, force = False
Called Update: UpdateRouteCalls = 16, force = False
Called Update: UpdateRouteCalls = 17, force = False
!! UPDATING !!
routeNo, updatedMCSIndex =  0 [2, 1, 1, 1, 1, 1, 1, 1]
Called Update: UpdateRouteCalls = 0, force = True
!! UPDATING !!
routeNo, updatedMCSIndex =  0 [2, 1, 1, 1, 1, 1, 1, 1]

rf.py: Time: 2060 Route details: {0: {'Route': [0, 1, 2, 3, 4, 5, 6, 7, 8], 'MCS_Index': [2, 1, 1, 1, 1, 1, 1, 1], 'Priority': 1, 'ValidRoute': True, 'HQRoute': True, 'RouteNodeDensity': [0, 0, 0, 0, 0, 2, 0, 0, 0], 'InterferingLinks': 16, 'Target': (-1, -1)}}
Node.py: (Node0)@2060400000000.0: Updated MCS from 2 to 2, hist=deque([1.0, 1.0, 1.0, 1.0, 1.0], maxlen=5), packets_serviced=73, packets_received=73
Called Update: UpdateRouteCalls = 0, force = False
Node.py: (Node1)@2060400000000.0: Updated MCS from 1 to 1, hist=deque([0.0, 0.0, 0.0, 0.0, 0.0], maxlen=5), packets_serviced=0, packets_received=74
Called Update: UpdateRouteCalls = 1, force = False
Called Update: UpdateRouteCalls = 2, force = False
Called Update: UpdateRouteCalls = 3, force = False
Called Update: UpdateRouteCalls = 4, force = False
Called Update: UpdateRouteCalls = 5, force = False
Called Update: UpdateRouteCalls = 6, force = False
Called Update: UpdateRouteCalls = 7, force = False
Called Update: UpdateRouteCalls = 8, force = False
Called Update: UpdateRouteCalls = 9, force = False
Called Update: UpdateRouteCalls = 10, force = False
Called Update: UpdateRouteCalls = 11, force = False
Called Update: UpdateRouteCalls = 12, force = False
Called Update: UpdateRouteCalls = 13, force = False
Called Update: UpdateRouteCalls = 14, force = False
Called Update: UpdateRouteCalls = 15, force = False
Called Update: UpdateRouteCalls = 16, force = False
Called Update: UpdateRouteCalls = 17, force = False
!! UPDATING !!
routeNo, updatedMCSIndex =  0 [2, 1, 1, 1, 1, 1, 1, 1]
Node.py: (Node0)@2060800000000.0: Updated MCS from 2 to 2, hist=deque([1.0, 1.0, 1.0, 1.0, 1.0], maxlen=5), packets_serviced=73, packets_received=73
Called Update: UpdateRouteCalls = 0, force = False
Node.py: (Node1)@2060800000000.0: Updated MCS from 1 to 1, hist=deque([0.0, 0.0, 0.0, 0.0, 0.0], maxlen=5), packets_serviced=0, packets_received=73
Called Update: UpdateRouteCalls = 1, force = False
Called Update: UpdateRouteCalls = 2, force = False
Called Update: UpdateRouteCalls = 3, force = False
Called Update: UpdateRouteCalls = 4, force = False
Called Update: UpdateRouteCalls = 5, force = False
Called Update: UpdateRouteCalls = 6, force = False
Called Update: UpdateRouteCalls = 7, force = False
Called Update: UpdateRouteCalls = 8, force = False
Called Update: UpdateRouteCalls = 9, force = False
Called Update: UpdateRouteCalls = 10, force = False
Called Update: UpdateRouteCalls = 11, force = False
Called Update: UpdateRouteCalls = 12, force = False
Called Update: UpdateRouteCalls = 13, force = False
Called Update: UpdateRouteCalls = 14, force = False
Called Update: UpdateRouteCalls = 15, force = False
Called Update: UpdateRouteCalls = 16, force = False
Called Update: UpdateRouteCalls = 17, force = False
!! UPDATING !!
routeNo, updatedMCSIndex =  0 [2, 1, 1, 1, 1, 1, 1, 1]
main.py: Progress: 2061 / 2104
Called Update: UpdateRouteCalls = 0, force = True
!! UPDATING !!
routeNo, updatedMCSIndex =  0 [2, 1, 1, 1, 1, 1, 1, 1]

rf.py: Time: 2061 Route details: {0: {'Route': [0, 1, 2, 3, 4, 5, 6, 7, 8], 'MCS_Index': [2, 1, 1, 1, 1, 1, 1, 1], 'Priority': 1, 'ValidRoute': True, 'HQRoute': True, 'RouteNodeDensity': [0, 0, 0, 0, 0, 2, 0, 0, 0], 'InterferingLinks': 16, 'Target': (-1, -1)}}
Node.py: (Node0)@2061200000000.0: Updated MCS from 2 to 2, hist=deque([1.0, 1.0, 1.0, 1.0, 1.0], maxlen=5), packets_serviced=73, packets_received=73
Called Update: UpdateRouteCalls = 0, force = False
Node.py: (Node1)@2061200000000.0: Updated MCS from 1 to 1, hist=deque([0.0, 0.0, 0.0, 0.0, 0.0], maxlen=5), packets_serviced=0, packets_received=73
Called Update: UpdateRouteCalls = 1, force = False
Called Update: UpdateRouteCalls = 2, force = False
Called Update: UpdateRouteCalls = 3, force = False
Called Update: UpdateRouteCalls = 4, force = False
Called Update: UpdateRouteCalls = 5, force = False
Called Update: UpdateRouteCalls = 6, force = False
Called Update: UpdateRouteCalls = 7, force = False
Called Update: UpdateRouteCalls = 8, force = False
Called Update: UpdateRouteCalls = 9, force = False
Called Update: UpdateRouteCalls = 10, force = False
Called Update: UpdateRouteCalls = 11, force = False
Called Update: UpdateRouteCalls = 12, force = False
Called Update: UpdateRouteCalls = 13, force = False
Called Update: UpdateRouteCalls = 14, force = False
Called Update: UpdateRouteCalls = 15, force = False
Called Update: UpdateRouteCalls = 16, force = False
Called Update: UpdateRouteCalls = 17, force = False
!! UPDATING !!
routeNo, updatedMCSIndex =  0 [2, 1, 1, 1, 1, 1, 1, 1]
Node.py: (Node0)@2061600000000.0: Updated MCS from 2 to 2, hist=deque([1.0, 1.0, 1.0, 1.0, 1.0], maxlen=5), packets_serviced=73, packets_received=73
Called Update: UpdateRouteCalls = 0, force = False
Node.py: (Node1)@2061600000000.0: Updated MCS from 1 to 1, hist=deque([0.0, 0.0, 0.0, 0.0, 0.0], maxlen=5), packets_serviced=0, packets_received=73
Called Update: UpdateRouteCalls = 1, force = False
Called Update: UpdateRouteCalls = 2, force = False
Called Update: UpdateRouteCalls = 3, force = False
Called Update: UpdateRouteCalls = 4, force = False
Called Update: UpdateRouteCalls = 5, force = False
Called Update: UpdateRouteCalls = 6, force = False
Called Update: UpdateRouteCalls = 7, force = False
Called Update: UpdateRouteCalls = 8, force = False
Called Update: UpdateRouteCalls = 9, force = False
Called Update: UpdateRouteCalls = 10, force = False
Called Update: UpdateRouteCalls = 11, force = False
Called Update: UpdateRouteCalls = 12, force = False
Called Update: UpdateRouteCalls = 13, force = False
Called Update: UpdateRouteCalls = 14, force = False
Called Update: UpdateRouteCalls = 15, force = False
Called Update: UpdateRouteCalls = 16, force = False
Called Update: UpdateRouteCalls = 17, force = False
!! UPDATING !!
routeNo, updatedMCSIndex =  0 [2, 1, 1, 1, 1, 1, 1, 1]
main.py: Progress: 2062 / 2104
Node.py: (Node0)@2062000000000.0: Updated MCS from 2 to 2, hist=deque([1.0, 1.0, 1.0, 1.0, 1.0], maxlen=5), packets_serviced=74, packets_received=74
Called Update: UpdateRouteCalls = 0, force = False
Node.py: (Node1)@2062000000000.0: Updated MCS from 1 to 1, hist=deque([0.0, 0.0, 0.0, 0.0, 0.0], maxlen=5), packets_serviced=0, packets_received=73
Called Update: UpdateRouteCalls = 1, force = False
Called Update: UpdateRouteCalls = 2, force = False
Called Update: UpdateRouteCalls = 3, force = False
Called Update: UpdateRouteCalls = 4, force = False
Called Update: UpdateRouteCalls = 5, force = False
Called Update: UpdateRouteCalls = 6, force = False
Called Update: UpdateRouteCalls = 7, force = False
Called Update: UpdateRouteCalls = 8, force = False
Called Update: UpdateRouteCalls = 9, force = False
Called Update: UpdateRouteCalls = 10, force = False
Called Update: UpdateRouteCalls = 11, force = False
Called Update: UpdateRouteCalls = 12, force = False
Called Update: UpdateRouteCalls = 13, force = False
Called Update: UpdateRouteCalls = 14, force = False
Called Update: UpdateRouteCalls = 15, force = False
Called Update: UpdateRouteCalls = 16, force = False
Called Update: UpdateRouteCalls = 17, force = False
!! UPDATING !!
routeNo, updatedMCSIndex =  0 [2, 1, 1, 1, 1, 1, 1, 1]
Called Update: UpdateRouteCalls = 0, force = True
!! UPDATING !!
routeNo, updatedMCSIndex =  0 [2, 1, 1, 1, 1, 1, 1, 1]

rf.py: Time: 2062 Route details: {0: {'Route': [0, 1, 2, 3, 4, 5, 6, 7, 8], 'MCS_Index': [2, 1, 1, 1, 1, 1, 1, 1], 'Priority': 1, 'ValidRoute': True, 'HQRoute': True, 'RouteNodeDensity': [0, 0, 0, 0, 0, 2, 0, 0, 0], 'InterferingLinks': 16, 'Target': (-1, -1)}}
Node.py: (Node0)@2062400000000.0: Updated MCS from 2 to 2, hist=deque([1.0, 1.0, 1.0, 1.0, 1.0], maxlen=5), packets_serviced=73, packets_received=73
Called Update: UpdateRouteCalls = 0, force = False
Node.py: (Node1)@2062400000000.0: Updated MCS from 1 to 1, hist=deque([0.0, 0.0, 0.0, 0.0, 0.0], maxlen=5), packets_serviced=0, packets_received=74
Called Update: UpdateRouteCalls = 1, force = False
Called Update: UpdateRouteCalls = 2, force = False
Called Update: UpdateRouteCalls = 3, force = False
Called Update: UpdateRouteCalls = 4, force = False
Called Update: UpdateRouteCalls = 5, force = False
Called Update: UpdateRouteCalls = 6, force = False
Called Update: UpdateRouteCalls = 7, force = False
Called Update: UpdateRouteCalls = 8, force = False
Called Update: UpdateRouteCalls = 9, force = False
Called Update: UpdateRouteCalls = 10, force = False
Called Update: UpdateRouteCalls = 11, force = False
Called Update: UpdateRouteCalls = 12, force = False
Called Update: UpdateRouteCalls = 13, force = False
Called Update: UpdateRouteCalls = 14, force = False
Called Update: UpdateRouteCalls = 15, force = False
Called Update: UpdateRouteCalls = 16, force = False
Called Update: UpdateRouteCalls = 17, force = False
!! UPDATING !!
routeNo, updatedMCSIndex =  0 [2, 1, 1, 1, 1, 1, 1, 1]
Node.py: (Node0)@2062800000000.0: Updated MCS from 2 to 2, hist=deque([1.0, 1.0, 1.0, 1.0, 1.0], maxlen=5), packets_serviced=73, packets_received=73
Called Update: UpdateRouteCalls = 0, force = False
Node.py: (Node1)@2062800000000.0: Updated MCS from 1 to 1, hist=deque([0.0, 0.0, 0.0, 0.0, 0.0], maxlen=5), packets_serviced=0, packets_received=73
Called Update: UpdateRouteCalls = 1, force = False
Called Update: UpdateRouteCalls = 2, force = False
Called Update: UpdateRouteCalls = 3, force = False
Called Update: UpdateRouteCalls = 4, force = False
Called Update: UpdateRouteCalls = 5, force = False
Called Update: UpdateRouteCalls = 6, force = False
Called Update: UpdateRouteCalls = 7, force = False
Called Update: UpdateRouteCalls = 8, force = False
Called Update: UpdateRouteCalls = 9, force = False
Called Update: UpdateRouteCalls = 10, force = False
Called Update: UpdateRouteCalls = 11, force = False
Called Update: UpdateRouteCalls = 12, force = False
Called Update: UpdateRouteCalls = 13, force = False
Called Update: UpdateRouteCalls = 14, force = False
Called Update: UpdateRouteCalls = 15, force = False
Called Update: UpdateRouteCalls = 16, force = False
Called Update: UpdateRouteCalls = 17, force = False
!! UPDATING !!
routeNo, updatedMCSIndex =  0 [2, 1, 1, 1, 1, 1, 1, 1]
main.py: Progress: 2063 / 2104
Called Update: UpdateRouteCalls = 0, force = True
!! UPDATING !!
routeNo, updatedMCSIndex =  0 [2, 1, 1, 1, 1, 1, 1, 1]

rf.py: Time: 2063 Route details: {0: {'Route': [0, 1, 2, 3, 4, 5, 6, 7, 8], 'MCS_Index': [2, 1, 1, 1, 1, 1, 1, 1], 'Priority': 1, 'ValidRoute': True, 'HQRoute': True, 'RouteNodeDensity': [0, 0, 0, 0, 0, 2, 0, 0, 0], 'InterferingLinks': 16, 'Target': (-1, -1)}}
Node.py: (Node0)@2063200000000.0: Updated MCS from 2 to 2, hist=deque([1.0, 1.0, 1.0, 1.0, 1.0], maxlen=5), packets_serviced=73, packets_received=73
Called Update: UpdateRouteCalls = 0, force = False
Node.py: (Node1)@2063200000000.0: Updated MCS from 1 to 1, hist=deque([0.0, 0.0, 0.0, 0.0, 0.0], maxlen=5), packets_serviced=0, packets_received=73
Called Update: UpdateRouteCalls = 1, force = False
Called Update: UpdateRouteCalls = 2, force = False
Called Update: UpdateRouteCalls = 3, force = False
Called Update: UpdateRouteCalls = 4, force = False
Called Update: UpdateRouteCalls = 5, force = False
Called Update: UpdateRouteCalls = 6, force = False
Called Update: UpdateRouteCalls = 7, force = False
Called Update: UpdateRouteCalls = 8, force = False
Called Update: UpdateRouteCalls = 9, force = False
Called Update: UpdateRouteCalls = 10, force = False
Called Update: UpdateRouteCalls = 11, force = False
Called Update: UpdateRouteCalls = 12, force = False
Called Update: UpdateRouteCalls = 13, force = False
Called Update: UpdateRouteCalls = 14, force = False
Called Update: UpdateRouteCalls = 15, force = False
Called Update: UpdateRouteCalls = 16, force = False
Called Update: UpdateRouteCalls = 17, force = False
!! UPDATING !!
routeNo, updatedMCSIndex =  0 [2, 1, 1, 1, 1, 1, 1, 1]
Node.py: (Node0)@2063600000000.0: Updated MCS from 2 to 2, hist=deque([1.0, 1.0, 1.0, 1.0, 1.0], maxlen=5), packets_serviced=73, packets_received=73
Called Update: UpdateRouteCalls = 0, force = False
Node.py: (Node1)@2063600000000.0: Updated MCS from 1 to 1, hist=deque([0.0, 0.0, 0.0, 0.0, 0.0], maxlen=5), packets_serviced=0, packets_received=73
Called Update: UpdateRouteCalls = 1, force = False
Called Update: UpdateRouteCalls = 2, force = False
Called Update: UpdateRouteCalls = 3, force = False
Called Update: UpdateRouteCalls = 4, force = False
Called Update: UpdateRouteCalls = 5, force = False
Called Update: UpdateRouteCalls = 6, force = False
Called Update: UpdateRouteCalls = 7, force = False
Called Update: UpdateRouteCalls = 8, force = False
Called Update: UpdateRouteCalls = 9, force = False
Called Update: UpdateRouteCalls = 10, force = False
Called Update: UpdateRouteCalls = 11, force = False
Called Update: UpdateRouteCalls = 12, force = False
Called Update: UpdateRouteCalls = 13, force = False
Called Update: UpdateRouteCalls = 14, force = False
Called Update: UpdateRouteCalls = 15, force = False
Called Update: UpdateRouteCalls = 16, force = False
Called Update: UpdateRouteCalls = 17, force = False
!! UPDATING !!
routeNo, updatedMCSIndex =  0 [2, 1, 1, 1, 1, 1, 1, 1]
main.py: Progress: 2064 / 2104
Node.py: (Node0)@2064000000000.0: Updated MCS from 2 to 2, hist=deque([1.0, 1.0, 1.0, 1.0, 1.0], maxlen=5), packets_serviced=74, packets_received=74
Called Update: UpdateRouteCalls = 0, force = False
Node.py: (Node1)@2064000000000.0: Updated MCS from 1 to 1, hist=deque([0.0, 0.0, 0.0, 0.0, 0.0], maxlen=5), packets_serviced=0, packets_received=73
Called Update: UpdateRouteCalls = 1, force = False
Called Update: UpdateRouteCalls = 2, force = False
Called Update: UpdateRouteCalls = 3, force = False
Called Update: UpdateRouteCalls = 4, force = False
Called Update: UpdateRouteCalls = 5, force = False
Called Update: UpdateRouteCalls = 6, force = False
Called Update: UpdateRouteCalls = 7, force = False
Called Update: UpdateRouteCalls = 8, force = False
Called Update: UpdateRouteCalls = 9, force = False
Called Update: UpdateRouteCalls = 10, force = False
Called Update: UpdateRouteCalls = 11, force = False
Called Update: UpdateRouteCalls = 12, force = False
Called Update: UpdateRouteCalls = 13, force = False
Called Update: UpdateRouteCalls = 14, force = False
Called Update: UpdateRouteCalls = 15, force = False
Called Update: UpdateRouteCalls = 16, force = False
Called Update: UpdateRouteCalls = 17, force = False
!! UPDATING !!
routeNo, updatedMCSIndex =  0 [2, 1, 1, 1, 1, 1, 1, 1]
Called Update: UpdateRouteCalls = 0, force = True
!! UPDATING !!
routeNo, updatedMCSIndex =  0 [2, 1, 1, 1, 1, 1, 1, 1]

rf.py: Time: 2064 Route details: {0: {'Route': [0, 1, 2, 3, 4, 5, 6, 7, 8], 'MCS_Index': [2, 1, 1, 1, 1, 1, 1, 1], 'Priority': 1, 'ValidRoute': True, 'HQRoute': True, 'RouteNodeDensity': [0, 0, 0, 0, 0, 2, 0, 0, 0], 'InterferingLinks': 16, 'Target': (-1, -1)}}
Node.py: (Node0)@2064400000000.0: Updated MCS from 2 to 2, hist=deque([1.0, 1.0, 1.0, 1.0, 1.0], maxlen=5), packets_serviced=73, packets_received=73
Called Update: UpdateRouteCalls = 0, force = False
Node.py: (Node1)@2064400000000.0: Updated MCS from 1 to 1, hist=deque([0.0, 0.0, 0.0, 0.0, 0.0], maxlen=5), packets_serviced=0, packets_received=74
Called Update: UpdateRouteCalls = 1, force = False
Called Update: UpdateRouteCalls = 2, force = False
Called Update: UpdateRouteCalls = 3, force = False
Called Update: UpdateRouteCalls = 4, force = False
Called Update: UpdateRouteCalls = 5, force = False
Called Update: UpdateRouteCalls = 6, force = False
Called Update: UpdateRouteCalls = 7, force = False
Called Update: UpdateRouteCalls = 8, force = False
Called Update: UpdateRouteCalls = 9, force = False
Called Update: UpdateRouteCalls = 10, force = False
Called Update: UpdateRouteCalls = 11, force = False
Called Update: UpdateRouteCalls = 12, force = False
Called Update: UpdateRouteCalls = 13, force = False
Called Update: UpdateRouteCalls = 14, force = False
Called Update: UpdateRouteCalls = 15, force = False
Called Update: UpdateRouteCalls = 16, force = False
Called Update: UpdateRouteCalls = 17, force = False
!! UPDATING !!
routeNo, updatedMCSIndex =  0 [2, 1, 1, 1, 1, 1, 1, 1]
Node.py: (Node0)@2064800000000.0: Updated MCS from 2 to 2, hist=deque([1.0, 1.0, 1.0, 1.0, 1.0], maxlen=5), packets_serviced=73, packets_received=73
Called Update: UpdateRouteCalls = 0, force = False
Node.py: (Node1)@2064800000000.0: Updated MCS from 1 to 1, hist=deque([0.0, 0.0, 0.0, 0.0, 0.0], maxlen=5), packets_serviced=0, packets_received=73
Called Update: UpdateRouteCalls = 1, force = False
Called Update: UpdateRouteCalls = 2, force = False
Called Update: UpdateRouteCalls = 3, force = False
Called Update: UpdateRouteCalls = 4, force = False
Called Update: UpdateRouteCalls = 5, force = False
Called Update: UpdateRouteCalls = 6, force = False
Called Update: UpdateRouteCalls = 7, force = False
Called Update: UpdateRouteCalls = 8, force = False
Called Update: UpdateRouteCalls = 9, force = False
Called Update: UpdateRouteCalls = 10, force = False
Called Update: UpdateRouteCalls = 11, force = False
Called Update: UpdateRouteCalls = 12, force = False
Called Update: UpdateRouteCalls = 13, force = False
Called Update: UpdateRouteCalls = 14, force = False
Called Update: UpdateRouteCalls = 15, force = False
Called Update: UpdateRouteCalls = 16, force = False
Called Update: UpdateRouteCalls = 17, force = False
!! UPDATING !!
routeNo, updatedMCSIndex =  0 [2, 1, 1, 1, 1, 1, 1, 1]
main.py: Progress: 2065 / 2104
Called Update: UpdateRouteCalls = 0, force = True
!! UPDATING !!
routeNo, updatedMCSIndex =  0 [2, 1, 1, 1, 1, 1, 1, 1]

rf.py: Time: 2065 Route details: {0: {'Route': [0, 1, 2, 3, 4, 5, 6, 7, 8], 'MCS_Index': [2, 1, 1, 1, 1, 1, 1, 1], 'Priority': 1, 'ValidRoute': True, 'HQRoute': True, 'RouteNodeDensity': [0, 0, 0, 0, 0, 2, 0, 0, 0], 'InterferingLinks': 16, 'Target': (-1, -1)}}
Node.py: (Node0)@2065200000000.0: Updated MCS from 2 to 2, hist=deque([1.0, 1.0, 1.0, 1.0, 1.0], maxlen=5), packets_serviced=73, packets_received=73
Called Update: UpdateRouteCalls = 0, force = False
Node.py: (Node1)@2065200000000.0: Updated MCS from 1 to 1, hist=deque([0.0, 0.0, 0.0, 0.0, 0.0], maxlen=5), packets_serviced=0, packets_received=73
Called Update: UpdateRouteCalls = 1, force = False
Called Update: UpdateRouteCalls = 2, force = False
Called Update: UpdateRouteCalls = 3, force = False
Called Update: UpdateRouteCalls = 4, force = False
Called Update: UpdateRouteCalls = 5, force = False
Called Update: UpdateRouteCalls = 6, force = False
Called Update: UpdateRouteCalls = 7, force = False
Called Update: UpdateRouteCalls = 8, force = False
Called Update: UpdateRouteCalls = 9, force = False
Called Update: UpdateRouteCalls = 10, force = False
Called Update: UpdateRouteCalls = 11, force = False
Called Update: UpdateRouteCalls = 12, force = False
Called Update: UpdateRouteCalls = 13, force = False
Called Update: UpdateRouteCalls = 14, force = False
Called Update: UpdateRouteCalls = 15, force = False
Called Update: UpdateRouteCalls = 16, force = False
Called Update: UpdateRouteCalls = 17, force = False
!! UPDATING !!
routeNo, updatedMCSIndex =  0 [2, 1, 1, 1, 1, 1, 1, 1]
Node.py: (Node0)@2065600000000.0: Updated MCS from 2 to 2, hist=deque([1.0, 1.0, 1.0, 1.0, 1.0], maxlen=5), packets_serviced=73, packets_received=73
Called Update: UpdateRouteCalls = 0, force = False
Node.py: (Node1)@2065600000000.0: Updated MCS from 1 to 1, hist=deque([0.0, 0.0, 0.0, 0.0, 0.0], maxlen=5), packets_serviced=0, packets_received=73
Called Update: UpdateRouteCalls = 1, force = False
Called Update: UpdateRouteCalls = 2, force = False
Called Update: UpdateRouteCalls = 3, force = False
Called Update: UpdateRouteCalls = 4, force = False
Called Update: UpdateRouteCalls = 5, force = False
Called Update: UpdateRouteCalls = 6, force = False
Called Update: UpdateRouteCalls = 7, force = False
Called Update: UpdateRouteCalls = 8, force = False
Called Update: UpdateRouteCalls = 9, force = False
Called Update: UpdateRouteCalls = 10, force = False
Called Update: UpdateRouteCalls = 11, force = False
Called Update: UpdateRouteCalls = 12, force = False
Called Update: UpdateRouteCalls = 13, force = False
Called Update: UpdateRouteCalls = 14, force = False
Called Update: UpdateRouteCalls = 15, force = False
Called Update: UpdateRouteCalls = 16, force = False
Called Update: UpdateRouteCalls = 17, force = False
!! UPDATING !!
routeNo, updatedMCSIndex =  0 [2, 1, 1, 1, 1, 1, 1, 1]
main.py: Progress: 2066 / 2104
Node.py: (Node0)@2066000000000.0: Updated MCS from 2 to 2, hist=deque([1.0, 1.0, 1.0, 1.0, 1.0], maxlen=5), packets_serviced=74, packets_received=74
Called Update: UpdateRouteCalls = 0, force = False
Node.py: (Node1)@2066000000000.0: Updated MCS from 1 to 1, hist=deque([0.0, 0.0, 0.0, 0.0, 0.0], maxlen=5), packets_serviced=0, packets_received=73
Called Update: UpdateRouteCalls = 1, force = False
Called Update: UpdateRouteCalls = 2, force = False
Called Update: UpdateRouteCalls = 3, force = False
Called Update: UpdateRouteCalls = 4, force = False
Called Update: UpdateRouteCalls = 5, force = False
Called Update: UpdateRouteCalls = 6, force = False
Called Update: UpdateRouteCalls = 7, force = False
Called Update: UpdateRouteCalls = 8, force = False
Called Update: UpdateRouteCalls = 9, force = False
Called Update: UpdateRouteCalls = 10, force = False
Called Update: UpdateRouteCalls = 11, force = False
Called Update: UpdateRouteCalls = 12, force = False
Called Update: UpdateRouteCalls = 13, force = False
Called Update: UpdateRouteCalls = 14, force = False
Called Update: UpdateRouteCalls = 15, force = False
Called Update: UpdateRouteCalls = 16, force = False
Called Update: UpdateRouteCalls = 17, force = False
!! UPDATING !!
routeNo, updatedMCSIndex =  0 [2, 1, 1, 1, 1, 1, 1, 1]
Called Update: UpdateRouteCalls = 0, force = True
!! UPDATING !!
routeNo, updatedMCSIndex =  0 [2, 1, 1, 1, 1, 1, 1, 1]

rf.py: Time: 2066 Route details: {0: {'Route': [0, 1, 2, 3, 4, 5, 6, 7, 8], 'MCS_Index': [2, 1, 1, 1, 1, 1, 1, 1], 'Priority': 1, 'ValidRoute': True, 'HQRoute': True, 'RouteNodeDensity': [0, 0, 0, 0, 0, 2, 0, 0, 0], 'InterferingLinks': 16, 'Target': (-1, -1)}}
Node.py: (Node0)@2066400000000.0: Updated MCS from 2 to 2, hist=deque([1.0, 1.0, 1.0, 1.0, 1.0], maxlen=5), packets_serviced=73, packets_received=73
Called Update: UpdateRouteCalls = 0, force = False
Node.py: (Node1)@2066400000000.0: Updated MCS from 1 to 1, hist=deque([0.0, 0.0, 0.0, 0.0, 0.0], maxlen=5), packets_serviced=0, packets_received=74
Called Update: UpdateRouteCalls = 1, force = False
Called Update: UpdateRouteCalls = 2, force = False
Called Update: UpdateRouteCalls = 3, force = False
Called Update: UpdateRouteCalls = 4, force = False
Called Update: UpdateRouteCalls = 5, force = False
Called Update: UpdateRouteCalls = 6, force = False
Called Update: UpdateRouteCalls = 7, force = False
Called Update: UpdateRouteCalls = 8, force = False
Called Update: UpdateRouteCalls = 9, force = False
Called Update: UpdateRouteCalls = 10, force = False
Called Update: UpdateRouteCalls = 11, force = False
Called Update: UpdateRouteCalls = 12, force = False
Called Update: UpdateRouteCalls = 13, force = False
Called Update: UpdateRouteCalls = 14, force = False
Called Update: UpdateRouteCalls = 15, force = False
Called Update: UpdateRouteCalls = 16, force = False
Called Update: UpdateRouteCalls = 17, force = False
!! UPDATING !!
routeNo, updatedMCSIndex =  0 [2, 1, 1, 1, 1, 1, 1, 1]
Node.py: (Node0)@2066800000000.0: Updated MCS from 2 to 2, hist=deque([1.0, 1.0, 1.0, 1.0, 1.0], maxlen=5), packets_serviced=73, packets_received=73
Called Update: UpdateRouteCalls = 0, force = False
Node.py: (Node1)@2066800000000.0: Updated MCS from 1 to 1, hist=deque([0.0, 0.0, 0.0, 0.0, 0.0], maxlen=5), packets_serviced=0, packets_received=73
Called Update: UpdateRouteCalls = 1, force = False
Called Update: UpdateRouteCalls = 2, force = False
Called Update: UpdateRouteCalls = 3, force = False
Called Update: UpdateRouteCalls = 4, force = False
Called Update: UpdateRouteCalls = 5, force = False
Called Update: UpdateRouteCalls = 6, force = False
Called Update: UpdateRouteCalls = 7, force = False
Called Update: UpdateRouteCalls = 8, force = False
Called Update: UpdateRouteCalls = 9, force = False
Called Update: UpdateRouteCalls = 10, force = False
Called Update: UpdateRouteCalls = 11, force = False
Called Update: UpdateRouteCalls = 12, force = False
Called Update: UpdateRouteCalls = 13, force = False
Called Update: UpdateRouteCalls = 14, force = False
Called Update: UpdateRouteCalls = 15, force = False
Called Update: UpdateRouteCalls = 16, force = False
Called Update: UpdateRouteCalls = 17, force = False
!! UPDATING !!
routeNo, updatedMCSIndex =  0 [2, 1, 1, 1, 1, 1, 1, 1]
main.py: Progress: 2067 / 2104
Called Update: UpdateRouteCalls = 0, force = True
!! UPDATING !!
routeNo, updatedMCSIndex =  0 [2, 1, 1, 1, 1, 1, 1, 1]

rf.py: Time: 2067 Route details: {0: {'Route': [0, 1, 2, 3, 4, 5, 6, 7, 8], 'MCS_Index': [2, 1, 1, 1, 1, 1, 1, 1], 'Priority': 1, 'ValidRoute': True, 'HQRoute': True, 'RouteNodeDensity': [0, 0, 0, 0, 0, 2, 0, 0, 0], 'InterferingLinks': 16, 'Target': (-1, -1)}}
Node.py: (Node0)@2067200000000.0: Updated MCS from 2 to 2, hist=deque([1.0, 1.0, 1.0, 1.0, 1.0], maxlen=5), packets_serviced=73, packets_received=73
Called Update: UpdateRouteCalls = 0, force = False
Node.py: (Node1)@2067200000000.0: Updated MCS from 1 to 1, hist=deque([0.0, 0.0, 0.0, 0.0, 0.0], maxlen=5), packets_serviced=0, packets_received=73
Called Update: UpdateRouteCalls = 1, force = False
Called Update: UpdateRouteCalls = 2, force = False
Called Update: UpdateRouteCalls = 3, force = False
Called Update: UpdateRouteCalls = 4, force = False
Called Update: UpdateRouteCalls = 5, force = False
Called Update: UpdateRouteCalls = 6, force = False
Called Update: UpdateRouteCalls = 7, force = False
Called Update: UpdateRouteCalls = 8, force = False
Called Update: UpdateRouteCalls = 9, force = False
Called Update: UpdateRouteCalls = 10, force = False
Called Update: UpdateRouteCalls = 11, force = False
Called Update: UpdateRouteCalls = 12, force = False
Called Update: UpdateRouteCalls = 13, force = False
Called Update: UpdateRouteCalls = 14, force = False
Called Update: UpdateRouteCalls = 15, force = False
Called Update: UpdateRouteCalls = 16, force = False
Called Update: UpdateRouteCalls = 17, force = False
!! UPDATING !!
routeNo, updatedMCSIndex =  0 [2, 1, 1, 1, 1, 1, 1, 1]
Node.py: (Node0)@2067600000000.0: Updated MCS from 2 to 2, hist=deque([1.0, 1.0, 1.0, 1.0, 1.0], maxlen=5), packets_serviced=73, packets_received=73
Called Update: UpdateRouteCalls = 0, force = False
Node.py: (Node1)@2067600000000.0: Updated MCS from 1 to 1, hist=deque([0.0, 0.0, 0.0, 0.0, 0.0], maxlen=5), packets_serviced=0, packets_received=73
Called Update: UpdateRouteCalls = 1, force = False
Called Update: UpdateRouteCalls = 2, force = False
Called Update: UpdateRouteCalls = 3, force = False
Called Update: UpdateRouteCalls = 4, force = False
Called Update: UpdateRouteCalls = 5, force = False
Called Update: UpdateRouteCalls = 6, force = False
Called Update: UpdateRouteCalls = 7, force = False
Called Update: UpdateRouteCalls = 8, force = False
Called Update: UpdateRouteCalls = 9, force = False
Called Update: UpdateRouteCalls = 10, force = False
Called Update: UpdateRouteCalls = 11, force = False
Called Update: UpdateRouteCalls = 12, force = False
Called Update: UpdateRouteCalls = 13, force = False
Called Update: UpdateRouteCalls = 14, force = False
Called Update: UpdateRouteCalls = 15, force = False
Called Update: UpdateRouteCalls = 16, force = False
Called Update: UpdateRouteCalls = 17, force = False
!! UPDATING !!
routeNo, updatedMCSIndex =  0 [2, 1, 1, 1, 1, 1, 1, 1]
main.py: Progress: 2068 / 2104
Node.py: (Node0)@2068000000000.0: Updated MCS from 2 to 2, hist=deque([1.0, 1.0, 1.0, 1.0, 0.9864864864864865], maxlen=5), packets_serviced=73, packets_received=74
Called Update: UpdateRouteCalls = 0, force = False
Node.py: (Node1)@2068000000000.0: Updated MCS from 1 to 1, hist=deque([0.0, 0.0, 0.0, 0.0, 0.0], maxlen=5), packets_serviced=0, packets_received=73
Called Update: UpdateRouteCalls = 1, force = False
Called Update: UpdateRouteCalls = 2, force = False
Called Update: UpdateRouteCalls = 3, force = False
Called Update: UpdateRouteCalls = 4, force = False
Called Update: UpdateRouteCalls = 5, force = False
Called Update: UpdateRouteCalls = 6, force = False
Called Update: UpdateRouteCalls = 7, force = False
Called Update: UpdateRouteCalls = 8, force = False
Called Update: UpdateRouteCalls = 9, force = False
Called Update: UpdateRouteCalls = 10, force = False
Called Update: UpdateRouteCalls = 11, force = False
Called Update: UpdateRouteCalls = 12, force = False
Called Update: UpdateRouteCalls = 13, force = False
Called Update: UpdateRouteCalls = 14, force = False
Called Update: UpdateRouteCalls = 15, force = False
Called Update: UpdateRouteCalls = 16, force = False
Called Update: UpdateRouteCalls = 17, force = False
!! UPDATING !!
routeNo, updatedMCSIndex =  0 [2, 1, 1, 1, 1, 1, 1, 1]
Called Update: UpdateRouteCalls = 0, force = True
!! UPDATING !!
routeNo, updatedMCSIndex =  0 [2, 1, 1, 1, 1, 1, 1, 1]

rf.py: Time: 2068 Route details: {0: {'Route': [0, 1, 2, 3, 4, 5, 6, 7, 8], 'MCS_Index': [2, 1, 1, 1, 1, 1, 1, 1], 'Priority': 1, 'ValidRoute': True, 'HQRoute': True, 'RouteNodeDensity': [0, 0, 0, 0, 0, 2, 0, 0, 0], 'InterferingLinks': 16, 'Target': (-1, -1)}}
Node.py: (Node0)@2068400000000.0: Updated MCS from 2 to 2, hist=deque([1.0, 1.0, 1.0, 0.9864864864864865, 1.0136986301369864], maxlen=5), packets_serviced=74, packets_received=73
Called Update: UpdateRouteCalls = 0, force = False
Node.py: (Node1)@2068400000000.0: Updated MCS from 1 to 1, hist=deque([0.0, 0.0, 0.0, 0.0, 0.0], maxlen=5), packets_serviced=0, packets_received=74
Called Update: UpdateRouteCalls = 1, force = False
Called Update: UpdateRouteCalls = 2, force = False
Called Update: UpdateRouteCalls = 3, force = False
Called Update: UpdateRouteCalls = 4, force = False
Called Update: UpdateRouteCalls = 5, force = False
Called Update: UpdateRouteCalls = 6, force = False
Called Update: UpdateRouteCalls = 7, force = False
Called Update: UpdateRouteCalls = 8, force = False
Called Update: UpdateRouteCalls = 9, force = False
Called Update: UpdateRouteCalls = 10, force = False
Called Update: UpdateRouteCalls = 11, force = False
Called Update: UpdateRouteCalls = 12, force = False
Called Update: UpdateRouteCalls = 13, force = False
Called Update: UpdateRouteCalls = 14, force = False
Called Update: UpdateRouteCalls = 15, force = False
Called Update: UpdateRouteCalls = 16, force = False
Called Update: UpdateRouteCalls = 17, force = False
!! UPDATING !!
routeNo, updatedMCSIndex =  0 [2, 1, 1, 1, 1, 1, 1, 1]
Node.py: (Node0)@2068800000000.0: Updated MCS from 2 to 2, hist=deque([1.0, 1.0, 0.9864864864864865, 1.0136986301369864, 1.0], maxlen=5), packets_serviced=73, packets_received=73
Called Update: UpdateRouteCalls = 0, force = False
Node.py: (Node1)@2068800000000.0: Updated MCS from 1 to 1, hist=deque([0.0, 0.0, 0.0, 0.0, 0.0], maxlen=5), packets_serviced=0, packets_received=73
Called Update: UpdateRouteCalls = 1, force = False
Called Update: UpdateRouteCalls = 2, force = False
Called Update: UpdateRouteCalls = 3, force = False
Called Update: UpdateRouteCalls = 4, force = False
Called Update: UpdateRouteCalls = 5, force = False
Called Update: UpdateRouteCalls = 6, force = False
Called Update: UpdateRouteCalls = 7, force = False
Called Update: UpdateRouteCalls = 8, force = False
Called Update: UpdateRouteCalls = 9, force = False
Called Update: UpdateRouteCalls = 10, force = False
Called Update: UpdateRouteCalls = 11, force = False
Called Update: UpdateRouteCalls = 12, force = False
Called Update: UpdateRouteCalls = 13, force = False
Called Update: UpdateRouteCalls = 14, force = False
Called Update: UpdateRouteCalls = 15, force = False
Called Update: UpdateRouteCalls = 16, force = False
Called Update: UpdateRouteCalls = 17, force = False
!! UPDATING !!
routeNo, updatedMCSIndex =  0 [2, 1, 1, 1, 1, 1, 1, 1]
main.py: Progress: 2069 / 2104
Called Update: UpdateRouteCalls = 0, force = True
!! UPDATING !!
routeNo, updatedMCSIndex =  0 [2, 1, 1, 1, 1, 1, 1, 1]

rf.py: Time: 2069 Route details: {0: {'Route': [0, 1, 2, 3, 4, 5, 6, 7, 8], 'MCS_Index': [2, 1, 1, 1, 1, 1, 1, 1], 'Priority': 1, 'ValidRoute': True, 'HQRoute': True, 'RouteNodeDensity': [0, 0, 0, 0, 0, 2, 0, 0, 0], 'InterferingLinks': 16, 'Target': (-1, -1)}}
Node.py: (Node0)@2069200000000.0: Updated MCS from 2 to 2, hist=deque([1.0, 0.9864864864864865, 1.0136986301369864, 1.0, 1.0], maxlen=5), packets_serviced=73, packets_received=73
Called Update: UpdateRouteCalls = 0, force = False
Node.py: (Node1)@2069200000000.0: Updated MCS from 1 to 1, hist=deque([0.0, 0.0, 0.0, 0.0, 0.0], maxlen=5), packets_serviced=0, packets_received=73
Called Update: UpdateRouteCalls = 1, force = False
Called Update: UpdateRouteCalls = 2, force = False
Called Update: UpdateRouteCalls = 3, force = False
Called Update: UpdateRouteCalls = 4, force = False
Called Update: UpdateRouteCalls = 5, force = False
Called Update: UpdateRouteCalls = 6, force = False
Called Update: UpdateRouteCalls = 7, force = False
Called Update: UpdateRouteCalls = 8, force = False
Called Update: UpdateRouteCalls = 9, force = False
Called Update: UpdateRouteCalls = 10, force = False
Called Update: UpdateRouteCalls = 11, force = False
Called Update: UpdateRouteCalls = 12, force = False
Called Update: UpdateRouteCalls = 13, force = False
Called Update: UpdateRouteCalls = 14, force = False
Called Update: UpdateRouteCalls = 15, force = False
Called Update: UpdateRouteCalls = 16, force = False
Called Update: UpdateRouteCalls = 17, force = False
!! UPDATING !!
routeNo, updatedMCSIndex =  0 [2, 1, 1, 1, 1, 1, 1, 1]
Node.py: (Node0)@2069600000000.0: Updated MCS from 2 to 2, hist=deque([0.9864864864864865, 1.0136986301369864, 1.0, 1.0, 1.0], maxlen=5), packets_serviced=73, packets_received=73
Called Update: UpdateRouteCalls = 0, force = False
Node.py: (Node1)@2069600000000.0: Updated MCS from 1 to 1, hist=deque([0.0, 0.0, 0.0, 0.0, 0.0], maxlen=5), packets_serviced=0, packets_received=73
Called Update: UpdateRouteCalls = 1, force = False
Called Update: UpdateRouteCalls = 2, force = False
Called Update: UpdateRouteCalls = 3, force = False
Called Update: UpdateRouteCalls = 4, force = False
Called Update: UpdateRouteCalls = 5, force = False
Called Update: UpdateRouteCalls = 6, force = False
Called Update: UpdateRouteCalls = 7, force = False
Called Update: UpdateRouteCalls = 8, force = False
Called Update: UpdateRouteCalls = 9, force = False
Called Update: UpdateRouteCalls = 10, force = False
Called Update: UpdateRouteCalls = 11, force = False
Called Update: UpdateRouteCalls = 12, force = False
Called Update: UpdateRouteCalls = 13, force = False
Called Update: UpdateRouteCalls = 14, force = False
Called Update: UpdateRouteCalls = 15, force = False
Called Update: UpdateRouteCalls = 16, force = False
Called Update: UpdateRouteCalls = 17, force = False
!! UPDATING !!
routeNo, updatedMCSIndex =  0 [2, 1, 1, 1, 1, 1, 1, 1]
main.py: Progress: 2070 / 2104
Node.py: (Node0)@2070000000000.0: Updated MCS from 2 to 2, hist=deque([1.0136986301369864, 1.0, 1.0, 1.0, 1.0], maxlen=5), packets_serviced=74, packets_received=74
Called Update: UpdateRouteCalls = 0, force = False
Node.py: (Node1)@2070000000000.0: Updated MCS from 1 to 1, hist=deque([0.0, 0.0, 0.0, 0.0, 0.0], maxlen=5), packets_serviced=0, packets_received=73
Called Update: UpdateRouteCalls = 1, force = False
Called Update: UpdateRouteCalls = 2, force = False
Called Update: UpdateRouteCalls = 3, force = False
Called Update: UpdateRouteCalls = 4, force = False
Called Update: UpdateRouteCalls = 5, force = False
Called Update: UpdateRouteCalls = 6, force = False
Called Update: UpdateRouteCalls = 7, force = False
Called Update: UpdateRouteCalls = 8, force = False
Called Update: UpdateRouteCalls = 9, force = False
Called Update: UpdateRouteCalls = 10, force = False
Called Update: UpdateRouteCalls = 11, force = False
Called Update: UpdateRouteCalls = 12, force = False
Called Update: UpdateRouteCalls = 13, force = False
Called Update: UpdateRouteCalls = 14, force = False
Called Update: UpdateRouteCalls = 15, force = False
Called Update: UpdateRouteCalls = 16, force = False
Called Update: UpdateRouteCalls = 17, force = False
!! UPDATING !!
routeNo, updatedMCSIndex =  0 [2, 1, 1, 1, 1, 1, 1, 1]
Called Update: UpdateRouteCalls = 0, force = True
!! UPDATING !!
routeNo, updatedMCSIndex =  0 [2, 1, 1, 1, 1, 1, 1, 1]

rf.py: Time: 2070 Route details: {0: {'Route': [0, 1, 2, 3, 4, 5, 6, 7, 8], 'MCS_Index': [2, 1, 1, 1, 1, 1, 1, 1], 'Priority': 1, 'ValidRoute': True, 'HQRoute': True, 'RouteNodeDensity': [0, 0, 0, 0, 0, 2, 0, 0, 0], 'InterferingLinks': 16, 'Target': (-1, -1)}}
Node.py: (Node0)@2070400000000.0: Updated MCS from 2 to 2, hist=deque([1.0, 1.0, 1.0, 1.0, 1.0], maxlen=5), packets_serviced=73, packets_received=73
Called Update: UpdateRouteCalls = 0, force = False
Node.py: (Node1)@2070400000000.0: Updated MCS from 1 to 1, hist=deque([0.0, 0.0, 0.0, 0.0, 0.0], maxlen=5), packets_serviced=0, packets_received=74
Called Update: UpdateRouteCalls = 1, force = False
Called Update: UpdateRouteCalls = 2, force = False
Called Update: UpdateRouteCalls = 3, force = False
Called Update: UpdateRouteCalls = 4, force = False
Called Update: UpdateRouteCalls = 5, force = False
Called Update: UpdateRouteCalls = 6, force = False
Called Update: UpdateRouteCalls = 7, force = False
Called Update: UpdateRouteCalls = 8, force = False
Called Update: UpdateRouteCalls = 9, force = False
Called Update: UpdateRouteCalls = 10, force = False
Called Update: UpdateRouteCalls = 11, force = False
Called Update: UpdateRouteCalls = 12, force = False
Called Update: UpdateRouteCalls = 13, force = False
Called Update: UpdateRouteCalls = 14, force = False
Called Update: UpdateRouteCalls = 15, force = False
Called Update: UpdateRouteCalls = 16, force = False
Called Update: UpdateRouteCalls = 17, force = False
!! UPDATING !!
routeNo, updatedMCSIndex =  0 [2, 1, 1, 1, 1, 1, 1, 1]
Node.py: (Node0)@2070800000000.0: Updated MCS from 2 to 2, hist=deque([1.0, 1.0, 1.0, 1.0, 1.0], maxlen=5), packets_serviced=73, packets_received=73
Called Update: UpdateRouteCalls = 0, force = False
Node.py: (Node1)@2070800000000.0: Updated MCS from 1 to 1, hist=deque([0.0, 0.0, 0.0, 0.0, 0.0], maxlen=5), packets_serviced=0, packets_received=73
Called Update: UpdateRouteCalls = 1, force = False
Called Update: UpdateRouteCalls = 2, force = False
Called Update: UpdateRouteCalls = 3, force = False
Called Update: UpdateRouteCalls = 4, force = False
Called Update: UpdateRouteCalls = 5, force = False
Called Update: UpdateRouteCalls = 6, force = False
Called Update: UpdateRouteCalls = 7, force = False
Called Update: UpdateRouteCalls = 8, force = False
Called Update: UpdateRouteCalls = 9, force = False
Called Update: UpdateRouteCalls = 10, force = False
Called Update: UpdateRouteCalls = 11, force = False
Called Update: UpdateRouteCalls = 12, force = False
Called Update: UpdateRouteCalls = 13, force = False
Called Update: UpdateRouteCalls = 14, force = False
Called Update: UpdateRouteCalls = 15, force = False
Called Update: UpdateRouteCalls = 16, force = False
Called Update: UpdateRouteCalls = 17, force = False
!! UPDATING !!
routeNo, updatedMCSIndex =  0 [2, 1, 1, 1, 1, 1, 1, 1]
main.py: Progress: 2071 / 2104
Called Update: UpdateRouteCalls = 0, force = True
!! UPDATING !!
routeNo, updatedMCSIndex =  0 [2, 1, 1, 1, 1, 1, 1, 1]

rf.py: Time: 2071 Route details: {0: {'Route': [0, 1, 2, 3, 4, 5, 6, 7, 8], 'MCS_Index': [2, 1, 1, 1, 1, 1, 1, 1], 'Priority': 1, 'ValidRoute': True, 'HQRoute': True, 'RouteNodeDensity': [0, 0, 0, 0, 0, 2, 0, 0, 0], 'InterferingLinks': 16, 'Target': (-1, -1)}}
Node.py: (Node0)@2071200000000.0: Updated MCS from 2 to 2, hist=deque([1.0, 1.0, 1.0, 1.0, 1.0], maxlen=5), packets_serviced=73, packets_received=73
Called Update: UpdateRouteCalls = 0, force = False
Node.py: (Node1)@2071200000000.0: Updated MCS from 1 to 1, hist=deque([0.0, 0.0, 0.0, 0.0, 0.0], maxlen=5), packets_serviced=0, packets_received=73
Called Update: UpdateRouteCalls = 1, force = False
Called Update: UpdateRouteCalls = 2, force = False
Called Update: UpdateRouteCalls = 3, force = False
Called Update: UpdateRouteCalls = 4, force = False
Called Update: UpdateRouteCalls = 5, force = False
Called Update: UpdateRouteCalls = 6, force = False
Called Update: UpdateRouteCalls = 7, force = False
Called Update: UpdateRouteCalls = 8, force = False
Called Update: UpdateRouteCalls = 9, force = False
Called Update: UpdateRouteCalls = 10, force = False
Called Update: UpdateRouteCalls = 11, force = False
Called Update: UpdateRouteCalls = 12, force = False
Called Update: UpdateRouteCalls = 13, force = False
Called Update: UpdateRouteCalls = 14, force = False
Called Update: UpdateRouteCalls = 15, force = False
Called Update: UpdateRouteCalls = 16, force = False
Called Update: UpdateRouteCalls = 17, force = False
!! UPDATING !!
routeNo, updatedMCSIndex =  0 [2, 1, 1, 1, 1, 1, 1, 1]
Node.py: (Node0)@2071600000000.0: Updated MCS from 2 to 2, hist=deque([1.0, 1.0, 1.0, 1.0, 1.0], maxlen=5), packets_serviced=73, packets_received=73
Called Update: UpdateRouteCalls = 0, force = False
Node.py: (Node1)@2071600000000.0: Updated MCS from 1 to 1, hist=deque([0.0, 0.0, 0.0, 0.0, 0.0], maxlen=5), packets_serviced=0, packets_received=73
Called Update: UpdateRouteCalls = 1, force = False
Called Update: UpdateRouteCalls = 2, force = False
Called Update: UpdateRouteCalls = 3, force = False
Called Update: UpdateRouteCalls = 4, force = False
Called Update: UpdateRouteCalls = 5, force = False
Called Update: UpdateRouteCalls = 6, force = False
Called Update: UpdateRouteCalls = 7, force = False
Called Update: UpdateRouteCalls = 8, force = False
Called Update: UpdateRouteCalls = 9, force = False
Called Update: UpdateRouteCalls = 10, force = False
Called Update: UpdateRouteCalls = 11, force = False
Called Update: UpdateRouteCalls = 12, force = False
Called Update: UpdateRouteCalls = 13, force = False
Called Update: UpdateRouteCalls = 14, force = False
Called Update: UpdateRouteCalls = 15, force = False
Called Update: UpdateRouteCalls = 16, force = False
Called Update: UpdateRouteCalls = 17, force = False
!! UPDATING !!
routeNo, updatedMCSIndex =  0 [2, 1, 1, 1, 1, 1, 1, 1]
main.py: Progress: 2072 / 2104
Node.py: (Node0)@2072000000000.0: Updated MCS from 2 to 2, hist=deque([1.0, 1.0, 1.0, 1.0, 1.0], maxlen=5), packets_serviced=74, packets_received=74
Called Update: UpdateRouteCalls = 0, force = False
Node.py: (Node1)@2072000000000.0: Updated MCS from 1 to 1, hist=deque([0.0, 0.0, 0.0, 0.0, 0.0], maxlen=5), packets_serviced=0, packets_received=73
Called Update: UpdateRouteCalls = 1, force = False
Called Update: UpdateRouteCalls = 2, force = False
Called Update: UpdateRouteCalls = 3, force = False
Called Update: UpdateRouteCalls = 4, force = False
Called Update: UpdateRouteCalls = 5, force = False
Called Update: UpdateRouteCalls = 6, force = False
Called Update: UpdateRouteCalls = 7, force = False
Called Update: UpdateRouteCalls = 8, force = False
Called Update: UpdateRouteCalls = 9, force = False
Called Update: UpdateRouteCalls = 10, force = False
Called Update: UpdateRouteCalls = 11, force = False
Called Update: UpdateRouteCalls = 12, force = False
Called Update: UpdateRouteCalls = 13, force = False
Called Update: UpdateRouteCalls = 14, force = False
Called Update: UpdateRouteCalls = 15, force = False
Called Update: UpdateRouteCalls = 16, force = False
Called Update: UpdateRouteCalls = 17, force = False
!! UPDATING !!
routeNo, updatedMCSIndex =  0 [2, 1, 1, 1, 1, 1, 1, 1]
Called Update: UpdateRouteCalls = 0, force = True
!! UPDATING !!
routeNo, updatedMCSIndex =  0 [2, 1, 1, 1, 1, 1, 1, 1]

rf.py: Time: 2072 Route details: {0: {'Route': [0, 1, 2, 3, 4, 5, 6, 7, 8], 'MCS_Index': [2, 1, 1, 1, 1, 1, 1, 1], 'Priority': 1, 'ValidRoute': True, 'HQRoute': True, 'RouteNodeDensity': [0, 0, 0, 0, 0, 2, 0, 0, 0], 'InterferingLinks': 16, 'Target': (-1, -1)}}
Node.py: (Node0)@2072400000000.0: Updated MCS from 2 to 2, hist=deque([1.0, 1.0, 1.0, 1.0, 1.0], maxlen=5), packets_serviced=73, packets_received=73
Called Update: UpdateRouteCalls = 0, force = False
Node.py: (Node1)@2072400000000.0: Updated MCS from 1 to 1, hist=deque([0.0, 0.0, 0.0, 0.0, 0.0], maxlen=5), packets_serviced=0, packets_received=74
Called Update: UpdateRouteCalls = 1, force = False
Called Update: UpdateRouteCalls = 2, force = False
Called Update: UpdateRouteCalls = 3, force = False
Called Update: UpdateRouteCalls = 4, force = False
Called Update: UpdateRouteCalls = 5, force = False
Called Update: UpdateRouteCalls = 6, force = False
Called Update: UpdateRouteCalls = 7, force = False
Called Update: UpdateRouteCalls = 8, force = False
Called Update: UpdateRouteCalls = 9, force = False
Called Update: UpdateRouteCalls = 10, force = False
Called Update: UpdateRouteCalls = 11, force = False
Called Update: UpdateRouteCalls = 12, force = False
Called Update: UpdateRouteCalls = 13, force = False
Called Update: UpdateRouteCalls = 14, force = False
Called Update: UpdateRouteCalls = 15, force = False
Called Update: UpdateRouteCalls = 16, force = False
Called Update: UpdateRouteCalls = 17, force = False
!! UPDATING !!
routeNo, updatedMCSIndex =  0 [2, 1, 1, 1, 1, 1, 1, 1]
Node.py: (Node0)@2072800000000.0: Updated MCS from 2 to 2, hist=deque([1.0, 1.0, 1.0, 1.0, 1.0], maxlen=5), packets_serviced=73, packets_received=73
Called Update: UpdateRouteCalls = 0, force = False
Node.py: (Node1)@2072800000000.0: Updated MCS from 1 to 1, hist=deque([0.0, 0.0, 0.0, 0.0, 0.0], maxlen=5), packets_serviced=0, packets_received=73
Called Update: UpdateRouteCalls = 1, force = False
Called Update: UpdateRouteCalls = 2, force = False
Called Update: UpdateRouteCalls = 3, force = False
Called Update: UpdateRouteCalls = 4, force = False
Called Update: UpdateRouteCalls = 5, force = False
Called Update: UpdateRouteCalls = 6, force = False
Called Update: UpdateRouteCalls = 7, force = False
Called Update: UpdateRouteCalls = 8, force = False
Called Update: UpdateRouteCalls = 9, force = False
Called Update: UpdateRouteCalls = 10, force = False
Called Update: UpdateRouteCalls = 11, force = False
Called Update: UpdateRouteCalls = 12, force = False
Called Update: UpdateRouteCalls = 13, force = False
Called Update: UpdateRouteCalls = 14, force = False
Called Update: UpdateRouteCalls = 15, force = False
Called Update: UpdateRouteCalls = 16, force = False
Called Update: UpdateRouteCalls = 17, force = False
!! UPDATING !!
routeNo, updatedMCSIndex =  0 [2, 1, 1, 1, 1, 1, 1, 1]
main.py: Progress: 2073 / 2104
Called Update: UpdateRouteCalls = 0, force = True
!! UPDATING !!
routeNo, updatedMCSIndex =  0 [2, 1, 1, 1, 1, 1, 1, 1]

rf.py: Time: 2073 Route details: {0: {'Route': [0, 1, 2, 3, 4, 5, 6, 7, 8], 'MCS_Index': [2, 1, 1, 1, 1, 1, 1, 1], 'Priority': 1, 'ValidRoute': True, 'HQRoute': True, 'RouteNodeDensity': [0, 0, 0, 0, 0, 2, 0, 0, 0], 'InterferingLinks': 16, 'Target': (-1, -1)}}
Node.py: (Node0)@2073200000000.0: Updated MCS from 2 to 2, hist=deque([1.0, 1.0, 1.0, 1.0, 1.0], maxlen=5), packets_serviced=73, packets_received=73
Called Update: UpdateRouteCalls = 0, force = False
Node.py: (Node1)@2073200000000.0: Updated MCS from 1 to 1, hist=deque([0.0, 0.0, 0.0, 0.0, 0.0], maxlen=5), packets_serviced=0, packets_received=73
Called Update: UpdateRouteCalls = 1, force = False
Called Update: UpdateRouteCalls = 2, force = False
Called Update: UpdateRouteCalls = 3, force = False
Called Update: UpdateRouteCalls = 4, force = False
Called Update: UpdateRouteCalls = 5, force = False
Called Update: UpdateRouteCalls = 6, force = False
Called Update: UpdateRouteCalls = 7, force = False
Called Update: UpdateRouteCalls = 8, force = False
Called Update: UpdateRouteCalls = 9, force = False
Called Update: UpdateRouteCalls = 10, force = False
Called Update: UpdateRouteCalls = 11, force = False
Called Update: UpdateRouteCalls = 12, force = False
Called Update: UpdateRouteCalls = 13, force = False
Called Update: UpdateRouteCalls = 14, force = False
Called Update: UpdateRouteCalls = 15, force = False
Called Update: UpdateRouteCalls = 16, force = False
Called Update: UpdateRouteCalls = 17, force = False
!! UPDATING !!
routeNo, updatedMCSIndex =  0 [2, 1, 1, 1, 1, 1, 1, 1]
Node.py: (Node0)@2073600000000.0: Updated MCS from 2 to 2, hist=deque([1.0, 1.0, 1.0, 1.0, 1.0], maxlen=5), packets_serviced=73, packets_received=73
Called Update: UpdateRouteCalls = 0, force = False
Node.py: (Node1)@2073600000000.0: Updated MCS from 1 to 1, hist=deque([0.0, 0.0, 0.0, 0.0, 0.0], maxlen=5), packets_serviced=0, packets_received=73
Called Update: UpdateRouteCalls = 1, force = False
Called Update: UpdateRouteCalls = 2, force = False
Called Update: UpdateRouteCalls = 3, force = False
Called Update: UpdateRouteCalls = 4, force = False
Called Update: UpdateRouteCalls = 5, force = False
Called Update: UpdateRouteCalls = 6, force = False
Called Update: UpdateRouteCalls = 7, force = False
Called Update: UpdateRouteCalls = 8, force = False
Called Update: UpdateRouteCalls = 9, force = False
Called Update: UpdateRouteCalls = 10, force = False
Called Update: UpdateRouteCalls = 11, force = False
Called Update: UpdateRouteCalls = 12, force = False
Called Update: UpdateRouteCalls = 13, force = False
Called Update: UpdateRouteCalls = 14, force = False
Called Update: UpdateRouteCalls = 15, force = False
Called Update: UpdateRouteCalls = 16, force = False
Called Update: UpdateRouteCalls = 17, force = False
!! UPDATING !!
routeNo, updatedMCSIndex =  0 [2, 1, 1, 1, 1, 1, 1, 1]
main.py: Progress: 2074 / 2104
Node.py: (Node0)@2074000000000.0: Updated MCS from 2 to 2, hist=deque([1.0, 1.0, 1.0, 1.0, 1.0], maxlen=5), packets_serviced=74, packets_received=74
Called Update: UpdateRouteCalls = 0, force = False
Node.py: (Node1)@2074000000000.0: Updated MCS from 1 to 1, hist=deque([0.0, 0.0, 0.0, 0.0, 0.0], maxlen=5), packets_serviced=0, packets_received=73
Called Update: UpdateRouteCalls = 1, force = False
Called Update: UpdateRouteCalls = 2, force = False
Called Update: UpdateRouteCalls = 3, force = False
Called Update: UpdateRouteCalls = 4, force = False
Called Update: UpdateRouteCalls = 5, force = False
Called Update: UpdateRouteCalls = 6, force = False
Called Update: UpdateRouteCalls = 7, force = False
Called Update: UpdateRouteCalls = 8, force = False
Called Update: UpdateRouteCalls = 9, force = False
Called Update: UpdateRouteCalls = 10, force = False
Called Update: UpdateRouteCalls = 11, force = False
Called Update: UpdateRouteCalls = 12, force = False
Called Update: UpdateRouteCalls = 13, force = False
Called Update: UpdateRouteCalls = 14, force = False
Called Update: UpdateRouteCalls = 15, force = False
Called Update: UpdateRouteCalls = 16, force = False
Called Update: UpdateRouteCalls = 17, force = False
!! UPDATING !!
routeNo, updatedMCSIndex =  0 [2, 1, 1, 1, 1, 1, 1, 1]
Called Update: UpdateRouteCalls = 0, force = True
!! UPDATING !!
routeNo, updatedMCSIndex =  0 [2, 1, 1, 1, 1, 1, 1, 1]

rf.py: Time: 2074 Route details: {0: {'Route': [0, 1, 2, 3, 4, 5, 6, 7, 8], 'MCS_Index': [2, 1, 1, 1, 1, 1, 1, 1], 'Priority': 1, 'ValidRoute': True, 'HQRoute': True, 'RouteNodeDensity': [0, 0, 0, 0, 0, 2, 0, 0, 0], 'InterferingLinks': 16, 'Target': (-1, -1)}}
Node.py: (Node0)@2074400000000.0: Updated MCS from 2 to 2, hist=deque([1.0, 1.0, 1.0, 1.0, 1.0], maxlen=5), packets_serviced=73, packets_received=73
Called Update: UpdateRouteCalls = 0, force = False
Node.py: (Node1)@2074400000000.0: Updated MCS from 1 to 1, hist=deque([0.0, 0.0, 0.0, 0.0, 0.0], maxlen=5), packets_serviced=0, packets_received=74
Called Update: UpdateRouteCalls = 1, force = False
Called Update: UpdateRouteCalls = 2, force = False
Called Update: UpdateRouteCalls = 3, force = False
Called Update: UpdateRouteCalls = 4, force = False
Called Update: UpdateRouteCalls = 5, force = False
Called Update: UpdateRouteCalls = 6, force = False
Called Update: UpdateRouteCalls = 7, force = False
Called Update: UpdateRouteCalls = 8, force = False
Called Update: UpdateRouteCalls = 9, force = False
Called Update: UpdateRouteCalls = 10, force = False
Called Update: UpdateRouteCalls = 11, force = False
Called Update: UpdateRouteCalls = 12, force = False
Called Update: UpdateRouteCalls = 13, force = False
Called Update: UpdateRouteCalls = 14, force = False
Called Update: UpdateRouteCalls = 15, force = False
Called Update: UpdateRouteCalls = 16, force = False
Called Update: UpdateRouteCalls = 17, force = False
!! UPDATING !!
routeNo, updatedMCSIndex =  0 [2, 1, 1, 1, 1, 1, 1, 1]
Node.py: (Node0)@2074800000000.0: Updated MCS from 2 to 2, hist=deque([1.0, 1.0, 1.0, 1.0, 1.0], maxlen=5), packets_serviced=73, packets_received=73
Called Update: UpdateRouteCalls = 0, force = False
Node.py: (Node1)@2074800000000.0: Updated MCS from 1 to 1, hist=deque([0.0, 0.0, 0.0, 0.0, 0.0], maxlen=5), packets_serviced=0, packets_received=73
Called Update: UpdateRouteCalls = 1, force = False
Called Update: UpdateRouteCalls = 2, force = False
Called Update: UpdateRouteCalls = 3, force = False
Called Update: UpdateRouteCalls = 4, force = False
Called Update: UpdateRouteCalls = 5, force = False
Called Update: UpdateRouteCalls = 6, force = False
Called Update: UpdateRouteCalls = 7, force = False
Called Update: UpdateRouteCalls = 8, force = False
Called Update: UpdateRouteCalls = 9, force = False
Called Update: UpdateRouteCalls = 10, force = False
Called Update: UpdateRouteCalls = 11, force = False
Called Update: UpdateRouteCalls = 12, force = False
Called Update: UpdateRouteCalls = 13, force = False
Called Update: UpdateRouteCalls = 14, force = False
Called Update: UpdateRouteCalls = 15, force = False
Called Update: UpdateRouteCalls = 16, force = False
Called Update: UpdateRouteCalls = 17, force = False
!! UPDATING !!
routeNo, updatedMCSIndex =  0 [2, 1, 1, 1, 1, 1, 1, 1]
main.py: Progress: 2075 / 2104
Called Update: UpdateRouteCalls = 0, force = True
!! UPDATING !!
routeNo, updatedMCSIndex =  0 [2, 1, 1, 1, 1, 1, 1, 1]

rf.py: Time: 2075 Route details: {0: {'Route': [0, 1, 2, 3, 4, 5, 6, 7, 8], 'MCS_Index': [2, 1, 1, 1, 1, 1, 1, 1], 'Priority': 1, 'ValidRoute': True, 'HQRoute': True, 'RouteNodeDensity': [0, 0, 0, 0, 0, 2, 0, 0, 0], 'InterferingLinks': 16, 'Target': (-1, -1)}}
Node.py: (Node0)@2075200000000.0: Updated MCS from 2 to 2, hist=deque([1.0, 1.0, 1.0, 1.0, 1.0], maxlen=5), packets_serviced=73, packets_received=73
Called Update: UpdateRouteCalls = 0, force = False
Node.py: (Node1)@2075200000000.0: Updated MCS from 1 to 1, hist=deque([0.0, 0.0, 0.0, 0.0, 0.0], maxlen=5), packets_serviced=0, packets_received=73
Called Update: UpdateRouteCalls = 1, force = False
Called Update: UpdateRouteCalls = 2, force = False
Called Update: UpdateRouteCalls = 3, force = False
Called Update: UpdateRouteCalls = 4, force = False
Called Update: UpdateRouteCalls = 5, force = False
Called Update: UpdateRouteCalls = 6, force = False
Called Update: UpdateRouteCalls = 7, force = False
Called Update: UpdateRouteCalls = 8, force = False
Called Update: UpdateRouteCalls = 9, force = False
Called Update: UpdateRouteCalls = 10, force = False
Called Update: UpdateRouteCalls = 11, force = False
Called Update: UpdateRouteCalls = 12, force = False
Called Update: UpdateRouteCalls = 13, force = False
Called Update: UpdateRouteCalls = 14, force = False
Called Update: UpdateRouteCalls = 15, force = False
Called Update: UpdateRouteCalls = 16, force = False
Called Update: UpdateRouteCalls = 17, force = False
!! UPDATING !!
routeNo, updatedMCSIndex =  0 [2, 1, 1, 1, 1, 1, 1, 1]
Node.py: (Node0)@2075600000000.0: Updated MCS from 2 to 2, hist=deque([1.0, 1.0, 1.0, 1.0, 1.0], maxlen=5), packets_serviced=73, packets_received=73
Called Update: UpdateRouteCalls = 0, force = False
Node.py: (Node1)@2075600000000.0: Updated MCS from 1 to 1, hist=deque([0.0, 0.0, 0.0, 0.0, 0.0], maxlen=5), packets_serviced=0, packets_received=73
Called Update: UpdateRouteCalls = 1, force = False
Called Update: UpdateRouteCalls = 2, force = False
Called Update: UpdateRouteCalls = 3, force = False
Called Update: UpdateRouteCalls = 4, force = False
Called Update: UpdateRouteCalls = 5, force = False
Called Update: UpdateRouteCalls = 6, force = False
Called Update: UpdateRouteCalls = 7, force = False
Called Update: UpdateRouteCalls = 8, force = False
Called Update: UpdateRouteCalls = 9, force = False
Called Update: UpdateRouteCalls = 10, force = False
Called Update: UpdateRouteCalls = 11, force = False
Called Update: UpdateRouteCalls = 12, force = False
Called Update: UpdateRouteCalls = 13, force = False
Called Update: UpdateRouteCalls = 14, force = False
Called Update: UpdateRouteCalls = 15, force = False
Called Update: UpdateRouteCalls = 16, force = False
Called Update: UpdateRouteCalls = 17, force = False
!! UPDATING !!
routeNo, updatedMCSIndex =  0 [2, 1, 1, 1, 1, 1, 1, 1]
main.py: Progress: 2076 / 2104
Node.py: (Node0)@2076000000000.0: Updated MCS from 2 to 2, hist=deque([1.0, 1.0, 1.0, 1.0, 0.9864864864864865], maxlen=5), packets_serviced=73, packets_received=74
Called Update: UpdateRouteCalls = 0, force = False
Node.py: (Node1)@2076000000000.0: Updated MCS from 1 to 1, hist=deque([0.0, 0.0, 0.0, 0.0, 0.0], maxlen=5), packets_serviced=0, packets_received=73
Called Update: UpdateRouteCalls = 1, force = False
Called Update: UpdateRouteCalls = 2, force = False
Called Update: UpdateRouteCalls = 3, force = False
Called Update: UpdateRouteCalls = 4, force = False
Called Update: UpdateRouteCalls = 5, force = False
Called Update: UpdateRouteCalls = 6, force = False
Called Update: UpdateRouteCalls = 7, force = False
Called Update: UpdateRouteCalls = 8, force = False
Called Update: UpdateRouteCalls = 9, force = False
Called Update: UpdateRouteCalls = 10, force = False
Called Update: UpdateRouteCalls = 11, force = False
Called Update: UpdateRouteCalls = 12, force = False
Called Update: UpdateRouteCalls = 13, force = False
Called Update: UpdateRouteCalls = 14, force = False
Called Update: UpdateRouteCalls = 15, force = False
Called Update: UpdateRouteCalls = 16, force = False
Called Update: UpdateRouteCalls = 17, force = False
!! UPDATING !!
routeNo, updatedMCSIndex =  0 [2, 1, 1, 1, 1, 1, 1, 1]
Called Update: UpdateRouteCalls = 0, force = True
!! UPDATING !!
routeNo, updatedMCSIndex =  0 [2, 1, 1, 1, 1, 1, 1, 1]

rf.py: Time: 2076 Route details: {0: {'Route': [0, 1, 2, 3, 4, 5, 6, 7, 8], 'MCS_Index': [2, 1, 1, 1, 1, 1, 1, 1], 'Priority': 1, 'ValidRoute': True, 'HQRoute': True, 'RouteNodeDensity': [0, 0, 0, 0, 0, 2, 0, 0, 0], 'InterferingLinks': 16, 'Target': (-1, -1)}}
Node.py: (Node0)@2076400000000.0: Updated MCS from 2 to 2, hist=deque([1.0, 1.0, 1.0, 0.9864864864864865, 1.0136986301369864], maxlen=5), packets_serviced=74, packets_received=73
Called Update: UpdateRouteCalls = 0, force = False
Node.py: (Node1)@2076400000000.0: Updated MCS from 1 to 1, hist=deque([0.0, 0.0, 0.0, 0.0, 0.0], maxlen=5), packets_serviced=0, packets_received=74
Called Update: UpdateRouteCalls = 1, force = False
Called Update: UpdateRouteCalls = 2, force = False
Called Update: UpdateRouteCalls = 3, force = False
Called Update: UpdateRouteCalls = 4, force = False
Called Update: UpdateRouteCalls = 5, force = False
Called Update: UpdateRouteCalls = 6, force = False
Called Update: UpdateRouteCalls = 7, force = False
Called Update: UpdateRouteCalls = 8, force = False
Called Update: UpdateRouteCalls = 9, force = False
Called Update: UpdateRouteCalls = 10, force = False
Called Update: UpdateRouteCalls = 11, force = False
Called Update: UpdateRouteCalls = 12, force = False
Called Update: UpdateRouteCalls = 13, force = False
Called Update: UpdateRouteCalls = 14, force = False
Called Update: UpdateRouteCalls = 15, force = False
Called Update: UpdateRouteCalls = 16, force = False
Called Update: UpdateRouteCalls = 17, force = False
!! UPDATING !!
routeNo, updatedMCSIndex =  0 [2, 1, 1, 1, 1, 1, 1, 1]
Node.py: (Node0)@2076800000000.0: Updated MCS from 2 to 2, hist=deque([1.0, 1.0, 0.9864864864864865, 1.0136986301369864, 1.0], maxlen=5), packets_serviced=73, packets_received=73
Called Update: UpdateRouteCalls = 0, force = False
Node.py: (Node1)@2076800000000.0: Updated MCS from 1 to 1, hist=deque([0.0, 0.0, 0.0, 0.0, 0.0], maxlen=5), packets_serviced=0, packets_received=73
Called Update: UpdateRouteCalls = 1, force = False
Called Update: UpdateRouteCalls = 2, force = False
Called Update: UpdateRouteCalls = 3, force = False
Called Update: UpdateRouteCalls = 4, force = False
Called Update: UpdateRouteCalls = 5, force = False
Called Update: UpdateRouteCalls = 6, force = False
Called Update: UpdateRouteCalls = 7, force = False
Called Update: UpdateRouteCalls = 8, force = False
Called Update: UpdateRouteCalls = 9, force = False
Called Update: UpdateRouteCalls = 10, force = False
Called Update: UpdateRouteCalls = 11, force = False
Called Update: UpdateRouteCalls = 12, force = False
Called Update: UpdateRouteCalls = 13, force = False
Called Update: UpdateRouteCalls = 14, force = False
Called Update: UpdateRouteCalls = 15, force = False
Called Update: UpdateRouteCalls = 16, force = False
Called Update: UpdateRouteCalls = 17, force = False
!! UPDATING !!
routeNo, updatedMCSIndex =  0 [2, 1, 1, 1, 1, 1, 1, 1]
main.py: Progress: 2077 / 2104
Called Update: UpdateRouteCalls = 0, force = True
!! UPDATING !!
routeNo, updatedMCSIndex =  0 [2, 1, 1, 1, 1, 1, 1, 1]

rf.py: Time: 2077 Route details: {0: {'Route': [0, 1, 2, 3, 4, 5, 6, 7, 8], 'MCS_Index': [2, 1, 1, 1, 1, 1, 1, 1], 'Priority': 1, 'ValidRoute': True, 'HQRoute': True, 'RouteNodeDensity': [0, 0, 0, 0, 0, 2, 0, 0, 0], 'InterferingLinks': 16, 'Target': (-1, -1)}}
Node.py: (Node0)@2077200000000.0: Updated MCS from 2 to 2, hist=deque([1.0, 0.9864864864864865, 1.0136986301369864, 1.0, 1.0], maxlen=5), packets_serviced=73, packets_received=73
Called Update: UpdateRouteCalls = 0, force = False
Node.py: (Node1)@2077200000000.0: Updated MCS from 1 to 1, hist=deque([0.0, 0.0, 0.0, 0.0, 0.0], maxlen=5), packets_serviced=0, packets_received=73
Called Update: UpdateRouteCalls = 1, force = False
Called Update: UpdateRouteCalls = 2, force = False
Called Update: UpdateRouteCalls = 3, force = False
Called Update: UpdateRouteCalls = 4, force = False
Called Update: UpdateRouteCalls = 5, force = False
Called Update: UpdateRouteCalls = 6, force = False
Called Update: UpdateRouteCalls = 7, force = False
Called Update: UpdateRouteCalls = 8, force = False
Called Update: UpdateRouteCalls = 9, force = False
Called Update: UpdateRouteCalls = 10, force = False
Called Update: UpdateRouteCalls = 11, force = False
Called Update: UpdateRouteCalls = 12, force = False
Called Update: UpdateRouteCalls = 13, force = False
Called Update: UpdateRouteCalls = 14, force = False
Called Update: UpdateRouteCalls = 15, force = False
Called Update: UpdateRouteCalls = 16, force = False
Called Update: UpdateRouteCalls = 17, force = False
!! UPDATING !!
routeNo, updatedMCSIndex =  0 [2, 1, 1, 1, 1, 1, 1, 1]
Node.py: (Node0)@2077600000000.0: Updated MCS from 2 to 2, hist=deque([0.9864864864864865, 1.0136986301369864, 1.0, 1.0, 1.0], maxlen=5), packets_serviced=73, packets_received=73
Called Update: UpdateRouteCalls = 0, force = False
Node.py: (Node1)@2077600000000.0: Updated MCS from 1 to 1, hist=deque([0.0, 0.0, 0.0, 0.0, 0.0], maxlen=5), packets_serviced=0, packets_received=73
Called Update: UpdateRouteCalls = 1, force = False
Called Update: UpdateRouteCalls = 2, force = False
Called Update: UpdateRouteCalls = 3, force = False
Called Update: UpdateRouteCalls = 4, force = False
Called Update: UpdateRouteCalls = 5, force = False
Called Update: UpdateRouteCalls = 6, force = False
Called Update: UpdateRouteCalls = 7, force = False
Called Update: UpdateRouteCalls = 8, force = False
Called Update: UpdateRouteCalls = 9, force = False
Called Update: UpdateRouteCalls = 10, force = False
Called Update: UpdateRouteCalls = 11, force = False
Called Update: UpdateRouteCalls = 12, force = False
Called Update: UpdateRouteCalls = 13, force = False
Called Update: UpdateRouteCalls = 14, force = False
Called Update: UpdateRouteCalls = 15, force = False
Called Update: UpdateRouteCalls = 16, force = False
Called Update: UpdateRouteCalls = 17, force = False
!! UPDATING !!
routeNo, updatedMCSIndex =  0 [2, 1, 1, 1, 1, 1, 1, 1]
main.py: Progress: 2078 / 2104
Node.py: (Node0)@2078000000000.0: Updated MCS from 2 to 2, hist=deque([1.0136986301369864, 1.0, 1.0, 1.0, 1.0], maxlen=5), packets_serviced=74, packets_received=74
Called Update: UpdateRouteCalls = 0, force = False
Node.py: (Node1)@2078000000000.0: Updated MCS from 1 to 1, hist=deque([0.0, 0.0, 0.0, 0.0, 0.0], maxlen=5), packets_serviced=0, packets_received=73
Called Update: UpdateRouteCalls = 1, force = False
Called Update: UpdateRouteCalls = 2, force = False
Called Update: UpdateRouteCalls = 3, force = False
Called Update: UpdateRouteCalls = 4, force = False
Called Update: UpdateRouteCalls = 5, force = False
Called Update: UpdateRouteCalls = 6, force = False
Called Update: UpdateRouteCalls = 7, force = False
Called Update: UpdateRouteCalls = 8, force = False
Called Update: UpdateRouteCalls = 9, force = False
Called Update: UpdateRouteCalls = 10, force = False
Called Update: UpdateRouteCalls = 11, force = False
Called Update: UpdateRouteCalls = 12, force = False
Called Update: UpdateRouteCalls = 13, force = False
Called Update: UpdateRouteCalls = 14, force = False
Called Update: UpdateRouteCalls = 15, force = False
Called Update: UpdateRouteCalls = 16, force = False
Called Update: UpdateRouteCalls = 17, force = False
!! UPDATING !!
routeNo, updatedMCSIndex =  0 [2, 1, 1, 1, 1, 1, 1, 1]
Called Update: UpdateRouteCalls = 0, force = True
!! UPDATING !!
routeNo, updatedMCSIndex =  0 [2, 1, 1, 1, 1, 1, 1, 1]

rf.py: Time: 2078 Route details: {0: {'Route': [0, 1, 2, 3, 4, 5, 6, 7, 8], 'MCS_Index': [2, 1, 1, 1, 1, 1, 1, 1], 'Priority': 1, 'ValidRoute': True, 'HQRoute': True, 'RouteNodeDensity': [0, 0, 0, 0, 0, 2, 0, 0, 0], 'InterferingLinks': 16, 'Target': (-1, -1)}}
Node.py: (Node0)@2078400000000.0: Updated MCS from 2 to 2, hist=deque([1.0, 1.0, 1.0, 1.0, 1.0], maxlen=5), packets_serviced=73, packets_received=73
Called Update: UpdateRouteCalls = 0, force = False
Node.py: (Node1)@2078400000000.0: Updated MCS from 1 to 1, hist=deque([0.0, 0.0, 0.0, 0.0, 0.0], maxlen=5), packets_serviced=0, packets_received=74
Called Update: UpdateRouteCalls = 1, force = False
Called Update: UpdateRouteCalls = 2, force = False
Called Update: UpdateRouteCalls = 3, force = False
Called Update: UpdateRouteCalls = 4, force = False
Called Update: UpdateRouteCalls = 5, force = False
Called Update: UpdateRouteCalls = 6, force = False
Called Update: UpdateRouteCalls = 7, force = False
Called Update: UpdateRouteCalls = 8, force = False
Called Update: UpdateRouteCalls = 9, force = False
Called Update: UpdateRouteCalls = 10, force = False
Called Update: UpdateRouteCalls = 11, force = False
Called Update: UpdateRouteCalls = 12, force = False
Called Update: UpdateRouteCalls = 13, force = False
Called Update: UpdateRouteCalls = 14, force = False
Called Update: UpdateRouteCalls = 15, force = False
Called Update: UpdateRouteCalls = 16, force = False
Called Update: UpdateRouteCalls = 17, force = False
!! UPDATING !!
routeNo, updatedMCSIndex =  0 [2, 1, 1, 1, 1, 1, 1, 1]
Node.py: (Node0)@2078800000000.0: Updated MCS from 2 to 2, hist=deque([1.0, 1.0, 1.0, 1.0, 1.0], maxlen=5), packets_serviced=73, packets_received=73
Called Update: UpdateRouteCalls = 0, force = False
Node.py: (Node1)@2078800000000.0: Updated MCS from 1 to 1, hist=deque([0.0, 0.0, 0.0, 0.0, 0.0], maxlen=5), packets_serviced=0, packets_received=73
Called Update: UpdateRouteCalls = 1, force = False
Called Update: UpdateRouteCalls = 2, force = False
Called Update: UpdateRouteCalls = 3, force = False
Called Update: UpdateRouteCalls = 4, force = False
Called Update: UpdateRouteCalls = 5, force = False
Called Update: UpdateRouteCalls = 6, force = False
Called Update: UpdateRouteCalls = 7, force = False
Called Update: UpdateRouteCalls = 8, force = False
Called Update: UpdateRouteCalls = 9, force = False
Called Update: UpdateRouteCalls = 10, force = False
Called Update: UpdateRouteCalls = 11, force = False
Called Update: UpdateRouteCalls = 12, force = False
Called Update: UpdateRouteCalls = 13, force = False
Called Update: UpdateRouteCalls = 14, force = False
Called Update: UpdateRouteCalls = 15, force = False
Called Update: UpdateRouteCalls = 16, force = False
Called Update: UpdateRouteCalls = 17, force = False
!! UPDATING !!
routeNo, updatedMCSIndex =  0 [2, 1, 1, 1, 1, 1, 1, 1]
main.py: Progress: 2079 / 2104
Called Update: UpdateRouteCalls = 0, force = True
!! UPDATING !!
routeNo, updatedMCSIndex =  0 [2, 1, 1, 1, 1, 1, 1, 1]

rf.py: Time: 2079 Route details: {0: {'Route': [0, 1, 2, 3, 4, 5, 6, 7, 8], 'MCS_Index': [2, 1, 1, 1, 1, 1, 1, 1], 'Priority': 1, 'ValidRoute': True, 'HQRoute': True, 'RouteNodeDensity': [0, 0, 0, 0, 0, 2, 0, 0, 0], 'InterferingLinks': 16, 'Target': (-1, -1)}}
Node.py: (Node0)@2079200000000.0: Updated MCS from 2 to 2, hist=deque([1.0, 1.0, 1.0, 1.0, 1.0], maxlen=5), packets_serviced=73, packets_received=73
Called Update: UpdateRouteCalls = 0, force = False
Node.py: (Node1)@2079200000000.0: Updated MCS from 1 to 1, hist=deque([0.0, 0.0, 0.0, 0.0, 0.0], maxlen=5), packets_serviced=0, packets_received=73
Called Update: UpdateRouteCalls = 1, force = False
Called Update: UpdateRouteCalls = 2, force = False
Called Update: UpdateRouteCalls = 3, force = False
Called Update: UpdateRouteCalls = 4, force = False
Called Update: UpdateRouteCalls = 5, force = False
Called Update: UpdateRouteCalls = 6, force = False
Called Update: UpdateRouteCalls = 7, force = False
Called Update: UpdateRouteCalls = 8, force = False
Called Update: UpdateRouteCalls = 9, force = False
Called Update: UpdateRouteCalls = 10, force = False
Called Update: UpdateRouteCalls = 11, force = False
Called Update: UpdateRouteCalls = 12, force = False
Called Update: UpdateRouteCalls = 13, force = False
Called Update: UpdateRouteCalls = 14, force = False
Called Update: UpdateRouteCalls = 15, force = False
Called Update: UpdateRouteCalls = 16, force = False
Called Update: UpdateRouteCalls = 17, force = False
!! UPDATING !!
routeNo, updatedMCSIndex =  0 [2, 1, 1, 1, 1, 1, 1, 1]
Node.py: (Node0)@2079600000000.0: Updated MCS from 2 to 2, hist=deque([1.0, 1.0, 1.0, 1.0, 1.0], maxlen=5), packets_serviced=73, packets_received=73
Called Update: UpdateRouteCalls = 0, force = False
Node.py: (Node1)@2079600000000.0: Updated MCS from 1 to 1, hist=deque([0.0, 0.0, 0.0, 0.0, 0.0], maxlen=5), packets_serviced=0, packets_received=73
Called Update: UpdateRouteCalls = 1, force = False
Called Update: UpdateRouteCalls = 2, force = False
Called Update: UpdateRouteCalls = 3, force = False
Called Update: UpdateRouteCalls = 4, force = False
Called Update: UpdateRouteCalls = 5, force = False
Called Update: UpdateRouteCalls = 6, force = False
Called Update: UpdateRouteCalls = 7, force = False
Called Update: UpdateRouteCalls = 8, force = False
Called Update: UpdateRouteCalls = 9, force = False
Called Update: UpdateRouteCalls = 10, force = False
Called Update: UpdateRouteCalls = 11, force = False
Called Update: UpdateRouteCalls = 12, force = False
Called Update: UpdateRouteCalls = 13, force = False
Called Update: UpdateRouteCalls = 14, force = False
Called Update: UpdateRouteCalls = 15, force = False
Called Update: UpdateRouteCalls = 16, force = False
Called Update: UpdateRouteCalls = 17, force = False
!! UPDATING !!
routeNo, updatedMCSIndex =  0 [2, 1, 1, 1, 1, 1, 1, 1]
main.py: Progress: 2080 / 2104
Node.py: (Node0)@2080000000000.0: Updated MCS from 2 to 2, hist=deque([1.0, 1.0, 1.0, 1.0, 1.0], maxlen=5), packets_serviced=74, packets_received=74
Called Update: UpdateRouteCalls = 0, force = False
Node.py: (Node1)@2080000000000.0: Updated MCS from 1 to 1, hist=deque([0.0, 0.0, 0.0, 0.0, 0.0], maxlen=5), packets_serviced=0, packets_received=73
Called Update: UpdateRouteCalls = 1, force = False
Called Update: UpdateRouteCalls = 2, force = False
Called Update: UpdateRouteCalls = 3, force = False
Called Update: UpdateRouteCalls = 4, force = False
Called Update: UpdateRouteCalls = 5, force = False
Called Update: UpdateRouteCalls = 6, force = False
Called Update: UpdateRouteCalls = 7, force = False
Called Update: UpdateRouteCalls = 8, force = False
Called Update: UpdateRouteCalls = 9, force = False
Called Update: UpdateRouteCalls = 10, force = False
Called Update: UpdateRouteCalls = 11, force = False
Called Update: UpdateRouteCalls = 12, force = False
Called Update: UpdateRouteCalls = 13, force = False
Called Update: UpdateRouteCalls = 14, force = False
Called Update: UpdateRouteCalls = 15, force = False
Called Update: UpdateRouteCalls = 16, force = False
Called Update: UpdateRouteCalls = 17, force = False
!! UPDATING !!
routeNo, updatedMCSIndex =  0 [2, 1, 1, 1, 1, 1, 1, 1]
Called Update: UpdateRouteCalls = 0, force = True
!! UPDATING !!
routeNo, updatedMCSIndex =  0 [2, 1, 1, 1, 1, 1, 1, 1]

rf.py: Time: 2080 Route details: {0: {'Route': [0, 1, 2, 3, 4, 5, 6, 7, 8], 'MCS_Index': [2, 1, 1, 1, 1, 1, 1, 1], 'Priority': 1, 'ValidRoute': True, 'HQRoute': True, 'RouteNodeDensity': [0, 0, 0, 0, 0, 2, 0, 0, 0], 'InterferingLinks': 16, 'Target': (-1, -1)}}
Node.py: (Node0)@2080400000000.0: Updated MCS from 2 to 2, hist=deque([1.0, 1.0, 1.0, 1.0, 1.0], maxlen=5), packets_serviced=73, packets_received=73
Called Update: UpdateRouteCalls = 0, force = False
Node.py: (Node1)@2080400000000.0: Updated MCS from 1 to 1, hist=deque([0.0, 0.0, 0.0, 0.0, 0.0], maxlen=5), packets_serviced=0, packets_received=74
Called Update: UpdateRouteCalls = 1, force = False
Called Update: UpdateRouteCalls = 2, force = False
Called Update: UpdateRouteCalls = 3, force = False
Called Update: UpdateRouteCalls = 4, force = False
Called Update: UpdateRouteCalls = 5, force = False
Called Update: UpdateRouteCalls = 6, force = False
Called Update: UpdateRouteCalls = 7, force = False
Called Update: UpdateRouteCalls = 8, force = False
Called Update: UpdateRouteCalls = 9, force = False
Called Update: UpdateRouteCalls = 10, force = False
Called Update: UpdateRouteCalls = 11, force = False
Called Update: UpdateRouteCalls = 12, force = False
Called Update: UpdateRouteCalls = 13, force = False
Called Update: UpdateRouteCalls = 14, force = False
Called Update: UpdateRouteCalls = 15, force = False
Called Update: UpdateRouteCalls = 16, force = False
Called Update: UpdateRouteCalls = 17, force = False
!! UPDATING !!
routeNo, updatedMCSIndex =  0 [2, 1, 1, 1, 1, 1, 1, 1]
Node.py: (Node0)@2080800000000.0: Updated MCS from 2 to 2, hist=deque([1.0, 1.0, 1.0, 1.0, 1.0], maxlen=5), packets_serviced=73, packets_received=73
Called Update: UpdateRouteCalls = 0, force = False
Node.py: (Node1)@2080800000000.0: Updated MCS from 1 to 1, hist=deque([0.0, 0.0, 0.0, 0.0, 0.0], maxlen=5), packets_serviced=0, packets_received=73
Called Update: UpdateRouteCalls = 1, force = False
Called Update: UpdateRouteCalls = 2, force = False
Called Update: UpdateRouteCalls = 3, force = False
Called Update: UpdateRouteCalls = 4, force = False
Called Update: UpdateRouteCalls = 5, force = False
Called Update: UpdateRouteCalls = 6, force = False
Called Update: UpdateRouteCalls = 7, force = False
Called Update: UpdateRouteCalls = 8, force = False
Called Update: UpdateRouteCalls = 9, force = False
Called Update: UpdateRouteCalls = 10, force = False
Called Update: UpdateRouteCalls = 11, force = False
Called Update: UpdateRouteCalls = 12, force = False
Called Update: UpdateRouteCalls = 13, force = False
Called Update: UpdateRouteCalls = 14, force = False
Called Update: UpdateRouteCalls = 15, force = False
Called Update: UpdateRouteCalls = 16, force = False
Called Update: UpdateRouteCalls = 17, force = False
!! UPDATING !!
routeNo, updatedMCSIndex =  0 [2, 1, 1, 1, 1, 1, 1, 1]
main.py: Progress: 2081 / 2104
Called Update: UpdateRouteCalls = 0, force = True
!! UPDATING !!
routeNo, updatedMCSIndex =  0 [2, 1, 1, 1, 1, 1, 1, 1]

rf.py: Time: 2081 Route details: {0: {'Route': [0, 1, 2, 3, 4, 5, 6, 7, 8], 'MCS_Index': [2, 1, 1, 1, 1, 1, 1, 1], 'Priority': 1, 'ValidRoute': True, 'HQRoute': True, 'RouteNodeDensity': [0, 0, 0, 0, 0, 2, 0, 0, 0], 'InterferingLinks': 16, 'Target': (-1, -1)}}
Node.py: (Node0)@2081200000000.0: Updated MCS from 2 to 2, hist=deque([1.0, 1.0, 1.0, 1.0, 1.0], maxlen=5), packets_serviced=73, packets_received=73
Called Update: UpdateRouteCalls = 0, force = False
Node.py: (Node1)@2081200000000.0: Updated MCS from 1 to 1, hist=deque([0.0, 0.0, 0.0, 0.0, 0.0], maxlen=5), packets_serviced=0, packets_received=73
Called Update: UpdateRouteCalls = 1, force = False
Called Update: UpdateRouteCalls = 2, force = False
Called Update: UpdateRouteCalls = 3, force = False
Called Update: UpdateRouteCalls = 4, force = False
Called Update: UpdateRouteCalls = 5, force = False
Called Update: UpdateRouteCalls = 6, force = False
Called Update: UpdateRouteCalls = 7, force = False
Called Update: UpdateRouteCalls = 8, force = False
Called Update: UpdateRouteCalls = 9, force = False
Called Update: UpdateRouteCalls = 10, force = False
Called Update: UpdateRouteCalls = 11, force = False
Called Update: UpdateRouteCalls = 12, force = False
Called Update: UpdateRouteCalls = 13, force = False
Called Update: UpdateRouteCalls = 14, force = False
Called Update: UpdateRouteCalls = 15, force = False
Called Update: UpdateRouteCalls = 16, force = False
Called Update: UpdateRouteCalls = 17, force = False
!! UPDATING !!
routeNo, updatedMCSIndex =  0 [2, 1, 1, 1, 1, 1, 1, 1]
Node.py: (Node0)@2081600000000.0: Updated MCS from 2 to 2, hist=deque([1.0, 1.0, 1.0, 1.0, 1.0], maxlen=5), packets_serviced=73, packets_received=73
Called Update: UpdateRouteCalls = 0, force = False
Node.py: (Node1)@2081600000000.0: Updated MCS from 1 to 1, hist=deque([0.0, 0.0, 0.0, 0.0, 0.0], maxlen=5), packets_serviced=0, packets_received=73
Called Update: UpdateRouteCalls = 1, force = False
Called Update: UpdateRouteCalls = 2, force = False
Called Update: UpdateRouteCalls = 3, force = False
Called Update: UpdateRouteCalls = 4, force = False
Called Update: UpdateRouteCalls = 5, force = False
Called Update: UpdateRouteCalls = 6, force = False
Called Update: UpdateRouteCalls = 7, force = False
Called Update: UpdateRouteCalls = 8, force = False
Called Update: UpdateRouteCalls = 9, force = False
Called Update: UpdateRouteCalls = 10, force = False
Called Update: UpdateRouteCalls = 11, force = False
Called Update: UpdateRouteCalls = 12, force = False
Called Update: UpdateRouteCalls = 13, force = False
Called Update: UpdateRouteCalls = 14, force = False
Called Update: UpdateRouteCalls = 15, force = False
Called Update: UpdateRouteCalls = 16, force = False
Called Update: UpdateRouteCalls = 17, force = False
!! UPDATING !!
routeNo, updatedMCSIndex =  0 [2, 1, 1, 1, 1, 1, 1, 1]
main.py: Progress: 2082 / 2104
Node.py: (Node0)@2082000000000.0: Updated MCS from 2 to 2, hist=deque([1.0, 1.0, 1.0, 1.0, 1.0], maxlen=5), packets_serviced=74, packets_received=74
Called Update: UpdateRouteCalls = 0, force = False
Node.py: (Node1)@2082000000000.0: Updated MCS from 1 to 1, hist=deque([0.0, 0.0, 0.0, 0.0, 0.0], maxlen=5), packets_serviced=0, packets_received=73
Called Update: UpdateRouteCalls = 1, force = False
Called Update: UpdateRouteCalls = 2, force = False
Called Update: UpdateRouteCalls = 3, force = False
Called Update: UpdateRouteCalls = 4, force = False
Called Update: UpdateRouteCalls = 5, force = False
Called Update: UpdateRouteCalls = 6, force = False
Called Update: UpdateRouteCalls = 7, force = False
Called Update: UpdateRouteCalls = 8, force = False
Called Update: UpdateRouteCalls = 9, force = False
Called Update: UpdateRouteCalls = 10, force = False
Called Update: UpdateRouteCalls = 11, force = False
Called Update: UpdateRouteCalls = 12, force = False
Called Update: UpdateRouteCalls = 13, force = False
Called Update: UpdateRouteCalls = 14, force = False
Called Update: UpdateRouteCalls = 15, force = False
Called Update: UpdateRouteCalls = 16, force = False
Called Update: UpdateRouteCalls = 17, force = False
!! UPDATING !!
routeNo, updatedMCSIndex =  0 [2, 1, 1, 1, 1, 1, 1, 1]
Called Update: UpdateRouteCalls = 0, force = True
!! UPDATING !!
routeNo, updatedMCSIndex =  0 [2, 1, 1, 1, 1, 1, 1, 1]

rf.py: Time: 2082 Route details: {0: {'Route': [0, 1, 2, 3, 4, 5, 6, 7, 8], 'MCS_Index': [2, 1, 1, 1, 1, 1, 1, 1], 'Priority': 1, 'ValidRoute': True, 'HQRoute': True, 'RouteNodeDensity': [0, 0, 0, 0, 0, 2, 0, 0, 0], 'InterferingLinks': 16, 'Target': (-1, -1)}}
Node.py: (Node0)@2082400000000.0: Updated MCS from 2 to 2, hist=deque([1.0, 1.0, 1.0, 1.0, 1.0], maxlen=5), packets_serviced=73, packets_received=73
Called Update: UpdateRouteCalls = 0, force = False
Node.py: (Node1)@2082400000000.0: Updated MCS from 1 to 1, hist=deque([0.0, 0.0, 0.0, 0.0, 0.0], maxlen=5), packets_serviced=0, packets_received=74
Called Update: UpdateRouteCalls = 1, force = False
Called Update: UpdateRouteCalls = 2, force = False
Called Update: UpdateRouteCalls = 3, force = False
Called Update: UpdateRouteCalls = 4, force = False
Called Update: UpdateRouteCalls = 5, force = False
Called Update: UpdateRouteCalls = 6, force = False
Called Update: UpdateRouteCalls = 7, force = False
Called Update: UpdateRouteCalls = 8, force = False
Called Update: UpdateRouteCalls = 9, force = False
Called Update: UpdateRouteCalls = 10, force = False
Called Update: UpdateRouteCalls = 11, force = False
Called Update: UpdateRouteCalls = 12, force = False
Called Update: UpdateRouteCalls = 13, force = False
Called Update: UpdateRouteCalls = 14, force = False
Called Update: UpdateRouteCalls = 15, force = False
Called Update: UpdateRouteCalls = 16, force = False
Called Update: UpdateRouteCalls = 17, force = False
!! UPDATING !!
routeNo, updatedMCSIndex =  0 [2, 1, 1, 1, 1, 1, 1, 1]
Node.py: (Node0)@2082800000000.0: Updated MCS from 2 to 2, hist=deque([1.0, 1.0, 1.0, 1.0, 1.0], maxlen=5), packets_serviced=73, packets_received=73
Called Update: UpdateRouteCalls = 0, force = False
Node.py: (Node1)@2082800000000.0: Updated MCS from 1 to 1, hist=deque([0.0, 0.0, 0.0, 0.0, 0.0], maxlen=5), packets_serviced=0, packets_received=73
Called Update: UpdateRouteCalls = 1, force = False
Called Update: UpdateRouteCalls = 2, force = False
Called Update: UpdateRouteCalls = 3, force = False
Called Update: UpdateRouteCalls = 4, force = False
Called Update: UpdateRouteCalls = 5, force = False
Called Update: UpdateRouteCalls = 6, force = False
Called Update: UpdateRouteCalls = 7, force = False
Called Update: UpdateRouteCalls = 8, force = False
Called Update: UpdateRouteCalls = 9, force = False
Called Update: UpdateRouteCalls = 10, force = False
Called Update: UpdateRouteCalls = 11, force = False
Called Update: UpdateRouteCalls = 12, force = False
Called Update: UpdateRouteCalls = 13, force = False
Called Update: UpdateRouteCalls = 14, force = False
Called Update: UpdateRouteCalls = 15, force = False
Called Update: UpdateRouteCalls = 16, force = False
Called Update: UpdateRouteCalls = 17, force = False
!! UPDATING !!
routeNo, updatedMCSIndex =  0 [2, 1, 1, 1, 1, 1, 1, 1]
main.py: Progress: 2083 / 2104
Called Update: UpdateRouteCalls = 0, force = True
!! UPDATING !!
routeNo, updatedMCSIndex =  0 [2, 1, 1, 1, 1, 1, 1, 1]

rf.py: Time: 2083 Route details: {0: {'Route': [0, 1, 2, 3, 4, 5, 6, 7, 8], 'MCS_Index': [2, 1, 1, 1, 1, 1, 1, 1], 'Priority': 1, 'ValidRoute': True, 'HQRoute': True, 'RouteNodeDensity': [0, 0, 0, 0, 0, 2, 0, 0, 0], 'InterferingLinks': 16, 'Target': (-1, -1)}}
Node.py: (Node0)@2083200000000.0: Updated MCS from 2 to 2, hist=deque([1.0, 1.0, 1.0, 1.0, 1.0], maxlen=5), packets_serviced=73, packets_received=73
Called Update: UpdateRouteCalls = 0, force = False
Node.py: (Node1)@2083200000000.0: Updated MCS from 1 to 1, hist=deque([0.0, 0.0, 0.0, 0.0, 0.0], maxlen=5), packets_serviced=0, packets_received=73
Called Update: UpdateRouteCalls = 1, force = False
Called Update: UpdateRouteCalls = 2, force = False
Called Update: UpdateRouteCalls = 3, force = False
Called Update: UpdateRouteCalls = 4, force = False
Called Update: UpdateRouteCalls = 5, force = False
Called Update: UpdateRouteCalls = 6, force = False
Called Update: UpdateRouteCalls = 7, force = False
Called Update: UpdateRouteCalls = 8, force = False
Called Update: UpdateRouteCalls = 9, force = False
Called Update: UpdateRouteCalls = 10, force = False
Called Update: UpdateRouteCalls = 11, force = False
Called Update: UpdateRouteCalls = 12, force = False
Called Update: UpdateRouteCalls = 13, force = False
Called Update: UpdateRouteCalls = 14, force = False
Called Update: UpdateRouteCalls = 15, force = False
Called Update: UpdateRouteCalls = 16, force = False
Called Update: UpdateRouteCalls = 17, force = False
!! UPDATING !!
routeNo, updatedMCSIndex =  0 [2, 1, 1, 1, 1, 1, 1, 1]
Node.py: (Node0)@2083600000000.0: Updated MCS from 2 to 2, hist=deque([1.0, 1.0, 1.0, 1.0, 1.0], maxlen=5), packets_serviced=73, packets_received=73
Called Update: UpdateRouteCalls = 0, force = False
Node.py: (Node1)@2083600000000.0: Updated MCS from 1 to 1, hist=deque([0.0, 0.0, 0.0, 0.0, 0.0], maxlen=5), packets_serviced=0, packets_received=73
Called Update: UpdateRouteCalls = 1, force = False
Called Update: UpdateRouteCalls = 2, force = False
Called Update: UpdateRouteCalls = 3, force = False
Called Update: UpdateRouteCalls = 4, force = False
Called Update: UpdateRouteCalls = 5, force = False
Called Update: UpdateRouteCalls = 6, force = False
Called Update: UpdateRouteCalls = 7, force = False
Called Update: UpdateRouteCalls = 8, force = False
Called Update: UpdateRouteCalls = 9, force = False
Called Update: UpdateRouteCalls = 10, force = False
Called Update: UpdateRouteCalls = 11, force = False
Called Update: UpdateRouteCalls = 12, force = False
Called Update: UpdateRouteCalls = 13, force = False
Called Update: UpdateRouteCalls = 14, force = False
Called Update: UpdateRouteCalls = 15, force = False
Called Update: UpdateRouteCalls = 16, force = False
Called Update: UpdateRouteCalls = 17, force = False
!! UPDATING !!
routeNo, updatedMCSIndex =  0 [2, 1, 1, 1, 1, 1, 1, 1]
main.py: Progress: 2084 / 2104
Node.py: (Node0)@2084000000000.0: Updated MCS from 2 to 2, hist=deque([1.0, 1.0, 1.0, 1.0, 0.9864864864864865], maxlen=5), packets_serviced=73, packets_received=74
Called Update: UpdateRouteCalls = 0, force = False
Node.py: (Node1)@2084000000000.0: Updated MCS from 1 to 1, hist=deque([0.0, 0.0, 0.0, 0.0, 0.0], maxlen=5), packets_serviced=0, packets_received=73
Called Update: UpdateRouteCalls = 1, force = False
Called Update: UpdateRouteCalls = 2, force = False
Called Update: UpdateRouteCalls = 3, force = False
Called Update: UpdateRouteCalls = 4, force = False
Called Update: UpdateRouteCalls = 5, force = False
Called Update: UpdateRouteCalls = 6, force = False
Called Update: UpdateRouteCalls = 7, force = False
Called Update: UpdateRouteCalls = 8, force = False
Called Update: UpdateRouteCalls = 9, force = False
Called Update: UpdateRouteCalls = 10, force = False
Called Update: UpdateRouteCalls = 11, force = False
Called Update: UpdateRouteCalls = 12, force = False
Called Update: UpdateRouteCalls = 13, force = False
Called Update: UpdateRouteCalls = 14, force = False
Called Update: UpdateRouteCalls = 15, force = False
Called Update: UpdateRouteCalls = 16, force = False
Called Update: UpdateRouteCalls = 17, force = False
!! UPDATING !!
routeNo, updatedMCSIndex =  0 [2, 1, 1, 1, 1, 1, 1, 1]
Called Update: UpdateRouteCalls = 0, force = True
!! UPDATING !!
routeNo, updatedMCSIndex =  0 [2, 1, 1, 1, 1, 1, 1, 1]

rf.py: Time: 2084 Route details: {0: {'Route': [0, 1, 2, 3, 4, 5, 6, 7, 8], 'MCS_Index': [2, 1, 1, 1, 1, 1, 1, 1], 'Priority': 1, 'ValidRoute': True, 'HQRoute': True, 'RouteNodeDensity': [0, 0, 0, 0, 0, 2, 0, 0, 0], 'InterferingLinks': 16, 'Target': (-1, -1)}}
Node.py: (Node0)@2084400000000.0: Updated MCS from 2 to 2, hist=deque([1.0, 1.0, 1.0, 0.9864864864864865, 1.0136986301369864], maxlen=5), packets_serviced=74, packets_received=73
Called Update: UpdateRouteCalls = 0, force = False
Node.py: (Node1)@2084400000000.0: Updated MCS from 1 to 1, hist=deque([0.0, 0.0, 0.0, 0.0, 0.0], maxlen=5), packets_serviced=0, packets_received=74
Called Update: UpdateRouteCalls = 1, force = False
Called Update: UpdateRouteCalls = 2, force = False
Called Update: UpdateRouteCalls = 3, force = False
Called Update: UpdateRouteCalls = 4, force = False
Called Update: UpdateRouteCalls = 5, force = False
Called Update: UpdateRouteCalls = 6, force = False
Called Update: UpdateRouteCalls = 7, force = False
Called Update: UpdateRouteCalls = 8, force = False
Called Update: UpdateRouteCalls = 9, force = False
Called Update: UpdateRouteCalls = 10, force = False
Called Update: UpdateRouteCalls = 11, force = False
Called Update: UpdateRouteCalls = 12, force = False
Called Update: UpdateRouteCalls = 13, force = False
Called Update: UpdateRouteCalls = 14, force = False
Called Update: UpdateRouteCalls = 15, force = False
Called Update: UpdateRouteCalls = 16, force = False
Called Update: UpdateRouteCalls = 17, force = False
!! UPDATING !!
routeNo, updatedMCSIndex =  0 [2, 1, 1, 1, 1, 1, 1, 1]
Node.py: (Node0)@2084800000000.0: Updated MCS from 2 to 2, hist=deque([1.0, 1.0, 0.9864864864864865, 1.0136986301369864, 1.0], maxlen=5), packets_serviced=73, packets_received=73
Called Update: UpdateRouteCalls = 0, force = False
Node.py: (Node1)@2084800000000.0: Updated MCS from 1 to 1, hist=deque([0.0, 0.0, 0.0, 0.0, 0.0], maxlen=5), packets_serviced=0, packets_received=73
Called Update: UpdateRouteCalls = 1, force = False
Called Update: UpdateRouteCalls = 2, force = False
Called Update: UpdateRouteCalls = 3, force = False
Called Update: UpdateRouteCalls = 4, force = False
Called Update: UpdateRouteCalls = 5, force = False
Called Update: UpdateRouteCalls = 6, force = False
Called Update: UpdateRouteCalls = 7, force = False
Called Update: UpdateRouteCalls = 8, force = False
Called Update: UpdateRouteCalls = 9, force = False
Called Update: UpdateRouteCalls = 10, force = False
Called Update: UpdateRouteCalls = 11, force = False
Called Update: UpdateRouteCalls = 12, force = False
Called Update: UpdateRouteCalls = 13, force = False
Called Update: UpdateRouteCalls = 14, force = False
Called Update: UpdateRouteCalls = 15, force = False
Called Update: UpdateRouteCalls = 16, force = False
Called Update: UpdateRouteCalls = 17, force = False
!! UPDATING !!
routeNo, updatedMCSIndex =  0 [2, 1, 1, 1, 1, 1, 1, 1]
main.py: Progress: 2085 / 2104
Called Update: UpdateRouteCalls = 0, force = True
!! UPDATING !!
routeNo, updatedMCSIndex =  0 [2, 1, 1, 1, 1, 1, 1, 1]

rf.py: Time: 2085 Route details: {0: {'Route': [0, 1, 2, 3, 4, 5, 6, 7, 8], 'MCS_Index': [2, 1, 1, 1, 1, 1, 1, 1], 'Priority': 1, 'ValidRoute': True, 'HQRoute': True, 'RouteNodeDensity': [0, 0, 0, 0, 0, 2, 0, 0, 0], 'InterferingLinks': 16, 'Target': (-1, -1)}}
Node.py: (Node0)@2085200000000.0: Updated MCS from 2 to 2, hist=deque([1.0, 0.9864864864864865, 1.0136986301369864, 1.0, 1.0], maxlen=5), packets_serviced=73, packets_received=73
Called Update: UpdateRouteCalls = 0, force = False
Node.py: (Node1)@2085200000000.0: Updated MCS from 1 to 1, hist=deque([0.0, 0.0, 0.0, 0.0, 0.0], maxlen=5), packets_serviced=0, packets_received=73
Called Update: UpdateRouteCalls = 1, force = False
Called Update: UpdateRouteCalls = 2, force = False
Called Update: UpdateRouteCalls = 3, force = False
Called Update: UpdateRouteCalls = 4, force = False
Called Update: UpdateRouteCalls = 5, force = False
Called Update: UpdateRouteCalls = 6, force = False
Called Update: UpdateRouteCalls = 7, force = False
Called Update: UpdateRouteCalls = 8, force = False
Called Update: UpdateRouteCalls = 9, force = False
Called Update: UpdateRouteCalls = 10, force = False
Called Update: UpdateRouteCalls = 11, force = False
Called Update: UpdateRouteCalls = 12, force = False
Called Update: UpdateRouteCalls = 13, force = False
Called Update: UpdateRouteCalls = 14, force = False
Called Update: UpdateRouteCalls = 15, force = False
Called Update: UpdateRouteCalls = 16, force = False
Called Update: UpdateRouteCalls = 17, force = False
!! UPDATING !!
routeNo, updatedMCSIndex =  0 [2, 1, 1, 1, 1, 1, 1, 1]
Node.py: (Node0)@2085600000000.0: Updated MCS from 2 to 2, hist=deque([0.9864864864864865, 1.0136986301369864, 1.0, 1.0, 1.0], maxlen=5), packets_serviced=73, packets_received=73
Called Update: UpdateRouteCalls = 0, force = False
Node.py: (Node1)@2085600000000.0: Updated MCS from 1 to 1, hist=deque([0.0, 0.0, 0.0, 0.0, 0.0], maxlen=5), packets_serviced=0, packets_received=73
Called Update: UpdateRouteCalls = 1, force = False
Called Update: UpdateRouteCalls = 2, force = False
Called Update: UpdateRouteCalls = 3, force = False
Called Update: UpdateRouteCalls = 4, force = False
Called Update: UpdateRouteCalls = 5, force = False
Called Update: UpdateRouteCalls = 6, force = False
Called Update: UpdateRouteCalls = 7, force = False
Called Update: UpdateRouteCalls = 8, force = False
Called Update: UpdateRouteCalls = 9, force = False
Called Update: UpdateRouteCalls = 10, force = False
Called Update: UpdateRouteCalls = 11, force = False
Called Update: UpdateRouteCalls = 12, force = False
Called Update: UpdateRouteCalls = 13, force = False
Called Update: UpdateRouteCalls = 14, force = False
Called Update: UpdateRouteCalls = 15, force = False
Called Update: UpdateRouteCalls = 16, force = False
Called Update: UpdateRouteCalls = 17, force = False
!! UPDATING !!
routeNo, updatedMCSIndex =  0 [2, 1, 1, 1, 1, 1, 1, 1]
main.py: Progress: 2086 / 2104
Node.py: (Node0)@2086000000000.0: Updated MCS from 2 to 2, hist=deque([1.0136986301369864, 1.0, 1.0, 1.0, 0.9864864864864865], maxlen=5), packets_serviced=73, packets_received=74
Called Update: UpdateRouteCalls = 0, force = False
Node.py: (Node1)@2086000000000.0: Updated MCS from 1 to 1, hist=deque([0.0, 0.0, 0.0, 0.0, 0.0], maxlen=5), packets_serviced=0, packets_received=73
Called Update: UpdateRouteCalls = 1, force = False
Called Update: UpdateRouteCalls = 2, force = False
Called Update: UpdateRouteCalls = 3, force = False
Called Update: UpdateRouteCalls = 4, force = False
Called Update: UpdateRouteCalls = 5, force = False
Called Update: UpdateRouteCalls = 6, force = False
Called Update: UpdateRouteCalls = 7, force = False
Called Update: UpdateRouteCalls = 8, force = False
Called Update: UpdateRouteCalls = 9, force = False
Called Update: UpdateRouteCalls = 10, force = False
Called Update: UpdateRouteCalls = 11, force = False
Called Update: UpdateRouteCalls = 12, force = False
Called Update: UpdateRouteCalls = 13, force = False
Called Update: UpdateRouteCalls = 14, force = False
Called Update: UpdateRouteCalls = 15, force = False
Called Update: UpdateRouteCalls = 16, force = False
Called Update: UpdateRouteCalls = 17, force = False
!! UPDATING !!
routeNo, updatedMCSIndex =  0 [2, 1, 1, 1, 1, 1, 1, 1]
Called Update: UpdateRouteCalls = 0, force = True
!! UPDATING !!
routeNo, updatedMCSIndex =  0 [2, 1, 1, 1, 1, 1, 1, 1]

rf.py: Time: 2086 Route details: {0: {'Route': [0, 1, 2, 3, 4, 5, 6, 7, 8], 'MCS_Index': [2, 1, 1, 1, 1, 1, 1, 1], 'Priority': 1, 'ValidRoute': True, 'HQRoute': True, 'RouteNodeDensity': [0, 0, 0, 0, 0, 2, 0, 0, 0], 'InterferingLinks': 16, 'Target': (-1, -1)}}
Node.py: (Node0)@2086400000000.0: Updated MCS from 2 to 2, hist=deque([1.0, 1.0, 1.0, 0.9864864864864865, 1.0136986301369864], maxlen=5), packets_serviced=74, packets_received=73
Called Update: UpdateRouteCalls = 0, force = False
Node.py: (Node1)@2086400000000.0: Updated MCS from 1 to 1, hist=deque([0.0, 0.0, 0.0, 0.0, 0.0], maxlen=5), packets_serviced=0, packets_received=74
Called Update: UpdateRouteCalls = 1, force = False
Called Update: UpdateRouteCalls = 2, force = False
Called Update: UpdateRouteCalls = 3, force = False
Called Update: UpdateRouteCalls = 4, force = False
Called Update: UpdateRouteCalls = 5, force = False
Called Update: UpdateRouteCalls = 6, force = False
Called Update: UpdateRouteCalls = 7, force = False
Called Update: UpdateRouteCalls = 8, force = False
Called Update: UpdateRouteCalls = 9, force = False
Called Update: UpdateRouteCalls = 10, force = False
Called Update: UpdateRouteCalls = 11, force = False
Called Update: UpdateRouteCalls = 12, force = False
Called Update: UpdateRouteCalls = 13, force = False
Called Update: UpdateRouteCalls = 14, force = False
Called Update: UpdateRouteCalls = 15, force = False
Called Update: UpdateRouteCalls = 16, force = False
Called Update: UpdateRouteCalls = 17, force = False
!! UPDATING !!
routeNo, updatedMCSIndex =  0 [2, 1, 1, 1, 1, 1, 1, 1]
Node.py: (Node0)@2086800000000.0: Updated MCS from 2 to 2, hist=deque([1.0, 1.0, 0.9864864864864865, 1.0136986301369864, 1.0], maxlen=5), packets_serviced=73, packets_received=73
Called Update: UpdateRouteCalls = 0, force = False
Node.py: (Node1)@2086800000000.0: Updated MCS from 1 to 1, hist=deque([0.0, 0.0, 0.0, 0.0, 0.0], maxlen=5), packets_serviced=0, packets_received=73
Called Update: UpdateRouteCalls = 1, force = False
Called Update: UpdateRouteCalls = 2, force = False
Called Update: UpdateRouteCalls = 3, force = False
Called Update: UpdateRouteCalls = 4, force = False
Called Update: UpdateRouteCalls = 5, force = False
Called Update: UpdateRouteCalls = 6, force = False
Called Update: UpdateRouteCalls = 7, force = False
Called Update: UpdateRouteCalls = 8, force = False
Called Update: UpdateRouteCalls = 9, force = False
Called Update: UpdateRouteCalls = 10, force = False
Called Update: UpdateRouteCalls = 11, force = False
Called Update: UpdateRouteCalls = 12, force = False
Called Update: UpdateRouteCalls = 13, force = False
Called Update: UpdateRouteCalls = 14, force = False
Called Update: UpdateRouteCalls = 15, force = False
Called Update: UpdateRouteCalls = 16, force = False
Called Update: UpdateRouteCalls = 17, force = False
!! UPDATING !!
routeNo, updatedMCSIndex =  0 [2, 1, 1, 1, 1, 1, 1, 1]
main.py: Progress: 2087 / 2104
Called Update: UpdateRouteCalls = 0, force = True
!! UPDATING !!
routeNo, updatedMCSIndex =  0 [2, 1, 1, 1, 1, 1, 1, 1]

rf.py: Time: 2087 Route details: {0: {'Route': [0, 1, 2, 3, 4, 5, 6, 7, 8], 'MCS_Index': [2, 1, 1, 1, 1, 1, 1, 1], 'Priority': 1, 'ValidRoute': True, 'HQRoute': True, 'RouteNodeDensity': [0, 0, 0, 0, 0, 2, 0, 0, 0], 'InterferingLinks': 16, 'Target': (-1, -1)}}
Node.py: (Node0)@2087200000000.0: Updated MCS from 2 to 2, hist=deque([1.0, 0.9864864864864865, 1.0136986301369864, 1.0, 1.0], maxlen=5), packets_serviced=73, packets_received=73
Called Update: UpdateRouteCalls = 0, force = False
Node.py: (Node1)@2087200000000.0: Updated MCS from 1 to 1, hist=deque([0.0, 0.0, 0.0, 0.0, 0.0], maxlen=5), packets_serviced=0, packets_received=73
Called Update: UpdateRouteCalls = 1, force = False
Called Update: UpdateRouteCalls = 2, force = False
Called Update: UpdateRouteCalls = 3, force = False
Called Update: UpdateRouteCalls = 4, force = False
Called Update: UpdateRouteCalls = 5, force = False
Called Update: UpdateRouteCalls = 6, force = False
Called Update: UpdateRouteCalls = 7, force = False
Called Update: UpdateRouteCalls = 8, force = False
Called Update: UpdateRouteCalls = 9, force = False
Called Update: UpdateRouteCalls = 10, force = False
Called Update: UpdateRouteCalls = 11, force = False
Called Update: UpdateRouteCalls = 12, force = False
Called Update: UpdateRouteCalls = 13, force = False
Called Update: UpdateRouteCalls = 14, force = False
Called Update: UpdateRouteCalls = 15, force = False
Called Update: UpdateRouteCalls = 16, force = False
Called Update: UpdateRouteCalls = 17, force = False
!! UPDATING !!
routeNo, updatedMCSIndex =  0 [2, 1, 1, 1, 1, 1, 1, 1]
Node.py: (Node0)@2087600000000.0: Updated MCS from 2 to 2, hist=deque([0.9864864864864865, 1.0136986301369864, 1.0, 1.0, 1.0], maxlen=5), packets_serviced=73, packets_received=73
Called Update: UpdateRouteCalls = 0, force = False
Node.py: (Node1)@2087600000000.0: Updated MCS from 1 to 1, hist=deque([0.0, 0.0, 0.0, 0.0, 0.0], maxlen=5), packets_serviced=0, packets_received=73
Called Update: UpdateRouteCalls = 1, force = False
Called Update: UpdateRouteCalls = 2, force = False
Called Update: UpdateRouteCalls = 3, force = False
Called Update: UpdateRouteCalls = 4, force = False
Called Update: UpdateRouteCalls = 5, force = False
Called Update: UpdateRouteCalls = 6, force = False
Called Update: UpdateRouteCalls = 7, force = False
Called Update: UpdateRouteCalls = 8, force = False
Called Update: UpdateRouteCalls = 9, force = False
Called Update: UpdateRouteCalls = 10, force = False
Called Update: UpdateRouteCalls = 11, force = False
Called Update: UpdateRouteCalls = 12, force = False
Called Update: UpdateRouteCalls = 13, force = False
Called Update: UpdateRouteCalls = 14, force = False
Called Update: UpdateRouteCalls = 15, force = False
Called Update: UpdateRouteCalls = 16, force = False
Called Update: UpdateRouteCalls = 17, force = False
!! UPDATING !!
routeNo, updatedMCSIndex =  0 [2, 1, 1, 1, 1, 1, 1, 1]
main.py: Progress: 2088 / 2104
Node.py: (Node0)@2088000000000.0: Updated MCS from 2 to 2, hist=deque([1.0136986301369864, 1.0, 1.0, 1.0, 0.9864864864864865], maxlen=5), packets_serviced=73, packets_received=74
Called Update: UpdateRouteCalls = 0, force = False
Node.py: (Node1)@2088000000000.0: Updated MCS from 1 to 1, hist=deque([0.0, 0.0, 0.0, 0.0, 0.0], maxlen=5), packets_serviced=0, packets_received=73
Called Update: UpdateRouteCalls = 1, force = False
Called Update: UpdateRouteCalls = 2, force = False
Called Update: UpdateRouteCalls = 3, force = False
Called Update: UpdateRouteCalls = 4, force = False
Called Update: UpdateRouteCalls = 5, force = False
Called Update: UpdateRouteCalls = 6, force = False
Called Update: UpdateRouteCalls = 7, force = False
Called Update: UpdateRouteCalls = 8, force = False
Called Update: UpdateRouteCalls = 9, force = False
Called Update: UpdateRouteCalls = 10, force = False
Called Update: UpdateRouteCalls = 11, force = False
Called Update: UpdateRouteCalls = 12, force = False
Called Update: UpdateRouteCalls = 13, force = False
Called Update: UpdateRouteCalls = 14, force = False
Called Update: UpdateRouteCalls = 15, force = False
Called Update: UpdateRouteCalls = 16, force = False
Called Update: UpdateRouteCalls = 17, force = False
!! UPDATING !!
routeNo, updatedMCSIndex =  0 [2, 1, 1, 1, 1, 1, 1, 1]
Called Update: UpdateRouteCalls = 0, force = True
!! UPDATING !!
routeNo, updatedMCSIndex =  0 [2, 1, 1, 1, 1, 1, 1, 1]

rf.py: Time: 2088 Route details: {0: {'Route': [0, 1, 2, 3, 4, 5, 6, 7, 8], 'MCS_Index': [2, 1, 1, 1, 1, 1, 1, 1], 'Priority': 1, 'ValidRoute': True, 'HQRoute': True, 'RouteNodeDensity': [0, 0, 0, 0, 0, 2, 0, 0, 0], 'InterferingLinks': 16, 'Target': (-1, -1)}}
Node.py: (Node0)@2088400000000.0: Updated MCS from 2 to 2, hist=deque([1.0, 1.0, 1.0, 0.9864864864864865, 1.0136986301369864], maxlen=5), packets_serviced=74, packets_received=73
Called Update: UpdateRouteCalls = 0, force = False
Node.py: (Node1)@2088400000000.0: Updated MCS from 1 to 1, hist=deque([0.0, 0.0, 0.0, 0.0, 0.0], maxlen=5), packets_serviced=0, packets_received=74
Called Update: UpdateRouteCalls = 1, force = False
Called Update: UpdateRouteCalls = 2, force = False
Called Update: UpdateRouteCalls = 3, force = False
Called Update: UpdateRouteCalls = 4, force = False
Called Update: UpdateRouteCalls = 5, force = False
Called Update: UpdateRouteCalls = 6, force = False
Called Update: UpdateRouteCalls = 7, force = False
Called Update: UpdateRouteCalls = 8, force = False
Called Update: UpdateRouteCalls = 9, force = False
Called Update: UpdateRouteCalls = 10, force = False
Called Update: UpdateRouteCalls = 11, force = False
Called Update: UpdateRouteCalls = 12, force = False
Called Update: UpdateRouteCalls = 13, force = False
Called Update: UpdateRouteCalls = 14, force = False
Called Update: UpdateRouteCalls = 15, force = False
Called Update: UpdateRouteCalls = 16, force = False
Called Update: UpdateRouteCalls = 17, force = False
!! UPDATING !!
routeNo, updatedMCSIndex =  0 [2, 1, 1, 1, 1, 1, 1, 1]
Node.py: (Node0)@2088800000000.0: Updated MCS from 2 to 2, hist=deque([1.0, 1.0, 0.9864864864864865, 1.0136986301369864, 1.0], maxlen=5), packets_serviced=73, packets_received=73
Called Update: UpdateRouteCalls = 0, force = False
Node.py: (Node1)@2088800000000.0: Updated MCS from 1 to 1, hist=deque([0.0, 0.0, 0.0, 0.0, 0.0], maxlen=5), packets_serviced=0, packets_received=73
Called Update: UpdateRouteCalls = 1, force = False
Called Update: UpdateRouteCalls = 2, force = False
Called Update: UpdateRouteCalls = 3, force = False
Called Update: UpdateRouteCalls = 4, force = False
Called Update: UpdateRouteCalls = 5, force = False
Called Update: UpdateRouteCalls = 6, force = False
Called Update: UpdateRouteCalls = 7, force = False
Called Update: UpdateRouteCalls = 8, force = False
Called Update: UpdateRouteCalls = 9, force = False
Called Update: UpdateRouteCalls = 10, force = False
Called Update: UpdateRouteCalls = 11, force = False
Called Update: UpdateRouteCalls = 12, force = False
Called Update: UpdateRouteCalls = 13, force = False
Called Update: UpdateRouteCalls = 14, force = False
Called Update: UpdateRouteCalls = 15, force = False
Called Update: UpdateRouteCalls = 16, force = False
Called Update: UpdateRouteCalls = 17, force = False
!! UPDATING !!
routeNo, updatedMCSIndex =  0 [2, 1, 1, 1, 1, 1, 1, 1]
main.py: Progress: 2089 / 2104
Called Update: UpdateRouteCalls = 0, force = True
!! UPDATING !!
routeNo, updatedMCSIndex =  0 [2, 1, 1, 1, 1, 1, 1, 1]

rf.py: Time: 2089 Route details: {0: {'Route': [0, 1, 2, 3, 4, 5, 6, 7, 8], 'MCS_Index': [2, 1, 1, 1, 1, 1, 1, 1], 'Priority': 1, 'ValidRoute': True, 'HQRoute': True, 'RouteNodeDensity': [0, 0, 0, 0, 0, 2, 0, 0, 0], 'InterferingLinks': 16, 'Target': (-1, -1)}}
Node.py: (Node0)@2089200000000.0: Updated MCS from 2 to 2, hist=deque([1.0, 0.9864864864864865, 1.0136986301369864, 1.0, 1.0], maxlen=5), packets_serviced=73, packets_received=73
Called Update: UpdateRouteCalls = 0, force = False
Node.py: (Node1)@2089200000000.0: Updated MCS from 1 to 1, hist=deque([0.0, 0.0, 0.0, 0.0, 0.0], maxlen=5), packets_serviced=0, packets_received=73
Called Update: UpdateRouteCalls = 1, force = False
Called Update: UpdateRouteCalls = 2, force = False
Called Update: UpdateRouteCalls = 3, force = False
Called Update: UpdateRouteCalls = 4, force = False
Called Update: UpdateRouteCalls = 5, force = False
Called Update: UpdateRouteCalls = 6, force = False
Called Update: UpdateRouteCalls = 7, force = False
Called Update: UpdateRouteCalls = 8, force = False
Called Update: UpdateRouteCalls = 9, force = False
Called Update: UpdateRouteCalls = 10, force = False
Called Update: UpdateRouteCalls = 11, force = False
Called Update: UpdateRouteCalls = 12, force = False
Called Update: UpdateRouteCalls = 13, force = False
Called Update: UpdateRouteCalls = 14, force = False
Called Update: UpdateRouteCalls = 15, force = False
Called Update: UpdateRouteCalls = 16, force = False
Called Update: UpdateRouteCalls = 17, force = False
!! UPDATING !!
routeNo, updatedMCSIndex =  0 [2, 1, 1, 1, 1, 1, 1, 1]
Node.py: (Node0)@2089600000000.0: Updated MCS from 2 to 2, hist=deque([0.9864864864864865, 1.0136986301369864, 1.0, 1.0, 1.0], maxlen=5), packets_serviced=73, packets_received=73
Called Update: UpdateRouteCalls = 0, force = False
Node.py: (Node1)@2089600000000.0: Updated MCS from 1 to 1, hist=deque([0.0, 0.0, 0.0, 0.0, 0.0], maxlen=5), packets_serviced=0, packets_received=73
Called Update: UpdateRouteCalls = 1, force = False
Called Update: UpdateRouteCalls = 2, force = False
Called Update: UpdateRouteCalls = 3, force = False
Called Update: UpdateRouteCalls = 4, force = False
Called Update: UpdateRouteCalls = 5, force = False
Called Update: UpdateRouteCalls = 6, force = False
Called Update: UpdateRouteCalls = 7, force = False
Called Update: UpdateRouteCalls = 8, force = False
Called Update: UpdateRouteCalls = 9, force = False
Called Update: UpdateRouteCalls = 10, force = False
Called Update: UpdateRouteCalls = 11, force = False
Called Update: UpdateRouteCalls = 12, force = False
Called Update: UpdateRouteCalls = 13, force = False
Called Update: UpdateRouteCalls = 14, force = False
Called Update: UpdateRouteCalls = 15, force = False
Called Update: UpdateRouteCalls = 16, force = False
Called Update: UpdateRouteCalls = 17, force = False
!! UPDATING !!
routeNo, updatedMCSIndex =  0 [2, 1, 1, 1, 1, 1, 1, 1]
main.py: Progress: 2090 / 2104
Node.py: (Node0)@2090000000000.0: Updated MCS from 2 to 2, hist=deque([1.0136986301369864, 1.0, 1.0, 1.0, 0.9864864864864865], maxlen=5), packets_serviced=73, packets_received=74
Called Update: UpdateRouteCalls = 0, force = False
Node.py: (Node1)@2090000000000.0: Updated MCS from 1 to 1, hist=deque([0.0, 0.0, 0.0, 0.0, 0.0], maxlen=5), packets_serviced=0, packets_received=73
Called Update: UpdateRouteCalls = 1, force = False
Called Update: UpdateRouteCalls = 2, force = False
Called Update: UpdateRouteCalls = 3, force = False
Called Update: UpdateRouteCalls = 4, force = False
Called Update: UpdateRouteCalls = 5, force = False
Called Update: UpdateRouteCalls = 6, force = False
Called Update: UpdateRouteCalls = 7, force = False
Called Update: UpdateRouteCalls = 8, force = False
Called Update: UpdateRouteCalls = 9, force = False
Called Update: UpdateRouteCalls = 10, force = False
Called Update: UpdateRouteCalls = 11, force = False
Called Update: UpdateRouteCalls = 12, force = False
Called Update: UpdateRouteCalls = 13, force = False
Called Update: UpdateRouteCalls = 14, force = False
Called Update: UpdateRouteCalls = 15, force = False
Called Update: UpdateRouteCalls = 16, force = False
Called Update: UpdateRouteCalls = 17, force = False
!! UPDATING !!
routeNo, updatedMCSIndex =  0 [2, 1, 1, 1, 1, 1, 1, 1]
Called Update: UpdateRouteCalls = 0, force = True
!! UPDATING !!
routeNo, updatedMCSIndex =  0 [2, 1, 1, 1, 1, 1, 1, 1]

rf.py: Time: 2090 Route details: {0: {'Route': [0, 1, 2, 3, 4, 5, 6, 7, 8], 'MCS_Index': [2, 1, 1, 1, 1, 1, 1, 1], 'Priority': 1, 'ValidRoute': True, 'HQRoute': True, 'RouteNodeDensity': [0, 0, 0, 0, 0, 2, 0, 0, 0], 'InterferingLinks': 16, 'Target': (-1, -1)}}
Node.py: (Node0)@2090400000000.0: Updated MCS from 2 to 2, hist=deque([1.0, 1.0, 1.0, 0.9864864864864865, 1.0136986301369864], maxlen=5), packets_serviced=74, packets_received=73
Called Update: UpdateRouteCalls = 0, force = False
Node.py: (Node1)@2090400000000.0: Updated MCS from 1 to 1, hist=deque([0.0, 0.0, 0.0, 0.0, 0.0], maxlen=5), packets_serviced=0, packets_received=74
Called Update: UpdateRouteCalls = 1, force = False
Called Update: UpdateRouteCalls = 2, force = False
Called Update: UpdateRouteCalls = 3, force = False
Called Update: UpdateRouteCalls = 4, force = False
Called Update: UpdateRouteCalls = 5, force = False
Called Update: UpdateRouteCalls = 6, force = False
Called Update: UpdateRouteCalls = 7, force = False
Called Update: UpdateRouteCalls = 8, force = False
Called Update: UpdateRouteCalls = 9, force = False
Called Update: UpdateRouteCalls = 10, force = False
Called Update: UpdateRouteCalls = 11, force = False
Called Update: UpdateRouteCalls = 12, force = False
Called Update: UpdateRouteCalls = 13, force = False
Called Update: UpdateRouteCalls = 14, force = False
Called Update: UpdateRouteCalls = 15, force = False
Called Update: UpdateRouteCalls = 16, force = False
Called Update: UpdateRouteCalls = 17, force = False
!! UPDATING !!
routeNo, updatedMCSIndex =  0 [2, 1, 1, 1, 1, 1, 1, 1]
Node.py: (Node0)@2090800000000.0: Updated MCS from 2 to 2, hist=deque([1.0, 1.0, 0.9864864864864865, 1.0136986301369864, 1.0], maxlen=5), packets_serviced=73, packets_received=73
Called Update: UpdateRouteCalls = 0, force = False
Node.py: (Node1)@2090800000000.0: Updated MCS from 1 to 1, hist=deque([0.0, 0.0, 0.0, 0.0, 0.0], maxlen=5), packets_serviced=0, packets_received=73
Called Update: UpdateRouteCalls = 1, force = False
Called Update: UpdateRouteCalls = 2, force = False
Called Update: UpdateRouteCalls = 3, force = False
Called Update: UpdateRouteCalls = 4, force = False
Called Update: UpdateRouteCalls = 5, force = False
Called Update: UpdateRouteCalls = 6, force = False
Called Update: UpdateRouteCalls = 7, force = False
Called Update: UpdateRouteCalls = 8, force = False
Called Update: UpdateRouteCalls = 9, force = False
Called Update: UpdateRouteCalls = 10, force = False
Called Update: UpdateRouteCalls = 11, force = False
Called Update: UpdateRouteCalls = 12, force = False
Called Update: UpdateRouteCalls = 13, force = False
Called Update: UpdateRouteCalls = 14, force = False
Called Update: UpdateRouteCalls = 15, force = False
Called Update: UpdateRouteCalls = 16, force = False
Called Update: UpdateRouteCalls = 17, force = False
!! UPDATING !!
routeNo, updatedMCSIndex =  0 [2, 1, 1, 1, 1, 1, 1, 1]
main.py: Progress: 2091 / 2104
Called Update: UpdateRouteCalls = 0, force = True
!! UPDATING !!
routeNo, updatedMCSIndex =  0 [2, 1, 1, 1, 1, 1, 1, 1]

rf.py: Time: 2091 Route details: {0: {'Route': [0, 1, 2, 3, 4, 5, 6, 7, 8], 'MCS_Index': [2, 1, 1, 1, 1, 1, 1, 1], 'Priority': 1, 'ValidRoute': True, 'HQRoute': True, 'RouteNodeDensity': [0, 0, 0, 0, 0, 2, 0, 0, 0], 'InterferingLinks': 16, 'Target': (-1, -1)}}
Node.py: (Node0)@2091200000000.0: Updated MCS from 2 to 2, hist=deque([1.0, 0.9864864864864865, 1.0136986301369864, 1.0, 1.0], maxlen=5), packets_serviced=73, packets_received=73
Called Update: UpdateRouteCalls = 0, force = False
Node.py: (Node1)@2091200000000.0: Updated MCS from 1 to 1, hist=deque([0.0, 0.0, 0.0, 0.0, 0.0], maxlen=5), packets_serviced=0, packets_received=73
Called Update: UpdateRouteCalls = 1, force = False
Called Update: UpdateRouteCalls = 2, force = False
Called Update: UpdateRouteCalls = 3, force = False
Called Update: UpdateRouteCalls = 4, force = False
Called Update: UpdateRouteCalls = 5, force = False
Called Update: UpdateRouteCalls = 6, force = False
Called Update: UpdateRouteCalls = 7, force = False
Called Update: UpdateRouteCalls = 8, force = False
Called Update: UpdateRouteCalls = 9, force = False
Called Update: UpdateRouteCalls = 10, force = False
Called Update: UpdateRouteCalls = 11, force = False
Called Update: UpdateRouteCalls = 12, force = False
Called Update: UpdateRouteCalls = 13, force = False
Called Update: UpdateRouteCalls = 14, force = False
Called Update: UpdateRouteCalls = 15, force = False
Called Update: UpdateRouteCalls = 16, force = False
Called Update: UpdateRouteCalls = 17, force = False
!! UPDATING !!
routeNo, updatedMCSIndex =  0 [2, 1, 1, 1, 1, 1, 1, 1]
Node.py: (Node0)@2091600000000.0: Updated MCS from 2 to 2, hist=deque([0.9864864864864865, 1.0136986301369864, 1.0, 1.0, 1.0], maxlen=5), packets_serviced=73, packets_received=73
Called Update: UpdateRouteCalls = 0, force = False
Node.py: (Node1)@2091600000000.0: Updated MCS from 1 to 1, hist=deque([0.0, 0.0, 0.0, 0.0, 0.0], maxlen=5), packets_serviced=0, packets_received=73
Called Update: UpdateRouteCalls = 1, force = False
Called Update: UpdateRouteCalls = 2, force = False
Called Update: UpdateRouteCalls = 3, force = False
Called Update: UpdateRouteCalls = 4, force = False
Called Update: UpdateRouteCalls = 5, force = False
Called Update: UpdateRouteCalls = 6, force = False
Called Update: UpdateRouteCalls = 7, force = False
Called Update: UpdateRouteCalls = 8, force = False
Called Update: UpdateRouteCalls = 9, force = False
Called Update: UpdateRouteCalls = 10, force = False
Called Update: UpdateRouteCalls = 11, force = False
Called Update: UpdateRouteCalls = 12, force = False
Called Update: UpdateRouteCalls = 13, force = False
Called Update: UpdateRouteCalls = 14, force = False
Called Update: UpdateRouteCalls = 15, force = False
Called Update: UpdateRouteCalls = 16, force = False
Called Update: UpdateRouteCalls = 17, force = False
!! UPDATING !!
routeNo, updatedMCSIndex =  0 [2, 1, 1, 1, 1, 1, 1, 1]
main.py: Progress: 2092 / 2104
Node.py: (Node0)@2092000000000.0: Updated MCS from 2 to 2, hist=deque([1.0136986301369864, 1.0, 1.0, 1.0, 0.9864864864864865], maxlen=5), packets_serviced=73, packets_received=74
Called Update: UpdateRouteCalls = 0, force = False
Node.py: (Node1)@2092000000000.0: Updated MCS from 1 to 1, hist=deque([0.0, 0.0, 0.0, 0.0, 0.0], maxlen=5), packets_serviced=0, packets_received=73
Called Update: UpdateRouteCalls = 1, force = False
Called Update: UpdateRouteCalls = 2, force = False
Called Update: UpdateRouteCalls = 3, force = False
Called Update: UpdateRouteCalls = 4, force = False
Called Update: UpdateRouteCalls = 5, force = False
Called Update: UpdateRouteCalls = 6, force = False
Called Update: UpdateRouteCalls = 7, force = False
Called Update: UpdateRouteCalls = 8, force = False
Called Update: UpdateRouteCalls = 9, force = False
Called Update: UpdateRouteCalls = 10, force = False
Called Update: UpdateRouteCalls = 11, force = False
Called Update: UpdateRouteCalls = 12, force = False
Called Update: UpdateRouteCalls = 13, force = False
Called Update: UpdateRouteCalls = 14, force = False
Called Update: UpdateRouteCalls = 15, force = False
Called Update: UpdateRouteCalls = 16, force = False
Called Update: UpdateRouteCalls = 17, force = False
!! UPDATING !!
routeNo, updatedMCSIndex =  0 [2, 1, 1, 1, 1, 1, 1, 1]
Called Update: UpdateRouteCalls = 0, force = True
!! UPDATING !!
routeNo, updatedMCSIndex =  0 [2, 1, 1, 1, 1, 1, 1, 1]

rf.py: Time: 2092 Route details: {0: {'Route': [0, 1, 2, 3, 4, 5, 6, 7, 8], 'MCS_Index': [2, 1, 1, 1, 1, 1, 1, 1], 'Priority': 1, 'ValidRoute': True, 'HQRoute': True, 'RouteNodeDensity': [0, 0, 0, 0, 0, 2, 0, 0, 0], 'InterferingLinks': 16, 'Target': (-1, -1)}}
Node.py: (Node0)@2092400000000.0: Updated MCS from 2 to 2, hist=deque([1.0, 1.0, 1.0, 0.9864864864864865, 1.0136986301369864], maxlen=5), packets_serviced=74, packets_received=73
Called Update: UpdateRouteCalls = 0, force = False
Node.py: (Node1)@2092400000000.0: Updated MCS from 1 to 1, hist=deque([0.0, 0.0, 0.0, 0.0, 0.0], maxlen=5), packets_serviced=0, packets_received=74
Called Update: UpdateRouteCalls = 1, force = False
Called Update: UpdateRouteCalls = 2, force = False
Called Update: UpdateRouteCalls = 3, force = False
Called Update: UpdateRouteCalls = 4, force = False
Called Update: UpdateRouteCalls = 5, force = False
Called Update: UpdateRouteCalls = 6, force = False
Called Update: UpdateRouteCalls = 7, force = False
Called Update: UpdateRouteCalls = 8, force = False
Called Update: UpdateRouteCalls = 9, force = False
Called Update: UpdateRouteCalls = 10, force = False
Called Update: UpdateRouteCalls = 11, force = False
Called Update: UpdateRouteCalls = 12, force = False
Called Update: UpdateRouteCalls = 13, force = False
Called Update: UpdateRouteCalls = 14, force = False
Called Update: UpdateRouteCalls = 15, force = False
Called Update: UpdateRouteCalls = 16, force = False
Called Update: UpdateRouteCalls = 17, force = False
!! UPDATING !!
routeNo, updatedMCSIndex =  0 [2, 1, 1, 1, 1, 1, 1, 1]
Node.py: (Node0)@2092800000000.0: Updated MCS from 2 to 2, hist=deque([1.0, 1.0, 0.9864864864864865, 1.0136986301369864, 1.0], maxlen=5), packets_serviced=73, packets_received=73
Called Update: UpdateRouteCalls = 0, force = False
Node.py: (Node1)@2092800000000.0: Updated MCS from 1 to 1, hist=deque([0.0, 0.0, 0.0, 0.0, 0.0], maxlen=5), packets_serviced=0, packets_received=73
Called Update: UpdateRouteCalls = 1, force = False
Called Update: UpdateRouteCalls = 2, force = False
Called Update: UpdateRouteCalls = 3, force = False
Called Update: UpdateRouteCalls = 4, force = False
Called Update: UpdateRouteCalls = 5, force = False
Called Update: UpdateRouteCalls = 6, force = False
Called Update: UpdateRouteCalls = 7, force = False
Called Update: UpdateRouteCalls = 8, force = False
Called Update: UpdateRouteCalls = 9, force = False
Called Update: UpdateRouteCalls = 10, force = False
Called Update: UpdateRouteCalls = 11, force = False
Called Update: UpdateRouteCalls = 12, force = False
Called Update: UpdateRouteCalls = 13, force = False
Called Update: UpdateRouteCalls = 14, force = False
Called Update: UpdateRouteCalls = 15, force = False
Called Update: UpdateRouteCalls = 16, force = False
Called Update: UpdateRouteCalls = 17, force = False
!! UPDATING !!
routeNo, updatedMCSIndex =  0 [2, 1, 1, 1, 1, 1, 1, 1]
main.py: Progress: 2093 / 2104
Called Update: UpdateRouteCalls = 0, force = True
!! UPDATING !!
routeNo, updatedMCSIndex =  0 [2, 1, 1, 1, 1, 1, 1, 1]

rf.py: Time: 2093 Route details: {0: {'Route': [0, 1, 2, 3, 4, 5, 6, 7, 8], 'MCS_Index': [2, 1, 1, 1, 1, 1, 1, 1], 'Priority': 1, 'ValidRoute': True, 'HQRoute': True, 'RouteNodeDensity': [0, 0, 0, 0, 0, 2, 0, 0, 0], 'InterferingLinks': 16, 'Target': (-1, -1)}}
Node.py: (Node0)@2093200000000.0: Updated MCS from 2 to 2, hist=deque([1.0, 0.9864864864864865, 1.0136986301369864, 1.0, 1.0], maxlen=5), packets_serviced=73, packets_received=73
Called Update: UpdateRouteCalls = 0, force = False
Node.py: (Node1)@2093200000000.0: Updated MCS from 1 to 1, hist=deque([0.0, 0.0, 0.0, 0.0, 0.0], maxlen=5), packets_serviced=0, packets_received=73
Called Update: UpdateRouteCalls = 1, force = False
Called Update: UpdateRouteCalls = 2, force = False
Called Update: UpdateRouteCalls = 3, force = False
Called Update: UpdateRouteCalls = 4, force = False
Called Update: UpdateRouteCalls = 5, force = False
Called Update: UpdateRouteCalls = 6, force = False
Called Update: UpdateRouteCalls = 7, force = False
Called Update: UpdateRouteCalls = 8, force = False
Called Update: UpdateRouteCalls = 9, force = False
Called Update: UpdateRouteCalls = 10, force = False
Called Update: UpdateRouteCalls = 11, force = False
Called Update: UpdateRouteCalls = 12, force = False
Called Update: UpdateRouteCalls = 13, force = False
Called Update: UpdateRouteCalls = 14, force = False
Called Update: UpdateRouteCalls = 15, force = False
Called Update: UpdateRouteCalls = 16, force = False
Called Update: UpdateRouteCalls = 17, force = False
!! UPDATING !!
routeNo, updatedMCSIndex =  0 [2, 1, 1, 1, 1, 1, 1, 1]
Node.py: (Node0)@2093600000000.0: Updated MCS from 2 to 2, hist=deque([0.9864864864864865, 1.0136986301369864, 1.0, 1.0, 1.0], maxlen=5), packets_serviced=73, packets_received=73
Called Update: UpdateRouteCalls = 0, force = False
Node.py: (Node1)@2093600000000.0: Updated MCS from 1 to 1, hist=deque([0.0, 0.0, 0.0, 0.0, 0.0], maxlen=5), packets_serviced=0, packets_received=73
Called Update: UpdateRouteCalls = 1, force = False
Called Update: UpdateRouteCalls = 2, force = False
Called Update: UpdateRouteCalls = 3, force = False
Called Update: UpdateRouteCalls = 4, force = False
Called Update: UpdateRouteCalls = 5, force = False
Called Update: UpdateRouteCalls = 6, force = False
Called Update: UpdateRouteCalls = 7, force = False
Called Update: UpdateRouteCalls = 8, force = False
Called Update: UpdateRouteCalls = 9, force = False
Called Update: UpdateRouteCalls = 10, force = False
Called Update: UpdateRouteCalls = 11, force = False
Called Update: UpdateRouteCalls = 12, force = False
Called Update: UpdateRouteCalls = 13, force = False
Called Update: UpdateRouteCalls = 14, force = False
Called Update: UpdateRouteCalls = 15, force = False
Called Update: UpdateRouteCalls = 16, force = False
Called Update: UpdateRouteCalls = 17, force = False
!! UPDATING !!
routeNo, updatedMCSIndex =  0 [2, 1, 1, 1, 1, 1, 1, 1]
main.py: Progress: 2094 / 2104
Node.py: (Node0)@2094000000000.0: Updated MCS from 2 to 2, hist=deque([1.0136986301369864, 1.0, 1.0, 1.0, 0.9864864864864865], maxlen=5), packets_serviced=73, packets_received=74
Called Update: UpdateRouteCalls = 0, force = False
Node.py: (Node1)@2094000000000.0: Updated MCS from 1 to 1, hist=deque([0.0, 0.0, 0.0, 0.0, 0.0], maxlen=5), packets_serviced=0, packets_received=73
Called Update: UpdateRouteCalls = 1, force = False
Called Update: UpdateRouteCalls = 2, force = False
Called Update: UpdateRouteCalls = 3, force = False
Called Update: UpdateRouteCalls = 4, force = False
Called Update: UpdateRouteCalls = 5, force = False
Called Update: UpdateRouteCalls = 6, force = False
Called Update: UpdateRouteCalls = 7, force = False
Called Update: UpdateRouteCalls = 8, force = False
Called Update: UpdateRouteCalls = 9, force = False
Called Update: UpdateRouteCalls = 10, force = False
Called Update: UpdateRouteCalls = 11, force = False
Called Update: UpdateRouteCalls = 12, force = False
Called Update: UpdateRouteCalls = 13, force = False
Called Update: UpdateRouteCalls = 14, force = False
Called Update: UpdateRouteCalls = 15, force = False
Called Update: UpdateRouteCalls = 16, force = False
Called Update: UpdateRouteCalls = 17, force = False
!! UPDATING !!
routeNo, updatedMCSIndex =  0 [2, 1, 1, 1, 1, 1, 1, 1]
Called Update: UpdateRouteCalls = 0, force = True
!! UPDATING !!
routeNo, updatedMCSIndex =  0 [2, 1, 1, 1, 1, 1, 1, 1]

rf.py: Time: 2094 Route details: {0: {'Route': [0, 1, 2, 3, 4, 5, 6, 7, 8], 'MCS_Index': [2, 1, 1, 1, 1, 1, 1, 1], 'Priority': 1, 'ValidRoute': True, 'HQRoute': True, 'RouteNodeDensity': [0, 0, 0, 0, 0, 2, 0, 0, 0], 'InterferingLinks': 16, 'Target': (-1, -1)}}
Node.py: (Node0)@2094400000000.0: Updated MCS from 2 to 2, hist=deque([1.0, 1.0, 1.0, 0.9864864864864865, 1.0136986301369864], maxlen=5), packets_serviced=74, packets_received=73
Called Update: UpdateRouteCalls = 0, force = False
Node.py: (Node1)@2094400000000.0: Updated MCS from 1 to 1, hist=deque([0.0, 0.0, 0.0, 0.0, 0.0], maxlen=5), packets_serviced=0, packets_received=74
Called Update: UpdateRouteCalls = 1, force = False
Called Update: UpdateRouteCalls = 2, force = False
Called Update: UpdateRouteCalls = 3, force = False
Called Update: UpdateRouteCalls = 4, force = False
Called Update: UpdateRouteCalls = 5, force = False
Called Update: UpdateRouteCalls = 6, force = False
Called Update: UpdateRouteCalls = 7, force = False
Called Update: UpdateRouteCalls = 8, force = False
Called Update: UpdateRouteCalls = 9, force = False
Called Update: UpdateRouteCalls = 10, force = False
Called Update: UpdateRouteCalls = 11, force = False
Called Update: UpdateRouteCalls = 12, force = False
Called Update: UpdateRouteCalls = 13, force = False
Called Update: UpdateRouteCalls = 14, force = False
Called Update: UpdateRouteCalls = 15, force = False
Called Update: UpdateRouteCalls = 16, force = False
Called Update: UpdateRouteCalls = 17, force = False
!! UPDATING !!
routeNo, updatedMCSIndex =  0 [2, 1, 1, 1, 1, 1, 1, 1]
Node.py: (Node0)@2094800000000.0: Updated MCS from 2 to 2, hist=deque([1.0, 1.0, 0.9864864864864865, 1.0136986301369864, 1.0], maxlen=5), packets_serviced=73, packets_received=73
Called Update: UpdateRouteCalls = 0, force = False
Node.py: (Node1)@2094800000000.0: Updated MCS from 1 to 1, hist=deque([0.0, 0.0, 0.0, 0.0, 0.0], maxlen=5), packets_serviced=0, packets_received=73
Called Update: UpdateRouteCalls = 1, force = False
Called Update: UpdateRouteCalls = 2, force = False
Called Update: UpdateRouteCalls = 3, force = False
Called Update: UpdateRouteCalls = 4, force = False
Called Update: UpdateRouteCalls = 5, force = False
Called Update: UpdateRouteCalls = 6, force = False
Called Update: UpdateRouteCalls = 7, force = False
Called Update: UpdateRouteCalls = 8, force = False
Called Update: UpdateRouteCalls = 9, force = False
Called Update: UpdateRouteCalls = 10, force = False
Called Update: UpdateRouteCalls = 11, force = False
Called Update: UpdateRouteCalls = 12, force = False
Called Update: UpdateRouteCalls = 13, force = False
Called Update: UpdateRouteCalls = 14, force = False
Called Update: UpdateRouteCalls = 15, force = False
Called Update: UpdateRouteCalls = 16, force = False
Called Update: UpdateRouteCalls = 17, force = False
!! UPDATING !!
routeNo, updatedMCSIndex =  0 [2, 1, 1, 1, 1, 1, 1, 1]
main.py: Progress: 2095 / 2104
Called Update: UpdateRouteCalls = 0, force = True
!! UPDATING !!
routeNo, updatedMCSIndex =  0 [2, 1, 1, 1, 1, 1, 1, 1]

rf.py: Time: 2095 Route details: {0: {'Route': [0, 1, 2, 3, 4, 5, 6, 7, 8], 'MCS_Index': [2, 1, 1, 1, 1, 1, 1, 1], 'Priority': 1, 'ValidRoute': True, 'HQRoute': True, 'RouteNodeDensity': [0, 0, 0, 0, 0, 2, 0, 0, 0], 'InterferingLinks': 16, 'Target': (-1, -1)}}
Node.py: (Node0)@2095200000000.0: Updated MCS from 2 to 2, hist=deque([1.0, 0.9864864864864865, 1.0136986301369864, 1.0, 1.0], maxlen=5), packets_serviced=73, packets_received=73
Called Update: UpdateRouteCalls = 0, force = False
Node.py: (Node1)@2095200000000.0: Updated MCS from 1 to 1, hist=deque([0.0, 0.0, 0.0, 0.0, 0.0], maxlen=5), packets_serviced=0, packets_received=73
Called Update: UpdateRouteCalls = 1, force = False
Called Update: UpdateRouteCalls = 2, force = False
Called Update: UpdateRouteCalls = 3, force = False
Called Update: UpdateRouteCalls = 4, force = False
Called Update: UpdateRouteCalls = 5, force = False
Called Update: UpdateRouteCalls = 6, force = False
Called Update: UpdateRouteCalls = 7, force = False
Called Update: UpdateRouteCalls = 8, force = False
Called Update: UpdateRouteCalls = 9, force = False
Called Update: UpdateRouteCalls = 10, force = False
Called Update: UpdateRouteCalls = 11, force = False
Called Update: UpdateRouteCalls = 12, force = False
Called Update: UpdateRouteCalls = 13, force = False
Called Update: UpdateRouteCalls = 14, force = False
Called Update: UpdateRouteCalls = 15, force = False
Called Update: UpdateRouteCalls = 16, force = False
Called Update: UpdateRouteCalls = 17, force = False
!! UPDATING !!
routeNo, updatedMCSIndex =  0 [2, 1, 1, 1, 1, 1, 1, 1]
Node.py: (Node0)@2095600000000.0: Updated MCS from 2 to 2, hist=deque([0.9864864864864865, 1.0136986301369864, 1.0, 1.0, 1.0], maxlen=5), packets_serviced=73, packets_received=73
Called Update: UpdateRouteCalls = 0, force = False
Node.py: (Node1)@2095600000000.0: Updated MCS from 1 to 1, hist=deque([0.0, 0.0, 0.0, 0.0, 0.0], maxlen=5), packets_serviced=0, packets_received=73
Called Update: UpdateRouteCalls = 1, force = False
Called Update: UpdateRouteCalls = 2, force = False
Called Update: UpdateRouteCalls = 3, force = False
Called Update: UpdateRouteCalls = 4, force = False
Called Update: UpdateRouteCalls = 5, force = False
Called Update: UpdateRouteCalls = 6, force = False
Called Update: UpdateRouteCalls = 7, force = False
Called Update: UpdateRouteCalls = 8, force = False
Called Update: UpdateRouteCalls = 9, force = False
Called Update: UpdateRouteCalls = 10, force = False
Called Update: UpdateRouteCalls = 11, force = False
Called Update: UpdateRouteCalls = 12, force = False
Called Update: UpdateRouteCalls = 13, force = False
Called Update: UpdateRouteCalls = 14, force = False
Called Update: UpdateRouteCalls = 15, force = False
Called Update: UpdateRouteCalls = 16, force = False
Called Update: UpdateRouteCalls = 17, force = False
!! UPDATING !!
routeNo, updatedMCSIndex =  0 [2, 1, 1, 1, 1, 1, 1, 1]
main.py: Progress: 2096 / 2104
Node.py: (Node0)@2096000000000.0: Updated MCS from 2 to 2, hist=deque([1.0136986301369864, 1.0, 1.0, 1.0, 1.0], maxlen=5), packets_serviced=74, packets_received=74
Called Update: UpdateRouteCalls = 0, force = False
Node.py: (Node1)@2096000000000.0: Updated MCS from 1 to 1, hist=deque([0.0, 0.0, 0.0, 0.0, 0.0], maxlen=5), packets_serviced=0, packets_received=73
Called Update: UpdateRouteCalls = 1, force = False
Called Update: UpdateRouteCalls = 2, force = False
Called Update: UpdateRouteCalls = 3, force = False
Called Update: UpdateRouteCalls = 4, force = False
Called Update: UpdateRouteCalls = 5, force = False
Called Update: UpdateRouteCalls = 6, force = False
Called Update: UpdateRouteCalls = 7, force = False
Called Update: UpdateRouteCalls = 8, force = False
Called Update: UpdateRouteCalls = 9, force = False
Called Update: UpdateRouteCalls = 10, force = False
Called Update: UpdateRouteCalls = 11, force = False
Called Update: UpdateRouteCalls = 12, force = False
Called Update: UpdateRouteCalls = 13, force = False
Called Update: UpdateRouteCalls = 14, force = False
Called Update: UpdateRouteCalls = 15, force = False
Called Update: UpdateRouteCalls = 16, force = False
Called Update: UpdateRouteCalls = 17, force = False
!! UPDATING !!
routeNo, updatedMCSIndex =  0 [2, 1, 1, 1, 1, 1, 1, 1]
Called Update: UpdateRouteCalls = 0, force = True
!! UPDATING !!
routeNo, updatedMCSIndex =  0 [2, 1, 1, 1, 1, 1, 1, 1]

rf.py: Time: 2096 Route details: {0: {'Route': [0, 1, 2, 3, 4, 5, 6, 7, 8], 'MCS_Index': [2, 1, 1, 1, 1, 1, 1, 1], 'Priority': 1, 'ValidRoute': True, 'HQRoute': True, 'RouteNodeDensity': [0, 0, 0, 0, 0, 2, 0, 0, 0], 'InterferingLinks': 16, 'Target': (-1, -1)}}
Node.py: (Node0)@2096400000000.0: Updated MCS from 2 to 2, hist=deque([1.0, 1.0, 1.0, 1.0, 1.0], maxlen=5), packets_serviced=73, packets_received=73
Called Update: UpdateRouteCalls = 0, force = False
Node.py: (Node1)@2096400000000.0: Updated MCS from 1 to 1, hist=deque([0.0, 0.0, 0.0, 0.0, 0.0], maxlen=5), packets_serviced=0, packets_received=74
Called Update: UpdateRouteCalls = 1, force = False
Called Update: UpdateRouteCalls = 2, force = False
Called Update: UpdateRouteCalls = 3, force = False
Called Update: UpdateRouteCalls = 4, force = False
Called Update: UpdateRouteCalls = 5, force = False
Called Update: UpdateRouteCalls = 6, force = False
Called Update: UpdateRouteCalls = 7, force = False
Called Update: UpdateRouteCalls = 8, force = False
Called Update: UpdateRouteCalls = 9, force = False
Called Update: UpdateRouteCalls = 10, force = False
Called Update: UpdateRouteCalls = 11, force = False
Called Update: UpdateRouteCalls = 12, force = False
Called Update: UpdateRouteCalls = 13, force = False
Called Update: UpdateRouteCalls = 14, force = False
Called Update: UpdateRouteCalls = 15, force = False
Called Update: UpdateRouteCalls = 16, force = False
Called Update: UpdateRouteCalls = 17, force = False
!! UPDATING !!
routeNo, updatedMCSIndex =  0 [2, 1, 1, 1, 1, 1, 1, 1]
Node.py: (Node0)@2096800000000.0: Updated MCS from 2 to 2, hist=deque([1.0, 1.0, 1.0, 1.0, 1.0], maxlen=5), packets_serviced=73, packets_received=73
Called Update: UpdateRouteCalls = 0, force = False
Node.py: (Node1)@2096800000000.0: Updated MCS from 1 to 1, hist=deque([0.0, 0.0, 0.0, 0.0, 0.0], maxlen=5), packets_serviced=0, packets_received=73
Called Update: UpdateRouteCalls = 1, force = False
Called Update: UpdateRouteCalls = 2, force = False
Called Update: UpdateRouteCalls = 3, force = False
Called Update: UpdateRouteCalls = 4, force = False
Called Update: UpdateRouteCalls = 5, force = False
Called Update: UpdateRouteCalls = 6, force = False
Called Update: UpdateRouteCalls = 7, force = False
Called Update: UpdateRouteCalls = 8, force = False
Called Update: UpdateRouteCalls = 9, force = False
Called Update: UpdateRouteCalls = 10, force = False
Called Update: UpdateRouteCalls = 11, force = False
Called Update: UpdateRouteCalls = 12, force = False
Called Update: UpdateRouteCalls = 13, force = False
Called Update: UpdateRouteCalls = 14, force = False
Called Update: UpdateRouteCalls = 15, force = False
Called Update: UpdateRouteCalls = 16, force = False
Called Update: UpdateRouteCalls = 17, force = False
!! UPDATING !!
routeNo, updatedMCSIndex =  0 [2, 1, 1, 1, 1, 1, 1, 1]
main.py: Progress: 2097 / 2104
Called Update: UpdateRouteCalls = 0, force = True
!! UPDATING !!
routeNo, updatedMCSIndex =  0 [2, 1, 1, 1, 1, 1, 1, 1]

rf.py: Time: 2097 Route details: {0: {'Route': [0, 1, 2, 3, 4, 5, 6, 7, 8], 'MCS_Index': [2, 1, 1, 1, 1, 1, 1, 1], 'Priority': 1, 'ValidRoute': True, 'HQRoute': True, 'RouteNodeDensity': [0, 0, 0, 0, 0, 2, 0, 0, 0], 'InterferingLinks': 16, 'Target': (-1, -1)}}
Node.py: (Node0)@2097200000000.0: Updated MCS from 2 to 2, hist=deque([1.0, 1.0, 1.0, 1.0, 1.0], maxlen=5), packets_serviced=73, packets_received=73
Called Update: UpdateRouteCalls = 0, force = False
Node.py: (Node1)@2097200000000.0: Updated MCS from 1 to 1, hist=deque([0.0, 0.0, 0.0, 0.0, 0.0], maxlen=5), packets_serviced=0, packets_received=73
Called Update: UpdateRouteCalls = 1, force = False
Called Update: UpdateRouteCalls = 2, force = False
Called Update: UpdateRouteCalls = 3, force = False
Called Update: UpdateRouteCalls = 4, force = False
Called Update: UpdateRouteCalls = 5, force = False
Called Update: UpdateRouteCalls = 6, force = False
Called Update: UpdateRouteCalls = 7, force = False
Called Update: UpdateRouteCalls = 8, force = False
Called Update: UpdateRouteCalls = 9, force = False
Called Update: UpdateRouteCalls = 10, force = False
Called Update: UpdateRouteCalls = 11, force = False
Called Update: UpdateRouteCalls = 12, force = False
Called Update: UpdateRouteCalls = 13, force = False
Called Update: UpdateRouteCalls = 14, force = False
Called Update: UpdateRouteCalls = 15, force = False
Called Update: UpdateRouteCalls = 16, force = False
Called Update: UpdateRouteCalls = 17, force = False
!! UPDATING !!
routeNo, updatedMCSIndex =  0 [2, 1, 1, 1, 1, 1, 1, 1]
Node.py: (Node0)@2097600000000.0: Updated MCS from 2 to 2, hist=deque([1.0, 1.0, 1.0, 1.0, 1.0], maxlen=5), packets_serviced=73, packets_received=73
Called Update: UpdateRouteCalls = 0, force = False
Node.py: (Node1)@2097600000000.0: Updated MCS from 1 to 1, hist=deque([0.0, 0.0, 0.0, 0.0, 0.0], maxlen=5), packets_serviced=0, packets_received=73
Called Update: UpdateRouteCalls = 1, force = False
Called Update: UpdateRouteCalls = 2, force = False
Called Update: UpdateRouteCalls = 3, force = False
Called Update: UpdateRouteCalls = 4, force = False
Called Update: UpdateRouteCalls = 5, force = False
Called Update: UpdateRouteCalls = 6, force = False
Called Update: UpdateRouteCalls = 7, force = False
Called Update: UpdateRouteCalls = 8, force = False
Called Update: UpdateRouteCalls = 9, force = False
Called Update: UpdateRouteCalls = 10, force = False
Called Update: UpdateRouteCalls = 11, force = False
Called Update: UpdateRouteCalls = 12, force = False
Called Update: UpdateRouteCalls = 13, force = False
Called Update: UpdateRouteCalls = 14, force = False
Called Update: UpdateRouteCalls = 15, force = False
Called Update: UpdateRouteCalls = 16, force = False
Called Update: UpdateRouteCalls = 17, force = False
!! UPDATING !!
routeNo, updatedMCSIndex =  0 [2, 1, 1, 1, 1, 1, 1, 1]
main.py: Progress: 2098 / 2104
Node.py: (Node0)@2098000000000.0: Updated MCS from 2 to 2, hist=deque([1.0, 1.0, 1.0, 1.0, 1.0], maxlen=5), packets_serviced=74, packets_received=74
Called Update: UpdateRouteCalls = 0, force = False
Node.py: (Node1)@2098000000000.0: Updated MCS from 1 to 1, hist=deque([0.0, 0.0, 0.0, 0.0, 0.0], maxlen=5), packets_serviced=0, packets_received=73
Called Update: UpdateRouteCalls = 1, force = False
Called Update: UpdateRouteCalls = 2, force = False
Called Update: UpdateRouteCalls = 3, force = False
Called Update: UpdateRouteCalls = 4, force = False
Called Update: UpdateRouteCalls = 5, force = False
Called Update: UpdateRouteCalls = 6, force = False
Called Update: UpdateRouteCalls = 7, force = False
Called Update: UpdateRouteCalls = 8, force = False
Called Update: UpdateRouteCalls = 9, force = False
Called Update: UpdateRouteCalls = 10, force = False
Called Update: UpdateRouteCalls = 11, force = False
Called Update: UpdateRouteCalls = 12, force = False
Called Update: UpdateRouteCalls = 13, force = False
Called Update: UpdateRouteCalls = 14, force = False
Called Update: UpdateRouteCalls = 15, force = False
Called Update: UpdateRouteCalls = 16, force = False
Called Update: UpdateRouteCalls = 17, force = False
!! UPDATING !!
routeNo, updatedMCSIndex =  0 [2, 1, 1, 1, 1, 1, 1, 1]
Called Update: UpdateRouteCalls = 0, force = True
!! UPDATING !!
routeNo, updatedMCSIndex =  0 [2, 1, 1, 1, 1, 1, 1, 1]

rf.py: Time: 2098 Route details: {0: {'Route': [0, 1, 2, 3, 4, 5, 6, 7, 8], 'MCS_Index': [2, 1, 1, 1, 1, 1, 1, 1], 'Priority': 1, 'ValidRoute': True, 'HQRoute': True, 'RouteNodeDensity': [0, 0, 0, 0, 0, 2, 0, 0, 0], 'InterferingLinks': 16, 'Target': (-1, -1)}}
Node.py: (Node0)@2098400000000.0: Updated MCS from 2 to 2, hist=deque([1.0, 1.0, 1.0, 1.0, 1.0], maxlen=5), packets_serviced=73, packets_received=73
Called Update: UpdateRouteCalls = 0, force = False
Node.py: (Node1)@2098400000000.0: Updated MCS from 1 to 1, hist=deque([0.0, 0.0, 0.0, 0.0, 0.0], maxlen=5), packets_serviced=0, packets_received=74
Called Update: UpdateRouteCalls = 1, force = False
Called Update: UpdateRouteCalls = 2, force = False
Called Update: UpdateRouteCalls = 3, force = False
Called Update: UpdateRouteCalls = 4, force = False
Called Update: UpdateRouteCalls = 5, force = False
Called Update: UpdateRouteCalls = 6, force = False
Called Update: UpdateRouteCalls = 7, force = False
Called Update: UpdateRouteCalls = 8, force = False
Called Update: UpdateRouteCalls = 9, force = False
Called Update: UpdateRouteCalls = 10, force = False
Called Update: UpdateRouteCalls = 11, force = False
Called Update: UpdateRouteCalls = 12, force = False
Called Update: UpdateRouteCalls = 13, force = False
Called Update: UpdateRouteCalls = 14, force = False
Called Update: UpdateRouteCalls = 15, force = False
Called Update: UpdateRouteCalls = 16, force = False
Called Update: UpdateRouteCalls = 17, force = False
!! UPDATING !!
routeNo, updatedMCSIndex =  0 [2, 1, 1, 1, 1, 1, 1, 1]
Node.py: (Node0)@2098800000000.0: Updated MCS from 2 to 2, hist=deque([1.0, 1.0, 1.0, 1.0, 1.0], maxlen=5), packets_serviced=73, packets_received=73
Called Update: UpdateRouteCalls = 0, force = False
Node.py: (Node1)@2098800000000.0: Updated MCS from 1 to 1, hist=deque([0.0, 0.0, 0.0, 0.0, 0.0], maxlen=5), packets_serviced=0, packets_received=73
Called Update: UpdateRouteCalls = 1, force = False
Called Update: UpdateRouteCalls = 2, force = False
Called Update: UpdateRouteCalls = 3, force = False
Called Update: UpdateRouteCalls = 4, force = False
Called Update: UpdateRouteCalls = 5, force = False
Called Update: UpdateRouteCalls = 6, force = False
Called Update: UpdateRouteCalls = 7, force = False
Called Update: UpdateRouteCalls = 8, force = False
Called Update: UpdateRouteCalls = 9, force = False
Called Update: UpdateRouteCalls = 10, force = False
Called Update: UpdateRouteCalls = 11, force = False
Called Update: UpdateRouteCalls = 12, force = False
Called Update: UpdateRouteCalls = 13, force = False
Called Update: UpdateRouteCalls = 14, force = False
Called Update: UpdateRouteCalls = 15, force = False
Called Update: UpdateRouteCalls = 16, force = False
Called Update: UpdateRouteCalls = 17, force = False
!! UPDATING !!
routeNo, updatedMCSIndex =  0 [2, 1, 1, 1, 1, 1, 1, 1]
main.py: Progress: 2099 / 2104
Called Update: UpdateRouteCalls = 0, force = True
!! UPDATING !!
routeNo, updatedMCSIndex =  0 [2, 1, 1, 1, 1, 1, 1, 1]

rf.py: Time: 2099 Route details: {0: {'Route': [0, 1, 2, 3, 4, 5, 6, 7, 8], 'MCS_Index': [2, 1, 1, 1, 1, 1, 1, 1], 'Priority': 1, 'ValidRoute': True, 'HQRoute': True, 'RouteNodeDensity': [0, 0, 0, 0, 0, 2, 0, 0, 0], 'InterferingLinks': 16, 'Target': (-1, -1)}}
Node.py: (Node0)@2099200000000.0: Updated MCS from 2 to 2, hist=deque([1.0, 1.0, 1.0, 1.0, 1.0], maxlen=5), packets_serviced=73, packets_received=73
Called Update: UpdateRouteCalls = 0, force = False
Node.py: (Node1)@2099200000000.0: Updated MCS from 1 to 1, hist=deque([0.0, 0.0, 0.0, 0.0, 0.0], maxlen=5), packets_serviced=0, packets_received=73
Called Update: UpdateRouteCalls = 1, force = False
Called Update: UpdateRouteCalls = 2, force = False
Called Update: UpdateRouteCalls = 3, force = False
Called Update: UpdateRouteCalls = 4, force = False
Called Update: UpdateRouteCalls = 5, force = False
Called Update: UpdateRouteCalls = 6, force = False
Called Update: UpdateRouteCalls = 7, force = False
Called Update: UpdateRouteCalls = 8, force = False
Called Update: UpdateRouteCalls = 9, force = False
Called Update: UpdateRouteCalls = 10, force = False
Called Update: UpdateRouteCalls = 11, force = False
Called Update: UpdateRouteCalls = 12, force = False
Called Update: UpdateRouteCalls = 13, force = False
Called Update: UpdateRouteCalls = 14, force = False
Called Update: UpdateRouteCalls = 15, force = False
Called Update: UpdateRouteCalls = 16, force = False
Called Update: UpdateRouteCalls = 17, force = False
!! UPDATING !!
routeNo, updatedMCSIndex =  0 [2, 1, 1, 1, 1, 1, 1, 1]
Node.py: (Node0)@2099600000000.0: Updated MCS from 2 to 2, hist=deque([1.0, 1.0, 1.0, 1.0, 1.0], maxlen=5), packets_serviced=73, packets_received=73
Called Update: UpdateRouteCalls = 0, force = False
Node.py: (Node1)@2099600000000.0: Updated MCS from 1 to 1, hist=deque([0.0, 0.0, 0.0, 0.0, 0.0], maxlen=5), packets_serviced=0, packets_received=73
Called Update: UpdateRouteCalls = 1, force = False
Called Update: UpdateRouteCalls = 2, force = False
Called Update: UpdateRouteCalls = 3, force = False
Called Update: UpdateRouteCalls = 4, force = False
Called Update: UpdateRouteCalls = 5, force = False
Called Update: UpdateRouteCalls = 6, force = False
Called Update: UpdateRouteCalls = 7, force = False
Called Update: UpdateRouteCalls = 8, force = False
Called Update: UpdateRouteCalls = 9, force = False
Called Update: UpdateRouteCalls = 10, force = False
Called Update: UpdateRouteCalls = 11, force = False
Called Update: UpdateRouteCalls = 12, force = False
Called Update: UpdateRouteCalls = 13, force = False
Called Update: UpdateRouteCalls = 14, force = False
Called Update: UpdateRouteCalls = 15, force = False
Called Update: UpdateRouteCalls = 16, force = False
Called Update: UpdateRouteCalls = 17, force = False
!! UPDATING !!
routeNo, updatedMCSIndex =  0 [2, 1, 1, 1, 1, 1, 1, 1]
main.py: Progress: 2100 / 2104
Node.py: (Node0)@2100000000000.0: Updated MCS from 2 to 2, hist=deque([1.0, 1.0, 1.0, 1.0, 1.0], maxlen=5), packets_serviced=74, packets_received=74
Called Update: UpdateRouteCalls = 0, force = False
Node.py: (Node1)@2100000000000.0: Updated MCS from 1 to 1, hist=deque([0.0, 0.0, 0.0, 0.0, 0.0], maxlen=5), packets_serviced=0, packets_received=73
Called Update: UpdateRouteCalls = 1, force = False
Called Update: UpdateRouteCalls = 2, force = False
Called Update: UpdateRouteCalls = 3, force = False
Called Update: UpdateRouteCalls = 4, force = False
Called Update: UpdateRouteCalls = 5, force = False
Called Update: UpdateRouteCalls = 6, force = False
Called Update: UpdateRouteCalls = 7, force = False
Called Update: UpdateRouteCalls = 8, force = False
Called Update: UpdateRouteCalls = 9, force = False
Called Update: UpdateRouteCalls = 10, force = False
Called Update: UpdateRouteCalls = 11, force = False
Called Update: UpdateRouteCalls = 12, force = False
Called Update: UpdateRouteCalls = 13, force = False
Called Update: UpdateRouteCalls = 14, force = False
Called Update: UpdateRouteCalls = 15, force = False
Called Update: UpdateRouteCalls = 16, force = False
Called Update: UpdateRouteCalls = 17, force = False
!! UPDATING !!
routeNo, updatedMCSIndex =  0 [2, 1, 1, 1, 1, 1, 1, 1]
Called Update: UpdateRouteCalls = 0, force = True
!! UPDATING !!
routeNo, updatedMCSIndex =  0 [2, 1, 1, 1, 1, 1, 1, 1]

rf.py: Time: 2100 Route details: {0: {'Route': [0, 1, 2, 3, 4, 5, 6, 7, 8], 'MCS_Index': [2, 1, 1, 1, 1, 1, 1, 1], 'Priority': 1, 'ValidRoute': True, 'HQRoute': True, 'RouteNodeDensity': [0, 0, 0, 0, 0, 2, 0, 0, 0], 'InterferingLinks': 16, 'Target': (-1, -1)}}
node.py: Packet generation complete at node: Node0.
DUPE: 2004327838906_Node0_Node8_Zero, Node2 id 2004327838906_Node0_Node8_Zero was a dupe; retransmit: 0, pkt_enqueue_time=2100023587988.789, pkt_dequeue_time=2100023587988.789, forwarded_or_dropped=1, reason_for_drop='Expiry'
DUPE: 2004273174747_Node0_Node8_Zero, Node2 id 2004273174747_Node0_Node8_Zero was a dupe; retransmit: 0, pkt_enqueue_time=2100034918552.4255, pkt_dequeue_time=2100034918552.4255, forwarded_or_dropped=1, reason_for_drop='Expiry'
DUPE: 2004278641080_Node0_Node8_Zero, Node2 id 2004278641080_Node0_Node8_Zero was a dupe; retransmit: 0, pkt_enqueue_time=2100034918552.4255, pkt_dequeue_time=2100034918552.4255, forwarded_or_dropped=1, reason_for_drop='Expiry'
DUPE: 2004426201072_Node0_Node8_Zero, Node2 id 2004426201072_Node0_Node8_Zero was a dupe; retransmit: 0, pkt_enqueue_time=2100046261116.062, pkt_dequeue_time=2100046261116.062, forwarded_or_dropped=1, reason_for_drop='Expiry'
DUPE: 2004431670321_Node0_Node8_Zero, Node2 id 2004431670321_Node0_Node8_Zero was a dupe; retransmit: 0, pkt_enqueue_time=2100046261116.062, pkt_dequeue_time=2100046261116.062, forwarded_or_dropped=1, reason_for_drop='Expiry'
DUPE: 2004448066476_Node0_Node8_Zero, Node2 id 2004448066476_Node0_Node8_Zero was a dupe; retransmit: 0, pkt_enqueue_time=2100059378679.6985, pkt_dequeue_time=2100059378679.6985, forwarded_or_dropped=1, reason_for_drop='Expiry'
DUPE: 2004453532314_Node0_Node8_Zero, Node2 id 2004453532314_Node0_Node8_Zero was a dupe; retransmit: 0, pkt_enqueue_time=2100059378679.6985, pkt_dequeue_time=2100059378679.6985, forwarded_or_dropped=1, reason_for_drop='Expiry'
DUPE: 2004469918751_Node0_Node8_Zero, Node2 id 2004469918751_Node0_Node8_Zero was a dupe; retransmit: 0, pkt_enqueue_time=2100062515551.6985, pkt_dequeue_time=2100062515551.6985, forwarded_or_dropped=1, reason_for_drop='Expiry'
DUPE: 2004475386601_Node0_Node8_Zero, Node2 id 2004475386601_Node0_Node8_Zero was a dupe; retransmit: 0, pkt_enqueue_time=2100062515551.6985, pkt_dequeue_time=2100062515551.6985, forwarded_or_dropped=1, reason_for_drop='Expiry'
DUPE: 2004305973112_Node0_Node8_Zero, Node2 id 2004305973112_Node0_Node8_Zero was a dupe; retransmit: 0, pkt_enqueue_time=2100075762115.335, pkt_dequeue_time=2100075762115.335, forwarded_or_dropped=1, reason_for_drop='Expiry'
DUPE: 2004311440264_Node0_Node8_Zero, Node2 id 2004311440264_Node0_Node8_Zero was a dupe; retransmit: 0, pkt_enqueue_time=2100075762115.335, pkt_dequeue_time=2100075762115.335, forwarded_or_dropped=1, reason_for_drop='Expiry'
DUPE: 2004502704908_Node0_Node8_Zero, Node2 id 2004502704908_Node0_Node8_Zero was a dupe; retransmit: 0, pkt_enqueue_time=2100078658987.335, pkt_dequeue_time=2100078658987.335, forwarded_or_dropped=1, reason_for_drop='Expiry'
DUPE: 2004508164961_Node0_Node8_Zero, Node2 id 2004508164961_Node0_Node8_Zero was a dupe; retransmit: 0, pkt_enqueue_time=2100078658987.335, pkt_dequeue_time=2100078658987.335, forwarded_or_dropped=1, reason_for_drop='Expiry'
DUPE: 2004524557448_Node0_Node8_Zero, Node2 id 2004524557448_Node0_Node8_Zero was a dupe; retransmit: 0, pkt_enqueue_time=2100092295550.9714, pkt_dequeue_time=2100092295550.9714, forwarded_or_dropped=1, reason_for_drop='Expiry'
DUPE: 2004530024777_Node0_Node8_Zero, Node2 id 2004530024777_Node0_Node8_Zero was a dupe; retransmit: 0, pkt_enqueue_time=2100092295550.9714, pkt_dequeue_time=2100092295550.9714, forwarded_or_dropped=1, reason_for_drop='Expiry'
DUPE: 2004546426918_Node0_Node8_Zero, Node2 id 2004546426918_Node0_Node8_Zero was a dupe; retransmit: 0, pkt_enqueue_time=2100101392422.9714, pkt_dequeue_time=2100101392422.9714, forwarded_or_dropped=1, reason_for_drop='Expiry'
DUPE: 2004551887248_Node0_Node8_Zero, Node2 id 2004551887248_Node0_Node8_Zero was a dupe; retransmit: 0, pkt_enqueue_time=2100101392422.9714, pkt_dequeue_time=2100101392422.9714, forwarded_or_dropped=1, reason_for_drop='Expiry'
DUPE: 2004491779719_Node0_Node8_Zero, Node2 id 2004491779719_Node0_Node8_Zero was a dupe; retransmit: 0, pkt_enqueue_time=2100115135986.608, pkt_dequeue_time=2100115135986.608, forwarded_or_dropped=1, reason_for_drop='Expiry'
DUPE: 2004535490231_Node0_Node8_Zero, Node2 id 2004535490231_Node0_Node8_Zero was a dupe; retransmit: 0, pkt_enqueue_time=2100129605550.2444, pkt_dequeue_time=2100129605550.2444, forwarded_or_dropped=1, reason_for_drop='Expiry'
DUPE: 2004540958915_Node0_Node8_Zero, Node2 id 2004540958915_Node0_Node8_Zero was a dupe; retransmit: 0, pkt_enqueue_time=2100129605550.2444, pkt_dequeue_time=2100129605550.2444, forwarded_or_dropped=1, reason_for_drop='Expiry'
DUPE: 2004557353140_Node0_Node8_Zero, Node2 id 2004557353140_Node0_Node8_Zero was a dupe; retransmit: 0, pkt_enqueue_time=2100146498113.8809, pkt_dequeue_time=2100146498113.8809, forwarded_or_dropped=1, reason_for_drop='Expiry'
DUPE: 2004562817585_Node0_Node8_Zero, Node2 id 2004562817585_Node0_Node8_Zero was a dupe; retransmit: 0, pkt_enqueue_time=2100146498113.8809, pkt_dequeue_time=2100146498113.8809, forwarded_or_dropped=1, reason_for_drop='Expiry'
DUPE: 2004480848798_Node0_Node8_Zero, Node2 id 2004480848798_Node0_Node8_Zero was a dupe; retransmit: 0, pkt_enqueue_time=2100164688677.5173, pkt_dequeue_time=2100164688677.5173, forwarded_or_dropped=1, reason_for_drop='Expiry'
DUPE: 2004404343108_Node0_Node8_Zero, Node2 id 2004404343108_Node0_Node8_Zero was a dupe; retransmit: 0, pkt_enqueue_time=2100184018241.1538, pkt_dequeue_time=2100184018241.1538, forwarded_or_dropped=1, reason_for_drop='Expiry'
DUPE: 2004409810178_Node0_Node8_Zero, Node2 id 2004409810178_Node0_Node8_Zero was a dupe; retransmit: 0, pkt_enqueue_time=2100184018241.1538, pkt_dequeue_time=2100184018241.1538, forwarded_or_dropped=1, reason_for_drop='Expiry'
DUPE: 2004458994800_Node0_Node8_Zero, Node2 id 2004458994800_Node0_Node8_Zero was a dupe; retransmit: 0, pkt_enqueue_time=2100204674804.7903, pkt_dequeue_time=2100204674804.7903, forwarded_or_dropped=1, reason_for_drop='Expiry'
DUPE: 2004240386652_Node0_Node8_Zero, Node2 id 2004240386652_Node0_Node8_Zero was a dupe; retransmit: 0, pkt_enqueue_time=2100225495368.4268, pkt_dequeue_time=2100225495368.4268, forwarded_or_dropped=1, reason_for_drop='Expiry'
DUPE: 2004245853490_Node0_Node8_Zero, Node2 id 2004245853490_Node0_Node8_Zero was a dupe; retransmit: 0, pkt_enqueue_time=2100225495368.4268, pkt_dequeue_time=2100225495368.4268, forwarded_or_dropped=1, reason_for_drop='Expiry'
DUPE: 2004595609575_Node0_Node8_Zero, Node2 id 2004595609575_Node0_Node8_Zero was a dupe; retransmit: 0, pkt_enqueue_time=2100247528932.0632, pkt_dequeue_time=2100247528932.0632, forwarded_or_dropped=1, reason_for_drop='Expiry'
DUPE: 2097262186158_Node0_Node8_Zero, Node3 id 2097262186158_Node0_Node8_Zero was a dupe; retransmit: 0, pkt_enqueue_time=2100264247859.5183, pkt_dequeue_time=2100264247859.5183, forwarded_or_dropped=1, reason_for_drop='Expiry'
DUPE: 2097262186158_Node0_Node8_Zero, Node2 id 2097262186158_Node0_Node8_Zero was a dupe; retransmit: 0, pkt_enqueue_time=2100265494663.3367, pkt_dequeue_time=2100265494663.3367, forwarded_or_dropped=1, reason_for_drop='Expiry'
DUPE: 2097262186158_Node0_Node8_Zero, Node4 id 2097262186158_Node0_Node8_Zero was a dupe; retransmit: 0, pkt_enqueue_time=2100266516535.3367, pkt_dequeue_time=2100266516535.3367, forwarded_or_dropped=1, reason_for_drop='Expiry'
DUPE: 2097273118511_Node0_Node8_Zero, Node4 id 2097273118511_Node0_Node8_Zero was a dupe; retransmit: 0, pkt_enqueue_time=2100275874379.064, pkt_dequeue_time=2100275874379.064, forwarded_or_dropped=1, reason_for_drop='Expiry'
DUPE: 2097273118511_Node0_Node8_Zero, Node3 id 2097273118511_Node0_Node8_Zero was a dupe; retransmit: 0, pkt_enqueue_time=2100276926815.064, pkt_dequeue_time=2100276926815.064, forwarded_or_dropped=1, reason_for_drop='Expiry'
DUPE: 2097289510213_Node0_Node8_Zero, Node3 id 2097289510213_Node0_Node8_Zero was a dupe; retransmit: 0, pkt_enqueue_time=2100293009481.7002, pkt_dequeue_time=2100293009481.7002, forwarded_or_dropped=1, reason_for_drop='Expiry'
DUPE: 2097294972128_Node0_Node8_Zero, Node5 id 2097294972128_Node0_Node8_Zero was a dupe; retransmit: 0, pkt_enqueue_time=2100296844115.61, pkt_dequeue_time=2100296844115.61, forwarded_or_dropped=1, reason_for_drop='Expiry'
DUPE: 2097294972128_Node0_Node8_Zero, Node7 id 2097294972128_Node0_Node8_Zero was a dupe; retransmit: 0, pkt_enqueue_time=2100298011987.61, pkt_dequeue_time=2100298011987.61, forwarded_or_dropped=1, reason_for_drop='Expiry'
DUPE: 2097294972128_Node0_Node8_Zero, Node6 id 2097294972128_Node0_Node8_Zero was a dupe; retransmit: 0, pkt_enqueue_time=2100299124423.61, pkt_dequeue_time=2100299124423.61, forwarded_or_dropped=1, reason_for_drop='Expiry'
DUPE: 2097294972128_Node0_Node8_Zero, Node3 id 2097294972128_Node0_Node8_Zero was a dupe; retransmit: 0, pkt_enqueue_time=2100315166184.974, pkt_dequeue_time=2100315166184.974, forwarded_or_dropped=1, reason_for_drop='Expiry'
DUPE: 2097316824426_Node0_Node8_Zero, Node7 id 2097316824426_Node0_Node8_Zero was a dupe; retransmit: 0, pkt_enqueue_time=2100317099908.3376, pkt_dequeue_time=2100317099908.3376, forwarded_or_dropped=1, reason_for_drop='Expiry'
DUPE: 2097316824426_Node0_Node8_Zero, Node4 id 2097316824426_Node0_Node8_Zero was a dupe; retransmit: 0, pkt_enqueue_time=2100321082129.338, pkt_dequeue_time=2100321082129.338, forwarded_or_dropped=1, reason_for_drop='Expiry'
DUPE: 2097316824426_Node0_Node8_Zero, Node5 id 2097316824426_Node0_Node8_Zero was a dupe; retransmit: 0, pkt_enqueue_time=2100322356947.156, pkt_dequeue_time=2100322356947.156, forwarded_or_dropped=1, reason_for_drop='Expiry'
DUPE: 2097333215338_Node0_Node8_Zero, Node3 id 2097333215338_Node0_Node8_Zero was a dupe; retransmit: 0, pkt_enqueue_time=2100340544709.0652, pkt_dequeue_time=2100340544709.0652, forwarded_or_dropped=1, reason_for_drop='Expiry'
DUPE: 2097360529137_Node0_Node8_Zero, Node3 id 2097360529137_Node0_Node8_Zero was a dupe; retransmit: 0, pkt_enqueue_time=2100364305639.3384, pkt_dequeue_time=2100364305639.3384, forwarded_or_dropped=1, reason_for_drop='Expiry'
DUPE: 2097360529137_Node0_Node8_Zero, Node7 id 2097360529137_Node0_Node8_Zero was a dupe; retransmit: 0, pkt_enqueue_time=2100371415573.2473, pkt_dequeue_time=2100371415573.2473, forwarded_or_dropped=1, reason_for_drop='Expiry'
DUPE: 2097360529137_Node0_Node8_Zero, Node6 id 2097360529137_Node0_Node8_Zero was a dupe; retransmit: 0, pkt_enqueue_time=2100373568009.2473, pkt_dequeue_time=2100373568009.2473, forwarded_or_dropped=1, reason_for_drop='Expiry'
DUPE: 2097360529137_Node0_Node8_Zero, Node4 id 2097360529137_Node0_Node8_Zero was a dupe; retransmit: 0, pkt_enqueue_time=2100383346747.3396, pkt_dequeue_time=2100383346747.3396, forwarded_or_dropped=1, reason_for_drop='Expiry'
Node.py: (Node0)@2100400000000.0: Updated MCS from 2 to 2, hist=deque([1.0, 1.0, 1.0, 1.0, 1.0], maxlen=5), packets_serviced=1, packets_received=1
Called Update: UpdateRouteCalls = 0, force = False
Node.py: (Node1)@2100400000000.0: Updated MCS from 1 to 0, hist=deque([0.0, 0.0, 0.0, 0.0, 26.0], maxlen=5), packets_serviced=52, packets_received=2
Called Update: UpdateRouteCalls = 1, force = False
Node.py: (Node2)@2100400000000.0: Updated MCS from 1 to 1, hist=deque([2.0, 0.3695652173913043, 0.0, 0.5, 0.2926829268292683], maxlen=5), packets_serviced=24, packets_received=82
Called Update: UpdateRouteCalls = 2, force = False
Node.py: (Node3)@2100400000000.0: Updated MCS from 1 to 1, hist=deque([0.0, 0.0, 0.0, 0.05555555555555555, 0.41379310344827586], maxlen=5), packets_serviced=12, packets_received=29
Called Update: UpdateRouteCalls = 3, force = False
Node.py: (Node4)@2100400000000.0: Updated MCS from 1 to 1, hist=deque([0.0, 0.0, 0.0, 0.0, 0.3157894736842105], maxlen=5), packets_serviced=6, packets_received=19
Called Update: UpdateRouteCalls = 4, force = False
Node.py: (Node5)@2100400000000.0: Updated MCS from 1 to 1, hist=deque([0.273972602739726, 0.3333333333333333, 0.0, 0.0, 0.4], maxlen=5), packets_serviced=4, packets_received=10
Called Update: UpdateRouteCalls = 5, force = False
Node.py: (Node6)@2100400000000.0: Updated MCS from 1 to 1, hist=deque([0.36666666666666664, 0.2459016393442623, 0.3333333333333333, 0.28125, 0.25], maxlen=5), packets_serviced=3, packets_received=12
Called Update: UpdateRouteCalls = 6, force = False
Node.py: (Node7)@2100400000000.0: Updated MCS from 1 to 1, hist=deque([0.23529411764705882, 0.24074074074074073, 0.35, 0.26666666666666666, 0.23076923076923078], maxlen=5), packets_serviced=3, packets_received=13
Called Update: UpdateRouteCalls = 7, force = False
Called Update: UpdateRouteCalls = 8, force = False
Called Update: UpdateRouteCalls = 9, force = False
Called Update: UpdateRouteCalls = 10, force = False
Called Update: UpdateRouteCalls = 11, force = False
Called Update: UpdateRouteCalls = 12, force = False
Called Update: UpdateRouteCalls = 13, force = False
Called Update: UpdateRouteCalls = 14, force = False
Called Update: UpdateRouteCalls = 15, force = False
Called Update: UpdateRouteCalls = 16, force = False
Called Update: UpdateRouteCalls = 17, force = False
!! UPDATING !!
routeNo, updatedMCSIndex =  0 [2, 0, 1, 1, 1, 1, 1, 1]
DUPE: 2097398765948_Node0_Node8_Zero, Node4 id 2097398765948_Node0_Node8_Zero was a dupe; retransmit: 0, pkt_enqueue_time=2100400088338.4312, pkt_dequeue_time=2100400088338.4312, forwarded_or_dropped=1, reason_for_drop='Expiry'
DUPE: 2097360529137_Node0_Node8_Zero, Node5 id 2097360529137_Node0_Node8_Zero was a dupe; retransmit: 0, pkt_enqueue_time=2100424159138.3403, pkt_dequeue_time=2100424159138.3403, forwarded_or_dropped=1, reason_for_drop='Expiry'
DUPE: 2097442469549_Node0_Node8_Zero, Node2 id 2097442469549_Node0_Node8_Zero was a dupe; retransmit: 0, pkt_enqueue_time=2100445072981.4312, pkt_dequeue_time=2100445072981.4312, forwarded_or_dropped=1, reason_for_drop='Expiry'
DUPE: 2097442469549_Node0_Node8_Zero, Node7 id 2097442469549_Node0_Node8_Zero was a dupe; retransmit: 0, pkt_enqueue_time=2100445326751.7036, pkt_dequeue_time=2100445326751.7036, forwarded_or_dropped=1, reason_for_drop='Expiry'
DUPE: 2097447929113_Node0_Node8_Zero, Node7 id 2097447929113_Node0_Node8_Zero was a dupe; retransmit: 0, pkt_enqueue_time=2100448345114.2493, pkt_dequeue_time=2100448345114.2493, forwarded_or_dropped=1, reason_for_drop='Expiry'
DUPE: 2097447929113_Node0_Node8_Zero, Node5 id 2097447929113_Node0_Node8_Zero was a dupe; retransmit: 0, pkt_enqueue_time=2100451029788.9763, pkt_dequeue_time=2100451029788.9763, forwarded_or_dropped=1, reason_for_drop='Expiry'
DUPE: 2097442469549_Node0_Node8_Zero, Node6 id 2097442469549_Node0_Node8_Zero was a dupe; retransmit: 0, pkt_enqueue_time=2100452198606.7944, pkt_dequeue_time=2100452198606.7944, forwarded_or_dropped=1, reason_for_drop='Expiry'
DUPE: 2097447929113_Node0_Node8_Zero, Node6 id 2097447929113_Node0_Node8_Zero was a dupe; retransmit: 0, pkt_enqueue_time=2100453675478.7944, pkt_dequeue_time=2100453675478.7944, forwarded_or_dropped=1, reason_for_drop='Expiry'
DUPE: 2097447929113_Node0_Node8_Zero, Node4 id 2097447929113_Node0_Node8_Zero was a dupe; retransmit: 0, pkt_enqueue_time=2100458017293.8857, pkt_dequeue_time=2100458017293.8857, forwarded_or_dropped=1, reason_for_drop='Expiry'
DUPE: 2097453392984_Node0_Node8_Zero, Node2 id 2097453392984_Node0_Node8_Zero was a dupe; retransmit: 0, pkt_enqueue_time=2100482411330.1587, pkt_dequeue_time=2100482411330.1587, forwarded_or_dropped=1, reason_for_drop='Expiry'
DUPE: 2097497111215_Node0_Node8_Zero, Node5 id 2097497111215_Node0_Node8_Zero was a dupe; retransmit: 0, pkt_enqueue_time=2100498770210.4314, pkt_dequeue_time=2100498770210.4314, forwarded_or_dropped=1, reason_for_drop='Expiry'
DUPE: 2097502571521_Node0_Node8_Zero, Node5 id 2097502571521_Node0_Node8_Zero was a dupe; retransmit: 0, pkt_enqueue_time=2100506412534.795, pkt_dequeue_time=2100506412534.795, forwarded_or_dropped=1, reason_for_drop='Expiry'
DUPE: 2097497111215_Node0_Node8_Zero, Node7 id 2097497111215_Node0_Node8_Zero was a dupe; retransmit: 0, pkt_enqueue_time=2100508787406.795, pkt_dequeue_time=2100508787406.795, forwarded_or_dropped=1, reason_for_drop='Expiry'
DUPE: 2097502571521_Node0_Node8_Zero, Node4 id 2097502571521_Node0_Node8_Zero was a dupe; retransmit: 0, pkt_enqueue_time=2100511788160.1587, pkt_dequeue_time=2100511788160.1587, forwarded_or_dropped=1, reason_for_drop='Expiry'
DUPE: 2097497111215_Node0_Node8_Zero, Node6 id 2097497111215_Node0_Node8_Zero was a dupe; retransmit: 0, pkt_enqueue_time=2100526098195.8857, pkt_dequeue_time=2100526098195.8857, forwarded_or_dropped=1, reason_for_drop='Expiry'
DUPE: 2097529900204_Node0_Node8_Zero, Node7 id 2097529900204_Node0_Node8_Zero was a dupe; retransmit: 0, pkt_enqueue_time=2100532439377.1584, pkt_dequeue_time=2100532439377.1584, forwarded_or_dropped=1, reason_for_drop='Expiry'
DUPE: 2097529900204_Node0_Node8_Zero, Node4 id 2097529900204_Node0_Node8_Zero was a dupe; retransmit: 0, pkt_enqueue_time=2100546905954.34, pkt_dequeue_time=2100546905954.34, forwarded_or_dropped=1, reason_for_drop='Expiry'
DUPE: 2097546300441_Node0_Node8_Zero, Node7 id 2097546300441_Node0_Node8_Zero was a dupe; retransmit: 0, pkt_enqueue_time=2100550483933.34, pkt_dequeue_time=2100550483933.34, forwarded_or_dropped=1, reason_for_drop='Expiry'
DUPE: 2097551763518_Node0_Node8_Zero, Node4 id 2097551763518_Node0_Node8_Zero was a dupe; retransmit: 0, pkt_enqueue_time=2100554487246.704, pkt_dequeue_time=2100554487246.704, forwarded_or_dropped=1, reason_for_drop='Expiry'
DUPE: 2097497111215_Node0_Node8_Zero, Node2 id 2097497111215_Node0_Node8_Zero was a dupe; retransmit: 0, pkt_enqueue_time=2100556417029.2495, pkt_dequeue_time=2100556417029.2495, forwarded_or_dropped=1, reason_for_drop='Expiry'
DUPE: 2097546300441_Node0_Node8_Zero, Node6 id 2097546300441_Node0_Node8_Zero was a dupe; retransmit: 0, pkt_enqueue_time=2100557628472.2495, pkt_dequeue_time=2100557628472.2495, forwarded_or_dropped=1, reason_for_drop='Expiry'
DUPE: 2097546300441_Node0_Node8_Zero, Node5 id 2097546300441_Node0_Node8_Zero was a dupe; retransmit: 0, pkt_enqueue_time=2100560904790.795, pkt_dequeue_time=2100560904790.795, forwarded_or_dropped=1, reason_for_drop='Expiry'
DUPE: 2097398765948_Node0_Node8_Zero, Node2 id 2097398765948_Node0_Node8_Zero was a dupe; retransmit: 0, pkt_enqueue_time=2100564402210.3403, pkt_dequeue_time=2100564402210.3403, forwarded_or_dropped=1, reason_for_drop='Expiry'
DUPE: 2097415153307_Node0_Node8_Zero, Node4 id 2097415153307_Node0_Node8_Zero was a dupe; retransmit: 0, pkt_enqueue_time=2100575203707.4312, pkt_dequeue_time=2100575203707.4312, forwarded_or_dropped=1, reason_for_drop='Expiry'
DUPE: 2097551763518_Node0_Node8_Zero, Node3 id 2097551763518_Node0_Node8_Zero was a dupe; retransmit: 0, pkt_enqueue_time=2100600835279.7944, pkt_dequeue_time=2100600835279.7944, forwarded_or_dropped=1, reason_for_drop='Expiry'
DUPE: 2097628276548_Node0_Node8_Zero, Node3 id 2097628276548_Node0_Node8_Zero was a dupe; retransmit: 0, pkt_enqueue_time=2100647366327.0676, pkt_dequeue_time=2100647366327.0676, forwarded_or_dropped=1, reason_for_drop='Expiry'
DUPE: 2097655595487_Node0_Node8_Zero, Node3 id 2097655595487_Node0_Node8_Zero was a dupe; retransmit: 0, pkt_enqueue_time=2100658286888.886, pkt_dequeue_time=2100658286888.886, forwarded_or_dropped=1, reason_for_drop='Expiry'
DUPE: 2097677457692_Node0_Node8_Zero, Node6 id 2097677457692_Node0_Node8_Zero was a dupe; retransmit: 0, pkt_enqueue_time=2100678724349.2495, pkt_dequeue_time=2100678724349.2495, forwarded_or_dropped=1, reason_for_drop='Expiry'
DUPE: 2097677457692_Node0_Node8_Zero, Node5 id 2097677457692_Node0_Node8_Zero was a dupe; retransmit: 0, pkt_enqueue_time=2100679700153.4324, pkt_dequeue_time=2100679700153.4324, forwarded_or_dropped=1, reason_for_drop='Expiry'
DUPE: 2097677457692_Node0_Node8_Zero, Node7 id 2097677457692_Node0_Node8_Zero was a dupe; retransmit: 0, pkt_enqueue_time=2100680928025.4324, pkt_dequeue_time=2100680928025.4324, forwarded_or_dropped=1, reason_for_drop='Expiry'
DUPE: 2097677457692_Node0_Node8_Zero, Node3 id 2097677457692_Node0_Node8_Zero was a dupe; retransmit: 0, pkt_enqueue_time=2100682687846.5232, pkt_dequeue_time=2100682687846.5232, forwarded_or_dropped=1, reason_for_drop='Expiry'
DUPE: 2097677457692_Node0_Node8_Zero, Node4 id 2097677457692_Node0_Node8_Zero was a dupe; retransmit: 0, pkt_enqueue_time=2100685646154.5232, pkt_dequeue_time=2100685646154.5232, forwarded_or_dropped=1, reason_for_drop='Expiry'
DUPE: 2097688388588_Node0_Node8_Zero, Node4 id 2097688388588_Node0_Node8_Zero was a dupe; retransmit: 0, pkt_enqueue_time=2100693714079.4324, pkt_dequeue_time=2100693714079.4324, forwarded_or_dropped=1, reason_for_drop='Expiry'
DUPE: 2097704783828_Node0_Node8_Zero, Node7 id 2097704783828_Node0_Node8_Zero was a dupe; retransmit: 0, pkt_enqueue_time=2100705404314.8872, pkt_dequeue_time=2100705404314.8872, forwarded_or_dropped=1, reason_for_drop='Expiry'
DUPE: 2097704783828_Node0_Node8_Zero, Node6 id 2097704783828_Node0_Node8_Zero was a dupe; retransmit: 0, pkt_enqueue_time=2100708652651.6143, pkt_dequeue_time=2100708652651.6143, forwarded_or_dropped=1, reason_for_drop='Expiry'
DUPE: 2097704783828_Node0_Node8_Zero, Node4 id 2097704783828_Node0_Node8_Zero was a dupe; retransmit: 0, pkt_enqueue_time=2100711842214.6143, pkt_dequeue_time=2100711842214.6143, forwarded_or_dropped=1, reason_for_drop='Expiry'
DUPE: 2097409690430_Node0_Node8_Zero, Node3 id 2097409690430_Node0_Node8_Zero was a dupe; retransmit: 0, pkt_enqueue_time=2100722211934.9778, pkt_dequeue_time=2100722211934.9778, forwarded_or_dropped=1, reason_for_drop='Expiry'
DUPE: 2097415153307_Node0_Node8_Zero, Node3 id 2097415153307_Node0_Node8_Zero was a dupe; retransmit: 0, pkt_enqueue_time=2100722211934.9778, pkt_dequeue_time=2100722211934.9778, forwarded_or_dropped=1, reason_for_drop='Expiry'
DUPE: 2097732114186_Node0_Node8_Zero, Node3 id 2097732114186_Node0_Node8_Zero was a dupe; retransmit: 0, pkt_enqueue_time=2100734256239.796, pkt_dequeue_time=2100734256239.796, forwarded_or_dropped=1, reason_for_drop='Expiry'
DUPE: 2097529900204_Node0_Node8_Zero, Node2 id 2097529900204_Node0_Node8_Zero was a dupe; retransmit: 0, pkt_enqueue_time=2100737574642.5232, pkt_dequeue_time=2100737574642.5232, forwarded_or_dropped=1, reason_for_drop='Expiry'
DUPE: 2097355063918_Node0_Node8_Zero, Node2 id 2097355063918_Node0_Node8_Zero was a dupe; retransmit: 0, pkt_enqueue_time=2100744981860.705, pkt_dequeue_time=2100744981860.705, forwarded_or_dropped=1, reason_for_drop='Expiry'
DUPE: 2097360529137_Node0_Node8_Zero, Node2 id 2097360529137_Node0_Node8_Zero was a dupe; retransmit: 0, pkt_enqueue_time=2100744981860.705, pkt_dequeue_time=2100744981860.705, forwarded_or_dropped=1, reason_for_drop='Expiry'
DUPE: 2097365991617_Node0_Node8_Zero, Node2 id 2097365991617_Node0_Node8_Zero was a dupe; retransmit: 0, pkt_enqueue_time=2100747778732.705, pkt_dequeue_time=2100747778732.705, forwarded_or_dropped=1, reason_for_drop='Expiry'
DUPE: 2097371451905_Node0_Node8_Zero, Node2 id 2097371451905_Node0_Node8_Zero was a dupe; retransmit: 0, pkt_enqueue_time=2100747778732.705, pkt_dequeue_time=2100747778732.705, forwarded_or_dropped=1, reason_for_drop='Expiry'
DUPE: 2097464323720_Node0_Node8_Zero, Node2 id 2097464323720_Node0_Node8_Zero was a dupe; retransmit: 0, pkt_enqueue_time=2100757541822.887, pkt_dequeue_time=2100757541822.887, forwarded_or_dropped=1, reason_for_drop='Expiry'
DUPE: 2097469788536_Node0_Node8_Zero, Node2 id 2097469788536_Node0_Node8_Zero was a dupe; retransmit: 0, pkt_enqueue_time=2100757541822.887, pkt_dequeue_time=2100757541822.887, forwarded_or_dropped=1, reason_for_drop='Expiry'
DUPE: 2097524438390_Node0_Node8_Zero, Node2 id 2097524438390_Node0_Node8_Zero was a dupe; retransmit: 0, pkt_enqueue_time=2100760478694.887, pkt_dequeue_time=2100760478694.887, forwarded_or_dropped=1, reason_for_drop='Expiry'
DUPE: 2097497111215_Node0_Node8_Zero, Node4 id 2097497111215_Node0_Node8_Zero was a dupe; retransmit: 0, pkt_enqueue_time=2100761747929.614, pkt_dequeue_time=2100761747929.614, forwarded_or_dropped=1, reason_for_drop='Expiry'
DUPE: 2097409690430_Node0_Node8_Zero, Node2 id 2097409690430_Node0_Node8_Zero was a dupe; retransmit: 0, pkt_enqueue_time=2100764376349.4324, pkt_dequeue_time=2100764376349.4324, forwarded_or_dropped=1, reason_for_drop='Expiry'
DUPE: 2097415153307_Node0_Node8_Zero, Node2 id 2097415153307_Node0_Node8_Zero was a dupe; retransmit: 0, pkt_enqueue_time=2100764376349.4324, pkt_dequeue_time=2100764376349.4324, forwarded_or_dropped=1, reason_for_drop='Expiry'
DUPE: 2097682919667_Node0_Node8_Zero, Node2 id 2097682919667_Node0_Node8_Zero was a dupe; retransmit: 0, pkt_enqueue_time=2100768338913.0688, pkt_dequeue_time=2100768338913.0688, forwarded_or_dropped=1, reason_for_drop='Expiry'
DUPE: 2097628276548_Node0_Node8_Zero, Node2 id 2097628276548_Node0_Node8_Zero was a dupe; retransmit: 0, pkt_enqueue_time=2100775185439.6143, pkt_dequeue_time=2100775185439.6143, forwarded_or_dropped=1, reason_for_drop='Expiry'
Called Update: UpdateRouteCalls = 0, force = False
Called Update: UpdateRouteCalls = 1, force = False
Node.py: (Node2)@2100800000000.0: Updated MCS from 1 to 1, hist=deque([0.3695652173913043, 0.0, 0.5, 0.2926829268292683, 0.32894736842105265], maxlen=5), packets_serviced=25, packets_received=76
Called Update: UpdateRouteCalls = 2, force = False
Node.py: (Node3)@2100800000000.0: Updated MCS from 1 to 1, hist=deque([0.0, 0.0, 0.05555555555555555, 0.41379310344827586, 0.5853658536585366], maxlen=5), packets_serviced=24, packets_received=41
Called Update: UpdateRouteCalls = 3, force = False
Node.py: (Node4)@2100800000000.0: Updated MCS from 1 to 1, hist=deque([0.0, 0.0, 0.0, 0.3157894736842105, 0.42105263157894735], maxlen=5), packets_serviced=16, packets_received=38
Called Update: UpdateRouteCalls = 4, force = False
Node.py: (Node5)@2100800000000.0: Updated MCS from 1 to 1, hist=deque([0.3333333333333333, 0.0, 0.0, 0.4, 0.32], maxlen=5), packets_serviced=8, packets_received=25
Called Update: UpdateRouteCalls = 5, force = False
Node.py: (Node6)@2100800000000.0: Updated MCS from 1 to 1, hist=deque([0.2459016393442623, 0.3333333333333333, 0.28125, 0.25, 0.30434782608695654], maxlen=5), packets_serviced=7, packets_received=23
Called Update: UpdateRouteCalls = 6, force = False
Node.py: (Node7)@2100800000000.0: Updated MCS from 1 to 1, hist=deque([0.24074074074074073, 0.35, 0.26666666666666666, 0.23076923076923078, 0.2916666666666667], maxlen=5), packets_serviced=7, packets_received=24
Called Update: UpdateRouteCalls = 7, force = False
Called Update: UpdateRouteCalls = 8, force = False
Called Update: UpdateRouteCalls = 9, force = False
Called Update: UpdateRouteCalls = 10, force = False
Called Update: UpdateRouteCalls = 11, force = False
Called Update: UpdateRouteCalls = 12, force = False
Called Update: UpdateRouteCalls = 13, force = False
Called Update: UpdateRouteCalls = 14, force = False
Called Update: UpdateRouteCalls = 15, force = False
Called Update: UpdateRouteCalls = 16, force = False
Called Update: UpdateRouteCalls = 17, force = False
!! UPDATING !!
routeNo, updatedMCSIndex =  0 [2, 0, 1, 1, 1, 1, 1, 1]
DUPE: 2097617346787_Node0_Node8_Zero, Node2 id 2097617346787_Node0_Node8_Zero was a dupe; retransmit: 0, pkt_enqueue_time=2100802513238.8867, pkt_dequeue_time=2100802513238.8867, forwarded_or_dropped=1, reason_for_drop='Expiry'
DUPE: 2097622812842_Node0_Node8_Zero, Node2 id 2097622812842_Node0_Node8_Zero was a dupe; retransmit: 0, pkt_enqueue_time=2100804740110.8867, pkt_dequeue_time=2100804740110.8867, forwarded_or_dropped=1, reason_for_drop='Expiry'
DUPE: 2097671990654_Node0_Node8_Zero, Node2 id 2097671990654_Node0_Node8_Zero was a dupe; retransmit: 0, pkt_enqueue_time=2100813459419.9775, pkt_dequeue_time=2100813459419.9775, forwarded_or_dropped=1, reason_for_drop='Expiry'
DUPE: 2097732114186_Node0_Node8_Zero, Node2 id 2097732114186_Node0_Node8_Zero was a dupe; retransmit: 0, pkt_enqueue_time=2100827566383.6138, pkt_dequeue_time=2100827566383.6138, forwarded_or_dropped=1, reason_for_drop='Expiry'
DUPE: 2097857808548_Node0_Node8_Zero, Node5 id 2097857808548_Node0_Node8_Zero was a dupe; retransmit: 0, pkt_enqueue_time=2100859667651.8862, pkt_dequeue_time=2100859667651.8862, forwarded_or_dropped=1, reason_for_drop='Expiry'
DUPE: 2097857808548_Node0_Node8_Zero, Node4 id 2097857808548_Node0_Node8_Zero was a dupe; retransmit: 0, pkt_enqueue_time=2100860742087.8862, pkt_dequeue_time=2100860742087.8862, forwarded_or_dropped=1, reason_for_drop='Expiry'
DUPE: 2097868732446_Node0_Node8_Zero, Node5 id 2097868732446_Node0_Node8_Zero was a dupe; retransmit: 0, pkt_enqueue_time=2100871212060.8862, pkt_dequeue_time=2100871212060.8862, forwarded_or_dropped=1, reason_for_drop='Expiry'
DUPE: 2097868732446_Node0_Node8_Zero, Node4 id 2097868732446_Node0_Node8_Zero was a dupe; retransmit: 0, pkt_enqueue_time=2100872743431.8862, pkt_dequeue_time=2100872743431.8862, forwarded_or_dropped=1, reason_for_drop='Expiry'
DUPE: 2097885134468_Node0_Node8_Zero, Node7 id 2097885134468_Node0_Node8_Zero was a dupe; retransmit: 0, pkt_enqueue_time=2100886135008.9768, pkt_dequeue_time=2100886135008.9768, forwarded_or_dropped=1, reason_for_drop='Expiry'
DUPE: 2097885134468_Node0_Node8_Zero, Node6 id 2097885134468_Node0_Node8_Zero was a dupe; retransmit: 0, pkt_enqueue_time=2100887402444.9768, pkt_dequeue_time=2100887402444.9768, forwarded_or_dropped=1, reason_for_drop='Expiry'
DUPE: 2097885134468_Node0_Node8_Zero, Node5 id 2097885134468_Node0_Node8_Zero was a dupe; retransmit: 0, pkt_enqueue_time=2100890734533.2495, pkt_dequeue_time=2100890734533.2495, forwarded_or_dropped=1, reason_for_drop='Expiry'
DUPE: 2097917927529_Node0_Node8_Zero, Node2 id 2097917927529_Node0_Node8_Zero was a dupe; retransmit: 0, pkt_enqueue_time=2100918898360.0674, pkt_dequeue_time=2100918898360.0674, forwarded_or_dropped=1, reason_for_drop='Expiry'
DUPE: 2097923390696_Node0_Node8_Zero, Node2 id 2097923390696_Node0_Node8_Zero was a dupe; retransmit: 0, pkt_enqueue_time=2100927133739.7036, pkt_dequeue_time=2100927133739.7036, forwarded_or_dropped=1, reason_for_drop='Expiry'
DUPE: 2097923390696_Node0_Node8_Zero, Node3 id 2097923390696_Node0_Node8_Zero was a dupe; retransmit: 0, pkt_enqueue_time=2100928270557.5217, pkt_dequeue_time=2100928270557.5217, forwarded_or_dropped=1, reason_for_drop='Expiry'
DUPE: 2097917927529_Node0_Node8_Zero, Node4 id 2097917927529_Node0_Node8_Zero was a dupe; retransmit: 0, pkt_enqueue_time=2100930763091.3398, pkt_dequeue_time=2100930763091.3398, forwarded_or_dropped=1, reason_for_drop='Expiry'
DUPE: 2097934320400_Node0_Node8_Zero, Node3 id 2097934320400_Node0_Node8_Zero was a dupe; retransmit: 0, pkt_enqueue_time=2100935657337.8853, pkt_dequeue_time=2100935657337.8853, forwarded_or_dropped=1, reason_for_drop='Expiry'
DUPE: 2097945244505_Node0_Node8_Zero, Node5 id 2097945244505_Node0_Node8_Zero was a dupe; retransmit: 0, pkt_enqueue_time=2100945558557.067, pkt_dequeue_time=2100945558557.067, forwarded_or_dropped=1, reason_for_drop='Expiry'
DUPE: 2097945244505_Node0_Node8_Zero, Node6 id 2097945244505_Node0_Node8_Zero was a dupe; retransmit: 0, pkt_enqueue_time=2100947964865.067, pkt_dequeue_time=2100947964865.067, forwarded_or_dropped=1, reason_for_drop='Expiry'
DUPE: 2097956170704_Node0_Node8_Zero, Node5 id 2097956170704_Node0_Node8_Zero was a dupe; retransmit: 0, pkt_enqueue_time=2100956290444.3394, pkt_dequeue_time=2100956290444.3394, forwarded_or_dropped=1, reason_for_drop='Expiry'
DUPE: 2097956170704_Node0_Node8_Zero, Node6 id 2097956170704_Node0_Node8_Zero was a dupe; retransmit: 0, pkt_enqueue_time=2100958738752.3394, pkt_dequeue_time=2100958738752.3394, forwarded_or_dropped=1, reason_for_drop='Expiry'
DUPE: 2097956170704_Node0_Node8_Zero, Node5 id 2097956170704_Node0_Node8_Zero was a dupe; retransmit: 0, pkt_enqueue_time=2100960138188.3394, pkt_dequeue_time=2100960138188.3394, forwarded_or_dropped=1, reason_for_drop='Expiry'
DUPE: 2097983498373_Node0_Node8_Zero, Node6 id 2097983498373_Node0_Node8_Zero was a dupe; retransmit: 0, pkt_enqueue_time=2100985740679.5208, pkt_dequeue_time=2100985740679.5208, forwarded_or_dropped=1, reason_for_drop='Expiry'
DUPE: 2097983498373_Node0_Node8_Zero, Node5 id 2097983498373_Node0_Node8_Zero was a dupe; retransmit: 0, pkt_enqueue_time=2100986929115.5208, pkt_dequeue_time=2100986929115.5208, forwarded_or_dropped=1, reason_for_drop='Expiry'
DUPE: 2097529900204_Node0_Node8_Zero, Node3 id 2097529900204_Node0_Node8_Zero was a dupe; retransmit: 0, pkt_enqueue_time=2100988433923.703, pkt_dequeue_time=2100988433923.703, forwarded_or_dropped=1, reason_for_drop='Expiry'
DUPE: 2097983498373_Node0_Node8_Zero, Node3 id 2097983498373_Node0_Node8_Zero was a dupe; retransmit: 0, pkt_enqueue_time=2100989656760.0664, pkt_dequeue_time=2100989656760.0664, forwarded_or_dropped=1, reason_for_drop='Expiry'
main.py: Progress: 2101 / 2104
Called Update: UpdateRouteCalls = 0, force = True
!! UPDATING !!
routeNo, updatedMCSIndex =  0 [2, 0, 1, 1, 1, 1, 1, 1]

rf.py: Time: 2101 Route details: {0: {'Route': [0, 1, 2, 3, 4, 5, 6, 7, 8], 'MCS_Index': [2, 0, 1, 1, 1, 1, 1, 1], 'Priority': 1, 'ValidRoute': True, 'HQRoute': True, 'RouteNodeDensity': [0, 0, 0, 0, 0, 2, 0, 0, 0], 'InterferingLinks': 16, 'Target': (-1, -1)}}
DUPE: 2097999884165_Node0_Node8_Zero, Node4 id 2097999884165_Node0_Node8_Zero was a dupe; retransmit: 0, pkt_enqueue_time=2101001134102.248, pkt_dequeue_time=2101001134102.248, forwarded_or_dropped=1, reason_for_drop='Expiry'
DUPE: 2097999884165_Node0_Node8_Zero, Node5 id 2097999884165_Node0_Node8_Zero was a dupe; retransmit: 0, pkt_enqueue_time=2101002241920.0662, pkt_dequeue_time=2101002241920.0662, forwarded_or_dropped=1, reason_for_drop='Expiry'
DUPE: 2097901524260_Node0_Node8_Zero, Node2 id 2097901524260_Node0_Node8_Zero was a dupe; retransmit: 0, pkt_enqueue_time=2101006248723.8848, pkt_dequeue_time=2101006248723.8848, forwarded_or_dropped=1, reason_for_drop='Expiry'
DUPE: 2097999884165_Node0_Node8_Zero, Node3 id 2097999884165_Node0_Node8_Zero was a dupe; retransmit: 0, pkt_enqueue_time=2101007287541.703, pkt_dequeue_time=2101007287541.703, forwarded_or_dropped=1, reason_for_drop='Expiry'
DUPE: 2097857808548_Node0_Node8_Zero, Node2 id 2097857808548_Node0_Node8_Zero was a dupe; retransmit: 0, pkt_enqueue_time=2101021540781.6118, pkt_dequeue_time=2101021540781.6118, forwarded_or_dropped=1, reason_for_drop='Expiry'
DUPE: 2097868732446_Node0_Node8_Zero, Node2 id 2097868732446_Node0_Node8_Zero was a dupe; retransmit: 0, pkt_enqueue_time=2101026527308.1572, pkt_dequeue_time=2101026527308.1572, forwarded_or_dropped=1, reason_for_drop='Expiry'
DUPE: 2097906993341_Node0_Node8_Zero, Node2 id 2097906993341_Node0_Node8_Zero was a dupe; retransmit: 0, pkt_enqueue_time=2101033666617.248, pkt_dequeue_time=2101033666617.248, forwarded_or_dropped=1, reason_for_drop='Expiry'
DUPE: 2097885134468_Node0_Node8_Zero, Node2 id 2097885134468_Node0_Node8_Zero was a dupe; retransmit: 0, pkt_enqueue_time=2101037726271.7935, pkt_dequeue_time=2101037726271.7935, forwarded_or_dropped=1, reason_for_drop='Expiry'
DUPE: 2097715718422_Node0_Node8_Zero, Node2 id 2097715718422_Node0_Node8_Zero was a dupe; retransmit: 0, pkt_enqueue_time=2101050653361.9753, pkt_dequeue_time=2101050653361.9753, forwarded_or_dropped=1, reason_for_drop='Expiry'
DUPE: 2097688388588_Node0_Node8_Zero, Node2 id 2097688388588_Node0_Node8_Zero was a dupe; retransmit: 0, pkt_enqueue_time=2101058979888.5208, pkt_dequeue_time=2101058979888.5208, forwarded_or_dropped=1, reason_for_drop='Expiry'
DUPE: 2097333215338_Node0_Node8_Zero, Node2 id 2097333215338_Node0_Node8_Zero was a dupe; retransmit: 0, pkt_enqueue_time=2101064379543.0662, pkt_dequeue_time=2101064379543.0662, forwarded_or_dropped=1, reason_for_drop='Expiry'
DUPE: 2097338675268_Node0_Node8_Zero, Node2 id 2097338675268_Node0_Node8_Zero was a dupe; retransmit: 0, pkt_enqueue_time=2101064379543.0662, pkt_dequeue_time=2101064379543.0662, forwarded_or_dropped=1, reason_for_drop='Expiry'
DUPE: 2097590018433_Node0_Node8_Zero, Node2 id 2097590018433_Node0_Node8_Zero was a dupe; retransmit: 0, pkt_enqueue_time=2101070442106.7026, pkt_dequeue_time=2101070442106.7026, forwarded_or_dropped=1, reason_for_drop='Expiry'
DUPE: 2097595483890_Node0_Node8_Zero, Node2 id 2097595483890_Node0_Node8_Zero was a dupe; retransmit: 0, pkt_enqueue_time=2101073248978.7026, pkt_dequeue_time=2101073248978.7026, forwarded_or_dropped=1, reason_for_drop='Expiry'
DUPE: 2097502571521_Node0_Node8_Zero, Node2 id 2097502571521_Node0_Node8_Zero was a dupe; retransmit: 0, pkt_enqueue_time=2101079308633.248, pkt_dequeue_time=2101079308633.248, forwarded_or_dropped=1, reason_for_drop='Expiry'
DUPE: 2097633737695_Node0_Node8_Zero, Node2 id 2097633737695_Node0_Node8_Zero was a dupe; retransmit: 0, pkt_enqueue_time=2101087875159.7935, pkt_dequeue_time=2101087875159.7935, forwarded_or_dropped=1, reason_for_drop='Expiry'
DUPE: 2097917927529_Node0_Node8_Zero, Node2 id 2097917927529_Node0_Node8_Zero was a dupe; retransmit: 0, pkt_enqueue_time=2101100588468.8843, pkt_dequeue_time=2101100588468.8843, forwarded_or_dropped=1, reason_for_drop='Expiry'
DUPE: 2098131026946_Node0_Node8_Zero, Node3 id 2098131026946_Node0_Node8_Zero was a dupe; retransmit: 0, pkt_enqueue_time=2101131609248.6118, pkt_dequeue_time=2101131609248.6118, forwarded_or_dropped=1, reason_for_drop='Expiry'
DUPE: 2098180187808_Node0_Node8_Zero, Node3 id 2098180187808_Node0_Node8_Zero was a dupe; retransmit: 0, pkt_enqueue_time=2101180278909.3384, pkt_dequeue_time=2101180278909.3384, forwarded_or_dropped=1, reason_for_drop='Expiry'
DUPE: 2098180187808_Node0_Node8_Zero, Node4 id 2098180187808_Node0_Node8_Zero was a dupe; retransmit: 0, pkt_enqueue_time=2101185243745.3384, pkt_dequeue_time=2101185243745.3384, forwarded_or_dropped=1, reason_for_drop='Expiry'
Called Update: UpdateRouteCalls = 0, force = False
Called Update: UpdateRouteCalls = 1, force = False
Node.py: (Node2)@2101200000000.0: Updated MCS from 1 to 1, hist=deque([0.0, 0.5, 0.2926829268292683, 0.32894736842105265, 0.3763440860215054], maxlen=5), packets_serviced=35, packets_received=93
Called Update: UpdateRouteCalls = 2, force = False
Node.py: (Node3)@2101200000000.0: Updated MCS from 1 to 1, hist=deque([0.0, 0.05555555555555555, 0.41379310344827586, 0.5853658536585366, 0.36363636363636365], maxlen=5), packets_serviced=16, packets_received=44
Called Update: UpdateRouteCalls = 3, force = False
Node.py: (Node4)@2101200000000.0: Updated MCS from 1 to 1, hist=deque([0.0, 0.0, 0.3157894736842105, 0.42105263157894735, 0.47619047619047616], maxlen=5), packets_serviced=10, packets_received=21
Called Update: UpdateRouteCalls = 4, force = False
Node.py: (Node5)@2101200000000.0: Updated MCS from 1 to 1, hist=deque([0.0, 0.0, 0.4, 0.32, 0.42105263157894735], maxlen=5), packets_serviced=8, packets_received=19
Called Update: UpdateRouteCalls = 5, force = False
Node.py: (Node6)@2101200000000.0: Updated MCS from 1 to 1, hist=deque([0.3333333333333333, 0.28125, 0.25, 0.30434782608695654, 0.46153846153846156], maxlen=5), packets_serviced=6, packets_received=13
Called Update: UpdateRouteCalls = 6, force = False
Node.py: (Node7)@2101200000000.0: Updated MCS from 1 to 1, hist=deque([0.35, 0.26666666666666666, 0.23076923076923078, 0.2916666666666667, 0.2727272727272727], maxlen=5), packets_serviced=3, packets_received=11
Called Update: UpdateRouteCalls = 7, force = False
Called Update: UpdateRouteCalls = 8, force = False
Called Update: UpdateRouteCalls = 9, force = False
Called Update: UpdateRouteCalls = 10, force = False
Called Update: UpdateRouteCalls = 11, force = False
Called Update: UpdateRouteCalls = 12, force = False
Called Update: UpdateRouteCalls = 13, force = False
Called Update: UpdateRouteCalls = 14, force = False
Called Update: UpdateRouteCalls = 15, force = False
Called Update: UpdateRouteCalls = 16, force = False
Called Update: UpdateRouteCalls = 17, force = False
!! UPDATING !!
routeNo, updatedMCSIndex =  0 [2, 0, 1, 1, 1, 1, 1, 1]
DUPE: 2098202044782_Node0_Node8_Zero, Node7 id 2098202044782_Node0_Node8_Zero was a dupe; retransmit: 0, pkt_enqueue_time=2101202807016.247, pkt_dequeue_time=2101202807016.247, forwarded_or_dropped=1, reason_for_drop='Expiry'
DUPE: 2098202044782_Node0_Node8_Zero, Node6 id 2098202044782_Node0_Node8_Zero was a dupe; retransmit: 0, pkt_enqueue_time=2101203860452.247, pkt_dequeue_time=2101203860452.247, forwarded_or_dropped=1, reason_for_drop='Expiry'
DUPE: 2098196585005_Node0_Node8_Zero, Node3 id 2098196585005_Node0_Node8_Zero was a dupe; retransmit: 0, pkt_enqueue_time=2101205137171.9746, pkt_dequeue_time=2101205137171.9746, forwarded_or_dropped=1, reason_for_drop='Expiry'
DUPE: 2098202044782_Node0_Node8_Zero, Node5 id 2098202044782_Node0_Node8_Zero was a dupe; retransmit: 0, pkt_enqueue_time=2101206423043.9746, pkt_dequeue_time=2101206423043.9746, forwarded_or_dropped=1, reason_for_drop='Expiry'
DUPE: 2098202044782_Node0_Node8_Zero, Node4 id 2098202044782_Node0_Node8_Zero was a dupe; retransmit: 0, pkt_enqueue_time=2101209547520.1562, pkt_dequeue_time=2101209547520.1562, forwarded_or_dropped=1, reason_for_drop='Expiry'
DUPE: 2098223910963_Node0_Node8_Zero, Node7 id 2098223910963_Node0_Node8_Zero was a dupe; retransmit: 0, pkt_enqueue_time=2101225516239.247, pkt_dequeue_time=2101225516239.247, forwarded_or_dropped=1, reason_for_drop='Expiry'
DUPE: 2098223910963_Node0_Node8_Zero, Node6 id 2098223910963_Node0_Node8_Zero was a dupe; retransmit: 0, pkt_enqueue_time=2101226514675.247, pkt_dequeue_time=2101226514675.247, forwarded_or_dropped=1, reason_for_drop='Expiry'
DUPE: 2098223910963_Node0_Node8_Zero, Node5 id 2098223910963_Node0_Node8_Zero was a dupe; retransmit: 0, pkt_enqueue_time=2101229818590.1565, pkt_dequeue_time=2101229818590.1565, forwarded_or_dropped=1, reason_for_drop='Expiry'
DUPE: 2098223910963_Node0_Node8_Zero, Node3 id 2098223910963_Node0_Node8_Zero was a dupe; retransmit: 0, pkt_enqueue_time=2101231636573.702, pkt_dequeue_time=2101231636573.702, forwarded_or_dropped=1, reason_for_drop='Expiry'
DUPE: 2098240295222_Node0_Node8_Zero, Node4 id 2098240295222_Node0_Node8_Zero was a dupe; retransmit: 0, pkt_enqueue_time=2101245096576.9744, pkt_dequeue_time=2101245096576.9744, forwarded_or_dropped=1, reason_for_drop='Expiry'
DUPE: 2098245754841_Node0_Node8_Zero, Node3 id 2098245754841_Node0_Node8_Zero was a dupe; retransmit: 0, pkt_enqueue_time=2101247992322.1565, pkt_dequeue_time=2101247992322.1565, forwarded_or_dropped=1, reason_for_drop='Expiry'
DUPE: 2098245754841_Node0_Node8_Zero, Node2 id 2098245754841_Node0_Node8_Zero was a dupe; retransmit: 0, pkt_enqueue_time=2101250100124.702, pkt_dequeue_time=2101250100124.702, forwarded_or_dropped=1, reason_for_drop='Expiry'
DUPE: 2098262144074_Node0_Node8_Zero, Node7 id 2098262144074_Node0_Node8_Zero was a dupe; retransmit: 0, pkt_enqueue_time=2101262452701.7925, pkt_dequeue_time=2101262452701.7925, forwarded_or_dropped=1, reason_for_drop='Expiry'
DUPE: 2098262144074_Node0_Node8_Zero, Node5 id 2098262144074_Node0_Node8_Zero was a dupe; retransmit: 0, pkt_enqueue_time=2101263737472.7925, pkt_dequeue_time=2101263737472.7925, forwarded_or_dropped=1, reason_for_drop='Expiry'
DUPE: 2098262144074_Node0_Node8_Zero, Node6 id 2098262144074_Node0_Node8_Zero was a dupe; retransmit: 0, pkt_enqueue_time=2101265025290.6106, pkt_dequeue_time=2101265025290.6106, forwarded_or_dropped=1, reason_for_drop='Expiry'
DUPE: 2098262144074_Node0_Node8_Zero, Node4 id 2098262144074_Node0_Node8_Zero was a dupe; retransmit: 0, pkt_enqueue_time=2101266475061.6106, pkt_dequeue_time=2101266475061.6106, forwarded_or_dropped=1, reason_for_drop='Expiry'
DUPE: 2097426076806_Node0_Node8_Zero, Node3 id 2097426076806_Node0_Node8_Zero was a dupe; retransmit: 0, pkt_enqueue_time=2101267825098.8835, pkt_dequeue_time=2101267825098.8835, forwarded_or_dropped=1, reason_for_drop='Expiry'
DUPE: 2098262144074_Node0_Node8_Zero, Node3 id 2098262144074_Node0_Node8_Zero was a dupe; retransmit: 0, pkt_enqueue_time=2101269003935.247, pkt_dequeue_time=2101269003935.247, forwarded_or_dropped=1, reason_for_drop='Expiry'
DUPE: 2098278535944_Node0_Node8_Zero, Node6 id 2098278535944_Node0_Node8_Zero was a dupe; retransmit: 0, pkt_enqueue_time=2101280572941.2468, pkt_dequeue_time=2101280572941.2468, forwarded_or_dropped=1, reason_for_drop='Expiry'
DUPE: 2098278535944_Node0_Node8_Zero, Node2 id 2098278535944_Node0_Node8_Zero was a dupe; retransmit: 0, pkt_enqueue_time=2101281453392.0652, pkt_dequeue_time=2101281453392.0652, forwarded_or_dropped=1, reason_for_drop='Expiry'
DUPE: 2098278535944_Node0_Node8_Zero, Node5 id 2098278535944_Node0_Node8_Zero was a dupe; retransmit: 0, pkt_enqueue_time=2101282611499.0652, pkt_dequeue_time=2101282611499.0652, forwarded_or_dropped=1, reason_for_drop='Expiry'
DUPE: 2098278535944_Node0_Node8_Zero, Node3 id 2098278535944_Node0_Node8_Zero was a dupe; retransmit: 0, pkt_enqueue_time=2101286815736.4287, pkt_dequeue_time=2101286815736.4287, forwarded_or_dropped=1, reason_for_drop='Expiry'
DUPE: 2098300390060_Node0_Node8_Zero, Node6 id 2098300390060_Node0_Node8_Zero was a dupe; retransmit: 0, pkt_enqueue_time=2101300813313.5193, pkt_dequeue_time=2101300813313.5193, forwarded_or_dropped=1, reason_for_drop='Expiry'
DUPE: 2098300390060_Node0_Node8_Zero, Node7 id 2098300390060_Node0_Node8_Zero was a dupe; retransmit: 0, pkt_enqueue_time=2101301912131.3374, pkt_dequeue_time=2101301912131.3374, forwarded_or_dropped=1, reason_for_drop='Expiry'
DUPE: 2098300390060_Node0_Node8_Zero, Node3 id 2098300390060_Node0_Node8_Zero was a dupe; retransmit: 0, pkt_enqueue_time=2101327214612.519, pkt_dequeue_time=2101327214612.519, forwarded_or_dropped=1, reason_for_drop='Expiry'
DUPE: 2098349582412_Node0_Node8_Zero, Node5 id 2098349582412_Node0_Node8_Zero was a dupe; retransmit: 0, pkt_enqueue_time=2101355226528.7922, pkt_dequeue_time=2101355226528.7922, forwarded_or_dropped=1, reason_for_drop='Expiry'
DUPE: 2098360507917_Node0_Node8_Zero, Node5 id 2098360507917_Node0_Node8_Zero was a dupe; retransmit: 0, pkt_enqueue_time=2101361238298.4285, pkt_dequeue_time=2101361238298.4285, forwarded_or_dropped=1, reason_for_drop='Expiry'
DUPE: 2098360507917_Node0_Node8_Zero, Node6 id 2098360507917_Node0_Node8_Zero was a dupe; retransmit: 0, pkt_enqueue_time=2101364196606.4285, pkt_dequeue_time=2101364196606.4285, forwarded_or_dropped=1, reason_for_drop='Expiry'
DUPE: 2098360507917_Node0_Node8_Zero, Node3 id 2098360507917_Node0_Node8_Zero was a dupe; retransmit: 0, pkt_enqueue_time=2101366386081.2466, pkt_dequeue_time=2101366386081.2466, forwarded_or_dropped=1, reason_for_drop='Expiry'
DUPE: 2098360507917_Node0_Node8_Zero, Node4 id 2098360507917_Node0_Node8_Zero was a dupe; retransmit: 0, pkt_enqueue_time=2101367880899.0647, pkt_dequeue_time=2101367880899.0647, forwarded_or_dropped=1, reason_for_drop='Expiry'
DUPE: 2098376894914_Node0_Node8_Zero, Node4 id 2098376894914_Node0_Node8_Zero was a dupe; retransmit: 0, pkt_enqueue_time=2101380017247.8828, pkt_dequeue_time=2101380017247.8828, forwarded_or_dropped=1, reason_for_drop='Expiry'
DUPE: 2098376894914_Node0_Node8_Zero, Node3 id 2098376894914_Node0_Node8_Zero was a dupe; retransmit: 0, pkt_enqueue_time=2101381787285.2463, pkt_dequeue_time=2101381787285.2463, forwarded_or_dropped=1, reason_for_drop='Expiry'
DUPE: 2098398748374_Node0_Node8_Zero, Node7 id 2098398748374_Node0_Node8_Zero was a dupe; retransmit: 0, pkt_enqueue_time=2101400353375.8823, pkt_dequeue_time=2101400353375.8823, forwarded_or_dropped=1, reason_for_drop='Expiry'
DUPE: 2098398748374_Node0_Node8_Zero, Node6 id 2098398748374_Node0_Node8_Zero was a dupe; retransmit: 0, pkt_enqueue_time=2101403387582.8823, pkt_dequeue_time=2101403387582.8823, forwarded_or_dropped=1, reason_for_drop='Expiry'
DUPE: 2098398748374_Node0_Node8_Zero, Node3 id 2098398748374_Node0_Node8_Zero was a dupe; retransmit: 0, pkt_enqueue_time=2101405469326.6099, pkt_dequeue_time=2101405469326.6099, forwarded_or_dropped=1, reason_for_drop='Expiry'
DUPE: 2098409670058_Node0_Node8_Zero, Node4 id 2098409670058_Node0_Node8_Zero was a dupe; retransmit: 0, pkt_enqueue_time=2101411093270.246, pkt_dequeue_time=2101411093270.246, forwarded_or_dropped=1, reason_for_drop='Expiry'
DUPE: 2098409670058_Node0_Node8_Zero, Node3 id 2098409670058_Node0_Node8_Zero was a dupe; retransmit: 0, pkt_enqueue_time=2101412306706.246, pkt_dequeue_time=2101412306706.246, forwarded_or_dropped=1, reason_for_drop='Expiry'
DUPE: 2098262144074_Node0_Node8_Zero, Node2 id 2098262144074_Node0_Node8_Zero was a dupe; retransmit: 0, pkt_enqueue_time=2101414274156.9734, pkt_dequeue_time=2101414274156.9734, forwarded_or_dropped=1, reason_for_drop='Expiry'
DUPE: 2098344116200_Node0_Node8_Zero, Node2 id 2098344116200_Node0_Node8_Zero was a dupe; retransmit: 0, pkt_enqueue_time=2101417073811.5188, pkt_dequeue_time=2101417073811.5188, forwarded_or_dropped=1, reason_for_drop='Expiry'
DUPE: 2098409670058_Node0_Node8_Zero, Node2 id 2098409670058_Node0_Node8_Zero was a dupe; retransmit: 0, pkt_enqueue_time=2101419896466.0642, pkt_dequeue_time=2101419896466.0642, forwarded_or_dropped=1, reason_for_drop='Expiry'
DUPE: 2098426055557_Node0_Node8_Zero, Node3 id 2098426055557_Node0_Node8_Zero was a dupe; retransmit: 0, pkt_enqueue_time=2101426317682.4277, pkt_dequeue_time=2101426317682.4277, forwarded_or_dropped=1, reason_for_drop='Expiry'
DUPE: 2098431522040_Node0_Node8_Zero, Node3 id 2098431522040_Node0_Node8_Zero was a dupe; retransmit: 0, pkt_enqueue_time=2101434372829.5186, pkt_dequeue_time=2101434372829.5186, forwarded_or_dropped=1, reason_for_drop='Expiry'
DUPE: 2098442446631_Node0_Node8_Zero, Node3 id 2098442446631_Node0_Node8_Zero was a dupe; retransmit: 0, pkt_enqueue_time=2101481836284.427, pkt_dequeue_time=2101481836284.427, forwarded_or_dropped=1, reason_for_drop='Expiry'
DUPE: 2098502550790_Node0_Node8_Zero, Node5 id 2098502550790_Node0_Node8_Zero was a dupe; retransmit: 0, pkt_enqueue_time=2101509831056.5186, pkt_dequeue_time=2101509831056.5186, forwarded_or_dropped=1, reason_for_drop='Expiry'
DUPE: 2098502550790_Node0_Node8_Zero, Node2 id 2098502550790_Node0_Node8_Zero was a dupe; retransmit: 0, pkt_enqueue_time=2101530231639.6099, pkt_dequeue_time=2101530231639.6099, forwarded_or_dropped=1, reason_for_drop='Expiry'
DUPE: 2098486156424_Node0_Node8_Zero, Node2 id 2098486156424_Node0_Node8_Zero was a dupe; retransmit: 0, pkt_enqueue_time=2101533574860.1553, pkt_dequeue_time=2101533574860.1553, forwarded_or_dropped=1, reason_for_drop='Expiry'
DUPE: 2098469771246_Node0_Node8_Zero, Node2 id 2098469771246_Node0_Node8_Zero was a dupe; retransmit: 0, pkt_enqueue_time=2101541761488.1553, pkt_dequeue_time=2101541761488.1553, forwarded_or_dropped=1, reason_for_drop='Expiry'
DUPE: 2098551725348_Node0_Node8_Zero, Node6 id 2098551725348_Node0_Node8_Zero was a dupe; retransmit: 0, pkt_enqueue_time=2101556118286.1555, pkt_dequeue_time=2101556118286.1555, forwarded_or_dropped=1, reason_for_drop='Expiry'
DUPE: 2098551725348_Node0_Node8_Zero, Node7 id 2098551725348_Node0_Node8_Zero was a dupe; retransmit: 0, pkt_enqueue_time=2101558336103.9736, pkt_dequeue_time=2101558336103.9736, forwarded_or_dropped=1, reason_for_drop='Expiry'
DUPE: 2098562647143_Node0_Node8_Zero, Node7 id 2098562647143_Node0_Node8_Zero was a dupe; retransmit: 0, pkt_enqueue_time=2101564694719.9736, pkt_dequeue_time=2101564694719.9736, forwarded_or_dropped=1, reason_for_drop='Expiry'
DUPE: 2098562647143_Node0_Node8_Zero, Node6 id 2098562647143_Node0_Node8_Zero was a dupe; retransmit: 0, pkt_enqueue_time=2101567267155.9736, pkt_dequeue_time=2101567267155.9736, forwarded_or_dropped=1, reason_for_drop='Expiry'
DUPE: 2098562647143_Node0_Node8_Zero, Node5 id 2098562647143_Node0_Node8_Zero was a dupe; retransmit: 0, pkt_enqueue_time=2101568781591.9736, pkt_dequeue_time=2101568781591.9736, forwarded_or_dropped=1, reason_for_drop='Expiry'
DUPE: 2098562647143_Node0_Node8_Zero, Node4 id 2098562647143_Node0_Node8_Zero was a dupe; retransmit: 0, pkt_enqueue_time=2101570067027.9736, pkt_dequeue_time=2101570067027.9736, forwarded_or_dropped=1, reason_for_drop='Expiry'
DUPE: 2098327724391_Node0_Node8_Zero, Node2 id 2098327724391_Node0_Node8_Zero was a dupe; retransmit: 0, pkt_enqueue_time=2101572540141.7007, pkt_dequeue_time=2101572540141.7007, forwarded_or_dropped=1, reason_for_drop='Expiry'
DUPE: 2098393286566_Node0_Node8_Zero, Node2 id 2098393286566_Node0_Node8_Zero was a dupe; retransmit: 0, pkt_enqueue_time=2101578946668.246, pkt_dequeue_time=2101578946668.246, forwarded_or_dropped=1, reason_for_drop='Expiry'
DUPE: 2098453375622_Node0_Node8_Zero, Node2 id 2098453375622_Node0_Node8_Zero was a dupe; retransmit: 0, pkt_enqueue_time=2101582206322.7915, pkt_dequeue_time=2101582206322.7915, forwarded_or_dropped=1, reason_for_drop='Expiry'
DUPE: 2098458840173_Node0_Node8_Zero, Node2 id 2098458840173_Node0_Node8_Zero was a dupe; retransmit: 0, pkt_enqueue_time=2101584493194.7915, pkt_dequeue_time=2101584493194.7915, forwarded_or_dropped=1, reason_for_drop='Expiry'
DUPE: 2098300390060_Node0_Node8_Zero, Node2 id 2098300390060_Node0_Node8_Zero was a dupe; retransmit: 0, pkt_enqueue_time=2101587752849.337, pkt_dequeue_time=2101587752849.337, forwarded_or_dropped=1, reason_for_drop='Expiry'
DUPE: 2098398748374_Node0_Node8_Zero, Node2 id 2098398748374_Node0_Node8_Zero was a dupe; retransmit: 0, pkt_enqueue_time=2101593568375.8823, pkt_dequeue_time=2101593568375.8823, forwarded_or_dropped=1, reason_for_drop='Expiry'
Called Update: UpdateRouteCalls = 0, force = False
Called Update: UpdateRouteCalls = 1, force = False
Node.py: (Node2)@2101600000000.0: Updated MCS from 1 to 1, hist=deque([0.5, 0.2926829268292683, 0.32894736842105265, 0.3763440860215054, 0.4177215189873418], maxlen=5), packets_serviced=33, packets_received=79
Called Update: UpdateRouteCalls = 2, force = False
Node.py: (Node3)@2101600000000.0: Updated MCS from 1 to 1, hist=deque([0.05555555555555555, 0.41379310344827586, 0.5853658536585366, 0.36363636363636365, 0.4067796610169492], maxlen=5), packets_serviced=24, packets_received=59
Called Update: UpdateRouteCalls = 3, force = False
Node.py: (Node4)@2101600000000.0: Updated MCS from 1 to 1, hist=deque([0.0, 0.3157894736842105, 0.42105263157894735, 0.47619047619047616, 0.36363636363636365], maxlen=5), packets_serviced=12, packets_received=33
Called Update: UpdateRouteCalls = 4, force = False
Node.py: (Node5)@2101600000000.0: Updated MCS from 1 to 1, hist=deque([0.0, 0.4, 0.32, 0.42105263157894735, 0.5], maxlen=5), packets_serviced=11, packets_received=22
Called Update: UpdateRouteCalls = 5, force = False
Node.py: (Node6)@2101600000000.0: Updated MCS from 1 to 1, hist=deque([0.28125, 0.25, 0.30434782608695654, 0.46153846153846156, 0.2962962962962963], maxlen=5), packets_serviced=8, packets_received=27
Called Update: UpdateRouteCalls = 6, force = False
Node.py: (Node7)@2101600000000.0: Updated MCS from 1 to 1, hist=deque([0.26666666666666666, 0.23076923076923078, 0.2916666666666667, 0.2727272727272727, 0.3157894736842105], maxlen=5), packets_serviced=6, packets_received=19
Called Update: UpdateRouteCalls = 7, force = False
Called Update: UpdateRouteCalls = 8, force = False
Called Update: UpdateRouteCalls = 9, force = False
Called Update: UpdateRouteCalls = 10, force = False
Called Update: UpdateRouteCalls = 11, force = False
Called Update: UpdateRouteCalls = 12, force = False
Called Update: UpdateRouteCalls = 13, force = False
Called Update: UpdateRouteCalls = 14, force = False
Called Update: UpdateRouteCalls = 15, force = False
Called Update: UpdateRouteCalls = 16, force = False
Called Update: UpdateRouteCalls = 17, force = False
!! UPDATING !!
routeNo, updatedMCSIndex =  0 [2, 0, 1, 1, 1, 1, 1, 1]
DUPE: 2098316793641_Node0_Node8_Zero, Node2 id 2098316793641_Node0_Node8_Zero was a dupe; retransmit: 0, pkt_enqueue_time=2101604237339.5186, pkt_dequeue_time=2101604237339.5186, forwarded_or_dropped=1, reason_for_drop='Expiry'
DUPE: 2098185653117_Node0_Node8_Zero, Node2 id 2098185653117_Node0_Node8_Zero was a dupe; retransmit: 0, pkt_enqueue_time=2101613883520.6094, pkt_dequeue_time=2101613883520.6094, forwarded_or_dropped=1, reason_for_drop='Expiry'
DUPE: 2098349582412_Node0_Node8_Zero, Node2 id 2098349582412_Node0_Node8_Zero was a dupe; retransmit: 0, pkt_enqueue_time=2101628544356.2456, pkt_dequeue_time=2101628544356.2456, forwarded_or_dropped=1, reason_for_drop='Expiry'
DUPE: 2098551725348_Node0_Node8_Zero, Node2 id 2098551725348_Node0_Node8_Zero was a dupe; retransmit: 0, pkt_enqueue_time=2101633977010.791, pkt_dequeue_time=2101633977010.791, forwarded_or_dropped=1, reason_for_drop='Expiry'
DUPE: 2098644597014_Node0_Node8_Zero, Node2 id 2098644597014_Node0_Node8_Zero was a dupe; retransmit: 0, pkt_enqueue_time=2101647450679.8818, pkt_dequeue_time=2101647450679.8818, forwarded_or_dropped=1, reason_for_drop='Expiry'
DUPE: 2098660993020_Node0_Node8_Zero, Node6 id 2098660993020_Node0_Node8_Zero was a dupe; retransmit: 0, pkt_enqueue_time=2101663506144.336, pkt_dequeue_time=2101663506144.336, forwarded_or_dropped=1, reason_for_drop='Expiry'
DUPE: 2098660993020_Node0_Node8_Zero, Node7 id 2098660993020_Node0_Node8_Zero was a dupe; retransmit: 0, pkt_enqueue_time=2101665080962.154, pkt_dequeue_time=2101665080962.154, forwarded_or_dropped=1, reason_for_drop='Expiry'
DUPE: 2098660993020_Node0_Node8_Zero, Node3 id 2098660993020_Node0_Node8_Zero was a dupe; retransmit: 0, pkt_enqueue_time=2101666206933.9724, pkt_dequeue_time=2101666206933.9724, forwarded_or_dropped=1, reason_for_drop='Expiry'
DUPE: 2098671927664_Node0_Node8_Zero, Node3 id 2098671927664_Node0_Node8_Zero was a dupe; retransmit: 0, pkt_enqueue_time=2101673588846.7905, pkt_dequeue_time=2101673588846.7905, forwarded_or_dropped=1, reason_for_drop='Expiry'
DUPE: 2098671927664_Node0_Node8_Zero, Node5 id 2098671927664_Node0_Node8_Zero was a dupe; retransmit: 0, pkt_enqueue_time=2101674634718.7905, pkt_dequeue_time=2101674634718.7905, forwarded_or_dropped=1, reason_for_drop='Expiry'
DUPE: 2098671927664_Node0_Node8_Zero, Node4 id 2098671927664_Node0_Node8_Zero was a dupe; retransmit: 0, pkt_enqueue_time=2101676564934.7905, pkt_dequeue_time=2101676564934.7905, forwarded_or_dropped=1, reason_for_drop='Expiry'
DUPE: 2098693782520_Node0_Node8_Zero, Node3 id 2098693782520_Node0_Node8_Zero was a dupe; retransmit: 0, pkt_enqueue_time=2101696284654.6997, pkt_dequeue_time=2101696284654.6997, forwarded_or_dropped=1, reason_for_drop='Expiry'
DUPE: 2098693782520_Node0_Node8_Zero, Node5 id 2098693782520_Node0_Node8_Zero was a dupe; retransmit: 0, pkt_enqueue_time=2101697432526.6997, pkt_dequeue_time=2101697432526.6997, forwarded_or_dropped=1, reason_for_drop='Expiry'
DUPE: 2098693782520_Node0_Node8_Zero, Node4 id 2098693782520_Node0_Node8_Zero was a dupe; retransmit: 0, pkt_enqueue_time=2101698989962.6997, pkt_dequeue_time=2101698989962.6997, forwarded_or_dropped=1, reason_for_drop='Expiry'
DUPE: 2098721117594_Node0_Node8_Zero, Node7 id 2098721117594_Node0_Node8_Zero was a dupe; retransmit: 0, pkt_enqueue_time=2101721737986.6995, pkt_dequeue_time=2101721737986.6995, forwarded_or_dropped=1, reason_for_drop='Expiry'
DUPE: 2098721117594_Node0_Node8_Zero, Node5 id 2098721117594_Node0_Node8_Zero was a dupe; retransmit: 0, pkt_enqueue_time=2101723531757.6995, pkt_dequeue_time=2101723531757.6995, forwarded_or_dropped=1, reason_for_drop='Expiry'
DUPE: 2098562647143_Node0_Node8_Zero, Node3 id 2098562647143_Node0_Node8_Zero was a dupe; retransmit: 0, pkt_enqueue_time=2101724816399.4265, pkt_dequeue_time=2101724816399.4265, forwarded_or_dropped=1, reason_for_drop='Expiry'
DUPE: 2098721117594_Node0_Node8_Zero, Node6 id 2098721117594_Node0_Node8_Zero was a dupe; retransmit: 0, pkt_enqueue_time=2101726253506.4265, pkt_dequeue_time=2101726253506.4265, forwarded_or_dropped=1, reason_for_drop='Expiry'
DUPE: 2098721117594_Node0_Node8_Zero, Node4 id 2098721117594_Node0_Node8_Zero was a dupe; retransmit: 0, pkt_enqueue_time=2101730649929.517, pkt_dequeue_time=2101730649929.517, forwarded_or_dropped=1, reason_for_drop='Expiry'
DUPE: 2098737506011_Node0_Node8_Zero, Node3 id 2098737506011_Node0_Node8_Zero was a dupe; retransmit: 0, pkt_enqueue_time=2101740860897.9714, pkt_dequeue_time=2101740860897.9714, forwarded_or_dropped=1, reason_for_drop='Expiry'
DUPE: 2098753891557_Node0_Node8_Zero, Node3 id 2098753891557_Node0_Node8_Zero was a dupe; retransmit: 0, pkt_enqueue_time=2101754169546.9712, pkt_dequeue_time=2101754169546.9712, forwarded_or_dropped=1, reason_for_drop='Expiry'
DUPE: 2098715648861_Node0_Node8_Zero, Node2 id 2098715648861_Node0_Node8_Zero was a dupe; retransmit: 0, pkt_enqueue_time=2101759050295.2441, pkt_dequeue_time=2101759050295.2441, forwarded_or_dropped=1, reason_for_drop='Expiry'
DUPE: 2098742969376_Node0_Node8_Zero, Node2 id 2098742969376_Node0_Node8_Zero was a dupe; retransmit: 0, pkt_enqueue_time=2101762084949.7896, pkt_dequeue_time=2101762084949.7896, forwarded_or_dropped=1, reason_for_drop='Expiry'
DUPE: 2098753891557_Node0_Node8_Zero, Node2 id 2098753891557_Node0_Node8_Zero was a dupe; retransmit: 0, pkt_enqueue_time=2101771191130.8804, pkt_dequeue_time=2101771191130.8804, forwarded_or_dropped=1, reason_for_drop='Expiry'
DUPE: 2098781219579_Node0_Node8_Zero, Node3 id 2098781219579_Node0_Node8_Zero was a dupe; retransmit: 0, pkt_enqueue_time=2101783436748.8804, pkt_dequeue_time=2101783436748.8804, forwarded_or_dropped=1, reason_for_drop='Expiry'
DUPE: 2098792150786_Node0_Node8_Zero, Node3 id 2098792150786_Node0_Node8_Zero was a dupe; retransmit: 0, pkt_enqueue_time=2101792915865.6074, pkt_dequeue_time=2101792915865.6074, forwarded_or_dropped=1, reason_for_drop='Expiry'
DUPE: 2098803072176_Node0_Node8_Zero, Node3 id 2098803072176_Node0_Node8_Zero was a dupe; retransmit: 0, pkt_enqueue_time=2101808006867.5164, pkt_dequeue_time=2101808006867.5164, forwarded_or_dropped=1, reason_for_drop='Expiry'
DUPE: 2098808536781_Node0_Node8_Zero, Node2 id 2098808536781_Node0_Node8_Zero was a dupe; retransmit: 0, pkt_enqueue_time=2101809962671.2437, pkt_dequeue_time=2101809962671.2437, forwarded_or_dropped=1, reason_for_drop='Expiry'
DUPE: 2098824928528_Node0_Node8_Zero, Node6 id 2098824928528_Node0_Node8_Zero was a dupe; retransmit: 0, pkt_enqueue_time=2101825710619.6978, pkt_dequeue_time=2101825710619.6978, forwarded_or_dropped=1, reason_for_drop='Expiry'
DUPE: 2098824928528_Node0_Node8_Zero, Node7 id 2098824928528_Node0_Node8_Zero was a dupe; retransmit: 0, pkt_enqueue_time=2101826938437.5159, pkt_dequeue_time=2101826938437.5159, forwarded_or_dropped=1, reason_for_drop='Expiry'
DUPE: 2098824928528_Node0_Node8_Zero, Node5 id 2098824928528_Node0_Node8_Zero was a dupe; retransmit: 0, pkt_enqueue_time=2101830773204.1528, pkt_dequeue_time=2101830773204.1528, forwarded_or_dropped=1, reason_for_drop='Expiry'
DUPE: 2098824928528_Node0_Node8_Zero, Node4 id 2098824928528_Node0_Node8_Zero was a dupe; retransmit: 0, pkt_enqueue_time=2101836870340.6982, pkt_dequeue_time=2101836870340.6982, forwarded_or_dropped=1, reason_for_drop='Expiry'
DUPE: 2098835851412_Node0_Node8_Zero, Node3 id 2098835851412_Node0_Node8_Zero was a dupe; retransmit: 0, pkt_enqueue_time=2101848674288.2434, pkt_dequeue_time=2101848674288.2434, forwarded_or_dropped=1, reason_for_drop='Expiry'
DUPE: 2098803072176_Node0_Node8_Zero, Node2 id 2098803072176_Node0_Node8_Zero was a dupe; retransmit: 0, pkt_enqueue_time=2101856223287.2437, pkt_dequeue_time=2101856223287.2437, forwarded_or_dropped=1, reason_for_drop='Expiry'
DUPE: 2098852238285_Node0_Node8_Zero, Node3 id 2098852238285_Node0_Node8_Zero was a dupe; retransmit: 0, pkt_enqueue_time=2101863078074.6072, pkt_dequeue_time=2101863078074.6072, forwarded_or_dropped=1, reason_for_drop='Expiry'
DUPE: 2098863160779_Node0_Node8_Zero, Node7 id 2098863160779_Node0_Node8_Zero was a dupe; retransmit: 0, pkt_enqueue_time=2101863944668.0613, pkt_dequeue_time=2101863944668.0613, forwarded_or_dropped=1, reason_for_drop='Expiry'
DUPE: 2098863160779_Node0_Node8_Zero, Node3 id 2098863160779_Node0_Node8_Zero was a dupe; retransmit: 0, pkt_enqueue_time=2101864194946.6072, pkt_dequeue_time=2101864194946.6072, forwarded_or_dropped=1, reason_for_drop='Expiry'
DUPE: 2098863160779_Node0_Node8_Zero, Node5 id 2098863160779_Node0_Node8_Zero was a dupe; retransmit: 0, pkt_enqueue_time=2101865223818.6072, pkt_dequeue_time=2101865223818.6072, forwarded_or_dropped=1, reason_for_drop='Expiry'
DUPE: 2098863160779_Node0_Node8_Zero, Node6 id 2098863160779_Node0_Node8_Zero was a dupe; retransmit: 0, pkt_enqueue_time=2101866290636.4253, pkt_dequeue_time=2101866290636.4253, forwarded_or_dropped=1, reason_for_drop='Expiry'
DUPE: 2098863160779_Node0_Node8_Zero, Node4 id 2098863160779_Node0_Node8_Zero was a dupe; retransmit: 0, pkt_enqueue_time=2101867467407.4253, pkt_dequeue_time=2101867467407.4253, forwarded_or_dropped=1, reason_for_drop='Expiry'
DUPE: 2098857700420_Node0_Node8_Zero, Node2 id 2098857700420_Node0_Node8_Zero was a dupe; retransmit: 0, pkt_enqueue_time=2101869719702.789, pkt_dequeue_time=2101869719702.789, forwarded_or_dropped=1, reason_for_drop='Expiry'
DUPE: 2098879558514_Node0_Node8_Zero, Node4 id 2098879558514_Node0_Node8_Zero was a dupe; retransmit: 0, pkt_enqueue_time=2101881605641.3342, pkt_dequeue_time=2101881605641.3342, forwarded_or_dropped=1, reason_for_drop='Expiry'
DUPE: 2098874090474_Node0_Node8_Zero, Node2 id 2098874090474_Node0_Node8_Zero was a dupe; retransmit: 0, pkt_enqueue_time=2101883649318.7888, pkt_dequeue_time=2101883649318.7888, forwarded_or_dropped=1, reason_for_drop='Expiry'
DUPE: 2098879558514_Node0_Node8_Zero, Node3 id 2098879558514_Node0_Node8_Zero was a dupe; retransmit: 0, pkt_enqueue_time=2101884834136.607, pkt_dequeue_time=2101884834136.607, forwarded_or_dropped=1, reason_for_drop='Expiry'
DUPE: 2098895953580_Node0_Node8_Zero, Node7 id 2098895953580_Node0_Node8_Zero was a dupe; retransmit: 0, pkt_enqueue_time=2101897382835.334, pkt_dequeue_time=2101897382835.334, forwarded_or_dropped=1, reason_for_drop='Expiry'
DUPE: 2098895953580_Node0_Node8_Zero, Node6 id 2098895953580_Node0_Node8_Zero was a dupe; retransmit: 0, pkt_enqueue_time=2101899696042.334, pkt_dequeue_time=2101899696042.334, forwarded_or_dropped=1, reason_for_drop='Expiry'
DUPE: 2098895953580_Node0_Node8_Zero, Node2 id 2098895953580_Node0_Node8_Zero was a dupe; retransmit: 0, pkt_enqueue_time=2101901583294.5159, pkt_dequeue_time=2101901583294.5159, forwarded_or_dropped=1, reason_for_drop='Expiry'
DUPE: 2098895953580_Node0_Node8_Zero, Node3 id 2098895953580_Node0_Node8_Zero was a dupe; retransmit: 0, pkt_enqueue_time=2101902822112.334, pkt_dequeue_time=2101902822112.334, forwarded_or_dropped=1, reason_for_drop='Expiry'
DUPE: 2098863160779_Node0_Node8_Zero, Node2 id 2098863160779_Node0_Node8_Zero was a dupe; retransmit: 0, pkt_enqueue_time=2101912528096.152, pkt_dequeue_time=2101912528096.152, forwarded_or_dropped=1, reason_for_drop='Expiry'
DUPE: 2098901417288_Node0_Node8_Zero, Node2 id 2098901417288_Node0_Node8_Zero was a dupe; retransmit: 0, pkt_enqueue_time=2101915507750.6975, pkt_dequeue_time=2101915507750.6975, forwarded_or_dropped=1, reason_for_drop='Expiry'
DUPE: 2098923274121_Node0_Node8_Zero, Node2 id 2098923274121_Node0_Node8_Zero was a dupe; retransmit: 0, pkt_enqueue_time=2101929020929.6064, pkt_dequeue_time=2101929020929.6064, forwarded_or_dropped=1, reason_for_drop='Expiry'
DUPE: 2098950596759_Node0_Node8_Zero, Node2 id 2098950596759_Node0_Node8_Zero was a dupe; retransmit: 0, pkt_enqueue_time=2101955165800.6973, pkt_dequeue_time=2101955165800.6973, forwarded_or_dropped=1, reason_for_drop='Expiry'
DUPE: 2098950596759_Node0_Node8_Zero, Node3 id 2098950596759_Node0_Node8_Zero was a dupe; retransmit: 0, pkt_enqueue_time=2101956208618.5154, pkt_dequeue_time=2101956208618.5154, forwarded_or_dropped=1, reason_for_drop='Expiry'
DUPE: 2098945133326_Node0_Node8_Zero, Node2 id 2098945133326_Node0_Node8_Zero was a dupe; retransmit: 0, pkt_enqueue_time=2101958058422.2427, pkt_dequeue_time=2101958058422.2427, forwarded_or_dropped=1, reason_for_drop='Expiry'
DUPE: 2098972448350_Node0_Node8_Zero, Node5 id 2098972448350_Node0_Node8_Zero was a dupe; retransmit: 0, pkt_enqueue_time=2101974302576.9702, pkt_dequeue_time=2101974302576.9702, forwarded_or_dropped=1, reason_for_drop='Expiry'
DUPE: 2098972448350_Node0_Node8_Zero, Node6 id 2098972448350_Node0_Node8_Zero was a dupe; retransmit: 0, pkt_enqueue_time=2101975491394.7883, pkt_dequeue_time=2101975491394.7883, forwarded_or_dropped=1, reason_for_drop='Expiry'
DUPE: 2098972448350_Node0_Node8_Zero, Node4 id 2098972448350_Node0_Node8_Zero was a dupe; retransmit: 0, pkt_enqueue_time=2101976891291.7883, pkt_dequeue_time=2101976891291.7883, forwarded_or_dropped=1, reason_for_drop='Expiry'
DUPE: 2098966985394_Node0_Node8_Zero, Node2 id 2098966985394_Node0_Node8_Zero was a dupe; retransmit: 0, pkt_enqueue_time=2101983046431.6064, pkt_dequeue_time=2101983046431.6064, forwarded_or_dropped=1, reason_for_drop='Expiry'
main.py: Progress: 2102 / 2104
Called Update: UpdateRouteCalls = 0, force = False
Called Update: UpdateRouteCalls = 1, force = False
Node.py: (Node2)@2102000000000.0: Updated MCS from 1 to 1, hist=deque([0.2926829268292683, 0.32894736842105265, 0.3763440860215054, 0.4177215189873418, 0.4367816091954023], maxlen=5), packets_serviced=38, packets_received=87
Called Update: UpdateRouteCalls = 2, force = False
Node.py: (Node3)@2102000000000.0: Updated MCS from 1 to 1, hist=deque([0.41379310344827586, 0.5853658536585366, 0.36363636363636365, 0.4067796610169492, 0.3728813559322034], maxlen=5), packets_serviced=22, packets_received=59
Called Update: UpdateRouteCalls = 3, force = False
Node.py: (Node4)@2102000000000.0: Updated MCS from 1 to 1, hist=deque([0.3157894736842105, 0.42105263157894735, 0.47619047619047616, 0.36363636363636365, 0.375], maxlen=5), packets_serviced=12, packets_received=32
Called Update: UpdateRouteCalls = 4, force = False
Node.py: (Node5)@2102000000000.0: Updated MCS from 1 to 1, hist=deque([0.4, 0.32, 0.42105263157894735, 0.5, 0.45], maxlen=5), packets_serviced=9, packets_received=20
Called Update: UpdateRouteCalls = 5, force = False
Node.py: (Node6)@2102000000000.0: Updated MCS from 1 to 1, hist=deque([0.25, 0.30434782608695654, 0.46153846153846156, 0.2962962962962963, 0.3684210526315789], maxlen=5), packets_serviced=7, packets_received=19
Called Update: UpdateRouteCalls = 6, force = False
Node.py: (Node7)@2102000000000.0: Updated MCS from 1 to 1, hist=deque([0.23076923076923078, 0.2916666666666667, 0.2727272727272727, 0.3157894736842105, 0.375], maxlen=5), packets_serviced=6, packets_received=16
Called Update: UpdateRouteCalls = 7, force = False
Called Update: UpdateRouteCalls = 8, force = False
Called Update: UpdateRouteCalls = 9, force = False
Called Update: UpdateRouteCalls = 10, force = False
Called Update: UpdateRouteCalls = 11, force = False
Called Update: UpdateRouteCalls = 12, force = False
Called Update: UpdateRouteCalls = 13, force = False
Called Update: UpdateRouteCalls = 14, force = False
Called Update: UpdateRouteCalls = 15, force = False
Called Update: UpdateRouteCalls = 16, force = False
Called Update: UpdateRouteCalls = 17, force = False
!! UPDATING !!
routeNo, updatedMCSIndex =  0 [2, 0, 1, 1, 1, 1, 1, 1]
Called Update: UpdateRouteCalls = 0, force = True
!! UPDATING !!
routeNo, updatedMCSIndex =  0 [2, 0, 1, 1, 1, 1, 1, 1]

rf.py: Time: 2102 Route details: {0: {'Route': [0, 1, 2, 3, 4, 5, 6, 7, 8], 'MCS_Index': [2, 0, 1, 1, 1, 1, 1, 1], 'Priority': 1, 'ValidRoute': True, 'HQRoute': True, 'RouteNodeDensity': [0, 0, 0, 0, 0, 2, 0, 0, 0], 'InterferingLinks': 16, 'Target': (-1, -1)}}
DUPE: 2098999757165_Node0_Node8_Zero, Node7 id 2098999757165_Node0_Node8_Zero was a dupe; retransmit: 0, pkt_enqueue_time=2102000141567.4243, pkt_dequeue_time=2102000141567.4243, forwarded_or_dropped=1, reason_for_drop='Expiry'
DUPE: 2098999757165_Node0_Node8_Zero, Node5 id 2098999757165_Node0_Node8_Zero was a dupe; retransmit: 0, pkt_enqueue_time=2102001262338.4243, pkt_dequeue_time=2102001262338.4243, forwarded_or_dropped=1, reason_for_drop='Expiry'
DUPE: 2098999757165_Node0_Node8_Zero, Node6 id 2098999757165_Node0_Node8_Zero was a dupe; retransmit: 0, pkt_enqueue_time=2102002953156.2424, pkt_dequeue_time=2102002953156.2424, forwarded_or_dropped=1, reason_for_drop='Expiry'
DUPE: 2098999757165_Node0_Node8_Zero, Node4 id 2098999757165_Node0_Node8_Zero was a dupe; retransmit: 0, pkt_enqueue_time=2102004860912.2424, pkt_dequeue_time=2102004860912.2424, forwarded_or_dropped=1, reason_for_drop='Expiry'
DUPE: 2098972448350_Node0_Node8_Zero, Node2 id 2098972448350_Node0_Node8_Zero was a dupe; retransmit: 0, pkt_enqueue_time=2102006952643.879, pkt_dequeue_time=2102006952643.879, forwarded_or_dropped=1, reason_for_drop='Expiry'
DUPE: 2099021605955_Node0_Node8_Zero, Node7 id 2099021605955_Node0_Node8_Zero was a dupe; retransmit: 0, pkt_enqueue_time=2102023425218.7876, pkt_dequeue_time=2102023425218.7876, forwarded_or_dropped=1, reason_for_drop='Expiry'
DUPE: 2099021605955_Node0_Node8_Zero, Node6 id 2099021605955_Node0_Node8_Zero was a dupe; retransmit: 0, pkt_enqueue_time=2102024515654.7876, pkt_dequeue_time=2102024515654.7876, forwarded_or_dropped=1, reason_for_drop='Expiry'
DUPE: 2099021605955_Node0_Node8_Zero, Node4 id 2099021605955_Node0_Node8_Zero was a dupe; retransmit: 0, pkt_enqueue_time=2102026124425.7876, pkt_dequeue_time=2102026124425.7876, forwarded_or_dropped=1, reason_for_drop='Expiry'
DUPE: 2099021605955_Node0_Node8_Zero, Node5 id 2099021605955_Node0_Node8_Zero was a dupe; retransmit: 0, pkt_enqueue_time=2102028900486.788, pkt_dequeue_time=2102028900486.788, forwarded_or_dropped=1, reason_for_drop='Expiry'
DUPE: 2099021605955_Node0_Node8_Zero, Node3 id 2099021605955_Node0_Node8_Zero was a dupe; retransmit: 0, pkt_enqueue_time=2102031102470.3335, pkt_dequeue_time=2102031102470.3335, forwarded_or_dropped=1, reason_for_drop='Expiry'
DUPE: 2099048916382_Node0_Node8_Zero, Node5 id 2099048916382_Node0_Node8_Zero was a dupe; retransmit: 0, pkt_enqueue_time=2102050411345.424, pkt_dequeue_time=2102050411345.424, forwarded_or_dropped=1, reason_for_drop='Expiry'
DUPE: 2099048916382_Node0_Node8_Zero, Node4 id 2099048916382_Node0_Node8_Zero was a dupe; retransmit: 0, pkt_enqueue_time=2102052728461.9697, pkt_dequeue_time=2102052728461.9697, forwarded_or_dropped=1, reason_for_drop='Expiry'
DUPE: 2099043455267_Node0_Node8_Zero, Node3 id 2099043455267_Node0_Node8_Zero was a dupe; retransmit: 0, pkt_enqueue_time=2102059697371.424, pkt_dequeue_time=2102059697371.424, forwarded_or_dropped=1, reason_for_drop='Expiry'
DUPE: 2099059849285_Node0_Node8_Zero, Node2 id 2099059849285_Node0_Node8_Zero was a dupe; retransmit: 0, pkt_enqueue_time=2102068158205.9695, pkt_dequeue_time=2102068158205.9695, forwarded_or_dropped=1, reason_for_drop='Expiry'
DUPE: 2099065310716_Node0_Node8_Zero, Node3 id 2099065310716_Node0_Node8_Zero was a dupe; retransmit: 0, pkt_enqueue_time=2102071264895.7876, pkt_dequeue_time=2102071264895.7876, forwarded_or_dropped=1, reason_for_drop='Expiry'
DUPE: 2099092627033_Node0_Node8_Zero, Node6 id 2099092627033_Node0_Node8_Zero was a dupe; retransmit: 0, pkt_enqueue_time=2102093172669.5144, pkt_dequeue_time=2102093172669.5144, forwarded_or_dropped=1, reason_for_drop='Expiry'
DUPE: 2099092627033_Node0_Node8_Zero, Node7 id 2099092627033_Node0_Node8_Zero was a dupe; retransmit: 0, pkt_enqueue_time=2102095643977.5144, pkt_dequeue_time=2102095643977.5144, forwarded_or_dropped=1, reason_for_drop='Expiry'
DUPE: 2099092627033_Node0_Node8_Zero, Node5 id 2099092627033_Node0_Node8_Zero was a dupe; retransmit: 0, pkt_enqueue_time=2102096684748.5144, pkt_dequeue_time=2102096684748.5144, forwarded_or_dropped=1, reason_for_drop='Expiry'
DUPE: 2099092627033_Node0_Node8_Zero, Node4 id 2099092627033_Node0_Node8_Zero was a dupe; retransmit: 0, pkt_enqueue_time=2102099415494.6963, pkt_dequeue_time=2102099415494.6963, forwarded_or_dropped=1, reason_for_drop='Expiry'
DUPE: 2099092627033_Node0_Node8_Zero, Node3 id 2099092627033_Node0_Node8_Zero was a dupe; retransmit: 0, pkt_enqueue_time=2102154925758.6042, pkt_dequeue_time=2102154925758.6042, forwarded_or_dropped=1, reason_for_drop='Expiry'
DUPE: 2099130871931_Node0_Node8_Zero, Node2 id 2099130871931_Node0_Node8_Zero was a dupe; retransmit: 0, pkt_enqueue_time=2102181208917.968, pkt_dequeue_time=2102181208917.968, forwarded_or_dropped=1, reason_for_drop='Expiry'
DUPE: 2099185532397_Node0_Node8_Zero, Node2 id 2099185532397_Node0_Node8_Zero was a dupe; retransmit: 0, pkt_enqueue_time=2102196783186.7866, pkt_dequeue_time=2102196783186.7866, forwarded_or_dropped=1, reason_for_drop='Expiry'
DUPE: 2099207384405_Node0_Node8_Zero, Node4 id 2099207384405_Node0_Node8_Zero was a dupe; retransmit: 0, pkt_enqueue_time=2102214540336.3328, pkt_dequeue_time=2102214540336.3328, forwarded_or_dropped=1, reason_for_drop='Expiry'
DUPE: 2099218319893_Node0_Node8_Zero, Node4 id 2099218319893_Node0_Node8_Zero was a dupe; retransmit: 0, pkt_enqueue_time=2102221814752.6057, pkt_dequeue_time=2102221814752.6057, forwarded_or_dropped=1, reason_for_drop='Expiry'
DUPE: 2099234709405_Node0_Node8_Zero, Node7 id 2099234709405_Node0_Node8_Zero was a dupe; retransmit: 0, pkt_enqueue_time=2102235445693.515, pkt_dequeue_time=2102235445693.515, forwarded_or_dropped=1, reason_for_drop='Expiry'
DUPE: 2099234709405_Node0_Node8_Zero, Node5 id 2099234709405_Node0_Node8_Zero was a dupe; retransmit: 0, pkt_enqueue_time=2102237921372.5151, pkt_dequeue_time=2102237921372.5151, forwarded_or_dropped=1, reason_for_drop='Expiry'
DUPE: 2099234709405_Node0_Node8_Zero, Node6 id 2099234709405_Node0_Node8_Zero was a dupe; retransmit: 0, pkt_enqueue_time=2102238957190.3333, pkt_dequeue_time=2102238957190.3333, forwarded_or_dropped=1, reason_for_drop='Expiry'
DUPE: 2099245644316_Node0_Node8_Zero, Node5 id 2099245644316_Node0_Node8_Zero was a dupe; retransmit: 0, pkt_enqueue_time=2102248605925.8784, pkt_dequeue_time=2102248605925.8784, forwarded_or_dropped=1, reason_for_drop='Expiry'
DUPE: 2099081697804_Node0_Node8_Zero, Node2 id 2099081697804_Node0_Node8_Zero was a dupe; retransmit: 0, pkt_enqueue_time=2102253056127.9692, pkt_dequeue_time=2102253056127.9692, forwarded_or_dropped=1, reason_for_drop='Expiry'
DUPE: 2099234709405_Node0_Node8_Zero, Node3 id 2099234709405_Node0_Node8_Zero was a dupe; retransmit: 0, pkt_enqueue_time=2102255172945.7874, pkt_dequeue_time=2102255172945.7874, forwarded_or_dropped=1, reason_for_drop='Expiry'
DUPE: 2099245644316_Node0_Node8_Zero, Node3 id 2099245644316_Node0_Node8_Zero was a dupe; retransmit: 0, pkt_enqueue_time=2102255172945.7874, pkt_dequeue_time=2102255172945.7874, forwarded_or_dropped=1, reason_for_drop='Expiry'
DUPE: 2098939673630_Node0_Node8_Zero, Node2 id 2098939673630_Node0_Node8_Zero was a dupe; retransmit: 0, pkt_enqueue_time=2102257330051.5146, pkt_dequeue_time=2102257330051.5146, forwarded_or_dropped=1, reason_for_drop='Expiry'
DUPE: 2099245644316_Node0_Node8_Zero, Node4 id 2099245644316_Node0_Node8_Zero was a dupe; retransmit: 0, pkt_enqueue_time=2102266053186.4233, pkt_dequeue_time=2102266053186.4233, forwarded_or_dropped=1, reason_for_drop='Expiry'
DUPE: 2099278439942_Node0_Node8_Zero, Node4 id 2099278439942_Node0_Node8_Zero was a dupe; retransmit: 0, pkt_enqueue_time=2102279135049.423, pkt_dequeue_time=2102279135049.423, forwarded_or_dropped=1, reason_for_drop='Expiry'
DUPE: 2099278439942_Node0_Node8_Zero, Node6 id 2099278439942_Node0_Node8_Zero was a dupe; retransmit: 0, pkt_enqueue_time=2102281902303.2412, pkt_dequeue_time=2102281902303.2412, forwarded_or_dropped=1, reason_for_drop='Expiry'
DUPE: 2099278439942_Node0_Node8_Zero, Node3 id 2099278439942_Node0_Node8_Zero was a dupe; retransmit: 0, pkt_enqueue_time=2102282999256.423, pkt_dequeue_time=2102282999256.423, forwarded_or_dropped=1, reason_for_drop='Expiry'
DUPE: 2099278439942_Node0_Node8_Zero, Node7 id 2099278439942_Node0_Node8_Zero was a dupe; retransmit: 0, pkt_enqueue_time=2102283027121.0593, pkt_dequeue_time=2102283027121.0593, forwarded_or_dropped=1, reason_for_drop='Expiry'
DUPE: 2099048916382_Node0_Node8_Zero, Node2 id 2099048916382_Node0_Node8_Zero was a dupe; retransmit: 0, pkt_enqueue_time=2102285130058.9685, pkt_dequeue_time=2102285130058.9685, forwarded_or_dropped=1, reason_for_drop='Expiry'
DUPE: 2099278439942_Node0_Node8_Zero, Node2 id 2099278439942_Node0_Node8_Zero was a dupe; retransmit: 0, pkt_enqueue_time=2102291287368.0593, pkt_dequeue_time=2102291287368.0593, forwarded_or_dropped=1, reason_for_drop='Expiry'
DUPE: 2099311242141_Node0_Node8_Zero, Node6 id 2099311242141_Node0_Node8_Zero was a dupe; retransmit: 0, pkt_enqueue_time=2102313439487.3318, pkt_dequeue_time=2102313439487.3318, forwarded_or_dropped=1, reason_for_drop='Expiry'
DUPE: 2099311242141_Node0_Node8_Zero, Node5 id 2099311242141_Node0_Node8_Zero was a dupe; retransmit: 0, pkt_enqueue_time=2102320183708.9683, pkt_dequeue_time=2102320183708.9683, forwarded_or_dropped=1, reason_for_drop='Expiry'
DUPE: 2099322174812_Node0_Node8_Zero, Node4 id 2099322174812_Node0_Node8_Zero was a dupe; retransmit: 0, pkt_enqueue_time=2102323936398.7864, pkt_dequeue_time=2102323936398.7864, forwarded_or_dropped=1, reason_for_drop='Expiry'
DUPE: 2099240177595_Node0_Node8_Zero, Node3 id 2099240177595_Node0_Node8_Zero was a dupe; retransmit: 0, pkt_enqueue_time=2102326000053.9683, pkt_dequeue_time=2102326000053.9683, forwarded_or_dropped=1, reason_for_drop='Expiry'
DUPE: 2099322174812_Node0_Node8_Zero, Node3 id 2099322174812_Node0_Node8_Zero was a dupe; retransmit: 0, pkt_enqueue_time=2102327056890.3318, pkt_dequeue_time=2102327056890.3318, forwarded_or_dropped=1, reason_for_drop='Expiry'
DUPE: 2099333102416_Node0_Node8_Zero, Node3 id 2099333102416_Node0_Node8_Zero was a dupe; retransmit: 0, pkt_enqueue_time=2102338161658.15, pkt_dequeue_time=2102338161658.15, forwarded_or_dropped=1, reason_for_drop='Expiry'
DUPE: 2099338562245_Node0_Node8_Zero, Node2 id 2099338562245_Node0_Node8_Zero was a dupe; retransmit: 0, pkt_enqueue_time=2102340192751.7864, pkt_dequeue_time=2102340192751.7864, forwarded_or_dropped=1, reason_for_drop='Expiry'
DUPE: 2099360421376_Node0_Node8_Zero, Node3 id 2099360421376_Node0_Node8_Zero was a dupe; retransmit: 0, pkt_enqueue_time=2102362473047.6047, pkt_dequeue_time=2102362473047.6047, forwarded_or_dropped=1, reason_for_drop='Expiry'
DUPE: 2099371348703_Node0_Node8_Zero, Node5 id 2099371348703_Node0_Node8_Zero was a dupe; retransmit: 0, pkt_enqueue_time=2102373382927.3318, pkt_dequeue_time=2102373382927.3318, forwarded_or_dropped=1, reason_for_drop='Expiry'
DUPE: 2099371348703_Node0_Node8_Zero, Node6 id 2099371348703_Node0_Node8_Zero was a dupe; retransmit: 0, pkt_enqueue_time=2102374688745.15, pkt_dequeue_time=2102374688745.15, forwarded_or_dropped=1, reason_for_drop='Expiry'
DUPE: 2099382277241_Node0_Node8_Zero, Node2 id 2099382277241_Node0_Node8_Zero was a dupe; retransmit: 0, pkt_enqueue_time=2102385313386.4229, pkt_dequeue_time=2102385313386.4229, forwarded_or_dropped=1, reason_for_drop='Expiry'
DUPE: 2099360421376_Node0_Node8_Zero, Node2 id 2099360421376_Node0_Node8_Zero was a dupe; retransmit: 0, pkt_enqueue_time=2102388093040.9683, pkt_dequeue_time=2102388093040.9683, forwarded_or_dropped=1, reason_for_drop='Expiry'
DUPE: 2099371348703_Node0_Node8_Zero, Node3 id 2099371348703_Node0_Node8_Zero was a dupe; retransmit: 0, pkt_enqueue_time=2102392075513.3318, pkt_dequeue_time=2102392075513.3318, forwarded_or_dropped=1, reason_for_drop='Expiry'
Called Update: UpdateRouteCalls = 0, force = False
Called Update: UpdateRouteCalls = 1, force = False
Node.py: (Node2)@2102400000000.0: Updated MCS from 1 to 1, hist=deque([0.32894736842105265, 0.3763440860215054, 0.4177215189873418, 0.4367816091954023, 0.5280898876404494], maxlen=5), packets_serviced=47, packets_received=89
Called Update: UpdateRouteCalls = 2, force = False
Node.py: (Node3)@2102400000000.0: Updated MCS from 1 to 1, hist=deque([0.5853658536585366, 0.36363636363636365, 0.4067796610169492, 0.3728813559322034, 0.34782608695652173], maxlen=5), packets_serviced=24, packets_received=69
Called Update: UpdateRouteCalls = 3, force = False
Node.py: (Node4)@2102400000000.0: Updated MCS from 1 to 1, hist=deque([0.42105263157894735, 0.47619047619047616, 0.36363636363636365, 0.375, 0.35294117647058826], maxlen=5), packets_serviced=12, packets_received=34
Called Update: UpdateRouteCalls = 4, force = False
Node.py: (Node5)@2102400000000.0: Updated MCS from 1 to 1, hist=deque([0.32, 0.42105263157894735, 0.5, 0.45, 0.36363636363636365], maxlen=5), packets_serviced=8, packets_received=22
Called Update: UpdateRouteCalls = 5, force = False
Node.py: (Node6)@2102400000000.0: Updated MCS from 1 to 1, hist=deque([0.30434782608695654, 0.46153846153846156, 0.2962962962962963, 0.3684210526315789, 0.2857142857142857], maxlen=5), packets_serviced=6, packets_received=21
Called Update: UpdateRouteCalls = 6, force = False
Node.py: (Node7)@2102400000000.0: Updated MCS from 1 to 1, hist=deque([0.2916666666666667, 0.2727272727272727, 0.3157894736842105, 0.375, 0.26666666666666666], maxlen=5), packets_serviced=4, packets_received=15
Called Update: UpdateRouteCalls = 7, force = False
Called Update: UpdateRouteCalls = 8, force = False
Called Update: UpdateRouteCalls = 9, force = False
Called Update: UpdateRouteCalls = 10, force = False
Called Update: UpdateRouteCalls = 11, force = False
Called Update: UpdateRouteCalls = 12, force = False
Called Update: UpdateRouteCalls = 13, force = False
Called Update: UpdateRouteCalls = 14, force = False
Called Update: UpdateRouteCalls = 15, force = False
Called Update: UpdateRouteCalls = 16, force = False
Called Update: UpdateRouteCalls = 17, force = False
!! UPDATING !!
routeNo, updatedMCSIndex =  0 [2, 0, 1, 1, 1, 1, 1, 1]
DUPE: 2099398663732_Node0_Node8_Zero, Node3 id 2099398663732_Node0_Node8_Zero was a dupe; retransmit: 0, pkt_enqueue_time=2102400099616.6953, pkt_dequeue_time=2102400099616.6953, forwarded_or_dropped=1, reason_for_drop='Expiry'
DUPE: 2099256575867_Node0_Node8_Zero, Node2 id 2099256575867_Node0_Node8_Zero was a dupe; retransmit: 0, pkt_enqueue_time=2102402472419.5137, pkt_dequeue_time=2102402472419.5137, forwarded_or_dropped=1, reason_for_drop='Expiry'
DUPE: 2099262040015_Node0_Node8_Zero, Node2 id 2099262040015_Node0_Node8_Zero was a dupe; retransmit: 0, pkt_enqueue_time=2102404619291.5137, pkt_dequeue_time=2102404619291.5137, forwarded_or_dropped=1, reason_for_drop='Expiry'
DUPE: 2099223787395_Node0_Node8_Zero, Node2 id 2099223787395_Node0_Node8_Zero was a dupe; retransmit: 0, pkt_enqueue_time=2102407927946.059, pkt_dequeue_time=2102407927946.059, forwarded_or_dropped=1, reason_for_drop='Expiry'
DUPE: 2099201921212_Node0_Node8_Zero, Node2 id 2099201921212_Node0_Node8_Zero was a dupe; retransmit: 0, pkt_enqueue_time=2102411307600.6045, pkt_dequeue_time=2102411307600.6045, forwarded_or_dropped=1, reason_for_drop='Expiry'
DUPE: 2099267506092_Node0_Node8_Zero, Node2 id 2099267506092_Node0_Node8_Zero was a dupe; retransmit: 0, pkt_enqueue_time=2102414747255.15, pkt_dequeue_time=2102414747255.15, forwarded_or_dropped=1, reason_for_drop='Expiry'
DUPE: 2099218319893_Node0_Node8_Zero, Node2 id 2099218319893_Node0_Node8_Zero was a dupe; retransmit: 0, pkt_enqueue_time=2102421013781.6953, pkt_dequeue_time=2102421013781.6953, forwarded_or_dropped=1, reason_for_drop='Expiry'
DUPE: 2099043455267_Node0_Node8_Zero, Node2 id 2099043455267_Node0_Node8_Zero was a dupe; retransmit: 0, pkt_enqueue_time=2102424587436.2407, pkt_dequeue_time=2102424587436.2407, forwarded_or_dropped=1, reason_for_drop='Expiry'
DUPE: 2099393200505_Node0_Node8_Zero, Node2 id 2099393200505_Node0_Node8_Zero was a dupe; retransmit: 0, pkt_enqueue_time=2102428221090.7861, pkt_dequeue_time=2102428221090.7861, forwarded_or_dropped=1, reason_for_drop='Expiry'
DUPE: 2099234709405_Node0_Node8_Zero, Node2 id 2099234709405_Node0_Node8_Zero was a dupe; retransmit: 0, pkt_enqueue_time=2102432040745.3315, pkt_dequeue_time=2102432040745.3315, forwarded_or_dropped=1, reason_for_drop='Expiry'
DUPE: 2099240177595_Node0_Node8_Zero, Node2 id 2099240177595_Node0_Node8_Zero was a dupe; retransmit: 0, pkt_enqueue_time=2102435971399.877, pkt_dequeue_time=2102435971399.877, forwarded_or_dropped=1, reason_for_drop='Expiry'
DUPE: 2098835851412_Node0_Node8_Zero, Node2 id 2098835851412_Node0_Node8_Zero was a dupe; retransmit: 0, pkt_enqueue_time=2102452751107.5132, pkt_dequeue_time=2102452751107.5132, forwarded_or_dropped=1, reason_for_drop='Expiry'
DUPE: 2098841316182_Node0_Node8_Zero, Node2 id 2098841316182_Node0_Node8_Zero was a dupe; retransmit: 0, pkt_enqueue_time=2102455737979.5132, pkt_dequeue_time=2102455737979.5132, forwarded_or_dropped=1, reason_for_drop='Expiry'
DUPE: 2099333102416_Node0_Node8_Zero, Node2 id 2099333102416_Node0_Node8_Zero was a dupe; retransmit: 0, pkt_enqueue_time=2102459825634.0586, pkt_dequeue_time=2102459825634.0586, forwarded_or_dropped=1, reason_for_drop='Expiry'
DUPE: 2099245644316_Node0_Node8_Zero, Node2 id 2099245644316_Node0_Node8_Zero was a dupe; retransmit: 0, pkt_enqueue_time=2102470351815.1494, pkt_dequeue_time=2102470351815.1494, forwarded_or_dropped=1, reason_for_drop='Expiry'
DUPE: 2099387740450_Node0_Node8_Zero, Node2 id 2099387740450_Node0_Node8_Zero was a dupe; retransmit: 0, pkt_enqueue_time=2102474571469.6948, pkt_dequeue_time=2102474571469.6948, forwarded_or_dropped=1, reason_for_drop='Expiry'
DUPE: 2099491567707_Node0_Node8_Zero, Node4 id 2099491567707_Node0_Node8_Zero was a dupe; retransmit: 0, pkt_enqueue_time=2102494034865.6946, pkt_dequeue_time=2102494034865.6946, forwarded_or_dropped=1, reason_for_drop='Expiry'
DUPE: 2099491567707_Node0_Node8_Zero, Node3 id 2099491567707_Node0_Node8_Zero was a dupe; retransmit: 0, pkt_enqueue_time=2102506704376.4216, pkt_dequeue_time=2102506704376.4216, forwarded_or_dropped=1, reason_for_drop='Expiry'
DUPE: 2099507957410_Node0_Node8_Zero, Node2 id 2099507957410_Node0_Node8_Zero was a dupe; retransmit: 0, pkt_enqueue_time=2102515574399.6943, pkt_dequeue_time=2102515574399.6943, forwarded_or_dropped=1, reason_for_drop='Expiry'
DUPE: 2099524345290_Node0_Node8_Zero, Node3 id 2099524345290_Node0_Node8_Zero was a dupe; retransmit: 0, pkt_enqueue_time=2102527209511.331, pkt_dequeue_time=2102527209511.331, forwarded_or_dropped=1, reason_for_drop='Expiry'
DUPE: 2099529812380_Node0_Node8_Zero, Node4 id 2099529812380_Node0_Node8_Zero was a dupe; retransmit: 0, pkt_enqueue_time=2102532952055.5127, pkt_dequeue_time=2102532952055.5127, forwarded_or_dropped=1, reason_for_drop='Expiry'
DUPE: 2099540739692_Node0_Node8_Zero, Node7 id 2099540739692_Node0_Node8_Zero was a dupe; retransmit: 0, pkt_enqueue_time=2102541731124.967, pkt_dequeue_time=2102541731124.967, forwarded_or_dropped=1, reason_for_drop='Expiry'
DUPE: 2099540739692_Node0_Node8_Zero, Node6 id 2099540739692_Node0_Node8_Zero was a dupe; retransmit: 0, pkt_enqueue_time=2102542746560.967, pkt_dequeue_time=2102542746560.967, forwarded_or_dropped=1, reason_for_drop='Expiry'
DUPE: 2099540739692_Node0_Node8_Zero, Node5 id 2099540739692_Node0_Node8_Zero was a dupe; retransmit: 0, pkt_enqueue_time=2102544016996.967, pkt_dequeue_time=2102544016996.967, forwarded_or_dropped=1, reason_for_drop='Expiry'
DUPE: 2099540739692_Node0_Node8_Zero, Node2 id 2099540739692_Node0_Node8_Zero was a dupe; retransmit: 0, pkt_enqueue_time=2102546366159.2402, pkt_dequeue_time=2102546366159.2402, forwarded_or_dropped=1, reason_for_drop='Expiry'
DUPE: 2099529812380_Node0_Node8_Zero, Node3 id 2099529812380_Node0_Node8_Zero was a dupe; retransmit: 0, pkt_enqueue_time=2102554643940.6946, pkt_dequeue_time=2102554643940.6946, forwarded_or_dropped=1, reason_for_drop='Expiry'
DUPE: 2099540739692_Node0_Node8_Zero, Node4 id 2099540739692_Node0_Node8_Zero was a dupe; retransmit: 0, pkt_enqueue_time=2102556472616.5127, pkt_dequeue_time=2102556472616.5127, forwarded_or_dropped=1, reason_for_drop='Expiry'
DUPE: 2099562596254_Node0_Node8_Zero, Node3 id 2099562596254_Node0_Node8_Zero was a dupe; retransmit: 0, pkt_enqueue_time=2102563563831.6946, pkt_dequeue_time=2102563563831.6946, forwarded_or_dropped=1, reason_for_drop='Expiry'
DUPE: 2099562596254_Node0_Node8_Zero, Node4 id 2099562596254_Node0_Node8_Zero was a dupe; retransmit: 0, pkt_enqueue_time=2102567808067.6946, pkt_dequeue_time=2102567808067.6946, forwarded_or_dropped=1, reason_for_drop='Expiry'
DUPE: 2099573529668_Node0_Node8_Zero, Node3 id 2099573529668_Node0_Node8_Zero was a dupe; retransmit: 0, pkt_enqueue_time=2102579220851.058, pkt_dequeue_time=2102579220851.058, forwarded_or_dropped=1, reason_for_drop='Expiry'
DUPE: 2099589922624_Node0_Node8_Zero, Node6 id 2099589922624_Node0_Node8_Zero was a dupe; retransmit: 0, pkt_enqueue_time=2102590861537.1487, pkt_dequeue_time=2102590861537.1487, forwarded_or_dropped=1, reason_for_drop='Expiry'
DUPE: 2099589922624_Node0_Node8_Zero, Node7 id 2099589922624_Node0_Node8_Zero was a dupe; retransmit: 0, pkt_enqueue_time=2102592140354.9668, pkt_dequeue_time=2102592140354.9668, forwarded_or_dropped=1, reason_for_drop='Expiry'
DUPE: 2099201921212_Node0_Node8_Zero, Node3 id 2099201921212_Node0_Node8_Zero was a dupe; retransmit: 0, pkt_enqueue_time=2102597118599.7852, pkt_dequeue_time=2102597118599.7852, forwarded_or_dropped=1, reason_for_drop='Expiry'
DUPE: 2099207384405_Node0_Node8_Zero, Node3 id 2099207384405_Node0_Node8_Zero was a dupe; retransmit: 0, pkt_enqueue_time=2102597118599.7852, pkt_dequeue_time=2102597118599.7852, forwarded_or_dropped=1, reason_for_drop='Expiry'
DUPE: 2099589922624_Node0_Node8_Zero, Node4 id 2099589922624_Node0_Node8_Zero was a dupe; retransmit: 0, pkt_enqueue_time=2102598956132.6033, pkt_dequeue_time=2102598956132.6033, forwarded_or_dropped=1, reason_for_drop='Expiry'
DUPE: 2099606316559_Node0_Node8_Zero, Node5 id 2099606316559_Node0_Node8_Zero was a dupe; retransmit: 0, pkt_enqueue_time=2102607647112.603, pkt_dequeue_time=2102607647112.603, forwarded_or_dropped=1, reason_for_drop='Expiry'
DUPE: 2099606316559_Node0_Node8_Zero, Node6 id 2099606316559_Node0_Node8_Zero was a dupe; retransmit: 0, pkt_enqueue_time=2102608865930.4211, pkt_dequeue_time=2102608865930.4211, forwarded_or_dropped=1, reason_for_drop='Expiry'
DUPE: 2099606316559_Node0_Node8_Zero, Node4 id 2099606316559_Node0_Node8_Zero was a dupe; retransmit: 0, pkt_enqueue_time=2102610304338.5122, pkt_dequeue_time=2102610304338.5122, forwarded_or_dropped=1, reason_for_drop='Expiry'
DUPE: 2099617247124_Node0_Node8_Zero, Node2 id 2099617247124_Node0_Node8_Zero was a dupe; retransmit: 0, pkt_enqueue_time=2102619095280.0576, pkt_dequeue_time=2102619095280.0576, forwarded_or_dropped=1, reason_for_drop='Expiry'
DUPE: 2099622714615_Node0_Node8_Zero, Node2 id 2099622714615_Node0_Node8_Zero was a dupe; retransmit: 0, pkt_enqueue_time=2102630137375.603, pkt_dequeue_time=2102630137375.603, forwarded_or_dropped=1, reason_for_drop='Expiry'
DUPE: 2099628176467_Node0_Node8_Zero, Node2 id 2099628176467_Node0_Node8_Zero was a dupe; retransmit: 0, pkt_enqueue_time=2102632024247.603, pkt_dequeue_time=2102632024247.603, forwarded_or_dropped=1, reason_for_drop='Expiry'
DUPE: 2099650022299_Node0_Node8_Zero, Node6 id 2099650022299_Node0_Node8_Zero was a dupe; retransmit: 0, pkt_enqueue_time=2102652844418.5117, pkt_dequeue_time=2102652844418.5117, forwarded_or_dropped=1, reason_for_drop='Expiry'
DUPE: 2099650022299_Node0_Node8_Zero, Node7 id 2099650022299_Node0_Node8_Zero was a dupe; retransmit: 0, pkt_enqueue_time=2102653879236.3298, pkt_dequeue_time=2102653879236.3298, forwarded_or_dropped=1, reason_for_drop='Expiry'
DUPE: 2099639099396_Node0_Node8_Zero, Node3 id 2099639099396_Node0_Node8_Zero was a dupe; retransmit: 0, pkt_enqueue_time=2102656005262.785, pkt_dequeue_time=2102656005262.785, forwarded_or_dropped=1, reason_for_drop='Expiry'
DUPE: 2099660951181_Node0_Node8_Zero, Node3 id 2099660951181_Node0_Node8_Zero was a dupe; retransmit: 0, pkt_enqueue_time=2102662441952.9668, pkt_dequeue_time=2102662441952.9668, forwarded_or_dropped=1, reason_for_drop='Expiry'
DUPE: 2099666413749_Node0_Node8_Zero, Node3 id 2099666413749_Node0_Node8_Zero was a dupe; retransmit: 0, pkt_enqueue_time=2102683671389.3303, pkt_dequeue_time=2102683671389.3303, forwarded_or_dropped=1, reason_for_drop='Expiry'
DUPE: 2099688278085_Node0_Node8_Zero, Node3 id 2099688278085_Node0_Node8_Zero was a dupe; retransmit: 0, pkt_enqueue_time=2102691790120.603, pkt_dequeue_time=2102691790120.603, forwarded_or_dropped=1, reason_for_drop='Expiry'
DUPE: 2099666413749_Node0_Node8_Zero, Node2 id 2099666413749_Node0_Node8_Zero was a dupe; retransmit: 0, pkt_enqueue_time=2102694844924.1484, pkt_dequeue_time=2102694844924.1484, forwarded_or_dropped=1, reason_for_drop='Expiry'
DUPE: 2099578990993_Node0_Node8_Zero, Node2 id 2099578990993_Node0_Node8_Zero was a dupe; retransmit: 0, pkt_enqueue_time=2102698384578.6938, pkt_dequeue_time=2102698384578.6938, forwarded_or_dropped=1, reason_for_drop='Expiry'
DUPE: 2099589922624_Node0_Node8_Zero, Node2 id 2099589922624_Node0_Node8_Zero was a dupe; retransmit: 0, pkt_enqueue_time=2102702024233.2393, pkt_dequeue_time=2102702024233.2393, forwarded_or_dropped=1, reason_for_drop='Expiry'
DUPE: 2099682811868_Node0_Node8_Zero, Node2 id 2099682811868_Node0_Node8_Zero was a dupe; retransmit: 0, pkt_enqueue_time=2102708030759.7847, pkt_dequeue_time=2102708030759.7847, forwarded_or_dropped=1, reason_for_drop='Expiry'
DUPE: 2099688278085_Node0_Node8_Zero, Node2 id 2099688278085_Node0_Node8_Zero was a dupe; retransmit: 0, pkt_enqueue_time=2102712070068.8755, pkt_dequeue_time=2102712070068.8755, forwarded_or_dropped=1, reason_for_drop='Expiry'
DUPE: 2099726516252_Node0_Node8_Zero, Node4 id 2099726516252_Node0_Node8_Zero was a dupe; retransmit: 0, pkt_enqueue_time=2102728890972.8752, pkt_dequeue_time=2102728890972.8752, forwarded_or_dropped=1, reason_for_drop='Expiry'
DUPE: 2099726516252_Node0_Node8_Zero, Node3 id 2099726516252_Node0_Node8_Zero was a dupe; retransmit: 0, pkt_enqueue_time=2102729927408.8752, pkt_dequeue_time=2102729927408.8752, forwarded_or_dropped=1, reason_for_drop='Expiry'
DUPE: 2099737445435_Node0_Node8_Zero, Node6 id 2099737445435_Node0_Node8_Zero was a dupe; retransmit: 0, pkt_enqueue_time=2102739283986.1477, pkt_dequeue_time=2102739283986.1477, forwarded_or_dropped=1, reason_for_drop='Expiry'
DUPE: 2099737445435_Node0_Node8_Zero, Node5 id 2099737445435_Node0_Node8_Zero was a dupe; retransmit: 0, pkt_enqueue_time=2102740403422.1477, pkt_dequeue_time=2102740403422.1477, forwarded_or_dropped=1, reason_for_drop='Expiry'
DUPE: 2099748372883_Node0_Node8_Zero, Node2 id 2099748372883_Node0_Node8_Zero was a dupe; retransmit: 0, pkt_enqueue_time=2102753422044.4202, pkt_dequeue_time=2102753422044.4202, forwarded_or_dropped=1, reason_for_drop='Expiry'
DUPE: 2099753836308_Node0_Node8_Zero, Node2 id 2099753836308_Node0_Node8_Zero was a dupe; retransmit: 0, pkt_enqueue_time=2102757541353.511, pkt_dequeue_time=2102757541353.511, forwarded_or_dropped=1, reason_for_drop='Expiry'
DUPE: 2099748372883_Node0_Node8_Zero, Node3 id 2099748372883_Node0_Node8_Zero was a dupe; retransmit: 0, pkt_enqueue_time=2102760937825.8745, pkt_dequeue_time=2102760937825.8745, forwarded_or_dropped=1, reason_for_drop='Expiry'
DUPE: 2099737445435_Node0_Node8_Zero, Node2 id 2099737445435_Node0_Node8_Zero was a dupe; retransmit: 0, pkt_enqueue_time=2102762893628.6018, pkt_dequeue_time=2102762893628.6018, forwarded_or_dropped=1, reason_for_drop='Expiry'
DUPE: 2099775688304_Node0_Node8_Zero, Node6 id 2099775688304_Node0_Node8_Zero was a dupe; retransmit: 0, pkt_enqueue_time=2102776857851.6924, pkt_dequeue_time=2102776857851.6924, forwarded_or_dropped=1, reason_for_drop='Expiry'
DUPE: 2099775688304_Node0_Node8_Zero, Node5 id 2099775688304_Node0_Node8_Zero was a dupe; retransmit: 0, pkt_enqueue_time=2102779459058.6924, pkt_dequeue_time=2102779459058.6924, forwarded_or_dropped=1, reason_for_drop='Expiry'
DUPE: 2099589922624_Node0_Node8_Zero, Node3 id 2099589922624_Node0_Node8_Zero was a dupe; retransmit: 0, pkt_enqueue_time=2102780756333.6016, pkt_dequeue_time=2102780756333.6016, forwarded_or_dropped=1, reason_for_drop='Expiry'
DUPE: 2099775688304_Node0_Node8_Zero, Node3 id 2099775688304_Node0_Node8_Zero was a dupe; retransmit: 0, pkt_enqueue_time=2102781937169.965, pkt_dequeue_time=2102781937169.965, forwarded_or_dropped=1, reason_for_drop='Expiry'
DUPE: 2099775688304_Node0_Node8_Zero, Node2 id 2099775688304_Node0_Node8_Zero was a dupe; retransmit: 0, pkt_enqueue_time=2102784289972.5107, pkt_dequeue_time=2102784289972.5107, forwarded_or_dropped=1, reason_for_drop='Expiry'
DUPE: 2099792088630_Node0_Node8_Zero, Node4 id 2099792088630_Node0_Node8_Zero was a dupe; retransmit: 0, pkt_enqueue_time=2102793398103.5105, pkt_dequeue_time=2102793398103.5105, forwarded_or_dropped=1, reason_for_drop='Expiry'
DUPE: 2099792088630_Node0_Node8_Zero, Node5 id 2099792088630_Node0_Node8_Zero was a dupe; retransmit: 0, pkt_enqueue_time=2102794676921.3286, pkt_dequeue_time=2102794676921.3286, forwarded_or_dropped=1, reason_for_drop='Expiry'
DUPE: 2099792088630_Node0_Node8_Zero, Node3 id 2099792088630_Node0_Node8_Zero was a dupe; retransmit: 0, pkt_enqueue_time=2102796584497.965, pkt_dequeue_time=2102796584497.965, forwarded_or_dropped=1, reason_for_drop='Expiry'
Called Update: UpdateRouteCalls = 0, force = False
Called Update: UpdateRouteCalls = 1, force = False
Node.py: (Node2)@2102800000000.0: Updated MCS from 1 to 1, hist=deque([0.3763440860215054, 0.4177215189873418, 0.4367816091954023, 0.5280898876404494, 0.3695652173913043], maxlen=5), packets_serviced=34, packets_received=92
Called Update: UpdateRouteCalls = 2, force = False
Node.py: (Node3)@2102800000000.0: Updated MCS from 1 to 1, hist=deque([0.36363636363636365, 0.4067796610169492, 0.3728813559322034, 0.34782608695652173, 0.35714285714285715], maxlen=5), packets_serviced=20, packets_received=56
Called Update: UpdateRouteCalls = 3, force = False
Node.py: (Node4)@2102800000000.0: Updated MCS from 1 to 1, hist=deque([0.47619047619047616, 0.36363636363636365, 0.375, 0.35294117647058826, 0.3793103448275862], maxlen=5), packets_serviced=11, packets_received=29
Called Update: UpdateRouteCalls = 4, force = False
Node.py: (Node5)@2102800000000.0: Updated MCS from 1 to 1, hist=deque([0.42105263157894735, 0.5, 0.45, 0.36363636363636365, 0.35294117647058826], maxlen=5), packets_serviced=6, packets_received=17
Called Update: UpdateRouteCalls = 5, force = False
Node.py: (Node6)@2102800000000.0: Updated MCS from 1 to 1, hist=deque([0.46153846153846156, 0.2962962962962963, 0.3684210526315789, 0.2857142857142857, 0.4166666666666667], maxlen=5), packets_serviced=5, packets_received=12
Called Update: UpdateRouteCalls = 6, force = False
Node.py: (Node7)@2102800000000.0: Updated MCS from 1 to 1, hist=deque([0.2727272727272727, 0.3157894736842105, 0.375, 0.26666666666666666, 0.3333333333333333], maxlen=5), packets_serviced=3, packets_received=9
Called Update: UpdateRouteCalls = 7, force = False
Called Update: UpdateRouteCalls = 8, force = False
Called Update: UpdateRouteCalls = 9, force = False
Called Update: UpdateRouteCalls = 10, force = False
Called Update: UpdateRouteCalls = 11, force = False
Called Update: UpdateRouteCalls = 12, force = False
Called Update: UpdateRouteCalls = 13, force = False
Called Update: UpdateRouteCalls = 14, force = False
Called Update: UpdateRouteCalls = 15, force = False
Called Update: UpdateRouteCalls = 16, force = False
Called Update: UpdateRouteCalls = 17, force = False
!! UPDATING !!
routeNo, updatedMCSIndex =  0 [2, 0, 1, 1, 1, 1, 1, 1]
DUPE: 2099808487032_Node0_Node8_Zero, Node6 id 2099808487032_Node0_Node8_Zero was a dupe; retransmit: 0, pkt_enqueue_time=2102809520565.2375, pkt_dequeue_time=2102809520565.2375, forwarded_or_dropped=1, reason_for_drop='Expiry'
DUPE: 2099808487032_Node0_Node8_Zero, Node7 id 2099808487032_Node0_Node8_Zero was a dupe; retransmit: 0, pkt_enqueue_time=2102812074772.2375, pkt_dequeue_time=2102812074772.2375, forwarded_or_dropped=1, reason_for_drop='Expiry'
DUPE: 2099808487032_Node0_Node8_Zero, Node4 id 2099808487032_Node0_Node8_Zero was a dupe; retransmit: 0, pkt_enqueue_time=2102815779682.783, pkt_dequeue_time=2102815779682.783, forwarded_or_dropped=1, reason_for_drop='Expiry'
DUPE: 2099808487032_Node0_Node8_Zero, Node3 id 2099808487032_Node0_Node8_Zero was a dupe; retransmit: 0, pkt_enqueue_time=2102818722640.5103, pkt_dequeue_time=2102818722640.5103, forwarded_or_dropped=1, reason_for_drop='Expiry'
DUPE: 2099906840631_Node0_Node8_Zero, Node3 id 2099906840631_Node0_Node8_Zero was a dupe; retransmit: 0, pkt_enqueue_time=2102912210362.328, pkt_dequeue_time=2102912210362.328, forwarded_or_dropped=1, reason_for_drop='Expiry'
DUPE: 2099912303643_Node0_Node8_Zero, Node6 id 2099912303643_Node0_Node8_Zero was a dupe; retransmit: 0, pkt_enqueue_time=2102912874387.964, pkt_dequeue_time=2102912874387.964, forwarded_or_dropped=1, reason_for_drop='Expiry'
DUPE: 2099912303643_Node0_Node8_Zero, Node7 id 2099912303643_Node0_Node8_Zero was a dupe; retransmit: 0, pkt_enqueue_time=2102913960205.7822, pkt_dequeue_time=2102913960205.7822, forwarded_or_dropped=1, reason_for_drop='Expiry'
DUPE: 2099912303643_Node0_Node8_Zero, Node5 id 2099912303643_Node0_Node8_Zero was a dupe; retransmit: 0, pkt_enqueue_time=2102915870551.51, pkt_dequeue_time=2102915870551.51, forwarded_or_dropped=1, reason_for_drop='Expiry'
DUPE: 2099923235822_Node0_Node8_Zero, Node5 id 2099923235822_Node0_Node8_Zero was a dupe; retransmit: 0, pkt_enqueue_time=2102926581534.6018, pkt_dequeue_time=2102926581534.6018, forwarded_or_dropped=1, reason_for_drop='Expiry'
DUPE: 2099934166934_Node0_Node8_Zero, Node7 id 2099934166934_Node0_Node8_Zero was a dupe; retransmit: 0, pkt_enqueue_time=2102940549463.511, pkt_dequeue_time=2102940549463.511, forwarded_or_dropped=1, reason_for_drop='Expiry'
DUPE: 2099934166934_Node0_Node8_Zero, Node6 id 2099934166934_Node0_Node8_Zero was a dupe; retransmit: 0, pkt_enqueue_time=2102942400899.511, pkt_dequeue_time=2102942400899.511, forwarded_or_dropped=1, reason_for_drop='Expiry'
DUPE: 2099945097758_Node0_Node8_Zero, Node7 id 2099945097758_Node0_Node8_Zero was a dupe; retransmit: 0, pkt_enqueue_time=2102945353589.329, pkt_dequeue_time=2102945353589.329, forwarded_or_dropped=1, reason_for_drop='Expiry'
DUPE: 2099934166934_Node0_Node8_Zero, Node4 id 2099934166934_Node0_Node8_Zero was a dupe; retransmit: 0, pkt_enqueue_time=2102947013594.511, pkt_dequeue_time=2102947013594.511, forwarded_or_dropped=1, reason_for_drop='Expiry'
DUPE: 2099945097758_Node0_Node8_Zero, Node6 id 2099945097758_Node0_Node8_Zero was a dupe; retransmit: 0, pkt_enqueue_time=2102948311466.511, pkt_dequeue_time=2102948311466.511, forwarded_or_dropped=1, reason_for_drop='Expiry'
DUPE: 2099945097758_Node0_Node8_Zero, Node5 id 2099945097758_Node0_Node8_Zero was a dupe; retransmit: 0, pkt_enqueue_time=2102950290902.511, pkt_dequeue_time=2102950290902.511, forwarded_or_dropped=1, reason_for_drop='Expiry'
DUPE: 2099934166934_Node0_Node8_Zero, Node3 id 2099934166934_Node0_Node8_Zero was a dupe; retransmit: 0, pkt_enqueue_time=2102963892953.9653, pkt_dequeue_time=2102963892953.9653, forwarded_or_dropped=1, reason_for_drop='Expiry'
DUPE: 2099945097758_Node0_Node8_Zero, Node3 id 2099945097758_Node0_Node8_Zero was a dupe; retransmit: 0, pkt_enqueue_time=2102963892953.9653, pkt_dequeue_time=2102963892953.9653, forwarded_or_dropped=1, reason_for_drop='Expiry'
DUPE: 2099977887635_Node0_Node8_Zero, Node6 id 2099977887635_Node0_Node8_Zero was a dupe; retransmit: 0, pkt_enqueue_time=2102979898379.3286, pkt_dequeue_time=2102979898379.3286, forwarded_or_dropped=1, reason_for_drop='Expiry'
DUPE: 2099977887635_Node0_Node8_Zero, Node7 id 2099977887635_Node0_Node8_Zero was a dupe; retransmit: 0, pkt_enqueue_time=2102981127197.1467, pkt_dequeue_time=2102981127197.1467, forwarded_or_dropped=1, reason_for_drop='Expiry'
DUPE: 2099977887635_Node0_Node8_Zero, Node4 id 2099977887635_Node0_Node8_Zero was a dupe; retransmit: 0, pkt_enqueue_time=2102982592118.8745, pkt_dequeue_time=2102982592118.8745, forwarded_or_dropped=1, reason_for_drop='Expiry'
DUPE: 2099977887635_Node0_Node8_Zero, Node3 id 2099977887635_Node0_Node8_Zero was a dupe; retransmit: 0, pkt_enqueue_time=2102984676387.6929, pkt_dequeue_time=2102984676387.6929, forwarded_or_dropped=1, reason_for_drop='Expiry'
DUPE: 2099983349664_Node0_Node8_Zero, Node3 id 2099983349664_Node0_Node8_Zero was a dupe; retransmit: 0, pkt_enqueue_time=2102988477009.3293, pkt_dequeue_time=2102988477009.3293, forwarded_or_dropped=1, reason_for_drop='Expiry'
DUPE: 2099994274044_Node0_Node8_Zero, Node5 id 2099994274044_Node0_Node8_Zero was a dupe; retransmit: 0, pkt_enqueue_time=2102995106541.7837, pkt_dequeue_time=2102995106541.7837, forwarded_or_dropped=1, reason_for_drop='Expiry'
DUPE: 2099994274044_Node0_Node8_Zero, Node7 id 2099994274044_Node0_Node8_Zero was a dupe; retransmit: 0, pkt_enqueue_time=2102996353413.7837, pkt_dequeue_time=2102996353413.7837, forwarded_or_dropped=1, reason_for_drop='Expiry'
DUPE: 2099994274044_Node0_Node8_Zero, Node6 id 2099994274044_Node0_Node8_Zero was a dupe; retransmit: 0, pkt_enqueue_time=2102997390849.7837, pkt_dequeue_time=2102997390849.7837, forwarded_or_dropped=1, reason_for_drop='Expiry'
main.py: Progress: 2103 / 2104
Called Update: UpdateRouteCalls = 0, force = True
!! UPDATING !!
routeNo, updatedMCSIndex =  0 [2, 0, 1, 1, 1, 1, 1, 1]

rf.py: Time: 2103 Route details: {0: {'Route': [0, 1, 2, 3, 4, 5, 6, 7, 8], 'MCS_Index': [2, 0, 1, 1, 1, 1, 1, 1], 'Priority': 1, 'ValidRoute': True, 'HQRoute': True, 'RouteNodeDensity': [0, 0, 0, 0, 0, 2, 0, 0, 0], 'InterferingLinks': 16, 'Target': (-1, -1)}}
DUPE: 2099994274044_Node0_Node8_Zero, Node2 id 2099994274044_Node0_Node8_Zero was a dupe; retransmit: 0, pkt_enqueue_time=2103002144456.784, pkt_dequeue_time=2103002144456.784, forwarded_or_dropped=1, reason_for_drop='Expiry'
DUPE: 2099999735976_Node0_Node8_Zero, Node2 id 2099999735976_Node0_Node8_Zero was a dupe; retransmit: 0, pkt_enqueue_time=2103004233111.3293, pkt_dequeue_time=2103004233111.3293, forwarded_or_dropped=1, reason_for_drop='Expiry'
DUPE: 2099852200109_Node0_Node8_Zero, Node2 id 2099852200109_Node0_Node8_Zero was a dupe; retransmit: 0, pkt_enqueue_time=2103009032420.4202, pkt_dequeue_time=2103009032420.4202, forwarded_or_dropped=1, reason_for_drop='Expiry'
DUPE: 2099928698005_Node0_Node8_Zero, Node2 id 2099928698005_Node0_Node8_Zero was a dupe; retransmit: 0, pkt_enqueue_time=2103012052074.9656, pkt_dequeue_time=2103012052074.9656, forwarded_or_dropped=1, reason_for_drop='Expiry'
DUPE: 2099934166934_Node0_Node8_Zero, Node2 id 2099934166934_Node0_Node8_Zero was a dupe; retransmit: 0, pkt_enqueue_time=2103018472384.0564, pkt_dequeue_time=2103018472384.0564, forwarded_or_dropped=1, reason_for_drop='Expiry'
DUPE: 2099863131282_Node0_Node8_Zero, Node2 id 2099863131282_Node0_Node8_Zero was a dupe; retransmit: 0, pkt_enqueue_time=2103022092038.6018, pkt_dequeue_time=2103022092038.6018, forwarded_or_dropped=1, reason_for_drop='Expiry'
DUPE: 2099868595455_Node0_Node8_Zero, Node2 id 2099868595455_Node0_Node8_Zero was a dupe; retransmit: 0, pkt_enqueue_time=2103025178910.6018, pkt_dequeue_time=2103025178910.6018, forwarded_or_dropped=1, reason_for_drop='Expiry'
DUPE: 2099895909501_Node0_Node8_Zero, Node2 id 2099895909501_Node0_Node8_Zero was a dupe; retransmit: 0, pkt_enqueue_time=2103028858565.1472, pkt_dequeue_time=2103028858565.1472, forwarded_or_dropped=1, reason_for_drop='Expiry'
DUPE: 2099819418013_Node0_Node8_Zero, Node2 id 2099819418013_Node0_Node8_Zero was a dupe; retransmit: 0, pkt_enqueue_time=2103032818219.6926, pkt_dequeue_time=2103032818219.6926, forwarded_or_dropped=1, reason_for_drop='Expiry'
DUPE: 2099906840631_Node0_Node8_Zero, Node2 id 2099906840631_Node0_Node8_Zero was a dupe; retransmit: 0, pkt_enqueue_time=2103036817874.238, pkt_dequeue_time=2103036817874.238, forwarded_or_dropped=1, reason_for_drop='Expiry'
DUPE: 2099398663732_Node0_Node8_Zero, Node2 id 2099398663732_Node0_Node8_Zero was a dupe; retransmit: 0, pkt_enqueue_time=2103041057528.7834, pkt_dequeue_time=2103041057528.7834, forwarded_or_dropped=1, reason_for_drop='Expiry'
DUPE: 2099650022299_Node0_Node8_Zero, Node2 id 2099650022299_Node0_Node8_Zero was a dupe; retransmit: 0, pkt_enqueue_time=2103045311183.3289, pkt_dequeue_time=2103045311183.3289, forwarded_or_dropped=1, reason_for_drop='Expiry'
DUPE: 2099655486745_Node0_Node8_Zero, Node2 id 2099655486745_Node0_Node8_Zero was a dupe; retransmit: 0, pkt_enqueue_time=2103047818055.3289, pkt_dequeue_time=2103047818055.3289, forwarded_or_dropped=1, reason_for_drop='Expiry'
DUPE: 2099196454870_Node0_Node8_Zero, Node2 id 2099196454870_Node0_Node8_Zero was a dupe; retransmit: 0, pkt_enqueue_time=2103052077709.8743, pkt_dequeue_time=2103052077709.8743, forwarded_or_dropped=1, reason_for_drop='Expiry'
DUPE: 2099371348703_Node0_Node8_Zero, Node2 id 2099371348703_Node0_Node8_Zero was a dupe; retransmit: 0, pkt_enqueue_time=2103056377364.4197, pkt_dequeue_time=2103056377364.4197, forwarded_or_dropped=1, reason_for_drop='Expiry'
DUPE: 2099742907056_Node0_Node8_Zero, Node2 id 2099742907056_Node0_Node8_Zero was a dupe; retransmit: 0, pkt_enqueue_time=2103060697018.965, pkt_dequeue_time=2103060697018.965, forwarded_or_dropped=1, reason_for_drop='Expiry'
DUPE: 2099917769347_Node0_Node8_Zero, Node2 id 2099917769347_Node0_Node8_Zero was a dupe; retransmit: 0, pkt_enqueue_time=2103065076673.5105, pkt_dequeue_time=2103065076673.5105, forwarded_or_dropped=1, reason_for_drop='Expiry'
DUPE: 2099977887635_Node0_Node8_Zero, Node2 id 2099977887635_Node0_Node8_Zero was a dupe; retransmit: 0, pkt_enqueue_time=2103069466328.056, pkt_dequeue_time=2103069466328.056, forwarded_or_dropped=1, reason_for_drop='Expiry'
DUPE: 2099983349664_Node0_Node8_Zero, Node2 id 2099983349664_Node0_Node8_Zero was a dupe; retransmit: 0, pkt_enqueue_time=2103071793200.056, pkt_dequeue_time=2103071793200.056, forwarded_or_dropped=1, reason_for_drop='Expiry'
DUPE: 2098906880004_Node0_Node8_Zero, Node2 id 2098906880004_Node0_Node8_Zero was a dupe; retransmit: 0, pkt_enqueue_time=2103076492854.6013, pkt_dequeue_time=2103076492854.6013, forwarded_or_dropped=1, reason_for_drop='Expiry'
DUPE: 2099923235822_Node0_Node8_Zero, Node2 id 2099923235822_Node0_Node8_Zero was a dupe; retransmit: 0, pkt_enqueue_time=2103082372509.1467, pkt_dequeue_time=2103082372509.1467, forwarded_or_dropped=1, reason_for_drop='Expiry'
DUPE: 2098191118480_Node0_Node8_Zero, Node2 id 2098191118480_Node0_Node8_Zero was a dupe; retransmit: 0, pkt_enqueue_time=2103088769163.6921, pkt_dequeue_time=2103088769163.6921, forwarded_or_dropped=1, reason_for_drop='Expiry'
DUPE: 2098562647143_Node0_Node8_Zero, Node2 id 2098562647143_Node0_Node8_Zero was a dupe; retransmit: 0, pkt_enqueue_time=2103095288818.2375, pkt_dequeue_time=2103095288818.2375, forwarded_or_dropped=1, reason_for_drop='Expiry'
DUPE: 2099912303643_Node0_Node8_Zero, Node2 id 2099912303643_Node0_Node8_Zero was a dupe; retransmit: 0, pkt_enqueue_time=2103104398344.783, pkt_dequeue_time=2103104398344.783, forwarded_or_dropped=1, reason_for_drop='Expiry'
DUPE: 2097600946464_Node0_Node8_Zero, Node2 id 2097600946464_Node0_Node8_Zero was a dupe; retransmit: 0, pkt_enqueue_time=2103111657999.3284, pkt_dequeue_time=2103111657999.3284, forwarded_or_dropped=1, reason_for_drop='Expiry'
DUPE: 2097704783828_Node0_Node8_Zero, Node2 id 2097704783828_Node0_Node8_Zero was a dupe; retransmit: 0, pkt_enqueue_time=2103119197653.8738, pkt_dequeue_time=2103119197653.8738, forwarded_or_dropped=1, reason_for_drop='Expiry'
DUPE: 2098737506011_Node0_Node8_Zero, Node2 id 2098737506011_Node0_Node8_Zero was a dupe; retransmit: 0, pkt_enqueue_time=2103146596526.601, pkt_dequeue_time=2103146596526.601, forwarded_or_dropped=1, reason_for_drop='Expiry'
DUPE: 2099229248834_Node0_Node8_Zero, Node2 id 2099229248834_Node0_Node8_Zero was a dupe; retransmit: 0, pkt_enqueue_time=2103156723181.1465, pkt_dequeue_time=2103156723181.1465, forwarded_or_dropped=1, reason_for_drop='Expiry'
DUPE: 2097551763518_Node0_Node8_Zero, Node2 id 2097551763518_Node0_Node8_Zero was a dupe; retransmit: 0, pkt_enqueue_time=2103178197490.2373, pkt_dequeue_time=2103178197490.2373, forwarded_or_dropped=1, reason_for_drop='Expiry'
Called Update: UpdateRouteCalls = 0, force = False
Called Update: UpdateRouteCalls = 1, force = False
Node.py: (Node2)@2103200000000.0: Updated MCS from 1 to 1, hist=deque([0.4177215189873418, 0.4367816091954023, 0.5280898876404494, 0.3695652173913043, 0.33766233766233766], maxlen=5), packets_serviced=26, packets_received=77
Called Update: UpdateRouteCalls = 2, force = False
Node.py: (Node3)@2103200000000.0: Updated MCS from 1 to 1, hist=deque([0.4067796610169492, 0.3728813559322034, 0.34782608695652173, 0.35714285714285715, 0.32432432432432434], maxlen=5), packets_serviced=12, packets_received=37
Called Update: UpdateRouteCalls = 3, force = False
Node.py: (Node4)@2103200000000.0: Updated MCS from 1 to 1, hist=deque([0.36363636363636365, 0.375, 0.35294117647058826, 0.3793103448275862, 0.5], maxlen=5), packets_serviced=7, packets_received=14
Called Update: UpdateRouteCalls = 4, force = False
Node.py: (Node5)@2103200000000.0: Updated MCS from 1 to 1, hist=deque([0.5, 0.45, 0.36363636363636365, 0.35294117647058826, 0.4666666666666667], maxlen=5), packets_serviced=7, packets_received=15
Called Update: UpdateRouteCalls = 5, force = False
Node.py: (Node6)@2103200000000.0: Updated MCS from 1 to 1, hist=deque([0.2962962962962963, 0.3684210526315789, 0.2857142857142857, 0.4166666666666667, 0.375], maxlen=5), packets_serviced=6, packets_received=16
Called Update: UpdateRouteCalls = 6, force = False
Node.py: (Node7)@2103200000000.0: Updated MCS from 1 to 1, hist=deque([0.3157894736842105, 0.375, 0.26666666666666666, 0.3333333333333333, 0.35714285714285715], maxlen=5), packets_serviced=5, packets_received=14
Called Update: UpdateRouteCalls = 7, force = False
Called Update: UpdateRouteCalls = 8, force = False
Called Update: UpdateRouteCalls = 9, force = False
Called Update: UpdateRouteCalls = 10, force = False
Called Update: UpdateRouteCalls = 11, force = False
Called Update: UpdateRouteCalls = 12, force = False
Called Update: UpdateRouteCalls = 13, force = False
Called Update: UpdateRouteCalls = 14, force = False
Called Update: UpdateRouteCalls = 15, force = False
Called Update: UpdateRouteCalls = 16, force = False
Called Update: UpdateRouteCalls = 17, force = False
!! UPDATING !!
routeNo, updatedMCSIndex =  0 [2, 0, 1, 1, 1, 1, 1, 1]
Called Update: UpdateRouteCalls = 0, force = False
Called Update: UpdateRouteCalls = 1, force = False
Called Update: UpdateRouteCalls = 2, force = False
Called Update: UpdateRouteCalls = 3, force = False
Called Update: UpdateRouteCalls = 4, force = False
Called Update: UpdateRouteCalls = 5, force = False
Called Update: UpdateRouteCalls = 6, force = False
Called Update: UpdateRouteCalls = 7, force = False
Called Update: UpdateRouteCalls = 8, force = False
Called Update: UpdateRouteCalls = 9, force = False
Called Update: UpdateRouteCalls = 10, force = False
Called Update: UpdateRouteCalls = 11, force = False
Called Update: UpdateRouteCalls = 12, force = False
Called Update: UpdateRouteCalls = 13, force = False
Called Update: UpdateRouteCalls = 14, force = False
Called Update: UpdateRouteCalls = 15, force = False
Called Update: UpdateRouteCalls = 16, force = False
Called Update: UpdateRouteCalls = 17, force = False
!! UPDATING !!
routeNo, updatedMCSIndex =  0 [2, 0, 1, 1, 1, 1, 1, 1]

Total number of generated packets: 20396
Total number of delivered packets: 20372 # Use all_stats.csv to check PDR
Average number of packets genetated every second: 196.1153846153846
Average number of packets delivered every second: 195.8846153846154
Standard deviation of packets genetated every second: 56.440286295869925
Standard deviation of packets delivered every second: 50.07039423350114
Average number of packets genetated every millisecond: 0.1961153846153846
Average number of packets delivered every millisecond: 0.19588461538461538
Standard deviation of packets genetated every millisecond: 0.40447057769985206
Standard deviation of packets delivered every millisecond: 0.4024138538411837
Average delay: 148.6705527874519
Standard deviation of delay: 2856.5486770851708
Minimum delay: 0.643435999751091
Maximum delay: 95674.16122563742
Total number of retransmissions: 9776
Node0
Avg Received Power: 5.56e-14, Node1: [Avg:1.57e-12, Max:9.94e-12, Min:5.26e-13], Node2: [Avg:3.65e-13, Max:2.48e-12, Min:1.89e-13], Node3: [Avg:1.73e-13, Max:4.68e-13, Min:5.84e-14], Node4: [Avg:8.66e-14, Max:2.47e-13, Min:3.29e-14], Node5: [Avg:6.09e-14, Max:1.58e-13, Min:3.03e-14], Node6: [Avg:3.47e-14, Max:9.03e-14, Min:1.46e-14], Node7: [Avg:2.89e-14, Max:7.22e-14, Min:1.55e-14], 
Avg INTF: 6.18e-13, Node1: [Avg:1.57e-12, Max:9.94e-12, Min:5.26e-13], Node2: [Avg:3.65e-13, Max:2.48e-12, Min:1.89e-13], Node3: [Avg:1.73e-13, Max:4.68e-13, Min:5.84e-14], Node4: [Avg:8.66e-14, Max:2.47e-13, Min:3.29e-14], Node5: [Avg:6.09e-14, Max:1.58e-13, Min:3.03e-14], Node6: [Avg:3.47e-14, Max:9.03e-14, Min:1.46e-14], Node7: [Avg:2.89e-14, Max:7.22e-14, Min:1.55e-14], 
Self Tx power: RTS: (Avg: 0.0273, Min: 0.0267, Max: 0.0906), CTS: (Avg: 0.0078, Min: 0.0077, Max: 0.0138), ACK: (Avg: nan, Min: inf, Max: -inf), Data: (Avg: 0.0273, Min: 0.0267, Max: 0.0906)
CTS retry: 80, ACK retry: 423, # Receiver Drops: 22, # Pkts Receiver Drops: 22, # Sent ACKs: 0, # Pkts ACK sent for: 0, # Retransmissions: 503, # Pkts Retransmitted: 764, # Receptions: 0, # Pkts Received: 0, # Forwards: 18044, # Pkts Forwarded: 18285

Node1
Avg Received Power: 3.67e-13, Node0: [Avg:2.68e-12, Max:6.89e-12, Min:7.57e-13], Node2: [Avg:1.46e-12, Max:9.94e-12, Min:7.57e-13], Node3: [Avg:3.85e-13, Max:1.05e-12, Min:1.31e-13], Node4: [Avg:1.56e-13, Max:4.40e-13, Min:5.84e-14], Node5: [Avg:1.01e-13, Max:2.47e-13, Min:4.73e-14], Node6: [Avg:4.95e-14, Max:1.30e-13, Min:2.10e-14], Node7: [Avg:4.19e-14, Max:9.82e-14, Min:2.10e-14], 
Avg INTF: 7.74e-13, Node2: [Avg:1.46e-12, Max:9.94e-12, Min:7.57e-13], Node3: [Avg:3.85e-13, Max:1.05e-12, Min:1.31e-13], Node4: [Avg:1.56e-13, Max:4.40e-13, Min:5.84e-14], Node5: [Avg:1.01e-13, Max:2.47e-13, Min:4.73e-14], Node6: [Avg:4.95e-14, Max:1.30e-13, Min:2.10e-14], Node7: [Avg:4.19e-14, Max:9.82e-14, Min:2.10e-14], 
Self Tx power: RTS: (Avg: 0.0202, Min: 0.0077, Max: 0.1006), CTS: (Avg: 0.0105, Min: 0.0077, Max: 0.0201), ACK: (Avg: 0.0077, Min: 0.0077, Max: 0.0077), Data: (Avg: 0.0191, Min: 0.0053, Max: 0.1006)
CTS retry: 364, ACK retry: 997, # Receiver Drops: 360, # Pkts Receiver Drops: 504, # Sent ACKs: 18067, # Pkts ACK sent for: 18409, # Retransmissions: 1361, # Pkts Retransmitted: 1837, # Receptions: 18067, # Pkts Received: 18316, # Forwards: 466, # Pkts Forwarded: 743

Node2
Avg Received Power: 1.50e-13, Node0: [Avg:6.70e-13, Max:1.72e-12, Min:1.89e-13], Node1: [Avg:1.58e-12, Max:9.94e-12, Min:5.26e-13], Node3: [Avg:1.51e-12, Max:4.21e-12, Min:5.26e-13], Node4: [Avg:3.45e-13, Max:9.89e-13, Min:1.31e-13], Node5: [Avg:1.78e-13, Max:4.40e-13, Min:8.41e-14], Node6: [Avg:7.74e-14, Max:2.03e-13, Min:3.29e-14], Node7: [Avg:5.64e-14, Max:1.41e-13, Min:3.03e-14], 
Avg INTF: 6.80e-13, Node0: [Avg:6.70e-13, Max:1.72e-12, Min:1.89e-13], Node3: [Avg:1.51e-12, Max:4.21e-12, Min:5.26e-13], Node4: [Avg:3.45e-13, Max:9.89e-13, Min:1.31e-13], Node5: [Avg:1.78e-13, Max:4.40e-13, Min:8.41e-14], Node6: [Avg:7.74e-14, Max:2.03e-13, Min:3.29e-14], Node7: [Avg:5.64e-14, Max:1.41e-13, Min:3.03e-14], 
Self Tx power: RTS: (Avg: 0.0184, Min: 0.0106, Max: 0.1006), CTS: (Avg: 0.0103, Min: 0.0077, Max: 0.0201), ACK: (Avg: 0.0077, Min: 0.0077, Max: 0.0077), Data: (Avg: 0.0184, Min: 0.0106, Max: 0.1006)
CTS retry: 324, ACK retry: 1242, # Receiver Drops: 427, # Pkts Receiver Drops: 558, # Sent ACKs: 1199, # Pkts ACK sent for: 1695, # Retransmissions: 1566, # Pkts Retransmitted: 2859, # Receptions: 1199, # Pkts Received: 1606, # Forwards: 231, # Pkts Forwarded: 354

Node3
Avg Received Power: 1.01e-13, Node0: [Avg:2.96e-13, Max:7.65e-13, Min:8.41e-14], Node1: [Avg:4.03e-13, Max:2.48e-12, Min:1.31e-13], Node2: [Avg:1.45e-12, Max:9.94e-12, Min:7.57e-13], Node4: [Avg:1.38e-12, Max:3.96e-12, Min:5.26e-13], Node5: [Avg:3.88e-13, Max:9.89e-13, Min:1.89e-13], Node6: [Avg:1.40e-13, Max:3.61e-13, Min:5.84e-14], Node7: [Avg:8.98e-14, Max:2.21e-13, Min:4.73e-14], 
Avg INTF: 3.73e-13, Node0: [Avg:2.96e-13, Max:7.65e-13, Min:8.41e-14], Node1: [Avg:4.03e-13, Max:2.48e-12, Min:1.31e-13], Node4: [Avg:1.38e-12, Max:3.96e-12, Min:5.26e-13], Node5: [Avg:3.88e-13, Max:9.89e-13, Min:1.89e-13], Node6: [Avg:1.40e-13, Max:3.61e-13, Min:5.84e-14], Node7: [Avg:8.98e-14, Max:2.21e-13, Min:4.73e-14], 
Self Tx power: RTS: (Avg: 0.0174, Min: 0.0077, Max: 0.0427), CTS: (Avg: 0.0124, Min: 0.0077, Max: 0.0201), ACK: (Avg: 0.0077, Min: 0.0077, Max: 0.0077), Data: (Avg: 0.0172, Min: 0.0053, Max: 0.0427)
CTS retry: 192, ACK retry: 779, # Receiver Drops: 260, # Pkts Receiver Drops: 323, # Sent ACKs: 1571, # Pkts ACK sent for: 2815, # Retransmissions: 971, # Pkts Retransmitted: 1732, # Receptions: 1571, # Pkts Received: 2722, # Forwards: 34, # Pkts Forwarded: 72

Node4
Avg Received Power: 6.70e-14, Node0: [Avg:1.67e-13, Max:4.30e-13, Min:4.73e-14], Node1: [Avg:1.66e-13, Max:1.10e-12, Min:5.84e-14], Node2: [Avg:3.63e-13, Max:2.48e-12, Min:1.89e-13], Node3: [Avg:1.51e-12, Max:4.21e-12, Min:5.26e-13], Node5: [Avg:1.55e-12, Max:3.96e-12, Min:7.57e-13], Node6: [Avg:3.09e-13, Max:8.12e-13, Min:1.31e-13], Node7: [Avg:1.65e-13, Max:3.93e-13, Min:8.41e-14], 
Avg INTF: 2.37e-13, Node0: [Avg:1.67e-13, Max:4.30e-13, Min:4.73e-14], Node1: [Avg:1.66e-13, Max:1.10e-12, Min:5.84e-14], Node2: [Avg:3.63e-13, Max:2.48e-12, Min:1.89e-13], Node5: [Avg:1.55e-12, Max:3.96e-12, Min:7.57e-13], Node6: [Avg:3.09e-13, Max:8.12e-13, Min:1.31e-13], Node7: [Avg:1.65e-13, Max:3.93e-13, Min:8.41e-14], 
Self Tx power: RTS: (Avg: 0.0176, Min: 0.0077, Max: 0.0400), CTS: (Avg: 0.0125, Min: 0.0077, Max: 0.0201), ACK: (Avg: 0.0077, Min: 0.0077, Max: 0.0077), Data: (Avg: 0.0171, Min: 0.0053, Max: 0.0400)
CTS retry: 137, ACK retry: 544, # Receiver Drops: 410, # Pkts Receiver Drops: 593, # Sent ACKs: 727, # Pkts ACK sent for: 1270, # Retransmissions: 681, # Pkts Retransmitted: 1073, # Receptions: 727, # Pkts Received: 1125, # Forwards: 0, # Pkts Forwarded: 0

Node5
Avg Received Power: 5.16e-14, Node0: [Avg:1.07e-13, Max:2.75e-13, Min:3.03e-14], Node1: [Avg:9.71e-14, Max:6.21e-13, Min:3.29e-14], Node2: [Avg:1.62e-13, Max:1.10e-12, Min:8.41e-14], Node3: [Avg:3.78e-13, Max:1.05e-12, Min:1.31e-13], Node4: [Avg:1.37e-12, Max:3.96e-12, Min:5.26e-13], Node6: [Avg:1.24e-12, Max:3.25e-12, Min:5.26e-13], Node7: [Avg:3.59e-13, Max:8.84e-13, Min:1.89e-13], 
Avg INTF: 1.88e-13, Node0: [Avg:1.07e-13, Max:2.75e-13, Min:3.03e-14], Node1: [Avg:9.71e-14, Max:6.21e-13, Min:3.29e-14], Node2: [Avg:1.62e-13, Max:1.10e-12, Min:8.41e-14], Node3: [Avg:3.78e-13, Max:1.05e-12, Min:1.31e-13], Node6: [Avg:1.24e-12, Max:3.25e-12, Min:5.26e-13], Node7: [Avg:3.59e-13, Max:8.84e-13, Min:1.89e-13], 
Self Tx power: RTS: (Avg: 0.0161, Min: 0.0106, Max: 0.0400), CTS: (Avg: 0.0113, Min: 0.0077, Max: 0.0201), ACK: (Avg: 0.0077, Min: 0.0077, Max: 0.0077), Data: (Avg: 0.0161, Min: 0.0106, Max: 0.0400)
CTS retry: 42, ACK retry: 285, # Receiver Drops: 282, # Pkts Receiver Drops: 375, # Sent ACKs: 463, # Pkts ACK sent for: 715, # Retransmissions: 327, # Pkts Retransmitted: 434, # Receptions: 463, # Pkts Received: 653, # Forwards: 20, # Pkts Forwarded: 59

Node6
Avg Received Power: 3.08e-14, Node0: [Avg:7.43e-14, Max:1.91e-13, Min:2.10e-14], Node1: [Avg:6.02e-14, Max:3.98e-13, Min:2.10e-14], Node2: [Avg:8.80e-14, Max:6.21e-13, Min:4.73e-14], Node3: [Avg:1.69e-13, Max:4.68e-13, Min:5.84e-14], Node4: [Avg:3.48e-13, Max:9.89e-13, Min:1.31e-13], Node5: [Avg:1.56e-12, Max:3.96e-12, Min:7.57e-13], Node7: [Avg:1.43e-12, Max:3.54e-12, Min:7.57e-13], 
Avg INTF: 1.20e-13, Node0: [Avg:7.43e-14, Max:1.91e-13, Min:2.10e-14], Node1: [Avg:6.02e-14, Max:3.98e-13, Min:2.10e-14], Node2: [Avg:8.80e-14, Max:6.21e-13, Min:4.73e-14], Node3: [Avg:1.69e-13, Max:4.68e-13, Min:5.84e-14], Node4: [Avg:3.48e-13, Max:9.89e-13, Min:1.31e-13], Node7: [Avg:1.43e-12, Max:3.54e-12, Min:7.57e-13], 
Self Tx power: RTS: (Avg: 0.0128, Min: 0.0077, Max: 0.0356), CTS: (Avg: 0.0109, Min: 0.0077, Max: 0.0201), ACK: (Avg: 0.0077, Min: 0.0077, Max: 0.0077), Data: (Avg: 0.0122, Min: 0.0053, Max: 0.0356)
CTS retry: 26, ACK retry: 462, # Receiver Drops: 126, # Pkts Receiver Drops: 141, # Sent ACKs: 338, # Pkts ACK sent for: 464, # Retransmissions: 488, # Pkts Retransmitted: 765, # Receptions: 338, # Pkts Received: 444, # Forwards: 0, # Pkts Forwarded: 0

Node7
Avg Received Power: 2.44e-14, Node0: [Avg:5.46e-14, Max:1.29e-13, Min:1.55e-14], Node1: [Avg:4.30e-14, Max:2.76e-13, Min:1.46e-14], Node2: [Avg:5.79e-14, Max:3.98e-13, Min:3.03e-14], Node3: [Avg:9.44e-14, Max:2.63e-13, Min:3.29e-14], Node4: [Avg:1.52e-13, Max:4.40e-13, Min:5.84e-14], Node5: [Avg:3.87e-13, Max:9.89e-13, Min:1.89e-13], Node6: [Avg:1.24e-12, Max:3.25e-12, Min:5.26e-13], 
Avg INTF: 6.88e-14, Node0: [Avg:5.46e-14, Max:1.29e-13, Min:1.55e-14], Node1: [Avg:4.30e-14, Max:2.76e-13, Min:1.46e-14], Node2: [Avg:5.79e-14, Max:3.98e-13, Min:3.03e-14], Node3: [Avg:9.44e-14, Max:2.63e-13, Min:3.29e-14], Node4: [Avg:1.52e-13, Max:4.40e-13, Min:5.84e-14], Node5: [Avg:3.87e-13, Max:9.89e-13, Min:1.89e-13], 
Self Tx power: RTS: (Avg: 0.0145, Min: 0.0106, Max: 0.0358), CTS: (Avg: 0.0102, Min: 0.0077, Max: 0.0201), ACK: (Avg: 0.0077, Min: 0.0077, Max: 0.0077), Data: (Avg: 0.0145, Min: 0.0106, Max: 0.0358)
CTS retry: 8, ACK retry: 247, # Receiver Drops: 68, # Pkts Receiver Drops: 95, # Sent ACKs: 529, # Pkts ACK sent for: 802, # Retransmissions: 255, # Pkts Retransmitted: 312, # Receptions: 529, # Pkts Received: 771, # Forwards: 24, # Pkts Forwarded: 57

Node8
Avg Received Power: 1.76e-14, Node0: [Avg:4.19e-14, Max:1.08e-13, Min:1.18e-14], Node1: [Avg:3.21e-14, Max:2.03e-13, Min:1.07e-14], Node2: [Avg:4.05e-14, Max:2.76e-13, Min:2.10e-14], Node3: [Avg:6.04e-14, Max:1.69e-13, Min:2.10e-14], Node4: [Avg:8.59e-14, Max:2.47e-13, Min:3.29e-14], Node5: [Avg:1.73e-13, Max:4.40e-13, Min:8.41e-14], Node6: [Avg:3.09e-13, Max:8.12e-13, Min:1.31e-13], Node7: [Avg:1.43e-12, Max:3.54e-12, Min:7.57e-13], 
Avg INTF: 5.77e-14, Node0: [Avg:4.19e-14, Max:1.08e-13, Min:1.18e-14], Node1: [Avg:3.21e-14, Max:2.03e-13, Min:1.07e-14], Node2: [Avg:4.05e-14, Max:2.76e-13, Min:2.10e-14], Node3: [Avg:6.04e-14, Max:1.69e-13, Min:2.10e-14], Node4: [Avg:8.59e-14, Max:2.47e-13, Min:3.29e-14], Node5: [Avg:1.73e-13, Max:4.40e-13, Min:8.41e-14], Node6: [Avg:3.09e-13, Max:8.12e-13, Min:1.31e-13], 
Self Tx power: RTS: (Avg: nan, Min: inf, Max: -inf), CTS: (Avg: nan, Min: inf, Max: -inf), ACK: (Avg: 0.0077, Min: 0.0077, Max: 0.0077), Data: (Avg: nan, Min: inf, Max: -inf)
CTS retry: 0, ACK retry: 0, # Receiver Drops: 25, # Pkts Receiver Drops: 38, # Sent ACKs: 318, # Pkts ACK sent for: 404, # Retransmissions: 0, # Pkts Retransmitted: 0, # Receptions: 318, # Pkts Received: 396, # Forwards: 0, # Pkts Forwarded: 0

Node9
Avg Received Power: 1.09e-14, Node0: [Avg:5.36e-14, Max:1.38e-13, Min:1.51e-14], Node1: [Avg:3.83e-14, Max:2.42e-13, Min:1.28e-14], Node2: [Avg:4.29e-14, Max:2.92e-13, Min:2.23e-14], Node3: [Avg:5.21e-14, Max:1.45e-13, Min:1.81e-14], Node4: [Avg:5.29e-14, Max:1.52e-13, Min:2.02e-14], Node5: [Avg:6.22e-14, Max:1.58e-13, Min:3.03e-14], Node6: [Avg:4.76e-14, Max:1.25e-13, Min:2.02e-14], Node7: [Avg:4.93e-14, Max:1.22e-13, Min:2.61e-14], 
Avg INTF: 5.01e-14, Node0: [Avg:5.36e-14, Max:1.38e-13, Min:1.51e-14], Node1: [Avg:3.83e-14, Max:2.42e-13, Min:1.28e-14], Node2: [Avg:4.29e-14, Max:2.92e-13, Min:2.23e-14], Node3: [Avg:5.21e-14, Max:1.45e-13, Min:1.81e-14], Node4: [Avg:5.29e-14, Max:1.52e-13, Min:2.02e-14], Node5: [Avg:6.22e-14, Max:1.58e-13, Min:3.03e-14], Node6: [Avg:4.76e-14, Max:1.25e-13, Min:2.02e-14], Node7: [Avg:4.93e-14, Max:1.22e-13, Min:2.61e-14], 
Self Tx power: RTS: (Avg: nan, Min: inf, Max: -inf), CTS: (Avg: nan, Min: inf, Max: -inf), ACK: (Avg: nan, Min: inf, Max: -inf), Data: (Avg: nan, Min: inf, Max: -inf)
CTS retry: 0, ACK retry: 0, # Receiver Drops: 0, # Pkts Receiver Drops: 0, # Sent ACKs: 0, # Pkts ACK sent for: 0, # Retransmissions: 0, # Pkts Retransmitted: 0, # Receptions: 0, # Pkts Received: 0, # Forwards: 0, # Pkts Forwarded: 0

Node10
Avg Received Power: 1.41e-14, Node0: [Avg:6.54e-14, Max:1.68e-13, Min:1.85e-14], Node1: [Avg:4.91e-14, Max:3.11e-13, Min:1.64e-14], Node2: [Avg:5.84e-14, Max:3.98e-13, Min:3.03e-14], Node3: [Avg:7.55e-14, Max:2.11e-13, Min:2.63e-14], Node4: [Avg:8.08e-14, Max:2.33e-13, Min:3.09e-14], Node5: [Avg:9.72e-14, Max:2.47e-13, Min:4.73e-14], Node6: [Avg:7.28e-14, Max:1.91e-13, Min:3.09e-14], Node7: [Avg:7.15e-14, Max:1.77e-13, Min:3.79e-14], 
Avg INTF: 6.51e-14, Node0: [Avg:6.54e-14, Max:1.68e-13, Min:1.85e-14], Node1: [Avg:4.91e-14, Max:3.11e-13, Min:1.64e-14], Node2: [Avg:5.84e-14, Max:3.98e-13, Min:3.03e-14], Node3: [Avg:7.55e-14, Max:2.11e-13, Min:2.63e-14], Node4: [Avg:8.08e-14, Max:2.33e-13, Min:3.09e-14], Node5: [Avg:9.72e-14, Max:2.47e-13, Min:4.73e-14], Node6: [Avg:7.28e-14, Max:1.91e-13, Min:3.09e-14], Node7: [Avg:7.15e-14, Max:1.77e-13, Min:3.79e-14], 
Self Tx power: RTS: (Avg: nan, Min: inf, Max: -inf), CTS: (Avg: nan, Min: inf, Max: -inf), ACK: (Avg: nan, Min: inf, Max: -inf), Data: (Avg: nan, Min: inf, Max: -inf)
CTS retry: 0, ACK retry: 0, # Receiver Drops: 0, # Pkts Receiver Drops: 0, # Sent ACKs: 0, # Pkts ACK sent for: 0, # Retransmissions: 0, # Pkts Retransmitted: 0, # Receptions: 0, # Pkts Received: 0, # Forwards: 0, # Pkts Forwarded: 0

Node11
Avg Received Power: 1.89e-14, Node0: [Avg:7.89e-14, Max:2.03e-13, Min:2.23e-14], Node1: [Avg:6.29e-14, Max:3.98e-13, Min:2.10e-14], Node2: [Avg:8.11e-14, Max:5.52e-13, Min:4.21e-14], Node3: [Avg:1.16e-13, Max:3.24e-13, Min:4.05e-14], Node4: [Avg:1.37e-13, Max:3.96e-13, Min:5.26e-14], Node5: [Avg:1.73e-13, Max:4.40e-13, Min:8.41e-14], Node6: [Avg:1.24e-13, Max:3.25e-13, Min:5.26e-14], Node7: [Avg:1.10e-13, Max:2.72e-13, Min:5.83e-14], 
Avg INTF: 8.70e-14, Node0: [Avg:7.89e-14, Max:2.03e-13, Min:2.23e-14], Node1: [Avg:6.29e-14, Max:3.98e-13, Min:2.10e-14], Node2: [Avg:8.11e-14, Max:5.52e-13, Min:4.21e-14], Node3: [Avg:1.16e-13, Max:3.24e-13, Min:4.05e-14], Node4: [Avg:1.37e-13, Max:3.96e-13, Min:5.26e-14], Node5: [Avg:1.73e-13, Max:4.40e-13, Min:8.41e-14], Node6: [Avg:1.24e-13, Max:3.25e-13, Min:5.26e-14], Node7: [Avg:1.10e-13, Max:2.72e-13, Min:5.83e-14], 
Self Tx power: RTS: (Avg: nan, Min: inf, Max: -inf), CTS: (Avg: nan, Min: inf, Max: -inf), ACK: (Avg: nan, Min: inf, Max: -inf), Data: (Avg: nan, Min: inf, Max: -inf)
CTS retry: 0, ACK retry: 0, # Receiver Drops: 0, # Pkts Receiver Drops: 0, # Sent ACKs: 0, # Pkts ACK sent for: 0, # Retransmissions: 0, # Pkts Retransmitted: 0, # Receptions: 0, # Pkts Received: 0, # Forwards: 0, # Pkts Forwarded: 0

Node12
Avg Received Power: 2.67e-14, Node0: [Avg:9.25e-14, Max:2.37e-13, Min:2.61e-14], Node1: [Avg:7.86e-14, Max:4.97e-13, Min:2.63e-14], Node2: [Avg:1.12e-13, Max:7.65e-13, Min:5.83e-14], Node3: [Avg:1.89e-13, Max:5.27e-13, Min:6.57e-14], Node4: [Avg:2.75e-13, Max:7.91e-13, Min:1.05e-13], Node5: [Avg:3.89e-13, Max:9.89e-13, Min:1.89e-13], Node6: [Avg:2.47e-13, Max:6.50e-13, Min:1.05e-13], Node7: [Avg:1.79e-13, Max:4.42e-13, Min:9.47e-14], 
Avg INTF: 1.23e-13, Node0: [Avg:9.25e-14, Max:2.37e-13, Min:2.61e-14], Node1: [Avg:7.86e-14, Max:4.97e-13, Min:2.63e-14], Node2: [Avg:1.12e-13, Max:7.65e-13, Min:5.83e-14], Node3: [Avg:1.89e-13, Max:5.27e-13, Min:6.57e-14], Node4: [Avg:2.75e-13, Max:7.91e-13, Min:1.05e-13], Node5: [Avg:3.89e-13, Max:9.89e-13, Min:1.89e-13], Node6: [Avg:2.47e-13, Max:6.50e-13, Min:1.05e-13], Node7: [Avg:1.79e-13, Max:4.42e-13, Min:9.47e-14], 
Self Tx power: RTS: (Avg: nan, Min: inf, Max: -inf), CTS: (Avg: nan, Min: inf, Max: -inf), ACK: (Avg: nan, Min: inf, Max: -inf), Data: (Avg: nan, Min: inf, Max: -inf)
CTS retry: 0, ACK retry: 0, # Receiver Drops: 0, # Pkts Receiver Drops: 0, # Sent ACKs: 0, # Pkts ACK sent for: 0, # Retransmissions: 0, # Pkts Retransmitted: 0, # Receptions: 0, # Pkts Received: 0, # Forwards: 0, # Pkts Forwarded: 0

Node13
Avg Received Power: 4.44e-14, Node0: [Avg:1.03e-13, Max:2.65e-13, Min:2.91e-14], Node1: [Avg:9.25e-14, Max:5.85e-13, Min:3.09e-14], Node2: [Avg:1.46e-13, Max:9.94e-13, Min:7.57e-14], Node3: [Avg:3.02e-13, Max:8.43e-13, Min:1.05e-13], Node4: [Avg:6.87e-13, Max:1.98e-12, Min:2.63e-13], Node5: [Avg:1.56e-12, Max:3.96e-12, Min:7.57e-13], Node6: [Avg:6.18e-13, Max:1.62e-12, Min:2.63e-13], Node7: [Avg:2.86e-13, Max:7.07e-13, Min:1.51e-13], 
Avg INTF: 2.05e-13, Node0: [Avg:1.03e-13, Max:2.65e-13, Min:2.91e-14], Node1: [Avg:9.25e-14, Max:5.85e-13, Min:3.09e-14], Node2: [Avg:1.46e-13, Max:9.94e-13, Min:7.57e-14], Node3: [Avg:3.02e-13, Max:8.43e-13, Min:1.05e-13], Node4: [Avg:6.87e-13, Max:1.98e-12, Min:2.63e-13], Node5: [Avg:1.56e-12, Max:3.96e-12, Min:7.57e-13], Node6: [Avg:6.18e-13, Max:1.62e-12, Min:2.63e-13], Node7: [Avg:2.86e-13, Max:7.07e-13, Min:1.51e-13], 
Self Tx power: RTS: (Avg: nan, Min: inf, Max: -inf), CTS: (Avg: nan, Min: inf, Max: -inf), ACK: (Avg: nan, Min: inf, Max: -inf), Data: (Avg: nan, Min: inf, Max: -inf)
CTS retry: 0, ACK retry: 0, # Receiver Drops: 0, # Pkts Receiver Drops: 0, # Sent ACKs: 0, # Pkts ACK sent for: 0, # Retransmissions: 0, # Pkts Retransmitted: 0, # Receptions: 0, # Pkts Received: 0, # Forwards: 0, # Pkts Forwarded: 0

Node14
Avg Received Power: 4.44e-14, Node0: [Avg:1.03e-13, Max:2.65e-13, Min:2.91e-14], Node1: [Avg:9.25e-14, Max:5.85e-13, Min:3.09e-14], Node2: [Avg:1.46e-13, Max:9.94e-13, Min:7.57e-14], Node3: [Avg:3.02e-13, Max:8.43e-13, Min:1.05e-13], Node4: [Avg:6.87e-13, Max:1.98e-12, Min:2.63e-13], Node5: [Avg:1.56e-12, Max:3.96e-12, Min:7.57e-13], Node6: [Avg:6.18e-13, Max:1.62e-12, Min:2.63e-13], Node7: [Avg:2.86e-13, Max:7.07e-13, Min:1.51e-13], 
Avg INTF: 2.05e-13, Node0: [Avg:1.03e-13, Max:2.65e-13, Min:2.91e-14], Node1: [Avg:9.25e-14, Max:5.85e-13, Min:3.09e-14], Node2: [Avg:1.46e-13, Max:9.94e-13, Min:7.57e-14], Node3: [Avg:3.02e-13, Max:8.43e-13, Min:1.05e-13], Node4: [Avg:6.87e-13, Max:1.98e-12, Min:2.63e-13], Node5: [Avg:1.56e-12, Max:3.96e-12, Min:7.57e-13], Node6: [Avg:6.18e-13, Max:1.62e-12, Min:2.63e-13], Node7: [Avg:2.86e-13, Max:7.07e-13, Min:1.51e-13], 
Self Tx power: RTS: (Avg: nan, Min: inf, Max: -inf), CTS: (Avg: nan, Min: inf, Max: -inf), ACK: (Avg: nan, Min: inf, Max: -inf), Data: (Avg: nan, Min: inf, Max: -inf)
CTS retry: 0, ACK retry: 0, # Receiver Drops: 0, # Pkts Receiver Drops: 0, # Sent ACKs: 0, # Pkts ACK sent for: 0, # Retransmissions: 0, # Pkts Retransmitted: 0, # Receptions: 0, # Pkts Received: 0, # Forwards: 0, # Pkts Forwarded: 0

Node15
Avg Received Power: 2.67e-14, Node0: [Avg:9.25e-14, Max:2.37e-13, Min:2.61e-14], Node1: [Avg:7.86e-14, Max:4.97e-13, Min:2.63e-14], Node2: [Avg:1.12e-13, Max:7.65e-13, Min:5.83e-14], Node3: [Avg:1.89e-13, Max:5.27e-13, Min:6.57e-14], Node4: [Avg:2.75e-13, Max:7.91e-13, Min:1.05e-13], Node5: [Avg:3.89e-13, Max:9.89e-13, Min:1.89e-13], Node6: [Avg:2.47e-13, Max:6.50e-13, Min:1.05e-13], Node7: [Avg:1.79e-13, Max:4.42e-13, Min:9.47e-14], 
Avg INTF: 1.23e-13, Node0: [Avg:9.25e-14, Max:2.37e-13, Min:2.61e-14], Node1: [Avg:7.86e-14, Max:4.97e-13, Min:2.63e-14], Node2: [Avg:1.12e-13, Max:7.65e-13, Min:5.83e-14], Node3: [Avg:1.89e-13, Max:5.27e-13, Min:6.57e-14], Node4: [Avg:2.75e-13, Max:7.91e-13, Min:1.05e-13], Node5: [Avg:3.89e-13, Max:9.89e-13, Min:1.89e-13], Node6: [Avg:2.47e-13, Max:6.50e-13, Min:1.05e-13], Node7: [Avg:1.79e-13, Max:4.42e-13, Min:9.47e-14], 
Self Tx power: RTS: (Avg: nan, Min: inf, Max: -inf), CTS: (Avg: nan, Min: inf, Max: -inf), ACK: (Avg: nan, Min: inf, Max: -inf), Data: (Avg: nan, Min: inf, Max: -inf)
CTS retry: 0, ACK retry: 0, # Receiver Drops: 0, # Pkts Receiver Drops: 0, # Sent ACKs: 0, # Pkts ACK sent for: 0, # Retransmissions: 0, # Pkts Retransmitted: 0, # Receptions: 0, # Pkts Received: 0, # Forwards: 0, # Pkts Forwarded: 0

Node16
Avg Received Power: 1.89e-14, Node0: [Avg:7.89e-14, Max:2.03e-13, Min:2.23e-14], Node1: [Avg:6.29e-14, Max:3.98e-13, Min:2.10e-14], Node2: [Avg:8.11e-14, Max:5.52e-13, Min:4.21e-14], Node3: [Avg:1.16e-13, Max:3.24e-13, Min:4.05e-14], Node4: [Avg:1.37e-13, Max:3.96e-13, Min:5.26e-14], Node5: [Avg:1.73e-13, Max:4.40e-13, Min:8.41e-14], Node6: [Avg:1.24e-13, Max:3.25e-13, Min:5.26e-14], Node7: [Avg:1.10e-13, Max:2.72e-13, Min:5.83e-14], 
Avg INTF: 8.70e-14, Node0: [Avg:7.89e-14, Max:2.03e-13, Min:2.23e-14], Node1: [Avg:6.29e-14, Max:3.98e-13, Min:2.10e-14], Node2: [Avg:8.11e-14, Max:5.52e-13, Min:4.21e-14], Node3: [Avg:1.16e-13, Max:3.24e-13, Min:4.05e-14], Node4: [Avg:1.37e-13, Max:3.96e-13, Min:5.26e-14], Node5: [Avg:1.73e-13, Max:4.40e-13, Min:8.41e-14], Node6: [Avg:1.24e-13, Max:3.25e-13, Min:5.26e-14], Node7: [Avg:1.10e-13, Max:2.72e-13, Min:5.83e-14], 
Self Tx power: RTS: (Avg: nan, Min: inf, Max: -inf), CTS: (Avg: nan, Min: inf, Max: -inf), ACK: (Avg: nan, Min: inf, Max: -inf), Data: (Avg: nan, Min: inf, Max: -inf)
CTS retry: 0, ACK retry: 0, # Receiver Drops: 0, # Pkts Receiver Drops: 0, # Sent ACKs: 0, # Pkts ACK sent for: 0, # Retransmissions: 0, # Pkts Retransmitted: 0, # Receptions: 0, # Pkts Received: 0, # Forwards: 0, # Pkts Forwarded: 0

Node17
Avg Received Power: 1.73e-14, Node0: [Avg:1.07e-13, Max:2.75e-13, Min:3.03e-14], Node1: [Avg:6.05e-14, Max:3.82e-13, Min:2.02e-14], Node2: [Avg:5.03e-14, Max:3.43e-13, Min:2.61e-14], Node3: [Avg:4.44e-14, Max:1.24e-13, Min:1.55e-14], Node4: [Avg:3.35e-14, Max:9.65e-14, Min:1.28e-14], Node5: [Avg:3.11e-14, Max:7.91e-14, Min:1.51e-14], Node6: [Avg:2.03e-14, Max:5.33e-14, Min:8.62e-15], Node7: [Avg:1.93e-14, Max:4.78e-14, Min:1.02e-14], 
Avg INTF: 7.96e-14, Node0: [Avg:1.07e-13, Max:2.75e-13, Min:3.03e-14], Node1: [Avg:6.05e-14, Max:3.82e-13, Min:2.02e-14], Node2: [Avg:5.03e-14, Max:3.43e-13, Min:2.61e-14], Node3: [Avg:4.44e-14, Max:1.24e-13, Min:1.55e-14], Node4: [Avg:3.35e-14, Max:9.65e-14, Min:1.28e-14], Node5: [Avg:3.11e-14, Max:7.91e-14, Min:1.51e-14], Node6: [Avg:2.03e-14, Max:5.33e-14, Min:8.62e-15], Node7: [Avg:1.93e-14, Max:4.78e-14, Min:1.02e-14], 
Self Tx power: RTS: (Avg: nan, Min: inf, Max: -inf), CTS: (Avg: nan, Min: inf, Max: -inf), ACK: (Avg: nan, Min: inf, Max: -inf), Data: (Avg: nan, Min: inf, Max: -inf)
CTS retry: 0, ACK retry: 0, # Receiver Drops: 0, # Pkts Receiver Drops: 0, # Sent ACKs: 0, # Pkts ACK sent for: 0, # Retransmissions: 0, # Pkts Retransmitted: 0, # Receptions: 0, # Pkts Received: 0, # Forwards: 0, # Pkts Forwarded: 0

