Transmitting_Power = 0.007663753805745297, Maximum_Transmitting_Power = 0.10059677066255387
MAX_Transmission_Range = 1223.8180011750112, MAX_Transmission_Range_Squared = 1497730.4999999998
parameters.py INITIALIZED
mobility parameters INITIALIZED
Seed: 7447
Traffic flows: 1
Trajectory Run No./ Mobility Model : TCPIPE_BSCAP_
Seed value: 7447
Mobility Model: TCPIPE_BSCAP_
Number of Nodes: 8 UAVs + 1 BS; Node Speed: 40 m/s
Data Rate: [2] Mbps
Percentage Node Failure: 0
TC_PIPE_mobility_ON: True
Transmitting_Power = 0.007663753805745297, Maximum_Transmitting_Power = 0.10059677066255387
MAX_Transmission_Range = 1223.8180011750112, MAX_Transmission_Range_Squared = 1497730.4999999998
parameters.py INITIALIZED
mobility parameters INITIALIZED
node.py: Node0 created with coordinates 0 2000 with routing power 0.007664
node.py: Node1 created with coordinates 500 2000 with routing power 0.007664
node.py: Node2 created with coordinates 1000 2000 with routing power 0.007664
node.py: Node3 created with coordinates 1500 2000 with routing power 0.007664
node.py: Node4 created with coordinates 2000 2000 with routing power 0.007664
node.py: Node5 created with coordinates 2500 2000 with routing power 0.007664
node.py: Node6 created with coordinates 3000 2000 with routing power 0.007664
node.py: Node7 created with coordinates 3500 2000 with routing power 0.007664
node.py: Node8 created with coordinates 4000 2000 with routing power 0.007664
node.py: Node9 created with coordinates 0 0 with routing power 0.007664
SIM_TIME_MOBILITY =  2014
MAX TRANSMISSION RANGE for all nodes - mobility.py =  1223.8180011750112
DATA_RATE =  [2]  No._Nodes =  9  Map_Size =  4000 x 4000
MOBILITY PROCESS (^) and NETWORK UPDATE (rf.updateNetworkTopology(env,nodes) HAS BEEN STARTED 
Multiple Targets located at  [[2000 4000]]
main.py: Progress: 0 / 2014
main.py: Progress: 1 / 2014
main.py: Progress: 2 / 2014
main.py: Progress: 3 / 2014
main.py: Progress: 4 / 2014
main.py: Progress: 5 / 2014
main.py: Progress: 6 / 2014
main.py: Progress: 7 / 2014
main.py: Progress: 8 / 2014
main.py: Progress: 9 / 2014
main.py: Progress: 10 / 2014
main.py: Progress: 11 / 2014
main.py: Progress: 12 / 2014
main.py: Progress: 13 / 2014
main.py: Progress: 14 / 2014
main.py: Progress: 15 / 2014
main.py: Progress: 16 / 2014
main.py: Progress: 17 / 2014
main.py: Progress: 18 / 2014
main.py: Progress: 19 / 2014
main.py: Progress: 20 / 2014
main.py: Progress: 21 / 2014
main.py: Progress: 22 / 2014
main.py: Progress: 23 / 2014
main.py: Progress: 24 / 2014
main.py: Progress: 25 / 2014
main.py: Progress: 26 / 2014
main.py: Progress: 27 / 2014
main.py: Progress: 28 / 2014
main.py: Progress: 29 / 2014
main.py: Progress: 30 / 2014
main.py: Progress: 31 / 2014
main.py: Progress: 32 / 2014
main.py: Progress: 33 / 2014
main.py: Progress: 34 / 2014
main.py: Progress: 35 / 2014
main.py: Progress: 36 / 2014
main.py: Progress: 37 / 2014
main.py: Progress: 38 / 2014
main.py: Progress: 39 / 2014
main.py: Progress: 40 / 2014
main.py: Progress: 41 / 2014
main.py: Progress: 42 / 2014
main.py: Progress: 43 / 2014
main.py: Progress: 44 / 2014
main.py: Progress: 45 / 2014
main.py: Progress: 46 / 2014
main.py: Progress: 47 / 2014
main.py: Progress: 48 / 2014
main.py: Progress: 49 / 2014
main.py: Progress: 50 / 2014
main.py: Progress: 51 / 2014
main.py: Progress: 52 / 2014
main.py: Progress: 53 / 2014
main.py: Progress: 54 / 2014
main.py: Progress: 55 / 2014
main.py: Progress: 56 / 2014
main.py: Progress: 57 / 2014
main.py: Progress: 58 / 2014
main.py: Progress: 59 / 2014
main.py: Progress: 60 / 2014
main.py: Progress: 61 / 2014
main.py: Progress: 62 / 2014
main.py: Progress: 63 / 2014
main.py: Progress: 64 / 2014
main.py: Progress: 65 / 2014
main.py: Progress: 66 / 2014
main.py: Progress: 67 / 2014
main.py: Progress: 68 / 2014
main.py: Progress: 69 / 2014
main.py: Progress: 70 / 2014
main.py: Progress: 71 / 2014
main.py: Progress: 72 / 2014
main.py: Progress: 73 / 2014
main.py: Progress: 74 / 2014
main.py: Progress: 75 / 2014
main.py: Progress: 76 / 2014
main.py: Progress: 77 / 2014
main.py: Progress: 78 / 2014
main.py: Progress: 79 / 2014
main.py: Progress: 80 / 2014
main.py: Progress: 81 / 2014
main.py: Progress: 82 / 2014
main.py: Progress: 83 / 2014
main.py: Progress: 84 / 2014
main.py: Progress: 85 / 2014
main.py: Progress: 86 / 2014
main.py: Progress: 87 / 2014
main.py: Progress: 88 / 2014
main.py: Progress: 89 / 2014
main.py: Progress: 90 / 2014
main.py: Progress: 91 / 2014
main.py: Progress: 92 / 2014
main.py: Progress: 93 / 2014
main.py: Progress: 94 / 2014
main.py: Progress: 95 / 2014
main.py: Progress: 96 / 2014
main.py: Progress: 97 / 2014
main.py: Progress: 98 / 2014
main.py: Progress: 99 / 2014
main.py: Progress: 100 / 2014
main.py: Progress: 101 / 2014
main.py: Progress: 102 / 2014
main.py: Progress: 103 / 2014
main.py: Progress: 104 / 2014
main.py: Progress: 105 / 2014
main.py: Progress: 106 / 2014
main.py: Progress: 107 / 2014
main.py: Progress: 108 / 2014
main.py: Progress: 109 / 2014
main.py: Progress: 110 / 2014
main.py: Progress: 111 / 2014
main.py: Progress: 112 / 2014
main.py: Progress: 113 / 2014
main.py: Progress: 114 / 2014
main.py: Progress: 115 / 2014
main.py: Progress: 116 / 2014
main.py: Progress: 117 / 2014
main.py: Progress: 118 / 2014
main.py: Progress: 119 / 2014
main.py: Progress: 120 / 2014
main.py: Progress: 121 / 2014
main.py: Progress: 122 / 2014
main.py: Progress: 123 / 2014
main.py: Progress: 124 / 2014
main.py: Progress: 125 / 2014
main.py: Progress: 126 / 2014
main.py: Progress: 127 / 2014
main.py: Progress: 128 / 2014
main.py: Progress: 129 / 2014
main.py: Progress: 130 / 2014
main.py: Progress: 131 / 2014
main.py: Progress: 132 / 2014
main.py: Progress: 133 / 2014
main.py: Progress: 134 / 2014
main.py: Progress: 135 / 2014
main.py: Progress: 136 / 2014
main.py: Progress: 137 / 2014
main.py: Progress: 138 / 2014
main.py: Progress: 139 / 2014
main.py: Progress: 140 / 2014
main.py: Progress: 141 / 2014
main.py: Progress: 142 / 2014
main.py: Progress: 143 / 2014
main.py: Progress: 144 / 2014
main.py: Progress: 145 / 2014
main.py: Progress: 146 / 2014
main.py: Progress: 147 / 2014
main.py: Progress: 148 / 2014
main.py: Progress: 149 / 2014
main.py: Progress: 150 / 2014
main.py: Progress: 151 / 2014
main.py: Progress: 152 / 2014
main.py: Progress: 153 / 2014
main.py: Progress: 154 / 2014
main.py: Progress: 155 / 2014
main.py: Progress: 156 / 2014
main.py: Progress: 157 / 2014
main.py: Progress: 158 / 2014
main.py: Progress: 159 / 2014
main.py: Progress: 160 / 2014
main.py: Progress: 161 / 2014
main.py: Progress: 162 / 2014
main.py: Progress: 163 / 2014
main.py: Progress: 164 / 2014
main.py: Progress: 165 / 2014
main.py: Progress: 166 / 2014
main.py: Progress: 167 / 2014
main.py: Progress: 168 / 2014
main.py: Progress: 169 / 2014
main.py: Progress: 170 / 2014
main.py: Progress: 171 / 2014
main.py: Progress: 172 / 2014
main.py: Progress: 173 / 2014
main.py: Progress: 174 / 2014
main.py: Progress: 175 / 2014
main.py: Progress: 176 / 2014
main.py: Progress: 177 / 2014
main.py: Progress: 178 / 2014
main.py: Progress: 179 / 2014
main.py: Progress: 180 / 2014
main.py: Progress: 181 / 2014
main.py: Progress: 182 / 2014
main.py: Progress: 183 / 2014
main.py: Progress: 184 / 2014
main.py: Progress: 185 / 2014
main.py: Progress: 186 / 2014
main.py: Progress: 187 / 2014
main.py: Progress: 188 / 2014
main.py: Progress: 189 / 2014
main.py: Progress: 190 / 2014
main.py: Progress: 191 / 2014
main.py: Progress: 192 / 2014
main.py: Progress: 193 / 2014
main.py: Progress: 194 / 2014
main.py: Progress: 195 / 2014
main.py: Progress: 196 / 2014
main.py: Progress: 197 / 2014
main.py: Progress: 198 / 2014
main.py: Progress: 199 / 2014
main.py: Progress: 200 / 2014
main.py: Progress: 201 / 2014
main.py: Progress: 202 / 2014
main.py: Progress: 203 / 2014
main.py: Progress: 204 / 2014
main.py: Progress: 205 / 2014
main.py: Progress: 206 / 2014
main.py: Progress: 207 / 2014
main.py: Progress: 208 / 2014
main.py: Progress: 209 / 2014
main.py: Progress: 210 / 2014
main.py: Progress: 211 / 2014
main.py: Progress: 212 / 2014
main.py: Progress: 213 / 2014
main.py: Progress: 214 / 2014
main.py: Progress: 215 / 2014
main.py: Progress: 216 / 2014
main.py: Progress: 217 / 2014
main.py: Progress: 218 / 2014
main.py: Progress: 219 / 2014
main.py: Progress: 220 / 2014
main.py: Progress: 221 / 2014
main.py: Progress: 222 / 2014
main.py: Progress: 223 / 2014
main.py: Progress: 224 / 2014
main.py: Progress: 225 / 2014
main.py: Progress: 226 / 2014
main.py: Progress: 227 / 2014
main.py: Progress: 228 / 2014
main.py: Progress: 229 / 2014
main.py: Progress: 230 / 2014
main.py: Progress: 231 / 2014
main.py: Progress: 232 / 2014
main.py: Progress: 233 / 2014
main.py: Progress: 234 / 2014
main.py: Progress: 235 / 2014
main.py: Progress: 236 / 2014
main.py: Progress: 237 / 2014
main.py: Progress: 238 / 2014
main.py: Progress: 239 / 2014
main.py: Progress: 240 / 2014
main.py: Progress: 241 / 2014
main.py: Progress: 242 / 2014
main.py: Progress: 243 / 2014
main.py: Progress: 244 / 2014
main.py: Progress: 245 / 2014
main.py: Progress: 246 / 2014
main.py: Progress: 247 / 2014
main.py: Progress: 248 / 2014
main.py: Progress: 249 / 2014
main.py: Progress: 250 / 2014
main.py: Progress: 251 / 2014
main.py: Progress: 252 / 2014
main.py: Progress: 253 / 2014
main.py: Progress: 254 / 2014
main.py: Progress: 255 / 2014
main.py: Progress: 256 / 2014
main.py: Progress: 257 / 2014
main.py: Progress: 258 / 2014
main.py: Progress: 259 / 2014
main.py: Progress: 260 / 2014
main.py: Progress: 261 / 2014
main.py: Progress: 262 / 2014
main.py: Progress: 263 / 2014
main.py: Progress: 264 / 2014
main.py: Progress: 265 / 2014
main.py: Progress: 266 / 2014
main.py: Progress: 267 / 2014
main.py: Progress: 268 / 2014
main.py: Progress: 269 / 2014
main.py: Progress: 270 / 2014
main.py: Progress: 271 / 2014
main.py: Progress: 272 / 2014
main.py: Progress: 273 / 2014
main.py: Progress: 274 / 2014
main.py: Progress: 275 / 2014
main.py: Progress: 276 / 2014
main.py: Progress: 277 / 2014
main.py: Progress: 278 / 2014
main.py: Progress: 279 / 2014
main.py: Progress: 280 / 2014
main.py: Progress: 281 / 2014
main.py: Progress: 282 / 2014
main.py: Progress: 283 / 2014
main.py: Progress: 284 / 2014
main.py: Progress: 285 / 2014
main.py: Progress: 286 / 2014
main.py: Progress: 287 / 2014
main.py: Progress: 288 / 2014
main.py: Progress: 289 / 2014
main.py: Progress: 290 / 2014
main.py: Progress: 291 / 2014
main.py: Progress: 292 / 2014
main.py: Progress: 293 / 2014
main.py: Progress: 294 / 2014
main.py: Progress: 295 / 2014
main.py: Progress: 296 / 2014
main.py: Progress: 297 / 2014
main.py: Progress: 298 / 2014
main.py: Progress: 299 / 2014
main.py: Progress: 300 / 2014
main.py: Progress: 301 / 2014
main.py: Progress: 302 / 2014
main.py: Progress: 303 / 2014
main.py: Progress: 304 / 2014
main.py: Progress: 305 / 2014
main.py: Progress: 306 / 2014
main.py: Progress: 307 / 2014
main.py: Progress: 308 / 2014
main.py: Progress: 309 / 2014
main.py: Progress: 310 / 2014
main.py: Progress: 311 / 2014
main.py: Progress: 312 / 2014
main.py: Progress: 313 / 2014
main.py: Progress: 314 / 2014
main.py: Progress: 315 / 2014
main.py: Progress: 316 / 2014
main.py: Progress: 317 / 2014
main.py: Progress: 318 / 2014
main.py: Progress: 319 / 2014
main.py: Progress: 320 / 2014
main.py: Progress: 321 / 2014
main.py: Progress: 322 / 2014
main.py: Progress: 323 / 2014
main.py: Progress: 324 / 2014
main.py: Progress: 325 / 2014
main.py: Progress: 326 / 2014
main.py: Progress: 327 / 2014
main.py: Progress: 328 / 2014
main.py: Progress: 329 / 2014
main.py: Progress: 330 / 2014
main.py: Progress: 331 / 2014
main.py: Progress: 332 / 2014
main.py: Progress: 333 / 2014
main.py: Progress: 334 / 2014
main.py: Progress: 335 / 2014
main.py: Progress: 336 / 2014
main.py: Progress: 337 / 2014
main.py: Progress: 338 / 2014
main.py: Progress: 339 / 2014
main.py: Progress: 340 / 2014
main.py: Progress: 341 / 2014
main.py: Progress: 342 / 2014
main.py: Progress: 343 / 2014
main.py: Progress: 344 / 2014
main.py: Progress: 345 / 2014
main.py: Progress: 346 / 2014
main.py: Progress: 347 / 2014
main.py: Progress: 348 / 2014
main.py: Progress: 349 / 2014
main.py: Progress: 350 / 2014
main.py: Progress: 351 / 2014
main.py: Progress: 352 / 2014
main.py: Progress: 353 / 2014
main.py: Progress: 354 / 2014
main.py: Progress: 355 / 2014
main.py: Progress: 356 / 2014
main.py: Progress: 357 / 2014
main.py: Progress: 358 / 2014
main.py: Progress: 359 / 2014
main.py: Progress: 360 / 2014
main.py: Progress: 361 / 2014
main.py: Progress: 362 / 2014
main.py: Progress: 363 / 2014
main.py: Progress: 364 / 2014
main.py: Progress: 365 / 2014
main.py: Progress: 366 / 2014
main.py: Progress: 367 / 2014
main.py: Progress: 368 / 2014
main.py: Progress: 369 / 2014
main.py: Progress: 370 / 2014
main.py: Progress: 371 / 2014
main.py: Progress: 372 / 2014
main.py: Progress: 373 / 2014
main.py: Progress: 374 / 2014
main.py: Progress: 375 / 2014
main.py: Progress: 376 / 2014
main.py: Progress: 377 / 2014
main.py: Progress: 378 / 2014
main.py: Progress: 379 / 2014
main.py: Progress: 380 / 2014
main.py: Progress: 381 / 2014
main.py: Progress: 382 / 2014
main.py: Progress: 383 / 2014
main.py: Progress: 384 / 2014
main.py: Progress: 385 / 2014
main.py: Progress: 386 / 2014
main.py: Progress: 387 / 2014
main.py: Progress: 388 / 2014
main.py: Progress: 389 / 2014
main.py: Progress: 390 / 2014
main.py: Progress: 391 / 2014
main.py: Progress: 392 / 2014
main.py: Progress: 393 / 2014
main.py: Progress: 394 / 2014
main.py: Progress: 395 / 2014
main.py: Progress: 396 / 2014
main.py: Progress: 397 / 2014
main.py: Progress: 398 / 2014
main.py: Progress: 399 / 2014
main.py: Progress: 400 / 2014
main.py: Progress: 401 / 2014
main.py: Progress: 402 / 2014
main.py: Progress: 403 / 2014
main.py: Progress: 404 / 2014
main.py: Progress: 405 / 2014
main.py: Progress: 406 / 2014
main.py: Progress: 407 / 2014
main.py: Progress: 408 / 2014
main.py: Progress: 409 / 2014
main.py: Progress: 410 / 2014
main.py: Progress: 411 / 2014
main.py: Progress: 412 / 2014
main.py: Progress: 413 / 2014
main.py: Progress: 414 / 2014
main.py: Progress: 415 / 2014
main.py: Progress: 416 / 2014
main.py: Progress: 417 / 2014
main.py: Progress: 418 / 2014
main.py: Progress: 419 / 2014
main.py: Progress: 420 / 2014
main.py: Progress: 421 / 2014
main.py: Progress: 422 / 2014
main.py: Progress: 423 / 2014
main.py: Progress: 424 / 2014
main.py: Progress: 425 / 2014
main.py: Progress: 426 / 2014
main.py: Progress: 427 / 2014
main.py: Progress: 428 / 2014
main.py: Progress: 429 / 2014
main.py: Progress: 430 / 2014
main.py: Progress: 431 / 2014
main.py: Progress: 432 / 2014
main.py: Progress: 433 / 2014
main.py: Progress: 434 / 2014
main.py: Progress: 435 / 2014
main.py: Progress: 436 / 2014
main.py: Progress: 437 / 2014
main.py: Progress: 438 / 2014
main.py: Progress: 439 / 2014
main.py: Progress: 440 / 2014
main.py: Progress: 441 / 2014
main.py: Progress: 442 / 2014
main.py: Progress: 443 / 2014
main.py: Progress: 444 / 2014
main.py: Progress: 445 / 2014
main.py: Progress: 446 / 2014
main.py: Progress: 447 / 2014
main.py: Progress: 448 / 2014
main.py: Progress: 449 / 2014
main.py: Progress: 450 / 2014
main.py: Progress: 451 / 2014
main.py: Progress: 452 / 2014
main.py: Progress: 453 / 2014
main.py: Progress: 454 / 2014
main.py: Progress: 455 / 2014
main.py: Progress: 456 / 2014
main.py: Progress: 457 / 2014
main.py: Progress: 458 / 2014
main.py: Progress: 459 / 2014
main.py: Progress: 460 / 2014
main.py: Progress: 461 / 2014
main.py: Progress: 462 / 2014
main.py: Progress: 463 / 2014
main.py: Progress: 464 / 2014
main.py: Progress: 465 / 2014
main.py: Progress: 466 / 2014
main.py: Progress: 467 / 2014
main.py: Progress: 468 / 2014
main.py: Progress: 469 / 2014
main.py: Progress: 470 / 2014
main.py: Progress: 471 / 2014
main.py: Progress: 472 / 2014
main.py: Progress: 473 / 2014
main.py: Progress: 474 / 2014
main.py: Progress: 475 / 2014
main.py: Progress: 476 / 2014
main.py: Progress: 477 / 2014
main.py: Progress: 478 / 2014
main.py: Progress: 479 / 2014
main.py: Progress: 480 / 2014
main.py: Progress: 481 / 2014
main.py: Progress: 482 / 2014
main.py: Progress: 483 / 2014
main.py: Progress: 484 / 2014
main.py: Progress: 485 / 2014
main.py: Progress: 486 / 2014
main.py: Progress: 487 / 2014
main.py: Progress: 488 / 2014
main.py: Progress: 489 / 2014
main.py: Progress: 490 / 2014
main.py: Progress: 491 / 2014
main.py: Progress: 492 / 2014
main.py: Progress: 493 / 2014
main.py: Progress: 494 / 2014
main.py: Progress: 495 / 2014
main.py: Progress: 496 / 2014
main.py: Progress: 497 / 2014
main.py: Progress: 498 / 2014
main.py: Progress: 499 / 2014
main.py: Progress: 500 / 2014
main.py: Progress: 501 / 2014
main.py: Progress: 502 / 2014
main.py: Progress: 503 / 2014
main.py: Progress: 504 / 2014
main.py: Progress: 505 / 2014
main.py: Progress: 506 / 2014
main.py: Progress: 507 / 2014
main.py: Progress: 508 / 2014
main.py: Progress: 509 / 2014
main.py: Progress: 510 / 2014
main.py: Progress: 511 / 2014
main.py: Progress: 512 / 2014
main.py: Progress: 513 / 2014
main.py: Progress: 514 / 2014
main.py: Progress: 515 / 2014
main.py: Progress: 516 / 2014
main.py: Progress: 517 / 2014
main.py: Progress: 518 / 2014
main.py: Progress: 519 / 2014
main.py: Progress: 520 / 2014
main.py: Progress: 521 / 2014
main.py: Progress: 522 / 2014
main.py: Progress: 523 / 2014
main.py: Progress: 524 / 2014
main.py: Progress: 525 / 2014
main.py: Progress: 526 / 2014
main.py: Progress: 527 / 2014
main.py: Progress: 528 / 2014
main.py: Progress: 529 / 2014
main.py: Progress: 530 / 2014
main.py: Progress: 531 / 2014
main.py: Progress: 532 / 2014
main.py: Progress: 533 / 2014
main.py: Progress: 534 / 2014
main.py: Progress: 535 / 2014
main.py: Progress: 536 / 2014
main.py: Progress: 537 / 2014
main.py: Progress: 538 / 2014
main.py: Progress: 539 / 2014
main.py: Progress: 540 / 2014
main.py: Progress: 541 / 2014
main.py: Progress: 542 / 2014
main.py: Progress: 543 / 2014
main.py: Progress: 544 / 2014
main.py: Progress: 545 / 2014
main.py: Progress: 546 / 2014
main.py: Progress: 547 / 2014
main.py: Progress: 548 / 2014
main.py: Progress: 549 / 2014
main.py: Progress: 550 / 2014
main.py: Progress: 551 / 2014
main.py: Progress: 552 / 2014
main.py: Progress: 553 / 2014
main.py: Progress: 554 / 2014
main.py: Progress: 555 / 2014
main.py: Progress: 556 / 2014
main.py: Progress: 557 / 2014
main.py: Progress: 558 / 2014
main.py: Progress: 559 / 2014
main.py: Progress: 560 / 2014
main.py: Progress: 561 / 2014
main.py: Progress: 562 / 2014
main.py: Progress: 563 / 2014
main.py: Progress: 564 / 2014
main.py: Progress: 565 / 2014
main.py: Progress: 566 / 2014
main.py: Progress: 567 / 2014
main.py: Progress: 568 / 2014
main.py: Progress: 569 / 2014
main.py: Progress: 570 / 2014
main.py: Progress: 571 / 2014
main.py: Progress: 572 / 2014
main.py: Progress: 573 / 2014
main.py: Progress: 574 / 2014
main.py: Progress: 575 / 2014
main.py: Progress: 576 / 2014
main.py: Progress: 577 / 2014
main.py: Progress: 578 / 2014
main.py: Progress: 579 / 2014
main.py: Progress: 580 / 2014
main.py: Progress: 581 / 2014
main.py: Progress: 582 / 2014
main.py: Progress: 583 / 2014
main.py: Progress: 584 / 2014
main.py: Progress: 585 / 2014
main.py: Progress: 586 / 2014
main.py: Progress: 587 / 2014
main.py: Progress: 588 / 2014
main.py: Progress: 589 / 2014
main.py: Progress: 590 / 2014
main.py: Progress: 591 / 2014
main.py: Progress: 592 / 2014
main.py: Progress: 593 / 2014
main.py: Progress: 594 / 2014
main.py: Progress: 595 / 2014
main.py: Progress: 596 / 2014
main.py: Progress: 597 / 2014
main.py: Progress: 598 / 2014
main.py: Progress: 599 / 2014
main.py: Progress: 600 / 2014
main.py: Progress: 601 / 2014
main.py: Progress: 602 / 2014
main.py: Progress: 603 / 2014
main.py: Progress: 604 / 2014
main.py: Progress: 605 / 2014
main.py: Progress: 606 / 2014
main.py: Progress: 607 / 2014
main.py: Progress: 608 / 2014
main.py: Progress: 609 / 2014
main.py: Progress: 610 / 2014
main.py: Progress: 611 / 2014
main.py: Progress: 612 / 2014
main.py: Progress: 613 / 2014
main.py: Progress: 614 / 2014
main.py: Progress: 615 / 2014
main.py: Progress: 616 / 2014
main.py: Progress: 617 / 2014
main.py: Progress: 618 / 2014
main.py: Progress: 619 / 2014
main.py: Progress: 620 / 2014
main.py: Progress: 621 / 2014
main.py: Progress: 622 / 2014
main.py: Progress: 623 / 2014
main.py: Progress: 624 / 2014
main.py: Progress: 625 / 2014
main.py: Progress: 626 / 2014
main.py: Progress: 627 / 2014
main.py: Progress: 628 / 2014
main.py: Progress: 629 / 2014
main.py: Progress: 630 / 2014
main.py: Progress: 631 / 2014
main.py: Progress: 632 / 2014
main.py: Progress: 633 / 2014
main.py: Progress: 634 / 2014
main.py: Progress: 635 / 2014
main.py: Progress: 636 / 2014
main.py: Progress: 637 / 2014
main.py: Progress: 638 / 2014
main.py: Progress: 639 / 2014
main.py: Progress: 640 / 2014
main.py: Progress: 641 / 2014
main.py: Progress: 642 / 2014
main.py: Progress: 643 / 2014
main.py: Progress: 644 / 2014
main.py: Progress: 645 / 2014
main.py: Progress: 646 / 2014
main.py: Progress: 647 / 2014
main.py: Progress: 648 / 2014
main.py: Progress: 649 / 2014
main.py: Progress: 650 / 2014
main.py: Progress: 651 / 2014
main.py: Progress: 652 / 2014
main.py: Progress: 653 / 2014
main.py: Progress: 654 / 2014
main.py: Progress: 655 / 2014
main.py: Progress: 656 / 2014
main.py: Progress: 657 / 2014
main.py: Progress: 658 / 2014
main.py: Progress: 659 / 2014
main.py: Progress: 660 / 2014
main.py: Progress: 661 / 2014
main.py: Progress: 662 / 2014
main.py: Progress: 663 / 2014
main.py: Progress: 664 / 2014
main.py: Progress: 665 / 2014
main.py: Progress: 666 / 2014
main.py: Progress: 667 / 2014
main.py: Progress: 668 / 2014
main.py: Progress: 669 / 2014
main.py: Progress: 670 / 2014
main.py: Progress: 671 / 2014
main.py: Progress: 672 / 2014
main.py: Progress: 673 / 2014
main.py: Progress: 674 / 2014
main.py: Progress: 675 / 2014
main.py: Progress: 676 / 2014
main.py: Progress: 677 / 2014
main.py: Progress: 678 / 2014
main.py: Progress: 679 / 2014
main.py: Progress: 680 / 2014
main.py: Progress: 681 / 2014
main.py: Progress: 682 / 2014
main.py: Progress: 683 / 2014
main.py: Progress: 684 / 2014
main.py: Progress: 685 / 2014
main.py: Progress: 686 / 2014
main.py: Progress: 687 / 2014
main.py: Progress: 688 / 2014
main.py: Progress: 689 / 2014
main.py: Progress: 690 / 2014
main.py: Progress: 691 / 2014
main.py: Progress: 692 / 2014
main.py: Progress: 693 / 2014
main.py: Progress: 694 / 2014
main.py: Progress: 695 / 2014
main.py: Progress: 696 / 2014
main.py: Progress: 697 / 2014
main.py: Progress: 698 / 2014
main.py: Progress: 699 / 2014
main.py: Progress: 700 / 2014
main.py: Progress: 701 / 2014
main.py: Progress: 702 / 2014
main.py: Progress: 703 / 2014
main.py: Progress: 704 / 2014
main.py: Progress: 705 / 2014
main.py: Progress: 706 / 2014
main.py: Progress: 707 / 2014
main.py: Progress: 708 / 2014
main.py: Progress: 709 / 2014
main.py: Progress: 710 / 2014
main.py: Progress: 711 / 2014
main.py: Progress: 712 / 2014
main.py: Progress: 713 / 2014
main.py: Progress: 714 / 2014
main.py: Progress: 715 / 2014
main.py: Progress: 716 / 2014
main.py: Progress: 717 / 2014
main.py: Progress: 718 / 2014
main.py: Progress: 719 / 2014
main.py: Progress: 720 / 2014
main.py: Progress: 721 / 2014
main.py: Progress: 722 / 2014
main.py: Progress: 723 / 2014
main.py: Progress: 724 / 2014
main.py: Progress: 725 / 2014
main.py: Progress: 726 / 2014
main.py: Progress: 727 / 2014
main.py: Progress: 728 / 2014
main.py: Progress: 729 / 2014
main.py: Progress: 730 / 2014
main.py: Progress: 731 / 2014
main.py: Progress: 732 / 2014
main.py: Progress: 733 / 2014
main.py: Progress: 734 / 2014
main.py: Progress: 735 / 2014
main.py: Progress: 736 / 2014
main.py: Progress: 737 / 2014
main.py: Progress: 738 / 2014
main.py: Progress: 739 / 2014
main.py: Progress: 740 / 2014
main.py: Progress: 741 / 2014
main.py: Progress: 742 / 2014
main.py: Progress: 743 / 2014
main.py: Progress: 744 / 2014
main.py: Progress: 745 / 2014
main.py: Progress: 746 / 2014
main.py: Progress: 747 / 2014
main.py: Progress: 748 / 2014
main.py: Progress: 749 / 2014
main.py: Progress: 750 / 2014
main.py: Progress: 751 / 2014
main.py: Progress: 752 / 2014
main.py: Progress: 753 / 2014
main.py: Progress: 754 / 2014
main.py: Progress: 755 / 2014
main.py: Progress: 756 / 2014
main.py: Progress: 757 / 2014
main.py: Progress: 758 / 2014
main.py: Progress: 759 / 2014
main.py: Progress: 760 / 2014
main.py: Progress: 761 / 2014
main.py: Progress: 762 / 2014
main.py: Progress: 763 / 2014
main.py: Progress: 764 / 2014
main.py: Progress: 765 / 2014
main.py: Progress: 766 / 2014
main.py: Progress: 767 / 2014
main.py: Progress: 768 / 2014
main.py: Progress: 769 / 2014
main.py: Progress: 770 / 2014
main.py: Progress: 771 / 2014
main.py: Progress: 772 / 2014
main.py: Progress: 773 / 2014
main.py: Progress: 774 / 2014
main.py: Progress: 775 / 2014
main.py: Progress: 776 / 2014
main.py: Progress: 777 / 2014
main.py: Progress: 778 / 2014
main.py: Progress: 779 / 2014
main.py: Progress: 780 / 2014
main.py: Progress: 781 / 2014
main.py: Progress: 782 / 2014
main.py: Progress: 783 / 2014
main.py: Progress: 784 / 2014
main.py: Progress: 785 / 2014
main.py: Progress: 786 / 2014
main.py: Progress: 787 / 2014
main.py: Progress: 788 / 2014
main.py: Progress: 789 / 2014
main.py: Progress: 790 / 2014
main.py: Progress: 791 / 2014
main.py: Progress: 792 / 2014
main.py: Progress: 793 / 2014
main.py: Progress: 794 / 2014
main.py: Progress: 795 / 2014
main.py: Progress: 796 / 2014
main.py: Progress: 797 / 2014
main.py: Progress: 798 / 2014
main.py: Progress: 799 / 2014
main.py: Progress: 800 / 2014
main.py: Progress: 801 / 2014
main.py: Progress: 802 / 2014
main.py: Progress: 803 / 2014
main.py: Progress: 804 / 2014
main.py: Progress: 805 / 2014
main.py: Progress: 806 / 2014
main.py: Progress: 807 / 2014
main.py: Progress: 808 / 2014
main.py: Progress: 809 / 2014
main.py: Progress: 810 / 2014
main.py: Progress: 811 / 2014
main.py: Progress: 812 / 2014
main.py: Progress: 813 / 2014
main.py: Progress: 814 / 2014
main.py: Progress: 815 / 2014
main.py: Progress: 816 / 2014
main.py: Progress: 817 / 2014
main.py: Progress: 818 / 2014
main.py: Progress: 819 / 2014
main.py: Progress: 820 / 2014
main.py: Progress: 821 / 2014
main.py: Progress: 822 / 2014
main.py: Progress: 823 / 2014
main.py: Progress: 824 / 2014
main.py: Progress: 825 / 2014
main.py: Progress: 826 / 2014
main.py: Progress: 827 / 2014
main.py: Progress: 828 / 2014
main.py: Progress: 829 / 2014
main.py: Progress: 830 / 2014
main.py: Progress: 831 / 2014
main.py: Progress: 832 / 2014
main.py: Progress: 833 / 2014
main.py: Progress: 834 / 2014
main.py: Progress: 835 / 2014
main.py: Progress: 836 / 2014
main.py: Progress: 837 / 2014
main.py: Progress: 838 / 2014
main.py: Progress: 839 / 2014
main.py: Progress: 840 / 2014
main.py: Progress: 841 / 2014
main.py: Progress: 842 / 2014
main.py: Progress: 843 / 2014
main.py: Progress: 844 / 2014
main.py: Progress: 845 / 2014
main.py: Progress: 846 / 2014
main.py: Progress: 847 / 2014
main.py: Progress: 848 / 2014
main.py: Progress: 849 / 2014
main.py: Progress: 850 / 2014
main.py: Progress: 851 / 2014
main.py: Progress: 852 / 2014
main.py: Progress: 853 / 2014
main.py: Progress: 854 / 2014
main.py: Progress: 855 / 2014
main.py: Progress: 856 / 2014
main.py: Progress: 857 / 2014
main.py: Progress: 858 / 2014
main.py: Progress: 859 / 2014
main.py: Progress: 860 / 2014
main.py: Progress: 861 / 2014
main.py: Progress: 862 / 2014
main.py: Progress: 863 / 2014
main.py: Progress: 864 / 2014
main.py: Progress: 865 / 2014
main.py: Progress: 866 / 2014
main.py: Progress: 867 / 2014
main.py: Progress: 868 / 2014
main.py: Progress: 869 / 2014
main.py: Progress: 870 / 2014
main.py: Progress: 871 / 2014
main.py: Progress: 872 / 2014
main.py: Progress: 873 / 2014
main.py: Progress: 874 / 2014
main.py: Progress: 875 / 2014
main.py: Progress: 876 / 2014
main.py: Progress: 877 / 2014
main.py: Progress: 878 / 2014
main.py: Progress: 879 / 2014
main.py: Progress: 880 / 2014
main.py: Progress: 881 / 2014
main.py: Progress: 882 / 2014
main.py: Progress: 883 / 2014
main.py: Progress: 884 / 2014
main.py: Progress: 885 / 2014
main.py: Progress: 886 / 2014
main.py: Progress: 887 / 2014
main.py: Progress: 888 / 2014
main.py: Progress: 889 / 2014
main.py: Progress: 890 / 2014
main.py: Progress: 891 / 2014
main.py: Progress: 892 / 2014
main.py: Progress: 893 / 2014
main.py: Progress: 894 / 2014
main.py: Progress: 895 / 2014
main.py: Progress: 896 / 2014
main.py: Progress: 897 / 2014
main.py: Progress: 898 / 2014
main.py: Progress: 899 / 2014
main.py: Progress: 900 / 2014
main.py: Progress: 901 / 2014
main.py: Progress: 902 / 2014
main.py: Progress: 903 / 2014
main.py: Progress: 904 / 2014
main.py: Progress: 905 / 2014
main.py: Progress: 906 / 2014
main.py: Progress: 907 / 2014
main.py: Progress: 908 / 2014
main.py: Progress: 909 / 2014
main.py: Progress: 910 / 2014
main.py: Progress: 911 / 2014
main.py: Progress: 912 / 2014
main.py: Progress: 913 / 2014
main.py: Progress: 914 / 2014
main.py: Progress: 915 / 2014
main.py: Progress: 916 / 2014
main.py: Progress: 917 / 2014
main.py: Progress: 918 / 2014
main.py: Progress: 919 / 2014
main.py: Progress: 920 / 2014
main.py: Progress: 921 / 2014
main.py: Progress: 922 / 2014
main.py: Progress: 923 / 2014
main.py: Progress: 924 / 2014
main.py: Progress: 925 / 2014
main.py: Progress: 926 / 2014
main.py: Progress: 927 / 2014
main.py: Progress: 928 / 2014
main.py: Progress: 929 / 2014
main.py: Progress: 930 / 2014
main.py: Progress: 931 / 2014
main.py: Progress: 932 / 2014
main.py: Progress: 933 / 2014
main.py: Progress: 934 / 2014
main.py: Progress: 935 / 2014
main.py: Progress: 936 / 2014
main.py: Progress: 937 / 2014
main.py: Progress: 938 / 2014
main.py: Progress: 939 / 2014
main.py: Progress: 940 / 2014
main.py: Progress: 941 / 2014
main.py: Progress: 942 / 2014
main.py: Progress: 943 / 2014
main.py: Progress: 944 / 2014
main.py: Progress: 945 / 2014
main.py: Progress: 946 / 2014
main.py: Progress: 947 / 2014
main.py: Progress: 948 / 2014
main.py: Progress: 949 / 2014
main.py: Progress: 950 / 2014
main.py: Progress: 951 / 2014
main.py: Progress: 952 / 2014
main.py: Progress: 953 / 2014
main.py: Progress: 954 / 2014
main.py: Progress: 955 / 2014
main.py: Progress: 956 / 2014
main.py: Progress: 957 / 2014
main.py: Progress: 958 / 2014
main.py: Progress: 959 / 2014
main.py: Progress: 960 / 2014
main.py: Progress: 961 / 2014
main.py: Progress: 962 / 2014
main.py: Progress: 963 / 2014
main.py: Progress: 964 / 2014
main.py: Progress: 965 / 2014
main.py: Progress: 966 / 2014
main.py: Progress: 967 / 2014
main.py: Progress: 968 / 2014
main.py: Progress: 969 / 2014
main.py: Progress: 970 / 2014
main.py: Progress: 971 / 2014
main.py: Progress: 972 / 2014
main.py: Progress: 973 / 2014
main.py: Progress: 974 / 2014
main.py: Progress: 975 / 2014
main.py: Progress: 976 / 2014
main.py: Progress: 977 / 2014
main.py: Progress: 978 / 2014
main.py: Progress: 979 / 2014
main.py: Progress: 980 / 2014
main.py: Progress: 981 / 2014
main.py: Progress: 982 / 2014
main.py: Progress: 983 / 2014
main.py: Progress: 984 / 2014
main.py: Progress: 985 / 2014
main.py: Progress: 986 / 2014
main.py: Progress: 987 / 2014
main.py: Progress: 988 / 2014
main.py: Progress: 989 / 2014
main.py: Progress: 990 / 2014
main.py: Progress: 991 / 2014
main.py: Progress: 992 / 2014
main.py: Progress: 993 / 2014
main.py: Progress: 994 / 2014
main.py: Progress: 995 / 2014
main.py: Progress: 996 / 2014
main.py: Progress: 997 / 2014
main.py: Progress: 998 / 2014
main.py: Progress: 999 / 2014
main.py: Progress: 1000 / 2014
main.py: Progress: 1001 / 2014
main.py: Progress: 1002 / 2014
main.py: Progress: 1003 / 2014
main.py: Progress: 1004 / 2014
main.py: Progress: 1005 / 2014
main.py: Progress: 1006 / 2014
main.py: Progress: 1007 / 2014
main.py: Progress: 1008 / 2014
main.py: Progress: 1009 / 2014
main.py: Progress: 1010 / 2014
main.py: Progress: 1011 / 2014
main.py: Progress: 1012 / 2014
main.py: Progress: 1013 / 2014
main.py: Progress: 1014 / 2014
main.py: Progress: 1015 / 2014
main.py: Progress: 1016 / 2014
main.py: Progress: 1017 / 2014
main.py: Progress: 1018 / 2014
main.py: Progress: 1019 / 2014
main.py: Progress: 1020 / 2014
main.py: Progress: 1021 / 2014
main.py: Progress: 1022 / 2014
main.py: Progress: 1023 / 2014
main.py: Progress: 1024 / 2014
main.py: Progress: 1025 / 2014
main.py: Progress: 1026 / 2014
main.py: Progress: 1027 / 2014
main.py: Progress: 1028 / 2014
main.py: Progress: 1029 / 2014
main.py: Progress: 1030 / 2014
main.py: Progress: 1031 / 2014
main.py: Progress: 1032 / 2014
main.py: Progress: 1033 / 2014
main.py: Progress: 1034 / 2014
main.py: Progress: 1035 / 2014
main.py: Progress: 1036 / 2014
main.py: Progress: 1037 / 2014
main.py: Progress: 1038 / 2014
main.py: Progress: 1039 / 2014
main.py: Progress: 1040 / 2014
main.py: Progress: 1041 / 2014
main.py: Progress: 1042 / 2014
main.py: Progress: 1043 / 2014
main.py: Progress: 1044 / 2014
main.py: Progress: 1045 / 2014
main.py: Progress: 1046 / 2014
main.py: Progress: 1047 / 2014
main.py: Progress: 1048 / 2014
main.py: Progress: 1049 / 2014
main.py: Progress: 1050 / 2014
main.py: Progress: 1051 / 2014
main.py: Progress: 1052 / 2014
main.py: Progress: 1053 / 2014
main.py: Progress: 1054 / 2014
main.py: Progress: 1055 / 2014
main.py: Progress: 1056 / 2014
main.py: Progress: 1057 / 2014
main.py: Progress: 1058 / 2014
main.py: Progress: 1059 / 2014
main.py: Progress: 1060 / 2014
main.py: Progress: 1061 / 2014
main.py: Progress: 1062 / 2014
main.py: Progress: 1063 / 2014
main.py: Progress: 1064 / 2014
main.py: Progress: 1065 / 2014
main.py: Progress: 1066 / 2014
main.py: Progress: 1067 / 2014
main.py: Progress: 1068 / 2014
main.py: Progress: 1069 / 2014
main.py: Progress: 1070 / 2014
main.py: Progress: 1071 / 2014
main.py: Progress: 1072 / 2014
main.py: Progress: 1073 / 2014
main.py: Progress: 1074 / 2014
main.py: Progress: 1075 / 2014
main.py: Progress: 1076 / 2014
main.py: Progress: 1077 / 2014
main.py: Progress: 1078 / 2014
main.py: Progress: 1079 / 2014
main.py: Progress: 1080 / 2014
main.py: Progress: 1081 / 2014
main.py: Progress: 1082 / 2014
main.py: Progress: 1083 / 2014
main.py: Progress: 1084 / 2014
main.py: Progress: 1085 / 2014
main.py: Progress: 1086 / 2014
main.py: Progress: 1087 / 2014
main.py: Progress: 1088 / 2014
main.py: Progress: 1089 / 2014
main.py: Progress: 1090 / 2014
main.py: Progress: 1091 / 2014
main.py: Progress: 1092 / 2014
main.py: Progress: 1093 / 2014
main.py: Progress: 1094 / 2014
main.py: Progress: 1095 / 2014
main.py: Progress: 1096 / 2014
main.py: Progress: 1097 / 2014
main.py: Progress: 1098 / 2014
main.py: Progress: 1099 / 2014
main.py: Progress: 1100 / 2014
main.py: Progress: 1101 / 2014
main.py: Progress: 1102 / 2014
main.py: Progress: 1103 / 2014
main.py: Progress: 1104 / 2014
main.py: Progress: 1105 / 2014
main.py: Progress: 1106 / 2014
main.py: Progress: 1107 / 2014
main.py: Progress: 1108 / 2014
main.py: Progress: 1109 / 2014
main.py: Progress: 1110 / 2014
main.py: Progress: 1111 / 2014
main.py: Progress: 1112 / 2014
main.py: Progress: 1113 / 2014
main.py: Progress: 1114 / 2014
main.py: Progress: 1115 / 2014
main.py: Progress: 1116 / 2014
main.py: Progress: 1117 / 2014
main.py: Progress: 1118 / 2014
main.py: Progress: 1119 / 2014
main.py: Progress: 1120 / 2014
main.py: Progress: 1121 / 2014
main.py: Progress: 1122 / 2014
main.py: Progress: 1123 / 2014
main.py: Progress: 1124 / 2014
main.py: Progress: 1125 / 2014
main.py: Progress: 1126 / 2014
main.py: Progress: 1127 / 2014
main.py: Progress: 1128 / 2014
main.py: Progress: 1129 / 2014
main.py: Progress: 1130 / 2014
main.py: Progress: 1131 / 2014
main.py: Progress: 1132 / 2014
main.py: Progress: 1133 / 2014
main.py: Progress: 1134 / 2014
main.py: Progress: 1135 / 2014
main.py: Progress: 1136 / 2014
main.py: Progress: 1137 / 2014
main.py: Progress: 1138 / 2014
main.py: Progress: 1139 / 2014
main.py: Progress: 1140 / 2014
main.py: Progress: 1141 / 2014
main.py: Progress: 1142 / 2014
main.py: Progress: 1143 / 2014
main.py: Progress: 1144 / 2014
main.py: Progress: 1145 / 2014
main.py: Progress: 1146 / 2014
main.py: Progress: 1147 / 2014
main.py: Progress: 1148 / 2014
main.py: Progress: 1149 / 2014
main.py: Progress: 1150 / 2014
main.py: Progress: 1151 / 2014
main.py: Progress: 1152 / 2014
main.py: Progress: 1153 / 2014
main.py: Progress: 1154 / 2014
main.py: Progress: 1155 / 2014
main.py: Progress: 1156 / 2014
main.py: Progress: 1157 / 2014
main.py: Progress: 1158 / 2014
main.py: Progress: 1159 / 2014
main.py: Progress: 1160 / 2014
main.py: Progress: 1161 / 2014
main.py: Progress: 1162 / 2014
main.py: Progress: 1163 / 2014
main.py: Progress: 1164 / 2014
main.py: Progress: 1165 / 2014
main.py: Progress: 1166 / 2014
main.py: Progress: 1167 / 2014
main.py: Progress: 1168 / 2014
main.py: Progress: 1169 / 2014
main.py: Progress: 1170 / 2014
main.py: Progress: 1171 / 2014
main.py: Progress: 1172 / 2014
main.py: Progress: 1173 / 2014
main.py: Progress: 1174 / 2014
main.py: Progress: 1175 / 2014
main.py: Progress: 1176 / 2014
main.py: Progress: 1177 / 2014
main.py: Progress: 1178 / 2014
main.py: Progress: 1179 / 2014
main.py: Progress: 1180 / 2014
main.py: Progress: 1181 / 2014
main.py: Progress: 1182 / 2014
main.py: Progress: 1183 / 2014
main.py: Progress: 1184 / 2014
main.py: Progress: 1185 / 2014
main.py: Progress: 1186 / 2014
main.py: Progress: 1187 / 2014
main.py: Progress: 1188 / 2014
main.py: Progress: 1189 / 2014
main.py: Progress: 1190 / 2014
main.py: Progress: 1191 / 2014
main.py: Progress: 1192 / 2014
main.py: Progress: 1193 / 2014
main.py: Progress: 1194 / 2014
main.py: Progress: 1195 / 2014
main.py: Progress: 1196 / 2014
main.py: Progress: 1197 / 2014
main.py: Progress: 1198 / 2014
main.py: Progress: 1199 / 2014
main.py: Progress: 1200 / 2014
main.py: Progress: 1201 / 2014
main.py: Progress: 1202 / 2014
main.py: Progress: 1203 / 2014
main.py: Progress: 1204 / 2014
main.py: Progress: 1205 / 2014
main.py: Progress: 1206 / 2014
main.py: Progress: 1207 / 2014
main.py: Progress: 1208 / 2014
main.py: Progress: 1209 / 2014
main.py: Progress: 1210 / 2014
main.py: Progress: 1211 / 2014
main.py: Progress: 1212 / 2014
main.py: Progress: 1213 / 2014
main.py: Progress: 1214 / 2014
main.py: Progress: 1215 / 2014
main.py: Progress: 1216 / 2014
main.py: Progress: 1217 / 2014
main.py: Progress: 1218 / 2014
main.py: Progress: 1219 / 2014
main.py: Progress: 1220 / 2014
main.py: Progress: 1221 / 2014
main.py: Progress: 1222 / 2014
main.py: Progress: 1223 / 2014
main.py: Progress: 1224 / 2014
main.py: Progress: 1225 / 2014
main.py: Progress: 1226 / 2014
main.py: Progress: 1227 / 2014
main.py: Progress: 1228 / 2014
main.py: Progress: 1229 / 2014
main.py: Progress: 1230 / 2014
main.py: Progress: 1231 / 2014
main.py: Progress: 1232 / 2014
main.py: Progress: 1233 / 2014
main.py: Progress: 1234 / 2014
main.py: Progress: 1235 / 2014
main.py: Progress: 1236 / 2014
main.py: Progress: 1237 / 2014
main.py: Progress: 1238 / 2014
main.py: Progress: 1239 / 2014
main.py: Progress: 1240 / 2014
main.py: Progress: 1241 / 2014
main.py: Progress: 1242 / 2014
main.py: Progress: 1243 / 2014
main.py: Progress: 1244 / 2014
main.py: Progress: 1245 / 2014
main.py: Progress: 1246 / 2014
main.py: Progress: 1247 / 2014
main.py: Progress: 1248 / 2014
main.py: Progress: 1249 / 2014
main.py: Progress: 1250 / 2014
main.py: Progress: 1251 / 2014
main.py: Progress: 1252 / 2014
main.py: Progress: 1253 / 2014
main.py: Progress: 1254 / 2014
main.py: Progress: 1255 / 2014
main.py: Progress: 1256 / 2014
main.py: Progress: 1257 / 2014
main.py: Progress: 1258 / 2014
main.py: Progress: 1259 / 2014
main.py: Progress: 1260 / 2014
main.py: Progress: 1261 / 2014
main.py: Progress: 1262 / 2014
main.py: Progress: 1263 / 2014
main.py: Progress: 1264 / 2014
main.py: Progress: 1265 / 2014
main.py: Progress: 1266 / 2014
main.py: Progress: 1267 / 2014
main.py: Progress: 1268 / 2014
main.py: Progress: 1269 / 2014
main.py: Progress: 1270 / 2014
main.py: Progress: 1271 / 2014
main.py: Progress: 1272 / 2014
main.py: Progress: 1273 / 2014
main.py: Progress: 1274 / 2014
main.py: Progress: 1275 / 2014
main.py: Progress: 1276 / 2014
main.py: Progress: 1277 / 2014
main.py: Progress: 1278 / 2014
main.py: Progress: 1279 / 2014
main.py: Progress: 1280 / 2014
main.py: Progress: 1281 / 2014
main.py: Progress: 1282 / 2014
main.py: Progress: 1283 / 2014
main.py: Progress: 1284 / 2014
main.py: Progress: 1285 / 2014
main.py: Progress: 1286 / 2014
main.py: Progress: 1287 / 2014
main.py: Progress: 1288 / 2014
main.py: Progress: 1289 / 2014
main.py: Progress: 1290 / 2014
main.py: Progress: 1291 / 2014
main.py: Progress: 1292 / 2014
main.py: Progress: 1293 / 2014
main.py: Progress: 1294 / 2014
main.py: Progress: 1295 / 2014
main.py: Progress: 1296 / 2014
main.py: Progress: 1297 / 2014
main.py: Progress: 1298 / 2014
main.py: Progress: 1299 / 2014
main.py: Progress: 1300 / 2014
main.py: Progress: 1301 / 2014
main.py: Progress: 1302 / 2014
main.py: Progress: 1303 / 2014
main.py: Progress: 1304 / 2014
main.py: Progress: 1305 / 2014
main.py: Progress: 1306 / 2014
main.py: Progress: 1307 / 2014
main.py: Progress: 1308 / 2014
main.py: Progress: 1309 / 2014
main.py: Progress: 1310 / 2014
main.py: Progress: 1311 / 2014
main.py: Progress: 1312 / 2014
main.py: Progress: 1313 / 2014
main.py: Progress: 1314 / 2014
main.py: Progress: 1315 / 2014
main.py: Progress: 1316 / 2014
main.py: Progress: 1317 / 2014
main.py: Progress: 1318 / 2014
main.py: Progress: 1319 / 2014
main.py: Progress: 1320 / 2014
main.py: Progress: 1321 / 2014
main.py: Progress: 1322 / 2014
main.py: Progress: 1323 / 2014
main.py: Progress: 1324 / 2014
main.py: Progress: 1325 / 2014
main.py: Progress: 1326 / 2014
main.py: Progress: 1327 / 2014
main.py: Progress: 1328 / 2014
main.py: Progress: 1329 / 2014
main.py: Progress: 1330 / 2014
main.py: Progress: 1331 / 2014
main.py: Progress: 1332 / 2014
main.py: Progress: 1333 / 2014
main.py: Progress: 1334 / 2014
main.py: Progress: 1335 / 2014
main.py: Progress: 1336 / 2014
main.py: Progress: 1337 / 2014
main.py: Progress: 1338 / 2014
main.py: Progress: 1339 / 2014
main.py: Progress: 1340 / 2014
main.py: Progress: 1341 / 2014
main.py: Progress: 1342 / 2014
main.py: Progress: 1343 / 2014
main.py: Progress: 1344 / 2014
main.py: Progress: 1345 / 2014
main.py: Progress: 1346 / 2014
main.py: Progress: 1347 / 2014
main.py: Progress: 1348 / 2014
main.py: Progress: 1349 / 2014
main.py: Progress: 1350 / 2014
main.py: Progress: 1351 / 2014
main.py: Progress: 1352 / 2014
main.py: Progress: 1353 / 2014
main.py: Progress: 1354 / 2014
main.py: Progress: 1355 / 2014
main.py: Progress: 1356 / 2014
main.py: Progress: 1357 / 2014
main.py: Progress: 1358 / 2014
main.py: Progress: 1359 / 2014
main.py: Progress: 1360 / 2014
main.py: Progress: 1361 / 2014
main.py: Progress: 1362 / 2014
main.py: Progress: 1363 / 2014
main.py: Progress: 1364 / 2014
main.py: Progress: 1365 / 2014
main.py: Progress: 1366 / 2014
main.py: Progress: 1367 / 2014
main.py: Progress: 1368 / 2014
main.py: Progress: 1369 / 2014
main.py: Progress: 1370 / 2014
main.py: Progress: 1371 / 2014
main.py: Progress: 1372 / 2014
main.py: Progress: 1373 / 2014
main.py: Progress: 1374 / 2014
main.py: Progress: 1375 / 2014
main.py: Progress: 1376 / 2014
main.py: Progress: 1377 / 2014
main.py: Progress: 1378 / 2014
main.py: Progress: 1379 / 2014
main.py: Progress: 1380 / 2014
main.py: Progress: 1381 / 2014
main.py: Progress: 1382 / 2014
main.py: Progress: 1383 / 2014
main.py: Progress: 1384 / 2014
main.py: Progress: 1385 / 2014
main.py: Progress: 1386 / 2014
main.py: Progress: 1387 / 2014
main.py: Progress: 1388 / 2014
main.py: Progress: 1389 / 2014
main.py: Progress: 1390 / 2014
main.py: Progress: 1391 / 2014
main.py: Progress: 1392 / 2014
main.py: Progress: 1393 / 2014
main.py: Progress: 1394 / 2014
main.py: Progress: 1395 / 2014
main.py: Progress: 1396 / 2014
main.py: Progress: 1397 / 2014
main.py: Progress: 1398 / 2014
main.py: Progress: 1399 / 2014
main.py: Progress: 1400 / 2014
main.py: Progress: 1401 / 2014
main.py: Progress: 1402 / 2014
main.py: Progress: 1403 / 2014
main.py: Progress: 1404 / 2014
main.py: Progress: 1405 / 2014
main.py: Progress: 1406 / 2014
main.py: Progress: 1407 / 2014
main.py: Progress: 1408 / 2014
main.py: Progress: 1409 / 2014
main.py: Progress: 1410 / 2014
main.py: Progress: 1411 / 2014
main.py: Progress: 1412 / 2014
main.py: Progress: 1413 / 2014
main.py: Progress: 1414 / 2014
main.py: Progress: 1415 / 2014
main.py: Progress: 1416 / 2014
main.py: Progress: 1417 / 2014
main.py: Progress: 1418 / 2014
main.py: Progress: 1419 / 2014
main.py: Progress: 1420 / 2014
main.py: Progress: 1421 / 2014
main.py: Progress: 1422 / 2014
main.py: Progress: 1423 / 2014
main.py: Progress: 1424 / 2014
main.py: Progress: 1425 / 2014
main.py: Progress: 1426 / 2014
main.py: Progress: 1427 / 2014
main.py: Progress: 1428 / 2014
main.py: Progress: 1429 / 2014
main.py: Progress: 1430 / 2014
main.py: Progress: 1431 / 2014
main.py: Progress: 1432 / 2014
main.py: Progress: 1433 / 2014
main.py: Progress: 1434 / 2014
main.py: Progress: 1435 / 2014
main.py: Progress: 1436 / 2014
main.py: Progress: 1437 / 2014
main.py: Progress: 1438 / 2014
main.py: Progress: 1439 / 2014
main.py: Progress: 1440 / 2014
main.py: Progress: 1441 / 2014
main.py: Progress: 1442 / 2014
main.py: Progress: 1443 / 2014
main.py: Progress: 1444 / 2014
main.py: Progress: 1445 / 2014
main.py: Progress: 1446 / 2014
main.py: Progress: 1447 / 2014
main.py: Progress: 1448 / 2014
main.py: Progress: 1449 / 2014
main.py: Progress: 1450 / 2014
main.py: Progress: 1451 / 2014
main.py: Progress: 1452 / 2014
main.py: Progress: 1453 / 2014
main.py: Progress: 1454 / 2014
main.py: Progress: 1455 / 2014
main.py: Progress: 1456 / 2014
main.py: Progress: 1457 / 2014
main.py: Progress: 1458 / 2014
main.py: Progress: 1459 / 2014
main.py: Progress: 1460 / 2014
main.py: Progress: 1461 / 2014
main.py: Progress: 1462 / 2014
main.py: Progress: 1463 / 2014
main.py: Progress: 1464 / 2014
main.py: Progress: 1465 / 2014
main.py: Progress: 1466 / 2014
main.py: Progress: 1467 / 2014
main.py: Progress: 1468 / 2014
main.py: Progress: 1469 / 2014
main.py: Progress: 1470 / 2014
main.py: Progress: 1471 / 2014
main.py: Progress: 1472 / 2014
main.py: Progress: 1473 / 2014
main.py: Progress: 1474 / 2014
main.py: Progress: 1475 / 2014
main.py: Progress: 1476 / 2014
main.py: Progress: 1477 / 2014
main.py: Progress: 1478 / 2014
main.py: Progress: 1479 / 2014
main.py: Progress: 1480 / 2014
main.py: Progress: 1481 / 2014
main.py: Progress: 1482 / 2014
main.py: Progress: 1483 / 2014
main.py: Progress: 1484 / 2014
main.py: Progress: 1485 / 2014
main.py: Progress: 1486 / 2014
main.py: Progress: 1487 / 2014
main.py: Progress: 1488 / 2014
main.py: Progress: 1489 / 2014
main.py: Progress: 1490 / 2014
main.py: Progress: 1491 / 2014
main.py: Progress: 1492 / 2014
main.py: Progress: 1493 / 2014
main.py: Progress: 1494 / 2014
main.py: Progress: 1495 / 2014
main.py: Progress: 1496 / 2014
main.py: Progress: 1497 / 2014
main.py: Progress: 1498 / 2014
main.py: Progress: 1499 / 2014
main.py: Progress: 1500 / 2014
main.py: Progress: 1501 / 2014
main.py: Progress: 1502 / 2014
main.py: Progress: 1503 / 2014
main.py: Progress: 1504 / 2014
main.py: Progress: 1505 / 2014
main.py: Progress: 1506 / 2014
main.py: Progress: 1507 / 2014
main.py: Progress: 1508 / 2014
main.py: Progress: 1509 / 2014
main.py: Progress: 1510 / 2014
main.py: Progress: 1511 / 2014
main.py: Progress: 1512 / 2014
main.py: Progress: 1513 / 2014
main.py: Progress: 1514 / 2014
main.py: Progress: 1515 / 2014
main.py: Progress: 1516 / 2014
main.py: Progress: 1517 / 2014
main.py: Progress: 1518 / 2014
main.py: Progress: 1519 / 2014
main.py: Progress: 1520 / 2014
main.py: Progress: 1521 / 2014
main.py: Progress: 1522 / 2014
main.py: Progress: 1523 / 2014
main.py: Progress: 1524 / 2014
main.py: Progress: 1525 / 2014
main.py: Progress: 1526 / 2014
main.py: Progress: 1527 / 2014
main.py: Progress: 1528 / 2014
main.py: Progress: 1529 / 2014
main.py: Progress: 1530 / 2014
main.py: Progress: 1531 / 2014
main.py: Progress: 1532 / 2014
main.py: Progress: 1533 / 2014
main.py: Progress: 1534 / 2014
main.py: Progress: 1535 / 2014
main.py: Progress: 1536 / 2014
main.py: Progress: 1537 / 2014
main.py: Progress: 1538 / 2014
main.py: Progress: 1539 / 2014
main.py: Progress: 1540 / 2014
main.py: Progress: 1541 / 2014
main.py: Progress: 1542 / 2014
main.py: Progress: 1543 / 2014
main.py: Progress: 1544 / 2014
main.py: Progress: 1545 / 2014
main.py: Progress: 1546 / 2014
main.py: Progress: 1547 / 2014
main.py: Progress: 1548 / 2014
main.py: Progress: 1549 / 2014
main.py: Progress: 1550 / 2014
main.py: Progress: 1551 / 2014
main.py: Progress: 1552 / 2014
main.py: Progress: 1553 / 2014
main.py: Progress: 1554 / 2014
main.py: Progress: 1555 / 2014
main.py: Progress: 1556 / 2014
main.py: Progress: 1557 / 2014
main.py: Progress: 1558 / 2014
main.py: Progress: 1559 / 2014
main.py: Progress: 1560 / 2014
main.py: Progress: 1561 / 2014
main.py: Progress: 1562 / 2014
main.py: Progress: 1563 / 2014
main.py: Progress: 1564 / 2014
main.py: Progress: 1565 / 2014
main.py: Progress: 1566 / 2014
main.py: Progress: 1567 / 2014
main.py: Progress: 1568 / 2014
main.py: Progress: 1569 / 2014
main.py: Progress: 1570 / 2014
main.py: Progress: 1571 / 2014
main.py: Progress: 1572 / 2014
main.py: Progress: 1573 / 2014
main.py: Progress: 1574 / 2014
main.py: Progress: 1575 / 2014
main.py: Progress: 1576 / 2014
main.py: Progress: 1577 / 2014
main.py: Progress: 1578 / 2014
main.py: Progress: 1579 / 2014
main.py: Progress: 1580 / 2014
main.py: Progress: 1581 / 2014
main.py: Progress: 1582 / 2014
main.py: Progress: 1583 / 2014
main.py: Progress: 1584 / 2014
main.py: Progress: 1585 / 2014
main.py: Progress: 1586 / 2014
main.py: Progress: 1587 / 2014
main.py: Progress: 1588 / 2014
main.py: Progress: 1589 / 2014
main.py: Progress: 1590 / 2014
main.py: Progress: 1591 / 2014
main.py: Progress: 1592 / 2014
main.py: Progress: 1593 / 2014
main.py: Progress: 1594 / 2014
main.py: Progress: 1595 / 2014
main.py: Progress: 1596 / 2014
main.py: Progress: 1597 / 2014
main.py: Progress: 1598 / 2014
main.py: Progress: 1599 / 2014
main.py: Progress: 1600 / 2014
main.py: Progress: 1601 / 2014
main.py: Progress: 1602 / 2014
main.py: Progress: 1603 / 2014
main.py: Progress: 1604 / 2014
main.py: Progress: 1605 / 2014
main.py: Progress: 1606 / 2014
main.py: Progress: 1607 / 2014
main.py: Progress: 1608 / 2014
main.py: Progress: 1609 / 2014
main.py: Progress: 1610 / 2014
main.py: Progress: 1611 / 2014
main.py: Progress: 1612 / 2014
main.py: Progress: 1613 / 2014
main.py: Progress: 1614 / 2014
main.py: Progress: 1615 / 2014
main.py: Progress: 1616 / 2014
main.py: Progress: 1617 / 2014
main.py: Progress: 1618 / 2014
main.py: Progress: 1619 / 2014
main.py: Progress: 1620 / 2014
main.py: Progress: 1621 / 2014
main.py: Progress: 1622 / 2014
main.py: Progress: 1623 / 2014
main.py: Progress: 1624 / 2014
main.py: Progress: 1625 / 2014
main.py: Progress: 1626 / 2014
main.py: Progress: 1627 / 2014
main.py: Progress: 1628 / 2014
main.py: Progress: 1629 / 2014
main.py: Progress: 1630 / 2014
main.py: Progress: 1631 / 2014
main.py: Progress: 1632 / 2014
main.py: Progress: 1633 / 2014
main.py: Progress: 1634 / 2014
main.py: Progress: 1635 / 2014
main.py: Progress: 1636 / 2014
main.py: Progress: 1637 / 2014
main.py: Progress: 1638 / 2014
main.py: Progress: 1639 / 2014
main.py: Progress: 1640 / 2014
main.py: Progress: 1641 / 2014
main.py: Progress: 1642 / 2014
main.py: Progress: 1643 / 2014
main.py: Progress: 1644 / 2014
main.py: Progress: 1645 / 2014
main.py: Progress: 1646 / 2014
main.py: Progress: 1647 / 2014
main.py: Progress: 1648 / 2014
main.py: Progress: 1649 / 2014
main.py: Progress: 1650 / 2014
main.py: Progress: 1651 / 2014
main.py: Progress: 1652 / 2014
main.py: Progress: 1653 / 2014
main.py: Progress: 1654 / 2014
main.py: Progress: 1655 / 2014
main.py: Progress: 1656 / 2014
main.py: Progress: 1657 / 2014
main.py: Progress: 1658 / 2014
main.py: Progress: 1659 / 2014
main.py: Progress: 1660 / 2014
main.py: Progress: 1661 / 2014
main.py: Progress: 1662 / 2014
main.py: Progress: 1663 / 2014
main.py: Progress: 1664 / 2014
main.py: Progress: 1665 / 2014
main.py: Progress: 1666 / 2014
main.py: Progress: 1667 / 2014
main.py: Progress: 1668 / 2014
main.py: Progress: 1669 / 2014
main.py: Progress: 1670 / 2014
main.py: Progress: 1671 / 2014
main.py: Progress: 1672 / 2014
main.py: Progress: 1673 / 2014
main.py: Progress: 1674 / 2014
main.py: Progress: 1675 / 2014
main.py: Progress: 1676 / 2014
main.py: Progress: 1677 / 2014
main.py: Progress: 1678 / 2014
main.py: Progress: 1679 / 2014
main.py: Progress: 1680 / 2014
main.py: Progress: 1681 / 2014
main.py: Progress: 1682 / 2014
main.py: Progress: 1683 / 2014
main.py: Progress: 1684 / 2014
main.py: Progress: 1685 / 2014
main.py: Progress: 1686 / 2014
main.py: Progress: 1687 / 2014
main.py: Progress: 1688 / 2014
main.py: Progress: 1689 / 2014
main.py: Progress: 1690 / 2014
main.py: Progress: 1691 / 2014
main.py: Progress: 1692 / 2014
main.py: Progress: 1693 / 2014
main.py: Progress: 1694 / 2014
main.py: Progress: 1695 / 2014
main.py: Progress: 1696 / 2014
main.py: Progress: 1697 / 2014
main.py: Progress: 1698 / 2014
main.py: Progress: 1699 / 2014
main.py: Progress: 1700 / 2014
main.py: Progress: 1701 / 2014
main.py: Progress: 1702 / 2014
main.py: Progress: 1703 / 2014
main.py: Progress: 1704 / 2014
main.py: Progress: 1705 / 2014
main.py: Progress: 1706 / 2014
main.py: Progress: 1707 / 2014
main.py: Progress: 1708 / 2014
main.py: Progress: 1709 / 2014
main.py: Progress: 1710 / 2014
main.py: Progress: 1711 / 2014
main.py: Progress: 1712 / 2014
main.py: Progress: 1713 / 2014
main.py: Progress: 1714 / 2014
main.py: Progress: 1715 / 2014
main.py: Progress: 1716 / 2014
main.py: Progress: 1717 / 2014
main.py: Progress: 1718 / 2014
main.py: Progress: 1719 / 2014
main.py: Progress: 1720 / 2014
main.py: Progress: 1721 / 2014
main.py: Progress: 1722 / 2014
main.py: Progress: 1723 / 2014
main.py: Progress: 1724 / 2014
main.py: Progress: 1725 / 2014
main.py: Progress: 1726 / 2014
main.py: Progress: 1727 / 2014
main.py: Progress: 1728 / 2014
main.py: Progress: 1729 / 2014
main.py: Progress: 1730 / 2014
main.py: Progress: 1731 / 2014
main.py: Progress: 1732 / 2014
main.py: Progress: 1733 / 2014
main.py: Progress: 1734 / 2014
main.py: Progress: 1735 / 2014
main.py: Progress: 1736 / 2014
main.py: Progress: 1737 / 2014
main.py: Progress: 1738 / 2014
main.py: Progress: 1739 / 2014
main.py: Progress: 1740 / 2014
main.py: Progress: 1741 / 2014
main.py: Progress: 1742 / 2014
main.py: Progress: 1743 / 2014
main.py: Progress: 1744 / 2014
main.py: Progress: 1745 / 2014
main.py: Progress: 1746 / 2014
main.py: Progress: 1747 / 2014
main.py: Progress: 1748 / 2014
main.py: Progress: 1749 / 2014
main.py: Progress: 1750 / 2014
main.py: Progress: 1751 / 2014
main.py: Progress: 1752 / 2014
main.py: Progress: 1753 / 2014
main.py: Progress: 1754 / 2014
main.py: Progress: 1755 / 2014
main.py: Progress: 1756 / 2014
main.py: Progress: 1757 / 2014
main.py: Progress: 1758 / 2014
main.py: Progress: 1759 / 2014
main.py: Progress: 1760 / 2014
main.py: Progress: 1761 / 2014
main.py: Progress: 1762 / 2014
main.py: Progress: 1763 / 2014
main.py: Progress: 1764 / 2014
main.py: Progress: 1765 / 2014
main.py: Progress: 1766 / 2014
main.py: Progress: 1767 / 2014
main.py: Progress: 1768 / 2014
main.py: Progress: 1769 / 2014
main.py: Progress: 1770 / 2014
main.py: Progress: 1771 / 2014
main.py: Progress: 1772 / 2014
main.py: Progress: 1773 / 2014
main.py: Progress: 1774 / 2014
main.py: Progress: 1775 / 2014
main.py: Progress: 1776 / 2014
main.py: Progress: 1777 / 2014
main.py: Progress: 1778 / 2014
main.py: Progress: 1779 / 2014
main.py: Progress: 1780 / 2014
main.py: Progress: 1781 / 2014
main.py: Progress: 1782 / 2014
main.py: Progress: 1783 / 2014
main.py: Progress: 1784 / 2014
main.py: Progress: 1785 / 2014
main.py: Progress: 1786 / 2014
main.py: Progress: 1787 / 2014
main.py: Progress: 1788 / 2014
main.py: Progress: 1789 / 2014
main.py: Progress: 1790 / 2014
main.py: Progress: 1791 / 2014
main.py: Progress: 1792 / 2014
main.py: Progress: 1793 / 2014
main.py: Progress: 1794 / 2014
main.py: Progress: 1795 / 2014
main.py: Progress: 1796 / 2014
main.py: Progress: 1797 / 2014
main.py: Progress: 1798 / 2014
main.py: Progress: 1799 / 2014
main.py: Progress: 1800 / 2014
main.py: Progress: 1801 / 2014
main.py: Progress: 1802 / 2014
main.py: Progress: 1803 / 2014
main.py: Progress: 1804 / 2014
main.py: Progress: 1805 / 2014
main.py: Progress: 1806 / 2014
main.py: Progress: 1807 / 2014
main.py: Progress: 1808 / 2014
main.py: Progress: 1809 / 2014
main.py: Progress: 1810 / 2014
main.py: Progress: 1811 / 2014
main.py: Progress: 1812 / 2014
main.py: Progress: 1813 / 2014
main.py: Progress: 1814 / 2014
main.py: Progress: 1815 / 2014
main.py: Progress: 1816 / 2014
main.py: Progress: 1817 / 2014
main.py: Progress: 1818 / 2014
main.py: Progress: 1819 / 2014
main.py: Progress: 1820 / 2014
main.py: Progress: 1821 / 2014
main.py: Progress: 1822 / 2014
main.py: Progress: 1823 / 2014
main.py: Progress: 1824 / 2014
main.py: Progress: 1825 / 2014
main.py: Progress: 1826 / 2014
main.py: Progress: 1827 / 2014
main.py: Progress: 1828 / 2014
main.py: Progress: 1829 / 2014
main.py: Progress: 1830 / 2014
main.py: Progress: 1831 / 2014
main.py: Progress: 1832 / 2014
main.py: Progress: 1833 / 2014
main.py: Progress: 1834 / 2014
main.py: Progress: 1835 / 2014
main.py: Progress: 1836 / 2014
main.py: Progress: 1837 / 2014
main.py: Progress: 1838 / 2014
main.py: Progress: 1839 / 2014
main.py: Progress: 1840 / 2014
main.py: Progress: 1841 / 2014
main.py: Progress: 1842 / 2014
main.py: Progress: 1843 / 2014
main.py: Progress: 1844 / 2014
main.py: Progress: 1845 / 2014
main.py: Progress: 1846 / 2014
main.py: Progress: 1847 / 2014
main.py: Progress: 1848 / 2014
main.py: Progress: 1849 / 2014
main.py: Progress: 1850 / 2014
main.py: Progress: 1851 / 2014
main.py: Progress: 1852 / 2014
main.py: Progress: 1853 / 2014
main.py: Progress: 1854 / 2014
main.py: Progress: 1855 / 2014
main.py: Progress: 1856 / 2014
main.py: Progress: 1857 / 2014
main.py: Progress: 1858 / 2014
main.py: Progress: 1859 / 2014
main.py: Progress: 1860 / 2014
main.py: Progress: 1861 / 2014
main.py: Progress: 1862 / 2014
main.py: Progress: 1863 / 2014
main.py: Progress: 1864 / 2014
main.py: Progress: 1865 / 2014
main.py: Progress: 1866 / 2014
main.py: Progress: 1867 / 2014
main.py: Progress: 1868 / 2014
main.py: Progress: 1869 / 2014
main.py: Progress: 1870 / 2014
main.py: Progress: 1871 / 2014
main.py: Progress: 1872 / 2014
main.py: Progress: 1873 / 2014
main.py: Progress: 1874 / 2014
main.py: Progress: 1875 / 2014
main.py: Progress: 1876 / 2014
main.py: Progress: 1877 / 2014
main.py: Progress: 1878 / 2014
main.py: Progress: 1879 / 2014
main.py: Progress: 1880 / 2014
main.py: Progress: 1881 / 2014
main.py: Progress: 1882 / 2014
main.py: Progress: 1883 / 2014
main.py: Progress: 1884 / 2014
main.py: Progress: 1885 / 2014
main.py: Progress: 1886 / 2014
main.py: Progress: 1887 / 2014
main.py: Progress: 1888 / 2014
main.py: Progress: 1889 / 2014
main.py: Progress: 1890 / 2014
main.py: Progress: 1891 / 2014
main.py: Progress: 1892 / 2014
main.py: Progress: 1893 / 2014
main.py: Progress: 1894 / 2014
main.py: Progress: 1895 / 2014
main.py: Progress: 1896 / 2014
main.py: Progress: 1897 / 2014
main.py: Progress: 1898 / 2014
main.py: Progress: 1899 / 2014
main.py: Progress: 1900 / 2014
main.py: Progress: 1901 / 2014
main.py: Progress: 1902 / 2014
main.py: Progress: 1903 / 2014
main.py: Progress: 1904 / 2014
main.py: Progress: 1905 / 2014
main.py: Progress: 1906 / 2014
main.py: Progress: 1907 / 2014
main.py: Progress: 1908 / 2014
main.py: Progress: 1909 / 2014
main.py: Progress: 1910 / 2014
main.py: Progress: 1911 / 2014
main.py: Progress: 1912 / 2014
main.py: Progress: 1913 / 2014
main.py: Progress: 1914 / 2014
main.py: Progress: 1915 / 2014
main.py: Progress: 1916 / 2014
main.py: Progress: 1917 / 2014
main.py: Progress: 1918 / 2014
main.py: Progress: 1919 / 2014
main.py: Progress: 1920 / 2014
main.py: Progress: 1921 / 2014
main.py: Progress: 1922 / 2014
main.py: Progress: 1923 / 2014
main.py: Progress: 1924 / 2014
main.py: Progress: 1925 / 2014
main.py: Progress: 1926 / 2014
main.py: Progress: 1927 / 2014
main.py: Progress: 1928 / 2014
main.py: Progress: 1929 / 2014
main.py: Progress: 1930 / 2014
main.py: Progress: 1931 / 2014
main.py: Progress: 1932 / 2014
main.py: Progress: 1933 / 2014
main.py: Progress: 1934 / 2014
main.py: Progress: 1935 / 2014
main.py: Progress: 1936 / 2014
main.py: Progress: 1937 / 2014
main.py: Progress: 1938 / 2014
main.py: Progress: 1939 / 2014
main.py: Progress: 1940 / 2014
main.py: Progress: 1941 / 2014
main.py: Progress: 1942 / 2014
main.py: Progress: 1943 / 2014
main.py: Progress: 1944 / 2014
main.py: Progress: 1945 / 2014
main.py: Progress: 1946 / 2014
main.py: Progress: 1947 / 2014
main.py: Progress: 1948 / 2014
main.py: Progress: 1949 / 2014
main.py: Progress: 1950 / 2014
main.py: Progress: 1951 / 2014
main.py: Progress: 1952 / 2014
main.py: Progress: 1953 / 2014
main.py: Progress: 1954 / 2014
main.py: Progress: 1955 / 2014
main.py: Progress: 1956 / 2014
main.py: Progress: 1957 / 2014
main.py: Progress: 1958 / 2014
main.py: Progress: 1959 / 2014
main.py: Progress: 1960 / 2014
main.py: Progress: 1961 / 2014
main.py: Progress: 1962 / 2014
main.py: Progress: 1963 / 2014
main.py: Progress: 1964 / 2014
main.py: Progress: 1965 / 2014
main.py: Progress: 1966 / 2014
main.py: Progress: 1967 / 2014
main.py: Progress: 1968 / 2014
main.py: Progress: 1969 / 2014
main.py: Progress: 1970 / 2014
main.py: Progress: 1971 / 2014
main.py: Progress: 1972 / 2014
main.py: Progress: 1973 / 2014
main.py: Progress: 1974 / 2014
main.py: Progress: 1975 / 2014
main.py: Progress: 1976 / 2014
main.py: Progress: 1977 / 2014
main.py: Progress: 1978 / 2014
main.py: Progress: 1979 / 2014
main.py: Progress: 1980 / 2014
main.py: Progress: 1981 / 2014
main.py: Progress: 1982 / 2014
main.py: Progress: 1983 / 2014
main.py: Progress: 1984 / 2014
main.py: Progress: 1985 / 2014
main.py: Progress: 1986 / 2014
main.py: Progress: 1987 / 2014
main.py: Progress: 1988 / 2014
main.py: Progress: 1989 / 2014
main.py: Progress: 1990 / 2014
main.py: Progress: 1991 / 2014
main.py: Progress: 1992 / 2014
main.py: Progress: 1993 / 2014
main.py: Progress: 1994 / 2014
main.py: Progress: 1995 / 2014
main.py: Progress: 1996 / 2014
main.py: Progress: 1997 / 2014
main.py: Progress: 1998 / 2014
main.py: Progress: 1999 / 2014
time 2000 ( all targets found and t>1000s) and set up src_dst pairs = [([0, 8], (-1, -1))]
Route initialization:  {0: {'Route': [0, 8], 'MCS_Index': [2], 'Priority': 1, 'ValidRoute': False, 'HQRoute': False, 'RouteNodeDensity': [None, None], 'InterferingLinks': 0, 'Target': (-1, -1)}}
node.py: Inside packet generation function at node: Node0. Curr time: 2000.000000, Packet inter arrival time: 0.008199
Called Update: UpdateRouteCalls = 0, force = False
Called Update: UpdateRouteCalls = 1, force = False
Called Update: UpdateRouteCalls = 2, force = False
Called Update: UpdateRouteCalls = 3, force = False
Called Update: UpdateRouteCalls = 4, force = False
Called Update: UpdateRouteCalls = 5, force = False
Called Update: UpdateRouteCalls = 6, force = False
Called Update: UpdateRouteCalls = 7, force = False
Called Update: UpdateRouteCalls = 8, force = False
Called Update: UpdateRouteCalls = 9, force = False
!! UPDATING !!
routeNo, updatedMCSIndex =  0 [2]
Path | HC | IL | Max Data Rate Supported | HQ Path | Tangled Path | Cost
------------------------------
[0, 1, 3, 4, 6, 8] | 5 | 10 | 11 | True | False | 1.0795454545454546
[0, 1, 3, 5, 6, 8] | 5 | 10 | 11 | True | False | 1.0795454545454546
[0, 1, 3, 5, 7, 8] | 5 | 10 | 11 | True | False | 1.0795454545454546
[0, 2, 3, 5, 6, 8] | 5 | 10 | 11 | True | False | 1.0795454545454546
[0, 2, 3, 5, 7, 8] | 5 | 10 | 11 | True | False | 1.0795454545454546
[0, 2, 4, 5, 7, 8] | 5 | 10 | 11 | True | False | 1.0795454545454546
[0, 2, 4, 6, 8] | 4 | 8 | 11 | True | False | 0.8846153846153846
Found Route:
 {'Path': [0, 2, 4, 6, 8], 'HC': 4, 'IL': 8, 'Max Data Rate Supported': 11, 'HQ Path': np.True_, 'Tangled Path': False, 'Cost': 0.8846153846153846}
Called Update: UpdateRouteCalls = 0, force = True
!! UPDATING !!
routeNo, updatedMCSIndex =  0 [2, 2, 2, 2]

rf.py: Time: 2000 Route details: {0: {'Route': [0, 2, 4, 6, 8], 'MCS_Index': [2, 2, 2, 2], 'Priority': 1, 'ValidRoute': True, 'HQRoute': np.True_, 'RouteNodeDensity': [1, 2, 2, 2, 1], 'InterferingLinks': 8, 'Target': (-1, -1)}}
main.py: Progress: 2000 / 2014
Node.py: (Node0)@2000400000000.0: Updated MCS from 2 to 1, hist=deque([1.0], maxlen=5), packets_serviced=48, packets_received=48
Called Update: UpdateRouteCalls = 0, force = False
Called Update: UpdateRouteCalls = 1, force = False
Node.py: (Node2)@2000400000000.0: Updated MCS from 2 to 1, hist=deque([1.0], maxlen=5), packets_serviced=47, packets_received=47
Called Update: UpdateRouteCalls = 2, force = False
Called Update: UpdateRouteCalls = 3, force = False
Node.py: (Node4)@2000400000000.0: Updated MCS from 2 to 1, hist=deque([1.0], maxlen=5), packets_serviced=44, packets_received=44
Called Update: UpdateRouteCalls = 4, force = False
Called Update: UpdateRouteCalls = 5, force = False
Node.py: (Node6)@2000400000000.0: Updated MCS from 2 to 1, hist=deque([1.0], maxlen=5), packets_serviced=41, packets_received=41
Called Update: UpdateRouteCalls = 6, force = False
Called Update: UpdateRouteCalls = 7, force = False
Called Update: UpdateRouteCalls = 8, force = False
Called Update: UpdateRouteCalls = 9, force = False
!! UPDATING !!
routeNo, updatedMCSIndex =  0 [1, 1, 1, 1]
Node.py: (Node0)@2000800000000.0: Updated MCS from 1 to 1, hist=deque([1.0, 0.3673469387755102], maxlen=5), packets_serviced=18, packets_received=49
Called Update: UpdateRouteCalls = 0, force = False
Called Update: UpdateRouteCalls = 1, force = False
Node.py: (Node2)@2000800000000.0: Updated MCS from 1 to 1, hist=deque([1.0, 0.2857142857142857], maxlen=5), packets_serviced=16, packets_received=56
Called Update: UpdateRouteCalls = 2, force = False
Called Update: UpdateRouteCalls = 3, force = False
Node.py: (Node4)@2000800000000.0: Updated MCS from 1 to 1, hist=deque([1.0, 0.32653061224489793], maxlen=5), packets_serviced=16, packets_received=49
Called Update: UpdateRouteCalls = 4, force = False
Called Update: UpdateRouteCalls = 5, force = False
Node.py: (Node6)@2000800000000.0: Updated MCS from 1 to 1, hist=deque([1.0, 0.2631578947368421], maxlen=5), packets_serviced=15, packets_received=57
Called Update: UpdateRouteCalls = 6, force = False
Called Update: UpdateRouteCalls = 7, force = False
Called Update: UpdateRouteCalls = 8, force = False
Called Update: UpdateRouteCalls = 9, force = False
!! UPDATING !!
routeNo, updatedMCSIndex =  0 [1, 1, 1, 1]
main.py: Progress: 2001 / 2014
Called Update: UpdateRouteCalls = 0, force = True
!! UPDATING !!
routeNo, updatedMCSIndex =  0 [1, 1, 1, 1]

rf.py: Time: 2001 Route details: {0: {'Route': [0, 2, 4, 6, 8], 'MCS_Index': [1, 1, 1, 1], 'Priority': 1, 'ValidRoute': True, 'HQRoute': True, 'RouteNodeDensity': [1, 2, 2, 2, 1], 'InterferingLinks': 8, 'Target': (-1, -1)}}
Node.py: (Node0)@2001200000000.0: Updated MCS from 1 to 1, hist=deque([1.0, 0.3673469387755102, 0.5306122448979592], maxlen=5), packets_serviced=26, packets_received=49
Called Update: UpdateRouteCalls = 0, force = False
Called Update: UpdateRouteCalls = 1, force = False
Node.py: (Node2)@2001200000000.0: Updated MCS from 1 to 1, hist=deque([1.0, 0.2857142857142857, 0.42857142857142855], maxlen=5), packets_serviced=21, packets_received=49
Called Update: UpdateRouteCalls = 2, force = False
Called Update: UpdateRouteCalls = 3, force = False
Node.py: (Node4)@2001200000000.0: Updated MCS from 1 to 1, hist=deque([1.0, 0.32653061224489793, 0.25925925925925924], maxlen=5), packets_serviced=14, packets_received=54
Called Update: UpdateRouteCalls = 4, force = False
Called Update: UpdateRouteCalls = 5, force = False
Node.py: (Node6)@2001200000000.0: Updated MCS from 1 to 2, hist=deque([1.0, 0.2631578947368421, 0.22727272727272727], maxlen=5), packets_serviced=15, packets_received=66
Called Update: UpdateRouteCalls = 6, force = False
Called Update: UpdateRouteCalls = 7, force = False
Called Update: UpdateRouteCalls = 8, force = False
Called Update: UpdateRouteCalls = 9, force = False
!! UPDATING !!
routeNo, updatedMCSIndex =  0 [1, 1, 1, 2]
Node.py: (Node0)@2001600000000.0: Updated MCS from 1 to 1, hist=deque([1.0, 0.3673469387755102, 0.5306122448979592, 1.469387755102041], maxlen=5), packets_serviced=72, packets_received=49
Called Update: UpdateRouteCalls = 0, force = False
Called Update: UpdateRouteCalls = 1, force = False
Node.py: (Node2)@2001600000000.0: Updated MCS from 1 to 2, hist=deque([1.0, 0.2857142857142857, 0.42857142857142855, 0.20833333333333334], maxlen=5), packets_serviced=30, packets_received=144
Called Update: UpdateRouteCalls = 2, force = False
Called Update: UpdateRouteCalls = 3, force = False
Node.py: (Node4)@2001600000000.0: Updated MCS from 1 to 2, hist=deque([1.0, 0.32653061224489793, 0.25925925925925924, 0.11428571428571428], maxlen=5), packets_serviced=8, packets_received=70
Called Update: UpdateRouteCalls = 4, force = False
Called Update: UpdateRouteCalls = 5, force = False
Node.py: (Node6)@2001600000000.0: Updated MCS from 2 to 3, hist=deque([1.0, 0.2631578947368421, 0.22727272727272727, 0.32], maxlen=5), packets_serviced=8, packets_received=25
Called Update: UpdateRouteCalls = 6, force = False
Called Update: UpdateRouteCalls = 7, force = False
Called Update: UpdateRouteCalls = 8, force = False
Called Update: UpdateRouteCalls = 9, force = False
!! UPDATING !!
routeNo, updatedMCSIndex =  0 [1, 2, 2, 3]
main.py: Progress: 2002 / 2014
Node.py: (Node0)@2002000000000.0: Updated MCS from 1 to 1, hist=deque([1.0, 0.3673469387755102, 0.5306122448979592, 1.469387755102041, 0.0], maxlen=5), packets_serviced=0, packets_received=49
Called Update: UpdateRouteCalls = 0, force = False
Called Update: UpdateRouteCalls = 1, force = False
Node.py: (Node2)@2002000000000.0: Updated MCS from 2 to 2, hist=deque([1.0, 0.2857142857142857, 0.42857142857142855, 0.20833333333333334, 0.9574468085106383], maxlen=5), packets_serviced=45, packets_received=47
Called Update: UpdateRouteCalls = 2, force = False
Called Update: UpdateRouteCalls = 3, force = False
Node.py: (Node4)@2002000000000.0: Updated MCS from 2 to 3, hist=deque([1.0, 0.32653061224489793, 0.25925925925925924, 0.11428571428571428, 0.01904761904761905], maxlen=5), packets_serviced=2, packets_received=105
Called Update: UpdateRouteCalls = 4, force = False
Called Update: UpdateRouteCalls = 5, force = False
Node.py: (Node6)@2002000000000.0: Updated MCS from 3 to 3, hist=deque([1.0, 0.2631578947368421, 0.22727272727272727, 0.32, 0.06896551724137931], maxlen=5), packets_serviced=2, packets_received=29
Called Update: UpdateRouteCalls = 6, force = False
Called Update: UpdateRouteCalls = 7, force = False
Called Update: UpdateRouteCalls = 8, force = False
Called Update: UpdateRouteCalls = 9, force = False
!! UPDATING !!
routeNo, updatedMCSIndex =  0 [1, 2, 3, 3]
Called Update: UpdateRouteCalls = 0, force = True
!! UPDATING !!
routeNo, updatedMCSIndex =  0 [1, 2, 3, 3]

rf.py: Time: 2002 Route details: {0: {'Route': [0, 2, 4, 6, 8], 'MCS_Index': [1, 2, 3, 3], 'Priority': 1, 'ValidRoute': True, 'HQRoute': True, 'RouteNodeDensity': [1, 2, 2, 2, 1], 'InterferingLinks': 8, 'Target': (-1, -1)}}
Node.py: (Node0)@2002400000000.0: Updated MCS from 1 to 0, hist=deque([0.3673469387755102, 0.5306122448979592, 1.469387755102041, 0.0, 2.6666666666666665], maxlen=5), packets_serviced=128, packets_received=48
Called Update: UpdateRouteCalls = 0, force = False
Called Update: UpdateRouteCalls = 1, force = False
Node.py: (Node2)@2002400000000.0: Updated MCS from 2 to 3, hist=deque([0.2857142857142857, 0.42857142857142855, 0.20833333333333334, 0.9574468085106383, 0.5714285714285714], maxlen=5), packets_serviced=120, packets_received=210
Called Update: UpdateRouteCalls = 2, force = False
Called Update: UpdateRouteCalls = 3, force = False
Node.py: (Node4)@2002400000000.0: Updated MCS from 3 to 3, hist=deque([0.32653061224489793, 0.25925925925925924, 0.11428571428571428, 0.01904761904761905, 0.15447154471544716], maxlen=5), packets_serviced=19, packets_received=123
Called Update: UpdateRouteCalls = 4, force = False
Called Update: UpdateRouteCalls = 5, force = False
Node.py: (Node6)@2002400000000.0: Updated MCS from 3 to 3, hist=deque([0.2631578947368421, 0.22727272727272727, 0.32, 0.06896551724137931, 0.2222222222222222], maxlen=5), packets_serviced=4, packets_received=18
Called Update: UpdateRouteCalls = 6, force = False
Called Update: UpdateRouteCalls = 7, force = False
Called Update: UpdateRouteCalls = 8, force = False
Called Update: UpdateRouteCalls = 9, force = False
!! UPDATING !!
routeNo, updatedMCSIndex =  0 [0, 3, 3, 3]
Node.py: (Node0)@2002800000000.0: Updated MCS from 0 to 0, hist=deque([0.5306122448979592, 1.469387755102041, 0.0, 2.6666666666666665, 0.061224489795918366], maxlen=5), packets_serviced=3, packets_received=49
Called Update: UpdateRouteCalls = 0, force = False
Called Update: UpdateRouteCalls = 1, force = False
Node.py: (Node2)@2002800000000.0: Updated MCS from 3 to 3, hist=deque([0.42857142857142855, 0.20833333333333334, 0.9574468085106383, 0.5714285714285714, 0.03125], maxlen=5), packets_serviced=4, packets_received=128
Called Update: UpdateRouteCalls = 2, force = False
Called Update: UpdateRouteCalls = 3, force = False
Node.py: (Node4)@2002800000000.0: Updated MCS from 3 to 2, hist=deque([0.25925925925925924, 0.11428571428571428, 0.01904761904761905, 0.15447154471544716, 84.5], maxlen=5), packets_serviced=169, packets_received=2
Called Update: UpdateRouteCalls = 4, force = False
Called Update: UpdateRouteCalls = 5, force = False
Node.py: (Node6)@2002800000000.0: Updated MCS from 3 to 3, hist=deque([0.22727272727272727, 0.32, 0.06896551724137931, 0.2222222222222222, 0.9453551912568307], maxlen=5), packets_serviced=173, packets_received=183
Called Update: UpdateRouteCalls = 6, force = False
Called Update: UpdateRouteCalls = 7, force = False
Called Update: UpdateRouteCalls = 8, force = False
Called Update: UpdateRouteCalls = 9, force = False
!! UPDATING !!
routeNo, updatedMCSIndex =  0 [0, 3, 2, 3]
main.py: Progress: 2003 / 2014
Called Update: UpdateRouteCalls = 0, force = True
!! UPDATING !!
routeNo, updatedMCSIndex =  0 [0, 3, 2, 3]

rf.py: Time: 2003 Route details: {0: {'Route': [0, 2, 4, 6, 8], 'MCS_Index': [0, 3, 2, 3], 'Priority': 1, 'ValidRoute': True, 'HQRoute': True, 'RouteNodeDensity': [1, 2, 2, 2, 1], 'InterferingLinks': 8, 'Target': (-1, -1)}}
Node.py: (Node0)@2003200000000.0: Updated MCS from 0 to 0, hist=deque([1.469387755102041, 0.0, 2.6666666666666665, 0.061224489795918366, 0.16326530612244897], maxlen=5), packets_serviced=8, packets_received=49
Called Update: UpdateRouteCalls = 0, force = False
Called Update: UpdateRouteCalls = 1, force = False
Node.py: (Node2)@2003200000000.0: Updated MCS from 3 to 3, hist=deque([0.20833333333333334, 0.9574468085106383, 0.5714285714285714, 0.03125, 0.06535947712418301], maxlen=5), packets_serviced=10, packets_received=153
Called Update: UpdateRouteCalls = 2, force = False
Called Update: UpdateRouteCalls = 3, force = False
Node.py: (Node4)@2003200000000.0: Updated MCS from 2 to 1, hist=deque([0.11428571428571428, 0.01904761904761905, 0.15447154471544716, 84.5, 1.0], maxlen=5), packets_serviced=10, packets_received=10
Called Update: UpdateRouteCalls = 4, force = False
Called Update: UpdateRouteCalls = 5, force = False
Node.py: (Node6)@2003200000000.0: Updated MCS from 3 to 3, hist=deque([0.32, 0.06896551724137931, 0.2222222222222222, 0.9453551912568307, 0.23529411764705882], maxlen=5), packets_serviced=8, packets_received=34
Called Update: UpdateRouteCalls = 6, force = False
Called Update: UpdateRouteCalls = 7, force = False
Called Update: UpdateRouteCalls = 8, force = False
Called Update: UpdateRouteCalls = 9, force = False
!! UPDATING !!
routeNo, updatedMCSIndex =  0 [0, 3, 1, 3]
Node.py: (Node0)@2003600000000.0: Updated MCS from 0 to 0, hist=deque([0.0, 2.6666666666666665, 0.061224489795918366, 0.16326530612244897, 0.40816326530612246], maxlen=5), packets_serviced=20, packets_received=49
Called Update: UpdateRouteCalls = 0, force = False
Called Update: UpdateRouteCalls = 1, force = False
Node.py: (Node2)@2003600000000.0: Updated MCS from 3 to 3, hist=deque([0.9574468085106383, 0.5714285714285714, 0.03125, 0.06535947712418301, 0.28125], maxlen=5), packets_serviced=18, packets_received=64
Called Update: UpdateRouteCalls = 2, force = False
Called Update: UpdateRouteCalls = 3, force = False
Node.py: (Node4)@2003600000000.0: Updated MCS from 1 to 0, hist=deque([0.01904761904761905, 0.15447154471544716, 84.5, 1.0, 0.875], maxlen=5), packets_serviced=14, packets_received=16
Called Update: UpdateRouteCalls = 4, force = False
Called Update: UpdateRouteCalls = 5, force = False
Node.py: (Node6)@2003600000000.0: Updated MCS from 3 to 3, hist=deque([0.06896551724137931, 0.2222222222222222, 0.9453551912568307, 0.23529411764705882, 0.16666666666666666], maxlen=5), packets_serviced=14, packets_received=84
Called Update: UpdateRouteCalls = 6, force = False
Called Update: UpdateRouteCalls = 7, force = False
Called Update: UpdateRouteCalls = 8, force = False
Called Update: UpdateRouteCalls = 9, force = False
!! UPDATING !!
routeNo, updatedMCSIndex =  0 [0, 3, 0, 3]
main.py: Progress: 2004 / 2014
Node.py: (Node0)@2004000000000.0: Updated MCS from 0 to 0, hist=deque([2.6666666666666665, 0.061224489795918366, 0.16326530612244897, 0.40816326530612246, 0.22448979591836735], maxlen=5), packets_serviced=11, packets_received=49
Called Update: UpdateRouteCalls = 0, force = False
Called Update: UpdateRouteCalls = 1, force = False
Node.py: (Node2)@2004000000000.0: Updated MCS from 3 to 3, hist=deque([0.5714285714285714, 0.03125, 0.06535947712418301, 0.28125, 0.12857142857142856], maxlen=5), packets_serviced=9, packets_received=70
Called Update: UpdateRouteCalls = 2, force = False
Called Update: UpdateRouteCalls = 3, force = False
Node.py: (Node4)@2004000000000.0: Updated MCS from 0 to 0, hist=deque([0.15447154471544716, 84.5, 1.0, 0.875, 0.7], maxlen=5), packets_serviced=7, packets_received=10
Called Update: UpdateRouteCalls = 4, force = False
Called Update: UpdateRouteCalls = 5, force = False
Node.py: (Node6)@2004000000000.0: Updated MCS from 3 to 3, hist=deque([0.2222222222222222, 0.9453551912568307, 0.23529411764705882, 0.16666666666666666, 0.1891891891891892], maxlen=5), packets_serviced=7, packets_received=37
Called Update: UpdateRouteCalls = 6, force = False
Called Update: UpdateRouteCalls = 7, force = False
Called Update: UpdateRouteCalls = 8, force = False
Called Update: UpdateRouteCalls = 9, force = False
!! UPDATING !!
routeNo, updatedMCSIndex =  0 [0, 3, 0, 3]
Called Update: UpdateRouteCalls = 0, force = True
!! UPDATING !!
routeNo, updatedMCSIndex =  0 [0, 3, 0, 3]

rf.py: Time: 2004 Route details: {0: {'Route': [0, 2, 4, 6, 8], 'MCS_Index': [0, 3, 0, 3], 'Priority': 1, 'ValidRoute': True, 'HQRoute': True, 'RouteNodeDensity': [1, 2, 2, 2, 1], 'InterferingLinks': 8, 'Target': (-1, -1)}}
DUPE: 2000729496917_Node0_Node8_Zero, Node4 id 2000729496917_Node0_Node8_Zero was a dupe; retransmit: 0, pkt_enqueue_time=2004323593304.0942, pkt_dequeue_time=2004323593304.0942, forwarded_or_dropped=1, reason_for_drop='Expiry'
DUPE: 2000737690226_Node0_Node8_Zero, Node4 id 2000737690226_Node0_Node8_Zero was a dupe; retransmit: 0, pkt_enqueue_time=2004323593304.0942, pkt_dequeue_time=2004323593304.0942, forwarded_or_dropped=1, reason_for_drop='Expiry'
DUPE: 2000786879008_Node0_Node8_Zero, Node4 id 2000786879008_Node0_Node8_Zero was a dupe; retransmit: 0, pkt_enqueue_time=2004325670176.0942, pkt_dequeue_time=2004325670176.0942, forwarded_or_dropped=1, reason_for_drop='Expiry'
DUPE: 2000795076762_Node0_Node8_Zero, Node4 id 2000795076762_Node0_Node8_Zero was a dupe; retransmit: 0, pkt_enqueue_time=2004325670176.0942, pkt_dequeue_time=2004325670176.0942, forwarded_or_dropped=1, reason_for_drop='Expiry'
DUPE: 2000532759537_Node0_Node8_Zero, Node2 id 2000532759537_Node0_Node8_Zero was a dupe; retransmit: 0, pkt_enqueue_time=2004340492266.6396, pkt_dequeue_time=2004340492266.6396, forwarded_or_dropped=1, reason_for_drop='Expiry'
DUPE: 2000540958546_Node0_Node8_Zero, Node2 id 2000540958546_Node0_Node8_Zero was a dupe; retransmit: 0, pkt_enqueue_time=2004340492266.6396, pkt_dequeue_time=2004340492266.6396, forwarded_or_dropped=1, reason_for_drop='Expiry'
DUPE: 2000975388248_Node0_Node8_Zero, Node2 id 2000975388248_Node0_Node8_Zero was a dupe; retransmit: 0, pkt_enqueue_time=2004396598175.731, pkt_dequeue_time=2004396598175.731, forwarded_or_dropped=1, reason_for_drop='Expiry'
DUPE: 2000983584076_Node0_Node8_Zero, Node2 id 2000983584076_Node0_Node8_Zero was a dupe; retransmit: 0, pkt_enqueue_time=2004396598175.731, pkt_dequeue_time=2004396598175.731, forwarded_or_dropped=1, reason_for_drop='Expiry'
Node.py: (Node0)@2004400000000.0: Updated MCS from 0 to 1, hist=deque([0.061224489795918366, 0.16326530612244897, 0.40816326530612246, 0.22448979591836735, 0.0], maxlen=5), packets_serviced=0, packets_received=48
Called Update: UpdateRouteCalls = 0, force = False
Called Update: UpdateRouteCalls = 1, force = False
Node.py: (Node2)@2004400000000.0: Updated MCS from 3 to 3, hist=deque([0.03125, 0.06535947712418301, 0.28125, 0.12857142857142856, 0.05084745762711865], maxlen=5), packets_serviced=3, packets_received=59
Called Update: UpdateRouteCalls = 2, force = False
Called Update: UpdateRouteCalls = 3, force = False
Node.py: (Node4)@2004400000000.0: Updated MCS from 0 to 0, hist=deque([84.5, 1.0, 0.875, 0.7, 0.2], maxlen=5), packets_serviced=1, packets_received=5
Called Update: UpdateRouteCalls = 4, force = False
Called Update: UpdateRouteCalls = 5, force = False
Node.py: (Node6)@2004400000000.0: Updated MCS from 3 to 3, hist=deque([0.9453551912568307, 0.23529411764705882, 0.16666666666666666, 0.1891891891891892, 0.04], maxlen=5), packets_serviced=1, packets_received=25
Called Update: UpdateRouteCalls = 6, force = False
Called Update: UpdateRouteCalls = 7, force = False
Called Update: UpdateRouteCalls = 8, force = False
Called Update: UpdateRouteCalls = 9, force = False
!! UPDATING !!
routeNo, updatedMCSIndex =  0 [1, 3, 0, 3]
DUPE: 2001008181152_Node0_Node8_Zero, Node2 id 2001008181152_Node0_Node8_Zero was a dupe; retransmit: 0, pkt_enqueue_time=2004403355047.731, pkt_dequeue_time=2004403355047.731, forwarded_or_dropped=1, reason_for_drop='Expiry'
DUPE: 2001016382507_Node0_Node8_Zero, Node2 id 2001016382507_Node0_Node8_Zero was a dupe; retransmit: 0, pkt_enqueue_time=2004403355047.731, pkt_dequeue_time=2004403355047.731, forwarded_or_dropped=1, reason_for_drop='Expiry'
DUPE: 2000778679325_Node0_Node8_Zero, Node2 id 2000778679325_Node0_Node8_Zero was a dupe; retransmit: 0, pkt_enqueue_time=2004445665610.6404, pkt_dequeue_time=2004445665610.6404, forwarded_or_dropped=1, reason_for_drop='Expiry'
DUPE: 2000786879008_Node0_Node8_Zero, Node2 id 2000786879008_Node0_Node8_Zero was a dupe; retransmit: 0, pkt_enqueue_time=2004445665610.6404, pkt_dequeue_time=2004445665610.6404, forwarded_or_dropped=1, reason_for_drop='Expiry'
DUPE: 2000827857675_Node0_Node8_Zero, Node2 id 2000827857675_Node0_Node8_Zero was a dupe; retransmit: 0, pkt_enqueue_time=2004522673497.913, pkt_dequeue_time=2004522673497.913, forwarded_or_dropped=1, reason_for_drop='Expiry'
DUPE: 2000836051827_Node0_Node8_Zero, Node2 id 2000836051827_Node0_Node8_Zero was a dupe; retransmit: 0, pkt_enqueue_time=2004522673497.913, pkt_dequeue_time=2004522673497.913, forwarded_or_dropped=1, reason_for_drop='Expiry'
DUPE: 2000860634903_Node0_Node8_Zero, Node2 id 2000860634903_Node0_Node8_Zero was a dupe; retransmit: 0, pkt_enqueue_time=2004524830369.913, pkt_dequeue_time=2004524830369.913, forwarded_or_dropped=1, reason_for_drop='Expiry'
DUPE: 2000868834456_Node0_Node8_Zero, Node2 id 2000868834456_Node0_Node8_Zero was a dupe; retransmit: 0, pkt_enqueue_time=2004524830369.913, pkt_dequeue_time=2004524830369.913, forwarded_or_dropped=1, reason_for_drop='Expiry'
DUPE: 2000598326200_Node0_Node8_Zero, Node2 id 2000598326200_Node0_Node8_Zero was a dupe; retransmit: 0, pkt_enqueue_time=2004536612933.5496, pkt_dequeue_time=2004536612933.5496, forwarded_or_dropped=1, reason_for_drop='Expiry'
DUPE: 2000606518146_Node0_Node8_Zero, Node2 id 2000606518146_Node0_Node8_Zero was a dupe; retransmit: 0, pkt_enqueue_time=2004536612933.5496, pkt_dequeue_time=2004536612933.5496, forwarded_or_dropped=1, reason_for_drop='Expiry'
DUPE: 2001172123773_Node0_Node8_Zero, Node2 id 2001172123773_Node0_Node8_Zero was a dupe; retransmit: 0, pkt_enqueue_time=2004548435497.186, pkt_dequeue_time=2004548435497.186, forwarded_or_dropped=1, reason_for_drop='Expiry'
DUPE: 2001180317558_Node0_Node8_Zero, Node2 id 2001180317558_Node0_Node8_Zero was a dupe; retransmit: 0, pkt_enqueue_time=2004548435497.186, pkt_dequeue_time=2004548435497.186, forwarded_or_dropped=1, reason_for_drop='Expiry'
DUPE: 2001155728687_Node0_Node8_Zero, Node2 id 2001155728687_Node0_Node8_Zero was a dupe; retransmit: 0, pkt_enqueue_time=2004559372369.186, pkt_dequeue_time=2004559372369.186, forwarded_or_dropped=1, reason_for_drop='Expiry'
DUPE: 2001163924726_Node0_Node8_Zero, Node2 id 2001163924726_Node0_Node8_Zero was a dupe; retransmit: 0, pkt_enqueue_time=2004559372369.186, pkt_dequeue_time=2004559372369.186, forwarded_or_dropped=1, reason_for_drop='Expiry'
DUPE: 2001204906443_Node0_Node8_Zero, Node2 id 2001204906443_Node0_Node8_Zero was a dupe; retransmit: 0, pkt_enqueue_time=2004583141496.459, pkt_dequeue_time=2004583141496.459, forwarded_or_dropped=1, reason_for_drop='Expiry'
DUPE: 2001213098581_Node0_Node8_Zero, Node2 id 2001213098581_Node0_Node8_Zero was a dupe; retransmit: 0, pkt_enqueue_time=2004583141496.459, pkt_dequeue_time=2004583141496.459, forwarded_or_dropped=1, reason_for_drop='Expiry'
DUPE: 2001040977486_Node0_Node8_Zero, Node2 id 2001040977486_Node0_Node8_Zero was a dupe; retransmit: 0, pkt_enqueue_time=2004595082060.0955, pkt_dequeue_time=2004595082060.0955, forwarded_or_dropped=1, reason_for_drop='Expiry'
DUPE: 2001049176030_Node0_Node8_Zero, Node2 id 2001049176030_Node0_Node8_Zero was a dupe; retransmit: 0, pkt_enqueue_time=2004595082060.0955, pkt_dequeue_time=2004595082060.0955, forwarded_or_dropped=1, reason_for_drop='Expiry'
DUPE: 2001237688602_Node0_Node8_Zero, Node2 id 2001237688602_Node0_Node8_Zero was a dupe; retransmit: 0, pkt_enqueue_time=2004635038931.3684, pkt_dequeue_time=2004635038931.3684, forwarded_or_dropped=1, reason_for_drop='Expiry'
DUPE: 2001245886171_Node0_Node8_Zero, Node2 id 2001245886171_Node0_Node8_Zero was a dupe; retransmit: 0, pkt_enqueue_time=2004635038931.3684, pkt_dequeue_time=2004635038931.3684, forwarded_or_dropped=1, reason_for_drop='Expiry'
DUPE: 2001122943690_Node0_Node8_Zero, Node2 id 2001122943690_Node0_Node8_Zero was a dupe; retransmit: 0, pkt_enqueue_time=2004659841149.5503, pkt_dequeue_time=2004659841149.5503, forwarded_or_dropped=1, reason_for_drop='Expiry'
DUPE: 2001131141293_Node0_Node8_Zero, Node2 id 2001131141293_Node0_Node8_Zero was a dupe; retransmit: 0, pkt_enqueue_time=2004659841149.5503, pkt_dequeue_time=2004659841149.5503, forwarded_or_dropped=1, reason_for_drop='Expiry'
DUPE: 2001024577130_Node0_Node8_Zero, Node2 id 2001024577130_Node0_Node8_Zero was a dupe; retransmit: 0, pkt_enqueue_time=2004672397713.1868, pkt_dequeue_time=2004672397713.1868, forwarded_or_dropped=1, reason_for_drop='Expiry'
DUPE: 2001032777258_Node0_Node8_Zero, Node2 id 2001032777258_Node0_Node8_Zero was a dupe; retransmit: 0, pkt_enqueue_time=2004672397713.1868, pkt_dequeue_time=2004672397713.1868, forwarded_or_dropped=1, reason_for_drop='Expiry'
DUPE: 2000893419295_Node0_Node8_Zero, Node2 id 2000893419295_Node0_Node8_Zero was a dupe; retransmit: 0, pkt_enqueue_time=2004744881987.1865, pkt_dequeue_time=2004744881987.1865, forwarded_or_dropped=1, reason_for_drop='Expiry'
DUPE: 2000901619322_Node0_Node8_Zero, Node2 id 2000901619322_Node0_Node8_Zero was a dupe; retransmit: 0, pkt_enqueue_time=2004744881987.1865, pkt_dequeue_time=2004744881987.1865, forwarded_or_dropped=1, reason_for_drop='Expiry'
DUPE: 2000942608246_Node0_Node8_Zero, Node2 id 2000942608246_Node0_Node8_Zero was a dupe; retransmit: 0, pkt_enqueue_time=2004747658859.1865, pkt_dequeue_time=2004747658859.1865, forwarded_or_dropped=1, reason_for_drop='Expiry'
DUPE: 2000950804970_Node0_Node8_Zero, Node2 id 2000950804970_Node0_Node8_Zero was a dupe; retransmit: 0, pkt_enqueue_time=2004747658859.1865, pkt_dequeue_time=2004747658859.1865, forwarded_or_dropped=1, reason_for_drop='Expiry'
DUPE: 2001319656926_Node0_Node8_Zero, Node2 id 2001319656926_Node0_Node8_Zero was a dupe; retransmit: 0, pkt_enqueue_time=2004760492422.823, pkt_dequeue_time=2004760492422.823, forwarded_or_dropped=1, reason_for_drop='Expiry'
DUPE: 2001327852245_Node0_Node8_Zero, Node2 id 2001327852245_Node0_Node8_Zero was a dupe; retransmit: 0, pkt_enqueue_time=2004760492422.823, pkt_dequeue_time=2004760492422.823, forwarded_or_dropped=1, reason_for_drop='Expiry'
DUPE: 2001680311839_Node0_Node8_Zero, Node2 id 2001680311839_Node0_Node8_Zero was a dupe; retransmit: 0, pkt_enqueue_time=2004793014422.096, pkt_dequeue_time=2004793014422.096, forwarded_or_dropped=1, reason_for_drop='Expiry'
DUPE: 2001688513229_Node0_Node8_Zero, Node2 id 2001688513229_Node0_Node8_Zero was a dupe; retransmit: 0, pkt_enqueue_time=2004793014422.096, pkt_dequeue_time=2004793014422.096, forwarded_or_dropped=1, reason_for_drop='Expiry'
Node.py: (Node0)@2004800000000.0: Updated MCS from 1 to 2, hist=deque([0.16326530612244897, 0.40816326530612246, 0.22448979591836735, 0.0, 0.0], maxlen=5), packets_serviced=0, packets_received=49
Called Update: UpdateRouteCalls = 0, force = False
Called Update: UpdateRouteCalls = 1, force = False
Node.py: (Node2)@2004800000000.0: Updated MCS from 3 to 3, hist=deque([0.06535947712418301, 0.28125, 0.12857142857142856, 0.05084745762711865, 0.014925373134328358], maxlen=5), packets_serviced=1, packets_received=67
Called Update: UpdateRouteCalls = 2, force = False
Called Update: UpdateRouteCalls = 3, force = False
Called Update: UpdateRouteCalls = 4, force = False
Called Update: UpdateRouteCalls = 5, force = False
Called Update: UpdateRouteCalls = 6, force = False
Called Update: UpdateRouteCalls = 7, force = False
Called Update: UpdateRouteCalls = 8, force = False
Called Update: UpdateRouteCalls = 9, force = False
!! UPDATING !!
routeNo, updatedMCSIndex =  0 [2, 3, 0, 3]
DUPE: 2001385232026_Node0_Node8_Zero, Node2 id 2001385232026_Node0_Node8_Zero was a dupe; retransmit: 0, pkt_enqueue_time=2004805976985.7324, pkt_dequeue_time=2004805976985.7324, forwarded_or_dropped=1, reason_for_drop='Expiry'
DUPE: 2001393427538_Node0_Node8_Zero, Node2 id 2001393427538_Node0_Node8_Zero was a dupe; retransmit: 0, pkt_enqueue_time=2004805976985.7324, pkt_dequeue_time=2004805976985.7324, forwarded_or_dropped=1, reason_for_drop='Expiry'
DUPE: 2001614737468_Node0_Node8_Zero, Node2 id 2001614737468_Node0_Node8_Zero was a dupe; retransmit: 0, pkt_enqueue_time=2004847344730.4597, pkt_dequeue_time=2004847344730.4597, forwarded_or_dropped=1, reason_for_drop='Expiry'
DUPE: 2001622936792_Node0_Node8_Zero, Node2 id 2001622936792_Node0_Node8_Zero was a dupe; retransmit: 0, pkt_enqueue_time=2004847344730.4597, pkt_dequeue_time=2004847344730.4597, forwarded_or_dropped=1, reason_for_drop='Expiry'
DUPE: 2000729496917_Node0_Node8_Zero, Node2 id 2000729496917_Node0_Node8_Zero was a dupe; retransmit: 0, pkt_enqueue_time=2004860402294.0962, pkt_dequeue_time=2004860402294.0962, forwarded_or_dropped=1, reason_for_drop='Expiry'
DUPE: 2000737690226_Node0_Node8_Zero, Node2 id 2000737690226_Node0_Node8_Zero was a dupe; retransmit: 0, pkt_enqueue_time=2004860402294.0962, pkt_dequeue_time=2004860402294.0962, forwarded_or_dropped=1, reason_for_drop='Expiry'
main.py: Progress: 2005 / 2014
Called Update: UpdateRouteCalls = 0, force = True
!! UPDATING !!
routeNo, updatedMCSIndex =  0 [2, 3, 0, 3]

rf.py: Time: 2005 Route details: {0: {'Route': [0, 2, 4, 6, 8], 'MCS_Index': [2, 3, 0, 3], 'Priority': 1, 'ValidRoute': True, 'HQRoute': True, 'RouteNodeDensity': [1, 2, 2, 2, 1], 'InterferingLinks': 8, 'Target': (-1, -1)}}
Node.py: (Node0)@2005200000000.0: Updated MCS from 2 to 1, hist=deque([0.40816326530612246, 0.22448979591836735, 0.0, 0.0, 3.816326530612245], maxlen=5), packets_serviced=187, packets_received=49
Called Update: UpdateRouteCalls = 0, force = False
Called Update: UpdateRouteCalls = 1, force = False
Node.py: (Node2)@2005200000000.0: Updated MCS from 3 to 3, hist=deque([0.28125, 0.12857142857142856, 0.05084745762711865, 0.014925373134328358, 0.9333333333333333], maxlen=5), packets_serviced=182, packets_received=195
Called Update: UpdateRouteCalls = 2, force = False
Called Update: UpdateRouteCalls = 3, force = False
Node.py: (Node4)@2005200000000.0: Updated MCS from 0 to 0, hist=deque([1.0, 0.875, 0.7, 0.2, 0.055865921787709494], maxlen=5), packets_serviced=10, packets_received=179
Called Update: UpdateRouteCalls = 4, force = False
Called Update: UpdateRouteCalls = 5, force = False
Node.py: (Node6)@2005200000000.0: Updated MCS from 3 to 3, hist=deque([0.23529411764705882, 0.16666666666666666, 0.1891891891891892, 0.04, 0.42857142857142855], maxlen=5), packets_serviced=6, packets_received=14
Called Update: UpdateRouteCalls = 6, force = False
Called Update: UpdateRouteCalls = 7, force = False
Called Update: UpdateRouteCalls = 8, force = False
Called Update: UpdateRouteCalls = 9, force = False
!! UPDATING !!
routeNo, updatedMCSIndex =  0 [1, 3, 0, 3]
Node.py: (Node0)@2005600000000.0: Updated MCS from 1 to 0, hist=deque([0.22448979591836735, 0.0, 0.0, 3.816326530612245, 1.8979591836734695], maxlen=5), packets_serviced=93, packets_received=49
Called Update: UpdateRouteCalls = 0, force = False
Called Update: UpdateRouteCalls = 1, force = False
Node.py: (Node2)@2005600000000.0: Updated MCS from 3 to 3, hist=deque([0.12857142857142856, 0.05084745762711865, 0.014925373134328358, 0.9333333333333333, 0.38596491228070173], maxlen=5), packets_serviced=88, packets_received=228
Called Update: UpdateRouteCalls = 2, force = False
Called Update: UpdateRouteCalls = 3, force = False
Node.py: (Node4)@2005600000000.0: Updated MCS from 0 to 1, hist=deque([0.875, 0.7, 0.2, 0.055865921787709494, 0.054945054945054944], maxlen=5), packets_serviced=5, packets_received=91
Called Update: UpdateRouteCalls = 4, force = False
Called Update: UpdateRouteCalls = 5, force = False
Node.py: (Node6)@2005600000000.0: Updated MCS from 3 to 3, hist=deque([0.16666666666666666, 0.1891891891891892, 0.04, 0.42857142857142855, 0.27586206896551724], maxlen=5), packets_serviced=8, packets_received=29
Called Update: UpdateRouteCalls = 6, force = False
Called Update: UpdateRouteCalls = 7, force = False
Called Update: UpdateRouteCalls = 8, force = False
Called Update: UpdateRouteCalls = 9, force = False
!! UPDATING !!
routeNo, updatedMCSIndex =  0 [0, 3, 1, 3]
main.py: Progress: 2006 / 2014
Node.py: (Node0)@2006000000000.0: Updated MCS from 0 to 0, hist=deque([0.0, 0.0, 3.816326530612245, 1.8979591836734695, 0.08163265306122448], maxlen=5), packets_serviced=4, packets_received=49
Called Update: UpdateRouteCalls = 0, force = False
Called Update: UpdateRouteCalls = 1, force = False
Node.py: (Node2)@2006000000000.0: Updated MCS from 3 to 3, hist=deque([0.05084745762711865, 0.014925373134328358, 0.9333333333333333, 0.38596491228070173, 0.07142857142857142], maxlen=5), packets_serviced=4, packets_received=56
Called Update: UpdateRouteCalls = 2, force = False
Called Update: UpdateRouteCalls = 3, force = False
Node.py: (Node4)@2006000000000.0: Updated MCS from 1 to 0, hist=deque([0.7, 0.2, 0.055865921787709494, 0.054945054945054944, 35.5], maxlen=5), packets_serviced=71, packets_received=2
Called Update: UpdateRouteCalls = 4, force = False
Called Update: UpdateRouteCalls = 5, force = False
Node.py: (Node6)@2006000000000.0: Updated MCS from 3 to 3, hist=deque([0.1891891891891892, 0.04, 0.42857142857142855, 0.27586206896551724, 0.3217821782178218], maxlen=5), packets_serviced=65, packets_received=202
Called Update: UpdateRouteCalls = 6, force = False
Called Update: UpdateRouteCalls = 7, force = False
Called Update: UpdateRouteCalls = 8, force = False
Called Update: UpdateRouteCalls = 9, force = False
!! UPDATING !!
routeNo, updatedMCSIndex =  0 [0, 3, 0, 3]
Called Update: UpdateRouteCalls = 0, force = True
!! UPDATING !!
routeNo, updatedMCSIndex =  0 [0, 3, 0, 3]

rf.py: Time: 2006 Route details: {0: {'Route': [0, 2, 4, 6, 8], 'MCS_Index': [0, 3, 0, 3], 'Priority': 1, 'ValidRoute': True, 'HQRoute': True, 'RouteNodeDensity': [1, 2, 2, 2, 1], 'InterferingLinks': 8, 'Target': (-1, -1)}}
DUPE: 2003032753364_Node0_Node8_Zero, Node6 id 2003032753364_Node0_Node8_Zero was a dupe; retransmit: 0, pkt_enqueue_time=2006234715140.213, pkt_dequeue_time=2006234715140.213, forwarded_or_dropped=1, reason_for_drop='Expiry'
DUPE: 2003040949181_Node0_Node8_Zero, Node6 id 2003040949181_Node0_Node8_Zero was a dupe; retransmit: 0, pkt_enqueue_time=2006234715140.213, pkt_dequeue_time=2006234715140.213, forwarded_or_dropped=1, reason_for_drop='Expiry'
DUPE: 2003172111602_Node0_Node8_Zero, Node6 id 2003172111602_Node0_Node8_Zero was a dupe; retransmit: 0, pkt_enqueue_time=2006241102679.8494, pkt_dequeue_time=2006241102679.8494, forwarded_or_dropped=1, reason_for_drop='Expiry'
DUPE: 2003196715298_Node0_Node8_Zero, Node6 id 2003196715298_Node0_Node8_Zero was a dupe; retransmit: 0, pkt_enqueue_time=2006258066057.0315, pkt_dequeue_time=2006258066057.0315, forwarded_or_dropped=1, reason_for_drop='Expiry'
DUPE: 2003204907464_Node0_Node8_Zero, Node6 id 2003204907464_Node0_Node8_Zero was a dupe; retransmit: 0, pkt_enqueue_time=2006258066057.0315, pkt_dequeue_time=2006258066057.0315, forwarded_or_dropped=1, reason_for_drop='Expiry'
DUPE: 2003098341042_Node0_Node8_Zero, Node6 id 2003098341042_Node0_Node8_Zero was a dupe; retransmit: 0, pkt_enqueue_time=2006270043838.2134, pkt_dequeue_time=2006270043838.2134, forwarded_or_dropped=1, reason_for_drop='Expiry'
DUPE: 2003131127350_Node0_Node8_Zero, Node6 id 2003131127350_Node0_Node8_Zero was a dupe; retransmit: 0, pkt_enqueue_time=2006289444528.486, pkt_dequeue_time=2006289444528.486, forwarded_or_dropped=1, reason_for_drop='Expiry'
DUPE: 2003139323104_Node0_Node8_Zero, Node6 id 2003139323104_Node0_Node8_Zero was a dupe; retransmit: 0, pkt_enqueue_time=2006289444528.486, pkt_dequeue_time=2006289444528.486, forwarded_or_dropped=1, reason_for_drop='Expiry'
DUPE: 2003147519981_Node0_Node8_Zero, Node6 id 2003147519981_Node0_Node8_Zero was a dupe; retransmit: 0, pkt_enqueue_time=2006296675531.668, pkt_dequeue_time=2006296675531.668, forwarded_or_dropped=1, reason_for_drop='Expiry'
DUPE: 2003155717561_Node0_Node8_Zero, Node6 id 2003155717561_Node0_Node8_Zero was a dupe; retransmit: 0, pkt_enqueue_time=2006296675531.668, pkt_dequeue_time=2006296675531.668, forwarded_or_dropped=1, reason_for_drop='Expiry'
DUPE: 2003122927049_Node0_Node8_Zero, Node6 id 2003122927049_Node0_Node8_Zero was a dupe; retransmit: 0, pkt_enqueue_time=2006317455928.4863, pkt_dequeue_time=2006317455928.4863, forwarded_or_dropped=1, reason_for_drop='Expiry'
DUPE: 2003073745987_Node0_Node8_Zero, Node6 id 2003073745987_Node0_Node8_Zero was a dupe; retransmit: 0, pkt_enqueue_time=2006324465455.1228, pkt_dequeue_time=2006324465455.1228, forwarded_or_dropped=1, reason_for_drop='Expiry'
DUPE: 2003057347399_Node0_Node8_Zero, Node6 id 2003057347399_Node0_Node8_Zero was a dupe; retransmit: 0, pkt_enqueue_time=2006330818232.7593, pkt_dequeue_time=2006330818232.7593, forwarded_or_dropped=1, reason_for_drop='Expiry'
Node.py: (Node0)@2006400000000.0: Updated MCS from 0 to 0, hist=deque([0.0, 3.816326530612245, 1.8979591836734695, 0.08163265306122448, 0.5833333333333334], maxlen=5), packets_serviced=28, packets_received=48
Called Update: UpdateRouteCalls = 0, force = False
Called Update: UpdateRouteCalls = 1, force = False
Node.py: (Node2)@2006400000000.0: Updated MCS from 3 to 3, hist=deque([0.014925373134328358, 0.9333333333333333, 0.38596491228070173, 0.07142857142857142, 0.4782608695652174], maxlen=5), packets_serviced=22, packets_received=46
Called Update: UpdateRouteCalls = 2, force = False
Called Update: UpdateRouteCalls = 3, force = False
Node.py: (Node4)@2006400000000.0: Updated MCS from 0 to 0, hist=deque([0.2, 0.055865921787709494, 0.054945054945054944, 35.5, 0.6], maxlen=5), packets_serviced=12, packets_received=20
Called Update: UpdateRouteCalls = 4, force = False
Called Update: UpdateRouteCalls = 5, force = False
Node.py: (Node6)@2006400000000.0: Updated MCS from 3 to 3, hist=deque([0.04, 0.42857142857142855, 0.27586206896551724, 0.3217821782178218, 0.128], maxlen=5), packets_serviced=16, packets_received=125
Called Update: UpdateRouteCalls = 6, force = False
Called Update: UpdateRouteCalls = 7, force = False
Called Update: UpdateRouteCalls = 8, force = False
Called Update: UpdateRouteCalls = 9, force = False
!! UPDATING !!
routeNo, updatedMCSIndex =  0 [0, 3, 0, 3]
DUPE: 2003262274302_Node0_Node8_Zero, Node6 id 2003262274302_Node0_Node8_Zero was a dupe; retransmit: 0, pkt_enqueue_time=2006406188017.819, pkt_dequeue_time=2006406188017.819, forwarded_or_dropped=1, reason_for_drop='Expiry'
DUPE: 2003270474524_Node0_Node8_Zero, Node6 id 2003270474524_Node0_Node8_Zero was a dupe; retransmit: 0, pkt_enqueue_time=2006406188017.819, pkt_dequeue_time=2006406188017.819, forwarded_or_dropped=1, reason_for_drop='Expiry'
DUPE: 2003245887398_Node0_Node8_Zero, Node6 id 2003245887398_Node0_Node8_Zero was a dupe; retransmit: 0, pkt_enqueue_time=2006420709014.0918, pkt_dequeue_time=2006420709014.0918, forwarded_or_dropped=1, reason_for_drop='Expiry'
DUPE: 2003409807342_Node0_Node8_Zero, Node6 id 2003409807342_Node0_Node8_Zero was a dupe; retransmit: 0, pkt_enqueue_time=2006443423989.6375, pkt_dequeue_time=2006443423989.6375, forwarded_or_dropped=1, reason_for_drop='Expiry'
DUPE: 2003418005251_Node0_Node8_Zero, Node6 id 2003418005251_Node0_Node8_Zero was a dupe; retransmit: 0, pkt_enqueue_time=2006443423989.6375, pkt_dequeue_time=2006443423989.6375, forwarded_or_dropped=1, reason_for_drop='Expiry'
DUPE: 2003442591955_Node0_Node8_Zero, Node6 id 2003442591955_Node0_Node8_Zero was a dupe; retransmit: 0, pkt_enqueue_time=2006447340644.274, pkt_dequeue_time=2006447340644.274, forwarded_or_dropped=1, reason_for_drop='Expiry'
DUPE: 2003229496464_Node0_Node8_Zero, Node6 id 2003229496464_Node0_Node8_Zero was a dupe; retransmit: 0, pkt_enqueue_time=2006506470127.1821, pkt_dequeue_time=2006506470127.1821, forwarded_or_dropped=1, reason_for_drop='Expiry'
DUPE: 2003655708384_Node0_Node8_Zero, Node6 id 2003655708384_Node0_Node8_Zero was a dupe; retransmit: 0, pkt_enqueue_time=2006682970363.7256, pkt_dequeue_time=2006682970363.7256, forwarded_or_dropped=1, reason_for_drop='Expiry'
DUPE: 2003672104853_Node0_Node8_Zero, Node6 id 2003672104853_Node0_Node8_Zero was a dupe; retransmit: 0, pkt_enqueue_time=2006689255945.8164, pkt_dequeue_time=2006689255945.8164, forwarded_or_dropped=1, reason_for_drop='Expiry'
DUPE: 2003704887781_Node0_Node8_Zero, Node6 id 2003704887781_Node0_Node8_Zero was a dupe; retransmit: 0, pkt_enqueue_time=2006711781401.0889, pkt_dequeue_time=2006711781401.0889, forwarded_or_dropped=1, reason_for_drop='Expiry'
DUPE: 2003795043961_Node0_Node8_Zero, Node6 id 2003795043961_Node0_Node8_Zero was a dupe; retransmit: 0, pkt_enqueue_time=2006796824518.9976, pkt_dequeue_time=2006796824518.9976, forwarded_or_dropped=1, reason_for_drop='Expiry'
Node.py: (Node0)@2006800000000.0: Updated MCS from 0 to 0, hist=deque([3.816326530612245, 1.8979591836734695, 0.08163265306122448, 0.5833333333333334, 0.46938775510204084], maxlen=5), packets_serviced=23, packets_received=49
Called Update: UpdateRouteCalls = 0, force = False
Called Update: UpdateRouteCalls = 1, force = False
Node.py: (Node2)@2006800000000.0: Updated MCS from 3 to 3, hist=deque([0.9333333333333333, 0.38596491228070173, 0.07142857142857142, 0.4782608695652174, 0.4473684210526316], maxlen=5), packets_serviced=17, packets_received=38
Called Update: UpdateRouteCalls = 2, force = False
Called Update: UpdateRouteCalls = 3, force = False
Node.py: (Node4)@2006800000000.0: Updated MCS from 0 to 0, hist=deque([0.055865921787709494, 0.054945054945054944, 35.5, 0.6, 3.0833333333333335], maxlen=5), packets_serviced=37, packets_received=12
Called Update: UpdateRouteCalls = 4, force = False
Called Update: UpdateRouteCalls = 5, force = False
Node.py: (Node6)@2006800000000.0: Updated MCS from 3 to 3, hist=deque([0.42857142857142855, 0.27586206896551724, 0.3217821782178218, 0.128, 0.28205128205128205], maxlen=5), packets_serviced=33, packets_received=117
Called Update: UpdateRouteCalls = 6, force = False
Called Update: UpdateRouteCalls = 7, force = False
Called Update: UpdateRouteCalls = 8, force = False
Called Update: UpdateRouteCalls = 9, force = False
!! UPDATING !!
routeNo, updatedMCSIndex =  0 [0, 3, 0, 3]
DUPE: 2003844231689_Node0_Node8_Zero, Node6 id 2003844231689_Node0_Node8_Zero was a dupe; retransmit: 0, pkt_enqueue_time=2006908190131.3606, pkt_dequeue_time=2006908190131.3606, forwarded_or_dropped=1, reason_for_drop='Expiry'
DUPE: 2003909795323_Node0_Node8_Zero, Node6 id 2003909795323_Node0_Node8_Zero was a dupe; retransmit: 0, pkt_enqueue_time=2006924814748.5422, pkt_dequeue_time=2006924814748.5422, forwarded_or_dropped=1, reason_for_drop='Expiry'
DUPE: 2003893405266_Node0_Node8_Zero, Node6 id 2003893405266_Node0_Node8_Zero was a dupe; retransmit: 0, pkt_enqueue_time=2006930894631.9968, pkt_dequeue_time=2006930894631.9968, forwarded_or_dropped=1, reason_for_drop='Expiry'
DUPE: 2003836031398_Node0_Node8_Zero, Node6 id 2003836031398_Node0_Node8_Zero was a dupe; retransmit: 0, pkt_enqueue_time=2006934474286.5422, pkt_dequeue_time=2006934474286.5422, forwarded_or_dropped=1, reason_for_drop='Expiry'
DUPE: 2003647507324_Node0_Node8_Zero, Node6 id 2003647507324_Node0_Node8_Zero was a dupe; retransmit: 0, pkt_enqueue_time=2006945905589.27, pkt_dequeue_time=2006945905589.27, forwarded_or_dropped=1, reason_for_drop='Expiry'
DUPE: 2003663906600_Node0_Node8_Zero, Node6 id 2003663906600_Node0_Node8_Zero was a dupe; retransmit: 0, pkt_enqueue_time=2006948192461.27, pkt_dequeue_time=2006948192461.27, forwarded_or_dropped=1, reason_for_drop='Expiry'
DUPE: 2003803242753_Node0_Node8_Zero, Node6 id 2003803242753_Node0_Node8_Zero was a dupe; retransmit: 0, pkt_enqueue_time=2006952823013.8154, pkt_dequeue_time=2006952823013.8154, forwarded_or_dropped=1, reason_for_drop='Expiry'
DUPE: 2003811444150_Node0_Node8_Zero, Node6 id 2003811444150_Node0_Node8_Zero was a dupe; retransmit: 0, pkt_enqueue_time=2006956500881.8154, pkt_dequeue_time=2006956500881.8154, forwarded_or_dropped=1, reason_for_drop='Expiry'
DUPE: 2003958975093_Node0_Node8_Zero, Node6 id 2003958975093_Node0_Node8_Zero was a dupe; retransmit: 0, pkt_enqueue_time=2006960471536.3608, pkt_dequeue_time=2006960471536.3608, forwarded_or_dropped=1, reason_for_drop='Expiry'
DUPE: 2003827834069_Node0_Node8_Zero, Node6 id 2003827834069_Node0_Node8_Zero was a dupe; retransmit: 0, pkt_enqueue_time=2006964451190.9062, pkt_dequeue_time=2006964451190.9062, forwarded_or_dropped=1, reason_for_drop='Expiry'
DUPE: 2003549143536_Node0_Node8_Zero, Node6 id 2003549143536_Node0_Node8_Zero was a dupe; retransmit: 0, pkt_enqueue_time=2006968470845.4517, pkt_dequeue_time=2006968470845.4517, forwarded_or_dropped=1, reason_for_drop='Expiry'
DUPE: 2003581935156_Node0_Node8_Zero, Node6 id 2003581935156_Node0_Node8_Zero was a dupe; retransmit: 0, pkt_enqueue_time=2006971177717.4517, pkt_dequeue_time=2006971177717.4517, forwarded_or_dropped=1, reason_for_drop='Expiry'
DUPE: 2003917995532_Node0_Node8_Zero, Node6 id 2003917995532_Node0_Node8_Zero was a dupe; retransmit: 0, pkt_enqueue_time=2006979257026.5425, pkt_dequeue_time=2006979257026.5425, forwarded_or_dropped=1, reason_for_drop='Expiry'
DUPE: 2003852426694_Node0_Node8_Zero, Node6 id 2003852426694_Node0_Node8_Zero was a dupe; retransmit: 0, pkt_enqueue_time=2006987034496.088, pkt_dequeue_time=2006987034496.088, forwarded_or_dropped=1, reason_for_drop='Expiry'
DUPE: 2003901602820_Node0_Node8_Zero, Node6 id 2003901602820_Node0_Node8_Zero was a dupe; retransmit: 0, pkt_enqueue_time=2006991334150.6333, pkt_dequeue_time=2006991334150.6333, forwarded_or_dropped=1, reason_for_drop='Expiry'
DUPE: 2003606531506_Node0_Node8_Zero, Node6 id 2003606531506_Node0_Node8_Zero was a dupe; retransmit: 0, pkt_enqueue_time=2006995733805.1787, pkt_dequeue_time=2006995733805.1787, forwarded_or_dropped=1, reason_for_drop='Expiry'
main.py: Progress: 2007 / 2014
Called Update: UpdateRouteCalls = 0, force = True
!! UPDATING !!
routeNo, updatedMCSIndex =  0 [0, 3, 0, 3]

rf.py: Time: 2007 Route details: {0: {'Route': [0, 2, 4, 6, 8], 'MCS_Index': [0, 3, 0, 3], 'Priority': 1, 'ValidRoute': True, 'HQRoute': True, 'RouteNodeDensity': [1, 2, 2, 2, 1], 'InterferingLinks': 8, 'Target': (-1, -1)}}
DUPE: 2003877015655_Node0_Node8_Zero, Node6 id 2003877015655_Node0_Node8_Zero was a dupe; retransmit: 0, pkt_enqueue_time=2007000153459.724, pkt_dequeue_time=2007000153459.724, forwarded_or_dropped=1, reason_for_drop='Expiry'
DUPE: 2000819664859_Node0_Node8_Zero, Node4 id 2000819664859_Node0_Node8_Zero was a dupe; retransmit: 0, pkt_enqueue_time=2007002201304.7244, pkt_dequeue_time=2007002201304.7244, forwarded_or_dropped=1, reason_for_drop='Expiry'
DUPE: 2000836051827_Node0_Node8_Zero, Node4 id 2000836051827_Node0_Node8_Zero was a dupe; retransmit: 0, pkt_enqueue_time=2007002201304.7244, pkt_dequeue_time=2007002201304.7244, forwarded_or_dropped=1, reason_for_drop='Expiry'
DUPE: 2003885209667_Node0_Node8_Zero, Node6 id 2003885209667_Node0_Node8_Zero was a dupe; retransmit: 0, pkt_enqueue_time=2007005825122.5425, pkt_dequeue_time=2007005825122.5425, forwarded_or_dropped=1, reason_for_drop='Expiry'
DUPE: 2003622922881_Node0_Node8_Zero, Node6 id 2003622922881_Node0_Node8_Zero was a dupe; retransmit: 0, pkt_enqueue_time=2007011680881.088, pkt_dequeue_time=2007011680881.088, forwarded_or_dropped=1, reason_for_drop='Expiry'
DUPE: 2003934384590_Node0_Node8_Zero, Node6 id 2003934384590_Node0_Node8_Zero was a dupe; retransmit: 0, pkt_enqueue_time=2007016320535.6333, pkt_dequeue_time=2007016320535.6333, forwarded_or_dropped=1, reason_for_drop='Expiry'
DUPE: 2003950781480_Node0_Node8_Zero, Node6 id 2003950781480_Node0_Node8_Zero was a dupe; retransmit: 0, pkt_enqueue_time=2007052684830.9058, pkt_dequeue_time=2007052684830.9058, forwarded_or_dropped=1, reason_for_drop='Expiry'
DUPE: 2004090129882_Node0_Node8_Zero, Node6 id 2004090129882_Node0_Node8_Zero was a dupe; retransmit: 0, pkt_enqueue_time=2007094599469.996, pkt_dequeue_time=2007094599469.996, forwarded_or_dropped=1, reason_for_drop='Expiry'
DUPE: 2004106522488_Node0_Node8_Zero, Node6 id 2004106522488_Node0_Node8_Zero was a dupe; retransmit: 0, pkt_enqueue_time=2007107194390.7231, pkt_dequeue_time=2007107194390.7231, forwarded_or_dropped=1, reason_for_drop='Expiry'
DUPE: 2004131122041_Node0_Node8_Zero, Node6 id 2004131122041_Node0_Node8_Zero was a dupe; retransmit: 0, pkt_enqueue_time=2007132902132.8137, pkt_dequeue_time=2007132902132.8137, forwarded_or_dropped=1, reason_for_drop='Expiry'
DUPE: 2004163899835_Node0_Node8_Zero, Node6 id 2004163899835_Node0_Node8_Zero was a dupe; retransmit: 0, pkt_enqueue_time=2007181583207.5403, pkt_dequeue_time=2007181583207.5403, forwarded_or_dropped=1, reason_for_drop='Expiry'
DUPE: 2004172094168_Node0_Node8_Zero, Node6 id 2004172094168_Node0_Node8_Zero was a dupe; retransmit: 0, pkt_enqueue_time=2007186030516.631, pkt_dequeue_time=2007186030516.631, forwarded_or_dropped=1, reason_for_drop='Expiry'
DUPE: 2004188492640_Node0_Node8_Zero, Node6 id 2004188492640_Node0_Node8_Zero was a dupe; retransmit: 0, pkt_enqueue_time=2007195911134.8127, pkt_dequeue_time=2007195911134.8127, forwarded_or_dropped=1, reason_for_drop='Expiry'
Node.py: (Node0)@2007200000000.0: Updated MCS from 0 to 0, hist=deque([1.8979591836734695, 0.08163265306122448, 0.5833333333333334, 0.46938775510204084, 0.061224489795918366], maxlen=5), packets_serviced=3, packets_received=49
Called Update: UpdateRouteCalls = 0, force = False
Called Update: UpdateRouteCalls = 1, force = False
Node.py: (Node2)@2007200000000.0: Updated MCS from 3 to 3, hist=deque([0.38596491228070173, 0.07142857142857142, 0.4782608695652174, 0.4473684210526316, 0.21428571428571427], maxlen=5), packets_serviced=3, packets_received=14
Called Update: UpdateRouteCalls = 2, force = False
Called Update: UpdateRouteCalls = 3, force = False
Node.py: (Node4)@2007200000000.0: Updated MCS from 0 to 0, hist=deque([0.054945054945054944, 35.5, 0.6, 3.0833333333333335, 8.4], maxlen=5), packets_serviced=42, packets_received=5
Called Update: UpdateRouteCalls = 4, force = False
Called Update: UpdateRouteCalls = 5, force = False
Node.py: (Node6)@2007200000000.0: Updated MCS from 3 to 3, hist=deque([0.27586206896551724, 0.3217821782178218, 0.128, 0.28205128205128205, 0.2661290322580645], maxlen=5), packets_serviced=33, packets_received=124
Called Update: UpdateRouteCalls = 6, force = False
Called Update: UpdateRouteCalls = 7, force = False
Called Update: UpdateRouteCalls = 8, force = False
Called Update: UpdateRouteCalls = 9, force = False
!! UPDATING !!
routeNo, updatedMCSIndex =  0 [0, 3, 0, 3]
DUPE: 2004180294796_Node0_Node8_Zero, Node6 id 2004180294796_Node0_Node8_Zero was a dupe; retransmit: 0, pkt_enqueue_time=2007261419572.8118, pkt_dequeue_time=2007261419572.8118, forwarded_or_dropped=1, reason_for_drop='Expiry'
DUPE: 2004196686168_Node0_Node8_Zero, Node6 id 2004196686168_Node0_Node8_Zero was a dupe; retransmit: 0, pkt_enqueue_time=2007264179227.3572, pkt_dequeue_time=2007264179227.3572, forwarded_or_dropped=1, reason_for_drop='Expiry'
DUPE: 2004237667571_Node0_Node8_Zero, Node6 id 2004237667571_Node0_Node8_Zero was a dupe; retransmit: 0, pkt_enqueue_time=2007271964190.9934, pkt_dequeue_time=2007271964190.9934, forwarded_or_dropped=1, reason_for_drop='Expiry'
DUPE: 2004327828963_Node0_Node8_Zero, Node6 id 2004327828963_Node0_Node8_Zero was a dupe; retransmit: 0, pkt_enqueue_time=2007364103485.6282, pkt_dequeue_time=2007364103485.6282, forwarded_or_dropped=1, reason_for_drop='Expiry'
DUPE: 2004491768211_Node0_Node8_Zero, Node6 id 2004491768211_Node0_Node8_Zero was a dupe; retransmit: 0, pkt_enqueue_time=2007524008214.3535, pkt_dequeue_time=2007524008214.3535, forwarded_or_dropped=1, reason_for_drop='Expiry'
DUPE: 2004499964771_Node0_Node8_Zero, Node6 id 2004499964771_Node0_Node8_Zero was a dupe; retransmit: 0, pkt_enqueue_time=2007528787523.4443, pkt_dequeue_time=2007528787523.4443, forwarded_or_dropped=1, reason_for_drop='Expiry'
DUPE: 2004311439839_Node0_Node8_Zero, Node6 id 2004311439839_Node0_Node8_Zero was a dupe; retransmit: 0, pkt_enqueue_time=2007593860878.1707, pkt_dequeue_time=2007593860878.1707, forwarded_or_dropped=1, reason_for_drop='Expiry'
DUPE: 2004385205523_Node0_Node8_Zero, Node6 id 2004385205523_Node0_Node8_Zero was a dupe; retransmit: 0, pkt_enqueue_time=2007596443532.716, pkt_dequeue_time=2007596443532.716, forwarded_or_dropped=1, reason_for_drop='Expiry'
Node.py: (Node0)@2007600000000.0: Updated MCS from 0 to 1, hist=deque([0.08163265306122448, 0.5833333333333334, 0.46938775510204084, 0.061224489795918366, 0.0], maxlen=5), packets_serviced=0, packets_received=49
Called Update: UpdateRouteCalls = 0, force = False
Called Update: UpdateRouteCalls = 1, force = False
Node.py: (Node2)@2007600000000.0: Updated MCS from 3 to 3, hist=deque([0.07142857142857142, 0.4782608695652174, 0.4473684210526316, 0.21428571428571427, 0.09090909090909091], maxlen=5), packets_serviced=1, packets_received=11
Called Update: UpdateRouteCalls = 2, force = False
Called Update: UpdateRouteCalls = 3, force = False
Called Update: UpdateRouteCalls = 4, force = False
Called Update: UpdateRouteCalls = 5, force = False
Node.py: (Node6)@2007600000000.0: Updated MCS from 3 to 3, hist=deque([0.3217821782178218, 0.128, 0.28205128205128205, 0.2661290322580645, 0.39215686274509803], maxlen=5), packets_serviced=60, packets_received=153
Called Update: UpdateRouteCalls = 6, force = False
Called Update: UpdateRouteCalls = 7, force = False
Called Update: UpdateRouteCalls = 8, force = False
Called Update: UpdateRouteCalls = 9, force = False
!! UPDATING !!
routeNo, updatedMCSIndex =  0 [1, 3, 0, 3]
DUPE: 2004368813561_Node0_Node8_Zero, Node6 id 2004368813561_Node0_Node8_Zero was a dupe; retransmit: 0, pkt_enqueue_time=2007602174059.2615, pkt_dequeue_time=2007602174059.2615, forwarded_or_dropped=1, reason_for_drop='Expiry'
DUPE: 2004573740656_Node0_Node8_Zero, Node6 id 2004573740656_Node0_Node8_Zero was a dupe; retransmit: 0, pkt_enqueue_time=2007604833713.807, pkt_dequeue_time=2007604833713.807, forwarded_or_dropped=1, reason_for_drop='Expiry'
DUPE: 2004458980470_Node0_Node8_Zero, Node6 id 2004458980470_Node0_Node8_Zero was a dupe; retransmit: 0, pkt_enqueue_time=2007607553368.3523, pkt_dequeue_time=2007607553368.3523, forwarded_or_dropped=1, reason_for_drop='Expiry'
DUPE: 2004401599289_Node0_Node8_Zero, Node6 id 2004401599289_Node0_Node8_Zero was a dupe; retransmit: 0, pkt_enqueue_time=2007615033549.443, pkt_dequeue_time=2007615033549.443, forwarded_or_dropped=1, reason_for_drop='Expiry'
DUPE: 2004450786825_Node0_Node8_Zero, Node6 id 2004450786825_Node0_Node8_Zero was a dupe; retransmit: 0, pkt_enqueue_time=2007617773203.9885, pkt_dequeue_time=2007617773203.9885, forwarded_or_dropped=1, reason_for_drop='Expiry'
DUPE: 2004319634892_Node0_Node8_Zero, Node6 id 2004319634892_Node0_Node8_Zero was a dupe; retransmit: 0, pkt_enqueue_time=2007631909685.6248, pkt_dequeue_time=2007631909685.6248, forwarded_or_dropped=1, reason_for_drop='Expiry'
DUPE: 2004434388004_Node0_Node8_Zero, Node6 id 2004434388004_Node0_Node8_Zero was a dupe; retransmit: 0, pkt_enqueue_time=2007634758340.1702, pkt_dequeue_time=2007634758340.1702, forwarded_or_dropped=1, reason_for_drop='Expiry'
DUPE: 2004622915209_Node0_Node8_Zero, Node6 id 2004622915209_Node0_Node8_Zero was a dupe; retransmit: 0, pkt_enqueue_time=2007637617994.7156, pkt_dequeue_time=2007637617994.7156, forwarded_or_dropped=1, reason_for_drop='Expiry'
DUPE: 2004614719549_Node0_Node8_Zero, Node6 id 2004614719549_Node0_Node8_Zero was a dupe; retransmit: 0, pkt_enqueue_time=2007640477649.261, pkt_dequeue_time=2007640477649.261, forwarded_or_dropped=1, reason_for_drop='Expiry'
DUPE: 2004270455890_Node0_Node8_Zero, Node6 id 2004270455890_Node0_Node8_Zero was a dupe; retransmit: 0, pkt_enqueue_time=2007643337303.8064, pkt_dequeue_time=2007643337303.8064, forwarded_or_dropped=1, reason_for_drop='Expiry'
DUPE: 2004565547139_Node0_Node8_Zero, Node6 id 2004565547139_Node0_Node8_Zero was a dupe; retransmit: 0, pkt_enqueue_time=2007735366222.2612, pkt_dequeue_time=2007735366222.2612, forwarded_or_dropped=1, reason_for_drop='Expiry'
DUPE: 2004286855189_Node0_Node8_Zero, Node6 id 2004286855189_Node0_Node8_Zero was a dupe; retransmit: 0, pkt_enqueue_time=2007795483476.4458, pkt_dequeue_time=2007795483476.4458, forwarded_or_dropped=1, reason_for_drop='Expiry'
DUPE: 2004204884333_Node0_Node8_Zero, Node6 id 2004204884333_Node0_Node8_Zero was a dupe; retransmit: 0, pkt_enqueue_time=2007803187440.9912, pkt_dequeue_time=2007803187440.9912, forwarded_or_dropped=1, reason_for_drop='Expiry'
DUPE: 2004221279292_Node0_Node8_Zero, Node6 id 2004221279292_Node0_Node8_Zero was a dupe; retransmit: 0, pkt_enqueue_time=2007809614421.5366, pkt_dequeue_time=2007809614421.5366, forwarded_or_dropped=1, reason_for_drop='Expiry'
DUPE: 2004114723786_Node0_Node8_Zero, Node6 id 2004114723786_Node0_Node8_Zero was a dupe; retransmit: 0, pkt_enqueue_time=2007820041379.6274, pkt_dequeue_time=2007820041379.6274, forwarded_or_dropped=1, reason_for_drop='Expiry'
DUPE: 2004417995952_Node0_Node8_Zero, Node6 id 2004417995952_Node0_Node8_Zero was a dupe; retransmit: 0, pkt_enqueue_time=2007826220325.082, pkt_dequeue_time=2007826220325.082, forwarded_or_dropped=1, reason_for_drop='Expiry'
DUPE: 2004704882928_Node0_Node8_Zero, Node6 id 2004704882928_Node0_Node8_Zero was a dupe; retransmit: 0, pkt_enqueue_time=2007831553329.6274, pkt_dequeue_time=2007831553329.6274, forwarded_or_dropped=1, reason_for_drop='Expiry'
DUPE: 2004581933954_Node0_Node8_Zero, Node6 id 2004581933954_Node0_Node8_Zero was a dupe; retransmit: 0, pkt_enqueue_time=2007835752984.1729, pkt_dequeue_time=2007835752984.1729, forwarded_or_dropped=1, reason_for_drop='Expiry'
DUPE: 2004106522488_Node0_Node8_Zero, Node6 id 2004106522488_Node0_Node8_Zero was a dupe; retransmit: 0, pkt_enqueue_time=2007841266020.7183, pkt_dequeue_time=2007841266020.7183, forwarded_or_dropped=1, reason_for_drop='Expiry'
DUPE: 2004647509661_Node0_Node8_Zero, Node6 id 2004647509661_Node0_Node8_Zero was a dupe; retransmit: 0, pkt_enqueue_time=2007856967507.9, pkt_dequeue_time=2007856967507.9, forwarded_or_dropped=1, reason_for_drop='Expiry'
DUPE: 2004467178880_Node0_Node8_Zero, Node6 id 2004467178880_Node0_Node8_Zero was a dupe; retransmit: 0, pkt_enqueue_time=2007872494563.5361, pkt_dequeue_time=2007872494563.5361, forwarded_or_dropped=1, reason_for_drop='Expiry'
DUPE: 2004245867137_Node0_Node8_Zero, Node6 id 2004245867137_Node0_Node8_Zero was a dupe; retransmit: 0, pkt_enqueue_time=2007878210763.0815, pkt_dequeue_time=2007878210763.0815, forwarded_or_dropped=1, reason_for_drop='Expiry'
DUPE: 2003819638505_Node0_Node8_Zero, Node6 id 2003819638505_Node0_Node8_Zero was a dupe; retransmit: 0, pkt_enqueue_time=2007885739471.627, pkt_dequeue_time=2007885739471.627, forwarded_or_dropped=1, reason_for_drop='Expiry'
DUPE: 2004934379088_Node0_Node8_Zero, Node6 id 2004934379088_Node0_Node8_Zero was a dupe; retransmit: 0, pkt_enqueue_time=2007936651204.775, pkt_dequeue_time=2007936651204.775, forwarded_or_dropped=1, reason_for_drop='Expiry'
DUPE: 2004950768850_Node0_Node8_Zero, Node6 id 2004950768850_Node0_Node8_Zero was a dupe; retransmit: 0, pkt_enqueue_time=2007952839451.3203, pkt_dequeue_time=2007952839451.3203, forwarded_or_dropped=1, reason_for_drop='Expiry'
DUPE: 2004975358608_Node0_Node8_Zero, Node6 id 2004975358608_Node0_Node8_Zero was a dupe; retransmit: 0, pkt_enqueue_time=2007988815821.9563, pkt_dequeue_time=2007988815821.9563, forwarded_or_dropped=1, reason_for_drop='Expiry'
main.py: Progress: 2008 / 2014
Node.py: (Node0)@2008000000000.0: Updated MCS from 1 to 2, hist=deque([0.5833333333333334, 0.46938775510204084, 0.061224489795918366, 0.0, 1.1041666666666667], maxlen=5), packets_serviced=53, packets_received=48
Called Update: UpdateRouteCalls = 0, force = False
Called Update: UpdateRouteCalls = 1, force = False
Node.py: (Node2)@2008000000000.0: Updated MCS from 3 to 3, hist=deque([0.4782608695652174, 0.4473684210526316, 0.21428571428571427, 0.09090909090909091, 0.06722689075630252], maxlen=5), packets_serviced=8, packets_received=119
Called Update: UpdateRouteCalls = 2, force = False
Called Update: UpdateRouteCalls = 3, force = False
Called Update: UpdateRouteCalls = 4, force = False
Called Update: UpdateRouteCalls = 5, force = False
Node.py: (Node6)@2008000000000.0: Updated MCS from 3 to 3, hist=deque([0.128, 0.28205128205128205, 0.2661290322580645, 0.39215686274509803, 0.20833333333333334], maxlen=5), packets_serviced=15, packets_received=72
Called Update: UpdateRouteCalls = 6, force = False
Called Update: UpdateRouteCalls = 7, force = False
Called Update: UpdateRouteCalls = 8, force = False
Called Update: UpdateRouteCalls = 9, force = False
!! UPDATING !!
routeNo, updatedMCSIndex =  0 [2, 3, 0, 3]
Called Update: UpdateRouteCalls = 0, force = True
!! UPDATING !!
routeNo, updatedMCSIndex =  0 [2, 3, 0, 3]

rf.py: Time: 2008 Route details: {0: {'Route': [0, 2, 4, 6, 8], 'MCS_Index': [2, 3, 0, 3], 'Priority': 1, 'ValidRoute': True, 'HQRoute': True, 'RouteNodeDensity': [1, 2, 2, 2, 1], 'InterferingLinks': 8, 'Target': (-1, -1)}}
DUPE: 2004942571191_Node0_Node8_Zero, Node6 id 2004942571191_Node0_Node8_Zero was a dupe; retransmit: 0, pkt_enqueue_time=2008001090753.138, pkt_dequeue_time=2008001090753.138, forwarded_or_dropped=1, reason_for_drop='Expiry'
DUPE: 2004999951926_Node0_Node8_Zero, Node6 id 2004999951926_Node0_Node8_Zero was a dupe; retransmit: 0, pkt_enqueue_time=2008003302407.6833, pkt_dequeue_time=2008003302407.6833, forwarded_or_dropped=1, reason_for_drop='Expiry'
DUPE: 2005032744734_Node0_Node8_Zero, Node6 id 2005032744734_Node0_Node8_Zero was a dupe; retransmit: 0, pkt_enqueue_time=2008046187458.8657, pkt_dequeue_time=2008046187458.8657, forwarded_or_dropped=1, reason_for_drop='Expiry'
DUPE: 2005172092403_Node0_Node8_Zero, Node6 id 2005172092403_Node0_Node8_Zero was a dupe; retransmit: 0, pkt_enqueue_time=2008186616977.8638, pkt_dequeue_time=2008186616977.8638, forwarded_or_dropped=1, reason_for_drop='Expiry'
DUPE: 2005163896534_Node0_Node8_Zero, Node6 id 2005163896534_Node0_Node8_Zero was a dupe; retransmit: 0, pkt_enqueue_time=2008245462952.6812, pkt_dequeue_time=2008245462952.6812, forwarded_or_dropped=1, reason_for_drop='Expiry'
DUPE: 2005114716963_Node0_Node8_Zero, Node6 id 2005114716963_Node0_Node8_Zero was a dupe; retransmit: 0, pkt_enqueue_time=2008261748358.6812, pkt_dequeue_time=2008261748358.6812, forwarded_or_dropped=1, reason_for_drop='Expiry'
DUPE: 2000631115917_Node0_Node8_Zero, Node2 id 2000631115917_Node0_Node8_Zero was a dupe; retransmit: 0, pkt_enqueue_time=2008264009311.4998, pkt_dequeue_time=2008264009311.4998, forwarded_or_dropped=1, reason_for_drop='Expiry'
DUPE: 2000639317428_Node0_Node8_Zero, Node2 id 2000639317428_Node0_Node8_Zero was a dupe; retransmit: 0, pkt_enqueue_time=2008264009311.4998, pkt_dequeue_time=2008264009311.4998, forwarded_or_dropped=1, reason_for_drop='Expiry'
DUPE: 2005139303328_Node0_Node8_Zero, Node6 id 2005139303328_Node0_Node8_Zero was a dupe; retransmit: 0, pkt_enqueue_time=2008266870599.2266, pkt_dequeue_time=2008266870599.2266, forwarded_or_dropped=1, reason_for_drop='Expiry'
DUPE: 2005188483046_Node0_Node8_Zero, Node6 id 2005188483046_Node0_Node8_Zero was a dupe; retransmit: 0, pkt_enqueue_time=2008270690253.772, pkt_dequeue_time=2008270690253.772, forwarded_or_dropped=1, reason_for_drop='Expiry'
DUPE: 2005196682539_Node0_Node8_Zero, Node6 id 2005196682539_Node0_Node8_Zero was a dupe; retransmit: 0, pkt_enqueue_time=2008274538908.3174, pkt_dequeue_time=2008274538908.3174, forwarded_or_dropped=1, reason_for_drop='Expiry'
DUPE: 2001057373143_Node0_Node8_Zero, Node2 id 2001057373143_Node0_Node8_Zero was a dupe; retransmit: 0, pkt_enqueue_time=2008277371875.1362, pkt_dequeue_time=2008277371875.1362, forwarded_or_dropped=1, reason_for_drop='Expiry'
DUPE: 2001065570970_Node0_Node8_Zero, Node2 id 2001065570970_Node0_Node8_Zero was a dupe; retransmit: 0, pkt_enqueue_time=2008277371875.1362, pkt_dequeue_time=2008277371875.1362, forwarded_or_dropped=1, reason_for_drop='Expiry'
DUPE: 2005270439575_Node0_Node8_Zero, Node6 id 2005270439575_Node0_Node8_Zero was a dupe; retransmit: 0, pkt_enqueue_time=2008279701162.8628, pkt_dequeue_time=2008279701162.8628, forwarded_or_dropped=1, reason_for_drop='Expiry'
DUPE: 2005311435193_Node0_Node8_Zero, Node6 id 2005311435193_Node0_Node8_Zero was a dupe; retransmit: 0, pkt_enqueue_time=2008312450183.9531, pkt_dequeue_time=2008312450183.9531, forwarded_or_dropped=1, reason_for_drop='Expiry'
DUPE: 2000877032624_Node0_Node8_Zero, Node2 id 2000877032624_Node0_Node8_Zero was a dupe; retransmit: 0, pkt_enqueue_time=2008324509918.0444, pkt_dequeue_time=2008324509918.0444, forwarded_or_dropped=1, reason_for_drop='Expiry'
DUPE: 2005303236781_Node0_Node8_Zero, Node6 id 2005303236781_Node0_Node8_Zero was a dupe; retransmit: 0, pkt_enqueue_time=2008331760386.771, pkt_dequeue_time=2008331760386.771, forwarded_or_dropped=1, reason_for_drop='Expiry'
DUPE: 2005319627395_Node0_Node8_Zero, Node6 id 2005319627395_Node0_Node8_Zero was a dupe; retransmit: 0, pkt_enqueue_time=2008353441751.6797, pkt_dequeue_time=2008353441751.6797, forwarded_or_dropped=1, reason_for_drop='Expiry'
Node.py: (Node0)@2008400000000.0: Updated MCS from 2 to 3, hist=deque([0.46938775510204084, 0.061224489795918366, 0.0, 1.1041666666666667, 0.16326530612244897], maxlen=5), packets_serviced=8, packets_received=49
Called Update: UpdateRouteCalls = 0, force = False
Called Update: UpdateRouteCalls = 1, force = False
Node.py: (Node2)@2008400000000.0: Updated MCS from 3 to 3, hist=deque([0.4473684210526316, 0.21428571428571427, 0.09090909090909091, 0.06722689075630252, 1.4827586206896552], maxlen=5), packets_serviced=43, packets_received=29
Called Update: UpdateRouteCalls = 2, force = False
Called Update: UpdateRouteCalls = 3, force = False
Node.py: (Node4)@2008400000000.0: Updated MCS from 0 to 0, hist=deque([35.5, 0.6, 3.0833333333333335, 8.4, 0.9787234042553191], maxlen=5), packets_serviced=46, packets_received=47
Called Update: UpdateRouteCalls = 4, force = False
Called Update: UpdateRouteCalls = 5, force = False
Node.py: (Node6)@2008400000000.0: Updated MCS from 3 to 3, hist=deque([0.28205128205128205, 0.2661290322580645, 0.39215686274509803, 0.20833333333333334, 0.39316239316239315], maxlen=5), packets_serviced=46, packets_received=117
Called Update: UpdateRouteCalls = 6, force = False
Called Update: UpdateRouteCalls = 7, force = False
Called Update: UpdateRouteCalls = 8, force = False
Called Update: UpdateRouteCalls = 9, force = False
!! UPDATING !!
routeNo, updatedMCSIndex =  0 [3, 3, 0, 3]
DUPE: 2005336011886_Node0_Node8_Zero, Node6 id 2005336011886_Node0_Node8_Zero was a dupe; retransmit: 0, pkt_enqueue_time=2008441472906.5918, pkt_dequeue_time=2008441472906.5918, forwarded_or_dropped=1, reason_for_drop='Expiry'
DUPE: 2005286835209_Node0_Node8_Zero, Node6 id 2005286835209_Node0_Node8_Zero was a dupe; retransmit: 0, pkt_enqueue_time=2008546066111.5923, pkt_dequeue_time=2008546066111.5923, forwarded_or_dropped=1, reason_for_drop='Expiry'
DUPE: 2005598320509_Node0_Node8_Zero, Node6 id 2005598320509_Node0_Node8_Zero was a dupe; retransmit: 0, pkt_enqueue_time=2008706612737.8655, pkt_dequeue_time=2008706612737.8655, forwarded_or_dropped=1, reason_for_drop='Expiry'
DUPE: 2005327819731_Node0_Node8_Zero, Node6 id 2005327819731_Node0_Node8_Zero was a dupe; retransmit: 0, pkt_enqueue_time=2008709492392.411, pkt_dequeue_time=2008709492392.411, forwarded_or_dropped=1, reason_for_drop='Expiry'
Node.py: (Node0)@2008800000000.0: Updated MCS from 3 to 2, hist=deque([0.061224489795918366, 0.0, 1.1041666666666667, 0.16326530612244897, 4.163265306122449], maxlen=5), packets_serviced=204, packets_received=49
Called Update: UpdateRouteCalls = 0, force = False
Called Update: UpdateRouteCalls = 1, force = False
Node.py: (Node2)@2008800000000.0: Updated MCS from 3 to 3, hist=deque([0.21428571428571427, 0.09090909090909091, 0.06722689075630252, 1.4827586206896552, 0.9010416666666666], maxlen=5), packets_serviced=173, packets_received=192
Called Update: UpdateRouteCalls = 2, force = False
Called Update: UpdateRouteCalls = 3, force = False
Node.py: (Node4)@2008800000000.0: Updated MCS from 0 to 0, hist=deque([0.6, 3.0833333333333335, 8.4, 0.9787234042553191, 0.1329479768786127], maxlen=5), packets_serviced=23, packets_received=173
Called Update: UpdateRouteCalls = 4, force = False
Called Update: UpdateRouteCalls = 5, force = False
Node.py: (Node6)@2008800000000.0: Updated MCS from 3 to 3, hist=deque([0.2661290322580645, 0.39215686274509803, 0.20833333333333334, 0.39316239316239315, 0.37209302325581395], maxlen=5), packets_serviced=16, packets_received=43
Called Update: UpdateRouteCalls = 6, force = False
Called Update: UpdateRouteCalls = 7, force = False
Called Update: UpdateRouteCalls = 8, force = False
Called Update: UpdateRouteCalls = 9, force = False
!! UPDATING !!
routeNo, updatedMCSIndex =  0 [2, 3, 0, 3]
main.py: Progress: 2009 / 2014
Called Update: UpdateRouteCalls = 0, force = True
!! UPDATING !!
routeNo, updatedMCSIndex =  0 [2, 3, 0, 3]

rf.py: Time: 2009 Route details: {0: {'Route': [0, 2, 4, 6, 8], 'MCS_Index': [2, 3, 0, 3], 'Priority': 1, 'ValidRoute': True, 'HQRoute': True, 'RouteNodeDensity': [1, 2, 2, 2, 1], 'InterferingLinks': 8, 'Target': (-1, -1)}}
DUPE: 2005639297408_Node0_Node8_Zero, Node6 id 2005639297408_Node0_Node8_Zero was a dupe; retransmit: 0, pkt_enqueue_time=2009031372427.5308, pkt_dequeue_time=2009031372427.5308, forwarded_or_dropped=1, reason_for_drop='Expiry'
DUPE: 2005581926680_Node0_Node8_Zero, Node6 id 2005581926680_Node0_Node8_Zero was a dupe; retransmit: 0, pkt_enqueue_time=2009039302519.723, pkt_dequeue_time=2009039302519.723, forwarded_or_dropped=1, reason_for_drop='Expiry'
DUPE: 2005147502203_Node0_Node8_Zero, Node6 id 2005147502203_Node0_Node8_Zero was a dupe; retransmit: 0, pkt_enqueue_time=2009047363904.0344, pkt_dequeue_time=2009047363904.0344, forwarded_or_dropped=1, reason_for_drop='Expiry'
DUPE: 2005491763270_Node0_Node8_Zero, Node6 id 2005491763270_Node0_Node8_Zero was a dupe; retransmit: 0, pkt_enqueue_time=2009055866796.346, pkt_dequeue_time=2009055866796.346, forwarded_or_dropped=1, reason_for_drop='Expiry'
DUPE: 2005295036306_Node0_Node8_Zero, Node6 id 2005295036306_Node0_Node8_Zero was a dupe; retransmit: 0, pkt_enqueue_time=2009064272561.6575, pkt_dequeue_time=2009064272561.6575, forwarded_or_dropped=1, reason_for_drop='Expiry'
DUPE: 2005754053644_Node0_Node8_Zero, Node6 id 2005754053644_Node0_Node8_Zero was a dupe; retransmit: 0, pkt_enqueue_time=2009071316280.1812, pkt_dequeue_time=2009071316280.1812, forwarded_or_dropped=1, reason_for_drop='Expiry'
DUPE: 2005614714613_Node0_Node8_Zero, Node6 id 2005614714613_Node0_Node8_Zero was a dupe; retransmit: 0, pkt_enqueue_time=2009080742043.4624, pkt_dequeue_time=2009080742043.4624, forwarded_or_dropped=1, reason_for_drop='Expiry'
DUPE: 2005245854847_Node0_Node8_Zero, Node6 id 2005245854847_Node0_Node8_Zero was a dupe; retransmit: 0, pkt_enqueue_time=2009087875007.8042, pkt_dequeue_time=2009087875007.8042, forwarded_or_dropped=1, reason_for_drop='Expiry'
DUPE: 2004983555505_Node0_Node8_Zero, Node6 id 2004983555505_Node0_Node8_Zero was a dupe; retransmit: 0, pkt_enqueue_time=2009103084582.215, pkt_dequeue_time=2009103084582.215, forwarded_or_dropped=1, reason_for_drop='Expiry'
DUPE: 2005524553307_Node0_Node8_Zero, Node6 id 2005524553307_Node0_Node8_Zero was a dupe; retransmit: 0, pkt_enqueue_time=2009113875965.5266, pkt_dequeue_time=2009113875965.5266, forwarded_or_dropped=1, reason_for_drop='Expiry'
DUPE: 2005885212096_Node0_Node8_Zero, Node6 id 2005885212096_Node0_Node8_Zero was a dupe; retransmit: 0, pkt_enqueue_time=2009121201451.0503, pkt_dequeue_time=2009121201451.0503, forwarded_or_dropped=1, reason_for_drop='Expiry'
Node.py: (Node0)@2009200000000.0: Updated MCS from 2 to 1, hist=deque([0.0, 1.1041666666666667, 0.16326530612244897, 4.163265306122449, 3.7755102040816326], maxlen=5), packets_serviced=185, packets_received=49
Called Update: UpdateRouteCalls = 0, force = False
Called Update: UpdateRouteCalls = 1, force = False
Node.py: (Node2)@2009200000000.0: Updated MCS from 3 to 3, hist=deque([0.09090909090909091, 0.06722689075630252, 1.4827586206896552, 0.9010416666666666, 1.0641711229946524], maxlen=5), packets_serviced=199, packets_received=187
Called Update: UpdateRouteCalls = 2, force = False
Called Update: UpdateRouteCalls = 3, force = False
Node.py: (Node4)@2009200000000.0: Updated MCS from 0 to 0, hist=deque([3.0833333333333335, 8.4, 0.9787234042553191, 0.1329479768786127, 0.07035175879396985], maxlen=5), packets_serviced=14, packets_received=199
Called Update: UpdateRouteCalls = 4, force = False
Called Update: UpdateRouteCalls = 5, force = False
Node.py: (Node6)@2009200000000.0: Updated MCS from 3 to 3, hist=deque([0.39215686274509803, 0.20833333333333334, 0.39316239316239315, 0.37209302325581395, 0.3448275862068966], maxlen=5), packets_serviced=10, packets_received=29
Called Update: UpdateRouteCalls = 6, force = False
Called Update: UpdateRouteCalls = 7, force = False
Called Update: UpdateRouteCalls = 8, force = False
Called Update: UpdateRouteCalls = 9, force = False
!! UPDATING !!
routeNo, updatedMCSIndex =  0 [1, 3, 0, 3]
DUPE: 2006180300481_Node0_Node8_Zero, Node6 id 2006180300481_Node0_Node8_Zero was a dupe; retransmit: 0, pkt_enqueue_time=2009205315751.0408, pkt_dequeue_time=2009205315751.0408, forwarded_or_dropped=1, reason_for_drop='Expiry'
DUPE: 2006204887462_Node0_Node8_Zero, Node6 id 2006204887462_Node0_Node8_Zero was a dupe; retransmit: 0, pkt_enqueue_time=2009208781004.859, pkt_dequeue_time=2009208781004.859, forwarded_or_dropped=1, reason_for_drop='Expiry'
DUPE: 2006221287263_Node0_Node8_Zero, Node6 id 2006221287263_Node0_Node8_Zero was a dupe; retransmit: 0, pkt_enqueue_time=2009224002513.2227, pkt_dequeue_time=2009224002513.2227, forwarded_or_dropped=1, reason_for_drop='Expiry'
DUPE: 2006229483213_Node0_Node8_Zero, Node6 id 2006229483213_Node0_Node8_Zero was a dupe; retransmit: 0, pkt_enqueue_time=2009241034610.5862, pkt_dequeue_time=2009241034610.5862, forwarded_or_dropped=1, reason_for_drop='Expiry'
DUPE: 2006262278158_Node0_Node8_Zero, Node6 id 2006262278158_Node0_Node8_Zero was a dupe; retransmit: 0, pkt_enqueue_time=2009264241463.6765, pkt_dequeue_time=2009264241463.6765, forwarded_or_dropped=1, reason_for_drop='Expiry'
DUPE: 2006327858879_Node0_Node8_Zero, Node6 id 2006327858879_Node0_Node8_Zero was a dupe; retransmit: 0, pkt_enqueue_time=2009330941325.0403, pkt_dequeue_time=2009330941325.0403, forwarded_or_dropped=1, reason_for_drop='Expiry'
DUPE: 2006368846662_Node0_Node8_Zero, Node6 id 2006368846662_Node0_Node8_Zero was a dupe; retransmit: 0, pkt_enqueue_time=2009395174889.4944, pkt_dequeue_time=2009395174889.4944, forwarded_or_dropped=1, reason_for_drop='Expiry'
DUPE: 2006401627896_Node0_Node8_Zero, Node6 id 2006401627896_Node0_Node8_Zero was a dupe; retransmit: 0, pkt_enqueue_time=2009403287894.5852, pkt_dequeue_time=2009403287894.5852, forwarded_or_dropped=1, reason_for_drop='Expiry'
DUPE: 2006426221009_Node0_Node8_Zero, Node6 id 2006426221009_Node0_Node8_Zero was a dupe; retransmit: 0, pkt_enqueue_time=2009451000858.5864, pkt_dequeue_time=2009451000858.5864, forwarded_or_dropped=1, reason_for_drop='Expiry'
DUPE: 2006491800565_Node0_Node8_Zero, Node6 id 2006491800565_Node0_Node8_Zero was a dupe; retransmit: 0, pkt_enqueue_time=2009499133759.2222, pkt_dequeue_time=2009499133759.2222, forwarded_or_dropped=1, reason_for_drop='Expiry'
DUPE: 2006459013979_Node0_Node8_Zero, Node6 id 2006459013979_Node0_Node8_Zero was a dupe; retransmit: 0, pkt_enqueue_time=2009508777181.1313, pkt_dequeue_time=2009508777181.1313, forwarded_or_dropped=1, reason_for_drop='Expiry'
DUPE: 2006352457162_Node0_Node8_Zero, Node6 id 2006352457162_Node0_Node8_Zero was a dupe; retransmit: 0, pkt_enqueue_time=2009512436835.6768, pkt_dequeue_time=2009512436835.6768, forwarded_or_dropped=1, reason_for_drop='Expiry'
DUPE: 2006540991863_Node0_Node8_Zero, Node6 id 2006540991863_Node0_Node8_Zero was a dupe; retransmit: 0, pkt_enqueue_time=2009549050927.767, pkt_dequeue_time=2009549050927.767, forwarded_or_dropped=1, reason_for_drop='Expiry'
DUPE: 2006549192603_Node0_Node8_Zero, Node6 id 2006549192603_Node0_Node8_Zero was a dupe; retransmit: 0, pkt_enqueue_time=2009552623455.04, pkt_dequeue_time=2009552623455.04, forwarded_or_dropped=1, reason_for_drop='Expiry'
DUPE: 2006557393179_Node0_Node8_Zero, Node6 id 2006557393179_Node0_Node8_Zero was a dupe; retransmit: 0, pkt_enqueue_time=2009558640272.4946, pkt_dequeue_time=2009558640272.4946, forwarded_or_dropped=1, reason_for_drop='Expiry'
Node.py: (Node0)@2009600000000.0: Updated MCS from 1 to 0, hist=deque([1.1041666666666667, 0.16326530612244897, 4.163265306122449, 3.7755102040816326, 0.6938775510204082], maxlen=5), packets_serviced=34, packets_received=49
Called Update: UpdateRouteCalls = 0, force = False
Called Update: UpdateRouteCalls = 1, force = False
Node.py: (Node2)@2009600000000.0: Updated MCS from 3 to 3, hist=deque([0.06722689075630252, 1.4827586206896552, 0.9010416666666666, 1.0641711229946524, 0.37662337662337664], maxlen=5), packets_serviced=29, packets_received=77
Called Update: UpdateRouteCalls = 2, force = False
Called Update: UpdateRouteCalls = 3, force = False
Node.py: (Node4)@2009600000000.0: Updated MCS from 0 to 0, hist=deque([8.4, 0.9787234042553191, 0.1329479768786127, 0.07035175879396985, 1.5333333333333334], maxlen=5), packets_serviced=46, packets_received=30
Called Update: UpdateRouteCalls = 4, force = False
Called Update: UpdateRouteCalls = 5, force = False
Node.py: (Node6)@2009600000000.0: Updated MCS from 3 to 3, hist=deque([0.20833333333333334, 0.39316239316239315, 0.37209302325581395, 0.3448275862068966, 0.410958904109589], maxlen=5), packets_serviced=30, packets_received=73
Called Update: UpdateRouteCalls = 6, force = False
Called Update: UpdateRouteCalls = 7, force = False
Called Update: UpdateRouteCalls = 8, force = False
Called Update: UpdateRouteCalls = 9, force = False
!! UPDATING !!
routeNo, updatedMCSIndex =  0 [0, 3, 0, 3]
DUPE: 2006516398044_Node0_Node8_Zero, Node6 id 2006516398044_Node0_Node8_Zero was a dupe; retransmit: 0, pkt_enqueue_time=2009660852192.4937, pkt_dequeue_time=2009660852192.4937, forwarded_or_dropped=1, reason_for_drop='Expiry'
DUPE: 2006303264669_Node0_Node8_Zero, Node6 id 2006303264669_Node0_Node8_Zero was a dupe; retransmit: 0, pkt_enqueue_time=2009665171847.039, pkt_dequeue_time=2009665171847.039, forwarded_or_dropped=1, reason_for_drop='Expiry'
DUPE: 2006639369730_Node0_Node8_Zero, Node6 id 2006639369730_Node0_Node8_Zero was a dupe; retransmit: 0, pkt_enqueue_time=2009670965755.5845, pkt_dequeue_time=2009670965755.5845, forwarded_or_dropped=1, reason_for_drop='Expiry'
DUPE: 2006147510815_Node0_Node8_Zero, Node6 id 2006147510815_Node0_Node8_Zero was a dupe; retransmit: 0, pkt_enqueue_time=2009676995628.13, pkt_dequeue_time=2009676995628.13, forwarded_or_dropped=1, reason_for_drop='Expiry'
DUPE: 2005131110435_Node0_Node8_Zero, Node6 id 2005131110435_Node0_Node8_Zero was a dupe; retransmit: 0, pkt_enqueue_time=2009681715282.6753, pkt_dequeue_time=2009681715282.6753, forwarded_or_dropped=1, reason_for_drop='Expiry'
DUPE: 2006647567252_Node0_Node8_Zero, Node6 id 2006647567252_Node0_Node8_Zero was a dupe; retransmit: 0, pkt_enqueue_time=2009687228432.2207, pkt_dequeue_time=2009687228432.2207, forwarded_or_dropped=1, reason_for_drop='Expiry'
DUPE: 2005180289173_Node0_Node8_Zero, Node6 id 2005180289173_Node0_Node8_Zero was a dupe; retransmit: 0, pkt_enqueue_time=2009692002086.766, pkt_dequeue_time=2009692002086.766, forwarded_or_dropped=1, reason_for_drop='Expiry'
DUPE: 2005229468343_Node0_Node8_Zero, Node6 id 2005229468343_Node0_Node8_Zero was a dupe; retransmit: 0, pkt_enqueue_time=2009696801741.3115, pkt_dequeue_time=2009696801741.3115, forwarded_or_dropped=1, reason_for_drop='Expiry'
DUPE: 2000713097691_Node0_Node8_Zero, Node2 id 2000713097691_Node0_Node8_Zero was a dupe; retransmit: 0, pkt_enqueue_time=2009699093739.5847, pkt_dequeue_time=2009699093739.5847, forwarded_or_dropped=1, reason_for_drop='Expiry'
DUPE: 2000721296556_Node0_Node8_Zero, Node2 id 2000721296556_Node0_Node8_Zero was a dupe; retransmit: 0, pkt_enqueue_time=2009699093739.5847, pkt_dequeue_time=2009699093739.5847, forwarded_or_dropped=1, reason_for_drop='Expiry'
DUPE: 2005680282845_Node0_Node8_Zero, Node6 id 2005680282845_Node0_Node8_Zero was a dupe; retransmit: 0, pkt_enqueue_time=2009707841682.4023, pkt_dequeue_time=2009707841682.4023, forwarded_or_dropped=1, reason_for_drop='Expiry'
DUPE: 2005663887035_Node0_Node8_Zero, Node6 id 2005663887035_Node0_Node8_Zero was a dupe; retransmit: 0, pkt_enqueue_time=2009711868554.4023, pkt_dequeue_time=2009711868554.4023, forwarded_or_dropped=1, reason_for_drop='Expiry'
DUPE: 2002213099736_Node0_Node8_Zero, Node2 id 2002213099736_Node0_Node8_Zero was a dupe; retransmit: 0, pkt_enqueue_time=2009713256303.2212, pkt_dequeue_time=2009713256303.2212, forwarded_or_dropped=1, reason_for_drop='Expiry'
DUPE: 2006483602029_Node0_Node8_Zero, Node6 id 2006483602029_Node0_Node8_Zero was a dupe; retransmit: 0, pkt_enqueue_time=2009717560531.9478, pkt_dequeue_time=2009717560531.9478, forwarded_or_dropped=1, reason_for_drop='Expiry'
DUPE: 2006499997116_Node0_Node8_Zero, Node6 id 2006499997116_Node0_Node8_Zero was a dupe; retransmit: 0, pkt_enqueue_time=2009720027403.9478, pkt_dequeue_time=2009720027403.9478, forwarded_or_dropped=1, reason_for_drop='Expiry'
DUPE: 2005737661942_Node0_Node8_Zero, Node6 id 2005737661942_Node0_Node8_Zero was a dupe; retransmit: 0, pkt_enqueue_time=2009725105058.4932, pkt_dequeue_time=2009725105058.4932, forwarded_or_dropped=1, reason_for_drop='Expiry'
DUPE: 2005852423812_Node0_Node8_Zero, Node6 id 2005852423812_Node0_Node8_Zero was a dupe; retransmit: 0, pkt_enqueue_time=2009730272713.0386, pkt_dequeue_time=2009730272713.0386, forwarded_or_dropped=1, reason_for_drop='Expiry'
DUPE: 2005762251890_Node0_Node8_Zero, Node6 id 2005762251890_Node0_Node8_Zero was a dupe; retransmit: 0, pkt_enqueue_time=2009740786022.1294, pkt_dequeue_time=2009740786022.1294, forwarded_or_dropped=1, reason_for_drop='Expiry'
DUPE: 2001942609249_Node0_Node8_Zero, Node2 id 2001942609249_Node0_Node8_Zero was a dupe; retransmit: 0, pkt_enqueue_time=2009742946120.6758, pkt_dequeue_time=2009742946120.6758, forwarded_or_dropped=1, reason_for_drop='Expiry'
DUPE: 2001950803619_Node0_Node8_Zero, Node2 id 2001950803619_Node0_Node8_Zero was a dupe; retransmit: 0, pkt_enqueue_time=2009742946120.6758, pkt_dequeue_time=2009742946120.6758, forwarded_or_dropped=1, reason_for_drop='Expiry'
DUPE: 2005811436583_Node0_Node8_Zero, Node6 id 2005811436583_Node0_Node8_Zero was a dupe; retransmit: 0, pkt_enqueue_time=2009745348992.6758, pkt_dequeue_time=2009745348992.6758, forwarded_or_dropped=1, reason_for_drop='Expiry'
DUPE: 2003868818781_Node0_Node8_Zero, Node6 id 2003868818781_Node0_Node8_Zero was a dupe; retransmit: 0, pkt_enqueue_time=2009750668647.2212, pkt_dequeue_time=2009750668647.2212, forwarded_or_dropped=1, reason_for_drop='Expiry'
DUPE: 2003737668804_Node0_Node8_Zero, Node6 id 2003737668804_Node0_Node8_Zero was a dupe; retransmit: 0, pkt_enqueue_time=2009755988301.7666, pkt_dequeue_time=2009755988301.7666, forwarded_or_dropped=1, reason_for_drop='Expiry'
DUPE: 2005893404087_Node0_Node8_Zero, Node2 id 2005893404087_Node0_Node8_Zero was a dupe; retransmit: 0, pkt_enqueue_time=2009757226684.3123, pkt_dequeue_time=2009757226684.3123, forwarded_or_dropped=1, reason_for_drop='Expiry'
DUPE: 2005262247535_Node0_Node8_Zero, Node6 id 2005262247535_Node0_Node8_Zero was a dupe; retransmit: 0, pkt_enqueue_time=2009761427956.312, pkt_dequeue_time=2009761427956.312, forwarded_or_dropped=1, reason_for_drop='Expiry'
DUPE: 2006655759392_Node0_Node8_Zero, Node6 id 2006655759392_Node0_Node8_Zero was a dupe; retransmit: 0, pkt_enqueue_time=2009766947610.8574, pkt_dequeue_time=2009766947610.8574, forwarded_or_dropped=1, reason_for_drop='Expiry'
DUPE: 2003631115220_Node0_Node8_Zero, Node6 id 2003631115220_Node0_Node8_Zero was a dupe; retransmit: 0, pkt_enqueue_time=2009773292345.4028, pkt_dequeue_time=2009773292345.4028, forwarded_or_dropped=1, reason_for_drop='Expiry'
DUPE: 2003967167956_Node0_Node8_Zero, Node6 id 2003967167956_Node0_Node8_Zero was a dupe; retransmit: 0, pkt_enqueue_time=2009778931999.9482, pkt_dequeue_time=2009778931999.9482, forwarded_or_dropped=1, reason_for_drop='Expiry'
DUPE: 2003975367263_Node0_Node8_Zero, Node6 id 2003975367263_Node0_Node8_Zero was a dupe; retransmit: 0, pkt_enqueue_time=2009781718871.9482, pkt_dequeue_time=2009781718871.9482, forwarded_or_dropped=1, reason_for_drop='Expiry'
DUPE: 2005245854847_Node0_Node8_Zero, Node2 id 2005245854847_Node0_Node8_Zero was a dupe; retransmit: 0, pkt_enqueue_time=2009785961902.4941, pkt_dequeue_time=2009785961902.4941, forwarded_or_dropped=1, reason_for_drop='Expiry'
DUPE: 2004262255170_Node0_Node8_Zero, Node6 id 2004262255170_Node0_Node8_Zero was a dupe; retransmit: 0, pkt_enqueue_time=2009788128999.4937, pkt_dequeue_time=2009788128999.4937, forwarded_or_dropped=1, reason_for_drop='Expiry'
DUPE: 2004278654078_Node0_Node8_Zero, Node6 id 2004278654078_Node0_Node8_Zero was a dupe; retransmit: 0, pkt_enqueue_time=2009790355871.4937, pkt_dequeue_time=2009790355871.4937, forwarded_or_dropped=1, reason_for_drop='Expiry'
DUPE: 2006598385761_Node0_Node8_Zero, Node6 id 2006598385761_Node0_Node8_Zero was a dupe; retransmit: 0, pkt_enqueue_time=2009796023526.039, pkt_dequeue_time=2009796023526.039, forwarded_or_dropped=1, reason_for_drop='Expiry'
DUPE: 2006622977913_Node0_Node8_Zero, Node6 id 2006622977913_Node0_Node8_Zero was a dupe; retransmit: 0, pkt_enqueue_time=2009798350398.039, pkt_dequeue_time=2009798350398.039, forwarded_or_dropped=1, reason_for_drop='Expiry'
DUPE: 2005139303328_Node0_Node8_Zero, Node2 id 2005139303328_Node0_Node8_Zero was a dupe; retransmit: 0, pkt_enqueue_time=2009800401557.0396, pkt_dequeue_time=2009800401557.0396, forwarded_or_dropped=1, reason_for_drop='Expiry'
DUPE: 2004122925075_Node0_Node8_Zero, Node6 id 2004122925075_Node0_Node8_Zero was a dupe; retransmit: 0, pkt_enqueue_time=2009804780653.5845, pkt_dequeue_time=2009804780653.5845, forwarded_or_dropped=1, reason_for_drop='Expiry'
DUPE: 2005008152229_Node0_Node8_Zero, Node6 id 2005008152229_Node0_Node8_Zero was a dupe; retransmit: 0, pkt_enqueue_time=2009810528308.13, pkt_dequeue_time=2009810528308.13, forwarded_or_dropped=1, reason_for_drop='Expiry'
DUPE: 2002024573067_Node0_Node8_Zero, Node2 id 2002024573067_Node0_Node8_Zero was a dupe; retransmit: 0, pkt_enqueue_time=2009814881211.585, pkt_dequeue_time=2009814881211.585, forwarded_or_dropped=1, reason_for_drop='Expiry'
DUPE: 2002032770856_Node0_Node8_Zero, Node2 id 2002032770856_Node0_Node8_Zero was a dupe; retransmit: 0, pkt_enqueue_time=2009814881211.585, pkt_dequeue_time=2009814881211.585, forwarded_or_dropped=1, reason_for_drop='Expiry'
DUPE: 2004729465949_Node0_Node8_Zero, Node6 id 2004729465949_Node0_Node8_Zero was a dupe; retransmit: 0, pkt_enqueue_time=2009817601499.6753, pkt_dequeue_time=2009817601499.6753, forwarded_or_dropped=1, reason_for_drop='Expiry'
DUPE: 2004057339269_Node0_Node8_Zero, Node6 id 2004057339269_Node0_Node8_Zero was a dupe; retransmit: 0, pkt_enqueue_time=2009823421154.2207, pkt_dequeue_time=2009823421154.2207, forwarded_or_dropped=1, reason_for_drop='Expiry'
DUPE: 2006475405218_Node0_Node8_Zero, Node6 id 2006475405218_Node0_Node8_Zero was a dupe; retransmit: 0, pkt_enqueue_time=2009829360808.766, pkt_dequeue_time=2009829360808.766, forwarded_or_dropped=1, reason_for_drop='Expiry'
DUPE: 2003721278523_Node0_Node8_Zero, Node6 id 2003721278523_Node0_Node8_Zero was a dupe; retransmit: 0, pkt_enqueue_time=2009835360463.3115, pkt_dequeue_time=2009835360463.3115, forwarded_or_dropped=1, reason_for_drop='Expiry'
DUPE: 2004393397687_Node0_Node8_Zero, Node6 id 2004393397687_Node0_Node8_Zero was a dupe; retransmit: 0, pkt_enqueue_time=2009849973047.4023, pkt_dequeue_time=2009849973047.4023, forwarded_or_dropped=1, reason_for_drop='Expiry'
DUPE: 2003754063179_Node0_Node8_Zero, Node6 id 2003754063179_Node0_Node8_Zero was a dupe; retransmit: 0, pkt_enqueue_time=2009856112701.9478, pkt_dequeue_time=2009856112701.9478, forwarded_or_dropped=1, reason_for_drop='Expiry'
DUPE: 2002040966483_Node0_Node8_Zero, Node2 id 2002040966483_Node0_Node8_Zero was a dupe; retransmit: 0, pkt_enqueue_time=2009859214102.4944, pkt_dequeue_time=2009859214102.4944, forwarded_or_dropped=1, reason_for_drop='Expiry'
DUPE: 2002049164521_Node0_Node8_Zero, Node2 id 2002049164521_Node0_Node8_Zero was a dupe; retransmit: 0, pkt_enqueue_time=2009859214102.4944, pkt_dequeue_time=2009859214102.4944, forwarded_or_dropped=1, reason_for_drop='Expiry'
DUPE: 2005696678025_Node0_Node8_Zero, Node6 id 2005696678025_Node0_Node8_Zero was a dupe; retransmit: 0, pkt_enqueue_time=2009863666390.4932, pkt_dequeue_time=2009863666390.4932, forwarded_or_dropped=1, reason_for_drop='Expiry'
DUPE: 2004360618223_Node0_Node8_Zero, Node2 id 2004360618223_Node0_Node8_Zero was a dupe; retransmit: 0, pkt_enqueue_time=2009874036666.1309, pkt_dequeue_time=2009874036666.1309, forwarded_or_dropped=1, reason_for_drop='Expiry'
DUPE: 2004745852913_Node0_Node8_Zero, Node6 id 2004745852913_Node0_Node8_Zero was a dupe; retransmit: 0, pkt_enqueue_time=2009878572571.584, pkt_dequeue_time=2009878572571.584, forwarded_or_dropped=1, reason_for_drop='Expiry'
DUPE: 2006631170158_Node0_Node8_Zero, Node6 id 2006631170158_Node0_Node8_Zero was a dupe; retransmit: 0, pkt_enqueue_time=2009884967226.1294, pkt_dequeue_time=2009884967226.1294, forwarded_or_dropped=1, reason_for_drop='Expiry'
DUPE: 2004614719549_Node0_Node8_Zero, Node2 id 2004614719549_Node0_Node8_Zero was a dupe; retransmit: 0, pkt_enqueue_time=2009888859229.7673, pkt_dequeue_time=2009888859229.7673, forwarded_or_dropped=1, reason_for_drop='Expiry'
DUPE: 2004622915209_Node0_Node8_Zero, Node2 id 2004622915209_Node0_Node8_Zero was a dupe; retransmit: 0, pkt_enqueue_time=2009888859229.7673, pkt_dequeue_time=2009888859229.7673, forwarded_or_dropped=1, reason_for_drop='Expiry'
DUPE: 2005426188483_Node0_Node8_Zero, Node2 id 2005426188483_Node0_Node8_Zero was a dupe; retransmit: 0, pkt_enqueue_time=2009903841793.4038, pkt_dequeue_time=2009903841793.4038, forwarded_or_dropped=1, reason_for_drop='Expiry'
DUPE: 2006918045000_Node0_Node8_Zero, Node6 id 2006918045000_Node0_Node8_Zero was a dupe; retransmit: 0, pkt_enqueue_time=2009925278564.5854, pkt_dequeue_time=2009925278564.5854, forwarded_or_dropped=1, reason_for_drop='Expiry'
DUPE: 2005491763270_Node0_Node8_Zero, Node2 id 2005491763270_Node0_Node8_Zero was a dupe; retransmit: 0, pkt_enqueue_time=2009979687392.6768, pkt_dequeue_time=2009979687392.6768, forwarded_or_dropped=1, reason_for_drop='Expiry'
main.py: Progress: 2010 / 2014
Node.py: (Node0)@2010000000000.0: Updated MCS from 0 to 0, hist=deque([0.16326530612244897, 4.163265306122449, 3.7755102040816326, 0.6938775510204082, 0.0], maxlen=5), packets_serviced=0, packets_received=48
Called Update: UpdateRouteCalls = 0, force = False
Called Update: UpdateRouteCalls = 1, force = False
Node.py: (Node2)@2010000000000.0: Updated MCS from 3 to 3, hist=deque([1.4827586206896552, 0.9010416666666666, 1.0641711229946524, 0.37662337662337664, 0.17142857142857143], maxlen=5), packets_serviced=6, packets_received=35
Called Update: UpdateRouteCalls = 2, force = False
Called Update: UpdateRouteCalls = 3, force = False
Node.py: (Node4)@2010000000000.0: Updated MCS from 0 to 0, hist=deque([0.9787234042553191, 0.1329479768786127, 0.07035175879396985, 1.5333333333333334, 6.0], maxlen=5), packets_serviced=36, packets_received=6
Called Update: UpdateRouteCalls = 4, force = False
Called Update: UpdateRouteCalls = 5, force = False
Node.py: (Node6)@2010000000000.0: Updated MCS from 3 to 3, hist=deque([0.39316239316239315, 0.37209302325581395, 0.3448275862068966, 0.410958904109589, 0.21428571428571427], maxlen=5), packets_serviced=21, packets_received=98
Called Update: UpdateRouteCalls = 6, force = False
Called Update: UpdateRouteCalls = 7, force = False
Called Update: UpdateRouteCalls = 8, force = False
Called Update: UpdateRouteCalls = 9, force = False
!! UPDATING !!
routeNo, updatedMCSIndex =  0 [0, 3, 0, 3]
Called Update: UpdateRouteCalls = 0, force = True
!! UPDATING !!
routeNo, updatedMCSIndex =  0 [0, 3, 0, 3]

rf.py: Time: 2010 Route details: {0: {'Route': [0, 2, 4, 6, 8], 'MCS_Index': [0, 3, 0, 3], 'Priority': 1, 'ValidRoute': True, 'HQRoute': True, 'RouteNodeDensity': [1, 2, 2, 2, 1], 'InterferingLinks': 8, 'Target': (-1, -1)}}
node.py: Packet generation complete at node: Node0.
DUPE: 2005573733298_Node0_Node8_Zero, Node2 id 2005573733298_Node0_Node8_Zero was a dupe; retransmit: 0, pkt_enqueue_time=2010098247344.5845, pkt_dequeue_time=2010098247344.5845, forwarded_or_dropped=1, reason_for_drop='Expiry'
DUPE: 2005581926680_Node0_Node8_Zero, Node2 id 2005581926680_Node0_Node8_Zero was a dupe; retransmit: 0, pkt_enqueue_time=2010098247344.5845, pkt_dequeue_time=2010098247344.5845, forwarded_or_dropped=1, reason_for_drop='Expiry'
DUPE: 2007057375313_Node0_Node8_Zero, Node6 id 2007057375313_Node0_Node8_Zero was a dupe; retransmit: 0, pkt_enqueue_time=2010101062629.037, pkt_dequeue_time=2010101062629.037, forwarded_or_dropped=1, reason_for_drop='Expiry'
DUPE: 2007081966862_Node0_Node8_Zero, Node6 id 2007081966862_Node0_Node8_Zero was a dupe; retransmit: 0, pkt_enqueue_time=2010105573938.128, pkt_dequeue_time=2010105573938.128, forwarded_or_dropped=1, reason_for_drop='Expiry'
DUPE: 2007040982886_Node0_Node8_Zero, Node6 id 2007040982886_Node0_Node8_Zero was a dupe; retransmit: 0, pkt_enqueue_time=2010107833592.6733, pkt_dequeue_time=2010107833592.6733, forwarded_or_dropped=1, reason_for_drop='Expiry'
DUPE: 2007016389408_Node0_Node8_Zero, Node6 id 2007016389408_Node0_Node8_Zero was a dupe; retransmit: 0, pkt_enqueue_time=2010112361901.7642, pkt_dequeue_time=2010112361901.7642, forwarded_or_dropped=1, reason_for_drop='Expiry'
DUPE: 2007032784964_Node0_Node8_Zero, Node6 id 2007032784964_Node0_Node8_Zero was a dupe; retransmit: 0, pkt_enqueue_time=2010116918210.855, pkt_dequeue_time=2010116918210.855, forwarded_or_dropped=1, reason_for_drop='Expiry'
DUPE: 2006983599904_Node0_Node8_Zero, Node6 id 2006983599904_Node0_Node8_Zero was a dupe; retransmit: 0, pkt_enqueue_time=2010121517519.9458, pkt_dequeue_time=2010121517519.9458, forwarded_or_dropped=1, reason_for_drop='Expiry'
DUPE: 2005499963076_Node0_Node8_Zero, Node2 id 2005499963076_Node0_Node8_Zero was a dupe; retransmit: 0, pkt_enqueue_time=2010125420089.3118, pkt_dequeue_time=2010125420089.3118, forwarded_or_dropped=1, reason_for_drop='Expiry'
DUPE: 2007098359271_Node0_Node8_Zero, Node6 id 2007098359271_Node0_Node8_Zero was a dupe; retransmit: 0, pkt_enqueue_time=2010128522483.582, pkt_dequeue_time=2010128522483.582, forwarded_or_dropped=1, reason_for_drop='Expiry'
DUPE: 2007065572920_Node0_Node8_Zero, Node6 id 2007065572920_Node0_Node8_Zero was a dupe; retransmit: 0, pkt_enqueue_time=2010130862138.1274, pkt_dequeue_time=2010130862138.1274, forwarded_or_dropped=1, reason_for_drop='Expiry'
DUPE: 2007049179579_Node0_Node8_Zero, Node6 id 2007049179579_Node0_Node8_Zero was a dupe; retransmit: 0, pkt_enqueue_time=2010133210792.6729, pkt_dequeue_time=2010133210792.6729, forwarded_or_dropped=1, reason_for_drop='Expiry'
DUPE: 2006967203485_Node0_Node8_Zero, Node6 id 2006967203485_Node0_Node8_Zero was a dupe; retransmit: 0, pkt_enqueue_time=2010135570447.2183, pkt_dequeue_time=2010135570447.2183, forwarded_or_dropped=1, reason_for_drop='Expiry'
DUPE: 2006926238709_Node0_Node8_Zero, Node6 id 2006926238709_Node0_Node8_Zero was a dupe; retransmit: 0, pkt_enqueue_time=2010137950101.7637, pkt_dequeue_time=2010137950101.7637, forwarded_or_dropped=1, reason_for_drop='Expiry'
DUPE: 2007139330038_Node0_Node8_Zero, Node6 id 2007139330038_Node0_Node8_Zero was a dupe; retransmit: 0, pkt_enqueue_time=2010140329756.309, pkt_dequeue_time=2010140329756.309, forwarded_or_dropped=1, reason_for_drop='Expiry'
DUPE: 2007139330038_Node0_Node8_Zero, Node6 id 2007139330038_Node0_Node8_Zero was a dupe; retransmit: 0, pkt_enqueue_time=2010142336628.309, pkt_dequeue_time=2010142336628.309, forwarded_or_dropped=1, reason_for_drop='Expiry'
DUPE: 2007114743234_Node0_Node8_Zero, Node6 id 2007114743234_Node0_Node8_Zero was a dupe; retransmit: 0, pkt_enqueue_time=2010156793555.5815, pkt_dequeue_time=2010156793555.5815, forwarded_or_dropped=1, reason_for_drop='Expiry'
DUPE: 2007147523518_Node0_Node8_Zero, Node6 id 2007147523518_Node0_Node8_Zero was a dupe; retransmit: 0, pkt_enqueue_time=2010164226519.2178, pkt_dequeue_time=2010164226519.2178, forwarded_or_dropped=1, reason_for_drop='Expiry'
DUPE: 2006959011174_Node0_Node8_Zero, Node6 id 2006959011174_Node0_Node8_Zero was a dupe; retransmit: 0, pkt_enqueue_time=2010166746173.7632, pkt_dequeue_time=2010166746173.7632, forwarded_or_dropped=1, reason_for_drop='Expiry'
DUPE: 2004680295864_Node0_Node8_Zero, Node2 id 2004680295864_Node0_Node8_Zero was a dupe; retransmit: 0, pkt_enqueue_time=2010168576325.6755, pkt_dequeue_time=2010168576325.6755, forwarded_or_dropped=1, reason_for_drop='Expiry'
DUPE: 2004688489728_Node0_Node8_Zero, Node2 id 2004688489728_Node0_Node8_Zero was a dupe; retransmit: 0, pkt_enqueue_time=2010168576325.6755, pkt_dequeue_time=2010168576325.6755, forwarded_or_dropped=1, reason_for_drop='Expiry'
DUPE: 2007090158850_Node0_Node8_Zero, Node6 id 2007090158850_Node0_Node8_Zero was a dupe; retransmit: 0, pkt_enqueue_time=2010175802465.3994, pkt_dequeue_time=2010175802465.3994, forwarded_or_dropped=1, reason_for_drop='Expiry'
DUPE: 2002458993363_Node0_Node8_Zero, Node2 id 2002458993363_Node0_Node8_Zero was a dupe; retransmit: 0, pkt_enqueue_time=2010273606082.3987, pkt_dequeue_time=2010273606082.3987, forwarded_or_dropped=1, reason_for_drop='Expiry'
DUPE: 2007278667897_Node0_Node8_Zero, Node6 id 2007278667897_Node0_Node8_Zero was a dupe; retransmit: 0, pkt_enqueue_time=2010301145718.8518, pkt_dequeue_time=2010301145718.8518, forwarded_or_dropped=1, reason_for_drop='Expiry'
DUPE: 2007311458983_Node0_Node8_Zero, Node6 id 2007311458983_Node0_Node8_Zero was a dupe; retransmit: 0, pkt_enqueue_time=2010336064365.8513, pkt_dequeue_time=2010336064365.8513, forwarded_or_dropped=1, reason_for_drop='Expiry'
Node.py: (Node0)@2010400000000.0: Updated MCS from 0 to 0, hist=deque([4.163265306122449, 3.7755102040816326, 0.6938775510204082, 0.0, 0.0], maxlen=5), packets_serviced=0, packets_received=1
Called Update: UpdateRouteCalls = 0, force = False
Called Update: UpdateRouteCalls = 1, force = False
Node.py: (Node2)@2010400000000.0: Updated MCS from 3 to 3, hist=deque([0.9010416666666666, 1.0641711229946524, 0.37662337662337664, 0.17142857142857143, 0.0], maxlen=5), packets_serviced=0, packets_received=6
Called Update: UpdateRouteCalls = 2, force = False
Called Update: UpdateRouteCalls = 3, force = False
Called Update: UpdateRouteCalls = 4, force = False
Called Update: UpdateRouteCalls = 5, force = False
Node.py: (Node6)@2010400000000.0: Updated MCS from 3 to 3, hist=deque([0.37209302325581395, 0.3448275862068966, 0.410958904109589, 0.21428571428571427, 0.42857142857142855], maxlen=5), packets_serviced=66, packets_received=154
Called Update: UpdateRouteCalls = 6, force = False
Called Update: UpdateRouteCalls = 7, force = False
Called Update: UpdateRouteCalls = 8, force = False
Called Update: UpdateRouteCalls = 9, force = False
!! UPDATING !!
routeNo, updatedMCSIndex =  0 [0, 3, 0, 3]
DUPE: 2005803240322_Node0_Node8_Zero, Node2 id 2005803240322_Node0_Node8_Zero was a dupe; retransmit: 0, pkt_enqueue_time=2010400340344.2139, pkt_dequeue_time=2010400340344.2139, forwarded_or_dropped=1, reason_for_drop='Expiry'
DUPE: 2005811436583_Node0_Node8_Zero, Node2 id 2005811436583_Node0_Node8_Zero was a dupe; retransmit: 0, pkt_enqueue_time=2010400340344.2139, pkt_dequeue_time=2010400340344.2139, forwarded_or_dropped=1, reason_for_drop='Expiry'
DUPE: 2005590126591_Node0_Node8_Zero, Node2 id 2005590126591_Node0_Node8_Zero was a dupe; retransmit: 0, pkt_enqueue_time=2010416801907.8503, pkt_dequeue_time=2010416801907.8503, forwarded_or_dropped=1, reason_for_drop='Expiry'
DUPE: 2005598320509_Node0_Node8_Zero, Node2 id 2005598320509_Node0_Node8_Zero was a dupe; retransmit: 0, pkt_enqueue_time=2010416801907.8503, pkt_dequeue_time=2010416801907.8503, forwarded_or_dropped=1, reason_for_drop='Expiry'
DUPE: 2005606517616_Node0_Node8_Zero, Node2 id 2005606517616_Node0_Node8_Zero was a dupe; retransmit: 0, pkt_enqueue_time=2010466400689.6687, pkt_dequeue_time=2010466400689.6687, forwarded_or_dropped=1, reason_for_drop='Expiry'
DUPE: 2005614714613_Node0_Node8_Zero, Node2 id 2005614714613_Node0_Node8_Zero was a dupe; retransmit: 0, pkt_enqueue_time=2010466400689.6687, pkt_dequeue_time=2010466400689.6687, forwarded_or_dropped=1, reason_for_drop='Expiry'
DUPE: 2007286863177_Node0_Node8_Zero, Node6 id 2007286863177_Node0_Node8_Zero was a dupe; retransmit: 0, pkt_enqueue_time=2010475582983.4854, pkt_dequeue_time=2010475582983.4854, forwarded_or_dropped=1, reason_for_drop='Expiry'
DUPE: 2007303258003_Node0_Node8_Zero, Node6 id 2007303258003_Node0_Node8_Zero was a dupe; retransmit: 0, pkt_enqueue_time=2010477991638.0308, pkt_dequeue_time=2010477991638.0308, forwarded_or_dropped=1, reason_for_drop='Expiry'
DUPE: 2007426217118_Node0_Node8_Zero, Node6 id 2007426217118_Node0_Node8_Zero was a dupe; retransmit: 0, pkt_enqueue_time=2010480411292.5762, pkt_dequeue_time=2010480411292.5762, forwarded_or_dropped=1, reason_for_drop='Expiry'
DUPE: 2007368840488_Node0_Node8_Zero, Node6 id 2007368840488_Node0_Node8_Zero was a dupe; retransmit: 0, pkt_enqueue_time=2010485299601.667, pkt_dequeue_time=2010485299601.667, forwarded_or_dropped=1, reason_for_drop='Expiry'
DUPE: 2007319659646_Node0_Node8_Zero, Node6 id 2007319659646_Node0_Node8_Zero was a dupe; retransmit: 0, pkt_enqueue_time=2010492878565.3032, pkt_dequeue_time=2010492878565.3032, forwarded_or_dropped=1, reason_for_drop='Expiry'
DUPE: 2005639297408_Node0_Node8_Zero, Node2 id 2005639297408_Node0_Node8_Zero was a dupe; retransmit: 0, pkt_enqueue_time=2010498095544.2144, pkt_dequeue_time=2010498095544.2144, forwarded_or_dropped=1, reason_for_drop='Expiry'
DUPE: 2005647491163_Node0_Node8_Zero, Node2 id 2005647491163_Node0_Node8_Zero was a dupe; retransmit: 0, pkt_enqueue_time=2010498095544.2144, pkt_dequeue_time=2010498095544.2144, forwarded_or_dropped=1, reason_for_drop='Expiry'
DUPE: 2005819636416_Node0_Node8_Zero, Node2 id 2005819636416_Node0_Node8_Zero was a dupe; retransmit: 0, pkt_enqueue_time=2010501032416.2144, pkt_dequeue_time=2010501032416.2144, forwarded_or_dropped=1, reason_for_drop='Expiry'
DUPE: 2005827836510_Node0_Node8_Zero, Node2 id 2005827836510_Node0_Node8_Zero was a dupe; retransmit: 0, pkt_enqueue_time=2010501032416.2144, pkt_dequeue_time=2010501032416.2144, forwarded_or_dropped=1, reason_for_drop='Expiry'
DUPE: 2004663902966_Node0_Node8_Zero, Node2 id 2004663902966_Node0_Node8_Zero was a dupe; retransmit: 0, pkt_enqueue_time=2010517795979.8508, pkt_dequeue_time=2010517795979.8508, forwarded_or_dropped=1, reason_for_drop='Expiry'
DUPE: 2004672098917_Node0_Node8_Zero, Node2 id 2004672098917_Node0_Node8_Zero was a dupe; retransmit: 0, pkt_enqueue_time=2010517795979.8508, pkt_dequeue_time=2010517795979.8508, forwarded_or_dropped=1, reason_for_drop='Expiry'
DUPE: 2006999999931_Node0_Node8_Zero, Node6 id 2006999999931_Node0_Node8_Zero was a dupe; retransmit: 0, pkt_enqueue_time=2010526901232.1208, pkt_dequeue_time=2010526901232.1208, forwarded_or_dropped=1, reason_for_drop='Expiry'
DUPE: 2007295060168_Node0_Node8_Zero, Node6 id 2007295060168_Node0_Node8_Zero was a dupe; retransmit: 0, pkt_enqueue_time=2010529555886.6663, pkt_dequeue_time=2010529555886.6663, forwarded_or_dropped=1, reason_for_drop='Expiry'
DUPE: 2007245884092_Node0_Node8_Zero, Node6 id 2007245884092_Node0_Node8_Zero was a dupe; retransmit: 0, pkt_enqueue_time=2010532216541.2117, pkt_dequeue_time=2010532216541.2117, forwarded_or_dropped=1, reason_for_drop='Expiry'
DUPE: 2005163896534_Node0_Node8_Zero, Node2 id 2005163896534_Node0_Node8_Zero was a dupe; retransmit: 0, pkt_enqueue_time=2010534600543.4873, pkt_dequeue_time=2010534600543.4873, forwarded_or_dropped=1, reason_for_drop='Expiry'
DUPE: 2007434413419_Node0_Node8_Zero, Node6 id 2007434413419_Node0_Node8_Zero was a dupe; retransmit: 0, pkt_enqueue_time=2010538369170.3025, pkt_dequeue_time=2010538369170.3025, forwarded_or_dropped=1, reason_for_drop='Expiry'
DUPE: 2007344253572_Node0_Node8_Zero, Node6 id 2007344253572_Node0_Node8_Zero was a dupe; retransmit: 0, pkt_enqueue_time=2010541088824.848, pkt_dequeue_time=2010541088824.848, forwarded_or_dropped=1, reason_for_drop='Expiry'
DUPE: 2007491792778_Node0_Node8_Zero, Node6 id 2007491792778_Node0_Node8_Zero was a dupe; retransmit: 0, pkt_enqueue_time=2010549241005.9387, pkt_dequeue_time=2010549241005.9387, forwarded_or_dropped=1, reason_for_drop='Expiry'
DUPE: 2006975402060_Node0_Node8_Zero, Node6 id 2006975402060_Node0_Node8_Zero was a dupe; retransmit: 0, pkt_enqueue_time=2010558006458.0295, pkt_dequeue_time=2010558006458.0295, forwarded_or_dropped=1, reason_for_drop='Expiry'
DUPE: 2007393433437_Node0_Node8_Zero, Node6 id 2007393433437_Node0_Node8_Zero was a dupe; retransmit: 0, pkt_enqueue_time=2010560786112.575, pkt_dequeue_time=2010560786112.575, forwarded_or_dropped=1, reason_for_drop='Expiry'
DUPE: 2007254083455_Node0_Node8_Zero, Node6 id 2007254083455_Node0_Node8_Zero was a dupe; retransmit: 0, pkt_enqueue_time=2010564319618.1204, pkt_dequeue_time=2010564319618.1204, forwarded_or_dropped=1, reason_for_drop='Expiry'
DUPE: 2007213098832_Node0_Node8_Zero, Node6 id 2007213098832_Node0_Node8_Zero was a dupe; retransmit: 0, pkt_enqueue_time=2010567119272.6658, pkt_dequeue_time=2010567119272.6658, forwarded_or_dropped=1, reason_for_drop='Expiry'
DUPE: 2007549167397_Node0_Node8_Zero, Node6 id 2007549167397_Node0_Node8_Zero was a dupe; retransmit: 0, pkt_enqueue_time=2010569918927.2112, pkt_dequeue_time=2010569918927.2112, forwarded_or_dropped=1, reason_for_drop='Expiry'
DUPE: 2005114716963_Node0_Node8_Zero, Node2 id 2005114716963_Node0_Node8_Zero was a dupe; retransmit: 0, pkt_enqueue_time=2010579468015.4873, pkt_dequeue_time=2010579468015.4873, forwarded_or_dropped=1, reason_for_drop='Expiry'
DUPE: 2007409825135_Node0_Node8_Zero, Node6 id 2007409825135_Node0_Node8_Zero was a dupe; retransmit: 0, pkt_enqueue_time=2010581120587.8474, pkt_dequeue_time=2010581120587.8474, forwarded_or_dropped=1, reason_for_drop='Expiry'
DUPE: 2007131135654_Node0_Node8_Zero, Node6 id 2007131135654_Node0_Node8_Zero was a dupe; retransmit: 0, pkt_enqueue_time=2010586659896.9382, pkt_dequeue_time=2010586659896.9382, forwarded_or_dropped=1, reason_for_drop='Expiry'
DUPE: 2007475395487_Node0_Node8_Zero, Node6 id 2007475395487_Node0_Node8_Zero was a dupe; retransmit: 0, pkt_enqueue_time=2010589499551.4836, pkt_dequeue_time=2010589499551.4836, forwarded_or_dropped=1, reason_for_drop='Expiry'
DUPE: 2007385236238_Node0_Node8_Zero, Node6 id 2007385236238_Node0_Node8_Zero was a dupe; retransmit: 0, pkt_enqueue_time=2010592343206.029, pkt_dequeue_time=2010592343206.029, forwarded_or_dropped=1, reason_for_drop='Expiry'
DUPE: 2007221294778_Node0_Node8_Zero, Node6 id 2007221294778_Node0_Node8_Zero was a dupe; retransmit: 0, pkt_enqueue_time=2010595202860.5745, pkt_dequeue_time=2010595202860.5745, forwarded_or_dropped=1, reason_for_drop='Expiry'
DUPE: 2005385194288_Node0_Node8_Zero, Node2 id 2005385194288_Node0_Node8_Zero was a dupe; retransmit: 0, pkt_enqueue_time=2010596749178.3965, pkt_dequeue_time=2010596749178.3965, forwarded_or_dropped=1, reason_for_drop='Expiry'
DUPE: 2007442608445_Node0_Node8_Zero, Node6 id 2007442608445_Node0_Node8_Zero was a dupe; retransmit: 0, pkt_enqueue_time=2010608635568.2107, pkt_dequeue_time=2010608635568.2107, forwarded_or_dropped=1, reason_for_drop='Expiry'
DUPE: 2007557364026_Node0_Node8_Zero, Node6 id 2007557364026_Node0_Node8_Zero was a dupe; retransmit: 0, pkt_enqueue_time=2010611515222.756, pkt_dequeue_time=2010611515222.756, forwarded_or_dropped=1, reason_for_drop='Expiry'
DUPE: 2007401626760_Node0_Node8_Zero, Node6 id 2007401626760_Node0_Node8_Zero was a dupe; retransmit: 0, pkt_enqueue_time=2010614434877.3015, pkt_dequeue_time=2010614434877.3015, forwarded_or_dropped=1, reason_for_drop='Expiry'
DUPE: 2007459003157_Node0_Node8_Zero, Node6 id 2007459003157_Node0_Node8_Zero was a dupe; retransmit: 0, pkt_enqueue_time=2010620294186.3923, pkt_dequeue_time=2010620294186.3923, forwarded_or_dropped=1, reason_for_drop='Expiry'
DUPE: 2006950819373_Node0_Node8_Zero, Node6 id 2006950819373_Node0_Node8_Zero was a dupe; retransmit: 0, pkt_enqueue_time=2010623233840.9377, pkt_dequeue_time=2010623233840.9377, forwarded_or_dropped=1, reason_for_drop='Expiry'
DUPE: 2007483594031_Node0_Node8_Zero, Node6 id 2007483594031_Node0_Node8_Zero was a dupe; retransmit: 0, pkt_enqueue_time=2010626193495.4832, pkt_dequeue_time=2010626193495.4832, forwarded_or_dropped=1, reason_for_drop='Expiry'
DUPE: 2007172107769_Node0_Node8_Zero, Node6 id 2007172107769_Node0_Node8_Zero was a dupe; retransmit: 0, pkt_enqueue_time=2010629153150.0286, pkt_dequeue_time=2010629153150.0286, forwarded_or_dropped=1, reason_for_drop='Expiry'
DUPE: 2007581960222_Node0_Node8_Zero, Node6 id 2007581960222_Node0_Node8_Zero was a dupe; retransmit: 0, pkt_enqueue_time=2010632128804.574, pkt_dequeue_time=2010632128804.574, forwarded_or_dropped=1, reason_for_drop='Expiry'
DUPE: 2007499988839_Node0_Node8_Zero, Node6 id 2007499988839_Node0_Node8_Zero was a dupe; retransmit: 0, pkt_enqueue_time=2010635117459.1194, pkt_dequeue_time=2010635117459.1194, forwarded_or_dropped=1, reason_for_drop='Expiry'
DUPE: 2005311435193_Node0_Node8_Zero, Node2 id 2005311435193_Node0_Node8_Zero was a dupe; retransmit: 0, pkt_enqueue_time=2010641507268.5784, pkt_dequeue_time=2010641507268.5784, forwarded_or_dropped=1, reason_for_drop='Expiry'
DUPE: 2007352451502_Node0_Node8_Zero, Node6 id 2007352451502_Node0_Node8_Zero was a dupe; retransmit: 0, pkt_enqueue_time=2010666294616.028, pkt_dequeue_time=2010666294616.028, forwarded_or_dropped=1, reason_for_drop='Expiry'
DUPE: 2007622931660_Node0_Node8_Zero, Node6 id 2007622931660_Node0_Node8_Zero was a dupe; retransmit: 0, pkt_enqueue_time=2010669294270.5735, pkt_dequeue_time=2010669294270.5735, forwarded_or_dropped=1, reason_for_drop='Expiry'
DUPE: 2007360643273_Node0_Node8_Zero, Node6 id 2007360643273_Node0_Node8_Zero was a dupe; retransmit: 0, pkt_enqueue_time=2010684023708.3965, pkt_dequeue_time=2010684023708.3965, forwarded_or_dropped=1, reason_for_drop='Expiry'
DUPE: 2007024590773_Node0_Node8_Zero, Node6 id 2007024590773_Node0_Node8_Zero was a dupe; retransmit: 0, pkt_enqueue_time=2010696169978.4873, pkt_dequeue_time=2010696169978.4873, forwarded_or_dropped=1, reason_for_drop='Expiry'
DUPE: 2007467199594_Node0_Node8_Zero, Node6 id 2007467199594_Node0_Node8_Zero was a dupe; retransmit: 0, pkt_enqueue_time=2010700025959.0327, pkt_dequeue_time=2010700025959.0327, forwarded_or_dropped=1, reason_for_drop='Expiry'
DUPE: 2007418017257_Node0_Node8_Zero, Node6 id 2007418017257_Node0_Node8_Zero was a dupe; retransmit: 0, pkt_enqueue_time=2010703125613.5781, pkt_dequeue_time=2010703125613.5781, forwarded_or_dropped=1, reason_for_drop='Expiry'
DUPE: 2006991799488_Node0_Node8_Zero, Node6 id 2006991799488_Node0_Node8_Zero was a dupe; retransmit: 0, pkt_enqueue_time=2010706265268.1235, pkt_dequeue_time=2010706265268.1235, forwarded_or_dropped=1, reason_for_drop='Expiry'
DUPE: 2007663929040_Node0_Node8_Zero, Node6 id 2007663929040_Node0_Node8_Zero was a dupe; retransmit: 0, pkt_enqueue_time=2010709518922.669, pkt_dequeue_time=2010709518922.669, forwarded_or_dropped=1, reason_for_drop='Expiry'
DUPE: 2007204899791_Node0_Node8_Zero, Node6 id 2007204899791_Node0_Node8_Zero was a dupe; retransmit: 0, pkt_enqueue_time=2010712858577.2144, pkt_dequeue_time=2010712858577.2144, forwarded_or_dropped=1, reason_for_drop='Expiry'
DUPE: 2007155718663_Node0_Node8_Zero, Node6 id 2007155718663_Node0_Node8_Zero was a dupe; retransmit: 0, pkt_enqueue_time=2010716198231.7598, pkt_dequeue_time=2010716198231.7598, forwarded_or_dropped=1, reason_for_drop='Expiry'
DUPE: 2007163912960_Node0_Node8_Zero, Node6 id 2007163912960_Node0_Node8_Zero was a dupe; retransmit: 0, pkt_enqueue_time=2010718105103.7598, pkt_dequeue_time=2010718105103.7598, forwarded_or_dropped=1, reason_for_drop='Expiry'
DUPE: 2007606544444_Node0_Node8_Zero, Node6 id 2007606544444_Node0_Node8_Zero was a dupe; retransmit: 0, pkt_enqueue_time=2010721524758.3052, pkt_dequeue_time=2010721524758.3052, forwarded_or_dropped=1, reason_for_drop='Expiry'
DUPE: 2007680322031_Node0_Node8_Zero, Node6 id 2007680322031_Node0_Node8_Zero was a dupe; retransmit: 0, pkt_enqueue_time=2010724978412.8506, pkt_dequeue_time=2010724978412.8506, forwarded_or_dropped=1, reason_for_drop='Expiry'
DUPE: 2007565561104_Node0_Node8_Zero, Node6 id 2007565561104_Node0_Node8_Zero was a dupe; retransmit: 0, pkt_enqueue_time=2010728438067.396, pkt_dequeue_time=2010728438067.396, forwarded_or_dropped=1, reason_for_drop='Expiry'
DUPE: 2007122938061_Node0_Node8_Zero, Node6 id 2007122938061_Node0_Node8_Zero was a dupe; retransmit: 0, pkt_enqueue_time=2010732728201.9414, pkt_dequeue_time=2010732728201.9414, forwarded_or_dropped=1, reason_for_drop='Expiry'
Called Update: UpdateRouteCalls = 0, force = False
Called Update: UpdateRouteCalls = 1, force = False
Node.py: (Node2)@2010800000000.0: Updated MCS from 3 to 3, hist=deque([1.0641711229946524, 0.37662337662337664, 0.17142857142857143, 0.0, 0.05], maxlen=5), packets_serviced=1, packets_received=20
Called Update: UpdateRouteCalls = 2, force = False
Called Update: UpdateRouteCalls = 3, force = False
Node.py: (Node4)@2010800000000.0: Updated MCS from 0 to 0, hist=deque([0.1329479768786127, 0.07035175879396985, 1.5333333333333334, 6.0, 33.0], maxlen=5), packets_serviced=33, packets_received=1
Called Update: UpdateRouteCalls = 4, force = False
Called Update: UpdateRouteCalls = 5, force = False
Node.py: (Node6)@2010800000000.0: Updated MCS from 3 to 3, hist=deque([0.3448275862068966, 0.410958904109589, 0.21428571428571427, 0.42857142857142855, 0.21739130434782608], maxlen=5), packets_serviced=30, packets_received=138
Called Update: UpdateRouteCalls = 6, force = False
Called Update: UpdateRouteCalls = 7, force = False
Called Update: UpdateRouteCalls = 8, force = False
Called Update: UpdateRouteCalls = 9, force = False
!! UPDATING !!
routeNo, updatedMCSIndex =  0 [0, 3, 0, 3]
DUPE: 2005196682539_Node0_Node8_Zero, Node2 id 2005196682539_Node0_Node8_Zero was a dupe; retransmit: 0, pkt_enqueue_time=2010819712504.6692, pkt_dequeue_time=2010819712504.6692, forwarded_or_dropped=1, reason_for_drop='Expiry'
DUPE: 2007770482181_Node0_Node8_Zero, Node6 id 2007770482181_Node0_Node8_Zero was a dupe; retransmit: 0, pkt_enqueue_time=2010888018806.5752, pkt_dequeue_time=2010888018806.5752, forwarded_or_dropped=1, reason_for_drop='Expiry'
DUPE: 2007795076549_Node0_Node8_Zero, Node6 id 2007795076549_Node0_Node8_Zero was a dupe; retransmit: 0, pkt_enqueue_time=2010890257461.1206, pkt_dequeue_time=2010890257461.1206, forwarded_or_dropped=1, reason_for_drop='Expiry'
DUPE: 2007844257329_Node0_Node8_Zero, Node6 id 2007844257329_Node0_Node8_Zero was a dupe; retransmit: 0, pkt_enqueue_time=2010895506984.2114, pkt_dequeue_time=2010895506984.2114, forwarded_or_dropped=1, reason_for_drop='Expiry'
DUPE: 2007827863514_Node0_Node8_Zero, Node6 id 2007827863514_Node0_Node8_Zero was a dupe; retransmit: 0, pkt_enqueue_time=2010902325947.8477, pkt_dequeue_time=2010902325947.8477, forwarded_or_dropped=1, reason_for_drop='Expiry'
DUPE: 2007803272134_Node0_Node8_Zero, Node6 id 2007803272134_Node0_Node8_Zero was a dupe; retransmit: 0, pkt_enqueue_time=2010904625602.393, pkt_dequeue_time=2010904625602.393, forwarded_or_dropped=1, reason_for_drop='Expiry'
DUPE: 2007893438753_Node0_Node8_Zero, Node6 id 2007893438753_Node0_Node8_Zero was a dupe; retransmit: 0, pkt_enqueue_time=2010911898608.484, pkt_dequeue_time=2010911898608.484, forwarded_or_dropped=1, reason_for_drop='Expiry'
DUPE: 2007778678258_Node0_Node8_Zero, Node6 id 2007778678258_Node0_Node8_Zero was a dupe; retransmit: 0, pkt_enqueue_time=2010914238263.0293, pkt_dequeue_time=2010914238263.0293, forwarded_or_dropped=1, reason_for_drop='Expiry'
DUPE: 2007754087810_Node0_Node8_Zero, Node6 id 2007754087810_Node0_Node8_Zero was a dupe; retransmit: 0, pkt_enqueue_time=2010916577917.5747, pkt_dequeue_time=2010916577917.5747, forwarded_or_dropped=1, reason_for_drop='Expiry'
DUPE: 2007918026464_Node0_Node8_Zero, Node6 id 2007918026464_Node0_Node8_Zero was a dupe; retransmit: 0, pkt_enqueue_time=2010921298226.6655, pkt_dequeue_time=2010921298226.6655, forwarded_or_dropped=1, reason_for_drop='Expiry'
DUPE: 2007868843552_Node0_Node8_Zero, Node6 id 2007868843552_Node0_Node8_Zero was a dupe; retransmit: 0, pkt_enqueue_time=2010923737881.211, pkt_dequeue_time=2010923737881.211, forwarded_or_dropped=1, reason_for_drop='Expiry'
DUPE: 2002688495915_Node0_Node8_Zero, Node2 id 2002688495915_Node0_Node8_Zero was a dupe; retransmit: 0, pkt_enqueue_time=2010928205832.1206, pkt_dequeue_time=2010928205832.1206, forwarded_or_dropped=1, reason_for_drop='Expiry'
DUPE: 2007860645032_Node0_Node8_Zero, Node6 id 2007860645032_Node0_Node8_Zero was a dupe; retransmit: 0, pkt_enqueue_time=2010934288114.3926, pkt_dequeue_time=2010934288114.3926, forwarded_or_dropped=1, reason_for_drop='Expiry'
DUPE: 2007819665439_Node0_Node8_Zero, Node6 id 2007819665439_Node0_Node8_Zero was a dupe; retransmit: 0, pkt_enqueue_time=2010936747768.938, pkt_dequeue_time=2010936747768.938, forwarded_or_dropped=1, reason_for_drop='Expiry'
DUPE: 2007942623098_Node0_Node8_Zero, Node6 id 2007942623098_Node0_Node8_Zero was a dupe; retransmit: 0, pkt_enqueue_time=2010946852387.1196, pkt_dequeue_time=2010946852387.1196, forwarded_or_dropped=1, reason_for_drop='Expiry'
DUPE: 2007811464209_Node0_Node8_Zero, Node6 id 2007811464209_Node0_Node8_Zero was a dupe; retransmit: 0, pkt_enqueue_time=2010963045356.8467, pkt_dequeue_time=2010963045356.8467, forwarded_or_dropped=1, reason_for_drop='Expiry'
DUPE: 2004549146492_Node0_Node8_Zero, Node2 id 2004549146492_Node0_Node8_Zero was a dupe; retransmit: 0, pkt_enqueue_time=2010968286704.848, pkt_dequeue_time=2010968286704.848, forwarded_or_dropped=1, reason_for_drop='Expiry'
DUPE: 2004557345781_Node0_Node8_Zero, Node2 id 2004557345781_Node0_Node8_Zero was a dupe; retransmit: 0, pkt_enqueue_time=2010968286704.848, pkt_dequeue_time=2010968286704.848, forwarded_or_dropped=1, reason_for_drop='Expiry'
DUPE: 2007877039970_Node0_Node8_Zero, Node6 id 2007877039970_Node0_Node8_Zero was a dupe; retransmit: 0, pkt_enqueue_time=2010972685373.483, pkt_dequeue_time=2010972685373.483, forwarded_or_dropped=1, reason_for_drop='Expiry'
DUPE: 2007836058734_Node0_Node8_Zero, Node6 id 2007836058734_Node0_Node8_Zero was a dupe; retransmit: 0, pkt_enqueue_time=2010975521028.0283, pkt_dequeue_time=2010975521028.0283, forwarded_or_dropped=1, reason_for_drop='Expiry'
DUPE: 2007934423153_Node0_Node8_Zero, Node6 id 2007934423153_Node0_Node8_Zero was a dupe; retransmit: 0, pkt_enqueue_time=2010981300337.1191, pkt_dequeue_time=2010981300337.1191, forwarded_or_dropped=1, reason_for_drop='Expiry'
DUPE: 2004598330898_Node0_Node8_Zero, Node2 id 2004598330898_Node0_Node8_Zero was a dupe; retransmit: 0, pkt_enqueue_time=2010986249268.4844, pkt_dequeue_time=2010986249268.4844, forwarded_or_dropped=1, reason_for_drop='Expiry'
DUPE: 2004606526858_Node0_Node8_Zero, Node2 id 2004606526858_Node0_Node8_Zero was a dupe; retransmit: 0, pkt_enqueue_time=2010986249268.4844, pkt_dequeue_time=2010986249268.4844, forwarded_or_dropped=1, reason_for_drop='Expiry'
DUPE: 2007975415203_Node0_Node8_Zero, Node6 id 2007975415203_Node0_Node8_Zero was a dupe; retransmit: 0, pkt_enqueue_time=2010988596282.21, pkt_dequeue_time=2010988596282.21, forwarded_or_dropped=1, reason_for_drop='Expiry'
DUPE: 2007885237369_Node0_Node8_Zero, Node6 id 2007885237369_Node0_Node8_Zero was a dupe; retransmit: 0, pkt_enqueue_time=2010994092591.3008, pkt_dequeue_time=2010994092591.3008, forwarded_or_dropped=1, reason_for_drop='Expiry'
DUPE: 2007909827705_Node0_Node8_Zero, Node6 id 2007909827705_Node0_Node8_Zero was a dupe; retransmit: 0, pkt_enqueue_time=2010997152245.8462, pkt_dequeue_time=2010997152245.8462, forwarded_or_dropped=1, reason_for_drop='Expiry'
main.py: Progress: 2011 / 2014
Called Update: UpdateRouteCalls = 0, force = True
!! UPDATING !!
routeNo, updatedMCSIndex =  0 [0, 3, 0, 3]

rf.py: Time: 2011 Route details: {0: {'Route': [0, 2, 4, 6, 8], 'MCS_Index': [0, 3, 0, 3], 'Priority': 1, 'ValidRoute': True, 'HQRoute': True, 'RouteNodeDensity': [1, 2, 2, 2, 1], 'InterferingLinks': 8, 'Target': (-1, -1)}}
DUPE: 2007926224232_Node0_Node8_Zero, Node6 id 2007926224232_Node0_Node8_Zero was a dupe; retransmit: 0, pkt_enqueue_time=2011003311554.937, pkt_dequeue_time=2011003311554.937, forwarded_or_dropped=1, reason_for_drop='Expiry'
DUPE: 2007786878116_Node0_Node8_Zero, Node6 id 2007786878116_Node0_Node8_Zero was a dupe; retransmit: 0, pkt_enqueue_time=2011009731864.0278, pkt_dequeue_time=2011009731864.0278, forwarded_or_dropped=1, reason_for_drop='Expiry'
DUPE: 2008000014212_Node0_Node8_Zero, Node6 id 2008000014212_Node0_Node8_Zero was a dupe; retransmit: 0, pkt_enqueue_time=2011013191518.5732, pkt_dequeue_time=2011013191518.5732, forwarded_or_dropped=1, reason_for_drop='Expiry'
DUPE: 2008008208225_Node0_Node8_Zero, Node6 id 2008008208225_Node0_Node8_Zero was a dupe; retransmit: 0, pkt_enqueue_time=2011016711173.1187, pkt_dequeue_time=2011016711173.1187, forwarded_or_dropped=1, reason_for_drop='Expiry'
DUPE: 2007852451848_Node0_Node8_Zero, Node6 id 2007852451848_Node0_Node8_Zero was a dupe; retransmit: 0, pkt_enqueue_time=2011020310827.664, pkt_dequeue_time=2011020310827.664, forwarded_or_dropped=1, reason_for_drop='Expiry'
DUPE: 2007967222015_Node0_Node8_Zero, Node6 id 2007967222015_Node0_Node8_Zero was a dupe; retransmit: 0, pkt_enqueue_time=2011023930482.2095, pkt_dequeue_time=2011023930482.2095, forwarded_or_dropped=1, reason_for_drop='Expiry'
DUPE: 2007590157369_Node0_Node8_Zero, Node6 id 2007590157369_Node0_Node8_Zero was a dupe; retransmit: 0, pkt_enqueue_time=2011028344327.755, pkt_dequeue_time=2011028344327.755, forwarded_or_dropped=1, reason_for_drop='Expiry'
DUPE: 2007188506751_Node0_Node8_Zero, Node6 id 2007188506751_Node0_Node8_Zero was a dupe; retransmit: 0, pkt_enqueue_time=2011032083982.3003, pkt_dequeue_time=2011032083982.3003, forwarded_or_dropped=1, reason_for_drop='Expiry'
DUPE: 2007377036234_Node0_Node8_Zero, Node6 id 2007377036234_Node0_Node8_Zero was a dupe; retransmit: 0, pkt_enqueue_time=2011035843636.8457, pkt_dequeue_time=2011035843636.8457, forwarded_or_dropped=1, reason_for_drop='Expiry'
DUPE: 2007262282117_Node0_Node8_Zero, Node6 id 2007262282117_Node0_Node8_Zero was a dupe; retransmit: 0, pkt_enqueue_time=2011039703291.391, pkt_dequeue_time=2011039703291.391, forwarded_or_dropped=1, reason_for_drop='Expiry'
DUPE: 2007180308761_Node0_Node8_Zero, Node6 id 2007180308761_Node0_Node8_Zero was a dupe; retransmit: 0, pkt_enqueue_time=2011043562945.9365, pkt_dequeue_time=2011043562945.9365, forwarded_or_dropped=1, reason_for_drop='Expiry'
DUPE: 2007073772021_Node0_Node8_Zero, Node6 id 2007073772021_Node0_Node8_Zero was a dupe; retransmit: 0, pkt_enqueue_time=2011047422600.482, pkt_dequeue_time=2011047422600.482, forwarded_or_dropped=1, reason_for_drop='Expiry'
DUPE: 2007950820597_Node0_Node8_Zero, Node6 id 2007950820597_Node0_Node8_Zero was a dupe; retransmit: 0, pkt_enqueue_time=2011051282255.0273, pkt_dequeue_time=2011051282255.0273, forwarded_or_dropped=1, reason_for_drop='Expiry'
DUPE: 2007573761228_Node0_Node8_Zero, Node6 id 2007573761228_Node0_Node8_Zero was a dupe; retransmit: 0, pkt_enqueue_time=2011055181909.5728, pkt_dequeue_time=2011055181909.5728, forwarded_or_dropped=1, reason_for_drop='Expiry'
DUPE: 2007327859211_Node0_Node8_Zero, Node6 id 2007327859211_Node0_Node8_Zero was a dupe; retransmit: 0, pkt_enqueue_time=2011059081564.1182, pkt_dequeue_time=2011059081564.1182, forwarded_or_dropped=1, reason_for_drop='Expiry'
DUPE: 2002278672099_Node0_Node8_Zero, Node2 id 2002278672099_Node0_Node8_Zero was a dupe; retransmit: 0, pkt_enqueue_time=2011060206086.6663, pkt_dequeue_time=2011060206086.6663, forwarded_or_dropped=1, reason_for_drop='Expiry'
DUPE: 2007532771520_Node0_Node8_Zero, Node6 id 2007532771520_Node0_Node8_Zero was a dupe; retransmit: 0, pkt_enqueue_time=2011062990218.6636, pkt_dequeue_time=2011062990218.6636, forwarded_or_dropped=1, reason_for_drop='Expiry'
DUPE: 2007540972721_Node0_Node8_Zero, Node6 id 2007540972721_Node0_Node8_Zero was a dupe; retransmit: 0, pkt_enqueue_time=2011065097090.6636, pkt_dequeue_time=2011065097090.6636, forwarded_or_dropped=1, reason_for_drop='Expiry'
DUPE: 2007696715361_Node0_Node8_Zero, Node6 id 2007696715361_Node0_Node8_Zero was a dupe; retransmit: 0, pkt_enqueue_time=2011069039745.209, pkt_dequeue_time=2011069039745.209, forwarded_or_dropped=1, reason_for_drop='Expiry'
DUPE: 2007737700308_Node0_Node8_Zero, Node6 id 2007737700308_Node0_Node8_Zero was a dupe; retransmit: 0, pkt_enqueue_time=2011072999399.7544, pkt_dequeue_time=2011072999399.7544, forwarded_or_dropped=1, reason_for_drop='Expiry'
DUPE: 2007745894190_Node0_Node8_Zero, Node6 id 2007745894190_Node0_Node8_Zero was a dupe; retransmit: 0, pkt_enqueue_time=2011075966271.7544, pkt_dequeue_time=2011075966271.7544, forwarded_or_dropped=1, reason_for_drop='Expiry'
DUPE: 2002745884078_Node0_Node8_Zero, Node2 id 2002745884078_Node0_Node8_Zero was a dupe; retransmit: 0, pkt_enqueue_time=2011078388650.3027, pkt_dequeue_time=2011078388650.3027, forwarded_or_dropped=1, reason_for_drop='Expiry'
DUPE: 2008049198294_Node0_Node8_Zero, Node6 id 2008049198294_Node0_Node8_Zero was a dupe; retransmit: 0, pkt_enqueue_time=2011082575656.2998, pkt_dequeue_time=2011082575656.2998, forwarded_or_dropped=1, reason_for_drop='Expiry'
DUPE: 2008040997756_Node0_Node8_Zero, Node6 id 2008040997756_Node0_Node8_Zero was a dupe; retransmit: 0, pkt_enqueue_time=2011086615310.8452, pkt_dequeue_time=2011086615310.8452, forwarded_or_dropped=1, reason_for_drop='Expiry'
DUPE: 2007991813321_Node0_Node8_Zero, Node6 id 2007991813321_Node0_Node8_Zero was a dupe; retransmit: 0, pkt_enqueue_time=2011090663965.3906, pkt_dequeue_time=2011090663965.3906, forwarded_or_dropped=1, reason_for_drop='Expiry'
DUPE: 2008024601225_Node0_Node8_Zero, Node6 id 2008024601225_Node0_Node8_Zero was a dupe; retransmit: 0, pkt_enqueue_time=2011099257018.4814, pkt_dequeue_time=2011099257018.4814, forwarded_or_dropped=1, reason_for_drop='Expiry'
DUPE: 2008106554249_Node0_Node8_Zero, Node6 id 2008106554249_Node0_Node8_Zero was a dupe; retransmit: 0, pkt_enqueue_time=2011107597289.0269, pkt_dequeue_time=2011107597289.0269, forwarded_or_dropped=1, reason_for_drop='Expiry'
DUPE: 2008106554249_Node0_Node8_Zero, Node6 id 2008106554249_Node0_Node8_Zero was a dupe; retransmit: 0, pkt_enqueue_time=2011122526081.754, pkt_dequeue_time=2011122526081.754, forwarded_or_dropped=1, reason_for_drop='Expiry'
DUPE: 2008122949680_Node0_Node8_Zero, Node6 id 2008122949680_Node0_Node8_Zero was a dupe; retransmit: 0, pkt_enqueue_time=2011129731086.8447, pkt_dequeue_time=2011129731086.8447, forwarded_or_dropped=1, reason_for_drop='Expiry'
DUPE: 2008131141976_Node0_Node8_Zero, Node6 id 2008131141976_Node0_Node8_Zero was a dupe; retransmit: 0, pkt_enqueue_time=2011132179741.3901, pkt_dequeue_time=2011132179741.3901, forwarded_or_dropped=1, reason_for_drop='Expiry'
DUPE: 2005131110435_Node0_Node8_Zero, Node2 id 2005131110435_Node0_Node8_Zero was a dupe; retransmit: 0, pkt_enqueue_time=2011135072516.2424, pkt_dequeue_time=2011135072516.2424, forwarded_or_dropped=1, reason_for_drop='Expiry'
DUPE: 2008163934583_Node0_Node8_Zero, Node6 id 2008163934583_Node0_Node8_Zero was a dupe; retransmit: 0, pkt_enqueue_time=2011170716915.4805, pkt_dequeue_time=2011170716915.4805, forwarded_or_dropped=1, reason_for_drop='Expiry'
DUPE: 2008155739546_Node0_Node8_Zero, Node6 id 2008155739546_Node0_Node8_Zero was a dupe; retransmit: 0, pkt_enqueue_time=2011172996570.026, pkt_dequeue_time=2011172996570.026, forwarded_or_dropped=1, reason_for_drop='Expiry'
DUPE: 2008172133042_Node0_Node8_Zero, Node6 id 2008172133042_Node0_Node8_Zero was a dupe; retransmit: 0, pkt_enqueue_time=2011175476224.5713, pkt_dequeue_time=2011175476224.5713, forwarded_or_dropped=1, reason_for_drop='Expiry'
DUPE: 2005836036227_Node0_Node8_Zero, Node2 id 2005836036227_Node0_Node8_Zero was a dupe; retransmit: 0, pkt_enqueue_time=2011190307604.299, pkt_dequeue_time=2011190307604.299, forwarded_or_dropped=1, reason_for_drop='Expiry'
DUPE: 2005844229443_Node0_Node8_Zero, Node2 id 2005844229443_Node0_Node8_Zero was a dupe; retransmit: 0, pkt_enqueue_time=2011190307604.299, pkt_dequeue_time=2011190307604.299, forwarded_or_dropped=1, reason_for_drop='Expiry'
Called Update: UpdateRouteCalls = 0, force = False
Called Update: UpdateRouteCalls = 1, force = False
Node.py: (Node2)@2011200000000.0: Updated MCS from 3 to 3, hist=deque([0.37662337662337664, 0.17142857142857143, 0.0, 0.05, 0.0], maxlen=5), packets_serviced=0, packets_received=16
Called Update: UpdateRouteCalls = 2, force = False
Called Update: UpdateRouteCalls = 3, force = False
Called Update: UpdateRouteCalls = 4, force = False
Called Update: UpdateRouteCalls = 5, force = False
Node.py: (Node6)@2011200000000.0: Updated MCS from 3 to 3, hist=deque([0.410958904109589, 0.21428571428571427, 0.42857142857142855, 0.21739130434782608, 0.2826086956521739], maxlen=5), packets_serviced=39, packets_received=138
Called Update: UpdateRouteCalls = 6, force = False
Called Update: UpdateRouteCalls = 7, force = False
Called Update: UpdateRouteCalls = 8, force = False
Called Update: UpdateRouteCalls = 9, force = False
!! UPDATING !!
routeNo, updatedMCSIndex =  0 [0, 3, 0, 3]
DUPE: 2001663918897_Node0_Node8_Zero, Node2 id 2001663918897_Node0_Node8_Zero was a dupe; retransmit: 0, pkt_enqueue_time=2011260267331.5723, pkt_dequeue_time=2011260267331.5723, forwarded_or_dropped=1, reason_for_drop='Expiry'
DUPE: 2008237709112_Node0_Node8_Zero, Node6 id 2008237709112_Node0_Node8_Zero was a dupe; retransmit: 0, pkt_enqueue_time=2011340755853.2048, pkt_dequeue_time=2011340755853.2048, forwarded_or_dropped=1, reason_for_drop='Expiry'
DUPE: 2008393446599_Node0_Node8_Zero, Node6 id 2008393446599_Node0_Node8_Zero was a dupe; retransmit: 0, pkt_enqueue_time=2011395105064.0222, pkt_dequeue_time=2011395105064.0222, forwarded_or_dropped=1, reason_for_drop='Expiry'
DUPE: 2001516375299_Node0_Node8_Zero, Node2 id 2001516375299_Node0_Node8_Zero was a dupe; retransmit: 0, pkt_enqueue_time=2011399098056.3862, pkt_dequeue_time=2011399098056.3862, forwarded_or_dropped=1, reason_for_drop='Expiry'
DUPE: 2008245909367_Node0_Node8_Zero, Node6 id 2008245909367_Node0_Node8_Zero was a dupe; retransmit: 0, pkt_enqueue_time=2011426534628.0217, pkt_dequeue_time=2011426534628.0217, forwarded_or_dropped=1, reason_for_drop='Expiry'
DUPE: 2008295088267_Node0_Node8_Zero, Node6 id 2008295088267_Node0_Node8_Zero was a dupe; retransmit: 0, pkt_enqueue_time=2011428803282.5671, pkt_dequeue_time=2011428803282.5671, forwarded_or_dropped=1, reason_for_drop='Expiry'
DUPE: 2008385246280_Node0_Node8_Zero, Node6 id 2008385246280_Node0_Node8_Zero was a dupe; retransmit: 0, pkt_enqueue_time=2011441513862.2034, pkt_dequeue_time=2011441513862.2034, forwarded_or_dropped=1, reason_for_drop='Expiry'
DUPE: 2008327867754_Node0_Node8_Zero, Node6 id 2008327867754_Node0_Node8_Zero was a dupe; retransmit: 0, pkt_enqueue_time=2011443807516.7488, pkt_dequeue_time=2011443807516.7488, forwarded_or_dropped=1, reason_for_drop='Expiry'
DUPE: 2005737661942_Node0_Node8_Zero, Node2 id 2005737661942_Node0_Node8_Zero was a dupe; retransmit: 0, pkt_enqueue_time=2011450699096.1123, pkt_dequeue_time=2011450699096.1123, forwarded_or_dropped=1, reason_for_drop='Expiry'
DUPE: 2005745855708_Node0_Node8_Zero, Node2 id 2005745855708_Node0_Node8_Zero was a dupe; retransmit: 0, pkt_enqueue_time=2011450699096.1123, pkt_dequeue_time=2011450699096.1123, forwarded_or_dropped=1, reason_for_drop='Expiry'
DUPE: 2008319667209_Node0_Node8_Zero, Node6 id 2008319667209_Node0_Node8_Zero was a dupe; retransmit: 0, pkt_enqueue_time=2011453812958.9304, pkt_dequeue_time=2011453812958.9304, forwarded_or_dropped=1, reason_for_drop='Expiry'
DUPE: 2008262302130_Node0_Node8_Zero, Node6 id 2008262302130_Node0_Node8_Zero was a dupe; retransmit: 0, pkt_enqueue_time=2011456152613.4758, pkt_dequeue_time=2011456152613.4758, forwarded_or_dropped=1, reason_for_drop='Expiry'
DUPE: 2008459046432_Node0_Node8_Zero, Node6 id 2008459046432_Node0_Node8_Zero was a dupe; retransmit: 0, pkt_enqueue_time=2011460699140.0212, pkt_dequeue_time=2011460699140.0212, forwarded_or_dropped=1, reason_for_drop='Expiry'
DUPE: 2008360661284_Node0_Node8_Zero, Node6 id 2008360661284_Node0_Node8_Zero was a dupe; retransmit: 0, pkt_enqueue_time=2011463058794.5667, pkt_dequeue_time=2011463058794.5667, forwarded_or_dropped=1, reason_for_drop='Expiry'
DUPE: 2008467241219_Node0_Node8_Zero, Node6 id 2008467241219_Node0_Node8_Zero was a dupe; retransmit: 0, pkt_enqueue_time=2011546085577.1123, pkt_dequeue_time=2011546085577.1123, forwarded_or_dropped=1, reason_for_drop='Expiry'
DUPE: 2008500036230_Node0_Node8_Zero, Node6 id 2008500036230_Node0_Node8_Zero was a dupe; retransmit: 0, pkt_enqueue_time=2011548485231.6577, pkt_dequeue_time=2011548485231.6577, forwarded_or_dropped=1, reason_for_drop='Expiry'
DUPE: 2008278692327_Node0_Node8_Zero, Node6 id 2008278692327_Node0_Node8_Zero was a dupe; retransmit: 0, pkt_enqueue_time=2011555735195.294, pkt_dequeue_time=2011555735195.294, forwarded_or_dropped=1, reason_for_drop='Expiry'
DUPE: 2008565606629_Node0_Node8_Zero, Node6 id 2008565606629_Node0_Node8_Zero was a dupe; retransmit: 0, pkt_enqueue_time=2011567399468.021, pkt_dequeue_time=2011567399468.021, forwarded_or_dropped=1, reason_for_drop='Expiry'
DUPE: 2008352462609_Node0_Node8_Zero, Node6 id 2008352462609_Node0_Node8_Zero was a dupe; retransmit: 0, pkt_enqueue_time=2011569839122.5664, pkt_dequeue_time=2011569839122.5664, forwarded_or_dropped=1, reason_for_drop='Expiry'
DUPE: 2008475434314_Node0_Node8_Zero, Node6 id 2008475434314_Node0_Node8_Zero was a dupe; retransmit: 0, pkt_enqueue_time=2011572298777.1118, pkt_dequeue_time=2011572298777.1118, forwarded_or_dropped=1, reason_for_drop='Expiry'
DUPE: 2008377053491_Node0_Node8_Zero, Node6 id 2008377053491_Node0_Node8_Zero was a dupe; retransmit: 0, pkt_enqueue_time=2011574758431.6572, pkt_dequeue_time=2011574758431.6572, forwarded_or_dropped=1, reason_for_drop='Expiry'
DUPE: 2008491836271_Node0_Node8_Zero, Node6 id 2008491836271_Node0_Node8_Zero was a dupe; retransmit: 0, pkt_enqueue_time=2011581964612.748, pkt_dequeue_time=2011581964612.748, forwarded_or_dropped=1, reason_for_drop='Expiry'
DUPE: 2008434444694_Node0_Node8_Zero, Node6 id 2008434444694_Node0_Node8_Zero was a dupe; retransmit: 0, pkt_enqueue_time=2011584504267.2935, pkt_dequeue_time=2011584504267.2935, forwarded_or_dropped=1, reason_for_drop='Expiry'
DUPE: 2008147538871_Node0_Node8_Zero, Node6 id 2008147538871_Node0_Node8_Zero was a dupe; retransmit: 0, pkt_enqueue_time=2011589596576.3843, pkt_dequeue_time=2011589596576.3843, forwarded_or_dropped=1, reason_for_drop='Expiry'
DUPE: 2008114755114_Node0_Node8_Zero, Node6 id 2008114755114_Node0_Node8_Zero was a dupe; retransmit: 0, pkt_enqueue_time=2011592903838.9297, pkt_dequeue_time=2011592903838.9297, forwarded_or_dropped=1, reason_for_drop='Expiry'
DUPE: 2008508235002_Node0_Node8_Zero, Node6 id 2008508235002_Node0_Node8_Zero was a dupe; retransmit: 0, pkt_enqueue_time=2011595463493.475, pkt_dequeue_time=2011595463493.475, forwarded_or_dropped=1, reason_for_drop='Expiry'
Called Update: UpdateRouteCalls = 0, force = False
Called Update: UpdateRouteCalls = 1, force = False
Node.py: (Node2)@2011600000000.0: Updated MCS from 3 to 3, hist=deque([0.17142857142857143, 0.0, 0.05, 0.0, 0.11627906976744186], maxlen=5), packets_serviced=5, packets_received=43
Called Update: UpdateRouteCalls = 2, force = False
Called Update: UpdateRouteCalls = 3, force = False
Node.py: (Node4)@2011600000000.0: Updated MCS from 0 to 0, hist=deque([0.07035175879396985, 1.5333333333333334, 6.0, 33.0, 12.4], maxlen=5), packets_serviced=62, packets_received=5
Called Update: UpdateRouteCalls = 4, force = False
Called Update: UpdateRouteCalls = 5, force = False
Node.py: (Node6)@2011600000000.0: Updated MCS from 3 to 3, hist=deque([0.21428571428571427, 0.42857142857142855, 0.21739130434782608, 0.2826086956521739, 0.4305555555555556], maxlen=5), packets_serviced=62, packets_received=144
Called Update: UpdateRouteCalls = 6, force = False
Called Update: UpdateRouteCalls = 7, force = False
Called Update: UpdateRouteCalls = 8, force = False
Called Update: UpdateRouteCalls = 9, force = False
!! UPDATING !!
routeNo, updatedMCSIndex =  0 [0, 3, 0, 3]
DUPE: 2008573805180_Node0_Node8_Zero, Node6 id 2008573805180_Node0_Node8_Zero was a dupe; retransmit: 0, pkt_enqueue_time=2011602018271.8386, pkt_dequeue_time=2011602018271.8386, forwarded_or_dropped=1, reason_for_drop='Expiry'
DUPE: 2008450844925_Node0_Node8_Zero, Node6 id 2008450844925_Node0_Node8_Zero was a dupe; retransmit: 0, pkt_enqueue_time=2011609966964.839, pkt_dequeue_time=2011609966964.839, forwarded_or_dropped=1, reason_for_drop='Expiry'
DUPE: 2008188535627_Node0_Node8_Zero, Node6 id 2008188535627_Node0_Node8_Zero was a dupe; retransmit: 0, pkt_enqueue_time=2011617958145.7483, pkt_dequeue_time=2011617958145.7483, forwarded_or_dropped=1, reason_for_drop='Expiry'
DUPE: 2008418045020_Node0_Node8_Zero, Node6 id 2008418045020_Node0_Node8_Zero was a dupe; retransmit: 0, pkt_enqueue_time=2011622765382.112, pkt_dequeue_time=2011622765382.112, forwarded_or_dropped=1, reason_for_drop='Expiry'
DUPE: 2008311474224_Node0_Node8_Zero, Node6 id 2008311474224_Node0_Node8_Zero was a dupe; retransmit: 0, pkt_enqueue_time=2011625566036.6575, pkt_dequeue_time=2011625566036.6575, forwarded_or_dropped=1, reason_for_drop='Expiry'
DUPE: 2008401642634_Node0_Node8_Zero, Node6 id 2008401642634_Node0_Node8_Zero was a dupe; retransmit: 0, pkt_enqueue_time=2011631978353.7483, pkt_dequeue_time=2011631978353.7483, forwarded_or_dropped=1, reason_for_drop='Expiry'
DUPE: 2008286886765_Node0_Node8_Zero, Node6 id 2008286886765_Node0_Node8_Zero was a dupe; retransmit: 0, pkt_enqueue_time=2011637816932.112, pkt_dequeue_time=2011637816932.112, forwarded_or_dropped=1, reason_for_drop='Expiry'
DUPE: 2008409844024_Node0_Node8_Zero, Node6 id 2008409844024_Node0_Node8_Zero was a dupe; retransmit: 0, pkt_enqueue_time=2011645694502.203, pkt_dequeue_time=2011645694502.203, forwarded_or_dropped=1, reason_for_drop='Expiry'
DUPE: 2008549214617_Node0_Node8_Zero, Node6 id 2008549214617_Node0_Node8_Zero was a dupe; retransmit: 0, pkt_enqueue_time=2011648674156.7483, pkt_dequeue_time=2011648674156.7483, forwarded_or_dropped=1, reason_for_drop='Expiry'
DUPE: 2008213115918_Node0_Node8_Zero, Node6 id 2008213115918_Node0_Node8_Zero was a dupe; retransmit: 0, pkt_enqueue_time=2011652426677.2937, pkt_dequeue_time=2011652426677.2937, forwarded_or_dropped=1, reason_for_drop='Expiry'
DUPE: 2008254108673_Node0_Node8_Zero, Node6 id 2008254108673_Node0_Node8_Zero was a dupe; retransmit: 0, pkt_enqueue_time=2011656179331.839, pkt_dequeue_time=2011656179331.839, forwarded_or_dropped=1, reason_for_drop='Expiry'
DUPE: 2008647565915_Node0_Node8_Zero, Node6 id 2008647565915_Node0_Node8_Zero was a dupe; retransmit: 0, pkt_enqueue_time=2011659987204.3845, pkt_dequeue_time=2011659987204.3845, forwarded_or_dropped=1, reason_for_drop='Expiry'
DUPE: 2008303281635_Node0_Node8_Zero, Node6 id 2008303281635_Node0_Node8_Zero was a dupe; retransmit: 0, pkt_enqueue_time=2011670559458.93, pkt_dequeue_time=2011670559458.93, forwarded_or_dropped=1, reason_for_drop='Expiry'
DUPE: 2008229509159_Node0_Node8_Zero, Node6 id 2008229509159_Node0_Node8_Zero was a dupe; retransmit: 0, pkt_enqueue_time=2011678304053.0208, pkt_dequeue_time=2011678304053.0208, forwarded_or_dropped=1, reason_for_drop='Expiry'
DUPE: 2008131141976_Node0_Node8_Zero, Node6 id 2008131141976_Node0_Node8_Zero was a dupe; retransmit: 0, pkt_enqueue_time=2011691691888.2024, pkt_dequeue_time=2011691691888.2024, forwarded_or_dropped=1, reason_for_drop='Expiry'
DUPE: 2008336061331_Node0_Node8_Zero, Node6 id 2008336061331_Node0_Node8_Zero was a dupe; retransmit: 0, pkt_enqueue_time=2011696386148.7478, pkt_dequeue_time=2011696386148.7478, forwarded_or_dropped=1, reason_for_drop='Expiry'
DUPE: 2008139339509_Node0_Node8_Zero, Node6 id 2008139339509_Node0_Node8_Zero was a dupe; retransmit: 0, pkt_enqueue_time=2011698881803.2932, pkt_dequeue_time=2011698881803.2932, forwarded_or_dropped=1, reason_for_drop='Expiry'
DUPE: 2008655759323_Node0_Node8_Zero, Node6 id 2008655759323_Node0_Node8_Zero was a dupe; retransmit: 0, pkt_enqueue_time=2011702301457.8386, pkt_dequeue_time=2011702301457.8386, forwarded_or_dropped=1, reason_for_drop='Expiry'
DUPE: 2008426245869_Node0_Node8_Zero, Node6 id 2008426245869_Node0_Node8_Zero was a dupe; retransmit: 0, pkt_enqueue_time=2011706553706.384, pkt_dequeue_time=2011706553706.384, forwarded_or_dropped=1, reason_for_drop='Expiry'
DUPE: 2008639371055_Node0_Node8_Zero, Node6 id 2008639371055_Node0_Node8_Zero was a dupe; retransmit: 0, pkt_enqueue_time=2011711006014.9294, pkt_dequeue_time=2011711006014.9294, forwarded_or_dropped=1, reason_for_drop='Expiry'
DUPE: 2008196727808_Node0_Node8_Zero, Node6 id 2008196727808_Node0_Node8_Zero was a dupe; retransmit: 0, pkt_enqueue_time=2011715455902.4749, pkt_dequeue_time=2011715455902.4749, forwarded_or_dropped=1, reason_for_drop='Expiry'
DUPE: 2008204922360_Node0_Node8_Zero, Node6 id 2008204922360_Node0_Node8_Zero was a dupe; retransmit: 0, pkt_enqueue_time=2011722141086.5657, pkt_dequeue_time=2011722141086.5657, forwarded_or_dropped=1, reason_for_drop='Expiry'
DUPE: 2008557414431_Node0_Node8_Zero, Node6 id 2008557414431_Node0_Node8_Zero was a dupe; retransmit: 0, pkt_enqueue_time=2011729053267.6565, pkt_dequeue_time=2011729053267.6565, forwarded_or_dropped=1, reason_for_drop='Expiry'
DUPE: 2008344261998_Node0_Node8_Zero, Node6 id 2008344261998_Node0_Node8_Zero was a dupe; retransmit: 0, pkt_enqueue_time=2011733545795.202, pkt_dequeue_time=2011733545795.202, forwarded_or_dropped=1, reason_for_drop='Expiry'
DUPE: 2008622978047_Node0_Node8_Zero, Node6 id 2008622978047_Node0_Node8_Zero was a dupe; retransmit: 0, pkt_enqueue_time=2011737445449.7473, pkt_dequeue_time=2011737445449.7473, forwarded_or_dropped=1, reason_for_drop='Expiry'
DUPE: 2008631170611_Node0_Node8_Zero, Node6 id 2008631170611_Node0_Node8_Zero was a dupe; retransmit: 0, pkt_enqueue_time=2011740499646.9312, pkt_dequeue_time=2011740499646.9312, forwarded_or_dropped=1, reason_for_drop='Expiry'
DUPE: 2008663955077_Node0_Node8_Zero, Node6 id 2008663955077_Node0_Node8_Zero was a dupe; retransmit: 0, pkt_enqueue_time=2011744431301.4766, pkt_dequeue_time=2011744431301.4766, forwarded_or_dropped=1, reason_for_drop='Expiry'
DUPE: 2008713137419_Node0_Node8_Zero, Node6 id 2008713137419_Node0_Node8_Zero was a dupe; retransmit: 0, pkt_enqueue_time=2011749243739.022, pkt_dequeue_time=2011749243739.022, forwarded_or_dropped=1, reason_for_drop='Expiry'
DUPE: 2008672155640_Node0_Node8_Zero, Node6 id 2008672155640_Node0_Node8_Zero was a dupe; retransmit: 0, pkt_enqueue_time=2011753393847.5674, pkt_dequeue_time=2011753393847.5674, forwarded_or_dropped=1, reason_for_drop='Expiry'
DUPE: 2008270496826_Node0_Node8_Zero, Node6 id 2008270496826_Node0_Node8_Zero was a dupe; retransmit: 0, pkt_enqueue_time=2011758226157.1128, pkt_dequeue_time=2011758226157.1128, forwarded_or_dropped=1, reason_for_drop='Expiry'
DUPE: 2008614783550_Node0_Node8_Zero, Node6 id 2008614783550_Node0_Node8_Zero was a dupe; retransmit: 0, pkt_enqueue_time=2011763116535.6582, pkt_dequeue_time=2011763116535.6582, forwarded_or_dropped=1, reason_for_drop='Expiry'
DUPE: 2007639331192_Node0_Node8_Zero, Node6 id 2007639331192_Node0_Node8_Zero was a dupe; retransmit: 0, pkt_enqueue_time=2011768009066.2036, pkt_dequeue_time=2011768009066.2036, forwarded_or_dropped=1, reason_for_drop='Expiry'
DUPE: 2007229493098_Node0_Node8_Zero, Node6 id 2007229493098_Node0_Node8_Zero was a dupe; retransmit: 0, pkt_enqueue_time=2011772919789.749, pkt_dequeue_time=2011772919789.749, forwarded_or_dropped=1, reason_for_drop='Expiry'
DUPE: 2007713110146_Node0_Node8_Zero, Node6 id 2007713110146_Node0_Node8_Zero was a dupe; retransmit: 0, pkt_enqueue_time=2011777079444.2944, pkt_dequeue_time=2011777079444.2944, forwarded_or_dropped=1, reason_for_drop='Expiry'
DUPE: 2007721303936_Node0_Node8_Zero, Node6 id 2007721303936_Node0_Node8_Zero was a dupe; retransmit: 0, pkt_enqueue_time=2011781359874.4766, pkt_dequeue_time=2011781359874.4766, forwarded_or_dropped=1, reason_for_drop='Expiry'
DUPE: 2008737723512_Node0_Node8_Zero, Node6 id 2008737723512_Node0_Node8_Zero was a dupe; retransmit: 0, pkt_enqueue_time=2011786311684.022, pkt_dequeue_time=2011786311684.022, forwarded_or_dropped=1, reason_for_drop='Expiry'
DUPE: 2007270475259_Node0_Node8_Zero, Node6 id 2007270475259_Node0_Node8_Zero was a dupe; retransmit: 0, pkt_enqueue_time=2011791282408.5674, pkt_dequeue_time=2011791282408.5674, forwarded_or_dropped=1, reason_for_drop='Expiry'
DUPE: 2007508181352_Node0_Node8_Zero, Node6 id 2007508181352_Node0_Node8_Zero was a dupe; retransmit: 0, pkt_enqueue_time=2011798773987.022, pkt_dequeue_time=2011798773987.022, forwarded_or_dropped=1, reason_for_drop='Expiry'
DUPE: 2007516377308_Node0_Node8_Zero, Node6 id 2007516377308_Node0_Node8_Zero was a dupe; retransmit: 0, pkt_enqueue_time=2011801760859.022, pkt_dequeue_time=2011801760859.022, forwarded_or_dropped=1, reason_for_drop='Expiry'
DUPE: 2008729522393_Node0_Node8_Zero, Node6 id 2008729522393_Node0_Node8_Zero was a dupe; retransmit: 0, pkt_enqueue_time=2011806040513.5674, pkt_dequeue_time=2011806040513.5674, forwarded_or_dropped=1, reason_for_drop='Expiry'
DUPE: 2007729504725_Node0_Node8_Zero, Node6 id 2007729504725_Node0_Node8_Zero was a dupe; retransmit: 0, pkt_enqueue_time=2011811072296.1128, pkt_dequeue_time=2011811072296.1128, forwarded_or_dropped=1, reason_for_drop='Expiry'
DUPE: 2007688519944_Node0_Node8_Zero, Node6 id 2007688519944_Node0_Node8_Zero was a dupe; retransmit: 0, pkt_enqueue_time=2011816162237.6582, pkt_dequeue_time=2011816162237.6582, forwarded_or_dropped=1, reason_for_drop='Expiry'
DUPE: 2007450809870_Node0_Node8_Zero, Node6 id 2007450809870_Node0_Node8_Zero was a dupe; retransmit: 0, pkt_enqueue_time=2011821294040.2036, pkt_dequeue_time=2011821294040.2036, forwarded_or_dropped=1, reason_for_drop='Expiry'
DUPE: 2008032800304_Node0_Node8_Zero, Node6 id 2008032800304_Node0_Node8_Zero was a dupe; retransmit: 0, pkt_enqueue_time=2011831987513.2944, pkt_dequeue_time=2011831987513.2944, forwarded_or_dropped=1, reason_for_drop='Expiry'
DUPE: 2007672127214_Node0_Node8_Zero, Node6 id 2007672127214_Node0_Node8_Zero was a dupe; retransmit: 0, pkt_enqueue_time=2011837637290.8398, pkt_dequeue_time=2011837637290.8398, forwarded_or_dropped=1, reason_for_drop='Expiry'
DUPE: 2007647530528_Node0_Node8_Zero, Node6 id 2007647530528_Node0_Node8_Zero was a dupe; retransmit: 0, pkt_enqueue_time=2011860528465.6567, pkt_dequeue_time=2011860528465.6567, forwarded_or_dropped=1, reason_for_drop='Expiry'
DUPE: 2008704944406_Node0_Node8_Zero, Node6 id 2008704944406_Node0_Node8_Zero was a dupe; retransmit: 0, pkt_enqueue_time=2011866841050.2021, pkt_dequeue_time=2011866841050.2021, forwarded_or_dropped=1, reason_for_drop='Expiry'
DUPE: 2007631129857_Node0_Node8_Zero, Node6 id 2007631129857_Node0_Node8_Zero was a dupe; retransmit: 0, pkt_enqueue_time=2011873153212.7476, pkt_dequeue_time=2011873153212.7476, forwarded_or_dropped=1, reason_for_drop='Expiry'
DUPE: 2007237687145_Node0_Node8_Zero, Node6 id 2007237687145_Node0_Node8_Zero was a dupe; retransmit: 0, pkt_enqueue_time=2011879523938.293, pkt_dequeue_time=2011879523938.293, forwarded_or_dropped=1, reason_for_drop='Expiry'
DUPE: 2008688554355_Node0_Node8_Zero, Node6 id 2008688554355_Node0_Node8_Zero was a dupe; retransmit: 0, pkt_enqueue_time=2011885292592.8384, pkt_dequeue_time=2011885292592.8384, forwarded_or_dropped=1, reason_for_drop='Expiry'
DUPE: 2008721329966_Node0_Node8_Zero, Node6 id 2008721329966_Node0_Node8_Zero was a dupe; retransmit: 0, pkt_enqueue_time=2011898197342.0203, pkt_dequeue_time=2011898197342.0203, forwarded_or_dropped=1, reason_for_drop='Expiry'
DUPE: 2008606588178_Node0_Node8_Zero, Node6 id 2008606588178_Node0_Node8_Zero was a dupe; retransmit: 0, pkt_enqueue_time=2011919170679.111, pkt_dequeue_time=2011919170679.111, forwarded_or_dropped=1, reason_for_drop='Expiry'
DUPE: 2007983614914_Node0_Node8_Zero, Node6 id 2007983614914_Node0_Node8_Zero was a dupe; retransmit: 0, pkt_enqueue_time=2011942162327.0198, pkt_dequeue_time=2011942162327.0198, forwarded_or_dropped=1, reason_for_drop='Expiry'
DUPE: 2007196705164_Node0_Node8_Zero, Node6 id 2007196705164_Node0_Node8_Zero was a dupe; retransmit: 0, pkt_enqueue_time=2011950045437.5652, pkt_dequeue_time=2011950045437.5652, forwarded_or_dropped=1, reason_for_drop='Expiry'
DUPE: 2003762258190_Node0_Node8_Zero, Node6 id 2003762258190_Node0_Node8_Zero was a dupe; retransmit: 0, pkt_enqueue_time=2011962749434.8376, pkt_dequeue_time=2011962749434.8376, forwarded_or_dropped=1, reason_for_drop='Expiry'
DUPE: 2006434419496_Node0_Node8_Zero, Node6 id 2006434419496_Node0_Node8_Zero was a dupe; retransmit: 0, pkt_enqueue_time=2011969979744.383, pkt_dequeue_time=2011969979744.383, forwarded_or_dropped=1, reason_for_drop='Expiry'
DUPE: 2007762286813_Node0_Node8_Zero, Node6 id 2007762286813_Node0_Node8_Zero was a dupe; retransmit: 0, pkt_enqueue_time=2011978711650.9285, pkt_dequeue_time=2011978711650.9285, forwarded_or_dropped=1, reason_for_drop='Expiry'
DUPE: 2004409797611_Node0_Node8_Zero, Node6 id 2004409797611_Node0_Node8_Zero was a dupe; retransmit: 0, pkt_enqueue_time=2011987472832.4739, pkt_dequeue_time=2011987472832.4739, forwarded_or_dropped=1, reason_for_drop='Expiry'
DUPE: 2004483568043_Node0_Node8_Zero, Node6 id 2004483568043_Node0_Node8_Zero was a dupe; retransmit: 0, pkt_enqueue_time=2011989799704.4739, pkt_dequeue_time=2011989799704.4739, forwarded_or_dropped=1, reason_for_drop='Expiry'
main.py: Progress: 2012 / 2014
Called Update: UpdateRouteCalls = 0, force = False
Called Update: UpdateRouteCalls = 1, force = False
Node.py: (Node2)@2012000000000.0: Updated MCS from 3 to 3, hist=deque([0.0, 0.05, 0.0, 0.11627906976744186, 0.3707865168539326], maxlen=5), packets_serviced=33, packets_received=89
Called Update: UpdateRouteCalls = 2, force = False
Called Update: UpdateRouteCalls = 3, force = False
Node.py: (Node4)@2012000000000.0: Updated MCS from 0 to 0, hist=deque([1.5333333333333334, 6.0, 33.0, 12.4, 0.03333333333333333], maxlen=5), packets_serviced=1, packets_received=30
Called Update: UpdateRouteCalls = 4, force = False
Called Update: UpdateRouteCalls = 5, force = False
Node.py: (Node6)@2012000000000.0: Updated MCS from 3 to 3, hist=deque([0.42857142857142855, 0.21739130434782608, 0.2826086956521739, 0.4305555555555556, 0.0], maxlen=5), packets_serviced=0, packets_received=68
Called Update: UpdateRouteCalls = 6, force = False
Called Update: UpdateRouteCalls = 7, force = False
Called Update: UpdateRouteCalls = 8, force = False
Called Update: UpdateRouteCalls = 9, force = False
!! UPDATING !!
routeNo, updatedMCSIndex =  0 [0, 3, 0, 3]
Called Update: UpdateRouteCalls = 0, force = True
!! UPDATING !!
routeNo, updatedMCSIndex =  0 [0, 3, 0, 3]

rf.py: Time: 2012 Route details: {0: {'Route': [0, 2, 4, 6, 8], 'MCS_Index': [0, 3, 0, 3], 'Priority': 1, 'ValidRoute': True, 'HQRoute': True, 'RouteNodeDensity': [1, 2, 2, 2, 1], 'InterferingLinks': 8, 'Target': (-1, -1)}}
DUPE: 2006311463828_Node0_Node8_Zero, Node6 id 2006311463828_Node0_Node8_Zero was a dupe; retransmit: 0, pkt_enqueue_time=2012008439430.7163, pkt_dequeue_time=2012008439430.7163, forwarded_or_dropped=1, reason_for_drop='Expiry'
DUPE: 2007598352031_Node0_Node8_Zero, Node6 id 2007598352031_Node0_Node8_Zero was a dupe; retransmit: 0, pkt_enqueue_time=2012018814054.8071, pkt_dequeue_time=2012018814054.8071, forwarded_or_dropped=1, reason_for_drop='Expiry'
DUPE: 2004147509592_Node0_Node8_Zero, Node6 id 2004147509592_Node0_Node8_Zero was a dupe; retransmit: 0, pkt_enqueue_time=2012027057294.3525, pkt_dequeue_time=2012027057294.3525, forwarded_or_dropped=1, reason_for_drop='Expiry'
DUPE: 2008696748063_Node0_Node8_Zero, Node6 id 2008696748063_Node0_Node8_Zero was a dupe; retransmit: 0, pkt_enqueue_time=2012034547889.898, pkt_dequeue_time=2012034547889.898, forwarded_or_dropped=1, reason_for_drop='Expiry'
DUPE: 2003344247174_Node0_Node8_Zero, Node6 id 2003344247174_Node0_Node8_Zero was a dupe; retransmit: 0, pkt_enqueue_time=2012053075067.0796, pkt_dequeue_time=2012053075067.0796, forwarded_or_dropped=1, reason_for_drop='Expiry'
DUPE: 2003352447044_Node0_Node8_Zero, Node6 id 2003352447044_Node0_Node8_Zero was a dupe; retransmit: 0, pkt_enqueue_time=2012053075067.0796, pkt_dequeue_time=2012053075067.0796, forwarded_or_dropped=1, reason_for_drop='Expiry'
DUPE: 2006155709470_Node0_Node8_Zero, Node6 id 2006155709470_Node0_Node8_Zero was a dupe; retransmit: 0, pkt_enqueue_time=2012060607791.716, pkt_dequeue_time=2012060607791.716, forwarded_or_dropped=1, reason_for_drop='Expiry'
DUPE: 2003016363660_Node0_Node8_Zero, Node6 id 2003016363660_Node0_Node8_Zero was a dupe; retransmit: 0, pkt_enqueue_time=2012073248936.534, pkt_dequeue_time=2012073248936.534, forwarded_or_dropped=1, reason_for_drop='Expiry'
DUPE: 2003024557985_Node0_Node8_Zero, Node6 id 2003024557985_Node0_Node8_Zero was a dupe; retransmit: 0, pkt_enqueue_time=2012073248936.534, pkt_dequeue_time=2012073248936.534, forwarded_or_dropped=1, reason_for_drop='Expiry'
DUPE: 2002999964278_Node0_Node8_Zero, Node6 id 2002999964278_Node0_Node8_Zero was a dupe; retransmit: 0, pkt_enqueue_time=2012076516591.534, pkt_dequeue_time=2012076516591.534, forwarded_or_dropped=1, reason_for_drop='Expiry'
DUPE: 2003008165010_Node0_Node8_Zero, Node6 id 2003008165010_Node0_Node8_Zero was a dupe; retransmit: 0, pkt_enqueue_time=2012076516591.534, pkt_dequeue_time=2012076516591.534, forwarded_or_dropped=1, reason_for_drop='Expiry'
DUPE: 2005434389510_Node0_Node8_Zero, Node6 id 2005434389510_Node0_Node8_Zero was a dupe; retransmit: 0, pkt_enqueue_time=2012084110247.1704, pkt_dequeue_time=2012084110247.1704, forwarded_or_dropped=1, reason_for_drop='Expiry'
DUPE: 2003499952438_Node0_Node8_Zero, Node6 id 2003499952438_Node0_Node8_Zero was a dupe; retransmit: 0, pkt_enqueue_time=2012090963901.7158, pkt_dequeue_time=2012090963901.7158, forwarded_or_dropped=1, reason_for_drop='Expiry'
DUPE: 2008016404274_Node0_Node8_Zero, Node6 id 2008016404274_Node0_Node8_Zero was a dupe; retransmit: 0, pkt_enqueue_time=2012098575807.2612, pkt_dequeue_time=2012098575807.2612, forwarded_or_dropped=1, reason_for_drop='Expiry'
DUPE: 2004065539749_Node0_Node8_Zero, Node6 id 2004065539749_Node0_Node8_Zero was a dupe; retransmit: 0, pkt_enqueue_time=2012106959402.8066, pkt_dequeue_time=2012106959402.8066, forwarded_or_dropped=1, reason_for_drop='Expiry'
DUPE: 2003327854667_Node0_Node8_Zero, Node6 id 2003327854667_Node0_Node8_Zero was a dupe; retransmit: 0, pkt_enqueue_time=2012114610058.352, pkt_dequeue_time=2012114610058.352, forwarded_or_dropped=1, reason_for_drop='Expiry'
DUPE: 2003336050494_Node0_Node8_Zero, Node6 id 2003336050494_Node0_Node8_Zero was a dupe; retransmit: 0, pkt_enqueue_time=2012114610058.352, pkt_dequeue_time=2012114610058.352, forwarded_or_dropped=1, reason_for_drop='Expiry'
DUPE: 2008582004390_Node0_Node8_Zero, Node6 id 2008582004390_Node0_Node8_Zero was a dupe; retransmit: 0, pkt_enqueue_time=2012123514583.9885, pkt_dequeue_time=2012123514583.9885, forwarded_or_dropped=1, reason_for_drop='Expiry'
DUPE: 2004073737782_Node0_Node8_Zero, Node6 id 2004073737782_Node0_Node8_Zero was a dupe; retransmit: 0, pkt_enqueue_time=2012131707168.534, pkt_dequeue_time=2012131707168.534, forwarded_or_dropped=1, reason_for_drop='Expiry'
DUPE: 2004098324820_Node0_Node8_Zero, Node6 id 2004098324820_Node0_Node8_Zero was a dupe; retransmit: 0, pkt_enqueue_time=2012134274040.534, pkt_dequeue_time=2012134274040.534, forwarded_or_dropped=1, reason_for_drop='Expiry'
DUPE: 2005204878782_Node0_Node8_Zero, Node6 id 2005204878782_Node0_Node8_Zero was a dupe; retransmit: 0, pkt_enqueue_time=2012142605823.0793, pkt_dequeue_time=2012142605823.0793, forwarded_or_dropped=1, reason_for_drop='Expiry'
DUPE: 2005213079709_Node0_Node8_Zero, Node6 id 2005213079709_Node0_Node8_Zero was a dupe; retransmit: 0, pkt_enqueue_time=2012147674322.9883, pkt_dequeue_time=2012147674322.9883, forwarded_or_dropped=1, reason_for_drop='Expiry'
DUPE: 2004762239724_Node0_Node8_Zero, Node6 id 2004762239724_Node0_Node8_Zero was a dupe; retransmit: 0, pkt_enqueue_time=2012156324419.5337, pkt_dequeue_time=2012156324419.5337, forwarded_or_dropped=1, reason_for_drop='Expiry'
DUPE: 2004778629116_Node0_Node8_Zero, Node6 id 2004778629116_Node0_Node8_Zero was a dupe; retransmit: 0, pkt_enqueue_time=2012165057005.079, pkt_dequeue_time=2012165057005.079, forwarded_or_dropped=1, reason_for_drop='Expiry'
DUPE: 2003565535564_Node0_Node8_Zero, Node6 id 2003565535564_Node0_Node8_Zero was a dupe; retransmit: 0, pkt_enqueue_time=2012173827728.6245, pkt_dequeue_time=2012173827728.6245, forwarded_or_dropped=1, reason_for_drop='Expiry'
DUPE: 2004803220010_Node0_Node8_Zero, Node6 id 2004803220010_Node0_Node8_Zero was a dupe; retransmit: 0, pkt_enqueue_time=2012192539909.7153, pkt_dequeue_time=2012192539909.7153, forwarded_or_dropped=1, reason_for_drop='Expiry'
DUPE: 2003360638845_Node0_Node8_Zero, Node6 id 2003360638845_Node0_Node8_Zero was a dupe; retransmit: 0, pkt_enqueue_time=2012201557495.2607, pkt_dequeue_time=2012201557495.2607, forwarded_or_dropped=1, reason_for_drop='Expiry'
DUPE: 2003368832345_Node0_Node8_Zero, Node6 id 2003368832345_Node0_Node8_Zero was a dupe; retransmit: 0, pkt_enqueue_time=2012201557495.2607, pkt_dequeue_time=2012201557495.2607, forwarded_or_dropped=1, reason_for_drop='Expiry'
DUPE: 2007704912655_Node0_Node8_Zero, Node6 id 2007704912655_Node0_Node8_Zero was a dupe; retransmit: 0, pkt_enqueue_time=2012211365020.8972, pkt_dequeue_time=2012211365020.8972, forwarded_or_dropped=1, reason_for_drop='Expiry'
DUPE: 2002893421268_Node0_Node8_Zero, Node6 id 2002893421268_Node0_Node8_Zero was a dupe; retransmit: 0, pkt_enqueue_time=2012221390548.4426, pkt_dequeue_time=2012221390548.4426, forwarded_or_dropped=1, reason_for_drop='Expiry'
DUPE: 2008680356808_Node0_Node8_Zero, Node6 id 2008680356808_Node0_Node8_Zero was a dupe; retransmit: 0, pkt_enqueue_time=2012230675419.988, pkt_dequeue_time=2012230675419.988, forwarded_or_dropped=1, reason_for_drop='Expiry'
DUPE: 2009278731491_Node0_Node8_Zero, Node6 id 2009278731491_Node0_Node8_Zero was a dupe; retransmit: 0, pkt_enqueue_time=2012289945252.2603, pkt_dequeue_time=2012289945252.2603, forwarded_or_dropped=1, reason_for_drop='Expiry'
DUPE: 2009270539688_Node0_Node8_Zero, Node6 id 2009270539688_Node0_Node8_Zero was a dupe; retransmit: 0, pkt_enqueue_time=2012294219561.351, pkt_dequeue_time=2012294219561.351, forwarded_or_dropped=1, reason_for_drop='Expiry'
DUPE: 2009262347243_Node0_Node8_Zero, Node6 id 2009262347243_Node0_Node8_Zero was a dupe; retransmit: 0, pkt_enqueue_time=2012296406433.351, pkt_dequeue_time=2012296406433.351, forwarded_or_dropped=1, reason_for_drop='Expiry'
DUPE: 2009286930915_Node0_Node8_Zero, Node6 id 2009286930915_Node0_Node8_Zero was a dupe; retransmit: 0, pkt_enqueue_time=2012298646087.8965, pkt_dequeue_time=2012298646087.8965, forwarded_or_dropped=1, reason_for_drop='Expiry'
DUPE: 2009327917456_Node0_Node8_Zero, Node6 id 2009327917456_Node0_Node8_Zero was a dupe; retransmit: 0, pkt_enqueue_time=2012329295073.6233, pkt_dequeue_time=2012329295073.6233, forwarded_or_dropped=1, reason_for_drop='Expiry'
DUPE: 2009295131000_Node0_Node8_Zero, Node6 id 2009295131000_Node0_Node8_Zero was a dupe; retransmit: 0, pkt_enqueue_time=2012383949139.2588, pkt_dequeue_time=2012383949139.2588, forwarded_or_dropped=1, reason_for_drop='Expiry'
DUPE: 2009385288937_Node0_Node8_Zero, Node6 id 2009385288937_Node0_Node8_Zero was a dupe; retransmit: 0, pkt_enqueue_time=2012396525545.9858, pkt_dequeue_time=2012396525545.9858, forwarded_or_dropped=1, reason_for_drop='Expiry'
Called Update: UpdateRouteCalls = 0, force = False
Called Update: UpdateRouteCalls = 1, force = False
Node.py: (Node2)@2012400000000.0: Updated MCS from 3 to 3, hist=deque([0.05, 0.0, 0.11627906976744186, 0.3707865168539326, 0.1], maxlen=5), packets_serviced=4, packets_received=40
Called Update: UpdateRouteCalls = 2, force = False
Called Update: UpdateRouteCalls = 3, force = False
Node.py: (Node4)@2012400000000.0: Updated MCS from 0 to 0, hist=deque([6.0, 33.0, 12.4, 0.03333333333333333, 7.75], maxlen=5), packets_serviced=31, packets_received=4
Called Update: UpdateRouteCalls = 4, force = False
Called Update: UpdateRouteCalls = 5, force = False
Node.py: (Node6)@2012400000000.0: Updated MCS from 3 to 3, hist=deque([0.21739130434782608, 0.2826086956521739, 0.4305555555555556, 0.0, 0.24509803921568626], maxlen=5), packets_serviced=25, packets_received=102
Called Update: UpdateRouteCalls = 6, force = False
Called Update: UpdateRouteCalls = 7, force = False
Called Update: UpdateRouteCalls = 8, force = False
Called Update: UpdateRouteCalls = 9, force = False
!! UPDATING !!
routeNo, updatedMCSIndex =  0 [0, 3, 0, 3]
DUPE: 2009352505866_Node0_Node8_Zero, Node6 id 2009352505866_Node0_Node8_Zero was a dupe; retransmit: 0, pkt_enqueue_time=2012404564509.622, pkt_dequeue_time=2012404564509.622, forwarded_or_dropped=1, reason_for_drop='Expiry'
DUPE: 2009303324740_Node0_Node8_Zero, Node6 id 2009303324740_Node0_Node8_Zero was a dupe; retransmit: 0, pkt_enqueue_time=2012408034944.1675, pkt_dequeue_time=2012408034944.1675, forwarded_or_dropped=1, reason_for_drop='Expiry'
DUPE: 2009336115099_Node0_Node8_Zero, Node6 id 2009336115099_Node0_Node8_Zero was a dupe; retransmit: 0, pkt_enqueue_time=2012413574253.2583, pkt_dequeue_time=2012413574253.2583, forwarded_or_dropped=1, reason_for_drop='Expiry'
DUPE: 2009401684596_Node0_Node8_Zero, Node6 id 2009401684596_Node0_Node8_Zero was a dupe; retransmit: 0, pkt_enqueue_time=2012416393907.8037, pkt_dequeue_time=2012416393907.8037, forwarded_or_dropped=1, reason_for_drop='Expiry'
DUPE: 2009393488378_Node0_Node8_Zero, Node6 id 2009393488378_Node0_Node8_Zero was a dupe; retransmit: 0, pkt_enqueue_time=2012419233562.349, pkt_dequeue_time=2012419233562.349, forwarded_or_dropped=1, reason_for_drop='Expiry'
DUPE: 2009311525787_Node0_Node8_Zero, Node6 id 2009311525787_Node0_Node8_Zero was a dupe; retransmit: 0, pkt_enqueue_time=2012422093216.8945, pkt_dequeue_time=2012422093216.8945, forwarded_or_dropped=1, reason_for_drop='Expiry'
DUPE: 2009319718891_Node0_Node8_Zero, Node6 id 2009319718891_Node0_Node8_Zero was a dupe; retransmit: 0, pkt_enqueue_time=2012425748074.44, pkt_dequeue_time=2012425748074.44, forwarded_or_dropped=1, reason_for_drop='Expiry'
DUPE: 2009409878694_Node0_Node8_Zero, Node6 id 2009409878694_Node0_Node8_Zero was a dupe; retransmit: 0, pkt_enqueue_time=2012430758112.8945, pkt_dequeue_time=2012430758112.8945, forwarded_or_dropped=1, reason_for_drop='Expiry'
DUPE: 2009434469814_Node0_Node8_Zero, Node6 id 2009434469814_Node0_Node8_Zero was a dupe; retransmit: 0, pkt_enqueue_time=2012465114842.1687, pkt_dequeue_time=2012465114842.1687, forwarded_or_dropped=1, reason_for_drop='Expiry'
DUPE: 2009360698143_Node0_Node8_Zero, Node6 id 2009360698143_Node0_Node8_Zero was a dupe; retransmit: 0, pkt_enqueue_time=2012469074496.714, pkt_dequeue_time=2012469074496.714, forwarded_or_dropped=1, reason_for_drop='Expiry'
DUPE: 2009344313371_Node0_Node8_Zero, Node6 id 2009344313371_Node0_Node8_Zero was a dupe; retransmit: 0, pkt_enqueue_time=2012480527147.32, pkt_dequeue_time=2012480527147.32, forwarded_or_dropped=1, reason_for_drop='Expiry'
DUPE: 2009426277143_Node0_Node8_Zero, Node6 id 2009426277143_Node0_Node8_Zero was a dupe; retransmit: 0, pkt_enqueue_time=2012486209742.8655, pkt_dequeue_time=2012486209742.8655, forwarded_or_dropped=1, reason_for_drop='Expiry'
DUPE: 2009450861371_Node0_Node8_Zero, Node6 id 2009450861371_Node0_Node8_Zero was a dupe; retransmit: 0, pkt_enqueue_time=2012504306561.4714, pkt_dequeue_time=2012504306561.4714, forwarded_or_dropped=1, reason_for_drop='Expiry'
DUPE: 2009516449958_Node0_Node8_Zero, Node6 id 2009516449958_Node0_Node8_Zero was a dupe; retransmit: 0, pkt_enqueue_time=2012517902691.9258, pkt_dequeue_time=2012517902691.9258, forwarded_or_dropped=1, reason_for_drop='Expiry'
DUPE: 2009549240128_Node0_Node8_Zero, Node6 id 2009549240128_Node0_Node8_Zero was a dupe; retransmit: 0, pkt_enqueue_time=2012562890864.0159, pkt_dequeue_time=2012562890864.0159, forwarded_or_dropped=1, reason_for_drop='Expiry'
DUPE: 2009524649923_Node0_Node8_Zero, Node6 id 2009524649923_Node0_Node8_Zero was a dupe; retransmit: 0, pkt_enqueue_time=2012598205531.6516, pkt_dequeue_time=2012598205531.6516, forwarded_or_dropped=1, reason_for_drop='Expiry'
DUPE: 2009590223342_Node0_Node8_Zero, Node6 id 2009590223342_Node0_Node8_Zero was a dupe; retransmit: 0, pkt_enqueue_time=2012616067202.924, pkt_dequeue_time=2012616067202.924, forwarded_or_dropped=1, reason_for_drop='Expiry'
DUPE: 2009614807321_Node0_Node8_Zero, Node6 id 2009614807321_Node0_Node8_Zero was a dupe; retransmit: 0, pkt_enqueue_time=2012618426857.4695, pkt_dequeue_time=2012618426857.4695, forwarded_or_dropped=1, reason_for_drop='Expiry'
DUPE: 2009459059954_Node0_Node8_Zero, Node6 id 2009459059954_Node0_Node8_Zero was a dupe; retransmit: 0, pkt_enqueue_time=2012623945517.5603, pkt_dequeue_time=2012623945517.5603, forwarded_or_dropped=1, reason_for_drop='Expiry'
DUPE: 2009606614226_Node0_Node8_Zero, Node6 id 2009606614226_Node0_Node8_Zero was a dupe; retransmit: 0, pkt_enqueue_time=2012636783790.2874, pkt_dequeue_time=2012636783790.2874, forwarded_or_dropped=1, reason_for_drop='Expiry'
DUPE: 2009598421801_Node0_Node8_Zero, Node6 id 2009598421801_Node0_Node8_Zero was a dupe; retransmit: 0, pkt_enqueue_time=2012647457408.469, pkt_dequeue_time=2012647457408.469, forwarded_or_dropped=1, reason_for_drop='Expiry'
DUPE: 2009737748291_Node0_Node8_Zero, Node6 id 2009737748291_Node0_Node8_Zero was a dupe; retransmit: 0, pkt_enqueue_time=2012747937723.6492, pkt_dequeue_time=2012747937723.6492, forwarded_or_dropped=1, reason_for_drop='Expiry'
DUPE: 2009754133772_Node0_Node8_Zero, Node6 id 2009754133772_Node0_Node8_Zero was a dupe; retransmit: 0, pkt_enqueue_time=2012763341522.9216, pkt_dequeue_time=2012763341522.9216, forwarded_or_dropped=1, reason_for_drop='Expiry'
DUPE: 2009713162233_Node0_Node8_Zero, Node6 id 2009713162233_Node0_Node8_Zero was a dupe; retransmit: 0, pkt_enqueue_time=2012770972946.5579, pkt_dequeue_time=2012770972946.5579, forwarded_or_dropped=1, reason_for_drop='Expiry'
DUPE: 2009721361933_Node0_Node8_Zero, Node6 id 2009721361933_Node0_Node8_Zero was a dupe; retransmit: 0, pkt_enqueue_time=2012780238782.194, pkt_dequeue_time=2012780238782.194, forwarded_or_dropped=1, reason_for_drop='Expiry'
DUPE: 2009762333090_Node0_Node8_Zero, Node6 id 2009762333090_Node0_Node8_Zero was a dupe; retransmit: 0, pkt_enqueue_time=2012782798436.7395, pkt_dequeue_time=2012782798436.7395, forwarded_or_dropped=1, reason_for_drop='Expiry'
DUPE: 2009614807321_Node0_Node8_Zero, Node2 id 2009614807321_Node0_Node8_Zero was a dupe; retransmit: 0, pkt_enqueue_time=2012784328849.0164, pkt_dequeue_time=2012784328849.0164, forwarded_or_dropped=1, reason_for_drop='Expiry'
Called Update: UpdateRouteCalls = 0, force = False
Called Update: UpdateRouteCalls = 1, force = False
Node.py: (Node2)@2012800000000.0: Updated MCS from 3 to 3, hist=deque([0.0, 0.11627906976744186, 0.3707865168539326, 0.1, 0.36363636363636365], maxlen=5), packets_serviced=8, packets_received=22
Called Update: UpdateRouteCalls = 2, force = False
Called Update: UpdateRouteCalls = 3, force = False
Node.py: (Node4)@2012800000000.0: Updated MCS from 0 to 0, hist=deque([33.0, 12.4, 0.03333333333333333, 7.75, 5.75], maxlen=5), packets_serviced=46, packets_received=8
Called Update: UpdateRouteCalls = 4, force = False
Called Update: UpdateRouteCalls = 5, force = False
Node.py: (Node6)@2012800000000.0: Updated MCS from 3 to 3, hist=deque([0.2826086956521739, 0.4305555555555556, 0.0, 0.24509803921568626, 0.3028169014084507], maxlen=5), packets_serviced=43, packets_received=142
Called Update: UpdateRouteCalls = 6, force = False
Called Update: UpdateRouteCalls = 7, force = False
Called Update: UpdateRouteCalls = 8, force = False
Called Update: UpdateRouteCalls = 9, force = False
!! UPDATING !!
routeNo, updatedMCSIndex =  0 [0, 3, 0, 3]
DUPE: 2009745941248_Node0_Node8_Zero, Node6 id 2009745941248_Node0_Node8_Zero was a dupe; retransmit: 0, pkt_enqueue_time=2012807265545.1028, pkt_dequeue_time=2012807265545.1028, forwarded_or_dropped=1, reason_for_drop='Expiry'
DUPE: 2009786921015_Node0_Node8_Zero, Node6 id 2009786921015_Node0_Node8_Zero was a dupe; retransmit: 0, pkt_enqueue_time=2012812904854.1936, pkt_dequeue_time=2012812904854.1936, forwarded_or_dropped=1, reason_for_drop='Expiry'
DUPE: 2009729556112_Node0_Node8_Zero, Node6 id 2009729556112_Node0_Node8_Zero was a dupe; retransmit: 0, pkt_enqueue_time=2012815804508.739, pkt_dequeue_time=2012815804508.739, forwarded_or_dropped=1, reason_for_drop='Expiry'
DUPE: 2009532849575_Node0_Node8_Zero, Node6 id 2009532849575_Node0_Node8_Zero was a dupe; retransmit: 0, pkt_enqueue_time=2012832884088.3752, pkt_dequeue_time=2012832884088.3752, forwarded_or_dropped=1, reason_for_drop='Expiry'
DUPE: 2009778724658_Node0_Node8_Zero, Node6 id 2009778724658_Node0_Node8_Zero was a dupe; retransmit: 0, pkt_enqueue_time=2012835843742.9207, pkt_dequeue_time=2012835843742.9207, forwarded_or_dropped=1, reason_for_drop='Expiry'
DUPE: 2009795114850_Node0_Node8_Zero, Node6 id 2009795114850_Node0_Node8_Zero was a dupe; retransmit: 0, pkt_enqueue_time=2012838823397.466, pkt_dequeue_time=2012838823397.466, forwarded_or_dropped=1, reason_for_drop='Expiry'
DUPE: 2009672176180_Node0_Node8_Zero, Node6 id 2009672176180_Node0_Node8_Zero was a dupe; retransmit: 0, pkt_enqueue_time=2012842573491.0115, pkt_dequeue_time=2012842573491.0115, forwarded_or_dropped=1, reason_for_drop='Expiry'
DUPE: 2009811506310_Node0_Node8_Zero, Node6 id 2009811506310_Node0_Node8_Zero was a dupe; retransmit: 0, pkt_enqueue_time=2012845573145.557, pkt_dequeue_time=2012845573145.557, forwarded_or_dropped=1, reason_for_drop='Expiry'
DUPE: 2009770530019_Node0_Node8_Zero, Node6 id 2009770530019_Node0_Node8_Zero was a dupe; retransmit: 0, pkt_enqueue_time=2012848592800.1023, pkt_dequeue_time=2012848592800.1023, forwarded_or_dropped=1, reason_for_drop='Expiry'
DUPE: 2009680373516_Node0_Node8_Zero, Node6 id 2009680373516_Node0_Node8_Zero was a dupe; retransmit: 0, pkt_enqueue_time=2012851652454.6477, pkt_dequeue_time=2012851652454.6477, forwarded_or_dropped=1, reason_for_drop='Expiry'
DUPE: 2009631196431_Node0_Node8_Zero, Node6 id 2009631196431_Node0_Node8_Zero was a dupe; retransmit: 0, pkt_enqueue_time=2012854752109.193, pkt_dequeue_time=2012854752109.193, forwarded_or_dropped=1, reason_for_drop='Expiry'
DUPE: 2009704963171_Node0_Node8_Zero, Node6 id 2009704963171_Node0_Node8_Zero was a dupe; retransmit: 0, pkt_enqueue_time=2012861803730.284, pkt_dequeue_time=2012861803730.284, forwarded_or_dropped=1, reason_for_drop='Expiry'
DUPE: 2009860681042_Node0_Node8_Zero, Node6 id 2009860681042_Node0_Node8_Zero was a dupe; retransmit: 0, pkt_enqueue_time=2012865023384.8293, pkt_dequeue_time=2012865023384.8293, forwarded_or_dropped=1, reason_for_drop='Expiry'
DUPE: 2009639391189_Node0_Node8_Zero, Node6 id 2009639391189_Node0_Node8_Zero was a dupe; retransmit: 0, pkt_enqueue_time=2012868263039.3748, pkt_dequeue_time=2012868263039.3748, forwarded_or_dropped=1, reason_for_drop='Expiry'
DUPE: 2009803313741_Node0_Node8_Zero, Node6 id 2009803313741_Node0_Node8_Zero was a dupe; retransmit: 0, pkt_enqueue_time=2012875242348.4656, pkt_dequeue_time=2012875242348.4656, forwarded_or_dropped=1, reason_for_drop='Expiry'
DUPE: 2009819704943_Node0_Node8_Zero, Node6 id 2009819704943_Node0_Node8_Zero was a dupe; retransmit: 0, pkt_enqueue_time=2012878922003.011, pkt_dequeue_time=2012878922003.011, forwarded_or_dropped=1, reason_for_drop='Expiry'
DUPE: 2009655787519_Node0_Node8_Zero, Node6 id 2009655787519_Node0_Node8_Zero was a dupe; retransmit: 0, pkt_enqueue_time=2012882794657.5564, pkt_dequeue_time=2012882794657.5564, forwarded_or_dropped=1, reason_for_drop='Expiry'
DUPE: 2009836098177_Node0_Node8_Zero, Node6 id 2009836098177_Node0_Node8_Zero was a dupe; retransmit: 0, pkt_enqueue_time=2012892820838.6472, pkt_dequeue_time=2012892820838.6472, forwarded_or_dropped=1, reason_for_drop='Expiry'
DUPE: 2009852487077_Node0_Node8_Zero, Node6 id 2009852487077_Node0_Node8_Zero was a dupe; retransmit: 0, pkt_enqueue_time=2012896880493.1926, pkt_dequeue_time=2012896880493.1926, forwarded_or_dropped=1, reason_for_drop='Expiry'
DUPE: 2009663982718_Node0_Node8_Zero, Node6 id 2009663982718_Node0_Node8_Zero was a dupe; retransmit: 0, pkt_enqueue_time=2012901020147.738, pkt_dequeue_time=2012901020147.738, forwarded_or_dropped=1, reason_for_drop='Expiry'
DUPE: 2009655787519_Node0_Node8_Zero, Node2 id 2009655787519_Node0_Node8_Zero was a dupe; retransmit: 0, pkt_enqueue_time=2012904676012.6526, pkt_dequeue_time=2012904676012.6526, forwarded_or_dropped=1, reason_for_drop='Expiry'
DUPE: 2009827905128_Node0_Node8_Zero, Node6 id 2009827905128_Node0_Node8_Zero was a dupe; retransmit: 0, pkt_enqueue_time=2012906012040.2834, pkt_dequeue_time=2012906012040.2834, forwarded_or_dropped=1, reason_for_drop='Expiry'
DUPE: 2009647588126_Node0_Node8_Zero, Node6 id 2009647588126_Node0_Node8_Zero was a dupe; retransmit: 0, pkt_enqueue_time=2012910811694.8289, pkt_dequeue_time=2012910811694.8289, forwarded_or_dropped=1, reason_for_drop='Expiry'
DUPE: 2009868877825_Node0_Node8_Zero, Node6 id 2009868877825_Node0_Node8_Zero was a dupe; retransmit: 0, pkt_enqueue_time=2012915611349.3743, pkt_dequeue_time=2012915611349.3743, forwarded_or_dropped=1, reason_for_drop='Expiry'
DUPE: 2009885271471_Node0_Node8_Zero, Node6 id 2009885271471_Node0_Node8_Zero was a dupe; retransmit: 0, pkt_enqueue_time=2012920691003.9197, pkt_dequeue_time=2012920691003.9197, forwarded_or_dropped=1, reason_for_drop='Expiry'
DUPE: 2009704963171_Node0_Node8_Zero, Node2 id 2009704963171_Node0_Node8_Zero was a dupe; retransmit: 0, pkt_enqueue_time=2012924395321.7434, pkt_dequeue_time=2012924395321.7434, forwarded_or_dropped=1, reason_for_drop='Expiry'
DUPE: 2009696769105_Node0_Node8_Zero, Node6 id 2009696769105_Node0_Node8_Zero was a dupe; retransmit: 0, pkt_enqueue_time=2012926823349.465, pkt_dequeue_time=2012926823349.465, forwarded_or_dropped=1, reason_for_drop='Expiry'
DUPE: 2009688570579_Node0_Node8_Zero, Node6 id 2009688570579_Node0_Node8_Zero was a dupe; retransmit: 0, pkt_enqueue_time=2012932903004.0105, pkt_dequeue_time=2012932903004.0105, forwarded_or_dropped=1, reason_for_drop='Expiry'
DUPE: 2009623002951_Node0_Node8_Zero, Node6 id 2009623002951_Node0_Node8_Zero was a dupe; retransmit: 0, pkt_enqueue_time=2012939402658.556, pkt_dequeue_time=2012939402658.556, forwarded_or_dropped=1, reason_for_drop='Expiry'
DUPE: 2009860681042_Node0_Node8_Zero, Node2 id 2009860681042_Node0_Node8_Zero was a dupe; retransmit: 0, pkt_enqueue_time=2012941294976.2888, pkt_dequeue_time=2012941294976.2888, forwarded_or_dropped=1, reason_for_drop='Expiry'
DUPE: 2009467257867_Node0_Node8_Zero, Node6 id 2009467257867_Node0_Node8_Zero was a dupe; retransmit: 0, pkt_enqueue_time=2012947047073.1013, pkt_dequeue_time=2012947047073.1013, forwarded_or_dropped=1, reason_for_drop='Expiry'
DUPE: 2009475458837_Node0_Node8_Zero, Node6 id 2009475458837_Node0_Node8_Zero was a dupe; retransmit: 0, pkt_enqueue_time=2012954655727.6467, pkt_dequeue_time=2012954655727.6467, forwarded_or_dropped=1, reason_for_drop='Expiry'
DUPE: 2009819704943_Node0_Node8_Zero, Node2 id 2009819704943_Node0_Node8_Zero was a dupe; retransmit: 0, pkt_enqueue_time=2012958274630.8342, pkt_dequeue_time=2012958274630.8342, forwarded_or_dropped=1, reason_for_drop='Expiry'
DUPE: 2003295063422_Node0_Node8_Zero, Node6 id 2003295063422_Node0_Node8_Zero was a dupe; retransmit: 0, pkt_enqueue_time=2012963967658.1921, pkt_dequeue_time=2012963967658.1921, forwarded_or_dropped=1, reason_for_drop='Expiry'
DUPE: 2003303264185_Node0_Node8_Zero, Node6 id 2003303264185_Node0_Node8_Zero was a dupe; retransmit: 0, pkt_enqueue_time=2012963967658.1921, pkt_dequeue_time=2012963967658.1921, forwarded_or_dropped=1, reason_for_drop='Expiry'
DUPE: 2003393418803_Node0_Node8_Zero, Node6 id 2003393418803_Node0_Node8_Zero was a dupe; retransmit: 0, pkt_enqueue_time=2012972597221.8286, pkt_dequeue_time=2012972597221.8286, forwarded_or_dropped=1, reason_for_drop='Expiry'
DUPE: 2003401614598_Node0_Node8_Zero, Node6 id 2003401614598_Node0_Node8_Zero was a dupe; retransmit: 0, pkt_enqueue_time=2012972597221.8286, pkt_dequeue_time=2012972597221.8286, forwarded_or_dropped=1, reason_for_drop='Expiry'
DUPE: 2009852487077_Node0_Node8_Zero, Node2 id 2009852487077_Node0_Node8_Zero was a dupe; retransmit: 0, pkt_enqueue_time=2012975654285.3796, pkt_dequeue_time=2012975654285.3796, forwarded_or_dropped=1, reason_for_drop='Expiry'
DUPE: 2002844245161_Node0_Node8_Zero, Node6 id 2002844245161_Node0_Node8_Zero was a dupe; retransmit: 0, pkt_enqueue_time=2012987765237.465, pkt_dequeue_time=2012987765237.465, forwarded_or_dropped=1, reason_for_drop='Expiry'
main.py: Progress: 2013 / 2014
Called Update: UpdateRouteCalls = 0, force = True
!! UPDATING !!
routeNo, updatedMCSIndex =  0 [0, 3, 0, 3]

rf.py: Time: 2013 Route details: {0: {'Route': [0, 2, 4, 6, 8], 'MCS_Index': [0, 3, 0, 3], 'Priority': 1, 'ValidRoute': True, 'HQRoute': True, 'RouteNodeDensity': [1, 2, 2, 2, 1], 'InterferingLinks': 8, 'Target': (-1, -1)}}
DUPE: 2010000031772_Node0_Node8_Zero, Node6 id 2010000031772_Node0_Node8_Zero was a dupe; retransmit: 0, pkt_enqueue_time=2013001892588.289, pkt_dequeue_time=2013001892588.289, forwarded_or_dropped=1, reason_for_drop='Expiry'
DUPE: 2009844290459_Node0_Node8_Zero, Node6 id 2009844290459_Node0_Node8_Zero was a dupe; retransmit: 0, pkt_enqueue_time=2013010652242.8345, pkt_dequeue_time=2013010652242.8345, forwarded_or_dropped=1, reason_for_drop='Expiry'
DUPE: 2009590223342_Node0_Node8_Zero, Node2 id 2009590223342_Node0_Node8_Zero was a dupe; retransmit: 0, pkt_enqueue_time=2013017934762.7437, pkt_dequeue_time=2013017934762.7437, forwarded_or_dropped=1, reason_for_drop='Expiry'
DUPE: 2003508151137_Node0_Node8_Zero, Node6 id 2003508151137_Node0_Node8_Zero was a dupe; retransmit: 0, pkt_enqueue_time=2013020261790.38, pkt_dequeue_time=2013020261790.38, forwarded_or_dropped=1, reason_for_drop='Expiry'
DUPE: 2003540947705_Node0_Node8_Zero, Node6 id 2003540947705_Node0_Node8_Zero was a dupe; retransmit: 0, pkt_enqueue_time=2013029348444.9253, pkt_dequeue_time=2013029348444.9253, forwarded_or_dropped=1, reason_for_drop='Expiry'
DUPE: 2009631196431_Node0_Node8_Zero, Node2 id 2009631196431_Node0_Node8_Zero was a dupe; retransmit: 0, pkt_enqueue_time=2013035674417.289, pkt_dequeue_time=2013035674417.289, forwarded_or_dropped=1, reason_for_drop='Expiry'
DUPE: 2004721272899_Node0_Node8_Zero, Node6 id 2004721272899_Node0_Node8_Zero was a dupe; retransmit: 0, pkt_enqueue_time=2013039260444.4707, pkt_dequeue_time=2013039260444.4707, forwarded_or_dropped=1, reason_for_drop='Expiry'
DUPE: 2003475363318_Node0_Node8_Zero, Node6 id 2003475363318_Node0_Node8_Zero was a dupe; retransmit: 0, pkt_enqueue_time=2013048591099.016, pkt_dequeue_time=2013048591099.016, forwarded_or_dropped=1, reason_for_drop='Expiry'
DUPE: 2003483557812_Node0_Node8_Zero, Node6 id 2003483557812_Node0_Node8_Zero was a dupe; retransmit: 0, pkt_enqueue_time=2013048591099.016, pkt_dequeue_time=2013048591099.016, forwarded_or_dropped=1, reason_for_drop='Expiry'
DUPE: 2009532849575_Node0_Node8_Zero, Node2 id 2009532849575_Node0_Node8_Zero was a dupe; retransmit: 0, pkt_enqueue_time=2013053447071.8345, pkt_dequeue_time=2013053447071.8345, forwarded_or_dropped=1, reason_for_drop='Expiry'
DUPE: 2003213100820_Node0_Node8_Zero, Node6 id 2003213100820_Node0_Node8_Zero was a dupe; retransmit: 0, pkt_enqueue_time=2013058706098.6526, pkt_dequeue_time=2013058706098.6526, forwarded_or_dropped=1, reason_for_drop='Expiry'
DUPE: 2003221297631_Node0_Node8_Zero, Node6 id 2003221297631_Node0_Node8_Zero was a dupe; retransmit: 0, pkt_enqueue_time=2013058706098.6526, pkt_dequeue_time=2013058706098.6526, forwarded_or_dropped=1, reason_for_drop='Expiry'
DUPE: 2003278671640_Node0_Node8_Zero, Node6 id 2003278671640_Node0_Node8_Zero was a dupe; retransmit: 0, pkt_enqueue_time=2013063233966.6526, pkt_dequeue_time=2013063233966.6526, forwarded_or_dropped=1, reason_for_drop='Expiry'
DUPE: 2003286864432_Node0_Node8_Zero, Node6 id 2003286864432_Node0_Node8_Zero was a dupe; retransmit: 0, pkt_enqueue_time=2013063233966.6526, pkt_dequeue_time=2013063233966.6526, forwarded_or_dropped=1, reason_for_drop='Expiry'
DUPE: 2003491753165_Node0_Node8_Zero, Node6 id 2003491753165_Node0_Node8_Zero was a dupe; retransmit: 0, pkt_enqueue_time=2013071856530.289, pkt_dequeue_time=2013071856530.289, forwarded_or_dropped=1, reason_for_drop='Expiry'
DUPE: 2009557432781_Node0_Node8_Zero, Node2 id 2009557432781_Node0_Node8_Zero was a dupe; retransmit: 0, pkt_enqueue_time=2013079390524.198, pkt_dequeue_time=2013079390524.198, forwarded_or_dropped=1, reason_for_drop='Expiry'
DUPE: 2002803262020_Node0_Node8_Zero, Node6 id 2002803262020_Node0_Node8_Zero was a dupe; retransmit: 0, pkt_enqueue_time=2013082148550.8345, pkt_dequeue_time=2013082148550.8345, forwarded_or_dropped=1, reason_for_drop='Expiry'
DUPE: 2004606526858_Node0_Node8_Zero, Node6 id 2004606526858_Node0_Node8_Zero was a dupe; retransmit: 0, pkt_enqueue_time=2013091688205.38, pkt_dequeue_time=2013091688205.38, forwarded_or_dropped=1, reason_for_drop='Expiry'
DUPE: 2009778724658_Node0_Node8_Zero, Node2 id 2009778724658_Node0_Node8_Zero was a dupe; retransmit: 0, pkt_enqueue_time=2013097610178.7434, pkt_dequeue_time=2013097610178.7434, forwarded_or_dropped=1, reason_for_drop='Expiry'
DUPE: 2009827905128_Node0_Node8_Zero, Node2 id 2009827905128_Node0_Node8_Zero was a dupe; retransmit: 0, pkt_enqueue_time=2013099497050.7434, pkt_dequeue_time=2013099497050.7434, forwarded_or_dropped=1, reason_for_drop='Expiry'
DUPE: 2007524577745_Node0_Node8_Zero, Node6 id 2007524577745_Node0_Node8_Zero was a dupe; retransmit: 0, pkt_enqueue_time=2013102749147.9253, pkt_dequeue_time=2013102749147.9253, forwarded_or_dropped=1, reason_for_drop='Expiry'
DUPE: 2003942583922_Node0_Node8_Zero, Node6 id 2003942583922_Node0_Node8_Zero was a dupe; retransmit: 0, pkt_enqueue_time=2013112461802.4707, pkt_dequeue_time=2013112461802.4707, forwarded_or_dropped=1, reason_for_drop='Expiry'
DUPE: 2009573826705_Node0_Node8_Zero, Node2 id 2009573826705_Node0_Node8_Zero was a dupe; retransmit: 0, pkt_enqueue_time=2013118136705.2888, pkt_dequeue_time=2013118136705.2888, forwarded_or_dropped=1, reason_for_drop='Expiry'
DUPE: 2009623002951_Node0_Node8_Zero, Node2 id 2009623002951_Node0_Node8_Zero was a dupe; retransmit: 0, pkt_enqueue_time=2013120843577.2888, pkt_dequeue_time=2013120843577.2888, forwarded_or_dropped=1, reason_for_drop='Expiry'
DUPE: 2005278637257_Node0_Node8_Zero, Node6 id 2005278637257_Node0_Node8_Zero was a dupe; retransmit: 0, pkt_enqueue_time=2013123726604.016, pkt_dequeue_time=2013123726604.016, forwarded_or_dropped=1, reason_for_drop='Expiry'
DUPE: 2003180312502_Node0_Node8_Zero, Node6 id 2003180312502_Node0_Node8_Zero was a dupe; retransmit: 0, pkt_enqueue_time=2013133500258.5615, pkt_dequeue_time=2013133500258.5615, forwarded_or_dropped=1, reason_for_drop='Expiry'
DUPE: 2003188513869_Node0_Node8_Zero, Node6 id 2003188513869_Node0_Node8_Zero was a dupe; retransmit: 0, pkt_enqueue_time=2013133500258.5615, pkt_dequeue_time=2013133500258.5615, forwarded_or_dropped=1, reason_for_drop='Expiry'
DUPE: 2009549240128_Node0_Node8_Zero, Node2 id 2009549240128_Node0_Node8_Zero was a dupe; retransmit: 0, pkt_enqueue_time=2013139583231.8342, pkt_dequeue_time=2013139583231.8342, forwarded_or_dropped=1, reason_for_drop='Expiry'
DUPE: 2003377025564_Node0_Node8_Zero, Node6 id 2003377025564_Node0_Node8_Zero was a dupe; retransmit: 0, pkt_enqueue_time=2013154157822.8345, pkt_dequeue_time=2013154157822.8345, forwarded_or_dropped=1, reason_for_drop='Expiry'
DUPE: 2003385225661_Node0_Node8_Zero, Node6 id 2003385225661_Node0_Node8_Zero was a dupe; retransmit: 0, pkt_enqueue_time=2013154157822.8345, pkt_dequeue_time=2013154157822.8345, forwarded_or_dropped=1, reason_for_drop='Expiry'
DUPE: 2009672176180_Node0_Node8_Zero, Node2 id 2009672176180_Node0_Node8_Zero was a dupe; retransmit: 0, pkt_enqueue_time=2013158322886.3796, pkt_dequeue_time=2013158322886.3796, forwarded_or_dropped=1, reason_for_drop='Expiry'
DUPE: 2005721266029_Node0_Node8_Zero, Node6 id 2005721266029_Node0_Node8_Zero was a dupe; retransmit: 0, pkt_enqueue_time=2013165175913.471, pkt_dequeue_time=2013165175913.471, forwarded_or_dropped=1, reason_for_drop='Expiry'
DUPE: 2003557338499_Node0_Node8_Zero, Node6 id 2003557338499_Node0_Node8_Zero was a dupe; retransmit: 0, pkt_enqueue_time=2013175535568.0164, pkt_dequeue_time=2013175535568.0164, forwarded_or_dropped=1, reason_for_drop='Expiry'
DUPE: 2002786868493_Node0_Node8_Zero, Node6 id 2002786868493_Node0_Node8_Zero was a dupe; retransmit: 0, pkt_enqueue_time=2013185935222.5618, pkt_dequeue_time=2013185935222.5618, forwarded_or_dropped=1, reason_for_drop='Expiry'
DUPE: 2002852442139_Node0_Node8_Zero, Node6 id 2002852442139_Node0_Node8_Zero was a dupe; retransmit: 0, pkt_enqueue_time=2013188902094.5618, pkt_dequeue_time=2013188902094.5618, forwarded_or_dropped=1, reason_for_drop='Expiry'
DUPE: 2009680373516_Node0_Node8_Zero, Node2 id 2009680373516_Node0_Node8_Zero was a dupe; retransmit: 0, pkt_enqueue_time=2013196542195.4705, pkt_dequeue_time=2013196542195.4705, forwarded_or_dropped=1, reason_for_drop='Expiry'
Called Update: UpdateRouteCalls = 0, force = False
Called Update: UpdateRouteCalls = 1, force = False
Node.py: (Node2)@2013200000000.0: Updated MCS from 3 to 3, hist=deque([0.11627906976744186, 0.3707865168539326, 0.1, 0.36363636363636365, 0.047619047619047616], maxlen=5), packets_serviced=1, packets_received=21
Called Update: UpdateRouteCalls = 2, force = False
Called Update: UpdateRouteCalls = 3, force = False
Node.py: (Node4)@2013200000000.0: Updated MCS from 0 to 0, hist=deque([12.4, 0.03333333333333333, 7.75, 5.75, 1.0], maxlen=5), packets_serviced=1, packets_received=1
Called Update: UpdateRouteCalls = 4, force = False
Called Update: UpdateRouteCalls = 5, force = False
Node.py: (Node6)@2013200000000.0: Updated MCS from 3 to 3, hist=deque([0.4305555555555556, 0.0, 0.24509803921568626, 0.3028169014084507, 0.013333333333333334], maxlen=5), packets_serviced=1, packets_received=75
Called Update: UpdateRouteCalls = 6, force = False
Called Update: UpdateRouteCalls = 7, force = False
Called Update: UpdateRouteCalls = 8, force = False
Called Update: UpdateRouteCalls = 9, force = False
!! UPDATING !!
routeNo, updatedMCSIndex =  0 [0, 3, 0, 3]
DUPE: 2007655732023_Node0_Node8_Zero, Node6 id 2007655732023_Node0_Node8_Zero was a dupe; retransmit: 0, pkt_enqueue_time=2013200292292.1072, pkt_dequeue_time=2013200292292.1072, forwarded_or_dropped=1, reason_for_drop='Expiry'
DUPE: 2003614728982_Node0_Node8_Zero, Node6 id 2003614728982_Node0_Node8_Zero was a dupe; retransmit: 0, pkt_enqueue_time=2013211071946.6526, pkt_dequeue_time=2013211071946.6526, forwarded_or_dropped=1, reason_for_drop='Expiry'
DUPE: 2002647514224_Node0_Node8_Zero, Node2 id 2002647514224_Node0_Node8_Zero was a dupe; retransmit: 0, pkt_enqueue_time=2013215900850.0159, pkt_dequeue_time=2013215900850.0159, forwarded_or_dropped=1, reason_for_drop='Expiry'
DUPE: 2009893469093_Node0_Node8_Zero, Node6 id 2009893469093_Node0_Node8_Zero was a dupe; retransmit: 0, pkt_enqueue_time=2013222861947.198, pkt_dequeue_time=2013222861947.198, forwarded_or_dropped=1, reason_for_drop='Expiry'
DUPE: 2003426198522_Node0_Node8_Zero, Node6 id 2003426198522_Node0_Node8_Zero was a dupe; retransmit: 0, pkt_enqueue_time=2013233961601.7434, pkt_dequeue_time=2013233961601.7434, forwarded_or_dropped=1, reason_for_drop='Expiry'
DUPE: 2003434392846_Node0_Node8_Zero, Node6 id 2003434392846_Node0_Node8_Zero was a dupe; retransmit: 0, pkt_enqueue_time=2013233961601.7434, pkt_dequeue_time=2013233961601.7434, forwarded_or_dropped=1, reason_for_drop='Expiry'
DUPE: 2001967201707_Node0_Node8_Zero, Node2 id 2001967201707_Node0_Node8_Zero was a dupe; retransmit: 0, pkt_enqueue_time=2013235240504.5613, pkt_dequeue_time=2013235240504.5613, forwarded_or_dropped=1, reason_for_drop='Expiry'
DUPE: 2002950794626_Node0_Node8_Zero, Node6 id 2002950794626_Node0_Node8_Zero was a dupe; retransmit: 0, pkt_enqueue_time=2013245204165.38, pkt_dequeue_time=2013245204165.38, forwarded_or_dropped=1, reason_for_drop='Expiry'
DUPE: 2002958990317_Node0_Node8_Zero, Node6 id 2002958990317_Node0_Node8_Zero was a dupe; retransmit: 0, pkt_enqueue_time=2013245204165.38, pkt_dequeue_time=2013245204165.38, forwarded_or_dropped=1, reason_for_drop='Expiry'
DUPE: 2005057339905_Node0_Node8_Zero, Node2 id 2005057339905_Node0_Node8_Zero was a dupe; retransmit: 0, pkt_enqueue_time=2013258969940.1978, pkt_dequeue_time=2013258969940.1978, forwarded_or_dropped=1, reason_for_drop='Expiry'
DUPE: 2005795044280_Node0_Node8_Zero, Node6 id 2005795044280_Node0_Node8_Zero was a dupe; retransmit: 0, pkt_enqueue_time=2013269252010.5618, pkt_dequeue_time=2013269252010.5618, forwarded_or_dropped=1, reason_for_drop='Expiry'
DUPE: 2001696710344_Node0_Node8_Zero, Node2 id 2001696710344_Node0_Node8_Zero was a dupe; retransmit: 0, pkt_enqueue_time=2013278349594.7432, pkt_dequeue_time=2013278349594.7432, forwarded_or_dropped=1, reason_for_drop='Expiry'
DUPE: 2001704908913_Node0_Node8_Zero, Node2 id 2001704908913_Node0_Node8_Zero was a dupe; retransmit: 0, pkt_enqueue_time=2013278349594.7432, pkt_dequeue_time=2013278349594.7432, forwarded_or_dropped=1, reason_for_drop='Expiry'
DUPE: 2005221272147_Node0_Node8_Zero, Node6 id 2005221272147_Node0_Node8_Zero was a dupe; retransmit: 0, pkt_enqueue_time=2013282045883.1072, pkt_dequeue_time=2013282045883.1072, forwarded_or_dropped=1, reason_for_drop='Expiry'
DUPE: 2005254046846_Node0_Node8_Zero, Node6 id 2005254046846_Node0_Node8_Zero was a dupe; retransmit: 0, pkt_enqueue_time=2013284452755.1072, pkt_dequeue_time=2013284452755.1072, forwarded_or_dropped=1, reason_for_drop='Expiry'
DUPE: 2003598334977_Node0_Node8_Zero, Node6 id 2003598334977_Node0_Node8_Zero was a dupe; retransmit: 0, pkt_enqueue_time=2013296332409.6526, pkt_dequeue_time=2013296332409.6526, forwarded_or_dropped=1, reason_for_drop='Expiry'
DUPE: 2002229497715_Node0_Node8_Zero, Node2 id 2002229497715_Node0_Node8_Zero was a dupe; retransmit: 0, pkt_enqueue_time=2013297752158.3796, pkt_dequeue_time=2013297752158.3796, forwarded_or_dropped=1, reason_for_drop='Expiry'
DUPE: 2002811457750_Node0_Node8_Zero, Node6 id 2002811457750_Node0_Node8_Zero was a dupe; retransmit: 0, pkt_enqueue_time=2013311814684.925, pkt_dequeue_time=2013311814684.925, forwarded_or_dropped=1, reason_for_drop='Expiry'
DUPE: 2005008152229_Node0_Node8_Zero, Node2 id 2005008152229_Node0_Node8_Zero was a dupe; retransmit: 0, pkt_enqueue_time=2013317254722.016, pkt_dequeue_time=2013317254722.016, forwarded_or_dropped=1, reason_for_drop='Expiry'
DUPE: 2005016349207_Node0_Node8_Zero, Node2 id 2005016349207_Node0_Node8_Zero was a dupe; retransmit: 0, pkt_enqueue_time=2013317254722.016, pkt_dequeue_time=2013317254722.016, forwarded_or_dropped=1, reason_for_drop='Expiry'
DUPE: 2003450784184_Node0_Node8_Zero, Node6 id 2003450784184_Node0_Node8_Zero was a dupe; retransmit: 0, pkt_enqueue_time=2013324652010.4705, pkt_dequeue_time=2013324652010.4705, forwarded_or_dropped=1, reason_for_drop='Expiry'
DUPE: 2004467178880_Node0_Node8_Zero, Node2 id 2004467178880_Node0_Node8_Zero was a dupe; retransmit: 0, pkt_enqueue_time=2013336866285.6526, pkt_dequeue_time=2013336866285.6526, forwarded_or_dropped=1, reason_for_drop='Expiry'
DUPE: 2003573735736_Node0_Node8_Zero, Node6 id 2003573735736_Node0_Node8_Zero was a dupe; retransmit: 0, pkt_enqueue_time=2013352304228.3794, pkt_dequeue_time=2013352304228.3794, forwarded_or_dropped=1, reason_for_drop='Expiry'
DUPE: 2005090130690_Node0_Node8_Zero, Node2 id 2005090130690_Node0_Node8_Zero was a dupe; retransmit: 0, pkt_enqueue_time=2013356548849.289, pkt_dequeue_time=2013356548849.289, forwarded_or_dropped=1, reason_for_drop='Expiry'
DUPE: 2005098325112_Node0_Node8_Zero, Node2 id 2005098325112_Node0_Node8_Zero was a dupe; retransmit: 0, pkt_enqueue_time=2013359035721.289, pkt_dequeue_time=2013359035721.289, forwarded_or_dropped=1, reason_for_drop='Expiry'
DUPE: 2009877073613_Node0_Node8_Zero, Node6 id 2009877073613_Node0_Node8_Zero was a dupe; retransmit: 0, pkt_enqueue_time=2013367790747.9248, pkt_dequeue_time=2013367790747.9248, forwarded_or_dropped=1, reason_for_drop='Expiry'
DUPE: 2001647525759_Node0_Node8_Zero, Node2 id 2001647525759_Node0_Node8_Zero was a dupe; retransmit: 0, pkt_enqueue_time=2013378815375.8345, pkt_dequeue_time=2013378815375.8345, forwarded_or_dropped=1, reason_for_drop='Expiry'
DUPE: 2001655722415_Node0_Node8_Zero, Node2 id 2001655722415_Node0_Node8_Zero was a dupe; retransmit: 0, pkt_enqueue_time=2013378815375.8345, pkt_dequeue_time=2013378815375.8345, forwarded_or_dropped=1, reason_for_drop='Expiry'
DUPE: 2002836050073_Node0_Node8_Zero, Node6 id 2002836050073_Node0_Node8_Zero was a dupe; retransmit: 0, pkt_enqueue_time=2013383157664.4702, pkt_dequeue_time=2013383157664.4702, forwarded_or_dropped=1, reason_for_drop='Expiry'
DUPE: 2002877031091_Node0_Node8_Zero, Node6 id 2002877031091_Node0_Node8_Zero was a dupe; retransmit: 0, pkt_enqueue_time=2013413826973.561, pkt_dequeue_time=2013413826973.561, forwarded_or_dropped=1, reason_for_drop='Expiry'
DUPE: 2002303265392_Node0_Node8_Zero, Node2 id 2002303265392_Node0_Node8_Zero was a dupe; retransmit: 0, pkt_enqueue_time=2013416637230.3801, pkt_dequeue_time=2013416637230.3801, forwarded_or_dropped=1, reason_for_drop='Expiry'
DUPE: 2002311460099_Node0_Node8_Zero, Node2 id 2002311460099_Node0_Node8_Zero was a dupe; retransmit: 0, pkt_enqueue_time=2013416637230.3801, pkt_dequeue_time=2013416637230.3801, forwarded_or_dropped=1, reason_for_drop='Expiry'
DUPE: 2002926198906_Node0_Node8_Zero, Node6 id 2002926198906_Node0_Node8_Zero was a dupe; retransmit: 0, pkt_enqueue_time=2013431240518.1064, pkt_dequeue_time=2013431240518.1064, forwarded_or_dropped=1, reason_for_drop='Expiry'
DUPE: 2002934397892_Node0_Node8_Zero, Node6 id 2002934397892_Node0_Node8_Zero was a dupe; retransmit: 0, pkt_enqueue_time=2013431240518.1064, pkt_dequeue_time=2013431240518.1064, forwarded_or_dropped=1, reason_for_drop='Expiry'
DUPE: 2002778667399_Node0_Node8_Zero, Node6 id 2002778667399_Node0_Node8_Zero was a dupe; retransmit: 0, pkt_enqueue_time=2013433197390.1064, pkt_dequeue_time=2013433197390.1064, forwarded_or_dropped=1, reason_for_drop='Expiry'
DUPE: 2005213079709_Node0_Node8_Zero, Node2 id 2005213079709_Node0_Node8_Zero was a dupe; retransmit: 0, pkt_enqueue_time=2013436579794.0166, pkt_dequeue_time=2013436579794.0166, forwarded_or_dropped=1, reason_for_drop='Expiry'
DUPE: 2002819652146_Node0_Node8_Zero, Node6 id 2002819652146_Node0_Node8_Zero was a dupe; retransmit: 0, pkt_enqueue_time=2013450292891.47, pkt_dequeue_time=2013450292891.47, forwarded_or_dropped=1, reason_for_drop='Expiry'
DUPE: 2002467190976_Node0_Node8_Zero, Node2 id 2002467190976_Node0_Node8_Zero was a dupe; retransmit: 0, pkt_enqueue_time=2013456559448.562, pkt_dequeue_time=2013456559448.562, forwarded_or_dropped=1, reason_for_drop='Expiry'
DUPE: 2003458976508_Node0_Node8_Zero, Node6 id 2003458976508_Node0_Node8_Zero was a dupe; retransmit: 0, pkt_enqueue_time=2013469065418.0154, pkt_dequeue_time=2013469065418.0154, forwarded_or_dropped=1, reason_for_drop='Expiry'
DUPE: 2003467168757_Node0_Node8_Zero, Node6 id 2003467168757_Node0_Node8_Zero was a dupe; retransmit: 0, pkt_enqueue_time=2013469065418.0154, pkt_dequeue_time=2013469065418.0154, forwarded_or_dropped=1, reason_for_drop='Expiry'
DUPE: 2005098325112_Node0_Node8_Zero, Node6 id 2005098325112_Node0_Node8_Zero was a dupe; retransmit: 0, pkt_enqueue_time=2013487399071.6519, pkt_dequeue_time=2013487399071.6519, forwarded_or_dropped=1, reason_for_drop='Expiry'
DUPE: 2001631130460_Node0_Node8_Zero, Node2 id 2001631130460_Node0_Node8_Zero was a dupe; retransmit: 0, pkt_enqueue_time=2013498745629.6528, pkt_dequeue_time=2013498745629.6528, forwarded_or_dropped=1, reason_for_drop='Expiry'
DUPE: 2001639326802_Node0_Node8_Zero, Node2 id 2001639326802_Node0_Node8_Zero was a dupe; retransmit: 0, pkt_enqueue_time=2013498745629.6528, pkt_dequeue_time=2013498745629.6528, forwarded_or_dropped=1, reason_for_drop='Expiry'
DUPE: 2002942592958_Node0_Node8_Zero, Node6 id 2002942592958_Node0_Node8_Zero was a dupe; retransmit: 0, pkt_enqueue_time=2013506701918.1973, pkt_dequeue_time=2013506701918.1973, forwarded_or_dropped=1, reason_for_drop='Expiry'
DUPE: 2002967182128_Node0_Node8_Zero, Node6 id 2002967182128_Node0_Node8_Zero was a dupe; retransmit: 0, pkt_enqueue_time=2013506701918.1973, pkt_dequeue_time=2013506701918.1973, forwarded_or_dropped=1, reason_for_drop='Expiry'
DUPE: 2001188515630_Node0_Node8_Zero, Node2 id 2001188515630_Node0_Node8_Zero was a dupe; retransmit: 0, pkt_enqueue_time=2013518828193.2893, pkt_dequeue_time=2013518828193.2893, forwarded_or_dropped=1, reason_for_drop='Expiry'
DUPE: 2001196711497_Node0_Node8_Zero, Node2 id 2001196711497_Node0_Node8_Zero was a dupe; retransmit: 0, pkt_enqueue_time=2013518828193.2893, pkt_dequeue_time=2013518828193.2893, forwarded_or_dropped=1, reason_for_drop='Expiry'
DUPE: 2001221298090_Node0_Node8_Zero, Node2 id 2001221298090_Node0_Node8_Zero was a dupe; retransmit: 0, pkt_enqueue_time=2013528065065.2893, pkt_dequeue_time=2013528065065.2893, forwarded_or_dropped=1, reason_for_drop='Expiry'
DUPE: 2001229495968_Node0_Node8_Zero, Node2 id 2001229495968_Node0_Node8_Zero was a dupe; retransmit: 0, pkt_enqueue_time=2013528065065.2893, pkt_dequeue_time=2013528065065.2893, forwarded_or_dropped=1, reason_for_drop='Expiry'
DUPE: 2003516352627_Node0_Node8_Zero, Node6 id 2003516352627_Node0_Node8_Zero was a dupe; retransmit: 0, pkt_enqueue_time=2013531472352.8337, pkt_dequeue_time=2013531472352.8337, forwarded_or_dropped=1, reason_for_drop='Expiry'
DUPE: 2004893389887_Node0_Node8_Zero, Node2 id 2004893389887_Node0_Node8_Zero was a dupe; retransmit: 0, pkt_enqueue_time=2013548169628.9258, pkt_dequeue_time=2013548169628.9258, forwarded_or_dropped=1, reason_for_drop='Expiry'
DUPE: 2004901587347_Node0_Node8_Zero, Node2 id 2004901587347_Node0_Node8_Zero was a dupe; retransmit: 0, pkt_enqueue_time=2013548169628.9258, pkt_dequeue_time=2013548169628.9258, forwarded_or_dropped=1, reason_for_drop='Expiry'
DUPE: 2009786921015_Node0_Node8_Zero, Node2 id 2009786921015_Node0_Node8_Zero was a dupe; retransmit: 0, pkt_enqueue_time=2013568392192.5623, pkt_dequeue_time=2013568392192.5623, forwarded_or_dropped=1, reason_for_drop='Expiry'
DUPE: 2002639312807_Node0_Node8_Zero, Node2 id 2002639312807_Node0_Node8_Zero was a dupe; retransmit: 0, pkt_enqueue_time=2013588691847.1077, pkt_dequeue_time=2013588691847.1077, forwarded_or_dropped=1, reason_for_drop='Expiry'
Called Update: UpdateRouteCalls = 0, force = False
Called Update: UpdateRouteCalls = 1, force = False
Node.py: (Node2)@2013600000000.0: Updated MCS from 3 to 3, hist=deque([0.3707865168539326, 0.1, 0.36363636363636365, 0.047619047619047616, 0.0], maxlen=5), packets_serviced=0, packets_received=31
Called Update: UpdateRouteCalls = 2, force = False
Called Update: UpdateRouteCalls = 3, force = False
Called Update: UpdateRouteCalls = 4, force = False
Called Update: UpdateRouteCalls = 5, force = False
Node.py: (Node6)@2013600000000.0: Updated MCS from 3 to 3, hist=deque([0.0, 0.24509803921568626, 0.3028169014084507, 0.013333333333333334, 0.0], maxlen=5), packets_serviced=0, packets_received=29
Called Update: UpdateRouteCalls = 6, force = False
Called Update: UpdateRouteCalls = 7, force = False
Called Update: UpdateRouteCalls = 8, force = False
Called Update: UpdateRouteCalls = 9, force = False
!! UPDATING !!
routeNo, updatedMCSIndex =  0 [0, 3, 0, 3]
DUPE: 2009319718891_Node0_Node8_Zero, Node2 id 2009319718891_Node0_Node8_Zero was a dupe; retransmit: 0, pkt_enqueue_time=2013608985501.653, pkt_dequeue_time=2013608985501.653, forwarded_or_dropped=1, reason_for_drop='Expiry'
DUPE: 2009327917456_Node0_Node8_Zero, Node2 id 2009327917456_Node0_Node8_Zero was a dupe; retransmit: 0, pkt_enqueue_time=2013608985501.653, pkt_dequeue_time=2013608985501.653, forwarded_or_dropped=1, reason_for_drop='Expiry'
DUPE: 2009352505866_Node0_Node8_Zero, Node2 id 2009352505866_Node0_Node8_Zero was a dupe; retransmit: 0, pkt_enqueue_time=2013618822373.653, pkt_dequeue_time=2013618822373.653, forwarded_or_dropped=1, reason_for_drop='Expiry'
DUPE: 2009360698143_Node0_Node8_Zero, Node2 id 2009360698143_Node0_Node8_Zero was a dupe; retransmit: 0, pkt_enqueue_time=2013618822373.653, pkt_dequeue_time=2013618822373.653, forwarded_or_dropped=1, reason_for_drop='Expiry'
DUPE: 2002073754897_Node0_Node8_Zero, Node2 id 2002073754897_Node0_Node8_Zero was a dupe; retransmit: 0, pkt_enqueue_time=2013639164937.2896, pkt_dequeue_time=2013639164937.2896, forwarded_or_dropped=1, reason_for_drop='Expiry'
DUPE: 2002081947427_Node0_Node8_Zero, Node2 id 2002081947427_Node0_Node8_Zero was a dupe; retransmit: 0, pkt_enqueue_time=2013639164937.2896, pkt_dequeue_time=2013639164937.2896, forwarded_or_dropped=1, reason_for_drop='Expiry'
DUPE: 2005417992290_Node0_Node8_Zero, Node2 id 2005417992290_Node0_Node8_Zero was a dupe; retransmit: 0, pkt_enqueue_time=2013659607500.926, pkt_dequeue_time=2013659607500.926, forwarded_or_dropped=1, reason_for_drop='Expiry'
DUPE: 2005295036306_Node0_Node8_Zero, Node2 id 2005295036306_Node0_Node8_Zero was a dupe; retransmit: 0, pkt_enqueue_time=2013680087155.4714, pkt_dequeue_time=2013680087155.4714, forwarded_or_dropped=1, reason_for_drop='Expiry'
DUPE: 2009844290459_Node0_Node8_Zero, Node2 id 2009844290459_Node0_Node8_Zero was a dupe; retransmit: 0, pkt_enqueue_time=2013700606810.0168, pkt_dequeue_time=2013700606810.0168, forwarded_or_dropped=1, reason_for_drop='Expiry'
DUPE: 2004975358608_Node0_Node8_Zero, Node2 id 2004975358608_Node0_Node8_Zero was a dupe; retransmit: 0, pkt_enqueue_time=2013721174464.5623, pkt_dequeue_time=2013721174464.5623, forwarded_or_dropped=1, reason_for_drop='Expiry'
DUPE: 2004983555505_Node0_Node8_Zero, Node2 id 2004983555505_Node0_Node8_Zero was a dupe; retransmit: 0, pkt_enqueue_time=2013721174464.5623, pkt_dequeue_time=2013721174464.5623, forwarded_or_dropped=1, reason_for_drop='Expiry'
DUPE: 2009254147809_Node0_Node8_Zero, Node2 id 2009254147809_Node0_Node8_Zero was a dupe; retransmit: 0, pkt_enqueue_time=2013741937028.1987, pkt_dequeue_time=2013741937028.1987, forwarded_or_dropped=1, reason_for_drop='Expiry'
DUPE: 2009262347243_Node0_Node8_Zero, Node2 id 2009262347243_Node0_Node8_Zero was a dupe; retransmit: 0, pkt_enqueue_time=2013741937028.1987, pkt_dequeue_time=2013741937028.1987, forwarded_or_dropped=1, reason_for_drop='Expiry'
DUPE: 2004532753154_Node0_Node8_Zero, Node2 id 2004532753154_Node0_Node8_Zero was a dupe; retransmit: 0, pkt_enqueue_time=2013762719591.8352, pkt_dequeue_time=2013762719591.8352, forwarded_or_dropped=1, reason_for_drop='Expiry'
DUPE: 2004540946876_Node0_Node8_Zero, Node2 id 2004540946876_Node0_Node8_Zero was a dupe; retransmit: 0, pkt_enqueue_time=2013762719591.8352, pkt_dequeue_time=2013762719591.8352, forwarded_or_dropped=1, reason_for_drop='Expiry'
DUPE: 2001729499709_Node0_Node8_Zero, Node2 id 2001729499709_Node0_Node8_Zero was a dupe; retransmit: 0, pkt_enqueue_time=2013783554155.4717, pkt_dequeue_time=2013783554155.4717, forwarded_or_dropped=1, reason_for_drop='Expiry'
DUPE: 2001737692306_Node0_Node8_Zero, Node2 id 2001737692306_Node0_Node8_Zero was a dupe; retransmit: 0, pkt_enqueue_time=2013783554155.4717, pkt_dequeue_time=2013783554155.4717, forwarded_or_dropped=1, reason_for_drop='Expiry'
DUPE: 2009385288937_Node0_Node8_Zero, Node2 id 2009385288937_Node0_Node8_Zero was a dupe; retransmit: 0, pkt_enqueue_time=2013825319282.7446, pkt_dequeue_time=2013825319282.7446, forwarded_or_dropped=1, reason_for_drop='Expiry'
DUPE: 2009393488378_Node0_Node8_Zero, Node2 id 2009393488378_Node0_Node8_Zero was a dupe; retransmit: 0, pkt_enqueue_time=2013825319282.7446, pkt_dequeue_time=2013825319282.7446, forwarded_or_dropped=1, reason_for_drop='Expiry'
DUPE: 2001860638978_Node0_Node8_Zero, Node2 id 2001860638978_Node0_Node8_Zero was a dupe; retransmit: 0, pkt_enqueue_time=2013846301846.381, pkt_dequeue_time=2013846301846.381, forwarded_or_dropped=1, reason_for_drop='Expiry'
DUPE: 2001868832489_Node0_Node8_Zero, Node2 id 2001868832489_Node0_Node8_Zero was a dupe; retransmit: 0, pkt_enqueue_time=2013846301846.381, pkt_dequeue_time=2013846301846.381, forwarded_or_dropped=1, reason_for_drop='Expiry'
DUPE: 2002450800457_Node0_Node8_Zero, Node2 id 2002450800457_Node0_Node8_Zero was a dupe; retransmit: 0, pkt_enqueue_time=2013867324410.0176, pkt_dequeue_time=2013867324410.0176, forwarded_or_dropped=1, reason_for_drop='Expiry'
DUPE: 2001926221658_Node0_Node8_Zero, Node2 id 2001926221658_Node0_Node8_Zero was a dupe; retransmit: 0, pkt_enqueue_time=2013888424064.563, pkt_dequeue_time=2013888424064.563, forwarded_or_dropped=1, reason_for_drop='Expiry'
DUPE: 2001934413938_Node0_Node8_Zero, Node2 id 2001934413938_Node0_Node8_Zero was a dupe; retransmit: 0, pkt_enqueue_time=2013888424064.563, pkt_dequeue_time=2013888424064.563, forwarded_or_dropped=1, reason_for_drop='Expiry'
DUPE: 2009500052159_Node0_Node8_Zero, Node2 id 2009500052159_Node0_Node8_Zero was a dupe; retransmit: 0, pkt_enqueue_time=2013909566628.1995, pkt_dequeue_time=2013909566628.1995, forwarded_or_dropped=1, reason_for_drop='Expiry'
DUPE: 2009516449958_Node0_Node8_Zero, Node2 id 2009516449958_Node0_Node8_Zero was a dupe; retransmit: 0, pkt_enqueue_time=2013916273500.1995, pkt_dequeue_time=2013916273500.1995, forwarded_or_dropped=1, reason_for_drop='Expiry'
DUPE: 2001336045193_Node0_Node8_Zero, Node2 id 2001336045193_Node0_Node8_Zero was a dupe; retransmit: 0, pkt_enqueue_time=2013937453154.7449, pkt_dequeue_time=2013937453154.7449, forwarded_or_dropped=1, reason_for_drop='Expiry'
DUPE: 2001344245132_Node0_Node8_Zero, Node2 id 2001344245132_Node0_Node8_Zero was a dupe; retransmit: 0, pkt_enqueue_time=2013937453154.7449, pkt_dequeue_time=2013937453154.7449, forwarded_or_dropped=1, reason_for_drop='Expiry'
DUPE: 2004319634892_Node0_Node8_Zero, Node2 id 2004319634892_Node0_Node8_Zero was a dupe; retransmit: 0, pkt_enqueue_time=2013958655718.3813, pkt_dequeue_time=2013958655718.3813, forwarded_or_dropped=1, reason_for_drop='Expiry'
DUPE: 2004327828963_Node0_Node8_Zero, Node2 id 2004327828963_Node0_Node8_Zero was a dupe; retransmit: 0, pkt_enqueue_time=2013958655718.3813, pkt_dequeue_time=2013958655718.3813, forwarded_or_dropped=1, reason_for_drop='Expiry'
DUPE: 2004368813561_Node0_Node8_Zero, Node2 id 2004368813561_Node0_Node8_Zero was a dupe; retransmit: 0, pkt_enqueue_time=2013960752590.3813, pkt_dequeue_time=2013960752590.3813, forwarded_or_dropped=1, reason_for_drop='Expiry'
DUPE: 2001827844018_Node0_Node8_Zero, Node2 id 2001827844018_Node0_Node8_Zero was a dupe; retransmit: 0, pkt_enqueue_time=2013982074154.0178, pkt_dequeue_time=2013982074154.0178, forwarded_or_dropped=1, reason_for_drop='Expiry'
DUPE: 2001836045194_Node0_Node8_Zero, Node2 id 2001836045194_Node0_Node8_Zero was a dupe; retransmit: 0, pkt_enqueue_time=2013982074154.0178, pkt_dequeue_time=2013982074154.0178, forwarded_or_dropped=1, reason_for_drop='Expiry'

Total number of generated packets: 2600
Total number of delivered packets: 2586 # Use all_stats.csv to check PDR
Average number of packets genetated every second: 185.71428571428572
Average number of packets delivered every second: 184.71428571428572
Standard deviation of packets genetated every second: 87.7223123363301
Standard deviation of packets delivered every second: 70.4702861104579
Average number of packets genetated every millisecond: 0.18571428571428572
Average number of packets delivered every millisecond: 0.18471428571428572
Standard deviation of packets genetated every millisecond: 0.4167170037621333
Standard deviation of packets delivered every millisecond: 0.4012773228029692
Average delay: 726.5192756853025
Standard deviation of delay: 1887.2923678091379
Minimum delay: 0.5034359998535365
Maximum delay: 12391.225197377848
Total number of retransmissions: 7738
Node0
Avg Received Power: 2.77e-13, Node2: [Avg:2.93e-12, Max:1.58e-11, Min:7.57e-13], Node4: [Avg:1.96e-13, Max:1.24e-12, Min:1.31e-13], Node6: [Avg:3.66e-13, Max:6.08e-13, Min:8.41e-14], 
Avg INTF: 6.91e-13, Node2: [Avg:2.93e-12, Max:1.58e-11, Min:7.57e-13], Node4: [Avg:1.96e-13, Max:1.24e-12, Min:1.31e-13], Node6: [Avg:3.66e-13, Max:6.08e-13, Min:8.41e-14], 
Self Tx power: RTS: (Avg: 0.0229, Min: 0.0077, Max: 0.1386), CTS: (Avg: 0.0101, Min: 0.0077, Max: 0.0201), ACK: (Avg: nan, Min: inf, Max: -inf), Data: (Avg: 0.0217, Min: 0.0053, Max: 0.1386)
CTS retry: 755, ACK retry: 1721, # Receiver Drops: 49, # Pkts Receiver Drops: 49, # Sent ACKs: 0, # Pkts ACK sent for: 0, # Retransmissions: 2476, # Pkts Retransmitted: 4002, # Receptions: 0, # Pkts Received: 0, # Forwards: 249, # Pkts Forwarded: 606

Node1
Avg Received Power: 2.72e-12, Node0: [Avg:6.38e-12, Max:4.45e-11, Min:2.10e-12], Node2: [Avg:1.17e-11, Max:6.30e-11, Min:3.03e-12], Node4: [Avg:3.42e-13, Max:2.20e-12, Min:2.34e-13], Node6: [Avg:5.09e-13, Max:8.75e-13, Min:1.21e-13], 
Avg INTF: 3.66e-12, Node0: [Avg:6.38e-12, Max:4.45e-11, Min:2.10e-12], Node2: [Avg:1.17e-11, Max:6.30e-11, Min:3.03e-12], Node4: [Avg:3.42e-13, Max:2.20e-12, Min:2.34e-13], Node6: [Avg:5.09e-13, Max:8.75e-13, Min:1.21e-13], 
Self Tx power: RTS: (Avg: nan, Min: inf, Max: -inf), CTS: (Avg: nan, Min: inf, Max: -inf), ACK: (Avg: nan, Min: inf, Max: -inf), Data: (Avg: nan, Min: inf, Max: -inf)
CTS retry: 0, ACK retry: 0, # Receiver Drops: 0, # Pkts Receiver Drops: 0, # Sent ACKs: 0, # Pkts ACK sent for: 0, # Retransmissions: 0, # Pkts Retransmitted: 0, # Receptions: 0, # Pkts Received: 0, # Forwards: 0, # Pkts Forwarded: 0

Node2
Avg Received Power: 7.40e-13, Node0: [Avg:1.60e-12, Max:1.11e-11, Min:5.26e-13], Node4: [Avg:7.69e-13, Max:4.95e-12, Min:5.26e-13], Node6: [Avg:8.00e-13, Max:1.37e-12, Min:1.89e-13], 
Avg INTF: 7.73e-13, Node4: [Avg:7.69e-13, Max:4.95e-12, Min:5.26e-13], Node6: [Avg:8.00e-13, Max:1.37e-12, Min:1.89e-13], 
Self Tx power: RTS: (Avg: 0.0337, Min: 0.0106, Max: 0.1594), CTS: (Avg: 0.0093, Min: 0.0077, Max: 0.0201), ACK: (Avg: 0.0077, Min: 0.0077, Max: 0.0077), Data: (Avg: 0.0337, Min: 0.0106, Max: 0.1594)
CTS retry: 86, ACK retry: 319, # Receiver Drops: 583, # Pkts Receiver Drops: 828, # Sent ACKs: 1603, # Pkts ACK sent for: 2822, # Retransmissions: 405, # Pkts Retransmitted: 801, # Receptions: 1603, # Pkts Received: 2645, # Forwards: 458, # Pkts Forwarded: 1047

Node3
Avg Received Power: 2.16e-12, Node0: [Avg:7.09e-13, Max:4.95e-12, Min:2.34e-13], Node2: [Avg:1.17e-11, Max:6.30e-11, Min:3.03e-12], Node4: [Avg:3.08e-12, Max:1.98e-11, Min:2.10e-12], Node6: [Avg:1.41e-12, Max:2.43e-12, Min:3.37e-13], 
Avg INTF: 2.92e-12, Node0: [Avg:7.09e-13, Max:4.95e-12, Min:2.34e-13], Node2: [Avg:1.17e-11, Max:6.30e-11, Min:3.03e-12], Node4: [Avg:3.08e-12, Max:1.98e-11, Min:2.10e-12], Node6: [Avg:1.41e-12, Max:2.43e-12, Min:3.37e-13], 
Self Tx power: RTS: (Avg: nan, Min: inf, Max: -inf), CTS: (Avg: nan, Min: inf, Max: -inf), ACK: (Avg: nan, Min: inf, Max: -inf), Data: (Avg: nan, Min: inf, Max: -inf)
CTS retry: 0, ACK retry: 0, # Receiver Drops: 0, # Pkts Receiver Drops: 0, # Sent ACKs: 0, # Pkts ACK sent for: 0, # Retransmissions: 0, # Pkts Retransmitted: 0, # Receptions: 0, # Pkts Received: 0, # Forwards: 0, # Pkts Forwarded: 0

Node4
Avg Received Power: 4.49e-13, Node0: [Avg:3.95e-13, Max:2.78e-12, Min:1.31e-13], Node2: [Avg:2.92e-12, Max:1.58e-11, Min:7.57e-13], Node6: [Avg:3.18e-12, Max:5.47e-12, Min:7.57e-13], 
Avg INTF: 9.11e-13, Node0: [Avg:3.95e-13, Max:2.78e-12, Min:1.31e-13], Node6: [Avg:3.18e-12, Max:5.47e-12, Min:7.57e-13], 
Self Tx power: RTS: (Avg: 0.0107, Min: 0.0077, Max: 0.0579), CTS: (Avg: 0.0099, Min: 0.0077, Max: 0.0201), ACK: (Avg: 0.0077, Min: 0.0077, Max: 0.0077), Data: (Avg: 0.0087, Min: 0.0053, Max: 0.0579)
CTS retry: 193, ACK retry: 2031, # Receiver Drops: 405, # Pkts Receiver Drops: 470, # Sent ACKs: 617, # Pkts ACK sent for: 1336, # Retransmissions: 2224, # Pkts Retransmitted: 2619, # Receptions: 617, # Pkts Received: 1301, # Forwards: 90, # Pkts Forwarded: 226

Node5
Avg Received Power: 1.86e-12, Node0: [Avg:2.55e-13, Max:1.78e-12, Min:8.41e-14], Node2: [Avg:1.30e-12, Max:7.00e-12, Min:3.37e-13], Node4: [Avg:3.08e-12, Max:1.98e-11, Min:2.10e-12], Node6: [Avg:1.27e-11, Max:2.19e-11, Min:3.03e-12], 
Avg INTF: 2.51e-12, Node0: [Avg:2.55e-13, Max:1.78e-12, Min:8.41e-14], Node2: [Avg:1.30e-12, Max:7.00e-12, Min:3.37e-13], Node4: [Avg:3.08e-12, Max:1.98e-11, Min:2.10e-12], Node6: [Avg:1.27e-11, Max:2.19e-11, Min:3.03e-12], 
Self Tx power: RTS: (Avg: nan, Min: inf, Max: -inf), CTS: (Avg: nan, Min: inf, Max: -inf), ACK: (Avg: nan, Min: inf, Max: -inf), Data: (Avg: nan, Min: inf, Max: -inf)
CTS retry: 0, ACK retry: 0, # Receiver Drops: 0, # Pkts Receiver Drops: 0, # Sent ACKs: 0, # Pkts ACK sent for: 0, # Retransmissions: 0, # Pkts Retransmitted: 0, # Receptions: 0, # Pkts Received: 0, # Forwards: 0, # Pkts Forwarded: 0

Node6
Avg Received Power: 3.66e-13, Node0: [Avg:1.80e-13, Max:1.24e-12, Min:5.84e-14], Node2: [Avg:7.31e-13, Max:3.94e-12, Min:1.89e-13], Node4: [Avg:7.69e-13, Max:4.95e-12, Min:5.26e-13], 
Avg INTF: 2.98e-13, Node0: [Avg:1.80e-13, Max:1.24e-12, Min:5.84e-14], Node2: [Avg:7.31e-13, Max:3.94e-12, Min:1.89e-13], 
Self Tx power: RTS: (Avg: 0.0376, Min: 0.0106, Max: 0.1594), CTS: (Avg: 0.0087, Min: 0.0077, Max: 0.0201), ACK: (Avg: 0.0077, Min: 0.0077, Max: 0.0077), Data: (Avg: 0.0376, Min: 0.0106, Max: 0.1594)
CTS retry: 15, ACK retry: 162, # Receiver Drops: 375, # Pkts Receiver Drops: 474, # Sent ACKs: 2402, # Pkts ACK sent for: 2845, # Retransmissions: 177, # Pkts Retransmitted: 316, # Receptions: 2402, # Pkts Received: 2785, # Forwards: 636, # Pkts Forwarded: 870

Node7
Avg Received Power: 8.18e-13, Node0: [Avg:1.30e-13, Max:9.08e-13, Min:4.29e-14], Node2: [Avg:4.67e-13, Max:2.52e-12, Min:1.21e-13], Node4: [Avg:3.42e-13, Max:2.20e-12, Min:2.34e-13], Node6: [Avg:1.27e-11, Max:2.19e-11, Min:3.03e-12], 
Avg INTF: 1.10e-12, Node0: [Avg:1.30e-13, Max:9.08e-13, Min:4.29e-14], Node2: [Avg:4.67e-13, Max:2.52e-12, Min:1.21e-13], Node4: [Avg:3.42e-13, Max:2.20e-12, Min:2.34e-13], Node6: [Avg:1.27e-11, Max:2.19e-11, Min:3.03e-12], 
Self Tx power: RTS: (Avg: nan, Min: inf, Max: -inf), CTS: (Avg: nan, Min: inf, Max: -inf), ACK: (Avg: nan, Min: inf, Max: -inf), Data: (Avg: nan, Min: inf, Max: -inf)
CTS retry: 0, ACK retry: 0, # Receiver Drops: 0, # Pkts Receiver Drops: 0, # Sent ACKs: 0, # Pkts ACK sent for: 0, # Retransmissions: 0, # Pkts Retransmitted: 0, # Receptions: 0, # Pkts Received: 0, # Forwards: 0, # Pkts Forwarded: 0

Node8
Avg Received Power: 2.75e-13, Node0: [Avg:9.98e-14, Max:6.96e-13, Min:3.29e-14], Node2: [Avg:3.24e-13, Max:1.75e-12, Min:8.41e-14], Node4: [Avg:1.92e-13, Max:1.24e-12, Min:1.31e-13], Node6: [Avg:3.18e-12, Max:5.47e-12, Min:7.57e-13], 
Avg INTF: 1.69e-13, Node0: [Avg:9.98e-14, Max:6.96e-13, Min:3.29e-14], Node2: [Avg:3.24e-13, Max:1.75e-12, Min:8.41e-14], Node4: [Avg:1.92e-13, Max:1.24e-12, Min:1.31e-13], 
Self Tx power: RTS: (Avg: nan, Min: inf, Max: -inf), CTS: (Avg: nan, Min: inf, Max: -inf), ACK: (Avg: 0.0077, Min: 0.0077, Max: 0.0077), Data: (Avg: nan, Min: inf, Max: -inf)
CTS retry: 0, ACK retry: 0, # Receiver Drops: 52, # Pkts Receiver Drops: 119, # Sent ACKs: 769, # Pkts ACK sent for: 1084, # Retransmissions: 0, # Pkts Retransmitted: 0, # Receptions: 769, # Pkts Received: 1068, # Forwards: 0, # Pkts Forwarded: 0

Node9
Avg Received Power: 1.96e-13, Node0: [Avg:3.99e-13, Max:2.78e-12, Min:1.31e-13], Node2: [Avg:5.83e-13, Max:3.15e-12, Min:1.51e-13], Node4: [Avg:9.61e-14, Max:6.19e-13, Min:6.57e-14], Node6: [Avg:2.45e-13, Max:4.21e-13, Min:5.83e-14], 
Avg INTF: 2.64e-13, Node0: [Avg:3.99e-13, Max:2.78e-12, Min:1.31e-13], Node2: [Avg:5.83e-13, Max:3.15e-12, Min:1.51e-13], Node4: [Avg:9.61e-14, Max:6.19e-13, Min:6.57e-14], Node6: [Avg:2.45e-13, Max:4.21e-13, Min:5.83e-14], 
Self Tx power: RTS: (Avg: nan, Min: inf, Max: -inf), CTS: (Avg: nan, Min: inf, Max: -inf), ACK: (Avg: nan, Min: inf, Max: -inf), Data: (Avg: nan, Min: inf, Max: -inf)
CTS retry: 0, ACK retry: 0, # Receiver Drops: 0, # Pkts Receiver Drops: 0, # Sent ACKs: 0, # Pkts ACK sent for: 0, # Retransmissions: 0, # Pkts Retransmitted: 0, # Receptions: 0, # Pkts Received: 0, # Forwards: 0, # Pkts Forwarded: 0

