Transmitting_Power = 0.007663753805745297, Maximum_Transmitting_Power = 0.10059677066255387
MAX_Transmission_Range = 1223.8180011750112, MAX_Transmission_Range_Squared = 1497730.4999999998
parameters.py INITIALIZED
mobility parameters INITIALIZED
Seed: 7447
Traffic flows: 1
Trajectory Run No./ Mobility Model : TCPIPE_BSCAP_
Seed value: 7447
Mobility Model: TCPIPE_BSCAP_
Number of Nodes: 8 UAVs + 1 BS; Node Speed: 40 m/s
Data Rate: [3] Mbps
Percentage Node Failure: 0
TC_PIPE_mobility_ON: True
Transmitting_Power = 0.007663753805745297, Maximum_Transmitting_Power = 0.10059677066255387
MAX_Transmission_Range = 1223.8180011750112, MAX_Transmission_Range_Squared = 1497730.4999999998
parameters.py INITIALIZED
mobility parameters INITIALIZED
node.py: Node0 created with coordinates 0 5000 with routing power 0.007664
node.py: Node1 created with coordinates 1000 5000 with routing power 0.007664
node.py: Node2 created with coordinates 2000 5000 with routing power 0.007664
node.py: Node3 created with coordinates 3000 5000 with routing power 0.007664
node.py: Node4 created with coordinates 4000 5000 with routing power 0.007664
node.py: Node5 created with coordinates 5000 5000 with routing power 0.007664
node.py: Node6 created with coordinates 6000 5000 with routing power 0.007664
node.py: Node7 created with coordinates 7000 5000 with routing power 0.007664
node.py: Node8 created with coordinates 8000 5000 with routing power 0.007664
node.py: Node9 created with coordinates 5000 0 with routing power 0.007664
node.py: Node10 created with coordinates 5000 1000 with routing power 0.007664
node.py: Node11 created with coordinates 5000 2000 with routing power 0.007664
node.py: Node12 created with coordinates 5000 3000 with routing power 0.007664
node.py: Node13 created with coordinates 5000 4000 with routing power 0.007664
node.py: Node14 created with coordinates 5000 6000 with routing power 0.007664
node.py: Node15 created with coordinates 5000 7000 with routing power 0.007664
node.py: Node16 created with coordinates 5000 8000 with routing power 0.007664
node.py: Node17 created with coordinates 0 0 with routing power 0.007664
SIM_TIME_MOBILITY =  2014
MAX TRANSMISSION RANGE for all nodes - mobility.py =  1223.8180011750112
DATA_RATE =  [3]  No._Nodes =  17  Map_Size =  4000 x 4000
MOBILITY PROCESS (^) and NETWORK UPDATE (rf.updateNetworkTopology(env,nodes) HAS BEEN STARTED 
Multiple Targets located at  [[2000 4000]]
main.py: Progress: 0 / 2014
main.py: Progress: 1 / 2014
main.py: Progress: 2 / 2014
main.py: Progress: 3 / 2014
main.py: Progress: 4 / 2014
main.py: Progress: 5 / 2014
main.py: Progress: 6 / 2014
main.py: Progress: 7 / 2014
main.py: Progress: 8 / 2014
main.py: Progress: 9 / 2014
main.py: Progress: 10 / 2014
main.py: Progress: 11 / 2014
main.py: Progress: 12 / 2014
main.py: Progress: 13 / 2014
main.py: Progress: 14 / 2014
main.py: Progress: 15 / 2014
main.py: Progress: 16 / 2014
main.py: Progress: 17 / 2014
main.py: Progress: 18 / 2014
main.py: Progress: 19 / 2014
main.py: Progress: 20 / 2014
main.py: Progress: 21 / 2014
main.py: Progress: 22 / 2014
main.py: Progress: 23 / 2014
main.py: Progress: 24 / 2014
main.py: Progress: 25 / 2014
main.py: Progress: 26 / 2014
main.py: Progress: 27 / 2014
main.py: Progress: 28 / 2014
main.py: Progress: 29 / 2014
main.py: Progress: 30 / 2014
main.py: Progress: 31 / 2014
main.py: Progress: 32 / 2014
main.py: Progress: 33 / 2014
main.py: Progress: 34 / 2014
main.py: Progress: 35 / 2014
main.py: Progress: 36 / 2014
main.py: Progress: 37 / 2014
main.py: Progress: 38 / 2014
main.py: Progress: 39 / 2014
main.py: Progress: 40 / 2014
main.py: Progress: 41 / 2014
main.py: Progress: 42 / 2014
main.py: Progress: 43 / 2014
main.py: Progress: 44 / 2014
main.py: Progress: 45 / 2014
main.py: Progress: 46 / 2014
main.py: Progress: 47 / 2014
main.py: Progress: 48 / 2014
main.py: Progress: 49 / 2014
main.py: Progress: 50 / 2014
main.py: Progress: 51 / 2014
main.py: Progress: 52 / 2014
main.py: Progress: 53 / 2014
main.py: Progress: 54 / 2014
main.py: Progress: 55 / 2014
main.py: Progress: 56 / 2014
main.py: Progress: 57 / 2014
main.py: Progress: 58 / 2014
main.py: Progress: 59 / 2014
main.py: Progress: 60 / 2014
main.py: Progress: 61 / 2014
main.py: Progress: 62 / 2014
main.py: Progress: 63 / 2014
main.py: Progress: 64 / 2014
main.py: Progress: 65 / 2014
main.py: Progress: 66 / 2014
main.py: Progress: 67 / 2014
main.py: Progress: 68 / 2014
main.py: Progress: 69 / 2014
main.py: Progress: 70 / 2014
main.py: Progress: 71 / 2014
main.py: Progress: 72 / 2014
main.py: Progress: 73 / 2014
main.py: Progress: 74 / 2014
main.py: Progress: 75 / 2014
main.py: Progress: 76 / 2014
main.py: Progress: 77 / 2014
main.py: Progress: 78 / 2014
main.py: Progress: 79 / 2014
main.py: Progress: 80 / 2014
main.py: Progress: 81 / 2014
main.py: Progress: 82 / 2014
main.py: Progress: 83 / 2014
main.py: Progress: 84 / 2014
main.py: Progress: 85 / 2014
main.py: Progress: 86 / 2014
main.py: Progress: 87 / 2014
main.py: Progress: 88 / 2014
main.py: Progress: 89 / 2014
main.py: Progress: 90 / 2014
main.py: Progress: 91 / 2014
main.py: Progress: 92 / 2014
main.py: Progress: 93 / 2014
main.py: Progress: 94 / 2014
main.py: Progress: 95 / 2014
main.py: Progress: 96 / 2014
main.py: Progress: 97 / 2014
main.py: Progress: 98 / 2014
main.py: Progress: 99 / 2014
main.py: Progress: 100 / 2014
main.py: Progress: 101 / 2014
main.py: Progress: 102 / 2014
main.py: Progress: 103 / 2014
main.py: Progress: 104 / 2014
main.py: Progress: 105 / 2014
main.py: Progress: 106 / 2014
main.py: Progress: 107 / 2014
main.py: Progress: 108 / 2014
main.py: Progress: 109 / 2014
main.py: Progress: 110 / 2014
main.py: Progress: 111 / 2014
main.py: Progress: 112 / 2014
main.py: Progress: 113 / 2014
main.py: Progress: 114 / 2014
main.py: Progress: 115 / 2014
main.py: Progress: 116 / 2014
main.py: Progress: 117 / 2014
main.py: Progress: 118 / 2014
main.py: Progress: 119 / 2014
main.py: Progress: 120 / 2014
main.py: Progress: 121 / 2014
main.py: Progress: 122 / 2014
main.py: Progress: 123 / 2014
main.py: Progress: 124 / 2014
main.py: Progress: 125 / 2014
main.py: Progress: 126 / 2014
main.py: Progress: 127 / 2014
main.py: Progress: 128 / 2014
main.py: Progress: 129 / 2014
main.py: Progress: 130 / 2014
main.py: Progress: 131 / 2014
main.py: Progress: 132 / 2014
main.py: Progress: 133 / 2014
main.py: Progress: 134 / 2014
main.py: Progress: 135 / 2014
main.py: Progress: 136 / 2014
main.py: Progress: 137 / 2014
main.py: Progress: 138 / 2014
main.py: Progress: 139 / 2014
main.py: Progress: 140 / 2014
main.py: Progress: 141 / 2014
main.py: Progress: 142 / 2014
main.py: Progress: 143 / 2014
main.py: Progress: 144 / 2014
main.py: Progress: 145 / 2014
main.py: Progress: 146 / 2014
main.py: Progress: 147 / 2014
main.py: Progress: 148 / 2014
main.py: Progress: 149 / 2014
main.py: Progress: 150 / 2014
main.py: Progress: 151 / 2014
main.py: Progress: 152 / 2014
main.py: Progress: 153 / 2014
main.py: Progress: 154 / 2014
main.py: Progress: 155 / 2014
main.py: Progress: 156 / 2014
main.py: Progress: 157 / 2014
main.py: Progress: 158 / 2014
main.py: Progress: 159 / 2014
main.py: Progress: 160 / 2014
main.py: Progress: 161 / 2014
main.py: Progress: 162 / 2014
main.py: Progress: 163 / 2014
main.py: Progress: 164 / 2014
main.py: Progress: 165 / 2014
main.py: Progress: 166 / 2014
main.py: Progress: 167 / 2014
main.py: Progress: 168 / 2014
main.py: Progress: 169 / 2014
main.py: Progress: 170 / 2014
main.py: Progress: 171 / 2014
main.py: Progress: 172 / 2014
main.py: Progress: 173 / 2014
main.py: Progress: 174 / 2014
main.py: Progress: 175 / 2014
main.py: Progress: 176 / 2014
main.py: Progress: 177 / 2014
main.py: Progress: 178 / 2014
main.py: Progress: 179 / 2014
main.py: Progress: 180 / 2014
main.py: Progress: 181 / 2014
main.py: Progress: 182 / 2014
main.py: Progress: 183 / 2014
main.py: Progress: 184 / 2014
main.py: Progress: 185 / 2014
main.py: Progress: 186 / 2014
main.py: Progress: 187 / 2014
main.py: Progress: 188 / 2014
main.py: Progress: 189 / 2014
main.py: Progress: 190 / 2014
main.py: Progress: 191 / 2014
main.py: Progress: 192 / 2014
main.py: Progress: 193 / 2014
main.py: Progress: 194 / 2014
main.py: Progress: 195 / 2014
main.py: Progress: 196 / 2014
main.py: Progress: 197 / 2014
main.py: Progress: 198 / 2014
main.py: Progress: 199 / 2014
main.py: Progress: 200 / 2014
main.py: Progress: 201 / 2014
main.py: Progress: 202 / 2014
main.py: Progress: 203 / 2014
main.py: Progress: 204 / 2014
main.py: Progress: 205 / 2014
main.py: Progress: 206 / 2014
main.py: Progress: 207 / 2014
main.py: Progress: 208 / 2014
main.py: Progress: 209 / 2014
main.py: Progress: 210 / 2014
main.py: Progress: 211 / 2014
main.py: Progress: 212 / 2014
main.py: Progress: 213 / 2014
main.py: Progress: 214 / 2014
main.py: Progress: 215 / 2014
main.py: Progress: 216 / 2014
main.py: Progress: 217 / 2014
main.py: Progress: 218 / 2014
main.py: Progress: 219 / 2014
main.py: Progress: 220 / 2014
main.py: Progress: 221 / 2014
main.py: Progress: 222 / 2014
main.py: Progress: 223 / 2014
main.py: Progress: 224 / 2014
main.py: Progress: 225 / 2014
main.py: Progress: 226 / 2014
main.py: Progress: 227 / 2014
main.py: Progress: 228 / 2014
main.py: Progress: 229 / 2014
main.py: Progress: 230 / 2014
main.py: Progress: 231 / 2014
main.py: Progress: 232 / 2014
main.py: Progress: 233 / 2014
main.py: Progress: 234 / 2014
main.py: Progress: 235 / 2014
main.py: Progress: 236 / 2014
main.py: Progress: 237 / 2014
main.py: Progress: 238 / 2014
main.py: Progress: 239 / 2014
main.py: Progress: 240 / 2014
main.py: Progress: 241 / 2014
main.py: Progress: 242 / 2014
main.py: Progress: 243 / 2014
main.py: Progress: 244 / 2014
main.py: Progress: 245 / 2014
main.py: Progress: 246 / 2014
main.py: Progress: 247 / 2014
main.py: Progress: 248 / 2014
main.py: Progress: 249 / 2014
main.py: Progress: 250 / 2014
main.py: Progress: 251 / 2014
main.py: Progress: 252 / 2014
main.py: Progress: 253 / 2014
main.py: Progress: 254 / 2014
main.py: Progress: 255 / 2014
main.py: Progress: 256 / 2014
main.py: Progress: 257 / 2014
main.py: Progress: 258 / 2014
main.py: Progress: 259 / 2014
main.py: Progress: 260 / 2014
main.py: Progress: 261 / 2014
main.py: Progress: 262 / 2014
main.py: Progress: 263 / 2014
main.py: Progress: 264 / 2014
main.py: Progress: 265 / 2014
main.py: Progress: 266 / 2014
main.py: Progress: 267 / 2014
main.py: Progress: 268 / 2014
main.py: Progress: 269 / 2014
main.py: Progress: 270 / 2014
main.py: Progress: 271 / 2014
main.py: Progress: 272 / 2014
main.py: Progress: 273 / 2014
main.py: Progress: 274 / 2014
main.py: Progress: 275 / 2014
main.py: Progress: 276 / 2014
main.py: Progress: 277 / 2014
main.py: Progress: 278 / 2014
main.py: Progress: 279 / 2014
main.py: Progress: 280 / 2014
main.py: Progress: 281 / 2014
main.py: Progress: 282 / 2014
main.py: Progress: 283 / 2014
main.py: Progress: 284 / 2014
main.py: Progress: 285 / 2014
main.py: Progress: 286 / 2014
main.py: Progress: 287 / 2014
main.py: Progress: 288 / 2014
main.py: Progress: 289 / 2014
main.py: Progress: 290 / 2014
main.py: Progress: 291 / 2014
main.py: Progress: 292 / 2014
main.py: Progress: 293 / 2014
main.py: Progress: 294 / 2014
main.py: Progress: 295 / 2014
main.py: Progress: 296 / 2014
main.py: Progress: 297 / 2014
main.py: Progress: 298 / 2014
main.py: Progress: 299 / 2014
main.py: Progress: 300 / 2014
main.py: Progress: 301 / 2014
main.py: Progress: 302 / 2014
main.py: Progress: 303 / 2014
main.py: Progress: 304 / 2014
main.py: Progress: 305 / 2014
main.py: Progress: 306 / 2014
main.py: Progress: 307 / 2014
main.py: Progress: 308 / 2014
main.py: Progress: 309 / 2014
main.py: Progress: 310 / 2014
main.py: Progress: 311 / 2014
main.py: Progress: 312 / 2014
main.py: Progress: 313 / 2014
main.py: Progress: 314 / 2014
main.py: Progress: 315 / 2014
main.py: Progress: 316 / 2014
main.py: Progress: 317 / 2014
main.py: Progress: 318 / 2014
main.py: Progress: 319 / 2014
main.py: Progress: 320 / 2014
main.py: Progress: 321 / 2014
main.py: Progress: 322 / 2014
main.py: Progress: 323 / 2014
main.py: Progress: 324 / 2014
main.py: Progress: 325 / 2014
main.py: Progress: 326 / 2014
main.py: Progress: 327 / 2014
main.py: Progress: 328 / 2014
main.py: Progress: 329 / 2014
main.py: Progress: 330 / 2014
main.py: Progress: 331 / 2014
main.py: Progress: 332 / 2014
main.py: Progress: 333 / 2014
main.py: Progress: 334 / 2014
main.py: Progress: 335 / 2014
main.py: Progress: 336 / 2014
main.py: Progress: 337 / 2014
main.py: Progress: 338 / 2014
main.py: Progress: 339 / 2014
main.py: Progress: 340 / 2014
main.py: Progress: 341 / 2014
main.py: Progress: 342 / 2014
main.py: Progress: 343 / 2014
main.py: Progress: 344 / 2014
main.py: Progress: 345 / 2014
main.py: Progress: 346 / 2014
main.py: Progress: 347 / 2014
main.py: Progress: 348 / 2014
main.py: Progress: 349 / 2014
main.py: Progress: 350 / 2014
main.py: Progress: 351 / 2014
main.py: Progress: 352 / 2014
main.py: Progress: 353 / 2014
main.py: Progress: 354 / 2014
main.py: Progress: 355 / 2014
main.py: Progress: 356 / 2014
main.py: Progress: 357 / 2014
main.py: Progress: 358 / 2014
main.py: Progress: 359 / 2014
main.py: Progress: 360 / 2014
main.py: Progress: 361 / 2014
main.py: Progress: 362 / 2014
main.py: Progress: 363 / 2014
main.py: Progress: 364 / 2014
main.py: Progress: 365 / 2014
main.py: Progress: 366 / 2014
main.py: Progress: 367 / 2014
main.py: Progress: 368 / 2014
main.py: Progress: 369 / 2014
main.py: Progress: 370 / 2014
main.py: Progress: 371 / 2014
main.py: Progress: 372 / 2014
main.py: Progress: 373 / 2014
main.py: Progress: 374 / 2014
main.py: Progress: 375 / 2014
main.py: Progress: 376 / 2014
main.py: Progress: 377 / 2014
main.py: Progress: 378 / 2014
main.py: Progress: 379 / 2014
main.py: Progress: 380 / 2014
main.py: Progress: 381 / 2014
main.py: Progress: 382 / 2014
main.py: Progress: 383 / 2014
main.py: Progress: 384 / 2014
main.py: Progress: 385 / 2014
main.py: Progress: 386 / 2014
main.py: Progress: 387 / 2014
main.py: Progress: 388 / 2014
main.py: Progress: 389 / 2014
main.py: Progress: 390 / 2014
main.py: Progress: 391 / 2014
main.py: Progress: 392 / 2014
main.py: Progress: 393 / 2014
main.py: Progress: 394 / 2014
main.py: Progress: 395 / 2014
main.py: Progress: 396 / 2014
main.py: Progress: 397 / 2014
main.py: Progress: 398 / 2014
main.py: Progress: 399 / 2014
main.py: Progress: 400 / 2014
main.py: Progress: 401 / 2014
main.py: Progress: 402 / 2014
main.py: Progress: 403 / 2014
main.py: Progress: 404 / 2014
main.py: Progress: 405 / 2014
main.py: Progress: 406 / 2014
main.py: Progress: 407 / 2014
main.py: Progress: 408 / 2014
main.py: Progress: 409 / 2014
main.py: Progress: 410 / 2014
main.py: Progress: 411 / 2014
main.py: Progress: 412 / 2014
main.py: Progress: 413 / 2014
main.py: Progress: 414 / 2014
main.py: Progress: 415 / 2014
main.py: Progress: 416 / 2014
main.py: Progress: 417 / 2014
main.py: Progress: 418 / 2014
main.py: Progress: 419 / 2014
main.py: Progress: 420 / 2014
main.py: Progress: 421 / 2014
main.py: Progress: 422 / 2014
main.py: Progress: 423 / 2014
main.py: Progress: 424 / 2014
main.py: Progress: 425 / 2014
main.py: Progress: 426 / 2014
main.py: Progress: 427 / 2014
main.py: Progress: 428 / 2014
main.py: Progress: 429 / 2014
main.py: Progress: 430 / 2014
main.py: Progress: 431 / 2014
main.py: Progress: 432 / 2014
main.py: Progress: 433 / 2014
main.py: Progress: 434 / 2014
main.py: Progress: 435 / 2014
main.py: Progress: 436 / 2014
main.py: Progress: 437 / 2014
main.py: Progress: 438 / 2014
main.py: Progress: 439 / 2014
main.py: Progress: 440 / 2014
main.py: Progress: 441 / 2014
main.py: Progress: 442 / 2014
main.py: Progress: 443 / 2014
main.py: Progress: 444 / 2014
main.py: Progress: 445 / 2014
main.py: Progress: 446 / 2014
main.py: Progress: 447 / 2014
main.py: Progress: 448 / 2014
main.py: Progress: 449 / 2014
main.py: Progress: 450 / 2014
main.py: Progress: 451 / 2014
main.py: Progress: 452 / 2014
main.py: Progress: 453 / 2014
main.py: Progress: 454 / 2014
main.py: Progress: 455 / 2014
main.py: Progress: 456 / 2014
main.py: Progress: 457 / 2014
main.py: Progress: 458 / 2014
main.py: Progress: 459 / 2014
main.py: Progress: 460 / 2014
main.py: Progress: 461 / 2014
main.py: Progress: 462 / 2014
main.py: Progress: 463 / 2014
main.py: Progress: 464 / 2014
main.py: Progress: 465 / 2014
main.py: Progress: 466 / 2014
main.py: Progress: 467 / 2014
main.py: Progress: 468 / 2014
main.py: Progress: 469 / 2014
main.py: Progress: 470 / 2014
main.py: Progress: 471 / 2014
main.py: Progress: 472 / 2014
main.py: Progress: 473 / 2014
main.py: Progress: 474 / 2014
main.py: Progress: 475 / 2014
main.py: Progress: 476 / 2014
main.py: Progress: 477 / 2014
main.py: Progress: 478 / 2014
main.py: Progress: 479 / 2014
main.py: Progress: 480 / 2014
main.py: Progress: 481 / 2014
main.py: Progress: 482 / 2014
main.py: Progress: 483 / 2014
main.py: Progress: 484 / 2014
main.py: Progress: 485 / 2014
main.py: Progress: 486 / 2014
main.py: Progress: 487 / 2014
main.py: Progress: 488 / 2014
main.py: Progress: 489 / 2014
main.py: Progress: 490 / 2014
main.py: Progress: 491 / 2014
main.py: Progress: 492 / 2014
main.py: Progress: 493 / 2014
main.py: Progress: 494 / 2014
main.py: Progress: 495 / 2014
main.py: Progress: 496 / 2014
main.py: Progress: 497 / 2014
main.py: Progress: 498 / 2014
main.py: Progress: 499 / 2014
main.py: Progress: 500 / 2014
main.py: Progress: 501 / 2014
main.py: Progress: 502 / 2014
main.py: Progress: 503 / 2014
main.py: Progress: 504 / 2014
main.py: Progress: 505 / 2014
main.py: Progress: 506 / 2014
main.py: Progress: 507 / 2014
main.py: Progress: 508 / 2014
main.py: Progress: 509 / 2014
main.py: Progress: 510 / 2014
main.py: Progress: 511 / 2014
main.py: Progress: 512 / 2014
main.py: Progress: 513 / 2014
main.py: Progress: 514 / 2014
main.py: Progress: 515 / 2014
main.py: Progress: 516 / 2014
main.py: Progress: 517 / 2014
main.py: Progress: 518 / 2014
main.py: Progress: 519 / 2014
main.py: Progress: 520 / 2014
main.py: Progress: 521 / 2014
main.py: Progress: 522 / 2014
main.py: Progress: 523 / 2014
main.py: Progress: 524 / 2014
main.py: Progress: 525 / 2014
main.py: Progress: 526 / 2014
main.py: Progress: 527 / 2014
main.py: Progress: 528 / 2014
main.py: Progress: 529 / 2014
main.py: Progress: 530 / 2014
main.py: Progress: 531 / 2014
main.py: Progress: 532 / 2014
main.py: Progress: 533 / 2014
main.py: Progress: 534 / 2014
main.py: Progress: 535 / 2014
main.py: Progress: 536 / 2014
main.py: Progress: 537 / 2014
main.py: Progress: 538 / 2014
main.py: Progress: 539 / 2014
main.py: Progress: 540 / 2014
main.py: Progress: 541 / 2014
main.py: Progress: 542 / 2014
main.py: Progress: 543 / 2014
main.py: Progress: 544 / 2014
main.py: Progress: 545 / 2014
main.py: Progress: 546 / 2014
main.py: Progress: 547 / 2014
main.py: Progress: 548 / 2014
main.py: Progress: 549 / 2014
main.py: Progress: 550 / 2014
main.py: Progress: 551 / 2014
main.py: Progress: 552 / 2014
main.py: Progress: 553 / 2014
main.py: Progress: 554 / 2014
main.py: Progress: 555 / 2014
main.py: Progress: 556 / 2014
main.py: Progress: 557 / 2014
main.py: Progress: 558 / 2014
main.py: Progress: 559 / 2014
main.py: Progress: 560 / 2014
main.py: Progress: 561 / 2014
main.py: Progress: 562 / 2014
main.py: Progress: 563 / 2014
main.py: Progress: 564 / 2014
main.py: Progress: 565 / 2014
main.py: Progress: 566 / 2014
main.py: Progress: 567 / 2014
main.py: Progress: 568 / 2014
main.py: Progress: 569 / 2014
main.py: Progress: 570 / 2014
main.py: Progress: 571 / 2014
main.py: Progress: 572 / 2014
main.py: Progress: 573 / 2014
main.py: Progress: 574 / 2014
main.py: Progress: 575 / 2014
main.py: Progress: 576 / 2014
main.py: Progress: 577 / 2014
main.py: Progress: 578 / 2014
main.py: Progress: 579 / 2014
main.py: Progress: 580 / 2014
main.py: Progress: 581 / 2014
main.py: Progress: 582 / 2014
main.py: Progress: 583 / 2014
main.py: Progress: 584 / 2014
main.py: Progress: 585 / 2014
main.py: Progress: 586 / 2014
main.py: Progress: 587 / 2014
main.py: Progress: 588 / 2014
main.py: Progress: 589 / 2014
main.py: Progress: 590 / 2014
main.py: Progress: 591 / 2014
main.py: Progress: 592 / 2014
main.py: Progress: 593 / 2014
main.py: Progress: 594 / 2014
main.py: Progress: 595 / 2014
main.py: Progress: 596 / 2014
main.py: Progress: 597 / 2014
main.py: Progress: 598 / 2014
main.py: Progress: 599 / 2014
main.py: Progress: 600 / 2014
main.py: Progress: 601 / 2014
main.py: Progress: 602 / 2014
main.py: Progress: 603 / 2014
main.py: Progress: 604 / 2014
main.py: Progress: 605 / 2014
main.py: Progress: 606 / 2014
main.py: Progress: 607 / 2014
main.py: Progress: 608 / 2014
main.py: Progress: 609 / 2014
main.py: Progress: 610 / 2014
main.py: Progress: 611 / 2014
main.py: Progress: 612 / 2014
main.py: Progress: 613 / 2014
main.py: Progress: 614 / 2014
main.py: Progress: 615 / 2014
main.py: Progress: 616 / 2014
main.py: Progress: 617 / 2014
main.py: Progress: 618 / 2014
main.py: Progress: 619 / 2014
main.py: Progress: 620 / 2014
main.py: Progress: 621 / 2014
main.py: Progress: 622 / 2014
main.py: Progress: 623 / 2014
main.py: Progress: 624 / 2014
main.py: Progress: 625 / 2014
main.py: Progress: 626 / 2014
main.py: Progress: 627 / 2014
main.py: Progress: 628 / 2014
main.py: Progress: 629 / 2014
main.py: Progress: 630 / 2014
main.py: Progress: 631 / 2014
main.py: Progress: 632 / 2014
main.py: Progress: 633 / 2014
main.py: Progress: 634 / 2014
main.py: Progress: 635 / 2014
main.py: Progress: 636 / 2014
main.py: Progress: 637 / 2014
main.py: Progress: 638 / 2014
main.py: Progress: 639 / 2014
main.py: Progress: 640 / 2014
main.py: Progress: 641 / 2014
main.py: Progress: 642 / 2014
main.py: Progress: 643 / 2014
main.py: Progress: 644 / 2014
main.py: Progress: 645 / 2014
main.py: Progress: 646 / 2014
main.py: Progress: 647 / 2014
main.py: Progress: 648 / 2014
main.py: Progress: 649 / 2014
main.py: Progress: 650 / 2014
main.py: Progress: 651 / 2014
main.py: Progress: 652 / 2014
main.py: Progress: 653 / 2014
main.py: Progress: 654 / 2014
main.py: Progress: 655 / 2014
main.py: Progress: 656 / 2014
main.py: Progress: 657 / 2014
main.py: Progress: 658 / 2014
main.py: Progress: 659 / 2014
main.py: Progress: 660 / 2014
main.py: Progress: 661 / 2014
main.py: Progress: 662 / 2014
main.py: Progress: 663 / 2014
main.py: Progress: 664 / 2014
main.py: Progress: 665 / 2014
main.py: Progress: 666 / 2014
main.py: Progress: 667 / 2014
main.py: Progress: 668 / 2014
main.py: Progress: 669 / 2014
main.py: Progress: 670 / 2014
main.py: Progress: 671 / 2014
main.py: Progress: 672 / 2014
main.py: Progress: 673 / 2014
main.py: Progress: 674 / 2014
main.py: Progress: 675 / 2014
main.py: Progress: 676 / 2014
main.py: Progress: 677 / 2014
main.py: Progress: 678 / 2014
main.py: Progress: 679 / 2014
main.py: Progress: 680 / 2014
main.py: Progress: 681 / 2014
main.py: Progress: 682 / 2014
main.py: Progress: 683 / 2014
main.py: Progress: 684 / 2014
main.py: Progress: 685 / 2014
main.py: Progress: 686 / 2014
main.py: Progress: 687 / 2014
main.py: Progress: 688 / 2014
main.py: Progress: 689 / 2014
main.py: Progress: 690 / 2014
main.py: Progress: 691 / 2014
main.py: Progress: 692 / 2014
main.py: Progress: 693 / 2014
main.py: Progress: 694 / 2014
main.py: Progress: 695 / 2014
main.py: Progress: 696 / 2014
main.py: Progress: 697 / 2014
main.py: Progress: 698 / 2014
main.py: Progress: 699 / 2014
main.py: Progress: 700 / 2014
main.py: Progress: 701 / 2014
main.py: Progress: 702 / 2014
main.py: Progress: 703 / 2014
main.py: Progress: 704 / 2014
main.py: Progress: 705 / 2014
main.py: Progress: 706 / 2014
main.py: Progress: 707 / 2014
main.py: Progress: 708 / 2014
main.py: Progress: 709 / 2014
main.py: Progress: 710 / 2014
main.py: Progress: 711 / 2014
main.py: Progress: 712 / 2014
main.py: Progress: 713 / 2014
main.py: Progress: 714 / 2014
main.py: Progress: 715 / 2014
main.py: Progress: 716 / 2014
main.py: Progress: 717 / 2014
main.py: Progress: 718 / 2014
main.py: Progress: 719 / 2014
main.py: Progress: 720 / 2014
main.py: Progress: 721 / 2014
main.py: Progress: 722 / 2014
main.py: Progress: 723 / 2014
main.py: Progress: 724 / 2014
main.py: Progress: 725 / 2014
main.py: Progress: 726 / 2014
main.py: Progress: 727 / 2014
main.py: Progress: 728 / 2014
main.py: Progress: 729 / 2014
main.py: Progress: 730 / 2014
main.py: Progress: 731 / 2014
main.py: Progress: 732 / 2014
main.py: Progress: 733 / 2014
main.py: Progress: 734 / 2014
main.py: Progress: 735 / 2014
main.py: Progress: 736 / 2014
main.py: Progress: 737 / 2014
main.py: Progress: 738 / 2014
main.py: Progress: 739 / 2014
main.py: Progress: 740 / 2014
main.py: Progress: 741 / 2014
main.py: Progress: 742 / 2014
main.py: Progress: 743 / 2014
main.py: Progress: 744 / 2014
main.py: Progress: 745 / 2014
main.py: Progress: 746 / 2014
main.py: Progress: 747 / 2014
main.py: Progress: 748 / 2014
main.py: Progress: 749 / 2014
main.py: Progress: 750 / 2014
main.py: Progress: 751 / 2014
main.py: Progress: 752 / 2014
main.py: Progress: 753 / 2014
main.py: Progress: 754 / 2014
main.py: Progress: 755 / 2014
main.py: Progress: 756 / 2014
main.py: Progress: 757 / 2014
main.py: Progress: 758 / 2014
main.py: Progress: 759 / 2014
main.py: Progress: 760 / 2014
main.py: Progress: 761 / 2014
main.py: Progress: 762 / 2014
main.py: Progress: 763 / 2014
main.py: Progress: 764 / 2014
main.py: Progress: 765 / 2014
main.py: Progress: 766 / 2014
main.py: Progress: 767 / 2014
main.py: Progress: 768 / 2014
main.py: Progress: 769 / 2014
main.py: Progress: 770 / 2014
main.py: Progress: 771 / 2014
main.py: Progress: 772 / 2014
main.py: Progress: 773 / 2014
main.py: Progress: 774 / 2014
main.py: Progress: 775 / 2014
main.py: Progress: 776 / 2014
main.py: Progress: 777 / 2014
main.py: Progress: 778 / 2014
main.py: Progress: 779 / 2014
main.py: Progress: 780 / 2014
main.py: Progress: 781 / 2014
main.py: Progress: 782 / 2014
main.py: Progress: 783 / 2014
main.py: Progress: 784 / 2014
main.py: Progress: 785 / 2014
main.py: Progress: 786 / 2014
main.py: Progress: 787 / 2014
main.py: Progress: 788 / 2014
main.py: Progress: 789 / 2014
main.py: Progress: 790 / 2014
main.py: Progress: 791 / 2014
main.py: Progress: 792 / 2014
main.py: Progress: 793 / 2014
main.py: Progress: 794 / 2014
main.py: Progress: 795 / 2014
main.py: Progress: 796 / 2014
main.py: Progress: 797 / 2014
main.py: Progress: 798 / 2014
main.py: Progress: 799 / 2014
main.py: Progress: 800 / 2014
main.py: Progress: 801 / 2014
main.py: Progress: 802 / 2014
main.py: Progress: 803 / 2014
main.py: Progress: 804 / 2014
main.py: Progress: 805 / 2014
main.py: Progress: 806 / 2014
main.py: Progress: 807 / 2014
main.py: Progress: 808 / 2014
main.py: Progress: 809 / 2014
main.py: Progress: 810 / 2014
main.py: Progress: 811 / 2014
main.py: Progress: 812 / 2014
main.py: Progress: 813 / 2014
main.py: Progress: 814 / 2014
main.py: Progress: 815 / 2014
main.py: Progress: 816 / 2014
main.py: Progress: 817 / 2014
main.py: Progress: 818 / 2014
main.py: Progress: 819 / 2014
main.py: Progress: 820 / 2014
main.py: Progress: 821 / 2014
main.py: Progress: 822 / 2014
main.py: Progress: 823 / 2014
main.py: Progress: 824 / 2014
main.py: Progress: 825 / 2014
main.py: Progress: 826 / 2014
main.py: Progress: 827 / 2014
main.py: Progress: 828 / 2014
main.py: Progress: 829 / 2014
main.py: Progress: 830 / 2014
main.py: Progress: 831 / 2014
main.py: Progress: 832 / 2014
main.py: Progress: 833 / 2014
main.py: Progress: 834 / 2014
main.py: Progress: 835 / 2014
main.py: Progress: 836 / 2014
main.py: Progress: 837 / 2014
main.py: Progress: 838 / 2014
main.py: Progress: 839 / 2014
main.py: Progress: 840 / 2014
main.py: Progress: 841 / 2014
main.py: Progress: 842 / 2014
main.py: Progress: 843 / 2014
main.py: Progress: 844 / 2014
main.py: Progress: 845 / 2014
main.py: Progress: 846 / 2014
main.py: Progress: 847 / 2014
main.py: Progress: 848 / 2014
main.py: Progress: 849 / 2014
main.py: Progress: 850 / 2014
main.py: Progress: 851 / 2014
main.py: Progress: 852 / 2014
main.py: Progress: 853 / 2014
main.py: Progress: 854 / 2014
main.py: Progress: 855 / 2014
main.py: Progress: 856 / 2014
main.py: Progress: 857 / 2014
main.py: Progress: 858 / 2014
main.py: Progress: 859 / 2014
main.py: Progress: 860 / 2014
main.py: Progress: 861 / 2014
main.py: Progress: 862 / 2014
main.py: Progress: 863 / 2014
main.py: Progress: 864 / 2014
main.py: Progress: 865 / 2014
main.py: Progress: 866 / 2014
main.py: Progress: 867 / 2014
main.py: Progress: 868 / 2014
main.py: Progress: 869 / 2014
main.py: Progress: 870 / 2014
main.py: Progress: 871 / 2014
main.py: Progress: 872 / 2014
main.py: Progress: 873 / 2014
main.py: Progress: 874 / 2014
main.py: Progress: 875 / 2014
main.py: Progress: 876 / 2014
main.py: Progress: 877 / 2014
main.py: Progress: 878 / 2014
main.py: Progress: 879 / 2014
main.py: Progress: 880 / 2014
main.py: Progress: 881 / 2014
main.py: Progress: 882 / 2014
main.py: Progress: 883 / 2014
main.py: Progress: 884 / 2014
main.py: Progress: 885 / 2014
main.py: Progress: 886 / 2014
main.py: Progress: 887 / 2014
main.py: Progress: 888 / 2014
main.py: Progress: 889 / 2014
main.py: Progress: 890 / 2014
main.py: Progress: 891 / 2014
main.py: Progress: 892 / 2014
main.py: Progress: 893 / 2014
main.py: Progress: 894 / 2014
main.py: Progress: 895 / 2014
main.py: Progress: 896 / 2014
main.py: Progress: 897 / 2014
main.py: Progress: 898 / 2014
main.py: Progress: 899 / 2014
main.py: Progress: 900 / 2014
main.py: Progress: 901 / 2014
main.py: Progress: 902 / 2014
main.py: Progress: 903 / 2014
main.py: Progress: 904 / 2014
main.py: Progress: 905 / 2014
main.py: Progress: 906 / 2014
main.py: Progress: 907 / 2014
main.py: Progress: 908 / 2014
main.py: Progress: 909 / 2014
main.py: Progress: 910 / 2014
main.py: Progress: 911 / 2014
main.py: Progress: 912 / 2014
main.py: Progress: 913 / 2014
main.py: Progress: 914 / 2014
main.py: Progress: 915 / 2014
main.py: Progress: 916 / 2014
main.py: Progress: 917 / 2014
main.py: Progress: 918 / 2014
main.py: Progress: 919 / 2014
main.py: Progress: 920 / 2014
main.py: Progress: 921 / 2014
main.py: Progress: 922 / 2014
main.py: Progress: 923 / 2014
main.py: Progress: 924 / 2014
main.py: Progress: 925 / 2014
main.py: Progress: 926 / 2014
main.py: Progress: 927 / 2014
main.py: Progress: 928 / 2014
main.py: Progress: 929 / 2014
main.py: Progress: 930 / 2014
main.py: Progress: 931 / 2014
main.py: Progress: 932 / 2014
main.py: Progress: 933 / 2014
main.py: Progress: 934 / 2014
main.py: Progress: 935 / 2014
main.py: Progress: 936 / 2014
main.py: Progress: 937 / 2014
main.py: Progress: 938 / 2014
main.py: Progress: 939 / 2014
main.py: Progress: 940 / 2014
main.py: Progress: 941 / 2014
main.py: Progress: 942 / 2014
main.py: Progress: 943 / 2014
main.py: Progress: 944 / 2014
main.py: Progress: 945 / 2014
main.py: Progress: 946 / 2014
main.py: Progress: 947 / 2014
main.py: Progress: 948 / 2014
main.py: Progress: 949 / 2014
main.py: Progress: 950 / 2014
main.py: Progress: 951 / 2014
main.py: Progress: 952 / 2014
main.py: Progress: 953 / 2014
main.py: Progress: 954 / 2014
main.py: Progress: 955 / 2014
main.py: Progress: 956 / 2014
main.py: Progress: 957 / 2014
main.py: Progress: 958 / 2014
main.py: Progress: 959 / 2014
main.py: Progress: 960 / 2014
main.py: Progress: 961 / 2014
main.py: Progress: 962 / 2014
main.py: Progress: 963 / 2014
main.py: Progress: 964 / 2014
main.py: Progress: 965 / 2014
main.py: Progress: 966 / 2014
main.py: Progress: 967 / 2014
main.py: Progress: 968 / 2014
main.py: Progress: 969 / 2014
main.py: Progress: 970 / 2014
main.py: Progress: 971 / 2014
main.py: Progress: 972 / 2014
main.py: Progress: 973 / 2014
main.py: Progress: 974 / 2014
main.py: Progress: 975 / 2014
main.py: Progress: 976 / 2014
main.py: Progress: 977 / 2014
main.py: Progress: 978 / 2014
main.py: Progress: 979 / 2014
main.py: Progress: 980 / 2014
main.py: Progress: 981 / 2014
main.py: Progress: 982 / 2014
main.py: Progress: 983 / 2014
main.py: Progress: 984 / 2014
main.py: Progress: 985 / 2014
main.py: Progress: 986 / 2014
main.py: Progress: 987 / 2014
main.py: Progress: 988 / 2014
main.py: Progress: 989 / 2014
main.py: Progress: 990 / 2014
main.py: Progress: 991 / 2014
main.py: Progress: 992 / 2014
main.py: Progress: 993 / 2014
main.py: Progress: 994 / 2014
main.py: Progress: 995 / 2014
main.py: Progress: 996 / 2014
main.py: Progress: 997 / 2014
main.py: Progress: 998 / 2014
main.py: Progress: 999 / 2014
main.py: Progress: 1000 / 2014
main.py: Progress: 1001 / 2014
main.py: Progress: 1002 / 2014
main.py: Progress: 1003 / 2014
main.py: Progress: 1004 / 2014
main.py: Progress: 1005 / 2014
main.py: Progress: 1006 / 2014
main.py: Progress: 1007 / 2014
main.py: Progress: 1008 / 2014
main.py: Progress: 1009 / 2014
main.py: Progress: 1010 / 2014
main.py: Progress: 1011 / 2014
main.py: Progress: 1012 / 2014
main.py: Progress: 1013 / 2014
main.py: Progress: 1014 / 2014
main.py: Progress: 1015 / 2014
main.py: Progress: 1016 / 2014
main.py: Progress: 1017 / 2014
main.py: Progress: 1018 / 2014
main.py: Progress: 1019 / 2014
main.py: Progress: 1020 / 2014
main.py: Progress: 1021 / 2014
main.py: Progress: 1022 / 2014
main.py: Progress: 1023 / 2014
main.py: Progress: 1024 / 2014
main.py: Progress: 1025 / 2014
main.py: Progress: 1026 / 2014
main.py: Progress: 1027 / 2014
main.py: Progress: 1028 / 2014
main.py: Progress: 1029 / 2014
main.py: Progress: 1030 / 2014
main.py: Progress: 1031 / 2014
main.py: Progress: 1032 / 2014
main.py: Progress: 1033 / 2014
main.py: Progress: 1034 / 2014
main.py: Progress: 1035 / 2014
main.py: Progress: 1036 / 2014
main.py: Progress: 1037 / 2014
main.py: Progress: 1038 / 2014
main.py: Progress: 1039 / 2014
main.py: Progress: 1040 / 2014
main.py: Progress: 1041 / 2014
main.py: Progress: 1042 / 2014
main.py: Progress: 1043 / 2014
main.py: Progress: 1044 / 2014
main.py: Progress: 1045 / 2014
main.py: Progress: 1046 / 2014
main.py: Progress: 1047 / 2014
main.py: Progress: 1048 / 2014
main.py: Progress: 1049 / 2014
main.py: Progress: 1050 / 2014
main.py: Progress: 1051 / 2014
main.py: Progress: 1052 / 2014
main.py: Progress: 1053 / 2014
main.py: Progress: 1054 / 2014
main.py: Progress: 1055 / 2014
main.py: Progress: 1056 / 2014
main.py: Progress: 1057 / 2014
main.py: Progress: 1058 / 2014
main.py: Progress: 1059 / 2014
main.py: Progress: 1060 / 2014
main.py: Progress: 1061 / 2014
main.py: Progress: 1062 / 2014
main.py: Progress: 1063 / 2014
main.py: Progress: 1064 / 2014
main.py: Progress: 1065 / 2014
main.py: Progress: 1066 / 2014
main.py: Progress: 1067 / 2014
main.py: Progress: 1068 / 2014
main.py: Progress: 1069 / 2014
main.py: Progress: 1070 / 2014
main.py: Progress: 1071 / 2014
main.py: Progress: 1072 / 2014
main.py: Progress: 1073 / 2014
main.py: Progress: 1074 / 2014
main.py: Progress: 1075 / 2014
main.py: Progress: 1076 / 2014
main.py: Progress: 1077 / 2014
main.py: Progress: 1078 / 2014
main.py: Progress: 1079 / 2014
main.py: Progress: 1080 / 2014
main.py: Progress: 1081 / 2014
main.py: Progress: 1082 / 2014
main.py: Progress: 1083 / 2014
main.py: Progress: 1084 / 2014
main.py: Progress: 1085 / 2014
main.py: Progress: 1086 / 2014
main.py: Progress: 1087 / 2014
main.py: Progress: 1088 / 2014
main.py: Progress: 1089 / 2014
main.py: Progress: 1090 / 2014
main.py: Progress: 1091 / 2014
main.py: Progress: 1092 / 2014
main.py: Progress: 1093 / 2014
main.py: Progress: 1094 / 2014
main.py: Progress: 1095 / 2014
main.py: Progress: 1096 / 2014
main.py: Progress: 1097 / 2014
main.py: Progress: 1098 / 2014
main.py: Progress: 1099 / 2014
main.py: Progress: 1100 / 2014
main.py: Progress: 1101 / 2014
main.py: Progress: 1102 / 2014
main.py: Progress: 1103 / 2014
main.py: Progress: 1104 / 2014
main.py: Progress: 1105 / 2014
main.py: Progress: 1106 / 2014
main.py: Progress: 1107 / 2014
main.py: Progress: 1108 / 2014
main.py: Progress: 1109 / 2014
main.py: Progress: 1110 / 2014
main.py: Progress: 1111 / 2014
main.py: Progress: 1112 / 2014
main.py: Progress: 1113 / 2014
main.py: Progress: 1114 / 2014
main.py: Progress: 1115 / 2014
main.py: Progress: 1116 / 2014
main.py: Progress: 1117 / 2014
main.py: Progress: 1118 / 2014
main.py: Progress: 1119 / 2014
main.py: Progress: 1120 / 2014
main.py: Progress: 1121 / 2014
main.py: Progress: 1122 / 2014
main.py: Progress: 1123 / 2014
main.py: Progress: 1124 / 2014
main.py: Progress: 1125 / 2014
main.py: Progress: 1126 / 2014
main.py: Progress: 1127 / 2014
main.py: Progress: 1128 / 2014
main.py: Progress: 1129 / 2014
main.py: Progress: 1130 / 2014
main.py: Progress: 1131 / 2014
main.py: Progress: 1132 / 2014
main.py: Progress: 1133 / 2014
main.py: Progress: 1134 / 2014
main.py: Progress: 1135 / 2014
main.py: Progress: 1136 / 2014
main.py: Progress: 1137 / 2014
main.py: Progress: 1138 / 2014
main.py: Progress: 1139 / 2014
main.py: Progress: 1140 / 2014
main.py: Progress: 1141 / 2014
main.py: Progress: 1142 / 2014
main.py: Progress: 1143 / 2014
main.py: Progress: 1144 / 2014
main.py: Progress: 1145 / 2014
main.py: Progress: 1146 / 2014
main.py: Progress: 1147 / 2014
main.py: Progress: 1148 / 2014
main.py: Progress: 1149 / 2014
main.py: Progress: 1150 / 2014
main.py: Progress: 1151 / 2014
main.py: Progress: 1152 / 2014
main.py: Progress: 1153 / 2014
main.py: Progress: 1154 / 2014
main.py: Progress: 1155 / 2014
main.py: Progress: 1156 / 2014
main.py: Progress: 1157 / 2014
main.py: Progress: 1158 / 2014
main.py: Progress: 1159 / 2014
main.py: Progress: 1160 / 2014
main.py: Progress: 1161 / 2014
main.py: Progress: 1162 / 2014
main.py: Progress: 1163 / 2014
main.py: Progress: 1164 / 2014
main.py: Progress: 1165 / 2014
main.py: Progress: 1166 / 2014
main.py: Progress: 1167 / 2014
main.py: Progress: 1168 / 2014
main.py: Progress: 1169 / 2014
main.py: Progress: 1170 / 2014
main.py: Progress: 1171 / 2014
main.py: Progress: 1172 / 2014
main.py: Progress: 1173 / 2014
main.py: Progress: 1174 / 2014
main.py: Progress: 1175 / 2014
main.py: Progress: 1176 / 2014
main.py: Progress: 1177 / 2014
main.py: Progress: 1178 / 2014
main.py: Progress: 1179 / 2014
main.py: Progress: 1180 / 2014
main.py: Progress: 1181 / 2014
main.py: Progress: 1182 / 2014
main.py: Progress: 1183 / 2014
main.py: Progress: 1184 / 2014
main.py: Progress: 1185 / 2014
main.py: Progress: 1186 / 2014
main.py: Progress: 1187 / 2014
main.py: Progress: 1188 / 2014
main.py: Progress: 1189 / 2014
main.py: Progress: 1190 / 2014
main.py: Progress: 1191 / 2014
main.py: Progress: 1192 / 2014
main.py: Progress: 1193 / 2014
main.py: Progress: 1194 / 2014
main.py: Progress: 1195 / 2014
main.py: Progress: 1196 / 2014
main.py: Progress: 1197 / 2014
main.py: Progress: 1198 / 2014
main.py: Progress: 1199 / 2014
main.py: Progress: 1200 / 2014
main.py: Progress: 1201 / 2014
main.py: Progress: 1202 / 2014
main.py: Progress: 1203 / 2014
main.py: Progress: 1204 / 2014
main.py: Progress: 1205 / 2014
main.py: Progress: 1206 / 2014
main.py: Progress: 1207 / 2014
main.py: Progress: 1208 / 2014
main.py: Progress: 1209 / 2014
main.py: Progress: 1210 / 2014
main.py: Progress: 1211 / 2014
main.py: Progress: 1212 / 2014
main.py: Progress: 1213 / 2014
main.py: Progress: 1214 / 2014
main.py: Progress: 1215 / 2014
main.py: Progress: 1216 / 2014
main.py: Progress: 1217 / 2014
main.py: Progress: 1218 / 2014
main.py: Progress: 1219 / 2014
main.py: Progress: 1220 / 2014
main.py: Progress: 1221 / 2014
main.py: Progress: 1222 / 2014
main.py: Progress: 1223 / 2014
main.py: Progress: 1224 / 2014
main.py: Progress: 1225 / 2014
main.py: Progress: 1226 / 2014
main.py: Progress: 1227 / 2014
main.py: Progress: 1228 / 2014
main.py: Progress: 1229 / 2014
main.py: Progress: 1230 / 2014
main.py: Progress: 1231 / 2014
main.py: Progress: 1232 / 2014
main.py: Progress: 1233 / 2014
main.py: Progress: 1234 / 2014
main.py: Progress: 1235 / 2014
main.py: Progress: 1236 / 2014
main.py: Progress: 1237 / 2014
main.py: Progress: 1238 / 2014
main.py: Progress: 1239 / 2014
main.py: Progress: 1240 / 2014
main.py: Progress: 1241 / 2014
main.py: Progress: 1242 / 2014
main.py: Progress: 1243 / 2014
main.py: Progress: 1244 / 2014
main.py: Progress: 1245 / 2014
main.py: Progress: 1246 / 2014
main.py: Progress: 1247 / 2014
main.py: Progress: 1248 / 2014
main.py: Progress: 1249 / 2014
main.py: Progress: 1250 / 2014
main.py: Progress: 1251 / 2014
main.py: Progress: 1252 / 2014
main.py: Progress: 1253 / 2014
main.py: Progress: 1254 / 2014
main.py: Progress: 1255 / 2014
main.py: Progress: 1256 / 2014
main.py: Progress: 1257 / 2014
main.py: Progress: 1258 / 2014
main.py: Progress: 1259 / 2014
main.py: Progress: 1260 / 2014
main.py: Progress: 1261 / 2014
main.py: Progress: 1262 / 2014
main.py: Progress: 1263 / 2014
main.py: Progress: 1264 / 2014
main.py: Progress: 1265 / 2014
main.py: Progress: 1266 / 2014
main.py: Progress: 1267 / 2014
main.py: Progress: 1268 / 2014
main.py: Progress: 1269 / 2014
main.py: Progress: 1270 / 2014
main.py: Progress: 1271 / 2014
main.py: Progress: 1272 / 2014
main.py: Progress: 1273 / 2014
main.py: Progress: 1274 / 2014
main.py: Progress: 1275 / 2014
main.py: Progress: 1276 / 2014
main.py: Progress: 1277 / 2014
main.py: Progress: 1278 / 2014
main.py: Progress: 1279 / 2014
main.py: Progress: 1280 / 2014
main.py: Progress: 1281 / 2014
main.py: Progress: 1282 / 2014
main.py: Progress: 1283 / 2014
main.py: Progress: 1284 / 2014
main.py: Progress: 1285 / 2014
main.py: Progress: 1286 / 2014
main.py: Progress: 1287 / 2014
main.py: Progress: 1288 / 2014
main.py: Progress: 1289 / 2014
main.py: Progress: 1290 / 2014
main.py: Progress: 1291 / 2014
main.py: Progress: 1292 / 2014
main.py: Progress: 1293 / 2014
main.py: Progress: 1294 / 2014
main.py: Progress: 1295 / 2014
main.py: Progress: 1296 / 2014
main.py: Progress: 1297 / 2014
main.py: Progress: 1298 / 2014
main.py: Progress: 1299 / 2014
main.py: Progress: 1300 / 2014
main.py: Progress: 1301 / 2014
main.py: Progress: 1302 / 2014
main.py: Progress: 1303 / 2014
main.py: Progress: 1304 / 2014
main.py: Progress: 1305 / 2014
main.py: Progress: 1306 / 2014
main.py: Progress: 1307 / 2014
main.py: Progress: 1308 / 2014
main.py: Progress: 1309 / 2014
main.py: Progress: 1310 / 2014
main.py: Progress: 1311 / 2014
main.py: Progress: 1312 / 2014
main.py: Progress: 1313 / 2014
main.py: Progress: 1314 / 2014
main.py: Progress: 1315 / 2014
main.py: Progress: 1316 / 2014
main.py: Progress: 1317 / 2014
main.py: Progress: 1318 / 2014
main.py: Progress: 1319 / 2014
main.py: Progress: 1320 / 2014
main.py: Progress: 1321 / 2014
main.py: Progress: 1322 / 2014
main.py: Progress: 1323 / 2014
main.py: Progress: 1324 / 2014
main.py: Progress: 1325 / 2014
main.py: Progress: 1326 / 2014
main.py: Progress: 1327 / 2014
main.py: Progress: 1328 / 2014
main.py: Progress: 1329 / 2014
main.py: Progress: 1330 / 2014
main.py: Progress: 1331 / 2014
main.py: Progress: 1332 / 2014
main.py: Progress: 1333 / 2014
main.py: Progress: 1334 / 2014
main.py: Progress: 1335 / 2014
main.py: Progress: 1336 / 2014
main.py: Progress: 1337 / 2014
main.py: Progress: 1338 / 2014
main.py: Progress: 1339 / 2014
main.py: Progress: 1340 / 2014
main.py: Progress: 1341 / 2014
main.py: Progress: 1342 / 2014
main.py: Progress: 1343 / 2014
main.py: Progress: 1344 / 2014
main.py: Progress: 1345 / 2014
main.py: Progress: 1346 / 2014
main.py: Progress: 1347 / 2014
main.py: Progress: 1348 / 2014
main.py: Progress: 1349 / 2014
main.py: Progress: 1350 / 2014
main.py: Progress: 1351 / 2014
main.py: Progress: 1352 / 2014
main.py: Progress: 1353 / 2014
main.py: Progress: 1354 / 2014
main.py: Progress: 1355 / 2014
main.py: Progress: 1356 / 2014
main.py: Progress: 1357 / 2014
main.py: Progress: 1358 / 2014
main.py: Progress: 1359 / 2014
main.py: Progress: 1360 / 2014
main.py: Progress: 1361 / 2014
main.py: Progress: 1362 / 2014
main.py: Progress: 1363 / 2014
main.py: Progress: 1364 / 2014
main.py: Progress: 1365 / 2014
main.py: Progress: 1366 / 2014
main.py: Progress: 1367 / 2014
main.py: Progress: 1368 / 2014
main.py: Progress: 1369 / 2014
main.py: Progress: 1370 / 2014
main.py: Progress: 1371 / 2014
main.py: Progress: 1372 / 2014
main.py: Progress: 1373 / 2014
main.py: Progress: 1374 / 2014
main.py: Progress: 1375 / 2014
main.py: Progress: 1376 / 2014
main.py: Progress: 1377 / 2014
main.py: Progress: 1378 / 2014
main.py: Progress: 1379 / 2014
main.py: Progress: 1380 / 2014
main.py: Progress: 1381 / 2014
main.py: Progress: 1382 / 2014
main.py: Progress: 1383 / 2014
main.py: Progress: 1384 / 2014
main.py: Progress: 1385 / 2014
main.py: Progress: 1386 / 2014
main.py: Progress: 1387 / 2014
main.py: Progress: 1388 / 2014
main.py: Progress: 1389 / 2014
main.py: Progress: 1390 / 2014
main.py: Progress: 1391 / 2014
main.py: Progress: 1392 / 2014
main.py: Progress: 1393 / 2014
main.py: Progress: 1394 / 2014
main.py: Progress: 1395 / 2014
main.py: Progress: 1396 / 2014
main.py: Progress: 1397 / 2014
main.py: Progress: 1398 / 2014
main.py: Progress: 1399 / 2014
main.py: Progress: 1400 / 2014
main.py: Progress: 1401 / 2014
main.py: Progress: 1402 / 2014
main.py: Progress: 1403 / 2014
main.py: Progress: 1404 / 2014
main.py: Progress: 1405 / 2014
main.py: Progress: 1406 / 2014
main.py: Progress: 1407 / 2014
main.py: Progress: 1408 / 2014
main.py: Progress: 1409 / 2014
main.py: Progress: 1410 / 2014
main.py: Progress: 1411 / 2014
main.py: Progress: 1412 / 2014
main.py: Progress: 1413 / 2014
main.py: Progress: 1414 / 2014
main.py: Progress: 1415 / 2014
main.py: Progress: 1416 / 2014
main.py: Progress: 1417 / 2014
main.py: Progress: 1418 / 2014
main.py: Progress: 1419 / 2014
main.py: Progress: 1420 / 2014
main.py: Progress: 1421 / 2014
main.py: Progress: 1422 / 2014
main.py: Progress: 1423 / 2014
main.py: Progress: 1424 / 2014
main.py: Progress: 1425 / 2014
main.py: Progress: 1426 / 2014
main.py: Progress: 1427 / 2014
main.py: Progress: 1428 / 2014
main.py: Progress: 1429 / 2014
main.py: Progress: 1430 / 2014
main.py: Progress: 1431 / 2014
main.py: Progress: 1432 / 2014
main.py: Progress: 1433 / 2014
main.py: Progress: 1434 / 2014
main.py: Progress: 1435 / 2014
main.py: Progress: 1436 / 2014
main.py: Progress: 1437 / 2014
main.py: Progress: 1438 / 2014
main.py: Progress: 1439 / 2014
main.py: Progress: 1440 / 2014
main.py: Progress: 1441 / 2014
main.py: Progress: 1442 / 2014
main.py: Progress: 1443 / 2014
main.py: Progress: 1444 / 2014
main.py: Progress: 1445 / 2014
main.py: Progress: 1446 / 2014
main.py: Progress: 1447 / 2014
main.py: Progress: 1448 / 2014
main.py: Progress: 1449 / 2014
main.py: Progress: 1450 / 2014
main.py: Progress: 1451 / 2014
main.py: Progress: 1452 / 2014
main.py: Progress: 1453 / 2014
main.py: Progress: 1454 / 2014
main.py: Progress: 1455 / 2014
main.py: Progress: 1456 / 2014
main.py: Progress: 1457 / 2014
main.py: Progress: 1458 / 2014
main.py: Progress: 1459 / 2014
main.py: Progress: 1460 / 2014
main.py: Progress: 1461 / 2014
main.py: Progress: 1462 / 2014
main.py: Progress: 1463 / 2014
main.py: Progress: 1464 / 2014
main.py: Progress: 1465 / 2014
main.py: Progress: 1466 / 2014
main.py: Progress: 1467 / 2014
main.py: Progress: 1468 / 2014
main.py: Progress: 1469 / 2014
main.py: Progress: 1470 / 2014
main.py: Progress: 1471 / 2014
main.py: Progress: 1472 / 2014
main.py: Progress: 1473 / 2014
main.py: Progress: 1474 / 2014
main.py: Progress: 1475 / 2014
main.py: Progress: 1476 / 2014
main.py: Progress: 1477 / 2014
main.py: Progress: 1478 / 2014
main.py: Progress: 1479 / 2014
main.py: Progress: 1480 / 2014
main.py: Progress: 1481 / 2014
main.py: Progress: 1482 / 2014
main.py: Progress: 1483 / 2014
main.py: Progress: 1484 / 2014
main.py: Progress: 1485 / 2014
main.py: Progress: 1486 / 2014
main.py: Progress: 1487 / 2014
main.py: Progress: 1488 / 2014
main.py: Progress: 1489 / 2014
main.py: Progress: 1490 / 2014
main.py: Progress: 1491 / 2014
main.py: Progress: 1492 / 2014
main.py: Progress: 1493 / 2014
main.py: Progress: 1494 / 2014
main.py: Progress: 1495 / 2014
main.py: Progress: 1496 / 2014
main.py: Progress: 1497 / 2014
main.py: Progress: 1498 / 2014
main.py: Progress: 1499 / 2014
main.py: Progress: 1500 / 2014
main.py: Progress: 1501 / 2014
main.py: Progress: 1502 / 2014
main.py: Progress: 1503 / 2014
main.py: Progress: 1504 / 2014
main.py: Progress: 1505 / 2014
main.py: Progress: 1506 / 2014
main.py: Progress: 1507 / 2014
main.py: Progress: 1508 / 2014
main.py: Progress: 1509 / 2014
main.py: Progress: 1510 / 2014
main.py: Progress: 1511 / 2014
main.py: Progress: 1512 / 2014
main.py: Progress: 1513 / 2014
main.py: Progress: 1514 / 2014
main.py: Progress: 1515 / 2014
main.py: Progress: 1516 / 2014
main.py: Progress: 1517 / 2014
main.py: Progress: 1518 / 2014
main.py: Progress: 1519 / 2014
main.py: Progress: 1520 / 2014
main.py: Progress: 1521 / 2014
main.py: Progress: 1522 / 2014
main.py: Progress: 1523 / 2014
main.py: Progress: 1524 / 2014
main.py: Progress: 1525 / 2014
main.py: Progress: 1526 / 2014
main.py: Progress: 1527 / 2014
main.py: Progress: 1528 / 2014
main.py: Progress: 1529 / 2014
main.py: Progress: 1530 / 2014
main.py: Progress: 1531 / 2014
main.py: Progress: 1532 / 2014
main.py: Progress: 1533 / 2014
main.py: Progress: 1534 / 2014
main.py: Progress: 1535 / 2014
main.py: Progress: 1536 / 2014
main.py: Progress: 1537 / 2014
main.py: Progress: 1538 / 2014
main.py: Progress: 1539 / 2014
main.py: Progress: 1540 / 2014
main.py: Progress: 1541 / 2014
main.py: Progress: 1542 / 2014
main.py: Progress: 1543 / 2014
main.py: Progress: 1544 / 2014
main.py: Progress: 1545 / 2014
main.py: Progress: 1546 / 2014
main.py: Progress: 1547 / 2014
main.py: Progress: 1548 / 2014
main.py: Progress: 1549 / 2014
main.py: Progress: 1550 / 2014
main.py: Progress: 1551 / 2014
main.py: Progress: 1552 / 2014
main.py: Progress: 1553 / 2014
main.py: Progress: 1554 / 2014
main.py: Progress: 1555 / 2014
main.py: Progress: 1556 / 2014
main.py: Progress: 1557 / 2014
main.py: Progress: 1558 / 2014
main.py: Progress: 1559 / 2014
main.py: Progress: 1560 / 2014
main.py: Progress: 1561 / 2014
main.py: Progress: 1562 / 2014
main.py: Progress: 1563 / 2014
main.py: Progress: 1564 / 2014
main.py: Progress: 1565 / 2014
main.py: Progress: 1566 / 2014
main.py: Progress: 1567 / 2014
main.py: Progress: 1568 / 2014
main.py: Progress: 1569 / 2014
main.py: Progress: 1570 / 2014
main.py: Progress: 1571 / 2014
main.py: Progress: 1572 / 2014
main.py: Progress: 1573 / 2014
main.py: Progress: 1574 / 2014
main.py: Progress: 1575 / 2014
main.py: Progress: 1576 / 2014
main.py: Progress: 1577 / 2014
main.py: Progress: 1578 / 2014
main.py: Progress: 1579 / 2014
main.py: Progress: 1580 / 2014
main.py: Progress: 1581 / 2014
main.py: Progress: 1582 / 2014
main.py: Progress: 1583 / 2014
main.py: Progress: 1584 / 2014
main.py: Progress: 1585 / 2014
main.py: Progress: 1586 / 2014
main.py: Progress: 1587 / 2014
main.py: Progress: 1588 / 2014
main.py: Progress: 1589 / 2014
main.py: Progress: 1590 / 2014
main.py: Progress: 1591 / 2014
main.py: Progress: 1592 / 2014
main.py: Progress: 1593 / 2014
main.py: Progress: 1594 / 2014
main.py: Progress: 1595 / 2014
main.py: Progress: 1596 / 2014
main.py: Progress: 1597 / 2014
main.py: Progress: 1598 / 2014
main.py: Progress: 1599 / 2014
main.py: Progress: 1600 / 2014
main.py: Progress: 1601 / 2014
main.py: Progress: 1602 / 2014
main.py: Progress: 1603 / 2014
main.py: Progress: 1604 / 2014
main.py: Progress: 1605 / 2014
main.py: Progress: 1606 / 2014
main.py: Progress: 1607 / 2014
main.py: Progress: 1608 / 2014
main.py: Progress: 1609 / 2014
main.py: Progress: 1610 / 2014
main.py: Progress: 1611 / 2014
main.py: Progress: 1612 / 2014
main.py: Progress: 1613 / 2014
main.py: Progress: 1614 / 2014
main.py: Progress: 1615 / 2014
main.py: Progress: 1616 / 2014
main.py: Progress: 1617 / 2014
main.py: Progress: 1618 / 2014
main.py: Progress: 1619 / 2014
main.py: Progress: 1620 / 2014
main.py: Progress: 1621 / 2014
main.py: Progress: 1622 / 2014
main.py: Progress: 1623 / 2014
main.py: Progress: 1624 / 2014
main.py: Progress: 1625 / 2014
main.py: Progress: 1626 / 2014
main.py: Progress: 1627 / 2014
main.py: Progress: 1628 / 2014
main.py: Progress: 1629 / 2014
main.py: Progress: 1630 / 2014
main.py: Progress: 1631 / 2014
main.py: Progress: 1632 / 2014
main.py: Progress: 1633 / 2014
main.py: Progress: 1634 / 2014
main.py: Progress: 1635 / 2014
main.py: Progress: 1636 / 2014
main.py: Progress: 1637 / 2014
main.py: Progress: 1638 / 2014
main.py: Progress: 1639 / 2014
main.py: Progress: 1640 / 2014
main.py: Progress: 1641 / 2014
main.py: Progress: 1642 / 2014
main.py: Progress: 1643 / 2014
main.py: Progress: 1644 / 2014
main.py: Progress: 1645 / 2014
main.py: Progress: 1646 / 2014
main.py: Progress: 1647 / 2014
main.py: Progress: 1648 / 2014
main.py: Progress: 1649 / 2014
main.py: Progress: 1650 / 2014
main.py: Progress: 1651 / 2014
main.py: Progress: 1652 / 2014
main.py: Progress: 1653 / 2014
main.py: Progress: 1654 / 2014
main.py: Progress: 1655 / 2014
main.py: Progress: 1656 / 2014
main.py: Progress: 1657 / 2014
main.py: Progress: 1658 / 2014
main.py: Progress: 1659 / 2014
main.py: Progress: 1660 / 2014
main.py: Progress: 1661 / 2014
main.py: Progress: 1662 / 2014
main.py: Progress: 1663 / 2014
main.py: Progress: 1664 / 2014
main.py: Progress: 1665 / 2014
main.py: Progress: 1666 / 2014
main.py: Progress: 1667 / 2014
main.py: Progress: 1668 / 2014
main.py: Progress: 1669 / 2014
main.py: Progress: 1670 / 2014
main.py: Progress: 1671 / 2014
main.py: Progress: 1672 / 2014
main.py: Progress: 1673 / 2014
main.py: Progress: 1674 / 2014
main.py: Progress: 1675 / 2014
main.py: Progress: 1676 / 2014
main.py: Progress: 1677 / 2014
main.py: Progress: 1678 / 2014
main.py: Progress: 1679 / 2014
main.py: Progress: 1680 / 2014
main.py: Progress: 1681 / 2014
main.py: Progress: 1682 / 2014
main.py: Progress: 1683 / 2014
main.py: Progress: 1684 / 2014
main.py: Progress: 1685 / 2014
main.py: Progress: 1686 / 2014
main.py: Progress: 1687 / 2014
main.py: Progress: 1688 / 2014
main.py: Progress: 1689 / 2014
main.py: Progress: 1690 / 2014
main.py: Progress: 1691 / 2014
main.py: Progress: 1692 / 2014
main.py: Progress: 1693 / 2014
main.py: Progress: 1694 / 2014
main.py: Progress: 1695 / 2014
main.py: Progress: 1696 / 2014
main.py: Progress: 1697 / 2014
main.py: Progress: 1698 / 2014
main.py: Progress: 1699 / 2014
main.py: Progress: 1700 / 2014
main.py: Progress: 1701 / 2014
main.py: Progress: 1702 / 2014
main.py: Progress: 1703 / 2014
main.py: Progress: 1704 / 2014
main.py: Progress: 1705 / 2014
main.py: Progress: 1706 / 2014
main.py: Progress: 1707 / 2014
main.py: Progress: 1708 / 2014
main.py: Progress: 1709 / 2014
main.py: Progress: 1710 / 2014
main.py: Progress: 1711 / 2014
main.py: Progress: 1712 / 2014
main.py: Progress: 1713 / 2014
main.py: Progress: 1714 / 2014
main.py: Progress: 1715 / 2014
main.py: Progress: 1716 / 2014
main.py: Progress: 1717 / 2014
main.py: Progress: 1718 / 2014
main.py: Progress: 1719 / 2014
main.py: Progress: 1720 / 2014
main.py: Progress: 1721 / 2014
main.py: Progress: 1722 / 2014
main.py: Progress: 1723 / 2014
main.py: Progress: 1724 / 2014
main.py: Progress: 1725 / 2014
main.py: Progress: 1726 / 2014
main.py: Progress: 1727 / 2014
main.py: Progress: 1728 / 2014
main.py: Progress: 1729 / 2014
main.py: Progress: 1730 / 2014
main.py: Progress: 1731 / 2014
main.py: Progress: 1732 / 2014
main.py: Progress: 1733 / 2014
main.py: Progress: 1734 / 2014
main.py: Progress: 1735 / 2014
main.py: Progress: 1736 / 2014
main.py: Progress: 1737 / 2014
main.py: Progress: 1738 / 2014
main.py: Progress: 1739 / 2014
main.py: Progress: 1740 / 2014
main.py: Progress: 1741 / 2014
main.py: Progress: 1742 / 2014
main.py: Progress: 1743 / 2014
main.py: Progress: 1744 / 2014
main.py: Progress: 1745 / 2014
main.py: Progress: 1746 / 2014
main.py: Progress: 1747 / 2014
main.py: Progress: 1748 / 2014
main.py: Progress: 1749 / 2014
main.py: Progress: 1750 / 2014
main.py: Progress: 1751 / 2014
main.py: Progress: 1752 / 2014
main.py: Progress: 1753 / 2014
main.py: Progress: 1754 / 2014
main.py: Progress: 1755 / 2014
main.py: Progress: 1756 / 2014
main.py: Progress: 1757 / 2014
main.py: Progress: 1758 / 2014
main.py: Progress: 1759 / 2014
main.py: Progress: 1760 / 2014
main.py: Progress: 1761 / 2014
main.py: Progress: 1762 / 2014
main.py: Progress: 1763 / 2014
main.py: Progress: 1764 / 2014
main.py: Progress: 1765 / 2014
main.py: Progress: 1766 / 2014
main.py: Progress: 1767 / 2014
main.py: Progress: 1768 / 2014
main.py: Progress: 1769 / 2014
main.py: Progress: 1770 / 2014
main.py: Progress: 1771 / 2014
main.py: Progress: 1772 / 2014
main.py: Progress: 1773 / 2014
main.py: Progress: 1774 / 2014
main.py: Progress: 1775 / 2014
main.py: Progress: 1776 / 2014
main.py: Progress: 1777 / 2014
main.py: Progress: 1778 / 2014
main.py: Progress: 1779 / 2014
main.py: Progress: 1780 / 2014
main.py: Progress: 1781 / 2014
main.py: Progress: 1782 / 2014
main.py: Progress: 1783 / 2014
main.py: Progress: 1784 / 2014
main.py: Progress: 1785 / 2014
main.py: Progress: 1786 / 2014
main.py: Progress: 1787 / 2014
main.py: Progress: 1788 / 2014
main.py: Progress: 1789 / 2014
main.py: Progress: 1790 / 2014
main.py: Progress: 1791 / 2014
main.py: Progress: 1792 / 2014
main.py: Progress: 1793 / 2014
main.py: Progress: 1794 / 2014
main.py: Progress: 1795 / 2014
main.py: Progress: 1796 / 2014
main.py: Progress: 1797 / 2014
main.py: Progress: 1798 / 2014
main.py: Progress: 1799 / 2014
main.py: Progress: 1800 / 2014
main.py: Progress: 1801 / 2014
main.py: Progress: 1802 / 2014
main.py: Progress: 1803 / 2014
main.py: Progress: 1804 / 2014
main.py: Progress: 1805 / 2014
main.py: Progress: 1806 / 2014
main.py: Progress: 1807 / 2014
main.py: Progress: 1808 / 2014
main.py: Progress: 1809 / 2014
main.py: Progress: 1810 / 2014
main.py: Progress: 1811 / 2014
main.py: Progress: 1812 / 2014
main.py: Progress: 1813 / 2014
main.py: Progress: 1814 / 2014
main.py: Progress: 1815 / 2014
main.py: Progress: 1816 / 2014
main.py: Progress: 1817 / 2014
main.py: Progress: 1818 / 2014
main.py: Progress: 1819 / 2014
main.py: Progress: 1820 / 2014
main.py: Progress: 1821 / 2014
main.py: Progress: 1822 / 2014
main.py: Progress: 1823 / 2014
main.py: Progress: 1824 / 2014
main.py: Progress: 1825 / 2014
main.py: Progress: 1826 / 2014
main.py: Progress: 1827 / 2014
main.py: Progress: 1828 / 2014
main.py: Progress: 1829 / 2014
main.py: Progress: 1830 / 2014
main.py: Progress: 1831 / 2014
main.py: Progress: 1832 / 2014
main.py: Progress: 1833 / 2014
main.py: Progress: 1834 / 2014
main.py: Progress: 1835 / 2014
main.py: Progress: 1836 / 2014
main.py: Progress: 1837 / 2014
main.py: Progress: 1838 / 2014
main.py: Progress: 1839 / 2014
main.py: Progress: 1840 / 2014
main.py: Progress: 1841 / 2014
main.py: Progress: 1842 / 2014
main.py: Progress: 1843 / 2014
main.py: Progress: 1844 / 2014
main.py: Progress: 1845 / 2014
main.py: Progress: 1846 / 2014
main.py: Progress: 1847 / 2014
main.py: Progress: 1848 / 2014
main.py: Progress: 1849 / 2014
main.py: Progress: 1850 / 2014
main.py: Progress: 1851 / 2014
main.py: Progress: 1852 / 2014
main.py: Progress: 1853 / 2014
main.py: Progress: 1854 / 2014
main.py: Progress: 1855 / 2014
main.py: Progress: 1856 / 2014
main.py: Progress: 1857 / 2014
main.py: Progress: 1858 / 2014
main.py: Progress: 1859 / 2014
main.py: Progress: 1860 / 2014
main.py: Progress: 1861 / 2014
main.py: Progress: 1862 / 2014
main.py: Progress: 1863 / 2014
main.py: Progress: 1864 / 2014
main.py: Progress: 1865 / 2014
main.py: Progress: 1866 / 2014
main.py: Progress: 1867 / 2014
main.py: Progress: 1868 / 2014
main.py: Progress: 1869 / 2014
main.py: Progress: 1870 / 2014
main.py: Progress: 1871 / 2014
main.py: Progress: 1872 / 2014
main.py: Progress: 1873 / 2014
main.py: Progress: 1874 / 2014
main.py: Progress: 1875 / 2014
main.py: Progress: 1876 / 2014
main.py: Progress: 1877 / 2014
main.py: Progress: 1878 / 2014
main.py: Progress: 1879 / 2014
main.py: Progress: 1880 / 2014
main.py: Progress: 1881 / 2014
main.py: Progress: 1882 / 2014
main.py: Progress: 1883 / 2014
main.py: Progress: 1884 / 2014
main.py: Progress: 1885 / 2014
main.py: Progress: 1886 / 2014
main.py: Progress: 1887 / 2014
main.py: Progress: 1888 / 2014
main.py: Progress: 1889 / 2014
main.py: Progress: 1890 / 2014
main.py: Progress: 1891 / 2014
main.py: Progress: 1892 / 2014
main.py: Progress: 1893 / 2014
main.py: Progress: 1894 / 2014
main.py: Progress: 1895 / 2014
main.py: Progress: 1896 / 2014
main.py: Progress: 1897 / 2014
main.py: Progress: 1898 / 2014
main.py: Progress: 1899 / 2014
main.py: Progress: 1900 / 2014
main.py: Progress: 1901 / 2014
main.py: Progress: 1902 / 2014
main.py: Progress: 1903 / 2014
main.py: Progress: 1904 / 2014
main.py: Progress: 1905 / 2014
main.py: Progress: 1906 / 2014
main.py: Progress: 1907 / 2014
main.py: Progress: 1908 / 2014
main.py: Progress: 1909 / 2014
main.py: Progress: 1910 / 2014
main.py: Progress: 1911 / 2014
main.py: Progress: 1912 / 2014
main.py: Progress: 1913 / 2014
main.py: Progress: 1914 / 2014
main.py: Progress: 1915 / 2014
main.py: Progress: 1916 / 2014
main.py: Progress: 1917 / 2014
main.py: Progress: 1918 / 2014
main.py: Progress: 1919 / 2014
main.py: Progress: 1920 / 2014
main.py: Progress: 1921 / 2014
main.py: Progress: 1922 / 2014
main.py: Progress: 1923 / 2014
main.py: Progress: 1924 / 2014
main.py: Progress: 1925 / 2014
main.py: Progress: 1926 / 2014
main.py: Progress: 1927 / 2014
main.py: Progress: 1928 / 2014
main.py: Progress: 1929 / 2014
main.py: Progress: 1930 / 2014
main.py: Progress: 1931 / 2014
main.py: Progress: 1932 / 2014
main.py: Progress: 1933 / 2014
main.py: Progress: 1934 / 2014
main.py: Progress: 1935 / 2014
main.py: Progress: 1936 / 2014
main.py: Progress: 1937 / 2014
main.py: Progress: 1938 / 2014
main.py: Progress: 1939 / 2014
main.py: Progress: 1940 / 2014
main.py: Progress: 1941 / 2014
main.py: Progress: 1942 / 2014
main.py: Progress: 1943 / 2014
main.py: Progress: 1944 / 2014
main.py: Progress: 1945 / 2014
main.py: Progress: 1946 / 2014
main.py: Progress: 1947 / 2014
main.py: Progress: 1948 / 2014
main.py: Progress: 1949 / 2014
main.py: Progress: 1950 / 2014
main.py: Progress: 1951 / 2014
main.py: Progress: 1952 / 2014
main.py: Progress: 1953 / 2014
main.py: Progress: 1954 / 2014
main.py: Progress: 1955 / 2014
main.py: Progress: 1956 / 2014
main.py: Progress: 1957 / 2014
main.py: Progress: 1958 / 2014
main.py: Progress: 1959 / 2014
main.py: Progress: 1960 / 2014
main.py: Progress: 1961 / 2014
main.py: Progress: 1962 / 2014
main.py: Progress: 1963 / 2014
main.py: Progress: 1964 / 2014
main.py: Progress: 1965 / 2014
main.py: Progress: 1966 / 2014
main.py: Progress: 1967 / 2014
main.py: Progress: 1968 / 2014
main.py: Progress: 1969 / 2014
main.py: Progress: 1970 / 2014
main.py: Progress: 1971 / 2014
main.py: Progress: 1972 / 2014
main.py: Progress: 1973 / 2014
main.py: Progress: 1974 / 2014
main.py: Progress: 1975 / 2014
main.py: Progress: 1976 / 2014
main.py: Progress: 1977 / 2014
main.py: Progress: 1978 / 2014
main.py: Progress: 1979 / 2014
main.py: Progress: 1980 / 2014
main.py: Progress: 1981 / 2014
main.py: Progress: 1982 / 2014
main.py: Progress: 1983 / 2014
main.py: Progress: 1984 / 2014
main.py: Progress: 1985 / 2014
main.py: Progress: 1986 / 2014
main.py: Progress: 1987 / 2014
main.py: Progress: 1988 / 2014
main.py: Progress: 1989 / 2014
main.py: Progress: 1990 / 2014
main.py: Progress: 1991 / 2014
main.py: Progress: 1992 / 2014
main.py: Progress: 1993 / 2014
main.py: Progress: 1994 / 2014
main.py: Progress: 1995 / 2014
main.py: Progress: 1996 / 2014
main.py: Progress: 1997 / 2014
main.py: Progress: 1998 / 2014
main.py: Progress: 1999 / 2014
time 2000 ( all targets found and t>1000s) and set up src_dst pairs = [([0, 8], (-1, -1))]
Route initialization:  {0: {'Route': [0, 8], 'MCS_Index': [2], 'Priority': 1, 'ValidRoute': False, 'HQRoute': False, 'RouteNodeDensity': [None, None], 'InterferingLinks': 0, 'Target': (-1, -1)}}
node.py: Inside packet generation function at node: Node0. Curr time: 2000.000000, Packet inter arrival time: 0.005467
Called Update: UpdateRouteCalls = 0, force = False
Called Update: UpdateRouteCalls = 1, force = False
Called Update: UpdateRouteCalls = 2, force = False
Called Update: UpdateRouteCalls = 3, force = False
Called Update: UpdateRouteCalls = 4, force = False
Called Update: UpdateRouteCalls = 5, force = False
Called Update: UpdateRouteCalls = 6, force = False
Called Update: UpdateRouteCalls = 7, force = False
Called Update: UpdateRouteCalls = 8, force = False
Called Update: UpdateRouteCalls = 9, force = False
Called Update: UpdateRouteCalls = 10, force = False
Called Update: UpdateRouteCalls = 11, force = False
Called Update: UpdateRouteCalls = 12, force = False
Called Update: UpdateRouteCalls = 13, force = False
Called Update: UpdateRouteCalls = 14, force = False
Called Update: UpdateRouteCalls = 15, force = False
Called Update: UpdateRouteCalls = 16, force = False
Called Update: UpdateRouteCalls = 17, force = False
!! UPDATING !!
routeNo, updatedMCSIndex =  0 [2]
Path | HC | IL | Max Data Rate Supported | HQ Path | Tangled Path | Cost
------------------------------
[0, 1, 2, 3, 4, 5, 6, 7, 8] | 8 | 16 | 11 | True | False | 0.8846153846153846
Found Route:
 {'Path': [0, 1, 2, 3, 4, 5, 6, 7, 8], 'HC': 8, 'IL': 16, 'Max Data Rate Supported': 11, 'HQ Path': np.True_, 'Tangled Path': False, 'Cost': 0.8846153846153846}
Called Update: UpdateRouteCalls = 0, force = True
!! UPDATING !!
routeNo, updatedMCSIndex =  0 [2, 2, 2, 2, 2, 2, 2, 2]

rf.py: Time: 2000 Route details: {0: {'Route': [0, 1, 2, 3, 4, 5, 6, 7, 8], 'MCS_Index': [2, 2, 2, 2, 2, 2, 2, 2], 'Priority': 1, 'ValidRoute': True, 'HQRoute': np.True_, 'RouteNodeDensity': [0, 0, 0, 0, 0, 2, 0, 0, 0], 'InterferingLinks': 16, 'Target': (-1, -1)}}
main.py: Progress: 2000 / 2014
Node.py: (Node0)@2000400000000.0: Updated MCS from 2 to 1, hist=deque([1.0], maxlen=5), packets_serviced=73, packets_received=73
Called Update: UpdateRouteCalls = 0, force = False
Node.py: (Node1)@2000400000000.0: Updated MCS from 2 to 1, hist=deque([1.0], maxlen=5), packets_serviced=71, packets_received=71
Called Update: UpdateRouteCalls = 1, force = False
Node.py: (Node2)@2000400000000.0: Updated MCS from 2 to 1, hist=deque([1.0], maxlen=5), packets_serviced=68, packets_received=68
Called Update: UpdateRouteCalls = 2, force = False
Node.py: (Node3)@2000400000000.0: Updated MCS from 2 to 1, hist=deque([1.0], maxlen=5), packets_serviced=65, packets_received=65
Called Update: UpdateRouteCalls = 3, force = False
Node.py: (Node4)@2000400000000.0: Updated MCS from 2 to 1, hist=deque([0.04838709677419355], maxlen=5), packets_serviced=3, packets_received=62
Called Update: UpdateRouteCalls = 4, force = False
Called Update: UpdateRouteCalls = 5, force = False
Called Update: UpdateRouteCalls = 6, force = False
Called Update: UpdateRouteCalls = 7, force = False
Called Update: UpdateRouteCalls = 8, force = False
Called Update: UpdateRouteCalls = 9, force = False
Called Update: UpdateRouteCalls = 10, force = False
Called Update: UpdateRouteCalls = 11, force = False
Called Update: UpdateRouteCalls = 12, force = False
Called Update: UpdateRouteCalls = 13, force = False
Called Update: UpdateRouteCalls = 14, force = False
Called Update: UpdateRouteCalls = 15, force = False
Called Update: UpdateRouteCalls = 16, force = False
Called Update: UpdateRouteCalls = 17, force = False
!! UPDATING !!
routeNo, updatedMCSIndex =  0 [1, 1, 1, 1, 1, 2, 2, 2]
Node.py: (Node0)@2000800000000.0: Updated MCS from 1 to 1, hist=deque([1.0, 0.8904109589041096], maxlen=5), packets_serviced=65, packets_received=73
Called Update: UpdateRouteCalls = 0, force = False
Node.py: (Node1)@2000800000000.0: Updated MCS from 1 to 1, hist=deque([1.0, 0.03954802259887006], maxlen=5), packets_serviced=7, packets_received=177
Called Update: UpdateRouteCalls = 1, force = False
Node.py: (Node2)@2000800000000.0: Updated MCS from 1 to 1, hist=deque([1.0, 0.5], maxlen=5), packets_serviced=6, packets_received=12
Called Update: UpdateRouteCalls = 2, force = False
Node.py: (Node3)@2000800000000.0: Updated MCS from 1 to 1, hist=deque([1.0, 0.3333333333333333], maxlen=5), packets_serviced=5, packets_received=15
Called Update: UpdateRouteCalls = 3, force = False
Node.py: (Node4)@2000800000000.0: Updated MCS from 1 to 0, hist=deque([0.04838709677419355, 6.4], maxlen=5), packets_serviced=64, packets_received=10
Called Update: UpdateRouteCalls = 4, force = False
Node.py: (Node5)@2000800000000.0: Updated MCS from 2 to 1, hist=deque([0.2909090909090909], maxlen=5), packets_serviced=64, packets_received=220
Called Update: UpdateRouteCalls = 5, force = False
Node.py: (Node6)@2000800000000.0: Updated MCS from 2 to 1, hist=deque([0.04838709677419355], maxlen=5), packets_serviced=3, packets_received=62
Called Update: UpdateRouteCalls = 6, force = False
Called Update: UpdateRouteCalls = 7, force = False
Called Update: UpdateRouteCalls = 8, force = False
Called Update: UpdateRouteCalls = 9, force = False
Called Update: UpdateRouteCalls = 10, force = False
Called Update: UpdateRouteCalls = 11, force = False
Called Update: UpdateRouteCalls = 12, force = False
Called Update: UpdateRouteCalls = 13, force = False
Called Update: UpdateRouteCalls = 14, force = False
Called Update: UpdateRouteCalls = 15, force = False
Called Update: UpdateRouteCalls = 16, force = False
Called Update: UpdateRouteCalls = 17, force = False
!! UPDATING !!
routeNo, updatedMCSIndex =  0 [1, 1, 1, 1, 0, 1, 1, 2]
main.py: Progress: 2001 / 2014
Called Update: UpdateRouteCalls = 0, force = True
!! UPDATING !!
routeNo, updatedMCSIndex =  0 [1, 1, 1, 1, 0, 1, 1, 2]

rf.py: Time: 2001 Route details: {0: {'Route': [0, 1, 2, 3, 4, 5, 6, 7, 8], 'MCS_Index': [1, 1, 1, 1, 0, 1, 1, 2], 'Priority': 1, 'ValidRoute': True, 'HQRoute': True, 'RouteNodeDensity': [0, 0, 0, 0, 0, 2, 0, 0, 0], 'InterferingLinks': 16, 'Target': (-1, -1)}}
Node.py: (Node0)@2001200000000.0: Updated MCS from 1 to 1, hist=deque([1.0, 0.8904109589041096, 0.8356164383561644], maxlen=5), packets_serviced=61, packets_received=73
Called Update: UpdateRouteCalls = 0, force = False
Node.py: (Node1)@2001200000000.0: Updated MCS from 1 to 1, hist=deque([1.0, 0.03954802259887006, 0.0], maxlen=5), packets_serviced=0, packets_received=289
Called Update: UpdateRouteCalls = 1, force = False
Node.py: (Node2)@2001200000000.0: Updated MCS from 1 to 1, hist=deque([1.0, 0.5, 0.0], maxlen=5), packets_serviced=0, packets_received=5
Called Update: UpdateRouteCalls = 2, force = False
Called Update: UpdateRouteCalls = 3, force = False
Called Update: UpdateRouteCalls = 4, force = False
Node.py: (Node5)@2001200000000.0: Updated MCS from 1 to 1, hist=deque([0.2909090909090909, 0.0], maxlen=5), packets_serviced=0, packets_received=130
Called Update: UpdateRouteCalls = 5, force = False
Called Update: UpdateRouteCalls = 6, force = False
Called Update: UpdateRouteCalls = 7, force = False
Called Update: UpdateRouteCalls = 8, force = False
Called Update: UpdateRouteCalls = 9, force = False
Called Update: UpdateRouteCalls = 10, force = False
Called Update: UpdateRouteCalls = 11, force = False
Called Update: UpdateRouteCalls = 12, force = False
Called Update: UpdateRouteCalls = 13, force = False
Called Update: UpdateRouteCalls = 14, force = False
Called Update: UpdateRouteCalls = 15, force = False
Called Update: UpdateRouteCalls = 16, force = False
Called Update: UpdateRouteCalls = 17, force = False
!! UPDATING !!
routeNo, updatedMCSIndex =  0 [1, 1, 1, 1, 0, 1, 1, 2]
Node.py: (Node0)@2001600000000.0: Updated MCS from 1 to 1, hist=deque([1.0, 0.8904109589041096, 0.8356164383561644, 0.0136986301369863], maxlen=5), packets_serviced=1, packets_received=73
Called Update: UpdateRouteCalls = 0, force = False
Node.py: (Node1)@2001600000000.0: Updated MCS from 1 to 1, hist=deque([1.0, 0.03954802259887006, 0.0, 0.0], maxlen=5), packets_serviced=0, packets_received=131
Called Update: UpdateRouteCalls = 1, force = False
Called Update: UpdateRouteCalls = 2, force = False
Called Update: UpdateRouteCalls = 3, force = False
Called Update: UpdateRouteCalls = 4, force = False
Node.py: (Node5)@2001600000000.0: Updated MCS from 1 to 1, hist=deque([0.2909090909090909, 0.0, 0.0], maxlen=5), packets_serviced=0, packets_received=76
Called Update: UpdateRouteCalls = 5, force = False
Called Update: UpdateRouteCalls = 6, force = False
Called Update: UpdateRouteCalls = 7, force = False
Called Update: UpdateRouteCalls = 8, force = False
Called Update: UpdateRouteCalls = 9, force = False
Called Update: UpdateRouteCalls = 10, force = False
Called Update: UpdateRouteCalls = 11, force = False
Called Update: UpdateRouteCalls = 12, force = False
Called Update: UpdateRouteCalls = 13, force = False
Called Update: UpdateRouteCalls = 14, force = False
Called Update: UpdateRouteCalls = 15, force = False
Called Update: UpdateRouteCalls = 16, force = False
Called Update: UpdateRouteCalls = 17, force = False
!! UPDATING !!
routeNo, updatedMCSIndex =  0 [1, 1, 1, 1, 0, 1, 1, 2]
main.py: Progress: 2002 / 2014
Node.py: (Node0)@2002000000000.0: Updated MCS from 1 to 1, hist=deque([1.0, 0.8904109589041096, 0.8356164383561644, 0.0136986301369863, 0.0], maxlen=5), packets_serviced=0, packets_received=73
Called Update: UpdateRouteCalls = 0, force = False
Node.py: (Node1)@2002000000000.0: Updated MCS from 1 to 1, hist=deque([1.0, 0.03954802259887006, 0.0, 0.0, 0.9130434782608695], maxlen=5), packets_serviced=42, packets_received=46
Called Update: UpdateRouteCalls = 1, force = False
Node.py: (Node2)@2002000000000.0: Updated MCS from 1 to 1, hist=deque([1.0, 0.5, 0.0, 0.34177215189873417], maxlen=5), packets_serviced=27, packets_received=79
Called Update: UpdateRouteCalls = 2, force = False
Node.py: (Node3)@2002000000000.0: Updated MCS from 1 to 1, hist=deque([1.0, 0.3333333333333333, 0.031746031746031744], maxlen=5), packets_serviced=2, packets_received=63
Called Update: UpdateRouteCalls = 3, force = False
Node.py: (Node4)@2002000000000.0: Updated MCS from 0 to 0, hist=deque([0.04838709677419355, 6.4, 1.0], maxlen=5), packets_serviced=1, packets_received=1
Called Update: UpdateRouteCalls = 4, force = False
Node.py: (Node5)@2002000000000.0: Updated MCS from 1 to 1, hist=deque([0.2909090909090909, 0.0, 0.0, 0.03225806451612903], maxlen=5), packets_serviced=1, packets_received=31
Called Update: UpdateRouteCalls = 5, force = False
Node.py: (Node6)@2002000000000.0: Updated MCS from 1 to 0, hist=deque([0.04838709677419355, 15.0], maxlen=5), packets_serviced=60, packets_received=4
Called Update: UpdateRouteCalls = 6, force = False
Node.py: (Node7)@2002000000000.0: Updated MCS from 2 to 1, hist=deque([0.010256410256410256], maxlen=5), packets_serviced=2, packets_received=195
Called Update: UpdateRouteCalls = 7, force = False
Called Update: UpdateRouteCalls = 8, force = False
Called Update: UpdateRouteCalls = 9, force = False
Called Update: UpdateRouteCalls = 10, force = False
Called Update: UpdateRouteCalls = 11, force = False
Called Update: UpdateRouteCalls = 12, force = False
Called Update: UpdateRouteCalls = 13, force = False
Called Update: UpdateRouteCalls = 14, force = False
Called Update: UpdateRouteCalls = 15, force = False
Called Update: UpdateRouteCalls = 16, force = False
Called Update: UpdateRouteCalls = 17, force = False
!! UPDATING !!
routeNo, updatedMCSIndex =  0 [1, 1, 1, 1, 0, 1, 0, 1]
Called Update: UpdateRouteCalls = 0, force = True
!! UPDATING !!
routeNo, updatedMCSIndex =  0 [1, 1, 1, 1, 0, 1, 0, 1]

rf.py: Time: 2002 Route details: {0: {'Route': [0, 1, 2, 3, 4, 5, 6, 7, 8], 'MCS_Index': [1, 1, 1, 1, 0, 1, 0, 1], 'Priority': 1, 'ValidRoute': True, 'HQRoute': True, 'RouteNodeDensity': [0, 0, 0, 0, 0, 2, 0, 0, 0], 'InterferingLinks': 16, 'Target': (-1, -1)}}
Node.py: (Node0)@2002400000000.0: Updated MCS from 1 to 1, hist=deque([0.8904109589041096, 0.8356164383561644, 0.0136986301369863, 0.0, 0.0], maxlen=5), packets_serviced=0, packets_received=74
Called Update: UpdateRouteCalls = 0, force = False
Node.py: (Node1)@2002400000000.0: Updated MCS from 1 to 0, hist=deque([0.03954802259887006, 0.0, 0.0, 0.9130434782608695, 13.333333333333334], maxlen=5), packets_serviced=40, packets_received=3
Called Update: UpdateRouteCalls = 1, force = False
Node.py: (Node2)@2002400000000.0: Updated MCS from 1 to 1, hist=deque([1.0, 0.5, 0.0, 0.34177215189873417, 0.36585365853658536], maxlen=5), packets_serviced=30, packets_received=82
Called Update: UpdateRouteCalls = 2, force = False
Node.py: (Node3)@2002400000000.0: Updated MCS from 1 to 1, hist=deque([1.0, 0.3333333333333333, 0.031746031746031744, 0.49230769230769234], maxlen=5), packets_serviced=32, packets_received=65
Called Update: UpdateRouteCalls = 3, force = False
Node.py: (Node4)@2002400000000.0: Updated MCS from 0 to 0, hist=deque([0.04838709677419355, 6.4, 1.0, 0.056818181818181816], maxlen=5), packets_serviced=5, packets_received=88
Called Update: UpdateRouteCalls = 4, force = False
Node.py: (Node5)@2002400000000.0: Updated MCS from 1 to 1, hist=deque([0.2909090909090909, 0.0, 0.0, 0.03225806451612903, 0.1], maxlen=5), packets_serviced=1, packets_received=10
Called Update: UpdateRouteCalls = 5, force = False
Node.py: (Node6)@2002400000000.0: Updated MCS from 0 to 0, hist=deque([0.04838709677419355, 15.0, 0.25], maxlen=5), packets_serviced=1, packets_received=4
Called Update: UpdateRouteCalls = 6, force = False
Node.py: (Node7)@2002400000000.0: Updated MCS from 1 to 1, hist=deque([0.010256410256410256, 0.5462962962962963], maxlen=5), packets_serviced=59, packets_received=108
Called Update: UpdateRouteCalls = 7, force = False
Called Update: UpdateRouteCalls = 8, force = False
Called Update: UpdateRouteCalls = 9, force = False
Called Update: UpdateRouteCalls = 10, force = False
Called Update: UpdateRouteCalls = 11, force = False
Called Update: UpdateRouteCalls = 12, force = False
Called Update: UpdateRouteCalls = 13, force = False
Called Update: UpdateRouteCalls = 14, force = False
Called Update: UpdateRouteCalls = 15, force = False
Called Update: UpdateRouteCalls = 16, force = False
Called Update: UpdateRouteCalls = 17, force = False
!! UPDATING !!
routeNo, updatedMCSIndex =  0 [1, 0, 1, 1, 0, 1, 0, 1]
Node.py: (Node0)@2002800000000.0: Updated MCS from 1 to 1, hist=deque([0.8356164383561644, 0.0136986301369863, 0.0, 0.0, 0.4657534246575342], maxlen=5), packets_serviced=34, packets_received=73
Called Update: UpdateRouteCalls = 0, force = False
Node.py: (Node1)@2002800000000.0: Updated MCS from 0 to 0, hist=deque([0.0, 0.0, 0.9130434782608695, 13.333333333333334, 0.3103448275862069], maxlen=5), packets_serviced=18, packets_received=58
Called Update: UpdateRouteCalls = 1, force = False
Node.py: (Node2)@2002800000000.0: Updated MCS from 1 to 1, hist=deque([0.5, 0.0, 0.34177215189873417, 0.36585365853658536, 0.0], maxlen=5), packets_serviced=0, packets_received=37
Called Update: UpdateRouteCalls = 2, force = False
Node.py: (Node3)@2002800000000.0: Updated MCS from 1 to 1, hist=deque([1.0, 0.3333333333333333, 0.031746031746031744, 0.49230769230769234, 1.2], maxlen=5), packets_serviced=18, packets_received=15
Called Update: UpdateRouteCalls = 3, force = False
Node.py: (Node4)@2002800000000.0: Updated MCS from 0 to 0, hist=deque([0.04838709677419355, 6.4, 1.0, 0.056818181818181816, 0.22807017543859648], maxlen=5), packets_serviced=13, packets_received=57
Called Update: UpdateRouteCalls = 4, force = False
Node.py: (Node5)@2002800000000.0: Updated MCS from 1 to 1, hist=deque([0.0, 0.0, 0.03225806451612903, 0.1, 0.44], maxlen=5), packets_serviced=11, packets_received=25
Called Update: UpdateRouteCalls = 5, force = False
Node.py: (Node6)@2002800000000.0: Updated MCS from 0 to 0, hist=deque([0.04838709677419355, 15.0, 0.25, 0.0], maxlen=5), packets_serviced=0, packets_received=49
Called Update: UpdateRouteCalls = 6, force = False
Node.py: (Node7)@2002800000000.0: Updated MCS from 1 to 1, hist=deque([0.010256410256410256, 0.5462962962962963, 0.0], maxlen=5), packets_serviced=0, packets_received=18
Called Update: UpdateRouteCalls = 7, force = False
Called Update: UpdateRouteCalls = 8, force = False
Called Update: UpdateRouteCalls = 9, force = False
Called Update: UpdateRouteCalls = 10, force = False
Called Update: UpdateRouteCalls = 11, force = False
Called Update: UpdateRouteCalls = 12, force = False
Called Update: UpdateRouteCalls = 13, force = False
Called Update: UpdateRouteCalls = 14, force = False
Called Update: UpdateRouteCalls = 15, force = False
Called Update: UpdateRouteCalls = 16, force = False
Called Update: UpdateRouteCalls = 17, force = False
!! UPDATING !!
routeNo, updatedMCSIndex =  0 [1, 0, 1, 1, 0, 1, 0, 1]
main.py: Progress: 2003 / 2014
Called Update: UpdateRouteCalls = 0, force = True
!! UPDATING !!
routeNo, updatedMCSIndex =  0 [1, 0, 1, 1, 0, 1, 0, 1]

rf.py: Time: 2003 Route details: {0: {'Route': [0, 1, 2, 3, 4, 5, 6, 7, 8], 'MCS_Index': [1, 0, 1, 1, 0, 1, 0, 1], 'Priority': 1, 'ValidRoute': True, 'HQRoute': True, 'RouteNodeDensity': [0, 0, 0, 0, 0, 2, 0, 0, 0], 'InterferingLinks': 16, 'Target': (-1, -1)}}
DUPE: 2000103821584_Node0_Node8_Zero, Node7 id 2000103821584_Node0_Node8_Zero was a dupe; retransmit: 0, pkt_enqueue_time=2003184144602.0713, pkt_dequeue_time=2003184144602.0713, forwarded_or_dropped=1, reason_for_drop='Expiry'
DUPE: 2000109288091_Node0_Node8_Zero, Node7 id 2000109288091_Node0_Node8_Zero was a dupe; retransmit: 0, pkt_enqueue_time=2003184144602.0713, pkt_dequeue_time=2003184144602.0713, forwarded_or_dropped=1, reason_for_drop='Expiry'
Node.py: (Node0)@2003200000000.0: Updated MCS from 1 to 1, hist=deque([0.0136986301369863, 0.0, 0.0, 0.4657534246575342, 0.7397260273972602], maxlen=5), packets_serviced=54, packets_received=73
Called Update: UpdateRouteCalls = 0, force = False
Node.py: (Node1)@2003200000000.0: Updated MCS from 0 to 0, hist=deque([0.0, 0.9130434782608695, 13.333333333333334, 0.3103448275862069, 0.0], maxlen=5), packets_serviced=0, packets_received=97
Called Update: UpdateRouteCalls = 1, force = False
Node.py: (Node2)@2003200000000.0: Updated MCS from 1 to 1, hist=deque([0.0, 0.34177215189873417, 0.36585365853658536, 0.0, 1.1666666666666667], maxlen=5), packets_serviced=14, packets_received=12
Called Update: UpdateRouteCalls = 2, force = False
Node.py: (Node3)@2003200000000.0: Updated MCS from 1 to 1, hist=deque([0.3333333333333333, 0.031746031746031744, 0.49230769230769234, 1.2, 0.36363636363636365], maxlen=5), packets_serviced=16, packets_received=44
Called Update: UpdateRouteCalls = 3, force = False
Node.py: (Node4)@2003200000000.0: Updated MCS from 0 to 0, hist=deque([6.4, 1.0, 0.056818181818181816, 0.22807017543859648, 0.0], maxlen=5), packets_serviced=0, packets_received=86
Called Update: UpdateRouteCalls = 4, force = False
Node.py: (Node5)@2003200000000.0: Updated MCS from 1 to 1, hist=deque([0.0, 0.03225806451612903, 0.1, 0.44, 0.3333333333333333], maxlen=5), packets_serviced=3, packets_received=9
Called Update: UpdateRouteCalls = 5, force = False
Node.py: (Node6)@2003200000000.0: Updated MCS from 0 to 0, hist=deque([0.04838709677419355, 15.0, 0.25, 0.0, 0.0], maxlen=5), packets_serviced=0, packets_received=32
Called Update: UpdateRouteCalls = 6, force = False
Node.py: (Node7)@2003200000000.0: Updated MCS from 1 to 1, hist=deque([0.010256410256410256, 0.5462962962962963, 0.0, 0.0], maxlen=5), packets_serviced=0, packets_received=33
Called Update: UpdateRouteCalls = 7, force = False
Called Update: UpdateRouteCalls = 8, force = False
Called Update: UpdateRouteCalls = 9, force = False
Called Update: UpdateRouteCalls = 10, force = False
Called Update: UpdateRouteCalls = 11, force = False
Called Update: UpdateRouteCalls = 12, force = False
Called Update: UpdateRouteCalls = 13, force = False
Called Update: UpdateRouteCalls = 14, force = False
Called Update: UpdateRouteCalls = 15, force = False
Called Update: UpdateRouteCalls = 16, force = False
Called Update: UpdateRouteCalls = 17, force = False
!! UPDATING !!
routeNo, updatedMCSIndex =  0 [1, 0, 1, 1, 0, 1, 0, 1]
DUPE: 2000114753941_Node0_Node8_Zero, Node7 id 2000114753941_Node0_Node8_Zero was a dupe; retransmit: 0, pkt_enqueue_time=2003229039611.6167, pkt_dequeue_time=2003229039611.6167, forwarded_or_dropped=1, reason_for_drop='Expiry'
DUPE: 2000120219714_Node0_Node8_Zero, Node7 id 2000120219714_Node0_Node8_Zero was a dupe; retransmit: 0, pkt_enqueue_time=2003229039611.6167, pkt_dequeue_time=2003229039611.6167, forwarded_or_dropped=1, reason_for_drop='Expiry'
DUPE: 2000278690016_Node0_Node8_Zero, Node7 id 2000278690016_Node0_Node8_Zero was a dupe; retransmit: 0, pkt_enqueue_time=2003281987526.2576, pkt_dequeue_time=2003281987526.2576, forwarded_or_dropped=1, reason_for_drop='Expiry'
DUPE: 2000300550022_Node0_Node8_Zero, Node7 id 2000300550022_Node0_Node8_Zero was a dupe; retransmit: 0, pkt_enqueue_time=2003308635579.5305, pkt_dequeue_time=2003308635579.5305, forwarded_or_dropped=1, reason_for_drop='Expiry'
DUPE: 2000306012581_Node0_Node8_Zero, Node7 id 2000306012581_Node0_Node8_Zero was a dupe; retransmit: 0, pkt_enqueue_time=2003308635579.5305, pkt_dequeue_time=2003308635579.5305, forwarded_or_dropped=1, reason_for_drop='Expiry'
DUPE: 2000267754442_Node0_Node8_Zero, Node7 id 2000267754442_Node0_Node8_Zero was a dupe; retransmit: 0, pkt_enqueue_time=2003329877067.167, pkt_dequeue_time=2003329877067.167, forwarded_or_dropped=1, reason_for_drop='Expiry'
DUPE: 2000273221194_Node0_Node8_Zero, Node7 id 2000273221194_Node0_Node8_Zero was a dupe; retransmit: 0, pkt_enqueue_time=2003329877067.167, pkt_dequeue_time=2003329877067.167, forwarded_or_dropped=1, reason_for_drop='Expiry'
DUPE: 2000426248921_Node0_Node8_Zero, Node7 id 2000426248921_Node0_Node8_Zero was a dupe; retransmit: 0, pkt_enqueue_time=2003427720190.6216, pkt_dequeue_time=2003427720190.6216, forwarded_or_dropped=1, reason_for_drop='Expiry'
DUPE: 2000475428500_Node0_Node8_Zero, Node4 id 2000475428500_Node0_Node8_Zero was a dupe; retransmit: 0, pkt_enqueue_time=2003480114308.4424, pkt_dequeue_time=2003480114308.4424, forwarded_or_dropped=1, reason_for_drop='Expiry'
DUPE: 2000491824026_Node0_Node8_Zero, Node7 id 2000491824026_Node0_Node8_Zero was a dupe; retransmit: 0, pkt_enqueue_time=2003498749695.7126, pkt_dequeue_time=2003498749695.7126, forwarded_or_dropped=1, reason_for_drop='Expiry'
DUPE: 2000453569599_Node0_Node8_Zero, Node7 id 2000453569599_Node0_Node8_Zero was a dupe; retransmit: 0, pkt_enqueue_time=2003507119077.8035, pkt_dequeue_time=2003507119077.8035, forwarded_or_dropped=1, reason_for_drop='Expiry'
DUPE: 2000530064354_Node0_Node8_Zero, Node7 id 2000530064354_Node0_Node8_Zero was a dupe; retransmit: 0, pkt_enqueue_time=2003536532999.08, pkt_dequeue_time=2003536532999.08, forwarded_or_dropped=1, reason_for_drop='Expiry'
DUPE: 2000535530319_Node0_Node8_Zero, Node7 id 2000535530319_Node0_Node8_Zero was a dupe; retransmit: 0, pkt_enqueue_time=2003542232653.6255, pkt_dequeue_time=2003542232653.6255, forwarded_or_dropped=1, reason_for_drop='Expiry'
DUPE: 2000497287648_Node0_Node8_Zero, Node7 id 2000497287648_Node0_Node8_Zero was a dupe; retransmit: 0, pkt_enqueue_time=2003549082790.171, pkt_dequeue_time=2003549082790.171, forwarded_or_dropped=1, reason_for_drop='Expiry'
DUPE: 2000519136537_Node0_Node8_Zero, Node7 id 2000519136537_Node0_Node8_Zero was a dupe; retransmit: 0, pkt_enqueue_time=2003569140107.8987, pkt_dequeue_time=2003569140107.8987, forwarded_or_dropped=1, reason_for_drop='Expiry'
DUPE: 2000502751632_Node0_Node8_Zero, Node7 id 2000502751632_Node0_Node8_Zero was a dupe; retransmit: 0, pkt_enqueue_time=2003578492479.444, pkt_dequeue_time=2003578492479.444, forwarded_or_dropped=1, reason_for_drop='Expiry'
DUPE: 2000579240945_Node0_Node8_Zero, Node6 id 2000579240945_Node0_Node8_Zero was a dupe; retransmit: 0, pkt_enqueue_time=2003580061513.5364, pkt_dequeue_time=2003580061513.5364, forwarded_or_dropped=1, reason_for_drop='Expiry'
Node.py: (Node0)@2003600000000.0: Updated MCS from 1 to 1, hist=deque([0.0, 0.0, 0.4657534246575342, 0.7397260273972602, 0.0273972602739726], maxlen=5), packets_serviced=2, packets_received=73
Called Update: UpdateRouteCalls = 0, force = False
Node.py: (Node1)@2003600000000.0: Updated MCS from 0 to 0, hist=deque([0.9130434782608695, 13.333333333333334, 0.3103448275862069, 0.0, 0.0], maxlen=5), packets_serviced=0, packets_received=50
Called Update: UpdateRouteCalls = 1, force = False
Node.py: (Node2)@2003600000000.0: Updated MCS from 1 to 1, hist=deque([0.34177215189873417, 0.36585365853658536, 0.0, 1.1666666666666667, 2.0], maxlen=5), packets_serviced=20, packets_received=10
Called Update: UpdateRouteCalls = 2, force = False
Node.py: (Node3)@2003600000000.0: Updated MCS from 1 to 1, hist=deque([0.031746031746031744, 0.49230769230769234, 1.2, 0.36363636363636365, 0.23655913978494625], maxlen=5), packets_serviced=22, packets_received=93
Called Update: UpdateRouteCalls = 3, force = False
Node.py: (Node4)@2003600000000.0: Updated MCS from 0 to 1, hist=deque([1.0, 0.056818181818181816, 0.22807017543859648, 0.0, 0.04], maxlen=5), packets_serviced=3, packets_received=75
Called Update: UpdateRouteCalls = 4, force = False
Node.py: (Node5)@2003600000000.0: Updated MCS from 1 to 1, hist=deque([0.03225806451612903, 0.1, 0.44, 0.3333333333333333, 0.25], maxlen=5), packets_serviced=1, packets_received=4
Called Update: UpdateRouteCalls = 5, force = False
Node.py: (Node6)@2003600000000.0: Updated MCS from 0 to 0, hist=deque([15.0, 0.25, 0.0, 0.0, 3.0], maxlen=5), packets_serviced=15, packets_received=5
Called Update: UpdateRouteCalls = 6, force = False
Node.py: (Node7)@2003600000000.0: Updated MCS from 1 to 1, hist=deque([0.010256410256410256, 0.5462962962962963, 0.0, 0.0, 0.21212121212121213], maxlen=5), packets_serviced=14, packets_received=66
Called Update: UpdateRouteCalls = 7, force = False
Called Update: UpdateRouteCalls = 8, force = False
Called Update: UpdateRouteCalls = 9, force = False
Called Update: UpdateRouteCalls = 10, force = False
Called Update: UpdateRouteCalls = 11, force = False
Called Update: UpdateRouteCalls = 12, force = False
Called Update: UpdateRouteCalls = 13, force = False
Called Update: UpdateRouteCalls = 14, force = False
Called Update: UpdateRouteCalls = 15, force = False
Called Update: UpdateRouteCalls = 16, force = False
Called Update: UpdateRouteCalls = 17, force = False
!! UPDATING !!
routeNo, updatedMCSIndex =  0 [1, 0, 1, 1, 1, 1, 0, 1]
DUPE: 2000540996147_Node0_Node8_Zero, Node7 id 2000540996147_Node0_Node8_Zero was a dupe; retransmit: 0, pkt_enqueue_time=2003603768185.8076, pkt_dequeue_time=2003603768185.8076, forwarded_or_dropped=1, reason_for_drop='Expiry'
DUPE: 2000579240945_Node0_Node8_Zero, Node5 id 2000579240945_Node0_Node8_Zero was a dupe; retransmit: 0, pkt_enqueue_time=2003607058750.173, pkt_dequeue_time=2003607058750.173, forwarded_or_dropped=1, reason_for_drop='Expiry'
DUPE: 2000475428500_Node0_Node8_Zero, Node1 id 2000475428500_Node0_Node8_Zero was a dupe; retransmit: 0, pkt_enqueue_time=2003616707704.9915, pkt_dequeue_time=2003616707704.9915, forwarded_or_dropped=1, reason_for_drop='Expiry'
DUPE: 2000650272519_Node0_Node8_Zero, Node5 id 2000650272519_Node0_Node8_Zero was a dupe; retransmit: 0, pkt_enqueue_time=2003650635774.7192, pkt_dequeue_time=2003650635774.7192, forwarded_or_dropped=1, reason_for_drop='Expiry'
DUPE: 2000650272519_Node0_Node8_Zero, Node6 id 2000650272519_Node0_Node8_Zero was a dupe; retransmit: 0, pkt_enqueue_time=2003657742874.9011, pkt_dequeue_time=2003657742874.9011, forwarded_or_dropped=1, reason_for_drop='Expiry'
DUPE: 2000650272519_Node0_Node8_Zero, Node7 id 2000650272519_Node0_Node8_Zero was a dupe; retransmit: 0, pkt_enqueue_time=2003665992804.0828, pkt_dequeue_time=2003665992804.0828, forwarded_or_dropped=1, reason_for_drop='Expiry'
DUPE: 2000666667132_Node0_Node8_Zero, Node6 id 2000666667132_Node0_Node8_Zero was a dupe; retransmit: 0, pkt_enqueue_time=2003670358255.4463, pkt_dequeue_time=2003670358255.4463, forwarded_or_dropped=1, reason_for_drop='Expiry'
DUPE: 2000683054897_Node0_Node8_Zero, Node6 id 2000683054897_Node0_Node8_Zero was a dupe; retransmit: 0, pkt_enqueue_time=2003688890914.7195, pkt_dequeue_time=2003688890914.7195, forwarded_or_dropped=1, reason_for_drop='Expiry'
DUPE: 2000693987193_Node0_Node8_Zero, Node5 id 2000693987193_Node0_Node8_Zero was a dupe; retransmit: 0, pkt_enqueue_time=2003700912128.1738, pkt_dequeue_time=2003700912128.1738, forwarded_or_dropped=1, reason_for_drop='Expiry'
DUPE: 2000704914078_Node0_Node8_Zero, Node6 id 2000704914078_Node0_Node8_Zero was a dupe; retransmit: 0, pkt_enqueue_time=2003719891042.811, pkt_dequeue_time=2003719891042.811, forwarded_or_dropped=1, reason_for_drop='Expiry'
DUPE: 2000721302863_Node0_Node8_Zero, Node6 id 2000721302863_Node0_Node8_Zero was a dupe; retransmit: 0, pkt_enqueue_time=2003723878168.6292, pkt_dequeue_time=2003723878168.6292, forwarded_or_dropped=1, reason_for_drop='Expiry'
DUPE: 2000748618743_Node0_Node8_Zero, Node5 id 2000748618743_Node0_Node8_Zero was a dupe; retransmit: 0, pkt_enqueue_time=2003764561083.7212, pkt_dequeue_time=2003764561083.7212, forwarded_or_dropped=1, reason_for_drop='Expiry'
DUPE: 2000633884246_Node0_Node8_Zero, Node4 id 2000633884246_Node0_Node8_Zero was a dupe; retransmit: 0, pkt_enqueue_time=2003790564091.6304, pkt_dequeue_time=2003790564091.6304, forwarded_or_dropped=1, reason_for_drop='Expiry'
DUPE: 2000661202846_Node0_Node8_Zero, Node4 id 2000661202846_Node0_Node8_Zero was a dupe; retransmit: 0, pkt_enqueue_time=2003790564091.6304, pkt_dequeue_time=2003790564091.6304, forwarded_or_dropped=1, reason_for_drop='Expiry'
DUPE: 2000743155425_Node0_Node8_Zero, Node5 id 2000743155425_Node0_Node8_Zero was a dupe; retransmit: 0, pkt_enqueue_time=2003835348498.9036, pkt_dequeue_time=2003835348498.9036, forwarded_or_dropped=1, reason_for_drop='Expiry'
DUPE: 2000841519737_Node0_Node8_Zero, Node6 id 2000841519737_Node0_Node8_Zero was a dupe; retransmit: 0, pkt_enqueue_time=2003842592171.2673, pkt_dequeue_time=2003842592171.2673, forwarded_or_dropped=1, reason_for_drop='Expiry'
DUPE: 2000497287648_Node0_Node8_Zero, Node1 id 2000497287648_Node0_Node8_Zero was a dupe; retransmit: 0, pkt_enqueue_time=2003864405717.9946, pkt_dequeue_time=2003864405717.9946, forwarded_or_dropped=1, reason_for_drop='Expiry'
DUPE: 2000868848374_Node0_Node8_Zero, Node7 id 2000868848374_Node0_Node8_Zero was a dupe; retransmit: 0, pkt_enqueue_time=2003873704259.7227, pkt_dequeue_time=2003873704259.7227, forwarded_or_dropped=1, reason_for_drop='Expiry'
DUPE: 2000775947441_Node0_Node8_Zero, Node2 id 2000775947441_Node0_Node8_Zero was a dupe; retransmit: 0, pkt_enqueue_time=2003875075079.54, pkt_dequeue_time=2003875075079.54, forwarded_or_dropped=1, reason_for_drop='Expiry'
DUPE: 2000786879030_Node0_Node8_Zero, Node5 id 2000786879030_Node0_Node8_Zero was a dupe; retransmit: 0, pkt_enqueue_time=2003890979726.7231, pkt_dequeue_time=2003890979726.7231, forwarded_or_dropped=1, reason_for_drop='Expiry'
DUPE: 2000797812889_Node0_Node8_Zero, Node5 id 2000797812889_Node0_Node8_Zero was a dupe; retransmit: 0, pkt_enqueue_time=2003890979726.7231, pkt_dequeue_time=2003890979726.7231, forwarded_or_dropped=1, reason_for_drop='Expiry'
DUPE: 2000830595511_Node0_Node8_Zero, Node3 id 2000830595511_Node0_Node8_Zero was a dupe; retransmit: 0, pkt_enqueue_time=2003907110492.2688, pkt_dequeue_time=2003907110492.2688, forwarded_or_dropped=1, reason_for_drop='Expiry'
DUPE: 2000808736132_Node0_Node8_Zero, Node3 id 2000808736132_Node0_Node8_Zero was a dupe; retransmit: 0, pkt_enqueue_time=2003907110492.2688, pkt_dequeue_time=2003907110492.2688, forwarded_or_dropped=1, reason_for_drop='Expiry'
DUPE: 2000497287648_Node0_Node8_Zero, Node4 id 2000497287648_Node0_Node8_Zero was a dupe; retransmit: 0, pkt_enqueue_time=2003922650465.087, pkt_dequeue_time=2003922650465.087, forwarded_or_dropped=1, reason_for_drop='Expiry'
DUPE: 2000683054897_Node0_Node8_Zero, Node5 id 2000683054897_Node0_Node8_Zero was a dupe; retransmit: 0, pkt_enqueue_time=2003923577399.0867, pkt_dequeue_time=2003923577399.0867, forwarded_or_dropped=1, reason_for_drop='Expiry'
DUPE: 2000469962024_Node0_Node8_Zero, Node1 id 2000469962024_Node0_Node8_Zero was a dupe; retransmit: 0, pkt_enqueue_time=2003929807079.6326, pkt_dequeue_time=2003929807079.6326, forwarded_or_dropped=1, reason_for_drop='Expiry'
DUPE: 2000863379988_Node0_Node8_Zero, Node5 id 2000863379988_Node0_Node8_Zero was a dupe; retransmit: 0, pkt_enqueue_time=2003936272089.9958, pkt_dequeue_time=2003936272089.9958, forwarded_or_dropped=1, reason_for_drop='Expiry'
DUPE: 2000786879030_Node0_Node8_Zero, Node4 id 2000786879030_Node0_Node8_Zero was a dupe; retransmit: 0, pkt_enqueue_time=2003938081838.7234, pkt_dequeue_time=2003938081838.7234, forwarded_or_dropped=1, reason_for_drop='Expiry'
DUPE: 2000797812889_Node0_Node8_Zero, Node4 id 2000797812889_Node0_Node8_Zero was a dupe; retransmit: 0, pkt_enqueue_time=2003938081838.7234, pkt_dequeue_time=2003938081838.7234, forwarded_or_dropped=1, reason_for_drop='Expiry'
DUPE: 2000841519737_Node0_Node8_Zero, Node5 id 2000841519737_Node0_Node8_Zero was a dupe; retransmit: 0, pkt_enqueue_time=2003947502220.178, pkt_dequeue_time=2003947502220.178, forwarded_or_dropped=1, reason_for_drop='Expiry'
DUPE: 2000781415666_Node0_Node8_Zero, Node4 id 2000781415666_Node0_Node8_Zero was a dupe; retransmit: 0, pkt_enqueue_time=2003952084656.178, pkt_dequeue_time=2003952084656.178, forwarded_or_dropped=1, reason_for_drop='Expiry'
DUPE: 2000803275396_Node0_Node8_Zero, Node4 id 2000803275396_Node0_Node8_Zero was a dupe; retransmit: 0, pkt_enqueue_time=2003952084656.178, pkt_dequeue_time=2003952084656.178, forwarded_or_dropped=1, reason_for_drop='Expiry'
DUPE: 2000486362016_Node0_Node8_Zero, Node3 id 2000486362016_Node0_Node8_Zero was a dupe; retransmit: 0, pkt_enqueue_time=2003961252238.451, pkt_dequeue_time=2003961252238.451, forwarded_or_dropped=1, reason_for_drop='Expiry'
DUPE: 2000491824026_Node0_Node8_Zero, Node3 id 2000491824026_Node0_Node8_Zero was a dupe; retransmit: 0, pkt_enqueue_time=2003961252238.451, pkt_dequeue_time=2003961252238.451, forwarded_or_dropped=1, reason_for_drop='Expiry'
DUPE: 2000497287648_Node0_Node8_Zero, Node3 id 2000497287648_Node0_Node8_Zero was a dupe; retransmit: 0, pkt_enqueue_time=2003972445048.8142, pkt_dequeue_time=2003972445048.8142, forwarded_or_dropped=1, reason_for_drop='Expiry'
DUPE: 2000502751632_Node0_Node8_Zero, Node3 id 2000502751632_Node0_Node8_Zero was a dupe; retransmit: 0, pkt_enqueue_time=2003972445048.8142, pkt_dequeue_time=2003972445048.8142, forwarded_or_dropped=1, reason_for_drop='Expiry'
DUPE: 2000961737637_Node0_Node8_Zero, Node5 id 2000961737637_Node0_Node8_Zero was a dupe; retransmit: 0, pkt_enqueue_time=2003975315779.1777, pkt_dequeue_time=2003975315779.1777, forwarded_or_dropped=1, reason_for_drop='Expiry'
DUPE: 2000972673173_Node0_Node8_Zero, Node5 id 2000972673173_Node0_Node8_Zero was a dupe; retransmit: 0, pkt_enqueue_time=2003982438904.9958, pkt_dequeue_time=2003982438904.9958, forwarded_or_dropped=1, reason_for_drop='Expiry'
DUPE: 2000469962024_Node0_Node8_Zero, Node4 id 2000469962024_Node0_Node8_Zero was a dupe; retransmit: 0, pkt_enqueue_time=2003987936707.6323, pkt_dequeue_time=2003987936707.6323, forwarded_or_dropped=1, reason_for_drop='Expiry'
DUPE: 2000546465320_Node0_Node8_Zero, Node4 id 2000546465320_Node0_Node8_Zero was a dupe; retransmit: 0, pkt_enqueue_time=2003987936707.6323, pkt_dequeue_time=2003987936707.6323, forwarded_or_dropped=1, reason_for_drop='Expiry'
DUPE: 2000961737637_Node0_Node8_Zero, Node3 id 2000961737637_Node0_Node8_Zero was a dupe; retransmit: 0, pkt_enqueue_time=2003992005024.4507, pkt_dequeue_time=2003992005024.4507, forwarded_or_dropped=1, reason_for_drop='Expiry'
DUPE: 2000907094982_Node0_Node8_Zero, Node7 id 2000907094982_Node0_Node8_Zero was a dupe; retransmit: 0, pkt_enqueue_time=2003992814184.814, pkt_dequeue_time=2003992814184.814, forwarded_or_dropped=1, reason_for_drop='Expiry'
DUPE: 2000972673173_Node0_Node8_Zero, Node6 id 2000972673173_Node0_Node8_Zero was a dupe; retransmit: 0, pkt_enqueue_time=2003993864195.814, pkt_dequeue_time=2003993864195.814, forwarded_or_dropped=1, reason_for_drop='Expiry'
DUPE: 2000907094982_Node0_Node8_Zero, Node5 id 2000907094982_Node0_Node8_Zero was a dupe; retransmit: 0, pkt_enqueue_time=2003997478767.4504, pkt_dequeue_time=2003997478767.4504, forwarded_or_dropped=1, reason_for_drop='Expiry'
DUPE: 2000896161696_Node0_Node8_Zero, Node5 id 2000896161696_Node0_Node8_Zero was a dupe; retransmit: 0, pkt_enqueue_time=2003997478767.4504, pkt_dequeue_time=2003997478767.4504, forwarded_or_dropped=1, reason_for_drop='Expiry'
main.py: Progress: 2004 / 2014
Node.py: (Node0)@2004000000000.0: Updated MCS from 1 to 1, hist=deque([0.0, 0.4657534246575342, 0.7397260273972602, 0.0273972602739726, 0.0], maxlen=5), packets_serviced=0, packets_received=73
Called Update: UpdateRouteCalls = 0, force = False
Node.py: (Node1)@2004000000000.0: Updated MCS from 0 to 0, hist=deque([13.333333333333334, 0.3103448275862069, 0.0, 0.0, 0.0], maxlen=5), packets_serviced=0, packets_received=30
Called Update: UpdateRouteCalls = 1, force = False
Node.py: (Node2)@2004000000000.0: Updated MCS from 1 to 1, hist=deque([0.36585365853658536, 0.0, 1.1666666666666667, 2.0, 0.0], maxlen=5), packets_serviced=0, packets_received=3
Called Update: UpdateRouteCalls = 2, force = False
Node.py: (Node3)@2004000000000.0: Updated MCS from 1 to 1, hist=deque([0.49230769230769234, 1.2, 0.36363636363636365, 0.23655913978494625, 0.0], maxlen=5), packets_serviced=0, packets_received=16
Called Update: UpdateRouteCalls = 3, force = False
Node.py: (Node4)@2004000000000.0: Updated MCS from 1 to 1, hist=deque([0.056818181818181816, 0.22807017543859648, 0.0, 0.04, 1.5263157894736843], maxlen=5), packets_serviced=58, packets_received=38
Called Update: UpdateRouteCalls = 4, force = False
Node.py: (Node5)@2004000000000.0: Updated MCS from 1 to 1, hist=deque([0.1, 0.44, 0.3333333333333333, 0.25, 0.5147058823529411], maxlen=5), packets_serviced=35, packets_received=68
Called Update: UpdateRouteCalls = 5, force = False
Node.py: (Node6)@2004000000000.0: Updated MCS from 0 to 0, hist=deque([0.25, 0.0, 0.0, 3.0, 0.3684210526315789], maxlen=5), packets_serviced=21, packets_received=57
Called Update: UpdateRouteCalls = 6, force = False
Node.py: (Node7)@2004000000000.0: Updated MCS from 1 to 1, hist=deque([0.5462962962962963, 0.0, 0.0, 0.21212121212121213, 0.32], maxlen=5), packets_serviced=8, packets_received=25
Called Update: UpdateRouteCalls = 7, force = False
Called Update: UpdateRouteCalls = 8, force = False
Called Update: UpdateRouteCalls = 9, force = False
Called Update: UpdateRouteCalls = 10, force = False
Called Update: UpdateRouteCalls = 11, force = False
Called Update: UpdateRouteCalls = 12, force = False
Called Update: UpdateRouteCalls = 13, force = False
Called Update: UpdateRouteCalls = 14, force = False
Called Update: UpdateRouteCalls = 15, force = False
Called Update: UpdateRouteCalls = 16, force = False
Called Update: UpdateRouteCalls = 17, force = False
!! UPDATING !!
routeNo, updatedMCSIndex =  0 [1, 0, 1, 1, 1, 1, 0, 1]
Called Update: UpdateRouteCalls = 0, force = True
!! UPDATING !!
routeNo, updatedMCSIndex =  0 [1, 0, 1, 1, 1, 1, 0, 1]

rf.py: Time: 2004 Route details: {0: {'Route': [0, 1, 2, 3, 4, 5, 6, 7, 8], 'MCS_Index': [1, 0, 1, 1, 1, 1, 0, 1], 'Priority': 1, 'ValidRoute': True, 'HQRoute': True, 'RouteNodeDensity': [0, 0, 0, 0, 0, 2, 0, 0, 0], 'InterferingLinks': 16, 'Target': (-1, -1)}}
DUPE: 2000448105155_Node0_Node8_Zero, Node2 id 2000448105155_Node0_Node8_Zero was a dupe; retransmit: 0, pkt_enqueue_time=2004005303042.2688, pkt_dequeue_time=2004005303042.2688, forwarded_or_dropped=1, reason_for_drop='Expiry'
DUPE: 2000475428500_Node0_Node8_Zero, Node2 id 2000475428500_Node0_Node8_Zero was a dupe; retransmit: 0, pkt_enqueue_time=2004007239914.2688, pkt_dequeue_time=2004007239914.2688, forwarded_or_dropped=1, reason_for_drop='Expiry'
DUPE: 2000480892611_Node0_Node8_Zero, Node2 id 2000480892611_Node0_Node8_Zero was a dupe; retransmit: 0, pkt_enqueue_time=2004007239914.2688, pkt_dequeue_time=2004007239914.2688, forwarded_or_dropped=1, reason_for_drop='Expiry'
DUPE: 2000519136537_Node0_Node8_Zero, Node5 id 2000519136537_Node0_Node8_Zero was a dupe; retransmit: 0, pkt_enqueue_time=2004011398203.087, pkt_dequeue_time=2004011398203.087, forwarded_or_dropped=1, reason_for_drop='Expiry'
DUPE: 2000890700719_Node0_Node8_Zero, Node5 id 2000890700719_Node0_Node8_Zero was a dupe; retransmit: 0, pkt_enqueue_time=2004020904729.6323, pkt_dequeue_time=2004020904729.6323, forwarded_or_dropped=1, reason_for_drop='Expiry'
DUPE: 2000426248921_Node0_Node8_Zero, Node3 id 2000426248921_Node0_Node8_Zero was a dupe; retransmit: 0, pkt_enqueue_time=2004024385034.087, pkt_dequeue_time=2004024385034.087, forwarded_or_dropped=1, reason_for_drop='Expiry'
DUPE: 2000480892611_Node0_Node8_Zero, Node3 id 2000480892611_Node0_Node8_Zero was a dupe; retransmit: 0, pkt_enqueue_time=2004024385034.087, pkt_dequeue_time=2004024385034.087, forwarded_or_dropped=1, reason_for_drop='Expiry'
DUPE: 2000573775128_Node0_Node8_Zero, Node2 id 2000573775128_Node0_Node8_Zero was a dupe; retransmit: 0, pkt_enqueue_time=2004027060266.087, pkt_dequeue_time=2004027060266.087, forwarded_or_dropped=1, reason_for_drop='Expiry'
DUPE: 2000568310024_Node0_Node8_Zero, Node2 id 2000568310024_Node0_Node8_Zero was a dupe; retransmit: 0, pkt_enqueue_time=2004027060266.087, pkt_dequeue_time=2004027060266.087, forwarded_or_dropped=1, reason_for_drop='Expiry'
DUPE: 2000513674431_Node0_Node8_Zero, Node7 id 2000513674431_Node0_Node8_Zero was a dupe; retransmit: 0, pkt_enqueue_time=2004027548609.723, pkt_dequeue_time=2004027548609.723, forwarded_or_dropped=1, reason_for_drop='Expiry'
DUPE: 2000524598022_Node0_Node8_Zero, Node7 id 2000524598022_Node0_Node8_Zero was a dupe; retransmit: 0, pkt_enqueue_time=2004031206730.723, pkt_dequeue_time=2004031206730.723, forwarded_or_dropped=1, reason_for_drop='Expiry'
DUPE: 2000868848374_Node0_Node8_Zero, Node5 id 2000868848374_Node0_Node8_Zero was a dupe; retransmit: 0, pkt_enqueue_time=2004039062920.5413, pkt_dequeue_time=2004039062920.5413, forwarded_or_dropped=1, reason_for_drop='Expiry'
DUPE: 2000557386982_Node0_Node8_Zero, Node1 id 2000557386982_Node0_Node8_Zero was a dupe; retransmit: 0, pkt_enqueue_time=2004039238553.8145, pkt_dequeue_time=2004039238553.8145, forwarded_or_dropped=1, reason_for_drop='Expiry'
DUPE: 2000562849540_Node0_Node8_Zero, Node1 id 2000562849540_Node0_Node8_Zero was a dupe; retransmit: 0, pkt_enqueue_time=2004039238553.8145, pkt_dequeue_time=2004039238553.8145, forwarded_or_dropped=1, reason_for_drop='Expiry'
DUPE: 2000972673173_Node0_Node8_Zero, Node4 id 2000972673173_Node0_Node8_Zero was a dupe; retransmit: 0, pkt_enqueue_time=2004041746561.905, pkt_dequeue_time=2004041746561.905, forwarded_or_dropped=1, reason_for_drop='Expiry'
DUPE: 2000901630718_Node0_Node8_Zero, Node4 id 2000901630718_Node0_Node8_Zero was a dupe; retransmit: 0, pkt_enqueue_time=2004041746561.905, pkt_dequeue_time=2004041746561.905, forwarded_or_dropped=1, reason_for_drop='Expiry'
DUPE: 2000453569599_Node0_Node8_Zero, Node3 id 2000453569599_Node0_Node8_Zero was a dupe; retransmit: 0, pkt_enqueue_time=2004046038849.905, pkt_dequeue_time=2004046038849.905, forwarded_or_dropped=1, reason_for_drop='Expiry'
DUPE: 2000459032339_Node0_Node8_Zero, Node3 id 2000459032339_Node0_Node8_Zero was a dupe; retransmit: 0, pkt_enqueue_time=2004046038849.905, pkt_dequeue_time=2004046038849.905, forwarded_or_dropped=1, reason_for_drop='Expiry'
DUPE: 2000923488903_Node0_Node8_Zero, Node4 id 2000923488903_Node0_Node8_Zero was a dupe; retransmit: 0, pkt_enqueue_time=2004048828667.7231, pkt_dequeue_time=2004048828667.7231, forwarded_or_dropped=1, reason_for_drop='Expiry'
DUPE: 2000945344025_Node0_Node8_Zero, Node4 id 2000945344025_Node0_Node8_Zero was a dupe; retransmit: 0, pkt_enqueue_time=2004048828667.7231, pkt_dequeue_time=2004048828667.7231, forwarded_or_dropped=1, reason_for_drop='Expiry'
DUPE: 2000961737637_Node0_Node8_Zero, Node7 id 2000961737637_Node0_Node8_Zero was a dupe; retransmit: 0, pkt_enqueue_time=2004050780113.2683, pkt_dequeue_time=2004050780113.2683, forwarded_or_dropped=1, reason_for_drop='Expiry'
DUPE: 2000579240945_Node0_Node8_Zero, Node3 id 2000579240945_Node0_Node8_Zero was a dupe; retransmit: 0, pkt_enqueue_time=2004051969103.7231, pkt_dequeue_time=2004051969103.7231, forwarded_or_dropped=1, reason_for_drop='Expiry'
DUPE: 2000666667132_Node0_Node8_Zero, Node5 id 2000666667132_Node0_Node8_Zero was a dupe; retransmit: 0, pkt_enqueue_time=2004060689539.5413, pkt_dequeue_time=2004060689539.5413, forwarded_or_dropped=1, reason_for_drop='Expiry'
DUPE: 2000693987193_Node0_Node8_Zero, Node4 id 2000693987193_Node0_Node8_Zero was a dupe; retransmit: 0, pkt_enqueue_time=2004067554342.5413, pkt_dequeue_time=2004067554342.5413, forwarded_or_dropped=1, reason_for_drop='Expiry'
DUPE: 2000704914078_Node0_Node8_Zero, Node4 id 2000704914078_Node0_Node8_Zero was a dupe; retransmit: 0, pkt_enqueue_time=2004067554342.5413, pkt_dequeue_time=2004067554342.5413, forwarded_or_dropped=1, reason_for_drop='Expiry'
DUPE: 2000289617906_Node0_Node8_Zero, Node7 id 2000289617906_Node0_Node8_Zero was a dupe; retransmit: 0, pkt_enqueue_time=2004071736328.8137, pkt_dequeue_time=2004071736328.8137, forwarded_or_dropped=1, reason_for_drop='Expiry'
DUPE: 2000295086353_Node0_Node8_Zero, Node7 id 2000295086353_Node0_Node8_Zero was a dupe; retransmit: 0, pkt_enqueue_time=2004071736328.8137, pkt_dequeue_time=2004071736328.8137, forwarded_or_dropped=1, reason_for_drop='Expiry'
DUPE: 2000721302863_Node0_Node8_Zero, Node4 id 2000721302863_Node0_Node8_Zero was a dupe; retransmit: 0, pkt_enqueue_time=2004077967584.269, pkt_dequeue_time=2004077967584.269, forwarded_or_dropped=1, reason_for_drop='Expiry'
DUPE: 2000699447524_Node0_Node8_Zero, Node4 id 2000699447524_Node0_Node8_Zero was a dupe; retransmit: 0, pkt_enqueue_time=2004077967584.269, pkt_dequeue_time=2004077967584.269, forwarded_or_dropped=1, reason_for_drop='Expiry'
DUPE: 2000967205719_Node0_Node8_Zero, Node5 id 2000967205719_Node0_Node8_Zero was a dupe; retransmit: 0, pkt_enqueue_time=2004090249402.0872, pkt_dequeue_time=2004090249402.0872, forwarded_or_dropped=1, reason_for_drop='Expiry'
DUPE: 2000224034455_Node0_Node8_Zero, Node7 id 2000224034455_Node0_Node8_Zero was a dupe; retransmit: 0, pkt_enqueue_time=2004092469605.4502, pkt_dequeue_time=2004092469605.4502, forwarded_or_dropped=1, reason_for_drop='Expiry'
DUPE: 2000229498549_Node0_Node8_Zero, Node7 id 2000229498549_Node0_Node8_Zero was a dupe; retransmit: 0, pkt_enqueue_time=2004092469605.4502, pkt_dequeue_time=2004092469605.4502, forwarded_or_dropped=1, reason_for_drop='Expiry'
DUPE: 2000819664527_Node0_Node8_Zero, Node4 id 2000819664527_Node0_Node8_Zero was a dupe; retransmit: 0, pkt_enqueue_time=2004093827604.9055, pkt_dequeue_time=2004093827604.9055, forwarded_or_dropped=1, reason_for_drop='Expiry'
DUPE: 2000590168882_Node0_Node8_Zero, Node3 id 2000590168882_Node0_Node8_Zero was a dupe; retransmit: 0, pkt_enqueue_time=2004095672414.996, pkt_dequeue_time=2004095672414.996, forwarded_or_dropped=1, reason_for_drop='Expiry'
DUPE: 2000595629001_Node0_Node8_Zero, Node3 id 2000595629001_Node0_Node8_Zero was a dupe; retransmit: 0, pkt_enqueue_time=2004095672414.996, pkt_dequeue_time=2004095672414.996, forwarded_or_dropped=1, reason_for_drop='Expiry'
DUPE: 2000426248921_Node0_Node8_Zero, Node1 id 2000426248921_Node0_Node8_Zero was a dupe; retransmit: 0, pkt_enqueue_time=2004098442940.3604, pkt_dequeue_time=2004098442940.3604, forwarded_or_dropped=1, reason_for_drop='Expiry'
DUPE: 2000442640060_Node0_Node8_Zero, Node1 id 2000442640060_Node0_Node8_Zero was a dupe; retransmit: 0, pkt_enqueue_time=2004100799812.3604, pkt_dequeue_time=2004100799812.3604, forwarded_or_dropped=1, reason_for_drop='Expiry'
DUPE: 2000448105155_Node0_Node8_Zero, Node1 id 2000448105155_Node0_Node8_Zero was a dupe; retransmit: 0, pkt_enqueue_time=2004100799812.3604, pkt_dequeue_time=2004100799812.3604, forwarded_or_dropped=1, reason_for_drop='Expiry'
DUPE: 2000978132804_Node0_Node8_Zero, Node5 id 2000978132804_Node0_Node8_Zero was a dupe; retransmit: 0, pkt_enqueue_time=2004107621702.7236, pkt_dequeue_time=2004107621702.7236, forwarded_or_dropped=1, reason_for_drop='Expiry'
DUPE: 2000344264889_Node0_Node8_Zero, Node7 id 2000344264889_Node0_Node8_Zero was a dupe; retransmit: 0, pkt_enqueue_time=2004114403997.0867, pkt_dequeue_time=2004114403997.0867, forwarded_or_dropped=1, reason_for_drop='Expiry'
DUPE: 2000360663932_Node0_Node8_Zero, Node7 id 2000360663932_Node0_Node8_Zero was a dupe; retransmit: 0, pkt_enqueue_time=2004114403997.0867, pkt_dequeue_time=2004114403997.0867, forwarded_or_dropped=1, reason_for_drop='Expiry'
DUPE: 2000666667132_Node0_Node8_Zero, Node2 id 2000666667132_Node0_Node8_Zero was a dupe; retransmit: 0, pkt_enqueue_time=2004120503911.6326, pkt_dequeue_time=2004120503911.6326, forwarded_or_dropped=1, reason_for_drop='Expiry'
DUPE: 2000956269018_Node0_Node8_Zero, Node5 id 2000956269018_Node0_Node8_Zero was a dupe; retransmit: 0, pkt_enqueue_time=2004127935530.0872, pkt_dequeue_time=2004127935530.0872, forwarded_or_dropped=1, reason_for_drop='Expiry'
DUPE: 2001081957208_Node0_Node8_Zero, Node1 id 2001081957208_Node0_Node8_Zero was a dupe; retransmit: 0, pkt_enqueue_time=2004131414699.6333, pkt_dequeue_time=2004131414699.6333, forwarded_or_dropped=1, reason_for_drop='Expiry'
DUPE: 2000590168882_Node0_Node8_Zero, Node4 id 2000590168882_Node0_Node8_Zero was a dupe; retransmit: 0, pkt_enqueue_time=2004136249766.3599, pkt_dequeue_time=2004136249766.3599, forwarded_or_dropped=1, reason_for_drop='Expiry'
DUPE: 2000125682285_Node0_Node8_Zero, Node7 id 2000125682285_Node0_Node8_Zero was a dupe; retransmit: 0, pkt_enqueue_time=2004137712296.7231, pkt_dequeue_time=2004137712296.7231, forwarded_or_dropped=1, reason_for_drop='Expiry'
DUPE: 2000131145735_Node0_Node8_Zero, Node7 id 2000131145735_Node0_Node8_Zero was a dupe; retransmit: 0, pkt_enqueue_time=2004137712296.7231, pkt_dequeue_time=2004137712296.7231, forwarded_or_dropped=1, reason_for_drop='Expiry'
DUPE: 2000775947441_Node0_Node8_Zero, Node3 id 2000775947441_Node0_Node8_Zero was a dupe; retransmit: 0, pkt_enqueue_time=2004141200786.4507, pkt_dequeue_time=2004141200786.4507, forwarded_or_dropped=1, reason_for_drop='Expiry'
DUPE: 2000781415666_Node0_Node8_Zero, Node3 id 2000781415666_Node0_Node8_Zero was a dupe; retransmit: 0, pkt_enqueue_time=2004141200786.4507, pkt_dequeue_time=2004141200786.4507, forwarded_or_dropped=1, reason_for_drop='Expiry'
DUPE: 2000874312720_Node0_Node8_Zero, Node1 id 2000874312720_Node0_Node8_Zero was a dupe; retransmit: 0, pkt_enqueue_time=2004146276535.9968, pkt_dequeue_time=2004146276535.9968, forwarded_or_dropped=1, reason_for_drop='Expiry'
DUPE: 2000486362016_Node0_Node8_Zero, Node5 id 2000486362016_Node0_Node8_Zero was a dupe; retransmit: 0, pkt_enqueue_time=2004155211628.178, pkt_dequeue_time=2004155211628.178, forwarded_or_dropped=1, reason_for_drop='Expiry'
DUPE: 2000704914078_Node0_Node8_Zero, Node3 id 2000704914078_Node0_Node8_Zero was a dupe; retransmit: 0, pkt_enqueue_time=2004161051225.0872, pkt_dequeue_time=2004161051225.0872, forwarded_or_dropped=1, reason_for_drop='Expiry'
DUPE: 2000743155425_Node0_Node8_Zero, Node3 id 2000743155425_Node0_Node8_Zero was a dupe; retransmit: 0, pkt_enqueue_time=2004161051225.0872, pkt_dequeue_time=2004161051225.0872, forwarded_or_dropped=1, reason_for_drop='Expiry'
DUPE: 2000967205719_Node0_Node8_Zero, Node2 id 2000967205719_Node0_Node8_Zero was a dupe; retransmit: 0, pkt_enqueue_time=2004163883850.815, pkt_dequeue_time=2004163883850.815, forwarded_or_dropped=1, reason_for_drop='Expiry'
DUPE: 2000377061809_Node0_Node8_Zero, Node7 id 2000377061809_Node0_Node8_Zero was a dupe; retransmit: 0, pkt_enqueue_time=2004180250042.2688, pkt_dequeue_time=2004180250042.2688, forwarded_or_dropped=1, reason_for_drop='Expiry'
DUPE: 2000573775128_Node0_Node8_Zero, Node3 id 2000573775128_Node0_Node8_Zero was a dupe; retransmit: 0, pkt_enqueue_time=2004187465887.633, pkt_dequeue_time=2004187465887.633, forwarded_or_dropped=1, reason_for_drop='Expiry'
DUPE: 2000568310024_Node0_Node8_Zero, Node3 id 2000568310024_Node0_Node8_Zero was a dupe; retransmit: 0, pkt_enqueue_time=2004187465887.633, pkt_dequeue_time=2004187465887.633, forwarded_or_dropped=1, reason_for_drop='Expiry'
DUPE: 2000617494023_Node0_Node8_Zero, Node3 id 2000617494023_Node0_Node8_Zero was a dupe; retransmit: 0, pkt_enqueue_time=2004190562759.633, pkt_dequeue_time=2004190562759.633, forwarded_or_dropped=1, reason_for_drop='Expiry'
DUPE: 2000601094346_Node0_Node8_Zero, Node3 id 2000601094346_Node0_Node8_Zero was a dupe; retransmit: 0, pkt_enqueue_time=2004190562759.633, pkt_dequeue_time=2004190562759.633, forwarded_or_dropped=1, reason_for_drop='Expiry'
DUPE: 2000639345640_Node0_Node8_Zero, Node1 id 2000639345640_Node0_Node8_Zero was a dupe; retransmit: 0, pkt_enqueue_time=2004192701161.906, pkt_dequeue_time=2004192701161.906, forwarded_or_dropped=1, reason_for_drop='Expiry'
DUPE: 2000644812442_Node0_Node8_Zero, Node1 id 2000644812442_Node0_Node8_Zero was a dupe; retransmit: 0, pkt_enqueue_time=2004192701161.906, pkt_dequeue_time=2004192701161.906, forwarded_or_dropped=1, reason_for_drop='Expiry'
DUPE: 2000256827041_Node0_Node8_Zero, Node7 id 2000256827041_Node0_Node8_Zero was a dupe; retransmit: 0, pkt_enqueue_time=2004200497605.9053, pkt_dequeue_time=2004200497605.9053, forwarded_or_dropped=1, reason_for_drop='Expiry'
DUPE: 2000262289982_Node0_Node8_Zero, Node7 id 2000262289982_Node0_Node8_Zero was a dupe; retransmit: 0, pkt_enqueue_time=2004200497605.9053, pkt_dequeue_time=2004200497605.9053, forwarded_or_dropped=1, reason_for_drop='Expiry'
DUPE: 2000502751632_Node0_Node8_Zero, Node4 id 2000502751632_Node0_Node8_Zero was a dupe; retransmit: 0, pkt_enqueue_time=2004207743577.4512, pkt_dequeue_time=2004207743577.4512, forwarded_or_dropped=1, reason_for_drop='Expiry'
DUPE: 2000972673173_Node0_Node8_Zero, Node3 id 2000972673173_Node0_Node8_Zero was a dupe; retransmit: 0, pkt_enqueue_time=2004213818570.2695, pkt_dequeue_time=2004213818570.2695, forwarded_or_dropped=1, reason_for_drop='Expiry'
DUPE: 2000901630718_Node0_Node8_Zero, Node3 id 2000901630718_Node0_Node8_Zero was a dupe; retransmit: 0, pkt_enqueue_time=2004213818570.2695, pkt_dequeue_time=2004213818570.2695, forwarded_or_dropped=1, reason_for_drop='Expiry'
DUPE: 2000491824026_Node0_Node8_Zero, Node4 id 2000491824026_Node0_Node8_Zero was a dupe; retransmit: 0, pkt_enqueue_time=2004219645388.0876, pkt_dequeue_time=2004219645388.0876, forwarded_or_dropped=1, reason_for_drop='Expiry'
DUPE: 2000524598022_Node0_Node8_Zero, Node4 id 2000524598022_Node0_Node8_Zero was a dupe; retransmit: 0, pkt_enqueue_time=2004219645388.0876, pkt_dequeue_time=2004219645388.0876, forwarded_or_dropped=1, reason_for_drop='Expiry'
DUPE: 2000524598022_Node0_Node8_Zero, Node2 id 2000524598022_Node0_Node8_Zero was a dupe; retransmit: 0, pkt_enqueue_time=2004225927293.6333, pkt_dequeue_time=2004225927293.6333, forwarded_or_dropped=1, reason_for_drop='Expiry'
DUPE: 2000530064354_Node0_Node8_Zero, Node2 id 2000530064354_Node0_Node8_Zero was a dupe; retransmit: 0, pkt_enqueue_time=2004225927293.6333, pkt_dequeue_time=2004225927293.6333, forwarded_or_dropped=1, reason_for_drop='Expiry'
DUPE: 2000912560637_Node0_Node8_Zero, Node4 id 2000912560637_Node0_Node8_Zero was a dupe; retransmit: 0, pkt_enqueue_time=2004238644517.724, pkt_dequeue_time=2004238644517.724, forwarded_or_dropped=1, reason_for_drop='Expiry'
DUPE: 2000918027148_Node0_Node8_Zero, Node4 id 2000918027148_Node0_Node8_Zero was a dupe; retransmit: 0, pkt_enqueue_time=2004238644517.724, pkt_dequeue_time=2004238644517.724, forwarded_or_dropped=1, reason_for_drop='Expiry'
DUPE: 2001207643614_Node0_Node8_Zero, Node1 id 2001207643614_Node0_Node8_Zero was a dupe; retransmit: 0, pkt_enqueue_time=2004240694852.8154, pkt_dequeue_time=2004240694852.8154, forwarded_or_dropped=1, reason_for_drop='Expiry'
DUPE: 2001213112511_Node0_Node8_Zero, Node1 id 2001213112511_Node0_Node8_Zero was a dupe; retransmit: 0, pkt_enqueue_time=2004240694852.8154, pkt_dequeue_time=2004240694852.8154, forwarded_or_dropped=1, reason_for_drop='Expiry'
DUPE: 2001218578758_Node0_Node8_Zero, Node1 id 2001218578758_Node0_Node8_Zero was a dupe; retransmit: 0, pkt_enqueue_time=2004246611724.8154, pkt_dequeue_time=2004246611724.8154, forwarded_or_dropped=1, reason_for_drop='Expiry'
DUPE: 2000628418773_Node0_Node8_Zero, Node3 id 2000628418773_Node0_Node8_Zero was a dupe; retransmit: 0, pkt_enqueue_time=2004249697231.4514, pkt_dequeue_time=2004249697231.4514, forwarded_or_dropped=1, reason_for_drop='Expiry'
DUPE: 2000650272519_Node0_Node8_Zero, Node3 id 2000650272519_Node0_Node8_Zero was a dupe; retransmit: 0, pkt_enqueue_time=2004249697231.4514, pkt_dequeue_time=2004249697231.4514, forwarded_or_dropped=1, reason_for_drop='Expiry'
DUPE: 2000683054897_Node0_Node8_Zero, Node1 id 2000683054897_Node0_Node8_Zero was a dupe; retransmit: 0, pkt_enqueue_time=2004262814288.452, pkt_dequeue_time=2004262814288.452, forwarded_or_dropped=1, reason_for_drop='Expiry'
DUPE: 2000688522804_Node0_Node8_Zero, Node1 id 2000688522804_Node0_Node8_Zero was a dupe; retransmit: 0, pkt_enqueue_time=2004262814288.452, pkt_dequeue_time=2004262814288.452, forwarded_or_dropped=1, reason_for_drop='Expiry'
DUPE: 2000622955942_Node0_Node8_Zero, Node4 id 2000622955942_Node0_Node8_Zero was a dupe; retransmit: 0, pkt_enqueue_time=2004268290049.2695, pkt_dequeue_time=2004268290049.2695, forwarded_or_dropped=1, reason_for_drop='Expiry'
DUPE: 2000606560964_Node0_Node8_Zero, Node4 id 2000606560964_Node0_Node8_Zero was a dupe; retransmit: 0, pkt_enqueue_time=2004268290049.2695, pkt_dequeue_time=2004268290049.2695, forwarded_or_dropped=1, reason_for_drop='Expiry'
DUPE: 2000508213788_Node0_Node8_Zero, Node3 id 2000508213788_Node0_Node8_Zero was a dupe; retransmit: 0, pkt_enqueue_time=2004272983069.088, pkt_dequeue_time=2004272983069.088, forwarded_or_dropped=1, reason_for_drop='Expiry'
DUPE: 2000535530319_Node0_Node8_Zero, Node3 id 2000535530319_Node0_Node8_Zero was a dupe; retransmit: 0, pkt_enqueue_time=2004272983069.088, pkt_dequeue_time=2004272983069.088, forwarded_or_dropped=1, reason_for_drop='Expiry'
DUPE: 2001060109110_Node0_Node8_Zero, Node1 id 2001060109110_Node0_Node8_Zero was a dupe; retransmit: 0, pkt_enqueue_time=2004278356852.0884, pkt_dequeue_time=2004278356852.0884, forwarded_or_dropped=1, reason_for_drop='Expiry'
DUPE: 2000551925872_Node0_Node8_Zero, Node4 id 2000551925872_Node0_Node8_Zero was a dupe; retransmit: 0, pkt_enqueue_time=2004292125886.906, pkt_dequeue_time=2004292125886.906, forwarded_or_dropped=1, reason_for_drop='Expiry'
DUPE: 2000573775128_Node0_Node8_Zero, Node4 id 2000573775128_Node0_Node8_Zero was a dupe; retransmit: 0, pkt_enqueue_time=2004292125886.906, pkt_dequeue_time=2004292125886.906, forwarded_or_dropped=1, reason_for_drop='Expiry'
DUPE: 2000939884496_Node0_Node8_Zero, Node3 id 2000939884496_Node0_Node8_Zero was a dupe; retransmit: 0, pkt_enqueue_time=2004297180795.7244, pkt_dequeue_time=2004297180795.7244, forwarded_or_dropped=1, reason_for_drop='Expiry'
DUPE: 2000956269018_Node0_Node8_Zero, Node3 id 2000956269018_Node0_Node8_Zero was a dupe; retransmit: 0, pkt_enqueue_time=2004297180795.7244, pkt_dequeue_time=2004297180795.7244, forwarded_or_dropped=1, reason_for_drop='Expiry'
DUPE: 2000453569599_Node0_Node8_Zero, Node2 id 2000453569599_Node0_Node8_Zero was a dupe; retransmit: 0, pkt_enqueue_time=2004314990688.0884, pkt_dequeue_time=2004314990688.0884, forwarded_or_dropped=1, reason_for_drop='Expiry'
DUPE: 2000459032339_Node0_Node8_Zero, Node2 id 2000459032339_Node0_Node8_Zero was a dupe; retransmit: 0, pkt_enqueue_time=2004314990688.0884, pkt_dequeue_time=2004314990688.0884, forwarded_or_dropped=1, reason_for_drop='Expiry'
DUPE: 2000617494023_Node0_Node8_Zero, Node4 id 2000617494023_Node0_Node8_Zero was a dupe; retransmit: 0, pkt_enqueue_time=2004317730975.5425, pkt_dequeue_time=2004317730975.5425, forwarded_or_dropped=1, reason_for_drop='Expiry'
DUPE: 2000628418773_Node0_Node8_Zero, Node4 id 2000628418773_Node0_Node8_Zero was a dupe; retransmit: 0, pkt_enqueue_time=2004317730975.5425, pkt_dequeue_time=2004317730975.5425, forwarded_or_dropped=1, reason_for_drop='Expiry'
DUPE: 2001180320127_Node0_Node8_Zero, Node1 id 2001180320127_Node0_Node8_Zero was a dupe; retransmit: 0, pkt_enqueue_time=2004329347975.7249, pkt_dequeue_time=2004329347975.7249, forwarded_or_dropped=1, reason_for_drop='Expiry'
DUPE: 2000890700719_Node0_Node8_Zero, Node4 id 2000890700719_Node0_Node8_Zero was a dupe; retransmit: 0, pkt_enqueue_time=2004338813539.179, pkt_dequeue_time=2004338813539.179, forwarded_or_dropped=1, reason_for_drop='Expiry'
DUPE: 2000907094982_Node0_Node8_Zero, Node4 id 2000907094982_Node0_Node8_Zero was a dupe; retransmit: 0, pkt_enqueue_time=2004338813539.179, pkt_dequeue_time=2004338813539.179, forwarded_or_dropped=1, reason_for_drop='Expiry'
DUPE: 2000868848374_Node0_Node8_Zero, Node3 id 2000868848374_Node0_Node8_Zero was a dupe; retransmit: 0, pkt_enqueue_time=2004341842151.8157, pkt_dequeue_time=2004341842151.8157, forwarded_or_dropped=1, reason_for_drop='Expiry'
DUPE: 2000814200577_Node0_Node8_Zero, Node3 id 2000814200577_Node0_Node8_Zero was a dupe; retransmit: 0, pkt_enqueue_time=2004341842151.8157, pkt_dequeue_time=2004341842151.8157, forwarded_or_dropped=1, reason_for_drop='Expiry'
DUPE: 2001196715026_Node0_Node8_Zero, Node1 id 2001196715026_Node0_Node8_Zero was a dupe; retransmit: 0, pkt_enqueue_time=2004346105539.3613, pkt_dequeue_time=2004346105539.3613, forwarded_or_dropped=1, reason_for_drop='Expiry'
DUPE: 2001202181118_Node0_Node8_Zero, Node1 id 2001202181118_Node0_Node8_Zero was a dupe; retransmit: 0, pkt_enqueue_time=2004346105539.3613, pkt_dequeue_time=2004346105539.3613, forwarded_or_dropped=1, reason_for_drop='Expiry'
DUPE: 2000459032339_Node0_Node8_Zero, Node4 id 2000459032339_Node0_Node8_Zero was a dupe; retransmit: 0, pkt_enqueue_time=2004363269969.6338, pkt_dequeue_time=2004363269969.6338, forwarded_or_dropped=1, reason_for_drop='Expiry'
DUPE: 2000540996147_Node0_Node8_Zero, Node4 id 2000540996147_Node0_Node8_Zero was a dupe; retransmit: 0, pkt_enqueue_time=2004363269969.6338, pkt_dequeue_time=2004363269969.6338, forwarded_or_dropped=1, reason_for_drop='Expiry'
DUPE: 2000612026339_Node0_Node8_Zero, Node1 id 2000612026339_Node0_Node8_Zero was a dupe; retransmit: 0, pkt_enqueue_time=2004381233530.6343, pkt_dequeue_time=2004381233530.6343, forwarded_or_dropped=1, reason_for_drop='Expiry'
DUPE: 2000617494023_Node0_Node8_Zero, Node1 id 2000617494023_Node0_Node8_Zero was a dupe; retransmit: 0, pkt_enqueue_time=2004381233530.6343, pkt_dequeue_time=2004381233530.6343, forwarded_or_dropped=1, reason_for_drop='Expiry'
DUPE: 2000622955942_Node0_Node8_Zero, Node1 id 2000622955942_Node0_Node8_Zero was a dupe; retransmit: 0, pkt_enqueue_time=2004383190402.6343, pkt_dequeue_time=2004383190402.6343, forwarded_or_dropped=1, reason_for_drop='Expiry'
Node.py: (Node0)@2004400000000.0: Updated MCS from 1 to 1, hist=deque([0.4657534246575342, 0.7397260273972602, 0.0273972602739726, 0.0, 0.0], maxlen=5), packets_serviced=0, packets_received=74
Called Update: UpdateRouteCalls = 0, force = False
Node.py: (Node1)@2004400000000.0: Updated MCS from 0 to 1, hist=deque([0.3103448275862069, 0.0, 0.0, 0.0, 0.0], maxlen=5), packets_serviced=0, packets_received=33
Called Update: UpdateRouteCalls = 1, force = False
Node.py: (Node2)@2004400000000.0: Updated MCS from 1 to 1, hist=deque([0.0, 1.1666666666666667, 2.0, 0.0, 0.0], maxlen=5), packets_serviced=0, packets_received=13
Called Update: UpdateRouteCalls = 2, force = False
Node.py: (Node3)@2004400000000.0: Updated MCS from 1 to 1, hist=deque([1.2, 0.36363636363636365, 0.23655913978494625, 0.0, 0.0], maxlen=5), packets_serviced=0, packets_received=26
Called Update: UpdateRouteCalls = 3, force = False
Node.py: (Node4)@2004400000000.0: Updated MCS from 1 to 1, hist=deque([0.22807017543859648, 0.0, 0.04, 1.5263157894736843, 0.0], maxlen=5), packets_serviced=0, packets_received=28
Called Update: UpdateRouteCalls = 4, force = False
Node.py: (Node5)@2004400000000.0: Updated MCS from 1 to 1, hist=deque([0.44, 0.3333333333333333, 0.25, 0.5147058823529411, 0.0], maxlen=5), packets_serviced=0, packets_received=14
Called Update: UpdateRouteCalls = 5, force = False
Called Update: UpdateRouteCalls = 6, force = False
Node.py: (Node7)@2004400000000.0: Updated MCS from 1 to 1, hist=deque([0.0, 0.0, 0.21212121212121213, 0.32, 0.0], maxlen=5), packets_serviced=0, packets_received=14
Called Update: UpdateRouteCalls = 7, force = False
Called Update: UpdateRouteCalls = 8, force = False
Called Update: UpdateRouteCalls = 9, force = False
Called Update: UpdateRouteCalls = 10, force = False
Called Update: UpdateRouteCalls = 11, force = False
Called Update: UpdateRouteCalls = 12, force = False
Called Update: UpdateRouteCalls = 13, force = False
Called Update: UpdateRouteCalls = 14, force = False
Called Update: UpdateRouteCalls = 15, force = False
Called Update: UpdateRouteCalls = 16, force = False
Called Update: UpdateRouteCalls = 17, force = False
!! UPDATING !!
routeNo, updatedMCSIndex =  0 [1, 1, 1, 1, 1, 1, 0, 1]
DUPE: 2000918027148_Node0_Node8_Zero, Node2 id 2000918027148_Node0_Node8_Zero was a dupe; retransmit: 0, pkt_enqueue_time=2004405416674.9978, pkt_dequeue_time=2004405416674.9978, forwarded_or_dropped=1, reason_for_drop='Expiry'
DUPE: 2000453569599_Node0_Node8_Zero, Node1 id 2000453569599_Node0_Node8_Zero was a dupe; retransmit: 0, pkt_enqueue_time=2004417418175.6343, pkt_dequeue_time=2004417418175.6343, forwarded_or_dropped=1, reason_for_drop='Expiry'
DUPE: 2000661202846_Node0_Node8_Zero, Node2 id 2000661202846_Node0_Node8_Zero was a dupe; retransmit: 0, pkt_enqueue_time=2004435481993.4524, pkt_dequeue_time=2004435481993.4524, forwarded_or_dropped=1, reason_for_drop='Expiry'
DUPE: 2000459032339_Node0_Node8_Zero, Node1 id 2000459032339_Node0_Node8_Zero was a dupe; retransmit: 0, pkt_enqueue_time=2004450259848.3613, pkt_dequeue_time=2004450259848.3613, forwarded_or_dropped=1, reason_for_drop='Expiry'
DUPE: 2000535530319_Node0_Node8_Zero, Node2 id 2000535530319_Node0_Node8_Zero was a dupe; retransmit: 0, pkt_enqueue_time=2004496229684.3613, pkt_dequeue_time=2004496229684.3613, forwarded_or_dropped=1, reason_for_drop='Expiry'
DUPE: 2000540996147_Node0_Node8_Zero, Node2 id 2000540996147_Node0_Node8_Zero was a dupe; retransmit: 0, pkt_enqueue_time=2004496229684.3613, pkt_dequeue_time=2004496229684.3613, forwarded_or_dropped=1, reason_for_drop='Expiry'
DUPE: 2001393444939_Node0_Node8_Zero, Node1 id 2001393444939_Node0_Node8_Zero was a dupe; retransmit: 0, pkt_enqueue_time=2004503993397.9978, pkt_dequeue_time=2004503993397.9978, forwarded_or_dropped=1, reason_for_drop='Expiry'
DUPE: 2001398911835_Node0_Node8_Zero, Node1 id 2001398911835_Node0_Node8_Zero was a dupe; retransmit: 0, pkt_enqueue_time=2004503993397.9978, pkt_dequeue_time=2004503993397.9978, forwarded_or_dropped=1, reason_for_drop='Expiry'
DUPE: 2001404380959_Node0_Node8_Zero, Node1 id 2001404380959_Node0_Node8_Zero was a dupe; retransmit: 0, pkt_enqueue_time=2004506270269.9978, pkt_dequeue_time=2004506270269.9978, forwarded_or_dropped=1, reason_for_drop='Expiry'
DUPE: 2001409848974_Node0_Node8_Zero, Node1 id 2001409848974_Node0_Node8_Zero was a dupe; retransmit: 0, pkt_enqueue_time=2004506270269.9978, pkt_dequeue_time=2004506270269.9978, forwarded_or_dropped=1, reason_for_drop='Expiry'
DUPE: 2000415320901_Node0_Node8_Zero, Node1 id 2000415320901_Node0_Node8_Zero was a dupe; retransmit: 0, pkt_enqueue_time=2004523672833.6343, pkt_dequeue_time=2004523672833.6343, forwarded_or_dropped=1, reason_for_drop='Expiry'
DUPE: 2000972673173_Node0_Node8_Zero, Node2 id 2000972673173_Node0_Node8_Zero was a dupe; retransmit: 0, pkt_enqueue_time=2004525470087.816, pkt_dequeue_time=2004525470087.816, forwarded_or_dropped=1, reason_for_drop='Expiry'
DUPE: 2001541013899_Node0_Node8_Zero, Node2 id 2001541013899_Node0_Node8_Zero was a dupe; retransmit: 0, pkt_enqueue_time=2004543419010.7253, pkt_dequeue_time=2004543419010.7253, forwarded_or_dropped=1, reason_for_drop='Expiry'
DUPE: 2001551938788_Node0_Node8_Zero, Node2 id 2001551938788_Node0_Node8_Zero was a dupe; retransmit: 0, pkt_enqueue_time=2004552346922.271, pkt_dequeue_time=2004552346922.271, forwarded_or_dropped=1, reason_for_drop='Expiry'
DUPE: 2001551938788_Node0_Node8_Zero, Node4 id 2001551938788_Node0_Node8_Zero was a dupe; retransmit: 0, pkt_enqueue_time=2004553791172.1797, pkt_dequeue_time=2004553791172.1797, forwarded_or_dropped=1, reason_for_drop='Expiry'
DUPE: 2001551938788_Node0_Node8_Zero, Node3 id 2001551938788_Node0_Node8_Zero was a dupe; retransmit: 0, pkt_enqueue_time=2004557252576.4526, pkt_dequeue_time=2004557252576.4526, forwarded_or_dropped=1, reason_for_drop='Expiry'
DUPE: 2001573796715_Node0_Node8_Zero, Node7 id 2001573796715_Node0_Node8_Zero was a dupe; retransmit: 0, pkt_enqueue_time=2004574807188.0884, pkt_dequeue_time=2004574807188.0884, forwarded_or_dropped=1, reason_for_drop='Expiry'
DUPE: 2001573796715_Node0_Node8_Zero, Node6 id 2001573796715_Node0_Node8_Zero was a dupe; retransmit: 0, pkt_enqueue_time=2004577892395.0884, pkt_dequeue_time=2004577892395.0884, forwarded_or_dropped=1, reason_for_drop='Expiry'
DUPE: 2001573796715_Node0_Node8_Zero, Node3 id 2001573796715_Node0_Node8_Zero was a dupe; retransmit: 0, pkt_enqueue_time=2004578956566.452, pkt_dequeue_time=2004578956566.452, forwarded_or_dropped=1, reason_for_drop='Expiry'
DUPE: 2001573796715_Node0_Node8_Zero, Node7 id 2001573796715_Node0_Node8_Zero was a dupe; retransmit: 0, pkt_enqueue_time=2004579855212.9065, pkt_dequeue_time=2004579855212.9065, forwarded_or_dropped=1, reason_for_drop='Expiry'
DUPE: 2001579257979_Node0_Node8_Zero, Node2 id 2001579257979_Node0_Node8_Zero was a dupe; retransmit: 0, pkt_enqueue_time=2004580835002.452, pkt_dequeue_time=2004580835002.452, forwarded_or_dropped=1, reason_for_drop='Expiry'
DUPE: 2000945344025_Node0_Node8_Zero, Node1 id 2000945344025_Node0_Node8_Zero was a dupe; retransmit: 0, pkt_enqueue_time=2004587090255.4524, pkt_dequeue_time=2004587090255.4524, forwarded_or_dropped=1, reason_for_drop='Expiry'
DUPE: 2000950809287_Node0_Node8_Zero, Node1 id 2000950809287_Node0_Node8_Zero was a dupe; retransmit: 0, pkt_enqueue_time=2004587090255.4524, pkt_dequeue_time=2004587090255.4524, forwarded_or_dropped=1, reason_for_drop='Expiry'
DUPE: 2001092881418_Node0_Node8_Zero, Node1 id 2001092881418_Node0_Node8_Zero was a dupe; retransmit: 0, pkt_enqueue_time=2004588207127.4524, pkt_dequeue_time=2004588207127.4524, forwarded_or_dropped=1, reason_for_drop='Expiry'
DUPE: 2001568336864_Node0_Node8_Zero, Node2 id 2001568336864_Node0_Node8_Zero was a dupe; retransmit: 0, pkt_enqueue_time=2004599050945.2705, pkt_dequeue_time=2004599050945.2705, forwarded_or_dropped=1, reason_for_drop='Expiry'
DUPE: 2001573796715_Node0_Node8_Zero, Node2 id 2001573796715_Node0_Node8_Zero was a dupe; retransmit: 0, pkt_enqueue_time=2004599050945.2705, pkt_dequeue_time=2004599050945.2705, forwarded_or_dropped=1, reason_for_drop='Expiry'
DUPE: 2000524598022_Node0_Node8_Zero, Node1 id 2000524598022_Node0_Node8_Zero was a dupe; retransmit: 0, pkt_enqueue_time=2004608203232.816, pkt_dequeue_time=2004608203232.816, forwarded_or_dropped=1, reason_for_drop='Expiry'
DUPE: 2000530064354_Node0_Node8_Zero, Node1 id 2000530064354_Node0_Node8_Zero was a dupe; retransmit: 0, pkt_enqueue_time=2004608203232.816, pkt_dequeue_time=2004608203232.816, forwarded_or_dropped=1, reason_for_drop='Expiry'
DUPE: 2000535530319_Node0_Node8_Zero, Node1 id 2000535530319_Node0_Node8_Zero was a dupe; retransmit: 0, pkt_enqueue_time=2004610180104.816, pkt_dequeue_time=2004610180104.816, forwarded_or_dropped=1, reason_for_drop='Expiry'
DUPE: 2000540996147_Node0_Node8_Zero, Node1 id 2000540996147_Node0_Node8_Zero was a dupe; retransmit: 0, pkt_enqueue_time=2004610180104.816, pkt_dequeue_time=2004610180104.816, forwarded_or_dropped=1, reason_for_drop='Expiry'
DUPE: 2001054642792_Node0_Node8_Zero, Node1 id 2001054642792_Node0_Node8_Zero was a dupe; retransmit: 0, pkt_enqueue_time=2004628166668.4524, pkt_dequeue_time=2004628166668.4524, forwarded_or_dropped=1, reason_for_drop='Expiry'
DUPE: 2000546465320_Node0_Node8_Zero, Node2 id 2000546465320_Node0_Node8_Zero was a dupe; retransmit: 0, pkt_enqueue_time=2004651421940.816, pkt_dequeue_time=2004651421940.816, forwarded_or_dropped=1, reason_for_drop='Expiry'
DUPE: 2000551925872_Node0_Node8_Zero, Node2 id 2000551925872_Node0_Node8_Zero was a dupe; retransmit: 0, pkt_enqueue_time=2004651421940.816, pkt_dequeue_time=2004651421940.816, forwarded_or_dropped=1, reason_for_drop='Expiry'
DUPE: 2001021862812_Node0_Node8_Zero, Node1 id 2001021862812_Node0_Node8_Zero was a dupe; retransmit: 0, pkt_enqueue_time=2004667381717.4524, pkt_dequeue_time=2004667381717.4524, forwarded_or_dropped=1, reason_for_drop='Expiry'
DUPE: 2001027323738_Node0_Node8_Zero, Node1 id 2001027323738_Node0_Node8_Zero was a dupe; retransmit: 0, pkt_enqueue_time=2004667381717.4524, pkt_dequeue_time=2004667381717.4524, forwarded_or_dropped=1, reason_for_drop='Expiry'
DUPE: 2000950809287_Node0_Node8_Zero, Node2 id 2000950809287_Node0_Node8_Zero was a dupe; retransmit: 0, pkt_enqueue_time=2004699985717.0889, pkt_dequeue_time=2004699985717.0889, forwarded_or_dropped=1, reason_for_drop='Expiry'
DUPE: 2000803275396_Node0_Node8_Zero, Node1 id 2000803275396_Node0_Node8_Zero was a dupe; retransmit: 0, pkt_enqueue_time=2004706207189.7253, pkt_dequeue_time=2004706207189.7253, forwarded_or_dropped=1, reason_for_drop='Expiry'
DUPE: 2000808736132_Node0_Node8_Zero, Node1 id 2000808736132_Node0_Node8_Zero was a dupe; retransmit: 0, pkt_enqueue_time=2004706207189.7253, pkt_dequeue_time=2004706207189.7253, forwarded_or_dropped=1, reason_for_drop='Expiry'
DUPE: 2000939884496_Node0_Node8_Zero, Node2 id 2000939884496_Node0_Node8_Zero was a dupe; retransmit: 0, pkt_enqueue_time=2004726232007.5435, pkt_dequeue_time=2004726232007.5435, forwarded_or_dropped=1, reason_for_drop='Expiry'
DUPE: 2000404385977_Node0_Node8_Zero, Node1 id 2000404385977_Node0_Node8_Zero was a dupe; retransmit: 0, pkt_enqueue_time=2004743027589.7253, pkt_dequeue_time=2004743027589.7253, forwarded_or_dropped=1, reason_for_drop='Expiry'
DUPE: 2000409854358_Node0_Node8_Zero, Node1 id 2000409854358_Node0_Node8_Zero was a dupe; retransmit: 0, pkt_enqueue_time=2004746944461.7253, pkt_dequeue_time=2004746944461.7253, forwarded_or_dropped=1, reason_for_drop='Expiry'
DUPE: 2000836057193_Node0_Node8_Zero, Node1 id 2000836057193_Node0_Node8_Zero was a dupe; retransmit: 0, pkt_enqueue_time=2004792651425.3618, pkt_dequeue_time=2004792651425.3618, forwarded_or_dropped=1, reason_for_drop='Expiry'
DUPE: 2000841519737_Node0_Node8_Zero, Node1 id 2000841519737_Node0_Node8_Zero was a dupe; retransmit: 0, pkt_enqueue_time=2004792651425.3618, pkt_dequeue_time=2004792651425.3618, forwarded_or_dropped=1, reason_for_drop='Expiry'
Node.py: (Node0)@2004800000000.0: Updated MCS from 1 to 1, hist=deque([0.7397260273972602, 0.0273972602739726, 0.0, 0.0, 0.0], maxlen=5), packets_serviced=0, packets_received=73
Called Update: UpdateRouteCalls = 0, force = False
Node.py: (Node1)@2004800000000.0: Updated MCS from 1 to 1, hist=deque([0.0, 0.0, 0.0, 0.0, 0.7083333333333334], maxlen=5), packets_serviced=17, packets_received=24
Called Update: UpdateRouteCalls = 1, force = False
Node.py: (Node2)@2004800000000.0: Updated MCS from 1 to 1, hist=deque([1.1666666666666667, 2.0, 0.0, 0.0, 0.14285714285714285], maxlen=5), packets_serviced=5, packets_received=35
Called Update: UpdateRouteCalls = 2, force = False
Node.py: (Node3)@2004800000000.0: Updated MCS from 1 to 1, hist=deque([0.36363636363636365, 0.23655913978494625, 0.0, 0.0, 0.3333333333333333], maxlen=5), packets_serviced=3, packets_received=9
Called Update: UpdateRouteCalls = 3, force = False
Node.py: (Node4)@2004800000000.0: Updated MCS from 1 to 1, hist=deque([0.0, 0.04, 1.5263157894736843, 0.0, 0.75], maxlen=5), packets_serviced=3, packets_received=4
Called Update: UpdateRouteCalls = 4, force = False
Node.py: (Node5)@2004800000000.0: Updated MCS from 1 to 1, hist=deque([0.3333333333333333, 0.25, 0.5147058823529411, 0.0, 0.5], maxlen=5), packets_serviced=1, packets_received=2
Called Update: UpdateRouteCalls = 5, force = False
Node.py: (Node6)@2004800000000.0: Updated MCS from 0 to 0, hist=deque([0.0, 0.0, 3.0, 0.3684210526315789, 0.3333333333333333], maxlen=5), packets_serviced=1, packets_received=3
Called Update: UpdateRouteCalls = 6, force = False
Node.py: (Node7)@2004800000000.0: Updated MCS from 1 to 1, hist=deque([0.0, 0.21212121212121213, 0.32, 0.0, 0.3333333333333333], maxlen=5), packets_serviced=1, packets_received=3
Called Update: UpdateRouteCalls = 7, force = False
Called Update: UpdateRouteCalls = 8, force = False
Called Update: UpdateRouteCalls = 9, force = False
Called Update: UpdateRouteCalls = 10, force = False
Called Update: UpdateRouteCalls = 11, force = False
Called Update: UpdateRouteCalls = 12, force = False
Called Update: UpdateRouteCalls = 13, force = False
Called Update: UpdateRouteCalls = 14, force = False
Called Update: UpdateRouteCalls = 15, force = False
Called Update: UpdateRouteCalls = 16, force = False
Called Update: UpdateRouteCalls = 17, force = False
!! UPDATING !!
routeNo, updatedMCSIndex =  0 [1, 1, 1, 1, 1, 1, 0, 1]
DUPE: 2000486362016_Node0_Node8_Zero, Node2 id 2000486362016_Node0_Node8_Zero was a dupe; retransmit: 0, pkt_enqueue_time=2004813459243.18, pkt_dequeue_time=2004813459243.18, forwarded_or_dropped=1, reason_for_drop='Expiry'
DUPE: 2000491824026_Node0_Node8_Zero, Node2 id 2000491824026_Node0_Node8_Zero was a dupe; retransmit: 0, pkt_enqueue_time=2004813459243.18, pkt_dequeue_time=2004813459243.18, forwarded_or_dropped=1, reason_for_drop='Expiry'
DUPE: 2001065568794_Node0_Node8_Zero, Node1 id 2001065568794_Node0_Node8_Zero was a dupe; retransmit: 0, pkt_enqueue_time=2004832201743.3618, pkt_dequeue_time=2004832201743.3618, forwarded_or_dropped=1, reason_for_drop='Expiry'
DUPE: 2000628418773_Node0_Node8_Zero, Node2 id 2000628418773_Node0_Node8_Zero was a dupe; retransmit: 0, pkt_enqueue_time=2004877332961.18, pkt_dequeue_time=2004877332961.18, forwarded_or_dropped=1, reason_for_drop='Expiry'
DUPE: 2000901630718_Node0_Node8_Zero, Node1 id 2000901630718_Node0_Node8_Zero was a dupe; retransmit: 0, pkt_enqueue_time=2004894854543.3618, pkt_dequeue_time=2004894854543.3618, forwarded_or_dropped=1, reason_for_drop='Expiry'
DUPE: 2000901630718_Node0_Node8_Zero, Node2 id 2000901630718_Node0_Node8_Zero was a dupe; retransmit: 0, pkt_enqueue_time=2004916516361.18, pkt_dequeue_time=2004916516361.18, forwarded_or_dropped=1, reason_for_drop='Expiry'
DUPE: 2001934451923_Node0_Node8_Zero, Node2 id 2001934451923_Node0_Node8_Zero was a dupe; retransmit: 0, pkt_enqueue_time=2004942002829.3623, pkt_dequeue_time=2004942002829.3623, forwarded_or_dropped=1, reason_for_drop='Expiry'
DUPE: 2001961772254_Node0_Node8_Zero, Node5 id 2001961772254_Node0_Node8_Zero was a dupe; retransmit: 0, pkt_enqueue_time=2004961917113.5447, pkt_dequeue_time=2004961917113.5447, forwarded_or_dropped=1, reason_for_drop='Expiry'
DUPE: 2001961772254_Node0_Node8_Zero, Node4 id 2001961772254_Node0_Node8_Zero was a dupe; retransmit: 0, pkt_enqueue_time=2004962959549.5447, pkt_dequeue_time=2004962959549.5447, forwarded_or_dropped=1, reason_for_drop='Expiry'
DUPE: 2001961772254_Node0_Node8_Zero, Node5 id 2001961772254_Node0_Node8_Zero was a dupe; retransmit: 0, pkt_enqueue_time=2004965517002.454, pkt_dequeue_time=2004965517002.454, forwarded_or_dropped=1, reason_for_drop='Expiry'
DUPE: 2001978163629_Node0_Node8_Zero, Node4 id 2001978163629_Node0_Node8_Zero was a dupe; retransmit: 0, pkt_enqueue_time=2004980105594.7278, pkt_dequeue_time=2004980105594.7278, forwarded_or_dropped=1, reason_for_drop='Expiry'
DUPE: 2001978163629_Node0_Node8_Zero, Node6 id 2001978163629_Node0_Node8_Zero was a dupe; retransmit: 0, pkt_enqueue_time=2004981220466.7278, pkt_dequeue_time=2004981220466.7278, forwarded_or_dropped=1, reason_for_drop='Expiry'
DUPE: 2001978163629_Node0_Node8_Zero, Node3 id 2001978163629_Node0_Node8_Zero was a dupe; retransmit: 0, pkt_enqueue_time=2004992238758.0913, pkt_dequeue_time=2004992238758.0913, forwarded_or_dropped=1, reason_for_drop='Expiry'
DUPE: 2001994564795_Node0_Node8_Zero, Node1 id 2001994564795_Node0_Node8_Zero was a dupe; retransmit: 0, pkt_enqueue_time=2004998116782.9094, pkt_dequeue_time=2004998116782.9094, forwarded_or_dropped=1, reason_for_drop='Expiry'
main.py: Progress: 2005 / 2014
Called Update: UpdateRouteCalls = 0, force = True
!! UPDATING !!
routeNo, updatedMCSIndex =  0 [1, 1, 1, 1, 1, 1, 0, 1]

rf.py: Time: 2005 Route details: {0: {'Route': [0, 1, 2, 3, 4, 5, 6, 7, 8], 'MCS_Index': [1, 1, 1, 1, 1, 1, 0, 1], 'Priority': 1, 'ValidRoute': True, 'HQRoute': True, 'RouteNodeDensity': [0, 0, 0, 0, 0, 2, 0, 0, 0], 'InterferingLinks': 16, 'Target': (-1, -1)}}
DUPE: 2002021878452_Node0_Node8_Zero, Node6 id 2002021878452_Node0_Node8_Zero was a dupe; retransmit: 0, pkt_enqueue_time=2005027694183.7283, pkt_dequeue_time=2005027694183.7283, forwarded_or_dropped=1, reason_for_drop='Expiry'
DUPE: 2002021878452_Node0_Node8_Zero, Node4 id 2002021878452_Node0_Node8_Zero was a dupe; retransmit: 0, pkt_enqueue_time=2005036875462.3645, pkt_dequeue_time=2005036875462.3645, forwarded_or_dropped=1, reason_for_drop='Expiry'
DUPE: 2002038267520_Node0_Node8_Zero, Node4 id 2002038267520_Node0_Node8_Zero was a dupe; retransmit: 0, pkt_enqueue_time=2005038772334.3645, pkt_dequeue_time=2005038772334.3645, forwarded_or_dropped=1, reason_for_drop='Expiry'
DUPE: 2002043732113_Node0_Node8_Zero, Node4 id 2002043732113_Node0_Node8_Zero was a dupe; retransmit: 0, pkt_enqueue_time=2005044771588.1826, pkt_dequeue_time=2005044771588.1826, forwarded_or_dropped=1, reason_for_drop='Expiry'
DUPE: 2002043732113_Node0_Node8_Zero, Node7 id 2002043732113_Node0_Node8_Zero was a dupe; retransmit: 0, pkt_enqueue_time=2005048003869.1826, pkt_dequeue_time=2005048003869.1826, forwarded_or_dropped=1, reason_for_drop='Expiry'
DUPE: 2002043732113_Node0_Node8_Zero, Node6 id 2002043732113_Node0_Node8_Zero was a dupe; retransmit: 0, pkt_enqueue_time=2005050467305.1826, pkt_dequeue_time=2005050467305.1826, forwarded_or_dropped=1, reason_for_drop='Expiry'
DUPE: 2002038267520_Node0_Node8_Zero, Node6 id 2002038267520_Node0_Node8_Zero was a dupe; retransmit: 0, pkt_enqueue_time=2005050467305.1826, pkt_dequeue_time=2005050467305.1826, forwarded_or_dropped=1, reason_for_drop='Expiry'
DUPE: 2002043732113_Node0_Node8_Zero, Node5 id 2002043732113_Node0_Node8_Zero was a dupe; retransmit: 0, pkt_enqueue_time=2005071760909.911, pkt_dequeue_time=2005071760909.911, forwarded_or_dropped=1, reason_for_drop='Expiry'
DUPE: 2002081971125_Node0_Node8_Zero, Node4 id 2002081971125_Node0_Node8_Zero was a dupe; retransmit: 0, pkt_enqueue_time=2005081980851.8203, pkt_dequeue_time=2005081980851.8203, forwarded_or_dropped=1, reason_for_drop='Expiry'
DUPE: 2002081971125_Node0_Node8_Zero, Node6 id 2002081971125_Node0_Node8_Zero was a dupe; retransmit: 0, pkt_enqueue_time=2005085731396.2756, pkt_dequeue_time=2005085731396.2756, forwarded_or_dropped=1, reason_for_drop='Expiry'
DUPE: 2002081971125_Node0_Node8_Zero, Node4 id 2002081971125_Node0_Node8_Zero was a dupe; retransmit: 0, pkt_enqueue_time=2005094937024.2764, pkt_dequeue_time=2005094937024.2764, forwarded_or_dropped=1, reason_for_drop='Expiry'
DUPE: 2002081971125_Node0_Node8_Zero, Node2 id 2002081971125_Node0_Node8_Zero was a dupe; retransmit: 0, pkt_enqueue_time=2005125727056.0044, pkt_dequeue_time=2005125727056.0044, forwarded_or_dropped=1, reason_for_drop='Expiry'
DUPE: 2002092903183_Node0_Node8_Zero, Node1 id 2002092903183_Node0_Node8_Zero was a dupe; retransmit: 0, pkt_enqueue_time=2005129822150.7322, pkt_dequeue_time=2005129822150.7322, forwarded_or_dropped=1, reason_for_drop='Expiry'
DUPE: 2002098371776_Node0_Node8_Zero, Node1 id 2002098371776_Node0_Node8_Zero was a dupe; retransmit: 0, pkt_enqueue_time=2005129822150.7322, pkt_dequeue_time=2005129822150.7322, forwarded_or_dropped=1, reason_for_drop='Expiry'
DUPE: 2002114771478_Node0_Node8_Zero, Node1 id 2002114771478_Node0_Node8_Zero was a dupe; retransmit: 0, pkt_enqueue_time=2005152800329.6416, pkt_dequeue_time=2005152800329.6416, forwarded_or_dropped=1, reason_for_drop='Expiry'
DUPE: 2002087438925_Node0_Node8_Zero, Node2 id 2002087438925_Node0_Node8_Zero was a dupe; retransmit: 0, pkt_enqueue_time=2005158199226.8232, pkt_dequeue_time=2005158199226.8232, forwarded_or_dropped=1, reason_for_drop='Expiry'
DUPE: 2002092903183_Node0_Node8_Zero, Node2 id 2002092903183_Node0_Node8_Zero was a dupe; retransmit: 0, pkt_enqueue_time=2005158199226.8232, pkt_dequeue_time=2005158199226.8232, forwarded_or_dropped=1, reason_for_drop='Expiry'
DUPE: 2002016418033_Node0_Node8_Zero, Node1 id 2002016418033_Node0_Node8_Zero was a dupe; retransmit: 0, pkt_enqueue_time=2005161979386.9146, pkt_dequeue_time=2005161979386.9146, forwarded_or_dropped=1, reason_for_drop='Expiry'
DUPE: 2002021878452_Node0_Node8_Zero, Node1 id 2002021878452_Node0_Node8_Zero was a dupe; retransmit: 0, pkt_enqueue_time=2005161979386.9146, pkt_dequeue_time=2005161979386.9146, forwarded_or_dropped=1, reason_for_drop='Expiry'
DUPE: 2002185801604_Node0_Node8_Zero, Node7 id 2002185801604_Node0_Node8_Zero was a dupe; retransmit: 0, pkt_enqueue_time=2005188472786.4602, pkt_dequeue_time=2005188472786.4602, forwarded_or_dropped=1, reason_for_drop='Expiry'
DUPE: 2002191264949_Node0_Node8_Zero, Node4 id 2002191264949_Node0_Node8_Zero was a dupe; retransmit: 0, pkt_enqueue_time=2005192514518.6426, pkt_dequeue_time=2005192514518.6426, forwarded_or_dropped=1, reason_for_drop='Expiry'
DUPE: 2002185801604_Node0_Node8_Zero, Node6 id 2002185801604_Node0_Node8_Zero was a dupe; retransmit: 0, pkt_enqueue_time=2005194512390.6426, pkt_dequeue_time=2005194512390.6426, forwarded_or_dropped=1, reason_for_drop='Expiry'
DUPE: 2002191264949_Node0_Node8_Zero, Node6 id 2002191264949_Node0_Node8_Zero was a dupe; retransmit: 0, pkt_enqueue_time=2005194512390.6426, pkt_dequeue_time=2005194512390.6426, forwarded_or_dropped=1, reason_for_drop='Expiry'
DUPE: 2002185801604_Node0_Node8_Zero, Node3 id 2002185801604_Node0_Node8_Zero was a dupe; retransmit: 0, pkt_enqueue_time=2005196719856.3699, pkt_dequeue_time=2005196719856.3699, forwarded_or_dropped=1, reason_for_drop='Expiry'
DUPE: 2002191264949_Node0_Node8_Zero, Node3 id 2002191264949_Node0_Node8_Zero was a dupe; retransmit: 0, pkt_enqueue_time=2005196719856.3699, pkt_dequeue_time=2005196719856.3699, forwarded_or_dropped=1, reason_for_drop='Expiry'
Node.py: (Node0)@2005200000000.0: Updated MCS from 1 to 1, hist=deque([0.0273972602739726, 0.0, 0.0, 0.0, 0.8767123287671232], maxlen=5), packets_serviced=64, packets_received=73
Called Update: UpdateRouteCalls = 0, force = False
Node.py: (Node1)@2005200000000.0: Updated MCS from 1 to 1, hist=deque([0.0, 0.0, 0.0, 0.7083333333333334, 0.41818181818181815], maxlen=5), packets_serviced=46, packets_received=110
Called Update: UpdateRouteCalls = 1, force = False
Node.py: (Node2)@2005200000000.0: Updated MCS from 1 to 1, hist=deque([2.0, 0.0, 0.0, 0.14285714285714285, 0.3877551020408163], maxlen=5), packets_serviced=19, packets_received=49
Called Update: UpdateRouteCalls = 2, force = False
Node.py: (Node3)@2005200000000.0: Updated MCS from 1 to 1, hist=deque([0.23655913978494625, 0.0, 0.0, 0.3333333333333333, 0.3333333333333333], maxlen=5), packets_serviced=8, packets_received=24
Called Update: UpdateRouteCalls = 3, force = False
Node.py: (Node4)@2005200000000.0: Updated MCS from 1 to 1, hist=deque([0.04, 1.5263157894736843, 0.0, 0.75, 0.38095238095238093], maxlen=5), packets_serviced=8, packets_received=21
Called Update: UpdateRouteCalls = 4, force = False
Node.py: (Node5)@2005200000000.0: Updated MCS from 1 to 1, hist=deque([0.25, 0.5147058823529411, 0.0, 0.5, 0.5333333333333333], maxlen=5), packets_serviced=8, packets_received=15
Called Update: UpdateRouteCalls = 5, force = False
Node.py: (Node6)@2005200000000.0: Updated MCS from 0 to 0, hist=deque([0.0, 3.0, 0.3684210526315789, 0.3333333333333333, 0.3888888888888889], maxlen=5), packets_serviced=7, packets_received=18
Called Update: UpdateRouteCalls = 6, force = False
Node.py: (Node7)@2005200000000.0: Updated MCS from 1 to 1, hist=deque([0.21212121212121213, 0.32, 0.0, 0.3333333333333333, 0.2222222222222222], maxlen=5), packets_serviced=2, packets_received=9
Called Update: UpdateRouteCalls = 7, force = False
Called Update: UpdateRouteCalls = 8, force = False
Called Update: UpdateRouteCalls = 9, force = False
Called Update: UpdateRouteCalls = 10, force = False
Called Update: UpdateRouteCalls = 11, force = False
Called Update: UpdateRouteCalls = 12, force = False
Called Update: UpdateRouteCalls = 13, force = False
Called Update: UpdateRouteCalls = 14, force = False
Called Update: UpdateRouteCalls = 15, force = False
Called Update: UpdateRouteCalls = 16, force = False
Called Update: UpdateRouteCalls = 17, force = False
!! UPDATING !!
routeNo, updatedMCSIndex =  0 [1, 1, 1, 1, 1, 1, 0, 1]
DUPE: 2002191264949_Node0_Node8_Zero, Node5 id 2002191264949_Node0_Node8_Zero was a dupe; retransmit: 0, pkt_enqueue_time=2005204377128.5515, pkt_dequeue_time=2005204377128.5515, forwarded_or_dropped=1, reason_for_drop='Expiry'
DUPE: 2002213125617_Node0_Node8_Zero, Node4 id 2002213125617_Node0_Node8_Zero was a dupe; retransmit: 0, pkt_enqueue_time=2005213566103.006, pkt_dequeue_time=2005213566103.006, forwarded_or_dropped=1, reason_for_drop='Expiry'
DUPE: 2002207658479_Node0_Node8_Zero, Node3 id 2002207658479_Node0_Node8_Zero was a dupe; retransmit: 0, pkt_enqueue_time=2005215496020.0974, pkt_dequeue_time=2005215496020.0974, forwarded_or_dropped=1, reason_for_drop='Expiry'
DUPE: 2002213125617_Node0_Node8_Zero, Node7 id 2002213125617_Node0_Node8_Zero was a dupe; retransmit: 0, pkt_enqueue_time=2005215677550.5515, pkt_dequeue_time=2005215677550.5515, forwarded_or_dropped=1, reason_for_drop='Expiry'
DUPE: 2002213125617_Node0_Node8_Zero, Node6 id 2002213125617_Node0_Node8_Zero was a dupe; retransmit: 0, pkt_enqueue_time=2005217047986.5515, pkt_dequeue_time=2005217047986.5515, forwarded_or_dropped=1, reason_for_drop='Expiry'
DUPE: 2002229518342_Node0_Node8_Zero, Node3 id 2002229518342_Node0_Node8_Zero was a dupe; retransmit: 0, pkt_enqueue_time=2005235366778.9153, pkt_dequeue_time=2005235366778.9153, forwarded_or_dropped=1, reason_for_drop='Expiry'
DUPE: 2002229518342_Node0_Node8_Zero, Node2 id 2002229518342_Node0_Node8_Zero was a dupe; retransmit: 0, pkt_enqueue_time=2005236664214.9153, pkt_dequeue_time=2005236664214.9153, forwarded_or_dropped=1, reason_for_drop='Expiry'
DUPE: 2002251386407_Node0_Node8_Zero, Node5 id 2002251386407_Node0_Node8_Zero was a dupe; retransmit: 0, pkt_enqueue_time=2005252200473.5518, pkt_dequeue_time=2005252200473.5518, forwarded_or_dropped=1, reason_for_drop='Expiry'
DUPE: 2002251386407_Node0_Node8_Zero, Node4 id 2002251386407_Node0_Node8_Zero was a dupe; retransmit: 0, pkt_enqueue_time=2005253278909.5518, pkt_dequeue_time=2005253278909.5518, forwarded_or_dropped=1, reason_for_drop='Expiry'
DUPE: 2002251386407_Node0_Node8_Zero, Node3 id 2002251386407_Node0_Node8_Zero was a dupe; retransmit: 0, pkt_enqueue_time=2005262110854.6433, pkt_dequeue_time=2005262110854.6433, forwarded_or_dropped=1, reason_for_drop='Expiry'
DUPE: 2002245920548_Node0_Node8_Zero, Node2 id 2002245920548_Node0_Node8_Zero was a dupe; retransmit: 0, pkt_enqueue_time=2005264112290.6433, pkt_dequeue_time=2005264112290.6433, forwarded_or_dropped=1, reason_for_drop='Expiry'
DUPE: 2002278707585_Node0_Node8_Zero, Node2 id 2002278707585_Node0_Node8_Zero was a dupe; retransmit: 0, pkt_enqueue_time=2005279513647.4624, pkt_dequeue_time=2005279513647.4624, forwarded_or_dropped=1, reason_for_drop='Expiry'
DUPE: 2002284174916_Node0_Node8_Zero, Node1 id 2002284174916_Node0_Node8_Zero was a dupe; retransmit: 0, pkt_enqueue_time=2005289955464.5535, pkt_dequeue_time=2005289955464.5535, forwarded_or_dropped=1, reason_for_drop='Expiry'
DUPE: 2002295098930_Node0_Node8_Zero, Node2 id 2002295098930_Node0_Node8_Zero was a dupe; retransmit: 0, pkt_enqueue_time=2005305786481.3718, pkt_dequeue_time=2005305786481.3718, forwarded_or_dropped=1, reason_for_drop='Expiry'
DUPE: 2002300568081_Node0_Node8_Zero, Node2 id 2002300568081_Node0_Node8_Zero was a dupe; retransmit: 0, pkt_enqueue_time=2005305786481.3718, pkt_dequeue_time=2005305786481.3718, forwarded_or_dropped=1, reason_for_drop='Expiry'
DUPE: 2002316960804_Node0_Node8_Zero, Node3 id 2002316960804_Node0_Node8_Zero was a dupe; retransmit: 0, pkt_enqueue_time=2005326891698.3726, pkt_dequeue_time=2005326891698.3726, forwarded_or_dropped=1, reason_for_drop='Expiry'
DUPE: 2002338825097_Node0_Node8_Zero, Node1 id 2002338825097_Node0_Node8_Zero was a dupe; retransmit: 0, pkt_enqueue_time=2005346845917.3728, pkt_dequeue_time=2005346845917.3728, forwarded_or_dropped=1, reason_for_drop='Expiry'
DUPE: 2002371607105_Node0_Node8_Zero, Node4 id 2002371607105_Node0_Node8_Zero was a dupe; retransmit: 0, pkt_enqueue_time=2005373413801.01, pkt_dequeue_time=2005373413801.01, forwarded_or_dropped=1, reason_for_drop='Expiry'
DUPE: 2002371607105_Node0_Node8_Zero, Node7 id 2002371607105_Node0_Node8_Zero was a dupe; retransmit: 0, pkt_enqueue_time=2005374543136.01, pkt_dequeue_time=2005374543136.01, forwarded_or_dropped=1, reason_for_drop='Expiry'
DUPE: 2002371607105_Node0_Node8_Zero, Node6 id 2002371607105_Node0_Node8_Zero was a dupe; retransmit: 0, pkt_enqueue_time=2005376641308.6462, pkt_dequeue_time=2005376641308.6462, forwarded_or_dropped=1, reason_for_drop='Expiry'
DUPE: 2002388010017_Node0_Node8_Zero, Node7 id 2002388010017_Node0_Node8_Zero was a dupe; retransmit: 0, pkt_enqueue_time=2005389139302.0103, pkt_dequeue_time=2005389139302.0103, forwarded_or_dropped=1, reason_for_drop='Expiry'
DUPE: 2002388010017_Node0_Node8_Zero, Node6 id 2002388010017_Node0_Node8_Zero was a dupe; retransmit: 0, pkt_enqueue_time=2005390801980.0103, pkt_dequeue_time=2005390801980.0103, forwarded_or_dropped=1, reason_for_drop='Expiry'
DUPE: 2002388010017_Node0_Node8_Zero, Node5 id 2002388010017_Node0_Node8_Zero was a dupe; retransmit: 0, pkt_enqueue_time=2005392153516.0103, pkt_dequeue_time=2005392153516.0103, forwarded_or_dropped=1, reason_for_drop='Expiry'
DUPE: 2002388010017_Node0_Node8_Zero, Node4 id 2002388010017_Node0_Node8_Zero was a dupe; retransmit: 0, pkt_enqueue_time=2005395643307.2832, pkt_dequeue_time=2005395643307.2832, forwarded_or_dropped=1, reason_for_drop='Expiry'
DUPE: 2002388010017_Node0_Node8_Zero, Node3 id 2002388010017_Node0_Node8_Zero was a dupe; retransmit: 0, pkt_enqueue_time=2005396708477.92, pkt_dequeue_time=2005396708477.92, forwarded_or_dropped=1, reason_for_drop='Expiry'
DUPE: 2002415345387_Node0_Node8_Zero, Node3 id 2002415345387_Node0_Node8_Zero was a dupe; retransmit: 0, pkt_enqueue_time=2005421888735.7385, pkt_dequeue_time=2005421888735.7385, forwarded_or_dropped=1, reason_for_drop='Expiry'
DUPE: 2002420807094_Node0_Node8_Zero, Node3 id 2002420807094_Node0_Node8_Zero was a dupe; retransmit: 0, pkt_enqueue_time=2005421888735.7385, pkt_dequeue_time=2005421888735.7385, forwarded_or_dropped=1, reason_for_drop='Expiry'
DUPE: 2002420807094_Node0_Node8_Zero, Node6 id 2002420807094_Node0_Node8_Zero was a dupe; retransmit: 0, pkt_enqueue_time=2005423704842.7385, pkt_dequeue_time=2005423704842.7385, forwarded_or_dropped=1, reason_for_drop='Expiry'
DUPE: 2002398944058_Node0_Node8_Zero, Node2 id 2002398944058_Node0_Node8_Zero was a dupe; retransmit: 0, pkt_enqueue_time=2005425949546.1028, pkt_dequeue_time=2005425949546.1028, forwarded_or_dropped=1, reason_for_drop='Expiry'
DUPE: 2002409876196_Node0_Node8_Zero, Node2 id 2002409876196_Node0_Node8_Zero was a dupe; retransmit: 0, pkt_enqueue_time=2005425949546.1028, pkt_dequeue_time=2005425949546.1028, forwarded_or_dropped=1, reason_for_drop='Expiry'
DUPE: 2002420807094_Node0_Node8_Zero, Node7 id 2002420807094_Node0_Node8_Zero was a dupe; retransmit: 0, pkt_enqueue_time=2005426429660.5566, pkt_dequeue_time=2005426429660.5566, forwarded_or_dropped=1, reason_for_drop='Expiry'
DUPE: 2002420807094_Node0_Node8_Zero, Node5 id 2002420807094_Node0_Node8_Zero was a dupe; retransmit: 0, pkt_enqueue_time=2005430288216.7393, pkt_dequeue_time=2005430288216.7393, forwarded_or_dropped=1, reason_for_drop='Expiry'
DUPE: 2002420807094_Node0_Node8_Zero, Node4 id 2002420807094_Node0_Node8_Zero was a dupe; retransmit: 0, pkt_enqueue_time=2005433857109.0122, pkt_dequeue_time=2005433857109.0122, forwarded_or_dropped=1, reason_for_drop='Expiry'
DUPE: 2002437196891_Node0_Node8_Zero, Node2 id 2002437196891_Node0_Node8_Zero was a dupe; retransmit: 0, pkt_enqueue_time=2005443580024.8306, pkt_dequeue_time=2005443580024.8306, forwarded_or_dropped=1, reason_for_drop='Expiry'
DUPE: 2002442664467_Node0_Node8_Zero, Node2 id 2002442664467_Node0_Node8_Zero was a dupe; retransmit: 0, pkt_enqueue_time=2005443580024.8306, pkt_dequeue_time=2005443580024.8306, forwarded_or_dropped=1, reason_for_drop='Expiry'
DUPE: 2002442664467_Node0_Node8_Zero, Node3 id 2002442664467_Node0_Node8_Zero was a dupe; retransmit: 0, pkt_enqueue_time=2005450017860.1035, pkt_dequeue_time=2005450017860.1035, forwarded_or_dropped=1, reason_for_drop='Expiry'
DUPE: 2002464519605_Node0_Node8_Zero, Node2 id 2002464519605_Node0_Node8_Zero was a dupe; retransmit: 0, pkt_enqueue_time=2005465764336.4675, pkt_dequeue_time=2005465764336.4675, forwarded_or_dropped=1, reason_for_drop='Expiry'
DUPE: 2002491844285_Node0_Node8_Zero, Node3 id 2002491844285_Node0_Node8_Zero was a dupe; retransmit: 0, pkt_enqueue_time=2005506482592.1965, pkt_dequeue_time=2005506482592.1965, forwarded_or_dropped=1, reason_for_drop='Expiry'
DUPE: 2002508241407_Node0_Node8_Zero, Node3 id 2002508241407_Node0_Node8_Zero was a dupe; retransmit: 0, pkt_enqueue_time=2005512175965.1965, pkt_dequeue_time=2005512175965.1965, forwarded_or_dropped=1, reason_for_drop='Expiry'
DUPE: 2002513710696_Node0_Node8_Zero, Node7 id 2002513710696_Node0_Node8_Zero was a dupe; retransmit: 0, pkt_enqueue_time=2005517348104.9226, pkt_dequeue_time=2005517348104.9226, forwarded_or_dropped=1, reason_for_drop='Expiry'
DUPE: 2002513710696_Node0_Node8_Zero, Node6 id 2002513710696_Node0_Node8_Zero was a dupe; retransmit: 0, pkt_enqueue_time=2005518493540.9226, pkt_dequeue_time=2005518493540.9226, forwarded_or_dropped=1, reason_for_drop='Expiry'
DUPE: 2002519177161_Node0_Node8_Zero, Node3 id 2002519177161_Node0_Node8_Zero was a dupe; retransmit: 0, pkt_enqueue_time=2005520503144.833, pkt_dequeue_time=2005520503144.833, forwarded_or_dropped=1, reason_for_drop='Expiry'
DUPE: 2002513710696_Node0_Node8_Zero, Node5 id 2002513710696_Node0_Node8_Zero was a dupe; retransmit: 0, pkt_enqueue_time=2005522994479.4695, pkt_dequeue_time=2005522994479.4695, forwarded_or_dropped=1, reason_for_drop='Expiry'
DUPE: 2002513710696_Node0_Node8_Zero, Node4 id 2002513710696_Node0_Node8_Zero was a dupe; retransmit: 0, pkt_enqueue_time=2005524249915.4695, pkt_dequeue_time=2005524249915.4695, forwarded_or_dropped=1, reason_for_drop='Expiry'
DUPE: 2002513710696_Node0_Node8_Zero, Node1 id 2002513710696_Node0_Node8_Zero was a dupe; retransmit: 0, pkt_enqueue_time=2005530116253.9243, pkt_dequeue_time=2005530116253.9243, forwarded_or_dropped=1, reason_for_drop='Expiry'
DUPE: 2002530103561_Node0_Node8_Zero, Node5 id 2002530103561_Node0_Node8_Zero was a dupe; retransmit: 0, pkt_enqueue_time=2005532082084.6511, pkt_dequeue_time=2005532082084.6511, forwarded_or_dropped=1, reason_for_drop='Expiry'
DUPE: 2002535563377_Node0_Node8_Zero, Node5 id 2002535563377_Node0_Node8_Zero was a dupe; retransmit: 0, pkt_enqueue_time=2005537639817.0146, pkt_dequeue_time=2005537639817.0146, forwarded_or_dropped=1, reason_for_drop='Expiry'
DUPE: 2002453597306_Node0_Node8_Zero, Node1 id 2002453597306_Node0_Node8_Zero was a dupe; retransmit: 0, pkt_enqueue_time=2005539442010.47, pkt_dequeue_time=2005539442010.47, forwarded_or_dropped=1, reason_for_drop='Expiry'
DUPE: 2002535563377_Node0_Node8_Zero, Node4 id 2002535563377_Node0_Node8_Zero was a dupe; retransmit: 0, pkt_enqueue_time=2005539542253.0146, pkt_dequeue_time=2005539542253.0146, forwarded_or_dropped=1, reason_for_drop='Expiry'
DUPE: 2002530103561_Node0_Node8_Zero, Node2 id 2002530103561_Node0_Node8_Zero was a dupe; retransmit: 0, pkt_enqueue_time=2005540865024.0146, pkt_dequeue_time=2005540865024.0146, forwarded_or_dropped=1, reason_for_drop='Expiry'
DUPE: 2002218594063_Node0_Node8_Zero, Node1 id 2002218594063_Node0_Node8_Zero was a dupe; retransmit: 0, pkt_enqueue_time=2005545281889.1064, pkt_dequeue_time=2005545281889.1064, forwarded_or_dropped=1, reason_for_drop='Expiry'
DUPE: 2002535563377_Node0_Node8_Zero, Node3 id 2002535563377_Node0_Node8_Zero was a dupe; retransmit: 0, pkt_enqueue_time=2005546391753.8328, pkt_dequeue_time=2005546391753.8328, forwarded_or_dropped=1, reason_for_drop='Expiry'
DUPE: 2002158482241_Node0_Node8_Zero, Node1 id 2002158482241_Node0_Node8_Zero was a dupe; retransmit: 0, pkt_enqueue_time=2005551283725.47, pkt_dequeue_time=2005551283725.47, forwarded_or_dropped=1, reason_for_drop='Expiry'
DUPE: 2002163942495_Node0_Node8_Zero, Node1 id 2002163942495_Node0_Node8_Zero was a dupe; retransmit: 0, pkt_enqueue_time=2005551283725.47, pkt_dequeue_time=2005551283725.47, forwarded_or_dropped=1, reason_for_drop='Expiry'
DUPE: 2002273243784_Node0_Node8_Zero, Node1 id 2002273243784_Node0_Node8_Zero was a dupe; retransmit: 0, pkt_enqueue_time=2005556466289.1064, pkt_dequeue_time=2005556466289.1064, forwarded_or_dropped=1, reason_for_drop='Expiry'
DUPE: 2002513710696_Node0_Node8_Zero, Node3 id 2002513710696_Node0_Node8_Zero was a dupe; retransmit: 0, pkt_enqueue_time=2005557824092.1963, pkt_dequeue_time=2005557824092.1963, forwarded_or_dropped=1, reason_for_drop='Expiry'
DUPE: 2002300568081_Node0_Node8_Zero, Node1 id 2002300568081_Node0_Node8_Zero was a dupe; retransmit: 0, pkt_enqueue_time=2005560373863.1963, pkt_dequeue_time=2005560373863.1963, forwarded_or_dropped=1, reason_for_drop='Expiry'
DUPE: 2002306029841_Node0_Node8_Zero, Node1 id 2002306029841_Node0_Node8_Zero was a dupe; retransmit: 0, pkt_enqueue_time=2005560373863.1963, pkt_dequeue_time=2005560373863.1963, forwarded_or_dropped=1, reason_for_drop='Expiry'
DUPE: 2002464519605_Node0_Node8_Zero, Node1 id 2002464519605_Node0_Node8_Zero was a dupe; retransmit: 0, pkt_enqueue_time=2005566636426.8328, pkt_dequeue_time=2005566636426.8328, forwarded_or_dropped=1, reason_for_drop='Expiry'
DUPE: 2002213125617_Node0_Node8_Zero, Node3 id 2002213125617_Node0_Node8_Zero was a dupe; retransmit: 0, pkt_enqueue_time=2005570705714.5598, pkt_dequeue_time=2005570705714.5598, forwarded_or_dropped=1, reason_for_drop='Expiry'
DUPE: 2002147554602_Node0_Node8_Zero, Node1 id 2002147554602_Node0_Node8_Zero was a dupe; retransmit: 0, pkt_enqueue_time=2005572938990.4692, pkt_dequeue_time=2005572938990.4692, forwarded_or_dropped=1, reason_for_drop='Expiry'
DUPE: 2002153022221_Node0_Node8_Zero, Node1 id 2002153022221_Node0_Node8_Zero was a dupe; retransmit: 0, pkt_enqueue_time=2005572938990.4692, pkt_dequeue_time=2005572938990.4692, forwarded_or_dropped=1, reason_for_drop='Expiry'
DUPE: 2002027342891_Node0_Node8_Zero, Node1 id 2002027342891_Node0_Node8_Zero was a dupe; retransmit: 0, pkt_enqueue_time=2005579450554.1057, pkt_dequeue_time=2005579450554.1057, forwarded_or_dropped=1, reason_for_drop='Expiry'
DUPE: 2002032805202_Node0_Node8_Zero, Node1 id 2002032805202_Node0_Node8_Zero was a dupe; retransmit: 0, pkt_enqueue_time=2005579450554.1057, pkt_dequeue_time=2005579450554.1057, forwarded_or_dropped=1, reason_for_drop='Expiry'
DUPE: 2002049194051_Node0_Node8_Zero, Node1 id 2002049194051_Node0_Node8_Zero was a dupe; retransmit: 0, pkt_enqueue_time=2005582167426.1057, pkt_dequeue_time=2005582167426.1057, forwarded_or_dropped=1, reason_for_drop='Expiry'
DUPE: 2002054659445_Node0_Node8_Zero, Node1 id 2002054659445_Node0_Node8_Zero was a dupe; retransmit: 0, pkt_enqueue_time=2005582167426.1057, pkt_dequeue_time=2005582167426.1057, forwarded_or_dropped=1, reason_for_drop='Expiry'
DUPE: 2002191264949_Node0_Node8_Zero, Node1 id 2002191264949_Node0_Node8_Zero was a dupe; retransmit: 0, pkt_enqueue_time=2005588835989.7422, pkt_dequeue_time=2005588835989.7422, forwarded_or_dropped=1, reason_for_drop='Expiry'
DUPE: 2002196730228_Node0_Node8_Zero, Node1 id 2002196730228_Node0_Node8_Zero was a dupe; retransmit: 0, pkt_enqueue_time=2005588835989.7422, pkt_dequeue_time=2005588835989.7422, forwarded_or_dropped=1, reason_for_drop='Expiry'
DUPE: 2002530103561_Node0_Node8_Zero, Node1 id 2002530103561_Node0_Node8_Zero was a dupe; retransmit: 0, pkt_enqueue_time=2005595698553.3787, pkt_dequeue_time=2005595698553.3787, forwarded_or_dropped=1, reason_for_drop='Expiry'
DUPE: 2002535563377_Node0_Node8_Zero, Node1 id 2002535563377_Node0_Node8_Zero was a dupe; retransmit: 0, pkt_enqueue_time=2005595698553.3787, pkt_dequeue_time=2005595698553.3787, forwarded_or_dropped=1, reason_for_drop='Expiry'
Node.py: (Node0)@2005600000000.0: Updated MCS from 1 to 1, hist=deque([0.0, 0.0, 0.0, 0.8767123287671232, 0.9041095890410958], maxlen=5), packets_serviced=66, packets_received=73
Called Update: UpdateRouteCalls = 0, force = False
Node.py: (Node1)@2005600000000.0: Updated MCS from 1 to 1, hist=deque([0.0, 0.0, 0.7083333333333334, 0.41818181818181815, 0.5], maxlen=5), packets_serviced=49, packets_received=98
Called Update: UpdateRouteCalls = 1, force = False
Node.py: (Node2)@2005600000000.0: Updated MCS from 1 to 1, hist=deque([0.0, 0.0, 0.14285714285714285, 0.3877551020408163, 0.5652173913043478], maxlen=5), packets_serviced=39, packets_received=69
Called Update: UpdateRouteCalls = 2, force = False
Node.py: (Node3)@2005600000000.0: Updated MCS from 1 to 1, hist=deque([0.0, 0.0, 0.3333333333333333, 0.3333333333333333, 0.36363636363636365], maxlen=5), packets_serviced=20, packets_received=55
Called Update: UpdateRouteCalls = 3, force = False
Node.py: (Node4)@2005600000000.0: Updated MCS from 1 to 1, hist=deque([1.5263157894736843, 0.0, 0.75, 0.38095238095238093, 0.2727272727272727], maxlen=5), packets_serviced=9, packets_received=33
Called Update: UpdateRouteCalls = 4, force = False
Node.py: (Node5)@2005600000000.0: Updated MCS from 1 to 1, hist=deque([0.5147058823529411, 0.0, 0.5, 0.5333333333333333, 0.42105263157894735], maxlen=5), packets_serviced=8, packets_received=19
Called Update: UpdateRouteCalls = 5, force = False
Node.py: (Node6)@2005600000000.0: Updated MCS from 0 to 0, hist=deque([3.0, 0.3684210526315789, 0.3333333333333333, 0.3888888888888889, 0.3125], maxlen=5), packets_serviced=5, packets_received=16
Called Update: UpdateRouteCalls = 6, force = False
Node.py: (Node7)@2005600000000.0: Updated MCS from 1 to 1, hist=deque([0.32, 0.0, 0.3333333333333333, 0.2222222222222222, 0.25], maxlen=5), packets_serviced=3, packets_received=12
Called Update: UpdateRouteCalls = 7, force = False
Called Update: UpdateRouteCalls = 8, force = False
Called Update: UpdateRouteCalls = 9, force = False
Called Update: UpdateRouteCalls = 10, force = False
Called Update: UpdateRouteCalls = 11, force = False
Called Update: UpdateRouteCalls = 12, force = False
Called Update: UpdateRouteCalls = 13, force = False
Called Update: UpdateRouteCalls = 14, force = False
Called Update: UpdateRouteCalls = 15, force = False
Called Update: UpdateRouteCalls = 16, force = False
Called Update: UpdateRouteCalls = 17, force = False
!! UPDATING !!
routeNo, updatedMCSIndex =  0 [1, 1, 1, 1, 1, 1, 0, 1]
DUPE: 2002606585025_Node0_Node8_Zero, Node1 id 2002606585025_Node0_Node8_Zero was a dupe; retransmit: 0, pkt_enqueue_time=2005617192421.7427, pkt_dequeue_time=2005617192421.7427, forwarded_or_dropped=1, reason_for_drop='Expiry'
DUPE: 2002612047080_Node0_Node8_Zero, Node1 id 2002612047080_Node0_Node8_Zero was a dupe; retransmit: 0, pkt_enqueue_time=2005617192421.7427, pkt_dequeue_time=2005617192421.7427, forwarded_or_dropped=1, reason_for_drop='Expiry'
DUPE: 2002633904392_Node0_Node8_Zero, Node1 id 2002633904392_Node0_Node8_Zero was a dupe; retransmit: 0, pkt_enqueue_time=2005635723386.3796, pkt_dequeue_time=2005635723386.3796, forwarded_or_dropped=1, reason_for_drop='Expiry'
DUPE: 2002628438735_Node0_Node8_Zero, Node2 id 2002628438735_Node0_Node8_Zero was a dupe; retransmit: 0, pkt_enqueue_time=2005637771204.1978, pkt_dequeue_time=2005637771204.1978, forwarded_or_dropped=1, reason_for_drop='Expiry'
DUPE: 2002644831349_Node0_Node8_Zero, Node2 id 2002644831349_Node0_Node8_Zero was a dupe; retransmit: 0, pkt_enqueue_time=2005647681953.1072, pkt_dequeue_time=2005647681953.1072, forwarded_or_dropped=1, reason_for_drop='Expiry'
DUPE: 2002699480043_Node0_Node8_Zero, Node6 id 2002699480043_Node0_Node8_Zero was a dupe; retransmit: 0, pkt_enqueue_time=2005701750497.109, pkt_dequeue_time=2005701750497.109, forwarded_or_dropped=1, reason_for_drop='Expiry'
DUPE: 2002699480043_Node0_Node8_Zero, Node7 id 2002699480043_Node0_Node8_Zero was a dupe; retransmit: 0, pkt_enqueue_time=2005704976314.927, pkt_dequeue_time=2005704976314.927, forwarded_or_dropped=1, reason_for_drop='Expiry'
DUPE: 2002699480043_Node0_Node8_Zero, Node5 id 2002699480043_Node0_Node8_Zero was a dupe; retransmit: 0, pkt_enqueue_time=2005708140954.5645, pkt_dequeue_time=2005708140954.5645, forwarded_or_dropped=1, reason_for_drop='Expiry'
DUPE: 2002710409242_Node0_Node8_Zero, Node4 id 2002710409242_Node0_Node8_Zero was a dupe; retransmit: 0, pkt_enqueue_time=2005713546938.11, pkt_dequeue_time=2005713546938.11, forwarded_or_dropped=1, reason_for_drop='Expiry'
DUPE: 2002699480043_Node0_Node8_Zero, Node3 id 2002699480043_Node0_Node8_Zero was a dupe; retransmit: 0, pkt_enqueue_time=2005721018193.292, pkt_dequeue_time=2005721018193.292, forwarded_or_dropped=1, reason_for_drop='Expiry'
DUPE: 2002710409242_Node0_Node8_Zero, Node3 id 2002710409242_Node0_Node8_Zero was a dupe; retransmit: 0, pkt_enqueue_time=2005724783447.11, pkt_dequeue_time=2005724783447.11, forwarded_or_dropped=1, reason_for_drop='Expiry'
DUPE: 2002715871445_Node0_Node8_Zero, Node2 id 2002715871445_Node0_Node8_Zero was a dupe; retransmit: 0, pkt_enqueue_time=2005734228158.565, pkt_dequeue_time=2005734228158.565, forwarded_or_dropped=1, reason_for_drop='Expiry'
DUPE: 2002754110674_Node0_Node8_Zero, Node4 id 2002754110674_Node0_Node8_Zero was a dupe; retransmit: 0, pkt_enqueue_time=2005755526239.0198, pkt_dequeue_time=2005755526239.0198, forwarded_or_dropped=1, reason_for_drop='Expiry'
DUPE: 2002748650327_Node0_Node8_Zero, Node3 id 2002748650327_Node0_Node8_Zero was a dupe; retransmit: 0, pkt_enqueue_time=2005756643422.5652, pkt_dequeue_time=2005756643422.5652, forwarded_or_dropped=1, reason_for_drop='Expiry'
DUPE: 2002754110674_Node0_Node8_Zero, Node5 id 2002754110674_Node0_Node8_Zero was a dupe; retransmit: 0, pkt_enqueue_time=2005763519258.2017, pkt_dequeue_time=2005763519258.2017, forwarded_or_dropped=1, reason_for_drop='Expiry'
DUPE: 2002743188210_Node0_Node8_Zero, Node2 id 2002743188210_Node0_Node8_Zero was a dupe; retransmit: 0, pkt_enqueue_time=2005766390556.7478, pkt_dequeue_time=2005766390556.7478, forwarded_or_dropped=1, reason_for_drop='Expiry'
DUPE: 2002748650327_Node0_Node8_Zero, Node2 id 2002748650327_Node0_Node8_Zero was a dupe; retransmit: 0, pkt_enqueue_time=2005766390556.7478, pkt_dequeue_time=2005766390556.7478, forwarded_or_dropped=1, reason_for_drop='Expiry'
DUPE: 2002737723824_Node0_Node8_Zero, Node1 id 2002737723824_Node0_Node8_Zero was a dupe; retransmit: 0, pkt_enqueue_time=2005771091420.293, pkt_dequeue_time=2005771091420.293, forwarded_or_dropped=1, reason_for_drop='Expiry'
DUPE: 2002808745897_Node0_Node8_Zero, Node2 id 2002808745897_Node0_Node8_Zero was a dupe; retransmit: 0, pkt_enqueue_time=2005810013474.476, pkt_dequeue_time=2005810013474.476, forwarded_or_dropped=1, reason_for_drop='Expiry'
DUPE: 2002704944573_Node0_Node8_Zero, Node1 id 2002704944573_Node0_Node8_Zero was a dupe; retransmit: 0, pkt_enqueue_time=2005812580216.2944, pkt_dequeue_time=2005812580216.2944, forwarded_or_dropped=1, reason_for_drop='Expiry'
DUPE: 2002710409242_Node0_Node8_Zero, Node1 id 2002710409242_Node0_Node8_Zero was a dupe; retransmit: 0, pkt_enqueue_time=2005812580216.2944, pkt_dequeue_time=2005812580216.2944, forwarded_or_dropped=1, reason_for_drop='Expiry'
DUPE: 2002808745897_Node0_Node8_Zero, Node7 id 2002808745897_Node0_Node8_Zero was a dupe; retransmit: 0, pkt_enqueue_time=2005813872420.7473, pkt_dequeue_time=2005813872420.7473, forwarded_or_dropped=1, reason_for_drop='Expiry'
DUPE: 2002814207314_Node0_Node8_Zero, Node5 id 2002814207314_Node0_Node8_Zero was a dupe; retransmit: 0, pkt_enqueue_time=2005816954429.9297, pkt_dequeue_time=2005816954429.9297, forwarded_or_dropped=1, reason_for_drop='Expiry'
DUPE: 2002814207314_Node0_Node8_Zero, Node4 id 2002814207314_Node0_Node8_Zero was a dupe; retransmit: 0, pkt_enqueue_time=2005818178121.2932, pkt_dequeue_time=2005818178121.2932, forwarded_or_dropped=1, reason_for_drop='Expiry'
DUPE: 2002814207314_Node0_Node8_Zero, Node6 id 2002814207314_Node0_Node8_Zero was a dupe; retransmit: 0, pkt_enqueue_time=2005820886728.6567, pkt_dequeue_time=2005820886728.6567, forwarded_or_dropped=1, reason_for_drop='Expiry'
DUPE: 2002808745897_Node0_Node8_Zero, Node5 id 2002808745897_Node0_Node8_Zero was a dupe; retransmit: 0, pkt_enqueue_time=2005830555696.1113, pkt_dequeue_time=2005830555696.1113, forwarded_or_dropped=1, reason_for_drop='Expiry'
DUPE: 2002808745897_Node0_Node8_Zero, Node6 id 2002808745897_Node0_Node8_Zero was a dupe; retransmit: 0, pkt_enqueue_time=2005831928513.9294, pkt_dequeue_time=2005831928513.9294, forwarded_or_dropped=1, reason_for_drop='Expiry'
main.py: Progress: 2006 / 2014
Node.py: (Node0)@2006000000000.0: Updated MCS from 1 to 1, hist=deque([0.0, 0.0, 0.8767123287671232, 0.9041095890410958, 2.189189189189189], maxlen=5), packets_serviced=162, packets_received=74
Called Update: UpdateRouteCalls = 0, force = False
Node.py: (Node1)@2006000000000.0: Updated MCS from 1 to 1, hist=deque([0.0, 0.7083333333333334, 0.41818181818181815, 0.5, 0.1375], maxlen=5), packets_serviced=33, packets_received=240
Called Update: UpdateRouteCalls = 1, force = False
Node.py: (Node2)@2006000000000.0: Updated MCS from 1 to 1, hist=deque([0.0, 0.14285714285714285, 0.3877551020408163, 0.5652173913043478, 0.46511627906976744], maxlen=5), packets_serviced=20, packets_received=43
Called Update: UpdateRouteCalls = 2, force = False
Node.py: (Node3)@2006000000000.0: Updated MCS from 1 to 1, hist=deque([0.0, 0.3333333333333333, 0.3333333333333333, 0.36363636363636365, 0.35714285714285715], maxlen=5), packets_serviced=10, packets_received=28
Called Update: UpdateRouteCalls = 3, force = False
Node.py: (Node4)@2006000000000.0: Updated MCS from 1 to 1, hist=deque([0.0, 0.75, 0.38095238095238093, 0.2727272727272727, 0.3888888888888889], maxlen=5), packets_serviced=7, packets_received=18
Called Update: UpdateRouteCalls = 4, force = False
Node.py: (Node5)@2006000000000.0: Updated MCS from 1 to 1, hist=deque([0.0, 0.5, 0.5333333333333333, 0.42105263157894735, 0.1875], maxlen=5), packets_serviced=3, packets_received=16
Called Update: UpdateRouteCalls = 5, force = False
Node.py: (Node6)@2006000000000.0: Updated MCS from 0 to 1, hist=deque([0.3684210526315789, 0.3333333333333333, 0.3888888888888889, 0.3125, 0.21428571428571427], maxlen=5), packets_serviced=3, packets_received=14
Called Update: UpdateRouteCalls = 6, force = False
Node.py: (Node7)@2006000000000.0: Updated MCS from 1 to 1, hist=deque([0.0, 0.3333333333333333, 0.2222222222222222, 0.25, 0.18181818181818182], maxlen=5), packets_serviced=2, packets_received=11
Called Update: UpdateRouteCalls = 7, force = False
Called Update: UpdateRouteCalls = 8, force = False
Called Update: UpdateRouteCalls = 9, force = False
Called Update: UpdateRouteCalls = 10, force = False
Called Update: UpdateRouteCalls = 11, force = False
Called Update: UpdateRouteCalls = 12, force = False
Called Update: UpdateRouteCalls = 13, force = False
Called Update: UpdateRouteCalls = 14, force = False
Called Update: UpdateRouteCalls = 15, force = False
Called Update: UpdateRouteCalls = 16, force = False
Called Update: UpdateRouteCalls = 17, force = False
!! UPDATING !!
routeNo, updatedMCSIndex =  0 [1, 1, 1, 1, 1, 1, 1, 1]
Called Update: UpdateRouteCalls = 0, force = True
!! UPDATING !!
routeNo, updatedMCSIndex =  0 [1, 1, 1, 1, 1, 1, 1, 1]

rf.py: Time: 2006 Route details: {0: {'Route': [0, 1, 2, 3, 4, 5, 6, 7, 8], 'MCS_Index': [1, 1, 1, 1, 1, 1, 1, 1], 'Priority': 1, 'ValidRoute': True, 'HQRoute': True, 'RouteNodeDensity': [0, 0, 0, 0, 0, 2, 0, 0, 0], 'InterferingLinks': 16, 'Target': (-1, -1)}}
DUPE: 2002803283183_Node0_Node8_Zero, Node2 id 2002803283183_Node0_Node8_Zero was a dupe; retransmit: 0, pkt_enqueue_time=2006032162493.032, pkt_dequeue_time=2006032162493.032, forwarded_or_dropped=1, reason_for_drop='Expiry'
DUPE: 2003054642648_Node0_Node8_Zero, Node2 id 2003054642648_Node0_Node8_Zero was a dupe; retransmit: 0, pkt_enqueue_time=2006056073679.3057, pkt_dequeue_time=2006056073679.3057, forwarded_or_dropped=1, reason_for_drop='Expiry'
DUPE: 2003027327257_Node0_Node8_Zero, Node1 id 2003027327257_Node0_Node8_Zero was a dupe; retransmit: 0, pkt_enqueue_time=2006070106678.943, pkt_dequeue_time=2006070106678.943, forwarded_or_dropped=1, reason_for_drop='Expiry'
DUPE: 2003092905152_Node0_Node8_Zero, Node4 id 2003092905152_Node0_Node8_Zero was a dupe; retransmit: 0, pkt_enqueue_time=2006097192420.489, pkt_dequeue_time=2006097192420.489, forwarded_or_dropped=1, reason_for_drop='Expiry'
DUPE: 2003092905152_Node0_Node8_Zero, Node6 id 2003092905152_Node0_Node8_Zero was a dupe; retransmit: 0, pkt_enqueue_time=2006101423023.3987, pkt_dequeue_time=2006101423023.3987, forwarded_or_dropped=1, reason_for_drop='Expiry'
DUPE: 2003098367451_Node0_Node8_Zero, Node6 id 2003098367451_Node0_Node8_Zero was a dupe; retransmit: 0, pkt_enqueue_time=2006101423023.3987, pkt_dequeue_time=2006101423023.3987, forwarded_or_dropped=1, reason_for_drop='Expiry'
DUPE: 2003098367451_Node0_Node8_Zero, Node7 id 2003098367451_Node0_Node8_Zero was a dupe; retransmit: 0, pkt_enqueue_time=2006103861841.2168, pkt_dequeue_time=2006103861841.2168, forwarded_or_dropped=1, reason_for_drop='Expiry'
DUPE: 2003098367451_Node0_Node8_Zero, Node5 id 2003098367451_Node0_Node8_Zero was a dupe; retransmit: 0, pkt_enqueue_time=2006105810612.2168, pkt_dequeue_time=2006105810612.2168, forwarded_or_dropped=1, reason_for_drop='Expiry'
DUPE: 2003092905152_Node0_Node8_Zero, Node3 id 2003092905152_Node0_Node8_Zero was a dupe; retransmit: 0, pkt_enqueue_time=2006119162489.4907, pkt_dequeue_time=2006119162489.4907, forwarded_or_dropped=1, reason_for_drop='Expiry'
DUPE: 2003098367451_Node0_Node8_Zero, Node3 id 2003098367451_Node0_Node8_Zero was a dupe; retransmit: 0, pkt_enqueue_time=2006119162489.4907, pkt_dequeue_time=2006119162489.4907, forwarded_or_dropped=1, reason_for_drop='Expiry'
DUPE: 2002901637265_Node0_Node8_Zero, Node1 id 2002901637265_Node0_Node8_Zero was a dupe; retransmit: 0, pkt_enqueue_time=2006126839974.1277, pkt_dequeue_time=2006126839974.1277, forwarded_or_dropped=1, reason_for_drop='Expiry'
DUPE: 2002907102187_Node0_Node8_Zero, Node1 id 2002907102187_Node0_Node8_Zero was a dupe; retransmit: 0, pkt_enqueue_time=2006126839974.1277, pkt_dequeue_time=2006126839974.1277, forwarded_or_dropped=1, reason_for_drop='Expiry'
DUPE: 2003125694963_Node0_Node8_Zero, Node2 id 2003125694963_Node0_Node8_Zero was a dupe; retransmit: 0, pkt_enqueue_time=2006131206355.5823, pkt_dequeue_time=2006131206355.5823, forwarded_or_dropped=1, reason_for_drop='Expiry'
DUPE: 2003131157097_Node0_Node8_Zero, Node2 id 2003131157097_Node0_Node8_Zero was a dupe; retransmit: 0, pkt_enqueue_time=2006131206355.5823, pkt_dequeue_time=2006131206355.5823, forwarded_or_dropped=1, reason_for_drop='Expiry'
DUPE: 2003136620596_Node0_Node8_Zero, Node2 id 2003136620596_Node0_Node8_Zero was a dupe; retransmit: 0, pkt_enqueue_time=2006142134294.0376, pkt_dequeue_time=2006142134294.0376, forwarded_or_dropped=1, reason_for_drop='Expiry'
DUPE: 2003153012402_Node0_Node8_Zero, Node2 id 2003153012402_Node0_Node8_Zero was a dupe; retransmit: 0, pkt_enqueue_time=2006154433066.4019, pkt_dequeue_time=2006154433066.4019, forwarded_or_dropped=1, reason_for_drop='Expiry'
DUPE: 2003169414252_Node0_Node8_Zero, Node3 id 2003169414252_Node0_Node8_Zero was a dupe; retransmit: 0, pkt_enqueue_time=2006173708532.948, pkt_dequeue_time=2006173708532.948, forwarded_or_dropped=1, reason_for_drop='Expiry'
DUPE: 2003174875692_Node0_Node8_Zero, Node3 id 2003174875692_Node0_Node8_Zero was a dupe; retransmit: 0, pkt_enqueue_time=2006180763047.312, pkt_dequeue_time=2006180763047.312, forwarded_or_dropped=1, reason_for_drop='Expiry'
DUPE: 2003191267861_Node0_Node8_Zero, Node5 id 2003191267861_Node0_Node8_Zero was a dupe; retransmit: 0, pkt_enqueue_time=2006192784791.312, pkt_dequeue_time=2006192784791.312, forwarded_or_dropped=1, reason_for_drop='Expiry'
DUPE: 2003196735322_Node0_Node8_Zero, Node7 id 2003196735322_Node0_Node8_Zero was a dupe; retransmit: 0, pkt_enqueue_time=2006196896917.1301, pkt_dequeue_time=2006196896917.1301, forwarded_or_dropped=1, reason_for_drop='Expiry'
DUPE: 2003196735322_Node0_Node8_Zero, Node4 id 2003196735322_Node0_Node8_Zero was a dupe; retransmit: 0, pkt_enqueue_time=2006198861525.04, pkt_dequeue_time=2006198861525.04, forwarded_or_dropped=1, reason_for_drop='Expiry'
DUPE: 2003191267861_Node0_Node8_Zero, Node6 id 2003191267861_Node0_Node8_Zero was a dupe; retransmit: 0, pkt_enqueue_time=2006200942397.04, pkt_dequeue_time=2006200942397.04, forwarded_or_dropped=1, reason_for_drop='Expiry'
DUPE: 2003196735322_Node0_Node8_Zero, Node6 id 2003196735322_Node0_Node8_Zero was a dupe; retransmit: 0, pkt_enqueue_time=2006200942397.04, pkt_dequeue_time=2006200942397.04, forwarded_or_dropped=1, reason_for_drop='Expiry'
DUPE: 2003196735322_Node0_Node8_Zero, Node7 id 2003196735322_Node0_Node8_Zero was a dupe; retransmit: 0, pkt_enqueue_time=2006201992214.8582, pkt_dequeue_time=2006201992214.8582, forwarded_or_dropped=1, reason_for_drop='Expiry'
DUPE: 2003196735322_Node0_Node8_Zero, Node5 id 2003196735322_Node0_Node8_Zero was a dupe; retransmit: 0, pkt_enqueue_time=2006203002985.8582, pkt_dequeue_time=2006203002985.8582, forwarded_or_dropped=1, reason_for_drop='Expiry'
DUPE: 2003202202337_Node0_Node8_Zero, Node2 id 2003202202337_Node0_Node8_Zero was a dupe; retransmit: 0, pkt_enqueue_time=2006205612667.6768, pkt_dequeue_time=2006205612667.6768, forwarded_or_dropped=1, reason_for_drop='Expiry'
DUPE: 2003191267861_Node0_Node8_Zero, Node3 id 2003191267861_Node0_Node8_Zero was a dupe; retransmit: 0, pkt_enqueue_time=2006207565485.4949, pkt_dequeue_time=2006207565485.4949, forwarded_or_dropped=1, reason_for_drop='Expiry'
DUPE: 2003196735322_Node0_Node8_Zero, Node3 id 2003196735322_Node0_Node8_Zero was a dupe; retransmit: 0, pkt_enqueue_time=2006207565485.4949, pkt_dequeue_time=2006207565485.4949, forwarded_or_dropped=1, reason_for_drop='Expiry'
DUPE: 2003213127885_Node0_Node8_Zero, Node4 id 2003213127885_Node0_Node8_Zero was a dupe; retransmit: 0, pkt_enqueue_time=2006216888489.9495, pkt_dequeue_time=2006216888489.9495, forwarded_or_dropped=1, reason_for_drop='Expiry'
DUPE: 2003224057249_Node0_Node8_Zero, Node3 id 2003224057249_Node0_Node8_Zero was a dupe; retransmit: 0, pkt_enqueue_time=2006226309866.7678, pkt_dequeue_time=2006226309866.7678, forwarded_or_dropped=1, reason_for_drop='Expiry'
DUPE: 2003218592284_Node0_Node8_Zero, Node3 id 2003218592284_Node0_Node8_Zero was a dupe; retransmit: 0, pkt_enqueue_time=2006228231703.1313, pkt_dequeue_time=2006228231703.1313, forwarded_or_dropped=1, reason_for_drop='Expiry'
DUPE: 2003267777385_Node0_Node8_Zero, Node3 id 2003267777385_Node0_Node8_Zero was a dupe; retransmit: 0, pkt_enqueue_time=2006271714722.5874, pkt_dequeue_time=2006271714722.5874, forwarded_or_dropped=1, reason_for_drop='Expiry'
DUPE: 2003267777385_Node0_Node8_Zero, Node5 id 2003267777385_Node0_Node8_Zero was a dupe; retransmit: 0, pkt_enqueue_time=2006273779594.5874, pkt_dequeue_time=2006273779594.5874, forwarded_or_dropped=1, reason_for_drop='Expiry'
DUPE: 2003267777385_Node0_Node8_Zero, Node4 id 2003267777385_Node0_Node8_Zero was a dupe; retransmit: 0, pkt_enqueue_time=2006275600030.5874, pkt_dequeue_time=2006275600030.5874, forwarded_or_dropped=1, reason_for_drop='Expiry'
DUPE: 2003251373964_Node0_Node8_Zero, Node2 id 2003251373964_Node0_Node8_Zero was a dupe; retransmit: 0, pkt_enqueue_time=2006277311846.9514, pkt_dequeue_time=2006277311846.9514, forwarded_or_dropped=1, reason_for_drop='Expiry'
DUPE: 2003273246651_Node0_Node8_Zero, Node3 id 2003273246651_Node0_Node8_Zero was a dupe; retransmit: 0, pkt_enqueue_time=2006283937026.9514, pkt_dequeue_time=2006283937026.9514, forwarded_or_dropped=1, reason_for_drop='Expiry'
DUPE: 2002928961699_Node0_Node8_Zero, Node1 id 2002928961699_Node0_Node8_Zero was a dupe; retransmit: 0, pkt_enqueue_time=2006285668718.588, pkt_dequeue_time=2006285668718.588, forwarded_or_dropped=1, reason_for_drop='Expiry'
DUPE: 2003087439319_Node0_Node8_Zero, Node1 id 2003087439319_Node0_Node8_Zero was a dupe; retransmit: 0, pkt_enqueue_time=2006289523573.1335, pkt_dequeue_time=2006289523573.1335, forwarded_or_dropped=1, reason_for_drop='Expiry'
DUPE: 2003092905152_Node0_Node8_Zero, Node1 id 2003092905152_Node0_Node8_Zero was a dupe; retransmit: 0, pkt_enqueue_time=2006289523573.1335, pkt_dequeue_time=2006289523573.1335, forwarded_or_dropped=1, reason_for_drop='Expiry'
DUPE: 2003289632719_Node0_Node8_Zero, Node2 id 2003289632719_Node0_Node8_Zero was a dupe; retransmit: 0, pkt_enqueue_time=2006307038311.3162, pkt_dequeue_time=2006307038311.3162, forwarded_or_dropped=1, reason_for_drop='Expiry'
DUPE: 2003295099749_Node0_Node8_Zero, Node2 id 2003295099749_Node0_Node8_Zero was a dupe; retransmit: 0, pkt_enqueue_time=2006307038311.3162, pkt_dequeue_time=2006307038311.3162, forwarded_or_dropped=1, reason_for_drop='Expiry'
DUPE: 2003306030107_Node0_Node8_Zero, Node7 id 2003306030107_Node0_Node8_Zero was a dupe; retransmit: 0, pkt_enqueue_time=2006307280930.4062, pkt_dequeue_time=2006307280930.4062, forwarded_or_dropped=1, reason_for_drop='Expiry'
DUPE: 2003306030107_Node0_Node8_Zero, Node4 id 2003306030107_Node0_Node8_Zero was a dupe; retransmit: 0, pkt_enqueue_time=2006308806645.9526, pkt_dequeue_time=2006308806645.9526, forwarded_or_dropped=1, reason_for_drop='Expiry'
DUPE: 2003300563934_Node0_Node8_Zero, Node2 id 2003300563934_Node0_Node8_Zero was a dupe; retransmit: 0, pkt_enqueue_time=2006310766456.771, pkt_dequeue_time=2006310766456.771, forwarded_or_dropped=1, reason_for_drop='Expiry'
DUPE: 2003306030107_Node0_Node8_Zero, Node2 id 2003306030107_Node0_Node8_Zero was a dupe; retransmit: 0, pkt_enqueue_time=2006310766456.771, pkt_dequeue_time=2006310766456.771, forwarded_or_dropped=1, reason_for_drop='Expiry'
DUPE: 2003306030107_Node0_Node8_Zero, Node5 id 2003306030107_Node0_Node8_Zero was a dupe; retransmit: 0, pkt_enqueue_time=2006311861563.771, pkt_dequeue_time=2006311861563.771, forwarded_or_dropped=1, reason_for_drop='Expiry'
DUPE: 2003306030107_Node0_Node8_Zero, Node6 id 2003306030107_Node0_Node8_Zero was a dupe; retransmit: 0, pkt_enqueue_time=2006315755381.589, pkt_dequeue_time=2006315755381.589, forwarded_or_dropped=1, reason_for_drop='Expiry'
DUPE: 2003306030107_Node0_Node8_Zero, Node3 id 2003306030107_Node0_Node8_Zero was a dupe; retransmit: 0, pkt_enqueue_time=2006316848038.2258, pkt_dequeue_time=2006316848038.2258, forwarded_or_dropped=1, reason_for_drop='Expiry'
DUPE: 2003043718935_Node0_Node8_Zero, Node1 id 2003043718935_Node0_Node8_Zero was a dupe; retransmit: 0, pkt_enqueue_time=2006333463074.045, pkt_dequeue_time=2006333463074.045, forwarded_or_dropped=1, reason_for_drop='Expiry'
DUPE: 2003049182194_Node0_Node8_Zero, Node1 id 2003049182194_Node0_Node8_Zero was a dupe; retransmit: 0, pkt_enqueue_time=2006333463074.045, pkt_dequeue_time=2006333463074.045, forwarded_or_dropped=1, reason_for_drop='Expiry'
DUPE: 2003333357180_Node0_Node8_Zero, Node4 id 2003333357180_Node0_Node8_Zero was a dupe; retransmit: 0, pkt_enqueue_time=2006337656179.8628, pkt_dequeue_time=2006337656179.8628, forwarded_or_dropped=1, reason_for_drop='Expiry'
DUPE: 2003333357180_Node0_Node8_Zero, Node5 id 2003333357180_Node0_Node8_Zero was a dupe; retransmit: 0, pkt_enqueue_time=2006340570577.6812, pkt_dequeue_time=2006340570577.6812, forwarded_or_dropped=1, reason_for_drop='Expiry'
DUPE: 2003338823096_Node0_Node8_Zero, Node4 id 2003338823096_Node0_Node8_Zero was a dupe; retransmit: 0, pkt_enqueue_time=2006344158580.136, pkt_dequeue_time=2006344158580.136, forwarded_or_dropped=1, reason_for_drop='Expiry'
DUPE: 2003278712438_Node0_Node8_Zero, Node1 id 2003278712438_Node0_Node8_Zero was a dupe; retransmit: 0, pkt_enqueue_time=2006345287854.9543, pkt_dequeue_time=2006345287854.9543, forwarded_or_dropped=1, reason_for_drop='Expiry'
DUPE: 2003344288375_Node0_Node8_Zero, Node3 id 2003344288375_Node0_Node8_Zero was a dupe; retransmit: 0, pkt_enqueue_time=2006347166726.9543, pkt_dequeue_time=2006347166726.9543, forwarded_or_dropped=1, reason_for_drop='Expiry'
DUPE: 2003355209863_Node0_Node8_Zero, Node7 id 2003355209863_Node0_Node8_Zero was a dupe; retransmit: 0, pkt_enqueue_time=2006357059141.9543, pkt_dequeue_time=2006357059141.9543, forwarded_or_dropped=1, reason_for_drop='Expiry'
DUPE: 2003355209863_Node0_Node8_Zero, Node6 id 2003355209863_Node0_Node8_Zero was a dupe; retransmit: 0, pkt_enqueue_time=2006360265748.773, pkt_dequeue_time=2006360265748.773, forwarded_or_dropped=1, reason_for_drop='Expiry'
DUPE: 2003355209863_Node0_Node8_Zero, Node5 id 2003355209863_Node0_Node8_Zero was a dupe; retransmit: 0, pkt_enqueue_time=2006361720894.591, pkt_dequeue_time=2006361720894.591, forwarded_or_dropped=1, reason_for_drop='Expiry'
DUPE: 2003355209863_Node0_Node8_Zero, Node4 id 2003355209863_Node0_Node8_Zero was a dupe; retransmit: 0, pkt_enqueue_time=2006362936330.591, pkt_dequeue_time=2006362936330.591, forwarded_or_dropped=1, reason_for_drop='Expiry'
DUPE: 2003377073088_Node0_Node8_Zero, Node7 id 2003377073088_Node0_Node8_Zero was a dupe; retransmit: 0, pkt_enqueue_time=2006379119287.0454, pkt_dequeue_time=2006379119287.0454, forwarded_or_dropped=1, reason_for_drop='Expiry'
DUPE: 2003377073088_Node0_Node8_Zero, Node6 id 2003377073088_Node0_Node8_Zero was a dupe; retransmit: 0, pkt_enqueue_time=2006380270723.0454, pkt_dequeue_time=2006380270723.0454, forwarded_or_dropped=1, reason_for_drop='Expiry'
DUPE: 2003377073088_Node0_Node8_Zero, Node5 id 2003377073088_Node0_Node8_Zero was a dupe; retransmit: 0, pkt_enqueue_time=2006381797159.0454, pkt_dequeue_time=2006381797159.0454, forwarded_or_dropped=1, reason_for_drop='Expiry'
DUPE: 2003377073088_Node0_Node8_Zero, Node3 id 2003377073088_Node0_Node8_Zero was a dupe; retransmit: 0, pkt_enqueue_time=2006384463007.228, pkt_dequeue_time=2006384463007.228, forwarded_or_dropped=1, reason_for_drop='Expiry'
DUPE: 2002896175096_Node0_Node8_Zero, Node1 id 2002896175096_Node0_Node8_Zero was a dupe; retransmit: 0, pkt_enqueue_time=2006398363026.4102, pkt_dequeue_time=2006398363026.4102, forwarded_or_dropped=1, reason_for_drop='Expiry'
Node.py: (Node0)@2006400000000.0: Updated MCS from 1 to 0, hist=deque([0.0, 0.8767123287671232, 0.9041095890410958, 2.189189189189189, 0.7945205479452054], maxlen=5), packets_serviced=58, packets_received=73
Called Update: UpdateRouteCalls = 0, force = False
Node.py: (Node1)@2006400000000.0: Updated MCS from 1 to 1, hist=deque([0.7083333333333334, 0.41818181818181815, 0.5, 0.1375, 0.6949152542372882], maxlen=5), packets_serviced=82, packets_received=118
Called Update: UpdateRouteCalls = 1, force = False
Node.py: (Node2)@2006400000000.0: Updated MCS from 1 to 1, hist=deque([0.14285714285714285, 0.3877551020408163, 0.5652173913043478, 0.46511627906976744, 0.5301204819277109], maxlen=5), packets_serviced=44, packets_received=83
Called Update: UpdateRouteCalls = 2, force = False
Node.py: (Node3)@2006400000000.0: Updated MCS from 1 to 1, hist=deque([0.3333333333333333, 0.3333333333333333, 0.36363636363636365, 0.35714285714285715, 0.41509433962264153], maxlen=5), packets_serviced=22, packets_received=53
Called Update: UpdateRouteCalls = 3, force = False
Node.py: (Node4)@2006400000000.0: Updated MCS from 1 to 1, hist=deque([0.75, 0.38095238095238093, 0.2727272727272727, 0.3888888888888889, 0.4375], maxlen=5), packets_serviced=14, packets_received=32
Called Update: UpdateRouteCalls = 4, force = False
Node.py: (Node5)@2006400000000.0: Updated MCS from 1 to 1, hist=deque([0.5, 0.5333333333333333, 0.42105263157894735, 0.1875, 0.36], maxlen=5), packets_serviced=9, packets_received=25
Called Update: UpdateRouteCalls = 5, force = False
Node.py: (Node6)@2006400000000.0: Updated MCS from 1 to 1, hist=deque([0.3333333333333333, 0.3888888888888889, 0.3125, 0.21428571428571427, 0.42105263157894735], maxlen=5), packets_serviced=8, packets_received=19
Called Update: UpdateRouteCalls = 6, force = False
Node.py: (Node7)@2006400000000.0: Updated MCS from 1 to 1, hist=deque([0.3333333333333333, 0.2222222222222222, 0.25, 0.18181818181818182, 0.3333333333333333], maxlen=5), packets_serviced=5, packets_received=15
Called Update: UpdateRouteCalls = 7, force = False
Called Update: UpdateRouteCalls = 8, force = False
Called Update: UpdateRouteCalls = 9, force = False
Called Update: UpdateRouteCalls = 10, force = False
Called Update: UpdateRouteCalls = 11, force = False
Called Update: UpdateRouteCalls = 12, force = False
Called Update: UpdateRouteCalls = 13, force = False
Called Update: UpdateRouteCalls = 14, force = False
Called Update: UpdateRouteCalls = 15, force = False
Called Update: UpdateRouteCalls = 16, force = False
Called Update: UpdateRouteCalls = 17, force = False
!! UPDATING !!
routeNo, updatedMCSIndex =  0 [0, 1, 1, 1, 1, 1, 1, 1]
DUPE: 2003398939571_Node0_Node8_Zero, Node6 id 2003398939571_Node0_Node8_Zero was a dupe; retransmit: 0, pkt_enqueue_time=2006401472287.2283, pkt_dequeue_time=2006401472287.2283, forwarded_or_dropped=1, reason_for_drop='Expiry'
DUPE: 2003398939571_Node0_Node8_Zero, Node5 id 2003398939571_Node0_Node8_Zero was a dupe; retransmit: 0, pkt_enqueue_time=2006402525723.2283, pkt_dequeue_time=2006402525723.2283, forwarded_or_dropped=1, reason_for_drop='Expiry'
DUPE: 2003404403768_Node0_Node8_Zero, Node3 id 2003404403768_Node0_Node8_Zero was a dupe; retransmit: 0, pkt_enqueue_time=2006409334662.0469, pkt_dequeue_time=2006409334662.0469, forwarded_or_dropped=1, reason_for_drop='Expiry'
DUPE: 2003196735322_Node0_Node8_Zero, Node2 id 2003196735322_Node0_Node8_Zero was a dupe; retransmit: 0, pkt_enqueue_time=2006441130317.5027, pkt_dequeue_time=2006441130317.5027, forwarded_or_dropped=1, reason_for_drop='Expiry'
DUPE: 2003442665014_Node0_Node8_Zero, Node4 id 2003442665014_Node0_Node8_Zero was a dupe; retransmit: 0, pkt_enqueue_time=2006444427320.2295, pkt_dequeue_time=2006444427320.2295, forwarded_or_dropped=1, reason_for_drop='Expiry'
DUPE: 2003344288375_Node0_Node8_Zero, Node2 id 2003344288375_Node0_Node8_Zero was a dupe; retransmit: 0, pkt_enqueue_time=2006449097605.23, pkt_dequeue_time=2006449097605.23, forwarded_or_dropped=1, reason_for_drop='Expiry'
DUPE: 2003448128619_Node0_Node8_Zero, Node6 id 2003448128619_Node0_Node8_Zero was a dupe; retransmit: 0, pkt_enqueue_time=2006450974827.8657, pkt_dequeue_time=2006450974827.8657, forwarded_or_dropped=1, reason_for_drop='Expiry'
DUPE: 2003442665014_Node0_Node8_Zero, Node2 id 2003442665014_Node0_Node8_Zero was a dupe; retransmit: 0, pkt_enqueue_time=2006453080168.8665, pkt_dequeue_time=2006453080168.8665, forwarded_or_dropped=1, reason_for_drop='Expiry'
DUPE: 2003448128619_Node0_Node8_Zero, Node2 id 2003448128619_Node0_Node8_Zero was a dupe; retransmit: 0, pkt_enqueue_time=2006453080168.8665, pkt_dequeue_time=2006453080168.8665, forwarded_or_dropped=1, reason_for_drop='Expiry'
DUPE: 2003448128619_Node0_Node8_Zero, Node7 id 2003448128619_Node0_Node8_Zero was a dupe; retransmit: 0, pkt_enqueue_time=2006453740645.6838, pkt_dequeue_time=2006453740645.6838, forwarded_or_dropped=1, reason_for_drop='Expiry'
DUPE: 2003442665014_Node0_Node8_Zero, Node5 id 2003442665014_Node0_Node8_Zero was a dupe; retransmit: 0, pkt_enqueue_time=2006457282416.6838, pkt_dequeue_time=2006457282416.6838, forwarded_or_dropped=1, reason_for_drop='Expiry'
DUPE: 2003442665014_Node0_Node8_Zero, Node3 id 2003442665014_Node0_Node8_Zero was a dupe; retransmit: 0, pkt_enqueue_time=2006477892859.2305, pkt_dequeue_time=2006477892859.2305, forwarded_or_dropped=1, reason_for_drop='Expiry'
DUPE: 2003448128619_Node0_Node8_Zero, Node3 id 2003448128619_Node0_Node8_Zero was a dupe; retransmit: 0, pkt_enqueue_time=2006477892859.2305, pkt_dequeue_time=2006477892859.2305, forwarded_or_dropped=1, reason_for_drop='Expiry'
DUPE: 2003480913167_Node0_Node8_Zero, Node2 id 2003480913167_Node0_Node8_Zero was a dupe; retransmit: 0, pkt_enqueue_time=2006491597252.5947, pkt_dequeue_time=2006491597252.5947, forwarded_or_dropped=1, reason_for_drop='Expiry'
DUPE: 2003502766822_Node0_Node8_Zero, Node3 id 2003502766822_Node0_Node8_Zero was a dupe; retransmit: 0, pkt_enqueue_time=2006505655373.1406, pkt_dequeue_time=2006505655373.1406, forwarded_or_dropped=1, reason_for_drop='Expiry'
DUPE: 2003508228563_Node0_Node8_Zero, Node3 id 2003508228563_Node0_Node8_Zero was a dupe; retransmit: 0, pkt_enqueue_time=2006522161880.7776, pkt_dequeue_time=2006522161880.7776, forwarded_or_dropped=1, reason_for_drop='Expiry'
DUPE: 2003557413006_Node0_Node8_Zero, Node3 id 2003557413006_Node0_Node8_Zero was a dupe; retransmit: 0, pkt_enqueue_time=2006561192364.7786, pkt_dequeue_time=2006561192364.7786, forwarded_or_dropped=1, reason_for_drop='Expiry'
DUPE: 2003448128619_Node0_Node8_Zero, Node4 id 2003448128619_Node0_Node8_Zero was a dupe; retransmit: 0, pkt_enqueue_time=2006562311182.5967, pkt_dequeue_time=2006562311182.5967, forwarded_or_dropped=1, reason_for_drop='Expiry'
DUPE: 2003590197889_Node0_Node8_Zero, Node6 id 2003590197889_Node0_Node8_Zero was a dupe; retransmit: 0, pkt_enqueue_time=2006593464657.5063, pkt_dequeue_time=2006593464657.5063, forwarded_or_dropped=1, reason_for_drop='Expiry'
DUPE: 2003584728900_Node0_Node8_Zero, Node5 id 2003584728900_Node0_Node8_Zero was a dupe; retransmit: 0, pkt_enqueue_time=2006597558852.5073, pkt_dequeue_time=2006597558852.5073, forwarded_or_dropped=1, reason_for_drop='Expiry'
DUPE: 2003612047829_Node0_Node8_Zero, Node4 id 2003612047829_Node0_Node8_Zero was a dupe; retransmit: 0, pkt_enqueue_time=2006616352323.5967, pkt_dequeue_time=2006616352323.5967, forwarded_or_dropped=1, reason_for_drop='Expiry'
DUPE: 2003633911083_Node0_Node8_Zero, Node7 id 2003633911083_Node0_Node8_Zero was a dupe; retransmit: 0, pkt_enqueue_time=2006635943982.417, pkt_dequeue_time=2006635943982.417, forwarded_or_dropped=1, reason_for_drop='Expiry'
DUPE: 2003633911083_Node0_Node8_Zero, Node6 id 2003633911083_Node0_Node8_Zero was a dupe; retransmit: 0, pkt_enqueue_time=2006637317418.417, pkt_dequeue_time=2006637317418.417, forwarded_or_dropped=1, reason_for_drop='Expiry'
DUPE: 2003595661273_Node0_Node8_Zero, Node4 id 2003595661273_Node0_Node8_Zero was a dupe; retransmit: 0, pkt_enqueue_time=2006646999433.9597, pkt_dequeue_time=2006646999433.9597, forwarded_or_dropped=1, reason_for_drop='Expiry'
DUPE: 2003601126641_Node0_Node8_Zero, Node4 id 2003601126641_Node0_Node8_Zero was a dupe; retransmit: 0, pkt_enqueue_time=2006646999433.9597, pkt_dequeue_time=2006646999433.9597, forwarded_or_dropped=1, reason_for_drop='Expiry'
DUPE: 2003633911083_Node0_Node8_Zero, Node3 id 2003633911083_Node0_Node8_Zero was a dupe; retransmit: 0, pkt_enqueue_time=2006660032824.5085, pkt_dequeue_time=2006660032824.5085, forwarded_or_dropped=1, reason_for_drop='Expiry'
DUPE: 2003704946774_Node0_Node8_Zero, Node6 id 2003704946774_Node0_Node8_Zero was a dupe; retransmit: 0, pkt_enqueue_time=2006705969040.3281, pkt_dequeue_time=2006705969040.3281, forwarded_or_dropped=1, reason_for_drop='Expiry'
DUPE: 2003704946774_Node0_Node8_Zero, Node4 id 2003704946774_Node0_Node8_Zero was a dupe; retransmit: 0, pkt_enqueue_time=2006709832950.5105, pkt_dequeue_time=2006709832950.5105, forwarded_or_dropped=1, reason_for_drop='Expiry'
DUPE: 2003704946774_Node0_Node8_Zero, Node7 id 2003704946774_Node0_Node8_Zero was a dupe; retransmit: 0, pkt_enqueue_time=2006714180539.3286, pkt_dequeue_time=2006714180539.3286, forwarded_or_dropped=1, reason_for_drop='Expiry'
DUPE: 2003622978800_Node0_Node8_Zero, Node2 id 2003622978800_Node0_Node8_Zero was a dupe; retransmit: 0, pkt_enqueue_time=2006714835205.7834, pkt_dequeue_time=2006714835205.7834, forwarded_or_dropped=1, reason_for_drop='Expiry'
DUPE: 2003628446056_Node0_Node8_Zero, Node2 id 2003628446056_Node0_Node8_Zero was a dupe; retransmit: 0, pkt_enqueue_time=2006718905459.6016, pkt_dequeue_time=2006718905459.6016, forwarded_or_dropped=1, reason_for_drop='Expiry'
DUPE: 2003633911083_Node0_Node8_Zero, Node2 id 2003633911083_Node0_Node8_Zero was a dupe; retransmit: 0, pkt_enqueue_time=2006718905459.6016, pkt_dequeue_time=2006718905459.6016, forwarded_or_dropped=1, reason_for_drop='Expiry'
DUPE: 2003699486422_Node0_Node8_Zero, Node4 id 2003699486422_Node0_Node8_Zero was a dupe; retransmit: 0, pkt_enqueue_time=2006723546895.238, pkt_dequeue_time=2006723546895.238, forwarded_or_dropped=1, reason_for_drop='Expiry'
DUPE: 2003704946774_Node0_Node8_Zero, Node2 id 2003704946774_Node0_Node8_Zero was a dupe; retransmit: 0, pkt_enqueue_time=2006732730338.7837, pkt_dequeue_time=2006732730338.7837, forwarded_or_dropped=1, reason_for_drop='Expiry'
DUPE: 2003530083854_Node0_Node8_Zero, Node2 id 2003530083854_Node0_Node8_Zero was a dupe; retransmit: 0, pkt_enqueue_time=2006738002445.4202, pkt_dequeue_time=2006738002445.4202, forwarded_or_dropped=1, reason_for_drop='Expiry'
DUPE: 2003535545781_Node0_Node8_Zero, Node2 id 2003535545781_Node0_Node8_Zero was a dupe; retransmit: 0, pkt_enqueue_time=2006738002445.4202, pkt_dequeue_time=2006738002445.4202, forwarded_or_dropped=1, reason_for_drop='Expiry'
DUPE: 2003404403768_Node0_Node8_Zero, Node2 id 2003404403768_Node0_Node8_Zero was a dupe; retransmit: 0, pkt_enqueue_time=2006745114387.4202, pkt_dequeue_time=2006745114387.4202, forwarded_or_dropped=1, reason_for_drop='Expiry'
DUPE: 2003661222791_Node0_Node8_Zero, Node2 id 2003661222791_Node0_Node8_Zero was a dupe; retransmit: 0, pkt_enqueue_time=2006750276456.0566, pkt_dequeue_time=2006750276456.0566, forwarded_or_dropped=1, reason_for_drop='Expiry'
DUPE: 2003644841804_Node0_Node8_Zero, Node2 id 2003644841804_Node0_Node8_Zero was a dupe; retransmit: 0, pkt_enqueue_time=2006750276456.0566, pkt_dequeue_time=2006750276456.0566, forwarded_or_dropped=1, reason_for_drop='Expiry'
DUPE: 2003748657064_Node0_Node8_Zero, Node4 id 2003748657064_Node0_Node8_Zero was a dupe; retransmit: 0, pkt_enqueue_time=2006752489328.0566, pkt_dequeue_time=2006752489328.0566, forwarded_or_dropped=1, reason_for_drop='Expiry'
DUPE: 2003748657064_Node0_Node8_Zero, Node6 id 2003748657064_Node0_Node8_Zero was a dupe; retransmit: 0, pkt_enqueue_time=2006765169056.7834, pkt_dequeue_time=2006765169056.7834, forwarded_or_dropped=1, reason_for_drop='Expiry'
DUPE: 2003710415539_Node0_Node8_Zero, Node1 id 2003710415539_Node0_Node8_Zero was a dupe; retransmit: 0, pkt_enqueue_time=2006775000576.5115, pkt_dequeue_time=2006775000576.5115, forwarded_or_dropped=1, reason_for_drop='Expiry'
DUPE: 2003715878955_Node0_Node8_Zero, Node1 id 2003715878955_Node0_Node8_Zero was a dupe; retransmit: 0, pkt_enqueue_time=2006775000576.5115, pkt_dequeue_time=2006775000576.5115, forwarded_or_dropped=1, reason_for_drop='Expiry'
DUPE: 2003781446806_Node0_Node8_Zero, Node3 id 2003781446806_Node0_Node8_Zero was a dupe; retransmit: 0, pkt_enqueue_time=2006782841478.6016, pkt_dequeue_time=2006782841478.6016, forwarded_or_dropped=1, reason_for_drop='Expiry'
DUPE: 2003781446806_Node0_Node8_Zero, Node7 id 2003781446806_Node0_Node8_Zero was a dupe; retransmit: 0, pkt_enqueue_time=2006784737870.9656, pkt_dequeue_time=2006784737870.9656, forwarded_or_dropped=1, reason_for_drop='Expiry'
DUPE: 2003781446806_Node0_Node8_Zero, Node5 id 2003781446806_Node0_Node8_Zero was a dupe; retransmit: 0, pkt_enqueue_time=2006786459867.329, pkt_dequeue_time=2006786459867.329, forwarded_or_dropped=1, reason_for_drop='Expiry'
DUPE: 2003781446806_Node0_Node8_Zero, Node6 id 2003781446806_Node0_Node8_Zero was a dupe; retransmit: 0, pkt_enqueue_time=2006791773521.5107, pkt_dequeue_time=2006791773521.5107, forwarded_or_dropped=1, reason_for_drop='Expiry'
Node.py: (Node0)@2006800000000.0: Updated MCS from 0 to 0, hist=deque([0.8767123287671232, 0.9041095890410958, 2.189189189189189, 0.7945205479452054, 0.1232876712328767], maxlen=5), packets_serviced=9, packets_received=73
Called Update: UpdateRouteCalls = 0, force = False
Node.py: (Node1)@2006800000000.0: Updated MCS from 1 to 0, hist=deque([0.41818181818181815, 0.5, 0.1375, 0.6949152542372882, 5.636363636363637], maxlen=5), packets_serviced=62, packets_received=11
Called Update: UpdateRouteCalls = 1, force = False
Node.py: (Node2)@2006800000000.0: Updated MCS from 1 to 1, hist=deque([0.3877551020408163, 0.5652173913043478, 0.46511627906976744, 0.5301204819277109, 0.46551724137931033], maxlen=5), packets_serviced=54, packets_received=116
Called Update: UpdateRouteCalls = 2, force = False
Node.py: (Node3)@2006800000000.0: Updated MCS from 1 to 1, hist=deque([0.3333333333333333, 0.36363636363636365, 0.35714285714285715, 0.41509433962264153, 0.38333333333333336], maxlen=5), packets_serviced=23, packets_received=60
Called Update: UpdateRouteCalls = 3, force = False
Node.py: (Node4)@2006800000000.0: Updated MCS from 1 to 1, hist=deque([0.38095238095238093, 0.2727272727272727, 0.3888888888888889, 0.4375, 0.3488372093023256], maxlen=5), packets_serviced=15, packets_received=43
Called Update: UpdateRouteCalls = 4, force = False
Node.py: (Node5)@2006800000000.0: Updated MCS from 1 to 1, hist=deque([0.5333333333333333, 0.42105263157894735, 0.1875, 0.36, 0.3076923076923077], maxlen=5), packets_serviced=8, packets_received=26
Called Update: UpdateRouteCalls = 5, force = False
Node.py: (Node6)@2006800000000.0: Updated MCS from 1 to 1, hist=deque([0.3888888888888889, 0.3125, 0.21428571428571427, 0.42105263157894735, 0.25925925925925924], maxlen=5), packets_serviced=7, packets_received=27
Called Update: UpdateRouteCalls = 6, force = False
Node.py: (Node7)@2006800000000.0: Updated MCS from 1 to 1, hist=deque([0.2222222222222222, 0.25, 0.18181818181818182, 0.3333333333333333, 0.2], maxlen=5), packets_serviced=6, packets_received=30
Called Update: UpdateRouteCalls = 7, force = False
Called Update: UpdateRouteCalls = 8, force = False
Called Update: UpdateRouteCalls = 9, force = False
Called Update: UpdateRouteCalls = 10, force = False
Called Update: UpdateRouteCalls = 11, force = False
Called Update: UpdateRouteCalls = 12, force = False
Called Update: UpdateRouteCalls = 13, force = False
Called Update: UpdateRouteCalls = 14, force = False
Called Update: UpdateRouteCalls = 15, force = False
Called Update: UpdateRouteCalls = 16, force = False
Called Update: UpdateRouteCalls = 17, force = False
!! UPDATING !!
routeNo, updatedMCSIndex =  0 [0, 0, 1, 1, 1, 1, 1, 1]
DUPE: 2003639375472_Node0_Node8_Zero, Node2 id 2003639375472_Node0_Node8_Zero was a dupe; retransmit: 0, pkt_enqueue_time=2006810621408.966, pkt_dequeue_time=2006810621408.966, forwarded_or_dropped=1, reason_for_drop='Expiry'
DUPE: 2003655762250_Node0_Node8_Zero, Node2 id 2003655762250_Node0_Node8_Zero was a dupe; retransmit: 0, pkt_enqueue_time=2006810621408.966, pkt_dequeue_time=2006810621408.966, forwarded_or_dropped=1, reason_for_drop='Expiry'
DUPE: 2003808771521_Node0_Node8_Zero, Node6 id 2003808771521_Node0_Node8_Zero was a dupe; retransmit: 0, pkt_enqueue_time=2006815827902.6929, pkt_dequeue_time=2006815827902.6929, forwarded_or_dropped=1, reason_for_drop='Expiry'
DUPE: 2003808771521_Node0_Node8_Zero, Node7 id 2003808771521_Node0_Node8_Zero was a dupe; retransmit: 0, pkt_enqueue_time=2006819035464.511, pkt_dequeue_time=2006819035464.511, forwarded_or_dropped=1, reason_for_drop='Expiry'
DUPE: 2003825165425_Node0_Node8_Zero, Node2 id 2003825165425_Node0_Node8_Zero was a dupe; retransmit: 0, pkt_enqueue_time=2006828764964.0571, pkt_dequeue_time=2006828764964.0571, forwarded_or_dropped=1, reason_for_drop='Expiry'
DUPE: 2003830628237_Node0_Node8_Zero, Node7 id 2003830628237_Node0_Node8_Zero was a dupe; retransmit: 0, pkt_enqueue_time=2006833673130.1472, pkt_dequeue_time=2006833673130.1472, forwarded_or_dropped=1, reason_for_drop='Expiry'
DUPE: 2003830628237_Node0_Node8_Zero, Node5 id 2003830628237_Node0_Node8_Zero was a dupe; retransmit: 0, pkt_enqueue_time=2006836098564.4207, pkt_dequeue_time=2006836098564.4207, forwarded_or_dropped=1, reason_for_drop='Expiry'
DUPE: 2003830628237_Node0_Node8_Zero, Node6 id 2003830628237_Node0_Node8_Zero was a dupe; retransmit: 0, pkt_enqueue_time=2006837920382.2388, pkt_dequeue_time=2006837920382.2388, forwarded_or_dropped=1, reason_for_drop='Expiry'
DUPE: 2003830628237_Node0_Node8_Zero, Node3 id 2003830628237_Node0_Node8_Zero was a dupe; retransmit: 0, pkt_enqueue_time=2006839151944.148, pkt_dequeue_time=2006839151944.148, forwarded_or_dropped=1, reason_for_drop='Expiry'
DUPE: 2003830628237_Node0_Node8_Zero, Node1 id 2003830628237_Node0_Node8_Zero was a dupe; retransmit: 0, pkt_enqueue_time=2006841695070.512, pkt_dequeue_time=2006841695070.512, forwarded_or_dropped=1, reason_for_drop='Expiry'
DUPE: 2003847022297_Node0_Node8_Zero, Node1 id 2003847022297_Node0_Node8_Zero was a dupe; retransmit: 0, pkt_enqueue_time=2006861298025.4214, pkt_dequeue_time=2006861298025.4214, forwarded_or_dropped=1, reason_for_drop='Expiry'
DUPE: 2003868888933_Node0_Node8_Zero, Node3 id 2003868888933_Node0_Node8_Zero was a dupe; retransmit: 0, pkt_enqueue_time=2006871126939.6938, pkt_dequeue_time=2006871126939.6938, forwarded_or_dropped=1, reason_for_drop='Expiry'
DUPE: 2003868888933_Node0_Node8_Zero, Node4 id 2003868888933_Node0_Node8_Zero was a dupe; retransmit: 0, pkt_enqueue_time=2006872169757.512, pkt_dequeue_time=2006872169757.512, forwarded_or_dropped=1, reason_for_drop='Expiry'
DUPE: 2003808771521_Node0_Node8_Zero, Node2 id 2003808771521_Node0_Node8_Zero was a dupe; retransmit: 0, pkt_enqueue_time=2006874528742.785, pkt_dequeue_time=2006874528742.785, forwarded_or_dropped=1, reason_for_drop='Expiry'
DUPE: 2003890739907_Node0_Node8_Zero, Node7 id 2003890739907_Node0_Node8_Zero was a dupe; retransmit: 0, pkt_enqueue_time=2006890750942.1484, pkt_dequeue_time=2006890750942.1484, forwarded_or_dropped=1, reason_for_drop='Expiry'
DUPE: 2003890739907_Node0_Node8_Zero, Node6 id 2003890739907_Node0_Node8_Zero was a dupe; retransmit: 0, pkt_enqueue_time=2006893878996.3303, pkt_dequeue_time=2006893878996.3303, forwarded_or_dropped=1, reason_for_drop='Expiry'
DUPE: 2003890739907_Node0_Node8_Zero, Node7 id 2003890739907_Node0_Node8_Zero was a dupe; retransmit: 0, pkt_enqueue_time=2006894938814.1484, pkt_dequeue_time=2006894938814.1484, forwarded_or_dropped=1, reason_for_drop='Expiry'
DUPE: 2003715878955_Node0_Node8_Zero, Node2 id 2003715878955_Node0_Node8_Zero was a dupe; retransmit: 0, pkt_enqueue_time=2006899657574.3303, pkt_dequeue_time=2006899657574.3303, forwarded_or_dropped=1, reason_for_drop='Expiry'
DUPE: 2003699486422_Node0_Node8_Zero, Node2 id 2003699486422_Node0_Node8_Zero was a dupe; retransmit: 0, pkt_enqueue_time=2006899657574.3303, pkt_dequeue_time=2006899657574.3303, forwarded_or_dropped=1, reason_for_drop='Expiry'
DUPE: 2003907130932_Node0_Node8_Zero, Node2 id 2003907130932_Node0_Node8_Zero was a dupe; retransmit: 0, pkt_enqueue_time=2006925277407.7844, pkt_dequeue_time=2006925277407.7844, forwarded_or_dropped=1, reason_for_drop='Expiry'
main.py: Progress: 2007 / 2014
Called Update: UpdateRouteCalls = 0, force = True
!! UPDATING !!
routeNo, updatedMCSIndex =  0 [0, 0, 1, 1, 1, 1, 1, 1]

rf.py: Time: 2007 Route details: {0: {'Route': [0, 1, 2, 3, 4, 5, 6, 7, 8], 'MCS_Index': [0, 0, 1, 1, 1, 1, 1, 1], 'Priority': 1, 'ValidRoute': True, 'HQRoute': True, 'RouteNodeDensity': [0, 0, 0, 0, 0, 2, 0, 0, 0], 'InterferingLinks': 16, 'Target': (-1, -1)}}
DUPE: 2003967254178_Node0_Node8_Zero, Node2 id 2003967254178_Node0_Node8_Zero was a dupe; retransmit: 0, pkt_enqueue_time=2007016208612.875, pkt_dequeue_time=2007016208612.875, forwarded_or_dropped=1, reason_for_drop='Expiry'
DUPE: 2004038303269_Node0_Node8_Zero, Node1 id 2004038303269_Node0_Node8_Zero was a dupe; retransmit: 0, pkt_enqueue_time=2007039382516.5125, pkt_dequeue_time=2007039382516.5125, forwarded_or_dropped=1, reason_for_drop='Expiry'
DUPE: 2004082007239_Node0_Node8_Zero, Node6 id 2004082007239_Node0_Node8_Zero was a dupe; retransmit: 0, pkt_enqueue_time=2007084845483.2397, pkt_dequeue_time=2007084845483.2397, forwarded_or_dropped=1, reason_for_drop='Expiry'
DUPE: 2004082007239_Node0_Node8_Zero, Node7 id 2004082007239_Node0_Node8_Zero was a dupe; retransmit: 0, pkt_enqueue_time=2007086003301.0579, pkt_dequeue_time=2007086003301.0579, forwarded_or_dropped=1, reason_for_drop='Expiry'
DUPE: 2004082007239_Node0_Node8_Zero, Node5 id 2004082007239_Node0_Node8_Zero was a dupe; retransmit: 0, pkt_enqueue_time=2007091177426.876, pkt_dequeue_time=2007091177426.876, forwarded_or_dropped=1, reason_for_drop='Expiry'
DUPE: 2004103866435_Node0_Node8_Zero, Node5 id 2004103866435_Node0_Node8_Zero was a dupe; retransmit: 0, pkt_enqueue_time=2007104450778.482, pkt_dequeue_time=2007104450778.482, forwarded_or_dropped=1, reason_for_drop='Expiry'
DUPE: 2004103866435_Node0_Node8_Zero, Node7 id 2004103866435_Node0_Node8_Zero was a dupe; retransmit: 0, pkt_enqueue_time=2007105828650.482, pkt_dequeue_time=2007105828650.482, forwarded_or_dropped=1, reason_for_drop='Expiry'
DUPE: 2004103866435_Node0_Node8_Zero, Node6 id 2004103866435_Node0_Node8_Zero was a dupe; retransmit: 0, pkt_enqueue_time=2007106930086.482, pkt_dequeue_time=2007106930086.482, forwarded_or_dropped=1, reason_for_drop='Expiry'
DUPE: 2004092939295_Node0_Node8_Zero, Node1 id 2004092939295_Node0_Node8_Zero was a dupe; retransmit: 0, pkt_enqueue_time=2007108162750.151, pkt_dequeue_time=2007108162750.151, forwarded_or_dropped=1, reason_for_drop='Expiry'
DUPE: 2004103866435_Node0_Node8_Zero, Node4 id 2004103866435_Node0_Node8_Zero was a dupe; retransmit: 0, pkt_enqueue_time=2007115711511.6963, pkt_dequeue_time=2007115711511.6963, forwarded_or_dropped=1, reason_for_drop='Expiry'
DUPE: 2004103866435_Node0_Node8_Zero, Node2 id 2004103866435_Node0_Node8_Zero was a dupe; retransmit: 0, pkt_enqueue_time=2007122117930.1506, pkt_dequeue_time=2007122117930.1506, forwarded_or_dropped=1, reason_for_drop='Expiry'
DUPE: 2004136657485_Node0_Node8_Zero, Node3 id 2004136657485_Node0_Node8_Zero was a dupe; retransmit: 0, pkt_enqueue_time=2007137113054.242, pkt_dequeue_time=2007137113054.242, forwarded_or_dropped=1, reason_for_drop='Expiry'
DUPE: 2004153047408_Node0_Node8_Zero, Node5 id 2004153047408_Node0_Node8_Zero was a dupe; retransmit: 0, pkt_enqueue_time=2007154399855.515, pkt_dequeue_time=2007154399855.515, forwarded_or_dropped=1, reason_for_drop='Expiry'
DUPE: 2004153047408_Node0_Node8_Zero, Node3 id 2004153047408_Node0_Node8_Zero was a dupe; retransmit: 0, pkt_enqueue_time=2007155975626.515, pkt_dequeue_time=2007155975626.515, forwarded_or_dropped=1, reason_for_drop='Expiry'
DUPE: 2004153047408_Node0_Node8_Zero, Node7 id 2004153047408_Node0_Node8_Zero was a dupe; retransmit: 0, pkt_enqueue_time=2007155981727.515, pkt_dequeue_time=2007155981727.515, forwarded_or_dropped=1, reason_for_drop='Expiry'
DUPE: 2004153047408_Node0_Node8_Zero, Node6 id 2004153047408_Node0_Node8_Zero was a dupe; retransmit: 0, pkt_enqueue_time=2007156965163.515, pkt_dequeue_time=2007156965163.515, forwarded_or_dropped=1, reason_for_drop='Expiry'
DUPE: 2004153047408_Node0_Node8_Zero, Node4 id 2004153047408_Node0_Node8_Zero was a dupe; retransmit: 0, pkt_enqueue_time=2007158829934.515, pkt_dequeue_time=2007158829934.515, forwarded_or_dropped=1, reason_for_drop='Expiry'
DUPE: 2004153047408_Node0_Node8_Zero, Node2 id 2004153047408_Node0_Node8_Zero was a dupe; retransmit: 0, pkt_enqueue_time=2007162066488.0603, pkt_dequeue_time=2007162066488.0603, forwarded_or_dropped=1, reason_for_drop='Expiry'
DUPE: 2003890739907_Node0_Node8_Zero, Node1 id 2003890739907_Node0_Node8_Zero was a dupe; retransmit: 0, pkt_enqueue_time=2007174516965.4238, pkt_dequeue_time=2007174516965.4238, forwarded_or_dropped=1, reason_for_drop='Expiry'
DUPE: 2004180372964_Node0_Node8_Zero, Node5 id 2004180372964_Node0_Node8_Zero was a dupe; retransmit: 0, pkt_enqueue_time=2007181554700.787, pkt_dequeue_time=2007181554700.787, forwarded_or_dropped=1, reason_for_drop='Expiry'
DUPE: 2004180372964_Node0_Node8_Zero, Node7 id 2004180372964_Node0_Node8_Zero was a dupe; retransmit: 0, pkt_enqueue_time=2007182826572.787, pkt_dequeue_time=2007182826572.787, forwarded_or_dropped=1, reason_for_drop='Expiry'
DUPE: 2004180372964_Node0_Node8_Zero, Node6 id 2004180372964_Node0_Node8_Zero was a dupe; retransmit: 0, pkt_enqueue_time=2007185048907.787, pkt_dequeue_time=2007185048907.787, forwarded_or_dropped=1, reason_for_drop='Expiry'
DUPE: 2004180372964_Node0_Node8_Zero, Node2 id 2004180372964_Node0_Node8_Zero was a dupe; retransmit: 0, pkt_enqueue_time=2007187068891.0598, pkt_dequeue_time=2007187068891.0598, forwarded_or_dropped=1, reason_for_drop='Expiry'
DUPE: 2004180372964_Node0_Node8_Zero, Node3 id 2004180372964_Node0_Node8_Zero was a dupe; retransmit: 0, pkt_enqueue_time=2007188090708.878, pkt_dequeue_time=2007188090708.878, forwarded_or_dropped=1, reason_for_drop='Expiry'
DUPE: 2003868888933_Node0_Node8_Zero, Node1 id 2003868888933_Node0_Node8_Zero was a dupe; retransmit: 0, pkt_enqueue_time=2007190135987.6052, pkt_dequeue_time=2007190135987.6052, forwarded_or_dropped=1, reason_for_drop='Expiry'
Node.py: (Node0)@2007200000000.0: Updated MCS from 0 to 0, hist=deque([0.9041095890410958, 2.189189189189189, 0.7945205479452054, 0.1232876712328767, 0.863013698630137], maxlen=5), packets_serviced=63, packets_received=73
Called Update: UpdateRouteCalls = 0, force = False
Node.py: (Node1)@2007200000000.0: Updated MCS from 0 to 0, hist=deque([0.5, 0.1375, 0.6949152542372882, 5.636363636363637, 0.5675675675675675], maxlen=5), packets_serviced=42, packets_received=74
Called Update: UpdateRouteCalls = 1, force = False
Node.py: (Node2)@2007200000000.0: Updated MCS from 1 to 1, hist=deque([0.5652173913043478, 0.46511627906976744, 0.5301204819277109, 0.46551724137931033, 0.27450980392156865], maxlen=5), packets_serviced=14, packets_received=51
Called Update: UpdateRouteCalls = 2, force = False
Node.py: (Node3)@2007200000000.0: Updated MCS from 1 to 1, hist=deque([0.36363636363636365, 0.35714285714285715, 0.41509433962264153, 0.38333333333333336, 0.4090909090909091], maxlen=5), packets_serviced=9, packets_received=22
Called Update: UpdateRouteCalls = 3, force = False
Node.py: (Node4)@2007200000000.0: Updated MCS from 1 to 1, hist=deque([0.2727272727272727, 0.3888888888888889, 0.4375, 0.3488372093023256, 0.4375], maxlen=5), packets_serviced=7, packets_received=16
Called Update: UpdateRouteCalls = 4, force = False
Node.py: (Node5)@2007200000000.0: Updated MCS from 1 to 1, hist=deque([0.42105263157894735, 0.1875, 0.36, 0.3076923076923077, 0.3], maxlen=5), packets_serviced=6, packets_received=20
Called Update: UpdateRouteCalls = 5, force = False
Node.py: (Node6)@2007200000000.0: Updated MCS from 1 to 1, hist=deque([0.3125, 0.21428571428571427, 0.42105263157894735, 0.25925925925925924, 0.2727272727272727], maxlen=5), packets_serviced=6, packets_received=22
Called Update: UpdateRouteCalls = 6, force = False
Node.py: (Node7)@2007200000000.0: Updated MCS from 1 to 1, hist=deque([0.25, 0.18181818181818182, 0.3333333333333333, 0.2, 0.3181818181818182], maxlen=5), packets_serviced=7, packets_received=22
Called Update: UpdateRouteCalls = 7, force = False
Called Update: UpdateRouteCalls = 8, force = False
Called Update: UpdateRouteCalls = 9, force = False
Called Update: UpdateRouteCalls = 10, force = False
Called Update: UpdateRouteCalls = 11, force = False
Called Update: UpdateRouteCalls = 12, force = False
Called Update: UpdateRouteCalls = 13, force = False
Called Update: UpdateRouteCalls = 14, force = False
Called Update: UpdateRouteCalls = 15, force = False
Called Update: UpdateRouteCalls = 16, force = False
Called Update: UpdateRouteCalls = 17, force = False
!! UPDATING !!
routeNo, updatedMCSIndex =  0 [0, 0, 1, 1, 1, 1, 1, 1]
DUPE: 2004071079962_Node0_Node8_Zero, Node1 id 2004071079962_Node0_Node8_Zero was a dupe; retransmit: 0, pkt_enqueue_time=2007209234695.2415, pkt_dequeue_time=2007209234695.2415, forwarded_or_dropped=1, reason_for_drop='Expiry'
DUPE: 2003967254178_Node0_Node8_Zero, Node1 id 2003967254178_Node0_Node8_Zero was a dupe; retransmit: 0, pkt_enqueue_time=2007218978221.7869, pkt_dequeue_time=2007218978221.7869, forwarded_or_dropped=1, reason_for_drop='Expiry'
DUPE: 2004180372964_Node0_Node8_Zero, Node1 id 2004180372964_Node0_Node8_Zero was a dupe; retransmit: 0, pkt_enqueue_time=2007228704748.3323, pkt_dequeue_time=2007228704748.3323, forwarded_or_dropped=1, reason_for_drop='Expiry'
DUPE: 2004245942338_Node0_Node8_Zero, Node1 id 2004245942338_Node0_Node8_Zero was a dupe; retransmit: 0, pkt_enqueue_time=2007248351815.9685, pkt_dequeue_time=2007248351815.9685, forwarded_or_dropped=1, reason_for_drop='Expiry'
DUPE: 2004267805984_Node0_Node8_Zero, Node4 id 2004267805984_Node0_Node8_Zero was a dupe; retransmit: 0, pkt_enqueue_time=2007268673009.2412, pkt_dequeue_time=2007268673009.2412, forwarded_or_dropped=1, reason_for_drop='Expiry'
DUPE: 2004267805984_Node0_Node8_Zero, Node3 id 2004267805984_Node0_Node8_Zero was a dupe; retransmit: 0, pkt_enqueue_time=2007270975598.0593, pkt_dequeue_time=2007270975598.0593, forwarded_or_dropped=1, reason_for_drop='Expiry'
DUPE: 2004267805984_Node0_Node8_Zero, Node2 id 2004267805984_Node0_Node8_Zero was a dupe; retransmit: 0, pkt_enqueue_time=2007289350207.787, pkt_dequeue_time=2007289350207.787, forwarded_or_dropped=1, reason_for_drop='Expiry'
DUPE: 2004333386795_Node0_Node8_Zero, Node4 id 2004333386795_Node0_Node8_Zero was a dupe; retransmit: 0, pkt_enqueue_time=2007333669789.9697, pkt_dequeue_time=2007333669789.9697, forwarded_or_dropped=1, reason_for_drop='Expiry'
DUPE: 2004333386795_Node0_Node8_Zero, Node7 id 2004333386795_Node0_Node8_Zero was a dupe; retransmit: 0, pkt_enqueue_time=2007334986326.9697, pkt_dequeue_time=2007334986326.9697, forwarded_or_dropped=1, reason_for_drop='Expiry'
DUPE: 2004333386795_Node0_Node8_Zero, Node5 id 2004333386795_Node0_Node8_Zero was a dupe; retransmit: 0, pkt_enqueue_time=2007336017097.9697, pkt_dequeue_time=2007336017097.9697, forwarded_or_dropped=1, reason_for_drop='Expiry'
DUPE: 2004333386795_Node0_Node8_Zero, Node6 id 2004333386795_Node0_Node8_Zero was a dupe; retransmit: 0, pkt_enqueue_time=2007337726915.7878, pkt_dequeue_time=2007337726915.7878, forwarded_or_dropped=1, reason_for_drop='Expiry'
DUPE: 2004349779221_Node0_Node8_Zero, Node7 id 2004349779221_Node0_Node8_Zero was a dupe; retransmit: 0, pkt_enqueue_time=2007350404460.4243, pkt_dequeue_time=2007350404460.4243, forwarded_or_dropped=1, reason_for_drop='Expiry'
DUPE: 2004349779221_Node0_Node8_Zero, Node6 id 2004349779221_Node0_Node8_Zero was a dupe; retransmit: 0, pkt_enqueue_time=2007352611049.2424, pkt_dequeue_time=2007352611049.2424, forwarded_or_dropped=1, reason_for_drop='Expiry'
DUPE: 2004349779221_Node0_Node8_Zero, Node4 id 2004349779221_Node0_Node8_Zero was a dupe; retransmit: 0, pkt_enqueue_time=2007353619820.2424, pkt_dequeue_time=2007353619820.2424, forwarded_or_dropped=1, reason_for_drop='Expiry'
DUPE: 2004349779221_Node0_Node8_Zero, Node3 id 2004349779221_Node0_Node8_Zero was a dupe; retransmit: 0, pkt_enqueue_time=2007355066526.2424, pkt_dequeue_time=2007355066526.2424, forwarded_or_dropped=1, reason_for_drop='Expiry'
DUPE: 2004377088961_Node0_Node8_Zero, Node6 id 2004377088961_Node0_Node8_Zero was a dupe; retransmit: 0, pkt_enqueue_time=2007377449931.061, pkt_dequeue_time=2007377449931.061, forwarded_or_dropped=1, reason_for_drop='Expiry'
DUPE: 2004377088961_Node0_Node8_Zero, Node1 id 2004377088961_Node0_Node8_Zero was a dupe; retransmit: 0, pkt_enqueue_time=2007378054911.243, pkt_dequeue_time=2007378054911.243, forwarded_or_dropped=1, reason_for_drop='Expiry'
DUPE: 2004377088961_Node0_Node8_Zero, Node7 id 2004377088961_Node0_Node8_Zero was a dupe; retransmit: 0, pkt_enqueue_time=2007378771748.8792, pkt_dequeue_time=2007378771748.8792, forwarded_or_dropped=1, reason_for_drop='Expiry'
DUPE: 2004377088961_Node0_Node8_Zero, Node2 id 2004377088961_Node0_Node8_Zero was a dupe; retransmit: 0, pkt_enqueue_time=2007380607729.061, pkt_dequeue_time=2007380607729.061, forwarded_or_dropped=1, reason_for_drop='Expiry'
DUPE: 2004377088961_Node0_Node8_Zero, Node5 id 2004377088961_Node0_Node8_Zero was a dupe; retransmit: 0, pkt_enqueue_time=2007385188836.061, pkt_dequeue_time=2007385188836.061, forwarded_or_dropped=1, reason_for_drop='Expiry'
DUPE: 2004377088961_Node0_Node8_Zero, Node4 id 2004377088961_Node0_Node8_Zero was a dupe; retransmit: 0, pkt_enqueue_time=2007386892272.061, pkt_dequeue_time=2007386892272.061, forwarded_or_dropped=1, reason_for_drop='Expiry'
DUPE: 2004409873346_Node0_Node8_Zero, Node4 id 2004409873346_Node0_Node8_Zero was a dupe; retransmit: 0, pkt_enqueue_time=2007411186622.5151, pkt_dequeue_time=2007411186622.5151, forwarded_or_dropped=1, reason_for_drop='Expiry'
DUPE: 2004409873346_Node0_Node8_Zero, Node6 id 2004409873346_Node0_Node8_Zero was a dupe; retransmit: 0, pkt_enqueue_time=2007412413494.5151, pkt_dequeue_time=2007412413494.5151, forwarded_or_dropped=1, reason_for_drop='Expiry'
DUPE: 2004409873346_Node0_Node8_Zero, Node5 id 2004409873346_Node0_Node8_Zero was a dupe; retransmit: 0, pkt_enqueue_time=2007414395676.5151, pkt_dequeue_time=2007414395676.5151, forwarded_or_dropped=1, reason_for_drop='Expiry'
DUPE: 2004431737366_Node0_Node8_Zero, Node2 id 2004431737366_Node0_Node8_Zero was a dupe; retransmit: 0, pkt_enqueue_time=2007435762152.6975, pkt_dequeue_time=2007435762152.6975, forwarded_or_dropped=1, reason_for_drop='Expiry'
DUPE: 2004448127214_Node0_Node8_Zero, Node5 id 2004448127214_Node0_Node8_Zero was a dupe; retransmit: 0, pkt_enqueue_time=2007448476719.3337, pkt_dequeue_time=2007448476719.3337, forwarded_or_dropped=1, reason_for_drop='Expiry'
DUPE: 2004448127214_Node0_Node8_Zero, Node6 id 2004448127214_Node0_Node8_Zero was a dupe; retransmit: 0, pkt_enqueue_time=2007450847027.3337, pkt_dequeue_time=2007450847027.3337, forwarded_or_dropped=1, reason_for_drop='Expiry'
DUPE: 2004448127214_Node0_Node8_Zero, Node1 id 2004448127214_Node0_Node8_Zero was a dupe; retransmit: 0, pkt_enqueue_time=2007455615755.425, pkt_dequeue_time=2007455615755.425, forwarded_or_dropped=1, reason_for_drop='Expiry'
DUPE: 2004469996896_Node0_Node8_Zero, Node1 id 2004469996896_Node0_Node8_Zero was a dupe; retransmit: 0, pkt_enqueue_time=2007472289424.5159, pkt_dequeue_time=2007472289424.5159, forwarded_or_dropped=1, reason_for_drop='Expiry'
DUPE: 2004475461881_Node0_Node8_Zero, Node1 id 2004475461881_Node0_Node8_Zero was a dupe; retransmit: 0, pkt_enqueue_time=2007480243060.8796, pkt_dequeue_time=2007480243060.8796, forwarded_or_dropped=1, reason_for_drop='Expiry'
DUPE: 2004497323820_Node0_Node8_Zero, Node6 id 2004497323820_Node0_Node8_Zero was a dupe; retransmit: 0, pkt_enqueue_time=2007500028171.9702, pkt_dequeue_time=2007500028171.9702, forwarded_or_dropped=1, reason_for_drop='Expiry'
DUPE: 2004497323820_Node0_Node8_Zero, Node5 id 2004497323820_Node0_Node8_Zero was a dupe; retransmit: 0, pkt_enqueue_time=2007501857607.9702, pkt_dequeue_time=2007501857607.9702, forwarded_or_dropped=1, reason_for_drop='Expiry'
DUPE: 2004497323820_Node0_Node8_Zero, Node3 id 2004497323820_Node0_Node8_Zero was a dupe; retransmit: 0, pkt_enqueue_time=2007508759976.7883, pkt_dequeue_time=2007508759976.7883, forwarded_or_dropped=1, reason_for_drop='Expiry'
DUPE: 2004513721899_Node0_Node8_Zero, Node2 id 2004513721899_Node0_Node8_Zero was a dupe; retransmit: 0, pkt_enqueue_time=2007513844437.6064, pkt_dequeue_time=2007513844437.6064, forwarded_or_dropped=1, reason_for_drop='Expiry'
DUPE: 2004530120324_Node0_Node8_Zero, Node6 id 2004530120324_Node0_Node8_Zero was a dupe; retransmit: 0, pkt_enqueue_time=2007532658890.0605, pkt_dequeue_time=2007532658890.0605, forwarded_or_dropped=1, reason_for_drop='Expiry'
DUPE: 2004530120324_Node0_Node8_Zero, Node7 id 2004530120324_Node0_Node8_Zero was a dupe; retransmit: 0, pkt_enqueue_time=2007533791707.8787, pkt_dequeue_time=2007533791707.8787, forwarded_or_dropped=1, reason_for_drop='Expiry'
DUPE: 2004530120324_Node0_Node8_Zero, Node4 id 2004530120324_Node0_Node8_Zero was a dupe; retransmit: 0, pkt_enqueue_time=2007533963661.0605, pkt_dequeue_time=2007533963661.0605, forwarded_or_dropped=1, reason_for_drop='Expiry'
DUPE: 2004530120324_Node0_Node8_Zero, Node2 id 2004530120324_Node0_Node8_Zero was a dupe; retransmit: 0, pkt_enqueue_time=2007543108764.2424, pkt_dequeue_time=2007543108764.2424, forwarded_or_dropped=1, reason_for_drop='Expiry'
DUPE: 2004551985440_Node0_Node8_Zero, Node3 id 2004551985440_Node0_Node8_Zero was a dupe; retransmit: 0, pkt_enqueue_time=2007553778086.8787, pkt_dequeue_time=2007553778086.8787, forwarded_or_dropped=1, reason_for_drop='Expiry'
DUPE: 2004551985440_Node0_Node8_Zero, Node2 id 2004551985440_Node0_Node8_Zero was a dupe; retransmit: 0, pkt_enqueue_time=2007556065522.8787, pkt_dequeue_time=2007556065522.8787, forwarded_or_dropped=1, reason_for_drop='Expiry'
DUPE: 2004513721899_Node0_Node8_Zero, Node1 id 2004513721899_Node0_Node8_Zero was a dupe; retransmit: 0, pkt_enqueue_time=2007558648619.5156, pkt_dequeue_time=2007558648619.5156, forwarded_or_dropped=1, reason_for_drop='Expiry'
DUPE: 2004546520066_Node0_Node8_Zero, Node1 id 2004546520066_Node0_Node8_Zero was a dupe; retransmit: 0, pkt_enqueue_time=2007565538146.061, pkt_dequeue_time=2007565538146.061, forwarded_or_dropped=1, reason_for_drop='Expiry'
Node.py: (Node0)@2007600000000.0: Updated MCS from 0 to 0, hist=deque([2.189189189189189, 0.7945205479452054, 0.1232876712328767, 0.863013698630137, 1.0547945205479452], maxlen=5), packets_serviced=77, packets_received=73
Called Update: UpdateRouteCalls = 0, force = False
Node.py: (Node1)@2007600000000.0: Updated MCS from 0 to 0, hist=deque([0.1375, 0.6949152542372882, 5.636363636363637, 0.5675675675675675, 0.4567901234567901], maxlen=5), packets_serviced=37, packets_received=81
Called Update: UpdateRouteCalls = 1, force = False
Node.py: (Node2)@2007600000000.0: Updated MCS from 1 to 1, hist=deque([0.46511627906976744, 0.5301204819277109, 0.46551724137931033, 0.27450980392156865, 0.32558139534883723], maxlen=5), packets_serviced=14, packets_received=43
Called Update: UpdateRouteCalls = 2, force = False
Node.py: (Node3)@2007600000000.0: Updated MCS from 1 to 1, hist=deque([0.35714285714285715, 0.41509433962264153, 0.38333333333333336, 0.4090909090909091, 0.45454545454545453], maxlen=5), packets_serviced=10, packets_received=22
Called Update: UpdateRouteCalls = 3, force = False
Node.py: (Node4)@2007600000000.0: Updated MCS from 1 to 1, hist=deque([0.3888888888888889, 0.4375, 0.3488372093023256, 0.4375, 0.5], maxlen=5), packets_serviced=9, packets_received=18
Called Update: UpdateRouteCalls = 4, force = False
Node.py: (Node5)@2007600000000.0: Updated MCS from 1 to 1, hist=deque([0.1875, 0.36, 0.3076923076923077, 0.3, 0.4], maxlen=5), packets_serviced=8, packets_received=20
Called Update: UpdateRouteCalls = 5, force = False
Node.py: (Node6)@2007600000000.0: Updated MCS from 1 to 1, hist=deque([0.21428571428571427, 0.42105263157894735, 0.25925925925925924, 0.2727272727272727, 0.3333333333333333], maxlen=5), packets_serviced=6, packets_received=18
Called Update: UpdateRouteCalls = 6, force = False
Node.py: (Node7)@2007600000000.0: Updated MCS from 1 to 1, hist=deque([0.18181818181818182, 0.3333333333333333, 0.2, 0.3181818181818182, 0.3333333333333333], maxlen=5), packets_serviced=4, packets_received=12
Called Update: UpdateRouteCalls = 7, force = False
Called Update: UpdateRouteCalls = 8, force = False
Called Update: UpdateRouteCalls = 9, force = False
Called Update: UpdateRouteCalls = 10, force = False
Called Update: UpdateRouteCalls = 11, force = False
Called Update: UpdateRouteCalls = 12, force = False
Called Update: UpdateRouteCalls = 13, force = False
Called Update: UpdateRouteCalls = 14, force = False
Called Update: UpdateRouteCalls = 15, force = False
Called Update: UpdateRouteCalls = 16, force = False
Called Update: UpdateRouteCalls = 17, force = False
!! UPDATING !!
routeNo, updatedMCSIndex =  0 [0, 0, 1, 1, 1, 1, 1, 1]
DUPE: 2004601146940_Node0_Node8_Zero, Node3 id 2004601146940_Node0_Node8_Zero was a dupe; retransmit: 0, pkt_enqueue_time=2007603119348.4246, pkt_dequeue_time=2007603119348.4246, forwarded_or_dropped=1, reason_for_drop='Expiry'
DUPE: 2004601146940_Node0_Node8_Zero, Node7 id 2004601146940_Node0_Node8_Zero was a dupe; retransmit: 0, pkt_enqueue_time=2007603490594.879, pkt_dequeue_time=2007603490594.879, forwarded_or_dropped=1, reason_for_drop='Expiry'
DUPE: 2004601146940_Node0_Node8_Zero, Node5 id 2004601146940_Node0_Node8_Zero was a dupe; retransmit: 0, pkt_enqueue_time=2007604548365.879, pkt_dequeue_time=2007604548365.879, forwarded_or_dropped=1, reason_for_drop='Expiry'
DUPE: 2004601146940_Node0_Node8_Zero, Node6 id 2004601146940_Node0_Node8_Zero was a dupe; retransmit: 0, pkt_enqueue_time=2007605592183.697, pkt_dequeue_time=2007605592183.697, forwarded_or_dropped=1, reason_for_drop='Expiry'
DUPE: 2004623001359_Node0_Node8_Zero, Node4 id 2004623001359_Node0_Node8_Zero was a dupe; retransmit: 0, pkt_enqueue_time=2007624973721.425, pkt_dequeue_time=2007624973721.425, forwarded_or_dropped=1, reason_for_drop='Expiry'
DUPE: 2004623001359_Node0_Node8_Zero, Node7 id 2004623001359_Node0_Node8_Zero was a dupe; retransmit: 0, pkt_enqueue_time=2007626532828.425, pkt_dequeue_time=2007626532828.425, forwarded_or_dropped=1, reason_for_drop='Expiry'
DUPE: 2004623001359_Node0_Node8_Zero, Node6 id 2004623001359_Node0_Node8_Zero was a dupe; retransmit: 0, pkt_enqueue_time=2007628646264.425, pkt_dequeue_time=2007628646264.425, forwarded_or_dropped=1, reason_for_drop='Expiry'
DUPE: 2004623001359_Node0_Node8_Zero, Node2 id 2004623001359_Node0_Node8_Zero was a dupe; retransmit: 0, pkt_enqueue_time=2007633997593.0615, pkt_dequeue_time=2007633997593.0615, forwarded_or_dropped=1, reason_for_drop='Expiry'
DUPE: 2004530120324_Node0_Node8_Zero, Node1 id 2004530120324_Node0_Node8_Zero was a dupe; retransmit: 0, pkt_enqueue_time=2007636817991.971, pkt_dequeue_time=2007636817991.971, forwarded_or_dropped=1, reason_for_drop='Expiry'
DUPE: 2004163976928_Node0_Node8_Zero, Node1 id 2004163976928_Node0_Node8_Zero was a dupe; retransmit: 0, pkt_enqueue_time=2007653384173.0618, pkt_dequeue_time=2007653384173.0618, forwarded_or_dropped=1, reason_for_drop='Expiry'
DUPE: 2003393474719_Node0_Node8_Zero, Node1 id 2003393474719_Node0_Node8_Zero was a dupe; retransmit: 0, pkt_enqueue_time=2007662364699.6072, pkt_dequeue_time=2007662364699.6072, forwarded_or_dropped=1, reason_for_drop='Expiry'
DUPE: 2003398939571_Node0_Node8_Zero, Node1 id 2003398939571_Node0_Node8_Zero was a dupe; retransmit: 0, pkt_enqueue_time=2007662364699.6072, pkt_dequeue_time=2007662364699.6072, forwarded_or_dropped=1, reason_for_drop='Expiry'
DUPE: 2003622978800_Node0_Node8_Zero, Node1 id 2003622978800_Node0_Node8_Zero was a dupe; retransmit: 0, pkt_enqueue_time=2007675110917.789, pkt_dequeue_time=2007675110917.789, forwarded_or_dropped=1, reason_for_drop='Expiry'
DUPE: 2003628446056_Node0_Node8_Zero, Node1 id 2003628446056_Node0_Node8_Zero was a dupe; retransmit: 0, pkt_enqueue_time=2007675110917.789, pkt_dequeue_time=2007675110917.789, forwarded_or_dropped=1, reason_for_drop='Expiry'
DUPE: 2004103866435_Node0_Node8_Zero, Node1 id 2004103866435_Node0_Node8_Zero was a dupe; retransmit: 0, pkt_enqueue_time=2007681538481.4255, pkt_dequeue_time=2007681538481.4255, forwarded_or_dropped=1, reason_for_drop='Expiry'
DUPE: 2003469983871_Node0_Node8_Zero, Node1 id 2003469983871_Node0_Node8_Zero was a dupe; retransmit: 0, pkt_enqueue_time=2007687958135.971, pkt_dequeue_time=2007687958135.971, forwarded_or_dropped=1, reason_for_drop='Expiry'
DUPE: 2003475446463_Node0_Node8_Zero, Node1 id 2003475446463_Node0_Node8_Zero was a dupe; retransmit: 0, pkt_enqueue_time=2007687958135.971, pkt_dequeue_time=2007687958135.971, forwarded_or_dropped=1, reason_for_drop='Expiry'
DUPE: 2004311521603_Node0_Node8_Zero, Node1 id 2004311521603_Node0_Node8_Zero was a dupe; retransmit: 0, pkt_enqueue_time=2007694402699.6074, pkt_dequeue_time=2007694402699.6074, forwarded_or_dropped=1, reason_for_drop='Expiry'
DUPE: 2003666688173_Node0_Node8_Zero, Node1 id 2003666688173_Node0_Node8_Zero was a dupe; retransmit: 0, pkt_enqueue_time=2007707287008.6982, pkt_dequeue_time=2007707287008.6982, forwarded_or_dropped=1, reason_for_drop='Expiry'
DUPE: 2003672150687_Node0_Node8_Zero, Node1 id 2003672150687_Node0_Node8_Zero was a dupe; retransmit: 0, pkt_enqueue_time=2007707287008.6982, pkt_dequeue_time=2007707287008.6982, forwarded_or_dropped=1, reason_for_drop='Expiry'
DUPE: 2003677615444_Node0_Node8_Zero, Node1 id 2003677615444_Node0_Node8_Zero was a dupe; retransmit: 0, pkt_enqueue_time=2007709883880.6982, pkt_dequeue_time=2007709883880.6982, forwarded_or_dropped=1, reason_for_drop='Expiry'
DUPE: 2003683083323_Node0_Node8_Zero, Node1 id 2003683083323_Node0_Node8_Zero was a dupe; retransmit: 0, pkt_enqueue_time=2007709883880.6982, pkt_dequeue_time=2007709883880.6982, forwarded_or_dropped=1, reason_for_drop='Expiry'
DUPE: 2003688551591_Node0_Node8_Zero, Node1 id 2003688551591_Node0_Node8_Zero was a dupe; retransmit: 0, pkt_enqueue_time=2007716526444.3347, pkt_dequeue_time=2007716526444.3347, forwarded_or_dropped=1, reason_for_drop='Expiry'
DUPE: 2003694017605_Node0_Node8_Zero, Node1 id 2003694017605_Node0_Node8_Zero was a dupe; retransmit: 0, pkt_enqueue_time=2007716526444.3347, pkt_dequeue_time=2007716526444.3347, forwarded_or_dropped=1, reason_for_drop='Expiry'
DUPE: 2004136657485_Node0_Node8_Zero, Node1 id 2004136657485_Node0_Node8_Zero was a dupe; retransmit: 0, pkt_enqueue_time=2007729968662.5166, pkt_dequeue_time=2007729968662.5166, forwarded_or_dropped=1, reason_for_drop='Expiry'
DUPE: 2003502766822_Node0_Node8_Zero, Node1 id 2003502766822_Node0_Node8_Zero was a dupe; retransmit: 0, pkt_enqueue_time=2007739035189.062, pkt_dequeue_time=2007739035189.062, forwarded_or_dropped=1, reason_for_drop='Expiry'
DUPE: 2003508228563_Node0_Node8_Zero, Node1 id 2003508228563_Node0_Node8_Zero was a dupe; retransmit: 0, pkt_enqueue_time=2007739035189.062, pkt_dequeue_time=2007739035189.062, forwarded_or_dropped=1, reason_for_drop='Expiry'
DUPE: 2003437199289_Node0_Node8_Zero, Node1 id 2003437199289_Node0_Node8_Zero was a dupe; retransmit: 0, pkt_enqueue_time=2007745951752.6985, pkt_dequeue_time=2007745951752.6985, forwarded_or_dropped=1, reason_for_drop='Expiry'
DUPE: 2003442665014_Node0_Node8_Zero, Node1 id 2003442665014_Node0_Node8_Zero was a dupe; retransmit: 0, pkt_enqueue_time=2007745951752.6985, pkt_dequeue_time=2007745951752.6985, forwarded_or_dropped=1, reason_for_drop='Expiry'
DUPE: 2003459058142_Node0_Node8_Zero, Node1 id 2003459058142_Node0_Node8_Zero was a dupe; retransmit: 0, pkt_enqueue_time=2007759991879.9714, pkt_dequeue_time=2007759991879.9714, forwarded_or_dropped=1, reason_for_drop='Expiry'
DUPE: 2003464522642_Node0_Node8_Zero, Node1 id 2003464522642_Node0_Node8_Zero was a dupe; retransmit: 0, pkt_enqueue_time=2007759991879.9714, pkt_dequeue_time=2007759991879.9714, forwarded_or_dropped=1, reason_for_drop='Expiry'
DUPE: 2003524623978_Node0_Node8_Zero, Node1 id 2003524623978_Node0_Node8_Zero was a dupe; retransmit: 0, pkt_enqueue_time=2007767315443.608, pkt_dequeue_time=2007767315443.608, forwarded_or_dropped=1, reason_for_drop='Expiry'
DUPE: 2003530083854_Node0_Node8_Zero, Node1 id 2003530083854_Node0_Node8_Zero was a dupe; retransmit: 0, pkt_enqueue_time=2007767315443.608, pkt_dequeue_time=2007767315443.608, forwarded_or_dropped=1, reason_for_drop='Expiry'
DUPE: 2002781433284_Node0_Node8_Zero, Node1 id 2002781433284_Node0_Node8_Zero was a dupe; retransmit: 0, pkt_enqueue_time=2007774801007.2444, pkt_dequeue_time=2007774801007.2444, forwarded_or_dropped=1, reason_for_drop='Expiry'
DUPE: 2002786894473_Node0_Node8_Zero, Node1 id 2002786894473_Node0_Node8_Zero was a dupe; retransmit: 0, pkt_enqueue_time=2007774801007.2444, pkt_dequeue_time=2007774801007.2444, forwarded_or_dropped=1, reason_for_drop='Expiry'
DUPE: 2003797836308_Node0_Node8_Zero, Node1 id 2003797836308_Node0_Node8_Zero was a dupe; retransmit: 0, pkt_enqueue_time=2007782583570.8809, pkt_dequeue_time=2007782583570.8809, forwarded_or_dropped=1, reason_for_drop='Expiry'
DUPE: 2003803304470_Node0_Node8_Zero, Node1 id 2003803304470_Node0_Node8_Zero was a dupe; retransmit: 0, pkt_enqueue_time=2007782583570.8809, pkt_dequeue_time=2007782583570.8809, forwarded_or_dropped=1, reason_for_drop='Expiry'
DUPE: 2003775979362_Node0_Node8_Zero, Node1 id 2003775979362_Node0_Node8_Zero was a dupe; retransmit: 0, pkt_enqueue_time=2007813012174.6992, pkt_dequeue_time=2007813012174.6992, forwarded_or_dropped=1, reason_for_drop='Expiry'
DUPE: 2003781446806_Node0_Node8_Zero, Node1 id 2003781446806_Node0_Node8_Zero was a dupe; retransmit: 0, pkt_enqueue_time=2007813012174.6992, pkt_dequeue_time=2007813012174.6992, forwarded_or_dropped=1, reason_for_drop='Expiry'
DUPE: 2002519177161_Node0_Node8_Zero, Node1 id 2002519177161_Node0_Node8_Zero was a dupe; retransmit: 0, pkt_enqueue_time=2007824141610.3357, pkt_dequeue_time=2007824141610.3357, forwarded_or_dropped=1, reason_for_drop='Expiry'
DUPE: 2002519177161_Node0_Node8_Zero, Node2 id 2002519177161_Node0_Node8_Zero was a dupe; retransmit: 0, pkt_enqueue_time=2007835000428.1538, pkt_dequeue_time=2007835000428.1538, forwarded_or_dropped=1, reason_for_drop='Expiry'
DUPE: 2002803283183_Node0_Node8_Zero, Node1 id 2002803283183_Node0_Node8_Zero was a dupe; retransmit: 0, pkt_enqueue_time=2007843246737.6086, pkt_dequeue_time=2007843246737.6086, forwarded_or_dropped=1, reason_for_drop='Expiry'
DUPE: 2002808745897_Node0_Node8_Zero, Node1 id 2002808745897_Node0_Node8_Zero was a dupe; retransmit: 0, pkt_enqueue_time=2007843246737.6086, pkt_dequeue_time=2007843246737.6086, forwarded_or_dropped=1, reason_for_drop='Expiry'
DUPE: 2003644841804_Node0_Node8_Zero, Node1 id 2003644841804_Node0_Node8_Zero was a dupe; retransmit: 0, pkt_enqueue_time=2007853177301.245, pkt_dequeue_time=2007853177301.245, forwarded_or_dropped=1, reason_for_drop='Expiry'
DUPE: 2003650301722_Node0_Node8_Zero, Node1 id 2003650301722_Node0_Node8_Zero was a dupe; retransmit: 0, pkt_enqueue_time=2007853177301.245, pkt_dequeue_time=2007853177301.245, forwarded_or_dropped=1, reason_for_drop='Expiry'
DUPE: 2004623001359_Node0_Node8_Zero, Node1 id 2004623001359_Node0_Node8_Zero was a dupe; retransmit: 0, pkt_enqueue_time=2007863188864.8816, pkt_dequeue_time=2007863188864.8816, forwarded_or_dropped=1, reason_for_drop='Expiry'
DUPE: 2004874356193_Node0_Node8_Zero, Node1 id 2004874356193_Node0_Node8_Zero was a dupe; retransmit: 0, pkt_enqueue_time=2007883012393.427, pkt_dequeue_time=2007883012393.427, forwarded_or_dropped=1, reason_for_drop='Expiry'
DUPE: 2004879815694_Node0_Node8_Zero, Node2 id 2004879815694_Node0_Node8_Zero was a dupe; retransmit: 0, pkt_enqueue_time=2007885083211.245, pkt_dequeue_time=2007885083211.245, forwarded_or_dropped=1, reason_for_drop='Expiry'
DUPE: 2004896214487_Node0_Node8_Zero, Node3 id 2004896214487_Node0_Node8_Zero was a dupe; retransmit: 0, pkt_enqueue_time=2007897163560.7903, pkt_dequeue_time=2007897163560.7903, forwarded_or_dropped=1, reason_for_drop='Expiry'
DUPE: 2004896214487_Node0_Node8_Zero, Node4 id 2004896214487_Node0_Node8_Zero was a dupe; retransmit: 0, pkt_enqueue_time=2007899294868.7903, pkt_dequeue_time=2007899294868.7903, forwarded_or_dropped=1, reason_for_drop='Expiry'
DUPE: 2004923537298_Node0_Node8_Zero, Node7 id 2004923537298_Node0_Node8_Zero was a dupe; retransmit: 0, pkt_enqueue_time=2007925288292.6082, pkt_dequeue_time=2007925288292.6082, forwarded_or_dropped=1, reason_for_drop='Expiry'
DUPE: 2004923537298_Node0_Node8_Zero, Node3 id 2004923537298_Node0_Node8_Zero was a dupe; retransmit: 0, pkt_enqueue_time=2007925800438.2449, pkt_dequeue_time=2007925800438.2449, forwarded_or_dropped=1, reason_for_drop='Expiry'
DUPE: 2004923537298_Node0_Node8_Zero, Node6 id 2004923537298_Node0_Node8_Zero was a dupe; retransmit: 0, pkt_enqueue_time=2007927043728.6082, pkt_dequeue_time=2007927043728.6082, forwarded_or_dropped=1, reason_for_drop='Expiry'
DUPE: 2004923537298_Node0_Node8_Zero, Node4 id 2004923537298_Node0_Node8_Zero was a dupe; retransmit: 0, pkt_enqueue_time=2007942362210.9722, pkt_dequeue_time=2007942362210.9722, forwarded_or_dropped=1, reason_for_drop='Expiry'
DUPE: 2004939918953_Node0_Node8_Zero, Node2 id 2004939918953_Node0_Node8_Zero was a dupe; retransmit: 0, pkt_enqueue_time=2007944395636.6086, pkt_dequeue_time=2007944395636.6086, forwarded_or_dropped=1, reason_for_drop='Expiry'
DUPE: 2004939918953_Node0_Node8_Zero, Node3 id 2004939918953_Node0_Node8_Zero was a dupe; retransmit: 0, pkt_enqueue_time=2007948259308.9724, pkt_dequeue_time=2007948259308.9724, forwarded_or_dropped=1, reason_for_drop='Expiry'
DUPE: 2004950850863_Node0_Node8_Zero, Node1 id 2004950850863_Node0_Node8_Zero was a dupe; retransmit: 0, pkt_enqueue_time=2007951835672.6086, pkt_dequeue_time=2007951835672.6086, forwarded_or_dropped=1, reason_for_drop='Expiry'
DUPE: 2004972707289_Node0_Node8_Zero, Node4 id 2004972707289_Node0_Node8_Zero was a dupe; retransmit: 0, pkt_enqueue_time=2007975603335.6995, pkt_dequeue_time=2007975603335.6995, forwarded_or_dropped=1, reason_for_drop='Expiry'
DUPE: 2004972707289_Node0_Node8_Zero, Node3 id 2004972707289_Node0_Node8_Zero was a dupe; retransmit: 0, pkt_enqueue_time=2007977780860.4268, pkt_dequeue_time=2007977780860.4268, forwarded_or_dropped=1, reason_for_drop='Expiry'
DUPE: 2004989097969_Node0_Node8_Zero, Node4 id 2004989097969_Node0_Node8_Zero was a dupe; retransmit: 0, pkt_enqueue_time=2007989163420.063, pkt_dequeue_time=2007989163420.063, forwarded_or_dropped=1, reason_for_drop='Expiry'
DUPE: 2004989097969_Node0_Node8_Zero, Node4 id 2004989097969_Node0_Node8_Zero was a dupe; retransmit: 0, pkt_enqueue_time=2007990240292.063, pkt_dequeue_time=2007990240292.063, forwarded_or_dropped=1, reason_for_drop='Expiry'
DUPE: 2004989097969_Node0_Node8_Zero, Node3 id 2004989097969_Node0_Node8_Zero was a dupe; retransmit: 0, pkt_enqueue_time=2007993318269.7905, pkt_dequeue_time=2007993318269.7905, forwarded_or_dropped=1, reason_for_drop='Expiry'
DUPE: 2004989097969_Node0_Node8_Zero, Node2 id 2004989097969_Node0_Node8_Zero was a dupe; retransmit: 0, pkt_enqueue_time=2007996666455.336, pkt_dequeue_time=2007996666455.336, forwarded_or_dropped=1, reason_for_drop='Expiry'
DUPE: 2004961776410_Node0_Node8_Zero, Node1 id 2004961776410_Node0_Node8_Zero was a dupe; retransmit: 0, pkt_enqueue_time=2007998524334.6995, pkt_dequeue_time=2007998524334.6995, forwarded_or_dropped=1, reason_for_drop='Expiry'
main.py: Progress: 2008 / 2014
Node.py: (Node0)@2008000000000.0: Updated MCS from 0 to 1, hist=deque([0.7945205479452054, 0.1232876712328767, 0.863013698630137, 1.0547945205479452, 0.40540540540540543], maxlen=5), packets_serviced=30, packets_received=74
Called Update: UpdateRouteCalls = 0, force = False
Node.py: (Node1)@2008000000000.0: Updated MCS from 0 to 0, hist=deque([0.6949152542372882, 5.636363636363637, 0.5675675675675675, 0.4567901234567901, 0.1794871794871795], maxlen=5), packets_serviced=14, packets_received=78
Called Update: UpdateRouteCalls = 1, force = False
Node.py: (Node2)@2008000000000.0: Updated MCS from 1 to 1, hist=deque([0.5301204819277109, 0.46551724137931033, 0.27450980392156865, 0.32558139534883723, 0.45], maxlen=5), packets_serviced=9, packets_received=20
Called Update: UpdateRouteCalls = 2, force = False
Node.py: (Node3)@2008000000000.0: Updated MCS from 1 to 1, hist=deque([0.41509433962264153, 0.38333333333333336, 0.4090909090909091, 0.45454545454545453, 0.375], maxlen=5), packets_serviced=6, packets_received=16
Called Update: UpdateRouteCalls = 3, force = False
Node.py: (Node4)@2008000000000.0: Updated MCS from 1 to 1, hist=deque([0.4375, 0.3488372093023256, 0.4375, 0.5, 0.25], maxlen=5), packets_serviced=4, packets_received=16
Called Update: UpdateRouteCalls = 4, force = False
Node.py: (Node5)@2008000000000.0: Updated MCS from 1 to 1, hist=deque([0.36, 0.3076923076923077, 0.3, 0.4, 0.3333333333333333], maxlen=5), packets_serviced=2, packets_received=6
Called Update: UpdateRouteCalls = 5, force = False
Node.py: (Node6)@2008000000000.0: Updated MCS from 1 to 1, hist=deque([0.42105263157894735, 0.25925925925925924, 0.2727272727272727, 0.3333333333333333, 0.3], maxlen=5), packets_serviced=3, packets_received=10
Called Update: UpdateRouteCalls = 6, force = False
Node.py: (Node7)@2008000000000.0: Updated MCS from 1 to 1, hist=deque([0.3333333333333333, 0.2, 0.3181818181818182, 0.3333333333333333, 0.3333333333333333], maxlen=5), packets_serviced=3, packets_received=9
Called Update: UpdateRouteCalls = 7, force = False
Called Update: UpdateRouteCalls = 8, force = False
Called Update: UpdateRouteCalls = 9, force = False
Called Update: UpdateRouteCalls = 10, force = False
Called Update: UpdateRouteCalls = 11, force = False
Called Update: UpdateRouteCalls = 12, force = False
Called Update: UpdateRouteCalls = 13, force = False
Called Update: UpdateRouteCalls = 14, force = False
Called Update: UpdateRouteCalls = 15, force = False
Called Update: UpdateRouteCalls = 16, force = False
Called Update: UpdateRouteCalls = 17, force = False
!! UPDATING !!
routeNo, updatedMCSIndex =  0 [1, 0, 1, 1, 1, 1, 1, 1]
Called Update: UpdateRouteCalls = 0, force = True
!! UPDATING !!
routeNo, updatedMCSIndex =  0 [1, 0, 1, 1, 1, 1, 1, 1]

rf.py: Time: 2008 Route details: {0: {'Route': [0, 1, 2, 3, 4, 5, 6, 7, 8], 'MCS_Index': [1, 0, 1, 1, 1, 1, 1, 1], 'Priority': 1, 'ValidRoute': True, 'HQRoute': True, 'RouteNodeDensity': [0, 0, 0, 0, 0, 2, 0, 0, 0], 'InterferingLinks': 16, 'Target': (-1, -1)}}
DUPE: 2004989097969_Node0_Node8_Zero, Node1 id 2004989097969_Node0_Node8_Zero was a dupe; retransmit: 0, pkt_enqueue_time=2008010277387.7903, pkt_dequeue_time=2008010277387.7903, forwarded_or_dropped=1, reason_for_drop='Expiry'
DUPE: 2004923537298_Node0_Node8_Zero, Node1 id 2004923537298_Node0_Node8_Zero was a dupe; retransmit: 0, pkt_enqueue_time=2008014037042.3357, pkt_dequeue_time=2008014037042.3357, forwarded_or_dropped=1, reason_for_drop='Expiry'
DUPE: 2004972707289_Node0_Node8_Zero, Node1 id 2004972707289_Node0_Node8_Zero was a dupe; retransmit: 0, pkt_enqueue_time=2008017916696.881, pkt_dequeue_time=2008017916696.881, forwarded_or_dropped=1, reason_for_drop='Expiry'
DUPE: 2004983635970_Node0_Node8_Zero, Node1 id 2004983635970_Node0_Node8_Zero was a dupe; retransmit: 0, pkt_enqueue_time=2008021796351.4265, pkt_dequeue_time=2008021796351.4265, forwarded_or_dropped=1, reason_for_drop='Expiry'
DUPE: 2005032808229_Node0_Node8_Zero, Node1 id 2005032808229_Node0_Node8_Zero was a dupe; retransmit: 0, pkt_enqueue_time=2008033180349.9724, pkt_dequeue_time=2008033180349.9724, forwarded_or_dropped=1, reason_for_drop='Expiry'
DUPE: 2005043745854_Node0_Node8_Zero, Node1 id 2005043745854_Node0_Node8_Zero was a dupe; retransmit: 0, pkt_enqueue_time=2008066852220.7925, pkt_dequeue_time=2008066852220.7925, forwarded_or_dropped=1, reason_for_drop='Expiry'
DUPE: 2005049209285_Node0_Node8_Zero, Node1 id 2005049209285_Node0_Node8_Zero was a dupe; retransmit: 0, pkt_enqueue_time=2008066852220.7925, pkt_dequeue_time=2008066852220.7925, forwarded_or_dropped=1, reason_for_drop='Expiry'
DUPE: 2004978174711_Node0_Node8_Zero, Node1 id 2004978174711_Node0_Node8_Zero was a dupe; retransmit: 0, pkt_enqueue_time=2008100362139.7932, pkt_dequeue_time=2008100362139.7932, forwarded_or_dropped=1, reason_for_drop='Expiry'
DUPE: 2004918072768_Node0_Node8_Zero, Node1 id 2004918072768_Node0_Node8_Zero was a dupe; retransmit: 0, pkt_enqueue_time=2008108057357.975, pkt_dequeue_time=2008108057357.975, forwarded_or_dropped=1, reason_for_drop='Expiry'
DUPE: 2005131172362_Node0_Node8_Zero, Node4 id 2005131172362_Node0_Node8_Zero was a dupe; retransmit: 0, pkt_enqueue_time=2008133188636.2473, pkt_dequeue_time=2008133188636.2473, forwarded_or_dropped=1, reason_for_drop='Expiry'
DUPE: 2005131172362_Node0_Node8_Zero, Node3 id 2005131172362_Node0_Node8_Zero was a dupe; retransmit: 0, pkt_enqueue_time=2008136270412.2473, pkt_dequeue_time=2008136270412.2473, forwarded_or_dropped=1, reason_for_drop='Expiry'
DUPE: 2005158497892_Node0_Node8_Zero, Node7 id 2005158497892_Node0_Node8_Zero was a dupe; retransmit: 0, pkt_enqueue_time=2008158623435.0654, pkt_dequeue_time=2008158623435.0654, forwarded_or_dropped=1, reason_for_drop='Expiry'
DUPE: 2005158497892_Node0_Node8_Zero, Node6 id 2005158497892_Node0_Node8_Zero was a dupe; retransmit: 0, pkt_enqueue_time=2008162511023.8835, pkt_dequeue_time=2008162511023.8835, forwarded_or_dropped=1, reason_for_drop='Expiry'
DUPE: 2005158497892_Node0_Node8_Zero, Node7 id 2005158497892_Node0_Node8_Zero was a dupe; retransmit: 0, pkt_enqueue_time=2008164014841.7017, pkt_dequeue_time=2008164014841.7017, forwarded_or_dropped=1, reason_for_drop='Expiry'
DUPE: 2005153030371_Node0_Node8_Zero, Node3 id 2005153030371_Node0_Node8_Zero was a dupe; retransmit: 0, pkt_enqueue_time=2008164887217.6116, pkt_dequeue_time=2008164887217.6116, forwarded_or_dropped=1, reason_for_drop='Expiry'
DUPE: 2005158497892_Node0_Node8_Zero, Node4 id 2005158497892_Node0_Node8_Zero was a dupe; retransmit: 0, pkt_enqueue_time=2008167077216.4297, pkt_dequeue_time=2008167077216.4297, forwarded_or_dropped=1, reason_for_drop='Expiry'
DUPE: 2005158497892_Node0_Node8_Zero, Node5 id 2005158497892_Node0_Node8_Zero was a dupe; retransmit: 0, pkt_enqueue_time=2008168221034.2478, pkt_dequeue_time=2008168221034.2478, forwarded_or_dropped=1, reason_for_drop='Expiry'
DUPE: 2005158497892_Node0_Node8_Zero, Node3 id 2005158497892_Node0_Node8_Zero was a dupe; retransmit: 0, pkt_enqueue_time=2008175893133.1572, pkt_dequeue_time=2008175893133.1572, forwarded_or_dropped=1, reason_for_drop='Expiry'
DUPE: 2005180356289_Node0_Node8_Zero, Node7 id 2005180356289_Node0_Node8_Zero was a dupe; retransmit: 0, pkt_enqueue_time=2008181711547.8843, pkt_dequeue_time=2008181711547.8843, forwarded_or_dropped=1, reason_for_drop='Expiry'
DUPE: 2005180356289_Node0_Node8_Zero, Node5 id 2005180356289_Node0_Node8_Zero was a dupe; retransmit: 0, pkt_enqueue_time=2008183112029.9753, pkt_dequeue_time=2008183112029.9753, forwarded_or_dropped=1, reason_for_drop='Expiry'
DUPE: 2005180356289_Node0_Node8_Zero, Node6 id 2005180356289_Node0_Node8_Zero was a dupe; retransmit: 0, pkt_enqueue_time=2008184690847.7935, pkt_dequeue_time=2008184690847.7935, forwarded_or_dropped=1, reason_for_drop='Expiry'
DUPE: 2005180356289_Node0_Node8_Zero, Node3 id 2005180356289_Node0_Node8_Zero was a dupe; retransmit: 0, pkt_enqueue_time=2008195092049.43, pkt_dequeue_time=2008195092049.43, forwarded_or_dropped=1, reason_for_drop='Expiry'
DUPE: 2005202212242_Node0_Node8_Zero, Node5 id 2005202212242_Node0_Node8_Zero was a dupe; retransmit: 0, pkt_enqueue_time=2008202214339.9756, pkt_dequeue_time=2008202214339.9756, forwarded_or_dropped=1, reason_for_drop='Expiry'
DUPE: 2005202212242_Node0_Node8_Zero, Node4 id 2005202212242_Node0_Node8_Zero was a dupe; retransmit: 0, pkt_enqueue_time=2008203192775.9756, pkt_dequeue_time=2008203192775.9756, forwarded_or_dropped=1, reason_for_drop='Expiry'
DUPE: 2005202212242_Node0_Node8_Zero, Node5 id 2005202212242_Node0_Node8_Zero was a dupe; retransmit: 0, pkt_enqueue_time=2008206315171.1575, pkt_dequeue_time=2008206315171.1575, forwarded_or_dropped=1, reason_for_drop='Expiry'
DUPE: 2005240446252_Node0_Node8_Zero, Node1 id 2005240446252_Node0_Node8_Zero was a dupe; retransmit: 0, pkt_enqueue_time=2008247180026.1584, pkt_dequeue_time=2008247180026.1584, forwarded_or_dropped=1, reason_for_drop='Expiry'
DUPE: 2005245909765_Node0_Node8_Zero, Node7 id 2005245909765_Node0_Node8_Zero was a dupe; retransmit: 0, pkt_enqueue_time=2008248835487.4304, pkt_dequeue_time=2008248835487.4304, forwarded_or_dropped=1, reason_for_drop='Expiry'
DUPE: 2005245909765_Node0_Node8_Zero, Node3 id 2005245909765_Node0_Node8_Zero was a dupe; retransmit: 0, pkt_enqueue_time=2008250101770.1584, pkt_dequeue_time=2008250101770.1584, forwarded_or_dropped=1, reason_for_drop='Expiry'
DUPE: 2005245909765_Node0_Node8_Zero, Node6 id 2005245909765_Node0_Node8_Zero was a dupe; retransmit: 0, pkt_enqueue_time=2008251695877.1584, pkt_dequeue_time=2008251695877.1584, forwarded_or_dropped=1, reason_for_drop='Expiry'
DUPE: 2005278689970_Node0_Node8_Zero, Node3 id 2005278689970_Node0_Node8_Zero was a dupe; retransmit: 0, pkt_enqueue_time=2008280653161.7964, pkt_dequeue_time=2008280653161.7964, forwarded_or_dropped=1, reason_for_drop='Expiry'
DUPE: 2005278689970_Node0_Node8_Zero, Node4 id 2005278689970_Node0_Node8_Zero was a dupe; retransmit: 0, pkt_enqueue_time=2008281737979.6145, pkt_dequeue_time=2008281737979.6145, forwarded_or_dropped=1, reason_for_drop='Expiry'
DUPE: 2005278689970_Node0_Node8_Zero, Node5 id 2005278689970_Node0_Node8_Zero was a dupe; retransmit: 0, pkt_enqueue_time=2008282858797.4326, pkt_dequeue_time=2008282858797.4326, forwarded_or_dropped=1, reason_for_drop='Expiry'
DUPE: 2005327869259_Node0_Node8_Zero, Node1 id 2005327869259_Node0_Node8_Zero was a dupe; retransmit: 0, pkt_enqueue_time=2008328189084.7068, pkt_dequeue_time=2008328189084.7068, forwarded_or_dropped=1, reason_for_drop='Expiry'
DUPE: 2005327869259_Node0_Node8_Zero, Node6 id 2005327869259_Node0_Node8_Zero was a dupe; retransmit: 0, pkt_enqueue_time=2008328320608.8884, pkt_dequeue_time=2008328320608.8884, forwarded_or_dropped=1, reason_for_drop='Expiry'
DUPE: 2005327869259_Node0_Node8_Zero, Node7 id 2005327869259_Node0_Node8_Zero was a dupe; retransmit: 0, pkt_enqueue_time=2008330437916.8884, pkt_dequeue_time=2008330437916.8884, forwarded_or_dropped=1, reason_for_drop='Expiry'
DUPE: 2005327869259_Node0_Node8_Zero, Node3 id 2005327869259_Node0_Node8_Zero was a dupe; retransmit: 0, pkt_enqueue_time=2008331087727.7068, pkt_dequeue_time=2008331087727.7068, forwarded_or_dropped=1, reason_for_drop='Expiry'
DUPE: 2005327869259_Node0_Node8_Zero, Node5 id 2005327869259_Node0_Node8_Zero was a dupe; retransmit: 0, pkt_enqueue_time=2008335478941.7068, pkt_dequeue_time=2008335478941.7068, forwarded_or_dropped=1, reason_for_drop='Expiry'
DUPE: 2005393439114_Node0_Node8_Zero, Node1 id 2005393439114_Node0_Node8_Zero was a dupe; retransmit: 0, pkt_enqueue_time=2008399801660.9832, pkt_dequeue_time=2008399801660.9832, forwarded_or_dropped=1, reason_for_drop='Expiry'
DUPE: 2005398900641_Node0_Node8_Zero, Node1 id 2005398900641_Node0_Node8_Zero was a dupe; retransmit: 0, pkt_enqueue_time=2008399801660.9832, pkt_dequeue_time=2008399801660.9832, forwarded_or_dropped=1, reason_for_drop='Expiry'
Node.py: (Node0)@2008400000000.0: Updated MCS from 1 to 1, hist=deque([0.1232876712328767, 0.863013698630137, 1.0547945205479452, 0.40540540540540543, 1.4657534246575343], maxlen=5), packets_serviced=107, packets_received=73
Called Update: UpdateRouteCalls = 0, force = False
Node.py: (Node1)@2008400000000.0: Updated MCS from 0 to 0, hist=deque([5.636363636363637, 0.5675675675675675, 0.4567901234567901, 0.1794871794871795, 0.3], maxlen=5), packets_serviced=45, packets_received=150
Called Update: UpdateRouteCalls = 1, force = False
Node.py: (Node2)@2008400000000.0: Updated MCS from 1 to 1, hist=deque([0.46551724137931033, 0.27450980392156865, 0.32558139534883723, 0.45, 0.5789473684210527], maxlen=5), packets_serviced=11, packets_received=19
Called Update: UpdateRouteCalls = 2, force = False
Node.py: (Node3)@2008400000000.0: Updated MCS from 1 to 1, hist=deque([0.38333333333333336, 0.4090909090909091, 0.45454545454545453, 0.375, 0.42105263157894735], maxlen=5), packets_serviced=8, packets_received=19
Called Update: UpdateRouteCalls = 3, force = False
Node.py: (Node4)@2008400000000.0: Updated MCS from 1 to 1, hist=deque([0.3488372093023256, 0.4375, 0.5, 0.25, 0.5], maxlen=5), packets_serviced=8, packets_received=16
Called Update: UpdateRouteCalls = 4, force = False
Node.py: (Node5)@2008400000000.0: Updated MCS from 1 to 1, hist=deque([0.3076923076923077, 0.3, 0.4, 0.3333333333333333, 0.35294117647058826], maxlen=5), packets_serviced=6, packets_received=17
Called Update: UpdateRouteCalls = 5, force = False
Node.py: (Node6)@2008400000000.0: Updated MCS from 1 to 1, hist=deque([0.25925925925925924, 0.2727272727272727, 0.3333333333333333, 0.3, 0.3076923076923077], maxlen=5), packets_serviced=4, packets_received=13
Called Update: UpdateRouteCalls = 6, force = False
Node.py: (Node7)@2008400000000.0: Updated MCS from 1 to 1, hist=deque([0.2, 0.3181818181818182, 0.3333333333333333, 0.3333333333333333, 0.36363636363636365], maxlen=5), packets_serviced=4, packets_received=11
Called Update: UpdateRouteCalls = 7, force = False
Called Update: UpdateRouteCalls = 8, force = False
Called Update: UpdateRouteCalls = 9, force = False
Called Update: UpdateRouteCalls = 10, force = False
Called Update: UpdateRouteCalls = 11, force = False
Called Update: UpdateRouteCalls = 12, force = False
Called Update: UpdateRouteCalls = 13, force = False
Called Update: UpdateRouteCalls = 14, force = False
Called Update: UpdateRouteCalls = 15, force = False
Called Update: UpdateRouteCalls = 16, force = False
Called Update: UpdateRouteCalls = 17, force = False
!! UPDATING !!
routeNo, updatedMCSIndex =  0 [1, 0, 1, 1, 1, 1, 1, 1]
DUPE: 2005453559496_Node0_Node8_Zero, Node3 id 2005453559496_Node0_Node8_Zero was a dupe; retransmit: 0, pkt_enqueue_time=2008455512451.803, pkt_dequeue_time=2008455512451.803, forwarded_or_dropped=1, reason_for_drop='Expiry'
DUPE: 2005453559496_Node0_Node8_Zero, Node4 id 2005453559496_Node0_Node8_Zero was a dupe; retransmit: 0, pkt_enqueue_time=2008457544984.621, pkt_dequeue_time=2008457544984.621, forwarded_or_dropped=1, reason_for_drop='Expiry'
DUPE: 2005453559496_Node0_Node8_Zero, Node2 id 2005453559496_Node0_Node8_Zero was a dupe; retransmit: 0, pkt_enqueue_time=2008459551542.3484, pkt_dequeue_time=2008459551542.3484, forwarded_or_dropped=1, reason_for_drop='Expiry'
DUPE: 2005480872957_Node0_Node8_Zero, Node5 id 2005480872957_Node0_Node8_Zero was a dupe; retransmit: 0, pkt_enqueue_time=2008481311676.9856, pkt_dequeue_time=2008481311676.9856, forwarded_or_dropped=1, reason_for_drop='Expiry'
DUPE: 2005480872957_Node0_Node8_Zero, Node6 id 2005480872957_Node0_Node8_Zero was a dupe; retransmit: 0, pkt_enqueue_time=2008483825232.9856, pkt_dequeue_time=2008483825232.9856, forwarded_or_dropped=1, reason_for_drop='Expiry'
DUPE: 2005491810837_Node0_Node8_Zero, Node4 id 2005491810837_Node0_Node8_Zero was a dupe; retransmit: 0, pkt_enqueue_time=2008493737752.4402, pkt_dequeue_time=2008493737752.4402, forwarded_or_dropped=1, reason_for_drop='Expiry'
DUPE: 2005491810837_Node0_Node8_Zero, Node5 id 2005491810837_Node0_Node8_Zero was a dupe; retransmit: 0, pkt_enqueue_time=2008495020570.2583, pkt_dequeue_time=2008495020570.2583, forwarded_or_dropped=1, reason_for_drop='Expiry'
DUPE: 2005491810837_Node0_Node8_Zero, Node3 id 2005491810837_Node0_Node8_Zero was a dupe; retransmit: 0, pkt_enqueue_time=2008496514709.0767, pkt_dequeue_time=2008496514709.0767, forwarded_or_dropped=1, reason_for_drop='Expiry'
DUPE: 2005502743296_Node0_Node8_Zero, Node4 id 2005502743296_Node0_Node8_Zero was a dupe; retransmit: 0, pkt_enqueue_time=2008504332142.8948, pkt_dequeue_time=2008504332142.8948, forwarded_or_dropped=1, reason_for_drop='Expiry'
DUPE: 2005502743296_Node0_Node8_Zero, Node3 id 2005502743296_Node0_Node8_Zero was a dupe; retransmit: 0, pkt_enqueue_time=2008505557578.8948, pkt_dequeue_time=2008505557578.8948, forwarded_or_dropped=1, reason_for_drop='Expiry'
DUPE: 2005245909765_Node0_Node8_Zero, Node2 id 2005245909765_Node0_Node8_Zero was a dupe; retransmit: 0, pkt_enqueue_time=2008507532382.2585, pkt_dequeue_time=2008507532382.2585, forwarded_or_dropped=1, reason_for_drop='Expiry'
DUPE: 2005502743296_Node0_Node8_Zero, Node2 id 2005502743296_Node0_Node8_Zero was a dupe; retransmit: 0, pkt_enqueue_time=2008509697036.804, pkt_dequeue_time=2008509697036.804, forwarded_or_dropped=1, reason_for_drop='Expiry'
DUPE: 2005524599309_Node0_Node8_Zero, Node5 id 2005524599309_Node0_Node8_Zero was a dupe; retransmit: 0, pkt_enqueue_time=2008526227724.44, pkt_dequeue_time=2008526227724.44, forwarded_or_dropped=1, reason_for_drop='Expiry'
DUPE: 2005513670582_Node0_Node8_Zero, Node2 id 2005513670582_Node0_Node8_Zero was a dupe; retransmit: 0, pkt_enqueue_time=2008527772292.9856, pkt_dequeue_time=2008527772292.9856, forwarded_or_dropped=1, reason_for_drop='Expiry'
DUPE: 2005524599309_Node0_Node8_Zero, Node3 id 2005524599309_Node0_Node8_Zero was a dupe; retransmit: 0, pkt_enqueue_time=2008528870110.8037, pkt_dequeue_time=2008528870110.8037, forwarded_or_dropped=1, reason_for_drop='Expiry'
DUPE: 2005524599309_Node0_Node8_Zero, Node4 id 2005524599309_Node0_Node8_Zero was a dupe; retransmit: 0, pkt_enqueue_time=2008530878010.6218, pkt_dequeue_time=2008530878010.6218, forwarded_or_dropped=1, reason_for_drop='Expiry'
DUPE: 2005546443915_Node0_Node8_Zero, Node7 id 2005546443915_Node0_Node8_Zero was a dupe; retransmit: 0, pkt_enqueue_time=2008546940967.985, pkt_dequeue_time=2008546940967.985, forwarded_or_dropped=1, reason_for_drop='Expiry'
DUPE: 2005546443915_Node0_Node8_Zero, Node4 id 2005546443915_Node0_Node8_Zero was a dupe; retransmit: 0, pkt_enqueue_time=2008549210174.985, pkt_dequeue_time=2008549210174.985, forwarded_or_dropped=1, reason_for_drop='Expiry'
DUPE: 2005546443915_Node0_Node8_Zero, Node3 id 2005546443915_Node0_Node8_Zero was a dupe; retransmit: 0, pkt_enqueue_time=2008551107411.8953, pkt_dequeue_time=2008551107411.8953, forwarded_or_dropped=1, reason_for_drop='Expiry'
DUPE: 2005562837118_Node0_Node8_Zero, Node7 id 2005562837118_Node0_Node8_Zero was a dupe; retransmit: 0, pkt_enqueue_time=2008565324069.349, pkt_dequeue_time=2008565324069.349, forwarded_or_dropped=1, reason_for_drop='Expiry'
DUPE: 2005562837118_Node0_Node8_Zero, Node6 id 2005562837118_Node0_Node8_Zero was a dupe; retransmit: 0, pkt_enqueue_time=2008566385505.349, pkt_dequeue_time=2008566385505.349, forwarded_or_dropped=1, reason_for_drop='Expiry'
DUPE: 2005562837118_Node0_Node8_Zero, Node5 id 2005562837118_Node0_Node8_Zero was a dupe; retransmit: 0, pkt_enqueue_time=2008567485941.349, pkt_dequeue_time=2008567485941.349, forwarded_or_dropped=1, reason_for_drop='Expiry'
DUPE: 2005562837118_Node0_Node8_Zero, Node3 id 2005562837118_Node0_Node8_Zero was a dupe; retransmit: 0, pkt_enqueue_time=2008581250203.6218, pkt_dequeue_time=2008581250203.6218, forwarded_or_dropped=1, reason_for_drop='Expiry'
DUPE: 2005617495533_Node0_Node8_Zero, Node5 id 2005617495533_Node0_Node8_Zero was a dupe; retransmit: 0, pkt_enqueue_time=2008620968837.8948, pkt_dequeue_time=2008620968837.8948, forwarded_or_dropped=1, reason_for_drop='Expiry'
DUPE: 2005617495533_Node0_Node8_Zero, Node6 id 2005617495533_Node0_Node8_Zero was a dupe; retransmit: 0, pkt_enqueue_time=2008622479655.713, pkt_dequeue_time=2008622479655.713, forwarded_or_dropped=1, reason_for_drop='Expiry'
DUPE: 2005327869259_Node0_Node8_Zero, Node1 id 2005327869259_Node0_Node8_Zero was a dupe; retransmit: 0, pkt_enqueue_time=2008622737539.7134, pkt_dequeue_time=2008622737539.7134, forwarded_or_dropped=1, reason_for_drop='Expiry'
DUPE: 2005333336206_Node0_Node8_Zero, Node1 id 2005333336206_Node0_Node8_Zero was a dupe; retransmit: 0, pkt_enqueue_time=2008622737539.7134, pkt_dequeue_time=2008622737539.7134, forwarded_or_dropped=1, reason_for_drop='Expiry'
DUPE: 2005617495533_Node0_Node8_Zero, Node3 id 2005617495533_Node0_Node8_Zero was a dupe; retransmit: 0, pkt_enqueue_time=2008623920411.7134, pkt_dequeue_time=2008623920411.7134, forwarded_or_dropped=1, reason_for_drop='Expiry'
DUPE: 2005617495533_Node0_Node8_Zero, Node7 id 2005617495533_Node0_Node8_Zero was a dupe; retransmit: 0, pkt_enqueue_time=2008626252473.531, pkt_dequeue_time=2008626252473.531, forwarded_or_dropped=1, reason_for_drop='Expiry'
DUPE: 2005617495533_Node0_Node8_Zero, Node4 id 2005617495533_Node0_Node8_Zero was a dupe; retransmit: 0, pkt_enqueue_time=2008627338971.5315, pkt_dequeue_time=2008627338971.5315, forwarded_or_dropped=1, reason_for_drop='Expiry'
DUPE: 2005612033593_Node0_Node8_Zero, Node3 id 2005612033593_Node0_Node8_Zero was a dupe; retransmit: 0, pkt_enqueue_time=2008628657650.5315, pkt_dequeue_time=2008628657650.5315, forwarded_or_dropped=1, reason_for_drop='Expiry'
DUPE: 2005098392499_Node0_Node8_Zero, Node1 id 2005098392499_Node0_Node8_Zero was a dupe; retransmit: 0, pkt_enqueue_time=2008643437493.259, pkt_dequeue_time=2008643437493.259, forwarded_or_dropped=1, reason_for_drop='Expiry'
DUPE: 2005103853215_Node0_Node8_Zero, Node1 id 2005103853215_Node0_Node8_Zero was a dupe; retransmit: 0, pkt_enqueue_time=2008643437493.259, pkt_dequeue_time=2008643437493.259, forwarded_or_dropped=1, reason_for_drop='Expiry'
DUPE: 2005109321925_Node0_Node8_Zero, Node1 id 2005109321925_Node0_Node8_Zero was a dupe; retransmit: 0, pkt_enqueue_time=2008645654365.259, pkt_dequeue_time=2008645654365.259, forwarded_or_dropped=1, reason_for_drop='Expiry'
DUPE: 2005114785158_Node0_Node8_Zero, Node1 id 2005114785158_Node0_Node8_Zero was a dupe; retransmit: 0, pkt_enqueue_time=2008645654365.259, pkt_dequeue_time=2008645654365.259, forwarded_or_dropped=1, reason_for_drop='Expiry'
DUPE: 2005180356289_Node0_Node8_Zero, Node2 id 2005180356289_Node0_Node8_Zero was a dupe; retransmit: 0, pkt_enqueue_time=2008653282183.0771, pkt_dequeue_time=2008653282183.0771, forwarded_or_dropped=1, reason_for_drop='Expiry'
DUPE: 2005590166077_Node0_Node8_Zero, Node1 id 2005590166077_Node0_Node8_Zero was a dupe; retransmit: 0, pkt_enqueue_time=2008655233155.8955, pkt_dequeue_time=2008655233155.8955, forwarded_or_dropped=1, reason_for_drop='Expiry'
DUPE: 2005595632319_Node0_Node8_Zero, Node1 id 2005595632319_Node0_Node8_Zero was a dupe; retransmit: 0, pkt_enqueue_time=2008655233155.8955, pkt_dequeue_time=2008655233155.8955, forwarded_or_dropped=1, reason_for_drop='Expiry'
DUPE: 2005770490397_Node0_Node8_Zero, Node7 id 2005770490397_Node0_Node8_Zero was a dupe; retransmit: 0, pkt_enqueue_time=2008770588070.354, pkt_dequeue_time=2008770588070.354, forwarded_or_dropped=1, reason_for_drop='Expiry'
DUPE: 2005770490397_Node0_Node8_Zero, Node6 id 2005770490397_Node0_Node8_Zero was a dupe; retransmit: 0, pkt_enqueue_time=2008771988506.354, pkt_dequeue_time=2008771988506.354, forwarded_or_dropped=1, reason_for_drop='Expiry'
DUPE: 2005770490397_Node0_Node8_Zero, Node7 id 2005770490397_Node0_Node8_Zero was a dupe; retransmit: 0, pkt_enqueue_time=2008775136814.354, pkt_dequeue_time=2008775136814.354, forwarded_or_dropped=1, reason_for_drop='Expiry'
DUPE: 2005770490397_Node0_Node8_Zero, Node3 id 2005770490397_Node0_Node8_Zero was a dupe; retransmit: 0, pkt_enqueue_time=2008778957894.4465, pkt_dequeue_time=2008778957894.4465, forwarded_or_dropped=1, reason_for_drop='Expiry'
DUPE: 2005781419009_Node0_Node8_Zero, Node2 id 2005781419009_Node0_Node8_Zero was a dupe; retransmit: 0, pkt_enqueue_time=2008786241677.3557, pkt_dequeue_time=2008786241677.3557, forwarded_or_dropped=1, reason_for_drop='Expiry'
DUPE: 2005792348681_Node0_Node8_Zero, Node2 id 2005792348681_Node0_Node8_Zero was a dupe; retransmit: 0, pkt_enqueue_time=2008793980149.3557, pkt_dequeue_time=2008793980149.3557, forwarded_or_dropped=1, reason_for_drop='Expiry'
Node.py: (Node0)@2008800000000.0: Updated MCS from 1 to 1, hist=deque([0.863013698630137, 1.0547945205479452, 0.40540540540540543, 1.4657534246575343, 0.7397260273972602], maxlen=5), packets_serviced=54, packets_received=73
Called Update: UpdateRouteCalls = 0, force = False
Node.py: (Node1)@2008800000000.0: Updated MCS from 0 to 1, hist=deque([0.5675675675675675, 0.4567901234567901, 0.1794871794871795, 0.3, 0.6987951807228916], maxlen=5), packets_serviced=58, packets_received=83
Called Update: UpdateRouteCalls = 1, force = False
Node.py: (Node2)@2008800000000.0: Updated MCS from 1 to 1, hist=deque([0.27450980392156865, 0.32558139534883723, 0.45, 0.5789473684210527, 0.475], maxlen=5), packets_serviced=19, packets_received=40
Called Update: UpdateRouteCalls = 2, force = False
Node.py: (Node3)@2008800000000.0: Updated MCS from 1 to 1, hist=deque([0.4090909090909091, 0.45454545454545453, 0.375, 0.42105263157894735, 0.4], maxlen=5), packets_serviced=12, packets_received=30
Called Update: UpdateRouteCalls = 3, force = False
Node.py: (Node4)@2008800000000.0: Updated MCS from 1 to 1, hist=deque([0.4375, 0.5, 0.25, 0.5, 0.42105263157894735], maxlen=5), packets_serviced=8, packets_received=19
Called Update: UpdateRouteCalls = 4, force = False
Node.py: (Node5)@2008800000000.0: Updated MCS from 1 to 1, hist=deque([0.3, 0.4, 0.3333333333333333, 0.35294117647058826, 0.5], maxlen=5), packets_serviced=7, packets_received=14
Called Update: UpdateRouteCalls = 5, force = False
Node.py: (Node6)@2008800000000.0: Updated MCS from 1 to 1, hist=deque([0.2727272727272727, 0.3333333333333333, 0.3, 0.3076923076923077, 0.29411764705882354], maxlen=5), packets_serviced=5, packets_received=17
Called Update: UpdateRouteCalls = 6, force = False
Node.py: (Node7)@2008800000000.0: Updated MCS from 1 to 1, hist=deque([0.3181818181818182, 0.3333333333333333, 0.3333333333333333, 0.36363636363636365, 0.26666666666666666], maxlen=5), packets_serviced=4, packets_received=15
Called Update: UpdateRouteCalls = 7, force = False
Called Update: UpdateRouteCalls = 8, force = False
Called Update: UpdateRouteCalls = 9, force = False
Called Update: UpdateRouteCalls = 10, force = False
Called Update: UpdateRouteCalls = 11, force = False
Called Update: UpdateRouteCalls = 12, force = False
Called Update: UpdateRouteCalls = 13, force = False
Called Update: UpdateRouteCalls = 14, force = False
Called Update: UpdateRouteCalls = 15, force = False
Called Update: UpdateRouteCalls = 16, force = False
Called Update: UpdateRouteCalls = 17, force = False
!! UPDATING !!
routeNo, updatedMCSIndex =  0 [1, 1, 1, 1, 1, 1, 1, 1]
DUPE: 2005885251456_Node0_Node8_Zero, Node7 id 2005885251456_Node0_Node8_Zero was a dupe; retransmit: 0, pkt_enqueue_time=2008885271161.9033, pkt_dequeue_time=2008885271161.9033, forwarded_or_dropped=1, reason_for_drop='Expiry'
DUPE: 2005885251456_Node0_Node8_Zero, Node2 id 2005885251456_Node0_Node8_Zero was a dupe; retransmit: 0, pkt_enqueue_time=2008886515480.8135, pkt_dequeue_time=2008886515480.8135, forwarded_or_dropped=1, reason_for_drop='Expiry'
DUPE: 2005885251456_Node0_Node8_Zero, Node4 id 2005885251456_Node0_Node8_Zero was a dupe; retransmit: 0, pkt_enqueue_time=2008887805352.8135, pkt_dequeue_time=2008887805352.8135, forwarded_or_dropped=1, reason_for_drop='Expiry'
DUPE: 2005885251456_Node0_Node8_Zero, Node6 id 2005885251456_Node0_Node8_Zero was a dupe; retransmit: 0, pkt_enqueue_time=2008889152224.8135, pkt_dequeue_time=2008889152224.8135, forwarded_or_dropped=1, reason_for_drop='Expiry'
DUPE: 2005885251456_Node0_Node8_Zero, Node7 id 2005885251456_Node0_Node8_Zero was a dupe; retransmit: 0, pkt_enqueue_time=2008890563042.6316, pkt_dequeue_time=2008890563042.6316, forwarded_or_dropped=1, reason_for_drop='Expiry'
DUPE: 2005885251456_Node0_Node8_Zero, Node1 id 2005885251456_Node0_Node8_Zero was a dupe; retransmit: 0, pkt_enqueue_time=2008894970831.0867, pkt_dequeue_time=2008894970831.0867, forwarded_or_dropped=1, reason_for_drop='Expiry'
DUPE: 2005890720713_Node0_Node8_Zero, Node1 id 2005890720713_Node0_Node8_Zero was a dupe; retransmit: 0, pkt_enqueue_time=2008894970831.0867, pkt_dequeue_time=2008894970831.0867, forwarded_or_dropped=1, reason_for_drop='Expiry'
DUPE: 2005928954525_Node0_Node8_Zero, Node2 id 2005928954525_Node0_Node8_Zero was a dupe; retransmit: 0, pkt_enqueue_time=2008929382464.1787, pkt_dequeue_time=2008929382464.1787, forwarded_or_dropped=1, reason_for_drop='Expiry'
DUPE: 2005885251456_Node0_Node8_Zero, Node3 id 2005885251456_Node0_Node8_Zero was a dupe; retransmit: 0, pkt_enqueue_time=2008972204148.5432, pkt_dequeue_time=2008972204148.5432, forwarded_or_dropped=1, reason_for_drop='Expiry'
DUPE: 2005994524261_Node0_Node8_Zero, Node7 id 2005994524261_Node0_Node8_Zero was a dupe; retransmit: 0, pkt_enqueue_time=2008996580002.7263, pkt_dequeue_time=2008996580002.7263, forwarded_or_dropped=1, reason_for_drop='Expiry'
DUPE: 2005994524261_Node0_Node8_Zero, Node6 id 2005994524261_Node0_Node8_Zero was a dupe; retransmit: 0, pkt_enqueue_time=2008997568438.7263, pkt_dequeue_time=2008997568438.7263, forwarded_or_dropped=1, reason_for_drop='Expiry'
main.py: Progress: 2009 / 2014
Called Update: UpdateRouteCalls = 0, force = True
!! UPDATING !!
routeNo, updatedMCSIndex =  0 [1, 1, 1, 1, 1, 1, 1, 1]

rf.py: Time: 2009 Route details: {0: {'Route': [0, 1, 2, 3, 4, 5, 6, 7, 8], 'MCS_Index': [1, 1, 1, 1, 1, 1, 1, 1], 'Priority': 1, 'ValidRoute': True, 'HQRoute': True, 'RouteNodeDensity': [0, 0, 0, 0, 0, 2, 0, 0, 0], 'InterferingLinks': 16, 'Target': (-1, -1)}}
DUPE: 2005994524261_Node0_Node8_Zero, Node4 id 2005994524261_Node0_Node8_Zero was a dupe; retransmit: 0, pkt_enqueue_time=2009000918646.5447, pkt_dequeue_time=2009000918646.5447, forwarded_or_dropped=1, reason_for_drop='Expiry'
DUPE: 2005999988140_Node0_Node8_Zero, Node3 id 2005999988140_Node0_Node8_Zero was a dupe; retransmit: 0, pkt_enqueue_time=2009004282200.3628, pkt_dequeue_time=2009004282200.3628, forwarded_or_dropped=1, reason_for_drop='Expiry'
DUPE: 2005999988140_Node0_Node8_Zero, Node2 id 2005999988140_Node0_Node8_Zero was a dupe; retransmit: 0, pkt_enqueue_time=2009015025396.9993, pkt_dequeue_time=2009015025396.9993, forwarded_or_dropped=1, reason_for_drop='Expiry'
DUPE: 2006032783193_Node0_Node8_Zero, Node5 id 2006032783193_Node0_Node8_Zero was a dupe; retransmit: 0, pkt_enqueue_time=2009033125285.7258, pkt_dequeue_time=2009033125285.7258, forwarded_or_dropped=1, reason_for_drop='Expiry'
DUPE: 2006032783193_Node0_Node8_Zero, Node7 id 2006032783193_Node0_Node8_Zero was a dupe; retransmit: 0, pkt_enqueue_time=2009034870157.7258, pkt_dequeue_time=2009034870157.7258, forwarded_or_dropped=1, reason_for_drop='Expiry'
DUPE: 2006032783193_Node0_Node8_Zero, Node2 id 2006032783193_Node0_Node8_Zero was a dupe; retransmit: 0, pkt_enqueue_time=2009035231392.7258, pkt_dequeue_time=2009035231392.7258, forwarded_or_dropped=1, reason_for_drop='Expiry'
DUPE: 2006032783193_Node0_Node8_Zero, Node3 id 2006032783193_Node0_Node8_Zero was a dupe; retransmit: 0, pkt_enqueue_time=2009040297934.909, pkt_dequeue_time=2009040297934.909, forwarded_or_dropped=1, reason_for_drop='Expiry'
DUPE: 2006032783193_Node0_Node8_Zero, Node6 id 2006032783193_Node0_Node8_Zero was a dupe; retransmit: 0, pkt_enqueue_time=2009045467041.909, pkt_dequeue_time=2009045467041.909, forwarded_or_dropped=1, reason_for_drop='Expiry'
DUPE: 2006060106681_Node0_Node8_Zero, Node3 id 2006060106681_Node0_Node8_Zero was a dupe; retransmit: 0, pkt_enqueue_time=2009070461929.5461, pkt_dequeue_time=2009070461929.5461, forwarded_or_dropped=1, reason_for_drop='Expiry'
DUPE: 2005956271371_Node0_Node8_Zero, Node2 id 2005956271371_Node0_Node8_Zero was a dupe; retransmit: 0, pkt_enqueue_time=2009082532441.5469, pkt_dequeue_time=2009082532441.5469, forwarded_or_dropped=1, reason_for_drop='Expiry'
DUPE: 2006032783193_Node0_Node8_Zero, Node4 id 2006032783193_Node0_Node8_Zero was a dupe; retransmit: 0, pkt_enqueue_time=2009089511197.8196, pkt_dequeue_time=2009089511197.8196, forwarded_or_dropped=1, reason_for_drop='Expiry'
DUPE: 2006098368529_Node0_Node8_Zero, Node3 id 2006098368529_Node0_Node8_Zero was a dupe; retransmit: 0, pkt_enqueue_time=2009104392268.6384, pkt_dequeue_time=2009104392268.6384, forwarded_or_dropped=1, reason_for_drop='Expiry'
DUPE: 2006120215271_Node0_Node8_Zero, Node5 id 2006120215271_Node0_Node8_Zero was a dupe; retransmit: 0, pkt_enqueue_time=2009123722307.4565, pkt_dequeue_time=2009123722307.4565, forwarded_or_dropped=1, reason_for_drop='Expiry'
DUPE: 2006120215271_Node0_Node8_Zero, Node3 id 2006120215271_Node0_Node8_Zero was a dupe; retransmit: 0, pkt_enqueue_time=2009128820285.4568, pkt_dequeue_time=2009128820285.4568, forwarded_or_dropped=1, reason_for_drop='Expiry'
DUPE: 2006120215271_Node0_Node8_Zero, Node4 id 2006120215271_Node0_Node8_Zero was a dupe; retransmit: 0, pkt_enqueue_time=2009140945148.3665, pkt_dequeue_time=2009140945148.3665, forwarded_or_dropped=1, reason_for_drop='Expiry'
DUPE: 2006169393858_Node0_Node8_Zero, Node7 id 2006169393858_Node0_Node8_Zero was a dupe; retransmit: 0, pkt_enqueue_time=2009171943332.003, pkt_dequeue_time=2009171943332.003, forwarded_or_dropped=1, reason_for_drop='Expiry'
DUPE: 2006169393858_Node0_Node8_Zero, Node6 id 2006169393858_Node0_Node8_Zero was a dupe; retransmit: 0, pkt_enqueue_time=2009178095317.2766, pkt_dequeue_time=2009178095317.2766, forwarded_or_dropped=1, reason_for_drop='Expiry'
DUPE: 2006174861826_Node0_Node8_Zero, Node4 id 2006174861826_Node0_Node8_Zero was a dupe; retransmit: 0, pkt_enqueue_time=2009179497088.2766, pkt_dequeue_time=2009179497088.2766, forwarded_or_dropped=1, reason_for_drop='Expiry'
DUPE: 2005918027587_Node0_Node8_Zero, Node2 id 2005918027587_Node0_Node8_Zero was a dupe; retransmit: 0, pkt_enqueue_time=2009186985683.3682, pkt_dequeue_time=2009186985683.3682, forwarded_or_dropped=1, reason_for_drop='Expiry'
DUPE: 2005923487071_Node0_Node8_Zero, Node2 id 2005923487071_Node0_Node8_Zero was a dupe; retransmit: 0, pkt_enqueue_time=2009186985683.3682, pkt_dequeue_time=2009186985683.3682, forwarded_or_dropped=1, reason_for_drop='Expiry'
DUPE: 2005721312761_Node0_Node8_Zero, Node1 id 2005721312761_Node0_Node8_Zero was a dupe; retransmit: 0, pkt_enqueue_time=2009199144553.0044, pkt_dequeue_time=2009199144553.0044, forwarded_or_dropped=1, reason_for_drop='Expiry'
DUPE: 2005726779428_Node0_Node8_Zero, Node1 id 2005726779428_Node0_Node8_Zero was a dupe; retransmit: 0, pkt_enqueue_time=2009199144553.0044, pkt_dequeue_time=2009199144553.0044, forwarded_or_dropped=1, reason_for_drop='Expiry'
Node.py: (Node0)@2009200000000.0: Updated MCS from 1 to 1, hist=deque([1.0547945205479452, 0.40540540540540543, 1.4657534246575343, 0.7397260273972602, 0.958904109589041], maxlen=5), packets_serviced=70, packets_received=73
Called Update: UpdateRouteCalls = 0, force = False
Node.py: (Node1)@2009200000000.0: Updated MCS from 1 to 1, hist=deque([0.4567901234567901, 0.1794871794871795, 0.3, 0.6987951807228916, 0.6442307692307693], maxlen=5), packets_serviced=67, packets_received=104
Called Update: UpdateRouteCalls = 1, force = False
Node.py: (Node2)@2009200000000.0: Updated MCS from 1 to 1, hist=deque([0.32558139534883723, 0.45, 0.5789473684210527, 0.475, 0.3409090909090909], maxlen=5), packets_serviced=30, packets_received=88
Called Update: UpdateRouteCalls = 2, force = False
Node.py: (Node3)@2009200000000.0: Updated MCS from 1 to 1, hist=deque([0.45454545454545453, 0.375, 0.42105263157894735, 0.4, 0.35135135135135137], maxlen=5), packets_serviced=13, packets_received=37
Called Update: UpdateRouteCalls = 3, force = False
Node.py: (Node4)@2009200000000.0: Updated MCS from 1 to 1, hist=deque([0.5, 0.25, 0.5, 0.42105263157894735, 0.30434782608695654], maxlen=5), packets_serviced=7, packets_received=23
Called Update: UpdateRouteCalls = 4, force = False
Node.py: (Node5)@2009200000000.0: Updated MCS from 1 to 1, hist=deque([0.4, 0.3333333333333333, 0.35294117647058826, 0.5, 0.38461538461538464], maxlen=5), packets_serviced=5, packets_received=13
Called Update: UpdateRouteCalls = 5, force = False
Node.py: (Node6)@2009200000000.0: Updated MCS from 1 to 1, hist=deque([0.3333333333333333, 0.3, 0.3076923076923077, 0.29411764705882354, 0.23529411764705882], maxlen=5), packets_serviced=4, packets_received=17
Called Update: UpdateRouteCalls = 6, force = False
Node.py: (Node7)@2009200000000.0: Updated MCS from 1 to 1, hist=deque([0.3333333333333333, 0.3333333333333333, 0.36363636363636365, 0.26666666666666666, 0.2857142857142857], maxlen=5), packets_serviced=4, packets_received=14
Called Update: UpdateRouteCalls = 7, force = False
Called Update: UpdateRouteCalls = 8, force = False
Called Update: UpdateRouteCalls = 9, force = False
Called Update: UpdateRouteCalls = 10, force = False
Called Update: UpdateRouteCalls = 11, force = False
Called Update: UpdateRouteCalls = 12, force = False
Called Update: UpdateRouteCalls = 13, force = False
Called Update: UpdateRouteCalls = 14, force = False
Called Update: UpdateRouteCalls = 15, force = False
Called Update: UpdateRouteCalls = 16, force = False
Called Update: UpdateRouteCalls = 17, force = False
!! UPDATING !!
routeNo, updatedMCSIndex =  0 [1, 1, 1, 1, 1, 1, 1, 1]
DUPE: 2006169393858_Node0_Node8_Zero, Node3 id 2006169393858_Node0_Node8_Zero was a dupe; retransmit: 0, pkt_enqueue_time=2009202659425.0044, pkt_dequeue_time=2009202659425.0044, forwarded_or_dropped=1, reason_for_drop='Expiry'
DUPE: 2006174861826_Node0_Node8_Zero, Node3 id 2006174861826_Node0_Node8_Zero was a dupe; retransmit: 0, pkt_enqueue_time=2009202659425.0044, pkt_dequeue_time=2009202659425.0044, forwarded_or_dropped=1, reason_for_drop='Expiry'
DUPE: 2005939883565_Node0_Node8_Zero, Node2 id 2005939883565_Node0_Node8_Zero was a dupe; retransmit: 0, pkt_enqueue_time=2009204551712.8225, pkt_dequeue_time=2009204551712.8225, forwarded_or_dropped=1, reason_for_drop='Expiry'
DUPE: 2005945346114_Node0_Node8_Zero, Node2 id 2005945346114_Node0_Node8_Zero was a dupe; retransmit: 0, pkt_enqueue_time=2009204551712.8225, pkt_dequeue_time=2009204551712.8225, forwarded_or_dropped=1, reason_for_drop='Expiry'
DUPE: 2006021851601_Node0_Node8_Zero, Node2 id 2006021851601_Node0_Node8_Zero was a dupe; retransmit: 0, pkt_enqueue_time=2009210171881.459, pkt_dequeue_time=2009210171881.459, forwarded_or_dropped=1, reason_for_drop='Expiry'
DUPE: 2006092908307_Node0_Node8_Zero, Node2 id 2006092908307_Node0_Node8_Zero was a dupe; retransmit: 0, pkt_enqueue_time=2009219551919.0046, pkt_dequeue_time=2009219551919.0046, forwarded_or_dropped=1, reason_for_drop='Expiry'
DUPE: 2006098368529_Node0_Node8_Zero, Node2 id 2006098368529_Node0_Node8_Zero was a dupe; retransmit: 0, pkt_enqueue_time=2009219551919.0046, pkt_dequeue_time=2009219551919.0046, forwarded_or_dropped=1, reason_for_drop='Expiry'
DUPE: 2006218590873_Node0_Node8_Zero, Node3 id 2006218590873_Node0_Node8_Zero was a dupe; retransmit: 0, pkt_enqueue_time=2009228414750.8228, pkt_dequeue_time=2009228414750.8228, forwarded_or_dropped=1, reason_for_drop='Expiry'
DUPE: 2006234974984_Node0_Node8_Zero, Node3 id 2006234974984_Node0_Node8_Zero was a dupe; retransmit: 0, pkt_enqueue_time=2009237959550.4592, pkt_dequeue_time=2009237959550.4592, forwarded_or_dropped=1, reason_for_drop='Expiry'
DUPE: 2006234974984_Node0_Node8_Zero, Node5 id 2006234974984_Node0_Node8_Zero was a dupe; retransmit: 0, pkt_enqueue_time=2009239890422.4592, pkt_dequeue_time=2009239890422.4592, forwarded_or_dropped=1, reason_for_drop='Expiry'
DUPE: 2006234974984_Node0_Node8_Zero, Node6 id 2006234974984_Node0_Node8_Zero was a dupe; retransmit: 0, pkt_enqueue_time=2009242210112.2773, pkt_dequeue_time=2009242210112.2773, forwarded_or_dropped=1, reason_for_drop='Expiry'
DUPE: 2006147532292_Node0_Node8_Zero, Node3 id 2006147532292_Node0_Node8_Zero was a dupe; retransmit: 0, pkt_enqueue_time=2009244402353.0957, pkt_dequeue_time=2009244402353.0957, forwarded_or_dropped=1, reason_for_drop='Expiry'
DUPE: 2006152997887_Node0_Node8_Zero, Node3 id 2006152997887_Node0_Node8_Zero was a dupe; retransmit: 0, pkt_enqueue_time=2009244402353.0957, pkt_dequeue_time=2009244402353.0957, forwarded_or_dropped=1, reason_for_drop='Expiry'
DUPE: 2006234974984_Node0_Node8_Zero, Node7 id 2006234974984_Node0_Node8_Zero was a dupe; retransmit: 0, pkt_enqueue_time=2009247191796.0957, pkt_dequeue_time=2009247191796.0957, forwarded_or_dropped=1, reason_for_drop='Expiry'
DUPE: 2006240443815_Node0_Node8_Zero, Node4 id 2006240443815_Node0_Node8_Zero was a dupe; retransmit: 0, pkt_enqueue_time=2009252284026.8232, pkt_dequeue_time=2009252284026.8232, forwarded_or_dropped=1, reason_for_drop='Expiry'
DUPE: 2006087445779_Node0_Node8_Zero, Node1 id 2006087445779_Node0_Node8_Zero was a dupe; retransmit: 0, pkt_enqueue_time=2009259382026.0962, pkt_dequeue_time=2009259382026.0962, forwarded_or_dropped=1, reason_for_drop='Expiry'
DUPE: 2006213124912_Node0_Node8_Zero, Node2 id 2006213124912_Node0_Node8_Zero was a dupe; retransmit: 0, pkt_enqueue_time=2009264293843.9143, pkt_dequeue_time=2009264293843.9143, forwarded_or_dropped=1, reason_for_drop='Expiry'
DUPE: 2006218590873_Node0_Node8_Zero, Node2 id 2006218590873_Node0_Node8_Zero was a dupe; retransmit: 0, pkt_enqueue_time=2009264293843.9143, pkt_dequeue_time=2009264293843.9143, forwarded_or_dropped=1, reason_for_drop='Expiry'
DUPE: 2005896181677_Node0_Node8_Zero, Node1 id 2005896181677_Node0_Node8_Zero was a dupe; retransmit: 0, pkt_enqueue_time=2009266676132.4597, pkt_dequeue_time=2009266676132.4597, forwarded_or_dropped=1, reason_for_drop='Expiry'
DUPE: 2005901642218_Node0_Node8_Zero, Node1 id 2005901642218_Node0_Node8_Zero was a dupe; retransmit: 0, pkt_enqueue_time=2009266676132.4597, pkt_dequeue_time=2009266676132.4597, forwarded_or_dropped=1, reason_for_drop='Expiry'
DUPE: 2005907102980_Node0_Node8_Zero, Node1 id 2005907102980_Node0_Node8_Zero was a dupe; retransmit: 0, pkt_enqueue_time=2009270233004.4597, pkt_dequeue_time=2009270233004.4597, forwarded_or_dropped=1, reason_for_drop='Expiry'
DUPE: 2005912567022_Node0_Node8_Zero, Node1 id 2005912567022_Node0_Node8_Zero was a dupe; retransmit: 0, pkt_enqueue_time=2009270233004.4597, pkt_dequeue_time=2009270233004.4597, forwarded_or_dropped=1, reason_for_drop='Expiry'
DUPE: 2005983598418_Node0_Node8_Zero, Node1 id 2005983598418_Node0_Node8_Zero was a dupe; retransmit: 0, pkt_enqueue_time=2009276289568.0962, pkt_dequeue_time=2009276289568.0962, forwarded_or_dropped=1, reason_for_drop='Expiry'
DUPE: 2005989063150_Node0_Node8_Zero, Node1 id 2005989063150_Node0_Node8_Zero was a dupe; retransmit: 0, pkt_enqueue_time=2009276289568.0962, pkt_dequeue_time=2009276289568.0962, forwarded_or_dropped=1, reason_for_drop='Expiry'
DUPE: 2005928954525_Node0_Node8_Zero, Node1 id 2005928954525_Node0_Node8_Zero was a dupe; retransmit: 0, pkt_enqueue_time=2009282372131.7327, pkt_dequeue_time=2009282372131.7327, forwarded_or_dropped=1, reason_for_drop='Expiry'
DUPE: 2005934418272_Node0_Node8_Zero, Node1 id 2005934418272_Node0_Node8_Zero was a dupe; retransmit: 0, pkt_enqueue_time=2009282372131.7327, pkt_dequeue_time=2009282372131.7327, forwarded_or_dropped=1, reason_for_drop='Expiry'
DUPE: 2005797816121_Node0_Node8_Zero, Node1 id 2005797816121_Node0_Node8_Zero was a dupe; retransmit: 0, pkt_enqueue_time=2009288456695.3691, pkt_dequeue_time=2009288456695.3691, forwarded_or_dropped=1, reason_for_drop='Expiry'
DUPE: 2005803279078_Node0_Node8_Zero, Node1 id 2005803279078_Node0_Node8_Zero was a dupe; retransmit: 0, pkt_enqueue_time=2009288456695.3691, pkt_dequeue_time=2009288456695.3691, forwarded_or_dropped=1, reason_for_drop='Expiry'
DUPE: 2006125674790_Node0_Node8_Zero, Node1 id 2006125674790_Node0_Node8_Zero was a dupe; retransmit: 0, pkt_enqueue_time=2009294649259.0056, pkt_dequeue_time=2009294649259.0056, forwarded_or_dropped=1, reason_for_drop='Expiry'
DUPE: 2006131134695_Node0_Node8_Zero, Node1 id 2006131134695_Node0_Node8_Zero was a dupe; retransmit: 0, pkt_enqueue_time=2009294649259.0056, pkt_dequeue_time=2009294649259.0056, forwarded_or_dropped=1, reason_for_drop='Expiry'
DUPE: 2005743168134_Node0_Node8_Zero, Node1 id 2005743168134_Node0_Node8_Zero was a dupe; retransmit: 0, pkt_enqueue_time=2009301031822.642, pkt_dequeue_time=2009301031822.642, forwarded_or_dropped=1, reason_for_drop='Expiry'
DUPE: 2005748634423_Node0_Node8_Zero, Node1 id 2005748634423_Node0_Node8_Zero was a dupe; retransmit: 0, pkt_enqueue_time=2009301031822.642, pkt_dequeue_time=2009301031822.642, forwarded_or_dropped=1, reason_for_drop='Expiry'
DUPE: 2006147532292_Node0_Node8_Zero, Node1 id 2006147532292_Node0_Node8_Zero was a dupe; retransmit: 0, pkt_enqueue_time=2009310132258.2786, pkt_dequeue_time=2009310132258.2786, forwarded_or_dropped=1, reason_for_drop='Expiry'
DUPE: 2006152997887_Node0_Node8_Zero, Node1 id 2006152997887_Node0_Node8_Zero was a dupe; retransmit: 0, pkt_enqueue_time=2009310132258.2786, pkt_dequeue_time=2009310132258.2786, forwarded_or_dropped=1, reason_for_drop='Expiry'
DUPE: 2006191255329_Node0_Node8_Zero, Node1 id 2006191255329_Node0_Node8_Zero was a dupe; retransmit: 0, pkt_enqueue_time=2009312249130.2786, pkt_dequeue_time=2009312249130.2786, forwarded_or_dropped=1, reason_for_drop='Expiry'
DUPE: 2006196718251_Node0_Node8_Zero, Node1 id 2006196718251_Node0_Node8_Zero was a dupe; retransmit: 0, pkt_enqueue_time=2009312249130.2786, pkt_dequeue_time=2009312249130.2786, forwarded_or_dropped=1, reason_for_drop='Expiry'
DUPE: 2006224051833_Node0_Node8_Zero, Node1 id 2006224051833_Node0_Node8_Zero was a dupe; retransmit: 0, pkt_enqueue_time=2009318920693.915, pkt_dequeue_time=2009318920693.915, forwarded_or_dropped=1, reason_for_drop='Expiry'
DUPE: 2006229513355_Node0_Node8_Zero, Node1 id 2006229513355_Node0_Node8_Zero was a dupe; retransmit: 0, pkt_enqueue_time=2009318920693.915, pkt_dequeue_time=2009318920693.915, forwarded_or_dropped=1, reason_for_drop='Expiry'
DUPE: 2005961740480_Node0_Node8_Zero, Node1 id 2005961740480_Node0_Node8_Zero was a dupe; retransmit: 0, pkt_enqueue_time=2009333145821.188, pkt_dequeue_time=2009333145821.188, forwarded_or_dropped=1, reason_for_drop='Expiry'
DUPE: 2005967204899_Node0_Node8_Zero, Node1 id 2005967204899_Node0_Node8_Zero was a dupe; retransmit: 0, pkt_enqueue_time=2009333145821.188, pkt_dequeue_time=2009333145821.188, forwarded_or_dropped=1, reason_for_drop='Expiry'
DUPE: 2006027314560_Node0_Node8_Zero, Node1 id 2006027314560_Node0_Node8_Zero was a dupe; retransmit: 0, pkt_enqueue_time=2009335562693.188, pkt_dequeue_time=2009335562693.188, forwarded_or_dropped=1, reason_for_drop='Expiry'
DUPE: 2006032783193_Node0_Node8_Zero, Node1 id 2006032783193_Node0_Node8_Zero was a dupe; retransmit: 0, pkt_enqueue_time=2009335562693.188, pkt_dequeue_time=2009335562693.188, forwarded_or_dropped=1, reason_for_drop='Expiry'
DUPE: 2006213124912_Node0_Node8_Zero, Node1 id 2006213124912_Node0_Node8_Zero was a dupe; retransmit: 0, pkt_enqueue_time=2009347655128.8245, pkt_dequeue_time=2009347655128.8245, forwarded_or_dropped=1, reason_for_drop='Expiry'
DUPE: 2006218590873_Node0_Node8_Zero, Node1 id 2006218590873_Node0_Node8_Zero was a dupe; retransmit: 0, pkt_enqueue_time=2009347655128.8245, pkt_dequeue_time=2009347655128.8245, forwarded_or_dropped=1, reason_for_drop='Expiry'
DUPE: 2005775956039_Node0_Node8_Zero, Node1 id 2005775956039_Node0_Node8_Zero was a dupe; retransmit: 0, pkt_enqueue_time=2009354856692.461, pkt_dequeue_time=2009354856692.461, forwarded_or_dropped=1, reason_for_drop='Expiry'
DUPE: 2005781419009_Node0_Node8_Zero, Node1 id 2005781419009_Node0_Node8_Zero was a dupe; retransmit: 0, pkt_enqueue_time=2009354856692.461, pkt_dequeue_time=2009354856692.461, forwarded_or_dropped=1, reason_for_drop='Expiry'
DUPE: 2006114754713_Node0_Node8_Zero, Node1 id 2006114754713_Node0_Node8_Zero was a dupe; retransmit: 0, pkt_enqueue_time=2009362779256.0974, pkt_dequeue_time=2009362779256.0974, forwarded_or_dropped=1, reason_for_drop='Expiry'
DUPE: 2006120215271_Node0_Node8_Zero, Node1 id 2006120215271_Node0_Node8_Zero was a dupe; retransmit: 0, pkt_enqueue_time=2009362779256.0974, pkt_dequeue_time=2009362779256.0974, forwarded_or_dropped=1, reason_for_drop='Expiry'
DUPE: 2006169393858_Node0_Node8_Zero, Node1 id 2006169393858_Node0_Node8_Zero was a dupe; retransmit: 0, pkt_enqueue_time=2009370997819.734, pkt_dequeue_time=2009370997819.734, forwarded_or_dropped=1, reason_for_drop='Expiry'
DUPE: 2006174861826_Node0_Node8_Zero, Node1 id 2006174861826_Node0_Node8_Zero was a dupe; retransmit: 0, pkt_enqueue_time=2009370997819.734, pkt_dequeue_time=2009370997819.734, forwarded_or_dropped=1, reason_for_drop='Expiry'
DUPE: 2006092908307_Node0_Node8_Zero, Node1 id 2006092908307_Node0_Node8_Zero was a dupe; retransmit: 0, pkt_enqueue_time=2009389144947.0068, pkt_dequeue_time=2009389144947.0068, forwarded_or_dropped=1, reason_for_drop='Expiry'
DUPE: 2006098368529_Node0_Node8_Zero, Node1 id 2006098368529_Node0_Node8_Zero was a dupe; retransmit: 0, pkt_enqueue_time=2009389144947.0068, pkt_dequeue_time=2009389144947.0068, forwarded_or_dropped=1, reason_for_drop='Expiry'
DUPE: 2005273226503_Node0_Node8_Zero, Node1 id 2005273226503_Node0_Node8_Zero was a dupe; retransmit: 0, pkt_enqueue_time=2009401474074.2798, pkt_dequeue_time=2009401474074.2798, forwarded_or_dropped=1, reason_for_drop='Expiry'
DUPE: 2005278689970_Node0_Node8_Zero, Node1 id 2005278689970_Node0_Node8_Zero was a dupe; retransmit: 0, pkt_enqueue_time=2009401474074.2798, pkt_dequeue_time=2009401474074.2798, forwarded_or_dropped=1, reason_for_drop='Expiry'
DUPE: 2005475409077_Node0_Node8_Zero, Node1 id 2005475409077_Node0_Node8_Zero was a dupe; retransmit: 0, pkt_enqueue_time=2009410448637.9163, pkt_dequeue_time=2009410448637.9163, forwarded_or_dropped=1, reason_for_drop='Expiry'
DUPE: 2005830603573_Node0_Node8_Zero, Node1 id 2005830603573_Node0_Node8_Zero was a dupe; retransmit: 0, pkt_enqueue_time=2009420468474.2798, pkt_dequeue_time=2009420468474.2798, forwarded_or_dropped=1, reason_for_drop='Expiry'
DUPE: 2005836065660_Node0_Node8_Zero, Node1 id 2005836065660_Node0_Node8_Zero was a dupe; retransmit: 0, pkt_enqueue_time=2009420468474.2798, pkt_dequeue_time=2009420468474.2798, forwarded_or_dropped=1, reason_for_drop='Expiry'
DUPE: 2003825165425_Node0_Node8_Zero, Node1 id 2003825165425_Node0_Node8_Zero was a dupe; retransmit: 0, pkt_enqueue_time=2009430631037.9163, pkt_dequeue_time=2009430631037.9163, forwarded_or_dropped=1, reason_for_drop='Expiry'
DUPE: 2003743191890_Node0_Node8_Zero, Node1 id 2003743191890_Node0_Node8_Zero was a dupe; retransmit: 0, pkt_enqueue_time=2009440793692.4617, pkt_dequeue_time=2009440793692.4617, forwarded_or_dropped=1, reason_for_drop='Expiry'
DUPE: 2003748657064_Node0_Node8_Zero, Node1 id 2003748657064_Node0_Node8_Zero was a dupe; retransmit: 0, pkt_enqueue_time=2009440793692.4617, pkt_dequeue_time=2009440793692.4617, forwarded_or_dropped=1, reason_for_drop='Expiry'
DUPE: 2002814207314_Node0_Node8_Zero, Node1 id 2002814207314_Node0_Node8_Zero was a dupe; retransmit: 0, pkt_enqueue_time=2009454301128.0981, pkt_dequeue_time=2009454301128.0981, forwarded_or_dropped=1, reason_for_drop='Expiry'
DUPE: 2004049225722_Node0_Node8_Zero, Node1 id 2004049225722_Node0_Node8_Zero was a dupe; retransmit: 0, pkt_enqueue_time=2009464542691.7346, pkt_dequeue_time=2009464542691.7346, forwarded_or_dropped=1, reason_for_drop='Expiry'
DUPE: 2005546443915_Node0_Node8_Zero, Node1 id 2005546443915_Node0_Node8_Zero was a dupe; retransmit: 0, pkt_enqueue_time=2009485549909.9165, pkt_dequeue_time=2009485549909.9165, forwarded_or_dropped=1, reason_for_drop='Expiry'
DUPE: 2005551910619_Node0_Node8_Zero, Node1 id 2005551910619_Node0_Node8_Zero was a dupe; retransmit: 0, pkt_enqueue_time=2009485549909.9165, pkt_dequeue_time=2009485549909.9165, forwarded_or_dropped=1, reason_for_drop='Expiry'
DUPE: 2003732267195_Node0_Node8_Zero, Node1 id 2003732267195_Node0_Node8_Zero was a dupe; retransmit: 0, pkt_enqueue_time=2009496164473.553, pkt_dequeue_time=2009496164473.553, forwarded_or_dropped=1, reason_for_drop='Expiry'
DUPE: 2003770513018_Node0_Node8_Zero, Node1 id 2003770513018_Node0_Node8_Zero was a dupe; retransmit: 0, pkt_enqueue_time=2009498601345.553, pkt_dequeue_time=2009498601345.553, forwarded_or_dropped=1, reason_for_drop='Expiry'
DUPE: 2004377088961_Node0_Node8_Zero, Node1 id 2004377088961_Node0_Node8_Zero was a dupe; retransmit: 0, pkt_enqueue_time=2009509677909.1895, pkt_dequeue_time=2009509677909.1895, forwarded_or_dropped=1, reason_for_drop='Expiry'
DUPE: 2005612033593_Node0_Node8_Zero, Node1 id 2005612033593_Node0_Node8_Zero was a dupe; retransmit: 0, pkt_enqueue_time=2009523347435.7349, pkt_dequeue_time=2009523347435.7349, forwarded_or_dropped=1, reason_for_drop='Expiry'
DUPE: 2005617495533_Node0_Node8_Zero, Node1 id 2005617495533_Node0_Node8_Zero was a dupe; retransmit: 0, pkt_enqueue_time=2009523347435.7349, pkt_dequeue_time=2009523347435.7349, forwarded_or_dropped=1, reason_for_drop='Expiry'
DUPE: 2003601126641_Node0_Node8_Zero, Node1 id 2003601126641_Node0_Node8_Zero was a dupe; retransmit: 0, pkt_enqueue_time=2009534494999.3713, pkt_dequeue_time=2009534494999.3713, forwarded_or_dropped=1, reason_for_drop='Expiry'
DUPE: 2003606588313_Node0_Node8_Zero, Node1 id 2003606588313_Node0_Node8_Zero was a dupe; retransmit: 0, pkt_enqueue_time=2009534494999.3713, pkt_dequeue_time=2009534494999.3713, forwarded_or_dropped=1, reason_for_drop='Expiry'
DUPE: 2005841532287_Node0_Node8_Zero, Node1 id 2005841532287_Node0_Node8_Zero was a dupe; retransmit: 0, pkt_enqueue_time=2009545717563.0078, pkt_dequeue_time=2009545717563.0078, forwarded_or_dropped=1, reason_for_drop='Expiry'
DUPE: 2005846997541_Node0_Node8_Zero, Node1 id 2005846997541_Node0_Node8_Zero was a dupe; retransmit: 0, pkt_enqueue_time=2009545717563.0078, pkt_dequeue_time=2009545717563.0078, forwarded_or_dropped=1, reason_for_drop='Expiry'
DUPE: 2005316939678_Node0_Node8_Zero, Node1 id 2005316939678_Node0_Node8_Zero was a dupe; retransmit: 0, pkt_enqueue_time=2009557041126.6443, pkt_dequeue_time=2009557041126.6443, forwarded_or_dropped=1, reason_for_drop='Expiry'
DUPE: 2005322403844_Node0_Node8_Zero, Node1 id 2005322403844_Node0_Node8_Zero was a dupe; retransmit: 0, pkt_enqueue_time=2009557041126.6443, pkt_dequeue_time=2009557041126.6443, forwarded_or_dropped=1, reason_for_drop='Expiry'
DUPE: 2003590197889_Node0_Node8_Zero, Node1 id 2003590197889_Node0_Node8_Zero was a dupe; retransmit: 0, pkt_enqueue_time=2009568430690.2808, pkt_dequeue_time=2009568430690.2808, forwarded_or_dropped=1, reason_for_drop='Expiry'
DUPE: 2003595661273_Node0_Node8_Zero, Node1 id 2003595661273_Node0_Node8_Zero was a dupe; retransmit: 0, pkt_enqueue_time=2009568430690.2808, pkt_dequeue_time=2009568430690.2808, forwarded_or_dropped=1, reason_for_drop='Expiry'
DUPE: 2004333386795_Node0_Node8_Zero, Node1 id 2004333386795_Node0_Node8_Zero was a dupe; retransmit: 0, pkt_enqueue_time=2009579953253.9172, pkt_dequeue_time=2009579953253.9172, forwarded_or_dropped=1, reason_for_drop='Expiry'
Node.py: (Node0)@2009600000000.0: Updated MCS from 1 to 1, hist=deque([0.40540540540540543, 1.4657534246575343, 0.7397260273972602, 0.958904109589041, 0.0], maxlen=5), packets_serviced=0, packets_received=73
Called Update: UpdateRouteCalls = 0, force = False
Node.py: (Node1)@2009600000000.0: Updated MCS from 1 to 1, hist=deque([0.1794871794871795, 0.3, 0.6987951807228916, 0.6442307692307693, 0.0], maxlen=5), packets_serviced=0, packets_received=82
Called Update: UpdateRouteCalls = 1, force = False
Node.py: (Node2)@2009600000000.0: Updated MCS from 1 to 1, hist=deque([0.45, 0.5789473684210527, 0.475, 0.3409090909090909, 0.5], maxlen=5), packets_serviced=4, packets_received=8
Called Update: UpdateRouteCalls = 2, force = False
Node.py: (Node3)@2009600000000.0: Updated MCS from 1 to 1, hist=deque([0.375, 0.42105263157894735, 0.4, 0.35135135135135137, 0.18181818181818182], maxlen=5), packets_serviced=2, packets_received=11
Called Update: UpdateRouteCalls = 3, force = False
Node.py: (Node4)@2009600000000.0: Updated MCS from 1 to 1, hist=deque([0.25, 0.5, 0.42105263157894735, 0.30434782608695654, 0.5], maxlen=5), packets_serviced=2, packets_received=4
Called Update: UpdateRouteCalls = 4, force = False
Node.py: (Node5)@2009600000000.0: Updated MCS from 1 to 1, hist=deque([0.3333333333333333, 0.35294117647058826, 0.5, 0.38461538461538464, 0.3333333333333333], maxlen=5), packets_serviced=1, packets_received=3
Called Update: UpdateRouteCalls = 5, force = False
Node.py: (Node6)@2009600000000.0: Updated MCS from 1 to 1, hist=deque([0.3, 0.3076923076923077, 0.29411764705882354, 0.23529411764705882, 0.25], maxlen=5), packets_serviced=1, packets_received=4
Called Update: UpdateRouteCalls = 6, force = False
Node.py: (Node7)@2009600000000.0: Updated MCS from 1 to 1, hist=deque([0.3333333333333333, 0.36363636363636365, 0.26666666666666666, 0.2857142857142857, 0.16666666666666666], maxlen=5), packets_serviced=1, packets_received=6
Called Update: UpdateRouteCalls = 7, force = False
Called Update: UpdateRouteCalls = 8, force = False
Called Update: UpdateRouteCalls = 9, force = False
Called Update: UpdateRouteCalls = 10, force = False
Called Update: UpdateRouteCalls = 11, force = False
Called Update: UpdateRouteCalls = 12, force = False
Called Update: UpdateRouteCalls = 13, force = False
Called Update: UpdateRouteCalls = 14, force = False
Called Update: UpdateRouteCalls = 15, force = False
Called Update: UpdateRouteCalls = 16, force = False
Called Update: UpdateRouteCalls = 17, force = False
!! UPDATING !!
routeNo, updatedMCSIndex =  0 [1, 1, 1, 1, 1, 1, 1, 1]
DUPE: 2003448128619_Node0_Node8_Zero, Node1 id 2003448128619_Node0_Node8_Zero was a dupe; retransmit: 0, pkt_enqueue_time=2009603288563.008, pkt_dequeue_time=2009603288563.008, forwarded_or_dropped=1, reason_for_drop='Expiry'
DUPE: 2003453590512_Node0_Node8_Zero, Node1 id 2003453590512_Node0_Node8_Zero was a dupe; retransmit: 0, pkt_enqueue_time=2009603288563.008, pkt_dequeue_time=2009603288563.008, forwarded_or_dropped=1, reason_for_drop='Expiry'
DUPE: 2002202192094_Node0_Node8_Zero, Node1 id 2002202192094_Node0_Node8_Zero was a dupe; retransmit: 0, pkt_enqueue_time=2009615147126.6445, pkt_dequeue_time=2009615147126.6445, forwarded_or_dropped=1, reason_for_drop='Expiry'
DUPE: 2002207658479_Node0_Node8_Zero, Node1 id 2002207658479_Node0_Node8_Zero was a dupe; retransmit: 0, pkt_enqueue_time=2009615147126.6445, pkt_dequeue_time=2009615147126.6445, forwarded_or_dropped=1, reason_for_drop='Expiry'
DUPE: 2002486381547_Node0_Node8_Zero, Node1 id 2002486381547_Node0_Node8_Zero was a dupe; retransmit: 0, pkt_enqueue_time=2009638952253.9175, pkt_dequeue_time=2009638952253.9175, forwarded_or_dropped=1, reason_for_drop='Expiry'
DUPE: 2002491844285_Node0_Node8_Zero, Node1 id 2002491844285_Node0_Node8_Zero was a dupe; retransmit: 0, pkt_enqueue_time=2009638952253.9175, pkt_dequeue_time=2009638952253.9175, forwarded_or_dropped=1, reason_for_drop='Expiry'
DUPE: 2002497313293_Node0_Node8_Zero, Node1 id 2002497313293_Node0_Node8_Zero was a dupe; retransmit: 0, pkt_enqueue_time=2009645509125.9175, pkt_dequeue_time=2009645509125.9175, forwarded_or_dropped=1, reason_for_drop='Expiry'
DUPE: 2002502778572_Node0_Node8_Zero, Node1 id 2002502778572_Node0_Node8_Zero was a dupe; retransmit: 0, pkt_enqueue_time=2009645509125.9175, pkt_dequeue_time=2009645509125.9175, forwarded_or_dropped=1, reason_for_drop='Expiry'
DUPE: 2003836093185_Node0_Node8_Zero, Node1 id 2003836093185_Node0_Node8_Zero was a dupe; retransmit: 0, pkt_enqueue_time=2009659089689.554, pkt_dequeue_time=2009659089689.554, forwarded_or_dropped=1, reason_for_drop='Expiry'
DUPE: 2003754123199_Node0_Node8_Zero, Node1 id 2003754123199_Node0_Node8_Zero was a dupe; retransmit: 0, pkt_enqueue_time=2009672873344.0994, pkt_dequeue_time=2009672873344.0994, forwarded_or_dropped=1, reason_for_drop='Expiry'
DUPE: 2003759587646_Node0_Node8_Zero, Node1 id 2003759587646_Node0_Node8_Zero was a dupe; retransmit: 0, pkt_enqueue_time=2009672873344.0994, pkt_dequeue_time=2009672873344.0994, forwarded_or_dropped=1, reason_for_drop='Expiry'
DUPE: 2005535521469_Node0_Node8_Zero, Node1 id 2005535521469_Node0_Node8_Zero was a dupe; retransmit: 0, pkt_enqueue_time=2009687424907.7358, pkt_dequeue_time=2009687424907.7358, forwarded_or_dropped=1, reason_for_drop='Expiry'
DUPE: 2005540981860_Node0_Node8_Zero, Node1 id 2005540981860_Node0_Node8_Zero was a dupe; retransmit: 0, pkt_enqueue_time=2009687424907.7358, pkt_dequeue_time=2009687424907.7358, forwarded_or_dropped=1, reason_for_drop='Expiry'
DUPE: 2003803304470_Node0_Node8_Zero, Node2 id 2003803304470_Node0_Node8_Zero was a dupe; retransmit: 0, pkt_enqueue_time=2009721430561.9175, pkt_dequeue_time=2009721430561.9175, forwarded_or_dropped=1, reason_for_drop='Expiry'
DUPE: 2003808771521_Node0_Node8_Zero, Node1 id 2003808771521_Node0_Node8_Zero was a dupe; retransmit: 0, pkt_enqueue_time=2009742571561.554, pkt_dequeue_time=2009742571561.554, forwarded_or_dropped=1, reason_for_drop='Expiry'
DUPE: 2005994524261_Node0_Node8_Zero, Node1 id 2005994524261_Node0_Node8_Zero was a dupe; retransmit: 0, pkt_enqueue_time=2009760212216.0994, pkt_dequeue_time=2009760212216.0994, forwarded_or_dropped=1, reason_for_drop='Expiry'
DUPE: 2005999988140_Node0_Node8_Zero, Node1 id 2005999988140_Node0_Node8_Zero was a dupe; retransmit: 0, pkt_enqueue_time=2009760212216.0994, pkt_dequeue_time=2009760212216.0994, forwarded_or_dropped=1, reason_for_drop='Expiry'
DUPE: 2006234974984_Node0_Node8_Zero, Node2 id 2006234974984_Node0_Node8_Zero was a dupe; retransmit: 0, pkt_enqueue_time=2009782039033.9175, pkt_dequeue_time=2009782039033.9175, forwarded_or_dropped=1, reason_for_drop='Expiry'
DUPE: 2006240443815_Node0_Node8_Zero, Node2 id 2006240443815_Node0_Node8_Zero was a dupe; retransmit: 0, pkt_enqueue_time=2009782039033.9175, pkt_dequeue_time=2009782039033.9175, forwarded_or_dropped=1, reason_for_drop='Expiry'
DUPE: 2000513674431_Node0_Node8_Zero, Node1 id 2000513674431_Node0_Node8_Zero was a dupe; retransmit: 0, pkt_enqueue_time=2009800869343.3723, pkt_dequeue_time=2009800869343.3723, forwarded_or_dropped=1, reason_for_drop='Expiry'
DUPE: 2000519136537_Node0_Node8_Zero, Node1 id 2000519136537_Node0_Node8_Zero was a dupe; retransmit: 0, pkt_enqueue_time=2009800869343.3723, pkt_dequeue_time=2009800869343.3723, forwarded_or_dropped=1, reason_for_drop='Expiry'
DUPE: 2000568310024_Node0_Node8_Zero, Node1 id 2000568310024_Node0_Node8_Zero was a dupe; retransmit: 0, pkt_enqueue_time=2009820411907.0088, pkt_dequeue_time=2009820411907.0088, forwarded_or_dropped=1, reason_for_drop='Expiry'
DUPE: 2000704914078_Node0_Node8_Zero, Node1 id 2000704914078_Node0_Node8_Zero was a dupe; retransmit: 0, pkt_enqueue_time=2009840850743.3723, pkt_dequeue_time=2009840850743.3723, forwarded_or_dropped=1, reason_for_drop='Expiry'
DUPE: 2000710374967_Node0_Node8_Zero, Node1 id 2000710374967_Node0_Node8_Zero was a dupe; retransmit: 0, pkt_enqueue_time=2009840850743.3723, pkt_dequeue_time=2009840850743.3723, forwarded_or_dropped=1, reason_for_drop='Expiry'
DUPE: 2000491824026_Node0_Node8_Zero, Node1 id 2000491824026_Node0_Node8_Zero was a dupe; retransmit: 0, pkt_enqueue_time=2009860613307.0088, pkt_dequeue_time=2009860613307.0088, forwarded_or_dropped=1, reason_for_drop='Expiry'
DUPE: 2000912560637_Node0_Node8_Zero, Node1 id 2000912560637_Node0_Node8_Zero was a dupe; retransmit: 0, pkt_enqueue_time=2009880375143.3723, pkt_dequeue_time=2009880375143.3723, forwarded_or_dropped=1, reason_for_drop='Expiry'
DUPE: 2001032789974_Node0_Node8_Zero, Node1 id 2001032789974_Node0_Node8_Zero was a dupe; retransmit: 0, pkt_enqueue_time=2009901136979.7358, pkt_dequeue_time=2009901136979.7358, forwarded_or_dropped=1, reason_for_drop='Expiry'
DUPE: 2001038250491_Node0_Node8_Zero, Node1 id 2001038250491_Node0_Node8_Zero was a dupe; retransmit: 0, pkt_enqueue_time=2009901136979.7358, pkt_dequeue_time=2009901136979.7358, forwarded_or_dropped=1, reason_for_drop='Expiry'
DUPE: 2000606560964_Node0_Node8_Zero, Node1 id 2000606560964_Node0_Node8_Zero was a dupe; retransmit: 0, pkt_enqueue_time=2009921079543.3723, pkt_dequeue_time=2009921079543.3723, forwarded_or_dropped=1, reason_for_drop='Expiry'
DUPE: 2000633884246_Node0_Node8_Zero, Node1 id 2000633884246_Node0_Node8_Zero was a dupe; retransmit: 0, pkt_enqueue_time=2009922696415.3723, pkt_dequeue_time=2009922696415.3723, forwarded_or_dropped=1, reason_for_drop='Expiry'
DUPE: 2006234974984_Node0_Node8_Zero, Node1 id 2006234974984_Node0_Node8_Zero was a dupe; retransmit: 0, pkt_enqueue_time=2009943645251.7358, pkt_dequeue_time=2009943645251.7358, forwarded_or_dropped=1, reason_for_drop='Expiry'
DUPE: 2006240443815_Node0_Node8_Zero, Node1 id 2006240443815_Node0_Node8_Zero was a dupe; retransmit: 0, pkt_enqueue_time=2009943645251.7358, pkt_dequeue_time=2009943645251.7358, forwarded_or_dropped=1, reason_for_drop='Expiry'
DUPE: 2006956265105_Node0_Node8_Zero, Node2 id 2006956265105_Node0_Node8_Zero was a dupe; retransmit: 0, pkt_enqueue_time=2009960529975.0088, pkt_dequeue_time=2009960529975.0088, forwarded_or_dropped=1, reason_for_drop='Expiry'
DUPE: 2006972658755_Node0_Node8_Zero, Node5 id 2006972658755_Node0_Node8_Zero was a dupe; retransmit: 0, pkt_enqueue_time=2009974938439.7366, pkt_dequeue_time=2009974938439.7366, forwarded_or_dropped=1, reason_for_drop='Expiry'
DUPE: 2006972658755_Node0_Node8_Zero, Node4 id 2006972658755_Node0_Node8_Zero was a dupe; retransmit: 0, pkt_enqueue_time=2009976241786.555, pkt_dequeue_time=2009976241786.555, forwarded_or_dropped=1, reason_for_drop='Expiry'
DUPE: 2006972658755_Node0_Node8_Zero, Node3 id 2006972658755_Node0_Node8_Zero was a dupe; retransmit: 0, pkt_enqueue_time=2009979437115.1914, pkt_dequeue_time=2009979437115.1914, forwarded_or_dropped=1, reason_for_drop='Expiry'
main.py: Progress: 2010 / 2014
Node.py: (Node0)@2010000000000.0: Updated MCS from 1 to 1, hist=deque([1.4657534246575343, 0.7397260273972602, 0.958904109589041, 0.0, 0.24324324324324326], maxlen=5), packets_serviced=18, packets_received=74
Called Update: UpdateRouteCalls = 0, force = False
Node.py: (Node1)@2010000000000.0: Updated MCS from 1 to 1, hist=deque([0.3, 0.6987951807228916, 0.6442307692307693, 0.0, 0.10526315789473684], maxlen=5), packets_serviced=6, packets_received=57
Called Update: UpdateRouteCalls = 1, force = False
Node.py: (Node2)@2010000000000.0: Updated MCS from 1 to 1, hist=deque([0.5789473684210527, 0.475, 0.3409090909090909, 0.5, 0.45454545454545453], maxlen=5), packets_serviced=5, packets_received=11
Called Update: UpdateRouteCalls = 2, force = False
Node.py: (Node3)@2010000000000.0: Updated MCS from 1 to 1, hist=deque([0.42105263157894735, 0.4, 0.35135135135135137, 0.18181818181818182, 0.4], maxlen=5), packets_serviced=2, packets_received=5
Called Update: UpdateRouteCalls = 3, force = False
Node.py: (Node4)@2010000000000.0: Updated MCS from 1 to 1, hist=deque([0.5, 0.42105263157894735, 0.30434782608695654, 0.5, 0.3333333333333333], maxlen=5), packets_serviced=1, packets_received=3
Called Update: UpdateRouteCalls = 4, force = False
Node.py: (Node5)@2010000000000.0: Updated MCS from 1 to 1, hist=deque([0.35294117647058826, 0.5, 0.38461538461538464, 0.3333333333333333, 0.3333333333333333], maxlen=5), packets_serviced=1, packets_received=3
Called Update: UpdateRouteCalls = 5, force = False
Node.py: (Node6)@2010000000000.0: Updated MCS from 1 to 1, hist=deque([0.3076923076923077, 0.29411764705882354, 0.23529411764705882, 0.25, 0.0], maxlen=5), packets_serviced=0, packets_received=1
Called Update: UpdateRouteCalls = 6, force = False
Called Update: UpdateRouteCalls = 7, force = False
Called Update: UpdateRouteCalls = 8, force = False
Called Update: UpdateRouteCalls = 9, force = False
Called Update: UpdateRouteCalls = 10, force = False
Called Update: UpdateRouteCalls = 11, force = False
Called Update: UpdateRouteCalls = 12, force = False
Called Update: UpdateRouteCalls = 13, force = False
Called Update: UpdateRouteCalls = 14, force = False
Called Update: UpdateRouteCalls = 15, force = False
Called Update: UpdateRouteCalls = 16, force = False
Called Update: UpdateRouteCalls = 17, force = False
!! UPDATING !!
routeNo, updatedMCSIndex =  0 [1, 1, 1, 1, 1, 1, 1, 1]
Called Update: UpdateRouteCalls = 0, force = True
!! UPDATING !!
routeNo, updatedMCSIndex =  0 [1, 1, 1, 1, 1, 1, 1, 1]

rf.py: Time: 2010 Route details: {0: {'Route': [0, 1, 2, 3, 4, 5, 6, 7, 8], 'MCS_Index': [1, 1, 1, 1, 1, 1, 1, 1], 'Priority': 1, 'ValidRoute': True, 'HQRoute': True, 'RouteNodeDensity': [0, 0, 0, 0, 0, 2, 0, 0, 0], 'InterferingLinks': 16, 'Target': (-1, -1)}}
DUPE: 2006983588917_Node0_Node8_Zero, Node2 id 2006983588917_Node0_Node8_Zero was a dupe; retransmit: 0, pkt_enqueue_time=2010003008569.3738, pkt_dequeue_time=2010003008569.3738, forwarded_or_dropped=1, reason_for_drop='Expiry'
DUPE: 2006989049961_Node0_Node8_Zero, Node2 id 2006989049961_Node0_Node8_Zero was a dupe; retransmit: 0, pkt_enqueue_time=2010003008569.3738, pkt_dequeue_time=2010003008569.3738, forwarded_or_dropped=1, reason_for_drop='Expiry'
DUPE: 2006972658755_Node0_Node8_Zero, Node1 id 2006972658755_Node0_Node8_Zero was a dupe; retransmit: 0, pkt_enqueue_time=2010004876857.1921, pkt_dequeue_time=2010004876857.1921, forwarded_or_dropped=1, reason_for_drop='Expiry'
DUPE: 2006978124490_Node0_Node8_Zero, Node1 id 2006978124490_Node0_Node8_Zero was a dupe; retransmit: 0, pkt_enqueue_time=2010004876857.1921, pkt_dequeue_time=2010004876857.1921, forwarded_or_dropped=1, reason_for_drop='Expiry'
node.py: Packet generation complete at node: Node0.
DUPE: 2006978124490_Node0_Node8_Zero, Node2 id 2006978124490_Node0_Node8_Zero was a dupe; retransmit: 0, pkt_enqueue_time=2010026301481.374, pkt_dequeue_time=2010026301481.374, forwarded_or_dropped=1, reason_for_drop='Expiry'
DUPE: 2007027310258_Node0_Node8_Zero, Node4 id 2007027310258_Node0_Node8_Zero was a dupe; retransmit: 0, pkt_enqueue_time=2010035201612.8286, pkt_dequeue_time=2010035201612.8286, forwarded_or_dropped=1, reason_for_drop='Expiry'
DUPE: 2007032777221_Node0_Node8_Zero, Node7 id 2007032777221_Node0_Node8_Zero was a dupe; retransmit: 0, pkt_enqueue_time=2010035268570.0105, pkt_dequeue_time=2010035268570.0105, forwarded_or_dropped=1, reason_for_drop='Expiry'
DUPE: 2007027310258_Node0_Node8_Zero, Node6 id 2007027310258_Node0_Node8_Zero was a dupe; retransmit: 0, pkt_enqueue_time=2010037091006.0105, pkt_dequeue_time=2010037091006.0105, forwarded_or_dropped=1, reason_for_drop='Expiry'
DUPE: 2007032777221_Node0_Node8_Zero, Node6 id 2007032777221_Node0_Node8_Zero was a dupe; retransmit: 0, pkt_enqueue_time=2010037091006.0105, pkt_dequeue_time=2010037091006.0105, forwarded_or_dropped=1, reason_for_drop='Expiry'
DUPE: 2007027310258_Node0_Node8_Zero, Node3 id 2007027310258_Node0_Node8_Zero was a dupe; retransmit: 0, pkt_enqueue_time=2010039105505.1016, pkt_dequeue_time=2010039105505.1016, forwarded_or_dropped=1, reason_for_drop='Expiry'
DUPE: 2007032777221_Node0_Node8_Zero, Node3 id 2007032777221_Node0_Node8_Zero was a dupe; retransmit: 0, pkt_enqueue_time=2010039105505.1016, pkt_dequeue_time=2010039105505.1016, forwarded_or_dropped=1, reason_for_drop='Expiry'
DUPE: 2007032777221_Node0_Node8_Zero, Node5 id 2007032777221_Node0_Node8_Zero was a dupe; retransmit: 0, pkt_enqueue_time=2010040943377.1016, pkt_dequeue_time=2010040943377.1016, forwarded_or_dropped=1, reason_for_drop='Expiry'
DUPE: 2007060105274_Node0_Node8_Zero, Node6 id 2007060105274_Node0_Node8_Zero was a dupe; retransmit: 0, pkt_enqueue_time=2010060288298.3743, pkt_dequeue_time=2010060288298.3743, forwarded_or_dropped=1, reason_for_drop='Expiry'
DUPE: 2007060105274_Node0_Node8_Zero, Node5 id 2007060105274_Node0_Node8_Zero was a dupe; retransmit: 0, pkt_enqueue_time=2010062195734.3743, pkt_dequeue_time=2010062195734.3743, forwarded_or_dropped=1, reason_for_drop='Expiry'
DUPE: 2007065570337_Node0_Node8_Zero, Node7 id 2007065570337_Node0_Node8_Zero was a dupe; retransmit: 0, pkt_enqueue_time=2010067749120.1016, pkt_dequeue_time=2010067749120.1016, forwarded_or_dropped=1, reason_for_drop='Expiry'
DUPE: 2007060105274_Node0_Node8_Zero, Node6 id 2007060105274_Node0_Node8_Zero was a dupe; retransmit: 0, pkt_enqueue_time=2010069760556.1016, pkt_dequeue_time=2010069760556.1016, forwarded_or_dropped=1, reason_for_drop='Expiry'
DUPE: 2007065570337_Node0_Node8_Zero, Node6 id 2007065570337_Node0_Node8_Zero was a dupe; retransmit: 0, pkt_enqueue_time=2010069760556.1016, pkt_dequeue_time=2010069760556.1016, forwarded_or_dropped=1, reason_for_drop='Expiry'
DUPE: 2007060105274_Node0_Node8_Zero, Node3 id 2007060105274_Node0_Node8_Zero was a dupe; retransmit: 0, pkt_enqueue_time=2010074727856.3745, pkt_dequeue_time=2010074727856.3745, forwarded_or_dropped=1, reason_for_drop='Expiry'
DUPE: 2007065570337_Node0_Node8_Zero, Node3 id 2007065570337_Node0_Node8_Zero was a dupe; retransmit: 0, pkt_enqueue_time=2010074727856.3745, pkt_dequeue_time=2010074727856.3745, forwarded_or_dropped=1, reason_for_drop='Expiry'
DUPE: 2007065570337_Node0_Node8_Zero, Node4 id 2007065570337_Node0_Node8_Zero was a dupe; retransmit: 0, pkt_enqueue_time=2010077879546.1926, pkt_dequeue_time=2010077879546.1926, forwarded_or_dropped=1, reason_for_drop='Expiry'
DUPE: 2007081964373_Node0_Node8_Zero, Node3 id 2007081964373_Node0_Node8_Zero was a dupe; retransmit: 0, pkt_enqueue_time=2010083690381.9202, pkt_dequeue_time=2010083690381.9202, forwarded_or_dropped=1, reason_for_drop='Expiry'
DUPE: 2007081964373_Node0_Node8_Zero, Node4 id 2007081964373_Node0_Node8_Zero was a dupe; retransmit: 0, pkt_enqueue_time=2010085626199.7383, pkt_dequeue_time=2010085626199.7383, forwarded_or_dropped=1, reason_for_drop='Expiry'
DUPE: 2007049174426_Node0_Node8_Zero, Node1 id 2007049174426_Node0_Node8_Zero was a dupe; retransmit: 0, pkt_enqueue_time=2010087141257.1023, pkt_dequeue_time=2010087141257.1023, forwarded_or_dropped=1, reason_for_drop='Expiry'
DUPE: 2007054642496_Node0_Node8_Zero, Node1 id 2007054642496_Node0_Node8_Zero was a dupe; retransmit: 0, pkt_enqueue_time=2010087141257.1023, pkt_dequeue_time=2010087141257.1023, forwarded_or_dropped=1, reason_for_drop='Expiry'
DUPE: 2007087430706_Node0_Node8_Zero, Node4 id 2007087430706_Node0_Node8_Zero was a dupe; retransmit: 0, pkt_enqueue_time=2010090254136.1023, pkt_dequeue_time=2010090254136.1023, forwarded_or_dropped=1, reason_for_drop='Expiry'
DUPE: 2007081964373_Node0_Node8_Zero, Node2 id 2007081964373_Node0_Node8_Zero was a dupe; retransmit: 0, pkt_enqueue_time=2010092188907.1023, pkt_dequeue_time=2010092188907.1023, forwarded_or_dropped=1, reason_for_drop='Expiry'
DUPE: 2007087430706_Node0_Node8_Zero, Node2 id 2007087430706_Node0_Node8_Zero was a dupe; retransmit: 0, pkt_enqueue_time=2010092188907.1023, pkt_dequeue_time=2010092188907.1023, forwarded_or_dropped=1, reason_for_drop='Expiry'
DUPE: 2007087430706_Node0_Node8_Zero, Node3 id 2007087430706_Node0_Node8_Zero was a dupe; retransmit: 0, pkt_enqueue_time=2010093220724.9204, pkt_dequeue_time=2010093220724.9204, forwarded_or_dropped=1, reason_for_drop='Expiry'
DUPE: 2007016377921_Node0_Node8_Zero, Node1 id 2007016377921_Node0_Node8_Zero was a dupe; retransmit: 0, pkt_enqueue_time=2010097108194.7388, pkt_dequeue_time=2010097108194.7388, forwarded_or_dropped=1, reason_for_drop='Expiry'
DUPE: 2007021842381_Node0_Node8_Zero, Node1 id 2007021842381_Node0_Node8_Zero was a dupe; retransmit: 0, pkt_enqueue_time=2010097108194.7388, pkt_dequeue_time=2010097108194.7388, forwarded_or_dropped=1, reason_for_drop='Expiry'
DUPE: 2007081964373_Node0_Node8_Zero, Node1 id 2007081964373_Node0_Node8_Zero was a dupe; retransmit: 0, pkt_enqueue_time=2010112446194.0117, pkt_dequeue_time=2010112446194.0117, forwarded_or_dropped=1, reason_for_drop='Expiry'
DUPE: 2007087430706_Node0_Node8_Zero, Node1 id 2007087430706_Node0_Node8_Zero was a dupe; retransmit: 0, pkt_enqueue_time=2010112446194.0117, pkt_dequeue_time=2010112446194.0117, forwarded_or_dropped=1, reason_for_drop='Expiry'
DUPE: 2007120209825_Node0_Node8_Zero, Node1 id 2007120209825_Node0_Node8_Zero was a dupe; retransmit: 0, pkt_enqueue_time=2010121413320.5576, pkt_dequeue_time=2010121413320.5576, forwarded_or_dropped=1, reason_for_drop='Expiry'
DUPE: 2007158464190_Node0_Node8_Zero, Node2 id 2007158464190_Node0_Node8_Zero was a dupe; retransmit: 0, pkt_enqueue_time=2010173854879.4685, pkt_dequeue_time=2010173854879.4685, forwarded_or_dropped=1, reason_for_drop='Expiry'
DUPE: 2007163931468_Node0_Node8_Zero, Node2 id 2007163931468_Node0_Node8_Zero was a dupe; retransmit: 0, pkt_enqueue_time=2010173854879.4685, pkt_dequeue_time=2010173854879.4685, forwarded_or_dropped=1, reason_for_drop='Expiry'
DUPE: 2007191257084_Node0_Node8_Zero, Node5 id 2007191257084_Node0_Node8_Zero was a dupe; retransmit: 0, pkt_enqueue_time=2010194562033.469, pkt_dequeue_time=2010194562033.469, forwarded_or_dropped=1, reason_for_drop='Expiry'
DUPE: 2007191257084_Node0_Node8_Zero, Node4 id 2007191257084_Node0_Node8_Zero was a dupe; retransmit: 0, pkt_enqueue_time=2010196650382.196, pkt_dequeue_time=2010196650382.196, forwarded_or_dropped=1, reason_for_drop='Expiry'
DUPE: 2007196725814_Node0_Node8_Zero, Node3 id 2007196725814_Node0_Node8_Zero was a dupe; retransmit: 0, pkt_enqueue_time=2010208260726.8325, pkt_dequeue_time=2010208260726.8325, forwarded_or_dropped=1, reason_for_drop='Expiry'
DUPE: 2007196725814_Node0_Node8_Zero, Node2 id 2007196725814_Node0_Node8_Zero was a dupe; retransmit: 0, pkt_enqueue_time=2010244238743.1978, pkt_dequeue_time=2010244238743.1978, forwarded_or_dropped=1, reason_for_drop='Expiry'
DUPE: 2007273218188_Node0_Node8_Zero, Node3 id 2007273218188_Node0_Node8_Zero was a dupe; retransmit: 0, pkt_enqueue_time=2010275478763.4714, pkt_dequeue_time=2010275478763.4714, forwarded_or_dropped=1, reason_for_drop='Expiry'
DUPE: 2007273218188_Node0_Node8_Zero, Node2 id 2007273218188_Node0_Node8_Zero was a dupe; retransmit: 0, pkt_enqueue_time=2010277448199.4714, pkt_dequeue_time=2010277448199.4714, forwarded_or_dropped=1, reason_for_drop='Expiry'
DUPE: 2007273218188_Node0_Node8_Zero, Node4 id 2007273218188_Node0_Node8_Zero was a dupe; retransmit: 0, pkt_enqueue_time=2010278640071.4714, pkt_dequeue_time=2010278640071.4714, forwarded_or_dropped=1, reason_for_drop='Expiry'
DUPE: 2007300540977_Node0_Node8_Zero, Node6 id 2007300540977_Node0_Node8_Zero was a dupe; retransmit: 0, pkt_enqueue_time=2010301105903.1987, pkt_dequeue_time=2010301105903.1987, forwarded_or_dropped=1, reason_for_drop='Expiry'
DUPE: 2007295081424_Node0_Node8_Zero, Node2 id 2007295081424_Node0_Node8_Zero was a dupe; retransmit: 0, pkt_enqueue_time=2010301995410.8362, pkt_dequeue_time=2010301995410.8362, forwarded_or_dropped=1, reason_for_drop='Expiry'
DUPE: 2007300540977_Node0_Node8_Zero, Node7 id 2007300540977_Node0_Node8_Zero was a dupe; retransmit: 0, pkt_enqueue_time=2010303326211.1987, pkt_dequeue_time=2010303326211.1987, forwarded_or_dropped=1, reason_for_drop='Expiry'
DUPE: 2007300540977_Node0_Node8_Zero, Node4 id 2007300540977_Node0_Node8_Zero was a dupe; retransmit: 0, pkt_enqueue_time=2010307096132.291, pkt_dequeue_time=2010307096132.291, forwarded_or_dropped=1, reason_for_drop='Expiry'
DUPE: 2007300540977_Node0_Node8_Zero, Node3 id 2007300540977_Node0_Node8_Zero was a dupe; retransmit: 0, pkt_enqueue_time=2010316960801.2004, pkt_dequeue_time=2010316960801.2004, forwarded_or_dropped=1, reason_for_drop='Expiry'
DUPE: 2007311467316_Node0_Node8_Zero, Node2 id 2007311467316_Node0_Node8_Zero was a dupe; retransmit: 0, pkt_enqueue_time=2010319937601.5642, pkt_dequeue_time=2010319937601.5642, forwarded_or_dropped=1, reason_for_drop='Expiry'
DUPE: 2007349724007_Node0_Node8_Zero, Node6 id 2007349724007_Node0_Node8_Zero was a dupe; retransmit: 0, pkt_enqueue_time=2010359251014.656, pkt_dequeue_time=2010359251014.656, forwarded_or_dropped=1, reason_for_drop='Expiry'
DUPE: 2007355188467_Node0_Node8_Zero, Node6 id 2007355188467_Node0_Node8_Zero was a dupe; retransmit: 0, pkt_enqueue_time=2010359251014.656, pkt_dequeue_time=2010359251014.656, forwarded_or_dropped=1, reason_for_drop='Expiry'
DUPE: 2007355188467_Node0_Node8_Zero, Node7 id 2007355188467_Node0_Node8_Zero was a dupe; retransmit: 0, pkt_enqueue_time=2010360919832.474, pkt_dequeue_time=2010360919832.474, forwarded_or_dropped=1, reason_for_drop='Expiry'
DUPE: 2007355188467_Node0_Node8_Zero, Node3 id 2007355188467_Node0_Node8_Zero was a dupe; retransmit: 0, pkt_enqueue_time=2010361000928.021, pkt_dequeue_time=2010361000928.021, forwarded_or_dropped=1, reason_for_drop='Expiry'
DUPE: 2007355188467_Node0_Node8_Zero, Node4 id 2007355188467_Node0_Node8_Zero was a dupe; retransmit: 0, pkt_enqueue_time=2010369373681.385, pkt_dequeue_time=2010369373681.385, forwarded_or_dropped=1, reason_for_drop='Expiry'
Node.py: (Node0)@2010400000000.0: Updated MCS from 1 to 0, hist=deque([0.7397260273972602, 0.958904109589041, 0.0, 0.24324324324324326, 108.0], maxlen=5), packets_serviced=108, packets_received=1
Called Update: UpdateRouteCalls = 0, force = False
Node.py: (Node1)@2010400000000.0: Updated MCS from 1 to 1, hist=deque([0.6987951807228916, 0.6442307692307693, 0.0, 0.10526315789473684, 0.3696969696969697], maxlen=5), packets_serviced=61, packets_received=165
Called Update: UpdateRouteCalls = 1, force = False
Node.py: (Node2)@2010400000000.0: Updated MCS from 1 to 1, hist=deque([0.475, 0.3409090909090909, 0.5, 0.45454545454545453, 0.44776119402985076], maxlen=5), packets_serviced=30, packets_received=67
Called Update: UpdateRouteCalls = 2, force = False
Node.py: (Node3)@2010400000000.0: Updated MCS from 1 to 1, hist=deque([0.4, 0.35135135135135137, 0.18181818181818182, 0.4, 0.3333333333333333], maxlen=5), packets_serviced=14, packets_received=42
Called Update: UpdateRouteCalls = 3, force = False
Node.py: (Node4)@2010400000000.0: Updated MCS from 1 to 1, hist=deque([0.42105263157894735, 0.30434782608695654, 0.5, 0.3333333333333333, 0.5], maxlen=5), packets_serviced=12, packets_received=24
Called Update: UpdateRouteCalls = 4, force = False
Node.py: (Node5)@2010400000000.0: Updated MCS from 1 to 1, hist=deque([0.5, 0.38461538461538464, 0.3333333333333333, 0.3333333333333333, 0.5625], maxlen=5), packets_serviced=9, packets_received=16
Called Update: UpdateRouteCalls = 5, force = False
Node.py: (Node6)@2010400000000.0: Updated MCS from 1 to 1, hist=deque([0.29411764705882354, 0.23529411764705882, 0.25, 0.0, 0.35], maxlen=5), packets_serviced=7, packets_received=20
Called Update: UpdateRouteCalls = 6, force = False
Node.py: (Node7)@2010400000000.0: Updated MCS from 1 to 1, hist=deque([0.36363636363636365, 0.26666666666666666, 0.2857142857142857, 0.16666666666666666, 0.3333333333333333], maxlen=5), packets_serviced=4, packets_received=12
Called Update: UpdateRouteCalls = 7, force = False
Called Update: UpdateRouteCalls = 8, force = False
Called Update: UpdateRouteCalls = 9, force = False
Called Update: UpdateRouteCalls = 10, force = False
Called Update: UpdateRouteCalls = 11, force = False
Called Update: UpdateRouteCalls = 12, force = False
Called Update: UpdateRouteCalls = 13, force = False
Called Update: UpdateRouteCalls = 14, force = False
Called Update: UpdateRouteCalls = 15, force = False
Called Update: UpdateRouteCalls = 16, force = False
Called Update: UpdateRouteCalls = 17, force = False
!! UPDATING !!
routeNo, updatedMCSIndex =  0 [0, 1, 1, 1, 1, 1, 1, 1]
DUPE: 2007442637771_Node0_Node8_Zero, Node2 id 2007442637771_Node0_Node8_Zero was a dupe; retransmit: 0, pkt_enqueue_time=2010443857465.116, pkt_dequeue_time=2010443857465.116, forwarded_or_dropped=1, reason_for_drop='Expiry'
DUPE: 2007442637771_Node0_Node8_Zero, Node6 id 2007442637771_Node0_Node8_Zero was a dupe; retransmit: 0, pkt_enqueue_time=2010445277793.4792, pkt_dequeue_time=2010445277793.4792, forwarded_or_dropped=1, reason_for_drop='Expiry'
DUPE: 2007442637771_Node0_Node8_Zero, Node5 id 2007442637771_Node0_Node8_Zero was a dupe; retransmit: 0, pkt_enqueue_time=2010446665229.4792, pkt_dequeue_time=2010446665229.4792, forwarded_or_dropped=1, reason_for_drop='Expiry'
DUPE: 2007442637771_Node0_Node8_Zero, Node4 id 2007442637771_Node0_Node8_Zero was a dupe; retransmit: 0, pkt_enqueue_time=2010449347582.0251, pkt_dequeue_time=2010449347582.0251, forwarded_or_dropped=1, reason_for_drop='Expiry'
DUPE: 2007442637771_Node0_Node8_Zero, Node7 id 2007442637771_Node0_Node8_Zero was a dupe; retransmit: 0, pkt_enqueue_time=2010450640772.4792, pkt_dequeue_time=2010450640772.4792, forwarded_or_dropped=1, reason_for_drop='Expiry'
DUPE: 2007442637771_Node0_Node8_Zero, Node3 id 2007442637771_Node0_Node8_Zero was a dupe; retransmit: 0, pkt_enqueue_time=2010458154842.8433, pkt_dequeue_time=2010458154842.8433, forwarded_or_dropped=1, reason_for_drop='Expiry'
DUPE: 2007448105522_Node0_Node8_Zero, Node3 id 2007448105522_Node0_Node8_Zero was a dupe; retransmit: 0, pkt_enqueue_time=2010464240968.6614, pkt_dequeue_time=2010464240968.6614, forwarded_or_dropped=1, reason_for_drop='Expiry'
DUPE: 2007497281853_Node0_Node8_Zero, Node6 id 2007497281853_Node0_Node8_Zero was a dupe; retransmit: 0, pkt_enqueue_time=2010498904041.8433, pkt_dequeue_time=2010498904041.8433, forwarded_or_dropped=1, reason_for_drop='Expiry'
DUPE: 2007497281853_Node0_Node8_Zero, Node7 id 2007497281853_Node0_Node8_Zero was a dupe; retransmit: 0, pkt_enqueue_time=2010500885859.6614, pkt_dequeue_time=2010500885859.6614, forwarded_or_dropped=1, reason_for_drop='Expiry'
DUPE: 2007497281853_Node0_Node8_Zero, Node4 id 2007497281853_Node0_Node8_Zero was a dupe; retransmit: 0, pkt_enqueue_time=2010504633058.4807, pkt_dequeue_time=2010504633058.4807, forwarded_or_dropped=1, reason_for_drop='Expiry'
DUPE: 2007497281853_Node0_Node8_Zero, Node5 id 2007497281853_Node0_Node8_Zero was a dupe; retransmit: 0, pkt_enqueue_time=2010518614518.481, pkt_dequeue_time=2010518614518.481, forwarded_or_dropped=1, reason_for_drop='Expiry'
DUPE: 2007530072196_Node0_Node8_Zero, Node6 id 2007530072196_Node0_Node8_Zero was a dupe; retransmit: 0, pkt_enqueue_time=2010538357938.6628, pkt_dequeue_time=2010538357938.6628, forwarded_or_dropped=1, reason_for_drop='Expiry'
DUPE: 2007316931135_Node0_Node8_Zero, Node2 id 2007316931135_Node0_Node8_Zero was a dupe; retransmit: 0, pkt_enqueue_time=2010544857232.3003, pkt_dequeue_time=2010544857232.3003, forwarded_or_dropped=1, reason_for_drop='Expiry'
DUPE: 2007322396524_Node0_Node8_Zero, Node2 id 2007322396524_Node0_Node8_Zero was a dupe; retransmit: 0, pkt_enqueue_time=2010544857232.3003, pkt_dequeue_time=2010544857232.3003, forwarded_or_dropped=1, reason_for_drop='Expiry'
DUPE: 2007530072196_Node0_Node8_Zero, Node7 id 2007530072196_Node0_Node8_Zero was a dupe; retransmit: 0, pkt_enqueue_time=2010546491500.481, pkt_dequeue_time=2010546491500.481, forwarded_or_dropped=1, reason_for_drop='Expiry'
DUPE: 2007546459594_Node0_Node8_Zero, Node6 id 2007546459594_Node0_Node8_Zero was a dupe; retransmit: 0, pkt_enqueue_time=2010547689936.481, pkt_dequeue_time=2010547689936.481, forwarded_or_dropped=1, reason_for_drop='Expiry'
DUPE: 2007333330960_Node0_Node8_Zero, Node2 id 2007333330960_Node0_Node8_Zero was a dupe; retransmit: 0, pkt_enqueue_time=2010547890795.9368, pkt_dequeue_time=2010547890795.9368, forwarded_or_dropped=1, reason_for_drop='Expiry'
DUPE: 2007546459594_Node0_Node8_Zero, Node7 id 2007546459594_Node0_Node8_Zero was a dupe; retransmit: 0, pkt_enqueue_time=2010550065244.481, pkt_dequeue_time=2010550065244.481, forwarded_or_dropped=1, reason_for_drop='Expiry'
DUPE: 2007409851659_Node0_Node8_Zero, Node2 id 2007409851659_Node0_Node8_Zero was a dupe; retransmit: 0, pkt_enqueue_time=2010551432650.4824, pkt_dequeue_time=2010551432650.4824, forwarded_or_dropped=1, reason_for_drop='Expiry'
DUPE: 2007530072196_Node0_Node8_Zero, Node4 id 2007530072196_Node0_Node8_Zero was a dupe; retransmit: 0, pkt_enqueue_time=2010553904452.6638, pkt_dequeue_time=2010553904452.6638, forwarded_or_dropped=1, reason_for_drop='Expiry'
DUPE: 2007530072196_Node0_Node8_Zero, Node3 id 2007530072196_Node0_Node8_Zero was a dupe; retransmit: 0, pkt_enqueue_time=2010562127785.482, pkt_dequeue_time=2010562127785.482, forwarded_or_dropped=1, reason_for_drop='Expiry'
DUPE: 2007530072196_Node0_Node8_Zero, Node5 id 2007530072196_Node0_Node8_Zero was a dupe; retransmit: 0, pkt_enqueue_time=2010571494925.7546, pkt_dequeue_time=2010571494925.7546, forwarded_or_dropped=1, reason_for_drop='Expiry'
DUPE: 2007546459594_Node0_Node8_Zero, Node5 id 2007546459594_Node0_Node8_Zero was a dupe; retransmit: 0, pkt_enqueue_time=2010576053253.0273, pkt_dequeue_time=2010576053253.0273, forwarded_or_dropped=1, reason_for_drop='Expiry'
DUPE: 2007573784341_Node0_Node8_Zero, Node3 id 2007573784341_Node0_Node8_Zero was a dupe; retransmit: 0, pkt_enqueue_time=2010582584594.7551, pkt_dequeue_time=2010582584594.7551, forwarded_or_dropped=1, reason_for_drop='Expiry'
DUPE: 2007590175576_Node0_Node8_Zero, Node7 id 2007590175576_Node0_Node8_Zero was a dupe; retransmit: 0, pkt_enqueue_time=2010593216152.0276, pkt_dequeue_time=2010593216152.0276, forwarded_or_dropped=1, reason_for_drop='Expiry'
DUPE: 2007590175576_Node0_Node8_Zero, Node6 id 2007590175576_Node0_Node8_Zero was a dupe; retransmit: 0, pkt_enqueue_time=2010594218588.0276, pkt_dequeue_time=2010594218588.0276, forwarded_or_dropped=1, reason_for_drop='Expiry'
DUPE: 2007590175576_Node0_Node8_Zero, Node4 id 2007590175576_Node0_Node8_Zero was a dupe; retransmit: 0, pkt_enqueue_time=2010595844359.0276, pkt_dequeue_time=2010595844359.0276, forwarded_or_dropped=1, reason_for_drop='Expiry'
DUPE: 2007590175576_Node0_Node8_Zero, Node3 id 2007590175576_Node0_Node8_Zero was a dupe; retransmit: 0, pkt_enqueue_time=2010600762821.4824, pkt_dequeue_time=2010600762821.4824, forwarded_or_dropped=1, reason_for_drop='Expiry'
DUPE: 2007595640977_Node0_Node8_Zero, Node3 id 2007595640977_Node0_Node8_Zero was a dupe; retransmit: 0, pkt_enqueue_time=2010600762821.4824, pkt_dequeue_time=2010600762821.4824, forwarded_or_dropped=1, reason_for_drop='Expiry'
DUPE: 2007617492551_Node0_Node8_Zero, Node5 id 2007617492551_Node0_Node8_Zero was a dupe; retransmit: 0, pkt_enqueue_time=2010617853081.5742, pkt_dequeue_time=2010617853081.5742, forwarded_or_dropped=1, reason_for_drop='Expiry'
DUPE: 2007617492551_Node0_Node8_Zero, Node3 id 2007617492551_Node0_Node8_Zero was a dupe; retransmit: 0, pkt_enqueue_time=2010619582741.9377, pkt_dequeue_time=2010619582741.9377, forwarded_or_dropped=1, reason_for_drop='Expiry'
DUPE: 2007617492551_Node0_Node8_Zero, Node7 id 2007617492551_Node0_Node8_Zero was a dupe; retransmit: 0, pkt_enqueue_time=2010620593184.9377, pkt_dequeue_time=2010620593184.9377, forwarded_or_dropped=1, reason_for_drop='Expiry'
DUPE: 2007617492551_Node0_Node8_Zero, Node4 id 2007617492551_Node0_Node8_Zero was a dupe; retransmit: 0, pkt_enqueue_time=2010621960948.9377, pkt_dequeue_time=2010621960948.9377, forwarded_or_dropped=1, reason_for_drop='Expiry'
DUPE: 2007207659358_Node0_Node8_Zero, Node2 id 2007207659358_Node0_Node8_Zero was a dupe; retransmit: 0, pkt_enqueue_time=2010635164518.483, pkt_dequeue_time=2010635164518.483, forwarded_or_dropped=1, reason_for_drop='Expiry'
DUPE: 2007601105239_Node0_Node8_Zero, Node2 id 2007601105239_Node0_Node8_Zero was a dupe; retransmit: 0, pkt_enqueue_time=2010645865957.0286, pkt_dequeue_time=2010645865957.0286, forwarded_or_dropped=1, reason_for_drop='Expiry'
DUPE: 2007606566258_Node0_Node8_Zero, Node2 id 2007606566258_Node0_Node8_Zero was a dupe; retransmit: 0, pkt_enqueue_time=2010645865957.0286, pkt_dequeue_time=2010645865957.0286, forwarded_or_dropped=1, reason_for_drop='Expiry'
DUPE: 2007644812630_Node0_Node8_Zero, Node6 id 2007644812630_Node0_Node8_Zero was a dupe; retransmit: 0, pkt_enqueue_time=2010646194118.483, pkt_dequeue_time=2010646194118.483, forwarded_or_dropped=1, reason_for_drop='Expiry'
DUPE: 2007644812630_Node0_Node8_Zero, Node5 id 2007644812630_Node0_Node8_Zero was a dupe; retransmit: 0, pkt_enqueue_time=2010647230554.483, pkt_dequeue_time=2010647230554.483, forwarded_or_dropped=1, reason_for_drop='Expiry'
DUPE: 2007644812630_Node0_Node8_Zero, Node4 id 2007644812630_Node0_Node8_Zero was a dupe; retransmit: 0, pkt_enqueue_time=2010648500990.483, pkt_dequeue_time=2010648500990.483, forwarded_or_dropped=1, reason_for_drop='Expiry'
DUPE: 2007551926842_Node0_Node8_Zero, Node3 id 2007551926842_Node0_Node8_Zero was a dupe; retransmit: 0, pkt_enqueue_time=2010655060321.2102, pkt_dequeue_time=2010655060321.2102, forwarded_or_dropped=1, reason_for_drop='Expiry'
DUPE: 2007612025843_Node0_Node8_Zero, Node2 id 2007612025843_Node0_Node8_Zero was a dupe; retransmit: 0, pkt_enqueue_time=2010661741653.9375, pkt_dequeue_time=2010661741653.9375, forwarded_or_dropped=1, reason_for_drop='Expiry'
DUPE: 2007617492551_Node0_Node8_Zero, Node2 id 2007617492551_Node0_Node8_Zero was a dupe; retransmit: 0, pkt_enqueue_time=2010665198525.9375, pkt_dequeue_time=2010665198525.9375, forwarded_or_dropped=1, reason_for_drop='Expiry'
DUPE: 2007622952061_Node0_Node8_Zero, Node2 id 2007622952061_Node0_Node8_Zero was a dupe; retransmit: 0, pkt_enqueue_time=2010665198525.9375, pkt_dequeue_time=2010665198525.9375, forwarded_or_dropped=1, reason_for_drop='Expiry'
DUPE: 2007639346416_Node0_Node8_Zero, Node1 id 2007639346416_Node0_Node8_Zero was a dupe; retransmit: 0, pkt_enqueue_time=2010667055876.3013, pkt_dequeue_time=2010667055876.3013, forwarded_or_dropped=1, reason_for_drop='Expiry'
DUPE: 2007546459594_Node0_Node8_Zero, Node3 id 2007546459594_Node0_Node8_Zero was a dupe; retransmit: 0, pkt_enqueue_time=2010674211411.7556, pkt_dequeue_time=2010674211411.7556, forwarded_or_dropped=1, reason_for_drop='Expiry'
DUPE: 2007557389849_Node0_Node8_Zero, Node2 id 2007557389849_Node0_Node8_Zero was a dupe; retransmit: 0, pkt_enqueue_time=2010699561447.6648, pkt_dequeue_time=2010699561447.6648, forwarded_or_dropped=1, reason_for_drop='Expiry'
DUPE: 2007562859069_Node0_Node8_Zero, Node2 id 2007562859069_Node0_Node8_Zero was a dupe; retransmit: 0, pkt_enqueue_time=2010699561447.6648, pkt_dequeue_time=2010699561447.6648, forwarded_or_dropped=1, reason_for_drop='Expiry'
DUPE: 2007704908071_Node0_Node8_Zero, Node7 id 2007704908071_Node0_Node8_Zero was a dupe; retransmit: 0, pkt_enqueue_time=2010705332679.937, pkt_dequeue_time=2010705332679.937, forwarded_or_dropped=1, reason_for_drop='Expiry'
DUPE: 2007704908071_Node0_Node8_Zero, Node4 id 2007704908071_Node0_Node8_Zero was a dupe; retransmit: 0, pkt_enqueue_time=2010706427246.21, pkt_dequeue_time=2010706427246.21, forwarded_or_dropped=1, reason_for_drop='Expiry'
DUPE: 2007704908071_Node0_Node8_Zero, Node6 id 2007704908071_Node0_Node8_Zero was a dupe; retransmit: 0, pkt_enqueue_time=2010707710118.21, pkt_dequeue_time=2010707710118.21, forwarded_or_dropped=1, reason_for_drop='Expiry'
DUPE: 2007704908071_Node0_Node8_Zero, Node2 id 2007704908071_Node0_Node8_Zero was a dupe; retransmit: 0, pkt_enqueue_time=2010708701304.847, pkt_dequeue_time=2010708701304.847, forwarded_or_dropped=1, reason_for_drop='Expiry'
DUPE: 2007704908071_Node0_Node8_Zero, Node3 id 2007704908071_Node0_Node8_Zero was a dupe; retransmit: 0, pkt_enqueue_time=2010712668650.21, pkt_dequeue_time=2010712668650.21, forwarded_or_dropped=1, reason_for_drop='Expiry'
DUPE: 2007546459594_Node0_Node8_Zero, Node2 id 2007546459594_Node0_Node8_Zero was a dupe; retransmit: 0, pkt_enqueue_time=2010716536795.1196, pkt_dequeue_time=2010716536795.1196, forwarded_or_dropped=1, reason_for_drop='Expiry'
DUPE: 2007551926842_Node0_Node8_Zero, Node2 id 2007551926842_Node0_Node8_Zero was a dupe; retransmit: 0, pkt_enqueue_time=2010716536795.1196, pkt_dequeue_time=2010716536795.1196, forwarded_or_dropped=1, reason_for_drop='Expiry'
DUPE: 2007644812630_Node0_Node8_Zero, Node3 id 2007644812630_Node0_Node8_Zero was a dupe; retransmit: 0, pkt_enqueue_time=2010727683380.9377, pkt_dequeue_time=2010727683380.9377, forwarded_or_dropped=1, reason_for_drop='Expiry'
DUPE: 2007644812630_Node0_Node8_Zero, Node2 id 2007644812630_Node0_Node8_Zero was a dupe; retransmit: 0, pkt_enqueue_time=2010731856036.0286, pkt_dequeue_time=2010731856036.0286, forwarded_or_dropped=1, reason_for_drop='Expiry'
DUPE: 2007748614626_Node0_Node8_Zero, Node4 id 2007748614626_Node0_Node8_Zero was a dupe; retransmit: 0, pkt_enqueue_time=2010749057362.3923, pkt_dequeue_time=2010749057362.3923, forwarded_or_dropped=1, reason_for_drop='Expiry'
DUPE: 2007748614626_Node0_Node8_Zero, Node5 id 2007748614626_Node0_Node8_Zero was a dupe; retransmit: 0, pkt_enqueue_time=2010751656670.3923, pkt_dequeue_time=2010751656670.3923, forwarded_or_dropped=1, reason_for_drop='Expiry'
DUPE: 2007765009080_Node0_Node8_Zero, Node4 id 2007765009080_Node0_Node8_Zero was a dupe; retransmit: 0, pkt_enqueue_time=2010766440898.2102, pkt_dequeue_time=2010766440898.2102, forwarded_or_dropped=1, reason_for_drop='Expiry'
DUPE: 2007765009080_Node0_Node8_Zero, Node3 id 2007765009080_Node0_Node8_Zero was a dupe; retransmit: 0, pkt_enqueue_time=2010768139423.483, pkt_dequeue_time=2010768139423.483, forwarded_or_dropped=1, reason_for_drop='Expiry'
DUPE: 2007754079311_Node0_Node8_Zero, Node1 id 2007754079311_Node0_Node8_Zero was a dupe; retransmit: 0, pkt_enqueue_time=2010778455935.9373, pkt_dequeue_time=2010778455935.9373, forwarded_or_dropped=1, reason_for_drop='Expiry'
DUPE: 2007765009080_Node0_Node8_Zero, Node2 id 2007765009080_Node0_Node8_Zero was a dupe; retransmit: 0, pkt_enqueue_time=2010779566753.7554, pkt_dequeue_time=2010779566753.7554, forwarded_or_dropped=1, reason_for_drop='Expiry'
DUPE: 2007786861062_Node0_Node8_Zero, Node2 id 2007786861062_Node0_Node8_Zero was a dupe; retransmit: 0, pkt_enqueue_time=2010790797618.2097, pkt_dequeue_time=2010790797618.2097, forwarded_or_dropped=1, reason_for_drop='Expiry'
Called Update: UpdateRouteCalls = 0, force = False
Node.py: (Node1)@2010800000000.0: Updated MCS from 1 to 1, hist=deque([0.6442307692307693, 0.0, 0.10526315789473684, 0.3696969696969697, 1.2727272727272727], maxlen=5), packets_serviced=56, packets_received=44
Called Update: UpdateRouteCalls = 1, force = False
Node.py: (Node2)@2010800000000.0: Updated MCS from 1 to 1, hist=deque([0.3409090909090909, 0.5, 0.45454545454545453, 0.44776119402985076, 0.38095238095238093], maxlen=5), packets_serviced=32, packets_received=84
Called Update: UpdateRouteCalls = 2, force = False
Node.py: (Node3)@2010800000000.0: Updated MCS from 1 to 1, hist=deque([0.35135135135135137, 0.18181818181818182, 0.4, 0.3333333333333333, 0.4], maxlen=5), packets_serviced=20, packets_received=50
Called Update: UpdateRouteCalls = 3, force = False
Node.py: (Node4)@2010800000000.0: Updated MCS from 1 to 1, hist=deque([0.30434782608695654, 0.5, 0.3333333333333333, 0.5, 0.29411764705882354], maxlen=5), packets_serviced=10, packets_received=34
Called Update: UpdateRouteCalls = 4, force = False
Node.py: (Node5)@2010800000000.0: Updated MCS from 1 to 1, hist=deque([0.38461538461538464, 0.3333333333333333, 0.3333333333333333, 0.5625, 0.36], maxlen=5), packets_serviced=9, packets_received=25
Called Update: UpdateRouteCalls = 5, force = False
Node.py: (Node6)@2010800000000.0: Updated MCS from 1 to 1, hist=deque([0.23529411764705882, 0.25, 0.0, 0.35, 0.2413793103448276], maxlen=5), packets_serviced=7, packets_received=29
Called Update: UpdateRouteCalls = 6, force = False
Node.py: (Node7)@2010800000000.0: Updated MCS from 1 to 1, hist=deque([0.26666666666666666, 0.2857142857142857, 0.16666666666666666, 0.3333333333333333, 0.2692307692307692], maxlen=5), packets_serviced=7, packets_received=26
Called Update: UpdateRouteCalls = 7, force = False
Called Update: UpdateRouteCalls = 8, force = False
Called Update: UpdateRouteCalls = 9, force = False
Called Update: UpdateRouteCalls = 10, force = False
Called Update: UpdateRouteCalls = 11, force = False
Called Update: UpdateRouteCalls = 12, force = False
Called Update: UpdateRouteCalls = 13, force = False
Called Update: UpdateRouteCalls = 14, force = False
Called Update: UpdateRouteCalls = 15, force = False
Called Update: UpdateRouteCalls = 16, force = False
Called Update: UpdateRouteCalls = 17, force = False
!! UPDATING !!
routeNo, updatedMCSIndex =  0 [0, 1, 1, 1, 1, 1, 1, 1]
DUPE: 2007803249339_Node0_Node8_Zero, Node4 id 2007803249339_Node0_Node8_Zero was a dupe; retransmit: 0, pkt_enqueue_time=2010806031456.119, pkt_dequeue_time=2010806031456.119, forwarded_or_dropped=1, reason_for_drop='Expiry'
DUPE: 2007803249339_Node0_Node8_Zero, Node3 id 2007803249339_Node0_Node8_Zero was a dupe; retransmit: 0, pkt_enqueue_time=2010807165892.119, pkt_dequeue_time=2010807165892.119, forwarded_or_dropped=1, reason_for_drop='Expiry'
DUPE: 2007803249339_Node0_Node8_Zero, Node1 id 2007803249339_Node0_Node8_Zero was a dupe; retransmit: 0, pkt_enqueue_time=2010818105111.3003, pkt_dequeue_time=2010818105111.3003, forwarded_or_dropped=1, reason_for_drop='Expiry'
DUPE: 2007622952061_Node0_Node8_Zero, Node3 id 2007622952061_Node0_Node8_Zero was a dupe; retransmit: 0, pkt_enqueue_time=2010830549569.9365, pkt_dequeue_time=2010830549569.9365, forwarded_or_dropped=1, reason_for_drop='Expiry'
DUPE: 2007814176168_Node0_Node8_Zero, Node2 id 2007814176168_Node0_Node8_Zero was a dupe; retransmit: 0, pkt_enqueue_time=2010835393817.8455, pkt_dequeue_time=2010835393817.8455, forwarded_or_dropped=1, reason_for_drop='Expiry'
DUPE: 2007863361637_Node0_Node8_Zero, Node6 id 2007863361637_Node0_Node8_Zero was a dupe; retransmit: 0, pkt_enqueue_time=2010864966136.4822, pkt_dequeue_time=2010864966136.4822, forwarded_or_dropped=1, reason_for_drop='Expiry'
DUPE: 2007863361637_Node0_Node8_Zero, Node7 id 2007863361637_Node0_Node8_Zero was a dupe; retransmit: 0, pkt_enqueue_time=2010866956954.3003, pkt_dequeue_time=2010866956954.3003, forwarded_or_dropped=1, reason_for_drop='Expiry'
DUPE: 2007863361637_Node0_Node8_Zero, Node3 id 2007863361637_Node0_Node8_Zero was a dupe; retransmit: 0, pkt_enqueue_time=2010870098496.3003, pkt_dequeue_time=2010870098496.3003, forwarded_or_dropped=1, reason_for_drop='Expiry'
DUPE: 2007863361637_Node0_Node8_Zero, Node1 id 2007863361637_Node0_Node8_Zero was a dupe; retransmit: 0, pkt_enqueue_time=2010874264405.5728, pkt_dequeue_time=2010874264405.5728, forwarded_or_dropped=1, reason_for_drop='Expiry'
DUPE: 2007868827266_Node0_Node8_Zero, Node2 id 2007868827266_Node0_Node8_Zero was a dupe; retransmit: 0, pkt_enqueue_time=2010885339713.5725, pkt_dequeue_time=2010885339713.5725, forwarded_or_dropped=1, reason_for_drop='Expiry'
DUPE: 2007546459594_Node0_Node8_Zero, Node4 id 2007546459594_Node0_Node8_Zero was a dupe; retransmit: 0, pkt_enqueue_time=2010893172466.1184, pkt_dequeue_time=2010893172466.1184, forwarded_or_dropped=1, reason_for_drop='Expiry'
DUPE: 2007896147868_Node0_Node8_Zero, Node2 id 2007896147868_Node0_Node8_Zero was a dupe; retransmit: 0, pkt_enqueue_time=2010897976921.6633, pkt_dequeue_time=2010897976921.6633, forwarded_or_dropped=1, reason_for_drop='Expiry'
DUPE: 2007885216606_Node0_Node8_Zero, Node1 id 2007885216606_Node0_Node8_Zero was a dupe; retransmit: 0, pkt_enqueue_time=2010902108012.2087, pkt_dequeue_time=2010902108012.2087, forwarded_or_dropped=1, reason_for_drop='Expiry'
DUPE: 2007907076179_Node0_Node8_Zero, Node4 id 2007907076179_Node0_Node8_Zero was a dupe; retransmit: 0, pkt_enqueue_time=2010908392089.754, pkt_dequeue_time=2010908392089.754, forwarded_or_dropped=1, reason_for_drop='Expiry'
DUPE: 2007907076179_Node0_Node8_Zero, Node7 id 2007907076179_Node0_Node8_Zero was a dupe; retransmit: 0, pkt_enqueue_time=2010909475196.754, pkt_dequeue_time=2010909475196.754, forwarded_or_dropped=1, reason_for_drop='Expiry'
DUPE: 2007907076179_Node0_Node8_Zero, Node5 id 2007907076179_Node0_Node8_Zero was a dupe; retransmit: 0, pkt_enqueue_time=2010911001967.754, pkt_dequeue_time=2010911001967.754, forwarded_or_dropped=1, reason_for_drop='Expiry'
DUPE: 2007907076179_Node0_Node8_Zero, Node6 id 2007907076179_Node0_Node8_Zero was a dupe; retransmit: 0, pkt_enqueue_time=2010912457785.572, pkt_dequeue_time=2010912457785.572, forwarded_or_dropped=1, reason_for_drop='Expiry'
DUPE: 2007907076179_Node0_Node8_Zero, Node2 id 2007907076179_Node0_Node8_Zero was a dupe; retransmit: 0, pkt_enqueue_time=2010918367835.2085, pkt_dequeue_time=2010918367835.2085, forwarded_or_dropped=1, reason_for_drop='Expiry'
DUPE: 2007934402589_Node0_Node8_Zero, Node3 id 2007934402589_Node0_Node8_Zero was a dupe; retransmit: 0, pkt_enqueue_time=2010934922746.3904, pkt_dequeue_time=2010934922746.3904, forwarded_or_dropped=1, reason_for_drop='Expiry'
DUPE: 2007934402589_Node0_Node8_Zero, Node4 id 2007934402589_Node0_Node8_Zero was a dupe; retransmit: 0, pkt_enqueue_time=2010937281845.2998, pkt_dequeue_time=2010937281845.2998, forwarded_or_dropped=1, reason_for_drop='Expiry'
DUPE: 2007950796274_Node0_Node8_Zero, Node6 id 2007950796274_Node0_Node8_Zero was a dupe; retransmit: 0, pkt_enqueue_time=2010951273717.754, pkt_dequeue_time=2010951273717.754, forwarded_or_dropped=1, reason_for_drop='Expiry'
DUPE: 2007950796274_Node0_Node8_Zero, Node2 id 2007950796274_Node0_Node8_Zero was a dupe; retransmit: 0, pkt_enqueue_time=2010954683569.8452, pkt_dequeue_time=2010954683569.8452, forwarded_or_dropped=1, reason_for_drop='Expiry'
DUPE: 2007950796274_Node0_Node8_Zero, Node7 id 2007950796274_Node0_Node8_Zero was a dupe; retransmit: 0, pkt_enqueue_time=2010954918594.754, pkt_dequeue_time=2010954918594.754, forwarded_or_dropped=1, reason_for_drop='Expiry'
DUPE: 2007950796274_Node0_Node8_Zero, Node4 id 2007950796274_Node0_Node8_Zero was a dupe; retransmit: 0, pkt_enqueue_time=2010958037441.8452, pkt_dequeue_time=2010958037441.8452, forwarded_or_dropped=1, reason_for_drop='Expiry'
DUPE: 2007896147868_Node0_Node8_Zero, Node1 id 2007896147868_Node0_Node8_Zero was a dupe; retransmit: 0, pkt_enqueue_time=2010961473899.936, pkt_dequeue_time=2010961473899.936, forwarded_or_dropped=1, reason_for_drop='Expiry'
DUPE: 2007792327633_Node0_Node8_Zero, Node1 id 2007792327633_Node0_Node8_Zero was a dupe; retransmit: 0, pkt_enqueue_time=2010967093209.0269, pkt_dequeue_time=2010967093209.0269, forwarded_or_dropped=1, reason_for_drop='Expiry'
DUPE: 2007814176168_Node0_Node8_Zero, Node1 id 2007814176168_Node0_Node8_Zero was a dupe; retransmit: 0, pkt_enqueue_time=2010969992863.5723, pkt_dequeue_time=2010969992863.5723, forwarded_or_dropped=1, reason_for_drop='Expiry'
DUPE: 2007852431142_Node0_Node8_Zero, Node1 id 2007852431142_Node0_Node8_Zero was a dupe; retransmit: 0, pkt_enqueue_time=2010972912518.1177, pkt_dequeue_time=2010972912518.1177, forwarded_or_dropped=1, reason_for_drop='Expiry'
DUPE: 2007841505737_Node0_Node8_Zero, Node1 id 2007841505737_Node0_Node8_Zero was a dupe; retransmit: 0, pkt_enqueue_time=2010975852172.663, pkt_dequeue_time=2010975852172.663, forwarded_or_dropped=1, reason_for_drop='Expiry'
DUPE: 2007677588144_Node0_Node8_Zero, Node1 id 2007677588144_Node0_Node8_Zero was a dupe; retransmit: 0, pkt_enqueue_time=2010978791827.2085, pkt_dequeue_time=2010978791827.2085, forwarded_or_dropped=1, reason_for_drop='Expiry'
DUPE: 2007950796274_Node0_Node8_Zero, Node1 id 2007950796274_Node0_Node8_Zero was a dupe; retransmit: 0, pkt_enqueue_time=2010987634790.8447, pkt_dequeue_time=2010987634790.8447, forwarded_or_dropped=1, reason_for_drop='Expiry'
DUPE: 2007907076179_Node0_Node8_Zero, Node1 id 2007907076179_Node0_Node8_Zero was a dupe; retransmit: 0, pkt_enqueue_time=2010990674445.3901, pkt_dequeue_time=2010990674445.3901, forwarded_or_dropped=1, reason_for_drop='Expiry'
DUPE: 2007737685860_Node0_Node8_Zero, Node1 id 2007737685860_Node0_Node8_Zero was a dupe; retransmit: 0, pkt_enqueue_time=2010996400971.9355, pkt_dequeue_time=2010996400971.9355, forwarded_or_dropped=1, reason_for_drop='Expiry'
DUPE: 2007934402589_Node0_Node8_Zero, Node1 id 2007934402589_Node0_Node8_Zero was a dupe; retransmit: 0, pkt_enqueue_time=2010999711626.481, pkt_dequeue_time=2010999711626.481, forwarded_or_dropped=1, reason_for_drop='Expiry'
main.py: Progress: 2011 / 2014
Called Update: UpdateRouteCalls = 0, force = True
!! UPDATING !!
routeNo, updatedMCSIndex =  0 [0, 1, 1, 1, 1, 1, 1, 1]

rf.py: Time: 2011 Route details: {0: {'Route': [0, 1, 2, 3, 4, 5, 6, 7, 8], 'MCS_Index': [0, 1, 1, 1, 1, 1, 1, 1], 'Priority': 1, 'ValidRoute': True, 'HQRoute': True, 'RouteNodeDensity': [0, 0, 0, 0, 0, 2, 0, 0, 0], 'InterferingLinks': 16, 'Target': (-1, -1)}}
DUPE: 2007765009080_Node0_Node8_Zero, Node1 id 2007765009080_Node0_Node8_Zero was a dupe; retransmit: 0, pkt_enqueue_time=2011003171281.0264, pkt_dequeue_time=2011003171281.0264, forwarded_or_dropped=1, reason_for_drop='Expiry'
DUPE: 2007770469447_Node0_Node8_Zero, Node1 id 2007770469447_Node0_Node8_Zero was a dupe; retransmit: 0, pkt_enqueue_time=2011005438153.0264, pkt_dequeue_time=2011005438153.0264, forwarded_or_dropped=1, reason_for_drop='Expiry'
DUPE: 2007857894452_Node0_Node8_Zero, Node1 id 2007857894452_Node0_Node8_Zero was a dupe; retransmit: 0, pkt_enqueue_time=2011009053807.5718, pkt_dequeue_time=2011009053807.5718, forwarded_or_dropped=1, reason_for_drop='Expiry'
DUPE: 2007688515825_Node0_Node8_Zero, Node1 id 2007688515825_Node0_Node8_Zero was a dupe; retransmit: 0, pkt_enqueue_time=2011016462116.6626, pkt_dequeue_time=2011016462116.6626, forwarded_or_dropped=1, reason_for_drop='Expiry'
DUPE: 2007923468165_Node0_Node8_Zero, Node1 id 2007923468165_Node0_Node8_Zero was a dupe; retransmit: 0, pkt_enqueue_time=2011020241771.208, pkt_dequeue_time=2011020241771.208, forwarded_or_dropped=1, reason_for_drop='Expiry'
DUPE: 2008043697855_Node0_Node8_Zero, Node2 id 2008043697855_Node0_Node8_Zero was a dupe; retransmit: 0, pkt_enqueue_time=2011047088092.4807, pkt_dequeue_time=2011047088092.4807, forwarded_or_dropped=1, reason_for_drop='Expiry'
DUPE: 2008054628479_Node0_Node8_Zero, Node2 id 2008054628479_Node0_Node8_Zero was a dupe; retransmit: 0, pkt_enqueue_time=2011067031181.9348, pkt_dequeue_time=2011067031181.9348, forwarded_or_dropped=1, reason_for_drop='Expiry'
DUPE: 2008060088796_Node0_Node8_Zero, Node1 id 2008060088796_Node0_Node8_Zero was a dupe; retransmit: 0, pkt_enqueue_time=2011069130275.5713, pkt_dequeue_time=2011069130275.5713, forwarded_or_dropped=1, reason_for_drop='Expiry'
DUPE: 2008081945330_Node0_Node8_Zero, Node3 id 2008081945330_Node0_Node8_Zero was a dupe; retransmit: 0, pkt_enqueue_time=2011083838228.026, pkt_dequeue_time=2011083838228.026, forwarded_or_dropped=1, reason_for_drop='Expiry'
DUPE: 2008103806683_Node0_Node8_Zero, Node6 id 2008103806683_Node0_Node8_Zero was a dupe; retransmit: 0, pkt_enqueue_time=2011104392840.8438, pkt_dequeue_time=2011104392840.8438, forwarded_or_dropped=1, reason_for_drop='Expiry'
DUPE: 2008103806683_Node0_Node8_Zero, Node5 id 2008103806683_Node0_Node8_Zero was a dupe; retransmit: 0, pkt_enqueue_time=2011106718276.8438, pkt_dequeue_time=2011106718276.8438, forwarded_or_dropped=1, reason_for_drop='Expiry'
DUPE: 2008103806683_Node0_Node8_Zero, Node7 id 2008103806683_Node0_Node8_Zero was a dupe; retransmit: 0, pkt_enqueue_time=2011109310148.8438, pkt_dequeue_time=2011109310148.8438, forwarded_or_dropped=1, reason_for_drop='Expiry'
DUPE: 2008087413707_Node0_Node8_Zero, Node1 id 2008087413707_Node0_Node8_Zero was a dupe; retransmit: 0, pkt_enqueue_time=2011114615328.48, pkt_dequeue_time=2011114615328.48, forwarded_or_dropped=1, reason_for_drop='Expiry'
DUPE: 2008103806683_Node0_Node8_Zero, Node3 id 2008103806683_Node0_Node8_Zero was a dupe; retransmit: 0, pkt_enqueue_time=2011120219209.1162, pkt_dequeue_time=2011120219209.1162, forwarded_or_dropped=1, reason_for_drop='Expiry'
DUPE: 2008125653424_Node0_Node8_Zero, Node4 id 2008125653424_Node0_Node8_Zero was a dupe; retransmit: 0, pkt_enqueue_time=2011128412002.6616, pkt_dequeue_time=2011128412002.6616, forwarded_or_dropped=1, reason_for_drop='Expiry'
DUPE: 2008131113389_Node0_Node8_Zero, Node4 id 2008131113389_Node0_Node8_Zero was a dupe; retransmit: 0, pkt_enqueue_time=2011133773700.0256, pkt_dequeue_time=2011133773700.0256, forwarded_or_dropped=1, reason_for_drop='Expiry'
DUPE: 2008125653424_Node0_Node8_Zero, Node1 id 2008125653424_Node0_Node8_Zero was a dupe; retransmit: 0, pkt_enqueue_time=2011137788848.2075, pkt_dequeue_time=2011137788848.2075, forwarded_or_dropped=1, reason_for_drop='Expiry'
DUPE: 2008131113389_Node0_Node8_Zero, Node3 id 2008131113389_Node0_Node8_Zero was a dupe; retransmit: 0, pkt_enqueue_time=2011143211029.2983, pkt_dequeue_time=2011143211029.2983, forwarded_or_dropped=1, reason_for_drop='Expiry'
DUPE: 2008142044812_Node0_Node8_Zero, Node1 id 2008142044812_Node0_Node8_Zero was a dupe; retransmit: 0, pkt_enqueue_time=2011148672411.8438, pkt_dequeue_time=2011148672411.8438, forwarded_or_dropped=1, reason_for_drop='Expiry'
DUPE: 2008142044812_Node0_Node8_Zero, Node2 id 2008142044812_Node0_Node8_Zero was a dupe; retransmit: 0, pkt_enqueue_time=2011152525175.1165, pkt_dequeue_time=2011152525175.1165, forwarded_or_dropped=1, reason_for_drop='Expiry'
DUPE: 2008163906464_Node0_Node8_Zero, Node5 id 2008163906464_Node0_Node8_Zero was a dupe; retransmit: 0, pkt_enqueue_time=2011164366416.7524, pkt_dequeue_time=2011164366416.7524, forwarded_or_dropped=1, reason_for_drop='Expiry'
DUPE: 2008163906464_Node0_Node8_Zero, Node6 id 2008163906464_Node0_Node8_Zero was a dupe; retransmit: 0, pkt_enqueue_time=2011166989623.7524, pkt_dequeue_time=2011166989623.7524, forwarded_or_dropped=1, reason_for_drop='Expiry'
DUPE: 2008163906464_Node0_Node8_Zero, Node2 id 2008163906464_Node0_Node8_Zero was a dupe; retransmit: 0, pkt_enqueue_time=2011169533378.1167, pkt_dequeue_time=2011169533378.1167, forwarded_or_dropped=1, reason_for_drop='Expiry'
DUPE: 2008174835504_Node0_Node8_Zero, Node4 id 2008174835504_Node0_Node8_Zero was a dupe; retransmit: 0, pkt_enqueue_time=2011176406855.571, pkt_dequeue_time=2011176406855.571, forwarded_or_dropped=1, reason_for_drop='Expiry'
DUPE: 2008174835504_Node0_Node8_Zero, Node3 id 2008174835504_Node0_Node8_Zero was a dupe; retransmit: 0, pkt_enqueue_time=2011177384291.571, pkt_dequeue_time=2011177384291.571, forwarded_or_dropped=1, reason_for_drop='Expiry'
DUPE: 2008174835504_Node0_Node8_Zero, Node1 id 2008174835504_Node0_Node8_Zero was a dupe; retransmit: 0, pkt_enqueue_time=2011179268650.2983, pkt_dequeue_time=2011179268650.2983, forwarded_or_dropped=1, reason_for_drop='Expiry'
DUPE: 2008174835504_Node0_Node8_Zero, Node2 id 2008174835504_Node0_Node8_Zero was a dupe; retransmit: 0, pkt_enqueue_time=2011180374468.1165, pkt_dequeue_time=2011180374468.1165, forwarded_or_dropped=1, reason_for_drop='Expiry'
DUPE: 2008191225610_Node0_Node8_Zero, Node4 id 2008191225610_Node0_Node8_Zero was a dupe; retransmit: 0, pkt_enqueue_time=2011191618129.8435, pkt_dequeue_time=2011191618129.8435, forwarded_or_dropped=1, reason_for_drop='Expiry'
DUPE: 2008191225610_Node0_Node8_Zero, Node3 id 2008191225610_Node0_Node8_Zero was a dupe; retransmit: 0, pkt_enqueue_time=2011196476051.8435, pkt_dequeue_time=2011196476051.8435, forwarded_or_dropped=1, reason_for_drop='Expiry'
Called Update: UpdateRouteCalls = 0, force = False
Node.py: (Node1)@2011200000000.0: Updated MCS from 1 to 1, hist=deque([0.0, 0.10526315789473684, 0.3696969696969697, 1.2727272727272727, 0.3804347826086957], maxlen=5), packets_serviced=35, packets_received=92
Called Update: UpdateRouteCalls = 1, force = False
Node.py: (Node2)@2011200000000.0: Updated MCS from 1 to 1, hist=deque([0.5, 0.45454545454545453, 0.44776119402985076, 0.38095238095238093, 0.3829787234042553], maxlen=5), packets_serviced=18, packets_received=47
Called Update: UpdateRouteCalls = 2, force = False
Node.py: (Node3)@2011200000000.0: Updated MCS from 1 to 1, hist=deque([0.18181818181818182, 0.4, 0.3333333333333333, 0.4, 0.3939393939393939], maxlen=5), packets_serviced=13, packets_received=33
Called Update: UpdateRouteCalls = 3, force = False
Node.py: (Node4)@2011200000000.0: Updated MCS from 1 to 1, hist=deque([0.5, 0.3333333333333333, 0.5, 0.29411764705882354, 0.4583333333333333], maxlen=5), packets_serviced=11, packets_received=24
Called Update: UpdateRouteCalls = 4, force = False
Node.py: (Node5)@2011200000000.0: Updated MCS from 1 to 1, hist=deque([0.3333333333333333, 0.3333333333333333, 0.5625, 0.36, 0.29411764705882354], maxlen=5), packets_serviced=5, packets_received=17
Called Update: UpdateRouteCalls = 5, force = False
Node.py: (Node6)@2011200000000.0: Updated MCS from 1 to 1, hist=deque([0.25, 0.0, 0.35, 0.2413793103448276, 0.35714285714285715], maxlen=5), packets_serviced=5, packets_received=14
Called Update: UpdateRouteCalls = 6, force = False
Node.py: (Node7)@2011200000000.0: Updated MCS from 1 to 1, hist=deque([0.2857142857142857, 0.16666666666666666, 0.3333333333333333, 0.2692307692307692, 0.25], maxlen=5), packets_serviced=4, packets_received=16
Called Update: UpdateRouteCalls = 7, force = False
Called Update: UpdateRouteCalls = 8, force = False
Called Update: UpdateRouteCalls = 9, force = False
Called Update: UpdateRouteCalls = 10, force = False
Called Update: UpdateRouteCalls = 11, force = False
Called Update: UpdateRouteCalls = 12, force = False
Called Update: UpdateRouteCalls = 13, force = False
Called Update: UpdateRouteCalls = 14, force = False
Called Update: UpdateRouteCalls = 15, force = False
Called Update: UpdateRouteCalls = 16, force = False
Called Update: UpdateRouteCalls = 17, force = False
!! UPDATING !!
routeNo, updatedMCSIndex =  0 [0, 1, 1, 1, 1, 1, 1, 1]
DUPE: 2008191225610_Node0_Node8_Zero, Node2 id 2008191225610_Node0_Node8_Zero was a dupe; retransmit: 0, pkt_enqueue_time=2011205453608.4797, pkt_dequeue_time=2011205453608.4797, forwarded_or_dropped=1, reason_for_drop='Expiry'
DUPE: 2008213074626_Node0_Node8_Zero, Node2 id 2008213074626_Node0_Node8_Zero was a dupe; retransmit: 0, pkt_enqueue_time=2011213378628.298, pkt_dequeue_time=2011213378628.298, forwarded_or_dropped=1, reason_for_drop='Expiry'
DUPE: 2008213074626_Node0_Node8_Zero, Node3 id 2008213074626_Node0_Node8_Zero was a dupe; retransmit: 0, pkt_enqueue_time=2011215955936.298, pkt_dequeue_time=2011215955936.298, forwarded_or_dropped=1, reason_for_drop='Expiry'
DUPE: 2008224008182_Node0_Node8_Zero, Node2 id 2008224008182_Node0_Node8_Zero was a dupe; retransmit: 0, pkt_enqueue_time=2011227445783.753, pkt_dequeue_time=2011227445783.753, forwarded_or_dropped=1, reason_for_drop='Expiry'
DUPE: 2008229469318_Node0_Node8_Zero, Node2 id 2008229469318_Node0_Node8_Zero was a dupe; retransmit: 0, pkt_enqueue_time=2011231358958.026, pkt_dequeue_time=2011231358958.026, forwarded_or_dropped=1, reason_for_drop='Expiry'
DUPE: 2008240401274_Node0_Node8_Zero, Node2 id 2008240401274_Node0_Node8_Zero was a dupe; retransmit: 0, pkt_enqueue_time=2011242495508.2988, pkt_dequeue_time=2011242495508.2988, forwarded_or_dropped=1, reason_for_drop='Expiry'
DUPE: 2008245870346_Node0_Node8_Zero, Node2 id 2008245870346_Node0_Node8_Zero was a dupe; retransmit: 0, pkt_enqueue_time=2011246804000.4807, pkt_dequeue_time=2011246804000.4807, forwarded_or_dropped=1, reason_for_drop='Expiry'
DUPE: 2008251339621_Node0_Node8_Zero, Node3 id 2008251339621_Node0_Node8_Zero was a dupe; retransmit: 0, pkt_enqueue_time=2011253606197.935, pkt_dequeue_time=2011253606197.935, forwarded_or_dropped=1, reason_for_drop='Expiry'
DUPE: 2008251339621_Node0_Node8_Zero, Node2 id 2008251339621_Node0_Node8_Zero was a dupe; retransmit: 0, pkt_enqueue_time=2011256959786.7532, pkt_dequeue_time=2011256959786.7532, forwarded_or_dropped=1, reason_for_drop='Expiry'
DUPE: 2008224008182_Node0_Node8_Zero, Node1 id 2008224008182_Node0_Node8_Zero was a dupe; retransmit: 0, pkt_enqueue_time=2011259615590.4805, pkt_dequeue_time=2011259615590.4805, forwarded_or_dropped=1, reason_for_drop='Expiry'
DUPE: 2008245870346_Node0_Node8_Zero, Node1 id 2008245870346_Node0_Node8_Zero was a dupe; retransmit: 0, pkt_enqueue_time=2011265865899.5713, pkt_dequeue_time=2011265865899.5713, forwarded_or_dropped=1, reason_for_drop='Expiry'
DUPE: 2008284113875_Node0_Node8_Zero, Node1 id 2008284113875_Node0_Node8_Zero was a dupe; retransmit: 0, pkt_enqueue_time=2011287129317.0254, pkt_dequeue_time=2011287129317.0254, forwarded_or_dropped=1, reason_for_drop='Expiry'
DUPE: 2008295041811_Node0_Node8_Zero, Node2 id 2008295041811_Node0_Node8_Zero was a dupe; retransmit: 0, pkt_enqueue_time=2011298615225.0256, pkt_dequeue_time=2011298615225.0256, forwarded_or_dropped=1, reason_for_drop='Expiry'
DUPE: 2008300501712_Node0_Node8_Zero, Node2 id 2008300501712_Node0_Node8_Zero was a dupe; retransmit: 0, pkt_enqueue_time=2011302543150.5713, pkt_dequeue_time=2011302543150.5713, forwarded_or_dropped=1, reason_for_drop='Expiry'
DUPE: 2008289580502_Node0_Node8_Zero, Node1 id 2008289580502_Node0_Node8_Zero was a dupe; retransmit: 0, pkt_enqueue_time=2011308774848.2983, pkt_dequeue_time=2011308774848.2983, forwarded_or_dropped=1, reason_for_drop='Expiry'
DUPE: 2008278646468_Node0_Node8_Zero, Node1 id 2008278646468_Node0_Node8_Zero was a dupe; retransmit: 0, pkt_enqueue_time=2011313074157.3892, pkt_dequeue_time=2011313074157.3892, forwarded_or_dropped=1, reason_for_drop='Expiry'
DUPE: 2008305966673_Node0_Node8_Zero, Node1 id 2008305966673_Node0_Node8_Zero was a dupe; retransmit: 0, pkt_enqueue_time=2011319780338.48, pkt_dequeue_time=2011319780338.48, forwarded_or_dropped=1, reason_for_drop='Expiry'
DUPE: 2008273185071_Node0_Node8_Zero, Node1 id 2008273185071_Node0_Node8_Zero was a dupe; retransmit: 0, pkt_enqueue_time=2011322179993.0254, pkt_dequeue_time=2011322179993.0254, forwarded_or_dropped=1, reason_for_drop='Expiry'
DUPE: 2008300501712_Node0_Node8_Zero, Node1 id 2008300501712_Node0_Node8_Zero was a dupe; retransmit: 0, pkt_enqueue_time=2011324599647.5708, pkt_dequeue_time=2011324599647.5708, forwarded_or_dropped=1, reason_for_drop='Expiry'
DUPE: 2008251339621_Node0_Node8_Zero, Node1 id 2008251339621_Node0_Node8_Zero was a dupe; retransmit: 0, pkt_enqueue_time=2011335083484.6616, pkt_dequeue_time=2011335083484.6616, forwarded_or_dropped=1, reason_for_drop='Expiry'
DUPE: 2007748614626_Node0_Node8_Zero, Node1 id 2007748614626_Node0_Node8_Zero was a dupe; retransmit: 0, pkt_enqueue_time=2011339696105.207, pkt_dequeue_time=2011339696105.207, forwarded_or_dropped=1, reason_for_drop='Expiry'
DUPE: 2008202146523_Node0_Node8_Zero, Node1 id 2008202146523_Node0_Node8_Zero was a dupe; retransmit: 0, pkt_enqueue_time=2011343606759.7524, pkt_dequeue_time=2011343606759.7524, forwarded_or_dropped=1, reason_for_drop='Expiry'
DUPE: 2008207611793_Node0_Node8_Zero, Node1 id 2008207611793_Node0_Node8_Zero was a dupe; retransmit: 0, pkt_enqueue_time=2011346133631.7524, pkt_dequeue_time=2011346133631.7524, forwarded_or_dropped=1, reason_for_drop='Expiry'
DUPE: 2007704908071_Node0_Node8_Zero, Node1 id 2007704908071_Node0_Node8_Zero was a dupe; retransmit: 0, pkt_enqueue_time=2011350113286.2979, pkt_dequeue_time=2011350113286.2979, forwarded_or_dropped=1, reason_for_drop='Expiry'
DUPE: 2008213074626_Node0_Node8_Zero, Node1 id 2008213074626_Node0_Node8_Zero was a dupe; retransmit: 0, pkt_enqueue_time=2011354112940.8433, pkt_dequeue_time=2011354112940.8433, forwarded_or_dropped=1, reason_for_drop='Expiry'
DUPE: 2007775936749_Node0_Node8_Zero, Node1 id 2007775936749_Node0_Node8_Zero was a dupe; retransmit: 0, pkt_enqueue_time=2011360399467.3887, pkt_dequeue_time=2011360399467.3887, forwarded_or_dropped=1, reason_for_drop='Expiry'
DUPE: 2008316889000_Node0_Node8_Zero, Node1 id 2008316889000_Node0_Node8_Zero was a dupe; retransmit: 0, pkt_enqueue_time=2011364599121.934, pkt_dequeue_time=2011364599121.934, forwarded_or_dropped=1, reason_for_drop='Expiry'
DUPE: 2008371539936_Node0_Node8_Zero, Node1 id 2008371539936_Node0_Node8_Zero was a dupe; retransmit: 0, pkt_enqueue_time=2011372359392.4795, pkt_dequeue_time=2011372359392.4795, forwarded_or_dropped=1, reason_for_drop='Expiry'
DUPE: 2008382462559_Node0_Node8_Zero, Node4 id 2008382462559_Node0_Node8_Zero was a dupe; retransmit: 0, pkt_enqueue_time=2011384313683.2068, pkt_dequeue_time=2011384313683.2068, forwarded_or_dropped=1, reason_for_drop='Expiry'
DUPE: 2008382462559_Node0_Node8_Zero, Node5 id 2008382462559_Node0_Node8_Zero was a dupe; retransmit: 0, pkt_enqueue_time=2011385686501.025, pkt_dequeue_time=2011385686501.025, forwarded_or_dropped=1, reason_for_drop='Expiry'
DUPE: 2008382462559_Node0_Node8_Zero, Node2 id 2008382462559_Node0_Node8_Zero was a dupe; retransmit: 0, pkt_enqueue_time=2011387915054.1157, pkt_dequeue_time=2011387915054.1157, forwarded_or_dropped=1, reason_for_drop='Expiry'
DUPE: 2008398860974_Node0_Node8_Zero, Node3 id 2008398860974_Node0_Node8_Zero was a dupe; retransmit: 0, pkt_enqueue_time=2011401183045.1157, pkt_dequeue_time=2011401183045.1157, forwarded_or_dropped=1, reason_for_drop='Expiry'
DUPE: 2008415260206_Node0_Node8_Zero, Node4 id 2008415260206_Node0_Node8_Zero was a dupe; retransmit: 0, pkt_enqueue_time=2011419016605.6616, pkt_dequeue_time=2011419016605.6616, forwarded_or_dropped=1, reason_for_drop='Expiry'
DUPE: 2008415260206_Node0_Node8_Zero, Node1 id 2008415260206_Node0_Node8_Zero was a dupe; retransmit: 0, pkt_enqueue_time=2011429532988.8433, pkt_dequeue_time=2011429532988.8433, forwarded_or_dropped=1, reason_for_drop='Expiry'
DUPE: 2008409797686_Node0_Node8_Zero, Node2 id 2008409797686_Node0_Node8_Zero was a dupe; retransmit: 0, pkt_enqueue_time=2011430666806.6614, pkt_dequeue_time=2011430666806.6614, forwarded_or_dropped=1, reason_for_drop='Expiry'
DUPE: 2008442573747_Node0_Node8_Zero, Node6 id 2008442573747_Node0_Node8_Zero was a dupe; retransmit: 0, pkt_enqueue_time=2011443066295.3882, pkt_dequeue_time=2011443066295.3882, forwarded_or_dropped=1, reason_for_drop='Expiry'
DUPE: 2008442573747_Node0_Node8_Zero, Node3 id 2008442573747_Node0_Node8_Zero was a dupe; retransmit: 0, pkt_enqueue_time=2011443431866.752, pkt_dequeue_time=2011443431866.752, forwarded_or_dropped=1, reason_for_drop='Expiry'
DUPE: 2008442573747_Node0_Node8_Zero, Node7 id 2008442573747_Node0_Node8_Zero was a dupe; retransmit: 0, pkt_enqueue_time=2011446210509.752, pkt_dequeue_time=2011446210509.752, forwarded_or_dropped=1, reason_for_drop='Expiry'
DUPE: 2008458963343_Node0_Node8_Zero, Node3 id 2008458963343_Node0_Node8_Zero was a dupe; retransmit: 0, pkt_enqueue_time=2011460382982.934, pkt_dequeue_time=2011460382982.934, forwarded_or_dropped=1, reason_for_drop='Expiry'
DUPE: 2008458963343_Node0_Node8_Zero, Node2 id 2008458963343_Node0_Node8_Zero was a dupe; retransmit: 0, pkt_enqueue_time=2011463159302.4795, pkt_dequeue_time=2011463159302.4795, forwarded_or_dropped=1, reason_for_drop='Expiry'
DUPE: 2008437105516_Node0_Node8_Zero, Node1 id 2008437105516_Node0_Node8_Zero was a dupe; retransmit: 0, pkt_enqueue_time=2011468930759.5703, pkt_dequeue_time=2011468930759.5703, forwarded_or_dropped=1, reason_for_drop='Expiry'
DUPE: 2008442573747_Node0_Node8_Zero, Node1 id 2008442573747_Node0_Node8_Zero was a dupe; retransmit: 0, pkt_enqueue_time=2011472681414.1157, pkt_dequeue_time=2011472681414.1157, forwarded_or_dropped=1, reason_for_drop='Expiry'
DUPE: 2008398860974_Node0_Node8_Zero, Node1 id 2008398860974_Node0_Node8_Zero was a dupe; retransmit: 0, pkt_enqueue_time=2011476661068.6611, pkt_dequeue_time=2011476661068.6611, forwarded_or_dropped=1, reason_for_drop='Expiry'
DUPE: 2008404328967_Node0_Node8_Zero, Node1 id 2008404328967_Node0_Node8_Zero was a dupe; retransmit: 0, pkt_enqueue_time=2011478767940.6611, pkt_dequeue_time=2011478767940.6611, forwarded_or_dropped=1, reason_for_drop='Expiry'
DUPE: 2008327821847_Node0_Node8_Zero, Node1 id 2008327821847_Node0_Node8_Zero was a dupe; retransmit: 0, pkt_enqueue_time=2011483027595.2065, pkt_dequeue_time=2011483027595.2065, forwarded_or_dropped=1, reason_for_drop='Expiry'
DUPE: 2008453499288_Node0_Node8_Zero, Node1 id 2008453499288_Node0_Node8_Zero was a dupe; retransmit: 0, pkt_enqueue_time=2011487516249.752, pkt_dequeue_time=2011487516249.752, forwarded_or_dropped=1, reason_for_drop='Expiry'
DUPE: 2008458963343_Node0_Node8_Zero, Node1 id 2008458963343_Node0_Node8_Zero was a dupe; retransmit: 0, pkt_enqueue_time=2011493502430.8428, pkt_dequeue_time=2011493502430.8428, forwarded_or_dropped=1, reason_for_drop='Expiry'
DUPE: 2008502665690_Node0_Node8_Zero, Node2 id 2008502665690_Node0_Node8_Zero was a dupe; retransmit: 0, pkt_enqueue_time=2011505791773.0244, pkt_dequeue_time=2011505791773.0244, forwarded_or_dropped=1, reason_for_drop='Expiry'
DUPE: 2008513596425_Node0_Node8_Zero, Node4 id 2008513596425_Node0_Node8_Zero was a dupe; retransmit: 0, pkt_enqueue_time=2011515872285.2969, pkt_dequeue_time=2011515872285.2969, forwarded_or_dropped=1, reason_for_drop='Expiry'
DUPE: 2008513596425_Node0_Node8_Zero, Node3 id 2008513596425_Node0_Node8_Zero was a dupe; retransmit: 0, pkt_enqueue_time=2011516941721.2969, pkt_dequeue_time=2011516941721.2969, forwarded_or_dropped=1, reason_for_drop='Expiry'
DUPE: 2008513596425_Node0_Node8_Zero, Node2 id 2008513596425_Node0_Node8_Zero was a dupe; retransmit: 0, pkt_enqueue_time=2011519549517.0242, pkt_dequeue_time=2011519549517.0242, forwarded_or_dropped=1, reason_for_drop='Expiry'
DUPE: 2008551859973_Node0_Node8_Zero, Node3 id 2008551859973_Node0_Node8_Zero was a dupe; retransmit: 0, pkt_enqueue_time=2011555258953.2056, pkt_dequeue_time=2011555258953.2056, forwarded_or_dropped=1, reason_for_drop='Expiry'
DUPE: 2008562794780_Node0_Node8_Zero, Node6 id 2008562794780_Node0_Node8_Zero was a dupe; retransmit: 0, pkt_enqueue_time=2011563647640.8418, pkt_dequeue_time=2011563647640.8418, forwarded_or_dropped=1, reason_for_drop='Expiry'
DUPE: 2008562794780_Node0_Node8_Zero, Node4 id 2008562794780_Node0_Node8_Zero was a dupe; retransmit: 0, pkt_enqueue_time=2011565932369.8418, pkt_dequeue_time=2011565932369.8418, forwarded_or_dropped=1, reason_for_drop='Expiry'
DUPE: 2008562794780_Node0_Node8_Zero, Node5 id 2008562794780_Node0_Node8_Zero was a dupe; retransmit: 0, pkt_enqueue_time=2011567079187.66, pkt_dequeue_time=2011567079187.66, forwarded_or_dropped=1, reason_for_drop='Expiry'
DUPE: 2008557328911_Node0_Node8_Zero, Node1 id 2008557328911_Node0_Node8_Zero was a dupe; retransmit: 0, pkt_enqueue_time=2011573942988.8418, pkt_dequeue_time=2011573942988.8418, forwarded_or_dropped=1, reason_for_drop='Expiry'
DUPE: 2008551859973_Node0_Node8_Zero, Node2 id 2008551859973_Node0_Node8_Zero was a dupe; retransmit: 0, pkt_enqueue_time=2011577258461.2053, pkt_dequeue_time=2011577258461.2053, forwarded_or_dropped=1, reason_for_drop='Expiry'
DUPE: 2008595585187_Node0_Node8_Zero, Node7 id 2008595585187_Node0_Node8_Zero was a dupe; retransmit: 0, pkt_enqueue_time=2011595814957.387, pkt_dequeue_time=2011595814957.387, forwarded_or_dropped=1, reason_for_drop='Expiry'
DUPE: 2008595585187_Node0_Node8_Zero, Node4 id 2008595585187_Node0_Node8_Zero was a dupe; retransmit: 0, pkt_enqueue_time=2011598045159.6602, pkt_dequeue_time=2011598045159.6602, forwarded_or_dropped=1, reason_for_drop='Expiry'
Called Update: UpdateRouteCalls = 0, force = False
Node.py: (Node1)@2011600000000.0: Updated MCS from 1 to 1, hist=deque([0.10526315789473684, 0.3696969696969697, 1.2727272727272727, 0.3804347826086957, 0.41], maxlen=5), packets_serviced=41, packets_received=100
Called Update: UpdateRouteCalls = 1, force = False
Node.py: (Node2)@2011600000000.0: Updated MCS from 1 to 1, hist=deque([0.45454545454545453, 0.44776119402985076, 0.38095238095238093, 0.3829787234042553, 0.3559322033898305], maxlen=5), packets_serviced=21, packets_received=59
Called Update: UpdateRouteCalls = 2, force = False
Node.py: (Node3)@2011600000000.0: Updated MCS from 1 to 1, hist=deque([0.4, 0.3333333333333333, 0.4, 0.3939393939393939, 0.48148148148148145], maxlen=5), packets_serviced=13, packets_received=27
Called Update: UpdateRouteCalls = 3, force = False
Node.py: (Node4)@2011600000000.0: Updated MCS from 1 to 1, hist=deque([0.3333333333333333, 0.5, 0.29411764705882354, 0.4583333333333333, 0.3], maxlen=5), packets_serviced=6, packets_received=20
Called Update: UpdateRouteCalls = 4, force = False
Node.py: (Node5)@2011600000000.0: Updated MCS from 1 to 1, hist=deque([0.3333333333333333, 0.5625, 0.36, 0.29411764705882354, 0.4], maxlen=5), packets_serviced=4, packets_received=10
Called Update: UpdateRouteCalls = 5, force = False
Node.py: (Node6)@2011600000000.0: Updated MCS from 1 to 1, hist=deque([0.0, 0.35, 0.2413793103448276, 0.35714285714285715, 0.42857142857142855], maxlen=5), packets_serviced=3, packets_received=7
Called Update: UpdateRouteCalls = 6, force = False
Node.py: (Node7)@2011600000000.0: Updated MCS from 1 to 1, hist=deque([0.16666666666666666, 0.3333333333333333, 0.2692307692307692, 0.25, 0.4], maxlen=5), packets_serviced=2, packets_received=5
Called Update: UpdateRouteCalls = 7, force = False
Called Update: UpdateRouteCalls = 8, force = False
Called Update: UpdateRouteCalls = 9, force = False
Called Update: UpdateRouteCalls = 10, force = False
Called Update: UpdateRouteCalls = 11, force = False
Called Update: UpdateRouteCalls = 12, force = False
Called Update: UpdateRouteCalls = 13, force = False
Called Update: UpdateRouteCalls = 14, force = False
Called Update: UpdateRouteCalls = 15, force = False
Called Update: UpdateRouteCalls = 16, force = False
Called Update: UpdateRouteCalls = 17, force = False
!! UPDATING !!
routeNo, updatedMCSIndex =  0 [0, 1, 1, 1, 1, 1, 1, 1]
DUPE: 2008595585187_Node0_Node8_Zero, Node6 id 2008595585187_Node0_Node8_Zero was a dupe; retransmit: 0, pkt_enqueue_time=2011600392903.6602, pkt_dequeue_time=2011600392903.6602, forwarded_or_dropped=1, reason_for_drop='Expiry'
DUPE: 2008601046845_Node0_Node8_Zero, Node4 id 2008601046845_Node0_Node8_Zero was a dupe; retransmit: 0, pkt_enqueue_time=2011601389674.6602, pkt_dequeue_time=2011601389674.6602, forwarded_or_dropped=1, reason_for_drop='Expiry'
DUPE: 2008595585187_Node0_Node8_Zero, Node5 id 2008595585187_Node0_Node8_Zero was a dupe; retransmit: 0, pkt_enqueue_time=2011602717492.4783, pkt_dequeue_time=2011602717492.4783, forwarded_or_dropped=1, reason_for_drop='Expiry'
DUPE: 2008601046845_Node0_Node8_Zero, Node3 id 2008601046845_Node0_Node8_Zero was a dupe; retransmit: 0, pkt_enqueue_time=2011607494167.5693, pkt_dequeue_time=2011607494167.5693, forwarded_or_dropped=1, reason_for_drop='Expiry'
DUPE: 2008715797901_Node0_Node8_Zero, Node1 id 2008715797901_Node0_Node8_Zero was a dupe; retransmit: 0, pkt_enqueue_time=2011718167462.5674, pkt_dequeue_time=2011718167462.5674, forwarded_or_dropped=1, reason_for_drop='Expiry'
DUPE: 2008704875123_Node0_Node8_Zero, Node1 id 2008704875123_Node0_Node8_Zero was a dupe; retransmit: 0, pkt_enqueue_time=2011720307117.1128, pkt_dequeue_time=2011720307117.1128, forwarded_or_dropped=1, reason_for_drop='Expiry'
DUPE: 2008601046845_Node0_Node8_Zero, Node2 id 2008601046845_Node0_Node8_Zero was a dupe; retransmit: 0, pkt_enqueue_time=2011749414968.385, pkt_dequeue_time=2011749414968.385, forwarded_or_dropped=1, reason_for_drop='Expiry'
DUPE: 2008759518090_Node0_Node8_Zero, Node4 id 2008759518090_Node0_Node8_Zero was a dupe; retransmit: 0, pkt_enqueue_time=2011761367785.022, pkt_dequeue_time=2011761367785.022, forwarded_or_dropped=1, reason_for_drop='Expiry'
DUPE: 2008759518090_Node0_Node8_Zero, Node2 id 2008759518090_Node0_Node8_Zero was a dupe; retransmit: 0, pkt_enqueue_time=2011770903265.0222, pkt_dequeue_time=2011770903265.0222, forwarded_or_dropped=1, reason_for_drop='Expiry'
DUPE: 2008770443569_Node0_Node8_Zero, Node3 id 2008770443569_Node0_Node8_Zero was a dupe; retransmit: 0, pkt_enqueue_time=2011774894486.0222, pkt_dequeue_time=2011774894486.0222, forwarded_or_dropped=1, reason_for_drop='Expiry'
DUPE: 2008797765696_Node0_Node8_Zero, Node3 id 2008797765696_Node0_Node8_Zero was a dupe; retransmit: 0, pkt_enqueue_time=2011812838430.7507, pkt_dequeue_time=2011812838430.7507, forwarded_or_dropped=1, reason_for_drop='Expiry'
DUPE: 2008830561297_Node0_Node8_Zero, Node3 id 2008830561297_Node0_Node8_Zero was a dupe; retransmit: 0, pkt_enqueue_time=2011835539721.3877, pkt_dequeue_time=2011835539721.3877, forwarded_or_dropped=1, reason_for_drop='Expiry'
DUPE: 2008836027132_Node0_Node8_Zero, Node3 id 2008836027132_Node0_Node8_Zero was a dupe; retransmit: 0, pkt_enqueue_time=2011836676593.3877, pkt_dequeue_time=2011836676593.3877, forwarded_or_dropped=1, reason_for_drop='Expiry'
DUPE: 2008830561297_Node0_Node8_Zero, Node2 id 2008830561297_Node0_Node8_Zero was a dupe; retransmit: 0, pkt_enqueue_time=2011840526248.2058, pkt_dequeue_time=2011840526248.2058, forwarded_or_dropped=1, reason_for_drop='Expiry'
DUPE: 2008836027132_Node0_Node8_Zero, Node2 id 2008836027132_Node0_Node8_Zero was a dupe; retransmit: 0, pkt_enqueue_time=2011840526248.2058, pkt_dequeue_time=2011840526248.2058, forwarded_or_dropped=1, reason_for_drop='Expiry'
DUPE: 2008797765696_Node0_Node8_Zero, Node4 id 2008797765696_Node0_Node8_Zero was a dupe; retransmit: 0, pkt_enqueue_time=2011841538120.2058, pkt_dequeue_time=2011841538120.2058, forwarded_or_dropped=1, reason_for_drop='Expiry'
DUPE: 2008808693725_Node0_Node8_Zero, Node2 id 2008808693725_Node0_Node8_Zero was a dupe; retransmit: 0, pkt_enqueue_time=2011851508158.115, pkt_dequeue_time=2011851508158.115, forwarded_or_dropped=1, reason_for_drop='Expiry'
DUPE: 2008814162514_Node0_Node8_Zero, Node2 id 2008814162514_Node0_Node8_Zero was a dupe; retransmit: 0, pkt_enqueue_time=2011851508158.115, pkt_dequeue_time=2011851508158.115, forwarded_or_dropped=1, reason_for_drop='Expiry'
DUPE: 2008907067699_Node0_Node8_Zero, Node2 id 2008907067699_Node0_Node8_Zero was a dupe; retransmit: 0, pkt_enqueue_time=2011907395183.934, pkt_dequeue_time=2011907395183.934, forwarded_or_dropped=1, reason_for_drop='Expiry'
DUPE: 2008907067699_Node0_Node8_Zero, Node5 id 2008907067699_Node0_Node8_Zero was a dupe; retransmit: 0, pkt_enqueue_time=2011912551367.1157, pkt_dequeue_time=2011912551367.1157, forwarded_or_dropped=1, reason_for_drop='Expiry'
DUPE: 2008595585187_Node0_Node8_Zero, Node1 id 2008595585187_Node0_Node8_Zero was a dupe; retransmit: 0, pkt_enqueue_time=2011913364744.9333, pkt_dequeue_time=2011913364744.9333, forwarded_or_dropped=1, reason_for_drop='Expiry'
DUPE: 2008912533165_Node0_Node8_Zero, Node5 id 2008912533165_Node0_Node8_Zero was a dupe; retransmit: 0, pkt_enqueue_time=2011913968239.1157, pkt_dequeue_time=2011913968239.1157, forwarded_or_dropped=1, reason_for_drop='Expiry'
DUPE: 2008601046845_Node0_Node8_Zero, Node1 id 2008601046845_Node0_Node8_Zero was a dupe; retransmit: 0, pkt_enqueue_time=2011916071616.9333, pkt_dequeue_time=2011916071616.9333, forwarded_or_dropped=1, reason_for_drop='Expiry'
DUPE: 2008907067699_Node0_Node8_Zero, Node4 id 2008907067699_Node0_Node8_Zero was a dupe; retransmit: 0, pkt_enqueue_time=2011917677675.1157, pkt_dequeue_time=2011917677675.1157, forwarded_or_dropped=1, reason_for_drop='Expiry'
DUPE: 2008912533165_Node0_Node8_Zero, Node4 id 2008912533165_Node0_Node8_Zero was a dupe; retransmit: 0, pkt_enqueue_time=2011919214547.1157, pkt_dequeue_time=2011919214547.1157, forwarded_or_dropped=1, reason_for_drop='Expiry'
DUPE: 2008874275329_Node0_Node8_Zero, Node1 id 2008874275329_Node0_Node8_Zero was a dupe; retransmit: 0, pkt_enqueue_time=2011922730926.0242, pkt_dequeue_time=2011922730926.0242, forwarded_or_dropped=1, reason_for_drop='Expiry'
DUPE: 2008907067699_Node0_Node8_Zero, Node7 id 2008907067699_Node0_Node8_Zero was a dupe; retransmit: 0, pkt_enqueue_time=2011925061111.1157, pkt_dequeue_time=2011925061111.1157, forwarded_or_dropped=1, reason_for_drop='Expiry'
DUPE: 2008907067699_Node0_Node8_Zero, Node6 id 2008907067699_Node0_Node8_Zero was a dupe; retransmit: 0, pkt_enqueue_time=2011927024547.1157, pkt_dequeue_time=2011927024547.1157, forwarded_or_dropped=1, reason_for_drop='Expiry'
DUPE: 2008907067699_Node0_Node8_Zero, Node2 id 2008907067699_Node0_Node8_Zero was a dupe; retransmit: 0, pkt_enqueue_time=2011928786398.3877, pkt_dequeue_time=2011928786398.3877, forwarded_or_dropped=1, reason_for_drop='Expiry'
DUPE: 2008912533165_Node0_Node8_Zero, Node2 id 2008912533165_Node0_Node8_Zero was a dupe; retransmit: 0, pkt_enqueue_time=2011928786398.3877, pkt_dequeue_time=2011928786398.3877, forwarded_or_dropped=1, reason_for_drop='Expiry'
DUPE: 2008726727029_Node0_Node8_Zero, Node1 id 2008726727029_Node0_Node8_Zero was a dupe; retransmit: 0, pkt_enqueue_time=2011930946212.115, pkt_dequeue_time=2011930946212.115, forwarded_or_dropped=1, reason_for_drop='Expiry'
DUPE: 2008535456382_Node0_Node8_Zero, Node1 id 2008535456382_Node0_Node8_Zero was a dupe; retransmit: 0, pkt_enqueue_time=2011934604866.6604, pkt_dequeue_time=2011934604866.6604, forwarded_or_dropped=1, reason_for_drop='Expiry'
DUPE: 2008907067699_Node0_Node8_Zero, Node3 id 2008907067699_Node0_Node8_Zero was a dupe; retransmit: 0, pkt_enqueue_time=2011937257738.6604, pkt_dequeue_time=2011937257738.6604, forwarded_or_dropped=1, reason_for_drop='Expiry'
DUPE: 2008912533165_Node0_Node8_Zero, Node3 id 2008912533165_Node0_Node8_Zero was a dupe; retransmit: 0, pkt_enqueue_time=2011937257738.6604, pkt_dequeue_time=2011937257738.6604, forwarded_or_dropped=1, reason_for_drop='Expiry'
DUPE: 2008830561297_Node0_Node8_Zero, Node1 id 2008830561297_Node0_Node8_Zero was a dupe; retransmit: 0, pkt_enqueue_time=2011944483466.6604, pkt_dequeue_time=2011944483466.6604, forwarded_or_dropped=1, reason_for_drop='Expiry'
DUPE: 2008590121800_Node0_Node8_Zero, Node1 id 2008590121800_Node0_Node8_Zero was a dupe; retransmit: 0, pkt_enqueue_time=2011948734121.2058, pkt_dequeue_time=2011948734121.2058, forwarded_or_dropped=1, reason_for_drop='Expiry'
DUPE: 2008814162514_Node0_Node8_Zero, Node1 id 2008814162514_Node0_Node8_Zero was a dupe; retransmit: 0, pkt_enqueue_time=2011953013775.7512, pkt_dequeue_time=2011953013775.7512, forwarded_or_dropped=1, reason_for_drop='Expiry'
DUPE: 2008912533165_Node0_Node8_Zero, Node1 id 2008912533165_Node0_Node8_Zero was a dupe; retransmit: 0, pkt_enqueue_time=2011969386611.3875, pkt_dequeue_time=2011969386611.3875, forwarded_or_dropped=1, reason_for_drop='Expiry'
DUPE: 2008907067699_Node0_Node8_Zero, Node1 id 2008907067699_Node0_Node8_Zero was a dupe; retransmit: 0, pkt_enqueue_time=2011974264265.9329, pkt_dequeue_time=2011974264265.9329, forwarded_or_dropped=1, reason_for_drop='Expiry'
main.py: Progress: 2012 / 2014
Called Update: UpdateRouteCalls = 0, force = False
Node.py: (Node1)@2012000000000.0: Updated MCS from 1 to 1, hist=deque([0.3696969696969697, 1.2727272727272727, 0.3804347826086957, 0.41, 0.2736842105263158], maxlen=5), packets_serviced=26, packets_received=95
Called Update: UpdateRouteCalls = 1, force = False
Node.py: (Node2)@2012000000000.0: Updated MCS from 1 to 1, hist=deque([0.44776119402985076, 0.38095238095238093, 0.3829787234042553, 0.3559322033898305, 0.4146341463414634], maxlen=5), packets_serviced=17, packets_received=41
Called Update: UpdateRouteCalls = 2, force = False
Node.py: (Node3)@2012000000000.0: Updated MCS from 1 to 1, hist=deque([0.3333333333333333, 0.4, 0.3939393939393939, 0.48148148148148145, 0.38461538461538464], maxlen=5), packets_serviced=10, packets_received=26
Called Update: UpdateRouteCalls = 3, force = False
Node.py: (Node4)@2012000000000.0: Updated MCS from 1 to 1, hist=deque([0.5, 0.29411764705882354, 0.4583333333333333, 0.3, 0.3684210526315789], maxlen=5), packets_serviced=7, packets_received=19
Called Update: UpdateRouteCalls = 4, force = False
Node.py: (Node5)@2012000000000.0: Updated MCS from 1 to 1, hist=deque([0.5625, 0.36, 0.29411764705882354, 0.4, 0.23076923076923078], maxlen=5), packets_serviced=3, packets_received=13
Called Update: UpdateRouteCalls = 5, force = False
Node.py: (Node6)@2012000000000.0: Updated MCS from 1 to 1, hist=deque([0.35, 0.2413793103448276, 0.35714285714285715, 0.42857142857142855, 0.2], maxlen=5), packets_serviced=2, packets_received=10
Called Update: UpdateRouteCalls = 6, force = False
Node.py: (Node7)@2012000000000.0: Updated MCS from 1 to 1, hist=deque([0.3333333333333333, 0.2692307692307692, 0.25, 0.4, 0.25], maxlen=5), packets_serviced=2, packets_received=8
Called Update: UpdateRouteCalls = 7, force = False
Called Update: UpdateRouteCalls = 8, force = False
Called Update: UpdateRouteCalls = 9, force = False
Called Update: UpdateRouteCalls = 10, force = False
Called Update: UpdateRouteCalls = 11, force = False
Called Update: UpdateRouteCalls = 12, force = False
Called Update: UpdateRouteCalls = 13, force = False
Called Update: UpdateRouteCalls = 14, force = False
Called Update: UpdateRouteCalls = 15, force = False
Called Update: UpdateRouteCalls = 16, force = False
Called Update: UpdateRouteCalls = 17, force = False
!! UPDATING !!
routeNo, updatedMCSIndex =  0 [0, 1, 1, 1, 1, 1, 1, 1]
Called Update: UpdateRouteCalls = 0, force = True
!! UPDATING !!
routeNo, updatedMCSIndex =  0 [0, 1, 1, 1, 1, 1, 1, 1]

rf.py: Time: 2012 Route details: {0: {'Route': [0, 1, 2, 3, 4, 5, 6, 7, 8], 'MCS_Index': [0, 1, 1, 1, 1, 1, 1, 1], 'Priority': 1, 'ValidRoute': True, 'HQRoute': True, 'RouteNodeDensity': [0, 0, 0, 0, 0, 2, 0, 0, 0], 'InterferingLinks': 16, 'Target': (-1, -1)}}
DUPE: 2008999954956_Node0_Node8_Zero, Node7 id 2008999954956_Node0_Node8_Zero was a dupe; retransmit: 0, pkt_enqueue_time=2012000432390.3867, pkt_dequeue_time=2012000432390.3867, forwarded_or_dropped=1, reason_for_drop='Expiry'
DUPE: 2008999954956_Node0_Node8_Zero, Node6 id 2008999954956_Node0_Node8_Zero was a dupe; retransmit: 0, pkt_enqueue_time=2012002867597.3867, pkt_dequeue_time=2012002867597.3867, forwarded_or_dropped=1, reason_for_drop='Expiry'
DUPE: 2008999954956_Node0_Node8_Zero, Node4 id 2008999954956_Node0_Node8_Zero was a dupe; retransmit: 0, pkt_enqueue_time=2012007352299.8418, pkt_dequeue_time=2012007352299.8418, forwarded_or_dropped=1, reason_for_drop='Expiry'
DUPE: 2008999954956_Node0_Node8_Zero, Node1 id 2008999954956_Node0_Node8_Zero was a dupe; retransmit: 0, pkt_enqueue_time=2012012567373.9326, pkt_dequeue_time=2012012567373.9326, forwarded_or_dropped=1, reason_for_drop='Expiry'
DUPE: 2009016351576_Node0_Node8_Zero, Node1 id 2009016351576_Node0_Node8_Zero was a dupe; retransmit: 0, pkt_enqueue_time=2012017466683.0234, pkt_dequeue_time=2012017466683.0234, forwarded_or_dropped=1, reason_for_drop='Expiry'
DUPE: 2008999954956_Node0_Node8_Zero, Node2 id 2008999954956_Node0_Node8_Zero was a dupe; retransmit: 0, pkt_enqueue_time=2012026334336.4778, pkt_dequeue_time=2012026334336.4778, forwarded_or_dropped=1, reason_for_drop='Expiry'
DUPE: 2009049133639_Node0_Node8_Zero, Node6 id 2009049133639_Node0_Node8_Zero was a dupe; retransmit: 0, pkt_enqueue_time=2012049565785.66, pkt_dequeue_time=2012049565785.66, forwarded_or_dropped=1, reason_for_drop='Expiry'
DUPE: 2009049133639_Node0_Node8_Zero, Node5 id 2009049133639_Node0_Node8_Zero was a dupe; retransmit: 0, pkt_enqueue_time=2012051072221.66, pkt_dequeue_time=2012051072221.66, forwarded_or_dropped=1, reason_for_drop='Expiry'
DUPE: 2009049133639_Node0_Node8_Zero, Node3 id 2009049133639_Node0_Node8_Zero was a dupe; retransmit: 0, pkt_enqueue_time=2012052135992.66, pkt_dequeue_time=2012052135992.66, forwarded_or_dropped=1, reason_for_drop='Expiry'
DUPE: 2009049133639_Node0_Node8_Zero, Node7 id 2009049133639_Node0_Node8_Zero was a dupe; retransmit: 0, pkt_enqueue_time=2012052338093.66, pkt_dequeue_time=2012052338093.66, forwarded_or_dropped=1, reason_for_drop='Expiry'
DUPE: 2009049133639_Node0_Node8_Zero, Node4 id 2009049133639_Node0_Node8_Zero was a dupe; retransmit: 0, pkt_enqueue_time=2012054203810.478, pkt_dequeue_time=2012054203810.478, forwarded_or_dropped=1, reason_for_drop='Expiry'
DUPE: 2009049133639_Node0_Node8_Zero, Node2 id 2009049133639_Node0_Node8_Zero was a dupe; retransmit: 0, pkt_enqueue_time=2012055483609.5688, pkt_dequeue_time=2012055483609.5688, forwarded_or_dropped=1, reason_for_drop='Expiry'
DUPE: 2009065528709_Node0_Node8_Zero, Node7 id 2009065528709_Node0_Node8_Zero was a dupe; retransmit: 0, pkt_enqueue_time=2012065772804.8413, pkt_dequeue_time=2012065772804.8413, forwarded_or_dropped=1, reason_for_drop='Expiry'
DUPE: 2009065528709_Node0_Node8_Zero, Node5 id 2009065528709_Node0_Node8_Zero was a dupe; retransmit: 0, pkt_enqueue_time=2012066903575.8413, pkt_dequeue_time=2012066903575.8413, forwarded_or_dropped=1, reason_for_drop='Expiry'
DUPE: 2009065528709_Node0_Node8_Zero, Node6 id 2009065528709_Node0_Node8_Zero was a dupe; retransmit: 0, pkt_enqueue_time=2012068161393.6594, pkt_dequeue_time=2012068161393.6594, forwarded_or_dropped=1, reason_for_drop='Expiry'
DUPE: 2009065528709_Node0_Node8_Zero, Node2 id 2009065528709_Node0_Node8_Zero was a dupe; retransmit: 0, pkt_enqueue_time=2012068555922.3867, pkt_dequeue_time=2012068555922.3867, forwarded_or_dropped=1, reason_for_drop='Expiry'
DUPE: 2009070991256_Node0_Node8_Zero, Node2 id 2009070991256_Node0_Node8_Zero was a dupe; retransmit: 0, pkt_enqueue_time=2012072951208.023, pkt_dequeue_time=2012072951208.023, forwarded_or_dropped=1, reason_for_drop='Expiry'
DUPE: 2009065528709_Node0_Node8_Zero, Node4 id 2009065528709_Node0_Node8_Zero was a dupe; retransmit: 0, pkt_enqueue_time=2012079320042.2046, pkt_dequeue_time=2012079320042.2046, forwarded_or_dropped=1, reason_for_drop='Expiry'
DUPE: 2009081919242_Node0_Node8_Zero, Node4 id 2009081919242_Node0_Node8_Zero was a dupe; retransmit: 0, pkt_enqueue_time=2012082991727.9324, pkt_dequeue_time=2012082991727.9324, forwarded_or_dropped=1, reason_for_drop='Expiry'
DUPE: 2009081919242_Node0_Node8_Zero, Node3 id 2009081919242_Node0_Node8_Zero was a dupe; retransmit: 0, pkt_enqueue_time=2012083996163.9324, pkt_dequeue_time=2012083996163.9324, forwarded_or_dropped=1, reason_for_drop='Expiry'
DUPE: 2009038208390_Node0_Node8_Zero, Node1 id 2009038208390_Node0_Node8_Zero was a dupe; retransmit: 0, pkt_enqueue_time=2012089862712.5686, pkt_dequeue_time=2012089862712.5686, forwarded_or_dropped=1, reason_for_drop='Expiry'
DUPE: 2009081919242_Node0_Node8_Zero, Node2 id 2009081919242_Node0_Node8_Zero was a dupe; retransmit: 0, pkt_enqueue_time=2012091129530.3867, pkt_dequeue_time=2012091129530.3867, forwarded_or_dropped=1, reason_for_drop='Expiry'
DUPE: 2009109241499_Node0_Node8_Zero, Node1 id 2009109241499_Node0_Node8_Zero was a dupe; retransmit: 0, pkt_enqueue_time=2012109567835.6594, pkt_dequeue_time=2012109567835.6594, forwarded_or_dropped=1, reason_for_drop='Expiry'
DUPE: 2009109241499_Node0_Node8_Zero, Node1 id 2009109241499_Node0_Node8_Zero was a dupe; retransmit: 0, pkt_enqueue_time=2012111554707.6594, pkt_dequeue_time=2012111554707.6594, forwarded_or_dropped=1, reason_for_drop='Expiry'
DUPE: 2009136569492_Node0_Node8_Zero, Node4 id 2009136569492_Node0_Node8_Zero was a dupe; retransmit: 0, pkt_enqueue_time=2012138983234.0227, pkt_dequeue_time=2012138983234.0227, forwarded_or_dropped=1, reason_for_drop='Expiry'
DUPE: 2009136569492_Node0_Node8_Zero, Node5 id 2009136569492_Node0_Node8_Zero was a dupe; retransmit: 0, pkt_enqueue_time=2012140207051.8408, pkt_dequeue_time=2012140207051.8408, forwarded_or_dropped=1, reason_for_drop='Expiry'
DUPE: 2009136569492_Node0_Node8_Zero, Node2 id 2009136569492_Node0_Node8_Zero was a dupe; retransmit: 0, pkt_enqueue_time=2012144421222.9316, pkt_dequeue_time=2012144421222.9316, forwarded_or_dropped=1, reason_for_drop='Expiry'
DUPE: 2009136569492_Node0_Node8_Zero, Node1 id 2009136569492_Node0_Node8_Zero was a dupe; retransmit: 0, pkt_enqueue_time=2012153278990.7498, pkt_dequeue_time=2012153278990.7498, forwarded_or_dropped=1, reason_for_drop='Expiry'
DUPE: 2009158424246_Node0_Node8_Zero, Node4 id 2009158424246_Node0_Node8_Zero was a dupe; retransmit: 0, pkt_enqueue_time=2012159433638.841, pkt_dequeue_time=2012159433638.841, forwarded_or_dropped=1, reason_for_drop='Expiry'
DUPE: 2009158424246_Node0_Node8_Zero, Node3 id 2009158424246_Node0_Node8_Zero was a dupe; retransmit: 0, pkt_enqueue_time=2012164971455.4775, pkt_dequeue_time=2012164971455.4775, forwarded_or_dropped=1, reason_for_drop='Expiry'
DUPE: 2009163893589_Node0_Node8_Zero, Node1 id 2009163893589_Node0_Node8_Zero was a dupe; retransmit: 0, pkt_enqueue_time=2012168963667.2952, pkt_dequeue_time=2012168963667.2952, forwarded_or_dropped=1, reason_for_drop='Expiry'
DUPE: 2009163893589_Node0_Node8_Zero, Node2 id 2009163893589_Node0_Node8_Zero was a dupe; retransmit: 0, pkt_enqueue_time=2012210055228.3853, pkt_dequeue_time=2012210055228.3853, forwarded_or_dropped=1, reason_for_drop='Expiry'
DUPE: 2009223987111_Node0_Node8_Zero, Node1 id 2009223987111_Node0_Node8_Zero was a dupe; retransmit: 0, pkt_enqueue_time=2012224945423.2034, pkt_dequeue_time=2012224945423.2034, forwarded_or_dropped=1, reason_for_drop='Expiry'
DUPE: 2009245842590_Node0_Node8_Zero, Node3 id 2009245842590_Node0_Node8_Zero was a dupe; retransmit: 0, pkt_enqueue_time=2012249584066.204, pkt_dequeue_time=2012249584066.204, forwarded_or_dropped=1, reason_for_drop='Expiry'
DUPE: 2009251309099_Node0_Node8_Zero, Node4 id 2009251309099_Node0_Node8_Zero was a dupe; retransmit: 0, pkt_enqueue_time=2012255291977.0225, pkt_dequeue_time=2012255291977.0225, forwarded_or_dropped=1, reason_for_drop='Expiry'
DUPE: 2009251309099_Node0_Node8_Zero, Node3 id 2009251309099_Node0_Node8_Zero was a dupe; retransmit: 0, pkt_enqueue_time=2012257502973.0225, pkt_dequeue_time=2012257502973.0225, forwarded_or_dropped=1, reason_for_drop='Expiry'
DUPE: 2009284108603_Node0_Node8_Zero, Node5 id 2009284108603_Node0_Node8_Zero was a dupe; retransmit: 0, pkt_enqueue_time=2012286942502.6577, pkt_dequeue_time=2012286942502.6577, forwarded_or_dropped=1, reason_for_drop='Expiry'
DUPE: 2009284108603_Node0_Node8_Zero, Node7 id 2009284108603_Node0_Node8_Zero was a dupe; retransmit: 0, pkt_enqueue_time=2012288668374.6577, pkt_dequeue_time=2012288668374.6577, forwarded_or_dropped=1, reason_for_drop='Expiry'
DUPE: 2009284108603_Node0_Node8_Zero, Node3 id 2009284108603_Node0_Node8_Zero was a dupe; retransmit: 0, pkt_enqueue_time=2012289254374.6577, pkt_dequeue_time=2012289254374.6577, forwarded_or_dropped=1, reason_for_drop='Expiry'
DUPE: 2009295036204_Node0_Node8_Zero, Node5 id 2009295036204_Node0_Node8_Zero was a dupe; retransmit: 0, pkt_enqueue_time=2012296133008.112, pkt_dequeue_time=2012296133008.112, forwarded_or_dropped=1, reason_for_drop='Expiry'
DUPE: 2009295036204_Node0_Node8_Zero, Node3 id 2009295036204_Node0_Node8_Zero was a dupe; retransmit: 0, pkt_enqueue_time=2012297355779.112, pkt_dequeue_time=2012297355779.112, forwarded_or_dropped=1, reason_for_drop='Expiry'
DUPE: 2009284108603_Node0_Node8_Zero, Node2 id 2009284108603_Node0_Node8_Zero was a dupe; retransmit: 0, pkt_enqueue_time=2012298338215.112, pkt_dequeue_time=2012298338215.112, forwarded_or_dropped=1, reason_for_drop='Expiry'
DUPE: 2009284108603_Node0_Node8_Zero, Node6 id 2009284108603_Node0_Node8_Zero was a dupe; retransmit: 0, pkt_enqueue_time=2012299454886.112, pkt_dequeue_time=2012299454886.112, forwarded_or_dropped=1, reason_for_drop='Expiry'
DUPE: 2009295036204_Node0_Node8_Zero, Node4 id 2009295036204_Node0_Node8_Zero was a dupe; retransmit: 0, pkt_enqueue_time=2012303963027.6572, pkt_dequeue_time=2012303963027.6572, forwarded_or_dropped=1, reason_for_drop='Expiry'
DUPE: 2009311430127_Node0_Node8_Zero, Node4 id 2009311430127_Node0_Node8_Zero was a dupe; retransmit: 0, pkt_enqueue_time=2012311996339.4753, pkt_dequeue_time=2012311996339.4753, forwarded_or_dropped=1, reason_for_drop='Expiry'
DUPE: 2009311430127_Node0_Node8_Zero, Node7 id 2009311430127_Node0_Node8_Zero was a dupe; retransmit: 0, pkt_enqueue_time=2012313155350.9297, pkt_dequeue_time=2012313155350.9297, forwarded_or_dropped=1, reason_for_drop='Expiry'
DUPE: 2009311430127_Node0_Node8_Zero, Node6 id 2009311430127_Node0_Node8_Zero was a dupe; retransmit: 0, pkt_enqueue_time=2012314209786.9297, pkt_dequeue_time=2012314209786.9297, forwarded_or_dropped=1, reason_for_drop='Expiry'
DUPE: 2009311430127_Node0_Node8_Zero, Node2 id 2009311430127_Node0_Node8_Zero was a dupe; retransmit: 0, pkt_enqueue_time=2012315767847.6582, pkt_dequeue_time=2012315767847.6582, forwarded_or_dropped=1, reason_for_drop='Expiry'
DUPE: 2009311430127_Node0_Node8_Zero, Node5 id 2009311430127_Node0_Node8_Zero was a dupe; retransmit: 0, pkt_enqueue_time=2012316946954.6582, pkt_dequeue_time=2012316946954.6582, forwarded_or_dropped=1, reason_for_drop='Expiry'
DUPE: 2009311430127_Node0_Node8_Zero, Node3 id 2009311430127_Node0_Node8_Zero was a dupe; retransmit: 0, pkt_enqueue_time=2012317984725.6582, pkt_dequeue_time=2012317984725.6582, forwarded_or_dropped=1, reason_for_drop='Expiry'
DUPE: 2009147492867_Node0_Node8_Zero, Node1 id 2009147492867_Node0_Node8_Zero was a dupe; retransmit: 0, pkt_enqueue_time=2012325840440.4763, pkt_dequeue_time=2012325840440.4763, forwarded_or_dropped=1, reason_for_drop='Expiry'
DUPE: 2009251309099_Node0_Node8_Zero, Node1 id 2009251309099_Node0_Node8_Zero was a dupe; retransmit: 0, pkt_enqueue_time=2012329260095.0217, pkt_dequeue_time=2012329260095.0217, forwarded_or_dropped=1, reason_for_drop='Expiry'
DUPE: 2009223987111_Node0_Node8_Zero, Node1 id 2009223987111_Node0_Node8_Zero was a dupe; retransmit: 0, pkt_enqueue_time=2012333110749.5671, pkt_dequeue_time=2012333110749.5671, forwarded_or_dropped=1, reason_for_drop='Expiry'
DUPE: 2009065528709_Node0_Node8_Zero, Node1 id 2009065528709_Node0_Node8_Zero was a dupe; retransmit: 0, pkt_enqueue_time=2012348974367.7488, pkt_dequeue_time=2012348974367.7488, forwarded_or_dropped=1, reason_for_drop='Expiry'
DUPE: 2009070991256_Node0_Node8_Zero, Node1 id 2009070991256_Node0_Node8_Zero was a dupe; retransmit: 0, pkt_enqueue_time=2012351841239.7488, pkt_dequeue_time=2012351841239.7488, forwarded_or_dropped=1, reason_for_drop='Expiry'
DUPE: 2009152956035_Node0_Node8_Zero, Node1 id 2009152956035_Node0_Node8_Zero was a dupe; retransmit: 0, pkt_enqueue_time=2012356080894.2942, pkt_dequeue_time=2012356080894.2942, forwarded_or_dropped=1, reason_for_drop='Expiry'
DUPE: 2007551926842_Node0_Node8_Zero, Node1 id 2007551926842_Node0_Node8_Zero was a dupe; retransmit: 0, pkt_enqueue_time=2012361120548.8396, pkt_dequeue_time=2012361120548.8396, forwarded_or_dropped=1, reason_for_drop='Expiry'
DUPE: 2007557389849_Node0_Node8_Zero, Node1 id 2007557389849_Node0_Node8_Zero was a dupe; retransmit: 0, pkt_enqueue_time=2012361120548.8396, pkt_dequeue_time=2012361120548.8396, forwarded_or_dropped=1, reason_for_drop='Expiry'
DUPE: 2007732225963_Node0_Node8_Zero, Node1 id 2007732225963_Node0_Node8_Zero was a dupe; retransmit: 0, pkt_enqueue_time=2012366463112.476, pkt_dequeue_time=2012366463112.476, forwarded_or_dropped=1, reason_for_drop='Expiry'
DUPE: 2009234921915_Node0_Node8_Zero, Node1 id 2009234921915_Node0_Node8_Zero was a dupe; retransmit: 0, pkt_enqueue_time=2012371992767.0215, pkt_dequeue_time=2012371992767.0215, forwarded_or_dropped=1, reason_for_drop='Expiry'
DUPE: 2009284108603_Node0_Node8_Zero, Node1 id 2009284108603_Node0_Node8_Zero was a dupe; retransmit: 0, pkt_enqueue_time=2012377532421.567, pkt_dequeue_time=2012377532421.567, forwarded_or_dropped=1, reason_for_drop='Expiry'
Called Update: UpdateRouteCalls = 0, force = False
Node.py: (Node1)@2012400000000.0: Updated MCS from 1 to 1, hist=deque([1.2727272727272727, 0.3804347826086957, 0.41, 0.2736842105263158, 0.33663366336633666], maxlen=5), packets_serviced=34, packets_received=101
Called Update: UpdateRouteCalls = 1, force = False
Node.py: (Node2)@2012400000000.0: Updated MCS from 1 to 1, hist=deque([0.38095238095238093, 0.3829787234042553, 0.3559322033898305, 0.4146341463414634, 0.3695652173913043], maxlen=5), packets_serviced=17, packets_received=46
Called Update: UpdateRouteCalls = 2, force = False
Node.py: (Node3)@2012400000000.0: Updated MCS from 1 to 1, hist=deque([0.4, 0.3939393939393939, 0.48148148148148145, 0.38461538461538464, 0.3448275862068966], maxlen=5), packets_serviced=10, packets_received=29
Called Update: UpdateRouteCalls = 3, force = False
Node.py: (Node4)@2012400000000.0: Updated MCS from 1 to 1, hist=deque([0.29411764705882354, 0.4583333333333333, 0.3, 0.3684210526315789, 0.375], maxlen=5), packets_serviced=9, packets_received=24
Called Update: UpdateRouteCalls = 4, force = False
Node.py: (Node5)@2012400000000.0: Updated MCS from 1 to 1, hist=deque([0.36, 0.29411764705882354, 0.4, 0.23076923076923078, 0.3], maxlen=5), packets_serviced=6, packets_received=20
Called Update: UpdateRouteCalls = 5, force = False
Node.py: (Node6)@2012400000000.0: Updated MCS from 1 to 1, hist=deque([0.2413793103448276, 0.35714285714285715, 0.42857142857142855, 0.2, 0.2857142857142857], maxlen=5), packets_serviced=4, packets_received=14
Called Update: UpdateRouteCalls = 6, force = False
Node.py: (Node7)@2012400000000.0: Updated MCS from 1 to 1, hist=deque([0.2692307692307692, 0.25, 0.4, 0.25, 0.3076923076923077], maxlen=5), packets_serviced=4, packets_received=13
Called Update: UpdateRouteCalls = 7, force = False
Called Update: UpdateRouteCalls = 8, force = False
Called Update: UpdateRouteCalls = 9, force = False
Called Update: UpdateRouteCalls = 10, force = False
Called Update: UpdateRouteCalls = 11, force = False
Called Update: UpdateRouteCalls = 12, force = False
Called Update: UpdateRouteCalls = 13, force = False
Called Update: UpdateRouteCalls = 14, force = False
Called Update: UpdateRouteCalls = 15, force = False
Called Update: UpdateRouteCalls = 16, force = False
Called Update: UpdateRouteCalls = 17, force = False
!! UPDATING !!
routeNo, updatedMCSIndex =  0 [0, 1, 1, 1, 1, 1, 1, 1]
DUPE: 2009409791097_Node0_Node8_Zero, Node2 id 2009409791097_Node0_Node8_Zero was a dupe; retransmit: 0, pkt_enqueue_time=2012413142300.2034, pkt_dequeue_time=2012413142300.2034, forwarded_or_dropped=1, reason_for_drop='Expiry'
DUPE: 2009415250579_Node0_Node8_Zero, Node2 id 2009415250579_Node0_Node8_Zero was a dupe; retransmit: 0, pkt_enqueue_time=2012416178302.567, pkt_dequeue_time=2012416178302.567, forwarded_or_dropped=1, reason_for_drop='Expiry'
DUPE: 2009431647528_Node0_Node8_Zero, Node6 id 2009431647528_Node0_Node8_Zero was a dupe; retransmit: 0, pkt_enqueue_time=2012432476414.6575, pkt_dequeue_time=2012432476414.6575, forwarded_or_dropped=1, reason_for_drop='Expiry'
DUPE: 2009431647528_Node0_Node8_Zero, Node7 id 2009431647528_Node0_Node8_Zero was a dupe; retransmit: 0, pkt_enqueue_time=2012433644232.4756, pkt_dequeue_time=2012433644232.4756, forwarded_or_dropped=1, reason_for_drop='Expiry'
DUPE: 2009431647528_Node0_Node8_Zero, Node1 id 2009431647528_Node0_Node8_Zero was a dupe; retransmit: 0, pkt_enqueue_time=2012437543027.7488, pkt_dequeue_time=2012437543027.7488, forwarded_or_dropped=1, reason_for_drop='Expiry'
DUPE: 2009442578402_Node0_Node8_Zero, Node1 id 2009442578402_Node0_Node8_Zero was a dupe; retransmit: 0, pkt_enqueue_time=2012443309208.8396, pkt_dequeue_time=2012443309208.8396, forwarded_or_dropped=1, reason_for_drop='Expiry'
DUPE: 2009480831732_Node0_Node8_Zero, Node1 id 2009480831732_Node0_Node8_Zero was a dupe; retransmit: 0, pkt_enqueue_time=2012484841954.2932, pkt_dequeue_time=2012484841954.2932, forwarded_or_dropped=1, reason_for_drop='Expiry'
DUPE: 2009431647528_Node0_Node8_Zero, Node2 id 2009431647528_Node0_Node8_Zero was a dupe; retransmit: 0, pkt_enqueue_time=2012500074353.9292, pkt_dequeue_time=2012500074353.9292, forwarded_or_dropped=1, reason_for_drop='Expiry'
DUPE: 2009453504290_Node0_Node8_Zero, Node1 id 2009453504290_Node0_Node8_Zero was a dupe; retransmit: 0, pkt_enqueue_time=2012504091996.111, pkt_dequeue_time=2012504091996.111, forwarded_or_dropped=1, reason_for_drop='Expiry'
DUPE: 2009524544325_Node0_Node8_Zero, Node3 id 2009524544325_Node0_Node8_Zero was a dupe; retransmit: 0, pkt_enqueue_time=2012525558498.6565, pkt_dequeue_time=2012525558498.6565, forwarded_or_dropped=1, reason_for_drop='Expiry'
DUPE: 2009535468935_Node0_Node8_Zero, Node5 id 2009535468935_Node0_Node8_Zero was a dupe; retransmit: 0, pkt_enqueue_time=2012537405233.1116, pkt_dequeue_time=2012537405233.1116, forwarded_or_dropped=1, reason_for_drop='Expiry'
DUPE: 2009535468935_Node0_Node8_Zero, Node7 id 2009535468935_Node0_Node8_Zero was a dupe; retransmit: 0, pkt_enqueue_time=2012538743105.1116, pkt_dequeue_time=2012538743105.1116, forwarded_or_dropped=1, reason_for_drop='Expiry'
DUPE: 2009535468935_Node0_Node8_Zero, Node6 id 2009535468935_Node0_Node8_Zero was a dupe; retransmit: 0, pkt_enqueue_time=2012540186541.1116, pkt_dequeue_time=2012540186541.1116, forwarded_or_dropped=1, reason_for_drop='Expiry'
DUPE: 2009530006829_Node0_Node8_Zero, Node3 id 2009530006829_Node0_Node8_Zero was a dupe; retransmit: 0, pkt_enqueue_time=2012543169748.1116, pkt_dequeue_time=2012543169748.1116, forwarded_or_dropped=1, reason_for_drop='Expiry'
DUPE: 2009546403979_Node0_Node8_Zero, Node3 id 2009546403979_Node0_Node8_Zero was a dupe; retransmit: 0, pkt_enqueue_time=2012550576913.9297, pkt_dequeue_time=2012550576913.9297, forwarded_or_dropped=1, reason_for_drop='Expiry'
DUPE: 2009562790707_Node0_Node8_Zero, Node3 id 2009562790707_Node0_Node8_Zero was a dupe; retransmit: 0, pkt_enqueue_time=2012573154143.384, pkt_dequeue_time=2012573154143.384, forwarded_or_dropped=1, reason_for_drop='Expiry'
DUPE: 2009579185884_Node0_Node8_Zero, Node4 id 2009579185884_Node0_Node8_Zero was a dupe; retransmit: 0, pkt_enqueue_time=2012583211307.384, pkt_dequeue_time=2012583211307.384, forwarded_or_dropped=1, reason_for_drop='Expiry'
DUPE: 2009579185884_Node0_Node8_Zero, Node7 id 2009579185884_Node0_Node8_Zero was a dupe; retransmit: 0, pkt_enqueue_time=2012584869542.384, pkt_dequeue_time=2012584869542.384, forwarded_or_dropped=1, reason_for_drop='Expiry'
DUPE: 2009579185884_Node0_Node8_Zero, Node6 id 2009579185884_Node0_Node8_Zero was a dupe; retransmit: 0, pkt_enqueue_time=2012586350978.384, pkt_dequeue_time=2012586350978.384, forwarded_or_dropped=1, reason_for_drop='Expiry'
DUPE: 2009590108922_Node0_Node8_Zero, Node2 id 2009590108922_Node0_Node8_Zero was a dupe; retransmit: 0, pkt_enqueue_time=2012594483386.5657, pkt_dequeue_time=2012594483386.5657, forwarded_or_dropped=1, reason_for_drop='Expiry'
DUPE: 2009601036536_Node0_Node8_Zero, Node3 id 2009601036536_Node0_Node8_Zero was a dupe; retransmit: 0, pkt_enqueue_time=2012603026080.1108, pkt_dequeue_time=2012603026080.1108, forwarded_or_dropped=1, reason_for_drop='Expiry'
DUPE: 2009601036536_Node0_Node8_Zero, Node2 id 2009601036536_Node0_Node8_Zero was a dupe; retransmit: 0, pkt_enqueue_time=2012607957938.1108, pkt_dequeue_time=2012607957938.1108, forwarded_or_dropped=1, reason_for_drop='Expiry'
DUPE: 2009617427341_Node0_Node8_Zero, Node3 id 2009617427341_Node0_Node8_Zero was a dupe; retransmit: 0, pkt_enqueue_time=2012618678160.3833, pkt_dequeue_time=2012618678160.3833, forwarded_or_dropped=1, reason_for_drop='Expiry'
DUPE: 2009617427341_Node0_Node8_Zero, Node4 id 2009617427341_Node0_Node8_Zero was a dupe; retransmit: 0, pkt_enqueue_time=2012619793978.2014, pkt_dequeue_time=2012619793978.2014, forwarded_or_dropped=1, reason_for_drop='Expiry'
DUPE: 2009617427341_Node0_Node8_Zero, Node5 id 2009617427341_Node0_Node8_Zero was a dupe; retransmit: 0, pkt_enqueue_time=2012620912796.0195, pkt_dequeue_time=2012620912796.0195, forwarded_or_dropped=1, reason_for_drop='Expiry'
DUPE: 2009617427341_Node0_Node8_Zero, Node1 id 2009617427341_Node0_Node8_Zero was a dupe; retransmit: 0, pkt_enqueue_time=2012623476873.02, pkt_dequeue_time=2012623476873.02, forwarded_or_dropped=1, reason_for_drop='Expiry'
DUPE: 2009611966627_Node0_Node8_Zero, Node1 id 2009611966627_Node0_Node8_Zero was a dupe; retransmit: 0, pkt_enqueue_time=2012627181493.5654, pkt_dequeue_time=2012627181493.5654, forwarded_or_dropped=1, reason_for_drop='Expiry'
DUPE: 2009633824446_Node0_Node8_Zero, Node1 id 2009633824446_Node0_Node8_Zero was a dupe; retransmit: 0, pkt_enqueue_time=2012643434733.2017, pkt_dequeue_time=2012643434733.2017, forwarded_or_dropped=1, reason_for_drop='Expiry'
DUPE: 2009655675183_Node0_Node8_Zero, Node6 id 2009655675183_Node0_Node8_Zero was a dupe; retransmit: 0, pkt_enqueue_time=2012658201254.565, pkt_dequeue_time=2012658201254.565, forwarded_or_dropped=1, reason_for_drop='Expiry'
DUPE: 2009655675183_Node0_Node8_Zero, Node5 id 2009655675183_Node0_Node8_Zero was a dupe; retransmit: 0, pkt_enqueue_time=2012659433690.565, pkt_dequeue_time=2012659433690.565, forwarded_or_dropped=1, reason_for_drop='Expiry'
DUPE: 2009677531235_Node0_Node8_Zero, Node4 id 2009677531235_Node0_Node8_Zero was a dupe; retransmit: 0, pkt_enqueue_time=2012679256154.0195, pkt_dequeue_time=2012679256154.0195, forwarded_or_dropped=1, reason_for_drop='Expiry'
DUPE: 2009677531235_Node0_Node8_Zero, Node7 id 2009677531235_Node0_Node8_Zero was a dupe; retransmit: 0, pkt_enqueue_time=2012680641261.0195, pkt_dequeue_time=2012680641261.0195, forwarded_or_dropped=1, reason_for_drop='Expiry'
DUPE: 2009655675183_Node0_Node8_Zero, Node1 id 2009655675183_Node0_Node8_Zero was a dupe; retransmit: 0, pkt_enqueue_time=2012681464663.6558, pkt_dequeue_time=2012681464663.6558, forwarded_or_dropped=1, reason_for_drop='Expiry'
DUPE: 2009677531235_Node0_Node8_Zero, Node6 id 2009677531235_Node0_Node8_Zero was a dupe; retransmit: 0, pkt_enqueue_time=2012681697697.0195, pkt_dequeue_time=2012681697697.0195, forwarded_or_dropped=1, reason_for_drop='Expiry'
DUPE: 2009677531235_Node0_Node8_Zero, Node3 id 2009677531235_Node0_Node8_Zero was a dupe; retransmit: 0, pkt_enqueue_time=2012682779535.6558, pkt_dequeue_time=2012682779535.6558, forwarded_or_dropped=1, reason_for_drop='Expiry'
DUPE: 2009699389382_Node0_Node8_Zero, Node7 id 2009699389382_Node0_Node8_Zero was a dupe; retransmit: 0, pkt_enqueue_time=2012700717100.8372, pkt_dequeue_time=2012700717100.8372, forwarded_or_dropped=1, reason_for_drop='Expiry'
DUPE: 2009693924858_Node0_Node8_Zero, Node1 id 2009693924858_Node0_Node8_Zero was a dupe; retransmit: 0, pkt_enqueue_time=2012702257516.0193, pkt_dequeue_time=2012702257516.0193, forwarded_or_dropped=1, reason_for_drop='Expiry'
DUPE: 2009699389382_Node0_Node8_Zero, Node6 id 2009699389382_Node0_Node8_Zero was a dupe; retransmit: 0, pkt_enqueue_time=2012703477307.8372, pkt_dequeue_time=2012703477307.8372, forwarded_or_dropped=1, reason_for_drop='Expiry'
DUPE: 2009699389382_Node0_Node8_Zero, Node2 id 2009699389382_Node0_Node8_Zero was a dupe; retransmit: 0, pkt_enqueue_time=2012726143649.746, pkt_dequeue_time=2012726143649.746, forwarded_or_dropped=1, reason_for_drop='Expiry'
DUPE: 2009743103668_Node0_Node8_Zero, Node2 id 2009743103668_Node0_Node8_Zero was a dupe; retransmit: 0, pkt_enqueue_time=2012744493159.11, pkt_dequeue_time=2012744493159.11, forwarded_or_dropped=1, reason_for_drop='Expiry'
DUPE: 2009743103668_Node0_Node8_Zero, Node3 id 2009743103668_Node0_Node8_Zero was a dupe; retransmit: 0, pkt_enqueue_time=2012745541976.9282, pkt_dequeue_time=2012745541976.9282, forwarded_or_dropped=1, reason_for_drop='Expiry'
DUPE: 2009759500403_Node0_Node8_Zero, Node6 id 2009759500403_Node0_Node8_Zero was a dupe; retransmit: 0, pkt_enqueue_time=2012760090068.3823, pkt_dequeue_time=2012760090068.3823, forwarded_or_dropped=1, reason_for_drop='Expiry'
DUPE: 2009759500403_Node0_Node8_Zero, Node7 id 2009759500403_Node0_Node8_Zero was a dupe; retransmit: 0, pkt_enqueue_time=2012761504886.2004, pkt_dequeue_time=2012761504886.2004, forwarded_or_dropped=1, reason_for_drop='Expiry'
DUPE: 2009759500403_Node0_Node8_Zero, Node5 id 2009759500403_Node0_Node8_Zero was a dupe; retransmit: 0, pkt_enqueue_time=2012763061657.2004, pkt_dequeue_time=2012763061657.2004, forwarded_or_dropped=1, reason_for_drop='Expiry'
DUPE: 2009759500403_Node0_Node8_Zero, Node3 id 2009759500403_Node0_Node8_Zero was a dupe; retransmit: 0, pkt_enqueue_time=2012764570385.3828, pkt_dequeue_time=2012764570385.3828, forwarded_or_dropped=1, reason_for_drop='Expiry'
DUPE: 2009759500403_Node0_Node8_Zero, Node4 id 2009759500403_Node0_Node8_Zero was a dupe; retransmit: 0, pkt_enqueue_time=2012770195901.4736, pkt_dequeue_time=2012770195901.4736, forwarded_or_dropped=1, reason_for_drop='Expiry'
DUPE: 2009775889761_Node0_Node8_Zero, Node6 id 2009775889761_Node0_Node8_Zero was a dupe; retransmit: 0, pkt_enqueue_time=2012777093052.1099, pkt_dequeue_time=2012777093052.1099, forwarded_or_dropped=1, reason_for_drop='Expiry'
DUPE: 2009775889761_Node0_Node8_Zero, Node5 id 2009775889761_Node0_Node8_Zero was a dupe; retransmit: 0, pkt_enqueue_time=2012779266640.928, pkt_dequeue_time=2012779266640.928, forwarded_or_dropped=1, reason_for_drop='Expiry'
DUPE: 2009775889761_Node0_Node8_Zero, Node4 id 2009775889761_Node0_Node8_Zero was a dupe; retransmit: 0, pkt_enqueue_time=2012781653984.383, pkt_dequeue_time=2012781653984.383, forwarded_or_dropped=1, reason_for_drop='Expiry'
DUPE: 2009775889761_Node0_Node8_Zero, Node3 id 2009775889761_Node0_Node8_Zero was a dupe; retransmit: 0, pkt_enqueue_time=2012784036431.383, pkt_dequeue_time=2012784036431.383, forwarded_or_dropped=1, reason_for_drop='Expiry'
DUPE: 2009775889761_Node0_Node8_Zero, Node1 id 2009775889761_Node0_Node8_Zero was a dupe; retransmit: 0, pkt_enqueue_time=2012786132186.4739, pkt_dequeue_time=2012786132186.4739, forwarded_or_dropped=1, reason_for_drop='Expiry'
DUPE: 2009775889761_Node0_Node8_Zero, Node2 id 2009775889761_Node0_Node8_Zero was a dupe; retransmit: 0, pkt_enqueue_time=2012797394711.9282, pkt_dequeue_time=2012797394711.9282, forwarded_or_dropped=1, reason_for_drop='Expiry'
Called Update: UpdateRouteCalls = 0, force = False
Node.py: (Node1)@2012800000000.0: Updated MCS from 1 to 1, hist=deque([0.3804347826086957, 0.41, 0.2736842105263158, 0.33663366336633666, 0.5287356321839081], maxlen=5), packets_serviced=46, packets_received=87
Called Update: UpdateRouteCalls = 1, force = False
Node.py: (Node2)@2012800000000.0: Updated MCS from 1 to 1, hist=deque([0.3829787234042553, 0.3559322033898305, 0.4146341463414634, 0.3695652173913043, 0.3225806451612903], maxlen=5), packets_serviced=20, packets_received=62
Called Update: UpdateRouteCalls = 2, force = False
Node.py: (Node3)@2012800000000.0: Updated MCS from 1 to 1, hist=deque([0.3939393939393939, 0.48148148148148145, 0.38461538461538464, 0.3448275862068966, 0.40540540540540543], maxlen=5), packets_serviced=15, packets_received=37
Called Update: UpdateRouteCalls = 3, force = False
Node.py: (Node4)@2012800000000.0: Updated MCS from 1 to 1, hist=deque([0.4583333333333333, 0.3, 0.3684210526315789, 0.375, 0.375], maxlen=5), packets_serviced=9, packets_received=24
Called Update: UpdateRouteCalls = 4, force = False
Node.py: (Node5)@2012800000000.0: Updated MCS from 1 to 1, hist=deque([0.29411764705882354, 0.4, 0.23076923076923078, 0.3, 0.47058823529411764], maxlen=5), packets_serviced=8, packets_received=17
Called Update: UpdateRouteCalls = 5, force = False
Node.py: (Node6)@2012800000000.0: Updated MCS from 1 to 1, hist=deque([0.35714285714285715, 0.42857142857142855, 0.2, 0.2857142857142857, 0.36363636363636365], maxlen=5), packets_serviced=8, packets_received=22
Called Update: UpdateRouteCalls = 6, force = False
Node.py: (Node7)@2012800000000.0: Updated MCS from 1 to 1, hist=deque([0.25, 0.4, 0.25, 0.3076923076923077, 0.3], maxlen=5), packets_serviced=6, packets_received=20
Called Update: UpdateRouteCalls = 7, force = False
Called Update: UpdateRouteCalls = 8, force = False
Called Update: UpdateRouteCalls = 9, force = False
Called Update: UpdateRouteCalls = 10, force = False
Called Update: UpdateRouteCalls = 11, force = False
Called Update: UpdateRouteCalls = 12, force = False
Called Update: UpdateRouteCalls = 13, force = False
Called Update: UpdateRouteCalls = 14, force = False
Called Update: UpdateRouteCalls = 15, force = False
Called Update: UpdateRouteCalls = 16, force = False
Called Update: UpdateRouteCalls = 17, force = False
!! UPDATING !!
routeNo, updatedMCSIndex =  0 [0, 1, 1, 1, 1, 1, 1, 1]
DUPE: 2009825081450_Node0_Node8_Zero, Node4 id 2009825081450_Node0_Node8_Zero was a dupe; retransmit: 0, pkt_enqueue_time=2012827781485.3828, pkt_dequeue_time=2012827781485.3828, forwarded_or_dropped=1, reason_for_drop='Expiry'
DUPE: 2009825081450_Node0_Node8_Zero, Node3 id 2009825081450_Node0_Node8_Zero was a dupe; retransmit: 0, pkt_enqueue_time=2012828923010.3828, pkt_dequeue_time=2012828923010.3828, forwarded_or_dropped=1, reason_for_drop='Expiry'
DUPE: 2009825081450_Node0_Node8_Zero, Node2 id 2009825081450_Node0_Node8_Zero was a dupe; retransmit: 0, pkt_enqueue_time=2012830207446.3828, pkt_dequeue_time=2012830207446.3828, forwarded_or_dropped=1, reason_for_drop='Expiry'
DUPE: 2009836010511_Node0_Node8_Zero, Node2 id 2009836010511_Node0_Node8_Zero was a dupe; retransmit: 0, pkt_enqueue_time=2012836993978.8372, pkt_dequeue_time=2012836993978.8372, forwarded_or_dropped=1, reason_for_drop='Expiry'
DUPE: 2009836010511_Node0_Node8_Zero, Node6 id 2009836010511_Node0_Node8_Zero was a dupe; retransmit: 0, pkt_enqueue_time=2012838045843.4734, pkt_dequeue_time=2012838045843.4734, forwarded_or_dropped=1, reason_for_drop='Expiry'
DUPE: 2009836010511_Node0_Node8_Zero, Node4 id 2009836010511_Node0_Node8_Zero was a dupe; retransmit: 0, pkt_enqueue_time=2012839037614.4734, pkt_dequeue_time=2012839037614.4734, forwarded_or_dropped=1, reason_for_drop='Expiry'
DUPE: 2009781354061_Node0_Node8_Zero, Node1 id 2009781354061_Node0_Node8_Zero was a dupe; retransmit: 0, pkt_enqueue_time=2012839136665.5645, pkt_dequeue_time=2012839136665.5645, forwarded_or_dropped=1, reason_for_drop='Expiry'
DUPE: 2009836010511_Node0_Node8_Zero, Node5 id 2009836010511_Node0_Node8_Zero was a dupe; retransmit: 0, pkt_enqueue_time=2012840283432.2915, pkt_dequeue_time=2012840283432.2915, forwarded_or_dropped=1, reason_for_drop='Expiry'
DUPE: 2009836010511_Node0_Node8_Zero, Node3 id 2009836010511_Node0_Node8_Zero was a dupe; retransmit: 0, pkt_enqueue_time=2012842144123.2915, pkt_dequeue_time=2012842144123.2915, forwarded_or_dropped=1, reason_for_drop='Expiry'
DUPE: 2009852410607_Node0_Node8_Zero, Node2 id 2009852410607_Node0_Node8_Zero was a dupe; retransmit: 0, pkt_enqueue_time=2012855688797.928, pkt_dequeue_time=2012855688797.928, forwarded_or_dropped=1, reason_for_drop='Expiry'
DUPE: 2009852410607_Node0_Node8_Zero, Node1 id 2009852410607_Node0_Node8_Zero was a dupe; retransmit: 0, pkt_enqueue_time=2012857574078.6553, pkt_dequeue_time=2012857574078.6553, forwarded_or_dropped=1, reason_for_drop='Expiry'
DUPE: 2009863332424_Node0_Node8_Zero, Node5 id 2009863332424_Node0_Node8_Zero was a dupe; retransmit: 0, pkt_enqueue_time=2012864573093.9277, pkt_dequeue_time=2012864573093.9277, forwarded_or_dropped=1, reason_for_drop='Expiry'
DUPE: 2009863332424_Node0_Node8_Zero, Node4 id 2009863332424_Node0_Node8_Zero was a dupe; retransmit: 0, pkt_enqueue_time=2012865668529.9277, pkt_dequeue_time=2012865668529.9277, forwarded_or_dropped=1, reason_for_drop='Expiry'
DUPE: 2009863332424_Node0_Node8_Zero, Node2 id 2009863332424_Node0_Node8_Zero was a dupe; retransmit: 0, pkt_enqueue_time=2012871638426.7458, pkt_dequeue_time=2012871638426.7458, forwarded_or_dropped=1, reason_for_drop='Expiry'
DUPE: 2009879726778_Node0_Node8_Zero, Node2 id 2009879726778_Node0_Node8_Zero was a dupe; retransmit: 0, pkt_enqueue_time=2012882622555.9275, pkt_dequeue_time=2012882622555.9275, forwarded_or_dropped=1, reason_for_drop='Expiry'
DUPE: 2009885191105_Node0_Node8_Zero, Node3 id 2009885191105_Node0_Node8_Zero was a dupe; retransmit: 0, pkt_enqueue_time=2012887966756.7456, pkt_dequeue_time=2012887966756.7456, forwarded_or_dropped=1, reason_for_drop='Expiry'
DUPE: 2009885191105_Node0_Node8_Zero, Node2 id 2009885191105_Node0_Node8_Zero was a dupe; retransmit: 0, pkt_enqueue_time=2012889060192.7456, pkt_dequeue_time=2012889060192.7456, forwarded_or_dropped=1, reason_for_drop='Expiry'
DUPE: 2009557325575_Node0_Node8_Zero, Node1 id 2009557325575_Node0_Node8_Zero was a dupe; retransmit: 0, pkt_enqueue_time=2012894328650.2913, pkt_dequeue_time=2012894328650.2913, forwarded_or_dropped=1, reason_for_drop='Expiry'
DUPE: 2009759500403_Node0_Node8_Zero, Node1 id 2009759500403_Node0_Node8_Zero was a dupe; retransmit: 0, pkt_enqueue_time=2012897488304.8367, pkt_dequeue_time=2012897488304.8367, forwarded_or_dropped=1, reason_for_drop='Expiry'
DUPE: 2009825081450_Node0_Node8_Zero, Node1 id 2009825081450_Node0_Node8_Zero was a dupe; retransmit: 0, pkt_enqueue_time=2012900687959.382, pkt_dequeue_time=2012900687959.382, forwarded_or_dropped=1, reason_for_drop='Expiry'
DUPE: 2009874258113_Node0_Node8_Zero, Node1 id 2009874258113_Node0_Node8_Zero was a dupe; retransmit: 0, pkt_enqueue_time=2012903942613.9275, pkt_dequeue_time=2012903942613.9275, forwarded_or_dropped=1, reason_for_drop='Expiry'
DUPE: 2009885191105_Node0_Node8_Zero, Node1 id 2009885191105_Node0_Node8_Zero was a dupe; retransmit: 0, pkt_enqueue_time=2012908201923.0183, pkt_dequeue_time=2012908201923.0183, forwarded_or_dropped=1, reason_for_drop='Expiry'
DUPE: 2009917974481_Node0_Node8_Zero, Node1 id 2009917974481_Node0_Node8_Zero was a dupe; retransmit: 0, pkt_enqueue_time=2012920021502.6545, pkt_dequeue_time=2012920021502.6545, forwarded_or_dropped=1, reason_for_drop='Expiry'
DUPE: 2009945302660_Node0_Node8_Zero, Node2 id 2009945302660_Node0_Node8_Zero was a dupe; retransmit: 0, pkt_enqueue_time=2012946231326.9272, pkt_dequeue_time=2012946231326.9272, forwarded_or_dropped=1, reason_for_drop='Expiry'
DUPE: 2009928902794_Node0_Node8_Zero, Node1 id 2009928902794_Node0_Node8_Zero was a dupe; retransmit: 0, pkt_enqueue_time=2012954642277.5635, pkt_dequeue_time=2012954642277.5635, forwarded_or_dropped=1, reason_for_drop='Expiry'
DUPE: 2009961699092_Node0_Node8_Zero, Node2 id 2009961699092_Node0_Node8_Zero was a dupe; retransmit: 0, pkt_enqueue_time=2012962253276.4724, pkt_dequeue_time=2012962253276.4724, forwarded_or_dropped=1, reason_for_drop='Expiry'
DUPE: 2009961699092_Node0_Node8_Zero, Node1 id 2009961699092_Node0_Node8_Zero was a dupe; retransmit: 0, pkt_enqueue_time=2012965217951.1997, pkt_dequeue_time=2012965217951.1997, forwarded_or_dropped=1, reason_for_drop='Expiry'
DUPE: 2009967164551_Node0_Node8_Zero, Node2 id 2009967164551_Node0_Node8_Zero was a dupe; retransmit: 0, pkt_enqueue_time=2012967248259.1997, pkt_dequeue_time=2012967248259.1997, forwarded_or_dropped=1, reason_for_drop='Expiry'
DUPE: 2009967164551_Node0_Node8_Zero, Node2 id 2009967164551_Node0_Node8_Zero was a dupe; retransmit: 0, pkt_enqueue_time=2012969378513.0178, pkt_dequeue_time=2012969378513.0178, forwarded_or_dropped=1, reason_for_drop='Expiry'
DUPE: 2009983565234_Node0_Node8_Zero, Node1 id 2009983565234_Node0_Node8_Zero was a dupe; retransmit: 0, pkt_enqueue_time=2012983720528.6538, pkt_dequeue_time=2012983720528.6538, forwarded_or_dropped=1, reason_for_drop='Expiry'
DUPE: 2009983565234_Node0_Node8_Zero, Node7 id 2009983565234_Node0_Node8_Zero was a dupe; retransmit: 0, pkt_enqueue_time=2012985314463.8354, pkt_dequeue_time=2012985314463.8354, forwarded_or_dropped=1, reason_for_drop='Expiry'
DUPE: 2009983565234_Node0_Node8_Zero, Node6 id 2009983565234_Node0_Node8_Zero was a dupe; retransmit: 0, pkt_enqueue_time=2012986433899.8354, pkt_dequeue_time=2012986433899.8354, forwarded_or_dropped=1, reason_for_drop='Expiry'
DUPE: 2009983565234_Node0_Node8_Zero, Node1 id 2009983565234_Node0_Node8_Zero was a dupe; retransmit: 0, pkt_enqueue_time=2012987061782.472, pkt_dequeue_time=2012987061782.472, forwarded_or_dropped=1, reason_for_drop='Expiry'
DUPE: 2009983565234_Node0_Node8_Zero, Node4 id 2009983565234_Node0_Node8_Zero was a dupe; retransmit: 0, pkt_enqueue_time=2012988246889.472, pkt_dequeue_time=2012988246889.472, forwarded_or_dropped=1, reason_for_drop='Expiry'
DUPE: 2009983565234_Node0_Node8_Zero, Node3 id 2009983565234_Node0_Node8_Zero was a dupe; retransmit: 0, pkt_enqueue_time=2012989488325.472, pkt_dequeue_time=2012989488325.472, forwarded_or_dropped=1, reason_for_drop='Expiry'
main.py: Progress: 2013 / 2014
Called Update: UpdateRouteCalls = 0, force = True
!! UPDATING !!
routeNo, updatedMCSIndex =  0 [0, 1, 1, 1, 1, 1, 1, 1]

rf.py: Time: 2013 Route details: {0: {'Route': [0, 1, 2, 3, 4, 5, 6, 7, 8], 'MCS_Index': [0, 1, 1, 1, 1, 1, 1, 1], 'Priority': 1, 'ValidRoute': True, 'HQRoute': True, 'RouteNodeDensity': [0, 0, 0, 0, 0, 2, 0, 0, 0], 'InterferingLinks': 16, 'Target': (-1, -1)}}
DUPE: 2010005414908_Node0_Node8_Zero, Node7 id 2010005414908_Node0_Node8_Zero was a dupe; retransmit: 0, pkt_enqueue_time=2013007273140.3806, pkt_dequeue_time=2013007273140.3806, forwarded_or_dropped=1, reason_for_drop='Expiry'
DUPE: 2010005414908_Node0_Node8_Zero, Node6 id 2010005414908_Node0_Node8_Zero was a dupe; retransmit: 0, pkt_enqueue_time=2013008585576.3806, pkt_dequeue_time=2013008585576.3806, forwarded_or_dropped=1, reason_for_drop='Expiry'
DUPE: 2009972633867_Node0_Node8_Zero, Node1 id 2009972633867_Node0_Node8_Zero was a dupe; retransmit: 0, pkt_enqueue_time=2013009644181.2898, pkt_dequeue_time=2013009644181.2898, forwarded_or_dropped=1, reason_for_drop='Expiry'
DUPE: 2010005414908_Node0_Node8_Zero, Node5 id 2010005414908_Node0_Node8_Zero was a dupe; retransmit: 0, pkt_enqueue_time=2013009683012.3806, pkt_dequeue_time=2013009683012.3806, forwarded_or_dropped=1, reason_for_drop='Expiry'
DUPE: 2010005414908_Node0_Node8_Zero, Node2 id 2010005414908_Node0_Node8_Zero was a dupe; retransmit: 0, pkt_enqueue_time=2013011226999.108, pkt_dequeue_time=2013011226999.108, forwarded_or_dropped=1, reason_for_drop='Expiry'
DUPE: 2009562790707_Node0_Node8_Zero, Node1 id 2009562790707_Node0_Node8_Zero was a dupe; retransmit: 0, pkt_enqueue_time=2013016624089.6533, pkt_dequeue_time=2013016624089.6533, forwarded_or_dropped=1, reason_for_drop='Expiry'
DUPE: 2009748567793_Node0_Node8_Zero, Node1 id 2009748567793_Node0_Node8_Zero was a dupe; retransmit: 0, pkt_enqueue_time=2013020183744.1987, pkt_dequeue_time=2013020183744.1987, forwarded_or_dropped=1, reason_for_drop='Expiry'
DUPE: 2010005414908_Node0_Node8_Zero, Node1 id 2010005414908_Node0_Node8_Zero was a dupe; retransmit: 0, pkt_enqueue_time=2013023744398.7441, pkt_dequeue_time=2013023744398.7441, forwarded_or_dropped=1, reason_for_drop='Expiry'
DUPE: 2009579185884_Node0_Node8_Zero, Node1 id 2009579185884_Node0_Node8_Zero was a dupe; retransmit: 0, pkt_enqueue_time=2013030914707.835, pkt_dequeue_time=2013030914707.835, forwarded_or_dropped=1, reason_for_drop='Expiry'
DUPE: 2009819614915_Node0_Node8_Zero, Node1 id 2009819614915_Node0_Node8_Zero was a dupe; retransmit: 0, pkt_enqueue_time=2013034613362.3804, pkt_dequeue_time=2013034613362.3804, forwarded_or_dropped=1, reason_for_drop='Expiry'
DUPE: 2009573718476_Node0_Node8_Zero, Node1 id 2009573718476_Node0_Node8_Zero was a dupe; retransmit: 0, pkt_enqueue_time=2013038313016.9258, pkt_dequeue_time=2013038313016.9258, forwarded_or_dropped=1, reason_for_drop='Expiry'
DUPE: 2009786816866_Node0_Node8_Zero, Node1 id 2009786816866_Node0_Node8_Zero was a dupe; retransmit: 0, pkt_enqueue_time=2013042172671.4712, pkt_dequeue_time=2013042172671.4712, forwarded_or_dropped=1, reason_for_drop='Expiry'
DUPE: 2009497233240_Node0_Node8_Zero, Node1 id 2009497233240_Node0_Node8_Zero was a dupe; retransmit: 0, pkt_enqueue_time=2013046392326.0166, pkt_dequeue_time=2013046392326.0166, forwarded_or_dropped=1, reason_for_drop='Expiry'
DUPE: 2008797765696_Node0_Node8_Zero, Node1 id 2008797765696_Node0_Node8_Zero was a dupe; retransmit: 0, pkt_enqueue_time=2013052031980.562, pkt_dequeue_time=2013052031980.562, forwarded_or_dropped=1, reason_for_drop='Expiry'
DUPE: 2007158464190_Node0_Node8_Zero, Node1 id 2007158464190_Node0_Node8_Zero was a dupe; retransmit: 0, pkt_enqueue_time=2013057685635.1074, pkt_dequeue_time=2013057685635.1074, forwarded_or_dropped=1, reason_for_drop='Expiry'
DUPE: 2007163931468_Node0_Node8_Zero, Node1 id 2007163931468_Node0_Node8_Zero was a dupe; retransmit: 0, pkt_enqueue_time=2013057685635.1074, pkt_dequeue_time=2013057685635.1074, forwarded_or_dropped=1, reason_for_drop='Expiry'
DUPE: 2007540998360_Node0_Node8_Zero, Node1 id 2007540998360_Node0_Node8_Zero was a dupe; retransmit: 0, pkt_enqueue_time=2013063368198.744, pkt_dequeue_time=2013063368198.744, forwarded_or_dropped=1, reason_for_drop='Expiry'
DUPE: 2007546459594_Node0_Node8_Zero, Node1 id 2007546459594_Node0_Node8_Zero was a dupe; retransmit: 0, pkt_enqueue_time=2013063368198.744, pkt_dequeue_time=2013063368198.744, forwarded_or_dropped=1, reason_for_drop='Expiry'
DUPE: 2007300540977_Node0_Node8_Zero, Node1 id 2007300540977_Node0_Node8_Zero was a dupe; retransmit: 0, pkt_enqueue_time=2013080779071.4712, pkt_dequeue_time=2013080779071.4712, forwarded_or_dropped=1, reason_for_drop='Expiry'
DUPE: 2007306005100_Node0_Node8_Zero, Node1 id 2007306005100_Node0_Node8_Zero was a dupe; retransmit: 0, pkt_enqueue_time=2013080779071.4712, pkt_dequeue_time=2013080779071.4712, forwarded_or_dropped=1, reason_for_drop='Expiry'
DUPE: 2009081919242_Node0_Node8_Zero, Node1 id 2009081919242_Node0_Node8_Zero was a dupe; retransmit: 0, pkt_enqueue_time=2013086898635.1077, pkt_dequeue_time=2013086898635.1077, forwarded_or_dropped=1, reason_for_drop='Expiry'
DUPE: 2007879755467_Node0_Node8_Zero, Node1 id 2007879755467_Node0_Node8_Zero was a dupe; retransmit: 0, pkt_enqueue_time=2013093198289.653, pkt_dequeue_time=2013093198289.653, forwarded_or_dropped=1, reason_for_drop='Expiry'
DUPE: 2007644812630_Node0_Node8_Zero, Node1 id 2007644812630_Node0_Node8_Zero was a dupe; retransmit: 0, pkt_enqueue_time=2013099557944.1985, pkt_dequeue_time=2013099557944.1985, forwarded_or_dropped=1, reason_for_drop='Expiry'
DUPE: 2009967164551_Node0_Node8_Zero, Node1 id 2009967164551_Node0_Node8_Zero was a dupe; retransmit: 0, pkt_enqueue_time=2013105997598.744, pkt_dequeue_time=2013105997598.744, forwarded_or_dropped=1, reason_for_drop='Expiry'
DUPE: 2007584714096_Node0_Node8_Zero, Node1 id 2007584714096_Node0_Node8_Zero was a dupe; retransmit: 0, pkt_enqueue_time=2013112562253.2893, pkt_dequeue_time=2013112562253.2893, forwarded_or_dropped=1, reason_for_drop='Expiry'
DUPE: 2007590175576_Node0_Node8_Zero, Node1 id 2007590175576_Node0_Node8_Zero was a dupe; retransmit: 0, pkt_enqueue_time=2013112562253.2893, pkt_dequeue_time=2013112562253.2893, forwarded_or_dropped=1, reason_for_drop='Expiry'
DUPE: 2007595640977_Node0_Node8_Zero, Node1 id 2007595640977_Node0_Node8_Zero was a dupe; retransmit: 0, pkt_enqueue_time=2013132974126.0166, pkt_dequeue_time=2013132974126.0166, forwarded_or_dropped=1, reason_for_drop='Expiry'
DUPE: 2007601105239_Node0_Node8_Zero, Node1 id 2007601105239_Node0_Node8_Zero was a dupe; retransmit: 0, pkt_enqueue_time=2013132974126.0166, pkt_dequeue_time=2013132974126.0166, forwarded_or_dropped=1, reason_for_drop='Expiry'
DUPE: 2007180328350_Node0_Node8_Zero, Node1 id 2007180328350_Node0_Node8_Zero was a dupe; retransmit: 0, pkt_enqueue_time=2013140082689.653, pkt_dequeue_time=2013140082689.653, forwarded_or_dropped=1, reason_for_drop='Expiry'
DUPE: 2007185796643_Node0_Node8_Zero, Node1 id 2007185796643_Node0_Node8_Zero was a dupe; retransmit: 0, pkt_enqueue_time=2013140082689.653, pkt_dequeue_time=2013140082689.653, forwarded_or_dropped=1, reason_for_drop='Expiry'
DUPE: 2007562859069_Node0_Node8_Zero, Node1 id 2007562859069_Node0_Node8_Zero was a dupe; retransmit: 0, pkt_enqueue_time=2013147734253.2896, pkt_dequeue_time=2013147734253.2896, forwarded_or_dropped=1, reason_for_drop='Expiry'
DUPE: 2007568323901_Node0_Node8_Zero, Node1 id 2007568323901_Node0_Node8_Zero was a dupe; retransmit: 0, pkt_enqueue_time=2013147734253.2896, pkt_dequeue_time=2013147734253.2896, forwarded_or_dropped=1, reason_for_drop='Expiry'
DUPE: 2008846948000_Node0_Node8_Zero, Node1 id 2008846948000_Node0_Node8_Zero was a dupe; retransmit: 0, pkt_enqueue_time=2013155456816.926, pkt_dequeue_time=2013155456816.926, forwarded_or_dropped=1, reason_for_drop='Expiry'
DUPE: 2007442637771_Node0_Node8_Zero, Node1 id 2007442637771_Node0_Node8_Zero was a dupe; retransmit: 0, pkt_enqueue_time=2013163447471.4714, pkt_dequeue_time=2013163447471.4714, forwarded_or_dropped=1, reason_for_drop='Expiry'
DUPE: 2007448105522_Node0_Node8_Zero, Node1 id 2007448105522_Node0_Node8_Zero was a dupe; retransmit: 0, pkt_enqueue_time=2013163447471.4714, pkt_dequeue_time=2013163447471.4714, forwarded_or_dropped=1, reason_for_drop='Expiry'
DUPE: 2009562790707_Node0_Node8_Zero, Node2 id 2009562790707_Node0_Node8_Zero was a dupe; retransmit: 0, pkt_enqueue_time=2013174055289.2896, pkt_dequeue_time=2013174055289.2896, forwarded_or_dropped=1, reason_for_drop='Expiry'
DUPE: 2009573718476_Node0_Node8_Zero, Node2 id 2009573718476_Node0_Node8_Zero was a dupe; retransmit: 0, pkt_enqueue_time=2013174055289.2896, pkt_dequeue_time=2013174055289.2896, forwarded_or_dropped=1, reason_for_drop='Expiry'
DUPE: 2009579185884_Node0_Node8_Zero, Node2 id 2009579185884_Node0_Node8_Zero was a dupe; retransmit: 0, pkt_enqueue_time=2013179712161.2896, pkt_dequeue_time=2013179712161.2896, forwarded_or_dropped=1, reason_for_drop='Expiry'
DUPE: 2007606566258_Node0_Node8_Zero, Node1 id 2007606566258_Node0_Node8_Zero was a dupe; retransmit: 0, pkt_enqueue_time=2013182522453.6533, pkt_dequeue_time=2013182522453.6533, forwarded_or_dropped=1, reason_for_drop='Expiry'
DUPE: 2007612025843_Node0_Node8_Zero, Node1 id 2007612025843_Node0_Node8_Zero was a dupe; retransmit: 0, pkt_enqueue_time=2013182522453.6533, pkt_dequeue_time=2013182522453.6533, forwarded_or_dropped=1, reason_for_drop='Expiry'
DUPE: 2007617492551_Node0_Node8_Zero, Node1 id 2007617492551_Node0_Node8_Zero was a dupe; retransmit: 0, pkt_enqueue_time=2013184979325.6533, pkt_dequeue_time=2013184979325.6533, forwarded_or_dropped=1, reason_for_drop='Expiry'
DUPE: 2007622952061_Node0_Node8_Zero, Node1 id 2007622952061_Node0_Node8_Zero was a dupe; retransmit: 0, pkt_enqueue_time=2013184979325.6533, pkt_dequeue_time=2013184979325.6533, forwarded_or_dropped=1, reason_for_drop='Expiry'
DUPE: 2007043713552_Node0_Node8_Zero, Node1 id 2007043713552_Node0_Node8_Zero was a dupe; retransmit: 0, pkt_enqueue_time=2013193660889.2898, pkt_dequeue_time=2013193660889.2898, forwarded_or_dropped=1, reason_for_drop='Expiry'
Called Update: UpdateRouteCalls = 0, force = False
Node.py: (Node1)@2013200000000.0: Updated MCS from 1 to 1, hist=deque([0.41, 0.2736842105263158, 0.33663366336633666, 0.5287356321839081, 0.27906976744186046], maxlen=5), packets_serviced=24, packets_received=86
Called Update: UpdateRouteCalls = 1, force = False
Node.py: (Node2)@2013200000000.0: Updated MCS from 1 to 1, hist=deque([0.3559322033898305, 0.4146341463414634, 0.3695652173913043, 0.3225806451612903, 0.2619047619047619], maxlen=5), packets_serviced=11, packets_received=42
Called Update: UpdateRouteCalls = 2, force = False
Node.py: (Node3)@2013200000000.0: Updated MCS from 1 to 1, hist=deque([0.48148148148148145, 0.38461538461538464, 0.3448275862068966, 0.40540540540540543, 0.35294117647058826], maxlen=5), packets_serviced=6, packets_received=17
Called Update: UpdateRouteCalls = 3, force = False
Node.py: (Node4)@2013200000000.0: Updated MCS from 1 to 1, hist=deque([0.3, 0.3684210526315789, 0.375, 0.375, 0.38461538461538464], maxlen=5), packets_serviced=5, packets_received=13
Called Update: UpdateRouteCalls = 4, force = False
Node.py: (Node5)@2013200000000.0: Updated MCS from 1 to 1, hist=deque([0.4, 0.23076923076923078, 0.3, 0.47058823529411764, 0.375], maxlen=5), packets_serviced=3, packets_received=8
Called Update: UpdateRouteCalls = 5, force = False
Node.py: (Node6)@2013200000000.0: Updated MCS from 1 to 1, hist=deque([0.42857142857142855, 0.2, 0.2857142857142857, 0.36363636363636365, 0.5], maxlen=5), packets_serviced=3, packets_received=6
Called Update: UpdateRouteCalls = 6, force = False
Node.py: (Node7)@2013200000000.0: Updated MCS from 1 to 1, hist=deque([0.4, 0.25, 0.3076923076923077, 0.3, 0.4], maxlen=5), packets_serviced=2, packets_received=5
Called Update: UpdateRouteCalls = 7, force = False
Called Update: UpdateRouteCalls = 8, force = False
Called Update: UpdateRouteCalls = 9, force = False
Called Update: UpdateRouteCalls = 10, force = False
Called Update: UpdateRouteCalls = 11, force = False
Called Update: UpdateRouteCalls = 12, force = False
Called Update: UpdateRouteCalls = 13, force = False
Called Update: UpdateRouteCalls = 14, force = False
Called Update: UpdateRouteCalls = 15, force = False
Called Update: UpdateRouteCalls = 16, force = False
Called Update: UpdateRouteCalls = 17, force = False
!! UPDATING !!
routeNo, updatedMCSIndex =  0 [0, 1, 1, 1, 1, 1, 1, 1]
DUPE: 2007202194344_Node0_Node8_Zero, Node1 id 2007202194344_Node0_Node8_Zero was a dupe; retransmit: 0, pkt_enqueue_time=2013203182725.6533, pkt_dequeue_time=2013203182725.6533, forwarded_or_dropped=1, reason_for_drop='Expiry'
DUPE: 2007207659358_Node0_Node8_Zero, Node1 id 2007207659358_Node0_Node8_Zero was a dupe; retransmit: 0, pkt_enqueue_time=2013203182725.6533, pkt_dequeue_time=2013203182725.6533, forwarded_or_dropped=1, reason_for_drop='Expiry'
DUPE: 2007431713025_Node0_Node8_Zero, Node1 id 2007431713025_Node0_Node8_Zero was a dupe; retransmit: 0, pkt_enqueue_time=2013224623852.9263, pkt_dequeue_time=2013224623852.9263, forwarded_or_dropped=1, reason_for_drop='Expiry'
DUPE: 2007437177381_Node0_Node8_Zero, Node1 id 2007437177381_Node0_Node8_Zero was a dupe; retransmit: 0, pkt_enqueue_time=2013224623852.9263, pkt_dequeue_time=2013224623852.9263, forwarded_or_dropped=1, reason_for_drop='Expiry'
DUPE: 2007344259485_Node0_Node8_Zero, Node1 id 2007344259485_Node0_Node8_Zero was a dupe; retransmit: 0, pkt_enqueue_time=2013240997288.5627, pkt_dequeue_time=2013240997288.5627, forwarded_or_dropped=1, reason_for_drop='Expiry'
DUPE: 2007349724007_Node0_Node8_Zero, Node1 id 2007349724007_Node0_Node8_Zero was a dupe; retransmit: 0, pkt_enqueue_time=2013240997288.5627, pkt_dequeue_time=2013240997288.5627, forwarded_or_dropped=1, reason_for_drop='Expiry'
DUPE: 2008825092360_Node0_Node8_Zero, Node2 id 2008825092360_Node0_Node8_Zero was a dupe; retransmit: 0, pkt_enqueue_time=2013256380106.3809, pkt_dequeue_time=2013256380106.3809, forwarded_or_dropped=1, reason_for_drop='Expiry'
DUPE: 2003655762250_Node0_Node8_Zero, Node1 id 2003655762250_Node0_Node8_Zero was a dupe; retransmit: 0, pkt_enqueue_time=2013263065543.1992, pkt_dequeue_time=2013263065543.1992, forwarded_or_dropped=1, reason_for_drop='Expiry'
DUPE: 2003661222791_Node0_Node8_Zero, Node1 id 2003661222791_Node0_Node8_Zero was a dupe; retransmit: 0, pkt_enqueue_time=2013263065543.1992, pkt_dequeue_time=2013263065543.1992, forwarded_or_dropped=1, reason_for_drop='Expiry'
DUPE: 2007579244873_Node0_Node8_Zero, Node2 id 2007579244873_Node0_Node8_Zero was a dupe; retransmit: 0, pkt_enqueue_time=2013283185361.0173, pkt_dequeue_time=2013283185361.0173, forwarded_or_dropped=1, reason_for_drop='Expiry'
DUPE: 2001513687521_Node0_Node8_Zero, Node1 id 2001513687521_Node0_Node8_Zero was a dupe; retransmit: 0, pkt_enqueue_time=2013285721648.8357, pkt_dequeue_time=2013285721648.8357, forwarded_or_dropped=1, reason_for_drop='Expiry'
DUPE: 2001519153842_Node0_Node8_Zero, Node1 id 2001519153842_Node0_Node8_Zero was a dupe; retransmit: 0, pkt_enqueue_time=2013285721648.8357, pkt_dequeue_time=2013285721648.8357, forwarded_or_dropped=1, reason_for_drop='Expiry'
DUPE: 2000726769004_Node0_Node8_Zero, Node1 id 2000726769004_Node0_Node8_Zero was a dupe; retransmit: 0, pkt_enqueue_time=2013307184212.4722, pkt_dequeue_time=2013307184212.4722, forwarded_or_dropped=1, reason_for_drop='Expiry'
DUPE: 2000732229232_Node0_Node8_Zero, Node1 id 2000732229232_Node0_Node8_Zero was a dupe; retransmit: 0, pkt_enqueue_time=2013307184212.4722, pkt_dequeue_time=2013307184212.4722, forwarded_or_dropped=1, reason_for_drop='Expiry'
DUPE: 2000989063131_Node0_Node8_Zero, Node1 id 2000989063131_Node0_Node8_Zero was a dupe; retransmit: 0, pkt_enqueue_time=2013328726776.1086, pkt_dequeue_time=2013328726776.1086, forwarded_or_dropped=1, reason_for_drop='Expiry'
DUPE: 2000994531887_Node0_Node8_Zero, Node1 id 2000994531887_Node0_Node8_Zero was a dupe; retransmit: 0, pkt_enqueue_time=2013328726776.1086, pkt_dequeue_time=2013328726776.1086, forwarded_or_dropped=1, reason_for_drop='Expiry'
DUPE: 2001142074648_Node0_Node8_Zero, Node1 id 2001142074648_Node0_Node8_Zero was a dupe; retransmit: 0, pkt_enqueue_time=2013350329339.745, pkt_dequeue_time=2013350329339.745, forwarded_or_dropped=1, reason_for_drop='Expiry'
DUPE: 2001147538982_Node0_Node8_Zero, Node1 id 2001147538982_Node0_Node8_Zero was a dupe; retransmit: 0, pkt_enqueue_time=2013350329339.745, pkt_dequeue_time=2013350329339.745, forwarded_or_dropped=1, reason_for_drop='Expiry'
DUPE: 2000573775128_Node0_Node8_Zero, Node1 id 2000573775128_Node0_Node8_Zero was a dupe; retransmit: 0, pkt_enqueue_time=2013371431903.3816, pkt_dequeue_time=2013371431903.3816, forwarded_or_dropped=1, reason_for_drop='Expiry'
Called Update: UpdateRouteCalls = 0, force = False
Node.py: (Node1)@2013600000000.0: Updated MCS from 1 to 1, hist=deque([0.2736842105263158, 0.33663366336633666, 0.5287356321839081, 0.27906976744186046, 0.0], maxlen=5), packets_serviced=0, packets_received=21
Called Update: UpdateRouteCalls = 1, force = False
Node.py: (Node2)@2013600000000.0: Updated MCS from 1 to 1, hist=deque([0.4146341463414634, 0.3695652173913043, 0.3225806451612903, 0.2619047619047619, 0.0], maxlen=5), packets_serviced=0, packets_received=3
Called Update: UpdateRouteCalls = 2, force = False
Called Update: UpdateRouteCalls = 3, force = False
Called Update: UpdateRouteCalls = 4, force = False
Called Update: UpdateRouteCalls = 5, force = False
Called Update: UpdateRouteCalls = 6, force = False
Called Update: UpdateRouteCalls = 7, force = False
Called Update: UpdateRouteCalls = 8, force = False
Called Update: UpdateRouteCalls = 9, force = False
Called Update: UpdateRouteCalls = 10, force = False
Called Update: UpdateRouteCalls = 11, force = False
Called Update: UpdateRouteCalls = 12, force = False
Called Update: UpdateRouteCalls = 13, force = False
Called Update: UpdateRouteCalls = 14, force = False
Called Update: UpdateRouteCalls = 15, force = False
Called Update: UpdateRouteCalls = 16, force = False
Called Update: UpdateRouteCalls = 17, force = False
!! UPDATING !!
routeNo, updatedMCSIndex =  0 [0, 1, 1, 1, 1, 1, 1, 1]

Total number of generated packets: 3224
Total number of delivered packets: 3149 # Use all_stats.csv to check PDR
Average number of packets genetated every second: 230.28571428571428
Average number of packets delivered every second: 224.92857142857142
Standard deviation of packets genetated every second: 125.75169897825779
Standard deviation of packets delivered every second: 98.51719522551402
Average number of packets genetated every millisecond: 0.2302857142857143
Average number of packets delivered every millisecond: 0.22492857142857142
Standard deviation of packets genetated every millisecond: 0.46472410072635395
Standard deviation of packets delivered every millisecond: 0.45893509722986725
Average delay: 296.7049707556261
Standard deviation of delay: 915.6977055056868
Minimum delay: 0.023435999872162938
Maximum delay: 12797.238091523526
Total number of retransmissions: 12806
Node0
Avg Received Power: 2.69e-13, Node1: [Avg:1.34e-12, Max:3.96e-12, Min:5.26e-13], Node2: [Avg:3.58e-13, Max:9.89e-13, Min:1.89e-13], Node3: [Avg:1.72e-13, Max:4.40e-13, Min:8.41e-14], Node4: [Avg:8.47e-14, Max:2.38e-13, Min:3.29e-14], Node5: [Avg:5.78e-14, Max:1.58e-13, Min:3.03e-14], Node6: [Avg:2.99e-14, Max:1.01e-13, Min:1.46e-14], Node7: [Avg:2.63e-14, Max:5.87e-14, Min:1.55e-14], 
Avg INTF: 5.92e-13, Node1: [Avg:1.34e-12, Max:3.96e-12, Min:5.26e-13], Node2: [Avg:3.58e-13, Max:9.89e-13, Min:1.89e-13], Node3: [Avg:1.72e-13, Max:4.40e-13, Min:8.41e-14], Node4: [Avg:8.47e-14, Max:2.38e-13, Min:3.29e-14], Node5: [Avg:5.78e-14, Max:1.58e-13, Min:3.03e-14], Node6: [Avg:2.99e-14, Max:1.01e-13, Min:1.46e-14], Node7: [Avg:2.63e-14, Max:5.87e-14, Min:1.55e-14], 
Self Tx power: RTS: (Avg: 0.0152, Min: 0.0077, Max: 0.0906), CTS: (Avg: 0.0116, Min: 0.0077, Max: 0.0201), ACK: (Avg: nan, Min: inf, Max: -inf), Data: (Avg: 0.0143, Min: 0.0053, Max: 0.0906)
CTS retry: 1025, ACK retry: 2290, # Receiver Drops: 35, # Pkts Receiver Drops: 35, # Sent ACKs: 0, # Pkts ACK sent for: 0, # Retransmissions: 3315, # Pkts Retransmitted: 5114, # Receptions: 0, # Pkts Received: 0, # Forwards: 65, # Pkts Forwarded: 72

Node1
Avg Received Power: 6.08e-13, Node0: [Avg:1.15e-12, Max:3.96e-12, Min:5.26e-13], Node2: [Avg:1.42e-12, Max:3.96e-12, Min:7.57e-13], Node3: [Avg:3.73e-13, Max:9.89e-13, Min:1.89e-13], Node4: [Avg:1.53e-13, Max:4.23e-13, Min:5.84e-14], Node5: [Avg:9.29e-14, Max:2.47e-13, Min:4.73e-14], Node6: [Avg:4.00e-14, Max:1.45e-13, Min:2.10e-14], Node7: [Avg:3.55e-14, Max:8.00e-14, Min:2.10e-14], 
Avg INTF: 5.14e-13, Node2: [Avg:1.42e-12, Max:3.96e-12, Min:7.57e-13], Node3: [Avg:3.73e-13, Max:9.89e-13, Min:1.89e-13], Node4: [Avg:1.53e-13, Max:4.23e-13, Min:5.84e-14], Node5: [Avg:9.29e-14, Max:2.47e-13, Min:4.73e-14], Node6: [Avg:4.00e-14, Max:1.45e-13, Min:2.10e-14], Node7: [Avg:3.55e-14, Max:8.00e-14, Min:2.10e-14], 
Self Tx power: RTS: (Avg: 0.0174, Min: 0.0077, Max: 0.0906), CTS: (Avg: 0.0124, Min: 0.0077, Max: 0.0201), ACK: (Avg: 0.0077, Min: 0.0077, Max: 0.0077), Data: (Avg: 0.0167, Min: 0.0053, Max: 0.0906)
CTS retry: 517, ACK retry: 1000, # Receiver Drops: 619, # Pkts Receiver Drops: 839, # Sent ACKs: 2160, # Pkts ACK sent for: 3251, # Retransmissions: 1517, # Pkts Retransmitted: 2352, # Receptions: 2160, # Pkts Received: 3086, # Forwards: 51, # Pkts Forwarded: 68

Node2
Avg Received Power: 4.99e-13, Node0: [Avg:2.89e-13, Max:9.89e-13, Min:1.31e-13], Node1: [Avg:1.34e-12, Max:3.96e-12, Min:5.26e-13], Node3: [Avg:1.49e-12, Max:3.96e-12, Min:7.57e-13], Node4: [Avg:3.39e-13, Max:9.52e-13, Min:1.31e-13], Node5: [Avg:1.65e-13, Max:4.40e-13, Min:8.41e-14], Node6: [Avg:6.72e-14, Max:2.27e-13, Min:3.29e-14], Node7: [Avg:5.09e-14, Max:1.15e-13, Min:3.03e-14], 
Avg INTF: 4.05e-13, Node0: [Avg:2.89e-13, Max:9.89e-13, Min:1.31e-13], Node3: [Avg:1.49e-12, Max:3.96e-12, Min:7.57e-13], Node4: [Avg:3.39e-13, Max:9.52e-13, Min:1.31e-13], Node5: [Avg:1.65e-13, Max:4.40e-13, Min:8.41e-14], Node6: [Avg:6.72e-14, Max:2.27e-13, Min:3.29e-14], Node7: [Avg:5.09e-14, Max:1.15e-13, Min:3.03e-14], 
Self Tx power: RTS: (Avg: 0.0170, Min: 0.0106, Max: 0.0400), CTS: (Avg: 0.0114, Min: 0.0077, Max: 0.0201), ACK: (Avg: 0.0077, Min: 0.0077, Max: 0.0077), Data: (Avg: 0.0170, Min: 0.0106, Max: 0.0400)
CTS retry: 204, ACK retry: 668, # Receiver Drops: 533, # Pkts Receiver Drops: 659, # Sent ACKs: 1040, # Pkts ACK sent for: 1594, # Retransmissions: 872, # Pkts Retransmitted: 1349, # Receptions: 1040, # Pkts Received: 1447, # Forwards: 35, # Pkts Forwarded: 65

Node3
Avg Received Power: 3.85e-13, Node0: [Avg:1.27e-13, Max:4.40e-13, Min:5.84e-14], Node1: [Avg:3.37e-13, Max:9.89e-13, Min:1.31e-13], Node2: [Avg:1.42e-12, Max:3.96e-12, Min:7.57e-13], Node4: [Avg:1.35e-12, Max:3.81e-12, Min:5.26e-13], Node5: [Avg:3.62e-13, Max:9.89e-13, Min:1.89e-13], Node6: [Avg:1.19e-13, Max:4.04e-13, Min:5.84e-14], Node7: [Avg:7.98e-14, Max:1.80e-13, Min:4.73e-14], 
Avg INTF: 3.34e-13, Node0: [Avg:1.27e-13, Max:4.40e-13, Min:5.84e-14], Node1: [Avg:3.37e-13, Max:9.89e-13, Min:1.31e-13], Node4: [Avg:1.35e-12, Max:3.81e-12, Min:5.26e-13], Node5: [Avg:3.62e-13, Max:9.89e-13, Min:1.89e-13], Node6: [Avg:1.19e-13, Max:4.04e-13, Min:5.84e-14], Node7: [Avg:7.98e-14, Max:1.80e-13, Min:4.73e-14], 
Self Tx power: RTS: (Avg: 0.0159, Min: 0.0106, Max: 0.0400), CTS: (Avg: 0.0110, Min: 0.0077, Max: 0.0201), ACK: (Avg: 0.0077, Min: 0.0077, Max: 0.0077), Data: (Avg: 0.0159, Min: 0.0106, Max: 0.0400)
CTS retry: 75, ACK retry: 639, # Receiver Drops: 298, # Pkts Receiver Drops: 375, # Sent ACKs: 765, # Pkts ACK sent for: 1189, # Retransmissions: 714, # Pkts Retransmitted: 1041, # Receptions: 765, # Pkts Received: 1054, # Forwards: 27, # Pkts Forwarded: 63

Node4
Avg Received Power: 2.80e-13, Node0: [Avg:7.08e-14, Max:2.47e-13, Min:3.29e-14], Node1: [Avg:1.49e-13, Max:4.40e-13, Min:5.84e-14], Node2: [Avg:3.55e-13, Max:9.89e-13, Min:1.89e-13], Node3: [Avg:1.49e-12, Max:3.96e-12, Min:7.57e-13], Node5: [Avg:1.44e-12, Max:3.96e-12, Min:7.57e-13], Node6: [Avg:2.68e-13, Max:9.08e-13, Min:1.31e-13], Node7: [Avg:1.42e-13, Max:3.20e-13, Min:8.41e-14], 
Avg INTF: 2.17e-13, Node0: [Avg:7.08e-14, Max:2.47e-13, Min:3.29e-14], Node1: [Avg:1.49e-13, Max:4.40e-13, Min:5.84e-14], Node2: [Avg:3.55e-13, Max:9.89e-13, Min:1.89e-13], Node5: [Avg:1.44e-12, Max:3.96e-12, Min:7.57e-13], Node6: [Avg:2.68e-13, Max:9.08e-13, Min:1.31e-13], Node7: [Avg:1.42e-13, Max:3.20e-13, Min:8.41e-14], 
Self Tx power: RTS: (Avg: 0.0151, Min: 0.0077, Max: 0.0400), CTS: (Avg: 0.0107, Min: 0.0077, Max: 0.0201), ACK: (Avg: 0.0077, Min: 0.0077, Max: 0.0077), Data: (Avg: 0.0146, Min: 0.0053, Max: 0.0400)
CTS retry: 101, ACK retry: 657, # Receiver Drops: 264, # Pkts Receiver Drops: 328, # Sent ACKs: 666, # Pkts ACK sent for: 960, # Retransmissions: 758, # Pkts Retransmitted: 1095, # Receptions: 666, # Pkts Received: 893, # Forwards: 0, # Pkts Forwarded: 0

Node5
Avg Received Power: 2.83e-13, Node0: [Avg:4.56e-14, Max:1.58e-13, Min:2.10e-14], Node1: [Avg:8.39e-14, Max:2.47e-13, Min:3.29e-14], Node2: [Avg:1.59e-13, Max:4.40e-13, Min:8.41e-14], Node3: [Avg:3.72e-13, Max:9.89e-13, Min:1.89e-13], Node4: [Avg:1.35e-12, Max:3.81e-12, Min:5.26e-13], Node6: [Avg:1.06e-12, Max:3.63e-12, Min:5.26e-13], Node7: [Avg:3.19e-13, Max:7.20e-13, Min:1.89e-13], 
Avg INTF: 1.99e-13, Node0: [Avg:4.56e-14, Max:1.58e-13, Min:2.10e-14], Node1: [Avg:8.39e-14, Max:2.47e-13, Min:3.29e-14], Node2: [Avg:1.59e-13, Max:4.40e-13, Min:8.41e-14], Node3: [Avg:3.72e-13, Max:9.89e-13, Min:1.89e-13], Node6: [Avg:1.06e-12, Max:3.63e-12, Min:5.26e-13], Node7: [Avg:3.19e-13, Max:7.20e-13, Min:1.89e-13], 
Self Tx power: RTS: (Avg: 0.0147, Min: 0.0106, Max: 0.0400), CTS: (Avg: 0.0106, Min: 0.0077, Max: 0.0201), ACK: (Avg: 0.0077, Min: 0.0077, Max: 0.0077), Data: (Avg: 0.0147, Min: 0.0106, Max: 0.0400)
CTS retry: 50, ACK retry: 310, # Receiver Drops: 239, # Pkts Receiver Drops: 278, # Sent ACKs: 654, # Pkts ACK sent for: 947, # Retransmissions: 360, # Pkts Retransmitted: 455, # Receptions: 654, # Pkts Received: 912, # Forwards: 24, # Pkts Forwarded: 62

Node6
Avg Received Power: 1.84e-13, Node0: [Avg:3.15e-14, Max:1.10e-13, Min:1.46e-14], Node1: [Avg:5.27e-14, Max:1.58e-13, Min:2.10e-14], Node2: [Avg:8.80e-14, Max:2.47e-13, Min:4.73e-14], Node3: [Avg:1.67e-13, Max:4.40e-13, Min:8.41e-14], Node4: [Avg:3.36e-13, Max:9.52e-13, Min:1.31e-13], Node5: [Avg:1.44e-12, Max:3.96e-12, Min:7.57e-13], Node7: [Avg:1.28e-12, Max:2.88e-12, Min:7.57e-13], 
Avg INTF: 1.61e-13, Node0: [Avg:3.15e-14, Max:1.10e-13, Min:1.46e-14], Node1: [Avg:5.27e-14, Max:1.58e-13, Min:2.10e-14], Node2: [Avg:8.80e-14, Max:2.47e-13, Min:4.73e-14], Node3: [Avg:1.67e-13, Max:4.40e-13, Min:8.41e-14], Node4: [Avg:3.36e-13, Max:9.52e-13, Min:1.31e-13], Node7: [Avg:1.28e-12, Max:2.88e-12, Min:7.57e-13], 
Self Tx power: RTS: (Avg: 0.0116, Min: 0.0077, Max: 0.0368), CTS: (Avg: 0.0100, Min: 0.0077, Max: 0.0201), ACK: (Avg: 0.0077, Min: 0.0077, Max: 0.0077), Data: (Avg: 0.0108, Min: 0.0053, Max: 0.0368)
CTS retry: 24, ACK retry: 479, # Receiver Drops: 55, # Pkts Receiver Drops: 66, # Sent ACKs: 434, # Pkts ACK sent for: 547, # Retransmissions: 503, # Pkts Retransmitted: 725, # Receptions: 434, # Pkts Received: 534, # Forwards: 0, # Pkts Forwarded: 0

Node7
Avg Received Power: 1.23e-13, Node0: [Avg:2.33e-14, Max:8.08e-14, Min:1.07e-14], Node1: [Avg:3.70e-14, Max:1.10e-13, Min:1.46e-14], Node2: [Avg:5.65e-14, Max:1.58e-13, Min:3.03e-14], Node3: [Avg:9.39e-14, Max:2.47e-13, Min:4.73e-14], Node4: [Avg:1.52e-13, Max:4.23e-13, Min:5.84e-14], Node5: [Avg:3.61e-13, Max:9.89e-13, Min:1.89e-13], Node6: [Avg:1.07e-12, Max:3.63e-12, Min:5.26e-13], 
Avg INTF: 6.40e-14, Node0: [Avg:2.33e-14, Max:8.08e-14, Min:1.07e-14], Node1: [Avg:3.70e-14, Max:1.10e-13, Min:1.46e-14], Node2: [Avg:5.65e-14, Max:1.58e-13, Min:3.03e-14], Node3: [Avg:9.39e-14, Max:2.47e-13, Min:4.73e-14], Node4: [Avg:1.52e-13, Max:4.23e-13, Min:5.84e-14], Node5: [Avg:3.61e-13, Max:9.89e-13, Min:1.89e-13], 
Self Tx power: RTS: (Avg: 0.0132, Min: 0.0106, Max: 0.0352), CTS: (Avg: 0.0106, Min: 0.0077, Max: 0.0201), ACK: (Avg: 0.0077, Min: 0.0077, Max: 0.0077), Data: (Avg: 0.0132, Min: 0.0106, Max: 0.0352)
CTS retry: 32, ACK retry: 417, # Receiver Drops: 83, # Pkts Receiver Drops: 102, # Sent ACKs: 536, # Pkts ACK sent for: 737, # Retransmissions: 449, # Pkts Retransmitted: 675, # Receptions: 536, # Pkts Received: 733, # Forwards: 0, # Pkts Forwarded: 0

Node8
Avg Received Power: 1.16e-13, Node0: [Avg:1.79e-14, Max:6.18e-14, Min:8.22e-15], Node1: [Avg:2.73e-14, Max:8.08e-14, Min:1.07e-14], Node2: [Avg:3.94e-14, Max:1.10e-13, Min:2.10e-14], Node3: [Avg:5.95e-14, Max:1.58e-13, Min:3.03e-14], Node4: [Avg:8.44e-14, Max:2.38e-13, Min:3.29e-14], Node5: [Avg:1.60e-13, Max:4.40e-13, Min:8.41e-14], Node6: [Avg:2.66e-13, Max:9.08e-13, Min:1.31e-13], Node7: [Avg:1.28e-12, Max:2.88e-12, Min:7.57e-13], 
Avg INTF: 5.58e-14, Node0: [Avg:1.79e-14, Max:6.18e-14, Min:8.22e-15], Node1: [Avg:2.73e-14, Max:8.08e-14, Min:1.07e-14], Node2: [Avg:3.94e-14, Max:1.10e-13, Min:2.10e-14], Node3: [Avg:5.95e-14, Max:1.58e-13, Min:3.03e-14], Node4: [Avg:8.44e-14, Max:2.38e-13, Min:3.29e-14], Node5: [Avg:1.60e-13, Max:4.40e-13, Min:8.41e-14], Node6: [Avg:2.66e-13, Max:9.08e-13, Min:1.31e-13], 
Self Tx power: RTS: (Avg: nan, Min: inf, Max: -inf), CTS: (Avg: nan, Min: inf, Max: -inf), ACK: (Avg: 0.0077, Min: 0.0077, Max: 0.0077), Data: (Avg: nan, Min: inf, Max: -inf)
CTS retry: 0, ACK retry: 0, # Receiver Drops: 17, # Pkts Receiver Drops: 28, # Sent ACKs: 521, # Pkts ACK sent for: 744, # Retransmissions: 0, # Pkts Retransmitted: 0, # Receptions: 521, # Pkts Received: 721, # Forwards: 0, # Pkts Forwarded: 0

Node9
Avg Received Power: 3.46e-14, Node0: [Avg:2.29e-14, Max:7.91e-14, Min:1.05e-14], Node1: [Avg:3.27e-14, Max:9.65e-14, Min:1.28e-14], Node2: [Avg:4.17e-14, Max:1.16e-13, Min:2.23e-14], Node3: [Avg:5.13e-14, Max:1.36e-13, Min:2.61e-14], Node4: [Avg:5.19e-14, Max:1.47e-13, Min:2.02e-14], Node5: [Avg:5.78e-14, Max:1.58e-13, Min:3.03e-14], Node6: [Avg:4.09e-14, Max:1.40e-13, Min:2.02e-14], Node7: [Avg:4.40e-14, Max:9.93e-14, Min:2.61e-14], 
Avg INTF: 3.52e-14, Node0: [Avg:2.29e-14, Max:7.91e-14, Min:1.05e-14], Node1: [Avg:3.27e-14, Max:9.65e-14, Min:1.28e-14], Node2: [Avg:4.17e-14, Max:1.16e-13, Min:2.23e-14], Node3: [Avg:5.13e-14, Max:1.36e-13, Min:2.61e-14], Node4: [Avg:5.19e-14, Max:1.47e-13, Min:2.02e-14], Node5: [Avg:5.78e-14, Max:1.58e-13, Min:3.03e-14], Node6: [Avg:4.09e-14, Max:1.40e-13, Min:2.02e-14], Node7: [Avg:4.40e-14, Max:9.93e-14, Min:2.61e-14], 
Self Tx power: RTS: (Avg: nan, Min: inf, Max: -inf), CTS: (Avg: nan, Min: inf, Max: -inf), ACK: (Avg: nan, Min: inf, Max: -inf), Data: (Avg: nan, Min: inf, Max: -inf)
CTS retry: 0, ACK retry: 0, # Receiver Drops: 0, # Pkts Receiver Drops: 0, # Sent ACKs: 0, # Pkts ACK sent for: 0, # Retransmissions: 0, # Pkts Retransmitted: 0, # Receptions: 0, # Pkts Received: 0, # Forwards: 0, # Pkts Forwarded: 0

Node10
Avg Received Power: 4.76e-14, Node0: [Avg:2.79e-14, Max:9.65e-14, Min:1.28e-14], Node1: [Avg:4.19e-14, Max:1.24e-13, Min:1.64e-14], Node2: [Avg:5.67e-14, Max:1.58e-13, Min:3.03e-14], Node3: [Avg:7.43e-14, Max:1.98e-13, Min:3.79e-14], Node4: [Avg:7.94e-14, Max:2.24e-13, Min:3.09e-14], Node5: [Avg:9.03e-14, Max:2.47e-13, Min:4.73e-14], Node6: [Avg:6.25e-14, Max:2.14e-13, Min:3.09e-14], Node7: [Avg:6.38e-14, Max:1.44e-13, Min:3.79e-14], 
Avg INTF: 4.85e-14, Node0: [Avg:2.79e-14, Max:9.65e-14, Min:1.28e-14], Node1: [Avg:4.19e-14, Max:1.24e-13, Min:1.64e-14], Node2: [Avg:5.67e-14, Max:1.58e-13, Min:3.03e-14], Node3: [Avg:7.43e-14, Max:1.98e-13, Min:3.79e-14], Node4: [Avg:7.94e-14, Max:2.24e-13, Min:3.09e-14], Node5: [Avg:9.03e-14, Max:2.47e-13, Min:4.73e-14], Node6: [Avg:6.25e-14, Max:2.14e-13, Min:3.09e-14], Node7: [Avg:6.38e-14, Max:1.44e-13, Min:3.79e-14], 
Self Tx power: RTS: (Avg: nan, Min: inf, Max: -inf), CTS: (Avg: nan, Min: inf, Max: -inf), ACK: (Avg: nan, Min: inf, Max: -inf), Data: (Avg: nan, Min: inf, Max: -inf)
CTS retry: 0, ACK retry: 0, # Receiver Drops: 0, # Pkts Receiver Drops: 0, # Sent ACKs: 0, # Pkts ACK sent for: 0, # Retransmissions: 0, # Pkts Retransmitted: 0, # Receptions: 0, # Pkts Received: 0, # Forwards: 0, # Pkts Forwarded: 0

Node11
Avg Received Power: 6.97e-14, Node0: [Avg:3.37e-14, Max:1.16e-13, Min:1.55e-14], Node1: [Avg:5.36e-14, Max:1.58e-13, Min:2.10e-14], Node2: [Avg:7.88e-14, Max:2.20e-13, Min:4.21e-14], Node3: [Avg:1.14e-13, Max:3.04e-13, Min:5.83e-14], Node4: [Avg:1.35e-13, Max:3.81e-13, Min:5.26e-14], Node5: [Avg:1.60e-13, Max:4.40e-13, Min:8.41e-14], Node6: [Avg:1.06e-13, Max:3.63e-13, Min:5.26e-14], Node7: [Avg:9.81e-14, Max:2.21e-13, Min:5.83e-14], 
Avg INTF: 7.10e-14, Node0: [Avg:3.37e-14, Max:1.16e-13, Min:1.55e-14], Node1: [Avg:5.36e-14, Max:1.58e-13, Min:2.10e-14], Node2: [Avg:7.88e-14, Max:2.20e-13, Min:4.21e-14], Node3: [Avg:1.14e-13, Max:3.04e-13, Min:5.83e-14], Node4: [Avg:1.35e-13, Max:3.81e-13, Min:5.26e-14], Node5: [Avg:1.60e-13, Max:4.40e-13, Min:8.41e-14], Node6: [Avg:1.06e-13, Max:3.63e-13, Min:5.26e-14], Node7: [Avg:9.81e-14, Max:2.21e-13, Min:5.83e-14], 
Self Tx power: RTS: (Avg: nan, Min: inf, Max: -inf), CTS: (Avg: nan, Min: inf, Max: -inf), ACK: (Avg: nan, Min: inf, Max: -inf), Data: (Avg: nan, Min: inf, Max: -inf)
CTS retry: 0, ACK retry: 0, # Receiver Drops: 0, # Pkts Receiver Drops: 0, # Sent ACKs: 0, # Pkts ACK sent for: 0, # Retransmissions: 0, # Pkts Retransmitted: 0, # Receptions: 0, # Pkts Received: 0, # Forwards: 0, # Pkts Forwarded: 0

Node12
Avg Received Power: 1.13e-13, Node0: [Avg:3.95e-14, Max:1.36e-13, Min:1.81e-14], Node1: [Avg:6.70e-14, Max:1.98e-13, Min:2.63e-14], Node2: [Avg:1.09e-13, Max:3.04e-13, Min:5.83e-14], Node3: [Avg:1.86e-13, Max:4.95e-13, Min:9.47e-14], Node4: [Avg:2.70e-13, Max:7.62e-13, Min:1.05e-13], Node5: [Avg:3.61e-13, Max:9.89e-13, Min:1.89e-13], Node6: [Avg:2.12e-13, Max:7.27e-13, Min:1.05e-13], Node7: [Avg:1.59e-13, Max:3.60e-13, Min:9.47e-14], 
Avg INTF: 1.15e-13, Node0: [Avg:3.95e-14, Max:1.36e-13, Min:1.81e-14], Node1: [Avg:6.70e-14, Max:1.98e-13, Min:2.63e-14], Node2: [Avg:1.09e-13, Max:3.04e-13, Min:5.83e-14], Node3: [Avg:1.86e-13, Max:4.95e-13, Min:9.47e-14], Node4: [Avg:2.70e-13, Max:7.62e-13, Min:1.05e-13], Node5: [Avg:3.61e-13, Max:9.89e-13, Min:1.89e-13], Node6: [Avg:2.12e-13, Max:7.27e-13, Min:1.05e-13], Node7: [Avg:1.59e-13, Max:3.60e-13, Min:9.47e-14], 
Self Tx power: RTS: (Avg: nan, Min: inf, Max: -inf), CTS: (Avg: nan, Min: inf, Max: -inf), ACK: (Avg: nan, Min: inf, Max: -inf), Data: (Avg: nan, Min: inf, Max: -inf)
CTS retry: 0, ACK retry: 0, # Receiver Drops: 0, # Pkts Receiver Drops: 0, # Sent ACKs: 0, # Pkts ACK sent for: 0, # Retransmissions: 0, # Pkts Retransmitted: 0, # Receptions: 0, # Pkts Received: 0, # Forwards: 0, # Pkts Forwarded: 0

Node13
Avg Received Power: 2.33e-13, Node0: [Avg:4.40e-14, Max:1.52e-13, Min:2.02e-14], Node1: [Avg:7.88e-14, Max:2.33e-13, Min:3.09e-14], Node2: [Avg:1.42e-13, Max:3.96e-13, Min:7.57e-14], Node3: [Avg:2.97e-13, Max:7.91e-13, Min:1.51e-13], Node4: [Avg:6.75e-13, Max:1.90e-12, Min:2.63e-13], Node5: [Avg:1.44e-12, Max:3.96e-12, Min:7.57e-13], Node6: [Avg:5.31e-13, Max:1.82e-12, Min:2.63e-13], Node7: [Avg:2.55e-13, Max:5.76e-13, Min:1.51e-13], 
Avg INTF: 2.37e-13, Node0: [Avg:4.40e-14, Max:1.52e-13, Min:2.02e-14], Node1: [Avg:7.88e-14, Max:2.33e-13, Min:3.09e-14], Node2: [Avg:1.42e-13, Max:3.96e-13, Min:7.57e-14], Node3: [Avg:2.97e-13, Max:7.91e-13, Min:1.51e-13], Node4: [Avg:6.75e-13, Max:1.90e-12, Min:2.63e-13], Node5: [Avg:1.44e-12, Max:3.96e-12, Min:7.57e-13], Node6: [Avg:5.31e-13, Max:1.82e-12, Min:2.63e-13], Node7: [Avg:2.55e-13, Max:5.76e-13, Min:1.51e-13], 
Self Tx power: RTS: (Avg: nan, Min: inf, Max: -inf), CTS: (Avg: nan, Min: inf, Max: -inf), ACK: (Avg: nan, Min: inf, Max: -inf), Data: (Avg: nan, Min: inf, Max: -inf)
CTS retry: 0, ACK retry: 0, # Receiver Drops: 0, # Pkts Receiver Drops: 0, # Sent ACKs: 0, # Pkts ACK sent for: 0, # Retransmissions: 0, # Pkts Retransmitted: 0, # Receptions: 0, # Pkts Received: 0, # Forwards: 0, # Pkts Forwarded: 0

Node14
Avg Received Power: 2.33e-13, Node0: [Avg:4.40e-14, Max:1.52e-13, Min:2.02e-14], Node1: [Avg:7.88e-14, Max:2.33e-13, Min:3.09e-14], Node2: [Avg:1.42e-13, Max:3.96e-13, Min:7.57e-14], Node3: [Avg:2.97e-13, Max:7.91e-13, Min:1.51e-13], Node4: [Avg:6.75e-13, Max:1.90e-12, Min:2.63e-13], Node5: [Avg:1.44e-12, Max:3.96e-12, Min:7.57e-13], Node6: [Avg:5.31e-13, Max:1.82e-12, Min:2.63e-13], Node7: [Avg:2.55e-13, Max:5.76e-13, Min:1.51e-13], 
Avg INTF: 2.37e-13, Node0: [Avg:4.40e-14, Max:1.52e-13, Min:2.02e-14], Node1: [Avg:7.88e-14, Max:2.33e-13, Min:3.09e-14], Node2: [Avg:1.42e-13, Max:3.96e-13, Min:7.57e-14], Node3: [Avg:2.97e-13, Max:7.91e-13, Min:1.51e-13], Node4: [Avg:6.75e-13, Max:1.90e-12, Min:2.63e-13], Node5: [Avg:1.44e-12, Max:3.96e-12, Min:7.57e-13], Node6: [Avg:5.31e-13, Max:1.82e-12, Min:2.63e-13], Node7: [Avg:2.55e-13, Max:5.76e-13, Min:1.51e-13], 
Self Tx power: RTS: (Avg: nan, Min: inf, Max: -inf), CTS: (Avg: nan, Min: inf, Max: -inf), ACK: (Avg: nan, Min: inf, Max: -inf), Data: (Avg: nan, Min: inf, Max: -inf)
CTS retry: 0, ACK retry: 0, # Receiver Drops: 0, # Pkts Receiver Drops: 0, # Sent ACKs: 0, # Pkts ACK sent for: 0, # Retransmissions: 0, # Pkts Retransmitted: 0, # Receptions: 0, # Pkts Received: 0, # Forwards: 0, # Pkts Forwarded: 0

Node15
Avg Received Power: 1.13e-13, Node0: [Avg:3.95e-14, Max:1.36e-13, Min:1.81e-14], Node1: [Avg:6.70e-14, Max:1.98e-13, Min:2.63e-14], Node2: [Avg:1.09e-13, Max:3.04e-13, Min:5.83e-14], Node3: [Avg:1.86e-13, Max:4.95e-13, Min:9.47e-14], Node4: [Avg:2.70e-13, Max:7.62e-13, Min:1.05e-13], Node5: [Avg:3.61e-13, Max:9.89e-13, Min:1.89e-13], Node6: [Avg:2.12e-13, Max:7.27e-13, Min:1.05e-13], Node7: [Avg:1.59e-13, Max:3.60e-13, Min:9.47e-14], 
Avg INTF: 1.15e-13, Node0: [Avg:3.95e-14, Max:1.36e-13, Min:1.81e-14], Node1: [Avg:6.70e-14, Max:1.98e-13, Min:2.63e-14], Node2: [Avg:1.09e-13, Max:3.04e-13, Min:5.83e-14], Node3: [Avg:1.86e-13, Max:4.95e-13, Min:9.47e-14], Node4: [Avg:2.70e-13, Max:7.62e-13, Min:1.05e-13], Node5: [Avg:3.61e-13, Max:9.89e-13, Min:1.89e-13], Node6: [Avg:2.12e-13, Max:7.27e-13, Min:1.05e-13], Node7: [Avg:1.59e-13, Max:3.60e-13, Min:9.47e-14], 
Self Tx power: RTS: (Avg: nan, Min: inf, Max: -inf), CTS: (Avg: nan, Min: inf, Max: -inf), ACK: (Avg: nan, Min: inf, Max: -inf), Data: (Avg: nan, Min: inf, Max: -inf)
CTS retry: 0, ACK retry: 0, # Receiver Drops: 0, # Pkts Receiver Drops: 0, # Sent ACKs: 0, # Pkts ACK sent for: 0, # Retransmissions: 0, # Pkts Retransmitted: 0, # Receptions: 0, # Pkts Received: 0, # Forwards: 0, # Pkts Forwarded: 0

Node16
Avg Received Power: 6.97e-14, Node0: [Avg:3.37e-14, Max:1.16e-13, Min:1.55e-14], Node1: [Avg:5.36e-14, Max:1.58e-13, Min:2.10e-14], Node2: [Avg:7.88e-14, Max:2.20e-13, Min:4.21e-14], Node3: [Avg:1.14e-13, Max:3.04e-13, Min:5.83e-14], Node4: [Avg:1.35e-13, Max:3.81e-13, Min:5.26e-14], Node5: [Avg:1.60e-13, Max:4.40e-13, Min:8.41e-14], Node6: [Avg:1.06e-13, Max:3.63e-13, Min:5.26e-14], Node7: [Avg:9.81e-14, Max:2.21e-13, Min:5.83e-14], 
Avg INTF: 7.10e-14, Node0: [Avg:3.37e-14, Max:1.16e-13, Min:1.55e-14], Node1: [Avg:5.36e-14, Max:1.58e-13, Min:2.10e-14], Node2: [Avg:7.88e-14, Max:2.20e-13, Min:4.21e-14], Node3: [Avg:1.14e-13, Max:3.04e-13, Min:5.83e-14], Node4: [Avg:1.35e-13, Max:3.81e-13, Min:5.26e-14], Node5: [Avg:1.60e-13, Max:4.40e-13, Min:8.41e-14], Node6: [Avg:1.06e-13, Max:3.63e-13, Min:5.26e-14], Node7: [Avg:9.81e-14, Max:2.21e-13, Min:5.83e-14], 
Self Tx power: RTS: (Avg: nan, Min: inf, Max: -inf), CTS: (Avg: nan, Min: inf, Max: -inf), ACK: (Avg: nan, Min: inf, Max: -inf), Data: (Avg: nan, Min: inf, Max: -inf)
CTS retry: 0, ACK retry: 0, # Receiver Drops: 0, # Pkts Receiver Drops: 0, # Sent ACKs: 0, # Pkts ACK sent for: 0, # Retransmissions: 0, # Pkts Retransmitted: 0, # Receptions: 0, # Pkts Received: 0, # Forwards: 0, # Pkts Forwarded: 0

Node17
Avg Received Power: 4.10e-14, Node0: [Avg:4.58e-14, Max:1.58e-13, Min:2.10e-14], Node1: [Avg:5.15e-14, Max:1.52e-13, Min:2.02e-14], Node2: [Avg:4.89e-14, Max:1.36e-13, Min:2.61e-14], Node3: [Avg:4.37e-14, Max:1.16e-13, Min:2.23e-14], Node4: [Avg:3.29e-14, Max:9.29e-14, Min:1.28e-14], Node5: [Avg:2.89e-14, Max:7.91e-14, Min:1.51e-14], Node6: [Avg:1.74e-14, Max:5.96e-14, Min:8.62e-15], Node7: [Avg:1.72e-14, Max:3.89e-14, Min:1.02e-14], 
Avg INTF: 4.17e-14, Node0: [Avg:4.58e-14, Max:1.58e-13, Min:2.10e-14], Node1: [Avg:5.15e-14, Max:1.52e-13, Min:2.02e-14], Node2: [Avg:4.89e-14, Max:1.36e-13, Min:2.61e-14], Node3: [Avg:4.37e-14, Max:1.16e-13, Min:2.23e-14], Node4: [Avg:3.29e-14, Max:9.29e-14, Min:1.28e-14], Node5: [Avg:2.89e-14, Max:7.91e-14, Min:1.51e-14], Node6: [Avg:1.74e-14, Max:5.96e-14, Min:8.62e-15], Node7: [Avg:1.72e-14, Max:3.89e-14, Min:1.02e-14], 
Self Tx power: RTS: (Avg: nan, Min: inf, Max: -inf), CTS: (Avg: nan, Min: inf, Max: -inf), ACK: (Avg: nan, Min: inf, Max: -inf), Data: (Avg: nan, Min: inf, Max: -inf)
CTS retry: 0, ACK retry: 0, # Receiver Drops: 0, # Pkts Receiver Drops: 0, # Sent ACKs: 0, # Pkts ACK sent for: 0, # Retransmissions: 0, # Pkts Retransmitted: 0, # Receptions: 0, # Pkts Received: 0, # Forwards: 0, # Pkts Forwarded: 0

