Packet ID,Enqueue Time (in s),Dequeue Time (in s),Dropped?,Drop Reason,Freezes,Tx INTF,Rx INTF
2000010932556_Node0_Node8_Zero,2000.034713,2000.086887,1,RetryLimit,358,0,nan
2000016399477_Node0_Node8_Zero,2000.034713,2000.086887,1,RetryLimit,358,0,nan
2000021868395_Node0_Node8_Zero,2000.034713,2000.086887,1,RetryLimit,358,0,nan
2000027333597_Node0_Node8_Zero,2000.038016,2000.090228,0,,299,5.2586982e-13,0
2000032798784_Node0_Node8_Zero,2000.038016,2000.090228,0,,299,5.2586982e-13,0
2000038266521_Node0_Node8_Zero,2000.040952,2000.090228,0,,266,5.2586982e-13,0
2000043735184_Node0_Node8_Zero,2000.044509,2000.092178,0,,235,5.2586982e-13,0
2000049202658_Node0_Node8_Zero,2000.051745,2000.092178,0,,202,5.2586982e-13,0
2000054668610_Node0_Node8_Zero,2000.056737,2000.092178,0,,169,5.2586982e-13,0
2000060132170_Node0_Node8_Zero,2000.061046,2000.09619,0,,227,5.2586982e-13,0
2000065597205_Node0_Node8_Zero,2000.066391,2000.09619,0,,194,5.2586982e-13,0
2000071062803_Node0_Node8_Zero,2000.071917,2000.09619,0,,161,5.2586982e-13,0
2000076531524_Node0_Node8_Zero,2000.077506,2000.099052,0,,163,5.2586982e-13,0
2000081994365_Node0_Node8_Zero,2000.082708,2000.099052,0,,130,5.2586982e-13,0
2000087461343_Node0_Node8_Zero,2000.088195,2000.099052,0,,129,5.2586982e-13,0
2000092922241_Node0_Node8_Zero,2000.097008,2000.100753,0,,37,5.2586982e-13,0
2000098384798_Node0_Node8_Zero,2000.099915,2000.10347,0,,93,5.2586982e-13,0
2000103847066_Node0_Node8_Zero,2000.104841,2000.105914,0,,1,5.2586982e-13,0
2000109313771_Node0_Node8_Zero,2000.110008,2000.1111,0,,1,5.2586982e-13,0
2000114774446_Node0_Node8_Zero,2000.115709,2000.116541,0,,1,5.2586982e-13,0
2000120242375_Node0_Node8_Zero,2000.121116,2000.124002,0,,90,5.2586982e-13,0
2000125710461_Node0_Node8_Zero,2000.127966,2000.128998,0,,1,5.2586982e-13,0
2000131172587_Node0_Node8_Zero,2000.131967,2000.133039,0,,1,5.2586982e-13,0
2000136635368_Node0_Node8_Zero,2000.137389,2000.138242,0,,1,5.2586982e-13,0
2000142095084_Node0_Node8_Zero,2000.142829,2000.143762,0,,1,5.2586982e-13,0
2000147563164_Node0_Node8_Zero,2000.148417,2000.14929,0,,1,5.2586982e-13,0
2000153025270_Node0_Node8_Zero,2000.156337,2000.161069,0,,90,5.2586982e-13,0
2000158489280_Node0_Node8_Zero,2000.161885,2000.169229,0,,212,5.2586982e-13,0
2000163949413_Node0_Node8_Zero,2000.164664,2000.170018,0,,93,5.2586982e-13,0
2000169417447_Node0_Node8_Zero,2000.172637,2000.173449,0,,1,5.2586982e-13,0
2000174886178_Node0_Node8_Zero,2000.176126,2000.178876,0,,90,5.2586982e-13,0
2000180345955_Node0_Node8_Zero,2000.182331,2000.185246,0,,1,5.2586982e-13,0
2000185807995_Node0_Node8_Zero,2000.187087,2000.18808,0,,1,5.2586982e-13,0
2000191268422_Node0_Node8_Zero,2000.192023,2000.193075,0,,1,5.2586982e-13,0
2000196734777_Node0_Node8_Zero,2000.198184,2000.199277,0,,1,5.2586982e-13,0
2000202197837_Node0_Node8_Zero,2000.202992,2000.204065,0,,1,5.2586982e-13,0
2000207661521_Node0_Node8_Zero,2000.208576,2000.209588,0,,1,5.2586982e-13,0
2000213125220_Node0_Node8_Zero,2000.216186,2000.216999,0,,1,5.2586982e-13,0
2000218588744_Node0_Node8_Zero,2000.219543,2000.220375,0,,1,5.2586982e-13,0
2000224053583_Node0_Node8_Zero,2000.224888,2000.22576,0,,1,5.2586982e-13,0
2000229518277_Node0_Node8_Zero,2000.230472,2000.231345,0,,1,5.2586982e-13,0
2000234985639_Node0_Node8_Zero,2000.237411,2000.238383,0,,1,5.2586982e-13,0
2000240449846_Node0_Node8_Zero,2000.241324,2000.242417,0,,1,5.2586982e-13,0
2000245912605_Node0_Node8_Zero,2000.246667,2000.247759,0,,1,5.2586982e-13,0
2000251376237_Node0_Node8_Zero,2000.25209,2000.253023,0,,1,5.2586982e-13,0
2000256845338_Node0_Node8_Zero,2000.257719,2000.258732,0,,1,5.2586982e-13,0
2000262314598_Node0_Node8_Zero,2000.264426,2000.283872,0,,543,5.2586982e-13,0
2000267777348_Node0_Node8_Zero,2000.268471,2000.289269,0,,424,5.2586982e-13,0
2000273238011_Node0_Node8_Zero,2000.275078,2000.289269,0,,213,5.2586982e-13,0
2000278703065_Node0_Node8_Zero,2000.279537,2000.289269,0,,92,5.2586982e-13,0
2000284171607_Node0_Node8_Zero,2000.287336,2000.293911,0,,181,5.2586982e-13,0
2000289639500_Node0_Node8_Zero,2000.29464,2000.296349,0,,34,5.2586982e-13,0
2000295107506_Node0_Node8_Zero,2000.299033,2000.31487,0,,522,5.2586982e-13,0
2000300573565_Node0_Node8_Zero,2000.30417,2000.319968,0,,370,5.2586982e-13,0
2000306038575_Node0_Node8_Zero,2000.308075,2000.319968,0,,248,5.2586982e-13,0
2000311501047_Node0_Node8_Zero,2000.313656,2000.319968,0,,4,5.2586982e-13,0
2000316961517_Node0_Node8_Zero,2000.317936,2000.322794,0,,92,5.2586982e-13,0
2000322422899_Node0_Node8_Zero,2000.323496,2000.327302,0,,121,5.2586982e-13,0
2000327891952_Node0_Node8_Zero,2000.328943,2000.348994,0,,198,5.5873668375e-13,0
2000333361224_Node0_Node8_Zero,2000.334235,2000.386502,0,,135,5.2586982e-13,0
2000338828693_Node0_Node8_Zero,2000.340702,2000.386502,0,,102,5.2586982e-13,0
2000344297986_Node0_Node8_Zero,2000.38435,2000.386502,0,,1,5.2586982e-13,0
2000349764583_Node0_Node8_Zero,2000.390624,2000.396656,0,,179,5.2586982e-13,0
2000355225654_Node0_Node8_Zero,2000.390624,2000.396656,0,,179,5.2586982e-13,0
2000360693510_Node0_Node8_Zero,2000.390624,2000.396656,0,,179,5.2586982e-13,0
2000366155737_Node0_Node8_Zero,2000.410317,2013.648854,1,Expiry,111567,0,nan
2000371619910_Node0_Node8_Zero,2000.42875,2013.651555,1,Expiry,111565,0,nan
2000377083724_Node0_Node8_Zero,2000.42875,2013.651555,1,Expiry,111565,0,nan
2000382544590_Node0_Node8_Zero,2000.430783,inf,-1,Still in Queue,-3120,2.7910648107083567e-12,nan
2000388008714_Node0_Node8_Zero,2000.430783,inf,-1,Still in Queue,-3120,2.7910648107083567e-12,nan
2000393473614_Node0_Node8_Zero,2000.434976,2000.805208,1,RetryLimit,3613,3.368330979841885e-13,nan
2000398933095_Node0_Node8_Zero,2000.434976,2000.805208,1,RetryLimit,3613,3.368330979841885e-13,nan
2000404393581_Node0_Node8_Zero,2000.45227,2002.89231,1,RetryLimit,17832,0,nan
2000409862250_Node0_Node8_Zero,2000.45227,2002.89231,1,RetryLimit,17832,0,nan
2000426253037_Node0_Node8_Zero,2000.454348,2003.009549,1,RetryLimit,18823,0,nan
2000431714143_Node0_Node8_Zero,2000.454348,2003.009549,1,RetryLimit,18823,0,nan
2000415323798_Node0_Node8_Zero,2000.456334,2013.480826,1,Expiry,110892,0,nan
2000420784444_Node0_Node8_Zero,2000.456334,2013.480826,1,Expiry,110892,0,nan
2000437175847_Node0_Node8_Zero,2000.458216,inf,-1,Still in Queue,-3705,6.588967350000002e-13,nan
2000453568063_Node0_Node8_Zero,2000.460149,inf,-1,Still in Queue,-3705,1.04925114e-12,nan
2000459030169_Node0_Node8_Zero,2000.466574,2001.953596,1,RetryLimit,17832,1.31467455e-13,nan
2000464497048_Node0_Node8_Zero,2000.466574,2001.953596,1,RetryLimit,17832,1.31467455e-13,nan
2000442645136_Node0_Node8_Zero,2000.468861,inf,-1,Still in Queue,-3705,1.04925114e-12,nan
2000448106199_Node0_Node8_Zero,2000.474507,inf,-1,Still in Queue,-3705,1.04925114e-12,nan
2000475417357_Node0_Node8_Zero,2000.477191,2002.124647,1,RetryLimit,17832,0,nan
2000469957873_Node0_Node8_Zero,2000.488368,2002.124647,1,RetryLimit,17832,0,nan
2000480882377_Node0_Node8_Zero,2000.510717,2013.916491,1,Expiry,110892,0,nan
2000502738602_Node0_Node8_Zero,2000.603698,2002.016906,1,RetryLimit,17685,1.4514126174381093e-13,nan
2000497277246_Node0_Node8_Zero,2000.605654,2002.175221,1,RetryLimit,17597,0,nan
2000486351511_Node0_Node8_Zero,2000.60775,2002.175221,1,RetryLimit,17508,0,nan
2000491817531_Node0_Node8_Zero,2000.60775,inf,-1,Still in Queue,-4029,1.3651817896102568e-12,nan
2000508201070_Node0_Node8_Zero,2000.624483,inf,-1,Still in Queue,-4477,1.3676561829365262e-12,nan
2000513665056_Node0_Node8_Zero,2000.624483,2013.294303,1,Expiry,110120,1.4857776495938253e-12,nan
2000530061833_Node0_Node8_Zero,2000.638828,2013.294303,1,Expiry,109848,1.4857776495938253e-12,nan
2000535525262_Node0_Node8_Zero,2000.638828,inf,-1,Still in Queue,-4749,1.1222488587513e-12,nan
2000551924331_Node0_Node8_Zero,2000.645394,inf,-1,Still in Queue,-5053,2.0005728714410856e-12,nan
2000557385974_Node0_Node8_Zero,2000.649807,2013.468231,1,Expiry,109474,2.7480387e-12,nan
2000540994092_Node0_Node8_Zero,2000.664579,2013.468231,1,Expiry,109474,2.7480387e-12,nan
2000562853831_Node0_Node8_Zero,2000.672941,inf,-1,Still in Queue,-5123,3.8702875587513e-12,nan
2000546456169_Node0_Node8_Zero,2000.68046,inf,-1,Still in Queue,-5123,8.0574610076255e-14,nan
2000573781474_Node0_Node8_Zero,2000.703786,2002.070007,1,RetryLimit,16414,0,nan
2000579245666_Node0_Node8_Zero,2000.703786,2002.070007,1,RetryLimit,16414,0,nan
2000584711102_Node0_Node8_Zero,2000.712803,inf,-1,Still in Queue,-5123,1.5019348055859004e-12,nan
2000590174846_Node0_Node8_Zero,2000.712803,inf,-1,Still in Queue,-5123,1.5019348055859004e-12,nan
2000595636147_Node0_Node8_Zero,2000.716776,2013.605769,1,Expiry,109474,1.3319636656502214e-12,nan
2000606563893_Node0_Node8_Zero,2000.750728,2013.605769,1,Expiry,109271,1.3319636656502214e-12,nan
2000612032864_Node0_Node8_Zero,2000.750728,2013.635095,1,Expiry,109271,1.2110105680702795e-12,nan
2000628431908_Node0_Node8_Zero,2000.858109,2013.635095,1,Expiry,106792,1.2110105680702795e-12,nan
2000639356860_Node0_Node8_Zero,2000.862135,inf,-1,Still in Queue,-7985,1.3223453476531088e-13,nan
2000644818760_Node0_Node8_Zero,2000.882505,inf,-1,Still in Queue,-8653,1.1120999286979087e-12,nan
2000633896722_Node0_Node8_Zero,2000.885505,2013.306247,1,Expiry,105854,0,nan
2000661208098_Node0_Node8_Zero,2000.908756,2013.306247,1,Expiry,104934,0,nan
2000666670497_Node0_Node8_Zero,2000.926394,2013.424272,1,Expiry,104215,0,nan
2000672130152_Node0_Node8_Zero,2000.932894,2013.424272,1,Expiry,103946,0,nan
2000677590785_Node0_Node8_Zero,2000.942782,2013.320556,1,Expiry,103681,0,nan
2000693980991_Node0_Node8_Zero,2000.967073,2013.320556,1,Expiry,102797,0,nan
2000704916624_Node0_Node8_Zero,2000.990068,2001.270129,1,RetryLimit,5485,0,nan
2000715846586_Node0_Node8_Zero,2001.002158,2001.270129,1,RetryLimit,5176,0,nan
2000721316040_Node0_Node8_Zero,2001.017558,2002.805538,1,RetryLimit,8523,0,nan
2000732240141_Node0_Node8_Zero,2001.141712,2001.746421,1,RetryLimit,8331,1.2726598773231354e-12,nan
2000737708457_Node0_Node8_Zero,2001.143993,2013.576567,1,Expiry,101302,5.980861216437729e-13,nan
2000754104563_Node0_Node8_Zero,2001.155034,2013.576567,1,Expiry,100823,5.980861216437729e-13,nan
2000748638162_Node0_Node8_Zero,2001.157014,2002.841192,1,RetryLimit,7673,0,nan
2000759571675_Node0_Node8_Zero,2001.158953,2002.841192,1,RetryLimit,7583,0,nan
2000743174872_Node0_Node8_Zero,2001.161289,inf,-1,Still in Queue,-14044,7.282279693743182e-13,nan
2000765033673_Node0_Node8_Zero,2001.170145,inf,-1,Still in Queue,-14403,6.856544790432342e-13,nan
2000775960359_Node0_Node8_Zero,2001.174454,2002.781626,1,RetryLimit,6952,0,nan
2000770493502_Node0_Node8_Zero,2001.176613,2002.781626,1,RetryLimit,6862,0,nan
2000781424523_Node0_Node8_Zero,2001.178654,2013.834172,1,Expiry,99832,0,nan
2000792348864_Node0_Node8_Zero,2001.194253,2013.834172,1,Expiry,99205,0,nan
2000786884572_Node0_Node8_Zero,2001.196154,2013.51054,1,Expiry,99115,0,nan
2000797816014_Node0_Node8_Zero,2001.198194,2013.51054,1,Expiry,99025,0,nan
2000803283230_Node0_Node8_Zero,2001.218798,2001.875861,1,RetryLimit,5211,0,nan
2000841528520_Node0_Node8_Zero,2001.288424,2001.875861,1,RetryLimit,3384,0,nan
2000846993946_Node0_Node8_Zero,2001.288424,2002.758857,1,RetryLimit,3384,1.7246019363998442e-12,nan
2000852458359_Node0_Node8_Zero,2001.290314,2002.758857,1,RetryLimit,3296,1.7246019363998442e-12,nan
2000857918623_Node0_Node8_Zero,2001.290314,inf,-1,Still in Queue,-18241,1.149013876911641e-12,nan
2000890700220_Node0_Node8_Zero,2001.302271,inf,-1,Still in Queue,-18584,1.3692842249240571e-12,nan
2000863381745_Node0_Node8_Zero,2001.304409,inf,-1,Still in Queue,-18672,1.2810068425480032e-12,nan
2000868843581_Node0_Node8_Zero,2001.304409,inf,-1,Still in Queue,-18672,1.2810068425480032e-12,nan
2000885232598_Node0_Node8_Zero,2001.339716,inf,-1,Still in Queue,-18734,4.457866209692104e-14,nan
2000896166040_Node0_Node8_Zero,2001.350082,inf,-1,Still in Queue,-18825,1.1946477692136544e-12,nan
2000901629895_Node0_Node8_Zero,2001.350082,inf,-1,Still in Queue,-18825,1.1946477692136544e-12,nan
2000907093214_Node0_Node8_Zero,2001.360873,2013.393409,1,Expiry,95593,0,nan
2000912561955_Node0_Node8_Zero,2001.360873,2013.393409,1,Expiry,95593,0,nan
2000918031265_Node0_Node8_Zero,2001.363293,inf,-1,Still in Queue,-19092,1.11482933625e-12,nan
2000923493152_Node0_Node8_Zero,2001.363293,inf,-1,Still in Queue,-19092,1.11482933625e-12,nan
2000928953396_Node0_Node8_Zero,2001.365274,2006.861696,1,Expiry,24023,0,nan
2000934414955_Node0_Node8_Zero,2001.365274,2006.861696,1,Expiry,24023,0,nan
2000939878826_Node0_Node8_Zero,2001.369436,2013.852473,1,Expiry,95240,0,nan
2000945342427_Node0_Node8_Zero,2001.369436,2013.852473,1,Expiry,95240,0,nan
2000950806272_Node0_Node8_Zero,2001.371509,2013.855508,1,Expiry,95151,0,nan
2000956266167_Node0_Node8_Zero,2001.371509,2013.855508,1,Expiry,95151,0,nan
2000961729463_Node0_Node8_Zero,2001.378514,inf,-1,Still in Queue,-19622,3.3035170280001996e-14,nan
2000983583042_Node0_Node8_Zero,2001.386168,inf,-1,Still in Queue,-19956,1.0929988677704782e-12,nan
2000989047698_Node0_Node8_Zero,2001.386168,inf,-1,Still in Queue,-19956,1.0929988677704782e-12,nan
2000967193374_Node0_Node8_Zero,2001.393454,inf,-1,Still in Queue,-20221,1.158941614925273e-12,nan
2000972654129_Node0_Node8_Zero,2001.395452,2013.381017,1,Expiry,94287,2.7480387e-12,nan
2000978114482_Node0_Node8_Zero,2001.4244,2013.381017,1,Expiry,93405,2.7480387e-12,nan
2000994511639_Node0_Node8_Zero,2001.466698,2013.218884,1,Expiry,93060,0,nan
2000999971436_Node0_Node8_Zero,2001.466698,2013.218884,1,Expiry,93060,0,nan
2001005438608_Node0_Node8_Zero,2001.473189,2003.58801,1,RetryLimit,3689,0,nan
2001010906569_Node0_Node8_Zero,2001.473189,2003.58801,1,RetryLimit,3689,0,nan
2001016371626_Node0_Node8_Zero,2001.475189,inf,-1,Still in Queue,-21537,1.3319636656502214e-12,nan
2001021834041_Node0_Node8_Zero,2001.475189,inf,-1,Still in Queue,-21537,1.3319636656502214e-12,nan
2001027298627_Node0_Node8_Zero,2001.477088,inf,-1,Still in Queue,-21537,1.2796231078995209e-12,nan
2001032759546_Node0_Node8_Zero,2001.477088,inf,-1,Still in Queue,-21537,1.2796231078995209e-12,nan
2001038226293_Node0_Node8_Zero,2001.481111,2003.514409,1,RetryLimit,3689,0,nan
2001043690617_Node0_Node8_Zero,2001.481111,2003.514409,1,RetryLimit,3689,0,nan
2001049151670_Node0_Node8_Zero,2001.494613,2013.354582,1,Expiry,93060,1.0339959158235001e-12,nan
2001054620599_Node0_Node8_Zero,2001.494613,2013.354582,1,Expiry,93060,1.0339959158235001e-12,nan
2001060085975_Node0_Node8_Zero,2001.496514,2013.947345,1,Expiry,93060,0,nan
2001065552962_Node0_Node8_Zero,2001.496514,2013.947345,1,Expiry,93060,0,nan
2001071016155_Node0_Node8_Zero,2001.498614,2013.3603,1,Expiry,93060,0,nan
2001076479600_Node0_Node8_Zero,2001.498614,2013.3603,1,Expiry,93060,0,nan
2001081939263_Node0_Node8_Zero,2001.507836,2013.668936,1,Expiry,93060,0,nan
2001087407064_Node0_Node8_Zero,2001.507836,2013.668936,1,Expiry,93060,0,nan
2001092868697_Node0_Node8_Zero,2001.511856,inf,-1,Still in Queue,-21537,1.2669979665014438e-12,nan
2001098332846_Node0_Node8_Zero,2001.511856,inf,-1,Still in Queue,-21537,1.2669979665014438e-12,nan
2001103796616_Node0_Node8_Zero,2001.514008,2013.497195,1,Expiry,93060,0,nan
2001109263468_Node0_Node8_Zero,2001.514008,2013.497195,1,Expiry,93060,0,nan
2001114727654_Node0_Node8_Zero,2001.516009,2013.333074,1,Expiry,93060,0,nan
2001120195056_Node0_Node8_Zero,2001.516009,2013.333074,1,Expiry,93060,0,nan
2001125654733_Node0_Node8_Zero,2001.518008,2013.357121,1,Expiry,93060,0,nan
2001131115660_Node0_Node8_Zero,2001.518008,2013.357121,1,Expiry,93060,0,nan
2001136582967_Node0_Node8_Zero,2001.519929,inf,-1,Still in Queue,-21537,1.209566642233038e-12,nan
2001142049989_Node0_Node8_Zero,2001.519929,inf,-1,Still in Queue,-21537,1.209566642233038e-12,nan
2001147511802_Node0_Node8_Zero,2001.521869,2003.472539,1,RetryLimit,3689,0,nan
2001152974765_Node0_Node8_Zero,2001.521869,2003.472539,1,RetryLimit,3689,0,nan
2001158443668_Node0_Node8_Zero,2001.527619,inf,-1,Still in Queue,-21537,1.0975329066565889e-12,nan
2001163909337_Node0_Node8_Zero,2001.527619,inf,-1,Still in Queue,-21537,1.0975329066565889e-12,nan
2001169378507_Node0_Node8_Zero,2001.529568,inf,-1,Still in Queue,-21537,1.0977540855104252e-12,nan
2001174838033_Node0_Node8_Zero,2001.529568,inf,-1,Still in Queue,-21537,1.0977540855104252e-12,nan
2001180304609_Node0_Node8_Zero,2001.531509,2009.431419,1,Expiry,48976,1.3772781e-12,nan
2001185773692_Node0_Node8_Zero,2001.531509,2009.431419,1,Expiry,48976,1.3772781e-12,nan
2001213097187_Node0_Node8_Zero,2001.697584,2013.230708,1,Expiry,93060,0,nan
2001218562065_Node0_Node8_Zero,2001.699536,2013.230708,1,Expiry,93060,0,nan
2001224027321_Node0_Node8_Zero,2001.707135,2013.20293,1,Expiry,93060,1.04925114e-12,nan
2001229488525_Node0_Node8_Zero,2001.709394,2013.20293,1,Expiry,93060,1.04925114e-12,nan
2001245878430_Node0_Node8_Zero,2001.798936,2013.590331,1,Expiry,93060,0,nan
2000699448344_Node0_Node8_Zero,2002.034953,2013.590331,1,Expiry,93060,0,nan
2001251342837_Node0_Node8_Zero,2002.130526,2013.700633,1,Expiry,93060,0,nan
2001262265285_Node0_Node8_Zero,2002.136568,2013.700633,1,Expiry,93060,0,nan
2001267729312_Node0_Node8_Zero,2002.155593,2008.217923,1,Expiry,34541,0,nan
2001284131447_Node0_Node8_Zero,2002.180586,2008.217923,1,Expiry,34541,0,nan
2001289598363_Node0_Node8_Zero,2002.180586,2013.70816,1,Expiry,93060,0,nan
2001295061612_Node0_Node8_Zero,2002.182468,2013.70816,1,Expiry,93060,0,nan
2001300523085_Node0_Node8_Zero,2002.182468,2013.207156,1,Expiry,93060,0,nan
2001305984897_Node0_Node8_Zero,2002.184449,2013.207156,1,Expiry,93060,0,nan
2001311448793_Node0_Node8_Zero,2002.184449,2004.313195,1,Expiry,5043,1.9782164128198947e-12,nan
2001273196016_Node0_Node8_Zero,2002.186528,2004.313195,1,Expiry,5043,1.9782164128198947e-12,nan
2001278664898_Node0_Node8_Zero,2002.186528,2004.334776,1,Expiry,5043,1.571012408160801e-12,nan
2001316909235_Node0_Node8_Zero,2002.188591,2004.334776,1,Expiry,5043,1.571012408160801e-12,nan
2001322375963_Node0_Node8_Zero,2002.188591,2005.998362,1,Expiry,15995,2.7480387e-12,nan
2001327841585_Node0_Node8_Zero,2002.190529,2005.998362,1,Expiry,15995,2.7480387e-12,nan
2001333308114_Node0_Node8_Zero,2002.190529,2008.55519,1,Expiry,39545,0,nan
2001338772408_Node0_Node8_Zero,2002.194456,2008.55519,1,Expiry,39545,0,nan
2001344238622_Node0_Node8_Zero,2002.214373,2013.52396,1,Expiry,93060,0,nan
2001360628941_Node0_Node8_Zero,2002.238636,2013.52396,1,Expiry,93060,0,nan
2001366097774_Node0_Node8_Zero,2002.238636,inf,-1,Still in Queue,-21537,4.871662971956204e-14,nan
2001349704147_Node0_Node8_Zero,2002.26797,inf,-1,Still in Queue,-21537,1.04925114e-12,nan
2001355167316_Node0_Node8_Zero,2002.26797,2013.268789,1,Expiry,93060,1.3772781e-12,nan
2001382484079_Node0_Node8_Zero,2002.299509,2013.268789,1,Expiry,93060,1.3772781e-12,nan
2001387947360_Node0_Node8_Zero,2002.299509,inf,-1,Still in Queue,-21537,2.88216294006458e-12,nan
2001393412985_Node0_Node8_Zero,2002.301489,inf,-1,Still in Queue,-21537,1.7038946973219733e-12,nan
2001398876461_Node0_Node8_Zero,2002.301489,2013.276969,1,Expiry,93060,0,nan
2001404339456_Node0_Node8_Zero,2002.307355,2013.276969,1,Expiry,93060,0,nan
2001409802604_Node0_Node8_Zero,2002.307355,2004.865949,1,Expiry,5043,0,nan
2001415262754_Node0_Node8_Zero,2002.309408,2004.865949,1,Expiry,5043,0,nan
2001420722389_Node0_Node8_Zero,2002.309408,inf,-1,Still in Queue,-21537,1.3293422564100721e-12,nan
2001426189395_Node0_Node8_Zero,2002.311429,inf,-1,Still in Queue,-21537,1.6321898171676958e-12,nan
2001431654103_Node0_Node8_Zero,2002.311429,2004.765022,1,Expiry,5043,1.487770641614499e-12,nan
2001437119349_Node0_Node8_Zero,2002.313388,2004.765022,1,Expiry,5043,1.487770641614499e-12,nan
2001442584976_Node0_Node8_Zero,2002.313388,inf,-1,Still in Queue,-21537,1.1844244144055774e-12,nan
2001448050903_Node0_Node8_Zero,2002.315329,inf,-1,Still in Queue,-21537,1.3213329182385175e-12,nan
2001453511473_Node0_Node8_Zero,2002.315329,2004.920061,1,Expiry,5043,0,nan
2001458971708_Node0_Node8_Zero,2002.317441,2004.920061,1,Expiry,5043,0,nan
2001464433732_Node0_Node8_Zero,2002.317441,2004.926895,1,Expiry,5043,1.616076041894255e-12,nan
2001475365592_Node0_Node8_Zero,2002.323175,2004.926895,1,Expiry,5043,1.616076041894255e-12,nan
2001480831837_Node0_Node8_Zero,2002.329336,2013.977931,1,Expiry,93060,0,nan
2001486300909_Node0_Node8_Zero,2002.329336,2013.977931,1,Expiry,93060,0,nan
2001491761018_Node0_Node8_Zero,2002.331349,2004.604932,1,Expiry,5043,0,nan
2001497223903_Node0_Node8_Zero,2002.331349,2004.604932,1,Expiry,5043,0,nan
2001502683626_Node0_Node8_Zero,2002.337493,2004.958723,1,Expiry,5043,0,nan
2001508145451_Node0_Node8_Zero,2002.337493,2004.958723,1,Expiry,5043,0,nan
2001513612676_Node0_Node8_Zero,2002.339389,2004.961895,1,Expiry,5043,0,nan
2001519074155_Node0_Node8_Zero,2002.339389,2004.961895,1,Expiry,5043,0,nan
2001371563735_Node0_Node8_Zero,2002.354736,2004.30633,1,RetryLimit,5043,2.0724499230363484e-12,nan
2001469901859_Node0_Node8_Zero,2002.359901,2004.30633,1,RetryLimit,5043,2.0724499230363484e-12,nan
2001535464311_Node0_Node8_Zero,2002.373687,2013.44096,1,Expiry,93060,1.04925114e-12,nan
2001540929903_Node0_Node8_Zero,2002.373687,2013.44096,1,Expiry,93060,1.04925114e-12,nan
2001377024418_Node0_Node8_Zero,2002.429796,2010.524821,1,Expiry,61905,0,nan
2001546398252_Node0_Node8_Zero,2002.451598,2010.524821,1,Expiry,61905,0,nan
2001551865349_Node0_Node8_Zero,2002.451598,2010.529547,1,Expiry,61905,0,nan
2001557325463_Node0_Node8_Zero,2002.453548,2010.529547,1,Expiry,61905,0,nan
2001562794806_Node0_Node8_Zero,2002.453548,2013.898105,1,Expiry,93060,0,nan
2001568255550_Node0_Node8_Zero,2002.455589,2013.898105,1,Expiry,93060,0,nan
2001573722710_Node0_Node8_Zero,2002.455589,2013.543742,1,Expiry,93060,1.616076041894255e-12,nan
2001579189499_Node0_Node8_Zero,2002.457528,2013.543742,1,Expiry,93060,1.616076041894255e-12,nan
2001584656802_Node0_Node8_Zero,2002.457528,2013.243539,1,Expiry,93060,1.04925114e-12,nan
2001590123115_Node0_Node8_Zero,2002.461396,2013.243539,1,Expiry,93060,1.04925114e-12,nan
2001595589685_Node0_Node8_Zero,2002.461396,2013.551664,1,Expiry,93060,0,nan
2001601054137_Node0_Node8_Zero,2002.467318,2013.551664,1,Expiry,93060,0,nan
2001606522694_Node0_Node8_Zero,2002.467318,2006.023086,1,Expiry,16262,0,nan
2001611983166_Node0_Node8_Zero,2002.469409,2006.023086,1,Expiry,16262,0,nan
2001617445710_Node0_Node8_Zero,2002.469409,2006.010184,1,Expiry,15995,2.7480387e-12,nan
2001622906816_Node0_Node8_Zero,2002.473156,2006.010184,1,Expiry,15995,2.7480387e-12,nan
2001628366499_Node0_Node8_Zero,2002.473156,2005.614245,1,Expiry,12020,0,nan
2001644762462_Node0_Node8_Zero,2002.482356,2005.614245,1,Expiry,12020,0,nan
2001650231768_Node0_Node8_Zero,2002.482356,2013.411807,1,Expiry,93060,1.04925114e-12,nan
2001633833812_Node0_Node8_Zero,2002.484314,2013.411807,1,Expiry,93060,1.04925114e-12,nan
2001639302292_Node0_Node8_Zero,2002.484314,2004.640488,1,Expiry,5043,0,nan
2001655696956_Node0_Node8_Zero,2002.486356,2004.640488,1,RetryLimit,5043,0,nan
2001661156812_Node0_Node8_Zero,2002.486356,2004.890134,1,Expiry,5043,0,nan
2001666621123_Node0_Node8_Zero,2002.488249,2004.890134,1,Expiry,5043,0,nan
2001672085630_Node0_Node8_Zero,2002.488249,2005.989544,1,Expiry,15995,0,nan
2001677550582_Node0_Node8_Zero,2002.492036,2005.989544,1,Expiry,15995,0,nan
2001683018789_Node0_Node8_Zero,2002.492036,2004.981751,1,Expiry,5043,7.805354270805e-13,nan
2001699411456_Node0_Node8_Zero,2002.498233,2004.981751,1,Expiry,5043,7.805354270805e-13,nan
2001704880584_Node0_Node8_Zero,2002.498233,inf,-1,Still in Queue,-21537,1.2959183596581556e-12,nan
2001710344286_Node0_Node8_Zero,2002.503833,inf,-1,Still in Queue,-21537,1.04925114e-12,nan
2001715806899_Node0_Node8_Zero,2002.503833,2013.453466,1,Expiry,93060,0,nan
2001721266392_Node0_Node8_Zero,2002.507754,2013.453466,1,Expiry,93060,0,nan
2001688481396_Node0_Node8_Zero,2002.518454,inf,-1,Still in Queue,-21537,7.633440833333333e-14,nan
2001693942986_Node0_Node8_Zero,2002.518454,inf,-1,Still in Queue,-21537,7.633440833333333e-14,nan
2001732200438_Node0_Node8_Zero,2002.592827,2004.828839,1,Expiry,5043,1.616076041894255e-12,nan
2001737669791_Node0_Node8_Zero,2002.592827,2004.828839,1,Expiry,5043,1.616076041894255e-12,nan
2001743130335_Node0_Node8_Zero,2002.594789,2013.619715,1,Expiry,93060,0,nan
2001748596410_Node0_Node8_Zero,2002.594789,2013.619715,1,Expiry,93060,0,nan
2001754060031_Node0_Node8_Zero,2002.596708,2005.0156,1,Expiry,5387,1.8616268197524375e-13,nan
2001759529232_Node0_Node8_Zero,2002.596708,2005.0156,1,Expiry,5387,1.8616268197524375e-13,nan
2001764996120_Node0_Node8_Zero,2002.600596,inf,-1,Still in Queue,-21537,9.668344237088462e-14,nan
2001770465241_Node0_Node8_Zero,2002.600596,inf,-1,Still in Queue,-21537,9.668344237088462e-14,nan
2001775928905_Node0_Node8_Zero,2002.602529,2004.805315,1,Expiry,5043,0,nan
2001781397889_Node0_Node8_Zero,2002.602529,inf,-1,Still in Queue,-21537,1.208001501849614e-12,nan
2001786863234_Node0_Node8_Zero,2002.604568,2004.923866,1,Expiry,5043,0,nan
2001792332074_Node0_Node8_Zero,2002.604568,2004.90496,1,Expiry,5043,1.4857776495938253e-12,nan
2001797793759_Node0_Node8_Zero,2002.606449,2004.983772,1,Expiry,5043,0,nan
2001803260066_Node0_Node8_Zero,2002.606449,2004.808743,1,Expiry,5043,1.7010104010442682e-13,nan
2001808728150_Node0_Node8_Zero,2002.608408,2004.808743,1,Expiry,5043,1.7010104010442682e-13,nan
2001814188841_Node0_Node8_Zero,2002.608408,2004.863388,1,Expiry,5043,1.6140571850783406e-12,nan
2001819656154_Node0_Node8_Zero,2002.614379,2004.863388,1,Expiry,5043,1.6140571850783406e-12,nan
2001825119077_Node0_Node8_Zero,2002.614379,2004.863388,1,Expiry,5043,1.6140571850783406e-12,nan
2001841511621_Node0_Node8_Zero,2002.644274,2004.863388,1,Expiry,5043,1.6140571850783406e-12,nan
2001846972366_Node0_Node8_Zero,2002.644274,2004.863388,1,Expiry,5043,1.6140571850783406e-12,nan
2001726733628_Node0_Node8_Zero,2002.652301,2004.754098,1,Expiry,5043,1.2669979665014438e-12,nan
2001830579721_Node0_Node8_Zero,2002.669173,2004.863388,1,Expiry,5043,1.6140571850783406e-12,nan
2001874303548_Node0_Node8_Zero,2002.738109,2004.918033,1,Expiry,5043,3.7778251414604744e-12,nan
2001879770248_Node0_Node8_Zero,2002.738109,2004.918033,1,Expiry,5043,3.7778251414604744e-12,nan
2001524542456_Node0_Node8_Zero,2002.957812,2004.535519,1,Expiry,4767,2.7480387e-12,nan
2001530003270_Node0_Node8_Zero,2002.957812,2004.535519,1,Expiry,4767,2.7480387e-12,nan
2000874304512_Node0_Node8_Zero,2003.162461,2003.879781,1,Expiry,1752,0,nan
2000879768248_Node0_Node8_Zero,2003.162461,2003.879781,1,Expiry,1752,0,nan
2001863367209_Node0_Node8_Zero,2003.657733,2004.863388,1,Expiry,989,1.6140571850783406e-12,nan
2001868835801_Node0_Node8_Zero,2003.657733,2004.918033,1,Expiry,989,3.7778251414604744e-12,nan
2001885234512_Node0_Node8_Zero,2004.219726,2004.918033,1,Expiry,0,3.7778251414604744e-12,nan
2001901629743_Node0_Node8_Zero,2004.238452,2004.918033,1,Expiry,0,3.7778251414604744e-12,nan
2001907095735_Node0_Node8_Zero,2004.269539,2004.918033,1,Expiry,0,3.7778251414604744e-12,nan
2001912557378_Node0_Node8_Zero,2004.269539,2004.918033,1,Expiry,0,3.7778251414604744e-12,nan
2001918023507_Node0_Node8_Zero,2004.276054,2004.918033,1,Expiry,0,3.7778251414604744e-12,nan
2001923490177_Node0_Node8_Zero,2004.276054,2004.972678,1,Expiry,0,2.7480387e-12,nan
2001928956833_Node0_Node8_Zero,2004.288005,2004.972678,1,Expiry,0,2.7480387e-12,nan
2001934421388_Node0_Node8_Zero,2004.288005,2004.972678,1,Expiry,0,2.7480387e-12,nan
2001939886399_Node0_Node8_Zero,2004.292284,2004.972678,1,Expiry,0,2.7480387e-12,nan
2001950820915_Node0_Node8_Zero,2004.29665,2004.972678,1,Expiry,0,2.7480387e-12,nan
2001945353202_Node0_Node8_Zero,2004.315319,2004.972678,1,Expiry,0,2.7480387e-12,nan
2001961745845_Node0_Node8_Zero,2004.339974,2004.972678,1,Expiry,0,2.7480387e-12,nan
2001967213939_Node0_Node8_Zero,2004.339974,2004.972678,1,Expiry,0,2.7480387e-12,nan
2001983605303_Node0_Node8_Zero,2004.374202,2004.985938,1,Expiry,0,0,nan
2001989071557_Node0_Node8_Zero,2004.388352,2004.993796,1,Expiry,44,0,nan
2002005474292_Node0_Node8_Zero,2004.428714,2005.013334,1,Expiry,344,1.8616268197524375e-13,nan
2002010935123_Node0_Node8_Zero,2004.428714,2005.013454,1,Expiry,344,1.8616268197524375e-13,nan
2002016395984_Node0_Node8_Zero,2004.430848,2005.024405,1,Expiry,344,1.04925114e-12,nan
2002021857787_Node0_Node8_Zero,2004.430848,2005.037555,1,Expiry,616,0,nan
2002027326335_Node0_Node8_Zero,2004.436574,2005.041658,1,Expiry,618,0,nan
2002032794903_Node0_Node8_Zero,2004.436574,2005.043763,1,Expiry,618,0,nan
2002038262615_Node0_Node8_Zero,2004.440616,2005.039577,1,Expiry,618,0,nan
2002043722469_Node0_Node8_Zero,2004.440616,2005.074664,1,Expiry,1345,3.4615720891634866e-13,nan
2002049182207_Node0_Node8_Zero,2004.442648,2005.057046,1,Expiry,807,5.2586982e-13,nan
2002054646562_Node0_Node8_Zero,2004.442648,2005.054696,1,Expiry,807,0,nan
2002060113146_Node0_Node8_Zero,2004.446396,2005.067224,1,Expiry,1171,3.4615720891634866e-13,nan
2002065581386_Node0_Node8_Zero,2004.446396,2005.067368,1,Expiry,1171,3.4615720891634866e-13,nan
2002071045767_Node0_Node8_Zero,2004.454548,2005.075831,1,Expiry,1345,0,nan
2002076511866_Node0_Node8_Zero,2004.454548,2005.093926,1,Expiry,1441,3.2739085200000002e-12,nan
2002081972754_Node0_Node8_Zero,2004.456454,2005.096095,1,Expiry,1495,0,nan
2002087436950_Node0_Node8_Zero,2004.456454,2005.087575,1,Expiry,1441,0,nan
2002092897533_Node0_Node8_Zero,2004.464995,2005.10296,1,Expiry,1540,2.62312785e-13,nan
2002098358254_Node0_Node8_Zero,2004.464995,2005.124753,1,Expiry,1878,0,nan
2002103827551_Node0_Node8_Zero,2004.476312,2005.132117,1,Expiry,1878,1.1844244144055774e-12,nan
2002109293471_Node0_Node8_Zero,2004.476312,2005.141663,1,Expiry,1941,5.2586982e-13,nan
2002114761181_Node0_Node8_Zero,2004.478188,2005.128924,1,Expiry,1878,0,nan
2002120223330_Node0_Node8_Zero,2004.478188,2005.134497,1,Expiry,1878,1.4945992785740325e-12,nan
2002125685068_Node0_Node8_Zero,2004.480089,2005.299495,1,Expiry,3261,0,nan
2002131152474_Node0_Node8_Zero,2004.480089,2005.13676,1,Expiry,1939,0,nan
2002136621884_Node0_Node8_Zero,2004.493994,2005.141835,1,Expiry,1941,5.2586982e-13,nan
2002158480412_Node0_Node8_Zero,2004.495945,2005.274722,1,Expiry,3261,0,nan
2002163946084_Node0_Node8_Zero,2004.495945,2005.215663,1,Expiry,2980,1.1216500629624035e-12,nan
2002169408900_Node0_Node8_Zero,2004.499914,2005.21241,1,Expiry,2980,0,nan
2002174876180_Node0_Node8_Zero,2004.499914,2005.214543,1,Expiry,2980,1.1779603363776061e-12,nan
2002147550593_Node0_Node8_Zero,2004.502097,2005.152373,1,Expiry,2035,0,nan
2002153018636_Node0_Node8_Zero,2004.502097,2005.154271,1,Expiry,2037,0,nan
2002142089781_Node0_Node8_Zero,2004.519,2005.156319,1,Expiry,2037,0,nan
2002191265278_Node0_Node8_Zero,2004.53276,2005.278079,1,Expiry,3261,0,nan
2002196732753_Node0_Node8_Zero,2004.541188,2005.286464,1,Expiry,3261,0,nan
2002180337878_Node0_Node8_Zero,2004.558967,2005.283936,1,Expiry,3261,1.1844244144055774e-12,nan
2002202194970_Node0_Node8_Zero,2004.564458,2005.290289,1,Expiry,3261,0,nan
2002207661497_Node0_Node8_Zero,2004.564458,2005.217608,1,Expiry,2980,5.982687429624035e-13,nan
2002229520607_Node0_Node8_Zero,2004.65763,2005.28223,1,Expiry,3261,0,nan
2002224055676_Node0_Node8_Zero,2004.664641,2005.257062,1,Expiry,3261,1.31467455e-13,nan
2002213123683_Node0_Node8_Zero,2004.669617,2005.223437,1,Expiry,2980,0,nan
2002218586672_Node0_Node8_Zero,2004.669617,2005.227291,1,Expiry,3069,0,nan
2002234987429_Node0_Node8_Zero,2004.671595,2005.237672,1,Expiry,3165,0,nan
2002240454078_Node0_Node8_Zero,2004.671595,2005.251931,1,Expiry,3261,0,nan
2002245914062_Node0_Node8_Zero,2004.675657,2005.254313,1,Expiry,3261,7.400605856058117e-13,nan
2002256845821_Node0_Node8_Zero,2004.679949,2005.258071,1,Expiry,3261,0,nan
2002267777157_Node0_Node8_Zero,2004.682008,2005.294208,1,Expiry,3261,0,nan
2002273246204_Node0_Node8_Zero,2004.682008,2005.305339,1,Expiry,3261,2.598570205200026e-13,nan
2002251377290_Node0_Node8_Zero,2004.684269,2005.261847,1,Expiry,3261,0,nan
2002262312945_Node0_Node8_Zero,2004.686668,2005.27093,1,Expiry,3261,0,nan
2002284171486_Node0_Node8_Zero,2004.692043,2005.307672,1,Expiry,3261,0,nan
2002278710392_Node0_Node8_Zero,2004.694074,2005.300546,1,Expiry,3261,0,nan
2002300565388_Node0_Node8_Zero,2004.700068,2005.309739,1,Expiry,3261,0,nan
2002306033204_Node0_Node8_Zero,2004.700068,2005.317373,1,Expiry,3261,0,nan
2002289638271_Node0_Node8_Zero,2004.702169,2005.300546,1,Expiry,3261,0,nan
2002295102110_Node0_Node8_Zero,2004.702169,2005.300546,1,Expiry,3261,0,nan
2002322420984_Node0_Node8_Zero,2005.312617,2005.339225,1,Expiry,354,1.57512096e-12,nan
2002327880726_Node0_Node8_Zero,2005.312617,2005.331063,1,Expiry,354,0,nan
2002333347540_Node0_Node8_Zero,2005.316457,2005.340961,1,Expiry,354,2.7480387e-12,nan
2002338816191_Node0_Node8_Zero,2005.316457,2005.339796,1,Expiry,354,5.2586982e-13,nan
2002377071738_Node0_Node8_Zero,2005.34474,2005.379664,1,Expiry,170,0,nan
2002382532630_Node0_Node8_Zero,2005.34474,2005.382789,1,Expiry,170,2.7480387e-12,nan
2002393456728_Node0_Node8_Zero,2005.355595,2005.402391,1,Expiry,580,0,nan
2002398919142_Node0_Node8_Zero,2005.359739,2005.565263,1,Expiry,3196,0,nan
2002404384020_Node0_Node8_Zero,2005.359739,2005.600108,1,Expiry,3196,1.3174580194525227e-12,nan
2002431708914_Node0_Node8_Zero,2005.387433,2005.543838,1,Expiry,3192,0,nan
2002437170228_Node0_Node8_Zero,2005.387433,2005.552262,1,Expiry,3192,3.414737262500185e-13,nan
2002442635025_Node0_Node8_Zero,2005.392113,2005.516366,1,Expiry,3015,0,nan
2002448096019_Node0_Node8_Zero,2005.392113,2005.555354,1,Expiry,3015,0,nan
2002464495438_Node0_Node8_Zero,2005.396955,2005.548734,1,Expiry,2797,0,nan
2002469960255_Node0_Node8_Zero,2005.396955,2005.519,1,Expiry,2797,3.2739085200000002e-12,nan
2002475429536_Node0_Node8_Zero,2005.401034,2005.49915,1,Expiry,2566,2.189231195850509e-12,nan
2002480897504_Node0_Node8_Zero,2005.401034,2005.497499,1,Expiry,2566,0,nan
2002497296625_Node0_Node8_Zero,2005.405377,2005.520417,1,Expiry,2618,0,nan
2002502760729_Node0_Node8_Zero,2005.405377,2005.515051,1,Expiry,2618,2.1009909032352226e-12,nan
2002366134953_Node0_Node8_Zero,2005.438503,2005.438503,1,Expiry,0,2.991455861907243e-12,nan
2002371603683_Node0_Node8_Zero,2005.438503,2005.438503,1,Expiry,0,2.991455861907243e-12,nan
2002519151462_Node0_Node8_Zero,2005.440553,2005.530512,1,Expiry,1735,1.57512096e-12,nan
2002524619524_Node0_Node8_Zero,2005.440553,2005.528528,1,Expiry,1735,5.2586982e-13,nan
2002530086518_Node0_Node8_Zero,2005.442509,2005.531829,1,Expiry,1646,1.438595448955875e-12,nan
2002535546890_Node0_Node8_Zero,2005.442509,2005.586827,1,Expiry,1646,0,nan
2002562885818_Node0_Node8_Zero,2005.471782,2005.572277,1,Expiry,880,0,nan
2002568350058_Node0_Node8_Zero,2005.471782,2005.574593,1,Expiry,880,0,nan
2002551949977_Node0_Node8_Zero,2005.57882,2005.57882,1,Expiry,0,2.7480387e-12,nan
2002557418115_Node0_Node8_Zero,2005.57882,2005.57882,1,Expiry,0,2.7480387e-12,nan
2002541012938_Node0_Node8_Zero,2005.581418,2005.581418,1,Expiry,0,1.04925114e-12,nan
2002546481679_Node0_Node8_Zero,2005.581418,2005.581418,1,Expiry,0,1.04925114e-12,nan
2002453562478_Node0_Node8_Zero,2005.594278,2005.594278,1,Expiry,0,1.04925114e-12,nan
2002459026657_Node0_Node8_Zero,2005.594278,2005.594278,1,Expiry,0,1.04925114e-12,nan
2002584741041_Node0_Node8_Zero,2005.618924,2005.618924,1,Expiry,0,1.04925114e-12,nan
2002590203853_Node0_Node8_Zero,2005.618924,2005.618924,1,Expiry,0,1.04925114e-12,nan
2002595671497_Node0_Node8_Zero,2005.620923,2005.620923,1,Expiry,0,1.04925114e-12,nan
2002601136361_Node0_Node8_Zero,2005.620923,2005.620923,1,Expiry,0,1.04925114e-12,nan
2002606599547_Node0_Node8_Zero,2005.622921,2005.622921,1,Expiry,0,1.04925114e-12,nan
2002612061027_Node0_Node8_Zero,2005.622921,2005.622921,1,Expiry,0,1.04925114e-12,nan
2002617525170_Node0_Node8_Zero,2005.624999,2005.624999,1,Expiry,0,1.04925114e-12,nan
2002622992462_Node0_Node8_Zero,2005.624999,2005.624999,1,Expiry,0,1.04925114e-12,nan
2002628454161_Node0_Node8_Zero,2005.626937,2005.62981,1,Expiry,89,0,nan
2002633917180_Node0_Node8_Zero,2005.626937,2005.638026,1,Expiry,192,0,nan
2002650314607_Node0_Node8_Zero,2005.634713,2005.654048,1,Expiry,103,0,nan
2002655779693_Node0_Node8_Zero,2005.634713,2005.666404,1,Expiry,105,6.57937498773436e-13,nan
2002688572683_Node0_Node8_Zero,2005.657973,2005.705966,1,Expiry,1202,0,nan
2002694039520_Node0_Node8_Zero,2005.673416,2005.71172,1,Expiry,1202,0,nan
2002699502908_Node0_Node8_Zero,2005.673416,2005.71364,1,Expiry,1202,0,nan
2002704969021_Node0_Node8_Zero,2005.683914,2005.72138,1,Expiry,937,0,nan
2002710429393_Node0_Node8_Zero,2005.683914,2005.725225,1,Expiry,937,0,nan
2002715897809_Node0_Node8_Zero,2005.685894,2005.729178,1,Expiry,848,0,nan
2002721360531_Node0_Node8_Zero,2005.685894,2005.731318,1,Expiry,848,0,nan
2002726820613_Node0_Node8_Zero,2005.690277,2005.733197,1,Expiry,671,0,nan
2002732287270_Node0_Node8_Zero,2005.690277,2005.735366,1,Expiry,671,0,nan
2002737750945_Node0_Node8_Zero,2005.694251,2005.754542,1,Expiry,1046,1.04925114e-12,nan
2002743212934_Node0_Node8_Zero,2005.694251,2005.753056,1,Expiry,1046,0,nan
2002748676918_Node0_Node8_Zero,2005.698211,2005.755167,1,Expiry,870,1.04925114e-12,nan
2002754146248_Node0_Node8_Zero,2005.698211,2005.754696,1,Expiry,870,1.04925114e-12,nan
2002765074778_Node0_Node8_Zero,2005.701038,2005.774867,1,Expiry,910,0,nan
2002759610148_Node0_Node8_Zero,2005.702914,2005.759685,1,Expiry,817,0,nan
2002770538443_Node0_Node8_Zero,2005.705069,2005.779127,1,Expiry,732,1.57512096e-12,nan
2002776000723_Node0_Node8_Zero,2005.705069,2005.776806,1,Expiry,732,0,nan
2002792391757_Node0_Node8_Zero,2005.708874,2005.80139,1,Expiry,816,0,nan
2002797857368_Node0_Node8_Zero,2005.708874,2005.798416,1,Expiry,816,5.2586982e-13,nan
2002781461483_Node0_Node8_Zero,2005.716564,2005.786239,1,Expiry,811,5.2586982e-13,nan
2002786923470_Node0_Node8_Zero,2005.716564,2005.788467,1,Expiry,814,1.3660006316253609e-12,nan
2002803320574_Node0_Node8_Zero,2005.718474,2005.808667,1,Expiry,820,1.04925114e-12,nan
2002808785051_Node0_Node8_Zero,2005.718474,2005.852328,1,Expiry,1505,2.7480387e-12,nan
2002814252718_Node0_Node8_Zero,2005.720376,2005.885754,1,Expiry,1505,0,nan
2002819713544_Node0_Node8_Zero,2005.720376,2005.847055,1,Expiry,1505,5.2586982e-13,nan
2002836103552_Node0_Node8_Zero,2005.724374,2005.867921,1,Expiry,1505,0,nan
2002841566532_Node0_Node8_Zero,2005.724374,2005.870052,1,Expiry,1505,2.7480387e-12,nan
2002830638493_Node0_Node8_Zero,2005.748168,2005.846555,1,Expiry,1131,5.2586982e-13,nan
2002868891371_Node0_Node8_Zero,2005.752133,2005.879125,1,Expiry,954,2.7480387e-12,nan
2002874353470_Node0_Node8_Zero,2005.752133,2005.875965,1,Expiry,954,0,nan
2002879817453_Node0_Node8_Zero,2005.773594,2013.186992,1,Expiry,78913,1.04925114e-12,nan
2002885283707_Node0_Node8_Zero,2005.773594,2005.974003,1,Expiry,1848,0,nan
2002901675582_Node0_Node8_Zero,2005.826504,2013.189042,1,Expiry,78335,0,nan
2002907141869_Node0_Node8_Zero,2005.826504,2005.948896,1,Expiry,1270,2.8861790246713003e-12,nan
2002945388625_Node0_Node8_Zero,2005.888773,2005.961054,1,Expiry,1072,0,nan
2002950852268_Node0_Node8_Zero,2005.888773,2005.968335,1,Expiry,1072,5.2586982e-13,nan
2002956311775_Node0_Node8_Zero,2005.896014,2005.96441,1,Expiry,830,0,nan
2002961779028_Node0_Node8_Zero,2005.896014,2013.177165,1,Expiry,77895,1.04925114e-12,nan
2002683108233_Node0_Node8_Zero,2005.906831,2005.906831,1,Expiry,0,1.04925114e-12,nan
2002666702589_Node0_Node8_Zero,2005.955926,2005.955926,1,Expiry,0,2.7480387e-12,nan
2002923537984_Node0_Node8_Zero,2006.000681,2006.000681,1,Expiry,0,2.7480387e-12,nan
2002929004331_Node0_Node8_Zero,2006.000681,2006.000681,1,Expiry,0,2.7480387e-12,nan
2002967241222_Node0_Node8_Zero,2006.013398,2006.013398,1,Expiry,0,1.04925114e-12,nan
2002972708192_Node0_Node8_Zero,2006.013398,2006.013398,1,Expiry,0,1.04925114e-12,nan
2003010949409_Node0_Node8_Zero,2006.015356,2006.015356,1,Expiry,0,1.04925114e-12,nan
2003016410890_Node0_Node8_Zero,2006.015356,2006.026277,1,Expiry,267,0,nan
2003021876622_Node0_Node8_Zero,2006.019671,2006.030017,1,Expiry,90,0,nan
2003027344391_Node0_Node8_Zero,2006.019671,2006.030017,1,Expiry,90,0,nan
2003032813265_Node0_Node8_Zero,2006.021669,2006.042871,1,Expiry,408,0,nan
2003038276683_Node0_Node8_Zero,2006.021669,2006.042871,1,Expiry,408,0,nan
2003043743690_Node0_Node8_Zero,2006.028593,2006.04957,1,Expiry,539,0,nan
2003049204109_Node0_Node8_Zero,2006.028593,2006.04957,1,Expiry,539,0,nan
2003065600772_Node0_Node8_Zero,2006.038233,2013.254903,1,Expiry,76532,0,nan
2003071064271_Node0_Node8_Zero,2006.038233,2013.254903,1,Expiry,76532,0,nan
2003103853950_Node0_Node8_Zero,2006.041139,inf,-1,Still in Queue,-38205,2.7480387e-12,nan
2003131179277_Node0_Node8_Zero,2006.067392,2006.524165,1,Expiry,1367,0,nan
2003136647037_Node0_Node8_Zero,2006.067392,2006.524165,1,Expiry,1367,0,nan
2003142106601_Node0_Node8_Zero,2006.08503,2006.143756,1,Expiry,1114,0,nan
2003147575600_Node0_Node8_Zero,2006.08503,2006.16888,1,Expiry,1114,0,nan
2003153040721_Node0_Node8_Zero,2006.090863,2006.551741,1,Expiry,1193,0,nan
2003158507207_Node0_Node8_Zero,2006.090863,2006.551741,1,Expiry,1193,0,nan
2003163974187_Node0_Node8_Zero,2006.092853,2006.526165,1,Expiry,1024,0,nan
2003169443075_Node0_Node8_Zero,2006.092853,2006.526165,1,Expiry,1024,0,nan
2003174907925_Node0_Node8_Zero,2006.099274,2006.229508,1,Expiry,757,0,nan
2003180375821_Node0_Node8_Zero,2006.099274,2006.229508,1,Expiry,757,0,nan
2003185839588_Node0_Node8_Zero,2006.101289,2006.229508,1,Expiry,668,0,nan
2003191299778_Node0_Node8_Zero,2006.101289,2006.229508,1,Expiry,668,0,nan
2003207690553_Node0_Node8_Zero,2006.103946,2006.229508,1,Expiry,541,0,nan
2003213154375_Node0_Node8_Zero,2006.103946,2006.229508,1,Expiry,541,0,nan
2003218620419_Node0_Node8_Zero,2006.108014,2006.229508,1,Expiry,363,0,nan
2003224081810_Node0_Node8_Zero,2006.108014,2006.229508,1,Expiry,363,0,nan
2003229549783_Node0_Node8_Zero,2006.13812,2006.284153,1,Expiry,0,1.04925114e-12,nan
2003235009429_Node0_Node8_Zero,2006.13812,2006.284153,1,Expiry,0,1.04925114e-12,nan
2003240478179_Node0_Node8_Zero,2006.140189,2006.284153,1,Expiry,0,1.04925114e-12,nan
2003245943824_Node0_Node8_Zero,2006.140189,2006.284153,1,Expiry,0,1.04925114e-12,nan
2003251408521_Node0_Node8_Zero,2006.142189,2006.284153,1,Expiry,0,1.04925114e-12,nan
2003256873724_Node0_Node8_Zero,2006.142189,2006.284153,1,Expiry,0,1.04925114e-12,nan
2003273258042_Node0_Node8_Zero,2006.146333,2006.284153,1,Expiry,0,1.04925114e-12,nan
2003278718289_Node0_Node8_Zero,2006.146333,2006.284153,1,Expiry,0,1.04925114e-12,nan
2003262337316_Node0_Node8_Zero,2006.148213,2006.284153,1,Expiry,0,1.04925114e-12,nan
2003267797775_Node0_Node8_Zero,2006.148213,2006.284153,1,Expiry,0,1.04925114e-12,nan
2003284178668_Node0_Node8_Zero,2006.150074,2006.338798,1,Expiry,0,1.04925114e-12,nan
2003289641930_Node0_Node8_Zero,2006.150074,2006.338798,1,Expiry,0,1.04925114e-12,nan
2003300576136_Node0_Node8_Zero,2006.177661,2006.338798,1,Expiry,0,1.04925114e-12,nan
2003306042217_Node0_Node8_Zero,2006.179689,2006.338798,1,Expiry,0,1.04925114e-12,nan
2003311509782_Node0_Node8_Zero,2006.179689,2006.338798,1,Expiry,0,1.04925114e-12,nan
2003316974181_Node0_Node8_Zero,2006.185947,2006.338798,1,Expiry,0,1.04925114e-12,nan
2003322438389_Node0_Node8_Zero,2006.185947,2006.338798,1,Expiry,0,1.04925114e-12,nan
2003327897957_Node0_Node8_Zero,2006.192234,2006.338798,1,Expiry,0,1.04925114e-12,nan
2003333364247_Node0_Node8_Zero,2006.192234,2006.338798,1,Expiry,0,1.04925114e-12,nan
2003338826311_Node0_Node8_Zero,2006.194228,2006.393443,1,Expiry,0,1.04925114e-12,nan
2003344292667_Node0_Node8_Zero,2006.194228,2006.393443,1,Expiry,0,1.04925114e-12,nan
2003349752606_Node0_Node8_Zero,2006.196109,2006.393443,1,Expiry,0,1.04925114e-12,nan
2003355221125_Node0_Node8_Zero,2006.196109,2006.393443,1,Expiry,0,1.04925114e-12,nan
2003360684360_Node0_Node8_Zero,2006.198029,2006.393443,1,Expiry,0,1.04925114e-12,nan
2003366149984_Node0_Node8_Zero,2006.198029,2006.393443,1,Expiry,0,1.04925114e-12,nan
2003382547891_Node0_Node8_Zero,2006.206575,2006.393443,1,Expiry,0,1.04925114e-12,nan
2003388008211_Node0_Node8_Zero,2006.206575,2006.393443,1,Expiry,0,1.04925114e-12,nan
2003295108926_Node0_Node8_Zero,2006.215789,2006.338798,1,Expiry,0,1.04925114e-12,nan
2003371616276_Node0_Node8_Zero,2006.244229,2006.393443,1,Expiry,0,1.04925114e-12,nan
2003377084956_Node0_Node8_Zero,2006.244229,2006.393443,1,Expiry,0,1.04925114e-12,nan
2003393468567_Node0_Node8_Zero,2006.248295,2006.448087,1,Expiry,0,2.7480387e-12,nan
2003398931778_Node0_Node8_Zero,2006.248295,2006.448087,1,Expiry,0,2.7480387e-12,nan
2003196767292_Node0_Node8_Zero,2006.259672,2006.259672,1,Expiry,0,1.04925114e-12,nan
2003404395723_Node0_Node8_Zero,2006.264817,2006.448087,1,Expiry,0,2.7480387e-12,nan
2003409855269_Node0_Node8_Zero,2006.264817,2006.448087,1,Expiry,0,2.7480387e-12,nan
2003415322444_Node0_Node8_Zero,2006.266768,2006.448087,1,Expiry,0,2.7480387e-12,nan
2003420788548_Node0_Node8_Zero,2006.266768,2006.448087,1,Expiry,0,2.7480387e-12,nan
2003426252107_Node0_Node8_Zero,2006.27271,2006.448087,1,Expiry,0,2.7480387e-12,nan
2003431718875_Node0_Node8_Zero,2006.27271,2006.448087,1,Expiry,0,2.7480387e-12,nan
2003437180442_Node0_Node8_Zero,2006.274709,2006.448087,1,Expiry,0,2.7480387e-12,nan
2003442648697_Node0_Node8_Zero,2006.274709,2006.448087,1,Expiry,0,2.7480387e-12,nan
2003448116843_Node0_Node8_Zero,2006.276729,2006.502732,1,Expiry,0,1.04925114e-12,nan
2003453578975_Node0_Node8_Zero,2006.276729,2006.502732,1,Expiry,0,1.04925114e-12,nan
2003459038703_Node0_Node8_Zero,2006.278768,2006.502732,1,Expiry,0,1.04925114e-12,nan
2003464501014_Node0_Node8_Zero,2006.278768,2006.502732,1,Expiry,0,1.04925114e-12,nan
2003469970288_Node0_Node8_Zero,2006.280689,2006.502732,1,Expiry,0,1.04925114e-12,nan
2003475432729_Node0_Node8_Zero,2006.280689,2006.502732,1,Expiry,0,1.04925114e-12,nan
2003480892561_Node0_Node8_Zero,2006.284851,2006.502732,1,Expiry,0,1.04925114e-12,nan
2003486360306_Node0_Node8_Zero,2006.284851,2006.502732,1,Expiry,0,1.04925114e-12,nan
2003491825153_Node0_Node8_Zero,2006.295055,2006.502732,1,Expiry,0,1.04925114e-12,nan
2003497293536_Node0_Node8_Zero,2006.295055,2006.502732,1,Expiry,0,1.04925114e-12,nan
2003502757493_Node0_Node8_Zero,2006.297088,2006.528123,1,Expiry,0,0,nan
2003508224209_Node0_Node8_Zero,2006.297088,2006.528123,1,Expiry,0,0,nan
2003513688580_Node0_Node8_Zero,2006.299209,2006.530081,1,Expiry,0,0,nan
2003535552116_Node0_Node8_Zero,2006.312034,2006.556245,1,Expiry,81,0,nan
2003541015034_Node0_Node8_Zero,2006.312034,2006.567311,1,Expiry,81,1.04925114e-12,nan
2003524621829_Node0_Node8_Zero,2006.316871,2006.532231,1,Expiry,4,1.04925114e-12,nan
2003530087242_Node0_Node8_Zero,2006.316871,2006.534968,1,Expiry,75,0,nan
2003519152582_Node0_Node8_Zero,2006.339575,2006.534968,1,Expiry,75,0,nan
2003546479585_Node0_Node8_Zero,2006.362131,2006.571796,1,Expiry,81,5.2586982e-13,nan
2003551945196_Node0_Node8_Zero,2006.364859,2006.571796,1,Expiry,81,5.2586982e-13,nan
2003557406881_Node0_Node8_Zero,2006.368888,2006.558608,1,Expiry,81,0,nan
2003562873077_Node0_Node8_Zero,2006.368888,2006.56325,1,Expiry,81,0,nan
2003568340714_Node0_Node8_Zero,2006.383484,2006.571393,1,Expiry,81,5.2586982e-13,nan
2003573804618_Node0_Node8_Zero,2006.383484,2006.640293,1,Expiry,2450,0,nan
2003109321541_Node0_Node8_Zero,2006.440737,2006.440737,1,Expiry,0,2.7480387e-12,nan
2003114781965_Node0_Node8_Zero,2006.440737,2006.440737,1,Expiry,0,2.7480387e-12,nan
2003098391331_Node0_Node8_Zero,2006.44866,2006.44866,1,Expiry,0,2.7480387e-12,nan
2003060135491_Node0_Node8_Zero,2006.466644,2006.466644,1,Expiry,0,2.7480387e-12,nan
2003120250948_Node0_Node8_Zero,2006.518986,2006.518986,1,Expiry,0,4.0179447432886455e-12,nan
2003579270462_Node0_Node8_Zero,2006.583078,2006.583078,1,Expiry,0,1.04925114e-12,nan
2003584731308_Node0_Node8_Zero,2006.583078,2006.643103,1,Expiry,2369,0,nan
2003590190847_Node0_Node8_Zero,2006.585069,2006.612022,1,Expiry,1198,2.7480387e-12,nan
2003595657671_Node0_Node8_Zero,2006.589158,2006.612022,1,Expiry,1019,2.7480387e-12,nan
2003601123103_Node0_Node8_Zero,2006.591076,2006.612022,1,Expiry,929,2.7480387e-12,nan
2003606586499_Node0_Node8_Zero,2006.594993,2006.612022,1,Expiry,749,2.7480387e-12,nan
2003612049870_Node0_Node8_Zero,2006.599115,2006.644941,1,Expiry,1651,0,nan
2003617512641_Node0_Node8_Zero,2006.601296,2006.644941,1,Expiry,1561,0,nan
2003622981259_Node0_Node8_Zero,2006.603275,2006.64702,1,Expiry,1471,0,nan
2003628446558_Node0_Node8_Zero,2006.605436,2006.64702,1,Expiry,1381,0,nan
2003644839226_Node0_Node8_Zero,2006.612954,2006.648998,1,Expiry,1036,0,nan
2003633913158_Node0_Node8_Zero,2006.619595,2006.648998,1,Expiry,766,0,nan
2003639373752_Node0_Node8_Zero,2006.626754,2006.650396,1,Expiry,496,0,nan
2003655767027_Node0_Node8_Zero,2006.655056,2006.659857,1,Expiry,180,0,nan
2003661235871_Node0_Node8_Zero,2006.659033,2006.668182,1,Expiry,3,0,nan
2003666696344_Node0_Node8_Zero,2006.66728,2006.66728,1,Expiry,0,5.2586982e-13,nan
2003677623533_Node0_Node8_Zero,2006.670232,2006.6884,1,Expiry,182,0,nan
2003694010821_Node0_Node8_Zero,2006.683012,2006.70308,1,Expiry,685,5.2586982e-13,nan
2003699474158_Node0_Node8_Zero,2006.687014,2006.702363,1,Expiry,504,0,nan
2003710404989_Node0_Node8_Zero,2006.69644,2006.717559,1,Expiry,262,0,nan
2003704940295_Node0_Node8_Zero,2006.699468,2006.717559,1,Expiry,172,0,nan
2003715866202_Node0_Node8_Zero,2006.701414,2006.72394,1,Expiry,82,0,nan
2003743195998_Node0_Node8_Zero,2006.728753,2006.750227,1,Expiry,2,0,nan
2003672156361_Node0_Node8_Zero,2006.755746,2006.755746,1,Expiry,0,5.2586982e-13,nan
2003737733685_Node0_Node8_Zero,2006.758492,2006.758492,1,Expiry,0,1.3772781e-12,nan
2003759589067_Node0_Node8_Zero,2006.760401,2006.760401,1,Expiry,0,1.3772781e-12,nan
2003765056639_Node0_Node8_Zero,2006.762335,2006.765161,1,Expiry,90,0,nan
2003775985103_Node0_Node8_Zero,2006.767254,2006.782543,1,Expiry,2,0,nan
2003786909901_Node0_Node8_Zero,2006.781656,2006.793002,1,Expiry,0,0,nan
2003683084338_Node0_Node8_Zero,2006.803736,2006.803736,1,Expiry,0,5.2586982e-13,nan
2003688545829_Node0_Node8_Zero,2006.805985,2006.805985,1,Expiry,0,1.3772781e-12,nan
2003748657824_Node0_Node8_Zero,2006.809064,2006.809064,1,Expiry,0,5.2586982e-13,nan
2003754125534_Node0_Node8_Zero,2006.812444,2006.812444,1,Expiry,0,5.2586982e-13,nan
2003797838209_Node0_Node8_Zero,2006.824011,2006.824011,1,Expiry,0,5.2586982e-13,nan
2003803305775_Node0_Node8_Zero,2006.825919,2006.825919,1,Expiry,0,5.2586982e-13,nan
2003808774249_Node0_Node8_Zero,2006.827848,2006.827848,1,Expiry,0,5.2586982e-13,nan
2003792377019_Node0_Node8_Zero,2006.829907,2006.829907,1,Expiry,0,5.2586982e-13,nan
2003814234590_Node0_Node8_Zero,2006.831987,2006.831987,1,Expiry,0,5.2586982e-13,nan
2003819700920_Node0_Node8_Zero,2006.834075,2006.834075,1,Expiry,0,5.2586982e-13,nan
2003830622005_Node0_Node8_Zero,2006.836163,2006.836163,1,Expiry,0,5.2586982e-13,nan
2003836081764_Node0_Node8_Zero,2006.838271,2006.838271,1,Expiry,0,5.2586982e-13,nan
2003841542100_Node0_Node8_Zero,2006.84028,2006.846057,1,Expiry,2,0,nan
2003857934386_Node0_Node8_Zero,2006.848174,2006.862982,1,Expiry,2,0,nan
2003874326688_Node0_Node8_Zero,2006.868061,2006.884328,1,Expiry,668,0,nan
2003879793823_Node0_Node8_Zero,2006.870075,2006.887458,1,Expiry,579,0,nan
2003896184010_Node0_Node8_Zero,2006.88151,2006.902162,1,Expiry,181,0,nan
2003901648728_Node0_Node8_Zero,2006.886407,2006.902162,1,Expiry,90,0,nan
2003912585806_Node0_Node8_Zero,2006.89852,2006.949085,1,Expiry,1321,0,nan
2003918049654_Node0_Node8_Zero,2006.919025,2006.919025,1,Expiry,0,6.078381859899946e-13,nan
2003923515445_Node0_Node8_Zero,2006.920885,2006.950144,1,Expiry,1231,0,nan
2003928984671_Node0_Node8_Zero,2006.922815,2006.939891,1,Expiry,748,5.2586982e-13,nan
2003934450713_Node0_Node8_Zero,2006.925016,2006.939891,1,Expiry,658,5.2586982e-13,nan
2003939915553_Node0_Node8_Zero,2006.926976,2006.951742,1,Expiry,962,0,nan
2003945378294_Node0_Node8_Zero,2006.930914,2006.951742,1,Expiry,782,0,nan
2003950841774_Node0_Node8_Zero,2006.937303,2006.955656,1,Expiry,512,0,nan
2003956310329_Node0_Node8_Zero,2006.939196,2006.958981,1,Expiry,514,0,nan
2003972696575_Node0_Node8_Zero,2006.94817,2006.985339,1,Expiry,404,0,nan
2003978156239_Node0_Node8_Zero,2006.958157,2006.991707,1,Expiry,314,2.62312785e-13,nan
2003994552138_Node0_Node8_Zero,2006.979593,2006.994649,1,Expiry,229,9.120212423163077e-13,nan
2004000015468_Node0_Node8_Zero,2006.984462,2007.041103,1,Expiry,1339,0,nan
2004005484753_Node0_Node8_Zero,2007.008097,2007.008097,1,Expiry,0,5.2586982e-13,nan
2004010950503_Node0_Node8_Zero,2007.010025,2007.042185,1,Expiry,1336,0,nan
2004016419113_Node0_Node8_Zero,2007.011996,2007.04394,1,Expiry,1247,0,nan
2004021884279_Node0_Node8_Zero,2007.013955,2007.04394,1,Expiry,1157,0,nan
2004027344895_Node0_Node8_Zero,2007.018173,2007.045918,1,Expiry,977,0,nan
2004032810455_Node0_Node8_Zero,2007.020196,2007.045918,1,Expiry,887,0,nan
2004038277889_Node0_Node8_Zero,2007.028372,2007.053521,1,Expiry,527,0,nan
2004043741227_Node0_Node8_Zero,2007.032394,2007.053521,1,Expiry,347,0,nan
2004054672331_Node0_Node8_Zero,2007.037794,2007.057393,1,Expiry,91,0,nan
2004049204076_Node0_Node8_Zero,2007.04828,2007.057393,1,Expiry,0,0,nan
2004065596286_Node0_Node8_Zero,2007.050216,2007.072566,1,Expiry,0,0,nan
2004076531806_Node0_Node8_Zero,2007.055974,2007.094261,1,Expiry,674,0,nan
2004092921361_Node0_Node8_Zero,2007.078353,2007.095499,1,Expiry,674,0,nan
2004087456670_Node0_Node8_Zero,2007.080513,2007.101087,1,Expiry,585,0,nan
2004098386539_Node0_Node8_Zero,2007.082474,2007.101087,1,Expiry,495,0,nan
2004109312338_Node0_Node8_Zero,2007.09336,2007.110604,1,Expiry,3,0,nan
2004103850374_Node0_Node8_Zero,2007.09779,2007.1051,1,Expiry,0,0,nan
2004114774732_Node0_Node8_Zero,2007.099669,2007.11748,1,Expiry,2,0,nan
2004131165372_Node0_Node8_Zero,2007.116658,2007.139455,1,Expiry,0,0,nan
2004153021576_Node0_Node8_Zero,2007.138629,2007.164702,1,Expiry,2,0,nan
2004163947420_Node0_Node8_Zero,2007.141573,2007.166138,1,Expiry,2,0,nan
2004174879506_Node0_Node8_Zero,2007.168393,2007.175145,1,Expiry,2,0,nan
2004191271376_Node0_Node8_Zero,2007.18017,2007.199513,1,Expiry,182,0,nan
2004196731501_Node0_Node8_Zero,2007.194438,2007.202506,1,Expiry,180,0,nan
2004207654284_Node0_Node8_Zero,2007.196631,2007.209703,1,Expiry,93,0,nan
2004202192575_Node0_Node8_Zero,2007.198654,2007.204123,1,Expiry,1,0,nan
2004218578370_Node0_Node8_Zero,2007.201573,2007.224237,1,Expiry,228,0,nan
2004234970184_Node0_Node8_Zero,2007.21763,2007.235623,1,Expiry,228,0,nan
2004229506830_Node0_Node8_Zero,2007.219955,2007.231447,1,Expiry,139,0,nan
2004240435553_Node0_Node8_Zero,2007.226338,2007.252905,1,Expiry,92,0,nan
2004245903363_Node0_Node8_Zero,2007.246399,2007.246399,1,Expiry,0,5.2586982e-13,nan
2004256830244_Node0_Node8_Zero,2007.248876,2007.260064,1,Expiry,90,0,nan
2004142092629_Node0_Node8_Zero,2007.265386,2007.265386,1,Expiry,0,5.2586982e-13,nan
2004158484350_Node0_Node8_Zero,2007.268673,2007.268673,1,Expiry,0,9.211820118541637e-13,nan
2004169415064_Node0_Node8_Zero,2007.271101,2007.271101,1,Expiry,0,5.2586982e-13,nan
2004251367460_Node0_Node8_Zero,2007.27806,2007.27806,1,Expiry,0,5.2586982e-13,nan
2004262289851_Node0_Node8_Zero,2007.280108,2007.280108,1,Expiry,0,5.2586982e-13,nan
2004273223297_Node0_Node8_Zero,2007.282117,2007.282117,1,Expiry,0,5.2586982e-13,nan
2004278689479_Node0_Node8_Zero,2007.284085,2007.284085,1,Expiry,0,5.2586982e-13,nan
2004284155418_Node0_Node8_Zero,2007.286033,2007.286033,1,Expiry,0,5.2586982e-13,nan
2004289620535_Node0_Node8_Zero,2007.291343,2007.291343,1,Expiry,0,5.2586982e-13,nan
2004300551640_Node0_Node8_Zero,2007.293313,2007.308228,1,Expiry,214,0,nan
2004306013299_Node0_Node8_Zero,2007.299615,2007.31711,1,Expiry,482,0,nan
2004327876300_Node0_Node8_Zero,2007.310334,2007.329748,1,Expiry,274,1.212879495e-12,nan
2004322410322_Node0_Node8_Zero,2007.312253,2007.32474,1,Expiry,183,0,nan
2004333343053_Node0_Node8_Zero,2007.314133,2007.335788,1,Expiry,95,0,nan
2004338808426_Node0_Node8_Zero,2007.319191,2007.338849,1,Expiry,4,0,nan
2004344273255_Node0_Node8_Zero,2007.321095,2007.35083,1,Expiry,4,0,nan
2004316946916_Node0_Node8_Zero,2007.349801,2007.349801,1,Expiry,0,5.2586982e-13,nan
2004349740837_Node0_Node8_Zero,2007.353039,2007.353039,1,Expiry,0,5.2586982e-13,nan
2004360672775_Node0_Node8_Zero,2007.358662,2007.36202,1,Expiry,2,0,nan
2004355210121_Node0_Node8_Zero,2007.364254,2007.364254,1,Expiry,0,5.2586982e-13,nan
2004147555390_Node0_Node8_Zero,2007.383156,2007.383156,1,Expiry,0,5.805650469752437e-13,nan
2004366133643_Node0_Node8_Zero,2007.392586,2007.392586,1,Expiry,0,1.3772781e-12,nan
2004377067083_Node0_Node8_Zero,2007.394494,2007.394494,1,Expiry,0,5.2586982e-13,nan
2004382533451_Node0_Node8_Zero,2007.396662,2007.396662,1,Expiry,0,5.2586982e-13,nan
2004387996848_Node0_Node8_Zero,2007.39873,2007.39873,1,Expiry,0,5.2586982e-13,nan
2004393464078_Node0_Node8_Zero,2007.400659,2007.400659,1,Expiry,0,5.2586982e-13,nan
2004398928911_Node0_Node8_Zero,2007.402767,2007.402767,1,Expiry,0,5.2586982e-13,nan
2004404393092_Node0_Node8_Zero,2007.404695,2007.404695,1,Expiry,0,5.2586982e-13,nan
2004409858774_Node0_Node8_Zero,2007.406716,2007.411397,1,Expiry,180,0,nan
2004415325787_Node0_Node8_Zero,2007.408635,2007.416395,1,Expiry,93,0,nan
2004426253826_Node0_Node8_Zero,2007.413473,2007.426405,1,Expiry,0,0,nan
2004448119608_Node0_Node8_Zero,2007.432733,2007.449976,1,Expiry,92,0,nan
2004464510862_Node0_Node8_Zero,2007.454176,2007.469301,1,Expiry,2,0,nan
2004453579236_Node0_Node8_Zero,2007.457285,2007.457285,1,Expiry,0,5.2586982e-13,nan
2004459044621_Node0_Node8_Zero,2007.462322,2007.462322,1,Expiry,0,5.2586982e-13,nan
2004420790979_Node0_Node8_Zero,2007.46828,2007.46828,1,Expiry,0,5.2586982e-13,nan
2004475442482_Node0_Node8_Zero,2007.47353,2007.479592,1,Expiry,2,0,nan
2004491830748_Node0_Node8_Zero,2007.483625,2007.497767,1,Expiry,565,0,nan
2004497292649_Node0_Node8_Zero,2007.485616,2007.502725,1,Expiry,476,0,nan
2004519161843_Node0_Node8_Zero,2007.499819,2007.666516,1,Expiry,1398,0,nan
2004513692844_Node0_Node8_Zero,2007.504792,2007.515125,1,Expiry,2,0,nan
2004535562697_Node0_Node8_Zero,2007.519493,2007.555815,1,Expiry,1394,0,nan
2004541027176_Node0_Node8_Zero,2007.522488,2007.558415,1,Expiry,1392,0,nan
2004551958529_Node0_Node8_Zero,2007.526657,2007.557031,1,Expiry,1207,0,nan
2004562889833_Node0_Node8_Zero,2007.536489,2007.563709,1,Expiry,853,0,nan
2004573816399_Node0_Node8_Zero,2007.547032,2007.576712,1,Expiry,363,5.2586982e-13,nan
2004579280063_Node0_Node8_Zero,2007.550993,2007.61187,1,Expiry,183,0,nan
2004557422608_Node0_Node8_Zero,2007.594495,2007.594495,1,Expiry,0,7.327961515227313e-13,nan
2004568354263_Node0_Node8_Zero,2007.596644,2007.596644,1,Expiry,0,9.62396329593825e-13,nan
2004546491812_Node0_Node8_Zero,2007.602271,2007.602271,1,Expiry,0,5.2586982e-13,nan
2003726799591_Node0_Node8_Zero,2007.615324,2007.615324,1,Expiry,0,5.2586982e-13,nan
2004180340897_Node0_Node8_Zero,2007.645635,2007.645635,1,Expiry,0,5.2586982e-13,nan
2004136627990_Node0_Node8_Zero,2007.661463,2007.661463,1,Expiry,0,5.2586982e-13,nan
2004590204521_Node0_Node8_Zero,2007.670135,2007.670135,1,Expiry,0,5.2586982e-13,nan
2004595669775_Node0_Node8_Zero,2007.682803,2007.682803,1,Expiry,0,5.776758729390742e-13,nan
2004650310280_Node0_Node8_Zero,2007.684711,2007.684711,1,Expiry,0,5.2586982e-13,nan
2004655772819_Node0_Node8_Zero,2007.686659,2007.686659,1,Expiry,0,5.2586982e-13,nan
2004661238532_Node0_Node8_Zero,2007.688827,2007.688827,1,Expiry,0,5.2586982e-13,nan
2004666705028_Node0_Node8_Zero,2007.690776,2007.690776,1,Expiry,0,5.2586982e-13,nan
2004672168061_Node0_Node8_Zero,2007.692944,2007.692944,1,Expiry,0,5.2586982e-13,nan
2004677635334_Node0_Node8_Zero,2007.694832,2007.694832,1,Expiry,0,5.2586982e-13,nan
2004683104688_Node0_Node8_Zero,2007.69678,2007.69678,1,Expiry,0,5.2586982e-13,nan
2004688568092_Node0_Node8_Zero,2007.698768,2007.698768,1,Expiry,0,5.2586982e-13,nan
2004694035052_Node0_Node8_Zero,2007.700697,2007.700697,1,Expiry,0,5.2586982e-13,nan
2004699495883_Node0_Node8_Zero,2007.702665,2007.702665,1,Expiry,0,5.2586982e-13,nan
2004704962792_Node0_Node8_Zero,2007.704793,2007.705605,1,Expiry,0,0,nan
2004715888378_Node0_Node8_Zero,2007.709533,2007.71659,1,Expiry,92,0,nan
2004726815470_Node0_Node8_Zero,2007.721971,2007.731601,1,Expiry,368,0,nan
2004732283738_Node0_Node8_Zero,2007.723936,2007.733447,1,Expiry,281,0,nan
2004737749793_Node0_Node8_Zero,2007.730711,2007.740078,1,Expiry,3,0,nan
2004748684490_Node0_Node8_Zero,2007.744119,2007.756348,1,Expiry,2,0,nan
2004759615129_Node0_Node8_Zero,2007.75517,2007.763423,1,Expiry,0,0,nan
2004743216598_Node0_Node8_Zero,2007.765843,2007.765843,1,Expiry,0,5.2586982e-13,nan
2004754146729_Node0_Node8_Zero,2007.768902,2007.768902,1,Expiry,0,5.2586982e-13,nan
2004765080258_Node0_Node8_Zero,2007.774146,2007.774146,1,Expiry,0,5.2586982e-13,nan
2004770549478_Node0_Node8_Zero,2007.776214,2007.776214,1,Expiry,0,5.2586982e-13,nan
2004776015413_Node0_Node8_Zero,2007.778243,2007.778243,1,Expiry,0,5.2586982e-13,nan
2004781480250_Node0_Node8_Zero,2007.780151,2007.782977,1,Expiry,90,0,nan
2004786941578_Node0_Node8_Zero,2007.782096,2007.790203,1,Expiry,3,0,nan
2004792410804_Node0_Node8_Zero,2007.789071,2007.793247,1,Expiry,0,0,nan
2004797879006_Node0_Node8_Zero,2007.792256,2007.798122,1,Expiry,2,5.2586982e-13,nan
2004803346718_Node0_Node8_Zero,2007.795347,2007.80983,1,Expiry,3,0,nan
2004819731187_Node0_Node8_Zero,2007.809339,2007.821523,1,Expiry,1,0,nan
2004814271080_Node0_Node8_Zero,2007.818284,2007.818284,1,Expiry,0,1.5016220312816681e-12,nan
2004825197703_Node0_Node8_Zero,2007.835741,2007.835741,1,Expiry,0,5.2586982e-13,nan
2004830663278_Node0_Node8_Zero,2007.837821,2007.837821,1,Expiry,0,7.327961515227313e-13,nan
2004836126302_Node0_Node8_Zero,2007.839729,2007.839729,1,Expiry,0,5.2586982e-13,nan
2004841588524_Node0_Node8_Zero,2007.841757,2007.841757,1,Expiry,0,5.2586982e-13,nan
2004847053793_Node0_Node8_Zero,2007.843856,2007.852597,1,Expiry,2,0,nan
2004852520427_Node0_Node8_Zero,2007.851614,2007.855748,1,Expiry,0,0,nan
2004863450008_Node0_Node8_Zero,2007.854913,2007.867424,1,Expiry,0,0,nan
2004874384402_Node0_Node8_Zero,2007.866546,2007.899776,1,Expiry,4,0,nan
2004879847558_Node0_Node8_Zero,2007.870745,2007.900557,1,Expiry,7,1.3772781e-12,nan
2004885314127_Node0_Node8_Zero,2007.873787,2007.900382,1,Expiry,5,1.3772781e-12,nan
2004901707862_Node0_Node8_Zero,2007.885461,2007.902132,1,Expiry,3,0,nan
2004907171071_Node0_Node8_Zero,2007.889242,2007.908876,1,Expiry,7,8.154655118496141e-13,nan
2004912638134_Node0_Node8_Zero,2007.893033,2007.913023,1,Expiry,7,1.7691327420417003e-12,nan
2004918101288_Node0_Node8_Zero,2007.895075,2007.968511,1,Expiry,634,0,nan
2004923561599_Node0_Node8_Zero,2007.897056,2007.923795,1,Expiry,101,0,nan
2004945406049_Node0_Node8_Zero,2007.919921,2007.94983,1,Expiry,627,0,nan
2004961799428_Node0_Node8_Zero,2007.934406,2007.962322,1,Expiry,533,0,nan
2004956336049_Node0_Node8_Zero,2007.936776,2007.95843,1,Expiry,418,1.857337711501444e-12,nan
2004950868016_Node0_Node8_Zero,2007.974635,2007.974635,1,Expiry,0,6.482138771130531e-13,nan
2004890781085_Node0_Node8_Zero,2007.986355,2007.986355,1,Expiry,0,5.2586982e-13,nan
2004972722735_Node0_Node8_Zero,2007.992635,2007.992635,1,Expiry,0,1.3772781e-12,nan
2004978188205_Node0_Node8_Zero,2007.994743,2007.994743,1,Expiry,0,5.2586982e-13,nan
2004983652603_Node0_Node8_Zero,2007.996731,2007.996731,1,Expiry,0,5.2586982e-13,nan
2004989119741_Node0_Node8_Zero,2007.998699,2007.998699,1,Expiry,0,5.2586982e-13,nan
2004994585690_Node0_Node8_Zero,2008.000748,2008.000748,1,Expiry,0,5.2586982e-13,nan
2005000046797_Node0_Node8_Zero,2008.002816,2008.002816,1,Expiry,0,5.2586982e-13,nan
2005005515038_Node0_Node8_Zero,2008.004844,2008.009705,1,Expiry,180,0,nan
2005010978120_Node0_Node8_Zero,2008.006776,2008.013341,1,Expiry,93,0,nan
2005016439895_Node0_Node8_Zero,2008.008675,2008.017759,1,Expiry,5,5.2586982e-13,nan
2005027369053_Node0_Node8_Zero,2008.011774,2008.028334,1,Expiry,2,0,nan
2005038302677_Node0_Node8_Zero,2008.027272,2008.047728,1,Expiry,400,0,nan
2005054699880_Node0_Node8_Zero,2008.038153,2008.056808,1,Expiry,402,0,nan
2005060165778_Node0_Node8_Zero,2008.042213,2008.07502,1,Expiry,583,0,nan
2005076563295_Node0_Node8_Zero,2008.064278,2008.0781,1,Expiry,362,1.8914767991547536e-12,nan
2005082026827_Node0_Node8_Zero,2008.066496,2008.083777,1,Expiry,273,0,nan
2005087491962_Node0_Node8_Zero,2008.071004,2008.141902,1,Expiry,2163,0,nan
2005109354787_Node0_Node8_Zero,2008.094394,2008.14302,1,Expiry,2070,0,nan
2005114817798_Node0_Node8_Zero,2008.096556,2008.142077,1,Expiry,1981,0,nan
2005120286934_Node0_Node8_Zero,2008.098495,2008.142077,1,Expiry,1891,0,nan
2005125753837_Node0_Node8_Zero,2008.100476,2008.142077,1,Expiry,1801,0,nan
2005131219223_Node0_Node8_Zero,2008.104653,2008.142077,1,Expiry,1621,0,nan
2005136680988_Node0_Node8_Zero,2008.106596,2008.142077,1,Expiry,1531,0,nan
2005142149112_Node0_Node8_Zero,2008.108795,2008.150524,1,Expiry,1441,0,nan
2005147614412_Node0_Node8_Zero,2008.110716,2008.150524,1,Expiry,1351,0,nan
2005153076817_Node0_Node8_Zero,2008.112655,2008.156195,1,Expiry,1261,0,nan
2005158543575_Node0_Node8_Zero,2008.114555,2008.184461,1,Expiry,2092,2.895956918496141e-13,nan
2005164006213_Node0_Node8_Zero,2008.120784,2008.170109,1,Expiry,1373,0,nan
2005169472580_Node0_Node8_Zero,2008.122935,2008.170109,1,Expiry,1283,0,nan
2005174933046_Node0_Node8_Zero,2008.124856,2008.191986,1,Expiry,1736,5.2586982e-13,nan
2005180397043_Node0_Node8_Zero,2008.130963,2008.191986,1,Expiry,1466,5.2586982e-13,nan
2005185859347_Node0_Node8_Zero,2008.134973,2008.189753,1,Expiry,1284,0,nan
2005191322675_Node0_Node8_Zero,2008.136876,2008.195879,1,Expiry,1196,0,nan
2005196782839_Node0_Node8_Zero,2008.138796,2008.203773,1,Expiry,1106,0,nan
2005202249172_Node0_Node8_Zero,2008.140955,2008.203773,1,Expiry,1016,0,nan
2005213173608_Node0_Node8_Zero,2008.145139,2008.222064,1,Expiry,1015,0,nan
2005207710240_Node0_Node8_Zero,2008.147113,2008.222064,1,Expiry,1015,0,nan
2005218638844_Node0_Node8_Zero,2008.149113,2008.21887,1,Expiry,1015,5.2586982e-13,nan
2005224102869_Node0_Node8_Zero,2008.154753,2008.225819,1,Expiry,1015,0,nan
2005273294604_Node0_Node8_Zero,2008.224539,2010.985274,1,Expiry,31372,0,nan
2005278762993_Node0_Node8_Zero,2008.232945,2008.381304,1,Expiry,2794,0,nan
2005256897074_Node0_Node8_Zero,2008.239273,2008.260436,1,Expiry,182,0,nan
2005092956170_Node0_Node8_Zero,2008.271766,2008.271766,1,Expiry,0,5.678398656000001e-13,nan
2005235040535_Node0_Node8_Zero,2008.274305,2008.274305,1,Expiry,0,5.2586982e-13,nan
2005229571994_Node0_Node8_Zero,2008.299622,2008.299622,1,Expiry,0,5.2586982e-13,nan
2005284223158_Node0_Node8_Zero,2008.305608,2008.305608,1,Expiry,0,5.2586982e-13,nan
2005289692307_Node0_Node8_Zero,2008.307516,2008.307516,1,Expiry,0,5.2586982e-13,nan
2005295157146_Node0_Node8_Zero,2008.309504,2008.309504,1,Expiry,0,5.2586982e-13,nan
2005306092448_Node0_Node8_Zero,2008.313683,2008.313683,1,Expiry,0,5.2586982e-13,nan
2005311557188_Node0_Node8_Zero,2008.315731,2008.315731,1,Expiry,0,5.2586982e-13,nan
2005317023101_Node0_Node8_Zero,2008.31788,2008.31788,1,Expiry,0,5.2586982e-13,nan
2005322491270_Node0_Node8_Zero,2008.321994,2008.38448,1,Expiry,2610,0,nan
2005327957371_Node0_Node8_Zero,2008.324095,2008.360656,1,Expiry,1630,5.2586982e-13,nan
2005333423136_Node0_Node8_Zero,2008.326036,2008.360656,1,Expiry,1540,5.2586982e-13,nan
2005338887354_Node0_Node8_Zero,2008.327936,2008.360656,1,Expiry,1450,5.2586982e-13,nan
2005344353444_Node0_Node8_Zero,2008.330055,2008.360656,1,Expiry,1360,5.2586982e-13,nan
2005349819846_Node0_Node8_Zero,2008.331976,2008.360656,1,Expiry,1270,5.2586982e-13,nan
2005355286902_Node0_Node8_Zero,2008.336294,2008.360656,1,Expiry,1090,5.2586982e-13,nan
2005360749780_Node0_Node8_Zero,2008.338315,2008.388111,1,Expiry,1891,0,nan
2005366218005_Node0_Node8_Zero,2008.340396,2008.388111,1,Expiry,1801,0,nan
2005371679282_Node0_Node8_Zero,2008.344153,2008.392144,1,Expiry,1621,0,nan
2005377146285_Node0_Node8_Zero,2008.348154,2008.392144,1,Expiry,1441,0,nan
2005382615724_Node0_Node8_Zero,2008.350215,2008.395957,1,Expiry,1351,0,nan
2005388080344_Node0_Node8_Zero,2008.352236,2008.395957,1,Expiry,1261,0,nan
2005393540653_Node0_Node8_Zero,2008.354376,2008.39985,1,Expiry,1171,0,nan
2005399005343_Node0_Node8_Zero,2008.358294,2008.39985,1,Expiry,991,0,nan
2005404467776_Node0_Node8_Zero,2008.362253,2008.424788,1,Expiry,1622,2.62312785e-13,nan
2005409928575_Node0_Node8_Zero,2008.368424,2008.424788,1,Expiry,1352,2.62312785e-13,nan
2005415392902_Node0_Node8_Zero,2008.370496,2008.425859,1,Expiry,1262,5.2586982e-13,nan
2005420857965_Node0_Node8_Zero,2008.372495,2008.425859,1,Expiry,1172,5.2586982e-13,nan
2005426317878_Node0_Node8_Zero,2008.374436,2008.428183,1,Expiry,1082,0,nan
2005431778936_Node0_Node8_Zero,2008.378514,2008.437448,1,Expiry,902,0,nan
2005442711986_Node0_Node8_Zero,2008.386576,2008.456278,1,Expiry,1127,0,nan
2005453638379_Node0_Node8_Zero,2008.390533,2008.456278,1,Expiry,1127,0,nan
2005470034390_Node0_Node8_Zero,2008.448055,2008.476998,1,Expiry,497,0,nan
2005491893255_Node0_Node8_Zero,2008.472264,2008.518938,1,Expiry,1081,0,nan
2005480958452_Node0_Node8_Zero,2008.48619,2008.48619,1,Expiry,0,1.7142151687727802e-12,nan
2005508279543_Node0_Node8_Zero,2008.498298,2008.521827,1,Expiry,900,0,nan
2005502816616_Node0_Node8_Zero,2008.500234,2008.525518,1,Expiry,811,0,nan
2005513748530_Node0_Node8_Zero,2008.504055,2008.525518,1,Expiry,631,0,nan
2005519209376_Node0_Node8_Zero,2008.508253,2008.527476,1,Expiry,451,0,nan
2005524671913_Node0_Node8_Zero,2008.510156,2008.527476,1,Expiry,361,0,nan
2005530133879_Node0_Node8_Zero,2008.514255,2008.531369,1,Expiry,181,0,nan
2005535600552_Node0_Node8_Zero,2008.516195,2008.537693,1,Expiry,93,0,nan
2005541060271_Node0_Node8_Zero,2008.518095,2008.557401,1,Expiry,3,0,nan
2005551994298_Node0_Node8_Zero,2008.520994,2008.557401,1,Expiry,2,0,nan
2005568396932_Node0_Node8_Zero,2008.55998,2008.574232,1,Expiry,182,0,nan
2005579329926_Node0_Node8_Zero,2008.569304,2008.581722,1,Expiry,182,5.2586982e-13,nan
2005584794335_Node0_Node8_Zero,2008.573353,2008.595871,1,Expiry,140,0,nan
2005590261575_Node0_Node8_Zero,2008.576294,2008.595871,1,Expiry,139,0,nan
2005606656957_Node0_Node8_Zero,2008.590202,2008.609168,1,Expiry,137,0,nan
2005595724140_Node0_Node8_Zero,2008.598438,2008.598438,1,Expiry,0,5.2586982e-13,nan
2005573864167_Node0_Node8_Zero,2008.613785,2008.613785,1,Expiry,0,1.3370652221289942e-12,nan
2005486426827_Node0_Node8_Zero,2008.620548,2008.620548,1,Expiry,0,5.2586982e-13,nan
2005464566956_Node0_Node8_Zero,2008.627428,2008.627428,1,Expiry,0,5.2586982e-13,nan
2005475496531_Node0_Node8_Zero,2008.629756,2008.629756,1,Expiry,0,7.198816020417e-13,nan
2005448174273_Node0_Node8_Zero,2008.637195,2008.637195,1,Expiry,0,5.2586982e-13,nan
2005459101188_Node0_Node8_Zero,2008.639123,2008.639123,1,Expiry,0,5.2586982e-13,nan
2005601192848_Node0_Node8_Zero,2008.643055,2008.643055,1,Expiry,0,5.2586982e-13,nan
2005617584191_Node0_Node8_Zero,2008.665223,2008.665223,1,Expiry,0,5.2586982e-13,nan
2005633980788_Node0_Node8_Zero,2008.667171,2008.667171,1,Expiry,0,5.2586982e-13,nan
2005639448696_Node0_Node8_Zero,2008.669239,2008.669239,1,Expiry,0,5.2586982e-13,nan
2005644910782_Node0_Node8_Zero,2008.671348,2008.671348,1,Expiry,0,5.2586982e-13,nan
2005612121638_Node0_Node8_Zero,2008.673507,2008.673507,1,Expiry,0,1.0813081970251967e-12,nan
2005650376226_Node0_Node8_Zero,2008.675647,2008.675647,1,Expiry,0,5.2586982e-13,nan
2005655837337_Node0_Node8_Zero,2008.677675,2008.677675,1,Expiry,0,5.2586982e-13,nan
2005661299632_Node0_Node8_Zero,2008.679603,2008.679603,1,Expiry,0,5.2586982e-13,nan
2005666768495_Node0_Node8_Zero,2008.681672,2008.681672,1,Expiry,0,5.2586982e-13,nan
2005672236150_Node0_Node8_Zero,2008.68364,2008.68364,1,Expiry,0,5.2586982e-13,nan
2005677699153_Node0_Node8_Zero,2008.685588,2008.685588,1,Expiry,0,5.2586982e-13,nan
2005683167155_Node0_Node8_Zero,2008.687476,2008.687476,1,Expiry,0,5.2586982e-13,nan
2005688632073_Node0_Node8_Zero,2008.689544,2008.689544,1,Expiry,0,5.2586982e-13,nan
2005694093737_Node0_Node8_Zero,2008.693453,2008.696239,1,Expiry,90,0,nan
2005699555795_Node0_Node8_Zero,2008.695416,2008.702301,1,Expiry,5,5.2586982e-13,nan
2005705021150_Node0_Node8_Zero,2008.698333,2008.736319,1,Expiry,1172,0,nan
2005721422156_Node0_Node8_Zero,2008.709534,2008.741279,1,Expiry,1170,0,nan
2005726889794_Node0_Node8_Zero,2008.711675,2008.746679,1,Expiry,1081,0,nan
2005732353709_Node0_Node8_Zero,2008.713616,2008.746679,1,Expiry,991,0,nan
2005737820874_Node0_Node8_Zero,2008.715736,2008.743169,1,Expiry,901,5.2586982e-13,nan
2005743282633_Node0_Node8_Zero,2008.717655,2008.754295,1,Expiry,811,0,nan
2005748743750_Node0_Node8_Zero,2008.719756,2008.754295,1,Expiry,721,0,nan
2005754209825_Node0_Node8_Zero,2008.721916,2008.758228,1,Expiry,631,0,nan
2005759676225_Node0_Node8_Zero,2008.724015,2008.769672,1,Expiry,919,2.895956918496141e-13,nan
2005765136808_Node0_Node8_Zero,2008.727793,2008.767263,1,Expiry,649,2.895956918496141e-13,nan
2005770601688_Node0_Node8_Zero,2008.729696,2008.788,1,Expiry,850,0,nan
2005776069336_Node0_Node8_Zero,2008.731615,2008.782127,1,Expiry,760,0,nan
2005781532201_Node0_Node8_Zero,2008.735473,2008.782127,1,Expiry,580,0,nan
2005792462175_Node0_Node8_Zero,2008.738392,2008.796266,1,Expiry,579,0,nan
2005786998476_Node0_Node8_Zero,2008.740414,2008.796266,1,Expiry,579,0,nan
2005797925616_Node0_Node8_Zero,2008.745301,2008.801783,1,Expiry,579,6.874450282149133e-13,nan
2005803386016_Node0_Node8_Zero,2008.752918,2008.849219,1,Expiry,2198,0,nan
2005836178463_Node0_Node8_Zero,2008.806694,2008.852333,1,Expiry,1619,0,nan
2005841645089_Node0_Node8_Zero,2008.810714,2008.854208,1,Expiry,1440,0,nan
2005825251131_Node0_Node8_Zero,2008.822324,2008.854208,1,Expiry,991,0,nan
2005819785911_Node0_Node8_Zero,2008.838817,2008.838817,1,Expiry,0,5.2586982e-13,nan
2005830713706_Node0_Node8_Zero,2008.841257,2008.841257,1,Expiry,0,6.04990536225271e-13,nan
2005715954040_Node0_Node8_Zero,2008.846176,2008.846176,1,Expiry,0,5.2586982e-13,nan
2005710490313_Node0_Node8_Zero,2008.848124,2008.848124,1,Expiry,0,5.2586982e-13,nan
2005847112128_Node0_Node8_Zero,2008.858987,2008.858987,1,Expiry,0,5.2586982e-13,nan
2005852575730_Node0_Node8_Zero,2008.861015,2008.861015,1,Expiry,0,5.2586982e-13,nan
2005858041671_Node0_Node8_Zero,2008.862983,2008.862983,1,Expiry,0,5.2586982e-13,nan
2005863501510_Node0_Node8_Zero,2008.865031,2008.865031,1,Expiry,0,5.2586982e-13,nan
2005868968687_Node0_Node8_Zero,2008.8671,2008.875964,1,Expiry,182,0,nan
2005879898224_Node0_Node8_Zero,2008.871113,2008.879985,1,Expiry,182,5.2586982e-13,nan
2005874430038_Node0_Node8_Zero,2008.873014,2008.879561,1,Expiry,93,5.2586982e-13,nan
2005885367311_Node0_Node8_Zero,2008.875074,2008.92526,1,Expiry,1443,0,nan
2005901766729_Node0_Node8_Zero,2008.892294,2008.926357,1,Expiry,1440,0,nan
2005907231422_Node0_Node8_Zero,2008.894235,2008.928176,1,Expiry,1351,0,nan
2005912696644_Node0_Node8_Zero,2008.896216,2008.928176,1,Expiry,1261,0,nan
2005918156727_Node0_Node8_Zero,2008.898236,2008.931989,1,Expiry,1171,0,nan
2005923618583_Node0_Node8_Zero,2008.902375,2008.931989,1,Expiry,991,0,nan
2005929082970_Node0_Node8_Zero,2008.904356,2008.934068,1,Expiry,901,0,nan
2005934550561_Node0_Node8_Zero,2008.910262,2008.939063,1,Expiry,710,5.2586982e-13,nan
2005940015249_Node0_Node8_Zero,2008.912275,2008.9407,1,Expiry,620,1.2432629220417004e-12,nan
2005945478961_Node0_Node8_Zero,2008.914276,2008.954163,1,Expiry,827,5.944794503444016e-13,nan
2005950941734_Node0_Node8_Zero,2008.918173,2008.955991,1,Expiry,647,0,nan
2005961869044_Node0_Node8_Zero,2008.93056,2008.976859,1,Expiry,376,0,nan
2005972796617_Node0_Node8_Zero,2008.944572,2008.978116,1,Expiry,297,0,nan
2005967330071_Node0_Node8_Zero,2008.972134,2008.972134,1,Expiry,0,5.2586982e-13,nan
2005890828952_Node0_Node8_Zero,2008.981129,2008.981129,1,Expiry,0,5.2586982e-13,nan
2005983721030_Node0_Node8_Zero,2008.988823,2008.988823,1,Expiry,0,1.0577529287392472e-12,nan
2005989187165_Node0_Node8_Zero,2008.990731,2008.990731,1,Expiry,0,5.2586982e-13,nan
2005978257393_Node0_Node8_Zero,2008.992751,2008.992751,1,Expiry,0,7.476589891516964e-13,nan
2005994649606_Node0_Node8_Zero,2008.994751,2008.994751,1,Expiry,0,5.2586982e-13,nan
2006000112744_Node0_Node8_Zero,2008.996695,2009.003776,1,Expiry,229,0,nan
2006011043305_Node0_Node8_Zero,2009.002898,2009.019343,1,Expiry,93,0,nan
2006005580599_Node0_Node8_Zero,2009.006223,2009.006223,1,Expiry,0,5.2586982e-13,nan
2006027432190_Node0_Node8_Zero,2009.016299,2009.028744,1,Expiry,92,0,nan
2006016510570_Node0_Node8_Zero,2009.018376,2009.018376,1,Expiry,0,5.2586982e-13,nan
2006021971685_Node0_Node8_Zero,2009.021534,2009.022924,1,Expiry,2,1.3772781e-12,nan
2006032893731_Node0_Node8_Zero,2009.035052,2009.035052,1,Expiry,0,5.2586982e-13,nan
2006038353981_Node0_Node8_Zero,2009.037171,2009.042812,1,Expiry,2,0,nan
2006049275641_Node0_Node8_Zero,2009.041892,2009.049715,1,Expiry,0,0,nan
2006054742988_Node0_Node8_Zero,2009.048884,2009.060768,1,Expiry,0,0,nan
2006043815678_Node0_Node8_Zero,2009.051872,2009.051872,1,Expiry,0,5.2586982e-13,nan
2006065662746_Node0_Node8_Zero,2009.059917,2009.084013,1,Expiry,630,0,nan
2006076584965_Node0_Node8_Zero,2009.0689,2009.086926,1,Expiry,630,0,nan
2006071125368_Node0_Node8_Zero,2009.070974,2009.090619,1,Expiry,541,0,nan
2006082052839_Node0_Node8_Zero,2009.073093,2009.090619,1,Expiry,451,0,nan
2006087521137_Node0_Node8_Zero,2009.079361,2009.092618,1,Expiry,181,0,nan
2006092983317_Node0_Node8_Zero,2009.083153,2009.096181,1,Expiry,3,0,nan
2006103907733_Node0_Node8_Zero,2009.086114,2009.114416,1,Expiry,545,0,nan
2006114838392_Node0_Node8_Zero,2009.101293,2009.115419,1,Expiry,543,0,nan
2006120301785_Node0_Node8_Zero,2009.106073,2009.125261,1,Expiry,317,0,nan
2006125762846_Node0_Node8_Zero,2009.113472,2009.135763,1,Expiry,3,0,nan
2006131230210_Node0_Node8_Zero,2009.12369,2009.131709,1,Expiry,2,0,nan
2006136697587_Node0_Node8_Zero,2009.143731,2009.143731,1,Expiry,0,5.2586982e-13,nan
2006098447799_Node0_Node8_Zero,2009.156592,2009.156592,1,Expiry,0,5.2586982e-13,nan
2006109370126_Node0_Node8_Zero,2009.15952,2009.15952,1,Expiry,0,5.2586982e-13,nan
2005808853639_Node0_Node8_Zero,2009.16326,2009.16326,1,Expiry,0,5.2586982e-13,nan
2006142165498_Node0_Node8_Zero,2009.19818,2009.19818,1,Expiry,0,1.3772781e-12,nan
2006180423562_Node0_Node8_Zero,2009.200148,2009.200148,1,Expiry,0,5.2586982e-13,nan
2006185885972_Node0_Node8_Zero,2009.202137,2009.202137,1,Expiry,0,5.2586982e-13,nan
2006191353705_Node0_Node8_Zero,2009.204105,2009.204105,1,Expiry,0,5.2586982e-13,nan
2006196814513_Node0_Node8_Zero,2009.206113,2009.206113,1,Expiry,0,5.2586982e-13,nan
2006202276308_Node0_Node8_Zero,2009.208041,2009.208041,1,Expiry,0,5.2586982e-13,nan
2006207737685_Node0_Node8_Zero,2009.209949,2009.209949,1,Expiry,0,5.2586982e-13,nan
2006213205934_Node0_Node8_Zero,2009.211938,2009.214704,1,Expiry,90,0,nan
2006224136049_Node0_Node8_Zero,2009.216793,2009.236827,1,Expiry,272,0,nan
2006240524277_Node0_Node8_Zero,2009.229419,2009.2419,1,Expiry,360,0,nan
2006245985813_Node0_Node8_Zero,2009.233334,2009.263427,1,Expiry,273,0,nan
2006235064367_Node0_Node8_Zero,2009.235735,2009.235735,1,Expiry,0,1.0140340762547554e-12,nan
2006256922959_Node0_Node8_Zero,2009.244026,2009.264133,1,Expiry,92,1.3772781e-12,nan
2006273309213_Node0_Node8_Zero,2009.262548,2009.279737,1,Expiry,0,0,nan
2006267848014_Node0_Node8_Zero,2009.273149,2009.273149,1,Expiry,0,1.7110461172251798e-12,nan
2006278770948_Node0_Node8_Zero,2009.281884,2009.281884,1,Expiry,0,1.0077990426130763e-12,nan
2006295158577_Node0_Node8_Zero,2009.283833,2009.313228,1,Expiry,452,0,nan
2006284235850_Node0_Node8_Zero,2009.291953,2009.291953,1,Expiry,0,1.1658346e-13,nan
2006289698662_Node0_Node8_Zero,2009.295138,2009.295138,1,Expiry,0,1.4229813169162543e-12,nan
2006317016267_Node0_Node8_Zero,2009.300945,2009.3177,1,Expiry,452,2.2950026852769228e-12,nan
2006311555329_Node0_Node8_Zero,2009.303116,2009.31616,1,Expiry,363,0,nan
2006322483504_Node0_Node8_Zero,2009.307264,2009.343267,1,Expiry,633,0,nan
2006300626210_Node0_Node8_Zero,2009.309656,2009.309656,1,Expiry,0,5.2586982e-13,nan
2006306089913_Node0_Node8_Zero,2009.312124,2009.312124,1,Expiry,0,5.2586982e-13,nan
2006327944196_Node0_Node8_Zero,2009.330231,2009.330231,1,Expiry,0,5.2586982e-13,nan
2006333410080_Node0_Node8_Zero,2009.332339,2009.34642,1,Expiry,450,0,nan
2006338869943_Node0_Node8_Zero,2009.334316,2009.344262,1,Expiry,361,5.2586982e-13,nan
2006344337559_Node0_Node8_Zero,2009.338414,2009.350113,1,Expiry,181,0,nan
2006349800180_Node0_Node8_Zero,2009.340555,2009.350113,1,Expiry,91,0,nan
2006360730518_Node0_Node8_Zero,2009.345534,2009.364564,1,Expiry,0,0,nan
2006377119745_Node0_Node8_Zero,2009.368894,2009.385511,1,Expiry,604,0,nan
2006382587213_Node0_Node8_Zero,2009.371015,2009.386065,1,Expiry,519,5.2586982e-13,nan
2006388051879_Node0_Node8_Zero,2009.382386,2009.3949,1,Expiry,183,0,nan
2006393514399_Node0_Node8_Zero,2009.384628,2009.396569,1,Expiry,93,7.483046959212999e-13,nan
2006398983852_Node0_Node8_Zero,2009.406023,2009.406023,1,Expiry,0,5.2586982e-13,nan
2006404452074_Node0_Node8_Zero,2009.408092,2009.408092,1,Expiry,0,5.2586982e-13,nan
2006409913557_Node0_Node8_Zero,2009.41024,2009.41024,1,Expiry,0,5.2586982e-13,nan
2006415376801_Node0_Node8_Zero,2009.414494,2009.415445,1,Expiry,0,0,nan
2006426305722_Node0_Node8_Zero,2009.41955,2009.431562,1,Expiry,2,1.3772781e-12,nan
2006442696494_Node0_Node8_Zero,2009.434684,2009.452311,1,Expiry,272,0,nan
2006453627678_Node0_Node8_Zero,2009.445017,2009.457121,1,Expiry,270,0,nan
2006464556388_Node0_Node8_Zero,2009.451435,2009.464729,1,Expiry,3,8.404687152824703e-13,nan
2006470025243_Node0_Node8_Zero,2009.454355,2009.590106,1,Expiry,5221,0,nan
2006480948023_Node0_Node8_Zero,2009.459333,2009.73985,1,Expiry,6815,1.3772781e-12,nan
2006491881113_Node0_Node8_Zero,2009.472053,2009.593138,1,Expiry,5219,0,nan
2006502810955_Node0_Node8_Zero,2009.479714,2009.508197,1,Expiry,1275,5.2586982e-13,nan
2006497350129_Node0_Node8_Zero,2009.481853,2009.508197,1,Expiry,1185,5.2586982e-13,nan
2006508275781_Node0_Node8_Zero,2009.485736,2009.562842,1,Expiry,3421,0,nan
2006513742874_Node0_Node8_Zero,2009.491482,2009.562842,1,Expiry,3151,0,nan
2006519207639_Node0_Node8_Zero,2009.493555,2009.562842,1,Expiry,3061,0,nan
2006524670778_Node0_Node8_Zero,2009.495696,2009.562842,1,Expiry,2971,0,nan
2006530132453_Node0_Node8_Zero,2009.497716,2009.562842,1,Expiry,2881,0,nan
2006535598194_Node0_Node8_Zero,2009.499755,2009.562842,1,Expiry,2791,0,nan
2006541058409_Node0_Node8_Zero,2009.501756,2009.562842,1,Expiry,2701,0,nan
2006546525670_Node0_Node8_Zero,2009.503796,2009.562842,1,Expiry,2611,0,nan
2006551992647_Node0_Node8_Zero,2009.507773,2009.562842,1,Expiry,2431,0,nan
2006557457132_Node0_Node8_Zero,2009.509696,2009.562842,1,Expiry,2341,0,nan
2006562922374_Node0_Node8_Zero,2009.511736,2009.594734,1,Expiry,3421,0,nan
2006568386720_Node0_Node8_Zero,2009.521901,2009.594734,1,Expiry,2971,0,nan
2006573853819_Node0_Node8_Zero,2009.525893,2009.598607,1,Expiry,2791,0,nan
2006579320286_Node0_Node8_Zero,2009.527856,2009.598607,1,Expiry,2701,0,nan
2006584786972_Node0_Node8_Zero,2009.529755,2009.602621,1,Expiry,2611,0,nan
2006590247060_Node0_Node8_Zero,2009.533713,2009.602621,1,Expiry,2431,0,nan
2006595715988_Node0_Node8_Zero,2009.535616,2009.604539,1,Expiry,2341,0,nan
2006601182751_Node0_Node8_Zero,2009.543983,2009.604539,1,Expiry,1981,0,nan
2006606650659_Node0_Node8_Zero,2009.546176,2009.608372,1,Expiry,1891,0,nan
2006612118830_Node0_Node8_Zero,2009.550493,2009.616278,1,Expiry,1926,0,nan
2006617585468_Node0_Node8_Zero,2009.552675,2009.619611,1,Expiry,1838,5.2586982e-13,nan
2006623047007_Node0_Node8_Zero,2009.554576,2009.665273,1,Expiry,2391,0,nan
2006628511250_Node0_Node8_Zero,2009.558874,2009.692194,1,Expiry,2211,0,nan
2006633975429_Node0_Node8_Zero,2009.560915,2009.692194,1,Expiry,2121,0,nan
2006639437865_Node0_Node8_Zero,2009.566841,2009.646522,1,Expiry,1849,5.2586982e-13,nan
2006644897884_Node0_Node8_Zero,2009.568796,2009.646522,1,Expiry,1759,5.2586982e-13,nan
2006650367045_Node0_Node8_Zero,2009.570976,2009.686489,1,Expiry,1671,0,nan
2006655833093_Node0_Node8_Zero,2009.573115,2009.686489,1,Expiry,1581,0,nan
2006661301732_Node0_Node8_Zero,2009.575056,2009.731011,1,Expiry,2225,1.4914735861862673e-12,nan
2006666763506_Node0_Node8_Zero,2009.576996,2009.731011,1,Expiry,2135,1.4914735861862673e-12,nan
2006672229209_Node0_Node8_Zero,2009.583122,2009.731894,1,Expiry,1865,2.62312785e-13,nan
2006677698108_Node0_Node8_Zero,2009.585095,2009.731894,1,Expiry,1775,2.62312785e-13,nan
2006683166444_Node0_Node8_Zero,2009.587256,inf,-1,Still in Queue,-75915,5.2586982e-13,nan
2006688627202_Node0_Node8_Zero,2009.589176,inf,-1,Still in Queue,-76005,5.2586982e-13,nan
2006699556703_Node0_Node8_Zero,2009.592273,2010.152331,1,Expiry,3669,0,nan
2006448162494_Node0_Node8_Zero,2009.60123,2009.60123,1,Expiry,0,5.2586982e-13,nan
2006710485757_Node0_Node8_Zero,2009.631405,2010.152331,1,Expiry,2998,0,nan
2006715946611_Node0_Node8_Zero,2009.694552,2009.717046,1,Expiry,732,0,nan
2006726872435_Node0_Node8_Zero,2009.707953,2009.731801,1,Expiry,272,2.62312785e-13,nan
2006732332280_Node0_Node8_Zero,2009.712796,2009.734492,1,Expiry,93,0,nan
2006705022210_Node0_Node8_Zero,2009.715663,2009.715663,1,Expiry,0,5.2586982e-13,nan
2006721409340_Node0_Node8_Zero,2009.750991,2009.750991,1,Expiry,0,7.327961515227313e-13,nan
2006737795136_Node0_Node8_Zero,2009.753019,2009.753019,1,Expiry,0,5.2586982e-13,nan
2006743261954_Node0_Node8_Zero,2009.754948,2009.754948,1,Expiry,0,5.2586982e-13,nan
2006748723981_Node0_Node8_Zero,2009.756836,2009.756836,1,Expiry,0,5.2586982e-13,nan
2006754192343_Node0_Node8_Zero,2009.758744,2009.758744,1,Expiry,0,5.2586982e-13,nan
2006759659088_Node0_Node8_Zero,2009.760752,2009.760752,1,Expiry,0,5.2586982e-13,nan
2006765121218_Node0_Node8_Zero,2009.76288,2009.772313,1,Expiry,366,0,nan
2006776057259_Node0_Node8_Zero,2009.771448,2009.78737,1,Expiry,3,0,nan
2006786984799_Node0_Node8_Zero,2009.774553,2009.78737,1,Expiry,2,0,nan
2006781523330_Node0_Node8_Zero,2009.795438,2009.795438,1,Expiry,0,5.2586982e-13,nan
2006792453345_Node0_Node8_Zero,2009.797386,2009.797386,1,Expiry,0,5.2586982e-13,nan
2006797913792_Node0_Node8_Zero,2009.799386,2009.799386,1,Expiry,0,1.0077990426130763e-12,nan
2006803374832_Node0_Node8_Zero,2009.801554,2009.806295,1,Expiry,180,0,nan
2006808836667_Node0_Node8_Zero,2009.803456,2009.813651,1,Expiry,93,0,nan
2006814305888_Node0_Node8_Zero,2009.805475,2009.81868,1,Expiry,139,0,nan
2006825235138_Node0_Node8_Zero,2009.808414,2009.82643,1,Expiry,226,0,nan
2006819772031_Node0_Node8_Zero,2009.810293,2009.82643,1,Expiry,226,0,nan
2006830696320_Node0_Node8_Zero,2009.812193,2009.831841,1,Expiry,226,0,nan
2006836161175_Node0_Node8_Zero,2009.822593,2009.837343,1,Expiry,90,0,nan
2006841624364_Node0_Node8_Zero,2009.842696,2009.842696,1,Expiry,0,5.2586982e-13,nan
2006852548458_Node0_Node8_Zero,2009.844656,2009.858206,1,Expiry,537,0,nan
2006858015834_Node0_Node8_Zero,2009.846596,2009.86182,1,Expiry,450,0,nan
2006868946780_Node0_Node8_Zero,2009.854044,2009.869023,1,Expiry,142,5.2586982e-13,nan
2006874411340_Node0_Node8_Zero,2009.857204,2009.882692,1,Expiry,377,0,nan
2006863479959_Node0_Node8_Zero,2009.860307,2009.86537,1,Expiry,2,1.04925114e-12,nan
2006890803521_Node0_Node8_Zero,2009.872329,2009.894887,1,Expiry,374,1.2432629220417004e-12,nan
2006896265754_Node0_Node8_Zero,2009.879096,2009.902645,1,Expiry,93,0,nan
2006885337098_Node0_Node8_Zero,2009.884974,2009.8875,1,Expiry,2,0,nan
2006475486144_Node0_Node8_Zero,2009.916028,2009.916028,1,Expiry,0,5.2586982e-13,nan
2006437233730_Node0_Node8_Zero,2009.919768,2009.919768,1,Expiry,0,5.2586982e-13,nan
2005245973613_Node0_Node8_Zero,2009.959589,2009.959589,1,Expiry,0,7.716712803647168e-13,nan
2005071097780_Node0_Node8_Zero,2009.989907,2009.989907,1,Expiry,0,5.2586982e-13,nan
2005497355318_Node0_Node8_Zero,2010.000546,2010.000546,1,Expiry,0,6.019265999151e-13,nan
2006901731368_Node0_Node8_Zero,2010.031141,2010.031141,1,Expiry,0,5.2586982e-13,nan
2007000104845_Node0_Node8_Zero,2010.033229,2010.033229,1,Expiry,0,5.2586982e-13,nan
2007005569442_Node0_Node8_Zero,2010.035177,2010.035177,1,Expiry,0,5.2586982e-13,nan
2007011030095_Node0_Node8_Zero,2010.037206,2010.037206,1,Expiry,0,5.2586982e-13,nan
2007016496466_Node0_Node8_Zero,2010.039234,2010.039234,1,Expiry,0,5.2586982e-13,nan
2007021961331_Node0_Node8_Zero,2010.041242,2010.041242,1,Expiry,0,5.2586982e-13,nan
2007027428465_Node0_Node8_Zero,2010.04339,2010.04339,1,Expiry,0,5.2586982e-13,nan
2007032889080_Node0_Node8_Zero,2010.045558,2010.045558,1,Expiry,0,5.2586982e-13,nan
2007038357813_Node0_Node8_Zero,2010.047467,2010.047467,1,Expiry,0,5.2586982e-13,nan
2007043820387_Node0_Node8_Zero,2010.049455,2010.049455,1,Expiry,0,5.2586982e-13,nan
2007049283921_Node0_Node8_Zero,2010.051483,2010.051483,1,Expiry,0,5.2586982e-13,nan
2007054748320_Node0_Node8_Zero,2010.053451,2010.060027,1,Expiry,270,0,nan
2007060208601_Node0_Node8_Zero,2010.055356,2010.063721,1,Expiry,183,0,nan
2007065672602_Node0_Node8_Zero,2010.059174,2010.065835,1,Expiry,5,5.2586982e-13,nan
2007076603639_Node0_Node8_Zero,2010.062233,2010.077252,1,Expiry,2,0,nan
2007092999805_Node0_Node8_Zero,2010.085879,2010.095808,1,Expiry,106,0,nan
2007103933266_Node0_Node8_Zero,2010.092707,2010.108254,1,Expiry,104,0,nan
2007114861004_Node0_Node8_Zero,2010.107234,2010.115439,1,Expiry,0,0,nan
2007109396018_Node0_Node8_Zero,2010.120004,2010.120004,1,Expiry,0,7.601440789959495e-13,nan
2007120328164_Node0_Node8_Zero,2010.122164,2010.122164,1,Expiry,0,1.0280258868708258e-12,nan
2007131261256_Node0_Node8_Zero,2010.129374,2010.13523,1,Expiry,2,0,nan
2007136723302_Node0_Node8_Zero,2010.137332,2010.137332,1,Expiry,0,5.2586982e-13,nan
2007147652866_Node0_Node8_Zero,2010.139267,2010.15311,1,Expiry,2,6.400461932894842e-13,nan
2007164043343_Node0_Node8_Zero,2010.156868,2010.164247,1,Expiry,2,0,nan
2007158580866_Node0_Node8_Zero,2010.169445,2010.169445,1,Expiry,0,5.2586982e-13,nan
2007180441413_Node0_Node8_Zero,2010.171533,2010.181406,1,Expiry,360,0,nan
2007185903239_Node0_Node8_Zero,2010.173436,2010.188797,1,Expiry,288,5.2586982e-13,nan
2007191366915_Node0_Node8_Zero,2010.176412,2010.193486,1,Expiry,198,7.88182605e-13,nan
2007196829182_Node0_Node8_Zero,2010.178595,2010.214171,1,Expiry,395,1.3772781e-12,nan
2007202290074_Node0_Node8_Zero,2010.180556,2010.214171,1,Expiry,305,1.3772781e-12,nan
2007213218505_Node0_Node8_Zero,2010.183492,2010.225527,1,Expiry,533,0,nan
2007224148500_Node0_Node8_Zero,2010.201642,2010.228392,1,Expiry,518,0,nan
2007218684817_Node0_Node8_Zero,2010.21757,2010.228884,1,Expiry,231,9.62396329593825e-13,nan
2007240537529_Node0_Node8_Zero,2010.232573,2010.250802,1,Expiry,182,0,nan
2007235070086_Node0_Node8_Zero,2010.235675,2010.235675,1,Expiry,0,1.3772781e-12,nan
2007256931778_Node0_Node8_Zero,2010.24591,2010.260511,1,Expiry,451,0,nan
2007262393293_Node0_Node8_Zero,2010.249974,2010.280745,1,Expiry,1049,0,nan
2007251471345_Node0_Node8_Zero,2010.252893,2010.252893,1,Expiry,0,5.2586982e-13,nan
2007267857984_Node0_Node8_Zero,2010.255774,2010.282585,1,Expiry,958,0,nan
2007273320774_Node0_Node8_Zero,2010.259614,2010.282585,1,Expiry,778,0,nan
2007246006437_Node0_Node8_Zero,2010.279519,2010.279519,1,Expiry,0,5.2586982e-13,nan
2007278786761_Node0_Node8_Zero,2010.285146,2010.285146,1,Expiry,0,5.2586982e-13,nan
2007284252927_Node0_Node8_Zero,2010.287434,2010.287434,1,Expiry,0,5.2586982e-13,nan
2007169509007_Node0_Node8_Zero,2010.292973,2010.292973,1,Expiry,0,6.400461932894842e-13,nan
2007229610216_Node0_Node8_Zero,2010.296413,2010.296413,1,Expiry,0,9.62396329593825e-13,nan
2007289714257_Node0_Node8_Zero,2010.302181,2010.302181,1,Expiry,0,1.3772781e-12,nan
2007295183456_Node0_Node8_Zero,2010.304309,2010.304309,1,Expiry,0,5.2586982e-13,nan
2007300645021_Node0_Node8_Zero,2010.306477,2010.306477,1,Expiry,0,5.2586982e-13,nan
2007306104622_Node0_Node8_Zero,2010.308426,2010.308426,1,Expiry,0,5.2586982e-13,nan
2007311571574_Node0_Node8_Zero,2010.310434,2010.315234,1,Expiry,180,0,nan
2007317040382_Node0_Node8_Zero,2010.312395,2010.318842,1,Expiry,93,0,nan
2007322508515_Node0_Node8_Zero,2010.314295,2010.327544,1,Expiry,3,0,nan
2007333442905_Node0_Node8_Zero,2010.329824,2010.339127,1,Expiry,92,0,nan
2007344369208_Node0_Node8_Zero,2010.336338,2010.349015,1,Expiry,90,0,nan
2007174972753_Node0_Node8_Zero,2010.348038,2010.348038,1,Expiry,0,5.2586982e-13,nan
2007366235680_Node0_Node8_Zero,2010.353061,2010.374966,1,Expiry,316,0,nan
2007377160992_Node0_Node8_Zero,2010.366384,2010.378123,1,Expiry,314,0,nan
2007388095744_Node0_Node8_Zero,2010.377168,2010.398273,1,Expiry,407,0,nan
2007399029699_Node0_Node8_Zero,2010.387295,2010.399331,1,Expiry,407,0,nan
2007382629038_Node0_Node8_Zero,2010.394556,2010.394556,1,Expiry,0,9.400291114365917e-13,nan
2007393561789_Node0_Node8_Zero,2010.396956,2010.396956,1,Expiry,0,6.004299822751129e-13,nan
2007404491095_Node0_Node8_Zero,2010.403392,2010.4073,1,Expiry,2,0,nan
2007415422832_Node0_Node8_Zero,2010.406454,2010.418741,1,Expiry,3,0,nan
2007409953496_Node0_Node8_Zero,2010.409439,2010.411331,1,Expiry,3,0,nan
2007426353856_Node0_Node8_Zero,2010.422923,2010.427684,1,Expiry,180,0,nan
2007431817238_Node0_Node8_Zero,2010.424896,2010.433019,1,Expiry,93,0,nan
2007437281872_Node0_Node8_Zero,2010.426856,2010.446962,1,Expiry,183,0,nan
2007453682436_Node0_Node8_Zero,2010.44202,2010.453843,1,Expiry,182,1.5016220312816681e-12,nan
2007459142298_Node0_Node8_Zero,2010.446093,2010.468089,1,Expiry,275,5.2586982e-13,nan
2007448215008_Node0_Node8_Zero,2010.449072,2010.449072,1,Expiry,0,5.2586982e-13,nan
2007470069195_Node0_Node8_Zero,2010.46051,2010.470799,1,Expiry,272,0,nan
2007464608595_Node0_Node8_Zero,2010.462933,2010.472615,1,Expiry,183,0,nan
2007475529872_Node0_Node8_Zero,2010.464893,2010.480985,1,Expiry,93,0,nan
2007371700125_Node0_Node8_Zero,2010.479837,2010.479837,1,Expiry,0,5.2586982e-13,nan
2007480992178_Node0_Node8_Zero,2010.497784,2010.497784,1,Expiry,0,5.2586982e-13,nan
2007491923647_Node0_Node8_Zero,2010.499692,2010.499692,1,Expiry,0,5.2586982e-13,nan
2007497385870_Node0_Node8_Zero,2010.50164,2010.50164,1,Expiry,0,5.2586982e-13,nan
2007502850587_Node0_Node8_Zero,2010.503708,2010.503708,1,Expiry,0,5.2586982e-13,nan
2007508318796_Node0_Node8_Zero,2010.507753,2010.508684,1,Expiry,0,0,nan
2007519247097_Node0_Node8_Zero,2010.510994,2010.526103,1,Expiry,2,0,nan
2007530172617_Node0_Node8_Zero,2010.532674,2010.532674,1,Expiry,0,1.3772781e-12,nan
2007535640983_Node0_Node8_Zero,2010.534702,2010.537629,1,Expiry,90,0,nan
2007546568655_Node0_Node8_Zero,2010.539874,2010.547796,1,Expiry,2,0,nan
2007557496872_Node0_Node8_Zero,2010.55396,2010.559081,1,Expiry,92,0,nan
2007573890474_Node0_Node8_Zero,2010.561244,2010.583297,1,Expiry,864,0,nan
2007568421570_Node0_Node8_Zero,2010.563274,2010.585056,1,Expiry,775,0,nan
2007579353127_Node0_Node8_Zero,2010.565154,2010.585056,1,Expiry,685,0,nan
2007595749661_Node0_Node8_Zero,2010.582393,2010.596653,1,Expiry,1,0,nan
2007606687828_Node0_Node8_Zero,2010.602916,2010.609181,1,Expiry,182,0,nan
2007612150329_Node0_Node8_Zero,2010.604935,2010.61626,1,Expiry,183,0,nan
2007617617316_Node0_Node8_Zero,2010.613328,2010.619203,1,Expiry,92,5.2586982e-13,nan
2007623081459_Node0_Node8_Zero,2010.615314,2010.628984,1,Expiry,3,0,nan
2007634015116_Node0_Node8_Zero,2010.627928,2010.638917,1,Expiry,130,0,nan
2007639480046_Node0_Node8_Zero,2010.63536,2010.643844,1,Expiry,130,0,nan
2007655879033_Node0_Node8_Zero,2010.642975,2010.661607,1,Expiry,90,0,nan
2007666809503_Node0_Node8_Zero,2010.658471,2010.671815,1,Expiry,90,0,nan
2007644949458_Node0_Node8_Zero,2010.670955,2010.670955,1,Expiry,0,5.2586982e-13,nan
2007672270924_Node0_Node8_Zero,2010.676882,2010.676882,1,Expiry,0,6.146031913573097e-13,nan
2007677738840_Node0_Node8_Zero,2010.67883,2010.67883,1,Expiry,0,5.2586982e-13,nan
2007683204783_Node0_Node8_Zero,2010.680979,2010.683804,1,Expiry,90,0,nan
2007688674005_Node0_Node8_Zero,2010.682955,2010.694491,1,Expiry,449,0,nan
2007694139823_Node0_Node8_Zero,2010.689652,2010.697964,1,Expiry,181,0,nan
2007699608440_Node0_Node8_Zero,2010.691635,2010.701738,1,Expiry,93,0,nan
2007705068936_Node0_Node8_Zero,2010.703859,2010.711065,1,Expiry,94,5.2586982e-13,nan
2007715993361_Node0_Node8_Zero,2010.708712,2010.72308,1,Expiry,182,0,nan
2007732383524_Node0_Node8_Zero,2010.720064,2010.738921,1,Expiry,92,0,nan
2007726923181_Node0_Node8_Zero,2010.721995,2010.728734,1,Expiry,3,0,nan
2007748772034_Node0_Node8_Zero,2010.737804,2010.749712,1,Expiry,2,1.31467455e-13,nan
2007737848211_Node0_Node8_Zero,2010.741067,2010.741067,1,Expiry,0,1.3772781e-12,nan
2007754237950_Node0_Node8_Zero,2010.742907,2010.762582,1,Expiry,2,0,nan
2007759706609_Node0_Node8_Zero,2010.744815,2010.762582,1,Expiry,2,0,nan
2007770637246_Node0_Node8_Zero,2010.767416,2010.773605,1,Expiry,2,0,nan
2007781565303_Node0_Node8_Zero,2010.775981,2010.783109,1,Expiry,2,0,nan
2007776101412_Node0_Node8_Zero,2010.79034,2010.79034,1,Expiry,0,5.2586982e-13,nan
2007792491289_Node0_Node8_Zero,2010.795098,2010.795098,1,Expiry,0,5.2586982e-13,nan
2007797954213_Node0_Node8_Zero,2010.796987,2010.799915,1,Expiry,90,0,nan
2007808881567_Node0_Node8_Zero,2010.802091,2010.810307,1,Expiry,92,0,nan
2007803417682_Node0_Node8_Zero,2010.804233,2010.804233,1,Expiry,0,5.2586982e-13,nan
2007814343949_Node0_Node8_Zero,2010.817583,2010.817583,1,Expiry,0,5.2586982e-13,nan
2007819810143_Node0_Node8_Zero,2010.819723,2010.820554,1,Expiry,0,0,nan
2007825270003_Node0_Node8_Zero,2010.822672,2010.825498,1,Expiry,90,0,nan
2007830737538_Node0_Node8_Zero,2010.831655,2010.831655,1,Expiry,0,5.2586982e-13,nan
2007836204858_Node0_Node8_Zero,2010.833655,2010.840331,1,Expiry,270,0,nan
2007841669112_Node0_Node8_Zero,2010.835556,2010.845682,1,Expiry,361,0,nan
2007847130702_Node0_Node8_Zero,2010.839413,2010.851257,1,Expiry,365,0,nan
2007852600166_Node0_Node8_Zero,2010.844272,2010.8582,1,Expiry,185,0,nan
2007858061303_Node0_Node8_Zero,2010.850187,2010.86363,1,Expiry,1,0,nan
2007863523597_Node0_Node8_Zero,2010.853342,2010.86363,1,Expiry,0,0,nan
2007868987850_Node0_Node8_Zero,2010.855374,2010.878742,1,Expiry,0,0,nan
2007879923300_Node0_Node8_Zero,2010.862256,2010.884709,1,Expiry,90,0,nan
2007901774170_Node0_Node8_Zero,2010.881153,2010.901894,1,Expiry,90,0,nan
2007874456910_Node0_Node8_Zero,2010.889131,2010.889131,1,Expiry,0,5.2586982e-13,nan
2007890845943_Node0_Node8_Zero,2010.894155,2010.894155,1,Expiry,0,1.3772781e-12,nan
2007787027287_Node0_Node8_Zero,2010.918835,2010.918835,1,Expiry,0,5.2586982e-13,nan
2007907240587_Node0_Node8_Zero,2010.924763,2010.924763,1,Expiry,0,6.140881718408009e-13,nan
2007912700487_Node0_Node8_Zero,2010.926811,2010.926811,1,Expiry,0,5.2586982e-13,nan
2007918165900_Node0_Node8_Zero,2010.928879,2010.928879,1,Expiry,0,5.2586982e-13,nan
2007923630779_Node0_Node8_Zero,2010.930867,2010.930867,1,Expiry,0,5.2586982e-13,nan
2007929096612_Node0_Node8_Zero,2010.932756,2010.932756,1,Expiry,0,5.2586982e-13,nan
2007934564141_Node0_Node8_Zero,2010.934744,2010.934744,1,Expiry,0,5.2586982e-13,nan
2007940030953_Node0_Node8_Zero,2010.936856,2010.948827,1,Expiry,462,0,nan
2007950962882_Node0_Node8_Zero,2010.943851,2010.954287,1,Expiry,271,0,nan
2007956429446_Node0_Node8_Zero,2010.945835,2010.959783,1,Expiry,365,0,nan
2007961891967_Node0_Node8_Zero,2010.950961,2010.963536,1,Expiry,274,0,nan
2007967360806_Node0_Node8_Zero,2010.952875,2010.972512,1,Expiry,187,1.2432629220417004e-12,nan
2007972827749_Node0_Node8_Zero,2010.958888,2010.973169,1,Expiry,3,8.154655118496141e-13,nan
2007983751367_Node0_Node8_Zero,2010.962093,2010.988842,1,Expiry,2,0,nan
2008011084274_Node0_Node8_Zero,2010.995253,2011.016648,1,Expiry,92,0,nan
2008027476277_Node0_Node8_Zero,2011.013334,2011.031192,1,Expiry,90,0,nan
2008005617322_Node0_Node8_Zero,2011.021226,2011.021226,1,Expiry,0,7.351841162945215e-13,nan
2008000151022_Node0_Node8_Zero,2011.027383,2011.027383,1,Expiry,0,1.254788376173774e-12,nan
2008038400575_Node0_Node8_Zero,2011.038659,2011.038659,1,Expiry,0,5.2586982e-13,nan
2008043861461_Node0_Node8_Zero,2011.042734,2011.047515,1,Expiry,180,0,nan
2008049328953_Node0_Node8_Zero,2011.046694,2011.053695,1,Expiry,3,0,nan
2008065726358_Node0_Node8_Zero,2011.055867,2011.06979,1,Expiry,557,0,nan
2008071186143_Node0_Node8_Zero,2011.057895,2011.071579,1,Expiry,470,5.2586982e-13,nan
2008082113016_Node0_Node8_Zero,2011.062692,2011.101533,1,Expiry,1022,0,nan
2008076648736_Node0_Node8_Zero,2011.074968,2011.079459,1,Expiry,2,5.2586982e-13,nan
2008087578517_Node0_Node8_Zero,2011.083162,2011.106579,1,Expiry,731,0,nan
2008093039588_Node0_Node8_Zero,2011.092443,2011.108176,1,Expiry,361,0,nan
2008098507967_Node0_Node8_Zero,2011.094456,2011.108176,1,Expiry,271,0,nan
2008103972930_Node0_Node8_Zero,2011.098695,2011.112148,1,Expiry,91,0,nan
2008109438801_Node0_Node8_Zero,2011.100716,2011.112148,1,Expiry,1,0,nan
2008120360629_Node0_Node8_Zero,2011.103591,2011.13418,1,Expiry,359,0,nan
2008125826342_Node0_Node8_Zero,2011.110539,2011.13418,1,Expiry,359,0,nan
2008136754886_Node0_Node8_Zero,2011.124872,2011.139427,1,Expiry,359,0,nan
2008131289412_Node0_Node8_Zero,2011.132649,2011.132649,1,Expiry,0,5.2586982e-13,nan
2008142221994_Node0_Node8_Zero,2011.136541,2011.14262,1,Expiry,0,0,nan
2008153155824_Node0_Node8_Zero,2011.141648,2011.158241,1,Expiry,0,0,nan
2008158621848_Node0_Node8_Zero,2011.165921,2011.165921,1,Expiry,0,5.2586982e-13,nan
2008169543578_Node0_Node8_Zero,2011.16782,2011.182493,1,Expiry,182,0,nan
2008175008841_Node0_Node8_Zero,2011.175737,2011.175737,1,Expiry,0,5.2586982e-13,nan
2008180470338_Node0_Node8_Zero,2011.177625,2011.185585,1,Expiry,180,0,nan
2008185933741_Node0_Node8_Zero,2011.179525,2011.188498,1,Expiry,91,0,nan
2008191400913_Node0_Node8_Zero,2011.190699,2011.19159,1,Expiry,0,0,nan
2008207788852_Node0_Node8_Zero,2011.193851,2011.21955,1,Expiry,487,0,nan
2008218711612_Node0_Node8_Zero,2011.207757,2011.220849,1,Expiry,485,0,nan
2008224178389_Node0_Node8_Zero,2011.209873,2011.224561,1,Expiry,396,0,nan
2008229644254_Node0_Node8_Zero,2011.211793,2011.23626,1,Expiry,307,0,nan
2008016545846_Node0_Node8_Zero,2011.238965,2011.238965,1,Expiry,0,5.2586982e-13,nan
2008022009387_Node0_Node8_Zero,2011.241093,2011.241093,1,Expiry,0,5.2586982e-13,nan
2008235112579_Node0_Node8_Zero,2011.244033,2011.244033,1,Expiry,0,5.837928899134571e-13,nan
2008240574548_Node0_Node8_Zero,2011.246701,2011.246701,1,Expiry,0,5.2586982e-13,nan
2008202325731_Node0_Node8_Zero,2011.257051,2011.257051,1,Expiry,0,5.2586982e-13,nan
2008213250937_Node0_Node8_Zero,2011.259079,2011.259079,1,Expiry,0,5.2586982e-13,nan
2007087536105_Node0_Node8_Zero,2011.263239,2011.263239,1,Expiry,0,5.2586982e-13,nan
2008246037484_Node0_Node8_Zero,2011.293006,2011.293006,1,Expiry,0,5.2586982e-13,nan
2008256973313_Node0_Node8_Zero,2011.295135,2011.295135,1,Expiry,0,5.2586982e-13,nan
2008262436903_Node0_Node8_Zero,2011.297163,2011.297163,1,Expiry,0,5.2586982e-13,nan
2008267903237_Node0_Node8_Zero,2011.299211,2011.299211,1,Expiry,0,5.2586982e-13,nan
2008273366384_Node0_Node8_Zero,2011.301139,2011.301139,1,Expiry,0,5.2586982e-13,nan
2008278832350_Node0_Node8_Zero,2011.303288,2011.303288,1,Expiry,0,5.2586982e-13,nan
2008284296704_Node0_Node8_Zero,2011.305436,2011.305436,1,Expiry,0,5.2586982e-13,nan
2008289760656_Node0_Node8_Zero,2011.307544,2011.307544,1,Expiry,0,5.2586982e-13,nan
2008295225063_Node0_Node8_Zero,2011.309492,2011.309492,1,Expiry,0,5.2586982e-13,nan
2008300686410_Node0_Node8_Zero,2011.31138,2011.31138,1,Expiry,0,5.2586982e-13,nan
2008306148863_Node0_Node8_Zero,2011.313529,2011.313529,1,Expiry,0,5.2586982e-13,nan
2008311609086_Node0_Node8_Zero,2011.315437,2011.315437,1,Expiry,0,5.2586982e-13,nan
2008317076663_Node0_Node8_Zero,2011.317485,2011.317485,1,Expiry,0,5.2586982e-13,nan
2008322544658_Node0_Node8_Zero,2011.321533,2011.326234,1,Expiry,180,0,nan
2008328007888_Node0_Node8_Zero,2011.325414,2011.329221,1,Expiry,3,0,nan
2008333471713_Node0_Node8_Zero,2011.328372,2011.336097,1,Expiry,2,5.2586982e-13,nan
2008338934218_Node0_Node8_Zero,2011.331292,2011.373227,1,Expiry,1262,0,nan
2008355331994_Node0_Node8_Zero,2011.343974,2011.376079,1,Expiry,1260,0,nan
2008360800524_Node0_Node8_Zero,2011.345875,2011.36612,1,Expiry,901,0,nan
2008366260104_Node0_Node8_Zero,2011.347936,2011.377697,1,Expiry,1081,0,nan
2008371726288_Node0_Node8_Zero,2011.349916,2011.377697,1,Expiry,991,0,nan
2008377195037_Node0_Node8_Zero,2011.351815,2011.381531,1,Expiry,901,0,nan
2008382662788_Node0_Node8_Zero,2011.353876,2011.398123,1,Expiry,1150,0,nan
2008388129464_Node0_Node8_Zero,2011.355876,2011.393462,1,Expiry,1060,0,nan
2008393592973_Node0_Node8_Zero,2011.357955,2011.396068,1,Expiry,970,0,nan
2008399052793_Node0_Node8_Zero,2011.359916,2011.400643,1,Expiry,880,5.993874864972422e-13,nan
2008404514516_Node0_Node8_Zero,2011.363894,2011.438757,1,Expiry,2054,0,nan
2008409979436_Node0_Node8_Zero,2011.365783,2011.470795,1,Expiry,1968,7.520217166716479e-13,nan
2008420902503_Node0_Node8_Zero,2011.406452,2011.439877,1,Expiry,1354,0,nan
2008426370608_Node0_Node8_Zero,2011.411312,2011.443507,1,Expiry,1171,0,nan
2008431837454_Node0_Node8_Zero,2011.413673,2011.443507,1,Expiry,1081,0,nan
2008437305573_Node0_Node8_Zero,2011.415653,2011.449355,1,Expiry,991,0,nan
2008442769380_Node0_Node8_Zero,2011.422042,2011.449355,1,Expiry,721,0,nan
2008448230765_Node0_Node8_Zero,2011.426173,2011.453367,1,Expiry,541,0,nan
2008453690645_Node0_Node8_Zero,2011.432181,2011.454666,1,Expiry,273,0,nan
2008459153393_Node0_Node8_Zero,2011.436053,2011.460935,1,Expiry,95,5.075383666886028e-13,nan
2008470085794_Node0_Node8_Zero,2011.441985,2011.793651,1,Expiry,5656,0,nan
2008464622111_Node0_Node8_Zero,2011.445913,2011.468531,1,Expiry,4,5.2586982e-13,nan
2008475550846_Node0_Node8_Zero,2011.447814,2011.558376,1,Expiry,3064,0,nan
2008491946188_Node0_Node8_Zero,2011.488653,2011.561444,1,Expiry,3060,0,nan
2008497409653_Node0_Node8_Zero,2011.490695,2011.530055,1,Expiry,1754,5.2586982e-13,nan
2008502871609_Node0_Node8_Zero,2011.49859,2011.530055,1,Expiry,1394,5.2586982e-13,nan
2008508332430_Node0_Node8_Zero,2011.500675,2011.530055,1,Expiry,1304,5.2586982e-13,nan
2008513796962_Node0_Node8_Zero,2011.506741,2011.530055,1,Expiry,1034,5.2586982e-13,nan
2008519260243_Node0_Node8_Zero,2011.510573,2011.530055,1,Expiry,854,5.2586982e-13,nan
2008524725876_Node0_Node8_Zero,2011.512576,2011.530055,1,Expiry,764,5.2586982e-13,nan
2008530194175_Node0_Node8_Zero,2011.514536,2011.563081,1,Expiry,1891,0,nan
2008535660186_Node0_Node8_Zero,2011.516495,2011.563081,1,Expiry,1801,0,nan
2008541125753_Node0_Node8_Zero,2011.518516,2011.567074,1,Expiry,1711,0,nan
2008546591636_Node0_Node8_Zero,2011.524835,2011.567074,1,Expiry,1441,0,nan
2008552060148_Node0_Node8_Zero,2011.526956,2011.571088,1,Expiry,1351,0,nan
2008557521824_Node0_Node8_Zero,2011.530973,2011.571088,1,Expiry,1171,0,nan
2008562988689_Node0_Node8_Zero,2011.532876,2011.57502,1,Expiry,1081,0,nan
2008568448723_Node0_Node8_Zero,2011.534816,2011.57502,1,Expiry,991,0,nan
2008573915613_Node0_Node8_Zero,2011.538755,2011.576999,1,Expiry,811,0,nan
2008579375778_Node0_Node8_Zero,2011.540916,2011.609339,1,Expiry,1565,0,nan
2008584835777_Node0_Node8_Zero,2011.543075,2011.589028,1,Expiry,1026,0,nan
2008590305166_Node0_Node8_Zero,2011.545136,2011.608057,1,Expiry,1385,1.57512096e-12,nan
2008595766261_Node0_Node8_Zero,2011.547056,2011.598761,1,Expiry,1116,0,nan
2008601234671_Node0_Node8_Zero,2011.551094,2011.610423,1,Expiry,1115,1.3772781e-12,nan
2008606699162_Node0_Node8_Zero,2011.553215,2011.612713,1,Expiry,1025,0,nan
2008612159100_Node0_Node8_Zero,2011.555216,2011.612713,1,Expiry,935,0,nan
2008623086170_Node0_Node8_Zero,2011.565518,2011.626853,1,Expiry,1359,0,nan
2008655881424_Node0_Node8_Zero,2011.615094,inf,-1,Still in Queue,-97089,1.3772781e-12,nan
2008666808804_Node0_Node8_Zero,2011.625973,2011.687034,1,Expiry,917,0,nan
2008677738042_Node0_Node8_Zero,2011.631055,2011.687034,1,Expiry,916,0,nan
2008705059002_Node0_Node8_Zero,2011.661443,2011.706264,1,Expiry,916,0,nan
2008688666090_Node0_Node8_Zero,2011.68532,2011.69156,1,Expiry,3,0,nan
2008644952838_Node0_Node8_Zero,2011.708433,2011.708433,1,Expiry,0,5.777898647225685e-13,nan
2008486482747_Node0_Node8_Zero,2011.714398,2011.714398,1,Expiry,0,5.2586982e-13,nan
2008344395482_Node0_Node8_Zero,2011.720484,2011.720484,1,Expiry,0,5.2586982e-13,nan
2008349864247_Node0_Node8_Zero,2011.722612,2011.722612,1,Expiry,0,5.2586982e-13,nan
2008715986912_Node0_Node8_Zero,2011.730771,2011.730771,1,Expiry,0,6.49495939101986e-13,nan
2008721451830_Node0_Node8_Zero,2011.73268,2011.73268,1,Expiry,0,5.2586982e-13,nan
2008726913136_Node0_Node8_Zero,2011.734828,2011.734828,1,Expiry,0,5.2586982e-13,nan
2008732377571_Node0_Node8_Zero,2011.736716,2011.736716,1,Expiry,0,5.2586982e-13,nan
2008737847018_Node0_Node8_Zero,2011.738744,2011.738744,1,Expiry,0,5.2586982e-13,nan
2008743313565_Node0_Node8_Zero,2011.742733,2011.743584,1,Expiry,0,0,nan
2008754238512_Node0_Node8_Zero,2011.745734,2011.755681,1,Expiry,2,0,nan
2008765169365_Node0_Node8_Zero,2011.757732,2011.767006,1,Expiry,219,0,nan
2008781573201_Node0_Node8_Zero,2011.769148,2011.794943,1,Expiry,94,1.536157112449493e-12,nan
2008792496922_Node0_Node8_Zero,2011.77818,2011.80672,1,Expiry,452,0,nan
2008803428176_Node0_Node8_Zero,2011.797855,2011.811628,1,Expiry,360,0,nan
2008797961084_Node0_Node8_Zero,2011.801733,2011.801733,1,Expiry,0,5.2586982e-13,nan
2008814354351_Node0_Node8_Zero,2011.805872,2011.824814,1,Expiry,137,0,nan
2008819818376_Node0_Node8_Zero,2011.810734,2011.824814,1,Expiry,136,0,nan
2008825283404_Node0_Node8_Zero,2011.819825,2011.826307,1,Expiry,136,0,nan
2008836217415_Node0_Node8_Zero,2011.831385,2011.84504,1,Expiry,532,0,nan
2008841677426_Node0_Node8_Zero,2011.833435,2011.848133,1,Expiry,443,0,nan
2008858062431_Node0_Node8_Zero,2011.842134,2011.872621,1,Expiry,186,0,nan
2008868989945_Node0_Node8_Zero,2011.847214,2011.872621,1,Expiry,95,0,nan
2008885388868_Node0_Node8_Zero,2011.869144,2011.889428,1,Expiry,369,0,nan
2008896317172_Node0_Node8_Zero,2011.87618,2011.992672,1,Expiry,1156,1.3772781e-12,nan
2008901779976_Node0_Node8_Zero,2011.886594,2011.920255,1,Expiry,698,0,nan
2008907240938_Node0_Node8_Zero,2011.903664,2011.921533,1,Expiry,608,0,nan
2008830752734_Node0_Node8_Zero,2011.916467,2011.916467,1,Expiry,0,5.2586982e-13,nan
2008879921289_Node0_Node8_Zero,2011.919346,2011.919346,1,Expiry,0,5.2586982e-13,nan
2008912706448_Node0_Node8_Zero,2011.931104,2011.931104,1,Expiry,0,1.0319428313029652e-12,nan
2008694128835_Node0_Node8_Zero,2011.938343,2011.938343,1,Expiry,0,7.198816020417e-13,nan
2008918171940_Node0_Node8_Zero,2011.947691,2011.947691,1,Expiry,0,5.2586982e-13,nan
2008923639105_Node0_Node8_Zero,2011.94979,2011.94979,1,Expiry,0,1.3772781e-12,nan
2008929099292_Node0_Node8_Zero,2011.951859,2011.951859,1,Expiry,0,5.2586982e-13,nan
2008934568334_Node0_Node8_Zero,2011.953927,2011.953927,1,Expiry,0,5.2586982e-13,nan
2008940030466_Node0_Node8_Zero,2011.956035,2011.956035,1,Expiry,0,5.2586982e-13,nan
2008945498639_Node0_Node8_Zero,2011.957943,2011.957943,1,Expiry,0,5.2586982e-13,nan
2008950963699_Node0_Node8_Zero,2011.959992,2011.959992,1,Expiry,0,5.2586982e-13,nan
2008956432391_Node0_Node8_Zero,2011.9621,2011.9621,1,Expiry,0,5.2586982e-13,nan
2008961899747_Node0_Node8_Zero,2011.964068,2011.964068,1,Expiry,0,5.2586982e-13,nan
2008967359604_Node0_Node8_Zero,2011.966016,2011.9727,1,Expiry,270,0,nan
2008972821591_Node0_Node8_Zero,2011.971801,2011.977596,1,Expiry,3,0,nan
2008983747205_Node0_Node8_Zero,2011.974794,2011.985491,1,Expiry,2,0,nan
2008978283517_Node0_Node8_Zero,2011.976694,2011.983144,1,Expiry,0,0,nan
2008989212249_Node0_Node8_Zero,2011.981721,2011.992784,1,Expiry,2,1.3772781e-12,nan
2009000141642_Node0_Node8_Zero,2011.996511,2012.006185,1,Expiry,2,0,nan
2009016543965_Node0_Node8_Zero,2012.005218,2012.023227,1,Expiry,0,0,nan
2008481013289_Node0_Node8_Zero,2012.033619,2012.033619,1,Expiry,0,5.2586982e-13,nan
2008890848473_Node0_Node8_Zero,2012.037458,2012.037458,1,Expiry,0,7.327961515227313e-13,nan
2008617622756_Node0_Node8_Zero,2012.041398,2012.041398,1,Expiry,0,5.2586982e-13,nan
2008628552476_Node0_Node8_Zero,2012.044506,2012.044506,1,Expiry,0,5.2586982e-13,nan
2008672277812_Node0_Node8_Zero,2012.048506,2012.048506,1,Expiry,0,1.3772781e-12,nan
2008699596970_Node0_Node8_Zero,2012.05692,2012.05692,1,Expiry,0,1.3772781e-12,nan
2009022008897_Node0_Node8_Zero,2012.067566,2012.067566,1,Expiry,0,5.2586982e-13,nan
2009027471725_Node0_Node8_Zero,2012.069625,2012.069625,1,Expiry,0,1.0077990426130763e-12,nan
2009032938884_Node0_Node8_Zero,2012.071734,2012.071734,1,Expiry,0,5.2586982e-13,nan
2009038399466_Node0_Node8_Zero,2012.073682,2012.073682,1,Expiry,0,5.2586982e-13,nan
2009043862615_Node0_Node8_Zero,2012.07581,2012.07581,1,Expiry,0,5.2586982e-13,nan
2009049327542_Node0_Node8_Zero,2012.077818,2012.077818,1,Expiry,0,5.2586982e-13,nan
2009054792755_Node0_Node8_Zero,2012.079907,2012.079907,1,Expiry,0,5.2586982e-13,nan
2009076647722_Node0_Node8_Zero,2012.081875,2012.081875,1,Expiry,0,5.2586982e-13,nan
2009082112459_Node0_Node8_Zero,2012.083943,2012.083943,1,Expiry,0,5.2586982e-13,nan
2009087576211_Node0_Node8_Zero,2012.085851,2012.092089,1,Expiry,2,0,nan
2009103967304_Node0_Node8_Zero,2012.094147,2012.109887,1,Expiry,638,0,nan
2009109434741_Node0_Node8_Zero,2012.096076,2012.120159,1,Expiry,549,0,nan
2009114900013_Node0_Node8_Zero,2012.097975,2012.120159,1,Expiry,459,0,nan
2009131294043_Node0_Node8_Zero,2012.10901,2012.132234,1,Expiry,3,5.2586982e-13,nan
2009136754843_Node0_Node8_Zero,2012.114965,2012.201642,1,Expiry,1158,1.082087111923134e-12,nan
2009147691742_Node0_Node8_Zero,2012.122634,2012.170393,1,Expiry,1156,0,nan
2009158623631_Node0_Node8_Zero,2012.141666,2012.175367,1,Expiry,1154,0,nan
2009169553792_Node0_Node8_Zero,2012.143855,2012.179038,1,Expiry,1065,0,nan
2009164087140_Node0_Node8_Zero,2012.155297,2012.179038,1,Expiry,541,0,nan
2009185937305_Node0_Node8_Zero,2012.159313,2012.1908,1,Expiry,363,0,nan
2009180477480_Node0_Node8_Zero,2012.163996,2012.180937,1,Expiry,181,0,nan
2009142223292_Node0_Node8_Zero,2012.166615,2012.166615,1,Expiry,0,5.2586982e-13,nan
2009153158720_Node0_Node8_Zero,2012.169044,2012.169044,1,Expiry,0,5.2586982e-13,nan
2009191401474_Node0_Node8_Zero,2012.174439,2012.194003,1,Expiry,2,0,nan
2009202325877_Node0_Node8_Zero,2012.177594,2012.215065,1,Expiry,51,0,nan
2009218723755_Node0_Node8_Zero,2012.205372,2012.23719,1,Expiry,409,0,nan
2009235111351_Node0_Node8_Zero,2012.227339,2012.240123,1,Expiry,360,0,nan
2009224184523_Node0_Node8_Zero,2012.229596,2012.229596,1,Expiry,0,6.067058027778734e-13,nan
2009229647938_Node0_Node8_Zero,2012.231856,2012.231856,1,Expiry,0,5.2586982e-13,nan
2009240574158_Node0_Node8_Zero,2012.236264,2012.243074,1,Expiry,1,0,nan
2009251500748_Node0_Node8_Zero,2012.242226,2012.253346,1,Expiry,0,0,nan
2009246040361_Node0_Node8_Zero,2012.258469,2012.258469,1,Expiry,0,5.2586982e-13,nan
2009256963148_Node0_Node8_Zero,2012.260417,2012.260417,1,Expiry,0,5.2586982e-13,nan
2009262425650_Node0_Node8_Zero,2012.262517,2012.262517,1,Expiry,0,1.0494079985898466e-12,nan
2009267890334_Node0_Node8_Zero,2012.264675,2012.275344,1,Expiry,182,0,nan
2009273351970_Node0_Node8_Zero,2012.272529,2012.278437,1,Expiry,90,0,nan
2009284281041_Node0_Node8_Zero,2012.274429,2012.285506,1,Expiry,3,1.3772781e-12,nan
2009295205215_Node0_Node8_Zero,2012.282619,2012.330936,1,Expiry,1352,0,nan
2009306141961_Node0_Node8_Zero,2012.300581,2012.335838,1,Expiry,1350,0,nan
2009311605241_Node0_Node8_Zero,2012.30266,2012.339431,1,Expiry,1261,0,nan
2009317066110_Node0_Node8_Zero,2012.304776,2012.339431,1,Expiry,1171,0,nan
2009322535336_Node0_Node8_Zero,2012.308594,2012.341329,1,Expiry,991,0,nan
2009327996224_Node0_Node8_Zero,2012.314353,2012.341329,1,Expiry,721,0,nan
2009333463630_Node0_Node8_Zero,2012.316416,2012.345242,1,Expiry,631,0,nan
2009338929681_Node0_Node8_Zero,2012.318555,2012.345242,1,Expiry,541,0,nan
2009344391787_Node0_Node8_Zero,2012.322373,2012.349094,1,Expiry,361,0,nan
2009349857855_Node0_Node8_Zero,2012.326153,2012.353918,1,Expiry,265,5.2586982e-13,nan
2009355322241_Node0_Node8_Zero,2012.328096,2012.355891,1,Expiry,175,5.2586982e-13,nan
2009360788072_Node0_Node8_Zero,2012.333012,2012.38056,1,Expiry,264,0,nan
2009371715415_Node0_Node8_Zero,2012.338053,2012.381704,1,Expiry,264,0,nan
2009366247640_Node0_Node8_Zero,2012.343725,2012.368545,1,Expiry,84,0,nan
2009404508851_Node0_Node8_Zero,2012.375916,2012.667779,1,Expiry,3210,0,nan
2009399044636_Node0_Node8_Zero,2012.379735,2012.432876,1,Expiry,855,0,nan
2009420909244_Node0_Node8_Zero,2012.407415,2012.433996,1,Expiry,852,0,nan
2009426368746_Node0_Node8_Zero,2012.409875,2012.435312,1,Expiry,763,0,nan
2009300674589_Node0_Node8_Zero,2012.415156,2012.415156,1,Expiry,0,5.2586982e-13,nan
2009175014380_Node0_Node8_Zero,2012.432043,2012.432043,1,Expiry,0,6.231057790671e-13,nan
2009278814699_Node0_Node8_Zero,2012.441421,2012.441421,1,Expiry,0,5.2586982e-13,nan
2009125830137_Node0_Node8_Zero,2012.44746,2012.44746,1,Expiry,0,5.2586982e-13,nan
2009415441096_Node0_Node8_Zero,2012.45052,2012.45052,1,Expiry,0,5.2586982e-13,nan
2009409977570_Node0_Node8_Zero,2012.456308,2012.456308,1,Expiry,0,1.3772781e-12,nan
2009393577163_Node0_Node8_Zero,2012.462661,2012.462661,1,Expiry,0,7.327961515227313e-13,nan
2009382643914_Node0_Node8_Zero,2012.475051,2012.475051,1,Expiry,0,5.2586982e-13,nan
2009388113202_Node0_Node8_Zero,2012.477579,2012.477579,1,Expiry,0,5.2586982e-13,nan
2009431830394_Node0_Node8_Zero,2012.486587,2012.486587,1,Expiry,0,7.537054221110679e-13,nan
2009459152521_Node0_Node8_Zero,2012.488735,2012.488735,1,Expiry,0,5.2586982e-13,nan
2009464613781_Node0_Node8_Zero,2012.490723,2012.490723,1,Expiry,0,5.2586982e-13,nan
2009470077792_Node0_Node8_Zero,2012.492691,2012.492691,1,Expiry,0,5.2586982e-13,nan
2009475546642_Node0_Node8_Zero,2012.49464,2012.49464,1,Expiry,0,5.2586982e-13,nan
2009481006736_Node0_Node8_Zero,2012.496688,2012.496688,1,Expiry,0,5.2586982e-13,nan
2009486475443_Node0_Node8_Zero,2012.498856,2012.498856,1,Expiry,0,5.2586982e-13,nan
2009491935409_Node0_Node8_Zero,2012.501004,2012.501004,1,Expiry,0,5.2586982e-13,nan
2009497395719_Node0_Node8_Zero,2012.503033,2012.503033,1,Expiry,0,5.2586982e-13,nan
2009502857106_Node0_Node8_Zero,2012.505021,2012.505021,1,Expiry,0,5.2586982e-13,nan
2009508324708_Node0_Node8_Zero,2012.507009,2012.510647,1,Expiry,90,0,nan
2009519258121_Node0_Node8_Zero,2012.514965,2012.523932,1,Expiry,317,0,nan
2009524722041_Node0_Node8_Zero,2012.516976,2012.527105,1,Expiry,228,0,nan
2009541107462_Node0_Node8_Zero,2012.52297,2012.548251,1,Expiry,3,0,nan
2009546572962_Node0_Node8_Zero,2012.529349,2012.56005,1,Expiry,4,1.120783513971851e-12,nan
2009562960266_Node0_Node8_Zero,2012.551117,2012.601921,1,Expiry,1489,0,nan
2009573893280_Node0_Node8_Zero,2012.568507,2012.604953,1,Expiry,1487,0,nan
2009568426222_Node0_Node8_Zero,2012.573397,2012.573397,1,Expiry,0,5.2586982e-13,nan
2009590293465_Node0_Node8_Zero,2012.575293,2012.610503,1,Expiry,1171,0,nan
2009595762776_Node0_Node8_Zero,2012.577196,2012.610503,1,Expiry,1081,0,nan
2009579362534_Node0_Node8_Zero,2012.579316,2012.618215,1,Expiry,991,0,nan
2009601226005_Node0_Node8_Zero,2012.581375,2012.618215,1,Expiry,901,0,nan
2009606685519_Node0_Node8_Zero,2012.585213,2012.620153,1,Expiry,721,0,nan
2009612153985_Node0_Node8_Zero,2012.587156,2012.620153,1,Expiry,631,0,nan
2009617615408_Node0_Node8_Zero,2012.590994,2012.622071,1,Expiry,451,0,nan
2009623084161_Node0_Node8_Zero,2012.592915,2012.631288,1,Expiry,637,0,nan
2009628545817_Node0_Node8_Zero,2012.594836,2012.631902,1,Expiry,547,6.50213751281668e-13,nan
2009634011207_Node0_Node8_Zero,2012.596776,2012.635228,1,Expiry,457,9.564142045591547e-13,nan
2009639479808_Node0_Node8_Zero,2012.600855,2012.653246,1,Expiry,279,0,nan
2009584831000_Node0_Node8_Zero,2012.606976,2012.606976,1,Expiry,0,1.3772781e-12,nan
2009644946996_Node0_Node8_Zero,2012.609116,2012.653246,1,Expiry,278,0,nan
2009655882952_Node0_Node8_Zero,2012.612834,2012.656057,1,Expiry,278,0,nan
2009650415139_Node0_Node8_Zero,2012.614934,2012.656057,1,Expiry,278,0,nan
2009677740851_Node0_Node8_Zero,2012.643172,2012.692236,1,Expiry,867,0,nan
2009688671373_Node0_Node8_Zero,2012.670973,2012.695327,1,Expiry,865,0,nan
2009694132673_Node0_Node8_Zero,2012.67773,2012.696986,1,Expiry,574,0,nan
2009699595095_Node0_Node8_Zero,2012.679813,2012.70213,1,Expiry,486,0,nan
2009705059753_Node0_Node8_Zero,2012.688633,2012.712667,1,Expiry,273,0,nan
2009710528013_Node0_Node8_Zero,2012.690794,2012.712667,1,Expiry,183,0,nan
2009726921753_Node0_Node8_Zero,2012.706474,2012.729252,1,Expiry,182,1.5028149602139143e-12,nan
2009732387328_Node0_Node8_Zero,2012.710653,2012.752991,1,Expiry,543,0,nan
2009737849130_Node0_Node8_Zero,2012.734166,2012.754089,1,Expiry,540,0,nan
2009661351310_Node0_Node8_Zero,2012.742765,2012.742765,1,Expiry,0,5.2586982e-13,nan
2009715995836_Node0_Node8_Zero,2012.748591,2012.748591,1,Expiry,0,5.2586982e-13,nan
2009721458197_Node0_Node8_Zero,2012.765482,2012.765482,1,Expiry,0,5.2586982e-13,nan
2009743312942_Node0_Node8_Zero,2012.774709,2012.774709,1,Expiry,0,1.3772781e-12,nan
2009748780910_Node0_Node8_Zero,2012.778789,2012.778789,1,Expiry,0,5.2586982e-13,nan
2009754242228_Node0_Node8_Zero,2012.780677,2012.780677,1,Expiry,0,5.2586982e-13,nan
2009759704681_Node0_Node8_Zero,2012.782785,2012.782785,1,Expiry,0,5.2586982e-13,nan
2009765166721_Node0_Node8_Zero,2012.784753,2012.784753,1,Expiry,0,5.2586982e-13,nan
2009770632604_Node0_Node8_Zero,2012.786862,2012.786862,1,Expiry,0,5.2586982e-13,nan
2009776097000_Node0_Node8_Zero,2012.78893,2012.78893,1,Expiry,0,5.2586982e-13,nan
2009787025806_Node0_Node8_Zero,2012.790858,2012.790858,1,Expiry,0,5.2586982e-13,nan
2009792488056_Node0_Node8_Zero,2012.792946,2012.792946,1,Expiry,0,5.2586982e-13,nan
2009797947967_Node0_Node8_Zero,2012.795096,2012.80493,1,Expiry,362,0,nan
2009803414373_Node0_Node8_Zero,2012.797015,2012.809941,1,Expiry,273,0,nan
2009808878412_Node0_Node8_Zero,2012.799973,2012.813574,1,Expiry,181,0,nan
2009814338237_Node0_Node8_Zero,2012.806995,2012.818618,1,Expiry,2,1.04925114e-12,nan
2009819806283_Node0_Node8_Zero,2012.809016,2012.819853,1,Expiry,2,7.88182605e-13,nan
2009825268590_Node0_Node8_Zero,2012.81218,2012.834624,1,Expiry,379,0,nan
2009841658904_Node0_Node8_Zero,2012.825484,2012.84205,1,Expiry,379,1.7691327420417003e-12,nan
2009836190060_Node0_Node8_Zero,2012.827394,2012.839343,1,Expiry,290,0,nan
2009852586758_Node0_Node8_Zero,2012.833796,2012.861501,1,Expiry,723,0,nan
2009868984222_Node0_Node8_Zero,2012.844646,2012.870841,1,Expiry,724,5.2586982e-13,nan
2009879916178_Node0_Node8_Zero,2012.853744,2012.891157,1,Expiry,815,0,nan
2009890843145_Node0_Node8_Zero,2012.858595,2012.891157,1,Expiry,592,0,nan
2009896311943_Node0_Node8_Zero,2012.865557,2012.941703,1,Expiry,1684,0,nan
2009907241944_Node0_Node8_Zero,2012.877028,2012.933592,1,Expiry,1680,0,nan
2009885380785_Node0_Node8_Zero,2012.880035,2012.908289,1,Expiry,976,0,nan
2009863515832_Node0_Node8_Zero,2012.884894,2012.884894,1,Expiry,0,5.2586982e-13,nan
2009901777678_Node0_Node8_Zero,2012.887689,2012.908289,1,Expiry,706,0,nan
2009912703105_Node0_Node8_Zero,2012.889717,2012.924309,1,Expiry,1180,0,nan
2009923635626_Node0_Node8_Zero,2012.89867,2012.924309,1,Expiry,890,0,nan
2009918166754_Node0_Node8_Zero,2012.9036,2012.92629,1,Expiry,655,0,nan
2009929100491_Node0_Node8_Zero,2012.906717,2012.935933,1,Expiry,569,0,nan
2009945501707_Node0_Node8_Zero,2012.918053,2012.945696,1,Expiry,223,1.7691327420417003e-12,nan
2009950964631_Node0_Node8_Zero,2012.922868,2012.990693,1,Expiry,1712,0,nan
2009961893853_Node0_Node8_Zero,2012.949139,2012.991872,1,Expiry,1708,0,nan
2009972819029_Node0_Node8_Zero,2012.953195,2012.99744,1,Expiry,1529,0,nan
2009978285451_Node0_Node8_Zero,2012.957173,2012.99744,1,Expiry,1349,0,nan
2009967354760_Node0_Node8_Zero,2012.959356,2012.999478,1,Expiry,1259,0,nan
2009983745777_Node0_Node8_Zero,2012.973983,2012.999478,1,Expiry,721,0,nan
2009989212390_Node0_Node8_Zero,2012.975916,2013.003391,1,Expiry,631,0,nan
2009994674928_Node0_Node8_Zero,2012.977835,2013.003391,1,Expiry,541,0,nan
2010000138098_Node0_Node8_Zero,2012.979816,2013.004749,1,Expiry,451,0,nan
2009956427888_Node0_Node8_Zero,2013.015566,2013.015566,1,Expiry,0,6.482138771130531e-13,nan
2009552033435_Node0_Node8_Zero,2013.046192,2013.046192,1,Expiry,0,5.2586982e-13,nan
2009557495623_Node0_Node8_Zero,2013.04838,2013.04838,1,Expiry,0,5.957140615350119e-13,nan
2009830728590_Node0_Node8_Zero,2013.058887,2013.058887,1,Expiry,0,5.2586982e-13,nan
2009847127266_Node0_Node8_Zero,2013.065255,2013.065255,1,Expiry,0,5.2586982e-13,nan
2008634018824_Node0_Node8_Zero,2013.086165,2013.086165,1,Expiry,0,5.2586982e-13,nan
2009672278676_Node0_Node8_Zero,2013.125274,2013.125274,1,Expiry,0,5.2586982e-13,nan
2001202164450_Node0_Node8_Zero,2013.233325,2013.233325,1,Expiry,0,1.04925114e-12,nan
2001207633906_Node0_Node8_Zero,2013.233325,2013.233325,1,Expiry,0,1.04925114e-12,nan
2001994541012_Node0_Node8_Zero,2013.312158,2013.312158,1,Expiry,0,1.2870815728602713e-12,nan
2002000009889_Node0_Node8_Zero,2013.312158,2013.312158,1,Expiry,0,1.2870815728602713e-12,nan
2000617498789_Node0_Node8_Zero,2013.653886,2013.653886,1,Expiry,0,1.04925114e-12,nan
2000622966220_Node0_Node8_Zero,2013.653886,2013.653886,1,Expiry,0,1.04925114e-12,nan
2000650281835_Node0_Node8_Zero,2013.705167,2013.705167,1,Expiry,0,6.350014473984562e-13,nan
2000655747889_Node0_Node8_Zero,2013.867208,2013.867208,1,Expiry,0,7.435165674764962e-13,nan
2000568318203_Node0_Node8_Zero,2013.90086,2013.90086,1,Expiry,0,1.04925114e-12,nan
