Transmitting_Power = 0.007663753805745297, Maximum_Transmitting_Power = 0.10059677066255387
MAX_Transmission_Range = 1223.8180011750112, MAX_Transmission_Range_Squared = 1497730.4999999998
parameters.py INITIALIZED
mobility parameters INITIALIZED
Seed: 7447
Traffic flows: 1
Trajectory Run No./ Mobility Model : TCPIPE_BSCAP_
Seed value: 7447
Mobility Model: TCPIPE_BSCAP_
Number of Nodes: 8 UAVs + 1 BS; Node Speed: 40 m/s
Data Rate: [3.0] Mbps
Percentage Node Failure: 0
TC_PIPE_mobility_ON: True
Transmitting_Power = 0.007663753805745297, Maximum_Transmitting_Power = 0.10059677066255387
MAX_Transmission_Range = 1223.8180011750112, MAX_Transmission_Range_Squared = 1497730.4999999998
parameters.py INITIALIZED
mobility parameters INITIALIZED
node.py: Node0 created with coordinates 0 2000 with routing power 0.007664
node.py: Node1 created with coordinates 1000 2000 with routing power 0.007664
node.py: Node2 created with coordinates 2000 2000 with routing power 0.007664
node.py: Node3 created with coordinates 3000 2000 with routing power 0.007664
node.py: Node4 created with coordinates 4000 2000 with routing power 0.007664
node.py: Node5 created with coordinates 5000 2000 with routing power 0.007664
node.py: Node6 created with coordinates 6000 2000 with routing power 0.007664
node.py: Node7 created with coordinates 7000 2000 with routing power 0.007664
node.py: Node8 created with coordinates 8000 2000 with routing power 0.007664
node.py: Node9 created with coordinates 0 0 with routing power 0.007664
SIM_TIME_MOBILITY =  2014
MAX TRANSMISSION RANGE for all nodes - mobility.py =  1223.8180011750112
DATA_RATE =  [3.0]  No._Nodes =  9  Map_Size =  4000 x 4000
MOBILITY PROCESS (^) and NETWORK UPDATE (rf.updateNetworkTopology(env,nodes) HAS BEEN STARTED 
Multiple Targets located at  [[2000 4000]]
main.py: Progress: 0 / 2014
main.py: Progress: 1 / 2014
main.py: Progress: 2 / 2014
main.py: Progress: 3 / 2014
main.py: Progress: 4 / 2014
main.py: Progress: 5 / 2014
main.py: Progress: 6 / 2014
main.py: Progress: 7 / 2014
main.py: Progress: 8 / 2014
main.py: Progress: 9 / 2014
main.py: Progress: 10 / 2014
main.py: Progress: 11 / 2014
main.py: Progress: 12 / 2014
main.py: Progress: 13 / 2014
main.py: Progress: 14 / 2014
main.py: Progress: 15 / 2014
main.py: Progress: 16 / 2014
main.py: Progress: 17 / 2014
main.py: Progress: 18 / 2014
main.py: Progress: 19 / 2014
main.py: Progress: 20 / 2014
main.py: Progress: 21 / 2014
main.py: Progress: 22 / 2014
main.py: Progress: 23 / 2014
main.py: Progress: 24 / 2014
main.py: Progress: 25 / 2014
main.py: Progress: 26 / 2014
main.py: Progress: 27 / 2014
main.py: Progress: 28 / 2014
main.py: Progress: 29 / 2014
main.py: Progress: 30 / 2014
main.py: Progress: 31 / 2014
main.py: Progress: 32 / 2014
main.py: Progress: 33 / 2014
main.py: Progress: 34 / 2014
main.py: Progress: 35 / 2014
main.py: Progress: 36 / 2014
main.py: Progress: 37 / 2014
main.py: Progress: 38 / 2014
main.py: Progress: 39 / 2014
main.py: Progress: 40 / 2014
main.py: Progress: 41 / 2014
main.py: Progress: 42 / 2014
main.py: Progress: 43 / 2014
main.py: Progress: 44 / 2014
main.py: Progress: 45 / 2014
main.py: Progress: 46 / 2014
main.py: Progress: 47 / 2014
main.py: Progress: 48 / 2014
main.py: Progress: 49 / 2014
main.py: Progress: 50 / 2014
main.py: Progress: 51 / 2014
main.py: Progress: 52 / 2014
main.py: Progress: 53 / 2014
main.py: Progress: 54 / 2014
main.py: Progress: 55 / 2014
main.py: Progress: 56 / 2014
main.py: Progress: 57 / 2014
main.py: Progress: 58 / 2014
main.py: Progress: 59 / 2014
main.py: Progress: 60 / 2014
main.py: Progress: 61 / 2014
main.py: Progress: 62 / 2014
main.py: Progress: 63 / 2014
main.py: Progress: 64 / 2014
main.py: Progress: 65 / 2014
main.py: Progress: 66 / 2014
main.py: Progress: 67 / 2014
main.py: Progress: 68 / 2014
main.py: Progress: 69 / 2014
main.py: Progress: 70 / 2014
main.py: Progress: 71 / 2014
main.py: Progress: 72 / 2014
main.py: Progress: 73 / 2014
main.py: Progress: 74 / 2014
main.py: Progress: 75 / 2014
main.py: Progress: 76 / 2014
main.py: Progress: 77 / 2014
main.py: Progress: 78 / 2014
main.py: Progress: 79 / 2014
main.py: Progress: 80 / 2014
main.py: Progress: 81 / 2014
main.py: Progress: 82 / 2014
main.py: Progress: 83 / 2014
main.py: Progress: 84 / 2014
main.py: Progress: 85 / 2014
main.py: Progress: 86 / 2014
main.py: Progress: 87 / 2014
main.py: Progress: 88 / 2014
main.py: Progress: 89 / 2014
main.py: Progress: 90 / 2014
main.py: Progress: 91 / 2014
main.py: Progress: 92 / 2014
main.py: Progress: 93 / 2014
main.py: Progress: 94 / 2014
main.py: Progress: 95 / 2014
main.py: Progress: 96 / 2014
main.py: Progress: 97 / 2014
main.py: Progress: 98 / 2014
main.py: Progress: 99 / 2014
main.py: Progress: 100 / 2014
main.py: Progress: 101 / 2014
main.py: Progress: 102 / 2014
main.py: Progress: 103 / 2014
main.py: Progress: 104 / 2014
main.py: Progress: 105 / 2014
main.py: Progress: 106 / 2014
main.py: Progress: 107 / 2014
main.py: Progress: 108 / 2014
main.py: Progress: 109 / 2014
main.py: Progress: 110 / 2014
main.py: Progress: 111 / 2014
main.py: Progress: 112 / 2014
main.py: Progress: 113 / 2014
main.py: Progress: 114 / 2014
main.py: Progress: 115 / 2014
main.py: Progress: 116 / 2014
main.py: Progress: 117 / 2014
main.py: Progress: 118 / 2014
main.py: Progress: 119 / 2014
main.py: Progress: 120 / 2014
main.py: Progress: 121 / 2014
main.py: Progress: 122 / 2014
main.py: Progress: 123 / 2014
main.py: Progress: 124 / 2014
main.py: Progress: 125 / 2014
main.py: Progress: 126 / 2014
main.py: Progress: 127 / 2014
main.py: Progress: 128 / 2014
main.py: Progress: 129 / 2014
main.py: Progress: 130 / 2014
main.py: Progress: 131 / 2014
main.py: Progress: 132 / 2014
main.py: Progress: 133 / 2014
main.py: Progress: 134 / 2014
main.py: Progress: 135 / 2014
main.py: Progress: 136 / 2014
main.py: Progress: 137 / 2014
main.py: Progress: 138 / 2014
main.py: Progress: 139 / 2014
main.py: Progress: 140 / 2014
main.py: Progress: 141 / 2014
main.py: Progress: 142 / 2014
main.py: Progress: 143 / 2014
main.py: Progress: 144 / 2014
main.py: Progress: 145 / 2014
main.py: Progress: 146 / 2014
main.py: Progress: 147 / 2014
main.py: Progress: 148 / 2014
main.py: Progress: 149 / 2014
main.py: Progress: 150 / 2014
main.py: Progress: 151 / 2014
main.py: Progress: 152 / 2014
main.py: Progress: 153 / 2014
main.py: Progress: 154 / 2014
main.py: Progress: 155 / 2014
main.py: Progress: 156 / 2014
main.py: Progress: 157 / 2014
main.py: Progress: 158 / 2014
main.py: Progress: 159 / 2014
main.py: Progress: 160 / 2014
main.py: Progress: 161 / 2014
main.py: Progress: 162 / 2014
main.py: Progress: 163 / 2014
main.py: Progress: 164 / 2014
main.py: Progress: 165 / 2014
main.py: Progress: 166 / 2014
main.py: Progress: 167 / 2014
main.py: Progress: 168 / 2014
main.py: Progress: 169 / 2014
main.py: Progress: 170 / 2014
main.py: Progress: 171 / 2014
main.py: Progress: 172 / 2014
main.py: Progress: 173 / 2014
main.py: Progress: 174 / 2014
main.py: Progress: 175 / 2014
main.py: Progress: 176 / 2014
main.py: Progress: 177 / 2014
main.py: Progress: 178 / 2014
main.py: Progress: 179 / 2014
main.py: Progress: 180 / 2014
main.py: Progress: 181 / 2014
main.py: Progress: 182 / 2014
main.py: Progress: 183 / 2014
main.py: Progress: 184 / 2014
main.py: Progress: 185 / 2014
main.py: Progress: 186 / 2014
main.py: Progress: 187 / 2014
main.py: Progress: 188 / 2014
main.py: Progress: 189 / 2014
main.py: Progress: 190 / 2014
main.py: Progress: 191 / 2014
main.py: Progress: 192 / 2014
main.py: Progress: 193 / 2014
main.py: Progress: 194 / 2014
main.py: Progress: 195 / 2014
main.py: Progress: 196 / 2014
main.py: Progress: 197 / 2014
main.py: Progress: 198 / 2014
main.py: Progress: 199 / 2014
main.py: Progress: 200 / 2014
main.py: Progress: 201 / 2014
main.py: Progress: 202 / 2014
main.py: Progress: 203 / 2014
main.py: Progress: 204 / 2014
main.py: Progress: 205 / 2014
main.py: Progress: 206 / 2014
main.py: Progress: 207 / 2014
main.py: Progress: 208 / 2014
main.py: Progress: 209 / 2014
main.py: Progress: 210 / 2014
main.py: Progress: 211 / 2014
main.py: Progress: 212 / 2014
main.py: Progress: 213 / 2014
main.py: Progress: 214 / 2014
main.py: Progress: 215 / 2014
main.py: Progress: 216 / 2014
main.py: Progress: 217 / 2014
main.py: Progress: 218 / 2014
main.py: Progress: 219 / 2014
main.py: Progress: 220 / 2014
main.py: Progress: 221 / 2014
main.py: Progress: 222 / 2014
main.py: Progress: 223 / 2014
main.py: Progress: 224 / 2014
main.py: Progress: 225 / 2014
main.py: Progress: 226 / 2014
main.py: Progress: 227 / 2014
main.py: Progress: 228 / 2014
main.py: Progress: 229 / 2014
main.py: Progress: 230 / 2014
main.py: Progress: 231 / 2014
main.py: Progress: 232 / 2014
main.py: Progress: 233 / 2014
main.py: Progress: 234 / 2014
main.py: Progress: 235 / 2014
main.py: Progress: 236 / 2014
main.py: Progress: 237 / 2014
main.py: Progress: 238 / 2014
main.py: Progress: 239 / 2014
main.py: Progress: 240 / 2014
main.py: Progress: 241 / 2014
main.py: Progress: 242 / 2014
main.py: Progress: 243 / 2014
main.py: Progress: 244 / 2014
main.py: Progress: 245 / 2014
main.py: Progress: 246 / 2014
main.py: Progress: 247 / 2014
main.py: Progress: 248 / 2014
main.py: Progress: 249 / 2014
main.py: Progress: 250 / 2014
main.py: Progress: 251 / 2014
main.py: Progress: 252 / 2014
main.py: Progress: 253 / 2014
main.py: Progress: 254 / 2014
main.py: Progress: 255 / 2014
main.py: Progress: 256 / 2014
main.py: Progress: 257 / 2014
main.py: Progress: 258 / 2014
main.py: Progress: 259 / 2014
main.py: Progress: 260 / 2014
main.py: Progress: 261 / 2014
main.py: Progress: 262 / 2014
main.py: Progress: 263 / 2014
main.py: Progress: 264 / 2014
main.py: Progress: 265 / 2014
main.py: Progress: 266 / 2014
main.py: Progress: 267 / 2014
main.py: Progress: 268 / 2014
main.py: Progress: 269 / 2014
main.py: Progress: 270 / 2014
main.py: Progress: 271 / 2014
main.py: Progress: 272 / 2014
main.py: Progress: 273 / 2014
main.py: Progress: 274 / 2014
main.py: Progress: 275 / 2014
main.py: Progress: 276 / 2014
main.py: Progress: 277 / 2014
main.py: Progress: 278 / 2014
main.py: Progress: 279 / 2014
main.py: Progress: 280 / 2014
main.py: Progress: 281 / 2014
main.py: Progress: 282 / 2014
main.py: Progress: 283 / 2014
main.py: Progress: 284 / 2014
main.py: Progress: 285 / 2014
main.py: Progress: 286 / 2014
main.py: Progress: 287 / 2014
main.py: Progress: 288 / 2014
main.py: Progress: 289 / 2014
main.py: Progress: 290 / 2014
main.py: Progress: 291 / 2014
main.py: Progress: 292 / 2014
main.py: Progress: 293 / 2014
main.py: Progress: 294 / 2014
main.py: Progress: 295 / 2014
main.py: Progress: 296 / 2014
main.py: Progress: 297 / 2014
main.py: Progress: 298 / 2014
main.py: Progress: 299 / 2014
main.py: Progress: 300 / 2014
main.py: Progress: 301 / 2014
main.py: Progress: 302 / 2014
main.py: Progress: 303 / 2014
main.py: Progress: 304 / 2014
main.py: Progress: 305 / 2014
main.py: Progress: 306 / 2014
main.py: Progress: 307 / 2014
main.py: Progress: 308 / 2014
main.py: Progress: 309 / 2014
main.py: Progress: 310 / 2014
main.py: Progress: 311 / 2014
main.py: Progress: 312 / 2014
main.py: Progress: 313 / 2014
main.py: Progress: 314 / 2014
main.py: Progress: 315 / 2014
main.py: Progress: 316 / 2014
main.py: Progress: 317 / 2014
main.py: Progress: 318 / 2014
main.py: Progress: 319 / 2014
main.py: Progress: 320 / 2014
main.py: Progress: 321 / 2014
main.py: Progress: 322 / 2014
main.py: Progress: 323 / 2014
main.py: Progress: 324 / 2014
main.py: Progress: 325 / 2014
main.py: Progress: 326 / 2014
main.py: Progress: 327 / 2014
main.py: Progress: 328 / 2014
main.py: Progress: 329 / 2014
main.py: Progress: 330 / 2014
main.py: Progress: 331 / 2014
main.py: Progress: 332 / 2014
main.py: Progress: 333 / 2014
main.py: Progress: 334 / 2014
main.py: Progress: 335 / 2014
main.py: Progress: 336 / 2014
main.py: Progress: 337 / 2014
main.py: Progress: 338 / 2014
main.py: Progress: 339 / 2014
main.py: Progress: 340 / 2014
main.py: Progress: 341 / 2014
main.py: Progress: 342 / 2014
main.py: Progress: 343 / 2014
main.py: Progress: 344 / 2014
main.py: Progress: 345 / 2014
main.py: Progress: 346 / 2014
main.py: Progress: 347 / 2014
main.py: Progress: 348 / 2014
main.py: Progress: 349 / 2014
main.py: Progress: 350 / 2014
main.py: Progress: 351 / 2014
main.py: Progress: 352 / 2014
main.py: Progress: 353 / 2014
main.py: Progress: 354 / 2014
main.py: Progress: 355 / 2014
main.py: Progress: 356 / 2014
main.py: Progress: 357 / 2014
main.py: Progress: 358 / 2014
main.py: Progress: 359 / 2014
main.py: Progress: 360 / 2014
main.py: Progress: 361 / 2014
main.py: Progress: 362 / 2014
main.py: Progress: 363 / 2014
main.py: Progress: 364 / 2014
main.py: Progress: 365 / 2014
main.py: Progress: 366 / 2014
main.py: Progress: 367 / 2014
main.py: Progress: 368 / 2014
main.py: Progress: 369 / 2014
main.py: Progress: 370 / 2014
main.py: Progress: 371 / 2014
main.py: Progress: 372 / 2014
main.py: Progress: 373 / 2014
main.py: Progress: 374 / 2014
main.py: Progress: 375 / 2014
main.py: Progress: 376 / 2014
main.py: Progress: 377 / 2014
main.py: Progress: 378 / 2014
main.py: Progress: 379 / 2014
main.py: Progress: 380 / 2014
main.py: Progress: 381 / 2014
main.py: Progress: 382 / 2014
main.py: Progress: 383 / 2014
main.py: Progress: 384 / 2014
main.py: Progress: 385 / 2014
main.py: Progress: 386 / 2014
main.py: Progress: 387 / 2014
main.py: Progress: 388 / 2014
main.py: Progress: 389 / 2014
main.py: Progress: 390 / 2014
main.py: Progress: 391 / 2014
main.py: Progress: 392 / 2014
main.py: Progress: 393 / 2014
main.py: Progress: 394 / 2014
main.py: Progress: 395 / 2014
main.py: Progress: 396 / 2014
main.py: Progress: 397 / 2014
main.py: Progress: 398 / 2014
main.py: Progress: 399 / 2014
main.py: Progress: 400 / 2014
main.py: Progress: 401 / 2014
main.py: Progress: 402 / 2014
main.py: Progress: 403 / 2014
main.py: Progress: 404 / 2014
main.py: Progress: 405 / 2014
main.py: Progress: 406 / 2014
main.py: Progress: 407 / 2014
main.py: Progress: 408 / 2014
main.py: Progress: 409 / 2014
main.py: Progress: 410 / 2014
main.py: Progress: 411 / 2014
main.py: Progress: 412 / 2014
main.py: Progress: 413 / 2014
main.py: Progress: 414 / 2014
main.py: Progress: 415 / 2014
main.py: Progress: 416 / 2014
main.py: Progress: 417 / 2014
main.py: Progress: 418 / 2014
main.py: Progress: 419 / 2014
main.py: Progress: 420 / 2014
main.py: Progress: 421 / 2014
main.py: Progress: 422 / 2014
main.py: Progress: 423 / 2014
main.py: Progress: 424 / 2014
main.py: Progress: 425 / 2014
main.py: Progress: 426 / 2014
main.py: Progress: 427 / 2014
main.py: Progress: 428 / 2014
main.py: Progress: 429 / 2014
main.py: Progress: 430 / 2014
main.py: Progress: 431 / 2014
main.py: Progress: 432 / 2014
main.py: Progress: 433 / 2014
main.py: Progress: 434 / 2014
main.py: Progress: 435 / 2014
main.py: Progress: 436 / 2014
main.py: Progress: 437 / 2014
main.py: Progress: 438 / 2014
main.py: Progress: 439 / 2014
main.py: Progress: 440 / 2014
main.py: Progress: 441 / 2014
main.py: Progress: 442 / 2014
main.py: Progress: 443 / 2014
main.py: Progress: 444 / 2014
main.py: Progress: 445 / 2014
main.py: Progress: 446 / 2014
main.py: Progress: 447 / 2014
main.py: Progress: 448 / 2014
main.py: Progress: 449 / 2014
main.py: Progress: 450 / 2014
main.py: Progress: 451 / 2014
main.py: Progress: 452 / 2014
main.py: Progress: 453 / 2014
main.py: Progress: 454 / 2014
main.py: Progress: 455 / 2014
main.py: Progress: 456 / 2014
main.py: Progress: 457 / 2014
main.py: Progress: 458 / 2014
main.py: Progress: 459 / 2014
main.py: Progress: 460 / 2014
main.py: Progress: 461 / 2014
main.py: Progress: 462 / 2014
main.py: Progress: 463 / 2014
main.py: Progress: 464 / 2014
main.py: Progress: 465 / 2014
main.py: Progress: 466 / 2014
main.py: Progress: 467 / 2014
main.py: Progress: 468 / 2014
main.py: Progress: 469 / 2014
main.py: Progress: 470 / 2014
main.py: Progress: 471 / 2014
main.py: Progress: 472 / 2014
main.py: Progress: 473 / 2014
main.py: Progress: 474 / 2014
main.py: Progress: 475 / 2014
main.py: Progress: 476 / 2014
main.py: Progress: 477 / 2014
main.py: Progress: 478 / 2014
main.py: Progress: 479 / 2014
main.py: Progress: 480 / 2014
main.py: Progress: 481 / 2014
main.py: Progress: 482 / 2014
main.py: Progress: 483 / 2014
main.py: Progress: 484 / 2014
main.py: Progress: 485 / 2014
main.py: Progress: 486 / 2014
main.py: Progress: 487 / 2014
main.py: Progress: 488 / 2014
main.py: Progress: 489 / 2014
main.py: Progress: 490 / 2014
main.py: Progress: 491 / 2014
main.py: Progress: 492 / 2014
main.py: Progress: 493 / 2014
main.py: Progress: 494 / 2014
main.py: Progress: 495 / 2014
main.py: Progress: 496 / 2014
main.py: Progress: 497 / 2014
main.py: Progress: 498 / 2014
main.py: Progress: 499 / 2014
main.py: Progress: 500 / 2014
main.py: Progress: 501 / 2014
main.py: Progress: 502 / 2014
main.py: Progress: 503 / 2014
main.py: Progress: 504 / 2014
main.py: Progress: 505 / 2014
main.py: Progress: 506 / 2014
main.py: Progress: 507 / 2014
main.py: Progress: 508 / 2014
main.py: Progress: 509 / 2014
main.py: Progress: 510 / 2014
main.py: Progress: 511 / 2014
main.py: Progress: 512 / 2014
main.py: Progress: 513 / 2014
main.py: Progress: 514 / 2014
main.py: Progress: 515 / 2014
main.py: Progress: 516 / 2014
main.py: Progress: 517 / 2014
main.py: Progress: 518 / 2014
main.py: Progress: 519 / 2014
main.py: Progress: 520 / 2014
main.py: Progress: 521 / 2014
main.py: Progress: 522 / 2014
main.py: Progress: 523 / 2014
main.py: Progress: 524 / 2014
main.py: Progress: 525 / 2014
main.py: Progress: 526 / 2014
main.py: Progress: 527 / 2014
main.py: Progress: 528 / 2014
main.py: Progress: 529 / 2014
main.py: Progress: 530 / 2014
main.py: Progress: 531 / 2014
main.py: Progress: 532 / 2014
main.py: Progress: 533 / 2014
main.py: Progress: 534 / 2014
main.py: Progress: 535 / 2014
main.py: Progress: 536 / 2014
main.py: Progress: 537 / 2014
main.py: Progress: 538 / 2014
main.py: Progress: 539 / 2014
main.py: Progress: 540 / 2014
main.py: Progress: 541 / 2014
main.py: Progress: 542 / 2014
main.py: Progress: 543 / 2014
main.py: Progress: 544 / 2014
main.py: Progress: 545 / 2014
main.py: Progress: 546 / 2014
main.py: Progress: 547 / 2014
main.py: Progress: 548 / 2014
main.py: Progress: 549 / 2014
main.py: Progress: 550 / 2014
main.py: Progress: 551 / 2014
main.py: Progress: 552 / 2014
main.py: Progress: 553 / 2014
main.py: Progress: 554 / 2014
main.py: Progress: 555 / 2014
main.py: Progress: 556 / 2014
main.py: Progress: 557 / 2014
main.py: Progress: 558 / 2014
main.py: Progress: 559 / 2014
main.py: Progress: 560 / 2014
main.py: Progress: 561 / 2014
main.py: Progress: 562 / 2014
main.py: Progress: 563 / 2014
main.py: Progress: 564 / 2014
main.py: Progress: 565 / 2014
main.py: Progress: 566 / 2014
main.py: Progress: 567 / 2014
main.py: Progress: 568 / 2014
main.py: Progress: 569 / 2014
main.py: Progress: 570 / 2014
main.py: Progress: 571 / 2014
main.py: Progress: 572 / 2014
main.py: Progress: 573 / 2014
main.py: Progress: 574 / 2014
main.py: Progress: 575 / 2014
main.py: Progress: 576 / 2014
main.py: Progress: 577 / 2014
main.py: Progress: 578 / 2014
main.py: Progress: 579 / 2014
main.py: Progress: 580 / 2014
main.py: Progress: 581 / 2014
main.py: Progress: 582 / 2014
main.py: Progress: 583 / 2014
main.py: Progress: 584 / 2014
main.py: Progress: 585 / 2014
main.py: Progress: 586 / 2014
main.py: Progress: 587 / 2014
main.py: Progress: 588 / 2014
main.py: Progress: 589 / 2014
main.py: Progress: 590 / 2014
main.py: Progress: 591 / 2014
main.py: Progress: 592 / 2014
main.py: Progress: 593 / 2014
main.py: Progress: 594 / 2014
main.py: Progress: 595 / 2014
main.py: Progress: 596 / 2014
main.py: Progress: 597 / 2014
main.py: Progress: 598 / 2014
main.py: Progress: 599 / 2014
main.py: Progress: 600 / 2014
main.py: Progress: 601 / 2014
main.py: Progress: 602 / 2014
main.py: Progress: 603 / 2014
main.py: Progress: 604 / 2014
main.py: Progress: 605 / 2014
main.py: Progress: 606 / 2014
main.py: Progress: 607 / 2014
main.py: Progress: 608 / 2014
main.py: Progress: 609 / 2014
main.py: Progress: 610 / 2014
main.py: Progress: 611 / 2014
main.py: Progress: 612 / 2014
main.py: Progress: 613 / 2014
main.py: Progress: 614 / 2014
main.py: Progress: 615 / 2014
main.py: Progress: 616 / 2014
main.py: Progress: 617 / 2014
main.py: Progress: 618 / 2014
main.py: Progress: 619 / 2014
main.py: Progress: 620 / 2014
main.py: Progress: 621 / 2014
main.py: Progress: 622 / 2014
main.py: Progress: 623 / 2014
main.py: Progress: 624 / 2014
main.py: Progress: 625 / 2014
main.py: Progress: 626 / 2014
main.py: Progress: 627 / 2014
main.py: Progress: 628 / 2014
main.py: Progress: 629 / 2014
main.py: Progress: 630 / 2014
main.py: Progress: 631 / 2014
main.py: Progress: 632 / 2014
main.py: Progress: 633 / 2014
main.py: Progress: 634 / 2014
main.py: Progress: 635 / 2014
main.py: Progress: 636 / 2014
main.py: Progress: 637 / 2014
main.py: Progress: 638 / 2014
main.py: Progress: 639 / 2014
main.py: Progress: 640 / 2014
main.py: Progress: 641 / 2014
main.py: Progress: 642 / 2014
main.py: Progress: 643 / 2014
main.py: Progress: 644 / 2014
main.py: Progress: 645 / 2014
main.py: Progress: 646 / 2014
main.py: Progress: 647 / 2014
main.py: Progress: 648 / 2014
main.py: Progress: 649 / 2014
main.py: Progress: 650 / 2014
main.py: Progress: 651 / 2014
main.py: Progress: 652 / 2014
main.py: Progress: 653 / 2014
main.py: Progress: 654 / 2014
main.py: Progress: 655 / 2014
main.py: Progress: 656 / 2014
main.py: Progress: 657 / 2014
main.py: Progress: 658 / 2014
main.py: Progress: 659 / 2014
main.py: Progress: 660 / 2014
main.py: Progress: 661 / 2014
main.py: Progress: 662 / 2014
main.py: Progress: 663 / 2014
main.py: Progress: 664 / 2014
main.py: Progress: 665 / 2014
main.py: Progress: 666 / 2014
main.py: Progress: 667 / 2014
main.py: Progress: 668 / 2014
main.py: Progress: 669 / 2014
main.py: Progress: 670 / 2014
main.py: Progress: 671 / 2014
main.py: Progress: 672 / 2014
main.py: Progress: 673 / 2014
main.py: Progress: 674 / 2014
main.py: Progress: 675 / 2014
main.py: Progress: 676 / 2014
main.py: Progress: 677 / 2014
main.py: Progress: 678 / 2014
main.py: Progress: 679 / 2014
main.py: Progress: 680 / 2014
main.py: Progress: 681 / 2014
main.py: Progress: 682 / 2014
main.py: Progress: 683 / 2014
main.py: Progress: 684 / 2014
main.py: Progress: 685 / 2014
main.py: Progress: 686 / 2014
main.py: Progress: 687 / 2014
main.py: Progress: 688 / 2014
main.py: Progress: 689 / 2014
main.py: Progress: 690 / 2014
main.py: Progress: 691 / 2014
main.py: Progress: 692 / 2014
main.py: Progress: 693 / 2014
main.py: Progress: 694 / 2014
main.py: Progress: 695 / 2014
main.py: Progress: 696 / 2014
main.py: Progress: 697 / 2014
main.py: Progress: 698 / 2014
main.py: Progress: 699 / 2014
main.py: Progress: 700 / 2014
main.py: Progress: 701 / 2014
main.py: Progress: 702 / 2014
main.py: Progress: 703 / 2014
main.py: Progress: 704 / 2014
main.py: Progress: 705 / 2014
main.py: Progress: 706 / 2014
main.py: Progress: 707 / 2014
main.py: Progress: 708 / 2014
main.py: Progress: 709 / 2014
main.py: Progress: 710 / 2014
main.py: Progress: 711 / 2014
main.py: Progress: 712 / 2014
main.py: Progress: 713 / 2014
main.py: Progress: 714 / 2014
main.py: Progress: 715 / 2014
main.py: Progress: 716 / 2014
main.py: Progress: 717 / 2014
main.py: Progress: 718 / 2014
main.py: Progress: 719 / 2014
main.py: Progress: 720 / 2014
main.py: Progress: 721 / 2014
main.py: Progress: 722 / 2014
main.py: Progress: 723 / 2014
main.py: Progress: 724 / 2014
main.py: Progress: 725 / 2014
main.py: Progress: 726 / 2014
main.py: Progress: 727 / 2014
main.py: Progress: 728 / 2014
main.py: Progress: 729 / 2014
main.py: Progress: 730 / 2014
main.py: Progress: 731 / 2014
main.py: Progress: 732 / 2014
main.py: Progress: 733 / 2014
main.py: Progress: 734 / 2014
main.py: Progress: 735 / 2014
main.py: Progress: 736 / 2014
main.py: Progress: 737 / 2014
main.py: Progress: 738 / 2014
main.py: Progress: 739 / 2014
main.py: Progress: 740 / 2014
main.py: Progress: 741 / 2014
main.py: Progress: 742 / 2014
main.py: Progress: 743 / 2014
main.py: Progress: 744 / 2014
main.py: Progress: 745 / 2014
main.py: Progress: 746 / 2014
main.py: Progress: 747 / 2014
main.py: Progress: 748 / 2014
main.py: Progress: 749 / 2014
main.py: Progress: 750 / 2014
main.py: Progress: 751 / 2014
main.py: Progress: 752 / 2014
main.py: Progress: 753 / 2014
main.py: Progress: 754 / 2014
main.py: Progress: 755 / 2014
main.py: Progress: 756 / 2014
main.py: Progress: 757 / 2014
main.py: Progress: 758 / 2014
main.py: Progress: 759 / 2014
main.py: Progress: 760 / 2014
main.py: Progress: 761 / 2014
main.py: Progress: 762 / 2014
main.py: Progress: 763 / 2014
main.py: Progress: 764 / 2014
main.py: Progress: 765 / 2014
main.py: Progress: 766 / 2014
main.py: Progress: 767 / 2014
main.py: Progress: 768 / 2014
main.py: Progress: 769 / 2014
main.py: Progress: 770 / 2014
main.py: Progress: 771 / 2014
main.py: Progress: 772 / 2014
main.py: Progress: 773 / 2014
main.py: Progress: 774 / 2014
main.py: Progress: 775 / 2014
main.py: Progress: 776 / 2014
main.py: Progress: 777 / 2014
main.py: Progress: 778 / 2014
main.py: Progress: 779 / 2014
main.py: Progress: 780 / 2014
main.py: Progress: 781 / 2014
main.py: Progress: 782 / 2014
main.py: Progress: 783 / 2014
main.py: Progress: 784 / 2014
main.py: Progress: 785 / 2014
main.py: Progress: 786 / 2014
main.py: Progress: 787 / 2014
main.py: Progress: 788 / 2014
main.py: Progress: 789 / 2014
main.py: Progress: 790 / 2014
main.py: Progress: 791 / 2014
main.py: Progress: 792 / 2014
main.py: Progress: 793 / 2014
main.py: Progress: 794 / 2014
main.py: Progress: 795 / 2014
main.py: Progress: 796 / 2014
main.py: Progress: 797 / 2014
main.py: Progress: 798 / 2014
main.py: Progress: 799 / 2014
main.py: Progress: 800 / 2014
main.py: Progress: 801 / 2014
main.py: Progress: 802 / 2014
main.py: Progress: 803 / 2014
main.py: Progress: 804 / 2014
main.py: Progress: 805 / 2014
main.py: Progress: 806 / 2014
main.py: Progress: 807 / 2014
main.py: Progress: 808 / 2014
main.py: Progress: 809 / 2014
main.py: Progress: 810 / 2014
main.py: Progress: 811 / 2014
main.py: Progress: 812 / 2014
main.py: Progress: 813 / 2014
main.py: Progress: 814 / 2014
main.py: Progress: 815 / 2014
main.py: Progress: 816 / 2014
main.py: Progress: 817 / 2014
main.py: Progress: 818 / 2014
main.py: Progress: 819 / 2014
main.py: Progress: 820 / 2014
main.py: Progress: 821 / 2014
main.py: Progress: 822 / 2014
main.py: Progress: 823 / 2014
main.py: Progress: 824 / 2014
main.py: Progress: 825 / 2014
main.py: Progress: 826 / 2014
main.py: Progress: 827 / 2014
main.py: Progress: 828 / 2014
main.py: Progress: 829 / 2014
main.py: Progress: 830 / 2014
main.py: Progress: 831 / 2014
main.py: Progress: 832 / 2014
main.py: Progress: 833 / 2014
main.py: Progress: 834 / 2014
main.py: Progress: 835 / 2014
main.py: Progress: 836 / 2014
main.py: Progress: 837 / 2014
main.py: Progress: 838 / 2014
main.py: Progress: 839 / 2014
main.py: Progress: 840 / 2014
main.py: Progress: 841 / 2014
main.py: Progress: 842 / 2014
main.py: Progress: 843 / 2014
main.py: Progress: 844 / 2014
main.py: Progress: 845 / 2014
main.py: Progress: 846 / 2014
main.py: Progress: 847 / 2014
main.py: Progress: 848 / 2014
main.py: Progress: 849 / 2014
main.py: Progress: 850 / 2014
main.py: Progress: 851 / 2014
main.py: Progress: 852 / 2014
main.py: Progress: 853 / 2014
main.py: Progress: 854 / 2014
main.py: Progress: 855 / 2014
main.py: Progress: 856 / 2014
main.py: Progress: 857 / 2014
main.py: Progress: 858 / 2014
main.py: Progress: 859 / 2014
main.py: Progress: 860 / 2014
main.py: Progress: 861 / 2014
main.py: Progress: 862 / 2014
main.py: Progress: 863 / 2014
main.py: Progress: 864 / 2014
main.py: Progress: 865 / 2014
main.py: Progress: 866 / 2014
main.py: Progress: 867 / 2014
main.py: Progress: 868 / 2014
main.py: Progress: 869 / 2014
main.py: Progress: 870 / 2014
main.py: Progress: 871 / 2014
main.py: Progress: 872 / 2014
main.py: Progress: 873 / 2014
main.py: Progress: 874 / 2014
main.py: Progress: 875 / 2014
main.py: Progress: 876 / 2014
main.py: Progress: 877 / 2014
main.py: Progress: 878 / 2014
main.py: Progress: 879 / 2014
main.py: Progress: 880 / 2014
main.py: Progress: 881 / 2014
main.py: Progress: 882 / 2014
main.py: Progress: 883 / 2014
main.py: Progress: 884 / 2014
main.py: Progress: 885 / 2014
main.py: Progress: 886 / 2014
main.py: Progress: 887 / 2014
main.py: Progress: 888 / 2014
main.py: Progress: 889 / 2014
main.py: Progress: 890 / 2014
main.py: Progress: 891 / 2014
main.py: Progress: 892 / 2014
main.py: Progress: 893 / 2014
main.py: Progress: 894 / 2014
main.py: Progress: 895 / 2014
main.py: Progress: 896 / 2014
main.py: Progress: 897 / 2014
main.py: Progress: 898 / 2014
main.py: Progress: 899 / 2014
main.py: Progress: 900 / 2014
main.py: Progress: 901 / 2014
main.py: Progress: 902 / 2014
main.py: Progress: 903 / 2014
main.py: Progress: 904 / 2014
main.py: Progress: 905 / 2014
main.py: Progress: 906 / 2014
main.py: Progress: 907 / 2014
main.py: Progress: 908 / 2014
main.py: Progress: 909 / 2014
main.py: Progress: 910 / 2014
main.py: Progress: 911 / 2014
main.py: Progress: 912 / 2014
main.py: Progress: 913 / 2014
main.py: Progress: 914 / 2014
main.py: Progress: 915 / 2014
main.py: Progress: 916 / 2014
main.py: Progress: 917 / 2014
main.py: Progress: 918 / 2014
main.py: Progress: 919 / 2014
main.py: Progress: 920 / 2014
main.py: Progress: 921 / 2014
main.py: Progress: 922 / 2014
main.py: Progress: 923 / 2014
main.py: Progress: 924 / 2014
main.py: Progress: 925 / 2014
main.py: Progress: 926 / 2014
main.py: Progress: 927 / 2014
main.py: Progress: 928 / 2014
main.py: Progress: 929 / 2014
main.py: Progress: 930 / 2014
main.py: Progress: 931 / 2014
main.py: Progress: 932 / 2014
main.py: Progress: 933 / 2014
main.py: Progress: 934 / 2014
main.py: Progress: 935 / 2014
main.py: Progress: 936 / 2014
main.py: Progress: 937 / 2014
main.py: Progress: 938 / 2014
main.py: Progress: 939 / 2014
main.py: Progress: 940 / 2014
main.py: Progress: 941 / 2014
main.py: Progress: 942 / 2014
main.py: Progress: 943 / 2014
main.py: Progress: 944 / 2014
main.py: Progress: 945 / 2014
main.py: Progress: 946 / 2014
main.py: Progress: 947 / 2014
main.py: Progress: 948 / 2014
main.py: Progress: 949 / 2014
main.py: Progress: 950 / 2014
main.py: Progress: 951 / 2014
main.py: Progress: 952 / 2014
main.py: Progress: 953 / 2014
main.py: Progress: 954 / 2014
main.py: Progress: 955 / 2014
main.py: Progress: 956 / 2014
main.py: Progress: 957 / 2014
main.py: Progress: 958 / 2014
main.py: Progress: 959 / 2014
main.py: Progress: 960 / 2014
main.py: Progress: 961 / 2014
main.py: Progress: 962 / 2014
main.py: Progress: 963 / 2014
main.py: Progress: 964 / 2014
main.py: Progress: 965 / 2014
main.py: Progress: 966 / 2014
main.py: Progress: 967 / 2014
main.py: Progress: 968 / 2014
main.py: Progress: 969 / 2014
main.py: Progress: 970 / 2014
main.py: Progress: 971 / 2014
main.py: Progress: 972 / 2014
main.py: Progress: 973 / 2014
main.py: Progress: 974 / 2014
main.py: Progress: 975 / 2014
main.py: Progress: 976 / 2014
main.py: Progress: 977 / 2014
main.py: Progress: 978 / 2014
main.py: Progress: 979 / 2014
main.py: Progress: 980 / 2014
main.py: Progress: 981 / 2014
main.py: Progress: 982 / 2014
main.py: Progress: 983 / 2014
main.py: Progress: 984 / 2014
main.py: Progress: 985 / 2014
main.py: Progress: 986 / 2014
main.py: Progress: 987 / 2014
main.py: Progress: 988 / 2014
main.py: Progress: 989 / 2014
main.py: Progress: 990 / 2014
main.py: Progress: 991 / 2014
main.py: Progress: 992 / 2014
main.py: Progress: 993 / 2014
main.py: Progress: 994 / 2014
main.py: Progress: 995 / 2014
main.py: Progress: 996 / 2014
main.py: Progress: 997 / 2014
main.py: Progress: 998 / 2014
main.py: Progress: 999 / 2014
main.py: Progress: 1000 / 2014
main.py: Progress: 1001 / 2014
main.py: Progress: 1002 / 2014
main.py: Progress: 1003 / 2014
main.py: Progress: 1004 / 2014
main.py: Progress: 1005 / 2014
main.py: Progress: 1006 / 2014
main.py: Progress: 1007 / 2014
main.py: Progress: 1008 / 2014
main.py: Progress: 1009 / 2014
main.py: Progress: 1010 / 2014
main.py: Progress: 1011 / 2014
main.py: Progress: 1012 / 2014
main.py: Progress: 1013 / 2014
main.py: Progress: 1014 / 2014
main.py: Progress: 1015 / 2014
main.py: Progress: 1016 / 2014
main.py: Progress: 1017 / 2014
main.py: Progress: 1018 / 2014
main.py: Progress: 1019 / 2014
main.py: Progress: 1020 / 2014
main.py: Progress: 1021 / 2014
main.py: Progress: 1022 / 2014
main.py: Progress: 1023 / 2014
main.py: Progress: 1024 / 2014
main.py: Progress: 1025 / 2014
main.py: Progress: 1026 / 2014
main.py: Progress: 1027 / 2014
main.py: Progress: 1028 / 2014
main.py: Progress: 1029 / 2014
main.py: Progress: 1030 / 2014
main.py: Progress: 1031 / 2014
main.py: Progress: 1032 / 2014
main.py: Progress: 1033 / 2014
main.py: Progress: 1034 / 2014
main.py: Progress: 1035 / 2014
main.py: Progress: 1036 / 2014
main.py: Progress: 1037 / 2014
main.py: Progress: 1038 / 2014
main.py: Progress: 1039 / 2014
main.py: Progress: 1040 / 2014
main.py: Progress: 1041 / 2014
main.py: Progress: 1042 / 2014
main.py: Progress: 1043 / 2014
main.py: Progress: 1044 / 2014
main.py: Progress: 1045 / 2014
main.py: Progress: 1046 / 2014
main.py: Progress: 1047 / 2014
main.py: Progress: 1048 / 2014
main.py: Progress: 1049 / 2014
main.py: Progress: 1050 / 2014
main.py: Progress: 1051 / 2014
main.py: Progress: 1052 / 2014
main.py: Progress: 1053 / 2014
main.py: Progress: 1054 / 2014
main.py: Progress: 1055 / 2014
main.py: Progress: 1056 / 2014
main.py: Progress: 1057 / 2014
main.py: Progress: 1058 / 2014
main.py: Progress: 1059 / 2014
main.py: Progress: 1060 / 2014
main.py: Progress: 1061 / 2014
main.py: Progress: 1062 / 2014
main.py: Progress: 1063 / 2014
main.py: Progress: 1064 / 2014
main.py: Progress: 1065 / 2014
main.py: Progress: 1066 / 2014
main.py: Progress: 1067 / 2014
main.py: Progress: 1068 / 2014
main.py: Progress: 1069 / 2014
main.py: Progress: 1070 / 2014
main.py: Progress: 1071 / 2014
main.py: Progress: 1072 / 2014
main.py: Progress: 1073 / 2014
main.py: Progress: 1074 / 2014
main.py: Progress: 1075 / 2014
main.py: Progress: 1076 / 2014
main.py: Progress: 1077 / 2014
main.py: Progress: 1078 / 2014
main.py: Progress: 1079 / 2014
main.py: Progress: 1080 / 2014
main.py: Progress: 1081 / 2014
main.py: Progress: 1082 / 2014
main.py: Progress: 1083 / 2014
main.py: Progress: 1084 / 2014
main.py: Progress: 1085 / 2014
main.py: Progress: 1086 / 2014
main.py: Progress: 1087 / 2014
main.py: Progress: 1088 / 2014
main.py: Progress: 1089 / 2014
main.py: Progress: 1090 / 2014
main.py: Progress: 1091 / 2014
main.py: Progress: 1092 / 2014
main.py: Progress: 1093 / 2014
main.py: Progress: 1094 / 2014
main.py: Progress: 1095 / 2014
main.py: Progress: 1096 / 2014
main.py: Progress: 1097 / 2014
main.py: Progress: 1098 / 2014
main.py: Progress: 1099 / 2014
main.py: Progress: 1100 / 2014
main.py: Progress: 1101 / 2014
main.py: Progress: 1102 / 2014
main.py: Progress: 1103 / 2014
main.py: Progress: 1104 / 2014
main.py: Progress: 1105 / 2014
main.py: Progress: 1106 / 2014
main.py: Progress: 1107 / 2014
main.py: Progress: 1108 / 2014
main.py: Progress: 1109 / 2014
main.py: Progress: 1110 / 2014
main.py: Progress: 1111 / 2014
main.py: Progress: 1112 / 2014
main.py: Progress: 1113 / 2014
main.py: Progress: 1114 / 2014
main.py: Progress: 1115 / 2014
main.py: Progress: 1116 / 2014
main.py: Progress: 1117 / 2014
main.py: Progress: 1118 / 2014
main.py: Progress: 1119 / 2014
main.py: Progress: 1120 / 2014
main.py: Progress: 1121 / 2014
main.py: Progress: 1122 / 2014
main.py: Progress: 1123 / 2014
main.py: Progress: 1124 / 2014
main.py: Progress: 1125 / 2014
main.py: Progress: 1126 / 2014
main.py: Progress: 1127 / 2014
main.py: Progress: 1128 / 2014
main.py: Progress: 1129 / 2014
main.py: Progress: 1130 / 2014
main.py: Progress: 1131 / 2014
main.py: Progress: 1132 / 2014
main.py: Progress: 1133 / 2014
main.py: Progress: 1134 / 2014
main.py: Progress: 1135 / 2014
main.py: Progress: 1136 / 2014
main.py: Progress: 1137 / 2014
main.py: Progress: 1138 / 2014
main.py: Progress: 1139 / 2014
main.py: Progress: 1140 / 2014
main.py: Progress: 1141 / 2014
main.py: Progress: 1142 / 2014
main.py: Progress: 1143 / 2014
main.py: Progress: 1144 / 2014
main.py: Progress: 1145 / 2014
main.py: Progress: 1146 / 2014
main.py: Progress: 1147 / 2014
main.py: Progress: 1148 / 2014
main.py: Progress: 1149 / 2014
main.py: Progress: 1150 / 2014
main.py: Progress: 1151 / 2014
main.py: Progress: 1152 / 2014
main.py: Progress: 1153 / 2014
main.py: Progress: 1154 / 2014
main.py: Progress: 1155 / 2014
main.py: Progress: 1156 / 2014
main.py: Progress: 1157 / 2014
main.py: Progress: 1158 / 2014
main.py: Progress: 1159 / 2014
main.py: Progress: 1160 / 2014
main.py: Progress: 1161 / 2014
main.py: Progress: 1162 / 2014
main.py: Progress: 1163 / 2014
main.py: Progress: 1164 / 2014
main.py: Progress: 1165 / 2014
main.py: Progress: 1166 / 2014
main.py: Progress: 1167 / 2014
main.py: Progress: 1168 / 2014
main.py: Progress: 1169 / 2014
main.py: Progress: 1170 / 2014
main.py: Progress: 1171 / 2014
main.py: Progress: 1172 / 2014
main.py: Progress: 1173 / 2014
main.py: Progress: 1174 / 2014
main.py: Progress: 1175 / 2014
main.py: Progress: 1176 / 2014
main.py: Progress: 1177 / 2014
main.py: Progress: 1178 / 2014
main.py: Progress: 1179 / 2014
main.py: Progress: 1180 / 2014
main.py: Progress: 1181 / 2014
main.py: Progress: 1182 / 2014
main.py: Progress: 1183 / 2014
main.py: Progress: 1184 / 2014
main.py: Progress: 1185 / 2014
main.py: Progress: 1186 / 2014
main.py: Progress: 1187 / 2014
main.py: Progress: 1188 / 2014
main.py: Progress: 1189 / 2014
main.py: Progress: 1190 / 2014
main.py: Progress: 1191 / 2014
main.py: Progress: 1192 / 2014
main.py: Progress: 1193 / 2014
main.py: Progress: 1194 / 2014
main.py: Progress: 1195 / 2014
main.py: Progress: 1196 / 2014
main.py: Progress: 1197 / 2014
main.py: Progress: 1198 / 2014
main.py: Progress: 1199 / 2014
main.py: Progress: 1200 / 2014
main.py: Progress: 1201 / 2014
main.py: Progress: 1202 / 2014
main.py: Progress: 1203 / 2014
main.py: Progress: 1204 / 2014
main.py: Progress: 1205 / 2014
main.py: Progress: 1206 / 2014
main.py: Progress: 1207 / 2014
main.py: Progress: 1208 / 2014
main.py: Progress: 1209 / 2014
main.py: Progress: 1210 / 2014
main.py: Progress: 1211 / 2014
main.py: Progress: 1212 / 2014
main.py: Progress: 1213 / 2014
main.py: Progress: 1214 / 2014
main.py: Progress: 1215 / 2014
main.py: Progress: 1216 / 2014
main.py: Progress: 1217 / 2014
main.py: Progress: 1218 / 2014
main.py: Progress: 1219 / 2014
main.py: Progress: 1220 / 2014
main.py: Progress: 1221 / 2014
main.py: Progress: 1222 / 2014
main.py: Progress: 1223 / 2014
main.py: Progress: 1224 / 2014
main.py: Progress: 1225 / 2014
main.py: Progress: 1226 / 2014
main.py: Progress: 1227 / 2014
main.py: Progress: 1228 / 2014
main.py: Progress: 1229 / 2014
main.py: Progress: 1230 / 2014
main.py: Progress: 1231 / 2014
main.py: Progress: 1232 / 2014
main.py: Progress: 1233 / 2014
main.py: Progress: 1234 / 2014
main.py: Progress: 1235 / 2014
main.py: Progress: 1236 / 2014
main.py: Progress: 1237 / 2014
main.py: Progress: 1238 / 2014
main.py: Progress: 1239 / 2014
main.py: Progress: 1240 / 2014
main.py: Progress: 1241 / 2014
main.py: Progress: 1242 / 2014
main.py: Progress: 1243 / 2014
main.py: Progress: 1244 / 2014
main.py: Progress: 1245 / 2014
main.py: Progress: 1246 / 2014
main.py: Progress: 1247 / 2014
main.py: Progress: 1248 / 2014
main.py: Progress: 1249 / 2014
main.py: Progress: 1250 / 2014
main.py: Progress: 1251 / 2014
main.py: Progress: 1252 / 2014
main.py: Progress: 1253 / 2014
main.py: Progress: 1254 / 2014
main.py: Progress: 1255 / 2014
main.py: Progress: 1256 / 2014
main.py: Progress: 1257 / 2014
main.py: Progress: 1258 / 2014
main.py: Progress: 1259 / 2014
main.py: Progress: 1260 / 2014
main.py: Progress: 1261 / 2014
main.py: Progress: 1262 / 2014
main.py: Progress: 1263 / 2014
main.py: Progress: 1264 / 2014
main.py: Progress: 1265 / 2014
main.py: Progress: 1266 / 2014
main.py: Progress: 1267 / 2014
main.py: Progress: 1268 / 2014
main.py: Progress: 1269 / 2014
main.py: Progress: 1270 / 2014
main.py: Progress: 1271 / 2014
main.py: Progress: 1272 / 2014
main.py: Progress: 1273 / 2014
main.py: Progress: 1274 / 2014
main.py: Progress: 1275 / 2014
main.py: Progress: 1276 / 2014
main.py: Progress: 1277 / 2014
main.py: Progress: 1278 / 2014
main.py: Progress: 1279 / 2014
main.py: Progress: 1280 / 2014
main.py: Progress: 1281 / 2014
main.py: Progress: 1282 / 2014
main.py: Progress: 1283 / 2014
main.py: Progress: 1284 / 2014
main.py: Progress: 1285 / 2014
main.py: Progress: 1286 / 2014
main.py: Progress: 1287 / 2014
main.py: Progress: 1288 / 2014
main.py: Progress: 1289 / 2014
main.py: Progress: 1290 / 2014
main.py: Progress: 1291 / 2014
main.py: Progress: 1292 / 2014
main.py: Progress: 1293 / 2014
main.py: Progress: 1294 / 2014
main.py: Progress: 1295 / 2014
main.py: Progress: 1296 / 2014
main.py: Progress: 1297 / 2014
main.py: Progress: 1298 / 2014
main.py: Progress: 1299 / 2014
main.py: Progress: 1300 / 2014
main.py: Progress: 1301 / 2014
main.py: Progress: 1302 / 2014
main.py: Progress: 1303 / 2014
main.py: Progress: 1304 / 2014
main.py: Progress: 1305 / 2014
main.py: Progress: 1306 / 2014
main.py: Progress: 1307 / 2014
main.py: Progress: 1308 / 2014
main.py: Progress: 1309 / 2014
main.py: Progress: 1310 / 2014
main.py: Progress: 1311 / 2014
main.py: Progress: 1312 / 2014
main.py: Progress: 1313 / 2014
main.py: Progress: 1314 / 2014
main.py: Progress: 1315 / 2014
main.py: Progress: 1316 / 2014
main.py: Progress: 1317 / 2014
main.py: Progress: 1318 / 2014
main.py: Progress: 1319 / 2014
main.py: Progress: 1320 / 2014
main.py: Progress: 1321 / 2014
main.py: Progress: 1322 / 2014
main.py: Progress: 1323 / 2014
main.py: Progress: 1324 / 2014
main.py: Progress: 1325 / 2014
main.py: Progress: 1326 / 2014
main.py: Progress: 1327 / 2014
main.py: Progress: 1328 / 2014
main.py: Progress: 1329 / 2014
main.py: Progress: 1330 / 2014
main.py: Progress: 1331 / 2014
main.py: Progress: 1332 / 2014
main.py: Progress: 1333 / 2014
main.py: Progress: 1334 / 2014
main.py: Progress: 1335 / 2014
main.py: Progress: 1336 / 2014
main.py: Progress: 1337 / 2014
main.py: Progress: 1338 / 2014
main.py: Progress: 1339 / 2014
main.py: Progress: 1340 / 2014
main.py: Progress: 1341 / 2014
main.py: Progress: 1342 / 2014
main.py: Progress: 1343 / 2014
main.py: Progress: 1344 / 2014
main.py: Progress: 1345 / 2014
main.py: Progress: 1346 / 2014
main.py: Progress: 1347 / 2014
main.py: Progress: 1348 / 2014
main.py: Progress: 1349 / 2014
main.py: Progress: 1350 / 2014
main.py: Progress: 1351 / 2014
main.py: Progress: 1352 / 2014
main.py: Progress: 1353 / 2014
main.py: Progress: 1354 / 2014
main.py: Progress: 1355 / 2014
main.py: Progress: 1356 / 2014
main.py: Progress: 1357 / 2014
main.py: Progress: 1358 / 2014
main.py: Progress: 1359 / 2014
main.py: Progress: 1360 / 2014
main.py: Progress: 1361 / 2014
main.py: Progress: 1362 / 2014
main.py: Progress: 1363 / 2014
main.py: Progress: 1364 / 2014
main.py: Progress: 1365 / 2014
main.py: Progress: 1366 / 2014
main.py: Progress: 1367 / 2014
main.py: Progress: 1368 / 2014
main.py: Progress: 1369 / 2014
main.py: Progress: 1370 / 2014
main.py: Progress: 1371 / 2014
main.py: Progress: 1372 / 2014
main.py: Progress: 1373 / 2014
main.py: Progress: 1374 / 2014
main.py: Progress: 1375 / 2014
main.py: Progress: 1376 / 2014
main.py: Progress: 1377 / 2014
main.py: Progress: 1378 / 2014
main.py: Progress: 1379 / 2014
main.py: Progress: 1380 / 2014
main.py: Progress: 1381 / 2014
main.py: Progress: 1382 / 2014
main.py: Progress: 1383 / 2014
main.py: Progress: 1384 / 2014
main.py: Progress: 1385 / 2014
main.py: Progress: 1386 / 2014
main.py: Progress: 1387 / 2014
main.py: Progress: 1388 / 2014
main.py: Progress: 1389 / 2014
main.py: Progress: 1390 / 2014
main.py: Progress: 1391 / 2014
main.py: Progress: 1392 / 2014
main.py: Progress: 1393 / 2014
main.py: Progress: 1394 / 2014
main.py: Progress: 1395 / 2014
main.py: Progress: 1396 / 2014
main.py: Progress: 1397 / 2014
main.py: Progress: 1398 / 2014
main.py: Progress: 1399 / 2014
main.py: Progress: 1400 / 2014
main.py: Progress: 1401 / 2014
main.py: Progress: 1402 / 2014
main.py: Progress: 1403 / 2014
main.py: Progress: 1404 / 2014
main.py: Progress: 1405 / 2014
main.py: Progress: 1406 / 2014
main.py: Progress: 1407 / 2014
main.py: Progress: 1408 / 2014
main.py: Progress: 1409 / 2014
main.py: Progress: 1410 / 2014
main.py: Progress: 1411 / 2014
main.py: Progress: 1412 / 2014
main.py: Progress: 1413 / 2014
main.py: Progress: 1414 / 2014
main.py: Progress: 1415 / 2014
main.py: Progress: 1416 / 2014
main.py: Progress: 1417 / 2014
main.py: Progress: 1418 / 2014
main.py: Progress: 1419 / 2014
main.py: Progress: 1420 / 2014
main.py: Progress: 1421 / 2014
main.py: Progress: 1422 / 2014
main.py: Progress: 1423 / 2014
main.py: Progress: 1424 / 2014
main.py: Progress: 1425 / 2014
main.py: Progress: 1426 / 2014
main.py: Progress: 1427 / 2014
main.py: Progress: 1428 / 2014
main.py: Progress: 1429 / 2014
main.py: Progress: 1430 / 2014
main.py: Progress: 1431 / 2014
main.py: Progress: 1432 / 2014
main.py: Progress: 1433 / 2014
main.py: Progress: 1434 / 2014
main.py: Progress: 1435 / 2014
main.py: Progress: 1436 / 2014
main.py: Progress: 1437 / 2014
main.py: Progress: 1438 / 2014
main.py: Progress: 1439 / 2014
main.py: Progress: 1440 / 2014
main.py: Progress: 1441 / 2014
main.py: Progress: 1442 / 2014
main.py: Progress: 1443 / 2014
main.py: Progress: 1444 / 2014
main.py: Progress: 1445 / 2014
main.py: Progress: 1446 / 2014
main.py: Progress: 1447 / 2014
main.py: Progress: 1448 / 2014
main.py: Progress: 1449 / 2014
main.py: Progress: 1450 / 2014
main.py: Progress: 1451 / 2014
main.py: Progress: 1452 / 2014
main.py: Progress: 1453 / 2014
main.py: Progress: 1454 / 2014
main.py: Progress: 1455 / 2014
main.py: Progress: 1456 / 2014
main.py: Progress: 1457 / 2014
main.py: Progress: 1458 / 2014
main.py: Progress: 1459 / 2014
main.py: Progress: 1460 / 2014
main.py: Progress: 1461 / 2014
main.py: Progress: 1462 / 2014
main.py: Progress: 1463 / 2014
main.py: Progress: 1464 / 2014
main.py: Progress: 1465 / 2014
main.py: Progress: 1466 / 2014
main.py: Progress: 1467 / 2014
main.py: Progress: 1468 / 2014
main.py: Progress: 1469 / 2014
main.py: Progress: 1470 / 2014
main.py: Progress: 1471 / 2014
main.py: Progress: 1472 / 2014
main.py: Progress: 1473 / 2014
main.py: Progress: 1474 / 2014
main.py: Progress: 1475 / 2014
main.py: Progress: 1476 / 2014
main.py: Progress: 1477 / 2014
main.py: Progress: 1478 / 2014
main.py: Progress: 1479 / 2014
main.py: Progress: 1480 / 2014
main.py: Progress: 1481 / 2014
main.py: Progress: 1482 / 2014
main.py: Progress: 1483 / 2014
main.py: Progress: 1484 / 2014
main.py: Progress: 1485 / 2014
main.py: Progress: 1486 / 2014
main.py: Progress: 1487 / 2014
main.py: Progress: 1488 / 2014
main.py: Progress: 1489 / 2014
main.py: Progress: 1490 / 2014
main.py: Progress: 1491 / 2014
main.py: Progress: 1492 / 2014
main.py: Progress: 1493 / 2014
main.py: Progress: 1494 / 2014
main.py: Progress: 1495 / 2014
main.py: Progress: 1496 / 2014
main.py: Progress: 1497 / 2014
main.py: Progress: 1498 / 2014
main.py: Progress: 1499 / 2014
main.py: Progress: 1500 / 2014
main.py: Progress: 1501 / 2014
main.py: Progress: 1502 / 2014
main.py: Progress: 1503 / 2014
main.py: Progress: 1504 / 2014
main.py: Progress: 1505 / 2014
main.py: Progress: 1506 / 2014
main.py: Progress: 1507 / 2014
main.py: Progress: 1508 / 2014
main.py: Progress: 1509 / 2014
main.py: Progress: 1510 / 2014
main.py: Progress: 1511 / 2014
main.py: Progress: 1512 / 2014
main.py: Progress: 1513 / 2014
main.py: Progress: 1514 / 2014
main.py: Progress: 1515 / 2014
main.py: Progress: 1516 / 2014
main.py: Progress: 1517 / 2014
main.py: Progress: 1518 / 2014
main.py: Progress: 1519 / 2014
main.py: Progress: 1520 / 2014
main.py: Progress: 1521 / 2014
main.py: Progress: 1522 / 2014
main.py: Progress: 1523 / 2014
main.py: Progress: 1524 / 2014
main.py: Progress: 1525 / 2014
main.py: Progress: 1526 / 2014
main.py: Progress: 1527 / 2014
main.py: Progress: 1528 / 2014
main.py: Progress: 1529 / 2014
main.py: Progress: 1530 / 2014
main.py: Progress: 1531 / 2014
main.py: Progress: 1532 / 2014
main.py: Progress: 1533 / 2014
main.py: Progress: 1534 / 2014
main.py: Progress: 1535 / 2014
main.py: Progress: 1536 / 2014
main.py: Progress: 1537 / 2014
main.py: Progress: 1538 / 2014
main.py: Progress: 1539 / 2014
main.py: Progress: 1540 / 2014
main.py: Progress: 1541 / 2014
main.py: Progress: 1542 / 2014
main.py: Progress: 1543 / 2014
main.py: Progress: 1544 / 2014
main.py: Progress: 1545 / 2014
main.py: Progress: 1546 / 2014
main.py: Progress: 1547 / 2014
main.py: Progress: 1548 / 2014
main.py: Progress: 1549 / 2014
main.py: Progress: 1550 / 2014
main.py: Progress: 1551 / 2014
main.py: Progress: 1552 / 2014
main.py: Progress: 1553 / 2014
main.py: Progress: 1554 / 2014
main.py: Progress: 1555 / 2014
main.py: Progress: 1556 / 2014
main.py: Progress: 1557 / 2014
main.py: Progress: 1558 / 2014
main.py: Progress: 1559 / 2014
main.py: Progress: 1560 / 2014
main.py: Progress: 1561 / 2014
main.py: Progress: 1562 / 2014
main.py: Progress: 1563 / 2014
main.py: Progress: 1564 / 2014
main.py: Progress: 1565 / 2014
main.py: Progress: 1566 / 2014
main.py: Progress: 1567 / 2014
main.py: Progress: 1568 / 2014
main.py: Progress: 1569 / 2014
main.py: Progress: 1570 / 2014
main.py: Progress: 1571 / 2014
main.py: Progress: 1572 / 2014
main.py: Progress: 1573 / 2014
main.py: Progress: 1574 / 2014
main.py: Progress: 1575 / 2014
main.py: Progress: 1576 / 2014
main.py: Progress: 1577 / 2014
main.py: Progress: 1578 / 2014
main.py: Progress: 1579 / 2014
main.py: Progress: 1580 / 2014
main.py: Progress: 1581 / 2014
main.py: Progress: 1582 / 2014
main.py: Progress: 1583 / 2014
main.py: Progress: 1584 / 2014
main.py: Progress: 1585 / 2014
main.py: Progress: 1586 / 2014
main.py: Progress: 1587 / 2014
main.py: Progress: 1588 / 2014
main.py: Progress: 1589 / 2014
main.py: Progress: 1590 / 2014
main.py: Progress: 1591 / 2014
main.py: Progress: 1592 / 2014
main.py: Progress: 1593 / 2014
main.py: Progress: 1594 / 2014
main.py: Progress: 1595 / 2014
main.py: Progress: 1596 / 2014
main.py: Progress: 1597 / 2014
main.py: Progress: 1598 / 2014
main.py: Progress: 1599 / 2014
main.py: Progress: 1600 / 2014
main.py: Progress: 1601 / 2014
main.py: Progress: 1602 / 2014
main.py: Progress: 1603 / 2014
main.py: Progress: 1604 / 2014
main.py: Progress: 1605 / 2014
main.py: Progress: 1606 / 2014
main.py: Progress: 1607 / 2014
main.py: Progress: 1608 / 2014
main.py: Progress: 1609 / 2014
main.py: Progress: 1610 / 2014
main.py: Progress: 1611 / 2014
main.py: Progress: 1612 / 2014
main.py: Progress: 1613 / 2014
main.py: Progress: 1614 / 2014
main.py: Progress: 1615 / 2014
main.py: Progress: 1616 / 2014
main.py: Progress: 1617 / 2014
main.py: Progress: 1618 / 2014
main.py: Progress: 1619 / 2014
main.py: Progress: 1620 / 2014
main.py: Progress: 1621 / 2014
main.py: Progress: 1622 / 2014
main.py: Progress: 1623 / 2014
main.py: Progress: 1624 / 2014
main.py: Progress: 1625 / 2014
main.py: Progress: 1626 / 2014
main.py: Progress: 1627 / 2014
main.py: Progress: 1628 / 2014
main.py: Progress: 1629 / 2014
main.py: Progress: 1630 / 2014
main.py: Progress: 1631 / 2014
main.py: Progress: 1632 / 2014
main.py: Progress: 1633 / 2014
main.py: Progress: 1634 / 2014
main.py: Progress: 1635 / 2014
main.py: Progress: 1636 / 2014
main.py: Progress: 1637 / 2014
main.py: Progress: 1638 / 2014
main.py: Progress: 1639 / 2014
main.py: Progress: 1640 / 2014
main.py: Progress: 1641 / 2014
main.py: Progress: 1642 / 2014
main.py: Progress: 1643 / 2014
main.py: Progress: 1644 / 2014
main.py: Progress: 1645 / 2014
main.py: Progress: 1646 / 2014
main.py: Progress: 1647 / 2014
main.py: Progress: 1648 / 2014
main.py: Progress: 1649 / 2014
main.py: Progress: 1650 / 2014
main.py: Progress: 1651 / 2014
main.py: Progress: 1652 / 2014
main.py: Progress: 1653 / 2014
main.py: Progress: 1654 / 2014
main.py: Progress: 1655 / 2014
main.py: Progress: 1656 / 2014
main.py: Progress: 1657 / 2014
main.py: Progress: 1658 / 2014
main.py: Progress: 1659 / 2014
main.py: Progress: 1660 / 2014
main.py: Progress: 1661 / 2014
main.py: Progress: 1662 / 2014
main.py: Progress: 1663 / 2014
main.py: Progress: 1664 / 2014
main.py: Progress: 1665 / 2014
main.py: Progress: 1666 / 2014
main.py: Progress: 1667 / 2014
main.py: Progress: 1668 / 2014
main.py: Progress: 1669 / 2014
main.py: Progress: 1670 / 2014
main.py: Progress: 1671 / 2014
main.py: Progress: 1672 / 2014
main.py: Progress: 1673 / 2014
main.py: Progress: 1674 / 2014
main.py: Progress: 1675 / 2014
main.py: Progress: 1676 / 2014
main.py: Progress: 1677 / 2014
main.py: Progress: 1678 / 2014
main.py: Progress: 1679 / 2014
main.py: Progress: 1680 / 2014
main.py: Progress: 1681 / 2014
main.py: Progress: 1682 / 2014
main.py: Progress: 1683 / 2014
main.py: Progress: 1684 / 2014
main.py: Progress: 1685 / 2014
main.py: Progress: 1686 / 2014
main.py: Progress: 1687 / 2014
main.py: Progress: 1688 / 2014
main.py: Progress: 1689 / 2014
main.py: Progress: 1690 / 2014
main.py: Progress: 1691 / 2014
main.py: Progress: 1692 / 2014
main.py: Progress: 1693 / 2014
main.py: Progress: 1694 / 2014
main.py: Progress: 1695 / 2014
main.py: Progress: 1696 / 2014
main.py: Progress: 1697 / 2014
main.py: Progress: 1698 / 2014
main.py: Progress: 1699 / 2014
main.py: Progress: 1700 / 2014
main.py: Progress: 1701 / 2014
main.py: Progress: 1702 / 2014
main.py: Progress: 1703 / 2014
main.py: Progress: 1704 / 2014
main.py: Progress: 1705 / 2014
main.py: Progress: 1706 / 2014
main.py: Progress: 1707 / 2014
main.py: Progress: 1708 / 2014
main.py: Progress: 1709 / 2014
main.py: Progress: 1710 / 2014
main.py: Progress: 1711 / 2014
main.py: Progress: 1712 / 2014
main.py: Progress: 1713 / 2014
main.py: Progress: 1714 / 2014
main.py: Progress: 1715 / 2014
main.py: Progress: 1716 / 2014
main.py: Progress: 1717 / 2014
main.py: Progress: 1718 / 2014
main.py: Progress: 1719 / 2014
main.py: Progress: 1720 / 2014
main.py: Progress: 1721 / 2014
main.py: Progress: 1722 / 2014
main.py: Progress: 1723 / 2014
main.py: Progress: 1724 / 2014
main.py: Progress: 1725 / 2014
main.py: Progress: 1726 / 2014
main.py: Progress: 1727 / 2014
main.py: Progress: 1728 / 2014
main.py: Progress: 1729 / 2014
main.py: Progress: 1730 / 2014
main.py: Progress: 1731 / 2014
main.py: Progress: 1732 / 2014
main.py: Progress: 1733 / 2014
main.py: Progress: 1734 / 2014
main.py: Progress: 1735 / 2014
main.py: Progress: 1736 / 2014
main.py: Progress: 1737 / 2014
main.py: Progress: 1738 / 2014
main.py: Progress: 1739 / 2014
main.py: Progress: 1740 / 2014
main.py: Progress: 1741 / 2014
main.py: Progress: 1742 / 2014
main.py: Progress: 1743 / 2014
main.py: Progress: 1744 / 2014
main.py: Progress: 1745 / 2014
main.py: Progress: 1746 / 2014
main.py: Progress: 1747 / 2014
main.py: Progress: 1748 / 2014
main.py: Progress: 1749 / 2014
main.py: Progress: 1750 / 2014
main.py: Progress: 1751 / 2014
main.py: Progress: 1752 / 2014
main.py: Progress: 1753 / 2014
main.py: Progress: 1754 / 2014
main.py: Progress: 1755 / 2014
main.py: Progress: 1756 / 2014
main.py: Progress: 1757 / 2014
main.py: Progress: 1758 / 2014
main.py: Progress: 1759 / 2014
main.py: Progress: 1760 / 2014
main.py: Progress: 1761 / 2014
main.py: Progress: 1762 / 2014
main.py: Progress: 1763 / 2014
main.py: Progress: 1764 / 2014
main.py: Progress: 1765 / 2014
main.py: Progress: 1766 / 2014
main.py: Progress: 1767 / 2014
main.py: Progress: 1768 / 2014
main.py: Progress: 1769 / 2014
main.py: Progress: 1770 / 2014
main.py: Progress: 1771 / 2014
main.py: Progress: 1772 / 2014
main.py: Progress: 1773 / 2014
main.py: Progress: 1774 / 2014
main.py: Progress: 1775 / 2014
main.py: Progress: 1776 / 2014
main.py: Progress: 1777 / 2014
main.py: Progress: 1778 / 2014
main.py: Progress: 1779 / 2014
main.py: Progress: 1780 / 2014
main.py: Progress: 1781 / 2014
main.py: Progress: 1782 / 2014
main.py: Progress: 1783 / 2014
main.py: Progress: 1784 / 2014
main.py: Progress: 1785 / 2014
main.py: Progress: 1786 / 2014
main.py: Progress: 1787 / 2014
main.py: Progress: 1788 / 2014
main.py: Progress: 1789 / 2014
main.py: Progress: 1790 / 2014
main.py: Progress: 1791 / 2014
main.py: Progress: 1792 / 2014
main.py: Progress: 1793 / 2014
main.py: Progress: 1794 / 2014
main.py: Progress: 1795 / 2014
main.py: Progress: 1796 / 2014
main.py: Progress: 1797 / 2014
main.py: Progress: 1798 / 2014
main.py: Progress: 1799 / 2014
main.py: Progress: 1800 / 2014
main.py: Progress: 1801 / 2014
main.py: Progress: 1802 / 2014
main.py: Progress: 1803 / 2014
main.py: Progress: 1804 / 2014
main.py: Progress: 1805 / 2014
main.py: Progress: 1806 / 2014
main.py: Progress: 1807 / 2014
main.py: Progress: 1808 / 2014
main.py: Progress: 1809 / 2014
main.py: Progress: 1810 / 2014
main.py: Progress: 1811 / 2014
main.py: Progress: 1812 / 2014
main.py: Progress: 1813 / 2014
main.py: Progress: 1814 / 2014
main.py: Progress: 1815 / 2014
main.py: Progress: 1816 / 2014
main.py: Progress: 1817 / 2014
main.py: Progress: 1818 / 2014
main.py: Progress: 1819 / 2014
main.py: Progress: 1820 / 2014
main.py: Progress: 1821 / 2014
main.py: Progress: 1822 / 2014
main.py: Progress: 1823 / 2014
main.py: Progress: 1824 / 2014
main.py: Progress: 1825 / 2014
main.py: Progress: 1826 / 2014
main.py: Progress: 1827 / 2014
main.py: Progress: 1828 / 2014
main.py: Progress: 1829 / 2014
main.py: Progress: 1830 / 2014
main.py: Progress: 1831 / 2014
main.py: Progress: 1832 / 2014
main.py: Progress: 1833 / 2014
main.py: Progress: 1834 / 2014
main.py: Progress: 1835 / 2014
main.py: Progress: 1836 / 2014
main.py: Progress: 1837 / 2014
main.py: Progress: 1838 / 2014
main.py: Progress: 1839 / 2014
main.py: Progress: 1840 / 2014
main.py: Progress: 1841 / 2014
main.py: Progress: 1842 / 2014
main.py: Progress: 1843 / 2014
main.py: Progress: 1844 / 2014
main.py: Progress: 1845 / 2014
main.py: Progress: 1846 / 2014
main.py: Progress: 1847 / 2014
main.py: Progress: 1848 / 2014
main.py: Progress: 1849 / 2014
main.py: Progress: 1850 / 2014
main.py: Progress: 1851 / 2014
main.py: Progress: 1852 / 2014
main.py: Progress: 1853 / 2014
main.py: Progress: 1854 / 2014
main.py: Progress: 1855 / 2014
main.py: Progress: 1856 / 2014
main.py: Progress: 1857 / 2014
main.py: Progress: 1858 / 2014
main.py: Progress: 1859 / 2014
main.py: Progress: 1860 / 2014
main.py: Progress: 1861 / 2014
main.py: Progress: 1862 / 2014
main.py: Progress: 1863 / 2014
main.py: Progress: 1864 / 2014
main.py: Progress: 1865 / 2014
main.py: Progress: 1866 / 2014
main.py: Progress: 1867 / 2014
main.py: Progress: 1868 / 2014
main.py: Progress: 1869 / 2014
main.py: Progress: 1870 / 2014
main.py: Progress: 1871 / 2014
main.py: Progress: 1872 / 2014
main.py: Progress: 1873 / 2014
main.py: Progress: 1874 / 2014
main.py: Progress: 1875 / 2014
main.py: Progress: 1876 / 2014
main.py: Progress: 1877 / 2014
main.py: Progress: 1878 / 2014
main.py: Progress: 1879 / 2014
main.py: Progress: 1880 / 2014
main.py: Progress: 1881 / 2014
main.py: Progress: 1882 / 2014
main.py: Progress: 1883 / 2014
main.py: Progress: 1884 / 2014
main.py: Progress: 1885 / 2014
main.py: Progress: 1886 / 2014
main.py: Progress: 1887 / 2014
main.py: Progress: 1888 / 2014
main.py: Progress: 1889 / 2014
main.py: Progress: 1890 / 2014
main.py: Progress: 1891 / 2014
main.py: Progress: 1892 / 2014
main.py: Progress: 1893 / 2014
main.py: Progress: 1894 / 2014
main.py: Progress: 1895 / 2014
main.py: Progress: 1896 / 2014
main.py: Progress: 1897 / 2014
main.py: Progress: 1898 / 2014
main.py: Progress: 1899 / 2014
main.py: Progress: 1900 / 2014
main.py: Progress: 1901 / 2014
main.py: Progress: 1902 / 2014
main.py: Progress: 1903 / 2014
main.py: Progress: 1904 / 2014
main.py: Progress: 1905 / 2014
main.py: Progress: 1906 / 2014
main.py: Progress: 1907 / 2014
main.py: Progress: 1908 / 2014
main.py: Progress: 1909 / 2014
main.py: Progress: 1910 / 2014
main.py: Progress: 1911 / 2014
main.py: Progress: 1912 / 2014
main.py: Progress: 1913 / 2014
main.py: Progress: 1914 / 2014
main.py: Progress: 1915 / 2014
main.py: Progress: 1916 / 2014
main.py: Progress: 1917 / 2014
main.py: Progress: 1918 / 2014
main.py: Progress: 1919 / 2014
main.py: Progress: 1920 / 2014
main.py: Progress: 1921 / 2014
main.py: Progress: 1922 / 2014
main.py: Progress: 1923 / 2014
main.py: Progress: 1924 / 2014
main.py: Progress: 1925 / 2014
main.py: Progress: 1926 / 2014
main.py: Progress: 1927 / 2014
main.py: Progress: 1928 / 2014
main.py: Progress: 1929 / 2014
main.py: Progress: 1930 / 2014
main.py: Progress: 1931 / 2014
main.py: Progress: 1932 / 2014
main.py: Progress: 1933 / 2014
main.py: Progress: 1934 / 2014
main.py: Progress: 1935 / 2014
main.py: Progress: 1936 / 2014
main.py: Progress: 1937 / 2014
main.py: Progress: 1938 / 2014
main.py: Progress: 1939 / 2014
main.py: Progress: 1940 / 2014
main.py: Progress: 1941 / 2014
main.py: Progress: 1942 / 2014
main.py: Progress: 1943 / 2014
main.py: Progress: 1944 / 2014
main.py: Progress: 1945 / 2014
main.py: Progress: 1946 / 2014
main.py: Progress: 1947 / 2014
main.py: Progress: 1948 / 2014
main.py: Progress: 1949 / 2014
main.py: Progress: 1950 / 2014
main.py: Progress: 1951 / 2014
main.py: Progress: 1952 / 2014
main.py: Progress: 1953 / 2014
main.py: Progress: 1954 / 2014
main.py: Progress: 1955 / 2014
main.py: Progress: 1956 / 2014
main.py: Progress: 1957 / 2014
main.py: Progress: 1958 / 2014
main.py: Progress: 1959 / 2014
main.py: Progress: 1960 / 2014
main.py: Progress: 1961 / 2014
main.py: Progress: 1962 / 2014
main.py: Progress: 1963 / 2014
main.py: Progress: 1964 / 2014
main.py: Progress: 1965 / 2014
main.py: Progress: 1966 / 2014
main.py: Progress: 1967 / 2014
main.py: Progress: 1968 / 2014
main.py: Progress: 1969 / 2014
main.py: Progress: 1970 / 2014
main.py: Progress: 1971 / 2014
main.py: Progress: 1972 / 2014
main.py: Progress: 1973 / 2014
main.py: Progress: 1974 / 2014
main.py: Progress: 1975 / 2014
main.py: Progress: 1976 / 2014
main.py: Progress: 1977 / 2014
main.py: Progress: 1978 / 2014
main.py: Progress: 1979 / 2014
main.py: Progress: 1980 / 2014
main.py: Progress: 1981 / 2014
main.py: Progress: 1982 / 2014
main.py: Progress: 1983 / 2014
main.py: Progress: 1984 / 2014
main.py: Progress: 1985 / 2014
main.py: Progress: 1986 / 2014
main.py: Progress: 1987 / 2014
main.py: Progress: 1988 / 2014
main.py: Progress: 1989 / 2014
main.py: Progress: 1990 / 2014
main.py: Progress: 1991 / 2014
main.py: Progress: 1992 / 2014
main.py: Progress: 1993 / 2014
main.py: Progress: 1994 / 2014
main.py: Progress: 1995 / 2014
main.py: Progress: 1996 / 2014
main.py: Progress: 1997 / 2014
main.py: Progress: 1998 / 2014
main.py: Progress: 1999 / 2014
time 2000 ( all targets found and t>1000s) and set up src_dst pairs = [([0, 8], (-1, -1))]
Route initialization:  {0: {'Route': [0, 8], 'MCS_Index': [2], 'Priority': 1, 'ValidRoute': False, 'HQRoute': False, 'RouteNodeDensity': [None, None], 'InterferingLinks': 0, 'Target': (-1, -1)}}
node.py: Inside packet generation function at node: Node0. Curr time: 2000.000000, Packet inter arrival time: 0.005467
Path | HC | IL | Max Data Rate Supported | HQ Path | Tangled Path | Cost
------------------------------
[0, 1, 2, 3, 4, 5, 6, 7, 8] | 8 | 16 | 11 | True | False | 0.8846153846153846
Found Route:
 {'Path': [0, 1, 2, 3, 4, 5, 6, 7, 8], 'HC': 8, 'IL': 16, 'Max Data Rate Supported': 11, 'HQ Path': np.True_, 'Tangled Path': False, 'Cost': 0.8846153846153846}

rf.py: Time: 2000 Route details: {0: {'Route': [0, 1, 2, 3, 4, 5, 6, 7, 8], 'MCS_Index': [0, 0, 0, 0, 0, 0, 0, 0], 'Priority': 1, 'ValidRoute': True, 'HQRoute': np.True_, 'RouteNodeDensity': [0, 0, 0, 0, 0, 0, 0, 0, 0], 'InterferingLinks': 16, 'Target': (-1, -1)}}
main.py: Progress: 2000 / 2014
main.py: Progress: 2001 / 2014

rf.py: Time: 2001 Route details: {0: {'Route': [0, 1, 2, 3, 4, 5, 6, 7, 8], 'MCS_Index': [2, 2, 2, 2, 2, 2, 0, 0], 'Priority': 1, 'ValidRoute': True, 'HQRoute': True, 'RouteNodeDensity': [0, 0, 0, 0, 0, 0, 0, 0, 0], 'InterferingLinks': 16, 'Target': (-1, -1)}}
main.py: Progress: 2002 / 2014

rf.py: Time: 2002 Route details: {0: {'Route': [0, 1, 2, 3, 4, 5, 6, 7, 8], 'MCS_Index': [0, 0, 0, 0, 0, 2, 0, 0], 'Priority': 1, 'ValidRoute': True, 'HQRoute': True, 'RouteNodeDensity': [0, 0, 0, 0, 0, 0, 0, 0, 0], 'InterferingLinks': 16, 'Target': (-1, -1)}}
main.py: Progress: 2003 / 2014

rf.py: Time: 2003 Route details: {0: {'Route': [0, 1, 2, 3, 4, 5, 6, 7, 8], 'MCS_Index': [0, 0, 0, 0, 0, 0, 0, 0], 'Priority': 1, 'ValidRoute': True, 'HQRoute': True, 'RouteNodeDensity': [0, 0, 0, 0, 0, 0, 0, 0, 0], 'InterferingLinks': 16, 'Target': (-1, -1)}}
main.py: Progress: 2004 / 2014

rf.py: Time: 2004 Route details: {0: {'Route': [0, 1, 2, 3, 4, 5, 6, 7, 8], 'MCS_Index': [0, 0, 0, 0, 0, 0, 0, 0], 'Priority': 1, 'ValidRoute': True, 'HQRoute': True, 'RouteNodeDensity': [0, 0, 0, 0, 0, 0, 0, 0, 0], 'InterferingLinks': 16, 'Target': (-1, -1)}}
main.py: Progress: 2005 / 2014

rf.py: Time: 2005 Route details: {0: {'Route': [0, 1, 2, 3, 4, 5, 6, 7, 8], 'MCS_Index': [0, 0, 0, 0, 0, 0, 0, 0], 'Priority': 1, 'ValidRoute': True, 'HQRoute': True, 'RouteNodeDensity': [0, 0, 0, 0, 0, 0, 0, 0, 0], 'InterferingLinks': 16, 'Target': (-1, -1)}}
DUPE: 2002404383135_Node0_Node8_Zero, Node1 id 2002404383135_Node0_Node8_Zero was a dupe; retransmit: 0, pkt_enqueue_time=2005416042119.3823, pkt_dequeue_time=2005416042119.3823, forwarded_or_dropped=1, reason_for_drop='Expiry'
DUPE: 2002311498143_Node0_Node8_Zero, Node1 id 2002311498143_Node0_Node8_Zero was a dupe; retransmit: 0, pkt_enqueue_time=2005441167534.6548, pkt_dequeue_time=2005441167534.6548, forwarded_or_dropped=1, reason_for_drop='Expiry'
DUPE: 2002262315628_Node0_Node8_Zero, Node1 id 2002262315628_Node0_Node8_Zero was a dupe; retransmit: 0, pkt_enqueue_time=2005443807189.2002, pkt_dequeue_time=2005443807189.2002, forwarded_or_dropped=1, reason_for_drop='Expiry'
DUPE: 2002442629597_Node0_Node8_Zero, Node1 id 2002442629597_Node0_Node8_Zero was a dupe; retransmit: 0, pkt_enqueue_time=2005489522623.3813, pkt_dequeue_time=2005489522623.3813, forwarded_or_dropped=1, reason_for_drop='Expiry'
DUPE: 2002453560782_Node0_Node8_Zero, Node1 id 2002453560782_Node0_Node8_Zero was a dupe; retransmit: 0, pkt_enqueue_time=2005531205965.9263, pkt_dequeue_time=2005531205965.9263, forwarded_or_dropped=1, reason_for_drop='Expiry'
DUPE: 2002333355388_Node0_Node8_Zero, Node1 id 2002333355388_Node0_Node8_Zero was a dupe; retransmit: 0, pkt_enqueue_time=2005533885620.4717, pkt_dequeue_time=2005533885620.4717, forwarded_or_dropped=1, reason_for_drop='Expiry'
DUPE: 2002540982538_Node0_Node8_Zero, Node1 id 2002540982538_Node0_Node8_Zero was a dupe; retransmit: 0, pkt_enqueue_time=2005573230615.3804, pkt_dequeue_time=2005573230615.3804, forwarded_or_dropped=1, reason_for_drop='Expiry'
DUPE: 2002371605946_Node0_Node8_Zero, Node1 id 2002371605946_Node0_Node8_Zero was a dupe; retransmit: 0, pkt_enqueue_time=2005575930269.9258, pkt_dequeue_time=2005575930269.9258, forwarded_or_dropped=1, reason_for_drop='Expiry'
DUPE: 2002508202449_Node0_Node8_Zero, Node1 id 2002508202449_Node0_Node8_Zero was a dupe; retransmit: 0, pkt_enqueue_time=2005622400139.016, pkt_dequeue_time=2005622400139.016, forwarded_or_dropped=1, reason_for_drop='Expiry'
DUPE: 2002469958080_Node0_Node8_Zero, Node1 id 2002469958080_Node0_Node8_Zero was a dupe; retransmit: 0, pkt_enqueue_time=2005651097991.3794, pkt_dequeue_time=2005651097991.3794, forwarded_or_dropped=1, reason_for_drop='Expiry'
DUPE: 2002251393594_Node0_Node8_Zero, Node1 id 2002251393594_Node0_Node8_Zero was a dupe; retransmit: 0, pkt_enqueue_time=2005653857645.9248, pkt_dequeue_time=2005653857645.9248, forwarded_or_dropped=1, reason_for_drop='Expiry'
DUPE: 2002568306663_Node0_Node8_Zero, Node1 id 2002568306663_Node0_Node8_Zero was a dupe; retransmit: 0, pkt_enqueue_time=2005708900913.5605, pkt_dequeue_time=2005708900913.5605, forwarded_or_dropped=1, reason_for_drop='Expiry'
DUPE: 2002551910309_Node0_Node8_Zero, Node1 id 2002551910309_Node0_Node8_Zero was a dupe; retransmit: 0, pkt_enqueue_time=2005767023835.7417, pkt_dequeue_time=2005767023835.7417, forwarded_or_dropped=1, reason_for_drop='Expiry'
DUPE: 2002639351142_Node0_Node8_Zero, Node1 id 2002639351142_Node0_Node8_Zero was a dupe; retransmit: 0, pkt_enqueue_time=2005769843490.287, pkt_dequeue_time=2005769843490.287, forwarded_or_dropped=1, reason_for_drop='Expiry'
DUPE: 2002622962697_Node0_Node8_Zero, Node1 id 2002622962697_Node0_Node8_Zero was a dupe; retransmit: 0, pkt_enqueue_time=2005772663144.8325, pkt_dequeue_time=2005772663144.8325, forwarded_or_dropped=1, reason_for_drop='Expiry'
DUPE: 2002519132322_Node0_Node8_Zero, Node1 id 2002519132322_Node0_Node8_Zero was a dupe; retransmit: 0, pkt_enqueue_time=2005801980997.1958, pkt_dequeue_time=2005801980997.1958, forwarded_or_dropped=1, reason_for_drop='Expiry'
DUPE: 2002256853592_Node0_Node8_Zero, Node1 id 2002256853592_Node0_Node8_Zero was a dupe; retransmit: 0, pkt_enqueue_time=2005804820651.7412, pkt_dequeue_time=2005804820651.7412, forwarded_or_dropped=1, reason_for_drop='Expiry'
DUPE: 2002661213588_Node0_Node8_Zero, Node1 id 2002661213588_Node0_Node8_Zero was a dupe; retransmit: 0, pkt_enqueue_time=2005807660306.2866, pkt_dequeue_time=2005807660306.2866, forwarded_or_dropped=1, reason_for_drop='Expiry'
DUPE: 2002289643787_Node0_Node8_Zero, Node1 id 2002289643787_Node0_Node8_Zero was a dupe; retransmit: 0, pkt_enqueue_time=2005838963723.7407, pkt_dequeue_time=2005838963723.7407, forwarded_or_dropped=1, reason_for_drop='Expiry'
DUPE: 2002284183185_Node0_Node8_Zero, Node1 id 2002284183185_Node0_Node8_Zero was a dupe; retransmit: 0, pkt_enqueue_time=2005841823378.2861, pkt_dequeue_time=2005841823378.2861, forwarded_or_dropped=1, reason_for_drop='Expiry'
DUPE: 2002650285960_Node0_Node8_Zero, Node1 id 2002650285960_Node0_Node8_Zero was a dupe; retransmit: 0, pkt_enqueue_time=2005844683032.8315, pkt_dequeue_time=2005844683032.8315, forwarded_or_dropped=1, reason_for_drop='Expiry'
DUPE: 2002480887907_Node0_Node8_Zero, Node1 id 2002480887907_Node0_Node8_Zero was a dupe; retransmit: 0, pkt_enqueue_time=2005882707066.2856, pkt_dequeue_time=2005882707066.2856, forwarded_or_dropped=1, reason_for_drop='Expiry'
DUPE: 2002737724069_Node0_Node8_Zero, Node1 id 2002737724069_Node0_Node8_Zero was a dupe; retransmit: 0, pkt_enqueue_time=2005885586720.831, pkt_dequeue_time=2005885586720.831, forwarded_or_dropped=1, reason_for_drop='Expiry'
DUPE: 2002601101614_Node0_Node8_Zero, Node1 id 2002601101614_Node0_Node8_Zero was a dupe; retransmit: 0, pkt_enqueue_time=2005888466375.3765, pkt_dequeue_time=2005888466375.3765, forwarded_or_dropped=1, reason_for_drop='Expiry'
DUPE: 2002245930838_Node0_Node8_Zero, Node1 id 2002245930838_Node0_Node8_Zero was a dupe; retransmit: 0, pkt_enqueue_time=2005973046188.4663, pkt_dequeue_time=2005973046188.4663, forwarded_or_dropped=1, reason_for_drop='Expiry'
DUPE: 2002928966632_Node0_Node8_Zero, Node1 id 2002928966632_Node0_Node8_Zero was a dupe; retransmit: 0, pkt_enqueue_time=2005975985843.0117, pkt_dequeue_time=2005975985843.0117, forwarded_or_dropped=1, reason_for_drop='Expiry'
DUPE: 2002775975175_Node0_Node8_Zero, Node1 id 2002775975175_Node0_Node8_Zero was a dupe; retransmit: 0, pkt_enqueue_time=2005978925497.5571, pkt_dequeue_time=2005978925497.5571, forwarded_or_dropped=1, reason_for_drop='Expiry'
DUPE: 2002606568226_Node0_Node8_Zero, Node1 id 2002606568226_Node0_Node8_Zero was a dupe; retransmit: 0, pkt_enqueue_time=2005981865152.1025, pkt_dequeue_time=2005981865152.1025, forwarded_or_dropped=1, reason_for_drop='Expiry'
main.py: Progress: 2006 / 2014

rf.py: Time: 2006 Route details: {0: {'Route': [0, 1, 2, 3, 4, 5, 6, 7, 8], 'MCS_Index': [0, 0, 0, 0, 0, 0, 0, 0], 'Priority': 1, 'ValidRoute': True, 'HQRoute': True, 'RouteNodeDensity': [0, 0, 0, 0, 0, 0, 0, 0, 0], 'InterferingLinks': 16, 'Target': (-1, -1)}}
DUPE: 2003005445532_Node0_Node8_Zero, Node1 id 2003005445532_Node0_Node8_Zero was a dupe; retransmit: 0, pkt_enqueue_time=2006042340856.829, pkt_dequeue_time=2006042340856.829, forwarded_or_dropped=1, reason_for_drop='Expiry'
DUPE: 2002355211875_Node0_Node8_Zero, Node1 id 2002355211875_Node0_Node8_Zero was a dupe; retransmit: 0, pkt_enqueue_time=2006045280511.3745, pkt_dequeue_time=2006045280511.3745, forwarded_or_dropped=1, reason_for_drop='Expiry'
DUPE: 2002847013404_Node0_Node8_Zero, Node1 id 2002847013404_Node0_Node8_Zero was a dupe; retransmit: 0, pkt_enqueue_time=2006048240165.92, pkt_dequeue_time=2006048240165.92, forwarded_or_dropped=1, reason_for_drop='Expiry'
DUPE: 2002437169573_Node0_Node8_Zero, Node1 id 2002437169573_Node0_Node8_Zero was a dupe; retransmit: 0, pkt_enqueue_time=2006093017943.374, pkt_dequeue_time=2006093017943.374, forwarded_or_dropped=1, reason_for_drop='Expiry'
DUPE: 2002420773840_Node0_Node8_Zero, Node1 id 2002420773840_Node0_Node8_Zero was a dupe; retransmit: 0, pkt_enqueue_time=2006095977597.9194, pkt_dequeue_time=2006095977597.9194, forwarded_or_dropped=1, reason_for_drop='Expiry'
DUPE: 2002415312296_Node0_Node8_Zero, Node1 id 2002415312296_Node0_Node8_Zero was a dupe; retransmit: 0, pkt_enqueue_time=2006098937252.4648, pkt_dequeue_time=2006098937252.4648, forwarded_or_dropped=1, reason_for_drop='Expiry'
DUPE: 2002409844261_Node0_Node8_Zero, Node1 id 2002409844261_Node0_Node8_Zero was a dupe; retransmit: 0, pkt_enqueue_time=2006101916907.0103, pkt_dequeue_time=2006101916907.0103, forwarded_or_dropped=1, reason_for_drop='Expiry'
DUPE: 2002814227151_Node0_Node8_Zero, Node1 id 2002814227151_Node0_Node8_Zero was a dupe; retransmit: 0, pkt_enqueue_time=2006104896561.5557, pkt_dequeue_time=2006104896561.5557, forwarded_or_dropped=1, reason_for_drop='Expiry'
DUPE: 2002759571980_Node0_Node8_Zero, Node1 id 2002759571980_Node0_Node8_Zero was a dupe; retransmit: 0, pkt_enqueue_time=2006107876216.101, pkt_dequeue_time=2006107876216.101, forwarded_or_dropped=1, reason_for_drop='Expiry'
DUPE: 2002956275070_Node0_Node8_Zero, Node1 id 2002956275070_Node0_Node8_Zero was a dupe; retransmit: 0, pkt_enqueue_time=2006134220324.4644, pkt_dequeue_time=2006134220324.4644, forwarded_or_dropped=1, reason_for_drop='Expiry'
DUPE: 2002338820513_Node0_Node8_Zero, Node1 id 2002338820513_Node0_Node8_Zero was a dupe; retransmit: 0, pkt_enqueue_time=2006137219979.0098, pkt_dequeue_time=2006137219979.0098, forwarded_or_dropped=1, reason_for_drop='Expiry'
DUPE: 2002322421877_Node0_Node8_Zero, Node1 id 2002322421877_Node0_Node8_Zero was a dupe; retransmit: 0, pkt_enqueue_time=2006140219633.5552, pkt_dequeue_time=2006140219633.5552, forwarded_or_dropped=1, reason_for_drop='Expiry'
DUPE: 2002743184235_Node0_Node8_Zero, Node1 id 2002743184235_Node0_Node8_Zero was a dupe; retransmit: 0, pkt_enqueue_time=2006143219288.1006, pkt_dequeue_time=2006143219288.1006, forwarded_or_dropped=1, reason_for_drop='Expiry'
DUPE: 2003120210641_Node0_Node8_Zero, Node1 id 2003120210641_Node0_Node8_Zero was a dupe; retransmit: 0, pkt_enqueue_time=2006194669157.191, pkt_dequeue_time=2006194669157.191, forwarded_or_dropped=1, reason_for_drop='Expiry'
DUPE: 2003071018994_Node0_Node8_Zero, Node1 id 2003071018994_Node0_Node8_Zero was a dupe; retransmit: 0, pkt_enqueue_time=2006197668811.7363, pkt_dequeue_time=2006197668811.7363, forwarded_or_dropped=1, reason_for_drop='Expiry'
DUPE: 2003049167138_Node0_Node8_Zero, Node1 id 2003049167138_Node0_Node8_Zero was a dupe; retransmit: 0, pkt_enqueue_time=2006200688466.2817, pkt_dequeue_time=2006200688466.2817, forwarded_or_dropped=1, reason_for_drop='Expiry'
DUPE: 2003169378823_Node0_Node8_Zero, Node1 id 2003169378823_Node0_Node8_Zero was a dupe; retransmit: 0, pkt_enqueue_time=2006239679717.1904, pkt_dequeue_time=2006239679717.1904, forwarded_or_dropped=1, reason_for_drop='Expiry'
DUPE: 2003147525742_Node0_Node8_Zero, Node1 id 2003147525742_Node0_Node8_Zero was a dupe; retransmit: 0, pkt_enqueue_time=2006242719371.7358, pkt_dequeue_time=2006242719371.7358, forwarded_or_dropped=1, reason_for_drop='Expiry'
DUPE: 2003016376006_Node0_Node8_Zero, Node1 id 2003016376006_Node0_Node8_Zero was a dupe; retransmit: 0, pkt_enqueue_time=2006277896878.6445, pkt_dequeue_time=2006277896878.6445, forwarded_or_dropped=1, reason_for_drop='Expiry'
DUPE: 2002950813856_Node0_Node8_Zero, Node1 id 2002950813856_Node0_Node8_Zero was a dupe; retransmit: 0, pkt_enqueue_time=2006280956533.19, pkt_dequeue_time=2006280956533.19, forwarded_or_dropped=1, reason_for_drop='Expiry'
DUPE: 2002426242929_Node0_Node8_Zero, Node1 id 2002426242929_Node0_Node8_Zero was a dupe; retransmit: 0, pkt_enqueue_time=2006284016187.7354, pkt_dequeue_time=2006284016187.7354, forwarded_or_dropped=1, reason_for_drop='Expiry'
DUPE: 2002786900115_Node0_Node8_Zero, Node1 id 2002786900115_Node0_Node8_Zero was a dupe; retransmit: 0, pkt_enqueue_time=2006287075842.2808, pkt_dequeue_time=2006287075842.2808, forwarded_or_dropped=1, reason_for_drop='Expiry'
DUPE: 2002726800448_Node0_Node8_Zero, Node1 id 2002726800448_Node0_Node8_Zero was a dupe; retransmit: 0, pkt_enqueue_time=2006290135496.8262, pkt_dequeue_time=2006290135496.8262, forwarded_or_dropped=1, reason_for_drop='Expiry'
DUPE: 2003065558803_Node0_Node8_Zero, Node1 id 2003065558803_Node0_Node8_Zero was a dupe; retransmit: 0, pkt_enqueue_time=2006319446477.1895, pkt_dequeue_time=2006319446477.1895, forwarded_or_dropped=1, reason_for_drop='Expiry'
DUPE: 2002945354103_Node0_Node8_Zero, Node1 id 2002945354103_Node0_Node8_Zero was a dupe; retransmit: 0, pkt_enqueue_time=2006322526131.7349, pkt_dequeue_time=2006322526131.7349, forwarded_or_dropped=1, reason_for_drop='Expiry'
DUPE: 2002475422514_Node0_Node8_Zero, Node1 id 2002475422514_Node0_Node8_Zero was a dupe; retransmit: 0, pkt_enqueue_time=2006325605786.2803, pkt_dequeue_time=2006325605786.2803, forwarded_or_dropped=1, reason_for_drop='Expiry'
DUPE: 2002590167159_Node0_Node8_Zero, Node1 id 2002590167159_Node0_Node8_Zero was a dupe; retransmit: 0, pkt_enqueue_time=2006328685440.8257, pkt_dequeue_time=2006328685440.8257, forwarded_or_dropped=1, reason_for_drop='Expiry'
DUPE: 2003289582025_Node0_Node8_Zero, Node1 id 2003289582025_Node0_Node8_Zero was a dupe; retransmit: 0, pkt_enqueue_time=2006350110240.0981, pkt_dequeue_time=2006350110240.0981, forwarded_or_dropped=1, reason_for_drop='Expiry'
DUPE: 2002557374405_Node0_Node8_Zero, Node1 id 2002557374405_Node0_Node8_Zero was a dupe; retransmit: 0, pkt_enqueue_time=2006353209894.6436, pkt_dequeue_time=2006353209894.6436, forwarded_or_dropped=1, reason_for_drop='Expiry'
DUPE: 2002382530973_Node0_Node8_Zero, Node1 id 2002382530973_Node0_Node8_Zero was a dupe; retransmit: 0, pkt_enqueue_time=2006356309549.189, pkt_dequeue_time=2006356309549.189, forwarded_or_dropped=1, reason_for_drop='Expiry'
DUPE: 2002240465251_Node0_Node8_Zero, Node1 id 2002240465251_Node0_Node8_Zero was a dupe; retransmit: 0, pkt_enqueue_time=2006359409203.7344, pkt_dequeue_time=2006359409203.7344, forwarded_or_dropped=1, reason_for_drop='Expiry'
DUPE: 2002836084194_Node0_Node8_Zero, Node1 id 2002836084194_Node0_Node8_Zero was a dupe; retransmit: 0, pkt_enqueue_time=2006362508858.2798, pkt_dequeue_time=2006362508858.2798, forwarded_or_dropped=1, reason_for_drop='Expiry'
DUPE: 2002732260043_Node0_Node8_Zero, Node1 id 2002732260043_Node0_Node8_Zero was a dupe; retransmit: 0, pkt_enqueue_time=2006365608512.8252, pkt_dequeue_time=2006365608512.8252, forwarded_or_dropped=1, reason_for_drop='Expiry'
DUPE: 2002704932852_Node0_Node8_Zero, Node1 id 2002704932852_Node0_Node8_Zero was a dupe; retransmit: 0, pkt_enqueue_time=2006368708167.3706, pkt_dequeue_time=2006368708167.3706, forwarded_or_dropped=1, reason_for_drop='Expiry'
DUPE: 2002699468433_Node0_Node8_Zero, Node1 id 2002699468433_Node0_Node8_Zero was a dupe; retransmit: 0, pkt_enqueue_time=2006371807821.916, pkt_dequeue_time=2006371807821.916, forwarded_or_dropped=1, reason_for_drop='Expiry'
DUPE: 2002595634340_Node0_Node8_Zero, Node1 id 2002595634340_Node0_Node8_Zero was a dupe; retransmit: 0, pkt_enqueue_time=2006405511239.37, pkt_dequeue_time=2006405511239.37, forwarded_or_dropped=1, reason_for_drop='Expiry'
DUPE: 2002486356364_Node0_Node8_Zero, Node1 id 2002486356364_Node0_Node8_Zero was a dupe; retransmit: 0, pkt_enqueue_time=2006423596384.0972, pkt_dequeue_time=2006423596384.0972, forwarded_or_dropped=1, reason_for_drop='Expiry'
DUPE: 2002644820283_Node0_Node8_Zero, Node1 id 2002644820283_Node0_Node8_Zero was a dupe; retransmit: 0, pkt_enqueue_time=2006429935693.188, pkt_dequeue_time=2006429935693.188, forwarded_or_dropped=1, reason_for_drop='Expiry'
DUPE: 2002562838064_Node0_Node8_Zero, Node1 id 2002562838064_Node0_Node8_Zero was a dupe; retransmit: 0, pkt_enqueue_time=2006452233275.0059, pkt_dequeue_time=2006452233275.0059, forwarded_or_dropped=1, reason_for_drop='Expiry'
DUPE: 2002683078071_Node0_Node8_Zero, Node1 id 2002683078071_Node0_Node8_Zero was a dupe; retransmit: 0, pkt_enqueue_time=2006469705637.1875, pkt_dequeue_time=2006469705637.1875, forwarded_or_dropped=1, reason_for_drop='Expiry'
DUPE: 2003284122465_Node0_Node8_Zero, Node1 id 2003284122465_Node0_Node8_Zero was a dupe; retransmit: 0, pkt_enqueue_time=2006485051127.3691, pkt_dequeue_time=2006485051127.3691, forwarded_or_dropped=1, reason_for_drop='Expiry'
DUPE: 2003081951389_Node0_Node8_Zero, Node1 id 2003081951389_Node0_Node8_Zero was a dupe; retransmit: 0, pkt_enqueue_time=2006488290781.9146, pkt_dequeue_time=2006488290781.9146, forwarded_or_dropped=1, reason_for_drop='Expiry'
DUPE: 2002306036959_Node0_Node8_Zero, Node1 id 2002306036959_Node0_Node8_Zero was a dupe; retransmit: 0, pkt_enqueue_time=2006491530436.46, pkt_dequeue_time=2006491530436.46, forwarded_or_dropped=1, reason_for_drop='Expiry'
DUPE: 2002754106694_Node0_Node8_Zero, Node1 id 2002754106694_Node0_Node8_Zero was a dupe; retransmit: 0, pkt_enqueue_time=2006494790091.0054, pkt_dequeue_time=2006494790091.0054, forwarded_or_dropped=1, reason_for_drop='Expiry'
DUPE: 2003377013086_Node0_Node8_Zero, Node1 id 2003377013086_Node0_Node8_Zero was a dupe; retransmit: 0, pkt_enqueue_time=2006515882107.7324, pkt_dequeue_time=2006515882107.7324, forwarded_or_dropped=1, reason_for_drop='Expiry'
DUPE: 2002497279506_Node0_Node8_Zero, Node1 id 2002497279506_Node0_Node8_Zero was a dupe; retransmit: 0, pkt_enqueue_time=2006519181762.2778, pkt_dequeue_time=2006519181762.2778, forwarded_or_dropped=1, reason_for_drop='Expiry'
DUPE: 2002360676191_Node0_Node8_Zero, Node1 id 2002360676191_Node0_Node8_Zero was a dupe; retransmit: 0, pkt_enqueue_time=2006522481416.8232, pkt_dequeue_time=2006522481416.8232, forwarded_or_dropped=1, reason_for_drop='Expiry'
DUPE: 2002344284478_Node0_Node8_Zero, Node1 id 2002344284478_Node0_Node8_Zero was a dupe; retransmit: 0, pkt_enqueue_time=2006525781071.3687, pkt_dequeue_time=2006525781071.3687, forwarded_or_dropped=1, reason_for_drop='Expiry'
DUPE: 2002852477768_Node0_Node8_Zero, Node1 id 2002852477768_Node0_Node8_Zero was a dupe; retransmit: 0, pkt_enqueue_time=2006529100725.914, pkt_dequeue_time=2006529100725.914, forwarded_or_dropped=1, reason_for_drop='Expiry'
DUPE: 2002770507589_Node0_Node8_Zero, Node1 id 2002770507589_Node0_Node8_Zero was a dupe; retransmit: 0, pkt_enqueue_time=2006532420380.4595, pkt_dequeue_time=2006532420380.4595, forwarded_or_dropped=1, reason_for_drop='Expiry'
DUPE: 2003393415502_Node0_Node8_Zero, Node1 id 2003393415502_Node0_Node8_Zero was a dupe; retransmit: 0, pkt_enqueue_time=2006556159269.1865, pkt_dequeue_time=2006556159269.1865, forwarded_or_dropped=1, reason_for_drop='Expiry'
DUPE: 2002502742840_Node0_Node8_Zero, Node1 id 2002502742840_Node0_Node8_Zero was a dupe; retransmit: 0, pkt_enqueue_time=2006559498923.732, pkt_dequeue_time=2006559498923.732, forwarded_or_dropped=1, reason_for_drop='Expiry'
DUPE: 2003568273123_Node0_Node8_Zero, Node1 id 2003568273123_Node0_Node8_Zero was a dupe; retransmit: 0, pkt_enqueue_time=2006572917541.9136, pkt_dequeue_time=2006572917541.9136, forwarded_or_dropped=1, reason_for_drop='Expiry'
DUPE: 2002978124712_Node0_Node8_Zero, Node1 id 2002978124712_Node0_Node8_Zero was a dupe; retransmit: 0, pkt_enqueue_time=2006576277196.459, pkt_dequeue_time=2006576277196.459, forwarded_or_dropped=1, reason_for_drop='Expiry'
DUPE: 2002890730916_Node0_Node8_Zero, Node1 id 2002890730916_Node0_Node8_Zero was a dupe; retransmit: 0, pkt_enqueue_time=2006579636851.0044, pkt_dequeue_time=2006579636851.0044, forwarded_or_dropped=1, reason_for_drop='Expiry'
DUPE: 2002830619174_Node0_Node8_Zero, Node1 id 2002830619174_Node0_Node8_Zero was a dupe; retransmit: 0, pkt_enqueue_time=2006582996505.5498, pkt_dequeue_time=2006582996505.5498, forwarded_or_dropped=1, reason_for_drop='Expiry'
DUPE: 2002666680378_Node0_Node8_Zero, Node1 id 2002666680378_Node0_Node8_Zero was a dupe; retransmit: 0, pkt_enqueue_time=2006586356160.0952, pkt_dequeue_time=2006586356160.0952, forwarded_or_dropped=1, reason_for_drop='Expiry'
DUPE: 2003497236153_Node0_Node8_Zero, Node1 id 2003497236153_Node0_Node8_Zero was a dupe; retransmit: 0, pkt_enqueue_time=2006603815739.7314, pkt_dequeue_time=2006603815739.7314, forwarded_or_dropped=1, reason_for_drop='Expiry'
DUPE: 2003185774982_Node0_Node8_Zero, Node1 id 2003185774982_Node0_Node8_Zero was a dupe; retransmit: 0, pkt_enqueue_time=2006607195394.2769, pkt_dequeue_time=2006607195394.2769, forwarded_or_dropped=1, reason_for_drop='Expiry'
DUPE: 2003136601124_Node0_Node8_Zero, Node1 id 2003136601124_Node0_Node8_Zero was a dupe; retransmit: 0, pkt_enqueue_time=2006610575048.8223, pkt_dequeue_time=2006610575048.8223, forwarded_or_dropped=1, reason_for_drop='Expiry'
DUPE: 2002524594594_Node0_Node8_Zero, Node1 id 2002524594594_Node0_Node8_Zero was a dupe; retransmit: 0, pkt_enqueue_time=2006613954703.3677, pkt_dequeue_time=2006613954703.3677, forwarded_or_dropped=1, reason_for_drop='Expiry'
DUPE: 2002431702778_Node0_Node8_Zero, Node1 id 2002431702778_Node0_Node8_Zero was a dupe; retransmit: 0, pkt_enqueue_time=2006617334357.913, pkt_dequeue_time=2006617334357.913, forwarded_or_dropped=1, reason_for_drop='Expiry'
DUPE: 2003229493204_Node0_Node8_Zero, Node1 id 2003229493204_Node0_Node8_Zero was a dupe; retransmit: 0, pkt_enqueue_time=2006629720193.5493, pkt_dequeue_time=2006629720193.5493, forwarded_or_dropped=1, reason_for_drop='Expiry'
DUPE: 2003010912657_Node0_Node8_Zero, Node1 id 2003010912657_Node0_Node8_Zero was a dupe; retransmit: 0, pkt_enqueue_time=2006633139848.0947, pkt_dequeue_time=2006633139848.0947, forwarded_or_dropped=1, reason_for_drop='Expiry'
DUPE: 2002398919825_Node0_Node8_Zero, Node1 id 2002398919825_Node0_Node8_Zero was a dupe; retransmit: 0, pkt_enqueue_time=2006636559502.6401, pkt_dequeue_time=2006636559502.6401, forwarded_or_dropped=1, reason_for_drop='Expiry'
DUPE: 2002295109318_Node0_Node8_Zero, Node1 id 2002295109318_Node0_Node8_Zero was a dupe; retransmit: 0, pkt_enqueue_time=2006639979157.1855, pkt_dequeue_time=2006639979157.1855, forwarded_or_dropped=1, reason_for_drop='Expiry'
DUPE: 2002923502080_Node0_Node8_Zero, Node1 id 2002923502080_Node0_Node8_Zero was a dupe; retransmit: 0, pkt_enqueue_time=2006643398811.731, pkt_dequeue_time=2006643398811.731, forwarded_or_dropped=1, reason_for_drop='Expiry'
DUPE: 2003530025905_Node0_Node8_Zero, Node1 id 2003530025905_Node0_Node8_Zero was a dupe; retransmit: 0, pkt_enqueue_time=2006660144301.9126, pkt_dequeue_time=2006660144301.9126, forwarded_or_dropped=1, reason_for_drop='Expiry'
DUPE: 2003213105163_Node0_Node8_Zero, Node1 id 2003213105163_Node0_Node8_Zero was a dupe; retransmit: 0, pkt_enqueue_time=2006663583956.458, pkt_dequeue_time=2006663583956.458, forwarded_or_dropped=1, reason_for_drop='Expiry'
DUPE: 2003601068780_Node0_Node8_Zero, Node1 id 2003601068780_Node0_Node8_Zero was a dupe; retransmit: 0, pkt_enqueue_time=2006689550062.6396, pkt_dequeue_time=2006689550062.6396, forwarded_or_dropped=1, reason_for_drop='Expiry'
DUPE: 2003557342881_Node0_Node8_Zero, Node1 id 2003557342881_Node0_Node8_Zero was a dupe; retransmit: 0, pkt_enqueue_time=2006693009717.185, pkt_dequeue_time=2006693009717.185, forwarded_or_dropped=1, reason_for_drop='Expiry'
DUPE: 2003338759626_Node0_Node8_Zero, Node1 id 2003338759626_Node0_Node8_Zero was a dupe; retransmit: 0, pkt_enqueue_time=2006696469371.7305, pkt_dequeue_time=2006696469371.7305, forwarded_or_dropped=1, reason_for_drop='Expiry'
DUPE: 2003458982087_Node0_Node8_Zero, Node1 id 2003458982087_Node0_Node8_Zero was a dupe; retransmit: 0, pkt_enqueue_time=2006713814861.912, pkt_dequeue_time=2006713814861.912, forwarded_or_dropped=1, reason_for_drop='Expiry'
DUPE: 2003333294840_Node0_Node8_Zero, Node1 id 2003333294840_Node0_Node8_Zero was a dupe; retransmit: 0, pkt_enqueue_time=2006717314516.4575, pkt_dequeue_time=2006717314516.4575, forwarded_or_dropped=1, reason_for_drop='Expiry'
DUPE: 2003278658639_Node0_Node8_Zero, Node1 id 2003278658639_Node0_Node8_Zero was a dupe; retransmit: 0, pkt_enqueue_time=2006720814171.003, pkt_dequeue_time=2006720814171.003, forwarded_or_dropped=1, reason_for_drop='Expiry'
DUPE: 2003032770153_Node0_Node8_Zero, Node1 id 2003032770153_Node0_Node8_Zero was a dupe; retransmit: 0, pkt_enqueue_time=2006724313825.5483, pkt_dequeue_time=2006724313825.5483, forwarded_or_dropped=1, reason_for_drop='Expiry'
DUPE: 2003666628355_Node0_Node8_Zero, Node1 id 2003666628355_Node0_Node8_Zero was a dupe; retransmit: 0, pkt_enqueue_time=2006739146533.1846, pkt_dequeue_time=2006739146533.1846, forwarded_or_dropped=1, reason_for_drop='Expiry'
DUPE: 2003453513138_Node0_Node8_Zero, Node1 id 2003453513138_Node0_Node8_Zero was a dupe; retransmit: 0, pkt_enqueue_time=2006742666187.73, pkt_dequeue_time=2006742666187.73, forwarded_or_dropped=1, reason_for_drop='Expiry'
DUPE: 2002961738937_Node0_Node8_Zero, Node1 id 2002961738937_Node0_Node8_Zero was a dupe; retransmit: 0, pkt_enqueue_time=2006746185842.2754, pkt_dequeue_time=2006746185842.2754, forwarded_or_dropped=1, reason_for_drop='Expiry'
DUPE: 2003486308480_Node0_Node8_Zero, Node1 id 2003486308480_Node0_Node8_Zero was a dupe; retransmit: 0, pkt_enqueue_time=2006756764805.9116, pkt_dequeue_time=2006756764805.9116, forwarded_or_dropped=1, reason_for_drop='Expiry'
DUPE: 2003409812861_Node0_Node8_Zero, Node1 id 2003409812861_Node0_Node8_Zero was a dupe; retransmit: 0, pkt_enqueue_time=2006760304460.457, pkt_dequeue_time=2006760304460.457, forwarded_or_dropped=1, reason_for_drop='Expiry'
DUPE: 2003180309510_Node0_Node8_Zero, Node1 id 2003180309510_Node0_Node8_Zero was a dupe; retransmit: 0, pkt_enqueue_time=2006763844115.0024, pkt_dequeue_time=2006763844115.0024, forwarded_or_dropped=1, reason_for_drop='Expiry'
DUPE: 2003693941536_Node0_Node8_Zero, Node1 id 2003693941536_Node0_Node8_Zero was a dupe; retransmit: 0, pkt_enqueue_time=2006788761696.8203, pkt_dequeue_time=2006788761696.8203, forwarded_or_dropped=1, reason_for_drop='Expiry'
DUPE: 2003327827664_Node0_Node8_Zero, Node1 id 2003327827664_Node0_Node8_Zero was a dupe; retransmit: 0, pkt_enqueue_time=2006792341351.3657, pkt_dequeue_time=2006792341351.3657, forwarded_or_dropped=1, reason_for_drop='Expiry'
DUPE: 2003158449586_Node0_Node8_Zero, Node1 id 2003158449586_Node0_Node8_Zero was a dupe; retransmit: 0, pkt_enqueue_time=2006795921005.9111, pkt_dequeue_time=2006795921005.9111, forwarded_or_dropped=1, reason_for_drop='Expiry'
DUPE: 2003038236488_Node0_Node8_Zero, Node1 id 2003038236488_Node0_Node8_Zero was a dupe; retransmit: 0, pkt_enqueue_time=2006799520660.4565, pkt_dequeue_time=2006799520660.4565, forwarded_or_dropped=1, reason_for_drop='Expiry'
DUPE: 2003781371184_Node0_Node8_Zero, Node1 id 2003781371184_Node0_Node8_Zero was a dupe; retransmit: 0, pkt_enqueue_time=2006806719969.5474, pkt_dequeue_time=2006806719969.5474, forwarded_or_dropped=1, reason_for_drop='Expiry'
DUPE: 2003677555803_Node0_Node8_Zero, Node1 id 2003677555803_Node0_Node8_Zero was a dupe; retransmit: 0, pkt_enqueue_time=2006810339624.0928, pkt_dequeue_time=2006810339624.0928, forwarded_or_dropped=1, reason_for_drop='Expiry'
DUPE: 2002874338757_Node0_Node8_Zero, Node1 id 2002874338757_Node0_Node8_Zero was a dupe; retransmit: 0, pkt_enqueue_time=2006813959278.6382, pkt_dequeue_time=2006813959278.6382, forwarded_or_dropped=1, reason_for_drop='Expiry'
DUPE: 2002633886554_Node0_Node8_Zero, Node1 id 2002633886554_Node0_Node8_Zero was a dupe; retransmit: 0, pkt_enqueue_time=2006817598933.1836, pkt_dequeue_time=2006817598933.1836, forwarded_or_dropped=1, reason_for_drop='Expiry'
DUPE: 2003349691047_Node0_Node8_Zero, Node1 id 2003349691047_Node0_Node8_Zero was a dupe; retransmit: 0, pkt_enqueue_time=2006828517896.8198, pkt_dequeue_time=2006828517896.8198, forwarded_or_dropped=1, reason_for_drop='Expiry'
DUPE: 2003590138477_Node0_Node8_Zero, Node1 id 2003590138477_Node0_Node8_Zero was a dupe; retransmit: 0, pkt_enqueue_time=2006846703387.0015, pkt_dequeue_time=2006846703387.0015, forwarded_or_dropped=1, reason_for_drop='Expiry'
DUPE: 2003502699159_Node0_Node8_Zero, Node1 id 2003502699159_Node0_Node8_Zero was a dupe; retransmit: 0, pkt_enqueue_time=2006850383041.5469, pkt_dequeue_time=2006850383041.5469, forwarded_or_dropped=1, reason_for_drop='Expiry'
DUPE: 2002972665010_Node0_Node8_Zero, Node1 id 2002972665010_Node0_Node8_Zero was a dupe; retransmit: 0, pkt_enqueue_time=2006854062696.0923, pkt_dequeue_time=2006854062696.0923, forwarded_or_dropped=1, reason_for_drop='Expiry'
DUPE: 2003256815528_Node0_Node8_Zero, Node1 id 2003256815528_Node0_Node8_Zero was a dupe; retransmit: 0, pkt_enqueue_time=2006870748186.274, pkt_dequeue_time=2006870748186.274, forwarded_or_dropped=1, reason_for_drop='Expiry'
DUPE: 2003234962230_Node0_Node8_Zero, Node1 id 2003234962230_Node0_Node8_Zero was a dupe; retransmit: 0, pkt_enqueue_time=2006874447840.8193, pkt_dequeue_time=2006874447840.8193, forwarded_or_dropped=1, reason_for_drop='Expiry'
DUPE: 2002491816143_Node0_Node8_Zero, Node1 id 2002491816143_Node0_Node8_Zero was a dupe; retransmit: 0, pkt_enqueue_time=2006878147495.3647, pkt_dequeue_time=2006878147495.3647, forwarded_or_dropped=1, reason_for_drop='Expiry'
DUPE: 2003808695194_Node0_Node8_Zero, Node1 id 2003808695194_Node0_Node8_Zero was a dupe; retransmit: 0, pkt_enqueue_time=2006899232640.0918, pkt_dequeue_time=2006899232640.0918, forwarded_or_dropped=1, reason_for_drop='Expiry'
DUPE: 2003043702253_Node0_Node8_Zero, Node1 id 2003043702253_Node0_Node8_Zero was a dupe; retransmit: 0, pkt_enqueue_time=2006902952294.6372, pkt_dequeue_time=2006902952294.6372, forwarded_or_dropped=1, reason_for_drop='Expiry'
DUPE: 2002841547871_Node0_Node8_Zero, Node1 id 2002841547871_Node0_Node8_Zero was a dupe; retransmit: 0, pkt_enqueue_time=2006906671949.1826, pkt_dequeue_time=2006906671949.1826, forwarded_or_dropped=1, reason_for_drop='Expiry'
DUPE: 2002765039853_Node0_Node8_Zero, Node1 id 2002765039853_Node0_Node8_Zero was a dupe; retransmit: 0, pkt_enqueue_time=2006910391603.728, pkt_dequeue_time=2006910391603.728, forwarded_or_dropped=1, reason_for_drop='Expiry'
DUPE: 2002327887555_Node0_Node8_Zero, Node1 id 2002327887555_Node0_Node8_Zero was a dupe; retransmit: 0, pkt_enqueue_time=2006940010147.0005, pkt_dequeue_time=2006940010147.0005, forwarded_or_dropped=1, reason_for_drop='Expiry'
DUPE: 2003797758710_Node0_Node8_Zero, Node1 id 2003797758710_Node0_Node8_Zero was a dupe; retransmit: 0, pkt_enqueue_time=2006961355291.7275, pkt_dequeue_time=2006961355291.7275, forwarded_or_dropped=1, reason_for_drop='Expiry'
DUPE: 2003699408880_Node0_Node8_Zero, Node1 id 2003699408880_Node0_Node8_Zero was a dupe; retransmit: 0, pkt_enqueue_time=2006965114946.273, pkt_dequeue_time=2006965114946.273, forwarded_or_dropped=1, reason_for_drop='Expiry'
DUPE: 2003196711462_Node0_Node8_Zero, Node1 id 2003196711462_Node0_Node8_Zero was a dupe; retransmit: 0, pkt_enqueue_time=2006968874600.8184, pkt_dequeue_time=2006968874600.8184, forwarded_or_dropped=1, reason_for_drop='Expiry'
DUPE: 2002688539425_Node0_Node8_Zero, Node1 id 2002688539425_Node0_Node8_Zero was a dupe; retransmit: 0, pkt_enqueue_time=2006972634255.3638, pkt_dequeue_time=2006972634255.3638, forwarded_or_dropped=1, reason_for_drop='Expiry'
DUPE: 2003420740996_Node0_Node8_Zero, Node1 id 2003420740996_Node0_Node8_Zero was a dupe; retransmit: 0, pkt_enqueue_time=2006987712873.5454, pkt_dequeue_time=2006987712873.5454, forwarded_or_dropped=1, reason_for_drop='Expiry'
DUPE: 2002316958731_Node0_Node8_Zero, Node1 id 2002316958731_Node0_Node8_Zero was a dupe; retransmit: 0, pkt_enqueue_time=2006991492528.0908, pkt_dequeue_time=2006991492528.0908, forwarded_or_dropped=1, reason_for_drop='Expiry'
DUPE: 2002803294495_Node0_Node8_Zero, Node1 id 2002803294495_Node0_Node8_Zero was a dupe; retransmit: 0, pkt_enqueue_time=2006995292182.6362, pkt_dequeue_time=2006995292182.6362, forwarded_or_dropped=1, reason_for_drop='Expiry'
main.py: Progress: 2007 / 2014

rf.py: Time: 2007 Route details: {0: {'Route': [0, 1, 2, 3, 4, 5, 6, 7, 8], 'MCS_Index': [0, 0, 0, 0, 0, 0, 0, 0], 'Priority': 1, 'ValidRoute': True, 'HQRoute': True, 'RouteNodeDensity': [0, 0, 0, 0, 0, 0, 0, 0, 0], 'InterferingLinks': 16, 'Target': (-1, -1)}}
DUPE: 2003775910559_Node0_Node8_Zero, Node1 id 2003775910559_Node0_Node8_Zero was a dupe; retransmit: 0, pkt_enqueue_time=2007010490800.8179, pkt_dequeue_time=2007010490800.8179, forwarded_or_dropped=1, reason_for_drop='Expiry'
DUPE: 2003704877858_Node0_Node8_Zero, Node1 id 2003704877858_Node0_Node8_Zero was a dupe; retransmit: 0, pkt_enqueue_time=2007014310455.3633, pkt_dequeue_time=2007014310455.3633, forwarded_or_dropped=1, reason_for_drop='Expiry'
DUPE: 2003322358330_Node0_Node8_Zero, Node1 id 2003322358330_Node0_Node8_Zero was a dupe; retransmit: 0, pkt_enqueue_time=2007018130109.9087, pkt_dequeue_time=2007018130109.9087, forwarded_or_dropped=1, reason_for_drop='Expiry'
DUPE: 2002464490103_Node0_Node8_Zero, Node1 id 2002464490103_Node0_Node8_Zero was a dupe; retransmit: 0, pkt_enqueue_time=2007021949764.454, pkt_dequeue_time=2007021949764.454, forwarded_or_dropped=1, reason_for_drop='Expiry'
DUPE: 2002715864047_Node0_Node8_Zero, Node1 id 2002715864047_Node0_Node8_Zero was a dupe; retransmit: 0, pkt_enqueue_time=2007025769418.9995, pkt_dequeue_time=2007025769418.9995, forwarded_or_dropped=1, reason_for_drop='Expiry'
DUPE: 2003950767702_Node0_Node8_Zero, Node1 id 2003950767702_Node0_Node8_Zero was a dupe; retransmit: 0, pkt_enqueue_time=2007033408728.0903, pkt_dequeue_time=2007033408728.0903, forwarded_or_dropped=1, reason_for_drop='Expiry'
DUPE: 2003852402295_Node0_Node8_Zero, Node1 id 2003852402295_Node0_Node8_Zero was a dupe; retransmit: 0, pkt_enqueue_time=2007037248382.6357, pkt_dequeue_time=2007037248382.6357, forwarded_or_dropped=1, reason_for_drop='Expiry'
DUPE: 2003131138663_Node0_Node8_Zero, Node1 id 2003131138663_Node0_Node8_Zero was a dupe; retransmit: 0, pkt_enqueue_time=2007041088037.1812, pkt_dequeue_time=2007041088037.1812, forwarded_or_dropped=1, reason_for_drop='Expiry'
DUPE: 2002677610648_Node0_Node8_Zero, Node1 id 2002677610648_Node0_Node8_Zero was a dupe; retransmit: 0, pkt_enqueue_time=2007044947691.7266, pkt_dequeue_time=2007044947691.7266, forwarded_or_dropped=1, reason_for_drop='Expiry'
DUPE: 2003890658828_Node0_Node8_Zero, Node1 id 2003890658828_Node0_Node8_Zero was a dupe; retransmit: 0, pkt_enqueue_time=2007048807346.272, pkt_dequeue_time=2007048807346.272, forwarded_or_dropped=1, reason_for_drop='Expiry'
DUPE: 2003683019609_Node0_Node8_Zero, Node1 id 2003683019609_Node0_Node8_Zero was a dupe; retransmit: 0, pkt_enqueue_time=2007052667000.8174, pkt_dequeue_time=2007052667000.8174, forwarded_or_dropped=1, reason_for_drop='Expiry'
DUPE: 2003415280490_Node0_Node8_Zero, Node1 id 2003415280490_Node0_Node8_Zero was a dupe; retransmit: 0, pkt_enqueue_time=2007056526655.3628, pkt_dequeue_time=2007056526655.3628, forwarded_or_dropped=1, reason_for_drop='Expiry'
DUPE: 2002300575421_Node0_Node8_Zero, Node1 id 2002300575421_Node0_Node8_Zero was a dupe; retransmit: 0, pkt_enqueue_time=2007060406309.9082, pkt_dequeue_time=2007060406309.9082, forwarded_or_dropped=1, reason_for_drop='Expiry'
DUPE: 2002879805164_Node0_Node8_Zero, Node1 id 2002879805164_Node0_Node8_Zero was a dupe; retransmit: 0, pkt_enqueue_time=2007064285964.4536, pkt_dequeue_time=2007064285964.4536, forwarded_or_dropped=1, reason_for_drop='Expiry'
DUPE: 2004054607747_Node0_Node8_Zero, Node1 id 2004054607747_Node0_Node8_Zero was a dupe; retransmit: 0, pkt_enqueue_time=2007082891454.6353, pkt_dequeue_time=2007082891454.6353, forwarded_or_dropped=1, reason_for_drop='Expiry'
DUPE: 2003442590576_Node0_Node8_Zero, Node1 id 2003442590576_Node0_Node8_Zero was a dupe; retransmit: 0, pkt_enqueue_time=2007086791109.1807, pkt_dequeue_time=2007086791109.1807, forwarded_or_dropped=1, reason_for_drop='Expiry'
DUPE: 2003202177382_Node0_Node8_Zero, Node1 id 2003202177382_Node0_Node8_Zero was a dupe; retransmit: 0, pkt_enqueue_time=2007090690763.726, pkt_dequeue_time=2007090690763.726, forwarded_or_dropped=1, reason_for_drop='Expiry'
DUPE: 2004016345962_Node0_Node8_Zero, Node1 id 2004016345962_Node0_Node8_Zero was a dupe; retransmit: 0, pkt_enqueue_time=2007102429727.3623, pkt_dequeue_time=2007102429727.3623, forwarded_or_dropped=1, reason_for_drop='Expiry'
DUPE: 2003841476380_Node0_Node8_Zero, Node1 id 2003841476380_Node0_Node8_Zero was a dupe; retransmit: 0, pkt_enqueue_time=2007106349381.9077, pkt_dequeue_time=2007106349381.9077, forwarded_or_dropped=1, reason_for_drop='Expiry'
DUPE: 2003398882784_Node0_Node8_Zero, Node1 id 2003398882784_Node0_Node8_Zero was a dupe; retransmit: 0, pkt_enqueue_time=2007110269036.4531, pkt_dequeue_time=2007110269036.4531, forwarded_or_dropped=1, reason_for_drop='Expiry'
DUPE: 2002530055603_Node0_Node8_Zero, Node1 id 2002530055603_Node0_Node8_Zero was a dupe; retransmit: 0, pkt_enqueue_time=2007114208690.9985, pkt_dequeue_time=2007114208690.9985, forwarded_or_dropped=1, reason_for_drop='Expiry'
DUPE: 2003524556727_Node0_Node8_Zero, Node1 id 2003524556727_Node0_Node8_Zero was a dupe; retransmit: 0, pkt_enqueue_time=2007133241398.6348, pkt_dequeue_time=2007133241398.6348, forwarded_or_dropped=1, reason_for_drop='Expiry'
DUPE: 2003098348780_Node0_Node8_Zero, Node1 id 2003098348780_Node0_Node8_Zero was a dupe; retransmit: 0, pkt_enqueue_time=2007137201053.1802, pkt_dequeue_time=2007137201053.1802, forwarded_or_dropped=1, reason_for_drop='Expiry'
DUPE: 2003803226288_Node0_Node8_Zero, Node1 id 2003803226288_Node0_Node8_Zero was a dupe; retransmit: 0, pkt_enqueue_time=2007141160707.7256, pkt_dequeue_time=2007141160707.7256, forwarded_or_dropped=1, reason_for_drop='Expiry'
DUPE: 2003628387803_Node0_Node8_Zero, Node1 id 2003628387803_Node0_Node8_Zero was a dupe; retransmit: 0, pkt_enqueue_time=2007145120362.271, pkt_dequeue_time=2007145120362.271, forwarded_or_dropped=1, reason_for_drop='Expiry'
DUPE: 2002612032071_Node0_Node8_Zero, Node1 id 2002612032071_Node0_Node8_Zero was a dupe; retransmit: 0, pkt_enqueue_time=2007149100016.8164, pkt_dequeue_time=2007149100016.8164, forwarded_or_dropped=1, reason_for_drop='Expiry'
DUPE: 2004147484594_Node0_Node8_Zero, Node1 id 2004147484594_Node0_Node8_Zero was a dupe; retransmit: 0, pkt_enqueue_time=2007163085852.4526, pkt_dequeue_time=2007163085852.4526, forwarded_or_dropped=1, reason_for_drop='Expiry'
DUPE: 2003857862895_Node0_Node8_Zero, Node1 id 2003857862895_Node0_Node8_Zero was a dupe; retransmit: 0, pkt_enqueue_time=2007167065506.998, pkt_dequeue_time=2007167065506.998, forwarded_or_dropped=1, reason_for_drop='Expiry'
DUPE: 2003770443141_Node0_Node8_Zero, Node1 id 2003770443141_Node0_Node8_Zero was a dupe; retransmit: 0, pkt_enqueue_time=2007171065161.5435, pkt_dequeue_time=2007171065161.5435, forwarded_or_dropped=1, reason_for_drop='Expiry'
DUPE: 2003300512072_Node0_Node8_Zero, Node1 id 2003300512072_Node0_Node8_Zero was a dupe; retransmit: 0, pkt_enqueue_time=2007175064816.0889, pkt_dequeue_time=2007175064816.0889, forwarded_or_dropped=1, reason_for_drop='Expiry'
DUPE: 2003245886588_Node0_Node8_Zero, Node1 id 2003245886588_Node0_Node8_Zero was a dupe; retransmit: 0, pkt_enqueue_time=2007179064470.6343, pkt_dequeue_time=2007179064470.6343, forwarded_or_dropped=1, reason_for_drop='Expiry'
DUPE: 2002513669595_Node0_Node8_Zero, Node1 id 2002513669595_Node0_Node8_Zero was a dupe; retransmit: 0, pkt_enqueue_time=2007183064125.1797, pkt_dequeue_time=2007183064125.1797, forwarded_or_dropped=1, reason_for_drop='Expiry'
DUPE: 2002896192361_Node0_Node8_Zero, Node1 id 2002896192361_Node0_Node8_Zero was a dupe; retransmit: 0, pkt_enqueue_time=2007212963013.9067, pkt_dequeue_time=2007212963013.9067, forwarded_or_dropped=1, reason_for_drop='Expiry'
DUPE: 2002792368809_Node0_Node8_Zero, Node1 id 2002792368809_Node0_Node8_Zero was a dupe; retransmit: 0, pkt_enqueue_time=2007216982668.4521, pkt_dequeue_time=2007216982668.4521, forwarded_or_dropped=1, reason_for_drop='Expiry'
DUPE: 2004076460113_Node0_Node8_Zero, Node1 id 2004076460113_Node0_Node8_Zero was a dupe; retransmit: 0, pkt_enqueue_time=2007229061632.0884, pkt_dequeue_time=2007229061632.0884, forwarded_or_dropped=1, reason_for_drop='Expiry'
DUPE: 2003617459232_Node0_Node8_Zero, Node1 id 2003617459232_Node0_Node8_Zero was a dupe; retransmit: 0, pkt_enqueue_time=2007233101286.6338, pkt_dequeue_time=2007233101286.6338, forwarded_or_dropped=1, reason_for_drop='Expiry'
DUPE: 2003562810997_Node0_Node8_Zero, Node1 id 2003562810997_Node0_Node8_Zero was a dupe; retransmit: 0, pkt_enqueue_time=2007237140941.1792, pkt_dequeue_time=2007237140941.1792, forwarded_or_dropped=1, reason_for_drop='Expiry'
DUPE: 2003464445470_Node0_Node8_Zero, Node1 id 2003464445470_Node0_Node8_Zero was a dupe; retransmit: 0, pkt_enqueue_time=2007241180595.7246, pkt_dequeue_time=2007241180595.7246, forwarded_or_dropped=1, reason_for_drop='Expiry'
DUPE: 2003360620771_Node0_Node8_Zero, Node1 id 2003360620771_Node0_Node8_Zero was a dupe; retransmit: 0, pkt_enqueue_time=2007245220250.27, pkt_dequeue_time=2007245220250.27, forwarded_or_dropped=1, reason_for_drop='Expiry'
DUPE: 2002655753916_Node0_Node8_Zero, Node1 id 2002655753916_Node0_Node8_Zero was a dupe; retransmit: 0, pkt_enqueue_time=2007249279904.8154, pkt_dequeue_time=2007249279904.8154, forwarded_or_dropped=1, reason_for_drop='Expiry'
DUPE: 2004131093508_Node0_Node8_Zero, Node1 id 2004131093508_Node0_Node8_Zero was a dupe; retransmit: 0, pkt_enqueue_time=2007253339559.3608, pkt_dequeue_time=2007253339559.3608, forwarded_or_dropped=1, reason_for_drop='Expiry'
DUPE: 2003836013197_Node0_Node8_Zero, Node1 id 2003836013197_Node0_Node8_Zero was a dupe; retransmit: 0, pkt_enqueue_time=2007257399213.9062, pkt_dequeue_time=2007257399213.9062, forwarded_or_dropped=1, reason_for_drop='Expiry'
DUPE: 2003480840919_Node0_Node8_Zero, Node1 id 2003480840919_Node0_Node8_Zero was a dupe; retransmit: 0, pkt_enqueue_time=2007261458868.4517, pkt_dequeue_time=2007261458868.4517, forwarded_or_dropped=1, reason_for_drop='Expiry'
DUPE: 2003475376986_Node0_Node8_Zero, Node1 id 2003475376986_Node0_Node8_Zero was a dupe; retransmit: 0, pkt_enqueue_time=2007265518522.997, pkt_dequeue_time=2007265518522.997, forwarded_or_dropped=1, reason_for_drop='Expiry'
DUPE: 2002994521797_Node0_Node8_Zero, Node1 id 2002994521797_Node0_Node8_Zero was a dupe; retransmit: 0, pkt_enqueue_time=2007269598177.5425, pkt_dequeue_time=2007269598177.5425, forwarded_or_dropped=1, reason_for_drop='Expiry'
DUPE: 2004098313019_Node0_Node8_Zero, Node1 id 2004098313019_Node0_Node8_Zero was a dupe; retransmit: 0, pkt_enqueue_time=2007285544013.1787, pkt_dequeue_time=2007285544013.1787, forwarded_or_dropped=1, reason_for_drop='Expiry'
DUPE: 2003661168832_Node0_Node8_Zero, Node1 id 2003661168832_Node0_Node8_Zero was a dupe; retransmit: 0, pkt_enqueue_time=2007289623667.724, pkt_dequeue_time=2007289623667.724, forwarded_or_dropped=1, reason_for_drop='Expiry'
DUPE: 2003262275955_Node0_Node8_Zero, Node1 id 2003262275955_Node0_Node8_Zero was a dupe; retransmit: 0, pkt_enqueue_time=2007293723322.2695, pkt_dequeue_time=2007293723322.2695, forwarded_or_dropped=1, reason_for_drop='Expiry'
DUPE: 2002546448104_Node0_Node8_Zero, Node1 id 2002546448104_Node0_Node8_Zero was a dupe; retransmit: 0, pkt_enqueue_time=2007297822976.815, pkt_dequeue_time=2007297822976.815, forwarded_or_dropped=1, reason_for_drop='Expiry'
DUPE: 2004229460461_Node0_Node8_Zero, Node1 id 2004229460461_Node0_Node8_Zero was a dupe; retransmit: 0, pkt_enqueue_time=2007306022285.9058, pkt_dequeue_time=2007306022285.9058, forwarded_or_dropped=1, reason_for_drop='Expiry'
DUPE: 2004114703960_Node0_Node8_Zero, Node1 id 2004114703960_Node0_Node8_Zero was a dupe; retransmit: 0, pkt_enqueue_time=2007310121940.4512, pkt_dequeue_time=2007310121940.4512, forwarded_or_dropped=1, reason_for_drop='Expiry'
DUPE: 2003819622527_Node0_Node8_Zero, Node1 id 2003819622527_Node0_Node8_Zero was a dupe; retransmit: 0, pkt_enqueue_time=2007314241594.9966, pkt_dequeue_time=2007314241594.9966, forwarded_or_dropped=1, reason_for_drop='Expiry'
DUPE: 2003491772031_Node0_Node8_Zero, Node1 id 2003491772031_Node0_Node8_Zero was a dupe; retransmit: 0, pkt_enqueue_time=2007318361249.542, pkt_dequeue_time=2007318361249.542, forwarded_or_dropped=1, reason_for_drop='Expiry'
DUPE: 2003060090193_Node0_Node8_Zero, Node1 id 2003060090193_Node0_Node8_Zero was a dupe; retransmit: 0, pkt_enqueue_time=2007322480904.0874, pkt_dequeue_time=2007322480904.0874, forwarded_or_dropped=1, reason_for_drop='Expiry'
DUPE: 2004278640602_Node0_Node8_Zero, Node1 id 2004278640602_Node0_Node8_Zero was a dupe; retransmit: 0, pkt_enqueue_time=2007345533266.269, pkt_dequeue_time=2007345533266.269, forwarded_or_dropped=1, reason_for_drop='Expiry'
DUPE: 2004245858993_Node0_Node8_Zero, Node1 id 2004245858993_Node0_Node8_Zero was a dupe; retransmit: 0, pkt_enqueue_time=2007349672920.8145, pkt_dequeue_time=2007349672920.8145, forwarded_or_dropped=1, reason_for_drop='Expiry'
DUPE: 2003961696966_Node0_Node8_Zero, Node1 id 2003961696966_Node0_Node8_Zero was a dupe; retransmit: 0, pkt_enqueue_time=2007353812575.3599, pkt_dequeue_time=2007353812575.3599, forwarded_or_dropped=1, reason_for_drop='Expiry'
DUPE: 2004316898402_Node0_Node8_Zero, Node1 id 2004316898402_Node0_Node8_Zero was a dupe; retransmit: 0, pkt_enqueue_time=2007368998410.996, pkt_dequeue_time=2007368998410.996, forwarded_or_dropped=1, reason_for_drop='Expiry'
DUPE: 2004005412769_Node0_Node8_Zero, Node1 id 2004005412769_Node0_Node8_Zero was a dupe; retransmit: 0, pkt_enqueue_time=2007373158065.5415, pkt_dequeue_time=2007373158065.5415, forwarded_or_dropped=1, reason_for_drop='Expiry'
DUPE: 2003934374917_Node0_Node8_Zero, Node1 id 2003934374917_Node0_Node8_Zero was a dupe; retransmit: 0, pkt_enqueue_time=2007377317720.087, pkt_dequeue_time=2007377317720.087, forwarded_or_dropped=1, reason_for_drop='Expiry'
DUPE: 2003644779689_Node0_Node8_Zero, Node1 id 2003644779689_Node0_Node8_Zero was a dupe; retransmit: 0, pkt_enqueue_time=2007381477374.6323, pkt_dequeue_time=2007381477374.6323, forwarded_or_dropped=1, reason_for_drop='Expiry'
DUPE: 2003404351339_Node0_Node8_Zero, Node1 id 2003404351339_Node0_Node8_Zero was a dupe; retransmit: 0, pkt_enqueue_time=2007385637029.1777, pkt_dequeue_time=2007385637029.1777, forwarded_or_dropped=1, reason_for_drop='Expiry'
DUPE: 2002617493394_Node0_Node8_Zero, Node1 id 2002617493394_Node0_Node8_Zero was a dupe; retransmit: 0, pkt_enqueue_time=2007389796683.7231, pkt_dequeue_time=2007389796683.7231, forwarded_or_dropped=1, reason_for_drop='Expiry'
DUPE: 2003896122600_Node0_Node8_Zero, Node1 id 2003896122600_Node0_Node8_Zero was a dupe; retransmit: 0, pkt_enqueue_time=2007393976338.2686, pkt_dequeue_time=2007393976338.2686, forwarded_or_dropped=1, reason_for_drop='Expiry'
DUPE: 2003650239632_Node0_Node8_Zero, Node1 id 2003650239632_Node0_Node8_Zero was a dupe; retransmit: 0, pkt_enqueue_time=2007398155992.814, pkt_dequeue_time=2007398155992.814, forwarded_or_dropped=1, reason_for_drop='Expiry'
DUPE: 2003163909353_Node0_Node8_Zero, Node1 id 2003163909353_Node0_Node8_Zero was a dupe; retransmit: 0, pkt_enqueue_time=2007402335647.3594, pkt_dequeue_time=2007402335647.3594, forwarded_or_dropped=1, reason_for_drop='Expiry'
DUPE: 2002393457617_Node0_Node8_Zero, Node1 id 2002393457617_Node0_Node8_Zero was a dupe; retransmit: 0, pkt_enqueue_time=2007406515301.9048, pkt_dequeue_time=2007406515301.9048, forwarded_or_dropped=1, reason_for_drop='Expiry'
DUPE: 2002808761030_Node0_Node8_Zero, Node1 id 2002808761030_Node0_Node8_Zero was a dupe; retransmit: 0, pkt_enqueue_time=2007410694956.4502, pkt_dequeue_time=2007410694956.4502, forwarded_or_dropped=1, reason_for_drop='Expiry'
DUPE: 2003469908523_Node0_Node8_Zero, Node1 id 2003469908523_Node0_Node8_Zero was a dupe; retransmit: 0, pkt_enqueue_time=2007421181137.541, pkt_dequeue_time=2007421181137.541, forwarded_or_dropped=1, reason_for_drop='Expiry'
DUPE: 2002819694739_Node0_Node8_Zero, Node1 id 2002819694739_Node0_Node8_Zero was a dupe; retransmit: 0, pkt_enqueue_time=2007425400792.0864, pkt_dequeue_time=2007425400792.0864, forwarded_or_dropped=1, reason_for_drop='Expiry'
DUPE: 2003917984511_Node0_Node8_Zero, Node1 id 2003917984511_Node0_Node8_Zero was a dupe; retransmit: 0, pkt_enqueue_time=2007429620446.6318, pkt_dequeue_time=2007429620446.6318, forwarded_or_dropped=1, reason_for_drop='Expiry'
DUPE: 2004284109001_Node0_Node8_Zero, Node1 id 2004284109001_Node0_Node8_Zero was a dupe; retransmit: 0, pkt_enqueue_time=2007444786282.268, pkt_dequeue_time=2007444786282.268, forwarded_or_dropped=1, reason_for_drop='Expiry'
DUPE: 2003584670506_Node0_Node8_Zero, Node1 id 2003584670506_Node0_Node8_Zero was a dupe; retransmit: 0, pkt_enqueue_time=2007449005936.8135, pkt_dequeue_time=2007449005936.8135, forwarded_or_dropped=1, reason_for_drop='Expiry'
DUPE: 2003382479149_Node0_Node8_Zero, Node1 id 2003382479149_Node0_Node8_Zero was a dupe; retransmit: 0, pkt_enqueue_time=2007453245591.359, pkt_dequeue_time=2007453245591.359, forwarded_or_dropped=1, reason_for_drop='Expiry'
DUPE: 2003311433424_Node0_Node8_Zero, Node1 id 2003311433424_Node0_Node8_Zero was a dupe; retransmit: 0, pkt_enqueue_time=2007457485245.9043, pkt_dequeue_time=2007457485245.9043, forwarded_or_dropped=1, reason_for_drop='Expiry'
DUPE: 2003142064306_Node0_Node8_Zero, Node1 id 2003142064306_Node0_Node8_Zero was a dupe; retransmit: 0, pkt_enqueue_time=2007461724900.4497, pkt_dequeue_time=2007461724900.4497, forwarded_or_dropped=1, reason_for_drop='Expiry'
DUPE: 2002721330972_Node0_Node8_Zero, Node1 id 2002721330972_Node0_Node8_Zero was a dupe; retransmit: 0, pkt_enqueue_time=2007465964554.995, pkt_dequeue_time=2007465964554.995, forwarded_or_dropped=1, reason_for_drop='Expiry'
DUPE: 2002584704487_Node0_Node8_Zero, Node1 id 2002584704487_Node0_Node8_Zero was a dupe; retransmit: 0, pkt_enqueue_time=2007470204209.5405, pkt_dequeue_time=2007470204209.5405, forwarded_or_dropped=1, reason_for_drop='Expiry'
DUPE: 2004404314637_Node0_Node8_Zero, Node1 id 2004404314637_Node0_Node8_Zero was a dupe; retransmit: 0, pkt_enqueue_time=2007474443864.086, pkt_dequeue_time=2007474443864.086, forwarded_or_dropped=1, reason_for_drop='Expiry'
DUPE: 2003879724124_Node0_Node8_Zero, Node1 id 2003879724124_Node0_Node8_Zero was a dupe; retransmit: 0, pkt_enqueue_time=2007478683518.6313, pkt_dequeue_time=2007478683518.6313, forwarded_or_dropped=1, reason_for_drop='Expiry'
DUPE: 2003305973306_Node0_Node8_Zero, Node1 id 2003305973306_Node0_Node8_Zero was a dupe; retransmit: 0, pkt_enqueue_time=2007482943173.1768, pkt_dequeue_time=2007482943173.1768, forwarded_or_dropped=1, reason_for_drop='Expiry'
DUPE: 2003224032756_Node0_Node8_Zero, Node1 id 2003224032756_Node0_Node8_Zero was a dupe; retransmit: 0, pkt_enqueue_time=2007487202827.7222, pkt_dequeue_time=2007487202827.7222, forwarded_or_dropped=1, reason_for_drop='Expiry'
DUPE: 2004273179026_Node0_Node8_Zero, Node1 id 2004273179026_Node0_Node8_Zero was a dupe; retransmit: 0, pkt_enqueue_time=2007491462482.2676, pkt_dequeue_time=2007491462482.2676, forwarded_or_dropped=1, reason_for_drop='Expiry'
DUPE: 2004092849393_Node0_Node8_Zero, Node1 id 2004092849393_Node0_Node8_Zero was a dupe; retransmit: 0, pkt_enqueue_time=2007495722136.813, pkt_dequeue_time=2007495722136.813, forwarded_or_dropped=1, reason_for_drop='Expiry'
DUPE: 2003994485625_Node0_Node8_Zero, Node1 id 2003994485625_Node0_Node8_Zero was a dupe; retransmit: 0, pkt_enqueue_time=2007500001791.3584, pkt_dequeue_time=2007500001791.3584, forwarded_or_dropped=1, reason_for_drop='Expiry'
DUPE: 2003983562880_Node0_Node8_Zero, Node1 id 2003983562880_Node0_Node8_Zero was a dupe; retransmit: 0, pkt_enqueue_time=2007504281445.9038, pkt_dequeue_time=2007504281445.9038, forwarded_or_dropped=1, reason_for_drop='Expiry'
DUPE: 2003027305761_Node0_Node8_Zero, Node1 id 2003027305761_Node0_Node8_Zero was a dupe; retransmit: 0, pkt_enqueue_time=2007508561100.4492, pkt_dequeue_time=2007508561100.4492, forwarded_or_dropped=1, reason_for_drop='Expiry'
DUPE: 2002907117361_Node0_Node8_Zero, Node1 id 2002907117361_Node0_Node8_Zero was a dupe; retransmit: 0, pkt_enqueue_time=2007512840754.9946, pkt_dequeue_time=2007512840754.9946, forwarded_or_dropped=1, reason_for_drop='Expiry'
main.py: Progress: 2008 / 2014

rf.py: Time: 2008 Route details: {0: {'Route': [0, 1, 2, 3, 4, 5, 6, 7, 8], 'MCS_Index': [0, 0, 0, 0, 0, 0, 0, 0], 'Priority': 1, 'ValidRoute': True, 'HQRoute': True, 'RouteNodeDensity': [0, 0, 0, 0, 0, 0, 0, 0, 0], 'InterferingLinks': 16, 'Target': (-1, -1)}}
main.py: Progress: 2009 / 2014

rf.py: Time: 2009 Route details: {0: {'Route': [0, 1, 2, 3, 4, 5, 6, 7, 8], 'MCS_Index': [0, 0, 0, 0, 0, 0, 0, 0], 'Priority': 1, 'ValidRoute': True, 'HQRoute': True, 'RouteNodeDensity': [0, 0, 0, 0, 0, 0, 0, 0, 0], 'InterferingLinks': 16, 'Target': (-1, -1)}}
main.py: Progress: 2010 / 2014

rf.py: Time: 2010 Route details: {0: {'Route': [0, 1, 2, 3, 4, 5, 6, 7, 8], 'MCS_Index': [0, 0, 0, 0, 0, 0, 0, 0], 'Priority': 1, 'ValidRoute': True, 'HQRoute': True, 'RouteNodeDensity': [0, 0, 0, 0, 0, 0, 0, 0, 0], 'InterferingLinks': 16, 'Target': (-1, -1)}}
node.py: Packet generation complete at node: Node0.
DUPE: 2007289605799_Node0_Node8_Zero, Node1 id 2007289605799_Node0_Node8_Zero was a dupe; retransmit: 0, pkt_enqueue_time=2010563258472.0273, pkt_dequeue_time=2010563258472.0273, forwarded_or_dropped=1, reason_for_drop='Expiry'
DUPE: 2006857885718_Node0_Node8_Zero, Node1 id 2006857885718_Node0_Node8_Zero was a dupe; retransmit: 0, pkt_enqueue_time=2010565418126.5728, pkt_dequeue_time=2010565418126.5728, forwarded_or_dropped=1, reason_for_drop='Expiry'
DUPE: 2006841487212_Node0_Node8_Zero, Node1 id 2006841487212_Node0_Node8_Zero was a dupe; retransmit: 0, pkt_enqueue_time=2010567577781.1182, pkt_dequeue_time=2010567577781.1182, forwarded_or_dropped=1, reason_for_drop='Expiry'
DUPE: 2006825096559_Node0_Node8_Zero, Node1 id 2006825096559_Node0_Node8_Zero was a dupe; retransmit: 0, pkt_enqueue_time=2010569737435.6636, pkt_dequeue_time=2010569737435.6636, forwarded_or_dropped=1, reason_for_drop='Expiry'
DUPE: 2006644790895_Node0_Node8_Zero, Node1 id 2006644790895_Node0_Node8_Zero was a dupe; retransmit: 0, pkt_enqueue_time=2010571897090.209, pkt_dequeue_time=2010571897090.209, forwarded_or_dropped=1, reason_for_drop='Expiry'
DUPE: 2006628393332_Node0_Node8_Zero, Node1 id 2006628393332_Node0_Node8_Zero was a dupe; retransmit: 0, pkt_enqueue_time=2010574056744.7544, pkt_dequeue_time=2010574056744.7544, forwarded_or_dropped=1, reason_for_drop='Expiry'
DUPE: 2006546418652_Node0_Node8_Zero, Node1 id 2006546418652_Node0_Node8_Zero was a dupe; retransmit: 0, pkt_enqueue_time=2010576216399.2998, pkt_dequeue_time=2010576216399.2998, forwarded_or_dropped=1, reason_for_drop='Expiry'
DUPE: 2006469910452_Node0_Node8_Zero, Node1 id 2006469910452_Node0_Node8_Zero was a dupe; retransmit: 0, pkt_enqueue_time=2010578376053.8452, pkt_dequeue_time=2010578376053.8452, forwarded_or_dropped=1, reason_for_drop='Expiry'
DUPE: 2006458989058_Node0_Node8_Zero, Node1 id 2006458989058_Node0_Node8_Zero was a dupe; retransmit: 0, pkt_enqueue_time=2010580535708.3906, pkt_dequeue_time=2010580535708.3906, forwarded_or_dropped=1, reason_for_drop='Expiry'
DUPE: 2006327835451_Node0_Node8_Zero, Node1 id 2006327835451_Node0_Node8_Zero was a dupe; retransmit: 0, pkt_enqueue_time=2010582695362.936, pkt_dequeue_time=2010582695362.936, forwarded_or_dropped=1, reason_for_drop='Expiry'
DUPE: 2006207622019_Node0_Node8_Zero, Node1 id 2006207622019_Node0_Node8_Zero was a dupe; retransmit: 0, pkt_enqueue_time=2010584855017.4814, pkt_dequeue_time=2010584855017.4814, forwarded_or_dropped=1, reason_for_drop='Expiry'
DUPE: 2006032761331_Node0_Node8_Zero, Node1 id 2006032761331_Node0_Node8_Zero was a dupe; retransmit: 0, pkt_enqueue_time=2010587014672.0269, pkt_dequeue_time=2010587014672.0269, forwarded_or_dropped=1, reason_for_drop='Expiry'
DUPE: 2005923467906_Node0_Node8_Zero, Node1 id 2005923467906_Node0_Node8_Zero was a dupe; retransmit: 0, pkt_enqueue_time=2010589174326.5723, pkt_dequeue_time=2010589174326.5723, forwarded_or_dropped=1, reason_for_drop='Expiry'
DUPE: 2005808715252_Node0_Node8_Zero, Node1 id 2005808715252_Node0_Node8_Zero was a dupe; retransmit: 0, pkt_enqueue_time=2010591333981.1177, pkt_dequeue_time=2010591333981.1177, forwarded_or_dropped=1, reason_for_drop='Expiry'
DUPE: 2005278646690_Node0_Node8_Zero, Node1 id 2005278646690_Node0_Node8_Zero was a dupe; retransmit: 0, pkt_enqueue_time=2010593493635.663, pkt_dequeue_time=2010593493635.663, forwarded_or_dropped=1, reason_for_drop='Expiry'
DUPE: 2005169370833_Node0_Node8_Zero, Node1 id 2005169370833_Node0_Node8_Zero was a dupe; retransmit: 0, pkt_enqueue_time=2010595653290.2085, pkt_dequeue_time=2010595653290.2085, forwarded_or_dropped=1, reason_for_drop='Expiry'
DUPE: 2005152979688_Node0_Node8_Zero, Node1 id 2005152979688_Node0_Node8_Zero was a dupe; retransmit: 0, pkt_enqueue_time=2010597812944.754, pkt_dequeue_time=2010597812944.754, forwarded_or_dropped=1, reason_for_drop='Expiry'
DUPE: 2005076490679_Node0_Node8_Zero, Node1 id 2005076490679_Node0_Node8_Zero was a dupe; retransmit: 0, pkt_enqueue_time=2010599972599.2993, pkt_dequeue_time=2010599972599.2993, forwarded_or_dropped=1, reason_for_drop='Expiry'
DUPE: 2004999988352_Node0_Node8_Zero, Node1 id 2004999988352_Node0_Node8_Zero was a dupe; retransmit: 0, pkt_enqueue_time=2010602132253.8447, pkt_dequeue_time=2010602132253.8447, forwarded_or_dropped=1, reason_for_drop='Expiry'
DUPE: 2004972667327_Node0_Node8_Zero, Node1 id 2004972667327_Node0_Node8_Zero was a dupe; retransmit: 0, pkt_enqueue_time=2010604291908.3901, pkt_dequeue_time=2010604291908.3901, forwarded_or_dropped=1, reason_for_drop='Expiry'
DUPE: 2007333323156_Node0_Node8_Zero, Node1 id 2007333323156_Node0_Node8_Zero was a dupe; retransmit: 0, pkt_enqueue_time=2010645459779.662, pkt_dequeue_time=2010645459779.662, forwarded_or_dropped=1, reason_for_drop='Expiry'
DUPE: 2007327863218_Node0_Node8_Zero, Node1 id 2007327863218_Node0_Node8_Zero was a dupe; retransmit: 0, pkt_enqueue_time=2010647639434.2075, pkt_dequeue_time=2010647639434.2075, forwarded_or_dropped=1, reason_for_drop='Expiry'
DUPE: 2007234958471_Node0_Node8_Zero, Node1 id 2007234958471_Node0_Node8_Zero was a dupe; retransmit: 0, pkt_enqueue_time=2010649819088.753, pkt_dequeue_time=2010649819088.753, forwarded_or_dropped=1, reason_for_drop='Expiry'
DUPE: 2007131134240_Node0_Node8_Zero, Node1 id 2007131134240_Node0_Node8_Zero was a dupe; retransmit: 0, pkt_enqueue_time=2010651998743.2983, pkt_dequeue_time=2010651998743.2983, forwarded_or_dropped=1, reason_for_drop='Expiry'
DUPE: 2007054629094_Node0_Node8_Zero, Node1 id 2007054629094_Node0_Node8_Zero was a dupe; retransmit: 0, pkt_enqueue_time=2010654178397.8438, pkt_dequeue_time=2010654178397.8438, forwarded_or_dropped=1, reason_for_drop='Expiry'
DUPE: 2006863351127_Node0_Node8_Zero, Node1 id 2006863351127_Node0_Node8_Zero was a dupe; retransmit: 0, pkt_enqueue_time=2010656358052.3892, pkt_dequeue_time=2010656358052.3892, forwarded_or_dropped=1, reason_for_drop='Expiry'
DUPE: 2006819635216_Node0_Node8_Zero, Node1 id 2006819635216_Node0_Node8_Zero was a dupe; retransmit: 0, pkt_enqueue_time=2010658537706.9346, pkt_dequeue_time=2010658537706.9346, forwarded_or_dropped=1, reason_for_drop='Expiry'
DUPE: 2006415270984_Node0_Node8_Zero, Node1 id 2006415270984_Node0_Node8_Zero was a dupe; retransmit: 0, pkt_enqueue_time=2010660717361.48, pkt_dequeue_time=2010660717361.48, forwarded_or_dropped=1, reason_for_drop='Expiry'
DUPE: 2006071018830_Node0_Node8_Zero, Node1 id 2006071018830_Node0_Node8_Zero was a dupe; retransmit: 0, pkt_enqueue_time=2010662897016.0254, pkt_dequeue_time=2010662897016.0254, forwarded_or_dropped=1, reason_for_drop='Expiry'
DUPE: 2006060090336_Node0_Node8_Zero, Node1 id 2006060090336_Node0_Node8_Zero was a dupe; retransmit: 0, pkt_enqueue_time=2010665076670.5708, pkt_dequeue_time=2010665076670.5708, forwarded_or_dropped=1, reason_for_drop='Expiry'
DUPE: 2005961732748_Node0_Node8_Zero, Node1 id 2005961732748_Node0_Node8_Zero was a dupe; retransmit: 0, pkt_enqueue_time=2010667256325.1162, pkt_dequeue_time=2010667256325.1162, forwarded_or_dropped=1, reason_for_drop='Expiry'
DUPE: 2005885226904_Node0_Node8_Zero, Node1 id 2005885226904_Node0_Node8_Zero was a dupe; retransmit: 0, pkt_enqueue_time=2010669435979.6616, pkt_dequeue_time=2010669435979.6616, forwarded_or_dropped=1, reason_for_drop='Expiry'
DUPE: 2005737674388_Node0_Node8_Zero, Node1 id 2005737674388_Node0_Node8_Zero was a dupe; retransmit: 0, pkt_enqueue_time=2010671615634.207, pkt_dequeue_time=2010671615634.207, forwarded_or_dropped=1, reason_for_drop='Expiry'
DUPE: 2005688510419_Node0_Node8_Zero, Node1 id 2005688510419_Node0_Node8_Zero was a dupe; retransmit: 0, pkt_enqueue_time=2010673795288.7524, pkt_dequeue_time=2010673795288.7524, forwarded_or_dropped=1, reason_for_drop='Expiry'
DUPE: 2005601086540_Node0_Node8_Zero, Node1 id 2005601086540_Node0_Node8_Zero was a dupe; retransmit: 0, pkt_enqueue_time=2010675974943.2979, pkt_dequeue_time=2010675974943.2979, forwarded_or_dropped=1, reason_for_drop='Expiry'
DUPE: 2005590154717_Node0_Node8_Zero, Node1 id 2005590154717_Node0_Node8_Zero was a dupe; retransmit: 0, pkt_enqueue_time=2010678154597.8433, pkt_dequeue_time=2010678154597.8433, forwarded_or_dropped=1, reason_for_drop='Expiry'
DUPE: 2005344202541_Node0_Node8_Zero, Node1 id 2005344202541_Node0_Node8_Zero was a dupe; retransmit: 0, pkt_enqueue_time=2010680334252.3887, pkt_dequeue_time=2010680334252.3887, forwarded_or_dropped=1, reason_for_drop='Expiry'
DUPE: 2005131129497_Node0_Node8_Zero, Node1 id 2005131129497_Node0_Node8_Zero was a dupe; retransmit: 0, pkt_enqueue_time=2010682513906.934, pkt_dequeue_time=2010682513906.934, forwarded_or_dropped=1, reason_for_drop='Expiry'
DUPE: 2005103812331_Node0_Node8_Zero, Node1 id 2005103812331_Node0_Node8_Zero was a dupe; retransmit: 0, pkt_enqueue_time=2010684693561.4795, pkt_dequeue_time=2010684693561.4795, forwarded_or_dropped=1, reason_for_drop='Expiry'
DUPE: 2005027311860_Node0_Node8_Zero, Node1 id 2005027311860_Node0_Node8_Zero was a dupe; retransmit: 0, pkt_enqueue_time=2010686873216.025, pkt_dequeue_time=2010686873216.025, forwarded_or_dropped=1, reason_for_drop='Expiry'
DUPE: 2005005448392_Node0_Node8_Zero, Node1 id 2005005448392_Node0_Node8_Zero was a dupe; retransmit: 0, pkt_enqueue_time=2010689052870.5703, pkt_dequeue_time=2010689052870.5703, forwarded_or_dropped=1, reason_for_drop='Expiry'
DUPE: 2007502691222_Node0_Node8_Zero, Node1 id 2007502691222_Node0_Node8_Zero was a dupe; retransmit: 0, pkt_enqueue_time=2010728453869.8423, pkt_dequeue_time=2010728453869.8423, forwarded_or_dropped=1, reason_for_drop='Expiry'
DUPE: 2007420749076_Node0_Node8_Zero, Node1 id 2007420749076_Node0_Node8_Zero was a dupe; retransmit: 0, pkt_enqueue_time=2010730653524.3877, pkt_dequeue_time=2010730653524.3877, forwarded_or_dropped=1, reason_for_drop='Expiry'
DUPE: 2007224034718_Node0_Node8_Zero, Node1 id 2007224034718_Node0_Node8_Zero was a dupe; retransmit: 0, pkt_enqueue_time=2010732853178.933, pkt_dequeue_time=2010732853178.933, forwarded_or_dropped=1, reason_for_drop='Expiry'
DUPE: 2007136593883_Node0_Node8_Zero, Node1 id 2007136593883_Node0_Node8_Zero was a dupe; retransmit: 0, pkt_enqueue_time=2010735052833.4785, pkt_dequeue_time=2010735052833.4785, forwarded_or_dropped=1, reason_for_drop='Expiry'
DUPE: 2007125666782_Node0_Node8_Zero, Node1 id 2007125666782_Node0_Node8_Zero was a dupe; retransmit: 0, pkt_enqueue_time=2010737252488.024, pkt_dequeue_time=2010737252488.024, forwarded_or_dropped=1, reason_for_drop='Expiry'
DUPE: 2007103816984_Node0_Node8_Zero, Node1 id 2007103816984_Node0_Node8_Zero was a dupe; retransmit: 0, pkt_enqueue_time=2010739452142.5693, pkt_dequeue_time=2010739452142.5693, forwarded_or_dropped=1, reason_for_drop='Expiry'
DUPE: 2007021832443_Node0_Node8_Zero, Node1 id 2007021832443_Node0_Node8_Zero was a dupe; retransmit: 0, pkt_enqueue_time=2010741651797.1147, pkt_dequeue_time=2010741651797.1147, forwarded_or_dropped=1, reason_for_drop='Expiry'
DUPE: 2006879753217_Node0_Node8_Zero, Node1 id 2006879753217_Node0_Node8_Zero was a dupe; retransmit: 0, pkt_enqueue_time=2010743851451.6602, pkt_dequeue_time=2010743851451.6602, forwarded_or_dropped=1, reason_for_drop='Expiry'
DUPE: 2006650256226_Node0_Node8_Zero, Node1 id 2006650256226_Node0_Node8_Zero was a dupe; retransmit: 0, pkt_enqueue_time=2010746051106.2056, pkt_dequeue_time=2010746051106.2056, forwarded_or_dropped=1, reason_for_drop='Expiry'
DUPE: 2006617462009_Node0_Node8_Zero, Node1 id 2006617462009_Node0_Node8_Zero was a dupe; retransmit: 0, pkt_enqueue_time=2010748250760.751, pkt_dequeue_time=2010748250760.751, forwarded_or_dropped=1, reason_for_drop='Expiry'
DUPE: 2006579208831_Node0_Node8_Zero, Node1 id 2006579208831_Node0_Node8_Zero was a dupe; retransmit: 0, pkt_enqueue_time=2010750450415.2964, pkt_dequeue_time=2010750450415.2964, forwarded_or_dropped=1, reason_for_drop='Expiry'
DUPE: 2006573748319_Node0_Node8_Zero, Node1 id 2006573748319_Node0_Node8_Zero was a dupe; retransmit: 0, pkt_enqueue_time=2010752650069.8418, pkt_dequeue_time=2010752650069.8418, forwarded_or_dropped=1, reason_for_drop='Expiry'
DUPE: 2006562816485_Node0_Node8_Zero, Node1 id 2006562816485_Node0_Node8_Zero was a dupe; retransmit: 0, pkt_enqueue_time=2010754849724.3872, pkt_dequeue_time=2010754849724.3872, forwarded_or_dropped=1, reason_for_drop='Expiry'
DUPE: 2006524563654_Node0_Node8_Zero, Node1 id 2006524563654_Node0_Node8_Zero was a dupe; retransmit: 0, pkt_enqueue_time=2010757049378.9326, pkt_dequeue_time=2010757049378.9326, forwarded_or_dropped=1, reason_for_drop='Expiry'
DUPE: 2006251344716_Node0_Node8_Zero, Node1 id 2006251344716_Node0_Node8_Zero was a dupe; retransmit: 0, pkt_enqueue_time=2010759249033.478, pkt_dequeue_time=2010759249033.478, forwarded_or_dropped=1, reason_for_drop='Expiry'
DUPE: 2006081943416_Node0_Node8_Zero, Node1 id 2006081943416_Node0_Node8_Zero was a dupe; retransmit: 0, pkt_enqueue_time=2010761448688.0234, pkt_dequeue_time=2010761448688.0234, forwarded_or_dropped=1, reason_for_drop='Expiry'
DUPE: 2005999984136_Node0_Node8_Zero, Node1 id 2005999984136_Node0_Node8_Zero was a dupe; retransmit: 0, pkt_enqueue_time=2010763648342.5688, pkt_dequeue_time=2010763648342.5688, forwarded_or_dropped=1, reason_for_drop='Expiry'
DUPE: 2005792326040_Node0_Node8_Zero, Node1 id 2005792326040_Node0_Node8_Zero was a dupe; retransmit: 0, pkt_enqueue_time=2010765847997.1143, pkt_dequeue_time=2010765847997.1143, forwarded_or_dropped=1, reason_for_drop='Expiry'
DUPE: 2005699436845_Node0_Node8_Zero, Node1 id 2005699436845_Node0_Node8_Zero was a dupe; retransmit: 0, pkt_enqueue_time=2010768047651.6597, pkt_dequeue_time=2010768047651.6597, forwarded_or_dropped=1, reason_for_drop='Expiry'
DUPE: 2005677579729_Node0_Node8_Zero, Node1 id 2005677579729_Node0_Node8_Zero was a dupe; retransmit: 0, pkt_enqueue_time=2010770247306.205, pkt_dequeue_time=2010770247306.205, forwarded_or_dropped=1, reason_for_drop='Expiry'
DUPE: 2005551898815_Node0_Node8_Zero, Node1 id 2005551898815_Node0_Node8_Zero was a dupe; retransmit: 0, pkt_enqueue_time=2010772446960.7505, pkt_dequeue_time=2010772446960.7505, forwarded_or_dropped=1, reason_for_drop='Expiry'
DUPE: 2005431662055_Node0_Node8_Zero, Node1 id 2005431662055_Node0_Node8_Zero was a dupe; retransmit: 0, pkt_enqueue_time=2010774646615.296, pkt_dequeue_time=2010774646615.296, forwarded_or_dropped=1, reason_for_drop='Expiry'
DUPE: 2005387930278_Node0_Node8_Zero, Node1 id 2005387930278_Node0_Node8_Zero was a dupe; retransmit: 0, pkt_enqueue_time=2010776846269.8413, pkt_dequeue_time=2010776846269.8413, forwarded_or_dropped=1, reason_for_drop='Expiry'
DUPE: 2005327816072_Node0_Node8_Zero, Node1 id 2005327816072_Node0_Node8_Zero was a dupe; retransmit: 0, pkt_enqueue_time=2010779045924.3867, pkt_dequeue_time=2010779045924.3867, forwarded_or_dropped=1, reason_for_drop='Expiry'
DUPE: 2005071023781_Node0_Node8_Zero, Node1 id 2005071023781_Node0_Node8_Zero was a dupe; retransmit: 0, pkt_enqueue_time=2010781245578.9321, pkt_dequeue_time=2010781245578.9321, forwarded_or_dropped=1, reason_for_drop='Expiry'
DUPE: 2004956269282_Node0_Node8_Zero, Node1 id 2004956269282_Node0_Node8_Zero was a dupe; retransmit: 0, pkt_enqueue_time=2010783445233.4775, pkt_dequeue_time=2010783445233.4775, forwarded_or_dropped=1, reason_for_drop='Expiry'
DUPE: 2004939871038_Node0_Node8_Zero, Node1 id 2004939871038_Node0_Node8_Zero was a dupe; retransmit: 0, pkt_enqueue_time=2010785644888.023, pkt_dequeue_time=2010785644888.023, forwarded_or_dropped=1, reason_for_drop='Expiry'
DUPE: 2007699424051_Node0_Node8_Zero, Node1 id 2007699424051_Node0_Node8_Zero was a dupe; retransmit: 0, pkt_enqueue_time=2010855558790.5674, pkt_dequeue_time=2010855558790.5674, forwarded_or_dropped=1, reason_for_drop='Expiry'
DUPE: 2007524553942_Node0_Node8_Zero, Node1 id 2007524553942_Node0_Node8_Zero was a dupe; retransmit: 0, pkt_enqueue_time=2010857778445.1128, pkt_dequeue_time=2010857778445.1128, forwarded_or_dropped=1, reason_for_drop='Expiry'
DUPE: 2007262282659_Node0_Node8_Zero, Node1 id 2007262282659_Node0_Node8_Zero was a dupe; retransmit: 0, pkt_enqueue_time=2010859998099.6582, pkt_dequeue_time=2010859998099.6582, forwarded_or_dropped=1, reason_for_drop='Expiry'
DUPE: 2007142059485_Node0_Node8_Zero, Node1 id 2007142059485_Node0_Node8_Zero was a dupe; retransmit: 0, pkt_enqueue_time=2010862217754.2036, pkt_dequeue_time=2010862217754.2036, forwarded_or_dropped=1, reason_for_drop='Expiry'
DUPE: 2006743135463_Node0_Node8_Zero, Node1 id 2006743135463_Node0_Node8_Zero was a dupe; retransmit: 0, pkt_enqueue_time=2010864437408.749, pkt_dequeue_time=2010864437408.749, forwarded_or_dropped=1, reason_for_drop='Expiry'
DUPE: 2006557348583_Node0_Node8_Zero, Node1 id 2006557348583_Node0_Node8_Zero was a dupe; retransmit: 0, pkt_enqueue_time=2010866657063.2944, pkt_dequeue_time=2010866657063.2944, forwarded_or_dropped=1, reason_for_drop='Expiry'
DUPE: 2006213089880_Node0_Node8_Zero, Node1 id 2006213089880_Node0_Node8_Zero was a dupe; retransmit: 0, pkt_enqueue_time=2010868876717.8398, pkt_dequeue_time=2010868876717.8398, forwarded_or_dropped=1, reason_for_drop='Expiry'
DUPE: 2006054630629_Node0_Node8_Zero, Node1 id 2006054630629_Node0_Node8_Zero was a dupe; retransmit: 0, pkt_enqueue_time=2010871096372.3853, pkt_dequeue_time=2010871096372.3853, forwarded_or_dropped=1, reason_for_drop='Expiry'
DUPE: 2006049167857_Node0_Node8_Zero, Node1 id 2006049167857_Node0_Node8_Zero was a dupe; retransmit: 0, pkt_enqueue_time=2010873316026.9307, pkt_dequeue_time=2010873316026.9307, forwarded_or_dropped=1, reason_for_drop='Expiry'
DUPE: 2006016364243_Node0_Node8_Zero, Node1 id 2006016364243_Node0_Node8_Zero was a dupe; retransmit: 0, pkt_enqueue_time=2010875535681.476, pkt_dequeue_time=2010875535681.476, forwarded_or_dropped=1, reason_for_drop='Expiry'
DUPE: 2005989060635_Node0_Node8_Zero, Node1 id 2005989060635_Node0_Node8_Zero was a dupe; retransmit: 0, pkt_enqueue_time=2010877755336.0215, pkt_dequeue_time=2010877755336.0215, forwarded_or_dropped=1, reason_for_drop='Expiry'
DUPE: 2005983592203_Node0_Node8_Zero, Node1 id 2005983592203_Node0_Node8_Zero was a dupe; retransmit: 0, pkt_enqueue_time=2010879974990.567, pkt_dequeue_time=2010879974990.567, forwarded_or_dropped=1, reason_for_drop='Expiry'
DUPE: 2005748609726_Node0_Node8_Zero, Node1 id 2005748609726_Node0_Node8_Zero was a dupe; retransmit: 0, pkt_enqueue_time=2010882194645.1123, pkt_dequeue_time=2010882194645.1123, forwarded_or_dropped=1, reason_for_drop='Expiry'
DUPE: 2005672116047_Node0_Node8_Zero, Node1 id 2005672116047_Node0_Node8_Zero was a dupe; retransmit: 0, pkt_enqueue_time=2010884414299.6577, pkt_dequeue_time=2010884414299.6577, forwarded_or_dropped=1, reason_for_drop='Expiry'
DUPE: 2005633871011_Node0_Node8_Zero, Node1 id 2005633871011_Node0_Node8_Zero was a dupe; retransmit: 0, pkt_enqueue_time=2010886633954.2031, pkt_dequeue_time=2010886633954.2031, forwarded_or_dropped=1, reason_for_drop='Expiry'
DUPE: 2005404323302_Node0_Node8_Zero, Node1 id 2005404323302_Node0_Node8_Zero was a dupe; retransmit: 0, pkt_enqueue_time=2010888853608.7485, pkt_dequeue_time=2010888853608.7485, forwarded_or_dropped=1, reason_for_drop='Expiry'
DUPE: 2005338742421_Node0_Node8_Zero, Node1 id 2005338742421_Node0_Node8_Zero was a dupe; retransmit: 0, pkt_enqueue_time=2010891073263.294, pkt_dequeue_time=2010891073263.294, forwarded_or_dropped=1, reason_for_drop='Expiry'
DUPE: 2005120203676_Node0_Node8_Zero, Node1 id 2005120203676_Node0_Node8_Zero was a dupe; retransmit: 0, pkt_enqueue_time=2010893292917.8394, pkt_dequeue_time=2010893292917.8394, forwarded_or_dropped=1, reason_for_drop='Expiry'
DUPE: 2004896156564_Node0_Node8_Zero, Node1 id 2004896156564_Node0_Node8_Zero was a dupe; retransmit: 0, pkt_enqueue_time=2010895512572.3848, pkt_dequeue_time=2010895512572.3848, forwarded_or_dropped=1, reason_for_drop='Expiry'
DUPE: 2007885201104_Node0_Node8_Zero, Node1 id 2007885201104_Node0_Node8_Zero was a dupe; retransmit: 0, pkt_enqueue_time=2010946540714.2021, pkt_dequeue_time=2010946540714.2021, forwarded_or_dropped=1, reason_for_drop='Expiry'
DUPE: 2007879737518_Node0_Node8_Zero, Node1 id 2007879737518_Node0_Node8_Zero was a dupe; retransmit: 0, pkt_enqueue_time=2010948780368.7476, pkt_dequeue_time=2010948780368.7476, forwarded_or_dropped=1, reason_for_drop='Expiry'
DUPE: 2007846955814_Node0_Node8_Zero, Node1 id 2007846955814_Node0_Node8_Zero was a dupe; retransmit: 0, pkt_enqueue_time=2010951020023.293, pkt_dequeue_time=2010951020023.293, forwarded_or_dropped=1, reason_for_drop='Expiry'
DUPE: 2007814168076_Node0_Node8_Zero, Node1 id 2007814168076_Node0_Node8_Zero was a dupe; retransmit: 0, pkt_enqueue_time=2010953259677.8384, pkt_dequeue_time=2010953259677.8384, forwarded_or_dropped=1, reason_for_drop='Expiry'
DUPE: 2007743132449_Node0_Node8_Zero, Node1 id 2007743132449_Node0_Node8_Zero was a dupe; retransmit: 0, pkt_enqueue_time=2010955499332.3838, pkt_dequeue_time=2010955499332.3838, forwarded_or_dropped=1, reason_for_drop='Expiry'
DUPE: 2007688496991_Node0_Node8_Zero, Node1 id 2007688496991_Node0_Node8_Zero was a dupe; retransmit: 0, pkt_enqueue_time=2010957738986.9292, pkt_dequeue_time=2010957738986.9292, forwarded_or_dropped=1, reason_for_drop='Expiry'
DUPE: 2007677570270_Node0_Node8_Zero, Node1 id 2007677570270_Node0_Node8_Zero was a dupe; retransmit: 0, pkt_enqueue_time=2010959978641.4746, pkt_dequeue_time=2010959978641.4746, forwarded_or_dropped=1, reason_for_drop='Expiry'
DUPE: 2007551879140_Node0_Node8_Zero, Node1 id 2007551879140_Node0_Node8_Zero was a dupe; retransmit: 0, pkt_enqueue_time=2010962218296.02, pkt_dequeue_time=2010962218296.02, forwarded_or_dropped=1, reason_for_drop='Expiry'
DUPE: 2007513621688_Node0_Node8_Zero, Node1 id 2007513621688_Node0_Node8_Zero was a dupe; retransmit: 0, pkt_enqueue_time=2010964457950.5654, pkt_dequeue_time=2010964457950.5654, forwarded_or_dropped=1, reason_for_drop='Expiry'
DUPE: 2007316936232_Node0_Node8_Zero, Node1 id 2007316936232_Node0_Node8_Zero was a dupe; retransmit: 0, pkt_enqueue_time=2010966697605.1108, pkt_dequeue_time=2010966697605.1108, forwarded_or_dropped=1, reason_for_drop='Expiry'
DUPE: 2007240425758_Node0_Node8_Zero, Node1 id 2007240425758_Node0_Node8_Zero was a dupe; retransmit: 0, pkt_enqueue_time=2010968937259.6562, pkt_dequeue_time=2010968937259.6562, forwarded_or_dropped=1, reason_for_drop='Expiry'
DUPE: 2006999971398_Node0_Node8_Zero, Node1 id 2006999971398_Node0_Node8_Zero was a dupe; retransmit: 0, pkt_enqueue_time=2010971176914.2017, pkt_dequeue_time=2010971176914.2017, forwarded_or_dropped=1, reason_for_drop='Expiry'
DUPE: 2006939872888_Node0_Node8_Zero, Node1 id 2006939872888_Node0_Node8_Zero was a dupe; retransmit: 0, pkt_enqueue_time=2010973416568.747, pkt_dequeue_time=2010973416568.747, forwarded_or_dropped=1, reason_for_drop='Expiry'
DUPE: 2006262270404_Node0_Node8_Zero, Node1 id 2006262270404_Node0_Node8_Zero was a dupe; retransmit: 0, pkt_enqueue_time=2010975656223.2925, pkt_dequeue_time=2010975656223.2925, forwarded_or_dropped=1, reason_for_drop='Expiry'
DUPE: 2006163913967_Node0_Node8_Zero, Node1 id 2006163913967_Node0_Node8_Zero was a dupe; retransmit: 0, pkt_enqueue_time=2010977895877.838, pkt_dequeue_time=2010977895877.838, forwarded_or_dropped=1, reason_for_drop='Expiry'
DUPE: 2006103808185_Node0_Node8_Zero, Node1 id 2006103808185_Node0_Node8_Zero was a dupe; retransmit: 0, pkt_enqueue_time=2010980135532.3833, pkt_dequeue_time=2010980135532.3833, forwarded_or_dropped=1, reason_for_drop='Expiry'
DUPE: 2005868838169_Node0_Node8_Zero, Node1 id 2005868838169_Node0_Node8_Zero was a dupe; retransmit: 0, pkt_enqueue_time=2010982375186.9287, pkt_dequeue_time=2010982375186.9287, forwarded_or_dropped=1, reason_for_drop='Expiry'
DUPE: 2005797793520_Node0_Node8_Zero, Node1 id 2005797793520_Node0_Node8_Zero was a dupe; retransmit: 0, pkt_enqueue_time=2010984614841.474, pkt_dequeue_time=2010984614841.474, forwarded_or_dropped=1, reason_for_drop='Expiry'
DUPE: 2005622938988_Node0_Node8_Zero, Node1 id 2005622938988_Node0_Node8_Zero was a dupe; retransmit: 0, pkt_enqueue_time=2010986854496.0195, pkt_dequeue_time=2010986854496.0195, forwarded_or_dropped=1, reason_for_drop='Expiry'
DUPE: 2005606546657_Node0_Node8_Zero, Node1 id 2005606546657_Node0_Node8_Zero was a dupe; retransmit: 0, pkt_enqueue_time=2010989094150.565, pkt_dequeue_time=2010989094150.565, forwarded_or_dropped=1, reason_for_drop='Expiry'
DUPE: 2005229474117_Node0_Node8_Zero, Node1 id 2005229474117_Node0_Node8_Zero was a dupe; retransmit: 0, pkt_enqueue_time=2010991333805.1104, pkt_dequeue_time=2010991333805.1104, forwarded_or_dropped=1, reason_for_drop='Expiry'
DUPE: 2005147512882_Node0_Node8_Zero, Node1 id 2005147512882_Node0_Node8_Zero was a dupe; retransmit: 0, pkt_enqueue_time=2010993573459.6558, pkt_dequeue_time=2010993573459.6558, forwarded_or_dropped=1, reason_for_drop='Expiry'
DUPE: 2005092880204_Node0_Node8_Zero, Node1 id 2005092880204_Node0_Node8_Zero was a dupe; retransmit: 0, pkt_enqueue_time=2010995813114.2012, pkt_dequeue_time=2010995813114.2012, forwarded_or_dropped=1, reason_for_drop='Expiry'
main.py: Progress: 2011 / 2014

rf.py: Time: 2011 Route details: {0: {'Route': [0, 1, 2, 3, 4, 5, 6, 7, 8], 'MCS_Index': [0, 0, 0, 0, 0, 0, 0, 0], 'Priority': 1, 'ValidRoute': True, 'HQRoute': True, 'RouteNodeDensity': [0, 0, 0, 0, 0, 0, 0, 0, 0], 'InterferingLinks': 16, 'Target': (-1, -1)}}
DUPE: 2008043659174_Node0_Node8_Zero, Node1 id 2008043659174_Node0_Node8_Zero was a dupe; retransmit: 0, pkt_enqueue_time=2011055175961.4731, pkt_dequeue_time=2011055175961.4731, forwarded_or_dropped=1, reason_for_drop='Expiry'
DUPE: 2007644785639_Node0_Node8_Zero, Node1 id 2007644785639_Node0_Node8_Zero was a dupe; retransmit: 0, pkt_enqueue_time=2011057435616.0186, pkt_dequeue_time=2011057435616.0186, forwarded_or_dropped=1, reason_for_drop='Expiry'
DUPE: 2007442591833_Node0_Node8_Zero, Node1 id 2007442591833_Node0_Node8_Zero was a dupe; retransmit: 0, pkt_enqueue_time=2011059695270.564, pkt_dequeue_time=2011059695270.564, forwarded_or_dropped=1, reason_for_drop='Expiry'
DUPE: 2007431668294_Node0_Node8_Zero, Node1 id 2007431668294_Node0_Node8_Zero was a dupe; retransmit: 0, pkt_enqueue_time=2011061954925.1094, pkt_dequeue_time=2011061954925.1094, forwarded_or_dropped=1, reason_for_drop='Expiry'
DUPE: 2007387964735_Node0_Node8_Zero, Node1 id 2007387964735_Node0_Node8_Zero was a dupe; retransmit: 0, pkt_enqueue_time=2011064214579.6548, pkt_dequeue_time=2011064214579.6548, forwarded_or_dropped=1, reason_for_drop='Expiry'
DUPE: 2007273212592_Node0_Node8_Zero, Node1 id 2007273212592_Node0_Node8_Zero was a dupe; retransmit: 0, pkt_enqueue_time=2011066474234.2002, pkt_dequeue_time=2011066474234.2002, forwarded_or_dropped=1, reason_for_drop='Expiry'
DUPE: 2007267749536_Node0_Node8_Zero, Node1 id 2007267749536_Node0_Node8_Zero was a dupe; retransmit: 0, pkt_enqueue_time=2011068733888.7456, pkt_dequeue_time=2011068733888.7456, forwarded_or_dropped=1, reason_for_drop='Expiry'
DUPE: 2007207645066_Node0_Node8_Zero, Node1 id 2007207645066_Node0_Node8_Zero was a dupe; retransmit: 0, pkt_enqueue_time=2011070993543.291, pkt_dequeue_time=2011070993543.291, forwarded_or_dropped=1, reason_for_drop='Expiry'
DUPE: 2007202179766_Node0_Node8_Zero, Node1 id 2007202179766_Node0_Node8_Zero was a dupe; retransmit: 0, pkt_enqueue_time=2011073253197.8364, pkt_dequeue_time=2011073253197.8364, forwarded_or_dropped=1, reason_for_drop='Expiry'
DUPE: 2006945338359_Node0_Node8_Zero, Node1 id 2006945338359_Node0_Node8_Zero was a dupe; retransmit: 0, pkt_enqueue_time=2011075512852.3818, pkt_dequeue_time=2011075512852.3818, forwarded_or_dropped=1, reason_for_drop='Expiry'
DUPE: 2006923481040_Node0_Node8_Zero, Node1 id 2006923481040_Node0_Node8_Zero was a dupe; retransmit: 0, pkt_enqueue_time=2011077772506.9272, pkt_dequeue_time=2011077772506.9272, forwarded_or_dropped=1, reason_for_drop='Expiry'
DUPE: 2006693960624_Node0_Node8_Zero, Node1 id 2006693960624_Node0_Node8_Zero was a dupe; retransmit: 0, pkt_enqueue_time=2011080032161.4727, pkt_dequeue_time=2011080032161.4727, forwarded_or_dropped=1, reason_for_drop='Expiry'
DUPE: 2006371558232_Node0_Node8_Zero, Node1 id 2006371558232_Node0_Node8_Zero was a dupe; retransmit: 0, pkt_enqueue_time=2011082291816.018, pkt_dequeue_time=2011082291816.018, forwarded_or_dropped=1, reason_for_drop='Expiry'
DUPE: 2006005444462_Node0_Node8_Zero, Node1 id 2006005444462_Node0_Node8_Zero was a dupe; retransmit: 0, pkt_enqueue_time=2011084551470.5635, pkt_dequeue_time=2011084551470.5635, forwarded_or_dropped=1, reason_for_drop='Expiry'
DUPE: 2005945334214_Node0_Node8_Zero, Node1 id 2005945334214_Node0_Node8_Zero was a dupe; retransmit: 0, pkt_enqueue_time=2011086811125.109, pkt_dequeue_time=2011086811125.109, forwarded_or_dropped=1, reason_for_drop='Expiry'
DUPE: 2005939864919_Node0_Node8_Zero, Node1 id 2005939864919_Node0_Node8_Zero was a dupe; retransmit: 0, pkt_enqueue_time=2011089070779.6543, pkt_dequeue_time=2011089070779.6543, forwarded_or_dropped=1, reason_for_drop='Expiry'
DUPE: 2005650262896_Node0_Node8_Zero, Node1 id 2005650262896_Node0_Node8_Zero was a dupe; retransmit: 0, pkt_enqueue_time=2011091330434.1997, pkt_dequeue_time=2011091330434.1997, forwarded_or_dropped=1, reason_for_drop='Expiry'
DUPE: 2005612009584_Node0_Node8_Zero, Node1 id 2005612009584_Node0_Node8_Zero was a dupe; retransmit: 0, pkt_enqueue_time=2011093590088.745, pkt_dequeue_time=2011093590088.745, forwarded_or_dropped=1, reason_for_drop='Expiry'
DUPE: 2005502697107_Node0_Node8_Zero, Node1 id 2005502697107_Node0_Node8_Zero was a dupe; retransmit: 0, pkt_enqueue_time=2011095849743.2905, pkt_dequeue_time=2011095849743.2905, forwarded_or_dropped=1, reason_for_drop='Expiry'
DUPE: 2005300490659_Node0_Node8_Zero, Node1 id 2005300490659_Node0_Node8_Zero was a dupe; retransmit: 0, pkt_enqueue_time=2011098109397.836, pkt_dequeue_time=2011098109397.836, forwarded_or_dropped=1, reason_for_drop='Expiry'
DUPE: 2005251330858_Node0_Node8_Zero, Node1 id 2005251330858_Node0_Node8_Zero was a dupe; retransmit: 0, pkt_enqueue_time=2011100369052.3813, pkt_dequeue_time=2011100369052.3813, forwarded_or_dropped=1, reason_for_drop='Expiry'
DUPE: 2005163907425_Node0_Node8_Zero, Node1 id 2005163907425_Node0_Node8_Zero was a dupe; retransmit: 0, pkt_enqueue_time=2011102628706.9268, pkt_dequeue_time=2011102628706.9268, forwarded_or_dropped=1, reason_for_drop='Expiry'
DUPE: 2005158440568_Node0_Node8_Zero, Node1 id 2005158440568_Node0_Node8_Zero was a dupe; retransmit: 0, pkt_enqueue_time=2011104888361.4722, pkt_dequeue_time=2011104888361.4722, forwarded_or_dropped=1, reason_for_drop='Expiry'
DUPE: 2005054629344_Node0_Node8_Zero, Node1 id 2005054629344_Node0_Node8_Zero was a dupe; retransmit: 0, pkt_enqueue_time=2011107148016.0176, pkt_dequeue_time=2011107148016.0176, forwarded_or_dropped=1, reason_for_drop='Expiry'
DUPE: 2005038238343_Node0_Node8_Zero, Node1 id 2005038238343_Node0_Node8_Zero was a dupe; retransmit: 0, pkt_enqueue_time=2011109407670.563, pkt_dequeue_time=2011109407670.563, forwarded_or_dropped=1, reason_for_drop='Expiry'
DUPE: 2005016383047_Node0_Node8_Zero, Node1 id 2005016383047_Node0_Node8_Zero was a dupe; retransmit: 0, pkt_enqueue_time=2011111667325.1084, pkt_dequeue_time=2011111667325.1084, forwarded_or_dropped=1, reason_for_drop='Expiry'
DUPE: 2004907085239_Node0_Node8_Zero, Node1 id 2004907085239_Node0_Node8_Zero was a dupe; retransmit: 0, pkt_enqueue_time=2011113926979.6538, pkt_dequeue_time=2011113926979.6538, forwarded_or_dropped=1, reason_for_drop='Expiry'
DUPE: 2007737668789_Node0_Node8_Zero, Node1 id 2007737668789_Node0_Node8_Zero was a dupe; retransmit: 0, pkt_enqueue_time=2011164942338.9258, pkt_dequeue_time=2011164942338.9258, forwarded_or_dropped=1, reason_for_drop='Expiry'
DUPE: 2007721280665_Node0_Node8_Zero, Node1 id 2007721280665_Node0_Node8_Zero was a dupe; retransmit: 0, pkt_enqueue_time=2011167221993.4712, pkt_dequeue_time=2011167221993.4712, forwarded_or_dropped=1, reason_for_drop='Expiry'
DUPE: 2007666642590_Node0_Node8_Zero, Node1 id 2007666642590_Node0_Node8_Zero was a dupe; retransmit: 0, pkt_enqueue_time=2011169501648.0166, pkt_dequeue_time=2011169501648.0166, forwarded_or_dropped=1, reason_for_drop='Expiry'
DUPE: 2007508159995_Node0_Node8_Zero, Node1 id 2007508159995_Node0_Node8_Zero was a dupe; retransmit: 0, pkt_enqueue_time=2011171781302.562, pkt_dequeue_time=2011171781302.562, forwarded_or_dropped=1, reason_for_drop='Expiry'
DUPE: 2007426208646_Node0_Node8_Zero, Node1 id 2007426208646_Node0_Node8_Zero was a dupe; retransmit: 0, pkt_enqueue_time=2011174060957.1074, pkt_dequeue_time=2011174060957.1074, forwarded_or_dropped=1, reason_for_drop='Expiry'
DUPE: 2007349713173_Node0_Node8_Zero, Node1 id 2007349713173_Node0_Node8_Zero was a dupe; retransmit: 0, pkt_enqueue_time=2011176340611.6528, pkt_dequeue_time=2011176340611.6528, forwarded_or_dropped=1, reason_for_drop='Expiry'
DUPE: 2007114739368_Node0_Node8_Zero, Node1 id 2007114739368_Node0_Node8_Zero was a dupe; retransmit: 0, pkt_enqueue_time=2011178620266.1982, pkt_dequeue_time=2011178620266.1982, forwarded_or_dropped=1, reason_for_drop='Expiry'
DUPE: 2006814174578_Node0_Node8_Zero, Node1 id 2006814174578_Node0_Node8_Zero was a dupe; retransmit: 0, pkt_enqueue_time=2011180899920.7437, pkt_dequeue_time=2011180899920.7437, forwarded_or_dropped=1, reason_for_drop='Expiry'
DUPE: 2006721275342_Node0_Node8_Zero, Node1 id 2006721275342_Node0_Node8_Zero was a dupe; retransmit: 0, pkt_enqueue_time=2011183179575.289, pkt_dequeue_time=2011183179575.289, forwarded_or_dropped=1, reason_for_drop='Expiry'
DUPE: 2006666651441_Node0_Node8_Zero, Node1 id 2006666651441_Node0_Node8_Zero was a dupe; retransmit: 0, pkt_enqueue_time=2011185459229.8345, pkt_dequeue_time=2011185459229.8345, forwarded_or_dropped=1, reason_for_drop='Expiry'
DUPE: 2006661189942_Node0_Node8_Zero, Node1 id 2006661189942_Node0_Node8_Zero was a dupe; retransmit: 0, pkt_enqueue_time=2011187738884.38, pkt_dequeue_time=2011187738884.38, forwarded_or_dropped=1, reason_for_drop='Expiry'
DUPE: 2006519102293_Node0_Node8_Zero, Node1 id 2006519102293_Node0_Node8_Zero was a dupe; retransmit: 0, pkt_enqueue_time=2011190018538.9253, pkt_dequeue_time=2011190018538.9253, forwarded_or_dropped=1, reason_for_drop='Expiry'
DUPE: 2006344239065_Node0_Node8_Zero, Node1 id 2006344239065_Node0_Node8_Zero was a dupe; retransmit: 0, pkt_enqueue_time=2011192298193.4707, pkt_dequeue_time=2011192298193.4707, forwarded_or_dropped=1, reason_for_drop='Expiry'
DUPE: 2006256805795_Node0_Node8_Zero, Node1 id 2006256805795_Node0_Node8_Zero was a dupe; retransmit: 0, pkt_enqueue_time=2011194577848.016, pkt_dequeue_time=2011194577848.016, forwarded_or_dropped=1, reason_for_drop='Expiry'
DUPE: 2006142054014_Node0_Node8_Zero, Node1 id 2006142054014_Node0_Node8_Zero was a dupe; retransmit: 0, pkt_enqueue_time=2011196857502.5615, pkt_dequeue_time=2011196857502.5615, forwarded_or_dropped=1, reason_for_drop='Expiry'
DUPE: 2005879759471_Node0_Node8_Zero, Node1 id 2005879759471_Node0_Node8_Zero was a dupe; retransmit: 0, pkt_enqueue_time=2011199137157.107, pkt_dequeue_time=2011199137157.107, forwarded_or_dropped=1, reason_for_drop='Expiry'
DUPE: 2005770473147_Node0_Node8_Zero, Node1 id 2005770473147_Node0_Node8_Zero was a dupe; retransmit: 0, pkt_enqueue_time=2011201416811.6523, pkt_dequeue_time=2011201416811.6523, forwarded_or_dropped=1, reason_for_drop='Expiry'
DUPE: 2005759540097_Node0_Node8_Zero, Node1 id 2005759540097_Node0_Node8_Zero was a dupe; retransmit: 0, pkt_enqueue_time=2011203696466.1978, pkt_dequeue_time=2011203696466.1978, forwarded_or_dropped=1, reason_for_drop='Expiry'
DUPE: 2005595617227_Node0_Node8_Zero, Node1 id 2005595617227_Node0_Node8_Zero was a dupe; retransmit: 0, pkt_enqueue_time=2011205976120.7432, pkt_dequeue_time=2011205976120.7432, forwarded_or_dropped=1, reason_for_drop='Expiry'
DUPE: 2005475383927_Node0_Node8_Zero, Node1 id 2005475383927_Node0_Node8_Zero was a dupe; retransmit: 0, pkt_enqueue_time=2011208255775.2886, pkt_dequeue_time=2011208255775.2886, forwarded_or_dropped=1, reason_for_drop='Expiry'
DUPE: 2005262254902_Node0_Node8_Zero, Node1 id 2005262254902_Node0_Node8_Zero was a dupe; retransmit: 0, pkt_enqueue_time=2011210535429.834, pkt_dequeue_time=2011210535429.834, forwarded_or_dropped=1, reason_for_drop='Expiry'
DUPE: 2005224013945_Node0_Node8_Zero, Node1 id 2005224013945_Node0_Node8_Zero was a dupe; retransmit: 0, pkt_enqueue_time=2011212815084.3794, pkt_dequeue_time=2011212815084.3794, forwarded_or_dropped=1, reason_for_drop='Expiry'
DUPE: 2005174832125_Node0_Node8_Zero, Node1 id 2005174832125_Node0_Node8_Zero was a dupe; retransmit: 0, pkt_enqueue_time=2011215094738.9248, pkt_dequeue_time=2011215094738.9248, forwarded_or_dropped=1, reason_for_drop='Expiry'
DUPE: 2005142052954_Node0_Node8_Zero, Node1 id 2005142052954_Node0_Node8_Zero was a dupe; retransmit: 0, pkt_enqueue_time=2011217374393.4702, pkt_dequeue_time=2011217374393.4702, forwarded_or_dropped=1, reason_for_drop='Expiry'
DUPE: 2005081951703_Node0_Node8_Zero, Node1 id 2005081951703_Node0_Node8_Zero was a dupe; retransmit: 0, pkt_enqueue_time=2011219654048.0156, pkt_dequeue_time=2011219654048.0156, forwarded_or_dropped=1, reason_for_drop='Expiry'
DUPE: 2005065563648_Node0_Node8_Zero, Node1 id 2005065563648_Node0_Node8_Zero was a dupe; retransmit: 0, pkt_enqueue_time=2011221933702.561, pkt_dequeue_time=2011221933702.561, forwarded_or_dropped=1, reason_for_drop='Expiry'
DUPE: 2004918015394_Node0_Node8_Zero, Node1 id 2004918015394_Node0_Node8_Zero was a dupe; retransmit: 0, pkt_enqueue_time=2011224213357.1064, pkt_dequeue_time=2011224213357.1064, forwarded_or_dropped=1, reason_for_drop='Expiry'
DUPE: 2008240352515_Node0_Node8_Zero, Node1 id 2008240352515_Node0_Node8_Zero was a dupe; retransmit: 0, pkt_enqueue_time=2011266828445.833, pkt_dequeue_time=2011266828445.833, forwarded_or_dropped=1, reason_for_drop='Expiry'
DUPE: 2008223968151_Node0_Node8_Zero, Node1 id 2008223968151_Node0_Node8_Zero was a dupe; retransmit: 0, pkt_enqueue_time=2011269128100.3784, pkt_dequeue_time=2011269128100.3784, forwarded_or_dropped=1, reason_for_drop='Expiry'
DUPE: 2008136556934_Node0_Node8_Zero, Node1 id 2008136556934_Node0_Node8_Zero was a dupe; retransmit: 0, pkt_enqueue_time=2011271427754.9238, pkt_dequeue_time=2011271427754.9238, forwarded_or_dropped=1, reason_for_drop='Expiry'
DUPE: 2007923444327_Node0_Node8_Zero, Node1 id 2007923444327_Node0_Node8_Zero was a dupe; retransmit: 0, pkt_enqueue_time=2011273727409.4692, pkt_dequeue_time=2011273727409.4692, forwarded_or_dropped=1, reason_for_drop='Expiry'
DUPE: 2007650250664_Node0_Node8_Zero, Node1 id 2007650250664_Node0_Node8_Zero was a dupe; retransmit: 0, pkt_enqueue_time=2011276027064.0146, pkt_dequeue_time=2011276027064.0146, forwarded_or_dropped=1, reason_for_drop='Expiry'
DUPE: 2007448055130_Node0_Node8_Zero, Node1 id 2007448055130_Node0_Node8_Zero was a dupe; retransmit: 0, pkt_enqueue_time=2011278326718.56, pkt_dequeue_time=2011278326718.56, forwarded_or_dropped=1, reason_for_drop='Expiry'
DUPE: 2007256822328_Node0_Node8_Zero, Node1 id 2007256822328_Node0_Node8_Zero was a dupe; retransmit: 0, pkt_enqueue_time=2011280626373.1055, pkt_dequeue_time=2011280626373.1055, forwarded_or_dropped=1, reason_for_drop='Expiry'
DUPE: 2007087415072_Node0_Node8_Zero, Node1 id 2007087415072_Node0_Node8_Zero was a dupe; retransmit: 0, pkt_enqueue_time=2011282926027.651, pkt_dequeue_time=2011282926027.651, forwarded_or_dropped=1, reason_for_drop='Expiry'
DUPE: 2007027298908_Node0_Node8_Zero, Node1 id 2007027298908_Node0_Node8_Zero was a dupe; retransmit: 0, pkt_enqueue_time=2011285225682.1963, pkt_dequeue_time=2011285225682.1963, forwarded_or_dropped=1, reason_for_drop='Expiry'
DUPE: 2006885219472_Node0_Node8_Zero, Node1 id 2006885219472_Node0_Node8_Zero was a dupe; retransmit: 0, pkt_enqueue_time=2011287525336.7417, pkt_dequeue_time=2011287525336.7417, forwarded_or_dropped=1, reason_for_drop='Expiry'
DUPE: 2006846955919_Node0_Node8_Zero, Node1 id 2006846955919_Node0_Node8_Zero was a dupe; retransmit: 0, pkt_enqueue_time=2011289824991.287, pkt_dequeue_time=2011289824991.287, forwarded_or_dropped=1, reason_for_drop='Expiry'
DUPE: 2006764989244_Node0_Node8_Zero, Node1 id 2006764989244_Node0_Node8_Zero was a dupe; retransmit: 0, pkt_enqueue_time=2011292124645.8325, pkt_dequeue_time=2011292124645.8325, forwarded_or_dropped=1, reason_for_drop='Expiry'
DUPE: 2006704885956_Node0_Node8_Zero, Node1 id 2006704885956_Node0_Node8_Zero was a dupe; retransmit: 0, pkt_enqueue_time=2011294424300.378, pkt_dequeue_time=2011294424300.378, forwarded_or_dropped=1, reason_for_drop='Expiry'
DUPE: 2006448061771_Node0_Node8_Zero, Node1 id 2006448061771_Node0_Node8_Zero was a dupe; retransmit: 0, pkt_enqueue_time=2011296723954.9233, pkt_dequeue_time=2011296723954.9233, forwarded_or_dropped=1, reason_for_drop='Expiry'
DUPE: 2006382488126_Node0_Node8_Zero, Node1 id 2006382488126_Node0_Node8_Zero was a dupe; retransmit: 0, pkt_enqueue_time=2011299023609.4688, pkt_dequeue_time=2011299023609.4688, forwarded_or_dropped=1, reason_for_drop='Expiry'
DUPE: 2006267734223_Node0_Node8_Zero, Node1 id 2006267734223_Node0_Node8_Zero was a dupe; retransmit: 0, pkt_enqueue_time=2011301323264.0142, pkt_dequeue_time=2011301323264.0142, forwarded_or_dropped=1, reason_for_drop='Expiry'
DUPE: 2006191234368_Node0_Node8_Zero, Node1 id 2006191234368_Node0_Node8_Zero was a dupe; retransmit: 0, pkt_enqueue_time=2011303622918.5596, pkt_dequeue_time=2011303622918.5596, forwarded_or_dropped=1, reason_for_drop='Expiry'
DUPE: 2006087410246_Node0_Node8_Zero, Node1 id 2006087410246_Node0_Node8_Zero was a dupe; retransmit: 0, pkt_enqueue_time=2011305922573.105, pkt_dequeue_time=2011305922573.105, forwarded_or_dropped=1, reason_for_drop='Expiry'
DUPE: 2005950796723_Node0_Node8_Zero, Node1 id 2005950796723_Node0_Node8_Zero was a dupe; retransmit: 0, pkt_enqueue_time=2011308222227.6504, pkt_dequeue_time=2011308222227.6504, forwarded_or_dropped=1, reason_for_drop='Expiry'
DUPE: 2005901619158_Node0_Node8_Zero, Node1 id 2005901619158_Node0_Node8_Zero was a dupe; retransmit: 0, pkt_enqueue_time=2011310521882.1958, pkt_dequeue_time=2011310521882.1958, forwarded_or_dropped=1, reason_for_drop='Expiry'
DUPE: 2005890694726_Node0_Node8_Zero, Node1 id 2005890694726_Node0_Node8_Zero was a dupe; retransmit: 0, pkt_enqueue_time=2011312821536.7412, pkt_dequeue_time=2011312821536.7412, forwarded_or_dropped=1, reason_for_drop='Expiry'
DUPE: 2005825114020_Node0_Node8_Zero, Node1 id 2005825114020_Node0_Node8_Zero was a dupe; retransmit: 0, pkt_enqueue_time=2011315121191.2866, pkt_dequeue_time=2011315121191.2866, forwarded_or_dropped=1, reason_for_drop='Expiry'
DUPE: 2005754075848_Node0_Node8_Zero, Node1 id 2005754075848_Node0_Node8_Zero was a dupe; retransmit: 0, pkt_enqueue_time=2011317420845.832, pkt_dequeue_time=2011317420845.832, forwarded_or_dropped=1, reason_for_drop='Expiry'
DUPE: 2005710363190_Node0_Node8_Zero, Node1 id 2005710363190_Node0_Node8_Zero was a dupe; retransmit: 0, pkt_enqueue_time=2011319720500.3774, pkt_dequeue_time=2011319720500.3774, forwarded_or_dropped=1, reason_for_drop='Expiry'
DUPE: 2005704902001_Node0_Node8_Zero, Node1 id 2005704902001_Node0_Node8_Zero was a dupe; retransmit: 0, pkt_enqueue_time=2011322020154.9229, pkt_dequeue_time=2011322020154.9229, forwarded_or_dropped=1, reason_for_drop='Expiry'
DUPE: 2005661189772_Node0_Node8_Zero, Node1 id 2005661189772_Node0_Node8_Zero was a dupe; retransmit: 0, pkt_enqueue_time=2011324319809.4683, pkt_dequeue_time=2011324319809.4683, forwarded_or_dropped=1, reason_for_drop='Expiry'
DUPE: 2005360604103_Node0_Node8_Zero, Node1 id 2005360604103_Node0_Node8_Zero was a dupe; retransmit: 0, pkt_enqueue_time=2011326619464.0137, pkt_dequeue_time=2011326619464.0137, forwarded_or_dropped=1, reason_for_drop='Expiry'
DUPE: 2005273183705_Node0_Node8_Zero, Node1 id 2005273183705_Node0_Node8_Zero was a dupe; retransmit: 0, pkt_enqueue_time=2011328919118.559, pkt_dequeue_time=2011328919118.559, forwarded_or_dropped=1, reason_for_drop='Expiry'
DUPE: 2005196691411_Node0_Node8_Zero, Node1 id 2005196691411_Node0_Node8_Zero was a dupe; retransmit: 0, pkt_enqueue_time=2011331218773.1045, pkt_dequeue_time=2011331218773.1045, forwarded_or_dropped=1, reason_for_drop='Expiry'
DUPE: 2004912553811_Node0_Node8_Zero, Node1 id 2004912553811_Node0_Node8_Zero was a dupe; retransmit: 0, pkt_enqueue_time=2011333518427.65, pkt_dequeue_time=2011333518427.65, forwarded_or_dropped=1, reason_for_drop='Expiry'
DUPE: 2008267675497_Node0_Node8_Zero, Node1 id 2008267675497_Node0_Node8_Zero was a dupe; retransmit: 0, pkt_enqueue_time=2011385806569.4673, pkt_dequeue_time=2011385806569.4673, forwarded_or_dropped=1, reason_for_drop='Expiry'
DUPE: 2008256748120_Node0_Node8_Zero, Node1 id 2008256748120_Node0_Node8_Zero was a dupe; retransmit: 0, pkt_enqueue_time=2011388126224.0127, pkt_dequeue_time=2011388126224.0127, forwarded_or_dropped=1, reason_for_drop='Expiry'
DUPE: 2008032730829_Node0_Node8_Zero, Node1 id 2008032730829_Node0_Node8_Zero was a dupe; retransmit: 0, pkt_enqueue_time=2011390445878.558, pkt_dequeue_time=2011390445878.558, forwarded_or_dropped=1, reason_for_drop='Expiry'
DUPE: 2007994485313_Node0_Node8_Zero, Node1 id 2007994485313_Node0_Node8_Zero was a dupe; retransmit: 0, pkt_enqueue_time=2011392765533.1035, pkt_dequeue_time=2011392765533.1035, forwarded_or_dropped=1, reason_for_drop='Expiry'
DUPE: 2007934376281_Node0_Node8_Zero, Node1 id 2007934376281_Node0_Node8_Zero was a dupe; retransmit: 0, pkt_enqueue_time=2011395085187.649, pkt_dequeue_time=2011395085187.649, forwarded_or_dropped=1, reason_for_drop='Expiry'
DUPE: 2007573747479_Node0_Node8_Zero, Node1 id 2007573747479_Node0_Node8_Zero was a dupe; retransmit: 0, pkt_enqueue_time=2011397404842.1943, pkt_dequeue_time=2011397404842.1943, forwarded_or_dropped=1, reason_for_drop='Expiry'
DUPE: 2007530018573_Node0_Node8_Zero, Node1 id 2007530018573_Node0_Node8_Zero was a dupe; retransmit: 0, pkt_enqueue_time=2011399724496.7397, pkt_dequeue_time=2011399724496.7397, forwarded_or_dropped=1, reason_for_drop='Expiry'
DUPE: 2007475373688_Node0_Node8_Zero, Node1 id 2007475373688_Node0_Node8_Zero was a dupe; retransmit: 0, pkt_enqueue_time=2011402044151.2852, pkt_dequeue_time=2011402044151.2852, forwarded_or_dropped=1, reason_for_drop='Expiry'
DUPE: 2007453522200_Node0_Node8_Zero, Node1 id 2007453522200_Node0_Node8_Zero was a dupe; retransmit: 0, pkt_enqueue_time=2011404363805.8306, pkt_dequeue_time=2011404363805.8306, forwarded_or_dropped=1, reason_for_drop='Expiry'
DUPE: 2007306005544_Node0_Node8_Zero, Node1 id 2007306005544_Node0_Node8_Zero was a dupe; retransmit: 0, pkt_enqueue_time=2011406683460.376, pkt_dequeue_time=2011406683460.376, forwarded_or_dropped=1, reason_for_drop='Expiry'
DUPE: 2007076486664_Node0_Node8_Zero, Node1 id 2007076486664_Node0_Node8_Zero was a dupe; retransmit: 0, pkt_enqueue_time=2011409003114.9214, pkt_dequeue_time=2011409003114.9214, forwarded_or_dropped=1, reason_for_drop='Expiry'
DUPE: 2007060094095_Node0_Node8_Zero, Node1 id 2007060094095_Node0_Node8_Zero was a dupe; retransmit: 0, pkt_enqueue_time=2011411322769.4668, pkt_dequeue_time=2011411322769.4668, forwarded_or_dropped=1, reason_for_drop='Expiry'
DUPE: 2007043699114_Node0_Node8_Zero, Node1 id 2007043699114_Node0_Node8_Zero was a dupe; retransmit: 0, pkt_enqueue_time=2011413642424.0122, pkt_dequeue_time=2011413642424.0122, forwarded_or_dropped=1, reason_for_drop='Expiry'
DUPE: 2006874288571_Node0_Node8_Zero, Node1 id 2006874288571_Node0_Node8_Zero was a dupe; retransmit: 0, pkt_enqueue_time=2011415962078.5576, pkt_dequeue_time=2011415962078.5576, forwarded_or_dropped=1, reason_for_drop='Expiry'
DUPE: 2006770456428_Node0_Node8_Zero, Node1 id 2006770456428_Node0_Node8_Zero was a dupe; retransmit: 0, pkt_enqueue_time=2011418281733.103, pkt_dequeue_time=2011418281733.103, forwarded_or_dropped=1, reason_for_drop='Expiry'
DUPE: 2006754059693_Node0_Node8_Zero, Node1 id 2006754059693_Node0_Node8_Zero was a dupe; retransmit: 0, pkt_enqueue_time=2011420601387.6484, pkt_dequeue_time=2011420601387.6484, forwarded_or_dropped=1, reason_for_drop='Expiry'
DUPE: 2006622923982_Node0_Node8_Zero, Node1 id 2006622923982_Node0_Node8_Zero was a dupe; retransmit: 0, pkt_enqueue_time=2011422921042.1938, pkt_dequeue_time=2011422921042.1938, forwarded_or_dropped=1, reason_for_drop='Expiry'
DUPE: 2006584673904_Node0_Node8_Zero, Node1 id 2006584673904_Node0_Node8_Zero was a dupe; retransmit: 0, pkt_enqueue_time=2011425240696.7393, pkt_dequeue_time=2011425240696.7393, forwarded_or_dropped=1, reason_for_drop='Expiry'
DUPE: 2006502698535_Node0_Node8_Zero, Node1 id 2006502698535_Node0_Node8_Zero was a dupe; retransmit: 0, pkt_enqueue_time=2011427560351.2847, pkt_dequeue_time=2011427560351.2847, forwarded_or_dropped=1, reason_for_drop='Expiry'
DUPE: 2006480842657_Node0_Node8_Zero, Node1 id 2006480842657_Node0_Node8_Zero was a dupe; retransmit: 0, pkt_enqueue_time=2011429880005.83, pkt_dequeue_time=2011429880005.83, forwarded_or_dropped=1, reason_for_drop='Expiry'
DUPE: 2006464450842_Node0_Node8_Zero, Node1 id 2006464450842_Node0_Node8_Zero was a dupe; retransmit: 0, pkt_enqueue_time=2011432199660.3755, pkt_dequeue_time=2011432199660.3755, forwarded_or_dropped=1, reason_for_drop='Expiry'
DUPE: 2006409807648_Node0_Node8_Zero, Node1 id 2006409807648_Node0_Node8_Zero was a dupe; retransmit: 0, pkt_enqueue_time=2011434519314.921, pkt_dequeue_time=2011434519314.921, forwarded_or_dropped=1, reason_for_drop='Expiry'
DUPE: 2006305984973_Node0_Node8_Zero, Node1 id 2006305984973_Node0_Node8_Zero was a dupe; retransmit: 0, pkt_enqueue_time=2011436838969.4663, pkt_dequeue_time=2011436838969.4663, forwarded_or_dropped=1, reason_for_drop='Expiry'
DUPE: 2006278661917_Node0_Node8_Zero, Node1 id 2006278661917_Node0_Node8_Zero was a dupe; retransmit: 0, pkt_enqueue_time=2011439158624.0117, pkt_dequeue_time=2011439158624.0117, forwarded_or_dropped=1, reason_for_drop='Expiry'
DUPE: 2006180310087_Node0_Node8_Zero, Node1 id 2006180310087_Node0_Node8_Zero was a dupe; retransmit: 0, pkt_enqueue_time=2011441478278.5571, pkt_dequeue_time=2011441478278.5571, forwarded_or_dropped=1, reason_for_drop='Expiry'
DUPE: 2006152986385_Node0_Node8_Zero, Node1 id 2006152986385_Node0_Node8_Zero was a dupe; retransmit: 0, pkt_enqueue_time=2011443797933.1025, pkt_dequeue_time=2011443797933.1025, forwarded_or_dropped=1, reason_for_drop='Expiry'
DUPE: 2006136587211_Node0_Node8_Zero, Node1 id 2006136587211_Node0_Node8_Zero was a dupe; retransmit: 0, pkt_enqueue_time=2011446117587.648, pkt_dequeue_time=2011446117587.648, forwarded_or_dropped=1, reason_for_drop='Expiry'
DUPE: 2006131124575_Node0_Node8_Zero, Node1 id 2006131124575_Node0_Node8_Zero was a dupe; retransmit: 0, pkt_enqueue_time=2011448437242.1934, pkt_dequeue_time=2011448437242.1934, forwarded_or_dropped=1, reason_for_drop='Expiry'
DUPE: 2005453525080_Node0_Node8_Zero, Node1 id 2005453525080_Node0_Node8_Zero was a dupe; retransmit: 0, pkt_enqueue_time=2011450756896.7388, pkt_dequeue_time=2011450756896.7388, forwarded_or_dropped=1, reason_for_drop='Expiry'
DUPE: 2005366071160_Node0_Node8_Zero, Node1 id 2005366071160_Node0_Node8_Zero was a dupe; retransmit: 0, pkt_enqueue_time=2011453076551.2842, pkt_dequeue_time=2011453076551.2842, forwarded_or_dropped=1, reason_for_drop='Expiry'
DUPE: 2005234937838_Node0_Node8_Zero, Node1 id 2005234937838_Node0_Node8_Zero was a dupe; retransmit: 0, pkt_enqueue_time=2011455396205.8296, pkt_dequeue_time=2011455396205.8296, forwarded_or_dropped=1, reason_for_drop='Expiry'
DUPE: 2004961734144_Node0_Node8_Zero, Node1 id 2004961734144_Node0_Node8_Zero was a dupe; retransmit: 0, pkt_enqueue_time=2011457715860.375, pkt_dequeue_time=2011457715860.375, forwarded_or_dropped=1, reason_for_drop='Expiry'
DUPE: 2004890692559_Node0_Node8_Zero, Node1 id 2004890692559_Node0_Node8_Zero was a dupe; retransmit: 0, pkt_enqueue_time=2011460055514.9204, pkt_dequeue_time=2011460055514.9204, forwarded_or_dropped=1, reason_for_drop='Expiry'
DUPE: 2008497165192_Node0_Node8_Zero, Node1 id 2008497165192_Node0_Node8_Zero was a dupe; retransmit: 0, pkt_enqueue_time=2011517197400.7378, pkt_dequeue_time=2011517197400.7378, forwarded_or_dropped=1, reason_for_drop='Expiry'
DUPE: 2008480771213_Node0_Node8_Zero, Node1 id 2008480771213_Node0_Node8_Zero was a dupe; retransmit: 0, pkt_enqueue_time=2011519537055.2832, pkt_dequeue_time=2011519537055.2832, forwarded_or_dropped=1, reason_for_drop='Expiry'
DUPE: 2008464380628_Node0_Node8_Zero, Node1 id 2008464380628_Node0_Node8_Zero was a dupe; retransmit: 0, pkt_enqueue_time=2011521876709.8286, pkt_dequeue_time=2011521876709.8286, forwarded_or_dropped=1, reason_for_drop='Expiry'
DUPE: 2008453450026_Node0_Node8_Zero, Node1 id 2008453450026_Node0_Node8_Zero was a dupe; retransmit: 0, pkt_enqueue_time=2011524216364.374, pkt_dequeue_time=2011524216364.374, forwarded_or_dropped=1, reason_for_drop='Expiry'
DUPE: 2008387891041_Node0_Node8_Zero, Node1 id 2008387891041_Node0_Node8_Zero was a dupe; retransmit: 0, pkt_enqueue_time=2011526556018.9194, pkt_dequeue_time=2011526556018.9194, forwarded_or_dropped=1, reason_for_drop='Expiry'
DUPE: 2008376966279_Node0_Node8_Zero, Node1 id 2008376966279_Node0_Node8_Zero was a dupe; retransmit: 0, pkt_enqueue_time=2011528895673.4648, pkt_dequeue_time=2011528895673.4648, forwarded_or_dropped=1, reason_for_drop='Expiry'
DUPE: 2008245816368_Node0_Node8_Zero, Node1 id 2008245816368_Node0_Node8_Zero was a dupe; retransmit: 0, pkt_enqueue_time=2011531235328.0103, pkt_dequeue_time=2011531235328.0103, forwarded_or_dropped=1, reason_for_drop='Expiry'
DUPE: 2008103783058_Node0_Node8_Zero, Node1 id 2008103783058_Node0_Node8_Zero was a dupe; retransmit: 0, pkt_enqueue_time=2011533574982.5557, pkt_dequeue_time=2011533574982.5557, forwarded_or_dropped=1, reason_for_drop='Expiry'
DUPE: 2008081918613_Node0_Node8_Zero, Node1 id 2008081918613_Node0_Node8_Zero was a dupe; retransmit: 0, pkt_enqueue_time=2011535914637.101, pkt_dequeue_time=2011535914637.101, forwarded_or_dropped=1, reason_for_drop='Expiry'
DUPE: 2008021806215_Node0_Node8_Zero, Node1 id 2008021806215_Node0_Node8_Zero was a dupe; retransmit: 0, pkt_enqueue_time=2011538254291.6465, pkt_dequeue_time=2011538254291.6465, forwarded_or_dropped=1, reason_for_drop='Expiry'
DUPE: 2007978100952_Node0_Node8_Zero, Node1 id 2007978100952_Node0_Node8_Zero was a dupe; retransmit: 0, pkt_enqueue_time=2011540593946.192, pkt_dequeue_time=2011540593946.192, forwarded_or_dropped=1, reason_for_drop='Expiry'
DUPE: 2007748594418_Node0_Node8_Zero, Node1 id 2007748594418_Node0_Node8_Zero was a dupe; retransmit: 0, pkt_enqueue_time=2011542933600.7373, pkt_dequeue_time=2011542933600.7373, forwarded_or_dropped=1, reason_for_drop='Expiry'
DUPE: 2007693961288_Node0_Node8_Zero, Node1 id 2007693961288_Node0_Node8_Zero was a dupe; retransmit: 0, pkt_enqueue_time=2011545273255.2827, pkt_dequeue_time=2011545273255.2827, forwarded_or_dropped=1, reason_for_drop='Expiry'
DUPE: 2007655719632_Node0_Node8_Zero, Node1 id 2007655719632_Node0_Node8_Zero was a dupe; retransmit: 0, pkt_enqueue_time=2011547612909.8281, pkt_dequeue_time=2011547612909.8281, forwarded_or_dropped=1, reason_for_drop='Expiry'
DUPE: 2007486303651_Node0_Node8_Zero, Node1 id 2007486303651_Node0_Node8_Zero was a dupe; retransmit: 0, pkt_enqueue_time=2011549952564.3735, pkt_dequeue_time=2011549952564.3735, forwarded_or_dropped=1, reason_for_drop='Expiry'
DUPE: 2007158458755_Node0_Node8_Zero, Node1 id 2007158458755_Node0_Node8_Zero was a dupe; retransmit: 0, pkt_enqueue_time=2011552292218.919, pkt_dequeue_time=2011552292218.919, forwarded_or_dropped=1, reason_for_drop='Expiry'
DUPE: 2006748595504_Node0_Node8_Zero, Node1 id 2006748595504_Node0_Node8_Zero was a dupe; retransmit: 0, pkt_enqueue_time=2011554631873.4644, pkt_dequeue_time=2011554631873.4644, forwarded_or_dropped=1, reason_for_drop='Expiry'
DUPE: 2006568279682_Node0_Node8_Zero, Node1 id 2006568279682_Node0_Node8_Zero was a dupe; retransmit: 0, pkt_enqueue_time=2011556971528.0098, pkt_dequeue_time=2011556971528.0098, forwarded_or_dropped=1, reason_for_drop='Expiry'
DUPE: 2006295054090_Node0_Node8_Zero, Node1 id 2006295054090_Node0_Node8_Zero was a dupe; retransmit: 0, pkt_enqueue_time=2011559311182.5552, pkt_dequeue_time=2011559311182.5552, forwarded_or_dropped=1, reason_for_drop='Expiry'
DUPE: 2006234948667_Node0_Node8_Zero, Node1 id 2006234948667_Node0_Node8_Zero was a dupe; retransmit: 0, pkt_enqueue_time=2011561650837.1006, pkt_dequeue_time=2011561650837.1006, forwarded_or_dropped=1, reason_for_drop='Expiry'
DUPE: 2005896158648_Node0_Node8_Zero, Node1 id 2005896158648_Node0_Node8_Zero was a dupe; retransmit: 0, pkt_enqueue_time=2011563990491.646, pkt_dequeue_time=2011563990491.646, forwarded_or_dropped=1, reason_for_drop='Expiry'
DUPE: 2005874298761_Node0_Node8_Zero, Node1 id 2005874298761_Node0_Node8_Zero was a dupe; retransmit: 0, pkt_enqueue_time=2011566330146.1914, pkt_dequeue_time=2011566330146.1914, forwarded_or_dropped=1, reason_for_drop='Expiry'
DUPE: 2005863369952_Node0_Node8_Zero, Node1 id 2005863369952_Node0_Node8_Zero was a dupe; retransmit: 0, pkt_enqueue_time=2011568669800.7368, pkt_dequeue_time=2011568669800.7368, forwarded_or_dropped=1, reason_for_drop='Expiry'
DUPE: 2005830578444_Node0_Node8_Zero, Node1 id 2005830578444_Node0_Node8_Zero was a dupe; retransmit: 0, pkt_enqueue_time=2011571009455.2822, pkt_dequeue_time=2011571009455.2822, forwarded_or_dropped=1, reason_for_drop='Expiry'
DUPE: 2005617469778_Node0_Node8_Zero, Node1 id 2005617469778_Node0_Node8_Zero was a dupe; retransmit: 0, pkt_enqueue_time=2011573349109.8276, pkt_dequeue_time=2011573349109.8276, forwarded_or_dropped=1, reason_for_drop='Expiry'
DUPE: 2005458984588_Node0_Node8_Zero, Node1 id 2005458984588_Node0_Node8_Zero was a dupe; retransmit: 0, pkt_enqueue_time=2011575688764.373, pkt_dequeue_time=2011575688764.373, forwarded_or_dropped=1, reason_for_drop='Expiry'
DUPE: 2005295030809_Node0_Node8_Zero, Node1 id 2005295030809_Node0_Node8_Zero was a dupe; retransmit: 0, pkt_enqueue_time=2011578028418.9185, pkt_dequeue_time=2011578028418.9185, forwarded_or_dropped=1, reason_for_drop='Expiry'
DUPE: 2005207612536_Node0_Node8_Zero, Node1 id 2005207612536_Node0_Node8_Zero was a dupe; retransmit: 0, pkt_enqueue_time=2011580368073.4639, pkt_dequeue_time=2011580368073.4639, forwarded_or_dropped=1, reason_for_drop='Expiry'
DUPE: 2005032778606_Node0_Node8_Zero, Node1 id 2005032778606_Node0_Node8_Zero was a dupe; retransmit: 0, pkt_enqueue_time=2011582707728.0093, pkt_dequeue_time=2011582707728.0093, forwarded_or_dropped=1, reason_for_drop='Expiry'
DUPE: 2004978131364_Node0_Node8_Zero, Node1 id 2004978131364_Node0_Node8_Zero was a dupe; retransmit: 0, pkt_enqueue_time=2011585047382.5547, pkt_dequeue_time=2011585047382.5547, forwarded_or_dropped=1, reason_for_drop='Expiry'
DUPE: 2004934401696_Node0_Node8_Zero, Node1 id 2004934401696_Node0_Node8_Zero was a dupe; retransmit: 0, pkt_enqueue_time=2011587407037.1, pkt_dequeue_time=2011587407037.1, forwarded_or_dropped=1, reason_for_drop='Expiry'
DUPE: 2008524493325_Node0_Node8_Zero, Node1 id 2008524493325_Node0_Node8_Zero was a dupe; retransmit: 0, pkt_enqueue_time=2011633216215.2812, pkt_dequeue_time=2011633216215.2812, forwarded_or_dropped=1, reason_for_drop='Expiry'
DUPE: 2008316865477_Node0_Node8_Zero, Node1 id 2008316865477_Node0_Node8_Zero was a dupe; retransmit: 0, pkt_enqueue_time=2011635575869.8267, pkt_dequeue_time=2011635575869.8267, forwarded_or_dropped=1, reason_for_drop='Expiry'
DUPE: 2008311396038_Node0_Node8_Zero, Node1 id 2008311396038_Node0_Node8_Zero was a dupe; retransmit: 0, pkt_enqueue_time=2011637935524.372, pkt_dequeue_time=2011637935524.372, forwarded_or_dropped=1, reason_for_drop='Expiry'
DUPE: 2008109247521_Node0_Node8_Zero, Node1 id 2008109247521_Node0_Node8_Zero was a dupe; retransmit: 0, pkt_enqueue_time=2011640295178.9175, pkt_dequeue_time=2011640295178.9175, forwarded_or_dropped=1, reason_for_drop='Expiry'
DUPE: 2008087384170_Node0_Node8_Zero, Node1 id 2008087384170_Node0_Node8_Zero was a dupe; retransmit: 0, pkt_enqueue_time=2011642654833.463, pkt_dequeue_time=2011642654833.463, forwarded_or_dropped=1, reason_for_drop='Expiry'
DUPE: 2007726741900_Node0_Node8_Zero, Node1 id 2007726741900_Node0_Node8_Zero was a dupe; retransmit: 0, pkt_enqueue_time=2011645014488.0083, pkt_dequeue_time=2011645014488.0083, forwarded_or_dropped=1, reason_for_drop='Expiry'
DUPE: 2007633860434_Node0_Node8_Zero, Node1 id 2007633860434_Node0_Node8_Zero was a dupe; retransmit: 0, pkt_enqueue_time=2011647374142.5537, pkt_dequeue_time=2011647374142.5537, forwarded_or_dropped=1, reason_for_drop='Expiry'
DUPE: 2007617464325_Node0_Node8_Zero, Node1 id 2007617464325_Node0_Node8_Zero was a dupe; retransmit: 0, pkt_enqueue_time=2011649733797.099, pkt_dequeue_time=2011649733797.099, forwarded_or_dropped=1, reason_for_drop='Expiry'
DUPE: 2007404353695_Node0_Node8_Zero, Node1 id 2007404353695_Node0_Node8_Zero was a dupe; retransmit: 0, pkt_enqueue_time=2011652093451.6445, pkt_dequeue_time=2011652093451.6445, forwarded_or_dropped=1, reason_for_drop='Expiry'
DUPE: 2007152990857_Node0_Node8_Zero, Node1 id 2007152990857_Node0_Node8_Zero was a dupe; retransmit: 0, pkt_enqueue_time=2011654453106.19, pkt_dequeue_time=2011654453106.19, forwarded_or_dropped=1, reason_for_drop='Expiry'
DUPE: 2007049163809_Node0_Node8_Zero, Node1 id 2007049163809_Node0_Node8_Zero was a dupe; retransmit: 0, pkt_enqueue_time=2011656812760.7354, pkt_dequeue_time=2011656812760.7354, forwarded_or_dropped=1, reason_for_drop='Expiry'
DUPE: 2006983586089_Node0_Node8_Zero, Node1 id 2006983586089_Node0_Node8_Zero was a dupe; retransmit: 0, pkt_enqueue_time=2011659172415.2808, pkt_dequeue_time=2011659172415.2808, forwarded_or_dropped=1, reason_for_drop='Expiry'
DUPE: 2006677577919_Node0_Node8_Zero, Node1 id 2006677577919_Node0_Node8_Zero was a dupe; retransmit: 0, pkt_enqueue_time=2011661532069.8262, pkt_dequeue_time=2011661532069.8262, forwarded_or_dropped=1, reason_for_drop='Expiry'
DUPE: 2006535487184_Node0_Node8_Zero, Node1 id 2006535487184_Node0_Node8_Zero was a dupe; retransmit: 0, pkt_enqueue_time=2011663891724.3716, pkt_dequeue_time=2011663891724.3716, forwarded_or_dropped=1, reason_for_drop='Expiry'
DUPE: 2006491776701_Node0_Node8_Zero, Node1 id 2006491776701_Node0_Node8_Zero was a dupe; retransmit: 0, pkt_enqueue_time=2011666251378.917, pkt_dequeue_time=2011666251378.917, forwarded_or_dropped=1, reason_for_drop='Expiry'
DUPE: 2006229483448_Node0_Node8_Zero, Node1 id 2006229483448_Node0_Node8_Zero was a dupe; retransmit: 0, pkt_enqueue_time=2011668611033.4624, pkt_dequeue_time=2011668611033.4624, forwarded_or_dropped=1, reason_for_drop='Expiry'
DUPE: 2006109267849_Node0_Node8_Zero, Node1 id 2006109267849_Node0_Node8_Zero was a dupe; retransmit: 0, pkt_enqueue_time=2011670970688.0078, pkt_dequeue_time=2011670970688.0078, forwarded_or_dropped=1, reason_for_drop='Expiry'
DUPE: 2005841507659_Node0_Node8_Zero, Node1 id 2005841507659_Node0_Node8_Zero was a dupe; retransmit: 0, pkt_enqueue_time=2011673330342.5532, pkt_dequeue_time=2011673330342.5532, forwarded_or_dropped=1, reason_for_drop='Expiry'
DUPE: 2005781393133_Node0_Node8_Zero, Node1 id 2005781393133_Node0_Node8_Zero was a dupe; retransmit: 0, pkt_enqueue_time=2011675689997.0986, pkt_dequeue_time=2011675689997.0986, forwarded_or_dropped=1, reason_for_drop='Expiry'
DUPE: 2005666652165_Node0_Node8_Zero, Node1 id 2005666652165_Node0_Node8_Zero was a dupe; retransmit: 0, pkt_enqueue_time=2011678049651.644, pkt_dequeue_time=2011678049651.644, forwarded_or_dropped=1, reason_for_drop='Expiry'
DUPE: 2005557367747_Node0_Node8_Zero, Node1 id 2005557367747_Node0_Node8_Zero was a dupe; retransmit: 0, pkt_enqueue_time=2011680409306.1895, pkt_dequeue_time=2011680409306.1895, forwarded_or_dropped=1, reason_for_drop='Expiry'
DUPE: 2005382469403_Node0_Node8_Zero, Node1 id 2005382469403_Node0_Node8_Zero was a dupe; retransmit: 0, pkt_enqueue_time=2011682768960.7349, pkt_dequeue_time=2011682768960.7349, forwarded_or_dropped=1, reason_for_drop='Expiry'
DUPE: 2005333277583_Node0_Node8_Zero, Node1 id 2005333277583_Node0_Node8_Zero was a dupe; retransmit: 0, pkt_enqueue_time=2011685128615.2803, pkt_dequeue_time=2011685128615.2803, forwarded_or_dropped=1, reason_for_drop='Expiry'
DUPE: 2005240407260_Node0_Node8_Zero, Node1 id 2005240407260_Node0_Node8_Zero was a dupe; retransmit: 0, pkt_enqueue_time=2011687488269.8257, pkt_dequeue_time=2011687488269.8257, forwarded_or_dropped=1, reason_for_drop='Expiry'
DUPE: 2005010914219_Node0_Node8_Zero, Node1 id 2005010914219_Node0_Node8_Zero was a dupe; retransmit: 0, pkt_enqueue_time=2011689867924.371, pkt_dequeue_time=2011689867924.371, forwarded_or_dropped=1, reason_for_drop='Expiry'
DUPE: 2008639258654_Node0_Node8_Zero, Node1 id 2008639258654_Node0_Node8_Zero was a dupe; retransmit: 0, pkt_enqueue_time=2011749136682.1885, pkt_dequeue_time=2011749136682.1885, forwarded_or_dropped=1, reason_for_drop='Expiry'
DUPE: 2008458912660_Node0_Node8_Zero, Node1 id 2008458912660_Node0_Node8_Zero was a dupe; retransmit: 0, pkt_enqueue_time=2011751516336.734, pkt_dequeue_time=2011751516336.734, forwarded_or_dropped=1, reason_for_drop='Expiry'
DUPE: 2007836027310_Node0_Node8_Zero, Node1 id 2007836027310_Node0_Node8_Zero was a dupe; retransmit: 0, pkt_enqueue_time=2011753895991.2793, pkt_dequeue_time=2011753895991.2793, forwarded_or_dropped=1, reason_for_drop='Expiry'
DUPE: 2007715815479_Node0_Node8_Zero, Node1 id 2007715815479_Node0_Node8_Zero was a dupe; retransmit: 0, pkt_enqueue_time=2011756275645.8247, pkt_dequeue_time=2011756275645.8247, forwarded_or_dropped=1, reason_for_drop='Expiry'
DUPE: 2007568286028_Node0_Node8_Zero, Node1 id 2007568286028_Node0_Node8_Zero was a dupe; retransmit: 0, pkt_enqueue_time=2011758655300.37, pkt_dequeue_time=2011758655300.37, forwarded_or_dropped=1, reason_for_drop='Expiry'
DUPE: 2007497230541_Node0_Node8_Zero, Node1 id 2007497230541_Node0_Node8_Zero was a dupe; retransmit: 0, pkt_enqueue_time=2011761034954.9155, pkt_dequeue_time=2011761034954.9155, forwarded_or_dropped=1, reason_for_drop='Expiry'
DUPE: 2007480835111_Node0_Node8_Zero, Node1 id 2007480835111_Node0_Node8_Zero was a dupe; retransmit: 0, pkt_enqueue_time=2011763414609.461, pkt_dequeue_time=2011763414609.461, forwarded_or_dropped=1, reason_for_drop='Expiry'
DUPE: 2007415284759_Node0_Node8_Zero, Node1 id 2007415284759_Node0_Node8_Zero was a dupe; retransmit: 0, pkt_enqueue_time=2011765794264.0063, pkt_dequeue_time=2011765794264.0063, forwarded_or_dropped=1, reason_for_drop='Expiry'
DUPE: 2007229494448_Node0_Node8_Zero, Node1 id 2007229494448_Node0_Node8_Zero was a dupe; retransmit: 0, pkt_enqueue_time=2011768173918.5518, pkt_dequeue_time=2011768173918.5518, forwarded_or_dropped=1, reason_for_drop='Expiry'
DUPE: 2007163925903_Node0_Node8_Zero, Node1 id 2007163925903_Node0_Node8_Zero was a dupe; retransmit: 0, pkt_enqueue_time=2011770553573.0972, pkt_dequeue_time=2011770553573.0972, forwarded_or_dropped=1, reason_for_drop='Expiry'
DUPE: 2007038232306_Node0_Node8_Zero, Node1 id 2007038232306_Node0_Node8_Zero was a dupe; retransmit: 0, pkt_enqueue_time=2011772933227.6426, pkt_dequeue_time=2011772933227.6426, forwarded_or_dropped=1, reason_for_drop='Expiry'
DUPE: 2006967193844_Node0_Node8_Zero, Node1 id 2006967193844_Node0_Node8_Zero was a dupe; retransmit: 0, pkt_enqueue_time=2011775312882.188, pkt_dequeue_time=2011775312882.188, forwarded_or_dropped=1, reason_for_drop='Expiry'
DUPE: 2006950802847_Node0_Node8_Zero, Node1 id 2006950802847_Node0_Node8_Zero was a dupe; retransmit: 0, pkt_enqueue_time=2011777692536.7334, pkt_dequeue_time=2011777692536.7334, forwarded_or_dropped=1, reason_for_drop='Expiry'
DUPE: 2006672111650_Node0_Node8_Zero, Node1 id 2006672111650_Node0_Node8_Zero was a dupe; retransmit: 0, pkt_enqueue_time=2011780072191.2788, pkt_dequeue_time=2011780072191.2788, forwarded_or_dropped=1, reason_for_drop='Expiry'
DUPE: 2006655720545_Node0_Node8_Zero, Node1 id 2006655720545_Node0_Node8_Zero was a dupe; retransmit: 0, pkt_enqueue_time=2011782451845.8242, pkt_dequeue_time=2011782451845.8242, forwarded_or_dropped=1, reason_for_drop='Expiry'
DUPE: 2006513633502_Node0_Node8_Zero, Node1 id 2006513633502_Node0_Node8_Zero was a dupe; retransmit: 0, pkt_enqueue_time=2011784831500.3696, pkt_dequeue_time=2011784831500.3696, forwarded_or_dropped=1, reason_for_drop='Expiry'
DUPE: 2006420738393_Node0_Node8_Zero, Node1 id 2006420738393_Node0_Node8_Zero was a dupe; retransmit: 0, pkt_enqueue_time=2011787211154.915, pkt_dequeue_time=2011787211154.915, forwarded_or_dropped=1, reason_for_drop='Expiry'
DUPE: 2006273200093_Node0_Node8_Zero, Node1 id 2006273200093_Node0_Node8_Zero was a dupe; retransmit: 0, pkt_enqueue_time=2011789590809.4604, pkt_dequeue_time=2011789590809.4604, forwarded_or_dropped=1, reason_for_drop='Expiry'
DUPE: 2006092876377_Node0_Node8_Zero, Node1 id 2006092876377_Node0_Node8_Zero was a dupe; retransmit: 0, pkt_enqueue_time=2011791970464.0059, pkt_dequeue_time=2011791970464.0059, forwarded_or_dropped=1, reason_for_drop='Expiry'
DUPE: 2005934397867_Node0_Node8_Zero, Node1 id 2005934397867_Node0_Node8_Zero was a dupe; retransmit: 0, pkt_enqueue_time=2011794350118.5513, pkt_dequeue_time=2011794350118.5513, forwarded_or_dropped=1, reason_for_drop='Expiry'
DUPE: 2005786861277_Node0_Node8_Zero, Node1 id 2005786861277_Node0_Node8_Zero was a dupe; retransmit: 0, pkt_enqueue_time=2011796729773.0967, pkt_dequeue_time=2011796729773.0967, forwarded_or_dropped=1, reason_for_drop='Expiry'
DUPE: 2005513633874_Node0_Node8_Zero, Node1 id 2005513633874_Node0_Node8_Zero was a dupe; retransmit: 0, pkt_enqueue_time=2011799109427.642, pkt_dequeue_time=2011799109427.642, forwarded_or_dropped=1, reason_for_drop='Expiry'
DUPE: 2005377004341_Node0_Node8_Zero, Node1 id 2005377004341_Node0_Node8_Zero was a dupe; retransmit: 0, pkt_enqueue_time=2011801489082.1875, pkt_dequeue_time=2011801489082.1875, forwarded_or_dropped=1, reason_for_drop='Expiry'
DUPE: 2005213079784_Node0_Node8_Zero, Node1 id 2005213079784_Node0_Node8_Zero was a dupe; retransmit: 0, pkt_enqueue_time=2011803888736.733, pkt_dequeue_time=2011803888736.733, forwarded_or_dropped=1, reason_for_drop='Expiry'
DUPE: 2004983596352_Node0_Node8_Zero, Node1 id 2004983596352_Node0_Node8_Zero was a dupe; retransmit: 0, pkt_enqueue_time=2011806288391.2783, pkt_dequeue_time=2011806288391.2783, forwarded_or_dropped=1, reason_for_drop='Expiry'
DUPE: 2008666575725_Node0_Node8_Zero, Node1 id 2008666575725_Node0_Node8_Zero was a dupe; retransmit: 0, pkt_enqueue_time=2011840766514.187, pkt_dequeue_time=2011840766514.187, forwarded_or_dropped=1, reason_for_drop='Expiry'
DUPE: 2008579146184_Node0_Node8_Zero, Node1 id 2008579146184_Node0_Node8_Zero was a dupe; retransmit: 0, pkt_enqueue_time=2011843166168.7324, pkt_dequeue_time=2011843166168.7324, forwarded_or_dropped=1, reason_for_drop='Expiry'
DUPE: 2008289538686_Node0_Node8_Zero, Node1 id 2008289538686_Node0_Node8_Zero was a dupe; retransmit: 0, pkt_enqueue_time=2011845565823.2778, pkt_dequeue_time=2011845565823.2778, forwarded_or_dropped=1, reason_for_drop='Expiry'
DUPE: 2008262210620_Node0_Node8_Zero, Node1 id 2008262210620_Node0_Node8_Zero was a dupe; retransmit: 0, pkt_enqueue_time=2011847965477.8232, pkt_dequeue_time=2011847965477.8232, forwarded_or_dropped=1, reason_for_drop='Expiry'
DUPE: 2008229427793_Node0_Node8_Zero, Node1 id 2008229427793_Node0_Node8_Zero was a dupe; retransmit: 0, pkt_enqueue_time=2011850365132.3687, pkt_dequeue_time=2011850365132.3687, forwarded_or_dropped=1, reason_for_drop='Expiry'
DUPE: 2008213041043_Node0_Node8_Zero, Node1 id 2008213041043_Node0_Node8_Zero was a dupe; retransmit: 0, pkt_enqueue_time=2011852764786.914, pkt_dequeue_time=2011852764786.914, forwarded_or_dropped=1, reason_for_drop='Expiry'
DUPE: 2008142017089_Node0_Node8_Zero, Node1 id 2008142017089_Node0_Node8_Zero was a dupe; retransmit: 0, pkt_enqueue_time=2011855164441.4595, pkt_dequeue_time=2011855164441.4595, forwarded_or_dropped=1, reason_for_drop='Expiry'
DUPE: 2008038190973_Node0_Node8_Zero, Node1 id 2008038190973_Node0_Node8_Zero was a dupe; retransmit: 0, pkt_enqueue_time=2011857564096.005, pkt_dequeue_time=2011857564096.005, forwarded_or_dropped=1, reason_for_drop='Expiry'
DUPE: 2007945306166_Node0_Node8_Zero, Node1 id 2007945306166_Node0_Node8_Zero was a dupe; retransmit: 0, pkt_enqueue_time=2011859963750.5503, pkt_dequeue_time=2011859963750.5503, forwarded_or_dropped=1, reason_for_drop='Expiry'
DUPE: 2007917984687_Node0_Node8_Zero, Node1 id 2007917984687_Node0_Node8_Zero was a dupe; retransmit: 0, pkt_enqueue_time=2011862363405.0957, pkt_dequeue_time=2011862363405.0957, forwarded_or_dropped=1, reason_for_drop='Expiry'
DUPE: 2007770450767_Node0_Node8_Zero, Node1 id 2007770450767_Node0_Node8_Zero was a dupe; retransmit: 0, pkt_enqueue_time=2011864763059.641, pkt_dequeue_time=2011864763059.641, forwarded_or_dropped=1, reason_for_drop='Expiry'
DUPE: 2007601072846_Node0_Node8_Zero, Node1 id 2007601072846_Node0_Node8_Zero was a dupe; retransmit: 0, pkt_enqueue_time=2011867162714.1865, pkt_dequeue_time=2011867162714.1865, forwarded_or_dropped=1, reason_for_drop='Expiry'
DUPE: 2007584675624_Node0_Node8_Zero, Node1 id 2007584675624_Node0_Node8_Zero was a dupe; retransmit: 0, pkt_enqueue_time=2011869562368.732, pkt_dequeue_time=2011869562368.732, forwarded_or_dropped=1, reason_for_drop='Expiry'
DUPE: 2007579210311_Node0_Node8_Zero, Node1 id 2007579210311_Node0_Node8_Zero was a dupe; retransmit: 0, pkt_enqueue_time=2011871962023.2773, pkt_dequeue_time=2011871962023.2773, forwarded_or_dropped=1, reason_for_drop='Expiry'
DUPE: 2007557347976_Node0_Node8_Zero, Node1 id 2007557347976_Node0_Node8_Zero was a dupe; retransmit: 0, pkt_enqueue_time=2011874361677.8228, pkt_dequeue_time=2011874361677.8228, forwarded_or_dropped=1, reason_for_drop='Expiry'
DUPE: 2007469912509_Node0_Node8_Zero, Node1 id 2007469912509_Node0_Node8_Zero was a dupe; retransmit: 0, pkt_enqueue_time=2011876761332.3682, pkt_dequeue_time=2011876761332.3682, forwarded_or_dropped=1, reason_for_drop='Expiry'
DUPE: 2006868820135_Node0_Node8_Zero, Node1 id 2006868820135_Node0_Node8_Zero was a dupe; retransmit: 0, pkt_enqueue_time=2011879160986.9136, pkt_dequeue_time=2011879160986.9136, forwarded_or_dropped=1, reason_for_drop='Expiry'
DUPE: 2006852423283_Node0_Node8_Zero, Node1 id 2006852423283_Node0_Node8_Zero was a dupe; retransmit: 0, pkt_enqueue_time=2011881560641.459, pkt_dequeue_time=2011881560641.459, forwarded_or_dropped=1, reason_for_drop='Expiry'
DUPE: 2006475377162_Node0_Node8_Zero, Node1 id 2006475377162_Node0_Node8_Zero was a dupe; retransmit: 0, pkt_enqueue_time=2011883960296.0044, pkt_dequeue_time=2011883960296.0044, forwarded_or_dropped=1, reason_for_drop='Expiry'
DUPE: 2006218555143_Node0_Node8_Zero, Node1 id 2006218555143_Node0_Node8_Zero was a dupe; retransmit: 0, pkt_enqueue_time=2011886359950.5498, pkt_dequeue_time=2011886359950.5498, forwarded_or_dropped=1, reason_for_drop='Expiry'
DUPE: 2006114736325_Node0_Node8_Zero, Node1 id 2006114736325_Node0_Node8_Zero was a dupe; retransmit: 0, pkt_enqueue_time=2011888759605.0952, pkt_dequeue_time=2011888759605.0952, forwarded_or_dropped=1, reason_for_drop='Expiry'
DUPE: 2005857900747_Node0_Node8_Zero, Node1 id 2005857900747_Node0_Node8_Zero was a dupe; retransmit: 0, pkt_enqueue_time=2011891159259.6406, pkt_dequeue_time=2011891159259.6406, forwarded_or_dropped=1, reason_for_drop='Expiry'
DUPE: 2005568293158_Node0_Node8_Zero, Node1 id 2005568293158_Node0_Node8_Zero was a dupe; retransmit: 0, pkt_enqueue_time=2011893558914.186, pkt_dequeue_time=2011893558914.186, forwarded_or_dropped=1, reason_for_drop='Expiry'
DUPE: 2005508165089_Node0_Node8_Zero, Node1 id 2005508165089_Node0_Node8_Zero was a dupe; retransmit: 0, pkt_enqueue_time=2011895958568.7314, pkt_dequeue_time=2011895958568.7314, forwarded_or_dropped=1, reason_for_drop='Expiry'
DUPE: 2005497234151_Node0_Node8_Zero, Node1 id 2005497234151_Node0_Node8_Zero was a dupe; retransmit: 0, pkt_enqueue_time=2011898358223.2769, pkt_dequeue_time=2011898358223.2769, forwarded_or_dropped=1, reason_for_drop='Expiry'
DUPE: 2005469920193_Node0_Node8_Zero, Node1 id 2005469920193_Node0_Node8_Zero was a dupe; retransmit: 0, pkt_enqueue_time=2011900757877.8223, pkt_dequeue_time=2011900757877.8223, forwarded_or_dropped=1, reason_for_drop='Expiry'
DUPE: 2005442596374_Node0_Node8_Zero, Node1 id 2005442596374_Node0_Node8_Zero was a dupe; retransmit: 0, pkt_enqueue_time=2011903157532.3677, pkt_dequeue_time=2011903157532.3677, forwarded_or_dropped=1, reason_for_drop='Expiry'
DUPE: 2008923426500_Node0_Node8_Zero, Node1 id 2008923426500_Node0_Node8_Zero was a dupe; retransmit: 0, pkt_enqueue_time=2011931035039.2764, pkt_dequeue_time=2011931035039.2764, forwarded_or_dropped=1, reason_for_drop='Expiry'
DUPE: 2008830519748_Node0_Node8_Zero, Node1 id 2008830519748_Node0_Node8_Zero was a dupe; retransmit: 0, pkt_enqueue_time=2011933454693.8218, pkt_dequeue_time=2011933454693.8218, forwarded_or_dropped=1, reason_for_drop='Expiry'
DUPE: 2008743081995_Node0_Node8_Zero, Node1 id 2008743081995_Node0_Node8_Zero was a dupe; retransmit: 0, pkt_enqueue_time=2011935874348.3672, pkt_dequeue_time=2011935874348.3672, forwarded_or_dropped=1, reason_for_drop='Expiry'
DUPE: 2008715766497_Node0_Node8_Zero, Node1 id 2008715766497_Node0_Node8_Zero was a dupe; retransmit: 0, pkt_enqueue_time=2011938294002.9126, pkt_dequeue_time=2011938294002.9126, forwarded_or_dropped=1, reason_for_drop='Expiry'
DUPE: 2008693906740_Node0_Node8_Zero, Node1 id 2008693906740_Node0_Node8_Zero was a dupe; retransmit: 0, pkt_enqueue_time=2011940713657.458, pkt_dequeue_time=2011940713657.458, forwarded_or_dropped=1, reason_for_drop='Expiry'
DUPE: 2008650185224_Node0_Node8_Zero, Node1 id 2008650185224_Node0_Node8_Zero was a dupe; retransmit: 0, pkt_enqueue_time=2011943133312.0034, pkt_dequeue_time=2011943133312.0034, forwarded_or_dropped=1, reason_for_drop='Expiry'
DUPE: 2008633793525_Node0_Node8_Zero, Node1 id 2008633793525_Node0_Node8_Zero was a dupe; retransmit: 0, pkt_enqueue_time=2011945552966.5488, pkt_dequeue_time=2011945552966.5488, forwarded_or_dropped=1, reason_for_drop='Expiry'
DUPE: 2008366036873_Node0_Node8_Zero, Node1 id 2008366036873_Node0_Node8_Zero was a dupe; retransmit: 0, pkt_enqueue_time=2011947972621.0942, pkt_dequeue_time=2011947972621.0942, forwarded_or_dropped=1, reason_for_drop='Expiry'
DUPE: 2008218503684_Node0_Node8_Zero, Node1 id 2008218503684_Node0_Node8_Zero was a dupe; retransmit: 0, pkt_enqueue_time=2011950392275.6396, pkt_dequeue_time=2011950392275.6396, forwarded_or_dropped=1, reason_for_drop='Expiry'
DUPE: 2008207578736_Node0_Node8_Zero, Node1 id 2008207578736_Node0_Node8_Zero was a dupe; retransmit: 0, pkt_enqueue_time=2011952811930.185, pkt_dequeue_time=2011952811930.185, forwarded_or_dropped=1, reason_for_drop='Expiry'
DUPE: 2008185727269_Node0_Node8_Zero, Node1 id 2008185727269_Node0_Node8_Zero was a dupe; retransmit: 0, pkt_enqueue_time=2011955231584.7305, pkt_dequeue_time=2011955231584.7305, forwarded_or_dropped=1, reason_for_drop='Expiry'
DUPE: 2007912520423_Node0_Node8_Zero, Node1 id 2007912520423_Node0_Node8_Zero was a dupe; retransmit: 0, pkt_enqueue_time=2011957651239.276, pkt_dequeue_time=2011957651239.276, forwarded_or_dropped=1, reason_for_drop='Expiry'
DUPE: 2007612000204_Node0_Node8_Zero, Node1 id 2007612000204_Node0_Node8_Zero was a dupe; retransmit: 0, pkt_enqueue_time=2011960070893.8213, pkt_dequeue_time=2011960070893.8213, forwarded_or_dropped=1, reason_for_drop='Expiry'
DUPE: 2007010903864_Node0_Node8_Zero, Node1 id 2007010903864_Node0_Node8_Zero was a dupe; retransmit: 0, pkt_enqueue_time=2011962490548.3667, pkt_dequeue_time=2011962490548.3667, forwarded_or_dropped=1, reason_for_drop='Expiry'
DUPE: 2006978120180_Node0_Node8_Zero, Node1 id 2006978120180_Node0_Node8_Zero was a dupe; retransmit: 0, pkt_enqueue_time=2011964910202.912, pkt_dequeue_time=2011964910202.912, forwarded_or_dropped=1, reason_for_drop='Expiry'
DUPE: 2006956263449_Node0_Node8_Zero, Node1 id 2006956263449_Node0_Node8_Zero was a dupe; retransmit: 0, pkt_enqueue_time=2011967329857.4575, pkt_dequeue_time=2011967329857.4575, forwarded_or_dropped=1, reason_for_drop='Expiry'
DUPE: 2006775916159_Node0_Node8_Zero, Node1 id 2006775916159_Node0_Node8_Zero was a dupe; retransmit: 0, pkt_enqueue_time=2011969749512.003, pkt_dequeue_time=2011969749512.003, forwarded_or_dropped=1, reason_for_drop='Expiry'
DUPE: 2006639325089_Node0_Node8_Zero, Node1 id 2006639325089_Node0_Node8_Zero was a dupe; retransmit: 0, pkt_enqueue_time=2011972169166.5483, pkt_dequeue_time=2011972169166.5483, forwarded_or_dropped=1, reason_for_drop='Expiry'
DUPE: 2006530027505_Node0_Node8_Zero, Node1 id 2006530027505_Node0_Node8_Zero was a dupe; retransmit: 0, pkt_enqueue_time=2011974588821.0938, pkt_dequeue_time=2011974588821.0938, forwarded_or_dropped=1, reason_for_drop='Expiry'
DUPE: 2006426200069_Node0_Node8_Zero, Node1 id 2006426200069_Node0_Node8_Zero was a dupe; retransmit: 0, pkt_enqueue_time=2011977008475.6392, pkt_dequeue_time=2011977008475.6392, forwarded_or_dropped=1, reason_for_drop='Expiry'
DUPE: 2006377023101_Node0_Node8_Zero, Node1 id 2006377023101_Node0_Node8_Zero was a dupe; retransmit: 0, pkt_enqueue_time=2011979428130.1846, pkt_dequeue_time=2011979428130.1846, forwarded_or_dropped=1, reason_for_drop='Expiry'
DUPE: 2006338770235_Node0_Node8_Zero, Node1 id 2006338770235_Node0_Node8_Zero was a dupe; retransmit: 0, pkt_enqueue_time=2011981847784.73, pkt_dequeue_time=2011981847784.73, forwarded_or_dropped=1, reason_for_drop='Expiry'
DUPE: 2006289585642_Node0_Node8_Zero, Node1 id 2006289585642_Node0_Node8_Zero was a dupe; retransmit: 0, pkt_enqueue_time=2011984267439.2754, pkt_dequeue_time=2011984267439.2754, forwarded_or_dropped=1, reason_for_drop='Expiry'
DUPE: 2005819646713_Node0_Node8_Zero, Node1 id 2005819646713_Node0_Node8_Zero was a dupe; retransmit: 0, pkt_enqueue_time=2011986687093.8208, pkt_dequeue_time=2011986687093.8208, forwarded_or_dropped=1, reason_for_drop='Expiry'
DUPE: 2005765008627_Node0_Node8_Zero, Node1 id 2005765008627_Node0_Node8_Zero was a dupe; retransmit: 0, pkt_enqueue_time=2011989106748.3662, pkt_dequeue_time=2011989106748.3662, forwarded_or_dropped=1, reason_for_drop='Expiry'
DUPE: 2005628402937_Node0_Node8_Zero, Node1 id 2005628402937_Node0_Node8_Zero was a dupe; retransmit: 0, pkt_enqueue_time=2011991526402.9116, pkt_dequeue_time=2011991526402.9116, forwarded_or_dropped=1, reason_for_drop='Expiry'
DUPE: 2005546432189_Node0_Node8_Zero, Node1 id 2005546432189_Node0_Node8_Zero was a dupe; retransmit: 0, pkt_enqueue_time=2011993946057.457, pkt_dequeue_time=2011993946057.457, forwarded_or_dropped=1, reason_for_drop='Expiry'
DUPE: 2005519099806_Node0_Node8_Zero, Node1 id 2005519099806_Node0_Node8_Zero was a dupe; retransmit: 0, pkt_enqueue_time=2011996365712.0024, pkt_dequeue_time=2011996365712.0024, forwarded_or_dropped=1, reason_for_drop='Expiry'
DUPE: 2005480844018_Node0_Node8_Zero, Node1 id 2005480844018_Node0_Node8_Zero was a dupe; retransmit: 0, pkt_enqueue_time=2011998785366.5479, pkt_dequeue_time=2011998785366.5479, forwarded_or_dropped=1, reason_for_drop='Expiry'
main.py: Progress: 2012 / 2014

rf.py: Time: 2012 Route details: {0: {'Route': [0, 1, 2, 3, 4, 5, 6, 7, 8], 'MCS_Index': [0, 0, 0, 0, 0, 0, 0, 0], 'Priority': 1, 'ValidRoute': True, 'HQRoute': True, 'RouteNodeDensity': [0, 0, 0, 0, 0, 0, 0, 0, 0], 'InterferingLinks': 16, 'Target': (-1, -1)}}
DUPE: 2005420724782_Node0_Node8_Zero, Node1 id 2005420724782_Node0_Node8_Zero was a dupe; retransmit: 0, pkt_enqueue_time=2012001205021.0933, pkt_dequeue_time=2012001205021.0933, forwarded_or_dropped=1, reason_for_drop='Expiry'
DUPE: 2005398861366_Node0_Node8_Zero, Node1 id 2005398861366_Node0_Node8_Zero was a dupe; retransmit: 0, pkt_enqueue_time=2012003624675.6387, pkt_dequeue_time=2012003624675.6387, forwarded_or_dropped=1, reason_for_drop='Expiry'
DUPE: 2005355136794_Node0_Node8_Zero, Node1 id 2005355136794_Node0_Node8_Zero was a dupe; retransmit: 0, pkt_enqueue_time=2012006044330.184, pkt_dequeue_time=2012006044330.184, forwarded_or_dropped=1, reason_for_drop='Expiry'
DUPE: 2005267723474_Node0_Node8_Zero, Node1 id 2005267723474_Node0_Node8_Zero was a dupe; retransmit: 0, pkt_enqueue_time=2012008463984.7295, pkt_dequeue_time=2012008463984.7295, forwarded_or_dropped=1, reason_for_drop='Expiry'
DUPE: 2005060094439_Node0_Node8_Zero, Node1 id 2005060094439_Node0_Node8_Zero was a dupe; retransmit: 0, pkt_enqueue_time=2012010883639.275, pkt_dequeue_time=2012010883639.275, forwarded_or_dropped=1, reason_for_drop='Expiry'
DUPE: 2009043651989_Node0_Node8_Zero, Node1 id 2009043651989_Node0_Node8_Zero was a dupe; retransmit: 0, pkt_enqueue_time=2012048546981.8198, pkt_dequeue_time=2012048546981.8198, forwarded_or_dropped=1, reason_for_drop='Expiry'
DUPE: 2008956214103_Node0_Node8_Zero, Node1 id 2008956214103_Node0_Node8_Zero was a dupe; retransmit: 0, pkt_enqueue_time=2012050986636.3652, pkt_dequeue_time=2012050986636.3652, forwarded_or_dropped=1, reason_for_drop='Expiry'
DUPE: 2008841449701_Node0_Node8_Zero, Node1 id 2008841449701_Node0_Node8_Zero was a dupe; retransmit: 0, pkt_enqueue_time=2012053426290.9106, pkt_dequeue_time=2012053426290.9106, forwarded_or_dropped=1, reason_for_drop='Expiry'
DUPE: 2008770412874_Node0_Node8_Zero, Node1 id 2008770412874_Node0_Node8_Zero was a dupe; retransmit: 0, pkt_enqueue_time=2012055865945.456, pkt_dequeue_time=2012055865945.456, forwarded_or_dropped=1, reason_for_drop='Expiry'
DUPE: 2008655647635_Node0_Node8_Zero, Node1 id 2008655647635_Node0_Node8_Zero was a dupe; retransmit: 0, pkt_enqueue_time=2012058305600.0015, pkt_dequeue_time=2012058305600.0015, forwarded_or_dropped=1, reason_for_drop='Expiry'
DUPE: 2008617400609_Node0_Node8_Zero, Node1 id 2008617400609_Node0_Node8_Zero was a dupe; retransmit: 0, pkt_enqueue_time=2012060745254.5469, pkt_dequeue_time=2012060745254.5469, forwarded_or_dropped=1, reason_for_drop='Expiry'
DUPE: 2008420667078_Node0_Node8_Zero, Node1 id 2008420667078_Node0_Node8_Zero was a dupe; retransmit: 0, pkt_enqueue_time=2012063184909.0923, pkt_dequeue_time=2012063184909.0923, forwarded_or_dropped=1, reason_for_drop='Expiry'
DUPE: 2008098313741_Node0_Node8_Zero, Node1 id 2008098313741_Node0_Node8_Zero was a dupe; retransmit: 0, pkt_enqueue_time=2012065624563.6377, pkt_dequeue_time=2012065624563.6377, forwarded_or_dropped=1, reason_for_drop='Expiry'
DUPE: 2008027269079_Node0_Node8_Zero, Node1 id 2008027269079_Node0_Node8_Zero was a dupe; retransmit: 0, pkt_enqueue_time=2012068064218.183, pkt_dequeue_time=2012068064218.183, forwarded_or_dropped=1, reason_for_drop='Expiry'
DUPE: 2007562817141_Node0_Node8_Zero, Node1 id 2007562817141_Node0_Node8_Zero was a dupe; retransmit: 0, pkt_enqueue_time=2012070503872.7285, pkt_dequeue_time=2012070503872.7285, forwarded_or_dropped=1, reason_for_drop='Expiry'
DUPE: 2007169388373_Node0_Node8_Zero, Node1 id 2007169388373_Node0_Node8_Zero was a dupe; retransmit: 0, pkt_enqueue_time=2012072943527.274, pkt_dequeue_time=2012072943527.274, forwarded_or_dropped=1, reason_for_drop='Expiry'
DUPE: 2007016371935_Node0_Node8_Zero, Node1 id 2007016371935_Node0_Node8_Zero was a dupe; retransmit: 0, pkt_enqueue_time=2012075383181.8193, pkt_dequeue_time=2012075383181.8193, forwarded_or_dropped=1, reason_for_drop='Expiry'
DUPE: 2006994510787_Node0_Node8_Zero, Node1 id 2006994510787_Node0_Node8_Zero was a dupe; retransmit: 0, pkt_enqueue_time=2012077822836.3647, pkt_dequeue_time=2012077822836.3647, forwarded_or_dropped=1, reason_for_drop='Expiry'
DUPE: 2006890683890_Node0_Node8_Zero, Node1 id 2006890683890_Node0_Node8_Zero was a dupe; retransmit: 0, pkt_enqueue_time=2012080262490.9102, pkt_dequeue_time=2012080262490.9102, forwarded_or_dropped=1, reason_for_drop='Expiry'
DUPE: 2006316913722_Node0_Node8_Zero, Node1 id 2006316913722_Node0_Node8_Zero was a dupe; retransmit: 0, pkt_enqueue_time=2012082702145.4556, pkt_dequeue_time=2012082702145.4556, forwarded_or_dropped=1, reason_for_drop='Expiry'
DUPE: 2005846972247_Node0_Node8_Zero, Node1 id 2005846972247_Node0_Node8_Zero was a dupe; retransmit: 0, pkt_enqueue_time=2012085141800.001, pkt_dequeue_time=2012085141800.001, forwarded_or_dropped=1, reason_for_drop='Expiry'
DUPE: 2005743143215_Node0_Node8_Zero, Node1 id 2005743143215_Node0_Node8_Zero was a dupe; retransmit: 0, pkt_enqueue_time=2012087581454.5464, pkt_dequeue_time=2012087581454.5464, forwarded_or_dropped=1, reason_for_drop='Expiry'
DUPE: 2005639333814_Node0_Node8_Zero, Node1 id 2005639333814_Node0_Node8_Zero was a dupe; retransmit: 0, pkt_enqueue_time=2012090021109.0918, pkt_dequeue_time=2012090021109.0918, forwarded_or_dropped=1, reason_for_drop='Expiry'
DUPE: 2005535501334_Node0_Node8_Zero, Node1 id 2005535501334_Node0_Node8_Zero was a dupe; retransmit: 0, pkt_enqueue_time=2012092460763.6372, pkt_dequeue_time=2012092460763.6372, forwarded_or_dropped=1, reason_for_drop='Expiry'
DUPE: 2005426194019_Node0_Node8_Zero, Node1 id 2005426194019_Node0_Node8_Zero was a dupe; retransmit: 0, pkt_enqueue_time=2012094900418.1826, pkt_dequeue_time=2012094900418.1826, forwarded_or_dropped=1, reason_for_drop='Expiry'
DUPE: 2005191224621_Node0_Node8_Zero, Node1 id 2005191224621_Node0_Node8_Zero was a dupe; retransmit: 0, pkt_enqueue_time=2012097340072.728, pkt_dequeue_time=2012097340072.728, forwarded_or_dropped=1, reason_for_drop='Expiry'
DUPE: 2009016330008_Node0_Node8_Zero, Node1 id 2009016330008_Node0_Node8_Zero was a dupe; retransmit: 0, pkt_enqueue_time=2012114232089.455, pkt_dequeue_time=2012114232089.455, forwarded_or_dropped=1, reason_for_drop='Expiry'
DUPE: 2008737622091_Node0_Node8_Zero, Node1 id 2008737622091_Node0_Node8_Zero was a dupe; retransmit: 0, pkt_enqueue_time=2012116691744.0005, pkt_dequeue_time=2012116691744.0005, forwarded_or_dropped=1, reason_for_drop='Expiry'
DUPE: 2008721231181_Node0_Node8_Zero, Node1 id 2008721231181_Node0_Node8_Zero was a dupe; retransmit: 0, pkt_enqueue_time=2012119151398.546, pkt_dequeue_time=2012119151398.546, forwarded_or_dropped=1, reason_for_drop='Expiry'
DUPE: 2008606473159_Node0_Node8_Zero, Node1 id 2008606473159_Node0_Node8_Zero was a dupe; retransmit: 0, pkt_enqueue_time=2012121611053.0913, pkt_dequeue_time=2012121611053.0913, forwarded_or_dropped=1, reason_for_drop='Expiry'
DUPE: 2008601012592_Node0_Node8_Zero, Node1 id 2008601012592_Node0_Node8_Zero was a dupe; retransmit: 0, pkt_enqueue_time=2012124070707.6367, pkt_dequeue_time=2012124070707.6367, forwarded_or_dropped=1, reason_for_drop='Expiry'
DUPE: 2008431594143_Node0_Node8_Zero, Node1 id 2008431594143_Node0_Node8_Zero was a dupe; retransmit: 0, pkt_enqueue_time=2012126530362.1821, pkt_dequeue_time=2012126530362.1821, forwarded_or_dropped=1, reason_for_drop='Expiry'
DUPE: 2008415206355_Node0_Node8_Zero, Node1 id 2008415206355_Node0_Node8_Zero was a dupe; retransmit: 0, pkt_enqueue_time=2012128990016.7275, pkt_dequeue_time=2012128990016.7275, forwarded_or_dropped=1, reason_for_drop='Expiry'
DUPE: 2008393354917_Node0_Node8_Zero, Node1 id 2008393354917_Node0_Node8_Zero was a dupe; retransmit: 0, pkt_enqueue_time=2012131449671.273, pkt_dequeue_time=2012131449671.273, forwarded_or_dropped=1, reason_for_drop='Expiry'
DUPE: 2008360575805_Node0_Node8_Zero, Node1 id 2008360575805_Node0_Node8_Zero was a dupe; retransmit: 0, pkt_enqueue_time=2012133909325.8184, pkt_dequeue_time=2012133909325.8184, forwarded_or_dropped=1, reason_for_drop='Expiry'
DUPE: 2008120173012_Node0_Node8_Zero, Node1 id 2008120173012_Node0_Node8_Zero was a dupe; retransmit: 0, pkt_enqueue_time=2012136368980.3638, pkt_dequeue_time=2012136368980.3638, forwarded_or_dropped=1, reason_for_drop='Expiry'
DUPE: 2008092853532_Node0_Node8_Zero, Node1 id 2008092853532_Node0_Node8_Zero was a dupe; retransmit: 0, pkt_enqueue_time=2012138828634.9092, pkt_dequeue_time=2012138828634.9092, forwarded_or_dropped=1, reason_for_drop='Expiry'
DUPE: 2008054588999_Node0_Node8_Zero, Node1 id 2008054588999_Node0_Node8_Zero was a dupe; retransmit: 0, pkt_enqueue_time=2012141288289.4546, pkt_dequeue_time=2012141288289.4546, forwarded_or_dropped=1, reason_for_drop='Expiry'
DUPE: 2007928906873_Node0_Node8_Zero, Node1 id 2007928906873_Node0_Node8_Zero was a dupe; retransmit: 0, pkt_enqueue_time=2012143747944.0, pkt_dequeue_time=2012143747944.0, forwarded_or_dropped=1, reason_for_drop='Expiry'
DUPE: 2007754057439_Node0_Node8_Zero, Node1 id 2007754057439_Node0_Node8_Zero was a dupe; retransmit: 0, pkt_enqueue_time=2012146207598.5454, pkt_dequeue_time=2012146207598.5454, forwarded_or_dropped=1, reason_for_drop='Expiry'
DUPE: 2007590142197_Node0_Node8_Zero, Node1 id 2007590142197_Node0_Node8_Zero was a dupe; retransmit: 0, pkt_enqueue_time=2012148667253.0908, pkt_dequeue_time=2012148667253.0908, forwarded_or_dropped=1, reason_for_drop='Expiry'
DUPE: 2007437128086_Node0_Node8_Zero, Node1 id 2007437128086_Node0_Node8_Zero was a dupe; retransmit: 0, pkt_enqueue_time=2012151126907.6362, pkt_dequeue_time=2012151126907.6362, forwarded_or_dropped=1, reason_for_drop='Expiry'
DUPE: 2007300537330_Node0_Node8_Zero, Node1 id 2007300537330_Node0_Node8_Zero was a dupe; retransmit: 0, pkt_enqueue_time=2012153586562.1816, pkt_dequeue_time=2012153586562.1816, forwarded_or_dropped=1, reason_for_drop='Expiry'
DUPE: 2007218571343_Node0_Node8_Zero, Node1 id 2007218571343_Node0_Node8_Zero was a dupe; retransmit: 0, pkt_enqueue_time=2012156046216.727, pkt_dequeue_time=2012156046216.727, forwarded_or_dropped=1, reason_for_drop='Expiry'
DUPE: 2006928945230_Node0_Node8_Zero, Node1 id 2006928945230_Node0_Node8_Zero was a dupe; retransmit: 0, pkt_enqueue_time=2012158505871.2725, pkt_dequeue_time=2012158505871.2725, forwarded_or_dropped=1, reason_for_drop='Expiry'
DUPE: 2006497238367_Node0_Node8_Zero, Node1 id 2006497238367_Node0_Node8_Zero was a dupe; retransmit: 0, pkt_enqueue_time=2012160965525.8179, pkt_dequeue_time=2012160965525.8179, forwarded_or_dropped=1, reason_for_drop='Expiry'
DUPE: 2006311447436_Node0_Node8_Zero, Node1 id 2006311447436_Node0_Node8_Zero was a dupe; retransmit: 0, pkt_enqueue_time=2012163425180.3633, pkt_dequeue_time=2012163425180.3633, forwarded_or_dropped=1, reason_for_drop='Expiry'
DUPE: 2006224019686_Node0_Node8_Zero, Node1 id 2006224019686_Node0_Node8_Zero was a dupe; retransmit: 0, pkt_enqueue_time=2012165884834.9087, pkt_dequeue_time=2012165884834.9087, forwarded_or_dropped=1, reason_for_drop='Expiry'
DUPE: 2006021830707_Node0_Node8_Zero, Node1 id 2006021830707_Node0_Node8_Zero was a dupe; retransmit: 0, pkt_enqueue_time=2012168344489.454, pkt_dequeue_time=2012168344489.454, forwarded_or_dropped=1, reason_for_drop='Expiry'
DUPE: 2005972663741_Node0_Node8_Zero, Node1 id 2005972663741_Node0_Node8_Zero was a dupe; retransmit: 0, pkt_enqueue_time=2012170804143.9995, pkt_dequeue_time=2012170804143.9995, forwarded_or_dropped=1, reason_for_drop='Expiry'
DUPE: 2005912546846_Node0_Node8_Zero, Node1 id 2005912546846_Node0_Node8_Zero was a dupe; retransmit: 0, pkt_enqueue_time=2012173263798.545, pkt_dequeue_time=2012173263798.545, forwarded_or_dropped=1, reason_for_drop='Expiry'
DUPE: 2005721287310_Node0_Node8_Zero, Node1 id 2005721287310_Node0_Node8_Zero was a dupe; retransmit: 0, pkt_enqueue_time=2012175723453.0903, pkt_dequeue_time=2012175723453.0903, forwarded_or_dropped=1, reason_for_drop='Expiry'
DUPE: 2005683047496_Node0_Node8_Zero, Node1 id 2005683047496_Node0_Node8_Zero was a dupe; retransmit: 0, pkt_enqueue_time=2012178183107.6357, pkt_dequeue_time=2012178183107.6357, forwarded_or_dropped=1, reason_for_drop='Expiry'
DUPE: 2005180294581_Node0_Node8_Zero, Node1 id 2005180294581_Node0_Node8_Zero was a dupe; retransmit: 0, pkt_enqueue_time=2012180642762.1812, pkt_dequeue_time=2012180642762.1812, forwarded_or_dropped=1, reason_for_drop='Expiry'
DUPE: 2005125668189_Node0_Node8_Zero, Node1 id 2005125668189_Node0_Node8_Zero was a dupe; retransmit: 0, pkt_enqueue_time=2012183102416.7266, pkt_dequeue_time=2012183102416.7266, forwarded_or_dropped=1, reason_for_drop='Expiry'
DUPE: 2004945339604_Node0_Node8_Zero, Node1 id 2004945339604_Node0_Node8_Zero was a dupe; retransmit: 0, pkt_enqueue_time=2012185562071.272, pkt_dequeue_time=2012185562071.272, forwarded_or_dropped=1, reason_for_drop='Expiry'
DUPE: 2004868832678_Node0_Node8_Zero, Node1 id 2004868832678_Node0_Node8_Zero was a dupe; retransmit: 0, pkt_enqueue_time=2012188021725.8174, pkt_dequeue_time=2012188021725.8174, forwarded_or_dropped=1, reason_for_drop='Expiry'
DUPE: 2009180286623_Node0_Node8_Zero, Node1 id 2009180286623_Node0_Node8_Zero was a dupe; retransmit: 0, pkt_enqueue_time=2012207666179.6353, pkt_dequeue_time=2012207666179.6353, forwarded_or_dropped=1, reason_for_drop='Expiry'
DUPE: 2008912498059_Node0_Node8_Zero, Node1 id 2008912498059_Node0_Node8_Zero was a dupe; retransmit: 0, pkt_enqueue_time=2012210145834.1807, pkt_dequeue_time=2012210145834.1807, forwarded_or_dropped=1, reason_for_drop='Expiry'
DUPE: 2008868771433_Node0_Node8_Zero, Node1 id 2008868771433_Node0_Node8_Zero was a dupe; retransmit: 0, pkt_enqueue_time=2012212625488.726, pkt_dequeue_time=2012212625488.726, forwarded_or_dropped=1, reason_for_drop='Expiry'
DUPE: 2008682978780_Node0_Node8_Zero, Node1 id 2008682978780_Node0_Node8_Zero was a dupe; retransmit: 0, pkt_enqueue_time=2012215105143.2715, pkt_dequeue_time=2012215105143.2715, forwarded_or_dropped=1, reason_for_drop='Expiry'
DUPE: 2008174796142_Node0_Node8_Zero, Node1 id 2008174796142_Node0_Node8_Zero was a dupe; retransmit: 0, pkt_enqueue_time=2012217584797.817, pkt_dequeue_time=2012217584797.817, forwarded_or_dropped=1, reason_for_drop='Expiry'
DUPE: 2005486305981_Node0_Node8_Zero, Node1 id 2005486305981_Node0_Node8_Zero was a dupe; retransmit: 0, pkt_enqueue_time=2012220064452.3623, pkt_dequeue_time=2012220064452.3623, forwarded_or_dropped=1, reason_for_drop='Expiry'
DUPE: 2004879763362_Node0_Node8_Zero, Node1 id 2004879763362_Node0_Node8_Zero was a dupe; retransmit: 0, pkt_enqueue_time=2012222544106.9077, pkt_dequeue_time=2012222544106.9077, forwarded_or_dropped=1, reason_for_drop='Expiry'
DUPE: 2009169359251_Node0_Node8_Zero, Node1 id 2009169359251_Node0_Node8_Zero was a dupe; retransmit: 0, pkt_enqueue_time=2012237029251.6348, pkt_dequeue_time=2012237029251.6348, forwarded_or_dropped=1, reason_for_drop='Expiry'
DUPE: 2009049117114_Node0_Node8_Zero, Node1 id 2009049117114_Node0_Node8_Zero was a dupe; retransmit: 0, pkt_enqueue_time=2012239528906.1802, pkt_dequeue_time=2012239528906.1802, forwarded_or_dropped=1, reason_for_drop='Expiry'
DUPE: 2008732157973_Node0_Node8_Zero, Node1 id 2008732157973_Node0_Node8_Zero was a dupe; retransmit: 0, pkt_enqueue_time=2012242028560.7256, pkt_dequeue_time=2012242028560.7256, forwarded_or_dropped=1, reason_for_drop='Expiry'
DUPE: 2008688446467_Node0_Node8_Zero, Node1 id 2008688446467_Node0_Node8_Zero was a dupe; retransmit: 0, pkt_enqueue_time=2012244528215.271, pkt_dequeue_time=2012244528215.271, forwarded_or_dropped=1, reason_for_drop='Expiry'
DUPE: 2008628324686_Node0_Node8_Zero, Node1 id 2008628324686_Node0_Node8_Zero was a dupe; retransmit: 0, pkt_enqueue_time=2012247027869.8164, pkt_dequeue_time=2012247027869.8164, forwarded_or_dropped=1, reason_for_drop='Expiry'
DUPE: 2008562750198_Node0_Node8_Zero, Node1 id 2008562750198_Node0_Node8_Zero was a dupe; retransmit: 0, pkt_enqueue_time=2012249527524.3618, pkt_dequeue_time=2012249527524.3618, forwarded_or_dropped=1, reason_for_drop='Expiry'
DUPE: 2008300468894_Node0_Node8_Zero, Node1 id 2008300468894_Node0_Node8_Zero was a dupe; retransmit: 0, pkt_enqueue_time=2012252027178.9072, pkt_dequeue_time=2012252027178.9072, forwarded_or_dropped=1, reason_for_drop='Expiry'
DUPE: 2008163873169_Node0_Node8_Zero, Node1 id 2008163873169_Node0_Node8_Zero was a dupe; retransmit: 0, pkt_enqueue_time=2012254526833.4526, pkt_dequeue_time=2012254526833.4526, forwarded_or_dropped=1, reason_for_drop='Expiry'
DUPE: 2008152944762_Node0_Node8_Zero, Node1 id 2008152944762_Node0_Node8_Zero was a dupe; retransmit: 0, pkt_enqueue_time=2012257026487.998, pkt_dequeue_time=2012257026487.998, forwarded_or_dropped=1, reason_for_drop='Expiry'
DUPE: 2007398890442_Node0_Node8_Zero, Node1 id 2007398890442_Node0_Node8_Zero was a dupe; retransmit: 0, pkt_enqueue_time=2012259526142.5435, pkt_dequeue_time=2012259526142.5435, forwarded_or_dropped=1, reason_for_drop='Expiry'
DUPE: 2007185781756_Node0_Node8_Zero, Node1 id 2007185781756_Node0_Node8_Zero was a dupe; retransmit: 0, pkt_enqueue_time=2012262025797.0889, pkt_dequeue_time=2012262025797.0889, forwarded_or_dropped=1, reason_for_drop='Expiry'
DUPE: 2007109276758_Node0_Node8_Zero, Node1 id 2007109276758_Node0_Node8_Zero was a dupe; retransmit: 0, pkt_enqueue_time=2012264525451.6343, pkt_dequeue_time=2012264525451.6343, forwarded_or_dropped=1, reason_for_drop='Expiry'
DUPE: 2007032768380_Node0_Node8_Zero, Node1 id 2007032768380_Node0_Node8_Zero was a dupe; retransmit: 0, pkt_enqueue_time=2012267025106.1797, pkt_dequeue_time=2012267025106.1797, forwarded_or_dropped=1, reason_for_drop='Expiry'
DUPE: 2006027296804_Node0_Node8_Zero, Node1 id 2006027296804_Node0_Node8_Zero was a dupe; retransmit: 0, pkt_enqueue_time=2012269524760.725, pkt_dequeue_time=2012269524760.725, forwarded_or_dropped=1, reason_for_drop='Expiry'
DUPE: 2005316887968_Node0_Node8_Zero, Node1 id 2005316887968_Node0_Node8_Zero was a dupe; retransmit: 0, pkt_enqueue_time=2012272024415.2705, pkt_dequeue_time=2012272024415.2705, forwarded_or_dropped=1, reason_for_drop='Expiry'
DUPE: 2005305957257_Node0_Node8_Zero, Node1 id 2005305957257_Node0_Node8_Zero was a dupe; retransmit: 0, pkt_enqueue_time=2012274524069.816, pkt_dequeue_time=2012274524069.816, forwarded_or_dropped=1, reason_for_drop='Expiry'
DUPE: 2009251322727_Node0_Node8_Zero, Node1 id 2009251322727_Node0_Node8_Zero was a dupe; retransmit: 0, pkt_enqueue_time=2012283557122.9067, pkt_dequeue_time=2012283557122.9067, forwarded_or_dropped=1, reason_for_drop='Expiry'
DUPE: 2009234934089_Node0_Node8_Zero, Node1 id 2009234934089_Node0_Node8_Zero was a dupe; retransmit: 0, pkt_enqueue_time=2012286076777.4521, pkt_dequeue_time=2012286076777.4521, forwarded_or_dropped=1, reason_for_drop='Expiry'
DUPE: 2009065514493_Node0_Node8_Zero, Node1 id 2009065514493_Node0_Node8_Zero was a dupe; retransmit: 0, pkt_enqueue_time=2012288596431.9976, pkt_dequeue_time=2012288596431.9976, forwarded_or_dropped=1, reason_for_drop='Expiry'
DUPE: 2009038182809_Node0_Node8_Zero, Node1 id 2009038182809_Node0_Node8_Zero was a dupe; retransmit: 0, pkt_enqueue_time=2012291116086.543, pkt_dequeue_time=2012291116086.543, forwarded_or_dropped=1, reason_for_drop='Expiry'
DUPE: 2008273142686_Node0_Node8_Zero, Node1 id 2008273142686_Node0_Node8_Zero was a dupe; retransmit: 0, pkt_enqueue_time=2012293635741.0884, pkt_dequeue_time=2012293635741.0884, forwarded_or_dropped=1, reason_for_drop='Expiry'
DUPE: 2007540944355_Node0_Node8_Zero, Node1 id 2007540944355_Node0_Node8_Zero was a dupe; retransmit: 0, pkt_enqueue_time=2012296155395.6338, pkt_dequeue_time=2012296155395.6338, forwarded_or_dropped=1, reason_for_drop='Expiry'
DUPE: 2006934407377_Node0_Node8_Zero, Node1 id 2006934407377_Node0_Node8_Zero was a dupe; retransmit: 0, pkt_enqueue_time=2012298675050.1792, pkt_dequeue_time=2012298675050.1792, forwarded_or_dropped=1, reason_for_drop='Expiry'
DUPE: 2005918008241_Node0_Node8_Zero, Node1 id 2005918008241_Node0_Node8_Zero was a dupe; retransmit: 0, pkt_enqueue_time=2012301194704.7246, pkt_dequeue_time=2012301194704.7246, forwarded_or_dropped=1, reason_for_drop='Expiry'
DUPE: 2005349671884_Node0_Node8_Zero, Node1 id 2005349671884_Node0_Node8_Zero was a dupe; retransmit: 0, pkt_enqueue_time=2012303734359.27, pkt_dequeue_time=2012303734359.27, forwarded_or_dropped=1, reason_for_drop='Expiry'
DUPE: 2009311434588_Node0_Node8_Zero, Node1 id 2009311434588_Node0_Node8_Zero was a dupe; retransmit: 0, pkt_enqueue_time=2012316019849.4517, pkt_dequeue_time=2012316019849.4517, forwarded_or_dropped=1, reason_for_drop='Expiry'
DUPE: 2009278648546_Node0_Node8_Zero, Node1 id 2009278648546_Node0_Node8_Zero was a dupe; retransmit: 0, pkt_enqueue_time=2012318559503.997, pkt_dequeue_time=2012318559503.997, forwarded_or_dropped=1, reason_for_drop='Expiry'
DUPE: 2009256786002_Node0_Node8_Zero, Node1 id 2009256786002_Node0_Node8_Zero was a dupe; retransmit: 0, pkt_enqueue_time=2012321099158.5425, pkt_dequeue_time=2012321099158.5425, forwarded_or_dropped=1, reason_for_drop='Expiry'
DUPE: 2008983537848_Node0_Node8_Zero, Node1 id 2008983537848_Node0_Node8_Zero was a dupe; retransmit: 0, pkt_enqueue_time=2012323638813.088, pkt_dequeue_time=2012323638813.088, forwarded_or_dropped=1, reason_for_drop='Expiry'
DUPE: 2008863307765_Node0_Node8_Zero, Node1 id 2008863307765_Node0_Node8_Zero was a dupe; retransmit: 0, pkt_enqueue_time=2012326178467.6333, pkt_dequeue_time=2012326178467.6333, forwarded_or_dropped=1, reason_for_drop='Expiry'
DUPE: 2008808663809_Node0_Node8_Zero, Node1 id 2008808663809_Node0_Node8_Zero was a dupe; retransmit: 0, pkt_enqueue_time=2012328718122.1787, pkt_dequeue_time=2012328718122.1787, forwarded_or_dropped=1, reason_for_drop='Expiry'
DUPE: 2008513556540_Node0_Node8_Zero, Node1 id 2008513556540_Node0_Node8_Zero was a dupe; retransmit: 0, pkt_enqueue_time=2012331257776.724, pkt_dequeue_time=2012331257776.724, forwarded_or_dropped=1, reason_for_drop='Expiry'
DUPE: 2008371499481_Node0_Node8_Zero, Node1 id 2008371499481_Node0_Node8_Zero was a dupe; retransmit: 0, pkt_enqueue_time=2012333797431.2695, pkt_dequeue_time=2012333797431.2695, forwarded_or_dropped=1, reason_for_drop='Expiry'
DUPE: 2006830559729_Node0_Node8_Zero, Node1 id 2006830559729_Node0_Node8_Zero was a dupe; retransmit: 0, pkt_enqueue_time=2012336337085.815, pkt_dequeue_time=2012336337085.815, forwarded_or_dropped=1, reason_for_drop='Expiry'
DUPE: 2006147517914_Node0_Node8_Zero, Node1 id 2006147517914_Node0_Node8_Zero was a dupe; retransmit: 0, pkt_enqueue_time=2012338876740.3604, pkt_dequeue_time=2012338876740.3604, forwarded_or_dropped=1, reason_for_drop='Expiry'
DUPE: 2005371539683_Node0_Node8_Zero, Node1 id 2005371539683_Node0_Node8_Zero was a dupe; retransmit: 0, pkt_enqueue_time=2012341436394.9058, pkt_dequeue_time=2012341436394.9058, forwarded_or_dropped=1, reason_for_drop='Expiry'
DUPE: 2008885171572_Node0_Node8_Zero, Node1 id 2008885171572_Node0_Node8_Zero was a dupe; retransmit: 0, pkt_enqueue_time=2012353861885.0874, pkt_dequeue_time=2012353861885.0874, forwarded_or_dropped=1, reason_for_drop='Expiry'
DUPE: 2008852385310_Node0_Node8_Zero, Node1 id 2008852385310_Node0_Node8_Zero was a dupe; retransmit: 0, pkt_enqueue_time=2012356421539.6328, pkt_dequeue_time=2012356421539.6328, forwarded_or_dropped=1, reason_for_drop='Expiry'
DUPE: 2008568213793_Node0_Node8_Zero, Node1 id 2008568213793_Node0_Node8_Zero was a dupe; retransmit: 0, pkt_enqueue_time=2012358981194.1782, pkt_dequeue_time=2012358981194.1782, forwarded_or_dropped=1, reason_for_drop='Expiry'
DUPE: 2008535424524_Node0_Node8_Zero, Node1 id 2008535424524_Node0_Node8_Zero was a dupe; retransmit: 0, pkt_enqueue_time=2012361540848.7236, pkt_dequeue_time=2012361540848.7236, forwarded_or_dropped=1, reason_for_drop='Expiry'
DUPE: 2007956239553_Node0_Node8_Zero, Node1 id 2007956239553_Node0_Node8_Zero was a dupe; retransmit: 0, pkt_enqueue_time=2012364100503.269, pkt_dequeue_time=2012364100503.269, forwarded_or_dropped=1, reason_for_drop='Expiry'
DUPE: 2007661179362_Node0_Node8_Zero, Node1 id 2007661179362_Node0_Node8_Zero was a dupe; retransmit: 0, pkt_enqueue_time=2012366660157.8145, pkt_dequeue_time=2012366660157.8145, forwarded_or_dropped=1, reason_for_drop='Expiry'
DUPE: 2006284123058_Node0_Node8_Zero, Node1 id 2006284123058_Node0_Node8_Zero was a dupe; retransmit: 0, pkt_enqueue_time=2012369219812.3599, pkt_dequeue_time=2012369219812.3599, forwarded_or_dropped=1, reason_for_drop='Expiry'
DUPE: 2005284109058_Node0_Node8_Zero, Node1 id 2005284109058_Node0_Node8_Zero was a dupe; retransmit: 0, pkt_enqueue_time=2012371799466.9053, pkt_dequeue_time=2012371799466.9053, forwarded_or_dropped=1, reason_for_drop='Expiry'
DUPE: 2005256791259_Node0_Node8_Zero, Node1 id 2005256791259_Node0_Node8_Zero was a dupe; retransmit: 0, pkt_enqueue_time=2012374379121.4507, pkt_dequeue_time=2012374379121.4507, forwarded_or_dropped=1, reason_for_drop='Expiry'
DUPE: 2005114739085_Node0_Node8_Zero, Node1 id 2005114739085_Node0_Node8_Zero was a dupe; retransmit: 0, pkt_enqueue_time=2012376958775.996, pkt_dequeue_time=2012376958775.996, forwarded_or_dropped=1, reason_for_drop='Expiry'
DUPE: 2009355149478_Node0_Node8_Zero, Node1 id 2009355149478_Node0_Node8_Zero was a dupe; retransmit: 0, pkt_enqueue_time=2012398504536.7231, pkt_dequeue_time=2012398504536.7231, forwarded_or_dropped=1, reason_for_drop='Expiry'
DUPE: 2009098318861_Node0_Node8_Zero, Node1 id 2009098318861_Node0_Node8_Zero was a dupe; retransmit: 0, pkt_enqueue_time=2012401084191.2686, pkt_dequeue_time=2012401084191.2686, forwarded_or_dropped=1, reason_for_drop='Expiry'
DUPE: 2008901566619_Node0_Node8_Zero, Node1 id 2008901566619_Node0_Node8_Zero was a dupe; retransmit: 0, pkt_enqueue_time=2012403663845.814, pkt_dequeue_time=2012403663845.814, forwarded_or_dropped=1, reason_for_drop='Expiry'
DUPE: 2007622932643_Node0_Node8_Zero, Node1 id 2007622932643_Node0_Node8_Zero was a dupe; retransmit: 0, pkt_enqueue_time=2012406243500.3594, pkt_dequeue_time=2012406243500.3594, forwarded_or_dropped=1, reason_for_drop='Expiry'
DUPE: 2007092882661_Node0_Node8_Zero, Node1 id 2007092882661_Node0_Node8_Zero was a dupe; retransmit: 0, pkt_enqueue_time=2012408823154.9048, pkt_dequeue_time=2012408823154.9048, forwarded_or_dropped=1, reason_for_drop='Expiry'
DUPE: 2006387948735_Node0_Node8_Zero, Node1 id 2006387948735_Node0_Node8_Zero was a dupe; retransmit: 0, pkt_enqueue_time=2012411402809.4502, pkt_dequeue_time=2012411402809.4502, forwarded_or_dropped=1, reason_for_drop='Expiry'
DUPE: 2004989063754_Node0_Node8_Zero, Node1 id 2004989063754_Node0_Node8_Zero was a dupe; retransmit: 0, pkt_enqueue_time=2012414002463.9956, pkt_dequeue_time=2012414002463.9956, forwarded_or_dropped=1, reason_for_drop='Expiry'
DUPE: 2004967202785_Node0_Node8_Zero, Node1 id 2004967202785_Node0_Node8_Zero was a dupe; retransmit: 0, pkt_enqueue_time=2012416602118.541, pkt_dequeue_time=2012416602118.541, forwarded_or_dropped=1, reason_for_drop='Expiry'
DUPE: 2009322360373_Node0_Node8_Zero, Node1 id 2009322360373_Node0_Node8_Zero was a dupe; retransmit: 0, pkt_enqueue_time=2012427000736.7227, pkt_dequeue_time=2012427000736.7227, forwarded_or_dropped=1, reason_for_drop='Expiry'
DUPE: 2008939816751_Node0_Node8_Zero, Node1 id 2008939816751_Node0_Node8_Zero was a dupe; retransmit: 0, pkt_enqueue_time=2012429600391.268, pkt_dequeue_time=2012429600391.268, forwarded_or_dropped=1, reason_for_drop='Expiry'
DUPE: 2008437056276_Node0_Node8_Zero, Node1 id 2008437056276_Node0_Node8_Zero was a dupe; retransmit: 0, pkt_enqueue_time=2012432200045.8135, pkt_dequeue_time=2012432200045.8135, forwarded_or_dropped=1, reason_for_drop='Expiry'
DUPE: 2007191242565_Node0_Node8_Zero, Node1 id 2007191242565_Node0_Node8_Zero was a dupe; retransmit: 0, pkt_enqueue_time=2012434799700.359, pkt_dequeue_time=2012434799700.359, forwarded_or_dropped=1, reason_for_drop='Expiry'
DUPE: 2007180315820_Node0_Node8_Zero, Node1 id 2007180315820_Node0_Node8_Zero was a dupe; retransmit: 0, pkt_enqueue_time=2012437399354.9043, pkt_dequeue_time=2012437399354.9043, forwarded_or_dropped=1, reason_for_drop='Expiry'
DUPE: 2006601069215_Node0_Node8_Zero, Node1 id 2006601069215_Node0_Node8_Zero was a dupe; retransmit: 0, pkt_enqueue_time=2012439999009.4497, pkt_dequeue_time=2012439999009.4497, forwarded_or_dropped=1, reason_for_drop='Expiry'
DUPE: 2006551880169_Node0_Node8_Zero, Node1 id 2006551880169_Node0_Node8_Zero was a dupe; retransmit: 0, pkt_enqueue_time=2012442618663.995, pkt_dequeue_time=2012442618663.995, forwarded_or_dropped=1, reason_for_drop='Expiry'
DUPE: 2006431662803_Node0_Node8_Zero, Node1 id 2006431662803_Node0_Node8_Zero was a dupe; retransmit: 0, pkt_enqueue_time=2012445238318.5405, pkt_dequeue_time=2012445238318.5405, forwarded_or_dropped=1, reason_for_drop='Expiry'
DUPE: 2006125664473_Node0_Node8_Zero, Node1 id 2006125664473_Node0_Node8_Zero was a dupe; retransmit: 0, pkt_enqueue_time=2012447857973.086, pkt_dequeue_time=2012447857973.086, forwarded_or_dropped=1, reason_for_drop='Expiry'
DUPE: 2005437130426_Node0_Node8_Zero, Node1 id 2005437130426_Node0_Node8_Zero was a dupe; retransmit: 0, pkt_enqueue_time=2012450477627.6313, pkt_dequeue_time=2012450477627.6313, forwarded_or_dropped=1, reason_for_drop='Expiry'
DUPE: 2005109274200_Node0_Node8_Zero, Node1 id 2005109274200_Node0_Node8_Zero was a dupe; retransmit: 0, pkt_enqueue_time=2012453097282.1768, pkt_dequeue_time=2012453097282.1768, forwarded_or_dropped=1, reason_for_drop='Expiry'
DUPE: 2008857845610_Node0_Node8_Zero, Node1 id 2008857845610_Node0_Node8_Zero was a dupe; retransmit: 0, pkt_enqueue_time=2012455716936.7222, pkt_dequeue_time=2012455716936.7222, forwarded_or_dropped=1, reason_for_drop='Expiry'
DUPE: 2007863348006_Node0_Node8_Zero, Node1 id 2007863348006_Node0_Node8_Zero was a dupe; retransmit: 0, pkt_enqueue_time=2012458336591.2676, pkt_dequeue_time=2012458336591.2676, forwarded_or_dropped=1, reason_for_drop='Expiry'
DUPE: 2006393417374_Node0_Node8_Zero, Node1 id 2006393417374_Node0_Node8_Zero was a dupe; retransmit: 0, pkt_enqueue_time=2012460976245.813, pkt_dequeue_time=2012460976245.813, forwarded_or_dropped=1, reason_for_drop='Expiry'
DUPE: 2005644801718_Node0_Node8_Zero, Node1 id 2005644801718_Node0_Node8_Zero was a dupe; retransmit: 0, pkt_enqueue_time=2012463615900.3584, pkt_dequeue_time=2012463615900.3584, forwarded_or_dropped=1, reason_for_drop='Expiry'
DUPE: 2009420728045_Node0_Node8_Zero, Node1 id 2009420728045_Node0_Node8_Zero was a dupe; retransmit: 0, pkt_enqueue_time=2012468895209.4492, pkt_dequeue_time=2012468895209.4492, forwarded_or_dropped=1, reason_for_drop='Expiry'
DUPE: 2009349687229_Node0_Node8_Zero, Node1 id 2009349687229_Node0_Node8_Zero was a dupe; retransmit: 0, pkt_enqueue_time=2012471534863.9946, pkt_dequeue_time=2012471534863.9946, forwarded_or_dropped=1, reason_for_drop='Expiry'
DUPE: 2009267724193_Node0_Node8_Zero, Node1 id 2009267724193_Node0_Node8_Zero was a dupe; retransmit: 0, pkt_enqueue_time=2012474174518.54, pkt_dequeue_time=2012474174518.54, forwarded_or_dropped=1, reason_for_drop='Expiry'
DUPE: 2009218540114_Node0_Node8_Zero, Node1 id 2009218540114_Node0_Node8_Zero was a dupe; retransmit: 0, pkt_enqueue_time=2012476814173.0854, pkt_dequeue_time=2012476814173.0854, forwarded_or_dropped=1, reason_for_drop='Expiry'
DUPE: 2008447985440_Node0_Node8_Zero, Node1 id 2008447985440_Node0_Node8_Zero was a dupe; retransmit: 0, pkt_enqueue_time=2012479453827.6309, pkt_dequeue_time=2012479453827.6309, forwarded_or_dropped=1, reason_for_drop='Expiry'
DUPE: 2008234892851_Node0_Node8_Zero, Node1 id 2008234892851_Node0_Node8_Zero was a dupe; retransmit: 0, pkt_enqueue_time=2012482093482.1763, pkt_dequeue_time=2012482093482.1763, forwarded_or_dropped=1, reason_for_drop='Expiry'
DUPE: 2007890668858_Node0_Node8_Zero, Node1 id 2007890668858_Node0_Node8_Zero was a dupe; retransmit: 0, pkt_enqueue_time=2012484733136.7217, pkt_dequeue_time=2012484733136.7217, forwarded_or_dropped=1, reason_for_drop='Expiry'
DUPE: 2007278672340_Node0_Node8_Zero, Node1 id 2007278672340_Node0_Node8_Zero was a dupe; retransmit: 0, pkt_enqueue_time=2012487392791.267, pkt_dequeue_time=2012487392791.267, forwarded_or_dropped=1, reason_for_drop='Expiry'
DUPE: 2006836022056_Node0_Node8_Zero, Node1 id 2006836022056_Node0_Node8_Zero was a dupe; retransmit: 0, pkt_enqueue_time=2012490052445.8125, pkt_dequeue_time=2012490052445.8125, forwarded_or_dropped=1, reason_for_drop='Expiry'
DUPE: 2006010904699_Node0_Node8_Zero, Node1 id 2006010904699_Node0_Node8_Zero was a dupe; retransmit: 0, pkt_enqueue_time=2012492712100.358, pkt_dequeue_time=2012492712100.358, forwarded_or_dropped=1, reason_for_drop='Expiry'
DUPE: 2005491769780_Node0_Node8_Zero, Node1 id 2005491769780_Node0_Node8_Zero was a dupe; retransmit: 0, pkt_enqueue_time=2012495371754.9033, pkt_dequeue_time=2012495371754.9033, forwarded_or_dropped=1, reason_for_drop='Expiry'
DUPE: 2005289570375_Node0_Node8_Zero, Node1 id 2005289570375_Node0_Node8_Zero was a dupe; retransmit: 0, pkt_enqueue_time=2012498031409.4487, pkt_dequeue_time=2012498031409.4487, forwarded_or_dropped=1, reason_for_drop='Expiry'
DUPE: 2009284109560_Node0_Node8_Zero, Node1 id 2009284109560_Node0_Node8_Zero was a dupe; retransmit: 0, pkt_enqueue_time=2012503350718.5396, pkt_dequeue_time=2012503350718.5396, forwarded_or_dropped=1, reason_for_drop='Expiry'
DUPE: 2009114715046_Node0_Node8_Zero, Node1 id 2009114715046_Node0_Node8_Zero was a dupe; retransmit: 0, pkt_enqueue_time=2012506010373.085, pkt_dequeue_time=2012506010373.085, forwarded_or_dropped=1, reason_for_drop='Expiry'
DUPE: 2009070978001_Node0_Node8_Zero, Node1 id 2009070978001_Node0_Node8_Zero was a dupe; retransmit: 0, pkt_enqueue_time=2012508690027.6304, pkt_dequeue_time=2012508690027.6304, forwarded_or_dropped=1, reason_for_drop='Expiry'
DUPE: 2008327791565_Node0_Node8_Zero, Node1 id 2008327791565_Node0_Node8_Zero was a dupe; retransmit: 0, pkt_enqueue_time=2012511369682.1758, pkt_dequeue_time=2012511369682.1758, forwarded_or_dropped=1, reason_for_drop='Expiry'
DUPE: 2007825099105_Node0_Node8_Zero, Node1 id 2007825099105_Node0_Node8_Zero was a dupe; retransmit: 0, pkt_enqueue_time=2012514049336.7212, pkt_dequeue_time=2012514049336.7212, forwarded_or_dropped=1, reason_for_drop='Expiry'
DUPE: 2007595608537_Node0_Node8_Zero, Node1 id 2007595608537_Node0_Node8_Zero was a dupe; retransmit: 0, pkt_enqueue_time=2012516728991.2666, pkt_dequeue_time=2012516728991.2666, forwarded_or_dropped=1, reason_for_drop='Expiry'
DUPE: 2007535482116_Node0_Node8_Zero, Node1 id 2007535482116_Node0_Node8_Zero was a dupe; retransmit: 0, pkt_enqueue_time=2012519408645.812, pkt_dequeue_time=2012519408645.812, forwarded_or_dropped=1, reason_for_drop='Expiry'
DUPE: 2007295072951_Node0_Node8_Zero, Node1 id 2007295072951_Node0_Node8_Zero was a dupe; retransmit: 0, pkt_enqueue_time=2012522088300.3574, pkt_dequeue_time=2012522088300.3574, forwarded_or_dropped=1, reason_for_drop='Expiry'
DUPE: 2007065556045_Node0_Node8_Zero, Node1 id 2007065556045_Node0_Node8_Zero was a dupe; retransmit: 0, pkt_enqueue_time=2012524767954.9028, pkt_dequeue_time=2012524767954.9028, forwarded_or_dropped=1, reason_for_drop='Expiry'
DUPE: 2009174820908_Node0_Node8_Zero, Node1 id 2009174820908_Node0_Node8_Zero was a dupe; retransmit: 0, pkt_enqueue_time=2012542327189.0845, pkt_dequeue_time=2012542327189.0845, forwarded_or_dropped=1, reason_for_drop='Expiry'
DUPE: 2008846916194_Node0_Node8_Zero, Node1 id 2008846916194_Node0_Node8_Zero was a dupe; retransmit: 0, pkt_enqueue_time=2012545026843.63, pkt_dequeue_time=2012545026843.63, forwarded_or_dropped=1, reason_for_drop='Expiry'
DUPE: 2007939841869_Node0_Node8_Zero, Node1 id 2007939841869_Node0_Node8_Zero was a dupe; retransmit: 0, pkt_enqueue_time=2012547726498.1753, pkt_dequeue_time=2012547726498.1753, forwarded_or_dropped=1, reason_for_drop='Expiry'
DUPE: 2007901599048_Node0_Node8_Zero, Node1 id 2007901599048_Node0_Node8_Zero was a dupe; retransmit: 0, pkt_enqueue_time=2012550426152.7207, pkt_dequeue_time=2012550426152.7207, forwarded_or_dropped=1, reason_for_drop='Expiry'
DUPE: 2007284138387_Node0_Node8_Zero, Node1 id 2007284138387_Node0_Node8_Zero was a dupe; retransmit: 0, pkt_enqueue_time=2012553125807.266, pkt_dequeue_time=2012553125807.266, forwarded_or_dropped=1, reason_for_drop='Expiry'
DUPE: 2007245890447_Node0_Node8_Zero, Node1 id 2007245890447_Node0_Node8_Zero was a dupe; retransmit: 0, pkt_enqueue_time=2012555825461.8115, pkt_dequeue_time=2012555825461.8115, forwarded_or_dropped=1, reason_for_drop='Expiry'
DUPE: 2006737670169_Node0_Node8_Zero, Node1 id 2006737670169_Node0_Node8_Zero was a dupe; retransmit: 0, pkt_enqueue_time=2012558525116.357, pkt_dequeue_time=2012558525116.357, forwarded_or_dropped=1, reason_for_drop='Expiry'
DUPE: 2009316895545_Node0_Node8_Zero, Node1 id 2009316895545_Node0_Node8_Zero was a dupe; retransmit: 0, pkt_enqueue_time=2012568570951.9932, pkt_dequeue_time=2012568570951.9932, forwarded_or_dropped=1, reason_for_drop='Expiry'
DUPE: 2009163899176_Node0_Node8_Zero, Node1 id 2009163899176_Node0_Node8_Zero was a dupe; retransmit: 0, pkt_enqueue_time=2012571290606.5386, pkt_dequeue_time=2012571290606.5386, forwarded_or_dropped=1, reason_for_drop='Expiry'
DUPE: 2008978072928_Node0_Node8_Zero, Node1 id 2008978072928_Node0_Node8_Zero was a dupe; retransmit: 0, pkt_enqueue_time=2012574010261.084, pkt_dequeue_time=2012574010261.084, forwarded_or_dropped=1, reason_for_drop='Expiry'
DUPE: 2008551819838_Node0_Node8_Zero, Node1 id 2008551819838_Node0_Node8_Zero was a dupe; retransmit: 0, pkt_enqueue_time=2012576729915.6294, pkt_dequeue_time=2012576729915.6294, forwarded_or_dropped=1, reason_for_drop='Expiry'
DUPE: 2008125632728_Node0_Node8_Zero, Node1 id 2008125632728_Node0_Node8_Zero was a dupe; retransmit: 0, pkt_enqueue_time=2012579449570.1748, pkt_dequeue_time=2012579449570.1748, forwarded_or_dropped=1, reason_for_drop='Expiry'
DUPE: 2006508167437_Node0_Node8_Zero, Node1 id 2006508167437_Node0_Node8_Zero was a dupe; retransmit: 0, pkt_enqueue_time=2012582169224.7202, pkt_dequeue_time=2012582169224.7202, forwarded_or_dropped=1, reason_for_drop='Expiry'
DUPE: 2006355166064_Node0_Node8_Zero, Node1 id 2006355166064_Node0_Node8_Zero was a dupe; retransmit: 0, pkt_enqueue_time=2012584888879.2656, pkt_dequeue_time=2012584888879.2656, forwarded_or_dropped=1, reason_for_drop='Expiry'
DUPE: 2005928931687_Node0_Node8_Zero, Node1 id 2005928931687_Node0_Node8_Zero was a dupe; retransmit: 0, pkt_enqueue_time=2012587608533.811, pkt_dequeue_time=2012587608533.811, forwarded_or_dropped=1, reason_for_drop='Expiry'
DUPE: 2005322351718_Node0_Node8_Zero, Node1 id 2005322351718_Node0_Node8_Zero was a dupe; retransmit: 0, pkt_enqueue_time=2012590328188.3564, pkt_dequeue_time=2012590328188.3564, forwarded_or_dropped=1, reason_for_drop='Expiry'
DUPE: 2004885227516_Node0_Node8_Zero, Node1 id 2004885227516_Node0_Node8_Zero was a dupe; retransmit: 0, pkt_enqueue_time=2012593047842.9019, pkt_dequeue_time=2012593047842.9019, forwarded_or_dropped=1, reason_for_drop='Expiry'
DUPE: 2008754012934_Node0_Node8_Zero, Node1 id 2008754012934_Node0_Node8_Zero was a dupe; retransmit: 0, pkt_enqueue_time=2012598527151.9927, pkt_dequeue_time=2012598527151.9927, forwarded_or_dropped=1, reason_for_drop='Expiry'
DUPE: 2008644724553_Node0_Node8_Zero, Node1 id 2008644724553_Node0_Node8_Zero was a dupe; retransmit: 0, pkt_enqueue_time=2012601266806.538, pkt_dequeue_time=2012601266806.538, forwarded_or_dropped=1, reason_for_drop='Expiry'
DUPE: 2008557289024_Node0_Node8_Zero, Node1 id 2008557289024_Node0_Node8_Zero was a dupe; retransmit: 0, pkt_enqueue_time=2012604006461.0835, pkt_dequeue_time=2012604006461.0835, forwarded_or_dropped=1, reason_for_drop='Expiry'
DUPE: 2008338716815_Node0_Node8_Zero, Node1 id 2008338716815_Node0_Node8_Zero was a dupe; retransmit: 0, pkt_enqueue_time=2012606746115.629, pkt_dequeue_time=2012606746115.629, forwarded_or_dropped=1, reason_for_drop='Expiry'
DUPE: 2008191192612_Node0_Node8_Zero, Node1 id 2008191192612_Node0_Node8_Zero was a dupe; retransmit: 0, pkt_enqueue_time=2012609485770.1743, pkt_dequeue_time=2012609485770.1743, forwarded_or_dropped=1, reason_for_drop='Expiry'
DUPE: 2007213109896_Node0_Node8_Zero, Node1 id 2007213109896_Node0_Node8_Zero was a dupe; retransmit: 0, pkt_enqueue_time=2012612225424.7197, pkt_dequeue_time=2012612225424.7197, forwarded_or_dropped=1, reason_for_drop='Expiry'
DUPE: 2006918018487_Node0_Node8_Zero, Node1 id 2006918018487_Node0_Node8_Zero was a dupe; retransmit: 0, pkt_enqueue_time=2012614965079.2651, pkt_dequeue_time=2012614965079.2651, forwarded_or_dropped=1, reason_for_drop='Expiry'
DUPE: 2006633856383_Node0_Node8_Zero, Node1 id 2006633856383_Node0_Node8_Zero was a dupe; retransmit: 0, pkt_enqueue_time=2012617704733.8105, pkt_dequeue_time=2012617704733.8105, forwarded_or_dropped=1, reason_for_drop='Expiry'
DUPE: 2004928940375_Node0_Node8_Zero, Node1 id 2004928940375_Node0_Node8_Zero was a dupe; retransmit: 0, pkt_enqueue_time=2012620444388.356, pkt_dequeue_time=2012620444388.356, forwarded_or_dropped=1, reason_for_drop='Expiry'
DUPE: 2009617486587_Node0_Node8_Zero, Node1 id 2009617486587_Node0_Node8_Zero was a dupe; retransmit: 0, pkt_enqueue_time=2012628723351.9922, pkt_dequeue_time=2012628723351.9922, forwarded_or_dropped=1, reason_for_drop='Expiry'
DUPE: 2009213074286_Node0_Node8_Zero, Node1 id 2009213074286_Node0_Node8_Zero was a dupe; retransmit: 0, pkt_enqueue_time=2012631483006.5376, pkt_dequeue_time=2012631483006.5376, forwarded_or_dropped=1, reason_for_drop='Expiry'
DUPE: 2008781338406_Node0_Node8_Zero, Node1 id 2008781338406_Node0_Node8_Zero was a dupe; retransmit: 0, pkt_enqueue_time=2012634242661.083, pkt_dequeue_time=2012634242661.083, forwarded_or_dropped=1, reason_for_drop='Expiry'
DUPE: 2008169336016_Node0_Node8_Zero, Node1 id 2008169336016_Node0_Node8_Zero was a dupe; retransmit: 0, pkt_enqueue_time=2012637002315.6284, pkt_dequeue_time=2012637002315.6284, forwarded_or_dropped=1, reason_for_drop='Expiry'
DUPE: 2007628400135_Node0_Node8_Zero, Node1 id 2007628400135_Node0_Node8_Zero was a dupe; retransmit: 0, pkt_enqueue_time=2012639761970.1738, pkt_dequeue_time=2012639761970.1738, forwarded_or_dropped=1, reason_for_drop='Expiry'
DUPE: 2007098349484_Node0_Node8_Zero, Node1 id 2007098349484_Node0_Node8_Zero was a dupe; retransmit: 0, pkt_enqueue_time=2012642521624.7192, pkt_dequeue_time=2012642521624.7192, forwarded_or_dropped=1, reason_for_drop='Expiry'
DUPE: 2006486309401_Node0_Node8_Zero, Node1 id 2006486309401_Node0_Node8_Zero was a dupe; retransmit: 0, pkt_enqueue_time=2012645281279.2646, pkt_dequeue_time=2012645281279.2646, forwarded_or_dropped=1, reason_for_drop='Expiry'
DUPE: 2006202158506_Node0_Node8_Zero, Node1 id 2006202158506_Node0_Node8_Zero was a dupe; retransmit: 0, pkt_enqueue_time=2012648040933.81, pkt_dequeue_time=2012648040933.81, forwarded_or_dropped=1, reason_for_drop='Expiry'
DUPE: 2006158451723_Node0_Node8_Zero, Node1 id 2006158451723_Node0_Node8_Zero was a dupe; retransmit: 0, pkt_enqueue_time=2012650820588.3555, pkt_dequeue_time=2012650820588.3555, forwarded_or_dropped=1, reason_for_drop='Expiry'
DUPE: 2005021847630_Node0_Node8_Zero, Node1 id 2005021847630_Node0_Node8_Zero was a dupe; retransmit: 0, pkt_enqueue_time=2012653600242.901, pkt_dequeue_time=2012653600242.901, forwarded_or_dropped=1, reason_for_drop='Expiry'
DUPE: 2009519107337_Node0_Node8_Zero, Node1 id 2009519107337_Node0_Node8_Zero was a dupe; retransmit: 0, pkt_enqueue_time=2012656379897.4463, pkt_dequeue_time=2012656379897.4463, forwarded_or_dropped=1, reason_for_drop='Expiry'
DUPE: 2009480843690_Node0_Node8_Zero, Node1 id 2009480843690_Node0_Node8_Zero was a dupe; retransmit: 0, pkt_enqueue_time=2012659159551.9917, pkt_dequeue_time=2012659159551.9917, forwarded_or_dropped=1, reason_for_drop='Expiry'
DUPE: 2009366077894_Node0_Node8_Zero, Node1 id 2009366077894_Node0_Node8_Zero was a dupe; retransmit: 0, pkt_enqueue_time=2012661939206.537, pkt_dequeue_time=2012661939206.537, forwarded_or_dropped=1, reason_for_drop='Expiry'
DUPE: 2009344226397_Node0_Node8_Zero, Node1 id 2009344226397_Node0_Node8_Zero was a dupe; retransmit: 0, pkt_enqueue_time=2012664718861.0825, pkt_dequeue_time=2012664718861.0825, forwarded_or_dropped=1, reason_for_drop='Expiry'
DUPE: 2009103787985_Node0_Node8_Zero, Node1 id 2009103787985_Node0_Node8_Zero was a dupe; retransmit: 0, pkt_enqueue_time=2012667498515.628, pkt_dequeue_time=2012667498515.628, forwarded_or_dropped=1, reason_for_drop='Expiry'
DUPE: 2008819596269_Node0_Node8_Zero, Node1 id 2008819596269_Node0_Node8_Zero was a dupe; retransmit: 0, pkt_enqueue_time=2012670278170.1733, pkt_dequeue_time=2012670278170.1733, forwarded_or_dropped=1, reason_for_drop='Expiry'
DUPE: 2007683034994_Node0_Node8_Zero, Node1 id 2007683034994_Node0_Node8_Zero was a dupe; retransmit: 0, pkt_enqueue_time=2012673057824.7188, pkt_dequeue_time=2012673057824.7188, forwarded_or_dropped=1, reason_for_drop='Expiry'
DUPE: 2006245882711_Node0_Node8_Zero, Node1 id 2006245882711_Node0_Node8_Zero was a dupe; retransmit: 0, pkt_enqueue_time=2012675857479.2642, pkt_dequeue_time=2012675857479.2642, forwarded_or_dropped=1, reason_for_drop='Expiry'
DUPE: 2006098345460_Node0_Node8_Zero, Node1 id 2006098345460_Node0_Node8_Zero was a dupe; retransmit: 0, pkt_enqueue_time=2012678657133.8096, pkt_dequeue_time=2012678657133.8096, forwarded_or_dropped=1, reason_for_drop='Expiry'
DUPE: 2005087418070_Node0_Node8_Zero, Node1 id 2005087418070_Node0_Node8_Zero was a dupe; retransmit: 0, pkt_enqueue_time=2012681456788.355, pkt_dequeue_time=2012681456788.355, forwarded_or_dropped=1, reason_for_drop='Expiry'
DUPE: 2005049166384_Node0_Node8_Zero, Node1 id 2005049166384_Node0_Node8_Zero was a dupe; retransmit: 0, pkt_enqueue_time=2012684256442.9004, pkt_dequeue_time=2012684256442.9004, forwarded_or_dropped=1, reason_for_drop='Expiry'
DUPE: 2009677600094_Node0_Node8_Zero, Node1 id 2009677600094_Node0_Node8_Zero was a dupe; retransmit: 0, pkt_enqueue_time=2012689855751.9912, pkt_dequeue_time=2012689855751.9912, forwarded_or_dropped=1, reason_for_drop='Expiry'
DUPE: 2009393407058_Node0_Node8_Zero, Node1 id 2009393407058_Node0_Node8_Zero was a dupe; retransmit: 0, pkt_enqueue_time=2012692655406.5366, pkt_dequeue_time=2012692655406.5366, forwarded_or_dropped=1, reason_for_drop='Expiry'
DUPE: 2007808700569_Node0_Node8_Zero, Node1 id 2007808700569_Node0_Node8_Zero was a dupe; retransmit: 0, pkt_enqueue_time=2012695455061.082, pkt_dequeue_time=2012695455061.082, forwarded_or_dropped=1, reason_for_drop='Expiry'
DUPE: 2006972653907_Node0_Node8_Zero, Node1 id 2006972653907_Node0_Node8_Zero was a dupe; retransmit: 0, pkt_enqueue_time=2012698274715.6274, pkt_dequeue_time=2012698274715.6274, forwarded_or_dropped=1, reason_for_drop='Expiry'
DUPE: 2006688497592_Node0_Node8_Zero, Node1 id 2006688497592_Node0_Node8_Zero was a dupe; retransmit: 0, pkt_enqueue_time=2012701094370.1729, pkt_dequeue_time=2012701094370.1729, forwarded_or_dropped=1, reason_for_drop='Expiry'
DUPE: 2006360630327_Node0_Node8_Zero, Node1 id 2006360630327_Node0_Node8_Zero was a dupe; retransmit: 0, pkt_enqueue_time=2012703914024.7183, pkt_dequeue_time=2012703914024.7183, forwarded_or_dropped=1, reason_for_drop='Expiry'
DUPE: 2005732210078_Node0_Node8_Zero, Node1 id 2005732210078_Node0_Node8_Zero was a dupe; retransmit: 0, pkt_enqueue_time=2012706733679.2637, pkt_dequeue_time=2012706733679.2637, forwarded_or_dropped=1, reason_for_drop='Expiry'
DUPE: 2005530035989_Node0_Node8_Zero, Node1 id 2005530035989_Node0_Node8_Zero was a dupe; retransmit: 0, pkt_enqueue_time=2012709553333.809, pkt_dequeue_time=2012709553333.809, forwarded_or_dropped=1, reason_for_drop='Expiry'
DUPE: 2009327829665_Node0_Node8_Zero, Node1 id 2009327829665_Node0_Node8_Zero was a dupe; retransmit: 0, pkt_enqueue_time=2012717339514.9, pkt_dequeue_time=2012717339514.9, forwarded_or_dropped=1, reason_for_drop='Expiry'
DUPE: 2009229469817_Node0_Node8_Zero, Node1 id 2009229469817_Node0_Node8_Zero was a dupe; retransmit: 0, pkt_enqueue_time=2012720159169.4453, pkt_dequeue_time=2012720159169.4453, forwarded_or_dropped=1, reason_for_drop='Expiry'
DUPE: 2009021791517_Node0_Node8_Zero, Node1 id 2009021791517_Node0_Node8_Zero was a dupe; retransmit: 0, pkt_enqueue_time=2012722978823.9907, pkt_dequeue_time=2012722978823.9907, forwarded_or_dropped=1, reason_for_drop='Expiry'
DUPE: 2008972609478_Node0_Node8_Zero, Node1 id 2008972609478_Node0_Node8_Zero was a dupe; retransmit: 0, pkt_enqueue_time=2012725798478.5361, pkt_dequeue_time=2012725798478.5361, forwarded_or_dropped=1, reason_for_drop='Expiry'
DUPE: 2008333251817_Node0_Node8_Zero, Node1 id 2008333251817_Node0_Node8_Zero was a dupe; retransmit: 0, pkt_enqueue_time=2012728618133.0815, pkt_dequeue_time=2012728618133.0815, forwarded_or_dropped=1, reason_for_drop='Expiry'
DUPE: 2007983562616_Node0_Node8_Zero, Node1 id 2007983562616_Node0_Node8_Zero was a dupe; retransmit: 0, pkt_enqueue_time=2012731437787.627, pkt_dequeue_time=2012731437787.627, forwarded_or_dropped=1, reason_for_drop='Expiry'
DUPE: 2007710353352_Node0_Node8_Zero, Node1 id 2007710353352_Node0_Node8_Zero was a dupe; retransmit: 0, pkt_enqueue_time=2012734277442.1724, pkt_dequeue_time=2012734277442.1724, forwarded_or_dropped=1, reason_for_drop='Expiry'
DUPE: 2006732204166_Node0_Node8_Zero, Node1 id 2006732204166_Node0_Node8_Zero was a dupe; retransmit: 0, pkt_enqueue_time=2012737117096.7178, pkt_dequeue_time=2012737117096.7178, forwarded_or_dropped=1, reason_for_drop='Expiry'
DUPE: 2006590141802_Node0_Node8_Zero, Node1 id 2006590141802_Node0_Node8_Zero was a dupe; retransmit: 0, pkt_enqueue_time=2012739956751.2632, pkt_dequeue_time=2012739956751.2632, forwarded_or_dropped=1, reason_for_drop='Expiry'
DUPE: 2006404344879_Node0_Node8_Zero, Node1 id 2006404344879_Node0_Node8_Zero was a dupe; retransmit: 0, pkt_enqueue_time=2012742796405.8086, pkt_dequeue_time=2012742796405.8086, forwarded_or_dropped=1, reason_for_drop='Expiry'
DUPE: 2005978124292_Node0_Node8_Zero, Node1 id 2005978124292_Node0_Node8_Zero was a dupe; retransmit: 0, pkt_enqueue_time=2012745636060.354, pkt_dequeue_time=2012745636060.354, forwarded_or_dropped=1, reason_for_drop='Expiry'
DUPE: 2009453514383_Node0_Node8_Zero, Node1 id 2009453514383_Node0_Node8_Zero was a dupe; retransmit: 0, pkt_enqueue_time=2012754155023.9902, pkt_dequeue_time=2012754155023.9902, forwarded_or_dropped=1, reason_for_drop='Expiry'
DUPE: 2009360609476_Node0_Node8_Zero, Node1 id 2009360609476_Node0_Node8_Zero was a dupe; retransmit: 0, pkt_enqueue_time=2012756994678.5356, pkt_dequeue_time=2012756994678.5356, forwarded_or_dropped=1, reason_for_drop='Expiry'
DUPE: 2008989005562_Node0_Node8_Zero, Node1 id 2008989005562_Node0_Node8_Zero was a dupe; retransmit: 0, pkt_enqueue_time=2012759834333.081, pkt_dequeue_time=2012759834333.081, forwarded_or_dropped=1, reason_for_drop='Expiry'
DUPE: 2008934354913_Node0_Node8_Zero, Node1 id 2008934354913_Node0_Node8_Zero was a dupe; retransmit: 0, pkt_enqueue_time=2012762673987.6265, pkt_dequeue_time=2012762673987.6265, forwarded_or_dropped=1, reason_for_drop='Expiry'
DUPE: 2008759480485_Node0_Node8_Zero, Node1 id 2008759480485_Node0_Node8_Zero was a dupe; retransmit: 0, pkt_enqueue_time=2012765513642.1719, pkt_dequeue_time=2012765513642.1719, forwarded_or_dropped=1, reason_for_drop='Expiry'
DUPE: 2008355109936_Node0_Node8_Zero, Node1 id 2008355109936_Node0_Node8_Zero was a dupe; retransmit: 0, pkt_enqueue_time=2012768353296.7173, pkt_dequeue_time=2012768353296.7173, forwarded_or_dropped=1, reason_for_drop='Expiry'
DUPE: 2008344182809_Node0_Node8_Zero, Node1 id 2008344182809_Node0_Node8_Zero was a dupe; retransmit: 0, pkt_enqueue_time=2012771212951.2627, pkt_dequeue_time=2012771212951.2627, forwarded_or_dropped=1, reason_for_drop='Expiry'
DUPE: 2008180262723_Node0_Node8_Zero, Node1 id 2008180262723_Node0_Node8_Zero was a dupe; retransmit: 0, pkt_enqueue_time=2012774072605.808, pkt_dequeue_time=2012774072605.808, forwarded_or_dropped=1, reason_for_drop='Expiry'
DUPE: 2007999945188_Node0_Node8_Zero, Node1 id 2007999945188_Node0_Node8_Zero was a dupe; retransmit: 0, pkt_enqueue_time=2012776932260.3535, pkt_dequeue_time=2012776932260.3535, forwarded_or_dropped=1, reason_for_drop='Expiry'
DUPE: 2007874277145_Node0_Node8_Zero, Node1 id 2007874277145_Node0_Node8_Zero was a dupe; retransmit: 0, pkt_enqueue_time=2012779791914.899, pkt_dequeue_time=2012779791914.899, forwarded_or_dropped=1, reason_for_drop='Expiry'
DUPE: 2007251358837_Node0_Node8_Zero, Node1 id 2007251358837_Node0_Node8_Zero was a dupe; retransmit: 0, pkt_enqueue_time=2012782651569.4443, pkt_dequeue_time=2012782651569.4443, forwarded_or_dropped=1, reason_for_drop='Expiry'
DUPE: 2007005436654_Node0_Node8_Zero, Node1 id 2007005436654_Node0_Node8_Zero was a dupe; retransmit: 0, pkt_enqueue_time=2012785511223.9897, pkt_dequeue_time=2012785511223.9897, forwarded_or_dropped=1, reason_for_drop='Expiry'
DUPE: 2006803243225_Node0_Node8_Zero, Node1 id 2006803243225_Node0_Node8_Zero was a dupe; retransmit: 0, pkt_enqueue_time=2012788370878.5352, pkt_dequeue_time=2012788370878.5352, forwarded_or_dropped=1, reason_for_drop='Expiry'
DUPE: 2006611994549_Node0_Node8_Zero, Node1 id 2006611994549_Node0_Node8_Zero was a dupe; retransmit: 0, pkt_enqueue_time=2012791230533.0806, pkt_dequeue_time=2012791230533.0806, forwarded_or_dropped=1, reason_for_drop='Expiry'
DUPE: 2009732228515_Node0_Node8_Zero, Node1 id 2009732228515_Node0_Node8_Zero was a dupe; retransmit: 0, pkt_enqueue_time=2012794090187.626, pkt_dequeue_time=2012794090187.626, forwarded_or_dropped=1, reason_for_drop='Expiry'
DUPE: 2009524569796_Node0_Node8_Zero, Node1 id 2009524569796_Node0_Node8_Zero was a dupe; retransmit: 0, pkt_enqueue_time=2012796949842.1714, pkt_dequeue_time=2012796949842.1714, forwarded_or_dropped=1, reason_for_drop='Expiry'
DUPE: 2009196682697_Node0_Node8_Zero, Node1 id 2009196682697_Node0_Node8_Zero was a dupe; retransmit: 0, pkt_enqueue_time=2012799809496.7168, pkt_dequeue_time=2012799809496.7168, forwarded_or_dropped=1, reason_for_drop='Expiry'
DUPE: 2009131116423_Node0_Node8_Zero, Node1 id 2009131116423_Node0_Node8_Zero was a dupe; retransmit: 0, pkt_enqueue_time=2012802669151.2622, pkt_dequeue_time=2012802669151.2622, forwarded_or_dropped=1, reason_for_drop='Expiry'
DUPE: 2008595550884_Node0_Node8_Zero, Node1 id 2008595550884_Node0_Node8_Zero was a dupe; retransmit: 0, pkt_enqueue_time=2012805528805.8076, pkt_dequeue_time=2012805528805.8076, forwarded_or_dropped=1, reason_for_drop='Expiry'
DUPE: 2008502629110_Node0_Node8_Zero, Node1 id 2008502629110_Node0_Node8_Zero was a dupe; retransmit: 0, pkt_enqueue_time=2012808388460.353, pkt_dequeue_time=2012808388460.353, forwarded_or_dropped=1, reason_for_drop='Expiry'
DUPE: 2008491703568_Node0_Node8_Zero, Node1 id 2008491703568_Node0_Node8_Zero was a dupe; retransmit: 0, pkt_enqueue_time=2012811268114.8984, pkt_dequeue_time=2012811268114.8984, forwarded_or_dropped=1, reason_for_drop='Expiry'
DUPE: 2008114712706_Node0_Node8_Zero, Node1 id 2008114712706_Node0_Node8_Zero was a dupe; retransmit: 0, pkt_enqueue_time=2012814147769.4438, pkt_dequeue_time=2012814147769.4438, forwarded_or_dropped=1, reason_for_drop='Expiry'
DUPE: 2007852423102_Node0_Node8_Zero, Node1 id 2007852423102_Node0_Node8_Zero was a dupe; retransmit: 0, pkt_enqueue_time=2012817027423.9893, pkt_dequeue_time=2012817027423.9893, forwarded_or_dropped=1, reason_for_drop='Expiry'
DUPE: 2007519085014_Node0_Node8_Zero, Node1 id 2007519085014_Node0_Node8_Zero was a dupe; retransmit: 0, pkt_enqueue_time=2012819907078.5347, pkt_dequeue_time=2012819907078.5347, forwarded_or_dropped=1, reason_for_drop='Expiry'
DUPE: 2006595603034_Node0_Node8_Zero, Node1 id 2006595603034_Node0_Node8_Zero was a dupe; retransmit: 0, pkt_enqueue_time=2012822786733.08, pkt_dequeue_time=2012822786733.08, forwarded_or_dropped=1, reason_for_drop='Expiry'
DUPE: 2006065555941_Node0_Node8_Zero, Node1 id 2006065555941_Node0_Node8_Zero was a dupe; retransmit: 0, pkt_enqueue_time=2012825666387.6255, pkt_dequeue_time=2012825666387.6255, forwarded_or_dropped=1, reason_for_drop='Expiry'
DUPE: 2005579224143_Node0_Node8_Zero, Node1 id 2005579224143_Node0_Node8_Zero was a dupe; retransmit: 0, pkt_enqueue_time=2012828546042.171, pkt_dequeue_time=2012828546042.171, forwarded_or_dropped=1, reason_for_drop='Expiry'
DUPE: 2005393399018_Node0_Node8_Zero, Node1 id 2005393399018_Node0_Node8_Zero was a dupe; retransmit: 0, pkt_enqueue_time=2012831425696.7163, pkt_dequeue_time=2012831425696.7163, forwarded_or_dropped=1, reason_for_drop='Expiry'
DUPE: 2004874294479_Node0_Node8_Zero, Node1 id 2004874294479_Node0_Node8_Zero was a dupe; retransmit: 0, pkt_enqueue_time=2012834305351.2617, pkt_dequeue_time=2012834305351.2617, forwarded_or_dropped=1, reason_for_drop='Expiry'
DUPE: 2009612023386_Node0_Node8_Zero, Node1 id 2009612023386_Node0_Node8_Zero was a dupe; retransmit: 0, pkt_enqueue_time=2012842944314.898, pkt_dequeue_time=2012842944314.898, forwarded_or_dropped=1, reason_for_drop='Expiry'
DUPE: 2009606561478_Node0_Node8_Zero, Node1 id 2009606561478_Node0_Node8_Zero was a dupe; retransmit: 0, pkt_enqueue_time=2012845823969.4434, pkt_dequeue_time=2012845823969.4434, forwarded_or_dropped=1, reason_for_drop='Expiry'
DUPE: 2009415266419_Node0_Node8_Zero, Node1 id 2009415266419_Node0_Node8_Zero was a dupe; retransmit: 0, pkt_enqueue_time=2012848723623.9888, pkt_dequeue_time=2012848723623.9888, forwarded_or_dropped=1, reason_for_drop='Expiry'
DUPE: 2009300502657_Node0_Node8_Zero, Node1 id 2009300502657_Node0_Node8_Zero was a dupe; retransmit: 0, pkt_enqueue_time=2012851623278.5342, pkt_dequeue_time=2012851623278.5342, forwarded_or_dropped=1, reason_for_drop='Expiry'
DUPE: 2009202144914_Node0_Node8_Zero, Node1 id 2009202144914_Node0_Node8_Zero was a dupe; retransmit: 0, pkt_enqueue_time=2012854522933.0796, pkt_dequeue_time=2012854522933.0796, forwarded_or_dropped=1, reason_for_drop='Expiry'
DUPE: 2009120181902_Node0_Node8_Zero, Node1 id 2009120181902_Node0_Node8_Zero was a dupe; retransmit: 0, pkt_enqueue_time=2012857422587.625, pkt_dequeue_time=2012857422587.625, forwarded_or_dropped=1, reason_for_drop='Expiry'
DUPE: 2009076447235_Node0_Node8_Zero, Node1 id 2009076447235_Node0_Node8_Zero was a dupe; retransmit: 0, pkt_enqueue_time=2012860322242.1704, pkt_dequeue_time=2012860322242.1704, forwarded_or_dropped=1, reason_for_drop='Expiry'
DUPE: 2008786798445_Node0_Node8_Zero, Node1 id 2008786798445_Node0_Node8_Zero was a dupe; retransmit: 0, pkt_enqueue_time=2012863221896.7158, pkt_dequeue_time=2012863221896.7158, forwarded_or_dropped=1, reason_for_drop='Expiry'
DUPE: 2008131094886_Node0_Node8_Zero, Node1 id 2008131094886_Node0_Node8_Zero was a dupe; retransmit: 0, pkt_enqueue_time=2012866121551.2612, pkt_dequeue_time=2012866121551.2612, forwarded_or_dropped=1, reason_for_drop='Expiry'
DUPE: 2007393425502_Node0_Node8_Zero, Node1 id 2007393425502_Node0_Node8_Zero was a dupe; retransmit: 0, pkt_enqueue_time=2012869021205.8066, pkt_dequeue_time=2012869021205.8066, forwarded_or_dropped=1, reason_for_drop='Expiry'
DUPE: 2007344247997_Node0_Node8_Zero, Node1 id 2007344247997_Node0_Node8_Zero was a dupe; retransmit: 0, pkt_enqueue_time=2012871920860.352, pkt_dequeue_time=2012871920860.352, forwarded_or_dropped=1, reason_for_drop='Expiry'
DUPE: 2006174847842_Node0_Node8_Zero, Node1 id 2006174847842_Node0_Node8_Zero was a dupe; retransmit: 0, pkt_enqueue_time=2012874820514.8975, pkt_dequeue_time=2012874820514.8975, forwarded_or_dropped=1, reason_for_drop='Expiry'
DUPE: 2005464451447_Node0_Node8_Zero, Node1 id 2005464451447_Node0_Node8_Zero was a dupe; retransmit: 0, pkt_enqueue_time=2012877720169.4429, pkt_dequeue_time=2012877720169.4429, forwarded_or_dropped=1, reason_for_drop='Expiry'
DUPE: 2005185760255_Node0_Node8_Zero, Node1 id 2005185760255_Node0_Node8_Zero was a dupe; retransmit: 0, pkt_enqueue_time=2012880619823.9883, pkt_dequeue_time=2012880619823.9883, forwarded_or_dropped=1, reason_for_drop='Expiry'
DUPE: 2004950804753_Node0_Node8_Zero, Node1 id 2004950804753_Node0_Node8_Zero was a dupe; retransmit: 0, pkt_enqueue_time=2012883519478.5337, pkt_dequeue_time=2012883519478.5337, forwarded_or_dropped=1, reason_for_drop='Expiry'
DUPE: 2009683066622_Node0_Node8_Zero, Node1 id 2009683066622_Node0_Node8_Zero was a dupe; retransmit: 0, pkt_enqueue_time=2012886419133.079, pkt_dequeue_time=2012886419133.079, forwarded_or_dropped=1, reason_for_drop='Expiry'
DUPE: 2009540964786_Node0_Node8_Zero, Node1 id 2009540964786_Node0_Node8_Zero was a dupe; retransmit: 0, pkt_enqueue_time=2012889338787.6245, pkt_dequeue_time=2012889338787.6245, forwarded_or_dropped=1, reason_for_drop='Expiry'
DUPE: 2009426187698_Node0_Node8_Zero, Node1 id 2009426187698_Node0_Node8_Zero was a dupe; retransmit: 0, pkt_enqueue_time=2012892258442.17, pkt_dequeue_time=2012892258442.17, forwarded_or_dropped=1, reason_for_drop='Expiry'
DUPE: 2008748543993_Node0_Node8_Zero, Node1 id 2008748543993_Node0_Node8_Zero was a dupe; retransmit: 0, pkt_enqueue_time=2012895178096.7153, pkt_dequeue_time=2012895178096.7153, forwarded_or_dropped=1, reason_for_drop='Expiry'
DUPE: 2008672042376_Node0_Node8_Zero, Node1 id 2008672042376_Node0_Node8_Zero was a dupe; retransmit: 0, pkt_enqueue_time=2012898097751.2607, pkt_dequeue_time=2012898097751.2607, forwarded_or_dropped=1, reason_for_drop='Expiry'
DUPE: 2008469840941_Node0_Node8_Zero, Node1 id 2008469840941_Node0_Node8_Zero was a dupe; retransmit: 0, pkt_enqueue_time=2012901017405.8062, pkt_dequeue_time=2012901017405.8062, forwarded_or_dropped=1, reason_for_drop='Expiry'
DUPE: 2006453521834_Node0_Node8_Zero, Node1 id 2006453521834_Node0_Node8_Zero was a dupe; retransmit: 0, pkt_enqueue_time=2012903937060.3516, pkt_dequeue_time=2012903937060.3516, forwarded_or_dropped=1, reason_for_drop='Expiry'
DUPE: 2006185770888_Node0_Node8_Zero, Node1 id 2006185770888_Node0_Node8_Zero was a dupe; retransmit: 0, pkt_enqueue_time=2012906856714.897, pkt_dequeue_time=2012906856714.897, forwarded_or_dropped=1, reason_for_drop='Expiry'
DUPE: 2009808737918_Node0_Node8_Zero, Node1 id 2009808737918_Node0_Node8_Zero was a dupe; retransmit: 0, pkt_enqueue_time=2012909776369.4424, pkt_dequeue_time=2012909776369.4424, forwarded_or_dropped=1, reason_for_drop='Expiry'
DUPE: 2009797804228_Node0_Node8_Zero, Node1 id 2009797804228_Node0_Node8_Zero was a dupe; retransmit: 0, pkt_enqueue_time=2012912696023.9878, pkt_dequeue_time=2012912696023.9878, forwarded_or_dropped=1, reason_for_drop='Expiry'
DUPE: 2009688527074_Node0_Node8_Zero, Node1 id 2009688527074_Node0_Node8_Zero was a dupe; retransmit: 0, pkt_enqueue_time=2012915615678.5332, pkt_dequeue_time=2012915615678.5332, forwarded_or_dropped=1, reason_for_drop='Expiry'
DUPE: 2009437117146_Node0_Node8_Zero, Node1 id 2009437117146_Node0_Node8_Zero was a dupe; retransmit: 0, pkt_enqueue_time=2012918555333.0786, pkt_dequeue_time=2012918555333.0786, forwarded_or_dropped=1, reason_for_drop='Expiry'
DUPE: 2009431653123_Node0_Node8_Zero, Node1 id 2009431653123_Node0_Node8_Zero was a dupe; retransmit: 0, pkt_enqueue_time=2012921494987.624, pkt_dequeue_time=2012921494987.624, forwarded_or_dropped=1, reason_for_drop='Expiry'
DUPE: 2008879706553_Node0_Node8_Zero, Node1 id 2008879706553_Node0_Node8_Zero was a dupe; retransmit: 0, pkt_enqueue_time=2012924434642.1694, pkt_dequeue_time=2012924434642.1694, forwarded_or_dropped=1, reason_for_drop='Expiry'
DUPE: 2008622860376_Node0_Node8_Zero, Node1 id 2008622860376_Node0_Node8_Zero was a dupe; retransmit: 0, pkt_enqueue_time=2012927374296.7148, pkt_dequeue_time=2012927374296.7148, forwarded_or_dropped=1, reason_for_drop='Expiry'
DUPE: 2007759519078_Node0_Node8_Zero, Node1 id 2007759519078_Node0_Node8_Zero was a dupe; retransmit: 0, pkt_enqueue_time=2012930313951.2603, pkt_dequeue_time=2012930313951.2603, forwarded_or_dropped=1, reason_for_drop='Expiry'
DUPE: 2007355178847_Node0_Node8_Zero, Node1 id 2007355178847_Node0_Node8_Zero was a dupe; retransmit: 0, pkt_enqueue_time=2012933253605.8057, pkt_dequeue_time=2012933253605.8057, forwarded_or_dropped=1, reason_for_drop='Expiry'
DUPE: 2006442596083_Node0_Node8_Zero, Node1 id 2006442596083_Node0_Node8_Zero was a dupe; retransmit: 0, pkt_enqueue_time=2012936193260.351, pkt_dequeue_time=2012936193260.351, forwarded_or_dropped=1, reason_for_drop='Expiry'
DUPE: 2006169380524_Node0_Node8_Zero, Node1 id 2006169380524_Node0_Node8_Zero was a dupe; retransmit: 0, pkt_enqueue_time=2012939132914.8965, pkt_dequeue_time=2012939132914.8965, forwarded_or_dropped=1, reason_for_drop='Expiry'
DUPE: 2006076480963_Node0_Node8_Zero, Node1 id 2006076480963_Node0_Node8_Zero was a dupe; retransmit: 0, pkt_enqueue_time=2012942072569.442, pkt_dequeue_time=2012942072569.442, forwarded_or_dropped=1, reason_for_drop='Expiry'
DUPE: 2005956265986_Node0_Node8_Zero, Node1 id 2005956265986_Node0_Node8_Zero was a dupe; retransmit: 0, pkt_enqueue_time=2012945012223.9873, pkt_dequeue_time=2012945012223.9873, forwarded_or_dropped=1, reason_for_drop='Expiry'
DUPE: 2005573758845_Node0_Node8_Zero, Node1 id 2005573758845_Node0_Node8_Zero was a dupe; retransmit: 0, pkt_enqueue_time=2012947951878.5327, pkt_dequeue_time=2012947951878.5327, forwarded_or_dropped=1, reason_for_drop='Expiry'
DUPE: 2009857901120_Node0_Node8_Zero, Node1 id 2009857901120_Node0_Node8_Zero was a dupe; retransmit: 0, pkt_enqueue_time=2012953831187.6235, pkt_dequeue_time=2012953831187.6235, forwarded_or_dropped=1, reason_for_drop='Expiry'
DUPE: 2009737693625_Node0_Node8_Zero, Node1 id 2009737693625_Node0_Node8_Zero was a dupe; retransmit: 0, pkt_enqueue_time=2012956770842.169, pkt_dequeue_time=2012956770842.169, forwarded_or_dropped=1, reason_for_drop='Expiry'
DUPE: 2009704915430_Node0_Node8_Zero, Node1 id 2009704915430_Node0_Node8_Zero was a dupe; retransmit: 0, pkt_enqueue_time=2012959710496.7144, pkt_dequeue_time=2012959710496.7144, forwarded_or_dropped=1, reason_for_drop='Expiry'
DUPE: 2009595625378_Node0_Node8_Zero, Node1 id 2009595625378_Node0_Node8_Zero was a dupe; retransmit: 0, pkt_enqueue_time=2012962670151.2598, pkt_dequeue_time=2012962670151.2598, forwarded_or_dropped=1, reason_for_drop='Expiry'
DUPE: 2009573759114_Node0_Node8_Zero, Node1 id 2009573759114_Node0_Node8_Zero was a dupe; retransmit: 0, pkt_enqueue_time=2012965629805.8052, pkt_dequeue_time=2012965629805.8052, forwarded_or_dropped=1, reason_for_drop='Expiry'
DUPE: 2009295039072_Node0_Node8_Zero, Node1 id 2009295039072_Node0_Node8_Zero was a dupe; retransmit: 0, pkt_enqueue_time=2012968589460.3506, pkt_dequeue_time=2012968589460.3506, forwarded_or_dropped=1, reason_for_drop='Expiry'
DUPE: 2009240397029_Node0_Node8_Zero, Node1 id 2009240397029_Node0_Node8_Zero was a dupe; retransmit: 0, pkt_enqueue_time=2012971549114.896, pkt_dequeue_time=2012971549114.896, forwarded_or_dropped=1, reason_for_drop='Expiry'
DUPE: 2007896133088_Node0_Node8_Zero, Node1 id 2007896133088_Node0_Node8_Zero was a dupe; retransmit: 0, pkt_enqueue_time=2012974508769.4414, pkt_dequeue_time=2012974508769.4414, forwarded_or_dropped=1, reason_for_drop='Expiry'
DUPE: 2007704889904_Node0_Node8_Zero, Node1 id 2007704889904_Node0_Node8_Zero was a dupe; retransmit: 0, pkt_enqueue_time=2012977468423.9868, pkt_dequeue_time=2012977468423.9868, forwarded_or_dropped=1, reason_for_drop='Expiry'
DUPE: 2007311474539_Node0_Node8_Zero, Node1 id 2007311474539_Node0_Node8_Zero was a dupe; retransmit: 0, pkt_enqueue_time=2012980428078.5322, pkt_dequeue_time=2012980428078.5322, forwarded_or_dropped=1, reason_for_drop='Expiry'
DUPE: 2005994522477_Node0_Node8_Zero, Node1 id 2005994522477_Node0_Node8_Zero was a dupe; retransmit: 0, pkt_enqueue_time=2012983387733.0776, pkt_dequeue_time=2012983387733.0776, forwarded_or_dropped=1, reason_for_drop='Expiry'
DUPE: 2005098345694_Node0_Node8_Zero, Node1 id 2005098345694_Node0_Node8_Zero was a dupe; retransmit: 0, pkt_enqueue_time=2012986347387.623, pkt_dequeue_time=2012986347387.623, forwarded_or_dropped=1, reason_for_drop='Expiry'
DUPE: 2009945346467_Node0_Node8_Zero, Node1 id 2009945346467_Node0_Node8_Zero was a dupe; retransmit: 0, pkt_enqueue_time=2012989327042.1685, pkt_dequeue_time=2012989327042.1685, forwarded_or_dropped=1, reason_for_drop='Expiry'
DUPE: 2009754088061_Node0_Node8_Zero, Node1 id 2009754088061_Node0_Node8_Zero was a dupe; retransmit: 0, pkt_enqueue_time=2012992306696.7139, pkt_dequeue_time=2012992306696.7139, forwarded_or_dropped=1, reason_for_drop='Expiry'
DUPE: 2009142039712_Node0_Node8_Zero, Node1 id 2009142039712_Node0_Node8_Zero was a dupe; retransmit: 0, pkt_enqueue_time=2012995286351.2593, pkt_dequeue_time=2012995286351.2593, forwarded_or_dropped=1, reason_for_drop='Expiry'
DUPE: 2009032721427_Node0_Node8_Zero, Node1 id 2009032721427_Node0_Node8_Zero was a dupe; retransmit: 0, pkt_enqueue_time=2012998266005.8047, pkt_dequeue_time=2012998266005.8047, forwarded_or_dropped=1, reason_for_drop='Expiry'
main.py: Progress: 2013 / 2014

rf.py: Time: 2013 Route details: {0: {'Route': [0, 1, 2, 3, 4, 5, 6, 7, 8], 'MCS_Index': [0, 0, 0, 0, 0, 0, 0, 0], 'Priority': 1, 'ValidRoute': True, 'HQRoute': True, 'RouteNodeDensity': [0, 0, 0, 0, 0, 0, 0, 0, 0], 'InterferingLinks': 16, 'Target': (-1, -1)}}
DUPE: 2008967140920_Node0_Node8_Zero, Node1 id 2008967140920_Node0_Node8_Zero was a dupe; retransmit: 0, pkt_enqueue_time=2013001245660.35, pkt_dequeue_time=2013001245660.35, forwarded_or_dropped=1, reason_for_drop='Expiry'
DUPE: 2008699367919_Node0_Node8_Zero, Node1 id 2008699367919_Node0_Node8_Zero was a dupe; retransmit: 0, pkt_enqueue_time=2013004225314.8955, pkt_dequeue_time=2013004225314.8955, forwarded_or_dropped=1, reason_for_drop='Expiry'
DUPE: 2007797774566_Node0_Node8_Zero, Node1 id 2007797774566_Node0_Node8_Zero was a dupe; retransmit: 0, pkt_enqueue_time=2013007204969.441, pkt_dequeue_time=2013007204969.441, forwarded_or_dropped=1, reason_for_drop='Expiry'
DUPE: 2007322397776_Node0_Node8_Zero, Node1 id 2007322397776_Node0_Node8_Zero was a dupe; retransmit: 0, pkt_enqueue_time=2013010184623.9863, pkt_dequeue_time=2013010184623.9863, forwarded_or_dropped=1, reason_for_drop='Expiry'
DUPE: 2005726747161_Node0_Node8_Zero, Node1 id 2005726747161_Node0_Node8_Zero was a dupe; retransmit: 0, pkt_enqueue_time=2013013164278.5317, pkt_dequeue_time=2013013164278.5317, forwarded_or_dropped=1, reason_for_drop='Expiry'
DUPE: 2009956273496_Node0_Node8_Zero, Node1 id 2009956273496_Node0_Node8_Zero was a dupe; retransmit: 0, pkt_enqueue_time=2013016163933.0771, pkt_dequeue_time=2013016163933.0771, forwarded_or_dropped=1, reason_for_drop='Expiry'
DUPE: 2009923483208_Node0_Node8_Zero, Node1 id 2009923483208_Node0_Node8_Zero was a dupe; retransmit: 0, pkt_enqueue_time=2013019163587.6226, pkt_dequeue_time=2013019163587.6226, forwarded_or_dropped=1, reason_for_drop='Expiry'
DUPE: 2009792339382_Node0_Node8_Zero, Node1 id 2009792339382_Node0_Node8_Zero was a dupe; retransmit: 0, pkt_enqueue_time=2013022163242.168, pkt_dequeue_time=2013022163242.168, forwarded_or_dropped=1, reason_for_drop='Expiry'
DUPE: 2009726765472_Node0_Node8_Zero, Node1 id 2009726765472_Node0_Node8_Zero was a dupe; retransmit: 0, pkt_enqueue_time=2013025162896.7134, pkt_dequeue_time=2013025162896.7134, forwarded_or_dropped=1, reason_for_drop='Expiry'
DUPE: 2009491778830_Node0_Node8_Zero, Node1 id 2009491778830_Node0_Node8_Zero was a dupe; retransmit: 0, pkt_enqueue_time=2013028162551.2588, pkt_dequeue_time=2013028162551.2588, forwarded_or_dropped=1, reason_for_drop='Expiry'
DUPE: 2009338758403_Node0_Node8_Zero, Node1 id 2009338758403_Node0_Node8_Zero was a dupe; retransmit: 0, pkt_enqueue_time=2013031162205.8042, pkt_dequeue_time=2013031162205.8042, forwarded_or_dropped=1, reason_for_drop='Expiry'
DUPE: 2009005397315_Node0_Node8_Zero, Node1 id 2009005397315_Node0_Node8_Zero was a dupe; retransmit: 0, pkt_enqueue_time=2013034161860.3496, pkt_dequeue_time=2013034161860.3496, forwarded_or_dropped=1, reason_for_drop='Expiry'
DUPE: 2008825059298_Node0_Node8_Zero, Node1 id 2008825059298_Node0_Node8_Zero was a dupe; retransmit: 0, pkt_enqueue_time=2013037161514.895, pkt_dequeue_time=2013037161514.895, forwarded_or_dropped=1, reason_for_drop='Expiry'
DUPE: 2008573678645_Node0_Node8_Zero, Node1 id 2008573678645_Node0_Node8_Zero was a dupe; retransmit: 0, pkt_enqueue_time=2013040161169.4404, pkt_dequeue_time=2013040161169.4404, forwarded_or_dropped=1, reason_for_drop='Expiry'
DUPE: 2008202115048_Node0_Node8_Zero, Node1 id 2008202115048_Node0_Node8_Zero was a dupe; retransmit: 0, pkt_enqueue_time=2013043160823.9858, pkt_dequeue_time=2013043160823.9858, forwarded_or_dropped=1, reason_for_drop='Expiry'
DUPE: 2007989024354_Node0_Node8_Zero, Node1 id 2007989024354_Node0_Node8_Zero was a dupe; retransmit: 0, pkt_enqueue_time=2013046160478.5312, pkt_dequeue_time=2013046160478.5312, forwarded_or_dropped=1, reason_for_drop='Expiry'
DUPE: 2007972637383_Node0_Node8_Zero, Node1 id 2007972637383_Node0_Node8_Zero was a dupe; retransmit: 0, pkt_enqueue_time=2013049160133.0767, pkt_dequeue_time=2013049160133.0767, forwarded_or_dropped=1, reason_for_drop='Expiry'
DUPE: 2007868815916_Node0_Node8_Zero, Node1 id 2007868815916_Node0_Node8_Zero was a dupe; retransmit: 0, pkt_enqueue_time=2013052159787.622, pkt_dequeue_time=2013052159787.622, forwarded_or_dropped=1, reason_for_drop='Expiry'
DUPE: 2007792309657_Node0_Node8_Zero, Node1 id 2007792309657_Node0_Node8_Zero was a dupe; retransmit: 0, pkt_enqueue_time=2013055159442.1675, pkt_dequeue_time=2013055159442.1675, forwarded_or_dropped=1, reason_for_drop='Expiry'
DUPE: 2007775916083_Node0_Node8_Zero, Node1 id 2007775916083_Node0_Node8_Zero was a dupe; retransmit: 0, pkt_enqueue_time=2013058159096.713, pkt_dequeue_time=2013058159096.713, forwarded_or_dropped=1, reason_for_drop='Expiry'
DUPE: 2005803255634_Node0_Node8_Zero, Node1 id 2005803255634_Node0_Node8_Zero was a dupe; retransmit: 0, pkt_enqueue_time=2013061158751.2583, pkt_dequeue_time=2013061158751.2583, forwarded_or_dropped=1, reason_for_drop='Expiry'
DUPE: 2005715826862_Node0_Node8_Zero, Node1 id 2005715826862_Node0_Node8_Zero was a dupe; retransmit: 0, pkt_enqueue_time=2013064178405.8037, pkt_dequeue_time=2013064178405.8037, forwarded_or_dropped=1, reason_for_drop='Expiry'
DUPE: 2004923477005_Node0_Node8_Zero, Node1 id 2004923477005_Node0_Node8_Zero was a dupe; retransmit: 0, pkt_enqueue_time=2013067198060.349, pkt_dequeue_time=2013067198060.349, forwarded_or_dropped=1, reason_for_drop='Expiry'
DUPE: 2008896101335_Node0_Node8_Zero, Node1 id 2008896101335_Node0_Node8_Zero was a dupe; retransmit: 0, pkt_enqueue_time=2013070217714.8945, pkt_dequeue_time=2013070217714.8945, forwarded_or_dropped=1, reason_for_drop='Expiry'
DUPE: 2008797725457_Node0_Node8_Zero, Node1 id 2008797725457_Node0_Node8_Zero was a dupe; retransmit: 0, pkt_enqueue_time=2013073237369.44, pkt_dequeue_time=2013073237369.44, forwarded_or_dropped=1, reason_for_drop='Expiry'
DUPE: 2008792261827_Node0_Node8_Zero, Node1 id 2008792261827_Node0_Node8_Zero was a dupe; retransmit: 0, pkt_enqueue_time=2013076257023.9854, pkt_dequeue_time=2013076257023.9854, forwarded_or_dropped=1, reason_for_drop='Expiry'
DUPE: 2008611936287_Node0_Node8_Zero, Node1 id 2008611936287_Node0_Node8_Zero was a dupe; retransmit: 0, pkt_enqueue_time=2013079276678.5308, pkt_dequeue_time=2013079276678.5308, forwarded_or_dropped=1, reason_for_drop='Expiry'
DUPE: 2008049126123_Node0_Node8_Zero, Node1 id 2008049126123_Node0_Node8_Zero was a dupe; retransmit: 0, pkt_enqueue_time=2013082296333.0762, pkt_dequeue_time=2013082296333.0762, forwarded_or_dropped=1, reason_for_drop='Expiry'
DUPE: 2007950773364_Node0_Node8_Zero, Node1 id 2007950773364_Node0_Node8_Zero was a dupe; retransmit: 0, pkt_enqueue_time=2013085315987.6216, pkt_dequeue_time=2013085315987.6216, forwarded_or_dropped=1, reason_for_drop='Expiry'
DUPE: 2007764981537_Node0_Node8_Zero, Node1 id 2007764981537_Node0_Node8_Zero was a dupe; retransmit: 0, pkt_enqueue_time=2013088335642.167, pkt_dequeue_time=2013088335642.167, forwarded_or_dropped=1, reason_for_drop='Expiry'
DUPE: 2007081950294_Node0_Node8_Zero, Node1 id 2007081950294_Node0_Node8_Zero was a dupe; retransmit: 0, pkt_enqueue_time=2013091355296.7124, pkt_dequeue_time=2013091355296.7124, forwarded_or_dropped=1, reason_for_drop='Expiry'
DUPE: 2006989047621_Node0_Node8_Zero, Node1 id 2006989047621_Node0_Node8_Zero was a dupe; retransmit: 0, pkt_enqueue_time=2013094374951.2578, pkt_dequeue_time=2013094374951.2578, forwarded_or_dropped=1, reason_for_drop='Expiry'
DUPE: 2006726743949_Node0_Node8_Zero, Node1 id 2006726743949_Node0_Node8_Zero was a dupe; retransmit: 0, pkt_enqueue_time=2013097394605.8032, pkt_dequeue_time=2013097394605.8032, forwarded_or_dropped=1, reason_for_drop='Expiry'
DUPE: 2006300516102_Node0_Node8_Zero, Node1 id 2006300516102_Node0_Node8_Zero was a dupe; retransmit: 0, pkt_enqueue_time=2013100414260.3486, pkt_dequeue_time=2013100414260.3486, forwarded_or_dropped=1, reason_for_drop='Expiry'
DUPE: 2004994524875_Node0_Node8_Zero, Node1 id 2004994524875_Node0_Node8_Zero was a dupe; retransmit: 0, pkt_enqueue_time=2013103453914.894, pkt_dequeue_time=2013103453914.894, forwarded_or_dropped=1, reason_for_drop='Expiry'
DUPE: 2009814200632_Node0_Node8_Zero, Node1 id 2009814200632_Node0_Node8_Zero was a dupe; retransmit: 0, pkt_enqueue_time=2013106493569.4395, pkt_dequeue_time=2013106493569.4395, forwarded_or_dropped=1, reason_for_drop='Expiry'
DUPE: 2009699451934_Node0_Node8_Zero, Node1 id 2009699451934_Node0_Node8_Zero was a dupe; retransmit: 0, pkt_enqueue_time=2013109533223.9849, pkt_dequeue_time=2013109533223.9849, forwarded_or_dropped=1, reason_for_drop='Expiry'
DUPE: 2009562828226_Node0_Node8_Zero, Node1 id 2009562828226_Node0_Node8_Zero was a dupe; retransmit: 0, pkt_enqueue_time=2013112572878.5303, pkt_dequeue_time=2013112572878.5303, forwarded_or_dropped=1, reason_for_drop='Expiry'
DUPE: 2009497244460_Node0_Node8_Zero, Node1 id 2009497244460_Node0_Node8_Zero was a dupe; retransmit: 0, pkt_enqueue_time=2013115612533.0757, pkt_dequeue_time=2013115612533.0757, forwarded_or_dropped=1, reason_for_drop='Expiry'
DUPE: 2008999928961_Node0_Node8_Zero, Node1 id 2008999928961_Node0_Node8_Zero was a dupe; retransmit: 0, pkt_enqueue_time=2013118652187.621, pkt_dequeue_time=2013118652187.621, forwarded_or_dropped=1, reason_for_drop='Expiry'
DUPE: 2008661108500_Node0_Node8_Zero, Node1 id 2008661108500_Node0_Node8_Zero was a dupe; retransmit: 0, pkt_enqueue_time=2013121691842.1665, pkt_dequeue_time=2013121691842.1665, forwarded_or_dropped=1, reason_for_drop='Expiry'
DUPE: 2008584613868_Node0_Node8_Zero, Node1 id 2008584613868_Node0_Node8_Zero was a dupe; retransmit: 0, pkt_enqueue_time=2013124731496.712, pkt_dequeue_time=2013124731496.712, forwarded_or_dropped=1, reason_for_drop='Expiry'
DUPE: 2007961704163_Node0_Node8_Zero, Node1 id 2007961704163_Node0_Node8_Zero was a dupe; retransmit: 0, pkt_enqueue_time=2013127771151.2573, pkt_dequeue_time=2013127771151.2573, forwarded_or_dropped=1, reason_for_drop='Expiry'
DUPE: 2007803237521_Node0_Node8_Zero, Node1 id 2007803237521_Node0_Node8_Zero was a dupe; retransmit: 0, pkt_enqueue_time=2013130810805.8027, pkt_dequeue_time=2013130810805.8027, forwarded_or_dropped=1, reason_for_drop='Expiry'
DUPE: 2007147525348_Node0_Node8_Zero, Node1 id 2007147525348_Node0_Node8_Zero was a dupe; retransmit: 0, pkt_enqueue_time=2013133850460.3481, pkt_dequeue_time=2013133850460.3481, forwarded_or_dropped=1, reason_for_drop='Expiry'
DUPE: 2006349703351_Node0_Node8_Zero, Node1 id 2006349703351_Node0_Node8_Zero was a dupe; retransmit: 0, pkt_enqueue_time=2013136890114.8936, pkt_dequeue_time=2013136890114.8936, forwarded_or_dropped=1, reason_for_drop='Expiry'
DUPE: 2005836044707_Node0_Node8_Zero, Node1 id 2005836044707_Node0_Node8_Zero was a dupe; retransmit: 0, pkt_enqueue_time=2013139949769.439, pkt_dequeue_time=2013139949769.439, forwarded_or_dropped=1, reason_for_drop='Expiry'
DUPE: 2005562830196_Node0_Node8_Zero, Node1 id 2005562830196_Node0_Node8_Zero was a dupe; retransmit: 0, pkt_enqueue_time=2013143009423.9844, pkt_dequeue_time=2013143009423.9844, forwarded_or_dropped=1, reason_for_drop='Expiry'
DUPE: 2005540963675_Node0_Node8_Zero, Node1 id 2005540963675_Node0_Node8_Zero was a dupe; retransmit: 0, pkt_enqueue_time=2013146069078.5298, pkt_dequeue_time=2013146069078.5298, forwarded_or_dropped=1, reason_for_drop='Expiry'
DUPE: 2005448062501_Node0_Node8_Zero, Node1 id 2005448062501_Node0_Node8_Zero was a dupe; retransmit: 0, pkt_enqueue_time=2013149128733.0752, pkt_dequeue_time=2013149128733.0752, forwarded_or_dropped=1, reason_for_drop='Expiry'
DUPE: 2009967200314_Node0_Node8_Zero, Node1 id 2009967200314_Node0_Node8_Zero was a dupe; retransmit: 0, pkt_enqueue_time=2013152188387.6206, pkt_dequeue_time=2013152188387.6206, forwarded_or_dropped=1, reason_for_drop='Expiry'
DUPE: 2009918017381_Node0_Node8_Zero, Node1 id 2009918017381_Node0_Node8_Zero was a dupe; retransmit: 0, pkt_enqueue_time=2013155248042.166, pkt_dequeue_time=2013155248042.166, forwarded_or_dropped=1, reason_for_drop='Expiry'
DUPE: 2009579225635_Node0_Node8_Zero, Node1 id 2009579225635_Node0_Node8_Zero was a dupe; retransmit: 0, pkt_enqueue_time=2013158307696.7114, pkt_dequeue_time=2013158307696.7114, forwarded_or_dropped=1, reason_for_drop='Expiry'
DUPE: 2009535500830_Node0_Node8_Zero, Node1 id 2009535500830_Node0_Node8_Zero was a dupe; retransmit: 0, pkt_enqueue_time=2013161367351.2568, pkt_dequeue_time=2013161367351.2568, forwarded_or_dropped=1, reason_for_drop='Expiry'
DUPE: 2009502712227_Node0_Node8_Zero, Node1 id 2009502712227_Node0_Node8_Zero was a dupe; retransmit: 0, pkt_enqueue_time=2013164427005.8022, pkt_dequeue_time=2013164427005.8022, forwarded_or_dropped=1, reason_for_drop='Expiry'
DUPE: 2009245861838_Node0_Node8_Zero, Node1 id 2009245861838_Node0_Node8_Zero was a dupe; retransmit: 0, pkt_enqueue_time=2013167486660.3477, pkt_dequeue_time=2013167486660.3477, forwarded_or_dropped=1, reason_for_drop='Expiry'
DUPE: 2009185752917_Node0_Node8_Zero, Node1 id 2009185752917_Node0_Node8_Zero was a dupe; retransmit: 0, pkt_enqueue_time=2013170546314.893, pkt_dequeue_time=2013170546314.893, forwarded_or_dropped=1, reason_for_drop='Expiry'
DUPE: 2009087384745_Node0_Node8_Zero, Node1 id 2009087384745_Node0_Node8_Zero was a dupe; retransmit: 0, pkt_enqueue_time=2013173605969.4385, pkt_dequeue_time=2013173605969.4385, forwarded_or_dropped=1, reason_for_drop='Expiry'
DUPE: 2009081916035_Node0_Node8_Zero, Node1 id 2009081916035_Node0_Node8_Zero was a dupe; retransmit: 0, pkt_enqueue_time=2013176665623.984, pkt_dequeue_time=2013176665623.984, forwarded_or_dropped=1, reason_for_drop='Expiry'
DUPE: 2008508088648_Node0_Node8_Zero, Node1 id 2008508088648_Node0_Node8_Zero was a dupe; retransmit: 0, pkt_enqueue_time=2013179725278.5293, pkt_dequeue_time=2013179725278.5293, forwarded_or_dropped=1, reason_for_drop='Expiry'
DUPE: 2008426131942_Node0_Node8_Zero, Node1 id 2008426131942_Node0_Node8_Zero was a dupe; retransmit: 0, pkt_enqueue_time=2013182784933.0747, pkt_dequeue_time=2013182784933.0747, forwarded_or_dropped=1, reason_for_drop='Expiry'
DUPE: 2008295004640_Node0_Node8_Zero, Node1 id 2008295004640_Node0_Node8_Zero was a dupe; retransmit: 0, pkt_enqueue_time=2013185844587.62, pkt_dequeue_time=2013185844587.62, forwarded_or_dropped=1, reason_for_drop='Expiry'
DUPE: 2007907058588_Node0_Node8_Zero, Node1 id 2007907058588_Node0_Node8_Zero was a dupe; retransmit: 0, pkt_enqueue_time=2013188904242.1655, pkt_dequeue_time=2013188904242.1655, forwarded_or_dropped=1, reason_for_drop='Expiry'
DUPE: 2007841490991_Node0_Node8_Zero, Node1 id 2007841490991_Node0_Node8_Zero was a dupe; retransmit: 0, pkt_enqueue_time=2013191963896.711, pkt_dequeue_time=2013191963896.711, forwarded_or_dropped=1, reason_for_drop='Expiry'
DUPE: 2007458982609_Node0_Node8_Zero, Node1 id 2007458982609_Node0_Node8_Zero was a dupe; retransmit: 0, pkt_enqueue_time=2013195023551.2563, pkt_dequeue_time=2013195023551.2563, forwarded_or_dropped=1, reason_for_drop='Expiry'
DUPE: 2006961726058_Node0_Node8_Zero, Node1 id 2006961726058_Node0_Node8_Zero was a dupe; retransmit: 0, pkt_enqueue_time=2013198083205.8018, pkt_dequeue_time=2013198083205.8018, forwarded_or_dropped=1, reason_for_drop='Expiry'
DUPE: 2006786846975_Node0_Node8_Zero, Node1 id 2006786846975_Node0_Node8_Zero was a dupe; retransmit: 0, pkt_enqueue_time=2013201142860.3472, pkt_dequeue_time=2013201142860.3472, forwarded_or_dropped=1, reason_for_drop='Expiry'
DUPE: 2006781381257_Node0_Node8_Zero, Node1 id 2006781381257_Node0_Node8_Zero was a dupe; retransmit: 0, pkt_enqueue_time=2013204222514.8926, pkt_dequeue_time=2013204222514.8926, forwarded_or_dropped=1, reason_for_drop='Expiry'
DUPE: 2006366098743_Node0_Node8_Zero, Node1 id 2006366098743_Node0_Node8_Zero was a dupe; retransmit: 0, pkt_enqueue_time=2013207302169.438, pkt_dequeue_time=2013207302169.438, forwarded_or_dropped=1, reason_for_drop='Expiry'
DUPE: 2005409787323_Node0_Node8_Zero, Node1 id 2005409787323_Node0_Node8_Zero was a dupe; retransmit: 0, pkt_enqueue_time=2013210381823.9834, pkt_dequeue_time=2013210381823.9834, forwarded_or_dropped=1, reason_for_drop='Expiry'
DUPE: 2009879759892_Node0_Node8_Zero, Node1 id 2009879759892_Node0_Node8_Zero was a dupe; retransmit: 0, pkt_enqueue_time=2013213461478.5288, pkt_dequeue_time=2013213461478.5288, forwarded_or_dropped=1, reason_for_drop='Expiry'
DUPE: 2009458976271_Node0_Node8_Zero, Node1 id 2009458976271_Node0_Node8_Zero was a dupe; retransmit: 0, pkt_enqueue_time=2013216541133.0742, pkt_dequeue_time=2013216541133.0742, forwarded_or_dropped=1, reason_for_drop='Expiry'
DUPE: 2008961679153_Node0_Node8_Zero, Node1 id 2008961679153_Node0_Node8_Zero was a dupe; retransmit: 0, pkt_enqueue_time=2013219620787.6196, pkt_dequeue_time=2013219620787.6196, forwarded_or_dropped=1, reason_for_drop='Expiry'
DUPE: 2008382426641_Node0_Node8_Zero, Node1 id 2008382426641_Node0_Node8_Zero was a dupe; retransmit: 0, pkt_enqueue_time=2013222700442.165, pkt_dequeue_time=2013222700442.165, forwarded_or_dropped=1, reason_for_drop='Expiry'
DUPE: 2007967172971_Node0_Node8_Zero, Node1 id 2007967172971_Node0_Node8_Zero was a dupe; retransmit: 0, pkt_enqueue_time=2013225780096.7104, pkt_dequeue_time=2013225780096.7104, forwarded_or_dropped=1, reason_for_drop='Expiry'
DUPE: 2007786846338_Node0_Node8_Zero, Node1 id 2007786846338_Node0_Node8_Zero was a dupe; retransmit: 0, pkt_enqueue_time=2013228859751.2559, pkt_dequeue_time=2013228859751.2559, forwarded_or_dropped=1, reason_for_drop='Expiry'
DUPE: 2007732203074_Node0_Node8_Zero, Node1 id 2007732203074_Node0_Node8_Zero was a dupe; retransmit: 0, pkt_enqueue_time=2013231939405.8013, pkt_dequeue_time=2013231939405.8013, forwarded_or_dropped=1, reason_for_drop='Expiry'
DUPE: 2007639323753_Node0_Node8_Zero, Node1 id 2007639323753_Node0_Node8_Zero was a dupe; retransmit: 0, pkt_enqueue_time=2013235019060.3467, pkt_dequeue_time=2013235019060.3467, forwarded_or_dropped=1, reason_for_drop='Expiry'
DUPE: 2007464444850_Node0_Node8_Zero, Node1 id 2007464444850_Node0_Node8_Zero was a dupe; retransmit: 0, pkt_enqueue_time=2013238098714.892, pkt_dequeue_time=2013238098714.892, forwarded_or_dropped=1, reason_for_drop='Expiry'
DUPE: 2007360645080_Node0_Node8_Zero, Node1 id 2007360645080_Node0_Node8_Zero was a dupe; retransmit: 0, pkt_enqueue_time=2013241178369.4375, pkt_dequeue_time=2013241178369.4375, forwarded_or_dropped=1, reason_for_drop='Expiry'
DUPE: 2006808711559_Node0_Node8_Zero, Node1 id 2006808711559_Node0_Node8_Zero was a dupe; retransmit: 0, pkt_enqueue_time=2013244258023.983, pkt_dequeue_time=2013244258023.983, forwarded_or_dropped=1, reason_for_drop='Expiry'
DUPE: 2006792314707_Node0_Node8_Zero, Node1 id 2006792314707_Node0_Node8_Zero was a dupe; retransmit: 0, pkt_enqueue_time=2013247357678.5283, pkt_dequeue_time=2013247357678.5283, forwarded_or_dropped=1, reason_for_drop='Expiry'
DUPE: 2006196694253_Node0_Node8_Zero, Node1 id 2006196694253_Node0_Node8_Zero was a dupe; retransmit: 0, pkt_enqueue_time=2013250457333.0737, pkt_dequeue_time=2013250457333.0737, forwarded_or_dropped=1, reason_for_drop='Expiry'
DUPE: 2005967198340_Node0_Node8_Zero, Node1 id 2005967198340_Node0_Node8_Zero was a dupe; retransmit: 0, pkt_enqueue_time=2013253556987.6191, pkt_dequeue_time=2013253556987.6191, forwarded_or_dropped=1, reason_for_drop='Expiry'
DUPE: 2005245866854_Node0_Node8_Zero, Node1 id 2005245866854_Node0_Node8_Zero was a dupe; retransmit: 0, pkt_enqueue_time=2013256656642.1646, pkt_dequeue_time=2013256656642.1646, forwarded_or_dropped=1, reason_for_drop='Expiry'
DUPE: 2005218548827_Node0_Node8_Zero, Node1 id 2005218548827_Node0_Node8_Zero was a dupe; retransmit: 0, pkt_enqueue_time=2013259756296.71, pkt_dequeue_time=2013259756296.71, forwarded_or_dropped=1, reason_for_drop='Expiry'
DUPE: 2009885219864_Node0_Node8_Zero, Node1 id 2009885219864_Node0_Node8_Zero was a dupe; retransmit: 0, pkt_enqueue_time=2013262855951.2554, pkt_dequeue_time=2013262855951.2554, forwarded_or_dropped=1, reason_for_drop='Expiry'
DUPE: 2009633878215_Node0_Node8_Zero, Node1 id 2009633878215_Node0_Node8_Zero was a dupe; retransmit: 0, pkt_enqueue_time=2013265955605.8008, pkt_dequeue_time=2013265955605.8008, forwarded_or_dropped=1, reason_for_drop='Expiry'
DUPE: 2009409806004_Node0_Node8_Zero, Node1 id 2009409806004_Node0_Node8_Zero was a dupe; retransmit: 0, pkt_enqueue_time=2013269055260.3462, pkt_dequeue_time=2013269055260.3462, forwarded_or_dropped=1, reason_for_drop='Expiry'
DUPE: 2009371538234_Node0_Node8_Zero, Node1 id 2009371538234_Node0_Node8_Zero was a dupe; retransmit: 0, pkt_enqueue_time=2013272154914.8916, pkt_dequeue_time=2013272154914.8916, forwarded_or_dropped=1, reason_for_drop='Expiry'
DUPE: 2008546357073_Node0_Node8_Zero, Node1 id 2008546357073_Node0_Node8_Zero was a dupe; retransmit: 0, pkt_enqueue_time=2013275254569.437, pkt_dequeue_time=2013275254569.437, forwarded_or_dropped=1, reason_for_drop='Expiry'
DUPE: 2008442520584_Node0_Node8_Zero, Node1 id 2008442520584_Node0_Node8_Zero was a dupe; retransmit: 0, pkt_enqueue_time=2013278354223.9824, pkt_dequeue_time=2013278354223.9824, forwarded_or_dropped=1, reason_for_drop='Expiry'
DUPE: 2009961733452_Node0_Node8_Zero, Node1 id 2009961733452_Node0_Node8_Zero was a dupe; retransmit: 0, pkt_enqueue_time=2013281473878.5278, pkt_dequeue_time=2013281473878.5278, forwarded_or_dropped=1, reason_for_drop='Expiry'
DUPE: 2009846975620_Node0_Node8_Zero, Node1 id 2009846975620_Node0_Node8_Zero was a dupe; retransmit: 0, pkt_enqueue_time=2013284653533.0732, pkt_dequeue_time=2013284653533.0732, forwarded_or_dropped=1, reason_for_drop='Expiry'
DUPE: 2009475376522_Node0_Node8_Zero, Node1 id 2009475376522_Node0_Node8_Zero was a dupe; retransmit: 0, pkt_enqueue_time=2013287853187.6187, pkt_dequeue_time=2013287853187.6187, forwarded_or_dropped=1, reason_for_drop='Expiry'
DUPE: 2006699422002_Node0_Node8_Zero, Node1 id 2006699422002_Node0_Node8_Zero was a dupe; retransmit: 0, pkt_enqueue_time=2013291052842.164, pkt_dequeue_time=2013291052842.164, forwarded_or_dropped=1, reason_for_drop='Expiry'
DUPE: 2010005459412_Node0_Node8_Zero, Node1 id 2010005459412_Node0_Node8_Zero was a dupe; retransmit: 0, pkt_enqueue_time=2013294272496.7095, pkt_dequeue_time=2013294272496.7095, forwarded_or_dropped=1, reason_for_drop='Expiry'
DUPE: 2008950749176_Node0_Node8_Zero, Node1 id 2008950749176_Node0_Node8_Zero was a dupe; retransmit: 0, pkt_enqueue_time=2013297492151.255, pkt_dequeue_time=2013297492151.255, forwarded_or_dropped=1, reason_for_drop='Expiry'
DUPE: 2008726694099_Node0_Node8_Zero, Node1 id 2008726694099_Node0_Node8_Zero was a dupe; retransmit: 0, pkt_enqueue_time=2013300711805.8003, pkt_dequeue_time=2013300711805.8003, forwarded_or_dropped=1, reason_for_drop='Expiry'
DUPE: 2009863364556_Node0_Node8_Zero, Node1 id 2009863364556_Node0_Node8_Zero was a dupe; retransmit: 0, pkt_enqueue_time=2013303971460.3457, pkt_dequeue_time=2013303971460.3457, forwarded_or_dropped=1, reason_for_drop='Expiry'
DUPE: 2009759550511_Node0_Node8_Zero, Node1 id 2009759550511_Node0_Node8_Zero was a dupe; retransmit: 0, pkt_enqueue_time=2013307231114.891, pkt_dequeue_time=2013307231114.891, forwarded_or_dropped=1, reason_for_drop='Expiry'
DUPE: 2009852440351_Node0_Node8_Zero, Node1 id 2009852440351_Node0_Node8_Zero was a dupe; retransmit: 0, pkt_enqueue_time=2013310530769.4365, pkt_dequeue_time=2013310530769.4365, forwarded_or_dropped=1, reason_for_drop='Expiry'
DUPE: 2009830589897_Node0_Node8_Zero, Node1 id 2009830589897_Node0_Node8_Zero was a dupe; retransmit: 0, pkt_enqueue_time=2013313850423.982, pkt_dequeue_time=2013313850423.982, forwarded_or_dropped=1, reason_for_drop='Expiry'
DUPE: 2007546411173_Node0_Node8_Zero, Node1 id 2007546411173_Node0_Node8_Zero was a dupe; retransmit: 0, pkt_enqueue_time=2013317170078.5273, pkt_dequeue_time=2013317170078.5273, forwarded_or_dropped=1, reason_for_drop='Expiry'
DUPE: 2005311425814_Node0_Node8_Zero, Node1 id 2005311425814_Node0_Node8_Zero was a dupe; retransmit: 0, pkt_enqueue_time=2013320489733.0728, pkt_dequeue_time=2013320489733.0728, forwarded_or_dropped=1, reason_for_drop='Expiry'
DUPE: 2009934416841_Node0_Node8_Zero, Node1 id 2009934416841_Node0_Node8_Zero was a dupe; retransmit: 0, pkt_enqueue_time=2013323809387.6182, pkt_dequeue_time=2013323809387.6182, forwarded_or_dropped=1, reason_for_drop='Expiry'
DUPE: 2009448048623_Node0_Node8_Zero, Node1 id 2009448048623_Node0_Node8_Zero was a dupe; retransmit: 0, pkt_enqueue_time=2013327149042.1636, pkt_dequeue_time=2013327149042.1636, forwarded_or_dropped=1, reason_for_drop='Expiry'
DUPE: 2006715812779_Node0_Node8_Zero, Node1 id 2006715812779_Node0_Node8_Zero was a dupe; retransmit: 0, pkt_enqueue_time=2013330488696.709, pkt_dequeue_time=2013330488696.709, forwarded_or_dropped=1, reason_for_drop='Expiry'
DUPE: 2006240415471_Node0_Node8_Zero, Node1 id 2006240415471_Node0_Node8_Zero was a dupe; retransmit: 0, pkt_enqueue_time=2013333828351.2544, pkt_dequeue_time=2013333828351.2544, forwarded_or_dropped=1, reason_for_drop='Expiry'
DUPE: 2009825130028_Node0_Node8_Zero, Node1 id 2009825130028_Node0_Node8_Zero was a dupe; retransmit: 0, pkt_enqueue_time=2013337188005.7998, pkt_dequeue_time=2013337188005.7998, forwarded_or_dropped=1, reason_for_drop='Expiry'
DUPE: 2008147482709_Node0_Node8_Zero, Node1 id 2008147482709_Node0_Node8_Zero was a dupe; retransmit: 0, pkt_enqueue_time=2013340547660.3452, pkt_dequeue_time=2013340547660.3452, forwarded_or_dropped=1, reason_for_drop='Expiry'
DUPE: 2007781378881_Node0_Node8_Zero, Node1 id 2007781378881_Node0_Node8_Zero was a dupe; retransmit: 0, pkt_enqueue_time=2013343907314.8906, pkt_dequeue_time=2013343907314.8906, forwarded_or_dropped=1, reason_for_drop='Expiry'
DUPE: 2009273187772_Node0_Node8_Zero, Node1 id 2009273187772_Node0_Node8_Zero was a dupe; retransmit: 0, pkt_enqueue_time=2013347286969.436, pkt_dequeue_time=2013347286969.436, forwarded_or_dropped=1, reason_for_drop='Expiry'
DUPE: 2008835981281_Node0_Node8_Zero, Node1 id 2008835981281_Node0_Node8_Zero was a dupe; retransmit: 0, pkt_enqueue_time=2013350666623.9814, pkt_dequeue_time=2013350666623.9814, forwarded_or_dropped=1, reason_for_drop='Expiry'
DUPE: 2009530035971_Node0_Node8_Zero, Node1 id 2009530035971_Node0_Node8_Zero was a dupe; retransmit: 0, pkt_enqueue_time=2013354066278.5269, pkt_dequeue_time=2013354066278.5269, forwarded_or_dropped=1, reason_for_drop='Expiry'
DUPE: 2009262255008_Node0_Node8_Zero, Node1 id 2009262255008_Node0_Node8_Zero was a dupe; retransmit: 0, pkt_enqueue_time=2013357465933.0723, pkt_dequeue_time=2013357465933.0723, forwarded_or_dropped=1, reason_for_drop='Expiry'
DUPE: 2008945282296_Node0_Node8_Zero, Node1 id 2008945282296_Node0_Node8_Zero was a dupe; retransmit: 0, pkt_enqueue_time=2013360865587.6177, pkt_dequeue_time=2013360865587.6177, forwarded_or_dropped=1, reason_for_drop='Expiry'
DUPE: 2008070983010_Node0_Node8_Zero, Node1 id 2008070983010_Node0_Node8_Zero was a dupe; retransmit: 0, pkt_enqueue_time=2013364285242.163, pkt_dequeue_time=2013364285242.163, forwarded_or_dropped=1, reason_for_drop='Expiry'
DUPE: 2009819667826_Node0_Node8_Zero, Node1 id 2009819667826_Node0_Node8_Zero was a dupe; retransmit: 0, pkt_enqueue_time=2013367704896.7085, pkt_dequeue_time=2013367704896.7085, forwarded_or_dropped=1, reason_for_drop='Expiry'
DUPE: 2009584694616_Node0_Node8_Zero, Node1 id 2009584694616_Node0_Node8_Zero was a dupe; retransmit: 0, pkt_enqueue_time=2013371144551.254, pkt_dequeue_time=2013371144551.254, forwarded_or_dropped=1, reason_for_drop='Expiry'
DUPE: 2008529962095_Node0_Node8_Zero, Node1 id 2008529962095_Node0_Node8_Zero was a dupe; retransmit: 0, pkt_enqueue_time=2013374584205.7993, pkt_dequeue_time=2013374584205.7993, forwarded_or_dropped=1, reason_for_drop='Expiry'
DUPE: 2008251278676_Node0_Node8_Zero, Node1 id 2008251278676_Node0_Node8_Zero was a dupe; retransmit: 0, pkt_enqueue_time=2013378023860.3447, pkt_dequeue_time=2013378023860.3447, forwarded_or_dropped=1, reason_for_drop='Expiry'
DUPE: 2006907084756_Node0_Node8_Zero, Node1 id 2006907084756_Node0_Node8_Zero was a dupe; retransmit: 0, pkt_enqueue_time=2013381463514.8901, pkt_dequeue_time=2013381463514.8901, forwarded_or_dropped=1, reason_for_drop='Expiry'
DUPE: 2005814183970_Node0_Node8_Zero, Node1 id 2005814183970_Node0_Node8_Zero was a dupe; retransmit: 0, pkt_enqueue_time=2013384903169.4355, pkt_dequeue_time=2013384903169.4355, forwarded_or_dropped=1, reason_for_drop='Expiry'
DUPE: 2008704834820_Node0_Node8_Zero, Node1 id 2008704834820_Node0_Node8_Zero was a dupe; retransmit: 0, pkt_enqueue_time=2013388362823.981, pkt_dequeue_time=2013388362823.981, forwarded_or_dropped=1, reason_for_drop='Expiry'
DUPE: 2007672109073_Node0_Node8_Zero, Node1 id 2007672109073_Node0_Node8_Zero was a dupe; retransmit: 0, pkt_enqueue_time=2013391842478.5264, pkt_dequeue_time=2013391842478.5264, forwarded_or_dropped=1, reason_for_drop='Expiry'
DUPE: 2007174855563_Node0_Node8_Zero, Node1 id 2007174855563_Node0_Node8_Zero was a dupe; retransmit: 0, pkt_enqueue_time=2013395322133.0718, pkt_dequeue_time=2013395322133.0718, forwarded_or_dropped=1, reason_for_drop='Expiry'
DUPE: 2009939880348_Node0_Node8_Zero, Node1 id 2009939880348_Node0_Node8_Zero was a dupe; retransmit: 0, pkt_enqueue_time=2013398801787.6172, pkt_dequeue_time=2013398801787.6172, forwarded_or_dropped=1, reason_for_drop='Expiry'
DUPE: 2009398871630_Node0_Node8_Zero, Node1 id 2009398871630_Node0_Node8_Zero was a dupe; retransmit: 0, pkt_enqueue_time=2013402281442.1626, pkt_dequeue_time=2013402281442.1626, forwarded_or_dropped=1, reason_for_drop='Expiry'
DUPE: 2009989067083_Node0_Node8_Zero, Node1 id 2009989067083_Node0_Node8_Zero was a dupe; retransmit: 0, pkt_enqueue_time=2013405781096.708, pkt_dequeue_time=2013405781096.708, forwarded_or_dropped=1, reason_for_drop='Expiry'
DUPE: 2008065516665_Node0_Node8_Zero, Node1 id 2008065516665_Node0_Node8_Zero was a dupe; retransmit: 0, pkt_enqueue_time=2013409320751.2534, pkt_dequeue_time=2013409320751.2534, forwarded_or_dropped=1, reason_for_drop='Expiry'
DUPE: 2006398879018_Node0_Node8_Zero, Node1 id 2006398879018_Node0_Node8_Zero was a dupe; retransmit: 0, pkt_enqueue_time=2013412860405.7988, pkt_dequeue_time=2013412860405.7988, forwarded_or_dropped=1, reason_for_drop='Expiry'
DUPE: 2009442585874_Node0_Node8_Zero, Node1 id 2009442585874_Node0_Node8_Zero was a dupe; retransmit: 0, pkt_enqueue_time=2013416420060.3442, pkt_dequeue_time=2013416420060.3442, forwarded_or_dropped=1, reason_for_drop='Expiry'
DUPE: 2008398815694_Node0_Node8_Zero, Node1 id 2008398815694_Node0_Node8_Zero was a dupe; retransmit: 0, pkt_enqueue_time=2013419979714.8896, pkt_dequeue_time=2013419979714.8896, forwarded_or_dropped=1, reason_for_drop='Expiry'
DUPE: 2009125650678_Node0_Node8_Zero, Node1 id 2009125650678_Node0_Node8_Zero was a dupe; retransmit: 0, pkt_enqueue_time=2013423559369.435, pkt_dequeue_time=2013423559369.435, forwarded_or_dropped=1, reason_for_drop='Expiry'
DUPE: 2008994467739_Node0_Node8_Zero, Node1 id 2008994467739_Node0_Node8_Zero was a dupe; retransmit: 0, pkt_enqueue_time=2013427139023.9805, pkt_dequeue_time=2013427139023.9805, forwarded_or_dropped=1, reason_for_drop='Expiry'
DUPE: 2007491763610_Node0_Node8_Zero, Node1 id 2007491763610_Node0_Node8_Zero was a dupe; retransmit: 0, pkt_enqueue_time=2013430738678.526, pkt_dequeue_time=2013430738678.526, forwarded_or_dropped=1, reason_for_drop='Expiry'
DUPE: 2009978131622_Node0_Node8_Zero, Node1 id 2009978131622_Node0_Node8_Zero was a dupe; retransmit: 0, pkt_enqueue_time=2013434338333.0713, pkt_dequeue_time=2013434338333.0713, forwarded_or_dropped=1, reason_for_drop='Expiry'
DUPE: 2009890684339_Node0_Node8_Zero, Node1 id 2009890684339_Node0_Node8_Zero was a dupe; retransmit: 0, pkt_enqueue_time=2013437937987.6167, pkt_dequeue_time=2013437937987.6167, forwarded_or_dropped=1, reason_for_drop='Expiry'
DUPE: 2009387939244_Node0_Node8_Zero, Node1 id 2009387939244_Node0_Node8_Zero was a dupe; retransmit: 0, pkt_enqueue_time=2013441537642.162, pkt_dequeue_time=2013441537642.162, forwarded_or_dropped=1, reason_for_drop='Expiry'
DUPE: 2009136577435_Node0_Node8_Zero, Node1 id 2009136577435_Node0_Node8_Zero was a dupe; retransmit: 0, pkt_enqueue_time=2013445137296.7075, pkt_dequeue_time=2013445137296.7075, forwarded_or_dropped=1, reason_for_drop='Expiry'
DUPE: 2006540954317_Node0_Node8_Zero, Node1 id 2006540954317_Node0_Node8_Zero was a dupe; retransmit: 0, pkt_enqueue_time=2013448756951.253, pkt_dequeue_time=2013448756951.253, forwarded_or_dropped=1, reason_for_drop='Expiry'
DUPE: 2006120196579_Node0_Node8_Zero, Node1 id 2006120196579_Node0_Node8_Zero was a dupe; retransmit: 0, pkt_enqueue_time=2013452376605.7983, pkt_dequeue_time=2013452376605.7983, forwarded_or_dropped=1, reason_for_drop='Expiry'
DUPE: 2005655727104_Node0_Node8_Zero, Node1 id 2005655727104_Node0_Node8_Zero was a dupe; retransmit: 0, pkt_enqueue_time=2013455996260.3438, pkt_dequeue_time=2013455996260.3438, forwarded_or_dropped=1, reason_for_drop='Expiry'
DUPE: 2005043705400_Node0_Node8_Zero, Node1 id 2005043705400_Node0_Node8_Zero was a dupe; retransmit: 0, pkt_enqueue_time=2013459615914.8892, pkt_dequeue_time=2013459615914.8892, forwarded_or_dropped=1, reason_for_drop='Expiry'
DUPE: 2009622949989_Node0_Node8_Zero, Node1 id 2009622949989_Node0_Node8_Zero was a dupe; retransmit: 0, pkt_enqueue_time=2013463255569.4346, pkt_dequeue_time=2013463255569.4346, forwarded_or_dropped=1, reason_for_drop='Expiry'
DUPE: 2008475309189_Node0_Node8_Zero, Node1 id 2008475309189_Node0_Node8_Zero was a dupe; retransmit: 0, pkt_enqueue_time=2013466895223.98, pkt_dequeue_time=2013466895223.98, forwarded_or_dropped=1, reason_for_drop='Expiry'
DUPE: 2007366113633_Node0_Node8_Zero, Node1 id 2007366113633_Node0_Node8_Zero was a dupe; retransmit: 0, pkt_enqueue_time=2013470534878.5254, pkt_dequeue_time=2013470534878.5254, forwarded_or_dropped=1, reason_for_drop='Expiry'
DUPE: 2007338787157_Node0_Node8_Zero, Node1 id 2007338787157_Node0_Node8_Zero was a dupe; retransmit: 0, pkt_enqueue_time=2013474174533.0708, pkt_dequeue_time=2013474174533.0708, forwarded_or_dropped=1, reason_for_drop='Expiry'
DUPE: 2009060054878_Node0_Node8_Zero, Node1 id 2009060054878_Node0_Node8_Zero was a dupe; retransmit: 0, pkt_enqueue_time=2013477834187.6162, pkt_dequeue_time=2013477834187.6162, forwarded_or_dropped=1, reason_for_drop='Expiry'
DUPE: 2008677511510_Node0_Node8_Zero, Node1 id 2008677511510_Node0_Node8_Zero was a dupe; retransmit: 0, pkt_enqueue_time=2013481513842.1616, pkt_dequeue_time=2013481513842.1616, forwarded_or_dropped=1, reason_for_drop='Expiry'
DUPE: 2008010875167_Node0_Node8_Zero, Node1 id 2008010875167_Node0_Node8_Zero was a dupe; retransmit: 0, pkt_enqueue_time=2013485193496.707, pkt_dequeue_time=2013485193496.707, forwarded_or_dropped=1, reason_for_drop='Expiry'
DUPE: 2009224007982_Node0_Node8_Zero, Node1 id 2009224007982_Node0_Node8_Zero was a dupe; retransmit: 0, pkt_enqueue_time=2013488893151.2524, pkt_dequeue_time=2013488893151.2524, forwarded_or_dropped=1, reason_for_drop='Expiry'
DUPE: 2008803194609_Node0_Node8_Zero, Node1 id 2008803194609_Node0_Node8_Zero was a dupe; retransmit: 0, pkt_enqueue_time=2013492592805.7979, pkt_dequeue_time=2013492592805.7979, forwarded_or_dropped=1, reason_for_drop='Expiry'
DUPE: 2008196654338_Node0_Node8_Zero, Node1 id 2008196654338_Node0_Node8_Zero was a dupe; retransmit: 0, pkt_enqueue_time=2013496312460.3433, pkt_dequeue_time=2013496312460.3433, forwarded_or_dropped=1, reason_for_drop='Expiry'
DUPE: 2008060053866_Node0_Node8_Zero, Node1 id 2008060053866_Node0_Node8_Zero was a dupe; retransmit: 0, pkt_enqueue_time=2013500032114.8887, pkt_dequeue_time=2013500032114.8887, forwarded_or_dropped=1, reason_for_drop='Expiry'
DUPE: 2006912553837_Node0_Node8_Zero, Node1 id 2006912553837_Node0_Node8_Zero was a dupe; retransmit: 0, pkt_enqueue_time=2013503751769.434, pkt_dequeue_time=2013503751769.434, forwarded_or_dropped=1, reason_for_drop='Expiry'
DUPE: 2009972662690_Node0_Node8_Zero, Node1 id 2009972662690_Node0_Node8_Zero was a dupe; retransmit: 0, pkt_enqueue_time=2013507471423.9795, pkt_dequeue_time=2013507471423.9795, forwarded_or_dropped=1, reason_for_drop='Expiry'
DUPE: 2009382472088_Node0_Node8_Zero, Node1 id 2009382472088_Node0_Node8_Zero was a dupe; retransmit: 0, pkt_enqueue_time=2013511191078.525, pkt_dequeue_time=2013511191078.525, forwarded_or_dropped=1, reason_for_drop='Expiry'
DUPE: 2009333296652_Node0_Node8_Zero, Node1 id 2009333296652_Node0_Node8_Zero was a dupe; retransmit: 0, pkt_enqueue_time=2013514930733.0703, pkt_dequeue_time=2013514930733.0703, forwarded_or_dropped=1, reason_for_drop='Expiry'
DUPE: 2009655746987_Node0_Node8_Zero, Node1 id 2009655746987_Node0_Node8_Zero was a dupe; retransmit: 0, pkt_enqueue_time=2013518670387.6157, pkt_dequeue_time=2013518670387.6157, forwarded_or_dropped=1, reason_for_drop='Expiry'
DUPE: 2009874291460_Node0_Node8_Zero, Node1 id 2009874291460_Node0_Node8_Zero was a dupe; retransmit: 0, pkt_enqueue_time=2013522430042.1611, pkt_dequeue_time=2013522430042.1611, forwarded_or_dropped=1, reason_for_drop='Expiry'
DUPE: 2009693987116_Node0_Node8_Zero, Node1 id 2009693987116_Node0_Node8_Zero was a dupe; retransmit: 0, pkt_enqueue_time=2013526209696.7065, pkt_dequeue_time=2013526209696.7065, forwarded_or_dropped=1, reason_for_drop='Expiry'
DUPE: 2008486234305_Node0_Node8_Zero, Node1 id 2008486234305_Node0_Node8_Zero was a dupe; retransmit: 0, pkt_enqueue_time=2013529989351.252, pkt_dequeue_time=2013529989351.252, forwarded_or_dropped=1, reason_for_drop='Expiry'
DUPE: 2006437126851_Node0_Node8_Zero, Node1 id 2006437126851_Node0_Node8_Zero was a dupe; retransmit: 0, pkt_enqueue_time=2013533769005.7974, pkt_dequeue_time=2013533769005.7974, forwarded_or_dropped=1, reason_for_drop='Expiry'
DUPE: 2005415256531_Node0_Node8_Zero, Node1 id 2005415256531_Node0_Node8_Zero was a dupe; retransmit: 0, pkt_enqueue_time=2013537548660.3428, pkt_dequeue_time=2013537548660.3428, forwarded_or_dropped=1, reason_for_drop='Expiry'
DUPE: 2004901622055_Node0_Node8_Zero, Node1 id 2004901622055_Node0_Node8_Zero was a dupe; retransmit: 0, pkt_enqueue_time=2013541348314.8882, pkt_dequeue_time=2013541348314.8882, forwarded_or_dropped=1, reason_for_drop='Expiry'
DUPE: 2009147501152_Node0_Node8_Zero, Node1 id 2009147501152_Node0_Node8_Zero was a dupe; retransmit: 0, pkt_enqueue_time=2013545147969.4336, pkt_dequeue_time=2013545147969.4336, forwarded_or_dropped=1, reason_for_drop='Expiry'
DUPE: 2007196711629_Node0_Node8_Zero, Node1 id 2007196711629_Node0_Node8_Zero was a dupe; retransmit: 0, pkt_enqueue_time=2013548947623.979, pkt_dequeue_time=2013548947623.979, forwarded_or_dropped=1, reason_for_drop='Expiry'
DUPE: 2006043698920_Node0_Node8_Zero, Node1 id 2006043698920_Node0_Node8_Zero was a dupe; retransmit: 0, pkt_enqueue_time=2013552747278.5244, pkt_dequeue_time=2013552747278.5244, forwarded_or_dropped=1, reason_for_drop='Expiry'
DUPE: 2009508176772_Node0_Node8_Zero, Node1 id 2009508176772_Node0_Node8_Zero was a dupe; retransmit: 0, pkt_enqueue_time=2013556566933.0698, pkt_dequeue_time=2013556566933.0698, forwarded_or_dropped=1, reason_for_drop='Expiry'
DUPE: 2006896149245_Node0_Node8_Zero, Node1 id 2006896149245_Node0_Node8_Zero was a dupe; retransmit: 0, pkt_enqueue_time=2013560386587.6152, pkt_dequeue_time=2013560386587.6152, forwarded_or_dropped=1, reason_for_drop='Expiry'
DUPE: 2009775948042_Node0_Node8_Zero, Node1 id 2009775948042_Node0_Node8_Zero was a dupe; retransmit: 0, pkt_enqueue_time=2013564226242.1606, pkt_dequeue_time=2013564226242.1606, forwarded_or_dropped=1, reason_for_drop='Expiry'
DUPE: 2009765019013_Node0_Node8_Zero, Node1 id 2009765019013_Node0_Node8_Zero was a dupe; retransmit: 0, pkt_enqueue_time=2013568065896.706, pkt_dequeue_time=2013568065896.706, forwarded_or_dropped=1, reason_for_drop='Expiry'
DUPE: 2008519024329_Node0_Node8_Zero, Node1 id 2008519024329_Node0_Node8_Zero was a dupe; retransmit: 0, pkt_enqueue_time=2013571905551.2515, pkt_dequeue_time=2013571905551.2515, forwarded_or_dropped=1, reason_for_drop='Expiry'
DUPE: 2008349643261_Node0_Node8_Zero, Node1 id 2008349643261_Node0_Node8_Zero was a dupe; retransmit: 0, pkt_enqueue_time=2013575745205.7969, pkt_dequeue_time=2013575745205.7969, forwarded_or_dropped=1, reason_for_drop='Expiry'
DUPE: 2006038230765_Node0_Node8_Zero, Node1 id 2006038230765_Node0_Node8_Zero was a dupe; retransmit: 0, pkt_enqueue_time=2013579604860.3423, pkt_dequeue_time=2013579604860.3423, forwarded_or_dropped=1, reason_for_drop='Expiry'
DUPE: 2005852441196_Node0_Node8_Zero, Node1 id 2005852441196_Node0_Node8_Zero was a dupe; retransmit: 0, pkt_enqueue_time=2013583464514.8877, pkt_dequeue_time=2013583464514.8877, forwarded_or_dropped=1, reason_for_drop='Expiry'
DUPE: 2009721304256_Node0_Node8_Zero, Node1 id 2009721304256_Node0_Node8_Zero was a dupe; retransmit: 0, pkt_enqueue_time=2013587324169.433, pkt_dequeue_time=2013587324169.433, forwarded_or_dropped=1, reason_for_drop='Expiry'
DUPE: 2008907030978_Node0_Node8_Zero, Node1 id 2008907030978_Node0_Node8_Zero was a dupe; retransmit: 0, pkt_enqueue_time=2013591183823.9785, pkt_dequeue_time=2013591183823.9785, forwarded_or_dropped=1, reason_for_drop='Expiry'
DUPE: 2009841514392_Node0_Node8_Zero, Node1 id 2009841514392_Node0_Node8_Zero was a dupe; retransmit: 0, pkt_enqueue_time=2013595063478.524, pkt_dequeue_time=2013595063478.524, forwarded_or_dropped=1, reason_for_drop='Expiry'
DUPE: 2009710375110_Node0_Node8_Zero, Node1 id 2009710375110_Node0_Node8_Zero was a dupe; retransmit: 0, pkt_enqueue_time=2013598943133.0693, pkt_dequeue_time=2013598943133.0693, forwarded_or_dropped=1, reason_for_drop='Expiry'
DUPE: 2009207612939_Node0_Node8_Zero, Node1 id 2009207612939_Node0_Node8_Zero was a dupe; retransmit: 0, pkt_enqueue_time=2013602822787.6147, pkt_dequeue_time=2013602822787.6147, forwarded_or_dropped=1, reason_for_drop='Expiry'
DUPE: 2009092850138_Node0_Node8_Zero, Node1 id 2009092850138_Node0_Node8_Zero was a dupe; retransmit: 0, pkt_enqueue_time=2013606702442.1602, pkt_dequeue_time=2013606702442.1602, forwarded_or_dropped=1, reason_for_drop='Expiry'
DUPE: 2009010862037_Node0_Node8_Zero, Node1 id 2009010862037_Node0_Node8_Zero was a dupe; retransmit: 0, pkt_enqueue_time=2013610582096.7056, pkt_dequeue_time=2013610582096.7056, forwarded_or_dropped=1, reason_for_drop='Expiry'
DUPE: 2008928895376_Node0_Node8_Zero, Node1 id 2008928895376_Node0_Node8_Zero was a dupe; retransmit: 0, pkt_enqueue_time=2013614461751.251, pkt_dequeue_time=2013614461751.251, forwarded_or_dropped=1, reason_for_drop='Expiry'
DUPE: 2008710302766_Node0_Node8_Zero, Node1 id 2008710302766_Node0_Node8_Zero was a dupe; retransmit: 0, pkt_enqueue_time=2013618381405.7964, pkt_dequeue_time=2013618381405.7964, forwarded_or_dropped=1, reason_for_drop='Expiry'
DUPE: 2007857887738_Node0_Node8_Zero, Node1 id 2007857887738_Node0_Node8_Zero was a dupe; retransmit: 0, pkt_enqueue_time=2013622301060.3418, pkt_dequeue_time=2013622301060.3418, forwarded_or_dropped=1, reason_for_drop='Expiry'
DUPE: 2005775933229_Node0_Node8_Zero, Node1 id 2005775933229_Node0_Node8_Zero was a dupe; retransmit: 0, pkt_enqueue_time=2013626220714.8872, pkt_dequeue_time=2013626220714.8872, forwarded_or_dropped=1, reason_for_drop='Expiry'
DUPE: 2009486311762_Node0_Node8_Zero, Node1 id 2009486311762_Node0_Node8_Zero was a dupe; retransmit: 0, pkt_enqueue_time=2013630140369.4326, pkt_dequeue_time=2013630140369.4326, forwarded_or_dropped=1, reason_for_drop='Expiry'
DUPE: 2007382504055_Node0_Node8_Zero, Node1 id 2007382504055_Node0_Node8_Zero was a dupe; retransmit: 0, pkt_enqueue_time=2013634080023.978, pkt_dequeue_time=2013634080023.978, forwarded_or_dropped=1, reason_for_drop='Expiry'
DUPE: 2006333301701_Node0_Node8_Zero, Node1 id 2006333301701_Node0_Node8_Zero was a dupe; retransmit: 0, pkt_enqueue_time=2013638019678.5234, pkt_dequeue_time=2013638019678.5234, forwarded_or_dropped=1, reason_for_drop='Expiry'
DUPE: 2009743162962_Node0_Node8_Zero, Node1 id 2009743162962_Node0_Node8_Zero was a dupe; retransmit: 0, pkt_enqueue_time=2013641959333.0688, pkt_dequeue_time=2013641959333.0688, forwarded_or_dropped=1, reason_for_drop='Expiry'
DUPE: 2008890636163_Node0_Node8_Zero, Node1 id 2008890636163_Node0_Node8_Zero was a dupe; retransmit: 0, pkt_enqueue_time=2013645918987.6143, pkt_dequeue_time=2013645918987.6143, forwarded_or_dropped=1, reason_for_drop='Expiry'
DUPE: 2006710350065_Node0_Node8_Zero, Node1 id 2006710350065_Node0_Node8_Zero was a dupe; retransmit: 0, pkt_enqueue_time=2013649878642.1597, pkt_dequeue_time=2013649878642.1597, forwarded_or_dropped=1, reason_for_drop='Expiry'
DUPE: 2009054586086_Node0_Node8_Zero, Node1 id 2009054586086_Node0_Node8_Zero was a dupe; retransmit: 0, pkt_enqueue_time=2013653858296.705, pkt_dequeue_time=2013653858296.705, forwarded_or_dropped=1, reason_for_drop='Expiry'
DUPE: 2008764948795_Node0_Node8_Zero, Node1 id 2008764948795_Node0_Node8_Zero was a dupe; retransmit: 0, pkt_enqueue_time=2013657857951.2505, pkt_dequeue_time=2013657857951.2505, forwarded_or_dropped=1, reason_for_drop='Expiry'
DUPE: 2008284069282_Node0_Node8_Zero, Node1 id 2008284069282_Node0_Node8_Zero was a dupe; retransmit: 0, pkt_enqueue_time=2013661877605.796, pkt_dequeue_time=2013661877605.796, forwarded_or_dropped=1, reason_for_drop='Expiry'
DUPE: 2009027252529_Node0_Node8_Zero, Node1 id 2009027252529_Node0_Node8_Zero was a dupe; retransmit: 0, pkt_enqueue_time=2013665897260.3413, pkt_dequeue_time=2013665897260.3413, forwarded_or_dropped=1, reason_for_drop='Expiry'
DUPE: 2005202151864_Node0_Node8_Zero, Node1 id 2005202151864_Node0_Node8_Zero was a dupe; retransmit: 0, pkt_enqueue_time=2013669936914.8867, pkt_dequeue_time=2013669936914.8867, forwarded_or_dropped=1, reason_for_drop='Expiry'
DUPE: 2008814131316_Node0_Node8_Zero, Node1 id 2008814131316_Node0_Node8_Zero was a dupe; retransmit: 0, pkt_enqueue_time=2013673996569.4321, pkt_dequeue_time=2013673996569.4321, forwarded_or_dropped=1, reason_for_drop='Expiry'
DUPE: 2006322375562_Node0_Node8_Zero, Node1 id 2006322375562_Node0_Node8_Zero was a dupe; retransmit: 0, pkt_enqueue_time=2013678056223.9775, pkt_dequeue_time=2013678056223.9775, forwarded_or_dropped=1, reason_for_drop='Expiry'
DUPE: 2009950808332_Node0_Node8_Zero, Node1 id 2009950808332_Node0_Node8_Zero was a dupe; retransmit: 0, pkt_enqueue_time=2013682135878.523, pkt_dequeue_time=2013682135878.523, forwarded_or_dropped=1, reason_for_drop='Expiry'
DUPE: 2009672138771_Node0_Node8_Zero, Node1 id 2009672138771_Node0_Node8_Zero was a dupe; retransmit: 0, pkt_enqueue_time=2013686215533.0684, pkt_dequeue_time=2013686215533.0684, forwarded_or_dropped=1, reason_for_drop='Expiry'
DUPE: 2009289578504_Node0_Node8_Zero, Node1 id 2009289578504_Node0_Node8_Zero was a dupe; retransmit: 0, pkt_enqueue_time=2013690295187.6138, pkt_dequeue_time=2013690295187.6138, forwarded_or_dropped=1, reason_for_drop='Expiry'
DUPE: 2008590082978_Node0_Node8_Zero, Node1 id 2008590082978_Node0_Node8_Zero was a dupe; retransmit: 0, pkt_enqueue_time=2013694374842.1592, pkt_dequeue_time=2013694374842.1592, forwarded_or_dropped=1, reason_for_drop='Expiry'
DUPE: 2007071024155_Node0_Node8_Zero, Node1 id 2007071024155_Node0_Node8_Zero was a dupe; retransmit: 0, pkt_enqueue_time=2013698454496.7046, pkt_dequeue_time=2013698454496.7046, forwarded_or_dropped=1, reason_for_drop='Expiry'
DUPE: 2006759525814_Node0_Node8_Zero, Node1 id 2006759525814_Node0_Node8_Zero was a dupe; retransmit: 0, pkt_enqueue_time=2013702534151.25, pkt_dequeue_time=2013702534151.25, forwarded_or_dropped=1, reason_for_drop='Expiry'
DUPE: 2009557359329_Node0_Node8_Zero, Node1 id 2009557359329_Node0_Node8_Zero was a dupe; retransmit: 0, pkt_enqueue_time=2013706633805.7954, pkt_dequeue_time=2013706633805.7954, forwarded_or_dropped=1, reason_for_drop='Expiry'
DUPE: 2009464442877_Node0_Node8_Zero, Node1 id 2009464442877_Node0_Node8_Zero was a dupe; retransmit: 0, pkt_enqueue_time=2013710753460.3408, pkt_dequeue_time=2013710753460.3408, forwarded_or_dropped=1, reason_for_drop='Expiry'
DUPE: 2008305932651_Node0_Node8_Zero, Node1 id 2008305932651_Node0_Node8_Zero was a dupe; retransmit: 0, pkt_enqueue_time=2013714893114.8862, pkt_dequeue_time=2013714893114.8862, forwarded_or_dropped=1, reason_for_drop='Expiry'
DUPE: 2008076451353_Node0_Node8_Zero, Node1 id 2008076451353_Node0_Node8_Zero was a dupe; retransmit: 0, pkt_enqueue_time=2013719032769.4316, pkt_dequeue_time=2013719032769.4316, forwarded_or_dropped=1, reason_for_drop='Expiry'
DUPE: 2007830562010_Node0_Node8_Zero, Node1 id 2007830562010_Node0_Node8_Zero was a dupe; retransmit: 0, pkt_enqueue_time=2013723172423.977, pkt_dequeue_time=2013723172423.977, forwarded_or_dropped=1, reason_for_drop='Expiry'
DUPE: 2005136593387_Node0_Node8_Zero, Node1 id 2005136593387_Node0_Node8_Zero was a dupe; retransmit: 0, pkt_enqueue_time=2013727312078.5225, pkt_dequeue_time=2013727312078.5225, forwarded_or_dropped=1, reason_for_drop='Expiry'
DUPE: 2009907088233_Node0_Node8_Zero, Node1 id 2009907088233_Node0_Node8_Zero was a dupe; retransmit: 0, pkt_enqueue_time=2013731471733.0679, pkt_dequeue_time=2013731471733.0679, forwarded_or_dropped=1, reason_for_drop='Expiry'
DUPE: 2009513644793_Node0_Node8_Zero, Node1 id 2009513644793_Node0_Node8_Zero was a dupe; retransmit: 0, pkt_enqueue_time=2013735631387.6133, pkt_dequeue_time=2013735631387.6133, forwarded_or_dropped=1, reason_for_drop='Expiry'
DUPE: 2009152968535_Node0_Node8_Zero, Node1 id 2009152968535_Node0_Node8_Zero was a dupe; retransmit: 0, pkt_enqueue_time=2013739791042.1587, pkt_dequeue_time=2013739791042.1587, forwarded_or_dropped=1, reason_for_drop='Expiry'
DUPE: 2008917962963_Node0_Node8_Zero, Node1 id 2008917962963_Node0_Node8_Zero was a dupe; retransmit: 0, pkt_enqueue_time=2013743950696.704, pkt_dequeue_time=2013743950696.704, forwarded_or_dropped=1, reason_for_drop='Expiry'
DUPE: 2005584689893_Node0_Node8_Zero, Node1 id 2005584689893_Node0_Node8_Zero was a dupe; retransmit: 0, pkt_enqueue_time=2013748130351.2495, pkt_dequeue_time=2013748130351.2495, forwarded_or_dropped=1, reason_for_drop='Expiry'
DUPE: 2009469907814_Node0_Node8_Zero, Node1 id 2009469907814_Node0_Node8_Zero was a dupe; retransmit: 0, pkt_enqueue_time=2013752310005.795, pkt_dequeue_time=2013752310005.795, forwarded_or_dropped=1, reason_for_drop='Expiry'
DUPE: 2009404340753_Node0_Node8_Zero, Node1 id 2009404340753_Node0_Node8_Zero was a dupe; retransmit: 0, pkt_enqueue_time=2013756529660.3403, pkt_dequeue_time=2013756529660.3403, forwarded_or_dropped=1, reason_for_drop='Expiry'
DUPE: 2008322329823_Node0_Node8_Zero, Node1 id 2008322329823_Node0_Node8_Zero was a dupe; retransmit: 0, pkt_enqueue_time=2013760769314.8857, pkt_dequeue_time=2013760769314.8857, forwarded_or_dropped=1, reason_for_drop='Expiry'
DUPE: 2008278606569_Node0_Node8_Zero, Node1 id 2008278606569_Node0_Node8_Zero was a dupe; retransmit: 0, pkt_enqueue_time=2013765008969.4312, pkt_dequeue_time=2013765008969.4312, forwarded_or_dropped=1, reason_for_drop='Expiry'
DUPE: 2009639345919_Node0_Node8_Zero, Node1 id 2009639345919_Node0_Node8_Zero was a dupe; retransmit: 0, pkt_enqueue_time=2013769268623.9766, pkt_dequeue_time=2013769268623.9766, forwarded_or_dropped=1, reason_for_drop='Expiry'
DUPE: 2009109253493_Node0_Node8_Zero, Node1 id 2009109253493_Node0_Node8_Zero was a dupe; retransmit: 0, pkt_enqueue_time=2013773528278.522, pkt_dequeue_time=2013773528278.522, forwarded_or_dropped=1, reason_for_drop='Expiry'
DUPE: 2004825117091_Node0_Node8_Zero, Node1 id 2004825117091_Node0_Node8_Zero was a dupe; retransmit: 0, pkt_enqueue_time=2013777807933.0674, pkt_dequeue_time=2013777807933.0674, forwarded_or_dropped=1, reason_for_drop='Expiry'
DUPE: 2004469885184_Node0_Node8_Zero, Node1 id 2004469885184_Node0_Node8_Zero was a dupe; retransmit: 0, pkt_enqueue_time=2013782087587.6128, pkt_dequeue_time=2013782087587.6128, forwarded_or_dropped=1, reason_for_drop='Expiry'
DUPE: 2009983598851_Node0_Node8_Zero, Node1 id 2009983598851_Node0_Node8_Zero was a dupe; retransmit: 0, pkt_enqueue_time=2013786367242.1582, pkt_dequeue_time=2013786367242.1582, forwarded_or_dropped=1, reason_for_drop='Expiry'
DUPE: 2008404278286_Node0_Node8_Zero, Node1 id 2008404278286_Node0_Node8_Zero was a dupe; retransmit: 0, pkt_enqueue_time=2013790666896.7036, pkt_dequeue_time=2013790666896.7036, forwarded_or_dropped=1, reason_for_drop='Expiry'
DUPE: 2005524568302_Node0_Node8_Zero, Node1 id 2005524568302_Node0_Node8_Zero was a dupe; retransmit: 0, pkt_enqueue_time=2013794966551.249, pkt_dequeue_time=2013794966551.249, forwarded_or_dropped=1, reason_for_drop='Expiry'
DUPE: 2004519076328_Node0_Node8_Zero, Node1 id 2004519076328_Node0_Node8_Zero was a dupe; retransmit: 0, pkt_enqueue_time=2013799266205.7944, pkt_dequeue_time=2013799266205.7944, forwarded_or_dropped=1, reason_for_drop='Expiry'
DUPE: 2004475354217_Node0_Node8_Zero, Node1 id 2004475354217_Node0_Node8_Zero was a dupe; retransmit: 0, pkt_enqueue_time=2013803565860.3398, pkt_dequeue_time=2013803565860.3398, forwarded_or_dropped=1, reason_for_drop='Expiry'
DUPE: 2003273196081_Node0_Node8_Zero, Node1 id 2003273196081_Node0_Node8_Zero was a dupe; retransmit: 0, pkt_enqueue_time=2013807865514.8853, pkt_dequeue_time=2013807865514.8853, forwarded_or_dropped=1, reason_for_drop='Expiry'
DUPE: 2003218568646_Node0_Node8_Zero, Node1 id 2003218568646_Node0_Node8_Zero was a dupe; retransmit: 0, pkt_enqueue_time=2013812165169.4307, pkt_dequeue_time=2013812165169.4307, forwarded_or_dropped=1, reason_for_drop='Expiry'
DUPE: 2002989060756_Node0_Node8_Zero, Node1 id 2002989060756_Node0_Node8_Zero was a dupe; retransmit: 0, pkt_enqueue_time=2013816464823.976, pkt_dequeue_time=2013816464823.976, forwarded_or_dropped=1, reason_for_drop='Expiry'
DUPE: 2002672145115_Node0_Node8_Zero, Node1 id 2002672145115_Node0_Node8_Zero was a dupe; retransmit: 0, pkt_enqueue_time=2013820764478.5215, pkt_dequeue_time=2013820764478.5215, forwarded_or_dropped=1, reason_for_drop='Expiry'
DUPE: 2009868824038_Node0_Node8_Zero, Node1 id 2009868824038_Node0_Node8_Zero was a dupe; retransmit: 0, pkt_enqueue_time=2013825084133.067, pkt_dequeue_time=2013825084133.067, forwarded_or_dropped=1, reason_for_drop='Expiry'
DUPE: 2009305968002_Node0_Node8_Zero, Node1 id 2009305968002_Node0_Node8_Zero was a dupe; retransmit: 0, pkt_enqueue_time=2013829403787.6123, pkt_dequeue_time=2013829403787.6123, forwarded_or_dropped=1, reason_for_drop='Expiry'
DUPE: 2007371577827_Node0_Node8_Zero, Node1 id 2007371577827_Node0_Node8_Zero was a dupe; retransmit: 0, pkt_enqueue_time=2013833723442.1577, pkt_dequeue_time=2013833723442.1577, forwarded_or_dropped=1, reason_for_drop='Expiry'
DUPE: 2004060070005_Node0_Node8_Zero, Node1 id 2004060070005_Node0_Node8_Zero was a dupe; retransmit: 0, pkt_enqueue_time=2013838043096.7031, pkt_dequeue_time=2013838043096.7031, forwarded_or_dropped=1, reason_for_drop='Expiry'
DUPE: 2003764979618_Node0_Node8_Zero, Node1 id 2003764979618_Node0_Node8_Zero was a dupe; retransmit: 0, pkt_enqueue_time=2013842362751.2485, pkt_dequeue_time=2013842362751.2485, forwarded_or_dropped=1, reason_for_drop='Expiry'
DUPE: 2002573774118_Node0_Node8_Zero, Node1 id 2002573774118_Node0_Node8_Zero was a dupe; retransmit: 0, pkt_enqueue_time=2013846682405.794, pkt_dequeue_time=2013846682405.794, forwarded_or_dropped=1, reason_for_drop='Expiry'
DUPE: 2002628424676_Node0_Node8_Zero, Node1 id 2002628424676_Node0_Node8_Zero was a dupe; retransmit: 0, pkt_enqueue_time=2013851022060.3394, pkt_dequeue_time=2013851022060.3394, forwarded_or_dropped=1, reason_for_drop='Expiry'
DUPE: 2008016343181_Node0_Node8_Zero, Node1 id 2008016343181_Node0_Node8_Zero was a dupe; retransmit: 0, pkt_enqueue_time=2013855361714.8848, pkt_dequeue_time=2013855361714.8848, forwarded_or_dropped=1, reason_for_drop='Expiry'
DUPE: 2007819636259_Node0_Node8_Zero, Node1 id 2007819636259_Node0_Node8_Zero was a dupe; retransmit: 0, pkt_enqueue_time=2013859701369.4302, pkt_dequeue_time=2013859701369.4302, forwarded_or_dropped=1, reason_for_drop='Expiry'
DUPE: 2003989024858_Node0_Node8_Zero, Node1 id 2003989024858_Node0_Node8_Zero was a dupe; retransmit: 0, pkt_enqueue_time=2013864041023.9756, pkt_dequeue_time=2013864041023.9756, forwarded_or_dropped=1, reason_for_drop='Expiry'
DUPE: 2003737658431_Node0_Node8_Zero, Node1 id 2003737658431_Node0_Node8_Zero was a dupe; retransmit: 0, pkt_enqueue_time=2013868380678.521, pkt_dequeue_time=2013868380678.521, forwarded_or_dropped=1, reason_for_drop='Expiry'
DUPE: 2003295048272_Node0_Node8_Zero, Node1 id 2003295048272_Node0_Node8_Zero was a dupe; retransmit: 0, pkt_enqueue_time=2013872720333.0664, pkt_dequeue_time=2013872720333.0664, forwarded_or_dropped=1, reason_for_drop='Expiry'
DUPE: 2003114746183_Node0_Node8_Zero, Node1 id 2003114746183_Node0_Node8_Zero was a dupe; retransmit: 0, pkt_enqueue_time=2013877079987.6118, pkt_dequeue_time=2013877079987.6118, forwarded_or_dropped=1, reason_for_drop='Expiry'
DUPE: 2009601094473_Node0_Node8_Zero, Node1 id 2009601094473_Node0_Node8_Zero was a dupe; retransmit: 0, pkt_enqueue_time=2013881439642.1572, pkt_dequeue_time=2013881439642.1572, forwarded_or_dropped=1, reason_for_drop='Expiry'
DUPE: 2005693975776_Node0_Node8_Zero, Node1 id 2005693975776_Node0_Node8_Zero was a dupe; retransmit: 0, pkt_enqueue_time=2013885799296.7026, pkt_dequeue_time=2013885799296.7026, forwarded_or_dropped=1, reason_for_drop='Expiry'
DUPE: 2004639288016_Node0_Node8_Zero, Node1 id 2004639288016_Node0_Node8_Zero was a dupe; retransmit: 0, pkt_enqueue_time=2013890158951.248, pkt_dequeue_time=2013890158951.248, forwarded_or_dropped=1, reason_for_drop='Expiry'
DUPE: 2004311437138_Node0_Node8_Zero, Node1 id 2004311437138_Node0_Node8_Zero was a dupe; retransmit: 0, pkt_enqueue_time=2013894518605.7935, pkt_dequeue_time=2013894518605.7935, forwarded_or_dropped=1, reason_for_drop='Expiry'
DUPE: 2003174840632_Node0_Node8_Zero, Node1 id 2003174840632_Node0_Node8_Zero was a dupe; retransmit: 0, pkt_enqueue_time=2013898898260.3389, pkt_dequeue_time=2013898898260.3389, forwarded_or_dropped=1, reason_for_drop='Expiry'
DUPE: 2002868875184_Node0_Node8_Zero, Node1 id 2002868875184_Node0_Node8_Zero was a dupe; retransmit: 0, pkt_enqueue_time=2013903297914.8843, pkt_dequeue_time=2013903297914.8843, forwarded_or_dropped=1, reason_for_drop='Expiry'
DUPE: 2004562767667_Node0_Node8_Zero, Node1 id 2004562767667_Node0_Node8_Zero was a dupe; retransmit: 0, pkt_enqueue_time=2013907717569.4297, pkt_dequeue_time=2013907717569.4297, forwarded_or_dropped=1, reason_for_drop='Expiry'
DUPE: 2003546419136_Node0_Node8_Zero, Node1 id 2003546419136_Node0_Node8_Zero was a dupe; retransmit: 0, pkt_enqueue_time=2013912177223.975, pkt_dequeue_time=2013912177223.975, forwarded_or_dropped=1, reason_for_drop='Expiry'
DUPE: 2008005409327_Node0_Node8_Zero, Node1 id 2008005409327_Node0_Node8_Zero was a dupe; retransmit: 0, pkt_enqueue_time=2013916676878.5205, pkt_dequeue_time=2013916676878.5205, forwarded_or_dropped=1, reason_for_drop='Expiry'
DUPE: 2003863332205_Node0_Node8_Zero, Node1 id 2003863332205_Node0_Node8_Zero was a dupe; retransmit: 0, pkt_enqueue_time=2013921196533.066, pkt_dequeue_time=2013921196533.066, forwarded_or_dropped=1, reason_for_drop='Expiry'
DUPE: 2003355151712_Node0_Node8_Zero, Node1 id 2003355151712_Node0_Node8_Zero was a dupe; retransmit: 0, pkt_enqueue_time=2013925736187.6113, pkt_dequeue_time=2013925736187.6113, forwarded_or_dropped=1, reason_for_drop='Expiry'
DUPE: 2002918039858_Node0_Node8_Zero, Node1 id 2002918039858_Node0_Node8_Zero was a dupe; retransmit: 0, pkt_enqueue_time=2013930295842.1567, pkt_dequeue_time=2013930295842.1567, forwarded_or_dropped=1, reason_for_drop='Expiry'
DUPE: 2004262247912_Node0_Node8_Zero, Node1 id 2004262247912_Node0_Node8_Zero was a dupe; retransmit: 0, pkt_enqueue_time=2013934895496.7021, pkt_dequeue_time=2013934895496.7021, forwarded_or_dropped=1, reason_for_drop='Expiry'
DUPE: 2004174799783_Node0_Node8_Zero, Node1 id 2004174799783_Node0_Node8_Zero was a dupe; retransmit: 0, pkt_enqueue_time=2013939495151.2476, pkt_dequeue_time=2013939495151.2476, forwarded_or_dropped=1, reason_for_drop='Expiry'
DUPE: 2003519092534_Node0_Node8_Zero, Node1 id 2003519092534_Node0_Node8_Zero was a dupe; retransmit: 0, pkt_enqueue_time=2013944094805.793, pkt_dequeue_time=2013944094805.793, forwarded_or_dropped=1, reason_for_drop='Expiry'
DUPE: 2003387948120_Node0_Node8_Zero, Node1 id 2003387948120_Node0_Node8_Zero was a dupe; retransmit: 0, pkt_enqueue_time=2013948694460.3384, pkt_dequeue_time=2013948694460.3384, forwarded_or_dropped=1, reason_for_drop='Expiry'
DUPE: 2008409744535_Node0_Node8_Zero, Node1 id 2008409744535_Node0_Node8_Zero was a dupe; retransmit: 0, pkt_enqueue_time=2013953314114.8838, pkt_dequeue_time=2013953314114.8838, forwarded_or_dropped=1, reason_for_drop='Expiry'
DUPE: 2004677556687_Node0_Node8_Zero, Node1 id 2004677556687_Node0_Node8_Zero was a dupe; retransmit: 0, pkt_enqueue_time=2013957933769.4292, pkt_dequeue_time=2013957933769.4292, forwarded_or_dropped=1, reason_for_drop='Expiry'
DUPE: 2003715807729_Node0_Node8_Zero, Node1 id 2003715807729_Node0_Node8_Zero was a dupe; retransmit: 0, pkt_enqueue_time=2013962573423.9746, pkt_dequeue_time=2013962573423.9746, forwarded_or_dropped=1, reason_for_drop='Expiry'
DUPE: 2002967200126_Node0_Node8_Zero, Node1 id 2002967200126_Node0_Node8_Zero was a dupe; retransmit: 0, pkt_enqueue_time=2013967233078.52, pkt_dequeue_time=2013967233078.52, forwarded_or_dropped=1, reason_for_drop='Expiry'
DUPE: 2009377005797_Node0_Node8_Zero, Node1 id 2009377005797_Node0_Node8_Zero was a dupe; retransmit: 0, pkt_enqueue_time=2013971892733.0654, pkt_dequeue_time=2013971892733.0654, forwarded_or_dropped=1, reason_for_drop='Expiry'
DUPE: 2004289577337_Node0_Node8_Zero, Node1 id 2004289577337_Node0_Node8_Zero was a dupe; retransmit: 0, pkt_enqueue_time=2013976552387.6108, pkt_dequeue_time=2013976552387.6108, forwarded_or_dropped=1, reason_for_drop='Expiry'
DUPE: 2004437101828_Node0_Node8_Zero, Node1 id 2004437101828_Node0_Node8_Zero was a dupe; retransmit: 0, pkt_enqueue_time=2013981232042.1562, pkt_dequeue_time=2013981232042.1562, forwarded_or_dropped=1, reason_for_drop='Expiry'
DUPE: 2004322360143_Node0_Node8_Zero, Node1 id 2004322360143_Node0_Node8_Zero was a dupe; retransmit: 0, pkt_enqueue_time=2013985911696.7017, pkt_dequeue_time=2013985911696.7017, forwarded_or_dropped=1, reason_for_drop='Expiry'
DUPE: 2004202134151_Node0_Node8_Zero, Node1 id 2004202134151_Node0_Node8_Zero was a dupe; retransmit: 0, pkt_enqueue_time=2013990611351.247, pkt_dequeue_time=2013990611351.247, forwarded_or_dropped=1, reason_for_drop='Expiry'
DUPE: 2003579202120_Node0_Node8_Zero, Node1 id 2003579202120_Node0_Node8_Zero was a dupe; retransmit: 0, pkt_enqueue_time=2013995311005.7925, pkt_dequeue_time=2013995311005.7925, forwarded_or_dropped=1, reason_for_drop='Expiry'

Total number of generated packets: 1825
Total number of delivered packets: 1825 # Use all_stats.csv to check PDR
Average number of packets genetated every second: 130.35714285714286
Average number of packets delivered every second: 130.35714285714286
Standard deviation of packets genetated every second: 107.00975065242362
Standard deviation of packets delivered every second: 104.45819884586587
Average number of packets genetated every millisecond: 0.13035714285714287
Average number of packets delivered every millisecond: 0.13035714285714287
Standard deviation of packets genetated every millisecond: 0.33796641995974713
Standard deviation of packets delivered every millisecond: 0.33859987071612946
Average delay: 2510.2731882933417
Standard deviation of delay: 1855.3758635485806
Minimum delay: 0.6434359999839216
Maximum delay: 11106.153924548766
Total number of retransmissions: 4944
Node0
Avg Received Power: 1.35e-14, Node1: [Avg:9.13e-13, Max:1.79e-12, Min:5.26e-13], Node2: [Avg:2.22e-13, Max:3.98e-13, Min:1.31e-13], Node3: [Avg:1.10e-13, Max:1.98e-13, Min:6.45e-14], Node4: [Avg:6.39e-14, Max:1.19e-13, Min:3.29e-14], Node5: [Avg:2.98e-14, Max:6.20e-14, Min:2.10e-14], Node6: [Avg:1.63e-14, Max:2.50e-14, Min:1.46e-14], Node7: [Avg:1.28e-14, Max:1.55e-14, Min:1.10e-14], 
Avg INTF: 2.38e-13, Node1: [Avg:9.13e-13, Max:1.79e-12, Min:5.26e-13], Node2: [Avg:2.22e-13, Max:3.98e-13, Min:1.31e-13], Node3: [Avg:1.10e-13, Max:1.98e-13, Min:6.45e-14], Node4: [Avg:6.39e-14, Max:1.19e-13, Min:3.29e-14], Node5: [Avg:2.98e-14, Max:6.20e-14, Min:2.10e-14], Node6: [Avg:1.63e-14, Max:2.50e-14, Min:1.46e-14], Node7: [Avg:1.28e-14, Max:1.55e-14, Min:1.10e-14], 
Self Tx power: RTS: (Avg: 0.0086, Min: 0.0077, Max: 0.0280), CTS: (Avg: 0.0079, Min: 0.0077, Max: 0.0201), ACK: (Avg: nan, Min: inf, Max: -inf), Data: (Avg: 0.0063, Min: 0.0053, Max: 0.0280)
CTS retry: 86, ACK retry: 4107, # Receiver Drops: 1, # Pkts Receiver Drops: 1, # Sent ACKs: 0, # Pkts ACK sent for: 0, # Retransmissions: 4193, # Pkts Retransmitted: 4207, # Receptions: 0, # Pkts Received: 0, # Forwards: 197, # Pkts Forwarded: 307

Node1
Avg Received Power: 4.19e-13, Node0: [Avg:5.83e-13, Max:2.76e-12, Min:5.26e-13], Node2: [Avg:9.18e-13, Max:1.59e-12, Min:5.26e-13], Node3: [Avg:2.47e-13, Max:4.47e-13, Min:1.45e-13], Node4: [Avg:1.08e-13, Max:2.12e-13, Min:5.84e-14], Node5: [Avg:4.63e-14, Max:9.69e-14, Min:3.29e-14], Node6: [Avg:2.39e-14, Max:3.60e-14, Min:2.10e-14], Node7: [Avg:1.72e-14, Max:2.10e-14, Min:1.50e-14], 
Avg INTF: 2.33e-13, Node2: [Avg:9.18e-13, Max:1.59e-12, Min:5.26e-13], Node3: [Avg:2.47e-13, Max:4.47e-13, Min:1.45e-13], Node4: [Avg:1.08e-13, Max:2.12e-13, Min:5.84e-14], Node5: [Avg:4.63e-14, Max:9.69e-14, Min:3.29e-14], Node6: [Avg:2.39e-14, Max:3.60e-14, Min:2.10e-14], Node7: [Avg:1.72e-14, Max:2.10e-14, Min:1.50e-14], 
Self Tx power: RTS: (Avg: 0.0122, Min: 0.0077, Max: 0.0201), CTS: (Avg: 0.0133, Min: 0.0077, Max: 0.0201), ACK: (Avg: 0.0077, Min: 0.0077, Max: 0.0077), Data: (Avg: 0.0093, Min: 0.0053, Max: 0.0201)
CTS retry: 38, ACK retry: 83, # Receiver Drops: 86, # Pkts Receiver Drops: 96, # Sent ACKs: 5376, # Pkts ACK sent for: 5488, # Retransmissions: 121, # Pkts Retransmitted: 121, # Receptions: 5376, # Pkts Received: 5488, # Forwards: 0, # Pkts Forwarded: 0

Node2
Avg Received Power: 1.28e-13, Node0: [Avg:1.46e-13, Max:6.91e-13, Min:1.31e-13], Node1: [Avg:9.22e-13, Max:1.79e-12, Min:5.26e-13], Node3: [Avg:9.86e-13, Max:1.79e-12, Min:5.81e-13], Node4: [Avg:2.51e-13, Max:4.77e-13, Min:1.31e-13], Node5: [Avg:8.09e-14, Max:1.72e-13, Min:5.84e-14], Node6: [Avg:3.74e-14, Max:5.63e-14, Min:3.29e-14], Node7: [Avg:2.48e-14, Max:3.03e-14, Min:2.16e-14], 
Avg INTF: 1.56e-13, Node0: [Avg:1.46e-13, Max:6.91e-13, Min:1.31e-13], Node3: [Avg:9.86e-13, Max:1.79e-12, Min:5.81e-13], Node4: [Avg:2.51e-13, Max:4.77e-13, Min:1.31e-13], Node5: [Avg:8.09e-14, Max:1.72e-13, Min:5.84e-14], Node6: [Avg:3.74e-14, Max:5.63e-14, Min:3.29e-14], Node7: [Avg:2.48e-14, Max:3.03e-14, Min:2.16e-14], 
Self Tx power: RTS: (Avg: 0.0119, Min: 0.0077, Max: 0.0201), CTS: (Avg: 0.0123, Min: 0.0077, Max: 0.0201), ACK: (Avg: 0.0077, Min: 0.0077, Max: 0.0077), Data: (Avg: 0.0090, Min: 0.0053, Max: 0.0201)
CTS retry: 25, ACK retry: 80, # Receiver Drops: 46, # Pkts Receiver Drops: 46, # Sent ACKs: 48, # Pkts ACK sent for: 48, # Retransmissions: 105, # Pkts Retransmitted: 105, # Receptions: 48, # Pkts Received: 48, # Forwards: 0, # Pkts Forwarded: 0

Node3
Avg Received Power: 7.28e-14, Node0: [Avg:6.45e-14, Max:3.07e-13, Min:5.84e-14], Node1: [Avg:2.35e-13, Max:4.47e-13, Min:1.31e-13], Node2: [Avg:9.16e-13, Max:1.59e-12, Min:5.26e-13], Node4: [Avg:9.97e-13, Max:1.91e-12, Min:5.26e-13], Node5: [Avg:1.84e-13, Max:3.88e-13, Min:1.31e-13], Node6: [Avg:6.63e-14, Max:1.00e-13, Min:5.84e-14], Node7: [Avg:3.93e-14, Max:4.73e-14, Min:3.38e-14], 
Avg INTF: 8.38e-14, Node0: [Avg:6.45e-14, Max:3.07e-13, Min:5.84e-14], Node1: [Avg:2.35e-13, Max:4.47e-13, Min:1.31e-13], Node4: [Avg:9.97e-13, Max:1.91e-12, Min:5.26e-13], Node5: [Avg:1.84e-13, Max:3.88e-13, Min:1.31e-13], Node6: [Avg:6.63e-14, Max:1.00e-13, Min:5.84e-14], Node7: [Avg:3.93e-14, Max:4.73e-14, Min:3.38e-14], 
Self Tx power: RTS: (Avg: 0.0120, Min: 0.0077, Max: 0.0201), CTS: (Avg: 0.0120, Min: 0.0077, Max: 0.0201), ACK: (Avg: 0.0077, Min: 0.0077, Max: 0.0077), Data: (Avg: 0.0089, Min: 0.0053, Max: 0.0189)
CTS retry: 23, ACK retry: 82, # Receiver Drops: 34, # Pkts Receiver Drops: 34, # Sent ACKs: 54, # Pkts ACK sent for: 54, # Retransmissions: 105, # Pkts Retransmitted: 105, # Receptions: 54, # Pkts Received: 54, # Forwards: 0, # Pkts Forwarded: 0

Node4
Avg Received Power: 5.18e-14, Node0: [Avg:3.64e-14, Max:1.73e-13, Min:3.29e-14], Node1: [Avg:1.03e-13, Max:1.98e-13, Min:5.84e-14], Node2: [Avg:2.31e-13, Max:3.98e-13, Min:1.31e-13], Node3: [Avg:9.83e-13, Max:1.79e-12, Min:5.81e-13], Node5: [Avg:7.24e-13, Max:1.55e-12, Min:5.26e-13], Node6: [Avg:1.50e-13, Max:2.25e-13, Min:1.31e-13], Node7: [Avg:6.90e-14, Max:8.41e-14, Min:6.01e-14], 
Avg INTF: 5.37e-14, Node0: [Avg:3.64e-14, Max:1.73e-13, Min:3.29e-14], Node1: [Avg:1.03e-13, Max:1.98e-13, Min:5.84e-14], Node2: [Avg:2.31e-13, Max:3.98e-13, Min:1.31e-13], Node5: [Avg:7.24e-13, Max:1.55e-12, Min:5.26e-13], Node6: [Avg:1.50e-13, Max:2.25e-13, Min:1.31e-13], Node7: [Avg:6.90e-14, Max:8.41e-14, Min:6.01e-14], 
Self Tx power: RTS: (Avg: 0.0120, Min: 0.0077, Max: 0.0201), CTS: (Avg: 0.0112, Min: 0.0077, Max: 0.0201), ACK: (Avg: 0.0077, Min: 0.0077, Max: 0.0077), Data: (Avg: 0.0088, Min: 0.0053, Max: 0.0201)
CTS retry: 22, ACK retry: 83, # Receiver Drops: 36, # Pkts Receiver Drops: 36, # Sent ACKs: 61, # Pkts ACK sent for: 61, # Retransmissions: 105, # Pkts Retransmitted: 105, # Receptions: 61, # Pkts Received: 61, # Forwards: 0, # Pkts Forwarded: 0

Node5
Avg Received Power: 4.21e-14, Node0: [Avg:2.32e-14, Max:1.10e-13, Min:2.10e-14], Node1: [Avg:5.87e-14, Max:1.12e-13, Min:3.29e-14], Node2: [Avg:1.01e-13, Max:1.77e-13, Min:5.84e-14], Node3: [Avg:2.50e-13, Max:4.47e-13, Min:1.45e-13], Node4: [Avg:1.00e-12, Max:1.91e-12, Min:5.26e-13], Node6: [Avg:5.98e-13, Max:9.00e-13, Min:5.26e-13], Node7: [Avg:1.57e-13, Max:1.89e-13, Min:1.35e-13], 
Avg INTF: 4.02e-14, Node0: [Avg:2.32e-14, Max:1.10e-13, Min:2.10e-14], Node1: [Avg:5.87e-14, Max:1.12e-13, Min:3.29e-14], Node2: [Avg:1.01e-13, Max:1.77e-13, Min:5.84e-14], Node3: [Avg:2.50e-13, Max:4.47e-13, Min:1.45e-13], Node6: [Avg:5.98e-13, Max:9.00e-13, Min:5.26e-13], Node7: [Avg:1.57e-13, Max:1.89e-13, Min:1.35e-13], 
Self Tx power: RTS: (Avg: 0.0115, Min: 0.0077, Max: 0.0201), CTS: (Avg: 0.0114, Min: 0.0077, Max: 0.0201), ACK: (Avg: 0.0077, Min: 0.0077, Max: 0.0077), Data: (Avg: 0.0086, Min: 0.0053, Max: 0.0201)
CTS retry: 22, ACK retry: 83, # Receiver Drops: 18, # Pkts Receiver Drops: 18, # Sent ACKs: 74, # Pkts ACK sent for: 74, # Retransmissions: 105, # Pkts Retransmitted: 105, # Receptions: 74, # Pkts Received: 74, # Forwards: 0, # Pkts Forwarded: 0

Node6
Avg Received Power: 3.38e-14, Node0: [Avg:1.62e-14, Max:7.67e-14, Min:1.46e-14], Node1: [Avg:3.65e-14, Max:7.14e-14, Min:2.10e-14], Node2: [Avg:5.89e-14, Max:9.95e-14, Min:3.29e-14], Node3: [Avg:1.07e-13, Max:1.98e-13, Min:6.45e-14], Node4: [Avg:2.52e-13, Max:4.77e-13, Min:1.31e-13], Node5: [Avg:7.25e-13, Max:1.55e-12, Min:5.26e-13], Node7: [Avg:6.23e-13, Max:7.57e-13, Min:5.41e-13], 
Avg INTF: 3.33e-14, Node0: [Avg:1.62e-14, Max:7.67e-14, Min:1.46e-14], Node1: [Avg:3.65e-14, Max:7.14e-14, Min:2.10e-14], Node2: [Avg:5.89e-14, Max:9.95e-14, Min:3.29e-14], Node3: [Avg:1.07e-13, Max:1.98e-13, Min:6.45e-14], Node4: [Avg:2.52e-13, Max:4.77e-13, Min:1.31e-13], Node7: [Avg:6.23e-13, Max:7.57e-13, Min:5.41e-13], 
Self Tx power: RTS: (Avg: 0.0085, Min: 0.0077, Max: 0.0137), CTS: (Avg: 0.0101, Min: 0.0077, Max: 0.0201), ACK: (Avg: 0.0077, Min: 0.0077, Max: 0.0077), Data: (Avg: 0.0059, Min: 0.0053, Max: 0.0095)
CTS retry: 9, ACK retry: 89, # Receiver Drops: 42, # Pkts Receiver Drops: 42, # Sent ACKs: 59, # Pkts ACK sent for: 59, # Retransmissions: 98, # Pkts Retransmitted: 98, # Receptions: 59, # Pkts Received: 59, # Forwards: 0, # Pkts Forwarded: 0

Node7
Avg Received Power: 2.01e-14, Node0: [Avg:1.18e-14, Max:5.64e-14, Min:1.07e-14], Node1: [Avg:2.54e-14, Max:4.96e-14, Min:1.46e-14], Node2: [Avg:3.62e-14, Max:6.37e-14, Min:2.10e-14], Node3: [Avg:6.01e-14, Max:1.12e-13, Min:3.63e-14], Node4: [Avg:1.12e-13, Max:2.12e-13, Min:5.84e-14], Node5: [Avg:1.84e-13, Max:3.88e-13, Min:1.31e-13], Node6: [Avg:5.98e-13, Max:9.00e-13, Min:5.26e-13], 
Avg INTF: 1.67e-14, Node0: [Avg:1.18e-14, Max:5.64e-14, Min:1.07e-14], Node1: [Avg:2.54e-14, Max:4.96e-14, Min:1.46e-14], Node2: [Avg:3.62e-14, Max:6.37e-14, Min:2.10e-14], Node3: [Avg:6.01e-14, Max:1.12e-13, Min:3.63e-14], Node4: [Avg:1.12e-13, Max:2.12e-13, Min:5.84e-14], Node5: [Avg:1.84e-13, Max:3.88e-13, Min:1.31e-13], 
Self Tx power: RTS: (Avg: 0.0087, Min: 0.0077, Max: 0.0122), CTS: (Avg: 0.0095, Min: 0.0077, Max: 0.0201), ACK: (Avg: 0.0077, Min: 0.0077, Max: 0.0077), Data: (Avg: 0.0060, Min: 0.0053, Max: 0.0085)
CTS retry: 1, ACK retry: 97, # Receiver Drops: 7, # Pkts Receiver Drops: 7, # Sent ACKs: 98, # Pkts ACK sent for: 98, # Retransmissions: 98, # Pkts Retransmitted: 98, # Receptions: 98, # Pkts Received: 98, # Forwards: 0, # Pkts Forwarded: 0

Node8
Avg Received Power: 2.00e-14, Node0: [Avg:9.11e-15, Max:4.32e-14, Min:8.22e-15], Node1: [Avg:1.88e-14, Max:3.64e-14, Min:1.07e-14], Node2: [Avg:2.55e-14, Max:4.42e-14, Min:1.46e-14], Node3: [Avg:3.92e-14, Max:7.14e-14, Min:2.32e-14], Node4: [Avg:6.22e-14, Max:1.19e-13, Min:3.29e-14], Node5: [Avg:8.05e-14, Max:1.72e-13, Min:5.84e-14], Node6: [Avg:1.50e-13, Max:2.25e-13, Min:1.31e-13], Node7: [Avg:6.23e-13, Max:7.57e-13, Min:5.41e-13], 
Avg INTF: 1.44e-14, Node0: [Avg:9.11e-15, Max:4.32e-14, Min:8.22e-15], Node1: [Avg:1.88e-14, Max:3.64e-14, Min:1.07e-14], Node2: [Avg:2.55e-14, Max:4.42e-14, Min:1.46e-14], Node3: [Avg:3.92e-14, Max:7.14e-14, Min:2.32e-14], Node4: [Avg:6.22e-14, Max:1.19e-13, Min:3.29e-14], Node5: [Avg:8.05e-14, Max:1.72e-13, Min:5.84e-14], Node6: [Avg:1.50e-13, Max:2.25e-13, Min:1.31e-13], 
Self Tx power: RTS: (Avg: nan, Min: inf, Max: -inf), CTS: (Avg: nan, Min: inf, Max: -inf), ACK: (Avg: 0.0077, Min: 0.0077, Max: 0.0077), Data: (Avg: nan, Min: inf, Max: -inf)
CTS retry: 0, ACK retry: 0, # Receiver Drops: 2, # Pkts Receiver Drops: 2, # Sent ACKs: 109, # Pkts ACK sent for: 109, # Retransmissions: 0, # Pkts Retransmitted: 0, # Receptions: 109, # Pkts Received: 109, # Forwards: 0, # Pkts Forwarded: 0

Node9
Avg Received Power: 1.07e-13, Node0: [Avg:1.46e-13, Max:6.91e-13, Min:1.31e-13], Node1: [Avg:1.84e-13, Max:3.57e-13, Min:1.05e-13], Node2: [Avg:1.15e-13, Max:1.99e-13, Min:6.57e-14], Node3: [Avg:7.53e-14, Max:1.37e-13, Min:4.47e-14], Node4: [Avg:4.98e-14, Max:9.54e-14, Min:2.63e-14], Node5: [Avg:2.50e-14, Max:5.35e-14, Min:1.81e-14], Node6: [Avg:1.50e-14, Max:2.25e-14, Min:1.31e-14], Node7: [Avg:1.18e-14, Max:1.43e-14, Min:1.02e-14], 
Avg INTF: 1.37e-13, Node0: [Avg:1.46e-13, Max:6.91e-13, Min:1.31e-13], Node1: [Avg:1.84e-13, Max:3.57e-13, Min:1.05e-13], Node2: [Avg:1.15e-13, Max:1.99e-13, Min:6.57e-14], Node3: [Avg:7.53e-14, Max:1.37e-13, Min:4.47e-14], Node4: [Avg:4.98e-14, Max:9.54e-14, Min:2.63e-14], Node5: [Avg:2.50e-14, Max:5.35e-14, Min:1.81e-14], Node6: [Avg:1.50e-14, Max:2.25e-14, Min:1.31e-14], Node7: [Avg:1.18e-14, Max:1.43e-14, Min:1.02e-14], 
Self Tx power: RTS: (Avg: nan, Min: inf, Max: -inf), CTS: (Avg: nan, Min: inf, Max: -inf), ACK: (Avg: nan, Min: inf, Max: -inf), Data: (Avg: nan, Min: inf, Max: -inf)
CTS retry: 0, ACK retry: 0, # Receiver Drops: 0, # Pkts Receiver Drops: 0, # Sent ACKs: 0, # Pkts ACK sent for: 0, # Retransmissions: 0, # Pkts Retransmitted: 0, # Receptions: 0, # Pkts Received: 0, # Forwards: 0, # Pkts Forwarded: 0

